hour,rc_heating_demand_kwh_h,simstadt_heating_demand_kwh_h,diff_heating_kwh_h
1,0.0,1847.1000000000008,-1847.1000000000008
2,0.0,1896.4,-1896.4
3,0.0,1994.5000000000007,-1994.5000000000007
4,0.0,1958.8000000000002,-1958.8000000000002
5,0.2511787958445913,1991.0000000000005,-1990.7488212041558
6,1.1016642790338214,1998.7000000000003,-1997.5983357209664
7,4.249200637670776,1958.3000000000002,-1954.0507993623294
8,1941.2989402017845,2408.999999999999,-467.7010597982146
9,1968.1171272276456,2425.0,-456.8828727723544
10,1902.700140126113,2285.6000000000004,-382.8998598738874
11,1872.6659077071972,2294.4999999999995,-421.8340922928023
12,1762.5870611719968,2160.6999999999994,-398.1129388280026
13,1680.9513159744304,2094.9999999999986,-414.04868402556826
14,1633.1490099567404,2108.4999999999995,-475.3509900432591
15,1613.9426845400717,2101.899999999999,-487.9573154599275
16,1629.3743242622982,2164.4999999999986,-535.1256757377005
17,1708.1382415145572,2299.9,-591.7617584854429
18,1822.3942461570175,2484.2999999999993,-661.9057538429818
19,1927.601010928848,2649.900000000002,-722.298989071154
20,1988.3680620848247,2694.099999999999,-705.7319379151743
21,2040.617550145581,2720.599999999998,-679.9824498544172
22,2115.4746735485837,2807.9000000000005,-692.4253264514168
23,2181.841190687748,2872.499999999999,-690.6588093122509
24,2265.499374640905,2977.2000000000003,-711.7006253590953
25,112.31024612620698,2602.0,-2489.689753873793
26,228.1935790224869,2524.7,-2296.506420977513
27,383.9356185443127,2543.599999999998,-2159.6643814556855
28,536.3426866574728,2545.2999999999993,-2008.9573133425265
29,665.3844452775804,2510.4999999999995,-1845.1155547224191
30,775.6588422300413,2461.400000000001,-1685.7411577699597
31,914.7996396956838,2518.7,-1603.900360304316
32,3361.348396747251,3027.2000000000003,334.1483967472509
33,3283.968407706232,2947.199999999999,336.7684077062331
34,3196.835333071615,2892.100000000001,304.73533307161415
35,3115.358862073116,2798.099999999999,317.25886207311714
36,2952.98566866157,2684.2000000000003,268.7856686615696
37,2864.337208162912,2624.999999999999,239.3372081629127
38,2736.5069232212427,2596.8,139.7069232212425
39,2625.6528306255223,2505.7999999999997,119.85283062552253
40,2635.27201827978,2564.2000000000003,71.07201827977951
41,2650.166348310516,2677.3,-27.133651689484395
42,2689.6147179715244,2797.4999999999995,-107.8852820284751
43,2690.675189622671,2819.2000000000007,-128.5248103773297
44,2688.6033102988176,2828.1,-139.49668970118228
45,2698.614751008319,2864.0,-165.38524899168078
46,2698.314536751602,2869.7999999999993,-171.48546324839708
47,2699.492999585036,2877.8999999999987,-178.40700041496257
48,2698.3597262917465,2880.199999999999,-181.84027370825243
49,388.4687783454178,2409.899999999999,-2021.4312216545813
50,530.4720236323454,2403.4000000000005,-1872.927976367655
51,670.8210317200299,2422.6,-1751.77896827997
52,818.8401778255912,2480.8,-1661.959822174409
53,947.6031504743928,2508.1999999999994,-1560.5968495256066
54,1041.9909097218342,2470.0000000000023,-1428.009090278168
55,1177.0988318910515,2557.4999999999995,-1380.401168108948
56,3572.0071678253066,2983.5999999999995,588.4071678253072
57,3494.8596821395527,2954.7999999999997,540.0596821395529
58,3426.233812218356,2973.0999999999995,453.1338122183565
59,3330.1815209498245,2892.800000000001,437.3815209498234
60,3194.328197328273,2866.2,328.128197328273
61,3030.3192730611954,2745.1000000000004,285.21927306119505
62,2891.3483177881817,2679.4,211.9483177881816
63,2790.050775844229,2629.899999999999,160.15077584422988
64,2734.8630545032406,2619.7,115.1630545032408
65,2725.0836981535954,2650.500000000002,74.58369815359356
66,2749.394757737526,2754.400000000001,-5.005242262474894
67,2772.16021870405,2849.2000000000016,-77.0397812959518
68,2790.3789316539164,2916.2000000000007,-125.8210683460843
69,2821.5629414819227,3004.599999999999,-183.03705851807626
70,2848.543929102236,3071.9000000000015,-223.35607089776568
71,2876.534720572417,3133.0000000000005,-256.4652794275835
72,2900.5975604875443,3177.2999999999997,-276.7024395124554
73,606.2302186919385,2744.7000000000003,-2138.469781308062
74,765.4290394682325,2745.5000000000005,-1980.070960531768
75,898.6637288066047,2717.1999999999985,-1818.5362711933938
76,1039.3904651154949,2738.699999999999,-1699.309534884504
77,1159.090877913538,2731.899999999998,-1572.8091220864599
78,1263.992318569964,2715.999999999999,-1452.007681430035
79,1338.4782471374904,2649.900000000002,-1311.4217528625115
80,3702.866544948182,3015.3000000000006,687.5665449481812
81,3593.490737849491,2927.6,665.890737849491
82,3440.483884924461,2776.7000000000003,663.7838849244608
83,3224.057612696179,2524.7,699.3576126961793
84,2996.7586594579,2328.4999999999995,668.2586594579006
85,2786.174944585977,2150.3,635.8749445859767
86,2628.753354579939,2078.4,550.3533545799387
87,2534.117590459433,2101.999999999999,432.1175904594338
88,2471.659808515817,2085.8999999999996,385.75980851581744
89,2421.718298736173,2124.399999999999,297.3182987361738
90,2396.314968646543,2146.3000000000015,250.01496864654155
91,2354.968686301169,2139.200000000001,215.7686863011677
92,2297.570931088194,2086.1999999999994,211.37093108819454
93,2289.7317456422606,2152.6000000000004,137.13174564226028
94,2276.6241598107395,2191.800000000001,84.82415981073837
95,2260.627420466817,2212.8,47.827420466816875
96,2241.4428080971625,2217.9000000000005,23.542808097161924
97,26.21705433202294,1747.2999999999984,-1721.0829456679753
98,92.97621416003032,1767.3999999999985,-1674.423785839968
99,214.8528442285414,1860.8999999999996,-1646.0471557714582
100,342.86586636738974,1915.2000000000003,-1572.3341336326105
101,476.28238076316313,1981.8999999999994,-1505.6176192368362
102,592.6429691259084,2017.8999999999994,-1425.257030874091
103,725.7290723416652,2107.3999999999996,-1381.6709276583344
104,3149.4977691349764,2604.3,545.1977691349762
105,3109.6764766369643,2659.7000000000035,449.9764766369608
106,3041.7294771502598,2651.700000000003,390.02947715025675
107,2985.589354385167,2696.6999999999994,288.88935438516774
108,2935.902787237938,2719.599999999998,216.3027872379398
109,2884.263433210632,2728.799999999998,155.46343321063387
110,2854.2573974413945,2793.399999999999,60.85739744139528
111,2869.69602909713,2939.499999999998,-69.80397090286806
112,2843.3661514204823,2924.800000000001,-81.43384857951878
113,2885.1252486021563,3057.7000000000016,-172.57475139784538
114,2942.48740480998,3189.7,-247.21259519001978
115,2954.9434150102657,3207.0999999999995,-252.1565849897338
116,2935.9024171806523,3148.3000000000015,-212.39758281934928
117,2973.2531945192586,3234.400000000001,-261.1468054807424
118,3029.2867447271024,3353.8,-324.5132552728978
119,3099.6517887885616,3495.3999999999983,-395.7482112114367
120,3125.47637512231,3514.299999999999,-388.82362487768887
121,859.3031261357595,3127.3999999999996,-2268.09687386424
122,1031.943817134129,3131.9,-2099.956182865871
123,1155.4869265127634,3052.800000000002,-1897.3130734872386
124,1291.4126145444657,3045.5000000000014,-1754.0873854555357
125,1357.3011428052282,2896.300000000002,-1538.9988571947738
126,1422.887503982627,2791.2999999999993,-1368.4124960173722
127,1501.5992526486666,2752.1000000000013,-1250.5007473513347
128,3893.4635055317904,3195.500000000001,697.9635055317895
129,3800.5341903499375,3149.9000000000015,650.634190349936
130,3667.4410208057,3027.6000000000004,639.8410208056998
131,3469.877948548413,2852.4000000000005,617.4779485484123
132,3272.5361671968835,2700.2999999999984,572.2361671968852
133,3045.296512077002,2486.2,559.096512077002
134,2849.082309331374,2327.7999999999993,521.2823093313746
135,2711.515109763,2254.199999999999,457.31510976300115
136,2580.337538970777,2148.400000000001,431.93753897077613
137,2521.916571387964,2151.2999999999997,370.6165713879641
138,2510.0029694145837,2217.7000000000003,292.30296941458346
139,2431.087027300137,2127.9999999999995,303.0870273001374
140,2383.3914925885947,2115.6000000000004,267.79149258859434
141,2351.6956231482923,2136.2000000000003,215.495623148292
142,2315.128231632161,2134.4,180.7282316321607
143,2283.3088872925223,2136.600000000001,146.70888729252147
144,2249.4720810468384,2127.1999999999994,122.27208104683905
145,22.232607555536177,1623.9999999999998,-1601.7673924444637
146,85.42434080522392,1672.2000000000003,-1586.7756591947764
147,171.14242459944637,1683.6999999999994,-1512.557575400553
148,273.26580190161525,1715.2000000000005,-1441.9341980983852
149,401.20864552134856,1800.1000000000006,-1398.891354478652
150,475.9769509682263,1753.9999999999986,-1278.0230490317724
151,563.5725400757282,1766.099999999998,-1202.5274599242698
152,2975.762706246675,2281.4,694.3627062466749
153,2884.9796647088324,2243.399999999999,641.5796647088332
154,2730.601522839286,2098.799999999999,631.8015228392874
155,2589.8413580553533,2044.500000000001,545.3413580553524
156,2428.2061461440107,1939.399999999999,488.8061461440118
157,2261.937822361513,1862.1999999999994,399.73782236151374
158,2071.5490655611875,1702.8999999999999,368.6490655611876
159,1939.3153709684432,1640.5,298.8153709684432
160,1863.9613535014096,1630.8999999999985,233.06135350141108
161,1884.317396778726,1782.8000000000004,101.5173967787257
162,1905.8917676948536,1880.6999999999998,25.191767694853752
163,1946.0075460332976,2027.1000000000004,-81.0924539667028
164,1945.4545355631224,2052.7000000000007,-107.24546443687836
165,1985.29672768202,2170.799999999999,-185.50327231797883
166,1992.2387584542344,2193.2000000000007,-200.96124154576637
167,2049.7739818487885,2335.199999999999,-285.4260181512104
168,2068.656525583086,2365.4999999999995,-296.8434744169135
169,6.911987173080691,1945.0,-1938.0880128269193
170,36.81257638946842,1926.5000000000014,-1889.687423610533
171,117.24477838249211,1949.6000000000001,-1832.355221617508
172,192.54330088309044,1860.8999999999996,-1668.356699116909
173,285.0089466071842,1833.100000000001,-1548.0910533928168
174,350.36564975675185,1742.7999999999986,-1392.4343502432466
175,441.0024986679089,1741.7999999999988,-1300.79750133209
176,2822.790952371665,2178.7999999999993,643.9909523716656
177,2747.1847725896,2169.899999999999,577.2847725896008
178,2652.0491750776787,2118.7,533.3491750776789
179,2538.300996407333,2000.2000000000003,538.1009964073328
180,2420.765129651177,1897.2,523.5651296511771
181,2344.5635863444663,1935.6999999999998,408.8635863444665
182,2261.700144950645,1882.1,379.60014495064524
183,2217.294820666933,1929.200000000001,288.09482066693204
184,2161.260159235496,1914.7000000000003,246.56015923549558
185,2109.031569306445,1893.8999999999996,215.13156930644527
186,2084.95365968988,1915.4,169.55365968988008
187,2073.244053159672,1966.3999999999992,106.84405315967297
188,2000.0699346311924,1855.0999999999995,144.96993463119293
189,1942.7828259714229,1790.200000000001,152.58282597142193
190,1908.42877746751,1784.6000000000004,123.82877746750955
191,1844.8851593444,1699.8000000000002,145.08515934439993
192,1787.7159755146745,1637.0,150.71597551467448
193,0.0,1068.4999999999998,-1068.4999999999998
194,0.0091716202423478,1074.3,-1074.2908283797576
195,0.3823295032500156,1135.6999999999998,-1135.3176704967498
196,3.608858131904354,1150.6999999999996,-1147.0911418680953
197,8.894775025552477,1083.6999999999998,-1074.8052249744474
198,14.481966564542644,1004.1000000000006,-989.618033435458
199,31.94118286008554,1074.3,-1042.3588171399144
200,2228.646415032406,1526.6000000000013,702.0464150324046
201,2165.2580403749907,1561.6000000000006,603.6580403749902
202,2043.4456224035769,1443.9,599.5456224035768
203,1957.7152497957504,1424.1999999999998,533.5152497957506
204,1886.087171744655,1446.5000000000005,439.5871717446546
205,1795.8069814045175,1419.1000000000001,376.70698140451736
206,1677.8823395168638,1300.7999999999997,377.08233951686407
207,1565.6202888888183,1186.5000000000002,379.1202888888181
208,1491.9662422887427,1150.3999999999994,341.5662422887433
209,1452.1416622467157,1167.6000000000004,284.5416622467153
210,1395.591026291389,1134.2999999999997,261.29102629138924
211,1358.2976856488349,1146.4999999999995,211.79768564883534
212,1324.140623284604,1155.2999999999997,168.84062328460436
213,1282.9815835154368,1139.4000000000003,143.58158351543648
214,1251.5697212197056,1141.4,110.16972121970548
215,1211.8365204586632,1117.0999999999997,94.73652045866356
216,1153.9448822856075,1044.899999999999,109.04488228560854
217,0.0,605.0999999999999,-605.0999999999999
218,0.0,644.6999999999999,-644.6999999999999
219,0.0,691.0000000000003,-691.0000000000003
220,0.0,749.4,-749.4
221,0.0,811.8000000000001,-811.8000000000001
222,0.0,878.1999999999998,-878.1999999999998
223,0.0,963.9999999999999,-963.9999999999999
224,1700.0826466404822,1459.6999999999998,240.38264664048233
225,1656.5332687531015,1452.0000000000007,204.53326875310086
226,1613.6635374744685,1488.6999999999994,124.96353747446915
227,1532.673373886821,1493.3999999999992,39.2733738868219
228,1454.5800059477683,1463.3000000000004,-8.719994052232096
229,1416.6570283364729,1424.0999999999997,-7.442971663526805
230,1354.1198272736358,1448.7,-94.58017272636425
231,1296.704198728457,1421.6,-124.89580127154295
232,1316.5676354888008,1560.6000000000006,-244.03236451119983
233,1357.4470089902322,1657.8000000000009,-300.35299100976863
234,1424.175081523078,1793.1000000000008,-368.9249184769228
235,1439.154526798799,1802.3000000000006,-363.14547320120164
236,1492.2399544992934,1904.2,-411.96004550070666
237,1562.1719938104488,2035.8000000000009,-473.628006189552
238,1650.153937385413,2199.4000000000005,-549.2460626145876
239,1725.8546662442034,2317.0000000000014,-591.145333755798
240,1791.2179283164298,2400.400000000001,-609.1820716835712
241,0.5100470316949024,2017.4999999999993,-2016.9899529683044
242,9.96272611199111,2023.6999999999996,-2013.7372738880085
243,37.78793774967845,2026.2000000000003,-1988.412062250322
244,102.5095493081004,2031.4000000000003,-1928.8904506919
245,195.6166505869201,2018.5999999999997,-1822.9833494130796
246,297.0566192724436,2000.5000000000002,-1703.4433807275566
247,400.6869884469963,1991.3000000000004,-1590.613011553004
248,2792.469125980224,2415.699999999999,376.769125980225
249,2758.8963156172085,2454.1000000000004,304.79631561720817
250,2656.5849248205127,2343.399999999999,313.1849248205135
251,2565.385645697961,2348.7000000000003,216.6856456979608
252,2378.0733033548345,2153.0,225.07330335483448
253,2239.8218733997046,2108.5999999999995,131.22187339970515
254,2109.855973764389,1962.9999999999995,146.85597376438955
255,2046.398788840033,1993.1000000000006,53.29878884003233
256,2031.085604031512,2062.7000000000007,-31.61439596848868
257,2087.251823729944,2239.7999999999997,-152.5481762700556
258,2080.8426049503223,2223.4999999999995,-142.65739504967723
259,2090.6355067391914,2263.1,-172.46449326080847
260,2127.08443739307,2360.6999999999994,-233.61556260692942
261,2151.8784395423845,2415.7999999999993,-263.92156045761476
262,2191.00555825438,2500.5999999999995,-309.5944417456194
263,2194.9019127331703,2489.8999999999996,-294.9980872668293
264,2210.119378973447,2509.3,-299.1806210265531
265,38.00505942734782,2043.2000000000007,-2005.194940572653
266,128.57435984268423,2086.399999999999,-1957.8256401573149
267,236.18526376576784,2070.2999999999997,-1834.114736234232
268,349.73027554517245,2061.500000000001,-1711.7697244548285
269,444.5801625317944,2008.6000000000004,-1564.0198374682059
270,567.236590825659,2050.000000000001,-1482.7634091743419
271,653.2417296933095,2016.2999999999995,-1363.05827030669
272,3068.707344712661,2512.5999999999995,556.1073447126614
273,3009.237809119358,2522.5,486.7378091193582
274,2889.637240471221,2440.0000000000005,449.6372404712206
275,2786.905157954264,2358.399999999999,428.50515795426463
276,2637.399547203396,2215.5,421.8995472033962
277,2472.201614800578,2101.3999999999987,370.8016148005795
278,2328.813037471444,2027.6000000000001,301.21303747144407
279,2198.9245564796265,1967.0999999999992,231.8245564796273
280,2132.99436067769,1971.0999999999992,161.89436067769088
281,2086.561183780321,1947.3,139.26118378032083
282,2083.117383060237,1990.7000000000003,92.41738306023672
283,2062.4805955141555,2003.7000000000003,58.780595514155266
284,2035.4534710802068,1994.7000000000007,40.753471080206054
285,2047.0856335949711,2074.5000000000005,-27.41436640502934
286,2036.596491915506,2088.5999999999995,-52.00350808449343
287,2022.735244697429,2088.2999999999993,-65.56475530257035
288,2023.0560187462645,2119.7,-96.64398125373532
289,0.7769811295170789,1574.6000000000006,-1573.8230188704836
290,11.308902513286329,1574.3000000000006,-1562.9910974867144
291,35.13715647229191,1563.500000000001,-1528.362843527709
292,84.33983406944131,1559.5000000000002,-1475.1601659305588
293,160.40926720015042,1587.7999999999986,-1427.3907327998481
294,246.42927531884456,1607.9000000000003,-1361.4707246811558
295,309.32856679616754,1559.1000000000004,-1249.7714332038329
296,2687.861416383976,2027.1000000000004,660.7614163839758
297,2609.9511595230247,2017.2999999999995,592.6511595230252
298,2534.961547842969,2013.599999999999,521.3615478429701
299,2379.2519609418014,1901.9,477.3519609418013
300,2263.193468086314,1834.6000000000006,428.5934680863136
301,2122.465175654061,1747.7999999999986,374.6651756540625
302,2020.5309716690629,1710.4000000000015,310.1309716690614
303,1942.8217148884776,1693.6000000000001,249.22171488847744
304,1878.040537922064,1628.399999999999,249.64053792206505
305,1852.5215234760385,1713.0000000000011,139.52152347603737
306,1821.1958925096249,1691.6000000000001,129.59589250962472
307,1799.093768102275,1709.300000000001,89.79376810227382
308,1784.7678344603326,1739.3999999999994,45.36783446033314
309,1769.282744703222,1755.9999999999984,13.28274470322367
310,1796.7033862536005,1870.8999999999992,-74.19661374639873
311,1777.4807126889816,1855.1999999999996,-77.71928731101798
312,1782.1175161790009,1895.6,-113.48248382099905
313,0.0,1454.4000000000005,-1454.4000000000005
314,0.2614945026444952,1437.6999999999998,-1437.4385054973554
315,4.122620770345129,1441.5000000000005,-1437.3773792296554
316,13.255462970853912,1383.1999999999996,-1369.9445370291457
317,28.21660884450815,1344.0000000000002,-1315.7833911554922
318,55.19066287337655,1316.5000000000002,-1261.3093371266236
319,107.24827803860856,1358.9999999999995,-1251.751721961391
320,2430.2293556106943,1849.5000000000011,580.7293556106931
321,2370.864630872597,1867.9999999999989,502.8646308725981
322,2289.4060037149493,1833.000000000001,456.4060037149484
323,2204.003840062991,1801.0000000000007,403.0038400629903
324,2096.1112539905857,1834.4000000000008,261.71125399058496
325,1963.664741093274,1765.099999999998,198.56474109327587
326,1894.9013268391109,1718.8000000000004,176.10132683911047
327,1751.0108460069423,1603.4000000000003,147.61084600694198
328,1661.0180975135247,1524.5000000000011,136.51809751352357
329,1666.1530836451127,1604.0000000000002,62.153083645112474
330,1654.5388549399247,1623.9999999999998,30.53885493992493
331,1662.1952984464224,1695.8,-33.60470155357757
332,1661.2888148496772,1733.4999999999998,-72.21118515032254
333,1653.9718076201946,1747.9999999999986,-94.02819237980407
334,1645.5408326338663,1754.6999999999985,-109.15916736613212
335,1655.7976832810682,1803.5000000000005,-147.70231671893225
336,1631.6685013985664,1760.7999999999986,-129.1314986014322
337,0.0,1316.0000000000002,-1316.0000000000002
338,0.0,1352.9999999999998,-1352.9999999999998
339,0.589563037062719,1403.6000000000001,-1403.0104369629373
340,7.481351652491909,1475.4,-1467.9186483475082
341,23.676230874873745,1501.7999999999986,-1478.123769125125
342,54.95871030591481,1501.1999999999985,-1446.2412896940837
343,105.28332891089356,1502.7999999999984,-1397.5166710891049
344,2457.7907318097027,2053.500000000001,404.2907318097018
345,2414.3732845337586,2074.2000000000003,340.1732845337583
346,2368.679813486739,2118.9,249.77981348673893
347,2259.536051354319,2049.0000000000005,210.53605135431872
348,2163.4728543923457,2002.7000000000005,160.77285439234515
349,2089.162384181521,1981.1999999999991,107.96238418152166
350,2056.296248843756,2045.6000000000008,10.696248843755257
351,1991.1189076930364,2056.2000000000007,-65.08109230696436
352,1949.597084949385,2075.1000000000004,-125.50291505061546
353,1979.8061154742604,2140.2000000000016,-160.3938845257412
354,2008.409411507966,2215.6,-207.19058849203384
355,2014.7074735586996,2233.2999999999997,-218.59252644130015
356,2050.0112146114543,2318.400000000001,-268.3887853885467
357,2049.053987723233,2304.7000000000003,-255.64601227676712
358,2082.3512142283607,2377.9,-295.54878577163936
359,2084.255138829313,2365.4999999999995,-281.24486117068636
360,2067.082692394004,2309.8000000000006,-242.71730760599667
361,9.463340691122104,1826.2999999999995,-1816.8366593088774
362,42.48235490537279,1865.5999999999988,-1823.117645094626
363,125.754406314442,1926.3000000000015,-1800.5455936855597
364,215.20014905123648,1900.3999999999999,-1685.1998509487635
365,308.403294679002,1875.1999999999998,-1566.7967053209977
366,447.5560908549775,1976.699999999999,-1529.1439091450213
367,560.4957857496867,2000.7000000000003,-1440.2042142503137
368,2978.4965522386583,2495.899999999999,482.5965522386591
369,2914.38944633992,2480.0000000000005,434.3894463399197
370,2839.8280967333258,2504.6999999999994,335.1280967333264
371,2672.5486587697587,2335.699999999999,336.8486587697598
372,2535.64384750418,2285.6000000000004,250.04384750417967
373,2395.89602312064,2226.2,169.69602312064035
374,2266.58529407948,2173.399999999999,93.18529407948063
375,2197.3298268183835,2204.4000000000005,-7.070173181617065
376,2182.9470598560133,2303.600000000001,-120.65294014398751
377,2231.3771354668925,2465.500000000001,-234.12286453310844
378,2291.331729214645,2578.199999999999,-286.86827078535407
379,2326.673580762135,2646.100000000002,-319.4264192378673
380,2356.721681418461,2694.799999999999,-338.07831858153804
381,2386.9834520487143,2742.2,-355.2165479512855
382,2447.608812060404,2858.3,-410.69118793959615
383,2510.1728975463284,2966.300000000001,-456.1271024536727
384,2566.1739091148947,3049.4000000000015,-483.2260908851067
385,345.2343435628443,2733.3999999999987,-2388.165656437154
386,530.0879402449294,2757.700000000001,-2227.6120597550716
387,699.1770782841903,2773.499999999999,-2074.3229217158087
388,837.9464170644025,2740.499999999999,-1902.5535829355968
389,978.4840223038316,2745.4000000000005,-1766.915977696169
390,1090.9980857045157,2709.6999999999985,-1618.7019142954828
391,1199.2935943783457,2692.5999999999995,-1493.3064056216538
392,3607.1161031250535,3127.3999999999996,479.7161031250539
393,3496.088426423979,2993.5999999999985,502.4884264239804
394,3351.2626706759183,2862.2999999999997,488.9626706759186
395,3182.9646729058745,2722.7999999999984,460.16467290587616
396,3007.803683112765,2580.3999999999996,427.4036831127655
397,2802.939494720716,2386.000000000001,416.9394947207152
398,2605.873627346393,2216.9,388.97362734639273
399,2515.900536947752,2240.3999999999996,275.50053694775215
400,2405.3707896037763,2171.8999999999987,233.47078960377758
401,2350.9396423412886,2153.5,197.43964234128862
402,2359.7822334553694,2231.2,128.58223345536953
403,2314.570091900688,2191.200000000001,123.37009190068693
404,2284.5752050715378,2185.7999999999997,98.77520507153804
405,2314.6804502067807,2321.8,-7.1195497932194485
406,2263.4547400860283,2239.1,24.354740086028414
407,2248.9929612621004,2251.2999999999993,-2.3070387378988926
408,2215.5315573591693,2212.8,2.7315573591690736
409,12.84664425956001,1604.1000000000004,-1591.2533557404404
410,61.20377980046937,1683.8999999999996,-1622.6962201995302
411,152.0148286468536,1747.0999999999985,-1595.085171353145
412,247.20991928042145,1752.1999999999987,-1504.9900807195772
413,345.4587571163444,1759.7999999999986,-1414.341242883654
414,444.56874880645967,1773.999999999999,-1329.4312511935395
415,560.1533982285823,1846.2000000000007,-1286.0466017714184
416,2974.2511186185416,2352.399999999999,621.8511186185424
417,2887.5853986816783,2310.500000000001,577.0853986816774
418,2777.853912085874,2233.2999999999997,544.5539120858743
419,2682.9920887251787,2238.8999999999996,444.0920887251791
420,2570.9883041265134,2170.3999999999987,400.5883041265147
421,2459.329384507317,2106.7000000000003,352.6293845073169
422,2390.3646243045937,2112.7000000000003,277.6646243045934
423,2338.837127916231,2114.6000000000004,224.23712791623075
424,2319.969759050084,2208.2,111.7697590500843
425,2298.2290651186413,2242.699999999999,55.52906511864239
426,2284.7239329713752,2247.699999999999,37.023932971376325
427,2310.063309108539,2360.4999999999995,-50.43669089146033
428,2302.6502420601787,2373.200000000001,-70.54975793982248
429,2341.5101119459546,2496.1999999999994,-154.6898880540448
430,2353.676736743896,2535.599999999999,-181.92326325610293
431,2345.4703000857367,2519.7,-174.22969991426316
432,2330.800099496035,2491.499999999999,-160.69990050396427
433,89.77863552593435,2069.2,-1979.4213644740655
434,219.59065183584448,2125.399999999999,-1905.8093481641547
435,382.6393073729272,2217.6,-1834.9606926270726
436,540.3804929733349,2288.3,-1747.9195070266653
437,634.3651547960385,2218.2000000000003,-1583.8348452039618
438,733.1834392944435,2192.7000000000007,-1459.5165607055574
439,816.3000984948206,2151.5,-1335.1999015051792
440,3233.826654515276,2643.5,590.326654515276
441,3144.5724139810773,2587.5000000000014,557.0724139810759
442,3061.093114505871,2585.5000000000005,475.59311450587074
443,2989.175412320956,2619.2999999999997,369.87541232095646
444,2846.643875113587,2506.9,339.7438751135869
445,2762.4367664236825,2457.800000000001,304.63676642368137
446,2579.968060087017,2385.500000000001,194.46806008701606
447,2474.543944550737,2269.4000000000005,205.14394455073625
448,2435.8825320288406,2310.100000000001,125.7825320288398
449,2416.8507047597063,2305.8000000000006,111.0507047597057
450,2375.930446971663,2268.0,107.93044697166306
451,2382.835107110115,2349.8,33.03510711011495
452,2388.80469287811,2412.0999999999995,-23.295307121889437
453,2411.2676422588584,2503.2999999999997,-92.03235774114137
454,2426.59177649075,2563.5000000000005,-136.90822350925055
455,2398.808959142801,2509.4,-110.591040857199
456,2372.5560585299945,2465.500000000001,-92.9439414700064
457,109.16741767331496,2031.4000000000003,-1922.2325823266854
458,254.9395142150883,2125.399999999999,-1870.4604857849108
459,384.64997273665216,2128.7,-1744.0500272633476
460,544.3198631239081,2223.2999999999997,-1678.9801368760916
461,654.6031215250962,2209.5000000000005,-1554.8968784749043
462,771.8318250723698,2231.2,-1459.36817492763
463,873.0329609622574,2232.6,-1359.5670390377425
464,3286.7667271911973,2710.5999999999985,576.1667271911988
465,3225.4774013830897,2717.3999999999983,508.07740138309146
466,3090.489080260689,2589.8000000000006,500.68908026068857
467,2942.5815103106816,2515.5000000000005,427.0815103106811
468,2777.2423697477607,2411.4999999999995,365.74236974776113
469,2614.989094879897,2322.9999999999995,291.9890948798975
470,2482.53022648178,2263.7,218.8302264817803
471,2358.6543626110797,2199.4000000000005,159.25436261107916
472,2281.8448121044808,2139.8000000000015,142.0448121044792
473,2281.544266269943,2172.799999999999,108.74426626994409
474,2242.713582124569,2141.900000000002,100.81358212456689
475,2233.0228759329493,2181.8999999999996,51.12287593294968
476,2243.473192199096,2260.2999999999997,-16.82680780090368
477,2215.24666555639,2230.7,-15.453334443609947
478,2219.707482426494,2281.4,-61.69251757350594
479,2215.983365365501,2302.3000000000006,-86.31663463449968
480,2207.5666812131417,2307.3,-99.73331878685849
481,23.37445177383599,1837.8000000000006,-1814.4255482261647
482,113.51086970380724,1958.7,-1845.1891302961928
483,220.12414494320817,1959.1000000000001,-1738.975855056792
484,364.17087648072896,2038.1000000000008,-1673.9291235192718
485,477.5412611306481,2033.6000000000006,-1556.0587388693525
486,576.4675285758481,2016.5999999999992,-1440.1324714241512
487,686.7199477358253,2050.7000000000007,-1363.9800522641754
488,3084.829927201666,2492.6999999999994,592.1299272016668
489,2996.514134665582,2439.5,557.0141346655819
490,2871.9618442819183,2344.9999999999995,526.9618442819187
491,2717.2300592751058,2263.1,454.13005927510585
492,2533.579083011436,2122.2999999999997,411.27908301143634
493,2437.7985953002485,2160.6999999999994,277.09859530024914
494,2279.856107526183,2069.2999999999997,210.5561075261835
495,2169.058272769125,2060.000000000001,109.05827276912396
496,2106.39650676626,2074.3,32.09650676625961
497,2070.971445739593,2072.7000000000003,-1.7285542604072361
498,2113.093183823587,2185.1,-72.00681617641294
499,2112.568419221909,2212.7,-100.13158077809067
500,2152.546069219762,2332.099999999998,-179.553930780236
501,2142.3118027012165,2312.2000000000007,-169.88819729878423
502,2185.917774868029,2427.1,-241.18222513197088
503,2201.722720452375,2458.000000000001,-256.27727954762577
504,2237.729787779412,2535.499999999999,-297.7702122205869
505,43.23629960553451,2095.799999999999,-2052.5637003944644
506,120.97123261957957,2048.5000000000005,-1927.528767380421
507,232.6714328948203,2041.4000000000015,-1808.7285671051811
508,362.61256935585067,2069.7,-1707.0874306441492
509,499.0305352694738,2114.7000000000003,-1615.6694647305264
510,645.9612550966289,2206.7000000000003,-1560.7387449033713
511,778.1113250108662,2265.0999999999995,-1486.9886749891334
512,3207.903969286561,2757.0000000000014,450.90396928655946
513,3133.84093766896,2709.6999999999985,424.14093766896167
514,3039.747981353869,2624.999999999999,414.7479813538698
515,2934.352495484337,2530.7000000000007,403.6524954843362
516,2782.5175366363897,2446.3999999999996,336.11753663639
517,2725.4282175463027,2419.9,305.5282175463026
518,2592.1524218375985,2352.399999999999,239.7524218375993
519,2486.939680502979,2350.9999999999995,135.93968050297963
520,2474.393984064752,2428.6,45.793984064752294
521,2463.214641530692,2456.5000000000014,6.714641530690642
522,2451.728401899347,2461.100000000001,-9.371598100653955
523,2458.7457864906755,2515.7000000000003,-56.954213509324745
524,2434.936470140949,2488.9,-53.96352985905105
525,2427.5952725272136,2501.1999999999994,-73.60472747278573
526,2444.6672869723475,2569.7000000000003,-125.03271302765279
527,2469.0068486952746,2645.300000000001,-176.2931513047265
528,2503.993346697999,2734.599999999998,-230.6066533019989
529,220.0654257579428,2295.3999999999996,-2075.334574242057
530,361.8628693466002,2292.9,-1931.0371306533998
531,536.5182491582552,2386.900000000001,-1850.3817508417458
532,644.2233552636355,2329.2999999999993,-1685.0766447363637
533,774.0017857696706,2355.6999999999994,-1581.6982142303286
534,864.7675582870039,2305.600000000001,-1440.832441712997
535,994.3943572765191,2378.7000000000003,-1384.305642723481
536,3406.660404156062,2848.4000000000015,558.2604041560608
537,3312.7588663919955,2771.4999999999986,541.2588663919969
538,3192.279281656477,2662.8000000000025,529.4792816564745
539,3023.374083060699,2535.599999999999,487.7740830606999
540,2836.128851037137,2375.5000000000005,460.6288510371364
541,2659.684387289517,2278.3,381.3843872895168
542,2472.535980663246,2128.2,344.3359806632461
543,2356.2961911737752,2111.399999999999,244.89619117377606
544,2317.021480278101,2166.699999999999,150.32148027810217
545,2285.8031262991194,2194.1000000000013,91.70312629911814
546,2290.943092281328,2251.5999999999995,39.34309228132861
547,2284.8855076431714,2284.9,-0.014492356828668562
548,2280.432535373294,2315.0000000000014,-34.56746462670753
549,2283.8506263608238,2358.899999999999,-75.04937363917543
550,2313.3802348585955,2457.5000000000014,-144.11976514140588
551,2331.422963290724,2513.4,-181.97703670927604
552,2368.205991253402,2605.7,-237.49400874659796
553,98.6153122647405,2124.2999999999993,-2025.6846877352589
554,211.89161738334812,2109.899999999999,-1898.008382616651
555,346.64282907662613,2130.399999999999,-1783.757170923373
556,464.4412023038675,2112.7000000000003,-1648.2587976961327
557,620.2456337053462,2218.1000000000004,-1597.854366294654
558,745.6991628868403,2252.399999999999,-1506.7008371131587
559,833.4277161489864,2211.4,-1377.9722838510138
560,3223.9777293138536,2628.6999999999994,595.2777293138543
561,3125.204502054387,2551.3,573.9045020543867
562,3001.483152083229,2459.300000000001,542.1831520832279
563,2891.642555091251,2413.0999999999995,478.5425550912514
564,2797.6332417023063,2363.7999999999997,433.8332417023066
565,2661.948717385638,2276.2000000000007,385.74871738563706
566,2523.630489706499,2221.0000000000005,302.63048970649834
567,2387.4563230458984,2171.4999999999986,215.9563230458998
568,2315.020156507501,2186.6999999999994,128.32015650750145
569,2286.995301817263,2227.6999999999994,59.29530181726386
570,2286.238843267904,2254.999999999999,31.23884326790494
571,2280.546071692415,2287.2999999999997,-6.753928307584829
572,2287.3635927475384,2344.4999999999995,-57.13640725246114
573,2257.381210904991,2301.8000000000006,-44.41878909500974
574,2258.1587624449894,2338.7999999999997,-80.64123755501032
575,2242.015032008951,2324.099999999999,-82.08496799104796
576,2209.148514317092,2270.4000000000005,-61.251485682908424
577,23.125244929489924,1799.2000000000005,-1776.0747550705105
578,95.1114904836334,1862.1999999999994,-1767.088509516366
579,197.2092942230969,1882.7,-1685.4907057769033
580,262.63733642901883,1773.6999999999991,-1511.0626635709802
581,343.6266060606459,1731.0,-1387.3733939393542
582,441.8052706964802,1749.899999999999,-1308.0947293035188
583,518.144318099613,1727.0,-1208.855681900387
584,2880.641950634271,2128.7,751.941950634271
585,2780.195150037503,2081.7999999999997,698.3951500375033
586,2667.639083718117,2025.9000000000003,641.7390837181167
587,2506.750380331066,1920.3000000000009,586.4503803310652
588,2335.199620892617,1795.5000000000011,539.6996208926159
589,2158.9001674598107,1715.4000000000003,443.5001674598104
590,1998.401654458007,1678.2,320.20165445800694
591,1866.620677789233,1607.1000000000004,259.52067778923265
592,1783.1034347989023,1558.6000000000004,224.50343479890194
593,1742.577869100787,1572.500000000001,170.07786910078607
594,1715.4423137757808,1572.2000000000007,143.24231377578008
595,1688.2493072043098,1578.3999999999996,109.84930720431021
596,1647.4775856433307,1548.2000000000003,99.27758564333044
597,1645.1729190373496,1608.8000000000002,36.37291903734945
598,1645.3357968213772,1663.600000000001,-18.264203178623802
599,1650.0575798611076,1716.4,-66.34242013889252
600,1641.5477970345594,1728.5,-86.95220296544062
601,0.0,1236.9000000000008,-1236.9000000000008
602,0.0,1333.200000000001,-1333.200000000001
603,0.3560875141437353,1429.5000000000005,-1429.1439124858566
604,5.898995445189288,1486.4999999999998,-1480.6010045548105
605,24.96702933534131,1556.1000000000004,-1531.132970664659
606,60.03036738894732,1538.6,-1478.5696326110526
607,118.01903777774088,1539.1999999999998,-1421.180962222259
608,2464.6163270484526,2014.6999999999991,449.91632704845347
609,2425.7881935155096,2056.600000000001,369.18819351550883
610,2353.354539042647,2039.0000000000016,314.35453904264546
611,2236.52107585632,2004.0,232.52107585631984
612,2154.222116063004,2022.0999999999995,132.12211606300434
613,2064.5198407604603,2027.6000000000001,36.91984076046015
614,1934.240837334712,1956.7,-22.459162665287977
615,1911.624882483577,1946.1999999999996,-34.57511751642255
616,1829.9009115067145,1867.299999999999,-37.39908849328458
617,1863.4139780243408,1993.4000000000008,-129.98602197565992
618,1881.5468513600615,2044.500000000001,-162.9531486399394
619,1926.323947125711,2163.2999999999984,-236.97605287428746
620,1944.832041635732,2204.1000000000004,-259.26795836426845
621,2010.2479088084265,2353.099999999999,-342.8520911915725
622,2050.136316989072,2424.0,-373.86368301092807
623,2072.8551987063297,2446.4999999999995,-373.64480129366984
624,2103.287557593924,2486.8,-383.5124424060764
625,21.141946478229137,2114.6000000000004,-2093.458053521771
626,90.72589573754443,2147.4000000000015,-2056.674104262457
627,188.74167570368243,2111.7999999999993,-1923.0583242963169
628,290.7336623958583,2063.7000000000007,-1772.9663376041424
629,407.5903101302721,2063.3000000000006,-1655.7096898697287
630,525.2049524724853,2073.1000000000004,-1547.895047527515
631,600.8487695977117,2000.3000000000002,-1399.4512304022885
632,2997.721445907333,2446.2,551.5214459073331
633,2909.007578180712,2386.7000000000007,522.3075781807111
634,2800.239371995325,2340.299999999999,459.9393719953264
635,2606.791430638588,2183.6,423.1914306385879
636,2412.697007373233,2034.3000000000009,378.3970073732323
637,2292.997463317418,2009.6,283.397463317418
638,2196.433751164182,1975.9999999999986,220.43375116418338
639,2140.248284930599,1977.7999999999986,162.44828493060027
640,2075.0375085875385,2030.0000000000002,45.03750858753824
641,2037.9359337495564,1997.0000000000002,40.93593374955617
642,2054.088638296864,2088.2999999999993,-34.21136170313548
643,2076.829853476942,2173.399999999999,-96.57014652305725
644,2072.7693592995533,2187.6000000000004,-114.83064070044702
645,2071.1820820191792,2203.6000000000004,-132.41791798082113
646,2034.3442868227185,2131.399999999999,-97.05571317728072
647,2009.79776057704,2095.799999999999,-86.00223942295884
648,1982.3253742469956,2056.2000000000007,-73.87462575300515
649,0.9499696458134662,1610.5000000000005,-1609.550030354187
650,16.711939413093972,1693.5,-1676.788060586906
651,55.03438969468071,1696.9999999999998,-1641.9656103053192
652,124.6957586271108,1706.4000000000003,-1581.7042413728896
653,229.91405610829972,1768.9999999999989,-1539.0859438916991
654,353.8311874346847,1851.1000000000004,-1497.2688125653158
655,441.1678268744133,1822.1000000000004,-1380.932173125587
656,2839.4993506303254,2286.7999999999997,552.6993506303256
657,2776.417587560284,2288.9000000000005,487.5175875602836
658,2662.3341741659187,2228.2999999999997,434.034174165919
659,2523.050114744239,2181.9999999999995,341.05011474423964
660,2405.8273660778423,2135.000000000001,270.82736607784136
661,2285.4754644449627,2114.5000000000005,170.9754644449622
662,2206.983557952385,2121.0999999999995,85.88355795238567
663,2141.476939118201,2133.9,7.576939118200698
664,2094.1521218576986,2111.399999999999,-17.24787814230058
665,2100.621209171132,2222.5,-121.8787908288682
666,2135.2262209871824,2305.8000000000006,-170.57377901281825
667,2178.813973697575,2415.499999999999,-236.68602630242412
668,2228.56550665123,2531.100000000001,-302.53449334877087
669,2272.352387857304,2617.7,-345.34761214269565
670,2327.605844966314,2722.999999999998,-395.394155033684
671,2396.426871720262,2850.400000000001,-453.97312827973883
672,2436.0681292388863,2895.6000000000017,-459.53187076111544
673,177.34140167962403,2443.2000000000003,-2265.858598320376
674,294.92452199997047,2355.4999999999995,-2060.575478000029
675,420.2818113221566,2306.6000000000004,-1886.3181886778439
676,524.712531489452,2234.6,-1709.887468510548
677,565.2163536000521,2037.4000000000008,-1472.1836463999487
678,614.9435793249309,1914.4,-1299.4564206750692
679,678.7577575596022,1863.599999999999,-1184.8422424403968
680,3068.1146655085536,2325.8999999999987,742.2146655085548
681,2989.168288082846,2328.4999999999995,660.6682880828466
682,2854.6736749524894,2252.899999999999,601.7736749524902
683,2736.2092020642376,2158.3999999999987,577.8092020642389
684,2556.4131386666345,2042.8000000000009,513.6131386666336
685,2424.9665186750817,2023.5999999999997,401.36651867508203
686,2319.122009360468,1985.2999999999995,333.8220093604684
687,2268.4751935967115,1955.2999999999997,313.1751935967118
688,2098.3233426703914,1767.0999999999983,331.2233426703931
689,2016.760783706068,1685.3999999999994,331.36078370606856
690,1957.138352126444,1650.8000000000009,306.33835212644317
691,1896.4300316351653,1607.3000000000004,289.13003163516487
692,1823.2656899770093,1533.6000000000006,289.6656899770087
693,1726.264116366901,1404.5000000000002,321.7641163669007
694,1650.8552146174354,1334.100000000001,316.7552146174344
695,1558.7710122825736,1222.8,335.9710122825736
696,1486.0929155047852,1162.0,324.0929155047852
697,0.0,673.6000000000001,-673.6000000000001
698,0.0,647.7999999999998,-647.7999999999998
699,0.0,716.4999999999994,-716.4999999999994
700,0.0,750.0999999999999,-750.0999999999999
701,0.0,780.0000000000007,-780.0000000000007
702,0.0,765.0000000000002,-765.0000000000002
703,0.1835525782169869,804.6999999999999,-804.5164474217829
704,1869.007481900492,1338.4000000000005,530.6074819004914
705,1788.1990776203295,1297.6000000000001,490.59907762032935
706,1683.7502785839847,1279.1999999999998,404.5502785839849
707,1612.3261539451728,1283.0000000000002,329.32615394517256
708,1445.5914953758197,1193.3,252.29149537581975
709,1331.7092416021185,1141.0000000000002,190.70924160211825
710,1287.548325530508,1158.6999999999996,128.84832553050842
711,1238.7129291692104,1206.7999999999997,31.912929169210656
712,1137.2028799842185,1157.7999999999997,-20.59712001578123
713,1096.1765908717275,1137.3,-41.12340912827244
714,1084.8461777683578,1126.2999999999997,-41.45382223164188
715,1064.7335360395653,1115.9999999999998,-51.26646396043452
716,1026.718714272932,1064.3999999999994,-37.68128572706746
717,1023.5930863545352,1097.9000000000012,-74.30691364546601
718,978.2510481510031,1022.4000000000005,-44.1489518489974
719,975.2098773266972,1059.1999999999994,-83.99012267330215
720,988.846274434964,1124.6999999999994,-135.85372556503535
721,0.0,675.5000000000001,-675.5000000000001
722,0.0,623.0999999999998,-623.0999999999998
723,0.0,594.7000000000003,-594.7000000000003
724,0.0,557.4000000000001,-557.4000000000001
725,0.0,526.7999999999997,-526.7999999999997
726,0.0,566.8999999999999,-566.8999999999999
727,0.0,580.6000000000003,-580.6000000000003
728,1287.7370349564874,1066.4999999999995,221.23703495648783
729,1262.6750629756025,1110.8000000000002,151.8750629756023
730,1158.6506481046476,1033.1,125.55064810464773
731,1019.2963294861672,914.1,105.1963294861672
732,909.5341797767896,873.5000000000001,36.03417977678953
733,761.9628386458625,793.3,-31.337161354137493
734,632.9284088170845,720.0999999999996,-87.17159118291511
735,567.3403648542933,764.5000000000003,-197.15963514570706
736,540.7972419290132,820.0999999999999,-279.30275807098667
737,571.6831114802156,870.9999999999999,-299.31688851978424
738,648.9175247899666,1042.8999999999994,-393.9824752100328
739,723.475025224143,1191.9,-468.4249747758571
740,767.9421921243592,1255.9000000000003,-487.95780787564115
741,790.8605767614883,1263.0000000000002,-472.1394232385119
742,816.2944012373705,1279.1999999999998,-462.9055987626293
743,872.4069537854069,1370.7999999999997,-498.3930462145928
744,929.799853204068,1459.3999999999996,-529.6001467959317
745,0.0,1078.3,-1078.3
746,0.0,1152.8999999999994,-1152.8999999999994
747,0.0,1162.4999999999998,-1162.4999999999998
748,0.0,1128.7999999999995,-1128.7999999999995
749,0.0468590172423549,1140.5000000000007,-1140.4531409827582
750,0.4198704752318083,1148.2999999999997,-1147.8801295247679
751,0.9238128536996706,1107.2000000000005,-1106.2761871463008
752,1791.4361070985397,1625.3000000000002,166.13610709853947
753,1747.234482595285,1578.8000000000002,168.43448259528486
754,1655.8655848452054,1484.2999999999997,171.56558484520565
755,1507.5268046945212,1361.6000000000004,145.9268046945208
756,1404.3037857781687,1313.7,90.60378577816869
757,1288.5407114893458,1277.4999999999989,11.040711489346904
758,1160.768344454655,1225.7999999999997,-65.03165554534462
759,1150.1014378259706,1248.8999999999999,-98.79856217402926
760,1101.956036625812,1231.1000000000004,-129.1439633741884
761,1100.6500019294283,1278.4999999999986,-177.84999807057034
762,1150.8771196887512,1357.5000000000005,-206.62288031124922
763,1211.420848638924,1463.9000000000005,-252.47915136107645
764,1274.266154148761,1570.1,-295.83384585123895
765,1356.8799013885848,1707.5000000000005,-350.62009861141564
766,1436.0590900525187,1825.800000000001,-389.74090994748235
767,1526.52163637402,1956.7000000000003,-430.1783636259802
768,1577.9535541560351,1992.899999999999,-414.94644584396383
769,0.0,1612.3999999999996,-1612.3999999999996
770,0.4383880651177599,1574.7,-1574.2616119348822
771,4.786001420529255,1581.1000000000004,-1576.3139985794712
772,23.903369768111983,1684.0000000000002,-1660.0966302318882
773,73.94735879977921,1763.799999999999,-1689.8526412002198
774,164.4235648430166,1806.7000000000007,-1642.276435156984
775,282.18628637273264,1853.8999999999987,-1571.713713627266
776,2700.60845256192,2310.2999999999997,390.30845256192015
777,2664.1851426426315,2298.6000000000004,365.5851426426311
778,2622.8126817475027,2290.1,332.71268174750276
779,2535.028076101917,2253.1,281.9280761019172
780,2495.4717937877,2238.6,256.87179378769997
781,2360.5462035201717,2187.2999999999993,173.24620352017246
782,2225.719983756129,2142.7000000000007,83.01998375612811
783,2178.815358664928,2162.7999999999993,16.015358664928954
784,2174.438127368084,2206.6999999999994,-32.26187263191514
785,2187.8121175750557,2268.500000000001,-80.6878824249452
786,2221.0959435880704,2303.2,-82.10405641192938
787,2299.974699436711,2449.1,-149.12530056328887
788,2385.6974592610086,2597.6,-211.90254073899132
789,2456.642612508,2699.1999999999994,-242.55738749199918
790,2515.3254870439096,2765.2999999999997,-249.97451295609017
791,2572.029739475866,2824.0999999999995,-252.07026052413357
792,2613.6463462678003,2849.9000000000005,-236.2536537322003
793,351.1396876010496,2452.2000000000003,-2101.060312398951
794,542.9803100129583,2498.5000000000005,-1955.519689987042
795,701.6528588137487,2491.2,-1789.547141186251
796,878.8068409582937,2551.2999999999997,-1672.493159041706
797,1045.685424345982,2603.8999999999987,-1558.2145756540167
798,1185.011155977372,2615.7,-1430.6888440226278
799,1344.8386991118214,2695.2000000000007,-1350.3613008881794
800,3748.388997556028,3048.9000000000005,699.4889975560272
801,3692.546221919034,3033.9999999999995,658.5462219190345
802,3597.076417464379,2951.2,645.8764174643793
803,3428.701613317479,2849.8000000000006,578.9016133174782
804,3244.661047491471,2727.100000000001,517.5610474914702
805,3093.068813090347,2689.4000000000005,403.66881309034625
806,2949.891963893173,2597.2000000000003,352.69196389317267
807,2846.7088041636457,2576.2999999999997,270.408804163646
808,2812.083594456761,2607.3999999999987,204.68359445676242
809,2783.224876084768,2644.800000000001,138.42487608476677
810,2809.8258968416367,2692.7000000000003,117.1258968416364
811,2854.315466157572,2783.499999999999,70.8154661575727
812,2873.9900325275885,2819.0000000000005,54.99003252758803
813,2853.707697333274,2762.4,91.30769733327406
814,2913.905108501453,2891.1000000000017,22.805108501451286
815,2889.3132874383964,2818.3000000000006,71.01328743839576
816,2886.8947375671114,2803.4999999999986,83.39473756711277
817,604.8334183055086,2449.7999999999997,-1844.9665816944912
818,750.7433633112016,2428.099999999999,-1677.3566366887974
819,879.4871728251419,2398.3000000000006,-1518.8128271748587
820,1029.0799348376024,2445.2999999999997,-1416.2200651623973
821,1101.88948974822,2340.2000000000007,-1238.3105102517807
822,1159.2212853661536,2236.3,-1077.0787146338466
823,1231.0133455197808,2195.799999999999,-964.786654480218
824,3602.975078197956,2563.2000000000007,1039.7750781979553
825,3496.3570199613914,2512.2999999999993,984.0570199613921
826,3380.1563217207545,2489.5,890.6563217207545
827,3179.000652436933,2347.7999999999997,831.2006524369331
828,2950.917911236715,2174.199999999999,776.7179112367162
829,2750.9616118733597,2072.699999999999,678.2616118733608
830,2541.459400356846,1940.9000000000003,600.5594003568456
831,2396.205667139352,1910.100000000001,486.105667139351
832,2314.22292640914,1904.700000000001,409.52292640913925
833,2255.265542925152,1879.9000000000005,375.36554292515166
834,2232.9756057083296,1890.299999999999,342.6756057083305
835,2261.1457063070275,2009.0999999999985,252.04570630702892
836,2237.159900570315,1999.4999999999984,237.65990057031672
837,2231.2428631584394,2028.2000000000007,203.04286315843865
838,2233.3134946180044,2067.599999999999,165.71349461800537
839,2247.0952368171043,2125.1000000000013,121.99523681710298
840,2230.2788088207635,2104.9000000000005,125.37880882076297
841,29.51387150187593,1699.2000000000007,-1669.6861284981248
842,90.30102334529772,1660.700000000001,-1570.3989766547033
843,175.51153063542537,1636.1000000000001,-1460.5884693645748
844,303.103888002379,1702.4000000000008,-1399.2961119976217
845,408.1245141096059,1698.1000000000001,-1289.9754858903943
846,514.022309062359,1713.0000000000005,-1198.9776909376415
847,613.3704689163969,1729.8999999999994,-1116.5295310836025
848,3003.68037467752,2125.1000000000013,878.5803746775186
849,2904.8093990244097,2066.599999999999,838.2093990244107
850,2781.962393995288,1990.3999999999994,791.5623939952886
851,2668.453498352537,1922.7000000000003,745.7534983525366
852,2454.595428134539,1829.100000000001,625.4954281345379
853,2255.752141606764,1703.2000000000007,552.5521416067631
854,2147.857157069194,1743.3999999999994,404.4571570691944
855,2035.0455482343305,1723.3999999999996,311.6455482343308
856,1974.6383413909416,1781.1999999999998,193.4383413909418
857,1944.5879198406485,1823.3000000000013,121.28791984064719
858,1981.8202952460852,1917.5000000000007,64.32029524608447
859,2022.134386199664,2006.5999999999985,15.534386199665505
860,2070.418584422519,2114.1000000000004,-43.6814155774814
861,2086.542891141029,2136.9,-50.35710885897106
862,2092.8259756039115,2136.4,-43.57402439608859
863,2111.5817058730727,2165.3999999999996,-53.81829412692696
864,2106.765645510274,2139.800000000001,-33.034354489726866
865,9.173746192501874,1700.5000000000005,-1691.3262538074987
866,53.979749521698,1761.6999999999987,-1707.7202504783006
867,131.8344734594799,1737.8999999999999,-1606.0655265405198
868,241.19674423108933,1749.499999999999,-1508.3032557689098
869,310.5182807612285,1655.2000000000005,-1344.681719238772
870,425.2529243196604,1687.5000000000007,-1262.2470756803402
871,536.9807194178485,1721.5,-1184.5192805821516
872,2917.1183131312564,2090.8000000000015,826.3183131312549
873,2851.442943571502,2109.7000000000007,741.7429435715012
874,2748.86666913639,2091.4000000000015,657.4666691363886
875,2594.4379317028943,1981.3000000000009,613.1379317028934
876,2445.0033483634074,1957.5000000000002,487.5033483634072
877,2324.0853595100943,1855.4999999999984,468.58535951009594
878,2154.2217685910464,1796.3000000000002,357.9217685910462
879,2061.368796085492,1785.5000000000002,275.86879608549157
880,1955.804499001025,1717.5,238.30449900102508
881,1909.32151527243,1728.9999999999993,180.3215152724306
882,1929.943578348156,1793.3000000000002,136.64357834815587
883,1969.914251919088,1902.1000000000008,67.81425191908716
884,1981.5346782974095,1941.4000000000003,40.13467829740921
885,2002.6195149629664,1994.9999999999993,7.6195149629670595
886,1997.033502787504,1983.0000000000002,14.033502787503721
887,2047.342099804732,2096.000000000002,-48.657900195269804
888,2046.5034689906,2082.400000000001,-35.89653100940109
889,4.875571106356383,1662.500000000001,-1657.6244288936446
890,24.46005877571561,1631.1000000000001,-1606.6399412242845
891,72.91626783064066,1610.7999999999995,-1537.8837321693588
892,120.54236382488608,1506.5,-1385.957636175114
893,226.88717548477652,1574.7,-1347.8128245152236
894,306.58454990199425,1545.7,-1239.1154500980058
895,394.5837493741296,1544.8,-1150.2162506258703
896,2760.842088983334,1907.5000000000011,853.342088983333
897,2681.5115872545703,1893.3999999999994,788.1115872545708
898,2595.3120837875376,1883.8999999999999,711.4120837875378
899,2465.226726625798,1809.2000000000005,656.0267266257977
900,2396.73819946406,1829.900000000001,566.838199464059
901,2333.2246387268947,1863.3999999999992,469.8246387268955
902,2261.735774199811,1845.2999999999997,416.4357741998115
903,2202.803873496918,1830.9000000000015,371.90387349691673
904,2130.0508050032595,1804.9000000000003,325.15080500325917
905,2081.0824486428487,1787.8999999999999,293.18244864284884
906,2032.3360736598784,1739.0000000000002,293.33607365987814
907,1999.641010122401,1720.4,279.2410101224009
908,1961.449314989955,1695.6,265.849314989955
909,1955.346066461098,1736.5,218.84606646109796
910,1932.467605942304,1732.999999999999,199.467605942305
911,1926.546789910748,1762.599999999999,163.94678991074898
912,1895.8579250512391,1729.5999999999995,166.25792505123968
913,0.0961072267738184,1315.0000000000002,-1314.9038927732265
914,3.521236044266101,1359.1000000000001,-1355.578763955734
915,21.517123860029297,1422.5000000000002,-1400.982876139971
916,71.98044657554051,1484.2999999999997,-1412.3195534244592
917,141.00045905524763,1481.8999999999996,-1340.899540944752
918,263.3678913125895,1591.3999999999999,-1328.0321086874103
919,342.0074758422081,1554.9000000000003,-1212.8925241577922
920,2714.816524785328,1931.4,783.416524785328
921,2638.7048464484205,1929.8999999999999,708.8048464484207
922,2501.649100093101,1848.399999999999,653.249100093102
923,2390.781485382151,1840.1000000000006,550.6814853821504
924,2218.136669057291,1718.0,500.1366690572909
925,2045.0471503780727,1695.8,349.2471503780728
926,1946.6026996595635,1687.5000000000007,259.10269965956286
927,1836.567772895899,1639.3999999999996,197.16777289589936
928,1792.8932793465638,1640.5999999999997,152.29327934656408
929,1753.6102761326,1637.1999999999998,116.41027613260007
930,1803.1634767938804,1758.099999999999,45.063476793881364
931,1828.0517726957737,1821.1000000000008,6.951772695772888
932,1862.4975524884935,1902.1000000000008,-39.60244751150731
933,1877.9556060235009,1929.8999999999999,-51.944393976498986
934,1929.605859519216,2034.8999999999994,-105.29414048078343
935,1961.210048073224,2083.400000000001,-122.18995192677698
936,1980.2425038193203,2100.0000000000023,-119.75749618068198
937,1.2718139303497733,1644.5000000000002,-1643.2281860696505
938,20.44766338403683,1713.4000000000005,-1692.9523366159638
939,64.59678378857153,1687.3000000000006,-1622.7032162114292
940,140.7022597899768,1674.2000000000005,-1533.4977402100237
941,246.59099262296377,1699.0000000000007,-1452.409007377037
942,361.5666657308621,1732.3999999999992,-1370.8333342691371
943,489.095265912609,1785.9,-1296.8047340873911
944,2901.409864085776,2210.9,690.5098640857759
945,2833.415526643681,2208.2999999999997,625.1155266436813
946,2743.362220666526,2185.4999999999995,557.8622206665264
947,2581.5003722236,2107.500000000001,474.00037222359924
948,2402.8589930340145,1971.000000000001,431.85899303401357
949,2224.3579820514155,1889.599999999999,334.75798205141655
950,2061.1437745195194,1823.8000000000013,237.3437745195181
951,1998.3111231942537,1905.400000000001,92.9111231942527
952,1971.6030812849983,1959.0,12.603081284998325
953,1945.45588791568,1953.2999999999995,-7.844112084319477
954,1960.2148119319336,1991.9999999999993,-31.785188068065736
955,1978.9337649264785,2011.599999999999,-32.66623507352051
956,2030.907307253313,2118.100000000001,-87.19269274668773
957,2033.02417080773,2102.800000000001,-69.7758291922712
958,2040.7667345870748,2103.6000000000013,-62.833265412926494
959,2074.520602893916,2163.1999999999994,-88.67939710608334
960,2097.50264163627,2191.5999999999995,-94.09735836372965
961,14.012705141723426,1804.1000000000006,-1790.0872948582771
962,67.17307083811454,1837.5000000000007,-1770.3269291618863
963,168.19497138133295,1857.8999999999983,-1689.7050286186654
964,286.85414387859527,1864.899999999999,-1578.0458561214036
965,410.4157373740572,1877.4,-1466.9842626259428
966,522.8828719420615,1871.0999999999985,-1348.217128057937
967,624.205297391844,1861.7999999999988,-1237.5947026081549
968,3051.28965982258,2318.6,732.6896598225799
969,2938.9311679538846,2220.5000000000005,718.4311679538841
970,2818.942436970517,2149.5000000000005,669.4424369705166
971,2719.520756703871,2091.700000000001,627.8207567038698
972,2531.620634892786,2015.8,515.8206348927858
973,2309.657170965628,1864.2999999999988,445.3571709656294
974,2154.184216548964,1830.3000000000009,323.88421654896297
975,2024.9957662753295,1781.6000000000001,243.39576627532938
976,1948.516974475461,1776.0999999999992,172.41697447546176
977,1922.924747797803,1832.8000000000018,90.12474779780132
978,1953.3232310484364,1927.8999999999999,25.42323104843649
979,2039.5204788478277,2101.8000000000015,-62.27952115217386
980,2060.3798243045258,2131.8,-71.42017569547443
981,2120.0709336284453,2245.1,-125.02906637155456
982,2176.27947143204,2338.3000000000006,-162.0205285679608
983,2164.039038578075,2272.8000000000006,-108.76096142192546
984,2200.222692297291,2323.899999999999,-123.67730770270828
985,36.22284824753015,1935.3000000000004,-1899.0771517524702
986,121.83806944515466,1930.7,-1808.8619305548455
987,234.11981852536053,1913.5000000000011,-1679.3801814746407
988,378.89202701025806,1962.6,-1583.7079729897418
989,499.48049854941695,1951.0999999999997,-1451.6195014505827
990,598.0101344093828,1914.4000000000012,-1316.3898655906185
991,691.4164885619979,1890.899999999999,-1199.4835114380012
992,3093.374586979899,2294.7,798.6745869798992
993,3002.234939997245,2263.4000000000005,738.8349399972444
994,2840.2821511496527,2136.9,703.3821511496526
995,2690.7272175809485,2096.000000000002,594.7272175809467
996,2571.0839193567926,2044.5999999999995,526.4839193567932
997,2385.83187890878,1937.9000000000005,447.93187890877925
998,2311.338115678432,1891.2999999999988,420.0381156784333
999,2213.8272426382887,1884.0999999999997,329.727242638289
1000,2121.489591229084,1905.100000000001,216.38959122908295
1001,2087.6461229215274,1928.6999999999998,158.9461229215276
1002,2103.1777172126367,1997.3999999999987,105.77771721263798
1003,2124.9628149743967,2046.3999999999999,78.56281497439682
1004,2127.716673612887,2064.999999999999,62.71667361288792
1005,2121.2612459581346,2059.399999999999,61.86124595813544
1006,2176.6974905399074,2189.0999999999995,-12.402509460092006
1007,2174.5294983177887,2176.3999999999996,-1.8705016822109428
1008,2140.8280570881643,2098.100000000002,42.72805708816213
1009,16.20587658558594,1701.5000000000002,-1685.2941234144143
1010,63.8753689046427,1697.3,-1633.4246310953572
1011,168.107734367064,1755.899999999999,-1587.792265632935
1012,276.9488734358631,1759.0999999999992,-1482.1511265641361
1013,355.95450470509905,1685.8000000000004,-1329.8454952949014
1014,442.30098030517576,1653.6000000000006,-1211.299019694825
1015,524.4836287813475,1629.7,-1105.2163712186525
1016,2897.1790763386603,2002.599999999998,894.5790763386622
1017,2790.806682581909,1950.1999999999994,840.6066825819098
1018,2685.8486716010025,1950.6999999999996,735.1486716010029
1019,2545.171047714544,1844.8999999999999,700.271047714544
1020,2392.4492840786247,1762.8999999999987,629.549284078626
1021,2223.3839877036908,1742.2999999999995,481.08398770369126
1022,2037.7862137242355,1619.4,418.3862137242354
1023,1865.959696453428,1511.0000000000002,354.9596964534278
1024,1792.4814074105966,1522.2,270.28140741059656
1025,1712.994409479263,1480.4999999999998,232.49440947926314
1026,1687.4834618771677,1470.5999999999997,216.88346187716797
1027,1704.3680517438038,1545.8000000000002,158.5680517438036
1028,1730.003888304682,1641.1,88.90388830468214
1029,1749.4289159949203,1707.5000000000005,41.92891599491986
1030,1717.89321036967,1654.6000000000004,63.29321036966962
1031,1733.5278336089775,1706.7000000000005,26.827833608977016
1032,1734.556315479895,1720.2,14.356315479894874
1033,0.0,1266.6,-1266.6
1034,0.0859251921496051,1294.8999999999999,-1294.8140748078501
1035,1.810021415955608,1325.8000000000004,-1323.9899785840448
1036,13.078345311563709,1358.6000000000001,-1345.5216546884365
1037,30.041442117131734,1319.3000000000004,-1289.2585578828687
1038,65.99226572562007,1309.3999999999994,-1243.4077342743794
1039,124.51446291028108,1327.500000000001,-1202.9855370897199
1040,2449.389703050437,1726.4999999999995,722.8897030504377
1041,2384.09633625386,1735.0999999999995,648.9963362538606
1042,2333.1933547744343,1760.4999999999989,572.6933547744354
1043,2266.894184218739,1751.099999999999,515.7941842187402
1044,2239.823796096202,1835.4000000000017,404.42379609620025
1045,2143.957797779252,1764.899999999999,379.05779777925295
1046,2107.772980944896,1808.9000000000003,298.87298094489574
1047,2034.106589165033,1767.999999999999,266.10658916503394
1048,1981.3139677827423,1819.8000000000009,161.51396778274147
1049,2004.2487965204568,1897.8999999999999,106.34879652045697
1050,1996.7859179181817,1907.2000000000012,89.58591791818048
1051,2006.5000390287807,1940.7000000000003,65.80003902878047
1052,2017.8965326249129,1977.3000000000013,40.59653262491156
1053,2019.3572088439128,1988.6,30.75720884391285
1054,2026.510214726964,2010.4999999999989,16.01021472696516
1055,2011.837672330148,1979.9000000000012,31.937672330146825
1056,2020.7022431692824,2005.5999999999985,15.102243169283838
1057,2.692691787599454,1520.3000000000002,-1517.6073082124008
1058,16.766842047005802,1510.3,-1493.533157952994
1059,48.00215507586002,1493.4999999999995,-1445.4978449241396
1060,105.64158481337508,1490.2999999999997,-1384.6584151866246
1061,181.671208385512,1491.7999999999997,-1310.1287916144877
1062,259.76740952748526,1479.0999999999997,-1219.3325904725143
1063,343.04869202907,1483.3999999999996,-1140.3513079709296
1064,2725.308809652689,1903.7000000000012,821.6088096526878
1065,2620.016529127262,1841.2000000000003,778.8165291272617
1066,2547.332832455733,1849.7999999999988,697.532832455734
1067,2388.9976716291376,1761.299999999999,627.6976716291385
1068,2308.4077888134657,1734.4999999999995,573.9077888134661
1069,2145.06793089984,1636.7,508.3679308998401
1070,1988.6403241982148,1556.3999999999999,432.2403241982149
1071,1852.78801731194,1528.500000000001,324.28801731193903
1072,1823.327708334004,1580.4000000000008,242.92770833400323
1073,1795.8895813766255,1572.9999999999998,222.88958137662576
1074,1755.2465869727766,1527.400000000001,227.84658697277564
1075,1728.2919046597638,1518.7,209.5919046597637
1076,1699.319441103025,1505.8000000000002,193.51944110302475
1077,1644.3507137472266,1432.8000000000002,211.55071374722638
1078,1581.696075867187,1347.7,233.99607586718685
1079,1562.6403235852304,1365.3000000000004,197.34032358522995
1080,1534.6712440028614,1355.1000000000004,179.57124400286102
1081,0.0,940.4000000000001,-940.4000000000001
1082,0.0,964.7999999999995,-964.7999999999995
1083,0.0,909.3,-909.3
1084,0.0370408689708298,938.8,-938.7629591310291
1085,0.4826186536101703,962.7999999999997,-962.3173813463895
1086,1.528813795932069,897.1000000000004,-895.5711862040683
1087,5.233114381821188,892.3000000000005,-887.0668856181793
1088,1990.2652541143611,1270.3,719.9652541143612
1089,1832.840657364026,1119.8999999999996,712.9406573640263
1090,1685.124323046598,1065.8000000000004,619.3243230465976
1091,1518.7034172773165,988.1000000000004,530.6034172773161
1092,1341.2069153520144,951.9,389.30691535201447
1093,1162.1263099381902,883.2000000000002,278.92630993819
1094,992.0209018899671,795.0999999999998,196.92090188996735
1095,847.1546043083962,748.7999999999996,98.35460430839657
1096,752.3313242502284,736.4999999999997,15.831324250228704
1097,722.8797400092368,772.4000000000007,-49.52025999076386
1098,747.1392922671416,867.2999999999998,-120.16070773285821
1099,802.9028293165113,972.0999999999997,-169.19717068348837
1100,837.6386407763251,1042.3,-204.66135922367482
1101,827.3015769737337,1007.3000000000004,-179.99842302626666
1102,851.1114721548133,1052.0,-200.88852784518667
1103,886.2905816156983,1115.4999999999995,-229.20941838430122
1104,942.5043726438488,1219.8999999999996,-277.39562735615084
1105,0.0,848.6999999999999,-848.6999999999999
1106,0.0,860.8000000000002,-860.8000000000002
1107,0.0,859.5000000000002,-859.5000000000002
1108,0.0,949.5999999999999,-949.5999999999999
1109,0.0,920.7999999999998,-920.7999999999998
1110,0.0,891.4000000000004,-891.4000000000004
1111,0.056127082960369,952.5,-952.4438729170396
1112,1565.112785655063,1331.400000000001,233.7127856550619
1113,1520.0190167234482,1323.9000000000003,196.11901672344788
1114,1429.2332950788334,1293.6999999999996,135.53329507883382
1115,1293.6090465970556,1213.7999999999993,79.8090465970563
1116,1102.561924330168,1065.1000000000001,37.4619243301679
1117,943.3149805871054,923.0999999999996,20.214980587105856
1118,820.7623784006208,920.1999999999999,-99.4376215993791
1119,767.6677018785916,1003.2000000000004,-235.53229812140876
1120,723.8530245418316,1042.5,-318.6469754581684
1121,778.0430152404415,1072.0000000000002,-293.95698475955874
1122,805.4300796385047,1125.3999999999996,-319.9699203614949
1123,874.0194169363684,1228.5,-354.48058306363157
1124,943.2163980920424,1334.700000000001,-391.4836019079586
1125,994.494794321683,1393.3999999999992,-398.9052056783162
1126,1046.0105724457908,1448.8000000000009,-402.7894275542101
1127,1124.1435927464688,1562.3999999999987,-438.2564072535299
1128,1172.5146279060295,1599.0999999999988,-426.5853720939692
1129,0.0,1243.5000000000005,-1243.5000000000005
1130,0.0,1245.2000000000003,-1245.2000000000003
1131,0.0,1341.3000000000006,-1341.3000000000006
1132,0.3493726598925519,1376.5,-1376.1506273401073
1133,2.4064305632303737,1473.1000000000001,-1470.6935694367698
1134,11.060533913470731,1496.6999999999991,-1485.6394660865285
1135,26.24272874211669,1489.4999999999993,-1463.2572712578826
1136,2149.252422989428,1866.399999999999,282.852422989429
1137,2062.1757741603137,1780.0999999999997,282.07577416031404
1138,1985.9255326259367,1776.8999999999994,209.02553262593733
1139,1857.8041793045163,1714.4000000000003,143.404179304516
1140,1677.4402098542091,1596.6999999999991,80.74020985420998
1141,1510.983756820269,1514.8999999999996,-3.9162431797306
1142,1373.6312304806231,1470.3999999999996,-96.76876951937652
1143,1296.282070317142,1438.9,-142.61792968285818
1144,1247.6512019187314,1473.4,-225.74879808126866
1145,1244.038665990055,1511.5,-267.46133400994495
1146,1331.5489522651633,1690.4000000000008,-358.8510477348375
1147,1375.9247994025282,1705.9000000000005,-329.9752005974724
1148,1427.7784002323592,1766.099999999999,-338.3215997676398
1149,1473.361518772596,1811.6000000000006,-338.2384812274047
1150,1562.853804090845,1951.0999999999997,-388.2461959091547
1151,1613.1317498345422,1992.0999999999992,-378.968250165457
1152,1676.1609529240643,2061.399999999999,-385.2390470759349
1153,0.0575188188952227,1695.0000000000005,-1694.9424811811052
1154,2.19149032199689,1699.0000000000007,-1696.8085096780037
1155,18.464590641816116,1758.5999999999992,-1740.135409358183
1156,54.91674198823728,1770.499999999999,-1715.5832580117617
1157,144.2838465835929,1842.0,-1697.716153416407
1158,243.83555414344627,1834.600000000002,-1590.7644458565558
1159,347.3556637629964,1819.6000000000006,-1472.244336237004
1160,2768.3185013420107,2275.7000000000007,492.61850134200995
1161,2726.72009211186,2299.7000000000003,427.02009211185987
1162,2628.5247156542864,2257.1,371.4247156542865
1163,2491.9493936730164,2209.0,282.9493936730164
1164,2379.5768746889444,2156.1000000000004,223.476874688944
1165,2196.153796611484,2062.699999999999,133.4537966114849
1166,2087.1267411816207,2066.9999999999986,20.126741181622037
1167,1995.88033085937,2026.5000000000002,-30.61966914063032
1168,1929.8431850671295,1989.1999999999998,-59.35681493287029
1169,1919.8505336977496,1965.6000000000008,-45.74946630225122
1170,1984.363322124742,2088.300000000002,-103.9366778752601
1171,2043.6280175383931,2190.5999999999995,-146.97198246160633
1172,2053.3269780384067,2181.2999999999993,-127.97302196159262
1173,2070.3740771950697,2190.3999999999996,-120.0259228049299
1174,2106.223387152702,2242.5000000000005,-136.27661284729857
1175,2170.577917910826,2351.199999999999,-180.6220820891731
1176,2181.4690560723734,2333.9,-152.43094392762669
1177,30.37467141370526,1876.0999999999997,-1845.7253285862944
1178,104.12833975851292,1887.0999999999992,-1782.9716602414862
1179,241.6467056250501,1972.5000000000011,-1730.853294374951
1180,360.3525038329233,1957.5000000000002,-1597.147496167077
1181,518.6273280793522,2036.1999999999994,-1517.5726719206473
1182,661.6313101879613,2085.800000000001,-1424.1686898120397
1183,766.9064026336405,2066.799999999999,-1299.8935973663583
1184,3188.866892679717,2490.0,698.8668926797168
1185,3095.496354087764,2411.499999999999,683.9963540877648
1186,2979.201835003345,2351.5999999999995,627.6018350033455
1187,2849.8656605413257,2345.8,504.06566054132554
1188,2721.282056409163,2266.4000000000015,454.8820564091616
1189,2545.4581092213425,2198.4999999999986,346.9581092213439
1190,2387.0664002448125,2145.9000000000005,241.16640024481194
1191,2298.030604389541,2149.8000000000006,148.23060438954053
1192,2232.220688567026,2117.0,115.22068856702617
1193,2189.156754823582,2158.7999999999997,30.356754823582378
1194,2223.4431696502456,2244.5000000000005,-21.05683034975482
1195,2245.8263128147764,2259.7000000000003,-13.873687185223844
1196,2318.5048820091706,2407.699999999999,-89.1951179908283
1197,2380.851008124828,2516.7000000000003,-135.8489918751725
1198,2424.106649657391,2572.4999999999995,-148.39335034260876
1199,2422.1176340940247,2525.5000000000014,-103.38236590597671
1200,2462.25855002373,2580.499999999999,-118.241449976269
1201,211.3530056362399,2215.3,-2003.9469943637603
1202,412.5259528592512,2324.2999999999993,-1911.774047140748
1203,569.9383375710399,2325.2999999999993,-1755.3616624289593
1204,717.5403676697209,2331.2,-1613.6596323302788
1205,820.9864091849787,2262.1000000000004,-1441.1135908150218
1206,914.6722406029596,2204.999999999999,-1290.3277593970395
1207,1024.7951033520796,2210.6000000000004,-1185.8048966479207
1208,3431.46623296332,2612.799999999999,818.6662329633214
1209,3364.455160756044,2617.3,747.1551607560436
1210,3256.82991041025,2564.4,692.4299104102497
1211,3135.4768234054463,2512.599999999999,622.8768234054473
1212,3054.233756656805,2488.7000000000003,565.5337566568046
1213,2943.784381491295,2473.500000000002,470.28438149129306
1214,2851.4609467792698,2471.5000000000023,379.9609467792675
1215,2735.9904448872635,2420.5999999999995,315.39044488726404
1216,2696.3832205132558,2472.300000000002,224.08322051325376
1217,2686.272114119398,2482.3000000000006,203.97211411939725
1218,2724.542486894172,2575.5,149.04248689417182
1219,2742.9956222976466,2624.4000000000005,118.59562229764606
1220,2757.4512921792552,2661.2,96.25129217925542
1221,2767.786709716439,2683.3000000000006,84.48670971643833
1222,2778.361810550009,2703.899999999999,74.46181055000989
1223,2776.868495078019,2695.2000000000007,81.66849507801817
1224,2808.513920650965,2760.1000000000004,48.41392065096443
1225,500.6100939952077,2340.7000000000003,-1840.0899060047925
1226,630.9874020787001,2292.5000000000005,-1661.5125979213003
1227,762.149352684311,2274.4000000000005,-1512.2506473156895
1228,848.9787098543861,2187.899999999999,-1338.921290145613
1229,902.7495185543568,2061.6999999999994,-1158.9504814456427
1230,967.7433401836678,1997.5999999999988,-1029.856659816331
1231,1045.3390648592156,1983.9,-938.5609351407845
1232,3417.0089729587044,2360.9999999999986,1056.0089729587057
1233,3316.183058718745,2327.799999999999,988.3830587187463
1234,3164.209288061991,2232.4,931.8092880619911
1235,3033.514858239024,2131.8,901.7148582390237
1236,2944.741657397288,2114.1000000000004,830.6416573972874
1237,2809.341394320564,2068.3999999999987,740.9413943205655
1238,2659.0560046788937,1954.4999999999993,704.5560046788944
1239,2541.723694789662,1945.1999999999998,596.5236947896624
1240,2465.0953936191568,1902.4000000000008,562.695393619156
1241,2400.908853988208,1890.299999999999,510.60885398820915
1242,2337.935111204721,1853.4999999999989,484.43511120472226
1243,2273.555569293219,1795.5000000000007,478.05556929321824
1244,2206.4841237020837,1739.7,466.78412370208366
1245,2161.903131853922,1732.599999999999,429.3031318539229
1246,2073.4012316581466,1621.6999999999998,451.70123165814675
1247,2018.5658426026584,1592.8999999999996,425.6658426026588
1248,1964.500573408783,1561.9999999999986,402.5005734087845
1249,0.0867212449753027,1066.3000000000004,-1066.2132787550252
1250,0.9056545190692638,1114.6999999999994,-1113.7943454809301
1251,7.902685785360807,1102.4000000000003,-1094.4973142146396
1252,18.946077208165143,1071.9000000000003,-1052.953922791835
1253,41.74782126438641,1071.1000000000001,-1029.3521787356137
1254,84.48362342385647,1099.9000000000005,-1015.4163765761441
1255,136.64162284064193,1115.5999999999995,-978.9583771593575
1256,2474.683484510414,1548.9000000000005,925.7834845104135
1257,2329.6759997308754,1463.0000000000005,866.675999730875
1258,2147.4239633252355,1302.7999999999997,844.6239633252358
1259,1957.426527500348,1261.5000000000005,695.9265275003474
1260,1721.181840549437,1108.5000000000002,612.6818405494369
1261,1526.9374105774598,1065.8000000000004,461.1374105774594
1262,1383.3314543581337,1080.0,303.33145435813367
1263,1269.128398864602,1034.8999999999999,234.22839886460224
1264,1267.9260594485393,1132.1,135.82605944853935
1265,1214.778981965582,1167.5999999999997,47.17898196558235
1266,1224.4867311866724,1189.2000000000005,35.28673118667189
1267,1272.9298801713223,1314.0,-41.07011982867766
1268,1276.160224649012,1331.000000000001,-54.83977535098893
1269,1295.5497861567349,1379.1000000000004,-83.55021384326551
1270,1329.9652088485943,1452.9000000000005,-122.93479115140622
1271,1358.903561906052,1507.9999999999995,-149.09643809394765
1272,1386.135399803637,1551.8000000000004,-165.66460019636338
1273,0.0,1133.8,-1133.8
1274,0.0,1163.7999999999997,-1163.7999999999997
1275,0.0,1191.4000000000005,-1191.4000000000005
1276,0.1275084985099237,1170.0999999999997,-1169.9724915014897
1277,0.8441842565298153,1206.7999999999995,-1205.9558157434697
1278,5.813170934032179,1250.1000000000001,-1244.286829065968
1279,15.633938638682247,1242.0,-1226.3660613613179
1280,2169.0866438117014,1729.4999999999995,439.58664381170183
1281,2094.1399413732997,1699.2000000000007,394.939941373299
1282,1984.7454456292355,1668.9000000000003,315.8454456292352
1283,1829.7977165994628,1525.8000000000006,303.99771659946214
1284,1642.8871651423174,1441.0000000000007,201.8871651423167
1285,1477.7393857099394,1406.2999999999995,71.43938570993987
1286,1336.2657119111475,1351.1000000000001,-14.834288088852645
1287,1238.1192129982076,1275.0999999999988,-36.980787001791214
1288,1193.2735159791157,1279.8999999999987,-86.62648402088303
1289,1167.0865073335806,1353.3000000000004,-186.21349266641982
1290,1207.7612497720029,1438.1,-230.33875022799702
1291,1281.8179660019769,1546.2000000000003,-264.3820339980234
1292,1287.027926842558,1521.4,-234.37207315744217
1293,1318.8451506656131,1561.199999999999,-242.3548493343858
1294,1358.4512320200815,1615.0000000000007,-256.54876797991915
1295,1362.114676607994,1586.2000000000003,-224.08532339200633
1296,1404.3158253083125,1647.6,-243.28417469168744
1297,0.0,1226.1999999999998,-1226.1999999999998
1298,0.0,1278.8999999999987,-1278.8999999999987
1299,0.1024646321035692,1311.8,-1311.6975353678963
1300,1.8763384640412075,1449.4000000000005,-1447.5236615359593
1301,11.635553944019094,1484.9999999999995,-1473.3644460559804
1302,35.22948915997467,1546.2000000000003,-1510.9705108400256
1303,85.33955482490992,1578.8000000000002,-1493.4604451750902
1304,2410.9338625393343,2036.4999999999993,374.433862539335
1305,2334.481753858826,2011.499999999999,322.9817538588268
1306,2191.2725051643906,1902.1000000000008,289.1725051643898
1307,2035.26891670136,1784.6000000000008,250.6689167013592
1308,1856.920552598635,1698.3,158.62055259863496
1309,1702.2154318932403,1642.1000000000001,60.11543189324016
1310,1548.1632238406846,1578.8000000000002,-30.63677615931556
1311,1416.9372532215605,1520.3000000000002,-103.36274677843971
1312,1305.201944036843,1439.9000000000008,-134.69805596315769
1313,1295.5083393203683,1512.6,-217.09166067963156
1314,1349.2147992957318,1622.7000000000003,-273.48520070426844
1315,1429.979457363708,1729.9999999999995,-300.02054263629157
1316,1475.032309603765,1780.6999999999996,-305.66769039623455
1317,1517.7144354510856,1823.4000000000015,-305.68556454891586
1318,1548.336823975889,1840.1000000000006,-291.76317602411154
1319,1588.028633225594,1877.3000000000002,-289.27136677440626
1320,1591.721705848605,1836.2000000000014,-244.4782941513963
1321,0.0,1435.3,-1435.3
1322,0.273919198854528,1468.6999999999998,-1468.4260808011452
1323,3.379545262529127,1510.1999999999998,-1506.8204547374708
1324,12.812795313948206,1459.1,-1446.2872046860516
1325,35.64180494501307,1501.0,-1465.358195054987
1326,75.49668052315988,1481.2999999999995,-1405.8033194768395
1327,116.29341550867808,1406.2999999999995,-1290.0065844913215
1328,2380.240502002029,1724.6999999999994,655.5405020020298
1329,2283.2450514664465,1712.5000000000002,570.7450514664463
1330,2169.4040783810915,1635.9,533.5040783810914
1331,1945.9288849752988,1460.9000000000003,485.0288849752985
1332,1712.0934967382016,1279.3999999999987,432.69349673820284
1333,1520.3211117061808,1176.6000000000001,343.72111170618064
1334,1290.149896113045,1024.1,266.0498961130452
1335,1172.4532423833352,1002.0000000000003,170.4532423833349
1336,1104.8033910768625,1091.8,13.0033910768625
1337,1042.5590865322476,1070.1000000000001,-27.54091346775249
1338,1058.7096707364797,1168.2999999999997,-109.59032926352006
1339,1126.9191690472082,1282.3999999999992,-155.48083095279094
1340,1157.2630675713613,1338.400000000001,-181.13693242863974
1341,1159.3993640998738,1327.1000000000008,-167.70063590012705
1342,1170.3646380301386,1336.400000000001,-166.03536196986238
1343,1185.7325160068665,1357.7000000000003,-171.96748399313378
1344,1196.8545545045952,1366.6000000000001,-169.74544549540497
1345,0.0,981.1000000000001,-981.1000000000001
1346,0.0,1051.6999999999998,-1051.6999999999998
1347,0.0,1139.5000000000002,-1139.5000000000002
1348,0.0,1151.9999999999993,-1151.9999999999993
1349,0.2566122988671185,1144.0000000000002,-1143.743387701133
1350,0.8464678918712277,1141.6000000000004,-1140.753532108129
1351,4.686139311706464,1173.4999999999998,-1168.8138606882933
1352,1979.477891660733,1620.9,358.5778916607328
1353,1906.6297307142115,1615.0000000000007,291.62973071421084
1354,1771.938961965545,1528.600000000001,243.33896196554406
1355,1646.5315414802765,1471.1999999999998,175.33154148027666
1356,1510.4238281782143,1403.3999999999994,107.0238281782149
1357,1333.18366897815,1332.8000000000009,0.38366897814921685
1358,1215.5797757461492,1367.3000000000002,-151.72022425385103
1359,1102.0946239026275,1327.4000000000008,-225.30537609737326
1360,1082.02530769112,1375.9999999999998,-293.97469230887987
1361,1078.0965982620464,1437.0,-358.9034017379536
1362,1134.6786701099786,1548.3000000000004,-413.6213298900218
1363,1252.7636362541264,1709.0000000000005,-456.2363637458741
1364,1349.1614685271095,1843.5999999999997,-494.4385314728902
1365,1423.715416916222,1920.8000000000009,-497.08458308377885
1366,1469.3440893297516,1932.6000000000004,-463.2559106702488
1367,1577.0257821230753,2086.200000000001,-509.1742178769259
1368,1624.9559469661926,2096.900000000002,-471.94405303380927
1369,0.0328489073875181,1772.2999999999988,-1772.2671510926114
1370,3.028273146434217,1856.0999999999985,-1853.0717268535643
1371,15.0683749019637,1777.1999999999994,-1762.1316250980356
1372,48.9012637275824,1809.8000000000009,-1760.8987362724185
1373,123.98564036197412,1838.9000000000003,-1714.914359638026
1374,203.4788765432781,1782.8000000000006,-1579.3211234567225
1375,306.5506440246112,1781.7,-1475.149355975389
1376,2714.666015706497,2223.8000000000006,490.86601570649646
1377,2655.8249225056543,2251.0,404.8249225056543
1378,2505.044587412884,2166.899999999999,338.1445874128849
1379,2329.0448572411333,2046.1999999999998,282.84485724113347
1380,2164.145698589226,1971.4000000000012,192.74569858922473
1381,2010.8493419026188,1921.2000000000005,89.64934190261829
1382,1850.5748155091003,1852.9999999999989,-2.425184490898573
1383,1738.8600309150297,1815.4000000000003,-76.53996908497061
1384,1681.690109361945,1857.8999999999983,-176.20989063805337
1385,1699.1877178623542,1920.4000000000008,-221.21228213764653
1386,1763.5763447695351,2062.799999999999,-299.2236552304637
1387,1898.9710857907053,2272.500000000001,-373.52891420929564
1388,1971.980296480345,2357.199999999999,-385.2197035196539
1389,2048.8119050324435,2445.7999999999997,-396.9880949675562
1390,2095.218031454832,2463.9000000000005,-368.68196854516873
1391,2169.3988148624967,2546.3999999999996,-377.00118513750294
1392,2288.807610575678,2726.600000000001,-437.79238942432266
1393,104.7406055840449,2343.5,-2238.7593944159553
1394,260.85736273152384,2368.1000000000017,-2107.2426372684777
1395,420.2103167104048,2362.099999999999,-1941.8896832895941
1396,589.2672848915624,2384.600000000001,-1795.3327151084384
1397,746.4653906313329,2406.999999999999,-1660.5346093686662
1398,867.0368882545033,2366.7000000000007,-1499.6631117454974
1399,996.956673151942,2375.7000000000016,-1378.7433268480595
1400,3387.8463408647017,2705.099999999999,682.7463408647027
1401,3280.440632399102,2656.9,623.5406323991019
1402,3115.3384279445795,2558.7,556.6384279445797
1403,2919.653405881349,2439.899999999999,479.75340588134986
1404,2683.634001429364,2250.2,433.43400142936434
1405,2446.834503315802,2085.500000000001,361.33450331580116
1406,2238.890825178496,1937.9000000000005,300.99082517849547
1407,2083.9638979271444,1882.0000000000002,201.96389792714422
1408,1956.8537688287,1825.3000000000013,131.5537688286986
1409,1903.7537698906665,1846.999999999999,56.7537698906674
1410,1931.1474642069868,1965.8000000000009,-34.65253579301407
1411,2013.6814089356512,2108.5000000000005,-94.81859106434922
1412,2038.2653728350333,2138.6000000000004,-100.33462716496706
1413,2052.994496876944,2147.6000000000004,-94.60550312305622
1414,2090.5546802054523,2208.3999999999996,-117.84531979454732
1415,2114.2104366972103,2232.8,-118.58956330278988
1416,2148.309049950264,2278.8999999999996,-130.5909500497355
1417,12.226101935924882,1310.4999999999993,-1298.2738980640745
1418,61.86284286541742,1349.9000000000005,-1288.0371571345831
1419,150.25184613339454,1349.3000000000006,-1199.048153866606
1420,277.75240573513446,1382.7000000000005,-1104.947594264866
1421,400.6005461456422,1396.5999999999997,-995.9994538543574
1422,531.8797159392934,1424.8999999999996,-893.0202840607062
1423,638.9288030737404,1425.6,-786.6711969262595
1424,3046.382796059059,1730.699999999999,1315.68279605906
1425,2894.725718502923,1645.999999999999,1248.7257185029239
1426,2712.118706132429,1562.9999999999995,1149.1187061324295
1427,2512.330047560589,1442.7999999999995,1069.5300475605893
1428,2235.2013595488106,1263.2000000000007,972.0013595488099
1429,2005.4024642729576,1175.7,829.7024642729575
1430,1840.9702193958988,1127.7999999999993,713.1702193958995
1431,1671.1822037857946,1087.7000000000007,583.4822037857939
1432,1612.476721164847,1141.1999999999996,471.27672116484746
1433,1575.187317947334,1154.7000000000003,420.4873179473336
1434,1577.7397913447078,1215.7000000000007,362.03979134470706
1435,1621.3724433114678,1267.2,354.17244331146776
1436,1641.6716234582257,1294.1999999999998,347.47162345822585
1437,1665.959393393563,1327.6,338.3593933935631
1438,1691.8909316166703,1360.5,331.3909316166703
1439,1742.4446490312216,1430.1,312.3446490312217
1440,1773.8629978215172,1461.1000000000004,312.7629978215168
1441,0.0310900100598478,1127.7999999999993,-1127.7689099899394
1442,0.7787248661636004,1161.000000000001,-1160.2212751338373
1443,17.80356327402914,1271.3,-1253.4964367259709
1444,58.36591678498716,1268.8,-1210.4340832150128
1445,148.6383597306301,1303.6,-1154.9616402693698
1446,257.2599715391493,1315.7999999999993,-1058.54002846085
1447,364.3510931846612,1319.6999999999996,-955.3489068153384
1448,2797.480552402322,1667.2,1130.2805524023217
1449,2690.2083934895923,1641.8999999999996,1048.3083934895926
1450,2495.7517620895096,1513.6999999999991,982.0517620895105
1451,2305.73017306051,1438.0999999999992,867.6301730605107
1452,2101.069579995893,1353.3000000000002,747.7695799958929
1453,1877.6356213292008,1241.799999999999,635.8356213292018
1454,1687.8956202727256,1176.1999999999998,511.6956202727258
1455,1580.3827578062824,1190.4000000000003,389.98275780628205
1456,1502.6138932072736,1205.3,297.3138932072736
1457,1451.876235022228,1205.3,246.57623502222805
1458,1555.9666299919652,1390.7999999999997,165.16662999196546
1459,1642.9256429430104,1476.5000000000007,166.42564294300973
1460,1733.399773176266,1578.4,154.999773176266
1461,1785.63833366602,1611.4,174.2383336660198
1462,1859.908558970199,1681.8000000000002,178.10855897019883
1463,1927.0802480153848,1736.2999999999986,190.78024801538618
1464,1999.7666674244192,1797.299999999999,202.46666742442017
1465,9.528481548967958,1542.6000000000001,-1533.0715184510323
1466,52.73695610592004,1545.0,-1492.26304389408
1467,155.42101302315777,1552.6000000000008,-1397.1789869768431
1468,276.7923588773432,1533.3000000000006,-1256.5076411226573
1469,421.90478360700513,1557.5000000000002,-1135.595216392995
1470,558.855513539353,1565.499999999999,-1006.6444864606461
1471,695.7604070242369,1590.4,-894.6395929757632
1472,3119.977154151383,1896.0000000000002,1223.9771541513826
1473,3070.7785824186817,1914.4999999999998,1156.278582418682
1474,2977.383326722799,1875.200000000001,1102.1833267227983
1475,2890.007480487773,1816.6999999999996,1073.3074804877735
1476,2803.9890413400567,1806.7,997.2890413400567
1477,2729.304194678297,1793.8999999999996,935.4041946782972
1478,2683.288531917115,1834.7999999999997,848.4885319171153
1479,2590.654189602096,1829.9999999999998,760.654189602096
1480,2544.2545359396577,1837.6999999999998,706.5545359396579
1481,2547.410669429241,1916.8999999999999,630.510669429241
1482,2567.7734153519973,1920.1000000000001,647.6734153519972
1483,2573.642723971209,1916.1999999999998,657.442723971209
1484,2563.142098340359,1890.8999999999996,672.2420983403595
1485,2577.986535899392,1912.1999999999994,665.7865358993927
1486,2597.563975553734,1937.4,660.163975553734
1487,2608.642645967952,1946.5999999999997,662.0426459679522
1488,2583.2271677172234,1896.1000000000004,687.1271677172231
1489,273.99527193915384,1564.3999999999994,-1290.4047280608456
1490,403.8947981047524,1544.6,-1140.7052018952475
1491,550.012332964421,1566.799999999999,-1016.787667035578
1492,648.8620150616935,1525.6999999999996,-876.8379849383061
1493,776.5954591038618,1553.4000000000005,-776.8045408961387
1494,875.1762865145367,1542.6000000000001,-667.4237134854634
1495,951.9449156660942,1510.1999999999987,-558.2550843339045
1496,3336.0499550129884,1797.7999999999993,1538.2499550129892
1497,3209.865630722371,1738.5999999999983,1471.2656307223726
1498,3016.4299440325103,1656.1999999999994,1360.229944032511
1499,2794.3698804588003,1538.0000000000002,1256.3698804588
1500,2555.648762953288,1462.1000000000006,1093.5487629532875
1501,2304.437389517288,1345.6000000000004,958.8373895172876
1502,2105.7960771893613,1287.6000000000001,818.1960771893612
1503,2013.275079483337,1304.1,709.1750794833372
1504,2011.880042090305,1329.4999999999995,682.3800420903056
1505,1991.1157412800355,1446.8999999999996,544.2157412800359
1506,2013.577216931124,1531.8000000000002,481.7772169311238
1507,2068.745027739358,1590.8,477.94502773935824
1508,2138.228310330165,1695.0000000000002,443.22831033016496
1509,2147.64546676239,1688.3,459.34546676238983
1510,2188.768372002049,1737.4999999999984,451.2683720020507
1511,2227.198815312624,1776.2000000000005,450.9988153126235
1512,2230.1443631861807,1755.8999999999999,474.24436318618086
1513,66.31007805741976,1545.8999999999996,-1479.5899219425798
1514,201.23710943818637,1579.9,-1378.6628905618138
1515,342.229346197235,1574.7999999999997,-1232.5706538027648
1516,462.03641884669526,1539.000000000001,-1076.9635811533058
1517,562.513432764679,1493.8999999999999,-931.3865672353209
1518,660.2017401928791,1467.900000000001,-807.6982598071219
1519,758.0707756119226,1456.8000000000006,-698.729224388078
1520,3129.9955206258032,1708.4000000000012,1421.595520625802
1521,3007.67640583688,1666.4,1341.2764058368798
1522,2885.0923395113878,1611.3000000000002,1273.7923395113876
1523,2707.0857873083683,1514.6999999999991,1192.3857873083691
1524,2471.037828298766,1418.9000000000005,1052.1378282987653
1525,2273.26026571952,1349.3000000000006,923.9602657195192
1526,2101.632739102832,1326.3000000000002,775.332739102832
1527,2032.486207079964,1306.9999999999995,725.4862070799645
1528,1935.8418065023611,1320.7999999999995,615.0418065023616
1529,1921.873338928444,1319.4999999999995,602.3733389284444
1530,1916.254237036592,1381.6000000000004,534.6542370365917
1531,1902.9610879387355,1361.0,541.9610879387355
1532,1872.4710911736197,1323.8999999999999,548.5710911736198
1533,1858.9774131925456,1320.6999999999996,538.277413192546
1534,1850.9955332170923,1325.6,525.3955332170924
1535,1829.7290220129933,1305.8999999999996,523.8290220129936
1536,1826.6450591239152,1317.1999999999996,509.4450591239156
1537,0.0648208394787035,1019.8,-1019.7351791605213
1538,0.4841271816784591,980.4,-979.9158728183215
1539,8.423944827679716,1028.3999999999999,-1019.9760551723201
1540,33.99951789308635,1083.8000000000004,-1049.8004821069142
1541,86.19484539283505,1093.5000000000002,-1007.3051546071652
1542,178.07688159901105,1141.9999999999993,-963.9231184009883
1543,255.64218521730763,1124.3999999999999,-868.7578147826922
1544,2609.6766840484797,1395.0999999999997,1214.57668404848
1545,2488.587897420902,1360.8000000000002,1127.787897420902
1546,2360.727609416409,1320.4999999999995,1040.2276094164095
1547,2135.4061208508406,1184.7000000000003,950.7061208508403
1548,1951.2485779646845,1156.0000000000005,795.248577964684
1549,1777.4661040878295,1106.4999999999998,670.9661040878298
1550,1626.568965447461,1088.1000000000008,538.4689654474603
1551,1528.277516569833,1003.6000000000003,524.6775165698328
1552,1476.4158832726152,1077.8000000000004,398.61588327261484
1553,1468.7889472306465,1126.5999999999997,342.1889472306468
1554,1477.5272789400976,1175.8,301.7272789400977
1555,1559.8367734769315,1296.0,263.8367734769315
1556,1580.579069057079,1309.0999999999997,271.4790690570794
1557,1606.7911815440834,1334.6999999999996,272.09118154408384
1558,1605.92196166925,1314.1999999999996,291.7219616692505
1559,1636.7967745703406,1350.1000000000006,286.69677457034004
1560,1651.1899408118736,1355.2000000000005,295.9899408118731
1561,0.0,1097.4,-1097.4
1562,0.1869381895515693,1067.6000000000001,-1067.4130618104487
1563,1.456076198648411,1026.9999999999998,-1025.5439238013514
1564,8.545447388785071,1000.1000000000004,-991.5545526112153
1565,20.893414618426963,981.6000000000001,-960.7065853815732
1566,49.95164712778152,1005.3000000000001,-955.3483528722186
1567,100.86358220606802,1021.9,-921.036417793932
1568,2398.224866446738,1315.7999999999993,1082.4248664467386
1569,2350.4190536105,1345.9,1004.5190536105001
1570,2288.677310708083,1345.3000000000002,943.3773107080829
1571,2185.221175154252,1336.3999999999996,848.8211751542522
1572,2042.4745259925853,1271.1,771.3745259925854
1573,1969.4756480961173,1242.1999999999994,727.275648096118
1574,1816.889729520021,1167.9000000000003,648.9897295200208
1575,1732.9011973561005,1147.0999999999992,585.8011973561013
1576,1711.357368651282,1167.2000000000003,544.1573686512818
1577,1651.1907952411457,1107.4999999999998,543.6907952411459
1578,1617.1693633606185,1112.3999999999994,504.7693633606191
1579,1612.3481738895675,1125.6999999999996,486.64817388956794
1580,1611.6371846996046,1147.3999999999994,464.2371846996052
1581,1620.4990066681369,1181.9999999999995,438.4990066681373
1582,1601.586263995487,1166.5000000000002,435.08626399548666
1583,1597.1144670171414,1174.0000000000002,423.1144670171411
1584,1578.526313584101,1157.1000000000006,421.4263135841004
1585,0.0,862.9000000000001,-862.9000000000001
1586,0.0,962.6999999999997,-962.6999999999997
1587,0.5909178584316419,973.7999999999995,-973.2090821415678
1588,6.618010802842014,1000.7000000000004,-994.0819891971584
1589,19.61986912460089,998.8000000000003,-979.1801308753994
1590,49.34485201327596,1022.5999999999999,-973.255147986724
1591,93.42972358573604,1013.7,-920.270276414264
1592,2393.6150083201483,1329.1999999999996,1064.4150083201487
1593,2316.1839005381,1363.2000000000005,952.9839005380993
1594,2171.921009745297,1331.1999999999996,840.7210097452974
1595,1987.3255474565003,1267.0,720.3255474565003
1596,1841.4074035470296,1218.000000000001,623.4074035470287
1597,1678.9584483272122,1153.8000000000002,525.158448327212
1598,1579.4901303262088,1162.1000000000006,417.39013032620824
1599,1443.4218520957736,1127.8999999999994,315.5218520957742
1600,1392.5333152549413,1167.2000000000003,225.333315254941
1601,1395.905436583207,1200.3000000000002,195.6054365832067
1602,1484.3419676964477,1311.0999999999995,173.24196769644823
1603,1523.665621326879,1348.8000000000004,174.86562132687868
1604,1594.7957907092864,1427.6000000000006,167.1957907092858
1605,1644.7432083333529,1470.2000000000007,174.54320833335214
1606,1698.2118967342888,1515.599999999999,182.61189673428976
1607,1766.5367662149918,1585.0000000000005,181.5367662149913
1608,1874.5046638724968,1713.1000000000015,161.40466387249535
1609,1.418908961660688,1453.0000000000007,-1451.58109103834
1610,20.36611906033076,1464.400000000001,-1444.0338809396703
1611,83.66598666921291,1494.8999999999996,-1411.2340133307866
1612,184.08301876537377,1484.0999999999997,-1300.016981234626
1613,305.04926255624537,1481.0000000000005,-1175.950737443755
1614,411.3437402079292,1452.4000000000005,-1041.0562597920714
1615,538.4207988834748,1467.4000000000005,-928.9792011165257
1616,2931.979394419996,1747.1999999999991,1184.7793944199968
1617,2809.134147130289,1711.1000000000015,1098.0341471302875
1618,2616.084572354627,1582.5000000000002,1033.584572354627
1619,2415.740042488153,1501.5999999999992,914.1400424881538
1620,2157.333076798337,1344.4999999999998,812.8330767983373
1621,1923.7510628878545,1203.1999999999998,720.5510628878546
1622,1694.4946346558563,1106.4999999999998,587.9946346558565
1623,1524.5253289187062,1039.3999999999996,485.1253289187066
1624,1425.486445417174,1060.4000000000003,365.08644541717376
1625,1391.1404349690404,1107.7999999999997,283.34043496904064
1626,1431.4837154157665,1223.200000000001,208.28371541576553
1627,1523.364121757114,1337.9999999999998,185.36412175711416
1628,1587.072408816716,1403.6999999999991,183.37240881671687
1629,1623.7497548137728,1427.4000000000005,196.34975481377228
1630,1673.3698247587445,1473.000000000001,200.36982475874356
1631,1721.6111941789334,1513.9999999999995,207.61119417893383
1632,1779.1138249233554,1567.7999999999988,211.3138249233566
1633,0.1001760546153213,1251.6000000000001,-1251.4998239453848
1634,3.879089050846332,1294.8,-1290.9209109491537
1635,22.39943588081113,1306.1999999999994,-1283.8005641191883
1636,72.29643411683959,1317.4999999999993,-1245.2035658831596
1637,188.1663597289946,1393.0999999999997,-1204.933640271005
1638,297.2728424600092,1383.4000000000003,-1086.127157539991
1639,415.42495519703937,1396.2999999999995,-980.8750448029601
1640,2821.4004834200286,1702.6000000000006,1118.800483420028
1641,2687.9192599125627,1638.3999999999994,1049.5192599125633
1642,2434.8230032335723,1442.6999999999994,992.123003233573
1643,2215.550998202877,1320.7999999999995,894.7509982028776
1644,1960.551154389728,1168.9,791.6511543897279
1645,1708.4976690853148,1052.6000000000001,655.8976690853146
1646,1506.890780801503,993.6,513.290780801503
1647,1360.3903935150029,956.9999999999999,403.390393515003
1648,1250.162525390466,950.2999999999997,299.8625253904663
1649,1212.4445226684056,991.5000000000003,220.94452266840528
1650,1251.3864843305155,1087.5000000000007,163.8864843305148
1651,1333.0673906757663,1194.8000000000004,138.2673906757659
1652,1382.1917184462975,1240.8999999999992,141.29171844629832
1653,1444.279469903055,1312.0999999999995,132.17946990305563
1654,1474.8545951880403,1325.6,149.2545951880404
1655,1496.7867127330237,1326.8999999999999,169.88671273302384
1656,1562.3926483074008,1401.7999999999993,160.59264830740153
1657,0.0,1112.0999999999995,-1112.0999999999995
1658,0.0837138819727477,1155.5000000000005,-1155.4162861180278
1659,1.5981297428689962,1166.5000000000002,-1164.9018702571311
1660,11.770642058210154,1164.1000000000001,-1152.32935794179
1661,34.145345153411654,1172.3000000000006,-1138.154654846589
1662,81.80387346800195,1173.3000000000002,-1091.4961265319982
1663,152.07003469967506,1171.5000000000007,-1019.4299653003256
1664,2499.5822046243325,1495.7999999999995,1003.782204624333
1665,2368.269685173276,1418.0000000000005,950.2696851732753
1666,2212.8829866666533,1381.4000000000003,831.482986666653
1667,2035.7881462830007,1311.0999999999995,724.6881462830013
1668,1774.0113287433694,1125.7999999999997,648.2113287433697
1669,1546.3765267684014,1033.2999999999995,513.0765267684019
1670,1330.7239090358405,930.2000000000006,400.5239090358399
1671,1170.5373000660113,876.7999999999994,293.7373000660119
1672,1072.40876759759,883.4999999999997,188.90876759759033
1673,1061.570524174522,951.9,109.67052417452203
1674,1095.2327850588476,1044.1000000000001,51.1327850588475
1675,1178.2537784234814,1141.3999999999994,36.85377842348203
1676,1234.0531139102147,1186.5,47.55311391021473
1677,1305.386744676024,1264.1000000000004,41.286744676023545
1678,1368.9393217944953,1324.1,44.83932179449539
1679,1425.8555060876818,1367.4000000000008,58.45550608768099
1680,1476.3373313579468,1399.8999999999992,76.43733135794764
1681,0.0,1147.0999999999992,-1147.0999999999992
1682,0.0057744017621133,1146.499999999999,-1146.4942255982369
1683,0.647681231518927,1134.3999999999996,-1133.7523187684808
1684,6.0840888783129845,1131.5999999999995,-1125.5159111216865
1685,22.44661921144972,1166.6000000000001,-1144.1533807885505
1686,53.41420687218685,1165.2000000000003,-1111.7857931278133
1687,87.82047586912846,1093.5000000000002,-1005.6795241308718
1688,2375.7331038300167,1418.8000000000006,956.9331038300161
1689,2284.252519025715,1391.1999999999996,893.0525190257156
1690,2092.3826468957354,1299.1999999999998,793.1826468957356
1691,1852.3791852270067,1128.0999999999992,724.2791852270075
1692,1589.0098446086372,974.2999999999996,614.7098446086376
1693,1400.4676671575066,894.8000000000005,505.6676671575061
1694,1195.236942230517,813.3999999999995,381.83694223051737
1695,1018.3597944346956,728.7999999999996,289.55979443469596
1696,887.839163867347,705.6999999999996,182.1391638673474
1697,828.3455683793464,721.8,106.54556837934649
1698,852.5972417548388,817.7999999999997,34.79724175483909
1699,906.792108184056,883.7999999999996,22.992108184056406
1700,926.58682350858,884.2999999999997,42.286823508580255
1701,947.0837964929468,899.7000000000004,47.38379649294643
1702,990.9406018814528,952.2999999999998,38.640601881452994
1703,1015.0900429907424,968.7999999999997,46.29004299074268
1704,1049.3445458076385,1001.8000000000003,47.5445458076382
1705,0.0,705.7999999999996,-705.7999999999996
1706,0.0,706.6999999999997,-706.6999999999997
1707,0.0,670.1000000000004,-670.1000000000004
1708,0.0,642.4000000000002,-642.4000000000002
1709,0.0,600.3999999999997,-600.3999999999997
1710,0.0,636.3000000000002,-636.3000000000002
1711,0.0271642064845422,608.7,-608.6728357935156
1712,1532.089370368827,902.6000000000003,629.4893703688268
1713,1433.0012770525443,832.6999999999999,600.3012770525444
1714,1307.8308814543286,789.7,518.1308814543286
1715,1197.690165101171,723.1999999999998,474.4901651011712
1716,1039.4057497428,659.6000000000001,379.8057497427999
1717,814.3353567141339,587.7000000000004,226.63535671413354
1718,682.3793339157253,568.8,113.57933391572533
1719,530.0070190435467,499.79999999999995,30.20701904354678
1720,381.5956308858278,431.00000000000006,-49.404369114172255
1721,389.8767810978677,521.5999999999998,-131.7232189021321
1722,446.8362455234894,595.2,-148.36375447651062
1723,515.6661974432203,685.9000000000001,-170.23380255677978
1724,579.1918157464464,750.1999999999996,-171.00818425355317
1725,634.208214215057,803.9000000000003,-169.69178578494336
1726,670.4152331713946,822.1999999999998,-151.78476682860526
1727,685.5532823150741,806.2000000000003,-120.64671768492622
1728,713.4392904892478,817.2999999999997,-103.86070951075192
1729,0.0,474.50000000000017,-474.50000000000017
1730,0.0,474.10000000000014,-474.10000000000014
1731,0.0,488.30000000000007,-488.30000000000007
1732,0.0,500.99999999999983,-500.99999999999983
1733,0.0,524.2,-524.2
1734,0.0,584.5000000000002,-584.5000000000002
1735,0.0,603.9,-603.9
1736,1245.8967629385627,911.4000000000001,334.4967629385626
1737,1137.823312682175,814.2999999999995,323.5233126821754
1738,991.4787109546884,770.0,221.47871095468838
1739,809.8575212109723,674.9000000000003,134.957521210972
1740,825.0553358409925,674.6000000000004,150.45533584099212
1741,626.1635514045238,611.4000000000001,14.763551404523696
1742,548.6006352114625,532.0000000000002,16.600635211462304
1743,496.1715266526342,534.4000000000002,-38.22847334736599
1744,415.0822370163908,558.5000000000001,-143.4177629836093
1745,423.3457748799716,586.6000000000004,-163.25422512002876
1746,442.4518744759886,623.8999999999997,-181.44812552401118
1747,490.5588839864601,673.6000000000003,-183.04111601354015
1748,572.7539499228822,766.9000000000001,-194.14605007711793
1749,626.3018964457949,813.3999999999995,-187.0981035542046
1750,712.121268349361,910.0,-197.878731650639
1751,738.1956978758633,900.7000000000003,-162.50430212413698
1752,798.0960730762847,952.0,-153.9039269237153
1753,0.0,659.9,-659.9
1754,0.0,705.0999999999997,-705.0999999999997
1755,0.0,733.4999999999999,-733.4999999999999
1756,0.0,717.3999999999999,-717.3999999999999
1757,0.0,780.0000000000005,-780.0000000000005
1758,0.0,757.4999999999995,-757.4999999999995
1759,0.2275192169969932,766.0,-765.7724807830031
1760,1533.6737668042597,1124.1,409.5737668042598
1761,1462.294283658519,1126.0999999999997,336.1942836585192
1762,1319.7638651741124,1043.8000000000002,275.96386517411224
1763,1123.7780715400422,921.1000000000004,202.67807154004186
1764,962.6819821734216,858.9000000000007,103.78198217342094
1765,782.0780731042142,760.3999999999996,21.678073104214604
1766,646.3244541653444,729.6999999999998,-83.37554583465544
1767,489.65860578945,652.7999999999995,-163.1413942105495
1768,411.56412250411097,653.9999999999997,-242.4358774958887
1769,419.1593024921488,740.0000000000001,-320.8406975078513
1770,474.59106006950304,822.1999999999998,-347.6089399304968
1771,590.3944978956165,945.0000000000001,-354.6055021043836
1772,710.2754282024683,1051.5000000000002,-341.2245717975319
1773,797.530906572785,1113.6999999999994,-316.1690934272143
1774,922.4195786335392,1235.7999999999995,-313.38042136646027
1775,1022.3176649096116,1307.9999999999995,-285.68233509038794
1776,1137.0950260241325,1403.999999999999,-266.9049739758666
1777,0.0,1143.2999999999995,-1143.2999999999995
1778,0.0,1124.8,-1124.8
1779,0.031915145599183,1110.6999999999998,-1110.6680848544006
1780,0.5994374852362231,1108.3999999999996,-1107.8005625147634
1781,2.785832468438929,1121.1999999999998,-1118.414167531561
1782,10.201543444116076,1114.8999999999994,-1104.6984565558832
1783,22.74360992795721,1102.2000000000003,-1079.4563900720432
1784,2080.71567056034,1409.5000000000005,671.2156705603397
1785,2003.416123726708,1402.7999999999993,600.6161237267088
1786,1894.868326790203,1360.2000000000003,534.6683267902026
1787,1753.085477960332,1243.9999999999993,509.0854779603326
1788,1696.783772880107,1204.6,492.1837728801072
1789,1613.5526109782402,1156.0000000000005,457.5526109782397
1790,1464.221232814696,1121.8999999999999,342.32123281469603
1791,1312.542057346105,1094.5,218.0420573461049
1792,1249.6864415684847,1108.1999999999996,141.48644156848513
1793,1215.423200433883,1145.399999999999,70.02320043388409
1794,1207.9937096102074,1145.399999999999,62.59370961020841
1795,1264.6679533946124,1202.5,62.16795339461237
1796,1298.1325598813708,1208.1999999999998,89.93255988137093
1797,1353.3138910754344,1264.0000000000005,89.31389107543396
1798,1410.0332171068144,1320.0999999999995,89.93321710681494
1799,1452.4868695592722,1347.1000000000004,105.38686955927187
1800,1493.927759551632,1374.2000000000005,119.7277595516316
1801,0.0,1105.6000000000001,-1105.6000000000001
1802,0.0585798070888903,1085.0000000000007,-1084.941420192912
1803,0.8427553866651953,1064.1000000000001,-1063.257244613335
1804,4.324995718170752,996.0000000000001,-991.6750042818294
1805,16.851373796520853,1051.0000000000005,-1034.1486262034796
1806,27.46959087139458,973.8999999999995,-946.430409128605
1807,43.329200874673965,919.6000000000004,-876.2707991253264
1808,2151.037383429848,1136.0999999999997,1014.9373834298483
1809,2012.6037138060176,1078.7000000000003,933.9037138060173
1810,1863.7344650627967,1027.4999999999998,836.234465062797
1811,1692.018579095842,991.7000000000004,700.3185790958415
1812,1521.443063615976,872.9999999999998,648.4430636159761
1813,1343.0960852792816,795.0000000000002,548.0960852792814
1814,1111.5819319414434,699.5999999999999,411.98193194144346
1815,1040.0786736967352,685.1,354.9786736967352
1816,977.0188896847447,723.7999999999998,253.2188896847449
1817,890.1126355590737,702.6999999999999,187.4126355590738
1818,926.420021464686,793.2000000000003,133.22002146468571
1819,954.1426726328228,822.9999999999999,131.14267263282295
1820,969.4741856467552,843.7999999999998,125.6741856467554
1821,970.0267285111404,841.4999999999997,128.52672851114073
1822,957.5286389994592,816.7999999999997,140.72863899945946
1823,954.1582254689836,812.0999999999996,142.058225468984
1824,972.5893211073924,842.5999999999998,129.98932110739258
1825,0.0,504.8999999999997,-504.8999999999997
1826,0.0,479.90000000000003,-479.90000000000003
1827,0.0,530.8000000000002,-530.8000000000002
1828,0.0,514.4999999999998,-514.4999999999998
1829,0.0,488.6000000000001,-488.6000000000001
1830,0.0,522.8999999999999,-522.8999999999999
1831,0.0,490.1000000000002,-490.1000000000002
1832,1320.739162883243,757.6999999999996,563.0391628832433
1833,1207.7529601093815,735.4999999999998,472.2529601093818
1834,1072.9856680213372,726.5999999999998,346.38566802133744
1835,892.7703086642176,625.9999999999998,266.77030866421785
1836,683.6239231820012,542.5999999999998,141.02392318200145
1837,509.3733018129419,485.9000000000001,23.473301812941827
1838,334.01226673418154,405.90000000000003,-71.8877332658185
1839,165.4499138096147,333.7,-168.25008619038528
1840,89.15291438944143,340.7,-251.54708561055855
1841,76.23872681160358,373.79999999999984,-297.5612731883963
1842,114.5321137129291,464.40000000000015,-349.86788628707103
1843,172.19494623296035,533.0000000000001,-360.8050537670398
1844,245.3287840136205,593.8000000000002,-348.47121598637966
1845,293.6999706305574,622.0999999999997,-328.4000293694423
1846,334.8987647666073,640.1000000000004,-305.20123523339305
1847,376.7465911477146,659.4,-282.6534088522854
1848,470.8583598910966,767.6000000000001,-296.74164010890354
1849,0.0,456.1000000000003,-456.1000000000003
1850,0.0,481.20000000000005,-481.20000000000005
1851,0.0,533.6000000000001,-533.6000000000001
1852,0.0,558.4000000000001,-558.4000000000001
1853,0.0,550.9,-550.9
1854,0.0,584.1000000000003,-584.1000000000003
1855,0.0,620.8999999999996,-620.8999999999996
1856,1080.7183461599243,933.4000000000003,147.31834615992398
1857,1011.3573258186668,859.2000000000006,152.1573258186662
1858,860.3984574536896,749.5999999999998,110.79845745368982
1859,709.1143690680732,671.3000000000004,37.81436906807278
1860,540.5737283963457,624.4999999999998,-83.92627160365407
1861,425.4234841076695,592.7,-167.27651589233056
1862,263.82939016780773,542.4999999999998,-278.67060983219204
1863,196.95863501896747,568.9,-371.9413649810325
1864,186.4541836474575,609.7,-423.24581635254253
1865,183.09360517642463,659.4,-476.3063948235754
1866,250.1692082328572,728.7999999999996,-478.63079176714245
1867,387.7009524247391,874.1999999999997,-486.4990475752606
1868,506.0399544590812,970.2999999999997,-464.26004554091855
1869,585.3707303477692,1008.1999999999999,-422.8292696522308
1870,698.0491452545565,1103.3000000000002,-405.2508547454437
1871,811.3923255318952,1194.7000000000003,-383.3076744681051
1872,909.9557090470256,1258.9000000000008,-348.94429095297517
1873,0.0,974.2999999999996,-974.2999999999996
1874,0.0,998.1000000000001,-998.1000000000001
1875,0.0,1022.5,-1022.5
1876,0.0,1015.8999999999996,-1015.8999999999996
1877,0.3986306166825945,986.8000000000002,-986.4013693833176
1878,1.0389322791148117,987.2000000000003,-986.1610677208855
1879,3.6577838264377607,983.9000000000001,-980.2422161735624
1880,1770.8787315078544,1258.4000000000008,512.4787315078536
1881,1684.2922349397456,1219.4000000000008,464.89223493974487
1882,1530.187100082317,1117.9999999999998,412.18710008231733
1883,1361.9898566981549,1027.3999999999999,334.589856698155
1884,1272.659643969731,948.3,324.359643969731
1885,1087.3195662239325,907.7,179.61956622393245
1886,916.370453594166,817.1999999999997,99.17045359416625
1887,799.5500368239364,826.1999999999999,-26.64996317606358
1888,714.9393416424738,807.9000000000001,-92.96065835752631
1889,706.8908512682488,846.0999999999998,-139.20914873175104
1890,706.0971110100626,882.0999999999996,-176.002888989937
1891,785.851319646942,968.3999999999997,-182.54868035305776
1892,857.3305102035268,1014.8999999999996,-157.5694897964728
1893,886.0891929054364,1009.0,-122.91080709456355
1894,928.9251747991708,1029.1999999999996,-100.27482520082879
1895,990.7020950657264,1084.3000000000006,-93.5979049342742
1896,1045.910725678212,1124.3999999999999,-78.48927432178789
1897,0.0,804.4000000000003,-804.4000000000003
1898,0.0,810.4999999999999,-810.4999999999999
1899,0.0,883.8999999999996,-883.8999999999996
1900,0.0,901.5000000000002,-901.5000000000002
1901,0.2500918263409157,906.9000000000001,-906.6499081736591
1902,0.7207707835058981,867.6999999999998,-866.9792292164939
1903,2.2562821391652954,855.1000000000003,-852.843717860835
1904,1813.6438329052703,1222.2000000000007,591.4438329052696
1905,1673.5741080902303,1119.9999999999998,553.5741080902305
1906,1498.7855167005291,1011.0999999999999,487.6855167005292
1907,1281.7316517218328,888.5000000000001,393.2316517218327
1908,1051.872857202773,775.9000000000003,275.97285720277273
1909,839.2643344257235,692.2000000000004,147.06433442572313
1910,657.4044623511296,625.7999999999997,31.604462351129882
1911,541.4433661615503,643.1000000000003,-101.65663383844992
1912,476.7370660099268,675.7000000000003,-198.96293399007345
1913,440.86236937958734,690.5000000000002,-249.6376306204129
1914,476.1836097775058,765.7,-289.51639022249424
1915,554.0161025917342,838.9999999999997,-284.9838974082654
1916,618.9610282416241,872.2999999999997,-253.33897175837558
1917,681.968406695391,917.7000000000002,-235.7315933046092
1918,719.8633127042053,921.1000000000004,-201.23668729579504
1919,773.4327909358904,955.9999999999998,-182.56720906410942
1920,851.9608783358991,1031.8999999999994,-179.9391216641003
1921,0.0,745.0999999999999,-745.0999999999999
1922,0.0,820.4999999999999,-820.4999999999999
1923,0.0,933.1000000000004,-933.1000000000004
1924,0.0,980.0999999999999,-980.0999999999999
1925,0.11808184082162,1022.9999999999999,-1022.8819181591782
1926,0.7816033174900782,1061.5000000000002,-1060.71839668251
1927,3.359084131982216,1059.9,-1056.540915868018
1928,1841.974579912226,1343.9999999999993,497.9745799122268
1929,1781.167077516948,1347.7000000000003,433.4670775169477
1930,1677.3045380497967,1316.7999999999993,360.5045380497975
1931,1598.5867218374328,1233.4999999999995,365.0867218374333
1932,1410.444510687928,1160.4000000000008,250.0445106879272
1933,1252.0924285803417,1130.7999999999995,121.29242858034218
1934,1121.8506866414032,1136.8999999999996,-15.049313358596464
1935,1022.9571147479494,1138.3999999999996,-115.44288525205025
1936,969.0599054059196,1139.0999999999995,-170.04009459407985
1937,964.301368530394,1183.4999999999998,-219.19863146960574
1938,1070.5121558092828,1303.5,-232.98784419071717
1939,1175.3034240940383,1397.1999999999996,-221.8965759059613
1940,1267.5117490306484,1446.4999999999993,-178.98825096935093
1941,1371.681630821175,1530.5,-158.81836917882492
1942,1440.905124538889,1552.900000000001,-111.99487546111209
1943,1533.3400913277285,1618.3,-84.95990867227147
1944,1633.618031605571,1696.3000000000002,-62.68196839442908
1945,0.1998575762905339,1417.7000000000005,-1417.50014242371
1946,4.587983848182891,1434.3999999999996,-1429.8120161518168
1947,22.69962314073313,1440.3999999999992,-1417.700376859266
1948,67.2245643447529,1453.9000000000003,-1386.6754356552474
1949,141.76355334315335,1432.4999999999995,-1290.7364466568463
1950,238.9296612356276,1417.3000000000006,-1178.370338764373
1951,361.5019654469244,1439.2999999999993,-1077.798034553075
1952,2703.0170790876177,1696.6000000000001,1006.4170790876176
1953,2522.663943514125,1574.5999999999997,948.0639435141254
1954,2297.1240028056045,1436.7999999999993,860.3240028056052
1955,2040.8691913182208,1274.2999999999997,766.5691913182211
1956,1786.2013574777577,1143.2999999999995,642.9013574777582
1957,1517.4298346937287,1006.5999999999998,510.8298346937289
1958,1342.894952840532,990.4000000000002,352.4949528405317
1959,1196.7718073731935,971.0999999999997,225.67180737319381
1960,1102.2306606495663,984.2,118.03066064956624
1961,1069.0734542699447,1037.7999999999997,31.273454269944978
1962,1137.2006160711778,1180.7999999999995,-43.59938392882168
1963,1229.2173503574952,1292.4,-63.182649642504884
1964,1337.5558200171888,1389.1,-51.5441799828111
1965,1383.1570559204158,1396.9999999999998,-13.842944079583958
1966,1423.9578085575351,1401.5999999999995,22.35780855753569
1967,1484.6300980502906,1443.4999999999995,41.13009805029105
1968,1536.325659240126,1470.500000000001,65.8256592401251
1969,0.0,1151.4999999999998,-1151.4999999999998
1970,0.2271334769483947,1225.9000000000008,-1225.6728665230523
1971,5.4353677261469615,1306.5999999999995,-1301.1646322738525
1972,22.886867008137305,1307.0999999999995,-1284.213132991862
1973,69.23853498348917,1333.4999999999995,-1264.2614650165103
1974,146.39846765041543,1330.5999999999997,-1184.2015323495843
1975,248.5962548615611,1341.3999999999992,-1092.803745138438
1976,2609.137466529816,1657.6999999999998,951.437466529816
1977,2464.812357269463,1587.9000000000005,876.9123572694625
1978,2292.530342472595,1504.399999999999,788.1303424725959
1979,2064.685650503709,1383.4000000000003,681.2856505037087
1980,1841.8222354369095,1286.1,555.7222354369096
1981,1652.9328877172104,1220.8000000000009,432.13288771720954
1982,1501.279269556386,1197.0000000000007,304.2792695563853
1983,1348.9074027496886,1150.3999999999996,198.50740274968894
1984,1289.3839142961774,1196.1000000000006,93.28391429617682
1985,1285.061350111033,1262.3000000000006,22.76135011103247
1986,1390.2605193004115,1396.3999999999996,-6.139480699588148
1987,1475.5611675771352,1495.4999999999995,-19.93883242286438
1988,1564.2678594166348,1555.8000000000002,8.46785941663461
1989,1638.1286706976402,1606.8000000000002,31.328670697640064
1990,1714.6082922598457,1660.9999999999995,53.608292259846166
1991,1830.7496093630791,1780.0000000000005,50.74960936307866
1992,1890.793475970581,1798.8999999999994,91.89347597058168
1993,3.023776897771722,1512.199999999999,-1509.1762231022271
1994,23.51359789838732,1501.799999999999,-1478.2864021016117
1995,77.9011971898877,1485.5000000000002,-1407.5988028101126
1996,193.78524425650616,1523.1999999999998,-1329.4147557434937
1997,306.3609379650987,1496.5999999999992,-1190.2390620349006
1998,430.0998012698107,1498.7999999999997,-1068.700198730189
1999,553.1652299880972,1501.299999999999,-948.1347700119019
2000,2910.912430402106,1745.0999999999992,1165.8124304021069
2001,2776.431550283379,1702.7000000000007,1073.731550283378
2002,2596.075581139385,1588.1000000000006,1007.9755811393845
2003,2386.374270585143,1425.7,960.6742705851432
2004,2115.90568398351,1303.1999999999998,812.70568398351
2005,1874.08067994623,1203.8999999999999,670.1806799462302
2006,1655.6226801930156,1088.1000000000008,567.5226801930148
2007,1483.814686499214,1052.6000000000001,431.21468649921394
2008,1351.228394998001,1006.3999999999999,344.82839499800116
2009,1252.2542686208617,979.0,273.2542686208617
2010,1272.8127484982087,1079.5000000000002,193.31274849820852
2011,1310.6119753186622,1117.7999999999997,192.81197531866246
2012,1312.1817046821825,1094.4,217.7817046821824
2013,1335.5354580303774,1124.1,211.4354580303775
2014,1348.4115961351572,1131.9999999999995,216.41159613515765
2015,1376.7430605975296,1167.0000000000002,209.7430605975294
2016,1412.7852390792073,1210.2,202.5852390792072
2017,0.0,933.1000000000004,-933.1000000000004
2018,0.0,939.7000000000003,-939.7000000000003
2019,0.0,904.9000000000002,-904.9000000000002
2020,0.3398548367212729,896.2000000000003,-895.860145163279
2021,2.008613427408082,928.4000000000005,-926.3913865725924
2022,9.71367952743717,946.0,-936.2863204725628
2023,17.889601485230234,886.0999999999999,-868.2103985147696
2024,2094.5745832546268,1153.8000000000002,940.7745832546266
2025,1921.0696929232795,1068.0000000000002,853.0696929232793
2026,1783.3570643284395,1028.7999999999997,754.5570643284398
2027,1639.124526722378,986.1,653.024526722378
2028,1444.7774973714145,917.6000000000001,527.1774973714143
2029,1353.3405309431073,899.7000000000004,453.6405309431069
2030,1204.5918286898118,883.0999999999997,321.4918286898121
2031,1069.8093757915074,879.0999999999992,190.70937579150814
2032,1014.58983573755,840.3999999999996,174.1898357375503
2033,1003.6021248061618,846.8999999999997,156.70212480616203
2034,989.2661609055313,859.0000000000006,130.26616090553068
2035,1020.3670130229084,898.9000000000004,121.46701302290796
2036,1005.144293096042,861.3000000000005,143.8442930960415
2037,1040.684667391679,916.4000000000001,124.28466739167902
2038,1084.1222077591876,977.8999999999999,106.22220775918777
2039,1091.593929225542,974.1999999999996,117.39392922554248
2040,1144.3312416197496,1046.4000000000003,97.93124161974924
2041,0.0,718.6999999999998,-718.6999999999998
2042,0.0,743.0999999999999,-743.0999999999999
2043,0.0,731.6999999999999,-731.6999999999999
2044,0.0,774.6000000000003,-774.6000000000003
2045,0.0,782.0000000000006,-782.0000000000006
2046,0.3753803268313601,827.5,-827.1246196731687
2047,1.3775049269583892,856.1000000000001,-854.7224950730417
2048,1799.0256131435942,1135.5999999999997,663.4256131435945
2049,1633.6285578847044,1051.3000000000002,582.3285578847042
2050,1474.2403872153552,991.2000000000003,483.04038721535494
2051,1304.2562823775224,939.0000000000003,365.2562823775221
2052,1145.5925935082057,875.3999999999996,270.1925935082061
2053,974.679869787638,761.3999999999996,213.2798697876384
2054,857.8703564437117,737.6999999999998,120.17035644371185
2055,726.2933808427566,695.7000000000002,30.59338084275646
2056,599.6142001982145,625.2999999999997,-25.685799801785265
2057,550.20989882802,657.4999999999998,-107.29010117197981
2058,566.2525524812688,702.1999999999999,-135.9474475187311
2059,623.0679929565916,765.8000000000001,-142.73200704340843
2060,688.4401636290136,825.8,-137.3598363709864
2061,727.4330472457799,851.4,-123.96695275422007
2062,805.5078626950933,941.4000000000003,-135.892137304907
2063,842.911369458551,955.7999999999998,-112.88863054144883
2064,898.8865460299638,1004.2000000000003,-105.31345397003645
2065,0.0,707.1999999999997,-707.1999999999997
2066,0.0,717.2999999999998,-717.2999999999998
2067,0.0,662.2000000000002,-662.2000000000002
2068,0.0,657.9999999999999,-657.9999999999999
2069,0.0,643.8000000000002,-643.8000000000002
2070,0.0,646.4000000000002,-646.4000000000002
2071,0.0,625.2999999999997,-625.2999999999997
2072,1431.6724217474843,980.4,451.2724217474844
2073,1286.2716526011775,874.1999999999997,412.0716526011778
2074,1096.1883418259213,779.8000000000005,316.38834182592075
2075,879.577824999807,662.0000000000001,217.57782499980692
2076,674.7849900949852,586.4000000000004,88.3849900949848
2077,492.56877917086473,538.5999999999999,-46.03122082913518
2078,373.8385970238486,508.8999999999997,-135.0614029761511
2079,249.3447641961226,496.00000000000006,-246.65523580387745
2080,208.09534510538123,565.8999999999999,-357.80465489461864
2081,228.78927960602357,643.8000000000002,-415.0107203939766
2082,285.50756443077364,743.0999999999999,-457.59243556922627
2083,387.6658614948232,844.8999999999997,-457.23413850517653
2084,499.03015579097513,926.6000000000005,-427.56984420902535
2085,594.8950898838166,998.2000000000002,-403.3049101161836
2086,702.9539116297368,1088.8000000000006,-385.84608837026383
2087,803.2266402510076,1163.3000000000002,-360.07335974899263
2088,865.7283765925662,1173.1000000000004,-307.3716234074342
2089,0.0,911.0,-911.0
2090,0.0,892.4000000000003,-892.4000000000003
2091,0.0,907.8000000000001,-907.8000000000001
2092,0.0,921.8000000000004,-921.8000000000004
2093,0.0185832193497471,905.4000000000002,-905.3814167806505
2094,0.4351243538417384,923.8000000000006,-923.3648756461589
2095,1.1835532282108738,937.7000000000004,-936.5164467717896
2096,1632.6383399818333,1173.3000000000002,459.3383399818331
2097,1467.9509518180407,1058.4,409.55095181804063
2098,1279.622312340852,946.0,333.622312340852
2099,1049.616210936986,800.2000000000004,249.41621093698552
2100,817.0049843611534,674.3000000000003,142.70498436115315
2101,586.4427056940269,552.9000000000001,33.542705694026836
2102,391.44699481545695,475.10000000000014,-83.65300518454319
2103,248.8983808118917,448.1000000000002,-199.20161918810848
2104,163.9187565277507,447.3000000000001,-283.3812434722494
2105,159.28207717367286,522.5999999999998,-363.31792282632694
2106,196.30078721691177,622.7999999999997,-426.49921278308796
2107,276.53679521713843,711.0999999999998,-434.56320478286136
2108,368.12277862829467,770.3000000000001,-402.1772213717054
2109,433.7502236837292,807.5,-373.7497763162708
2110,505.4036099179595,855.9000000000001,-350.4963900820406
2111,572.3178350956409,896.2000000000003,-323.88216490435934
2112,640.660575537959,940.0000000000003,-299.3394244620414
2113,0.0,710.2999999999998,-710.2999999999998
2114,0.0,787.8000000000003,-787.8000000000003
2115,0.0,762.0999999999998,-762.0999999999998
2116,0.0,782.7000000000007,-782.7000000000007
2117,0.0,789.0,-789.0
2118,0.0,725.6999999999997,-725.6999999999997
2119,0.0,705.4999999999995,-705.4999999999995
2120,1336.4514946780846,994.4,342.0514946780846
2121,1217.2752674270728,942.9,274.3752674270728
2122,1128.7108727113489,952.4999999999999,176.210872711349
2123,956.6123086765264,889.4000000000002,67.21230867652616
2124,717.6006434041597,712.8,4.8006434041597
2125,518.3833776969168,612.5000000000001,-94.11662230308332
2126,379.8359344535074,561.9,-182.0640655464926
2127,204.31209434632868,475.3000000000001,-270.9879056536714
2128,142.78603820489946,452.8000000000001,-310.01396179510067
2129,121.9936441870148,487.90000000000003,-365.9063558129852
2130,134.45176958610514,562.3,-427.84823041389484
2131,253.291062479696,681.1000000000004,-427.80893752030437
2132,325.87340938840015,725.8999999999997,-400.0265906115996
2133,376.264505232639,742.3999999999999,-366.13549476736085
2134,418.6714423576184,748.1999999999997,-329.5285576423813
2135,508.5982258835797,836.6999999999999,-328.10177411642024
2136,573.21777457069,877.0999999999995,-303.8822254293094
2137,0.0,609.0,-609.0
2138,0.0,599.8,-599.8
2139,0.0,626.7999999999998,-626.7999999999998
2140,0.0,664.3000000000002,-664.3000000000002
2141,0.0,669.3000000000003,-669.3000000000003
2142,0.0,716.3999999999999,-716.3999999999999
2143,0.0,660.5999999999999,-660.5999999999999
2144,1198.654039847599,956.8999999999999,241.7540398475992
2145,1091.569053359788,917.9000000000002,173.66905335978788
2146,920.6422402219058,821.9999999999998,98.64224022190604
2147,707.4673750906288,666.7,40.767375090628775
2148,501.4679382650325,563.6,-62.13206173496752
2149,266.347083888803,415.9999999999998,-149.65291611119676
2150,102.60432866089548,354.8999999999999,-252.29567133910444
2151,5.745188945531499,265.79999999999995,-260.0548110544685
2152,2.4804898528907944,308.1,-305.6195101471092
2153,1.2791969640219722,360.09999999999985,-358.82080303597786
2154,1.9004157890310185,423.5000000000001,-421.5995842109691
2155,8.130306746504944,527.3000000000002,-519.1696932534952
2156,39.973384950833896,595.4000000000001,-555.4266150491662
2157,98.63837573268624,634.6000000000001,-535.9616242673139
2158,190.1906480801709,718.2999999999998,-528.1093519198289
2159,255.8963545871488,746.1999999999996,-490.30364541285076
2160,317.2269215307702,769.9,-452.6730784692298
2161,0.0,287.7000000000002,-287.7000000000002
2162,0.0,272.9000000000001,-272.9000000000001
2163,0.0,304.39999999999986,-304.39999999999986
2164,0.0,303.9999999999999,-303.9999999999999
2165,0.0,298.0999999999999,-298.0999999999999
2166,0.0,294.40000000000003,-294.40000000000003
2167,0.0,297.4,-297.4
2168,953.1285552897618,455.4000000000003,497.7285552897615
2169,909.1317139449892,429.90000000000015,479.23171394498905
2170,854.0256892743347,404.99999999999994,449.02568927433475
2171,762.8698443378233,355.1999999999999,407.66984433782346
2172,648.1259828613938,340.10000000000014,308.0259828613937
2173,509.6557073916633,348.9,160.75570739166335
2174,474.78558861603904,361.4,113.38558861603906
2175,445.0009755476733,380.99999999999994,64.00097554767336
2176,387.046154664107,395.0999999999999,-8.053845335892902
2177,374.82149904504894,406.5999999999999,-31.77850095495097
2178,466.9436059357887,431.3000000000003,35.6436059357884
2179,509.2816376923211,453.2000000000004,56.081637692320726
2180,584.2687730916925,467.3000000000001,116.96877309169241
2181,658.0535699028352,492.7999999999998,165.2535699028354
2182,727.627168646768,515.0999999999999,212.52716864676813
2183,776.4830111227006,520.1999999999999,256.2830111227007
2184,837.9234257970338,537.7000000000003,300.22342579703354
2185,0.0,362.49999999999994,-362.49999999999994
2186,0.0,377.79999999999967,-377.79999999999967
2187,0.0,385.79999999999995,-385.79999999999995
2188,0.0,377.79999999999967,-377.79999999999967
2189,0.0,405.8999999999999,-405.8999999999999
2190,0.0632951489219447,389.0,-388.93670485107805
2191,0.3625906838899355,381.2,-380.83740931611004
2192,1442.0636069653283,519.8,922.2636069653283
2193,1321.4475941859969,486.69999999999993,834.747594185997
2194,1154.015247987222,440.1000000000002,713.9152479872218
2195,989.3582156865904,408.9,580.4582156865904
2196,839.1853400127034,369.9,469.2853400127034
2197,702.1533144683896,357.39999999999986,344.7533144683897
2198,550.904988095713,348.29999999999995,202.604988095713
2199,456.5416108563958,334.10000000000014,122.44161085639564
2200,339.1781525052045,314.19999999999993,24.978152505204548
2201,294.9573481796193,314.7,-19.742651820380672
2202,306.00586975212525,330.1000000000002,-24.094130247874944
2203,369.04369805440905,366.69999999999993,2.343698054409117
2204,463.03809403619584,404.2,58.838094036195855
2205,536.2046487322143,433.8000000000002,102.40464873221413
2206,563.1629496303306,422.8,140.36294963033055
2207,583.392987267741,411.5,171.89298726774098
2208,633.3325577611008,429.1000000000002,204.23255776110062
2209,0.0,270.1000000000001,-270.1000000000001
2210,0.0,287.6000000000002,-287.6000000000002
2211,0.0,275.1,-275.1
2212,0.0,269.00000000000006,-269.00000000000006
2213,0.0,240.6,-240.6
2214,0.0,223.50000000000009,-223.50000000000009
2215,0.0,218.00000000000006,-218.00000000000006
2216,971.5420595896765,339.1000000000002,632.4420595896763
2217,795.7579068302362,283.00000000000017,512.7579068302359
2218,658.6905606172097,252.49999999999994,406.19056061720977
2219,473.7159226721102,204.29999999999993,269.41592267211024
2220,277.03984336041475,161.30000000000004,115.73984336041471
2221,122.5742214415528,136.20000000000002,-13.625778558447223
2222,4.821097800031496,97.2,-92.37890219996851
2223,0.1445863964181153,68.49999999999996,-68.35541360358184
2224,0.0,45.50000000000007,-45.50000000000007
2225,0.0,35.60000000000003,-35.60000000000003
2226,0.0,70.59999999999997,-70.59999999999997
2227,0.0,87.2,-87.2
2228,0.0,123.8,-123.8
2229,0.0,147.60000000000002,-147.60000000000002
2230,0.0,145.80000000000004,-145.80000000000004
2231,0.0024367682065465,165.90000000000006,-165.89756323179353
2232,0.1158347802608503,177.59999999999997,-177.4841652197391
2233,0.0,0.0,0.0
2234,0.0,0.0,0.0
2235,0.0,0.0,0.0
2236,0.0,0.0,0.0
2237,0.0,0.0,0.0
2238,0.0,0.0,0.0
2239,0.0,0.0,0.0
2240,12.012157370585468,0.0,12.012157370585468
2241,0.503100280312228,0.0,0.503100280312228
2242,0.0310268600573476,0.0,0.0310268600573476
2243,0.0,0.0,0.0
2244,0.0,0.0,0.0
2245,0.0,0.0,0.0
2246,0.0,0.0,0.0
2247,0.0,0.0,0.0
2248,0.0,0.0,0.0
2249,0.0,0.0,0.0
2250,0.0,0.0,0.0
2251,0.0,0.0,0.0
2252,0.0,0.0,0.0
2253,0.0,0.0,0.0
2254,0.0,0.0,0.0
2255,0.0,0.0,0.0
2256,0.0,0.0,0.0
2257,0.0,98.49999999999999,-98.49999999999999
2258,0.0,119.30000000000004,-119.30000000000004
2259,0.0,128.0999999999999,-128.0999999999999
2260,0.0,155.79999999999998,-155.79999999999998
2261,0.0,145.90000000000003,-145.90000000000003
2262,0.0,141.20000000000007,-141.20000000000007
2263,0.0,114.50000000000003,-114.50000000000003
2264,9.67475238152435,262.1,-252.42524761847568
2265,1.1171635772263686,232.70000000000013,-231.58283642277377
2266,0.0,201.49999999999994,-201.49999999999994
2267,0.0,158.2,-158.2
2268,0.0,94.0,-94.0
2269,0.0,59.09999999999997,-59.09999999999997
2270,0.0,29.900000000000045,-29.900000000000045
2271,0.0,17.499999999999982,-17.499999999999982
2272,0.0,14.399999999999968,-14.399999999999968
2273,0.0,17.899999999999988,-17.899999999999988
2274,0.0,42.100000000000044,-42.100000000000044
2275,0.0,71.69999999999996,-71.69999999999996
2276,0.0,113.90000000000003,-113.90000000000003
2277,0.0,146.8,-146.8
2278,0.0,173.79999999999998,-173.79999999999998
2279,0.0,214.49999999999994,-214.49999999999994
2280,0.0,253.69999999999993,-253.69999999999993
2281,0.0,103.99999999999996,-103.99999999999996
2282,0.0,115.50000000000003,-115.50000000000003
2283,0.0,121.40000000000005,-121.40000000000005
2284,0.0,140.5000000000001,-140.5000000000001
2285,0.0,164.40000000000006,-164.40000000000006
2286,0.0,188.29999999999998,-188.29999999999998
2287,0.0,179.39999999999998,-179.39999999999998
2288,0.5492446561707526,301.70000000000005,-301.1507553438293
2289,0.0,269.20000000000005,-269.20000000000005
2290,0.0,199.10000000000002,-199.10000000000002
2291,0.0,128.6999999999999,-128.6999999999999
2292,0.0,75.2,-75.2
2293,0.0,20.1,-20.1
2294,0.0,0.0,0.0
2295,0.0,0.0,0.0
2296,0.0,0.0,0.0
2297,0.0,17.499999999999982,-17.499999999999982
2298,0.0,57.799999999999976,-57.799999999999976
2299,0.0,108.09999999999998,-108.09999999999998
2300,0.0,146.40000000000003,-146.40000000000003
2301,0.0,168.2000000000001,-168.2000000000001
2302,0.0,237.70000000000007,-237.70000000000007
2303,0.0,273.5000000000001,-273.5000000000001
2304,0.0,301.70000000000005,-301.70000000000005
2305,0.0,164.60000000000008,-164.60000000000008
2306,0.0,211.49999999999997,-211.49999999999997
2307,0.0,224.50000000000006,-224.50000000000006
2308,0.0,247.49999999999983,-247.49999999999983
2309,0.0,274.1000000000001,-274.1000000000001
2310,0.0,279.4000000000002,-279.4000000000002
2311,0.0,303.9999999999999,-303.9999999999999
2312,6.225735268244978,443.5000000000003,-437.2742647317553
2313,3.403570439325437,426.40000000000015,-422.9964295606747
2314,0.8481149193119079,382.80000000000007,-381.95188508068816
2315,0.2467326326529578,344.70000000000005,-344.4532673673471
2316,0.0,320.3,-320.3
2317,0.0,296.70000000000005,-296.70000000000005
2318,0.0,274.90000000000003,-274.90000000000003
2319,0.0,251.3999999999999,-251.3999999999999
2320,0.0,244.69999999999987,-244.69999999999987
2321,0.0,280.30000000000024,-280.30000000000024
2322,0.0,305.4,-305.4
2323,0.0,365.2,-365.2
2324,0.2389434532733496,403.2999999999999,-403.06105654672655
2325,0.6897800543109596,445.4000000000004,-444.7102199456894
2326,3.0989150953059226,467.10000000000014,-464.0010849046942
2327,13.122653095415286,489.69999999999993,-476.57734690458466
2328,32.65317966638192,497.3999999999998,-464.7468203336179
2329,0.0,366.0,-366.0
2330,0.0,364.09999999999997,-364.09999999999997
2331,0.0,399.99999999999994,-399.99999999999994
2332,0.0,430.0000000000001,-430.0000000000001
2333,0.0,413.1,-413.1
2334,0.0,398.8,-398.8
2335,0.0,376.99999999999966,-376.99999999999966
2336,649.02660911408,499.0999999999998,149.92660911408018
2337,556.4817653009399,463.4000000000001,93.08176530093976
2338,416.8777070928371,382.4,34.477707092837136
2339,270.2872035356152,335.7000000000001,-65.41279646438488
2340,152.5426188699682,298.5999999999999,-146.0573811300317
2341,36.87338722657552,260.00000000000006,-223.12661277342454
2342,7.673480516807345,238.40000000000006,-230.7265194831927
2343,2.794607357922828,211.49999999999997,-208.70539264207716
2344,0.9881592733382032,202.2999999999999,-201.3118407266617
2345,0.7565932319285326,200.79999999999998,-200.04340676807146
2346,0.8750997409409603,233.0000000000001,-232.12490025905916
2347,4.276756869820739,271.0000000000001,-266.72324313017936
2348,18.93864725703807,303.6999999999999,-284.7613527429618
2349,32.43101039166726,305.19999999999993,-272.7689896083327
2350,44.382717572980766,291.80000000000007,-247.4172824270193
2351,63.17891103978992,287.7000000000002,-224.5210889602103
2352,94.03302482253238,296.6,-202.56697517746764
2353,0.0,123.89999999999999,-123.89999999999999
2354,0.0,134.8,-134.8
2355,0.0,166.40000000000006,-166.40000000000006
2356,0.0,177.39999999999995,-177.39999999999995
2357,0.0,191.9999999999999,-191.9999999999999
2358,0.0,184.9,-184.9
2359,0.0,191.8999999999999,-191.8999999999999
2360,426.1852989400923,333.0000000000001,93.1852989400922
2361,305.34878488691874,290.90000000000003,14.448784886918702
2362,130.82255493717392,210.7,-79.87744506282607
2363,12.269247722394349,144.20000000000005,-131.9307522776057
2364,0.359763322774136,102.19999999999996,-101.84023667722582
2365,0.0,87.7,-87.7
2366,0.0,58.299999999999976,-58.299999999999976
2367,0.0,35.70000000000003,-35.70000000000003
2368,0.0,13.79999999999997,-13.79999999999997
2369,0.0,27.20000000000004,-27.20000000000004
2370,0.0,64.99999999999997,-64.99999999999997
2371,0.0,121.20000000000006,-121.20000000000006
2372,0.0,188.39999999999998,-188.39999999999998
2373,0.0,270.9000000000001,-270.9000000000001
2374,0.0,297.79999999999995,-297.79999999999995
2375,0.0,331.3000000000001,-331.3000000000001
2376,0.1292237362343075,368.09999999999997,-367.9707762637657
2377,0.0,222.20000000000005,-222.20000000000005
2378,0.0,269.00000000000006,-269.00000000000006
2379,0.0,253.69999999999993,-253.69999999999993
2380,0.0,268.0,-268.0
2381,0.0,237.4000000000001,-237.4000000000001
2382,0.0,233.40000000000012,-233.40000000000012
2383,0.0,213.59999999999997,-213.59999999999997
2384,131.9971064314838,345.40000000000003,-213.40289356851625
2385,54.636343657152366,275.30000000000007,-220.6636563428477
2386,5.71068766683005,220.10000000000005,-214.38931233317
2387,0.3397661154031708,151.70000000000002,-151.36023388459685
2388,0.0,116.70000000000003,-116.70000000000003
2389,0.0,97.49999999999999,-97.49999999999999
2390,0.0,86.3,-86.3
2391,0.0,40.400000000000055,-40.400000000000055
2392,0.0,21.200000000000014,-21.200000000000014
2393,0.0,19.199999999999996,-19.199999999999996
2394,0.0,37.10000000000004,-37.10000000000004
2395,0.0,93.10000000000001,-93.10000000000001
2396,0.0,157.0,-157.0
2397,0.0,183.4,-183.4
2398,0.0,239.4,-239.4
2399,0.0,265.69999999999993,-265.69999999999993
2400,0.0,287.00000000000017,-287.00000000000017
2401,0.0,147.10000000000002,-147.10000000000002
2402,0.0,154.5,-154.5
2403,0.0,150.80000000000004,-150.80000000000004
2404,0.0,156.1,-156.1
2405,0.0,195.69999999999993,-195.69999999999993
2406,0.0,198.20000000000002,-198.20000000000002
2407,0.0,206.8,-206.8
2408,5.91638029442914,350.7,-344.78361970557086
2409,1.3971988204195789,316.7,-315.3028011795804
2410,0.3643242647052643,278.7000000000002,-278.33567573529496
2411,0.0,234.2000000000001,-234.2000000000001
2412,0.0,207.0,-207.0
2413,0.0,173.79999999999998,-173.79999999999998
2414,0.0,140.6000000000001,-140.6000000000001
2415,0.0,122.50000000000003,-122.50000000000003
2416,0.0,113.90000000000003,-113.90000000000003
2417,0.0,139.90000000000006,-139.90000000000006
2418,0.0,177.99999999999997,-177.99999999999997
2419,0.0,205.5,-205.5
2420,0.0,245.69999999999987,-245.69999999999987
2421,0.0,285.50000000000017,-285.50000000000017
2422,0.0,343.7,-343.7
2423,0.0,364.79999999999995,-364.79999999999995
2424,0.2400848844573916,398.3,-398.0599151155426
2425,0.0,262.8,-262.8
2426,0.0,279.4000000000002,-279.4000000000002
2427,0.0,281.0000000000003,-281.0000000000003
2428,0.0,275.0,-275.0
2429,0.0,279.4000000000002,-279.4000000000002
2430,0.0,277.6000000000002,-277.6000000000002
2431,0.0,259.40000000000003,-259.40000000000003
2432,94.89504810981371,371.8999999999998,-277.0049518901861
2433,38.017351196947246,305.69999999999993,-267.6826488030527
2434,5.902101571948662,226.00000000000006,-220.0978984280514
2435,0.553458993397085,162.80000000000007,-162.246541006603
2436,0.0,109.2,-109.2
2437,0.0,66.29999999999995,-66.29999999999995
2438,0.0,23.70000000000003,-23.70000000000003
2439,0.0,15.399999999999965,-15.399999999999965
2440,0.0,7.499999999999992,-7.499999999999992
2441,0.0,20.1,-20.1
2442,0.0,33.500000000000036,-33.500000000000036
2443,0.0,37.30000000000005,-37.30000000000005
2444,0.0,86.10000000000001,-86.10000000000001
2445,0.0,124.59999999999995,-124.59999999999995
2446,0.0,137.60000000000005,-137.60000000000005
2447,0.0,177.69999999999996,-177.69999999999996
2448,0.0,218.10000000000002,-218.10000000000002
2449,0.0,64.99999999999997,-64.99999999999997
2450,0.0,70.79999999999995,-70.79999999999995
2451,0.0,50.30000000000006,-50.30000000000006
2452,0.0,66.89999999999998,-66.89999999999998
2453,0.0,64.69999999999997,-64.69999999999997
2454,0.0,83.60000000000001,-83.60000000000001
2455,0.0,113.50000000000001,-113.50000000000001
2456,0.0,257.70000000000005,-257.70000000000005
2457,0.0,216.90000000000006,-216.90000000000006
2458,0.0,167.50000000000006,-167.50000000000006
2459,0.0,105.29999999999994,-105.29999999999994
2460,0.0,44.70000000000008,-44.70000000000008
2461,0.0,52.00000000000004,-52.00000000000004
2462,0.0,29.400000000000045,-29.400000000000045
2463,0.0,34.10000000000003,-34.10000000000003
2464,0.0,36.60000000000003,-36.60000000000003
2465,0.0,68.49999999999996,-68.49999999999996
2466,0.0,72.49999999999996,-72.49999999999996
2467,0.0,144.80000000000004,-144.80000000000004
2468,0.0,186.80000000000004,-186.80000000000004
2469,0.0,228.60000000000014,-228.60000000000014
2470,0.0,247.09999999999985,-247.09999999999985
2471,0.0,278.7000000000002,-278.7000000000002
2472,0.0,317.7,-317.7
2473,0.0,187.6,-187.6
2474,0.0,233.0000000000001,-233.0000000000001
2475,0.0,235.70000000000007,-235.70000000000007
2476,0.0,230.6000000000001,-230.6000000000001
2477,0.0,245.19999999999987,-245.19999999999987
2478,0.0,262.7,-262.7
2479,0.0,278.7000000000002,-278.7000000000002
2480,2.5040974169263777,427.50000000000017,-424.9959025830738
2481,0.8156271939593482,386.7999999999999,-385.98437280604054
2482,0.1743665525141154,329.9000000000002,-329.7256334474861
2483,0.0,252.39999999999992,-252.39999999999992
2484,0.0,193.99999999999986,-193.99999999999986
2485,0.0,157.7,-157.7
2486,0.0,138.40000000000003,-138.40000000000003
2487,0.0,122.10000000000004,-122.10000000000004
2488,0.0,113.30000000000001,-113.30000000000001
2489,0.0,143.20000000000007,-143.20000000000007
2490,0.0,216.00000000000003,-216.00000000000003
2491,0.0,269.3,-269.3
2492,0.0,302.89999999999986,-302.89999999999986
2493,0.0,379.5999999999998,-379.5999999999998
2494,0.0,428.5000000000002,-428.5000000000002
2495,0.0822214583189554,467.7000000000001,-467.61777854168116
2496,0.5883997341993104,505.7999999999999,-505.2116002658006
2497,0.0,367.3999999999999,-367.3999999999999
2498,0.0,405.69999999999993,-405.69999999999993
2499,0.0,460.80000000000024,-460.80000000000024
2500,0.0,493.7999999999997,-493.7999999999997
2501,0.0,520.4999999999999,-520.4999999999999
2502,0.0,513.9999999999999,-513.9999999999999
2503,0.0,516.0999999999999,-516.0999999999999
2504,489.579823381002,648.5000000000003,-158.92017661899837
2505,444.7154644938495,605.4999999999999,-160.7845355061504
2506,353.3473088640578,550.2000000000002,-196.85269113594234
2507,222.21120757559413,477.19999999999976,-254.98879242440563
2508,117.02718056762664,436.70000000000005,-319.6728194323734
2509,38.35795048487156,397.09999999999997,-358.74204951512843
2510,10.590818242288991,368.4,-357.809181757711
2511,3.923215919309049,355.79999999999984,-351.8767840806908
2512,2.145847862735333,347.6000000000001,-345.45415213726477
2513,1.8876553946666643,357.59999999999985,-355.7123446053332
2514,5.351133438547101,407.69999999999993,-402.34886656145284
2515,23.43536038648287,468.40000000000003,-444.9646396135172
2516,87.56523442900586,517.2999999999998,-429.734765570994
2517,193.74154931709705,558.7000000000004,-364.95845068290333
2518,318.55676208457913,603.6000000000001,-285.043237915421
2519,451.2318114596272,640.6,-189.36818854037284
2520,571.3986557804717,665.1000000000003,-93.70134421952855
2521,0.0,543.3,-543.3
2522,0.0,558.2000000000004,-558.2000000000004
2523,0.0,576.8999999999999,-576.8999999999999
2524,0.0414574215109653,604.8000000000001,-604.7585425784891
2525,0.9440354069346164,640.4,-639.4559645930653
2526,4.135972511566393,658.8000000000002,-654.6640274884338
2527,10.136990197936877,645.3000000000002,-635.1630098020634
2528,1710.0426830529136,775.6999999999998,934.3426830529138
2529,1573.7108904955774,729.4999999999997,844.2108904955777
2530,1377.9368716561037,649.4000000000002,728.5368716561035
2531,1181.2768103882524,586.5,594.7768103882524
2532,990.9041164346388,540.4,450.50411643463883
2533,799.1224410982238,494.6999999999997,304.4224410982241
2534,672.7849722282178,492.4999999999998,180.28497222821807
2535,562.0965213590862,482.09999999999985,79.99652135908633
2536,481.69323871468384,476.59999999999985,5.0932387146839915
2537,462.2345394970285,492.69999999999976,-30.46546050297127
2538,499.414063079712,526.1999999999999,-26.785936920287952
2539,597.3184778566841,571.5000000000002,25.8184778566839
2540,769.3595475600893,654.5000000000001,114.85954756008914
2541,887.864229168035,689.9000000000002,197.96422916803476
2542,1009.0573832279944,729.7999999999995,279.25738322799486
2543,1130.1606465726054,771.1999999999999,358.96064657260547
2544,1206.2124147868185,773.6999999999996,432.5124147868189
2545,0.0,634.3999999999999,-634.3999999999999
2546,0.0,662.3000000000003,-662.3000000000003
2547,0.8297723346571674,666.3000000000004,-665.4702276653433
2548,8.22093686050075,687.2000000000002,-678.9790631394994
2549,25.290472944082204,687.3000000000001,-662.0095270559178
2550,61.966706919078746,702.3000000000001,-640.3332930809213
2551,97.56103270015156,677.4000000000002,-579.8389672998486
2552,2279.661376242214,807.0999999999998,1472.561376242214
2553,2115.482360624607,775.0999999999997,1340.3823606246071
2554,1873.8743463477952,684.6,1189.274346347795
2555,1650.3992565318931,623.5999999999995,1026.7992565318937
2556,1406.1960515375722,558.3000000000004,847.8960515375718
2557,1157.7877311152547,491.09999999999985,666.6877311152548
2558,949.9198109934296,448.1000000000005,501.8198109934291
2559,770.8819313057816,411.6,359.28193130578154
2560,662.8450817838669,413.9000000000001,248.94508178386684
2561,633.0556149028711,453.3000000000004,179.75561490287066
2562,658.0155561381656,497.79999999999984,160.21555613816577
2563,746.573655685214,556.0000000000003,190.57365568521368
2564,869.0039332516834,606.9000000000001,262.1039332516833
2565,979.2163555695162,649.5000000000002,329.71635556951594
2566,1084.9773525628575,690.8000000000002,394.1773525628573
2567,1213.963268673745,751.4999999999998,462.46326867374523
2568,1320.8834592091994,788.9999999999999,531.8834592091995
2569,0.0,659.0000000000002,-659.0000000000002
2570,0.0036034820181372,669.1000000000005,-669.0963965179824
2571,0.9151482100961827,674.5000000000002,-673.5848517899041
2572,7.68305642732235,659.7000000000004,-652.0169435726781
2573,20.06524721841616,627.6999999999998,-607.6347527815836
2574,44.314666025537285,622.5999999999995,-578.2853339744622
2575,70.54961522565054,610.2999999999998,-539.7503847743493
2576,2216.338317825908,737.0999999999998,1479.2383178259079
2577,2049.985774369732,708.2,1341.785774369732
2578,1825.9639379916337,641.0000000000001,1184.9639379916334
2579,1552.1806529910168,543.6999999999999,1008.4806529910169
2580,1282.4671977053374,461.0000000000003,821.4671977053372
2581,1018.468540955823,392.4999999999999,625.9685409558231
2582,808.4422352619056,361.2,447.2422352619056
2583,625.4855464613745,327.6000000000002,297.8855464613743
2584,489.7475777687965,303.29999999999984,186.44757776879663
2585,422.1403740588796,302.0,120.14037405887962
2586,431.1586485668034,343.7,87.45864856680339
2587,470.2016081944765,380.0999999999998,90.10160819447668
2588,530.9037266441018,397.19999999999993,133.70372664410183
2589,617.2287696363057,440.00000000000017,177.22876963630557
2590,646.0960157268765,435.8000000000002,210.29601572687636
2591,672.8475615664918,432.5000000000002,240.34756156649155
2592,728.9200189066308,456.1000000000003,272.82001890663054
2593,0.0,312.2,-312.2
2594,0.0,297.3,-297.3
2595,0.0,319.30000000000007,-319.30000000000007
2596,0.0,305.4,-305.4
2597,0.0,312.2,-312.2
2598,0.0,349.3,-349.3
2599,0.0,342.00000000000006,-342.00000000000006
2600,1255.3242299872345,496.9999999999998,758.3242299872347
2601,1091.9557485599792,453.2000000000004,638.7557485599788
2602,882.5513875129637,382.80000000000007,499.7513875129637
2603,652.6397231656969,314.19999999999993,338.43972316569693
2604,453.55903674752096,275.0,178.55903674752096
2605,247.6456885023127,221.90000000000006,25.745688502312646
2606,98.55690940289185,206.8,-108.24309059710816
2607,20.22579777127161,194.59999999999988,-174.37420222872828
2608,6.97631259208512,195.39999999999995,-188.42368740791483
2609,5.20838099250845,209.39999999999995,-204.1916190074915
2610,6.294979196198607,248.89999999999984,-242.60502080380124
2611,14.65339976873359,303.1999999999999,-288.54660023126627
2612,80.86329567376775,357.6999999999999,-276.8367043262321
2613,165.9666840310075,385.99999999999994,-220.03331596899244
2614,271.02375018917564,430.4000000000002,-159.37624981082456
2615,366.2418762083852,460.7000000000003,-94.4581237916151
2616,468.08135464722494,495.59999999999985,-27.51864535277491
2617,0.0,377.1999999999997,-377.1999999999997
2618,0.0,364.2,-364.2
2619,0.0,356.59999999999985,-356.59999999999985
2620,0.0,354.59999999999985,-354.59999999999985
2621,0.0,373.3999999999997,-373.3999999999997
2622,0.0,385.69999999999993,-385.69999999999993
2623,0.0,380.39999999999986,-380.39999999999986
2624,1124.0032856634325,506.5999999999999,617.4032856634326
2625,1060.8365904282257,492.89999999999975,567.9365904282259
2626,939.7111940788228,464.6000000000001,475.11119407882273
2627,764.000098989021,421.70000000000005,342.30009898902097
2628,733.0925046160355,391.20000000000005,341.89250461603547
2629,620.6900604388514,411.20000000000005,209.4900604388514
2630,568.9219653148718,419.09999999999997,149.82196531487187
2631,444.1229833591456,409.29999999999995,34.82298335914567
2632,395.30517601113496,410.0999999999999,-14.794823988864948
2633,350.1760020201429,407.4999999999999,-57.32399797985698
2634,401.21312915006257,458.6000000000003,-57.386870849937736
2635,466.254016343359,487.5,-21.245983656640988
2636,560.2280135742692,509.69999999999993,50.528013574269266
2637,650.2852756792142,535.1000000000003,115.18527567921399
2638,734.3629611141728,558.9000000000003,175.46296111417246
2639,827.1836657703998,591.6999999999998,235.48366577039997
2640,914.5566167589408,620.1999999999995,294.3566167589413
2641,0.0,465.49999999999994,-465.49999999999994
2642,0.0,494.89999999999975,-494.89999999999975
2643,0.0,514.5999999999999,-514.5999999999999
2644,0.0,498.19999999999976,-498.19999999999976
2645,0.3323483520336493,485.7,-485.36765164796634
2646,1.2216063759614653,517.7999999999998,-516.5783936240384
2647,2.752851310640771,508.1999999999999,-505.4471486893591
2648,1763.5915639982422,672.8000000000004,1090.7915639982418
2649,1593.6176168364018,610.2999999999998,983.317616836402
2650,1401.5835800000532,557.8000000000005,843.7835800000527
2651,1196.0034296957135,507.39999999999986,688.6034296957137
2652,1020.9458890562886,487.99999999999994,532.9458890562887
2653,863.4654089174779,464.8,398.6654089174779
2654,778.2920514598953,453.2000000000004,325.09205145989495
2655,679.0497636533199,475.89999999999986,203.14976365332006
2656,627.4612303159189,468.5,158.9612303159189
2657,678.89055136892,474.4999999999998,204.39055136892023
2658,660.6975388813166,492.9999999999997,167.69753888131692
2659,712.1682248428509,513.9999999999999,198.16822484285103
2660,779.647935964604,530.5000000000001,249.1479359646039
2661,843.6385469702473,543.8,299.8385469702473
2662,930.0577281688486,582.3999999999999,347.65772816884873
2663,1042.3699197703663,640.0,402.3699197703663
2664,1116.5999967491691,662.1000000000004,454.49999674916876
2665,0.0,515.5999999999999,-515.5999999999999
2666,0.0,516.0999999999999,-516.0999999999999
2667,0.0,530.6000000000001,-530.6000000000001
2668,0.2957763287392562,528.9,-528.6042236712607
2669,1.2363156821473984,524.7999999999998,-523.5636843178524
2670,6.568121541339322,540.9,-534.3318784586606
2671,15.47521813242711,560.2000000000003,-544.7247818675731
2672,2002.481934602995,709.3,1293.181934602995
2673,1869.3113705175087,685.8000000000001,1183.5113705175086
2674,1705.400796898895,649.4000000000002,1056.0007968988948
2675,1519.9163130356949,615.8999999999999,904.016313035695
2676,1421.8574019028713,599.9,821.9574019028713
2677,1280.5708247031391,612.8,667.7708247031392
2678,1186.5550226618,623.1999999999995,563.3550226618005
2679,1121.1906313976951,613.4,507.79063139769517
2680,1058.2340639196182,602.9000000000001,455.3340639196181
2681,969.2740041250598,591.4999999999998,377.77400412506006
2682,997.2139502532978,623.6999999999995,373.5139502532983
2683,1063.6066996368172,661.3000000000003,402.3066996368169
2684,1176.4666795439043,709.6,466.8666795439043
2685,1249.2301612887768,720.3,528.9301612887768
2686,1301.5688566648698,721.6999999999999,579.8688566648699
2687,1380.7537372002064,748.3999999999997,632.3537372002066
2688,1470.6669762031302,784.5000000000001,686.16697620313
2689,0.0,641.9000000000002,-641.9000000000002
2690,0.511543933792517,688.4000000000002,-687.8884560662077
2691,7.850726079575449,702.1000000000001,-694.2492739204247
2692,27.220878334741663,700.4,-673.1791216652583
2693,66.19073138403166,690.0000000000002,-623.8092686159686
2694,131.51361602505074,680.0000000000002,-548.4863839749495
2695,178.30961131658444,658.8000000000002,-480.49038868341574
2696,2462.3678677117264,805.8999999999997,1656.4678677117267
2697,2265.18710906651,751.1999999999998,1513.9871090665101
2698,2021.410248793571,678.4000000000002,1343.010248793571
2699,1768.8706904664932,601.6,1167.2706904664933
2700,1557.2075422196224,565.9000000000001,991.3075422196223
2701,1331.5814862469374,532.6000000000001,798.9814862469373
2702,1136.8122795239028,506.4,630.4122795239028
2703,1002.1677923239932,481.8999999999998,520.2677923239935
2704,889.6330224088284,486.0,403.6330224088284
2705,826.3791130610039,485.2,341.1791130610039
2706,830.950304360134,504.1999999999998,326.75030436013424
2707,871.0186119749862,539.2000000000002,331.8186119749861
2708,940.9828538609404,556.1000000000004,384.88285386094003
2709,1063.4688361452022,624.6999999999997,438.7688361452025
2710,1134.143612180134,648.4000000000003,485.7436121801336
2711,1172.1822629550757,644.2,527.9822629550756
2712,1251.9312402536325,678.6000000000003,573.3312402536322
2713,0.0,531.0000000000001,-531.0000000000001
2714,0.0,532.6000000000001,-532.6000000000001
2715,0.0,530.8000000000002,-530.8000000000002
2716,0.4717008522874499,541.8,-541.3282991477125
2717,2.480726951384752,535.1000000000003,-532.6192730486155
2718,10.18231356207073,532.1000000000001,-521.9176864379294
2719,15.565983554868422,505.7999999999999,-490.2340164451315
2720,2015.767880043871,670.4000000000004,1345.3678800438706
2721,1865.674119585928,654.2000000000002,1211.4741195859278
2722,1682.8356147705906,625.4999999999997,1057.3356147705908
2723,1514.2150960726233,594.6999999999997,919.5150960726236
2724,1428.493764441856,543.6999999999999,884.7937644418561
2725,1223.374858309557,502.8999999999998,720.4748583095572
2726,1035.0888753255244,491.1999999999998,543.8888753255246
2727,938.908156853095,488.9,450.008156853095
2728,854.6835301879596,485.29999999999995,369.38353018795965
2729,853.4491430709993,532.6000000000001,320.84914307099916
2730,875.7955861347044,571.5000000000002,304.2955861347042
2731,940.8524266160906,612.5,328.3524266160906
2732,1032.2018531928268,646.4000000000004,385.80185319282634
2733,1118.5159205474315,670.0000000000005,448.51592054743105
2734,1211.5516666262022,706.5000000000001,505.05166662620206
2735,1314.510547827423,749.6999999999997,564.8105478274232
2736,1403.7138149419911,780.5999999999998,623.1138149419913
2737,0.0,622.4999999999994,-622.4999999999994
2738,0.0,619.0999999999996,-619.0999999999996
2739,0.7668132626183017,611.7999999999998,-611.0331867373816
2740,6.474952818214226,617.1999999999999,-610.7250471817857
2741,16.903938478983534,588.3999999999999,-571.4960615210164
2742,39.35366366987628,595.9999999999999,-556.6463363301236
2743,57.611566039729695,586.9,-529.2884339602703
2744,2205.178093054304,728.7999999999997,1476.3780930543044
2745,2061.667945793009,693.1000000000004,1368.5679457930087
2746,1865.1439540372432,657.3000000000002,1207.843954037243
2747,1635.6412069912642,594.1999999999998,1041.4412069912644
2748,1395.6146522295492,533.8000000000002,861.814652229549
2749,1198.1355800923136,499.0999999999998,699.0355800923138
2750,1011.4742271912356,477.2999999999998,534.1742271912358
2751,855.3697099051276,431.3000000000003,424.0697099051273
2752,759.8024618837894,433.8000000000002,326.00246188378924
2753,671.7657632289695,426.7000000000002,245.06576322896927
2754,696.4936681275389,459.80000000000024,236.69366812753861
2755,749.6843859473512,500.09999999999985,249.58438594735134
2756,824.4161125081835,522.0999999999999,302.31611250818355
2757,908.3171900000862,558.2000000000004,350.11719000008577
2758,979.1776285665924,584.9,394.2776285665924
2759,1025.9336089996182,589.4999999999998,436.4336089996184
2760,1089.9730975990542,612.9,477.0730975990542
2761,0.0,457.60000000000036,-457.60000000000036
2762,0.0,461.30000000000024,-461.30000000000024
2763,0.0,454.9000000000003,-454.9000000000003
2764,0.0,460.80000000000024,-460.80000000000024
2765,0.2239235862026341,462.9000000000001,-462.67607641379743
2766,0.7547200029066423,445.30000000000035,-444.5452799970937
2767,1.1851938588973423,413.40000000000003,-412.2148061411027
2768,1756.4134015306738,585.3000000000001,1171.1134015306739
2769,1677.1295283686686,565.3000000000003,1111.8295283686684
2770,1559.4908382212238,529.1,1030.390838221224
2771,1440.1226877571994,516.3999999999999,923.7226877571995
2772,1296.4809952300582,478.2999999999997,818.1809952300584
2773,1185.199935694755,481.1999999999998,703.9999356947551
2774,1029.652208421075,457.2000000000004,572.4522084210747
2775,958.888818304919,448.2000000000005,510.6888183049185
2776,891.6901516189266,423.00000000000006,468.69015161892656
2777,864.741395882928,399.7,465.04139588292804
2778,788.0532923413853,375.0999999999998,412.95329234138546
2779,788.3333249002336,386.49999999999994,401.83332490023366
2780,807.5624414341786,394.1999999999999,413.3624414341787
2781,793.6858404367648,373.89999999999975,419.78584043676506
2782,795.7892693829311,373.3999999999997,422.38926938293145
2783,800.8884862735456,374.9999999999998,425.8884862735458
2784,776.0702717929378,350.99999999999994,425.07027179293783
2785,0.0,193.39999999999986,-193.39999999999986
2786,0.0,232.10000000000008,-232.10000000000008
2787,0.0,242.5999999999999,-242.5999999999999
2788,0.0,253.29999999999993,-253.29999999999993
2789,0.0,297.4,-297.4
2790,0.0,296.80000000000007,-296.80000000000007
2791,0.0,295.30000000000007,-295.30000000000007
2792,1315.1951796830983,469.89999999999986,845.2951796830985
2793,1252.2956971057642,468.40000000000003,783.8956971057642
2794,1127.8683231142982,438.10000000000014,689.768323114298
2795,1073.4145865325074,431.0000000000003,642.4145865325072
2796,998.7008159413332,440.5000000000002,558.200815941333
2797,875.3431869068481,448.2000000000005,427.14318690684763
2798,783.3298115458766,415.8999999999999,367.4298115458767
2799,676.2072061557977,425.50000000000006,250.70720615579768
2800,639.9880220613529,440.40000000000026,199.58802206135266
2801,561.2646965055045,440.00000000000017,121.26469650550433
2802,617.1200947320361,462.9000000000001,154.22009473203605
2803,688.9482279948446,479.8999999999998,209.0482279948448
2804,771.2940971263225,517.2999999999998,253.99409712632269
2805,856.899064911954,553.7000000000002,303.1990649119539
2806,923.393228839604,574.1,349.293228839604
2807,983.5145202889172,588.6999999999998,394.8145202889174
2808,1029.8255969172906,593.9999999999998,435.8255969172908
2809,0.0,455.50000000000034,-455.50000000000034
2810,0.0,466.0,-466.0
2811,0.0,460.80000000000024,-460.80000000000024
2812,0.0,460.80000000000024,-460.80000000000024
2813,0.3041542579295084,454.50000000000034,-454.19584574207084
2814,0.8233871091707993,442.4000000000002,-441.5766128908294
2815,1.1297355374837856,450.0000000000005,-448.87026446251673
2816,1689.2421951027172,595.5999999999998,1093.6421951027173
2817,1500.72343562152,543.6,957.1234356215199
2818,1262.206588535901,466.20000000000005,796.0065885359008
2819,1028.0237730973552,405.5999999999999,622.4237730973553
2820,817.7676583795682,370.8999999999999,446.86765837956824
2821,600.0153624843974,330.6000000000002,269.41536248439724
2822,396.8322687854644,287.8000000000002,109.03226878546423
2823,206.50631460924427,237.30000000000007,-30.793685390755797
2824,124.36311343030673,251.19999999999987,-126.83688656969315
2825,76.8903940326594,268.0,-191.1096059673406
2826,102.5865147819375,324.20000000000016,-221.61348521806266
2827,183.39987839525503,390.0,-206.60012160474497
2828,330.73553603245995,468.40000000000003,-137.6644639675401
2829,445.7591961544438,504.1999999999998,-58.44080384555599
2830,550.2323083446698,538.2000000000002,12.032308344669673
2831,641.6668992378274,560.3000000000003,81.36689923782706
2832,730.640866693977,583.5999999999999,147.04086669397714
2833,0.0,446.0000000000005,-446.0000000000005
2834,0.0,452.6000000000003,-452.6000000000003
2835,0.0,467.90000000000003,-467.90000000000003
2836,0.0,460.2000000000003,-460.2000000000003
2837,0.0,460.30000000000024,-460.30000000000024
2838,0.0,448.7000000000005,-448.7000000000005
2839,0.1815387598864433,445.10000000000036,-444.9184612401139
2840,1434.786840687216,585.0,849.786840687216
2841,1287.5219818381006,551.6000000000001,735.9219818381005
2842,1117.1428674322513,496.89999999999975,620.2428674322515
2843,862.9539331996536,404.29999999999995,458.6539331996537
2844,647.1161832214976,341.7000000000001,305.41618322149753
2845,567.3719758108633,336.4000000000001,230.97197581086323
2846,412.240797398213,308.30000000000007,103.94079739821291
2847,268.5173190922335,305.19999999999993,-36.68268090776644
2848,185.26069742119572,285.1000000000002,-99.83930257880448
2849,144.41872481453282,281.0000000000003,-136.58127518546746
2850,119.62475317302255,285.8000000000002,-166.17524682697763
2851,142.10410524551995,307.80000000000007,-165.69589475448012
2852,212.80413791661044,337.2000000000001,-124.39586208338966
2853,293.8342837783315,365.5,-71.6657162216685
2854,332.650988409278,363.59999999999985,-30.949011590721852
2855,381.2019895270561,371.3999999999998,9.801989527056321
2856,436.5153404068784,387.4999999999999,49.01534040687852
2857,0.0,235.50000000000009,-235.50000000000009
2858,0.0,247.99999999999983,-247.99999999999983
2859,0.0,248.99999999999986,-248.99999999999986
2860,0.0,272.30000000000007,-272.30000000000007
2861,0.0,287.00000000000017,-287.00000000000017
2862,0.0,334.10000000000014,-334.10000000000014
2863,0.0,317.79999999999995,-317.79999999999995
2864,1034.2556530315717,494.4999999999998,539.7556530315719
2865,957.0320990197874,476.6999999999998,480.3320990197876
2866,830.6586531171856,422.90000000000003,407.7586531171856
2867,639.4978890510761,382.20000000000005,257.297889051076
2868,458.0014259840793,340.5000000000001,117.50142598407916
2869,309.70410681557047,318.40000000000003,-8.695893184429565
2870,162.97446782471943,298.2999999999999,-135.32553217528047
2871,67.86708986141748,290.70000000000005,-222.83291013858258
2872,21.46502560798235,264.3999999999999,-242.93497439201758
2873,13.60755051301316,258.5,-244.89244948698683
2874,13.040590032505932,251.3999999999999,-238.35940996749395
2875,50.45843872660391,286.1000000000002,-235.6415612733963
2876,122.20424243843634,314.29999999999995,-192.09575756156363
2877,179.53956890269595,327.40000000000026,-147.8604310973043
2878,226.18497987682144,333.10000000000014,-106.91502012317869
2879,269.2071295218454,336.4000000000001,-67.1928704781547
2880,327.6213913407896,355.39999999999986,-27.77860865921025
2881,0.0,0.0,0.0
2882,0.0,0.0,0.0
2883,0.0,0.0,0.0
2884,0.0,0.0,0.0
2885,0.0,0.0,0.0
2886,0.0,0.0,0.0
2887,0.0,0.0,0.0
2888,0.0,0.0,0.0
2889,0.0,0.0,0.0
2890,0.0,0.0,0.0
2891,0.0,0.0,0.0
2892,0.0,0.0,0.0
2893,0.0,0.0,0.0
2894,0.0,0.0,0.0
2895,0.0,0.0,0.0
2896,0.0,0.0,0.0
2897,0.0,0.0,0.0
2898,0.0,0.0,0.0
2899,0.0,0.0,0.0
2900,0.0,0.0,0.0
2901,0.0,0.0,0.0
2902,0.0,0.0,0.0
2903,0.0,0.0,0.0
2904,0.0,0.0,0.0
2905,0.0,0.0,0.0
2906,0.0,0.0,0.0
2907,0.0,0.0,0.0
2908,0.0,0.0,0.0
2909,0.0,0.0,0.0
2910,0.0,0.0,0.0
2911,0.0,0.0,0.0
2912,0.0,0.0,0.0
2913,0.0,0.0,0.0
2914,0.0,0.0,0.0
2915,0.0,0.0,0.0
2916,0.0,0.0,0.0
2917,0.0,0.0,0.0
2918,0.0,0.0,0.0
2919,0.0,0.0,0.0
2920,0.0,0.0,0.0
2921,0.0,0.0,0.0
2922,0.0,0.0,0.0
2923,0.0,0.0,0.0
2924,0.0,0.0,0.0
2925,0.0,0.0,0.0
2926,0.0,0.0,0.0
2927,0.0,0.0,0.0
2928,0.0,0.0,0.0
2929,0.0,0.0,0.0
2930,0.0,0.0,0.0
2931,0.0,0.0,0.0
2932,0.0,0.0,0.0
2933,0.0,0.0,0.0
2934,0.0,0.0,0.0
2935,0.0,0.0,0.0
2936,0.0,0.0,0.0
2937,0.0,0.0,0.0
2938,0.0,0.0,0.0
2939,0.0,0.0,0.0
2940,0.0,0.0,0.0
2941,0.0,0.0,0.0
2942,0.0,0.0,0.0
2943,0.0,0.0,0.0
2944,0.0,0.0,0.0
2945,0.0,0.0,0.0
2946,0.0,0.0,0.0
2947,0.0,0.0,0.0
2948,0.0,0.0,0.0
2949,0.0,0.0,0.0
2950,0.0,0.0,0.0
2951,0.0,0.0,0.0
2952,0.0,0.0,0.0
2953,0.0,0.0,0.0
2954,0.0,0.0,0.0
2955,0.0,0.0,0.0
2956,0.0,0.0,0.0
2957,0.0,0.0,0.0
2958,0.0,0.0,0.0
2959,0.0,0.0,0.0
2960,0.0,0.0,0.0
2961,0.0,0.0,0.0
2962,0.0,0.0,0.0
2963,0.0,0.0,0.0
2964,0.0,0.0,0.0
2965,0.0,0.0,0.0
2966,0.0,0.0,0.0
2967,0.0,0.0,0.0
2968,0.0,0.0,0.0
2969,0.0,0.0,0.0
2970,0.0,0.0,0.0
2971,0.0,0.0,0.0
2972,0.0,0.0,0.0
2973,0.0,0.0,0.0
2974,0.0,0.0,0.0
2975,0.0,0.0,0.0
2976,0.0,0.0,0.0
2977,0.0,0.0,0.0
2978,0.0,0.0,0.0
2979,0.0,0.0,0.0
2980,0.0,0.0,0.0
2981,0.0,0.0,0.0
2982,0.0,0.0,0.0
2983,0.0,0.0,0.0
2984,0.0,0.0,0.0
2985,0.0,0.0,0.0
2986,0.0,0.0,0.0
2987,0.0,0.0,0.0
2988,0.0,0.0,0.0
2989,0.0,0.0,0.0
2990,0.0,0.0,0.0
2991,0.0,0.0,0.0
2992,0.0,0.0,0.0
2993,0.0,0.0,0.0
2994,0.0,0.0,0.0
2995,0.0,0.0,0.0
2996,0.0,0.0,0.0
2997,0.0,0.0,0.0
2998,0.0,0.0,0.0
2999,0.0,0.0,0.0
3000,0.0,0.0,0.0
3001,0.0,0.0,0.0
3002,0.0,0.0,0.0
3003,0.0,0.0,0.0
3004,0.0,0.0,0.0
3005,0.0,0.0,0.0
3006,0.0,0.0,0.0
3007,0.0,0.0,0.0
3008,0.0,0.0,0.0
3009,0.0,0.0,0.0
3010,0.0,0.0,0.0
3011,0.0,0.0,0.0
3012,0.0,0.0,0.0
3013,0.0,0.0,0.0
3014,0.0,0.0,0.0
3015,0.0,0.0,0.0
3016,0.0,0.0,0.0
3017,0.0,0.0,0.0
3018,0.0,0.0,0.0
3019,0.0,0.0,0.0
3020,0.0,0.0,0.0
3021,0.0,0.0,0.0
3022,0.0,0.0,0.0
3023,0.0,0.0,0.0
3024,0.0,0.0,0.0
3025,0.0,0.0,0.0
3026,0.0,0.0,0.0
3027,0.0,0.0,0.0
3028,0.0,0.0,0.0
3029,0.0,0.0,0.0
3030,0.0,0.0,0.0
3031,0.0,0.0,0.0
3032,0.0,0.0,0.0
3033,0.0,0.0,0.0
3034,0.0,0.0,0.0
3035,0.0,0.0,0.0
3036,0.0,0.0,0.0
3037,0.0,0.0,0.0
3038,0.0,0.0,0.0
3039,0.0,0.0,0.0
3040,0.0,0.0,0.0
3041,0.0,0.0,0.0
3042,0.0,0.0,0.0
3043,0.0,0.0,0.0
3044,0.0,0.0,0.0
3045,0.0,0.0,0.0
3046,0.0,0.0,0.0
3047,0.0,0.0,0.0
3048,0.0,0.0,0.0
3049,0.0,0.0,0.0
3050,0.0,0.0,0.0
3051,0.0,0.0,0.0
3052,0.0,0.0,0.0
3053,0.0,0.0,0.0
3054,0.0,0.0,0.0
3055,0.0,0.0,0.0
3056,0.0,0.0,0.0
3057,0.0,0.0,0.0
3058,0.0,0.0,0.0
3059,0.0,0.0,0.0
3060,0.0,0.0,0.0
3061,0.0,0.0,0.0
3062,0.0,0.0,0.0
3063,0.0,0.0,0.0
3064,0.0,0.0,0.0
3065,0.0,0.0,0.0
3066,0.0,0.0,0.0
3067,0.0,0.0,0.0
3068,0.0,0.0,0.0
3069,0.0,0.0,0.0
3070,0.0,0.0,0.0
3071,0.0,0.0,0.0
3072,0.0,0.0,0.0
3073,0.0,0.0,0.0
3074,0.0,0.0,0.0
3075,0.0,0.0,0.0
3076,0.0,0.0,0.0
3077,0.0,0.0,0.0
3078,0.0,0.0,0.0
3079,0.0,0.0,0.0
3080,0.0,0.0,0.0
3081,0.0,0.0,0.0
3082,0.0,0.0,0.0
3083,0.0,0.0,0.0
3084,0.0,0.0,0.0
3085,0.0,0.0,0.0
3086,0.0,0.0,0.0
3087,0.0,0.0,0.0
3088,0.0,0.0,0.0
3089,0.0,0.0,0.0
3090,0.0,0.0,0.0
3091,0.0,0.0,0.0
3092,0.0,0.0,0.0
3093,0.0,0.0,0.0
3094,0.0,0.0,0.0
3095,0.0,0.0,0.0
3096,0.0,0.0,0.0
3097,0.0,0.0,0.0
3098,0.0,0.0,0.0
3099,0.0,0.0,0.0
3100,0.0,0.0,0.0
3101,0.0,0.0,0.0
3102,0.0,0.0,0.0
3103,0.0,0.0,0.0
3104,0.0,0.0,0.0
3105,0.0,0.0,0.0
3106,0.0,0.0,0.0
3107,0.0,0.0,0.0
3108,0.0,0.0,0.0
3109,0.0,0.0,0.0
3110,0.0,0.0,0.0
3111,0.0,0.0,0.0
3112,0.0,0.0,0.0
3113,0.0,0.0,0.0
3114,0.0,0.0,0.0
3115,0.0,0.0,0.0
3116,0.0,0.0,0.0
3117,0.0,0.0,0.0
3118,0.0,0.0,0.0
3119,0.0,0.0,0.0
3120,0.0,0.0,0.0
3121,0.0,0.0,0.0
3122,0.0,0.0,0.0
3123,0.0,0.0,0.0
3124,0.0,0.0,0.0
3125,0.0,0.0,0.0
3126,0.0,0.0,0.0
3127,0.0,0.0,0.0
3128,0.0,0.0,0.0
3129,0.0,0.0,0.0
3130,0.0,0.0,0.0
3131,0.0,0.0,0.0
3132,0.0,0.0,0.0
3133,0.0,0.0,0.0
3134,0.0,0.0,0.0
3135,0.0,0.0,0.0
3136,0.0,0.0,0.0
3137,0.0,0.0,0.0
3138,0.0,0.0,0.0
3139,0.0,0.0,0.0
3140,0.0,0.0,0.0
3141,0.0,0.0,0.0
3142,0.0,0.0,0.0
3143,0.0,0.0,0.0
3144,0.0,0.0,0.0
3145,0.0,0.0,0.0
3146,0.0,0.0,0.0
3147,0.0,0.0,0.0
3148,0.0,0.0,0.0
3149,0.0,0.0,0.0
3150,0.0,0.0,0.0
3151,0.0,0.0,0.0
3152,0.0,0.0,0.0
3153,0.0,0.0,0.0
3154,0.0,0.0,0.0
3155,0.0,0.0,0.0
3156,0.0,0.0,0.0
3157,0.0,0.0,0.0
3158,0.0,0.0,0.0
3159,0.0,0.0,0.0
3160,0.0,0.0,0.0
3161,0.0,0.0,0.0
3162,0.0,0.0,0.0
3163,0.0,0.0,0.0
3164,0.0,0.0,0.0
3165,0.0,0.0,0.0
3166,0.0,0.0,0.0
3167,0.0,0.0,0.0
3168,0.0,0.0,0.0
3169,0.0,0.0,0.0
3170,0.0,0.0,0.0
3171,0.0,0.0,0.0
3172,0.0,0.0,0.0
3173,0.0,0.0,0.0
3174,0.0,0.0,0.0
3175,0.0,0.0,0.0
3176,0.0,0.0,0.0
3177,0.0,0.0,0.0
3178,0.0,0.0,0.0
3179,0.0,0.0,0.0
3180,0.0,0.0,0.0
3181,0.0,0.0,0.0
3182,0.0,0.0,0.0
3183,0.0,0.0,0.0
3184,0.0,0.0,0.0
3185,0.0,0.0,0.0
3186,0.0,0.0,0.0
3187,0.0,0.0,0.0
3188,0.0,0.0,0.0
3189,0.0,0.0,0.0
3190,0.0,0.0,0.0
3191,0.0,0.0,0.0
3192,0.0,0.0,0.0
3193,0.0,0.0,0.0
3194,0.0,0.0,0.0
3195,0.0,0.0,0.0
3196,0.0,0.0,0.0
3197,0.0,0.0,0.0
3198,0.0,0.0,0.0
3199,0.0,0.0,0.0
3200,0.0,0.0,0.0
3201,0.0,0.0,0.0
3202,0.0,0.0,0.0
3203,0.0,0.0,0.0
3204,0.0,0.0,0.0
3205,0.0,0.0,0.0
3206,0.0,0.0,0.0
3207,0.0,0.0,0.0
3208,0.0,0.0,0.0
3209,0.0,0.0,0.0
3210,0.0,0.0,0.0
3211,0.0,0.0,0.0
3212,0.0,0.0,0.0
3213,0.0,0.0,0.0
3214,0.0,0.0,0.0
3215,0.0,0.0,0.0
3216,0.0,0.0,0.0
3217,0.0,0.0,0.0
3218,0.0,0.0,0.0
3219,0.0,0.0,0.0
3220,0.0,0.0,0.0
3221,0.0,0.0,0.0
3222,0.0,0.0,0.0
3223,0.0,0.0,0.0
3224,0.0,0.0,0.0
3225,0.0,0.0,0.0
3226,0.0,0.0,0.0
3227,0.0,0.0,0.0
3228,0.0,0.0,0.0
3229,0.0,0.0,0.0
3230,0.0,0.0,0.0
3231,0.0,0.0,0.0
3232,0.0,0.0,0.0
3233,0.0,0.0,0.0
3234,0.0,0.0,0.0
3235,0.0,0.0,0.0
3236,0.0,0.0,0.0
3237,0.0,0.0,0.0
3238,0.0,0.0,0.0
3239,0.0,0.0,0.0
3240,0.0,0.0,0.0
3241,0.0,0.0,0.0
3242,0.0,0.0,0.0
3243,0.0,0.0,0.0
3244,0.0,0.0,0.0
3245,0.0,0.0,0.0
3246,0.0,0.0,0.0
3247,0.0,0.0,0.0
3248,0.0,0.0,0.0
3249,0.0,0.0,0.0
3250,0.0,0.0,0.0
3251,0.0,0.0,0.0
3252,0.0,0.0,0.0
3253,0.0,0.0,0.0
3254,0.0,0.0,0.0
3255,0.0,0.0,0.0
3256,0.0,0.0,0.0
3257,0.0,0.0,0.0
3258,0.0,0.0,0.0
3259,0.0,0.0,0.0
3260,0.0,0.0,0.0
3261,0.0,0.0,0.0
3262,0.0,0.0,0.0
3263,0.0,0.0,0.0
3264,0.0,0.0,0.0
3265,0.0,0.0,0.0
3266,0.0,0.0,0.0
3267,0.0,0.0,0.0
3268,0.0,0.0,0.0
3269,0.0,0.0,0.0
3270,0.0,0.0,0.0
3271,0.0,0.0,0.0
3272,0.0,0.0,0.0
3273,0.0,0.0,0.0
3274,0.0,0.0,0.0
3275,0.0,0.0,0.0
3276,0.0,0.0,0.0
3277,0.0,0.0,0.0
3278,0.0,0.0,0.0
3279,0.0,0.0,0.0
3280,0.0,0.0,0.0
3281,0.0,0.0,0.0
3282,0.0,0.0,0.0
3283,0.0,0.0,0.0
3284,0.0,0.0,0.0
3285,0.0,0.0,0.0
3286,0.0,0.0,0.0
3287,0.0,0.0,0.0
3288,0.0,0.0,0.0
3289,0.0,0.0,0.0
3290,0.0,0.0,0.0
3291,0.0,0.0,0.0
3292,0.0,0.0,0.0
3293,0.0,0.0,0.0
3294,0.0,0.0,0.0
3295,0.0,0.0,0.0
3296,0.0,0.0,0.0
3297,0.0,0.0,0.0
3298,0.0,0.0,0.0
3299,0.0,0.0,0.0
3300,0.0,0.0,0.0
3301,0.0,0.0,0.0
3302,0.0,0.0,0.0
3303,0.0,0.0,0.0
3304,0.0,0.0,0.0
3305,0.0,0.0,0.0
3306,0.0,0.0,0.0
3307,0.0,0.0,0.0
3308,0.0,0.0,0.0
3309,0.0,0.0,0.0
3310,0.0,0.0,0.0
3311,0.0,0.0,0.0
3312,0.0,0.0,0.0
3313,0.0,0.0,0.0
3314,0.0,0.0,0.0
3315,0.0,0.0,0.0
3316,0.0,0.0,0.0
3317,0.0,0.0,0.0
3318,0.0,0.0,0.0
3319,0.0,0.0,0.0
3320,0.0,0.0,0.0
3321,0.0,0.0,0.0
3322,0.0,0.0,0.0
3323,0.0,0.0,0.0
3324,0.0,0.0,0.0
3325,0.0,0.0,0.0
3326,0.0,0.0,0.0
3327,0.0,0.0,0.0
3328,0.0,0.0,0.0
3329,0.0,0.0,0.0
3330,0.0,0.0,0.0
3331,0.0,0.0,0.0
3332,0.0,0.0,0.0
3333,0.0,0.0,0.0
3334,0.0,0.0,0.0
3335,0.0,0.0,0.0
3336,0.0,0.0,0.0
3337,0.0,0.0,0.0
3338,0.0,0.0,0.0
3339,0.0,0.0,0.0
3340,0.0,0.0,0.0
3341,0.0,0.0,0.0
3342,0.0,0.0,0.0
3343,0.0,0.0,0.0
3344,0.0,0.0,0.0
3345,0.0,0.0,0.0
3346,0.0,0.0,0.0
3347,0.0,0.0,0.0
3348,0.0,0.0,0.0
3349,0.0,0.0,0.0
3350,0.0,0.0,0.0
3351,0.0,0.0,0.0
3352,0.0,0.0,0.0
3353,0.0,0.0,0.0
3354,0.0,0.0,0.0
3355,0.0,0.0,0.0
3356,0.0,0.0,0.0
3357,0.0,0.0,0.0
3358,0.0,0.0,0.0
3359,0.0,0.0,0.0
3360,0.0,0.0,0.0
3361,0.0,0.0,0.0
3362,0.0,0.0,0.0
3363,0.0,0.0,0.0
3364,0.0,0.0,0.0
3365,0.0,0.0,0.0
3366,0.0,0.0,0.0
3367,0.0,0.0,0.0
3368,0.0,0.0,0.0
3369,0.0,0.0,0.0
3370,0.0,0.0,0.0
3371,0.0,0.0,0.0
3372,0.0,0.0,0.0
3373,0.0,0.0,0.0
3374,0.0,0.0,0.0
3375,0.0,0.0,0.0
3376,0.0,0.0,0.0
3377,0.0,0.0,0.0
3378,0.0,0.0,0.0
3379,0.0,0.0,0.0
3380,0.0,0.0,0.0
3381,0.0,0.0,0.0
3382,0.0,0.0,0.0
3383,0.0,0.0,0.0
3384,0.0,0.0,0.0
3385,0.0,0.0,0.0
3386,0.0,0.0,0.0
3387,0.0,0.0,0.0
3388,0.0,0.0,0.0
3389,0.0,0.0,0.0
3390,0.0,0.0,0.0
3391,0.0,0.0,0.0
3392,0.0,0.0,0.0
3393,0.0,0.0,0.0
3394,0.0,0.0,0.0
3395,0.0,0.0,0.0
3396,0.0,0.0,0.0
3397,0.0,0.0,0.0
3398,0.0,0.0,0.0
3399,0.0,0.0,0.0
3400,0.0,0.0,0.0
3401,0.0,0.0,0.0
3402,0.0,0.0,0.0
3403,0.0,0.0,0.0
3404,0.0,0.0,0.0
3405,0.0,0.0,0.0
3406,0.0,0.0,0.0
3407,0.0,0.0,0.0
3408,0.0,0.0,0.0
3409,0.0,0.0,0.0
3410,0.0,0.0,0.0
3411,0.0,0.0,0.0
3412,0.0,0.0,0.0
3413,0.0,0.0,0.0
3414,0.0,0.0,0.0
3415,0.0,0.0,0.0
3416,0.0,0.0,0.0
3417,0.0,0.0,0.0
3418,0.0,0.0,0.0
3419,0.0,0.0,0.0
3420,0.0,0.0,0.0
3421,0.0,0.0,0.0
3422,0.0,0.0,0.0
3423,0.0,0.0,0.0
3424,0.0,0.0,0.0
3425,0.0,0.0,0.0
3426,0.0,0.0,0.0
3427,0.0,0.0,0.0
3428,0.0,0.0,0.0
3429,0.0,0.0,0.0
3430,0.0,0.0,0.0
3431,0.0,0.0,0.0
3432,0.0,0.0,0.0
3433,0.0,0.0,0.0
3434,0.0,0.0,0.0
3435,0.0,0.0,0.0
3436,0.0,0.0,0.0
3437,0.0,0.0,0.0
3438,0.0,0.0,0.0
3439,0.0,0.0,0.0
3440,0.0,0.0,0.0
3441,0.0,0.0,0.0
3442,0.0,0.0,0.0
3443,0.0,0.0,0.0
3444,0.0,0.0,0.0
3445,0.0,0.0,0.0
3446,0.0,0.0,0.0
3447,0.0,0.0,0.0
3448,0.0,0.0,0.0
3449,0.0,0.0,0.0
3450,0.0,0.0,0.0
3451,0.0,0.0,0.0
3452,0.0,0.0,0.0
3453,0.0,0.0,0.0
3454,0.0,0.0,0.0
3455,0.0,0.0,0.0
3456,0.0,0.0,0.0
3457,0.0,0.0,0.0
3458,0.0,0.0,0.0
3459,0.0,0.0,0.0
3460,0.0,0.0,0.0
3461,0.0,0.0,0.0
3462,0.0,0.0,0.0
3463,0.0,0.0,0.0
3464,0.0,0.0,0.0
3465,0.0,0.0,0.0
3466,0.0,0.0,0.0
3467,0.0,0.0,0.0
3468,0.0,0.0,0.0
3469,0.0,0.0,0.0
3470,0.0,0.0,0.0
3471,0.0,0.0,0.0
3472,0.0,0.0,0.0
3473,0.0,0.0,0.0
3474,0.0,0.0,0.0
3475,0.0,0.0,0.0
3476,0.0,0.0,0.0
3477,0.0,0.0,0.0
3478,0.0,0.0,0.0
3479,0.0,0.0,0.0
3480,0.0,0.0,0.0
3481,0.0,0.0,0.0
3482,0.0,0.0,0.0
3483,0.0,0.0,0.0
3484,0.0,0.0,0.0
3485,0.0,0.0,0.0
3486,0.0,0.0,0.0
3487,0.0,0.0,0.0
3488,0.0,0.0,0.0
3489,0.0,0.0,0.0
3490,0.0,0.0,0.0
3491,0.0,0.0,0.0
3492,0.0,0.0,0.0
3493,0.0,0.0,0.0
3494,0.0,0.0,0.0
3495,0.0,0.0,0.0
3496,0.0,0.0,0.0
3497,0.0,0.0,0.0
3498,0.0,0.0,0.0
3499,0.0,0.0,0.0
3500,0.0,0.0,0.0
3501,0.0,0.0,0.0
3502,0.0,0.0,0.0
3503,0.0,0.0,0.0
3504,0.0,0.0,0.0
3505,0.0,0.0,0.0
3506,0.0,0.0,0.0
3507,0.0,0.0,0.0
3508,0.0,0.0,0.0
3509,0.0,0.0,0.0
3510,0.0,0.0,0.0
3511,0.0,0.0,0.0
3512,0.0,0.0,0.0
3513,0.0,0.0,0.0
3514,0.0,0.0,0.0
3515,0.0,0.0,0.0
3516,0.0,0.0,0.0
3517,0.0,0.0,0.0
3518,0.0,0.0,0.0
3519,0.0,0.0,0.0
3520,0.0,0.0,0.0
3521,0.0,0.0,0.0
3522,0.0,0.0,0.0
3523,0.0,0.0,0.0
3524,0.0,0.0,0.0
3525,0.0,0.0,0.0
3526,0.0,0.0,0.0
3527,0.0,0.0,0.0
3528,0.0,0.0,0.0
3529,0.0,0.0,0.0
3530,0.0,0.0,0.0
3531,0.0,0.0,0.0
3532,0.0,0.0,0.0
3533,0.0,0.0,0.0
3534,0.0,0.0,0.0
3535,0.0,0.0,0.0
3536,0.0,0.0,0.0
3537,0.0,0.0,0.0
3538,0.0,0.0,0.0
3539,0.0,0.0,0.0
3540,0.0,0.0,0.0
3541,0.0,0.0,0.0
3542,0.0,0.0,0.0
3543,0.0,0.0,0.0
3544,0.0,0.0,0.0
3545,0.0,0.0,0.0
3546,0.0,0.0,0.0
3547,0.0,0.0,0.0
3548,0.0,0.0,0.0
3549,0.0,0.0,0.0
3550,0.0,0.0,0.0
3551,0.0,0.0,0.0
3552,0.0,0.0,0.0
3553,0.0,0.0,0.0
3554,0.0,0.0,0.0
3555,0.0,0.0,0.0
3556,0.0,0.0,0.0
3557,0.0,0.0,0.0
3558,0.0,0.0,0.0
3559,0.0,0.0,0.0
3560,0.0,0.0,0.0
3561,0.0,0.0,0.0
3562,0.0,0.0,0.0
3563,0.0,0.0,0.0
3564,0.0,0.0,0.0
3565,0.0,0.0,0.0
3566,0.0,0.0,0.0
3567,0.0,0.0,0.0
3568,0.0,0.0,0.0
3569,0.0,0.0,0.0
3570,0.0,0.0,0.0
3571,0.0,0.0,0.0
3572,0.0,0.0,0.0
3573,0.0,0.0,0.0
3574,0.0,0.0,0.0
3575,0.0,0.0,0.0
3576,0.0,0.0,0.0
3577,0.0,0.0,0.0
3578,0.0,0.0,0.0
3579,0.0,0.0,0.0
3580,0.0,0.0,0.0
3581,0.0,0.0,0.0
3582,0.0,0.0,0.0
3583,0.0,0.0,0.0
3584,0.0,0.0,0.0
3585,0.0,0.0,0.0
3586,0.0,0.0,0.0
3587,0.0,0.0,0.0
3588,0.0,0.0,0.0
3589,0.0,0.0,0.0
3590,0.0,0.0,0.0
3591,0.0,0.0,0.0
3592,0.0,0.0,0.0
3593,0.0,0.0,0.0
3594,0.0,0.0,0.0
3595,0.0,0.0,0.0
3596,0.0,0.0,0.0
3597,0.0,0.0,0.0
3598,0.0,0.0,0.0
3599,0.0,0.0,0.0
3600,0.0,0.0,0.0
3601,0.0,0.0,0.0
3602,0.0,0.0,0.0
3603,0.0,0.0,0.0
3604,0.0,0.0,0.0
3605,0.0,0.0,0.0
3606,0.0,0.0,0.0
3607,0.0,0.0,0.0
3608,0.0,0.0,0.0
3609,0.0,0.0,0.0
3610,0.0,0.0,0.0
3611,0.0,0.0,0.0
3612,0.0,0.0,0.0
3613,0.0,0.0,0.0
3614,0.0,0.0,0.0
3615,0.0,0.0,0.0
3616,0.0,0.0,0.0
3617,0.0,0.0,0.0
3618,0.0,0.0,0.0
3619,0.0,0.0,0.0
3620,0.0,0.0,0.0
3621,0.0,0.0,0.0
3622,0.0,0.0,0.0
3623,0.0,0.0,0.0
3624,0.0,0.0,0.0
3625,0.0,0.0,0.0
3626,0.0,0.0,0.0
3627,0.0,0.0,0.0
3628,0.0,0.0,0.0
3629,0.0,0.0,0.0
3630,0.0,0.0,0.0
3631,0.0,0.0,0.0
3632,0.0,0.0,0.0
3633,0.0,0.0,0.0
3634,0.0,0.0,0.0
3635,0.0,0.0,0.0
3636,0.0,0.0,0.0
3637,0.0,0.0,0.0
3638,0.0,0.0,0.0
3639,0.0,0.0,0.0
3640,0.0,0.0,0.0
3641,0.0,0.0,0.0
3642,0.0,0.0,0.0
3643,0.0,0.0,0.0
3644,0.0,0.0,0.0
3645,0.0,0.0,0.0
3646,0.0,0.0,0.0
3647,0.0,0.0,0.0
3648,0.0,0.0,0.0
3649,0.0,0.0,0.0
3650,0.0,0.0,0.0
3651,0.0,0.0,0.0
3652,0.0,0.0,0.0
3653,0.0,0.0,0.0
3654,0.0,0.0,0.0
3655,0.0,0.0,0.0
3656,0.0,0.0,0.0
3657,0.0,0.0,0.0
3658,0.0,0.0,0.0
3659,0.0,0.0,0.0
3660,0.0,0.0,0.0
3661,0.0,0.0,0.0
3662,0.0,0.0,0.0
3663,0.0,0.0,0.0
3664,0.0,0.0,0.0
3665,0.0,0.0,0.0
3666,0.0,0.0,0.0
3667,0.0,0.0,0.0
3668,0.0,0.0,0.0
3669,0.0,0.0,0.0
3670,0.0,0.0,0.0
3671,0.0,0.0,0.0
3672,0.0,0.0,0.0
3673,0.0,0.0,0.0
3674,0.0,0.0,0.0
3675,0.0,0.0,0.0
3676,0.0,0.0,0.0
3677,0.0,0.0,0.0
3678,0.0,0.0,0.0
3679,0.0,0.0,0.0
3680,0.0,0.0,0.0
3681,0.0,0.0,0.0
3682,0.0,0.0,0.0
3683,0.0,0.0,0.0
3684,0.0,0.0,0.0
3685,0.0,0.0,0.0
3686,0.0,0.0,0.0
3687,0.0,0.0,0.0
3688,0.0,0.0,0.0
3689,0.0,0.0,0.0
3690,0.0,0.0,0.0
3691,0.0,0.0,0.0
3692,0.0,0.0,0.0
3693,0.0,0.0,0.0
3694,0.0,0.0,0.0
3695,0.0,0.0,0.0
3696,0.0,0.0,0.0
3697,0.0,0.0,0.0
3698,0.0,0.0,0.0
3699,0.0,0.0,0.0
3700,0.0,0.0,0.0
3701,0.0,0.0,0.0
3702,0.0,0.0,0.0
3703,0.0,0.0,0.0
3704,0.0,0.0,0.0
3705,0.0,0.0,0.0
3706,0.0,0.0,0.0
3707,0.0,0.0,0.0
3708,0.0,0.0,0.0
3709,0.0,0.0,0.0
3710,0.0,0.0,0.0
3711,0.0,0.0,0.0
3712,0.0,0.0,0.0
3713,0.0,0.0,0.0
3714,0.0,0.0,0.0
3715,0.0,0.0,0.0
3716,0.0,0.0,0.0
3717,0.0,0.0,0.0
3718,0.0,0.0,0.0
3719,0.0,0.0,0.0
3720,0.0,0.0,0.0
3721,0.0,0.0,0.0
3722,0.0,0.0,0.0
3723,0.0,0.0,0.0
3724,0.0,0.0,0.0
3725,0.0,0.0,0.0
3726,0.0,0.0,0.0
3727,0.0,0.0,0.0
3728,0.0,0.0,0.0
3729,0.0,0.0,0.0
3730,0.0,0.0,0.0
3731,0.0,0.0,0.0
3732,0.0,0.0,0.0
3733,0.0,0.0,0.0
3734,0.0,0.0,0.0
3735,0.0,0.0,0.0
3736,0.0,0.0,0.0
3737,0.0,0.0,0.0
3738,0.0,0.0,0.0
3739,0.0,0.0,0.0
3740,0.0,0.0,0.0
3741,0.0,0.0,0.0
3742,0.0,0.0,0.0
3743,0.0,0.0,0.0
3744,0.0,0.0,0.0
3745,0.0,0.0,0.0
3746,0.0,0.0,0.0
3747,0.0,0.0,0.0
3748,0.0,0.0,0.0
3749,0.0,0.0,0.0
3750,0.0,0.0,0.0
3751,0.0,0.0,0.0
3752,0.0,0.0,0.0
3753,0.0,0.0,0.0
3754,0.0,0.0,0.0
3755,0.0,0.0,0.0
3756,0.0,0.0,0.0
3757,0.0,0.0,0.0
3758,0.0,0.0,0.0
3759,0.0,0.0,0.0
3760,0.0,0.0,0.0
3761,0.0,0.0,0.0
3762,0.0,0.0,0.0
3763,0.0,0.0,0.0
3764,0.0,0.0,0.0
3765,0.0,0.0,0.0
3766,0.0,0.0,0.0
3767,0.0,0.0,0.0
3768,0.0,0.0,0.0
3769,0.0,0.0,0.0
3770,0.0,0.0,0.0
3771,0.0,0.0,0.0
3772,0.0,0.0,0.0
3773,0.0,0.0,0.0
3774,0.0,0.0,0.0
3775,0.0,0.0,0.0
3776,0.0,0.0,0.0
3777,0.0,0.0,0.0
3778,0.0,0.0,0.0
3779,0.0,0.0,0.0
3780,0.0,0.0,0.0
3781,0.0,0.0,0.0
3782,0.0,0.0,0.0
3783,0.0,0.0,0.0
3784,0.0,0.0,0.0
3785,0.0,0.0,0.0
3786,0.0,0.0,0.0
3787,0.0,0.0,0.0
3788,0.0,0.0,0.0
3789,0.0,0.0,0.0
3790,0.0,0.0,0.0
3791,0.0,0.0,0.0
3792,0.0,0.0,0.0
3793,0.0,0.0,0.0
3794,0.0,0.0,0.0
3795,0.0,0.0,0.0
3796,0.0,0.0,0.0
3797,0.0,0.0,0.0
3798,0.0,0.0,0.0
3799,0.0,0.0,0.0
3800,0.0,0.0,0.0
3801,0.0,0.0,0.0
3802,0.0,0.0,0.0
3803,0.0,0.0,0.0
3804,0.0,0.0,0.0
3805,0.0,0.0,0.0
3806,0.0,0.0,0.0
3807,0.0,0.0,0.0
3808,0.0,0.0,0.0
3809,0.0,0.0,0.0
3810,0.0,0.0,0.0
3811,0.0,0.0,0.0
3812,0.0,0.0,0.0
3813,0.0,0.0,0.0
3814,0.0,0.0,0.0
3815,0.0,0.0,0.0
3816,0.0,0.0,0.0
3817,0.0,0.0,0.0
3818,0.0,0.0,0.0
3819,0.0,0.0,0.0
3820,0.0,0.0,0.0
3821,0.0,0.0,0.0
3822,0.0,0.0,0.0
3823,0.0,0.0,0.0
3824,0.0,0.0,0.0
3825,0.0,0.0,0.0
3826,0.0,0.0,0.0
3827,0.0,0.0,0.0
3828,0.0,0.0,0.0
3829,0.0,0.0,0.0
3830,0.0,0.0,0.0
3831,0.0,0.0,0.0
3832,0.0,0.0,0.0
3833,0.0,0.0,0.0
3834,0.0,0.0,0.0
3835,0.0,0.0,0.0
3836,0.0,0.0,0.0
3837,0.0,0.0,0.0
3838,0.0,0.0,0.0
3839,0.0,0.0,0.0
3840,0.0,0.0,0.0
3841,0.0,0.0,0.0
3842,0.0,0.0,0.0
3843,0.0,0.0,0.0
3844,0.0,0.0,0.0
3845,0.0,0.0,0.0
3846,0.0,0.0,0.0
3847,0.0,0.0,0.0
3848,0.0,0.0,0.0
3849,0.0,0.0,0.0
3850,0.0,0.0,0.0
3851,0.0,0.0,0.0
3852,0.0,0.0,0.0
3853,0.0,0.0,0.0
3854,0.0,0.0,0.0
3855,0.0,0.0,0.0
3856,0.0,0.0,0.0
3857,0.0,0.0,0.0
3858,0.0,0.0,0.0
3859,0.0,0.0,0.0
3860,0.0,0.0,0.0
3861,0.0,0.0,0.0
3862,0.0,0.0,0.0
3863,0.0,0.0,0.0
3864,0.0,0.0,0.0
3865,0.0,0.0,0.0
3866,0.0,0.0,0.0
3867,0.0,0.0,0.0
3868,0.0,0.0,0.0
3869,0.0,0.0,0.0
3870,0.0,0.0,0.0
3871,0.0,0.0,0.0
3872,0.0,0.0,0.0
3873,0.0,0.0,0.0
3874,0.0,0.0,0.0
3875,0.0,0.0,0.0
3876,0.0,0.0,0.0
3877,0.0,0.0,0.0
3878,0.0,0.0,0.0
3879,0.0,0.0,0.0
3880,0.0,0.0,0.0
3881,0.0,0.0,0.0
3882,0.0,0.0,0.0
3883,0.0,0.0,0.0
3884,0.0,0.0,0.0
3885,0.0,0.0,0.0
3886,0.0,0.0,0.0
3887,0.0,0.0,0.0
3888,0.0,0.0,0.0
3889,0.0,0.0,0.0
3890,0.0,0.0,0.0
3891,0.0,0.0,0.0
3892,0.0,0.0,0.0
3893,0.0,0.0,0.0
3894,0.0,0.0,0.0
3895,0.0,0.0,0.0
3896,0.0,0.0,0.0
3897,0.0,0.0,0.0
3898,0.0,0.0,0.0
3899,0.0,0.0,0.0
3900,0.0,0.0,0.0
3901,0.0,0.0,0.0
3902,0.0,0.0,0.0
3903,0.0,0.0,0.0
3904,0.0,0.0,0.0
3905,0.0,0.0,0.0
3906,0.0,0.0,0.0
3907,0.0,0.0,0.0
3908,0.0,0.0,0.0
3909,0.0,0.0,0.0
3910,0.0,0.0,0.0
3911,0.0,0.0,0.0
3912,0.0,0.0,0.0
3913,0.0,0.0,0.0
3914,0.0,0.0,0.0
3915,0.0,0.0,0.0
3916,0.0,0.0,0.0
3917,0.0,0.0,0.0
3918,0.0,0.0,0.0
3919,0.0,0.0,0.0
3920,0.0,0.0,0.0
3921,0.0,0.0,0.0
3922,0.0,0.0,0.0
3923,0.0,0.0,0.0
3924,0.0,0.0,0.0
3925,0.0,0.0,0.0
3926,0.0,0.0,0.0
3927,0.0,0.0,0.0
3928,0.0,0.0,0.0
3929,0.0,0.0,0.0
3930,0.0,0.0,0.0
3931,0.0,0.0,0.0
3932,0.0,0.0,0.0
3933,0.0,0.0,0.0
3934,0.0,0.0,0.0
3935,0.0,0.0,0.0
3936,0.0,0.0,0.0
3937,0.0,0.0,0.0
3938,0.0,0.0,0.0
3939,0.0,0.0,0.0
3940,0.0,0.0,0.0
3941,0.0,0.0,0.0
3942,0.0,0.0,0.0
3943,0.0,0.0,0.0
3944,0.0,0.0,0.0
3945,0.0,0.0,0.0
3946,0.0,0.0,0.0
3947,0.0,0.0,0.0
3948,0.0,0.0,0.0
3949,0.0,0.0,0.0
3950,0.0,0.0,0.0
3951,0.0,0.0,0.0
3952,0.0,0.0,0.0
3953,0.0,0.0,0.0
3954,0.0,0.0,0.0
3955,0.0,0.0,0.0
3956,0.0,0.0,0.0
3957,0.0,0.0,0.0
3958,0.0,0.0,0.0
3959,0.0,0.0,0.0
3960,0.0,0.0,0.0
3961,0.0,0.0,0.0
3962,0.0,0.0,0.0
3963,0.0,0.0,0.0
3964,0.0,0.0,0.0
3965,0.0,0.0,0.0
3966,0.0,0.0,0.0
3967,0.0,0.0,0.0
3968,0.0,0.0,0.0
3969,0.0,0.0,0.0
3970,0.0,0.0,0.0
3971,0.0,0.0,0.0
3972,0.0,0.0,0.0
3973,0.0,0.0,0.0
3974,0.0,0.0,0.0
3975,0.0,0.0,0.0
3976,0.0,0.0,0.0
3977,0.0,0.0,0.0
3978,0.0,0.0,0.0
3979,0.0,0.0,0.0
3980,0.0,0.0,0.0
3981,0.0,0.0,0.0
3982,0.0,0.0,0.0
3983,0.0,0.0,0.0
3984,0.0,0.0,0.0
3985,0.0,0.0,0.0
3986,0.0,0.0,0.0
3987,0.0,0.0,0.0
3988,0.0,0.0,0.0
3989,0.0,0.0,0.0
3990,0.0,0.0,0.0
3991,0.0,0.0,0.0
3992,0.0,0.0,0.0
3993,0.0,0.0,0.0
3994,0.0,0.0,0.0
3995,0.0,0.0,0.0
3996,0.0,0.0,0.0
3997,0.0,0.0,0.0
3998,0.0,0.0,0.0
3999,0.0,0.0,0.0
4000,0.0,0.0,0.0
4001,0.0,0.0,0.0
4002,0.0,0.0,0.0
4003,0.0,0.0,0.0
4004,0.0,0.0,0.0
4005,0.0,0.0,0.0
4006,0.0,0.0,0.0
4007,0.0,0.0,0.0
4008,0.0,0.0,0.0
4009,0.0,0.0,0.0
4010,0.0,0.0,0.0
4011,0.0,0.0,0.0
4012,0.0,0.0,0.0
4013,0.0,0.0,0.0
4014,0.0,0.0,0.0
4015,0.0,0.0,0.0
4016,0.0,0.0,0.0
4017,0.0,0.0,0.0
4018,0.0,0.0,0.0
4019,0.0,0.0,0.0
4020,0.0,0.0,0.0
4021,0.0,0.0,0.0
4022,0.0,0.0,0.0
4023,0.0,0.0,0.0
4024,0.0,0.0,0.0
4025,0.0,0.0,0.0
4026,0.0,0.0,0.0
4027,0.0,0.0,0.0
4028,0.0,0.0,0.0
4029,0.0,0.0,0.0
4030,0.0,0.0,0.0
4031,0.0,0.0,0.0
4032,0.0,0.0,0.0
4033,0.0,0.0,0.0
4034,0.0,0.0,0.0
4035,0.0,0.0,0.0
4036,0.0,0.0,0.0
4037,0.0,0.0,0.0
4038,0.0,0.0,0.0
4039,0.0,0.0,0.0
4040,0.0,0.0,0.0
4041,0.0,0.0,0.0
4042,0.0,0.0,0.0
4043,0.0,0.0,0.0
4044,0.0,0.0,0.0
4045,0.0,0.0,0.0
4046,0.0,0.0,0.0
4047,0.0,0.0,0.0
4048,0.0,0.0,0.0
4049,0.0,0.0,0.0
4050,0.0,0.0,0.0
4051,0.0,0.0,0.0
4052,0.0,0.0,0.0
4053,0.0,0.0,0.0
4054,0.0,0.0,0.0
4055,0.0,0.0,0.0
4056,0.0,0.0,0.0
4057,0.0,0.0,0.0
4058,0.0,0.0,0.0
4059,0.0,0.0,0.0
4060,0.0,0.0,0.0
4061,0.0,0.0,0.0
4062,0.0,0.0,0.0
4063,0.0,0.0,0.0
4064,0.0,0.0,0.0
4065,0.0,0.0,0.0
4066,0.0,0.0,0.0
4067,0.0,0.0,0.0
4068,0.0,0.0,0.0
4069,0.0,0.0,0.0
4070,0.0,0.0,0.0
4071,0.0,0.0,0.0
4072,0.0,0.0,0.0
4073,0.0,0.0,0.0
4074,0.0,0.0,0.0
4075,0.0,0.0,0.0
4076,0.0,0.0,0.0
4077,0.0,0.0,0.0
4078,0.0,0.0,0.0
4079,0.0,0.0,0.0
4080,0.0,0.0,0.0
4081,0.0,0.0,0.0
4082,0.0,0.0,0.0
4083,0.0,0.0,0.0
4084,0.0,0.0,0.0
4085,0.0,0.0,0.0
4086,0.0,0.0,0.0
4087,0.0,0.0,0.0
4088,0.0,0.0,0.0
4089,0.0,0.0,0.0
4090,0.0,0.0,0.0
4091,0.0,0.0,0.0
4092,0.0,0.0,0.0
4093,0.0,0.0,0.0
4094,0.0,0.0,0.0
4095,0.0,0.0,0.0
4096,0.0,0.0,0.0
4097,0.0,0.0,0.0
4098,0.0,0.0,0.0
4099,0.0,0.0,0.0
4100,0.0,0.0,0.0
4101,0.0,0.0,0.0
4102,0.0,0.0,0.0
4103,0.0,0.0,0.0
4104,0.0,0.0,0.0
4105,0.0,0.0,0.0
4106,0.0,0.0,0.0
4107,0.0,0.0,0.0
4108,0.0,0.0,0.0
4109,0.0,0.0,0.0
4110,0.0,0.0,0.0
4111,0.0,0.0,0.0
4112,0.0,0.0,0.0
4113,0.0,0.0,0.0
4114,0.0,0.0,0.0
4115,0.0,0.0,0.0
4116,0.0,0.0,0.0
4117,0.0,0.0,0.0
4118,0.0,0.0,0.0
4119,0.0,0.0,0.0
4120,0.0,0.0,0.0
4121,0.0,0.0,0.0
4122,0.0,0.0,0.0
4123,0.0,0.0,0.0
4124,0.0,0.0,0.0
4125,0.0,0.0,0.0
4126,0.0,0.0,0.0
4127,0.0,0.0,0.0
4128,0.0,0.0,0.0
4129,0.0,0.0,0.0
4130,0.0,0.0,0.0
4131,0.0,0.0,0.0
4132,0.0,0.0,0.0
4133,0.0,0.0,0.0
4134,0.0,0.0,0.0
4135,0.0,0.0,0.0
4136,0.0,0.0,0.0
4137,0.0,0.0,0.0
4138,0.0,0.0,0.0
4139,0.0,0.0,0.0
4140,0.0,0.0,0.0
4141,0.0,0.0,0.0
4142,0.0,0.0,0.0
4143,0.0,0.0,0.0
4144,0.0,0.0,0.0
4145,0.0,0.0,0.0
4146,0.0,0.0,0.0
4147,0.0,0.0,0.0
4148,0.0,0.0,0.0
4149,0.0,0.0,0.0
4150,0.0,0.0,0.0
4151,0.0,0.0,0.0
4152,0.0,0.0,0.0
4153,0.0,0.0,0.0
4154,0.0,0.0,0.0
4155,0.0,0.0,0.0
4156,0.0,0.0,0.0
4157,0.0,0.0,0.0
4158,0.0,0.0,0.0
4159,0.0,0.0,0.0
4160,0.0,0.0,0.0
4161,0.0,0.0,0.0
4162,0.0,0.0,0.0
4163,0.0,0.0,0.0
4164,0.0,0.0,0.0
4165,0.0,0.0,0.0
4166,0.0,0.0,0.0
4167,0.0,0.0,0.0
4168,0.0,0.0,0.0
4169,0.0,0.0,0.0
4170,0.0,0.0,0.0
4171,0.0,0.0,0.0
4172,0.0,0.0,0.0
4173,0.0,0.0,0.0
4174,0.0,0.0,0.0
4175,0.0,0.0,0.0
4176,0.0,0.0,0.0
4177,0.0,0.0,0.0
4178,0.0,0.0,0.0
4179,0.0,0.0,0.0
4180,0.0,0.0,0.0
4181,0.0,0.0,0.0
4182,0.0,0.0,0.0
4183,0.0,0.0,0.0
4184,0.0,0.0,0.0
4185,0.0,0.0,0.0
4186,0.0,0.0,0.0
4187,0.0,0.0,0.0
4188,0.0,0.0,0.0
4189,0.0,0.0,0.0
4190,0.0,0.0,0.0
4191,0.0,0.0,0.0
4192,0.0,0.0,0.0
4193,0.0,0.0,0.0
4194,0.0,0.0,0.0
4195,0.0,0.0,0.0
4196,0.0,0.0,0.0
4197,0.0,0.0,0.0
4198,0.0,0.0,0.0
4199,0.0,0.0,0.0
4200,0.0,0.0,0.0
4201,0.0,0.0,0.0
4202,0.0,0.0,0.0
4203,0.0,0.0,0.0
4204,0.0,0.0,0.0
4205,0.0,0.0,0.0
4206,0.0,0.0,0.0
4207,0.0,0.0,0.0
4208,0.0,0.0,0.0
4209,0.0,0.0,0.0
4210,0.0,0.0,0.0
4211,0.0,0.0,0.0
4212,0.0,0.0,0.0
4213,0.0,0.0,0.0
4214,0.0,0.0,0.0
4215,0.0,0.0,0.0
4216,0.0,0.0,0.0
4217,0.0,0.0,0.0
4218,0.0,0.0,0.0
4219,0.0,0.0,0.0
4220,0.0,0.0,0.0
4221,0.0,0.0,0.0
4222,0.0,0.0,0.0
4223,0.0,0.0,0.0
4224,0.0,0.0,0.0
4225,0.0,0.0,0.0
4226,0.0,0.0,0.0
4227,0.0,0.0,0.0
4228,0.0,0.0,0.0
4229,0.0,0.0,0.0
4230,0.0,0.0,0.0
4231,0.0,0.0,0.0
4232,0.0,0.0,0.0
4233,0.0,0.0,0.0
4234,0.0,0.0,0.0
4235,0.0,0.0,0.0
4236,0.0,0.0,0.0
4237,0.0,0.0,0.0
4238,0.0,0.0,0.0
4239,0.0,0.0,0.0
4240,0.0,0.0,0.0
4241,0.0,0.0,0.0
4242,0.0,0.0,0.0
4243,0.0,0.0,0.0
4244,0.0,0.0,0.0
4245,0.0,0.0,0.0
4246,0.0,0.0,0.0
4247,0.0,0.0,0.0
4248,0.0,0.0,0.0
4249,0.0,0.0,0.0
4250,0.0,0.0,0.0
4251,0.0,0.0,0.0
4252,0.0,0.0,0.0
4253,0.0,0.0,0.0
4254,0.0,0.0,0.0
4255,0.0,0.0,0.0
4256,0.0,0.0,0.0
4257,0.0,0.0,0.0
4258,0.0,0.0,0.0
4259,0.0,0.0,0.0
4260,0.0,0.0,0.0
4261,0.0,0.0,0.0
4262,0.0,0.0,0.0
4263,0.0,0.0,0.0
4264,0.0,0.0,0.0
4265,0.0,0.0,0.0
4266,0.0,0.0,0.0
4267,0.0,0.0,0.0
4268,0.0,0.0,0.0
4269,0.0,0.0,0.0
4270,0.0,0.0,0.0
4271,0.0,0.0,0.0
4272,0.0,0.0,0.0
4273,0.0,0.0,0.0
4274,0.0,0.0,0.0
4275,0.0,0.0,0.0
4276,0.0,0.0,0.0
4277,0.0,0.0,0.0
4278,0.0,0.0,0.0
4279,0.0,0.0,0.0
4280,0.0,0.0,0.0
4281,0.0,0.0,0.0
4282,0.0,0.0,0.0
4283,0.0,0.0,0.0
4284,0.0,0.0,0.0
4285,0.0,0.0,0.0
4286,0.0,0.0,0.0
4287,0.0,0.0,0.0
4288,0.0,0.0,0.0
4289,0.0,0.0,0.0
4290,0.0,0.0,0.0
4291,0.0,0.0,0.0
4292,0.0,0.0,0.0
4293,0.0,0.0,0.0
4294,0.0,0.0,0.0
4295,0.0,0.0,0.0
4296,0.0,0.0,0.0
4297,0.0,0.0,0.0
4298,0.0,0.0,0.0
4299,0.0,0.0,0.0
4300,0.0,0.0,0.0
4301,0.0,0.0,0.0
4302,0.0,0.0,0.0
4303,0.0,0.0,0.0
4304,0.0,0.0,0.0
4305,0.0,0.0,0.0
4306,0.0,0.0,0.0
4307,0.0,0.0,0.0
4308,0.0,0.0,0.0
4309,0.0,0.0,0.0
4310,0.0,0.0,0.0
4311,0.0,0.0,0.0
4312,0.0,0.0,0.0
4313,0.0,0.0,0.0
4314,0.0,0.0,0.0
4315,0.0,0.0,0.0
4316,0.0,0.0,0.0
4317,0.0,0.0,0.0
4318,0.0,0.0,0.0
4319,0.0,0.0,0.0
4320,0.0,0.0,0.0
4321,0.0,0.0,0.0
4322,0.0,0.0,0.0
4323,0.0,0.0,0.0
4324,0.0,0.0,0.0
4325,0.0,0.0,0.0
4326,0.0,0.0,0.0
4327,0.0,0.0,0.0
4328,0.0,0.0,0.0
4329,0.0,0.0,0.0
4330,0.0,0.0,0.0
4331,0.0,0.0,0.0
4332,0.0,0.0,0.0
4333,0.0,0.0,0.0
4334,0.0,0.0,0.0
4335,0.0,0.0,0.0
4336,0.0,0.0,0.0
4337,0.0,0.0,0.0
4338,0.0,0.0,0.0
4339,0.0,0.0,0.0
4340,0.0,0.0,0.0
4341,0.0,0.0,0.0
4342,0.0,0.0,0.0
4343,0.0,0.0,0.0
4344,0.0,0.0,0.0
4345,0.0,0.0,0.0
4346,0.0,0.0,0.0
4347,0.0,0.0,0.0
4348,0.0,0.0,0.0
4349,0.0,0.0,0.0
4350,0.0,0.0,0.0
4351,0.0,0.0,0.0
4352,0.0,0.0,0.0
4353,0.0,0.0,0.0
4354,0.0,0.0,0.0
4355,0.0,0.0,0.0
4356,0.0,0.0,0.0
4357,0.0,0.0,0.0
4358,0.0,0.0,0.0
4359,0.0,0.0,0.0
4360,0.0,0.0,0.0
4361,0.0,0.0,0.0
4362,0.0,0.0,0.0
4363,0.0,0.0,0.0
4364,0.0,0.0,0.0
4365,0.0,0.0,0.0
4366,0.0,0.0,0.0
4367,0.0,0.0,0.0
4368,0.0,0.0,0.0
4369,0.0,0.0,0.0
4370,0.0,0.0,0.0
4371,0.0,0.0,0.0
4372,0.0,0.0,0.0
4373,0.0,0.0,0.0
4374,0.0,0.0,0.0
4375,0.0,0.0,0.0
4376,0.0,0.0,0.0
4377,0.0,0.0,0.0
4378,0.0,0.0,0.0
4379,0.0,0.0,0.0
4380,0.0,0.0,0.0
4381,0.0,0.0,0.0
4382,0.0,0.0,0.0
4383,0.0,0.0,0.0
4384,0.0,0.0,0.0
4385,0.0,0.0,0.0
4386,0.0,0.0,0.0
4387,0.0,0.0,0.0
4388,0.0,0.0,0.0
4389,0.0,0.0,0.0
4390,0.0,0.0,0.0
4391,0.0,0.0,0.0
4392,0.0,0.0,0.0
4393,0.0,0.0,0.0
4394,0.0,0.0,0.0
4395,0.0,0.0,0.0
4396,0.0,0.0,0.0
4397,0.0,0.0,0.0
4398,0.0,0.0,0.0
4399,0.0,0.0,0.0
4400,0.0,0.0,0.0
4401,0.0,0.0,0.0
4402,0.0,0.0,0.0
4403,0.0,0.0,0.0
4404,0.0,0.0,0.0
4405,0.0,0.0,0.0
4406,0.0,0.0,0.0
4407,0.0,0.0,0.0
4408,0.0,0.0,0.0
4409,0.0,0.0,0.0
4410,0.0,0.0,0.0
4411,0.0,0.0,0.0
4412,0.0,0.0,0.0
4413,0.0,0.0,0.0
4414,0.0,0.0,0.0
4415,0.0,0.0,0.0
4416,0.0,0.0,0.0
4417,0.0,0.0,0.0
4418,0.0,0.0,0.0
4419,0.0,0.0,0.0
4420,0.0,0.0,0.0
4421,0.0,0.0,0.0
4422,0.0,0.0,0.0
4423,0.0,0.0,0.0
4424,0.0,0.0,0.0
4425,0.0,0.0,0.0
4426,0.0,0.0,0.0
4427,0.0,0.0,0.0
4428,0.0,0.0,0.0
4429,0.0,0.0,0.0
4430,0.0,0.0,0.0
4431,0.0,0.0,0.0
4432,0.0,0.0,0.0
4433,0.0,0.0,0.0
4434,0.0,0.0,0.0
4435,0.0,0.0,0.0
4436,0.0,0.0,0.0
4437,0.0,0.0,0.0
4438,0.0,0.0,0.0
4439,0.0,0.0,0.0
4440,0.0,0.0,0.0
4441,0.0,0.0,0.0
4442,0.0,0.0,0.0
4443,0.0,0.0,0.0
4444,0.0,0.0,0.0
4445,0.0,0.0,0.0
4446,0.0,0.0,0.0
4447,0.0,0.0,0.0
4448,0.0,0.0,0.0
4449,0.0,0.0,0.0
4450,0.0,0.0,0.0
4451,0.0,0.0,0.0
4452,0.0,0.0,0.0
4453,0.0,0.0,0.0
4454,0.0,0.0,0.0
4455,0.0,0.0,0.0
4456,0.0,0.0,0.0
4457,0.0,0.0,0.0
4458,0.0,0.0,0.0
4459,0.0,0.0,0.0
4460,0.0,0.0,0.0
4461,0.0,0.0,0.0
4462,0.0,0.0,0.0
4463,0.0,0.0,0.0
4464,0.0,0.0,0.0
4465,0.0,0.0,0.0
4466,0.0,0.0,0.0
4467,0.0,0.0,0.0
4468,0.0,0.0,0.0
4469,0.0,0.0,0.0
4470,0.0,0.0,0.0
4471,0.0,0.0,0.0
4472,0.0,0.0,0.0
4473,0.0,0.0,0.0
4474,0.0,0.0,0.0
4475,0.0,0.0,0.0
4476,0.0,0.0,0.0
4477,0.0,0.0,0.0
4478,0.0,0.0,0.0
4479,0.0,0.0,0.0
4480,0.0,0.0,0.0
4481,0.0,0.0,0.0
4482,0.0,0.0,0.0
4483,0.0,0.0,0.0
4484,0.0,0.0,0.0
4485,0.0,0.0,0.0
4486,0.0,0.0,0.0
4487,0.0,0.0,0.0
4488,0.0,0.0,0.0
4489,0.0,0.0,0.0
4490,0.0,0.0,0.0
4491,0.0,0.0,0.0
4492,0.0,0.0,0.0
4493,0.0,0.0,0.0
4494,0.0,0.0,0.0
4495,0.0,0.0,0.0
4496,0.0,0.0,0.0
4497,0.0,0.0,0.0
4498,0.0,0.0,0.0
4499,0.0,0.0,0.0
4500,0.0,0.0,0.0
4501,0.0,0.0,0.0
4502,0.0,0.0,0.0
4503,0.0,0.0,0.0
4504,0.0,0.0,0.0
4505,0.0,0.0,0.0
4506,0.0,0.0,0.0
4507,0.0,0.0,0.0
4508,0.0,0.0,0.0
4509,0.0,0.0,0.0
4510,0.0,0.0,0.0
4511,0.0,0.0,0.0
4512,0.0,0.0,0.0
4513,0.0,0.0,0.0
4514,0.0,0.0,0.0
4515,0.0,0.0,0.0
4516,0.0,0.0,0.0
4517,0.0,0.0,0.0
4518,0.0,0.0,0.0
4519,0.0,0.0,0.0
4520,0.0,0.0,0.0
4521,0.0,0.0,0.0
4522,0.0,0.0,0.0
4523,0.0,0.0,0.0
4524,0.0,0.0,0.0
4525,0.0,0.0,0.0
4526,0.0,0.0,0.0
4527,0.0,0.0,0.0
4528,0.0,0.0,0.0
4529,0.0,0.0,0.0
4530,0.0,0.0,0.0
4531,0.0,0.0,0.0
4532,0.0,0.0,0.0
4533,0.0,0.0,0.0
4534,0.0,0.0,0.0
4535,0.0,0.0,0.0
4536,0.0,0.0,0.0
4537,0.0,0.0,0.0
4538,0.0,0.0,0.0
4539,0.0,0.0,0.0
4540,0.0,0.0,0.0
4541,0.0,0.0,0.0
4542,0.0,0.0,0.0
4543,0.0,0.0,0.0
4544,0.0,0.0,0.0
4545,0.0,0.0,0.0
4546,0.0,0.0,0.0
4547,0.0,0.0,0.0
4548,0.0,0.0,0.0
4549,0.0,0.0,0.0
4550,0.0,0.0,0.0
4551,0.0,0.0,0.0
4552,0.0,0.0,0.0
4553,0.0,0.0,0.0
4554,0.0,0.0,0.0
4555,0.0,0.0,0.0
4556,0.0,0.0,0.0
4557,0.0,0.0,0.0
4558,0.0,0.0,0.0
4559,0.0,0.0,0.0
4560,0.0,0.0,0.0
4561,0.0,0.0,0.0
4562,0.0,0.0,0.0
4563,0.0,0.0,0.0
4564,0.0,0.0,0.0
4565,0.0,0.0,0.0
4566,0.0,0.0,0.0
4567,0.0,0.0,0.0
4568,0.0,0.0,0.0
4569,0.0,0.0,0.0
4570,0.0,0.0,0.0
4571,0.0,0.0,0.0
4572,0.0,0.0,0.0
4573,0.0,0.0,0.0
4574,0.0,0.0,0.0
4575,0.0,0.0,0.0
4576,0.0,0.0,0.0
4577,0.0,0.0,0.0
4578,0.0,0.0,0.0
4579,0.0,0.0,0.0
4580,0.0,0.0,0.0
4581,0.0,0.0,0.0
4582,0.0,0.0,0.0
4583,0.0,0.0,0.0
4584,0.0,0.0,0.0
4585,0.0,0.0,0.0
4586,0.0,0.0,0.0
4587,0.0,0.0,0.0
4588,0.0,0.0,0.0
4589,0.0,0.0,0.0
4590,0.0,0.0,0.0
4591,0.0,0.0,0.0
4592,0.0,0.0,0.0
4593,0.0,0.0,0.0
4594,0.0,0.0,0.0
4595,0.0,0.0,0.0
4596,0.0,0.0,0.0
4597,0.0,0.0,0.0
4598,0.0,0.0,0.0
4599,0.0,0.0,0.0
4600,0.0,0.0,0.0
4601,0.0,0.0,0.0
4602,0.0,0.0,0.0
4603,0.0,0.0,0.0
4604,0.0,0.0,0.0
4605,0.0,0.0,0.0
4606,0.0,0.0,0.0
4607,0.0,0.0,0.0
4608,0.0,0.0,0.0
4609,0.0,0.0,0.0
4610,0.0,0.0,0.0
4611,0.0,0.0,0.0
4612,0.0,0.0,0.0
4613,0.0,0.0,0.0
4614,0.0,0.0,0.0
4615,0.0,0.0,0.0
4616,0.0,0.0,0.0
4617,0.0,0.0,0.0
4618,0.0,0.0,0.0
4619,0.0,0.0,0.0
4620,0.0,0.0,0.0
4621,0.0,0.0,0.0
4622,0.0,0.0,0.0
4623,0.0,0.0,0.0
4624,0.0,0.0,0.0
4625,0.0,0.0,0.0
4626,0.0,0.0,0.0
4627,0.0,0.0,0.0
4628,0.0,0.0,0.0
4629,0.0,0.0,0.0
4630,0.0,0.0,0.0
4631,0.0,0.0,0.0
4632,0.0,0.0,0.0
4633,0.0,0.0,0.0
4634,0.0,0.0,0.0
4635,0.0,0.0,0.0
4636,0.0,0.0,0.0
4637,0.0,0.0,0.0
4638,0.0,0.0,0.0
4639,0.0,0.0,0.0
4640,0.0,0.0,0.0
4641,0.0,0.0,0.0
4642,0.0,0.0,0.0
4643,0.0,0.0,0.0
4644,0.0,0.0,0.0
4645,0.0,0.0,0.0
4646,0.0,0.0,0.0
4647,0.0,0.0,0.0
4648,0.0,0.0,0.0
4649,0.0,0.0,0.0
4650,0.0,0.0,0.0
4651,0.0,0.0,0.0
4652,0.0,0.0,0.0
4653,0.0,0.0,0.0
4654,0.0,0.0,0.0
4655,0.0,0.0,0.0
4656,0.0,0.0,0.0
4657,0.0,0.0,0.0
4658,0.0,0.0,0.0
4659,0.0,0.0,0.0
4660,0.0,0.0,0.0
4661,0.0,0.0,0.0
4662,0.0,0.0,0.0
4663,0.0,0.0,0.0
4664,0.0,0.0,0.0
4665,0.0,0.0,0.0
4666,0.0,0.0,0.0
4667,0.0,0.0,0.0
4668,0.0,0.0,0.0
4669,0.0,0.0,0.0
4670,0.0,0.0,0.0
4671,0.0,0.0,0.0
4672,0.0,0.0,0.0
4673,0.0,0.0,0.0
4674,0.0,0.0,0.0
4675,0.0,0.0,0.0
4676,0.0,0.0,0.0
4677,0.0,0.0,0.0
4678,0.0,0.0,0.0
4679,0.0,0.0,0.0
4680,0.0,0.0,0.0
4681,0.0,0.0,0.0
4682,0.0,0.0,0.0
4683,0.0,0.0,0.0
4684,0.0,0.0,0.0
4685,0.0,0.0,0.0
4686,0.0,0.0,0.0
4687,0.0,0.0,0.0
4688,0.0,0.0,0.0
4689,0.0,0.0,0.0
4690,0.0,0.0,0.0
4691,0.0,0.0,0.0
4692,0.0,0.0,0.0
4693,0.0,0.0,0.0
4694,0.0,0.0,0.0
4695,0.0,0.0,0.0
4696,0.0,0.0,0.0
4697,0.0,0.0,0.0
4698,0.0,0.0,0.0
4699,0.0,0.0,0.0
4700,0.0,0.0,0.0
4701,0.0,0.0,0.0
4702,0.0,0.0,0.0
4703,0.0,0.0,0.0
4704,0.0,0.0,0.0
4705,0.0,0.0,0.0
4706,0.0,0.0,0.0
4707,0.0,0.0,0.0
4708,0.0,0.0,0.0
4709,0.0,0.0,0.0
4710,0.0,0.0,0.0
4711,0.0,0.0,0.0
4712,0.0,0.0,0.0
4713,0.0,0.0,0.0
4714,0.0,0.0,0.0
4715,0.0,0.0,0.0
4716,0.0,0.0,0.0
4717,0.0,0.0,0.0
4718,0.0,0.0,0.0
4719,0.0,0.0,0.0
4720,0.0,0.0,0.0
4721,0.0,0.0,0.0
4722,0.0,0.0,0.0
4723,0.0,0.0,0.0
4724,0.0,0.0,0.0
4725,0.0,0.0,0.0
4726,0.0,0.0,0.0
4727,0.0,0.0,0.0
4728,0.0,0.0,0.0
4729,0.0,0.0,0.0
4730,0.0,0.0,0.0
4731,0.0,0.0,0.0
4732,0.0,0.0,0.0
4733,0.0,0.0,0.0
4734,0.0,0.0,0.0
4735,0.0,0.0,0.0
4736,0.0,0.0,0.0
4737,0.0,0.0,0.0
4738,0.0,0.0,0.0
4739,0.0,0.0,0.0
4740,0.0,0.0,0.0
4741,0.0,0.0,0.0
4742,0.0,0.0,0.0
4743,0.0,0.0,0.0
4744,0.0,0.0,0.0
4745,0.0,0.0,0.0
4746,0.0,0.0,0.0
4747,0.0,0.0,0.0
4748,0.0,0.0,0.0
4749,0.0,0.0,0.0
4750,0.0,0.0,0.0
4751,0.0,0.0,0.0
4752,0.0,0.0,0.0
4753,0.0,0.0,0.0
4754,0.0,0.0,0.0
4755,0.0,0.0,0.0
4756,0.0,0.0,0.0
4757,0.0,0.0,0.0
4758,0.0,0.0,0.0
4759,0.0,0.0,0.0
4760,0.0,0.0,0.0
4761,0.0,0.0,0.0
4762,0.0,0.0,0.0
4763,0.0,0.0,0.0
4764,0.0,0.0,0.0
4765,0.0,0.0,0.0
4766,0.0,0.0,0.0
4767,0.0,0.0,0.0
4768,0.0,0.0,0.0
4769,0.0,0.0,0.0
4770,0.0,0.0,0.0
4771,0.0,0.0,0.0
4772,0.0,0.0,0.0
4773,0.0,0.0,0.0
4774,0.0,0.0,0.0
4775,0.0,0.0,0.0
4776,0.0,0.0,0.0
4777,0.0,0.0,0.0
4778,0.0,0.0,0.0
4779,0.0,0.0,0.0
4780,0.0,0.0,0.0
4781,0.0,0.0,0.0
4782,0.0,0.0,0.0
4783,0.0,0.0,0.0
4784,0.0,0.0,0.0
4785,0.0,0.0,0.0
4786,0.0,0.0,0.0
4787,0.0,0.0,0.0
4788,0.0,0.0,0.0
4789,0.0,0.0,0.0
4790,0.0,0.0,0.0
4791,0.0,0.0,0.0
4792,0.0,0.0,0.0
4793,0.0,0.0,0.0
4794,0.0,0.0,0.0
4795,0.0,0.0,0.0
4796,0.0,0.0,0.0
4797,0.0,0.0,0.0
4798,0.0,0.0,0.0
4799,0.0,0.0,0.0
4800,0.0,0.0,0.0
4801,0.0,0.0,0.0
4802,0.0,0.0,0.0
4803,0.0,0.0,0.0
4804,0.0,0.0,0.0
4805,0.0,0.0,0.0
4806,0.0,0.0,0.0
4807,0.0,0.0,0.0
4808,0.0,0.0,0.0
4809,0.0,0.0,0.0
4810,0.0,0.0,0.0
4811,0.0,0.0,0.0
4812,0.0,0.0,0.0
4813,0.0,0.0,0.0
4814,0.0,0.0,0.0
4815,0.0,0.0,0.0
4816,0.0,0.0,0.0
4817,0.0,0.0,0.0
4818,0.0,0.0,0.0
4819,0.0,0.0,0.0
4820,0.0,0.0,0.0
4821,0.0,0.0,0.0
4822,0.0,0.0,0.0
4823,0.0,0.0,0.0
4824,0.0,0.0,0.0
4825,0.0,0.0,0.0
4826,0.0,0.0,0.0
4827,0.0,0.0,0.0
4828,0.0,0.0,0.0
4829,0.0,0.0,0.0
4830,0.0,0.0,0.0
4831,0.0,0.0,0.0
4832,0.0,0.0,0.0
4833,0.0,0.0,0.0
4834,0.0,0.0,0.0
4835,0.0,0.0,0.0
4836,0.0,0.0,0.0
4837,0.0,0.0,0.0
4838,0.0,0.0,0.0
4839,0.0,0.0,0.0
4840,0.0,0.0,0.0
4841,0.0,0.0,0.0
4842,0.0,0.0,0.0
4843,0.0,0.0,0.0
4844,0.0,0.0,0.0
4845,0.0,0.0,0.0
4846,0.0,0.0,0.0
4847,0.0,0.0,0.0
4848,0.0,0.0,0.0
4849,0.0,0.0,0.0
4850,0.0,0.0,0.0
4851,0.0,0.0,0.0
4852,0.0,0.0,0.0
4853,0.0,0.0,0.0
4854,0.0,0.0,0.0
4855,0.0,0.0,0.0
4856,0.0,0.0,0.0
4857,0.0,0.0,0.0
4858,0.0,0.0,0.0
4859,0.0,0.0,0.0
4860,0.0,0.0,0.0
4861,0.0,0.0,0.0
4862,0.0,0.0,0.0
4863,0.0,0.0,0.0
4864,0.0,0.0,0.0
4865,0.0,0.0,0.0
4866,0.0,0.0,0.0
4867,0.0,0.0,0.0
4868,0.0,0.0,0.0
4869,0.0,0.0,0.0
4870,0.0,0.0,0.0
4871,0.0,0.0,0.0
4872,0.0,0.0,0.0
4873,0.0,0.0,0.0
4874,0.0,0.0,0.0
4875,0.0,0.0,0.0
4876,0.0,0.0,0.0
4877,0.0,0.0,0.0
4878,0.0,0.0,0.0
4879,0.0,0.0,0.0
4880,0.0,0.0,0.0
4881,0.0,0.0,0.0
4882,0.0,0.0,0.0
4883,0.0,0.0,0.0
4884,0.0,0.0,0.0
4885,0.0,0.0,0.0
4886,0.0,0.0,0.0
4887,0.0,0.0,0.0
4888,0.0,0.0,0.0
4889,0.0,0.0,0.0
4890,0.0,0.0,0.0
4891,0.0,0.0,0.0
4892,0.0,0.0,0.0
4893,0.0,0.0,0.0
4894,0.0,0.0,0.0
4895,0.0,0.0,0.0
4896,0.0,0.0,0.0
4897,0.0,0.0,0.0
4898,0.0,0.0,0.0
4899,0.0,0.0,0.0
4900,0.0,0.0,0.0
4901,0.0,0.0,0.0
4902,0.0,0.0,0.0
4903,0.0,0.0,0.0
4904,0.0,0.0,0.0
4905,0.0,0.0,0.0
4906,0.0,0.0,0.0
4907,0.0,0.0,0.0
4908,0.0,0.0,0.0
4909,0.0,0.0,0.0
4910,0.0,0.0,0.0
4911,0.0,0.0,0.0
4912,0.0,0.0,0.0
4913,0.0,0.0,0.0
4914,0.0,0.0,0.0
4915,0.0,0.0,0.0
4916,0.0,0.0,0.0
4917,0.0,0.0,0.0
4918,0.0,0.0,0.0
4919,0.0,0.0,0.0
4920,0.0,0.0,0.0
4921,0.0,0.0,0.0
4922,0.0,0.0,0.0
4923,0.0,0.0,0.0
4924,0.0,0.0,0.0
4925,0.0,0.0,0.0
4926,0.0,0.0,0.0
4927,0.0,0.0,0.0
4928,0.0,0.0,0.0
4929,0.0,0.0,0.0
4930,0.0,0.0,0.0
4931,0.0,0.0,0.0
4932,0.0,0.0,0.0
4933,0.0,0.0,0.0
4934,0.0,0.0,0.0
4935,0.0,0.0,0.0
4936,0.0,0.0,0.0
4937,0.0,0.0,0.0
4938,0.0,0.0,0.0
4939,0.0,0.0,0.0
4940,0.0,0.0,0.0
4941,0.0,0.0,0.0
4942,0.0,0.0,0.0
4943,0.0,0.0,0.0
4944,0.0,0.0,0.0
4945,0.0,0.0,0.0
4946,0.0,0.0,0.0
4947,0.0,0.0,0.0
4948,0.0,0.0,0.0
4949,0.0,0.0,0.0
4950,0.0,0.0,0.0
4951,0.0,0.0,0.0
4952,0.0,0.0,0.0
4953,0.0,0.0,0.0
4954,0.0,0.0,0.0
4955,0.0,0.0,0.0
4956,0.0,0.0,0.0
4957,0.0,0.0,0.0
4958,0.0,0.0,0.0
4959,0.0,0.0,0.0
4960,0.0,0.0,0.0
4961,0.0,0.0,0.0
4962,0.0,0.0,0.0
4963,0.0,0.0,0.0
4964,0.0,0.0,0.0
4965,0.0,0.0,0.0
4966,0.0,0.0,0.0
4967,0.0,0.0,0.0
4968,0.0,0.0,0.0
4969,0.0,0.0,0.0
4970,0.0,0.0,0.0
4971,0.0,0.0,0.0
4972,0.0,0.0,0.0
4973,0.0,0.0,0.0
4974,0.0,0.0,0.0
4975,0.0,0.0,0.0
4976,0.0,0.0,0.0
4977,0.0,0.0,0.0
4978,0.0,0.0,0.0
4979,0.0,0.0,0.0
4980,0.0,0.0,0.0
4981,0.0,0.0,0.0
4982,0.0,0.0,0.0
4983,0.0,0.0,0.0
4984,0.0,0.0,0.0
4985,0.0,0.0,0.0
4986,0.0,0.0,0.0
4987,0.0,0.0,0.0
4988,0.0,0.0,0.0
4989,0.0,0.0,0.0
4990,0.0,0.0,0.0
4991,0.0,0.0,0.0
4992,0.0,0.0,0.0
4993,0.0,0.0,0.0
4994,0.0,0.0,0.0
4995,0.0,0.0,0.0
4996,0.0,0.0,0.0
4997,0.0,0.0,0.0
4998,0.0,0.0,0.0
4999,0.0,0.0,0.0
5000,0.0,0.0,0.0
5001,0.0,0.0,0.0
5002,0.0,0.0,0.0
5003,0.0,0.0,0.0
5004,0.0,0.0,0.0
5005,0.0,0.0,0.0
5006,0.0,0.0,0.0
5007,0.0,0.0,0.0
5008,0.0,0.0,0.0
5009,0.0,0.0,0.0
5010,0.0,0.0,0.0
5011,0.0,0.0,0.0
5012,0.0,0.0,0.0
5013,0.0,0.0,0.0
5014,0.0,0.0,0.0
5015,0.0,0.0,0.0
5016,0.0,0.0,0.0
5017,0.0,0.0,0.0
5018,0.0,0.0,0.0
5019,0.0,0.0,0.0
5020,0.0,0.0,0.0
5021,0.0,0.0,0.0
5022,0.0,0.0,0.0
5023,0.0,0.0,0.0
5024,0.0,0.0,0.0
5025,0.0,0.0,0.0
5026,0.0,0.0,0.0
5027,0.0,0.0,0.0
5028,0.0,0.0,0.0
5029,0.0,0.0,0.0
5030,0.0,0.0,0.0
5031,0.0,0.0,0.0
5032,0.0,0.0,0.0
5033,0.0,0.0,0.0
5034,0.0,0.0,0.0
5035,0.0,0.0,0.0
5036,0.0,0.0,0.0
5037,0.0,0.0,0.0
5038,0.0,0.0,0.0
5039,0.0,0.0,0.0
5040,0.0,0.0,0.0
5041,0.0,0.0,0.0
5042,0.0,0.0,0.0
5043,0.0,0.0,0.0
5044,0.0,0.0,0.0
5045,0.0,0.0,0.0
5046,0.0,0.0,0.0
5047,0.0,0.0,0.0
5048,0.0,0.0,0.0
5049,0.0,0.0,0.0
5050,0.0,0.0,0.0
5051,0.0,0.0,0.0
5052,0.0,0.0,0.0
5053,0.0,0.0,0.0
5054,0.0,0.0,0.0
5055,0.0,0.0,0.0
5056,0.0,0.0,0.0
5057,0.0,0.0,0.0
5058,0.0,0.0,0.0
5059,0.0,0.0,0.0
5060,0.0,0.0,0.0
5061,0.0,0.0,0.0
5062,0.0,0.0,0.0
5063,0.0,0.0,0.0
5064,0.0,0.0,0.0
5065,0.0,0.0,0.0
5066,0.0,0.0,0.0
5067,0.0,0.0,0.0
5068,0.0,0.0,0.0
5069,0.0,0.0,0.0
5070,0.0,0.0,0.0
5071,0.0,0.0,0.0
5072,0.0,0.0,0.0
5073,0.0,0.0,0.0
5074,0.0,0.0,0.0
5075,0.0,0.0,0.0
5076,0.0,0.0,0.0
5077,0.0,0.0,0.0
5078,0.0,0.0,0.0
5079,0.0,0.0,0.0
5080,0.0,0.0,0.0
5081,0.0,0.0,0.0
5082,0.0,0.0,0.0
5083,0.0,0.0,0.0
5084,0.0,0.0,0.0
5085,0.0,0.0,0.0
5086,0.0,0.0,0.0
5087,0.0,0.0,0.0
5088,0.0,0.0,0.0
5089,0.0,0.0,0.0
5090,0.0,0.0,0.0
5091,0.0,0.0,0.0
5092,0.0,0.0,0.0
5093,0.0,0.0,0.0
5094,0.0,0.0,0.0
5095,0.0,0.0,0.0
5096,0.0,0.0,0.0
5097,0.0,0.0,0.0
5098,0.0,0.0,0.0
5099,0.0,0.0,0.0
5100,0.0,0.0,0.0
5101,0.0,0.0,0.0
5102,0.0,0.0,0.0
5103,0.0,0.0,0.0
5104,0.0,0.0,0.0
5105,0.0,0.0,0.0
5106,0.0,0.0,0.0
5107,0.0,0.0,0.0
5108,0.0,0.0,0.0
5109,0.0,0.0,0.0
5110,0.0,0.0,0.0
5111,0.0,0.0,0.0
5112,0.0,0.0,0.0
5113,0.0,0.0,0.0
5114,0.0,0.0,0.0
5115,0.0,0.0,0.0
5116,0.0,0.0,0.0
5117,0.0,0.0,0.0
5118,0.0,0.0,0.0
5119,0.0,0.0,0.0
5120,0.0,0.0,0.0
5121,0.0,0.0,0.0
5122,0.0,0.0,0.0
5123,0.0,0.0,0.0
5124,0.0,0.0,0.0
5125,0.0,0.0,0.0
5126,0.0,0.0,0.0
5127,0.0,0.0,0.0
5128,0.0,0.0,0.0
5129,0.0,0.0,0.0
5130,0.0,0.0,0.0
5131,0.0,0.0,0.0
5132,0.0,0.0,0.0
5133,0.0,0.0,0.0
5134,0.0,0.0,0.0
5135,0.0,0.0,0.0
5136,0.0,0.0,0.0
5137,0.0,0.0,0.0
5138,0.0,0.0,0.0
5139,0.0,0.0,0.0
5140,0.0,0.0,0.0
5141,0.0,0.0,0.0
5142,0.0,0.0,0.0
5143,0.0,0.0,0.0
5144,0.0,0.0,0.0
5145,0.0,0.0,0.0
5146,0.0,0.0,0.0
5147,0.0,0.0,0.0
5148,0.0,0.0,0.0
5149,0.0,0.0,0.0
5150,0.0,0.0,0.0
5151,0.0,0.0,0.0
5152,0.0,0.0,0.0
5153,0.0,0.0,0.0
5154,0.0,0.0,0.0
5155,0.0,0.0,0.0
5156,0.0,0.0,0.0
5157,0.0,0.0,0.0
5158,0.0,0.0,0.0
5159,0.0,0.0,0.0
5160,0.0,0.0,0.0
5161,0.0,0.0,0.0
5162,0.0,0.0,0.0
5163,0.0,0.0,0.0
5164,0.0,0.0,0.0
5165,0.0,0.0,0.0
5166,0.0,0.0,0.0
5167,0.0,0.0,0.0
5168,0.0,0.0,0.0
5169,0.0,0.0,0.0
5170,0.0,0.0,0.0
5171,0.0,0.0,0.0
5172,0.0,0.0,0.0
5173,0.0,0.0,0.0
5174,0.0,0.0,0.0
5175,0.0,0.0,0.0
5176,0.0,0.0,0.0
5177,0.0,0.0,0.0
5178,0.0,0.0,0.0
5179,0.0,0.0,0.0
5180,0.0,0.0,0.0
5181,0.0,0.0,0.0
5182,0.0,0.0,0.0
5183,0.0,0.0,0.0
5184,0.0,0.0,0.0
5185,0.0,0.0,0.0
5186,0.0,0.0,0.0
5187,0.0,0.0,0.0
5188,0.0,0.0,0.0
5189,0.0,0.0,0.0
5190,0.0,0.0,0.0
5191,0.0,0.0,0.0
5192,0.0,0.0,0.0
5193,0.0,0.0,0.0
5194,0.0,0.0,0.0
5195,0.0,0.0,0.0
5196,0.0,0.0,0.0
5197,0.0,0.0,0.0
5198,0.0,0.0,0.0
5199,0.0,0.0,0.0
5200,0.0,0.0,0.0
5201,0.0,0.0,0.0
5202,0.0,0.0,0.0
5203,0.0,0.0,0.0
5204,0.0,0.0,0.0
5205,0.0,0.0,0.0
5206,0.0,0.0,0.0
5207,0.0,0.0,0.0
5208,0.0,0.0,0.0
5209,0.0,0.0,0.0
5210,0.0,0.0,0.0
5211,0.0,0.0,0.0
5212,0.0,0.0,0.0
5213,0.0,0.0,0.0
5214,0.0,0.0,0.0
5215,0.0,0.0,0.0
5216,0.0,0.0,0.0
5217,0.0,0.0,0.0
5218,0.0,0.0,0.0
5219,0.0,0.0,0.0
5220,0.0,0.0,0.0
5221,0.0,0.0,0.0
5222,0.0,0.0,0.0
5223,0.0,0.0,0.0
5224,0.0,0.0,0.0
5225,0.0,0.0,0.0
5226,0.0,0.0,0.0
5227,0.0,0.0,0.0
5228,0.0,0.0,0.0
5229,0.0,0.0,0.0
5230,0.0,0.0,0.0
5231,0.0,0.0,0.0
5232,0.0,0.0,0.0
5233,0.0,0.0,0.0
5234,0.0,0.0,0.0
5235,0.0,0.0,0.0
5236,0.0,0.0,0.0
5237,0.0,0.0,0.0
5238,0.0,0.0,0.0
5239,0.0,0.0,0.0
5240,0.0,0.0,0.0
5241,0.0,0.0,0.0
5242,0.0,0.0,0.0
5243,0.0,0.0,0.0
5244,0.0,0.0,0.0
5245,0.0,0.0,0.0
5246,0.0,0.0,0.0
5247,0.0,0.0,0.0
5248,0.0,0.0,0.0
5249,0.0,0.0,0.0
5250,0.0,0.0,0.0
5251,0.0,0.0,0.0
5252,0.0,0.0,0.0
5253,0.0,0.0,0.0
5254,0.0,0.0,0.0
5255,0.0,0.0,0.0
5256,0.0,0.0,0.0
5257,0.0,0.0,0.0
5258,0.0,0.0,0.0
5259,0.0,0.0,0.0
5260,0.0,0.0,0.0
5261,0.0,0.0,0.0
5262,0.0,0.0,0.0
5263,0.0,0.0,0.0
5264,0.0,0.0,0.0
5265,0.0,0.0,0.0
5266,0.0,0.0,0.0
5267,0.0,0.0,0.0
5268,0.0,0.0,0.0
5269,0.0,0.0,0.0
5270,0.0,0.0,0.0
5271,0.0,0.0,0.0
5272,0.0,0.0,0.0
5273,0.0,0.0,0.0
5274,0.0,0.0,0.0
5275,0.0,0.0,0.0
5276,0.0,0.0,0.0
5277,0.0,0.0,0.0
5278,0.0,0.0,0.0
5279,0.0,0.0,0.0
5280,0.0,0.0,0.0
5281,0.0,0.0,0.0
5282,0.0,0.0,0.0
5283,0.0,0.0,0.0
5284,0.0,0.0,0.0
5285,0.0,0.0,0.0
5286,0.0,0.0,0.0
5287,0.0,0.0,0.0
5288,0.0,0.0,0.0
5289,0.0,0.0,0.0
5290,0.0,0.0,0.0
5291,0.0,0.0,0.0
5292,0.0,0.0,0.0
5293,0.0,0.0,0.0
5294,0.0,0.0,0.0
5295,0.0,0.0,0.0
5296,0.0,0.0,0.0
5297,0.0,0.0,0.0
5298,0.0,0.0,0.0
5299,0.0,0.0,0.0
5300,0.0,0.0,0.0
5301,0.0,0.0,0.0
5302,0.0,0.0,0.0
5303,0.0,0.0,0.0
5304,0.0,0.0,0.0
5305,0.0,0.0,0.0
5306,0.0,0.0,0.0
5307,0.0,0.0,0.0
5308,0.0,0.0,0.0
5309,0.0,0.0,0.0
5310,0.0,0.0,0.0
5311,0.0,0.0,0.0
5312,0.0,0.0,0.0
5313,0.0,0.0,0.0
5314,0.0,0.0,0.0
5315,0.0,0.0,0.0
5316,0.0,0.0,0.0
5317,0.0,0.0,0.0
5318,0.0,0.0,0.0
5319,0.0,0.0,0.0
5320,0.0,0.0,0.0
5321,0.0,0.0,0.0
5322,0.0,0.0,0.0
5323,0.0,0.0,0.0
5324,0.0,0.0,0.0
5325,0.0,0.0,0.0
5326,0.0,0.0,0.0
5327,0.0,0.0,0.0
5328,0.0,0.0,0.0
5329,0.0,0.0,0.0
5330,0.0,0.0,0.0
5331,0.0,0.0,0.0
5332,0.0,0.0,0.0
5333,0.0,0.0,0.0
5334,0.0,0.0,0.0
5335,0.0,0.0,0.0
5336,0.0,0.0,0.0
5337,0.0,0.0,0.0
5338,0.0,0.0,0.0
5339,0.0,0.0,0.0
5340,0.0,0.0,0.0
5341,0.0,0.0,0.0
5342,0.0,0.0,0.0
5343,0.0,0.0,0.0
5344,0.0,0.0,0.0
5345,0.0,0.0,0.0
5346,0.0,0.0,0.0
5347,0.0,0.0,0.0
5348,0.0,0.0,0.0
5349,0.0,0.0,0.0
5350,0.0,0.0,0.0
5351,0.0,0.0,0.0
5352,0.0,0.0,0.0
5353,0.0,0.0,0.0
5354,0.0,0.0,0.0
5355,0.0,0.0,0.0
5356,0.0,0.0,0.0
5357,0.0,0.0,0.0
5358,0.0,0.0,0.0
5359,0.0,0.0,0.0
5360,0.0,0.0,0.0
5361,0.0,0.0,0.0
5362,0.0,0.0,0.0
5363,0.0,0.0,0.0
5364,0.0,0.0,0.0
5365,0.0,0.0,0.0
5366,0.0,0.0,0.0
5367,0.0,0.0,0.0
5368,0.0,0.0,0.0
5369,0.0,0.0,0.0
5370,0.0,0.0,0.0
5371,0.0,0.0,0.0
5372,0.0,0.0,0.0
5373,0.0,0.0,0.0
5374,0.0,0.0,0.0
5375,0.0,0.0,0.0
5376,0.0,0.0,0.0
5377,0.0,0.0,0.0
5378,0.0,0.0,0.0
5379,0.0,0.0,0.0
5380,0.0,0.0,0.0
5381,0.0,0.0,0.0
5382,0.0,0.0,0.0
5383,0.0,0.0,0.0
5384,0.0,0.0,0.0
5385,0.0,0.0,0.0
5386,0.0,0.0,0.0
5387,0.0,0.0,0.0
5388,0.0,0.0,0.0
5389,0.0,0.0,0.0
5390,0.0,0.0,0.0
5391,0.0,0.0,0.0
5392,0.0,0.0,0.0
5393,0.0,0.0,0.0
5394,0.0,0.0,0.0
5395,0.0,0.0,0.0
5396,0.0,0.0,0.0
5397,0.0,0.0,0.0
5398,0.0,0.0,0.0
5399,0.0,0.0,0.0
5400,0.0,0.0,0.0
5401,0.0,0.0,0.0
5402,0.0,0.0,0.0
5403,0.0,0.0,0.0
5404,0.0,0.0,0.0
5405,0.0,0.0,0.0
5406,0.0,0.0,0.0
5407,0.0,0.0,0.0
5408,0.0,0.0,0.0
5409,0.0,0.0,0.0
5410,0.0,0.0,0.0
5411,0.0,0.0,0.0
5412,0.0,0.0,0.0
5413,0.0,0.0,0.0
5414,0.0,0.0,0.0
5415,0.0,0.0,0.0
5416,0.0,0.0,0.0
5417,0.0,0.0,0.0
5418,0.0,0.0,0.0
5419,0.0,0.0,0.0
5420,0.0,0.0,0.0
5421,0.0,0.0,0.0
5422,0.0,0.0,0.0
5423,0.0,0.0,0.0
5424,0.0,0.0,0.0
5425,0.0,0.0,0.0
5426,0.0,0.0,0.0
5427,0.0,0.0,0.0
5428,0.0,0.0,0.0
5429,0.0,0.0,0.0
5430,0.0,0.0,0.0
5431,0.0,0.0,0.0
5432,0.0,0.0,0.0
5433,0.0,0.0,0.0
5434,0.0,0.0,0.0
5435,0.0,0.0,0.0
5436,0.0,0.0,0.0
5437,0.0,0.0,0.0
5438,0.0,0.0,0.0
5439,0.0,0.0,0.0
5440,0.0,0.0,0.0
5441,0.0,0.0,0.0
5442,0.0,0.0,0.0
5443,0.0,0.0,0.0
5444,0.0,0.0,0.0
5445,0.0,0.0,0.0
5446,0.0,0.0,0.0
5447,0.0,0.0,0.0
5448,0.0,0.0,0.0
5449,0.0,0.0,0.0
5450,0.0,0.0,0.0
5451,0.0,0.0,0.0
5452,0.0,0.0,0.0
5453,0.0,0.0,0.0
5454,0.0,0.0,0.0
5455,0.0,0.0,0.0
5456,0.0,0.0,0.0
5457,0.0,0.0,0.0
5458,0.0,0.0,0.0
5459,0.0,0.0,0.0
5460,0.0,0.0,0.0
5461,0.0,0.0,0.0
5462,0.0,0.0,0.0
5463,0.0,0.0,0.0
5464,0.0,0.0,0.0
5465,0.0,0.0,0.0
5466,0.0,0.0,0.0
5467,0.0,0.0,0.0
5468,0.0,0.0,0.0
5469,0.0,0.0,0.0
5470,0.0,0.0,0.0
5471,0.0,0.0,0.0
5472,0.0,0.0,0.0
5473,0.0,0.0,0.0
5474,0.0,0.0,0.0
5475,0.0,0.0,0.0
5476,0.0,0.0,0.0
5477,0.0,0.0,0.0
5478,0.0,0.0,0.0
5479,0.0,0.0,0.0
5480,0.0,0.0,0.0
5481,0.0,0.0,0.0
5482,0.0,0.0,0.0
5483,0.0,0.0,0.0
5484,0.0,0.0,0.0
5485,0.0,0.0,0.0
5486,0.0,0.0,0.0
5487,0.0,0.0,0.0
5488,0.0,0.0,0.0
5489,0.0,0.0,0.0
5490,0.0,0.0,0.0
5491,0.0,0.0,0.0
5492,0.0,0.0,0.0
5493,0.0,0.0,0.0
5494,0.0,0.0,0.0
5495,0.0,0.0,0.0
5496,0.0,0.0,0.0
5497,0.0,0.0,0.0
5498,0.0,0.0,0.0
5499,0.0,0.0,0.0
5500,0.0,0.0,0.0
5501,0.0,0.0,0.0
5502,0.0,0.0,0.0
5503,0.0,0.0,0.0
5504,0.0,0.0,0.0
5505,0.0,0.0,0.0
5506,0.0,0.0,0.0
5507,0.0,0.0,0.0
5508,0.0,0.0,0.0
5509,0.0,0.0,0.0
5510,0.0,0.0,0.0
5511,0.0,0.0,0.0
5512,0.0,0.0,0.0
5513,0.0,0.0,0.0
5514,0.0,0.0,0.0
5515,0.0,0.0,0.0
5516,0.0,0.0,0.0
5517,0.0,0.0,0.0
5518,0.0,0.0,0.0
5519,0.0,0.0,0.0
5520,0.0,0.0,0.0
5521,0.0,0.0,0.0
5522,0.0,0.0,0.0
5523,0.0,0.0,0.0
5524,0.0,0.0,0.0
5525,0.0,0.0,0.0
5526,0.0,0.0,0.0
5527,0.0,0.0,0.0
5528,0.0,0.0,0.0
5529,0.0,0.0,0.0
5530,0.0,0.0,0.0
5531,0.0,0.0,0.0
5532,0.0,0.0,0.0
5533,0.0,0.0,0.0
5534,0.0,0.0,0.0
5535,0.0,0.0,0.0
5536,0.0,0.0,0.0
5537,0.0,0.0,0.0
5538,0.0,0.0,0.0
5539,0.0,0.0,0.0
5540,0.0,0.0,0.0
5541,0.0,0.0,0.0
5542,0.0,0.0,0.0
5543,0.0,0.0,0.0
5544,0.0,0.0,0.0
5545,0.0,0.0,0.0
5546,0.0,0.0,0.0
5547,0.0,0.0,0.0
5548,0.0,0.0,0.0
5549,0.0,0.0,0.0
5550,0.0,0.0,0.0
5551,0.0,0.0,0.0
5552,0.0,0.0,0.0
5553,0.0,0.0,0.0
5554,0.0,0.0,0.0
5555,0.0,0.0,0.0
5556,0.0,0.0,0.0
5557,0.0,0.0,0.0
5558,0.0,0.0,0.0
5559,0.0,0.0,0.0
5560,0.0,0.0,0.0
5561,0.0,0.0,0.0
5562,0.0,0.0,0.0
5563,0.0,0.0,0.0
5564,0.0,0.0,0.0
5565,0.0,0.0,0.0
5566,0.0,0.0,0.0
5567,0.0,0.0,0.0
5568,0.0,0.0,0.0
5569,0.0,0.0,0.0
5570,0.0,0.0,0.0
5571,0.0,0.0,0.0
5572,0.0,0.0,0.0
5573,0.0,0.0,0.0
5574,0.0,0.0,0.0
5575,0.0,0.0,0.0
5576,0.0,0.0,0.0
5577,0.0,0.0,0.0
5578,0.0,0.0,0.0
5579,0.0,0.0,0.0
5580,0.0,0.0,0.0
5581,0.0,0.0,0.0
5582,0.0,0.0,0.0
5583,0.0,0.0,0.0
5584,0.0,0.0,0.0
5585,0.0,0.0,0.0
5586,0.0,0.0,0.0
5587,0.0,0.0,0.0
5588,0.0,0.0,0.0
5589,0.0,0.0,0.0
5590,0.0,0.0,0.0
5591,0.0,0.0,0.0
5592,0.0,0.0,0.0
5593,0.0,0.0,0.0
5594,0.0,0.0,0.0
5595,0.0,0.0,0.0
5596,0.0,0.0,0.0
5597,0.0,0.0,0.0
5598,0.0,0.0,0.0
5599,0.0,0.0,0.0
5600,0.0,0.0,0.0
5601,0.0,0.0,0.0
5602,0.0,0.0,0.0
5603,0.0,0.0,0.0
5604,0.0,0.0,0.0
5605,0.0,0.0,0.0
5606,0.0,0.0,0.0
5607,0.0,0.0,0.0
5608,0.0,0.0,0.0
5609,0.0,0.0,0.0
5610,0.0,0.0,0.0
5611,0.0,0.0,0.0
5612,0.0,0.0,0.0
5613,0.0,0.0,0.0
5614,0.0,0.0,0.0
5615,0.0,0.0,0.0
5616,0.0,0.0,0.0
5617,0.0,0.0,0.0
5618,0.0,0.0,0.0
5619,0.0,0.0,0.0
5620,0.0,0.0,0.0
5621,0.0,0.0,0.0
5622,0.0,0.0,0.0
5623,0.0,0.0,0.0
5624,0.0,0.0,0.0
5625,0.0,0.0,0.0
5626,0.0,0.0,0.0
5627,0.0,0.0,0.0
5628,0.0,0.0,0.0
5629,0.0,0.0,0.0
5630,0.0,0.0,0.0
5631,0.0,0.0,0.0
5632,0.0,0.0,0.0
5633,0.0,0.0,0.0
5634,0.0,0.0,0.0
5635,0.0,0.0,0.0
5636,0.0,0.0,0.0
5637,0.0,0.0,0.0
5638,0.0,0.0,0.0
5639,0.0,0.0,0.0
5640,0.0,0.0,0.0
5641,0.0,0.0,0.0
5642,0.0,0.0,0.0
5643,0.0,0.0,0.0
5644,0.0,0.0,0.0
5645,0.0,0.0,0.0
5646,0.0,0.0,0.0
5647,0.0,0.0,0.0
5648,0.0,0.0,0.0
5649,0.0,0.0,0.0
5650,0.0,0.0,0.0
5651,0.0,0.0,0.0
5652,0.0,0.0,0.0
5653,0.0,0.0,0.0
5654,0.0,0.0,0.0
5655,0.0,0.0,0.0
5656,0.0,0.0,0.0
5657,0.0,0.0,0.0
5658,0.0,0.0,0.0
5659,0.0,0.0,0.0
5660,0.0,0.0,0.0
5661,0.0,0.0,0.0
5662,0.0,0.0,0.0
5663,0.0,0.0,0.0
5664,0.0,0.0,0.0
5665,0.0,0.0,0.0
5666,0.0,0.0,0.0
5667,0.0,0.0,0.0
5668,0.0,0.0,0.0
5669,0.0,0.0,0.0
5670,0.0,0.0,0.0
5671,0.0,0.0,0.0
5672,0.0,0.0,0.0
5673,0.0,0.0,0.0
5674,0.0,0.0,0.0
5675,0.0,0.0,0.0
5676,0.0,0.0,0.0
5677,0.0,0.0,0.0
5678,0.0,0.0,0.0
5679,0.0,0.0,0.0
5680,0.0,0.0,0.0
5681,0.0,0.0,0.0
5682,0.0,0.0,0.0
5683,0.0,0.0,0.0
5684,0.0,0.0,0.0
5685,0.0,0.0,0.0
5686,0.0,0.0,0.0
5687,0.0,0.0,0.0
5688,0.0,0.0,0.0
5689,0.0,0.0,0.0
5690,0.0,0.0,0.0
5691,0.0,0.0,0.0
5692,0.0,0.0,0.0
5693,0.0,0.0,0.0
5694,0.0,0.0,0.0
5695,0.0,0.0,0.0
5696,0.0,0.0,0.0
5697,0.0,0.0,0.0
5698,0.0,0.0,0.0
5699,0.0,0.0,0.0
5700,0.0,0.0,0.0
5701,0.0,0.0,0.0
5702,0.0,0.0,0.0
5703,0.0,0.0,0.0
5704,0.0,0.0,0.0
5705,0.0,0.0,0.0
5706,0.0,0.0,0.0
5707,0.0,0.0,0.0
5708,0.0,0.0,0.0
5709,0.0,0.0,0.0
5710,0.0,0.0,0.0
5711,0.0,0.0,0.0
5712,0.0,0.0,0.0
5713,0.0,0.0,0.0
5714,0.0,0.0,0.0
5715,0.0,0.0,0.0
5716,0.0,0.0,0.0
5717,0.0,0.0,0.0
5718,0.0,0.0,0.0
5719,0.0,0.0,0.0
5720,0.0,0.0,0.0
5721,0.0,0.0,0.0
5722,0.0,0.0,0.0
5723,0.0,0.0,0.0
5724,0.0,0.0,0.0
5725,0.0,0.0,0.0
5726,0.0,0.0,0.0
5727,0.0,0.0,0.0
5728,0.0,0.0,0.0
5729,0.0,0.0,0.0
5730,0.0,0.0,0.0
5731,0.0,0.0,0.0
5732,0.0,0.0,0.0
5733,0.0,0.0,0.0
5734,0.0,0.0,0.0
5735,0.0,0.0,0.0
5736,0.0,0.0,0.0
5737,0.0,0.0,0.0
5738,0.0,0.0,0.0
5739,0.0,0.0,0.0
5740,0.0,0.0,0.0
5741,0.0,0.0,0.0
5742,0.0,0.0,0.0
5743,0.0,0.0,0.0
5744,0.0,0.0,0.0
5745,0.0,0.0,0.0
5746,0.0,0.0,0.0
5747,0.0,0.0,0.0
5748,0.0,0.0,0.0
5749,0.0,0.0,0.0
5750,0.0,0.0,0.0
5751,0.0,0.0,0.0
5752,0.0,0.0,0.0
5753,0.0,0.0,0.0
5754,0.0,0.0,0.0
5755,0.0,0.0,0.0
5756,0.0,0.0,0.0
5757,0.0,0.0,0.0
5758,0.0,0.0,0.0
5759,0.0,0.0,0.0
5760,0.0,0.0,0.0
5761,0.0,0.0,0.0
5762,0.0,0.0,0.0
5763,0.0,0.0,0.0
5764,0.0,0.0,0.0
5765,0.0,0.0,0.0
5766,0.0,0.0,0.0
5767,0.0,0.0,0.0
5768,0.0,0.0,0.0
5769,0.0,0.0,0.0
5770,0.0,0.0,0.0
5771,0.0,0.0,0.0
5772,0.0,0.0,0.0
5773,0.0,0.0,0.0
5774,0.0,0.0,0.0
5775,0.0,0.0,0.0
5776,0.0,0.0,0.0
5777,0.0,0.0,0.0
5778,0.0,0.0,0.0
5779,0.0,0.0,0.0
5780,0.0,0.0,0.0
5781,0.0,0.0,0.0
5782,0.0,0.0,0.0
5783,0.0,0.0,0.0
5784,0.0,0.0,0.0
5785,0.0,0.0,0.0
5786,0.0,0.0,0.0
5787,0.0,0.0,0.0
5788,0.0,0.0,0.0
5789,0.0,0.0,0.0
5790,0.0,0.0,0.0
5791,0.0,0.0,0.0
5792,0.0,0.0,0.0
5793,0.0,0.0,0.0
5794,0.0,0.0,0.0
5795,0.0,0.0,0.0
5796,0.0,0.0,0.0
5797,0.0,0.0,0.0
5798,0.0,0.0,0.0
5799,0.0,0.0,0.0
5800,0.0,0.0,0.0
5801,0.0,0.0,0.0
5802,0.0,0.0,0.0
5803,0.0,0.0,0.0
5804,0.0,0.0,0.0
5805,0.0,0.0,0.0
5806,0.0,0.0,0.0
5807,0.0,0.0,0.0
5808,0.0,0.0,0.0
5809,0.0,0.0,0.0
5810,0.0,0.0,0.0
5811,0.0,0.0,0.0
5812,0.0,0.0,0.0
5813,0.0,0.0,0.0
5814,0.0,0.0,0.0
5815,0.0,0.0,0.0
5816,0.0,0.0,0.0
5817,0.0,0.0,0.0
5818,0.0,0.0,0.0
5819,0.0,0.0,0.0
5820,0.0,0.0,0.0
5821,0.0,0.0,0.0
5822,0.0,0.0,0.0
5823,0.0,0.0,0.0
5824,0.0,0.0,0.0
5825,0.0,0.0,0.0
5826,0.0,0.0,0.0
5827,0.0,0.0,0.0
5828,0.0,0.0,0.0
5829,0.0,0.0,0.0
5830,0.0,0.0,0.0
5831,0.0,0.0,0.0
5832,0.0,0.0,0.0
5833,0.0,0.0,0.0
5834,0.0,0.0,0.0
5835,0.0,0.0,0.0
5836,0.0,0.0,0.0
5837,0.0,0.0,0.0
5838,0.0,0.0,0.0
5839,0.0,0.0,0.0
5840,0.0,0.0,0.0
5841,0.0,0.0,0.0
5842,0.0,0.0,0.0
5843,0.0,0.0,0.0
5844,0.0,0.0,0.0
5845,0.0,0.0,0.0
5846,0.0,0.0,0.0
5847,0.0,0.0,0.0
5848,0.0,0.0,0.0
5849,0.0,0.0,0.0
5850,0.0,0.0,0.0
5851,0.0,0.0,0.0
5852,0.0,0.0,0.0
5853,0.0,0.0,0.0
5854,0.0,0.0,0.0
5855,0.0,0.0,0.0
5856,0.0,0.0,0.0
5857,0.0,0.0,0.0
5858,0.0,0.0,0.0
5859,0.0,0.0,0.0
5860,0.0,0.0,0.0
5861,0.0,0.0,0.0
5862,0.0,0.0,0.0
5863,0.0,0.0,0.0
5864,0.0,0.0,0.0
5865,0.0,0.0,0.0
5866,0.0,0.0,0.0
5867,0.0,0.0,0.0
5868,0.0,0.0,0.0
5869,0.0,0.0,0.0
5870,0.0,0.0,0.0
5871,0.0,0.0,0.0
5872,0.0,0.0,0.0
5873,0.0,0.0,0.0
5874,0.0,0.0,0.0
5875,0.0,0.0,0.0
5876,0.0,0.0,0.0
5877,0.0,0.0,0.0
5878,0.0,0.0,0.0
5879,0.0,0.0,0.0
5880,0.0,0.0,0.0
5881,0.0,0.0,0.0
5882,0.0,0.0,0.0
5883,0.0,0.0,0.0
5884,0.0,0.0,0.0
5885,0.0,0.0,0.0
5886,0.0,0.0,0.0
5887,0.0,0.0,0.0
5888,0.0,0.0,0.0
5889,0.0,0.0,0.0
5890,0.0,0.0,0.0
5891,0.0,0.0,0.0
5892,0.0,0.0,0.0
5893,0.0,0.0,0.0
5894,0.0,0.0,0.0
5895,0.0,0.0,0.0
5896,0.0,0.0,0.0
5897,0.0,0.0,0.0
5898,0.0,0.0,0.0
5899,0.0,0.0,0.0
5900,0.0,0.0,0.0
5901,0.0,0.0,0.0
5902,0.0,0.0,0.0
5903,0.0,0.0,0.0
5904,0.0,0.0,0.0
5905,0.0,0.0,0.0
5906,0.0,0.0,0.0
5907,0.0,0.0,0.0
5908,0.0,0.0,0.0
5909,0.0,0.0,0.0
5910,0.0,0.0,0.0
5911,0.0,0.0,0.0
5912,0.0,0.0,0.0
5913,0.0,0.0,0.0
5914,0.0,0.0,0.0
5915,0.0,0.0,0.0
5916,0.0,0.0,0.0
5917,0.0,0.0,0.0
5918,0.0,0.0,0.0
5919,0.0,0.0,0.0
5920,0.0,0.0,0.0
5921,0.0,0.0,0.0
5922,0.0,0.0,0.0
5923,0.0,0.0,0.0
5924,0.0,0.0,0.0
5925,0.0,0.0,0.0
5926,0.0,0.0,0.0
5927,0.0,0.0,0.0
5928,0.0,0.0,0.0
5929,0.0,0.0,0.0
5930,0.0,0.0,0.0
5931,0.0,0.0,0.0
5932,0.0,0.0,0.0
5933,0.0,0.0,0.0
5934,0.0,0.0,0.0
5935,0.0,0.0,0.0
5936,0.0,0.0,0.0
5937,0.0,0.0,0.0
5938,0.0,0.0,0.0
5939,0.0,0.0,0.0
5940,0.0,0.0,0.0
5941,0.0,0.0,0.0
5942,0.0,0.0,0.0
5943,0.0,0.0,0.0
5944,0.0,0.0,0.0
5945,0.0,0.0,0.0
5946,0.0,0.0,0.0
5947,0.0,0.0,0.0
5948,0.0,0.0,0.0
5949,0.0,0.0,0.0
5950,0.0,0.0,0.0
5951,0.0,0.0,0.0
5952,0.0,0.0,0.0
5953,0.0,0.0,0.0
5954,0.0,0.0,0.0
5955,0.0,0.0,0.0
5956,0.0,0.0,0.0
5957,0.0,0.0,0.0
5958,0.0,0.0,0.0
5959,0.0,0.0,0.0
5960,0.0,0.0,0.0
5961,0.0,0.0,0.0
5962,0.0,0.0,0.0
5963,0.0,0.0,0.0
5964,0.0,0.0,0.0
5965,0.0,0.0,0.0
5966,0.0,0.0,0.0
5967,0.0,0.0,0.0
5968,0.0,0.0,0.0
5969,0.0,0.0,0.0
5970,0.0,0.0,0.0
5971,0.0,0.0,0.0
5972,0.0,0.0,0.0
5973,0.0,0.0,0.0
5974,0.0,0.0,0.0
5975,0.0,0.0,0.0
5976,0.0,0.0,0.0
5977,0.0,0.0,0.0
5978,0.0,0.0,0.0
5979,0.0,0.0,0.0
5980,0.0,0.0,0.0
5981,0.0,0.0,0.0
5982,0.0,0.0,0.0
5983,0.0,0.0,0.0
5984,0.0,0.0,0.0
5985,0.0,0.0,0.0
5986,0.0,0.0,0.0
5987,0.0,0.0,0.0
5988,0.0,0.0,0.0
5989,0.0,0.0,0.0
5990,0.0,0.0,0.0
5991,0.0,0.0,0.0
5992,0.0,0.0,0.0
5993,0.0,0.0,0.0
5994,0.0,0.0,0.0
5995,0.0,0.0,0.0
5996,0.0,0.0,0.0
5997,0.0,0.0,0.0
5998,0.0,0.0,0.0
5999,0.0,0.0,0.0
6000,0.0,0.0,0.0
6001,0.0,0.0,0.0
6002,0.0,0.0,0.0
6003,0.0,0.0,0.0
6004,0.0,0.0,0.0
6005,0.0,0.0,0.0
6006,0.0,0.0,0.0
6007,0.0,0.0,0.0
6008,0.0,0.0,0.0
6009,0.0,0.0,0.0
6010,0.0,0.0,0.0
6011,0.0,0.0,0.0
6012,0.0,0.0,0.0
6013,0.0,0.0,0.0
6014,0.0,0.0,0.0
6015,0.0,0.0,0.0
6016,0.0,0.0,0.0
6017,0.0,0.0,0.0
6018,0.0,0.0,0.0
6019,0.0,0.0,0.0
6020,0.0,0.0,0.0
6021,0.0,0.0,0.0
6022,0.0,0.0,0.0
6023,0.0,0.0,0.0
6024,0.0,0.0,0.0
6025,0.0,0.0,0.0
6026,0.0,0.0,0.0
6027,0.0,0.0,0.0
6028,0.0,0.0,0.0
6029,0.0,0.0,0.0
6030,0.0,0.0,0.0
6031,0.0,0.0,0.0
6032,0.0,0.0,0.0
6033,0.0,0.0,0.0
6034,0.0,0.0,0.0
6035,0.0,0.0,0.0
6036,0.0,0.0,0.0
6037,0.0,0.0,0.0
6038,0.0,0.0,0.0
6039,0.0,0.0,0.0
6040,0.0,0.0,0.0
6041,0.0,0.0,0.0
6042,0.0,0.0,0.0
6043,0.0,0.0,0.0
6044,0.0,0.0,0.0
6045,0.0,0.0,0.0
6046,0.0,0.0,0.0
6047,0.0,0.0,0.0
6048,0.0,0.0,0.0
6049,0.0,0.0,0.0
6050,0.0,0.0,0.0
6051,0.0,0.0,0.0
6052,0.0,0.0,0.0
6053,0.0,0.0,0.0
6054,0.0,0.0,0.0
6055,0.0,0.0,0.0
6056,0.0,0.0,0.0
6057,0.0,0.0,0.0
6058,0.0,0.0,0.0
6059,0.0,0.0,0.0
6060,0.0,0.0,0.0
6061,0.0,0.0,0.0
6062,0.0,0.0,0.0
6063,0.0,0.0,0.0
6064,0.0,0.0,0.0
6065,0.0,0.0,0.0
6066,0.0,0.0,0.0
6067,0.0,0.0,0.0
6068,0.0,0.0,0.0
6069,0.0,0.0,0.0
6070,0.0,0.0,0.0
6071,0.0,0.0,0.0
6072,0.0,0.0,0.0
6073,0.0,0.0,0.0
6074,0.0,0.0,0.0
6075,0.0,0.0,0.0
6076,0.0,0.0,0.0
6077,0.0,0.0,0.0
6078,0.0,0.0,0.0
6079,0.0,0.0,0.0
6080,0.0,0.0,0.0
6081,0.0,0.0,0.0
6082,0.0,0.0,0.0
6083,0.0,0.0,0.0
6084,0.0,0.0,0.0
6085,0.0,0.0,0.0
6086,0.0,0.0,0.0
6087,0.0,0.0,0.0
6088,0.0,0.0,0.0
6089,0.0,0.0,0.0
6090,0.0,0.0,0.0
6091,0.0,0.0,0.0
6092,0.0,0.0,0.0
6093,0.0,0.0,0.0
6094,0.0,0.0,0.0
6095,0.0,0.0,0.0
6096,0.0,0.0,0.0
6097,0.0,0.0,0.0
6098,0.0,0.0,0.0
6099,0.0,0.0,0.0
6100,0.0,0.0,0.0
6101,0.0,0.0,0.0
6102,0.0,0.0,0.0
6103,0.0,0.0,0.0
6104,0.0,0.0,0.0
6105,0.0,0.0,0.0
6106,0.0,0.0,0.0
6107,0.0,0.0,0.0
6108,0.0,0.0,0.0
6109,0.0,0.0,0.0
6110,0.0,0.0,0.0
6111,0.0,0.0,0.0
6112,0.0,0.0,0.0
6113,0.0,0.0,0.0
6114,0.0,0.0,0.0
6115,0.0,0.0,0.0
6116,0.0,0.0,0.0
6117,0.0,0.0,0.0
6118,0.0,0.0,0.0
6119,0.0,0.0,0.0
6120,0.0,0.0,0.0
6121,0.0,0.0,0.0
6122,0.0,0.0,0.0
6123,0.0,0.0,0.0
6124,0.0,0.0,0.0
6125,0.0,0.0,0.0
6126,0.0,0.0,0.0
6127,0.0,0.0,0.0
6128,0.0,0.0,0.0
6129,0.0,0.0,0.0
6130,0.0,0.0,0.0
6131,0.0,0.0,0.0
6132,0.0,0.0,0.0
6133,0.0,0.0,0.0
6134,0.0,0.0,0.0
6135,0.0,0.0,0.0
6136,0.0,0.0,0.0
6137,0.0,0.0,0.0
6138,0.0,0.0,0.0
6139,0.0,0.0,0.0
6140,0.0,0.0,0.0
6141,0.0,0.0,0.0
6142,0.0,0.0,0.0
6143,0.0,0.0,0.0
6144,0.0,0.0,0.0
6145,0.0,0.0,0.0
6146,0.0,0.0,0.0
6147,0.0,0.0,0.0
6148,0.0,0.0,0.0
6149,0.0,0.0,0.0
6150,0.0,0.0,0.0
6151,0.0,0.0,0.0
6152,0.0,0.0,0.0
6153,0.0,0.0,0.0
6154,0.0,0.0,0.0
6155,0.0,0.0,0.0
6156,0.0,0.0,0.0
6157,0.0,0.0,0.0
6158,0.0,0.0,0.0
6159,0.0,0.0,0.0
6160,0.0,0.0,0.0
6161,0.0,0.0,0.0
6162,0.0,0.0,0.0
6163,0.0,0.0,0.0
6164,0.0,0.0,0.0
6165,0.0,0.0,0.0
6166,0.0,0.0,0.0
6167,0.0,0.0,0.0
6168,0.0,0.0,0.0
6169,0.0,0.0,0.0
6170,0.0,0.0,0.0
6171,0.0,0.0,0.0
6172,0.0,0.0,0.0
6173,0.0,0.0,0.0
6174,0.0,0.0,0.0
6175,0.0,0.0,0.0
6176,0.0,0.0,0.0
6177,0.0,0.0,0.0
6178,0.0,0.0,0.0
6179,0.0,0.0,0.0
6180,0.0,0.0,0.0
6181,0.0,0.0,0.0
6182,0.0,0.0,0.0
6183,0.0,0.0,0.0
6184,0.0,0.0,0.0
6185,0.0,0.0,0.0
6186,0.0,0.0,0.0
6187,0.0,0.0,0.0
6188,0.0,0.0,0.0
6189,0.0,0.0,0.0
6190,0.0,0.0,0.0
6191,0.0,0.0,0.0
6192,0.0,0.0,0.0
6193,0.0,0.0,0.0
6194,0.0,0.0,0.0
6195,0.0,0.0,0.0
6196,0.0,0.0,0.0
6197,0.0,0.0,0.0
6198,0.0,0.0,0.0
6199,0.0,0.0,0.0
6200,0.0,0.0,0.0
6201,0.0,0.0,0.0
6202,0.0,0.0,0.0
6203,0.0,0.0,0.0
6204,0.0,0.0,0.0
6205,0.0,0.0,0.0
6206,0.0,0.0,0.0
6207,0.0,0.0,0.0
6208,0.0,0.0,0.0
6209,0.0,0.0,0.0
6210,0.0,0.0,0.0
6211,0.0,0.0,0.0
6212,0.0,0.0,0.0
6213,0.0,0.0,0.0
6214,0.0,0.0,0.0
6215,0.0,0.0,0.0
6216,0.0,0.0,0.0
6217,0.0,0.0,0.0
6218,0.0,0.0,0.0
6219,0.0,0.0,0.0
6220,0.0,0.0,0.0
6221,0.0,0.0,0.0
6222,0.0,0.0,0.0
6223,0.0,0.0,0.0
6224,0.0,0.0,0.0
6225,0.0,0.0,0.0
6226,0.0,0.0,0.0
6227,0.0,0.0,0.0
6228,0.0,0.0,0.0
6229,0.0,0.0,0.0
6230,0.0,0.0,0.0
6231,0.0,0.0,0.0
6232,0.0,0.0,0.0
6233,0.0,0.0,0.0
6234,0.0,0.0,0.0
6235,0.0,0.0,0.0
6236,0.0,0.0,0.0
6237,0.0,0.0,0.0
6238,0.0,0.0,0.0
6239,0.0,0.0,0.0
6240,0.0,0.0,0.0
6241,0.0,0.0,0.0
6242,0.0,0.0,0.0
6243,0.0,0.0,0.0
6244,0.0,0.0,0.0
6245,0.0,0.0,0.0
6246,0.0,0.0,0.0
6247,0.0,0.0,0.0
6248,0.0,0.0,0.0
6249,0.0,0.0,0.0
6250,0.0,0.0,0.0
6251,0.0,0.0,0.0
6252,0.0,0.0,0.0
6253,0.0,0.0,0.0
6254,0.0,0.0,0.0
6255,0.0,0.0,0.0
6256,0.0,0.0,0.0
6257,0.0,0.0,0.0
6258,0.0,0.0,0.0
6259,0.0,0.0,0.0
6260,0.0,0.0,0.0
6261,0.0,0.0,0.0
6262,0.0,0.0,0.0
6263,0.0,0.0,0.0
6264,0.0,0.0,0.0
6265,0.0,0.0,0.0
6266,0.0,0.0,0.0
6267,0.0,0.0,0.0
6268,0.0,0.0,0.0
6269,0.0,0.0,0.0
6270,0.0,0.0,0.0
6271,0.0,0.0,0.0
6272,0.0,0.0,0.0
6273,0.0,0.0,0.0
6274,0.0,0.0,0.0
6275,0.0,0.0,0.0
6276,0.0,0.0,0.0
6277,0.0,0.0,0.0
6278,0.0,0.0,0.0
6279,0.0,0.0,0.0
6280,0.0,0.0,0.0
6281,0.0,0.0,0.0
6282,0.0,0.0,0.0
6283,0.0,0.0,0.0
6284,0.0,0.0,0.0
6285,0.0,0.0,0.0
6286,0.0,0.0,0.0
6287,0.0,0.0,0.0
6288,0.0,0.0,0.0
6289,0.0,0.0,0.0
6290,0.0,0.0,0.0
6291,0.0,0.0,0.0
6292,0.0,0.0,0.0
6293,0.0,0.0,0.0
6294,0.0,0.0,0.0
6295,0.0,0.0,0.0
6296,0.0,0.0,0.0
6297,0.0,0.0,0.0
6298,0.0,0.0,0.0
6299,0.0,0.0,0.0
6300,0.0,0.0,0.0
6301,0.0,0.0,0.0
6302,0.0,0.0,0.0
6303,0.0,0.0,0.0
6304,0.0,0.0,0.0
6305,0.0,0.0,0.0
6306,0.0,0.0,0.0
6307,0.0,0.0,0.0
6308,0.0,0.0,0.0
6309,0.0,0.0,0.0
6310,0.0,0.0,0.0
6311,0.0,0.0,0.0
6312,0.0,0.0,0.0
6313,0.0,0.0,0.0
6314,0.0,0.0,0.0
6315,0.0,0.0,0.0
6316,0.0,0.0,0.0
6317,0.0,0.0,0.0
6318,0.0,0.0,0.0
6319,0.0,0.0,0.0
6320,0.0,0.0,0.0
6321,0.0,0.0,0.0
6322,0.0,0.0,0.0
6323,0.0,0.0,0.0
6324,0.0,0.0,0.0
6325,0.0,0.0,0.0
6326,0.0,0.0,0.0
6327,0.0,0.0,0.0
6328,0.0,0.0,0.0
6329,0.0,0.0,0.0
6330,0.0,0.0,0.0
6331,0.0,0.0,0.0
6332,0.0,0.0,0.0
6333,0.0,0.0,0.0
6334,0.0,0.0,0.0
6335,0.0,0.0,0.0
6336,0.0,0.0,0.0
6337,0.0,0.0,0.0
6338,0.0,0.0,0.0
6339,0.0,0.0,0.0
6340,0.0,0.0,0.0
6341,0.0,0.0,0.0
6342,0.0,0.0,0.0
6343,0.0,0.0,0.0
6344,0.0,0.0,0.0
6345,0.0,0.0,0.0
6346,0.0,0.0,0.0
6347,0.0,0.0,0.0
6348,0.0,0.0,0.0
6349,0.0,0.0,0.0
6350,0.0,0.0,0.0
6351,0.0,0.0,0.0
6352,0.0,0.0,0.0
6353,0.0,0.0,0.0
6354,0.0,0.0,0.0
6355,0.0,0.0,0.0
6356,0.0,0.0,0.0
6357,0.0,0.0,0.0
6358,0.0,0.0,0.0
6359,0.0,0.0,0.0
6360,0.0,0.0,0.0
6361,0.0,0.0,0.0
6362,0.0,0.0,0.0
6363,0.0,0.0,0.0
6364,0.0,0.0,0.0
6365,0.0,0.0,0.0
6366,0.0,0.0,0.0
6367,0.0,0.0,0.0
6368,0.0,0.0,0.0
6369,0.0,0.0,0.0
6370,0.0,0.0,0.0
6371,0.0,0.0,0.0
6372,0.0,0.0,0.0
6373,0.0,0.0,0.0
6374,0.0,0.0,0.0
6375,0.0,0.0,0.0
6376,0.0,0.0,0.0
6377,0.0,0.0,0.0
6378,0.0,0.0,0.0
6379,0.0,0.0,0.0
6380,0.0,0.0,0.0
6381,0.0,0.0,0.0
6382,0.0,0.0,0.0
6383,0.0,0.0,0.0
6384,0.0,0.0,0.0
6385,0.0,0.0,0.0
6386,0.0,0.0,0.0
6387,0.0,0.0,0.0
6388,0.0,0.0,0.0
6389,0.0,0.0,0.0
6390,0.0,0.0,0.0
6391,0.0,0.0,0.0
6392,0.0,0.0,0.0
6393,0.0,0.0,0.0
6394,0.0,0.0,0.0
6395,0.0,0.0,0.0
6396,0.0,0.0,0.0
6397,0.0,0.0,0.0
6398,0.0,0.0,0.0
6399,0.0,0.0,0.0
6400,0.0,0.0,0.0
6401,0.0,0.0,0.0
6402,0.0,0.0,0.0
6403,0.0,0.0,0.0
6404,0.0,0.0,0.0
6405,0.0,0.0,0.0
6406,0.0,0.0,0.0
6407,0.0,0.0,0.0
6408,0.0,0.0,0.0
6409,0.0,0.0,0.0
6410,0.0,0.0,0.0
6411,0.0,0.0,0.0
6412,0.0,0.0,0.0
6413,0.0,0.0,0.0
6414,0.0,0.0,0.0
6415,0.0,0.0,0.0
6416,0.0,0.0,0.0
6417,0.0,0.0,0.0
6418,0.0,0.0,0.0
6419,0.0,0.0,0.0
6420,0.0,0.0,0.0
6421,0.0,0.0,0.0
6422,0.0,0.0,0.0
6423,0.0,0.0,0.0
6424,0.0,0.0,0.0
6425,0.0,0.0,0.0
6426,0.0,0.0,0.0
6427,0.0,0.0,0.0
6428,0.0,0.0,0.0
6429,0.0,0.0,0.0
6430,0.0,0.0,0.0
6431,0.0,0.0,0.0
6432,0.0,0.0,0.0
6433,0.0,0.0,0.0
6434,0.0,0.0,0.0
6435,0.0,0.0,0.0
6436,0.0,0.0,0.0
6437,0.0,0.0,0.0
6438,0.0,0.0,0.0
6439,0.0,0.0,0.0
6440,0.0,0.0,0.0
6441,0.0,0.0,0.0
6442,0.0,0.0,0.0
6443,0.0,0.0,0.0
6444,0.0,0.0,0.0
6445,0.0,0.0,0.0
6446,0.0,0.0,0.0
6447,0.0,0.0,0.0
6448,0.0,0.0,0.0
6449,0.0,0.0,0.0
6450,0.0,0.0,0.0
6451,0.0,0.0,0.0
6452,0.0,0.0,0.0
6453,0.0,0.0,0.0
6454,0.0,0.0,0.0
6455,0.0,0.0,0.0
6456,0.0,0.0,0.0
6457,0.0,0.0,0.0
6458,0.0,0.0,0.0
6459,0.0,0.0,0.0
6460,0.0,0.0,0.0
6461,0.0,0.0,0.0
6462,0.0,0.0,0.0
6463,0.0,0.0,0.0
6464,0.0,0.0,0.0
6465,0.0,0.0,0.0
6466,0.0,0.0,0.0
6467,0.0,0.0,0.0
6468,0.0,0.0,0.0
6469,0.0,0.0,0.0
6470,0.0,0.0,0.0
6471,0.0,0.0,0.0
6472,0.0,0.0,0.0
6473,0.0,0.0,0.0
6474,0.0,0.0,0.0
6475,0.0,0.0,0.0
6476,0.0,0.0,0.0
6477,0.0,0.0,0.0
6478,0.0,0.0,0.0
6479,0.0,0.0,0.0
6480,0.0,0.0,0.0
6481,0.0,0.0,0.0
6482,0.0,0.0,0.0
6483,0.0,0.0,0.0
6484,0.0,0.0,0.0
6485,0.0,0.0,0.0
6486,0.0,0.0,0.0
6487,0.0,0.0,0.0
6488,0.0,0.0,0.0
6489,0.0,0.0,0.0
6490,0.0,0.0,0.0
6491,0.0,0.0,0.0
6492,0.0,0.0,0.0
6493,0.0,0.0,0.0
6494,0.0,0.0,0.0
6495,0.0,0.0,0.0
6496,0.0,0.0,0.0
6497,0.0,0.0,0.0
6498,0.0,0.0,0.0
6499,0.0,0.0,0.0
6500,0.0,0.0,0.0
6501,0.0,0.0,0.0
6502,0.0,0.0,0.0
6503,0.0,0.0,0.0
6504,0.0,0.0,0.0
6505,0.0,0.0,0.0
6506,0.0,0.0,0.0
6507,0.0,0.0,0.0
6508,0.0,0.0,0.0
6509,0.0,0.0,0.0
6510,0.0,0.0,0.0
6511,0.0,0.0,0.0
6512,0.0,0.0,0.0
6513,0.0,0.0,0.0
6514,0.0,0.0,0.0
6515,0.0,0.0,0.0
6516,0.0,0.0,0.0
6517,0.0,0.0,0.0
6518,0.0,0.0,0.0
6519,0.0,0.0,0.0
6520,0.0,0.0,0.0
6521,0.0,0.0,0.0
6522,0.0,0.0,0.0
6523,0.0,0.0,0.0
6524,0.0,0.0,0.0
6525,0.0,0.0,0.0
6526,0.0,0.0,0.0
6527,0.0,0.0,0.0
6528,0.0,0.0,0.0
6529,0.0,0.0,0.0
6530,0.0,0.0,0.0
6531,0.0,0.0,0.0
6532,0.0,0.0,0.0
6533,0.0,0.0,0.0
6534,0.0,0.0,0.0
6535,0.0,0.0,0.0
6536,0.0,0.0,0.0
6537,0.0,0.0,0.0
6538,0.0,0.0,0.0
6539,0.0,0.0,0.0
6540,0.0,0.0,0.0
6541,0.0,0.0,0.0
6542,0.0,0.0,0.0
6543,0.0,0.0,0.0
6544,0.0,0.0,0.0
6545,0.0,0.0,0.0
6546,0.0,0.0,0.0
6547,0.0,0.0,0.0
6548,0.0,0.0,0.0
6549,0.0,0.0,0.0
6550,0.0,0.0,0.0
6551,0.0,0.0,0.0
6552,0.0,0.0,0.0
6553,0.0,0.0,0.0
6554,0.0,0.0,0.0
6555,0.0,0.0,0.0
6556,0.0,0.0,0.0
6557,0.0,0.0,0.0
6558,0.0,0.0,0.0
6559,0.0,0.0,0.0
6560,6.019477655137365,0.0,6.019477655137365
6561,2.1882713531955624,0.0,2.1882713531955624
6562,0.8237730462647667,0.0,0.8237730462647667
6563,0.0,0.0,0.0
6564,0.0,0.0,0.0
6565,0.0,0.0,0.0
6566,0.0,0.0,0.0
6567,0.0,0.0,0.0
6568,0.0,0.0,0.0
6569,0.0,0.0,0.0
6570,0.0,0.0,0.0
6571,0.0,0.0,0.0
6572,0.0,0.0,0.0
6573,0.0,0.0,0.0
6574,0.0,0.0,0.0
6575,0.0,0.0,0.0
6576,0.0,0.0,0.0
6577,0.0,0.1,-0.1
6578,0.0,35.10000000000002,-35.10000000000002
6579,0.0,39.20000000000006,-39.20000000000006
6580,0.0,44.30000000000008,-44.30000000000008
6581,0.0,81.99999999999996,-81.99999999999996
6582,0.0,125.39999999999998,-125.39999999999998
6583,0.0,134.00000000000003,-134.00000000000003
6584,0.248142140891187,403.0000000000001,-402.75185785910895
6585,0.208457798215092,404.90000000000015,-404.69154220178507
6586,0.0,375.6,-375.6
6587,0.0,365.79999999999995,-365.79999999999995
6588,0.0,360.7,-360.7
6589,0.0,329.4,-329.4
6590,0.0,344.1999999999999,-344.1999999999999
6591,0.0,304.8,-304.8
6592,0.0,323.0000000000001,-323.0000000000001
6593,0.0,356.7,-356.7
6594,0.0,464.00000000000034,-464.00000000000034
6595,0.0081981320565026,527.5999999999999,-527.5918018679434
6596,0.9323009587851548,564.7000000000003,-563.7676990412151
6597,5.084882729732127,615.1999999999999,-610.1151172702678
6598,19.45904422766744,686.3000000000002,-666.8409557723328
6599,39.05969413933339,718.8999999999999,-679.8403058606665
6600,70.83656432036702,748.7999999999996,-677.9634356796325
6601,0.0,521.6000000000001,-521.6000000000001
6602,0.0,556.5000000000003,-556.5000000000003
6603,0.0,559.7000000000002,-559.7000000000002
6604,0.0,563.6000000000003,-563.6000000000003
6605,0.0,556.6000000000004,-556.6000000000004
6606,0.0,586.0999999999998,-586.0999999999998
6607,0.0,616.0999999999999,-616.0999999999999
6608,770.5686687808703,899.1000000000004,-128.53133121913004
6609,756.820594288484,862.4999999999998,-105.67940571151576
6610,665.0174880506711,794.0000000000002,-128.98251194932914
6611,576.8755905465213,752.5999999999995,-175.7244094534782
6612,452.5273861620668,666.7000000000004,-214.17261383793357
6613,430.23037593994513,657.9000000000002,-227.66962406005507
6614,413.81983784371386,660.6000000000004,-246.7801621562865
6615,340.7519617183557,662.8000000000004,-322.0480382816447
6616,341.046851668396,688.8999999999999,-347.85314833160385
6617,380.74786171795466,722.0999999999997,-341.352138282045
6618,447.6375845786814,748.5999999999996,-300.96241542131816
6619,543.056299768677,786.9000000000008,-243.84370023132374
6620,641.3073124840573,847.2999999999998,-205.99268751594252
6621,742.5071970104675,907.3000000000006,-164.79280298953313
6622,843.7143598289483,965.3,-121.58564017105164
6623,886.0324521129279,943.6,-57.567547887072124
6624,957.6433999983968,968.1999999999999,-10.556600001603101
6625,0.0,724.8999999999996,-724.8999999999996
6626,0.0,733.5999999999999,-733.5999999999999
6627,0.0,740.0999999999999,-740.0999999999999
6628,0.1940233864415179,722.4999999999998,-722.3059766135583
6629,0.6904664448131685,733.4,-732.7095335551868
6630,2.1980241675715804,730.3999999999999,-728.2019758324283
6631,6.978707984550394,741.0999999999998,-734.1212920154494
6632,1737.0448272491426,952.8999999999997,784.1448272491428
6633,1680.4522231873816,955.4999999999999,724.9522231873817
6634,1541.2468182203943,917.6000000000004,623.6468182203939
6635,1375.5495781836505,849.3999999999997,526.1495781836508
6636,1196.7665791679344,765.9999999999998,430.76657916793465
6637,1013.8844641802872,704.2,309.68446418028714
6638,874.3516884618011,655.2,219.1516884618011
6639,829.1597514362934,618.6999999999999,210.45975143629346
6640,791.1763984081846,622.7000000000003,168.4763984081843
6641,804.4028019926045,681.3,123.10280199260455
6642,892.6437599052913,756.5999999999996,136.04375990529172
6643,975.7970601654976,830.4,145.39706016549758
6644,1060.0766621728433,903.1000000000006,156.97666217284268
6645,1113.7768380695716,930.3000000000003,183.47683806957127
6646,1148.5601963857764,934.0,214.5601963857764
6647,1199.327869101986,960.7999999999996,238.5278691019863
6648,1231.3271911263382,963.9999999999999,267.32719112633833
6649,0.0,747.0999999999998,-747.0999999999998
6650,0.0,748.3999999999996,-748.3999999999996
6651,0.0,757.2999999999995,-757.2999999999995
6652,0.4382730472743583,751.0999999999995,-750.6617269527251
6653,1.9066154203708892,746.4999999999998,-744.5933845796288
6654,7.570847297868572,750.2999999999996,-742.729152702131
6655,14.212871586945152,706.7000000000003,-692.4871284130551
6656,1953.8419605614292,924.8000000000003,1029.0419605614288
6657,1820.210820026684,888.8000000000001,931.4108200266838
6658,1603.082721480528,762.3,840.7827214805282
6659,1391.3031203276823,680.0,711.3031203276823
6660,1177.6297489832232,591.7999999999998,585.8297489832233
6661,1000.0521201863162,563.6000000000003,436.45212018631594
6662,795.4645179236359,479.4,316.0645179236359
6663,666.1692749997196,456.0000000000001,210.1692749997195
6664,589.0122569636907,458.2000000000003,130.8122569636904
6665,577.5269953959051,499.9999999999997,77.52699539590543
6666,647.2037663345067,592.6999999999999,54.503766334506736
6667,762.1782961050875,701.3,60.87829610508754
6668,835.0033436672832,762.4,72.60334366728318
6669,942.98423635491,864.4999999999999,78.48423635491008
6670,978.9717895338374,864.3999999999999,114.57178953383755
6671,1040.8332712184088,901.5000000000003,139.3332712184084
6672,1115.514436281985,953.0999999999997,162.41443628198522
6673,0.0,699.3,-699.3
6674,0.0,702.3999999999999,-702.3999999999999
6675,0.0,696.1,-696.1
6676,0.0,713.1000000000001,-713.1000000000001
6677,0.41064569322531,750.5999999999996,-750.1893543067742
6678,1.4048637519404568,758.2999999999996,-756.8951362480592
6679,6.560843986923526,768.1999999999999,-761.6391560130764
6680,1886.8835447188092,965.3,921.5835447188092
6681,1783.235186658437,939.4999999999999,843.7351866584371
6682,1651.1955145103937,893.2000000000005,757.9955145103931
6683,1471.8783966616193,804.5000000000005,667.3783966616188
6684,1250.2457817042657,707.7000000000002,542.5457817042656
6685,1034.0888363662443,598.6999999999997,435.3888363662446
6686,866.9581865768059,531.8999999999999,335.05818657680607
6687,733.0222820796788,499.8999999999997,233.1222820796791
6688,671.9282744284521,527.0999999999999,144.82827442845223
6689,631.4515401798935,506.4999999999999,124.95154017989364
6690,686.3314801349221,583.2,103.13148013492207
6691,763.4770355861367,651.5999999999998,111.87703558613691
6692,814.6844763610304,695.3,119.38447636103047
6693,856.039940250452,723.3999999999997,132.63994025045224
6694,843.6849095378615,680.0,163.68490953786147
6695,903.7478769250324,737.9999999999999,165.74787692503253
6696,948.2874167553634,770.4000000000001,177.88741675536335
6697,0.0,528.0999999999999,-528.0999999999999
6698,0.0,558.8000000000003,-558.8000000000003
6699,0.0,566.3000000000003,-566.3000000000003
6700,0.0,589.0999999999999,-589.0999999999999
6701,0.0,612.6999999999998,-612.6999999999998
6702,0.1166839278232428,643.5999999999999,-643.4833160721766
6703,0.4422045768280523,632.1,-631.6577954231719
6704,1652.8362332712704,874.5999999999999,778.2362332712705
6705,1550.4697593947976,856.0999999999997,694.3697593947979
6706,1387.5319943603895,776.7000000000002,610.8319943603893
6707,1225.200834799461,722.6999999999998,502.50083479946124
6708,1062.2424340072112,672.1999999999999,390.0424340072112
6709,957.5149549660812,653.2999999999998,304.21495496608134
6710,817.0898639311258,604.7999999999996,212.2898639311262
6711,728.7022051485754,615.1999999999999,113.50220514857551
6712,692.6776800762088,616.0999999999999,76.57768007620894
6713,713.8009614048865,661.5000000000005,52.30096140488604
6714,817.4757254271847,751.3999999999995,66.07572542718515
6715,917.6856383901506,839.5999999999999,78.08563839015073
6716,1008.7762133809102,912.6000000000005,96.17621338090976
6717,1044.973861199054,908.5000000000006,136.47386119905343
6718,1126.4542070578889,968.8999999999997,157.55420705788913
6719,1196.7183429839238,1010.7,186.01834298392373
6720,1256.2106624399405,1037.6999999999998,218.5106624399407
6721,0.0,801.8000000000006,-801.8000000000006
6722,0.0,799.6000000000005,-799.6000000000005
6723,0.0450805252900424,798.6000000000005,-798.5549194747105
6724,0.5689110785042877,795.7000000000003,-795.131088921496
6725,2.974763464420342,811.2999999999998,-808.3252365355795
6726,12.687749263291105,849.2999999999997,-836.6122507367086
6727,28.6492647316138,855.8999999999999,-827.250735268386
6728,2157.5702074729006,1109.3999999999999,1048.1702074729008
6729,2058.3653549874484,1054.3999999999996,1003.9653549874488
6730,1856.8495053225663,950.3999999999997,906.4495053225666
6731,1680.9328783626434,885.4999999999999,795.4328783626435
6732,1486.2659199763598,815.1999999999998,671.06591997636
6733,1284.7241006707482,741.7999999999998,542.9241006707483
6734,1123.1244870010607,687.2,435.9244870010607
6735,973.3463062976562,630.5,342.84630629765616
6736,961.941194825914,674.4000000000001,287.54119482591386
6737,918.3850927079563,668.8000000000002,249.58509270795616
6738,950.3752753143552,710.2000000000004,240.17527531435485
6739,1020.260648694623,772.0000000000001,248.2606486946229
6740,1067.52581379506,813.1999999999998,254.32581379506018
6741,1105.3539354230877,839.6999999999999,265.6539354230878
6742,1132.023982351233,848.8999999999997,283.12398235123317
6743,1170.6229690841906,874.5999999999999,296.02296908419066
6744,1190.3685443063848,875.3999999999999,314.96854430638496
6745,0.0,630.5999999999999,-630.5999999999999
6746,0.0,635.6999999999999,-635.6999999999999
6747,0.0,616.7999999999998,-616.7999999999998
6748,0.0,620.7000000000002,-620.7000000000002
6749,0.1637274935155595,615.0999999999999,-614.9362725064843
6750,0.5778315469231671,616.4999999999999,-615.9221684530767
6751,2.1659154378116123,637.0999999999998,-634.9340845621882
6752,1850.57274602092,905.4000000000009,945.1727460209191
6753,1722.7217563774127,856.5999999999997,866.121756377413
6754,1573.6225165419214,791.3000000000004,782.322516541921
6755,1355.810254040798,698.0999999999999,657.7102540407982
6756,1163.0340828479596,633.0999999999999,529.9340828479596
6757,970.2628632458462,560.8000000000002,409.46286324584605
6758,835.7710038080687,515.4000000000001,320.3710038080686
6759,704.3139166942268,476.79999999999995,227.51391669422685
6760,623.3131939272718,464.9000000000003,158.41319392727144
6761,653.7298868468217,486.5999999999996,167.1298868468221
6762,696.8521019178489,545.8,151.05210191784897
6763,764.8971311050412,621.0000000000002,143.897131105041
6764,783.189482041541,629.8,153.3894820415411
6765,827.7249419922932,671.2999999999998,156.42494199229338
6766,869.9214140653688,704.5,165.42141406536882
6767,920.4764605793412,748.9999999999997,171.4764605793415
6768,983.8674879519876,805.0000000000006,178.86748795198707
6769,0.0,581.9999999999999,-581.9999999999999
6770,0.0,625.9000000000002,-625.9000000000002
6771,0.0,647.9999999999999,-647.9999999999999
6772,0.0,671.5999999999999,-671.5999999999999
6773,0.0323801979222103,704.5,-704.4676198020778
6774,0.5094410042264503,741.8999999999999,-741.3905589957734
6775,2.063985520454757,749.5999999999997,-747.536014479545
6776,1832.4683202953563,988.4999999999998,843.9683202953565
6777,1720.8904959302874,936.8000000000001,784.0904959302874
6778,1568.7734739716825,859.5999999999997,709.1734739716828
6779,1371.048985618835,750.9999999999995,620.0489856188356
6780,1174.8022431934023,684.3,490.50224319340236
6781,992.5970720542676,618.7999999999998,373.7970720542678
6782,829.9962495578377,540.7000000000002,289.29624955783754
6783,696.5302039516815,500.8999999999997,195.63020395168184
6784,653.2069955317152,518.9000000000002,134.30699553171496
6785,676.0448203598631,593.4999999999999,82.54482035986325
6786,712.5578068502941,628.1,84.4578068502941
6787,834.8752688252497,749.3999999999996,85.47526882525005
6788,868.8117191142143,758.3999999999997,110.41171911421452
6789,924.0094979516064,797.3000000000004,126.70949795160595
6790,979.722423185246,833.7,146.022423185246
6791,1020.2347531304466,848.5999999999998,171.63475313044682
6792,1056.4617071777384,859.8999999999996,196.56170717773875
6793,0.0,628.8,-628.8
6794,0.0,632.5,-632.5
6795,0.0,605.0999999999997,-605.0999999999997
6796,0.0,602.9999999999997,-602.9999999999997
6797,0.0,597.7999999999998,-597.7999999999998
6798,0.2550048283026138,571.7000000000003,-571.4449951716977
6799,0.7130637733588538,607.8999999999996,-607.1869362266408
6800,1697.3972846812258,855.6999999999998,841.6972846812259
6801,1613.7453450186013,816.7999999999997,796.9453450186015
6802,1453.3778124612018,718.9999999999998,734.377812461202
6803,1307.0833851006134,671.8999999999999,635.1833851006136
6804,1164.5928559066251,596.0,568.5928559066251
6805,974.668664781267,562.8000000000003,411.8686647812667
6806,876.6417508514588,526.6999999999999,349.9417508514589
6807,752.675408041992,503.7999999999999,248.8754080419921
6808,699.5693236915446,462.0000000000003,237.5693236915443
6809,671.7424095143087,483.1999999999998,188.54240951430893
6810,694.3588307437352,525.1999999999998,169.1588307437354
6811,764.9066725650234,600.8999999999997,164.00667256502368
6812,789.0154180049666,619.8000000000001,169.21541800496652
6813,807.9138097646198,631.5,176.41380976461983
6814,826.0527638887088,641.4999999999999,184.5527638887089
6815,869.4108187137356,684.1999999999999,185.21081871373565
6816,890.3286578201678,693.5999999999998,196.728657820168
6817,0.0,451.9000000000002,-451.9000000000002
6818,0.0,461.90000000000026,-461.90000000000026
6819,0.0,467.6000000000003,-467.6000000000003
6820,0.0,492.69999999999976,-492.69999999999976
6821,0.0,455.2000000000001,-455.2000000000001
6822,0.0,453.1000000000001,-453.1000000000001
6823,0.0,452.40000000000015,-452.40000000000015
6824,1405.7461469990433,716.3999999999999,689.3461469990434
6825,1342.934918170796,714.8000000000001,628.1349181707959
6826,1221.765315188546,693.6999999999998,528.0653151885463
6827,1149.994272062167,631.4,518.5942720621671
6828,996.499600668442,549.4000000000001,447.0996006684419
6829,906.9560778469128,513.2,393.7560778469127
6830,790.2083116385212,511.8,278.4083116385212
6831,679.3002716021373,430.79999999999995,248.50027160213733
6832,657.0435352912666,450.5000000000002,206.54353529126638
6833,640.5701190967278,458.2000000000003,182.37011909672754
6834,628.2852755956517,447.8000000000003,180.4852755956514
6835,640.5240976468015,463.9000000000003,176.62409764680115
6836,638.9613415315022,465.20000000000033,173.76134153150184
6837,672.0540217943523,510.49999999999994,161.5540217943523
6838,692.7774621516202,535.0999999999999,157.67746215162026
6839,697.6802556128727,535.2999999999998,162.38025561287282
6840,724.5057764398763,565.1000000000003,159.40577643987604
6841,0.0,342.59999999999985,-342.59999999999985
6842,0.0,318.20000000000005,-318.20000000000005
6843,0.0,341.2,-341.2
6844,0.0,350.5999999999999,-350.5999999999999
6845,0.0,345.29999999999995,-345.29999999999995
6846,0.0,314.00000000000006,-314.00000000000006
6847,0.0,292.60000000000025,-292.60000000000025
6848,1088.820517127926,548.2,540.620517127926
6849,994.1739535722091,476.9,517.2739535722092
6850,870.2181537577296,436.5,433.7181537577296
6851,747.3418885102938,378.3,369.04188851029375
6852,643.8153994810419,310.60000000000014,333.2153994810418
6853,536.4134053302942,290.1000000000002,246.31340533029396
6854,469.67372470689423,272.8,196.87372470689422
6855,419.4513444819711,284.6000000000003,134.85134448197078
6856,368.96341652485705,286.2000000000003,82.76341652485678
6857,315.36968920035275,268.5000000000001,46.86968920035264
6858,307.4992481279529,266.9000000000001,40.59924812795282
6859,297.84934304477537,255.20000000000005,42.64934304477532
6860,307.77933976265484,278.7000000000002,29.079339762654627
6861,292.4347492471586,264.1000000000001,28.334749247158527
6862,283.40294569440624,259.19999999999993,24.20294569440631
6863,273.92728137210145,254.3,19.627281372101436
6864,260.0764997309322,244.79999999999993,15.276499730932272
6865,0.0,0.0,0.0
6866,0.0,0.0,0.0
6867,0.0,0.0,0.0
6868,0.0,0.0,0.0
6869,0.0,0.0,0.0
6870,0.0,0.0,0.0
6871,0.0,0.0,0.0
6872,378.2997930295072,0.0,378.2997930295072
6873,282.85871399407927,0.0,282.85871399407927
6874,193.0837118483816,0.0,193.0837118483816
6875,36.25176270539232,0.0,36.25176270539232
6876,0.0,0.0,0.0
6877,0.0,0.0,0.0
6878,0.0,0.0,0.0
6879,0.0,0.0,0.0
6880,0.0,0.0,0.0
6881,0.0,0.0,0.0
6882,0.0,0.0,0.0
6883,0.0,0.0,0.0
6884,0.0,0.0,0.0
6885,0.0,0.0,0.0
6886,0.0,0.0,0.0
6887,0.0,0.0,0.0
6888,0.0360681226535014,0.0,0.0360681226535014
6889,0.0,195.39999999999998,-195.39999999999998
6890,0.0,185.39999999999998,-185.39999999999998
6891,0.0,199.19999999999996,-199.19999999999996
6892,0.0,237.3,-237.3
6893,0.0,281.90000000000026,-281.90000000000026
6894,0.0,265.80000000000007,-265.80000000000007
6895,0.0,313.20000000000005,-313.20000000000005
6896,326.71922877576407,499.5999999999997,-172.88077122423562
6897,275.36935634265234,451.6000000000002,-176.23064365734785
6898,173.90258973646726,388.8000000000001,-214.89741026353286
6899,52.409903940371365,317.1,-264.6900960596287
6900,0.1681954560689208,221.6000000000001,-221.43180454393118
6901,0.0,166.29999999999998,-166.29999999999998
6902,0.0,102.19999999999999,-102.19999999999999
6903,0.0,65.09999999999997,-65.09999999999997
6904,0.0,70.59999999999997,-70.59999999999997
6905,0.0,136.20000000000002,-136.20000000000002
6906,0.0,189.8,-189.8
6907,0.0,262.40000000000003,-262.40000000000003
6908,0.0,342.4999999999999,-342.4999999999999
6909,0.0,364.69999999999993,-364.69999999999993
6910,0.2840781120325703,442.10000000000025,-441.8159218879677
6911,4.1861111521515975,484.9999999999998,-480.81388884784815
6912,26.86967974961197,535.1999999999999,-508.33032025038796
6913,0.0,266.1,-266.1
6914,0.0,291.6000000000002,-291.6000000000002
6915,0.0,313.50000000000006,-313.50000000000006
6916,0.0,334.7,-334.7
6917,0.0,322.7000000000001,-322.7000000000001
6918,0.0,310.90000000000015,-310.90000000000015
6919,0.0,286.40000000000026,-286.40000000000026
6920,442.96844126069794,517.0000000000001,-74.03155873930217
6921,364.4224967015514,448.70000000000033,-84.27750329844895
6922,270.3833954821597,410.89999999999986,-140.51660451784016
6923,171.7167524320655,369.2999999999999,-197.5832475679344
6924,98.77559359646185,275.4000000000001,-176.62440640353825
6925,0.476910642862593,180.49999999999991,-180.0230893571373
6926,0.0794980037877292,132.0,-131.92050199621227
6927,0.0,130.7,-130.7
6928,0.0,83.49999999999996,-83.49999999999996
6929,0.0,102.49999999999999,-102.49999999999999
6930,0.0,166.2,-166.2
6931,0.0,220.10000000000005,-220.10000000000005
6932,0.0,223.30000000000018,-223.30000000000018
6933,0.0346961396425034,219.8,-219.7653038603575
6934,0.276384369322154,258.79999999999995,-258.5236156306778
6935,0.8785896762104313,260.99999999999994,-260.1214103237895
6936,1.640720680916823,250.39999999999998,-248.75927931908316
6937,0.0,43.70000000000008,-43.70000000000008
6938,0.0,88.99999999999997,-88.99999999999997
6939,0.0,88.49999999999999,-88.49999999999999
6940,0.0,97.09999999999998,-97.09999999999998
6941,0.0,109.8,-109.8
6942,0.0,131.79999999999998,-131.79999999999998
6943,0.0,137.70000000000005,-137.70000000000005
6944,174.67482852054974,387.5000000000001,-212.82517147945038
6945,128.09383673086347,347.0,-218.90616326913653
6946,41.91229347108754,270.3,-228.38770652891247
6947,0.3685980458880756,179.99999999999994,-179.63140195411188
6948,0.0,113.30000000000004,-113.30000000000004
6949,0.0,103.19999999999997,-103.19999999999997
6950,0.0,90.89999999999996,-90.89999999999996
6951,0.0,96.0,-96.0
6952,0.0,91.49999999999999,-91.49999999999999
6953,0.0,129.89999999999998,-129.89999999999998
6954,0.0,163.90000000000006,-163.90000000000006
6955,0.0,229.30000000000018,-229.30000000000018
6956,0.0,285.90000000000026,-285.90000000000026
6957,0.0,339.50000000000006,-339.50000000000006
6958,0.0,381.40000000000015,-381.40000000000015
6959,0.3448033657360823,404.2000000000001,-403.855196634264
6960,6.43276692328302,470.8000000000001,-464.3672330767171
6961,0.0,233.80000000000004,-233.80000000000004
6962,0.0,272.1000000000001,-272.1000000000001
6963,0.0,314.6,-314.6
6964,0.0,365.79999999999995,-365.79999999999995
6965,0.0,392.70000000000016,-392.70000000000016
6966,0.0,425.0999999999998,-425.0999999999998
6967,0.0,457.7000000000002,-457.7000000000002
6968,561.4131901588504,699.1999999999999,-137.78680984114953
6969,573.9339011117006,717.9999999999998,-144.06609888829917
6970,528.8203159102704,688.1999999999999,-159.3796840897295
6971,427.3491571908979,596.6,-169.2508428091021
6972,298.2239875346613,518.4000000000002,-220.17601246533889
6973,212.97548720365916,483.2999999999998,-270.3245127963406
6974,115.1168337743794,447.1000000000004,-331.983166225621
6975,99.9234993018538,488.19999999999976,-388.276500698146
6976,99.23255857045454,502.5999999999998,-403.36744142954524
6977,130.58485075826798,521.4000000000001,-390.8151492417321
6978,243.82152323687333,609.6999999999998,-365.8784767631265
6979,372.4780425602283,703.0,-330.5219574397717
6980,465.1800090804757,750.8999999999995,-285.7199909195238
6981,562.2165003960847,802.9000000000005,-240.68349960391583
6982,670.5412125803203,869.8999999999999,-199.35878741967952
6983,758.1242113934885,905.5000000000008,-147.3757886065123
6984,847.2262651482602,947.0000000000001,-99.77373485173996
6985,0.0,746.4999999999998,-746.4999999999998
6986,0.0,761.6999999999998,-761.6999999999998
6987,0.0,790.2000000000006,-790.2000000000006
6988,0.1261774389254525,815.1999999999998,-815.0738225610744
6989,0.6539308262672677,848.8999999999997,-848.2460691737325
6990,1.5765156845935595,803.9000000000005,-802.323484315407
6991,5.15931491242403,784.1000000000005,-778.9406850875764
6992,1767.8908462335476,987.8999999999996,779.9908462335479
6993,1675.0934011277525,939.0,736.0934011277525
6994,1542.141074962577,879.5999999999998,662.5410749625772
6995,1365.2513284443933,786.9000000000008,578.3513284443925
6996,1173.1978254022697,669.4000000000001,503.7978254022696
6997,1025.8345825079532,641.4999999999999,384.3345825079533
6998,843.4947947121653,558.1000000000004,285.394794712165
6999,731.00366469311,521.7,209.3036646931099
7000,706.9822811172261,557.8000000000003,149.18228111722578
7001,679.5416960852851,550.4000000000001,129.14169608528505
7002,743.1014740983554,618.1999999999999,124.9014740983555
7003,828.1554882148811,702.6999999999999,125.45548821488114
7004,893.5394374275562,761.8999999999999,131.63943742755635
7005,947.9070994435324,801.1000000000005,146.8070994435319
7006,998.2521300699487,833.4,164.85213006994877
7007,1054.344755972766,872.0999999999999,182.24475597276614
7008,1115.2593304092472,914.0000000000005,201.2593304092468
7009,0.0,700.2999999999998,-700.2999999999998
7010,0.0,691.3999999999999,-691.3999999999999
7011,0.0,738.8,-738.8
7012,0.1519303887362674,768.7,-768.5480696112638
7013,0.8568091675942233,802.5000000000007,-801.6431908324065
7014,5.481812423347395,829.1999999999999,-823.7181875766526
7015,19.26285694169732,878.3999999999996,-859.1371430583023
7016,2081.4086896273734,1114.5999999999997,966.8086896273737
7017,1993.6699890906652,1069.8,923.8699890906653
7018,1842.4409973952609,1000.8999999999999,841.540997395261
7019,1663.4056052043954,917.2000000000004,746.205605204395
7020,1508.144239918023,851.3000000000001,656.8442399180229
7021,1292.0928546196296,751.8999999999995,540.1928546196301
7022,1148.7786082375742,703.9,444.8786082375742
7023,1037.7036138386816,678.4000000000001,359.3036138386815
7024,1002.2436940943882,701.1999999999999,301.04369409438823
7025,1008.6713663317432,740.9999999999998,267.67136633174346
7026,1079.054593022962,805.6000000000005,273.4545930229616
7027,1138.3772152600266,857.6999999999997,280.67721526002686
7028,1168.52651720401,871.5999999999999,296.92651720401
7029,1169.433157424878,848.3999999999999,321.033157424878
7030,1203.7690108085333,872.8,330.9690108085333
7031,1271.1599209455007,940.2,330.9599209455007
7032,1313.5740732234806,966.8999999999999,346.6740732234807
7033,0.0,670.5999999999998,-670.5999999999998
7034,0.0,690.9999999999999,-690.9999999999999
7035,0.0,701.5,-701.5
7036,0.2675565945483825,705.9000000000001,-705.6324434054517
7037,0.9620898463588502,714.1000000000001,-713.1379101536413
7038,5.239408099133168,724.0999999999997,-718.8605919008666
7039,12.190290223507052,703.5999999999999,-691.4097097764928
7040,1982.6863532822783,904.7000000000007,1077.9863532822776
7041,1892.8879483855767,849.8999999999999,1042.9879483855768
7042,1752.680823206354,828.2999999999998,924.3808232063542
7043,1576.5056144398843,764.2999999999998,812.2056144398845
7044,1388.3498362835087,641.8,746.5498362835087
7045,1230.518796822898,619.5,611.0187968228979
7046,1105.1268430089633,628.4000000000001,476.7268430089632
7047,985.9574645035084,591.8999999999999,394.0574645035085
7048,902.6052715459788,573.4000000000002,329.2052715459786
7049,883.9183276596987,584.7,299.2183276596986
7050,947.765782152328,656.0000000000001,291.7657821523279
7051,997.952083093757,715.2,282.75208309375694
7052,1035.4958017598449,752.5999999999995,282.8958017598454
7053,1081.3222134939888,798.3000000000004,283.0222134939884
7054,1121.3369463830893,831.6000000000001,289.73694638308916
7055,1174.4283818120864,877.7999999999997,296.6283818120867
7056,1206.5134410173107,894.6000000000005,311.9134410173102
7057,0.0,623.6000000000003,-623.6000000000003
7058,0.0,647.1999999999998,-647.1999999999998
7059,0.0,702.0999999999999,-702.0999999999999
7060,0.0615226948936751,733.0,-732.9384773051063
7061,0.469615779651645,704.2,-703.7303842203484
7062,1.8967182217389464,709.2000000000004,-707.3032817782614
7063,5.956334130426576,685.2000000000002,-679.2436658695735
7064,1914.797374341859,891.1000000000004,1023.6973743418587
7065,1837.0191280236584,858.5999999999998,978.4191280236586
7066,1736.206881423068,809.4000000000001,926.8068814230678
7067,1608.2360498964738,752.5999999999995,855.6360498964743
7068,1388.7800962614986,667.4000000000002,721.3800962614984
7069,1233.3555996153675,631.4,601.9555996153675
7070,1078.830645949933,594.5999999999999,484.230645949933
7071,984.137379172042,590.4999999999999,393.6373791720421
7072,919.3468725561148,586.2999999999998,333.046872556115
7073,936.1310175881276,637.1999999999998,298.9310175881278
7074,961.1271400482506,659.4000000000003,301.72714004825025
7075,1026.8621011656928,737.5,289.3621011656928
7076,1078.77381478369,793.0000000000003,285.7738147836898
7077,1126.4543663157242,836.0999999999999,290.3543663157243
7078,1136.5323040337469,828.5999999999999,307.93230403374696
7079,1214.4556627711186,909.3000000000006,305.15566277111793
7080,1250.1605641551944,928.2000000000003,321.9605641551941
7081,0.0,702.9,-702.9
7082,0.0,708.7000000000003,-708.7000000000003
7083,0.0,736.4999999999999,-736.4999999999999
7084,0.194212359344759,722.6999999999998,-722.5057876406551
7085,0.7161385183303136,703.0,-702.2838614816696
7086,3.0963538227308014,702.9,-699.8036461772692
7087,11.033699761325174,729.4999999999999,-718.4663002386748
7088,1980.610577557415,920.6000000000004,1060.0105775574145
7089,1822.1653403087653,824.5999999999997,997.5653403087656
7090,1680.9268305790995,772.4000000000001,908.5268305790994
7091,1466.1299824284251,669.6000000000001,796.529982428425
7092,1276.2738283375309,603.3999999999997,672.8738283375311
7093,1098.4316702596318,545.4,553.0316702596318
7094,941.3632069477148,516.0000000000002,425.3632069477146
7095,825.1286984176114,482.2999999999998,342.82869841761163
7096,795.493154281343,506.79999999999984,288.69315428134314
7097,772.4625941503812,512.8000000000001,259.6625941503811
7098,793.3432327835777,534.0999999999998,259.2432327835779
7099,821.1066850341768,572.1000000000003,249.0066850341766
7100,843.8877992940867,601.9999999999997,241.88779929408702
7101,856.4037473550504,615.1999999999999,241.2037473550505
7102,906.6102826424705,675.3000000000001,231.31028264247038
7103,915.8156043241896,675.3000000000001,240.51560432418955
7104,937.283589114352,691.3999999999999,245.88358911435216
7105,0.0,448.80000000000035,-448.80000000000035
7106,0.0,442.40000000000026,-442.40000000000026
7107,0.0,491.5999999999997,-491.5999999999997
7108,0.0,512.0,-512.0
7109,0.0,516.9000000000001,-516.9000000000001
7110,0.0,502.39999999999975,-502.39999999999975
7111,0.0,500.09999999999974,-500.09999999999974
7112,1549.70167673805,807.4000000000001,742.30167673805
7113,1456.9237758052527,754.5999999999995,702.3237758052533
7114,1298.330944823776,674.3000000000001,624.0309448237759
7115,1140.4710915647702,606.9999999999997,533.4710915647705
7116,1000.438517734616,523.9,476.538517734616
7117,910.180099759695,472.3999999999999,437.78009975969513
7118,805.6824645291185,484.1999999999998,321.4824645291187
7119,722.4774897277202,505.8999999999999,216.57748972772032
7120,688.3627772362215,535.7999999999998,152.56277723622168
7121,705.5020309347448,575.9000000000001,129.60203093474468
7122,799.6592084484796,668.6000000000001,131.05920844847947
7123,859.2026765570012,721.7999999999997,137.40267655700143
7124,874.4093382449806,714.1000000000001,160.3093382449805
7125,916.7081138681804,745.8999999999996,170.80811386818073
7126,928.068070047147,734.4999999999999,193.5680700471471
7127,933.8463017353732,720.0999999999998,213.74630173537344
7128,973.5658311624298,752.7999999999995,220.76583116243035
7129,0.0,524.3,-524.3
7130,0.0,552.1,-552.1
7131,0.0,550.6000000000001,-550.6000000000001
7132,0.0,566.0000000000003,-566.0000000000003
7133,0.0,528.3999999999999,-528.3999999999999
7134,0.0,524.3,-524.3
7135,0.2051166936702236,497.8999999999997,-497.6948833063295
7136,1534.9627704471447,736.8999999999999,798.0627704471449
7137,1426.2497721718623,688.1999999999999,738.0497721718624
7138,1288.9242079874257,623.2000000000003,665.7242079874254
7139,1122.7474734286543,542.9,579.8474734286543
7140,955.9950832512252,507.0999999999998,448.8950832512254
7141,740.8559088435381,388.40000000000015,352.455908843538
7142,580.733586593925,342.29999999999995,238.43358659392504
7143,494.9414006919749,351.1999999999998,143.74140069197506
7144,445.8527862784453,359.00000000000006,86.85278627844525
7145,512.9066776035804,440.00000000000017,72.90667760358025
7146,527.3729466609027,450.10000000000025,77.27294666090245
7147,583.7379396204386,514.9000000000001,68.83793962043853
7148,633.2921427607304,565.7000000000003,67.5921427607301
7149,656.8303746252627,578.0,78.83037462526272
7150,679.7985106203054,588.0999999999999,91.69851062030546
7151,724.3920267712031,628.1,96.29202677120304
7152,756.5737460116419,647.5999999999998,108.9737460116421
7153,0.0,446.6000000000004,-446.6000000000004
7154,0.0,480.5999999999999,-480.5999999999999
7155,0.0,497.39999999999975,-497.39999999999975
7156,0.0,517.9000000000002,-517.9000000000002
7157,0.0,524.5999999999999,-524.5999999999999
7158,0.0,509.40000000000003,-509.40000000000003
7159,0.0,491.6999999999997,-491.6999999999997
7160,1319.302705549711,659.9000000000003,659.4027055497106
7161,1213.3968767755837,607.8999999999996,605.496876775584
7162,1034.0509450839634,498.1999999999997,535.8509450839637
7163,866.6952948865783,421.5999999999998,445.0952948865785
7164,673.5365133217144,342.4999999999999,331.03651332171455
7165,484.8239208768785,274.5000000000001,210.3239208768784
7166,339.59621103170934,233.20000000000005,106.3962110317093
7167,253.64501579816093,243.49999999999997,10.145015798160955
7168,206.1640834555343,252.0,-45.835916544465704
7169,198.33114870615012,270.80000000000007,-72.46885129384995
7170,276.3978030420969,353.99999999999983,-77.60219695790295
7171,332.29920667719205,410.4999999999999,-78.20079332280784
7172,363.295019557294,431.09999999999997,-67.80498044270598
7173,409.1061712859663,470.8000000000001,-61.69382871403383
7174,451.0996914192738,502.7999999999998,-51.70030858072596
7175,483.9382287490548,519.7000000000002,-35.761771250945344
7176,552.6038815513008,584.2,-31.596118448699258
7177,0.0,360.59999999999997,-360.59999999999997
7178,0.0,344.0999999999999,-344.0999999999999
7179,0.0,318.4000000000001,-318.4000000000001
7180,0.0,322.90000000000015,-322.90000000000015
7181,0.0,302.5000000000001,-302.5000000000001
7182,0.0,258.4,-258.4
7183,0.0,257.1,-257.1
7184,867.748966300587,480.89999999999986,386.8489663005871
7185,790.2716970715094,461.2000000000003,329.0716970715091
7186,633.3306471885438,371.5,261.8306471885438
7187,452.4833105556787,280.60000000000025,171.88331055567846
7188,265.1411866105091,193.9,71.24118661050912
7189,65.06002890652518,78.39999999999998,-13.339971093474801
7190,0.0019465501843548,0.0,0.0019465501843548
7191,0.0,0.0,0.0
7192,0.0,0.0,0.0
7193,0.0,11.599999999999978,-11.599999999999978
7194,0.0,47.40000000000006,-47.40000000000006
7195,0.0,111.4,-111.4
7196,0.0,151.20000000000005,-151.20000000000005
7197,0.0,174.8999999999999,-174.8999999999999
7198,0.0,214.6,-214.6
7199,0.1945887472005447,266.9000000000001,-266.70541125279954
7200,0.927997518124116,270.3,-269.3720024818759
7201,0.0,48.00000000000007,-48.00000000000007
7202,0.0,113.80000000000003,-113.80000000000003
7203,0.0,105.09999999999998,-105.09999999999998
7204,0.0,133.90000000000003,-133.90000000000003
7205,0.0,132.39999999999998,-132.39999999999998
7206,0.0,177.29999999999993,-177.29999999999993
7207,0.0,211.59999999999994,-211.59999999999994
7208,339.2199737014158,495.4999999999998,-156.28002629858395
7209,260.5399071808952,407.3,-146.76009281910478
7210,193.72814189708384,380.2000000000001,-186.47185810291626
7211,81.578458887121,328.3,-246.721541112879
7212,5.5125716950193695,258.49999999999994,-252.98742830498057
7213,0.0,207.19999999999996,-207.19999999999996
7214,0.0,183.89999999999998,-183.89999999999998
7215,0.0,122.89999999999998,-122.89999999999998
7216,0.0,83.29999999999997,-83.29999999999997
7217,0.0,124.89999999999998,-124.89999999999998
7218,0.0,194.99999999999997,-194.99999999999997
7219,0.0,302.4000000000001,-302.4000000000001
7220,0.2492967406481417,381.60000000000014,-381.350703259352
7221,2.4604033394890936,400.4000000000002,-397.9395966605111
7222,8.20299665737502,397.3000000000002,-389.09700334262516
7223,39.27389419688292,454.70000000000016,-415.42610580311725
7224,90.1521584553569,483.2999999999998,-393.1478415446429
7225,0.0,310.3000000000001,-310.3000000000001
7226,0.0,306.79999999999995,-306.79999999999995
7227,0.0,295.2000000000001,-295.2000000000001
7228,0.0,291.50000000000017,-291.50000000000017
7229,0.0,292.7000000000002,-292.7000000000002
7230,0.0,314.00000000000006,-314.00000000000006
7231,0.0,287.2000000000002,-287.2000000000002
7232,547.69450768796,509.5,38.19450768796003
7233,498.0270862610661,454.70000000000016,43.327086261065915
7234,391.139438190045,391.80000000000007,-0.6605618099550838
7235,309.9868273339699,372.2,-62.21317266603006
7236,169.46901923089507,275.4000000000001,-105.93098076910502
7237,61.009165231055135,229.60000000000016,-168.59083476894503
7238,93.60537204175182,217.69999999999993,-124.09462795824811
7239,42.83577042323184,222.90000000000015,-180.0642295767683
7240,16.428475408292655,213.09999999999997,-196.6715245917073
7241,26.685676078849237,202.29999999999995,-175.6143239211507
7242,32.13538080403436,201.19999999999996,-169.0646191959656
7243,56.60787289454004,239.00000000000003,-182.39212710546
7244,88.34835068653885,279.10000000000025,-190.7516493134614
7245,81.92612930808066,250.39999999999998,-168.47387069191933
7246,92.4968797971321,253.59999999999997,-161.10312020286787
7247,120.33893003949328,284.8000000000003,-164.46106996050702
7248,142.12078714416265,301.5000000000001,-159.37921285583747
7249,0.0,56.20000000000002,-56.20000000000002
7250,0.0,67.79999999999995,-67.79999999999995
7251,0.0,83.59999999999997,-83.59999999999997
7252,0.0,116.90000000000003,-116.90000000000003
7253,0.0,133.70000000000002,-133.70000000000002
7254,0.0,129.5,-129.5
7255,0.0,131.79999999999998,-131.79999999999998
7256,395.5040091216034,369.89999999999986,25.604009121603553
7257,395.9184108679322,374.9,21.018410867932232
7258,338.3645203698632,352.7999999999999,-14.435479630136683
7259,243.6137618192111,302.30000000000007,-58.68623818078896
7260,157.53609700344893,257.7,-100.16390299655106
7261,41.79526985303187,188.1,-146.30473014696813
7262,46.72642143830683,204.09999999999997,-157.37357856169314
7263,37.44255535767178,216.19999999999996,-178.75744464232818
7264,14.733143873273102,208.59999999999994,-193.86685612672684
7265,49.36264486244829,275.9000000000002,-226.5373551375519
7266,107.88775830933098,328.5,-220.612241690669
7267,123.51321055816877,324.3,-200.78678944183125
7268,154.5679940729828,344.1999999999999,-189.63200592701708
7269,220.295328585864,410.19999999999993,-189.90467141413592
7270,248.4748207731596,417.9999999999998,-169.52517922684018
7271,266.2102368482419,413.39999999999986,-147.18976315175797
7272,319.31063442542563,456.70000000000016,-137.38936557457453
7273,0.0,227.6000000000002,-227.6000000000002
7274,0.0,217.09999999999997,-217.09999999999997
7275,0.0,191.6,-191.6
7276,0.0,180.7999999999999,-180.7999999999999
7277,0.0,158.39999999999998,-158.39999999999998
7278,0.0,205.99999999999997,-205.99999999999997
7279,0.0,186.70000000000002,-186.70000000000002
7280,594.8725810404088,425.7999999999998,169.07258104040903
7281,577.2486607602996,417.29999999999984,159.94866076029973
7282,541.542536477054,403.3000000000002,138.24253647705382
7283,538.3661811693502,421.6999999999998,116.66618116935035
7284,499.6546800989907,412.0999999999999,87.55468009899079
7285,502.8627379884453,427.29999999999984,75.56273798844546
7286,480.6233120947635,409.09999999999985,71.52331209476364
7287,456.2939727117296,424.39999999999986,31.89397271172976
7288,419.469079047498,389.8000000000001,29.66907904749786
7289,413.77990337277146,375.2,38.57990337277147
7290,444.4809036843532,409.29999999999984,35.18090368435338
7291,471.2631974372359,438.8000000000001,32.46319743723575
7292,481.5823644923183,442.10000000000025,39.48236449231803
7293,475.7959387618224,425.1999999999998,50.595938761822595
7294,495.4577897674576,445.30000000000035,50.157789767457245
7295,495.8084777426404,438.9000000000001,56.90847774264029
7296,504.6071210565085,442.5000000000003,62.10712105650822
7297,0.0,299.00000000000017,-299.00000000000017
7298,0.0,386.80000000000035,-386.80000000000035
7299,0.0,449.4000000000002,-449.4000000000002
7300,0.0,469.5000000000002,-469.5000000000002
7301,0.0,544.0000000000001,-544.0000000000001
7302,0.0,621.0,-621.0
7303,0.0,662.3000000000003,-662.3000000000003
7304,1026.316985118144,1093.7,-67.38301488185607
7305,1002.4361956627372,1082.6000000000004,-80.16380433726317
7306,1001.3844778267844,1159.6999999999998,-158.3155221732154
7307,969.6218438290496,1137.1000000000001,-167.47815617095057
7308,888.4081882381394,1081.7000000000003,-193.2918117618609
7309,841.8273020222385,1070.6000000000004,-228.77269797776182
7310,830.1792651431098,1065.4000000000005,-235.22073485689077
7311,796.3448389204954,1115.9999999999995,-319.6551610795042
7312,814.3292417625482,1122.7999999999997,-308.4707582374515
7313,844.9588514086444,1176.4999999999995,-331.5411485913552
7314,937.8010122828828,1323.4000000000005,-385.5989877171178
7315,1015.344150792473,1437.3000000000009,-421.9558492075279
7316,1019.4940623429808,1383.6,-364.1059376570191
7317,1049.502689212606,1396.599999999999,-347.0973107873931
7318,1087.0150480668883,1429.4999999999998,-342.48495193311146
7319,1130.7960257788652,1474.9000000000005,-344.10397422113533
7320,1188.8821359969772,1550.6999999999996,-361.81786400302235
7321,0.0,1189.2000000000005,-1189.2000000000005
7322,0.0,1219.0999999999995,-1219.0999999999995
7323,0.0,1253.5,-1253.5
7324,0.3941000947096519,1289.999999999999,-1289.6058999052893
7325,1.328213955317323,1257.7000000000005,-1256.3717860446832
7326,4.374770995495058,1202.0000000000005,-1197.6252290045054
7327,12.710721586024572,1234.7,-1221.9892784139754
7328,1981.7363267407832,1602.399999999999,379.3363267407842
7329,1879.6693808353652,1520.6000000000001,359.0693808353651
7330,1743.7168159750474,1403.5999999999995,340.116815975048
7331,1607.3468251688864,1269.6999999999991,337.6468251688873
7332,1428.655187537254,1121.3,307.3551875372541
7333,1268.062432490647,1078.8000000000006,189.26243249064646
7334,1108.8453310842688,991.3000000000003,117.54533108426847
7335,1004.2185663323584,938.7999999999998,65.41856633235852
7336,941.689060519796,937.8000000000001,3.889060519795976
7337,924.796447464606,943.5000000000002,-18.703552535394238
7338,960.9150641544032,1019.8000000000001,-58.88493584559683
7339,957.4068463172227,1024.8999999999999,-67.49315368277712
7340,970.645863849258,1063.7000000000003,-93.05413615074224
7341,991.4244086536188,1114.1,-122.67559134638111
7342,989.6492818078368,1109.7999999999997,-120.15071819216291
7343,1030.5499161061032,1197.0000000000007,-166.4500838938975
7344,1035.8395885147945,1196.8000000000009,-160.96041148520635
7345,0.0,820.4999999999999,-820.4999999999999
7346,0.0,817.7999999999996,-817.7999999999996
7347,0.0,849.3000000000001,-849.3000000000001
7348,0.0,853.8000000000001,-853.8000000000001
7349,0.0,827.5999999999997,-827.5999999999997
7350,0.0,857.4999999999999,-857.4999999999999
7351,0.1406226800347713,859.4000000000002,-859.2593773199654
7352,1565.7043230768747,1211.1999999999996,354.50432307687515
7353,1496.9205131738129,1182.8000000000002,314.1205131738127
7354,1393.3459237580223,1133.6999999999998,259.6459237580225
7355,1274.3697397513345,1098.8000000000004,175.56973975133405
7356,1165.2527859384602,1022.2000000000002,143.05278593846003
7357,1065.857830026281,965.3999999999993,100.45783002628161
7358,939.1673631093375,915.4999999999998,23.66736310933777
7359,890.7294180069166,846.8,43.92941800691665
7360,848.1095003654708,834.7999999999998,13.309500365470967
7361,840.2203472669675,860.6999999999999,-20.47965273303248
7362,830.1694904334265,851.6000000000001,-21.43050956657362
7363,804.0303072050654,818.4999999999997,-14.469692794934303
7364,769.7024743577798,770.4000000000007,-0.6975256422208531
7365,775.206816735609,813.3,-38.09318326439097
7366,767.8229986008032,818.8999999999997,-51.07700139919655
7367,751.4968730352247,802.8999999999996,-51.40312696477497
7368,713.259701933776,740.4999999999997,-27.24029806622366
7369,0.0,254.29999999999984,-254.29999999999984
7370,0.0,266.1999999999998,-266.1999999999998
7371,0.0,310.3000000000001,-310.3000000000001
7372,0.0,345.5999999999999,-345.5999999999999
7373,0.0,460.5000000000002,-460.5000000000002
7374,0.0,515.4999999999998,-515.4999999999998
7375,0.0,449.50000000000017,-449.50000000000017
7376,1014.8180951258956,851.1,163.71809512589562
7377,980.760880980065,880.3000000000002,100.46088098006487
7378,864.3702622348939,799.6999999999996,64.67026223489427
7379,712.7566145164658,677.0000000000002,35.75661451646556
7380,559.7347410825971,555.7,4.0347410825970655
7381,412.654214696356,458.60000000000014,-45.94578530364413
7382,261.8639514687958,352.99999999999983,-91.13604853120404
7383,208.72583910298096,382.80000000000024,-174.07416089701928
7384,179.2823056579921,397.10000000000014,-217.81769434200802
7385,204.00511172570936,446.99999999999994,-242.9948882742906
7386,257.7546766440269,544.8,-287.04532335597304
7387,308.91528535470775,639.7,-330.7847146452923
7388,310.7476397998864,618.0000000000001,-307.25236020011374
7389,313.187876434991,601.5,-288.312123565009
7390,335.16927257174297,633.2,-298.0307274282571
7391,362.073016717031,671.6000000000005,-309.52698328296947
7392,405.8988829443734,741.8999999999996,-336.00111705562625
7393,0.0,304.30000000000024,-304.30000000000024
7394,0.0,330.20000000000005,-330.20000000000005
7395,0.0,305.40000000000026,-305.40000000000026
7396,0.0,324.20000000000016,-324.20000000000016
7397,0.0,350.79999999999995,-350.79999999999995
7398,0.0,361.9999999999996,-361.9999999999996
7399,0.0,292.80000000000007,-292.80000000000007
7400,658.0012795433187,683.2,-25.19872045668137
7401,634.1806740497459,691.0999999999999,-56.919325950254006
7402,570.3494908366888,673.6000000000004,-103.25050916331156
7403,490.2107037015261,690.9999999999999,-200.7892962984738
7404,432.8570582562675,633.9000000000001,-201.04294174373257
7405,370.8544773357479,506.9999999999999,-136.14552266425198
7406,305.6173141097568,445.5,-139.88268589024318
7407,219.51014035077748,429.5000000000002,-209.98985964922275
7408,212.76743056424704,493.5,-280.73256943575296
7409,258.1885439862386,563.5000000000001,-305.31145601376153
7410,295.73107407785324,616.9000000000002,-321.16892592214697
7411,320.81165951292417,647.0999999999998,-326.28834048707563
7412,347.27991594310333,679.7000000000002,-332.4200840568968
7413,357.22861522002194,674.9000000000004,-317.6713847799785
7414,364.38189140589424,666.3000000000005,-301.9181085941063
7415,363.8387805040507,643.8999999999999,-280.06121949594916
7416,349.1360826245541,595.5999999999998,-246.4639173754457
7417,0.0,127.09999999999994,-127.09999999999994
7418,0.0,190.0999999999999,-190.0999999999999
7419,0.0,262.49999999999966,-262.49999999999966
7420,0.0,249.40000000000003,-249.40000000000003
7421,0.0,281.1000000000001,-281.1000000000001
7422,0.0,346.39999999999986,-346.39999999999986
7423,0.0,264.0999999999997,-264.0999999999997
7424,602.4984184870035,655.9999999999999,-53.50158151299638
7425,574.0183108979493,632.9999999999999,-58.98168910205061
7426,549.873194700578,619.4000000000001,-69.52680529942211
7427,498.928966413332,610.0000000000001,-111.07103358666814
7428,475.6188774759405,651.7999999999996,-176.1811225240591
7429,349.17421046974226,548.4,-199.2257895302577
7430,306.3628165539476,543.5000000000001,-237.13718344605252
7431,245.69459101882904,524.2999999999998,-278.6054089811708
7432,241.1434465177252,581.6999999999999,-340.5565534822747
7433,283.154061333459,671.4000000000005,-388.2459386665415
7434,325.79269257930616,704.1999999999992,-378.4073074206931
7435,361.08976293957664,743.5999999999997,-382.51023706042304
7436,420.5530453653136,835.6999999999997,-415.1469546346861
7437,495.8627907055175,951.6000000000001,-455.7372092944826
7438,532.592249964641,975.1999999999997,-442.60775003535866
7439,551.0383670488313,961.1999999999999,-410.1616329511686
7440,608.1141798820462,1036.6000000000001,-428.48582011795395
7441,0.0,681.1,-681.1
7442,0.0,730.1999999999998,-730.1999999999998
7443,0.0,775.9000000000007,-775.9000000000007
7444,0.0,863.9000000000001,-863.9000000000001
7445,0.0,932.8999999999996,-932.8999999999996
7446,0.0,1046.9,-1046.9
7447,0.0,1110.1999999999996,-1110.1999999999996
7448,1417.2857782186425,1477.6000000000004,-60.3142217813579
7449,1398.812509882873,1500.6999999999998,-101.88749011712684
7450,1328.8049530024557,1431.0,-102.1950469975443
7451,1206.455674288724,1305.799999999999,-99.34432571127513
7452,1065.035025082178,1200.7000000000005,-135.66497491782252
7453,948.8489513292442,1144.7000000000003,-195.8510486707561
7454,837.6239642467718,1050.1999999999998,-212.57603575322798
7455,782.1205014285953,1045.6,-263.47949857140463
7456,784.1175050654371,1109.0999999999997,-324.9824949345626
7457,853.141475941652,1220.8999999999996,-367.7585240583477
7458,959.6556534834205,1386.2999999999993,-426.6443465165788
7459,1009.5535972496187,1430.8999999999999,-421.3464027503811
7460,1065.874915569873,1490.199999999999,-424.3250844301258
7461,1131.8089173095432,1568.0999999999997,-436.2910826904565
7462,1231.0904053611405,1711.7,-480.60959463885956
7463,1303.628261520189,1787.4999999999998,-483.8717384798108
7464,1364.269583681756,1834.8000000000006,-470.53041631824453
7465,0.0,1507.4999999999998,-1507.4999999999998
7466,0.0721793879902177,1541.8000000000004,-1541.7278206120102
7467,1.013215807450215,1573.6000000000001,-1572.5867841925499
7468,7.771077217795297,1588.5000000000005,-1580.7289227822052
7469,24.82317918781424,1622.1000000000004,-1597.276820812186
7470,56.87931038403727,1622.3000000000002,-1565.4206896159628
7471,111.29674888238289,1617.6999999999998,-1506.403251117617
7472,2405.11826024634,2002.1999999999985,402.91826024634156
7473,2343.162694265988,1989.9999999999993,353.1626942659889
7474,2270.161876772193,1979.1000000000006,291.06187677219236
7475,2216.3164415349543,1943.9999999999993,272.31644153495495
7476,2112.9229271893414,1924.6,188.3229271893415
7477,1965.7965327251804,1811.6000000000001,154.1965327251803
7478,1917.1626429967876,1800.1,117.06264299678764
7479,1888.6516465098296,1769.5,119.15164650982956
7480,1841.795010238137,1763.0,78.79501023813691
7481,1839.1341801595768,1768.2999999999995,70.83418015957727
7482,1851.9733985647815,1803.5999999999997,48.37339856478184
7483,1846.5999740676964,1802.8,43.79997406769644
7484,1854.6435427247152,1831.3000000000009,23.343542724714325
7485,1842.3915215168583,1809.3999999999994,32.99152151685894
7486,1834.9655620654448,1801.3999999999999,33.565562065444965
7487,1847.1917507909573,1835.7000000000005,11.491750790956758
7488,1862.685241383764,1872.0999999999995,-9.414758616235531
7489,0.3842144360947024,1453.0000000000002,-1452.6157855639055
7490,7.534239527288103,1472.7000000000005,-1465.1657604727125
7491,24.67010799274687,1463.4,-1438.7298920072533
7492,73.90092947641789,1529.7000000000014,-1455.7990705235836
7493,134.961642579231,1506.0,-1371.038357420769
7494,196.87149866297028,1457.4000000000003,-1260.52850133703
7495,267.5236186344084,1436.7000000000007,-1169.1763813655923
7496,2663.0602270515124,1923.3,739.7602270515124
7497,2602.601150085221,1934.4999999999998,668.1011500852212
7498,2426.7403779878696,1771.8,654.9403779878696
7499,2268.253045446852,1714.7000000000012,553.5530454468508
7500,2042.3361631611704,1532.9000000000015,509.4361631611689
7501,1872.0515996717768,1450.4000000000005,421.65159967177624
7502,1739.3213721991035,1431.0,308.3213721991035
7503,1651.2073942168036,1420.3999999999994,230.80739421680414
7504,1619.7375689112844,1465.2000000000003,154.5375689112841
7505,1624.2781942128952,1535.7000000000007,88.57819421289446
7506,1658.4938188231476,1611.9999999999995,46.4938188231481
7507,1690.9599032545718,1696.3000000000002,-5.3400967454283546
7508,1723.49499779011,1769.5,-46.00500220989011
7509,1774.3308704330464,1873.6999999999991,-99.36912956695278
7510,1805.1967003199563,1921.0000000000002,-115.80329968004389
7511,1819.2075600024536,1928.0000000000002,-108.79243999754658
7512,1859.7979529269917,1995.2999999999993,-135.5020470730076
7513,0.3007722870850875,1636.2000000000005,-1635.8992277129155
7514,6.102526144684448,1573.5,-1567.3974738553156
7515,24.978410511092648,1569.7,-1544.7215894889073
7516,67.52203854180077,1557.799999999999,-1490.2779614581982
7517,145.75742694117727,1582.8000000000013,-1437.042573058824
7518,224.5914829298532,1557.5999999999992,-1333.008517070146
7519,316.899227857122,1564.1999999999994,-1247.3007721428773
7520,2691.0182672711,1953.4000000000003,737.6182672710995
7521,2616.9943196509257,1929.3,687.6943196509258
7522,2521.290001820344,1873.799999999999,647.490001820345
7523,2437.267273642264,1831.700000000001,605.5672736422632
7524,2313.34656213294,1796.0999999999997,517.2465621329404
7525,2192.95893653341,1789.3999999999994,403.5589365334106
7526,2092.02509782692,1742.9999999999995,349.0250978269205
7527,1987.771876805636,1657.6000000000004,330.17187680563575
7528,1952.1212045301893,1720.0000000000005,232.12120453018883
7529,1963.4740573959127,1803.6999999999998,159.7740573959129
7530,1960.1842197133844,1808.7999999999993,151.38421971338516
7531,1945.2931347103097,1803.6999999999998,141.59313471030987
7532,1933.154499385677,1803.8,129.35449938567695
7533,1940.383107224758,1843.6,96.78310722475817
7534,1955.6375125488007,1894.6999999999998,60.937512548800896
7535,1921.2200937339728,1829.5000000000007,91.72009373397213
7536,1928.4010946198,1860.8999999999985,67.5010946198015
7537,0.2112286397355099,1384.7999999999997,-1384.5887713602642
7538,9.094340863357246,1482.9999999999995,-1473.9056591366423
7539,38.19007391139112,1536.3000000000009,-1498.1099260886097
7540,89.07831091400378,1509.3,-1420.221689085996
7541,168.12180036804838,1520.0,-1351.8781996319517
7542,254.6088813375612,1520.0,-1265.3911186624389
7543,333.5590289460992,1502.4999999999998,-1168.9409710539005
7544,2743.5115236859237,1971.800000000002,771.7115236859217
7545,2683.261031282217,2000.4999999999984,682.7610312822187
7546,2571.5745851210527,1956.2000000000005,615.3745851210522
7547,2484.4182383738416,1963.800000000001,520.6182383738405
7548,2406.8014990919337,1944.8999999999994,461.9014990919343
7549,2263.7030608387854,1885.1,378.6030608387855
7550,2157.247756593381,1797.6999999999996,359.54775659338134
7551,2108.799489998341,1803.3999999999999,305.3994899983411
7552,2083.3512220984285,1863.4999999999989,219.85122209842962
7553,2068.8831069390603,1868.3999999999994,200.48310693906092
7554,2134.466586041783,2036.1999999999994,98.26658604178374
7555,2166.1533791014467,2116.5000000000014,49.65337910144535
7556,2136.1579479649195,2054.0999999999995,82.05794796492
7557,2146.0315045045704,2083.2000000000016,62.831504504568784
7558,2172.472200178884,2146.3,26.17220017888394
7559,2201.634660333299,2204.6999999999994,-3.0653396667003108
7560,2240.8275236180903,2279.1000000000004,-38.27247638191011
7561,47.454748174419365,1866.4999999999995,-1819.0452518255802
7562,135.73718359246263,1859.9999999999989,-1724.2628164075363
7563,266.8301368517701,1898.9000000000005,-1632.0698631482305
7564,383.665746403576,1883.4999999999998,-1499.8342535964239
7565,527.195116113559,1936.0999999999997,-1408.9048838864405
7566,654.7562560951221,1969.2000000000019,-1314.4437439048797
7567,773.7586305408391,2000.9999999999984,-1227.2413694591592
7568,3211.96871963404,2461.3000000000006,750.6687196340395
7569,3151.3645856319317,2456.6,694.7645856319318
7570,3112.2565589664027,2505.2000000000003,607.0565589664025
7571,3084.007387618969,2557.600000000001,526.4073876189682
7572,3015.950732906888,2520.300000000001,495.6507329068868
7573,2970.1692911940654,2546.3,423.8692911940652
7574,2927.394767933888,2559.8000000000006,367.5947679338874
7575,2858.033023360799,2462.2000000000007,395.83302336079805
7576,2788.9679083440883,2407.4999999999995,381.46790834408876
7577,2809.7170877612475,2504.7000000000003,305.01708776124724
7578,2799.8336061950267,2515.000000000002,284.8336061950249
7579,2751.3983811385688,2441.499999999999,309.8983811385697
7580,2723.757477852152,2421.8999999999987,301.85747785215335
7581,2729.285879307353,2472.3,256.98587930735266
7582,2713.0440829361746,2464.4999999999995,248.54408293617507
7583,2698.022322221597,2459.900000000001,238.12232222159582
7584,2726.291567727772,2545.6000000000004,180.6915677277716
7585,407.4399777903176,2121.200000000002,-1713.7600222096844
7586,567.1847414093224,2163.6,-1596.4152585906775
7587,705.6164033721162,2178.9,-1473.283596627884
7588,828.1198872997312,2175.3999999999983,-1347.2801127002672
7589,918.618387308876,2124.7000000000016,-1206.0816126911257
7590,991.174012183861,2062.7999999999984,-1071.6259878161372
7591,1051.7151684753394,2000.4999999999984,-948.784831524659
7592,3425.6586600091086,2370.7999999999984,1054.8586600091103
7593,3329.644407945577,2357.3999999999987,972.2444079455781
7594,3230.255961675526,2394.8000000000015,835.4559616755246
7595,3041.397843634968,2277.5000000000005,763.8978436349676
7596,2897.4716528436843,2190.1999999999994,707.2716528436849
7597,2741.7154602364035,2123.400000000002,618.3154602364016
7598,2595.1729677087496,2001.8999999999985,593.2729677087511
7599,2474.8359193323577,1931.4999999999995,543.3359193323581
7600,2410.634618532431,1933.8999999999996,476.73461853243134
7601,2338.63902918013,1877.2999999999995,461.3390291801304
7602,2300.2463433559888,1858.599999999999,441.64634335598976
7603,2278.804143784793,1889.5999999999997,389.20414378479313
7604,2282.920771407201,1966.3000000000018,316.6207714071991
7605,2254.32893334721,1957.3000000000009,297.028933347209
7606,2200.0964130294724,1888.7000000000003,311.3964130294721
7607,2165.58550038138,1867.499999999999,298.0855003813808
7608,2155.122747034069,1897.3000000000004,257.8227470340687
7609,8.563733534820855,1441.0000000000007,-1432.4362664651799
7610,35.1740639837006,1435.6000000000008,-1400.4259360163003
7611,93.43401359743322,1439.8000000000006,-1346.3659864025674
7612,197.98507459232337,1515.3,-1317.3149254076766
7613,320.8135777147237,1591.7000000000003,-1270.8864222852767
7614,434.8348139078085,1631.900000000001,-1197.0651860921926
7615,523.8805673264843,1622.7000000000003,-1098.819432673516
7616,2921.2688555340537,2038.7999999999993,882.4688555340545
7617,2798.953667929628,1962.300000000001,836.6536679296269
7618,2660.3929070259283,1919.5000000000002,740.892907025928
7619,2459.447614462308,1764.7000000000003,694.7476144623079
7620,2273.382307389055,1676.6000000000006,596.7823073890543
7621,2136.164044117477,1615.8999999999996,520.2640441174772
7622,1988.2909717710947,1524.3000000000002,463.99097177109456
7623,1862.605319058507,1444.0000000000007,418.6053190585062
7624,1790.1391396729366,1442.100000000001,348.03913967293556
7625,1794.8367270175988,1536.4000000000008,258.43672701759806
7626,1799.6935859463772,1582.5000000000014,217.19358594637583
7627,1786.6060696991133,1600.0999999999992,186.50606969911405
7628,1780.5176985084624,1625.5000000000007,155.01769850846176
7629,1756.11914082802,1605.3999999999987,150.71914082802118
7630,1737.6036683009352,1599.4999999999993,138.10366830093585
7631,1734.393087292721,1622.5000000000002,111.8930872927208
7632,1718.2418498560223,1612.9999999999995,105.24184985602278
7633,0.0,1218.2999999999993,-1218.2999999999993
7634,0.0640750687478306,1247.5000000000005,-1247.4359249312527
7635,1.0279588971478246,1246.6000000000004,-1245.5720411028526
7636,8.88637120515595,1258.5000000000005,-1249.6136287948445
7637,21.24092956130849,1221.8999999999996,-1200.659070438691
7638,42.24796268577839,1186.0000000000002,-1143.7520373142218
7639,93.25055886750005,1240.7999999999997,-1147.5494411324996
7640,2378.9547263926625,1600.6999999999991,778.2547263926633
7641,2251.157924959446,1481.0,770.1579249594461
7642,2143.995619133989,1435.0000000000007,708.9956191339882
7643,1985.0347131181727,1320.4000000000003,664.6347131181724
7644,1841.4154800782528,1329.7000000000007,511.7154800782521
7645,1713.461122115038,1233.1,480.36112211503814
7646,1580.4302555856136,1140.3,440.13025558561367
7647,1458.2578146236929,1126.2999999999995,331.95781462369337
7648,1405.5814557139656,1098.0000000000002,307.5814557139654
7649,1357.2047278872649,1091.6000000000004,265.6047278872645
7650,1361.1617016887706,1151.9999999999998,209.1617016887708
7651,1395.2188833375112,1281.5999999999995,113.61888333751176
7652,1386.6237650071796,1297.5999999999995,89.02376500718015
7653,1359.0376091974874,1268.0999999999992,90.9376091974882
7654,1360.889412014253,1305.6999999999991,55.189412014253776
7655,1337.4352153359278,1278.4999999999993,58.93521533592843
7656,1313.3955702799756,1252.5,60.89557027997557
7657,0.0,839.4999999999997,-839.4999999999997
7658,0.0,784.4000000000005,-784.4000000000005
7659,0.0,828.0999999999996,-828.0999999999996
7660,0.0,810.2999999999997,-810.2999999999997
7661,0.0,829.3999999999996,-829.3999999999996
7662,0.0356457185263468,778.1000000000006,-778.0643542814743
7663,0.3352848022726163,826.2999999999996,-825.964715197727
7664,1766.671486940046,1231.4000000000003,535.2714869400456
7665,1682.6663107377394,1186.6000000000004,496.06631073773906
7666,1588.594772416473,1160.4,428.1947724164729
7667,1432.3774386188977,1042.7,389.67743861889767
7668,1287.5690147681428,965.3999999999993,322.1690147681435
7669,1131.756119284159,880.3000000000002,251.45611928415883
7670,1006.393808329788,845.6999999999998,160.69380832978823
7671,895.2767668256155,765.4000000000007,129.87676682561482
7672,866.1654415834032,809.1999999999998,56.96544158340339
7673,867.4489487235651,852.2000000000002,15.248948723564922
7674,913.998507242677,969.0999999999996,-55.1014927573226
7675,908.9830804426484,972.6999999999995,-63.71691955735105
7676,915.775580831663,999.5000000000002,-83.72441916833725
7677,892.1787361678006,956.6000000000001,-64.42126383219954
7678,902.6733264733653,991.8000000000003,-89.12667352663505
7679,893.4333520854348,979.5000000000002,-86.06664791456546
7680,904.5273499358284,1012.1000000000001,-107.57265006417174
7681,0.0,587.4,-587.4
7682,0.0,619.9,-619.9
7683,0.0,551.3,-551.3
7684,0.0,556.8,-556.8
7685,0.0,571.8999999999999,-571.8999999999999
7686,0.0,600.0999999999998,-600.0999999999998
7687,0.0,563.9,-563.9
7688,1321.320118791176,1112.0999999999997,209.22011879117622
7689,1289.481267387706,1111.9999999999995,177.48126738770657
7690,1244.7480992417368,1120.6,124.14809924173687
7691,1215.9664479677465,1131.2999999999995,84.66644796774699
7692,1172.399849795681,1125.9999999999993,46.399849795681575
7693,1124.1828674074873,1098.1000000000004,26.0828674074869
7694,1017.5919955920864,1094.1000000000001,-76.50800440791375
7695,987.338221496676,1099.2000000000003,-111.86177850332422
7696,984.2923794476576,1161.2,-176.90762055234245
7697,1012.5773149757948,1197.3000000000006,-184.72268502420582
7698,1068.2317828673274,1293.9999999999995,-225.76821713267213
7699,1081.2224869172355,1296.4999999999993,-215.2775130827638
7700,1155.3082225972012,1433.0000000000002,-277.69177740279906
7701,1148.3302088578762,1380.7999999999997,-232.46979114212354
7702,1170.6439972729577,1400.9999999999993,-230.35600272704164
7703,1183.315527985629,1400.3999999999994,-217.08447201437048
7704,1175.471932352318,1357.0000000000005,-181.52806764768252
7705,0.0,965.6999999999994,-965.6999999999994
7706,0.0,981.2000000000002,-981.2000000000002
7707,0.0,978.9000000000001,-978.9000000000001
7708,0.0,1077.0000000000005,-1077.0000000000005
7709,0.2555303964527996,1047.5,-1047.2444696035473
7710,0.6918545184347857,1041.0,-1040.3081454815651
7711,2.4094375934239287,1054.9999999999998,-1052.5905624065758
7712,1857.226652860145,1484.2999999999995,372.9266528601454
7713,1810.2745519166208,1471.5000000000005,338.77455191662034
7714,1753.1176869381964,1460.3000000000002,292.8176869381962
7715,1669.4680456553947,1396.299999999999,273.16804565539564
7716,1521.2824728472997,1276.5999999999997,244.6824728473
7717,1375.2927494460685,1172.7999999999997,202.49274944606873
7718,1266.3440856683708,1136.2,130.14408566837074
7719,1276.6643667390176,1207.3999999999996,69.26436673901799
7720,1244.4224482555794,1202.9000000000003,41.52244825557909
7721,1263.0430900797878,1297.5999999999995,-34.55690992021164
7722,1290.61354224842,1350.1000000000013,-59.48645775158138
7723,1305.9740505154418,1387.6999999999991,-81.7259494845573
7724,1361.7633227858942,1506.5999999999997,-144.83667721410552
7725,1396.7683416649356,1565.9999999999993,-169.23165833506368
7726,1421.9879466544392,1599.5999999999992,-177.61205334556007
7727,1437.0786542924,1606.2999999999988,-169.22134570759886
7728,1478.7811495914814,1674.5,-195.71885040851862
7729,0.0,1322.1000000000006,-1322.1000000000006
7730,0.0,1361.4,-1361.4
7731,0.9113183448614084,1443.1000000000006,-1442.1886816551391
7732,8.61684083051813,1486.6999999999996,-1478.0831591694814
7733,29.83152278935212,1551.1,-1521.2684772106477
7734,83.22669696580564,1625.3000000000006,-1542.073303034195
7735,175.50397134516618,1683.5000000000005,-1507.9960286548344
7736,2545.202310523607,2107.000000000001,438.20231052360623
7737,2494.193884437685,2099.400000000001,394.793884437684
7738,2361.865625541413,1963.7000000000012,398.1656255414118
7739,2241.10204388735,1920.0000000000005,321.10204388734974
7740,2088.9431881516284,1810.8,278.14318815162846
7741,1933.072595210328,1722.6,210.4725952103281
7742,1839.2875216049624,1701.9,137.38752160496233
7743,1796.2576833926016,1753.9999999999995,42.257683392602075
7744,1790.72574756277,1809.2999999999993,-18.574252437229234
7745,1838.518769958244,1914.200000000001,-75.68123004175686
7746,1912.2559302753343,2043.3999999999996,-131.14406972466531
7747,1926.508158468508,2045.2000000000005,-118.6918415314924
7748,1979.8863410639883,2134.5000000000005,-154.61365893601214
7749,2019.913699155704,2185.7999999999993,-165.8863008442952
7750,2074.5554878218704,2265.700000000001,-191.14451217813075
7751,2140.4677393493853,2362.599999999999,-222.13226065061372
7752,2185.048725706148,2406.0,-220.95127429385184
7753,44.85956936112989,2019.7999999999997,-1974.9404306388699
7754,121.14240579318422,1962.5000000000014,-1841.357594206817
7755,247.970385315356,1988.9999999999993,-1741.0296146846433
7756,364.01429229590326,1961.500000000001,-1597.4857077040976
7757,474.7087657189679,1929.2,-1454.4912342810321
7758,605.062659316723,1959.3000000000018,-1354.2373406832787
7759,749.0802064916646,2038.499999999999,-1289.4197935083344
7760,3151.3823889977184,2417.999999999999,733.3823889977193
7761,3064.6381951338994,2372.699999999999,691.9381951339005
7762,2906.8474661041387,2249.7999999999997,657.047466104139
7763,2731.3276585175627,2125.900000000002,605.4276585175608
7764,2550.003991413183,2019.8999999999999,530.1039914131832
7765,2356.7397726098334,1881.6999999999998,475.03977260983356
7766,2177.895757850135,1713.800000000001,464.09575785013385
7767,2074.928478726042,1705.6000000000004,369.3284787260418
7768,2003.622403015229,1653.5,350.1224030152291
7769,1982.9502973237013,1693.2000000000005,289.7502973237008
7770,2038.0560078802475,1851.7999999999995,186.25600788024803
7771,2076.559816074769,1967.300000000002,109.25981607476706
7772,2074.6013992868425,1978.4000000000008,96.2013992868417
7773,2074.3572196041264,1991.8999999999994,82.45721960412698
7774,2069.98361016866,1992.6999999999991,77.28361016866097
7775,2079.58281212538,2022.5999999999997,56.98281212538018
7776,2113.506417826185,2102.0000000000005,11.506417826184588
7777,13.433200103830425,1710.6000000000004,-1697.16679989617
7778,46.50275580053072,1651.1999999999998,-1604.6972441994692
7779,128.63100141411502,1679.3000000000004,-1550.6689985858854
7780,251.5409282401056,1742.8999999999994,-1491.3590717598938
7781,369.4779926339876,1764.7000000000003,-1395.2220073660128
7782,492.109844010713,1795.5999999999997,-1303.4901559892867
7783,580.7680833957091,1763.1,-1182.3319166042907
7784,2955.797791951178,2116.0000000000014,839.7977919511768
7785,2868.008154633915,2080.800000000001,787.2081546339141
7786,2714.041638248055,1973.3000000000025,740.7416382480524
7787,2516.4279199683665,1805.1,711.3279199683666
7788,2338.661932362942,1707.7000000000005,630.9619323629415
7789,2171.901641236252,1613.6999999999998,558.2016412362523
7790,2043.644158252564,1606.6999999999987,436.94415825256533
7791,1951.7139760795276,1593.4999999999995,358.21397607952804
7792,1903.3991057722908,1613.6999999999998,289.699105772291
7793,1897.807026678711,1660.0000000000005,237.8070266787106
7794,1943.3242724578813,1793.0,150.3242724578813
7795,1959.0748956363411,1855.499999999999,103.57489563634203
7796,1989.5433721430863,1937.9999999999995,51.5433721430868
7797,1966.9397445250363,1895.4,71.53974452503621
7798,2005.409946481327,1990.499999999999,14.909946481328006
7799,2023.065956968097,2026.3999999999992,-3.3340430319021834
7800,2047.5553618177123,2072.7999999999993,-25.244638182286963
7801,3.806335923689467,1619.6999999999998,-1615.8936640763104
7802,26.11124298423034,1642.4000000000003,-1616.28875701577
7803,76.23016988118862,1615.5999999999997,-1539.369830118811
7804,166.18290776186905,1638.0000000000005,-1471.8170922381314
7805,275.2664830341777,1665.4999999999998,-1390.233516965822
7806,387.9795396120829,1692.000000000001,-1304.020460387918
7807,523.6348661651969,1769.3,-1245.665133834803
7808,2916.288050746989,2150.699999999999,765.5880507469901
7809,2821.96476729032,2088.6000000000017,733.3647672903185
7810,2715.902003306143,2061.3999999999983,654.5020033061446
7811,2534.55776971513,1920.6000000000001,613.9577697151296
7812,2345.3052508444152,1794.2,551.1052508444152
7813,2115.683350173009,1582.8000000000013,532.8833501730076
7814,1947.7006818103528,1473.6000000000004,474.1006818103524
7815,1834.0986214033617,1432.4000000000005,401.69862140336113
7816,1805.761691537081,1474.5000000000005,331.26169153708065
7817,1775.6494262298845,1466.5000000000005,309.14942622988406
7818,1761.6327195488775,1495.8999999999994,265.7327195488781
7819,1729.1940908447098,1481.6999999999996,247.49409084471017
7820,1768.2443749784538,1619.8,148.44437497845388
7821,1786.3039827936498,1692.000000000001,94.30398279364886
7822,1789.8160603380445,1720.4000000000005,69.41606033804396
7823,1773.9430108841475,1701.6000000000001,72.34301088414736
7824,1777.375124983194,1724.8999999999996,52.47512498319429
7825,0.0,1300.3999999999996,-1300.3999999999996
7826,0.2595326228400156,1291.5999999999992,-1291.3404673771593
7827,3.459720853756425,1282.9999999999993,-1279.540279146243
7828,13.914447376556597,1275.0999999999992,-1261.1855526234426
7829,33.346507325784074,1270.1999999999996,-1236.8534926742154
7830,77.91140822319555,1300.4999999999995,-1222.588591776804
7831,129.3796854989858,1279.6999999999991,-1150.3203145010134
7832,2448.892688305048,1673.1000000000001,775.7926883050479
7833,2372.6717334504224,1661.0000000000002,711.6717334504222
7834,2272.6396888425525,1624.3000000000002,648.3396888425523
7835,2172.8585372379416,1590.0000000000007,582.8585372379409
7836,1967.5615966727476,1464.3000000000002,503.2615966727474
7837,1807.0613411117984,1353.0000000000007,454.0613411117977
7838,1669.552516177118,1267.9999999999993,401.5525161771186
7839,1581.1242903295724,1228.8000000000002,352.32429032957225
7840,1534.1569987413388,1246.6000000000004,287.5569987413385
7841,1485.6411728926462,1203.4,282.2411728926461
7842,1478.8285353015967,1248.7,230.12853530159668
7843,1447.0796779473033,1238.5000000000002,208.57967794730303
7844,1436.1954912755757,1267.9999999999993,168.1954912755764
7845,1415.565981793097,1269.1999999999994,146.36598179309772
7846,1411.72336194443,1303.0999999999988,108.62336194443128
7847,1363.5122225937089,1232.6999999999998,130.81222259370907
7848,1336.2669909992048,1212.8999999999994,123.36699099920543
7849,0.0,758.5,-758.5
7850,0.0,813.3,-813.3
7851,0.0,839.3999999999996,-839.3999999999996
7852,0.0,833.9999999999999,-833.9999999999999
7853,0.0,917.4999999999998,-917.4999999999998
7854,0.1839189313095475,863.4000000000002,-863.2160810686906
7855,0.6446196238591179,904.2999999999998,-903.6553803761407
7856,1895.3691487281344,1398.7999999999993,496.56914872813513
7857,1839.9518934236107,1392.799999999999,447.1518934236117
7858,1742.222350573329,1331.3000000000009,410.92235057332823
7859,1609.1948129125053,1194.1000000000008,415.0948129125045
7860,1442.154631351254,1111.1999999999996,330.9546313512544
7861,1341.2855777829502,1070.7000000000003,270.58557778294994
7862,1214.804741041788,1037.5,177.30474104178802
7863,1117.846018956145,1005.4000000000003,112.4460189561446
7864,1094.240292212939,1052.2999999999997,41.94029221293931
7865,1118.122381978496,1136.2,-18.077618021504122
7866,1168.3628980814194,1245.9000000000005,-77.53710191858113
7867,1194.8347879693908,1306.6999999999991,-111.86521203060829
7868,1251.3822327105447,1422.2999999999997,-170.917767289455
7869,1310.55028688168,1531.9000000000015,-221.34971311832146
7870,1342.2994502738677,1569.3,-227.00054972613225
7871,1413.6617142788791,1690.6000000000008,-276.9382857211217
7872,1439.9011967822917,1702.7000000000005,-262.79880321770884
7873,0.0,1323.3000000000006,-1323.3000000000006
7874,0.0,1349.500000000001,-1349.500000000001
7875,0.3283878109106091,1364.5000000000002,-1364.1716121890897
7876,1.965985836906051,1359.9000000000005,-1357.9340141630944
7877,11.143318459608736,1401.9999999999998,-1390.856681540391
7878,29.08298601072994,1427.1999999999996,-1398.1170139892697
7879,61.82501781955416,1422.6999999999998,-1360.8749821804456
7880,2341.0752671026694,1874.799999999999,466.27526710267034
7881,2266.804986456584,1811.1,455.70498645658427
7882,2174.3590007076727,1776.6000000000004,397.7590007076724
7883,2063.5954263291114,1705.1000000000001,358.4954263291113
7884,1924.295760788057,1641.5000000000002,282.79576078805667
7885,1810.0316481866887,1600.899999999999,209.13164818668974
7886,1721.1255777366148,1573.2999999999997,147.82557773661506
7887,1677.2768203397363,1557.4999999999993,119.77682033973701
7888,1606.8998425160837,1504.9,101.99984251608362
7889,1611.9397398293577,1536.8000000000009,75.13973982935681
7890,1637.942989337947,1605.5999999999988,32.34298933794821
7891,1655.2879241267906,1656.5000000000002,-1.212075873209642
7892,1692.4358069173045,1742.3999999999994,-49.96419308269492
7893,1726.9654626406996,1810.2999999999995,-83.33453735929993
7894,1763.2889478367613,1874.499999999999,-111.21105216323781
7895,1762.649962053372,1853.599999999999,-90.95003794662694
7896,1756.5531922043233,1824.7000000000005,-68.1468077956772
7897,0.0,1325.4000000000005,-1325.4000000000005
7898,0.5102250301151973,1326.7000000000005,-1326.1897749698853
7899,5.695605901720876,1334.6000000000006,-1328.9043940982797
7900,18.29926031016516,1334.6000000000006,-1316.3007396898354
7901,40.009600166661286,1323.4000000000005,-1283.3903998333392
7902,77.04044698487438,1309.2999999999988,-1232.2595530151245
7903,139.1881376099075,1341.7000000000012,-1202.5118623900937
7904,2481.7225717605397,1802.1999999999998,679.5225717605399
7905,2346.801461098915,1647.9,698.9014610989148
7906,2193.606778836224,1506.5999999999997,687.0067788362242
7907,2034.7602336947848,1417.1,617.6602336947849
7908,1857.935918158497,1334.2000000000007,523.7359181584964
7909,1675.22420143864,1202.9000000000003,472.32420143863965
7910,1535.1061828283623,1151.0999999999997,384.0061828283626
7911,1456.1365676097755,1175.1999999999998,280.9365676097757
7912,1426.0865120053463,1235.9,190.18651200534623
7913,1425.6015286405266,1288.9999999999993,136.60152864052725
7914,1452.814628829579,1372.6,80.21462882957917
7915,1456.1970521399944,1406.6999999999996,49.49705213999482
7916,1446.1409420193932,1406.4999999999998,39.64094201939338
7917,1422.2886717336492,1373.4999999999998,48.78867173364938
7918,1407.9282871250775,1364.7,43.228287125077486
7919,1409.3150016791108,1388.7999999999988,20.515001679111947
7920,1379.5060696142589,1339.900000000001,39.606069614257876
7921,0.0,910.1,-910.1
7922,0.0,932.6999999999997,-932.6999999999997
7923,0.0,961.1999999999999,-961.1999999999999
7924,0.0,988.2000000000004,-988.2000000000004
7925,0.4304488740451659,1097.8000000000002,-1097.369551125955
7926,2.4664224156915013,1130.4999999999995,-1128.033577584308
7927,10.46124711266329,1164.1,-1153.6387528873365
7928,2104.193353609876,1638.6000000000001,465.59335360987575
7929,2026.491036738324,1571.3999999999999,455.0910367383242
7930,1917.2292449335455,1505.6000000000001,411.62924493354535
7931,1773.8508278770344,1385.9999999999993,387.85082787703504
7932,1609.8865694208323,1262.9000000000003,346.986569420832
7933,1465.751106149143,1164.6,301.15110614914306
7934,1406.2087547874353,1198.2000000000005,208.00875478743478
7935,1315.3584408701622,1173.1999999999998,142.1584408701624
7936,1274.0255038574996,1177.1999999999994,96.82550385750028
7937,1270.3318235443514,1208.9999999999995,61.33182354435189
7938,1302.887964754338,1294.6999999999994,8.187964754338736
7939,1278.3091716304202,1258.9000000000005,19.409171630419678
7940,1295.7703420065222,1316.1000000000001,-20.329657993477895
7941,1301.3191219157432,1339.600000000001,-38.28087808425789
7942,1352.1160374674262,1456.6000000000004,-104.4839625325742
7943,1351.8661241322495,1447.8000000000009,-95.93387586775134
7944,1401.102756530567,1547.3999999999994,-146.2972434694325
7945,0.0,1226.3999999999999,-1226.3999999999999
7946,0.0,1247.4000000000005,-1247.4000000000005
7947,0.0897883700903522,1288.0999999999992,-1288.0102116299088
7948,0.9858013573828024,1315.4,-1314.4141986426173
7949,8.97350521110911,1395.899999999999,-1386.9264947888898
7950,27.580164021690024,1444.5000000000007,-1416.9198359783106
7951,59.92044608153282,1434.1000000000004,-1374.1795539184675
7952,2315.9099370874537,1832.400000000001,483.5099370874527
7953,2272.2905273291644,1835.0000000000007,437.29052732916375
7954,2166.118914849824,1764.6000000000001,401.51891484982366
7955,2029.162185429486,1639.9,389.26218542948595
7956,1895.559148895465,1557.2999999999993,338.2591488954656
7957,1751.526291201639,1457.2000000000005,294.32629120163847
7958,1596.919394996709,1355.0000000000007,241.9193949967082
7959,1508.666508632457,1327.4000000000005,181.2665086324564
7960,1476.1017375274753,1357.3000000000006,118.80173752747464
7961,1487.5046720754008,1411.6999999999998,75.80467207540096
7962,1530.383427854751,1518.6999999999998,11.683427854751244
7963,1536.331531467558,1543.3000000000004,-6.96846853244233
7964,1545.041983692426,1569.7,-24.658016307574144
7965,1531.338392763019,1543.3000000000004,-11.961607236981308
7966,1540.4309155191572,1569.1,-28.669084480842685
7967,1525.6295013900456,1539.8000000000006,-14.170498609955075
7968,1528.581307463587,1552.1999999999998,-23.61869253641271
7969,0.0,1240.5999999999997,-1240.5999999999997
7970,0.0,1284.0999999999995,-1284.0999999999995
7971,0.4990968898146738,1297.0999999999992,-1296.6009031101846
7972,6.184462886685475,1353.2000000000007,-1347.0155371133153
7973,22.003568879826048,1400.3999999999994,-1378.3964311201735
7974,44.34327228607523,1353.1000000000006,-1308.7567277139253
7975,92.11306544525188,1375.8000000000002,-1283.6869345547484
7976,2393.919510259901,1800.1,593.8195102599011
7977,2309.9466824625,1735.4999999999993,574.4466824625008
7978,2178.7642787663126,1644.0999999999997,534.6642787663129
7979,1972.879364253243,1438.4000000000008,534.4793642532422
7980,1781.2535300539453,1301.0999999999992,480.15353005394604
7981,1605.3260929656403,1185.3000000000002,420.02609296564015
7982,1463.8869254060153,1129.8999999999996,333.98692540601564
7983,1403.8283940030317,1183.0000000000002,220.82839400303146
7984,1404.1167588752246,1281.4999999999995,122.61675887522506
7985,1407.4906179075608,1310.299999999999,97.19061790756177
7986,1449.6686430746372,1428.6,21.068643074637293
7987,1494.820246435754,1540.7000000000007,-45.87975356424681
7988,1520.4221283169393,1596.5999999999992,-76.17787168305995
7989,1560.7842259877682,1678.1000000000004,-117.31577401223217
7990,1628.206421412994,1806.3999999999994,-178.1935785870055
7991,1647.289935839779,1817.7000000000005,-170.4100641602215
7992,1699.1189371348476,1899.9000000000008,-200.78106286515322
7993,0.0,1515.8999999999999,-1515.8999999999999
7994,0.6174980577589405,1526.4000000000008,-1525.7825019422419
7995,8.572501944544307,1535.7000000000007,-1527.1274980554565
7996,38.65117747940083,1639.3000000000002,-1600.6488225205994
7997,97.685296712677,1649.4000000000003,-1551.7147032873233
7998,200.69367589237348,1704.7000000000003,-1504.0063241076268
7999,327.7407179405378,1772.6000000000001,-1444.8592820594622
8000,2753.1334395358126,2228.0999999999995,525.0334395358132
8001,2684.8015455521804,2165.4999999999995,519.3015455521809
8002,2572.961050257204,2092.6000000000004,480.3610502572037
8003,2434.525718749311,1994.4999999999993,440.02571874931186
8004,2266.4948565523373,1864.099999999999,402.3948565523383
8005,2131.667121541151,1815.2,316.4671215411511
8006,2002.6775883860444,1743.0999999999997,259.5775883860447
8007,1966.199530680254,1803.3999999999999,162.79953068025407
8008,1963.3294233960105,1888.1000000000004,75.22942339601013
8009,1984.6342630433564,1947.3999999999999,37.23426304335658
8010,2054.9613977336544,2090.000000000002,-35.038602266347425
8011,2129.6301190126896,2238.100000000001,-108.46988098731117
8012,2148.9425224298284,2249.9999999999995,-101.05747757017116
8013,2175.9352376173088,2278.6000000000004,-102.6647623826916
8014,2242.6274500626614,2394.0000000000023,-151.37254993734086
8015,2289.039040643783,2451.700000000001,-162.66095935621797
8016,2325.0810121058066,2483.7000000000003,-158.61898789419365
8017,66.14680199338633,2149.9000000000005,-2083.753198006614
8018,171.38238454716955,2165.3999999999983,-1994.0176154528287
8019,312.8151532432679,2215.7,-1902.8848467567318
8020,430.6288320735213,2183.6,-1752.9711679264785
8021,575.6413339979857,2240.4,-1664.7586660020143
8022,739.6310850309657,2361.5000000000005,-1621.868914969035
8023,884.8173063332799,2439.0,-1554.18269366672
8024,3299.530856816288,2876.0999999999985,423.43085681628963
8025,3274.158880767557,2939.599999999999,334.5588807675581
8026,3161.084293306559,2823.1000000000013,337.9842933065579
8027,3062.0071172606213,2767.8,294.2071172606211
8028,2973.1833852420627,2754.900000000001,218.28338524206174
8029,2886.200842403345,2681.6000000000004,204.6008424033448
8030,2799.8097824944166,2632.599999999999,167.2097824944176
8031,2759.385228097208,2607.899999999999,151.48522809720862
8032,2673.810277222084,2535.1,138.7102772220842
8033,2659.0796694611445,2551.6999999999994,107.37966946114511
8034,2636.579675716564,2554.3000000000006,82.27967571656336
8035,2620.2114921619536,2570.4,49.81149216195354
8036,2620.1432472575657,2620.2000000000003,-0.056752742434582615
8037,2661.035329017104,2756.900000000001,-95.86467098289722
8038,2695.3514577840106,2859.4000000000005,-164.04854221598998
8039,2702.145903669723,2880.3999999999987,-178.25409633027584
8040,2689.842728872721,2852.3000000000006,-162.45727112727945
8041,388.77756949777023,2408.9999999999995,-2020.2224305022294
8042,523.6494917846732,2382.6999999999994,-1859.0505082153263
8043,623.9292690533835,2304.3000000000006,-1680.3707309466172
8044,734.7105015422964,2286.6000000000004,-1551.8894984577041
8045,823.9579165366661,2239.1000000000004,-1415.1420834633343
8046,934.2576152517624,2268.900000000001,-1334.6423847482386
8047,995.1572840801132,2195.5000000000005,-1200.3427159198873
8048,3387.0200137501124,2649.100000000003,737.9200137501093
8049,3314.4306738218197,2659.9000000000037,654.530673821816
8050,3242.187875357342,2699.999999999999,542.1878753573428
8051,3128.1816810200617,2594.2000000000003,533.9816810200614
8052,3011.930896304179,2519.899999999999,492.0308963041798
8053,2869.83561471025,2425.3,444.5356147102498
8054,2778.7662096960426,2410.9999999999995,367.766209696043
8055,2691.3216131051217,2355.0999999999995,336.2216131051223
8056,2651.360576792084,2371.3,280.0605767920838
8057,2585.315290644726,2313.5,271.8152906447258
8058,2541.157171017812,2297.1000000000004,244.05717101781147
8059,2508.474672248246,2306.600000000001,201.87467224824513
8060,2501.642681974496,2371.0000000000005,130.64268197449564
8061,2462.1871159475595,2342.699999999999,119.4871159475606
8062,2437.023292526728,2345.4999999999986,91.52329252672916
8063,2431.1553850590494,2389.7000000000007,41.455385059048695
8064,2411.1841612090743,2389.9000000000005,21.284161209073773
8065,102.51921902192608,1867.499999999999,-1764.980780978073
8066,200.1258823069869,1859.3999999999994,-1659.2741176930126
8067,298.3283530002767,1837.9000000000008,-1539.5716469997242
8068,410.0220139621699,1858.599999999999,-1448.577986037829
8069,506.2274148064783,1854.3999999999994,-1348.1725851935212
8070,593.6190733007761,1849.4000000000005,-1255.7809266992244
8071,648.5339310204724,1783.3999999999999,-1134.8660689795274
8072,3045.0251600762062,2267.5000000000005,777.5251600762058
8073,2952.7808998340947,2241.2999999999997,711.480899834095
8074,2819.304201503529,2173.4999999999986,645.8042015035303
8075,2629.244561250702,2027.1000000000001,602.144561250702
8076,2464.492620023101,1978.1999999999994,486.2926200231018
8077,2350.453583854842,1929.2000000000012,421.2535838548406
8078,2275.283254949544,1968.699999999999,306.5832549495449
8079,2210.8887700694577,1965.6999999999991,245.18877006945854
8080,2200.1861765080293,2006.0999999999995,194.0861765080299
8081,2184.577796395343,2049.2000000000007,135.3777963953421
8082,2160.2608713152395,2057.4000000000005,102.86087131523891
8083,2157.252033014485,2112.6,44.652033014484914
8084,2167.3885839340514,2187.8999999999996,-20.511416065948197
8085,2124.059997142046,2120.899999999999,3.1599971420469046
8086,2122.0004667745234,2157.699999999999,-35.699533225475534
8087,2102.972282298389,2145.5000000000014,-42.527717701612346
8088,2098.5102531555285,2168.6999999999985,-70.18974684446994
8089,7.810476720873774,1740.799999999999,-1732.9895232791253
8090,40.586537503559335,1769.3999999999987,-1728.8134624964393
8091,133.7723358457041,1859.3999999999994,-1725.6276641542954
8092,229.80532699575411,1843.0,-1613.194673004246
8093,375.2752642176905,1951.5,-1576.2247357823094
8094,498.18101193055577,1988.6999999999998,-1490.518988069444
8095,559.5049449568941,1889.0,-1329.4950550431058
8096,2954.006116873386,2337.2999999999997,616.7061168733862
8097,2885.278263435599,2337.0999999999995,548.1782634355995
8098,2794.1194197667173,2326.0999999999985,468.0194197667188
8099,2625.8778963064337,2201.2000000000003,424.67789630643347
8100,2517.5337509981305,2221.1,296.43375099813056
8101,2393.4700088369405,2164.0999999999985,229.3700088369419
8102,2285.029638307405,2166.099999999998,118.929638307407
8103,2269.9603584486254,2301.300000000001,-31.339641551375735
8104,2246.898011901874,2337.7999999999997,-90.90198809812591
8105,2256.1287557086,2378.9999999999995,-122.87124429139976
8106,2294.0465904316493,2473.7000000000025,-179.65340956835325
8107,2323.0495428760564,2546.6999999999994,-223.65045712394294
8108,2327.8571902603444,2552.4,-224.5428097396557
8109,2364.148885460984,2633.599999999999,-269.4511145390152
8110,2374.4108106413764,2643.3,-268.88918935862375
8111,2382.6402559712287,2648.7000000000025,-266.0597440287738
8112,2426.329321952729,2740.3999999999987,-314.07067804726967
8113,135.9328772335177,2216.6,-2080.6671227664824
8114,236.49099466476528,2134.3,-1897.8090053352348
8115,339.398325576168,2069.7000000000007,-1730.3016744238328
8116,408.488514093469,1942.3999999999994,-1533.9114859065303
8117,516.3362385993961,1949.6000000000001,-1433.263761400604
8118,627.5450932722216,1986.9000000000003,-1359.3549067277786
8119,675.5650549174158,1883.1999999999996,-1207.6349450825837
8120,3052.720387155076,2307.2000000000007,745.5203871550752
8121,2955.7658068569203,2263.3999999999996,692.3658068569207
8122,2851.9068813062936,2203.9000000000005,648.006881306293
8123,2709.1036699375395,2114.7000000000003,594.4036699375392
8124,2588.391133904553,2029.8000000000004,558.5911339045526
8125,2464.953538046971,1976.5999999999992,488.35353804697183
8126,2282.54613429936,1835.200000000001,447.34613429935894
8127,2174.70251251288,1798.600000000001,376.1025125128788
8128,2116.174638729788,1813.1000000000004,303.0746387297877
8129,2067.987972397082,1791.3000000000015,276.68797239708056
8130,2010.310787250981,1744.399999999999,265.91078725098214
8131,1985.5073664981437,1781.5999999999995,203.90736649814426
8132,1935.0074376644368,1744.799999999999,190.20743766443775
8133,1887.895031141078,1713.0000000000014,174.89503114107674
8134,1813.9240623015596,1614.3,199.62406230155966
8135,1765.6104248461074,1581.7999999999993,183.81042484610816
8136,1732.6145851839754,1584.6999999999987,147.91458518397667
8137,0.0,1070.1999999999996,-1070.1999999999996
8138,0.0,1025.4000000000008,-1025.4000000000008
8139,0.0364176735438566,1007.7000000000004,-1007.6635823264565
8140,0.5191991148744598,1066.0999999999995,-1065.580800885125
8141,3.887937804054198,1081.4999999999998,-1077.6120621959456
8142,8.887264086303837,1025.3000000000006,-1016.4127359136968
8143,17.91074331788542,1027.6000000000006,-1009.6892566821152
8144,2171.4118209253797,1496.799999999999,674.6118209253807
8145,2068.284564446208,1430.6000000000001,637.684564446208
8146,1960.7907404613327,1382.6,578.1907404613328
8147,1840.3011797710744,1330.4000000000005,509.9011797710739
8148,1759.893812529865,1346.1000000000004,413.7938125298647
8149,1627.9747809833752,1256.9,371.07478098337515
8150,1541.4157049489063,1189.3000000000002,352.1157049489061
8151,1437.0421725461497,1082.3999999999999,354.6421725461498
8152,1394.0368545611336,1097.3000000000009,296.73685456113276
8153,1373.870124812209,1164.3999999999996,209.4701248122094
8154,1344.1986922110857,1180.1000000000001,164.09869221108556
8155,1283.8790930829337,1113.7000000000003,170.17909308293338
8156,1268.5073697317785,1160.1,108.40736973177854
8157,1278.622903802945,1254.0,24.622903802945075
8158,1291.6478046440154,1338.4000000000005,-46.75219535598512
8159,1296.7588675131808,1388.6999999999994,-91.94113248681856
8160,1293.6363279572852,1409.6,-115.96367204271473
8161,0.0,913.6999999999998,-913.6999999999998
8162,0.0,994.0000000000002,-994.0000000000002
8163,0.0,1070.8999999999999,-1070.8999999999999
8164,0.0,1114.9,-1114.9
8165,0.0840896536820291,1151.3999999999999,-1151.3159103463179
8166,0.5291827482715401,1176.4999999999998,-1175.9708172517282
8167,2.1958820520903823,1172.4,-1170.2041179479097
8168,1959.181761593147,1659.7000000000007,299.4817615931463
8169,1893.1865325608092,1608.5,284.68653256080916
8170,1822.7983187232371,1592.799999999999,229.99831872323807
8171,1727.9353520803434,1534.8000000000006,193.13535208034273
8172,1600.1629780500782,1508.9999999999998,91.16297805007844
8173,1510.476769853164,1462.0000000000002,48.47676985316366
8174,1430.6473166617418,1506.9999999999986,-76.35268333825684
8175,1368.90037373594,1455.4000000000003,-86.49962626406023
8176,1359.7245614665874,1486.9999999999998,-127.2754385334124
8177,1359.3709040833735,1509.9,-150.5290959166266
8178,1393.021892487685,1599.5999999999997,-206.57810751231477
8179,1401.6354919252628,1624.3999999999994,-222.76450807473657
8180,1437.3451861362282,1711.800000000001,-274.45481386377287
8181,1462.5893311583918,1764.199999999999,-301.6106688416071
8182,1472.226012448738,1771.4999999999989,-299.2739875512609
8183,1492.3755908478995,1806.2000000000003,-313.82440915210077
8184,1498.7414809074814,1802.9000000000005,-304.1585190925191
8185,0.0,1386.1999999999998,-1386.1999999999998
8186,0.0,1435.6000000000001,-1435.6000000000001
8187,0.4788165629179068,1492.2999999999993,-1491.8211834370813
8188,5.415584682313712,1561.500000000001,-1556.0844153176872
8189,29.609731594937674,1753.5999999999985,-1723.9902684050608
8190,92.80668369869184,1869.9999999999995,-1777.1933163013077
8191,190.62366029944243,1920.0000000000011,-1729.3763397005587
8192,2548.245396310288,2323.999999999999,224.24539631028892
8193,2459.9782260580632,2198.2000000000007,261.7782260580625
8194,2385.527835876421,2191.2000000000003,194.32783587642052
8195,2267.686320153437,2129.0,138.686320153437
8196,2142.9704655616947,2074.3,68.67046556169453
8197,2067.8979517179023,2127.0999999999995,-59.20204828209717
8198,1979.6143191539693,2098.5,-118.88568084603071
8199,1946.0349586903649,2148.5000000000014,-202.4650413096365
8200,1978.5155827257731,2287.600000000001,-309.0844172742277
8201,2031.9378743397929,2372.0,-340.06212566020713
8202,2110.3153141035705,2529.0,-418.6846858964295
8203,2194.172215686012,2688.2000000000003,-494.0277843139884
8204,2268.6972185483714,2808.000000000001,-539.3027814516295
8205,2328.936035532935,2883.9999999999995,-555.0639644670646
8206,2436.58361143226,3070.5000000000005,-633.9163885677403
8207,2521.7826779813604,3185.2999999999984,-663.517322018638
8208,2607.3617307091604,3295.3000000000015,-687.9382692908412
8209,353.3530778769464,2849.9000000000005,-2496.546922123054
8210,540.6498807449233,2860.0000000000005,-2319.350119255077
8211,733.3653316601622,2915.7000000000016,-2182.3346683398395
8212,917.648202265058,2968.999999999999,-2051.351797734941
8213,1055.457759993799,2934.199999999999,-1878.7422400061998
8214,1160.4444967646664,2853.9000000000005,-1693.4555032353342
8215,1313.269031709527,2927.9,-1614.630968290473
8216,3739.666707075838,3377.999999999998,361.6667070758399
8217,3686.351050098583,3358.3,328.0510500985829
8218,3589.428973450492,3287.100000000001,302.32897345049105
8219,3458.101656319183,3191.7,266.4016563191831
8220,3355.8912175191126,3151.1000000000017,204.7912175191109
8221,3278.809284732484,3133.2000000000003,145.6092847324835
8222,3140.0541220357,2998.7999999999984,141.25412203570158
8223,3051.094144620874,2935.199999999998,115.89414462087598
8224,3015.9235803418696,2922.1000000000004,93.82358034186927
8225,3012.703836704416,2979.999999999999,32.70383670441697
8226,2987.495383319544,2952.5000000000005,34.995383319543635
8227,2973.2181124544286,2961.6000000000004,11.618112454428228
8228,2988.003681342183,3036.3000000000015,-48.296318657818574
8229,2978.4670970245256,3040.100000000002,-61.632902975476554
8230,2986.935365319565,3084.6999999999985,-97.76463468043357
8231,2984.953513625447,3096.5999999999976,-111.64648637455048
8232,2974.933742368051,3085.499999999998,-110.56625763194734
8233,675.946478129953,2674.800000000001,-1998.853521870048
8234,836.6939620368182,2707.999999999998,-1871.30603796318
8235,969.8001358322812,2697.3999999999996,-1727.5998641677184
8236,1105.2131813150663,2720.8999999999983,-1615.686818684932
8237,1233.4112970560589,2751.7000000000016,-1518.2887029439428
8238,1350.5717086978857,2773.7999999999997,-1423.228291302114
8239,1459.9221278121545,2796.2999999999993,-1336.3778721878448
8240,3854.124999392396,3223.2999999999997,630.8249993923964
8241,3806.1267793953775,3269.3999999999987,536.7267793953788
8242,3724.855100781557,3221.6000000000004,503.25510078155685
8243,3666.941779368904,3256.399999999997,410.5417793689071
8244,3551.828586772481,3163.0000000000005,388.8285867724803
8245,3503.592497364308,3228.2999999999993,275.29249736430893
8246,3441.7253975701137,3206.0,235.72539757011373
8247,3371.3704850813183,3173.6000000000013,197.77048508131702
8248,3333.953844711293,3161.9000000000005,172.05384471129264
8249,3328.2036940544685,3221.4000000000005,106.803694054468
8250,3306.903760365654,3221.3000000000006,85.60376036565322
8251,3297.580022248133,3249.7999999999965,47.78002224813645
8252,3322.467578769679,3354.2,-31.732421230320597
8253,3270.0406375492585,3255.099999999997,14.940637549261282
8254,3264.2015441967883,3278.4,-14.1984558032118
8255,3272.921406353739,3331.400000000001,-58.4785936462622
8256,3242.84887229465,3280.2999999999997,-37.45112770534979
8257,930.059771015681,2850.6000000000004,-1920.5402289843194
8258,1089.3765290188214,2893.000000000002,-1803.6234709811804
8259,1203.7189050407314,2849.8,-1646.0810949592687
8260,1344.481989237458,2901.7000000000003,-1557.2180107625422
8261,1475.635166866347,2948.5999999999995,-1472.9648331336525
8262,1572.8234962487847,2930.3999999999987,-1357.576503751214
8263,1655.5117578779675,2899.800000000001,-1244.2882421220336
8264,4038.164019452275,3318.2000000000016,719.9640194522735
8265,3927.8958181473154,3230.2999999999997,697.5958181473156
8266,3805.013246712637,3133.5,671.5132467126368
8267,3672.987005467066,3048.6000000000013,624.3870054670647
8268,3528.7537693236272,3010.500000000001,518.2537693236263
8269,3375.2262521429407,2913.8000000000006,461.42625214294003
8270,3242.8579388223525,2875.4999999999986,367.35793882235384
8271,3148.1388918418884,2815.600000000001,332.53889184188756
8272,3082.7548554463747,2816.1000000000013,266.6548554463734
8273,3089.9173497050983,2908.1000000000004,181.81734970509797
8274,3060.3940331879808,2902.3999999999996,157.99403318798113
8275,3022.29597163214,2877.9999999999986,144.29597163214157
8276,2965.4009879035457,2805.9999999999995,159.40098790354614
8277,2945.677792634439,2828.1000000000004,117.57779263443854
8278,2949.682190214829,2898.5000000000005,51.18219021482855
8279,2917.749919866776,2867.4,50.34991986677596
8280,2918.2333445478557,2915.2000000000016,3.0333445478540852
8281,590.9647729646537,2458.900000000002,-1867.9352270353484
8282,697.7426987655607,2387.9000000000005,-1690.1573012344397
8283,798.1688274907681,2337.7,-1539.5311725092317
8284,901.1114690607797,2324.199999999999,-1423.0885309392193
8285,1000.7128871779992,2325.299999999999,-1324.5871128219997
8286,1098.4308969749686,2340.699999999999,-1242.2691030250303
8287,1188.9650194747849,2355.4999999999995,-1166.5349805252147
8288,3587.0693216936106,2829.6000000000004,757.4693216936103
8289,3535.4271163283597,2894.1000000000013,641.3271163283584
8290,3424.97084053382,2859.3000000000006,565.6708405338195
8291,3277.138615199146,2763.5000000000014,513.6386151991446
8292,3157.25666197748,2752.9000000000015,404.3566619774783
8293,3049.259817915718,2701.0999999999995,348.1598179157186
8294,2937.0761201469245,2723.0999999999985,213.97612014692595
8295,2865.338692806654,2659.2000000000035,206.1386928066504
8296,2795.0337610093297,2617.7000000000003,177.33376100932946
8297,2771.83185814248,2614.6999999999994,157.13185814248072
8298,2769.970151895745,2677.3,92.67015189574477
8299,2742.853670074642,2668.2000000000016,74.65367007464056
8300,2732.6253723680497,2695.5999999999995,37.025372368050284
8301,2722.2300697870864,2716.1999999999985,6.030069787087996
8302,2728.388350679167,2769.2000000000003,-40.81164932083311
8303,2706.689926390995,2745.500000000001,-38.81007360900594
8304,2698.2911186139067,2755.000000000001,-56.70888138609416
8305,382.0173430419351,2304.8000000000006,-1922.7826569580657
8306,535.0004130939238,2343.599999999999,-1808.5995869060753
8307,693.176565905241,2409.1,-1715.923434094759
8308,822.2942286237834,2423.9,-1601.6057713762166
8309,957.771067674786,2475.300000000002,-1517.528932325216
8310,1026.9198154347173,2383.7999999999993,-1356.880184565282
8311,1089.6636066052167,2308.2000000000007,-1218.536393394784
8312,3454.0839341897085,2691.2999999999997,762.7839341897088
8313,3391.308662426844,2731.1999999999994,660.1086624268446
8314,3280.224697830384,2641.3,638.9246978303836
8315,3093.2178713482244,2505.0,588.2178713482244
8316,2913.523633383274,2381.8999999999996,531.6236333832744
8317,2799.965845975051,2276.8000000000006,523.1658459750502
8318,2630.7153861056754,2149.300000000001,481.4153861056743
8319,2535.096232096925,2117.1,417.99623209692527
8320,2457.164459217181,2126.8999999999996,330.2644592171814
8321,2442.8367680660026,2186.4,256.4367680660025
8322,2434.253051489405,2249.2999999999997,184.95305148940542
8323,2409.037701829724,2265.3999999999996,143.6377018297244
8324,2388.255053256929,2285.0,103.25505325692893
8325,2396.8820520890517,2366.9,29.98205208905165
8326,2395.329167738036,2408.8999999999996,-13.57083226196346
8327,2374.2601880439997,2394.9000000000005,-20.639811956000813
8328,2358.533670423042,2392.4000000000005,-33.86632957695838
8329,82.7879684819121,1921.1000000000013,-1838.3120315180893
8330,183.43571427228756,1922.0000000000016,-1738.564285727714
8331,260.92160938534704,1830.3000000000004,-1569.3783906146534
8332,359.4977618043844,1814.6000000000004,-1455.1022381956159
8333,491.65795755998215,1900.8000000000002,-1409.142042440018
8334,605.6037102642042,1949.0000000000002,-1343.396289735796
8335,722.4560061460904,2013.3999999999992,-1290.9439938539088
8336,3118.782308214565,2460.4000000000015,658.3823082145636
8337,3023.982028436424,2403.400000000001,620.5820284364231
8338,2899.9160694420543,2308.6000000000004,591.316069442054
8339,2744.575049607347,2218.4999999999995,526.0750496073474
8340,2590.904209544502,2145.2000000000016,445.7042095445004
8341,2448.331744858642,2046.9000000000003,401.4317448586419
8342,2319.7549525990744,1975.2999999999993,344.4549525990751
8343,2216.282765611739,1951.5,264.7827656117388
8344,2158.1788141246907,1951.5,206.6788141246907
8345,2158.860152142906,2017.7999999999995,141.06015214290642
8346,2157.5337369320555,2079.2000000000007,78.33373693205476
8347,2142.55062661972,2101.0999999999995,41.450626619720424
8348,2152.3383971306525,2173.999999999999,-21.661602869346552
8349,2122.1290239019622,2139.100000000001,-16.97097609803859
8350,2116.910418091241,2163.599999999999,-46.6895819087581
8351,2103.1687871975487,2162.0999999999985,-58.93121280244986
8352,2096.233135831194,2174.999999999999,-78.76686416880511
8353,4.864236369803401,1673.2000000000005,-1668.335763630197
8354,27.90103646436416,1694.5,-1666.598963535636
8355,76.573270789293,1670.2000000000007,-1593.6267292107077
8356,150.83228264248132,1663.9000000000012,-1513.06771735752
8357,218.2227364622016,1606.2999999999997,-1388.0772635377982
8358,313.1080606817021,1639.6000000000004,-1326.4919393182981
8359,449.7468259446301,1769.8999999999987,-1320.1531740553687
8360,2844.813025190095,2230.399999999999,614.4130251900956
8361,2736.766622597926,2135.3000000000006,601.4666225979254
8362,2590.5555468559182,1992.4,598.1555468559181
8363,2466.1071327883697,1960.0999999999997,506.00713278837
8364,2293.522865553801,1796.9000000000012,496.62286555379956
8365,2129.4763036953377,1726.1999999999996,403.27630369533813
8366,2004.1174381837643,1700.6999999999998,303.4174381837645
8367,1896.438415604883,1661.600000000001,234.8384156048819
8368,1878.0971220805177,1727.2999999999995,150.7971220805182
8369,1886.133017652617,1829.0,57.1330176526169
8370,1886.6425722005345,1872.3999999999992,14.242572200535278
8371,1889.3824266379045,1926.4000000000012,-37.017573362096755
8372,1883.7921418452408,1948.3000000000004,-64.50785815475956
8373,1918.2496459459285,2061.0000000000005,-142.75035405407198
8374,1956.139094422344,2166.2999999999984,-210.16090557765438
8375,1980.9940986126987,2224.9999999999995,-244.0059013873008
8376,2006.911918142911,2280.1,-273.18808185708895
8377,2.746347672794501,1850.6000000000004,-1847.853652327206
8378,24.363394804277117,1880.3999999999992,-1856.0366051957221
8379,70.78884393317182,1829.4000000000003,-1758.6111560668285
8380,153.02708340875554,1828.4999999999998,-1675.4729165912443
8381,271.2363417565024,1884.7999999999995,-1613.5636582434972
8382,388.385384957343,1918.8000000000009,-1530.414615042658
8383,495.7842818241998,1927.9000000000015,-1432.1157181758017
8384,2916.834397297047,2427.2000000000003,489.6343972970467
8385,2864.036531968042,2439.2000000000003,424.8365319680415
8386,2765.131713241108,2350.699999999999,414.43171324110926
8387,2659.368437096254,2311.4000000000005,347.96843709625364
8388,2531.8254695013225,2220.9,310.92546950132237
8389,2391.6366066635783,2176.4999999999995,215.13660666357873
8390,2221.5026724493146,2016.7999999999988,204.70267244931574
8391,2169.712581832829,1987.7,182.01258183282903
8392,2125.519004992325,1987.7,137.81900499232484
8393,2117.24553001692,2037.6000000000006,79.64553001691934
8394,2091.5653150575968,2028.9000000000005,62.66531505759622
8395,2096.70481178224,2095.9999999999995,0.7048117822405402
8396,2050.632238720108,2027.8000000000002,22.832238720107853
8397,2021.796727867422,2004.4999999999995,17.296727867422533
8398,1994.8860508429464,1986.8000000000004,8.086050842945951
8399,1982.131449700895,2000.0000000000002,-17.86855029910521
8400,1946.9596893049984,1955.1999999999994,-8.240310695000971
8401,0.3088987541744861,1506.4999999999986,-1506.1911012458243
8402,6.994308637943873,1511.0,-1504.005691362056
8403,27.253653938646565,1544.9,-1517.6463460613536
8404,52.62454590879506,1448.9,-1396.2754540912051
8405,114.87513845060673,1494.4999999999989,-1379.624861549392
8406,177.33732028385154,1476.5999999999997,-1299.262679716148
8407,256.7610333039637,1500.0999999999985,-1243.3389666960347
8408,2637.655588941311,1996.2000000000005,641.4555889413107
8409,2555.96160357428,1970.3999999999994,585.5616035742808
8410,2434.646920251336,1867.5999999999992,567.0469202513366
8411,2325.0991320102744,1786.7000000000007,538.3991320102737
8412,2185.0641770633147,1725.6,459.46417706331476
8413,2089.301163793308,1702.5999999999995,386.70116379330875
8414,1986.7120123001023,1693.6999999999998,293.01201230010247
8415,1886.1336557757909,1655.100000000001,231.03365577578984
8416,1804.2044572249345,1588.1999999999982,216.00445722493623
8417,1794.7615197438945,1631.6999999999991,163.06151974389536
8418,1787.211399912108,1688.0999999999995,99.11139991210848
8419,1750.3175011159688,1663.7000000000012,86.61750111596757
8420,1748.7013908918152,1722.9,25.801390891815117
8421,1717.3938510804855,1697.5000000000005,19.893851080485092
8422,1698.5502548693562,1700.6,-2.049745130643714
8423,1683.486252597938,1708.200000000001,-24.713747402063063
8424,1697.434651843134,1780.7999999999993,-83.36534815686537
8425,0.0,1224.7,-1224.7
8426,0.0,1196.4999999999993,-1196.4999999999993
8427,0.293876407773266,1275.5999999999992,-1275.306123592226
8428,2.261336459121197,1265.8000000000002,-1263.538663540879
8429,12.10361058552976,1316.8000000000004,-1304.6963894144706
8430,29.736611913409043,1343.3000000000004,-1313.5633880865914
8431,52.62495488785619,1287.3999999999999,-1234.7750451121437
8432,2307.892437072406,1757.6999999999991,550.1924370724071
8433,2213.117484409149,1685.2999999999997,527.8174844091491
8434,2104.8032249169723,1600.6000000000001,504.2032249169722
8435,1966.9462294121304,1522.100000000001,444.84622941212933
8436,1834.6835929110664,1486.6,348.0835929110665
8437,1727.14000413863,1453.1000000000006,274.04000413862946
8438,1615.1464219168274,1423.1999999999996,191.94642191682783
8439,1570.6405064097803,1399.2999999999997,171.34050640978057
8440,1488.8156603816412,1373.6000000000006,115.21566038164065
8441,1478.9254052964577,1396.3999999999994,82.5254052964583
8442,1496.862564248262,1498.1999999999987,-1.3374357517366207
8443,1490.3576519290305,1529.4000000000005,-39.04234807097009
8444,1487.464176910423,1560.5000000000011,-73.03582308957812
8445,1494.75019764508,1609.1000000000001,-114.34980235492003
8446,1460.160148443903,1548.3999999999999,-88.23985155609694
8447,1426.594004871835,1496.2999999999993,-69.7059951281642
8448,1384.034288667187,1425.6,-41.56571133281295
8449,0.0,997.2000000000004,-997.2000000000004
8450,0.0,1080.7999999999997,-1080.7999999999997
8451,0.0,1070.6999999999998,-1070.6999999999998
8452,0.0314232996613581,1179.7,-1179.6685767003387
8453,0.425938153186793,1155.1,-1154.6740618468132
8454,1.3811121051209934,1099.1000000000008,-1097.7188878948798
8455,5.742190368989421,1121.5999999999995,-1115.85780963101
8456,1998.6311063504315,1574.5000000000002,424.1311063504313
8457,1945.6619397512711,1579.6999999999998,365.9619397512713
8458,1832.1610550554192,1467.2000000000003,364.9610550554189
8459,1674.1030109620783,1349.1999999999998,324.9030109620785
8460,1554.6800331074369,1282.3999999999999,272.280033107437
8461,1427.342794129743,1186.5000000000002,240.84279412974274
8462,1298.492326036663,1111.2000000000003,187.29232603666264
8463,1220.2075658742217,1057.1999999999991,163.00756587422256
8464,1205.266512740039,1151.3,53.96651274003898
8465,1215.5463179184037,1236.3000000000006,-20.753682081596935
8466,1220.9108932414624,1283.3,-62.38910675853754
8467,1219.7459993581826,1316.8000000000004,-97.05400064181777
8468,1233.0751564408422,1376.5000000000005,-143.42484355915826
8469,1229.2127636987573,1386.0999999999997,-156.8872363012424
8470,1239.0257469367791,1425.6,-186.5742530632208
8471,1239.3206573215407,1436.1000000000001,-196.77934267845944
8472,1256.4298387272147,1485.4,-228.9701612727854
8473,0.0,1064.3999999999994,-1064.3999999999994
8474,0.0,1201.7999999999995,-1201.7999999999995
8475,0.0,1191.1000000000001,-1191.1000000000001
8476,0.0,1202.3999999999996,-1202.3999999999996
8477,0.3525830179316501,1238.7000000000007,-1238.347416982069
8478,1.877420372938638,1299.8999999999996,-1298.022579627061
8479,9.61858915016223,1379.4,-1369.7814108498378
8480,2050.1980350292924,1832.8000000000004,217.39803502929203
8481,2015.872964176168,1840.5000000000002,175.37296417616767
8482,1946.271544042284,1805.0000000000005,141.2715440422835
8483,1864.1896141882744,1766.1999999999985,97.98961418827594
8484,1766.934621446223,1735.1000000000001,31.834621446222855
8485,1662.7952995214137,1668.8000000000009,-6.0047004785872105
8486,1613.251727598952,1689.7999999999993,-76.54827240104737
8487,1538.815079576153,1685.8999999999999,-147.08492042384682
8488,1526.46419390158,1703.6999999999998,-177.23580609841974
8489,1566.0639539663546,1806.5,-240.43604603364543
8490,1593.6581995999843,1860.4999999999995,-266.84180040001525
8491,1624.809780008773,1927.3000000000015,-302.4902199912285
8492,1673.0926525932955,2027.9,-354.8073474067046
8493,1705.6523164041,2078.400000000001,-372.747683595901
8494,1766.0069901082077,2193.2000000000007,-427.19300989179305
8495,1791.4904415330277,2212.0000000000005,-420.50955846697275
8496,1830.4576078583189,2263.3999999999996,-432.9423921416808
8497,0.3938004908248892,1801.3000000000004,-1800.9061995091756
8498,7.60127049014859,1800.8000000000006,-1793.198729509852
8499,27.08821705198422,1796.6000000000013,-1769.511782948017
8500,62.80696964215811,1751.1999999999985,-1688.3930303578404
8501,143.3155888328248,1811.7,-1668.3844111671751
8502,240.20516074716176,1839.8000000000004,-1599.5948392528387
8503,319.3487863643925,1792.1000000000015,-1472.751213635609
8504,2724.203073116748,2300.600000000001,423.60307311674705
8505,2665.33515418791,2286.6000000000004,378.73515418790976
8506,2556.1818418779126,2209.200000000001,346.9818418779114
8507,2388.0918942102885,2043.3000000000006,344.79189421028786
8508,2275.103471487309,1975.9999999999993,299.10347148730966
8509,2178.0826461357174,1934.8,243.2826461357174
8510,2049.9386250359826,1866.4999999999993,183.43862503598325
8511,1985.287977851374,1873.1999999999994,112.08797785137472
8512,1922.8772705899917,1812.1000000000004,110.7772705899913
8513,1922.8393089028807,1858.8999999999994,63.939308902881294
8514,1930.623175657768,1933.0000000000005,-2.376824342232567
8515,1903.045473829879,1910.2000000000005,-7.154526170121471
8516,1901.8638033219304,1949.6000000000001,-47.736196678069746
8517,1863.5611752388688,1891.9999999999998,-28.438824761130945
8518,1814.234036388437,1812.1000000000004,2.134036388436698
8519,1790.1338124644046,1797.5000000000011,-7.366187535596509
8520,1749.0395455333594,1740.799999999999,8.239545533360342
8521,0.0,1332.1000000000008,-1332.1000000000008
8522,0.2618668010911025,1359.8,-1359.5381331989088
8523,3.9891645879963127,1373.6000000000006,-1369.6108354120042
8524,14.77029202611759,1373.9000000000005,-1359.129707973883
8525,39.03565318798823,1416.6999999999998,-1377.6643468120117
8526,73.5819407373479,1386.0999999999997,-1312.5180592626518
8527,125.33205777011813,1387.8999999999992,-1262.567942229881
8528,2453.0978744690474,1879.1999999999996,573.8978744690478
8529,2361.930268004345,1818.0000000000002,543.930268004345
8530,2231.004531171436,1679.6000000000006,551.4045311714356
8531,2165.30699217723,1685.4999999999998,479.8069921772301
8532,2066.903714151223,1675.5000000000002,391.40371415122286
8533,1922.8328954620908,1635.7999999999993,287.0328954620916
8534,1874.0088837850508,1705.8,168.20888378505083
8535,1795.3791651040208,1698.0,97.37916510402079
8536,1789.3844168193154,1776.5999999999992,12.78441681931622
8537,1753.5043487854698,1744.899999999999,8.604348785470847
8538,1765.930104319485,1810.1999999999998,-44.269895680514765
8539,1735.7113341385166,1772.499999999999,-36.788665861482514
8540,1726.5405304336575,1787.600000000001,-61.05946956634352
8541,1731.9924413459928,1833.1000000000006,-101.10755865400779
8542,1708.9662555546306,1800.9000000000005,-91.93374444536994
8543,1703.5049483191135,1814.1999999999998,-110.69505168088631
8544,1717.9595908144488,1871.0999999999992,-153.14040918555042
8545,0.0,1466.1,-1466.1
8546,0.3523291543444459,1531.5000000000007,-1531.1476708456562
8547,5.465052037209706,1536.8000000000006,-1531.334947962791
8548,22.533486516191072,1575.9000000000003,-1553.3665134838093
8549,60.75166467844176,1600.5,-1539.7483353215582
8550,138.3218711750962,1670.6000000000008,-1532.2781288249046
8551,224.3840361713888,1688.6999999999994,-1464.3159638286106
8552,2603.4170687882824,2164.1999999999985,439.217068788284
8553,2526.7139489400115,2110.7,416.0139489400117
8554,2407.485392948449,2017.4999999999995,389.9853929484493
8555,2255.3325513734776,1884.9999999999995,370.33255137347805
8556,2109.688835161093,1827.5,282.1888351610928
8557,1979.5811696462504,1779.2999999999993,200.2811696462511
8558,1851.2474060968157,1725.2,126.04740609681562
8559,1835.784900972235,1856.0999999999997,-20.315099027764745
8560,1848.813003487846,1966.6999999999991,-117.88699651215325
8561,1866.275432320662,2034.100000000001,-167.824567679339
8562,1905.8169373513715,2125.9999999999995,-220.18306264862804
8563,1880.9506792595007,2064.300000000001,-183.3493207405004
8564,1891.0087107053607,2095.2999999999993,-204.29128929463855
8565,1875.2447999465828,2058.0000000000005,-182.75520005341764
8566,1909.4013995840808,2146.6000000000013,-237.1986004159205
8567,1917.847491655995,2161.8999999999987,-244.05250834400363
8568,1924.93417490556,2172.3999999999987,-247.46582509443874
8569,0.7080017439539824,1725.8999999999996,-1725.1919982560457
8570,12.762994774682406,1756.5999999999985,-1743.837005225316
8571,44.55387399064483,1772.899999999999,-1728.346126009354
8572,114.6684596650856,1800.2000000000007,-1685.531540334915
8573,193.2249288035239,1772.2999999999988,-1579.075071196475
8574,306.16036611515807,1831.6000000000006,-1525.4396338848426
8575,414.0621931333717,1862.8999999999994,-1448.8378068666277
8576,2813.8684221636377,2323.2999999999993,490.5684221636384
8577,2726.524138879576,2252.1,474.4241388795763
8578,2627.6739388106066,2185.5,442.1739388106066
8579,2502.207476179744,2085.8999999999996,416.3074761797443
8580,2301.478279628652,1898.5999999999997,402.87827962865254
8581,2155.2695933404007,1812.1000000000004,343.1695933404003
8582,2010.3943746352104,1746.0999999999992,264.29437463521117
8583,1880.820540469826,1643.5,237.32054046982603
8584,1825.526113854828,1670.9000000000008,154.62611385482728
8585,1826.396430186428,1748.5999999999988,77.79643018642923
8586,1829.329601702686,1800.3000000000009,29.029601702685113
8587,1839.1099261160916,1874.5999999999995,-35.490073883907826
8588,1896.925866681444,2051.400000000001,-154.47413331855705
8589,1873.6456466813256,2005.3999999999994,-131.7543533186738
8590,1852.32490853595,1969.999999999999,-117.67509146404905
8591,1862.623301978828,2015.6999999999994,-153.0766980211713
8592,1868.1105076563772,2040.700000000001,-172.58949234362376
8593,0.103786056247013,1595.299999999999,-1595.1962139437521
8594,1.6039090182610294,1508.4999999999995,-1506.8960909817386
8595,11.835653285188885,1502.3999999999987,-1490.5643467148097
8596,27.700908603480663,1454.4000000000003,-1426.6990913965196
8597,60.73265477381836,1438.4000000000003,-1377.6673452261819
8598,97.5458439157008,1378.1000000000001,-1280.5541560842994
8599,156.32333603859485,1384.5999999999995,-1228.2766639614047
8600,2468.3960067779094,1798.8000000000009,669.5960067779085
8601,2364.8810641729283,1729.5999999999997,635.2810641729286
8602,2259.856743210679,1707.0000000000002,552.8567432106786
8603,2095.203942766395,1585.399999999999,509.80394276639595
8604,1900.7197037883643,1438.8000000000004,461.9197037883639
8605,1756.197624715846,1400.5,355.6976247158459
8606,1596.4620918152868,1291.9,304.56209181528675
8607,1503.6231420541549,1297.7000000000003,205.9231420541546
8608,1459.3845726977352,1332.000000000001,127.38457269773426
8609,1462.0975963046626,1412.9,49.19759630466251
8610,1491.663179704646,1526.7000000000014,-35.03682029535548
8611,1496.8083173786508,1577.6999999999998,-80.89168262134899
8612,1468.6672520322345,1539.1000000000001,-70.43274796776564
8613,1437.589744609225,1495.499999999999,-57.91025539077418
8614,1427.1189902869476,1505.2999999999988,-78.18100971305125
8615,1435.7037658689385,1556.6000000000004,-120.89623413106187
8616,1437.3202696128824,1582.7999999999993,-145.4797303871169
8617,0.0,1172.8000000000002,-1172.8000000000002
8618,0.0,1098.7000000000007,-1098.7000000000007
8619,0.0,1061.8999999999996,-1061.8999999999996
8620,0.0031171234932476,1110.5,-1110.4968828765068
8621,0.4325793209381402,1148.5999999999997,-1148.1674206790615
8622,2.025719437107813,1173.0,-1170.974280562892
8623,6.138564961486847,1124.6999999999994,-1118.5614350385126
8624,2013.679656219515,1584.9999999999989,428.6796562195161
8625,1962.223432529786,1594.6999999999991,367.52343252978676
8626,1849.3440171774785,1481.3000000000002,368.0440171774783
8627,1679.9460812099358,1316.8000000000004,363.14608120993535
8628,1533.6742287234465,1238.2000000000007,295.4742287234458
8629,1387.4276081390956,1160.3999999999999,227.02760813909572
8630,1268.0213632622776,1133.0,135.02136326227765
8631,1163.8723937229693,1064.2999999999995,99.57239372296976
8632,1149.054840267599,1155.2999999999997,-6.24515973240068
8633,1148.353631227772,1204.7999999999993,-56.44636877222729
8634,1185.8119489151077,1317.9000000000003,-132.08805108489264
8635,1212.2738532129874,1402.7,-190.4261467870126
8636,1216.261820257653,1421.3999999999999,-205.1381797423469
8637,1247.605668577109,1503.4999999999989,-255.89433142288976
8638,1268.823300621118,1549.5,-280.67669937888195
8639,1309.663817847716,1639.0000000000002,-329.3361821522842
8640,1344.0561735652448,1701.2999999999997,-357.24382643475496
8641,0.0,1315.1000000000001,-1315.1000000000001
8642,0.0,1325.1000000000004,-1325.1000000000004
8643,0.0,1301.9999999999998,-1301.9999999999998
8644,0.2511430260457531,1309.2,-1308.9488569739542
8645,0.8157344513624553,1264.6000000000001,-1263.7842655486377
8646,5.133196699201291,1322.1000000000001,-1316.9668033007988
8647,14.21362009297707,1336.8000000000009,-1322.5863799070237
8648,2100.7884765631,1834.5000000000007,266.2884765630995
8649,2036.6880324092265,1778.899999999999,257.7880324092275
8650,1949.3558827973752,1711.600000000001,237.75588279737417
8651,1821.5275546638609,1610.9000000000003,210.62755466386056
8652,1675.6533195022914,1465.7,209.95331950229138
8653,1541.3861416243749,1388.9999999999995,152.38614162437534
8654,1429.6245188861792,1334.100000000001,95.52451888617816
8655,1348.281707362879,1255.5000000000002,92.7817073628787
8656,1307.7691312294317,1221.2999999999997,86.46913122943192
8657,1304.8959401238965,1306.6999999999996,-1.8040598761031106
8658,1308.995715877271,1351.4999999999998,-42.50428412272868
8659,1297.9626711404717,1364.5000000000005,-66.53732885952877
8660,1253.64613456922,1292.4999999999998,-38.853865430779706
8661,1254.6711621920583,1335.500000000001,-80.82883780794259
8662,1251.5815378051836,1359.1000000000001,-107.5184621948165
8663,1239.7262015781564,1356.8,-117.07379842184355
8664,1253.3116470906314,1414.6999999999996,-161.38835290936822
8665,0.0,943.0999999999999,-943.0999999999999
8666,0.0,910.5,-910.5
8667,0.0,837.8999999999997,-837.8999999999997
8668,0.0,821.5999999999996,-821.5999999999996
8669,0.0,795.2,-795.2
8670,0.0,790.0000000000002,-790.0000000000002
8671,0.1027693622715081,796.9999999999998,-796.8972306377283
8672,1639.008683064668,1281.5999999999997,357.40868306466837
8673,1589.2429063678155,1283.0,306.2429063678155
8674,1533.427023724773,1281.1,252.3270237247732
8675,1415.1510901472868,1188.9000000000005,226.25109014728628
8676,1306.2908514056996,1119.4999999999998,186.79085140569987
8677,1231.492688682158,1080.4999999999998,150.99268868215813
8678,1163.631535348542,1012.7000000000006,150.9315353485414
8679,1111.6550811847517,1023.8000000000008,87.85508118475093
8680,1087.8870907032615,1027.8000000000006,60.087090703260856
8681,1050.4553775375257,999.6000000000006,50.8553775375251
8682,988.7532197748028,909.7,79.05321977480276
8683,963.448166162202,913.5999999999999,49.84816616220212
8684,927.7025236679028,889.3000000000001,38.402523667902756
8685,878.7065974686794,830.6999999999997,48.00659746867973
8686,854.3077421743468,832.6999999999997,21.607742174347095
8687,822.9554029644078,812.7,10.255402964407722
8688,799.7618959273997,809.3,-9.538104072600277
8689,0.0,353.8,-353.8
8690,0.0,377.2999999999999,-377.2999999999999
8691,0.0,419.9999999999999,-419.9999999999999
8692,0.0,345.59999999999985,-345.59999999999985
8693,0.0,418.59999999999985,-418.59999999999985
8694,0.0,474.6000000000002,-474.6000000000002
8695,0.0,429.60000000000025,-429.60000000000025
8696,1069.081162064663,916.7999999999998,152.28116206466314
8697,1023.4114542017356,888.5,134.91145420173564
8698,998.5901643817854,927.5999999999997,70.99016438178569
8699,936.804299664397,874.4999999999999,62.30429966439715
8700,916.7716976728584,926.9999999999997,-10.22830232714125
8701,890.5102605434796,940.7999999999998,-50.28973945652024
8702,874.9140090042623,978.5,-103.58599099573769
8703,892.0022748493218,1093.2000000000012,-201.1977251506794
8704,929.6957690317796,1198.6999999999996,-269.00423096822
8705,955.815993176909,1259.9,-304.08400682309104
8706,992.461156844638,1333.2000000000007,-340.7388431553627
8707,1023.3934025497764,1387.0999999999995,-363.70659745022306
8708,1036.1335945967264,1394.3999999999994,-358.266405403273
8709,1041.040828023318,1382.0,-340.959171976682
8710,1075.9525212177632,1445.7000000000005,-369.7474787822373
8711,1100.8860224399325,1479.6999999999998,-378.8139775600673
8712,1097.137721130996,1442.1000000000008,-344.9622788690049
8713,0.0,1023.2000000000006,-1023.2000000000006
8714,0.0,1117.9,-1117.9
8715,0.0,1133.2,-1133.2
8716,0.0,1228.6,-1228.6
8717,0.2501711892194617,1259.4,-1259.1498288107807
8718,0.953004259704068,1350.2999999999997,-1349.3469957402956
8719,5.754016266976796,1445.4000000000005,-1439.6459837330237
8720,1958.360015295964,1894.4000000000005,63.96001529596356
8721,1942.9895467738609,1917.3000000000004,25.689546773860457
8722,1891.1674649219035,1901.6000000000001,-10.432535078096635
8723,1880.4430362046407,1991.8000000000002,-111.35696379535943
8724,1785.9163597101135,1892.3999999999999,-106.48364028988635
8725,1675.3406762853149,1796.7000000000014,-121.35932371468652
8726,1621.4016486369478,1812.4000000000003,-190.9983513630525
8727,1593.7540133052992,1802.4000000000003,-208.64598669470115
8728,1610.8213545500755,1876.7000000000003,-265.87864544992476
8729,1625.4222658264284,1916.6000000000004,-291.17773417357193
8730,1692.7627787783165,2054.500000000001,-361.7372212216844
8731,1724.8360558873446,2102.499999999999,-377.66394411265446
8732,1717.340383737533,2053.2000000000007,-335.8596162624676
8733,1764.6639725960003,2143.7000000000016,-379.0360274040013
8734,1818.2861495066868,2241.2999999999997,-423.01385049331293
8735,1851.0993314902075,2277.2000000000007,-426.1006685097932
8736,1896.470734708308,2344.699999999999,-448.2292652916908
8737,3.0129327738596503,1928.4000000000012,-1925.3870672261417
8738,22.25584678676217,1969.999999999999,-1947.7441532132368
8739,75.13096295646409,2013.3999999999992,-1938.269037043535
8740,167.81316132207925,2033.3000000000004,-1865.4868386779212
8741,288.112979615988,2073.4000000000005,-1785.2870203840125
8742,404.4081724370544,2081.2000000000003,-1676.7918275629459
8743,533.1084665557124,2123.0999999999995,-1589.9915334442871
8744,2939.668194253652,2564.4999999999995,375.1681942536525
8745,2935.8185766182705,2670.9000000000005,264.91857661827
8746,2860.609262296381,2594.7000000000007,265.90926229638035
8747,2786.558130734056,2565.3999999999996,221.15813073405616
8748,2699.494112009557,2566.7,132.794112009557
8749,2613.090384412641,2588.2000000000007,24.890384412640287
8750,2558.7010133631297,2572.9999999999995,-14.298986636869813
8751,2513.128570585719,2581.699999999999,-68.57142941427992
8752,2489.8042244644635,2596.8999999999996,-107.09577553553618
8753,2473.1940473958352,2562.9,-89.70595260416485
8754,2486.2861409356,2610.3999999999996,-124.11385906439955
8755,2520.332016218986,2707.299999999998,-186.96798378101175
8756,2550.1883807844483,2781.2000000000003,-231.01161921555195
8757,2602.241179662038,2898.8000000000006,-296.5588203379625
8758,2663.9428129713115,3025.5000000000005,-361.557187028689
8759,2713.0425964870333,3109.4999999999986,-396.45740351296536
8760,2748.7090812219503,3151.6000000000017,-402.8909187780514
