hour,rc_heating_demand_kwh_h,simstadt_heating_demand_kwh_h,diff_heating_kwh_h
1,596.4727898354054,787.8999999999997,-191.42721016459438
2,678.631332777903,805.3000000000005,-126.6686672220975
3,759.060262477726,838.0999999999999,-79.03973752227387
4,783.9245789238914,826.6000000000001,-42.675421076108705
5,818.4537502314829,837.0,-18.5462497685171
6,839.0804165209655,839.4,-0.3195834790344634
7,837.9389162073501,826.3000000000002,11.638916207349894
8,839.0428821431623,819.8999999999999,19.14288214316241
9,848.727763818216,825.2000000000002,23.527763818215817
10,769.3810355284505,777.8000000000001,-8.418964471549543
11,692.9683147751147,781.2999999999998,-88.33168522488518
12,533.6224237669255,735.8999999999996,-202.27757623307411
13,398.4308691318699,712.0999999999999,-313.66913086813
14,313.8272946137274,717.6999999999999,-403.8727053862725
15,288.81554881582645,715.3,-426.4844511841735
16,328.91436992661846,737.4999999999997,-408.5856300733812
17,443.1641892531984,782.5999999999997,-339.4358107468013
18,604.2671525087546,845.8000000000001,-241.53284749124543
19,746.9031049125377,902.1000000000001,-155.1968950874624
20,829.2303209553867,916.9000000000002,-87.66967904461353
21,886.9412310002762,926.2000000000002,-39.258768999724
22,951.1957660510076,954.8,-3.6042339489923734
23,1000.6741549129296,977.5000000000002,23.17415491292934
24,1058.63827054511,1013.1999999999999,45.43827054510996
25,1110.4628259402368,1045.4999999999995,64.96282594023728
26,1102.4246663075617,1018.6999999999997,83.72466630756196
27,1118.0189615888223,1025.2999999999997,92.7189615888226
28,1125.714315172282,1025.8999999999996,99.81431517228248
29,1118.9972124004696,1014.1999999999999,104.79721240046968
30,1104.8572760697905,997.2,107.65727606979044
31,1123.675070271536,1016.5999999999999,107.0750702715361
32,1139.2586596755257,1029.6999999999996,109.55865967552609
33,1115.5391841966537,1003.0000000000001,112.53918419665354
34,1069.9640732779446,984.4000000000002,85.56407327794443
35,1024.1442836898775,952.1000000000001,72.04428368987737
36,888.6374382853776,913.3000000000001,-24.662561714622484
37,796.0706620469746,893.4000000000001,-97.32933795302552
38,685.1779999293881,883.4000000000002,-198.22200007061213
39,585.513777410993,853.5000000000002,-267.9862225890072
40,647.3194612537951,872.6999999999996,-225.38053874620448
41,748.0632365421925,911.1000000000004,-163.03676345780787
42,853.7443987680017,951.7,-97.95560123199834
43,917.453430609856,958.9999999999999,-41.54656939014387
44,960.725780189778,962.2,-1.4742198102220527
45,1001.2417847110962,975.0000000000002,26.24178471109599
46,1024.431393614252,976.9000000000003,47.53139361425178
47,1042.2244070195393,979.3000000000002,62.9244070195391
48,1053.4522553192378,980.1000000000001,73.35225531923766
49,1060.6730135534538,979.6000000000001,81.07301355345362
50,1063.5754530829806,977.4000000000002,86.17545308298043
51,1073.7051480682494,984.2000000000002,89.50514806824924
52,1096.7636463723452,1004.1000000000001,92.66364637234506
53,1110.3029097847766,1013.0999999999999,97.2029097847767
54,1102.1088288978674,999.6999999999999,102.40882889786747
55,1133.3089570733723,1029.3999999999996,103.90895707337268
56,1123.9176998548255,1015.1,108.81769985482549
57,1115.5655889702336,1005.8999999999999,109.66558897023378
58,1101.7265952896091,1010.8999999999999,90.82659528960926
59,1055.1988861496989,984.5000000000002,70.69888614969864
60,946.1260595551684,975.8000000000003,-29.673940444831942
61,778.2083138447823,934.6,-156.3916861552177
62,643.8569974290934,911.8000000000002,-267.94300257090674
63,572.3865370660052,895.5000000000002,-323.11346293399504
64,583.2837474507756,891.6000000000001,-308.3162525492245
65,667.0927230206698,902.3000000000002,-235.20727697933035
66,788.4420769654611,937.7,-149.25792303453898
67,890.2586066869203,969.8000000000002,-79.54139331307988
68,965.8697782620022,992.7999999999998,-26.930221737997613
69,1035.4413298828354,1023.1000000000001,12.341329882835225
70,1089.309735311579,1045.7999999999997,43.509735311579334
71,1134.5729555585456,1066.6000000000006,67.97295555854498
72,1169.445509584828,1080.9000000000005,88.54550958482741
73,1197.073489265456,1093.7000000000005,103.37348926545542
74,1210.3719457998818,1094.3000000000004,116.0719457998814
75,1209.2985911869832,1083.8000000000004,125.49859118698282
76,1221.3288670016375,1091.7000000000003,129.62886700163722
77,1223.7081921119634,1089.8000000000002,133.90819211196322
78,1220.9665128654265,1083.2000000000005,137.76651286542597
79,1200.0461085196212,1061.5000000000002,138.54610851962093
80,1163.239506750904,1026.2999999999997,136.93950675090423
81,1127.7268777123372,996.1,131.6268777123372
82,1043.1895718009605,945.2000000000004,97.9895718009601
83,881.6951591924386,859.8999999999995,21.795159192439087
84,685.3977403041536,792.0000000000001,-106.60225969584656
85,498.9957678474794,731.8999999999995,-232.90423215252014
86,382.6963658758292,707.0999999999996,-324.40363412417037
87,349.4250764051725,715.3,-365.87492359482746
88,384.5242486655581,709.4999999999998,-324.97575133444167
89,448.3246668295008,723.0999999999999,-274.7753331704991
90,525.1206194163715,730.3999999999995,-205.27938058362804
91,583.9949610036161,727.4999999999995,-143.5050389963834
92,608.2737251348944,709.5999999999998,-101.32627486510535
93,657.7718160537224,732.5999999999996,-74.82818394627714
94,692.4643270452644,745.1999999999998,-52.73567295473538
95,716.3220519551265,753.5000000000003,-37.1779480448738
96,730.8736068581538,755.2000000000003,-24.326393141846438
97,739.1052668119918,754.8000000000003,-15.694733188008513
98,752.0420895425389,760.6000000000001,-8.557910457461276
99,788.937766797221,792.1,-3.1622332027790208
100,815.268808918964,811.8000000000001,3.468808918963987
101,845.2109291075969,833.3000000000003,11.910929107596644
102,865.7375165289174,846.2,19.53751652891731
103,903.1511266631712,876.4999999999998,26.651126663171453
104,922.4002964253184,887.3000000000002,35.10029642531822
105,948.1602343584432,905.3000000000002,42.860234358442995
106,939.120500640264,902.7000000000002,36.42050064026387
107,919.6675454808218,917.7000000000003,1.9675454808215136
108,897.0170419251318,926.2000000000002,-29.18295807486834
109,877.6828298035322,928.5000000000001,-50.81717019646794
110,874.366832635294,950.2000000000002,-75.83316736470613
111,907.707001441264,1000.0,-92.29299855873603
112,916.841976448488,995.4999999999999,-78.65802355151186
113,992.3121938523636,1040.2999999999993,-47.98780614763564
114,1084.395887883323,1085.1000000000004,-0.7041121166773792
115,1134.0614693806683,1092.0000000000002,42.061469380668086
116,1144.9171189426952,1072.0000000000007,72.91711894269451
117,1192.7959880048627,1100.9000000000003,91.89598800486237
118,1250.5084699043523,1141.6,108.90846990435239
119,1315.4507447037813,1189.3000000000002,126.15074470378113
120,1339.7799939138224,1195.6999999999998,144.0799939138226
121,1380.430880043851,1223.4999999999993,156.93088004385163
122,1395.1954714331428,1225.1999999999996,169.99547143314317
123,1377.412002499642,1198.4,179.012002499642
124,1377.5594739986798,1195.6,181.95947399867987
125,1328.9634224183326,1145.1999999999996,183.763422418333
126,1288.0687470193984,1109.4000000000003,178.6687470193981
127,1266.816554530575,1096.2000000000005,170.6165545305746
128,1251.1749583124777,1087.1000000000004,164.0749583124773
129,1229.1991696084085,1072.4000000000005,156.79916960840796
130,1164.4990136410822,1029.7999999999995,134.69901364108273
131,1014.3418723232816,971.3000000000003,43.04187232328127
132,833.3023750771076,919.0000000000002,-85.6976249228926
133,629.1181834925171,846.4000000000001,-217.28181650748297
134,469.53289258106577,791.8000000000001,-322.2671074189343
135,393.2128122662447,767.0000000000002,-373.7871877337555
136,357.82412718264845,731.1999999999996,-373.37587281735114
137,409.0308647214786,731.9999999999995,-322.9691352785209
138,517.1331479503119,755.2000000000003,-238.06685204968835
139,561.0210575058653,724.2999999999998,-163.27894249413453
140,604.6204697640818,720.3999999999997,-115.77953023591795
141,643.8326140602269,726.6999999999996,-82.8673859397727
142,666.4776975298074,726.1999999999996,-59.722302470192176
143,683.4836886402027,726.8999999999996,-43.416311359796964
144,691.7254935635591,723.8999999999999,-32.174506436440765
145,687.8043457103757,711.0999999999998,-23.295654289624053
146,707.8681710860616,728.1999999999996,-20.33182891393801
147,716.6133424711315,732.5999999999996,-15.986657528868022
148,730.7699700088847,742.3999999999997,-11.630029991115066
149,763.7089194744152,772.6999999999998,-8.991080525584607
150,754.7846916598168,757.1,-2.3153083401832646
151,761.2953183751824,760.5000000000002,0.7953183751822053
152,779.4335188937612,776.4,3.0335188937611974
153,770.398225425327,763.5999999999998,6.798225425327246
154,691.054927501931,714.1999999999999,-23.145072498068885
155,591.2617612029813,695.7999999999998,-104.5382387970185
156,457.4558426053678,660.4999999999999,-203.04415739463207
157,314.6694660827817,633.6,-318.9305339172183
158,155.9473881209171,579.9,-423.95261187908284
159,73.28580270578675,558.5,-485.21419729421325
160,72.1493918507763,554.8000000000001,-482.6506081492238
161,183.98322240157796,606.8999999999999,-422.9167775984219
162,317.18301770339554,640.4999999999999,-323.31698229660435
163,452.2999041580039,689.6999999999999,-237.400095841996
164,526.9385946549164,698.5999999999998,-171.66140534508338
165,613.7608874643853,739.2999999999997,-125.53911253561444
166,658.9398797559478,745.6999999999998,-86.76012024405202
167,734.0139452013835,793.8000000000003,-59.78605479861676
168,769.3752637925114,805.4000000000005,-36.02473620748913
169,803.9923816509483,821.0999999999999,-17.107618349051563
170,813.1750039062633,815.1,-1.924996093736695
171,830.4886718947456,822.6,7.888671894745585
172,808.5956412314127,792.2,16.395641231412696
173,801.1378645461532,783.1999999999997,17.93786454615349
174,770.2676776845142,753.5000000000003,16.767677684513842
175,765.9591146427692,753.0000000000003,12.959114642768895
176,752.5350936548655,741.1999999999998,11.33509365486566
177,746.1202723271505,738.8999999999997,7.220272327150724
178,715.6430395749911,720.9999999999998,-5.356960425008651
179,664.1366304387526,680.3000000000002,-16.163369561247578
180,606.5278915450386,645.9,-39.372108454961335
181,567.3735259716116,659.1999999999997,-91.82647402838813
182,523.8925321714097,641.0999999999999,-117.20746782859021
183,526.6052040196272,656.1999999999997,-129.5947959803725
184,521.9334420066048,651.3999999999997,-129.46655799339499
185,523.7621640199994,644.3,-120.53783598000052
186,551.5428109708678,651.3999999999997,-99.85718902913197
187,588.2221927156835,669.2000000000002,-80.97780728431667
188,566.3735528634056,631.0,-64.62644713659438
189,550.6910268726389,609.1999999999999,-58.50897312736106
190,549.7679117960622,607.4999999999999,-57.73208820393768
191,522.37217981252,579.1,-56.727820187480006
192,497.8934003851177,557.1,-59.20659961488235
193,459.3557383213727,523.6,-64.24426167862731
194,453.2550372407489,525.5,-72.24496275925111
195,468.7410094216964,545.7999999999998,-77.05899057830345
196,472.99366971732087,550.5,-77.50633028267913
197,450.447188137847,528.5000000000001,-78.05281186215313
198,420.6262800961565,501.2,-80.57371990384348
199,438.9312325106741,525.5,-86.56876748932592
200,432.6557842356582,519.4,-86.74421576434179
201,443.7075796774719,531.5000000000001,-87.79242032252819
202,400.372361160986,490.9000000000002,-90.52763883901423
203,376.960548674842,485.3000000000002,-108.33945132515817
204,355.20971490371204,491.60000000000025,-136.3902850962882
205,309.10336948525656,483.00000000000034,-173.89663051474378
206,239.2550147841957,443.0000000000001,-203.7449852158044
207,181.82126085480385,403.90000000000003,-222.07873914519618
208,165.18144367245307,391.4000000000001,-226.21855632754702
209,185.25135125939528,397.3,-212.04864874060473
210,194.41303421279943,386.60000000000014,-192.1869657872007
211,212.45985416524343,390.1,-177.6401458347566
212,225.8843183709422,393.9000000000001,-168.0156816290579
213,227.8557568965892,388.1000000000001,-160.24424310341087
214,233.155507198712,388.80000000000007,-155.64449280128807
215,228.0783552888705,379.8000000000003,-151.72164471112978
216,205.1085424445301,356.79999999999995,-151.69145755546987
217,211.95595521592665,365.39999999999986,-153.4440447840732
218,225.4370560235524,378.5000000000003,-153.06294397644788
219,242.803303394814,395.20000000000005,-152.39669660518604
220,265.3035800435119,414.9,-149.5964199564881
221,290.931562168079,435.5999999999998,-144.6684378319208
222,319.41643764582494,458.2000000000002,-138.78356235417527
223,355.3250432990201,488.2000000000003,-132.8749567009802
224,373.3932257595311,496.90000000000003,-123.50677424046893
225,377.7772202258754,493.20000000000016,-115.42277977412476
226,367.2966596366449,506.49999999999966,-139.20334036335476
227,293.15865932300864,508.1999999999997,-215.04134067699107
228,208.00838274982908,498.0000000000001,-289.99161725017103
229,191.6977841869474,485.20000000000016,-293.50221581305277
230,165.4478957808215,491.9000000000002,-326.4521042191787
231,123.22854789406088,484.4000000000002,-361.17145210593935
232,160.3174908725397,531.2,-370.88250912746037
233,237.18377074008737,564.1999999999997,-327.01622925991234
234,353.3824715111588,610.4000000000001,-257.01752848884126
235,418.2404677133935,613.1000000000001,-194.85953228660662
236,496.05630822145247,647.9999999999999,-151.94369177854742
237,575.3287905671319,692.6999999999998,-117.37120943286789
238,660.116632208956,747.8,-87.6833677910439
239,727.4691485004114,788.0999999999998,-60.6308514995884
240,779.9700182463692,816.6999999999999,-36.72998175363068
241,829.8510563525709,846.1,-16.248943647429087
242,849.9136284484907,848.1,1.8136284484907037
243,863.5485510146021,849.2000000000002,14.34855101460198
244,874.5879118352225,851.6000000000001,22.98791183522235
245,876.8150037854205,846.5,30.31500378542046
246,874.5251640203448,840.0,34.525164020344846
247,873.3856758828603,837.1,36.28567588286023
248,859.7612437147181,822.4,37.36124371471817
249,871.6893577308477,835.6000000000001,36.08935773084761
250,817.4643044983563,797.3000000000002,20.16430449835616
251,742.8636983734676,799.4000000000002,-56.53630162653258
252,558.1421095049278,732.8999999999995,-174.7578904950717
253,404.2526420238143,717.6999999999999,-313.44735797618563
254,290.24277010846896,668.4000000000001,-378.15722989153113
255,274.9731200551162,678.1000000000003,-403.126879944884
256,320.0189554630278,702.9000000000001,-382.8810445369723
257,448.9479034089239,762.0999999999999,-313.15209659107603
258,534.354319785318,757.8,-223.44568021468194
259,617.2457013611368,770.6,-153.35429863886327
260,700.170819867357,803.3000000000005,-103.12918013264357
261,758.1446100187158,822.4,-64.25538998128422
262,816.1842635675121,851.6000000000001,-35.415736432488075
263,836.8277638268842,847.5000000000001,-10.672236173115948
264,859.9626664021597,854.5999999999999,5.362666402159789
265,872.6707487153768,855.1,17.570748715376794
266,896.3758136639025,869.8999999999995,26.475813663902954
267,898.8210522757558,862.9999999999995,35.8210522757563
268,900.5248802573645,861.2999999999995,39.224880257365044
269,885.7121512094309,842.8000000000001,42.91215120943082
270,899.4076410578099,857.2999999999997,42.107641057810156
271,889.6156844498755,845.7000000000002,43.91568444987536
272,898.8394691146323,855.4000000000001,43.439469114632175
273,903.4464468683136,858.5999999999996,44.84644686831405
274,840.2226972257967,830.3,9.922697225796696
275,776.8083367382748,802.4000000000003,-25.591663261725557
276,673.6099124265313,754.5000000000003,-80.89008757346903
277,533.3850560668853,715.1999999999999,-181.8149439331146
278,401.5510329249128,689.7999999999998,-288.248967075087
279,297.1566711239084,669.4000000000001,-372.2433288760917
280,278.136946945288,670.6000000000001,-392.46305305471213
281,318.8426685462881,662.8999999999997,-344.05733145371164
282,417.0253333717661,677.4000000000003,-260.3746666282342
283,493.0154653900747,681.5000000000002,-188.4845346099255
284,539.9751984340677,678.5000000000002,-138.52480156593253
285,601.6562841162715,706.0999999999998,-104.44371588372826
286,633.3894734572857,710.1999999999998,-76.81052654271411
287,652.9894668987547,709.9999999999999,-57.01053310124519
288,677.3391123148766,721.4999999999998,-44.16088768512316
289,662.4978124477992,695.4999999999999,-33.00218755220067
290,666.4099099380027,695.4999999999999,-29.090090061997216
291,665.8353327973813,691.1999999999996,-25.364667202618307
292,666.303984114589,690.2999999999998,-23.996015885410884
293,676.8389965763232,699.9999999999999,-23.161003423676675
294,685.5314009248825,706.3999999999997,-20.86859907511723
295,671.5303385404051,689.9999999999998,-18.469661459594704
296,670.6121663567546,689.6999999999999,-19.08783364324529
297,666.6487136491597,686.5999999999999,-19.951286350840178
298,657.0306839423731,685.4,-28.36931605762686
299,552.5237978607292,647.4,-94.87620213927073
300,461.2841317218073,623.9999999999999,-162.7158682781926
301,357.0862808035421,594.7000000000003,-237.6137191964582
302,289.2470171375325,582.5000000000002,-293.2529828624677
303,264.38584263840204,577.3000000000001,-312.91415736159803
304,277.53480264804875,553.7,-276.1651973519513
305,327.8617349776554,583.4000000000001,-255.53826502234472
306,366.070994698888,576.0,-209.929005301112
307,415.5972169157741,581.8000000000002,-166.2027830842261
308,456.2168413908708,590.6000000000001,-134.38315860912934
309,484.7394194913168,597.6000000000003,-112.86058050868343
310,540.0110889427993,637.8000000000002,-97.78891105720083
311,550.9036635336529,631.2,-80.29633646634716
312,575.4880663968104,645.1,-69.61193360318964
313,593.8543287883205,654.6999999999998,-60.84567121167936
314,595.9326600455721,648.4999999999998,-52.567339954427666
315,601.7260801797523,649.4999999999998,-47.77391982024744
316,585.2974578085543,630.1,-44.802542191445696
317,572.048729836815,617.3000000000001,-45.25127016318504
318,560.766060801584,607.7999999999998,-47.03393919841585
319,572.5935307562723,621.8,-49.20646924372761
320,580.2795491811929,628.9,-48.62045081880706
321,588.0954716332574,637.1,-49.00452836674265
322,570.0075030747936,623.4999999999999,-53.4924969252063
323,535.7198381207401,612.9000000000002,-77.18016187926014
324,447.1645291400226,623.9999999999999,-176.8354708599773
325,309.999571233994,601.0,-291.000428766006
326,265.382281838525,584.4000000000002,-319.0177181614752
327,181.92012732724825,545.7999999999998,-363.8798726727516
328,136.00165926256898,518.6999999999999,-382.69834073743095
329,208.142901642799,545.9999999999998,-337.8570983572008
330,286.8194712890097,552.0000000000001,-265.1805287109904
331,368.5436722170202,577.8000000000001,-209.2563277829799
332,424.174927971734,589.2,-165.02507202826604
333,460.3494906743703,594.8000000000002,-134.45050932562987
334,485.166966364708,597.3000000000003,-112.13303363529229
335,517.7265491572762,613.5000000000001,-95.77345084272395
336,516.7055175838694,599.6000000000001,-82.8944824161307
337,532.0278006602589,607.4999999999999,-75.472199339741
338,550.5079825486794,620.5999999999999,-70.09201745132054
339,573.8544164275072,638.2,-64.34558357249284
340,604.3899325110114,661.2999999999998,-56.91006748898849
341,620.650318227701,670.1000000000001,-49.449681772299186
342,627.0188133035524,670.0000000000001,-42.98118669644771
343,631.847819577032,670.4000000000002,-38.55218042296815
344,662.7173194512953,698.9999999999999,-36.28268054870455
345,676.0005359573959,705.9999999999998,-29.999464042603904
346,673.6717145283911,720.9999999999998,-47.32828547160864
347,592.5377636529731,697.3,-104.76223634702683
348,506.2451042088346,681.2000000000003,-174.95489579116565
349,448.7298842697624,674.1000000000001,-225.37011573023773
350,440.9249141798948,696.0999999999999,-255.1750858201051
351,404.8348456618917,699.7999999999998,-294.96515433810816
352,386.0100201175719,706.1999999999997,-320.1899798824278
353,462.1534275274041,727.8999999999996,-265.7465724725955
354,563.3925732856479,754.7000000000003,-191.30742671435235
355,628.9864029179859,759.9000000000001,-130.91359708201423
356,699.9808948268984,788.5999999999999,-88.6191051731015
357,728.5397551666013,783.7999999999998,-55.26024483339859
358,775.4112639425766,809.8000000000001,-34.38873605742344
359,790.1430004744907,805.4000000000005,-15.256999525509855
360,784.0397897619774,785.6999999999998,-1.6602102380223869
361,784.4444661268768,780.6999999999998,3.7444661268770005
362,802.003378776629,793.7000000000003,8.303378776628733
363,826.9912271095909,815.1,11.891227109590886
364,823.6043514817158,806.4000000000005,17.204351481715207
365,818.1070934966021,797.3000000000002,20.807093496601965
366,853.4784911457791,831.6,21.878491145779094
367,866.8756560287003,840.1,26.77565602870027
368,880.1872489027854,849.5000000000002,30.6872489027852
369,879.3533894543295,844.1999999999999,35.15338945432961
370,848.8760536019824,853.4000000000002,-4.523946398017756
371,708.9954074453597,794.0000000000001,-85.00459255464045
372,573.9351669614473,777.7,-203.76483303855275
373,434.6380548661477,758.8000000000002,-324.1619451338525
374,318.3658910496872,739.7999999999997,-421.4341089503125
375,279.65463764823176,750.4000000000001,-470.74536235176834
376,320.86858705484593,783.4999999999998,-462.63141294515384
377,443.369638194333,838.6999999999999,-395.33036180566694
378,597.9008646660466,877.1999999999997,-279.29913533395313
379,723.5810290022185,900.5000000000003,-176.9189709977818
380,814.053914260124,917.2000000000003,-103.1460857398763
381,882.8572220664803,933.4000000000002,-50.542777933519915
382,961.1321104766236,972.9000000000002,-11.767889523376653
383,1030.1931230227135,1009.2999999999998,20.893123022713667
384,1085.489386705689,1038.2999999999995,47.18938670568946
385,1159.5253759881564,1090.2,69.32537598815634
386,1190.1699728084284,1098.1000000000001,92.06997280842825
387,1212.3303188255975,1103.5000000000005,108.83031882559703
388,1213.1418865402766,1092.3000000000004,120.84188654027616
389,1221.8387322319256,1094.2000000000005,127.63873223192513
390,1214.7517384399737,1080.9000000000005,133.85173843997313
391,1211.2753179124325,1075.7000000000005,135.57531791243196
392,1200.5510226722688,1063.6000000000006,136.9510226722682
393,1154.4808409280088,1018.7999999999997,135.68084092800905
394,1060.112537466824,974.5000000000002,85.61253746682382
395,914.3674718056184,926.8000000000002,-12.432528194381803
396,752.3259765283285,878.0999999999997,-125.77402347167117
397,570.0400662946839,812.1000000000001,-242.0599337053162
398,403.6925883171433,755.2000000000003,-351.50741168285697
399,353.9438909045796,762.3999999999999,-408.4561090954203
400,323.29451638382176,739.3999999999997,-416.105483616178
401,365.4359621071192,733.1999999999996,-367.76403789288037
402,486.678219831104,759.7,-273.02178016889604
403,558.3687936252826,744.7999999999998,-186.43120637471725
404,614.2102325639172,743.5999999999999,-129.3897674360827
405,699.7788677786349,789.5,-89.72113222136511
406,705.089969013621,761.9,-56.81003098637893
407,729.0840283746536,766.0000000000001,-36.915971625346515
408,730.2728366952731,753.5000000000003,-23.22716330472724
409,691.4215477068493,705.6999999999997,-14.278452293150394
410,718.1145359652716,732.6999999999996,-14.585464034728034
411,742.4663794304931,754.6000000000003,-12.133620569507116
412,749.5112102707292,755.9000000000001,-6.388789729270911
413,756.0751500377276,759.1000000000001,-3.024849962272583
414,763.8355625576324,763.2999999999998,0.535562557632602
415,790.7118103650785,787.5999999999999,3.1118103650785542
416,808.783440564477,800.7000000000004,8.083440564476632
417,799.6774264001059,785.9999999999998,13.677426400106128
418,759.3606535511976,759.9000000000001,-0.539346448802462
419,707.7282106374408,761.8,-54.071789362559116
420,629.6843928663385,739.0999999999997,-109.41560713366118
421,557.0174597456631,716.5,-159.48254025433687
422,527.9215812578299,719.3999999999997,-191.47841874216988
423,531.3942901668054,720.2999999999997,-188.90570983319435
424,567.4378908925682,752.0000000000002,-184.56210910743198
425,597.740162901031,763.2999999999998,-165.55983709896884
426,643.8569326899982,764.9999999999999,-121.1430673100017
427,721.6422710582732,803.3000000000005,-81.65772894172733
428,759.0350656914429,808.4000000000007,-49.364934308557736
429,823.4754391181921,849.5000000000002,-26.024560881808156
430,858.3853604940075,862.0999999999996,-3.714639505992068
431,869.8684876212644,857.9999999999997,11.868487621264762
432,870.8784219208045,847.9000000000001,22.978421920804408
433,892.6662125433395,862.3999999999995,30.266212543339975
434,918.499360558755,882.8000000000002,35.69936055875485
435,956.3751158542892,913.9,42.47511585428924
436,989.3694912009884,938.6000000000001,50.76949120098823
437,974.8476990578316,914.0,60.84769905783162
438,969.50486122401,905.8000000000002,63.704861224009846
439,956.4886301808737,891.4000000000002,65.08863018087345
440,963.8597607570472,898.8000000000003,65.05976075704689
441,945.2793623541432,880.0999999999999,65.17936235414334
442,917.0059793797814,878.7999999999997,38.20597937978164
443,877.8755648416542,891.4000000000002,-13.524435158346023
444,765.4167389475446,853.8000000000002,-88.38326105245562
445,708.6152353943284,836.6,-127.98476460567167
446,553.5876979938844,812.0000000000001,-258.41230200611574
447,455.4997822078315,772.9999999999999,-317.50021779216837
448,481.52528626745095,785.7999999999998,-304.2747137325489
449,553.1975159401195,784.3999999999999,-231.20248405988036
450,615.1520553268882,772.4999999999999,-157.34794467311167
451,694.2325043472698,799.6000000000003,-105.36749565273044
452,754.9853492387518,821.0999999999999,-66.11465076124807
453,815.9448808237058,852.9000000000003,-36.95511917629449
454,861.007575833987,872.5999999999997,-11.592424166012734
455,862.6742003493903,854.5999999999999,8.074200349390367
456,859.1272714743858,838.9,20.227271474385816
457,877.1158886170344,851.6000000000001,25.515888617034307
458,914.620657950399,882.5000000000001,32.120657950398936
459,923.9548634701932,884.0000000000002,39.954863470193004
460,961.866771763434,916.4000000000001,45.46677176343394
461,964.9064081128216,911.1000000000004,53.80640811282126
462,977.4654635115612,918.5000000000003,58.96546351156087
463,982.3391930924828,918.8000000000003,63.53919309248249
464,988.681317292336,922.1000000000003,66.58131729233571
465,994.0780619828104,925.1000000000001,68.97806198281023
466,922.2719223820832,881.4,40.8719223820832
467,803.0034396703634,856.6999999999997,-53.69656032963633
468,643.9716121178576,820.8999999999999,-176.92838788214226
469,489.14270486301314,790.0,-300.85729513698686
470,378.6501589734014,770.6,-391.9498410265986
471,303.3457193170673,748.0,-444.6542806829327
472,302.4169714194568,727.6999999999996,-425.2830285805428
473,412.83465392106257,739.7999999999997,-326.96534607893716
474,500.6726642413784,728.8999999999995,-228.2273357586211
475,582.1797510650288,741.9999999999998,-159.820248934971
476,657.5996355776799,769.5,-111.90036442232008
477,685.0432928374615,759.5,-74.45670716253846
478,726.7683307735102,776.4,-49.63166922648975
479,753.2929182908312,783.1999999999997,-29.90708170916855
480,769.3190286361277,784.5999999999998,-15.28097136387214
481,779.2104645315663,784.4999999999998,-5.289535468433428
482,827.5487554866138,826.5000000000001,1.0487554866136861
483,837.846477709326,826.7000000000002,11.146477709325836
484,871.9547704480082,854.0000000000001,17.95477044800805
485,878.4415815387132,852.2000000000003,26.24158153871292
486,878.140708202963,845.7000000000002,32.44070820296281
487,893.1970793112453,857.7999999999996,35.39707931124565
488,887.8384229202084,848.1,39.738422920208336
489,871.4627392868667,829.9999999999999,41.46273928686685
490,809.1066357654544,797.4000000000002,11.706635765454166
491,685.6327546151343,770.6,-84.96724538486569
492,512.3665550425062,722.4999999999999,-210.13344495749368
493,422.54335178902704,735.7999999999996,-313.25664821097257
494,297.7740711028754,704.4,-406.6259288971246
495,218.5120440638252,701.7,-483.18795593617483
496,210.24206016745467,706.0999999999998,-495.8579398325451
497,264.9168268751999,705.6999999999997,-440.7831731247998
498,413.0235940497416,743.3999999999999,-330.3764059502583
499,523.4515517519133,753.5000000000003,-230.04844824808708
500,635.1423558093641,793.2000000000002,-158.0576441906361
501,683.4226766304672,786.7999999999998,-103.37732336953263
502,758.9580398143789,826.5000000000001,-67.54196018562118
503,800.41463542956,836.6,-36.185364570440015
504,849.3500876510925,862.0999999999996,-12.74991234890706
505,878.5032814459748,872.8999999999995,5.603281445975313
506,876.5640575493692,856.6999999999997,19.864057549369477
507,882.7066665298316,854.6999999999999,28.006666529831705
508,897.6574253862245,862.9999999999995,34.657425386224986
509,918.1556748464146,878.5999999999997,39.555674846414945
510,954.1819391565548,910.4000000000003,43.78193915655447
511,982.1621943359638,929.5,52.66219433596382
512,998.0917282754842,938.6000000000001,59.49172827548409
513,988.4378469427164,921.4000000000001,67.03784694271633
514,952.9658517585864,893.4000000000001,59.56585175858629
515,895.4197152730414,861.3999999999995,34.019715273041925
516,767.467155245583,831.9000000000001,-64.43284475441715
517,721.485927288931,823.4000000000001,-101.91407271106914
518,634.2812185939376,800.7000000000004,-166.41878140606275
519,536.9712989356924,800.1000000000003,-263.12870106430785
520,545.4120157868466,826.8000000000002,-281.3879842131536
521,606.3975176476876,836.1000000000003,-229.7024823523127
522,679.9399468789265,838.0999999999999,-158.16005312107336
523,758.0851096698942,856.8999999999997,-98.81489033010553
524,793.0539173260371,847.3000000000001,-54.246082673962974
525,827.0307291831352,851.8000000000002,-24.769270816864946
526,871.1479819239564,875.0999999999996,-3.952018076043146
527,914.167977962568,899.6000000000001,14.567977962567852
528,960.2296947867392,930.1999999999999,30.029694786739242
529,984.8881685803932,941.2000000000002,43.68816858039304
530,995.640123781102,940.7000000000003,54.94012378110176
531,1035.2705659894998,972.1000000000001,63.170565989499664
532,1025.478450976696,951.9000000000001,73.57845097669588
533,1038.394703523351,960.7999999999998,77.59470352335109
534,1025.824716885367,944.2000000000004,81.62471688536664
535,1051.0900603782532,969.3000000000002,81.79006037825297
536,1054.7602247962404,969.5000000000002,85.26022479624021
537,1031.9672508871724,943.3000000000002,88.66725088717226
538,975.361555654144,906.3000000000001,69.06155565414394
539,845.6772536232247,862.0999999999996,-16.422746376774853
540,671.7747409573393,808.7000000000005,-136.9252590426612
541,504.50015806128886,775.4000000000001,-270.89984193871123
542,339.52866453911435,724.4999999999997,-384.9713354608853
543,261.9257579930548,719.2999999999997,-457.37424200694494
544,291.9976970641712,737.9999999999998,-446.0023029358286
545,366.7838167008189,745.9999999999999,-379.216183299181
546,482.4078338710309,766.0000000000001,-283.5921661289692
547,581.46657516446,777.5,-196.03342483554002
548,656.2351969113598,787.6999999999998,-131.46480308864
549,716.7000187120688,802.8000000000004,-86.09998128793166
550,783.6814992757231,836.5000000000001,-52.81850072427699
551,830.424549029261,855.6999999999999,-25.275450970738916
552,883.8630481787961,887.9000000000002,-4.03695182120407
553,898.3391949522323,882.4000000000001,15.939194952232242
554,906.375467756196,877.5999999999997,28.77546775619635
555,921.4324478881108,884.2000000000002,37.23244788811064
556,922.1862946680884,878.1999999999996,43.98629466808882
557,961.7615424127686,914.0,47.76154241276856
558,980.590701512464,926.2000000000002,54.39070151246381
559,973.3174583466896,911.8000000000002,61.51745834668941
560,959.095291265304,894.7000000000002,64.39529126530385
561,932.3423613888608,867.8999999999994,64.4423613888614
562,869.860212846277,837.1999999999999,32.66021284627709
563,798.7842696601236,821.3,-22.515730339876313
564,744.1454124092725,804.8000000000006,-60.65458759072817
565,653.7168593827714,775.0,-121.28314061722858
566,537.031018114134,756.7000000000002,-219.66898188586617
567,413.8882939329647,739.3999999999997,-325.51170606703505
568,367.31151319818895,743.6999999999999,-376.388486801811
569,403.1908848652302,759.1000000000001,-355.90911513476993
570,497.2479607708544,767.3000000000003,-270.0520392291459
571,592.1149051190172,779.0,-186.88509488098282
572,673.003103831239,797.3000000000002,-124.29689616876124
573,703.8353285316557,783.1999999999997,-79.364671468344
574,745.1855393988953,795.3000000000002,-50.11446060110484
575,762.8555605027223,790.7999999999998,-27.944439497277585
576,759.4204789074898,773.0999999999999,-13.679521092510072
577,766.2149287720483,772.1,-5.885071227951698
578,793.0539202798218,792.8000000000001,0.2539202798217275
579,806.3678590733092,800.1000000000003,6.267859073308955
580,774.9960015249486,763.1999999999998,11.796001524948792
581,760.2214568597784,748.0,12.221456859778414
582,763.7863008548036,755.2000000000003,8.586300854803312
583,755.4030226363693,746.0999999999999,9.303022636369406
584,731.279584844537,724.5999999999997,6.679584844537317
585,711.0795330303895,708.0999999999996,2.9795330303899163
586,669.7409752213985,689.3999999999999,-19.659024778601406
587,560.8252524343886,652.8999999999999,-92.07474756561123
588,419.4960421540322,611.5,-192.00395784596782
589,264.6020976896703,583.7000000000002,-319.09790231032986
590,117.7760316211076,570.7999999999998,-453.0239683788922
591,35.518336494798454,546.9999999999998,-511.4816635052013
592,28.450865883478443,530.5,-502.04913411652154
593,84.91883466402422,534.7,-449.78116533597586
594,176.8906216339022,534.6,-357.7093783660978
595,260.684392374362,537.5000000000001,-276.8156076256381
596,309.0248480827356,527.1,-218.0751519172644
597,368.9890492112859,547.8999999999999,-178.910950788714
598,417.1969413834387,565.8999999999997,-148.70305861656107
599,458.6147014464379,583.8000000000002,-125.18529855356229
600,481.0693416672149,587.6000000000001,-106.53065833278521
601,486.9408893628767,580.8000000000002,-93.85911063712348
602,527.4096724881106,612.9000000000002,-85.49032751188963
603,569.8823308425103,646.0,-76.11766915748967
604,600.4320405826736,666.0000000000001,-65.5679594173265
605,634.445720710601,689.1999999999998,-54.75427928939882
606,638.6898712092225,683.3000000000001,-44.610128790777594
607,645.408760178823,683.6000000000001,-38.19123982117719
608,651.8521297223973,685.5999999999999,-33.7478702776026
609,669.4859546648187,699.8999999999999,-30.414045335181186
610,646.5049018727759,693.9,-47.39509812722406
611,552.0113592056381,681.8000000000002,-129.7886407943621
612,463.49175910458206,688.0999999999999,-224.60824089541785
613,377.1069098171048,689.7999999999998,-312.69309018289505
614,256.4761710898477,666.6,-410.1238289101523
615,265.3496345521803,662.2999999999997,-396.9503654478194
616,270.9357570224266,636.3,-365.3642429775733
617,364.7177475486799,678.2000000000002,-313.4822524513203
618,459.3932588643475,695.6999999999999,-236.30674113565243
619,565.5454154583152,736.7999999999996,-171.25458454168438
620,630.6587977278557,750.2,-119.54120227214435
621,718.7020466773238,801.1000000000004,-82.39795332267659
622,774.9365307807993,825.0000000000001,-50.06346921920078
623,808.0949456237696,831.9000000000001,-23.805054376230487
624,840.7693797819285,846.5,-5.730620218071522
625,888.1450225189914,878.4999999999995,9.645022518991823
626,913.800288417417,890.3000000000002,23.50028841741687
627,913.4917306748744,878.0999999999997,35.39173067487468
628,903.4017817015748,861.3999999999995,42.00178170157528
629,905.8507442901964,861.3999999999995,44.450744290196894
630,911.1565842020424,864.2999999999996,46.85658420204277
631,887.8997667397061,839.9,47.99976673970616
632,878.3688833366211,831.9000000000001,46.46888333662105
633,855.4391015672584,812.3000000000001,43.13910156725831
634,797.8875520458535,796.1000000000003,1.7875520458532037
635,627.9689942049309,742.4999999999997,-114.53100579506872
636,431.4680543193806,692.0999999999997,-260.6319456806191
637,318.8108798840592,684.2000000000002,-365.38912011594095
638,269.5460156828552,672.4000000000003,-402.8539843171451
639,290.43664835762723,673.1000000000001,-382.6633516423729
640,302.7016683416615,690.7999999999997,-388.0983316583382
641,336.84027186248056,679.5000000000002,-342.65972813751966
642,441.8808635912266,709.9999999999999,-268.1191364087733
643,544.9932019578897,739.8999999999997,-194.90679804211004
644,608.839085991194,743.6999999999999,-134.86091400880593
645,655.9745136291089,749.6,-93.62548637089117
646,661.0260152642724,725.3999999999996,-64.37398473572728
647,666.5983203235696,712.3,-45.70167967643033
648,663.7960652571028,699.7999999999998,-36.00393474289706
649,677.0669409023578,707.0999999999996,-30.03305909764174
650,710.2082560478943,735.9999999999997,-25.79174395210532
651,718.5392447885921,737.5999999999997,-19.06075521140758
652,726.8464677099329,740.4999999999998,-13.653532290066892
653,751.839394814803,761.4999999999999,-9.660605185196914
654,785.4571879125494,788.9999999999999,-3.542812087450443
655,782.9935056611968,779.9,3.0935056611967866
656,785.305249177089,778.3000000000001,7.005249177088899
657,788.6124598197542,779.3999999999999,9.212459819754372
658,729.363684833215,759.1000000000001,-29.736315166785175
659,608.2338967316903,742.0999999999998,-133.86610326830953
660,494.5667218101042,726.1999999999996,-231.6332781898954
661,391.23187319572367,720.0999999999997,-328.868126804276
662,335.8004206478753,722.1999999999998,-386.39957935212453
663,319.74317021461934,726.1999999999996,-406.45682978538025
664,341.2616295437876,719.2999999999997,-378.03837045621214
665,420.43802340376334,757.5,-337.06197659623666
666,528.5888578594161,784.3999999999999,-255.8111421405838
667,647.1877753411244,822.3,-175.11222465887556
668,749.415296488031,861.3999999999995,-111.98470351196852
669,827.6916585384886,891.2000000000002,-63.50834146151158
670,901.1161754567944,926.9000000000002,-25.78382454320581
671,975.142867470845,970.5000000000002,4.642867470844749
672,1017.2148916895208,985.3000000000002,31.914891689520573
673,1043.5048734510397,990.4999999999999,53.00487345103977
674,1028.9687981344312,960.6999999999998,68.26879813443134
675,1019.1069832654716,944.3000000000004,74.80698326547122
676,997.1801545685756,919.5000000000002,77.6801545685754
677,929.7617990859792,853.8000000000002,75.96179908597901
678,878.8444930911493,811.5000000000001,67.34449309114916
679,849.6564665153219,793.0000000000001,56.65646651532177
680,837.7147319179506,791.4999999999999,46.21473191795076
681,830.742936286221,792.0000000000001,38.742936286220925
682,759.705578990091,766.6000000000003,-6.8944210099092516
683,689.3917166386832,734.4999999999994,-45.10828336131624
684,555.7037790461362,695.3999999999999,-139.69622095386364
685,435.159260562192,688.4999999999999,-253.34073943780788
686,361.3217475687096,675.8000000000003,-314.4782524312907
687,386.3126941801506,666.2,-279.8873058198495
688,321.35039761617656,601.7,-280.3496023838235
689,310.3897734983016,573.4000000000001,-263.01022650169847
690,341.6590449476808,562.1999999999998,-220.54095505231902
691,369.14196384479845,547.0999999999998,-177.95803615520134
692,374.4056553219439,521.9000000000001,-147.49434467805617
693,347.9631284330258,477.9000000000001,-129.93687156697428
694,330.7355468574258,453.9000000000002,-123.16445314257442
695,294.6377943078074,416.3999999999999,-121.76220569219254
696,270.71146124014484,395.90000000000003,-125.18853875985519
697,258.4455958984735,388.90000000000003,-130.4544041015265
698,245.68009145534785,379.7000000000003,-134.01990854465242
699,264.51834963858465,403.4,-138.88165036141532
700,276.097902830023,414.99999999999994,-138.90209716997697
701,287.53686117507294,423.89999999999964,-136.3631388249267
702,284.72024946108945,419.7999999999999,-135.07975053891045
703,299.1395278776923,433.29999999999967,-134.1604721223074
704,323.71163983780986,455.0000000000003,-131.28836016219043
705,314.7493718219884,442.40000000000003,-127.65062817801163
706,262.7414134989266,435.19999999999976,-172.45858650107317
707,220.0293411652239,436.5999999999998,-216.57065883477588
708,80.74078281434647,405.90000000000003,-325.1592171856536
709,2.7752897151432845,388.80000000000007,-386.0247102848568
710,0.5368505548016411,394.8,-394.2631494451984
711,2.3276016679508422,410.70000000000005,-408.3723983320492
712,0.0,394.30000000000007,-394.30000000000007
713,0.0,387.60000000000014,-387.60000000000014
714,1.8665984533330244,383.00000000000017,-381.13340154666713
715,24.85145075726524,379.4000000000003,-354.5485492427351
716,60.71939607818049,361.69999999999993,-300.98060392181947
717,112.67363177173377,373.6,-260.92636822826626
718,120.00448287268183,348.5999999999999,-228.5955171273181
719,149.67839994263733,359.5999999999999,-209.92160005736258
720,186.6649367474124,382.5000000000002,-195.83506325258782
721,207.1450479044466,389.70000000000005,-182.55495209555343
722,200.5347378311022,371.7,-171.16526216889778
723,196.6003938623234,361.49999999999994,-164.89960613767656
724,186.6438280038364,349.2999999999999,-162.6561719961635
725,176.66365322109462,338.7999999999999,-162.13634677890528
726,188.6818185414822,352.4999999999998,-163.81818145851759
727,194.81730498042364,357.1999999999999,-162.38269501957623
728,202.1262822887448,362.8999999999999,-160.77371771125513
729,214.0993831143821,377.10000000000025,-163.00061688561814
730,138.2330319618215,352.29999999999984,-214.06696803817835
731,8.418241331366717,312.3000000000002,-303.88175866863344
732,0.0,297.70000000000016,-297.70000000000016
733,0.0,270.2,-270.2
734,0.0,245.40000000000006,-245.40000000000006
735,0.0,259.79999999999984,-259.79999999999984
736,0.0,278.70000000000005,-278.70000000000005
737,0.0,296.4000000000001,-296.4000000000001
738,0.0,355.6999999999999,-355.6999999999999
739,0.0,405.2000000000001,-405.2000000000001
740,0.0,426.59999999999974,-426.59999999999974
741,0.0,428.5999999999997,-428.5999999999997
742,0.4976078282691842,435.19999999999976,-434.7023921717306
743,11.103156085624097,466.9000000000001,-455.796843914376
744,88.15648401724083,496.90000000000003,-408.7435159827592
745,239.6399514832225,475.9000000000001,-236.2600485167776
746,340.7919542237792,500.0999999999999,-159.3080457762207
747,402.21619564202695,503.29999999999995,-101.08380435797301
748,430.300093502102,492.4,-62.09990649789796
749,461.7511635264435,496.0,-34.24883647355648
750,484.4749881607598,498.8999999999999,-14.425011839240142
751,482.7688580203321,485.6,-2.8311419796679047
752,527.1161107796953,516.1000000000001,11.016110779695168
753,514.8806940253052,501.4,13.480694025305183
754,444.6835392094069,471.5000000000001,-26.816460790593226
755,289.04205694767427,432.1999999999997,-143.15794305232544
756,155.35508566824527,417.4,-262.04491433175474
757,34.35905401380616,405.2000000000003,-370.84094598619413
758,0.7744401228506228,388.99999999999983,-388.2255598771492
759,0.0,396.7,-396.7
760,0.0,390.89999999999975,-390.89999999999975
761,1.878628341387269,405.60000000000025,-403.721371658613
762,34.533540844001614,430.1999999999997,-395.6664591559981
763,168.95646829513473,464.3000000000001,-295.3435317048654
764,299.1221712814976,498.49999999999994,-199.37782871850237
765,421.626126927751,541.5999999999998,-119.97387307224881
766,521.4022401962225,579.6000000000001,-58.19775980377767
767,615.2890623293399,621.7000000000002,-6.410937670660246
768,665.9428376072428,632.5999999999998,33.34283760724304
769,708.9761899764447,645.4000000000002,63.57618997644454
770,715.9105189136866,633.6999999999998,82.21051891368677
771,731.6269350328892,635.6999999999999,95.92693503288922
772,779.8547843577102,668.5000000000006,111.3547843577096
773,820.7435627889514,693.7,127.04356278895136
774,849.2182562119261,708.2000000000003,141.01825621192586
775,877.028462860942,722.8000000000002,154.22846286094182
776,899.5700540091719,732.2999999999998,167.2700540091721
777,901.4624977185164,729.4999999999999,171.9624977185165
778,889.5063258114516,726.9999999999999,162.5063258114517
779,813.0242914448143,715.5999999999999,97.42429144481434
780,771.0002839858545,711.0000000000003,60.00028398585414
781,639.0333916899278,694.1,-55.06660831007218
782,460.750556394454,680.3000000000004,-219.5494436055464
783,389.7893235162823,687.3000000000001,-297.51067648371776
784,423.8079022540166,700.8999999999999,-277.09209774598327
785,504.82149415706,719.7,-214.87850584294006
786,613.752297580144,730.4,-116.64770241985593
787,759.9004415036104,777.5999999999998,-17.699558496389386
788,888.8954192727002,824.5000000000002,64.3954192727
789,984.8084111078572,856.3999999999997,128.40841110785743
790,1054.8390157977478,877.8000000000001,177.03901579774777
791,1111.5639917657677,896.9000000000001,214.6639917657676
792,1147.5692665684055,904.4000000000002,243.1692665684053
793,1177.382793941778,913.1000000000004,264.2827939417775
794,1209.580203316717,928.0,281.58020331671696
795,1219.5876892077051,925.1,294.4876892077051
796,1250.73450872971,943.6,307.13450872970986
797,1279.4385994232912,960.5999999999999,318.83859942329127
798,1292.552906726923,964.1,328.45290672692306
799,1328.92568327393,989.5999999999999,339.32568327393005
800,1311.6482370582837,968.2000000000003,343.44823705828344
801,1304.63873043209,962.4999999999999,342.13873043209003
802,1253.2975932638108,937.0000000000002,316.29759326381054
803,1099.76633902174,904.4000000000002,195.3663390217397
804,890.7314027085523,866.2999999999994,24.431402708552923
805,713.1000117038743,853.0999999999999,-139.9999882961256
806,575.4951009446996,824.3000000000003,-248.80489905530067
807,513.2220760005451,817.5000000000002,-304.2779239994551
808,544.9962543270166,827.1000000000003,-282.1037456729837
809,609.7537387874298,840.2000000000005,-230.44626121257068
810,733.607484502131,854.3999999999996,-120.79251549786864
811,882.69826840285,883.7000000000002,-1.001731597150183
812,985.8294017003994,894.5,91.32940170039944
813,1028.9452272217552,877.1999999999999,151.74522722175527
814,1118.7003933712515,917.8000000000003,200.9003933712512
815,1126.6435838045088,894.3000000000001,232.34358380450874
816,1142.5490463070823,889.8000000000002,252.74904630708215
817,1182.3467420719471,911.9000000000003,270.4467420719468
818,1187.1784004078695,904.7000000000002,282.47840040786934
819,1184.6091769459892,895.9000000000001,288.70917694598916
820,1205.9691327277878,910.7000000000004,295.26913272778745
821,1172.0015413188166,876.9,295.10154131881666
822,1131.8248596977855,844.5000000000001,287.3248596977854
823,1110.887624170069,831.3000000000002,279.5876241700689
824,1083.9181563958548,813.5000000000003,270.41815639585445
825,1053.0029489081537,797.6,255.4029489081537
826,995.195729817782,790.4,204.795729817782
827,830.313790475652,745.9999999999994,84.31379047565258
828,615.5842829156824,690.2,-74.61571708431768
829,426.4651647779703,657.6999999999998,-231.23483522202952
830,247.78163689653653,616.9999999999999,-369.2183631034634
831,151.09450089118283,606.0999999999997,-455.0054991088168
832,150.99318502319892,603.6999999999996,-452.7068149768007
833,218.09255451623216,596.8999999999999,-378.8074454837677
834,335.7218878719772,600.2999999999998,-264.57811212802267
835,487.1869442512619,637.4999999999998,-150.3130557487379
836,568.7817119600037,634.6999999999998,-65.91828803999613
837,637.8209167805851,644.2000000000002,-6.379083219415065
838,694.366945286162,656.6,37.76694528616201
839,746.7804452197664,674.9000000000003,71.8804452197661
840,764.0121111638516,667.9000000000004,96.11211116385118
841,786.0245753388939,673.7000000000004,112.32457533889351
842,783.3663682502797,661.5000000000001,121.8663682502796
843,780.7693364877794,653.4,127.36933648777938
844,809.1377841286877,674.9000000000003,134.2377841286874
845,813.1820765252324,673.5000000000005,139.682076525232
846,822.4629313221786,678.3000000000002,144.16293132217845
847,832.1342047752114,683.5000000000003,148.63420477521106
848,824.9856040894723,674.9000000000003,150.08560408947199
849,802.7303298454983,656.3,146.43032984549836
850,745.8706311048743,631.8999999999999,113.97063110487443
851,682.9297847272409,610.5999999999997,72.32978472724119
852,493.4597907431156,580.8000000000001,-87.34020925688446
853,275.7648891330594,540.8999999999997,-265.13511086694035
854,170.9758373324981,554.2,-383.22416266750196
855,103.09491769020212,547.1999999999997,-444.1050823097976
856,104.14483636482494,565.8000000000001,-461.65516363517514
857,153.9780280533039,578.7000000000002,-424.72197194669627
858,292.702758426005,608.8999999999996,-316.19724157399463
859,447.4308502682733,636.8999999999999,-189.4691497317266
860,584.0686395006582,671.1000000000005,-87.03136049934233
861,664.8519240807726,678.7000000000003,-13.848075919227654
862,715.9771828250384,678.6000000000003,37.377182825038176
863,762.2118828815443,687.9000000000001,74.3118828815442
864,778.8332777819186,679.3000000000003,99.53327778191829
865,789.4989542089379,674.1000000000004,115.39895420893754
866,823.1537292924874,692.4999999999999,130.65372929248747
867,825.1083666493873,686.0000000000002,139.1083666493871
868,836.2058484749695,689.7,146.5058484749694
869,805.6253051970972,660.0000000000001,145.62530519709708
870,816.8853234876841,670.0000000000005,146.88532348768365
871,830.4766180683912,681.0000000000003,149.47661806839085
872,812.9628768309237,664.2000000000003,148.76287683092346
873,810.016777887271,669.9000000000004,140.1167778872706
874,754.5975657655964,664.3000000000003,90.29756576559612
875,629.2291056038841,629.4999999999998,-0.2708943961156365
876,482.9531986252387,621.9000000000001,-138.94680137476138
877,377.02776857580193,589.1999999999999,-212.172231424198
878,248.67190504568984,571.3000000000003,-322.6280949543104
879,176.7854013720637,567.2000000000002,-390.41459862793647
880,138.41429769573975,545.1999999999998,-406.7857023042601
881,171.27981143336913,549.1,-377.8201885666309
882,289.6903164951129,570.3000000000002,-280.6096835048873
883,435.7314963733409,602.9999999999998,-167.26850362665886
884,533.5450156461637,617.0999999999999,-83.55498435383618
885,613.2555470569134,633.1999999999998,-19.94445294308639
886,652.8096701498254,630.2999999999997,22.509670149825638
887,724.7716803935866,665.7000000000003,59.07168039358635
888,745.9032505278301,661.0,84.9032505278301
889,764.7419101245325,662.1000000000001,102.64191012453239
890,765.3380287764357,651.6000000000001,113.73802877643561
891,765.0159713737672,645.2000000000002,119.81597137376707
892,729.8992458914778,611.9999999999999,117.8992458914779
893,753.1094686485116,633.6999999999998,119.40946864851173
894,744.2397000776998,624.7999999999998,119.43970007769997
895,743.7633901936866,624.5999999999998,119.16339019368684
896,721.4997889547625,604.6999999999997,116.79978895476279
897,712.1113783006713,600.7999999999997,111.31137830067155
898,685.4804453253836,598.2999999999997,87.18044532538386
899,600.4424150478254,574.2000000000002,26.24241504782526
900,559.9953332357026,581.0000000000001,-21.004666764297554
901,534.2556574203128,591.5,-57.24434257968721
902,505.487658326443,586.5000000000002,-81.01234167355722
903,497.3663339972919,581.2000000000002,-83.83366600270824
904,476.674467323036,573.7000000000002,-97.02553267696413
905,473.7449840698154,567.8000000000001,-94.05501593018465
906,485.7204488277637,552.3000000000001,-66.57955117223639
907,516.6789397169342,546.5999999999997,-29.921060283065458
908,535.9186258317313,538.4,-2.481374168268644
909,570.6862091638075,551.5,19.18620916380746
910,584.2810041242071,550.3000000000001,33.98100412420706
911,605.7226408167219,558.9000000000002,46.82264081672167
912,602.4764081608463,549.2,53.276408160846245
913,609.7423519016545,551.8000000000001,57.94235190165443
914,629.4864696997639,565.7,63.78646969976387
915,658.1898953095523,586.3000000000002,71.88989530955212
916,687.8293250821863,604.5999999999997,83.22932508218662
917,694.000655260149,603.8999999999996,90.10065526014932
918,739.7568255601443,638.8999999999997,100.85682556014456
919,735.3770034693591,628.4999999999997,106.87700346935947
920,722.3003627831282,612.7999999999998,109.50036278312837
921,710.0997579687717,612.1999999999998,97.89975796877184
922,622.0767256150634,587.2,34.87672561506338
923,528.6064129668088,584.3,-55.69358703319119
924,374.81035225744137,545.4999999999998,-170.6896477425584
925,198.65045950888288,538.4,-339.7495404911171
926,99.381198740505,535.9,-436.518801259495
927,52.65560881485285,520.9000000000001,-468.24439118514726
928,79.51026611821813,521.2,-441.68973388178193
929,143.06807839074398,520.1999999999999,-377.131921609256
930,288.89320217144314,557.5000000000002,-268.6067978285571
931,414.5472113619685,577.6000000000003,-163.05278863803176
932,520.9582710659935,602.9999999999998,-82.0417289340063
933,588.4486339300787,612.1999999999998,-23.75136606992112
934,668.4794226899012,645.4000000000002,23.07942268990098
935,720.1340515986532,661.5000000000001,58.63405159865306
936,752.0901713549692,666.4000000000004,85.69017135496881
937,758.4825915439482,656.3,102.1825915439482
938,796.0823388904646,678.5000000000002,117.58233889046437
939,797.5642501033008,670.0000000000005,127.56425010330031
940,799.0984176147731,665.7000000000003,133.39841761477282
941,812.633952493661,673.7000000000004,138.93395249366063
942,828.974814787231,684.2000000000003,144.77481478723075
943,853.6037324049491,701.1999999999998,152.40373240494932
944,860.4821576617456,701.7999999999998,158.6821576617458
945,848.09167034364,701.1999999999998,146.89167034364016
946,796.4232760716628,693.6,102.8232760716628
947,646.1650553851822,668.8000000000005,-22.634944614818323
948,457.20994010786137,625.0999999999998,-167.89005989213842
949,275.0283822104219,599.8999999999999,-324.87161778957795
950,116.37650313038964,579.2000000000002,-462.8234968696105
951,79.09301411096031,603.8999999999996,-524.8069858890393
952,108.72632227179932,622.1000000000003,-513.373677728201
953,184.18813425988824,621.0,-436.8118657401118
954,313.33308865641675,632.3999999999997,-319.066911343583
955,445.25945312576937,637.8999999999999,-192.6405468742305
956,582.6837823843895,671.9000000000004,-89.21621761561096
957,650.2674185360885,667.1000000000004,-16.83258146391188
958,700.6996767525051,667.5000000000003,33.19967675250473
959,757.7285214193085,687.5,70.22852141930855
960,795.9500809261683,695.5,100.45008092616831
961,829.3684621763157,707.1000000000003,122.26846217631544
962,857.5349117026013,717.5,140.03491170260133
963,877.7400250182885,724.3,153.44002501828857
964,890.3432281416107,725.9,164.4432281416107
965,902.3297447700093,729.7999999999998,172.52974477000942
966,905.6306350820324,728.1,177.5306350820324
967,905.7390756196706,725.1,180.63907561967062
968,920.9348533634752,735.3999999999999,185.53485336347535
969,873.7254488438366,705.2,168.52544884383656
970,799.0581765243369,682.8000000000004,116.25817652433648
971,733.390335356535,664.4000000000003,68.99033535653473
972,564.7846222665007,639.4999999999998,-74.71537773349905
973,320.7807365861847,591.6,-270.81926341381535
974,151.88283516843717,581.1000000000001,-429.21716483156297
975,63.421533654421786,565.8000000000001,-502.37846634557826
976,53.74044174004781,563.9000000000001,-510.1595582599523
977,106.99181416398832,581.5000000000001,-474.50818583601176
978,241.86861225480675,611.7999999999998,-369.9313877451931
979,439.65929505964135,666.9000000000004,-227.24070494035908
980,565.1752320231938,677.3000000000002,-112.12476797680642
981,688.4419393567221,713.0000000000002,-24.558060643278168
982,784.9092601987714,742.9,42.00926019877147
983,807.6179565876047,721.9,85.7179565876047
984,856.746008142334,737.4,119.34600814233397
985,892.6417531936432,748.7999999999997,143.8417531936435
986,908.4975743081696,747.2999999999996,161.19757430817003
987,913.9708163076824,741.9999999999999,171.97081630768253
988,940.2694585971224,757.5999999999998,182.66945859712257
989,943.7014633638066,753.6999999999998,190.0014633638068
990,934.7318433572716,742.3999999999999,192.33184335727174
991,928.0719351160284,734.0999999999997,193.9719351160287
992,920.6674866867083,728.2,192.4674866867083
993,889.579391064466,718.3000000000001,171.27939106446593
994,771.9432747342241,678.7000000000003,93.24327473422386
995,630.3027017799511,665.7000000000003,-35.39729822004915
996,518.160323787627,649.3000000000002,-131.13967621237316
997,362.910216586271,615.8999999999999,-252.98978341372884
998,324.413613216707,600.5999999999998,-276.1863867832928
999,308.46566244836123,598.3999999999997,-289.9343375516385
1000,267.1286678840234,603.8999999999996,-336.77133211597624
1001,284.45512585178346,611.9999999999999,-327.5448741482164
1002,385.6639757743165,633.9999999999998,-248.33602422568327
1003,507.5128874739981,650.4000000000002,-142.8871125260021
1004,599.064428759464,655.8,-56.73557124053593
1005,656.7126943359588,653.7,3.012694335958713
1006,746.5709409518166,695.0000000000001,51.57094095181651
1007,776.6896436633176,690.8999999999999,85.78964366331775
1008,770.6397729070787,666.1000000000004,104.53977290707837
1009,793.2251625406482,674.3000000000004,118.92516254064776
1010,801.4059911767273,672.5000000000005,128.90599117672684
1011,830.4538413338179,691.1999999999998,139.25384133381806
1012,838.9184291528655,691.5999999999998,147.31842915286575
1013,817.4499961227843,669.0000000000005,148.4499961227839
1014,805.1437919441015,658.5999999999999,146.5437919441016
1015,795.4922020337495,651.2000000000002,144.2922020337494
1016,774.9129696603436,635.0999999999999,139.8129696603437
1017,740.6080811916469,619.6,121.00808119164685
1018,685.0818043428707,619.7999999999998,65.28180434287083
1019,584.814456814861,586.2000000000002,-1.3855431851391131
1020,469.23678733325096,558.9000000000002,-89.66321266674925
1021,308.4518164415468,553.8,-245.34818355845317
1022,126.19275331114773,514.1000000000001,-387.9072466888524
1023,23.607878702462365,480.50000000000006,-456.8921212975377
1024,15.01348090530285,483.9,-468.8865190946971
1025,17.822770509321934,470.70000000000016,-452.87722949067825
1026,67.71587284144599,466.7000000000001,-398.9841271585541
1027,207.46915674770867,490.8,-283.33084325229134
1028,337.14020458692687,521.4000000000001,-184.25979541307322
1029,432.8899553108838,541.5999999999998,-108.71004468911599
1030,464.63890170797896,524.4,-59.76109829202102
1031,518.5270318340308,541.2999999999997,-22.772968165968905
1032,549.7110578588417,546.0999999999997,3.6110578588420594
1033,556.6259283874132,535.9999999999999,20.625928387413296
1034,578.9105530339485,545.1999999999998,33.71055303394871
1035,599.4893155918787,555.3000000000002,44.18931559187854
1036,620.2305145780535,565.6,54.63051457805352
1037,612.8461203332954,553.2,59.64612033329536
1038,612.4804076816818,549.7,62.78040768168171
1039,620.6169193055107,555.8000000000002,64.81691930551051
1040,613.9951675968842,548.1999999999998,65.79516759688443
1041,610.091321160489,551.1,58.99132116048895
1042,610.3114375911555,558.6000000000003,51.71143759115523
1043,591.7345331204233,556.4000000000002,35.33453312042309
1044,594.9298069257353,582.3,12.629806925735352
1045,532.2721533097615,559.9000000000002,-27.627846690238698
1046,517.4217729085752,573.9000000000002,-56.47822709142497
1047,476.3165301849888,561.0000000000003,-84.68346981501156
1048,439.3073580397921,577.3000000000002,-137.99264196020806
1049,480.4009019805659,601.8999999999997,-121.49909801943386
1050,532.9932274618728,604.4999999999998,-71.50677253812694
1051,596.2401697589909,616.8999999999999,-20.65983024100899
1052,651.0437881282437,628.4999999999997,22.543788128244046
1053,684.9301192166196,631.4999999999998,53.4301192166198
1054,714.1331159121067,637.4999999999998,76.63311591210697
1055,718.8588583851105,629.1999999999997,89.65885838511076
1056,737.9551642261007,636.6,101.35516422610067
1057,722.1104962221161,617.4,104.71049622211615
1058,721.0269388411518,613.1999999999999,107.8269388411519
1059,715.9940710954627,608.1999999999996,107.7940710954631
1060,714.9286023530631,607.2999999999996,107.62860235306346
1061,715.2823170331736,607.4999999999995,107.78231703317408
1062,710.5684934171811,602.6999999999997,107.86849341718141
1063,711.9780632620354,604.4999999999998,107.47806326203568
1064,710.6581793820707,603.5999999999996,107.0581793820711
1065,677.5992698526566,584.8,92.79926985265661
1066,660.7588488768603,587.9,72.85884887686029
1067,545.5761687835467,558.7000000000003,-13.123831216453596
1068,486.7434260784305,550.7,-63.95657392156954
1069,368.9176978449445,520.1999999999999,-151.28230215505545
1070,228.31035305591053,493.9,-265.58964694408945
1071,108.38535862842656,485.6,-377.21464137157346
1072,114.26009306029736,501.8999999999999,-387.63990693970254
1073,185.57867807140067,499.5999999999999,-314.02132192859926
1074,261.3667723333601,485.4,-224.0332276666399
1075,332.3016368396863,482.7,-150.3983631603137
1076,379.56659990346657,478.3000000000001,-98.73340009653356
1077,387.92791489000297,454.90000000000026,-66.9720851099973
1078,377.5359317373343,427.19999999999965,-49.66406826266535
1079,394.6493338854484,433.09999999999974,-38.450666114551325
1080,399.4525600492465,429.3999999999997,-29.94743995075322
1081,407.2383311205271,432.0999999999997,-24.861668879472575
1082,420.85386831956777,440.9,-20.04613168043221
1083,403.9724786647103,422.09999999999974,-18.12752133528943
1084,415.2480349305343,431.39999999999975,-16.15196506946546
1085,425.9411820365172,440.5999999999999,-14.658817963482704
1086,403.2733270576046,418.99999999999983,-15.726672942395226
1087,400.0812541021582,417.99999999999994,-17.918745897841745
1088,382.5401207343304,403.4000000000002,-20.859879265669804
1089,296.9280991929283,356.09999999999997,-59.171900807071665
1090,186.4229014426176,337.80000000000007,-151.37709855738248
1091,37.49457414079411,313.60000000000014,-276.10542585920604
1092,0.0,303.0999999999999,-303.0999999999999
1093,0.0,280.8000000000002,-280.8000000000002
1094,0.0,252.30000000000004,-252.30000000000004
1095,0.0,238.00000000000006,-238.00000000000006
1096,0.0,233.2000000000001,-233.2000000000001
1097,0.0,245.89999999999998,-245.89999999999998
1098,0.0,275.49999999999994,-275.49999999999994
1099,0.0,308.90000000000003,-308.90000000000003
1100,0.0,331.50000000000006,-331.50000000000006
1101,0.0,319.8000000000001,-319.8000000000001
1102,0.0,333.90000000000015,-333.90000000000015
1103,0.0,354.09999999999997,-354.09999999999997
1104,0.1382024343878873,386.79999999999995,-386.66179756561206
1105,2.052982924347796,403.50000000000017,-401.44701707565235
1106,18.53219722974005,408.00000000000017,-389.4678027702601
1107,72.60036103487941,407.60000000000025,-334.9996389651208
1108,182.450390994854,435.89999999999975,-253.44960900514576
1109,240.49846922328567,425.7999999999997,-185.30153077671406
1110,278.1519276040767,417.5999999999999,-139.4480723959232
1111,333.5616993654288,436.9999999999997,-103.43830063457091
1112,344.2505577899755,421.8999999999998,-77.64944221002429
1113,340.8696066497936,420.19999999999976,-79.33039335020618
1114,265.1514935515525,410.80000000000007,-145.64850644844756
1115,114.80614989481268,385.1999999999999,-270.3938501051872
1116,0.0413990115023735,337.6000000000001,-337.5586009884977
1117,0.0,292.2000000000001,-292.2000000000001
1118,0.0,291.70000000000016,-291.70000000000016
1119,0.0,318.7000000000002,-318.7000000000002
1120,0.0,331.50000000000006,-331.50000000000006
1121,0.0,339.80000000000007,-339.80000000000007
1122,0.0,357.4,-357.4
1123,0.0,390.19999999999976,-390.19999999999976
1124,0.0,424.19999999999976,-424.19999999999976
1125,2.348879790902134,442.7000000000001,-440.351120209098
1126,41.6738576007025,460.5000000000003,-418.8261423992978
1127,180.35121052740675,495.7,-315.34878947259324
1128,294.45235555147,507.20000000000005,-212.74764444853002
1129,392.77624328149903,529.0999999999998,-136.32375671850076
1130,450.2539420069237,529.8999999999999,-79.64605799307617
1131,526.3618121823043,559.4000000000002,-33.03818781769587
1132,572.1087574843683,571.6000000000003,0.5087574843680613
1133,632.6302105578785,601.1999999999998,31.430210557878695
1134,663.0729274149693,608.8999999999996,54.17292741496965
1135,676.985816855033,607.1999999999997,69.78581685503332
1136,671.0352696663049,592.6999999999999,78.33526966630495
1137,615.8541139597468,565.3,50.554113959746815
1138,539.7278145689056,564.1,-24.372185431094408
1139,391.5622592646969,544.3999999999997,-152.83774073530287
1140,177.8987682692652,506.70000000000005,-328.80123173073486
1141,24.30214977251341,481.6999999999999,-457.39785022748646
1142,1.7643463555643546,466.40000000000015,-464.6356536444358
1143,0.0,456.20000000000033,-456.20000000000033
1144,0.0,468.2000000000001,-468.2000000000001
1145,0.1523349676486095,480.70000000000005,-480.54766503235146
1146,11.680275073913686,536.6,-524.9197249260864
1147,57.66235389346865,541.1999999999997,-483.53764610653104
1148,208.59150714080295,560.6000000000003,-352.0084928591973
1149,350.9150835034053,574.7000000000002,-223.78491649659486
1150,496.468273068716,619.9999999999999,-123.53172693128391
1151,583.8144636237508,632.3999999999997,-48.58553637624891
1152,662.2522776356196,654.9,7.352277635619657
1153,722.7269323673869,671.7000000000005,51.026932367386394
1154,755.0608754039606,673.7000000000004,81.36087540396022
1155,798.2214470920353,691.5999999999998,106.62144709203551
1156,820.6750422817845,695.5,125.1750422817845
1157,860.5651094881576,718.6,141.96510948815762
1158,870.3013696680067,716.2999999999998,154.00136966800687
1159,873.1256378286308,711.9000000000003,161.2256378286305
1160,890.9413055904886,722.8000000000002,168.1413055904884
1161,886.3264095694427,729.7999999999998,156.52640956944288
1162,806.3717774926837,716.4999999999999,89.8717774926838
1163,654.4808469061962,701.2999999999998,-46.81915309380361
1164,516.7174884304068,685.2000000000003,-168.4825115695935
1165,324.85836152215825,655.3,-330.4416384778417
1166,192.45784747317597,656.4,-463.942152526824
1167,126.90837321803788,643.3000000000002,-516.3916267819623
1168,127.73341394646042,631.5999999999998,-503.8665860535394
1169,215.9487477014589,623.8999999999999,-407.95125229854096
1170,395.6564950963155,663.2000000000003,-267.5435049036848
1171,556.5290900017127,695.3,-138.77090999828727
1172,645.7249000427662,691.8999999999999,-46.17509995723367
1173,713.3783100510589,695.2,18.178310051058816
1174,777.7772714491998,712.3000000000002,65.47727144919963
1175,852.7853043455583,746.9999999999995,105.78530434555876
1176,874.9136757782367,741.5,133.41367577823667
1177,881.0985398790813,729.4999999999999,151.5985398790814
1178,896.8369871020392,732.2999999999998,164.53698710203935
1179,937.293870683866,759.2999999999998,177.99387068386613
1180,942.3707729535298,755.8999999999999,186.47077295352994
1181,978.1645020082832,780.8999999999995,197.26450200828367
1182,1005.0894099659164,796.3,208.78940996591643
1183,1006.1449630139456,790.3,215.84496301394563
1184,1011.327869744084,790.5999999999999,220.72786974408405
1185,978.94370476348,765.4999999999994,213.44370476348058
1186,903.8568878632476,747.0999999999996,156.75688786324804
1187,775.3475665756733,745.0999999999997,30.24756657567366
1188,640.2559143406401,719.0,-78.74408565935994
1189,470.17803658295054,697.8999999999999,-227.72196341704932
1190,300.46975624789445,681.3000000000003,-380.83024375210584
1191,227.31722905975104,682.8000000000004,-455.48277094024934
1192,232.7764161898044,671.8000000000005,-439.0235838101961
1193,280.17752273056965,685.8000000000003,-405.62247726943065
1194,401.810354948473,712.6000000000003,-310.78964505152726
1195,540.9832606858193,717.0999999999999,-176.11673931418056
1196,705.8816658074412,763.4999999999997,-57.61833419255845
1197,829.3998483214363,799.3,30.099848321436298
1198,913.0359942266294,816.3000000000002,96.73599422662926
1199,941.840204223846,802.0000000000001,139.84020422384583
1200,992.3787341957184,819.1000000000003,173.27873419571813
1201,1037.3073846440325,838.3000000000005,199.00738464403196
1202,1097.2893082834764,871.8999999999994,225.38930828347702
1203,1116.3241691570436,872.2999999999995,244.02416915704407
1204,1131.750952237507,874.3999999999996,257.3509522375073
1205,1115.033300500651,851.6000000000001,263.43330050065083
1206,1096.4863974626023,834.2000000000004,262.28639746260194
1207,1098.3684576575292,836.3000000000003,262.06845765752894
1208,1090.8539335504413,829.2000000000002,261.65393355044114
1209,1080.7109862910677,830.4000000000002,250.31098629106748
1210,1017.9060383937112,814.2000000000003,203.70603839371097
1211,920.3251372320566,797.6,122.72513723205657
1212,860.137958981219,790.0999999999999,70.03795898121905
1213,780.2819534944646,784.9999999999999,-4.7180465055353125
1214,701.6796257233784,784.5999999999998,-82.92037427662137
1215,611.174019612445,768.2999999999995,-157.12598038755448
1216,600.4566995058387,784.6999999999998,-184.24330049416108
1217,658.3126498318201,788.0,-129.68735016817993
1218,786.5842222593383,817.3000000000002,-30.715777740661906
1219,889.7946805104062,833.5000000000003,56.2946805104059
1220,965.4799422359594,844.9000000000001,120.57994223595927
1221,1018.674772445223,851.5000000000002,167.17477244522274
1222,1058.445957847313,857.8999999999996,200.54595784731328
1223,1078.6838555293414,855.1999999999996,223.48385552934178
1224,1119.1492171948248,876.0999999999999,243.0492171948249
1225,1134.206810840737,877.3,256.9068108407371
1226,1126.0446056935998,862.2999999999995,263.7446056936003
1227,1124.399534238489,856.0999999999997,268.2995342384893
1228,1094.4140824562537,828.3000000000001,266.11408245625364
1229,1044.880451933351,788.4,256.480451933351
1230,1012.646324040152,768.0999999999996,244.5463240401524
1231,999.453845396573,763.3999999999996,236.05384539657337
1232,975.5878714224776,749.4999999999995,226.0878714224781
1233,953.241010884577,738.9,214.34101088457703
1234,869.8574703167933,708.7000000000003,161.15747031679302
1235,793.9757763203227,677.3000000000002,116.67577632032248
1236,769.252086295809,671.1000000000005,98.15208629580854
1237,692.1116749580133,656.6999999999999,35.41167495801335
1238,582.4118671950956,621.3000000000001,-38.888132804904444
1239,502.28342698152153,618.3,-116.01657301847843
1240,478.5742801554613,603.0999999999998,-124.52571984453851
1241,499.9448521257266,600.2999999999998,-100.35514787427326
1242,523.4267005499547,588.8,-65.37329945004524
1243,545.3105728743594,571.1000000000003,-25.789427125640827
1244,556.9248487975393,552.3000000000001,4.624848797539244
1245,574.0466543891713,549.7,24.34665438917125
1246,546.3143571344344,515.4000000000001,30.91435713443434
1247,539.3016870684253,505.99999999999994,33.30168706842534
1248,528.868318907597,495.7,33.16831890759698
1249,501.0543936715437,472.30000000000007,28.754393671543653
1250,515.4592341620073,487.8000000000001,27.65923416200718
1251,510.8234602576218,484.5,26.323460257621775
1252,498.5938449297991,474.1000000000001,24.493844929799025
1253,496.2151168841044,474.0000000000001,22.215116884104305
1254,505.887750844841,484.09999999999997,21.787750844841014
1255,511.8777570021968,487.9000000000001,23.97775700219671
1256,516.85761122095,491.4,25.45761122095007
1257,454.7809011401525,464.20000000000016,-9.41909885984768
1258,338.15454924092745,414.5000000000001,-76.34545075907266
1259,179.2372143426359,399.90000000000003,-220.66278565736414
1260,5.981286179083252,351.99999999999994,-346.0187138209167
1261,0.0,337.80000000000007,-337.80000000000007
1262,0.0,343.00000000000006,-343.00000000000006
1263,0.0,328.6000000000001,-328.6000000000001
1264,0.0,359.69999999999993,-359.69999999999993
1265,0.0,370.20000000000005,-370.20000000000005
1266,0.0,377.59999999999997,-377.59999999999997
1267,0.0,417.49999999999994,-417.49999999999994
1268,0.3309463042260611,421.6999999999998,-421.36905369577374
1269,22.83070144370094,438.09999999999974,-415.2692985562988
1270,122.85341304783776,461.20000000000016,-338.3465869521624
1271,242.3373023986544,479.0000000000001,-236.6626976013457
1272,333.9360393690993,492.9,-158.96396063090066
1273,391.4311872979776,493.7,-102.26881270202239
1274,443.0969370684003,503.79999999999995,-60.703062931599675
1275,482.7732597633024,511.90000000000026,-29.126740236697856
1276,496.65186807388096,505.79999999999995,-9.148131926118992
1277,524.3182297895523,517.3,7.018229789552379
1278,552.2261444165543,531.1999999999998,21.02614441655453
1279,559.7046798728667,528.4999999999999,31.20467987286679
1280,590.6780005279128,549.2,41.47800052791274
1281,559.3551489842961,539.4999999999998,19.855148984296306
1282,462.898927795118,530.1999999999998,-67.30107220488179
1283,306.91011848506014,484.4,-177.48988151493984
1284,108.71453017147353,457.10000000000025,-348.3854698285267
1285,7.677409785330284,447.10000000000014,-439.42259021466987
1286,0.0,428.39999999999964,-428.39999999999964
1287,0.0,404.60000000000025,-404.60000000000025
1288,0.0,406.7000000000003,-406.7000000000003
1289,0.0,428.8999999999997,-428.8999999999997
1290,0.0,455.9000000000004,-455.9000000000004
1291,6.352588661109823,491.0,-484.64741133889015
1292,42.345284154801966,483.49999999999994,-441.154715845198
1293,157.42965822297597,495.7,-338.270341777024
1294,285.01076311049883,512.3000000000002,-227.28923688950135
1295,354.182311576368,503.3999999999999,-149.2176884236319
1296,433.4605143971663,523.5000000000001,-90.03948560283379
1297,475.666851359856,523.5000000000001,-47.83314864014409
1298,525.3446804450302,540.1999999999998,-14.855319554969583
1299,560.3649206570476,550.6,9.764920657047583
1300,630.2946650386417,594.2999999999998,35.99466503864187
1301,662.3885168294759,604.8999999999996,57.488516829476225
1302,700.2856682277446,624.8999999999999,75.38566822774476
1303,725.5207906643745,634.6999999999998,90.82079066437473
1304,749.8190009603849,646.0000000000002,103.81900096038464
1305,705.2546142538871,637.7999999999998,67.45461425388726
1306,564.5909125462322,602.7999999999997,-38.20908745376755
1307,391.52108545576414,566.7,-175.1789145442359
1308,190.68695762907143,539.2999999999998,-348.6130423709284
1309,39.48041070212712,521.6,-482.1195892978729
1310,5.1069680395912,501.29999999999995,-496.19303196040875
1311,0.4328664838996885,483.2999999999999,-482.8671335161002
1312,0.0,456.5000000000003,-456.5000000000003
1313,0.0,480.9,-480.9
1314,2.040983089244659,515.8000000000002,-513.7590169107556
1315,23.707273937876604,549.3,-525.5927260621233
1316,113.6362721759439,565.7,-452.0637278240562
1317,275.937728727784,578.9000000000001,-302.96227127221607
1318,397.5500257394583,584.3,-186.74997426054165
1319,495.7347180110296,596.1999999999998,-100.46528198897022
1320,540.7617813136097,582.6999999999999,-41.9382186863902
1321,589.1129300021045,590.3,-1.1870699978954917
1322,630.4828877134566,600.3999999999999,30.082887713456785
1323,667.7449408780931,612.8999999999999,54.84494087809321
1324,665.9133987148969,597.2999999999998,68.61339871489702
1325,690.8991331119715,610.4999999999998,80.39913311197176
1326,692.8311741895635,603.7999999999996,89.0311741895639
1327,669.5088231939055,580.8000000000001,88.70882319390546
1328,630.6786068206961,547.5999999999998,83.07860682069634
1329,577.2801453663321,543.5999999999998,33.68014536633234
1330,490.9566828065263,520.0,-29.043317193473683
1331,288.6329314399836,463.00000000000017,-174.36706856001655
1332,49.48714655426777,406.40000000000026,-356.9128534457325
1333,0.364071198679921,373.3999999999999,-373.03592880132
1334,0.0,324.9000000000002,-324.9000000000002
1335,0.0,318.50000000000017,-318.50000000000017
1336,0.0,347.1000000000001,-347.1000000000001
1337,0.0,339.4000000000001,-339.4000000000001
1338,0.0,370.3,-370.3
1339,0.0,407.8000000000002,-407.8000000000002
1340,0.0,424.9999999999998,-424.9999999999998
1341,0.0,420.5999999999998,-420.5999999999998
1342,3.017842094113576,424.89999999999975,-421.8821579058862
1343,33.813432457220365,430.39999999999975,-396.5865675427794
1344,112.64050249764593,433.4999999999997,-320.8594975023538
1345,213.873994438699,445.80000000000007,-231.92600556130108
1346,305.8365883872802,468.2000000000001,-162.36341161271991
1347,389.5357848881475,495.7,-106.16421511185251
1348,435.6246298901418,499.6999999999999,-64.07537010985806
1349,462.4132176742618,497.49999999999994,-35.08678232573817
1350,481.8794546240075,496.7,-14.82054537599248
1351,507.8182157965885,506.6,1.2182157965884812
1352,528.6937099264808,515.0000000000001,13.693709926480665
1353,489.2856599243604,512.2000000000003,-22.91434007563987
1354,357.28882248707066,485.6,-128.31117751292936
1355,213.67602458852767,467.00000000000017,-253.3239754114725
1356,70.58222373239197,445.80000000000007,-375.2177762676081
1357,3.1185782632899235,423.09999999999985,-419.98142173670993
1358,0.0,433.69999999999976,-433.69999999999976
1359,0.0,420.89999999999975,-420.89999999999975
1360,0.0,437.2999999999997,-437.2999999999997
1361,0.0,455.60000000000036,-455.60000000000036
1362,0.0,491.29999999999995,-491.29999999999995
1363,5.691005542549804,541.9999999999998,-536.30899445745
1364,64.24449131196324,585.8000000000001,-521.5555086880369
1365,235.3663509244348,610.1999999999997,-374.8336490755649
1366,382.2754098936013,613.4999999999998,-231.22459010639847
1367,542.7982588484047,662.2000000000002,-119.4017411515955
1368,626.7962381529304,665.7000000000003,-38.90376184706986
1369,719.9420053294999,696.5999999999999,23.34200532950001
1370,795.0660180218471,723.4000000000002,71.66601802184687
1371,799.8479925338343,698.1999999999998,101.64799253383444
1372,832.3137118272073,708.7000000000003,123.613711827207
1373,859.4765029991723,717.8,141.67650299917238
1374,850.5189937102791,700.8999999999999,149.61899371027926
1375,856.0681068633996,700.4999999999998,155.56810686339986
1376,867.733182769881,706.2000000000003,161.53318276988068
1377,838.8225704357849,715.0000000000001,123.82257043578477
1378,686.5110513680182,688.2,-1.688948631981816
1379,481.0278513090091,650.2000000000003,-169.17214869099115
1380,288.71355524139057,625.3999999999999,-336.6864447586093
1381,126.3853381361111,610.2999999999997,-483.9146618638886
1382,30.15810652494733,588.5,-558.3418934750526
1383,10.368306524825549,575.9000000000002,-565.5316934751746
1384,10.05423321270352,590.3,-580.2457667872965
1385,26.25983077374477,609.9999999999998,-583.740169226255
1386,117.41861198522454,655.3,-537.8813880147754
1387,364.596304309365,721.8000000000001,-357.2036956906351
1388,560.4227697338121,748.5999999999997,-188.17723026618762
1389,712.2284766124739,777.1999999999998,-64.97152338752596
1390,805.8496746560717,782.4999999999997,23.34967465607201
1391,898.4562871472585,808.6000000000003,89.85628714725829
1392,1011.999782193972,866.1999999999994,145.79978219397265
1393,1067.6689018820118,877.7,189.96890188201178
1394,1107.9920909503523,886.0000000000001,221.99209095035224
1395,1128.087296644595,884.1000000000001,243.98729664459484
1396,1151.7831872998124,890.9000000000002,260.8831872998122
1397,1171.9256303609793,898.1000000000001,273.8256303609792
1398,1166.2192340266288,885.7000000000002,280.5192340266286
1399,1173.9985719914316,888.3000000000001,285.69857199143155
1400,1142.8037186980544,858.0999999999996,284.7037186980548
1401,1074.2512743641107,844.2,230.05127436411067
1402,913.5488692657824,812.4000000000003,101.14886926578208
1403,696.4115235323202,775.4999999999999,-79.0884764676797
1404,443.9137037841692,714.7000000000002,-270.786296215831
1405,206.04157899989536,662.1000000000001,-456.0584210001048
1406,54.60861103396967,615.6999999999998,-561.0913889660302
1407,18.651226196340197,597.7999999999997,-579.1487738036595
1408,9.641720666859356,579.4000000000001,-569.7582793331408
1409,14.36701701917068,586.8,-572.4329829808293
1410,54.82914237503846,623.8999999999999,-569.0708576249614
1411,229.353115142074,669.3000000000005,-439.94688485792653
1412,413.0802296599259,679.2000000000003,-266.11977034007435
1413,544.2481544216369,682.4000000000004,-138.15184557836358
1414,656.3008802635972,701.1999999999998,-44.89911973640267
1415,730.6204472908149,709.0000000000003,21.62044729081458
1416,794.8227129171383,723.9000000000001,70.92271291713826
1417,787.172597468509,384.49999999999994,402.6725974685091
1418,825.3054146157683,393.19999999999993,432.1054146157684
1419,840.4891958943834,392.99999999999994,447.4891958943835
1420,868.3590795014179,401.59999999999997,466.75907950141794
1421,884.8703390967102,404.8999999999997,479.97033909671046
1422,906.8333611373704,410.6999999999998,496.13336113737057
1423,914.0558054188956,410.8999999999998,503.1558054188958
1424,913.1610836520106,408.5999999999999,504.56108365201067
1425,818.1231781269894,389.2999999999999,428.8231781269895
1426,650.6125213919506,368.90000000000026,281.71252139195036
1427,454.5675688004175,341.1,113.4675688004175
1428,193.22853207615108,298.80000000000007,-105.57146792384899
1429,22.84694373284204,277.0000000000001,-254.15305626715806
1430,2.375867935322042,266.4000000000002,-264.02413206467816
1431,0.0,256.9,-256.9
1432,0.0,269.5000000000001,-269.5000000000001
1433,0.0,272.60000000000025,-272.60000000000025
1434,2.1187821992368976,287.1,-284.98121780076315
1435,18.56875875068297,299.80000000000007,-281.2312412493171
1436,93.73189461530724,305.10000000000025,-211.36810538469302
1437,250.6962382542832,313.90000000000003,-63.20376174571683
1438,380.63567525526406,320.7999999999998,59.83567525526428
1439,499.95370750863367,336.79999999999995,163.15370750863372
1440,578.8747123131499,344.6000000000001,234.2747123131498
1441,616.8246886458377,341.80000000000007,275.0246886458376
1442,664.9388986124363,348.9000000000001,316.03889861243624
1443,743.8076295007286,374.69999999999993,369.10762950072865
1444,765.8812662955645,373.9,391.9812662955645
1445,799.5723301943965,382.6,416.9723301943965
1446,819.0955640510922,386.3999999999999,432.6955640510923
1447,830.9185343122848,387.2999999999999,443.6185343122849
1448,854.1173719242339,393.2999999999999,460.817371924234
1449,787.456713108703,388.79999999999984,398.6567131087031
1450,601.0067441685303,357.1000000000003,243.90674416853
1451,391.6615911241397,339.5,52.161591124139704
1452,167.79293322091004,319.1999999999998,-151.40706677908977
1453,19.7503602009763,293.1000000000001,-273.3496397990238
1454,1.529088648617884,277.10000000000014,-275.5709113513823
1455,0.0,280.30000000000007,-280.30000000000007
1456,0.0,284.1000000000001,-284.1000000000001
1457,0.0,284.1000000000001,-284.1000000000001
1458,5.593614709716983,328.29999999999967,-322.7063852902827
1459,37.57784848271377,348.4000000000001,-310.82215151728633
1460,179.81078732669337,371.6000000000001,-191.7892126733067
1461,378.1799879602675,380.1,-1.9200120397325122
1462,550.6719583539686,395.6999999999999,154.97195835396877
1463,679.509999229299,409.7999999999998,269.70999922929917
1464,784.6084923317383,423.30000000000007,361.3084923317382
1465,872.2112277090346,438.7000000000001,433.5112277090345
1466,916.2848239621924,439.30000000000007,476.9848239621923
1467,950.2090272868012,441.5,508.7090272868012
1468,961.684446738351,436.4000000000001,525.2844467383509
1469,987.6069579082344,442.2,545.4069579082345
1470,1002.692428072526,444.3,558.392428072526
1471,1023.6604772953076,450.1,573.5604772953076
1472,1025.156375419488,447.3000000000001,577.8563754194879
1473,1016.7319723959308,452.20000000000005,564.5319723959308
1474,950.3229221122194,442.2,508.12292211221944
1475,885.9113368808053,428.9000000000001,457.0113368808052
1476,822.1245136302535,426.1000000000001,396.02451363025347
1477,760.382976475956,422.6,337.78297647595593
1478,729.1659137646344,433.40000000000015,295.76591376463426
1479,647.4848371663069,432.0000000000001,215.48483716630676
1480,608.483717013599,433.90000000000015,174.5837170135988
1481,640.473985814021,452.80000000000007,187.67398581402097
1482,720.8801969279442,453.50000000000006,267.38019692794416
1483,814.7396235886907,452.50000000000006,362.2396235886907
1484,874.3970688720177,446.50000000000006,427.89706887201766
1485,933.6935740770278,451.6,482.0935740770278
1486,982.1083310375452,457.6,524.5083310375452
1487,1013.1226087870988,459.4,553.7226087870988
1488,1006.673989440905,447.40000000000015,559.2739894409049
1489,1009.078136718378,444.0,565.078136718378
1490,1005.1736130900764,439.1000000000001,566.0736130900764
1491,1019.6130991070728,445.10000000000014,574.5130991070727
1492,1002.592437517388,435.00000000000006,567.5924375173879
1493,1016.3271172363084,441.5,574.8271172363084
1494,1012.5075990063824,438.7000000000001,573.8075990063824
1495,997.1685830814638,431.10000000000014,566.0685830814637
1496,980.0533029390313,423.40000000000003,556.6533029390312
1497,925.6435687622486,410.09999999999974,515.5435687622489
1498,773.672057524659,391.1999999999998,382.47205752465914
1499,558.3103453123832,363.30000000000007,195.01034531238315
1500,313.49022095183125,344.90000000000003,-31.409779048168787
1501,75.24230147156659,317.69999999999993,-242.45769852843335
1502,11.671354165013028,303.6000000000002,-291.92864583498715
1503,5.705690148123354,307.3000000000002,-301.5943098518768
1504,17.06489472847973,314.09999999999997,-297.03510527152025
1505,71.98825228548488,342.09999999999997,-270.1117477145151
1506,177.29969528963625,361.6,-184.30030471036378
1507,358.3547502240743,375.5999999999999,-17.24524977592563
1508,550.2225900483066,399.70000000000005,150.5225900483066
1509,652.0641110433452,397.7999999999999,254.26411104334528
1510,749.0115124039468,409.8999999999998,339.11151240394696
1511,822.6135171563997,419.2,403.4135171563997
1512,851.8371421686709,414.49999999999994,437.33714216867094
1513,932.5061132888208,439.4000000000001,493.10611328882067
1514,974.5306272333776,447.80000000000007,526.7306272333775
1515,992.3801547884732,446.80000000000007,545.5801547884731
1516,987.7382468114708,437.90000000000015,549.8382468114708
1517,972.3134549812588,426.80000000000007,545.5134549812587
1518,961.3738996129752,420.90000000000003,540.4738996129752
1519,956.0863950277444,418.9000000000001,537.1863950277443
1520,922.5021133330677,403.8999999999998,518.6021133330678
1521,858.5839778304758,392.99999999999994,465.5839778304758
1522,775.3639959989546,380.1,395.26399599895456
1523,634.2468226007251,357.8000000000003,276.4468226007248
1524,401.227664289789,333.7999999999997,67.42766428978928
1525,185.1642409786416,318.2999999999999,-133.1357590213583
1526,49.318924068133896,313.30000000000007,-263.98107593186614
1527,33.01107536111626,308.0000000000001,-274.9889246388839
1528,39.6193944966614,311.5000000000001,-271.8806055033387
1529,99.51731001448024,310.90000000000015,-211.3826899855199
1530,220.68738905644776,326.69999999999965,-106.01261094355189
1531,320.8495481093174,320.9999999999998,-0.15045189068234777
1532,402.3757257983231,312.8000000000001,89.57572579832299
1533,470.8999599593647,311.3000000000001,159.59995995936458
1534,521.8173443586209,313.30000000000007,208.5173443586208
1535,546.3497271170336,307.70000000000016,238.64972711703342
1536,574.7713101236883,310.7000000000001,264.0713101236882
1537,600.7319955583749,315.09999999999997,285.63199555837497
1538,593.6495014171552,305.90000000000026,287.74950141715493
1539,624.1663788679593,317.69999999999993,306.4663788679594
1540,659.4739257874627,330.19999999999965,329.27392578746304
1541,673.4904469337166,332.09999999999974,341.3904469337169
1542,704.4974115730193,344.20000000000005,360.2974115730193
1543,703.2692621608421,340.6000000000001,362.66926216084204
1544,680.1677444741463,328.8999999999996,351.2677444741467
1545,613.7841964009399,320.89999999999975,292.88419640094014
1546,514.2417786146624,311.3000000000001,202.94177861466227
1547,310.7107215908251,279.1,31.61072159082505
1548,113.9465923108505,272.80000000000024,-158.85340768914972
1549,11.6306184354332,260.5,-248.8693815645668
1550,1.544105935887325,256.9,-255.35589406411265
1551,0.0,237.10000000000002,-237.10000000000002
1552,0.2600433124815589,254.29999999999993,-254.03995668751836
1553,1.2966120538591797,266.0000000000002,-264.70338794614105
1554,7.315703040504696,277.10000000000014,-269.78429695949546
1555,71.29336942121745,305.8000000000003,-234.50663057878285
1556,218.20028697909987,308.2000000000001,-89.99971302090023
1557,350.59518460534895,314.7,35.89518460534896
1558,428.82734084164696,309.40000000000015,119.42734084164681
1559,506.6693889878504,318.39999999999986,188.26938898785056
1560,553.4969913716837,319.7999999999998,233.69699137168396
1561,614.1872704581723,332.7999999999997,281.38727045817257
1562,624.9100020787057,327.39999999999964,297.51000207870607
1563,620.5009506972049,317.59999999999997,302.9009506972049
1564,615.4704328459684,310.7000000000001,304.7704328459683
1565,610.1608206554181,306.10000000000025,304.06082065541784
1566,623.7969537479017,312.4000000000001,311.39695374790165
1567,634.9079128878833,315.79999999999995,319.10791288788334
1568,624.039021166062,309.9000000000001,314.13902116606187
1569,627.034133145384,317.69999999999993,309.33413314538404
1570,608.8915986079134,317.59999999999997,291.2915986079134
1571,531.3545717083251,315.09999999999997,216.25457170832516
1572,389.8896247971915,300.3000000000001,89.58962479719139
1573,328.4709345737208,293.2000000000001,35.270934573720695
1574,217.7969065584089,275.90000000000015,-58.103093441591255
1575,154.45714137250866,271.2000000000001,-116.74285862749144
1576,187.27805880686876,275.70000000000016,-88.4219411931314
1577,219.38229683669763,261.1,-41.71770316330239
1578,263.9437661883666,262.8000000000001,1.1437661883664987
1579,322.7065914698308,265.80000000000024,56.90659146983057
1580,384.26798479408944,271.40000000000015,112.8679847940893
1581,439.6269984369172,278.40000000000003,161.22699843691714
1582,459.88091241009687,275.6000000000002,184.28091241009668
1583,482.63908784336536,276.70000000000016,205.9390878433652
1584,487.5338433161287,273.2000000000002,214.33384331612848
1585,507.7960281694922,277.8000000000001,229.9960281694921
1586,564.7023390049006,302.30000000000024,262.4023390049004
1587,581.7793004353279,304.60000000000025,277.1793004353276
1588,604.3769841682983,310.90000000000015,293.4769841682982
1589,611.0539242737725,310.5000000000001,300.5539242737724
1590,628.2626870014656,315.9,312.3626870014656
1591,629.1501540713953,314.09999999999997,315.0501540713953
1592,626.7444968295414,314.09999999999997,312.6444968295414
1593,586.8080618009434,321.5999999999998,265.2080618009436
1594,445.81364670370937,314.40000000000003,131.41364670370933
1595,239.85366442652736,299.6000000000001,-59.74633557347272
1596,83.11730625845655,287.70000000000005,-204.5826937415435
1597,11.7779001319289,272.60000000000025,-260.82209986807135
1598,3.701865613333223,274.90000000000015,-271.19813438666694
1599,0.8347474437421684,266.50000000000017,-265.665252556258
1600,0.5352301049566427,275.70000000000016,-275.1647698950435
1601,1.26983025782094,283.1000000000001,-281.8301697421791
1602,15.141978443272262,308.7000000000001,-293.55802155672785
1603,91.79734367169796,318.1999999999999,-226.40265632830193
1604,281.68748427432564,336.2999999999999,-54.61251572567426
1605,429.5600154817825,346.80000000000007,82.76001548178243
1606,546.2867318406851,358.3000000000001,187.98673184068497
1607,648.2746234998805,372.9000000000001,275.3746234998804
1608,764.0910609317951,404.7999999999997,359.2910609317954
1609,836.7195210062599,418.10000000000014,418.6195210062598
1610,876.9816713858506,420.4000000000001,456.58167138585054
1611,916.680251931056,427.3000000000001,489.38025193105585
1612,930.6457778472716,424.30000000000007,506.3457778472715
1613,941.7376251975088,423.70000000000005,518.0376251975088
1614,936.1421232630146,418.0000000000001,518.1421232630145
1615,947.51459258904,420.90000000000003,526.6145925890401
1616,924.33203749616,412.09999999999985,512.23203749616
1617,832.1077982922337,404.2999999999997,427.807798292234
1618,641.9208629602474,372.0000000000001,269.9208629602473
1619,424.3094795182059,353.9000000000001,70.40947951820579
1620,152.91840958760676,317.29999999999995,-164.3815904123932
1621,13.817589522464486,283.6000000000001,-269.7824104775356
1622,0.7620365028422705,260.6,-259.8379634971578
1623,0.0,245.19999999999993,-245.19999999999993
1624,0.0,250.29999999999993,-250.29999999999993
1625,0.0,261.5000000000001,-261.5000000000001
1626,0.0,288.5999999999999,-288.5999999999999
1627,3.00397844985544,315.59999999999997,-312.59602155014454
1628,25.96230697298117,330.79999999999967,-304.8376930270185
1629,109.13259576883038,336.1999999999999,-227.0674042311695
1630,289.4096599051244,347.6000000000001,-58.190340094875694
1631,442.2842220063552,357.5000000000003,84.78422200635492
1632,567.7549947996372,369.8000000000002,197.954994799637
1633,640.7337292946079,370.3000000000001,270.43372929460776
1634,713.4103637618615,380.40000000000003,333.01036376186147
1635,756.5342496387374,383.5,373.0342496387374
1636,789.5420498113899,386.89999999999986,402.64204981139005
1637,846.3917354490778,403.9999999999998,442.39173544907806
1638,860.502911945218,401.69999999999993,458.80291194521806
1639,879.1543016292862,404.8999999999997,474.25430162928654
1640,872.5197659214259,402.09999999999997,470.41976592142595
1641,774.6904861947686,387.6999999999999,386.9904861947687
1642,527.6826786609344,341.00000000000006,186.6826786609343
1643,288.0763639866512,311.5000000000001,-23.423636013348926
1644,50.51918261334343,276.00000000000017,-225.48081738665672
1645,1.2834307106131544,248.59999999999997,-247.31656928938682
1646,0.0,234.40000000000006,-234.40000000000006
1647,0.0,225.70000000000007,-225.70000000000007
1648,0.0,224.2000000000001,-224.2000000000001
1649,0.0,234.00000000000006,-234.00000000000006
1650,0.0,256.9,-256.9
1651,0.0,281.30000000000007,-281.30000000000007
1652,0.0763257789626498,292.90000000000003,-292.8236742210374
1653,14.65165000202088,308.8000000000001,-294.14834999797927
1654,68.91422523473373,313.30000000000007,-244.38577476526632
1655,197.448626056085,313.30000000000007,-115.85137394391506
1656,360.8611052604887,330.3999999999997,30.461105260489035
1657,470.7645444936865,336.4999999999999,134.26454449368663
1658,564.3736803135588,347.4000000000001,216.9736803135587
1659,622.6708512290141,349.70000000000005,272.9708512290141
1660,659.0741379332609,349.3,309.7741379332609
1661,689.4419157199762,351.1,338.3419157199762
1662,708.5373118129057,351.3,357.2373118129057
1663,720.8579289293033,351.0,369.8579289293033
1664,717.4288615570606,352.5,364.9288615570606
1665,624.7038849833888,333.69999999999976,291.003884983389
1666,466.299764104631,326.5999999999996,139.69976410463136
1667,262.81852329488873,308.60000000000014,-45.7814767051114
1668,30.335012102005827,265.80000000000024,-235.4649878979944
1669,0.7650659309806659,243.79999999999998,-243.03493406901933
1670,0.0,219.00000000000006,-219.00000000000006
1671,0.0,206.99999999999986,-206.99999999999986
1672,0.0,209.1999999999999,-209.1999999999999
1673,0.0,224.60000000000008,-224.60000000000008
1674,0.0,246.59999999999994,-246.59999999999994
1675,0.0,269.60000000000014,-269.60000000000014
1676,0.0,279.4000000000001,-279.4000000000001
1677,2.259976973186331,298.9000000000001,-296.64002302681376
1678,28.26787429624297,312.9000000000001,-284.63212570375714
1679,121.96132969744076,322.7999999999997,-200.83867030255897
1680,286.9862259740308,329.99999999999966,-43.01377402596887
1681,436.33937891284506,346.00000000000006,90.339378912845
1682,524.8126149988236,345.6000000000001,179.21261499882354
1683,581.7219312553137,342.79999999999995,238.92193125531378
1684,623.2996301169123,342.3999999999999,280.8996301169124
1685,670.5592623406474,349.8,320.75926234064735
1686,692.8055986831707,349.40000000000003,343.4055986831707
1687,673.5298294564785,332.09999999999974,341.4298294564788
1688,667.1978808130995,333.7999999999997,333.39788081309973
1689,609.5803703847579,328.29999999999967,281.2803703847582
1690,422.56716861460353,306.5000000000002,116.0671686146033
1691,160.34611320039122,266.50000000000017,-106.15388679960896
1692,4.235000821754391,230.00000000000009,-225.7649991782457
1693,0.0,211.19999999999993,-211.19999999999993
1694,0.0,191.49999999999986,-191.49999999999986
1695,0.0,172.0,-172.0
1696,0.0,166.79999999999998,-166.79999999999998
1697,0.0,170.10000000000002,-170.10000000000002
1698,0.0,192.49999999999983,-192.49999999999983
1699,0.0,209.2999999999999,-209.2999999999999
1700,0.0,209.5999999999999,-209.5999999999999
1701,0.0,212.29999999999998,-212.29999999999998
1702,0.0,224.70000000000007,-224.70000000000007
1703,0.0,228.90000000000003,-228.90000000000003
1704,0.055639211208365,236.9,-236.84436078879165
1705,3.951777570262192,241.09999999999997,-237.14822242973779
1706,23.188479839542584,241.59999999999997,-218.41152016045737
1707,63.11980422371023,233.10000000000005,-169.9801957762898
1708,126.3319309029995,226.30000000000007,-99.96806909700057
1709,175.74690305669262,216.10000000000005,-40.353096943307435
1710,240.13398821198132,224.90000000000006,15.233988211981256
1711,263.35218272038827,218.20000000000007,45.1521827203882
1712,270.1315542768024,212.9,57.23155427680237
1713,224.6338720186267,196.19999999999982,28.433872018626886
1714,123.3862732009533,186.19999999999993,-62.813726799046634
1715,24.40761518399665,170.4,-145.99238481600335
1716,0.0,155.40000000000003,-155.40000000000003
1717,0.0,139.09999999999997,-139.09999999999997
1718,0.0,134.59999999999997,-134.59999999999997
1719,0.0,117.80000000000005,-117.80000000000005
1720,0.0,101.89999999999998,-101.89999999999998
1721,0.0,123.30000000000001,-123.30000000000001
1722,0.0,140.20000000000002,-140.20000000000002
1723,0.0,161.0999999999999,-161.0999999999999
1724,0.0,177.4,-177.4
1725,0.0,189.59999999999988,-189.59999999999988
1726,0.0,193.59999999999982,-193.59999999999982
1727,0.0,190.09999999999988,-190.09999999999988
1728,0.0,192.39999999999984,-192.39999999999984
1729,0.0,186.79999999999995,-186.79999999999995
1730,0.0982866656494503,186.69999999999996,-186.6017133343505
1731,0.6000014032092965,189.7999999999999,-189.1999985967906
1732,1.582408734981313,192.59999999999982,-191.01759126501852
1733,7.120893717061173,198.29999999999976,-191.1791062829386
1734,44.29772373617831,212.7,-168.40227626382168
1735,106.82178574589123,216.80000000000007,-109.97821425410883
1736,160.20198243453396,215.00000000000009,-54.798017565466125
1737,115.6047887583572,191.89999999999986,-76.29521124164266
1738,6.507794611831569,181.6,-175.09220538816842
1739,0.0,159.29999999999995,-159.29999999999995
1740,0.0,159.29999999999995,-159.29999999999995
1741,0.0,144.1,-144.1
1742,0.0,125.49999999999999,-125.49999999999999
1743,0.0,126.39999999999999,-126.39999999999999
1744,0.0,132.19999999999996,-132.19999999999996
1745,0.0,138.79999999999995,-138.79999999999995
1746,0.0,147.29999999999998,-147.29999999999998
1747,0.0,159.19999999999993,-159.19999999999993
1748,0.0,181.49999999999997,-181.49999999999997
1749,0.0,191.49999999999986,-191.49999999999986
1750,0.0,214.80000000000007,-214.80000000000007
1751,0.0,212.6,-212.6
1752,0.5304134221348481,224.60000000000008,-224.06958657786524
1753,6.21646507292876,230.80000000000004,-224.58353492707127
1754,52.96896661643593,240.79999999999995,-187.83103338356403
1755,146.76090599873905,248.1,-101.33909400126095
1756,219.17945259090988,244.09999999999997,-24.92054740909009
1757,305.1134473054224,258.7,46.41344730542244
1758,340.0038500830633,254.09999999999994,85.90385008306336
1759,375.6401307613788,255.9,119.74013076137882
1760,396.4748810736984,265.40000000000026,131.07488107369812
1761,326.7001941469183,265.80000000000024,60.90019414691807
1762,157.40674663082484,246.49999999999994,-89.0932533691751
1763,3.429467186211516,216.80000000000007,-213.37053281378854
1764,0.0,202.39999999999986,-202.39999999999986
1765,0.0,179.3,-179.3
1766,0.0,172.0,-172.0
1767,0.0,153.70000000000005,-153.70000000000005
1768,0.0,154.20000000000007,-154.20000000000007
1769,0.0,174.4,-174.4
1770,0.0,193.59999999999982,-193.59999999999982
1771,0.0,222.90000000000006,-222.90000000000006
1772,0.0,248.2,-248.2
1773,0.0,263.40000000000015,-263.40000000000015
1774,0.0,291.50000000000006,-291.50000000000006
1775,0.0717667952643523,308.2000000000001,-308.12823320473575
1776,16.600570083647803,330.79999999999967,-314.19942991635185
1777,100.0141779248966,344.40000000000003,-244.38582207510342
1778,254.23319609777653,340.80000000000007,-86.56680390222354
1779,381.2407059205202,336.2999999999999,44.940705920520315
1780,475.7224923246423,335.89999999999986,139.82249232464244
1781,548.1203580936019,340.0,208.1203580936019
1782,594.5850100321569,337.3999999999999,257.185010032157
1783,622.784252852414,333.7999999999997,288.98425285241433
1784,619.6630011036518,331.7999999999997,287.8630011036521
1785,552.4576743252754,330.49999999999966,221.95767432527578
1786,426.87501982973225,320.69999999999976,106.17501982973249
1787,277.16152081911355,293.50000000000006,-16.33847918088651
1788,239.6680061977248,284.00000000000006,-44.331993802275264
1789,211.12572877709627,272.80000000000024,-61.67427122290397
1790,84.19766835887006,265.0000000000002,-180.80233164113017
1791,6.167661964301548,258.0,-251.83233803569846
1792,1.060231101203242,261.70000000000005,-260.63976889879683
1793,0.9725744019164116,270.70000000000016,-269.72742559808376
1794,1.2885065509684834,270.70000000000016,-269.4114934490317
1795,12.064853880142689,283.40000000000003,-271.33514611985737
1796,68.67096639495237,285.10000000000014,-216.42903360504778
1797,228.10994151009749,298.9000000000001,-70.7900584899026
1798,362.8928565288468,311.20000000000016,51.69285652884662
1799,458.1654437658679,317.9999999999999,140.16544376586802
1800,529.6136380308849,324.4999999999996,205.11363803088528
1801,596.3601432563848,334.9999999999998,261.3601432563851
1802,618.9362056016566,330.3999999999997,288.53620560165695
1803,629.5732263611477,326.5999999999996,302.9732263611481
1804,609.4136010582762,309.3000000000001,300.11360105827606
1805,641.8723106713792,323.2999999999997,318.57231067137946
1806,610.5977960598327,304.60000000000025,305.99779605983247
1807,583.3416641116315,291.90000000000003,291.4416641116315
1808,519.5063097871698,268.0000000000002,251.50630978716958
1809,420.4486162589635,254.29999999999993,166.14861625896359
1810,281.4410898504955,242.70000000000002,38.741089850495456
1811,103.15736441625846,234.00000000000006,-130.84263558374158
1812,3.398816464524747,205.79999999999987,-202.40118353547513
1813,0.0,188.09999999999994,-188.09999999999994
1814,0.0,165.0,-165.0
1815,0.0,160.99999999999991,-160.99999999999991
1816,0.0,170.4,-170.4
1817,0.0,165.99999999999997,-165.99999999999997
1818,0.0,187.49999999999997,-187.49999999999997
1819,0.0,193.69999999999985,-193.69999999999985
1820,0.0,199.0999999999998,-199.0999999999998
1821,0.0,198.09999999999977,-198.09999999999977
1822,0.0,192.39999999999984,-192.39999999999984
1823,0.0519045352016702,190.79999999999984,-190.74809546479818
1824,2.099472814602622,198.69999999999976,-196.60052718539714
1825,13.92810711926992,193.69999999999985,-179.77189288072992
1826,42.44059746884679,188.49999999999994,-146.05940253115315
1827,112.24406928634622,200.39999999999986,-88.15593071365365
1828,155.15740406977787,195.59999999999982,-40.442595930221955
1829,178.24427814859035,189.7999999999999,-11.555721851409544
1830,219.44531132019316,197.99999999999977,21.445311320193383
1831,223.37256564873144,190.39999999999986,32.972565648731575
1832,183.51968160451432,178.80000000000004,4.719681604514278
1833,88.58678633907945,173.60000000000002,-85.01321366092057
1834,0.2001816284762398,171.20000000000002,-170.9998183715238
1835,0.0,148.20000000000002,-148.20000000000002
1836,0.0,128.79999999999995,-128.79999999999995
1837,0.0,114.2,-114.2
1838,0.0,96.09999999999997,-96.09999999999997
1839,0.0,79.79999999999997,-79.79999999999997
1840,0.0,81.3,-81.3
1841,0.0,88.39999999999999,-88.39999999999999
1842,0.0,108.89999999999998,-108.89999999999998
1843,0.0,125.89999999999999,-125.89999999999999
1844,0.0,140.1,-140.1
1845,0.0,146.9,-146.9
1846,0.0,150.70000000000002,-150.70000000000002
1847,0.0,155.30000000000004,-155.30000000000004
1848,0.0,181.6,-181.6
1849,0.0,182.79999999999998,-182.79999999999998
1850,0.0,188.59999999999994,-188.59999999999994
1851,0.0,200.99999999999983,-200.99999999999983
1852,0.2208266652340169,206.59999999999985,-206.37917333476582
1853,0.5642431968670316,204.8999999999999,-204.33575680313285
1854,0.8923878409873381,212.7,-211.80761215901265
1855,1.375333066226336,221.20000000000007,-219.82466693377373
1856,1.728671754860281,220.20000000000007,-218.4713282451398
1857,1.624116645510164,202.39999999999986,-200.7758833544897
1858,0.0641061161541957,177.3,-177.23589388384582
1859,0.0,158.39999999999998,-158.39999999999998
1860,0.0,147.39999999999998,-147.39999999999998
1861,0.0,140.00000000000003,-140.00000000000003
1862,0.0,128.79999999999995,-128.79999999999995
1863,0.0,134.69999999999996,-134.69999999999996
1864,0.0,143.70000000000002,-143.70000000000002
1865,0.0,155.30000000000004,-155.30000000000004
1866,0.0,171.9,-171.9
1867,0.0,206.49999999999986,-206.49999999999986
1868,0.0,229.00000000000003,-229.00000000000003
1869,0.0,237.79999999999998,-237.79999999999998
1870,0.0,259.6,-259.6
1871,0.0,281.2000000000001,-281.2000000000001
1872,0.0732228975370604,297.6000000000001,-297.52677710246303
1873,1.3405702936706108,304.60000000000025,-303.2594297063296
1874,11.056793403064598,309.9000000000001,-298.8432065969355
1875,68.99932012982103,315.79999999999995,-246.80067987017893
1876,170.829036957166,314.59999999999997,-143.77096304283396
1877,285.035293752551,307.3000000000002,-22.26470624744917
1878,376.6954172736136,307.5000000000002,69.19541727361337
1879,441.2857644621128,306.60000000000025,134.68576446211256
1880,441.6280269650382,297.3000000000001,144.32802696503808
1881,378.8694792535074,288.1,90.76947925350737
1882,223.58273463885436,264.30000000000024,-40.71726536114588
1883,43.1672731013193,242.39999999999998,-199.23272689868068
1884,2.3327479113210554,223.90000000000006,-221.567252088679
1885,0.0,214.50000000000003,-214.50000000000003
1886,0.0,192.39999999999984,-192.39999999999984
1887,0.0,194.2999999999998,-194.2999999999998
1888,0.0,190.39999999999986,-190.39999999999986
1889,0.0,199.89999999999986,-199.89999999999986
1890,0.0,208.5999999999999,-208.5999999999999
1891,0.0,228.80000000000004,-228.80000000000004
1892,0.0,239.39999999999998,-239.39999999999998
1893,0.0,237.79999999999998,-237.79999999999998
1894,0.0,243.29999999999998,-243.29999999999998
1895,0.7211633613252825,256.0,-255.2788366386747
1896,22.22021769945609,265.5000000000002,-243.27978230054413
1897,85.18431730617557,265.0000000000002,-179.81568269382467
1898,195.81441549229743,266.50000000000017,-70.68558450770274
1899,315.3693709950716,283.20000000000005,32.169370995071574
1900,389.7447033524039,288.0,101.74470335240392
1901,440.7185820146718,288.99999999999994,151.71858201467188
1902,455.7534846667624,279.1,176.65348466676238
1903,470.64668805784817,276.50000000000017,194.146688057848
1904,482.3451246115509,288.49999999999994,193.84512461155094
1905,358.95537728713725,264.80000000000024,94.15537728713701
1906,171.70183882384308,238.1,-66.39816117615692
1907,4.69638846828388,209.99999999999991,-205.30361153171603
1908,0.0,183.0,-183.0
1909,0.0,163.29999999999998,-163.29999999999998
1910,0.0,147.99999999999997,-147.99999999999997
1911,0.0,151.30000000000004,-151.30000000000004
1912,0.0,159.39999999999995,-159.39999999999995
1913,0.0,162.79999999999998,-162.79999999999998
1914,0.0,180.9,-180.9
1915,0.0,197.89999999999978,-197.89999999999978
1916,0.0,205.4999999999999,-205.4999999999999
1917,0.0,216.00000000000006,-216.00000000000006
1918,0.0,216.80000000000007,-216.80000000000007
1919,0.0,225.60000000000008,-225.60000000000008
1920,0.0,243.7,-243.7
1921,0.0,250.89999999999992,-250.89999999999992
1922,0.8580555484822429,268.20000000000016,-267.3419444515179
1923,13.889663509723915,295.30000000000007,-281.41033649027617
1924,86.56869509190287,305.90000000000026,-219.3313049080974
1925,236.9180411705493,316.2,-79.2819588294507
1926,372.7335624592116,325.6999999999996,47.03356245921202
1927,458.9182816344125,325.1999999999996,133.7182816344129
1928,480.0123182591199,316.99999999999994,163.01231825911998
1929,441.8951503640883,317.9999999999999,123.89515036408841
1930,323.08242931558635,310.60000000000014,12.482429315586216
1931,238.5899471854704,291.00000000000006,-52.41005281452965
1932,66.00580264577651,274.1000000000002,-208.0941973542237
1933,3.636147126155055,267.2000000000002,-263.5638528738452
1934,0.0,268.20000000000016,-268.20000000000016
1935,0.0,268.4000000000002,-268.4000000000002
1936,0.0,268.70000000000016,-268.70000000000016
1937,0.0,278.80000000000007,-278.80000000000007
1938,0.0,307.1000000000002,-307.1000000000002
1939,2.6795981807593563,329.7999999999996,-327.12040181924027
1940,20.867453534179106,342.09999999999997,-321.23254646582086
1941,105.05209258226736,361.50000000000006,-256.4479074177327
1942,286.00108434019535,366.5000000000001,-80.49891565980477
1943,467.4412132473332,382.1000000000001,85.34121324733314
1944,617.7359578668372,400.00000000000006,217.73595786683717
1945,722.0062774730559,409.7999999999998,312.2062774730561
1946,791.9947178811958,413.69999999999993,378.2947178811959
1947,838.2765317464546,414.59999999999997,423.6765317464546
1948,876.2594362465422,418.10000000000014,458.1594362465421
1949,888.3840718063809,413.19999999999993,475.184071806381
1950,895.1904370905572,409.6999999999998,485.4904370905574
1951,914.5584614208046,414.59999999999997,499.95846142080467
1952,849.610790052143,400.00000000000006,449.61079005214293
1953,678.6924135092066,371.4000000000001,307.29241350920654
1954,432.95195648925386,338.8,94.15195648925385
1955,154.00801316553938,301.00000000000017,-146.9919868344608
1956,9.10589541336102,270.0000000000001,-260.8941045866391
1957,0.0,237.5,-237.5
1958,0.0,233.50000000000006,-233.50000000000006
1959,0.0,229.20000000000002,-229.20000000000002
1960,0.0,232.40000000000003,-232.40000000000003
1961,0.0,244.79999999999995,-244.79999999999995
1962,0.0,278.0000000000001,-278.0000000000001
1963,0.0,304.7000000000003,-304.7000000000003
1964,0.0,328.0999999999997,-328.0999999999997
1965,4.697245524630876,329.5999999999996,-324.90275447536874
1966,23.395746824200987,330.3999999999997,-307.0042531757987
1967,89.06481092429767,341.70000000000005,-252.63518907570239
1968,241.75670842999853,346.9000000000001,-105.14329157000157
1969,383.567102938369,346.20000000000005,37.36710293836893
1970,523.7489297747366,364.20000000000005,159.5489297747365
1971,644.2597353390671,383.5,260.7597353390671
1972,705.9164212287887,383.59999999999997,322.3164212287888
1973,761.7072424188092,389.9999999999999,371.7072424188093
1974,791.9212053582277,389.59999999999985,402.3212053582278
1975,818.4035038628106,391.7999999999999,426.60350386281067
1976,790.5432592870112,391.5999999999999,398.9432592870113
1977,656.4091634978811,374.3999999999999,282.00916349788116
1978,465.8787410972207,354.60000000000014,111.27874109722057
1979,214.58401420819052,327.19999999999965,-112.61598579180912
1980,28.695461205246566,303.0000000000002,-274.3045387947537
1981,2.814928845624803,288.29999999999995,-285.48507115437513
1982,0.0,282.4000000000001,-282.4000000000001
1983,0.0,271.6000000000002,-271.6000000000002
1984,0.0,282.0000000000001,-282.0000000000001
1985,0.0,298.30000000000007,-298.30000000000007
1986,0.9519926345576926,329.4999999999996,-328.5480073654419
1987,6.0174948083348605,352.5,-346.48250519166515
1988,36.93175442776418,367.1000000000002,-330.168245572236
1989,155.78924740562456,378.89999999999986,-223.1107525943753
1990,369.9856922301156,392.69999999999993,-22.71430776988433
1991,578.0323357417957,419.90000000000003,158.13233574179566
1992,702.5946529385349,423.50000000000006,279.0946529385348
1993,799.3445224026409,431.9000000000001,367.4445224026408
1994,852.7708418486143,429.2000000000001,423.5708418486142
1995,884.4617209246285,424.9000000000001,459.5617209246284
1996,930.2435396882277,434.1000000000002,496.14353968822746
1997,937.8866411884134,427.90000000000003,509.98664118841333
1998,952.0777827343852,428.6000000000001,523.4777827343851
1999,962.5242493205589,429.2000000000001,533.3242493205587
2000,901.2006886803424,411.4999999999998,489.70068868034264
2001,784.0678116631686,402.09999999999997,381.9678116631687
2002,603.1878710816238,374.5999999999999,228.58787108162392
2003,406.15535764696375,335.79999999999984,70.35535764696391
2004,142.13432839314785,307.1000000000002,-164.96567160685234
2005,9.799292269320633,283.70000000000005,-273.9007077306794
2006,0.0717947171899046,256.9,-256.8282052828101
2007,0.0,248.59999999999997,-248.59999999999997
2008,0.0,237.5,-237.5
2009,0.0,231.10000000000008,-231.10000000000008
2010,0.0,254.39999999999992,-254.39999999999992
2011,0.0,264.30000000000024,-264.30000000000024
2012,0.0,258.0,-258.0
2013,0.7913652684692476,265.5000000000002,-264.708634731531
2014,7.962001538094187,267.3000000000002,-259.337998461906
2015,45.820388552341335,275.70000000000016,-229.87961144765882
2016,151.40604223072611,286.0000000000001,-134.593957769274
2017,285.8932268407843,295.30000000000007,-9.406773159215788
2018,375.879087506718,297.2000000000001,78.6790875067179
2019,420.409419235987,288.49999999999994,131.90941923598706
2020,458.9292712826344,286.80000000000007,172.1292712826343
2021,503.90585588370857,293.80000000000007,210.1058558837085
2022,535.0463646782964,298.80000000000007,236.24636467829635
2023,522.0998025214592,283.6000000000001,238.49980252145912
2024,500.7045089287737,272.60000000000025,228.10450892877344
2025,367.31256591448994,251.99999999999994,115.31256591449
2026,222.4798395087497,243.1,-20.62016049125029
2027,82.31577351996646,233.10000000000005,-150.7842264800336
2028,2.2901521320348093,216.00000000000006,-213.70984786796524
2029,0.0,212.29999999999998,-212.29999999999998
2030,0.0,208.7999999999999,-208.7999999999999
2031,0.0,208.09999999999985,-208.09999999999985
2032,0.0,197.99999999999977,-197.99999999999977
2033,0.0,199.9999999999999,-199.9999999999999
2034,0.0,202.39999999999986,-202.39999999999986
2035,0.0,212.19999999999996,-212.19999999999996
2036,0.0,202.89999999999984,-202.89999999999984
2037,0.0,215.70000000000007,-215.70000000000007
2038,4.817848383377658,230.80000000000004,-225.9821516166224
2039,40.54485556485791,230.00000000000009,-189.4551444351422
2040,153.06294643958526,247.1,-94.03705356041473
2041,229.18029997247524,244.49999999999997,-15.319700027524732
2042,298.7652485166985,250.29999999999993,48.46524851669855
2043,336.3569964593688,247.59999999999997,88.75699645936885
2044,387.23766995396704,257.3,129.93766995396703
2045,415.9558423827961,259.0,156.9558423827961
2046,456.5348765896593,270.8000000000001,185.73487658965917
2047,485.67140161617806,276.70000000000016,208.9714016161779
2048,434.3072155423607,268.0000000000002,166.3072155423605
2049,269.46200019314153,248.1,21.36200019314154
2050,79.81889786564024,233.90000000000006,-154.0811021343598
2051,1.7030615572236043,221.40000000000006,-219.69693844277646
2052,0.0,206.59999999999985,-206.59999999999985
2053,0.0,179.50000000000003,-179.50000000000003
2054,0.0,173.9,-173.9
2055,0.0,163.99999999999997,-163.99999999999997
2056,0.0,147.79999999999998,-147.79999999999998
2057,0.0,154.80000000000007,-154.80000000000007
2058,0.0,165.7,-165.7
2059,0.0,180.9,-180.9
2060,0.0,194.19999999999982,-194.19999999999982
2061,0.0,201.09999999999985,-201.09999999999985
2062,0.0,222.00000000000006,-222.00000000000006
2063,0.0,225.60000000000008,-225.60000000000008
2064,0.0,237.20000000000002,-237.20000000000002
2065,0.0443429493059317,241.59999999999997,-241.55565705069404
2066,3.0464444154372448,244.09999999999997,-241.05355558456273
2067,19.59829877800468,231.50000000000009,-211.9017012219954
2068,70.22045830120693,230.4000000000001,-160.17954169879317
2069,142.882791034383,226.7000000000001,-83.81720896561711
2070,208.7087463231086,227.40000000000006,-18.69125367689145
2071,245.84485627748168,222.30000000000004,23.544856277481642
2072,245.87938999496487,231.70000000000007,14.179389994964794
2073,121.9007106271588,206.49999999999986,-84.59928937284106
2074,0.3089226339597563,184.1,-183.79107736604024
2075,0.0,155.9,-155.9
2076,0.0,138.59999999999997,-138.59999999999997
2077,0.0,127.79999999999998,-127.79999999999998
2078,0.0,120.5,-120.5
2079,0.0,116.80000000000004,-116.80000000000004
2080,0.0,133.89999999999998,-133.89999999999998
2081,0.0,151.40000000000003,-151.40000000000003
2082,0.0,175.5,-175.5
2083,0.0,199.29999999999978,-199.29999999999978
2084,0.0,218.20000000000007,-218.20000000000007
2085,0.0,235.9,-235.9
2086,0.0,257.00000000000006,-257.00000000000006
2087,0.0,275.10000000000014,-275.10000000000014
2088,0.0,276.70000000000016,-276.70000000000016
2089,0.4239656662541129,290.0,-289.5760343337459
2090,1.0438412798747518,285.70000000000016,-284.6561587201254
2091,7.145832189263238,289.7,-282.55416781073677
2092,55.0929757381978,292.50000000000006,-237.40702426180226
2093,151.49393153258902,288.49999999999994,-137.00606846741093
2094,275.58496765888253,293.1000000000001,-17.515032341117546
2095,366.74682008573353,296.50000000000006,70.24682008573348
2096,327.37600492181093,276.70000000000016,50.67600492181077
2097,179.98121484481803,249.59999999999997,-69.61878515518194
2098,13.326336917174292,223.30000000000007,-209.97366308282577
2099,0.0,188.89999999999992,-188.89999999999992
2100,0.0,159.29999999999995,-159.29999999999995
2101,0.0,130.99999999999997,-130.99999999999997
2102,0.0,111.39999999999999,-111.39999999999999
2103,0.0,105.09999999999994,-105.09999999999994
2104,0.0,104.79999999999994,-104.79999999999994
2105,0.0,123.60000000000001,-123.60000000000001
2106,0.0,147.0,-147.0
2107,0.0,168.3,-168.3
2108,0.0,181.6,-181.6
2109,0.0,190.39999999999986,-190.39999999999986
2110,0.0,201.9999999999999,-201.9999999999999
2111,0.0,211.59999999999994,-211.59999999999994
2112,0.0,221.70000000000005,-221.70000000000005
2113,0.0,242.2,-242.2
2114,0.143314311695669,260.3,-260.1566856883043
2115,0.666059533803863,254.79999999999993,-254.13394046619607
2116,1.216221363954885,259.20000000000005,-257.98377863604514
2117,2.543593553828265,260.5,-257.95640644617174
2118,8.72574818568474,246.19999999999993,-237.47425181431518
2119,31.31549012190325,240.99999999999994,-209.6845098780967
2120,52.99936873830363,234.90000000000003,-181.9006312616964
2121,23.706543163167524,222.30000000000004,-198.5934568368325
2122,1.6648707358051331,224.80000000000007,-223.13512926419494
2123,0.0,210.2999999999999,-210.2999999999999
2124,0.0,168.60000000000002,-168.60000000000002
2125,0.0,144.20000000000002,-144.20000000000002
2126,0.0,132.69999999999996,-132.69999999999996
2127,0.0,111.39999999999999,-111.39999999999999
2128,0.0,106.79999999999997,-106.79999999999997
2129,0.0,114.80000000000003,-114.80000000000003
2130,0.0,132.69999999999996,-132.69999999999996
2131,0.0,160.29999999999993,-160.29999999999993
2132,0.0,171.10000000000002,-171.10000000000002
2133,0.0,175.3,-175.3
2134,0.0,176.80000000000004,-176.80000000000004
2135,0.0,197.3999999999998,-197.3999999999998
2136,0.0,207.19999999999985,-207.19999999999985
2137,0.0,218.20000000000007,-218.20000000000007
2138,0.0,216.00000000000006,-216.00000000000006
2139,0.340811779399703,223.10000000000008,-222.75918822060038
2140,0.7166427989354042,231.70000000000007,-230.98335720106468
2141,1.218844448579138,233.10000000000005,-231.8811555514209
2142,3.165867628860728,243.79999999999998,-240.63413237113926
2143,11.273131538456894,230.90000000000006,-219.62686846154315
2144,19.6828862135153,225.70000000000007,-206.01711378648477
2145,4.680949665846574,216.10000000000005,-211.41905033415347
2146,0.0,193.59999999999982,-193.59999999999982
2147,0.0,157.1,-157.1
2148,0.0,133.19999999999996,-133.19999999999996
2149,0.0,98.59999999999997,-98.59999999999997
2150,0.0,84.6,-84.6
2151,0.0,62.799999999999976,-62.799999999999976
2152,0.0,72.19999999999996,-72.19999999999996
2153,0.0,85.5,-85.5
2154,0.0,100.69999999999997,-100.69999999999997
2155,0.0,123.9,-123.9
2156,0.0,140.20000000000002,-140.20000000000002
2157,0.0,149.4,-149.4
2158,0.0,169.60000000000002,-169.60000000000002
2159,0.0,176.50000000000003,-176.50000000000003
2160,0.0,181.6,-181.6
2161,0.0,38.100000000000044,-38.100000000000044
2162,0.0,37.30000000000004,-37.30000000000004
2163,0.0,40.10000000000004,-40.10000000000004
2164,0.3528099768634055,40.10000000000004,-39.74719002313663
2165,0.6570022752788311,39.80000000000004,-39.14299772472121
2166,0.9767590802658191,39.100000000000044,-38.12324091973422
2167,1.385847209905667,39.600000000000044,-38.214152790094374
2168,1.5295886324456671,39.100000000000044,-37.57041136755438
2169,1.3160524938987033,36.90000000000004,-35.58394750610134
2170,0.8894494630080935,35.00000000000003,-34.11055053699194
2171,0.2701864734344136,30.60000000000004,-30.329813526565626
2172,0.0,29.800000000000043,-29.800000000000043
2173,0.0,30.400000000000045,-30.400000000000045
2174,0.0,30.90000000000004,-30.90000000000004
2175,0.0,32.40000000000003,-32.40000000000003
2176,0.0,34.10000000000003,-34.10000000000003
2177,0.0,35.10000000000003,-35.10000000000003
2178,0.0,37.10000000000004,-37.10000000000004
2179,0.0,38.50000000000004,-38.50000000000004
2180,0.0,40.10000000000004,-40.10000000000004
2181,0.0,42.90000000000005,-42.90000000000005
2182,0.0,44.80000000000008,-44.80000000000008
2183,0.0,45.30000000000008,-45.30000000000008
2184,1.2473211765805936,46.70000000000009,-45.4526788234195
2185,4.515289516235881,45.60000000000009,-41.084710483764205
2186,21.78668969385177,46.900000000000084,-25.113310306148314
2187,64.61030095559501,47.40000000000009,17.210300955594917
2188,118.25156451138766,46.900000000000084,71.35156451138758
2189,207.87715590754956,49.30000000000007,158.5771559075495
2190,260.9333117268617,47.80000000000008,213.13331172686162
2191,304.143438820828,47.200000000000095,256.9434388208279
2192,259.60458923053767,45.30000000000008,214.3045892305376
2193,147.02714382363072,42.00000000000004,105.02714382363068
2194,7.56113059879383,37.600000000000044,-30.038869401206213
2195,0.0,35.50000000000003,-35.50000000000003
2196,0.0,31.70000000000003,-31.70000000000003
2197,0.0,30.70000000000004,-30.70000000000004
2198,0.0,30.300000000000043,-30.300000000000043
2199,0.0,29.700000000000042,-29.700000000000042
2200,0.0,28.200000000000042,-28.200000000000042
2201,0.0,28.200000000000042,-28.200000000000042
2202,0.0,29.40000000000004,-29.40000000000004
2203,0.0,31.70000000000003,-31.70000000000003
2204,0.0,34.80000000000003,-34.80000000000003
2205,0.0,37.30000000000004,-37.30000000000004
2206,0.0,36.60000000000003,-36.60000000000003
2207,0.0,35.70000000000003,-35.70000000000003
2208,0.0,36.90000000000004,-36.90000000000004
2209,0.0,37.10000000000004,-37.10000000000004
2210,0.0,38.100000000000044,-38.100000000000044
2211,0.2392210486348614,37.50000000000004,-37.26077895136518
2212,0.566143313673538,37.000000000000036,-36.4338566863265
2213,0.8910506902704959,34.70000000000003,-33.808949309729535
2214,1.4642874245592297,32.800000000000026,-31.335712575440795
2215,3.171498729963946,32.300000000000026,-29.12850127003608
2216,1.829567795855271,29.800000000000043,-27.97043220414477
2217,0.0,25.400000000000023,-25.400000000000023
2218,0.0,22.800000000000026,-22.800000000000026
2219,0.0,18.299999999999994,-18.299999999999994
2220,0.0,13.999999999999973,-13.999999999999973
2221,0.0,11.399999999999979,-11.399999999999979
2222,0.0,5.9999999999999964,-5.9999999999999964
2223,0.0,1.2000000000000002,-1.2000000000000002
2224,0.0,0.30000000000000004,-0.30000000000000004
2225,0.0,0.30000000000000004,-0.30000000000000004
2226,0.0,1.4000000000000001,-1.4000000000000001
2227,0.0,3.7000000000000015,-3.7000000000000015
2228,0.0,9.299999999999985,-9.299999999999985
2229,0.0,12.399999999999975,-12.399999999999975
2230,0.0,12.399999999999975,-12.399999999999975
2231,0.0,14.69999999999997,-14.69999999999997
2232,0.0,15.799999999999967,-15.799999999999967
2233,0.0,0.0,0.0
2234,0.0,0.0,0.0
2235,0.0,0.0,0.0
2236,0.0,0.0,0.0
2237,0.0,0.0,0.0
2238,0.0,0.0,0.0
2239,0.0,0.0,0.0
2240,0.0,0.0,0.0
2241,0.0,0.0,0.0
2242,0.0,0.0,0.0
2243,0.0,0.0,0.0
2244,0.0,0.0,0.0
2245,0.0,0.0,0.0
2246,0.0,0.0,0.0
2247,0.0,0.0,0.0
2248,0.0,0.0,0.0
2249,0.0,0.0,0.0
2250,0.0,0.0,0.0
2251,0.0,0.0,0.0
2252,0.0,0.0,0.0
2253,0.0,0.0,0.0
2254,0.0,0.0,0.0
2255,0.0,0.0,0.0
2256,0.0,0.0,0.0
2257,0.0,23.100000000000033,-23.100000000000033
2258,0.0,25.200000000000024,-25.200000000000024
2259,0.0,26.100000000000037,-26.100000000000037
2260,0.0,28.300000000000043,-28.300000000000043
2261,0.0,27.50000000000004,-27.50000000000004
2262,0.0,27.000000000000036,-27.000000000000036
2263,0.0,24.80000000000003,-24.80000000000003
2264,0.0,23.200000000000035,-23.200000000000035
2265,0.0,20.500000000000007,-20.500000000000007
2266,0.0,18.09999999999999,-18.09999999999999
2267,0.0,13.499999999999975,-13.499999999999975
2268,0.0,5.0,-5.0
2269,0.0,0.7999999999999999,-0.7999999999999999
2270,0.0,0.30000000000000004,-0.30000000000000004
2271,0.0,0.1,-0.1
2272,0.0,0.0,0.0
2273,0.0,0.1,-0.1
2274,0.0,0.30000000000000004,-0.30000000000000004
2275,0.0,1.5,-1.5
2276,0.0,8.699999999999989,-8.699999999999989
2277,0.0,12.399999999999975,-12.399999999999975
2278,0.0,15.499999999999968,-15.499999999999968
2279,0.0,18.899999999999995,-18.899999999999995
2280,0.0,22.900000000000027,-22.900000000000027
2281,0.0,23.500000000000036,-23.500000000000036
2282,0.0,24.900000000000027,-24.900000000000027
2283,0.0,25.400000000000023,-25.400000000000023
2284,0.0,26.900000000000034,-26.900000000000034
2285,0.0,29.200000000000045,-29.200000000000045
2286,0.0,30.400000000000045,-30.400000000000045
2287,0.0,29.90000000000004,-29.90000000000004
2288,0.0,26.900000000000034,-26.900000000000034
2289,0.0,24.00000000000004,-24.00000000000004
2290,0.0,17.899999999999988,-17.899999999999988
2291,0.0,10.399999999999983,-10.399999999999983
2292,0.0,1.9000000000000004,-1.9000000000000004
2293,0.0,0.1,-0.1
2294,0.0,0.0,0.0
2295,0.0,0.0,0.0
2296,0.0,0.0,0.0
2297,0.0,0.1,-0.1
2298,0.0,0.7999999999999999,-0.7999999999999999
2299,0.0,8.09999999999999,-8.09999999999999
2300,0.0,12.399999999999975,-12.399999999999975
2301,0.0,14.89999999999997,-14.89999999999997
2302,0.0,21.00000000000001,-21.00000000000001
2303,0.0,24.400000000000034,-24.400000000000034
2304,0.0,26.900000000000034,-26.900000000000034
2305,0.0,29.200000000000045,-29.200000000000045
2306,0.0,31.80000000000003,-31.80000000000003
2307,0.0,33.200000000000024,-33.200000000000024
2308,0.0,35.50000000000003,-35.50000000000003
2309,0.0,37.50000000000004,-37.50000000000004
2310,0.2964367170255968,37.600000000000044,-37.303563282974444
2311,0.6074460978622042,40.10000000000004,-39.492553902137836
2312,0.4206421436527577,37.700000000000045,-37.27935785634729
2313,0.0,36.70000000000003,-36.70000000000003
2314,0.0,32.800000000000026,-32.800000000000026
2315,0.0,30.000000000000043,-30.000000000000043
2316,0.0,28.500000000000043,-28.500000000000043
2317,0.0,26.70000000000003,-26.70000000000003
2318,0.0,24.70000000000003,-24.70000000000003
2319,0.0,22.600000000000026,-22.600000000000026
2320,0.0,21.600000000000012,-21.600000000000012
2321,0.0,25.200000000000024,-25.200000000000024
2322,0.0,27.20000000000004,-27.20000000000004
2323,0.0,31.70000000000003,-31.70000000000003
2324,0.0,34.70000000000003,-34.70000000000003
2325,0.0,38.00000000000004,-38.00000000000004
2326,0.0,40.10000000000004,-40.10000000000004
2327,0.0,42.500000000000036,-42.500000000000036
2328,0.0,43.300000000000054,-43.300000000000054
2329,0.0,46.00000000000009,-46.00000000000009
2330,0.17657838368848,45.70000000000009,-45.52342161631161
2331,0.7271412199502307,48.90000000000007,-48.172858780049836
2332,1.3597867237858003,51.30000000000006,-49.94021327621426
2333,2.3235599426648124,50.00000000000007,-47.676440057335256
2334,5.805251452819355,48.800000000000075,-42.99474854718072
2335,13.594028105619504,46.900000000000084,-33.305971894380576
2336,13.227469651692598,43.300000000000054,-30.072530348307456
2337,0.6135572465775708,39.90000000000004,-39.28644275342247
2338,0.0,32.60000000000003,-32.60000000000003
2339,0.0,29.800000000000043,-29.800000000000043
2340,0.0,26.800000000000033,-26.800000000000033
2341,0.0,23.100000000000033,-23.100000000000033
2342,0.0,21.00000000000001,-21.00000000000001
2343,0.0,18.899999999999995,-18.899999999999995
2344,0.0,18.199999999999992,-18.199999999999992
2345,0.0,18.09999999999999,-18.09999999999999
2346,0.0,20.500000000000007,-20.500000000000007
2347,0.0,24.20000000000004,-24.20000000000004
2348,0.0,27.20000000000004,-27.20000000000004
2349,0.0,27.20000000000004,-27.20000000000004
2350,0.0,26.400000000000038,-26.400000000000038
2351,0.0,26.000000000000036,-26.000000000000036
2352,0.0,26.70000000000003,-26.70000000000003
2353,0.0,25.600000000000026,-25.600000000000026
2354,0.0,26.70000000000003,-26.70000000000003
2355,0.0,29.40000000000004,-29.40000000000004
2356,0.0,29.800000000000043,-29.800000000000043
2357,0.0,30.60000000000004,-30.60000000000004
2358,0.0649468787795263,30.200000000000042,-30.135053121220515
2359,0.3063158880797243,30.500000000000043,-30.19368411192032
2360,0.087051087835157,29.700000000000042,-29.612948912164885
2361,0.0,26.400000000000038,-26.400000000000038
2362,0.0,18.899999999999995,-18.899999999999995
2363,0.0,12.199999999999976,-12.199999999999976
2364,0.0,6.699999999999994,-6.699999999999994
2365,0.0,3.7000000000000015,-3.7000000000000015
2366,0.0,0.7999999999999999,-0.7999999999999999
2367,0.0,0.30000000000000004,-0.30000000000000004
2368,0.0,0.0,0.0
2369,0.0,0.2,-0.2
2370,0.0,1.1,-1.1
2371,0.0,8.899999999999988,-8.899999999999988
2372,0.0,16.699999999999974,-16.699999999999974
2373,0.0,24.20000000000004,-24.20000000000004
2374,0.0,26.70000000000003,-26.70000000000003
2375,0.0,29.600000000000044,-29.600000000000044
2376,0.0,31.70000000000003,-31.70000000000003
2377,0.0,32.800000000000026,-32.800000000000026
2378,0.0,37.000000000000036,-37.000000000000036
2379,0.0,36.20000000000003,-36.20000000000003
2380,0.0,36.90000000000004,-36.90000000000004
2381,0.1552676778489918,34.40000000000003,-34.24473232215104
2382,0.4653824540046651,34.10000000000003,-33.63461754599536
2383,0.5237702633864635,32.10000000000002,-31.57622973661356
2384,0.2039060831198808,30.000000000000043,-29.79609391688016
2385,0.0,24.70000000000003,-24.70000000000003
2386,0.0,19.599999999999998,-19.599999999999998
2387,0.0,12.899999999999977,-12.899999999999977
2388,0.0,8.799999999999988,-8.799999999999988
2389,0.0,5.9999999999999964,-5.9999999999999964
2390,0.0,3.6000000000000014,-3.6000000000000014
2391,0.0,0.30000000000000004,-0.30000000000000004
2392,0.0,0.2,-0.2
2393,0.0,0.1,-0.1
2394,0.0,0.30000000000000004,-0.30000000000000004
2395,0.0,4.9,-4.9
2396,0.0,13.299999999999976,-13.299999999999976
2397,0.0,16.199999999999967,-16.199999999999967
2398,0.0,21.100000000000012,-21.100000000000012
2399,0.0,23.500000000000036,-23.500000000000036
2400,0.0,25.80000000000003,-25.80000000000003
2401,0.0,27.800000000000043,-27.800000000000043
2402,0.0,28.200000000000042,-28.200000000000042
2403,0.0,28.000000000000043,-28.000000000000043
2404,0.0,28.300000000000043,-28.300000000000043
2405,0.0,30.70000000000004,-30.70000000000004
2406,0.0,30.90000000000004,-30.90000000000004
2407,0.0262168165521928,31.70000000000003,-31.67378318344784
2408,0.0,30.400000000000045,-30.400000000000045
2409,0.0,28.300000000000043,-28.300000000000043
2410,0.0,25.00000000000003,-25.00000000000003
2411,0.0,20.60000000000001,-20.60000000000001
2412,0.0,18.499999999999996,-18.499999999999996
2413,0.0,15.499999999999968,-15.499999999999968
2414,0.0,11.799999999999978,-11.799999999999978
2415,0.0,9.299999999999985,-9.299999999999985
2416,0.0,8.699999999999989,-8.699999999999989
2417,0.0,11.799999999999978,-11.799999999999978
2418,0.0,15.799999999999967,-15.799999999999967
2419,0.0,18.499999999999996,-18.499999999999996
2420,0.0,21.600000000000012,-21.600000000000012
2421,0.0,25.600000000000026,-25.600000000000026
2422,0.0,29.90000000000004,-29.90000000000004
2423,0.0,31.500000000000036,-31.500000000000036
2424,0.0,34.40000000000003,-34.40000000000003
2425,0.0,36.60000000000003,-36.60000000000003
2426,0.0,37.600000000000044,-37.600000000000044
2427,0.0,37.700000000000045,-37.700000000000045
2428,0.0425331907336521,37.50000000000004,-37.45746680926639
2429,0.4758168714299385,37.600000000000044,-37.1241831285701
2430,0.6939912837361562,37.600000000000044,-36.90600871626389
2431,0.8222547795952089,36.40000000000003,-35.57774522040482
2432,0.3699441214469952,31.80000000000003,-31.430055878553034
2433,0.0,27.20000000000004,-27.20000000000004
2434,0.0,20.300000000000004,-20.300000000000004
2435,0.0,14.199999999999973,-14.199999999999973
2436,0.0,8.19999999999999,-8.19999999999999
2437,0.0,1.2000000000000002,-1.2000000000000002
2438,0.0,0.2,-0.2
2439,0.0,0.0,0.0
2440,0.0,0.0,0.0
2441,0.0,0.1,-0.1
2442,0.0,0.30000000000000004,-0.30000000000000004
2443,0.0,0.30000000000000004,-0.30000000000000004
2444,0.0,3.6000000000000014,-3.6000000000000014
2445,0.0,9.399999999999984,-9.399999999999984
2446,0.0,11.699999999999978,-11.699999999999978
2447,0.0,15.799999999999967,-15.799999999999967
2448,0.0,19.299999999999994,-19.299999999999994
2449,0.0,20.300000000000004,-20.300000000000004
2450,0.0,20.500000000000007,-20.500000000000007
2451,0.0,18.899999999999995,-18.899999999999995
2452,0.0,20.400000000000006,-20.400000000000006
2453,0.0,20.300000000000004,-20.300000000000004
2454,0.0,21.50000000000001,-21.50000000000001
2455,0.0,24.70000000000003,-24.70000000000003
2456,0.0,23.100000000000033,-23.100000000000033
2457,0.0,19.099999999999994,-19.099999999999994
2458,0.0,14.89999999999997,-14.89999999999997
2459,0.0,7.399999999999992,-7.399999999999992
2460,0.0,0.30000000000000004,-0.30000000000000004
2461,0.0,0.7000000000000001,-0.7000000000000001
2462,0.0,0.2,-0.2
2463,0.0,0.30000000000000004,-0.30000000000000004
2464,0.0,0.30000000000000004,-0.30000000000000004
2465,0.0,1.2000000000000002,-1.2000000000000002
2466,0.0,1.8000000000000003,-1.8000000000000003
2467,0.0,12.299999999999976,-12.299999999999976
2468,0.0,16.599999999999973,-16.599999999999973
2469,0.0,20.400000000000006,-20.400000000000006
2470,0.0,21.90000000000002,-21.90000000000002
2471,0.0,25.00000000000003,-25.00000000000003
2472,0.0,28.300000000000043,-28.300000000000043
2473,0.0,30.400000000000045,-30.400000000000045
2474,0.0,34.00000000000003,-34.00000000000003
2475,0.0,34.40000000000003,-34.40000000000003
2476,0.0,33.80000000000003,-33.80000000000003
2477,0.0,35.10000000000003,-35.10000000000003
2478,0.3165125880201708,36.60000000000003,-36.283487411979856
2479,0.5316787803243411,37.600000000000044,-37.0683212196757
2480,0.3004135511150432,36.80000000000003,-36.49958644888499
2481,0.0,33.200000000000024,-33.200000000000024
2482,0.0,29.40000000000004,-29.40000000000004
2483,0.0,22.800000000000026,-22.800000000000026
2484,0.0,17.39999999999998,-17.39999999999998
2485,0.0,13.299999999999976,-13.299999999999976
2486,0.0,11.799999999999978,-11.799999999999978
2487,0.0,9.099999999999987,-9.099999999999987
2488,0.0,8.699999999999989,-8.699999999999989
2489,0.0,11.999999999999977,-11.999999999999977
2490,0.0,18.999999999999993,-18.999999999999993
2491,0.0,24.00000000000004,-24.00000000000004
2492,0.0,27.100000000000037,-27.100000000000037
2493,0.0,32.300000000000026,-32.300000000000026
2494,0.0,36.90000000000004,-36.90000000000004
2495,0.0,40.10000000000004,-40.10000000000004
2496,0.0,43.70000000000006,-43.70000000000006
2497,0.0,46.100000000000094,-46.100000000000094
2498,0.0,49.30000000000007,-49.30000000000007
2499,0.5752733793726253,53.300000000000054,-52.72472662062743
2500,1.2945621143781916,56.600000000000016,-55.30543788562182
2501,2.882852219453804,59.999999999999986,-57.11714778054618
2502,8.941315903835415,59.39999999999999,-50.458684096164575
2503,24.358951726454908,59.499999999999986,-35.14104827354508
2504,24.297581024348183,56.100000000000016,-31.802418975651833
2505,5.5610636679702585,52.40000000000007,-46.83893633202981
2506,0.0,47.80000000000008,-47.80000000000008
2507,0.0,40.90000000000003,-40.90000000000003
2508,0.0,37.50000000000004,-37.50000000000004
2509,0.0,34.40000000000003,-34.40000000000003
2510,0.0,31.70000000000003,-31.70000000000003
2511,0.0,30.60000000000004,-30.60000000000004
2512,0.0,30.200000000000042,-30.200000000000042
2513,0.0,30.70000000000004,-30.70000000000004
2514,0.0,35.300000000000026,-35.300000000000026
2515,0.0,40.20000000000004,-40.20000000000004
2516,0.0,44.900000000000084,-44.900000000000084
2517,0.0,48.700000000000074,-48.700000000000074
2518,0.0,52.20000000000006,-52.20000000000006
2519,0.0,55.60000000000001,-55.60000000000001
2520,0.0,58.00000000000001,-58.00000000000001
2521,0.5821147772846772,61.39999999999998,-60.8178852227153
2522,1.9276506781202465,62.59999999999998,-60.672349321879736
2523,9.33393353803701,64.09999999999997,-54.76606646196296
2524,57.94160872563364,66.79999999999997,-8.858391274366326
2525,186.96361291299655,68.79999999999997,118.16361291299658
2526,357.9772133842077,70.59999999999998,287.3772133842077
2527,449.0183675530566,69.79999999999997,379.2183675530566
2528,426.3636285936198,67.49999999999997,358.86362859361986
2529,284.2566890442827,63.49999999999997,220.75668904428275
2530,64.52774242517492,56.100000000000016,8.427742425174905
2531,0.4173882330292799,51.100000000000065,-50.68261176697079
2532,0.0,47.000000000000085,-47.000000000000085
2533,0.0,43.10000000000005,-43.10000000000005
2534,0.0,42.70000000000004,-42.70000000000004
2535,0.0,41.400000000000034,-41.400000000000034
2536,0.0,40.90000000000003,-40.90000000000003
2537,0.0,42.90000000000005,-42.90000000000005
2538,0.0,46.00000000000009,-46.00000000000009
2539,0.0,49.70000000000007,-49.70000000000007
2540,0.0,56.600000000000016,-56.600000000000016
2541,0.0,60.69999999999998,-60.69999999999998
2542,0.0,63.49999999999997,-63.49999999999997
2543,2.522673454177843,67.09999999999997,-64.57732654582212
2544,19.390336605478197,67.29999999999997,-47.90966339452177
2545,82.30838707990077,68.59999999999997,13.708387079900803
2546,247.43898367329547,71.09999999999997,176.3389836732955
2547,419.7868230434197,71.49999999999997,348.28682304341976
2548,563.0383341353262,73.49999999999996,489.53833413532624
2549,653.5826172220803,73.49999999999996,580.0826172220803
2550,732.3359794704558,74.69999999999995,657.6359794704558
2551,731.9105883831027,72.09999999999997,659.8105883831026
2552,646.4667472395499,69.79999999999997,576.66674723955
2553,460.3866119981376,67.39999999999996,392.9866119981376
2554,182.1971865565152,60.099999999999994,122.0971865565152
2555,16.18551386599387,53.600000000000044,-37.414486134006175
2556,0.283165356906274,48.60000000000007,-48.3168346430938
2557,0.0,42.500000000000036,-42.500000000000036
2558,0.0,38.100000000000044,-38.100000000000044
2559,0.0,35.80000000000003,-35.80000000000003
2560,0.0,36.00000000000003,-36.00000000000003
2561,0.0,38.50000000000004,-38.50000000000004
2562,0.0,43.300000000000054,-43.300000000000054
2563,0.0,48.40000000000008,-48.40000000000008
2564,0.0,52.60000000000006,-52.60000000000006
2565,0.0,56.100000000000016,-56.100000000000016
2566,0.0,60.89999999999998,-60.89999999999998
2567,2.162042674455785,65.19999999999996,-63.03795732554418
2568,14.815926615826672,67.89999999999996,-53.084073384173294
2569,59.74498636307939,70.69999999999997,-10.955013636920583
2570,181.2124981934439,71.69999999999997,109.51249819344393
2571,369.0596005780542,71.89999999999996,297.1596005780542
2572,499.33252702538834,70.89999999999998,428.43252702538837
2573,568.3680171514711,68.09999999999997,500.26801715147116
2574,630.6339211587829,67.69999999999996,562.9339211587829
2575,630.5871253700248,67.19999999999996,563.3871253700248
2576,518.9107323667423,63.799999999999976,455.11073236674235
2577,337.48336994263826,61.59999999999998,275.8833699426383
2578,97.84097119563884,55.60000000000001,42.240971195638835
2579,2.161685094393777,47.200000000000095,-45.03831490560632
2580,0.0,39.80000000000004,-39.80000000000004
2581,0.0,33.80000000000003,-33.80000000000003
2582,0.0,30.90000000000004,-30.90000000000004
2583,0.0,29.200000000000045,-29.200000000000045
2584,0.0,27.100000000000037,-27.100000000000037
2585,0.0,26.900000000000034,-26.900000000000034
2586,0.0,29.90000000000004,-29.90000000000004
2587,0.0,32.300000000000026,-32.300000000000026
2588,0.0,34.40000000000003,-34.40000000000003
2589,0.0,37.600000000000044,-37.600000000000044
2590,0.0,37.50000000000004,-37.50000000000004
2591,0.0,37.20000000000004,-37.20000000000004
2592,0.0,39.100000000000044,-39.100000000000044
2593,0.0,40.400000000000034,-40.400000000000034
2594,0.0,39.600000000000044,-39.600000000000044
2595,0.2189955803507331,41.20000000000003,-40.981004419649295
2596,0.5931147948835115,40.10000000000004,-39.506885205116525
2597,0.9569299113491788,40.400000000000034,-39.443070088650856
2598,1.6276800177733444,44.50000000000007,-42.87231998222673
2599,2.368430126774944,43.60000000000006,-41.23156987322511
2600,1.4148970138242762,43.20000000000005,-41.78510298617578
2601,0.0,38.50000000000004,-38.50000000000004
2602,0.0,32.800000000000026,-32.800000000000026
2603,0.0,28.200000000000042,-28.200000000000042
2604,0.0,24.70000000000003,-24.70000000000003
2605,0.0,19.599999999999998,-19.599999999999998
2606,0.0,18.499999999999996,-18.499999999999996
2607,0.0,17.39999999999998,-17.39999999999998
2608,0.0,17.499999999999982,-17.499999999999982
2609,0.0,18.799999999999997,-18.799999999999997
2610,0.0,22.00000000000002,-22.00000000000002
2611,0.0,27.100000000000037,-27.100000000000037
2612,0.0,30.70000000000004,-30.70000000000004
2613,0.0,33.200000000000024,-33.200000000000024
2614,0.0,36.90000000000004,-36.90000000000004
2615,0.0,39.80000000000004,-39.80000000000004
2616,0.0,43.20000000000005,-43.20000000000005
2617,0.0,46.900000000000084,-46.900000000000084
2618,0.0,45.70000000000009,-45.70000000000009
2619,0.4313145929961182,45.10000000000008,-44.66868540700396
2620,0.7761333863947794,44.900000000000084,-44.1238666136053
2621,1.3350765035420578,46.60000000000009,-45.26492349645803
2622,2.4011037362941905,47.40000000000009,-44.9988962637059
2623,5.260892893075882,47.200000000000095,-41.93910710692421
2624,3.644646989540738,43.80000000000006,-40.15535301045932
2625,1.0788922693682452,42.90000000000005,-41.8211077306318
2626,0.0,39.90000000000004,-39.90000000000004
2627,0.0,36.50000000000003,-36.50000000000003
2628,0.0,33.50000000000003,-33.50000000000003
2629,0.0,35.70000000000003,-35.70000000000003
2630,0.0,36.40000000000003,-36.40000000000003
2631,0.0,35.50000000000003,-35.50000000000003
2632,0.0,35.50000000000003,-35.50000000000003
2633,0.0,35.300000000000026,-35.300000000000026
2634,0.0,39.600000000000044,-39.600000000000044
2635,0.0,42.100000000000044,-42.100000000000044
2636,0.0,44.10000000000007,-44.10000000000007
2637,0.0,46.60000000000009,-46.60000000000009
2638,0.0,48.700000000000074,-48.700000000000074
2639,0.0,51.40000000000006,-51.40000000000006
2640,0.0,53.300000000000054,-53.300000000000054
2641,1.3811847435168103,54.00000000000003,-52.61881525648322
2642,12.394857480128003,57.2,-44.805142519872
2643,70.32411639802122,59.39999999999999,10.924116398021226
2644,159.17354100231947,57.5,101.67354100231947
2645,261.11410218585775,56.100000000000016,205.01410218585772
2646,381.0217253775786,59.89999999999999,321.1217253775786
2647,413.5448357002899,58.199999999999996,355.34483570028993
2648,386.4319727718161,58.99999999999999,327.4319727718161
2649,224.83140402425707,52.800000000000054,172.03140402425703
2650,31.263313665036605,48.60000000000007,-17.336686334963467
2651,0.0,44.00000000000007,-44.00000000000007
2652,0.0,42.20000000000004,-42.20000000000004
2653,0.0,40.00000000000004,-40.00000000000004
2654,0.0,38.50000000000004,-38.50000000000004
2655,0.0,40.800000000000026,-40.800000000000026
2656,0.0,40.20000000000004,-40.20000000000004
2657,0.0,40.70000000000003,-40.70000000000003
2658,0.0,42.90000000000005,-42.90000000000005
2659,0.0,44.80000000000008,-44.80000000000008
2660,0.0,46.200000000000095,-46.200000000000095
2661,0.0,47.200000000000095,-47.200000000000095
2662,0.0,50.70000000000006,-50.70000000000006
2663,0.0,55.30000000000002,-55.30000000000002
2664,7.089775876354596,57.7,-50.61022412364541
2665,51.69599465265534,59.39999999999999,-7.704005347344655
2666,161.5536028123672,59.59999999999999,101.9536028123672
2667,308.77023186253234,60.89999999999998,247.87023186253236
2668,406.8731062864493,60.69999999999998,346.1731062864493
2669,473.90117782781374,60.29999999999999,413.60117782781373
2670,538.624029544957,61.199999999999974,477.424029544957
2671,569.8081936239906,62.89999999999997,506.90819362399066
2672,526.3356845782846,61.59999999999998,464.73568457828463
2673,390.1906742030759,60.199999999999996,329.9906742030759
2674,192.5769357972732,56.100000000000016,136.47693579727317
2675,24.020842263895226,53.10000000000006,-29.079157736104833
2676,3.502258198994122,52.000000000000064,-48.497741801005944
2677,1.5832969028331063,52.900000000000055,-51.31670309716695
2678,0.0,53.50000000000005,-53.50000000000005
2679,0.0,53.00000000000006,-53.00000000000006
2680,0.0,52.20000000000006,-52.20000000000006
2681,0.0,51.40000000000006,-51.40000000000006
2682,0.0,53.600000000000044,-53.600000000000044
2683,0.1520849963579584,57.6,-57.447915003642045
2684,3.884710897238099,61.59999999999998,-57.71528910276188
2685,13.65233389725226,62.59999999999998,-48.94766610274772
2686,54.48576739103311,62.799999999999976,-8.314232608966869
2687,185.85224398326875,64.79999999999997,121.05224398326878
2688,375.89713846441776,67.69999999999996,308.1971384644178
2689,514.2312619553165,69.19999999999996,445.0312619553166
2690,647.8338263275186,73.59999999999995,574.2338263275187
2691,730.7842276217441,74.69999999999995,656.0842276217442
2692,779.9423592981791,74.39999999999995,705.5423592981791
2693,804.9039712560349,73.69999999999996,731.203971256035
2694,818.0271658932995,72.69999999999995,745.3271658932996
2695,770.4179019182696,70.59999999999998,699.8179019182696
2696,665.4860687840857,69.59999999999997,595.8860687840856
2697,455.1325152431471,65.19999999999996,389.9325152431471
2698,182.65950232750163,59.69999999999999,122.95950232750164
2699,12.256155624945713,52.100000000000065,-39.84384437505435
2700,0.9127460707910892,49.10000000000007,-48.187253929208985
2701,0.0,46.30000000000009,-46.30000000000009
2702,0.0,43.70000000000006,-43.70000000000006
2703,0.0,41.20000000000003,-41.20000000000003
2704,0.0,42.00000000000004,-42.00000000000004
2705,0.0,42.00000000000004,-42.00000000000004
2706,0.0,43.60000000000006,-43.60000000000006
2707,0.0,46.900000000000084,-46.900000000000084
2708,0.0,48.40000000000008,-48.40000000000008
2709,0.0,53.80000000000004,-53.80000000000004
2710,0.0,56.100000000000016,-56.100000000000016
2711,0.0352687190431308,55.90000000000001,-55.86473128095688
2712,4.86519632814719,59.89999999999999,-55.0348036718528
2713,26.406573799414534,60.89999999999998,-34.493426200585446
2714,90.72869614385206,60.99999999999998,29.728696143852083
2715,221.4864742236896,60.89999999999998,160.58647422368963
2716,356.8020183753264,61.199999999999974,295.6020183753264
2717,442.9779163169974,60.99999999999998,381.9779163169974
2718,504.3866244268595,60.89999999999998,443.4866244268595
2719,496.8989840257833,58.1,438.7989840257833
2720,426.7756706843062,58.49999999999999,368.2756706843062
2721,261.65292959508594,56.600000000000016,205.0529295950859
2722,62.23626605820443,53.900000000000034,8.336266058204394
2723,4.853463788515039,51.80000000000007,-46.94653621148503
2724,0.3242260539935391,47.200000000000095,-46.875773946006554
2725,0.0,43.50000000000006,-43.50000000000006
2726,0.0,42.60000000000004,-42.60000000000004
2727,0.0,42.20000000000004,-42.20000000000004
2728,0.0,42.00000000000004,-42.00000000000004
2729,0.0,46.30000000000009,-46.30000000000009
2730,0.0,49.800000000000075,-49.800000000000075
2731,0.0,52.900000000000055,-52.900000000000055
2732,0.0,56.000000000000014,-56.000000000000014
2733,0.0,58.49999999999999,-58.49999999999999
2734,4.783634045524881,61.59999999999998,-56.8163659544751
2735,35.43490243877305,64.79999999999997,-29.365097561226918
2736,151.92107780609803,67.59999999999997,84.32107780609806
2737,329.5723372959244,67.69999999999996,261.87233729592447
2738,458.77969200622414,67.59999999999997,391.1796920062242
2739,546.4858340885982,67.29999999999997,479.1858340885982
2740,619.1031371365001,67.49999999999997,551.6031371365001
2741,639.7954002350675,64.99999999999997,574.7954002350675
2742,676.6960969428752,65.99999999999996,610.6960969428752
2743,641.7151969643832,64.79999999999997,576.9151969643832
2744,511.6320017458477,63.39999999999997,448.2320017458477
2745,353.1904861755401,60.89999999999998,292.29048617554014
2746,145.92765296193443,57.300000000000004,88.62765296193442
2747,9.454418821002042,51.70000000000006,-42.245581178998016
2748,0.0,46.500000000000085,-46.500000000000085
2749,0.0,43.300000000000054,-43.300000000000054
2750,0.0,40.90000000000003,-40.90000000000003
2751,0.0,37.10000000000004,-37.10000000000004
2752,0.0,37.30000000000004,-37.30000000000004
2753,0.0,36.70000000000003,-36.70000000000003
2754,0.0,39.70000000000004,-39.70000000000004
2755,0.0,43.300000000000054,-43.300000000000054
2756,0.0,45.60000000000009,-45.60000000000009
2757,0.0,48.60000000000007,-48.60000000000007
2758,0.0,51.00000000000007,-51.00000000000007
2759,0.0,51.20000000000006,-51.20000000000006
2760,0.0,52.900000000000055,-52.900000000000055
2761,1.9116816907062604,53.300000000000054,-51.388318309293794
2762,13.130197727774506,53.50000000000005,-40.36980227222554
2763,53.70769238085561,53.10000000000006,0.6076923808555534
2764,149.25032133474497,53.300000000000054,95.95032133474491
2765,266.864194450463,53.70000000000004,213.16419445046296
2766,335.3931479420555,52.60000000000006,282.79314794205544
2767,341.6350116658344,50.00000000000007,291.6350116658343
2768,329.8565475057047,51.00000000000007,278.85654750570467
2769,283.33445118755515,49.00000000000007,234.3344511875551
2770,200.08326459969643,46.100000000000094,153.98326459969633
2771,93.00506392543129,44.900000000000084,48.1050639254312
2772,6.0584382187832055,41.00000000000003,-34.94156178121682
2773,0.220951127459291,41.20000000000003,-40.97904887254074
2774,0.0,39.30000000000005,-39.30000000000005
2775,0.0,38.100000000000044,-38.100000000000044
2776,0.0,36.60000000000003,-36.60000000000003
2777,0.0,34.50000000000003,-34.50000000000003
2778,0.0,32.10000000000002,-32.10000000000002
2779,0.0,33.200000000000024,-33.200000000000024
2780,0.0,34.00000000000003,-34.00000000000003
2781,0.0,31.900000000000027,-31.900000000000027
2782,0.0,31.80000000000003,-31.80000000000003
2783,0.0,32.10000000000002,-32.10000000000002
2784,0.3784809282142254,30.400000000000045,-30.021519071785818
2785,1.5921345022044553,30.60000000000004,-29.007865497795585
2786,10.82765509519688,33.80000000000003,-22.97234490480315
2787,42.97920234843546,35.00000000000003,7.979202348435429
2788,94.8432377827938,36.20000000000003,58.643237782793776
2789,182.94368776680344,39.600000000000044,143.34368776680338
2790,223.4162217860063,39.600000000000044,183.81622178600625
2791,226.8772407338132,39.100000000000044,187.77724073381316
2792,228.75946133786644,40.30000000000004,188.4594613378664
2793,182.84311556393848,40.20000000000004,142.64311556393844
2794,58.68842058450924,37.50000000000004,21.188420584509196
2795,9.047559831005072,37.10000000000004,-28.052440168994963
2796,0.3431093335125771,37.600000000000044,-37.256890666487465
2797,0.0,38.100000000000044,-38.100000000000044
2798,0.0,36.20000000000003,-36.20000000000003
2799,0.0,36.60000000000003,-36.60000000000003
2800,0.0,37.600000000000044,-37.600000000000044
2801,0.0,37.600000000000044,-37.600000000000044
2802,0.0,39.80000000000004,-39.80000000000004
2803,0.0,41.20000000000003,-41.20000000000003
2804,0.0,44.900000000000084,-44.900000000000084
2805,0.0,48.10000000000007,-48.10000000000007
2806,0.0400632159297062,49.800000000000075,-49.75993678407037
2807,15.511926091204334,51.20000000000006,-35.68807390879573
2808,80.18030257333676,51.70000000000006,28.4803025733367
2809,218.9329736455158,53.20000000000006,165.73297364551576
2810,324.3711706148744,54.10000000000002,270.2711706148744
2811,389.9474589341008,53.300000000000054,336.6474589341007
2812,439.178825293728,53.300000000000054,385.8788252937279
2813,467.1974778934318,53.10000000000006,414.09747789343174
2814,480.8667409877234,52.40000000000007,428.4667409877233
2815,449.94155482268576,52.800000000000054,397.1415548226857
2816,334.6496250102981,51.80000000000007,282.84962501029804
2817,123.42431589360078,47.200000000000095,76.22431589360068
2818,1.043544202546107,40.10000000000004,-39.05645579745393
2819,0.0,35.10000000000003,-35.10000000000003
2820,0.0,31.70000000000003,-31.70000000000003
2821,0.0,29.40000000000004,-29.40000000000004
2822,0.0,26.000000000000036,-26.000000000000036
2823,0.0,20.90000000000001,-20.90000000000001
2824,0.0,22.600000000000026,-22.600000000000026
2825,0.0,23.70000000000004,-23.70000000000004
2826,0.0,29.000000000000043,-29.000000000000043
2827,0.0,33.200000000000024,-33.200000000000024
2828,0.0,40.20000000000004,-40.20000000000004
2829,0.0,43.60000000000006,-43.60000000000006
2830,0.0,46.900000000000084,-46.900000000000084
2831,0.0,48.90000000000007,-48.90000000000007
2832,0.0,50.70000000000006,-50.70000000000006
2833,0.0,52.60000000000006,-52.60000000000006
2834,0.4960524665361431,53.00000000000006,-52.503947533463915
2835,1.170492096389241,54.200000000000024,-53.029507903610785
2836,2.1659851456945862,53.300000000000054,-51.13401485430547
2837,5.452195603560239,53.300000000000054,-47.84780439643981
2838,21.498371916366654,52.800000000000054,-31.3016280836334
2839,48.86890117253365,52.60000000000006,-3.731098827466411
2840,34.82968763202574,51.00000000000007,-16.170312367974333
2841,2.5652225871458647,47.80000000000008,-45.234777412854214
2842,0.0,43.20000000000005,-43.20000000000005
2843,0.0,34.80000000000003,-34.80000000000003
2844,0.0,29.90000000000004,-29.90000000000004
2845,0.0,29.800000000000043,-29.800000000000043
2846,0.0,27.800000000000043,-27.800000000000043
2847,0.0,27.20000000000004,-27.20000000000004
2848,0.0,25.600000000000026,-25.600000000000026
2849,0.0,25.300000000000026,-25.300000000000026
2850,0.0,25.600000000000026,-25.600000000000026
2851,0.0,27.700000000000042,-27.700000000000042
2852,0.0,29.800000000000043,-29.800000000000043
2853,0.0,31.70000000000003,-31.70000000000003
2854,0.0,31.30000000000004,-31.30000000000004
2855,0.0,31.70000000000003,-31.70000000000003
2856,0.0,33.200000000000024,-33.200000000000024
2857,0.0,34.40000000000003,-34.40000000000003
2858,0.0,35.50000000000003,-35.50000000000003
2859,0.0,35.70000000000003,-35.70000000000003
2860,0.0,37.30000000000004,-37.30000000000004
2861,0.4627487503831768,38.100000000000044,-37.63725124961687
2862,0.8372507582318361,43.20000000000005,-42.36274924176821
2863,1.1004457146693605,41.00000000000003,-39.899554285330666
2864,0.8286243794775603,42.90000000000005,-42.07137562052249
2865,0.2364818179090886,40.90000000000003,-40.66351818209094
2866,0.0,36.60000000000003,-36.60000000000003
2867,0.0,32.40000000000003,-32.40000000000003
2868,0.0,29.90000000000004,-29.90000000000004
2869,0.0,28.400000000000045,-28.400000000000045
2870,0.0,26.800000000000033,-26.800000000000033
2871,0.0,26.300000000000036,-26.300000000000036
2872,0.0,23.400000000000034,-23.400000000000034
2873,0.0,23.100000000000033,-23.100000000000033
2874,0.0,22.600000000000026,-22.600000000000026
2875,0.0,25.700000000000028,-25.700000000000028
2876,0.0,28.200000000000042,-28.200000000000042
2877,0.0,29.200000000000045,-29.200000000000045
2878,0.0,29.700000000000042,-29.700000000000042
2879,0.0,29.800000000000043,-29.800000000000043
2880,0.0,30.60000000000004,-30.60000000000004
2881,0.0,0.0,0.0
2882,0.0,0.0,0.0
2883,0.0,0.0,0.0
2884,0.0,0.0,0.0
2885,0.0,0.0,0.0
2886,0.0,0.0,0.0
2887,0.0,0.0,0.0
2888,0.0,0.0,0.0
2889,0.0,0.0,0.0
2890,0.0,0.0,0.0
2891,0.0,0.0,0.0
2892,0.0,0.0,0.0
2893,0.0,0.0,0.0
2894,0.0,0.0,0.0
2895,0.0,0.0,0.0
2896,0.0,0.0,0.0
2897,0.0,0.0,0.0
2898,0.0,0.0,0.0
2899,0.0,0.0,0.0
2900,0.0,0.0,0.0
2901,0.0,0.0,0.0
2902,0.0,0.0,0.0
2903,0.0,0.0,0.0
2904,0.0,0.0,0.0
2905,0.0,0.0,0.0
2906,0.0,0.0,0.0
2907,0.0,0.0,0.0
2908,0.0,0.0,0.0
2909,0.0,0.0,0.0
2910,0.0,0.0,0.0
2911,0.0,0.0,0.0
2912,0.0,0.0,0.0
2913,0.0,0.0,0.0
2914,0.0,0.0,0.0
2915,0.0,0.0,0.0
2916,0.0,0.0,0.0
2917,0.0,0.0,0.0
2918,0.0,0.0,0.0
2919,0.0,0.0,0.0
2920,0.0,0.0,0.0
2921,0.0,0.0,0.0
2922,0.0,0.0,0.0
2923,0.0,0.0,0.0
2924,0.0,0.0,0.0
2925,0.0,0.0,0.0
2926,0.0,0.0,0.0
2927,0.0,0.0,0.0
2928,0.0,0.0,0.0
2929,0.0,0.0,0.0
2930,0.0,0.0,0.0
2931,0.0,0.0,0.0
2932,0.0,0.0,0.0
2933,0.0,0.0,0.0
2934,0.0,0.0,0.0
2935,0.0,0.0,0.0
2936,0.0,0.0,0.0
2937,0.0,0.0,0.0
2938,0.0,0.0,0.0
2939,0.0,0.0,0.0
2940,0.0,0.0,0.0
2941,0.0,0.0,0.0
2942,0.0,0.0,0.0
2943,0.0,0.0,0.0
2944,0.0,0.0,0.0
2945,0.0,0.0,0.0
2946,0.0,0.0,0.0
2947,0.0,0.0,0.0
2948,0.0,0.0,0.0
2949,0.0,0.0,0.0
2950,0.0,0.0,0.0
2951,0.0,0.0,0.0
2952,0.0,0.0,0.0
2953,0.0,0.0,0.0
2954,0.0,0.0,0.0
2955,0.0,0.0,0.0
2956,0.0,0.0,0.0
2957,0.0,0.0,0.0
2958,0.0,0.0,0.0
2959,0.0,0.0,0.0
2960,0.0,0.0,0.0
2961,0.0,0.0,0.0
2962,0.0,0.0,0.0
2963,0.0,0.0,0.0
2964,0.0,0.0,0.0
2965,0.0,0.0,0.0
2966,0.0,0.0,0.0
2967,0.0,0.0,0.0
2968,0.0,0.0,0.0
2969,0.0,0.0,0.0
2970,0.0,0.0,0.0
2971,0.0,0.0,0.0
2972,0.0,0.0,0.0
2973,0.0,0.0,0.0
2974,0.0,0.0,0.0
2975,0.0,0.0,0.0
2976,0.0,0.0,0.0
2977,0.0,0.0,0.0
2978,0.0,0.0,0.0
2979,0.0,0.0,0.0
2980,0.0,0.0,0.0
2981,0.0,0.0,0.0
2982,0.0,0.0,0.0
2983,0.0,0.0,0.0
2984,0.0,0.0,0.0
2985,0.0,0.0,0.0
2986,0.0,0.0,0.0
2987,0.0,0.0,0.0
2988,0.0,0.0,0.0
2989,0.0,0.0,0.0
2990,0.0,0.0,0.0
2991,0.0,0.0,0.0
2992,0.0,0.0,0.0
2993,0.0,0.0,0.0
2994,0.0,0.0,0.0
2995,0.0,0.0,0.0
2996,0.0,0.0,0.0
2997,0.0,0.0,0.0
2998,0.0,0.0,0.0
2999,0.0,0.0,0.0
3000,0.0,0.0,0.0
3001,0.0,0.0,0.0
3002,0.0,0.0,0.0
3003,0.0,0.0,0.0
3004,0.0,0.0,0.0
3005,0.0,0.0,0.0
3006,0.0,0.0,0.0
3007,0.0,0.0,0.0
3008,0.0,0.0,0.0
3009,0.0,0.0,0.0
3010,0.0,0.0,0.0
3011,0.0,0.0,0.0
3012,0.0,0.0,0.0
3013,0.0,0.0,0.0
3014,0.0,0.0,0.0
3015,0.0,0.0,0.0
3016,0.0,0.0,0.0
3017,0.0,0.0,0.0
3018,0.0,0.0,0.0
3019,0.0,0.0,0.0
3020,0.0,0.0,0.0
3021,0.0,0.0,0.0
3022,0.0,0.0,0.0
3023,0.0,0.0,0.0
3024,0.0,0.0,0.0
3025,0.0,0.0,0.0
3026,0.0,0.0,0.0
3027,0.0,0.0,0.0
3028,0.0,0.0,0.0
3029,0.0,0.0,0.0
3030,0.0,0.0,0.0
3031,0.0,0.0,0.0
3032,0.0,0.0,0.0
3033,0.0,0.0,0.0
3034,0.0,0.0,0.0
3035,0.0,0.0,0.0
3036,0.0,0.0,0.0
3037,0.0,0.0,0.0
3038,0.0,0.0,0.0
3039,0.0,0.0,0.0
3040,0.0,0.0,0.0
3041,0.0,0.0,0.0
3042,0.0,0.0,0.0
3043,0.0,0.0,0.0
3044,0.0,0.0,0.0
3045,0.0,0.0,0.0
3046,0.0,0.0,0.0
3047,0.0,0.0,0.0
3048,0.0,0.0,0.0
3049,0.0,0.0,0.0
3050,0.0,0.0,0.0
3051,0.0,0.0,0.0
3052,0.0,0.0,0.0
3053,0.0,0.0,0.0
3054,0.0,0.0,0.0
3055,0.0,0.0,0.0
3056,0.0,0.0,0.0
3057,0.0,0.0,0.0
3058,0.0,0.0,0.0
3059,0.0,0.0,0.0
3060,0.0,0.0,0.0
3061,0.0,0.0,0.0
3062,0.0,0.0,0.0
3063,0.0,0.0,0.0
3064,0.0,0.0,0.0
3065,0.0,0.0,0.0
3066,0.0,0.0,0.0
3067,0.0,0.0,0.0
3068,0.0,0.0,0.0
3069,0.0,0.0,0.0
3070,0.0,0.0,0.0
3071,0.0,0.0,0.0
3072,0.0,0.0,0.0
3073,0.0,0.0,0.0
3074,0.0,0.0,0.0
3075,0.0,0.0,0.0
3076,0.0,0.0,0.0
3077,0.0,0.0,0.0
3078,0.0,0.0,0.0
3079,0.0,0.0,0.0
3080,0.0,0.0,0.0
3081,0.0,0.0,0.0
3082,0.0,0.0,0.0
3083,0.0,0.0,0.0
3084,0.0,0.0,0.0
3085,0.0,0.0,0.0
3086,0.0,0.0,0.0
3087,0.0,0.0,0.0
3088,0.0,0.0,0.0
3089,0.0,0.0,0.0
3090,0.0,0.0,0.0
3091,0.0,0.0,0.0
3092,0.0,0.0,0.0
3093,0.0,0.0,0.0
3094,0.0,0.0,0.0
3095,0.0,0.0,0.0
3096,0.0,0.0,0.0
3097,0.0,0.0,0.0
3098,0.0,0.0,0.0
3099,0.0,0.0,0.0
3100,0.0,0.0,0.0
3101,0.0,0.0,0.0
3102,0.0,0.0,0.0
3103,0.0,0.0,0.0
3104,0.0,0.0,0.0
3105,0.0,0.0,0.0
3106,0.0,0.0,0.0
3107,0.0,0.0,0.0
3108,0.0,0.0,0.0
3109,0.0,0.0,0.0
3110,0.0,0.0,0.0
3111,0.0,0.0,0.0
3112,0.0,0.0,0.0
3113,0.0,0.0,0.0
3114,0.0,0.0,0.0
3115,0.0,0.0,0.0
3116,0.0,0.0,0.0
3117,0.0,0.0,0.0
3118,0.0,0.0,0.0
3119,0.0,0.0,0.0
3120,0.0,0.0,0.0
3121,0.0,0.0,0.0
3122,0.0,0.0,0.0
3123,0.0,0.0,0.0
3124,0.0,0.0,0.0
3125,0.0,0.0,0.0
3126,0.0,0.0,0.0
3127,0.0,0.0,0.0
3128,0.0,0.0,0.0
3129,0.0,0.0,0.0
3130,0.0,0.0,0.0
3131,0.0,0.0,0.0
3132,0.0,0.0,0.0
3133,0.0,0.0,0.0
3134,0.0,0.0,0.0
3135,0.0,0.0,0.0
3136,0.0,0.0,0.0
3137,0.0,0.0,0.0
3138,0.0,0.0,0.0
3139,0.0,0.0,0.0
3140,0.0,0.0,0.0
3141,0.0,0.0,0.0
3142,0.0,0.0,0.0
3143,0.0,0.0,0.0
3144,0.0,0.0,0.0
3145,0.0,0.0,0.0
3146,0.0,0.0,0.0
3147,0.0,0.0,0.0
3148,0.0,0.0,0.0
3149,0.0,0.0,0.0
3150,0.0,0.0,0.0
3151,0.0,0.0,0.0
3152,0.0,0.0,0.0
3153,0.0,0.0,0.0
3154,0.0,0.0,0.0
3155,0.0,0.0,0.0
3156,0.0,0.0,0.0
3157,0.0,0.0,0.0
3158,0.0,0.0,0.0
3159,0.0,0.0,0.0
3160,0.0,0.0,0.0
3161,0.0,0.0,0.0
3162,0.0,0.0,0.0
3163,0.0,0.0,0.0
3164,0.0,0.0,0.0
3165,0.0,0.0,0.0
3166,0.0,0.0,0.0
3167,0.0,0.0,0.0
3168,0.0,0.0,0.0
3169,0.0,0.0,0.0
3170,0.0,0.0,0.0
3171,0.0,0.0,0.0
3172,0.0,0.0,0.0
3173,0.0,0.0,0.0
3174,0.0,0.0,0.0
3175,0.0,0.0,0.0
3176,0.0,0.0,0.0
3177,0.0,0.0,0.0
3178,0.0,0.0,0.0
3179,0.0,0.0,0.0
3180,0.0,0.0,0.0
3181,0.0,0.0,0.0
3182,0.0,0.0,0.0
3183,0.0,0.0,0.0
3184,0.0,0.0,0.0
3185,0.0,0.0,0.0
3186,0.0,0.0,0.0
3187,0.0,0.0,0.0
3188,0.0,0.0,0.0
3189,0.0,0.0,0.0
3190,0.0,0.0,0.0
3191,0.0,0.0,0.0
3192,0.0,0.0,0.0
3193,0.0,0.0,0.0
3194,0.0,0.0,0.0
3195,0.0,0.0,0.0
3196,0.0,0.0,0.0
3197,0.0,0.0,0.0
3198,0.0,0.0,0.0
3199,0.0,0.0,0.0
3200,0.0,0.0,0.0
3201,0.0,0.0,0.0
3202,0.0,0.0,0.0
3203,0.0,0.0,0.0
3204,0.0,0.0,0.0
3205,0.0,0.0,0.0
3206,0.0,0.0,0.0
3207,0.0,0.0,0.0
3208,0.0,0.0,0.0
3209,0.0,0.0,0.0
3210,0.0,0.0,0.0
3211,0.0,0.0,0.0
3212,0.0,0.0,0.0
3213,0.0,0.0,0.0
3214,0.0,0.0,0.0
3215,0.0,0.0,0.0
3216,0.0,0.0,0.0
3217,0.0,0.0,0.0
3218,0.0,0.0,0.0
3219,0.0,0.0,0.0
3220,0.0,0.0,0.0
3221,0.0,0.0,0.0
3222,0.0,0.0,0.0
3223,0.0,0.0,0.0
3224,0.0,0.0,0.0
3225,0.0,0.0,0.0
3226,0.0,0.0,0.0
3227,0.0,0.0,0.0
3228,0.0,0.0,0.0
3229,0.0,0.0,0.0
3230,0.0,0.0,0.0
3231,0.0,0.0,0.0
3232,0.0,0.0,0.0
3233,0.0,0.0,0.0
3234,0.0,0.0,0.0
3235,0.0,0.0,0.0
3236,0.0,0.0,0.0
3237,0.0,0.0,0.0
3238,0.0,0.0,0.0
3239,0.0,0.0,0.0
3240,0.0,0.0,0.0
3241,0.0,0.0,0.0
3242,0.0,0.0,0.0
3243,0.0,0.0,0.0
3244,0.0,0.0,0.0
3245,0.0,0.0,0.0
3246,0.0,0.0,0.0
3247,0.0,0.0,0.0
3248,0.0,0.0,0.0
3249,0.0,0.0,0.0
3250,0.0,0.0,0.0
3251,0.0,0.0,0.0
3252,0.0,0.0,0.0
3253,0.0,0.0,0.0
3254,0.0,0.0,0.0
3255,0.0,0.0,0.0
3256,0.0,0.0,0.0
3257,0.0,0.0,0.0
3258,0.0,0.0,0.0
3259,0.0,0.0,0.0
3260,0.0,0.0,0.0
3261,0.0,0.0,0.0
3262,0.0,0.0,0.0
3263,0.0,0.0,0.0
3264,0.0,0.0,0.0
3265,0.0,0.0,0.0
3266,0.0,0.0,0.0
3267,0.0,0.0,0.0
3268,0.0,0.0,0.0
3269,0.0,0.0,0.0
3270,0.0,0.0,0.0
3271,0.0,0.0,0.0
3272,0.0,0.0,0.0
3273,0.0,0.0,0.0
3274,0.0,0.0,0.0
3275,0.0,0.0,0.0
3276,0.0,0.0,0.0
3277,0.0,0.0,0.0
3278,0.0,0.0,0.0
3279,0.0,0.0,0.0
3280,0.0,0.0,0.0
3281,0.0,0.0,0.0
3282,0.0,0.0,0.0
3283,0.0,0.0,0.0
3284,0.0,0.0,0.0
3285,0.0,0.0,0.0
3286,0.0,0.0,0.0
3287,0.0,0.0,0.0
3288,0.0,0.0,0.0
3289,0.0,0.0,0.0
3290,0.0,0.0,0.0
3291,0.0,0.0,0.0
3292,0.0,0.0,0.0
3293,0.0,0.0,0.0
3294,0.0,0.0,0.0
3295,0.0,0.0,0.0
3296,0.0,0.0,0.0
3297,0.0,0.0,0.0
3298,0.0,0.0,0.0
3299,0.0,0.0,0.0
3300,0.0,0.0,0.0
3301,0.0,0.0,0.0
3302,0.0,0.0,0.0
3303,0.0,0.0,0.0
3304,0.0,0.0,0.0
3305,0.0,0.0,0.0
3306,0.0,0.0,0.0
3307,0.0,0.0,0.0
3308,0.0,0.0,0.0
3309,0.0,0.0,0.0
3310,0.0,0.0,0.0
3311,0.0,0.0,0.0
3312,0.0,0.0,0.0
3313,0.0,0.0,0.0
3314,0.0,0.0,0.0
3315,0.0,0.0,0.0
3316,0.0,0.0,0.0
3317,0.0,0.0,0.0
3318,0.0,0.0,0.0
3319,0.0,0.0,0.0
3320,0.0,0.0,0.0
3321,0.0,0.0,0.0
3322,0.0,0.0,0.0
3323,0.0,0.0,0.0
3324,0.0,0.0,0.0
3325,0.0,0.0,0.0
3326,0.0,0.0,0.0
3327,0.0,0.0,0.0
3328,0.0,0.0,0.0
3329,0.0,0.0,0.0
3330,0.0,0.0,0.0
3331,0.0,0.0,0.0
3332,0.0,0.0,0.0
3333,0.0,0.0,0.0
3334,0.0,0.0,0.0
3335,0.0,0.0,0.0
3336,0.0,0.0,0.0
3337,0.0,0.0,0.0
3338,0.0,0.0,0.0
3339,0.0,0.0,0.0
3340,0.0,0.0,0.0
3341,0.0,0.0,0.0
3342,0.0,0.0,0.0
3343,0.0,0.0,0.0
3344,0.0,0.0,0.0
3345,0.0,0.0,0.0
3346,0.0,0.0,0.0
3347,0.0,0.0,0.0
3348,0.0,0.0,0.0
3349,0.0,0.0,0.0
3350,0.0,0.0,0.0
3351,0.0,0.0,0.0
3352,0.0,0.0,0.0
3353,0.0,0.0,0.0
3354,0.0,0.0,0.0
3355,0.0,0.0,0.0
3356,0.0,0.0,0.0
3357,0.0,0.0,0.0
3358,0.0,0.0,0.0
3359,0.0,0.0,0.0
3360,0.0,0.0,0.0
3361,0.0,0.0,0.0
3362,0.0,0.0,0.0
3363,0.0,0.0,0.0
3364,0.0,0.0,0.0
3365,0.0,0.0,0.0
3366,0.0,0.0,0.0
3367,0.0,0.0,0.0
3368,0.0,0.0,0.0
3369,0.0,0.0,0.0
3370,0.0,0.0,0.0
3371,0.0,0.0,0.0
3372,0.0,0.0,0.0
3373,0.0,0.0,0.0
3374,0.0,0.0,0.0
3375,0.0,0.0,0.0
3376,0.0,0.0,0.0
3377,0.0,0.0,0.0
3378,0.0,0.0,0.0
3379,0.0,0.0,0.0
3380,0.0,0.0,0.0
3381,0.0,0.0,0.0
3382,0.0,0.0,0.0
3383,0.0,0.0,0.0
3384,0.0,0.0,0.0
3385,0.0,0.0,0.0
3386,0.0,0.0,0.0
3387,0.0,0.0,0.0
3388,0.0,0.0,0.0
3389,0.0,0.0,0.0
3390,0.0,0.0,0.0
3391,0.0,0.0,0.0
3392,0.0,0.0,0.0
3393,0.0,0.0,0.0
3394,0.0,0.0,0.0
3395,0.0,0.0,0.0
3396,0.0,0.0,0.0
3397,0.0,0.0,0.0
3398,0.0,0.0,0.0
3399,0.0,0.0,0.0
3400,0.0,0.0,0.0
3401,0.0,0.0,0.0
3402,0.0,0.0,0.0
3403,0.0,0.0,0.0
3404,0.0,0.0,0.0
3405,0.0,0.0,0.0
3406,0.0,0.0,0.0
3407,0.0,0.0,0.0
3408,0.0,0.0,0.0
3409,0.0,0.0,0.0
3410,0.0,0.0,0.0
3411,0.0,0.0,0.0
3412,0.0,0.0,0.0
3413,0.0,0.0,0.0
3414,0.0,0.0,0.0
3415,0.0,0.0,0.0
3416,0.0,0.0,0.0
3417,0.0,0.0,0.0
3418,0.0,0.0,0.0
3419,0.0,0.0,0.0
3420,0.0,0.0,0.0
3421,0.0,0.0,0.0
3422,0.0,0.0,0.0
3423,0.0,0.0,0.0
3424,0.0,0.0,0.0
3425,0.0,0.0,0.0
3426,0.0,0.0,0.0
3427,0.0,0.0,0.0
3428,0.0,0.0,0.0
3429,0.0,0.0,0.0
3430,0.0,0.0,0.0
3431,0.0,0.0,0.0
3432,0.0,0.0,0.0
3433,0.0,0.0,0.0
3434,0.0,0.0,0.0
3435,0.0,0.0,0.0
3436,0.0,0.0,0.0
3437,0.0,0.0,0.0
3438,0.0,0.0,0.0
3439,0.0,0.0,0.0
3440,0.0,0.0,0.0
3441,0.0,0.0,0.0
3442,0.0,0.0,0.0
3443,0.0,0.0,0.0
3444,0.0,0.0,0.0
3445,0.0,0.0,0.0
3446,0.0,0.0,0.0
3447,0.0,0.0,0.0
3448,0.0,0.0,0.0
3449,0.0,0.0,0.0
3450,0.0,0.0,0.0
3451,0.0,0.0,0.0
3452,0.0,0.0,0.0
3453,0.0,0.0,0.0
3454,0.0,0.0,0.0
3455,0.0,0.0,0.0
3456,0.0,0.0,0.0
3457,0.0,0.0,0.0
3458,0.0,0.0,0.0
3459,0.0,0.0,0.0
3460,0.0,0.0,0.0
3461,0.0,0.0,0.0
3462,0.0,0.0,0.0
3463,0.0,0.0,0.0
3464,0.0,0.0,0.0
3465,0.0,0.0,0.0
3466,0.0,0.0,0.0
3467,0.0,0.0,0.0
3468,0.0,0.0,0.0
3469,0.0,0.0,0.0
3470,0.0,0.0,0.0
3471,0.0,0.0,0.0
3472,0.0,0.0,0.0
3473,0.0,0.0,0.0
3474,0.0,0.0,0.0
3475,0.0,0.0,0.0
3476,0.0,0.0,0.0
3477,0.0,0.0,0.0
3478,0.0,0.0,0.0
3479,0.0,0.0,0.0
3480,0.0,0.0,0.0
3481,0.0,0.0,0.0
3482,0.0,0.0,0.0
3483,0.0,0.0,0.0
3484,0.0,0.0,0.0
3485,0.0,0.0,0.0
3486,0.0,0.0,0.0
3487,0.0,0.0,0.0
3488,0.0,0.0,0.0
3489,0.0,0.0,0.0
3490,0.0,0.0,0.0
3491,0.0,0.0,0.0
3492,0.0,0.0,0.0
3493,0.0,0.0,0.0
3494,0.0,0.0,0.0
3495,0.0,0.0,0.0
3496,0.0,0.0,0.0
3497,0.0,0.0,0.0
3498,0.0,0.0,0.0
3499,0.0,0.0,0.0
3500,0.0,0.0,0.0
3501,0.0,0.0,0.0
3502,0.0,0.0,0.0
3503,0.0,0.0,0.0
3504,0.0,0.0,0.0
3505,0.0,0.0,0.0
3506,0.0,0.0,0.0
3507,0.0,0.0,0.0
3508,0.0,0.0,0.0
3509,0.0,0.0,0.0
3510,0.0,0.0,0.0
3511,0.0,0.0,0.0
3512,0.0,0.0,0.0
3513,0.0,0.0,0.0
3514,0.0,0.0,0.0
3515,0.0,0.0,0.0
3516,0.0,0.0,0.0
3517,0.0,0.0,0.0
3518,0.0,0.0,0.0
3519,0.0,0.0,0.0
3520,0.0,0.0,0.0
3521,0.0,0.0,0.0
3522,0.0,0.0,0.0
3523,0.0,0.0,0.0
3524,0.0,0.0,0.0
3525,0.0,0.0,0.0
3526,0.0,0.0,0.0
3527,0.0,0.0,0.0
3528,0.0,0.0,0.0
3529,0.0,0.0,0.0
3530,0.0,0.0,0.0
3531,0.0,0.0,0.0
3532,0.0,0.0,0.0
3533,0.0,0.0,0.0
3534,0.0,0.0,0.0
3535,0.0,0.0,0.0
3536,0.0,0.0,0.0
3537,0.0,0.0,0.0
3538,0.0,0.0,0.0
3539,0.0,0.0,0.0
3540,0.0,0.0,0.0
3541,0.0,0.0,0.0
3542,0.0,0.0,0.0
3543,0.0,0.0,0.0
3544,0.0,0.0,0.0
3545,0.0,0.0,0.0
3546,0.0,0.0,0.0
3547,0.0,0.0,0.0
3548,0.0,0.0,0.0
3549,0.0,0.0,0.0
3550,0.0,0.0,0.0
3551,0.0,0.0,0.0
3552,0.0,0.0,0.0
3553,0.0,0.0,0.0
3554,0.0,0.0,0.0
3555,0.0,0.0,0.0
3556,0.0,0.0,0.0
3557,0.0,0.0,0.0
3558,0.0,0.0,0.0
3559,0.0,0.0,0.0
3560,0.0,0.0,0.0
3561,0.0,0.0,0.0
3562,0.0,0.0,0.0
3563,0.0,0.0,0.0
3564,0.0,0.0,0.0
3565,0.0,0.0,0.0
3566,0.0,0.0,0.0
3567,0.0,0.0,0.0
3568,0.0,0.0,0.0
3569,0.0,0.0,0.0
3570,0.0,0.0,0.0
3571,0.0,0.0,0.0
3572,0.0,0.0,0.0
3573,0.0,0.0,0.0
3574,0.0,0.0,0.0
3575,0.0,0.0,0.0
3576,0.0,0.0,0.0
3577,0.0,0.0,0.0
3578,0.0,0.0,0.0
3579,0.0,0.0,0.0
3580,0.0,0.0,0.0
3581,0.0,0.0,0.0
3582,0.0,0.0,0.0
3583,0.0,0.0,0.0
3584,0.0,0.0,0.0
3585,0.0,0.0,0.0
3586,0.0,0.0,0.0
3587,0.0,0.0,0.0
3588,0.0,0.0,0.0
3589,0.0,0.0,0.0
3590,0.0,0.0,0.0
3591,0.0,0.0,0.0
3592,0.0,0.0,0.0
3593,0.0,0.0,0.0
3594,0.0,0.0,0.0
3595,0.0,0.0,0.0
3596,0.0,0.0,0.0
3597,0.0,0.0,0.0
3598,0.0,0.0,0.0
3599,0.0,0.0,0.0
3600,0.0,0.0,0.0
3601,0.0,0.0,0.0
3602,0.0,0.0,0.0
3603,0.0,0.0,0.0
3604,0.0,0.0,0.0
3605,0.0,0.0,0.0
3606,0.0,0.0,0.0
3607,0.0,0.0,0.0
3608,0.0,0.0,0.0
3609,0.0,0.0,0.0
3610,0.0,0.0,0.0
3611,0.0,0.0,0.0
3612,0.0,0.0,0.0
3613,0.0,0.0,0.0
3614,0.0,0.0,0.0
3615,0.0,0.0,0.0
3616,0.0,0.0,0.0
3617,0.0,0.0,0.0
3618,0.0,0.0,0.0
3619,0.0,0.0,0.0
3620,0.0,0.0,0.0
3621,0.0,0.0,0.0
3622,0.0,0.0,0.0
3623,0.0,0.0,0.0
3624,0.0,0.0,0.0
3625,0.0,0.0,0.0
3626,0.0,0.0,0.0
3627,0.0,0.0,0.0
3628,0.0,0.0,0.0
3629,0.0,0.0,0.0
3630,0.0,0.0,0.0
3631,0.0,0.0,0.0
3632,0.0,0.0,0.0
3633,0.0,0.0,0.0
3634,0.0,0.0,0.0
3635,0.0,0.0,0.0
3636,0.0,0.0,0.0
3637,0.0,0.0,0.0
3638,0.0,0.0,0.0
3639,0.0,0.0,0.0
3640,0.0,0.0,0.0
3641,0.0,0.0,0.0
3642,0.0,0.0,0.0
3643,0.0,0.0,0.0
3644,0.0,0.0,0.0
3645,0.0,0.0,0.0
3646,0.0,0.0,0.0
3647,0.0,0.0,0.0
3648,0.0,0.0,0.0
3649,0.0,0.0,0.0
3650,0.0,0.0,0.0
3651,0.0,0.0,0.0
3652,0.0,0.0,0.0
3653,0.0,0.0,0.0
3654,0.0,0.0,0.0
3655,0.0,0.0,0.0
3656,0.0,0.0,0.0
3657,0.0,0.0,0.0
3658,0.0,0.0,0.0
3659,0.0,0.0,0.0
3660,0.0,0.0,0.0
3661,0.0,0.0,0.0
3662,0.0,0.0,0.0
3663,0.0,0.0,0.0
3664,0.0,0.0,0.0
3665,0.0,0.0,0.0
3666,0.0,0.0,0.0
3667,0.0,0.0,0.0
3668,0.0,0.0,0.0
3669,0.0,0.0,0.0
3670,0.0,0.0,0.0
3671,0.0,0.0,0.0
3672,0.0,0.0,0.0
3673,0.0,0.0,0.0
3674,0.0,0.0,0.0
3675,0.0,0.0,0.0
3676,0.0,0.0,0.0
3677,0.0,0.0,0.0
3678,0.0,0.0,0.0
3679,0.0,0.0,0.0
3680,0.0,0.0,0.0
3681,0.0,0.0,0.0
3682,0.0,0.0,0.0
3683,0.0,0.0,0.0
3684,0.0,0.0,0.0
3685,0.0,0.0,0.0
3686,0.0,0.0,0.0
3687,0.0,0.0,0.0
3688,0.0,0.0,0.0
3689,0.0,0.0,0.0
3690,0.0,0.0,0.0
3691,0.0,0.0,0.0
3692,0.0,0.0,0.0
3693,0.0,0.0,0.0
3694,0.0,0.0,0.0
3695,0.0,0.0,0.0
3696,0.0,0.0,0.0
3697,0.0,0.0,0.0
3698,0.0,0.0,0.0
3699,0.0,0.0,0.0
3700,0.0,0.0,0.0
3701,0.0,0.0,0.0
3702,0.0,0.0,0.0
3703,0.0,0.0,0.0
3704,0.0,0.0,0.0
3705,0.0,0.0,0.0
3706,0.0,0.0,0.0
3707,0.0,0.0,0.0
3708,0.0,0.0,0.0
3709,0.0,0.0,0.0
3710,0.0,0.0,0.0
3711,0.0,0.0,0.0
3712,0.0,0.0,0.0
3713,0.0,0.0,0.0
3714,0.0,0.0,0.0
3715,0.0,0.0,0.0
3716,0.0,0.0,0.0
3717,0.0,0.0,0.0
3718,0.0,0.0,0.0
3719,0.0,0.0,0.0
3720,0.0,0.0,0.0
3721,0.0,0.0,0.0
3722,0.0,0.0,0.0
3723,0.0,0.0,0.0
3724,0.0,0.0,0.0
3725,0.0,0.0,0.0
3726,0.0,0.0,0.0
3727,0.0,0.0,0.0
3728,0.0,0.0,0.0
3729,0.0,0.0,0.0
3730,0.0,0.0,0.0
3731,0.0,0.0,0.0
3732,0.0,0.0,0.0
3733,0.0,0.0,0.0
3734,0.0,0.0,0.0
3735,0.0,0.0,0.0
3736,0.0,0.0,0.0
3737,0.0,0.0,0.0
3738,0.0,0.0,0.0
3739,0.0,0.0,0.0
3740,0.0,0.0,0.0
3741,0.0,0.0,0.0
3742,0.0,0.0,0.0
3743,0.0,0.0,0.0
3744,0.0,0.0,0.0
3745,0.0,0.0,0.0
3746,0.0,0.0,0.0
3747,0.0,0.0,0.0
3748,0.0,0.0,0.0
3749,0.0,0.0,0.0
3750,0.0,0.0,0.0
3751,0.0,0.0,0.0
3752,0.0,0.0,0.0
3753,0.0,0.0,0.0
3754,0.0,0.0,0.0
3755,0.0,0.0,0.0
3756,0.0,0.0,0.0
3757,0.0,0.0,0.0
3758,0.0,0.0,0.0
3759,0.0,0.0,0.0
3760,0.0,0.0,0.0
3761,0.0,0.0,0.0
3762,0.0,0.0,0.0
3763,0.0,0.0,0.0
3764,0.0,0.0,0.0
3765,0.0,0.0,0.0
3766,0.0,0.0,0.0
3767,0.0,0.0,0.0
3768,0.0,0.0,0.0
3769,0.0,0.0,0.0
3770,0.0,0.0,0.0
3771,0.0,0.0,0.0
3772,0.0,0.0,0.0
3773,0.0,0.0,0.0
3774,0.0,0.0,0.0
3775,0.0,0.0,0.0
3776,0.0,0.0,0.0
3777,0.0,0.0,0.0
3778,0.0,0.0,0.0
3779,0.0,0.0,0.0
3780,0.0,0.0,0.0
3781,0.0,0.0,0.0
3782,0.0,0.0,0.0
3783,0.0,0.0,0.0
3784,0.0,0.0,0.0
3785,0.0,0.0,0.0
3786,0.0,0.0,0.0
3787,0.0,0.0,0.0
3788,0.0,0.0,0.0
3789,0.0,0.0,0.0
3790,0.0,0.0,0.0
3791,0.0,0.0,0.0
3792,0.0,0.0,0.0
3793,0.0,0.0,0.0
3794,0.0,0.0,0.0
3795,0.0,0.0,0.0
3796,0.0,0.0,0.0
3797,0.0,0.0,0.0
3798,0.0,0.0,0.0
3799,0.0,0.0,0.0
3800,0.0,0.0,0.0
3801,0.0,0.0,0.0
3802,0.0,0.0,0.0
3803,0.0,0.0,0.0
3804,0.0,0.0,0.0
3805,0.0,0.0,0.0
3806,0.0,0.0,0.0
3807,0.0,0.0,0.0
3808,0.0,0.0,0.0
3809,0.0,0.0,0.0
3810,0.0,0.0,0.0
3811,0.0,0.0,0.0
3812,0.0,0.0,0.0
3813,0.0,0.0,0.0
3814,0.0,0.0,0.0
3815,0.0,0.0,0.0
3816,0.0,0.0,0.0
3817,0.0,0.0,0.0
3818,0.0,0.0,0.0
3819,0.0,0.0,0.0
3820,0.0,0.0,0.0
3821,0.0,0.0,0.0
3822,0.0,0.0,0.0
3823,0.0,0.0,0.0
3824,0.0,0.0,0.0
3825,0.0,0.0,0.0
3826,0.0,0.0,0.0
3827,0.0,0.0,0.0
3828,0.0,0.0,0.0
3829,0.0,0.0,0.0
3830,0.0,0.0,0.0
3831,0.0,0.0,0.0
3832,0.0,0.0,0.0
3833,0.0,0.0,0.0
3834,0.0,0.0,0.0
3835,0.0,0.0,0.0
3836,0.0,0.0,0.0
3837,0.0,0.0,0.0
3838,0.0,0.0,0.0
3839,0.0,0.0,0.0
3840,0.0,0.0,0.0
3841,0.0,0.0,0.0
3842,0.0,0.0,0.0
3843,0.0,0.0,0.0
3844,0.0,0.0,0.0
3845,0.0,0.0,0.0
3846,0.0,0.0,0.0
3847,0.0,0.0,0.0
3848,0.0,0.0,0.0
3849,0.0,0.0,0.0
3850,0.0,0.0,0.0
3851,0.0,0.0,0.0
3852,0.0,0.0,0.0
3853,0.0,0.0,0.0
3854,0.0,0.0,0.0
3855,0.0,0.0,0.0
3856,0.0,0.0,0.0
3857,0.0,0.0,0.0
3858,0.0,0.0,0.0
3859,0.0,0.0,0.0
3860,0.0,0.0,0.0
3861,0.0,0.0,0.0
3862,0.0,0.0,0.0
3863,0.0,0.0,0.0
3864,0.0,0.0,0.0
3865,0.0,0.0,0.0
3866,0.0,0.0,0.0
3867,0.0,0.0,0.0
3868,0.0,0.0,0.0
3869,0.0,0.0,0.0
3870,0.0,0.0,0.0
3871,0.0,0.0,0.0
3872,0.0,0.0,0.0
3873,0.0,0.0,0.0
3874,0.0,0.0,0.0
3875,0.0,0.0,0.0
3876,0.0,0.0,0.0
3877,0.0,0.0,0.0
3878,0.0,0.0,0.0
3879,0.0,0.0,0.0
3880,0.0,0.0,0.0
3881,0.0,0.0,0.0
3882,0.0,0.0,0.0
3883,0.0,0.0,0.0
3884,0.0,0.0,0.0
3885,0.0,0.0,0.0
3886,0.0,0.0,0.0
3887,0.0,0.0,0.0
3888,0.0,0.0,0.0
3889,0.0,0.0,0.0
3890,0.0,0.0,0.0
3891,0.0,0.0,0.0
3892,0.0,0.0,0.0
3893,0.0,0.0,0.0
3894,0.0,0.0,0.0
3895,0.0,0.0,0.0
3896,0.0,0.0,0.0
3897,0.0,0.0,0.0
3898,0.0,0.0,0.0
3899,0.0,0.0,0.0
3900,0.0,0.0,0.0
3901,0.0,0.0,0.0
3902,0.0,0.0,0.0
3903,0.0,0.0,0.0
3904,0.0,0.0,0.0
3905,0.0,0.0,0.0
3906,0.0,0.0,0.0
3907,0.0,0.0,0.0
3908,0.0,0.0,0.0
3909,0.0,0.0,0.0
3910,0.0,0.0,0.0
3911,0.0,0.0,0.0
3912,0.0,0.0,0.0
3913,0.0,0.0,0.0
3914,0.0,0.0,0.0
3915,0.0,0.0,0.0
3916,0.0,0.0,0.0
3917,0.0,0.0,0.0
3918,0.0,0.0,0.0
3919,0.0,0.0,0.0
3920,0.0,0.0,0.0
3921,0.0,0.0,0.0
3922,0.0,0.0,0.0
3923,0.0,0.0,0.0
3924,0.0,0.0,0.0
3925,0.0,0.0,0.0
3926,0.0,0.0,0.0
3927,0.0,0.0,0.0
3928,0.0,0.0,0.0
3929,0.0,0.0,0.0
3930,0.0,0.0,0.0
3931,0.0,0.0,0.0
3932,0.0,0.0,0.0
3933,0.0,0.0,0.0
3934,0.0,0.0,0.0
3935,0.0,0.0,0.0
3936,0.0,0.0,0.0
3937,0.0,0.0,0.0
3938,0.0,0.0,0.0
3939,0.0,0.0,0.0
3940,0.0,0.0,0.0
3941,0.0,0.0,0.0
3942,0.0,0.0,0.0
3943,0.0,0.0,0.0
3944,0.0,0.0,0.0
3945,0.0,0.0,0.0
3946,0.0,0.0,0.0
3947,0.0,0.0,0.0
3948,0.0,0.0,0.0
3949,0.0,0.0,0.0
3950,0.0,0.0,0.0
3951,0.0,0.0,0.0
3952,0.0,0.0,0.0
3953,0.0,0.0,0.0
3954,0.0,0.0,0.0
3955,0.0,0.0,0.0
3956,0.0,0.0,0.0
3957,0.0,0.0,0.0
3958,0.0,0.0,0.0
3959,0.0,0.0,0.0
3960,0.0,0.0,0.0
3961,0.0,0.0,0.0
3962,0.0,0.0,0.0
3963,0.0,0.0,0.0
3964,0.0,0.0,0.0
3965,0.0,0.0,0.0
3966,0.0,0.0,0.0
3967,0.0,0.0,0.0
3968,0.0,0.0,0.0
3969,0.0,0.0,0.0
3970,0.0,0.0,0.0
3971,0.0,0.0,0.0
3972,0.0,0.0,0.0
3973,0.0,0.0,0.0
3974,0.0,0.0,0.0
3975,0.0,0.0,0.0
3976,0.0,0.0,0.0
3977,0.0,0.0,0.0
3978,0.0,0.0,0.0
3979,0.0,0.0,0.0
3980,0.0,0.0,0.0
3981,0.0,0.0,0.0
3982,0.0,0.0,0.0
3983,0.0,0.0,0.0
3984,0.0,0.0,0.0
3985,0.0,0.0,0.0
3986,0.0,0.0,0.0
3987,0.0,0.0,0.0
3988,0.0,0.0,0.0
3989,0.0,0.0,0.0
3990,0.0,0.0,0.0
3991,0.0,0.0,0.0
3992,0.0,0.0,0.0
3993,0.0,0.0,0.0
3994,0.0,0.0,0.0
3995,0.0,0.0,0.0
3996,0.0,0.0,0.0
3997,0.0,0.0,0.0
3998,0.0,0.0,0.0
3999,0.0,0.0,0.0
4000,0.0,0.0,0.0
4001,0.0,0.0,0.0
4002,0.0,0.0,0.0
4003,0.0,0.0,0.0
4004,0.0,0.0,0.0
4005,0.0,0.0,0.0
4006,0.0,0.0,0.0
4007,0.0,0.0,0.0
4008,0.0,0.0,0.0
4009,0.0,0.0,0.0
4010,0.0,0.0,0.0
4011,0.0,0.0,0.0
4012,0.0,0.0,0.0
4013,0.0,0.0,0.0
4014,0.0,0.0,0.0
4015,0.0,0.0,0.0
4016,0.0,0.0,0.0
4017,0.0,0.0,0.0
4018,0.0,0.0,0.0
4019,0.0,0.0,0.0
4020,0.0,0.0,0.0
4021,0.0,0.0,0.0
4022,0.0,0.0,0.0
4023,0.0,0.0,0.0
4024,0.0,0.0,0.0
4025,0.0,0.0,0.0
4026,0.0,0.0,0.0
4027,0.0,0.0,0.0
4028,0.0,0.0,0.0
4029,0.0,0.0,0.0
4030,0.0,0.0,0.0
4031,0.0,0.0,0.0
4032,0.0,0.0,0.0
4033,0.0,0.0,0.0
4034,0.0,0.0,0.0
4035,0.0,0.0,0.0
4036,0.0,0.0,0.0
4037,0.0,0.0,0.0
4038,0.0,0.0,0.0
4039,0.0,0.0,0.0
4040,0.0,0.0,0.0
4041,0.0,0.0,0.0
4042,0.0,0.0,0.0
4043,0.0,0.0,0.0
4044,0.0,0.0,0.0
4045,0.0,0.0,0.0
4046,0.0,0.0,0.0
4047,0.0,0.0,0.0
4048,0.0,0.0,0.0
4049,0.0,0.0,0.0
4050,0.0,0.0,0.0
4051,0.0,0.0,0.0
4052,0.0,0.0,0.0
4053,0.0,0.0,0.0
4054,0.0,0.0,0.0
4055,0.0,0.0,0.0
4056,0.0,0.0,0.0
4057,0.0,0.0,0.0
4058,0.0,0.0,0.0
4059,0.0,0.0,0.0
4060,0.0,0.0,0.0
4061,0.0,0.0,0.0
4062,0.0,0.0,0.0
4063,0.0,0.0,0.0
4064,0.0,0.0,0.0
4065,0.0,0.0,0.0
4066,0.0,0.0,0.0
4067,0.0,0.0,0.0
4068,0.0,0.0,0.0
4069,0.0,0.0,0.0
4070,0.0,0.0,0.0
4071,0.0,0.0,0.0
4072,0.0,0.0,0.0
4073,0.0,0.0,0.0
4074,0.0,0.0,0.0
4075,0.0,0.0,0.0
4076,0.0,0.0,0.0
4077,0.0,0.0,0.0
4078,0.0,0.0,0.0
4079,0.0,0.0,0.0
4080,0.0,0.0,0.0
4081,0.0,0.0,0.0
4082,0.0,0.0,0.0
4083,0.0,0.0,0.0
4084,0.0,0.0,0.0
4085,0.0,0.0,0.0
4086,0.0,0.0,0.0
4087,0.0,0.0,0.0
4088,0.0,0.0,0.0
4089,0.0,0.0,0.0
4090,0.0,0.0,0.0
4091,0.0,0.0,0.0
4092,0.0,0.0,0.0
4093,0.0,0.0,0.0
4094,0.0,0.0,0.0
4095,0.0,0.0,0.0
4096,0.0,0.0,0.0
4097,0.0,0.0,0.0
4098,0.0,0.0,0.0
4099,0.0,0.0,0.0
4100,0.0,0.0,0.0
4101,0.0,0.0,0.0
4102,0.0,0.0,0.0
4103,0.0,0.0,0.0
4104,0.0,0.0,0.0
4105,0.0,0.0,0.0
4106,0.0,0.0,0.0
4107,0.0,0.0,0.0
4108,0.0,0.0,0.0
4109,0.0,0.0,0.0
4110,0.0,0.0,0.0
4111,0.0,0.0,0.0
4112,0.0,0.0,0.0
4113,0.0,0.0,0.0
4114,0.0,0.0,0.0
4115,0.0,0.0,0.0
4116,0.0,0.0,0.0
4117,0.0,0.0,0.0
4118,0.0,0.0,0.0
4119,0.0,0.0,0.0
4120,0.0,0.0,0.0
4121,0.0,0.0,0.0
4122,0.0,0.0,0.0
4123,0.0,0.0,0.0
4124,0.0,0.0,0.0
4125,0.0,0.0,0.0
4126,0.0,0.0,0.0
4127,0.0,0.0,0.0
4128,0.0,0.0,0.0
4129,0.0,0.0,0.0
4130,0.0,0.0,0.0
4131,0.0,0.0,0.0
4132,0.0,0.0,0.0
4133,0.0,0.0,0.0
4134,0.0,0.0,0.0
4135,0.0,0.0,0.0
4136,0.0,0.0,0.0
4137,0.0,0.0,0.0
4138,0.0,0.0,0.0
4139,0.0,0.0,0.0
4140,0.0,0.0,0.0
4141,0.0,0.0,0.0
4142,0.0,0.0,0.0
4143,0.0,0.0,0.0
4144,0.0,0.0,0.0
4145,0.0,0.0,0.0
4146,0.0,0.0,0.0
4147,0.0,0.0,0.0
4148,0.0,0.0,0.0
4149,0.0,0.0,0.0
4150,0.0,0.0,0.0
4151,0.0,0.0,0.0
4152,0.0,0.0,0.0
4153,0.0,0.0,0.0
4154,0.0,0.0,0.0
4155,0.0,0.0,0.0
4156,0.0,0.0,0.0
4157,0.0,0.0,0.0
4158,0.0,0.0,0.0
4159,0.0,0.0,0.0
4160,0.0,0.0,0.0
4161,0.0,0.0,0.0
4162,0.0,0.0,0.0
4163,0.0,0.0,0.0
4164,0.0,0.0,0.0
4165,0.0,0.0,0.0
4166,0.0,0.0,0.0
4167,0.0,0.0,0.0
4168,0.0,0.0,0.0
4169,0.0,0.0,0.0
4170,0.0,0.0,0.0
4171,0.0,0.0,0.0
4172,0.0,0.0,0.0
4173,0.0,0.0,0.0
4174,0.0,0.0,0.0
4175,0.0,0.0,0.0
4176,0.0,0.0,0.0
4177,0.0,0.0,0.0
4178,0.0,0.0,0.0
4179,0.0,0.0,0.0
4180,0.0,0.0,0.0
4181,0.0,0.0,0.0
4182,0.0,0.0,0.0
4183,0.0,0.0,0.0
4184,0.0,0.0,0.0
4185,0.0,0.0,0.0
4186,0.0,0.0,0.0
4187,0.0,0.0,0.0
4188,0.0,0.0,0.0
4189,0.0,0.0,0.0
4190,0.0,0.0,0.0
4191,0.0,0.0,0.0
4192,0.0,0.0,0.0
4193,0.0,0.0,0.0
4194,0.0,0.0,0.0
4195,0.0,0.0,0.0
4196,0.0,0.0,0.0
4197,0.0,0.0,0.0
4198,0.0,0.0,0.0
4199,0.0,0.0,0.0
4200,0.0,0.0,0.0
4201,0.0,0.0,0.0
4202,0.0,0.0,0.0
4203,0.0,0.0,0.0
4204,0.0,0.0,0.0
4205,0.0,0.0,0.0
4206,0.0,0.0,0.0
4207,0.0,0.0,0.0
4208,0.0,0.0,0.0
4209,0.0,0.0,0.0
4210,0.0,0.0,0.0
4211,0.0,0.0,0.0
4212,0.0,0.0,0.0
4213,0.0,0.0,0.0
4214,0.0,0.0,0.0
4215,0.0,0.0,0.0
4216,0.0,0.0,0.0
4217,0.0,0.0,0.0
4218,0.0,0.0,0.0
4219,0.0,0.0,0.0
4220,0.0,0.0,0.0
4221,0.0,0.0,0.0
4222,0.0,0.0,0.0
4223,0.0,0.0,0.0
4224,0.0,0.0,0.0
4225,0.0,0.0,0.0
4226,0.0,0.0,0.0
4227,0.0,0.0,0.0
4228,0.0,0.0,0.0
4229,0.0,0.0,0.0
4230,0.0,0.0,0.0
4231,0.0,0.0,0.0
4232,0.0,0.0,0.0
4233,0.0,0.0,0.0
4234,0.0,0.0,0.0
4235,0.0,0.0,0.0
4236,0.0,0.0,0.0
4237,0.0,0.0,0.0
4238,0.0,0.0,0.0
4239,0.0,0.0,0.0
4240,0.0,0.0,0.0
4241,0.0,0.0,0.0
4242,0.0,0.0,0.0
4243,0.0,0.0,0.0
4244,0.0,0.0,0.0
4245,0.0,0.0,0.0
4246,0.0,0.0,0.0
4247,0.0,0.0,0.0
4248,0.0,0.0,0.0
4249,0.0,0.0,0.0
4250,0.0,0.0,0.0
4251,0.0,0.0,0.0
4252,0.0,0.0,0.0
4253,0.0,0.0,0.0
4254,0.0,0.0,0.0
4255,0.0,0.0,0.0
4256,0.0,0.0,0.0
4257,0.0,0.0,0.0
4258,0.0,0.0,0.0
4259,0.0,0.0,0.0
4260,0.0,0.0,0.0
4261,0.0,0.0,0.0
4262,0.0,0.0,0.0
4263,0.0,0.0,0.0
4264,0.0,0.0,0.0
4265,0.0,0.0,0.0
4266,0.0,0.0,0.0
4267,0.0,0.0,0.0
4268,0.0,0.0,0.0
4269,0.0,0.0,0.0
4270,0.0,0.0,0.0
4271,0.0,0.0,0.0
4272,0.0,0.0,0.0
4273,0.0,0.0,0.0
4274,0.0,0.0,0.0
4275,0.0,0.0,0.0
4276,0.0,0.0,0.0
4277,0.0,0.0,0.0
4278,0.0,0.0,0.0
4279,0.0,0.0,0.0
4280,0.0,0.0,0.0
4281,0.0,0.0,0.0
4282,0.0,0.0,0.0
4283,0.0,0.0,0.0
4284,0.0,0.0,0.0
4285,0.0,0.0,0.0
4286,0.0,0.0,0.0
4287,0.0,0.0,0.0
4288,0.0,0.0,0.0
4289,0.0,0.0,0.0
4290,0.0,0.0,0.0
4291,0.0,0.0,0.0
4292,0.0,0.0,0.0
4293,0.0,0.0,0.0
4294,0.0,0.0,0.0
4295,0.0,0.0,0.0
4296,0.0,0.0,0.0
4297,0.0,0.0,0.0
4298,0.0,0.0,0.0
4299,0.0,0.0,0.0
4300,0.0,0.0,0.0
4301,0.0,0.0,0.0
4302,0.0,0.0,0.0
4303,0.0,0.0,0.0
4304,0.0,0.0,0.0
4305,0.0,0.0,0.0
4306,0.0,0.0,0.0
4307,0.0,0.0,0.0
4308,0.0,0.0,0.0
4309,0.0,0.0,0.0
4310,0.0,0.0,0.0
4311,0.0,0.0,0.0
4312,0.0,0.0,0.0
4313,0.0,0.0,0.0
4314,0.0,0.0,0.0
4315,0.0,0.0,0.0
4316,0.0,0.0,0.0
4317,0.0,0.0,0.0
4318,0.0,0.0,0.0
4319,0.0,0.0,0.0
4320,0.0,0.0,0.0
4321,0.0,0.0,0.0
4322,0.0,0.0,0.0
4323,0.0,0.0,0.0
4324,0.0,0.0,0.0
4325,0.0,0.0,0.0
4326,0.0,0.0,0.0
4327,0.0,0.0,0.0
4328,0.0,0.0,0.0
4329,0.0,0.0,0.0
4330,0.0,0.0,0.0
4331,0.0,0.0,0.0
4332,0.0,0.0,0.0
4333,0.0,0.0,0.0
4334,0.0,0.0,0.0
4335,0.0,0.0,0.0
4336,0.0,0.0,0.0
4337,0.0,0.0,0.0
4338,0.0,0.0,0.0
4339,0.0,0.0,0.0
4340,0.0,0.0,0.0
4341,0.0,0.0,0.0
4342,0.0,0.0,0.0
4343,0.0,0.0,0.0
4344,0.0,0.0,0.0
4345,0.0,0.0,0.0
4346,0.0,0.0,0.0
4347,0.0,0.0,0.0
4348,0.0,0.0,0.0
4349,0.0,0.0,0.0
4350,0.0,0.0,0.0
4351,0.0,0.0,0.0
4352,0.0,0.0,0.0
4353,0.0,0.0,0.0
4354,0.0,0.0,0.0
4355,0.0,0.0,0.0
4356,0.0,0.0,0.0
4357,0.0,0.0,0.0
4358,0.0,0.0,0.0
4359,0.0,0.0,0.0
4360,0.0,0.0,0.0
4361,0.0,0.0,0.0
4362,0.0,0.0,0.0
4363,0.0,0.0,0.0
4364,0.0,0.0,0.0
4365,0.0,0.0,0.0
4366,0.0,0.0,0.0
4367,0.0,0.0,0.0
4368,0.0,0.0,0.0
4369,0.0,0.0,0.0
4370,0.0,0.0,0.0
4371,0.0,0.0,0.0
4372,0.0,0.0,0.0
4373,0.0,0.0,0.0
4374,0.0,0.0,0.0
4375,0.0,0.0,0.0
4376,0.0,0.0,0.0
4377,0.0,0.0,0.0
4378,0.0,0.0,0.0
4379,0.0,0.0,0.0
4380,0.0,0.0,0.0
4381,0.0,0.0,0.0
4382,0.0,0.0,0.0
4383,0.0,0.0,0.0
4384,0.0,0.0,0.0
4385,0.0,0.0,0.0
4386,0.0,0.0,0.0
4387,0.0,0.0,0.0
4388,0.0,0.0,0.0
4389,0.0,0.0,0.0
4390,0.0,0.0,0.0
4391,0.0,0.0,0.0
4392,0.0,0.0,0.0
4393,0.0,0.0,0.0
4394,0.0,0.0,0.0
4395,0.0,0.0,0.0
4396,0.0,0.0,0.0
4397,0.0,0.0,0.0
4398,0.0,0.0,0.0
4399,0.0,0.0,0.0
4400,0.0,0.0,0.0
4401,0.0,0.0,0.0
4402,0.0,0.0,0.0
4403,0.0,0.0,0.0
4404,0.0,0.0,0.0
4405,0.0,0.0,0.0
4406,0.0,0.0,0.0
4407,0.0,0.0,0.0
4408,0.0,0.0,0.0
4409,0.0,0.0,0.0
4410,0.0,0.0,0.0
4411,0.0,0.0,0.0
4412,0.0,0.0,0.0
4413,0.0,0.0,0.0
4414,0.0,0.0,0.0
4415,0.0,0.0,0.0
4416,0.0,0.0,0.0
4417,0.0,0.0,0.0
4418,0.0,0.0,0.0
4419,0.0,0.0,0.0
4420,0.0,0.0,0.0
4421,0.0,0.0,0.0
4422,0.0,0.0,0.0
4423,0.0,0.0,0.0
4424,0.0,0.0,0.0
4425,0.0,0.0,0.0
4426,0.0,0.0,0.0
4427,0.0,0.0,0.0
4428,0.0,0.0,0.0
4429,0.0,0.0,0.0
4430,0.0,0.0,0.0
4431,0.0,0.0,0.0
4432,0.0,0.0,0.0
4433,0.0,0.0,0.0
4434,0.0,0.0,0.0
4435,0.0,0.0,0.0
4436,0.0,0.0,0.0
4437,0.0,0.0,0.0
4438,0.0,0.0,0.0
4439,0.0,0.0,0.0
4440,0.0,0.0,0.0
4441,0.0,0.0,0.0
4442,0.0,0.0,0.0
4443,0.0,0.0,0.0
4444,0.0,0.0,0.0
4445,0.0,0.0,0.0
4446,0.0,0.0,0.0
4447,0.0,0.0,0.0
4448,0.0,0.0,0.0
4449,0.0,0.0,0.0
4450,0.0,0.0,0.0
4451,0.0,0.0,0.0
4452,0.0,0.0,0.0
4453,0.0,0.0,0.0
4454,0.0,0.0,0.0
4455,0.0,0.0,0.0
4456,0.0,0.0,0.0
4457,0.0,0.0,0.0
4458,0.0,0.0,0.0
4459,0.0,0.0,0.0
4460,0.0,0.0,0.0
4461,0.0,0.0,0.0
4462,0.0,0.0,0.0
4463,0.0,0.0,0.0
4464,0.0,0.0,0.0
4465,0.0,0.0,0.0
4466,0.0,0.0,0.0
4467,0.0,0.0,0.0
4468,0.0,0.0,0.0
4469,0.0,0.0,0.0
4470,0.0,0.0,0.0
4471,0.0,0.0,0.0
4472,0.0,0.0,0.0
4473,0.0,0.0,0.0
4474,0.0,0.0,0.0
4475,0.0,0.0,0.0
4476,0.0,0.0,0.0
4477,0.0,0.0,0.0
4478,0.0,0.0,0.0
4479,0.0,0.0,0.0
4480,0.0,0.0,0.0
4481,0.0,0.0,0.0
4482,0.0,0.0,0.0
4483,0.0,0.0,0.0
4484,0.0,0.0,0.0
4485,0.0,0.0,0.0
4486,0.0,0.0,0.0
4487,0.0,0.0,0.0
4488,0.0,0.0,0.0
4489,0.0,0.0,0.0
4490,0.0,0.0,0.0
4491,0.0,0.0,0.0
4492,0.0,0.0,0.0
4493,0.0,0.0,0.0
4494,0.0,0.0,0.0
4495,0.0,0.0,0.0
4496,0.0,0.0,0.0
4497,0.0,0.0,0.0
4498,0.0,0.0,0.0
4499,0.0,0.0,0.0
4500,0.0,0.0,0.0
4501,0.0,0.0,0.0
4502,0.0,0.0,0.0
4503,0.0,0.0,0.0
4504,0.0,0.0,0.0
4505,0.0,0.0,0.0
4506,0.0,0.0,0.0
4507,0.0,0.0,0.0
4508,0.0,0.0,0.0
4509,0.0,0.0,0.0
4510,0.0,0.0,0.0
4511,0.0,0.0,0.0
4512,0.0,0.0,0.0
4513,0.0,0.0,0.0
4514,0.0,0.0,0.0
4515,0.0,0.0,0.0
4516,0.0,0.0,0.0
4517,0.0,0.0,0.0
4518,0.0,0.0,0.0
4519,0.0,0.0,0.0
4520,0.0,0.0,0.0
4521,0.0,0.0,0.0
4522,0.0,0.0,0.0
4523,0.0,0.0,0.0
4524,0.0,0.0,0.0
4525,0.0,0.0,0.0
4526,0.0,0.0,0.0
4527,0.0,0.0,0.0
4528,0.0,0.0,0.0
4529,0.0,0.0,0.0
4530,0.0,0.0,0.0
4531,0.0,0.0,0.0
4532,0.0,0.0,0.0
4533,0.0,0.0,0.0
4534,0.0,0.0,0.0
4535,0.0,0.0,0.0
4536,0.0,0.0,0.0
4537,0.0,0.0,0.0
4538,0.0,0.0,0.0
4539,0.0,0.0,0.0
4540,0.0,0.0,0.0
4541,0.0,0.0,0.0
4542,0.0,0.0,0.0
4543,0.0,0.0,0.0
4544,0.0,0.0,0.0
4545,0.0,0.0,0.0
4546,0.0,0.0,0.0
4547,0.0,0.0,0.0
4548,0.0,0.0,0.0
4549,0.0,0.0,0.0
4550,0.0,0.0,0.0
4551,0.0,0.0,0.0
4552,0.0,0.0,0.0
4553,0.0,0.0,0.0
4554,0.0,0.0,0.0
4555,0.0,0.0,0.0
4556,0.0,0.0,0.0
4557,0.0,0.0,0.0
4558,0.0,0.0,0.0
4559,0.0,0.0,0.0
4560,0.0,0.0,0.0
4561,0.0,0.0,0.0
4562,0.0,0.0,0.0
4563,0.0,0.0,0.0
4564,0.0,0.0,0.0
4565,0.0,0.0,0.0
4566,0.0,0.0,0.0
4567,0.0,0.0,0.0
4568,0.0,0.0,0.0
4569,0.0,0.0,0.0
4570,0.0,0.0,0.0
4571,0.0,0.0,0.0
4572,0.0,0.0,0.0
4573,0.0,0.0,0.0
4574,0.0,0.0,0.0
4575,0.0,0.0,0.0
4576,0.0,0.0,0.0
4577,0.0,0.0,0.0
4578,0.0,0.0,0.0
4579,0.0,0.0,0.0
4580,0.0,0.0,0.0
4581,0.0,0.0,0.0
4582,0.0,0.0,0.0
4583,0.0,0.0,0.0
4584,0.0,0.0,0.0
4585,0.0,0.0,0.0
4586,0.0,0.0,0.0
4587,0.0,0.0,0.0
4588,0.0,0.0,0.0
4589,0.0,0.0,0.0
4590,0.0,0.0,0.0
4591,0.0,0.0,0.0
4592,0.0,0.0,0.0
4593,0.0,0.0,0.0
4594,0.0,0.0,0.0
4595,0.0,0.0,0.0
4596,0.0,0.0,0.0
4597,0.0,0.0,0.0
4598,0.0,0.0,0.0
4599,0.0,0.0,0.0
4600,0.0,0.0,0.0
4601,0.0,0.0,0.0
4602,0.0,0.0,0.0
4603,0.0,0.0,0.0
4604,0.0,0.0,0.0
4605,0.0,0.0,0.0
4606,0.0,0.0,0.0
4607,0.0,0.0,0.0
4608,0.0,0.0,0.0
4609,0.0,0.0,0.0
4610,0.0,0.0,0.0
4611,0.0,0.0,0.0
4612,0.0,0.0,0.0
4613,0.0,0.0,0.0
4614,0.0,0.0,0.0
4615,0.0,0.0,0.0
4616,0.0,0.0,0.0
4617,0.0,0.0,0.0
4618,0.0,0.0,0.0
4619,0.0,0.0,0.0
4620,0.0,0.0,0.0
4621,0.0,0.0,0.0
4622,0.0,0.0,0.0
4623,0.0,0.0,0.0
4624,0.0,0.0,0.0
4625,0.0,0.0,0.0
4626,0.0,0.0,0.0
4627,0.0,0.0,0.0
4628,0.0,0.0,0.0
4629,0.0,0.0,0.0
4630,0.0,0.0,0.0
4631,0.0,0.0,0.0
4632,0.0,0.0,0.0
4633,0.0,0.0,0.0
4634,0.0,0.0,0.0
4635,0.0,0.0,0.0
4636,0.0,0.0,0.0
4637,0.0,0.0,0.0
4638,0.0,0.0,0.0
4639,0.0,0.0,0.0
4640,0.0,0.0,0.0
4641,0.0,0.0,0.0
4642,0.0,0.0,0.0
4643,0.0,0.0,0.0
4644,0.0,0.0,0.0
4645,0.0,0.0,0.0
4646,0.0,0.0,0.0
4647,0.0,0.0,0.0
4648,0.0,0.0,0.0
4649,0.0,0.0,0.0
4650,0.0,0.0,0.0
4651,0.0,0.0,0.0
4652,0.0,0.0,0.0
4653,0.0,0.0,0.0
4654,0.0,0.0,0.0
4655,0.0,0.0,0.0
4656,0.0,0.0,0.0
4657,0.0,0.0,0.0
4658,0.0,0.0,0.0
4659,0.0,0.0,0.0
4660,0.0,0.0,0.0
4661,0.0,0.0,0.0
4662,0.0,0.0,0.0
4663,0.0,0.0,0.0
4664,0.0,0.0,0.0
4665,0.0,0.0,0.0
4666,0.0,0.0,0.0
4667,0.0,0.0,0.0
4668,0.0,0.0,0.0
4669,0.0,0.0,0.0
4670,0.0,0.0,0.0
4671,0.0,0.0,0.0
4672,0.0,0.0,0.0
4673,0.0,0.0,0.0
4674,0.0,0.0,0.0
4675,0.0,0.0,0.0
4676,0.0,0.0,0.0
4677,0.0,0.0,0.0
4678,0.0,0.0,0.0
4679,0.0,0.0,0.0
4680,0.0,0.0,0.0
4681,0.0,0.0,0.0
4682,0.0,0.0,0.0
4683,0.0,0.0,0.0
4684,0.0,0.0,0.0
4685,0.0,0.0,0.0
4686,0.0,0.0,0.0
4687,0.0,0.0,0.0
4688,0.0,0.0,0.0
4689,0.0,0.0,0.0
4690,0.0,0.0,0.0
4691,0.0,0.0,0.0
4692,0.0,0.0,0.0
4693,0.0,0.0,0.0
4694,0.0,0.0,0.0
4695,0.0,0.0,0.0
4696,0.0,0.0,0.0
4697,0.0,0.0,0.0
4698,0.0,0.0,0.0
4699,0.0,0.0,0.0
4700,0.0,0.0,0.0
4701,0.0,0.0,0.0
4702,0.0,0.0,0.0
4703,0.0,0.0,0.0
4704,0.0,0.0,0.0
4705,0.0,0.0,0.0
4706,0.0,0.0,0.0
4707,0.0,0.0,0.0
4708,0.0,0.0,0.0
4709,0.0,0.0,0.0
4710,0.0,0.0,0.0
4711,0.0,0.0,0.0
4712,0.0,0.0,0.0
4713,0.0,0.0,0.0
4714,0.0,0.0,0.0
4715,0.0,0.0,0.0
4716,0.0,0.0,0.0
4717,0.0,0.0,0.0
4718,0.0,0.0,0.0
4719,0.0,0.0,0.0
4720,0.0,0.0,0.0
4721,0.0,0.0,0.0
4722,0.0,0.0,0.0
4723,0.0,0.0,0.0
4724,0.0,0.0,0.0
4725,0.0,0.0,0.0
4726,0.0,0.0,0.0
4727,0.0,0.0,0.0
4728,0.0,0.0,0.0
4729,0.0,0.0,0.0
4730,0.0,0.0,0.0
4731,0.0,0.0,0.0
4732,0.0,0.0,0.0
4733,0.0,0.0,0.0
4734,0.0,0.0,0.0
4735,0.0,0.0,0.0
4736,0.0,0.0,0.0
4737,0.0,0.0,0.0
4738,0.0,0.0,0.0
4739,0.0,0.0,0.0
4740,0.0,0.0,0.0
4741,0.0,0.0,0.0
4742,0.0,0.0,0.0
4743,0.0,0.0,0.0
4744,0.0,0.0,0.0
4745,0.0,0.0,0.0
4746,0.0,0.0,0.0
4747,0.0,0.0,0.0
4748,0.0,0.0,0.0
4749,0.0,0.0,0.0
4750,0.0,0.0,0.0
4751,0.0,0.0,0.0
4752,0.0,0.0,0.0
4753,0.0,0.0,0.0
4754,0.0,0.0,0.0
4755,0.0,0.0,0.0
4756,0.0,0.0,0.0
4757,0.0,0.0,0.0
4758,0.0,0.0,0.0
4759,0.0,0.0,0.0
4760,0.0,0.0,0.0
4761,0.0,0.0,0.0
4762,0.0,0.0,0.0
4763,0.0,0.0,0.0
4764,0.0,0.0,0.0
4765,0.0,0.0,0.0
4766,0.0,0.0,0.0
4767,0.0,0.0,0.0
4768,0.0,0.0,0.0
4769,0.0,0.0,0.0
4770,0.0,0.0,0.0
4771,0.0,0.0,0.0
4772,0.0,0.0,0.0
4773,0.0,0.0,0.0
4774,0.0,0.0,0.0
4775,0.0,0.0,0.0
4776,0.0,0.0,0.0
4777,0.0,0.0,0.0
4778,0.0,0.0,0.0
4779,0.0,0.0,0.0
4780,0.0,0.0,0.0
4781,0.0,0.0,0.0
4782,0.0,0.0,0.0
4783,0.0,0.0,0.0
4784,0.0,0.0,0.0
4785,0.0,0.0,0.0
4786,0.0,0.0,0.0
4787,0.0,0.0,0.0
4788,0.0,0.0,0.0
4789,0.0,0.0,0.0
4790,0.0,0.0,0.0
4791,0.0,0.0,0.0
4792,0.0,0.0,0.0
4793,0.0,0.0,0.0
4794,0.0,0.0,0.0
4795,0.0,0.0,0.0
4796,0.0,0.0,0.0
4797,0.0,0.0,0.0
4798,0.0,0.0,0.0
4799,0.0,0.0,0.0
4800,0.0,0.0,0.0
4801,0.0,0.0,0.0
4802,0.0,0.0,0.0
4803,0.0,0.0,0.0
4804,0.0,0.0,0.0
4805,0.0,0.0,0.0
4806,0.0,0.0,0.0
4807,0.0,0.0,0.0
4808,0.0,0.0,0.0
4809,0.0,0.0,0.0
4810,0.0,0.0,0.0
4811,0.0,0.0,0.0
4812,0.0,0.0,0.0
4813,0.0,0.0,0.0
4814,0.0,0.0,0.0
4815,0.0,0.0,0.0
4816,0.0,0.0,0.0
4817,0.0,0.0,0.0
4818,0.0,0.0,0.0
4819,0.0,0.0,0.0
4820,0.0,0.0,0.0
4821,0.0,0.0,0.0
4822,0.0,0.0,0.0
4823,0.0,0.0,0.0
4824,0.0,0.0,0.0
4825,0.0,0.0,0.0
4826,0.0,0.0,0.0
4827,0.0,0.0,0.0
4828,0.0,0.0,0.0
4829,0.0,0.0,0.0
4830,0.0,0.0,0.0
4831,0.0,0.0,0.0
4832,0.0,0.0,0.0
4833,0.0,0.0,0.0
4834,0.0,0.0,0.0
4835,0.0,0.0,0.0
4836,0.0,0.0,0.0
4837,0.0,0.0,0.0
4838,0.0,0.0,0.0
4839,0.0,0.0,0.0
4840,0.0,0.0,0.0
4841,0.0,0.0,0.0
4842,0.0,0.0,0.0
4843,0.0,0.0,0.0
4844,0.0,0.0,0.0
4845,0.0,0.0,0.0
4846,0.0,0.0,0.0
4847,0.0,0.0,0.0
4848,0.0,0.0,0.0
4849,0.0,0.0,0.0
4850,0.0,0.0,0.0
4851,0.0,0.0,0.0
4852,0.0,0.0,0.0
4853,0.0,0.0,0.0
4854,0.0,0.0,0.0
4855,0.0,0.0,0.0
4856,0.0,0.0,0.0
4857,0.0,0.0,0.0
4858,0.0,0.0,0.0
4859,0.0,0.0,0.0
4860,0.0,0.0,0.0
4861,0.0,0.0,0.0
4862,0.0,0.0,0.0
4863,0.0,0.0,0.0
4864,0.0,0.0,0.0
4865,0.0,0.0,0.0
4866,0.0,0.0,0.0
4867,0.0,0.0,0.0
4868,0.0,0.0,0.0
4869,0.0,0.0,0.0
4870,0.0,0.0,0.0
4871,0.0,0.0,0.0
4872,0.0,0.0,0.0
4873,0.0,0.0,0.0
4874,0.0,0.0,0.0
4875,0.0,0.0,0.0
4876,0.0,0.0,0.0
4877,0.0,0.0,0.0
4878,0.0,0.0,0.0
4879,0.0,0.0,0.0
4880,0.0,0.0,0.0
4881,0.0,0.0,0.0
4882,0.0,0.0,0.0
4883,0.0,0.0,0.0
4884,0.0,0.0,0.0
4885,0.0,0.0,0.0
4886,0.0,0.0,0.0
4887,0.0,0.0,0.0
4888,0.0,0.0,0.0
4889,0.0,0.0,0.0
4890,0.0,0.0,0.0
4891,0.0,0.0,0.0
4892,0.0,0.0,0.0
4893,0.0,0.0,0.0
4894,0.0,0.0,0.0
4895,0.0,0.0,0.0
4896,0.0,0.0,0.0
4897,0.0,0.0,0.0
4898,0.0,0.0,0.0
4899,0.0,0.0,0.0
4900,0.0,0.0,0.0
4901,0.0,0.0,0.0
4902,0.0,0.0,0.0
4903,0.0,0.0,0.0
4904,0.0,0.0,0.0
4905,0.0,0.0,0.0
4906,0.0,0.0,0.0
4907,0.0,0.0,0.0
4908,0.0,0.0,0.0
4909,0.0,0.0,0.0
4910,0.0,0.0,0.0
4911,0.0,0.0,0.0
4912,0.0,0.0,0.0
4913,0.0,0.0,0.0
4914,0.0,0.0,0.0
4915,0.0,0.0,0.0
4916,0.0,0.0,0.0
4917,0.0,0.0,0.0
4918,0.0,0.0,0.0
4919,0.0,0.0,0.0
4920,0.0,0.0,0.0
4921,0.0,0.0,0.0
4922,0.0,0.0,0.0
4923,0.0,0.0,0.0
4924,0.0,0.0,0.0
4925,0.0,0.0,0.0
4926,0.0,0.0,0.0
4927,0.0,0.0,0.0
4928,0.0,0.0,0.0
4929,0.0,0.0,0.0
4930,0.0,0.0,0.0
4931,0.0,0.0,0.0
4932,0.0,0.0,0.0
4933,0.0,0.0,0.0
4934,0.0,0.0,0.0
4935,0.0,0.0,0.0
4936,0.0,0.0,0.0
4937,0.0,0.0,0.0
4938,0.0,0.0,0.0
4939,0.0,0.0,0.0
4940,0.0,0.0,0.0
4941,0.0,0.0,0.0
4942,0.0,0.0,0.0
4943,0.0,0.0,0.0
4944,0.0,0.0,0.0
4945,0.0,0.0,0.0
4946,0.0,0.0,0.0
4947,0.0,0.0,0.0
4948,0.0,0.0,0.0
4949,0.0,0.0,0.0
4950,0.0,0.0,0.0
4951,0.0,0.0,0.0
4952,0.0,0.0,0.0
4953,0.0,0.0,0.0
4954,0.0,0.0,0.0
4955,0.0,0.0,0.0
4956,0.0,0.0,0.0
4957,0.0,0.0,0.0
4958,0.0,0.0,0.0
4959,0.0,0.0,0.0
4960,0.0,0.0,0.0
4961,0.0,0.0,0.0
4962,0.0,0.0,0.0
4963,0.0,0.0,0.0
4964,0.0,0.0,0.0
4965,0.0,0.0,0.0
4966,0.0,0.0,0.0
4967,0.0,0.0,0.0
4968,0.0,0.0,0.0
4969,0.0,0.0,0.0
4970,0.0,0.0,0.0
4971,0.0,0.0,0.0
4972,0.0,0.0,0.0
4973,0.0,0.0,0.0
4974,0.0,0.0,0.0
4975,0.0,0.0,0.0
4976,0.0,0.0,0.0
4977,0.0,0.0,0.0
4978,0.0,0.0,0.0
4979,0.0,0.0,0.0
4980,0.0,0.0,0.0
4981,0.0,0.0,0.0
4982,0.0,0.0,0.0
4983,0.0,0.0,0.0
4984,0.0,0.0,0.0
4985,0.0,0.0,0.0
4986,0.0,0.0,0.0
4987,0.0,0.0,0.0
4988,0.0,0.0,0.0
4989,0.0,0.0,0.0
4990,0.0,0.0,0.0
4991,0.0,0.0,0.0
4992,0.0,0.0,0.0
4993,0.0,0.0,0.0
4994,0.0,0.0,0.0
4995,0.0,0.0,0.0
4996,0.0,0.0,0.0
4997,0.0,0.0,0.0
4998,0.0,0.0,0.0
4999,0.0,0.0,0.0
5000,0.0,0.0,0.0
5001,0.0,0.0,0.0
5002,0.0,0.0,0.0
5003,0.0,0.0,0.0
5004,0.0,0.0,0.0
5005,0.0,0.0,0.0
5006,0.0,0.0,0.0
5007,0.0,0.0,0.0
5008,0.0,0.0,0.0
5009,0.0,0.0,0.0
5010,0.0,0.0,0.0
5011,0.0,0.0,0.0
5012,0.0,0.0,0.0
5013,0.0,0.0,0.0
5014,0.0,0.0,0.0
5015,0.0,0.0,0.0
5016,0.0,0.0,0.0
5017,0.0,0.0,0.0
5018,0.0,0.0,0.0
5019,0.0,0.0,0.0
5020,0.0,0.0,0.0
5021,0.0,0.0,0.0
5022,0.0,0.0,0.0
5023,0.0,0.0,0.0
5024,0.0,0.0,0.0
5025,0.0,0.0,0.0
5026,0.0,0.0,0.0
5027,0.0,0.0,0.0
5028,0.0,0.0,0.0
5029,0.0,0.0,0.0
5030,0.0,0.0,0.0
5031,0.0,0.0,0.0
5032,0.0,0.0,0.0
5033,0.0,0.0,0.0
5034,0.0,0.0,0.0
5035,0.0,0.0,0.0
5036,0.0,0.0,0.0
5037,0.0,0.0,0.0
5038,0.0,0.0,0.0
5039,0.0,0.0,0.0
5040,0.0,0.0,0.0
5041,0.0,0.0,0.0
5042,0.0,0.0,0.0
5043,0.0,0.0,0.0
5044,0.0,0.0,0.0
5045,0.0,0.0,0.0
5046,0.0,0.0,0.0
5047,0.0,0.0,0.0
5048,0.0,0.0,0.0
5049,0.0,0.0,0.0
5050,0.0,0.0,0.0
5051,0.0,0.0,0.0
5052,0.0,0.0,0.0
5053,0.0,0.0,0.0
5054,0.0,0.0,0.0
5055,0.0,0.0,0.0
5056,0.0,0.0,0.0
5057,0.0,0.0,0.0
5058,0.0,0.0,0.0
5059,0.0,0.0,0.0
5060,0.0,0.0,0.0
5061,0.0,0.0,0.0
5062,0.0,0.0,0.0
5063,0.0,0.0,0.0
5064,0.0,0.0,0.0
5065,0.0,0.0,0.0
5066,0.0,0.0,0.0
5067,0.0,0.0,0.0
5068,0.0,0.0,0.0
5069,0.0,0.0,0.0
5070,0.0,0.0,0.0
5071,0.0,0.0,0.0
5072,0.0,0.0,0.0
5073,0.0,0.0,0.0
5074,0.0,0.0,0.0
5075,0.0,0.0,0.0
5076,0.0,0.0,0.0
5077,0.0,0.0,0.0
5078,0.0,0.0,0.0
5079,0.0,0.0,0.0
5080,0.0,0.0,0.0
5081,0.0,0.0,0.0
5082,0.0,0.0,0.0
5083,0.0,0.0,0.0
5084,0.0,0.0,0.0
5085,0.0,0.0,0.0
5086,0.0,0.0,0.0
5087,0.0,0.0,0.0
5088,0.0,0.0,0.0
5089,0.0,0.0,0.0
5090,0.0,0.0,0.0
5091,0.0,0.0,0.0
5092,0.0,0.0,0.0
5093,0.0,0.0,0.0
5094,0.0,0.0,0.0
5095,0.0,0.0,0.0
5096,0.0,0.0,0.0
5097,0.0,0.0,0.0
5098,0.0,0.0,0.0
5099,0.0,0.0,0.0
5100,0.0,0.0,0.0
5101,0.0,0.0,0.0
5102,0.0,0.0,0.0
5103,0.0,0.0,0.0
5104,0.0,0.0,0.0
5105,0.0,0.0,0.0
5106,0.0,0.0,0.0
5107,0.0,0.0,0.0
5108,0.0,0.0,0.0
5109,0.0,0.0,0.0
5110,0.0,0.0,0.0
5111,0.0,0.0,0.0
5112,0.0,0.0,0.0
5113,0.0,0.0,0.0
5114,0.0,0.0,0.0
5115,0.0,0.0,0.0
5116,0.0,0.0,0.0
5117,0.0,0.0,0.0
5118,0.0,0.0,0.0
5119,0.0,0.0,0.0
5120,0.0,0.0,0.0
5121,0.0,0.0,0.0
5122,0.0,0.0,0.0
5123,0.0,0.0,0.0
5124,0.0,0.0,0.0
5125,0.0,0.0,0.0
5126,0.0,0.0,0.0
5127,0.0,0.0,0.0
5128,0.0,0.0,0.0
5129,0.0,0.0,0.0
5130,0.0,0.0,0.0
5131,0.0,0.0,0.0
5132,0.0,0.0,0.0
5133,0.0,0.0,0.0
5134,0.0,0.0,0.0
5135,0.0,0.0,0.0
5136,0.0,0.0,0.0
5137,0.0,0.0,0.0
5138,0.0,0.0,0.0
5139,0.0,0.0,0.0
5140,0.0,0.0,0.0
5141,0.0,0.0,0.0
5142,0.0,0.0,0.0
5143,0.0,0.0,0.0
5144,0.0,0.0,0.0
5145,0.0,0.0,0.0
5146,0.0,0.0,0.0
5147,0.0,0.0,0.0
5148,0.0,0.0,0.0
5149,0.0,0.0,0.0
5150,0.0,0.0,0.0
5151,0.0,0.0,0.0
5152,0.0,0.0,0.0
5153,0.0,0.0,0.0
5154,0.0,0.0,0.0
5155,0.0,0.0,0.0
5156,0.0,0.0,0.0
5157,0.0,0.0,0.0
5158,0.0,0.0,0.0
5159,0.0,0.0,0.0
5160,0.0,0.0,0.0
5161,0.0,0.0,0.0
5162,0.0,0.0,0.0
5163,0.0,0.0,0.0
5164,0.0,0.0,0.0
5165,0.0,0.0,0.0
5166,0.0,0.0,0.0
5167,0.0,0.0,0.0
5168,0.0,0.0,0.0
5169,0.0,0.0,0.0
5170,0.0,0.0,0.0
5171,0.0,0.0,0.0
5172,0.0,0.0,0.0
5173,0.0,0.0,0.0
5174,0.0,0.0,0.0
5175,0.0,0.0,0.0
5176,0.0,0.0,0.0
5177,0.0,0.0,0.0
5178,0.0,0.0,0.0
5179,0.0,0.0,0.0
5180,0.0,0.0,0.0
5181,0.0,0.0,0.0
5182,0.0,0.0,0.0
5183,0.0,0.0,0.0
5184,0.0,0.0,0.0
5185,0.0,0.0,0.0
5186,0.0,0.0,0.0
5187,0.0,0.0,0.0
5188,0.0,0.0,0.0
5189,0.0,0.0,0.0
5190,0.0,0.0,0.0
5191,0.0,0.0,0.0
5192,0.0,0.0,0.0
5193,0.0,0.0,0.0
5194,0.0,0.0,0.0
5195,0.0,0.0,0.0
5196,0.0,0.0,0.0
5197,0.0,0.0,0.0
5198,0.0,0.0,0.0
5199,0.0,0.0,0.0
5200,0.0,0.0,0.0
5201,0.0,0.0,0.0
5202,0.0,0.0,0.0
5203,0.0,0.0,0.0
5204,0.0,0.0,0.0
5205,0.0,0.0,0.0
5206,0.0,0.0,0.0
5207,0.0,0.0,0.0
5208,0.0,0.0,0.0
5209,0.0,0.0,0.0
5210,0.0,0.0,0.0
5211,0.0,0.0,0.0
5212,0.0,0.0,0.0
5213,0.0,0.0,0.0
5214,0.0,0.0,0.0
5215,0.0,0.0,0.0
5216,0.0,0.0,0.0
5217,0.0,0.0,0.0
5218,0.0,0.0,0.0
5219,0.0,0.0,0.0
5220,0.0,0.0,0.0
5221,0.0,0.0,0.0
5222,0.0,0.0,0.0
5223,0.0,0.0,0.0
5224,0.0,0.0,0.0
5225,0.0,0.0,0.0
5226,0.0,0.0,0.0
5227,0.0,0.0,0.0
5228,0.0,0.0,0.0
5229,0.0,0.0,0.0
5230,0.0,0.0,0.0
5231,0.0,0.0,0.0
5232,0.0,0.0,0.0
5233,0.0,0.0,0.0
5234,0.0,0.0,0.0
5235,0.0,0.0,0.0
5236,0.0,0.0,0.0
5237,0.0,0.0,0.0
5238,0.0,0.0,0.0
5239,0.0,0.0,0.0
5240,0.0,0.0,0.0
5241,0.0,0.0,0.0
5242,0.0,0.0,0.0
5243,0.0,0.0,0.0
5244,0.0,0.0,0.0
5245,0.0,0.0,0.0
5246,0.0,0.0,0.0
5247,0.0,0.0,0.0
5248,0.0,0.0,0.0
5249,0.0,0.0,0.0
5250,0.0,0.0,0.0
5251,0.0,0.0,0.0
5252,0.0,0.0,0.0
5253,0.0,0.0,0.0
5254,0.0,0.0,0.0
5255,0.0,0.0,0.0
5256,0.0,0.0,0.0
5257,0.0,0.0,0.0
5258,0.0,0.0,0.0
5259,0.0,0.0,0.0
5260,0.0,0.0,0.0
5261,0.0,0.0,0.0
5262,0.0,0.0,0.0
5263,0.0,0.0,0.0
5264,0.0,0.0,0.0
5265,0.0,0.0,0.0
5266,0.0,0.0,0.0
5267,0.0,0.0,0.0
5268,0.0,0.0,0.0
5269,0.0,0.0,0.0
5270,0.0,0.0,0.0
5271,0.0,0.0,0.0
5272,0.0,0.0,0.0
5273,0.0,0.0,0.0
5274,0.0,0.0,0.0
5275,0.0,0.0,0.0
5276,0.0,0.0,0.0
5277,0.0,0.0,0.0
5278,0.0,0.0,0.0
5279,0.0,0.0,0.0
5280,0.0,0.0,0.0
5281,0.0,0.0,0.0
5282,0.0,0.0,0.0
5283,0.0,0.0,0.0
5284,0.0,0.0,0.0
5285,0.0,0.0,0.0
5286,0.0,0.0,0.0
5287,0.0,0.0,0.0
5288,0.0,0.0,0.0
5289,0.0,0.0,0.0
5290,0.0,0.0,0.0
5291,0.0,0.0,0.0
5292,0.0,0.0,0.0
5293,0.0,0.0,0.0
5294,0.0,0.0,0.0
5295,0.0,0.0,0.0
5296,0.0,0.0,0.0
5297,0.0,0.0,0.0
5298,0.0,0.0,0.0
5299,0.0,0.0,0.0
5300,0.0,0.0,0.0
5301,0.0,0.0,0.0
5302,0.0,0.0,0.0
5303,0.0,0.0,0.0
5304,0.0,0.0,0.0
5305,0.0,0.0,0.0
5306,0.0,0.0,0.0
5307,0.0,0.0,0.0
5308,0.0,0.0,0.0
5309,0.0,0.0,0.0
5310,0.0,0.0,0.0
5311,0.0,0.0,0.0
5312,0.0,0.0,0.0
5313,0.0,0.0,0.0
5314,0.0,0.0,0.0
5315,0.0,0.0,0.0
5316,0.0,0.0,0.0
5317,0.0,0.0,0.0
5318,0.0,0.0,0.0
5319,0.0,0.0,0.0
5320,0.0,0.0,0.0
5321,0.0,0.0,0.0
5322,0.0,0.0,0.0
5323,0.0,0.0,0.0
5324,0.0,0.0,0.0
5325,0.0,0.0,0.0
5326,0.0,0.0,0.0
5327,0.0,0.0,0.0
5328,0.0,0.0,0.0
5329,0.0,0.0,0.0
5330,0.0,0.0,0.0
5331,0.0,0.0,0.0
5332,0.0,0.0,0.0
5333,0.0,0.0,0.0
5334,0.0,0.0,0.0
5335,0.0,0.0,0.0
5336,0.0,0.0,0.0
5337,0.0,0.0,0.0
5338,0.0,0.0,0.0
5339,0.0,0.0,0.0
5340,0.0,0.0,0.0
5341,0.0,0.0,0.0
5342,0.0,0.0,0.0
5343,0.0,0.0,0.0
5344,0.0,0.0,0.0
5345,0.0,0.0,0.0
5346,0.0,0.0,0.0
5347,0.0,0.0,0.0
5348,0.0,0.0,0.0
5349,0.0,0.0,0.0
5350,0.0,0.0,0.0
5351,0.0,0.0,0.0
5352,0.0,0.0,0.0
5353,0.0,0.0,0.0
5354,0.0,0.0,0.0
5355,0.0,0.0,0.0
5356,0.0,0.0,0.0
5357,0.0,0.0,0.0
5358,0.0,0.0,0.0
5359,0.0,0.0,0.0
5360,0.0,0.0,0.0
5361,0.0,0.0,0.0
5362,0.0,0.0,0.0
5363,0.0,0.0,0.0
5364,0.0,0.0,0.0
5365,0.0,0.0,0.0
5366,0.0,0.0,0.0
5367,0.0,0.0,0.0
5368,0.0,0.0,0.0
5369,0.0,0.0,0.0
5370,0.0,0.0,0.0
5371,0.0,0.0,0.0
5372,0.0,0.0,0.0
5373,0.0,0.0,0.0
5374,0.0,0.0,0.0
5375,0.0,0.0,0.0
5376,0.0,0.0,0.0
5377,0.0,0.0,0.0
5378,0.0,0.0,0.0
5379,0.0,0.0,0.0
5380,0.0,0.0,0.0
5381,0.0,0.0,0.0
5382,0.0,0.0,0.0
5383,0.0,0.0,0.0
5384,0.0,0.0,0.0
5385,0.0,0.0,0.0
5386,0.0,0.0,0.0
5387,0.0,0.0,0.0
5388,0.0,0.0,0.0
5389,0.0,0.0,0.0
5390,0.0,0.0,0.0
5391,0.0,0.0,0.0
5392,0.0,0.0,0.0
5393,0.0,0.0,0.0
5394,0.0,0.0,0.0
5395,0.0,0.0,0.0
5396,0.0,0.0,0.0
5397,0.0,0.0,0.0
5398,0.0,0.0,0.0
5399,0.0,0.0,0.0
5400,0.0,0.0,0.0
5401,0.0,0.0,0.0
5402,0.0,0.0,0.0
5403,0.0,0.0,0.0
5404,0.0,0.0,0.0
5405,0.0,0.0,0.0
5406,0.0,0.0,0.0
5407,0.0,0.0,0.0
5408,0.0,0.0,0.0
5409,0.0,0.0,0.0
5410,0.0,0.0,0.0
5411,0.0,0.0,0.0
5412,0.0,0.0,0.0
5413,0.0,0.0,0.0
5414,0.0,0.0,0.0
5415,0.0,0.0,0.0
5416,0.0,0.0,0.0
5417,0.0,0.0,0.0
5418,0.0,0.0,0.0
5419,0.0,0.0,0.0
5420,0.0,0.0,0.0
5421,0.0,0.0,0.0
5422,0.0,0.0,0.0
5423,0.0,0.0,0.0
5424,0.0,0.0,0.0
5425,0.0,0.0,0.0
5426,0.0,0.0,0.0
5427,0.0,0.0,0.0
5428,0.0,0.0,0.0
5429,0.0,0.0,0.0
5430,0.0,0.0,0.0
5431,0.0,0.0,0.0
5432,0.0,0.0,0.0
5433,0.0,0.0,0.0
5434,0.0,0.0,0.0
5435,0.0,0.0,0.0
5436,0.0,0.0,0.0
5437,0.0,0.0,0.0
5438,0.0,0.0,0.0
5439,0.0,0.0,0.0
5440,0.0,0.0,0.0
5441,0.0,0.0,0.0
5442,0.0,0.0,0.0
5443,0.0,0.0,0.0
5444,0.0,0.0,0.0
5445,0.0,0.0,0.0
5446,0.0,0.0,0.0
5447,0.0,0.0,0.0
5448,0.0,0.0,0.0
5449,0.0,0.0,0.0
5450,0.0,0.0,0.0
5451,0.0,0.0,0.0
5452,0.0,0.0,0.0
5453,0.0,0.0,0.0
5454,0.0,0.0,0.0
5455,0.0,0.0,0.0
5456,0.0,0.0,0.0
5457,0.0,0.0,0.0
5458,0.0,0.0,0.0
5459,0.0,0.0,0.0
5460,0.0,0.0,0.0
5461,0.0,0.0,0.0
5462,0.0,0.0,0.0
5463,0.0,0.0,0.0
5464,0.0,0.0,0.0
5465,0.0,0.0,0.0
5466,0.0,0.0,0.0
5467,0.0,0.0,0.0
5468,0.0,0.0,0.0
5469,0.0,0.0,0.0
5470,0.0,0.0,0.0
5471,0.0,0.0,0.0
5472,0.0,0.0,0.0
5473,0.0,0.0,0.0
5474,0.0,0.0,0.0
5475,0.0,0.0,0.0
5476,0.0,0.0,0.0
5477,0.0,0.0,0.0
5478,0.0,0.0,0.0
5479,0.0,0.0,0.0
5480,0.0,0.0,0.0
5481,0.0,0.0,0.0
5482,0.0,0.0,0.0
5483,0.0,0.0,0.0
5484,0.0,0.0,0.0
5485,0.0,0.0,0.0
5486,0.0,0.0,0.0
5487,0.0,0.0,0.0
5488,0.0,0.0,0.0
5489,0.0,0.0,0.0
5490,0.0,0.0,0.0
5491,0.0,0.0,0.0
5492,0.0,0.0,0.0
5493,0.0,0.0,0.0
5494,0.0,0.0,0.0
5495,0.0,0.0,0.0
5496,0.0,0.0,0.0
5497,0.0,0.0,0.0
5498,0.0,0.0,0.0
5499,0.0,0.0,0.0
5500,0.0,0.0,0.0
5501,0.0,0.0,0.0
5502,0.0,0.0,0.0
5503,0.0,0.0,0.0
5504,0.0,0.0,0.0
5505,0.0,0.0,0.0
5506,0.0,0.0,0.0
5507,0.0,0.0,0.0
5508,0.0,0.0,0.0
5509,0.0,0.0,0.0
5510,0.0,0.0,0.0
5511,0.0,0.0,0.0
5512,0.0,0.0,0.0
5513,0.0,0.0,0.0
5514,0.0,0.0,0.0
5515,0.0,0.0,0.0
5516,0.0,0.0,0.0
5517,0.0,0.0,0.0
5518,0.0,0.0,0.0
5519,0.0,0.0,0.0
5520,0.0,0.0,0.0
5521,0.0,0.0,0.0
5522,0.0,0.0,0.0
5523,0.0,0.0,0.0
5524,0.0,0.0,0.0
5525,0.0,0.0,0.0
5526,0.0,0.0,0.0
5527,0.0,0.0,0.0
5528,0.0,0.0,0.0
5529,0.0,0.0,0.0
5530,0.0,0.0,0.0
5531,0.0,0.0,0.0
5532,0.0,0.0,0.0
5533,0.0,0.0,0.0
5534,0.0,0.0,0.0
5535,0.0,0.0,0.0
5536,0.0,0.0,0.0
5537,0.0,0.0,0.0
5538,0.0,0.0,0.0
5539,0.0,0.0,0.0
5540,0.0,0.0,0.0
5541,0.0,0.0,0.0
5542,0.0,0.0,0.0
5543,0.0,0.0,0.0
5544,0.0,0.0,0.0
5545,0.0,0.0,0.0
5546,0.0,0.0,0.0
5547,0.0,0.0,0.0
5548,0.0,0.0,0.0
5549,0.0,0.0,0.0
5550,0.0,0.0,0.0
5551,0.0,0.0,0.0
5552,0.0,0.0,0.0
5553,0.0,0.0,0.0
5554,0.0,0.0,0.0
5555,0.0,0.0,0.0
5556,0.0,0.0,0.0
5557,0.0,0.0,0.0
5558,0.0,0.0,0.0
5559,0.0,0.0,0.0
5560,0.0,0.0,0.0
5561,0.0,0.0,0.0
5562,0.0,0.0,0.0
5563,0.0,0.0,0.0
5564,0.0,0.0,0.0
5565,0.0,0.0,0.0
5566,0.0,0.0,0.0
5567,0.0,0.0,0.0
5568,0.0,0.0,0.0
5569,0.0,0.0,0.0
5570,0.0,0.0,0.0
5571,0.0,0.0,0.0
5572,0.0,0.0,0.0
5573,0.0,0.0,0.0
5574,0.0,0.0,0.0
5575,0.0,0.0,0.0
5576,0.0,0.0,0.0
5577,0.0,0.0,0.0
5578,0.0,0.0,0.0
5579,0.0,0.0,0.0
5580,0.0,0.0,0.0
5581,0.0,0.0,0.0
5582,0.0,0.0,0.0
5583,0.0,0.0,0.0
5584,0.0,0.0,0.0
5585,0.0,0.0,0.0
5586,0.0,0.0,0.0
5587,0.0,0.0,0.0
5588,0.0,0.0,0.0
5589,0.0,0.0,0.0
5590,0.0,0.0,0.0
5591,0.0,0.0,0.0
5592,0.0,0.0,0.0
5593,0.0,0.0,0.0
5594,0.0,0.0,0.0
5595,0.0,0.0,0.0
5596,0.0,0.0,0.0
5597,0.0,0.0,0.0
5598,0.0,0.0,0.0
5599,0.0,0.0,0.0
5600,0.0,0.0,0.0
5601,0.0,0.0,0.0
5602,0.0,0.0,0.0
5603,0.0,0.0,0.0
5604,0.0,0.0,0.0
5605,0.0,0.0,0.0
5606,0.0,0.0,0.0
5607,0.0,0.0,0.0
5608,0.0,0.0,0.0
5609,0.0,0.0,0.0
5610,0.0,0.0,0.0
5611,0.0,0.0,0.0
5612,0.0,0.0,0.0
5613,0.0,0.0,0.0
5614,0.0,0.0,0.0
5615,0.0,0.0,0.0
5616,0.0,0.0,0.0
5617,0.0,0.0,0.0
5618,0.0,0.0,0.0
5619,0.0,0.0,0.0
5620,0.0,0.0,0.0
5621,0.0,0.0,0.0
5622,0.0,0.0,0.0
5623,0.0,0.0,0.0
5624,0.0,0.0,0.0
5625,0.0,0.0,0.0
5626,0.0,0.0,0.0
5627,0.0,0.0,0.0
5628,0.0,0.0,0.0
5629,0.0,0.0,0.0
5630,0.0,0.0,0.0
5631,0.0,0.0,0.0
5632,0.0,0.0,0.0
5633,0.0,0.0,0.0
5634,0.0,0.0,0.0
5635,0.0,0.0,0.0
5636,0.0,0.0,0.0
5637,0.0,0.0,0.0
5638,0.0,0.0,0.0
5639,0.0,0.0,0.0
5640,0.0,0.0,0.0
5641,0.0,0.0,0.0
5642,0.0,0.0,0.0
5643,0.0,0.0,0.0
5644,0.0,0.0,0.0
5645,0.0,0.0,0.0
5646,0.0,0.0,0.0
5647,0.0,0.0,0.0
5648,0.0,0.0,0.0
5649,0.0,0.0,0.0
5650,0.0,0.0,0.0
5651,0.0,0.0,0.0
5652,0.0,0.0,0.0
5653,0.0,0.0,0.0
5654,0.0,0.0,0.0
5655,0.0,0.0,0.0
5656,0.0,0.0,0.0
5657,0.0,0.0,0.0
5658,0.0,0.0,0.0
5659,0.0,0.0,0.0
5660,0.0,0.0,0.0
5661,0.0,0.0,0.0
5662,0.0,0.0,0.0
5663,0.0,0.0,0.0
5664,0.0,0.0,0.0
5665,0.0,0.0,0.0
5666,0.0,0.0,0.0
5667,0.0,0.0,0.0
5668,0.0,0.0,0.0
5669,0.0,0.0,0.0
5670,0.0,0.0,0.0
5671,0.0,0.0,0.0
5672,0.0,0.0,0.0
5673,0.0,0.0,0.0
5674,0.0,0.0,0.0
5675,0.0,0.0,0.0
5676,0.0,0.0,0.0
5677,0.0,0.0,0.0
5678,0.0,0.0,0.0
5679,0.0,0.0,0.0
5680,0.0,0.0,0.0
5681,0.0,0.0,0.0
5682,0.0,0.0,0.0
5683,0.0,0.0,0.0
5684,0.0,0.0,0.0
5685,0.0,0.0,0.0
5686,0.0,0.0,0.0
5687,0.0,0.0,0.0
5688,0.0,0.0,0.0
5689,0.0,0.0,0.0
5690,0.0,0.0,0.0
5691,0.0,0.0,0.0
5692,0.0,0.0,0.0
5693,0.0,0.0,0.0
5694,0.0,0.0,0.0
5695,0.0,0.0,0.0
5696,0.0,0.0,0.0
5697,0.0,0.0,0.0
5698,0.0,0.0,0.0
5699,0.0,0.0,0.0
5700,0.0,0.0,0.0
5701,0.0,0.0,0.0
5702,0.0,0.0,0.0
5703,0.0,0.0,0.0
5704,0.0,0.0,0.0
5705,0.0,0.0,0.0
5706,0.0,0.0,0.0
5707,0.0,0.0,0.0
5708,0.0,0.0,0.0
5709,0.0,0.0,0.0
5710,0.0,0.0,0.0
5711,0.0,0.0,0.0
5712,0.0,0.0,0.0
5713,0.0,0.0,0.0
5714,0.0,0.0,0.0
5715,0.0,0.0,0.0
5716,0.0,0.0,0.0
5717,0.0,0.0,0.0
5718,0.0,0.0,0.0
5719,0.0,0.0,0.0
5720,0.0,0.0,0.0
5721,0.0,0.0,0.0
5722,0.0,0.0,0.0
5723,0.0,0.0,0.0
5724,0.0,0.0,0.0
5725,0.0,0.0,0.0
5726,0.0,0.0,0.0
5727,0.0,0.0,0.0
5728,0.0,0.0,0.0
5729,0.0,0.0,0.0
5730,0.0,0.0,0.0
5731,0.0,0.0,0.0
5732,0.0,0.0,0.0
5733,0.0,0.0,0.0
5734,0.0,0.0,0.0
5735,0.0,0.0,0.0
5736,0.0,0.0,0.0
5737,0.0,0.0,0.0
5738,0.0,0.0,0.0
5739,0.0,0.0,0.0
5740,0.0,0.0,0.0
5741,0.0,0.0,0.0
5742,0.0,0.0,0.0
5743,0.0,0.0,0.0
5744,0.0,0.0,0.0
5745,0.0,0.0,0.0
5746,0.0,0.0,0.0
5747,0.0,0.0,0.0
5748,0.0,0.0,0.0
5749,0.0,0.0,0.0
5750,0.0,0.0,0.0
5751,0.0,0.0,0.0
5752,0.0,0.0,0.0
5753,0.0,0.0,0.0
5754,0.0,0.0,0.0
5755,0.0,0.0,0.0
5756,0.0,0.0,0.0
5757,0.0,0.0,0.0
5758,0.0,0.0,0.0
5759,0.0,0.0,0.0
5760,0.0,0.0,0.0
5761,0.0,0.0,0.0
5762,0.0,0.0,0.0
5763,0.0,0.0,0.0
5764,0.0,0.0,0.0
5765,0.0,0.0,0.0
5766,0.0,0.0,0.0
5767,0.0,0.0,0.0
5768,0.0,0.0,0.0
5769,0.0,0.0,0.0
5770,0.0,0.0,0.0
5771,0.0,0.0,0.0
5772,0.0,0.0,0.0
5773,0.0,0.0,0.0
5774,0.0,0.0,0.0
5775,0.0,0.0,0.0
5776,0.0,0.0,0.0
5777,0.0,0.0,0.0
5778,0.0,0.0,0.0
5779,0.0,0.0,0.0
5780,0.0,0.0,0.0
5781,0.0,0.0,0.0
5782,0.0,0.0,0.0
5783,0.0,0.0,0.0
5784,0.0,0.0,0.0
5785,0.0,0.0,0.0
5786,0.0,0.0,0.0
5787,0.0,0.0,0.0
5788,0.0,0.0,0.0
5789,0.0,0.0,0.0
5790,0.0,0.0,0.0
5791,0.0,0.0,0.0
5792,0.0,0.0,0.0
5793,0.0,0.0,0.0
5794,0.0,0.0,0.0
5795,0.0,0.0,0.0
5796,0.0,0.0,0.0
5797,0.0,0.0,0.0
5798,0.0,0.0,0.0
5799,0.0,0.0,0.0
5800,0.0,0.0,0.0
5801,0.0,0.0,0.0
5802,0.0,0.0,0.0
5803,0.0,0.0,0.0
5804,0.0,0.0,0.0
5805,0.0,0.0,0.0
5806,0.0,0.0,0.0
5807,0.0,0.0,0.0
5808,0.0,0.0,0.0
5809,0.0,0.0,0.0
5810,0.0,0.0,0.0
5811,0.0,0.0,0.0
5812,0.0,0.0,0.0
5813,0.0,0.0,0.0
5814,0.0,0.0,0.0
5815,0.0,0.0,0.0
5816,0.0,0.0,0.0
5817,0.0,0.0,0.0
5818,0.0,0.0,0.0
5819,0.0,0.0,0.0
5820,0.0,0.0,0.0
5821,0.0,0.0,0.0
5822,0.0,0.0,0.0
5823,0.0,0.0,0.0
5824,0.0,0.0,0.0
5825,0.0,0.0,0.0
5826,0.0,0.0,0.0
5827,0.0,0.0,0.0
5828,0.0,0.0,0.0
5829,0.0,0.0,0.0
5830,0.0,0.0,0.0
5831,0.0,0.0,0.0
5832,0.0,0.0,0.0
5833,0.0,0.0,0.0
5834,0.0,0.0,0.0
5835,0.0,0.0,0.0
5836,0.0,0.0,0.0
5837,0.0,0.0,0.0
5838,0.0,0.0,0.0
5839,0.0,0.0,0.0
5840,0.0,0.0,0.0
5841,0.0,0.0,0.0
5842,0.0,0.0,0.0
5843,0.0,0.0,0.0
5844,0.0,0.0,0.0
5845,0.0,0.0,0.0
5846,0.0,0.0,0.0
5847,0.0,0.0,0.0
5848,0.0,0.0,0.0
5849,0.0,0.0,0.0
5850,0.0,0.0,0.0
5851,0.0,0.0,0.0
5852,0.0,0.0,0.0
5853,0.0,0.0,0.0
5854,0.0,0.0,0.0
5855,0.0,0.0,0.0
5856,0.0,0.0,0.0
5857,0.0,0.0,0.0
5858,0.0,0.0,0.0
5859,0.0,0.0,0.0
5860,0.0,0.0,0.0
5861,0.0,0.0,0.0
5862,0.0,0.0,0.0
5863,0.0,0.0,0.0
5864,0.0,0.0,0.0
5865,0.0,0.0,0.0
5866,0.0,0.0,0.0
5867,0.0,0.0,0.0
5868,0.0,0.0,0.0
5869,0.0,0.0,0.0
5870,0.0,0.0,0.0
5871,0.0,0.0,0.0
5872,0.0,0.0,0.0
5873,0.0,0.0,0.0
5874,0.0,0.0,0.0
5875,0.0,0.0,0.0
5876,0.0,0.0,0.0
5877,0.0,0.0,0.0
5878,0.0,0.0,0.0
5879,0.0,0.0,0.0
5880,0.0,0.0,0.0
5881,0.0,0.0,0.0
5882,0.0,0.0,0.0
5883,0.0,0.0,0.0
5884,0.0,0.0,0.0
5885,0.0,0.0,0.0
5886,0.0,0.0,0.0
5887,0.0,0.0,0.0
5888,0.0,0.0,0.0
5889,0.0,0.0,0.0
5890,0.0,0.0,0.0
5891,0.0,0.0,0.0
5892,0.0,0.0,0.0
5893,0.0,0.0,0.0
5894,0.0,0.0,0.0
5895,0.0,0.0,0.0
5896,0.0,0.0,0.0
5897,0.0,0.0,0.0
5898,0.0,0.0,0.0
5899,0.0,0.0,0.0
5900,0.0,0.0,0.0
5901,0.0,0.0,0.0
5902,0.0,0.0,0.0
5903,0.0,0.0,0.0
5904,0.0,0.0,0.0
5905,0.0,0.0,0.0
5906,0.0,0.0,0.0
5907,0.0,0.0,0.0
5908,0.0,0.0,0.0
5909,0.0,0.0,0.0
5910,0.0,0.0,0.0
5911,0.0,0.0,0.0
5912,0.0,0.0,0.0
5913,0.0,0.0,0.0
5914,0.0,0.0,0.0
5915,0.0,0.0,0.0
5916,0.0,0.0,0.0
5917,0.0,0.0,0.0
5918,0.0,0.0,0.0
5919,0.0,0.0,0.0
5920,0.0,0.0,0.0
5921,0.0,0.0,0.0
5922,0.0,0.0,0.0
5923,0.0,0.0,0.0
5924,0.0,0.0,0.0
5925,0.0,0.0,0.0
5926,0.0,0.0,0.0
5927,0.0,0.0,0.0
5928,0.0,0.0,0.0
5929,0.0,0.0,0.0
5930,0.0,0.0,0.0
5931,0.0,0.0,0.0
5932,0.0,0.0,0.0
5933,0.0,0.0,0.0
5934,0.0,0.0,0.0
5935,0.0,0.0,0.0
5936,0.0,0.0,0.0
5937,0.0,0.0,0.0
5938,0.0,0.0,0.0
5939,0.0,0.0,0.0
5940,0.0,0.0,0.0
5941,0.0,0.0,0.0
5942,0.0,0.0,0.0
5943,0.0,0.0,0.0
5944,0.0,0.0,0.0
5945,0.0,0.0,0.0
5946,0.0,0.0,0.0
5947,0.0,0.0,0.0
5948,0.0,0.0,0.0
5949,0.0,0.0,0.0
5950,0.0,0.0,0.0
5951,0.0,0.0,0.0
5952,0.0,0.0,0.0
5953,0.0,0.0,0.0
5954,0.0,0.0,0.0
5955,0.0,0.0,0.0
5956,0.0,0.0,0.0
5957,0.0,0.0,0.0
5958,0.0,0.0,0.0
5959,0.0,0.0,0.0
5960,0.0,0.0,0.0
5961,0.0,0.0,0.0
5962,0.0,0.0,0.0
5963,0.0,0.0,0.0
5964,0.0,0.0,0.0
5965,0.0,0.0,0.0
5966,0.0,0.0,0.0
5967,0.0,0.0,0.0
5968,0.0,0.0,0.0
5969,0.0,0.0,0.0
5970,0.0,0.0,0.0
5971,0.0,0.0,0.0
5972,0.0,0.0,0.0
5973,0.0,0.0,0.0
5974,0.0,0.0,0.0
5975,0.0,0.0,0.0
5976,0.0,0.0,0.0
5977,0.0,0.0,0.0
5978,0.0,0.0,0.0
5979,0.0,0.0,0.0
5980,0.0,0.0,0.0
5981,0.0,0.0,0.0
5982,0.0,0.0,0.0
5983,0.0,0.0,0.0
5984,0.0,0.0,0.0
5985,0.0,0.0,0.0
5986,0.0,0.0,0.0
5987,0.0,0.0,0.0
5988,0.0,0.0,0.0
5989,0.0,0.0,0.0
5990,0.0,0.0,0.0
5991,0.0,0.0,0.0
5992,0.0,0.0,0.0
5993,0.0,0.0,0.0
5994,0.0,0.0,0.0
5995,0.0,0.0,0.0
5996,0.0,0.0,0.0
5997,0.0,0.0,0.0
5998,0.0,0.0,0.0
5999,0.0,0.0,0.0
6000,0.0,0.0,0.0
6001,0.0,0.0,0.0
6002,0.0,0.0,0.0
6003,0.0,0.0,0.0
6004,0.0,0.0,0.0
6005,0.0,0.0,0.0
6006,0.0,0.0,0.0
6007,0.0,0.0,0.0
6008,0.0,0.0,0.0
6009,0.0,0.0,0.0
6010,0.0,0.0,0.0
6011,0.0,0.0,0.0
6012,0.0,0.0,0.0
6013,0.0,0.0,0.0
6014,0.0,0.0,0.0
6015,0.0,0.0,0.0
6016,0.0,0.0,0.0
6017,0.0,0.0,0.0
6018,0.0,0.0,0.0
6019,0.0,0.0,0.0
6020,0.0,0.0,0.0
6021,0.0,0.0,0.0
6022,0.0,0.0,0.0
6023,0.0,0.0,0.0
6024,0.0,0.0,0.0
6025,0.0,0.0,0.0
6026,0.0,0.0,0.0
6027,0.0,0.0,0.0
6028,0.0,0.0,0.0
6029,0.0,0.0,0.0
6030,0.0,0.0,0.0
6031,0.0,0.0,0.0
6032,0.0,0.0,0.0
6033,0.0,0.0,0.0
6034,0.0,0.0,0.0
6035,0.0,0.0,0.0
6036,0.0,0.0,0.0
6037,0.0,0.0,0.0
6038,0.0,0.0,0.0
6039,0.0,0.0,0.0
6040,0.0,0.0,0.0
6041,0.0,0.0,0.0
6042,0.0,0.0,0.0
6043,0.0,0.0,0.0
6044,0.0,0.0,0.0
6045,0.0,0.0,0.0
6046,0.0,0.0,0.0
6047,0.0,0.0,0.0
6048,0.0,0.0,0.0
6049,0.0,0.0,0.0
6050,0.0,0.0,0.0
6051,0.0,0.0,0.0
6052,0.0,0.0,0.0
6053,0.0,0.0,0.0
6054,0.0,0.0,0.0
6055,0.0,0.0,0.0
6056,0.0,0.0,0.0
6057,0.0,0.0,0.0
6058,0.0,0.0,0.0
6059,0.0,0.0,0.0
6060,0.0,0.0,0.0
6061,0.0,0.0,0.0
6062,0.0,0.0,0.0
6063,0.0,0.0,0.0
6064,0.0,0.0,0.0
6065,0.0,0.0,0.0
6066,0.0,0.0,0.0
6067,0.0,0.0,0.0
6068,0.0,0.0,0.0
6069,0.0,0.0,0.0
6070,0.0,0.0,0.0
6071,0.0,0.0,0.0
6072,0.0,0.0,0.0
6073,0.0,0.0,0.0
6074,0.0,0.0,0.0
6075,0.0,0.0,0.0
6076,0.0,0.0,0.0
6077,0.0,0.0,0.0
6078,0.0,0.0,0.0
6079,0.0,0.0,0.0
6080,0.0,0.0,0.0
6081,0.0,0.0,0.0
6082,0.0,0.0,0.0
6083,0.0,0.0,0.0
6084,0.0,0.0,0.0
6085,0.0,0.0,0.0
6086,0.0,0.0,0.0
6087,0.0,0.0,0.0
6088,0.0,0.0,0.0
6089,0.0,0.0,0.0
6090,0.0,0.0,0.0
6091,0.0,0.0,0.0
6092,0.0,0.0,0.0
6093,0.0,0.0,0.0
6094,0.0,0.0,0.0
6095,0.0,0.0,0.0
6096,0.0,0.0,0.0
6097,0.0,0.0,0.0
6098,0.0,0.0,0.0
6099,0.0,0.0,0.0
6100,0.0,0.0,0.0
6101,0.0,0.0,0.0
6102,0.0,0.0,0.0
6103,0.0,0.0,0.0
6104,0.0,0.0,0.0
6105,0.0,0.0,0.0
6106,0.0,0.0,0.0
6107,0.0,0.0,0.0
6108,0.0,0.0,0.0
6109,0.0,0.0,0.0
6110,0.0,0.0,0.0
6111,0.0,0.0,0.0
6112,0.0,0.0,0.0
6113,0.0,0.0,0.0
6114,0.0,0.0,0.0
6115,0.0,0.0,0.0
6116,0.0,0.0,0.0
6117,0.0,0.0,0.0
6118,0.0,0.0,0.0
6119,0.0,0.0,0.0
6120,0.0,0.0,0.0
6121,0.0,0.0,0.0
6122,0.0,0.0,0.0
6123,0.0,0.0,0.0
6124,0.0,0.0,0.0
6125,0.0,0.0,0.0
6126,0.0,0.0,0.0
6127,0.0,0.0,0.0
6128,0.0,0.0,0.0
6129,0.0,0.0,0.0
6130,0.0,0.0,0.0
6131,0.0,0.0,0.0
6132,0.0,0.0,0.0
6133,0.0,0.0,0.0
6134,0.0,0.0,0.0
6135,0.0,0.0,0.0
6136,0.0,0.0,0.0
6137,0.0,0.0,0.0
6138,0.0,0.0,0.0
6139,0.0,0.0,0.0
6140,0.0,0.0,0.0
6141,0.0,0.0,0.0
6142,0.0,0.0,0.0
6143,0.0,0.0,0.0
6144,0.0,0.0,0.0
6145,0.0,0.0,0.0
6146,0.0,0.0,0.0
6147,0.0,0.0,0.0
6148,0.0,0.0,0.0
6149,0.0,0.0,0.0
6150,0.0,0.0,0.0
6151,0.0,0.0,0.0
6152,0.0,0.0,0.0
6153,0.0,0.0,0.0
6154,0.0,0.0,0.0
6155,0.0,0.0,0.0
6156,0.0,0.0,0.0
6157,0.0,0.0,0.0
6158,0.0,0.0,0.0
6159,0.0,0.0,0.0
6160,0.0,0.0,0.0
6161,0.0,0.0,0.0
6162,0.0,0.0,0.0
6163,0.0,0.0,0.0
6164,0.0,0.0,0.0
6165,0.0,0.0,0.0
6166,0.0,0.0,0.0
6167,0.0,0.0,0.0
6168,0.0,0.0,0.0
6169,0.0,0.0,0.0
6170,0.0,0.0,0.0
6171,0.0,0.0,0.0
6172,0.0,0.0,0.0
6173,0.0,0.0,0.0
6174,0.0,0.0,0.0
6175,0.0,0.0,0.0
6176,0.0,0.0,0.0
6177,0.0,0.0,0.0
6178,0.0,0.0,0.0
6179,0.0,0.0,0.0
6180,0.0,0.0,0.0
6181,0.0,0.0,0.0
6182,0.0,0.0,0.0
6183,0.0,0.0,0.0
6184,0.0,0.0,0.0
6185,0.0,0.0,0.0
6186,0.0,0.0,0.0
6187,0.0,0.0,0.0
6188,0.0,0.0,0.0
6189,0.0,0.0,0.0
6190,0.0,0.0,0.0
6191,0.0,0.0,0.0
6192,0.0,0.0,0.0
6193,0.0,0.0,0.0
6194,0.0,0.0,0.0
6195,0.0,0.0,0.0
6196,0.0,0.0,0.0
6197,0.0,0.0,0.0
6198,0.0,0.0,0.0
6199,0.0,0.0,0.0
6200,0.0,0.0,0.0
6201,0.0,0.0,0.0
6202,0.0,0.0,0.0
6203,0.0,0.0,0.0
6204,0.0,0.0,0.0
6205,0.0,0.0,0.0
6206,0.0,0.0,0.0
6207,0.0,0.0,0.0
6208,0.0,0.0,0.0
6209,0.0,0.0,0.0
6210,0.0,0.0,0.0
6211,0.0,0.0,0.0
6212,0.0,0.0,0.0
6213,0.0,0.0,0.0
6214,0.0,0.0,0.0
6215,0.0,0.0,0.0
6216,0.0,0.0,0.0
6217,0.0,0.0,0.0
6218,0.0,0.0,0.0
6219,0.0,0.0,0.0
6220,0.0,0.0,0.0
6221,0.0,0.0,0.0
6222,0.0,0.0,0.0
6223,0.0,0.0,0.0
6224,0.0,0.0,0.0
6225,0.0,0.0,0.0
6226,0.0,0.0,0.0
6227,0.0,0.0,0.0
6228,0.0,0.0,0.0
6229,0.0,0.0,0.0
6230,0.0,0.0,0.0
6231,0.0,0.0,0.0
6232,0.0,0.0,0.0
6233,0.0,0.0,0.0
6234,0.0,0.0,0.0
6235,0.0,0.0,0.0
6236,0.0,0.0,0.0
6237,0.0,0.0,0.0
6238,0.0,0.0,0.0
6239,0.0,0.0,0.0
6240,0.0,0.0,0.0
6241,0.0,0.0,0.0
6242,0.0,0.0,0.0
6243,0.0,0.0,0.0
6244,0.0,0.0,0.0
6245,0.0,0.0,0.0
6246,0.0,0.0,0.0
6247,0.0,0.0,0.0
6248,0.0,0.0,0.0
6249,0.0,0.0,0.0
6250,0.0,0.0,0.0
6251,0.0,0.0,0.0
6252,0.0,0.0,0.0
6253,0.0,0.0,0.0
6254,0.0,0.0,0.0
6255,0.0,0.0,0.0
6256,0.0,0.0,0.0
6257,0.0,0.0,0.0
6258,0.0,0.0,0.0
6259,0.0,0.0,0.0
6260,0.0,0.0,0.0
6261,0.0,0.0,0.0
6262,0.0,0.0,0.0
6263,0.0,0.0,0.0
6264,0.0,0.0,0.0
6265,0.0,0.0,0.0
6266,0.0,0.0,0.0
6267,0.0,0.0,0.0
6268,0.0,0.0,0.0
6269,0.0,0.0,0.0
6270,0.0,0.0,0.0
6271,0.0,0.0,0.0
6272,0.0,0.0,0.0
6273,0.0,0.0,0.0
6274,0.0,0.0,0.0
6275,0.0,0.0,0.0
6276,0.0,0.0,0.0
6277,0.0,0.0,0.0
6278,0.0,0.0,0.0
6279,0.0,0.0,0.0
6280,0.0,0.0,0.0
6281,0.0,0.0,0.0
6282,0.0,0.0,0.0
6283,0.0,0.0,0.0
6284,0.0,0.0,0.0
6285,0.0,0.0,0.0
6286,0.0,0.0,0.0
6287,0.0,0.0,0.0
6288,0.0,0.0,0.0
6289,0.0,0.0,0.0
6290,0.0,0.0,0.0
6291,0.0,0.0,0.0
6292,0.0,0.0,0.0
6293,0.0,0.0,0.0
6294,0.0,0.0,0.0
6295,0.0,0.0,0.0
6296,0.0,0.0,0.0
6297,0.0,0.0,0.0
6298,0.0,0.0,0.0
6299,0.0,0.0,0.0
6300,0.0,0.0,0.0
6301,0.0,0.0,0.0
6302,0.0,0.0,0.0
6303,0.0,0.0,0.0
6304,0.0,0.0,0.0
6305,0.0,0.0,0.0
6306,0.0,0.0,0.0
6307,0.0,0.0,0.0
6308,0.0,0.0,0.0
6309,0.0,0.0,0.0
6310,0.0,0.0,0.0
6311,0.0,0.0,0.0
6312,0.0,0.0,0.0
6313,0.0,0.0,0.0
6314,0.0,0.0,0.0
6315,0.0,0.0,0.0
6316,0.0,0.0,0.0
6317,0.0,0.0,0.0
6318,0.0,0.0,0.0
6319,0.0,0.0,0.0
6320,0.0,0.0,0.0
6321,0.0,0.0,0.0
6322,0.0,0.0,0.0
6323,0.0,0.0,0.0
6324,0.0,0.0,0.0
6325,0.0,0.0,0.0
6326,0.0,0.0,0.0
6327,0.0,0.0,0.0
6328,0.0,0.0,0.0
6329,0.0,0.0,0.0
6330,0.0,0.0,0.0
6331,0.0,0.0,0.0
6332,0.0,0.0,0.0
6333,0.0,0.0,0.0
6334,0.0,0.0,0.0
6335,0.0,0.0,0.0
6336,0.0,0.0,0.0
6337,0.0,0.0,0.0
6338,0.0,0.0,0.0
6339,0.0,0.0,0.0
6340,0.0,0.0,0.0
6341,0.0,0.0,0.0
6342,0.0,0.0,0.0
6343,0.0,0.0,0.0
6344,0.0,0.0,0.0
6345,0.0,0.0,0.0
6346,0.0,0.0,0.0
6347,0.0,0.0,0.0
6348,0.0,0.0,0.0
6349,0.0,0.0,0.0
6350,0.0,0.0,0.0
6351,0.0,0.0,0.0
6352,0.0,0.0,0.0
6353,0.0,0.0,0.0
6354,0.0,0.0,0.0
6355,0.0,0.0,0.0
6356,0.0,0.0,0.0
6357,0.0,0.0,0.0
6358,0.0,0.0,0.0
6359,0.0,0.0,0.0
6360,0.0,0.0,0.0
6361,0.0,0.0,0.0
6362,0.0,0.0,0.0
6363,0.0,0.0,0.0
6364,0.0,0.0,0.0
6365,0.0,0.0,0.0
6366,0.0,0.0,0.0
6367,0.0,0.0,0.0
6368,0.0,0.0,0.0
6369,0.0,0.0,0.0
6370,0.0,0.0,0.0
6371,0.0,0.0,0.0
6372,0.0,0.0,0.0
6373,0.0,0.0,0.0
6374,0.0,0.0,0.0
6375,0.0,0.0,0.0
6376,0.0,0.0,0.0
6377,0.0,0.0,0.0
6378,0.0,0.0,0.0
6379,0.0,0.0,0.0
6380,0.0,0.0,0.0
6381,0.0,0.0,0.0
6382,0.0,0.0,0.0
6383,0.0,0.0,0.0
6384,0.0,0.0,0.0
6385,0.0,0.0,0.0
6386,0.0,0.0,0.0
6387,0.0,0.0,0.0
6388,0.0,0.0,0.0
6389,0.0,0.0,0.0
6390,0.0,0.0,0.0
6391,0.0,0.0,0.0
6392,0.0,0.0,0.0
6393,0.0,0.0,0.0
6394,0.0,0.0,0.0
6395,0.0,0.0,0.0
6396,0.0,0.0,0.0
6397,0.0,0.0,0.0
6398,0.0,0.0,0.0
6399,0.0,0.0,0.0
6400,0.0,0.0,0.0
6401,0.0,0.0,0.0
6402,0.0,0.0,0.0
6403,0.0,0.0,0.0
6404,0.0,0.0,0.0
6405,0.0,0.0,0.0
6406,0.0,0.0,0.0
6407,0.0,0.0,0.0
6408,0.0,0.0,0.0
6409,0.0,0.0,0.0
6410,0.0,0.0,0.0
6411,0.0,0.0,0.0
6412,0.0,0.0,0.0
6413,0.0,0.0,0.0
6414,0.0,0.0,0.0
6415,0.0,0.0,0.0
6416,0.0,0.0,0.0
6417,0.0,0.0,0.0
6418,0.0,0.0,0.0
6419,0.0,0.0,0.0
6420,0.0,0.0,0.0
6421,0.0,0.0,0.0
6422,0.0,0.0,0.0
6423,0.0,0.0,0.0
6424,0.0,0.0,0.0
6425,0.0,0.0,0.0
6426,0.0,0.0,0.0
6427,0.0,0.0,0.0
6428,0.0,0.0,0.0
6429,0.0,0.0,0.0
6430,0.0,0.0,0.0
6431,0.0,0.0,0.0
6432,0.0,0.0,0.0
6433,0.0,0.0,0.0
6434,0.0,0.0,0.0
6435,0.0,0.0,0.0
6436,0.0,0.0,0.0
6437,0.0,0.0,0.0
6438,0.0,0.0,0.0
6439,0.0,0.0,0.0
6440,0.0,0.0,0.0
6441,0.0,0.0,0.0
6442,0.0,0.0,0.0
6443,0.0,0.0,0.0
6444,0.0,0.0,0.0
6445,0.0,0.0,0.0
6446,0.0,0.0,0.0
6447,0.0,0.0,0.0
6448,0.0,0.0,0.0
6449,0.0,0.0,0.0
6450,0.0,0.0,0.0
6451,0.0,0.0,0.0
6452,0.0,0.0,0.0
6453,0.0,0.0,0.0
6454,0.0,0.0,0.0
6455,0.0,0.0,0.0
6456,0.0,0.0,0.0
6457,0.0,0.0,0.0
6458,0.0,0.0,0.0
6459,0.0,0.0,0.0
6460,0.0,0.0,0.0
6461,0.0,0.0,0.0
6462,0.0,0.0,0.0
6463,0.0,0.0,0.0
6464,0.0,0.0,0.0
6465,0.0,0.0,0.0
6466,0.0,0.0,0.0
6467,0.0,0.0,0.0
6468,0.0,0.0,0.0
6469,0.0,0.0,0.0
6470,0.0,0.0,0.0
6471,0.0,0.0,0.0
6472,0.0,0.0,0.0
6473,0.0,0.0,0.0
6474,0.0,0.0,0.0
6475,0.0,0.0,0.0
6476,0.0,0.0,0.0
6477,0.0,0.0,0.0
6478,0.0,0.0,0.0
6479,0.0,0.0,0.0
6480,0.0,0.0,0.0
6481,0.0,0.0,0.0
6482,0.0,0.0,0.0
6483,0.0,0.0,0.0
6484,0.0,0.0,0.0
6485,0.0,0.0,0.0
6486,0.0,0.0,0.0
6487,0.0,0.0,0.0
6488,0.0,0.0,0.0
6489,0.0,0.0,0.0
6490,0.0,0.0,0.0
6491,0.0,0.0,0.0
6492,0.0,0.0,0.0
6493,0.0,0.0,0.0
6494,0.0,0.0,0.0
6495,0.0,0.0,0.0
6496,0.0,0.0,0.0
6497,0.0,0.0,0.0
6498,0.0,0.0,0.0
6499,0.0,0.0,0.0
6500,0.0,0.0,0.0
6501,0.0,0.0,0.0
6502,0.0,0.0,0.0
6503,0.0,0.0,0.0
6504,0.0,0.0,0.0
6505,0.0,0.0,0.0
6506,0.0,0.0,0.0
6507,0.0,0.0,0.0
6508,0.0,0.0,0.0
6509,0.0,0.0,0.0
6510,0.0,0.0,0.0
6511,0.0,0.0,0.0
6512,0.0,0.0,0.0
6513,0.0,0.0,0.0
6514,0.0,0.0,0.0
6515,0.0,0.0,0.0
6516,0.0,0.0,0.0
6517,0.0,0.0,0.0
6518,0.0,0.0,0.0
6519,0.0,0.0,0.0
6520,0.0,0.0,0.0
6521,0.0,0.0,0.0
6522,0.0,0.0,0.0
6523,0.0,0.0,0.0
6524,0.0,0.0,0.0
6525,0.0,0.0,0.0
6526,0.0,0.0,0.0
6527,0.0,0.0,0.0
6528,0.0,0.0,0.0
6529,0.0,0.0,0.0
6530,0.0,0.0,0.0
6531,0.0,0.0,0.0
6532,0.0,0.0,0.0
6533,0.0,0.0,0.0
6534,0.0,0.0,0.0
6535,0.0,0.0,0.0
6536,0.0,0.0,0.0
6537,0.0,0.0,0.0
6538,0.0,0.0,0.0
6539,0.0,0.0,0.0
6540,0.0,0.0,0.0
6541,0.0,0.0,0.0
6542,0.0,0.0,0.0
6543,0.0,0.0,0.0
6544,0.0,0.0,0.0
6545,0.0,0.0,0.0
6546,0.0,0.0,0.0
6547,0.0,0.0,0.0
6548,0.0,0.0,0.0
6549,0.0,0.0,0.0
6550,0.0,0.0,0.0
6551,0.0,0.0,0.0
6552,0.0,0.0,0.0
6553,0.0,0.0,0.0
6554,0.0,0.0,0.0
6555,0.0,0.0,0.0
6556,0.0,0.0,0.0
6557,0.0,0.0,0.0
6558,0.0285894633311225,0.0,0.0285894633311225
6559,0.2702000007385702,0.0,0.2702000007385702
6560,0.2577802981011313,0.0,0.2577802981011313
6561,0.0,0.0,0.0
6562,0.0,0.0,0.0
6563,0.0,0.0,0.0
6564,0.0,0.0,0.0
6565,0.0,0.0,0.0
6566,0.0,0.0,0.0
6567,0.0,0.0,0.0
6568,0.0,0.0,0.0
6569,0.0,0.0,0.0
6570,0.0,0.0,0.0
6571,0.0,0.0,0.0
6572,0.0,0.0,0.0
6573,0.0,0.0,0.0
6574,0.0,0.0,0.0
6575,0.0,0.0,0.0
6576,0.0,0.0,0.0
6577,0.0,37.50000000000004,-37.50000000000004
6578,0.0,43.100000000000065,-43.100000000000065
6579,0.0,43.500000000000064,-43.500000000000064
6580,0.0,44.300000000000075,-44.300000000000075
6581,0.0,50.500000000000064,-50.500000000000064
6582,0.0,56.099999999999994,-56.099999999999994
6583,0.0,57.39999999999999,-57.39999999999999
6584,0.0,60.09999999999998,-60.09999999999998
6585,0.0,60.499999999999986,-60.499999999999986
6586,0.0,56.099999999999994,-56.099999999999994
6587,0.0,54.40000000000001,-54.40000000000001
6588,0.0,53.60000000000003,-53.60000000000003
6589,0.0,50.20000000000007,-50.20000000000007
6590,0.0,52.100000000000044,-52.100000000000044
6591,0.0,46.40000000000008,-46.40000000000008
6592,0.0,49.10000000000007,-49.10000000000007
6593,0.0,53.300000000000026,-53.300000000000026
6594,0.0,69.89999999999995,-69.89999999999995
6595,0.0,79.49999999999997,-79.49999999999997
6596,0.0,84.69999999999999,-84.69999999999999
6597,0.0,93.30000000000003,-93.30000000000003
6598,0.0,103.1,-103.1
6599,0.0,108.30000000000003,-108.30000000000003
6600,0.0,113.39999999999999,-113.39999999999999
6601,0.0743830197141448,116.80000000000004,-116.72561698028589
6602,0.6105296543350454,121.4,-120.78947034566497
6603,1.0728212532120824,122.39999999999996,-121.32717874678788
6604,1.6960241710827857,122.79999999999995,-121.10397582891717
6605,3.0838616340980285,121.5,-118.41613836590197
6606,9.30010734760279,126.19999999999996,-116.89989265239717
6607,27.23389488078885,130.29999999999998,-103.06610511921113
6608,53.89410879311945,135.00000000000003,-81.10589120688059
6609,60.81310688778858,130.2,-69.38689311221141
6610,18.262002811487932,120.00000000000003,-101.7379971885121
6611,0.0,113.89999999999999,-113.89999999999999
6612,0.0,100.29999999999998,-100.29999999999998
6613,0.0,98.80000000000003,-98.80000000000003
6614,0.0,99.30000000000003,-99.30000000000003
6615,0.0,99.8,-99.8
6616,0.0,103.40000000000002,-103.40000000000002
6617,0.0,108.80000000000003,-108.80000000000003
6618,0.0,113.3,-113.3
6619,0.0,119.20000000000003,-119.20000000000003
6620,0.0,127.89999999999999,-127.89999999999999
6621,0.4849332238103645,136.2,-135.71506677618962
6622,17.658964894680473,145.60000000000005,-127.94103510531957
6623,80.33565599083829,142.00000000000003,-61.66434400916174
6624,188.27113887797216,146.00000000000006,42.271138877972106
6625,286.2535822614446,146.50000000000006,139.75358226144454
6626,364.5209176448279,148.20000000000005,216.32091764482783
6627,421.93320427510594,149.10000000000002,272.8332042751059
6628,451.807621018379,146.30000000000007,305.5076210183789
6629,485.659137055492,148.20000000000005,337.45913705549196
6630,507.4774882743645,147.90000000000006,359.57748827436444
6631,534.4165307860595,149.50000000000003,384.9165307860595
6632,494.6976167736352,143.5,351.1976167736352
6633,437.15918688727845,144.00000000000003,293.15918688727845
6634,273.30267924429086,138.09999999999997,135.2026792442909
6635,67.03307170697093,128.2,-61.16692829302906
6636,0.0601463473712607,116.00000000000003,-115.93985365262877
6637,0.0,105.89999999999999,-105.89999999999999
6638,0.0,98.20000000000003,-98.20000000000003
6639,0.0,93.70000000000002,-93.70000000000002
6640,0.0,93.90000000000002,-93.90000000000002
6641,0.0,101.89999999999998,-101.89999999999998
6642,0.0,114.40000000000002,-114.40000000000002
6643,0.0,125.49999999999996,-125.49999999999996
6644,0.1829293958514342,135.60000000000002,-135.4170706041486
6645,21.41765705006142,140.10000000000005,-118.68234294993863
6646,107.01807519527284,140.50000000000003,-33.481924804727186
6647,245.19608567900752,144.90000000000003,100.29608567900749
6648,338.3837337509033,145.30000000000004,193.08373375090324
6649,424.17521789374007,150.50000000000003,273.67521789374007
6650,475.2213001834637,151.00000000000003,324.22130018346365
6651,516.1191849289978,152.6,363.5191849289978
6652,538.4890791069607,151.7,386.78907910696074
6653,552.3655615566203,150.30000000000004,402.0655615566202
6654,566.8977956515795,151.4,415.4977956515795
6655,548.1818639858365,144.40000000000003,403.7818639858364
6656,502.5358240344148,139.20000000000002,363.3358240344148
6657,379.2950329498544,133.30000000000004,245.99503294985433
6658,152.58450475220044,115.50000000000001,37.08450475220043
6659,3.338863455142636,101.79999999999998,-98.46113654485735
6660,0.0,89.50000000000003,-89.50000000000003
6661,0.0,84.49999999999999,-84.49999999999999
6662,0.0,72.29999999999997,-72.29999999999997
6663,0.0,68.99999999999994,-68.99999999999994
6664,0.0,69.49999999999996,-69.49999999999996
6665,0.0,75.09999999999997,-75.09999999999997
6666,0.0,89.80000000000001,-89.80000000000001
6667,0.0,105.49999999999999,-105.49999999999999
6668,0.0,115.60000000000001,-115.60000000000001
6669,0.0,130.2,-130.2
6670,0.0,130.2,-130.2
6671,0.0,135.40000000000003,-135.40000000000003
6672,4.686940887386927,143.70000000000002,-139.0130591126131
6673,40.12090268477774,142.8,-102.67909731522226
6674,137.4449698200477,143.5,-6.055030179952297
6675,249.42027772767676,142.3,107.12027772767675
6676,345.59037830206927,145.10000000000002,200.49037830206925
6677,431.90870148955247,151.5,280.40870148955247
6678,485.1278145121893,152.7,332.4278145121893
6679,526.9115057149058,154.39999999999995,372.51150571490587
6680,494.7897145895511,145.60000000000005,349.18971458955104
6681,406.98137719725554,141.60000000000005,265.38137719725546
6682,261.44093607874265,134.40000000000003,127.04093607874262
6683,71.64735653182117,121.00000000000001,-49.35264346817884
6684,0.0,106.39999999999999,-106.39999999999999
6685,0.0,90.70000000000002,-90.70000000000002
6686,0.0,80.49999999999997,-80.49999999999997
6687,0.0,75.09999999999997,-75.09999999999997
6688,0.0,79.49999999999997,-79.49999999999997
6689,0.0,76.29999999999995,-76.29999999999995
6690,0.0,87.7,-87.7
6691,0.0,97.80000000000003,-97.80000000000003
6692,0.0,104.2,-104.2
6693,0.0,108.90000000000003,-108.90000000000003
6694,0.0,101.79999999999998,-101.79999999999998
6695,0.0,111.6,-111.6
6696,0.3413918167870522,116.60000000000002,-116.25860818321297
6697,6.074023871698087,117.90000000000005,-111.82597612830196
6698,44.92288311745506,122.19999999999997,-77.27711688254492
6699,129.49888167703278,123.29999999999995,6.19888167703283
6700,227.7284747700797,126.39999999999998,101.32847477007974
6701,305.2532646311779,130.2,175.0532646311779
6702,371.9383741341468,134.40000000000003,237.53837413414675
6703,401.1972262716623,132.3,268.8972262716623
6704,403.29900722033193,131.3,271.9990072203319
6705,313.674806512821,128.99999999999997,184.67480651282105
6706,131.59739369147647,117.60000000000004,13.997393691476432
6707,5.123401711184835,108.90000000000003,-103.7765982888152
6708,0.0,100.89999999999999,-100.89999999999999
6709,0.0,98.10000000000004,-98.10000000000004
6710,0.0,91.60000000000002,-91.60000000000002
6711,0.0,93.30000000000003,-93.30000000000003
6712,0.0,93.30000000000003,-93.30000000000003
6713,0.0,99.50000000000001,-99.50000000000001
6714,0.0,113.89999999999999,-113.89999999999999
6715,0.0,126.39999999999998,-126.39999999999998
6716,0.0,136.89999999999998,-136.89999999999998
6717,0.828202125597999,136.49999999999997,-135.67179787440196
6718,41.366641357311714,146.20000000000007,-104.83335864268835
6719,175.05414968874808,153.1,21.95414968874809
6720,315.3312160501696,156.69999999999993,158.63121605016966
6721,416.4054707319565,157.79999999999993,258.60547073195653
6722,480.92155555458464,157.79999999999993,323.1215555545847
6723,527.600392061675,157.59999999999994,370.00039206167514
6724,559.2779052395239,157.1999999999999,402.07790523952394
6725,592.6033001290482,158.8999999999999,433.70330012904833
6726,633.8017271782717,165.49999999999997,468.3017271782717
6727,653.4184957186637,167.39999999999995,486.01849571866376
6728,653.4283763052982,167.89999999999995,485.52837630529825
6729,580.5762035481747,158.19999999999987,422.37620354817483
6730,376.8020991814354,143.00000000000003,233.80209918143535
6731,160.2272163543119,132.70000000000002,27.52721635431189
6732,11.028709086192707,123.09999999999995,-112.07129091380725
6733,0.0,112.60000000000001,-112.60000000000001
6734,0.0,103.40000000000002,-103.40000000000002
6735,0.0,95.00000000000004,-95.00000000000004
6736,0.0,101.19999999999999,-101.19999999999999
6737,0.0,100.6,-100.6
6738,0.0,106.8,-106.8
6739,0.0,116.80000000000004,-116.80000000000004
6740,0.0,122.79999999999995,-122.79999999999995
6741,0.0322006474050285,126.39999999999998,-126.36779935259494
6742,9.768069377526272,128.1,-118.33193062247372
6743,62.02576344779438,131.40000000000003,-69.37423655220564
6744,164.8454509566507,131.50000000000003,33.345450956650666
6745,258.3682881542477,132.00000000000003,126.36828815424767
6746,328.41478642870635,132.70000000000002,195.71478642870633
6747,364.0855288949692,130.5,233.58552889496917
6748,399.85554935816,130.9,268.95554935815994
6749,419.5539050740058,130.2,289.3539050740058
6750,436.5261976135354,130.29999999999998,306.2261976135354
6751,461.03100231425424,133.10000000000002,327.9310023142542
6752,468.07617269817865,135.9,332.1761726981787
6753,364.07113528300096,128.99999999999997,235.07113528300098
6754,206.8705724043189,119.80000000000001,87.07057240431888
6755,13.5794976938379,104.6,-91.02050230616209
6756,0.0,95.10000000000004,-95.10000000000004
6757,0.0,84.09999999999997,-84.09999999999997
6758,0.0,77.99999999999996,-77.99999999999996
6759,0.0,71.89999999999998,-71.89999999999998
6760,0.0,69.89999999999995,-69.89999999999995
6761,0.0,73.29999999999997,-73.29999999999997
6762,0.0,82.69999999999996,-82.69999999999996
6763,0.0,93.80000000000003,-93.80000000000003
6764,0.0,94.90000000000003,-94.90000000000003
6765,0.0,100.89999999999999,-100.89999999999999
6766,0.0,105.99999999999999,-105.99999999999999
6767,0.0,113.39999999999999,-113.39999999999999
6768,1.821094094244352,121.00000000000001,-119.17890590575566
6769,25.910980321400743,125.49999999999996,-99.58901967859921
6770,125.18858010195623,131.50000000000003,-6.311419898043795
6771,239.6025361628862,134.90000000000003,104.70253616288616
6772,329.47074502587463,138.79999999999998,190.67074502587465
6773,407.2661394823249,144.00000000000003,263.2661394823249
6774,473.63995713351466,149.50000000000003,324.1399571335146
6775,512.8368515080921,151.20000000000002,361.63685150809204
6776,509.5003479972493,149.00000000000003,360.50034799724926
6777,413.916860063236,141.50000000000003,272.41686006323596
6778,248.77188604739197,129.39999999999998,119.371886047392
6779,41.312410757686685,113.89999999999999,-72.5875892423133
6780,0.0,102.69999999999999,-102.69999999999999
6781,0.0,93.70000000000002,-93.70000000000002
6782,0.0,81.49999999999997,-81.49999999999997
6783,0.0,75.09999999999997,-75.09999999999997
6784,0.0,78.49999999999996,-78.49999999999996
6785,0.0,89.80000000000001,-89.80000000000001
6786,0.0,94.70000000000003,-94.70000000000003
6787,0.0,113.49999999999999,-113.49999999999999
6788,0.0,114.60000000000001,-114.60000000000001
6789,0.0,120.20000000000002,-120.20000000000002
6790,0.0,125.59999999999997,-125.59999999999997
6791,2.535240220739127,128.0,-125.46475977926087
6792,30.37050916811935,129.79999999999998,-99.42949083188063
6793,118.99026819039588,131.60000000000002,-12.609731809604142
6794,224.19151967025329,132.4,91.79151967025328
6795,283.547895395844,128.79999999999998,154.74789539584404
6796,334.39955033383154,128.5,205.89955033383154
6797,368.1539089833565,128.0,240.15390898335647
6798,378.0024444592952,124.29999999999994,253.70244445929524
6799,417.50514388088345,129.19999999999996,288.3051438808835
6800,420.2814940394437,128.89999999999998,291.38149403944374
6801,368.3685660077966,123.39999999999995,244.96856600779662
6802,223.71557298483324,108.30000000000003,115.41557298483322
6803,65.00730457214908,100.89999999999999,-35.89269542785091
6804,0.0,90.20000000000002,-90.20000000000002
6805,0.0,84.19999999999997,-84.19999999999997
6806,0.0,79.49999999999997,-79.49999999999997
6807,0.0,75.49999999999996,-75.49999999999996
6808,0.0,69.79999999999995,-69.79999999999995
6809,0.0,72.69999999999997,-72.69999999999997
6810,0.0,79.49999999999997,-79.49999999999997
6811,0.0,91.00000000000003,-91.00000000000003
6812,0.0,93.80000000000003,-93.80000000000003
6813,0.0,95.10000000000004,-95.10000000000004
6814,0.0,96.60000000000005,-96.60000000000005
6815,0.4948079287263184,102.69999999999999,-102.20519207127367
6816,5.270304879624178,103.80000000000001,-98.52969512037583
6817,39.56007174784829,105.49999999999999,-65.9399282521517
6818,109.05991465322572,106.89999999999999,2.1599146532257265
6819,175.16408619836213,108.20000000000002,66.96408619836211
6820,236.415607858084,112.60000000000001,123.815607858084
6821,248.97467397973023,105.89999999999999,143.07467397973022
6822,269.9024983260191,105.59999999999998,164.30249832601913
6823,285.64247177959186,105.59999999999998,180.0424717795919
6824,295.5002059900619,108.10000000000002,187.40020599006186
6825,253.46977639386637,107.90000000000002,145.56977639386633
6826,120.5057573380501,103.9,16.605757338050097
6827,42.680220858682034,95.10000000000004,-52.419779141318
6828,0.0,83.09999999999997,-83.09999999999997
6829,0.0,77.79999999999995,-77.79999999999995
6830,0.0,77.09999999999995,-77.09999999999995
6831,0.0,64.99999999999994,-64.99999999999994
6832,0.0,68.09999999999997,-68.09999999999997
6833,0.0,69.49999999999996,-69.49999999999996
6834,0.0,67.59999999999997,-67.59999999999997
6835,0.0,69.89999999999995,-69.89999999999995
6836,0.0,69.89999999999995,-69.89999999999995
6837,0.0,77.09999999999995,-77.09999999999995
6838,0.1090206240317868,80.79999999999995,-80.69097937596817
6839,0.5746671139620115,80.79999999999995,-80.22533288603795
6840,2.561673872440976,84.69999999999999,-82.13832612755901
6841,17.201898840456302,89.60000000000002,-72.39810115954373
6842,40.79762215017501,84.99999999999999,-44.20237784982498
6843,86.97854844626731,89.20000000000002,-2.221451553732706
6844,128.99233052971405,91.20000000000003,37.79233052971402
6845,154.14970200683717,90.00000000000003,64.14970200683715
6846,155.9724882931353,84.69999999999999,71.27248829313532
6847,154.894552034878,81.89999999999995,72.99455203487804
6848,163.20136969994533,82.99999999999996,80.20136969994537
6849,110.17880632611474,71.99999999999997,38.17880632611477
6850,7.644906395611375,65.69999999999996,-58.05509360438859
6851,0.0,56.39999999999999,-56.39999999999999
6852,0.0,47.00000000000008,-47.00000000000008
6853,0.0,43.60000000000006,-43.60000000000006
6854,0.0,41.600000000000044,-41.600000000000044
6855,0.0,42.90000000000006,-42.90000000000006
6856,0.0,43.20000000000006,-43.20000000000006
6857,0.0,40.400000000000055,-40.400000000000055
6858,0.0,40.00000000000005,-40.00000000000005
6859,0.0,38.40000000000004,-38.40000000000004
6860,0.0,42.00000000000005,-42.00000000000005
6861,0.0,39.70000000000004,-39.70000000000004
6862,0.0,38.80000000000004,-38.80000000000004
6863,0.0,38.20000000000004,-38.20000000000004
6864,0.0,36.10000000000004,-36.10000000000004
6865,0.0,0.0,0.0
6866,0.0,0.0,0.0
6867,0.0,0.0,0.0
6868,0.0,0.0,0.0
6869,0.0,0.0,0.0
6870,0.0,0.0,0.0
6871,0.0,0.0,0.0
6872,0.0,0.0,0.0
6873,0.0,0.0,0.0
6874,0.0,0.0,0.0
6875,0.0,0.0,0.0
6876,0.0,0.0,0.0
6877,0.0,0.0,0.0
6878,0.0,0.0,0.0
6879,0.0,0.0,0.0
6880,0.0,0.0,0.0
6881,0.0,0.0,0.0
6882,0.0,0.0,0.0
6883,0.0,0.0,0.0
6884,0.0,0.0,0.0
6885,0.0,0.0,0.0
6886,0.0,0.0,0.0
6887,0.0,0.0,0.0
6888,0.0,0.0,0.0
6889,0.0,67.19999999999996,-67.19999999999996
6890,0.0,65.69999999999996,-65.69999999999996
6891,0.0,67.59999999999997,-67.59999999999997
6892,0.0,73.29999999999997,-73.29999999999997
6893,0.0,80.49999999999997,-80.49999999999997
6894,0.0,77.99999999999996,-77.99999999999996
6895,0.1851605010785447,84.49999999999999,-84.31483949892144
6896,0.310273689255944,75.09999999999997,-74.78972631074402
6897,0.1126115141638426,68.09999999999997,-67.98738848583612
6898,0.0,58.29999999999998,-58.29999999999998
6899,0.0,48.20000000000008,-48.20000000000008
6900,0.0,33.10000000000003,-33.10000000000003
6901,0.0,25.50000000000004,-25.50000000000004
6902,0.0,16.599999999999973,-16.599999999999973
6903,0.0,8.29999999999999,-8.29999999999999
6904,0.0,9.499999999999984,-9.499999999999984
6905,0.0,21.00000000000001,-21.00000000000001
6906,0.0,28.40000000000004,-28.40000000000004
6907,0.0,39.50000000000004,-39.50000000000004
6908,0.0,52.00000000000005,-52.00000000000005
6909,0.0,54.20000000000001,-54.20000000000001
6910,0.0,66.69999999999996,-66.69999999999996
6911,0.0,72.99999999999996,-72.99999999999996
6912,0.0,80.79999999999995,-80.79999999999995
6913,0.0,77.99999999999996,-77.99999999999996
6914,0.0,81.79999999999995,-81.79999999999995
6915,0.0,84.49999999999999,-84.49999999999999
6916,0.0,88.30000000000003,-88.30000000000003
6917,0.1860393690890699,86.1,-85.91396063091092
6918,0.4357250385492031,84.19999999999997,-83.76427496145077
6919,0.5392760280690153,80.89999999999995,-80.36072397193094
6920,0.5372181667975829,78.09999999999997,-77.56278183320238
6921,0.191563896810957,67.69999999999996,-67.508436103189
6922,0.0,61.49999999999998,-61.49999999999998
6923,0.0,55.4,-55.4
6924,0.0,41.80000000000005,-41.80000000000005
6925,0.0,27.600000000000048,-27.600000000000048
6926,0.0,20.500000000000007,-20.500000000000007
6927,0.0,20.200000000000006,-20.200000000000006
6928,0.0,12.299999999999976,-12.299999999999976
6929,0.0,16.899999999999977,-16.899999999999977
6930,0.0,25.50000000000004,-25.50000000000004
6931,0.0,33.000000000000036,-33.000000000000036
6932,0.0,33.400000000000034,-33.400000000000034
6933,0.0,32.70000000000003,-32.70000000000003
6934,0.0,38.700000000000045,-38.700000000000045
6935,0.0,39.00000000000004,-39.00000000000004
6936,0.0,37.50000000000004,-37.50000000000004
6937,0.0,44.200000000000074,-44.200000000000074
6938,0.0,51.90000000000005,-51.90000000000005
6939,0.0,51.90000000000005,-51.90000000000005
6940,0.0,52.30000000000004,-52.30000000000004
6941,0.0,53.60000000000003,-53.60000000000003
6942,0.0,56.89999999999999,-56.89999999999999
6943,0.0,58.19999999999998,-58.19999999999998
6944,0.0,58.19999999999998,-58.19999999999998
6945,0.0,52.30000000000004,-52.30000000000004
6946,0.0,40.90000000000005,-40.90000000000005
6947,0.0,27.600000000000048,-27.600000000000048
6948,0.0,18.599999999999998,-18.599999999999998
6949,0.0,16.99999999999998,-16.99999999999998
6950,0.0,14.799999999999969,-14.799999999999969
6951,0.0,15.299999999999967,-15.299999999999967
6952,0.0,14.899999999999968,-14.899999999999968
6953,0.0,20.000000000000004,-20.000000000000004
6954,0.0,25.300000000000036,-25.300000000000036
6955,0.0,34.000000000000036,-34.000000000000036
6956,0.0,43.100000000000065,-43.100000000000065
6957,0.0,51.90000000000005,-51.90000000000005
6958,0.0,56.79999999999999,-56.79999999999999
6959,0.0,60.399999999999984,-60.399999999999984
6960,0.0,71.09999999999995,-71.09999999999995
6961,0.0,72.69999999999997,-72.69999999999997
6962,0.0,79.39999999999996,-79.39999999999996
6963,0.0,84.69999999999999,-84.69999999999999
6964,0.0,93.30000000000003,-93.30000000000003
6965,0.1350946254194343,96.80000000000004,-96.6649053745806
6966,0.5258571204562229,101.29999999999998,-100.77414287954376
6967,0.7839038199928003,106.39999999999999,-105.61609618000719
6968,1.084890422560029,104.89999999999999,-103.81510957743997
6969,0.9840929485726768,108.10000000000002,-107.11590705142734
6970,0.3575272632170914,103.40000000000002,-103.04247273678293
6971,0.0,90.30000000000003,-90.30000000000003
6972,0.0,78.39999999999996,-78.39999999999996
6973,0.0,72.69999999999997,-72.69999999999997
6974,0.0,67.59999999999997,-67.59999999999997
6975,0.0,73.39999999999996,-73.39999999999996
6976,0.0,75.29999999999997,-75.29999999999997
6977,0.0,79.09999999999997,-79.09999999999997
6978,0.0,92.20000000000003,-92.20000000000003
6979,0.0,105.69999999999999,-105.69999999999999
6980,0.0,113.79999999999998,-113.79999999999998
6981,0.0,121.00000000000001,-121.00000000000001
6982,0.0,130.8,-130.8
6983,0.7901125671419634,135.9,-135.10988743285805
6984,2.02182368153685,142.5,-140.47817631846314
6985,12.975574622255827,150.30000000000004,-137.3244253777442
6986,50.88398470793136,153.1,-102.21601529206863
6987,136.17324594120112,156.69999999999993,-20.526754058798815
6988,257.2381017616327,159.69999999999987,97.53810176163284
6989,372.93090247557694,165.49999999999997,207.43090247557697
6990,425.37534736859897,158.19999999999987,267.1753473685991
6991,467.0749014675096,155.99999999999994,311.0749014675097
6992,473.4848492504055,148.90000000000003,324.58484925040545
6993,413.3891608837269,141.60000000000005,271.7891608837268
6994,276.8401687213218,132.00000000000003,144.84016872132176
6995,83.93624068606763,119.20000000000003,-35.2637593139324
6996,0.0,100.79999999999998,-100.79999999999998
6997,0.0,96.60000000000005,-96.60000000000005
6998,0.0,83.99999999999997,-83.99999999999997
6999,0.0,79.09999999999997,-79.09999999999997
7000,0.0,83.99999999999997,-83.99999999999997
7001,0.0,83.09999999999997,-83.09999999999997
7002,0.0,93.60000000000002,-93.60000000000002
7003,0.0,105.59999999999998,-105.59999999999998
7004,0.0,115.50000000000001,-115.50000000000001
7005,0.0,120.70000000000003,-120.70000000000003
7006,2.610874491604563,125.59999999999997,-122.9891255083954
7007,35.86641624324551,130.9,-95.0335837567545
7008,150.48765064168228,137.2,13.28765064168229
7009,273.30271371468075,143.00000000000003,130.30271371468072
7010,347.02148590081146,141.80000000000004,205.22148590081142
7011,431.7446849053151,149.00000000000003,282.7446849053151
7012,494.431826735835,154.39999999999995,340.031826735835
7013,551.0670527620905,157.79999999999993,393.26705276209054
7014,594.5437371171809,162.09999999999988,432.44373711718094
7015,647.8238196247501,170.19999999999996,477.6238196247501
7016,651.8167467458261,168.39999999999992,483.4167467458262
7017,588.0283165951834,160.5999999999999,427.42831659518345
7018,427.8726685971106,151.4,276.47266859711056
7019,213.8589135854138,137.99999999999997,75.85891358541383
7020,44.27525632289026,128.39999999999998,-84.12474367710972
7021,0.0,113.89999999999999,-113.89999999999999
7022,0.0,105.79999999999998,-105.79999999999998
7023,0.0,101.69999999999997,-101.69999999999997
7024,0.0,105.39999999999999,-105.39999999999999
7025,0.0,112.60000000000001,-112.60000000000001
7026,0.0,121.5,-121.5
7027,0.2463199028713178,129.09999999999997,-128.85368009712866
7028,9.829124410988213,130.9,-121.07087558901179
7029,45.28511443105788,128.0,-82.71488556894212
7030,149.3995578207029,131.10000000000002,18.299557820702887
7031,285.36830373756897,141.70000000000002,143.66830373756895
7032,377.3149131777325,145.90000000000006,231.41491317773242
7033,404.04269343207966,138.79999999999998,265.2426934320797
7034,452.99613455559575,141.80000000000004,311.1961345555957
7035,487.033503910231,143.3,343.733503910231
7036,509.487496918286,144.40000000000003,365.087496918286
7037,528.3342821626286,145.30000000000004,383.03428216262853
7038,544.7403574999709,146.30000000000007,398.4403574999708
7039,540.5502512171913,143.80000000000004,396.75025121719125
7040,509.62131057981645,135.9,373.7213105798164
7041,467.998539988958,128.2,339.798539988958
7042,345.45816701712613,125.29999999999995,220.15816701712617
7043,142.5006935761773,115.70000000000002,26.80069357617728
7044,3.3175309332332086,96.70000000000005,-93.38246906676683
7045,0.0,93.70000000000002,-93.70000000000002
7046,0.0,94.70000000000003,-94.70000000000003
7047,0.0,89.50000000000003,-89.50000000000003
7048,0.0,86.29999999999998,-86.29999999999998
7049,0.0,88.30000000000003,-88.30000000000003
7050,0.0,98.50000000000001,-98.50000000000001
7051,0.0,107.90000000000002,-107.90000000000002
7052,0.0,113.89999999999999,-113.89999999999999
7053,2.0229206045165444,120.40000000000002,-118.37707939548348
7054,35.966390950199056,125.49999999999996,-89.5336090498009
7055,152.65737885877817,131.60000000000002,21.05737885877815
7056,258.7515076253638,134.50000000000003,124.25150762536376
7057,316.73611629650594,131.10000000000002,185.63611629650592
7058,380.4404194686568,134.90000000000003,245.54041946865675
7059,452.55119271612784,143.5,309.05119271612784
7060,501.8032593639692,148.20000000000005,353.60325936396913
7061,507.898608731942,143.90000000000003,363.99860873194194
7062,524.8476002354826,144.80000000000004,380.0476002354825
7063,519.6851992929237,140.70000000000005,378.98519929292365
7064,497.1884206352812,133.8,363.3884206352812
7065,461.119740075683,129.29999999999998,331.81974007568306
7066,390.4450832386105,122.29999999999997,268.14508323861054
7067,279.28399232107176,113.89999999999999,165.3839923210718
7068,53.810594804036135,100.29999999999998,-46.48940519596385
7069,0.0,95.10000000000004,-95.10000000000004
7070,0.0,89.90000000000002,-89.90000000000002
7071,0.0,89.20000000000002,-89.20000000000002
7072,0.0,88.50000000000001,-88.50000000000001
7073,0.0,95.90000000000005,-95.90000000000005
7074,0.0,99.20000000000003,-99.20000000000003
7075,0.0,111.6,-111.6
7076,0.146507901429989,120.00000000000003,-119.85349209857004
7077,21.10782897185998,126.19999999999996,-105.09217102813997
7078,95.72707928722896,125.29999999999995,-29.572920712770994
7079,244.18718483845512,136.7,107.48718483845514
7080,335.18481618764,139.90000000000003,195.28481618764
7081,410.03500405671593,143.70000000000002,266.3350040567159
7082,456.9388308629078,144.80000000000004,312.13883086290775
7083,504.9891158157332,148.70000000000005,356.28911581573317
7084,519.4635105545789,146.30000000000007,373.1635105545788
7085,522.8675283570939,143.70000000000002,379.16752835709383
7086,532.0381727372876,143.70000000000002,388.33817273728755
7087,554.7221496368956,147.60000000000008,407.1221496368955
7088,524.1115021108671,138.79999999999998,385.3115021108672
7089,406.67951068933866,124.69999999999995,281.9795106893387
7090,267.2972926706231,116.90000000000005,150.39729267062307
7091,51.69238580809005,100.79999999999998,-49.10761419190993
7092,0.0,91.60000000000002,-91.60000000000002
7093,0.0,82.59999999999995,-82.59999999999995
7094,0.0,77.99999999999996,-77.99999999999996
7095,0.0,72.59999999999998,-72.59999999999998
7096,0.0,76.39999999999996,-76.39999999999996
7097,0.0,77.49999999999996,-77.49999999999996
7098,0.0,80.59999999999997,-80.59999999999997
7099,0.0,85.89999999999999,-85.89999999999999
7100,0.0,91.50000000000003,-91.50000000000003
7101,0.0,93.30000000000003,-93.30000000000003
7102,0.0,101.19999999999999,-101.19999999999999
7103,0.1445031056282423,101.19999999999999,-101.05549689437174
7104,2.4960616608334907,103.60000000000001,-101.10393833916652
7105,18.77601566188639,105.0,-86.22398433811361
7106,63.300472199018735,103.7,-40.39952780098127
7107,154.57975560481725,112.40000000000002,42.17975560481723
7108,225.0098571760561,115.50000000000001,109.50985717605609
7109,271.83121737720626,116.10000000000002,155.73121737720624
7110,294.3494893930984,113.89999999999999,180.44948939309842
7111,314.9323892975557,113.6,201.3323892975557
7112,367.6912452000661,121.89999999999999,245.7912452000661
7113,313.0573013376946,114.10000000000001,198.95730133769456
7114,159.12870370469005,101.09999999999998,58.02870370469007
7115,6.625376284392671,92.10000000000004,-85.47462371560736
7116,0.0,79.49999999999997,-79.49999999999997
7117,0.0,71.49999999999996,-71.49999999999996
7118,0.0,72.89999999999996,-72.89999999999996
7119,0.0,75.89999999999996,-75.89999999999996
7120,0.0,80.89999999999995,-80.89999999999995
7121,0.0,86.69999999999999,-86.69999999999999
7122,0.0,100.6,-100.6
7123,0.0,108.70000000000003,-108.70000000000003
7124,0.0,107.3,-107.3
7125,1.5934928529509589,113.10000000000001,-111.50650714704905
7126,19.558212089953976,111.2,-91.64178791004602
7127,70.62469092594283,108.40000000000002,-37.77530907405719
7128,164.40316361039385,113.89999999999999,50.503163610393855
7129,236.3461451674905,117.40000000000005,118.94614516749046
7130,298.3577033671176,120.70000000000003,177.65770336711756
7131,331.0659091286946,120.60000000000004,210.4659091286946
7132,366.1238732510608,123.19999999999995,242.92387325106085
7133,360.8925183628895,117.90000000000005,242.99251836288948
7134,368.6891817760206,117.30000000000005,251.3891817760205
7135,358.9322017024316,113.3,245.6322017024316
7136,354.9337349857616,111.5,243.4337349857616
7137,275.8821920913041,103.40000000000002,172.48219209130406
7138,139.69065162058916,93.90000000000002,45.790651620589145
7139,2.201528722967717,81.99999999999996,-79.79847127703223
7140,0.0,76.39999999999996,-76.39999999999996
7141,0.0,58.29999999999998,-58.29999999999998
7142,0.0,52.00000000000005,-52.00000000000005
7143,0.0,52.70000000000004,-52.70000000000004
7144,0.0,53.50000000000003,-53.50000000000003
7145,0.0,66.39999999999995,-66.39999999999995
7146,0.0,67.89999999999996,-67.89999999999996
7147,0.0,77.99999999999996,-77.99999999999996
7148,0.0,84.69999999999999,-84.69999999999999
7149,0.0,87.1,-87.1
7150,0.0,88.9,-88.9
7151,0.0,94.70000000000003,-94.70000000000003
7152,0.0445226806298994,97.00000000000004,-96.95547731937015
7153,0.6360871144048768,104.6,-103.96391288559512
7154,4.067952167984826,110.60000000000002,-106.5320478320152
7155,34.15519547448247,113.3,-79.14480452551753
7156,107.0883155372316,116.10000000000002,-9.011684462768429
7157,186.74157201403432,117.40000000000005,69.34157201403427
7158,233.0212839224029,114.7,118.32128392240288
7159,262.37758831085364,112.60000000000001,149.77758831085362
7160,239.5721797315352,99.30000000000003,140.27217973153518
7161,172.00250642400223,92.10000000000004,79.9025064240022
7162,13.8672601404613,74.99999999999996,-61.13273985953866
7163,0.0,63.69999999999996,-63.69999999999996
7164,0.0,52.00000000000005,-52.00000000000005
7165,0.0,41.700000000000045,-41.700000000000045
7166,0.0,34.500000000000036,-34.500000000000036
7167,0.0,35.900000000000034,-35.900000000000034
7168,0.0,37.70000000000004,-37.70000000000004
7169,0.0,40.90000000000005,-40.90000000000005
7170,0.0,52.80000000000004,-52.80000000000004
7171,0.0,61.49999999999998,-61.49999999999998
7172,0.0,64.99999999999994,-64.99999999999994
7173,0.0,71.09999999999995,-71.09999999999995
7174,0.0,75.29999999999997,-75.29999999999997
7175,0.0,78.69999999999996,-78.69999999999996
7176,0.0,87.9,-87.9
7177,0.0,92.50000000000003,-92.50000000000003
7178,0.0,89.80000000000001,-89.80000000000001
7179,0.1836478995042974,84.99999999999999,-84.81635210049569
7180,0.4513996613578173,86.1,-85.64860033864218
7181,0.7413521204347673,83.49999999999997,-82.7586478795652
7182,0.9285774008285744,76.59999999999997,-75.6714225991714
7183,1.2892842322309566,76.49999999999996,-75.210715767769
7184,2.116942213305497,72.39999999999998,-70.28305778669449
7185,0.6804396052563471,69.69999999999996,-69.0195603947436
7186,0.0,55.599999999999994,-55.599999999999994
7187,0.0,42.40000000000006,-42.40000000000006
7188,0.0,29.200000000000042,-29.200000000000042
7189,0.0,11.19999999999998,-11.19999999999998
7190,0.0,0.0,0.0
7191,0.0,0.0,0.0
7192,0.0,0.0,0.0
7193,0.0,0.0,0.0
7194,0.0,2.800000000000001,-2.800000000000001
7195,0.0,18.599999999999998,-18.599999999999998
7196,0.0,22.90000000000003,-22.90000000000003
7197,0.0,26.90000000000005,-26.90000000000005
7198,0.0,31.70000000000003,-31.70000000000003
7199,0.0,39.90000000000005,-39.90000000000005
7200,0.0,40.90000000000005,-40.90000000000005
7201,0.0,45.00000000000007,-45.00000000000007
7202,0.0,54.100000000000016,-54.100000000000016
7203,0.0,53.20000000000003,-53.20000000000003
7204,0.0,57.39999999999999,-57.39999999999999
7205,0.0,57.3,-57.3
7206,0.0,64.79999999999995,-64.79999999999995
7207,0.0,69.59999999999995,-69.59999999999995
7208,0.0,74.69999999999996,-74.69999999999996
7209,0.0,61.09999999999999,-61.09999999999999
7210,0.0,56.59999999999999,-56.59999999999999
7211,0.0,50.100000000000065,-50.100000000000065
7212,0.0,38.700000000000045,-38.700000000000045
7213,0.0,30.80000000000003,-30.80000000000003
7214,0.0,28.000000000000043,-28.000000000000043
7215,0.0,19.4,-19.4
7216,0.0,12.299999999999976,-12.299999999999976
7217,0.0,19.5,-19.5
7218,0.0,29.30000000000004,-29.30000000000004
7219,0.0,45.90000000000008,-45.90000000000008
7220,0.0,56.89999999999999,-56.89999999999999
7221,0.0,59.999999999999986,-59.999999999999986
7222,0.0,59.69999999999998,-59.69999999999998
7223,0.0,68.89999999999995,-68.89999999999995
7224,0.0,72.69999999999997,-72.69999999999997
7225,0.0,83.99999999999997,-83.99999999999997
7226,0.0,83.89999999999996,-83.89999999999996
7227,0.0,82.49999999999996,-82.49999999999996
7228,0.0,81.69999999999996,-81.69999999999996
7229,0.2304162866366557,81.89999999999995,-81.6695837133633
7230,0.4730018024487141,84.69999999999999,-84.22699819755127
7231,0.5582856670315931,80.89999999999995,-80.34171433296835
7232,0.6363400886329802,76.79999999999997,-76.16365991136699
7233,0.5109562921010898,68.69999999999995,-68.18904370789886
7234,0.0,58.99999999999997,-58.99999999999997
7235,0.0,55.699999999999996,-55.699999999999996
7236,0.0,41.80000000000005,-41.80000000000005
7237,0.0,34.000000000000036,-34.000000000000036
7238,0.0,32.40000000000003,-32.40000000000003
7239,0.0,33.20000000000004,-33.20000000000004
7240,0.0,31.300000000000033,-31.300000000000033
7241,0.0,30.400000000000034,-30.400000000000034
7242,0.0,30.300000000000036,-30.300000000000036
7243,0.0,35.40000000000003,-35.40000000000003
7244,0.0,42.20000000000006,-42.20000000000006
7245,0.0,37.50000000000004,-37.50000000000004
7246,0.0,38.20000000000004,-38.20000000000004
7247,0.0,43.00000000000006,-43.00000000000006
7248,0.0,45.60000000000008,-45.60000000000008
7249,0.0,46.50000000000008,-46.50000000000008
7250,0.0,48.60000000000007,-48.60000000000007
7251,0.0,50.80000000000006,-50.80000000000006
7252,0.0,54.60000000000001,-54.60000000000001
7253,0.0,57.39999999999999,-57.39999999999999
7254,0.0,56.49999999999999,-56.49999999999999
7255,0.1847601774240221,56.89999999999999,-56.71523982257597
7256,0.2651926250153881,55.4,-55.13480737498461
7257,0.2884126741860343,55.9,-55.611587325813964
7258,0.0347539733189323,52.70000000000004,-52.6652460266811
7259,0.0,45.800000000000075,-45.800000000000075
7260,0.0,38.50000000000004,-38.50000000000004
7261,0.0,28.200000000000045,-28.200000000000045
7262,0.0,30.500000000000032,-30.500000000000032
7263,0.0,31.80000000000003,-31.80000000000003
7264,0.0,30.90000000000003,-30.90000000000003
7265,0.0,41.90000000000005,-41.90000000000005
7266,0.0,50.100000000000065,-50.100000000000065
7267,0.0,49.20000000000008,-49.20000000000008
7268,0.0,52.100000000000044,-52.100000000000044
7269,0.0,61.49999999999998,-61.49999999999998
7270,0.0,62.799999999999955,-62.799999999999955
7271,0.0,61.799999999999976,-61.799999999999976
7272,0.0,69.19999999999995,-69.19999999999995
7273,0.0,72.19999999999997,-72.19999999999997
7274,0.2517137955652377,70.69999999999996,-70.44828620443472
7275,0.3584603347260701,66.49999999999996,-66.14153966527388
7276,0.521467764699217,64.99999999999994,-64.47853223530073
7277,0.579020625326314,61.19999999999999,-60.620979374673674
7278,0.7582610975037485,69.29999999999995,-68.5417389024962
7279,0.8870123321609737,65.99999999999996,-65.11298766783898
7280,0.951113909386664,64.69999999999996,-63.7488860906133
7281,0.9352173327858678,62.799999999999955,-61.86478266721409
7282,0.6168001507300988,60.09999999999998,-59.48319984926988
7283,0.4914060404031105,63.899999999999956,-63.40859395959684
7284,0.1421923805558087,61.59999999999998,-61.457807619444175
7285,0.1633908619022103,64.69999999999996,-64.53660913809775
7286,0.2017468301201724,61.19999999999999,-60.99825316987982
7287,0.0095900271602434,64.39999999999996,-64.39040997283972
7288,0.0,58.699999999999974,-58.699999999999974
7289,0.0157196681483383,56.099999999999994,-56.08428033185166
7290,0.3436420884324888,61.399999999999984,-61.056357911567495
7291,0.7668598287107471,66.19999999999996,-65.43314017128921
7292,1.3924316725691288,66.69999999999996,-65.30756832743083
7293,2.568695608610793,64.69999999999996,-62.131304391389165
7294,4.5023024150990745,67.19999999999996,-62.69769758490089
7295,5.923881639829257,66.19999999999996,-60.276118360170706
7296,8.632889897323173,66.69999999999996,-58.067110102676786
7297,10.595010086846976,217.20000000000002,-206.60498991315305
7298,18.039596956135327,243.79999999999998,-225.76040304386464
7299,27.881712847024687,263.0,-235.1182871529753
7300,38.05601085631046,268.8,-230.74398914368956
7301,58.25632739059323,290.80000000000007,-232.54367260940683
7302,90.45083375607052,315.00000000000017,-224.54916624392965
7303,125.29860275642976,327.20000000000005,-201.90139724357027
7304,157.84212565222438,330.50000000000006,-172.65787434777567
7305,162.74453911435344,327.70000000000005,-164.9554608856466
7306,159.13474214716973,350.9000000000001,-191.76525785283036
7307,128.65141325179172,344.40000000000003,-215.7485867482083
7308,54.656036458292455,327.20000000000005,-272.54396354170757
7309,7.067869350900939,323.8000000000001,-316.7321306490992
7310,4.551837225566785,322.60000000000014,-318.04816277443337
7311,1.155212994615454,337.6,-336.44478700538457
7312,5.427552171788243,339.7,-334.27244782821174
7313,45.51186231132229,356.29999999999995,-310.7881376886777
7314,156.72846234573194,400.4000000000001,-243.67153765426815
7315,261.42991497268247,434.90000000000003,-173.47008502731757
7316,296.23297209967046,418.59999999999974,-122.36702790032928
7317,336.5035018531095,422.1999999999997,-85.69649814689018
7318,375.0874894789781,432.7999999999999,-57.712510521021784
7319,411.92059198873767,446.30000000000024,-34.37940801126257
7320,456.7903231668801,469.09999999999997,-12.309676833119852
7321,494.5709959549782,486.30000000000035,8.27099595497782
7322,523.2601211517901,494.99999999999994,28.2601211517902
7323,551.849590683478,505.6000000000001,46.24959068347795
7324,577.2339221491818,516.4000000000001,60.83392214918172
7325,575.8172720967284,506.5,69.3172720967284
7326,560.3528781256057,490.00000000000017,70.35287812560551
7327,574.5457297299771,500.49999999999994,74.04572972997715
7328,558.3405199780499,485.0000000000002,73.34051997804966
7329,489.35362236251007,460.4000000000002,28.95362236250986
7330,364.1278089278721,424.2999999999997,-60.172191072127646
7331,235.15110847158,384.29999999999995,-149.14889152841997
7332,71.69770676601901,339.3,-267.602293233981
7333,0.3997026352978122,326.70000000000005,-326.30029736470226
7334,0.0,300.29999999999995,-300.29999999999995
7335,0.0,283.7000000000001,-283.7000000000001
7336,0.0,283.60000000000014,-283.60000000000014
7337,0.0,285.4000000000001,-285.4000000000001
7338,0.0,308.3,-308.3
7339,0.0,309.70000000000005,-309.70000000000005
7340,0.0,322.2000000000001,-322.2000000000001
7341,1.9393132022817692,336.7,-334.7606867977182
7342,16.991594683139272,335.6,-318.60840531686074
7343,89.94479539414961,362.0999999999999,-272.1552046058503
7344,159.4706206539762,362.0999999999999,-202.6293793460237
7345,226.22512384868875,375.4,-149.17487615131122
7346,264.13002689655747,374.3,-110.16997310344254
7347,304.18085640041505,383.49999999999994,-79.31914359958489
7348,327.6479926693344,384.8,-57.15200733066558
7349,333.26195668013,377.49999999999994,-44.23804331986992
7350,354.35489174723284,385.8,-31.44510825276717
7351,363.3847274506394,386.90000000000003,-23.515272549360645
7352,343.926212715323,365.8999999999999,-21.973787284676916
7353,311.4099547738837,358.0999999999999,-46.69004522611618
7354,222.63333766540345,343.5000000000001,-120.86666233459667
7355,92.46014355170016,332.1,-239.63985644829987
7356,4.272440552220144,308.8,-304.5275594477799
7357,0.0,292.00000000000006,-292.00000000000006
7358,0.0,276.6,-276.6
7359,0.0,255.39999999999995,-255.39999999999995
7360,0.0,252.5,-252.5
7361,0.0,260.59999999999997,-260.59999999999997
7362,0.0,257.49999999999994,-257.49999999999994
7363,0.012774859349893,247.5,-247.4872251406501
7364,0.3669839205927424,233.30000000000015,-232.93301607940742
7365,1.7860381390229103,245.9,-244.1139618609771
7366,7.475518362728869,247.60000000000002,-240.12448163727115
7367,19.176180138182517,243.6,-224.4238198618175
7368,24.58493950219032,223.5000000000002,-198.9150604978099
7369,22.930845525078848,203.29999999999995,-180.36915447492112
7370,32.13630122057525,207.19999999999993,-175.06369877942467
7371,50.74848005045,220.40000000000003,-169.65151994955005
7372,70.32931853888336,230.60000000000016,-160.2706814611168
7373,115.71827769770012,265.7,-149.9817223022999
7374,147.9082840538869,282.40000000000015,-134.49171594611326
7375,137.48222136303872,263.2,-125.71777863696127
7376,137.46875621326274,257.4,-119.93124378673724
7377,124.81889349501353,266.09999999999997,-141.28110650498644
7378,19.013623732196216,242.70000000000002,-223.6863762678038
7379,0.0,204.59999999999994,-204.59999999999994
7380,0.0,168.70000000000002,-168.70000000000002
7381,0.0,138.49999999999994,-138.49999999999994
7382,0.0,106.79999999999995,-106.79999999999995
7383,0.0,116.10000000000004,-116.10000000000004
7384,0.0,119.29999999999998,-119.29999999999998
7385,0.0,135.09999999999994,-135.09999999999994
7386,0.0,165.00000000000003,-165.00000000000003
7387,0.0,194.09999999999994,-194.09999999999994
7388,0.0,187.3,-187.3
7389,0.0,182.29999999999998,-182.29999999999998
7390,0.0,191.59999999999994,-191.59999999999994
7391,0.0,202.99999999999994,-202.99999999999994
7392,0.0,224.50000000000023,-224.50000000000023
7393,0.0,218.70000000000002,-218.70000000000002
7394,0.0,226.60000000000016,-226.60000000000016
7395,0.0,219.20000000000002,-219.20000000000002
7396,0.1038466457862504,224.60000000000022,-224.49615335421396
7397,0.3123738218663574,232.60000000000014,-232.2876261781338
7398,0.5004911660531624,236.40000000000012,-235.89950883394695
7399,0.5775065853214751,214.79999999999987,-214.22249341467838
7400,0.6773122284635693,206.69999999999993,-206.02268777153637
7401,0.6327842825985657,209.2999999999999,-208.66721571740132
7402,0.0925683815428096,203.79999999999993,-203.70743161845712
7403,0.0,209.2999999999999,-209.2999999999999
7404,0.0,191.89999999999998,-191.89999999999998
7405,0.0,153.70000000000002,-153.70000000000002
7406,0.0,134.29999999999995,-134.29999999999995
7407,0.0,129.79999999999995,-129.79999999999995
7408,0.0,149.5,-149.5
7409,0.0,170.7,-170.7
7410,0.0,186.8,-186.8
7411,0.0,196.09999999999994,-196.09999999999994
7412,0.0,205.39999999999992,-205.39999999999992
7413,0.0,203.99999999999991,-203.99999999999991
7414,0.0,201.6999999999999,-201.6999999999999
7415,0.0,195.39999999999995,-195.39999999999995
7416,0.051508295841412,180.0999999999999,-180.0484917041585
7417,0.1519008933692282,165.00000000000003,-164.8480991066308
7418,0.2605532119819945,184.9,-184.639446788018
7419,0.4714175090459774,205.69999999999993,-205.22858249095395
7420,0.5633283669875998,202.1999999999999,-201.6366716330123
7421,0.781236471809317,211.99999999999991,-211.2187635281906
7422,1.014812177610921,230.7000000000002,-229.68518782238925
7423,0.965226121159304,206.69999999999993,-205.73477387884063
7424,1.5049260845115005,198.49999999999991,-196.9950739154884
7425,1.7213896017858186,191.59999999999994,-189.8786103982141
7426,1.562121281469211,187.9,-186.3378787185308
7427,0.1300431098453092,185.0,-184.8699568901547
7428,0.0,196.79999999999993,-196.79999999999993
7429,0.0,165.90000000000006,-165.90000000000006
7430,0.0,164.40000000000006,-164.40000000000006
7431,0.0,158.29999999999998,-158.29999999999998
7432,0.0,175.1999999999999,-175.1999999999999
7433,0.0,202.99999999999994,-202.99999999999994
7434,0.0,213.2999999999999,-213.2999999999999
7435,0.0,225.10000000000022,-225.10000000000022
7436,0.0,252.6,-252.6
7437,0.0,287.9000000000001,-287.9000000000001
7438,0.210450601249671,295.4000000000001,-295.18954939875044
7439,0.7356314219208726,290.4000000000001,-289.66436857807923
7440,2.953815844279458,314.10000000000025,-311.1461841557208
7441,12.98440516797702,332.1,-319.115594832023
7442,33.36982924814879,347.69999999999993,-314.33017075185114
7443,70.69368805099391,361.3999999999999,-290.706311949006
7444,137.71082233000774,388.50000000000006,-250.7891776699923
7445,212.720084660984,408.69999999999993,-195.97991533901592
7446,298.8050578319858,443.10000000000025,-144.29494216801447
7447,365.54401819094727,462.3000000000001,-96.75598180905286
7448,383.8069797571068,447.0000000000004,-63.193020242893624
7449,380.2023925905731,453.80000000000024,-73.59760740942716
7450,307.54886702105586,433.29999999999995,-125.7511329789441
7451,174.69102319477892,395.1,-220.4089768052211
7452,20.530632433384326,363.0999999999999,-342.5693675666156
7453,0.0,347.09999999999997,-347.09999999999997
7454,0.0,317.50000000000017,-317.50000000000017
7455,0.0,316.20000000000016,-316.20000000000016
7456,0.0,335.40000000000003,-335.40000000000003
7457,0.0,368.99999999999994,-368.99999999999994
7458,0.2350652364894406,419.49999999999966,-419.2649347635102
7459,22.098389222805825,433.19999999999993,-411.1016107771941
7460,131.56310242426702,450.6000000000003,-319.0368975757333
7461,261.2295026329172,474.19999999999993,-212.97049736708271
7462,393.7486774597521,518.1,-124.3513225402479
7463,486.2687501818225,540.9999999999999,-54.73124981817739
7464,555.1037914672256,555.3000000000001,-0.19620853277444894
7465,627.4813635335984,582.6999999999999,44.78136353359844
7466,671.1067328279107,592.1999999999998,78.9067328279109
7467,707.066907165483,603.3000000000002,103.76690716548285
7468,730.1583470951127,607.0999999999998,123.05834709511294
7469,756.4723347782787,617.5,138.97233477827865
7470,767.4505879378265,617.5,149.95058793782653
7471,773.5717916236482,616.7,156.87179162364816
7472,765.7177151907218,606.3999999999999,159.31771519072197
7473,731.9714744736481,602.4000000000002,129.57147447364787
7474,664.1740335107867,598.6,65.57403351078665
7475,617.529192571419,588.2999999999998,29.229192571419162
7476,524.8031403955782,582.5999999999999,-57.796859604421684
7477,363.0602745841404,548.4000000000002,-185.3397254158598
7478,313.8900335164358,544.7000000000002,-230.80996648356438
7479,344.1375435349574,535.3,-191.16245646504257
7480,368.164035610052,533.7,-165.53596438994805
7481,420.1765322077004,535.0999999999999,-114.9234677922995
7482,497.4797617176768,545.6999999999999,-48.22023828232312
7483,548.4471893064535,545.6999999999999,2.747189306453606
7484,594.2986532747686,554.4000000000002,39.898653274768435
7485,612.3933476713703,548.0000000000002,64.39334767137007
7486,626.3065218672098,544.8000000000001,81.5065218672097
7487,650.8827225113364,555.5000000000001,95.38272251133628
7488,674.4657990427895,566.4000000000001,108.06579904278942
7489,682.6412333373398,566.2000000000002,116.44123333733967
7490,695.7049006919697,571.8,123.90490069196971
7491,697.2074651795385,569.1,128.1074651795385
7492,725.6431862422662,589.3999999999997,136.24318624226646
7493,721.9551048499749,582.4,139.5551048499749
7494,706.3395177989798,567.2,139.1395177989798
7495,697.9018683415279,561.7,136.20186834152787
7496,722.2928054928087,582.3,139.99280549280877
7497,722.9563702477652,585.5,137.45637024776522
7498,600.4825665688746,535.9999999999999,64.48256656887474
7499,447.96002487563385,519.7,-71.7399751243662
7500,221.3781774216402,464.0,-242.6218225783598
7501,60.77170050021082,438.09999999999997,-377.3282994997891
7502,12.585177266729634,433.29999999999995,-420.7148227332703
7503,4.575614448102412,430.19999999999976,-425.6243855518974
7504,10.910126267984392,443.40000000000026,-432.4898737320159
7505,52.245735322400826,464.8,-412.5542646775992
7506,192.32266162099583,488.10000000000025,-295.7773383790044
7507,335.26059347406755,513.4,-178.13940652593243
7508,445.6631786964225,535.3,-89.63682130357745
7509,546.0762392388998,566.7,-20.623760761100243
7510,611.9944846721451,581.8999999999999,30.0944846721452
7511,650.2193175109562,583.5999999999999,66.61931751095631
7512,700.1814264270664,604.4000000000002,95.78142642706621
7513,743.7830562587584,621.4000000000002,122.38305625875819
7514,736.9509122722679,603.1000000000001,133.8509122722678
7515,744.3464743945774,601.9000000000001,142.4464743945773
7516,746.0821763493194,597.4,148.68217634931943
7517,759.3110311398749,606.3,153.01103113987494
7518,753.6540562708385,597.3,156.35405627083856
7519,757.9090335215843,599.8,158.10903352158437
7520,748.232489513759,590.5999999999998,157.6324895137592
7521,735.3248162090325,584.1999999999998,151.1248162090327
7522,693.6853274621667,566.7,126.98532746216665
7523,653.3382927510044,554.4000000000002,98.93829275100416
7524,558.7223676693297,543.5000000000001,15.222367669329628
7525,432.6755532961756,541.3,-108.62444670382433
7526,336.56387297501857,526.5999999999999,-190.03612702498134
7527,277.8389728618727,501.4,-223.56102713812726
7528,294.1659790461257,520.7000000000002,-226.53402095387446
7529,365.929810498277,545.6999999999999,-179.77018950172294
7530,446.90528560081816,547.7000000000002,-100.794714399182
7531,512.9257370852857,545.6999999999999,-32.7742629147142
7532,559.5238164819383,545.6999999999999,13.823816481938366
7533,606.9002385033773,557.5000000000001,49.40023850337718
7534,650.3135272724603,573.1999999999999,77.11352727246037
7535,645.1803163090182,554.1000000000001,91.08031630901803
7536,667.8358347745527,563.2000000000002,104.63583477455256
7537,654.4937191161354,545.4,109.09371911613539
7538,695.0596451460409,575.5999999999996,119.45964514604134
7539,722.0082111059698,590.5999999999998,131.40821110597005
7540,719.6319137768727,583.1999999999999,136.43191377687276
7541,727.5618406776755,586.9999999999999,140.5618406776756
7542,730.8481312727652,587.0999999999999,143.74813127276525
7543,726.4138386680634,581.4999999999999,144.91383866806348
7544,746.5696083353317,596.1999999999997,150.36960833533203
7545,746.4341036393414,605.8000000000001,140.63410363934133
7546,679.6030177705196,591.5999999999998,88.00301777051982
7547,612.2354873297944,593.2999999999997,18.935487329794682
7548,561.6918167168099,588.3999999999999,-26.70818328319001
7549,448.4804928069414,569.8999999999999,-121.41950719305845
7550,361.6260988976669,543.8000000000001,-182.17390110233316
7551,366.48673827908567,545.6999999999999,-179.21326172091426
7552,404.08703448519015,563.6,-159.51296551480988
7553,458.17256115176656,565.3,-107.1274388482334
7554,589.3222778076655,616.7,-27.377722192334545
7555,681.316766337047,640.7,40.61676633704701
7556,703.6733074012626,620.8000000000001,82.87330740126254
7557,744.3370329089755,629.9999999999999,114.33703290897563
7558,789.480489198545,648.5,140.980489198545
7559,830.2282311951275,667.2000000000003,163.0282311951272
7560,873.913618015924,689.5,184.41361801592404
7561,890.7489853978095,690.9000000000002,199.84898539780932
7562,898.3537659240524,689.3000000000001,209.0537659240523
7563,920.2906839994804,701.4,218.89068399948042
7564,920.70312038828,696.1,224.60312038828
7565,945.1989300278436,712.5000000000002,232.6989300278434
7566,962.8576350137588,722.5000000000002,240.35763501375857
7567,979.672006633979,731.0999999999999,248.57200663397907
7568,1001.493993709544,744.5999999999993,256.8939937095447
7569,1000.5345598673284,743.1999999999996,257.33455986732884
7570,1005.3432946210193,758.8999999999999,246.4432946210194
7571,1011.2247425053292,773.6999999999998,237.5247425053294
7572,980.7120877585272,762.9999999999999,217.71208775852733
7573,958.9984754856694,770.5999999999998,188.39847548566956
7574,936.4947238251738,774.5999999999998,161.89472382517397
7575,906.0765651123372,744.8999999999994,161.1765651123378
7576,882.0212371404023,728.9,153.1212371404023
7577,930.4872325532152,758.6999999999998,171.7872325532154
7578,964.7998496627632,761.2999999999998,203.49984966276338
7579,962.9984255931712,739.3999999999995,223.59842559317167
7580,969.2473030905736,732.4999999999999,236.74730309057372
7581,997.0856426194854,747.0999999999993,249.98564261948604
7582,1003.2979442196868,745.6999999999994,257.5979442196874
7583,1006.9898311556136,744.1999999999995,262.78983115561414
7584,1043.5685589678646,770.1999999999997,273.36855896786494
7585,1047.6084333485026,767.9999999999995,279.608433348503
7586,1068.2268853700955,780.9999999999999,287.2268853700956
7587,1078.9091317700793,785.5,293.4091317700793
7588,1082.0056510858014,784.8,297.2056510858015
7589,1065.822607203575,769.2999999999997,296.52260720357526
7590,1041.58906764431,750.1999999999997,291.38906764431033
7591,1014.4623522204164,730.9999999999999,283.4623522204165
7592,991.2713722775452,716.8000000000003,274.4713722775449
7593,968.5728350187912,712.9000000000003,255.67283501879092
7594,917.0308881802878,724.2000000000002,192.83088818028762
7595,754.3178288678461,689.3000000000001,65.01782886784599
7596,629.3257867319469,662.4000000000003,-33.07421326805343
7597,515.1099307835196,641.8,-126.69006921648031
7598,421.72415217492136,606.3,-184.5758478250786
7599,378.521233278981,584.7999999999998,-206.27876672101883
7600,398.02525322109454,585.5,-187.47474677890546
7601,428.4213196547354,568.0000000000001,-139.57868034526473
7602,494.6556971736873,562.6000000000001,-67.94430282631282
7603,567.7552088382893,571.5999999999999,-3.8447911617106456
7604,640.5983405763485,593.9999999999997,46.598340576348846
7605,671.2314784609737,591.7999999999997,79.43147846097395
7606,668.791277256738,571.0999999999999,97.69127725673809
7607,673.7910005223354,564.6999999999999,109.09100052233543
7608,692.8990839549392,573.5,119.39908395493921
7609,685.2928823835472,562.6000000000001,122.69288238354704
7610,686.3679387329912,561.4,124.96793873299123
7611,689.861528688937,562.4000000000002,127.46152868893682
7612,720.3382900553815,585.5,134.83829005538155
7613,754.0754777085751,608.2999999999997,145.7754777085754
7614,775.8007441641186,619.8000000000001,156.0007441641185
7615,779.8188939753869,617.5999999999999,162.218893975387
7616,783.3872936351914,617.2,166.1872936351914
7617,735.9469052366414,592.6999999999998,143.24690523664162
7618,642.0016351054722,581.1999999999998,60.80163510547243
7619,465.691617534578,533.9999999999999,-68.30838246542191
7620,290.9050750518638,506.40000000000003,-215.49492494813626
7621,177.15913017835402,488.80000000000024,-311.6408698216462
7622,93.08225550966188,461.6000000000001,-368.5177444903382
7623,48.80776113947943,436.6999999999999,-387.8922388605204
7624,61.90481074894891,436.19999999999993,-374.295189251051
7625,157.78323573614915,464.90000000000003,-307.1167642638509
7626,273.08757981148,479.2000000000003,-206.11242018852028
7627,362.70912911450125,483.7000000000002,-120.99087088549896
7628,431.27621497136425,492.4000000000001,-61.12378502863584
7629,465.7249801753089,485.80000000000024,-20.075019824691367
7630,491.16206228403513,483.50000000000017,7.66206228403496
7631,519.5678444829309,491.2000000000001,28.36784448293082
7632,530.6429518836917,488.2000000000002,42.44295188369148
7633,549.1289442332902,494.79999999999995,54.32894423329026
7634,568.5799627541866,504.10000000000014,64.47996275418643
7635,574.8407370516538,503.80000000000007,71.04073705165376
7636,584.4259107342369,506.8,77.62591073423692
7637,574.1647638956898,496.89999999999986,77.26476389568995
7638,562.0640770106464,485.50000000000017,76.56407701064626
7639,581.6832079785718,501.5,80.18320797857177
7640,561.4931393819928,484.1000000000002,77.39313938199263
7641,508.8047122711576,448.20000000000044,60.604712271157155
7642,459.5140361934437,434.29999999999995,25.214036193443746
7643,346.09677119758413,399.5000000000001,-53.40322880241598
7644,209.6649969632489,402.4000000000001,-192.73500303675118
7645,94.30255359842243,373.30000000000007,-278.99744640157763
7646,25.640249983524264,345.40000000000003,-319.7597500164758
7647,2.73241402744028,341.2,-338.46758597255973
7648,0.4897047873733073,332.00000000000006,-331.5102952126268
7649,8.930478475960498,329.70000000000005,-320.76952152403953
7650,82.21470635442934,348.8999999999999,-266.6852936455706
7651,198.7944763307541,388.3,-189.50552366924592
7652,261.4319571399163,392.70000000000005,-131.26804286008377
7653,290.52032180165776,384.09999999999997,-93.57967819834221
7654,330.4585045837758,395.1,-64.64149541622425
7655,340.70670352803205,387.0,-46.29329647196795
7656,343.57225190938146,378.99999999999994,-35.42774809061848
7657,353.2024467276628,380.69999999999993,-27.497553272337143
7658,337.8299397440267,363.49999999999983,-25.670060255973112
7659,355.71650141581506,377.79999999999995,-22.083498584184895
7660,352.03185559504124,371.6,-19.568144404958787
7661,360.43923234308033,377.8999999999999,-17.460767656919586
7662,343.25288324601706,362.0999999999999,-18.847116753982846
7663,360.3142676308436,377.20000000000005,-16.88573236915647
7664,356.7199075318792,372.90000000000003,-16.180092468120847
7665,326.2557387457207,359.29999999999995,-33.04426125427926
7666,266.54433259496005,351.60000000000014,-85.05566740504008
7667,129.58212932170815,315.70000000000016,-186.117870678292
7668,7.143221152736092,291.9000000000001,-284.756778847264
7669,0.0,266.09999999999997,-266.09999999999997
7670,0.0,255.09999999999997,-255.09999999999997
7671,0.0,230.90000000000018,-230.90000000000018
7672,0.0,245.5,-245.5
7673,0.0,257.79999999999995,-257.79999999999995
7674,0.0,293.3000000000001,-293.3000000000001
7675,0.0,294.6,-294.6
7676,0.0,302.19999999999993,-302.19999999999993
7677,0.5921504340128335,289.4000000000001,-288.8078495659873
7678,5.6145516548246,300.4,-294.7854483451754
7679,28.83347824340933,296.6000000000001,-267.76652175659075
7680,78.38375663763212,306.8,-228.41624336236788
7681,120.27619244535096,304.29999999999995,-184.023807554649
7682,163.06215308425962,314.6000000000002,-151.53784691574057
7683,163.16806081014568,293.2000000000001,-130.03193918985443
7684,179.45932884865985,295.4000000000001,-115.94067115134024
7685,194.8763463878077,300.0,-105.1236536121923
7686,213.794416336833,308.1,-94.30558366316703
7687,208.48841505671444,297.6,-89.11158494328558
7688,261.9930963837765,336.1000000000001,-74.10690361622358
7689,265.65771579413746,336.1000000000001,-70.44228420586262
7690,241.30836954780776,338.8,-97.49163045219225
7691,220.40660700341587,342.7000000000001,-122.29339299658423
7692,190.3426717596248,340.79999999999995,-150.45732824037515
7693,154.587106092984,332.00000000000006,-177.41289390701607
7694,43.81801196138486,330.70000000000005,-286.8819880386152
7695,5.848554435807592,332.1,-326.2514455641924
7696,11.02321780942168,351.60000000000014,-340.57678219057846
7697,61.32399488662332,362.19999999999993,-300.8760051133766
7698,173.90073862918658,391.60000000000014,-217.69926137081356
7699,241.13997027223155,392.6,-151.46002972776847
7700,339.2626077827705,434.09999999999997,-94.83739221722948
7701,357.7985573784252,417.89999999999975,-60.10144262157456
7702,389.6315048899059,423.4999999999996,-33.868495110093704
7703,407.1280063993664,423.2999999999996,-16.171993600633186
7704,403.3146755806466,410.6999999999999,-7.385324419353253
7705,420.2100518969511,419.1999999999997,1.0100518969513814
7706,431.71421711048737,423.0999999999996,8.614217110487743
7707,435.8127185562038,422.29999999999967,13.512718556204106
7708,476.37200830788703,452.0000000000003,24.372008307886745
7709,472.00470088589566,443.3000000000003,28.704700885895363
7710,473.5010381512521,442.60000000000025,30.90103815125184
7711,480.8276938335519,446.0000000000003,34.82769383355162
7712,487.37451632970993,449.10000000000036,38.27451632970957
7713,478.6373994690597,445.30000000000035,33.337399469059335
7714,448.993254324913,442.60000000000025,6.393254324912732
7715,384.5764484661722,422.1999999999997,-37.62355153382748
7716,245.19243450916144,386.0,-140.80756549083856
7717,87.49907384587686,354.8999999999999,-267.40092615412306
7718,7.672694833364513,344.2000000000001,-336.5273051666356
7719,14.831161528386929,364.4999999999999,-349.66883847161296
7720,46.65486030318579,363.59999999999985,-316.94513969681407
7721,126.31960180037386,392.70000000000005,-266.3803981996262
7722,215.48862106589263,408.69999999999993,-193.2113789341073
7723,292.3128394315135,419.79999999999967,-127.48716056848616
7724,382.8750260263534,456.10000000000025,-73.22497397364685
7725,442.747823784916,473.4,-30.652176215083955
7726,483.8271002504551,483.50000000000017,0.32710025045491875
7727,508.6009822807946,485.90000000000026,22.700982280794335
7728,549.4036492007004,506.0,43.40364920070044
7729,588.3930508788346,525.6999999999999,62.6930508788347
7730,616.4352052483915,538.3999999999999,78.03520524839166
7731,658.3159579413883,563.0000000000001,95.3159579413882
7732,686.577324369935,576.8999999999995,109.67732436993549
7733,721.3639263598712,595.6999999999998,125.66392635987143
7734,759.7624749758435,618.7,141.06247497584343
7735,792.7053988223432,636.3,156.40539882234327
7736,805.0171050644806,638.0,167.01710506448057
7737,791.7071133835727,635.3999999999999,156.30711338357287
7738,686.2111734165119,593.2999999999997,92.91117341651216
7739,558.6461570016445,581.2999999999998,-22.653842998355344
7740,392.262883098513,548.2000000000002,-155.93711690148717
7741,228.24698680629888,521.4000000000001,-293.1530131937012
7742,139.7023387431208,514.6999999999999,-374.99766125687916
7743,133.59652747994494,531.4999999999998,-397.90347252005483
7744,189.88913849630143,547.8000000000002,-357.91086150369875
7745,320.4999433243696,579.0999999999997,-258.60005667563007
7746,482.6303443401106,618.7,-136.06965565988946
7747,578.4480643862487,619.1,-40.651935613751334
7748,678.1878594676285,645.0999999999999,33.08785946762862
7749,747.7721472334747,661.8000000000003,85.9721472334744
7750,815.2412590817103,685.2000000000003,130.04125908171
7751,881.9535943097304,714.3000000000003,167.65359430973012
7752,923.7376237936312,728.3999999999999,195.33762379363134
7753,955.90158266305,737.9999999999995,217.90158266305048
7754,949.5626485894272,720.3000000000003,229.26264858942693
7755,967.4498032891098,728.6999999999999,238.74980328910988
7756,964.0305725267592,719.9000000000003,244.1305725267589
7757,955.2533191311128,710.0000000000001,245.25331913111268
7758,968.0343185016918,719.5000000000002,248.5343185016916
7759,1000.325968599286,743.5999999999997,256.7259685992864
7760,990.683743821985,730.9,259.783743821985
7761,959.6744577273126,717.4000000000002,242.27445772731244
7762,839.5872489774064,681.4000000000001,158.18724897740628
7763,671.7372582257724,642.8,28.93725822577244
7764,489.5525518252688,611.1999999999999,-121.64744817473115
7765,305.58441693087696,569.1,-263.51558306912307
7766,166.45944099160658,519.0,-352.5405590083934
7767,127.4371172731285,515.9,-388.4628827268715
7768,147.73657363504392,500.79999999999995,-353.06342636495606
7769,241.79810674265,512.1999999999999,-270.4018932573499
7770,400.8109025371347,560.2000000000002,-159.38909746286544
7771,532.9670975182249,594.8999999999999,-61.93290248177493
7772,604.1255404572192,598.3,5.82554045721929
7773,656.1582150947888,602.9000000000001,53.25821509478874
7774,690.0038639579245,603.5000000000001,86.50386395792441
7775,724.8191401422903,611.5999999999999,113.21914014229037
7776,772.2680927666747,636.2,136.06809276667468
7777,799.162889124597,643.7,155.46288912459693
7778,788.8633137148622,626.6,162.2633137148622
7779,805.4551651669368,634.8,170.65516516693685
7780,835.1396000146873,653.8000000000002,181.3396000146871
7781,850.435052796307,661.2000000000002,189.23505279630683
7782,867.8590489584801,669.8000000000002,198.05904895847993
7783,861.594878433338,661.0000000000001,200.59487843333784
7784,839.032227626722,640.2,198.832227626722
7785,817.6129719642563,629.1999999999999,188.41297196425637
7786,716.0558785420911,596.5999999999998,119.45587854209134
7787,544.4845865176025,546.8000000000001,-2.3154134823976165
7788,378.3844527442054,516.6,-138.2155472557946
7789,232.3648060381144,488.60000000000025,-256.23519396188584
7790,136.91755074336825,486.1000000000003,-349.182449256632
7791,98.1550885647034,482.4000000000001,-384.2449114352967
7792,132.60186181895136,488.60000000000025,-355.9981381810489
7793,230.58745529252056,502.20000000000005,-271.6125447074795
7794,380.4407518410804,542.1,-161.65924815891964
7795,489.0240166652992,561.7,-72.67598333470085
7796,582.7213754083422,587.0999999999999,-4.37862459165774
7797,613.572084934079,573.3,40.27208493407909
7798,679.8550145660009,602.4000000000002,77.45501456600073
7799,719.6344707289335,612.6999999999998,106.93447072893366
7800,757.2956208217959,627.3000000000001,129.9956208217958
7801,760.3495008959173,617.0,143.34950089591734
7802,777.8441667286,623.5000000000001,154.34416672859993
7803,775.6647586429842,615.8,159.86475864298427
7804,788.5163197921192,622.3000000000002,166.21631979211907
7805,802.8506474755887,629.9999999999999,172.85064747558886
7806,816.9093035800295,638.6,178.30930358002945
7807,850.400164530065,662.1000000000004,188.30016453006465
7808,843.2197704941108,650.8000000000001,192.4197704941107
7809,814.9357003652493,632.4,182.53570036524934
7810,753.4105908293031,624.2000000000002,129.210590829303
7811,595.1614512869755,581.4999999999999,13.661451286975648
7812,409.4559326985345,542.8000000000001,-133.34406730146554
7813,194.84611309874452,479.2000000000003,-284.35388690125575
7814,63.26202817982392,446.0000000000003,-382.73797182017637
7815,26.935640784376872,433.7,-406.76435921562313
7816,63.35453340221316,446.30000000000024,-382.94546659778706
7817,156.1746605931867,443.90000000000026,-287.72533940681353
7818,262.2716602708694,452.7000000000004,-190.42833972913098
7819,329.1811738673357,448.20000000000044,-119.01882613266474
7820,430.8726951054755,490.00000000000017,-59.127304894524684
7821,499.11582921631447,511.6,-12.484170783685556
7822,541.9807934378827,520.7000000000002,21.280793437882494
7823,558.5914671239223,514.6999999999999,43.891467123922325
7824,583.3180541621573,522.3000000000001,61.01805416215723
7825,593.0139538399992,520.5000000000001,72.51395383999909
7826,597.1830442990339,516.9000000000001,80.2830442990338
7827,599.9921284771448,514.8000000000001,85.1921284771447
7828,599.7663660445611,512.0,87.7663660445611
7829,600.0789833510139,510.5,89.5789833510139
7830,612.7094213733324,520.5000000000001,92.20942137333225
7831,607.4765354094134,513.9999999999999,93.47653540941349
7832,598.2129697491731,505.6000000000001,92.61296974917303
7833,587.6850582068679,502.5000000000001,85.18505820686778
7834,542.2462688144718,492.1000000000001,50.14626881447174
7835,480.8451386825038,481.4000000000001,-0.554861317496318
7836,296.589732402261,443.10000000000025,-146.51026759773924
7837,129.9843050155027,409.0999999999999,-279.11569498449717
7838,33.03314858610787,384.0,-350.96685141389213
7839,14.43220855939288,371.7,-357.2677914406071
7840,34.50979938171033,377.79999999999995,-343.29020061828965
7841,83.79913174571494,363.6999999999999,-279.90086825428494
7842,173.05733718435096,377.9999999999999,-204.94266281564893
7843,227.415757683214,375.2,-147.784242316786
7844,279.48576510830185,384.0,-104.51423489169815
7845,309.57332710658807,384.2,-74.62667289341192
7846,342.93937837420503,394.50000000000006,-51.56062162579502
7847,332.44075479044307,373.20000000000005,-40.75924520955698
7848,333.0858182485052,366.1999999999999,-33.1141817514947
7849,323.3662066609802,355.9999999999999,-32.63379333901969
7850,345.7294775659413,372.8,-27.070522434058716
7851,359.3235204226365,380.69999999999993,-21.376479577363455
7852,360.8061052535402,378.6999999999999,-17.893894746459694
7853,395.281011949479,404.19999999999993,-8.918988050520909
7854,380.48180972883057,388.20000000000005,-7.718190271169476
7855,397.311852019734,399.9000000000001,-2.5881479802661147
7856,429.185838185814,423.0999999999996,6.085838185814396
7857,425.83295044688657,420.9999999999998,4.832950446886798
7858,369.2052253603363,402.7000000000001,-33.494774639663774
7859,266.5696210878565,361.29999999999995,-94.73037891214346
7860,108.7778934964623,336.00000000000006,-227.22210650353776
7861,13.142518606609924,324.30000000000007,-311.1574813933901
7862,0.0,314.2000000000002,-314.2000000000002
7863,0.0,304.2,-304.2
7864,0.0,318.50000000000017,-318.50000000000017
7865,0.1152281979817412,344.2000000000001,-344.08477180201834
7866,13.334548910200333,377.49999999999994,-364.1654510897996
7867,97.69283232441612,395.60000000000014,-297.907167675584
7868,228.3689037779208,430.5999999999998,-202.231096222079
7869,339.2322284721547,463.6,-124.36777152784532
7870,408.1231344978556,474.9,-66.7768655021444
7871,493.8862536203191,511.3,-17.4137463796809
7872,531.8089972678763,514.8000000000001,17.008997267876225
7873,570.7608861311508,526.1999999999999,44.56088613115082
7874,599.2466135305692,535.0999999999999,64.14661353056931
7875,619.0229171720354,539.5999999999999,79.42291717203545
7876,628.0852050271568,538.0999999999998,89.98520502715701
7877,651.1668367556744,550.7000000000003,100.46683675567408
7878,667.7786932619184,558.1000000000001,109.67869326191828
7879,672.381665195426,557.3000000000001,115.0816651954259
7880,689.5718525121723,567.2,122.37185251217227
7881,662.5191820647715,548.2000000000002,114.31918206477133
7882,596.8423690714417,537.6999999999998,59.14236907144186
7883,492.6717317722362,515.9,-23.22826822776375
7884,350.10355708505176,497.0999999999999,-146.99644291494815
7885,223.79856104935232,484.1000000000002,-260.3014389506479
7886,148.1195047860998,475.99999999999994,-327.88049521390013
7887,152.14929469323812,471.2,-319.05070530676187
7888,159.5415173172831,455.3000000000003,-295.75848268271716
7889,235.36817661207877,464.90000000000003,-229.53182338792126
7890,342.506388799664,485.80000000000024,-143.29361120033622
7891,427.5414990201454,501.09999999999997,-73.55850097985456
7892,508.20802891063073,526.5999999999999,-18.39197108936918
7893,571.9694123298044,548.1000000000003,23.869412329804163
7894,626.0317970101056,567.1,58.93179701010558
7895,641.3981379589497,561.3000000000001,80.09813795894968
7896,645.7332381840787,552.3000000000003,93.43323818407839
7897,624.5796282139224,527.0,97.57962821392243
7898,628.0033288906067,528.2999999999998,99.70332889060683
7899,632.7662757424969,531.2999999999998,101.46627574249703
7900,634.5488459587966,531.2999999999998,103.24884595879678
7901,631.4612984928308,526.3,105.16129849283084
7902,626.6578398954714,523.0,103.6578398954714
7903,638.1390581162966,532.6999999999999,105.43905811629668
7904,655.642380024279,545.1999999999999,110.44238002427903
7905,592.4782326666428,499.0999999999999,93.37823266664293
7906,495.1676531251387,456.2000000000003,38.96765312513844
7907,364.40455250436094,429.0999999999997,-64.69544749563875
7908,193.71434981731733,403.50000000000006,-209.78565018268273
7909,31.718046013798144,363.59999999999985,-331.8819539862017
7910,1.1000932486380213,348.4999999999999,-347.39990675136187
7911,0.0,355.9999999999999,-355.9999999999999
7912,0.2373963816163735,374.6,-374.3626036183837
7913,11.288755073877576,390.10000000000014,-378.8112449261226
7914,94.45819698422424,415.2999999999998,-320.84180301577555
7915,206.79386126900604,425.29999999999967,-218.50613873099363
7916,280.095979193852,425.29999999999967,-145.2040208061477
7917,319.7082173434705,415.69999999999976,-95.99178265652927
7918,350.8927244835961,412.9999999999998,-62.10727551640366
7919,383.722458386293,419.9999999999997,-36.27754161370672
7920,383.1745188335313,405.1,-21.925481166468728
7921,388.3941778106776,402.00000000000006,-13.605822189322453
7922,403.47545081631233,408.69999999999993,-5.2245491836876
7923,419.7584064871928,417.2999999999997,2.4584064871930877
7924,435.3471118705061,425.29999999999967,10.047111870506455
7925,481.95999670739855,458.60000000000025,23.359996707398295
7926,503.4847940515904,468.5,34.98479405159043
7927,523.9365289944392,479.2000000000003,44.73652899443891
7928,552.3604923202876,496.2999999999999,56.060492320287665
7929,528.4737216284492,475.5,52.9737216284492
7930,454.27876492506175,455.7000000000003,-1.4212350749385223
7931,323.66750057382245,419.3999999999997,-95.73249942617724
7932,164.643010951852,382.0999999999999,-217.4569890481479
7933,32.62264635154962,352.20000000000005,-319.5773536484504
7934,11.74168242783958,362.2999999999999,-350.5583175721603
7935,2.302983624231286,355.2999999999999,-352.9970163757686
7936,2.290041514347551,356.59999999999997,-354.30995848565243
7937,24.355084533447883,365.0999999999999,-340.744915466552
7938,131.93374067406705,391.8000000000001,-259.8662593259331
7939,195.637821150894,381.0999999999999,-185.4621788491059
7940,270.6125757161305,398.7000000000002,-128.08742428386972
7941,319.6092336549039,405.1,-85.49076634509612
7942,393.0691337963649,441.20000000000005,-48.13086620363515
7943,415.8352712143439,437.5999999999999,-21.76472878565602
7944,471.49601382944,468.4,3.0960138294400394
7945,525.5125369196105,498.1999999999999,27.312536919610636
7946,549.7362865820472,504.10000000000014,45.63628658204709
7947,577.378245155814,515.9,61.47824515581408
7948,598.7823468866542,524.2,74.58234688665414
7949,638.1220222904833,549.0000000000002,89.12202229048307
7950,666.4259177135066,563.4000000000001,103.02591771350649
7951,672.2196426529785,560.9000000000001,111.31964265297836
7952,670.3530763753166,554.4000000000002,115.95307637531641
7953,669.6446689607133,555.3000000000001,114.3446689607132
7954,594.9893833895695,533.9999999999999,60.98938338956964
7955,468.9042832074841,496.9999999999999,-28.09571679251576
7956,338.5942987894508,471.0,-132.40570121054918
7957,200.49201944032305,441.20000000000005,-240.707980559677
7958,63.304319695336346,409.59999999999985,-346.2956803046635
7959,19.890941026767628,402.2000000000001,-382.3090589732325
7960,29.91870575056884,410.79999999999984,-380.881294249431
7961,110.97956255037413,426.7999999999996,-315.8204374496255
7962,246.80985752120367,460.0000000000002,-213.19014247879656
7963,336.6996663375894,467.00000000000006,-130.30033366241065
7964,404.0347503852239,475.29999999999995,-71.26524961477605
7965,435.2267063734631,467.00000000000006,-31.77329362653694
7966,472.3982325625958,474.59999999999997,-2.2017674374041576
7967,481.56207051157554,465.7,15.862070511575553
7968,499.010207629318,469.7,29.31020762931803
7969,548.5032062438981,501.5,47.00320624389815
7970,577.3146147947989,515.1,62.21461479479888
7971,592.4657961005291,519.9000000000001,72.56579610052904
7972,621.3165399073164,535.8999999999999,85.41653990731652
7973,647.7169032235518,550.3000000000003,97.41690322355146
7974,637.535798500541,535.7999999999998,101.73579850054114
7975,649.5066062565893,542.9000000000001,106.6066062565892
7976,655.2888753208083,544.7000000000002,110.58887532080814
7977,628.9617537056262,524.9,104.06175370562619
7978,539.5071985004964,497.6999999999999,41.807198500496554
7979,352.50936986599766,435.1,-82.59063013400237
7980,161.96543081674022,394.20000000000005,-232.23456918325982
7981,19.53798896231247,358.79999999999995,-339.2620110376875
7982,0.0655389471547073,342.2000000000001,-342.1344610528454
7983,0.0,358.0999999999999,-358.0999999999999
7984,1.2366554533862264,388.20000000000005,-386.9633445466138
7985,16.785869536201282,396.70000000000016,-379.91413046379887
7986,127.64567699052192,432.49999999999983,-304.8543230094779
7987,268.5309079831917,466.09999999999997,-197.56909201680827
7988,367.074597709901,483.20000000000016,-116.12540229009915
7989,454.0500310153797,506.8,-52.749968984620295
7990,546.5246653587084,547.2,-0.6753346412916699
7991,587.119305352427,549.9000000000002,37.21930535242677
7992,644.3597967616652,574.4999999999995,69.85979676166562
7993,679.505355607224,585.8,93.70535560722408
7994,700.512686543248,588.3999999999999,112.11268654324817
7995,716.4672582696816,590.5999999999998,125.86725826968177
7996,764.7878195669385,622.6000000000001,142.1878195669384
7997,779.7559777634485,625.8000000000001,153.95597776344846
7998,809.5454091727731,641.7,167.8454091727731
7999,843.5027423660779,662.9000000000004,180.60274236607745
8000,867.4101718969862,673.9,193.5101718969862
8001,851.9637354408113,655.8000000000002,196.16373544081114
8002,776.0102759966773,633.3,142.7102759966773
8003,643.0577432304883,604.1000000000001,38.95774323048818
8004,471.6643031164761,563.7,-92.03569688352394
8005,329.4460643369717,549.2000000000003,-219.75393566302859
8006,213.78260921170772,526.6999999999999,-312.9173907882922
8007,211.44110334329176,545.6999999999999,-334.2588966567082
8008,273.1531323153096,571.0999999999999,-297.9468676846903
8009,378.7972119410957,588.8999999999999,-210.10278805890414
8010,535.2225247390892,632.8999999999999,-97.67747526091068
8011,678.1871815223004,677.2000000000002,0.9871815223002613
8012,749.8268162736066,681.5000000000001,68.32681627360648
8013,808.151620875417,689.5,118.65162087541705
8014,885.5807784598051,723.9000000000002,161.68077845980486
8015,937.155925786866,742.5999999999996,194.5559257868664
8016,972.7538849464112,750.9999999999997,221.75388494641152
8017,937.507492396204,879.4999999999999,58.00749239620416
8018,948.2806210111509,885.9000000000007,62.3806210111502
8019,969.957852390207,903.1000000000003,66.85785239020674
8020,964.7340963685128,891.7000000000004,73.03409636851245
8021,986.2101047201156,910.2,76.01010472011558
8022,1031.5927161862564,950.7000000000004,80.89271618625605
8023,1066.351257571502,977.0,89.35125757150195
8024,1065.5687926445949,968.9000000000001,96.66879264459476
8025,1091.6236392832373,988.4999999999999,103.12363928323737
8026,1029.9126978352178,949.0000000000005,80.91269783521739
8027,956.2002805470096,931.6999999999999,24.500280547009652
8028,880.5389959925701,926.4,-45.86100400742987
8029,817.2189455531097,902.8000000000002,-85.58105444689045
8030,770.5798288534861,885.9000000000007,-115.32017114651455
8031,777.640360623901,877.4999999999998,-99.85963937609881
8032,756.6967322526357,853.3,-96.60326774736427
8033,790.3193693401132,858.1999999999996,-67.88063065988638
8034,830.7174385610404,859.5999999999995,-28.8825614389591
8035,865.5698872100874,864.6999999999995,0.8698872100878816
8036,903.2275309405978,881.0000000000001,22.227530940597717
8037,966.6982413425272,927.3999999999999,39.298241342527376
8038,1018.7916926910434,962.1,56.691692691043386
8039,1042.5981136088633,969.1000000000001,73.49811360886315
8040,1045.5960364876353,960.0000000000002,85.59603648763505
8041,1061.3949944732992,968.7000000000002,92.69499447329906
8042,1058.5766487646754,958.6000000000003,99.97664876467513
8043,1034.864868603947,932.7000000000002,102.16486860394673
8044,1027.7276982186129,925.9,101.82769821861291
8045,1009.9254478852883,909.8,100.1254478852884
8046,1017.075637170294,920.2,96.875637170294
8047,991.2783524410644,895.8000000000004,95.47835244106398
8048,983.1376394858908,891.3000000000004,91.83763948589035
8049,983.9251832966612,895.3000000000005,88.62518329666068
8050,971.3811600956994,907.9999999999999,63.381160095699556
8051,914.2603615957396,873.0999999999995,41.16036159574014
8052,851.4707041082397,848.3000000000003,3.17070410823942
8053,748.166056991877,816.5999999999998,-68.43394300812281
8054,684.7540156889057,811.0999999999999,-126.34598431109418
8055,649.0943442433708,791.5,-142.40565575662924
8056,675.4096563251808,798.4000000000005,-122.99034367481977
8057,689.7523976263807,778.5999999999999,-88.84760237361922
8058,717.4854290515339,772.9,-55.41457094846612
8059,746.994345206079,775.8,-28.805654793921008
8060,787.2106567818897,798.3000000000005,-11.089343218110798
8061,792.8989185388482,787.9,4.998918538848216
8062,803.64623076195,788.8,14.846230761950096
8063,825.5097985560145,804.2000000000006,21.309798556013902
8064,832.1963963256776,804.2000000000006,27.996396325676983
8065,817.8435564880315,784.9999999999998,32.84355648803171
8066,815.8823985095404,782.4999999999999,33.38239850954051
8067,808.5878256564243,774.4999999999999,34.08782565642446
8068,814.9296608871971,781.9999999999998,32.929660887197315
8069,814.1256058053525,781.0999999999998,33.02560580535271
8070,812.6627495831173,779.5999999999999,33.06274958311735
8071,789.9721934681078,757.5,32.472193468107776
8072,792.9401330173264,763.3999999999999,29.540133017326525
8073,782.9362066426852,754.3000000000002,28.63620664268501
8074,719.0822938031578,731.4999999999995,-12.417706196841777
8075,572.0700193144855,681.5000000000001,-109.42998068551458
8076,420.9174481998048,665.9999999999999,-245.08255180019506
8077,333.3933319460079,647.9999999999999,-314.606668053992
8078,320.20225908266747,662.3999999999997,-342.1977409173323
8079,333.58655898796485,661.7999999999998,-328.213441012035
8080,417.4682199102056,675.2000000000004,-257.73178008979477
8081,504.1087649438863,689.5,-185.39123505611371
8082,561.3072725650095,691.5999999999999,-130.2927274349904
8083,618.2738985867454,709.9999999999998,-91.72610141325436
8084,672.6368671282405,736.9999999999997,-64.36313287175915
8085,673.0889269738944,712.7999999999998,-39.711073026105396
8086,699.1134431010863,726.0999999999998,-26.986556898913477
8087,706.1041080539023,721.7999999999998,-15.695891946097504
8088,720.7706275414282,728.9999999999995,-8.229372458571333
8089,740.6017876765266,742.4999999999998,-1.8982123234732171
8090,755.6701391494327,753.1000000000004,2.5701391494322934
8091,791.5007415938761,782.4999999999999,9.000741593876228
8092,793.9898973517847,777.3,16.689897351784793
8093,835.0804701152274,813.3999999999999,21.680470115227536
8094,855.6794172672586,826.5000000000002,29.179417267258373
8095,829.1427109483368,791.8,37.342710948336844
8096,823.4368101000083,785.4999999999999,37.936810100008415
8097,822.6878095682952,785.3999999999999,37.2878095682953
8098,786.7484016760195,782.4999999999999,4.2484016760196255
8099,650.1406775261748,740.1999999999997,-90.05932247382486
8100,539.8521928324495,747.9000000000001,-208.04780716755056
8101,430.9029742451361,727.2999999999997,-296.39702575486365
8102,347.921491081907,728.0999999999997,-380.1785089180927
8103,359.8147682031166,773.9,-414.08523179688336
8104,403.2892313457016,785.6999999999998,-382.41076865429824
8105,500.2593922783496,800.1000000000005,-299.8406077216509
8106,629.0887258943828,831.3000000000001,-202.21127410561724
8107,732.688425770019,856.5,-123.81157422998103
8108,792.3620785523907,858.7999999999995,-66.4379214476088
8109,860.386330707052,886.1000000000006,-25.713669292948566
8110,895.1397581571026,889.6000000000003,5.539758157102369
8111,919.1189750565536,891.2000000000004,27.918975056553222
8112,965.835730299525,921.3,44.535730299525085
8113,961.8444216788783,903.3000000000003,58.54442167887805
8114,941.7599283114962,875.1999999999996,66.5599283114966
8115,922.0003310662704,853.8,68.20033106627045
8116,877.4914618294749,810.5,66.99146182947493
8117,873.8416521743811,812.8,61.04165217438117
8118,882.4623171690138,825.5000000000002,56.962317169013545
8119,845.6531616735537,789.6999999999999,55.95316167355372
8120,826.0191730460072,776.1999999999999,49.81917304600722
8121,805.8196612155213,762.1999999999999,43.61966121552132
8122,774.1036080802501,740.8999999999997,33.20360808025032
8123,689.009735798339,710.5999999999999,-21.590264201660943
8124,609.562623954663,682.5999999999999,-73.03737604533694
8125,533.3119308066011,665.4,-132.08806919339884
8126,389.294084036247,618.0000000000001,-228.7059159637531
8127,309.4774822911335,605.2,-295.7225177088665
8128,311.4398137374673,609.9,-298.46018626253266
8129,353.9959909679398,603.2000000000002,-249.20400903206036
8130,396.8362329407989,587.0000000000001,-190.16376705920123
8131,452.08869812321626,600.0000000000001,-147.91130187678385
8132,470.5176366634428,587.0000000000001,-116.48236333655734
8133,479.7675617491543,576.5000000000001,-96.7324382508458
8134,458.5910355164587,543.4,-84.80896448354127
8135,452.27926018397727,532.3000000000001,-80.0207398160228
8136,454.7878423131439,533.4000000000002,-78.61215768685628
8137,439.881203076576,517.2,-77.31879692342403
8138,423.6978439189584,501.8999999999999,-78.2021560810415
8139,415.06407594077353,496.30000000000007,-81.23592405922653
8140,431.8630259820812,515.7,-83.83697401791886
8141,438.1044905135208,520.7,-82.59550948647927
8142,420.2884506381728,501.8999999999999,-81.61154936182714
8143,419.4689321658445,502.59999999999985,-83.13106783415537
8144,419.25174746643967,503.59999999999985,-84.34825253356018
8145,396.0788211645095,481.2000000000003,-85.12117883549075
8146,356.6016590750394,465.10000000000014,-108.49834092496076
8147,285.3418589833629,447.3,-161.95814101663711
8148,240.07281161987123,452.50000000000006,-212.42718838012883
8149,153.35273791409904,422.9999999999997,-269.6472620859007
8150,115.5399917544364,400.4,-284.86000824556356
8151,88.10110971061587,363.89999999999986,-275.79889028938396
8152,115.19786390013108,369.3,-254.10213609986891
8153,161.66167226344376,392.1000000000002,-230.43832773655643
8154,193.39723117416943,396.59999999999997,-203.20276882583053
8155,192.95940714211764,374.5000000000001,-181.54059285788247
8156,220.4058347197703,391.00000000000017,-170.59416528022987
8157,262.8154836315064,422.2999999999998,-159.48451636849336
8158,302.6375000619666,449.9000000000001,-147.2624999380335
8159,331.1872809795773,467.7000000000001,-136.51271902042282
8160,348.50656977797456,474.6000000000001,-126.09343022202552
8161,346.9992098676868,464.8000000000001,-117.80079013231335
8162,378.2795455998034,491.30000000000007,-113.02045440019668
8163,410.9189668748402,517.3000000000001,-106.38103312515989
8164,433.4516046862682,532.1000000000001,-98.64839531373195
8165,453.4808842795856,544.4999999999999,-91.01911572041428
8166,468.5373858943444,552.8000000000001,-84.26261410565564
8167,473.101792182454,551.3000000000001,-78.19820781754606
8168,484.0806199473983,559.1999999999997,-75.1193800526014
8169,469.8558981541743,541.9,-72.04410184582565
8170,437.2270603027811,535.6000000000001,-98.37293969721901
8171,363.2895211535704,515.9000000000001,-152.61047884642971
8172,232.3546280264453,507.5999999999997,-275.24537197355437
8173,129.3861995247822,491.50000000000006,-362.1138004752179
8174,62.27835715959606,506.9999999999997,-444.72164284040366
8175,30.56138530384571,489.5000000000002,-458.9386146961545
8176,77.98487489365823,500.40000000000003,-422.4151251063418
8177,156.3578253162757,507.99999999999966,-351.64217468372397
8178,261.8123880140876,538.1,-276.2876119859124
8179,332.62299126505854,546.4,-213.77700873494143
8180,406.53703272180746,576.0000000000001,-169.46296727819265
8181,458.46438003157056,592.8000000000001,-134.3356199684295
8182,487.4537590085733,596.1000000000001,-108.64624099142685
8183,517.5432418173242,607.5999999999999,-90.05675818267571
8184,531.196984375458,606.8999999999999,-75.70301562454188
8185,558.2085501002425,623.3000000000001,-65.09144989975755
8186,584.0106920134133,640.1999999999999,-56.18930798658664
8187,611.9581047466457,659.6999999999999,-47.74189525335419
8188,643.7783694031069,682.4,-38.621630596893056
8189,718.0248481442684,747.3000000000001,-29.27515185573168
8190,771.8207065488756,785.3999999999999,-13.579293451124272
8191,804.0098304018068,803.3000000000005,0.7098304018062436
8192,795.3294540625086,781.8999999999997,13.429454062508853
8193,759.0310167576969,739.7999999999996,19.23101675769726
8194,713.3904756717735,737.8999999999996,-24.50952432822612
8195,597.638340579402,715.9999999999997,-118.36165942059768
8196,457.2420098164694,697.4999999999998,-240.25799018353035
8197,362.5488131117151,715.5999999999997,-353.0511868882846
8198,281.12791510829794,705.7999999999998,-424.6720848917019
8199,275.55317102570245,722.8999999999999,-447.3468289742974
8200,355.89313440380886,769.6000000000001,-413.7068655961913
8201,485.16399541456536,798.6000000000005,-313.4360045854351
8202,642.5582138368627,851.5,-208.9417861631373
8203,779.1547611548208,904.5000000000002,-125.34523884517944
8204,884.1952208392677,944.6000000000004,-60.40477916073269
8205,959.7675372151066,971.2000000000002,-11.432462784893573
8206,1061.0787224516844,1033.1999999999994,27.878722451685007
8207,1134.8334011613313,1072.4000000000008,62.433401161330494
8208,1201.141286565667,1108.8000000000004,92.34128656566668
8209,1233.2980843479352,1115.2999999999997,117.99808434793545
8210,1254.8138465824031,1119.7999999999997,135.0138465824034
8211,1287.0316551105411,1137.5999999999997,149.43165511054144
8212,1316.9206962051874,1155.6999999999998,161.22069620518755
8213,1315.5260502403,1144.6,170.92605024030013
8214,1294.3844445403752,1117.3999999999999,176.9844445403753
8215,1319.9415457271289,1142.1,177.84154572712896
8216,1318.063783940141,1135.9999999999995,182.06378394014155
8217,1312.7901170278203,1129.9999999999995,182.79011702782077
8218,1255.229008982516,1105.4000000000003,149.8290089825157
8219,1137.503013991253,1074.3000000000006,63.20301399125242
8220,1032.278579536522,1060.8000000000002,-28.52142046347808
8221,967.8569023257562,1053.8000000000002,-85.94309767424397
8222,864.6898710154037,1008.7999999999998,-144.11012898459614
8223,809.527292245472,987.2,-177.672707754528
8224,833.7098477674064,983.2000000000002,-149.4901522325938
8225,907.0322491899392,1002.6999999999998,-95.66775081006062
8226,960.0518951716518,994.0,-33.948104828348164
8227,1011.5566600865824,995.9000000000001,15.656660086582292
8228,1070.8054281971838,1021.9999999999999,48.805428197183915
8229,1098.7835793302847,1023.4999999999997,75.28357933028508
8230,1132.6091454206894,1037.7999999999995,94.8091454206899
8231,1151.5772557029518,1041.8999999999994,109.67725570295238
8232,1158.9796190816676,1038.0999999999995,120.87961908166812
8233,1185.1884728576838,1056.6000000000004,128.58847285768343
8234,1203.756554932145,1067.6000000000006,136.15655493214445
8235,1207.230780434278,1064.8000000000006,142.43078043427727
8236,1219.7759417416137,1073.4000000000005,146.37594174161313
8237,1233.7045250496851,1082.3000000000004,151.4045250496847
8238,1245.3146306658375,1091.1000000000004,154.21463066583715
8239,1256.6550494380397,1098.0000000000002,158.65504943803944
8240,1247.208905076082,1084.3000000000004,162.9089050760815
8241,1263.5025815145016,1100.0000000000002,163.50258151450134
8242,1246.4726140746104,1083.6000000000004,162.87261407461006
8243,1235.4822521405326,1095.9,139.58225214053255
8244,1160.0766988281043,1064.3000000000004,95.77669882810392
8245,1131.4726843951728,1086.0000000000002,45.472684395172564
8246,1103.432638512267,1078.4000000000003,25.032638512266658
8247,1077.4458353246655,1067.2000000000007,10.245835324664768
8248,1085.8957670271736,1063.7000000000003,22.19576702717336
8249,1132.947919921057,1083.4000000000003,49.547919921056746
8250,1165.409475523418,1083.4000000000003,82.00947552341768
8251,1200.5613656982991,1094.2000000000005,106.36136569829864
8252,1254.5817509405863,1128.3999999999999,126.18175094058643
8253,1238.4686905053516,1095.5000000000005,142.9686905053511
8254,1254.257236622561,1102.2000000000005,152.0572366225606
8255,1278.5914790732718,1120.3999999999996,158.19147907327215
8256,1268.3939763111596,1102.7000000000005,165.69397631115908
8257,1283.6437678503685,1115.4999999999998,168.1437678503687
8258,1301.343427560446,1130.9999999999998,170.34342756044612
8259,1290.9227183729874,1115.2999999999997,175.62271837298772
8260,1309.8133100366506,1133.8999999999994,175.91331003665118
8261,1328.702237674627,1149.0999999999995,179.60223767462753
8262,1326.5191629702008,1143.5,183.0191629702008
8263,1318.292092378221,1132.7999999999997,185.4920923782213
8264,1301.7786849604097,1115.6999999999998,186.07868496040987
8265,1270.030629071613,1086.7000000000003,183.33062907161275
8266,1218.086673349931,1053.9,164.18667334993097
8267,1140.8441862501893,1025.3999999999996,115.44418625018966
8268,1025.4204530636478,1012.8999999999999,12.520453063647892
8269,888.7974149732681,979.7,-90.90258502673191
8270,782.6011673914547,968.4000000000003,-185.79883260854558
8271,737.8227456996475,947.0000000000006,-209.17725430035307
8272,753.3133528052992,947.1000000000005,-193.78664719470123
8273,846.269313421037,978.0999999999999,-131.83068657896285
8274,917.9145666795145,976.1000000000001,-58.185433320485686
8275,963.5835953160282,969.0000000000001,-5.416404683971905
8276,975.3566379396004,944.4000000000003,30.956637939600114
8277,1004.5532971851776,950.7000000000004,53.85329718517721
8278,1044.596210561588,974.8000000000002,69.79621056158771
8279,1048.696770446647,964.9,83.79677044664697
8280,1073.6487174485324,980.4000000000001,93.24871744853226
8281,1085.3914027993508,984.3000000000002,101.09140279935059
8282,1067.3973772254517,960.7000000000002,106.69737722545153
8283,1051.572920086095,943.8000000000004,107.7729200860947
8284,1045.5052240001132,939.0000000000001,106.50522400011312
8285,1044.4093197642094,939.6000000000001,104.80931976420925
8286,1048.99162892172,944.4000000000003,104.59162892171958
8287,1054.198200051854,949.0000000000005,105.19820005185352
8288,1057.2826474835106,951.1000000000004,106.18264748351021
8289,1079.867639432839,974.0000000000001,105.86763943283893
8290,1035.0508368086955,961.8000000000001,73.25083680869545
8291,927.8617955975856,930.1,-2.2382044024144534
8292,827.173628091535,925.5,-98.32637190846503
8293,749.0471328748713,908.5999999999999,-159.5528671251286
8294,671.6186557584633,916.3000000000003,-244.68134424153698
8295,644.9197631605127,895.0000000000006,-250.08023683948784
8296,663.9011033161156,880.0,-216.0988966838844
8297,730.7039634374945,879.1999999999998,-148.4960365625053
8298,818.7467885227933,901.0000000000002,-82.25321147720695
8299,866.4476344196594,897.8000000000001,-31.352365580340688
8300,910.8087114254224,906.8999999999999,3.9087114254225526
8301,942.9733052837051,913.5000000000002,29.473305283704917
8302,979.7515046975504,932.1,47.65150469755042
8303,987.1007376691248,923.5000000000001,63.60073766912467
8304,999.8973392045964,926.4,73.49733920459641
8305,1012.5810304477574,932.9000000000002,79.68103044775717
8306,1031.3608327572624,944.9000000000004,86.46083275726198
8307,1059.6133455721438,968.8000000000002,90.81334557214359
8308,1071.230050984777,973.0000000000001,98.230050984777
8309,1094.0478755605782,989.6999999999998,104.34787556057836
8310,1068.7515914973546,959.2000000000003,109.55159149735437
8311,1043.5541452458094,934.3,109.25414524580947
8312,1011.9090606100568,905.1000000000001,106.80906061005669
8313,1019.5685117431354,918.5,101.06851174313545
8314,982.3940995827054,889.0000000000002,93.39409958270517
8315,847.2929328455816,842.9,4.39293284558164
8316,679.5844668560994,801.2000000000006,-121.61553314390119
8317,602.7026584401248,766.2,-163.49734155987528
8318,508.48567441941896,722.9999999999999,-214.51432558058093
8319,468.29855319098215,711.3999999999999,-243.10144680901772
8320,462.2759789995762,715.4999999999997,-253.22402100042348
8321,525.2531685275634,736.6999999999996,-211.4468314724362
8322,610.2583821205743,757.3,-147.04161787942564
8323,667.5779411076111,762.9999999999999,-95.4220588923888
8324,710.4743481983439,768.7,-58.22565180165611
8325,764.3764746396987,796.3000000000003,-31.923525360301596
8326,800.3880601890864,810.2,-9.8119398109136
8327,812.5951052491002,805.8000000000006,6.795105249099606
8328,823.0011399727687,805.1000000000007,17.901139972767965
8329,829.1305912212152,803.9000000000005,25.230591221214695
8330,834.3216674200473,804.1000000000006,30.221667420046742
8331,807.0650987097017,772.4000000000001,34.665098709701624
8332,800.5030272455479,767.3000000000001,33.20302724554779
8333,827.8104765844603,796.8000000000004,31.010476584459866
8334,847.0687563368128,812.6999999999998,34.36875633681302
8335,872.816382540685,834.3000000000001,38.51638254068496
8336,872.0283487985611,827.9,44.12834879856109
8337,855.6551157163526,809.1000000000004,46.55511571635225
8338,801.1737310800645,776.4,24.773731080064522
8339,688.4514273627099,746.1999999999999,-57.74857263729007
8340,550.2085785769027,721.7999999999998,-171.59142142309713
8341,432.2776127971584,688.1999999999999,-255.92238720284155
8342,350.8696623332169,664.9999999999999,-314.13033766678296
8343,302.66622687168115,656.1999999999999,-353.5337731283188
8344,312.99044647698764,656.1999999999999,-343.2095535230123
8345,404.9948220831692,678.8000000000001,-273.80517791683087
8346,503.2187656122016,700.0999999999998,-196.8812343877982
8347,569.617396489986,706.3999999999997,-136.7826035100137
8348,636.547905480819,731.6999999999996,-95.15209451918054
8349,656.6105707404917,719.5999999999998,-62.98942925950814
8350,686.2272418058067,727.1999999999998,-40.97275819419315
8351,701.5149093798555,727.0999999999998,-25.585090620144342
8352,716.7622413668481,731.9999999999997,-15.237758633151543
8353,712.6546584862409,720.2999999999997,-7.645341513758808
8354,724.32035775327,726.6999999999998,-2.3796422467298726
8355,719.4896312029174,719.1999999999998,0.28963120291757605
8356,719.5127843384673,716.9999999999997,2.512784338467668
8357,701.0448981654043,697.4999999999998,3.544898165404561
8358,710.3176068109195,708.1999999999997,2.117606810919824
8359,754.8657218315013,753.1000000000004,1.7657218315009686
8360,758.3261983157954,750.7000000000003,7.626198315795136
8361,729.5852188004811,718.5999999999998,10.985218800481334
8362,653.6677796766313,669.8000000000002,-16.13222032336887
8363,567.4773701334996,660.1999999999998,-92.72262986650026
8364,427.9277709906674,605.0,-177.0722290093326
8365,287.6247294625476,581.0000000000001,-293.37527053745254
8366,180.31522646141235,571.9,-391.5847735385876
8367,118.4912548093736,559.5999999999997,-441.1087451906261
8368,171.2835413599178,581.3000000000001,-410.0164586400823
8369,278.2451206760559,614.8000000000002,-336.5548793239443
8370,377.2086762396143,630.1,-252.89132376038572
8371,462.3732974472595,647.3999999999999,-185.02670255274035
8372,518.8257532380654,655.3,-136.47424676193452
8373,592.1613576590429,693.3,-101.13864234095706
8374,657.0144170822942,728.0999999999997,-71.08558291770544
8375,702.1093127431212,748.7000000000002,-46.59068725687894
8376,740.645776984419,766.8,-26.15422301558101
8377,769.587522850064,780.0999999999999,-10.512477149935876
8378,792.4554757795603,788.9999999999999,3.455475779560402
8379,785.3424635438564,772.3000000000001,13.042463543856343
8380,789.9073335747192,771.8000000000001,18.107333574719178
8381,813.1481317039093,790.9999999999999,22.14813170390937
8382,829.202604531926,802.9000000000007,26.30260453192534
8383,837.2623575856617,805.8000000000006,31.46235758566104
8384,852.1708811584956,817.4,34.77088115849563
8385,860.2213775339352,820.1000000000001,40.12137753393506
8386,820.0235016284191,790.4999999999999,29.52350162841924
8387,749.3361658527816,777.5999999999999,-28.26383414721829
8388,640.2175117400017,747.6,-107.38248825999835
8389,505.57780717059046,732.3999999999996,-226.82219282940918
8390,342.6141362091647,678.6,-335.9858637908353
8391,330.78126876502245,668.9000000000001,-338.11873123497764
8392,378.3070747688703,668.9000000000001,-290.5929252311298
8393,456.83442634718494,685.9,-229.06557365281503
8394,516.6896260770704,682.4,-165.71037392292953
8395,587.2613248694241,705.0999999999998,-117.83867513057567
8396,599.8307606688487,681.7,-81.86923933115133
8397,614.2521771767969,674.8000000000004,-60.547822823203546
8398,622.2258360398368,668.7000000000002,-46.47416396016331
8399,636.1517010801135,672.4000000000002,-36.24829891988668
8400,627.733369272678,657.9999999999999,-30.266630727321854
8401,636.6126179816566,663.9999999999999,-27.38738201834326
8402,641.4368369095417,665.9999999999999,-24.563163090458147
8403,655.181247741638,677.2000000000002,-22.018752258362156
8404,625.370265893738,644.4999999999998,-19.12973410626182
8405,638.7367783762546,660.4999999999998,-21.763221623745153
8406,633.3588931996853,653.3,-19.94110680031463
8407,641.3142776450553,661.7999999999998,-20.485722354944528
8408,651.6464599159829,671.1,-19.453540084017163
8409,645.1260480591247,662.7999999999998,-17.6739519408751
8410,594.575169764798,628.1999999999999,-33.6248302352019
8411,542.7933878070276,601.3000000000001,-58.50661219297251
8412,445.276766953126,580.5,-135.223233046874
8413,371.0083236994856,572.7,-201.69167630051447
8414,303.695741490314,569.0999999999998,-265.4042585096858
8415,239.374050029884,557.0,-317.62594997011604
8416,213.8348279974591,534.4000000000001,-320.565172002541
8417,281.6391792952635,548.6999999999999,-267.06082070473644
8418,360.7671280872697,567.3999999999996,-206.6328719127299
8419,397.7460680814578,559.7999999999997,-162.05393191854193
8420,447.85239953278654,579.5,-131.64760046721346
8421,462.711754738224,571.0999999999999,-108.38824526177592
8422,479.16288811279287,571.9,-92.7371118872071
8423,492.7206210191828,574.9,-82.1793789808172
8424,525.5568550575312,599.9000000000001,-74.34314494246894
8425,503.77045113583057,568.3999999999996,-64.62954886416907
8426,496.022691601889,559.7999999999997,-63.77730839811073
8427,523.2163932105653,585.3,-62.08360678943461
8428,523.320812574977,582.8000000000001,-59.47918742502304
8429,542.8497609371499,600.2000000000002,-57.35023906285028
8430,555.6697324750097,608.9999999999999,-53.33026752499018
8431,540.4076258956804,589.6000000000001,-49.1923741043197
8432,541.7615793228878,590.1,-48.33842067711225
8433,517.4845730378505,566.6999999999996,-49.21542696214908
8434,472.1668047031021,538.8,-66.63319529689784
8435,375.9713622410839,511.69999999999965,-135.72863775891574
8436,254.92088373966345,500.40000000000003,-245.47911626033658
8437,159.91658444622178,488.7000000000003,-328.78341555377847
8438,80.72629864846402,478.8000000000003,-398.0737013515363
8439,89.56380455352753,470.80000000000024,-381.2361954464727
8440,92.97825747815897,462.10000000000014,-369.12174252184116
8441,150.98008718180324,470.2000000000002,-319.219912818197
8442,249.49022932999324,504.1999999999999,-254.70977067000663
8443,310.9918715851701,514.4,-203.4081284148299
8444,358.4817823446184,525.4000000000001,-166.91821765538168
8445,402.03019134111344,542.0,-139.96980865888656
8446,402.28036410793135,520.8000000000001,-118.51963589206872
8447,396.32115810972897,503.39999999999986,-107.0788418902709
8448,378.5561340940969,479.5000000000002,-100.94386590590335
8449,392.7944517180967,492.30000000000007,-99.50554828190337
8450,423.4574046062298,520.7,-97.24259539377027
8451,425.299687244341,517.2,-91.90031275565906
8452,465.4469223552914,553.8,-88.35307764470855
8453,464.5713540329525,545.6999999999999,-81.12864596704742
8454,449.4350391988165,526.9000000000001,-77.46496080118357
8455,457.2212260758575,534.4000000000001,-77.1787739241426
8456,454.0300187574856,529.7,-75.66998124251444
8457,455.8744757313845,531.3000000000001,-75.42552426861556
8458,395.8793921209438,493.20000000000016,-97.32060787905635
8459,264.12818447513087,454.1000000000002,-189.97181552486933
8460,147.13310152361748,431.5999999999997,-284.4668984763822
8461,46.241459463800936,398.8999999999999,-352.658540536199
8462,0.6739559011253486,373.4000000000001,-372.72604409887475
8463,0.0,356.0999999999999,-356.0999999999999
8464,0.2298529078274771,387.70000000000016,-387.4701470921727
8465,19.416142334220016,415.8999999999998,-396.4838576657798
8466,102.13998450525573,431.7999999999997,-329.660015494744
8467,175.64705475296847,443.4,-267.7529452470315
8468,242.4219589862668,463.30000000000007,-220.87804101373328
8469,280.90088377709543,466.4,-185.49911622290455
8470,319.3089812738871,479.5000000000002,-160.1910187261131
8471,341.96540505816296,482.80000000000035,-140.8345949418374
8472,372.3649286465023,499.50000000000006,-127.13507135349778
8473,399.5573032460592,515.3,-115.74269675394078
8474,456.4781607719425,561.5999999999997,-105.12183922805718
8475,466.02142954539954,558.2999999999998,-92.2785704546003
8476,478.6434006704833,561.7999999999997,-83.15659932951644
8477,497.4713165017349,574.2,-76.72868349826513
8478,524.2181232033778,594.2000000000002,-69.98187679662237
8479,558.0878923770271,621.3999999999999,-63.3121076229728
8480,562.0180558789831,616.9,-54.881944121016886
8481,569.5947554023892,619.5,-49.90524459761082
8482,533.5304998923538,607.3,-73.7695001076462
8483,463.9025047158981,594.1000000000001,-130.19749528410205
8484,363.5005973515147,583.4000000000001,-219.89940264848536
8485,253.45930503711017,561.3999999999997,-307.94069496288955
8486,210.5085214751259,568.2999999999996,-357.7914785248737
8487,160.49532316670658,566.7999999999996,-406.304676833293
8488,178.98497551824715,573.2,-394.2150244817529
8489,280.8075984415095,607.7999999999998,-326.9924015584903
8490,380.16156288627593,625.2999999999997,-245.1384371137238
8491,467.2624490113066,647.3999999999999,-180.13755098869325
8492,548.9242986270125,681.7,-132.77570137298756
8493,603.7592133860692,699.8999999999997,-96.14078661393057
8494,670.808541948484,738.0999999999996,-67.29145805151552
8495,701.777468612817,743.4999999999999,-41.722531387182926
8496,737.560408495232,762.1999999999999,-24.639591504767964
8497,753.9538451884878,763.8999999999997,-9.946154811511974
8498,764.4852157516619,763.7999999999998,0.6852157516620991
8499,770.2582817256365,762.1999999999999,8.058281725636562
8500,759.3609518727292,745.0999999999999,14.260951872729265
8501,781.3939097470701,766.2,15.193909747070052
8502,794.5787627240529,775.4,19.178762724052945
8503,782.5289403588139,759.7999999999998,22.728940358814043
8504,797.0050038140536,773.8000000000001,23.205003814053498
8505,794.4769999719562,769.3000000000001,25.176999971956093
8506,732.1335035493543,742.3999999999999,-10.266496450645604
8507,588.4273108232392,687.1999999999999,-98.77268917676076
8508,485.3356727651371,665.3,-179.96432723486288
8509,417.43093623332027,651.0999999999999,-233.66906376667964
8510,324.71954954399314,627.5999999999999,-302.88045045600677
8511,290.5129682819305,630.3,-339.78703171806944
8512,295.3410159055052,609.4,-314.0589840944948
8513,378.294446482456,624.6999999999998,-246.4055535175438
8514,468.00889337131406,650.3,-182.2911066286859
8515,508.6309259163016,642.9,-134.2690740836984
8516,554.7238515901948,655.8999999999999,-101.17614840980502
8517,559.3079451452156,637.5,-78.19205485478437
8518,546.3971759381449,609.4,-63.00282406185511
8519,548.5921990541256,605.0,-56.40780094587444
8520,533.6271738286243,585.4,-51.77282617137564
8521,553.0553649089293,605.1,-52.044635091070745
8522,565.335497759492,614.4000000000002,-49.064502240508205
8523,573.2587931002765,619.6,-46.34120689972349
8524,576.4819114262923,620.1999999999999,-43.71808857370763
8525,592.7672922212856,633.1,-40.33270777871439
8526,585.7181950555143,623.0000000000001,-37.28180494448577
8527,587.4484057141727,623.5999999999999,-36.15159428582717
8528,596.1336781794236,631.5,-35.366321820576445
8529,577.4881475197477,612.3000000000002,-34.81185248025247
8530,516.3431282757457,565.1999999999997,-48.856871724254006
8531,502.19950276504255,566.6999999999996,-64.50049723495704
8532,448.4518781634516,563.8999999999996,-115.44812183654801
8533,316.0410552866967,549.8,-233.75894471330326
8534,261.90030139768663,574.2,-312.2996986023134
8535,220.98770746615352,571.4,-350.4122925338464
8536,261.7818352019649,598.1000000000003,-336.31816479803535
8537,304.580579713326,587.0000000000001,-282.4194202866741
8538,390.6809309751066,608.6999999999998,-218.0190690248932
8539,432.0056477195802,597.2000000000003,-165.19435228042005
8540,472.92466988542816,601.8000000000002,-128.87533011457202
8541,513.86021756556,616.9,-103.03978243443999
8542,522.8716990181863,606.3999999999999,-83.52830098181357
8543,539.5728031457777,610.3000000000001,-70.72719685422237
8544,568.1585005761805,629.8,-61.64149942381948
8545,597.6621593124339,650.0999999999999,-52.437840687565995
8546,628.7036694239195,671.6000000000001,-42.896330576080686
8547,639.7071767170795,673.5000000000002,-33.79282328292072
8548,659.7096712177562,687.1999999999999,-27.49032878224375
8549,674.3142913116617,695.9,-21.585708688338286
8550,703.1321272915003,719.2999999999997,-16.16787270849943
8551,716.2676331895431,725.4,-9.132366810456915
8552,724.9766620389664,727.2999999999997,-2.323337961033303
8553,711.0188614406695,709.5999999999998,1.4188614406697297
8554,643.0968172679958,678.8000000000001,-35.70318273200428
8555,517.8602136313908,634.1,-116.2397863686092
8556,376.55567519599833,614.2000000000003,-237.64432480400194
8557,246.7558639800579,599.3000000000002,-352.54413601994224
8558,138.13800451330218,580.5,-442.3619954866978
8559,151.43087352974507,623.6999999999999,-472.26912647025483
8560,230.7896452137297,661.7999999999998,-431.0103547862701
8561,337.2884501639255,684.5999999999998,-347.3115498360743
8562,463.096698949668,715.1999999999996,-252.1033010503316
8563,520.2630277459989,694.4000000000001,-174.1369722540012
8564,582.1856394633464,704.9999999999999,-122.81436053665345
8565,607.0623358713196,691.7999999999998,-84.7376641286802
8566,661.4249853962677,722.5999999999999,-61.175014603732166
8567,687.3511471147682,727.0999999999998,-39.7488528852316
8568,706.0612116483165,731.3999999999995,-25.33878835168298
8569,723.8265284976727,738.0999999999996,-14.273471502326856
8570,743.0990971994875,748.4000000000002,-5.300902800512745
8571,755.6232204847228,753.9000000000001,1.723220484722674
8572,770.947418938114,763.2999999999998,7.647418938114129
8573,766.7320817202748,753.6000000000001,13.132081720274641
8574,789.0129951849534,773.1999999999999,15.812995184953479
8575,803.9957515127933,783.4999999999997,20.495751512793618
8576,805.9829665287015,781.5999999999997,24.382966528701786
8577,784.9512703870752,757.6999999999999,27.251270387075238
8578,742.3108897897246,736.5999999999996,5.710889789725002
8579,657.9759642997857,702.5999999999998,-44.62403570021411
8580,481.851204199193,639.4,-157.548795800807
8581,337.77776305624025,609.4,-271.62223694375973
8582,213.43744009114795,587.4000000000001,-373.96255990885214
8583,124.28816880622782,552.9,-428.61183119377216
8584,133.44866283445683,561.7999999999997,-428.3513371655429
8585,220.8076180364739,587.7000000000002,-366.89238196352625
8586,326.4025721726401,606.1999999999998,-279.79742782735974
8587,423.5724488272788,630.4,-206.8275511727212
8588,536.6476638899142,689.9999999999999,-153.35233611008573
8589,566.2096935408773,674.9000000000003,-108.69030645912301
8590,583.3634391497196,662.6999999999998,-79.3365608502802
8591,617.0932074480211,678.1000000000001,-61.00679255197906
8592,640.7709462649716,687.0,-46.2290537350284
8593,659.0679813776339,693.3,-34.23201862236601
8594,638.6992909389649,665.0999999999999,-26.40070906103506
8595,639.2053448327018,662.3999999999997,-23.194655167297924
8596,624.4862882774268,646.0999999999999,-21.613711722573157
8597,617.9478707496863,640.9,-22.952129250313646
8598,596.3782482995877,621.2,-24.821751700412392
8599,595.2338514591193,622.7,-27.466148540880795
8600,575.2929683728189,605.3,-30.00703162718105
8601,547.7798917166145,582.4000000000001,-34.62010828338555
8602,502.7571540265399,574.5,-71.74284597346008
8603,378.34032342710657,533.6000000000001,-155.25967657289357
8604,204.87072359373445,484.2000000000003,-279.3292764062658
8605,72.11679718867377,471.3000000000002,-399.1832028113264
8606,4.75467987117182,434.4999999999997,-429.74532012882787
8607,0.2177830562093718,436.49999999999983,-436.28221694379044
8608,1.1757470189107804,448.00000000000006,-446.8242529810893
8609,17.932958283333612,475.8000000000001,-457.8670417166665
8610,122.69850183272034,513.3999999999997,-390.7014981672794
8611,230.9860415877464,530.3000000000001,-299.31395841225367
8612,285.974968965118,518.3,-232.32503103488193
8613,316.92137165367643,502.79999999999984,-185.8786283463234
8614,349.99569564300947,506.6999999999997,-156.70430435699024
8615,388.83756840664927,524.3,-135.4624315933507
8616,414.71956517249777,532.5,-117.78043482750223
8617,447.20235754684063,551.3000000000001,-104.09764245315944
8618,433.8569630297033,526.9000000000001,-93.04303697029678
8619,425.6731508751931,513.8999999999999,-88.22684912480679
8620,444.4629426711636,530.3000000000001,-85.83705732883647
8621,460.5855871036303,543.6,-83.01441289636972
8622,472.9483594048848,551.7,-78.75164059511525
8623,460.600193720556,535.0000000000001,-74.39980627944414
8624,458.8514850678916,533.5000000000001,-74.64851493210853
8625,462.16898278187045,536.1,-73.93101721812957
8626,403.326144648526,498.4000000000001,-95.0738553514741
8627,267.1755809618072,443.4,-176.22441903819276
8628,123.77086982993362,416.49999999999983,-292.72913017006624
8629,8.461277406714272,391.3000000000002,-382.8387225932859
8630,0.0,381.2000000000003,-381.2000000000003
8631,0.0,358.2999999999999,-358.2999999999999
8632,0.0,389.3000000000001,-389.3000000000001
8633,0.0,405.2,-405.2
8634,6.491779608175777,443.90000000000003,-437.4082203918243
8635,78.48464577635603,471.9000000000002,-393.41535422364416
8636,169.3887580827097,477.9000000000002,-308.5112419172905
8637,259.04592259145466,505.89999999999975,-246.8540774085451
8638,323.27385969802293,521.4000000000001,-198.12614030197716
8639,389.37957373262026,551.2,-161.8204262673798
8640,439.66059458429646,572.1,-132.43940541570356
8641,489.4457510978722,599.8000000000001,-110.35424890212789
8642,512.7824643939235,603.3000000000001,-90.51753560607654
8643,518.473904588646,594.8000000000002,-76.32609541135423
8644,529.9560280105019,597.9000000000003,-67.94397198949844
8645,520.9636830434418,582.5000000000001,-61.53631695655827
8646,543.3101636394953,602.1000000000001,-58.789836360504864
8647,552.8104067579826,607.1999999999999,-54.38959324201733
8648,566.816129864345,617.3000000000001,-50.483870135655025
8649,552.11638264607,599.1000000000003,-46.9836173539303
8650,504.81720913233175,575.9000000000001,-71.08279086766834
8651,395.9777486486357,542.3000000000001,-146.32225135136434
8652,256.2826000438427,492.50000000000006,-236.21739995615735
8653,127.0277428551409,467.7000000000001,-340.6722571448592
8654,31.56111614186276,449.1000000000001,-417.5388838581373
8655,7.6628789846106224,422.5999999999998,-414.93712101538915
8656,25.93311622157985,411.00000000000006,-385.0668837784202
8657,101.88717266619577,440.20000000000005,-338.3128273338043
8658,176.1556542286791,454.90000000000026,-278.74434577132115
8659,232.37788031455787,458.3000000000002,-225.9221196854423
8660,244.3861012187937,434.4999999999997,-190.11389878120602
8661,281.2667864900365,449.50000000000006,-168.23321350996355
8662,306.93641567730003,456.9000000000003,-149.96358432270029
8663,319.3019358208224,456.1000000000003,-136.7980641791779
8664,347.78679995271693,475.90000000000003,-128.1132000472831
8665,355.43525287682024,475.1000000000001,-119.66474712317984
8666,349.96209918331084,463.30000000000007,-113.33790081668923
8667,328.1345298368464,440.20000000000005,-112.06547016315363
8668,320.9656822906257,432.6999999999997,-111.73431770937401
8669,310.66941106496046,424.0999999999996,-113.43058893503917
8670,306.89115270818684,422.89999999999975,-116.00884729181291
8671,307.55925419597264,425.19999999999976,-117.64074580402712
8672,313.02702349356264,431.3999999999997,-118.37297650643706
8673,313.638625427466,431.7999999999997,-118.1613745725337
8674,301.224504019477,431.19999999999965,-129.97549598052262
8675,214.01943744771376,400.1,-186.08056255228627
8676,114.31845078064332,376.20000000000016,-261.8815492193568
8677,58.10538395143367,363.19999999999993,-305.09461604856625
8678,39.171965548866325,340.59999999999985,-301.4280344511335
8679,38.66439313468011,344.59999999999997,-305.93560686531987
8680,61.29379181560426,346.40000000000003,-285.10620818439577
8681,84.38350557379925,336.00000000000006,-251.6164944262008
8682,82.06929736766251,305.40000000000015,-223.33070263233765
8683,99.26522201502132,307.1000000000002,-207.83477798497887
8684,101.94165762405189,299.10000000000014,-197.15834237594825
8685,89.43125692695335,279.00000000000006,-189.5687430730467
8686,92.15450614608642,279.50000000000006,-187.34549385391364
8687,87.32834324857964,272.9,-185.57165675142033
8688,86.80268220460002,272.59999999999997,-185.79731779539995
8689,90.22609389602825,275.90000000000003,-185.67390610397177
8690,98.33467386456398,284.60000000000014,-186.26532613543617
8691,113.85885910152004,298.60000000000014,-184.7411408984801
8692,92.36626156392336,272.99999999999994,-180.63373843607658
8693,115.12160064660264,298.20000000000016,-183.07839935339751
8694,135.693684842476,317.5000000000001,-181.80631515752412
8695,124.84916931944451,301.0000000000001,-176.1508306805556
8696,132.51300218901747,307.9000000000002,-175.38699781098273
8697,124.85064230681871,298.8000000000002,-173.94935769318147
8698,126.5379398077286,312.90000000000003,-186.36206019227143
8699,90.2124262996297,294.10000000000014,-203.88757370037044
8700,82.01051159495125,312.70000000000005,-230.6894884050488
8701,71.30085372100103,317.20000000000016,-245.89914627899913
8702,71.9617702579274,328.29999999999995,-256.33822974207254
8703,95.83319861434154,367.6,-271.7668013856585
8704,142.77737681006943,403.70000000000005,-260.9226231899306
8705,191.43094472954309,423.6999999999996,-232.2690552704565
8706,247.43326867824533,448.9000000000001,-201.46673132175476
8707,293.4125391134258,467.1000000000001,-173.68746088657429
8708,316.78065718112333,469.10000000000025,-152.31934281887692
8709,327.9443922668818,465.0000000000001,-137.05560773311834
8710,359.757762831904,486.90000000000026,-127.14223716809624
8711,381.0469311034094,497.6000000000001,-116.55306889659067
8712,376.68440274641694,485.5000000000003,-108.81559725358335
8713,397.095398616014,501.1999999999999,-104.10460138398588
8714,434.19340588928833,533.4000000000002,-99.20659411071188
8715,446.9659191360107,538.5999999999999,-91.6340808639892
8716,485.40818127725095,570.5999999999998,-85.19181872274885
8717,504.42601038981553,581.2,-76.77398961018451
8718,542.0803536904035,611.5000000000001,-69.4196463095966
8719,583.4516727098976,643.9999999999998,-60.54832729010218
8720,587.8559750021898,638.5000000000001,-50.644024997810334
8721,601.7993179589137,644.7999999999998,-43.00068204108618
8722,570.1771267196491,640.1999999999999,-70.02287328035084
8723,551.5981658754012,669.5000000000001,-117.90183412459896
8724,456.0266083673025,637.6,-181.5733916326975
8725,336.53474454180304,604.9000000000001,-268.36525545819705
8726,268.3826577819778,609.4999999999999,-341.1173422180221
8727,257.26663943908886,606.7999999999998,-349.533360560911
8728,317.194806820284,631.0,-313.805193179716
8729,384.7655083460977,644.5999999999998,-259.8344916539021
8730,495.954663510883,690.8,-194.84533648911696
8731,570.2826292152511,707.3999999999996,-137.11737078474857
8732,595.3606453644584,690.6999999999999,-95.33935463554155
8733,653.2983643144033,721.4999999999999,-68.20163568559656
8734,708.9590648642289,754.3000000000002,-45.34093513577125
8735,741.7184707479665,766.2,-24.48152925203351
8736,779.9071850594756,788.3999999999999,-8.492814940524227
8737,810.7194138563252,805.8000000000006,4.9194138563245815
8738,836.7693897432476,819.7000000000002,17.069389743247484
8739,861.4742781022695,834.4000000000001,27.07427810226943
8740,877.4919445460105,841.3,36.19194454601052
8741,898.0700275124711,854.9999999999998,43.07002751247137
8742,907.532482419583,857.0999999999996,50.43248241958338
8743,926.4147720081304,871.9999999999994,54.41477200813097
8744,922.984193973258,862.0999999999996,60.88419397325845
8745,961.9867089611516,898.7,63.28670896115159
8746,936.2449361191658,873.0999999999995,63.144936119166346
8747,894.6289258118221,862.2999999999995,32.328925811822614
8748,814.3130312089855,862.7999999999995,-48.486968791013965
8749,712.0279418755754,871.2999999999994,-159.272058124424
8750,656.755338992818,864.9999999999994,-208.24466100718143
8751,645.5881196036726,868.4999999999994,-222.91188039632686
8752,666.2824509738601,874.0999999999995,-207.81754902613932
8753,713.2232294434572,861.5999999999996,-148.3767705565424
8754,792.3832245266993,877.8999999999999,-85.51677547330053
8755,874.4280866486342,910.6000000000001,-36.1719133513659
8756,937.6770411296076,936.2000000000002,1.4770411296074144
8757,1007.465814417916,974.9000000000001,32.56581441791593
8758,1076.4771664596046,1018.0,58.47716645960463
8759,1128.1113553183743,1045.9999999999998,82.11135531837454
8760,1162.7308210701844,1060.8000000000002,101.93082107018427
