hour,simstadt_heating_demand_kwh_h
1,0.0
2,0.0
3,0.0
4,0.0
5,0.0
6,0.0
7,0.0
8,9.34771698146111
9,12.88725367958913
10,12.175203182229298
11,11.778528191968247
12,11.825525179137637
13,11.839688588939008
14,12.089035928574456
15,12.545800221687895
16,13.162658167783714
17,13.838828387017056
18,14.260006534713758
19,14.50481259460832
20,14.579782824726037
21,14.600308916347803
22,14.62022398802476
23,14.766664709276407
24,15.08971162259713
25,2.66054390144743
26,0.09887357520161849
27,1.1598125440552474
28,1.9118231296305424
29,2.504907639692691
30,3.0079111037859954
31,3.493576069683234
32,17.179373117172734
33,21.941626650889276
34,20.94604144919676
35,20.255170656558413
36,19.70798923979139
37,19.316556889070352
38,19.09827377719902
39,19.034412644248423
40,19.110732957368544
41,19.34758851397566
42,19.461910490481387
43,19.515943977760447
44,19.564536964311817
45,19.661170524208597
46,19.791745692778115
47,19.99439044080015
48,20.28422296597272
49,6.30349207401721
50,3.74953770124288
51,4.83364603007943
52,5.585557559113642
53,6.205174932380581
54,6.7875193664608044
55,7.315145631826704
56,22.7534629702296
57,27.258735691200055
58,21.70151660999001
59,19.12729097031327
60,17.140412750175454
61,16.577241507341185
62,15.108683414308059
63,13.949422520525095
64,14.838384544527637
65,18.674722513620615
66,19.691443744841227
67,20.19481175093817
68,20.50106679701893
69,20.798520578396264
70,21.108517576564086
71,21.497821267029696
72,21.903829811333907
73,7.442350208748232
74,4.933632158753842
75,6.031181213268848
76,6.836393946481273
77,7.494411826577391
78,8.079348996306063
79,8.611329037342811
80,24.630303550936535
81,28.73712436402305
82,23.982653500638783
83,21.134847216722353
84,20.242311061562617
85,19.285635807804674
86,17.87374805339878
87,16.176457522626507
88,16.379766114858697
89,19.303069507130942
90,21.216380410599232
91,22.075734787053047
92,22.75731449080769
93,23.313329057166587
94,23.801090699488437
95,24.117468134619944
96,24.371167221861377
97,8.981321156092115
98,6.493674658393971
99,7.732239145942828
100,8.652771660849867
101,9.292511220522577
102,9.70677720768798
103,10.026324143610687
104,26.431260227634702
105,31.884562860560806
106,29.29798592933016
107,27.90539675109696
108,26.87580026016793
109,23.933082360291962
110,23.739202100992074
111,24.00116302506164
112,25.336159862463624
113,26.30041754079908
114,26.659538064407418
115,26.81102018667987
116,26.989544074438736
117,27.23167512301946
118,27.460755348556006
119,27.572824941638622
120,27.61568814205357
121,10.979072975691516
122,8.246517859928321
123,9.202231081471425
124,9.850196469141565
125,10.31500969047519
126,10.631299351344925
127,10.865132421457552
128,27.51793706455238
129,32.83054414176991
130,30.95390121992308
131,29.465099221618246
132,28.316794823737524
133,27.431796229054655
134,26.869379291994207
135,26.63080577294981
136,26.53248372971999
137,26.410220035873742
138,26.069967969564598
139,25.664956453795988
140,25.323192172932153
141,25.15285565955293
142,25.00986033222958
143,24.827046534611753
144,24.592624522304064
145,8.737849190670385
146,5.8523352051020545
147,6.65657785916296
148,7.167501630281768
149,7.529076297252273
150,7.817942071209524
151,8.054267929583773
152,23.647095431631396
153,28.71943702446615
154,27.09583402010053
155,25.553788232681935
156,24.432601662503927
157,23.958198871737856
158,23.12269741510917
159,22.79116291029682
160,22.81676302130575
161,23.063797022354425
162,23.10025271006364
163,22.992600692349473
164,22.69105465964761
165,22.358063588208612
166,22.028018388359037
167,21.786341389343022
168,21.68720597913373
169,6.761790236556747
170,3.934310233980496
171,4.731280659960353
172,5.215885956473745
173,5.547819863795075
174,5.788873346975791
175,5.975246721856303
176,20.682843302936824
177,25.491589118727205
178,23.995446292839738
179,22.573260011547234
180,21.405177043206123
181,20.582527041477597
182,20.080592113233823
183,19.976055299762415
184,20.17004191495201
185,20.17717726881329
186,19.920462913440364
187,19.619870606137376
188,19.57061441711464
189,19.632932763412235
190,19.706824317144136
191,19.630976280213115
192,19.334767767693638
193,4.991313047548642
194,2.058902416571113
195,2.891381131163394
196,3.4997076676353918
197,3.973567594967939
198,4.362152239696087
199,4.692332742229304
200,18.92839905369149
201,23.486026779732217
202,21.859555231868924
203,20.93219023680412
204,20.094542595692957
205,19.474112748024677
206,19.0367439358061
207,18.77133860756357
208,18.705725000604378
209,18.8194968848727
210,18.836361646081595
211,18.75303454849814
212,18.63913358610216
213,18.50126929892729
214,18.351817791929925
215,18.25835625965844
216,18.221270877191564
217,4.472630906953313
218,1.6740311152941285
219,2.5452561628560293
220,3.1093540561701145
221,3.5216614784335896
222,3.857368914103936
223,4.130855591441351
224,17.883559112948998
225,22.31137881835715
226,20.792854946340633
227,19.65716666552973
228,18.759167283464553
229,18.073142381093
230,17.6398484942449
231,17.414466783455087
232,17.387872262080048
233,17.50235625321706
234,17.501014402013226
235,17.449132150918846
236,17.441430786199156
237,17.490240415065102
238,17.565042340933132
239,17.626029960611334
240,17.673810524030745
241,4.1445975920090135
242,1.4915452184712517
243,2.531579519269621
244,3.2693361939974825
245,3.7233294437019024
246,4.018149373004805
247,4.247447400293918
248,18.096896432272114
249,22.705224434097907
250,21.271809972266677
251,20.4489466041128
252,19.666288580080046
253,19.07338548051528
254,18.684473106330987
255,18.593391590491382
256,18.766877016828364
257,19.157722203840766
258,19.522133423848445
259,19.82507621338442
260,20.05574806893531
261,20.20920772357865
262,20.243197747423366
263,20.192081382034285
264,20.07608672964969
265,5.730857701119975
266,3.0965985991313527
267,4.253816123969898
268,5.1363128357945484
269,5.844340978385331
270,6.395820865104162
271,6.850556932053773
272,22.233856042608895
273,27.307108104246996
274,25.619068190227694
275,24.327058750203037
276,19.635205985761395
277,18.62939085244466
278,17.987862786167558
279,16.26100716663477
280,19.583339153595702
281,21.03195991059112
282,21.93776844102662
283,22.562892649821386
284,23.109099966592133
285,23.620697742824646
286,24.06286358725455
287,24.443089346702845
288,24.811518715205658
289,9.156347317694543
290,6.613494846047348
291,7.758437539883744
292,8.617003385571312
293,9.359867545011415
294,10.016190616032915
295,10.571473415804794
296,27.57128279207472
297,32.997495682240924
298,30.809616708085514
299,29.32448518124187
300,28.173713301157616
301,27.398507847087025
302,27.131360500749572
303,26.72086675575062
304,26.482873858814035
305,26.525001098318796
306,26.57731275673072
307,26.64151884244819
308,26.717307275093283
309,26.775176124399433
310,26.786576938423863
311,26.73804880970504
312,26.613774856229785
313,10.201701360603126
314,7.383589595756154
315,8.254521128634085
316,8.843058604494221
317,9.28961236631284
318,9.646257818613854
319,9.934345224327227
320,26.37341480278679
321,31.663441186117918
322,29.871929359852437
323,28.511873483051023
324,27.407616977968843
325,26.46182756406944
326,25.6756126402547
327,25.04274400965645
328,24.51680579606368
329,24.00754874612549
330,23.365485806389366
331,22.638512392660655
332,22.03605744067724
333,21.530389891085516
334,21.189617046770696
335,20.910771538181844
336,20.651560331970742
337,6.134964993178938
338,3.270045955645781
339,4.088900815251214
340,4.615478413028606
341,4.9979849573512585
342,5.265647681482377
343,5.481976954934006
344,19.950659919534793
345,24.571928540323555
346,22.771694565969778
347,21.248499351945707
348,20.028292289001435
349,19.19575832906524
350,19.039834615308006
351,18.95663265666866
352,19.111817398960856
353,19.393275506114314
354,19.54979214667872
355,19.410098357561353
356,18.79354497601766
357,17.82501116422452
358,16.825917021165026
359,16.099369644309757
360,15.771636279781248
361,2.9000940681735905
362,0.11555911218390161
363,1.0362164940326895
364,1.7086704044683656
365,2.3311613435636294
366,2.9090819445206177
367,3.426543092997308
368,17.381901670828928
369,21.800768931874593
370,20.133065288905165
371,19.210104742392065
372,18.374941232415335
373,17.740365134232405
374,17.44079479557245
375,17.340543072274425
376,17.37017675309382
377,17.363059867131046
378,17.214234448951416
379,17.014670993672585
380,17.087596301321295
381,17.441522964501676
382,17.897011966244605
383,18.357268807895284
384,18.611750949482857
385,4.760348032321636
386,2.1657133856962414
387,3.230640294276139
388,3.971834463984253
389,4.510077052005985
390,4.900026209641412
391,5.22160697590183
392,19.721810519541393
393,24.548876251898797
394,23.270708046001083
395,22.1624958968114
396,21.328524648589664
397,20.89928564646338
398,20.931979113270287
399,20.681499697164245
400,20.472582407349996
401,20.292936829609648
402,20.136418306283932
403,19.967218814806756
404,19.968205550580834
405,20.09094365635476
406,20.211437930085086
407,20.201596312710382
408,19.96093764290706
409,5.609282917125229
410,2.730966889055223
411,3.5804452577736967
412,4.180087863537814
413,4.68679199647177
414,5.113935719072874
415,5.4699774893690485
416,19.816818452032212
417,24.378793139418534
418,22.774439765824805
419,21.62435516853456
420,20.847246654205332
421,20.349118237664836
422,20.17505505187565
423,20.213766307895362
424,20.33689553791758
425,20.401802520820418
426,20.2884213966742
427,20.05511803366991
428,19.840208816755325
429,19.77672614691475
430,19.678194983293444
431,19.561508806461223
432,19.465165280846513
433,5.388205142599359
434,2.592365740522946
435,3.473329744863675
436,4.079671999308751
437,4.556474120838328
438,4.958474659508946
439,5.326429207805535
440,19.64755496029557
441,24.233255940223525
442,22.772193116461047
443,21.709110805917863
444,20.904889635631957
445,20.232379278443677
446,19.657971550416935
447,19.203451399894977
448,18.965193661045042
449,19.01144349731848
450,19.211107141274105
451,19.34525665852395
452,19.455201012434188
453,19.498709187529627
454,19.52839132334898
455,19.629612171037337
456,19.786067352908198
457,5.651536722279464
458,2.9663227867801227
459,3.926322695509508
460,4.566892456422275
461,5.0490588476715885
462,5.428947264909139
463,5.751422648608511
464,20.39810514882134
465,25.195407964167128
466,23.689684823420823
467,22.502864379420757
468,21.485201726465853
469,20.70653998520788
470,20.389086487429545
471,20.41688783551302
472,20.596854826750956
473,20.763577458609696
474,20.719212848274143
475,20.58441734423231
476,20.710950033269548
477,21.137020410632434
478,21.62887442912055
479,22.099501765062733
480,22.446991515932435
481,7.426095044166569
482,4.845452114229111
483,5.948252925204077
484,6.745479223525196
485,7.386898886791306
486,7.944192455279884
487,8.44944471271171
488,24.7537302592427
489,28.024947946162776
490,23.192504893296647
491,22.562387040888495
492,20.289315287210652
493,18.162601006118486
494,16.867129026575075
495,16.25766121928272
496,15.871386048718728
497,17.679787190327165
498,20.706234521197555
499,21.842053909912664
500,22.487107201688914
501,22.9142795799192
502,23.250172044511544
503,23.584796533821947
504,24.033494980129397
505,8.709910834148928
506,6.206582440453179
507,7.340684822489371
508,8.167965799678997
509,8.863288870997259
510,9.482855501850668
511,10.023317461958152
512,26.760865057513655
513,32.058746255234496
514,29.587661145364127
515,27.961567042072144
516,26.578702096408442
517,24.672683057162402
518,23.647837154986856
519,21.83334505674594
520,23.094866136358654
521,24.05730652537549
522,24.638712806430135
523,24.77026389796523
524,24.899245898534126
525,25.044223823281126
526,25.166444587621914
527,25.216586534506455
528,25.14433929072559
529,9.186388194198031
530,6.406876188652127
531,7.311111303337974
532,7.931604957110686
533,8.397514547143228
534,8.761127929452826
535,9.07542753313875
536,25.26114373057526
537,30.60342711641942
538,29.045248080553115
539,27.836829657889204
540,26.768777042749882
541,25.912438282329507
542,25.303482954570892
543,25.033303121313224
544,24.991048126631124
545,25.14108191294252
546,25.2526640042918
547,25.15455138549484
548,24.877590750137536
549,24.4590999217522
550,23.999665363451967
551,23.554248324790798
552,23.21880401382901
553,7.834535207610855
554,4.930125942101068
555,5.705102917748041
556,6.195752795696148
557,6.548447138057066
558,6.8121511510048
559,7.039743124098701
560,22.1958519573989
561,27.187559981637094
562,25.76054830563659
563,24.718485327529123
564,23.94440310642096
565,23.356100936572773
566,22.48165025902911
567,22.03265357204463
568,22.002892041510446
569,22.205948519550383
570,22.4598721342372
571,22.54476557321073
572,22.67215283766094
573,22.82093045046551
574,22.946129432078312
575,22.960288814569882
576,22.91341952811486
577,7.551764371370535
578,4.8042677641315334
579,5.81110570304913
580,6.539555500473193
581,7.120863579567659
582,7.609993861831454
583,8.019407816755646
584,23.969403960097026
585,27.06829060274442
586,22.233660601925163
587,18.985656355820726
588,17.39569732149091
589,17.45912514289385
590,15.063759801064435
591,14.564072073923208
592,12.95240919467981
593,14.259155207944687
594,18.167820340484017
595,19.595321186411375
596,20.571373010619492
597,21.198176203950982
598,21.69710812390461
599,22.169995049650296
600,22.649723275984854
601,7.663484679696516
602,5.166125207776171
603,6.3385709069015626
604,7.215701533708141
605,7.958406704257342
606,8.676449976519237
607,9.348119020734348
608,26.300729279661557
609,29.813617869086542
610,24.83321891690654
611,22.91647076595189
612,20.697657707167753
613,21.18077661068237
614,18.122050561444777
615,16.81705607204114
616,15.947588526058453
617,17.472072238805914
618,21.30291316287336
619,22.621491949957488
620,23.465922560277072
621,23.972124982053685
622,24.357226437896173
623,24.720963664505888
624,25.15234889898511
625,9.493241158486514
626,7.047097820071722
627,8.285897280979277
628,9.236904970304442
629,10.037432139494388
630,10.699153619509815
631,11.239188012465558
632,28.63489723014933
633,31.40882959417637
634,26.869818747779572
635,24.918106176275767
636,22.533661919779888
637,22.322997366955377
638,20.132369616033483
639,18.57067184473334
640,18.933134046020584
641,20.397545395023933
642,24.107128519033825
643,25.5309150367113
644,26.43843075800248
645,26.884888060666064
646,27.208905741835295
647,27.604915983855573
648,28.11050339965561
649,11.530304653191228
650,9.056079722905366
651,10.20402653591437
652,11.05075987565726
653,11.82876853711528
654,12.607584565202005
655,13.571800993421771
656,31.759133061588784
657,34.41117959144668
658,29.499098270133164
659,26.616944153530973
660,25.748764452498854
661,23.987540089514717
662,23.041992905978017
663,21.895199308273984
664,20.084891278480637
665,20.9774960900792
666,25.142064664512397
667,26.549726460919658
668,27.57060696266753
669,28.395406660815386
670,29.090223077468867
671,29.61336499446943
672,29.940289832486105
673,12.891141280412048
674,10.050242035741652
675,11.191787273659534
676,12.045705159000319
677,12.8180254412819
678,13.611913669059488
679,14.580057484208261
680,32.74780760043827
681,38.60884696210128
682,36.52908584172272
683,35.249948440605074
684,33.904303356794514
685,32.74578586877543
686,31.916223565226666
687,31.490730409856432
688,31.39267362145783
689,31.529178392269383
690,31.680200558191622
691,31.59232034137304
692,31.364816758182574
693,31.05263831665617
694,30.727034582865123
695,30.489744448869164
696,30.395039885048707
697,12.98225718126776
698,9.879775817403097
699,10.612277516282404
700,11.042252404299308
701,11.342629414135779
702,11.616540214138439
703,11.875645628260184
704,29.311388064110055
705,34.95043978699417
706,33.11387181981338
707,31.71652389002568
708,30.49813726187737
709,29.41756409906665
710,28.50557020621369
711,27.7928820461973
712,27.325235411883472
713,27.134372653864133
714,27.116503949881412
715,26.95903436068179
716,26.740814367094636
717,26.497639311519983
718,26.255218097762675
719,26.04120414342882
720,25.97262365449407
721,9.617520205831752
722,6.85366731075135
723,7.758453296905758
724,8.36968806605497
725,8.830955820631267
726,9.183263799349302
727,9.448559338831894
728,25.843443655614827
729,30.86184039166374
730,28.833429945183482
731,27.349430245578475
732,26.245276076483236
733,25.44476449985507
734,24.861142066698132
735,24.069513582911256
736,23.773707342589738
737,23.96239355624385
738,24.244480256767325
739,24.2730311663183
740,24.219136079542196
741,24.112209067922652
742,23.992077698420793
743,23.977862839052555
744,24.076530087293385
745,8.307853937506959
746,5.63532011894514
747,6.627506131976075
748,7.3414484091709085
749,7.960923923133434
750,8.544978437817079
751,9.082941305585397
752,25.944822577914756
753,28.930052631045776
754,23.953205867738497
755,24.50065167481616
756,21.663420604998453
757,22.029499911388555
758,19.791792821319916
759,18.220493742000137
760,16.46180151898029
761,17.691713834207363
762,20.748574495907942
763,21.881396737679708
764,22.590046984575622
765,22.929134217574532
766,23.167786187613153
767,23.376163906489104
768,23.625699039130623
769,8.1286781562758
770,5.506567149752922
771,6.489936975354253
772,7.115957260598095
773,7.565426496749222
774,7.931298967118637
775,8.245268079464342
776,24.15860156477023
777,29.28738403214661
778,27.63557804142745
779,26.473188475052524
780,25.565469568474885
781,24.899296290803164
782,24.52950807266643
783,24.426604338157166
784,24.52650865018249
785,24.765051516999627
786,25.024558326561387
787,25.006441061009646
788,24.85712961289911
789,24.624256713767778
790,24.410788557816694
791,24.353903727850536
792,24.42473294419289
793,8.71794474712037
794,6.019079613876562
795,6.903867570454967
796,7.484741958147141
797,7.920322921857255
798,8.304656596067147
799,8.701255123005387
800,25.099047696114688
801,30.5050023365954
802,28.95509923454933
803,27.715648391606493
804,26.607371653259708
805,25.904198528212024
806,25.885133646014932
807,25.864310025537897
808,26.068479484815526
809,26.355552141171817
810,26.960025865129825
811,27.322813958036065
812,27.640265810955807
813,27.951303081305372
814,28.284941570990313
815,28.804522172798194
816,29.386722500681998
817,12.668391813458326
818,9.849924877336651
819,11.092397376088265
820,12.042063389900918
821,13.192758561696918
822,14.36256282505819
823,15.573365801782836
824,34.04902196777316
825,39.92461575025101
826,34.655984448106686
827,31.49780573525608
828,30.727922415685818
829,28.822517492510805
830,26.699220578717252
831,24.50940534701744
832,24.29675353836454
833,24.499273391322923
834,28.44179333885871
835,30.445682654027866
836,31.666094018571084
837,32.56229499861857
838,33.250210849233696
839,33.86390375812793
840,34.41824194381051
841,17.545136357780166
842,13.242442734794405
843,14.870622365323046
844,16.04462450581438
845,17.21412718499163
846,18.11077766488045
847,18.749097769924916
848,36.36744071908171
849,41.62741212856424
850,39.19146245073304
851,37.45460414764245
852,36.20926529431844
853,35.18152041863204
854,34.20100393578305
855,33.332445693742564
856,32.6386451876119
857,32.33545124486727
858,32.2349864318233
859,31.930077296218364
860,31.27347385745982
861,30.33016281612373
862,29.320298764931138
863,28.336960723878484
864,27.559517641168625
865,10.70428886174922
866,7.3623000288409015
867,7.650441676326272
868,7.662093128457528
869,7.696233017052286
870,7.807785291774829
871,7.957545696468963
872,23.210546860470494
873,24.342361499970927
874,20.546059015995528
875,20.11451385731839
876,18.71830528591549
877,18.88169567519371
878,17.000537632446772
879,14.184533877177124
880,12.681241122205426
881,15.765254771199663
882,17.99019793007277
883,18.659956893583505
884,18.92076619638868
885,19.00913455120836
886,18.993524066179752
887,18.9251740200848
888,18.82893501898036
889,4.689707277013504
890,1.9279591423578353
891,2.8394206001457816
892,3.454260760427472
893,3.909267864353961
894,4.240219484201896
895,4.512535277060993
896,18.762052305544714
897,23.372189183560756
898,21.987308925520082
899,21.11885003778789
900,20.563111993800746
901,20.228573297976336
902,20.07261086855467
903,20.054126672178942
904,20.005666650255275
905,19.80303442404032
906,19.49055532934739
907,19.005441495089165
908,18.75672964610195
909,18.782273890301035
910,18.92267120836336
911,19.026960052890168
912,19.035874736327486
913,4.980415166879037
914,2.2183014231939
915,3.1741373036257166
916,3.846956605016539
917,4.356907629007004
918,4.72885314325473
919,5.02710518187178
920,19.32233726567123
921,23.554852163003623
922,21.21049343526282
923,16.89619648131432
924,15.403767755878006
925,15.950091732793773
926,15.892873327060418
927,15.837382602818598
928,16.126593437532705
929,16.761542660405247
930,17.19882892274371
931,17.399390969338434
932,17.49646198464137
933,17.428830233706258
934,17.323158908485105
935,17.210313687980427
936,17.094050838337555
937,3.667098722223584
938,0.8313687350825623
939,1.705817491608274
940,2.2894369976687123
941,2.737103930321302
942,3.155288267898375
943,3.4910973622780794
944,17.030972821290536
945,21.137393160277377
946,19.252776840781394
947,17.84013932833716
948,16.68492367210667
949,15.957962563982113
950,15.8763842521374
951,15.154926875432139
952,14.922008840943631
953,15.144419335118503
954,15.649905616140813
955,15.971616003842453
956,16.219640408803365
957,16.445814192191165
958,16.6388994735523
959,16.756037121663166
960,16.799052998804886
961,3.525747509018321
962,0.7947711473301993
963,1.739332537881443
964,2.3890808944862916
965,2.8861347585985886
966,3.2958917669443406
967,3.6187810103602853
968,17.157072856699813
969,21.323909033060055
970,19.7620079459552
971,18.63852868666751
972,17.762137213683058
973,17.035692544695088
974,16.380258947607473
975,15.378099846896179
976,14.915478385423848
977,15.035552695003545
978,15.645879953072951
979,16.16251750530688
980,16.65813634781695
981,17.096684049583732
982,17.326715013188256
983,17.248112776908805
984,16.869788257538374
985,3.401753401935744
986,0.5666043943503043
987,1.5733013715729367
988,2.296621273393951
989,2.7753047405046445
990,3.0339203769554786
991,3.2147767310512023
992,16.36309745606832
993,20.575017441245745
994,19.22319689337613
995,18.106564937343716
996,17.065761998491233
997,16.211279520949915
998,15.613404897725186
999,15.328903898035732
1000,15.318916994555684
1001,15.485033173203433
1002,15.72564127345167
1003,15.74524083781149
1004,15.609204131677314
1005,15.422054260603067
1006,15.253422570021034
1007,15.190036995104975
1008,15.238617862621467
1009,2.6466261044865114
1010,0.0
1011,0.8624149229539195
1012,1.4193066095048237
1013,1.8133928919107065
1014,2.108710040950763
1015,2.3520427588213435
1016,15.311338529552854
1017,19.493771297749813
1018,18.261582723876295
1019,17.161505664969347
1020,15.658565776575438
1021,14.544892960917618
1022,13.995449821518577
1023,14.491825981632669
1024,15.283743363073226
1025,16.14186538328951
1026,16.422417567770438
1027,16.275373100481456
1028,15.949275266310911
1029,15.588391396205292
1030,15.34129536936911
1031,15.383245897316197
1032,15.683466484982596
1033,3.1716404573982917
1034,0.6773652146054034
1035,1.8219829794558289
1036,2.6133938090954167
1037,3.1503420039977854
1038,3.512017231015877
1039,3.7564779999756786
1040,17.068779616779022
1041,21.02810233370047
1042,19.371387600284393
1043,18.398518656021775
1044,17.806985264602158
1045,17.404172817373336
1046,16.903487349277977
1047,16.347652670321096
1048,15.961119234311749
1049,16.126648636551522
1050,16.811685072782065
1051,17.409444110909575
1052,17.843962901026742
1053,17.915120361931418
1054,17.786790829550082
1055,17.556670657216873
1056,17.337535234731902
1057,3.992632956661069
1058,1.329629836952194
1059,2.455275235055936
1060,3.293226004800057
1061,3.879537375806499
1062,4.2395703014050055
1063,4.520923958731534
1064,18.40919898462232
1065,22.847299671742352
1066,21.45878786285182
1067,19.785180257674632
1068,18.10041724042194
1069,16.360905989664243
1070,14.201378123539229
1071,12.246050040426036
1072,11.641983708459835
1073,14.076827911493158
1074,15.924615051994008
1075,16.640769649764334
1076,17.023445089205154
1077,17.27965313034819
1078,17.50474596803652
1079,17.923143539723014
1080,18.37880196883332
1081,4.875454370510779
1082,2.2453499161382124
1083,3.1196769960511297
1084,3.6703559490727313
1085,4.120841850067178
1086,4.570426550362244
1087,4.966215123562514
1088,18.931193395783573
1089,22.86746041889806
1090,20.834887007386246
1091,18.484250607611038
1092,18.262884607283357
1093,17.945185340842613
1094,17.451858429834683
1095,16.82072265287143
1096,16.22950124338705
1097,16.11500156074234
1098,16.954358847061563
1099,17.377758150216
1100,17.66878311018753
1101,17.989285820491375
1102,18.308422752719853
1103,18.606068407035504
1104,18.898548066751392
1105,5.136695139669626
1106,2.52267495679969
1107,3.5510213781086675
1108,4.297876689050567
1109,4.965762891053496
1110,5.56149182140676
1111,6.060158036479253
1112,20.765967379618377
1113,24.916436466888175
1114,22.603954107251695
1115,20.770179379954328
1116,19.520260083815764
1117,19.065591098177247
1118,18.461474913009596
1119,18.056556713911025
1120,17.88733310497827
1121,17.973102860050307
1122,18.325883974122817
1123,18.56092668189885
1124,18.712029524456014
1125,18.834612068316854
1126,18.90428205423542
1127,18.9267161765888
1128,18.9436876950995
1129,5.07075236488757
1130,2.3435546369971494
1131,3.329938784630528
1132,4.0527891328241505
1133,4.638629260451433
1134,5.152449339773116
1135,5.562092191323375
1136,19.61711913815026
1137,20.41396507413725
1138,18.127662573837092
1139,18.710239641625552
1140,18.313621793516706
1141,18.451123331408006
1142,18.232311253393895
1143,18.013443746029726
1144,17.87944352795893
1145,17.860080339277573
1146,18.013716547530088
1147,18.126654315297603
1148,18.378007922332763
1149,18.68567380439993
1150,18.97389348137301
1151,19.07289347808604
1152,18.93246739242195
1153,4.936212337145399
1154,2.202905093094701
1155,3.236287706992807
1156,3.977375798518244
1157,4.491802264434639
1158,4.802130140137525
1159,5.030986438726104
1160,19.025269019396475
1161,23.297596020455586
1162,21.667032411011533
1163,20.375662047983745
1164,19.324657406926303
1165,18.486313561932896
1166,17.88974827966833
1167,17.54913450431503
1168,17.47881418687095
1169,17.689240823539357
1170,18.03954412548426
1171,18.2462246975057
1172,18.263217460995886
1173,18.117600107850414
1174,17.952597936467047
1175,17.85085235166976
1176,17.856636774636232
1177,4.376640191971786
1178,1.6872700176058586
1179,2.69381633097242
1180,3.413492269869627
1181,3.9773103940518117
1182,4.451613270631286
1183,4.850170563530233
1184,19.053935229346013
1185,23.435640034094348
1186,21.78133595790575
1187,19.945827488118333
1188,18.165032001796618
1189,16.35542750693084
1190,15.55378725462138
1191,16.19362058626396
1192,16.58907557315046
1193,17.11245901454819
1194,17.84351609177202
1195,18.262551464974887
1196,18.515636021853037
1197,18.738699402117764
1198,18.95851972140797
1199,19.228448672376107
1200,19.55818944410749
1201,5.577183366492633
1202,3.0696578643257006
1203,4.249266755859029
1204,5.1361690337125525
1205,5.851664032920219
1206,6.450549791863854
1207,6.945484824795793
1208,22.280186130979793
1209,26.74975477172783
1210,24.63029798261733
1211,23.261523689980038
1212,21.64676215671487
1213,20.20550867797699
1214,18.594701229926876
1215,17.482356242695218
1216,17.345851218703487
1217,16.50194812805359
1218,17.894452011824097
1219,19.12110806699833
1220,19.67677902590874
1221,20.05846095024409
1222,20.352610155325777
1223,20.620460254651533
1224,20.915327703349345
1225,6.462566188039467
1226,3.940688845470091
1227,5.106674727128629
1228,5.976463561684399
1229,6.62876433225292
1230,7.18426386376534
1231,7.679254396811779
1232,22.31889988363865
1233,24.55307910464794
1234,24.126577503409052
1235,22.500701925396616
1236,20.518513456047312
1237,16.842001043749228
1238,15.867375684739915
1239,13.44513376436442
1240,15.33366804926374
1241,16.716995929417042
1242,17.879139431963274
1243,18.601898798581498
1244,19.039285531162715
1245,19.24198213858006
1246,19.402388780886426
1247,19.529291106956215
1248,19.573648499743122
1249,5.441124785982465
1250,2.686308976666001
1251,3.575678666240581
1252,4.168473961959608
1253,4.604826679395992
1254,4.940614060422555
1255,5.254332403467787
1256,19.54898548963172
1257,24.15984256302462
1258,22.75969907875679
1259,21.794465393803442
1260,20.980760856116824
1261,20.317263513804694
1262,19.866315158492476
1263,19.666378246109357
1264,19.635013855783697
1265,19.646225724528477
1266,19.740438315298558
1267,19.761630369858718
1268,19.92304152387414
1269,20.213964219815725
1270,20.508648927762174
1271,20.628813208359652
1272,20.575766202502546
1273,6.0974841072165145
1274,3.461018889940258
1275,4.64940031938605
1276,5.578284221186436
1277,6.3266726140405165
1278,6.898265567754448
1279,7.334812448902546
1280,21.13324398151079
1281,22.929854904134036
1282,19.641440175166256
1283,16.212868566120935
1284,14.584010202181105
1285,13.486782284792925
1286,12.365174868908111
1287,10.448928304785506
1288,9.642358592706918
1289,9.935504855306249
1290,12.757236952808775
1291,16.427549248003054
1292,17.96730662727828
1293,18.98879387530912
1294,19.723250162498953
1295,20.26910386287203
1296,20.652554489902926
1297,6.318476258324784
1298,3.831139524453029
1299,5.018509382650121
1300,5.945122054941498
1301,6.724219115624486
1302,7.395709210167697
1303,7.949499026046939
1304,22.184147253203736
1305,23.507200482468726
1306,19.201568514632477
1307,17.87498027792617
1308,15.348269538595389
1309,14.845215455900936
1310,14.564295403581912
1311,11.623609299555577
1312,14.433680246721494
1313,16.059061143677553
1314,17.44525172642664
1315,18.407386674867272
1316,18.99240110161729
1317,19.333304085475874
1318,19.50029222689628
1319,19.580006457143107
1320,19.5981032619471
1321,5.567890222359589
1322,2.888606439894752
1323,3.8885455581364656
1324,4.581704936638481
1325,5.076322193297738
1326,5.433682372026888
1327,5.733807825732203
1328,19.98353852380329
1329,24.458630344524224
1330,22.70343451443681
1331,20.597981513209323
1332,18.576298176287132
1333,17.136588082340378
1334,16.616913175536002
1335,16.185744753169402
1336,16.078900132241074
1337,16.233587452528276
1338,16.621804353659048
1339,16.982364635216484
1340,17.228638686843993
1341,17.462057857095157
1342,17.675409610440035
1343,17.793420942285852
1344,17.83777786854829
1345,4.2386656029856065
1346,1.4883272692220229
1347,2.4200329580867397
1348,3.0666150953074895
1349,3.6034949888072316
1350,4.0605671223848905
1351,4.458503816117785
1352,18.43612468707762
1353,22.823923632532292
1354,21.356354219875907
1355,20.362570439193853
1356,19.688716163885005
1357,19.197092175892045
1358,18.78221684729847
1359,18.43759366412874
1360,18.262228762278593
1361,18.370136769501414
1362,18.773254003502153
1363,19.129641481430752
1364,19.341336721000367
1365,19.511524595782724
1366,19.619781772999154
1367,19.67297889048337
1368,19.71612508580707
1369,5.569149464435396
1370,2.834805002593308
1371,3.776148631306035
1372,4.429410469526289
1373,4.9510966824350024
1374,5.359508768887318
1375,5.700303415636712
1376,20.115124520175716
1377,24.618620892679765
1378,23.047976929564634
1379,21.885340640855688
1380,20.989495054079516
1381,20.288725897916844
1382,19.114550284612246
1383,18.46574096075124
1384,18.360717938053494
1385,18.61582379113037
1386,19.176400826106647
1387,19.664779608792838
1388,19.866890675134613
1389,20.01229496699926
1390,20.151064516160922
1391,20.335003912994935
1392,20.600511075360572
1393,6.297442209535972
1394,3.7178734928024317
1395,4.798001168954441
1396,5.5662253150159575
1397,6.15209679272979
1398,6.597465924952145
1399,6.930671494606213
1400,19.814224042195104
1401,21.446564489955634
1402,17.775926944587503
1403,15.59046035042668
1404,13.374691736065811
1405,12.123553549890163
1406,10.445778498862145
1407,9.15769085660863
1408,10.049047170802991
1409,8.772074125384913
1410,12.262929368693367
1411,15.339560061372087
1412,16.705752054991276
1413,17.616680937769562
1414,18.257853239208547
1415,18.787680005500484
1416,19.251343114452027
1417,5.322850146558623
1418,2.7312462805251965
1419,3.790160498453269
1420,4.552330062247355
1421,5.325709942187815
1422,6.056258258455079
1423,6.69096821107571
1424,19.049663818640465
1425,20.36623643815122
1426,15.945628740119783
1427,12.963005442827772
1428,12.53455540370626
1429,12.647729105442929
1430,11.197913393562864
1431,8.132446902037005
1432,7.268756208839953
1433,8.087254139934236
1434,11.962576615272766
1435,13.746961530340721
1436,14.78215152166871
1437,15.60554163508874
1438,16.306173751498594
1439,16.90924246618735
1440,17.39017801257844
1441,4.147866633063169
1442,1.628439314703444
1443,2.742366221638755
1444,3.563734290067166
1445,4.3265226316679035
1446,5.028443265989562
1447,5.664424911477981
1448,17.524316460605032
1449,19.04456289944859
1450,15.56620536013247
1451,13.000283028386072
1452,11.801571724406166
1453,11.404733368664608
1454,8.790029074303698
1455,8.709153554240984
1456,7.172816511760118
1457,11.122532018760298
1458,12.983640663304913
1459,14.312768014455076
1460,15.128957680758516
1461,15.764948670185685
1462,16.340970637931434
1463,16.970710847004916
1464,17.638509144678657
1465,4.487908397025418
1466,2.038780935432773
1467,3.1750283595754123
1468,3.9942984093339167
1469,4.736221593996613
1470,5.415384798544296
1471,6.040410388338051
1472,20.627746558269
1473,23.960925406591862
1474,19.664190519912463
1475,19.5234128418997
1476,18.395389012263152
1477,17.086208428131837
1478,16.76109529072735
1479,16.48438266317487
1480,16.543756961694662
1481,16.788728296392637
1482,17.17130664935274
1483,17.466174117662344
1484,17.421151869614768
1485,17.273282403837527
1486,17.127970383912455
1487,17.1685083766746
1488,17.36429463089506
1489,4.239006047283223
1490,1.6090127233612859
1491,2.614721338672445
1492,3.3142400213003325
1493,3.8744681401734766
1494,4.344077473016197
1495,4.723581190285234
1496,15.54898718483409
1497,17.448267252822227
1498,13.147628999947313
1499,11.237636255153491
1500,10.445707057824377
1501,11.246823987152293
1502,12.042156761386682
1503,12.61648984369825
1504,13.56533735408131
1505,14.882915759213242
1506,15.941218845610662
1507,16.78218792568989
1508,17.200082927039404
1509,17.3633960453645
1510,17.404817840201545
1511,17.37982354873492
1512,17.325937823359627
1513,3.9321346258684127
1514,1.1722773716942738
1515,2.1142257126489774
1516,2.8212440730279678
1517,3.50860449872573
1518,4.140303534425872
1519,4.709426522926927
1520,18.578161149229906
1521,18.501763231516524
1522,13.926531002388138
1523,11.285601069923642
1524,10.22605666054044
1525,8.741905809843448
1526,7.468573186413463
1527,5.727908979709027
1528,5.3708782406520905
1529,5.0649551805236435
1530,6.910919369095823
1531,11.564563768092091
1532,13.32454093659463
1533,14.485040977750145
1534,15.354319494665129
1535,16.083223574645213
1536,16.758876548778176
1537,3.863747906027945
1538,1.4260503058794953
1539,2.611969839915764
1540,3.497368919706342
1541,4.316445150423606
1542,5.0673057937716415
1543,5.723897444441091
1544,16.598954920152327
1545,17.97308723014706
1546,14.109242291085126
1547,11.7505937103285
1548,10.379137577666897
1549,9.42622059585355
1550,8.203415771053326
1551,7.12333761062132
1552,5.5550476402967295
1553,5.489110863795391
1554,6.518152591773962
1555,10.757313833802238
1556,12.501428506813472
1557,14.012741707884489
1558,15.309619305765162
1559,16.239989445454615
1560,16.810621852712355
1561,3.858634819473276
1562,1.4199700942404485
1563,2.7142318308728943
1564,3.7551060923698563
1565,4.654137668604194
1566,5.44884416738614
1567,6.0859480147932885
1568,20.508305434005152
1569,20.521334199334863
1570,15.608185069617733
1571,12.501071202738759
1572,10.392059040235116
1573,8.950165450994707
1574,7.048749308751438
1575,5.036626733317599
1576,3.810238595355525
1577,3.8328219758183852
1578,6.329325688450004
1579,10.040279688638554
1580,11.809678315017809
1581,12.946987316609789
1582,13.868304508446785
1583,14.760317056878824
1584,15.634662608198706
1585,3.3171530973207135
1586,1.0339148542498717
1587,2.340345113740243
1588,3.2893335326847266
1589,4.073245790989612
1590,4.768758784956914
1591,5.406003758204202
1592,16.08649617610885
1593,19.47155120202936
1594,15.183742515690158
1595,13.457663999911869
1596,10.935070919135324
1597,9.005768620591423
1598,8.194455500730854
1599,5.031076375631503
1600,4.71302933121155
1601,6.773786231796758
1602,8.467676145291327
1603,10.079762640927688
1604,11.246142150271584
1605,12.39910824158166
1606,13.48328810721694
1607,14.33287090719165
1608,14.971165862922806
1609,2.5738809071363518
1610,0.0798490158595814
1611,1.1395600015965708
1612,1.899843746228394
1613,2.5339201179826825
1614,3.10676412068056
1615,3.6187528141513674
1616,16.97667859083397
1617,21.091219418387045
1618,19.502565640144226
1619,17.304631358960997
1620,13.355323265626858
1621,10.73859673020354
1622,8.195825665191322
1623,9.039351973298302
1624,9.639282800166441
1625,10.494264138679839
1626,11.2735612233123
1627,12.017420270635444
1628,12.565878384496488
1629,13.052100764371733
1630,13.440685698168178
1631,13.658630276922324
1632,13.692730367029192
1633,1.5954414723522332
1634,0.0
1635,0.2600985633800963
1636,0.5670415934638247
1637,1.3129997464268266
1638,1.9679370299089995
1639,2.4641273643310218
1640,14.785300469215096
1641,18.062604390529504
1642,16.215117866760274
1643,14.534664915137972
1644,13.1781340992098
1645,12.134539033399399
1646,11.35375928957108
1647,10.829419758315627
1648,10.653394980282263
1649,10.44723375271089
1650,10.924907960552241
1651,11.607064160845589
1652,11.940405441989675
1653,12.117225057336448
1654,12.284098218405076
1655,12.568808446383182
1656,12.920204714078332
1657,1.1535308022898243
1658,0.0
1659,0.0
1660,0.0
1661,0.1689410540656939
1662,0.4807645120736156
1663,0.8543141795442757
1664,12.731903171348822
1665,16.159114499612333
1666,14.498879304779976
1667,13.270858913186782
1668,12.376388090750407
1669,11.710802383425163
1670,11.23224813221181
1671,10.842911378031681
1672,10.11523752974858
1673,9.87398217718598
1674,10.184358458665908
1675,10.609767510258969
1676,10.820845882077144
1677,11.104709866116423
1678,11.458352155217945
1679,11.826415379363688
1680,12.177322898344629
1681,0.618314027334143
1682,0.0
1683,0.0
1684,0.0
1685,0.07450326755199049
1686,0.3533114954170903
1687,0.7667525943710967
1688,12.76951104766187
1689,16.45948413833802
1690,14.974236384305915
1691,13.009704177617175
1692,11.611889471565883
1693,10.372671938896277
1694,9.402806992922915
1695,8.497915014431776
1696,8.035333087853385
1697,8.650910109294031
1698,9.307317346049757
1699,10.071269734057125
1700,10.618743683192198
1701,11.185750783143051
1702,11.747799626530943
1703,12.224265971548746
1704,12.561938792209297
1705,0.8713247760340324
1706,0.0
1707,0.0616884840623242
1708,0.2266278942962768
1709,0.9356903549256982
1710,1.4237091435248213
1711,1.7021909247573381
1712,13.784521509037141
1713,16.664483620743436
1714,14.029100013516388
1715,11.499324251102752
1716,7.4857786383913565
1717,6.120334118706676
1718,5.648483848423016
1719,6.412716744252547
1720,7.780077465595256
1721,9.166561747408082
1722,10.07548731143494
1723,10.71307391581377
1724,10.906189746362553
1725,10.931846397166318
1726,10.932292939514236
1727,11.044124588489783
1728,11.275727530414006
1729,0.0980637399417901
1730,0.0
1731,0.0
1732,0.0
1733,0.0
1734,0.0
1735,0.31136621031522926
1736,12.224049228787278
1737,15.910495236497905
1738,14.563302749580957
1739,13.564027457661991
1740,12.764383777336437
1741,12.103316808082615
1742,10.859473793311532
1743,10.168495419049593
1744,10.278219790250844
1745,11.09700410428766
1746,11.83343775509551
1747,12.57931351586025
1748,12.976288829993031
1749,13.25394553963197
1750,13.509931301090248
1751,13.808263362778598
1752,14.242543743991959
1753,2.1640857579297155
1754,0.0
1755,0.7223871809910793
1756,1.2404818561217525
1757,1.8190274165567017
1758,2.326406740659877
1759,2.704998204328335
1760,15.07935157643872
1761,18.256702674381142
1762,15.97956804811398
1763,14.155819908275445
1764,13.074738450119014
1765,12.936691203432968
1766,11.78320201695962
1767,10.560818414896856
1768,10.048222237523303
1769,8.341412204471053
1770,10.697059865619531
1771,11.722660278341063
1772,12.284676824515936
1773,12.734603951487555
1774,13.128507268396959
1775,13.46443079026944
1776,13.682187159847365
1777,1.6175515520742514
1778,0.0
1779,0.0697300962058053
1780,0.1136609615969306
1781,0.5217705482278365
1782,0.8408282644344984
1783,1.0877818492627478
1784,12.78634149133716
1785,16.258814032294588
1786,14.705417213097084
1787,13.544108674953483
1788,12.590970018069177
1789,11.854917136320664
1790,11.37058763795718
1791,11.118641263516459
1792,11.120332143141932
1793,11.488588384955445
1794,12.023332347373797
1795,12.618874250619097
1796,12.878105669008864
1797,12.952815881343938
1798,12.972892491492418
1799,13.008229515502084
1800,13.112863403128584
1801,1.3096428527683264
1802,0.0
1803,0.21292459093092458
1804,0.5122858204493321
1805,1.2737858239839583
1806,1.9503180987765922
1807,2.526350801508217
1808,15.50804252892069
1809,19.587488988581455
1810,18.098320381532677
1811,16.96115679742466
1812,16.03183902386997
1813,15.301300297582696
1814,14.784023237509286
1815,14.464478220236304
1816,14.365573299447584
1817,14.095668676149952
1818,14.341941226134013
1819,14.895733856580675
1820,15.190151458491624
1821,15.404180757241589
1822,15.642824932522142
1823,15.885281898763957
1824,16.09628967408024
1825,3.314522974044836
1826,0.604428266603152
1827,1.5133889893037848
1828,2.137993398435089
1829,2.7273953205774237
1830,3.2871975049855724
1831,3.7518679334588283
1832,16.920776866349712
1833,20.775441438048
1834,18.911777147268104
1835,17.471050469543503
1836,16.358418790256447
1837,15.51447727502461
1838,14.901774853490924
1839,14.52838127944225
1840,14.29332863076785
1841,14.060927460831298
1842,13.707654760702427
1843,13.746623246688737
1844,13.667580487374158
1845,13.71874696629066
1846,13.859598004887067
1847,14.034452866158608
1848,14.21041589543216
1849,1.9962118041350507
1850,0.0
1851,0.16856403496722722
1852,0.24901634404379158
1853,0.635658674455812
1854,0.990209661968927
1855,1.2418143099354508
1856,12.721943138673241
1857,15.05551435595004
1858,12.90796624404328
1859,10.038196112701861
1860,9.499576571039919
1861,9.022250888996052
1862,9.326448132560536
1863,9.319040420031346
1864,9.452987302312678
1865,9.419202164958268
1866,9.9066444802701
1867,10.668916597467977
1868,11.13739203629408
1869,11.481191895472875
1870,11.721110828386978
1871,11.884538267443892
1872,12.006890254793955
1873,0.4015393426412386
1874,0.0
1875,0.0
1876,0.0
1877,0.14702588245262121
1878,0.33203823144137756
1879,0.5701233869394895
1880,12.661101537372371
1881,16.852408154006916
1882,16.081461352063602
1883,15.589717375791853
1884,14.973737048409902
1885,14.236887083618097
1886,13.43747400578717
1887,12.733864240600154
1888,12.317868404757665
1889,12.229715805550617
1890,13.03992004685214
1891,14.175384860604607
1892,14.77633904587923
1893,14.894689272318947
1894,14.936055814552706
1895,15.038915678905008
1896,15.365825151834386
1897,2.8686067456235866
1898,0.1609756879056092
1899,0.9683456633483163
1900,1.437587122154089
1901,1.770307253278394
1902,2.1252779535647925
1903,2.468843066289046
1904,15.141868060327115
1905,19.288276773318106
1906,17.976815472638336
1907,15.744072779301616
1908,11.367187155324379
1909,7.716403552215714
1910,6.7374638531088324
1911,5.065757117657049
1912,8.151682026178499
1913,9.79867899551358
1914,10.911433656205604
1915,11.707627906087259
1916,12.190797810461268
1917,12.531828538786712
1918,12.821627358493826
1919,13.08832042548521
1920,13.347242094077332
1921,1.5164656440966224
1922,0.0
1923,0.5702607914289466
1924,1.1170513903221095
1925,1.9612968855733603
1926,2.670794646338577
1927,3.2252502439309882
1928,16.533383975724856
1929,20.62114740436619
1930,19.23140904464468
1931,18.33014150984703
1932,17.6893525102442
1933,17.205923704987345
1934,16.663050058089382
1935,16.239335472241727
1936,15.991043529248572
1937,16.109513997549453
1938,16.55453926416114
1939,17.20555941143698
1940,17.685913442426763
1941,18.033424882171108
1942,18.293967758795755
1943,18.441161734399298
1944,18.521917752055685
1945,4.935038795173799
1946,2.2267023502331
1947,3.202960361015543
1948,3.8645942211432294
1949,4.353757316829352
1950,4.7489660268724725
1951,5.034148251385018
1952,18.803391171343577
1953,23.259657475767458
1954,21.924578131646673
1955,20.815553047180835
1956,19.790376449446434
1957,18.959874797525437
1958,18.36895055166685
1959,18.161590526133786
1960,18.197766368921428
1961,18.45581891371541
1962,18.875205527607548
1963,19.359801897016354
1964,19.534325305558838
1965,19.605530373902166
1966,19.669363343177423
1967,19.76888938524062
1968,19.998065009503396
1969,6.001578748900656
1970,3.3158643771482295
1971,4.23089832919657
1972,4.8321800292481365
1973,5.285713209752025
1974,5.679597854585413
1975,5.935788637247331
1976,19.937575515322955
1977,24.15501588743356
1978,22.364412904076875
1979,21.104614147178935
1980,20.184973925819698
1981,19.503999636541476
1982,19.001534349284388
1983,18.615958269624414
1984,18.379462233831454
1985,17.8066880341768
1986,18.000911668136734
1987,18.520237377680385
1988,18.76700205076549
1989,18.923155156984546
1990,19.051805072691067
1991,19.14322535886759
1992,19.254405317757282
1993,5.372627925141658
1994,2.687344757927381
1995,3.6961835307691375
1996,4.415836921513206
1997,4.977403254876197
1998,5.437945143310984
1999,5.676197567675877
2000,19.700884351504286
2001,23.79448650256894
2002,21.860690697508357
2003,19.66930472808921
2004,18.095950495025285
2005,17.124767986330237
2006,17.148669843051156
2007,16.836015023721572
2008,16.69337614761401
2009,16.433275762090762
2010,16.900962773657596
2011,17.691079750520828
2012,18.198924490919655
2013,18.434442293566068
2014,18.535611474930217
2015,18.588840912175474
2016,18.58759299783112
2017,4.768454140209401
2018,2.074243851791034
2019,3.1036305062877765
2020,3.847405580577793
2021,4.436963149508543
2022,4.8863656373173905
2023,5.139525009935234
2024,18.69167238085059
2025,22.304741840765512
2026,19.998047670204297
2027,18.415322470745377
2028,17.15702305318071
2029,16.977072156445654
2030,16.42134658782966
2031,15.899212328852899
2032,15.49773845177325
2033,15.341451026807505
2034,15.397514234819406
2035,15.637201438773303
2036,15.840019710824286
2037,16.007511268974266
2038,16.241494815787938
2039,16.508645196992788
2040,16.773176928493864
2041,3.639416690186578
2042,1.0042287887057075
2043,1.9961528171875156
2044,2.7022826958587474
2045,3.330486685228356
2046,3.891423874635609
2047,4.2033741147841
2048,17.267425629011363
2049,16.14963451422219
2050,12.436600427180876
2051,10.322532878703198
2052,9.547663164718461
2053,9.126937174059323
2054,9.655171907155156
2055,9.756305578665673
2056,10.617989188998054
2057,10.943906667973359
2058,11.144187670540953
2059,11.469482552896784
2060,11.919234944329533
2061,12.590291965138103
2062,13.26260574825383
2063,13.786529784458706
2064,13.969139365446544
2065,1.5400939711841946
2066,0.0
2067,0.2647419319985137
2068,0.5606713390601119
2069,1.2540145538683283
2070,1.837812188418223
2071,2.152672134896889
2072,12.765572598628818
2073,16.961221447604547
2074,15.440306206885555
2075,13.916601099371668
2076,12.387400366387995
2077,11.71077124327146
2078,10.155584799125718
2079,10.612715683395031
2080,11.479730058579483
2081,11.973420522046062
2082,12.517221420242294
2083,13.134801405865817
2084,13.586135740912802
2085,13.89280265057752
2086,14.11699383032011
2087,14.26077325192298
2088,14.317825047877761
2089,1.9302321471545534
2090,0.0
2091,0.5193116314796173
2092,0.9670350603020617
2093,1.6195775881869727
2094,2.1731365587864513
2095,2.567813853022485
2096,15.414189174893668
2097,19.44573922393549
2098,18.03154416556479
2099,17.00967328174734
2100,16.274020617357827
2101,15.761007374346946
2102,15.467877582758089
2103,15.368117190760021
2104,15.395431890947957
2105,15.431352186038035
2106,15.580485302216646
2107,15.84732554233075
2108,16.026515489077696
2109,16.292811812007233
2110,16.561607465282947
2111,16.804194840802246
2112,16.986951908359366
2113,3.898296248332902
2114,1.2012635281733672
2115,2.1631660421492414
2116,2.8266269873872076
2117,3.35001062316491
2118,3.796106267234863
2119,4.066014108128366
2120,16.940570003320094
2121,20.082937352209363
2122,14.321358249189153
2123,12.608639029994826
2124,11.87368730846697
2125,13.298083817404862
2126,14.072892204640043
2127,14.078315042695476
2128,14.051592028725231
2129,13.620340898407537
2130,13.383461599514915
2131,14.73251527204922
2132,15.586812750942885
2133,16.258724391449118
2134,16.852016734462183
2135,17.243803567780894
2136,17.3512220066896
2137,3.9643232965405657
2138,1.245828470552547
2139,2.2045185684334214
2140,2.8899903698217044
2141,3.446310230675598
2142,3.915107532022157
2143,4.206174985913069
2144,17.57044139653385
2145,21.662504887211416
2146,19.937402167984047
2147,18.542746034938826
2148,17.23008589658078
2149,16.002566219012756
2150,14.904065644229373
2151,13.939120667770386
2152,13.234923626128133
2153,12.89413871895755
2154,12.908046991299742
2155,13.21414532792895
2156,13.503243571225395
2157,13.725584048471534
2158,13.905239023930124
2159,13.889373502529011
2160,13.731441665617977
2161,1.5194471499306221
2162,0.0
2163,0.019000464584266
2164,0.0566253620960762
2165,0.3671756096587503
2166,0.4972426034581358
2167,0.3857109621166697
2168,11.675767531722071
2169,15.138781945404599
2170,13.728875014559776
2171,11.714370878643933
2172,10.185662268294069
2173,9.81671780372834
2174,8.440677737490914
2175,7.978628905990286
2176,7.94317715289123
2177,8.03247005564619
2178,8.142232183452887
2179,8.576831409865408
2180,8.982678315188167
2181,9.361035310092694
2182,9.716172401839973
2183,9.868326874821125
2184,9.76918484185013
2185,0.0
2186,0.0
2187,0.0
2188,0.0
2189,0.0
2190,0.0
2191,0.0
2192,6.800214513996291
2193,5.6378465145311605
2194,1.987144105000116
2195,0.1881538766926112
2196,0.11047784081142
2197,0.1945969968427299
2198,0.0
2199,0.0
2200,0.0
2201,0.0
2202,0.0
2203,0.0
2204,0.0
2205,0.0429317446242688
2206,0.42037930372570464
2207,1.116038070733573
2208,1.795828992589878
2209,0.0
2210,0.0
2211,0.0
2212,0.0
2213,0.0
2214,0.0
2215,0.0
2216,2.4347287645963096
2217,2.146751891541959
2218,1.781976892235503
2219,1.4794938894456653
2220,1.9203388284641711
2221,2.119715564872159
2222,1.6054759672865313
2223,0.4819922886804124
2224,0.0
2225,0.0
2226,0.4814763135148354
2227,1.3608535736337701
2228,2.3073647061395604
2229,3.0566075880898036
2230,3.65094696298932
2231,4.214656440471718
2232,4.805920286881349
2233,0.0
2234,0.0
2235,0.0
2236,0.0
2237,0.0
2238,0.0
2239,0.0
2240,5.6387249860898745
2241,6.526297603697199
2242,3.8405244806290444
2243,3.7489631928748715
2244,3.4463736518889263
2245,2.81792229334519
2246,2.8226655501723306
2247,2.7918831756608657
2248,2.9069857164624895
2249,3.0728079545749076
2250,3.2738746122952174
2251,3.506578275862994
2252,3.707117864840572
2253,3.8672188120373097
2254,4.077360592412612
2255,4.36661217798955
2256,4.703431899252302
2257,0.0
2258,0.0
2259,0.0
2260,0.0
2261,0.0
2262,0.0
2263,0.0
2264,5.787386210804009
2265,7.609364196038424
2266,6.8527013179802045
2267,6.1435411821881685
2268,5.430483976298103
2269,4.90335137478443
2270,4.02371221545918
2271,3.4269580031294025
2272,3.51759185916597
2273,3.919766922743656
2274,4.134456747440442
2275,4.416266830810926
2276,4.781960527738596
2277,5.1853587735810205
2278,5.6271490524597
2279,6.058970489102794
2280,6.519493688356976
2281,0.0
2282,0.0
2283,0.0
2284,0.0
2285,0.0
2286,0.0
2287,0.0
2288,7.9108169847423495
2289,6.334154009814373
2290,3.05061981154427
2291,2.549714689975792
2292,1.0083432289132583
2293,1.1037152156286092
2294,0.4014240319318843
2295,0.0
2296,0.0
2297,0.0
2298,0.068745601212035
2299,0.8650863564166018
2300,1.9926284914020655
2301,2.729165839105198
2302,3.275274719342431
2303,3.692546368972649
2304,4.066327602086199
2305,0.0
2306,0.0
2307,0.0
2308,0.0
2309,0.0
2310,0.0
2311,0.0
2312,7.357610041557547
2313,9.75195463581698
2314,8.915287652202071
2315,7.3709078036426465
2316,5.76028609449073
2317,4.345827580677546
2318,4.063971922079291
2319,2.269451948658421
2320,1.5645095656916963
2321,1.9743747164071586
2322,3.8468112954538487
2323,5.234781621191028
2324,6.341487154750139
2325,7.036517638730325
2326,7.63855644315414
2327,8.270792654984946
2328,9.053004127222536
2329,0.0
2330,0.0
2331,0.0
2332,0.0
2333,0.1463807741075045
2334,0.7234389000249292
2335,0.6245209917454405
2336,8.513432564067813
2337,10.816064446781722
2338,9.175313836536395
2339,9.756378753977542
2340,8.552895347597262
2341,8.51444801965684
2342,5.546223223761473
2343,5.92292255153886
2344,5.545166620723434
2345,6.077924121111015
2346,7.754532381824514
2347,8.869431183129361
2348,9.956255407081253
2349,11.154281328037397
2350,12.298354016952823
2351,13.264191392862129
2352,13.765996924423783
2353,2.247543608684791
2354,0.0
2355,0.943711280591136
2356,1.7615743804142805
2357,2.684673936561473
2358,3.2901192582226777
2359,2.033376697642379
2360,11.368255230410044
2361,12.942947099945215
2362,10.341321678906937
2363,11.221898925074775
2364,11.310402998244747
2365,10.986934923947468
2366,9.602272745576862
2367,6.417532058610999
2368,5.376175437459801
2369,8.067617680103996
2370,6.387826797593663
2371,8.26946632642665
2372,10.176083970794322
2373,11.535828867176356
2374,12.659029044368225
2375,13.575328804096683
2376,14.299160657166228
2377,2.615401278047777
2378,0.3099872717997237
2379,1.5752446690093023
2380,2.5511235228596343
2381,3.3927599800042985
2382,3.7143324997673575
2383,2.2988953450196035
2384,12.324613438018035
2385,13.883468600809937
2386,10.977925440190674
2387,9.202853435498852
2388,6.907920763973548
2389,6.266849786095441
2390,4.674138625471889
2391,3.292446078486423
2392,2.9315769620812837
2393,2.6575051145229938
2394,3.943076713363844
2395,6.269854892258801
2396,7.8017884457833375
2397,9.122380302191198
2398,10.169335227768032
2399,10.836960407631981
2400,11.193550542162937
2401,0.3203193516992581
2402,0.0
2403,0.0279237629948652
2404,0.1727583891624655
2405,1.1052490597196445
2406,1.705189639803082
2407,1.1851184246407258
2408,9.469908859367408
2409,10.473201197990297
2410,7.264233506441177
2411,5.292131823061677
2412,4.535205289531239
2413,3.7687428899972373
2414,2.561511558501265
2415,1.212098714753261
2416,0.6160250959835119
2417,1.2904105217089008
2418,1.9024486172607755
2419,3.1350446756345463
2420,4.851446855750991
2421,5.921769062037921
2422,6.8091414848462914
2423,7.708918305219041
2424,8.48441517841217
2425,0.0
2426,0.0
2427,0.0
2428,0.0
2429,0.0
2430,0.0
2431,0.0211647709922221
2432,7.355075366912319
2433,8.477095906974064
2434,6.400267426865547
2435,3.800555677335635
2436,2.9095420502252978
2437,2.9062219734381505
2438,1.5881383105487878
2439,0.944480880317359
2440,0.2368543710515385
2441,0.7539760865040604
2442,1.373526631603195
2443,1.720554654744782
2444,2.856843785271315
2445,3.73596651478774
2446,4.771546189988294
2447,5.59016259799852
2448,6.254245043048334
2449,0.0
2450,0.0
2451,0.0
2452,0.0
2453,0.0
2454,0.0
2455,0.0
2456,7.158120802360063
2457,6.547713147406394
2458,3.5217447994672852
2459,2.120227097011496
2460,1.1618979428817369
2461,0.90377411770927
2462,0.5815191337552985
2463,0.0
2464,0.0
2465,0.1802440240227103
2466,0.6953089249130587
2467,1.2259722415790262
2468,2.1260709247716214
2469,2.934870320775694
2470,3.6150646324700775
2471,4.179001596677174
2472,4.780222063395373
2473,0.0
2474,0.0
2475,0.0
2476,0.0
2477,0.0
2478,0.0
2479,0.0
2480,7.135669957575665
2481,8.602127587186681
2482,5.452312551051549
2483,3.0454741560099583
2484,2.448654587097254
2485,2.5608775570132845
2486,2.430977934638795
2487,2.3214662213369186
2488,2.368979384163774
2489,2.89935963510644
2490,3.285456091488991
2491,3.7651718678215866
2492,4.291134389788268
2493,4.777715994654201
2494,5.382531162534069
2495,5.995880103355295
2496,6.497818371284447
2497,0.0
2498,0.0
2499,0.0
2500,0.0
2501,0.0
2502,0.0
2503,0.0
2504,6.098533163366778
2505,5.3593716517057
2506,2.4565976749217473
2507,0.8859088166925033
2508,0.127952292373682
2509,0.2443648297481478
2510,0.0
2511,0.0
2512,0.0
2513,0.0
2514,0.2195451626244984
2515,0.7358997735571593
2516,1.0544078503589924
2517,1.807234919609869
2518,2.378703908914548
2519,2.7971531110414394
2520,3.1640534113947716
2521,0.0
2522,0.0
2523,0.0
2524,0.0
2525,0.0
2526,0.0
2527,0.0
2528,4.672226176090683
2529,3.04478693135841
2530,1.7602553874123499
2531,0.2855957536160793
2532,0.0
2533,0.1269174172731517
2534,0.0691600496386268
2535,0.0
2536,0.0
2537,0.0
2538,0.0281676551534312
2539,0.2210388705718166
2540,0.7304546940754517
2541,1.0667135395701672
2542,1.692168316985925
2543,2.379981303065223
2544,3.0115376223351955
2545,0.0
2546,0.0
2547,0.0
2548,0.0
2549,0.0
2550,0.0
2551,0.0
2552,5.1095459178078215
2553,6.346394180680113
2554,5.936930215799075
2555,4.569918341502174
2556,2.2086898864424764
2557,0.9737703057573364
2558,0.0
2559,0.0
2560,0.0
2561,0.0
2562,0.0
2563,0.0034267079947312
2564,0.3963339164209901
2565,0.7348528426290026
2566,1.0737419209792525
2567,1.725326978947018
2568,2.5613179389518335
2569,0.0
2570,0.0
2571,0.0
2572,0.0
2573,0.0
2574,0.0
2575,0.0
2576,3.9852406058311884
2577,3.736111943102838
2578,1.5063689794721802
2579,0.1050030472974241
2580,0.0
2581,0.0
2582,0.0
2583,0.0
2584,0.0
2585,0.0
2586,0.0
2587,0.0
2588,0.0
2589,0.0
2590,0.0
2591,0.0526946471515596
2592,0.2734126401860218
2593,0.0
2594,0.0
2595,0.0
2596,0.0
2597,0.0
2598,0.0
2599,0.0
2600,1.282563033699779
2601,0.8050232514990138
2602,0.0
2603,0.0
2604,0.0
2605,0.0
2606,0.0
2607,0.0
2608,0.0
2609,0.0
2610,0.0
2611,0.0
2612,0.0
2613,0.0
2614,0.0
2615,0.0
2616,0.0
2617,0.0
2618,0.0
2619,0.0
2620,0.0
2621,0.0
2622,0.0
2623,0.0
2624,0.2590048908362788
2625,0.0
2626,0.0
2627,0.0
2628,0.0
2629,0.0
2630,0.0
2631,0.0
2632,0.0
2633,0.0
2634,0.0
2635,0.0
2636,0.0
2637,0.0
2638,0.0
2639,0.0
2640,0.0
2641,0.0
2642,0.0
2643,0.0
2644,0.0
2645,0.0
2646,0.0
2647,0.0
2648,0.7352032438089049
2649,0.1737833320907116
2650,0.0
2651,0.0
2652,0.0
2653,0.0
2654,0.0
2655,0.0
2656,0.0
2657,0.0
2658,0.0
2659,0.0
2660,0.0
2661,0.0
2662,0.0
2663,0.0
2664,0.2423327098646647
2665,0.0
2666,0.0
2667,0.0
2668,0.0
2669,0.0
2670,0.0
2671,0.0
2672,2.28075858340217
2673,2.419383159104982
2674,1.2677507332037607
2675,0.1338062594799056
2676,0.0
2677,0.0
2678,0.0
2679,0.0
2680,0.0
2681,0.0
2682,0.2736783722457767
2683,0.47055463223153
2684,1.0133152312631215
2685,1.4184862986085822
2686,1.7581570970688012
2687,2.0489822466877534
2688,2.311614425365139
2689,0.0
2690,0.0
2691,0.0
2692,0.0
2693,0.0
2694,0.0
2695,0.0
2696,3.190213177203477
2697,3.65635634717027
2698,2.502520324499621
2699,1.4201248826941202
2700,0.1268642531209884
2701,0.0
2702,0.0
2703,0.0
2704,0.143061986575946
2705,0.3212338799128095
2706,0.8893614972132167
2707,1.352330169099902
2708,1.810024007433749
2709,2.364659879704939
2710,2.985842953689611
2711,3.580518837687454
2712,4.10133709942584
2713,0.0
2714,0.0
2715,0.0
2716,0.0
2717,0.0
2718,0.0
2719,0.0
2720,6.325541033120301
2721,8.145231338916144
2722,7.184305749246188
2723,6.36582465453248
2724,5.657051275130556
2725,5.091661142836746
2726,4.741725518599366
2727,4.048428966371074
2728,3.927376686118336
2729,3.9356443290252843
2730,4.262594811464361
2731,4.783960548601067
2732,5.217629589177628
2733,5.535860755366181
2734,5.797322435833509
2735,5.970937806819897
2736,6.060190609539825
2737,0.0
2738,0.0
2739,0.0
2740,0.0
2741,0.0
2742,0.0
2743,0.0
2744,6.072785180075839
2745,6.687757002814477
2746,4.060831834025618
2747,3.2705033239386587
2748,2.505304825688719
2749,2.7968752934102428
2750,2.43939943152673
2751,2.344701432141883
2752,2.512047538466464
2753,3.1506839703316576
2754,3.354362127697031
2755,3.8621321816148297
2756,4.4418105119746745
2757,4.832055966281583
2758,5.157074477454646
2759,5.41664734419757
2760,5.676459500670536
2761,0.0
2762,0.0
2763,0.0
2764,0.0
2765,0.0
2766,0.0
2767,0.0
2768,4.157832130198464
2769,4.824851796640061
2770,2.9235688940808013
2771,1.697518578326635
2772,0.966057024707455
2773,0.8007577345483555
2774,1.5754453825451167
2775,1.541997798907792
2776,1.7412953620132532
2777,1.932398004645834
2778,2.311535411058034
2779,2.9540765895862164
2780,3.6213657922769764
2781,4.076232541182697
2782,4.483137955403524
2783,4.948683792367236
2784,5.436572652754679
2785,0.0
2786,0.0
2787,0.0
2788,0.0
2789,0.0
2790,0.0
2791,0.0
2792,6.573425033679143
2793,6.155190470181299
2794,3.73533703461232
2795,2.284621332956732
2796,1.5490054397972322
2797,0.9683402420419992
2798,0.3325644235196927
2799,0.0
2800,0.2509174518093398
2801,0.3704616241876081
2802,0.6712787279258352
2803,0.8070976259882849
2804,1.2481393082428498
2805,2.0289253920380803
2806,2.799623253379484
2807,3.4342311904720066
2808,3.9185477068914203
2809,0.0
2810,0.0
2811,0.0
2812,0.0
2813,0.0
2814,0.0
2815,0.0
2816,3.309998225087079
2817,3.3461281128694105
2818,1.9336301939707805
2819,0.492293340394511
2820,0.0
2821,0.0
2822,0.0
2823,0.0
2824,0.0
2825,0.0
2826,0.0
2827,0.0
2828,0.0
2829,0.2246422648701829
2830,0.5549653170104526
2831,0.8178195647986042
2832,1.044524043950684
2833,0.0
2834,0.0
2835,0.0
2836,0.0
2837,0.0
2838,0.0
2839,0.0
2840,1.838079499641341
2841,1.908597461505722
2842,0.6519858209974903
2843,0.6695459231523434
2844,0.3672802816192173
2845,0.0
2846,0.0
2847,0.0
2848,0.0
2849,0.0
2850,0.0
2851,0.4741781704913106
2852,0.9288430553378486
2853,1.467608084231405
2854,2.108655382108409
2855,2.6177893390015536
2856,2.9123455412809
2857,0.0
2858,0.0
2859,0.0
2860,0.0
2861,0.0
2862,0.0
2863,0.0
2864,4.011786375573461
2865,5.283001579405787
2866,4.83683660211859
2867,4.463135194970148
2868,4.147540310635328
2869,3.892918979864893
2870,3.717950416894681
2871,3.650723292416183
2872,3.6954952285075953
2873,3.88568204901207
2874,4.223353635683767
2875,4.629050295563502
2876,5.058707701844259
2877,5.3312621052334075
2878,5.537020910213153
2879,5.711063332355851
2880,0.0
2881,0.0
2882,0.0
2883,0.0
2884,0.0
2885,0.0
2886,0.0
2887,0.0
2888,0.0
2889,0.0
2890,0.0
2891,0.0
2892,0.0
2893,0.0
2894,0.0
2895,0.0
2896,0.0
2897,0.0
2898,0.0
2899,0.0
2900,0.0
2901,0.0
2902,0.0
2903,0.0
2904,0.0
2905,0.0
2906,0.0
2907,0.0
2908,0.0
2909,0.0
2910,0.0
2911,0.0
2912,0.0
2913,0.0
2914,0.0
2915,0.0
2916,0.0
2917,0.0
2918,0.0
2919,0.0
2920,0.0
2921,0.0
2922,0.0
2923,0.0
2924,0.0
2925,0.0
2926,0.0
2927,0.0
2928,0.0
2929,0.0
2930,0.0
2931,0.0
2932,0.0
2933,0.0
2934,0.0
2935,0.0
2936,0.0
2937,0.0
2938,0.0
2939,0.0
2940,0.0
2941,0.0
2942,0.0
2943,0.0
2944,0.0
2945,0.0
2946,0.0
2947,0.0
2948,0.0
2949,0.0
2950,0.0
2951,0.0
2952,0.0
2953,0.0
2954,0.0
2955,0.0
2956,0.0
2957,0.0
2958,0.0
2959,0.0
2960,0.0
2961,0.0
2962,0.0
2963,0.0
2964,0.0
2965,0.0
2966,0.0
2967,0.0
2968,0.0
2969,0.0
2970,0.0
2971,0.0
2972,0.0
2973,0.0
2974,0.0
2975,0.0
2976,0.0
2977,0.0
2978,0.0
2979,0.0
2980,0.0
2981,0.0
2982,0.0
2983,0.0
2984,0.0
2985,0.0
2986,0.0
2987,0.0
2988,0.0
2989,0.0
2990,0.0
2991,0.0
2992,0.0
2993,0.0
2994,0.0
2995,0.0
2996,0.0
2997,0.0
2998,0.0
2999,0.0
3000,0.0
3001,0.0
3002,0.0
3003,0.0
3004,0.0
3005,0.0
3006,0.0
3007,0.0
3008,0.0
3009,0.0
3010,0.0
3011,0.0
3012,0.0
3013,0.0
3014,0.0
3015,0.0
3016,0.0
3017,0.0
3018,0.0
3019,0.0
3020,0.0
3021,0.0
3022,0.0
3023,0.0
3024,0.0
3025,0.0
3026,0.0
3027,0.0
3028,0.0
3029,0.0
3030,0.0
3031,0.0
3032,0.0
3033,0.0
3034,0.0
3035,0.0
3036,0.0
3037,0.0
3038,0.0
3039,0.0
3040,0.0
3041,0.0
3042,0.0
3043,0.0
3044,0.0
3045,0.0
3046,0.0
3047,0.0
3048,0.0
3049,0.0
3050,0.0
3051,0.0
3052,0.0
3053,0.0
3054,0.0
3055,0.0
3056,0.0
3057,0.0
3058,0.0
3059,0.0
3060,0.0
3061,0.0
3062,0.0
3063,0.0
3064,0.0
3065,0.0
3066,0.0
3067,0.0
3068,0.0
3069,0.0
3070,0.0
3071,0.0
3072,0.0
3073,0.0
3074,0.0
3075,0.0
3076,0.0
3077,0.0
3078,0.0
3079,0.0
3080,0.0
3081,0.0
3082,0.0
3083,0.0
3084,0.0
3085,0.0
3086,0.0
3087,0.0
3088,0.0
3089,0.0
3090,0.0
3091,0.0
3092,0.0
3093,0.0
3094,0.0
3095,0.0
3096,0.0
3097,0.0
3098,0.0
3099,0.0
3100,0.0
3101,0.0
3102,0.0
3103,0.0
3104,0.0
3105,0.0
3106,0.0
3107,0.0
3108,0.0
3109,0.0
3110,0.0
3111,0.0
3112,0.0
3113,0.0
3114,0.0
3115,0.0
3116,0.0
3117,0.0
3118,0.0
3119,0.0
3120,0.0
3121,0.0
3122,0.0
3123,0.0
3124,0.0
3125,0.0
3126,0.0
3127,0.0
3128,0.0
3129,0.0
3130,0.0
3131,0.0
3132,0.0
3133,0.0
3134,0.0
3135,0.0
3136,0.0
3137,0.0
3138,0.0
3139,0.0
3140,0.0
3141,0.0
3142,0.0
3143,0.0
3144,0.0
3145,0.0
3146,0.0
3147,0.0
3148,0.0
3149,0.0
3150,0.0
3151,0.0
3152,0.0
3153,0.0
3154,0.0
3155,0.0
3156,0.0
3157,0.0
3158,0.0
3159,0.0
3160,0.0
3161,0.0
3162,0.0
3163,0.0
3164,0.0
3165,0.0
3166,0.0
3167,0.0
3168,0.0
3169,0.0
3170,0.0
3171,0.0
3172,0.0
3173,0.0
3174,0.0
3175,0.0
3176,0.0
3177,0.0
3178,0.0
3179,0.0
3180,0.0
3181,0.0
3182,0.0
3183,0.0
3184,0.0
3185,0.0
3186,0.0
3187,0.0
3188,0.0
3189,0.0
3190,0.0
3191,0.0
3192,0.0
3193,0.0
3194,0.0
3195,0.0
3196,0.0
3197,0.0
3198,0.0
3199,0.0
3200,0.0
3201,0.0
3202,0.0
3203,0.0
3204,0.0
3205,0.0
3206,0.0
3207,0.0
3208,0.0
3209,0.0
3210,0.0
3211,0.0
3212,0.0
3213,0.0
3214,0.0
3215,0.0
3216,0.0
3217,0.0
3218,0.0
3219,0.0
3220,0.0
3221,0.0
3222,0.0
3223,0.0
3224,0.0
3225,0.0
3226,0.0
3227,0.0
3228,0.0
3229,0.0
3230,0.0
3231,0.0
3232,0.0
3233,0.0
3234,0.0
3235,0.0
3236,0.0
3237,0.0
3238,0.0
3239,0.0
3240,0.0
3241,0.0
3242,0.0
3243,0.0
3244,0.0
3245,0.0
3246,0.0
3247,0.0
3248,0.0
3249,0.0
3250,0.0
3251,0.0
3252,0.0
3253,0.0
3254,0.0
3255,0.0
3256,0.0
3257,0.0
3258,0.0
3259,0.0
3260,0.0
3261,0.0
3262,0.0
3263,0.0
3264,0.0
3265,0.0
3266,0.0
3267,0.0
3268,0.0
3269,0.0
3270,0.0
3271,0.0
3272,0.0
3273,0.0
3274,0.0
3275,0.0
3276,0.0
3277,0.0
3278,0.0
3279,0.0
3280,0.0
3281,0.0
3282,0.0
3283,0.0
3284,0.0
3285,0.0
3286,0.0
3287,0.0
3288,0.0
3289,0.0
3290,0.0
3291,0.0
3292,0.0
3293,0.0
3294,0.0
3295,0.0
3296,0.0
3297,0.0
3298,0.0
3299,0.0
3300,0.0
3301,0.0
3302,0.0
3303,0.0
3304,0.0
3305,0.0
3306,0.0
3307,0.0
3308,0.0
3309,0.0
3310,0.0
3311,0.0
3312,0.0
3313,0.0
3314,0.0
3315,0.0
3316,0.0
3317,0.0
3318,0.0
3319,0.0
3320,0.0
3321,0.0
3322,0.0
3323,0.0
3324,0.0
3325,0.0
3326,0.0
3327,0.0
3328,0.0
3329,0.0
3330,0.0
3331,0.0
3332,0.0
3333,0.0
3334,0.0
3335,0.0
3336,0.0
3337,0.0
3338,0.0
3339,0.0
3340,0.0
3341,0.0
3342,0.0
3343,0.0
3344,0.0
3345,0.0
3346,0.0
3347,0.0
3348,0.0
3349,0.0
3350,0.0
3351,0.0
3352,0.0
3353,0.0
3354,0.0
3355,0.0
3356,0.0
3357,0.0
3358,0.0
3359,0.0
3360,0.0
3361,0.0
3362,0.0
3363,0.0
3364,0.0
3365,0.0
3366,0.0
3367,0.0
3368,0.0
3369,0.0
3370,0.0
3371,0.0
3372,0.0
3373,0.0
3374,0.0
3375,0.0
3376,0.0
3377,0.0
3378,0.0
3379,0.0
3380,0.0
3381,0.0
3382,0.0
3383,0.0
3384,0.0
3385,0.0
3386,0.0
3387,0.0
3388,0.0
3389,0.0
3390,0.0
3391,0.0
3392,0.0
3393,0.0
3394,0.0
3395,0.0
3396,0.0
3397,0.0
3398,0.0
3399,0.0
3400,0.0
3401,0.0
3402,0.0
3403,0.0
3404,0.0
3405,0.0
3406,0.0
3407,0.0
3408,0.0
3409,0.0
3410,0.0
3411,0.0
3412,0.0
3413,0.0
3414,0.0
3415,0.0
3416,0.0
3417,0.0
3418,0.0
3419,0.0
3420,0.0
3421,0.0
3422,0.0
3423,0.0
3424,0.0
3425,0.0
3426,0.0
3427,0.0
3428,0.0
3429,0.0
3430,0.0
3431,0.0
3432,0.0
3433,0.0
3434,0.0
3435,0.0
3436,0.0
3437,0.0
3438,0.0
3439,0.0
3440,0.0
3441,0.0
3442,0.0
3443,0.0
3444,0.0
3445,0.0
3446,0.0
3447,0.0
3448,0.0
3449,0.0
3450,0.0
3451,0.0
3452,0.0
3453,0.0
3454,0.0
3455,0.0
3456,0.0
3457,0.0
3458,0.0
3459,0.0
3460,0.0
3461,0.0
3462,0.0
3463,0.0
3464,0.0
3465,0.0
3466,0.0
3467,0.0
3468,0.0
3469,0.0
3470,0.0
3471,0.0
3472,0.0
3473,0.0
3474,0.0
3475,0.0
3476,0.0
3477,0.0
3478,0.0
3479,0.0
3480,0.0
3481,0.0
3482,0.0
3483,0.0
3484,0.0
3485,0.0
3486,0.0
3487,0.0
3488,0.0
3489,0.0
3490,0.0
3491,0.0
3492,0.0
3493,0.0
3494,0.0
3495,0.0
3496,0.0
3497,0.0
3498,0.0
3499,0.0
3500,0.0
3501,0.0
3502,0.0
3503,0.0
3504,0.0
3505,0.0
3506,0.0
3507,0.0
3508,0.0
3509,0.0
3510,0.0
3511,0.0
3512,0.0
3513,0.0
3514,0.0
3515,0.0
3516,0.0
3517,0.0
3518,0.0
3519,0.0
3520,0.0
3521,0.0
3522,0.0
3523,0.0
3524,0.0
3525,0.0
3526,0.0
3527,0.0
3528,0.0
3529,0.0
3530,0.0
3531,0.0
3532,0.0
3533,0.0
3534,0.0
3535,0.0
3536,0.0
3537,0.0
3538,0.0
3539,0.0
3540,0.0
3541,0.0
3542,0.0
3543,0.0
3544,0.0
3545,0.0
3546,0.0
3547,0.0
3548,0.0
3549,0.0
3550,0.0
3551,0.0
3552,0.0
3553,0.0
3554,0.0
3555,0.0
3556,0.0
3557,0.0
3558,0.0
3559,0.0
3560,0.0
3561,0.0
3562,0.0
3563,0.0
3564,0.0
3565,0.0
3566,0.0
3567,0.0
3568,0.0
3569,0.0
3570,0.0
3571,0.0
3572,0.0
3573,0.0
3574,0.0
3575,0.0
3576,0.0
3577,0.0
3578,0.0
3579,0.0
3580,0.0
3581,0.0
3582,0.0
3583,0.0
3584,0.0
3585,0.0
3586,0.0
3587,0.0
3588,0.0
3589,0.0
3590,0.0
3591,0.0
3592,0.0
3593,0.0
3594,0.0
3595,0.0
3596,0.0
3597,0.0
3598,0.0
3599,0.0
3600,0.0
3601,0.0
3602,0.0
3603,0.0
3604,0.0
3605,0.0
3606,0.0
3607,0.0
3608,0.0
3609,0.0
3610,0.0
3611,0.0
3612,0.0
3613,0.0
3614,0.0
3615,0.0
3616,0.0
3617,0.0
3618,0.0
3619,0.0
3620,0.0
3621,0.0
3622,0.0
3623,0.0
3624,0.0
3625,0.0
3626,0.0
3627,0.0
3628,0.0
3629,0.0
3630,0.0
3631,0.0
3632,0.0
3633,0.0
3634,0.0
3635,0.0
3636,0.0
3637,0.0
3638,0.0
3639,0.0
3640,0.0
3641,0.0
3642,0.0
3643,0.0
3644,0.0
3645,0.0
3646,0.0
3647,0.0
3648,0.0
3649,0.0
3650,0.0
3651,0.0
3652,0.0
3653,0.0
3654,0.0
3655,0.0
3656,0.0
3657,0.0
3658,0.0
3659,0.0
3660,0.0
3661,0.0
3662,0.0
3663,0.0
3664,0.0
3665,0.0
3666,0.0
3667,0.0
3668,0.0
3669,0.0
3670,0.0
3671,0.0
3672,0.0
3673,0.0
3674,0.0
3675,0.0
3676,0.0
3677,0.0
3678,0.0
3679,0.0
3680,0.0
3681,0.0
3682,0.0
3683,0.0
3684,0.0
3685,0.0
3686,0.0
3687,0.0
3688,0.0
3689,0.0
3690,0.0
3691,0.0
3692,0.0
3693,0.0
3694,0.0
3695,0.0
3696,0.0
3697,0.0
3698,0.0
3699,0.0
3700,0.0
3701,0.0
3702,0.0
3703,0.0
3704,0.0
3705,0.0
3706,0.0
3707,0.0
3708,0.0
3709,0.0
3710,0.0
3711,0.0
3712,0.0
3713,0.0
3714,0.0
3715,0.0
3716,0.0
3717,0.0
3718,0.0
3719,0.0
3720,0.0
3721,0.0
3722,0.0
3723,0.0
3724,0.0
3725,0.0
3726,0.0
3727,0.0
3728,0.0
3729,0.0
3730,0.0
3731,0.0
3732,0.0
3733,0.0
3734,0.0
3735,0.0
3736,0.0
3737,0.0
3738,0.0
3739,0.0
3740,0.0
3741,0.0
3742,0.0
3743,0.0
3744,0.0
3745,0.0
3746,0.0
3747,0.0
3748,0.0
3749,0.0
3750,0.0
3751,0.0
3752,0.0
3753,0.0
3754,0.0
3755,0.0
3756,0.0
3757,0.0
3758,0.0
3759,0.0
3760,0.0
3761,0.0
3762,0.0
3763,0.0
3764,0.0
3765,0.0
3766,0.0
3767,0.0
3768,0.0
3769,0.0
3770,0.0
3771,0.0
3772,0.0
3773,0.0
3774,0.0
3775,0.0
3776,0.0
3777,0.0
3778,0.0
3779,0.0
3780,0.0
3781,0.0
3782,0.0
3783,0.0
3784,0.0
3785,0.0
3786,0.0
3787,0.0
3788,0.0
3789,0.0
3790,0.0
3791,0.0
3792,0.0
3793,0.0
3794,0.0
3795,0.0
3796,0.0
3797,0.0
3798,0.0
3799,0.0
3800,0.0
3801,0.0
3802,0.0
3803,0.0
3804,0.0
3805,0.0
3806,0.0
3807,0.0
3808,0.0
3809,0.0
3810,0.0
3811,0.0
3812,0.0
3813,0.0
3814,0.0
3815,0.0
3816,0.0
3817,0.0
3818,0.0
3819,0.0
3820,0.0
3821,0.0
3822,0.0
3823,0.0
3824,0.0
3825,0.0
3826,0.0
3827,0.0
3828,0.0
3829,0.0
3830,0.0
3831,0.0
3832,0.0
3833,0.0
3834,0.0
3835,0.0
3836,0.0
3837,0.0
3838,0.0
3839,0.0
3840,0.0
3841,0.0
3842,0.0
3843,0.0
3844,0.0
3845,0.0
3846,0.0
3847,0.0
3848,0.0
3849,0.0
3850,0.0
3851,0.0
3852,0.0
3853,0.0
3854,0.0
3855,0.0
3856,0.0
3857,0.0
3858,0.0
3859,0.0
3860,0.0
3861,0.0
3862,0.0
3863,0.0
3864,0.0
3865,0.0
3866,0.0
3867,0.0
3868,0.0
3869,0.0
3870,0.0
3871,0.0
3872,0.0
3873,0.0
3874,0.0
3875,0.0
3876,0.0
3877,0.0
3878,0.0
3879,0.0
3880,0.0
3881,0.0
3882,0.0
3883,0.0
3884,0.0
3885,0.0
3886,0.0
3887,0.0
3888,0.0
3889,0.0
3890,0.0
3891,0.0
3892,0.0
3893,0.0
3894,0.0
3895,0.0
3896,0.0
3897,0.0
3898,0.0
3899,0.0
3900,0.0
3901,0.0
3902,0.0
3903,0.0
3904,0.0
3905,0.0
3906,0.0
3907,0.0
3908,0.0
3909,0.0
3910,0.0
3911,0.0
3912,0.0
3913,0.0
3914,0.0
3915,0.0
3916,0.0
3917,0.0
3918,0.0
3919,0.0
3920,0.0
3921,0.0
3922,0.0
3923,0.0
3924,0.0
3925,0.0
3926,0.0
3927,0.0
3928,0.0
3929,0.0
3930,0.0
3931,0.0
3932,0.0
3933,0.0
3934,0.0
3935,0.0
3936,0.0
3937,0.0
3938,0.0
3939,0.0
3940,0.0
3941,0.0
3942,0.0
3943,0.0
3944,0.0
3945,0.0
3946,0.0
3947,0.0
3948,0.0
3949,0.0
3950,0.0
3951,0.0
3952,0.0
3953,0.0
3954,0.0
3955,0.0
3956,0.0
3957,0.0
3958,0.0
3959,0.0
3960,0.0
3961,0.0
3962,0.0
3963,0.0
3964,0.0
3965,0.0
3966,0.0
3967,0.0
3968,0.0
3969,0.0
3970,0.0
3971,0.0
3972,0.0
3973,0.0
3974,0.0
3975,0.0
3976,0.0
3977,0.0
3978,0.0
3979,0.0
3980,0.0
3981,0.0
3982,0.0
3983,0.0
3984,0.0
3985,0.0
3986,0.0
3987,0.0
3988,0.0
3989,0.0
3990,0.0
3991,0.0
3992,0.0
3993,0.0
3994,0.0
3995,0.0
3996,0.0
3997,0.0
3998,0.0
3999,0.0
4000,0.0
4001,0.0
4002,0.0
4003,0.0
4004,0.0
4005,0.0
4006,0.0
4007,0.0
4008,0.0
4009,0.0
4010,0.0
4011,0.0
4012,0.0
4013,0.0
4014,0.0
4015,0.0
4016,0.0
4017,0.0
4018,0.0
4019,0.0
4020,0.0
4021,0.0
4022,0.0
4023,0.0
4024,0.0
4025,0.0
4026,0.0
4027,0.0
4028,0.0
4029,0.0
4030,0.0
4031,0.0
4032,0.0
4033,0.0
4034,0.0
4035,0.0
4036,0.0
4037,0.0
4038,0.0
4039,0.0
4040,0.0
4041,0.0
4042,0.0
4043,0.0
4044,0.0
4045,0.0
4046,0.0
4047,0.0
4048,0.0
4049,0.0
4050,0.0
4051,0.0
4052,0.0
4053,0.0
4054,0.0
4055,0.0
4056,0.0
4057,0.0
4058,0.0
4059,0.0
4060,0.0
4061,0.0
4062,0.0
4063,0.0
4064,0.0
4065,0.0
4066,0.0
4067,0.0
4068,0.0
4069,0.0
4070,0.0
4071,0.0
4072,0.0
4073,0.0
4074,0.0
4075,0.0
4076,0.0
4077,0.0
4078,0.0
4079,0.0
4080,0.0
4081,0.0
4082,0.0
4083,0.0
4084,0.0
4085,0.0
4086,0.0
4087,0.0
4088,0.0
4089,0.0
4090,0.0
4091,0.0
4092,0.0
4093,0.0
4094,0.0
4095,0.0
4096,0.0
4097,0.0
4098,0.0
4099,0.0
4100,0.0
4101,0.0
4102,0.0
4103,0.0
4104,0.0
4105,0.0
4106,0.0
4107,0.0
4108,0.0
4109,0.0
4110,0.0
4111,0.0
4112,0.0
4113,0.0
4114,0.0
4115,0.0
4116,0.0
4117,0.0
4118,0.0
4119,0.0
4120,0.0
4121,0.0
4122,0.0
4123,0.0
4124,0.0
4125,0.0
4126,0.0
4127,0.0
4128,0.0
4129,0.0
4130,0.0
4131,0.0
4132,0.0
4133,0.0
4134,0.0
4135,0.0
4136,0.0
4137,0.0
4138,0.0
4139,0.0
4140,0.0
4141,0.0
4142,0.0
4143,0.0
4144,0.0
4145,0.0
4146,0.0
4147,0.0
4148,0.0
4149,0.0
4150,0.0
4151,0.0
4152,0.0
4153,0.0
4154,0.0
4155,0.0
4156,0.0
4157,0.0
4158,0.0
4159,0.0
4160,0.0
4161,0.0
4162,0.0
4163,0.0
4164,0.0
4165,0.0
4166,0.0
4167,0.0
4168,0.0
4169,0.0
4170,0.0
4171,0.0
4172,0.0
4173,0.0
4174,0.0
4175,0.0
4176,0.0
4177,0.0
4178,0.0
4179,0.0
4180,0.0
4181,0.0
4182,0.0
4183,0.0
4184,0.0
4185,0.0
4186,0.0
4187,0.0
4188,0.0
4189,0.0
4190,0.0
4191,0.0
4192,0.0
4193,0.0
4194,0.0
4195,0.0
4196,0.0
4197,0.0
4198,0.0
4199,0.0
4200,0.0
4201,0.0
4202,0.0
4203,0.0
4204,0.0
4205,0.0
4206,0.0
4207,0.0
4208,0.0
4209,0.0
4210,0.0
4211,0.0
4212,0.0
4213,0.0
4214,0.0
4215,0.0
4216,0.0
4217,0.0
4218,0.0
4219,0.0
4220,0.0
4221,0.0
4222,0.0
4223,0.0
4224,0.0
4225,0.0
4226,0.0
4227,0.0
4228,0.0
4229,0.0
4230,0.0
4231,0.0
4232,0.0
4233,0.0
4234,0.0
4235,0.0
4236,0.0
4237,0.0
4238,0.0
4239,0.0
4240,0.0
4241,0.0
4242,0.0
4243,0.0
4244,0.0
4245,0.0
4246,0.0
4247,0.0
4248,0.0
4249,0.0
4250,0.0
4251,0.0
4252,0.0
4253,0.0
4254,0.0
4255,0.0
4256,0.0
4257,0.0
4258,0.0
4259,0.0
4260,0.0
4261,0.0
4262,0.0
4263,0.0
4264,0.0
4265,0.0
4266,0.0
4267,0.0
4268,0.0
4269,0.0
4270,0.0
4271,0.0
4272,0.0
4273,0.0
4274,0.0
4275,0.0
4276,0.0
4277,0.0
4278,0.0
4279,0.0
4280,0.0
4281,0.0
4282,0.0
4283,0.0
4284,0.0
4285,0.0
4286,0.0
4287,0.0
4288,0.0
4289,0.0
4290,0.0
4291,0.0
4292,0.0
4293,0.0
4294,0.0
4295,0.0
4296,0.0
4297,0.0
4298,0.0
4299,0.0
4300,0.0
4301,0.0
4302,0.0
4303,0.0
4304,0.0
4305,0.0
4306,0.0
4307,0.0
4308,0.0
4309,0.0
4310,0.0
4311,0.0
4312,0.0
4313,0.0
4314,0.0
4315,0.0
4316,0.0
4317,0.0
4318,0.0
4319,0.0
4320,0.0
4321,0.0
4322,0.0
4323,0.0
4324,0.0
4325,0.0
4326,0.0
4327,0.0
4328,0.0
4329,0.0
4330,0.0
4331,0.0
4332,0.0
4333,0.0
4334,0.0
4335,0.0
4336,0.0
4337,0.0
4338,0.0
4339,0.0
4340,0.0
4341,0.0
4342,0.0
4343,0.0
4344,0.0
4345,0.0
4346,0.0
4347,0.0
4348,0.0
4349,0.0
4350,0.0
4351,0.0
4352,0.0
4353,0.0
4354,0.0
4355,0.0
4356,0.0
4357,0.0
4358,0.0
4359,0.0
4360,0.0
4361,0.0
4362,0.0
4363,0.0
4364,0.0
4365,0.0
4366,0.0
4367,0.0
4368,0.0
4369,0.0
4370,0.0
4371,0.0
4372,0.0
4373,0.0
4374,0.0
4375,0.0
4376,0.0
4377,0.0
4378,0.0
4379,0.0
4380,0.0
4381,0.0
4382,0.0
4383,0.0
4384,0.0
4385,0.0
4386,0.0
4387,0.0
4388,0.0
4389,0.0
4390,0.0
4391,0.0
4392,0.0
4393,0.0
4394,0.0
4395,0.0
4396,0.0
4397,0.0
4398,0.0
4399,0.0
4400,0.0
4401,0.0
4402,0.0
4403,0.0
4404,0.0
4405,0.0
4406,0.0
4407,0.0
4408,0.0
4409,0.0
4410,0.0
4411,0.0
4412,0.0
4413,0.0
4414,0.0
4415,0.0
4416,0.0
4417,0.0
4418,0.0
4419,0.0
4420,0.0
4421,0.0
4422,0.0
4423,0.0
4424,0.0
4425,0.0
4426,0.0
4427,0.0
4428,0.0
4429,0.0
4430,0.0
4431,0.0
4432,0.0
4433,0.0
4434,0.0
4435,0.0
4436,0.0
4437,0.0
4438,0.0
4439,0.0
4440,0.0
4441,0.0
4442,0.0
4443,0.0
4444,0.0
4445,0.0
4446,0.0
4447,0.0
4448,0.0
4449,0.0
4450,0.0
4451,0.0
4452,0.0
4453,0.0
4454,0.0
4455,0.0
4456,0.0
4457,0.0
4458,0.0
4459,0.0
4460,0.0
4461,0.0
4462,0.0
4463,0.0
4464,0.0
4465,0.0
4466,0.0
4467,0.0
4468,0.0
4469,0.0
4470,0.0
4471,0.0
4472,0.0
4473,0.0
4474,0.0
4475,0.0
4476,0.0
4477,0.0
4478,0.0
4479,0.0
4480,0.0
4481,0.0
4482,0.0
4483,0.0
4484,0.0
4485,0.0
4486,0.0
4487,0.0
4488,0.0
4489,0.0
4490,0.0
4491,0.0
4492,0.0
4493,0.0
4494,0.0
4495,0.0
4496,0.0
4497,0.0
4498,0.0
4499,0.0
4500,0.0
4501,0.0
4502,0.0
4503,0.0
4504,0.0
4505,0.0
4506,0.0
4507,0.0
4508,0.0
4509,0.0
4510,0.0
4511,0.0
4512,0.0
4513,0.0
4514,0.0
4515,0.0
4516,0.0
4517,0.0
4518,0.0
4519,0.0
4520,0.0
4521,0.0
4522,0.0
4523,0.0
4524,0.0
4525,0.0
4526,0.0
4527,0.0
4528,0.0
4529,0.0
4530,0.0
4531,0.0
4532,0.0
4533,0.0
4534,0.0
4535,0.0
4536,0.0
4537,0.0
4538,0.0
4539,0.0
4540,0.0
4541,0.0
4542,0.0
4543,0.0
4544,0.0
4545,0.0
4546,0.0
4547,0.0
4548,0.0
4549,0.0
4550,0.0
4551,0.0
4552,0.0
4553,0.0
4554,0.0
4555,0.0
4556,0.0
4557,0.0
4558,0.0
4559,0.0
4560,0.0
4561,0.0
4562,0.0
4563,0.0
4564,0.0
4565,0.0
4566,0.0
4567,0.0
4568,0.0
4569,0.0
4570,0.0
4571,0.0
4572,0.0
4573,0.0
4574,0.0
4575,0.0
4576,0.0
4577,0.0
4578,0.0
4579,0.0
4580,0.0
4581,0.0
4582,0.0
4583,0.0
4584,0.0
4585,0.0
4586,0.0
4587,0.0
4588,0.0
4589,0.0
4590,0.0
4591,0.0
4592,0.0
4593,0.0
4594,0.0
4595,0.0
4596,0.0
4597,0.0
4598,0.0
4599,0.0
4600,0.0
4601,0.0
4602,0.0
4603,0.0
4604,0.0
4605,0.0
4606,0.0
4607,0.0
4608,0.0
4609,0.0
4610,0.0
4611,0.0
4612,0.0
4613,0.0
4614,0.0
4615,0.0
4616,0.0
4617,0.0
4618,0.0
4619,0.0
4620,0.0
4621,0.0
4622,0.0
4623,0.0
4624,0.0
4625,0.0
4626,0.0
4627,0.0
4628,0.0
4629,0.0
4630,0.0
4631,0.0
4632,0.0
4633,0.0
4634,0.0
4635,0.0
4636,0.0
4637,0.0
4638,0.0
4639,0.0
4640,0.0
4641,0.0
4642,0.0
4643,0.0
4644,0.0
4645,0.0
4646,0.0
4647,0.0
4648,0.0
4649,0.0
4650,0.0
4651,0.0
4652,0.0
4653,0.0
4654,0.0
4655,0.0
4656,0.0
4657,0.0
4658,0.0
4659,0.0
4660,0.0
4661,0.0
4662,0.0
4663,0.0
4664,0.0
4665,0.0
4666,0.0
4667,0.0
4668,0.0
4669,0.0
4670,0.0
4671,0.0
4672,0.0
4673,0.0
4674,0.0
4675,0.0
4676,0.0
4677,0.0
4678,0.0
4679,0.0
4680,0.0
4681,0.0
4682,0.0
4683,0.0
4684,0.0
4685,0.0
4686,0.0
4687,0.0
4688,0.0
4689,0.0
4690,0.0
4691,0.0
4692,0.0
4693,0.0
4694,0.0
4695,0.0
4696,0.0
4697,0.0
4698,0.0
4699,0.0
4700,0.0
4701,0.0
4702,0.0
4703,0.0
4704,0.0
4705,0.0
4706,0.0
4707,0.0
4708,0.0
4709,0.0
4710,0.0
4711,0.0
4712,0.0
4713,0.0
4714,0.0
4715,0.0
4716,0.0
4717,0.0
4718,0.0
4719,0.0
4720,0.0
4721,0.0
4722,0.0
4723,0.0
4724,0.0
4725,0.0
4726,0.0
4727,0.0
4728,0.0
4729,0.0
4730,0.0
4731,0.0
4732,0.0
4733,0.0
4734,0.0
4735,0.0
4736,0.0
4737,0.0
4738,0.0
4739,0.0
4740,0.0
4741,0.0
4742,0.0
4743,0.0
4744,0.0
4745,0.0
4746,0.0
4747,0.0
4748,0.0
4749,0.0
4750,0.0
4751,0.0
4752,0.0
4753,0.0
4754,0.0
4755,0.0
4756,0.0
4757,0.0
4758,0.0
4759,0.0
4760,0.0
4761,0.0
4762,0.0
4763,0.0
4764,0.0
4765,0.0
4766,0.0
4767,0.0
4768,0.0
4769,0.0
4770,0.0
4771,0.0
4772,0.0
4773,0.0
4774,0.0
4775,0.0
4776,0.0
4777,0.0
4778,0.0
4779,0.0
4780,0.0
4781,0.0
4782,0.0
4783,0.0
4784,0.0
4785,0.0
4786,0.0
4787,0.0
4788,0.0
4789,0.0
4790,0.0
4791,0.0
4792,0.0
4793,0.0
4794,0.0
4795,0.0
4796,0.0
4797,0.0
4798,0.0
4799,0.0
4800,0.0
4801,0.0
4802,0.0
4803,0.0
4804,0.0
4805,0.0
4806,0.0
4807,0.0
4808,0.0
4809,0.0
4810,0.0
4811,0.0
4812,0.0
4813,0.0
4814,0.0
4815,0.0
4816,0.0
4817,0.0
4818,0.0
4819,0.0
4820,0.0
4821,0.0
4822,0.0
4823,0.0
4824,0.0
4825,0.0
4826,0.0
4827,0.0
4828,0.0
4829,0.0
4830,0.0
4831,0.0
4832,0.0
4833,0.0
4834,0.0
4835,0.0
4836,0.0
4837,0.0
4838,0.0
4839,0.0
4840,0.0
4841,0.0
4842,0.0
4843,0.0
4844,0.0
4845,0.0
4846,0.0
4847,0.0
4848,0.0
4849,0.0
4850,0.0
4851,0.0
4852,0.0
4853,0.0
4854,0.0
4855,0.0
4856,0.0
4857,0.0
4858,0.0
4859,0.0
4860,0.0
4861,0.0
4862,0.0
4863,0.0
4864,0.0
4865,0.0
4866,0.0
4867,0.0
4868,0.0
4869,0.0
4870,0.0
4871,0.0
4872,0.0
4873,0.0
4874,0.0
4875,0.0
4876,0.0
4877,0.0
4878,0.0
4879,0.0
4880,0.0
4881,0.0
4882,0.0
4883,0.0
4884,0.0
4885,0.0
4886,0.0
4887,0.0
4888,0.0
4889,0.0
4890,0.0
4891,0.0
4892,0.0
4893,0.0
4894,0.0
4895,0.0
4896,0.0
4897,0.0
4898,0.0
4899,0.0
4900,0.0
4901,0.0
4902,0.0
4903,0.0
4904,0.0
4905,0.0
4906,0.0
4907,0.0
4908,0.0
4909,0.0
4910,0.0
4911,0.0
4912,0.0
4913,0.0
4914,0.0
4915,0.0
4916,0.0
4917,0.0
4918,0.0
4919,0.0
4920,0.0
4921,0.0
4922,0.0
4923,0.0
4924,0.0
4925,0.0
4926,0.0
4927,0.0
4928,0.0
4929,0.0
4930,0.0
4931,0.0
4932,0.0
4933,0.0
4934,0.0
4935,0.0
4936,0.0
4937,0.0
4938,0.0
4939,0.0
4940,0.0
4941,0.0
4942,0.0
4943,0.0
4944,0.0
4945,0.0
4946,0.0
4947,0.0
4948,0.0
4949,0.0
4950,0.0
4951,0.0
4952,0.0
4953,0.0
4954,0.0
4955,0.0
4956,0.0
4957,0.0
4958,0.0
4959,0.0
4960,0.0
4961,0.0
4962,0.0
4963,0.0
4964,0.0
4965,0.0
4966,0.0
4967,0.0
4968,0.0
4969,0.0
4970,0.0
4971,0.0
4972,0.0
4973,0.0
4974,0.0
4975,0.0
4976,0.0
4977,0.0
4978,0.0
4979,0.0
4980,0.0
4981,0.0
4982,0.0
4983,0.0
4984,0.0
4985,0.0
4986,0.0
4987,0.0
4988,0.0
4989,0.0
4990,0.0
4991,0.0
4992,0.0
4993,0.0
4994,0.0
4995,0.0
4996,0.0
4997,0.0
4998,0.0
4999,0.0
5000,0.0
5001,0.0
5002,0.0
5003,0.0
5004,0.0
5005,0.0
5006,0.0
5007,0.0
5008,0.0
5009,0.0
5010,0.0
5011,0.0
5012,0.0
5013,0.0
5014,0.0
5015,0.0
5016,0.0
5017,0.0
5018,0.0
5019,0.0
5020,0.0
5021,0.0
5022,0.0
5023,0.0
5024,0.0
5025,0.0
5026,0.0
5027,0.0
5028,0.0
5029,0.0
5030,0.0
5031,0.0
5032,0.0
5033,0.0
5034,0.0
5035,0.0
5036,0.0
5037,0.0
5038,0.0
5039,0.0
5040,0.0
5041,0.0
5042,0.0
5043,0.0
5044,0.0
5045,0.0
5046,0.0
5047,0.0
5048,0.0
5049,0.0
5050,0.0
5051,0.0
5052,0.0
5053,0.0
5054,0.0
5055,0.0
5056,0.0
5057,0.0
5058,0.0
5059,0.0
5060,0.0
5061,0.0
5062,0.0
5063,0.0
5064,0.0
5065,0.0
5066,0.0
5067,0.0
5068,0.0
5069,0.0
5070,0.0
5071,0.0
5072,0.0
5073,0.0
5074,0.0
5075,0.0
5076,0.0
5077,0.0
5078,0.0
5079,0.0
5080,0.0
5081,0.0
5082,0.0
5083,0.0
5084,0.0
5085,0.0
5086,0.0
5087,0.0
5088,0.0
5089,0.0
5090,0.0
5091,0.0
5092,0.0
5093,0.0
5094,0.0
5095,0.0
5096,0.0
5097,0.0
5098,0.0
5099,0.0
5100,0.0
5101,0.0
5102,0.0
5103,0.0
5104,0.0
5105,0.0
5106,0.0
5107,0.0
5108,0.0
5109,0.0
5110,0.0
5111,0.0
5112,0.0
5113,0.0
5114,0.0
5115,0.0
5116,0.0
5117,0.0
5118,0.0
5119,0.0
5120,0.0
5121,0.0
5122,0.0
5123,0.0
5124,0.0
5125,0.0
5126,0.0
5127,0.0
5128,0.0
5129,0.0
5130,0.0
5131,0.0
5132,0.0
5133,0.0
5134,0.0
5135,0.0
5136,0.0
5137,0.0
5138,0.0
5139,0.0
5140,0.0
5141,0.0
5142,0.0
5143,0.0
5144,0.0
5145,0.0
5146,0.0
5147,0.0
5148,0.0
5149,0.0
5150,0.0
5151,0.0
5152,0.0
5153,0.0
5154,0.0
5155,0.0
5156,0.0
5157,0.0
5158,0.0
5159,0.0
5160,0.0
5161,0.0
5162,0.0
5163,0.0
5164,0.0
5165,0.0
5166,0.0
5167,0.0
5168,0.0
5169,0.0
5170,0.0
5171,0.0
5172,0.0
5173,0.0
5174,0.0
5175,0.0
5176,0.0
5177,0.0
5178,0.0
5179,0.0
5180,0.0
5181,0.0
5182,0.0
5183,0.0
5184,0.0
5185,0.0
5186,0.0
5187,0.0
5188,0.0
5189,0.0
5190,0.0
5191,0.0
5192,0.0
5193,0.0
5194,0.0
5195,0.0
5196,0.0
5197,0.0
5198,0.0
5199,0.0
5200,0.0
5201,0.0
5202,0.0
5203,0.0
5204,0.0
5205,0.0
5206,0.0
5207,0.0
5208,0.0
5209,0.0
5210,0.0
5211,0.0
5212,0.0
5213,0.0
5214,0.0
5215,0.0
5216,0.0
5217,0.0
5218,0.0
5219,0.0
5220,0.0
5221,0.0
5222,0.0
5223,0.0
5224,0.0
5225,0.0
5226,0.0
5227,0.0
5228,0.0
5229,0.0
5230,0.0
5231,0.0
5232,0.0
5233,0.0
5234,0.0
5235,0.0
5236,0.0
5237,0.0
5238,0.0
5239,0.0
5240,0.0
5241,0.0
5242,0.0
5243,0.0
5244,0.0
5245,0.0
5246,0.0
5247,0.0
5248,0.0
5249,0.0
5250,0.0
5251,0.0
5252,0.0
5253,0.0
5254,0.0
5255,0.0
5256,0.0
5257,0.0
5258,0.0
5259,0.0
5260,0.0
5261,0.0
5262,0.0
5263,0.0
5264,0.0
5265,0.0
5266,0.0
5267,0.0
5268,0.0
5269,0.0
5270,0.0
5271,0.0
5272,0.0
5273,0.0
5274,0.0
5275,0.0
5276,0.0
5277,0.0
5278,0.0
5279,0.0
5280,0.0
5281,0.0
5282,0.0
5283,0.0
5284,0.0
5285,0.0
5286,0.0
5287,0.0
5288,0.0
5289,0.0
5290,0.0
5291,0.0
5292,0.0
5293,0.0
5294,0.0
5295,0.0
5296,0.0
5297,0.0
5298,0.0
5299,0.0
5300,0.0
5301,0.0
5302,0.0
5303,0.0
5304,0.0
5305,0.0
5306,0.0
5307,0.0
5308,0.0
5309,0.0
5310,0.0
5311,0.0
5312,0.0
5313,0.0
5314,0.0
5315,0.0
5316,0.0
5317,0.0
5318,0.0
5319,0.0
5320,0.0
5321,0.0
5322,0.0
5323,0.0
5324,0.0
5325,0.0
5326,0.0
5327,0.0
5328,0.0
5329,0.0
5330,0.0
5331,0.0
5332,0.0
5333,0.0
5334,0.0
5335,0.0
5336,0.0
5337,0.0
5338,0.0
5339,0.0
5340,0.0
5341,0.0
5342,0.0
5343,0.0
5344,0.0
5345,0.0
5346,0.0
5347,0.0
5348,0.0
5349,0.0
5350,0.0
5351,0.0
5352,0.0
5353,0.0
5354,0.0
5355,0.0
5356,0.0
5357,0.0
5358,0.0
5359,0.0
5360,0.0
5361,0.0
5362,0.0
5363,0.0
5364,0.0
5365,0.0
5366,0.0
5367,0.0
5368,0.0
5369,0.0
5370,0.0
5371,0.0
5372,0.0
5373,0.0
5374,0.0
5375,0.0
5376,0.0
5377,0.0
5378,0.0
5379,0.0
5380,0.0
5381,0.0
5382,0.0
5383,0.0
5384,0.0
5385,0.0
5386,0.0
5387,0.0
5388,0.0
5389,0.0
5390,0.0
5391,0.0
5392,0.0
5393,0.0
5394,0.0
5395,0.0
5396,0.0
5397,0.0
5398,0.0
5399,0.0
5400,0.0
5401,0.0
5402,0.0
5403,0.0
5404,0.0
5405,0.0
5406,0.0
5407,0.0
5408,0.0
5409,0.0
5410,0.0
5411,0.0
5412,0.0
5413,0.0
5414,0.0
5415,0.0
5416,0.0
5417,0.0
5418,0.0
5419,0.0
5420,0.0
5421,0.0
5422,0.0
5423,0.0
5424,0.0
5425,0.0
5426,0.0
5427,0.0
5428,0.0
5429,0.0
5430,0.0
5431,0.0
5432,0.0
5433,0.0
5434,0.0
5435,0.0
5436,0.0
5437,0.0
5438,0.0
5439,0.0
5440,0.0
5441,0.0
5442,0.0
5443,0.0
5444,0.0
5445,0.0
5446,0.0
5447,0.0
5448,0.0
5449,0.0
5450,0.0
5451,0.0
5452,0.0
5453,0.0
5454,0.0
5455,0.0
5456,0.0
5457,0.0
5458,0.0
5459,0.0
5460,0.0
5461,0.0
5462,0.0
5463,0.0
5464,0.0
5465,0.0
5466,0.0
5467,0.0
5468,0.0
5469,0.0
5470,0.0
5471,0.0
5472,0.0
5473,0.0
5474,0.0
5475,0.0
5476,0.0
5477,0.0
5478,0.0
5479,0.0
5480,0.0
5481,0.0
5482,0.0
5483,0.0
5484,0.0
5485,0.0
5486,0.0
5487,0.0
5488,0.0
5489,0.0
5490,0.0
5491,0.0
5492,0.0
5493,0.0
5494,0.0
5495,0.0
5496,0.0
5497,0.0
5498,0.0
5499,0.0
5500,0.0
5501,0.0
5502,0.0
5503,0.0
5504,0.0
5505,0.0
5506,0.0
5507,0.0
5508,0.0
5509,0.0
5510,0.0
5511,0.0
5512,0.0
5513,0.0
5514,0.0
5515,0.0
5516,0.0
5517,0.0
5518,0.0
5519,0.0
5520,0.0
5521,0.0
5522,0.0
5523,0.0
5524,0.0
5525,0.0
5526,0.0
5527,0.0
5528,0.0
5529,0.0
5530,0.0
5531,0.0
5532,0.0
5533,0.0
5534,0.0
5535,0.0
5536,0.0
5537,0.0
5538,0.0
5539,0.0
5540,0.0
5541,0.0
5542,0.0
5543,0.0
5544,0.0
5545,0.0
5546,0.0
5547,0.0
5548,0.0
5549,0.0
5550,0.0
5551,0.0
5552,0.0
5553,0.0
5554,0.0
5555,0.0
5556,0.0
5557,0.0
5558,0.0
5559,0.0
5560,0.0
5561,0.0
5562,0.0
5563,0.0
5564,0.0
5565,0.0
5566,0.0
5567,0.0
5568,0.0
5569,0.0
5570,0.0
5571,0.0
5572,0.0
5573,0.0
5574,0.0
5575,0.0
5576,0.0
5577,0.0
5578,0.0
5579,0.0
5580,0.0
5581,0.0
5582,0.0
5583,0.0
5584,0.0
5585,0.0
5586,0.0
5587,0.0
5588,0.0
5589,0.0
5590,0.0
5591,0.0
5592,0.0
5593,0.0
5594,0.0
5595,0.0
5596,0.0
5597,0.0
5598,0.0
5599,0.0
5600,0.0
5601,0.0
5602,0.0
5603,0.0
5604,0.0
5605,0.0
5606,0.0
5607,0.0
5608,0.0
5609,0.0
5610,0.0
5611,0.0
5612,0.0
5613,0.0
5614,0.0
5615,0.0
5616,0.0
5617,0.0
5618,0.0
5619,0.0
5620,0.0
5621,0.0
5622,0.0
5623,0.0
5624,0.0
5625,0.0
5626,0.0
5627,0.0
5628,0.0
5629,0.0
5630,0.0
5631,0.0
5632,0.0
5633,0.0
5634,0.0
5635,0.0
5636,0.0
5637,0.0
5638,0.0
5639,0.0
5640,0.0
5641,0.0
5642,0.0
5643,0.0
5644,0.0
5645,0.0
5646,0.0
5647,0.0
5648,0.0
5649,0.0
5650,0.0
5651,0.0
5652,0.0
5653,0.0
5654,0.0
5655,0.0
5656,0.0
5657,0.0
5658,0.0
5659,0.0
5660,0.0
5661,0.0
5662,0.0
5663,0.0
5664,0.0
5665,0.0
5666,0.0
5667,0.0
5668,0.0
5669,0.0
5670,0.0
5671,0.0
5672,0.0
5673,0.0
5674,0.0
5675,0.0
5676,0.0
5677,0.0
5678,0.0
5679,0.0
5680,0.0
5681,0.0
5682,0.0
5683,0.0
5684,0.0
5685,0.0
5686,0.0
5687,0.0
5688,0.0
5689,0.0
5690,0.0
5691,0.0
5692,0.0
5693,0.0
5694,0.0
5695,0.0
5696,0.0
5697,0.0
5698,0.0
5699,0.0
5700,0.0
5701,0.0
5702,0.0
5703,0.0
5704,0.0
5705,0.0
5706,0.0
5707,0.0
5708,0.0
5709,0.0
5710,0.0
5711,0.0
5712,0.0
5713,0.0
5714,0.0
5715,0.0
5716,0.0
5717,0.0
5718,0.0
5719,0.0
5720,0.0
5721,0.0
5722,0.0
5723,0.0
5724,0.0
5725,0.0
5726,0.0
5727,0.0
5728,0.0
5729,0.0
5730,0.0
5731,0.0
5732,0.0
5733,0.0
5734,0.0
5735,0.0
5736,0.0
5737,0.0
5738,0.0
5739,0.0
5740,0.0
5741,0.0
5742,0.0
5743,0.0
5744,0.0
5745,0.0
5746,0.0
5747,0.0
5748,0.0
5749,0.0
5750,0.0
5751,0.0
5752,0.0
5753,0.0
5754,0.0
5755,0.0
5756,0.0
5757,0.0
5758,0.0
5759,0.0
5760,0.0
5761,0.0
5762,0.0
5763,0.0
5764,0.0
5765,0.0
5766,0.0
5767,0.0
5768,0.0
5769,0.0
5770,0.0
5771,0.0
5772,0.0
5773,0.0
5774,0.0
5775,0.0
5776,0.0
5777,0.0
5778,0.0
5779,0.0
5780,0.0
5781,0.0
5782,0.0
5783,0.0
5784,0.0
5785,0.0
5786,0.0
5787,0.0
5788,0.0
5789,0.0
5790,0.0
5791,0.0
5792,0.0
5793,0.0
5794,0.0
5795,0.0
5796,0.0
5797,0.0
5798,0.0
5799,0.0
5800,0.0
5801,0.0
5802,0.0
5803,0.0
5804,0.0
5805,0.0
5806,0.0
5807,0.0
5808,0.0
5809,0.0
5810,0.0
5811,0.0
5812,0.0
5813,0.0
5814,0.0
5815,0.0
5816,0.0
5817,0.0
5818,0.0
5819,0.0
5820,0.0
5821,0.0
5822,0.0
5823,0.0
5824,0.0
5825,0.0
5826,0.0
5827,0.0
5828,0.0
5829,0.0
5830,0.0
5831,0.0
5832,0.0
5833,0.0
5834,0.0
5835,0.0
5836,0.0
5837,0.0
5838,0.0
5839,0.0
5840,0.0
5841,0.0
5842,0.0
5843,0.0
5844,0.0
5845,0.0
5846,0.0
5847,0.0
5848,0.0
5849,0.0
5850,0.0
5851,0.0
5852,0.0
5853,0.0
5854,0.0
5855,0.0
5856,0.0
5857,0.0
5858,0.0
5859,0.0
5860,0.0
5861,0.0
5862,0.0
5863,0.0
5864,0.0
5865,0.0
5866,0.0
5867,0.0
5868,0.0
5869,0.0
5870,0.0
5871,0.0
5872,0.0
5873,0.0
5874,0.0
5875,0.0
5876,0.0
5877,0.0
5878,0.0
5879,0.0
5880,0.0
5881,0.0
5882,0.0
5883,0.0
5884,0.0
5885,0.0
5886,0.0
5887,0.0
5888,0.0
5889,0.0
5890,0.0
5891,0.0
5892,0.0
5893,0.0
5894,0.0
5895,0.0
5896,0.0
5897,0.0
5898,0.0
5899,0.0
5900,0.0
5901,0.0
5902,0.0
5903,0.0
5904,0.0
5905,0.0
5906,0.0
5907,0.0
5908,0.0
5909,0.0
5910,0.0
5911,0.0
5912,0.0
5913,0.0
5914,0.0
5915,0.0
5916,0.0
5917,0.0
5918,0.0
5919,0.0
5920,0.0
5921,0.0
5922,0.0
5923,0.0
5924,0.0
5925,0.0
5926,0.0
5927,0.0
5928,0.0
5929,0.0
5930,0.0
5931,0.0
5932,0.0
5933,0.0
5934,0.0
5935,0.0
5936,0.0
5937,0.0
5938,0.0
5939,0.0
5940,0.0
5941,0.0
5942,0.0
5943,0.0
5944,0.0
5945,0.0
5946,0.0
5947,0.0
5948,0.0
5949,0.0
5950,0.0
5951,0.0
5952,0.0
5953,0.0
5954,0.0
5955,0.0
5956,0.0
5957,0.0
5958,0.0
5959,0.0
5960,0.0
5961,0.0
5962,0.0
5963,0.0
5964,0.0
5965,0.0
5966,0.0
5967,0.0
5968,0.0
5969,0.0
5970,0.0
5971,0.0
5972,0.0
5973,0.0
5974,0.0
5975,0.0
5976,0.0
5977,0.0
5978,0.0
5979,0.0
5980,0.0
5981,0.0
5982,0.0
5983,0.0
5984,0.0
5985,0.0
5986,0.0
5987,0.0
5988,0.0
5989,0.0
5990,0.0
5991,0.0
5992,0.0
5993,0.0
5994,0.0
5995,0.0
5996,0.0
5997,0.0
5998,0.0
5999,0.0
6000,0.0
6001,0.0
6002,0.0
6003,0.0
6004,0.0
6005,0.0
6006,0.0
6007,0.0
6008,0.0
6009,0.0
6010,0.0
6011,0.0
6012,0.0
6013,0.0
6014,0.0
6015,0.0
6016,0.0
6017,0.0
6018,0.0
6019,0.0
6020,0.0
6021,0.0
6022,0.0
6023,0.0
6024,0.0
6025,0.0
6026,0.0
6027,0.0
6028,0.0
6029,0.0
6030,0.0
6031,0.0
6032,0.0
6033,0.0
6034,0.0
6035,0.0
6036,0.0
6037,0.0
6038,0.0
6039,0.0
6040,0.0
6041,0.0
6042,0.0
6043,0.0
6044,0.0
6045,0.0
6046,0.0
6047,0.0
6048,0.0
6049,0.0
6050,0.0
6051,0.0
6052,0.0
6053,0.0
6054,0.0
6055,0.0
6056,0.0
6057,0.0
6058,0.0
6059,0.0
6060,0.0
6061,0.0
6062,0.0
6063,0.0
6064,0.0
6065,0.0
6066,0.0
6067,0.0
6068,0.0
6069,0.0
6070,0.0
6071,0.0
6072,0.0
6073,0.0
6074,0.0
6075,0.0
6076,0.0
6077,0.0
6078,0.0
6079,0.0
6080,0.0
6081,0.0
6082,0.0
6083,0.0
6084,0.0
6085,0.0
6086,0.0
6087,0.0
6088,0.0
6089,0.0
6090,0.0
6091,0.0
6092,0.0
6093,0.0
6094,0.0
6095,0.0
6096,0.0
6097,0.0
6098,0.0
6099,0.0
6100,0.0
6101,0.0
6102,0.0
6103,0.0
6104,0.0
6105,0.0
6106,0.0
6107,0.0
6108,0.0
6109,0.0
6110,0.0
6111,0.0
6112,0.0
6113,0.0
6114,0.0
6115,0.0
6116,0.0
6117,0.0
6118,0.0
6119,0.0
6120,0.0
6121,0.0
6122,0.0
6123,0.0
6124,0.0
6125,0.0
6126,0.0
6127,0.0
6128,0.0
6129,0.0
6130,0.0
6131,0.0
6132,0.0
6133,0.0
6134,0.0
6135,0.0
6136,0.0
6137,0.0
6138,0.0
6139,0.0
6140,0.0
6141,0.0
6142,0.0
6143,0.0
6144,0.0
6145,0.0
6146,0.0
6147,0.0
6148,0.0
6149,0.0
6150,0.0
6151,0.0
6152,0.0
6153,0.0
6154,0.0
6155,0.0
6156,0.0
6157,0.0
6158,0.0
6159,0.0
6160,0.0
6161,0.0
6162,0.0
6163,0.0
6164,0.0
6165,0.0
6166,0.0
6167,0.0
6168,0.0
6169,0.0
6170,0.0
6171,0.0
6172,0.0
6173,0.0
6174,0.0
6175,0.0
6176,0.0
6177,0.0
6178,0.0
6179,0.0
6180,0.0
6181,0.0
6182,0.0
6183,0.0
6184,0.0
6185,0.0
6186,0.0
6187,0.0
6188,0.0
6189,0.0
6190,0.0
6191,0.0
6192,0.0
6193,0.0
6194,0.0
6195,0.0
6196,0.0
6197,0.0
6198,0.0
6199,0.0
6200,0.0
6201,0.0
6202,0.0
6203,0.0
6204,0.0
6205,0.0
6206,0.0
6207,0.0
6208,0.0
6209,0.0
6210,0.0
6211,0.0
6212,0.0
6213,0.0
6214,0.0
6215,0.0
6216,0.0
6217,0.0
6218,0.0
6219,0.0
6220,0.0
6221,0.0
6222,0.0
6223,0.0
6224,0.0
6225,0.0
6226,0.0
6227,0.0
6228,0.0
6229,0.0
6230,0.0
6231,0.0
6232,0.0
6233,0.0
6234,0.0
6235,0.0
6236,0.0
6237,0.0
6238,0.0
6239,0.0
6240,0.0
6241,0.0
6242,0.0
6243,0.0
6244,0.0
6245,0.0
6246,0.0
6247,0.0
6248,0.0
6249,0.0
6250,0.0
6251,0.0
6252,0.0
6253,0.0
6254,0.0
6255,0.0
6256,0.0
6257,0.0
6258,0.0
6259,0.0
6260,0.0
6261,0.0
6262,0.0
6263,0.0
6264,0.0
6265,0.0
6266,0.0
6267,0.0
6268,0.0
6269,0.0
6270,0.0
6271,0.0
6272,0.0
6273,0.0
6274,0.0
6275,0.0
6276,0.0
6277,0.0
6278,0.0
6279,0.0
6280,0.0
6281,0.0
6282,0.0
6283,0.0
6284,0.0
6285,0.0
6286,0.0
6287,0.0
6288,0.0
6289,0.0
6290,0.0
6291,0.0
6292,0.0
6293,0.0
6294,0.0
6295,0.0
6296,0.0
6297,0.0
6298,0.0
6299,0.0
6300,0.0
6301,0.0
6302,0.0
6303,0.0
6304,0.0
6305,0.0
6306,0.0
6307,0.0
6308,0.0
6309,0.0
6310,0.0
6311,0.0
6312,0.0
6313,0.0
6314,0.0
6315,0.0
6316,0.0
6317,0.0
6318,0.0
6319,0.0
6320,0.0
6321,0.0
6322,0.0
6323,0.0
6324,0.0
6325,0.0
6326,0.0
6327,0.0
6328,0.0
6329,0.0
6330,0.0
6331,0.0
6332,0.0
6333,0.0
6334,0.0
6335,0.0
6336,0.0
6337,0.0
6338,0.0
6339,0.0
6340,0.0
6341,0.0
6342,0.0
6343,0.0
6344,0.0
6345,0.0
6346,0.0
6347,0.0
6348,0.0
6349,0.0
6350,0.0
6351,0.0
6352,0.0
6353,0.0
6354,0.0
6355,0.0
6356,0.0
6357,0.0
6358,0.0
6359,0.0
6360,0.0
6361,0.0
6362,0.0
6363,0.0
6364,0.0
6365,0.0
6366,0.0
6367,0.0
6368,0.0
6369,0.0
6370,0.0
6371,0.0
6372,0.0
6373,0.0
6374,0.0
6375,0.0
6376,0.0
6377,0.0
6378,0.0
6379,0.0
6380,0.0
6381,0.0
6382,0.0
6383,0.0
6384,0.0
6385,0.0
6386,0.0
6387,0.0
6388,0.0
6389,0.0
6390,0.0
6391,0.0
6392,0.0
6393,0.0
6394,0.0
6395,0.0
6396,0.0
6397,0.0
6398,0.0
6399,0.0
6400,0.0
6401,0.0
6402,0.0
6403,0.0
6404,0.0
6405,0.0
6406,0.0
6407,0.0
6408,0.0
6409,0.0
6410,0.0
6411,0.0
6412,0.0
6413,0.0
6414,0.0
6415,0.0
6416,0.0
6417,0.0
6418,0.0
6419,0.0
6420,0.0
6421,0.0
6422,0.0
6423,0.0
6424,0.0
6425,0.0
6426,0.0
6427,0.0
6428,0.0
6429,0.0
6430,0.0
6431,0.0
6432,0.0
6433,0.0
6434,0.0
6435,0.0
6436,0.0
6437,0.0
6438,0.0
6439,0.0
6440,0.0
6441,0.0
6442,0.0
6443,0.0
6444,0.0
6445,0.0
6446,0.0
6447,0.0
6448,0.0
6449,0.0
6450,0.0
6451,0.0
6452,0.0
6453,0.0
6454,0.0
6455,0.0
6456,0.0
6457,0.0
6458,0.0
6459,0.0
6460,0.0
6461,0.0
6462,0.0
6463,0.0
6464,0.0
6465,0.0
6466,0.0
6467,0.0
6468,0.0
6469,0.0
6470,0.0
6471,0.0
6472,0.0
6473,0.0
6474,0.0
6475,0.0
6476,0.0
6477,0.0
6478,0.0
6479,0.0
6480,0.0
6481,0.0
6482,0.0
6483,0.0
6484,0.0
6485,0.0
6486,0.0
6487,0.0
6488,0.0
6489,0.0
6490,0.0
6491,0.0
6492,0.0
6493,0.0
6494,0.0
6495,0.0
6496,0.0
6497,0.0
6498,0.0
6499,0.0
6500,0.0
6501,0.0
6502,0.0
6503,0.0
6504,0.0
6505,0.0
6506,0.0
6507,0.0
6508,0.0
6509,0.0
6510,0.0
6511,0.0
6512,0.0
6513,0.0
6514,0.0
6515,0.0
6516,0.0
6517,0.0
6518,0.0
6519,0.0
6520,0.0
6521,0.0
6522,0.0
6523,0.0
6524,0.0
6525,0.0
6526,0.0
6527,0.0
6528,0.0
6529,3.7948042338534576
6530,5.380703827889626
6531,5.5176218237797325
6532,5.76915647675208
6533,6.059038916995762
6534,6.376574812195654
6535,6.395974411232309
6536,16.023937645890893
6537,18.381853436203624
6538,12.413130644738363
6539,10.178972216048908
6540,8.612789366449086
6541,7.181322427802273
6542,5.946920902602383
6543,5.436574014790539
6544,4.629617681806145
6545,6.277456678260577
6546,6.996176503655208
6547,7.454093280414623
6548,7.727334013728598
6549,7.979561395136496
6550,8.254497319968205
6551,8.541874099904275
6552,8.927763880908136
6553,0.3322238384173396
6554,0.0
6555,0.0
6556,0.0
6557,0.0907846849781425
6558,0.3339186842095417
6559,0.6599770622003497
6560,9.758879053112679
6561,12.291681097690258
6562,10.66435233361733
6563,8.831340163654797
6564,7.372388278117674
6565,5.322042544842123
6566,3.76509522634353
6567,4.646867653987331
6568,5.236762851837452
6569,5.580094598785314
6570,5.9758403624798095
6571,6.243384172118612
6572,6.36248080757348
6573,6.385504031053077
6574,6.389882226219626
6575,6.406689178925274
6576,6.431029462442626
6577,0.0
6578,0.0
6579,0.0
6580,0.0
6581,0.0
6582,0.0
6583,0.0
6584,6.6739053308469485
6585,8.436929474436548
6586,7.744156766508871
6587,6.850504272487976
6588,5.681679085062327
6589,3.538108340902828
6590,1.7063161993761928
6591,2.820693848468921
6592,3.4445455818369206
6593,4.035296968949366
6594,4.47667160882849
6595,4.773866941302331
6596,4.965281160330019
6597,5.167382581811389
6598,5.376473952263623
6599,5.578588008305143
6600,5.777424859104826
6601,0.0
6602,0.0
6603,0.0
6604,0.0
6605,0.0
6606,0.0
6607,0.0
6608,6.206414707670845
6609,7.967073130334457
6610,6.995895585021135
6611,5.688849792709087
6612,4.694688267782654
6613,3.5944260592331396
6614,1.669949408976746
6615,0.5748369860854129
6616,0.0378725801225017
6617,0.3769739750067998
6618,2.6665751396608943
6619,3.564636953599588
6620,4.270966964532159
6621,4.657800443796797
6622,4.983677092583288
6623,5.328869455256856
6624,5.683608187799667
6625,0.0
6626,0.0
6627,0.0
6628,0.0
6629,0.0
6630,0.0
6631,0.0
6632,6.229894688810365
6633,5.232440395890299
6634,6.060659095818749
6635,5.587242143166035
6636,5.515537516990581
6637,5.323195427368038
6638,5.765038658437058
6639,5.815982823603165
6640,5.970224174980838
6641,5.972733176099767
6642,6.5773329081619725
6643,7.052701528201077
6644,7.362275021005625
6645,7.627184206046399
6646,7.765214127723642
6647,7.656704448008434
6648,7.39879541113722
6649,0.0
6650,0.0
6651,0.0
6652,0.0
6653,0.0
6654,0.0
6655,0.0
6656,6.9676979452481955
6657,6.152174290446346
6658,4.1152144923214244
6659,2.7336841208999085
6660,1.712633730196208
6661,1.5278140053027085
6662,0.6578512421054378
6663,0.2258038931412577
6664,0.0
6665,0.0
6666,1.0060213230829764
6667,2.2858662295344407
6668,3.0891928008114578
6669,3.7556460446396853
6670,4.3588327771464055
6671,5.083818605340583
6672,5.866868809359317
6673,0.0
6674,0.0
6675,0.0
6676,0.0
6677,0.0
6678,0.0
6679,0.0
6680,7.756186776602133
6681,10.127624108136482
6682,8.565940224938757
6683,6.918973015973679
6684,5.66109779953617
6685,3.4605712625571647
6686,2.145262770676523
6687,0.8627311587283879
6688,2.243100418845222
6689,2.742250129430912
6690,3.5507834471281807
6691,4.138517170096108
6692,4.521082232837919
6693,4.757763793768445
6694,5.038221980124363
6695,5.361366146877707
6696,5.815353905507291
6697,0.0
6698,0.0
6699,0.0
6700,0.0
6701,0.0
6702,0.0
6703,0.0
6704,4.245379739469904
6705,4.338258614284018
6706,2.1160689789417986
6707,0.7724571336736215
6708,1.077051043624346
6709,0.9790239184182996
6710,0.2648985766682178
6711,0.0
6712,0.3200838952585521
6713,0.2797895895728288
6714,0.8085063075695182
6715,1.3304934023511388
6716,1.8353207049171518
6717,2.150614905172608
6718,2.409065000988606
6719,2.6949179640082326
6720,3.0244620492842658
6721,0.0
6722,0.0
6723,0.0
6724,0.0
6725,0.0
6726,0.0
6727,0.0
6728,4.8328521999876175
6729,5.9812690312679475
6730,5.072785413422899
6731,4.0920694106191196
6732,3.026488672157502
6733,2.3376638695386562
6734,0.63377680275185
6735,0.0
6736,0.0
6737,0.3286590554812249
6738,1.248668562790311
6739,2.1509039767276734
6740,2.813805456810579
6741,3.2809848295397064
6742,3.6654887274855152
6743,4.009388656812872
6744,4.28891786308491
6745,0.0
6746,0.0
6747,0.0
6748,0.0
6749,0.0
6750,0.0
6751,0.0
6752,4.166908792509331
6753,5.174541351363079
6754,4.072593283014632
6755,3.2136164490864596
6756,2.7002411480838946
6757,2.4372125516956293
6758,2.325187693378426
6759,2.2500298619713917
6760,2.4165160376205472
6761,2.883969444070535
6762,3.3055009890155067
6763,3.5967782724326636
6764,3.7575402118549066
6765,3.8081583653391373
6766,3.8336989656626006
6767,3.9099874996758524
6768,4.0442688090980345
6769,0.0
6770,0.0
6771,0.0
6772,0.0
6773,0.0
6774,0.0
6775,0.0
6776,3.8879059062714076
6777,4.801884618219645
6778,3.6830788457167443
6779,2.7507974501044776
6780,1.8775977479753134
6781,1.0832118767031758
6782,0.8760582243929416
6783,0.8102882066504147
6784,1.03298476504436
6785,1.3834379999831676
6786,1.908636678846726
6787,2.3219788498429583
6788,2.642822573184684
6789,2.961252119669912
6790,3.288795528552477
6791,3.626593391789857
6792,3.9717688086168828
6793,0.0
6794,0.0
6795,0.0
6796,0.0
6797,0.0
6798,0.0
6799,0.0
6800,4.276227684362174
6801,5.442404836773526
6802,4.689804636351676
6803,3.8322267895937934
6804,3.485504576154635
6805,2.96576268218583
6806,2.7582767175558063
6807,2.8345490182064452
6808,3.0887516499707837
6809,3.458000298078146
6810,3.959095682822162
6811,4.265179735188729
6812,4.41952860046824
6813,4.5130617994457705
6814,4.584381902149074
6815,4.671882328598594
6816,4.8099121463235335
6817,0.0
6818,0.0
6819,0.0
6820,0.0
6821,0.0
6822,0.0
6823,0.0
6824,3.4910933243276094
6825,3.6028970263908477
6826,1.7311957156415478
6827,0.6661261935096021
6828,0.9201557675272004
6829,0.640408623913738
6830,0.0
6831,0.0
6832,0.0
6833,0.0
6834,0.0
6835,0.0
6836,0.1215799291671767
6837,0.5311023669012016
6838,0.9722222103451673
6839,1.3438518933589352
6840,1.7205881565410368
6841,0.0
6842,0.0
6843,0.0
6844,0.0
6845,0.0
6846,0.0
6847,0.0
6848,2.7745406890513955
6849,3.33438821405026
6850,2.378845482371349
6851,1.1322104325242577
6852,0.517583797726434
6853,0.1203173945464206
6854,0.0
6855,0.0
6856,0.0
6857,0.0
6858,0.0
6859,0.0
6860,0.0
6861,0.0
6862,0.0234298452733492
6863,0.1337548819965013
6864,0.3892902577672227
6865,0.0
6866,0.0
6867,0.0
6868,0.0
6869,0.0
6870,0.0
6871,0.0
6872,2.386595968929153
6873,3.0724727319848575
6874,2.5682429609671735
6875,2.047970611742817
6876,1.5699934844811487
6877,1.230123196571666
6878,1.1672123454654664
6879,1.3968503190061892
6880,1.8261659080348909
6881,2.392740173324192
6882,2.9920634453796002
6883,3.3579456765204747
6884,3.5956518091517173
6885,3.7871915510269094
6886,3.994514778997457
6887,4.27891294994799
6888,4.649165498886077
6889,0.0
6890,0.0
6891,0.0
6892,0.0
6893,0.0
6894,0.0
6895,0.0
6896,5.6713965077629584
6897,7.252972331211398
6898,6.345292145685809
6899,5.670668172664461
6900,5.145566020196719
6901,4.768495786316635
6902,4.020290731192096
6903,3.6225294581613303
6904,3.568709264860744
6905,2.1602385867913108
6906,4.420078979493935
6907,5.251918046742689
6908,5.81439433050751
6909,6.153281980097333
6910,6.3778071368455365
6911,6.538890988052922
6912,6.688451586591803
6913,0.0
6914,0.0
6915,0.0
6916,0.0
6917,0.0
6918,0.0
6919,0.0
6920,6.549088976670084
6921,8.348826756403222
6922,7.32293300218978
6923,6.606846632714708
6924,6.08247791120637
6925,5.717152825147689
6926,5.431949862303768
6927,5.26634307601376
6928,5.2674683606535835
6929,5.542413626480606
6930,6.024195695351696
6931,6.405381024951422
6932,6.747388118198756
6933,6.990620685644575
6934,7.221272768686709
6935,7.493040869711533
6936,7.776974281714397
6937,0.0
6938,0.0
6939,0.0
6940,0.0
6941,0.0
6942,0.0
6943,0.0
6944,8.540280985154281
6945,10.064856503594259
6946,8.670458113867724
6947,7.361330013598168
6948,6.511064376996203
6949,5.9336113117084865
6950,5.357624694756296
6951,3.9256477256166624
6952,1.9130543755774285
6953,3.8754008698910427
6954,4.855720188144227
6955,5.474802647169547
6956,6.027084403183713
6957,6.665192059904423
6958,7.143687957693602
6959,7.274851471712075
6960,7.199420067080314
6961,0.0
6962,0.0
6963,0.0
6964,0.0
6965,0.0
6966,0.0
6967,0.0
6968,7.831347218174496
6969,10.236774930506549
6970,9.291279086221945
6971,8.057389536873734
6972,7.129194876356609
6973,6.771900952327453
6974,6.931269654094107
6975,6.811227277552654
6976,6.833119617307005
6977,7.0468053562139294
6978,7.81348260251983
6979,8.333092310201739
6980,8.688570936905592
6981,8.884988801745987
6982,9.082246348018776
6983,9.502966757089306
6984,10.10960714182354
6985,0.0
6986,0.0
6987,0.0
6988,0.0
6989,0.0
6990,0.0995316459001575
6991,0.5304596193730927
6992,12.225878810399186
6993,15.886586315842973
6994,14.590574557869283
6995,13.53290316201648
6996,12.632750161780244
6997,11.857887299418733
6998,10.661595681057879
6999,9.963119404588149
7000,9.951797066592603
7001,10.526095319590183
7002,11.14946197488008
7003,11.601412804441457
7004,11.952727079660923
7005,12.089565043718096
7006,12.19980047587627
7007,12.358219046277235
7008,12.582842390425707
7009,1.1818640110842051
7010,0.0
7011,0.0496066807102761
7012,0.1731933322564549
7013,0.7457892198065301
7014,1.201049148602542
7015,1.563822212121126
7016,13.257475964776395
7017,16.14327486543861
7018,12.946165477414333
7019,11.744740456440802
7020,10.807788847977038
7021,9.11014520126406
7022,7.318544375236766
7023,5.520767048272707
7024,5.16358605448543
7025,5.359095472384433
7026,8.540100804326963
7027,9.607311460959464
7028,10.396820737983749
7029,11.030482545915937
7030,11.590925637409343
7031,12.10778765659135
7032,12.559511504939978
7033,1.0882431302586821
7034,0.0
7035,0.11492134978291381
7036,0.2686931325846429
7037,0.8480212084018663
7038,1.2775813573502979
7039,1.5897287501495803
7040,13.555153206404372
7041,17.022777666843602
7042,15.404790931145083
7043,13.706232597901415
7044,12.376808753949398
7045,11.427667468690778
7046,9.679791317452771
7047,9.680415931537848
7048,9.331713730850655
7049,9.675092432058268
7050,10.415568316336785
7051,10.952557517665658
7052,11.432892094433532
7053,11.852569540225094
7054,12.07433955950183
7055,12.043673822436936
7056,11.859783556070251
7057,0.3127139536460647
7058,0.0
7059,0.0
7060,0.0
7061,0.0
7062,0.0
7063,0.1900317637268663
7064,11.676949552361943
7065,15.156219080658015
7066,13.736160615049327
7067,12.130919171851897
7068,10.845569602439355
7069,10.263627946792363
7070,10.559448141255011
7071,10.319705338534405
7072,10.547995312195981
7073,11.03048924699943
7074,11.448660005704618
7075,11.502398233882502
7076,11.512587584786322
7077,11.596544529999226
7078,11.6749866724364
7079,11.737987917195142
7080,11.718562320266734
7081,0.2633531573267423
7082,0.0
7083,0.0
7084,0.0
7085,0.0
7086,0.0
7087,0.0
7088,11.25747363445669
7089,14.821177514248296
7090,13.601588993779442
7091,12.228216015285167
7092,11.280191197741004
7093,10.954081137825513
7094,11.25166799567014
7095,11.234406060015882
7096,11.319224408405262
7097,11.417638943851083
7098,11.824936851942855
7099,11.979080840775033
7100,12.061166474916924
7101,12.086522945999935
7102,12.083373717271357
7103,12.074414748617757
7104,12.085789856761178
7105,0.5866965341966311
7106,0.0
7107,0.0
7108,0.0
7109,0.0
7110,0.0
7111,0.1642218614680071
7112,11.747209795608224
7113,15.423368656951794
7114,14.226380581705437
7115,12.818056195637844
7116,11.624086117549814
7117,10.826933443269915
7118,10.321091290796959
7119,10.10644398439712
7120,10.21471036688474
7121,10.617816039710046
7122,11.120376378035857
7123,11.399065729760954
7124,11.669122282856511
7125,11.996955258335552
7126,12.33789517418885
7127,12.664595125792896
7128,12.988213417221333
7129,1.2522017298933013
7130,0.0
7131,0.21452913377493021
7132,0.459958557592755
7133,1.1113582253246488
7134,1.6161558237632643
7135,2.0156448637788706
7136,14.446663174521888
7137,18.01203109820387
7138,16.088221506968186
7139,14.302638534726638
7140,12.672139833440799
7141,11.552298222192904
7142,11.027789372004264
7143,10.981676859126779
7144,11.485224820880466
7145,12.212271880648178
7146,12.75425823417037
7147,12.872072684979228
7148,12.891975636816376
7149,12.836213084769293
7150,12.782680233777313
7151,12.832824812537496
7152,12.96930022092659
7153,1.29676966220826
7154,0.0
7155,0.37400452616879176
7156,0.7912748934788477
7157,1.5869753268723596
7158,2.1949320657319022
7159,2.6343944827306647
7160,13.334426946258521
7161,14.859682651693275
7162,14.550104717841153
7163,14.06826321334295
7164,13.742092834742715
7165,13.154688581565368
7166,12.153083185981775
7167,11.671847165538969
7168,11.731505943279867
7169,12.239973221326615
7170,12.899904820264336
7171,13.27604855360358
7172,13.458884708972883
7173,13.422716711560076
7174,13.351625766633465
7175,13.342770835493647
7176,13.451451274128063
7177,1.5363388712791979
7178,0.0
7179,0.1200008087437486
7180,0.2629583493226527
7181,0.8579984346980523
7182,1.3859608715877805
7183,1.8535798548903808
7184,14.36909922017652
7185,18.136314660173124
7186,16.646159497619003
7187,15.622744711094137
7188,14.913951219346904
7189,14.400806875132734
7190,13.52862887601693
7191,13.038735234274704
7192,13.029679670538503
7193,13.262759157786132
7194,13.647594607541865
7195,13.883705761431095
7196,14.099287430748298
7197,14.315644219366012
7198,14.565527529855041
7199,14.795380591523159
7200,15.037072416130677
7201,2.630408566147873
7202,0.06417559882490109
7203,1.1858501623746511
7204,2.03006941461111
7205,2.772786946834951
7206,3.445636594650228
7207,4.048240758233174
7208,16.608721934079465
7209,17.405245325726394
7210,13.476438489245135
7211,10.82297713049171
7212,8.729450844339112
7213,6.846891537473663
7214,4.546655316167332
7215,2.9543066330883203
7216,3.374930932390974
7217,4.056339163950511
7218,7.333576023682908
7219,8.604426339617996
7220,9.566254467429962
7221,10.186658945584803
7222,10.709889095998182
7223,11.282917263874786
7224,11.871488592034343
7225,0.7160127818058146
7226,0.0
7227,0.0824594106134868
7228,0.2567533539810634
7229,1.1240384835414443
7230,1.9185439048677086
7231,2.5912347863544225
7232,13.07900360800963
7233,13.544660579090285
7234,9.990523720147312
7235,7.82614289929851
7236,6.857341235447053
7237,5.590968307280709
7238,3.851172345616837
7239,2.4726095334181686
7240,2.182060982064658
7241,3.4336717229657534
7242,6.642375151604687
7243,8.22644689748167
7244,9.597684327816104
7245,10.714459187928856
7246,11.617022429870882
7247,12.359655911303626
7248,12.959531375197093
7249,1.4656481411807099
7250,0.0
7251,0.6744427148807557
7252,1.2621532516499023
7253,2.0418077019453307
7254,2.672706747485176
7255,3.185750558929665
7256,15.568668956691875
7257,18.9788859714642
7258,17.36377569398564
7259,15.943330707797811
7260,14.836949361894948
7261,10.97239232731473
7262,8.202003063171482
7263,6.800834693278084
7264,5.104972923250647
7265,6.309795561208011
7266,9.610686574859631
7267,11.106843303428095
7268,12.214926964793236
7269,12.984953970548384
7270,13.620560057954226
7271,14.21996002776997
7272,14.833049648347805
7273,2.827940109345323
7274,0.3710202810505385
7275,1.5392489091879622
7276,2.367776177270845
7277,2.986437850132263
7278,3.505226954889036
7279,3.986111610348
7280,16.993986938096157
7281,20.599770948296605
7282,18.9109643295098
7283,17.333298056680803
7284,15.744202405770055
7285,11.212699854464137
7286,8.110268901241765
7287,5.677022243188791
7288,4.286137851040823
7289,5.848860342632689
7290,7.853516906135926
7291,9.063253205485136
7292,9.884424389094995
7293,10.308090405685174
7294,10.459922776805769
7295,10.426295753114585
7296,10.363647261819844
7297,0.0
7298,0.0
7299,0.0
7300,0.0
7301,0.0
7302,0.0
7303,0.0767114534642152
7304,11.528724318840073
7305,14.881318269275807
7306,12.596720364979168
7307,10.674849221289552
7308,6.201607804609003
7309,4.707887550397185
7310,4.635489649375232
7311,4.151459954125862
7312,4.378382879634316
7313,4.87605890640989
7314,5.369720247908504
7315,5.759084217018649
7316,6.176221374127457
7317,6.4687888175355015
7318,6.620484611009071
7319,6.640672558553302
7320,6.544413581938942
7321,0.0
7322,0.0
7323,0.0
7324,0.0
7325,0.0
7326,0.0
7327,0.0
7328,7.0178298937290995
7329,5.820731574285221
7330,3.4254961374881603
7331,4.131251965096623
7332,3.895221615344643
7333,3.9944523778848002
7334,4.154951931280415
7335,4.358005514521622
7336,4.900273266338788
7337,5.732139931420623
7338,6.47569710133851
7339,7.00733807462629
7340,7.4786775716708185
7341,7.888891889295134
7342,8.215709605518722
7343,8.403352034063694
7344,8.58158300878488
7345,0.0
7346,0.0
7347,0.0
7348,0.0
7349,0.0
7350,0.0
7351,0.0
7352,11.094004267742404
7353,12.233031189265708
7354,8.811359061600509
7355,8.288737199723077
7356,6.134974340380738
7357,5.889845727213461
7358,5.1645091107241745
7359,3.1289820484465354
7360,3.0877778621300402
7361,5.375365443744287
7362,6.446690035399483
7363,7.329479123224995
7364,8.009219838021307
7365,8.529368574511139
7366,8.914203976694424
7367,9.13999219477239
7368,9.21381619278056
7369,0.0
7370,0.0
7371,0.0
7372,0.0
7373,0.0
7374,0.0
7375,0.0
7376,9.27074834454347
7377,11.606505328767517
7378,9.999354704476637
7379,9.304043808079829
7380,8.835407555835756
7381,8.576707036416959
7382,7.9931549855126
7383,7.63490276112534
7384,7.58492263797247
7385,7.895895242935747
7386,8.283475401187994
7387,8.580381333714314
7388,8.78174064629493
7389,8.911398148876518
7390,9.01807212402737
7391,9.122732677367683
7392,9.396930737043439
7393,0.0
7394,0.0
7395,0.0
7396,0.0
7397,0.0
7398,0.0
7399,0.2366747590176156
7400,10.703076249431557
7401,11.322009566143848
7402,8.33900610631782
7403,6.074292693804892
7404,5.1411992050264
7405,3.6037623623736237
7406,2.0321315417438663
7407,1.466159918631286
7408,1.0406374108845595
7409,2.5927426796765047
7410,4.470287528150487
7411,5.476924899857485
7412,6.629983873837733
7413,7.771612387553258
7414,8.738215100880293
7415,9.395592497235953
7416,9.651739864357749
7417,0.0
7418,0.0
7419,0.0
7420,0.0
7421,0.0
7422,0.0
7423,0.0557845362000322
7424,11.006818199465092
7425,13.542134199891944
7426,11.165449736458102
7427,9.09965029918591
7428,7.555992280808544
7429,6.3363152873260296
7430,5.882991488673974
7431,6.587780913465952
7432,7.55582091519407
7433,8.602914723665291
7434,9.121500972603535
7435,9.333185264635102
7436,9.515333768765501
7437,9.681537110004973
7438,9.831172265225687
7439,9.964191527188483
7440,9.966119069909336
7441,0.0
7442,0.0
7443,0.0
7444,0.0
7445,0.0
7446,0.0
7447,0.0
7448,11.48377076964792
7449,12.745242868283425
7450,8.632511446560503
7451,6.571803853500419
7452,5.477135654519346
7453,4.675876445002926
7454,4.133730771284228
7455,2.1863702385208788
7456,2.1122569573378294
7457,4.201982521488689
7458,6.78096061701981
7459,8.350600660528912
7460,9.611281085598417
7461,10.548616183954458
7462,11.315170508456513
7463,11.924737321277854
7464,12.367939048427603
7465,1.00482481163447
7466,0.0
7467,0.0
7468,0.0
7469,0.2771407302963133
7470,0.5898887562912406
7471,0.9116172889808755
7472,12.396931604187307
7473,15.58812606911901
7474,13.94014620328238
7475,12.800635836420682
7476,12.074310827317984
7477,11.748594348322108
7478,11.897158866010237
7479,11.820659684501216
7480,11.919067828886108
7481,12.279203925545549
7482,12.770848269045704
7483,13.140328855670653
7484,13.311751839206755
7485,13.190798819406709
7486,12.974175194413263
7487,12.76381526180053
7488,12.678733168036205
7489,1.2082172912341855
7490,0.0
7491,0.0388733860889705
7492,0.155332996193562
7493,0.7466882959810996
7494,1.2010022038329367
7495,1.554417576653747
7496,13.614651501830583
7497,17.14290365289794
7498,15.499125007803586
7499,14.237817145397177
7500,13.267790157346397
7501,12.723474707920087
7502,12.780525724105553
7503,12.736289938005665
7504,12.886719773968991
7505,13.171538017980525
7506,13.49102746528688
7507,13.72155553190627
7508,13.918800050403433
7509,14.055760293444674
7510,14.159285273776735
7511,14.195718273483111
7512,14.15874911968926
7513,2.016550818779401
7514,0.0
7515,0.530184488869555
7516,0.9524241907213904
7517,1.487187072877067
7518,1.8786905688694806
7519,2.2000878564528508
7520,14.692551168736763
7521,18.414705665441943
7522,16.98127411312128
7523,16.387007410565616
7524,15.880889674399278
7525,15.553101561097016
7526,14.890428245809632
7527,14.667232777890838
7528,14.902586371818751
7529,15.43213028489271
7530,15.785852736547742
7531,16.032774516139582
7532,16.142756480334405
7533,16.181119619405862
7534,16.13681603871721
7535,16.069931920542174
7536,15.993822359155358
7537,3.2444152199816907
7538,0.49351761073111744
7539,1.4355791051826072
7540,2.1173220588779644
7541,2.6482820459940313
7542,3.1304338235897657
7543,3.567719494813961
7544,17.004664010475267
7545,21.404159932772746
7546,20.244226739494287
7547,18.93239792863291
7548,17.888835818334083
7549,17.378186843644233
7550,17.561663663671553
7551,17.62720964991005
7552,17.79692700754918
7553,17.98060478852701
7554,18.03224601065027
7555,17.978709506631567
7556,17.998795139570987
7557,18.11114891382417
7558,18.2291041697675
7559,18.320142706630413
7560,18.311936607697593
7561,4.792624218447083
7562,2.0531702001025725
7563,2.995235134120554
7564,3.6134221535390356
7565,4.035241588447251
7566,4.317863500873855
7567,4.548399332970164
7568,18.143858112136837
7569,22.285505014140583
7570,20.768232883285187
7571,19.94435445966896
7572,18.57366586919394
7573,17.407346072506584
7574,16.538270870213527
7575,13.589516462825793
7576,10.644122910993303
7577,14.428302286996225
7578,15.623106679914304
7579,16.47674587228024
7580,17.13244019393641
7581,17.488968635343237
7582,17.696081380018754
7583,17.786016372868687
7584,17.848510551300723
7585,4.356043658228009
7586,1.6323934088736696
7587,2.589089401880119
7588,3.2943979615246723
7589,3.8885938530338895
7590,4.4197971114209285
7591,4.896605946084358
7592,19.047119692450714
7593,23.260268906617334
7594,21.40359812067157
7595,19.812534306927166
7596,18.458109822664234
7597,17.392517541059092
7598,16.818577500847077
7599,16.704877202757206
7600,17.002001561464308
7601,17.401262703368726
7602,17.462542446551833
7603,17.442941389074118
7604,17.514522598654963
7605,17.638914070550918
7606,17.745262743248944
7607,17.64786863569551
7608,17.448948916045214
7609,4.010569705666712
7610,1.2090249639656232
7611,2.180678365316586
7612,2.85425841619086
7613,3.3124013566533215
7614,3.586583008560952
7615,3.784021093855772
7616,17.12355088516276
7617,21.352072843797675
7618,19.959471969168977
7619,18.55455861689357
7620,17.42439860512392
7621,16.628551473772355
7622,16.095729056041723
7623,15.852145568826018
7624,15.880131968857434
7625,16.188282701637437
7626,16.271514052728236
7627,16.221936620884815
7628,16.124326481133508
7629,15.941014090302247
7630,15.736009434769109
7631,15.525570855730555
7632,15.326332127134421
7633,2.627393882796241
7634,0.0
7635,0.7672089867244762
7636,1.3645036053396162
7637,1.9823798814186901
7638,2.5463450049017977
7639,3.010546038744756
7640,16.16920106231568
7641,19.894552037102393
7642,17.955740094694264
7643,16.492251338751124
7644,15.527517293674835
7645,15.011002191457113
7646,14.616468829333922
7647,14.316895751230389
7648,14.327142742139467
7649,14.536287176474021
7650,14.549002754728184
7651,14.485553998484441
7652,14.508392915605251
7653,14.546316285187967
7654,14.573373386184983
7655,14.489771911437142
7656,14.230982257674285
7657,1.772128136723687
7658,0.0
7659,0.0316369606600265
7660,0.1085322743541554
7661,0.624407943173234
7662,1.0629272432973973
7663,1.437185077035376
7664,13.899898825190101
7665,17.79425938566786
7666,16.438802794729757
7667,15.11757043020871
7668,14.157912262829258
7669,13.709439256408643
7670,13.809017529598366
7671,13.468545123737478
7672,13.605278478385703
7673,14.004620496013562
7674,14.208403126605802
7675,14.287190570697268
7676,14.211154527757566
7677,14.074651870108587
7678,13.950110588209775
7679,14.012211648350009
7680,14.261583038852422
7681,2.063901709163531
7682,0.0
7683,0.5040577550130061
7684,0.8650795216019387
7685,1.4085882213128853
7686,1.9428688141875967
7687,2.4487073235137764
7688,15.71730557361793
7689,20.140778604960353
7690,18.971636856428432
7691,17.497991544828366
7692,16.116657235083988
7693,15.024318601481871
7694,14.229018817275849
7695,13.886479166965607
7696,14.040928748160166
7697,14.667802970315517
7698,15.20680817193089
7699,15.675370086364055
7700,16.015476251908062
7701,16.176256480030222
7702,16.30102027630495
7703,16.434982718206463
7704,16.579463258734478
7705,3.5749151490018836
7706,0.9213621084198449
7707,1.8888863054185236
7708,2.557973267525554
7709,3.072699082651493
7710,3.4948116095464177
7711,3.848384585641875
7712,17.385867729900404
7713,21.667874717030017
7714,20.166661768020106
7715,18.968429504985195
7716,17.941306738397536
7717,17.136080061168048
7718,16.69009155129629
7719,16.558003047143494
7720,16.68510303656725
7721,16.993212250914375
7722,17.10617976371017
7723,17.127528741648362
7724,17.10710106547365
7725,16.988260082723556
7726,16.88606885192787
7727,16.930377083954404
7728,17.075025091839706
7729,3.9664214724657123
7730,1.2796286437731195
7731,2.1860799662658
7732,2.7754309388650613
7733,3.209954184153224
7734,3.582920374433961
7735,3.9282384187320636
7736,17.550432724525752
7737,21.9606978855693
7738,20.594378555434755
7739,19.353998173681717
7740,18.17300270968161
7741,17.17281596664981
7742,16.476618111330026
7743,15.915123550795856
7744,16.01149027095752
7745,16.522311380159387
7746,16.910270414634297
7747,17.24035672890506
7748,17.46664511840446
7749,17.66908526687549
7750,17.8861465401698
7751,18.13645308957237
7752,18.467380660287276
7753,4.868629059620984
7754,2.2881438586016323
7755,3.341557742692708
7756,4.065151919135824
7757,4.632721859233911
7758,5.103643630618139
7759,5.4812421914269525
7760,19.85940601376435
7761,20.168155609970007
7762,16.173278571981978
7763,15.061354848475327
7764,13.280003494060736
7765,12.832135154757916
7766,10.344230016671093
7767,9.206184035824077
7768,9.347250153308568
7769,13.238212566306384
7770,15.413826680347782
7771,16.58479663306054
7772,17.388901932746244
7773,17.802702296342282
7774,18.091410765898438
7775,18.34027383779305
7776,18.599324839641653
7777,5.0428709586247065
7778,2.5616543364793567
7779,3.8039969033948404
7780,4.762878611763647
7781,5.562173015691126
7782,6.208972864939463
7783,6.7153634859221665
7784,21.759016805265453
7785,22.318444019827425
7786,18.972768394012615
7787,16.415583816599327
7788,15.278771938426928
7789,14.745313823372715
7790,12.991136091037834
7791,11.178288779636059
7792,11.07847953978056
7793,15.03597200045464
7794,16.99902992212225
7795,18.08837787601205
7796,18.84020699193652
7797,19.223878538972794
7798,19.529490632255303
7799,19.843161330113475
7800,20.276467409100917
7801,6.275859125214677
7802,3.790996148031053
7803,4.908823672150813
7804,5.73032808683794
7805,6.421610265556527
7806,7.035443103152745
7807,7.582167267491693
7808,23.05509328871734
7809,24.126366182426345
7810,20.148377222633318
7811,17.61653393952101
7812,15.969932079992448
7813,14.935152195405559
7814,12.894491320557435
7815,11.555454072650615
7816,12.853809753310385
7817,16.86440018065117
7818,18.56973864091281
7819,19.7930598577717
7820,20.44810750809743
7821,20.672826770468475
7822,20.82709789603931
7823,21.19432461049534
7824,21.85633216251485
7825,7.461659014727783
7826,5.047199596380192
7827,6.110712621913109
7828,6.82727810002502
7829,7.397021607933388
7830,7.917237593041679
7831,8.422072031179027
7832,24.355590017823495
7833,26.53546539542766
7834,22.86363023905917
7835,19.396967762563914
7836,18.85903379632321
7837,19.45341800310524
7838,19.407479736818807
7839,19.734224139662143
7840,20.19598885024999
7841,20.89473612345359
7842,21.249427428645376
7843,21.452986423397878
7844,21.462399531765406
7845,21.361084485423884
7846,21.25207427365939
7847,21.207075060753994
7848,21.270811043185432
7849,6.811053377727319
7850,4.142940422933041
7851,5.148983630491704
7852,5.849505174724489
7853,6.351718267821617
7854,6.752838422341746
7855,7.059936309486786
7856,22.06026312639877
7857,26.79812324926537
7858,25.12722087838774
7859,23.878990017921716
7860,22.871728298245216
7861,22.068389983461472
7862,21.49881278786189
7863,21.100144504971183
7864,20.863982223176475
7865,20.802859997052348
7866,20.642090092762576
7867,20.526914634728055
7868,20.498279872076196
7869,20.540909486703217
7870,20.57552780492777
7871,20.519633154280754
7872,20.378080935814406
7873,5.90299604956304
7874,3.0407358294301874
7875,3.867267375785709
7876,4.403078297231129
7877,4.825895620015167
7878,5.16758655468196
7879,5.4548777182587695
7880,19.83632505313963
7881,24.377511792563
7882,22.82202643944742
7883,21.68089895700171
7884,20.82962928703109
7885,20.23530273307004
7886,19.919431260329254
7887,19.80614953994145
7888,19.879006626059812
7889,20.000912360150636
7890,19.94589200863287
7891,19.828648743790932
7892,19.666285332270814
7893,19.52078806875069
7894,19.41359776501892
7895,19.43668232512459
7896,19.515981977784968
7897,5.434889289472436
7898,2.6797665233807653
7899,3.5481919043735655
7900,4.1218753213502755
7901,4.60373466848741
7902,5.0582572747913535
7903,5.45986221641345
7904,20.045805270535162
7905,24.483057459954114
7906,22.69992409295629
7907,21.546833331874875
7908,20.399574406080784
7909,19.34032949216854
7910,18.026343366566206
7911,17.124326225898297
7912,16.663732137144446
7913,16.664621850799094
7914,16.705824563976048
7915,16.77078430035433
7916,16.823911698666375
7917,16.780176410847393
7918,16.714414937454922
7919,16.66167218719247
7920,16.636209977968207
7921,3.471190125117565
7922,0.8080031269015873
7923,1.8629102912965592
7924,2.627824026862113
7925,3.1438683241017857
7926,3.5092163559451324
7927,3.7651117451208043
7928,17.432029486649295
7929,21.724189736886142
7930,20.17021843627252
7931,18.58772843157115
7932,17.300734741540776
7933,16.338259979355346
7934,15.630127117703159
7935,15.281684521441331
7936,15.278668889872165
7937,15.540461149429877
7938,15.679849428838077
7939,15.833254753645111
7940,15.984667980562524
7941,16.138432263513
7942,16.297674691545932
7943,16.369993846467057
7944,16.428314403916826
7945,3.2853655207965495
7946,0.6483206994905534
7947,1.7444031273472098
7948,2.564445898951833
7949,3.2456042124694067
7950,3.843517127365598
7951,4.347152102926314
7952,18.643828561611862
7953,23.03679632098644
7954,21.249000920823292
7955,19.897794811572357
7956,19.047988230033337
7957,18.690774798278685
7958,18.228985952407506
7959,17.902916950789496
7960,17.70887813690417
7961,17.581972460098676
7962,17.355733592414715
7963,17.15951630837149
7964,17.067662717485096
7965,17.063079689403754
7966,17.070530548073343
7967,17.07181552440051
7968,16.999401702342794
7969,3.6954828470276935
7970,0.8360865732284501
7971,1.6507158803116422
7972,2.2088195145319003
7973,2.6752035915969463
7974,3.096925922272122
7975,3.4761410357277542
7976,17.032887902591174
7977,21.38583145640903
7978,19.97985307570996
7979,18.906842337096865
7980,17.656992326852002
7981,16.686810077322935
7982,16.045828411714083
7983,15.705751310537039
7984,15.894582682857145
7985,16.49948001845326
7986,17.115356935935765
7987,17.70571335756232
7988,18.16091822821721
7989,18.353016220953204
7990,18.391649684872245
7991,18.39974905630428
7992,18.390279647934133
7993,4.611439390480009
7994,1.8437152853968453
7995,2.7201862072892977
7996,3.2664417595582442
7997,3.619882035069847
7998,3.8829396589034797
7999,4.09629761467172
8000,17.61082515576646
8001,21.886462273513608
8002,20.348137832747877
8003,19.228040877054696
8004,18.230178708433613
8005,17.423723420329875
8006,16.51067064288191
8007,16.091748203566272
8008,16.07995468328029
8009,16.354922275371372
8010,16.463579075750065
8011,16.509304846538054
8012,16.474586474328454
8013,16.333977053922766
8014,16.12213043082225
8015,15.900927056963724
8016,15.655800437181282
8017,2.74106337281197
8018,0.0
8019,0.6300529592746977
8020,1.0057620451231277
8021,1.30550398895479
8022,1.4943967545403494
8023,1.6265365320072467
8024,13.897859625399748
8025,17.71861800599621
8026,16.276007124153814
8027,15.1950087360409
8028,14.334644021593677
8029,13.669624233117993
8030,13.202540022093107
8031,12.978119273396597
8032,12.948691563315402
8033,13.012526438115996
8034,12.924113372977912
8035,12.732353788116386
8036,12.4109748552611
8037,12.056292256016427
8038,11.716152565097628
8039,11.552846108361885
8040,11.507351526299809
8041,0.057074410581472904
8042,0.0
8043,0.0
8044,0.0
8045,0.0
8046,0.0
8047,0.0
8048,10.129771745626389
8049,13.179455390466536
8050,11.918307962933362
8051,11.400440178125622
8052,11.43039669557548
8053,11.692061911985544
8054,11.912849184990483
8055,11.732848449081366
8056,11.93154735729497
8057,12.397440663253237
8058,12.792405307836946
8059,13.206035334030256
8060,13.57247806106383
8061,13.908838814726558
8062,14.2561582652095
8063,14.636929114927527
8064,15.042798849901107
8065,2.4997522606720786
8066,0.0
8067,1.0557405732910734
8068,1.804140239670766
8069,2.427082445148319
8070,2.9969742082132225
8071,3.562868275681863
8072,17.622061722513145
8073,22.40314280603838
8074,16.46147190869093
8075,13.563999622063598
8076,11.641458394622289
8077,10.788728325704454
8078,10.606832146836725
8079,13.345737752044224
8080,15.005607639122584
8081,16.09527536303982
8082,16.29376319781769
8083,16.20262937770228
8084,16.048481643499898
8085,15.926561581198104
8086,15.75517566195423
8087,15.537556284297267
8088,15.29689239745625
8089,2.7663026169238503
8090,0.076568687176445
8091,0.9386352354452052
8092,1.5724225772923415
8093,2.198130619162952
8094,2.7665645960488874
8095,3.2916090826412905
8096,16.714106365155132
8097,21.144280102154074
8098,19.999096780279228
8099,18.868657048920777
8100,18.01673202409281
8101,17.366504413968748
8102,17.047776189384514
8103,17.15400249988426
8104,17.40974029931631
8105,17.65465401132693
8106,17.526654648901555
8107,17.36413291275688
8108,17.253447925706357
8109,17.246137408522014
8110,17.243077835513386
8111,17.115457766472108
8112,16.847098475817248
8113,3.688596616190609
8114,0.7541930252166154
8115,1.5452892542920502
8116,2.049632618411221
8117,2.4041894180725816
8118,2.6931939729618657
8119,2.963527583336254
8120,16.02582346889721
8121,20.502884880497753
8122,19.472609125827837
8123,18.599537333303168
8124,17.768301095061783
8125,17.09363669246804
8126,16.62443431618341
8127,16.21002556506157
8128,16.343545564460744
8129,16.851452371006467
8130,17.215548524758084
8131,17.531948262693728
8132,17.776193421334753
8133,17.93917800103433
8134,17.985740138985875
8135,17.94434880537391
8136,17.89571129355793
8137,4.406984068986786
8138,1.7051516275600282
8139,2.758916777719601
8140,3.515562681159879
8141,4.0701825277959385
8142,4.471740170119407
8143,4.801026506466199
8144,18.795650170000876
8145,23.38125907688507
8146,22.023737956597785
8147,21.032943477918952
8148,20.21623544679383
8149,19.577699522188073
8150,19.099143298251505
8151,18.784968457166354
8152,18.696659414863117
8153,18.830033745672917
8154,18.9344471505005
8155,19.040829448209173
8156,19.114290355878722
8157,19.167999977109073
8158,19.24236178583889
8159,19.395680136748414
8160,19.574718087120456
8161,5.638550261160612
8162,3.011746823802354
8163,4.028392533531312
8164,4.7070901761777435
8165,5.164496088130828
8166,5.477915042273549
8167,5.727437973773155
8168,20.155186616062412
8169,24.832548392000373
8170,23.353251178137135
8171,22.511337100349714
8172,21.801885389865493
8173,21.281882267188582
8174,20.528835697747834
8175,19.598985042497038
8176,20.460322070671317
8177,20.888790470033094
8178,20.968192298115493
8179,20.924100178927375
8180,20.797000424107203
8181,20.672666109347794
8182,20.57647202950569
8183,20.601995312117776
8184,20.676648050827488
8185,6.320993570319123
8186,3.5262865094491604
8187,4.3558122353173205
8188,4.8785502586055856
8189,5.267836141809125
8190,5.654524433980704
8191,6.016519532574529
8192,20.664493142813154
8193,25.439804550207473
8194,23.9601979675703
8195,22.769641482965866
8196,21.77119851988781
8197,20.931331161932277
8198,20.284345527666833
8199,19.884892755462456
8200,19.722690251730306
8201,19.812946925478567
8202,19.86258515609825
8203,19.8652025475856
8204,19.75105877851981
8205,19.430368420559518
8206,18.842834852073565
8207,17.978529126710256
8208,17.01899300151182
8209,3.5148468995652284
8210,0.7145622462374174
8211,1.9194839826501506
8212,2.873630278694594
8213,3.465432984748461
8214,3.6548844537639926
8215,3.6988701096375656
8216,16.876935566810968
8217,21.06527018372262
8218,19.601807218147005
8219,18.887531200005185
8220,18.292985152445297
8221,17.827387640539932
8222,17.44997536152425
8223,17.205304463052023
8224,17.160275672118352
8225,17.445178562091264
8226,17.765520194006225
8227,18.0547289109155
8228,18.133804085350697
8229,18.04448179161181
8230,17.926198753364815
8231,17.915699370068108
8232,18.01590776350952
8233,4.424464510606914
8234,1.6733656978821414
8235,2.5038970661106332
8236,3.0539816606674783
8237,3.587712627309366
8238,4.145003347205242
8239,4.652791973816138
8240,18.903956056534703
8241,23.342818084558736
8242,21.60581508407826
8243,20.575863437239796
8244,19.713029395114287
8245,19.158626553744046
8246,18.62176853261677
8247,18.61652729258091
8248,19.00758186158354
8249,19.363207815435565
8250,19.341922039383014
8251,19.2956484785609
8252,19.36571408192679
8253,19.56117279491661
8254,19.769218051621856
8255,19.834920602880743
8256,19.743914648036508
8257,5.519390127741321
8258,2.725790615663379
8259,3.6433884941147694
8260,4.269378129455524
8261,4.738486357030771
8262,5.115947720829256
8263,5.4342982594677345
8264,19.792349708038376
8265,24.497689029985743
8266,23.1082019692913
8267,22.171594460678826
8268,21.50961311283079
8269,21.077632957702445
8270,20.862084714113056
8271,20.790330097509777
8272,20.866361681830057
8273,21.00998476619698
8274,21.014723281238354
8275,21.01025592128361
8276,21.013605303372913
8277,21.07628546636149
8278,21.13250273447428
8279,21.062662966537722
8280,20.870103091094965
8281,6.249690862911949
8282,3.3292145628397867
8283,4.070951294592531
8284,4.550567463089505
8285,4.967921194860141
8286,5.3965350425817045
8287,5.787704700994662
8288,20.317494012011885
8289,24.95991886538454
8290,23.233359499340533
8291,21.95658677722886
8292,20.96444110051497
8293,20.38032048843534
8294,20.304864637421172
8295,20.161927497065633
8296,20.23981308572214
8297,20.517669252809192
8298,20.694235602812366
8299,20.83760808290595
8300,20.873353279605272
8301,20.81348606114405
8302,20.716165210319335
8303,20.642840285369026
8304,20.651897575236347
8305,6.242127639780745
8306,3.5523176063636406
8307,4.552558622516873
8308,5.282907839074509
8309,5.863609131850972
8310,6.375300250557565
8311,6.839277006622545
8312,22.228979342022434
8313,27.43858310365018
8314,26.199191484803013
8315,25.428261989014057
8316,24.884515149084052
8317,24.578406223295016
8318,24.480862422093768
8319,24.53575796161637
8320,24.646284236960522
8321,24.619625411620113
8322,24.36029032770925
8323,24.080131133709944
8324,23.861519215786462
8325,23.636223350814937
8326,23.41243331868113
8327,23.21012679175941
8328,23.000737793608593
8329,7.855737080312804
8330,5.087979287854898
8331,6.0353458176787615
8332,6.703470760517359
8333,7.195723492882816
8334,7.576792904191599
8335,7.878653241733457
8336,23.401163508141174
8337,28.530892938566673
8338,27.02672686057503
8339,25.51424113503443
8340,22.342621952436474
8341,19.23405072194364
8342,18.29953954015418
8343,17.93595343014449
8344,20.361794493484183
8345,21.244414998697497
8346,21.672794856757488
8347,22.004464349525133
8348,22.3003116599538
8349,22.57188180637301
8350,22.863014191442794
8351,23.223917777864962
8352,23.586169023491543
8353,8.26926277590256
8354,5.6052034920574
8355,6.571395751152288
8356,7.24896181712033
8357,7.869112497728921
8358,8.529729346815689
8359,9.161064875001474
8360,25.901973753288555
8361,29.868748435211074
8362,24.83071946816649
8363,22.069283758718825
8364,20.411869327438097
8365,20.249258574910765
8366,18.915788250853115
8367,17.996674484741515
8368,19.039469582682187
8369,22.024546146452426
8370,22.954065682428183
8371,23.482911609728482
8372,23.83047629264335
8373,24.09287436150302
8374,24.295552692102135
8375,24.302213965498215
8376,24.252486381099175
8377,8.617043370885463
8378,5.847619902223515
8379,6.794958647176609
8380,7.4358536079146305
8381,7.883989111569385
8382,8.2270473339325
8383,8.530123577961993
8384,24.41731372230985
8385,29.862079928847702
8386,28.62083046070623
8387,27.587879251745022
8388,26.758524113843464
8389,26.10888222012145
8390,25.667644809623834
8391,25.47177510328267
8392,25.47180789942178
8393,25.53212251204062
8394,25.440489577509798
8395,25.349417771342726
8396,25.378467916602233
8397,25.457146494380794
8398,25.549446514465224
8399,25.482159180337085
8400,25.358313004053663
8401,9.307117992224732
8402,6.570418681243188
8403,7.61210543126753
8404,8.376482673473676
8405,8.973187170656258
8406,9.40397621461881
8407,9.737552901988337
8408,26.24742498697346
8409,31.568438858258588
8410,29.719675612927
8411,28.443870495841317
8412,27.237723730764394
8413,26.23661852159166
8414,25.503102053671682
8415,25.11187867768816
8416,24.939573918768424
8417,24.86661938120152
8418,24.68504870855412
8419,24.53051168149594
8420,24.490410953581467
8421,24.48230237357842
8422,24.471991030243977
8423,24.40345060836573
8424,24.245385529785878
8425,8.424488288898898
8426,5.543137461916777
8427,6.354802784997478
8428,6.9317820700787465
8429,7.4220595781667935
8430,7.898944829668439
8431,8.369400802494816
8432,24.658027074892438
8433,28.874041633069428
8434,24.010247278108487
8435,21.234801769645344
8436,19.555547101483608
8437,18.900774258183656
8438,17.21295308693571
8439,16.354374260746326
8440,17.839237326429114
8441,21.49962025399783
8442,22.7384304189689
8443,23.558562011587284
8444,24.195787389853137
8445,24.740584869457308
8446,25.241089931341737
8447,25.721521611686516
8448,26.22190261811201
8449,10.084116676784737
8450,7.678482144293909
8451,8.94751830783498
8452,9.911353336584826
8453,10.722702604011001
8454,11.410801597725412
8455,12.09899272240235
8456,30.290044898823368
8457,34.90388169279898
8458,30.433031536723803
8459,28.013816636884208
8460,25.306829397805842
8461,23.32921233600596
8462,21.84851815736721
8463,21.245377585935696
8464,22.51653875573388
8465,25.527458883340724
8466,26.54938105262386
8467,27.183038929836307
8468,27.56285815096017
8469,27.681773194747283
8470,27.67498732967905
8471,27.561457725324335
8472,27.404350649189624
8473,10.783623050364316
8474,8.035708801676357
8475,8.990026000917666
8476,9.62863337831953
8477,10.024915526427803
8478,10.278705419921963
8479,10.468956215984944
8480,27.048917139663057
8481,32.63027449351235
8482,31.134448601682617
8483,29.71289100995069
8484,28.51516360840941
8485,27.503071958021252
8486,26.858170014906865
8487,26.59879834681035
8488,26.592952132341292
8489,26.68294647039516
8490,26.571037924398365
8491,26.345068131856305
8492,26.101725750005023
8493,25.859257019294873
8494,25.631559188711673
8495,25.477039500970754
8496,25.341893096858072
8497,9.242599576264919
8498,6.331962356692877
8499,7.060312017683512
8500,7.490311265870542
8501,7.800846427648919
8502,8.088009933785742
8503,8.334847009817924
8504,24.11452024845482
8505,29.27667108716146
8506,27.680703178832335
8507,26.46686555548216
8508,25.459414379941517
8509,24.650923973201508
8510,24.084350147011076
8511,23.724386284291725
8512,23.548332873278778
8513,23.54188199450201
8514,23.43605780387796
8515,23.29843031920869
8516,23.145034997172868
8517,22.925714837721053
8518,22.695398653806105
8519,22.49522179969323
8520,22.326666537614557
8521,7.120926374945039
8522,4.318626378573729
8523,5.1950971180730505
8524,5.753880001975881
8525,6.126785114867315
8526,6.349020062922767
8527,6.5103983932876055
8528,21.499674986637505
8529,26.37696049955516
8530,24.814217599130604
8531,23.567245883832953
8532,22.519621652248528
8533,21.682893591761854
8534,21.073352112899073
8535,20.706338177904534
8536,20.607378559847753
8537,20.706558535935585
8538,20.773560633124653
8539,20.818349878479165
8540,20.763657448226333
8541,20.609374289271777
8542,20.45390596881393
8543,20.33564719680188
8544,20.32991323836091
8545,5.817964456467105
8546,3.0704007241946805
8547,3.937085149734072
8548,4.470306078500603
8549,4.860613173142547
8550,5.171307314522475
8551,5.436275838668427
8552,19.99275938333612
8553,24.72425545585264
8554,23.316150433012936
8555,22.39093148638012
8556,21.692168208349685
8557,21.13432895470987
8558,20.579145650217825
8559,20.137291372381465
8560,19.87323996999922
8561,19.881760938738363
8562,19.975033892190392
8563,20.107325215132164
8564,20.228943907016863
8565,20.206849523293638
8566,20.16817946157755
8567,20.132002555407517
8568,20.092745786956414
8569,5.64048465534203
8570,2.8267523015877263
8571,3.6710084699437235
8572,4.191054821932857
8573,4.587191661980226
8574,4.916880574729577
8575,5.207554855225721
8576,19.688187386738104
8577,24.473761919517674
8578,23.03324857087152
8579,22.19084003644639
8580,21.391957740950826
8581,20.694668334426154
8582,20.16520706077858
8583,19.79614769961739
8584,19.649408091696436
8585,19.84304323471089
8586,19.950418885118616
8587,20.000909450421233
8588,19.900481856564944
8589,19.598040164832295
8590,19.253009627626064
8591,18.93005234302585
8592,18.732466057122927
8593,4.877972451466897
8594,2.153843119330906
8595,3.164769918310865
8596,3.930951179687448
8597,4.559965866162303
8598,5.067225988765841
8599,5.438927356899682
8600,19.908910906289684
8601,24.34187922598178
8602,22.394195401808226
8603,21.279511133191335
8604,20.470689408600567
8605,19.500503148506176
8606,18.68202353393194
8607,15.16178616791688
8608,15.858947626533295
8609,17.604602213279822
8610,18.384654457882597
8611,18.988454611361632
8612,19.448411418614914
8613,19.6011214810202
8614,19.623376897779025
8615,19.577049964481493
8616,19.52708790673911
8617,5.365770144277218
8618,2.7672765309340646
8619,3.9092676881763655
8620,4.764998077838035
8621,5.41948022860509
8622,5.885155495441488
8623,6.239480680185855
8624,21.17080275510144
8625,26.010295907895554
8626,24.29260477784569
8627,23.260539554199088
8628,22.323803785561655
8629,21.598384034377602
8630,20.81330290856801
8631,20.524043020607966
8632,20.642442216469927
8633,20.82160323542955
8634,20.76740804941686
8635,20.660712957407295
8636,20.60477051183611
8637,20.653181231498124
8638,20.722947245580094
8639,20.72507295517467
8640,20.651616814398036
8641,6.1454384066631045
8642,3.357157605457566
8643,4.267836011074347
8644,4.904015376674854
8645,5.390196798806339
8646,5.800132596763053
8647,6.174879386035867
8648,21.181729055711845
8649,26.268237574319528
8650,20.57165561990424
8651,19.835311377028216
8652,17.922695952702018
8653,19.546992289414327
8654,19.985245290296437
8655,20.155325090355277
8656,20.36573119248427
8657,20.471733638210814
8658,20.314738357480618
8659,20.076540254148018
8660,19.861485696548513
8661,19.76090303762476
8662,19.73703119834783
8663,19.755197828772562
8664,19.77637266672381
8665,5.649656944685477
8666,2.8367336742954485
8667,3.6407517418776356
8668,4.152427165824952
8669,4.535782940204582
8670,4.858196189870942
8671,5.131287532195266
8672,19.22078256159117
8673,23.73149214729904
8674,22.109306616767896
8675,20.830367109475183
8676,19.851340982138538
8677,19.12431794429323
8678,18.805816483084165
8679,18.79101411173724
8680,18.949751142978904
8681,19.200269440071384
8682,19.265842877677894
8683,19.287363471699646
8684,19.309895708002806
8685,19.360870272916785
8686,19.43820828816805
8687,19.46368431203343
8688,19.48640273408526
8689,5.347686922205369
8690,2.562260620266865
8691,3.427258691206128
8692,3.9077197258639513
8693,4.074487822800559
8694,4.025787650114733
8695,3.900763080228021
8696,16.944587875854737
8697,21.107735777397423
8698,19.762923385054805
8699,18.985060182936877
8700,18.540123464122388
8701,18.3095640370231
8702,17.77877848238088
8703,17.675989499506333
8704,17.90957296249271
8705,18.375192505373125
8706,18.591888027949487
8707,18.718442045163965
8708,18.683458024328186
8709,18.55894750281029
8710,18.444878611290488
8711,18.604258891056936
8712,18.919083420832436
8713,5.116472243230707
8714,2.452862228052925
8715,3.3153852033080486
8716,3.8434124442292203
8717,4.233928549104692
8718,4.608040602368071
8719,4.95770603728749
8720,19.256843182575384
8721,24.020831957997167
8722,22.694993343730772
8723,21.717053881080673
8724,20.924029265214045
8725,20.203160145785027
8726,19.45803605771394
8727,18.779555545859388
8728,18.228734621700124
8729,17.891362428513556
8730,17.619460324723857
8731,17.383042703473723
8732,17.16925213149056
8733,16.951761519430654
8734,16.661814289814775
8735,16.257961156794313
8736,15.830490058260207
8737,2.8791267771637
8738,0.1701917953221305
8739,1.3467031692259075
8740,2.2715917705322424
8741,2.9962599242575543
8742,3.427783258590991
8743,3.7018133428781583
8744,17.29773565202852
8745,21.595361266826032
8746,19.97627300435495
8747,19.13487143971323
8748,18.52424054377068
8749,18.120806442665028
8750,17.55649552918053
8751,17.38821439234767
8752,17.654852110415586
8753,18.089659893312344
8754,18.33393064193213
8755,18.496953452364615
8756,18.57334545595049
8757,18.538132884280976
8758,18.502885601363424
8759,18.571142798015476
8760,18.747486348447783
