hour,simstadt_heating_demand_kwh_h
1,1847.1000000000008
2,1896.4
3,1994.5000000000007
4,1958.8000000000002
5,1991.0000000000005
6,1998.7000000000003
7,1958.3000000000002
8,2408.999999999999
9,2425.0
10,2285.6000000000004
11,2294.4999999999995
12,2160.6999999999994
13,2094.9999999999986
14,2108.4999999999995
15,2101.899999999999
16,2164.4999999999986
17,2299.9
18,2484.2999999999993
19,2649.900000000002
20,2694.099999999999
21,2720.599999999998
22,2807.9000000000005
23,2872.499999999999
24,2977.2000000000003
25,2602.0
26,2524.7
27,2543.599999999998
28,2545.2999999999993
29,2510.4999999999995
30,2461.400000000001
31,2518.7
32,3027.2000000000003
33,2947.199999999999
34,2892.100000000001
35,2798.099999999999
36,2684.2000000000003
37,2624.999999999999
38,2596.8
39,2505.7999999999997
40,2564.2000000000003
41,2677.3
42,2797.4999999999995
43,2819.2000000000007
44,2828.1
45,2864.0
46,2869.7999999999993
47,2877.8999999999987
48,2880.199999999999
49,2409.899999999999
50,2403.4000000000005
51,2422.6
52,2480.8
53,2508.1999999999994
54,2470.0000000000023
55,2557.4999999999995
56,2983.5999999999995
57,2954.7999999999997
58,2973.0999999999995
59,2892.800000000001
60,2866.2
61,2745.1000000000004
62,2679.4
63,2629.899999999999
64,2619.7
65,2650.500000000002
66,2754.400000000001
67,2849.2000000000016
68,2916.2000000000007
69,3004.599999999999
70,3071.9000000000015
71,3133.0000000000005
72,3177.2999999999997
73,2744.7000000000003
74,2745.5000000000005
75,2717.1999999999985
76,2738.699999999999
77,2731.899999999998
78,2715.999999999999
79,2649.900000000002
80,3015.3000000000006
81,2927.6
82,2776.7000000000003
83,2524.7
84,2328.4999999999995
85,2150.3
86,2078.4
87,2101.999999999999
88,2085.8999999999996
89,2124.399999999999
90,2146.3000000000015
91,2139.200000000001
92,2086.1999999999994
93,2152.6000000000004
94,2191.800000000001
95,2212.8
96,2217.9000000000005
97,1747.2999999999984
98,1767.3999999999985
99,1860.8999999999996
100,1915.2000000000003
101,1981.8999999999994
102,2017.8999999999994
103,2107.3999999999996
104,2604.3
105,2659.7000000000035
106,2651.700000000003
107,2696.6999999999994
108,2719.599999999998
109,2728.799999999998
110,2793.399999999999
111,2939.499999999998
112,2924.800000000001
113,3057.7000000000016
114,3189.7
115,3207.0999999999995
116,3148.3000000000015
117,3234.400000000001
118,3353.8
119,3495.3999999999983
120,3514.299999999999
121,3127.3999999999996
122,3131.9
123,3052.800000000002
124,3045.5000000000014
125,2896.300000000002
126,2791.2999999999993
127,2752.1000000000013
128,3195.500000000001
129,3149.9000000000015
130,3027.6000000000004
131,2852.4000000000005
132,2700.2999999999984
133,2486.2
134,2327.7999999999993
135,2254.199999999999
136,2148.400000000001
137,2151.2999999999997
138,2217.7000000000003
139,2127.9999999999995
140,2115.6000000000004
141,2136.2000000000003
142,2134.4
143,2136.600000000001
144,2127.1999999999994
145,1623.9999999999998
146,1672.2000000000003
147,1683.6999999999994
148,1715.2000000000005
149,1800.1000000000006
150,1753.9999999999986
151,1766.099999999998
152,2281.4
153,2243.399999999999
154,2098.799999999999
155,2044.500000000001
156,1939.399999999999
157,1862.1999999999994
158,1702.8999999999999
159,1640.5
160,1630.8999999999985
161,1782.8000000000004
162,1880.6999999999998
163,2027.1000000000004
164,2052.7000000000007
165,2170.799999999999
166,2193.2000000000007
167,2335.199999999999
168,2365.4999999999995
169,1945.0
170,1926.5000000000014
171,1949.6000000000001
172,1860.8999999999996
173,1833.100000000001
174,1742.7999999999986
175,1741.7999999999988
176,2178.7999999999993
177,2169.899999999999
178,2118.7
179,2000.2000000000003
180,1897.2
181,1935.6999999999998
182,1882.1
183,1929.200000000001
184,1914.7000000000003
185,1893.8999999999996
186,1915.4
187,1966.3999999999992
188,1855.0999999999995
189,1790.200000000001
190,1784.6000000000004
191,1699.8000000000002
192,1637.0
193,1068.4999999999998
194,1074.3
195,1135.6999999999998
196,1150.6999999999996
197,1083.6999999999998
198,1004.1000000000006
199,1074.3
200,1526.6000000000013
201,1561.6000000000006
202,1443.9
203,1424.1999999999998
204,1446.5000000000005
205,1419.1000000000001
206,1300.7999999999997
207,1186.5000000000002
208,1150.3999999999994
209,1167.6000000000004
210,1134.2999999999997
211,1146.4999999999995
212,1155.2999999999997
213,1139.4000000000003
214,1141.4
215,1117.0999999999997
216,1044.899999999999
217,605.0999999999999
218,644.6999999999999
219,691.0000000000003
220,749.4
221,811.8000000000001
222,878.1999999999998
223,963.9999999999999
224,1459.6999999999998
225,1452.0000000000007
226,1488.6999999999994
227,1493.3999999999992
228,1463.3000000000004
229,1424.0999999999997
230,1448.7
231,1421.6
232,1560.6000000000006
233,1657.8000000000009
234,1793.1000000000008
235,1802.3000000000006
236,1904.2
237,2035.8000000000009
238,2199.4000000000005
239,2317.0000000000014
240,2400.400000000001
241,2017.4999999999993
242,2023.6999999999996
243,2026.2000000000003
244,2031.4000000000003
245,2018.5999999999997
246,2000.5000000000002
247,1991.3000000000004
248,2415.699999999999
249,2454.1000000000004
250,2343.399999999999
251,2348.7000000000003
252,2153.0
253,2108.5999999999995
254,1962.9999999999995
255,1993.1000000000006
256,2062.7000000000007
257,2239.7999999999997
258,2223.4999999999995
259,2263.1
260,2360.6999999999994
261,2415.7999999999993
262,2500.5999999999995
263,2489.8999999999996
264,2509.3
265,2043.2000000000007
266,2086.399999999999
267,2070.2999999999997
268,2061.500000000001
269,2008.6000000000004
270,2050.000000000001
271,2016.2999999999995
272,2512.5999999999995
273,2522.5
274,2440.0000000000005
275,2358.399999999999
276,2215.5
277,2101.3999999999987
278,2027.6000000000001
279,1967.0999999999992
280,1971.0999999999992
281,1947.3
282,1990.7000000000003
283,2003.7000000000003
284,1994.7000000000007
285,2074.5000000000005
286,2088.5999999999995
287,2088.2999999999993
288,2119.7
289,1574.6000000000006
290,1574.3000000000006
291,1563.500000000001
292,1559.5000000000002
293,1587.7999999999986
294,1607.9000000000003
295,1559.1000000000004
296,2027.1000000000004
297,2017.2999999999995
298,2013.599999999999
299,1901.9
300,1834.6000000000006
301,1747.7999999999986
302,1710.4000000000015
303,1693.6000000000001
304,1628.399999999999
305,1713.0000000000011
306,1691.6000000000001
307,1709.300000000001
308,1739.3999999999994
309,1755.9999999999984
310,1870.8999999999992
311,1855.1999999999996
312,1895.6
313,1454.4000000000005
314,1437.6999999999998
315,1441.5000000000005
316,1383.1999999999996
317,1344.0000000000002
318,1316.5000000000002
319,1358.9999999999995
320,1849.5000000000011
321,1867.9999999999989
322,1833.000000000001
323,1801.0000000000007
324,1834.4000000000008
325,1765.099999999998
326,1718.8000000000004
327,1603.4000000000003
328,1524.5000000000011
329,1604.0000000000002
330,1623.9999999999998
331,1695.8
332,1733.4999999999998
333,1747.9999999999986
334,1754.6999999999985
335,1803.5000000000005
336,1760.7999999999986
337,1316.0000000000002
338,1352.9999999999998
339,1403.6000000000001
340,1475.4
341,1501.7999999999986
342,1501.1999999999985
343,1502.7999999999984
344,2053.500000000001
345,2074.2000000000003
346,2118.9
347,2049.0000000000005
348,2002.7000000000005
349,1981.1999999999991
350,2045.6000000000008
351,2056.2000000000007
352,2075.1000000000004
353,2140.2000000000016
354,2215.6
355,2233.2999999999997
356,2318.400000000001
357,2304.7000000000003
358,2377.9
359,2365.4999999999995
360,2309.8000000000006
361,1826.2999999999995
362,1865.5999999999988
363,1926.3000000000015
364,1900.3999999999999
365,1875.1999999999998
366,1976.699999999999
367,2000.7000000000003
368,2495.899999999999
369,2480.0000000000005
370,2504.6999999999994
371,2335.699999999999
372,2285.6000000000004
373,2226.2
374,2173.399999999999
375,2204.4000000000005
376,2303.600000000001
377,2465.500000000001
378,2578.199999999999
379,2646.100000000002
380,2694.799999999999
381,2742.2
382,2858.3
383,2966.300000000001
384,3049.4000000000015
385,2733.3999999999987
386,2757.700000000001
387,2773.499999999999
388,2740.499999999999
389,2745.4000000000005
390,2709.6999999999985
391,2692.5999999999995
392,3127.3999999999996
393,2993.5999999999985
394,2862.2999999999997
395,2722.7999999999984
396,2580.3999999999996
397,2386.000000000001
398,2216.9
399,2240.3999999999996
400,2171.8999999999987
401,2153.5
402,2231.2
403,2191.200000000001
404,2185.7999999999997
405,2321.8
406,2239.1
407,2251.2999999999993
408,2212.8
409,1604.1000000000004
410,1683.8999999999996
411,1747.0999999999985
412,1752.1999999999987
413,1759.7999999999986
414,1773.999999999999
415,1846.2000000000007
416,2352.399999999999
417,2310.500000000001
418,2233.2999999999997
419,2238.8999999999996
420,2170.3999999999987
421,2106.7000000000003
422,2112.7000000000003
423,2114.6000000000004
424,2208.2
425,2242.699999999999
426,2247.699999999999
427,2360.4999999999995
428,2373.200000000001
429,2496.1999999999994
430,2535.599999999999
431,2519.7
432,2491.499999999999
433,2069.2
434,2125.399999999999
435,2217.6
436,2288.3
437,2218.2000000000003
438,2192.7000000000007
439,2151.5
440,2643.5
441,2587.5000000000014
442,2585.5000000000005
443,2619.2999999999997
444,2506.9
445,2457.800000000001
446,2385.500000000001
447,2269.4000000000005
448,2310.100000000001
449,2305.8000000000006
450,2268.0
451,2349.8
452,2412.0999999999995
453,2503.2999999999997
454,2563.5000000000005
455,2509.4
456,2465.500000000001
457,2031.4000000000003
458,2125.399999999999
459,2128.7
460,2223.2999999999997
461,2209.5000000000005
462,2231.2
463,2232.6
464,2710.5999999999985
465,2717.3999999999983
466,2589.8000000000006
467,2515.5000000000005
468,2411.4999999999995
469,2322.9999999999995
470,2263.7
471,2199.4000000000005
472,2139.8000000000015
473,2172.799999999999
474,2141.900000000002
475,2181.8999999999996
476,2260.2999999999997
477,2230.7
478,2281.4
479,2302.3000000000006
480,2307.3
481,1837.8000000000006
482,1958.7
483,1959.1000000000001
484,2038.1000000000008
485,2033.6000000000006
486,2016.5999999999992
487,2050.7000000000007
488,2492.6999999999994
489,2439.5
490,2344.9999999999995
491,2263.1
492,2122.2999999999997
493,2160.6999999999994
494,2069.2999999999997
495,2060.000000000001
496,2074.3
497,2072.7000000000003
498,2185.1
499,2212.7
500,2332.099999999998
501,2312.2000000000007
502,2427.1
503,2458.000000000001
504,2535.499999999999
505,2095.799999999999
506,2048.5000000000005
507,2041.4000000000015
508,2069.7
509,2114.7000000000003
510,2206.7000000000003
511,2265.0999999999995
512,2757.0000000000014
513,2709.6999999999985
514,2624.999999999999
515,2530.7000000000007
516,2446.3999999999996
517,2419.9
518,2352.399999999999
519,2350.9999999999995
520,2428.6
521,2456.5000000000014
522,2461.100000000001
523,2515.7000000000003
524,2488.9
525,2501.1999999999994
526,2569.7000000000003
527,2645.300000000001
528,2734.599999999998
529,2295.3999999999996
530,2292.9
531,2386.900000000001
532,2329.2999999999993
533,2355.6999999999994
534,2305.600000000001
535,2378.7000000000003
536,2848.4000000000015
537,2771.4999999999986
538,2662.8000000000025
539,2535.599999999999
540,2375.5000000000005
541,2278.3
542,2128.2
543,2111.399999999999
544,2166.699999999999
545,2194.1000000000013
546,2251.5999999999995
547,2284.9
548,2315.0000000000014
549,2358.899999999999
550,2457.5000000000014
551,2513.4
552,2605.7
553,2124.2999999999993
554,2109.899999999999
555,2130.399999999999
556,2112.7000000000003
557,2218.1000000000004
558,2252.399999999999
559,2211.4
560,2628.6999999999994
561,2551.3
562,2459.300000000001
563,2413.0999999999995
564,2363.7999999999997
565,2276.2000000000007
566,2221.0000000000005
567,2171.4999999999986
568,2186.6999999999994
569,2227.6999999999994
570,2254.999999999999
571,2287.2999999999997
572,2344.4999999999995
573,2301.8000000000006
574,2338.7999999999997
575,2324.099999999999
576,2270.4000000000005
577,1799.2000000000005
578,1862.1999999999994
579,1882.7
580,1773.6999999999991
581,1731.0
582,1749.899999999999
583,1727.0
584,2128.7
585,2081.7999999999997
586,2025.9000000000003
587,1920.3000000000009
588,1795.5000000000011
589,1715.4000000000003
590,1678.2
591,1607.1000000000004
592,1558.6000000000004
593,1572.500000000001
594,1572.2000000000007
595,1578.3999999999996
596,1548.2000000000003
597,1608.8000000000002
598,1663.600000000001
599,1716.4
600,1728.5
601,1236.9000000000008
602,1333.200000000001
603,1429.5000000000005
604,1486.4999999999998
605,1556.1000000000004
606,1538.6
607,1539.1999999999998
608,2014.6999999999991
609,2056.600000000001
610,2039.0000000000016
611,2004.0
612,2022.0999999999995
613,2027.6000000000001
614,1956.7
615,1946.1999999999996
616,1867.299999999999
617,1993.4000000000008
618,2044.500000000001
619,2163.2999999999984
620,2204.1000000000004
621,2353.099999999999
622,2424.0
623,2446.4999999999995
624,2486.8
625,2114.6000000000004
626,2147.4000000000015
627,2111.7999999999993
628,2063.7000000000007
629,2063.3000000000006
630,2073.1000000000004
631,2000.3000000000002
632,2446.2
633,2386.7000000000007
634,2340.299999999999
635,2183.6
636,2034.3000000000009
637,2009.6
638,1975.9999999999986
639,1977.7999999999986
640,2030.0000000000002
641,1997.0000000000002
642,2088.2999999999993
643,2173.399999999999
644,2187.6000000000004
645,2203.6000000000004
646,2131.399999999999
647,2095.799999999999
648,2056.2000000000007
649,1610.5000000000005
650,1693.5
651,1696.9999999999998
652,1706.4000000000003
653,1768.9999999999989
654,1851.1000000000004
655,1822.1000000000004
656,2286.7999999999997
657,2288.9000000000005
658,2228.2999999999997
659,2181.9999999999995
660,2135.000000000001
661,2114.5000000000005
662,2121.0999999999995
663,2133.9
664,2111.399999999999
665,2222.5
666,2305.8000000000006
667,2415.499999999999
668,2531.100000000001
669,2617.7
670,2722.999999999998
671,2850.400000000001
672,2895.6000000000017
673,2443.2000000000003
674,2355.4999999999995
675,2306.6000000000004
676,2234.6
677,2037.4000000000008
678,1914.4
679,1863.599999999999
680,2325.8999999999987
681,2328.4999999999995
682,2252.899999999999
683,2158.3999999999987
684,2042.8000000000009
685,2023.5999999999997
686,1985.2999999999995
687,1955.2999999999997
688,1767.0999999999983
689,1685.3999999999994
690,1650.8000000000009
691,1607.3000000000004
692,1533.6000000000006
693,1404.5000000000002
694,1334.100000000001
695,1222.8
696,1162.0
697,673.6000000000001
698,647.7999999999998
699,716.4999999999994
700,750.0999999999999
701,780.0000000000007
702,765.0000000000002
703,804.6999999999999
704,1338.4000000000005
705,1297.6000000000001
706,1279.1999999999998
707,1283.0000000000002
708,1193.3
709,1141.0000000000002
710,1158.6999999999996
711,1206.7999999999997
712,1157.7999999999997
713,1137.3
714,1126.2999999999997
715,1115.9999999999998
716,1064.3999999999994
717,1097.9000000000012
718,1022.4000000000005
719,1059.1999999999994
720,1124.6999999999994
721,675.5000000000001
722,623.0999999999998
723,594.7000000000003
724,557.4000000000001
725,526.7999999999997
726,566.8999999999999
727,580.6000000000003
728,1066.4999999999995
729,1110.8000000000002
730,1033.1
731,914.1
732,873.5000000000001
733,793.3
734,720.0999999999996
735,764.5000000000003
736,820.0999999999999
737,870.9999999999999
738,1042.8999999999994
739,1191.9
740,1255.9000000000003
741,1263.0000000000002
742,1279.1999999999998
743,1370.7999999999997
744,1459.3999999999996
745,1078.3
746,1152.8999999999994
747,1162.4999999999998
748,1128.7999999999995
749,1140.5000000000007
750,1148.2999999999997
751,1107.2000000000005
752,1625.3000000000002
753,1578.8000000000002
754,1484.2999999999997
755,1361.6000000000004
756,1313.7
757,1277.4999999999989
758,1225.7999999999997
759,1248.8999999999999
760,1231.1000000000004
761,1278.4999999999986
762,1357.5000000000005
763,1463.9000000000005
764,1570.1
765,1707.5000000000005
766,1825.800000000001
767,1956.7000000000003
768,1992.899999999999
769,1612.3999999999996
770,1574.7
771,1581.1000000000004
772,1684.0000000000002
773,1763.799999999999
774,1806.7000000000007
775,1853.8999999999987
776,2310.2999999999997
777,2298.6000000000004
778,2290.1
779,2253.1
780,2238.6
781,2187.2999999999993
782,2142.7000000000007
783,2162.7999999999993
784,2206.6999999999994
785,2268.500000000001
786,2303.2
787,2449.1
788,2597.6
789,2699.1999999999994
790,2765.2999999999997
791,2824.0999999999995
792,2849.9000000000005
793,2452.2000000000003
794,2498.5000000000005
795,2491.2
796,2551.2999999999997
797,2603.8999999999987
798,2615.7
799,2695.2000000000007
800,3048.9000000000005
801,3033.9999999999995
802,2951.2
803,2849.8000000000006
804,2727.100000000001
805,2689.4000000000005
806,2597.2000000000003
807,2576.2999999999997
808,2607.3999999999987
809,2644.800000000001
810,2692.7000000000003
811,2783.499999999999
812,2819.0000000000005
813,2762.4
814,2891.1000000000017
815,2818.3000000000006
816,2803.4999999999986
817,2449.7999999999997
818,2428.099999999999
819,2398.3000000000006
820,2445.2999999999997
821,2340.2000000000007
822,2236.3
823,2195.799999999999
824,2563.2000000000007
825,2512.2999999999993
826,2489.5
827,2347.7999999999997
828,2174.199999999999
829,2072.699999999999
830,1940.9000000000003
831,1910.100000000001
832,1904.700000000001
833,1879.9000000000005
834,1890.299999999999
835,2009.0999999999985
836,1999.4999999999984
837,2028.2000000000007
838,2067.599999999999
839,2125.1000000000013
840,2104.9000000000005
841,1699.2000000000007
842,1660.700000000001
843,1636.1000000000001
844,1702.4000000000008
845,1698.1000000000001
846,1713.0000000000005
847,1729.8999999999994
848,2125.1000000000013
849,2066.599999999999
850,1990.3999999999994
851,1922.7000000000003
852,1829.100000000001
853,1703.2000000000007
854,1743.3999999999994
855,1723.3999999999996
856,1781.1999999999998
857,1823.3000000000013
858,1917.5000000000007
859,2006.5999999999985
860,2114.1000000000004
861,2136.9
862,2136.4
863,2165.3999999999996
864,2139.800000000001
865,1700.5000000000005
866,1761.6999999999987
867,1737.8999999999999
868,1749.499999999999
869,1655.2000000000005
870,1687.5000000000007
871,1721.5
872,2090.8000000000015
873,2109.7000000000007
874,2091.4000000000015
875,1981.3000000000009
876,1957.5000000000002
877,1855.4999999999984
878,1796.3000000000002
879,1785.5000000000002
880,1717.5
881,1728.9999999999993
882,1793.3000000000002
883,1902.1000000000008
884,1941.4000000000003
885,1994.9999999999993
886,1983.0000000000002
887,2096.000000000002
888,2082.400000000001
889,1662.500000000001
890,1631.1000000000001
891,1610.7999999999995
892,1506.5
893,1574.7
894,1545.7
895,1544.8
896,1907.5000000000011
897,1893.3999999999994
898,1883.8999999999999
899,1809.2000000000005
900,1829.900000000001
901,1863.3999999999992
902,1845.2999999999997
903,1830.9000000000015
904,1804.9000000000003
905,1787.8999999999999
906,1739.0000000000002
907,1720.4
908,1695.6
909,1736.5
910,1732.999999999999
911,1762.599999999999
912,1729.5999999999995
913,1315.0000000000002
914,1359.1000000000001
915,1422.5000000000002
916,1484.2999999999997
917,1481.8999999999996
918,1591.3999999999999
919,1554.9000000000003
920,1931.4
921,1929.8999999999999
922,1848.399999999999
923,1840.1000000000006
924,1718.0
925,1695.8
926,1687.5000000000007
927,1639.3999999999996
928,1640.5999999999997
929,1637.1999999999998
930,1758.099999999999
931,1821.1000000000008
932,1902.1000000000008
933,1929.8999999999999
934,2034.8999999999994
935,2083.400000000001
936,2100.0000000000023
937,1644.5000000000002
938,1713.4000000000005
939,1687.3000000000006
940,1674.2000000000005
941,1699.0000000000007
942,1732.3999999999992
943,1785.9
944,2210.9
945,2208.2999999999997
946,2185.4999999999995
947,2107.500000000001
948,1971.000000000001
949,1889.599999999999
950,1823.8000000000013
951,1905.400000000001
952,1959.0
953,1953.2999999999995
954,1991.9999999999993
955,2011.599999999999
956,2118.100000000001
957,2102.800000000001
958,2103.6000000000013
959,2163.1999999999994
960,2191.5999999999995
961,1804.1000000000006
962,1837.5000000000007
963,1857.8999999999983
964,1864.899999999999
965,1877.4
966,1871.0999999999985
967,1861.7999999999988
968,2318.6
969,2220.5000000000005
970,2149.5000000000005
971,2091.700000000001
972,2015.8
973,1864.2999999999988
974,1830.3000000000009
975,1781.6000000000001
976,1776.0999999999992
977,1832.8000000000018
978,1927.8999999999999
979,2101.8000000000015
980,2131.8
981,2245.1
982,2338.3000000000006
983,2272.8000000000006
984,2323.899999999999
985,1935.3000000000004
986,1930.7
987,1913.5000000000011
988,1962.6
989,1951.0999999999997
990,1914.4000000000012
991,1890.899999999999
992,2294.7
993,2263.4000000000005
994,2136.9
995,2096.000000000002
996,2044.5999999999995
997,1937.9000000000005
998,1891.2999999999988
999,1884.0999999999997
1000,1905.100000000001
1001,1928.6999999999998
1002,1997.3999999999987
1003,2046.3999999999999
1004,2064.999999999999
1005,2059.399999999999
1006,2189.0999999999995
1007,2176.3999999999996
1008,2098.100000000002
1009,1701.5000000000002
1010,1697.3
1011,1755.899999999999
1012,1759.0999999999992
1013,1685.8000000000004
1014,1653.6000000000006
1015,1629.7
1016,2002.599999999998
1017,1950.1999999999994
1018,1950.6999999999996
1019,1844.8999999999999
1020,1762.8999999999987
1021,1742.2999999999995
1022,1619.4
1023,1511.0000000000002
1024,1522.2
1025,1480.4999999999998
1026,1470.5999999999997
1027,1545.8000000000002
1028,1641.1
1029,1707.5000000000005
1030,1654.6000000000004
1031,1706.7000000000005
1032,1720.2
1033,1266.6
1034,1294.8999999999999
1035,1325.8000000000004
1036,1358.6000000000001
1037,1319.3000000000004
1038,1309.3999999999994
1039,1327.500000000001
1040,1726.4999999999995
1041,1735.0999999999995
1042,1760.4999999999989
1043,1751.099999999999
1044,1835.4000000000017
1045,1764.899999999999
1046,1808.9000000000003
1047,1767.999999999999
1048,1819.8000000000009
1049,1897.8999999999999
1050,1907.2000000000012
1051,1940.7000000000003
1052,1977.3000000000013
1053,1988.6
1054,2010.4999999999989
1055,1979.9000000000012
1056,2005.5999999999985
1057,1520.3000000000002
1058,1510.3
1059,1493.4999999999995
1060,1490.2999999999997
1061,1491.7999999999997
1062,1479.0999999999997
1063,1483.3999999999996
1064,1903.7000000000012
1065,1841.2000000000003
1066,1849.7999999999988
1067,1761.299999999999
1068,1734.4999999999995
1069,1636.7
1070,1556.3999999999999
1071,1528.500000000001
1072,1580.4000000000008
1073,1572.9999999999998
1074,1527.400000000001
1075,1518.7
1076,1505.8000000000002
1077,1432.8000000000002
1078,1347.7
1079,1365.3000000000004
1080,1355.1000000000004
1081,940.4000000000001
1082,964.7999999999995
1083,909.3
1084,938.8
1085,962.7999999999997
1086,897.1000000000004
1087,892.3000000000005
1088,1270.3
1089,1119.8999999999996
1090,1065.8000000000004
1091,988.1000000000004
1092,951.9
1093,883.2000000000002
1094,795.0999999999998
1095,748.7999999999996
1096,736.4999999999997
1097,772.4000000000007
1098,867.2999999999998
1099,972.0999999999997
1100,1042.3
1101,1007.3000000000004
1102,1052.0
1103,1115.4999999999995
1104,1219.8999999999996
1105,848.6999999999999
1106,860.8000000000002
1107,859.5000000000002
1108,949.5999999999999
1109,920.7999999999998
1110,891.4000000000004
1111,952.5
1112,1331.400000000001
1113,1323.9000000000003
1114,1293.6999999999996
1115,1213.7999999999993
1116,1065.1000000000001
1117,923.0999999999996
1118,920.1999999999999
1119,1003.2000000000004
1120,1042.5
1121,1072.0000000000002
1122,1125.3999999999996
1123,1228.5
1124,1334.700000000001
1125,1393.3999999999992
1126,1448.8000000000009
1127,1562.3999999999987
1128,1599.0999999999988
1129,1243.5000000000005
1130,1245.2000000000003
1131,1341.3000000000006
1132,1376.5
1133,1473.1000000000001
1134,1496.6999999999991
1135,1489.4999999999993
1136,1866.399999999999
1137,1780.0999999999997
1138,1776.8999999999994
1139,1714.4000000000003
1140,1596.6999999999991
1141,1514.8999999999996
1142,1470.3999999999996
1143,1438.9
1144,1473.4
1145,1511.5
1146,1690.4000000000008
1147,1705.9000000000005
1148,1766.099999999999
1149,1811.6000000000006
1150,1951.0999999999997
1151,1992.0999999999992
1152,2061.399999999999
1153,1695.0000000000005
1154,1699.0000000000007
1155,1758.5999999999992
1156,1770.499999999999
1157,1842.0
1158,1834.600000000002
1159,1819.6000000000006
1160,2275.7000000000007
1161,2299.7000000000003
1162,2257.1
1163,2209.0
1164,2156.1000000000004
1165,2062.699999999999
1166,2066.9999999999986
1167,2026.5000000000002
1168,1989.1999999999998
1169,1965.6000000000008
1170,2088.300000000002
1171,2190.5999999999995
1172,2181.2999999999993
1173,2190.3999999999996
1174,2242.5000000000005
1175,2351.199999999999
1176,2333.9
1177,1876.0999999999997
1178,1887.0999999999992
1179,1972.5000000000011
1180,1957.5000000000002
1181,2036.1999999999994
1182,2085.800000000001
1183,2066.799999999999
1184,2490.0
1185,2411.499999999999
1186,2351.5999999999995
1187,2345.8
1188,2266.4000000000015
1189,2198.4999999999986
1190,2145.9000000000005
1191,2149.8000000000006
1192,2117.0
1193,2158.7999999999997
1194,2244.5000000000005
1195,2259.7000000000003
1196,2407.699999999999
1197,2516.7000000000003
1198,2572.4999999999995
1199,2525.5000000000014
1200,2580.499999999999
1201,2215.3
1202,2324.2999999999993
1203,2325.2999999999993
1204,2331.2
1205,2262.1000000000004
1206,2204.999999999999
1207,2210.6000000000004
1208,2612.799999999999
1209,2617.3
1210,2564.4
1211,2512.599999999999
1212,2488.7000000000003
1213,2473.500000000002
1214,2471.5000000000023
1215,2420.5999999999995
1216,2472.300000000002
1217,2482.3000000000006
1218,2575.5
1219,2624.4000000000005
1220,2661.2
1221,2683.3000000000006
1222,2703.899999999999
1223,2695.2000000000007
1224,2760.1000000000004
1225,2340.7000000000003
1226,2292.5000000000005
1227,2274.4000000000005
1228,2187.899999999999
1229,2061.6999999999994
1230,1997.5999999999988
1231,1983.9
1232,2360.9999999999986
1233,2327.799999999999
1234,2232.4
1235,2131.8
1236,2114.1000000000004
1237,2068.3999999999987
1238,1954.4999999999993
1239,1945.1999999999998
1240,1902.4000000000008
1241,1890.299999999999
1242,1853.4999999999989
1243,1795.5000000000007
1244,1739.7
1245,1732.599999999999
1246,1621.6999999999998
1247,1592.8999999999996
1248,1561.9999999999986
1249,1066.3000000000004
1250,1114.6999999999994
1251,1102.4000000000003
1252,1071.9000000000003
1253,1071.1000000000001
1254,1099.9000000000005
1255,1115.5999999999995
1256,1548.9000000000005
1257,1463.0000000000005
1258,1302.7999999999997
1259,1261.5000000000005
1260,1108.5000000000002
1261,1065.8000000000004
1262,1080.0
1263,1034.8999999999999
1264,1132.1
1265,1167.5999999999997
1266,1189.2000000000005
1267,1314.0
1268,1331.000000000001
1269,1379.1000000000004
1270,1452.9000000000005
1271,1507.9999999999995
1272,1551.8000000000004
1273,1133.8
1274,1163.7999999999997
1275,1191.4000000000005
1276,1170.0999999999997
1277,1206.7999999999995
1278,1250.1000000000001
1279,1242.0
1280,1729.4999999999995
1281,1699.2000000000007
1282,1668.9000000000003
1283,1525.8000000000006
1284,1441.0000000000007
1285,1406.2999999999995
1286,1351.1000000000001
1287,1275.0999999999988
1288,1279.8999999999987
1289,1353.3000000000004
1290,1438.1
1291,1546.2000000000003
1292,1521.4
1293,1561.199999999999
1294,1615.0000000000007
1295,1586.2000000000003
1296,1647.6
1297,1226.1999999999998
1298,1278.8999999999987
1299,1311.8
1300,1449.4000000000005
1301,1484.9999999999995
1302,1546.2000000000003
1303,1578.8000000000002
1304,2036.4999999999993
1305,2011.499999999999
1306,1902.1000000000008
1307,1784.6000000000008
1308,1698.3
1309,1642.1000000000001
1310,1578.8000000000002
1311,1520.3000000000002
1312,1439.9000000000008
1313,1512.6
1314,1622.7000000000003
1315,1729.9999999999995
1316,1780.6999999999996
1317,1823.4000000000015
1318,1840.1000000000006
1319,1877.3000000000002
1320,1836.2000000000014
1321,1435.3
1322,1468.6999999999998
1323,1510.1999999999998
1324,1459.1
1325,1501.0
1326,1481.2999999999995
1327,1406.2999999999995
1328,1724.6999999999994
1329,1712.5000000000002
1330,1635.9
1331,1460.9000000000003
1332,1279.3999999999987
1333,1176.6000000000001
1334,1024.1
1335,1002.0000000000003
1336,1091.8
1337,1070.1000000000001
1338,1168.2999999999997
1339,1282.3999999999992
1340,1338.400000000001
1341,1327.1000000000008
1342,1336.400000000001
1343,1357.7000000000003
1344,1366.6000000000001
1345,981.1000000000001
1346,1051.6999999999998
1347,1139.5000000000002
1348,1151.9999999999993
1349,1144.0000000000002
1350,1141.6000000000004
1351,1173.4999999999998
1352,1620.9
1353,1615.0000000000007
1354,1528.600000000001
1355,1471.1999999999998
1356,1403.3999999999994
1357,1332.8000000000009
1358,1367.3000000000002
1359,1327.4000000000008
1360,1375.9999999999998
1361,1437.0
1362,1548.3000000000004
1363,1709.0000000000005
1364,1843.5999999999997
1365,1920.8000000000009
1366,1932.6000000000004
1367,2086.200000000001
1368,2096.900000000002
1369,1772.2999999999988
1370,1856.0999999999985
1371,1777.1999999999994
1372,1809.8000000000009
1373,1838.9000000000003
1374,1782.8000000000006
1375,1781.7
1376,2223.8000000000006
1377,2251.0
1378,2166.899999999999
1379,2046.1999999999998
1380,1971.4000000000012
1381,1921.2000000000005
1382,1852.9999999999989
1383,1815.4000000000003
1384,1857.8999999999983
1385,1920.4000000000008
1386,2062.799999999999
1387,2272.500000000001
1388,2357.199999999999
1389,2445.7999999999997
1390,2463.9000000000005
1391,2546.3999999999996
1392,2726.600000000001
1393,2343.5
1394,2368.1000000000017
1395,2362.099999999999
1396,2384.600000000001
1397,2406.999999999999
1398,2366.7000000000007
1399,2375.7000000000016
1400,2705.099999999999
1401,2656.9
1402,2558.7
1403,2439.899999999999
1404,2250.2
1405,2085.500000000001
1406,1937.9000000000005
1407,1882.0000000000002
1408,1825.3000000000013
1409,1846.999999999999
1410,1965.8000000000009
1411,2108.5000000000005
1412,2138.6000000000004
1413,2147.6000000000004
1414,2208.3999999999996
1415,2232.8
1416,2278.8999999999996
1417,1310.4999999999993
1418,1349.9000000000005
1419,1349.3000000000006
1420,1382.7000000000005
1421,1396.5999999999997
1422,1424.8999999999996
1423,1425.6
1424,1730.699999999999
1425,1645.999999999999
1426,1562.9999999999995
1427,1442.7999999999995
1428,1263.2000000000007
1429,1175.7
1430,1127.7999999999993
1431,1087.7000000000007
1432,1141.1999999999996
1433,1154.7000000000003
1434,1215.7000000000007
1435,1267.2
1436,1294.1999999999998
1437,1327.6
1438,1360.5
1439,1430.1
1440,1461.1000000000004
1441,1127.7999999999993
1442,1161.000000000001
1443,1271.3
1444,1268.8
1445,1303.6
1446,1315.7999999999993
1447,1319.6999999999996
1448,1667.2
1449,1641.8999999999996
1450,1513.6999999999991
1451,1438.0999999999992
1452,1353.3000000000002
1453,1241.799999999999
1454,1176.1999999999998
1455,1190.4000000000003
1456,1205.3
1457,1205.3
1458,1390.7999999999997
1459,1476.5000000000007
1460,1578.4
1461,1611.4
1462,1681.8000000000002
1463,1736.2999999999986
1464,1797.299999999999
1465,1542.6000000000001
1466,1545.0
1467,1552.6000000000008
1468,1533.3000000000006
1469,1557.5000000000002
1470,1565.499999999999
1471,1590.4
1472,1896.0000000000002
1473,1914.4999999999998
1474,1875.200000000001
1475,1816.6999999999996
1476,1806.7
1477,1793.8999999999996
1478,1834.7999999999997
1479,1829.9999999999998
1480,1837.6999999999998
1481,1916.8999999999999
1482,1920.1000000000001
1483,1916.1999999999998
1484,1890.8999999999996
1485,1912.1999999999994
1486,1937.4
1487,1946.5999999999997
1488,1896.1000000000004
1489,1564.3999999999994
1490,1544.6
1491,1566.799999999999
1492,1525.6999999999996
1493,1553.4000000000005
1494,1542.6000000000001
1495,1510.1999999999987
1496,1797.7999999999993
1497,1738.5999999999983
1498,1656.1999999999994
1499,1538.0000000000002
1500,1462.1000000000006
1501,1345.6000000000004
1502,1287.6000000000001
1503,1304.1
1504,1329.4999999999995
1505,1446.8999999999996
1506,1531.8000000000002
1507,1590.8
1508,1695.0000000000002
1509,1688.3
1510,1737.4999999999984
1511,1776.2000000000005
1512,1755.8999999999999
1513,1545.8999999999996
1514,1579.9
1515,1574.7999999999997
1516,1539.000000000001
1517,1493.8999999999999
1518,1467.900000000001
1519,1456.8000000000006
1520,1708.4000000000012
1521,1666.4
1522,1611.3000000000002
1523,1514.6999999999991
1524,1418.9000000000005
1525,1349.3000000000006
1526,1326.3000000000002
1527,1306.9999999999995
1528,1320.7999999999995
1529,1319.4999999999995
1530,1381.6000000000004
1531,1361.0
1532,1323.8999999999999
1533,1320.6999999999996
1534,1325.6
1535,1305.8999999999996
1536,1317.1999999999996
1537,1019.8
1538,980.4
1539,1028.3999999999999
1540,1083.8000000000004
1541,1093.5000000000002
1542,1141.9999999999993
1543,1124.3999999999999
1544,1395.0999999999997
1545,1360.8000000000002
1546,1320.4999999999995
1547,1184.7000000000003
1548,1156.0000000000005
1549,1106.4999999999998
1550,1088.1000000000008
1551,1003.6000000000003
1552,1077.8000000000004
1553,1126.5999999999997
1554,1175.8
1555,1296.0
1556,1309.0999999999997
1557,1334.6999999999996
1558,1314.1999999999996
1559,1350.1000000000006
1560,1355.2000000000005
1561,1097.4
1562,1067.6000000000001
1563,1026.9999999999998
1564,1000.1000000000004
1565,981.6000000000001
1566,1005.3000000000001
1567,1021.9
1568,1315.7999999999993
1569,1345.9
1570,1345.3000000000002
1571,1336.3999999999996
1572,1271.1
1573,1242.1999999999994
1574,1167.9000000000003
1575,1147.0999999999992
1576,1167.2000000000003
1577,1107.4999999999998
1578,1112.3999999999994
1579,1125.6999999999996
1580,1147.3999999999994
1581,1181.9999999999995
1582,1166.5000000000002
1583,1174.0000000000002
1584,1157.1000000000006
1585,862.9000000000001
1586,962.6999999999997
1587,973.7999999999995
1588,1000.7000000000004
1589,998.8000000000003
1590,1022.5999999999999
1591,1013.7
1592,1329.1999999999996
1593,1363.2000000000005
1594,1331.1999999999996
1595,1267.0
1596,1218.000000000001
1597,1153.8000000000002
1598,1162.1000000000006
1599,1127.8999999999994
1600,1167.2000000000003
1601,1200.3000000000002
1602,1311.0999999999995
1603,1348.8000000000004
1604,1427.6000000000006
1605,1470.2000000000007
1606,1515.599999999999
1607,1585.0000000000005
1608,1713.1000000000015
1609,1453.0000000000007
1610,1464.400000000001
1611,1494.8999999999996
1612,1484.0999999999997
1613,1481.0000000000005
1614,1452.4000000000005
1615,1467.4000000000005
1616,1747.1999999999991
1617,1711.1000000000015
1618,1582.5000000000002
1619,1501.5999999999992
1620,1344.4999999999998
1621,1203.1999999999998
1622,1106.4999999999998
1623,1039.3999999999996
1624,1060.4000000000003
1625,1107.7999999999997
1626,1223.200000000001
1627,1337.9999999999998
1628,1403.6999999999991
1629,1427.4000000000005
1630,1473.000000000001
1631,1513.9999999999995
1632,1567.7999999999988
1633,1251.6000000000001
1634,1294.8
1635,1306.1999999999994
1636,1317.4999999999993
1637,1393.0999999999997
1638,1383.4000000000003
1639,1396.2999999999995
1640,1702.6000000000006
1641,1638.3999999999994
1642,1442.6999999999994
1643,1320.7999999999995
1644,1168.9
1645,1052.6000000000001
1646,993.6
1647,956.9999999999999
1648,950.2999999999997
1649,991.5000000000003
1650,1087.5000000000007
1651,1194.8000000000004
1652,1240.8999999999992
1653,1312.0999999999995
1654,1325.6
1655,1326.8999999999999
1656,1401.7999999999993
1657,1112.0999999999995
1658,1155.5000000000005
1659,1166.5000000000002
1660,1164.1000000000001
1661,1172.3000000000006
1662,1173.3000000000002
1663,1171.5000000000007
1664,1495.7999999999995
1665,1418.0000000000005
1666,1381.4000000000003
1667,1311.0999999999995
1668,1125.7999999999997
1669,1033.2999999999995
1670,930.2000000000006
1671,876.7999999999994
1672,883.4999999999997
1673,951.9
1674,1044.1000000000001
1675,1141.3999999999994
1676,1186.5
1677,1264.1000000000004
1678,1324.1
1679,1367.4000000000008
1680,1399.8999999999992
1681,1147.0999999999992
1682,1146.499999999999
1683,1134.3999999999996
1684,1131.5999999999995
1685,1166.6000000000001
1686,1165.2000000000003
1687,1093.5000000000002
1688,1418.8000000000006
1689,1391.1999999999996
1690,1299.1999999999998
1691,1128.0999999999992
1692,974.2999999999996
1693,894.8000000000005
1694,813.3999999999995
1695,728.7999999999996
1696,705.6999999999996
1697,721.8
1698,817.7999999999997
1699,883.7999999999996
1700,884.2999999999997
1701,899.7000000000004
1702,952.2999999999998
1703,968.7999999999997
1704,1001.8000000000003
1705,705.7999999999996
1706,706.6999999999997
1707,670.1000000000004
1708,642.4000000000002
1709,600.3999999999997
1710,636.3000000000002
1711,608.7
1712,902.6000000000003
1713,832.6999999999999
1714,789.7
1715,723.1999999999998
1716,659.6000000000001
1717,587.7000000000004
1718,568.8
1719,499.79999999999995
1720,431.00000000000006
1721,521.5999999999998
1722,595.2
1723,685.9000000000001
1724,750.1999999999996
1725,803.9000000000003
1726,822.1999999999998
1727,806.2000000000003
1728,817.2999999999997
1729,474.50000000000017
1730,474.10000000000014
1731,488.30000000000007
1732,500.99999999999983
1733,524.2
1734,584.5000000000002
1735,603.9
1736,911.4000000000001
1737,814.2999999999995
1738,770.0
1739,674.9000000000003
1740,674.6000000000004
1741,611.4000000000001
1742,532.0000000000002
1743,534.4000000000002
1744,558.5000000000001
1745,586.6000000000004
1746,623.8999999999997
1747,673.6000000000003
1748,766.9000000000001
1749,813.3999999999995
1750,910.0
1751,900.7000000000003
1752,952.0
1753,659.9
1754,705.0999999999997
1755,733.4999999999999
1756,717.3999999999999
1757,780.0000000000005
1758,757.4999999999995
1759,766.0
1760,1124.1
1761,1126.0999999999997
1762,1043.8000000000002
1763,921.1000000000004
1764,858.9000000000007
1765,760.3999999999996
1766,729.6999999999998
1767,652.7999999999995
1768,653.9999999999997
1769,740.0000000000001
1770,822.1999999999998
1771,945.0000000000001
1772,1051.5000000000002
1773,1113.6999999999994
1774,1235.7999999999995
1775,1307.9999999999995
1776,1403.999999999999
1777,1143.2999999999995
1778,1124.8
1779,1110.6999999999998
1780,1108.3999999999996
1781,1121.1999999999998
1782,1114.8999999999994
1783,1102.2000000000003
1784,1409.5000000000005
1785,1402.7999999999993
1786,1360.2000000000003
1787,1243.9999999999993
1788,1204.6
1789,1156.0000000000005
1790,1121.8999999999999
1791,1094.5
1792,1108.1999999999996
1793,1145.399999999999
1794,1145.399999999999
1795,1202.5
1796,1208.1999999999998
1797,1264.0000000000005
1798,1320.0999999999995
1799,1347.1000000000004
1800,1374.2000000000005
1801,1105.6000000000001
1802,1085.0000000000007
1803,1064.1000000000001
1804,996.0000000000001
1805,1051.0000000000005
1806,973.8999999999995
1807,919.6000000000004
1808,1136.0999999999997
1809,1078.7000000000003
1810,1027.4999999999998
1811,991.7000000000004
1812,872.9999999999998
1813,795.0000000000002
1814,699.5999999999999
1815,685.1
1816,723.7999999999998
1817,702.6999999999999
1818,793.2000000000003
1819,822.9999999999999
1820,843.7999999999998
1821,841.4999999999997
1822,816.7999999999997
1823,812.0999999999996
1824,842.5999999999998
1825,504.8999999999997
1826,479.90000000000003
1827,530.8000000000002
1828,514.4999999999998
1829,488.6000000000001
1830,522.8999999999999
1831,490.1000000000002
1832,757.6999999999996
1833,735.4999999999998
1834,726.5999999999998
1835,625.9999999999998
1836,542.5999999999998
1837,485.9000000000001
1838,405.90000000000003
1839,333.7
1840,340.7
1841,373.79999999999984
1842,464.40000000000015
1843,533.0000000000001
1844,593.8000000000002
1845,622.0999999999997
1846,640.1000000000004
1847,659.4
1848,767.6000000000001
1849,456.1000000000003
1850,481.20000000000005
1851,533.6000000000001
1852,558.4000000000001
1853,550.9
1854,584.1000000000003
1855,620.8999999999996
1856,933.4000000000003
1857,859.2000000000006
1858,749.5999999999998
1859,671.3000000000004
1860,624.4999999999998
1861,592.7
1862,542.4999999999998
1863,568.9
1864,609.7
1865,659.4
1866,728.7999999999996
1867,874.1999999999997
1868,970.2999999999997
1869,1008.1999999999999
1870,1103.3000000000002
1871,1194.7000000000003
1872,1258.9000000000008
1873,974.2999999999996
1874,998.1000000000001
1875,1022.5
1876,1015.8999999999996
1877,986.8000000000002
1878,987.2000000000003
1879,983.9000000000001
1880,1258.4000000000008
1881,1219.4000000000008
1882,1117.9999999999998
1883,1027.3999999999999
1884,948.3
1885,907.7
1886,817.1999999999997
1887,826.1999999999999
1888,807.9000000000001
1889,846.0999999999998
1890,882.0999999999996
1891,968.3999999999997
1892,1014.8999999999996
1893,1009.0
1894,1029.1999999999996
1895,1084.3000000000006
1896,1124.3999999999999
1897,804.4000000000003
1898,810.4999999999999
1899,883.8999999999996
1900,901.5000000000002
1901,906.9000000000001
1902,867.6999999999998
1903,855.1000000000003
1904,1222.2000000000007
1905,1119.9999999999998
1906,1011.0999999999999
1907,888.5000000000001
1908,775.9000000000003
1909,692.2000000000004
1910,625.7999999999997
1911,643.1000000000003
1912,675.7000000000003
1913,690.5000000000002
1914,765.7
1915,838.9999999999997
1916,872.2999999999997
1917,917.7000000000002
1918,921.1000000000004
1919,955.9999999999998
1920,1031.8999999999994
1921,745.0999999999999
1922,820.4999999999999
1923,933.1000000000004
1924,980.0999999999999
1925,1022.9999999999999
1926,1061.5000000000002
1927,1059.9
1928,1343.9999999999993
1929,1347.7000000000003
1930,1316.7999999999993
1931,1233.4999999999995
1932,1160.4000000000008
1933,1130.7999999999995
1934,1136.8999999999996
1935,1138.3999999999996
1936,1139.0999999999995
1937,1183.4999999999998
1938,1303.5
1939,1397.1999999999996
1940,1446.4999999999993
1941,1530.5
1942,1552.900000000001
1943,1618.3
1944,1696.3000000000002
1945,1417.7000000000005
1946,1434.3999999999996
1947,1440.3999999999992
1948,1453.9000000000003
1949,1432.4999999999995
1950,1417.3000000000006
1951,1439.2999999999993
1952,1696.6000000000001
1953,1574.5999999999997
1954,1436.7999999999993
1955,1274.2999999999997
1956,1143.2999999999995
1957,1006.5999999999998
1958,990.4000000000002
1959,971.0999999999997
1960,984.2
1961,1037.7999999999997
1962,1180.7999999999995
1963,1292.4
1964,1389.1
1965,1396.9999999999998
1966,1401.5999999999995
1967,1443.4999999999995
1968,1470.500000000001
1969,1151.4999999999998
1970,1225.9000000000008
1971,1306.5999999999995
1972,1307.0999999999995
1973,1333.4999999999995
1974,1330.5999999999997
1975,1341.3999999999992
1976,1657.6999999999998
1977,1587.9000000000005
1978,1504.399999999999
1979,1383.4000000000003
1980,1286.1
1981,1220.8000000000009
1982,1197.0000000000007
1983,1150.3999999999996
1984,1196.1000000000006
1985,1262.3000000000006
1986,1396.3999999999996
1987,1495.4999999999995
1988,1555.8000000000002
1989,1606.8000000000002
1990,1660.9999999999995
1991,1780.0000000000005
1992,1798.8999999999994
1993,1512.199999999999
1994,1501.799999999999
1995,1485.5000000000002
1996,1523.1999999999998
1997,1496.5999999999992
1998,1498.7999999999997
1999,1501.299999999999
2000,1745.0999999999992
2001,1702.7000000000007
2002,1588.1000000000006
2003,1425.7
2004,1303.1999999999998
2005,1203.8999999999999
2006,1088.1000000000008
2007,1052.6000000000001
2008,1006.3999999999999
2009,979.0
2010,1079.5000000000002
2011,1117.7999999999997
2012,1094.4
2013,1124.1
2014,1131.9999999999995
2015,1167.0000000000002
2016,1210.2
2017,933.1000000000004
2018,939.7000000000003
2019,904.9000000000002
2020,896.2000000000003
2021,928.4000000000005
2022,946.0
2023,886.0999999999999
2024,1153.8000000000002
2025,1068.0000000000002
2026,1028.7999999999997
2027,986.1
2028,917.6000000000001
2029,899.7000000000004
2030,883.0999999999997
2031,879.0999999999992
2032,840.3999999999996
2033,846.8999999999997
2034,859.0000000000006
2035,898.9000000000004
2036,861.3000000000005
2037,916.4000000000001
2038,977.8999999999999
2039,974.1999999999996
2040,1046.4000000000003
2041,718.6999999999998
2042,743.0999999999999
2043,731.6999999999999
2044,774.6000000000003
2045,782.0000000000006
2046,827.5
2047,856.1000000000001
2048,1135.5999999999997
2049,1051.3000000000002
2050,991.2000000000003
2051,939.0000000000003
2052,875.3999999999996
2053,761.3999999999996
2054,737.6999999999998
2055,695.7000000000002
2056,625.2999999999997
2057,657.4999999999998
2058,702.1999999999999
2059,765.8000000000001
2060,825.8
2061,851.4
2062,941.4000000000003
2063,955.7999999999998
2064,1004.2000000000003
2065,707.1999999999997
2066,717.2999999999998
2067,662.2000000000002
2068,657.9999999999999
2069,643.8000000000002
2070,646.4000000000002
2071,625.2999999999997
2072,980.4
2073,874.1999999999997
2074,779.8000000000005
2075,662.0000000000001
2076,586.4000000000004
2077,538.5999999999999
2078,508.8999999999997
2079,496.00000000000006
2080,565.8999999999999
2081,643.8000000000002
2082,743.0999999999999
2083,844.8999999999997
2084,926.6000000000005
2085,998.2000000000002
2086,1088.8000000000006
2087,1163.3000000000002
2088,1173.1000000000004
2089,911.0
2090,892.4000000000003
2091,907.8000000000001
2092,921.8000000000004
2093,905.4000000000002
2094,923.8000000000006
2095,937.7000000000004
2096,1173.3000000000002
2097,1058.4
2098,946.0
2099,800.2000000000004
2100,674.3000000000003
2101,552.9000000000001
2102,475.10000000000014
2103,448.1000000000002
2104,447.3000000000001
2105,522.5999999999998
2106,622.7999999999997
2107,711.0999999999998
2108,770.3000000000001
2109,807.5
2110,855.9000000000001
2111,896.2000000000003
2112,940.0000000000003
2113,710.2999999999998
2114,787.8000000000003
2115,762.0999999999998
2116,782.7000000000007
2117,789.0
2118,725.6999999999997
2119,705.4999999999995
2120,994.4
2121,942.9
2122,952.4999999999999
2123,889.4000000000002
2124,712.8
2125,612.5000000000001
2126,561.9
2127,475.3000000000001
2128,452.8000000000001
2129,487.90000000000003
2130,562.3
2131,681.1000000000004
2132,725.8999999999997
2133,742.3999999999999
2134,748.1999999999997
2135,836.6999999999999
2136,877.0999999999995
2137,609.0
2138,599.8
2139,626.7999999999998
2140,664.3000000000002
2141,669.3000000000003
2142,716.3999999999999
2143,660.5999999999999
2144,956.8999999999999
2145,917.9000000000002
2146,821.9999999999998
2147,666.7
2148,563.6
2149,415.9999999999998
2150,354.8999999999999
2151,265.79999999999995
2152,308.1
2153,360.09999999999985
2154,423.5000000000001
2155,527.3000000000002
2156,595.4000000000001
2157,634.6000000000001
2158,718.2999999999998
2159,746.1999999999996
2160,769.9
2161,287.7000000000002
2162,272.9000000000001
2163,304.39999999999986
2164,303.9999999999999
2165,298.0999999999999
2166,294.40000000000003
2167,297.4
2168,455.4000000000003
2169,429.90000000000015
2170,404.99999999999994
2171,355.1999999999999
2172,340.10000000000014
2173,348.9
2174,361.4
2175,380.99999999999994
2176,395.0999999999999
2177,406.5999999999999
2178,431.3000000000003
2179,453.2000000000004
2180,467.3000000000001
2181,492.7999999999998
2182,515.0999999999999
2183,520.1999999999999
2184,537.7000000000003
2185,362.49999999999994
2186,377.79999999999967
2187,385.79999999999995
2188,377.79999999999967
2189,405.8999999999999
2190,389.0
2191,381.2
2192,519.8
2193,486.69999999999993
2194,440.1000000000002
2195,408.9
2196,369.9
2197,357.39999999999986
2198,348.29999999999995
2199,334.10000000000014
2200,314.19999999999993
2201,314.7
2202,330.1000000000002
2203,366.69999999999993
2204,404.2
2205,433.8000000000002
2206,422.8
2207,411.5
2208,429.1000000000002
2209,270.1000000000001
2210,287.6000000000002
2211,275.1
2212,269.00000000000006
2213,240.6
2214,223.50000000000009
2215,218.00000000000006
2216,339.1000000000002
2217,283.00000000000017
2218,252.49999999999994
2219,204.29999999999993
2220,161.30000000000004
2221,136.20000000000002
2222,97.2
2223,68.49999999999996
2224,45.50000000000007
2225,35.60000000000003
2226,70.59999999999997
2227,87.2
2228,123.8
2229,147.60000000000002
2230,145.80000000000004
2231,165.90000000000006
2232,177.59999999999997
2233,0.0
2234,0.0
2235,0.0
2236,0.0
2237,0.0
2238,0.0
2239,0.0
2240,0.0
2241,0.0
2242,0.0
2243,0.0
2244,0.0
2245,0.0
2246,0.0
2247,0.0
2248,0.0
2249,0.0
2250,0.0
2251,0.0
2252,0.0
2253,0.0
2254,0.0
2255,0.0
2256,0.0
2257,98.49999999999999
2258,119.30000000000004
2259,128.0999999999999
2260,155.79999999999998
2261,145.90000000000003
2262,141.20000000000007
2263,114.50000000000003
2264,262.1
2265,232.70000000000013
2266,201.49999999999994
2267,158.2
2268,94.0
2269,59.09999999999997
2270,29.900000000000045
2271,17.499999999999982
2272,14.399999999999968
2273,17.899999999999988
2274,42.100000000000044
2275,71.69999999999996
2276,113.90000000000003
2277,146.8
2278,173.79999999999998
2279,214.49999999999994
2280,253.69999999999993
2281,103.99999999999996
2282,115.50000000000003
2283,121.40000000000005
2284,140.5000000000001
2285,164.40000000000006
2286,188.29999999999998
2287,179.39999999999998
2288,301.70000000000005
2289,269.20000000000005
2290,199.10000000000002
2291,128.6999999999999
2292,75.2
2293,20.1
2294,0.0
2295,0.0
2296,0.0
2297,17.499999999999982
2298,57.799999999999976
2299,108.09999999999998
2300,146.40000000000003
2301,168.2000000000001
2302,237.70000000000007
2303,273.5000000000001
2304,301.70000000000005
2305,164.60000000000008
2306,211.49999999999997
2307,224.50000000000006
2308,247.49999999999983
2309,274.1000000000001
2310,279.4000000000002
2311,303.9999999999999
2312,443.5000000000003
2313,426.40000000000015
2314,382.80000000000007
2315,344.70000000000005
2316,320.3
2317,296.70000000000005
2318,274.90000000000003
2319,251.3999999999999
2320,244.69999999999987
2321,280.30000000000024
2322,305.4
2323,365.2
2324,403.2999999999999
2325,445.4000000000004
2326,467.10000000000014
2327,489.69999999999993
2328,497.3999999999998
2329,366.0
2330,364.09999999999997
2331,399.99999999999994
2332,430.0000000000001
2333,413.1
2334,398.8
2335,376.99999999999966
2336,499.0999999999998
2337,463.4000000000001
2338,382.4
2339,335.7000000000001
2340,298.5999999999999
2341,260.00000000000006
2342,238.40000000000006
2343,211.49999999999997
2344,202.2999999999999
2345,200.79999999999998
2346,233.0000000000001
2347,271.0000000000001
2348,303.6999999999999
2349,305.19999999999993
2350,291.80000000000007
2351,287.7000000000002
2352,296.6
2353,123.89999999999999
2354,134.8
2355,166.40000000000006
2356,177.39999999999995
2357,191.9999999999999
2358,184.9
2359,191.8999999999999
2360,333.0000000000001
2361,290.90000000000003
2362,210.7
2363,144.20000000000005
2364,102.19999999999996
2365,87.7
2366,58.299999999999976
2367,35.70000000000003
2368,13.79999999999997
2369,27.20000000000004
2370,64.99999999999997
2371,121.20000000000006
2372,188.39999999999998
2373,270.9000000000001
2374,297.79999999999995
2375,331.3000000000001
2376,368.09999999999997
2377,222.20000000000005
2378,269.00000000000006
2379,253.69999999999993
2380,268.0
2381,237.4000000000001
2382,233.40000000000012
2383,213.59999999999997
2384,345.40000000000003
2385,275.30000000000007
2386,220.10000000000005
2387,151.70000000000002
2388,116.70000000000003
2389,97.49999999999999
2390,86.3
2391,40.400000000000055
2392,21.200000000000014
2393,19.199999999999996
2394,37.10000000000004
2395,93.10000000000001
2396,157.0
2397,183.4
2398,239.4
2399,265.69999999999993
2400,287.00000000000017
2401,147.10000000000002
2402,154.5
2403,150.80000000000004
2404,156.1
2405,195.69999999999993
2406,198.20000000000002
2407,206.8
2408,350.7
2409,316.7
2410,278.7000000000002
2411,234.2000000000001
2412,207.0
2413,173.79999999999998
2414,140.6000000000001
2415,122.50000000000003
2416,113.90000000000003
2417,139.90000000000006
2418,177.99999999999997
2419,205.5
2420,245.69999999999987
2421,285.50000000000017
2422,343.7
2423,364.79999999999995
2424,398.3
2425,262.8
2426,279.4000000000002
2427,281.0000000000003
2428,275.0
2429,279.4000000000002
2430,277.6000000000002
2431,259.40000000000003
2432,371.8999999999998
2433,305.69999999999993
2434,226.00000000000006
2435,162.80000000000007
2436,109.2
2437,66.29999999999995
2438,23.70000000000003
2439,15.399999999999965
2440,7.499999999999992
2441,20.1
2442,33.500000000000036
2443,37.30000000000005
2444,86.10000000000001
2445,124.59999999999995
2446,137.60000000000005
2447,177.69999999999996
2448,218.10000000000002
2449,64.99999999999997
2450,70.79999999999995
2451,50.30000000000006
2452,66.89999999999998
2453,64.69999999999997
2454,83.60000000000001
2455,113.50000000000001
2456,257.70000000000005
2457,216.90000000000006
2458,167.50000000000006
2459,105.29999999999994
2460,44.70000000000008
2461,52.00000000000004
2462,29.400000000000045
2463,34.10000000000003
2464,36.60000000000003
2465,68.49999999999996
2466,72.49999999999996
2467,144.80000000000004
2468,186.80000000000004
2469,228.60000000000014
2470,247.09999999999985
2471,278.7000000000002
2472,317.7
2473,187.6
2474,233.0000000000001
2475,235.70000000000007
2476,230.6000000000001
2477,245.19999999999987
2478,262.7
2479,278.7000000000002
2480,427.50000000000017
2481,386.7999999999999
2482,329.9000000000002
2483,252.39999999999992
2484,193.99999999999986
2485,157.7
2486,138.40000000000003
2487,122.10000000000004
2488,113.30000000000001
2489,143.20000000000007
2490,216.00000000000003
2491,269.3
2492,302.89999999999986
2493,379.5999999999998
2494,428.5000000000002
2495,467.7000000000001
2496,505.7999999999999
2497,367.3999999999999
2498,405.69999999999993
2499,460.80000000000024
2500,493.7999999999997
2501,520.4999999999999
2502,513.9999999999999
2503,516.0999999999999
2504,648.5000000000003
2505,605.4999999999999
2506,550.2000000000002
2507,477.19999999999976
2508,436.70000000000005
2509,397.09999999999997
2510,368.4
2511,355.79999999999984
2512,347.6000000000001
2513,357.59999999999985
2514,407.69999999999993
2515,468.40000000000003
2516,517.2999999999998
2517,558.7000000000004
2518,603.6000000000001
2519,640.6
2520,665.1000000000003
2521,543.3
2522,558.2000000000004
2523,576.8999999999999
2524,604.8000000000001
2525,640.4
2526,658.8000000000002
2527,645.3000000000002
2528,775.6999999999998
2529,729.4999999999997
2530,649.4000000000002
2531,586.5
2532,540.4
2533,494.6999999999997
2534,492.4999999999998
2535,482.09999999999985
2536,476.59999999999985
2537,492.69999999999976
2538,526.1999999999999
2539,571.5000000000002
2540,654.5000000000001
2541,689.9000000000002
2542,729.7999999999995
2543,771.1999999999999
2544,773.6999999999996
2545,634.3999999999999
2546,662.3000000000003
2547,666.3000000000004
2548,687.2000000000002
2549,687.3000000000001
2550,702.3000000000001
2551,677.4000000000002
2552,807.0999999999998
2553,775.0999999999997
2554,684.6
2555,623.5999999999995
2556,558.3000000000004
2557,491.09999999999985
2558,448.1000000000005
2559,411.6
2560,413.9000000000001
2561,453.3000000000004
2562,497.79999999999984
2563,556.0000000000003
2564,606.9000000000001
2565,649.5000000000002
2566,690.8000000000002
2567,751.4999999999998
2568,788.9999999999999
2569,659.0000000000002
2570,669.1000000000005
2571,674.5000000000002
2572,659.7000000000004
2573,627.6999999999998
2574,622.5999999999995
2575,610.2999999999998
2576,737.0999999999998
2577,708.2
2578,641.0000000000001
2579,543.6999999999999
2580,461.0000000000003
2581,392.4999999999999
2582,361.2
2583,327.6000000000002
2584,303.29999999999984
2585,302.0
2586,343.7
2587,380.0999999999998
2588,397.19999999999993
2589,440.00000000000017
2590,435.8000000000002
2591,432.5000000000002
2592,456.1000000000003
2593,312.2
2594,297.3
2595,319.30000000000007
2596,305.4
2597,312.2
2598,349.3
2599,342.00000000000006
2600,496.9999999999998
2601,453.2000000000004
2602,382.80000000000007
2603,314.19999999999993
2604,275.0
2605,221.90000000000006
2606,206.8
2607,194.59999999999988
2608,195.39999999999995
2609,209.39999999999995
2610,248.89999999999984
2611,303.1999999999999
2612,357.6999999999999
2613,385.99999999999994
2614,430.4000000000002
2615,460.7000000000003
2616,495.59999999999985
2617,377.1999999999997
2618,364.2
2619,356.59999999999985
2620,354.59999999999985
2621,373.3999999999997
2622,385.69999999999993
2623,380.39999999999986
2624,506.5999999999999
2625,492.89999999999975
2626,464.6000000000001
2627,421.70000000000005
2628,391.20000000000005
2629,411.20000000000005
2630,419.09999999999997
2631,409.29999999999995
2632,410.0999999999999
2633,407.4999999999999
2634,458.6000000000003
2635,487.5
2636,509.69999999999993
2637,535.1000000000003
2638,558.9000000000003
2639,591.6999999999998
2640,620.1999999999995
2641,465.49999999999994
2642,494.89999999999975
2643,514.5999999999999
2644,498.19999999999976
2645,485.7
2646,517.7999999999998
2647,508.1999999999999
2648,672.8000000000004
2649,610.2999999999998
2650,557.8000000000005
2651,507.39999999999986
2652,487.99999999999994
2653,464.8
2654,453.2000000000004
2655,475.89999999999986
2656,468.5
2657,474.4999999999998
2658,492.9999999999997
2659,513.9999999999999
2660,530.5000000000001
2661,543.8
2662,582.3999999999999
2663,640.0
2664,662.1000000000004
2665,515.5999999999999
2666,516.0999999999999
2667,530.6000000000001
2668,528.9
2669,524.7999999999998
2670,540.9
2671,560.2000000000003
2672,709.3
2673,685.8000000000001
2674,649.4000000000002
2675,615.8999999999999
2676,599.9
2677,612.8
2678,623.1999999999995
2679,613.4
2680,602.9000000000001
2681,591.4999999999998
2682,623.6999999999995
2683,661.3000000000003
2684,709.6
2685,720.3
2686,721.6999999999999
2687,748.3999999999997
2688,784.5000000000001
2689,641.9000000000002
2690,688.4000000000002
2691,702.1000000000001
2692,700.4
2693,690.0000000000002
2694,680.0000000000002
2695,658.8000000000002
2696,805.8999999999997
2697,751.1999999999998
2698,678.4000000000002
2699,601.6
2700,565.9000000000001
2701,532.6000000000001
2702,506.4
2703,481.8999999999998
2704,486.0
2705,485.2
2706,504.1999999999998
2707,539.2000000000002
2708,556.1000000000004
2709,624.6999999999997
2710,648.4000000000003
2711,644.2
2712,678.6000000000003
2713,531.0000000000001
2714,532.6000000000001
2715,530.8000000000002
2716,541.8
2717,535.1000000000003
2718,532.1000000000001
2719,505.7999999999999
2720,670.4000000000004
2721,654.2000000000002
2722,625.4999999999997
2723,594.6999999999997
2724,543.6999999999999
2725,502.8999999999998
2726,491.1999999999998
2727,488.9
2728,485.29999999999995
2729,532.6000000000001
2730,571.5000000000002
2731,612.5
2732,646.4000000000004
2733,670.0000000000005
2734,706.5000000000001
2735,749.6999999999997
2736,780.5999999999998
2737,622.4999999999994
2738,619.0999999999996
2739,611.7999999999998
2740,617.1999999999999
2741,588.3999999999999
2742,595.9999999999999
2743,586.9
2744,728.7999999999997
2745,693.1000000000004
2746,657.3000000000002
2747,594.1999999999998
2748,533.8000000000002
2749,499.0999999999998
2750,477.2999999999998
2751,431.3000000000003
2752,433.8000000000002
2753,426.7000000000002
2754,459.80000000000024
2755,500.09999999999985
2756,522.0999999999999
2757,558.2000000000004
2758,584.9
2759,589.4999999999998
2760,612.9
2761,457.60000000000036
2762,461.30000000000024
2763,454.9000000000003
2764,460.80000000000024
2765,462.9000000000001
2766,445.30000000000035
2767,413.40000000000003
2768,585.3000000000001
2769,565.3000000000003
2770,529.1
2771,516.3999999999999
2772,478.2999999999997
2773,481.1999999999998
2774,457.2000000000004
2775,448.2000000000005
2776,423.00000000000006
2777,399.7
2778,375.0999999999998
2779,386.49999999999994
2780,394.1999999999999
2781,373.89999999999975
2782,373.3999999999997
2783,374.9999999999998
2784,350.99999999999994
2785,193.39999999999986
2786,232.10000000000008
2787,242.5999999999999
2788,253.29999999999993
2789,297.4
2790,296.80000000000007
2791,295.30000000000007
2792,469.89999999999986
2793,468.40000000000003
2794,438.10000000000014
2795,431.0000000000003
2796,440.5000000000002
2797,448.2000000000005
2798,415.8999999999999
2799,425.50000000000006
2800,440.40000000000026
2801,440.00000000000017
2802,462.9000000000001
2803,479.8999999999998
2804,517.2999999999998
2805,553.7000000000002
2806,574.1
2807,588.6999999999998
2808,593.9999999999998
2809,455.50000000000034
2810,466.0
2811,460.80000000000024
2812,460.80000000000024
2813,454.50000000000034
2814,442.4000000000002
2815,450.0000000000005
2816,595.5999999999998
2817,543.6
2818,466.20000000000005
2819,405.5999999999999
2820,370.8999999999999
2821,330.6000000000002
2822,287.8000000000002
2823,237.30000000000007
2824,251.19999999999987
2825,268.0
2826,324.20000000000016
2827,390.0
2828,468.40000000000003
2829,504.1999999999998
2830,538.2000000000002
2831,560.3000000000003
2832,583.5999999999999
2833,446.0000000000005
2834,452.6000000000003
2835,467.90000000000003
2836,460.2000000000003
2837,460.30000000000024
2838,448.7000000000005
2839,445.10000000000036
2840,585.0
2841,551.6000000000001
2842,496.89999999999975
2843,404.29999999999995
2844,341.7000000000001
2845,336.4000000000001
2846,308.30000000000007
2847,305.19999999999993
2848,285.1000000000002
2849,281.0000000000003
2850,285.8000000000002
2851,307.80000000000007
2852,337.2000000000001
2853,365.5
2854,363.59999999999985
2855,371.3999999999998
2856,387.4999999999999
2857,235.50000000000009
2858,247.99999999999983
2859,248.99999999999986
2860,272.30000000000007
2861,287.00000000000017
2862,334.10000000000014
2863,317.79999999999995
2864,494.4999999999998
2865,476.6999999999998
2866,422.90000000000003
2867,382.20000000000005
2868,340.5000000000001
2869,318.40000000000003
2870,298.2999999999999
2871,290.70000000000005
2872,264.3999999999999
2873,258.5
2874,251.3999999999999
2875,286.1000000000002
2876,314.29999999999995
2877,327.40000000000026
2878,333.10000000000014
2879,336.4000000000001
2880,355.39999999999986
2881,0.0
2882,0.0
2883,0.0
2884,0.0
2885,0.0
2886,0.0
2887,0.0
2888,0.0
2889,0.0
2890,0.0
2891,0.0
2892,0.0
2893,0.0
2894,0.0
2895,0.0
2896,0.0
2897,0.0
2898,0.0
2899,0.0
2900,0.0
2901,0.0
2902,0.0
2903,0.0
2904,0.0
2905,0.0
2906,0.0
2907,0.0
2908,0.0
2909,0.0
2910,0.0
2911,0.0
2912,0.0
2913,0.0
2914,0.0
2915,0.0
2916,0.0
2917,0.0
2918,0.0
2919,0.0
2920,0.0
2921,0.0
2922,0.0
2923,0.0
2924,0.0
2925,0.0
2926,0.0
2927,0.0
2928,0.0
2929,0.0
2930,0.0
2931,0.0
2932,0.0
2933,0.0
2934,0.0
2935,0.0
2936,0.0
2937,0.0
2938,0.0
2939,0.0
2940,0.0
2941,0.0
2942,0.0
2943,0.0
2944,0.0
2945,0.0
2946,0.0
2947,0.0
2948,0.0
2949,0.0
2950,0.0
2951,0.0
2952,0.0
2953,0.0
2954,0.0
2955,0.0
2956,0.0
2957,0.0
2958,0.0
2959,0.0
2960,0.0
2961,0.0
2962,0.0
2963,0.0
2964,0.0
2965,0.0
2966,0.0
2967,0.0
2968,0.0
2969,0.0
2970,0.0
2971,0.0
2972,0.0
2973,0.0
2974,0.0
2975,0.0
2976,0.0
2977,0.0
2978,0.0
2979,0.0
2980,0.0
2981,0.0
2982,0.0
2983,0.0
2984,0.0
2985,0.0
2986,0.0
2987,0.0
2988,0.0
2989,0.0
2990,0.0
2991,0.0
2992,0.0
2993,0.0
2994,0.0
2995,0.0
2996,0.0
2997,0.0
2998,0.0
2999,0.0
3000,0.0
3001,0.0
3002,0.0
3003,0.0
3004,0.0
3005,0.0
3006,0.0
3007,0.0
3008,0.0
3009,0.0
3010,0.0
3011,0.0
3012,0.0
3013,0.0
3014,0.0
3015,0.0
3016,0.0
3017,0.0
3018,0.0
3019,0.0
3020,0.0
3021,0.0
3022,0.0
3023,0.0
3024,0.0
3025,0.0
3026,0.0
3027,0.0
3028,0.0
3029,0.0
3030,0.0
3031,0.0
3032,0.0
3033,0.0
3034,0.0
3035,0.0
3036,0.0
3037,0.0
3038,0.0
3039,0.0
3040,0.0
3041,0.0
3042,0.0
3043,0.0
3044,0.0
3045,0.0
3046,0.0
3047,0.0
3048,0.0
3049,0.0
3050,0.0
3051,0.0
3052,0.0
3053,0.0
3054,0.0
3055,0.0
3056,0.0
3057,0.0
3058,0.0
3059,0.0
3060,0.0
3061,0.0
3062,0.0
3063,0.0
3064,0.0
3065,0.0
3066,0.0
3067,0.0
3068,0.0
3069,0.0
3070,0.0
3071,0.0
3072,0.0
3073,0.0
3074,0.0
3075,0.0
3076,0.0
3077,0.0
3078,0.0
3079,0.0
3080,0.0
3081,0.0
3082,0.0
3083,0.0
3084,0.0
3085,0.0
3086,0.0
3087,0.0
3088,0.0
3089,0.0
3090,0.0
3091,0.0
3092,0.0
3093,0.0
3094,0.0
3095,0.0
3096,0.0
3097,0.0
3098,0.0
3099,0.0
3100,0.0
3101,0.0
3102,0.0
3103,0.0
3104,0.0
3105,0.0
3106,0.0
3107,0.0
3108,0.0
3109,0.0
3110,0.0
3111,0.0
3112,0.0
3113,0.0
3114,0.0
3115,0.0
3116,0.0
3117,0.0
3118,0.0
3119,0.0
3120,0.0
3121,0.0
3122,0.0
3123,0.0
3124,0.0
3125,0.0
3126,0.0
3127,0.0
3128,0.0
3129,0.0
3130,0.0
3131,0.0
3132,0.0
3133,0.0
3134,0.0
3135,0.0
3136,0.0
3137,0.0
3138,0.0
3139,0.0
3140,0.0
3141,0.0
3142,0.0
3143,0.0
3144,0.0
3145,0.0
3146,0.0
3147,0.0
3148,0.0
3149,0.0
3150,0.0
3151,0.0
3152,0.0
3153,0.0
3154,0.0
3155,0.0
3156,0.0
3157,0.0
3158,0.0
3159,0.0
3160,0.0
3161,0.0
3162,0.0
3163,0.0
3164,0.0
3165,0.0
3166,0.0
3167,0.0
3168,0.0
3169,0.0
3170,0.0
3171,0.0
3172,0.0
3173,0.0
3174,0.0
3175,0.0
3176,0.0
3177,0.0
3178,0.0
3179,0.0
3180,0.0
3181,0.0
3182,0.0
3183,0.0
3184,0.0
3185,0.0
3186,0.0
3187,0.0
3188,0.0
3189,0.0
3190,0.0
3191,0.0
3192,0.0
3193,0.0
3194,0.0
3195,0.0
3196,0.0
3197,0.0
3198,0.0
3199,0.0
3200,0.0
3201,0.0
3202,0.0
3203,0.0
3204,0.0
3205,0.0
3206,0.0
3207,0.0
3208,0.0
3209,0.0
3210,0.0
3211,0.0
3212,0.0
3213,0.0
3214,0.0
3215,0.0
3216,0.0
3217,0.0
3218,0.0
3219,0.0
3220,0.0
3221,0.0
3222,0.0
3223,0.0
3224,0.0
3225,0.0
3226,0.0
3227,0.0
3228,0.0
3229,0.0
3230,0.0
3231,0.0
3232,0.0
3233,0.0
3234,0.0
3235,0.0
3236,0.0
3237,0.0
3238,0.0
3239,0.0
3240,0.0
3241,0.0
3242,0.0
3243,0.0
3244,0.0
3245,0.0
3246,0.0
3247,0.0
3248,0.0
3249,0.0
3250,0.0
3251,0.0
3252,0.0
3253,0.0
3254,0.0
3255,0.0
3256,0.0
3257,0.0
3258,0.0
3259,0.0
3260,0.0
3261,0.0
3262,0.0
3263,0.0
3264,0.0
3265,0.0
3266,0.0
3267,0.0
3268,0.0
3269,0.0
3270,0.0
3271,0.0
3272,0.0
3273,0.0
3274,0.0
3275,0.0
3276,0.0
3277,0.0
3278,0.0
3279,0.0
3280,0.0
3281,0.0
3282,0.0
3283,0.0
3284,0.0
3285,0.0
3286,0.0
3287,0.0
3288,0.0
3289,0.0
3290,0.0
3291,0.0
3292,0.0
3293,0.0
3294,0.0
3295,0.0
3296,0.0
3297,0.0
3298,0.0
3299,0.0
3300,0.0
3301,0.0
3302,0.0
3303,0.0
3304,0.0
3305,0.0
3306,0.0
3307,0.0
3308,0.0
3309,0.0
3310,0.0
3311,0.0
3312,0.0
3313,0.0
3314,0.0
3315,0.0
3316,0.0
3317,0.0
3318,0.0
3319,0.0
3320,0.0
3321,0.0
3322,0.0
3323,0.0
3324,0.0
3325,0.0
3326,0.0
3327,0.0
3328,0.0
3329,0.0
3330,0.0
3331,0.0
3332,0.0
3333,0.0
3334,0.0
3335,0.0
3336,0.0
3337,0.0
3338,0.0
3339,0.0
3340,0.0
3341,0.0
3342,0.0
3343,0.0
3344,0.0
3345,0.0
3346,0.0
3347,0.0
3348,0.0
3349,0.0
3350,0.0
3351,0.0
3352,0.0
3353,0.0
3354,0.0
3355,0.0
3356,0.0
3357,0.0
3358,0.0
3359,0.0
3360,0.0
3361,0.0
3362,0.0
3363,0.0
3364,0.0
3365,0.0
3366,0.0
3367,0.0
3368,0.0
3369,0.0
3370,0.0
3371,0.0
3372,0.0
3373,0.0
3374,0.0
3375,0.0
3376,0.0
3377,0.0
3378,0.0
3379,0.0
3380,0.0
3381,0.0
3382,0.0
3383,0.0
3384,0.0
3385,0.0
3386,0.0
3387,0.0
3388,0.0
3389,0.0
3390,0.0
3391,0.0
3392,0.0
3393,0.0
3394,0.0
3395,0.0
3396,0.0
3397,0.0
3398,0.0
3399,0.0
3400,0.0
3401,0.0
3402,0.0
3403,0.0
3404,0.0
3405,0.0
3406,0.0
3407,0.0
3408,0.0
3409,0.0
3410,0.0
3411,0.0
3412,0.0
3413,0.0
3414,0.0
3415,0.0
3416,0.0
3417,0.0
3418,0.0
3419,0.0
3420,0.0
3421,0.0
3422,0.0
3423,0.0
3424,0.0
3425,0.0
3426,0.0
3427,0.0
3428,0.0
3429,0.0
3430,0.0
3431,0.0
3432,0.0
3433,0.0
3434,0.0
3435,0.0
3436,0.0
3437,0.0
3438,0.0
3439,0.0
3440,0.0
3441,0.0
3442,0.0
3443,0.0
3444,0.0
3445,0.0
3446,0.0
3447,0.0
3448,0.0
3449,0.0
3450,0.0
3451,0.0
3452,0.0
3453,0.0
3454,0.0
3455,0.0
3456,0.0
3457,0.0
3458,0.0
3459,0.0
3460,0.0
3461,0.0
3462,0.0
3463,0.0
3464,0.0
3465,0.0
3466,0.0
3467,0.0
3468,0.0
3469,0.0
3470,0.0
3471,0.0
3472,0.0
3473,0.0
3474,0.0
3475,0.0
3476,0.0
3477,0.0
3478,0.0
3479,0.0
3480,0.0
3481,0.0
3482,0.0
3483,0.0
3484,0.0
3485,0.0
3486,0.0
3487,0.0
3488,0.0
3489,0.0
3490,0.0
3491,0.0
3492,0.0
3493,0.0
3494,0.0
3495,0.0
3496,0.0
3497,0.0
3498,0.0
3499,0.0
3500,0.0
3501,0.0
3502,0.0
3503,0.0
3504,0.0
3505,0.0
3506,0.0
3507,0.0
3508,0.0
3509,0.0
3510,0.0
3511,0.0
3512,0.0
3513,0.0
3514,0.0
3515,0.0
3516,0.0
3517,0.0
3518,0.0
3519,0.0
3520,0.0
3521,0.0
3522,0.0
3523,0.0
3524,0.0
3525,0.0
3526,0.0
3527,0.0
3528,0.0
3529,0.0
3530,0.0
3531,0.0
3532,0.0
3533,0.0
3534,0.0
3535,0.0
3536,0.0
3537,0.0
3538,0.0
3539,0.0
3540,0.0
3541,0.0
3542,0.0
3543,0.0
3544,0.0
3545,0.0
3546,0.0
3547,0.0
3548,0.0
3549,0.0
3550,0.0
3551,0.0
3552,0.0
3553,0.0
3554,0.0
3555,0.0
3556,0.0
3557,0.0
3558,0.0
3559,0.0
3560,0.0
3561,0.0
3562,0.0
3563,0.0
3564,0.0
3565,0.0
3566,0.0
3567,0.0
3568,0.0
3569,0.0
3570,0.0
3571,0.0
3572,0.0
3573,0.0
3574,0.0
3575,0.0
3576,0.0
3577,0.0
3578,0.0
3579,0.0
3580,0.0
3581,0.0
3582,0.0
3583,0.0
3584,0.0
3585,0.0
3586,0.0
3587,0.0
3588,0.0
3589,0.0
3590,0.0
3591,0.0
3592,0.0
3593,0.0
3594,0.0
3595,0.0
3596,0.0
3597,0.0
3598,0.0
3599,0.0
3600,0.0
3601,0.0
3602,0.0
3603,0.0
3604,0.0
3605,0.0
3606,0.0
3607,0.0
3608,0.0
3609,0.0
3610,0.0
3611,0.0
3612,0.0
3613,0.0
3614,0.0
3615,0.0
3616,0.0
3617,0.0
3618,0.0
3619,0.0
3620,0.0
3621,0.0
3622,0.0
3623,0.0
3624,0.0
3625,0.0
3626,0.0
3627,0.0
3628,0.0
3629,0.0
3630,0.0
3631,0.0
3632,0.0
3633,0.0
3634,0.0
3635,0.0
3636,0.0
3637,0.0
3638,0.0
3639,0.0
3640,0.0
3641,0.0
3642,0.0
3643,0.0
3644,0.0
3645,0.0
3646,0.0
3647,0.0
3648,0.0
3649,0.0
3650,0.0
3651,0.0
3652,0.0
3653,0.0
3654,0.0
3655,0.0
3656,0.0
3657,0.0
3658,0.0
3659,0.0
3660,0.0
3661,0.0
3662,0.0
3663,0.0
3664,0.0
3665,0.0
3666,0.0
3667,0.0
3668,0.0
3669,0.0
3670,0.0
3671,0.0
3672,0.0
3673,0.0
3674,0.0
3675,0.0
3676,0.0
3677,0.0
3678,0.0
3679,0.0
3680,0.0
3681,0.0
3682,0.0
3683,0.0
3684,0.0
3685,0.0
3686,0.0
3687,0.0
3688,0.0
3689,0.0
3690,0.0
3691,0.0
3692,0.0
3693,0.0
3694,0.0
3695,0.0
3696,0.0
3697,0.0
3698,0.0
3699,0.0
3700,0.0
3701,0.0
3702,0.0
3703,0.0
3704,0.0
3705,0.0
3706,0.0
3707,0.0
3708,0.0
3709,0.0
3710,0.0
3711,0.0
3712,0.0
3713,0.0
3714,0.0
3715,0.0
3716,0.0
3717,0.0
3718,0.0
3719,0.0
3720,0.0
3721,0.0
3722,0.0
3723,0.0
3724,0.0
3725,0.0
3726,0.0
3727,0.0
3728,0.0
3729,0.0
3730,0.0
3731,0.0
3732,0.0
3733,0.0
3734,0.0
3735,0.0
3736,0.0
3737,0.0
3738,0.0
3739,0.0
3740,0.0
3741,0.0
3742,0.0
3743,0.0
3744,0.0
3745,0.0
3746,0.0
3747,0.0
3748,0.0
3749,0.0
3750,0.0
3751,0.0
3752,0.0
3753,0.0
3754,0.0
3755,0.0
3756,0.0
3757,0.0
3758,0.0
3759,0.0
3760,0.0
3761,0.0
3762,0.0
3763,0.0
3764,0.0
3765,0.0
3766,0.0
3767,0.0
3768,0.0
3769,0.0
3770,0.0
3771,0.0
3772,0.0
3773,0.0
3774,0.0
3775,0.0
3776,0.0
3777,0.0
3778,0.0
3779,0.0
3780,0.0
3781,0.0
3782,0.0
3783,0.0
3784,0.0
3785,0.0
3786,0.0
3787,0.0
3788,0.0
3789,0.0
3790,0.0
3791,0.0
3792,0.0
3793,0.0
3794,0.0
3795,0.0
3796,0.0
3797,0.0
3798,0.0
3799,0.0
3800,0.0
3801,0.0
3802,0.0
3803,0.0
3804,0.0
3805,0.0
3806,0.0
3807,0.0
3808,0.0
3809,0.0
3810,0.0
3811,0.0
3812,0.0
3813,0.0
3814,0.0
3815,0.0
3816,0.0
3817,0.0
3818,0.0
3819,0.0
3820,0.0
3821,0.0
3822,0.0
3823,0.0
3824,0.0
3825,0.0
3826,0.0
3827,0.0
3828,0.0
3829,0.0
3830,0.0
3831,0.0
3832,0.0
3833,0.0
3834,0.0
3835,0.0
3836,0.0
3837,0.0
3838,0.0
3839,0.0
3840,0.0
3841,0.0
3842,0.0
3843,0.0
3844,0.0
3845,0.0
3846,0.0
3847,0.0
3848,0.0
3849,0.0
3850,0.0
3851,0.0
3852,0.0
3853,0.0
3854,0.0
3855,0.0
3856,0.0
3857,0.0
3858,0.0
3859,0.0
3860,0.0
3861,0.0
3862,0.0
3863,0.0
3864,0.0
3865,0.0
3866,0.0
3867,0.0
3868,0.0
3869,0.0
3870,0.0
3871,0.0
3872,0.0
3873,0.0
3874,0.0
3875,0.0
3876,0.0
3877,0.0
3878,0.0
3879,0.0
3880,0.0
3881,0.0
3882,0.0
3883,0.0
3884,0.0
3885,0.0
3886,0.0
3887,0.0
3888,0.0
3889,0.0
3890,0.0
3891,0.0
3892,0.0
3893,0.0
3894,0.0
3895,0.0
3896,0.0
3897,0.0
3898,0.0
3899,0.0
3900,0.0
3901,0.0
3902,0.0
3903,0.0
3904,0.0
3905,0.0
3906,0.0
3907,0.0
3908,0.0
3909,0.0
3910,0.0
3911,0.0
3912,0.0
3913,0.0
3914,0.0
3915,0.0
3916,0.0
3917,0.0
3918,0.0
3919,0.0
3920,0.0
3921,0.0
3922,0.0
3923,0.0
3924,0.0
3925,0.0
3926,0.0
3927,0.0
3928,0.0
3929,0.0
3930,0.0
3931,0.0
3932,0.0
3933,0.0
3934,0.0
3935,0.0
3936,0.0
3937,0.0
3938,0.0
3939,0.0
3940,0.0
3941,0.0
3942,0.0
3943,0.0
3944,0.0
3945,0.0
3946,0.0
3947,0.0
3948,0.0
3949,0.0
3950,0.0
3951,0.0
3952,0.0
3953,0.0
3954,0.0
3955,0.0
3956,0.0
3957,0.0
3958,0.0
3959,0.0
3960,0.0
3961,0.0
3962,0.0
3963,0.0
3964,0.0
3965,0.0
3966,0.0
3967,0.0
3968,0.0
3969,0.0
3970,0.0
3971,0.0
3972,0.0
3973,0.0
3974,0.0
3975,0.0
3976,0.0
3977,0.0
3978,0.0
3979,0.0
3980,0.0
3981,0.0
3982,0.0
3983,0.0
3984,0.0
3985,0.0
3986,0.0
3987,0.0
3988,0.0
3989,0.0
3990,0.0
3991,0.0
3992,0.0
3993,0.0
3994,0.0
3995,0.0
3996,0.0
3997,0.0
3998,0.0
3999,0.0
4000,0.0
4001,0.0
4002,0.0
4003,0.0
4004,0.0
4005,0.0
4006,0.0
4007,0.0
4008,0.0
4009,0.0
4010,0.0
4011,0.0
4012,0.0
4013,0.0
4014,0.0
4015,0.0
4016,0.0
4017,0.0
4018,0.0
4019,0.0
4020,0.0
4021,0.0
4022,0.0
4023,0.0
4024,0.0
4025,0.0
4026,0.0
4027,0.0
4028,0.0
4029,0.0
4030,0.0
4031,0.0
4032,0.0
4033,0.0
4034,0.0
4035,0.0
4036,0.0
4037,0.0
4038,0.0
4039,0.0
4040,0.0
4041,0.0
4042,0.0
4043,0.0
4044,0.0
4045,0.0
4046,0.0
4047,0.0
4048,0.0
4049,0.0
4050,0.0
4051,0.0
4052,0.0
4053,0.0
4054,0.0
4055,0.0
4056,0.0
4057,0.0
4058,0.0
4059,0.0
4060,0.0
4061,0.0
4062,0.0
4063,0.0
4064,0.0
4065,0.0
4066,0.0
4067,0.0
4068,0.0
4069,0.0
4070,0.0
4071,0.0
4072,0.0
4073,0.0
4074,0.0
4075,0.0
4076,0.0
4077,0.0
4078,0.0
4079,0.0
4080,0.0
4081,0.0
4082,0.0
4083,0.0
4084,0.0
4085,0.0
4086,0.0
4087,0.0
4088,0.0
4089,0.0
4090,0.0
4091,0.0
4092,0.0
4093,0.0
4094,0.0
4095,0.0
4096,0.0
4097,0.0
4098,0.0
4099,0.0
4100,0.0
4101,0.0
4102,0.0
4103,0.0
4104,0.0
4105,0.0
4106,0.0
4107,0.0
4108,0.0
4109,0.0
4110,0.0
4111,0.0
4112,0.0
4113,0.0
4114,0.0
4115,0.0
4116,0.0
4117,0.0
4118,0.0
4119,0.0
4120,0.0
4121,0.0
4122,0.0
4123,0.0
4124,0.0
4125,0.0
4126,0.0
4127,0.0
4128,0.0
4129,0.0
4130,0.0
4131,0.0
4132,0.0
4133,0.0
4134,0.0
4135,0.0
4136,0.0
4137,0.0
4138,0.0
4139,0.0
4140,0.0
4141,0.0
4142,0.0
4143,0.0
4144,0.0
4145,0.0
4146,0.0
4147,0.0
4148,0.0
4149,0.0
4150,0.0
4151,0.0
4152,0.0
4153,0.0
4154,0.0
4155,0.0
4156,0.0
4157,0.0
4158,0.0
4159,0.0
4160,0.0
4161,0.0
4162,0.0
4163,0.0
4164,0.0
4165,0.0
4166,0.0
4167,0.0
4168,0.0
4169,0.0
4170,0.0
4171,0.0
4172,0.0
4173,0.0
4174,0.0
4175,0.0
4176,0.0
4177,0.0
4178,0.0
4179,0.0
4180,0.0
4181,0.0
4182,0.0
4183,0.0
4184,0.0
4185,0.0
4186,0.0
4187,0.0
4188,0.0
4189,0.0
4190,0.0
4191,0.0
4192,0.0
4193,0.0
4194,0.0
4195,0.0
4196,0.0
4197,0.0
4198,0.0
4199,0.0
4200,0.0
4201,0.0
4202,0.0
4203,0.0
4204,0.0
4205,0.0
4206,0.0
4207,0.0
4208,0.0
4209,0.0
4210,0.0
4211,0.0
4212,0.0
4213,0.0
4214,0.0
4215,0.0
4216,0.0
4217,0.0
4218,0.0
4219,0.0
4220,0.0
4221,0.0
4222,0.0
4223,0.0
4224,0.0
4225,0.0
4226,0.0
4227,0.0
4228,0.0
4229,0.0
4230,0.0
4231,0.0
4232,0.0
4233,0.0
4234,0.0
4235,0.0
4236,0.0
4237,0.0
4238,0.0
4239,0.0
4240,0.0
4241,0.0
4242,0.0
4243,0.0
4244,0.0
4245,0.0
4246,0.0
4247,0.0
4248,0.0
4249,0.0
4250,0.0
4251,0.0
4252,0.0
4253,0.0
4254,0.0
4255,0.0
4256,0.0
4257,0.0
4258,0.0
4259,0.0
4260,0.0
4261,0.0
4262,0.0
4263,0.0
4264,0.0
4265,0.0
4266,0.0
4267,0.0
4268,0.0
4269,0.0
4270,0.0
4271,0.0
4272,0.0
4273,0.0
4274,0.0
4275,0.0
4276,0.0
4277,0.0
4278,0.0
4279,0.0
4280,0.0
4281,0.0
4282,0.0
4283,0.0
4284,0.0
4285,0.0
4286,0.0
4287,0.0
4288,0.0
4289,0.0
4290,0.0
4291,0.0
4292,0.0
4293,0.0
4294,0.0
4295,0.0
4296,0.0
4297,0.0
4298,0.0
4299,0.0
4300,0.0
4301,0.0
4302,0.0
4303,0.0
4304,0.0
4305,0.0
4306,0.0
4307,0.0
4308,0.0
4309,0.0
4310,0.0
4311,0.0
4312,0.0
4313,0.0
4314,0.0
4315,0.0
4316,0.0
4317,0.0
4318,0.0
4319,0.0
4320,0.0
4321,0.0
4322,0.0
4323,0.0
4324,0.0
4325,0.0
4326,0.0
4327,0.0
4328,0.0
4329,0.0
4330,0.0
4331,0.0
4332,0.0
4333,0.0
4334,0.0
4335,0.0
4336,0.0
4337,0.0
4338,0.0
4339,0.0
4340,0.0
4341,0.0
4342,0.0
4343,0.0
4344,0.0
4345,0.0
4346,0.0
4347,0.0
4348,0.0
4349,0.0
4350,0.0
4351,0.0
4352,0.0
4353,0.0
4354,0.0
4355,0.0
4356,0.0
4357,0.0
4358,0.0
4359,0.0
4360,0.0
4361,0.0
4362,0.0
4363,0.0
4364,0.0
4365,0.0
4366,0.0
4367,0.0
4368,0.0
4369,0.0
4370,0.0
4371,0.0
4372,0.0
4373,0.0
4374,0.0
4375,0.0
4376,0.0
4377,0.0
4378,0.0
4379,0.0
4380,0.0
4381,0.0
4382,0.0
4383,0.0
4384,0.0
4385,0.0
4386,0.0
4387,0.0
4388,0.0
4389,0.0
4390,0.0
4391,0.0
4392,0.0
4393,0.0
4394,0.0
4395,0.0
4396,0.0
4397,0.0
4398,0.0
4399,0.0
4400,0.0
4401,0.0
4402,0.0
4403,0.0
4404,0.0
4405,0.0
4406,0.0
4407,0.0
4408,0.0
4409,0.0
4410,0.0
4411,0.0
4412,0.0
4413,0.0
4414,0.0
4415,0.0
4416,0.0
4417,0.0
4418,0.0
4419,0.0
4420,0.0
4421,0.0
4422,0.0
4423,0.0
4424,0.0
4425,0.0
4426,0.0
4427,0.0
4428,0.0
4429,0.0
4430,0.0
4431,0.0
4432,0.0
4433,0.0
4434,0.0
4435,0.0
4436,0.0
4437,0.0
4438,0.0
4439,0.0
4440,0.0
4441,0.0
4442,0.0
4443,0.0
4444,0.0
4445,0.0
4446,0.0
4447,0.0
4448,0.0
4449,0.0
4450,0.0
4451,0.0
4452,0.0
4453,0.0
4454,0.0
4455,0.0
4456,0.0
4457,0.0
4458,0.0
4459,0.0
4460,0.0
4461,0.0
4462,0.0
4463,0.0
4464,0.0
4465,0.0
4466,0.0
4467,0.0
4468,0.0
4469,0.0
4470,0.0
4471,0.0
4472,0.0
4473,0.0
4474,0.0
4475,0.0
4476,0.0
4477,0.0
4478,0.0
4479,0.0
4480,0.0
4481,0.0
4482,0.0
4483,0.0
4484,0.0
4485,0.0
4486,0.0
4487,0.0
4488,0.0
4489,0.0
4490,0.0
4491,0.0
4492,0.0
4493,0.0
4494,0.0
4495,0.0
4496,0.0
4497,0.0
4498,0.0
4499,0.0
4500,0.0
4501,0.0
4502,0.0
4503,0.0
4504,0.0
4505,0.0
4506,0.0
4507,0.0
4508,0.0
4509,0.0
4510,0.0
4511,0.0
4512,0.0
4513,0.0
4514,0.0
4515,0.0
4516,0.0
4517,0.0
4518,0.0
4519,0.0
4520,0.0
4521,0.0
4522,0.0
4523,0.0
4524,0.0
4525,0.0
4526,0.0
4527,0.0
4528,0.0
4529,0.0
4530,0.0
4531,0.0
4532,0.0
4533,0.0
4534,0.0
4535,0.0
4536,0.0
4537,0.0
4538,0.0
4539,0.0
4540,0.0
4541,0.0
4542,0.0
4543,0.0
4544,0.0
4545,0.0
4546,0.0
4547,0.0
4548,0.0
4549,0.0
4550,0.0
4551,0.0
4552,0.0
4553,0.0
4554,0.0
4555,0.0
4556,0.0
4557,0.0
4558,0.0
4559,0.0
4560,0.0
4561,0.0
4562,0.0
4563,0.0
4564,0.0
4565,0.0
4566,0.0
4567,0.0
4568,0.0
4569,0.0
4570,0.0
4571,0.0
4572,0.0
4573,0.0
4574,0.0
4575,0.0
4576,0.0
4577,0.0
4578,0.0
4579,0.0
4580,0.0
4581,0.0
4582,0.0
4583,0.0
4584,0.0
4585,0.0
4586,0.0
4587,0.0
4588,0.0
4589,0.0
4590,0.0
4591,0.0
4592,0.0
4593,0.0
4594,0.0
4595,0.0
4596,0.0
4597,0.0
4598,0.0
4599,0.0
4600,0.0
4601,0.0
4602,0.0
4603,0.0
4604,0.0
4605,0.0
4606,0.0
4607,0.0
4608,0.0
4609,0.0
4610,0.0
4611,0.0
4612,0.0
4613,0.0
4614,0.0
4615,0.0
4616,0.0
4617,0.0
4618,0.0
4619,0.0
4620,0.0
4621,0.0
4622,0.0
4623,0.0
4624,0.0
4625,0.0
4626,0.0
4627,0.0
4628,0.0
4629,0.0
4630,0.0
4631,0.0
4632,0.0
4633,0.0
4634,0.0
4635,0.0
4636,0.0
4637,0.0
4638,0.0
4639,0.0
4640,0.0
4641,0.0
4642,0.0
4643,0.0
4644,0.0
4645,0.0
4646,0.0
4647,0.0
4648,0.0
4649,0.0
4650,0.0
4651,0.0
4652,0.0
4653,0.0
4654,0.0
4655,0.0
4656,0.0
4657,0.0
4658,0.0
4659,0.0
4660,0.0
4661,0.0
4662,0.0
4663,0.0
4664,0.0
4665,0.0
4666,0.0
4667,0.0
4668,0.0
4669,0.0
4670,0.0
4671,0.0
4672,0.0
4673,0.0
4674,0.0
4675,0.0
4676,0.0
4677,0.0
4678,0.0
4679,0.0
4680,0.0
4681,0.0
4682,0.0
4683,0.0
4684,0.0
4685,0.0
4686,0.0
4687,0.0
4688,0.0
4689,0.0
4690,0.0
4691,0.0
4692,0.0
4693,0.0
4694,0.0
4695,0.0
4696,0.0
4697,0.0
4698,0.0
4699,0.0
4700,0.0
4701,0.0
4702,0.0
4703,0.0
4704,0.0
4705,0.0
4706,0.0
4707,0.0
4708,0.0
4709,0.0
4710,0.0
4711,0.0
4712,0.0
4713,0.0
4714,0.0
4715,0.0
4716,0.0
4717,0.0
4718,0.0
4719,0.0
4720,0.0
4721,0.0
4722,0.0
4723,0.0
4724,0.0
4725,0.0
4726,0.0
4727,0.0
4728,0.0
4729,0.0
4730,0.0
4731,0.0
4732,0.0
4733,0.0
4734,0.0
4735,0.0
4736,0.0
4737,0.0
4738,0.0
4739,0.0
4740,0.0
4741,0.0
4742,0.0
4743,0.0
4744,0.0
4745,0.0
4746,0.0
4747,0.0
4748,0.0
4749,0.0
4750,0.0
4751,0.0
4752,0.0
4753,0.0
4754,0.0
4755,0.0
4756,0.0
4757,0.0
4758,0.0
4759,0.0
4760,0.0
4761,0.0
4762,0.0
4763,0.0
4764,0.0
4765,0.0
4766,0.0
4767,0.0
4768,0.0
4769,0.0
4770,0.0
4771,0.0
4772,0.0
4773,0.0
4774,0.0
4775,0.0
4776,0.0
4777,0.0
4778,0.0
4779,0.0
4780,0.0
4781,0.0
4782,0.0
4783,0.0
4784,0.0
4785,0.0
4786,0.0
4787,0.0
4788,0.0
4789,0.0
4790,0.0
4791,0.0
4792,0.0
4793,0.0
4794,0.0
4795,0.0
4796,0.0
4797,0.0
4798,0.0
4799,0.0
4800,0.0
4801,0.0
4802,0.0
4803,0.0
4804,0.0
4805,0.0
4806,0.0
4807,0.0
4808,0.0
4809,0.0
4810,0.0
4811,0.0
4812,0.0
4813,0.0
4814,0.0
4815,0.0
4816,0.0
4817,0.0
4818,0.0
4819,0.0
4820,0.0
4821,0.0
4822,0.0
4823,0.0
4824,0.0
4825,0.0
4826,0.0
4827,0.0
4828,0.0
4829,0.0
4830,0.0
4831,0.0
4832,0.0
4833,0.0
4834,0.0
4835,0.0
4836,0.0
4837,0.0
4838,0.0
4839,0.0
4840,0.0
4841,0.0
4842,0.0
4843,0.0
4844,0.0
4845,0.0
4846,0.0
4847,0.0
4848,0.0
4849,0.0
4850,0.0
4851,0.0
4852,0.0
4853,0.0
4854,0.0
4855,0.0
4856,0.0
4857,0.0
4858,0.0
4859,0.0
4860,0.0
4861,0.0
4862,0.0
4863,0.0
4864,0.0
4865,0.0
4866,0.0
4867,0.0
4868,0.0
4869,0.0
4870,0.0
4871,0.0
4872,0.0
4873,0.0
4874,0.0
4875,0.0
4876,0.0
4877,0.0
4878,0.0
4879,0.0
4880,0.0
4881,0.0
4882,0.0
4883,0.0
4884,0.0
4885,0.0
4886,0.0
4887,0.0
4888,0.0
4889,0.0
4890,0.0
4891,0.0
4892,0.0
4893,0.0
4894,0.0
4895,0.0
4896,0.0
4897,0.0
4898,0.0
4899,0.0
4900,0.0
4901,0.0
4902,0.0
4903,0.0
4904,0.0
4905,0.0
4906,0.0
4907,0.0
4908,0.0
4909,0.0
4910,0.0
4911,0.0
4912,0.0
4913,0.0
4914,0.0
4915,0.0
4916,0.0
4917,0.0
4918,0.0
4919,0.0
4920,0.0
4921,0.0
4922,0.0
4923,0.0
4924,0.0
4925,0.0
4926,0.0
4927,0.0
4928,0.0
4929,0.0
4930,0.0
4931,0.0
4932,0.0
4933,0.0
4934,0.0
4935,0.0
4936,0.0
4937,0.0
4938,0.0
4939,0.0
4940,0.0
4941,0.0
4942,0.0
4943,0.0
4944,0.0
4945,0.0
4946,0.0
4947,0.0
4948,0.0
4949,0.0
4950,0.0
4951,0.0
4952,0.0
4953,0.0
4954,0.0
4955,0.0
4956,0.0
4957,0.0
4958,0.0
4959,0.0
4960,0.0
4961,0.0
4962,0.0
4963,0.0
4964,0.0
4965,0.0
4966,0.0
4967,0.0
4968,0.0
4969,0.0
4970,0.0
4971,0.0
4972,0.0
4973,0.0
4974,0.0
4975,0.0
4976,0.0
4977,0.0
4978,0.0
4979,0.0
4980,0.0
4981,0.0
4982,0.0
4983,0.0
4984,0.0
4985,0.0
4986,0.0
4987,0.0
4988,0.0
4989,0.0
4990,0.0
4991,0.0
4992,0.0
4993,0.0
4994,0.0
4995,0.0
4996,0.0
4997,0.0
4998,0.0
4999,0.0
5000,0.0
5001,0.0
5002,0.0
5003,0.0
5004,0.0
5005,0.0
5006,0.0
5007,0.0
5008,0.0
5009,0.0
5010,0.0
5011,0.0
5012,0.0
5013,0.0
5014,0.0
5015,0.0
5016,0.0
5017,0.0
5018,0.0
5019,0.0
5020,0.0
5021,0.0
5022,0.0
5023,0.0
5024,0.0
5025,0.0
5026,0.0
5027,0.0
5028,0.0
5029,0.0
5030,0.0
5031,0.0
5032,0.0
5033,0.0
5034,0.0
5035,0.0
5036,0.0
5037,0.0
5038,0.0
5039,0.0
5040,0.0
5041,0.0
5042,0.0
5043,0.0
5044,0.0
5045,0.0
5046,0.0
5047,0.0
5048,0.0
5049,0.0
5050,0.0
5051,0.0
5052,0.0
5053,0.0
5054,0.0
5055,0.0
5056,0.0
5057,0.0
5058,0.0
5059,0.0
5060,0.0
5061,0.0
5062,0.0
5063,0.0
5064,0.0
5065,0.0
5066,0.0
5067,0.0
5068,0.0
5069,0.0
5070,0.0
5071,0.0
5072,0.0
5073,0.0
5074,0.0
5075,0.0
5076,0.0
5077,0.0
5078,0.0
5079,0.0
5080,0.0
5081,0.0
5082,0.0
5083,0.0
5084,0.0
5085,0.0
5086,0.0
5087,0.0
5088,0.0
5089,0.0
5090,0.0
5091,0.0
5092,0.0
5093,0.0
5094,0.0
5095,0.0
5096,0.0
5097,0.0
5098,0.0
5099,0.0
5100,0.0
5101,0.0
5102,0.0
5103,0.0
5104,0.0
5105,0.0
5106,0.0
5107,0.0
5108,0.0
5109,0.0
5110,0.0
5111,0.0
5112,0.0
5113,0.0
5114,0.0
5115,0.0
5116,0.0
5117,0.0
5118,0.0
5119,0.0
5120,0.0
5121,0.0
5122,0.0
5123,0.0
5124,0.0
5125,0.0
5126,0.0
5127,0.0
5128,0.0
5129,0.0
5130,0.0
5131,0.0
5132,0.0
5133,0.0
5134,0.0
5135,0.0
5136,0.0
5137,0.0
5138,0.0
5139,0.0
5140,0.0
5141,0.0
5142,0.0
5143,0.0
5144,0.0
5145,0.0
5146,0.0
5147,0.0
5148,0.0
5149,0.0
5150,0.0
5151,0.0
5152,0.0
5153,0.0
5154,0.0
5155,0.0
5156,0.0
5157,0.0
5158,0.0
5159,0.0
5160,0.0
5161,0.0
5162,0.0
5163,0.0
5164,0.0
5165,0.0
5166,0.0
5167,0.0
5168,0.0
5169,0.0
5170,0.0
5171,0.0
5172,0.0
5173,0.0
5174,0.0
5175,0.0
5176,0.0
5177,0.0
5178,0.0
5179,0.0
5180,0.0
5181,0.0
5182,0.0
5183,0.0
5184,0.0
5185,0.0
5186,0.0
5187,0.0
5188,0.0
5189,0.0
5190,0.0
5191,0.0
5192,0.0
5193,0.0
5194,0.0
5195,0.0
5196,0.0
5197,0.0
5198,0.0
5199,0.0
5200,0.0
5201,0.0
5202,0.0
5203,0.0
5204,0.0
5205,0.0
5206,0.0
5207,0.0
5208,0.0
5209,0.0
5210,0.0
5211,0.0
5212,0.0
5213,0.0
5214,0.0
5215,0.0
5216,0.0
5217,0.0
5218,0.0
5219,0.0
5220,0.0
5221,0.0
5222,0.0
5223,0.0
5224,0.0
5225,0.0
5226,0.0
5227,0.0
5228,0.0
5229,0.0
5230,0.0
5231,0.0
5232,0.0
5233,0.0
5234,0.0
5235,0.0
5236,0.0
5237,0.0
5238,0.0
5239,0.0
5240,0.0
5241,0.0
5242,0.0
5243,0.0
5244,0.0
5245,0.0
5246,0.0
5247,0.0
5248,0.0
5249,0.0
5250,0.0
5251,0.0
5252,0.0
5253,0.0
5254,0.0
5255,0.0
5256,0.0
5257,0.0
5258,0.0
5259,0.0
5260,0.0
5261,0.0
5262,0.0
5263,0.0
5264,0.0
5265,0.0
5266,0.0
5267,0.0
5268,0.0
5269,0.0
5270,0.0
5271,0.0
5272,0.0
5273,0.0
5274,0.0
5275,0.0
5276,0.0
5277,0.0
5278,0.0
5279,0.0
5280,0.0
5281,0.0
5282,0.0
5283,0.0
5284,0.0
5285,0.0
5286,0.0
5287,0.0
5288,0.0
5289,0.0
5290,0.0
5291,0.0
5292,0.0
5293,0.0
5294,0.0
5295,0.0
5296,0.0
5297,0.0
5298,0.0
5299,0.0
5300,0.0
5301,0.0
5302,0.0
5303,0.0
5304,0.0
5305,0.0
5306,0.0
5307,0.0
5308,0.0
5309,0.0
5310,0.0
5311,0.0
5312,0.0
5313,0.0
5314,0.0
5315,0.0
5316,0.0
5317,0.0
5318,0.0
5319,0.0
5320,0.0
5321,0.0
5322,0.0
5323,0.0
5324,0.0
5325,0.0
5326,0.0
5327,0.0
5328,0.0
5329,0.0
5330,0.0
5331,0.0
5332,0.0
5333,0.0
5334,0.0
5335,0.0
5336,0.0
5337,0.0
5338,0.0
5339,0.0
5340,0.0
5341,0.0
5342,0.0
5343,0.0
5344,0.0
5345,0.0
5346,0.0
5347,0.0
5348,0.0
5349,0.0
5350,0.0
5351,0.0
5352,0.0
5353,0.0
5354,0.0
5355,0.0
5356,0.0
5357,0.0
5358,0.0
5359,0.0
5360,0.0
5361,0.0
5362,0.0
5363,0.0
5364,0.0
5365,0.0
5366,0.0
5367,0.0
5368,0.0
5369,0.0
5370,0.0
5371,0.0
5372,0.0
5373,0.0
5374,0.0
5375,0.0
5376,0.0
5377,0.0
5378,0.0
5379,0.0
5380,0.0
5381,0.0
5382,0.0
5383,0.0
5384,0.0
5385,0.0
5386,0.0
5387,0.0
5388,0.0
5389,0.0
5390,0.0
5391,0.0
5392,0.0
5393,0.0
5394,0.0
5395,0.0
5396,0.0
5397,0.0
5398,0.0
5399,0.0
5400,0.0
5401,0.0
5402,0.0
5403,0.0
5404,0.0
5405,0.0
5406,0.0
5407,0.0
5408,0.0
5409,0.0
5410,0.0
5411,0.0
5412,0.0
5413,0.0
5414,0.0
5415,0.0
5416,0.0
5417,0.0
5418,0.0
5419,0.0
5420,0.0
5421,0.0
5422,0.0
5423,0.0
5424,0.0
5425,0.0
5426,0.0
5427,0.0
5428,0.0
5429,0.0
5430,0.0
5431,0.0
5432,0.0
5433,0.0
5434,0.0
5435,0.0
5436,0.0
5437,0.0
5438,0.0
5439,0.0
5440,0.0
5441,0.0
5442,0.0
5443,0.0
5444,0.0
5445,0.0
5446,0.0
5447,0.0
5448,0.0
5449,0.0
5450,0.0
5451,0.0
5452,0.0
5453,0.0
5454,0.0
5455,0.0
5456,0.0
5457,0.0
5458,0.0
5459,0.0
5460,0.0
5461,0.0
5462,0.0
5463,0.0
5464,0.0
5465,0.0
5466,0.0
5467,0.0
5468,0.0
5469,0.0
5470,0.0
5471,0.0
5472,0.0
5473,0.0
5474,0.0
5475,0.0
5476,0.0
5477,0.0
5478,0.0
5479,0.0
5480,0.0
5481,0.0
5482,0.0
5483,0.0
5484,0.0
5485,0.0
5486,0.0
5487,0.0
5488,0.0
5489,0.0
5490,0.0
5491,0.0
5492,0.0
5493,0.0
5494,0.0
5495,0.0
5496,0.0
5497,0.0
5498,0.0
5499,0.0
5500,0.0
5501,0.0
5502,0.0
5503,0.0
5504,0.0
5505,0.0
5506,0.0
5507,0.0
5508,0.0
5509,0.0
5510,0.0
5511,0.0
5512,0.0
5513,0.0
5514,0.0
5515,0.0
5516,0.0
5517,0.0
5518,0.0
5519,0.0
5520,0.0
5521,0.0
5522,0.0
5523,0.0
5524,0.0
5525,0.0
5526,0.0
5527,0.0
5528,0.0
5529,0.0
5530,0.0
5531,0.0
5532,0.0
5533,0.0
5534,0.0
5535,0.0
5536,0.0
5537,0.0
5538,0.0
5539,0.0
5540,0.0
5541,0.0
5542,0.0
5543,0.0
5544,0.0
5545,0.0
5546,0.0
5547,0.0
5548,0.0
5549,0.0
5550,0.0
5551,0.0
5552,0.0
5553,0.0
5554,0.0
5555,0.0
5556,0.0
5557,0.0
5558,0.0
5559,0.0
5560,0.0
5561,0.0
5562,0.0
5563,0.0
5564,0.0
5565,0.0
5566,0.0
5567,0.0
5568,0.0
5569,0.0
5570,0.0
5571,0.0
5572,0.0
5573,0.0
5574,0.0
5575,0.0
5576,0.0
5577,0.0
5578,0.0
5579,0.0
5580,0.0
5581,0.0
5582,0.0
5583,0.0
5584,0.0
5585,0.0
5586,0.0
5587,0.0
5588,0.0
5589,0.0
5590,0.0
5591,0.0
5592,0.0
5593,0.0
5594,0.0
5595,0.0
5596,0.0
5597,0.0
5598,0.0
5599,0.0
5600,0.0
5601,0.0
5602,0.0
5603,0.0
5604,0.0
5605,0.0
5606,0.0
5607,0.0
5608,0.0
5609,0.0
5610,0.0
5611,0.0
5612,0.0
5613,0.0
5614,0.0
5615,0.0
5616,0.0
5617,0.0
5618,0.0
5619,0.0
5620,0.0
5621,0.0
5622,0.0
5623,0.0
5624,0.0
5625,0.0
5626,0.0
5627,0.0
5628,0.0
5629,0.0
5630,0.0
5631,0.0
5632,0.0
5633,0.0
5634,0.0
5635,0.0
5636,0.0
5637,0.0
5638,0.0
5639,0.0
5640,0.0
5641,0.0
5642,0.0
5643,0.0
5644,0.0
5645,0.0
5646,0.0
5647,0.0
5648,0.0
5649,0.0
5650,0.0
5651,0.0
5652,0.0
5653,0.0
5654,0.0
5655,0.0
5656,0.0
5657,0.0
5658,0.0
5659,0.0
5660,0.0
5661,0.0
5662,0.0
5663,0.0
5664,0.0
5665,0.0
5666,0.0
5667,0.0
5668,0.0
5669,0.0
5670,0.0
5671,0.0
5672,0.0
5673,0.0
5674,0.0
5675,0.0
5676,0.0
5677,0.0
5678,0.0
5679,0.0
5680,0.0
5681,0.0
5682,0.0
5683,0.0
5684,0.0
5685,0.0
5686,0.0
5687,0.0
5688,0.0
5689,0.0
5690,0.0
5691,0.0
5692,0.0
5693,0.0
5694,0.0
5695,0.0
5696,0.0
5697,0.0
5698,0.0
5699,0.0
5700,0.0
5701,0.0
5702,0.0
5703,0.0
5704,0.0
5705,0.0
5706,0.0
5707,0.0
5708,0.0
5709,0.0
5710,0.0
5711,0.0
5712,0.0
5713,0.0
5714,0.0
5715,0.0
5716,0.0
5717,0.0
5718,0.0
5719,0.0
5720,0.0
5721,0.0
5722,0.0
5723,0.0
5724,0.0
5725,0.0
5726,0.0
5727,0.0
5728,0.0
5729,0.0
5730,0.0
5731,0.0
5732,0.0
5733,0.0
5734,0.0
5735,0.0
5736,0.0
5737,0.0
5738,0.0
5739,0.0
5740,0.0
5741,0.0
5742,0.0
5743,0.0
5744,0.0
5745,0.0
5746,0.0
5747,0.0
5748,0.0
5749,0.0
5750,0.0
5751,0.0
5752,0.0
5753,0.0
5754,0.0
5755,0.0
5756,0.0
5757,0.0
5758,0.0
5759,0.0
5760,0.0
5761,0.0
5762,0.0
5763,0.0
5764,0.0
5765,0.0
5766,0.0
5767,0.0
5768,0.0
5769,0.0
5770,0.0
5771,0.0
5772,0.0
5773,0.0
5774,0.0
5775,0.0
5776,0.0
5777,0.0
5778,0.0
5779,0.0
5780,0.0
5781,0.0
5782,0.0
5783,0.0
5784,0.0
5785,0.0
5786,0.0
5787,0.0
5788,0.0
5789,0.0
5790,0.0
5791,0.0
5792,0.0
5793,0.0
5794,0.0
5795,0.0
5796,0.0
5797,0.0
5798,0.0
5799,0.0
5800,0.0
5801,0.0
5802,0.0
5803,0.0
5804,0.0
5805,0.0
5806,0.0
5807,0.0
5808,0.0
5809,0.0
5810,0.0
5811,0.0
5812,0.0
5813,0.0
5814,0.0
5815,0.0
5816,0.0
5817,0.0
5818,0.0
5819,0.0
5820,0.0
5821,0.0
5822,0.0
5823,0.0
5824,0.0
5825,0.0
5826,0.0
5827,0.0
5828,0.0
5829,0.0
5830,0.0
5831,0.0
5832,0.0
5833,0.0
5834,0.0
5835,0.0
5836,0.0
5837,0.0
5838,0.0
5839,0.0
5840,0.0
5841,0.0
5842,0.0
5843,0.0
5844,0.0
5845,0.0
5846,0.0
5847,0.0
5848,0.0
5849,0.0
5850,0.0
5851,0.0
5852,0.0
5853,0.0
5854,0.0
5855,0.0
5856,0.0
5857,0.0
5858,0.0
5859,0.0
5860,0.0
5861,0.0
5862,0.0
5863,0.0
5864,0.0
5865,0.0
5866,0.0
5867,0.0
5868,0.0
5869,0.0
5870,0.0
5871,0.0
5872,0.0
5873,0.0
5874,0.0
5875,0.0
5876,0.0
5877,0.0
5878,0.0
5879,0.0
5880,0.0
5881,0.0
5882,0.0
5883,0.0
5884,0.0
5885,0.0
5886,0.0
5887,0.0
5888,0.0
5889,0.0
5890,0.0
5891,0.0
5892,0.0
5893,0.0
5894,0.0
5895,0.0
5896,0.0
5897,0.0
5898,0.0
5899,0.0
5900,0.0
5901,0.0
5902,0.0
5903,0.0
5904,0.0
5905,0.0
5906,0.0
5907,0.0
5908,0.0
5909,0.0
5910,0.0
5911,0.0
5912,0.0
5913,0.0
5914,0.0
5915,0.0
5916,0.0
5917,0.0
5918,0.0
5919,0.0
5920,0.0
5921,0.0
5922,0.0
5923,0.0
5924,0.0
5925,0.0
5926,0.0
5927,0.0
5928,0.0
5929,0.0
5930,0.0
5931,0.0
5932,0.0
5933,0.0
5934,0.0
5935,0.0
5936,0.0
5937,0.0
5938,0.0
5939,0.0
5940,0.0
5941,0.0
5942,0.0
5943,0.0
5944,0.0
5945,0.0
5946,0.0
5947,0.0
5948,0.0
5949,0.0
5950,0.0
5951,0.0
5952,0.0
5953,0.0
5954,0.0
5955,0.0
5956,0.0
5957,0.0
5958,0.0
5959,0.0
5960,0.0
5961,0.0
5962,0.0
5963,0.0
5964,0.0
5965,0.0
5966,0.0
5967,0.0
5968,0.0
5969,0.0
5970,0.0
5971,0.0
5972,0.0
5973,0.0
5974,0.0
5975,0.0
5976,0.0
5977,0.0
5978,0.0
5979,0.0
5980,0.0
5981,0.0
5982,0.0
5983,0.0
5984,0.0
5985,0.0
5986,0.0
5987,0.0
5988,0.0
5989,0.0
5990,0.0
5991,0.0
5992,0.0
5993,0.0
5994,0.0
5995,0.0
5996,0.0
5997,0.0
5998,0.0
5999,0.0
6000,0.0
6001,0.0
6002,0.0
6003,0.0
6004,0.0
6005,0.0
6006,0.0
6007,0.0
6008,0.0
6009,0.0
6010,0.0
6011,0.0
6012,0.0
6013,0.0
6014,0.0
6015,0.0
6016,0.0
6017,0.0
6018,0.0
6019,0.0
6020,0.0
6021,0.0
6022,0.0
6023,0.0
6024,0.0
6025,0.0
6026,0.0
6027,0.0
6028,0.0
6029,0.0
6030,0.0
6031,0.0
6032,0.0
6033,0.0
6034,0.0
6035,0.0
6036,0.0
6037,0.0
6038,0.0
6039,0.0
6040,0.0
6041,0.0
6042,0.0
6043,0.0
6044,0.0
6045,0.0
6046,0.0
6047,0.0
6048,0.0
6049,0.0
6050,0.0
6051,0.0
6052,0.0
6053,0.0
6054,0.0
6055,0.0
6056,0.0
6057,0.0
6058,0.0
6059,0.0
6060,0.0
6061,0.0
6062,0.0
6063,0.0
6064,0.0
6065,0.0
6066,0.0
6067,0.0
6068,0.0
6069,0.0
6070,0.0
6071,0.0
6072,0.0
6073,0.0
6074,0.0
6075,0.0
6076,0.0
6077,0.0
6078,0.0
6079,0.0
6080,0.0
6081,0.0
6082,0.0
6083,0.0
6084,0.0
6085,0.0
6086,0.0
6087,0.0
6088,0.0
6089,0.0
6090,0.0
6091,0.0
6092,0.0
6093,0.0
6094,0.0
6095,0.0
6096,0.0
6097,0.0
6098,0.0
6099,0.0
6100,0.0
6101,0.0
6102,0.0
6103,0.0
6104,0.0
6105,0.0
6106,0.0
6107,0.0
6108,0.0
6109,0.0
6110,0.0
6111,0.0
6112,0.0
6113,0.0
6114,0.0
6115,0.0
6116,0.0
6117,0.0
6118,0.0
6119,0.0
6120,0.0
6121,0.0
6122,0.0
6123,0.0
6124,0.0
6125,0.0
6126,0.0
6127,0.0
6128,0.0
6129,0.0
6130,0.0
6131,0.0
6132,0.0
6133,0.0
6134,0.0
6135,0.0
6136,0.0
6137,0.0
6138,0.0
6139,0.0
6140,0.0
6141,0.0
6142,0.0
6143,0.0
6144,0.0
6145,0.0
6146,0.0
6147,0.0
6148,0.0
6149,0.0
6150,0.0
6151,0.0
6152,0.0
6153,0.0
6154,0.0
6155,0.0
6156,0.0
6157,0.0
6158,0.0
6159,0.0
6160,0.0
6161,0.0
6162,0.0
6163,0.0
6164,0.0
6165,0.0
6166,0.0
6167,0.0
6168,0.0
6169,0.0
6170,0.0
6171,0.0
6172,0.0
6173,0.0
6174,0.0
6175,0.0
6176,0.0
6177,0.0
6178,0.0
6179,0.0
6180,0.0
6181,0.0
6182,0.0
6183,0.0
6184,0.0
6185,0.0
6186,0.0
6187,0.0
6188,0.0
6189,0.0
6190,0.0
6191,0.0
6192,0.0
6193,0.0
6194,0.0
6195,0.0
6196,0.0
6197,0.0
6198,0.0
6199,0.0
6200,0.0
6201,0.0
6202,0.0
6203,0.0
6204,0.0
6205,0.0
6206,0.0
6207,0.0
6208,0.0
6209,0.0
6210,0.0
6211,0.0
6212,0.0
6213,0.0
6214,0.0
6215,0.0
6216,0.0
6217,0.0
6218,0.0
6219,0.0
6220,0.0
6221,0.0
6222,0.0
6223,0.0
6224,0.0
6225,0.0
6226,0.0
6227,0.0
6228,0.0
6229,0.0
6230,0.0
6231,0.0
6232,0.0
6233,0.0
6234,0.0
6235,0.0
6236,0.0
6237,0.0
6238,0.0
6239,0.0
6240,0.0
6241,0.0
6242,0.0
6243,0.0
6244,0.0
6245,0.0
6246,0.0
6247,0.0
6248,0.0
6249,0.0
6250,0.0
6251,0.0
6252,0.0
6253,0.0
6254,0.0
6255,0.0
6256,0.0
6257,0.0
6258,0.0
6259,0.0
6260,0.0
6261,0.0
6262,0.0
6263,0.0
6264,0.0
6265,0.0
6266,0.0
6267,0.0
6268,0.0
6269,0.0
6270,0.0
6271,0.0
6272,0.0
6273,0.0
6274,0.0
6275,0.0
6276,0.0
6277,0.0
6278,0.0
6279,0.0
6280,0.0
6281,0.0
6282,0.0
6283,0.0
6284,0.0
6285,0.0
6286,0.0
6287,0.0
6288,0.0
6289,0.0
6290,0.0
6291,0.0
6292,0.0
6293,0.0
6294,0.0
6295,0.0
6296,0.0
6297,0.0
6298,0.0
6299,0.0
6300,0.0
6301,0.0
6302,0.0
6303,0.0
6304,0.0
6305,0.0
6306,0.0
6307,0.0
6308,0.0
6309,0.0
6310,0.0
6311,0.0
6312,0.0
6313,0.0
6314,0.0
6315,0.0
6316,0.0
6317,0.0
6318,0.0
6319,0.0
6320,0.0
6321,0.0
6322,0.0
6323,0.0
6324,0.0
6325,0.0
6326,0.0
6327,0.0
6328,0.0
6329,0.0
6330,0.0
6331,0.0
6332,0.0
6333,0.0
6334,0.0
6335,0.0
6336,0.0
6337,0.0
6338,0.0
6339,0.0
6340,0.0
6341,0.0
6342,0.0
6343,0.0
6344,0.0
6345,0.0
6346,0.0
6347,0.0
6348,0.0
6349,0.0
6350,0.0
6351,0.0
6352,0.0
6353,0.0
6354,0.0
6355,0.0
6356,0.0
6357,0.0
6358,0.0
6359,0.0
6360,0.0
6361,0.0
6362,0.0
6363,0.0
6364,0.0
6365,0.0
6366,0.0
6367,0.0
6368,0.0
6369,0.0
6370,0.0
6371,0.0
6372,0.0
6373,0.0
6374,0.0
6375,0.0
6376,0.0
6377,0.0
6378,0.0
6379,0.0
6380,0.0
6381,0.0
6382,0.0
6383,0.0
6384,0.0
6385,0.0
6386,0.0
6387,0.0
6388,0.0
6389,0.0
6390,0.0
6391,0.0
6392,0.0
6393,0.0
6394,0.0
6395,0.0
6396,0.0
6397,0.0
6398,0.0
6399,0.0
6400,0.0
6401,0.0
6402,0.0
6403,0.0
6404,0.0
6405,0.0
6406,0.0
6407,0.0
6408,0.0
6409,0.0
6410,0.0
6411,0.0
6412,0.0
6413,0.0
6414,0.0
6415,0.0
6416,0.0
6417,0.0
6418,0.0
6419,0.0
6420,0.0
6421,0.0
6422,0.0
6423,0.0
6424,0.0
6425,0.0
6426,0.0
6427,0.0
6428,0.0
6429,0.0
6430,0.0
6431,0.0
6432,0.0
6433,0.0
6434,0.0
6435,0.0
6436,0.0
6437,0.0
6438,0.0
6439,0.0
6440,0.0
6441,0.0
6442,0.0
6443,0.0
6444,0.0
6445,0.0
6446,0.0
6447,0.0
6448,0.0
6449,0.0
6450,0.0
6451,0.0
6452,0.0
6453,0.0
6454,0.0
6455,0.0
6456,0.0
6457,0.0
6458,0.0
6459,0.0
6460,0.0
6461,0.0
6462,0.0
6463,0.0
6464,0.0
6465,0.0
6466,0.0
6467,0.0
6468,0.0
6469,0.0
6470,0.0
6471,0.0
6472,0.0
6473,0.0
6474,0.0
6475,0.0
6476,0.0
6477,0.0
6478,0.0
6479,0.0
6480,0.0
6481,0.0
6482,0.0
6483,0.0
6484,0.0
6485,0.0
6486,0.0
6487,0.0
6488,0.0
6489,0.0
6490,0.0
6491,0.0
6492,0.0
6493,0.0
6494,0.0
6495,0.0
6496,0.0
6497,0.0
6498,0.0
6499,0.0
6500,0.0
6501,0.0
6502,0.0
6503,0.0
6504,0.0
6505,0.0
6506,0.0
6507,0.0
6508,0.0
6509,0.0
6510,0.0
6511,0.0
6512,0.0
6513,0.0
6514,0.0
6515,0.0
6516,0.0
6517,0.0
6518,0.0
6519,0.0
6520,0.0
6521,0.0
6522,0.0
6523,0.0
6524,0.0
6525,0.0
6526,0.0
6527,0.0
6528,0.0
6529,0.0
6530,0.0
6531,0.0
6532,0.0
6533,0.0
6534,0.0
6535,0.0
6536,0.0
6537,0.0
6538,0.0
6539,0.0
6540,0.0
6541,0.0
6542,0.0
6543,0.0
6544,0.0
6545,0.0
6546,0.0
6547,0.0
6548,0.0
6549,0.0
6550,0.0
6551,0.0
6552,0.0
6553,0.0
6554,0.0
6555,0.0
6556,0.0
6557,0.0
6558,0.0
6559,0.0
6560,0.0
6561,0.0
6562,0.0
6563,0.0
6564,0.0
6565,0.0
6566,0.0
6567,0.0
6568,0.0
6569,0.0
6570,0.0
6571,0.0
6572,0.0
6573,0.0
6574,0.0
6575,0.0
6576,0.0
6577,0.1
6578,35.10000000000002
6579,39.20000000000006
6580,44.30000000000008
6581,81.99999999999996
6582,125.39999999999998
6583,134.00000000000003
6584,403.0000000000001
6585,404.90000000000015
6586,375.6
6587,365.79999999999995
6588,360.7
6589,329.4
6590,344.1999999999999
6591,304.8
6592,323.0000000000001
6593,356.7
6594,464.00000000000034
6595,527.5999999999999
6596,564.7000000000003
6597,615.1999999999999
6598,686.3000000000002
6599,718.8999999999999
6600,748.7999999999996
6601,521.6000000000001
6602,556.5000000000003
6603,559.7000000000002
6604,563.6000000000003
6605,556.6000000000004
6606,586.0999999999998
6607,616.0999999999999
6608,899.1000000000004
6609,862.4999999999998
6610,794.0000000000002
6611,752.5999999999995
6612,666.7000000000004
6613,657.9000000000002
6614,660.6000000000004
6615,662.8000000000004
6616,688.8999999999999
6617,722.0999999999997
6618,748.5999999999996
6619,786.9000000000008
6620,847.2999999999998
6621,907.3000000000006
6622,965.3
6623,943.6
6624,968.1999999999999
6625,724.8999999999996
6626,733.5999999999999
6627,740.0999999999999
6628,722.4999999999998
6629,733.4
6630,730.3999999999999
6631,741.0999999999998
6632,952.8999999999997
6633,955.4999999999999
6634,917.6000000000004
6635,849.3999999999997
6636,765.9999999999998
6637,704.2
6638,655.2
6639,618.6999999999999
6640,622.7000000000003
6641,681.3
6642,756.5999999999996
6643,830.4
6644,903.1000000000006
6645,930.3000000000003
6646,934.0
6647,960.7999999999996
6648,963.9999999999999
6649,747.0999999999998
6650,748.3999999999996
6651,757.2999999999995
6652,751.0999999999995
6653,746.4999999999998
6654,750.2999999999996
6655,706.7000000000003
6656,924.8000000000003
6657,888.8000000000001
6658,762.3
6659,680.0
6660,591.7999999999998
6661,563.6000000000003
6662,479.4
6663,456.0000000000001
6664,458.2000000000003
6665,499.9999999999997
6666,592.6999999999999
6667,701.3
6668,762.4
6669,864.4999999999999
6670,864.3999999999999
6671,901.5000000000003
6672,953.0999999999997
6673,699.3
6674,702.3999999999999
6675,696.1
6676,713.1000000000001
6677,750.5999999999996
6678,758.2999999999996
6679,768.1999999999999
6680,965.3
6681,939.4999999999999
6682,893.2000000000005
6683,804.5000000000005
6684,707.7000000000002
6685,598.6999999999997
6686,531.8999999999999
6687,499.8999999999997
6688,527.0999999999999
6689,506.4999999999999
6690,583.2
6691,651.5999999999998
6692,695.3
6693,723.3999999999997
6694,680.0
6695,737.9999999999999
6696,770.4000000000001
6697,528.0999999999999
6698,558.8000000000003
6699,566.3000000000003
6700,589.0999999999999
6701,612.6999999999998
6702,643.5999999999999
6703,632.1
6704,874.5999999999999
6705,856.0999999999997
6706,776.7000000000002
6707,722.6999999999998
6708,672.1999999999999
6709,653.2999999999998
6710,604.7999999999996
6711,615.1999999999999
6712,616.0999999999999
6713,661.5000000000005
6714,751.3999999999995
6715,839.5999999999999
6716,912.6000000000005
6717,908.5000000000006
6718,968.8999999999997
6719,1010.7
6720,1037.6999999999998
6721,801.8000000000006
6722,799.6000000000005
6723,798.6000000000005
6724,795.7000000000003
6725,811.2999999999998
6726,849.2999999999997
6727,855.8999999999999
6728,1109.3999999999999
6729,1054.3999999999996
6730,950.3999999999997
6731,885.4999999999999
6732,815.1999999999998
6733,741.7999999999998
6734,687.2
6735,630.5
6736,674.4000000000001
6737,668.8000000000002
6738,710.2000000000004
6739,772.0000000000001
6740,813.1999999999998
6741,839.6999999999999
6742,848.8999999999997
6743,874.5999999999999
6744,875.3999999999999
6745,630.5999999999999
6746,635.6999999999999
6747,616.7999999999998
6748,620.7000000000002
6749,615.0999999999999
6750,616.4999999999999
6751,637.0999999999998
6752,905.4000000000009
6753,856.5999999999997
6754,791.3000000000004
6755,698.0999999999999
6756,633.0999999999999
6757,560.8000000000002
6758,515.4000000000001
6759,476.79999999999995
6760,464.9000000000003
6761,486.5999999999996
6762,545.8
6763,621.0000000000002
6764,629.8
6765,671.2999999999998
6766,704.5
6767,748.9999999999997
6768,805.0000000000006
6769,581.9999999999999
6770,625.9000000000002
6771,647.9999999999999
6772,671.5999999999999
6773,704.5
6774,741.8999999999999
6775,749.5999999999997
6776,988.4999999999998
6777,936.8000000000001
6778,859.5999999999997
6779,750.9999999999995
6780,684.3
6781,618.7999999999998
6782,540.7000000000002
6783,500.8999999999997
6784,518.9000000000002
6785,593.4999999999999
6786,628.1
6787,749.3999999999996
6788,758.3999999999997
6789,797.3000000000004
6790,833.7
6791,848.5999999999998
6792,859.8999999999996
6793,628.8
6794,632.5
6795,605.0999999999997
6796,602.9999999999997
6797,597.7999999999998
6798,571.7000000000003
6799,607.8999999999996
6800,855.6999999999998
6801,816.7999999999997
6802,718.9999999999998
6803,671.8999999999999
6804,596.0
6805,562.8000000000003
6806,526.6999999999999
6807,503.7999999999999
6808,462.0000000000003
6809,483.1999999999998
6810,525.1999999999998
6811,600.8999999999997
6812,619.8000000000001
6813,631.5
6814,641.4999999999999
6815,684.1999999999999
6816,693.5999999999998
6817,451.9000000000002
6818,461.90000000000026
6819,467.6000000000003
6820,492.69999999999976
6821,455.2000000000001
6822,453.1000000000001
6823,452.40000000000015
6824,716.3999999999999
6825,714.8000000000001
6826,693.6999999999998
6827,631.4
6828,549.4000000000001
6829,513.2
6830,511.8
6831,430.79999999999995
6832,450.5000000000002
6833,458.2000000000003
6834,447.8000000000003
6835,463.9000000000003
6836,465.20000000000033
6837,510.49999999999994
6838,535.0999999999999
6839,535.2999999999998
6840,565.1000000000003
6841,342.59999999999985
6842,318.20000000000005
6843,341.2
6844,350.5999999999999
6845,345.29999999999995
6846,314.00000000000006
6847,292.60000000000025
6848,548.2
6849,476.9
6850,436.5
6851,378.3
6852,310.60000000000014
6853,290.1000000000002
6854,272.8
6855,284.6000000000003
6856,286.2000000000003
6857,268.5000000000001
6858,266.9000000000001
6859,255.20000000000005
6860,278.7000000000002
6861,264.1000000000001
6862,259.19999999999993
6863,254.3
6864,244.79999999999993
6865,0.0
6866,0.0
6867,0.0
6868,0.0
6869,0.0
6870,0.0
6871,0.0
6872,0.0
6873,0.0
6874,0.0
6875,0.0
6876,0.0
6877,0.0
6878,0.0
6879,0.0
6880,0.0
6881,0.0
6882,0.0
6883,0.0
6884,0.0
6885,0.0
6886,0.0
6887,0.0
6888,0.0
6889,195.39999999999998
6890,185.39999999999998
6891,199.19999999999996
6892,237.3
6893,281.90000000000026
6894,265.80000000000007
6895,313.20000000000005
6896,499.5999999999997
6897,451.6000000000002
6898,388.8000000000001
6899,317.1
6900,221.6000000000001
6901,166.29999999999998
6902,102.19999999999999
6903,65.09999999999997
6904,70.59999999999997
6905,136.20000000000002
6906,189.8
6907,262.40000000000003
6908,342.4999999999999
6909,364.69999999999993
6910,442.10000000000025
6911,484.9999999999998
6912,535.1999999999999
6913,266.1
6914,291.6000000000002
6915,313.50000000000006
6916,334.7
6917,322.7000000000001
6918,310.90000000000015
6919,286.40000000000026
6920,517.0000000000001
6921,448.70000000000033
6922,410.89999999999986
6923,369.2999999999999
6924,275.4000000000001
6925,180.49999999999991
6926,132.0
6927,130.7
6928,83.49999999999996
6929,102.49999999999999
6930,166.2
6931,220.10000000000005
6932,223.30000000000018
6933,219.8
6934,258.79999999999995
6935,260.99999999999994
6936,250.39999999999998
6937,43.70000000000008
6938,88.99999999999997
6939,88.49999999999999
6940,97.09999999999998
6941,109.8
6942,131.79999999999998
6943,137.70000000000005
6944,387.5000000000001
6945,347.0
6946,270.3
6947,179.99999999999994
6948,113.30000000000004
6949,103.19999999999997
6950,90.89999999999996
6951,96.0
6952,91.49999999999999
6953,129.89999999999998
6954,163.90000000000006
6955,229.30000000000018
6956,285.90000000000026
6957,339.50000000000006
6958,381.40000000000015
6959,404.2000000000001
6960,470.8000000000001
6961,233.80000000000004
6962,272.1000000000001
6963,314.6
6964,365.79999999999995
6965,392.70000000000016
6966,425.0999999999998
6967,457.7000000000002
6968,699.1999999999999
6969,717.9999999999998
6970,688.1999999999999
6971,596.6
6972,518.4000000000002
6973,483.2999999999998
6974,447.1000000000004
6975,488.19999999999976
6976,502.5999999999998
6977,521.4000000000001
6978,609.6999999999998
6979,703.0
6980,750.8999999999995
6981,802.9000000000005
6982,869.8999999999999
6983,905.5000000000008
6984,947.0000000000001
6985,746.4999999999998
6986,761.6999999999998
6987,790.2000000000006
6988,815.1999999999998
6989,848.8999999999997
6990,803.9000000000005
6991,784.1000000000005
6992,987.8999999999996
6993,939.0
6994,879.5999999999998
6995,786.9000000000008
6996,669.4000000000001
6997,641.4999999999999
6998,558.1000000000004
6999,521.7
7000,557.8000000000003
7001,550.4000000000001
7002,618.1999999999999
7003,702.6999999999999
7004,761.8999999999999
7005,801.1000000000005
7006,833.4
7007,872.0999999999999
7008,914.0000000000005
7009,700.2999999999998
7010,691.3999999999999
7011,738.8
7012,768.7
7013,802.5000000000007
7014,829.1999999999999
7015,878.3999999999996
7016,1114.5999999999997
7017,1069.8
7018,1000.8999999999999
7019,917.2000000000004
7020,851.3000000000001
7021,751.8999999999995
7022,703.9
7023,678.4000000000001
7024,701.1999999999999
7025,740.9999999999998
7026,805.6000000000005
7027,857.6999999999997
7028,871.5999999999999
7029,848.3999999999999
7030,872.8
7031,940.2
7032,966.8999999999999
7033,670.5999999999998
7034,690.9999999999999
7035,701.5
7036,705.9000000000001
7037,714.1000000000001
7038,724.0999999999997
7039,703.5999999999999
7040,904.7000000000007
7041,849.8999999999999
7042,828.2999999999998
7043,764.2999999999998
7044,641.8
7045,619.5
7046,628.4000000000001
7047,591.8999999999999
7048,573.4000000000002
7049,584.7
7050,656.0000000000001
7051,715.2
7052,752.5999999999995
7053,798.3000000000004
7054,831.6000000000001
7055,877.7999999999997
7056,894.6000000000005
7057,623.6000000000003
7058,647.1999999999998
7059,702.0999999999999
7060,733.0
7061,704.2
7062,709.2000000000004
7063,685.2000000000002
7064,891.1000000000004
7065,858.5999999999998
7066,809.4000000000001
7067,752.5999999999995
7068,667.4000000000002
7069,631.4
7070,594.5999999999999
7071,590.4999999999999
7072,586.2999999999998
7073,637.1999999999998
7074,659.4000000000003
7075,737.5
7076,793.0000000000003
7077,836.0999999999999
7078,828.5999999999999
7079,909.3000000000006
7080,928.2000000000003
7081,702.9
7082,708.7000000000003
7083,736.4999999999999
7084,722.6999999999998
7085,703.0
7086,702.9
7087,729.4999999999999
7088,920.6000000000004
7089,824.5999999999997
7090,772.4000000000001
7091,669.6000000000001
7092,603.3999999999997
7093,545.4
7094,516.0000000000002
7095,482.2999999999998
7096,506.79999999999984
7097,512.8000000000001
7098,534.0999999999998
7099,572.1000000000003
7100,601.9999999999997
7101,615.1999999999999
7102,675.3000000000001
7103,675.3000000000001
7104,691.3999999999999
7105,448.80000000000035
7106,442.40000000000026
7107,491.5999999999997
7108,512.0
7109,516.9000000000001
7110,502.39999999999975
7111,500.09999999999974
7112,807.4000000000001
7113,754.5999999999995
7114,674.3000000000001
7115,606.9999999999997
7116,523.9
7117,472.3999999999999
7118,484.1999999999998
7119,505.8999999999999
7120,535.7999999999998
7121,575.9000000000001
7122,668.6000000000001
7123,721.7999999999997
7124,714.1000000000001
7125,745.8999999999996
7126,734.4999999999999
7127,720.0999999999998
7128,752.7999999999995
7129,524.3
7130,552.1
7131,550.6000000000001
7132,566.0000000000003
7133,528.3999999999999
7134,524.3
7135,497.8999999999997
7136,736.8999999999999
7137,688.1999999999999
7138,623.2000000000003
7139,542.9
7140,507.0999999999998
7141,388.40000000000015
7142,342.29999999999995
7143,351.1999999999998
7144,359.00000000000006
7145,440.00000000000017
7146,450.10000000000025
7147,514.9000000000001
7148,565.7000000000003
7149,578.0
7150,588.0999999999999
7151,628.1
7152,647.5999999999998
7153,446.6000000000004
7154,480.5999999999999
7155,497.39999999999975
7156,517.9000000000002
7157,524.5999999999999
7158,509.40000000000003
7159,491.6999999999997
7160,659.9000000000003
7161,607.8999999999996
7162,498.1999999999997
7163,421.5999999999998
7164,342.4999999999999
7165,274.5000000000001
7166,233.20000000000005
7167,243.49999999999997
7168,252.0
7169,270.80000000000007
7170,353.99999999999983
7171,410.4999999999999
7172,431.09999999999997
7173,470.8000000000001
7174,502.7999999999998
7175,519.7000000000002
7176,584.2
7177,360.59999999999997
7178,344.0999999999999
7179,318.4000000000001
7180,322.90000000000015
7181,302.5000000000001
7182,258.4
7183,257.1
7184,480.89999999999986
7185,461.2000000000003
7186,371.5
7187,280.60000000000025
7188,193.9
7189,78.39999999999998
7190,0.0
7191,0.0
7192,0.0
7193,11.599999999999978
7194,47.40000000000006
7195,111.4
7196,151.20000000000005
7197,174.8999999999999
7198,214.6
7199,266.9000000000001
7200,270.3
7201,48.00000000000007
7202,113.80000000000003
7203,105.09999999999998
7204,133.90000000000003
7205,132.39999999999998
7206,177.29999999999993
7207,211.59999999999994
7208,495.4999999999998
7209,407.3
7210,380.2000000000001
7211,328.3
7212,258.49999999999994
7213,207.19999999999996
7214,183.89999999999998
7215,122.89999999999998
7216,83.29999999999997
7217,124.89999999999998
7218,194.99999999999997
7219,302.4000000000001
7220,381.60000000000014
7221,400.4000000000002
7222,397.3000000000002
7223,454.70000000000016
7224,483.2999999999998
7225,310.3000000000001
7226,306.79999999999995
7227,295.2000000000001
7228,291.50000000000017
7229,292.7000000000002
7230,314.00000000000006
7231,287.2000000000002
7232,509.5
7233,454.70000000000016
7234,391.80000000000007
7235,372.2
7236,275.4000000000001
7237,229.60000000000016
7238,217.69999999999993
7239,222.90000000000015
7240,213.09999999999997
7241,202.29999999999995
7242,201.19999999999996
7243,239.00000000000003
7244,279.10000000000025
7245,250.39999999999998
7246,253.59999999999997
7247,284.8000000000003
7248,301.5000000000001
7249,56.20000000000002
7250,67.79999999999995
7251,83.59999999999997
7252,116.90000000000003
7253,133.70000000000002
7254,129.5
7255,131.79999999999998
7256,369.89999999999986
7257,374.9
7258,352.7999999999999
7259,302.30000000000007
7260,257.7
7261,188.1
7262,204.09999999999997
7263,216.19999999999996
7264,208.59999999999994
7265,275.9000000000002
7266,328.5
7267,324.3
7268,344.1999999999999
7269,410.19999999999993
7270,417.9999999999998
7271,413.39999999999986
7272,456.70000000000016
7273,227.6000000000002
7274,217.09999999999997
7275,191.6
7276,180.7999999999999
7277,158.39999999999998
7278,205.99999999999997
7279,186.70000000000002
7280,425.7999999999998
7281,417.29999999999984
7282,403.3000000000002
7283,421.6999999999998
7284,412.0999999999999
7285,427.29999999999984
7286,409.09999999999985
7287,424.39999999999986
7288,389.8000000000001
7289,375.2
7290,409.29999999999984
7291,438.8000000000001
7292,442.10000000000025
7293,425.1999999999998
7294,445.30000000000035
7295,438.9000000000001
7296,442.5000000000003
7297,299.00000000000017
7298,386.80000000000035
7299,449.4000000000002
7300,469.5000000000002
7301,544.0000000000001
7302,621.0
7303,662.3000000000003
7304,1093.7
7305,1082.6000000000004
7306,1159.6999999999998
7307,1137.1000000000001
7308,1081.7000000000003
7309,1070.6000000000004
7310,1065.4000000000005
7311,1115.9999999999995
7312,1122.7999999999997
7313,1176.4999999999995
7314,1323.4000000000005
7315,1437.3000000000009
7316,1383.6
7317,1396.599999999999
7318,1429.4999999999998
7319,1474.9000000000005
7320,1550.6999999999996
7321,1189.2000000000005
7322,1219.0999999999995
7323,1253.5
7324,1289.999999999999
7325,1257.7000000000005
7326,1202.0000000000005
7327,1234.7
7328,1602.399999999999
7329,1520.6000000000001
7330,1403.5999999999995
7331,1269.6999999999991
7332,1121.3
7333,1078.8000000000006
7334,991.3000000000003
7335,938.7999999999998
7336,937.8000000000001
7337,943.5000000000002
7338,1019.8000000000001
7339,1024.8999999999999
7340,1063.7000000000003
7341,1114.1
7342,1109.7999999999997
7343,1197.0000000000007
7344,1196.8000000000009
7345,820.4999999999999
7346,817.7999999999996
7347,849.3000000000001
7348,853.8000000000001
7349,827.5999999999997
7350,857.4999999999999
7351,859.4000000000002
7352,1211.1999999999996
7353,1182.8000000000002
7354,1133.6999999999998
7355,1098.8000000000004
7356,1022.2000000000002
7357,965.3999999999993
7358,915.4999999999998
7359,846.8
7360,834.7999999999998
7361,860.6999999999999
7362,851.6000000000001
7363,818.4999999999997
7364,770.4000000000007
7365,813.3
7366,818.8999999999997
7367,802.8999999999996
7368,740.4999999999997
7369,254.29999999999984
7370,266.1999999999998
7371,310.3000000000001
7372,345.5999999999999
7373,460.5000000000002
7374,515.4999999999998
7375,449.50000000000017
7376,851.1
7377,880.3000000000002
7378,799.6999999999996
7379,677.0000000000002
7380,555.7
7381,458.60000000000014
7382,352.99999999999983
7383,382.80000000000024
7384,397.10000000000014
7385,446.99999999999994
7386,544.8
7387,639.7
7388,618.0000000000001
7389,601.5
7390,633.2
7391,671.6000000000005
7392,741.8999999999996
7393,304.30000000000024
7394,330.20000000000005
7395,305.40000000000026
7396,324.20000000000016
7397,350.79999999999995
7398,361.9999999999996
7399,292.80000000000007
7400,683.2
7401,691.0999999999999
7402,673.6000000000004
7403,690.9999999999999
7404,633.9000000000001
7405,506.9999999999999
7406,445.5
7407,429.5000000000002
7408,493.5
7409,563.5000000000001
7410,616.9000000000002
7411,647.0999999999998
7412,679.7000000000002
7413,674.9000000000004
7414,666.3000000000005
7415,643.8999999999999
7416,595.5999999999998
7417,127.09999999999994
7418,190.0999999999999
7419,262.49999999999966
7420,249.40000000000003
7421,281.1000000000001
7422,346.39999999999986
7423,264.0999999999997
7424,655.9999999999999
7425,632.9999999999999
7426,619.4000000000001
7427,610.0000000000001
7428,651.7999999999996
7429,548.4
7430,543.5000000000001
7431,524.2999999999998
7432,581.6999999999999
7433,671.4000000000005
7434,704.1999999999992
7435,743.5999999999997
7436,835.6999999999997
7437,951.6000000000001
7438,975.1999999999997
7439,961.1999999999999
7440,1036.6000000000001
7441,681.1
7442,730.1999999999998
7443,775.9000000000007
7444,863.9000000000001
7445,932.8999999999996
7446,1046.9
7447,1110.1999999999996
7448,1477.6000000000004
7449,1500.6999999999998
7450,1431.0
7451,1305.799999999999
7452,1200.7000000000005
7453,1144.7000000000003
7454,1050.1999999999998
7455,1045.6
7456,1109.0999999999997
7457,1220.8999999999996
7458,1386.2999999999993
7459,1430.8999999999999
7460,1490.199999999999
7461,1568.0999999999997
7462,1711.7
7463,1787.4999999999998
7464,1834.8000000000006
7465,1507.4999999999998
7466,1541.8000000000004
7467,1573.6000000000001
7468,1588.5000000000005
7469,1622.1000000000004
7470,1622.3000000000002
7471,1617.6999999999998
7472,2002.1999999999985
7473,1989.9999999999993
7474,1979.1000000000006
7475,1943.9999999999993
7476,1924.6
7477,1811.6000000000001
7478,1800.1
7479,1769.5
7480,1763.0
7481,1768.2999999999995
7482,1803.5999999999997
7483,1802.8
7484,1831.3000000000009
7485,1809.3999999999994
7486,1801.3999999999999
7487,1835.7000000000005
7488,1872.0999999999995
7489,1453.0000000000002
7490,1472.7000000000005
7491,1463.4
7492,1529.7000000000014
7493,1506.0
7494,1457.4000000000003
7495,1436.7000000000007
7496,1923.3
7497,1934.4999999999998
7498,1771.8
7499,1714.7000000000012
7500,1532.9000000000015
7501,1450.4000000000005
7502,1431.0
7503,1420.3999999999994
7504,1465.2000000000003
7505,1535.7000000000007
7506,1611.9999999999995
7507,1696.3000000000002
7508,1769.5
7509,1873.6999999999991
7510,1921.0000000000002
7511,1928.0000000000002
7512,1995.2999999999993
7513,1636.2000000000005
7514,1573.5
7515,1569.7
7516,1557.799999999999
7517,1582.8000000000013
7518,1557.5999999999992
7519,1564.1999999999994
7520,1953.4000000000003
7521,1929.3
7522,1873.799999999999
7523,1831.700000000001
7524,1796.0999999999997
7525,1789.3999999999994
7526,1742.9999999999995
7527,1657.6000000000004
7528,1720.0000000000005
7529,1803.6999999999998
7530,1808.7999999999993
7531,1803.6999999999998
7532,1803.8
7533,1843.6
7534,1894.6999999999998
7535,1829.5000000000007
7536,1860.8999999999985
7537,1384.7999999999997
7538,1482.9999999999995
7539,1536.3000000000009
7540,1509.3
7541,1520.0
7542,1520.0
7543,1502.4999999999998
7544,1971.800000000002
7545,2000.4999999999984
7546,1956.2000000000005
7547,1963.800000000001
7548,1944.8999999999994
7549,1885.1
7550,1797.6999999999996
7551,1803.3999999999999
7552,1863.4999999999989
7553,1868.3999999999994
7554,2036.1999999999994
7555,2116.5000000000014
7556,2054.0999999999995
7557,2083.2000000000016
7558,2146.3
7559,2204.6999999999994
7560,2279.1000000000004
7561,1866.4999999999995
7562,1859.9999999999989
7563,1898.9000000000005
7564,1883.4999999999998
7565,1936.0999999999997
7566,1969.2000000000019
7567,2000.9999999999984
7568,2461.3000000000006
7569,2456.6
7570,2505.2000000000003
7571,2557.600000000001
7572,2520.300000000001
7573,2546.3
7574,2559.8000000000006
7575,2462.2000000000007
7576,2407.4999999999995
7577,2504.7000000000003
7578,2515.000000000002
7579,2441.499999999999
7580,2421.8999999999987
7581,2472.3
7582,2464.4999999999995
7583,2459.900000000001
7584,2545.6000000000004
7585,2121.200000000002
7586,2163.6
7587,2178.9
7588,2175.3999999999983
7589,2124.7000000000016
7590,2062.7999999999984
7591,2000.4999999999984
7592,2370.7999999999984
7593,2357.3999999999987
7594,2394.8000000000015
7595,2277.5000000000005
7596,2190.1999999999994
7597,2123.400000000002
7598,2001.8999999999985
7599,1931.4999999999995
7600,1933.8999999999996
7601,1877.2999999999995
7602,1858.599999999999
7603,1889.5999999999997
7604,1966.3000000000018
7605,1957.3000000000009
7606,1888.7000000000003
7607,1867.499999999999
7608,1897.3000000000004
7609,1441.0000000000007
7610,1435.6000000000008
7611,1439.8000000000006
7612,1515.3
7613,1591.7000000000003
7614,1631.900000000001
7615,1622.7000000000003
7616,2038.7999999999993
7617,1962.300000000001
7618,1919.5000000000002
7619,1764.7000000000003
7620,1676.6000000000006
7621,1615.8999999999996
7622,1524.3000000000002
7623,1444.0000000000007
7624,1442.100000000001
7625,1536.4000000000008
7626,1582.5000000000014
7627,1600.0999999999992
7628,1625.5000000000007
7629,1605.3999999999987
7630,1599.4999999999993
7631,1622.5000000000002
7632,1612.9999999999995
7633,1218.2999999999993
7634,1247.5000000000005
7635,1246.6000000000004
7636,1258.5000000000005
7637,1221.8999999999996
7638,1186.0000000000002
7639,1240.7999999999997
7640,1600.6999999999991
7641,1481.0
7642,1435.0000000000007
7643,1320.4000000000003
7644,1329.7000000000007
7645,1233.1
7646,1140.3
7647,1126.2999999999995
7648,1098.0000000000002
7649,1091.6000000000004
7650,1151.9999999999998
7651,1281.5999999999995
7652,1297.5999999999995
7653,1268.0999999999992
7654,1305.6999999999991
7655,1278.4999999999993
7656,1252.5
7657,839.4999999999997
7658,784.4000000000005
7659,828.0999999999996
7660,810.2999999999997
7661,829.3999999999996
7662,778.1000000000006
7663,826.2999999999996
7664,1231.4000000000003
7665,1186.6000000000004
7666,1160.4
7667,1042.7
7668,965.3999999999993
7669,880.3000000000002
7670,845.6999999999998
7671,765.4000000000007
7672,809.1999999999998
7673,852.2000000000002
7674,969.0999999999996
7675,972.6999999999995
7676,999.5000000000002
7677,956.6000000000001
7678,991.8000000000003
7679,979.5000000000002
7680,1012.1000000000001
7681,587.4
7682,619.9
7683,551.3
7684,556.8
7685,571.8999999999999
7686,600.0999999999998
7687,563.9
7688,1112.0999999999997
7689,1111.9999999999995
7690,1120.6
7691,1131.2999999999995
7692,1125.9999999999993
7693,1098.1000000000004
7694,1094.1000000000001
7695,1099.2000000000003
7696,1161.2
7697,1197.3000000000006
7698,1293.9999999999995
7699,1296.4999999999993
7700,1433.0000000000002
7701,1380.7999999999997
7702,1400.9999999999993
7703,1400.3999999999994
7704,1357.0000000000005
7705,965.6999999999994
7706,981.2000000000002
7707,978.9000000000001
7708,1077.0000000000005
7709,1047.5
7710,1041.0
7711,1054.9999999999998
7712,1484.2999999999995
7713,1471.5000000000005
7714,1460.3000000000002
7715,1396.299999999999
7716,1276.5999999999997
7717,1172.7999999999997
7718,1136.2
7719,1207.3999999999996
7720,1202.9000000000003
7721,1297.5999999999995
7722,1350.1000000000013
7723,1387.6999999999991
7724,1506.5999999999997
7725,1565.9999999999993
7726,1599.5999999999992
7727,1606.2999999999988
7728,1674.5
7729,1322.1000000000006
7730,1361.4
7731,1443.1000000000006
7732,1486.6999999999996
7733,1551.1
7734,1625.3000000000006
7735,1683.5000000000005
7736,2107.000000000001
7737,2099.400000000001
7738,1963.7000000000012
7739,1920.0000000000005
7740,1810.8
7741,1722.6
7742,1701.9
7743,1753.9999999999995
7744,1809.2999999999993
7745,1914.200000000001
7746,2043.3999999999996
7747,2045.2000000000005
7748,2134.5000000000005
7749,2185.7999999999993
7750,2265.700000000001
7751,2362.599999999999
7752,2406.0
7753,2019.7999999999997
7754,1962.5000000000014
7755,1988.9999999999993
7756,1961.500000000001
7757,1929.2
7758,1959.3000000000018
7759,2038.499999999999
7760,2417.999999999999
7761,2372.699999999999
7762,2249.7999999999997
7763,2125.900000000002
7764,2019.8999999999999
7765,1881.6999999999998
7766,1713.800000000001
7767,1705.6000000000004
7768,1653.5
7769,1693.2000000000005
7770,1851.7999999999995
7771,1967.300000000002
7772,1978.4000000000008
7773,1991.8999999999994
7774,1992.6999999999991
7775,2022.5999999999997
7776,2102.0000000000005
7777,1710.6000000000004
7778,1651.1999999999998
7779,1679.3000000000004
7780,1742.8999999999994
7781,1764.7000000000003
7782,1795.5999999999997
7783,1763.1
7784,2116.0000000000014
7785,2080.800000000001
7786,1973.3000000000025
7787,1805.1
7788,1707.7000000000005
7789,1613.6999999999998
7790,1606.6999999999987
7791,1593.4999999999995
7792,1613.6999999999998
7793,1660.0000000000005
7794,1793.0
7795,1855.499999999999
7796,1937.9999999999995
7797,1895.4
7798,1990.499999999999
7799,2026.3999999999992
7800,2072.7999999999993
7801,1619.6999999999998
7802,1642.4000000000003
7803,1615.5999999999997
7804,1638.0000000000005
7805,1665.4999999999998
7806,1692.000000000001
7807,1769.3
7808,2150.699999999999
7809,2088.6000000000017
7810,2061.3999999999983
7811,1920.6000000000001
7812,1794.2
7813,1582.8000000000013
7814,1473.6000000000004
7815,1432.4000000000005
7816,1474.5000000000005
7817,1466.5000000000005
7818,1495.8999999999994
7819,1481.6999999999996
7820,1619.8
7821,1692.000000000001
7822,1720.4000000000005
7823,1701.6000000000001
7824,1724.8999999999996
7825,1300.3999999999996
7826,1291.5999999999992
7827,1282.9999999999993
7828,1275.0999999999992
7829,1270.1999999999996
7830,1300.4999999999995
7831,1279.6999999999991
7832,1673.1000000000001
7833,1661.0000000000002
7834,1624.3000000000002
7835,1590.0000000000007
7836,1464.3000000000002
7837,1353.0000000000007
7838,1267.9999999999993
7839,1228.8000000000002
7840,1246.6000000000004
7841,1203.4
7842,1248.7
7843,1238.5000000000002
7844,1267.9999999999993
7845,1269.1999999999994
7846,1303.0999999999988
7847,1232.6999999999998
7848,1212.8999999999994
7849,758.5
7850,813.3
7851,839.3999999999996
7852,833.9999999999999
7853,917.4999999999998
7854,863.4000000000002
7855,904.2999999999998
7856,1398.7999999999993
7857,1392.799999999999
7858,1331.3000000000009
7859,1194.1000000000008
7860,1111.1999999999996
7861,1070.7000000000003
7862,1037.5
7863,1005.4000000000003
7864,1052.2999999999997
7865,1136.2
7866,1245.9000000000005
7867,1306.6999999999991
7868,1422.2999999999997
7869,1531.9000000000015
7870,1569.3
7871,1690.6000000000008
7872,1702.7000000000005
7873,1323.3000000000006
7874,1349.500000000001
7875,1364.5000000000002
7876,1359.9000000000005
7877,1401.9999999999998
7878,1427.1999999999996
7879,1422.6999999999998
7880,1874.799999999999
7881,1811.1
7882,1776.6000000000004
7883,1705.1000000000001
7884,1641.5000000000002
7885,1600.899999999999
7886,1573.2999999999997
7887,1557.4999999999993
7888,1504.9
7889,1536.8000000000009
7890,1605.5999999999988
7891,1656.5000000000002
7892,1742.3999999999994
7893,1810.2999999999995
7894,1874.499999999999
7895,1853.599999999999
7896,1824.7000000000005
7897,1325.4000000000005
7898,1326.7000000000005
7899,1334.6000000000006
7900,1334.6000000000006
7901,1323.4000000000005
7902,1309.2999999999988
7903,1341.7000000000012
7904,1802.1999999999998
7905,1647.9
7906,1506.5999999999997
7907,1417.1
7908,1334.2000000000007
7909,1202.9000000000003
7910,1151.0999999999997
7911,1175.1999999999998
7912,1235.9
7913,1288.9999999999993
7914,1372.6
7915,1406.6999999999996
7916,1406.4999999999998
7917,1373.4999999999998
7918,1364.7
7919,1388.7999999999988
7920,1339.900000000001
7921,910.1
7922,932.6999999999997
7923,961.1999999999999
7924,988.2000000000004
7925,1097.8000000000002
7926,1130.4999999999995
7927,1164.1
7928,1638.6000000000001
7929,1571.3999999999999
7930,1505.6000000000001
7931,1385.9999999999993
7932,1262.9000000000003
7933,1164.6
7934,1198.2000000000005
7935,1173.1999999999998
7936,1177.1999999999994
7937,1208.9999999999995
7938,1294.6999999999994
7939,1258.9000000000005
7940,1316.1000000000001
7941,1339.600000000001
7942,1456.6000000000004
7943,1447.8000000000009
7944,1547.3999999999994
7945,1226.3999999999999
7946,1247.4000000000005
7947,1288.0999999999992
7948,1315.4
7949,1395.899999999999
7950,1444.5000000000007
7951,1434.1000000000004
7952,1832.400000000001
7953,1835.0000000000007
7954,1764.6000000000001
7955,1639.9
7956,1557.2999999999993
7957,1457.2000000000005
7958,1355.0000000000007
7959,1327.4000000000005
7960,1357.3000000000006
7961,1411.6999999999998
7962,1518.6999999999998
7963,1543.3000000000004
7964,1569.7
7965,1543.3000000000004
7966,1569.1
7967,1539.8000000000006
7968,1552.1999999999998
7969,1240.5999999999997
7970,1284.0999999999995
7971,1297.0999999999992
7972,1353.2000000000007
7973,1400.3999999999994
7974,1353.1000000000006
7975,1375.8000000000002
7976,1800.1
7977,1735.4999999999993
7978,1644.0999999999997
7979,1438.4000000000008
7980,1301.0999999999992
7981,1185.3000000000002
7982,1129.8999999999996
7983,1183.0000000000002
7984,1281.4999999999995
7985,1310.299999999999
7986,1428.6
7987,1540.7000000000007
7988,1596.5999999999992
7989,1678.1000000000004
7990,1806.3999999999994
7991,1817.7000000000005
7992,1899.9000000000008
7993,1515.8999999999999
7994,1526.4000000000008
7995,1535.7000000000007
7996,1639.3000000000002
7997,1649.4000000000003
7998,1704.7000000000003
7999,1772.6000000000001
8000,2228.0999999999995
8001,2165.4999999999995
8002,2092.6000000000004
8003,1994.4999999999993
8004,1864.099999999999
8005,1815.2
8006,1743.0999999999997
8007,1803.3999999999999
8008,1888.1000000000004
8009,1947.3999999999999
8010,2090.000000000002
8011,2238.100000000001
8012,2249.9999999999995
8013,2278.6000000000004
8014,2394.0000000000023
8015,2451.700000000001
8016,2483.7000000000003
8017,2149.9000000000005
8018,2165.3999999999983
8019,2215.7
8020,2183.6
8021,2240.4
8022,2361.5000000000005
8023,2439.0
8024,2876.0999999999985
8025,2939.599999999999
8026,2823.1000000000013
8027,2767.8
8028,2754.900000000001
8029,2681.6000000000004
8030,2632.599999999999
8031,2607.899999999999
8032,2535.1
8033,2551.6999999999994
8034,2554.3000000000006
8035,2570.4
8036,2620.2000000000003
8037,2756.900000000001
8038,2859.4000000000005
8039,2880.3999999999987
8040,2852.3000000000006
8041,2408.9999999999995
8042,2382.6999999999994
8043,2304.3000000000006
8044,2286.6000000000004
8045,2239.1000000000004
8046,2268.900000000001
8047,2195.5000000000005
8048,2649.100000000003
8049,2659.9000000000037
8050,2699.999999999999
8051,2594.2000000000003
8052,2519.899999999999
8053,2425.3
8054,2410.9999999999995
8055,2355.0999999999995
8056,2371.3
8057,2313.5
8058,2297.1000000000004
8059,2306.600000000001
8060,2371.0000000000005
8061,2342.699999999999
8062,2345.4999999999986
8063,2389.7000000000007
8064,2389.9000000000005
8065,1867.499999999999
8066,1859.3999999999994
8067,1837.9000000000008
8068,1858.599999999999
8069,1854.3999999999994
8070,1849.4000000000005
8071,1783.3999999999999
8072,2267.5000000000005
8073,2241.2999999999997
8074,2173.4999999999986
8075,2027.1000000000001
8076,1978.1999999999994
8077,1929.2000000000012
8078,1968.699999999999
8079,1965.6999999999991
8080,2006.0999999999995
8081,2049.2000000000007
8082,2057.4000000000005
8083,2112.6
8084,2187.8999999999996
8085,2120.899999999999
8086,2157.699999999999
8087,2145.5000000000014
8088,2168.6999999999985
8089,1740.799999999999
8090,1769.3999999999987
8091,1859.3999999999994
8092,1843.0
8093,1951.5
8094,1988.6999999999998
8095,1889.0
8096,2337.2999999999997
8097,2337.0999999999995
8098,2326.0999999999985
8099,2201.2000000000003
8100,2221.1
8101,2164.0999999999985
8102,2166.099999999998
8103,2301.300000000001
8104,2337.7999999999997
8105,2378.9999999999995
8106,2473.7000000000025
8107,2546.6999999999994
8108,2552.4
8109,2633.599999999999
8110,2643.3
8111,2648.7000000000025
8112,2740.3999999999987
8113,2216.6
8114,2134.3
8115,2069.7000000000007
8116,1942.3999999999994
8117,1949.6000000000001
8118,1986.9000000000003
8119,1883.1999999999996
8120,2307.2000000000007
8121,2263.3999999999996
8122,2203.9000000000005
8123,2114.7000000000003
8124,2029.8000000000004
8125,1976.5999999999992
8126,1835.200000000001
8127,1798.600000000001
8128,1813.1000000000004
8129,1791.3000000000015
8130,1744.399999999999
8131,1781.5999999999995
8132,1744.799999999999
8133,1713.0000000000014
8134,1614.3
8135,1581.7999999999993
8136,1584.6999999999987
8137,1070.1999999999996
8138,1025.4000000000008
8139,1007.7000000000004
8140,1066.0999999999995
8141,1081.4999999999998
8142,1025.3000000000006
8143,1027.6000000000006
8144,1496.799999999999
8145,1430.6000000000001
8146,1382.6
8147,1330.4000000000005
8148,1346.1000000000004
8149,1256.9
8150,1189.3000000000002
8151,1082.3999999999999
8152,1097.3000000000009
8153,1164.3999999999996
8154,1180.1000000000001
8155,1113.7000000000003
8156,1160.1
8157,1254.0
8158,1338.4000000000005
8159,1388.6999999999994
8160,1409.6
8161,913.6999999999998
8162,994.0000000000002
8163,1070.8999999999999
8164,1114.9
8165,1151.3999999999999
8166,1176.4999999999998
8167,1172.4
8168,1659.7000000000007
8169,1608.5
8170,1592.799999999999
8171,1534.8000000000006
8172,1508.9999999999998
8173,1462.0000000000002
8174,1506.9999999999986
8175,1455.4000000000003
8176,1486.9999999999998
8177,1509.9
8178,1599.5999999999997
8179,1624.3999999999994
8180,1711.800000000001
8181,1764.199999999999
8182,1771.4999999999989
8183,1806.2000000000003
8184,1802.9000000000005
8185,1386.1999999999998
8186,1435.6000000000001
8187,1492.2999999999993
8188,1561.500000000001
8189,1753.5999999999985
8190,1869.9999999999995
8191,1920.0000000000011
8192,2323.999999999999
8193,2198.2000000000007
8194,2191.2000000000003
8195,2129.0
8196,2074.3
8197,2127.0999999999995
8198,2098.5
8199,2148.5000000000014
8200,2287.600000000001
8201,2372.0
8202,2529.0
8203,2688.2000000000003
8204,2808.000000000001
8205,2883.9999999999995
8206,3070.5000000000005
8207,3185.2999999999984
8208,3295.3000000000015
8209,2849.9000000000005
8210,2860.0000000000005
8211,2915.7000000000016
8212,2968.999999999999
8213,2934.199999999999
8214,2853.9000000000005
8215,2927.9
8216,3377.999999999998
8217,3358.3
8218,3287.100000000001
8219,3191.7
8220,3151.1000000000017
8221,3133.2000000000003
8222,2998.7999999999984
8223,2935.199999999998
8224,2922.1000000000004
8225,2979.999999999999
8226,2952.5000000000005
8227,2961.6000000000004
8228,3036.3000000000015
8229,3040.100000000002
8230,3084.6999999999985
8231,3096.5999999999976
8232,3085.499999999998
8233,2674.800000000001
8234,2707.999999999998
8235,2697.3999999999996
8236,2720.8999999999983
8237,2751.7000000000016
8238,2773.7999999999997
8239,2796.2999999999993
8240,3223.2999999999997
8241,3269.3999999999987
8242,3221.6000000000004
8243,3256.399999999997
8244,3163.0000000000005
8245,3228.2999999999993
8246,3206.0
8247,3173.6000000000013
8248,3161.9000000000005
8249,3221.4000000000005
8250,3221.3000000000006
8251,3249.7999999999965
8252,3354.2
8253,3255.099999999997
8254,3278.4
8255,3331.400000000001
8256,3280.2999999999997
8257,2850.6000000000004
8258,2893.000000000002
8259,2849.8
8260,2901.7000000000003
8261,2948.5999999999995
8262,2930.3999999999987
8263,2899.800000000001
8264,3318.2000000000016
8265,3230.2999999999997
8266,3133.5
8267,3048.6000000000013
8268,3010.500000000001
8269,2913.8000000000006
8270,2875.4999999999986
8271,2815.600000000001
8272,2816.1000000000013
8273,2908.1000000000004
8274,2902.3999999999996
8275,2877.9999999999986
8276,2805.9999999999995
8277,2828.1000000000004
8278,2898.5000000000005
8279,2867.4
8280,2915.2000000000016
8281,2458.900000000002
8282,2387.9000000000005
8283,2337.7
8284,2324.199999999999
8285,2325.299999999999
8286,2340.699999999999
8287,2355.4999999999995
8288,2829.6000000000004
8289,2894.1000000000013
8290,2859.3000000000006
8291,2763.5000000000014
8292,2752.9000000000015
8293,2701.0999999999995
8294,2723.0999999999985
8295,2659.2000000000035
8296,2617.7000000000003
8297,2614.6999999999994
8298,2677.3
8299,2668.2000000000016
8300,2695.5999999999995
8301,2716.1999999999985
8302,2769.2000000000003
8303,2745.500000000001
8304,2755.000000000001
8305,2304.8000000000006
8306,2343.599999999999
8307,2409.1
8308,2423.9
8309,2475.300000000002
8310,2383.7999999999993
8311,2308.2000000000007
8312,2691.2999999999997
8313,2731.1999999999994
8314,2641.3
8315,2505.0
8316,2381.8999999999996
8317,2276.8000000000006
8318,2149.300000000001
8319,2117.1
8320,2126.8999999999996
8321,2186.4
8322,2249.2999999999997
8323,2265.3999999999996
8324,2285.0
8325,2366.9
8326,2408.8999999999996
8327,2394.9000000000005
8328,2392.4000000000005
8329,1921.1000000000013
8330,1922.0000000000016
8331,1830.3000000000004
8332,1814.6000000000004
8333,1900.8000000000002
8334,1949.0000000000002
8335,2013.3999999999992
8336,2460.4000000000015
8337,2403.400000000001
8338,2308.6000000000004
8339,2218.4999999999995
8340,2145.2000000000016
8341,2046.9000000000003
8342,1975.2999999999993
8343,1951.5
8344,1951.5
8345,2017.7999999999995
8346,2079.2000000000007
8347,2101.0999999999995
8348,2173.999999999999
8349,2139.100000000001
8350,2163.599999999999
8351,2162.0999999999985
8352,2174.999999999999
8353,1673.2000000000005
8354,1694.5
8355,1670.2000000000007
8356,1663.9000000000012
8357,1606.2999999999997
8358,1639.6000000000004
8359,1769.8999999999987
8360,2230.399999999999
8361,2135.3000000000006
8362,1992.4
8363,1960.0999999999997
8364,1796.9000000000012
8365,1726.1999999999996
8366,1700.6999999999998
8367,1661.600000000001
8368,1727.2999999999995
8369,1829.0
8370,1872.3999999999992
8371,1926.4000000000012
8372,1948.3000000000004
8373,2061.0000000000005
8374,2166.2999999999984
8375,2224.9999999999995
8376,2280.1
8377,1850.6000000000004
8378,1880.3999999999992
8379,1829.4000000000003
8380,1828.4999999999998
8381,1884.7999999999995
8382,1918.8000000000009
8383,1927.9000000000015
8384,2427.2000000000003
8385,2439.2000000000003
8386,2350.699999999999
8387,2311.4000000000005
8388,2220.9
8389,2176.4999999999995
8390,2016.7999999999988
8391,1987.7
8392,1987.7
8393,2037.6000000000006
8394,2028.9000000000005
8395,2095.9999999999995
8396,2027.8000000000002
8397,2004.4999999999995
8398,1986.8000000000004
8399,2000.0000000000002
8400,1955.1999999999994
8401,1506.4999999999986
8402,1511.0
8403,1544.9
8404,1448.9
8405,1494.4999999999989
8406,1476.5999999999997
8407,1500.0999999999985
8408,1996.2000000000005
8409,1970.3999999999994
8410,1867.5999999999992
8411,1786.7000000000007
8412,1725.6
8413,1702.5999999999995
8414,1693.6999999999998
8415,1655.100000000001
8416,1588.1999999999982
8417,1631.6999999999991
8418,1688.0999999999995
8419,1663.7000000000012
8420,1722.9
8421,1697.5000000000005
8422,1700.6
8423,1708.200000000001
8424,1780.7999999999993
8425,1224.7
8426,1196.4999999999993
8427,1275.5999999999992
8428,1265.8000000000002
8429,1316.8000000000004
8430,1343.3000000000004
8431,1287.3999999999999
8432,1757.6999999999991
8433,1685.2999999999997
8434,1600.6000000000001
8435,1522.100000000001
8436,1486.6
8437,1453.1000000000006
8438,1423.1999999999996
8439,1399.2999999999997
8440,1373.6000000000006
8441,1396.3999999999994
8442,1498.1999999999987
8443,1529.4000000000005
8444,1560.5000000000011
8445,1609.1000000000001
8446,1548.3999999999999
8447,1496.2999999999993
8448,1425.6
8449,997.2000000000004
8450,1080.7999999999997
8451,1070.6999999999998
8452,1179.7
8453,1155.1
8454,1099.1000000000008
8455,1121.5999999999995
8456,1574.5000000000002
8457,1579.6999999999998
8458,1467.2000000000003
8459,1349.1999999999998
8460,1282.3999999999999
8461,1186.5000000000002
8462,1111.2000000000003
8463,1057.1999999999991
8464,1151.3
8465,1236.3000000000006
8466,1283.3
8467,1316.8000000000004
8468,1376.5000000000005
8469,1386.0999999999997
8470,1425.6
8471,1436.1000000000001
8472,1485.4
8473,1064.3999999999994
8474,1201.7999999999995
8475,1191.1000000000001
8476,1202.3999999999996
8477,1238.7000000000007
8478,1299.8999999999996
8479,1379.4
8480,1832.8000000000004
8481,1840.5000000000002
8482,1805.0000000000005
8483,1766.1999999999985
8484,1735.1000000000001
8485,1668.8000000000009
8486,1689.7999999999993
8487,1685.8999999999999
8488,1703.6999999999998
8489,1806.5
8490,1860.4999999999995
8491,1927.3000000000015
8492,2027.9
8493,2078.400000000001
8494,2193.2000000000007
8495,2212.0000000000005
8496,2263.3999999999996
8497,1801.3000000000004
8498,1800.8000000000006
8499,1796.6000000000013
8500,1751.1999999999985
8501,1811.7
8502,1839.8000000000004
8503,1792.1000000000015
8504,2300.600000000001
8505,2286.6000000000004
8506,2209.200000000001
8507,2043.3000000000006
8508,1975.9999999999993
8509,1934.8
8510,1866.4999999999993
8511,1873.1999999999994
8512,1812.1000000000004
8513,1858.8999999999994
8514,1933.0000000000005
8515,1910.2000000000005
8516,1949.6000000000001
8517,1891.9999999999998
8518,1812.1000000000004
8519,1797.5000000000011
8520,1740.799999999999
8521,1332.1000000000008
8522,1359.8
8523,1373.6000000000006
8524,1373.9000000000005
8525,1416.6999999999998
8526,1386.0999999999997
8527,1387.8999999999992
8528,1879.1999999999996
8529,1818.0000000000002
8530,1679.6000000000006
8531,1685.4999999999998
8532,1675.5000000000002
8533,1635.7999999999993
8534,1705.8
8535,1698.0
8536,1776.5999999999992
8537,1744.899999999999
8538,1810.1999999999998
8539,1772.499999999999
8540,1787.600000000001
8541,1833.1000000000006
8542,1800.9000000000005
8543,1814.1999999999998
8544,1871.0999999999992
8545,1466.1
8546,1531.5000000000007
8547,1536.8000000000006
8548,1575.9000000000003
8549,1600.5
8550,1670.6000000000008
8551,1688.6999999999994
8552,2164.1999999999985
8553,2110.7
8554,2017.4999999999995
8555,1884.9999999999995
8556,1827.5
8557,1779.2999999999993
8558,1725.2
8559,1856.0999999999997
8560,1966.6999999999991
8561,2034.100000000001
8562,2125.9999999999995
8563,2064.300000000001
8564,2095.2999999999993
8565,2058.0000000000005
8566,2146.6000000000013
8567,2161.8999999999987
8568,2172.3999999999987
8569,1725.8999999999996
8570,1756.5999999999985
8571,1772.899999999999
8572,1800.2000000000007
8573,1772.2999999999988
8574,1831.6000000000006
8575,1862.8999999999994
8576,2323.2999999999993
8577,2252.1
8578,2185.5
8579,2085.8999999999996
8580,1898.5999999999997
8581,1812.1000000000004
8582,1746.0999999999992
8583,1643.5
8584,1670.9000000000008
8585,1748.5999999999988
8586,1800.3000000000009
8587,1874.5999999999995
8588,2051.400000000001
8589,2005.3999999999994
8590,1969.999999999999
8591,2015.6999999999994
8592,2040.700000000001
8593,1595.299999999999
8594,1508.4999999999995
8595,1502.3999999999987
8596,1454.4000000000003
8597,1438.4000000000003
8598,1378.1000000000001
8599,1384.5999999999995
8600,1798.8000000000009
8601,1729.5999999999997
8602,1707.0000000000002
8603,1585.399999999999
8604,1438.8000000000004
8605,1400.5
8606,1291.9
8607,1297.7000000000003
8608,1332.000000000001
8609,1412.9
8610,1526.7000000000014
8611,1577.6999999999998
8612,1539.1000000000001
8613,1495.499999999999
8614,1505.2999999999988
8615,1556.6000000000004
8616,1582.7999999999993
8617,1172.8000000000002
8618,1098.7000000000007
8619,1061.8999999999996
8620,1110.5
8621,1148.5999999999997
8622,1173.0
8623,1124.6999999999994
8624,1584.9999999999989
8625,1594.6999999999991
8626,1481.3000000000002
8627,1316.8000000000004
8628,1238.2000000000007
8629,1160.3999999999999
8630,1133.0
8631,1064.2999999999995
8632,1155.2999999999997
8633,1204.7999999999993
8634,1317.9000000000003
8635,1402.7
8636,1421.3999999999999
8637,1503.4999999999989
8638,1549.5
8639,1639.0000000000002
8640,1701.2999999999997
8641,1315.1000000000001
8642,1325.1000000000004
8643,1301.9999999999998
8644,1309.2
8645,1264.6000000000001
8646,1322.1000000000001
8647,1336.8000000000009
8648,1834.5000000000007
8649,1778.899999999999
8650,1711.600000000001
8651,1610.9000000000003
8652,1465.7
8653,1388.9999999999995
8654,1334.100000000001
8655,1255.5000000000002
8656,1221.2999999999997
8657,1306.6999999999996
8658,1351.4999999999998
8659,1364.5000000000005
8660,1292.4999999999998
8661,1335.500000000001
8662,1359.1000000000001
8663,1356.8
8664,1414.6999999999996
8665,943.0999999999999
8666,910.5
8667,837.8999999999997
8668,821.5999999999996
8669,795.2
8670,790.0000000000002
8671,796.9999999999998
8672,1281.5999999999997
8673,1283.0
8674,1281.1
8675,1188.9000000000005
8676,1119.4999999999998
8677,1080.4999999999998
8678,1012.7000000000006
8679,1023.8000000000008
8680,1027.8000000000006
8681,999.6000000000006
8682,909.7
8683,913.5999999999999
8684,889.3000000000001
8685,830.6999999999997
8686,832.6999999999997
8687,812.7
8688,809.3
8689,353.8
8690,377.2999999999999
8691,419.9999999999999
8692,345.59999999999985
8693,418.59999999999985
8694,474.6000000000002
8695,429.60000000000025
8696,916.7999999999998
8697,888.5
8698,927.5999999999997
8699,874.4999999999999
8700,926.9999999999997
8701,940.7999999999998
8702,978.5
8703,1093.2000000000012
8704,1198.6999999999996
8705,1259.9
8706,1333.2000000000007
8707,1387.0999999999995
8708,1394.3999999999994
8709,1382.0
8710,1445.7000000000005
8711,1479.6999999999998
8712,1442.1000000000008
8713,1023.2000000000006
8714,1117.9
8715,1133.2
8716,1228.6
8717,1259.4
8718,1350.2999999999997
8719,1445.4000000000005
8720,1894.4000000000005
8721,1917.3000000000004
8722,1901.6000000000001
8723,1991.8000000000002
8724,1892.3999999999999
8725,1796.7000000000014
8726,1812.4000000000003
8727,1802.4000000000003
8728,1876.7000000000003
8729,1916.6000000000004
8730,2054.500000000001
8731,2102.499999999999
8732,2053.2000000000007
8733,2143.7000000000016
8734,2241.2999999999997
8735,2277.2000000000007
8736,2344.699999999999
8737,1928.4000000000012
8738,1969.999999999999
8739,2013.3999999999992
8740,2033.3000000000004
8741,2073.4000000000005
8742,2081.2000000000003
8743,2123.0999999999995
8744,2564.4999999999995
8745,2670.9000000000005
8746,2594.7000000000007
8747,2565.3999999999996
8748,2566.7
8749,2588.2000000000007
8750,2572.9999999999995
8751,2581.699999999999
8752,2596.8999999999996
8753,2562.9
8754,2610.3999999999996
8755,2707.299999999998
8756,2781.2000000000003
8757,2898.8000000000006
8758,3025.5000000000005
8759,3109.4999999999986
8760,3151.6000000000017
