hour,simstadt_heating_demand_kwh_h
1,669.7
2,688.0999999999999
3,723.4999999999999
4,710.1999999999998
5,722.1999999999998
6,724.8999999999996
7,709.9999999999999
8,873.8999999999996
9,878.6999999999997
10,828.7
11,831.6
12,783.4999999999998
13,759.9000000000001
14,764.3999999999999
15,762.4999999999999
16,784.5999999999998
17,834.2000000000004
18,901.5000000000001
19,961.1999999999999
20,977.4000000000002
21,987.3000000000001
22,1018.6999999999997
23,1041.8999999999994
24,1079.5000000000005
25,944.1000000000004
26,915.7000000000002
27,922.8000000000003
28,923.2000000000003
29,910.6000000000004
30,892.6999999999999
31,913.3000000000001
32,1098.5000000000002
33,1069.7000000000005
34,1048.3999999999999
35,1015.1
36,973.6000000000001
37,951.7
38,941.9000000000002
39,909.5000000000002
40,929.3000000000001
41,971.5000000000002
42,1014.9
43,1023.0000000000001
44,1025.9999999999998
45,1038.8999999999994
46,1041.5999999999995
47,1044.0999999999995
48,1045.2999999999997
49,874.7999999999996
50,871.6999999999996
51,878.2999999999997
52,899.6000000000001
53,910.1000000000003
54,895.9000000000003
55,927.1000000000003
56,1081.9000000000003
57,1072.4000000000005
58,1077.9000000000005
59,1048.6
60,1039.7999999999993
61,995.8
62,972.1000000000001
63,953.5000000000001
64,949.9000000000002
65,961.4999999999999
66,998.6999999999999
67,1033.1999999999996
68,1057.9000000000003
69,1090.3
70,1113.9999999999998
71,1136.3999999999999
72,1152.2999999999997
73,995.4999999999999
74,995.9
75,985.6000000000003
76,993.1999999999999
77,990.7999999999998
78,985.0000000000002
79,961.1999999999999
80,1094.2000000000005
81,1061.9000000000003
82,1007.8999999999999
83,915.6000000000001
84,844.8
85,780.0999999999999
86,754.8000000000003
87,762.6999999999997
88,757.4000000000001
89,770.6
90,779.0
91,776.0
92,757.5
93,781.1999999999998
94,794.1000000000001
95,802.6000000000004
96,805.0000000000006
97,633.5
98,641.4999999999999
99,675.2000000000002
100,695.3999999999999
101,719.2999999999997
102,731.9999999999995
103,764.1999999999998
104,944.7000000000005
105,965.4000000000002
106,962.1
107,978.3000000000002
108,987.1000000000001
109,989.9999999999998
110,1013.8
111,1066.4000000000008
112,1061.1000000000004
113,1108.8000000000002
114,1156.3
115,1164.1999999999994
116,1141.8
117,1172.7
118,1216.2999999999995
119,1268.6999999999994
120,1274.1999999999996
121,1134.3
122,1136.1999999999998
123,1107.2000000000003
124,1104.3000000000002
125,1050.2
126,1012.1999999999998
127,998.1
128,1158.9999999999995
129,1142.1
130,1098.8000000000004
131,1034.7999999999993
132,979.7000000000002
133,902.3000000000002
134,844.4
135,817.5999999999998
136,779.5999999999999
137,780.2999999999998
138,804.9000000000007
139,772.1999999999999
140,767.6000000000003
141,775.0
142,774.3000000000001
143,775.0
144,771.6000000000001
145,588.7000000000002
146,606.7999999999998
147,611.2
148,621.8
149,652.2999999999998
150,637.1
151,641.1999999999999
152,827.6000000000001
153,813.5
154,761.3
155,741.1999999999998
156,704.0999999999999
157,675.7000000000003
158,618.0999999999999
159,595.1000000000003
160,590.4000000000001
161,646.8
162,681.8000000000002
163,735.4999999999997
164,744.2999999999998
165,787.1999999999998
166,795.3000000000002
167,847.3000000000001
168,858.4999999999997
169,705.4999999999997
170,698.9999999999999
171,706.9999999999997
172,675.2000000000002
173,665.6
174,632.1
175,631.5000000000001
176,789.6999999999999
177,786.3999999999999
178,768.7
179,725.8999999999997
180,688.2999999999998
181,702.9000000000001
182,682.4000000000001
183,699.2999999999998
184,694.9
185,687.1999999999999
186,695.3999999999999
187,712.3
188,672.8000000000002
189,648.7999999999998
190,647.4
191,617.3000000000001
192,593.3000000000003
193,388.20000000000005
194,389.80000000000007
195,411.9000000000001
196,417.6999999999999
197,393.6000000000001
198,363.89999999999986
199,389.80000000000007
200,553.2
201,566.3999999999996
202,524.2
203,516.8
204,525.2
205,515.1999999999998
206,471.8000000000001
207,429.1999999999997
208,417.6999999999999
209,423.4999999999997
210,411.5000000000001
211,415.79999999999995
212,419.4999999999999
213,413.0
214,414.4
215,405.2000000000001
216,378.7000000000003
217,218.7
218,234.20000000000016
219,251.49999999999994
220,271.79999999999995
221,294.60000000000025
222,318.6000000000001
223,349.79999999999984
224,529.4000000000001
225,526.9000000000001
226,540.5999999999999
227,542.7
228,530.6
229,516.6999999999999
230,525.7
231,516.2999999999998
232,566.1999999999997
233,602.1
234,649.9999999999999
235,653.1999999999998
236,690.3999999999997
237,739.2999999999997
238,797.3000000000002
239,840.0
240,870.8999999999995
241,731.9999999999995
242,733.9999999999995
243,734.9999999999995
244,737.9999999999998
245,732.1999999999996
246,725.8999999999997
247,722.3999999999999
248,876.3999999999997
249,890.3000000000002
250,850.6000000000004
251,852.8000000000003
252,781.2999999999998
253,764.3999999999999
254,710.8999999999999
255,723.0999999999999
256,747.6
257,812.4000000000001
258,807.4000000000007
259,821.0999999999999
260,856.6999999999997
261,876.4999999999998
262,907.1999999999999
263,903.6000000000001
264,910.4000000000003
265,741.0999999999998
266,757.7
267,752.0000000000002
268,747.1
269,728.3999999999996
270,742.6999999999997
271,731.6999999999996
272,911.2000000000003
273,914.1
274,884.6000000000001
275,855.8
276,803.6000000000005
277,762.2999999999998
278,735.7999999999996
279,712.6
280,715.1999999999999
281,706.0999999999998
282,722.1999999999998
283,726.6999999999996
284,723.4999999999999
285,753.5000000000003
286,758.2
287,758.0
288,769.2
289,570.7999999999998
290,570.7999999999998
291,567.0999999999997
292,565.7999999999997
293,577.2
294,583.5000000000001
295,565.6999999999997
296,735.3999999999996
297,731.8999999999995
298,730.4999999999995
299,689.4999999999999
300,666.2
301,633.7
302,621.1999999999999
303,614.3000000000001
304,589.5000000000001
305,621.5999999999999
306,613.3000000000002
307,620.9999999999999
308,630.7
309,637.9000000000002
310,678.5000000000002
311,672.8000000000002
312,687.4999999999999
313,527.7
314,521.6000000000001
315,523.2000000000002
316,501.9
317,488.4000000000003
318,477.50000000000017
319,491.9000000000002
320,670.4000000000002
321,677.9000000000004
322,665.6
323,652.6999999999999
324,666.2
325,640.3999999999999
326,622.9999999999999
327,581.6000000000001
328,552.4000000000001
329,582.2000000000002
330,588.7000000000002
331,615.2
332,628.1999999999999
333,633.8000000000001
334,637.4000000000001
335,653.8999999999999
336,639.2
337,477.2000000000001
338,490.5000000000003
339,509.09999999999957
340,535.1
341,544.8999999999999
342,544.8999999999999
343,545.0999999999998
344,744.3999999999999
345,753.5000000000003
346,768.9
347,742.2999999999997
348,726.5999999999996
349,719.2999999999997
350,741.3999999999999
351,745.2999999999998
352,753.5000000000003
353,776.4
354,803.7000000000005
355,810.0
356,841.0999999999999
357,836.0000000000002
358,861.6999999999995
359,858.4999999999997
360,838.0999999999999
361,661.9999999999998
362,676.9000000000003
363,698.8999999999999
364,689.1999999999998
365,680.0000000000002
366,717.5
367,725.8999999999997
368,905.3000000000002
369,899.2000000000002
370,909.4000000000002
371,847.4000000000001
372,828.7
373,808.3000000000006
374,788.0999999999998
375,799.6000000000003
376,835.7000000000002
377,894.2
378,935.5999999999999
379,959.9
380,977.7000000000002
381,994.7
382,1036.3999999999996
383,1075.7000000000005
384,1105.5000000000002
385,991.1999999999998
386,999.9
387,1006.6999999999998
388,994.1999999999999
389,995.8
390,982.6
391,977.0000000000003
392,1134.3999999999999
393,1085.6000000000004
394,1038.5999999999995
395,987.6
396,936.3999999999999
397,864.3999999999996
398,804.4000000000005
399,812.4000000000001
400,787.7999999999997
401,781.4999999999999
402,809.8000000000001
403,793.7000000000003
404,792.3000000000001
405,841.8
406,812.2
407,816.4
408,802.4000000000003
409,582.3000000000002
410,611.3000000000001
411,633.5
412,635.9999999999999
413,638.8999999999999
414,644.1
415,669.5000000000001
416,854.0000000000001
417,838.2999999999998
418,810.0
419,812.1000000000001
420,786.7999999999998
421,764.0999999999998
422,766.6000000000003
423,767.1000000000003
424,800.8000000000003
425,813.3999999999999
426,815.5999999999999
427,856.4999999999998
428,861.2999999999995
429,905.3000000000002
430,919.5000000000002
431,913.9
432,904.0000000000001
433,750.6
434,771.0000000000001
435,804.8000000000006
436,829.5
437,805.3000000000005
438,794.9000000000001
439,780.3999999999997
440,958.7999999999998
441,939.0000000000002
442,938.1000000000001
443,949.9000000000002
444,909.9000000000002
445,891.6000000000001
446,864.1999999999996
447,823.4000000000001
448,838.0999999999999
449,836.4000000000001
450,822.6
451,853.1000000000003
452,875.3999999999995
453,908.9000000000001
454,929.3000000000001
455,910.4000000000003
456,894.3000000000001
457,737.9999999999998
458,770.9000000000001
459,772.6999999999998
460,807.4000000000007
461,801.3000000000003
462,809.8000000000001
463,809.9
464,982.9
465,985.7000000000003
466,940.6000000000003
467,912.0
468,875.1999999999995
469,842.4000000000001
470,821.0999999999999
471,797.3000000000002
472,776.1
473,788.0999999999998
474,776.8
475,791.4999999999999
476,819.9999999999999
477,809.8000000000001
478,827.6000000000001
479,835.4000000000001
480,836.9
481,667.1000000000001
482,709.9999999999999
483,710.2999999999998
484,739.7999999999997
485,738.2999999999997
486,731.8999999999995
487,743.2999999999998
488,904.2000000000002
489,884.2000000000002
490,851.3000000000003
491,821.0999999999999
492,770.1
493,783.4999999999998
494,750.7
495,746.0999999999999
496,753.5000000000003
497,752.9000000000003
498,792.1
499,802.4000000000003
500,845.9000000000001
501,838.5999999999999
502,880.0999999999999
503,891.7000000000002
504,919.4000000000003
505,760.5000000000002
506,741.9999999999998
507,740.6999999999997
508,751.3000000000002
509,767.1000000000003
510,800.1000000000003
511,821.5
512,999.6999999999999
513,982.6
514,951.8000000000001
515,917.9000000000003
516,888.0000000000001
517,877.6999999999996
518,854.0000000000001
519,853.5000000000002
520,881.1000000000001
521,891.2000000000002
522,892.6999999999999
523,912.5
524,903.3000000000001
525,907.5
526,932.4000000000002
527,959.1999999999998
528,992.1999999999999
529,832.1000000000001
530,831.1
531,865.2999999999996
532,845.1
533,854.9000000000001
534,836.2000000000003
535,862.0999999999996
536,1032.7999999999993
537,1005.8
538,966.4000000000002
539,919.5000000000002
540,861.3999999999995
541,826.7000000000002
542,772.3999999999999
543,766.0000000000001
544,785.4999999999998
545,795.9000000000002
546,816.5
547,828.3000000000002
548,839.4
549,855.8
550,891.6000000000001
551,911.6000000000001
552,945.4000000000003
553,770.6
554,765.5
555,772.9999999999999
556,766.4000000000002
557,805.1000000000005
558,816.8
559,802.0000000000003
560,953.2
561,925.6
562,892.3000000000002
563,875.4999999999995
564,857.7999999999996
565,825.8000000000002
566,805.8000000000005
567,787.4999999999999
568,792.7
569,808.6000000000006
570,817.8999999999999
571,829.1999999999999
572,851.1000000000004
573,835.2000000000002
574,848.2
575,843.1000000000001
576,823.4000000000001
577,651.8999999999997
578,675.7000000000003
579,682.5000000000002
580,643.5
581,627.1999999999999
582,634.3
583,625.7999999999998
584,772.6999999999998
585,755.2000000000003
586,734.8999999999995
587,696.4999999999999
588,650.6999999999998
589,622.2
590,608.7999999999998
591,583.3000000000002
592,565.4999999999997
593,570.1999999999998
594,570.0999999999998
595,572.0999999999999
596,561.9999999999999
597,583.7000000000002
598,603.4000000000002
599,622.7
600,626.1999999999998
601,448.90000000000003
602,483.20000000000033
603,518.2
604,539.2
605,564.4999999999997
606,558.5
607,559.0
608,730.7999999999996
609,745.3999999999999
610,739.9999999999998
611,726.8999999999996
612,733.2999999999995
613,735.6999999999996
614,709.5999999999998
615,705.6999999999997
616,677.4000000000003
617,723.1999999999999
618,741.1999999999998
619,784.4999999999998
620,799.4000000000002
621,854.4
622,878.4999999999995
623,888.1000000000001
624,902.3000000000002
625,767.1000000000003
626,779.3999999999999
627,766.0000000000001
628,747.8
629,747.6999999999999
630,753.1000000000004
631,725.8999999999997
632,888.0000000000001
633,864.7999999999996
634,849.0000000000001
635,791.7
636,738.3999999999996
637,728.8999999999995
638,716.5
639,717.6999999999999
640,736.7999999999996
641,724.4999999999997
642,758.0
643,788.0999999999998
644,792.9000000000001
645,799.4000000000002
646,773.4
647,760.4000000000001
648,745.2999999999998
649,583.8000000000002
650,613.9000000000001
651,615.8000000000002
652,619.9999999999999
653,642.1
654,671.1000000000003
655,660.9999999999998
656,829.0
657,829.9999999999999
658,808.7000000000005
659,791.4999999999999
660,774.6999999999999
661,767.0000000000002
662,769.7
663,774.3000000000001
664,766.0000000000001
665,807.2000000000006
666,836.2000000000003
667,876.2999999999997
668,918.1000000000004
669,949.3000000000004
670,987.6
671,1033.9999999999995
672,1049.6999999999998
673,886.6000000000004
674,854.9000000000001
675,836.6
676,810.5
677,739.4999999999998
678,694.5
679,676.3000000000003
680,843.9
681,844.6999999999999
682,816.8999999999999
683,782.7999999999997
684,740.8999999999997
685,733.6999999999995
686,720.3999999999997
687,709.1999999999997
688,641.4999999999999
689,611.6
690,598.4000000000002
691,583.3000000000002
692,556.1000000000001
693,509.39999999999964
694,484.30000000000024
695,444.0
696,422.59999999999974
697,244.70000000000007
698,235.00000000000017
699,259.6999999999999
700,271.8999999999999
701,282.90000000000015
702,276.8
703,292.1000000000002
704,486.30000000000024
705,470.8000000000002
706,463.80000000000007
707,466.00000000000006
708,432.9999999999997
709,414.1
710,420.89999999999986
711,438.49999999999983
712,420.29999999999984
713,412.5000000000001
714,408.40000000000003
715,404.90000000000003
716,386.10000000000014
717,398.6000000000001
718,371.09999999999997
719,383.50000000000017
720,407.50000000000006
721,245.40000000000006
722,226.20000000000013
723,215.89999999999995
724,202.39999999999992
725,190.89999999999995
726,205.79999999999993
727,210.0999999999999
728,387.2000000000001
729,402.8
730,374.2000000000001
731,331.29999999999984
732,317.4000000000001
733,287.6000000000001
734,260.8999999999999
735,276.8
736,297.3000000000001
737,316.5000000000001
738,378.0000000000002
739,432.4999999999997
740,455.0000000000003
741,457.80000000000024
742,463.80000000000007
743,497.1000000000001
744,529.3000000000002
745,365.29999999999984
746,390.89999999999975
747,394.99999999999983
748,382.8999999999999
749,386.2999999999999
750,390.0999999999998
751,375.09999999999985
752,551.4000000000001
753,535.0999999999999
754,503.69999999999993
755,461.90000000000015
756,445.6000000000001
757,432.4999999999997
758,415.8
759,423.89999999999975
760,418.09999999999997
761,433.09999999999974
762,460.60000000000025
763,496.5
764,533.3
765,579.2000000000002
766,619.5
767,664.1000000000004
768,676.1000000000003
769,546.7999999999997
770,533.9
771,536.0999999999999
772,571.8000000000003
773,598.1999999999997
774,612.4999999999999
775,629.1999999999997
776,783.4999999999997
777,779.2999999999996
778,777.2999999999998
779,763.4999999999997
780,758.9999999999999
781,742.1999999999999
782,726.5999999999999
783,732.2999999999998
784,748.4999999999997
785,768.8999999999996
786,781.5999999999996
787,829.9000000000001
788,880.2000000000002
789,915.1000000000005
790,937.7000000000003
791,957.7999999999997
792,966.0
793,831.8000000000002
794,847.3000000000001
795,844.9000000000001
796,865.6999999999994
797,883.1000000000001
798,886.8000000000002
799,913.4000000000004
800,1033.5
801,1028.8999999999999
802,1001.4999999999993
803,966.0
804,924.6000000000001
805,912.3000000000003
806,880.1000000000001
807,873.9999999999997
808,884.4000000000002
809,897.0000000000001
810,913.2000000000004
811,943.6
812,955.8999999999995
813,937.0000000000002
814,980.8000000000003
815,955.5999999999995
816,951.4999999999995
817,830.3000000000002
818,823.7000000000004
819,813.4000000000004
820,828.9000000000001
821,793.8
822,758.5999999999998
823,745.0999999999997
824,869.0999999999995
825,851.5000000000002
826,844.5000000000001
827,796.4
828,736.6999999999999
829,702.5999999999999
830,657.8
831,647.6000000000001
832,645.2000000000002
833,637.1999999999998
834,640.3
835,681.5000000000003
836,678.6000000000003
837,688.2
838,701.2999999999998
839,721.0
840,714.2000000000002
841,576.2000000000002
842,563.4000000000001
843,555.3000000000002
844,577.2000000000002
845,575.3000000000002
846,581.2000000000002
847,587.2
848,721.0
849,701.0999999999998
850,674.9000000000003
851,651.6000000000001
852,620.9
853,577.4000000000002
854,591.5
855,584.4
856,603.2999999999997
857,618.5999999999999
858,650.5000000000002
859,680.9000000000004
860,716.4999999999999
861,724.7
862,724.7
863,733.5999999999998
864,725.9
865,576.7
866,597.1999999999998
867,589.5999999999999
868,593.5999999999999
869,560.8000000000003
870,572.7000000000003
871,583.7
872,709.8000000000004
873,715.8
874,710.0000000000003
875,671.8000000000005
876,664.2000000000003
877,629.4999999999998
878,609.2999999999996
879,604.4999999999998
880,582.1
881,586.8
882,608.1999999999996
883,644.6000000000001
884,658.3999999999999
885,677.1000000000003
886,672.5000000000005
887,711.0000000000003
888,706.2000000000003
889,563.8000000000001
890,553.5
891,546.0999999999997
892,510.00000000000017
893,533.9
894,524.0
895,523.9
896,646.4000000000002
897,642.5000000000001
898,637.9999999999998
899,613.0999999999999
900,621.0999999999999
901,631.9999999999998
902,625.4999999999999
903,621.3000000000001
904,611.9999999999999
905,605.8999999999996
906,589.9999999999999
907,583.5
908,574.4000000000001
909,589.1
910,588.0999999999999
911,597.5999999999998
912,587.1
913,446.3000000000001
914,460.8000000000003
915,482.99999999999994
916,503.79999999999995
917,502.7999999999999
918,539.6999999999998
919,527.3
920,655.1
921,654.5
922,626.7999999999997
923,624.0999999999999
924,582.1
925,574.4000000000001
926,572.6000000000003
927,556.0000000000002
928,556.4000000000002
929,555.7000000000003
930,595.7999999999998
931,618.2
932,644.5000000000002
933,654.5
934,689.8
935,706.4000000000002
936,712.3000000000002
937,557.5000000000002
938,581.3000000000001
939,572.6000000000003
940,567.9000000000001
941,576.1000000000003
942,587.9
943,604.6999999999997
944,750.0999999999996
945,748.9999999999998
946,741.3
947,715.2
948,667.8000000000004
949,640.0999999999999
950,618.9
951,645.4000000000002
952,664.6000000000003
953,662.5000000000001
954,675.7000000000003
955,682.6000000000004
956,717.8
957,713.5000000000001
958,713.8000000000002
959,732.3999999999999
960,743.6999999999999
961,611.6999999999999
962,623.3
963,630.5999999999998
964,632.5999999999998
965,636.7
966,634.5999999999998
967,631.5999999999998
968,786.1
969,753.3999999999999
970,728.9
971,710.1000000000004
972,683.7000000000004
973,632.3999999999997
974,621.3000000000001
975,603.6999999999996
976,601.3999999999997
977,621.9000000000001
978,653.8
979,713.1000000000003
980,723.3000000000002
981,760.6999999999998
982,793.0999999999998
983,771.2999999999997
984,787.9000000000001
985,656.6
986,655.0
987,649.0000000000002
988,665.7000000000003
989,662.1000000000001
990,649.4000000000002
991,641.5000000000001
992,777.7999999999998
993,767.3999999999996
994,724.8
995,710.9000000000004
996,692.8
997,657.2999999999998
998,642.0000000000001
999,638.0999999999998
1000,645.4000000000002
1001,654.3
1002,677.5000000000002
1003,694.0
1004,700.8999999999999
1005,698.3999999999997
1006,743.0999999999999
1007,737.7999999999998
1008,711.2000000000004
1009,576.9000000000001
1010,574.9000000000001
1011,594.9999999999998
1012,596.2999999999998
1013,572.0000000000003
1014,560.0000000000002
1015,552.6
1016,679.2000000000003
1017,661.6000000000001
1018,661.9000000000002
1019,625.2999999999998
1020,597.7999999999997
1021,590.8999999999999
1022,549.3
1023,511.90000000000026
1024,516.2000000000002
1025,502.1999999999999
1026,498.49999999999994
1027,524.1999999999999
1028,556.5000000000002
1029,579.2000000000002
1030,560.4000000000002
1031,578.3000000000001
1032,582.8
1033,428.8999999999997
1034,440.2999999999999
1035,449.10000000000014
1036,460.7000000000003
1037,448.00000000000017
1038,444.50000000000017
1039,449.7000000000002
1040,585.7000000000002
1041,588.6999999999999
1042,596.8999999999999
1043,593.9999999999999
1044,622.3000000000002
1045,598.9999999999997
1046,612.7999999999998
1047,599.8999999999999
1048,617.9
1049,643.3000000000002
1050,646.2000000000002
1051,657.8
1052,670.7000000000004
1053,674.3000000000004
1054,682.2000000000004
1055,671.5000000000005
1056,680.4000000000003
1057,515.8000000000002
1058,511.4000000000002
1059,506.5
1060,505.5
1061,506.2
1062,501.69999999999993
1063,503.3999999999999
1064,645.2000000000002
1065,624.1999999999999
1066,627.2999999999998
1067,597.1999999999998
1068,588.5
1069,555.6000000000003
1070,527.7999999999998
1071,519.3999999999999
1072,535.9999999999999
1073,533.6999999999999
1074,518.5999999999999
1075,515.4000000000001
1076,509.5000000000001
1077,486.20000000000005
1078,456.3000000000003
1079,462.5000000000002
1080,459.5000000000003
1081,318.9000000000002
1082,327.0000000000002
1083,308.2
1084,318.6000000000002
1085,326.6000000000002
1086,304.5999999999999
1087,303.2999999999999
1088,430.1999999999997
1089,379.7
1090,361.49999999999983
1091,334.6000000000001
1092,322.7000000000001
1093,299.6
1094,269.70000000000005
1095,253.99999999999997
1096,249.40000000000003
1097,261.6999999999999
1098,293.8000000000002
1099,330.10000000000014
1100,353.49999999999994
1101,341.60000000000014
1102,357.1
1103,378.19999999999993
1104,414.5000000000001
1105,288.3000000000001
1106,291.70000000000016
1107,291.1000000000002
1108,322.3000000000001
1109,312.6000000000001
1110,303.0999999999999
1111,322.9000000000001
1112,451.3000000000003
1113,448.90000000000015
1114,439.6999999999999
1115,412.40000000000015
1116,361.2999999999998
1117,313.4000000000001
1118,311.9000000000001
1119,339.80000000000007
1120,353.49999999999994
1121,363.2999999999998
1122,381.1
1123,417.0
1124,452.80000000000024
1125,472.2000000000001
1126,491.29999999999995
1127,530.0999999999998
1128,541.8999999999997
1129,421.19999999999976
1130,421.79999999999984
1131,455.0000000000003
1132,466.7000000000001
1133,499.5999999999999
1134,506.70000000000005
1135,505.1
1136,632.6999999999998
1137,602.9999999999998
1138,601.8999999999997
1139,581.4000000000001
1140,541.2999999999997
1141,513.8000000000002
1142,498.4
1143,487.8000000000001
1144,499.5999999999999
1145,512.7000000000002
1146,573.7000000000002
1147,578.2
1148,599.0999999999997
1149,614.2999999999998
1150,662.0000000000002
1151,676.0000000000002
1152,699.6999999999997
1153,574.4000000000001
1154,575.9000000000002
1155,596.0999999999998
1156,600.4999999999998
1157,624.7999999999998
1158,622.1000000000003
1159,617.6
1160,772.2999999999998
1161,779.9999999999997
1162,765.7999999999994
1163,749.2999999999996
1164,730.6
1165,700.2999999999997
1166,701.1999999999998
1167,687.9000000000001
1168,674.6000000000003
1169,666.3000000000004
1170,708.5000000000003
1171,743.4999999999999
1172,739.5
1173,743.3
1174,759.5999999999999
1175,797.6
1176,792.0999999999999
1177,636.1
1178,639.4999999999998
1179,668.3000000000005
1180,664.2000000000003
1181,690.2
1182,707.4000000000003
1183,701.1999999999998
1184,844.6
1185,817.3000000000002
1186,797.7
1187,795.6999999999999
1188,768.4999999999995
1189,745.9999999999994
1190,727.4
1191,728.9
1192,717.6999999999999
1193,731.4999999999999
1194,760.2999999999998
1195,766.1999999999994
1196,816.0000000000002
1197,852.9999999999999
1198,872.5999999999995
1199,856.1999999999997
1200,875.1999999999998
1201,752.1999999999997
1202,788.0
1203,788.3000000000001
1204,790.8
1205,767.0999999999996
1206,747.9999999999997
1207,749.9999999999995
1208,886.0000000000001
1209,887.7
1210,870.1999999999995
1211,851.5000000000002
1212,844.4000000000001
1213,839.3000000000004
1214,838.7000000000005
1215,821.4000000000002
1216,839.1000000000004
1217,842.8000000000001
1218,873.5999999999996
1219,890.0000000000001
1220,902.2000000000002
1221,910.5000000000003
1222,916.4000000000004
1223,913.4000000000004
1224,936.0000000000001
1225,794.1
1226,777.5999999999998
1227,771.8999999999997
1228,742.4999999999999
1229,699.7999999999997
1230,677.6000000000003
1231,672.7000000000005
1232,800.6
1233,789.3
1234,757.3999999999997
1235,723.3000000000002
1236,716.4999999999999
1237,701.3999999999999
1238,663.2000000000003
1239,660.2
1240,644.8000000000001
1241,640.3
1242,628.9999999999997
1243,608.9999999999997
1244,590.3
1245,587.9
1246,550.5
1247,540.2999999999998
1248,529.7999999999997
1249,361.6999999999999
1250,377.79999999999995
1251,373.79999999999984
1252,363.2999999999998
1253,362.8999999999998
1254,373.29999999999995
1255,378.4
1256,524.6
1257,496.0
1258,442.0
1259,426.89999999999964
1260,375.79999999999984
1261,361.49999999999983
1262,365.79999999999995
1263,351.49999999999994
1264,383.9999999999999
1265,396.09999999999997
1266,403.50000000000017
1267,445.80000000000007
1268,451.10000000000025
1269,468.2000000000001
1270,492.9
1271,510.5000000000002
1272,525.8999999999999
1273,384.2999999999999
1274,395.1999999999998
1275,404.3000000000002
1276,397.20000000000005
1277,409.0000000000001
1278,424.19999999999976
1279,420.69999999999976
1280,587.1
1281,576.2000000000002
1282,565.9
1283,517.5
1284,488.60000000000014
1285,477.00000000000006
1286,457.8000000000002
1287,431.99999999999966
1288,433.7999999999997
1289,458.90000000000026
1290,487.8000000000001
1291,524.3000000000001
1292,516.0000000000001
1293,529.3999999999999
1294,547.5999999999998
1295,537.8000000000001
1296,558.8000000000002
1297,416.29999999999995
1298,433.4999999999997
1299,445.1000000000001
1300,491.4
1301,503.9
1302,524.3000000000001
1303,534.9
1304,690.5
1305,682.6000000000004
1306,644.5000000000002
1307,604.2999999999997
1308,575.5000000000002
1309,557.0000000000002
1310,534.9
1311,515.8000000000002
1312,487.9000000000001
1313,513.1000000000001
1314,550.9000000000001
1315,587.2
1316,603.1999999999997
1317,618.5999999999999
1318,624.0999999999999
1319,636.6
1320,623.0
1321,487.3000000000001
1322,498.29999999999995
1323,511.10000000000025
1324,494.59999999999997
1325,507.90000000000003
1326,502.3999999999999
1327,477.00000000000006
1328,585.0
1329,581.2000000000002
1330,555.2000000000002
1331,495.3999999999999
1332,433.4999999999997
1333,398.7000000000001
1334,347.6
1335,339.2000000000001
1336,370.20000000000005
1337,362.79999999999984
1338,396.5
1339,434.9999999999998
1340,453.80000000000035
1341,449.3000000000002
1342,453.2000000000003
1343,460.7000000000003
1344,462.90000000000015
1345,333.1000000000001
1346,357.1
1347,385.9999999999999
1348,390.4999999999998
1349,387.59999999999985
1350,386.79999999999995
1351,397.50000000000006
1352,549.8000000000001
1353,547.5999999999998
1354,519.4999999999999
1355,498.7999999999999
1356,475.7000000000001
1357,451.8000000000003
1358,463.1000000000002
1359,449.7000000000002
1360,466.40000000000015
1361,487.60000000000014
1362,524.4
1363,579.6000000000001
1364,624.9999999999998
1365,651.2000000000002
1366,655.6999999999999
1367,707.5000000000003
1368,711.2000000000004
1369,600.6999999999998
1370,629.8999999999997
1371,601.8999999999997
1372,613.3999999999997
1373,623.7999999999998
1374,603.8999999999996
1375,603.6999999999996
1376,754.3999999999997
1377,762.6999999999997
1378,734.0999999999997
1379,693.7
1380,667.9000000000004
1381,651.4000000000002
1382,628.6999999999997
1383,615.8999999999999
1384,630.5999999999998
1385,651.2000000000002
1386,700.2999999999997
1387,770.8999999999996
1388,799.4
1389,829.1000000000001
1390,836.1000000000004
1391,864.7999999999994
1392,924.3000000000001
1393,794.4
1394,803.1000000000001
1395,800.9
1396,808.7000000000004
1397,815.9000000000002
1398,802.7
1399,805.4999999999999
1400,917.3000000000003
1401,901.0000000000001
1402,867.7999999999993
1403,826.7000000000002
1404,762.1999999999997
1405,707.2000000000003
1406,656.8999999999999
1407,637.4999999999998
1408,619.4
1409,626.4999999999998
1410,666.3000000000004
1411,715.3999999999999
1412,725.1
1413,728.3000000000001
1414,749.0999999999997
1415,757.4999999999998
1416,773.6999999999998
1417,334.9999999999998
1418,346.1
1419,345.70000000000005
1420,354.0000000000001
1421,358.40000000000015
1422,365.0
1423,365.1
1424,443.2999999999999
1425,421.20000000000005
1426,400.00000000000006
1427,369.70000000000016
1428,324.0999999999996
1429,301.6000000000002
1430,288.99999999999994
1431,278.0000000000001
1432,292.50000000000006
1433,296.40000000000003
1434,311.7000000000001
1435,325.0999999999996
1436,331.0999999999997
1437,341.20000000000005
1438,348.5000000000001
1439,366.60000000000014
1440,373.99999999999994
1441,288.99999999999994
1442,298.20000000000005
1443,326.4999999999996
1444,325.2999999999996
1445,332.9999999999997
1446,336.4999999999999
1447,337.0999999999999
1448,426.70000000000005
1449,420.90000000000003
1450,388.99999999999983
1451,368.7000000000002
1452,346.6000000000001
1453,318.1999999999999
1454,301.8000000000002
1455,304.7000000000003
1456,308.2000000000001
1457,308.2000000000001
1458,355.90000000000026
1459,377.8999999999998
1460,404.8999999999997
1461,413.0999999999999
1462,430.70000000000005
1463,445.10000000000014
1464,460.1
1465,394.1999999999999
1466,394.8999999999998
1467,397.0
1468,392.9
1469,398.49999999999994
1470,401.2
1471,407.9999999999999
1472,485.09999999999997
1473,490.4
1474,480.6
1475,465.2999999999999
1476,462.99999999999994
1477,459.49999999999994
1478,470.09999999999985
1479,468.69999999999993
1480,471.6
1481,490.79999999999995
1482,491.9
1483,490.59999999999997
1484,484.29999999999995
1485,489.90000000000003
1486,496.40000000000003
1487,499.80000000000007
1488,485.09999999999997
1489,400.6
1490,394.8999999999998
1491,401.79999999999995
1492,391.5999999999999
1493,397.2
1494,394.1999999999999
1495,388.29999999999984
1496,460.1
1497,445.7000000000001
1498,423.40000000000003
1499,393.5999999999999
1500,374.29999999999995
1501,344.50000000000006
1502,329.7999999999996
1503,333.1999999999997
1504,341.80000000000007
1505,370.5000000000001
1506,392.69999999999993
1507,407.9999999999999
1508,434.1000000000002
1509,433.1000000000001
1510,445.50000000000006
1511,455.19999999999993
1512,449.3
1513,395.39999999999986
1514,405.4999999999998
1515,404.2999999999997
1516,393.6999999999999
1517,383.2
1518,375.99999999999983
1519,372.5000000000001
1520,437.8000000000001
1521,426.50000000000006
1522,413.0999999999999
1523,389.2999999999999
1524,364.20000000000005
1525,346.00000000000006
1526,340.50000000000006
1527,333.7999999999997
1528,337.99999999999994
1529,337.0999999999999
1530,353.7000000000001
1531,348.7000000000001
1532,339.09999999999997
1533,337.8999999999999
1534,340.3
1535,333.69999999999976
1536,336.79999999999995
1537,261.20000000000005
1538,251.29999999999995
1539,264.1000000000002
1540,277.30000000000007
1541,279.80000000000007
1542,292.90000000000003
1543,288.29999999999995
1544,357.5000000000003
1545,348.60000000000014
1546,337.79999999999995
1547,303.5000000000002
1548,296.6
1549,283.1000000000001
1550,278.1000000000001
1551,257.00000000000006
1552,276.10000000000014
1553,288.69999999999993
1554,301.7000000000002
1555,331.3999999999997
1556,334.69999999999976
1557,342.49999999999994
1558,335.89999999999986
1559,346.1
1560,347.1000000000001
1561,280.6000000000001
1562,273.8000000000002
1563,263.8000000000001
1564,256.20000000000005
1565,251.49999999999994
1566,257.40000000000003
1567,262.10000000000014
1568,336.4999999999999
1569,344.70000000000005
1570,344.40000000000003
1571,342.79999999999995
1572,326.39999999999964
1573,318.2999999999999
1574,299.80000000000007
1575,294.0000000000001
1576,299.5000000000001
1577,283.40000000000003
1578,284.90000000000015
1579,288.49999999999994
1580,294.30000000000007
1581,302.90000000000026
1582,299.30000000000007
1583,301.10000000000014
1584,296.70000000000005
1585,220.8000000000001
1586,246.79999999999995
1587,249.49999999999997
1588,256.8
1589,256.0
1590,262.20000000000016
1591,259.20000000000005
1592,341.70000000000005
1593,349.3
1594,342.09999999999997
1595,324.89999999999964
1596,312.4000000000001
1597,296.40000000000003
1598,298.20000000000005
1599,289.19999999999993
1600,299.5000000000001
1601,307.3000000000002
1602,335.59999999999985
1603,345.6000000000001
1604,365.80000000000007
1605,376.3999999999998
1606,389.2999999999999
1607,406.59999999999985
1608,439.0000000000001
1609,371.5000000000001
1610,375.2999999999999
1611,383.5
1612,380.20000000000005
1613,379.49999999999994
1614,371.5000000000001
1615,375.89999999999986
1616,447.80000000000007
1617,438.3000000000001
1618,406.1999999999999
1619,385.39999999999986
1620,344.20000000000005
1621,308.0000000000001
1622,283.1000000000001
1623,266.50000000000017
1624,272.00000000000017
1625,283.6000000000001
1626,313.90000000000003
1627,342.99999999999994
1628,361.00000000000006
1629,365.70000000000005
1630,377.1999999999998
1631,388.99999999999983
1632,401.9
1633,320.49999999999983
1634,331.0999999999997
1635,333.69999999999976
1636,336.79999999999995
1637,356.5000000000003
1638,354.10000000000014
1639,358.3000000000001
1640,436.2000000000001
1641,419.7000000000001
1642,369.70000000000016
1643,337.99999999999994
1644,299.9000000000001
1645,270.40000000000015
1646,254.59999999999994
1647,245.19999999999993
1648,243.7
1649,254.19999999999993
1650,278.0000000000001
1651,305.90000000000026
1652,317.9999999999999
1653,335.79999999999984
1654,340.3
1655,340.6000000000001
1656,360.6000000000001
1657,284.7000000000001
1658,296.50000000000006
1659,299.30000000000007
1660,298.80000000000007
1661,301.00000000000017
1662,301.00000000000017
1663,300.7000000000001
1664,383.59999999999997
1665,364.00000000000006
1666,353.60000000000014
1667,335.19999999999976
1668,288.49999999999994
1669,265.0000000000002
1670,237.79999999999998
1671,224.70000000000007
1672,226.30000000000007
1673,243.79999999999998
1674,267.5000000000002
1675,292.50000000000006
1676,303.8000000000002
1677,324.39999999999964
1678,339.2
1679,350.3
1680,360.0000000000001
1681,294.0000000000001
1682,293.70000000000005
1683,290.70000000000005
1684,290.1
1685,299.30000000000007
1686,299.00000000000006
1687,279.80000000000007
1688,364.20000000000005
1689,355.90000000000026
1690,332.09999999999974
1691,289.29999999999995
1692,249.59999999999997
1693,229.20000000000002
1694,208.7999999999999
1695,186.89999999999995
1696,181.2
1697,184.99999999999997
1698,210.0999999999999
1699,226.4000000000001
1700,226.50000000000009
1701,230.60000000000008
1702,243.99999999999997
1703,248.1
1704,256.9
1705,181.29999999999998
1706,181.6
1707,171.20000000000002
1708,164.1
1709,153.70000000000005
1710,162.89999999999998
1711,155.70000000000005
1712,231.70000000000007
1713,213.50000000000003
1714,202.1999999999999
1715,185.09999999999997
1716,169.40000000000003
1717,150.10000000000005
1718,146.29999999999998
1719,128.79999999999995
1720,109.89999999999999
1721,133.89999999999998
1722,152.30000000000007
1723,176.20000000000005
1724,191.89999999999986
1725,205.69999999999987
1726,210.5999999999999
1727,206.59999999999985
1728,209.99999999999991
1729,121.7
1730,121.7
1731,124.79999999999998
1732,129.2
1733,134.69999999999996
1734,149.4
1735,154.70000000000005
1736,233.50000000000006
1737,209.39999999999992
1738,197.1999999999998
1739,172.79999999999998
1740,172.7
1741,156.3
1742,136.29999999999995
1743,136.69999999999996
1744,142.60000000000005
1745,149.8
1746,159.39999999999995
1747,172.4
1748,196.19999999999982
1749,208.7999999999999
1750,233.40000000000006
1751,230.80000000000004
1752,243.79999999999998
1753,169.40000000000003
1754,180.9
1755,188.49999999999994
1756,184.0
1757,200.29999999999987
1758,193.69999999999985
1759,195.69999999999982
1760,288.29999999999995
1761,288.49999999999994
1762,267.5000000000002
1763,236.3
1764,220.20000000000007
1765,194.09999999999982
1766,187.19999999999996
1767,167.7
1768,168.1
1769,189.3999999999999
1770,210.69999999999993
1771,241.79999999999995
1772,269.90000000000015
1773,285.90000000000015
1774,316.29999999999995
1775,334.19999999999976
1776,361.00000000000006
1777,293.00000000000006
1778,288.29999999999995
1779,284.20000000000005
1780,284.00000000000006
1781,287.70000000000005
1782,286.0000000000001
1783,282.10000000000014
1784,361.6
1785,360.7000000000001
1786,348.4000000000001
1787,318.6999999999998
1788,308.2000000000001
1789,296.50000000000006
1790,287.8
1791,280.1000000000001
1792,283.70000000000005
1793,293.4000000000001
1794,293.50000000000006
1795,307.70000000000016
1796,308.90000000000015
1797,324.2999999999996
1798,337.3999999999999
1799,345.30000000000007
1800,351.8
1801,283.1000000000001
1802,277.70000000000016
1803,272.80000000000024
1804,255.7
1805,269.70000000000016
1806,249.49999999999997
1807,235.70000000000002
1808,291.00000000000006
1809,276.10000000000014
1810,264.00000000000017
1811,254.19999999999993
1812,223.40000000000006
1813,203.89999999999986
1814,179.20000000000002
1815,176.00000000000006
1816,185.29999999999995
1817,180.10000000000002
1818,203.19999999999985
1819,210.89999999999992
1820,215.80000000000007
1821,215.50000000000009
1822,209.8999999999999
1823,208.5999999999999
1824,215.60000000000008
1825,130.49999999999994
1826,123.20000000000002
1827,136.29999999999995
1828,132.39999999999995
1829,125.19999999999997
1830,134.29999999999995
1831,125.89999999999999
1832,193.69999999999985
1833,188.69999999999993
1834,186.09999999999994
1835,160.1999999999999
1836,139.29999999999998
1837,124.3
1838,103.79999999999997
1839,86.00000000000001
1840,87.00000000000001
1841,96.19999999999996
1842,118.40000000000005
1843,136.49999999999997
1844,152.00000000000006
1845,159.39999999999995
1846,163.49999999999997
1847,169.30000000000004
1848,196.6999999999998
1849,116.80000000000004
1850,123.50000000000001
1851,136.49999999999997
1852,142.50000000000003
1853,140.70000000000005
1854,149.4
1855,159.29999999999995
1856,238.9
1857,220.20000000000007
1858,191.79999999999984
1859,171.8
1860,159.59999999999994
1861,151.30000000000004
1862,139.29999999999998
1863,146.29999999999998
1864,155.9
1865,169.30000000000004
1866,186.89999999999995
1867,224.00000000000009
1868,248.59999999999997
1869,257.9
1870,282.6000000000001
1871,305.90000000000026
1872,322.6999999999997
1873,249.59999999999997
1874,256.0
1875,262.10000000000014
1876,259.7
1877,253.29999999999993
1878,253.29999999999993
1879,251.89999999999995
1880,322.59999999999974
1881,313.1
1882,286.80000000000007
1883,263.90000000000015
1884,243.39999999999998
1885,233.10000000000005
1886,209.99999999999991
1887,211.99999999999994
1888,207.09999999999985
1889,216.20000000000005
1890,226.10000000000005
1891,248.1
1892,259.40000000000003
1893,258.1
1894,264.30000000000024
1895,277.4000000000001
1896,288.29999999999995
1897,205.9999999999999
1898,208.29999999999987
1899,226.50000000000009
1900,231.10000000000008
1901,232.80000000000007
1902,222.30000000000004
1903,218.60000000000008
1904,313.7000000000001
1905,287.4000000000001
1906,258.3
1907,227.70000000000007
1908,198.29999999999976
1909,177.9
1910,160.0999999999999
1911,164.6
1912,173.0
1913,177.3
1914,195.39999999999984
1915,215.00000000000009
1916,223.30000000000007
1917,235.50000000000003
1918,236.4
1919,244.89999999999995
1920,264.80000000000024
1921,190.59999999999985
1922,210.39999999999992
1923,238.9
1924,251.19999999999993
1925,262.5000000000001
1926,272.30000000000024
1927,271.9000000000002
1928,344.20000000000005
1929,345.40000000000003
1930,336.79999999999995
1931,315.79999999999995
1932,297.9000000000001
1933,290.0
1934,291.4000000000001
1935,291.6000000000001
1936,291.90000000000003
1937,302.90000000000026
1938,332.9999999999997
1939,358.5000000000001
1940,370.5000000000001
1941,392.69999999999993
1942,397.0
1943,414.79999999999995
1944,434.60000000000014
1945,363.6
1946,367.70000000000016
1947,369.0000000000002
1948,371.7000000000001
1949,367.1000000000002
1950,363.6
1951,368.90000000000026
1952,434.70000000000016
1953,404.19999999999976
1954,368.30000000000024
1955,327.19999999999965
1956,293.00000000000006
1957,257.7
1958,254.09999999999994
1959,249.0
1960,251.99999999999994
1961,265.80000000000024
1962,302.6000000000002
1963,330.49999999999966
1964,355.50000000000017
1965,358.5000000000001
1966,360.6000000000001
1967,369.8000000000002
1968,376.3999999999998
1969,295.30000000000007
1970,314.09999999999997
1971,333.69999999999976
1972,333.89999999999975
1973,342.2999999999999
1974,342.0
1975,343.49999999999994
1976,424.0
1977,407.39999999999986
1978,386.49999999999994
1979,354.10000000000014
1980,329.4999999999996
1981,313.30000000000007
1982,306.60000000000025
1983,295.1000000000001
1984,306.30000000000024
1985,323.69999999999965
1986,358.3000000000001
1987,383.5
1988,397.8999999999999
1989,411.3999999999998
1990,425.00000000000006
1991,456.2000000000001
1992,460.3
1993,388.79999999999984
1994,385.39999999999986
1995,380.50000000000006
1996,390.6999999999999
1997,383.59999999999997
1998,384.2999999999999
1999,385.0999999999999
2000,447.3000000000001
2001,436.2000000000001
2002,407.59999999999985
2003,365.1
2004,332.7999999999997
2005,308.0000000000001
2006,278.1000000000001
2007,270.40000000000015
2008,257.7
2009,251.09999999999994
2010,276.10000000000014
2011,286.80000000000007
2012,280.1000000000001
2013,288.29999999999995
2014,290.1
2015,299.5000000000001
2016,309.40000000000015
2017,238.9
2018,240.69999999999996
2019,232.10000000000005
2020,229.9000000000001
2021,237.79999999999998
2022,242.2
2023,226.9000000000001
2024,296.40000000000003
2025,274.3000000000001
2026,264.2000000000002
2027,253.1999999999999
2028,235.30000000000004
2029,230.60000000000008
2030,226.20000000000005
2031,225.60000000000008
2032,215.40000000000006
2033,216.60000000000005
2034,220.20000000000007
2035,230.50000000000009
2036,220.20000000000007
2037,234.70000000000005
2038,250.69999999999993
2039,249.49999999999997
2040,268.10000000000025
2041,184.29999999999998
2042,190.09999999999988
2043,188.09999999999994
2044,197.99999999999977
2045,200.69999999999985
2046,212.19999999999996
2047,218.90000000000006
2048,291.00000000000006
2049,269.90000000000015
2050,254.19999999999993
2051,240.39999999999998
2052,224.3000000000001
2053,194.2999999999998
2054,189.1999999999999
2055,178.60000000000002
2056,159.79999999999993
2057,168.9
2058,179.90000000000003
2059,195.39999999999984
2060,211.89999999999995
2061,217.9000000000001
2062,240.79999999999995
2063,244.89999999999995
2064,257.3
2065,181.6
2066,183.9
2067,169.8
2068,169.10000000000002
2069,164.9
2070,165.7
2071,159.79999999999993
2072,251.29999999999995
2073,224.00000000000009
2074,200.09999999999988
2075,169.8
2076,149.4
2077,138.39999999999992
2078,130.99999999999997
2079,127.69999999999999
2080,145.10000000000002
2081,164.9
2082,190.09999999999988
2083,215.80000000000007
2084,237.5
2085,256.0
2086,278.30000000000007
2087,298.70000000000005
2088,301.00000000000017
2089,233.40000000000006
2090,228.70000000000002
2091,233.10000000000005
2092,236.9
2093,232.30000000000004
2094,237.20000000000002
2095,239.89999999999995
2096,301.00000000000017
2097,271.6000000000002
2098,242.2
2099,204.8999999999999
2100,172.7
2101,141.30000000000007
2102,121.89999999999999
2103,114.2
2104,114.00000000000001
2105,134.29999999999995
2106,159.39999999999995
2107,182.1
2108,197.1999999999998
2109,207.09999999999985
2110,218.90000000000006
2111,229.9000000000001
2112,240.69999999999996
2113,181.6
2114,201.8999999999999
2115,194.49999999999983
2116,201.09999999999985
2117,201.9999999999999
2118,185.69999999999993
2119,181.1
2120,255.19999999999993
2121,241.09999999999997
2122,244.09999999999997
2123,228.20000000000005
2124,182.7
2125,156.70000000000002
2126,143.70000000000002
2127,121.89999999999999
2128,116.30000000000003
2129,124.79999999999998
2130,144.0
2131,174.6
2132,185.89999999999995
2133,189.7999999999999
2134,191.09999999999985
2135,214.60000000000005
2136,225.00000000000006
2137,155.70000000000005
2138,153.60000000000005
2139,160.29999999999993
2140,169.9
2141,171.10000000000002
2142,183.50000000000003
2143,169.50000000000003
2144,245.19999999999993
2145,235.50000000000003
2146,210.5999999999999
2147,170.4
2148,144.20000000000002
2149,105.89999999999995
2150,90.40000000000002
2151,67.59999999999997
2152,79.89999999999998
2153,92.10000000000002
2154,108.49999999999997
2155,135.19999999999996
2156,152.40000000000006
2157,162.29999999999993
2158,184.1
2159,190.79999999999984
2160,197.1999999999998
2161,29.000000000000043
2162,27.20000000000004
2163,29.90000000000004
2164,29.90000000000004
2165,29.800000000000043
2166,29.40000000000004
2167,29.800000000000043
2168,44.50000000000007
2169,41.500000000000036
2170,39.100000000000044
2171,34.50000000000003
2172,32.40000000000003
2173,33.900000000000034
2174,35.00000000000003
2175,36.90000000000004
2176,37.700000000000045
2177,39.50000000000004
2178,42.00000000000004
2179,44.10000000000007
2180,45.70000000000009
2181,48.10000000000007
2182,50.30000000000006
2183,51.00000000000007
2184,52.40000000000007
2185,35.10000000000003
2186,36.60000000000003
2187,37.30000000000004
2188,36.60000000000003
2189,39.30000000000005
2190,37.50000000000004
2191,36.90000000000004
2192,50.70000000000006
2193,47.40000000000009
2194,43.20000000000005
2195,39.80000000000004
2196,36.20000000000003
2197,34.70000000000003
2198,33.80000000000003
2199,32.200000000000024
2200,30.500000000000043
2201,30.60000000000004
2202,31.80000000000003
2203,35.80000000000003
2204,38.80000000000005
2205,42.20000000000004
2206,40.800000000000026
2207,39.90000000000004
2208,41.30000000000003
2209,27.100000000000037
2210,29.000000000000043
2211,27.900000000000045
2212,26.900000000000034
2213,24.00000000000004
2214,22.400000000000023
2215,21.600000000000012
2216,32.40000000000003
2217,28.500000000000043
2218,25.600000000000026
2219,20.400000000000006
2220,15.999999999999966
2221,13.099999999999977
2222,8.19999999999999
2223,2.1000000000000005
2224,0.7000000000000001
2225,0.30000000000000004
2226,2.6000000000000005
2227,6.099999999999996
2228,11.799999999999978
2229,14.69999999999997
2230,14.299999999999972
2231,16.599999999999973
2232,17.899999999999988
2233,0.0
2234,0.0
2235,0.0
2236,0.0
2237,0.0
2238,0.0
2239,0.0
2240,0.0
2241,0.0
2242,0.0
2243,0.0
2244,0.0
2245,0.0
2246,0.0
2247,0.0
2248,0.0
2249,0.0
2250,0.0
2251,0.0
2252,0.0
2253,0.0
2254,0.0
2255,0.0
2256,0.0
2257,8.29999999999999
2258,11.09999999999998
2259,12.299999999999976
2260,15.599999999999968
2261,14.299999999999972
2262,13.599999999999975
2263,10.399999999999983
2264,26.500000000000036
2265,23.200000000000035
2266,20.300000000000004
2267,15.899999999999967
2268,7.299999999999992
2269,1.2000000000000002
2270,0.30000000000000004
2271,0.1
2272,0.0
2273,0.1
2274,0.30000000000000004
2275,2.7000000000000006
2276,10.299999999999983
2277,14.399999999999972
2278,17.499999999999982
2279,21.200000000000014
2280,25.600000000000026
2281,8.799999999999988
2282,10.399999999999983
2283,11.29999999999998
2284,13.299999999999976
2285,16.39999999999997
2286,18.899999999999995
2287,18.199999999999992
2288,29.800000000000043
2289,27.000000000000036
2290,19.7
2291,12.399999999999975
2292,3.5000000000000013
2293,0.2
2294,0.0
2295,0.0
2296,0.0
2297,0.1
2298,1.1
2299,9.299999999999985
2300,14.399999999999972
2301,16.799999999999976
2302,23.600000000000037
2303,27.40000000000004
2304,29.800000000000043
2305,16.49999999999997
2306,21.00000000000001
2307,22.700000000000024
2308,25.00000000000003
2309,27.700000000000042
2310,28.200000000000042
2311,29.90000000000004
2312,43.300000000000054
2313,41.10000000000003
2314,37.10000000000004
2315,33.200000000000024
2316,30.90000000000004
2317,29.700000000000042
2318,27.800000000000043
2319,25.400000000000023
2320,24.70000000000003
2321,28.200000000000042
2322,30.000000000000043
2323,35.60000000000003
2324,38.50000000000004
2325,43.400000000000055
2326,45.70000000000009
2327,47.80000000000008
2328,48.90000000000007
2329,35.70000000000003
2330,35.50000000000003
2331,38.100000000000044
2332,41.500000000000036
2333,39.90000000000004
2334,38.100000000000044
2335,36.60000000000003
2336,48.90000000000007
2337,45.500000000000085
2338,37.000000000000036
2339,32.300000000000026
2340,29.800000000000043
2341,26.400000000000038
2342,23.70000000000004
2343,21.00000000000001
2344,20.300000000000004
2345,20.200000000000003
2346,23.200000000000035
2347,27.20000000000004
2348,29.90000000000004
2349,29.90000000000004
2350,29.300000000000043
2351,29.000000000000043
2352,29.700000000000042
2353,11.799999999999978
2354,12.999999999999977
2355,16.599999999999973
2356,17.899999999999988
2357,18.999999999999993
2358,18.699999999999996
2359,18.999999999999993
2360,31.900000000000027
2361,29.200000000000045
2362,20.90000000000001
2363,13.999999999999973
2364,8.799999999999988
2365,6.199999999999996
2366,1.2000000000000002
2367,0.30000000000000004
2368,0.0
2369,0.2
2370,1.7000000000000002
2371,11.29999999999998
2372,18.899999999999995
2373,27.20000000000004
2374,29.800000000000043
2375,31.80000000000003
2376,36.00000000000003
2377,22.100000000000023
2378,26.900000000000034
2379,25.600000000000026
2380,26.900000000000034
2381,23.600000000000037
2382,23.200000000000035
2383,21.200000000000014
2384,33.200000000000024
2385,27.900000000000045
2386,21.90000000000002
2387,15.199999999999969
2388,10.699999999999982
2389,8.29999999999999
2390,5.9999999999999964
2391,0.30000000000000004
2392,0.2
2393,0.1
2394,0.30000000000000004
2395,7.299999999999992
2396,15.799999999999967
2397,18.499999999999996
2398,24.00000000000004
2399,26.70000000000003
2400,29.000000000000043
2401,14.69999999999997
2402,15.499999999999968
2403,14.99999999999997
2404,15.599999999999968
2405,19.599999999999998
2406,19.599999999999998
2407,20.500000000000007
2408,34.10000000000003
2409,30.70000000000004
2410,28.200000000000042
2411,23.400000000000034
2412,20.60000000000001
2413,17.499999999999982
2414,13.499999999999975
2415,11.499999999999979
2416,10.299999999999983
2417,13.299999999999976
2418,17.899999999999988
2419,20.400000000000006
2420,24.900000000000027
2421,28.700000000000042
2422,33.200000000000024
2423,35.50000000000003
2424,38.100000000000044
2425,26.600000000000033
2426,28.200000000000042
2427,28.200000000000042
2428,27.900000000000045
2429,28.200000000000042
2430,28.100000000000044
2431,26.400000000000038
2432,36.30000000000003
2433,30.000000000000043
2434,22.900000000000027
2435,16.199999999999967
2436,9.299999999999985
2437,1.8000000000000003
2438,0.2
2439,0.1
2440,0.0
2441,0.2
2442,0.30000000000000004
2443,0.30000000000000004
2444,5.899999999999997
2445,11.799999999999978
2446,13.299999999999976
2447,17.899999999999988
2448,21.600000000000012
2449,1.7000000000000002
2450,2.6000000000000005
2451,0.7999999999999999
2452,1.9000000000000004
2453,1.7000000000000002
2454,5.1
2455,10.099999999999984
2456,26.100000000000037
2457,21.30000000000001
2458,16.699999999999974
2459,8.899999999999988
2460,0.5
2461,0.7999999999999999
2462,0.30000000000000004
2463,0.30000000000000004
2464,0.30000000000000004
2465,2.1000000000000005
2466,3.100000000000001
2467,14.099999999999973
2468,18.899999999999995
2469,23.000000000000032
2470,24.900000000000027
2471,28.200000000000042
2472,30.70000000000004
2473,18.899999999999995
2474,23.200000000000035
2475,23.500000000000036
2476,23.100000000000033
2477,24.900000000000027
2478,26.600000000000033
2479,28.200000000000042
2480,41.20000000000003
2481,37.40000000000004
2482,31.70000000000003
2483,25.600000000000026
2484,19.299999999999994
2485,15.799999999999967
2486,13.299999999999976
2487,11.29999999999998
2488,10.099999999999984
2489,13.599999999999975
2490,21.30000000000001
2491,27.000000000000036
2492,29.90000000000004
2493,36.70000000000003
2494,41.20000000000003
2495,45.80000000000009
2496,49.30000000000007
2497,35.90000000000003
2498,39.30000000000005
2499,45.30000000000008
2500,48.300000000000075
2501,51.00000000000007
2502,50.20000000000006
2503,50.500000000000064
2504,63.39999999999997
2505,59.89999999999999
2506,53.300000000000054
2507,46.70000000000009
2508,42.60000000000004
2509,38.00000000000004
2510,36.00000000000003
2511,34.70000000000003
2512,33.80000000000003
2513,34.70000000000003
2514,39.600000000000044
2515,45.90000000000009
2516,50.500000000000064
2517,54.200000000000024
2518,59.59999999999999
2519,62.799999999999976
2520,64.79999999999997
2521,52.800000000000054
2522,54.10000000000002
2523,56.100000000000016
2524,59.89999999999999
2525,62.69999999999998
2526,64.29999999999997
2527,63.19999999999997
2528,75.79999999999995
2529,70.89999999999998
2530,63.49999999999997
2531,57.4
2532,52.60000000000006
2533,48.40000000000008
2534,48.00000000000007
2535,47.200000000000095
2536,46.70000000000009
2537,48.10000000000007
2538,51.70000000000006
2539,55.70000000000001
2540,63.799999999999976
2541,67.49999999999997
2542,70.89999999999998
2543,75.09999999999995
2544,75.29999999999995
2545,61.89999999999997
2546,64.59999999999997
2547,64.79999999999997
2548,67.19999999999996
2549,67.29999999999997
2550,67.89999999999996
2551,66.59999999999997
2552,78.69999999999996
2553,75.49999999999996
2554,66.99999999999997
2555,61.199999999999974
2556,54.10000000000002
2557,47.90000000000008
2558,43.60000000000006
2559,39.90000000000004
2560,40.00000000000004
2561,44.10000000000007
2562,48.90000000000007
2563,53.80000000000004
2564,59.999999999999986
2565,63.49999999999997
2566,67.49999999999997
2567,73.09999999999995
2568,76.89999999999995
2569,64.39999999999996
2570,65.29999999999995
2571,66.19999999999996
2572,64.49999999999997
2573,61.59999999999998
2574,61.199999999999974
2575,60.29999999999999
2576,71.69999999999997
2577,68.59999999999997
2578,62.799999999999976
2579,52.800000000000054
2580,45.30000000000008
2581,37.600000000000044
2582,34.90000000000003
2583,31.70000000000003
2584,29.90000000000004
2585,29.90000000000004
2586,33.200000000000024
2587,36.80000000000003
2588,38.00000000000004
2589,43.10000000000005
2590,42.500000000000036
2591,42.00000000000004
2592,44.70000000000008
2593,30.400000000000045
2594,29.800000000000043
2595,30.80000000000004
2596,30.000000000000043
2597,30.400000000000045
2598,33.900000000000034
2599,33.00000000000003
2600,48.800000000000075
2601,44.10000000000007
2602,37.10000000000004
2603,30.500000000000043
2604,27.800000000000043
2605,22.100000000000023
2606,20.500000000000007
2607,19.499999999999996
2608,19.599999999999998
2609,20.800000000000008
2610,25.100000000000026
2611,29.90000000000004
2612,34.70000000000003
2613,37.30000000000004
2614,41.500000000000036
2615,45.30000000000008
2616,48.60000000000007
2617,36.60000000000003
2618,35.50000000000003
2619,34.70000000000003
2620,34.50000000000003
2621,36.40000000000003
2622,37.30000000000004
2623,36.80000000000003
2624,49.30000000000007
2625,48.200000000000074
2626,45.60000000000009
2627,40.70000000000003
2628,37.600000000000044
2629,39.90000000000004
2630,40.30000000000004
2631,39.80000000000004
2632,39.80000000000004
2633,39.600000000000044
2634,44.900000000000084
2635,47.60000000000009
2636,49.800000000000075
2637,52.20000000000006
2638,54.200000000000024
2639,58.00000000000001
2640,61.09999999999998
2641,45.60000000000009
2642,48.50000000000008
2643,50.30000000000006
2644,48.90000000000007
2645,47.30000000000009
2646,50.70000000000006
2647,49.70000000000007
2648,65.99999999999996
2649,60.29999999999999
2650,54.10000000000002
2651,49.30000000000007
2652,47.70000000000008
2653,45.60000000000009
2654,44.10000000000007
2655,46.60000000000009
2656,45.90000000000009
2657,46.500000000000085
2658,48.200000000000074
2659,50.20000000000006
2660,51.80000000000007
2661,52.800000000000054
2662,56.600000000000016
2663,62.59999999999998
2664,64.59999999999997
2665,50.40000000000006
2666,50.500000000000064
2667,51.80000000000007
2668,51.80000000000007
2669,51.40000000000006
2670,52.70000000000005
2671,54.200000000000024
2672,68.69999999999997
2673,67.09999999999997
2674,63.49999999999997
2675,60.89999999999998
2676,58.99999999999999
2677,60.49999999999998
2678,61.199999999999974
2679,60.69999999999998
2680,59.499999999999986
2681,58.00000000000001
2682,61.199999999999974
2683,64.49999999999997
2684,68.69999999999997
2685,69.89999999999998
2686,70.09999999999998
2687,72.69999999999995
2688,76.69999999999995
2689,62.89999999999997
2690,67.39999999999996
2691,67.89999999999996
2692,67.69999999999996
2693,67.49999999999997
2694,66.79999999999997
2695,64.29999999999997
2696,78.49999999999997
2697,72.99999999999996
2698,66.59999999999997
2699,59.39999999999999
2700,54.70000000000003
2701,51.80000000000007
2702,49.30000000000007
2703,47.200000000000095
2704,47.30000000000009
2705,47.200000000000095
2706,49.200000000000074
2707,52.500000000000064
2708,53.80000000000004
2709,61.199999999999974
2710,63.39999999999997
2711,63.09999999999997
2712,66.69999999999996
2713,51.80000000000007
2714,52.000000000000064
2715,51.80000000000007
2716,52.800000000000054
2717,52.20000000000006
2718,51.80000000000007
2719,49.30000000000007
2720,65.79999999999995
2721,63.799999999999976
2722,61.39999999999998
2723,58.199999999999996
2724,52.800000000000054
2725,49.00000000000007
2726,47.90000000000008
2727,47.70000000000008
2728,47.200000000000095
2729,52.000000000000064
2730,55.70000000000001
2731,60.49999999999998
2732,63.19999999999997
2733,65.79999999999995
2734,68.49999999999997
2735,72.79999999999995
2736,76.29999999999994
2737,61.199999999999974
2738,60.99999999999998
2739,60.399999999999984
2740,60.99999999999998
2741,57.7
2742,58.49999999999999
2743,57.5
2744,70.59999999999998
2745,67.59999999999997
2746,64.19999999999997
2747,58.199999999999996
2748,52.000000000000064
2749,48.90000000000007
2750,46.70000000000009
2751,42.00000000000004
2752,42.20000000000004
2753,41.20000000000003
2754,45.000000000000085
2755,48.90000000000007
2756,51.20000000000006
2757,54.10000000000002
2758,57.4
2759,57.900000000000006
2760,60.49999999999998
2761,44.80000000000008
2762,45.30000000000008
2763,44.50000000000007
2764,45.30000000000008
2765,45.500000000000085
2766,43.300000000000054
2767,39.90000000000004
2768,57.4
2769,54.60000000000003
2770,51.80000000000007
2771,50.500000000000064
2772,46.900000000000084
2773,47.200000000000095
2774,44.80000000000008
2775,43.60000000000006
2776,40.90000000000003
2777,38.100000000000044
2778,36.50000000000003
2779,37.30000000000004
2780,37.700000000000045
2781,36.40000000000003
2782,36.40000000000003
2783,36.50000000000003
2784,34.30000000000003
2785,19.299999999999994
2786,23.100000000000033
2787,24.400000000000034
2788,25.600000000000026
2789,29.800000000000043
2790,29.700000000000042
2791,29.500000000000043
2792,46.00000000000009
2793,45.90000000000009
2794,42.90000000000005
2795,41.80000000000004
2796,43.20000000000005
2797,43.60000000000006
2798,40.10000000000004
2799,41.00000000000003
2800,43.20000000000005
2801,43.10000000000005
2802,45.500000000000085
2803,47.000000000000085
2804,50.60000000000006
2805,53.40000000000005
2806,55.90000000000001
2807,57.900000000000006
2808,58.199999999999996
2809,44.60000000000008
2810,45.60000000000009
2811,45.30000000000008
2812,45.30000000000008
2813,44.50000000000007
2814,43.20000000000005
2815,43.80000000000006
2816,58.39999999999999
2817,52.800000000000054
2818,45.60000000000009
2819,39.30000000000005
2820,36.30000000000003
2821,31.80000000000003
2822,29.000000000000043
2823,23.600000000000037
2824,25.400000000000023
2825,26.900000000000034
2826,31.500000000000036
2827,37.600000000000044
2828,45.90000000000009
2829,49.30000000000007
2830,52.40000000000007
2831,54.200000000000024
2832,57.000000000000014
2833,43.400000000000055
2834,44.10000000000007
2835,45.80000000000009
2836,45.20000000000008
2837,45.20000000000008
2838,43.70000000000006
2839,43.300000000000054
2840,57.4
2841,53.300000000000054
2842,48.800000000000075
2843,38.90000000000004
2844,32.800000000000026
2845,32.300000000000026
2846,30.200000000000042
2847,29.90000000000004
2848,28.600000000000044
2849,28.200000000000042
2850,28.700000000000042
2851,30.200000000000042
2852,32.300000000000026
2853,35.60000000000003
2854,35.300000000000026
2855,36.30000000000003
2856,37.50000000000004
2857,23.500000000000036
2858,25.00000000000003
2859,25.200000000000024
2860,27.20000000000004
2861,29.000000000000043
2862,32.200000000000024
2863,30.70000000000004
2864,48.40000000000008
2865,46.70000000000009
2866,40.90000000000003
2867,37.000000000000036
2868,32.60000000000003
2869,30.70000000000004
2870,29.800000000000043
2871,29.200000000000045
2872,26.70000000000003
2873,26.300000000000036
2874,25.400000000000023
2875,28.700000000000042
2876,30.60000000000004
2877,31.70000000000003
2878,31.900000000000027
2879,32.300000000000026
2880,34.50000000000003
2881,0.0
2882,0.0
2883,0.0
2884,0.0
2885,0.0
2886,0.0
2887,0.0
2888,0.0
2889,0.0
2890,0.0
2891,0.0
2892,0.0
2893,0.0
2894,0.0
2895,0.0
2896,0.0
2897,0.0
2898,0.0
2899,0.0
2900,0.0
2901,0.0
2902,0.0
2903,0.0
2904,0.0
2905,0.0
2906,0.0
2907,0.0
2908,0.0
2909,0.0
2910,0.0
2911,0.0
2912,0.0
2913,0.0
2914,0.0
2915,0.0
2916,0.0
2917,0.0
2918,0.0
2919,0.0
2920,0.0
2921,0.0
2922,0.0
2923,0.0
2924,0.0
2925,0.0
2926,0.0
2927,0.0
2928,0.0
2929,0.0
2930,0.0
2931,0.0
2932,0.0
2933,0.0
2934,0.0
2935,0.0
2936,0.0
2937,0.0
2938,0.0
2939,0.0
2940,0.0
2941,0.0
2942,0.0
2943,0.0
2944,0.0
2945,0.0
2946,0.0
2947,0.0
2948,0.0
2949,0.0
2950,0.0
2951,0.0
2952,0.0
2953,0.0
2954,0.0
2955,0.0
2956,0.0
2957,0.0
2958,0.0
2959,0.0
2960,0.0
2961,0.0
2962,0.0
2963,0.0
2964,0.0
2965,0.0
2966,0.0
2967,0.0
2968,0.0
2969,0.0
2970,0.0
2971,0.0
2972,0.0
2973,0.0
2974,0.0
2975,0.0
2976,0.0
2977,0.0
2978,0.0
2979,0.0
2980,0.0
2981,0.0
2982,0.0
2983,0.0
2984,0.0
2985,0.0
2986,0.0
2987,0.0
2988,0.0
2989,0.0
2990,0.0
2991,0.0
2992,0.0
2993,0.0
2994,0.0
2995,0.0
2996,0.0
2997,0.0
2998,0.0
2999,0.0
3000,0.0
3001,0.0
3002,0.0
3003,0.0
3004,0.0
3005,0.0
3006,0.0
3007,0.0
3008,0.0
3009,0.0
3010,0.0
3011,0.0
3012,0.0
3013,0.0
3014,0.0
3015,0.0
3016,0.0
3017,0.0
3018,0.0
3019,0.0
3020,0.0
3021,0.0
3022,0.0
3023,0.0
3024,0.0
3025,0.0
3026,0.0
3027,0.0
3028,0.0
3029,0.0
3030,0.0
3031,0.0
3032,0.0
3033,0.0
3034,0.0
3035,0.0
3036,0.0
3037,0.0
3038,0.0
3039,0.0
3040,0.0
3041,0.0
3042,0.0
3043,0.0
3044,0.0
3045,0.0
3046,0.0
3047,0.0
3048,0.0
3049,0.0
3050,0.0
3051,0.0
3052,0.0
3053,0.0
3054,0.0
3055,0.0
3056,0.0
3057,0.0
3058,0.0
3059,0.0
3060,0.0
3061,0.0
3062,0.0
3063,0.0
3064,0.0
3065,0.0
3066,0.0
3067,0.0
3068,0.0
3069,0.0
3070,0.0
3071,0.0
3072,0.0
3073,0.0
3074,0.0
3075,0.0
3076,0.0
3077,0.0
3078,0.0
3079,0.0
3080,0.0
3081,0.0
3082,0.0
3083,0.0
3084,0.0
3085,0.0
3086,0.0
3087,0.0
3088,0.0
3089,0.0
3090,0.0
3091,0.0
3092,0.0
3093,0.0
3094,0.0
3095,0.0
3096,0.0
3097,0.0
3098,0.0
3099,0.0
3100,0.0
3101,0.0
3102,0.0
3103,0.0
3104,0.0
3105,0.0
3106,0.0
3107,0.0
3108,0.0
3109,0.0
3110,0.0
3111,0.0
3112,0.0
3113,0.0
3114,0.0
3115,0.0
3116,0.0
3117,0.0
3118,0.0
3119,0.0
3120,0.0
3121,0.0
3122,0.0
3123,0.0
3124,0.0
3125,0.0
3126,0.0
3127,0.0
3128,0.0
3129,0.0
3130,0.0
3131,0.0
3132,0.0
3133,0.0
3134,0.0
3135,0.0
3136,0.0
3137,0.0
3138,0.0
3139,0.0
3140,0.0
3141,0.0
3142,0.0
3143,0.0
3144,0.0
3145,0.0
3146,0.0
3147,0.0
3148,0.0
3149,0.0
3150,0.0
3151,0.0
3152,0.0
3153,0.0
3154,0.0
3155,0.0
3156,0.0
3157,0.0
3158,0.0
3159,0.0
3160,0.0
3161,0.0
3162,0.0
3163,0.0
3164,0.0
3165,0.0
3166,0.0
3167,0.0
3168,0.0
3169,0.0
3170,0.0
3171,0.0
3172,0.0
3173,0.0
3174,0.0
3175,0.0
3176,0.0
3177,0.0
3178,0.0
3179,0.0
3180,0.0
3181,0.0
3182,0.0
3183,0.0
3184,0.0
3185,0.0
3186,0.0
3187,0.0
3188,0.0
3189,0.0
3190,0.0
3191,0.0
3192,0.0
3193,0.0
3194,0.0
3195,0.0
3196,0.0
3197,0.0
3198,0.0
3199,0.0
3200,0.0
3201,0.0
3202,0.0
3203,0.0
3204,0.0
3205,0.0
3206,0.0
3207,0.0
3208,0.0
3209,0.0
3210,0.0
3211,0.0
3212,0.0
3213,0.0
3214,0.0
3215,0.0
3216,0.0
3217,0.0
3218,0.0
3219,0.0
3220,0.0
3221,0.0
3222,0.0
3223,0.0
3224,0.0
3225,0.0
3226,0.0
3227,0.0
3228,0.0
3229,0.0
3230,0.0
3231,0.0
3232,0.0
3233,0.0
3234,0.0
3235,0.0
3236,0.0
3237,0.0
3238,0.0
3239,0.0
3240,0.0
3241,0.0
3242,0.0
3243,0.0
3244,0.0
3245,0.0
3246,0.0
3247,0.0
3248,0.0
3249,0.0
3250,0.0
3251,0.0
3252,0.0
3253,0.0
3254,0.0
3255,0.0
3256,0.0
3257,0.0
3258,0.0
3259,0.0
3260,0.0
3261,0.0
3262,0.0
3263,0.0
3264,0.0
3265,0.0
3266,0.0
3267,0.0
3268,0.0
3269,0.0
3270,0.0
3271,0.0
3272,0.0
3273,0.0
3274,0.0
3275,0.0
3276,0.0
3277,0.0
3278,0.0
3279,0.0
3280,0.0
3281,0.0
3282,0.0
3283,0.0
3284,0.0
3285,0.0
3286,0.0
3287,0.0
3288,0.0
3289,0.0
3290,0.0
3291,0.0
3292,0.0
3293,0.0
3294,0.0
3295,0.0
3296,0.0
3297,0.0
3298,0.0
3299,0.0
3300,0.0
3301,0.0
3302,0.0
3303,0.0
3304,0.0
3305,0.0
3306,0.0
3307,0.0
3308,0.0
3309,0.0
3310,0.0
3311,0.0
3312,0.0
3313,0.0
3314,0.0
3315,0.0
3316,0.0
3317,0.0
3318,0.0
3319,0.0
3320,0.0
3321,0.0
3322,0.0
3323,0.0
3324,0.0
3325,0.0
3326,0.0
3327,0.0
3328,0.0
3329,0.0
3330,0.0
3331,0.0
3332,0.0
3333,0.0
3334,0.0
3335,0.0
3336,0.0
3337,0.0
3338,0.0
3339,0.0
3340,0.0
3341,0.0
3342,0.0
3343,0.0
3344,0.0
3345,0.0
3346,0.0
3347,0.0
3348,0.0
3349,0.0
3350,0.0
3351,0.0
3352,0.0
3353,0.0
3354,0.0
3355,0.0
3356,0.0
3357,0.0
3358,0.0
3359,0.0
3360,0.0
3361,0.0
3362,0.0
3363,0.0
3364,0.0
3365,0.0
3366,0.0
3367,0.0
3368,0.0
3369,0.0
3370,0.0
3371,0.0
3372,0.0
3373,0.0
3374,0.0
3375,0.0
3376,0.0
3377,0.0
3378,0.0
3379,0.0
3380,0.0
3381,0.0
3382,0.0
3383,0.0
3384,0.0
3385,0.0
3386,0.0
3387,0.0
3388,0.0
3389,0.0
3390,0.0
3391,0.0
3392,0.0
3393,0.0
3394,0.0
3395,0.0
3396,0.0
3397,0.0
3398,0.0
3399,0.0
3400,0.0
3401,0.0
3402,0.0
3403,0.0
3404,0.0
3405,0.0
3406,0.0
3407,0.0
3408,0.0
3409,0.0
3410,0.0
3411,0.0
3412,0.0
3413,0.0
3414,0.0
3415,0.0
3416,0.0
3417,0.0
3418,0.0
3419,0.0
3420,0.0
3421,0.0
3422,0.0
3423,0.0
3424,0.0
3425,0.0
3426,0.0
3427,0.0
3428,0.0
3429,0.0
3430,0.0
3431,0.0
3432,0.0
3433,0.0
3434,0.0
3435,0.0
3436,0.0
3437,0.0
3438,0.0
3439,0.0
3440,0.0
3441,0.0
3442,0.0
3443,0.0
3444,0.0
3445,0.0
3446,0.0
3447,0.0
3448,0.0
3449,0.0
3450,0.0
3451,0.0
3452,0.0
3453,0.0
3454,0.0
3455,0.0
3456,0.0
3457,0.0
3458,0.0
3459,0.0
3460,0.0
3461,0.0
3462,0.0
3463,0.0
3464,0.0
3465,0.0
3466,0.0
3467,0.0
3468,0.0
3469,0.0
3470,0.0
3471,0.0
3472,0.0
3473,0.0
3474,0.0
3475,0.0
3476,0.0
3477,0.0
3478,0.0
3479,0.0
3480,0.0
3481,0.0
3482,0.0
3483,0.0
3484,0.0
3485,0.0
3486,0.0
3487,0.0
3488,0.0
3489,0.0
3490,0.0
3491,0.0
3492,0.0
3493,0.0
3494,0.0
3495,0.0
3496,0.0
3497,0.0
3498,0.0
3499,0.0
3500,0.0
3501,0.0
3502,0.0
3503,0.0
3504,0.0
3505,0.0
3506,0.0
3507,0.0
3508,0.0
3509,0.0
3510,0.0
3511,0.0
3512,0.0
3513,0.0
3514,0.0
3515,0.0
3516,0.0
3517,0.0
3518,0.0
3519,0.0
3520,0.0
3521,0.0
3522,0.0
3523,0.0
3524,0.0
3525,0.0
3526,0.0
3527,0.0
3528,0.0
3529,0.0
3530,0.0
3531,0.0
3532,0.0
3533,0.0
3534,0.0
3535,0.0
3536,0.0
3537,0.0
3538,0.0
3539,0.0
3540,0.0
3541,0.0
3542,0.0
3543,0.0
3544,0.0
3545,0.0
3546,0.0
3547,0.0
3548,0.0
3549,0.0
3550,0.0
3551,0.0
3552,0.0
3553,0.0
3554,0.0
3555,0.0
3556,0.0
3557,0.0
3558,0.0
3559,0.0
3560,0.0
3561,0.0
3562,0.0
3563,0.0
3564,0.0
3565,0.0
3566,0.0
3567,0.0
3568,0.0
3569,0.0
3570,0.0
3571,0.0
3572,0.0
3573,0.0
3574,0.0
3575,0.0
3576,0.0
3577,0.0
3578,0.0
3579,0.0
3580,0.0
3581,0.0
3582,0.0
3583,0.0
3584,0.0
3585,0.0
3586,0.0
3587,0.0
3588,0.0
3589,0.0
3590,0.0
3591,0.0
3592,0.0
3593,0.0
3594,0.0
3595,0.0
3596,0.0
3597,0.0
3598,0.0
3599,0.0
3600,0.0
3601,0.0
3602,0.0
3603,0.0
3604,0.0
3605,0.0
3606,0.0
3607,0.0
3608,0.0
3609,0.0
3610,0.0
3611,0.0
3612,0.0
3613,0.0
3614,0.0
3615,0.0
3616,0.0
3617,0.0
3618,0.0
3619,0.0
3620,0.0
3621,0.0
3622,0.0
3623,0.0
3624,0.0
3625,0.0
3626,0.0
3627,0.0
3628,0.0
3629,0.0
3630,0.0
3631,0.0
3632,0.0
3633,0.0
3634,0.0
3635,0.0
3636,0.0
3637,0.0
3638,0.0
3639,0.0
3640,0.0
3641,0.0
3642,0.0
3643,0.0
3644,0.0
3645,0.0
3646,0.0
3647,0.0
3648,0.0
3649,0.0
3650,0.0
3651,0.0
3652,0.0
3653,0.0
3654,0.0
3655,0.0
3656,0.0
3657,0.0
3658,0.0
3659,0.0
3660,0.0
3661,0.0
3662,0.0
3663,0.0
3664,0.0
3665,0.0
3666,0.0
3667,0.0
3668,0.0
3669,0.0
3670,0.0
3671,0.0
3672,0.0
3673,0.0
3674,0.0
3675,0.0
3676,0.0
3677,0.0
3678,0.0
3679,0.0
3680,0.0
3681,0.0
3682,0.0
3683,0.0
3684,0.0
3685,0.0
3686,0.0
3687,0.0
3688,0.0
3689,0.0
3690,0.0
3691,0.0
3692,0.0
3693,0.0
3694,0.0
3695,0.0
3696,0.0
3697,0.0
3698,0.0
3699,0.0
3700,0.0
3701,0.0
3702,0.0
3703,0.0
3704,0.0
3705,0.0
3706,0.0
3707,0.0
3708,0.0
3709,0.0
3710,0.0
3711,0.0
3712,0.0
3713,0.0
3714,0.0
3715,0.0
3716,0.0
3717,0.0
3718,0.0
3719,0.0
3720,0.0
3721,0.0
3722,0.0
3723,0.0
3724,0.0
3725,0.0
3726,0.0
3727,0.0
3728,0.0
3729,0.0
3730,0.0
3731,0.0
3732,0.0
3733,0.0
3734,0.0
3735,0.0
3736,0.0
3737,0.0
3738,0.0
3739,0.0
3740,0.0
3741,0.0
3742,0.0
3743,0.0
3744,0.0
3745,0.0
3746,0.0
3747,0.0
3748,0.0
3749,0.0
3750,0.0
3751,0.0
3752,0.0
3753,0.0
3754,0.0
3755,0.0
3756,0.0
3757,0.0
3758,0.0
3759,0.0
3760,0.0
3761,0.0
3762,0.0
3763,0.0
3764,0.0
3765,0.0
3766,0.0
3767,0.0
3768,0.0
3769,0.0
3770,0.0
3771,0.0
3772,0.0
3773,0.0
3774,0.0
3775,0.0
3776,0.0
3777,0.0
3778,0.0
3779,0.0
3780,0.0
3781,0.0
3782,0.0
3783,0.0
3784,0.0
3785,0.0
3786,0.0
3787,0.0
3788,0.0
3789,0.0
3790,0.0
3791,0.0
3792,0.0
3793,0.0
3794,0.0
3795,0.0
3796,0.0
3797,0.0
3798,0.0
3799,0.0
3800,0.0
3801,0.0
3802,0.0
3803,0.0
3804,0.0
3805,0.0
3806,0.0
3807,0.0
3808,0.0
3809,0.0
3810,0.0
3811,0.0
3812,0.0
3813,0.0
3814,0.0
3815,0.0
3816,0.0
3817,0.0
3818,0.0
3819,0.0
3820,0.0
3821,0.0
3822,0.0
3823,0.0
3824,0.0
3825,0.0
3826,0.0
3827,0.0
3828,0.0
3829,0.0
3830,0.0
3831,0.0
3832,0.0
3833,0.0
3834,0.0
3835,0.0
3836,0.0
3837,0.0
3838,0.0
3839,0.0
3840,0.0
3841,0.0
3842,0.0
3843,0.0
3844,0.0
3845,0.0
3846,0.0
3847,0.0
3848,0.0
3849,0.0
3850,0.0
3851,0.0
3852,0.0
3853,0.0
3854,0.0
3855,0.0
3856,0.0
3857,0.0
3858,0.0
3859,0.0
3860,0.0
3861,0.0
3862,0.0
3863,0.0
3864,0.0
3865,0.0
3866,0.0
3867,0.0
3868,0.0
3869,0.0
3870,0.0
3871,0.0
3872,0.0
3873,0.0
3874,0.0
3875,0.0
3876,0.0
3877,0.0
3878,0.0
3879,0.0
3880,0.0
3881,0.0
3882,0.0
3883,0.0
3884,0.0
3885,0.0
3886,0.0
3887,0.0
3888,0.0
3889,0.0
3890,0.0
3891,0.0
3892,0.0
3893,0.0
3894,0.0
3895,0.0
3896,0.0
3897,0.0
3898,0.0
3899,0.0
3900,0.0
3901,0.0
3902,0.0
3903,0.0
3904,0.0
3905,0.0
3906,0.0
3907,0.0
3908,0.0
3909,0.0
3910,0.0
3911,0.0
3912,0.0
3913,0.0
3914,0.0
3915,0.0
3916,0.0
3917,0.0
3918,0.0
3919,0.0
3920,0.0
3921,0.0
3922,0.0
3923,0.0
3924,0.0
3925,0.0
3926,0.0
3927,0.0
3928,0.0
3929,0.0
3930,0.0
3931,0.0
3932,0.0
3933,0.0
3934,0.0
3935,0.0
3936,0.0
3937,0.0
3938,0.0
3939,0.0
3940,0.0
3941,0.0
3942,0.0
3943,0.0
3944,0.0
3945,0.0
3946,0.0
3947,0.0
3948,0.0
3949,0.0
3950,0.0
3951,0.0
3952,0.0
3953,0.0
3954,0.0
3955,0.0
3956,0.0
3957,0.0
3958,0.0
3959,0.0
3960,0.0
3961,0.0
3962,0.0
3963,0.0
3964,0.0
3965,0.0
3966,0.0
3967,0.0
3968,0.0
3969,0.0
3970,0.0
3971,0.0
3972,0.0
3973,0.0
3974,0.0
3975,0.0
3976,0.0
3977,0.0
3978,0.0
3979,0.0
3980,0.0
3981,0.0
3982,0.0
3983,0.0
3984,0.0
3985,0.0
3986,0.0
3987,0.0
3988,0.0
3989,0.0
3990,0.0
3991,0.0
3992,0.0
3993,0.0
3994,0.0
3995,0.0
3996,0.0
3997,0.0
3998,0.0
3999,0.0
4000,0.0
4001,0.0
4002,0.0
4003,0.0
4004,0.0
4005,0.0
4006,0.0
4007,0.0
4008,0.0
4009,0.0
4010,0.0
4011,0.0
4012,0.0
4013,0.0
4014,0.0
4015,0.0
4016,0.0
4017,0.0
4018,0.0
4019,0.0
4020,0.0
4021,0.0
4022,0.0
4023,0.0
4024,0.0
4025,0.0
4026,0.0
4027,0.0
4028,0.0
4029,0.0
4030,0.0
4031,0.0
4032,0.0
4033,0.0
4034,0.0
4035,0.0
4036,0.0
4037,0.0
4038,0.0
4039,0.0
4040,0.0
4041,0.0
4042,0.0
4043,0.0
4044,0.0
4045,0.0
4046,0.0
4047,0.0
4048,0.0
4049,0.0
4050,0.0
4051,0.0
4052,0.0
4053,0.0
4054,0.0
4055,0.0
4056,0.0
4057,0.0
4058,0.0
4059,0.0
4060,0.0
4061,0.0
4062,0.0
4063,0.0
4064,0.0
4065,0.0
4066,0.0
4067,0.0
4068,0.0
4069,0.0
4070,0.0
4071,0.0
4072,0.0
4073,0.0
4074,0.0
4075,0.0
4076,0.0
4077,0.0
4078,0.0
4079,0.0
4080,0.0
4081,0.0
4082,0.0
4083,0.0
4084,0.0
4085,0.0
4086,0.0
4087,0.0
4088,0.0
4089,0.0
4090,0.0
4091,0.0
4092,0.0
4093,0.0
4094,0.0
4095,0.0
4096,0.0
4097,0.0
4098,0.0
4099,0.0
4100,0.0
4101,0.0
4102,0.0
4103,0.0
4104,0.0
4105,0.0
4106,0.0
4107,0.0
4108,0.0
4109,0.0
4110,0.0
4111,0.0
4112,0.0
4113,0.0
4114,0.0
4115,0.0
4116,0.0
4117,0.0
4118,0.0
4119,0.0
4120,0.0
4121,0.0
4122,0.0
4123,0.0
4124,0.0
4125,0.0
4126,0.0
4127,0.0
4128,0.0
4129,0.0
4130,0.0
4131,0.0
4132,0.0
4133,0.0
4134,0.0
4135,0.0
4136,0.0
4137,0.0
4138,0.0
4139,0.0
4140,0.0
4141,0.0
4142,0.0
4143,0.0
4144,0.0
4145,0.0
4146,0.0
4147,0.0
4148,0.0
4149,0.0
4150,0.0
4151,0.0
4152,0.0
4153,0.0
4154,0.0
4155,0.0
4156,0.0
4157,0.0
4158,0.0
4159,0.0
4160,0.0
4161,0.0
4162,0.0
4163,0.0
4164,0.0
4165,0.0
4166,0.0
4167,0.0
4168,0.0
4169,0.0
4170,0.0
4171,0.0
4172,0.0
4173,0.0
4174,0.0
4175,0.0
4176,0.0
4177,0.0
4178,0.0
4179,0.0
4180,0.0
4181,0.0
4182,0.0
4183,0.0
4184,0.0
4185,0.0
4186,0.0
4187,0.0
4188,0.0
4189,0.0
4190,0.0
4191,0.0
4192,0.0
4193,0.0
4194,0.0
4195,0.0
4196,0.0
4197,0.0
4198,0.0
4199,0.0
4200,0.0
4201,0.0
4202,0.0
4203,0.0
4204,0.0
4205,0.0
4206,0.0
4207,0.0
4208,0.0
4209,0.0
4210,0.0
4211,0.0
4212,0.0
4213,0.0
4214,0.0
4215,0.0
4216,0.0
4217,0.0
4218,0.0
4219,0.0
4220,0.0
4221,0.0
4222,0.0
4223,0.0
4224,0.0
4225,0.0
4226,0.0
4227,0.0
4228,0.0
4229,0.0
4230,0.0
4231,0.0
4232,0.0
4233,0.0
4234,0.0
4235,0.0
4236,0.0
4237,0.0
4238,0.0
4239,0.0
4240,0.0
4241,0.0
4242,0.0
4243,0.0
4244,0.0
4245,0.0
4246,0.0
4247,0.0
4248,0.0
4249,0.0
4250,0.0
4251,0.0
4252,0.0
4253,0.0
4254,0.0
4255,0.0
4256,0.0
4257,0.0
4258,0.0
4259,0.0
4260,0.0
4261,0.0
4262,0.0
4263,0.0
4264,0.0
4265,0.0
4266,0.0
4267,0.0
4268,0.0
4269,0.0
4270,0.0
4271,0.0
4272,0.0
4273,0.0
4274,0.0
4275,0.0
4276,0.0
4277,0.0
4278,0.0
4279,0.0
4280,0.0
4281,0.0
4282,0.0
4283,0.0
4284,0.0
4285,0.0
4286,0.0
4287,0.0
4288,0.0
4289,0.0
4290,0.0
4291,0.0
4292,0.0
4293,0.0
4294,0.0
4295,0.0
4296,0.0
4297,0.0
4298,0.0
4299,0.0
4300,0.0
4301,0.0
4302,0.0
4303,0.0
4304,0.0
4305,0.0
4306,0.0
4307,0.0
4308,0.0
4309,0.0
4310,0.0
4311,0.0
4312,0.0
4313,0.0
4314,0.0
4315,0.0
4316,0.0
4317,0.0
4318,0.0
4319,0.0
4320,0.0
4321,0.0
4322,0.0
4323,0.0
4324,0.0
4325,0.0
4326,0.0
4327,0.0
4328,0.0
4329,0.0
4330,0.0
4331,0.0
4332,0.0
4333,0.0
4334,0.0
4335,0.0
4336,0.0
4337,0.0
4338,0.0
4339,0.0
4340,0.0
4341,0.0
4342,0.0
4343,0.0
4344,0.0
4345,0.0
4346,0.0
4347,0.0
4348,0.0
4349,0.0
4350,0.0
4351,0.0
4352,0.0
4353,0.0
4354,0.0
4355,0.0
4356,0.0
4357,0.0
4358,0.0
4359,0.0
4360,0.0
4361,0.0
4362,0.0
4363,0.0
4364,0.0
4365,0.0
4366,0.0
4367,0.0
4368,0.0
4369,0.0
4370,0.0
4371,0.0
4372,0.0
4373,0.0
4374,0.0
4375,0.0
4376,0.0
4377,0.0
4378,0.0
4379,0.0
4380,0.0
4381,0.0
4382,0.0
4383,0.0
4384,0.0
4385,0.0
4386,0.0
4387,0.0
4388,0.0
4389,0.0
4390,0.0
4391,0.0
4392,0.0
4393,0.0
4394,0.0
4395,0.0
4396,0.0
4397,0.0
4398,0.0
4399,0.0
4400,0.0
4401,0.0
4402,0.0
4403,0.0
4404,0.0
4405,0.0
4406,0.0
4407,0.0
4408,0.0
4409,0.0
4410,0.0
4411,0.0
4412,0.0
4413,0.0
4414,0.0
4415,0.0
4416,0.0
4417,0.0
4418,0.0
4419,0.0
4420,0.0
4421,0.0
4422,0.0
4423,0.0
4424,0.0
4425,0.0
4426,0.0
4427,0.0
4428,0.0
4429,0.0
4430,0.0
4431,0.0
4432,0.0
4433,0.0
4434,0.0
4435,0.0
4436,0.0
4437,0.0
4438,0.0
4439,0.0
4440,0.0
4441,0.0
4442,0.0
4443,0.0
4444,0.0
4445,0.0
4446,0.0
4447,0.0
4448,0.0
4449,0.0
4450,0.0
4451,0.0
4452,0.0
4453,0.0
4454,0.0
4455,0.0
4456,0.0
4457,0.0
4458,0.0
4459,0.0
4460,0.0
4461,0.0
4462,0.0
4463,0.0
4464,0.0
4465,0.0
4466,0.0
4467,0.0
4468,0.0
4469,0.0
4470,0.0
4471,0.0
4472,0.0
4473,0.0
4474,0.0
4475,0.0
4476,0.0
4477,0.0
4478,0.0
4479,0.0
4480,0.0
4481,0.0
4482,0.0
4483,0.0
4484,0.0
4485,0.0
4486,0.0
4487,0.0
4488,0.0
4489,0.0
4490,0.0
4491,0.0
4492,0.0
4493,0.0
4494,0.0
4495,0.0
4496,0.0
4497,0.0
4498,0.0
4499,0.0
4500,0.0
4501,0.0
4502,0.0
4503,0.0
4504,0.0
4505,0.0
4506,0.0
4507,0.0
4508,0.0
4509,0.0
4510,0.0
4511,0.0
4512,0.0
4513,0.0
4514,0.0
4515,0.0
4516,0.0
4517,0.0
4518,0.0
4519,0.0
4520,0.0
4521,0.0
4522,0.0
4523,0.0
4524,0.0
4525,0.0
4526,0.0
4527,0.0
4528,0.0
4529,0.0
4530,0.0
4531,0.0
4532,0.0
4533,0.0
4534,0.0
4535,0.0
4536,0.0
4537,0.0
4538,0.0
4539,0.0
4540,0.0
4541,0.0
4542,0.0
4543,0.0
4544,0.0
4545,0.0
4546,0.0
4547,0.0
4548,0.0
4549,0.0
4550,0.0
4551,0.0
4552,0.0
4553,0.0
4554,0.0
4555,0.0
4556,0.0
4557,0.0
4558,0.0
4559,0.0
4560,0.0
4561,0.0
4562,0.0
4563,0.0
4564,0.0
4565,0.0
4566,0.0
4567,0.0
4568,0.0
4569,0.0
4570,0.0
4571,0.0
4572,0.0
4573,0.0
4574,0.0
4575,0.0
4576,0.0
4577,0.0
4578,0.0
4579,0.0
4580,0.0
4581,0.0
4582,0.0
4583,0.0
4584,0.0
4585,0.0
4586,0.0
4587,0.0
4588,0.0
4589,0.0
4590,0.0
4591,0.0
4592,0.0
4593,0.0
4594,0.0
4595,0.0
4596,0.0
4597,0.0
4598,0.0
4599,0.0
4600,0.0
4601,0.0
4602,0.0
4603,0.0
4604,0.0
4605,0.0
4606,0.0
4607,0.0
4608,0.0
4609,0.0
4610,0.0
4611,0.0
4612,0.0
4613,0.0
4614,0.0
4615,0.0
4616,0.0
4617,0.0
4618,0.0
4619,0.0
4620,0.0
4621,0.0
4622,0.0
4623,0.0
4624,0.0
4625,0.0
4626,0.0
4627,0.0
4628,0.0
4629,0.0
4630,0.0
4631,0.0
4632,0.0
4633,0.0
4634,0.0
4635,0.0
4636,0.0
4637,0.0
4638,0.0
4639,0.0
4640,0.0
4641,0.0
4642,0.0
4643,0.0
4644,0.0
4645,0.0
4646,0.0
4647,0.0
4648,0.0
4649,0.0
4650,0.0
4651,0.0
4652,0.0
4653,0.0
4654,0.0
4655,0.0
4656,0.0
4657,0.0
4658,0.0
4659,0.0
4660,0.0
4661,0.0
4662,0.0
4663,0.0
4664,0.0
4665,0.0
4666,0.0
4667,0.0
4668,0.0
4669,0.0
4670,0.0
4671,0.0
4672,0.0
4673,0.0
4674,0.0
4675,0.0
4676,0.0
4677,0.0
4678,0.0
4679,0.0
4680,0.0
4681,0.0
4682,0.0
4683,0.0
4684,0.0
4685,0.0
4686,0.0
4687,0.0
4688,0.0
4689,0.0
4690,0.0
4691,0.0
4692,0.0
4693,0.0
4694,0.0
4695,0.0
4696,0.0
4697,0.0
4698,0.0
4699,0.0
4700,0.0
4701,0.0
4702,0.0
4703,0.0
4704,0.0
4705,0.0
4706,0.0
4707,0.0
4708,0.0
4709,0.0
4710,0.0
4711,0.0
4712,0.0
4713,0.0
4714,0.0
4715,0.0
4716,0.0
4717,0.0
4718,0.0
4719,0.0
4720,0.0
4721,0.0
4722,0.0
4723,0.0
4724,0.0
4725,0.0
4726,0.0
4727,0.0
4728,0.0
4729,0.0
4730,0.0
4731,0.0
4732,0.0
4733,0.0
4734,0.0
4735,0.0
4736,0.0
4737,0.0
4738,0.0
4739,0.0
4740,0.0
4741,0.0
4742,0.0
4743,0.0
4744,0.0
4745,0.0
4746,0.0
4747,0.0
4748,0.0
4749,0.0
4750,0.0
4751,0.0
4752,0.0
4753,0.0
4754,0.0
4755,0.0
4756,0.0
4757,0.0
4758,0.0
4759,0.0
4760,0.0
4761,0.0
4762,0.0
4763,0.0
4764,0.0
4765,0.0
4766,0.0
4767,0.0
4768,0.0
4769,0.0
4770,0.0
4771,0.0
4772,0.0
4773,0.0
4774,0.0
4775,0.0
4776,0.0
4777,0.0
4778,0.0
4779,0.0
4780,0.0
4781,0.0
4782,0.0
4783,0.0
4784,0.0
4785,0.0
4786,0.0
4787,0.0
4788,0.0
4789,0.0
4790,0.0
4791,0.0
4792,0.0
4793,0.0
4794,0.0
4795,0.0
4796,0.0
4797,0.0
4798,0.0
4799,0.0
4800,0.0
4801,0.0
4802,0.0
4803,0.0
4804,0.0
4805,0.0
4806,0.0
4807,0.0
4808,0.0
4809,0.0
4810,0.0
4811,0.0
4812,0.0
4813,0.0
4814,0.0
4815,0.0
4816,0.0
4817,0.0
4818,0.0
4819,0.0
4820,0.0
4821,0.0
4822,0.0
4823,0.0
4824,0.0
4825,0.0
4826,0.0
4827,0.0
4828,0.0
4829,0.0
4830,0.0
4831,0.0
4832,0.0
4833,0.0
4834,0.0
4835,0.0
4836,0.0
4837,0.0
4838,0.0
4839,0.0
4840,0.0
4841,0.0
4842,0.0
4843,0.0
4844,0.0
4845,0.0
4846,0.0
4847,0.0
4848,0.0
4849,0.0
4850,0.0
4851,0.0
4852,0.0
4853,0.0
4854,0.0
4855,0.0
4856,0.0
4857,0.0
4858,0.0
4859,0.0
4860,0.0
4861,0.0
4862,0.0
4863,0.0
4864,0.0
4865,0.0
4866,0.0
4867,0.0
4868,0.0
4869,0.0
4870,0.0
4871,0.0
4872,0.0
4873,0.0
4874,0.0
4875,0.0
4876,0.0
4877,0.0
4878,0.0
4879,0.0
4880,0.0
4881,0.0
4882,0.0
4883,0.0
4884,0.0
4885,0.0
4886,0.0
4887,0.0
4888,0.0
4889,0.0
4890,0.0
4891,0.0
4892,0.0
4893,0.0
4894,0.0
4895,0.0
4896,0.0
4897,0.0
4898,0.0
4899,0.0
4900,0.0
4901,0.0
4902,0.0
4903,0.0
4904,0.0
4905,0.0
4906,0.0
4907,0.0
4908,0.0
4909,0.0
4910,0.0
4911,0.0
4912,0.0
4913,0.0
4914,0.0
4915,0.0
4916,0.0
4917,0.0
4918,0.0
4919,0.0
4920,0.0
4921,0.0
4922,0.0
4923,0.0
4924,0.0
4925,0.0
4926,0.0
4927,0.0
4928,0.0
4929,0.0
4930,0.0
4931,0.0
4932,0.0
4933,0.0
4934,0.0
4935,0.0
4936,0.0
4937,0.0
4938,0.0
4939,0.0
4940,0.0
4941,0.0
4942,0.0
4943,0.0
4944,0.0
4945,0.0
4946,0.0
4947,0.0
4948,0.0
4949,0.0
4950,0.0
4951,0.0
4952,0.0
4953,0.0
4954,0.0
4955,0.0
4956,0.0
4957,0.0
4958,0.0
4959,0.0
4960,0.0
4961,0.0
4962,0.0
4963,0.0
4964,0.0
4965,0.0
4966,0.0
4967,0.0
4968,0.0
4969,0.0
4970,0.0
4971,0.0
4972,0.0
4973,0.0
4974,0.0
4975,0.0
4976,0.0
4977,0.0
4978,0.0
4979,0.0
4980,0.0
4981,0.0
4982,0.0
4983,0.0
4984,0.0
4985,0.0
4986,0.0
4987,0.0
4988,0.0
4989,0.0
4990,0.0
4991,0.0
4992,0.0
4993,0.0
4994,0.0
4995,0.0
4996,0.0
4997,0.0
4998,0.0
4999,0.0
5000,0.0
5001,0.0
5002,0.0
5003,0.0
5004,0.0
5005,0.0
5006,0.0
5007,0.0
5008,0.0
5009,0.0
5010,0.0
5011,0.0
5012,0.0
5013,0.0
5014,0.0
5015,0.0
5016,0.0
5017,0.0
5018,0.0
5019,0.0
5020,0.0
5021,0.0
5022,0.0
5023,0.0
5024,0.0
5025,0.0
5026,0.0
5027,0.0
5028,0.0
5029,0.0
5030,0.0
5031,0.0
5032,0.0
5033,0.0
5034,0.0
5035,0.0
5036,0.0
5037,0.0
5038,0.0
5039,0.0
5040,0.0
5041,0.0
5042,0.0
5043,0.0
5044,0.0
5045,0.0
5046,0.0
5047,0.0
5048,0.0
5049,0.0
5050,0.0
5051,0.0
5052,0.0
5053,0.0
5054,0.0
5055,0.0
5056,0.0
5057,0.0
5058,0.0
5059,0.0
5060,0.0
5061,0.0
5062,0.0
5063,0.0
5064,0.0
5065,0.0
5066,0.0
5067,0.0
5068,0.0
5069,0.0
5070,0.0
5071,0.0
5072,0.0
5073,0.0
5074,0.0
5075,0.0
5076,0.0
5077,0.0
5078,0.0
5079,0.0
5080,0.0
5081,0.0
5082,0.0
5083,0.0
5084,0.0
5085,0.0
5086,0.0
5087,0.0
5088,0.0
5089,0.0
5090,0.0
5091,0.0
5092,0.0
5093,0.0
5094,0.0
5095,0.0
5096,0.0
5097,0.0
5098,0.0
5099,0.0
5100,0.0
5101,0.0
5102,0.0
5103,0.0
5104,0.0
5105,0.0
5106,0.0
5107,0.0
5108,0.0
5109,0.0
5110,0.0
5111,0.0
5112,0.0
5113,0.0
5114,0.0
5115,0.0
5116,0.0
5117,0.0
5118,0.0
5119,0.0
5120,0.0
5121,0.0
5122,0.0
5123,0.0
5124,0.0
5125,0.0
5126,0.0
5127,0.0
5128,0.0
5129,0.0
5130,0.0
5131,0.0
5132,0.0
5133,0.0
5134,0.0
5135,0.0
5136,0.0
5137,0.0
5138,0.0
5139,0.0
5140,0.0
5141,0.0
5142,0.0
5143,0.0
5144,0.0
5145,0.0
5146,0.0
5147,0.0
5148,0.0
5149,0.0
5150,0.0
5151,0.0
5152,0.0
5153,0.0
5154,0.0
5155,0.0
5156,0.0
5157,0.0
5158,0.0
5159,0.0
5160,0.0
5161,0.0
5162,0.0
5163,0.0
5164,0.0
5165,0.0
5166,0.0
5167,0.0
5168,0.0
5169,0.0
5170,0.0
5171,0.0
5172,0.0
5173,0.0
5174,0.0
5175,0.0
5176,0.0
5177,0.0
5178,0.0
5179,0.0
5180,0.0
5181,0.0
5182,0.0
5183,0.0
5184,0.0
5185,0.0
5186,0.0
5187,0.0
5188,0.0
5189,0.0
5190,0.0
5191,0.0
5192,0.0
5193,0.0
5194,0.0
5195,0.0
5196,0.0
5197,0.0
5198,0.0
5199,0.0
5200,0.0
5201,0.0
5202,0.0
5203,0.0
5204,0.0
5205,0.0
5206,0.0
5207,0.0
5208,0.0
5209,0.0
5210,0.0
5211,0.0
5212,0.0
5213,0.0
5214,0.0
5215,0.0
5216,0.0
5217,0.0
5218,0.0
5219,0.0
5220,0.0
5221,0.0
5222,0.0
5223,0.0
5224,0.0
5225,0.0
5226,0.0
5227,0.0
5228,0.0
5229,0.0
5230,0.0
5231,0.0
5232,0.0
5233,0.0
5234,0.0
5235,0.0
5236,0.0
5237,0.0
5238,0.0
5239,0.0
5240,0.0
5241,0.0
5242,0.0
5243,0.0
5244,0.0
5245,0.0
5246,0.0
5247,0.0
5248,0.0
5249,0.0
5250,0.0
5251,0.0
5252,0.0
5253,0.0
5254,0.0
5255,0.0
5256,0.0
5257,0.0
5258,0.0
5259,0.0
5260,0.0
5261,0.0
5262,0.0
5263,0.0
5264,0.0
5265,0.0
5266,0.0
5267,0.0
5268,0.0
5269,0.0
5270,0.0
5271,0.0
5272,0.0
5273,0.0
5274,0.0
5275,0.0
5276,0.0
5277,0.0
5278,0.0
5279,0.0
5280,0.0
5281,0.0
5282,0.0
5283,0.0
5284,0.0
5285,0.0
5286,0.0
5287,0.0
5288,0.0
5289,0.0
5290,0.0
5291,0.0
5292,0.0
5293,0.0
5294,0.0
5295,0.0
5296,0.0
5297,0.0
5298,0.0
5299,0.0
5300,0.0
5301,0.0
5302,0.0
5303,0.0
5304,0.0
5305,0.0
5306,0.0
5307,0.0
5308,0.0
5309,0.0
5310,0.0
5311,0.0
5312,0.0
5313,0.0
5314,0.0
5315,0.0
5316,0.0
5317,0.0
5318,0.0
5319,0.0
5320,0.0
5321,0.0
5322,0.0
5323,0.0
5324,0.0
5325,0.0
5326,0.0
5327,0.0
5328,0.0
5329,0.0
5330,0.0
5331,0.0
5332,0.0
5333,0.0
5334,0.0
5335,0.0
5336,0.0
5337,0.0
5338,0.0
5339,0.0
5340,0.0
5341,0.0
5342,0.0
5343,0.0
5344,0.0
5345,0.0
5346,0.0
5347,0.0
5348,0.0
5349,0.0
5350,0.0
5351,0.0
5352,0.0
5353,0.0
5354,0.0
5355,0.0
5356,0.0
5357,0.0
5358,0.0
5359,0.0
5360,0.0
5361,0.0
5362,0.0
5363,0.0
5364,0.0
5365,0.0
5366,0.0
5367,0.0
5368,0.0
5369,0.0
5370,0.0
5371,0.0
5372,0.0
5373,0.0
5374,0.0
5375,0.0
5376,0.0
5377,0.0
5378,0.0
5379,0.0
5380,0.0
5381,0.0
5382,0.0
5383,0.0
5384,0.0
5385,0.0
5386,0.0
5387,0.0
5388,0.0
5389,0.0
5390,0.0
5391,0.0
5392,0.0
5393,0.0
5394,0.0
5395,0.0
5396,0.0
5397,0.0
5398,0.0
5399,0.0
5400,0.0
5401,0.0
5402,0.0
5403,0.0
5404,0.0
5405,0.0
5406,0.0
5407,0.0
5408,0.0
5409,0.0
5410,0.0
5411,0.0
5412,0.0
5413,0.0
5414,0.0
5415,0.0
5416,0.0
5417,0.0
5418,0.0
5419,0.0
5420,0.0
5421,0.0
5422,0.0
5423,0.0
5424,0.0
5425,0.0
5426,0.0
5427,0.0
5428,0.0
5429,0.0
5430,0.0
5431,0.0
5432,0.0
5433,0.0
5434,0.0
5435,0.0
5436,0.0
5437,0.0
5438,0.0
5439,0.0
5440,0.0
5441,0.0
5442,0.0
5443,0.0
5444,0.0
5445,0.0
5446,0.0
5447,0.0
5448,0.0
5449,0.0
5450,0.0
5451,0.0
5452,0.0
5453,0.0
5454,0.0
5455,0.0
5456,0.0
5457,0.0
5458,0.0
5459,0.0
5460,0.0
5461,0.0
5462,0.0
5463,0.0
5464,0.0
5465,0.0
5466,0.0
5467,0.0
5468,0.0
5469,0.0
5470,0.0
5471,0.0
5472,0.0
5473,0.0
5474,0.0
5475,0.0
5476,0.0
5477,0.0
5478,0.0
5479,0.0
5480,0.0
5481,0.0
5482,0.0
5483,0.0
5484,0.0
5485,0.0
5486,0.0
5487,0.0
5488,0.0
5489,0.0
5490,0.0
5491,0.0
5492,0.0
5493,0.0
5494,0.0
5495,0.0
5496,0.0
5497,0.0
5498,0.0
5499,0.0
5500,0.0
5501,0.0
5502,0.0
5503,0.0
5504,0.0
5505,0.0
5506,0.0
5507,0.0
5508,0.0
5509,0.0
5510,0.0
5511,0.0
5512,0.0
5513,0.0
5514,0.0
5515,0.0
5516,0.0
5517,0.0
5518,0.0
5519,0.0
5520,0.0
5521,0.0
5522,0.0
5523,0.0
5524,0.0
5525,0.0
5526,0.0
5527,0.0
5528,0.0
5529,0.0
5530,0.0
5531,0.0
5532,0.0
5533,0.0
5534,0.0
5535,0.0
5536,0.0
5537,0.0
5538,0.0
5539,0.0
5540,0.0
5541,0.0
5542,0.0
5543,0.0
5544,0.0
5545,0.0
5546,0.0
5547,0.0
5548,0.0
5549,0.0
5550,0.0
5551,0.0
5552,0.0
5553,0.0
5554,0.0
5555,0.0
5556,0.0
5557,0.0
5558,0.0
5559,0.0
5560,0.0
5561,0.0
5562,0.0
5563,0.0
5564,0.0
5565,0.0
5566,0.0
5567,0.0
5568,0.0
5569,0.0
5570,0.0
5571,0.0
5572,0.0
5573,0.0
5574,0.0
5575,0.0
5576,0.0
5577,0.0
5578,0.0
5579,0.0
5580,0.0
5581,0.0
5582,0.0
5583,0.0
5584,0.0
5585,0.0
5586,0.0
5587,0.0
5588,0.0
5589,0.0
5590,0.0
5591,0.0
5592,0.0
5593,0.0
5594,0.0
5595,0.0
5596,0.0
5597,0.0
5598,0.0
5599,0.0
5600,0.0
5601,0.0
5602,0.0
5603,0.0
5604,0.0
5605,0.0
5606,0.0
5607,0.0
5608,0.0
5609,0.0
5610,0.0
5611,0.0
5612,0.0
5613,0.0
5614,0.0
5615,0.0
5616,0.0
5617,0.0
5618,0.0
5619,0.0
5620,0.0
5621,0.0
5622,0.0
5623,0.0
5624,0.0
5625,0.0
5626,0.0
5627,0.0
5628,0.0
5629,0.0
5630,0.0
5631,0.0
5632,0.0
5633,0.0
5634,0.0
5635,0.0
5636,0.0
5637,0.0
5638,0.0
5639,0.0
5640,0.0
5641,0.0
5642,0.0
5643,0.0
5644,0.0
5645,0.0
5646,0.0
5647,0.0
5648,0.0
5649,0.0
5650,0.0
5651,0.0
5652,0.0
5653,0.0
5654,0.0
5655,0.0
5656,0.0
5657,0.0
5658,0.0
5659,0.0
5660,0.0
5661,0.0
5662,0.0
5663,0.0
5664,0.0
5665,0.0
5666,0.0
5667,0.0
5668,0.0
5669,0.0
5670,0.0
5671,0.0
5672,0.0
5673,0.0
5674,0.0
5675,0.0
5676,0.0
5677,0.0
5678,0.0
5679,0.0
5680,0.0
5681,0.0
5682,0.0
5683,0.0
5684,0.0
5685,0.0
5686,0.0
5687,0.0
5688,0.0
5689,0.0
5690,0.0
5691,0.0
5692,0.0
5693,0.0
5694,0.0
5695,0.0
5696,0.0
5697,0.0
5698,0.0
5699,0.0
5700,0.0
5701,0.0
5702,0.0
5703,0.0
5704,0.0
5705,0.0
5706,0.0
5707,0.0
5708,0.0
5709,0.0
5710,0.0
5711,0.0
5712,0.0
5713,0.0
5714,0.0
5715,0.0
5716,0.0
5717,0.0
5718,0.0
5719,0.0
5720,0.0
5721,0.0
5722,0.0
5723,0.0
5724,0.0
5725,0.0
5726,0.0
5727,0.0
5728,0.0
5729,0.0
5730,0.0
5731,0.0
5732,0.0
5733,0.0
5734,0.0
5735,0.0
5736,0.0
5737,0.0
5738,0.0
5739,0.0
5740,0.0
5741,0.0
5742,0.0
5743,0.0
5744,0.0
5745,0.0
5746,0.0
5747,0.0
5748,0.0
5749,0.0
5750,0.0
5751,0.0
5752,0.0
5753,0.0
5754,0.0
5755,0.0
5756,0.0
5757,0.0
5758,0.0
5759,0.0
5760,0.0
5761,0.0
5762,0.0
5763,0.0
5764,0.0
5765,0.0
5766,0.0
5767,0.0
5768,0.0
5769,0.0
5770,0.0
5771,0.0
5772,0.0
5773,0.0
5774,0.0
5775,0.0
5776,0.0
5777,0.0
5778,0.0
5779,0.0
5780,0.0
5781,0.0
5782,0.0
5783,0.0
5784,0.0
5785,0.0
5786,0.0
5787,0.0
5788,0.0
5789,0.0
5790,0.0
5791,0.0
5792,0.0
5793,0.0
5794,0.0
5795,0.0
5796,0.0
5797,0.0
5798,0.0
5799,0.0
5800,0.0
5801,0.0
5802,0.0
5803,0.0
5804,0.0
5805,0.0
5806,0.0
5807,0.0
5808,0.0
5809,0.0
5810,0.0
5811,0.0
5812,0.0
5813,0.0
5814,0.0
5815,0.0
5816,0.0
5817,0.0
5818,0.0
5819,0.0
5820,0.0
5821,0.0
5822,0.0
5823,0.0
5824,0.0
5825,0.0
5826,0.0
5827,0.0
5828,0.0
5829,0.0
5830,0.0
5831,0.0
5832,0.0
5833,0.0
5834,0.0
5835,0.0
5836,0.0
5837,0.0
5838,0.0
5839,0.0
5840,0.0
5841,0.0
5842,0.0
5843,0.0
5844,0.0
5845,0.0
5846,0.0
5847,0.0
5848,0.0
5849,0.0
5850,0.0
5851,0.0
5852,0.0
5853,0.0
5854,0.0
5855,0.0
5856,0.0
5857,0.0
5858,0.0
5859,0.0
5860,0.0
5861,0.0
5862,0.0
5863,0.0
5864,0.0
5865,0.0
5866,0.0
5867,0.0
5868,0.0
5869,0.0
5870,0.0
5871,0.0
5872,0.0
5873,0.0
5874,0.0
5875,0.0
5876,0.0
5877,0.0
5878,0.0
5879,0.0
5880,0.0
5881,0.0
5882,0.0
5883,0.0
5884,0.0
5885,0.0
5886,0.0
5887,0.0
5888,0.0
5889,0.0
5890,0.0
5891,0.0
5892,0.0
5893,0.0
5894,0.0
5895,0.0
5896,0.0
5897,0.0
5898,0.0
5899,0.0
5900,0.0
5901,0.0
5902,0.0
5903,0.0
5904,0.0
5905,0.0
5906,0.0
5907,0.0
5908,0.0
5909,0.0
5910,0.0
5911,0.0
5912,0.0
5913,0.0
5914,0.0
5915,0.0
5916,0.0
5917,0.0
5918,0.0
5919,0.0
5920,0.0
5921,0.0
5922,0.0
5923,0.0
5924,0.0
5925,0.0
5926,0.0
5927,0.0
5928,0.0
5929,0.0
5930,0.0
5931,0.0
5932,0.0
5933,0.0
5934,0.0
5935,0.0
5936,0.0
5937,0.0
5938,0.0
5939,0.0
5940,0.0
5941,0.0
5942,0.0
5943,0.0
5944,0.0
5945,0.0
5946,0.0
5947,0.0
5948,0.0
5949,0.0
5950,0.0
5951,0.0
5952,0.0
5953,0.0
5954,0.0
5955,0.0
5956,0.0
5957,0.0
5958,0.0
5959,0.0
5960,0.0
5961,0.0
5962,0.0
5963,0.0
5964,0.0
5965,0.0
5966,0.0
5967,0.0
5968,0.0
5969,0.0
5970,0.0
5971,0.0
5972,0.0
5973,0.0
5974,0.0
5975,0.0
5976,0.0
5977,0.0
5978,0.0
5979,0.0
5980,0.0
5981,0.0
5982,0.0
5983,0.0
5984,0.0
5985,0.0
5986,0.0
5987,0.0
5988,0.0
5989,0.0
5990,0.0
5991,0.0
5992,0.0
5993,0.0
5994,0.0
5995,0.0
5996,0.0
5997,0.0
5998,0.0
5999,0.0
6000,0.0
6001,0.0
6002,0.0
6003,0.0
6004,0.0
6005,0.0
6006,0.0
6007,0.0
6008,0.0
6009,0.0
6010,0.0
6011,0.0
6012,0.0
6013,0.0
6014,0.0
6015,0.0
6016,0.0
6017,0.0
6018,0.0
6019,0.0
6020,0.0
6021,0.0
6022,0.0
6023,0.0
6024,0.0
6025,0.0
6026,0.0
6027,0.0
6028,0.0
6029,0.0
6030,0.0
6031,0.0
6032,0.0
6033,0.0
6034,0.0
6035,0.0
6036,0.0
6037,0.0
6038,0.0
6039,0.0
6040,0.0
6041,0.0
6042,0.0
6043,0.0
6044,0.0
6045,0.0
6046,0.0
6047,0.0
6048,0.0
6049,0.0
6050,0.0
6051,0.0
6052,0.0
6053,0.0
6054,0.0
6055,0.0
6056,0.0
6057,0.0
6058,0.0
6059,0.0
6060,0.0
6061,0.0
6062,0.0
6063,0.0
6064,0.0
6065,0.0
6066,0.0
6067,0.0
6068,0.0
6069,0.0
6070,0.0
6071,0.0
6072,0.0
6073,0.0
6074,0.0
6075,0.0
6076,0.0
6077,0.0
6078,0.0
6079,0.0
6080,0.0
6081,0.0
6082,0.0
6083,0.0
6084,0.0
6085,0.0
6086,0.0
6087,0.0
6088,0.0
6089,0.0
6090,0.0
6091,0.0
6092,0.0
6093,0.0
6094,0.0
6095,0.0
6096,0.0
6097,0.0
6098,0.0
6099,0.0
6100,0.0
6101,0.0
6102,0.0
6103,0.0
6104,0.0
6105,0.0
6106,0.0
6107,0.0
6108,0.0
6109,0.0
6110,0.0
6111,0.0
6112,0.0
6113,0.0
6114,0.0
6115,0.0
6116,0.0
6117,0.0
6118,0.0
6119,0.0
6120,0.0
6121,0.0
6122,0.0
6123,0.0
6124,0.0
6125,0.0
6126,0.0
6127,0.0
6128,0.0
6129,0.0
6130,0.0
6131,0.0
6132,0.0
6133,0.0
6134,0.0
6135,0.0
6136,0.0
6137,0.0
6138,0.0
6139,0.0
6140,0.0
6141,0.0
6142,0.0
6143,0.0
6144,0.0
6145,0.0
6146,0.0
6147,0.0
6148,0.0
6149,0.0
6150,0.0
6151,0.0
6152,0.0
6153,0.0
6154,0.0
6155,0.0
6156,0.0
6157,0.0
6158,0.0
6159,0.0
6160,0.0
6161,0.0
6162,0.0
6163,0.0
6164,0.0
6165,0.0
6166,0.0
6167,0.0
6168,0.0
6169,0.0
6170,0.0
6171,0.0
6172,0.0
6173,0.0
6174,0.0
6175,0.0
6176,0.0
6177,0.0
6178,0.0
6179,0.0
6180,0.0
6181,0.0
6182,0.0
6183,0.0
6184,0.0
6185,0.0
6186,0.0
6187,0.0
6188,0.0
6189,0.0
6190,0.0
6191,0.0
6192,0.0
6193,0.0
6194,0.0
6195,0.0
6196,0.0
6197,0.0
6198,0.0
6199,0.0
6200,0.0
6201,0.0
6202,0.0
6203,0.0
6204,0.0
6205,0.0
6206,0.0
6207,0.0
6208,0.0
6209,0.0
6210,0.0
6211,0.0
6212,0.0
6213,0.0
6214,0.0
6215,0.0
6216,0.0
6217,0.0
6218,0.0
6219,0.0
6220,0.0
6221,0.0
6222,0.0
6223,0.0
6224,0.0
6225,0.0
6226,0.0
6227,0.0
6228,0.0
6229,0.0
6230,0.0
6231,0.0
6232,0.0
6233,0.0
6234,0.0
6235,0.0
6236,0.0
6237,0.0
6238,0.0
6239,0.0
6240,0.0
6241,0.0
6242,0.0
6243,0.0
6244,0.0
6245,0.0
6246,0.0
6247,0.0
6248,0.0
6249,0.0
6250,0.0
6251,0.0
6252,0.0
6253,0.0
6254,0.0
6255,0.0
6256,0.0
6257,0.0
6258,0.0
6259,0.0
6260,0.0
6261,0.0
6262,0.0
6263,0.0
6264,0.0
6265,0.0
6266,0.0
6267,0.0
6268,0.0
6269,0.0
6270,0.0
6271,0.0
6272,0.0
6273,0.0
6274,0.0
6275,0.0
6276,0.0
6277,0.0
6278,0.0
6279,0.0
6280,0.0
6281,0.0
6282,0.0
6283,0.0
6284,0.0
6285,0.0
6286,0.0
6287,0.0
6288,0.0
6289,0.0
6290,0.0
6291,0.0
6292,0.0
6293,0.0
6294,0.0
6295,0.0
6296,0.0
6297,0.0
6298,0.0
6299,0.0
6300,0.0
6301,0.0
6302,0.0
6303,0.0
6304,0.0
6305,0.0
6306,0.0
6307,0.0
6308,0.0
6309,0.0
6310,0.0
6311,0.0
6312,0.0
6313,0.0
6314,0.0
6315,0.0
6316,0.0
6317,0.0
6318,0.0
6319,0.0
6320,0.0
6321,0.0
6322,0.0
6323,0.0
6324,0.0
6325,0.0
6326,0.0
6327,0.0
6328,0.0
6329,0.0
6330,0.0
6331,0.0
6332,0.0
6333,0.0
6334,0.0
6335,0.0
6336,0.0
6337,0.0
6338,0.0
6339,0.0
6340,0.0
6341,0.0
6342,0.0
6343,0.0
6344,0.0
6345,0.0
6346,0.0
6347,0.0
6348,0.0
6349,0.0
6350,0.0
6351,0.0
6352,0.0
6353,0.0
6354,0.0
6355,0.0
6356,0.0
6357,0.0
6358,0.0
6359,0.0
6360,0.0
6361,0.0
6362,0.0
6363,0.0
6364,0.0
6365,0.0
6366,0.0
6367,0.0
6368,0.0
6369,0.0
6370,0.0
6371,0.0
6372,0.0
6373,0.0
6374,0.0
6375,0.0
6376,0.0
6377,0.0
6378,0.0
6379,0.0
6380,0.0
6381,0.0
6382,0.0
6383,0.0
6384,0.0
6385,0.0
6386,0.0
6387,0.0
6388,0.0
6389,0.0
6390,0.0
6391,0.0
6392,0.0
6393,0.0
6394,0.0
6395,0.0
6396,0.0
6397,0.0
6398,0.0
6399,0.0
6400,0.0
6401,0.0
6402,0.0
6403,0.0
6404,0.0
6405,0.0
6406,0.0
6407,0.0
6408,0.0
6409,0.0
6410,0.0
6411,0.0
6412,0.0
6413,0.0
6414,0.0
6415,0.0
6416,0.0
6417,0.0
6418,0.0
6419,0.0
6420,0.0
6421,0.0
6422,0.0
6423,0.0
6424,0.0
6425,0.0
6426,0.0
6427,0.0
6428,0.0
6429,0.0
6430,0.0
6431,0.0
6432,0.0
6433,0.0
6434,0.0
6435,0.0
6436,0.0
6437,0.0
6438,0.0
6439,0.0
6440,0.0
6441,0.0
6442,0.0
6443,0.0
6444,0.0
6445,0.0
6446,0.0
6447,0.0
6448,0.0
6449,0.0
6450,0.0
6451,0.0
6452,0.0
6453,0.0
6454,0.0
6455,0.0
6456,0.0
6457,0.0
6458,0.0
6459,0.0
6460,0.0
6461,0.0
6462,0.0
6463,0.0
6464,0.0
6465,0.0
6466,0.0
6467,0.0
6468,0.0
6469,0.0
6470,0.0
6471,0.0
6472,0.0
6473,0.0
6474,0.0
6475,0.0
6476,0.0
6477,0.0
6478,0.0
6479,0.0
6480,0.0
6481,0.0
6482,0.0
6483,0.0
6484,0.0
6485,0.0
6486,0.0
6487,0.0
6488,0.0
6489,0.0
6490,0.0
6491,0.0
6492,0.0
6493,0.0
6494,0.0
6495,0.0
6496,0.0
6497,0.0
6498,0.0
6499,0.0
6500,0.0
6501,0.0
6502,0.0
6503,0.0
6504,0.0
6505,0.0
6506,0.0
6507,0.0
6508,0.0
6509,0.0
6510,0.0
6511,0.0
6512,0.0
6513,0.0
6514,0.0
6515,0.0
6516,0.0
6517,0.0
6518,0.0
6519,0.0
6520,0.0
6521,0.0
6522,0.0
6523,0.0
6524,0.0
6525,0.0
6526,0.0
6527,0.0
6528,0.0
6529,0.0
6530,0.0
6531,0.0
6532,0.0
6533,0.0
6534,0.0
6535,0.0
6536,0.0
6537,0.0
6538,0.0
6539,0.0
6540,0.0
6541,0.0
6542,0.0
6543,0.0
6544,0.0
6545,0.0
6546,0.0
6547,0.0
6548,0.0
6549,0.0
6550,0.0
6551,0.0
6552,0.0
6553,0.0
6554,0.0
6555,0.0
6556,0.0
6557,0.0
6558,0.0
6559,0.0
6560,0.0
6561,0.0
6562,0.0
6563,0.0
6564,0.0
6565,0.0
6566,0.0
6567,0.0
6568,0.0
6569,0.0
6570,0.0
6571,0.0
6572,0.0
6573,0.0
6574,0.0
6575,0.0
6576,0.0
6577,0.0
6578,1.2
6579,2.400000000000001
6580,3.4000000000000017
6581,14.899999999999968
6582,21.90000000000002
6583,23.000000000000032
6584,69.29999999999995
6585,69.49999999999996
6586,64.49999999999994
6587,62.29999999999997
6588,61.399999999999984
6589,55.8
6590,58.89999999999997
6591,52.20000000000004
6592,54.60000000000001
6593,60.499999999999986
6594,79.49999999999997
6595,90.70000000000002
6596,96.50000000000004
6597,104.7
6598,117.90000000000005
6599,123.09999999999995
6600,128.2
6601,89.50000000000003
6602,95.10000000000004
6603,95.50000000000006
6604,96.30000000000005
6605,95.10000000000004
6606,100.29999999999998
6607,104.89999999999999
6608,154.49999999999994
6609,147.60000000000008
6610,135.40000000000003
6611,128.79999999999998
6612,114.30000000000001
6613,113.3
6614,113.49999999999999
6615,113.89999999999999
6616,118.40000000000003
6617,124.19999999999993
6618,128.2
6619,134.40000000000003
6620,145.00000000000003
6621,155.59999999999997
6622,164.89999999999998
6623,160.6999999999999
6624,165.49999999999997
6625,124.29999999999994
6626,125.59999999999997
6627,126.59999999999997
6628,124.29999999999994
6629,125.59999999999997
6630,125.39999999999996
6631,126.69999999999996
6632,162.79999999999993
6633,163.4999999999999
6634,156.89999999999992
6635,145.30000000000004
6636,130.8
6637,120.60000000000004
6638,113.10000000000001
6639,105.59999999999998
6640,106.19999999999999
6641,117.10000000000005
6642,129.29999999999998
6643,141.80000000000004
6644,155.19999999999996
6645,158.19999999999987
6646,158.7999999999999
6647,163.99999999999994
6648,164.49999999999994
6649,127.89999999999999
6650,128.1
6651,129.39999999999998
6652,128.5
6653,127.8
6654,128.39999999999998
6655,120.90000000000002
6656,157.79999999999993
6657,152.7
6658,130.29999999999998
6659,116.80000000000004
6660,100.89999999999999
6661,96.30000000000005
6662,82.39999999999996
6663,78.19999999999996
6664,78.99999999999996
6665,84.99999999999999
6666,100.99999999999999
6667,120.10000000000002
6668,130.29999999999998
6669,148.10000000000005
6670,148.10000000000005
6671,154.79999999999995
6672,162.79999999999993
6673,120.00000000000003
6674,120.40000000000002
6675,119.60000000000002
6676,122.29999999999997
6677,128.5
6678,129.9
6679,131.10000000000002
6680,164.89999999999998
6681,159.89999999999986
6682,153.69999999999996
6683,137.2
6684,121.00000000000001
6685,101.79999999999998
6686,91.60000000000002
6687,84.99999999999999
6688,90.30000000000003
6689,86.69999999999999
6690,99.40000000000002
6691,111.89999999999999
6692,119.40000000000002
6693,124.29999999999994
6694,116.80000000000004
6695,126.19999999999996
6696,131.20000000000002
6697,90.70000000000002
6698,95.30000000000005
6699,96.80000000000004
6700,100.79999999999998
6701,104.39999999999999
6702,110.60000000000002
6703,108.10000000000002
6704,150.00000000000003
6705,146.30000000000007
6706,132.4
6707,124.29999999999994
6708,115.60000000000001
6709,112.60000000000001
6710,103.1
6711,104.7
6712,104.89999999999999
6713,113.79999999999998
6714,128.6
6715,143.5
6716,156.29999999999995
6717,155.69999999999996
6718,165.59999999999997
6719,173.09999999999997
6720,177.50000000000006
6721,136.7
6722,136.1
6723,135.9
6724,135.60000000000002
6725,138.9
6726,145.30000000000004
6727,146.30000000000007
6728,189.8
6729,180.3000000000001
6730,162.09999999999988
6731,152.2
6732,139.50000000000003
6733,126.99999999999997
6734,118.20000000000003
6735,107.90000000000002
6736,115.70000000000002
6737,114.60000000000001
6738,121.69999999999999
6739,131.50000000000003
6740,138.9
6741,143.5
6742,145.30000000000004
6743,150.00000000000003
6744,150.10000000000002
6745,107.90000000000002
6746,108.50000000000003
6747,105.19999999999999
6748,105.89999999999999
6749,104.7
6750,105.0
6751,109.10000000000002
6752,155.59999999999997
6753,146.30000000000007
6754,135.00000000000003
6755,119.80000000000001
6756,108.30000000000003
6757,95.90000000000005
6758,88.30000000000003
6759,81.49999999999997
6760,79.69999999999997
6761,83.69999999999997
6762,93.70000000000002
6763,105.99999999999999
6764,107.5
6765,115.30000000000001
6766,120.70000000000003
6767,128.29999999999998
6768,137.29999999999998
6769,99.30000000000003
6770,106.8
6771,111.2
6772,115.30000000000001
6773,120.70000000000003
6774,126.99999999999997
6775,128.29999999999998
6776,169.29999999999993
6777,159.3999999999999
6778,146.80000000000007
6779,128.5
6780,117.60000000000004
6781,105.59999999999998
6782,92.80000000000004
6783,84.99999999999999
6784,88.9
6785,101.19999999999999
6786,107.3
6787,128.29999999999998
6788,129.9
6789,135.8
6790,142.5
6791,145.30000000000004
6792,146.90000000000006
6793,107.3
6794,108.20000000000002
6795,103.2
6796,102.6
6797,101.69999999999997
6798,97.50000000000004
6799,103.40000000000002
6800,146.30000000000007
6801,139.60000000000005
6802,123.19999999999995
6803,115.50000000000001
6804,101.49999999999999
6805,96.20000000000005
6806,90.30000000000003
6807,85.6
6808,79.49999999999997
6809,82.99999999999996
6810,90.10000000000002
6811,102.1
6812,105.79999999999998
6813,108.10000000000002
6814,110.20000000000002
6815,117.60000000000004
6816,119.30000000000003
6817,77.79999999999995
6818,79.49999999999997
6819,80.39999999999998
6820,83.99999999999997
6821,78.09999999999997
6822,77.79999999999995
6823,77.79999999999995
6824,122.79999999999995
6825,122.69999999999996
6826,119.30000000000003
6827,108.10000000000002
6828,93.90000000000002
6829,87.80000000000001
6830,87.5
6831,73.89999999999998
6832,77.09999999999995
6833,78.99999999999996
6834,76.79999999999997
6835,79.49999999999997
6836,79.79999999999997
6837,87.5
6838,92.10000000000004
6839,92.10000000000004
6840,96.50000000000004
6841,58.29999999999998
6842,53.60000000000003
6843,58.19999999999998
6844,59.899999999999984
6845,58.99999999999997
6846,53.300000000000026
6847,50.80000000000006
6848,93.90000000000002
6849,81.49999999999997
6850,74.39999999999995
6851,64.79999999999995
6852,52.70000000000004
6853,50.30000000000007
6854,47.00000000000008
6855,49.10000000000007
6856,49.40000000000007
6857,46.50000000000008
6858,46.10000000000008
6859,43.500000000000064
6860,47.900000000000084
6861,45.60000000000008
6862,44.60000000000008
6863,43.500000000000064
6864,42.00000000000005
6865,0.0
6866,0.0
6867,0.0
6868,0.0
6869,0.0
6870,0.0
6871,0.0
6872,0.0
6873,0.0
6874,0.0
6875,0.0
6876,0.0
6877,0.0
6878,0.0
6879,0.0
6880,0.0
6881,0.0
6882,0.0
6883,0.0
6884,0.0
6885,0.0
6886,0.0
6887,0.0
6888,0.0
6889,33.10000000000003
6890,31.10000000000003
6891,33.60000000000004
6892,40.600000000000044
6893,48.700000000000074
6894,45.800000000000075
6895,53.20000000000003
6896,84.99999999999999
6897,77.69999999999995
6898,66.59999999999997
6899,53.60000000000003
6900,37.50000000000004
6901,28.200000000000045
6902,18.699999999999996
6903,10.399999999999983
6904,11.499999999999979
6905,23.400000000000034
6906,31.70000000000003
6907,45.300000000000075
6908,58.29999999999998
6909,61.89999999999998
6910,75.29999999999997
6911,83.29999999999995
6912,92.10000000000004
6913,45.800000000000075
6914,50.70000000000006
6915,53.300000000000026
6916,56.59999999999999
6917,54.60000000000001
6918,52.70000000000004
6919,49.50000000000007
6920,88.50000000000001
6921,76.79999999999997
6922,70.09999999999995
6923,62.899999999999956
6924,47.400000000000084
6925,30.600000000000033
6926,22.90000000000003
6927,22.80000000000003
6928,14.999999999999968
6929,18.699999999999996
6930,28.200000000000045
6931,37.50000000000004
6932,38.10000000000004
6933,37.40000000000004
6934,44.40000000000008
6935,44.700000000000074
6936,42.90000000000006
6937,3.2000000000000015
6938,16.49999999999997
6939,16.29999999999997
6940,18.399999999999995
6941,19.5
6942,22.90000000000003
6943,23.70000000000004
6944,66.49999999999996
6945,59.59999999999998
6946,46.80000000000008
6947,30.500000000000032
6948,20.000000000000004
6949,18.799999999999997
6950,16.99999999999998
6951,17.899999999999988
6952,17.29999999999998
6953,22.600000000000026
6954,28.000000000000043
6955,38.90000000000004
6956,49.20000000000008
6957,57.89999999999999
6958,65.09999999999994
6959,69.49999999999996
6960,80.69999999999996
6961,39.80000000000004
6962,46.90000000000008
6963,53.300000000000026
6964,62.19999999999997
6965,67.29999999999997
6966,72.69999999999997
6967,78.79999999999995
6968,120.00000000000003
6969,122.99999999999994
6970,118.20000000000003
6971,101.59999999999998
6972,88.80000000000001
6973,82.99999999999996
6974,76.59999999999997
6975,83.69999999999997
6976,85.09999999999998
6977,89.50000000000003
6978,103.60000000000001
6979,120.50000000000003
6980,128.5
6981,136.89999999999998
6982,148.70000000000005
6983,155.59999999999997
6984,161.4999999999999
6985,127.8
6986,130.29999999999998
6987,134.90000000000003
6988,139.50000000000003
6989,145.30000000000004
6990,137.1
6991,133.30000000000004
6992,169.09999999999994
6993,159.89999999999986
6994,151.00000000000003
6995,134.40000000000003
6996,114.80000000000001
6997,110.20000000000002
6998,95.10000000000004
6999,89.50000000000003
7000,95.10000000000004
7001,94.00000000000001
7002,105.39999999999999
7003,120.40000000000002
7004,130.29999999999998
7005,136.7
7006,142.4
7007,149.10000000000002
7008,156.69999999999993
7009,120.00000000000003
7010,118.90000000000003
7011,126.29999999999997
7012,131.10000000000002
7013,136.79999999999998
7014,141.70000000000002
7015,150.90000000000003
7016,191.50000000000006
7017,183.10000000000005
7018,171.39999999999998
7019,156.89999999999992
7020,145.90000000000006
7021,128.6
7022,120.60000000000004
7023,116.60000000000002
7024,120.10000000000002
7025,126.69999999999996
7026,137.39999999999998
7027,146.30000000000007
7028,149.00000000000003
7029,145.30000000000004
7030,149.50000000000003
7031,160.29999999999987
7032,165.19999999999996
7033,115.2
7034,118.80000000000004
7035,120.20000000000002
7036,120.70000000000003
7037,122.39999999999996
7038,124.29999999999994
7039,120.60000000000004
7040,155.49999999999997
7041,145.50000000000006
7042,141.60000000000005
7043,130.7
7044,110.4
7045,105.79999999999998
7046,107.3
7047,100.89999999999999
7048,97.60000000000004
7049,99.89999999999999
7050,113.10000000000001
7051,122.69999999999996
7052,128.79999999999998
7053,135.9
7054,142.00000000000003
7055,150.90000000000003
7056,153.89999999999998
7057,106.39999999999999
7058,111.2
7059,120.40000000000002
7060,125.59999999999997
7061,120.60000000000004
7062,121.5
7063,117.90000000000005
7064,153.1
7065,146.60000000000005
7066,138.7
7067,128.79999999999998
7068,114.40000000000002
7069,108.10000000000002
7070,101.29999999999998
7071,100.79999999999998
7072,100.29999999999998
7073,109.20000000000002
7074,113.39999999999999
7075,126.19999999999996
7076,135.40000000000003
7077,142.8
7078,141.70000000000002
7079,155.69999999999996
7080,158.19999999999987
7081,120.40000000000002
7082,121.00000000000001
7083,126.19999999999996
7084,124.29999999999994
7085,120.50000000000003
7086,120.40000000000002
7087,125.29999999999995
7088,157.1999999999999
7089,141.10000000000005
7090,131.60000000000002
7091,115.00000000000001
7092,102.69999999999999
7093,93.70000000000002
7094,88.50000000000001
7095,82.79999999999997
7096,86.69999999999999
7097,87.7
7098,91.80000000000003
7099,97.50000000000004
7100,102.4
7101,104.7
7102,116.00000000000003
7103,116.00000000000003
7104,118.90000000000003
7105,76.79999999999997
7106,75.39999999999996
7107,83.89999999999996
7108,87.60000000000001
7109,88.50000000000001
7110,85.09999999999998
7111,84.99999999999999
7112,137.99999999999997
7113,128.99999999999997
7114,115.70000000000002
7115,103.40000000000002
7116,89.80000000000001
7117,80.89999999999995
7118,83.09999999999997
7119,86.49999999999999
7120,92.20000000000003
7121,98.00000000000003
7122,114.50000000000001
7123,123.89999999999992
7124,122.39999999999996
7125,127.8
7126,125.69999999999997
7127,123.69999999999993
7128,128.79999999999998
7129,89.90000000000002
7130,94.60000000000002
7131,94.00000000000001
7132,96.70000000000005
7133,90.70000000000002
7134,89.90000000000002
7135,84.69999999999999
7136,126.19999999999996
7137,118.20000000000003
7138,106.39999999999999
7139,93.40000000000002
7140,86.79999999999998
7141,66.49999999999996
7142,58.29999999999998
7143,59.899999999999984
7144,61.19999999999999
7145,75.09999999999997
7146,77.09999999999995
7147,88.30000000000003
7148,96.70000000000005
7149,98.20000000000003
7150,100.6
7151,107.3
7152,111.2
7153,76.49999999999996
7154,82.49999999999996
7155,84.69999999999999
7156,88.80000000000001
7157,90.00000000000003
7158,87.39999999999999
7159,83.99999999999997
7160,113.39999999999999
7161,103.40000000000002
7162,84.69999999999999
7163,72.19999999999997
7164,58.29999999999998
7165,47.30000000000008
7166,39.70000000000004
7167,41.90000000000005
7168,43.20000000000006
7169,46.80000000000008
7170,60.09999999999998
7171,69.99999999999994
7172,74.09999999999997
7173,80.79999999999995
7174,85.19999999999999
7175,89.20000000000002
7176,99.8
7177,61.399999999999984
7178,58.89999999999997
7179,53.70000000000003
7180,54.60000000000001
7181,52.00000000000005
7182,44.10000000000007
7183,43.90000000000006
7184,82.59999999999995
7185,79.49999999999997
7186,63.799999999999955
7187,48.50000000000008
7188,32.50000000000003
7189,13.899999999999972
7190,0.0
7191,0.0
7192,0.0
7193,0.0
7194,4.400000000000001
7195,19.6
7196,26.500000000000046
7197,29.70000000000004
7198,36.000000000000036
7199,46.00000000000008
7200,46.80000000000008
7201,4.800000000000001
7202,20.000000000000004
7203,18.999999999999996
7204,23.000000000000032
7205,22.90000000000003
7206,30.300000000000036
7207,35.40000000000003
7208,84.29999999999997
7209,69.79999999999995
7210,64.99999999999994
7211,55.699999999999996
7212,44.300000000000075
7213,35.00000000000003
7214,30.90000000000003
7215,21.300000000000015
7216,14.999999999999968
7217,21.700000000000017
7218,32.80000000000003
7219,52.00000000000005
7220,65.09999999999994
7221,68.99999999999994
7222,68.09999999999997
7223,77.99999999999996
7224,82.99999999999996
7225,52.70000000000004
7226,52.30000000000004
7227,51.300000000000054
7228,50.70000000000006
7229,50.80000000000006
7230,53.300000000000026
7231,49.700000000000074
7232,87.39999999999999
7233,77.99999999999996
7234,67.19999999999996
7235,63.899999999999956
7236,47.400000000000084
7237,38.90000000000004
7238,36.70000000000004
7239,37.80000000000004
7240,35.80000000000003
7241,34.10000000000004
7242,33.80000000000003
7243,40.90000000000005
7244,47.900000000000084
7245,42.90000000000006
7246,43.40000000000006
7247,49.10000000000007
7248,52.00000000000005
7249,7.299999999999993
7250,11.29999999999998
7251,14.999999999999968
7252,20.70000000000001
7253,22.90000000000003
7254,22.600000000000026
7255,22.90000000000003
7256,62.99999999999996
7257,64.39999999999996
7258,59.999999999999986
7259,52.00000000000005
7260,44.000000000000064
7261,31.70000000000003
7262,34.500000000000036
7263,36.400000000000034
7264,35.10000000000003
7265,47.500000000000085
7266,55.8
7267,55.0
7268,58.89999999999997
7269,69.89999999999995
7270,71.79999999999997
7271,70.89999999999995
7272,78.39999999999996
7273,38.700000000000045
7274,36.70000000000004
7275,32.30000000000003
7276,30.600000000000033
7277,27.600000000000048
7278,34.90000000000003
7279,31.10000000000003
7280,72.69999999999997
7281,71.69999999999996
7282,69.39999999999995
7283,72.29999999999997
7284,70.59999999999995
7285,72.99999999999996
7286,69.89999999999995
7287,72.59999999999998
7288,66.69999999999996
7289,64.49999999999994
7290,69.89999999999995
7291,74.99999999999996
7292,75.29999999999997
7293,72.69999999999997
7294,75.89999999999996
7295,74.99999999999996
7296,75.39999999999996
7297,97.89999999999999
7298,127.59999999999995
7299,148.0
7300,154.4
7301,178.2999999999999
7302,204.09999999999994
7303,217.8
7304,359.7
7305,355.8999999999999
7306,381.0999999999999
7307,373.90000000000003
7308,355.59999999999997
7309,351.80000000000007
7310,350.2
7311,365.9999999999999
7312,368.09999999999985
7313,387.0
7314,434.8
7315,471.90000000000003
7316,455.0000000000003
7317,459.20000000000016
7318,469.29999999999995
7319,484.80000000000024
7320,509.49999999999994
7321,391.1000000000002
7322,400.4000000000001
7323,412.2999999999998
7324,423.19999999999965
7325,413.59999999999974
7326,395.1
7327,405.8
7328,525.8999999999999
7329,499.99999999999994
7330,461.40000000000015
7331,417.2999999999997
7332,367.59999999999985
7333,354.2
7334,326.0000000000001
7335,308.3
7336,308.1
7337,309.70000000000005
7338,334.6
7339,336.40000000000003
7340,349.69999999999993
7341,365.1999999999999
7342,364.1999999999999
7343,393.50000000000006
7344,393.50000000000006
7345,270.30000000000007
7346,268.70000000000005
7347,278.70000000000005
7348,280.3000000000002
7349,271.90000000000003
7350,281.70000000000016
7351,282.5000000000001
7352,398.5000000000002
7353,389.40000000000003
7354,372.90000000000003
7355,361.19999999999993
7356,335.50000000000006
7357,317.50000000000017
7358,300.9
7359,277.90000000000003
7360,274.70000000000005
7361,282.8000000000001
7362,279.8000000000001
7363,269.50000000000006
7364,252.9
7365,266.59999999999997
7366,269.6
7367,264.6
7368,243.79999999999998
7369,83.79999999999997
7370,87.69999999999999
7371,101.59999999999998
7372,113.70000000000003
7373,151.0
7374,169.7
7375,148.0
7376,279.5000000000001
7377,289.20000000000005
7378,263.6
7379,222.20000000000013
7380,182.99999999999994
7381,150.6
7382,116.50000000000003
7383,126.19999999999996
7384,130.19999999999996
7385,147.29999999999998
7386,178.7999999999999
7387,210.6999999999999
7388,202.99999999999994
7389,197.2999999999999
7390,207.99999999999991
7391,220.70000000000002
7392,244.8
7393,99.79999999999998
7394,108.9
7395,100.09999999999997
7396,106.69999999999995
7397,115.60000000000004
7398,118.29999999999998
7399,95.60000000000002
7400,224.4000000000002
7401,227.60000000000014
7402,221.00000000000009
7403,227.50000000000014
7404,208.2999999999999
7405,167.30000000000004
7406,145.9
7407,141.0
7408,161.99999999999997
7409,185.39999999999998
7410,202.29999999999993
7411,213.1999999999999
7412,222.9000000000002
7413,221.5000000000001
7414,218.9
7415,212.0999999999999
7416,196.09999999999994
7417,41.80000000000006
7418,63.29999999999997
7419,86.3
7420,82.69999999999996
7421,91.60000000000002
7422,114.00000000000003
7423,87.19999999999999
7424,215.19999999999987
7425,207.89999999999992
7426,203.59999999999994
7427,200.8999999999999
7428,213.79999999999987
7429,179.69999999999993
7430,178.0999999999999
7431,172.49999999999994
7432,191.29999999999993
7433,220.70000000000002
7434,230.7000000000002
7435,245.5
7436,275.0
7437,313.5000000000002
7438,320.6000000000002
7439,316.0000000000001
7440,340.59999999999997
7441,223.3000000000002
7442,240.30000000000004
7443,254.89999999999998
7444,284.0000000000001
7445,306.9
7446,344.2000000000001
7447,364.29999999999984
7448,485.50000000000017
7449,493.0
7450,470.6
7451,429.1999999999997
7452,394.8
7453,376.6000000000001
7454,345.40000000000003
7455,343.9000000000001
7456,363.99999999999983
7457,401.3000000000002
7458,455.90000000000026
7459,470.6
7460,489.60000000000025
7461,515.0
7462,562.7000000000002
7463,587.6999999999999
7464,604.0000000000002
7465,495.2
7466,506.0
7467,517.5000000000001
7468,522.3000000000001
7469,533.4
7470,533.4
7471,532.0999999999998
7472,659.1000000000001
7473,653.8000000000002
7474,650.6000000000001
7475,638.6999999999999
7476,632.8999999999999
7477,595.0999999999998
7478,591.3999999999997
7479,581.9999999999999
7480,579.1999999999997
7481,581.6999999999998
7482,592.1999999999998
7483,592.0999999999998
7484,602.1000000000001
7485,593.4999999999998
7486,591.5999999999998
7487,604.4000000000002
7488,615.8
7489,477.60000000000014
7490,483.6000000000002
7491,481.30000000000007
7492,502.20000000000005
7493,494.5999999999999
7494,478.9000000000002
7495,471.90000000000003
7496,632.4
7497,635.8
7498,582.4
7499,563.4000000000001
7500,504.0000000000001
7501,476.4
7502,470.6
7503,467.00000000000006
7504,481.9000000000001
7505,504.2000000000001
7506,530.0999999999999
7507,557.4000000000001
7508,581.9999999999999
7509,616.3
7510,631.3
7511,634.1999999999999
7512,655.8000000000002
7513,537.9999999999999
7514,517.3000000000002
7515,515.6999999999999
7516,511.40000000000003
7517,520.7000000000002
7518,511.40000000000003
7519,514.0999999999999
7520,641.6
7521,634.3
7522,616.5
7523,602.3000000000002
7524,589.9999999999999
7525,587.9
7526,572.5999999999999
7527,544.7000000000002
7528,564.5999999999999
7529,592.1999999999998
7530,593.3999999999997
7531,592.1999999999998
7532,592.2999999999998
7533,606.3999999999999
7534,622.5000000000001
7535,601.8000000000002
7536,611.3999999999999
7537,455.3000000000003
7538,487.3000000000002
7539,504.40000000000003
7540,496.5999999999999
7541,499.8
7542,499.9
7543,493.3
7544,647.5999999999999
7545,658.0000000000002
7546,642.1999999999999
7547,644.9
7548,638.9
7549,619.6
7550,590.3999999999999
7551,592.0999999999998
7552,612.1999999999998
7553,613.8999999999999
7554,669.0000000000002
7555,695.1999999999999
7556,674.6
7557,684.2000000000002
7558,705.7999999999998
7559,724.4000000000002
7560,748.2999999999995
7561,613.1999999999999
7562,611.1999999999999
7563,624.6
7564,619.0
7565,636.9
7566,646.6999999999998
7567,658.7000000000002
7568,809.7
7569,807.9000000000001
7570,824.8
7571,840.6999999999997
7572,828.7000000000003
7573,837.0000000000002
7574,840.7999999999997
7575,809.9
7576,791.8000000000004
7577,824.0999999999998
7578,826.7000000000002
7579,802.1
7580,795.5000000000003
7581,812.1999999999998
7582,810.9000000000001
7583,809.3000000000001
7584,837.0000000000002
7585,697.1
7586,711.1000000000001
7587,715.5000000000003
7588,714.4000000000002
7589,698.4
7590,678.3000000000003
7591,658.0000000000002
7592,779.0999999999998
7593,774.6999999999998
7594,787.0000000000002
7595,747.5999999999995
7596,719.6000000000003
7597,697.7
7598,658.8000000000002
7599,634.9
7600,635.4999999999999
7601,617.2
7602,610.5999999999999
7603,620.6
7604,645.1999999999999
7605,642.3
7606,620.5000000000001
7607,613.4999999999999
7608,623.8000000000002
7609,473.1
7610,471.6
7611,472.6
7612,498.3999999999999
7613,523.2
7614,536.2999999999998
7615,533.6
7616,670.2000000000002
7617,644.3000000000001
7618,630.4
7619,579.8999999999996
7620,551.0000000000002
7621,531.5999999999998
7622,500.9
7623,474.29999999999995
7624,473.4
7625,504.6000000000001
7626,520.7000000000002
7627,525.3
7628,534.1999999999999
7629,527.1999999999999
7630,525.0
7631,533.5
7632,530.4999999999999
7633,400.0000000000001
7634,409.9999999999999
7635,409.2999999999999
7636,413.69999999999976
7637,401.40000000000015
7638,390.10000000000014
7639,408.2999999999999
7640,525.3
7641,486.9000000000003
7642,471.6
7643,434.29999999999995
7644,436.6999999999999
7645,405.1
7646,375.3
7647,370.09999999999997
7648,360.90000000000003
7649,358.79999999999995
7650,378.49999999999994
7651,420.69999999999976
7652,426.19999999999965
7653,416.8999999999997
7654,429.0999999999997
7655,419.9999999999997
7656,411.3999999999998
7657,275.90000000000003
7658,257.49999999999994
7659,272.00000000000006
7660,265.9
7661,272.1
7662,255.29999999999995
7663,271.70000000000005
7664,404.5
7665,390.20000000000016
7666,381.2999999999999
7667,343.1000000000001
7668,317.40000000000015
7669,289.30000000000007
7670,277.3
7671,251.3
7672,265.7
7673,280.0000000000001
7674,318.80000000000024
7675,319.7000000000003
7676,328.6000000000001
7677,314.8000000000002
7678,326.2000000000001
7679,322.2000000000001
7680,332.1
7681,193.29999999999995
7682,203.79999999999993
7683,180.59999999999994
7684,183.59999999999997
7685,188.0
7686,196.89999999999992
7687,185.6
7688,364.4999999999999
7689,364.4999999999999
7690,366.9999999999999
7691,371.7
7692,369.8999999999999
7693,360.90000000000003
7694,359.79999999999995
7695,361.29999999999995
7696,381.49999999999994
7697,393.90000000000003
7698,424.6999999999997
7699,425.69999999999965
7700,471.2
7701,453.60000000000025
7702,460.5000000000002
7703,460.4000000000002
7704,446.0000000000003
7705,317.50000000000017
7706,322.40000000000015
7707,321.6000000000002
7708,353.50000000000006
7709,344.40000000000003
7710,342.7000000000001
7711,347.2
7712,488.10000000000025
7713,483.3000000000002
7714,480.40000000000015
7715,458.90000000000026
7716,419.49999999999966
7717,385.1
7718,373.6000000000001
7719,397.0000000000002
7720,395.60000000000014
7721,426.0999999999996
7722,443.7000000000003
7723,456.2000000000003
7724,494.79999999999995
7725,514.6
7726,525.0
7727,527.4999999999999
7728,550.1000000000003
7729,434.29999999999995
7730,447.3000000000004
7731,473.69999999999993
7732,488.60000000000025
7733,509.49999999999994
7734,534.1999999999999
7735,553.8000000000001
7736,691.8000000000002
7737,689.7
7738,644.8000000000001
7739,630.5
7740,594.3999999999997
7741,565.6
7742,559.2000000000002
7743,576.8999999999995
7744,593.3999999999997
7745,628.8
7746,671.3000000000003
7747,672.3000000000002
7748,701.9000000000001
7749,718.0000000000002
7750,744.2999999999995
7751,776.3000000000001
7752,791.5000000000003
7753,663.5000000000003
7754,644.4000000000001
7755,653.1000000000001
7756,644.3000000000001
7757,634.3
7758,643.7
7759,670.0000000000001
7760,794.0000000000003
7761,779.6999999999999
7762,739.9999999999995
7763,698.9000000000001
7764,663.5000000000003
7765,618.3000000000001
7766,563.2000000000002
7767,560.7000000000002
7768,543.5000000000001
7769,556.4000000000001
7770,608.5999999999998
7771,645.8
7772,650.3000000000001
7773,654.2000000000003
7774,654.9000000000002
7775,664.9000000000002
7776,690.1
7777,562.6000000000001
7778,542.4000000000001
7779,552.1000000000004
7780,572.5999999999999
7781,579.8999999999996
7782,589.7999999999998
7783,579.1999999999997
7784,694.6999999999999
7785,683.5000000000002
7786,648.1999999999999
7787,592.6999999999998
7788,561.5
7789,531.0999999999998
7790,528.2999999999998
7791,523.5
7792,531.0999999999998
7793,545.6999999999999
7794,589.0999999999998
7795,609.5999999999998
7796,637.0999999999999
7797,623.1
7798,653.8000000000002
7799,665.9000000000001
7800,682.2000000000002
7801,532.9
7802,539.7999999999998
7803,531.4999999999998
7804,538.5999999999999
7805,547.7000000000002
7806,555.7
7807,581.9999999999999
7808,707.1999999999999
7809,685.9000000000002
7810,677.8000000000002
7811,630.8000000000001
7812,589.3999999999997
7813,520.7000000000002
7814,484.0000000000002
7815,470.9
7816,484.5000000000003
7817,482.4000000000001
7818,492.30000000000007
7819,486.9000000000003
7820,532.9
7821,555.7
7822,564.6999999999999
7823,559.2000000000002
7824,566.7
7825,427.0999999999996
7826,423.89999999999964
7827,421.79999999999967
7828,419.1999999999997
7829,417.2999999999997
7830,427.0999999999996
7831,420.4999999999998
7832,549.7000000000003
7833,546.3
7834,533.9999999999999
7835,522.9000000000001
7836,481.6000000000001
7837,444.60000000000025
7838,416.8999999999997
7839,403.50000000000006
7840,409.2999999999999
7841,395.80000000000007
7842,410.5999999999999
7843,407.20000000000005
7844,416.8999999999997
7845,417.09999999999974
7846,428.29999999999967
7847,404.80000000000007
7848,399.2000000000001
7849,248.90000000000003
7850,266.69999999999993
7851,275.8
7852,274.0000000000001
7853,301.4999999999999
7854,283.7000000000001
7855,297.40000000000003
7856,460.1000000000002
7857,458.1000000000003
7858,437.09999999999985
7859,392.6
7860,364.4999999999999
7861,351.80000000000007
7862,340.79999999999995
7863,329.6000000000001
7864,345.9
7865,373.6000000000001
7866,409.0999999999999
7867,429.4999999999997
7868,467.80000000000007
7869,502.8000000000001
7870,515.5999999999999
7871,555.5000000000001
7872,559.4000000000002
7873,434.8
7874,443.5000000000002
7875,448.20000000000044
7876,446.9000000000004
7877,460.90000000000015
7878,468.8
7879,467.90000000000003
7880,616.8
7881,594.8999999999999
7882,584.3999999999999
7883,560.4000000000001
7884,539.5999999999999
7885,525.3
7886,516.9000000000001
7887,511.40000000000003
7888,494.0
7889,504.70000000000005
7890,527.3
7891,544.5000000000001
7892,572.5999999999999
7893,593.9999999999997
7894,616.7
7895,609.2999999999997
7896,599.4
7897,435.3
7898,435.99999999999994
7899,438.09999999999997
7900,438.09999999999997
7901,434.8
7902,430.5999999999998
7903,441.20000000000005
7904,591.7999999999997
7905,541.3
7906,494.8999999999999
7907,465.49999999999994
7908,437.9
7909,395.60000000000014
7910,378.0999999999999
7911,386.5
7912,406.29999999999995
7913,423.0999999999996
7914,451.20000000000033
7915,462.20000000000016
7916,462.10000000000014
7917,451.3000000000003
7918,448.20000000000044
7919,456.8000000000003
7920,440.40000000000003
7921,299.50000000000006
7922,306.8
7923,316.0000000000001
7924,324.6
7925,360.8
7926,371.40000000000003
7927,382.69999999999993
7928,538.5999999999999
7929,516.1
7930,494.49999999999994
7931,455.7000000000003
7932,414.99999999999983
7933,382.79999999999995
7934,394.1000000000001
7935,385.40000000000003
7936,387.2
7937,397.7000000000002
7938,425.29999999999967
7939,413.89999999999975
7940,432.99999999999994
7941,440.0
7942,478.8000000000002
7943,475.9
7944,508.2999999999999
7945,402.8000000000001
7946,409.6999999999999
7947,422.89999999999964
7948,432.7999999999999
7949,458.80000000000024
7950,474.59999999999997
7951,471.5
7952,602.3000000000002
7953,604.0000000000002
7954,579.7999999999997
7955,539.0999999999999
7956,511.40000000000003
7957,478.9000000000002
7958,445.30000000000035
7959,436.19999999999993
7960,446.30000000000024
7961,464.0
7962,499.7
7963,506.3
7964,515.6999999999999
7965,506.3
7966,515.4999999999999
7967,505.6000000000001
7968,509.8999999999999
7969,408.0999999999999
7970,422.0999999999997
7971,425.99999999999966
7972,444.60000000000025
7973,460.4000000000002
7974,444.60000000000025
7975,451.7000000000003
7976,591.2999999999998
7977,569.8999999999999
7978,540.5999999999999
7979,472.3
7980,427.49999999999966
7981,389.6000000000001
7982,370.9
7983,389.50000000000006
7984,420.69999999999976
7985,430.7999999999998
7986,469.19999999999993
7987,505.70000000000005
7988,524.3000000000001
7989,551.5000000000002
7990,592.9999999999998
7991,596.5999999999998
7992,624.9000000000001
7993,498.7999999999999
7994,501.4
7995,504.2000000000001
7996,538.7999999999998
7997,541.8999999999999
7998,560.2000000000002
7999,582.6999999999999
8000,731.5999999999998
8001,711.9000000000002
8002,688.0000000000002
8003,655.8000000000002
8004,612.2999999999998
8005,595.9999999999998
8006,572.6999999999999
8007,592.0999999999998
8008,620.3000000000001
8009,639.7
8010,686.8000000000003
8011,736.1999999999997
8012,739.9999999999995
8013,748.0999999999996
8014,786.9000000000002
8015,805.8000000000002
8016,815.5999999999998
8017,773.8000000000001
8018,780.0999999999999
8019,798.3000000000005
8020,785.5999999999999
8021,807.2000000000004
8022,850.8000000000001
8023,877.8999999999999
8024,1036.1999999999996
8025,1058.8000000000004
8026,1016.4
8027,996.3000000000001
8028,992.2
8029,966.5000000000001
8030,947.5000000000005
8031,939.8000000000001
8032,912.9000000000001
8033,918.5
8034,920.0
8035,925.5
8036,943.8000000000004
8037,993.5
8038,1029.1999999999996
8039,1036.9999999999993
8040,1026.9999999999998
8041,867.3999999999995
8042,857.8999999999995
8043,828.5999999999999
8044,823.0000000000001
8045,806.1000000000006
8046,817.4999999999999
8047,789.5999999999999
8048,953.5000000000001
8049,957.8000000000002
8050,973.0000000000001
8051,934.5
8052,907.4
8053,874.1999999999994
8054,868.4999999999994
8055,848.6000000000003
8056,854.8999999999997
8057,832.7000000000002
8058,826.9000000000001
8059,829.6999999999999
8060,854.7999999999998
8061,843.6999999999999
8062,844.6999999999999
8063,860.1999999999995
8064,860.1999999999995
8065,671.9000000000001
8066,669.2000000000002
8067,661.7999999999998
8068,669.2000000000002
8069,667.8000000000001
8070,666.4
8071,642.4999999999999
8072,816.9999999999999
8073,807.7000000000005
8074,782.6999999999998
8075,729.4999999999997
8076,711.3999999999999
8077,694.4000000000001
8078,708.3999999999997
8079,707.3999999999996
8080,722.5999999999999
8081,738.4999999999997
8082,740.6999999999997
8083,761.6999999999999
8084,787.9
8085,764.3999999999999
8086,777.0
8087,772.8
8088,780.9999999999998
8089,626.6999999999998
8090,638.5000000000001
8091,669.2000000000002
8092,664.1999999999999
8093,703.5999999999999
8094,715.9999999999997
8095,680.3000000000001
8096,842.0
8097,841.6
8098,837.9
8099,791.8
8100,799.8000000000005
8101,779.5999999999999
8102,780.0999999999999
8103,828.3000000000001
8104,842.4000000000001
8105,856.3
8106,890.7000000000003
8107,916.6000000000004
8108,919.1000000000001
8109,947.8000000000004
8110,950.9000000000003
8111,953.1000000000001
8112,985.8999999999999
8113,798.5000000000006
8114,768.4000000000001
8115,744.3
8116,700.0999999999998
8117,703.0999999999998
8118,715.4999999999997
8119,678.2
8120,829.9999999999999
8121,815.6999999999997
8122,793.1999999999999
8123,762.1999999999999
8124,731.1999999999996
8125,710.5999999999999
8126,661.5999999999998
8127,647.3999999999999
8128,652.6999999999999
8129,644.7999999999998
8130,627.7999999999998
8131,642.0999999999999
8132,627.7999999999998
8133,617.3000000000001
8134,581.4000000000001
8135,569.0999999999998
8136,570.7999999999998
8137,385.8000000000001
8138,369.2
8139,363.0999999999999
8140,383.90000000000026
8141,389.9000000000001
8142,369.09999999999997
8143,370.19999999999993
8144,539.4999999999999
8145,515.4
8146,497.7000000000001
8147,478.90000000000026
8148,484.8000000000003
8149,452.4000000000001
8150,427.69999999999976
8151,390.3000000000001
8152,395.6
8153,418.9999999999999
8154,424.19999999999965
8155,401.20000000000005
8156,417.89999999999986
8157,451.4000000000001
8158,482.0000000000003
8159,500.40000000000003
8160,507.3999999999997
8161,328.49999999999994
8162,358.2999999999999
8163,386.10000000000014
8164,401.5
8165,414.79999999999984
8166,423.4999999999996
8167,422.3999999999998
8168,598.2000000000003
8169,579.3
8170,573.8
8171,552.4000000000001
8172,543.6
8173,526.3000000000001
8174,543.1999999999999
8175,525.1
8176,535.0000000000001
8177,543.9999999999999
8178,575.9000000000001
8179,584.4000000000002
8180,616.6000000000001
8181,636.1000000000001
8182,638.9000000000001
8183,650.0999999999999
8184,648.4999999999998
8185,499.50000000000006
8186,516.9000000000001
8187,537.3000000000001
8188,562.4999999999998
8189,631.0999999999999
8190,672.8000000000002
8191,690.9
8192,837.3999999999999
8193,791.3
8194,788.8
8195,766.3000000000001
8196,747.3000000000001
8197,766.2
8198,756.0000000000002
8199,773.6
8200,823.4000000000001
8201,854.9999999999998
8202,910.2
8203,968.9000000000001
8204,1010.7999999999997
8205,1038.5999999999995
8206,1105.0000000000002
8207,1146.9999999999995
8208,1186.8
8209,1026.1999999999998
8210,1029.2999999999997
8211,1049.8
8212,1069.2000000000007
8213,1056.4000000000003
8214,1027.7999999999997
8215,1053.9
8216,1215.8000000000002
8217,1209.5999999999997
8218,1184.0000000000005
8219,1149.3999999999996
8220,1134.8999999999992
8221,1128.2999999999997
8222,1079.1000000000004
8223,1056.7000000000003
8224,1051.4
8225,1073.7000000000005
8226,1063.5000000000005
8227,1066.6000000000006
8228,1094.3000000000004
8229,1095.3000000000004
8230,1110.2
8231,1114.6999999999998
8232,1110.9
8233,963.0999999999998
8234,974.8000000000002
8235,972.3000000000002
8236,979.9000000000001
8237,990.5
8238,998.3000000000001
8239,1007.1
8240,1160.6999999999994
8241,1177.9999999999998
8242,1159.8999999999992
8243,1172.8999999999996
8244,1139.1999999999996
8245,1162.7999999999997
8246,1154.4
8247,1143.3999999999999
8248,1138.5999999999995
8249,1159.7999999999993
8250,1159.7999999999993
8251,1170.5999999999997
8252,1208.4999999999995
8253,1172.1999999999996
8254,1180.8000000000002
8255,1199.3
8256,1181.4
8257,1026.2999999999997
8258,1041.8999999999994
8259,1026.1999999999998
8260,1044.9999999999998
8261,1062.1000000000004
8262,1055.4
8263,1044.3999999999999
8264,1193.6999999999998
8265,1163.3
8266,1128.6
8267,1097.4000000000003
8268,1083.8000000000004
8269,1049.0
8270,1035.1999999999996
8271,1014.1999999999999
8272,1014.1999999999999
8273,1047.2999999999997
8274,1045.1
8275,1036.6999999999994
8276,1010.3999999999997
8277,1018.7
8278,1043.6999999999996
8279,1032.6999999999994
8280,1049.4
8281,885.9000000000007
8282,859.6999999999995
8283,842.2
8284,837.4999999999999
8285,837.8
8286,843.2
8287,848.7000000000003
8288,1018.9000000000001
8289,1042.4999999999995
8290,1029.0999999999997
8291,995.3
8292,991.0
8293,973.1000000000001
8294,981.2000000000002
8295,957.5000000000002
8296,942.5000000000003
8297,941.8000000000002
8298,963.7999999999998
8299,961.0000000000002
8300,971.8000000000002
8301,977.8
8302,997.0
8303,988.4999999999999
8304,992.5999999999999
8305,828.5999999999999
8306,844.0999999999999
8307,867.3999999999995
8308,873.0999999999995
8309,891.4000000000004
8310,858.1999999999996
8311,830.4999999999999
8312,969.1000000000001
8313,983.8000000000002
8314,950.7000000000004
8315,902.5000000000002
8316,857.5999999999996
8317,819.7000000000002
8318,773.8000000000001
8319,763.1999999999999
8320,766.1
8321,787.0
8322,810.1000000000001
8323,816.4999999999998
8324,822.3000000000001
8325,852.8
8326,866.8999999999995
8327,861.8999999999995
8328,860.9999999999995
8329,690.9999999999999
8330,691.3
8331,659.5999999999999
8332,652.9
8333,684.1999999999999
8334,702.8999999999997
8335,724.9
8336,886.4000000000004
8337,864.6999999999995
8338,830.7
8339,799.3000000000006
8340,772.5
8341,737.7999999999996
8342,709.9999999999998
8343,703.5999999999999
8344,703.5999999999999
8345,726.2999999999998
8346,748.8000000000002
8347,756.7
8348,782.6999999999998
8349,770.2000000000002
8350,779.5
8351,778.8999999999999
8352,782.8999999999997
8353,602.4000000000001
8354,609.9
8355,601.7000000000002
8356,599.8000000000001
8357,578.9
8358,589.9000000000001
8359,638.5000000000001
8360,804.1000000000006
8361,768.9000000000001
8362,717.4999999999997
8363,705.5999999999998
8364,647.2999999999998
8365,621.5999999999999
8366,612.4000000000002
8367,598.6000000000003
8368,622.1
8369,658.7999999999998
8370,674.4000000000003
8371,693.3
8372,702.5999999999998
8373,741.5999999999998
8374,780.1999999999999
8375,801.1000000000006
8376,821.4
8377,666.9000000000001
8378,677.4000000000002
8379,659.1999999999999
8380,658.4
8381,678.9
8382,690.8
8383,694.3000000000001
8384,874.4999999999994
8385,877.8999999999999
8386,846.9000000000001
8387,831.8000000000002
8388,799.7000000000005
8389,783.4999999999997
8390,726.1999999999998
8391,715.6999999999997
8392,715.6999999999997
8393,734.4999999999994
8394,730.3999999999995
8395,754.9000000000002
8396,729.7999999999996
8397,722.2999999999998
8398,715.1999999999996
8399,720.9999999999999
8400,704.2999999999998
8401,542.9
8402,544.3000000000001
8403,556.5
8404,521.6
8405,538.1
8406,531.7
8407,540.9
8408,719.2999999999997
8409,709.0999999999998
8410,671.9000000000001
8411,643.5999999999999
8412,621.5
8413,613.0000000000002
8414,609.6999999999999
8415,596.9000000000002
8416,571.9
8417,587.4000000000001
8418,608.1999999999998
8419,599.7
8420,620.8
8421,611.5000000000001
8422,612.3000000000002
8423,615.0000000000002
8424,641.6999999999999
8425,441.9000000000001
8426,430.7999999999996
8427,458.8000000000002
8428,455.3000000000003
8429,474.6000000000001
8430,483.8000000000003
8431,463.90000000000015
8432,632.4
8433,606.9999999999999
8434,576.5000000000001
8435,547.7999999999998
8436,535.0000000000001
8437,523.7
8438,512.2999999999997
8439,503.59999999999985
8440,494.50000000000017
8441,502.49999999999983
8442,539.9999999999999
8443,550.0
8444,562.0999999999998
8445,579.5
8446,557.8999999999999
8447,539.1
8448,513.2999999999997
8449,358.69999999999993
8450,389.60000000000014
8451,385.8000000000001
8452,424.19999999999965
8453,415.99999999999983
8454,396.09999999999997
8455,404.2
8456,566.9999999999997
8457,568.2999999999996
8458,528.4000000000001
8459,486.5000000000003
8460,461.8000000000002
8461,426.49999999999966
8462,400.2
8463,379.5000000000003
8464,414.79999999999984
8465,445.3
8466,462.10000000000014
8467,474.7000000000001
8468,496.0
8469,499.30000000000007
8470,513.2999999999997
8471,517.1
8472,534.7000000000002
8473,383.40000000000026
8474,432.4999999999997
8475,428.39999999999975
8476,432.6999999999997
8477,446.0
8478,468.20000000000016
8479,496.70000000000005
8480,660.7999999999998
8481,662.4999999999998
8482,649.3999999999997
8483,637.1000000000001
8484,624.3999999999999
8485,600.9000000000001
8486,608.5
8487,607.3
8488,613.2000000000002
8489,650.3
8490,669.4000000000002
8491,693.9
8492,729.7999999999996
8493,748.7000000000002
8494,788.9999999999999
8495,796.8000000000004
8496,815.5999999999998
8497,647.8999999999999
8498,647.7999999999998
8499,647.1999999999998
8500,630.1999999999999
8501,651.8
8502,662.3999999999997
8503,644.7999999999998
8504,828.2
8505,823.0000000000001
8506,795.3000000000002
8507,736.7999999999996
8508,710.4999999999999
8509,696.8999999999999
8510,671.8000000000001
8511,674.9000000000003
8512,652.0999999999999
8513,669.2000000000002
8514,696.3999999999999
8515,687.7999999999998
8516,703.1999999999998
8517,680.8000000000001
8518,652.0999999999999
8519,647.2999999999998
8520,626.6999999999998
8521,479.5000000000002
8522,489.5000000000002
8523,494.3000000000002
8524,494.8000000000002
8525,509.89999999999964
8526,499.30000000000007
8527,500.2
8528,676.8000000000004
8529,655.0999999999999
8530,605.0
8531,607.0999999999999
8532,603.7
8533,588.9000000000001
8534,614.1000000000003
8535,611.5000000000001
8536,640.1999999999999
8537,627.7999999999998
8538,651.5999999999999
8539,639.0
8540,644.1999999999998
8541,660.7999999999998
8542,647.7999999999998
8543,652.8
8544,673.4000000000003
8545,528.1000000000001
8546,551.2
8547,553.6
8548,567.1999999999996
8549,576.5000000000001
8550,601.8000000000002
8551,608.1999999999998
8552,779.5999999999999
8553,759.9999999999998
8554,726.2999999999998
8555,679.0
8556,657.9999999999999
8557,641.1999999999999
8558,621.5
8559,668.6000000000001
8560,707.6999999999997
8561,732.8999999999995
8562,766.0
8563,742.9999999999998
8564,754.5000000000001
8565,740.8999999999997
8566,773.3
8567,778.6999999999999
8568,782.3999999999999
8569,621.5
8570,632.2
8571,639.3
8572,647.3999999999999
8573,639.0
8574,660.1999999999998
8575,670.6000000000001
8576,836.6999999999999
8577,810.8000000000001
8578,786.8
8579,751.0000000000002
8580,683.4
8581,652.0999999999999
8582,628.8
8583,590.9
8584,601.9000000000002
8585,629.7
8586,647.3999999999999
8587,675.3000000000004
8588,738.8999999999996
8589,722.3999999999999
8590,708.9999999999998
8591,725.8999999999999
8592,736.0999999999996
8593,574.3000000000001
8594,543.4
8595,541.5
8596,524.5
8597,517.7000000000002
8598,496.30000000000007
8599,498.70000000000005
8600,647.3999999999999
8601,622.7
8602,614.6000000000003
8603,571.0999999999999
8604,518.3
8605,504.1999999999999
8606,465.10000000000014
8607,467.9000000000001
8608,479.5000000000002
8609,508.5999999999997
8610,549.5
8611,567.7999999999996
8612,554.6
8613,538.8
8614,542.7
8615,560.8999999999999
8616,569.6999999999998
8617,422.3999999999998
8618,396.0
8619,382.20000000000016
8620,399.90000000000003
8621,413.69999999999993
8622,422.7999999999998
8623,405.2
8624,570.9999999999999
8625,574.3000000000001
8626,533.6000000000001
8627,474.6000000000001
8628,445.9
8629,417.9999999999999
8630,408.0
8631,383.40000000000026
8632,416.09999999999985
8633,433.4999999999997
8634,475.30000000000007
8635,505.29999999999984
8636,511.39999999999964
8637,542.1
8638,558.2999999999998
8639,589.6000000000001
8640,612.6000000000003
8641,474.0000000000002
8642,476.8000000000002
8643,468.9000000000002
8644,471.60000000000014
8645,455.2000000000003
8646,476.1000000000001
8647,481.30000000000024
8648,661.2999999999998
8649,640.9
8650,616.6000000000001
8651,579.9
8652,528.0000000000001
8653,500.40000000000003
8654,480.2000000000003
8655,451.8000000000001
8656,440.70000000000005
8657,470.6000000000002
8658,486.90000000000026
8659,490.9000000000001
8660,465.30000000000007
8661,480.80000000000024
8662,489.3000000000002
8663,488.7000000000003
8664,509.29999999999956
8665,339.4999999999999
8666,327.3999999999999
8667,301.10000000000014
8668,295.6000000000002
8669,286.60000000000014
8670,285.10000000000014
8671,287.3000000000001
8672,461.40000000000015
8673,462.10000000000014
8674,460.9000000000001
8675,427.29999999999967
8676,403.70000000000005
8677,389.40000000000015
8678,364.49999999999983
8679,368.20000000000005
8680,370.29999999999995
8681,359.39999999999986
8682,327.29999999999995
8683,328.49999999999994
8684,320.70000000000005
8685,298.8000000000002
8686,299.4000000000001
8687,292.7000000000001
8688,291.7000000000001
8689,127.39999999999995
8690,136.09999999999994
8691,151.60000000000005
8692,123.79999999999993
8693,151.00000000000003
8694,171.49999999999991
8695,154.50000000000003
8696,329.3999999999999
8697,320.40000000000003
8698,333.79999999999995
8699,315.90000000000015
8700,333.5999999999999
8701,338.5999999999999
8702,352.7999999999998
8703,393.80000000000007
8704,431.7999999999997
8705,454.00000000000017
8706,479.8000000000003
8707,499.6000000000001
8708,501.7999999999999
8709,497.6000000000001
8710,520.7
8711,533.2000000000002
8712,519.3000000000001
8713,368.0
8714,403.00000000000006
8715,408.0
8716,443.3
8717,453.90000000000015
8718,486.6000000000003
8719,520.7
8720,682.4
8721,690.5999999999999
8722,684.5999999999998
8723,717.3999999999997
8724,681.1000000000001
8725,647.1999999999998
8726,652.1999999999999
8727,648.3999999999997
8728,676.0000000000003
8729,690.0999999999998
8730,739.4999999999995
8731,757.6999999999999
8732,738.9999999999997
8733,772.1
8734,807.6000000000005
8735,819.8000000000001
8736,844.6
8737,694.3000000000001
8738,708.9999999999998
8739,725.3
8740,732.4999999999995
8741,746.4
8742,749.5000000000002
8743,765.2
8744,923.0999999999999
8745,962.3
8746,934.9000000000001
8747,923.5000000000001
8748,923.9000000000001
8749,932.1
8750,926.4
8751,929.9000000000001
8752,935.7000000000002
8753,922.7
8754,940.4000000000001
8755,974.6000000000001
8756,1002.0999999999998
8757,1043.7999999999997
8758,1090.3000000000004
8759,1120.0999999999995
8760,1134.9999999999993
