hour,simstadt_heating_demand_kwh_h
1,2169.9999999999986
2,2215.7000000000003
3,2306.000000000001
4,2273.5000000000014
5,2302.4000000000015
6,2309.7000000000003
7,2271.700000000001
8,2256.1999999999994
9,2270.4000000000015
10,2140.9000000000015
11,2150.3000000000006
12,2026.9000000000003
13,1965.599999999999
14,1977.8999999999994
15,1972.3999999999992
16,2031.3000000000002
17,2156.2999999999993
18,2329.2999999999993
19,2482.6000000000004
20,2523.7000000000003
21,2548.7999999999993
22,2628.7999999999993
23,2689.9
24,2786.3000000000006
25,2872.499999999999
26,2800.6
27,2818.900000000002
28,2820.4000000000015
29,2787.9
30,2742.7999999999993
31,2795.3999999999996
32,2833.1000000000004
33,2758.4000000000024
34,2706.499999999999
35,2618.8999999999996
36,2511.7
37,2455.8000000000006
38,2428.1000000000004
39,2344.2999999999997
40,2399.100000000001
41,2504.8999999999996
42,2617.9999999999995
43,2637.5999999999995
44,2646.7000000000016
45,2680.4
46,2686.2
47,2693.299999999999
48,2695.199999999999
49,2693.7999999999984
50,2687.6
51,2705.299999999999
52,2759.800000000002
53,2785.900000000001
54,2749.6000000000004
55,2831.6999999999994
56,2791.5
57,2765.2000000000003
58,2782.8
59,2708.5999999999985
60,2684.7999999999993
61,2570.6
62,2509.8999999999996
63,2464.4000000000015
64,2453.8000000000006
65,2482.4000000000005
66,2580.0999999999995
67,2667.2000000000016
68,2729.8999999999987
69,2812.300000000001
70,2875.3999999999987
71,2931.9999999999986
72,2973.2999999999997
73,3005.6999999999994
74,3007.0000000000005
75,2980.4999999999995
76,3000.2999999999984
77,2995.0999999999985
78,2978.8
79,2918.000000000002
80,2821.800000000001
81,2740.0999999999985
82,2600.2
83,2364.600000000001
84,2181.4
85,2015.2999999999993
86,1948.8
87,1970.8999999999992
88,1955.6000000000001
89,1991.1
90,2011.1000000000001
91,2003.9999999999995
92,1955.0000000000002
93,2017.0999999999995
94,2053.300000000001
95,2072.6000000000004
96,2077.8
97,2074.9
98,2093.699999999999
99,2181.2
100,2232.7999999999997
101,2294.8999999999996
102,2329.099999999999
103,2410.8999999999987
104,2440.4
105,2490.1999999999994
106,2481.5000000000005
107,2523.9
108,2544.499999999999
109,2552.399999999999
110,2611.599999999999
111,2747.2000000000003
112,2734.499999999999
113,2858.0000000000005
114,2981.4999999999995
115,2999.899999999998
116,2943.699999999998
117,3023.700000000001
118,3136.8000000000015
119,3269.499999999998
120,3288.5000000000014
121,3363.199999999999
122,3367.299999999999
123,3292.3000000000006
124,3284.700000000002
125,3145.400000000001
126,3046.500000000002
127,3009.4000000000005
128,2986.499999999998
129,2944.599999999998
130,2835.3999999999996
131,2675.9000000000005
132,2539.199999999999
133,2343.299999999999
134,2197.600000000001
135,2131.0999999999995
136,2031.3000000000002
137,2030.7000000000005
138,2089.899999999999
139,2003.6999999999996
140,1991.1
141,2008.0000000000002
142,2003.3999999999994
143,2004.8999999999996
144,1995.3000000000004
145,1961.1999999999994
146,2006.3000000000002
147,2018.0999999999997
148,2048.4000000000005
149,2127.2999999999993
150,2084.5000000000005
151,2094.8999999999987
152,2139.5000000000014
153,2103.5999999999995
154,1966.299999999999
155,1912.3000000000006
156,1811.8999999999999
157,1737.3999999999996
158,1586.1999999999987
159,1527.7000000000012
160,1518.7000000000007
161,1662.0000000000007
162,1755.4999999999986
163,1893.6
164,1919.4000000000003
165,2030.6000000000006
166,2051.800000000001
167,2185.0
168,2214.7
169,2259.6999999999994
170,2243.199999999999
171,2264.2999999999993
172,2181.4
173,2155.3999999999987
174,2071.8
175,2070.1
176,2041.1000000000006
177,2032.0000000000005
178,1985.8999999999996
179,1875.4999999999998
180,1779.0999999999992
181,1815.5000000000002
182,1766.0999999999985
183,1810.6
184,1796.400000000001
185,1776.6999999999991
186,1796.7000000000012
187,1844.7000000000003
188,1740.2999999999993
189,1679.4000000000003
190,1674.4000000000003
191,1596.3999999999992
192,1536.1000000000008
193,1442.8000000000006
194,1449.1000000000004
195,1505.9999999999986
196,1520.7000000000005
197,1457.5000000000002
198,1382.9999999999998
199,1449.8000000000002
200,1434.4999999999995
201,1466.9
202,1356.1
203,1337.2000000000005
204,1356.6999999999998
205,1330.4000000000003
206,1219.5
207,1112.2000000000003
208,1079.6999999999996
209,1095.3000000000009
210,1064.8999999999994
211,1076.6999999999998
212,1085.4
213,1070.3999999999996
214,1073.5
215,1050.599999999999
216,984.2000000000002
217,1009.9000000000007
218,1047.7999999999993
219,1090.8000000000006
220,1144.9999999999995
221,1202.4999999999995
222,1265.1
223,1344.4000000000005
224,1370.5000000000002
225,1363.8000000000004
226,1399.1999999999998
227,1403.2
228,1374.9000000000005
229,1340.2000000000005
230,1363.8000000000004
231,1338.6000000000008
232,1468.6000000000001
233,1558.3000000000002
234,1684.3999999999999
235,1691.8999999999996
236,1786.6000000000006
237,1909.900000000001
238,2061.300000000001
239,2171.2999999999984
240,2247.699999999999
241,2328.8999999999987
242,2333.6999999999994
243,2335.799999999999
244,2341.4999999999986
245,2329.099999999999
246,2311.5000000000005
247,2302.4000000000015
248,2261.699999999999
249,2298.2000000000003
250,2195.900000000001
251,2201.7
252,2019.7999999999997
253,1978.3999999999999
254,1843.5
255,1870.9999999999995
256,1936.1999999999998
257,2101.1
258,2086.7
259,2121.7999999999993
260,2212.7999999999993
261,2264.2999999999993
262,2342.599999999999
263,2332.9999999999986
264,2350.1999999999994
265,2351.4999999999995
266,2393.0000000000014
267,2379.2999999999993
268,2370.3999999999996
269,2321.899999999999
270,2360.7
271,2329.699999999999
272,2355.699999999999
273,2364.2000000000003
274,2285.1
275,2205.1
276,2068.0000000000005
277,1958.0
278,1887.1
279,1830.9000000000008
280,1835.1000000000008
281,1814.2
282,1857.7999999999995
283,1870.7999999999995
284,1863.999999999999
285,1940.7999999999993
286,1953.7000000000003
287,1955.0000000000002
288,1986.0999999999995
289,1915.5000000000007
290,1915.1000000000004
291,1904.7000000000003
292,1902.1999999999998
293,1928.1000000000013
294,1946.8999999999999
295,1901.7000000000003
296,1900.1999999999998
297,1891.0
298,1887.1
299,1781.4999999999998
300,1719.7000000000007
301,1637.7000000000003
302,1602.7
303,1586.5999999999985
304,1525.8000000000015
305,1605.0000000000002
306,1585.0999999999988
307,1602.6000000000001
308,1630.7999999999988
309,1647.2000000000003
310,1754.0999999999985
311,1739.1999999999991
312,1776.5999999999992
313,1803.4000000000005
314,1787.5000000000007
315,1790.700000000001
316,1736.6
317,1699.7
318,1673.5000000000005
319,1712.500000000001
320,1732.8999999999999
321,1752.7999999999988
322,1719.9000000000008
323,1691.1
324,1724.2000000000003
325,1658.2000000000005
326,1616.7
327,1509.5999999999997
328,1435.3999999999996
329,1509.8999999999999
330,1526.9000000000015
331,1593.4999999999989
332,1628.5999999999988
333,1641.4
334,1647.8000000000006
335,1692.4999999999998
336,1652.2000000000014
337,1674.4000000000003
338,1708.2000000000012
339,1755.8999999999987
340,1823.9999999999998
341,1848.200000000001
342,1847.4000000000008
343,1849.0000000000014
344,1925.7000000000014
345,1946.5
346,1985.9999999999995
347,1918.6000000000004
348,1874.4999999999993
349,1852.5
350,1911.8000000000004
351,1922.8000000000013
352,1939.9999999999989
353,2000.8999999999999
354,2072.3
355,2089.1999999999994
356,2170.099999999999
357,2156.499999999999
358,2226.099999999999
359,2215.6
360,2163.799999999999
361,2149.1000000000013
362,2185.8000000000006
363,2242.4999999999995
364,2217.2000000000003
365,2193.900000000001
366,2288.9
367,2309.9000000000005
368,2334.7999999999993
369,2321.399999999999
370,2346.2999999999997
371,2191.5000000000005
372,2146.2000000000016
373,2094.1999999999985
374,2047.5000000000002
375,2075.3999999999996
376,2169.0999999999985
377,2317.8
378,2420.8000000000006
379,2482.6000000000004
380,2527.900000000001
381,2569.600000000001
382,2677.100000000001
383,2776.5000000000005
384,2853.7000000000007
385,2995.7999999999984
386,3018.1000000000013
387,3033.4000000000024
388,3002.499999999998
389,3006.3
390,2973.0999999999995
391,2957.9
392,2926.2999999999997
393,2800.8999999999996
394,2679.6000000000004
395,2549.7000000000003
396,2417.2999999999993
397,2235.3
398,2078.0000000000005
399,2100.3999999999996
400,2036.0000000000011
401,2019.6999999999996
402,2091.2999999999993
403,2053.300000000001
404,2049.2000000000007
405,2175.0999999999985
406,2097.499999999999
407,2109.699999999999
408,2072.9000000000005
409,1943.8999999999999
410,2017.6
411,2075.2
412,2080.1
413,2088.0999999999995
414,2101.2999999999997
415,2169.3999999999987
416,2204.3999999999996
417,2164.799999999999
418,2091.599999999999
419,2095.4999999999986
420,2032.0000000000005
421,1971.6999999999994
422,1978.5999999999997
423,1979.9999999999993
424,2067.5000000000005
425,2099.9999999999995
426,2105.5
427,2209.9000000000005
428,2222.0
429,2335.999999999999
430,2372.8999999999996
431,2359.9999999999995
432,2332.8999999999987
433,2375.4000000000005
434,2427.4
435,2514.2999999999993
436,2580.7999999999997
437,2514.9999999999995
438,2490.5999999999995
439,2451.6
440,2474.100000000002
441,2422.2000000000003
442,2420.7000000000007
443,2453.1
444,2348.5
445,2303.5000000000014
446,2235.9
447,2128.899999999999
448,2166.999999999999
449,2161.099999999999
450,2125.8999999999987
451,2202.2
452,2260.599999999999
453,2344.899999999999
454,2401.0000000000005
455,2349.9999999999995
456,2308.7000000000003
457,2341.4999999999986
458,2427.2
459,2430.6
460,2519.099999999999
461,2505.2999999999993
462,2526.1000000000004
463,2527.200000000001
464,2535.799999999999
465,2543.599999999999
466,2425.9
467,2358.4999999999986
468,2262.699999999999
469,2180.8999999999996
470,2128.0999999999995
471,2068.6000000000004
472,2011.6999999999998
473,2043.3000000000009
474,2011.4
475,2049.1000000000004
476,2120.399999999999
477,2091.999999999999
478,2139.000000000001
479,2157.1999999999994
480,2161.099999999999
481,2159.6999999999994
482,2272.800000000001
483,2273.000000000001
484,2346.9
485,2341.799999999999
486,2325.0999999999985
487,2357.599999999999
488,2332.1999999999985
489,2284.7999999999997
490,2196.8000000000006
491,2122.199999999999
492,1993.7000000000005
493,2031.0000000000005
494,1946.6000000000001
495,1937.8
496,1952.1000000000001
497,1949.6
498,2051.7000000000007
499,2076.4
500,2187.4
501,2169.8999999999987
502,2275.400000000001
503,2303.300000000001
504,2374.5000000000005
505,2401.7000000000007
506,2356.3999999999987
507,2350.3999999999996
508,2377.2999999999997
509,2420.6000000000004
510,2504.2999999999997
511,2559.8999999999996
512,2582.1
513,2535.9999999999986
514,2457.800000000001
515,2368.0000000000005
516,2289.6
517,2262.899999999999
518,2200.1000000000004
519,2197.9000000000005
520,2271.3000000000015
521,2297.6
522,2303.200000000001
523,2354.499999999999
524,2329.399999999999
525,2341.3999999999987
526,2405.7
527,2476.200000000002
528,2559.5999999999995
529,2587.800000000001
530,2585.4000000000005
531,2672.8000000000006
532,2619.1999999999994
533,2643.3
534,2596.8999999999996
535,2665.0000000000023
536,2665.500000000002
537,2595.1000000000004
538,2492.399999999999
539,2374.1000000000004
540,2225.0
541,2135.7000000000007
542,1995.2000000000005
543,1979.6999999999991
544,2031.0000000000005
545,2056.8
546,2109.599999999999
547,2140.4000000000015
548,2169.3999999999987
549,2209.6000000000004
550,2301.4000000000015
551,2352.999999999999
552,2441.1000000000004
553,2427.1
554,2414.299999999999
555,2433.7
556,2417.899999999999
557,2515.5
558,2547.3999999999996
559,2509.6
560,2462.100000000001
561,2388.5000000000014
562,2303.200000000001
563,2260.2999999999993
564,2213.2
565,2131.3999999999996
566,2079.8
567,2032.5000000000005
568,2048.7000000000007
569,2086.7999999999997
570,2111.4999999999995
571,2142.0000000000014
572,2196.000000000001
573,2155.2999999999993
574,2190.600000000001
575,2177.2999999999993
576,2127.099999999999
577,2124.199999999999
578,2182.2
579,2202.6
580,2100.4999999999995
581,2060.700000000001
582,2077.8
583,2056.7000000000003
584,1995.1000000000004
585,1950.6999999999998
586,1898.9000000000003
587,1799.400000000001
588,1683.6999999999996
589,1608.9000000000003
590,1574.4000000000003
591,1507.799999999999
592,1463.8000000000004
593,1475.1000000000004
594,1475.1000000000004
595,1481.0000000000002
596,1453.1000000000008
597,1509.9999999999998
598,1559.6000000000001
599,1610.4000000000003
600,1620.7999999999995
601,1600.6
602,1688.7999999999997
603,1778.7999999999993
604,1833.1000000000008
605,1898.8000000000004
606,1882.3999999999999
607,1882.8999999999999
608,1888.3000000000002
609,1927.8000000000013
610,1911.4000000000003
611,1878.3
612,1893.6
613,1898.9000000000003
614,1833.1000000000008
615,1821.8999999999999
616,1750.0999999999985
617,1866.1999999999991
618,1914.3000000000004
619,2026.5000000000002
620,2064.000000000001
621,2204.1999999999994
622,2269.6000000000013
623,2290.8000000000006
624,2329.099999999999
625,2419.7000000000003
626,2449.2999999999993
627,2416.899999999999
628,2370.2
629,2369.7
630,2380.7
631,2311.600000000001
632,2290.8000000000006
633,2234.8
634,2192.500000000001
635,2046.9
636,1906.5000000000002
637,1883.9999999999998
638,1852.3
639,1854.1999999999998
640,1902.3999999999999
641,1870.9999999999995
642,1956.5000000000002
643,2036.4000000000012
644,2049.8000000000006
645,2064.100000000001
646,1996.4000000000005
647,1964.2999999999995
648,1926.8000000000009
649,1948.5
650,2025.6000000000004
651,2028.9000000000003
652,2037.300000000001
653,2095.4999999999986
654,2172.4999999999986
655,2145.4000000000015
656,2141.5000000000014
657,2143.6000000000013
658,2087.5999999999995
659,2045.1000000000006
660,1998.8999999999999
661,1980.1999999999991
662,1987.2999999999995
663,1997.5
664,1976.8999999999994
665,2082.0
666,2158.399999999999
667,2261.499999999999
668,2368.6000000000004
669,2451.0999999999995
670,2549.0999999999995
671,2667.8000000000015
672,2710.699999999998
673,2723.6999999999985
674,2643.6000000000004
675,2598.799999999999
676,2530.7000000000007
677,2347.6
678,2231.9999999999995
679,2184.2999999999997
680,2179.7999999999997
681,2181.4
682,2110.1999999999994
683,2021.9999999999995
684,1912.7000000000007
685,1893.5
686,1858.4999999999995
687,1830.9000000000008
688,1653.7000000000014
689,1578.4999999999998
690,1546.5000000000005
691,1507.099999999999
692,1438.0
693,1318.0000000000002
694,1252.6
695,1148.8999999999996
696,1092.500000000001
697,1073.8999999999999
698,1050.199999999999
699,1114.1000000000001
700,1146.1999999999996
701,1173.2000000000003
702,1159.2999999999997
703,1197.8999999999992
704,1257.7
705,1220.1
706,1201.0999999999995
707,1205.7999999999995
708,1120.3999999999996
709,1071.1999999999996
710,1087.2000000000005
711,1132.1999999999998
712,1086.4
713,1067.4999999999995
714,1058.5999999999992
715,1048.599999999999
716,1000.3000000000008
717,1032.0000000000002
718,961.8000000000001
719,994.3000000000002
720,1057.2999999999993
721,1075.6
722,1027.2000000000007
723,1000.5000000000007
724,964.4999999999998
725,936.7
726,972.8999999999997
727,987.0
728,1002.7000000000006
729,1043.5999999999995
730,972.6999999999997
731,862.5000000000001
732,824.0999999999998
733,749.3
734,681.7000000000002
735,722.5999999999997
736,773.8000000000003
737,821.9999999999995
738,982.8000000000001
739,1121.3999999999996
740,1180.9999999999998
741,1187.1000000000004
742,1201.5999999999995
743,1287.1000000000001
744,1370.9
745,1407.8999999999996
746,1477.8999999999999
747,1487.6999999999991
748,1455.3000000000002
749,1467.1
750,1474.4999999999998
751,1435.0000000000002
752,1526.4000000000008
753,1481.8999999999996
754,1394.3999999999992
755,1280.599999999999
756,1234.6000000000006
757,1201.7000000000007
758,1152.9999999999995
759,1175.0
760,1158.2
761,1203.1000000000001
762,1276.6999999999987
763,1375.9999999999995
764,1475.1999999999998
765,1603.9999999999986
766,1714.2000000000003
767,1836.9000000000008
768,1870.699999999999
769,1909.900000000001
770,1873.8999999999992
771,1880.3000000000002
772,1976.4000000000008
773,2049.7
774,2090.500000000002
775,2133.7
776,2168.599999999999
777,2157.0000000000005
778,2152.600000000001
779,2120.800000000001
780,2111.0
781,2064.3999999999996
782,2024.3000000000002
783,2044.6999999999994
784,2085.400000000001
785,2142.000000000001
786,2172.2999999999984
787,2306.9
788,2444.7999999999997
789,2538.3999999999996
790,2598.8999999999996
791,2652.7000000000007
792,2675.6999999999994
793,2699.2999999999997
794,2742.8000000000006
795,2736.0
796,2793.099999999999
797,2843.899999999999
798,2853.3
799,2928.8999999999996
800,2862.5999999999995
801,2847.7000000000007
802,2765.4
803,2666.499999999999
804,2548.0
805,2509.3999999999996
806,2420.6999999999994
807,2400.400000000001
808,2428.8999999999987
809,2466.2000000000007
810,2514.099999999999
811,2602.299999999999
812,2638.200000000002
813,2587.9999999999986
814,2708.6999999999985
815,2642.4000000000005
816,2629.1000000000013
817,2695.6
818,2675.7999999999993
819,2646.700000000001
820,2690.600000000001
821,2592.1999999999985
822,2494.2
823,2456.2000000000003
824,2405.4999999999986
825,2359.7999999999984
826,2339.8000000000006
827,2209.0
828,2049.2
829,1956.4
830,1834.0000000000016
831,1804.7000000000005
832,1799.3000000000004
833,1775.8999999999992
834,1784.3000000000004
835,1892.4999999999989
836,1884.2000000000003
837,1910.0000000000011
838,1945.2999999999995
839,1998.1999999999985
840,1978.2000000000012
841,1993.6999999999991
842,1956.9
843,1932.8000000000004
844,1994.9999999999989
845,1990.7999999999995
846,2004.7999999999988
847,2020.2
848,1995.299999999999
849,1942.7
850,1871.5999999999988
851,1813.000000000001
852,1727.0999999999992
853,1613.1000000000004
854,1652.0000000000007
855,1633.0
856,1687.0000000000007
857,1726.2999999999997
858,1812.0000000000007
859,1891.9999999999989
860,1991.8
861,2012.1999999999991
862,2010.4999999999995
863,2035.9999999999993
864,2012.0999999999992
865,1994.699999999999
866,2050.5
867,2028.6000000000001
868,2041.099999999999
869,1952.1999999999996
870,1982.7000000000007
871,2015.3000000000002
872,1965.6000000000008
873,1982.500000000001
874,1965.9000000000008
875,1862.6999999999987
876,1840.1000000000008
877,1743.8999999999994
878,1688.7000000000007
879,1678.4000000000003
880,1615.8000000000004
881,1625.9000000000005
882,1686.0000000000002
883,1788.2
884,1824.4000000000015
885,1875.0999999999995
886,1864.8999999999994
887,1970.4000000000008
888,1956.6
889,1958.6000000000001
890,1929.6000000000001
891,1910.7000000000012
892,1813.700000000001
893,1875.8999999999992
894,1850.1999999999991
895,1849.199999999999
896,1792.9
897,1780.2999999999997
898,1770.6999999999991
899,1700.8000000000004
900,1719.4
901,1751.1999999999991
902,1735.0999999999992
903,1720.6000000000001
904,1697.3999999999999
905,1680.8000000000004
906,1634.8999999999999
907,1618.5000000000002
908,1594.4999999999998
909,1633.0
910,1629.8000000000002
911,1656.9000000000005
912,1627.2000000000005
913,1634.0999999999995
914,1675.1000000000008
915,1735.0999999999992
916,1792.9
917,1791.2000000000005
918,1891.899999999999
919,1858.9999999999989
920,1816.3
921,1814.6000000000008
922,1738.4000000000003
923,1731.3999999999992
924,1617.2000000000005
925,1594.9999999999993
926,1589.4
927,1542.7
928,1543.6000000000001
929,1541.0000000000005
930,1653.9000000000005
931,1713.0
932,1788.9
933,1814.9000000000008
934,1912.600000000001
935,1957.4
936,1973.700000000001
937,1943.1000000000001
938,2007.4999999999989
939,1983.1000000000008
940,1970.900000000001
941,1994.199999999999
942,2024.2000000000003
943,2075.099999999999
944,2078.0999999999995
945,2075.499999999999
946,2053.8999999999996
947,1981.900000000001
948,1854.2999999999988
949,1777.8999999999994
950,1716.7000000000003
951,1792.6000000000004
952,1843.4999999999995
953,1837.100000000001
954,1873.0999999999992
955,1891.0999999999988
956,1991.8
957,1977.0000000000011
958,1977.700000000001
959,2033.7999999999997
960,2060.6999999999994
961,2093.300000000002
962,2123.8000000000015
963,2144.0000000000014
964,2149.4
965,2161.9999999999995
966,2155.7
967,2147.1000000000004
968,2178.9999999999995
969,2087.600000000002
970,2021.3
971,1968.400000000001
972,1895.1
973,1754.2999999999993
974,1721.6000000000001
975,1677.0000000000005
976,1671.3000000000004
977,1724.7999999999995
978,1814.2000000000007
979,1976.3000000000009
980,2005.4999999999984
981,2110.3
982,2197.7999999999984
983,2136.7000000000003
984,2185.0999999999995
985,2215.7999999999997
986,2210.4
987,2194.799999999999
988,2241.400000000001
989,2231.0
990,2195.799999999999
991,2174.2999999999993
992,2156.2
993,2128.3000000000006
994,2009.0999999999992
995,1971.5000000000014
996,1922.6000000000008
997,1823.000000000001
998,1780.2999999999997
999,1772.299999999999
1000,1791.6000000000006
1001,1814.9000000000008
1002,1878.3000000000002
1003,1925.2
1004,1942.6
1005,1936.1000000000004
1006,2058.899999999999
1007,2046.5999999999997
1008,1973.0000000000014
1009,1996.8999999999987
1010,1992.7999999999993
1011,2047.1999999999998
1012,2049.7
1013,1982.4000000000008
1014,1951.1999999999998
1015,1929.3000000000004
1016,1884.0000000000005
1017,1834.5000000000014
1018,1834.7000000000016
1019,1735.9999999999995
1020,1658.600000000001
1021,1640.3
1022,1525.2000000000005
1023,1422.7
1024,1433.4
1025,1394.6999999999991
1026,1384.7000000000007
1027,1455.5000000000002
1028,1544.7
1029,1607.2999999999988
1030,1556.6000000000001
1031,1606.3999999999987
1032,1618.9
1033,1589.7000000000003
1034,1617.4000000000003
1035,1644.6000000000004
1036,1676.1000000000006
1037,1639.8999999999999
1038,1630.7000000000003
1039,1646.3999999999999
1040,1623.8000000000002
1041,1632.2999999999997
1042,1656.4000000000008
1043,1648.3999999999999
1044,1727.3999999999994
1045,1661.100000000001
1046,1701.3000000000004
1047,1665.1000000000013
1048,1712.4
1049,1785.9
1050,1793.5
1051,1825.7000000000012
1052,1860.699999999999
1053,1870.0999999999988
1054,1890.6999999999987
1055,1863.499999999999
1056,1886.5999999999995
1057,1828.3000000000004
1058,1818.7000000000005
1059,1802.4000000000005
1060,1799.3000000000004
1061,1800.6000000000008
1062,1789.8000000000002
1063,1793.4
1064,1791.2000000000005
1065,1733.099999999999
1066,1740.7
1067,1656.9000000000005
1068,1632.1999999999998
1069,1541.2000000000005
1070,1466.4
1071,1439.5000000000005
1072,1488.6999999999994
1073,1480.7999999999995
1074,1438.9000000000005
1075,1431.1999999999998
1076,1418.8999999999999
1077,1350.9
1078,1270.6
1079,1287.0999999999995
1080,1277.699999999999
1081,1284.5999999999992
1082,1307.799999999999
1083,1254.6000000000001
1084,1282.4999999999989
1085,1305.7999999999993
1086,1243.4000000000003
1087,1239.8000000000002
1088,1199.1000000000004
1089,1057.1999999999998
1090,1007.3000000000004
1091,933.6999999999997
1092,900.9000000000003
1093,836.6999999999999
1094,754.5999999999996
1095,710.9999999999993
1096,698.3999999999997
1097,732.4999999999998
1098,821.4999999999998
1099,920.2999999999998
1100,984.8000000000002
1101,951.5
1102,993.7000000000002
1103,1054.2000000000003
1104,1151.0999999999995
1105,1199.8000000000006
1106,1210.799999999999
1107,1209.499999999999
1108,1293.9999999999998
1109,1267.3
1110,1239.5000000000002
1111,1296.8999999999999
1112,1254.5000000000002
1113,1249.1000000000001
1114,1221.1999999999996
1115,1146.5
1116,1007.5000000000003
1117,875.0999999999999
1118,872.7
1119,949.4999999999999
1120,986.5000000000005
1121,1014.3000000000002
1122,1062.9
1123,1160.3
1124,1259.0000000000002
1125,1314.5000000000005
1126,1366.4000000000003
1127,1472.3
1128,1507.4999999999995
1129,1569.3999999999999
1130,1571.2
1131,1661.100000000001
1132,1693.9000000000003
1133,1783.7000000000005
1134,1804.5000000000002
1135,1799.3000000000004
1136,1757.7999999999993
1137,1676.6000000000006
1138,1673.8000000000004
1139,1616.7000000000005
1140,1506.2
1141,1429.6000000000001
1142,1386.5
1143,1358.1000000000004
1144,1389.6999999999996
1145,1426.7
1146,1594.3999999999996
1147,1607.3999999999987
1148,1664.6000000000013
1149,1706.8000000000004
1150,1835.8000000000013
1151,1874.6999999999991
1152,1940.9
1153,1991.9999999999998
1154,1995.999999999999
1155,2050.4
1156,2063.099999999999
1157,2129.9000000000005
1158,2122.300000000001
1159,2108.5000000000005
1160,2141.2000000000007
1161,2164.3999999999996
1162,2123.3000000000015
1163,2079.1
1164,2029.0000000000002
1165,1943.0000000000002
1166,1946.2999999999997
1167,1908.9000000000012
1168,1872.4999999999993
1169,1851.4999999999989
1170,1966.3000000000006
1171,2061.899999999999
1172,2052.999999999999
1173,2061.6999999999994
1174,2110.2000000000003
1175,2211.7999999999997
1176,2195.799999999999
1177,2162.9999999999995
1178,2172.2999999999984
1179,2252.5
1180,2238.0
1181,2312.599999999999
1182,2358.9999999999986
1183,2341.3
1184,2342.1000000000004
1185,2267.800000000001
1186,2211.8999999999996
1187,2207.099999999999
1188,2131.6
1189,2068.799999999999
1190,2019.0000000000002
1191,2023.1000000000001
1192,1992.6999999999994
1193,2032.0999999999995
1194,2111.8
1195,2125.600000000001
1196,2264.2000000000007
1197,2366.5000000000005
1198,2419.7
1199,2376.4000000000015
1200,2426.7999999999993
1201,2480.7999999999997
1202,2582.799999999999
1203,2583.8999999999987
1204,2589.999999999999
1205,2523.8000000000006
1206,2470.4000000000015
1207,2477.2000000000003
1208,2456.3
1209,2460.9
1210,2412.1999999999985
1211,2362.599999999999
1212,2339.4000000000005
1213,2324.0
1214,2322.099999999999
1215,2274.6000000000004
1216,2322.6999999999994
1217,2333.7
1218,2421.1999999999994
1219,2467.800000000001
1220,2502.2
1221,2522.900000000001
1222,2541.2000000000003
1223,2533.8000000000006
1224,2595.4999999999995
1225,2597.5
1226,2551.899999999999
1227,2536.5000000000005
1228,2453.1
1229,2335.9
1230,2275.100000000001
1231,2262.9000000000005
1232,2220.3
1233,2189.899999999999
1234,2102.0000000000014
1235,2010.2999999999995
1236,1994.399999999999
1237,1953.3999999999994
1238,1847.9999999999986
1239,1839.4000000000008
1240,1798.9000000000005
1241,1787.7
1242,1750.7999999999993
1243,1696.5000000000002
1244,1642.7
1245,1634.8999999999999
1246,1531.7000000000012
1247,1503.4000000000003
1248,1473.6000000000004
1249,1404.6999999999996
1250,1448.2000000000007
1251,1438.0000000000002
1252,1407.9999999999998
1253,1406.8999999999996
1254,1433.8000000000002
1255,1447.5000000000007
1256,1460.0000000000005
1257,1381.0000000000005
1258,1233.6000000000006
1259,1199.5000000000005
1260,1059.6999999999998
1261,1023.2
1262,1037.3999999999999
1263,997.3000000000005
1264,1088.0
1265,1119.5999999999995
1266,1137.0000000000002
1267,1250.6000000000001
1268,1264.3000000000004
1269,1307.3999999999992
1270,1375.9999999999995
1271,1425.2000000000003
1272,1465.9000000000003
1273,1467.5
1274,1496.1999999999991
1275,1520.9
1276,1500.5000000000002
1277,1533.2000000000014
1278,1574.8000000000002
1279,1566.6
1280,1629.3000000000002
1281,1602.0999999999983
1282,1577.1000000000004
1283,1446.5000000000007
1284,1371.6999999999991
1285,1341.3000000000006
1286,1291.5999999999997
1287,1221.2999999999995
1288,1226.6
1289,1292.1999999999996
1290,1370.1999999999996
1291,1469.1999999999998
1292,1442.6000000000013
1293,1477.3999999999996
1294,1527.0000000000011
1295,1498.7999999999997
1296,1555.2000000000003
1297,1553.9
1298,1603.9999999999986
1299,1634.3999999999996
1300,1763.999999999999
1301,1797.5000000000002
1302,1855.0999999999985
1303,1884.5
1304,1918.200000000001
1305,1893.7999999999993
1306,1792.3000000000002
1307,1683.1000000000004
1308,1602.8999999999985
1309,1551.3000000000004
1310,1491.5999999999995
1311,1437.5
1312,1361.4
1313,1430.5000000000002
1314,1532.9000000000015
1315,1632.2999999999997
1316,1680.1000000000004
1317,1719.5000000000002
1318,1735.3999999999994
1319,1769.5999999999995
1320,1732.0999999999995
1321,1750.9999999999993
1322,1782.3000000000004
1323,1820.900000000001
1324,1773.3999999999985
1325,1813.3000000000009
1326,1795.0000000000005
1327,1725.6
1328,1627.2000000000005
1329,1616.2000000000005
1330,1541.5000000000005
1331,1375.9999999999995
1332,1205.6
1333,1108.6000000000001
1334,963.8999999999995
1335,943.1000000000001
1336,1027.8
1337,1008.7000000000005
1338,1099.5000000000005
1339,1208.999999999999
1340,1262.7000000000005
1341,1251.2000000000003
1342,1262.9000000000005
1343,1281.7999999999988
1344,1290.6999999999998
1345,1326.4000000000005
1346,1391.7999999999988
1347,1474.0000000000002
1348,1484.6999999999998
1349,1477.9999999999998
1350,1476.1
1351,1505.8999999999999
1352,1530.100000000001
1353,1523.8
1354,1443.2000000000012
1355,1388.3999999999999
1356,1326.4000000000005
1357,1258.8000000000004
1358,1291.7999999999995
1359,1253.5000000000002
1360,1299.6999999999998
1361,1357.4000000000003
1362,1462.3000000000004
1363,1612.7
1364,1738.6000000000001
1365,1810.7000000000005
1366,1821.8000000000006
1367,1965.6000000000008
1368,1975.0000000000014
1369,2066.799999999999
1370,2146.2000000000007
1371,2069.9999999999986
1372,2100.400000000002
1373,2128.7000000000007
1374,2075.499999999999
1375,2073.9999999999995
1376,2093.300000000002
1377,2119.9000000000015
1378,2043.2999999999995
1379,1933.2000000000003
1380,1865.3999999999992
1381,1821.2000000000007
1382,1759.2999999999993
1383,1724.1999999999998
1384,1763.999999999999
1385,1821.6000000000006
1386,1953.2999999999995
1387,2147.2000000000007
1388,2225.000000000001
1389,2306.6
1390,2322.099999999999
1391,2399.2000000000007
1392,2565.8
1393,2601.199999999999
1394,2625.4000000000015
1395,2620.9
1396,2642.7000000000007
1397,2663.0
1398,2626.5000000000014
1399,2634.6000000000017
1400,2546.7999999999997
1401,2499.7000000000003
1402,2405.4999999999986
1403,2291.7
1404,2111.2000000000003
1405,1953.8999999999992
1406,1814.9000000000008
1407,1761.699999999999
1408,1708.3000000000004
1409,1729.9999999999993
1410,1843.3999999999994
1411,1978.7000000000014
1412,2009.2999999999993
1413,2019.7
1414,2077.2999999999993
1415,2100.900000000002
1416,2147.1000000000004
1417,1394.7999999999993
1418,1401.4999999999993
1419,1386.0000000000002
1420,1408.3
1421,1380.7000000000007
1422,1416.9000000000008
1423,1391.3999999999996
1424,1387.9
1425,1328.3000000000002
1426,1243.5999999999997
1427,1202.9
1428,1151.9999999999998
1429,1127.3999999999994
1430,1072.1000000000001
1431,1026.5999999999995
1432,1043.5000000000002
1433,1099.4000000000003
1434,1127.1999999999996
1435,1206.5
1436,1242.0999999999995
1437,1284.6999999999994
1438,1327.7
1439,1427.0000000000002
1440,1453.1000000000006
1441,1487.0000000000007
1442,1497.4999999999995
1443,1516.7999999999993
1444,1511.7999999999986
1445,1477.6000000000004
1446,1478.9
1447,1491.9000000000003
1448,1464.9000000000008
1449,1431.6999999999998
1450,1340.9999999999993
1451,1223.5000000000005
1452,1054.0
1453,1001.4000000000003
1454,906.4000000000001
1455,862.6000000000003
1456,892.6000000000004
1457,911.6000000000001
1458,998.9000000000003
1459,1059.9
1460,1084.5000000000007
1461,1123.0
1462,1166.1
1463,1148.2999999999995
1464,1162.7000000000005
1465,1204.9
1466,1243.5999999999997
1467,1307.5999999999997
1468,1361.4000000000003
1469,1369.3000000000006
1470,1348.7000000000003
1471,1312.2999999999997
1472,1268.6000000000004
1473,1257.4000000000008
1474,1213.3000000000004
1475,1134.1999999999996
1476,1088.6000000000008
1477,1043.1000000000001
1478,1004.0000000000002
1479,969.1999999999997
1480,994.8999999999999
1481,1037.3999999999994
1482,1016.6999999999998
1483,1041.8
1484,1079.0000000000002
1485,1076.4
1486,1067.0000000000002
1487,1041.4
1488,1059.8000000000002
1489,1055.6000000000001
1490,1060.4
1491,1060.4
1492,1096.0
1493,1042.7
1494,1076.5
1495,1084.3000000000006
1496,1084.4000000000005
1497,1053.4
1498,1057.1000000000001
1499,1007.8
1500,943.1999999999998
1501,921.2000000000004
1502,876.2999999999996
1503,951.8999999999996
1504,963.7999999999997
1505,977.5999999999999
1506,1074.2
1507,1129.0999999999992
1508,1128.6999999999991
1509,1144.0999999999992
1510,1239.0999999999995
1511,1335.9999999999998
1512,1387.1000000000001
1513,1380.9000000000005
1514,1406.7999999999997
1515,1433.9999999999998
1516,1486.2000000000007
1517,1581.3
1518,1574.6999999999994
1519,1525.0999999999997
1520,1529.8999999999999
1521,1436.1999999999996
1522,1354.7000000000005
1523,1269.3000000000002
1524,1151.3999999999999
1525,1058.1000000000001
1526,1025.8999999999994
1527,983.3000000000003
1528,990.2000000000003
1529,1036.0999999999992
1530,1096.0
1531,1159.1000000000006
1532,1233.9999999999998
1533,1231.1999999999996
1534,1250.8999999999996
1535,1291.0000000000002
1536,1356.8000000000006
1537,1391.8999999999994
1538,1409.1999999999998
1539,1429.8000000000004
1540,1456.9000000000003
1541,1363.5000000000007
1542,1433.9999999999998
1543,1429.1000000000006
1544,1395.5999999999995
1545,1363.6000000000006
1546,1277.3
1547,1195.8000000000006
1548,1027.9999999999998
1549,946.1999999999999
1550,923.7000000000005
1551,874.0999999999997
1552,871.7999999999998
1553,869.0999999999997
1554,927.2000000000005
1555,1011.4999999999998
1556,1051.1000000000004
1557,1126.8999999999996
1558,1216.600000000001
1559,1238.2999999999993
1560,1260.500000000001
1561,1279.4999999999998
1562,1271.1000000000001
1563,1276.8999999999999
1564,1328.3000000000002
1565,1351.6000000000006
1566,1355.3000000000006
1567,1282.6999999999994
1568,1270.4
1569,1216.800000000001
1570,1130.299999999999
1571,1040.4999999999998
1572,951.7999999999997
1573,906.7000000000002
1574,872.5999999999998
1575,805.9000000000002
1576,784.1000000000005
1577,803.1000000000003
1578,863.9000000000001
1579,932.7000000000003
1580,1047.8000000000004
1581,1035.0999999999997
1582,1062.3000000000002
1583,1073.6000000000004
1584,1035.8999999999992
1585,1047.2000000000005
1586,1102.2000000000003
1587,1088.4000000000008
1588,1070.3000000000004
1589,1097.6
1590,1153.3
1591,1130.6999999999991
1592,1106.8999999999996
1593,957.2999999999998
1594,841.6999999999996
1595,702.3
1596,636.6000000000001
1597,576.3999999999999
1598,493.3
1599,437.2000000000001
1600,467.1000000000003
1601,544.9999999999998
1602,576.5999999999999
1603,600.9999999999999
1604,643.0000000000001
1605,725.9999999999997
1606,753.5999999999996
1607,771.5000000000002
1608,817.2999999999997
1609,851.0999999999999
1610,833.9
1611,898.6000000000003
1612,915.2000000000002
1613,905.5000000000002
1614,916.3000000000002
1615,903.2000000000002
1616,935.0000000000003
1617,890.0000000000001
1618,808.6
1619,740.1
1620,616.8000000000001
1621,555.3000000000001
1622,520.1999999999998
1623,510.5999999999997
1624,500.4999999999999
1625,571.4000000000001
1626,696.9
1627,815.0999999999997
1628,912.3000000000003
1629,983.3000000000003
1630,1011.8999999999999
1631,1063.0000000000002
1632,1097.3999999999999
1633,1107.6999999999996
1634,1096.2999999999997
1635,1133.7999999999995
1636,1136.2999999999997
1637,1152.8
1638,1168.3000000000004
1639,1177.5999999999997
1640,1160.2000000000007
1641,1011.6999999999998
1642,908.6000000000001
1643,789.0000000000001
1644,614.7
1645,470.9000000000003
1646,377.5999999999999
1647,324.3000000000001
1648,340.0
1649,397.2000000000002
1650,500.4999999999999
1651,596.6999999999999
1652,620.1999999999997
1653,693.1000000000004
1654,748.3999999999997
1655,747.6999999999997
1656,821.1999999999998
1657,813.8999999999996
1658,856.6000000000004
1659,885.5999999999998
1660,896.2000000000004
1661,913.5000000000001
1662,918.3000000000003
1663,920.6000000000004
1664,934.8000000000003
1665,866.5999999999999
1666,747.5999999999998
1667,609.9000000000001
1668,475.5000000000001
1669,324.8000000000001
1670,314.10000000000014
1671,316.3
1672,305.69999999999993
1673,348.80000000000007
1674,420.7999999999999
1675,489.60000000000014
1676,589.7000000000003
1677,592.9000000000001
1678,600.3
1679,655.1999999999996
1680,711.9999999999999
1681,782.4000000000005
1682,822.8999999999999
1683,844.4999999999997
1684,823.9
1685,815.4999999999997
1686,850.9999999999999
1687,862.7000000000003
1688,864.6000000000001
1689,822.9999999999999
1690,761.2999999999997
1691,661.1
1692,654.6999999999995
1693,600.0
1694,536.9000000000001
1695,487.6
1696,528.3000000000003
1697,630.7
1698,710.0999999999998
1699,748.3999999999997
1700,794.3000000000003
1701,836.3999999999999
1702,932.4000000000003
1703,1009.7
1704,1001.6000000000004
1705,1062.4
1706,1040.1999999999998
1707,1046.8000000000004
1708,1094.2
1709,1123.9
1710,1104.6
1711,1099.6000000000001
1712,1084.0000000000007
1713,1019.4999999999998
1714,968.2999999999997
1715,872.3999999999999
1716,802.2000000000003
1717,761.7999999999997
1718,733.5999999999998
1719,719.8999999999999
1720,748.5999999999998
1721,794.7000000000003
1722,796.2
1723,847.0999999999999
1724,904.6000000000003
1725,937.8000000000005
1726,957.7999999999998
1727,966.9999999999997
1728,1004.6000000000003
1729,1021.7999999999998
1730,1063.0000000000002
1731,1103.6000000000001
1732,1083.4000000000005
1733,1118.3999999999996
1734,1155.0000000000007
1735,1175.2
1736,1189.0
1737,1119.3999999999996
1738,1076.3000000000002
1739,1030.4999999999998
1740,975.9999999999998
1741,912.8000000000002
1742,875.0999999999997
1743,877.9999999999994
1744,873.2999999999997
1745,974.9999999999998
1746,1023.4999999999997
1747,1102.5000000000002
1748,1091.2000000000005
1749,1129.999999999999
1750,1139.4999999999995
1751,1175.1000000000001
1752,1205.5
1753,1234.9999999999998
1754,1287.0
1755,1323.2
1756,1309.1999999999996
1757,1330.0999999999997
1758,1316.4999999999993
1759,1313.8999999999994
1760,1279.2
1761,1180.0999999999992
1762,1091.9000000000003
1763,999.7000000000003
1764,878.9999999999992
1765,793.5000000000003
1766,767.7
1767,743.6999999999999
1768,734.4999999999999
1769,795.5
1770,861.0000000000006
1771,936.6000000000006
1772,1002.7000000000003
1773,1011.6999999999998
1774,1030.0999999999997
1775,1072.5
1776,1098.9
1777,1126.0999999999997
1778,1209.8
1779,1294.9999999999998
1780,1304.6999999999998
1781,1332.5999999999995
1782,1346.6
1783,1367.3000000000009
1784,1390.6
1785,1336.0999999999997
1786,1219.6000000000008
1787,1119.0999999999997
1788,1013.0999999999999
1789,961.0999999999997
1790,952.1999999999996
1791,931.2000000000003
1792,970.9999999999997
1793,1062.5000000000002
1794,1205.1
1795,1327.2
1796,1467.3000000000006
1797,1521.4999999999995
1798,1556.6000000000001
1799,1658.3
1800,1738.7999999999986
1801,1779.2
1802,1777.4
1803,1736.1999999999987
1804,1741.7999999999984
1805,1735.2999999999986
1806,1700.6000000000001
1807,1665.0000000000002
1808,1601.0
1809,1542.3000000000004
1810,1444.3999999999996
1811,1271.0
1812,1172.7000000000005
1813,1050.1000000000004
1814,1018.4999999999999
1815,970.0999999999996
1816,986.1000000000003
1817,1013.7999999999998
1818,1119.9999999999998
1819,1164.8
1820,1196.4000000000005
1821,1215.5000000000007
1822,1261.8000000000009
1823,1239.6999999999994
1824,1218.3000000000009
1825,1213.1000000000004
1826,1179.7999999999995
1827,1210.7
1828,1231.8999999999996
1829,1252.0
1830,1228.3000000000006
1831,1249.1999999999998
1832,1208.5
1833,1131.8999999999992
1834,968.1999999999997
1835,845.9999999999999
1836,765.6
1837,685.1
1838,550.0
1839,514.3999999999997
1840,464.8000000000002
1841,492.20000000000005
1842,524.1
1843,590.4000000000002
1844,629.5999999999999
1845,666.8000000000003
1846,716.2999999999998
1847,773.8000000000001
1848,755.4999999999994
1849,779.7000000000004
1850,802.6000000000003
1851,786.8000000000004
1852,800.9000000000003
1853,811.9999999999999
1854,835.0999999999999
1855,824.3
1856,833.4999999999999
1857,836.8999999999999
1858,782.3000000000005
1859,741.8000000000001
1860,691.8000000000004
1861,718.4999999999999
1862,711.7999999999998
1863,686.4000000000001
1864,720.6999999999998
1865,750.8999999999996
1866,763.2999999999998
1867,828.0
1868,902.8000000000001
1869,911.7000000000002
1870,943.3999999999999
1871,1003.5000000000002
1872,1003.9000000000002
1873,1005.6000000000001
1874,1035.7999999999993
1875,1135.3999999999996
1876,1133.1999999999994
1877,1136.5999999999997
1878,1083.8000000000006
1879,1119.6
1880,1152.3
1881,1110.6999999999996
1882,1122.4
1883,1083.6000000000006
1884,1015.0999999999997
1885,895.8000000000004
1886,861.8000000000004
1887,856.5000000000003
1888,901.1000000000004
1889,952.5999999999997
1890,946.3
1891,1012.7999999999998
1892,1026.5999999999995
1893,1019.4999999999998
1894,1104.1999999999998
1895,1153.0
1896,1154.7000000000007
1897,1165.8999999999999
1898,1175.8
1899,1166.3999999999999
1900,1164.8
1901,1159.1000000000006
1902,1158.3000000000006
1903,1164.0000000000002
1904,1159.2000000000005
1905,1096.8
1906,1060.4
1907,989.9000000000003
1908,948.1999999999999
1909,884.9999999999998
1910,857.4000000000004
1911,858.0000000000006
1912,833.0
1913,927.2000000000005
1914,972.3999999999995
1915,985.0000000000001
1916,992.5000000000002
1917,1007.5999999999998
1918,1042.2
1919,1043.6000000000001
1920,1033.1999999999996
1921,1052.0000000000002
1922,1067.1000000000001
1923,1068.6000000000004
1924,1094.6999999999998
1925,1091.2000000000005
1926,1116.5999999999997
1927,1108.3999999999996
1928,1108.2999999999997
1929,1137.5999999999997
1930,1111.0999999999997
1931,1079.3000000000002
1932,1111.5999999999997
1933,1133.7999999999995
1934,1131.099999999999
1935,1107.6999999999996
1936,1097.0
1937,1082.3000000000006
1938,1122.4
1939,1123.3
1940,1143.5999999999995
1941,1124.0
1942,1094.6
1943,1061.1000000000001
1944,1002.7000000000003
1945,994.8999999999999
1946,1001.6000000000004
1947,1033.2999999999995
1948,1035.0999999999997
1949,999.2000000000003
1950,1006.6000000000003
1951,981.1000000000001
1952,923.8000000000005
1953,817.3999999999996
1954,737.0999999999999
1955,612.4000000000001
1956,565.5999999999999
1957,488.30000000000007
1958,410.79999999999984
1959,374.99999999999983
1960,392.40000000000026
1961,384.30000000000007
1962,426.00000000000006
1963,545.5999999999998
1964,575.5000000000001
1965,612.4000000000001
1966,620.2999999999997
1967,607.6000000000001
1968,661.2000000000002
1969,671.0000000000003
1970,726.5999999999997
1971,830.0999999999999
1972,817.2999999999997
1973,871.3999999999997
1974,913.5000000000001
1975,980.3000000000001
1976,1037.7999999999995
1977,1028.6999999999998
1978,890.4000000000001
1979,835.4999999999999
1980,730.8999999999999
1981,700.2
1982,615.0
1983,646.8000000000002
1984,706.8999999999995
1985,814.8999999999996
1986,946.3
1987,1040.2999999999997
1988,1131.799999999999
1989,1226.100000000001
1990,1310.5999999999997
1991,1384.0000000000002
1992,1483.7000000000003
1993,1559.0000000000007
1994,1603.0000000000005
1995,1641.5999999999992
1996,1614.3
1997,1616.1999999999998
1998,1573.6999999999991
1999,1577.3999999999999
2000,1574.6999999999994
2001,1497.6999999999996
2002,1440.8999999999987
2003,1375.7000000000005
2004,1243.5999999999997
2005,1113.7999999999993
2006,1068.3000000000004
2007,1079.5000000000002
2008,1119.2999999999995
2009,1144.999999999999
2010,1209.2
2011,1304.8999999999996
2012,1331.1999999999996
2013,1370.1000000000008
2014,1377.9000000000005
2015,1409.3999999999999
2016,1458.0000000000007
2017,1479.2000000000003
2018,1464.3000000000006
2019,1482.0000000000007
2020,1526.9
2021,1525.8999999999999
2022,1564.3999999999996
2023,1574.5999999999995
2024,1569.099999999999
2025,1589.5
2026,1507.0999999999988
2027,1386.0000000000002
2028,1297.9999999999995
2029,1211.3000000000002
2030,1219.9000000000008
2031,1196.9000000000003
2032,1229.3000000000002
2033,1245.5999999999997
2034,1262.4000000000008
2035,1324.7000000000003
2036,1310.5999999999997
2037,1378.6000000000006
2038,1375.6000000000006
2039,1419.4000000000005
2040,1491.9000000000003
2041,1508.8999999999985
2042,1543.8
2043,1496.9999999999998
2044,1442.6999999999994
2045,1434.2999999999997
2046,1503.599999999999
2047,1498.2999999999995
2048,1445.4999999999993
2049,1380.0000000000007
2050,1326.8
2051,1242.4999999999995
2052,1149.9999999999993
2053,1032.6999999999996
2054,987.6000000000003
2055,1016.1999999999997
2056,1040.8
2057,1019.4999999999998
2058,1097.0
2059,1131.4999999999989
2060,1177.9999999999995
2061,1218.000000000001
2062,1294.5999999999997
2063,1294.4999999999998
2064,1277.4
2065,1327.8
2066,1405.5999999999992
2067,1436.9999999999993
2068,1499.4999999999995
2069,1564.5999999999997
2070,1567.6999999999991
2071,1565.3999999999994
2072,1573.799999999999
2073,1621.7
2074,1530.7000000000003
2075,1470.1000000000004
2076,1400.799999999999
2077,1339.6999999999994
2078,1315.1999999999994
2079,1281.1999999999996
2080,1323.9
2081,1365.700000000001
2082,1440.5999999999988
2083,1557.6000000000004
2084,1647.8999999999999
2085,1719.9000000000012
2086,1744.399999999999
2087,1814.6999999999994
2088,1853.8000000000009
2089,1903.7999999999995
2090,1941.3000000000002
2091,1941.3000000000002
2092,1951.7999999999995
2093,2008.7000000000003
2094,2015.1000000000001
2095,2008.8000000000004
2096,1937.0000000000005
2097,1830.1999999999994
2098,1680.0000000000005
2099,1520.9999999999995
2100,1347.2000000000003
2101,1232.4999999999995
2102,1093.5000000000002
2103,1019.6999999999998
2104,980.9000000000001
2105,1015.4999999999998
2106,1101.4000000000003
2107,1202.8
2108,1259.700000000001
2109,1309.0999999999997
2110,1351.1000000000004
2111,1340.9999999999993
2112,1339.1999999999994
2113,1413.8000000000006
2114,1402.299999999999
2115,1459.7000000000005
2116,1463.2000000000007
2117,1454.5000000000005
2118,1479.9000000000005
2119,1470.1000000000004
2120,1473.6000000000008
2121,1388.3
2122,1259.3000000000009
2123,1153.6000000000001
2124,1019.5999999999998
2125,920.5000000000003
2126,831.4999999999998
2127,853.3000000000002
2128,898.8000000000003
2129,993.4
2130,1098.6000000000001
2131,1179.5999999999997
2132,1217.500000000001
2133,1277.8
2134,1385.8000000000002
2135,1468.0000000000007
2136,1518.3999999999996
2137,1601.1
2138,1664.4
2139,1714.6000000000017
2140,1707.2000000000012
2141,1709.3000000000015
2142,1696.2000000000003
2143,1704.3000000000009
2144,1684.3000000000002
2145,1633.6999999999996
2146,1582.0000000000002
2147,1497.3999999999996
2148,1397.7999999999995
2149,1255.8000000000004
2150,1225.600000000001
2151,1245.3999999999996
2152,1276.0
2153,1332.4999999999995
2154,1396.7999999999995
2155,1431.3999999999999
2156,1479.9000000000005
2157,1577.3
2158,1625.6000000000004
2159,1682.8000000000004
2160,1725.0000000000002
2161,850.4000000000002
2162,869.7000000000002
2163,880.5000000000007
2164,886.8000000000003
2165,884.1000000000008
2166,885.2000000000007
2167,874.3000000000002
2168,850.9000000000002
2169,831.2000000000003
2170,763.4
2171,703.3000000000001
2172,660.3000000000003
2173,618.5999999999996
2174,597.4999999999999
2175,576.8999999999999
2176,593.1
2177,589.9999999999998
2178,624.2999999999998
2179,679.5999999999999
2180,734.5999999999999
2181,754.6999999999998
2182,776.7999999999997
2183,788.1000000000003
2184,781.3
2185,801.5
2186,781.9999999999999
2187,800.2999999999998
2188,773.5999999999997
2189,764.6999999999999
2190,751.6999999999997
2191,746.7999999999997
2192,713.6999999999998
2193,626.9999999999998
2194,556.5000000000002
2195,484.69999999999993
2196,402.2999999999999
2197,368.69999999999993
2198,350.1999999999999
2199,302.2
2200,274.6000000000001
2201,271.60000000000014
2202,285.10000000000014
2203,342.30000000000007
2204,364.4
2205,398.90000000000003
2206,430.8000000000001
2207,426.9000000000001
2208,435.20000000000016
2209,458.2000000000002
2210,476.19999999999976
2211,493.69999999999976
2212,509.49999999999983
2213,494.6999999999998
2214,473.8999999999999
2215,456.20000000000033
2216,449.5000000000005
2217,398.7
2218,330.9000000000002
2219,265.09999999999997
2220,225.00000000000009
2221,187.99999999999997
2222,140.10000000000008
2223,114.20000000000005
2224,111.89999999999999
2225,158.0
2226,211.7
2227,282.90000000000026
2228,326.9000000000002
2229,385.7
2230,434.40000000000015
2231,502.7999999999999
2232,534.2000000000002
2233,571.1000000000001
2234,601.4
2235,601.0
2236,608.0
2237,599.6000000000001
2238,611.9999999999998
2239,589.3999999999997
2240,552.5000000000002
2241,519.2999999999998
2242,430.8000000000001
2243,385.7
2244,341.20000000000005
2245,295.8
2246,265.49999999999994
2247,252.69999999999996
2248,261.2
2249,283.7000000000002
2250,322.50000000000006
2251,382.69999999999993
2252,417.1
2253,456.3000000000003
2254,464.79999999999995
2255,476.8999999999998
2256,510.0999999999998
2257,552.5000000000002
2258,533.8000000000001
2259,534.2000000000002
2260,549.4000000000001
2261,554.8000000000003
2262,565.4000000000001
2263,562.7000000000003
2264,562.4000000000002
2265,523.8999999999999
2266,470.69999999999993
2267,424.8000000000001
2268,379.99999999999983
2269,343.6
2270,323.60000000000014
2271,309.5000000000001
2272,282.5000000000002
2273,320.8
2274,358.2999999999999
2275,389.3
2276,448.90000000000055
2277,477.0999999999998
2278,493.9999999999998
2279,503.09999999999985
2280,527.0000000000001
2281,567.1000000000003
2282,581.9999999999998
2283,580.9999999999998
2284,597.8
2285,594.4
2286,586.5999999999998
2287,572.1000000000001
2288,550.3000000000003
2289,522.7999999999998
2290,480.2999999999998
2291,389.79999999999995
2292,343.5
2293,289.00000000000006
2294,250.39999999999986
2295,251.09999999999985
2296,273.2000000000001
2297,275.00000000000006
2298,278.20000000000016
2299,342.00000000000006
2300,383.8
2301,420.6000000000001
2302,447.3000000000005
2303,496.8999999999999
2304,509.1999999999998
2305,528.7000000000002
2306,518.1999999999998
2307,531.7000000000002
2308,529.6000000000001
2309,544.3000000000001
2310,550.1000000000003
2311,546.6
2312,492.69999999999976
2313,479.9999999999998
2314,429.40000000000015
2315,357.89999999999986
2316,314.79999999999995
2317,290.9000000000001
2318,249.59999999999988
2319,229.50000000000017
2320,221.20000000000007
2321,204.69999999999996
2322,228.50000000000014
2323,241.99999999999997
2324,258.90000000000003
2325,268.5
2326,251.79999999999993
2327,247.49999999999986
2328,241.79999999999998
2329,255.8
2330,256.90000000000003
2331,281.00000000000017
2332,299.69999999999993
2333,299.8999999999999
2334,303.4
2335,296.1
2336,284.3000000000002
2337,265.69999999999993
2338,203.79999999999995
2339,145.80000000000004
2340,121.30000000000004
2341,81.59999999999998
2342,82.39999999999998
2343,92.00000000000001
2344,98.39999999999998
2345,145.20000000000005
2346,211.7
2347,264.2
2348,304.4999999999999
2349,350.7999999999999
2350,423.40000000000015
2351,457.5000000000002
2352,516.2999999999998
2353,550.5000000000002
2354,570.3000000000001
2355,585.1
2356,574.8
2357,583.2999999999998
2358,574.4
2359,576.6999999999998
2360,538.9000000000001
2361,481.49999999999994
2362,438.5000000000001
2363,375.4999999999998
2364,310.6
2365,282.40000000000026
2366,274.00000000000006
2367,241.1
2368,255.9
2369,265.69999999999993
2370,328.3000000000003
2371,395.19999999999993
2372,421.7000000000001
2373,466.2
2374,501.7999999999997
2375,518.3999999999999
2376,538.9000000000001
2377,549.0000000000001
2378,551.8000000000004
2379,565.4000000000001
2380,560.6000000000004
2381,566.5000000000001
2382,561.2000000000002
2383,549.1000000000001
2384,557.5000000000003
2385,511.1999999999999
2386,480.0999999999998
2387,434.40000000000015
2388,400.79999999999995
2389,348.0
2390,322.30000000000007
2391,321.30000000000007
2392,322.1000000000001
2393,349.89999999999986
2394,344.9999999999999
2395,338.9000000000001
2396,375.4999999999998
2397,400.4
2398,424.90000000000015
2399,424.00000000000017
2400,424.2000000000002
2401,427.2000000000001
2402,434.3000000000001
2403,413.49999999999983
2404,445.3000000000005
2405,435.6000000000002
2406,453.8000000000003
2407,454.9000000000003
2408,445.20000000000056
2409,416.6000000000001
2410,344.9999999999999
2411,295.8
2412,232.9000000000001
2413,211.29999999999998
2414,193.19999999999985
2415,165.1000000000001
2416,174.29999999999995
2417,217.40000000000006
2418,252.99999999999994
2419,320.0000000000001
2420,367.19999999999993
2421,371.19999999999993
2422,385.8
2423,430.8000000000001
2424,475.9999999999998
2425,497.2999999999999
2426,522.4999999999999
2427,526.0
2428,564.0000000000002
2429,559.9000000000003
2430,562.3000000000003
2431,555.1000000000003
2432,529.6000000000001
2433,503.09999999999985
2434,493.4999999999998
2435,477.4999999999998
2436,447.4000000000005
2437,439.00000000000017
2438,438.90000000000015
2439,445.8000000000005
2440,456.80000000000035
2441,441.30000000000024
2442,447.4000000000005
2443,492.9999999999998
2444,497.7
2445,518.1999999999998
2446,542.1999999999999
2447,540.5999999999999
2448,562.7000000000003
2449,604.1999999999999
2450,596.8999999999999
2451,607.5999999999999
2452,614.1999999999997
2453,618.6999999999996
2454,618.5999999999996
2455,588.1999999999997
2456,569.9
2457,530.2000000000002
2458,454.6000000000003
2459,407.49999999999994
2460,377.5999999999998
2461,332.6000000000002
2462,323.30000000000007
2463,335.70000000000005
2464,330.4000000000002
2465,338.1000000000001
2466,367.7999999999999
2467,385.8
2468,438.2000000000001
2469,452.8000000000004
2470,488.99999999999994
2471,519.6999999999998
2472,539.8000000000002
2473,544.3000000000001
2474,563.6000000000003
2475,590.5999999999998
2476,620.0999999999996
2477,614.4999999999998
2478,614.4999999999998
2479,633.5999999999999
2480,624.9999999999999
2481,608.6
2482,600.2
2483,570.1
2484,536.5000000000002
2485,520.8
2486,522.8999999999999
2487,519.1999999999999
2488,524.3
2489,509.49999999999983
2490,538.8000000000002
2491,571.4000000000001
2492,615.2999999999998
2493,637.8000000000002
2494,648.0000000000003
2495,638.9000000000001
2496,662.3000000000003
2497,663.5000000000002
2498,652.9000000000002
2499,658.7000000000004
2500,634.9999999999999
2501,647.5000000000003
2502,646.2000000000003
2503,656.5000000000003
2504,624.4999999999999
2505,617.5999999999997
2506,592.2
2507,526.0
2508,499.49999999999983
2509,493.89999999999975
2510,477.99999999999983
2511,454.40000000000026
2512,434.40000000000015
2513,462.90000000000003
2514,481.5999999999999
2515,509.6999999999998
2516,524.3
2517,510.89999999999986
2518,547.5000000000001
2519,581.4999999999998
2520,613.6999999999997
2521,630.3999999999999
2522,637.9000000000001
2523,671.2000000000004
2524,667.6000000000005
2525,680.6
2526,688.9000000000003
2527,693.1999999999999
2528,681.1999999999999
2529,647.1000000000003
2530,591.2999999999998
2531,582.4999999999998
2532,567.7
2533,539.7000000000002
2534,500.1999999999997
2535,495.89999999999986
2536,514.3999999999999
2537,506.2999999999999
2538,522.8999999999999
2539,550.6000000000003
2540,574.9
2541,590.5999999999998
2542,591.3999999999999
2543,597.8999999999999
2544,623.6999999999997
2545,618.9999999999995
2546,638.4000000000001
2547,644.8000000000002
2548,663.4000000000002
2549,672.3000000000003
2550,659.6000000000003
2551,647.1000000000003
2552,597.2999999999998
2553,522.8999999999999
2554,461.90000000000003
2555,411.39999999999986
2556,368.0999999999999
2557,326.4000000000002
2558,285.70000000000016
2559,256.40000000000003
2560,248.3999999999999
2561,246.49999999999986
2562,259.50000000000006
2563,290.1000000000001
2564,323.70000000000016
2565,351.1999999999998
2566,380.0999999999998
2567,376.39999999999975
2568,400.4
2569,414.5
2570,440.10000000000025
2571,448.00000000000057
2572,467.29999999999995
2573,459.50000000000006
2574,476.8999999999998
2575,477.0999999999998
2576,488.3999999999999
2577,467.8
2578,415.79999999999995
2579,383.0999999999999
2580,312.1
2581,268.7
2582,260.40000000000003
2583,224.3000000000001
2584,212.09999999999997
2585,242.29999999999995
2586,284.00000000000017
2587,339.4000000000001
2588,389.40000000000003
2589,446.10000000000053
2590,478.29999999999984
2591,521.9
2592,550.0000000000002
2593,581.0999999999998
2594,584.4999999999999
2595,576.1999999999999
2596,558.3000000000004
2597,556.2000000000003
2598,539.0000000000001
2599,539.2000000000002
2600,513.6999999999998
2601,491.5999999999998
2602,478.5999999999998
2603,426.70000000000005
2604,429.2000000000001
2605,390.49999999999994
2606,358.1999999999999
2607,347.79999999999995
2608,359.3
2609,348.7
2610,345.5
2611,351.59999999999985
2612,343.1
2613,346.79999999999995
2614,351.59999999999985
2615,359.3
2616,342.4000000000001
2617,347.09999999999997
2618,341.20000000000005
2619,336.30000000000007
2620,352.49999999999983
2621,342.4000000000001
2622,353.4999999999999
2623,365.3
2624,342.90000000000003
2625,319.9000000000001
2626,297.40000000000003
2627,277.10000000000014
2628,229.90000000000015
2629,225.50000000000009
2630,223.60000000000005
2631,222.3
2632,203.89999999999995
2633,202.19999999999993
2634,208.89999999999998
2635,230.6000000000001
2636,259.70000000000005
2637,280.6000000000002
2638,301.2
2639,315.49999999999994
2640,285.70000000000016
2641,294.79999999999995
2642,338.7000000000001
2643,369.6999999999999
2644,392.8999999999999
2645,398.6
2646,398.20000000000005
2647,418.30000000000007
2648,405.5
2649,369.2999999999999
2650,322.40000000000003
2651,299.8999999999999
2652,259.90000000000003
2653,219.60000000000002
2654,181.89999999999995
2655,183.79999999999998
2656,194.49999999999991
2657,228.20000000000013
2658,282.40000000000026
2659,341.6
2660,395.19999999999993
2661,440.7000000000003
2662,493.4999999999998
2663,531.8000000000002
2664,558.8000000000003
2665,596.0
2666,588.5999999999996
2667,594.3
2668,592.4
2669,583.2999999999998
2670,565.9000000000001
2671,543.2
2672,517.4999999999999
2673,444.9000000000005
2674,416.40000000000003
2675,361.0
2676,296.00000000000006
2677,239.60000000000002
2678,194.49999999999991
2679,180.99999999999994
2680,171.20000000000002
2681,137.80000000000004
2682,132.19999999999996
2683,162.80000000000004
2684,180.99999999999994
2685,215.7
2686,232.6000000000001
2687,224.40000000000006
2688,238.4
2689,0.0
2690,0.0
2691,0.0
2692,0.0
2693,0.0
2694,0.0
2695,0.0
2696,0.0
2697,0.0
2698,0.0
2699,0.0
2700,0.0
2701,0.0
2702,0.0
2703,0.0
2704,0.0
2705,0.0
2706,0.0
2707,0.0
2708,0.0
2709,0.0
2710,0.0
2711,0.0
2712,0.0
2713,0.0
2714,0.0
2715,0.0
2716,0.0
2717,0.0
2718,0.0
2719,0.0
2720,0.0
2721,0.0
2722,0.0
2723,0.0
2724,0.0
2725,0.0
2726,0.0
2727,0.0
2728,0.0
2729,0.0
2730,0.0
2731,0.0
2732,0.0
2733,0.0
2734,0.0
2735,0.0
2736,0.0
2737,0.0
2738,0.0
2739,0.0
2740,0.0
2741,0.0
2742,0.0
2743,0.0
2744,0.0
2745,0.0
2746,0.0
2747,0.0
2748,0.0
2749,0.0
2750,0.0
2751,0.0
2752,0.0
2753,0.0
2754,0.0
2755,0.0
2756,0.0
2757,0.0
2758,0.0
2759,0.0
2760,0.0
2761,222.00000000000003
2762,264.49999999999994
2763,278.00000000000017
2764,293.30000000000007
2765,322.70000000000005
2766,343.6
2767,347.79999999999995
2768,343.0
2769,294.59999999999997
2770,244.89999999999986
2771,210.9
2772,171.00000000000003
2773,142.00000000000009
2774,126.99999999999991
2775,139.30000000000007
2776,132.49999999999997
2777,174.79999999999995
2778,238.20000000000002
2779,318.40000000000003
2780,382.2999999999999
2781,423.40000000000015
2782,467.0
2783,494.4999999999998
2784,542.6999999999999
2785,566.3000000000002
2786,560.7000000000003
2787,588.9999999999997
2788,603.3000000000001
2789,613.0999999999997
2790,594.0
2791,607.1999999999999
2792,605.3
2793,577.4999999999998
2794,541.0999999999999
2795,511.39999999999986
2796,482.1999999999998
2797,466.7
2798,430.8000000000001
2799,430.6000000000001
2800,422.50000000000006
2801,463.0
2802,488.69999999999993
2803,535.7000000000002
2804,565.3000000000002
2805,594.9999999999999
2806,581.9999999999998
2807,615.3999999999997
2808,640.6000000000001
2809,663.5000000000002
2810,693.1
2811,675.0000000000003
2812,674.6000000000004
2813,667.3000000000005
2814,661.9000000000003
2815,633.1
2816,612.6999999999997
2817,550.5000000000002
2818,521.3
2819,463.5
2820,402.8999999999999
2821,347.59999999999997
2822,304.79999999999995
2823,294.59999999999997
2824,282.40000000000026
2825,297.3
2826,310.8
2827,332.5000000000002
2828,346.3
2829,372.49999999999983
2830,380.4999999999999
2831,355.49999999999994
2832,367.5999999999999
2833,373.1999999999998
2834,383.49999999999994
2835,408.5999999999999
2836,433.2000000000002
2837,427.0000000000001
2838,428.3000000000002
2839,436.0000000000001
2840,412.29999999999984
2841,359.9
2842,284.00000000000017
2843,223.10000000000008
2844,200.99999999999997
2845,172.7
2846,146.90000000000003
2847,123.30000000000001
2848,135.70000000000005
2849,178.89999999999995
2850,225.20000000000007
2851,294.79999999999995
2852,374.89999999999975
2853,391.9
2854,432.50000000000017
2855,457.40000000000026
2856,479.69999999999976
2857,523.9999999999999
2858,554.5000000000002
2859,532.3000000000001
2860,548.8000000000001
2861,550.8000000000003
2862,560.7000000000003
2863,550.2000000000003
2864,513.4999999999998
2865,476.8999999999998
2866,437.3000000000001
2867,366.8999999999999
2868,345.5
2869,306.7999999999999
2870,282.40000000000026
2871,270.5000000000001
2872,255.7
2873,282.5000000000002
2874,337.9000000000001
2875,392.49999999999994
2876,449.20000000000056
2877,515.6999999999998
2878,574.8
2879,624.4999999999999
2880,658.1000000000004
2881,0.0
2882,0.0
2883,0.0
2884,0.0
2885,0.0
2886,0.0
2887,0.0
2888,0.0
2889,0.0
2890,0.0
2891,0.0
2892,0.0
2893,0.0
2894,0.0
2895,0.0
2896,0.0
2897,0.0
2898,0.0
2899,0.0
2900,0.0
2901,0.0
2902,0.0
2903,0.0
2904,0.0
2905,0.0
2906,0.0
2907,0.0
2908,0.0
2909,0.0
2910,0.0
2911,0.0
2912,0.0
2913,0.0
2914,0.0
2915,0.0
2916,0.0
2917,0.0
2918,0.0
2919,0.0
2920,0.0
2921,0.0
2922,0.0
2923,0.0
2924,0.0
2925,0.0
2926,0.0
2927,0.0
2928,0.0
2929,0.0
2930,0.0
2931,0.0
2932,0.0
2933,0.0
2934,0.0
2935,0.0
2936,0.0
2937,0.0
2938,0.0
2939,0.0
2940,0.0
2941,0.0
2942,0.0
2943,0.0
2944,0.0
2945,0.0
2946,0.0
2947,0.0
2948,0.0
2949,0.0
2950,0.0
2951,0.0
2952,0.0
2953,0.0
2954,0.0
2955,0.0
2956,0.0
2957,0.0
2958,0.0
2959,0.0
2960,0.0
2961,0.0
2962,0.0
2963,0.0
2964,0.0
2965,0.0
2966,0.0
2967,0.0
2968,0.0
2969,0.0
2970,0.0
2971,0.0
2972,0.0
2973,0.0
2974,0.0
2975,0.0
2976,0.0
2977,0.0
2978,0.0
2979,0.0
2980,0.0
2981,0.0
2982,0.0
2983,0.0
2984,0.0
2985,0.0
2986,0.0
2987,0.0
2988,0.0
2989,0.0
2990,0.0
2991,0.0
2992,0.0
2993,0.0
2994,0.0
2995,0.0
2996,0.0
2997,0.0
2998,0.0
2999,0.0
3000,0.0
3001,0.0
3002,0.0
3003,0.0
3004,0.0
3005,0.0
3006,0.0
3007,0.0
3008,0.0
3009,0.0
3010,0.0
3011,0.0
3012,0.0
3013,0.0
3014,0.0
3015,0.0
3016,0.0
3017,0.0
3018,0.0
3019,0.0
3020,0.0
3021,0.0
3022,0.0
3023,0.0
3024,0.0
3025,0.0
3026,0.0
3027,0.0
3028,0.0
3029,0.0
3030,0.0
3031,0.0
3032,0.0
3033,0.0
3034,0.0
3035,0.0
3036,0.0
3037,0.0
3038,0.0
3039,0.0
3040,0.0
3041,0.0
3042,0.0
3043,0.0
3044,0.0
3045,0.0
3046,0.0
3047,0.0
3048,0.0
3049,0.0
3050,0.0
3051,0.0
3052,0.0
3053,0.0
3054,0.0
3055,0.0
3056,0.0
3057,0.0
3058,0.0
3059,0.0
3060,0.0
3061,0.0
3062,0.0
3063,0.0
3064,0.0
3065,0.0
3066,0.0
3067,0.0
3068,0.0
3069,0.0
3070,0.0
3071,0.0
3072,0.0
3073,0.0
3074,0.0
3075,0.0
3076,0.0
3077,0.0
3078,0.0
3079,0.0
3080,0.0
3081,0.0
3082,0.0
3083,0.0
3084,0.0
3085,0.0
3086,0.0
3087,0.0
3088,0.0
3089,0.0
3090,0.0
3091,0.0
3092,0.0
3093,0.0
3094,0.0
3095,0.0
3096,0.0
3097,0.0
3098,0.0
3099,0.0
3100,0.0
3101,0.0
3102,0.0
3103,0.0
3104,0.0
3105,0.0
3106,0.0
3107,0.0
3108,0.0
3109,0.0
3110,0.0
3111,0.0
3112,0.0
3113,0.0
3114,0.0
3115,0.0
3116,0.0
3117,0.0
3118,0.0
3119,0.0
3120,0.0
3121,0.0
3122,0.0
3123,0.0
3124,0.0
3125,0.0
3126,0.0
3127,0.0
3128,0.0
3129,0.0
3130,0.0
3131,0.0
3132,0.0
3133,0.0
3134,0.0
3135,0.0
3136,0.0
3137,0.0
3138,0.0
3139,0.0
3140,0.0
3141,0.0
3142,0.0
3143,0.0
3144,0.0
3145,0.0
3146,0.0
3147,0.0
3148,0.0
3149,0.0
3150,0.0
3151,0.0
3152,0.0
3153,0.0
3154,0.0
3155,0.0
3156,0.0
3157,0.0
3158,0.0
3159,0.0
3160,0.0
3161,0.0
3162,0.0
3163,0.0
3164,0.0
3165,0.0
3166,0.0
3167,0.0
3168,0.0
3169,0.0
3170,0.0
3171,0.0
3172,0.0
3173,0.0
3174,0.0
3175,0.0
3176,0.0
3177,0.0
3178,0.0
3179,0.0
3180,0.0
3181,0.0
3182,0.0
3183,0.0
3184,0.0
3185,0.0
3186,0.0
3187,0.0
3188,0.0
3189,0.0
3190,0.0
3191,0.0
3192,0.0
3193,0.0
3194,0.0
3195,0.0
3196,0.0
3197,0.0
3198,0.0
3199,0.0
3200,0.0
3201,0.0
3202,0.0
3203,0.0
3204,0.0
3205,0.0
3206,0.0
3207,0.0
3208,0.0
3209,0.0
3210,0.0
3211,0.0
3212,0.0
3213,0.0
3214,0.0
3215,0.0
3216,0.0
3217,0.0
3218,0.0
3219,0.0
3220,0.0
3221,0.0
3222,0.0
3223,0.0
3224,0.0
3225,0.0
3226,0.0
3227,0.0
3228,0.0
3229,0.0
3230,0.0
3231,0.0
3232,0.0
3233,0.0
3234,0.0
3235,0.0
3236,0.0
3237,0.0
3238,0.0
3239,0.0
3240,0.0
3241,0.0
3242,0.0
3243,0.0
3244,0.0
3245,0.0
3246,0.0
3247,0.0
3248,0.0
3249,0.0
3250,0.0
3251,0.0
3252,0.0
3253,0.0
3254,0.0
3255,0.0
3256,0.0
3257,0.0
3258,0.0
3259,0.0
3260,0.0
3261,0.0
3262,0.0
3263,0.0
3264,0.0
3265,0.0
3266,0.0
3267,0.0
3268,0.0
3269,0.0
3270,0.0
3271,0.0
3272,0.0
3273,0.0
3274,0.0
3275,0.0
3276,0.0
3277,0.0
3278,0.0
3279,0.0
3280,0.0
3281,0.0
3282,0.0
3283,0.0
3284,0.0
3285,0.0
3286,0.0
3287,0.0
3288,0.0
3289,0.0
3290,0.0
3291,0.0
3292,0.0
3293,0.0
3294,0.0
3295,0.0
3296,0.0
3297,0.0
3298,0.0
3299,0.0
3300,0.0
3301,0.0
3302,0.0
3303,0.0
3304,0.0
3305,0.0
3306,0.0
3307,0.0
3308,0.0
3309,0.0
3310,0.0
3311,0.0
3312,0.0
3313,0.0
3314,0.0
3315,0.0
3316,0.0
3317,0.0
3318,0.0
3319,0.0
3320,0.0
3321,0.0
3322,0.0
3323,0.0
3324,0.0
3325,0.0
3326,0.0
3327,0.0
3328,0.0
3329,0.0
3330,0.0
3331,0.0
3332,0.0
3333,0.0
3334,0.0
3335,0.0
3336,0.0
3337,0.0
3338,0.0
3339,0.0
3340,0.0
3341,0.0
3342,0.0
3343,0.0
3344,0.0
3345,0.0
3346,0.0
3347,0.0
3348,0.0
3349,0.0
3350,0.0
3351,0.0
3352,0.0
3353,0.0
3354,0.0
3355,0.0
3356,0.0
3357,0.0
3358,0.0
3359,0.0
3360,0.0
3361,0.0
3362,0.0
3363,0.0
3364,0.0
3365,0.0
3366,0.0
3367,0.0
3368,0.0
3369,0.0
3370,0.0
3371,0.0
3372,0.0
3373,0.0
3374,0.0
3375,0.0
3376,0.0
3377,0.0
3378,0.0
3379,0.0
3380,0.0
3381,0.0
3382,0.0
3383,0.0
3384,0.0
3385,0.0
3386,0.0
3387,0.0
3388,0.0
3389,0.0
3390,0.0
3391,0.0
3392,0.0
3393,0.0
3394,0.0
3395,0.0
3396,0.0
3397,0.0
3398,0.0
3399,0.0
3400,0.0
3401,0.0
3402,0.0
3403,0.0
3404,0.0
3405,0.0
3406,0.0
3407,0.0
3408,0.0
3409,0.0
3410,0.0
3411,0.0
3412,0.0
3413,0.0
3414,0.0
3415,0.0
3416,0.0
3417,0.0
3418,0.0
3419,0.0
3420,0.0
3421,0.0
3422,0.0
3423,0.0
3424,0.0
3425,0.0
3426,0.0
3427,0.0
3428,0.0
3429,0.0
3430,0.0
3431,0.0
3432,0.0
3433,0.0
3434,0.0
3435,0.0
3436,0.0
3437,0.0
3438,0.0
3439,0.0
3440,0.0
3441,0.0
3442,0.0
3443,0.0
3444,0.0
3445,0.0
3446,0.0
3447,0.0
3448,0.0
3449,0.0
3450,0.0
3451,0.0
3452,0.0
3453,0.0
3454,0.0
3455,0.0
3456,0.0
3457,0.0
3458,0.0
3459,0.0
3460,0.0
3461,0.0
3462,0.0
3463,0.0
3464,0.0
3465,0.0
3466,0.0
3467,0.0
3468,0.0
3469,0.0
3470,0.0
3471,0.0
3472,0.0
3473,0.0
3474,0.0
3475,0.0
3476,0.0
3477,0.0
3478,0.0
3479,0.0
3480,0.0
3481,0.0
3482,0.0
3483,0.0
3484,0.0
3485,0.0
3486,0.0
3487,0.0
3488,0.0
3489,0.0
3490,0.0
3491,0.0
3492,0.0
3493,0.0
3494,0.0
3495,0.0
3496,0.0
3497,0.0
3498,0.0
3499,0.0
3500,0.0
3501,0.0
3502,0.0
3503,0.0
3504,0.0
3505,0.0
3506,0.0
3507,0.0
3508,0.0
3509,0.0
3510,0.0
3511,0.0
3512,0.0
3513,0.0
3514,0.0
3515,0.0
3516,0.0
3517,0.0
3518,0.0
3519,0.0
3520,0.0
3521,0.0
3522,0.0
3523,0.0
3524,0.0
3525,0.0
3526,0.0
3527,0.0
3528,0.0
3529,0.0
3530,0.0
3531,0.0
3532,0.0
3533,0.0
3534,0.0
3535,0.0
3536,0.0
3537,0.0
3538,0.0
3539,0.0
3540,0.0
3541,0.0
3542,0.0
3543,0.0
3544,0.0
3545,0.0
3546,0.0
3547,0.0
3548,0.0
3549,0.0
3550,0.0
3551,0.0
3552,0.0
3553,0.0
3554,0.0
3555,0.0
3556,0.0
3557,0.0
3558,0.0
3559,0.0
3560,0.0
3561,0.0
3562,0.0
3563,0.0
3564,0.0
3565,0.0
3566,0.0
3567,0.0
3568,0.0
3569,0.0
3570,0.0
3571,0.0
3572,0.0
3573,0.0
3574,0.0
3575,0.0
3576,0.0
3577,0.0
3578,0.0
3579,0.0
3580,0.0
3581,0.0
3582,0.0
3583,0.0
3584,0.0
3585,0.0
3586,0.0
3587,0.0
3588,0.0
3589,0.0
3590,0.0
3591,0.0
3592,0.0
3593,0.0
3594,0.0
3595,0.0
3596,0.0
3597,0.0
3598,0.0
3599,0.0
3600,0.0
3601,0.0
3602,0.0
3603,0.0
3604,0.0
3605,0.0
3606,0.0
3607,0.0
3608,0.0
3609,0.0
3610,0.0
3611,0.0
3612,0.0
3613,0.0
3614,0.0
3615,0.0
3616,0.0
3617,0.0
3618,0.0
3619,0.0
3620,0.0
3621,0.0
3622,0.0
3623,0.0
3624,0.0
3625,0.0
3626,0.0
3627,0.0
3628,0.0
3629,0.0
3630,0.0
3631,0.0
3632,0.0
3633,0.0
3634,0.0
3635,0.0
3636,0.0
3637,0.0
3638,0.0
3639,0.0
3640,0.0
3641,0.0
3642,0.0
3643,0.0
3644,0.0
3645,0.0
3646,0.0
3647,0.0
3648,0.0
3649,0.0
3650,0.0
3651,0.0
3652,0.0
3653,0.0
3654,0.0
3655,0.0
3656,0.0
3657,0.0
3658,0.0
3659,0.0
3660,0.0
3661,0.0
3662,0.0
3663,0.0
3664,0.0
3665,0.0
3666,0.0
3667,0.0
3668,0.0
3669,0.0
3670,0.0
3671,0.0
3672,0.0
3673,0.0
3674,0.0
3675,0.0
3676,0.0
3677,0.0
3678,0.0
3679,0.0
3680,0.0
3681,0.0
3682,0.0
3683,0.0
3684,0.0
3685,0.0
3686,0.0
3687,0.0
3688,0.0
3689,0.0
3690,0.0
3691,0.0
3692,0.0
3693,0.0
3694,0.0
3695,0.0
3696,0.0
3697,0.0
3698,0.0
3699,0.0
3700,0.0
3701,0.0
3702,0.0
3703,0.0
3704,0.0
3705,0.0
3706,0.0
3707,0.0
3708,0.0
3709,0.0
3710,0.0
3711,0.0
3712,0.0
3713,0.0
3714,0.0
3715,0.0
3716,0.0
3717,0.0
3718,0.0
3719,0.0
3720,0.0
3721,0.0
3722,0.0
3723,0.0
3724,0.0
3725,0.0
3726,0.0
3727,0.0
3728,0.0
3729,0.0
3730,0.0
3731,0.0
3732,0.0
3733,0.0
3734,0.0
3735,0.0
3736,0.0
3737,0.0
3738,0.0
3739,0.0
3740,0.0
3741,0.0
3742,0.0
3743,0.0
3744,0.0
3745,0.0
3746,0.0
3747,0.0
3748,0.0
3749,0.0
3750,0.0
3751,0.0
3752,0.0
3753,0.0
3754,0.0
3755,0.0
3756,0.0
3757,0.0
3758,0.0
3759,0.0
3760,0.0
3761,0.0
3762,0.0
3763,0.0
3764,0.0
3765,0.0
3766,0.0
3767,0.0
3768,0.0
3769,0.0
3770,0.0
3771,0.0
3772,0.0
3773,0.0
3774,0.0
3775,0.0
3776,0.0
3777,0.0
3778,0.0
3779,0.0
3780,0.0
3781,0.0
3782,0.0
3783,0.0
3784,0.0
3785,0.0
3786,0.0
3787,0.0
3788,0.0
3789,0.0
3790,0.0
3791,0.0
3792,0.0
3793,0.0
3794,0.0
3795,0.0
3796,0.0
3797,0.0
3798,0.0
3799,0.0
3800,0.0
3801,0.0
3802,0.0
3803,0.0
3804,0.0
3805,0.0
3806,0.0
3807,0.0
3808,0.0
3809,0.0
3810,0.0
3811,0.0
3812,0.0
3813,0.0
3814,0.0
3815,0.0
3816,0.0
3817,0.0
3818,0.0
3819,0.0
3820,0.0
3821,0.0
3822,0.0
3823,0.0
3824,0.0
3825,0.0
3826,0.0
3827,0.0
3828,0.0
3829,0.0
3830,0.0
3831,0.0
3832,0.0
3833,0.0
3834,0.0
3835,0.0
3836,0.0
3837,0.0
3838,0.0
3839,0.0
3840,0.0
3841,0.0
3842,0.0
3843,0.0
3844,0.0
3845,0.0
3846,0.0
3847,0.0
3848,0.0
3849,0.0
3850,0.0
3851,0.0
3852,0.0
3853,0.0
3854,0.0
3855,0.0
3856,0.0
3857,0.0
3858,0.0
3859,0.0
3860,0.0
3861,0.0
3862,0.0
3863,0.0
3864,0.0
3865,0.0
3866,0.0
3867,0.0
3868,0.0
3869,0.0
3870,0.0
3871,0.0
3872,0.0
3873,0.0
3874,0.0
3875,0.0
3876,0.0
3877,0.0
3878,0.0
3879,0.0
3880,0.0
3881,0.0
3882,0.0
3883,0.0
3884,0.0
3885,0.0
3886,0.0
3887,0.0
3888,0.0
3889,0.0
3890,0.0
3891,0.0
3892,0.0
3893,0.0
3894,0.0
3895,0.0
3896,0.0
3897,0.0
3898,0.0
3899,0.0
3900,0.0
3901,0.0
3902,0.0
3903,0.0
3904,0.0
3905,0.0
3906,0.0
3907,0.0
3908,0.0
3909,0.0
3910,0.0
3911,0.0
3912,0.0
3913,0.0
3914,0.0
3915,0.0
3916,0.0
3917,0.0
3918,0.0
3919,0.0
3920,0.0
3921,0.0
3922,0.0
3923,0.0
3924,0.0
3925,0.0
3926,0.0
3927,0.0
3928,0.0
3929,0.0
3930,0.0
3931,0.0
3932,0.0
3933,0.0
3934,0.0
3935,0.0
3936,0.0
3937,0.0
3938,0.0
3939,0.0
3940,0.0
3941,0.0
3942,0.0
3943,0.0
3944,0.0
3945,0.0
3946,0.0
3947,0.0
3948,0.0
3949,0.0
3950,0.0
3951,0.0
3952,0.0
3953,0.0
3954,0.0
3955,0.0
3956,0.0
3957,0.0
3958,0.0
3959,0.0
3960,0.0
3961,0.0
3962,0.0
3963,0.0
3964,0.0
3965,0.0
3966,0.0
3967,0.0
3968,0.0
3969,0.0
3970,0.0
3971,0.0
3972,0.0
3973,0.0
3974,0.0
3975,0.0
3976,0.0
3977,0.0
3978,0.0
3979,0.0
3980,0.0
3981,0.0
3982,0.0
3983,0.0
3984,0.0
3985,0.0
3986,0.0
3987,0.0
3988,0.0
3989,0.0
3990,0.0
3991,0.0
3992,0.0
3993,0.0
3994,0.0
3995,0.0
3996,0.0
3997,0.0
3998,0.0
3999,0.0
4000,0.0
4001,0.0
4002,0.0
4003,0.0
4004,0.0
4005,0.0
4006,0.0
4007,0.0
4008,0.0
4009,0.0
4010,0.0
4011,0.0
4012,0.0
4013,0.0
4014,0.0
4015,0.0
4016,0.0
4017,0.0
4018,0.0
4019,0.0
4020,0.0
4021,0.0
4022,0.0
4023,0.0
4024,0.0
4025,0.0
4026,0.0
4027,0.0
4028,0.0
4029,0.0
4030,0.0
4031,0.0
4032,0.0
4033,0.0
4034,0.0
4035,0.0
4036,0.0
4037,0.0
4038,0.0
4039,0.0
4040,0.0
4041,0.0
4042,0.0
4043,0.0
4044,0.0
4045,0.0
4046,0.0
4047,0.0
4048,0.0
4049,0.0
4050,0.0
4051,0.0
4052,0.0
4053,0.0
4054,0.0
4055,0.0
4056,0.0
4057,0.0
4058,0.0
4059,0.0
4060,0.0
4061,0.0
4062,0.0
4063,0.0
4064,0.0
4065,0.0
4066,0.0
4067,0.0
4068,0.0
4069,0.0
4070,0.0
4071,0.0
4072,0.0
4073,0.0
4074,0.0
4075,0.0
4076,0.0
4077,0.0
4078,0.0
4079,0.0
4080,0.0
4081,0.0
4082,0.0
4083,0.0
4084,0.0
4085,0.0
4086,0.0
4087,0.0
4088,0.0
4089,0.0
4090,0.0
4091,0.0
4092,0.0
4093,0.0
4094,0.0
4095,0.0
4096,0.0
4097,0.0
4098,0.0
4099,0.0
4100,0.0
4101,0.0
4102,0.0
4103,0.0
4104,0.0
4105,0.0
4106,0.0
4107,0.0
4108,0.0
4109,0.0
4110,0.0
4111,0.0
4112,0.0
4113,0.0
4114,0.0
4115,0.0
4116,0.0
4117,0.0
4118,0.0
4119,0.0
4120,0.0
4121,0.0
4122,0.0
4123,0.0
4124,0.0
4125,0.0
4126,0.0
4127,0.0
4128,0.0
4129,0.0
4130,0.0
4131,0.0
4132,0.0
4133,0.0
4134,0.0
4135,0.0
4136,0.0
4137,0.0
4138,0.0
4139,0.0
4140,0.0
4141,0.0
4142,0.0
4143,0.0
4144,0.0
4145,0.0
4146,0.0
4147,0.0
4148,0.0
4149,0.0
4150,0.0
4151,0.0
4152,0.0
4153,0.0
4154,0.0
4155,0.0
4156,0.0
4157,0.0
4158,0.0
4159,0.0
4160,0.0
4161,0.0
4162,0.0
4163,0.0
4164,0.0
4165,0.0
4166,0.0
4167,0.0
4168,0.0
4169,0.0
4170,0.0
4171,0.0
4172,0.0
4173,0.0
4174,0.0
4175,0.0
4176,0.0
4177,0.0
4178,0.0
4179,0.0
4180,0.0
4181,0.0
4182,0.0
4183,0.0
4184,0.0
4185,0.0
4186,0.0
4187,0.0
4188,0.0
4189,0.0
4190,0.0
4191,0.0
4192,0.0
4193,0.0
4194,0.0
4195,0.0
4196,0.0
4197,0.0
4198,0.0
4199,0.0
4200,0.0
4201,0.0
4202,0.0
4203,0.0
4204,0.0
4205,0.0
4206,0.0
4207,0.0
4208,0.0
4209,0.0
4210,0.0
4211,0.0
4212,0.0
4213,0.0
4214,0.0
4215,0.0
4216,0.0
4217,0.0
4218,0.0
4219,0.0
4220,0.0
4221,0.0
4222,0.0
4223,0.0
4224,0.0
4225,0.0
4226,0.0
4227,0.0
4228,0.0
4229,0.0
4230,0.0
4231,0.0
4232,0.0
4233,0.0
4234,0.0
4235,0.0
4236,0.0
4237,0.0
4238,0.0
4239,0.0
4240,0.0
4241,0.0
4242,0.0
4243,0.0
4244,0.0
4245,0.0
4246,0.0
4247,0.0
4248,0.0
4249,0.0
4250,0.0
4251,0.0
4252,0.0
4253,0.0
4254,0.0
4255,0.0
4256,0.0
4257,0.0
4258,0.0
4259,0.0
4260,0.0
4261,0.0
4262,0.0
4263,0.0
4264,0.0
4265,0.0
4266,0.0
4267,0.0
4268,0.0
4269,0.0
4270,0.0
4271,0.0
4272,0.0
4273,0.0
4274,0.0
4275,0.0
4276,0.0
4277,0.0
4278,0.0
4279,0.0
4280,0.0
4281,0.0
4282,0.0
4283,0.0
4284,0.0
4285,0.0
4286,0.0
4287,0.0
4288,0.0
4289,0.0
4290,0.0
4291,0.0
4292,0.0
4293,0.0
4294,0.0
4295,0.0
4296,0.0
4297,0.0
4298,0.0
4299,0.0
4300,0.0
4301,0.0
4302,0.0
4303,0.0
4304,0.0
4305,0.0
4306,0.0
4307,0.0
4308,0.0
4309,0.0
4310,0.0
4311,0.0
4312,0.0
4313,0.0
4314,0.0
4315,0.0
4316,0.0
4317,0.0
4318,0.0
4319,0.0
4320,0.0
4321,0.0
4322,0.0
4323,0.0
4324,0.0
4325,0.0
4326,0.0
4327,0.0
4328,0.0
4329,0.0
4330,0.0
4331,0.0
4332,0.0
4333,0.0
4334,0.0
4335,0.0
4336,0.0
4337,0.0
4338,0.0
4339,0.0
4340,0.0
4341,0.0
4342,0.0
4343,0.0
4344,0.0
4345,0.0
4346,0.0
4347,0.0
4348,0.0
4349,0.0
4350,0.0
4351,0.0
4352,0.0
4353,0.0
4354,0.0
4355,0.0
4356,0.0
4357,0.0
4358,0.0
4359,0.0
4360,0.0
4361,0.0
4362,0.0
4363,0.0
4364,0.0
4365,0.0
4366,0.0
4367,0.0
4368,0.0
4369,0.0
4370,0.0
4371,0.0
4372,0.0
4373,0.0
4374,0.0
4375,0.0
4376,0.0
4377,0.0
4378,0.0
4379,0.0
4380,0.0
4381,0.0
4382,0.0
4383,0.0
4384,0.0
4385,0.0
4386,0.0
4387,0.0
4388,0.0
4389,0.0
4390,0.0
4391,0.0
4392,0.0
4393,0.0
4394,0.0
4395,0.0
4396,0.0
4397,0.0
4398,0.0
4399,0.0
4400,0.0
4401,0.0
4402,0.0
4403,0.0
4404,0.0
4405,0.0
4406,0.0
4407,0.0
4408,0.0
4409,0.0
4410,0.0
4411,0.0
4412,0.0
4413,0.0
4414,0.0
4415,0.0
4416,0.0
4417,0.0
4418,0.0
4419,0.0
4420,0.0
4421,0.0
4422,0.0
4423,0.0
4424,0.0
4425,0.0
4426,0.0
4427,0.0
4428,0.0
4429,0.0
4430,0.0
4431,0.0
4432,0.0
4433,0.0
4434,0.0
4435,0.0
4436,0.0
4437,0.0
4438,0.0
4439,0.0
4440,0.0
4441,0.0
4442,0.0
4443,0.0
4444,0.0
4445,0.0
4446,0.0
4447,0.0
4448,0.0
4449,0.0
4450,0.0
4451,0.0
4452,0.0
4453,0.0
4454,0.0
4455,0.0
4456,0.0
4457,0.0
4458,0.0
4459,0.0
4460,0.0
4461,0.0
4462,0.0
4463,0.0
4464,0.0
4465,0.0
4466,0.0
4467,0.0
4468,0.0
4469,0.0
4470,0.0
4471,0.0
4472,0.0
4473,0.0
4474,0.0
4475,0.0
4476,0.0
4477,0.0
4478,0.0
4479,0.0
4480,0.0
4481,0.0
4482,0.0
4483,0.0
4484,0.0
4485,0.0
4486,0.0
4487,0.0
4488,0.0
4489,0.0
4490,0.0
4491,0.0
4492,0.0
4493,0.0
4494,0.0
4495,0.0
4496,0.0
4497,0.0
4498,0.0
4499,0.0
4500,0.0
4501,0.0
4502,0.0
4503,0.0
4504,0.0
4505,0.0
4506,0.0
4507,0.0
4508,0.0
4509,0.0
4510,0.0
4511,0.0
4512,0.0
4513,0.0
4514,0.0
4515,0.0
4516,0.0
4517,0.0
4518,0.0
4519,0.0
4520,0.0
4521,0.0
4522,0.0
4523,0.0
4524,0.0
4525,0.0
4526,0.0
4527,0.0
4528,0.0
4529,0.0
4530,0.0
4531,0.0
4532,0.0
4533,0.0
4534,0.0
4535,0.0
4536,0.0
4537,0.0
4538,0.0
4539,0.0
4540,0.0
4541,0.0
4542,0.0
4543,0.0
4544,0.0
4545,0.0
4546,0.0
4547,0.0
4548,0.0
4549,0.0
4550,0.0
4551,0.0
4552,0.0
4553,0.0
4554,0.0
4555,0.0
4556,0.0
4557,0.0
4558,0.0
4559,0.0
4560,0.0
4561,0.0
4562,0.0
4563,0.0
4564,0.0
4565,0.0
4566,0.0
4567,0.0
4568,0.0
4569,0.0
4570,0.0
4571,0.0
4572,0.0
4573,0.0
4574,0.0
4575,0.0
4576,0.0
4577,0.0
4578,0.0
4579,0.0
4580,0.0
4581,0.0
4582,0.0
4583,0.0
4584,0.0
4585,0.0
4586,0.0
4587,0.0
4588,0.0
4589,0.0
4590,0.0
4591,0.0
4592,0.0
4593,0.0
4594,0.0
4595,0.0
4596,0.0
4597,0.0
4598,0.0
4599,0.0
4600,0.0
4601,0.0
4602,0.0
4603,0.0
4604,0.0
4605,0.0
4606,0.0
4607,0.0
4608,0.0
4609,0.0
4610,0.0
4611,0.0
4612,0.0
4613,0.0
4614,0.0
4615,0.0
4616,0.0
4617,0.0
4618,0.0
4619,0.0
4620,0.0
4621,0.0
4622,0.0
4623,0.0
4624,0.0
4625,0.0
4626,0.0
4627,0.0
4628,0.0
4629,0.0
4630,0.0
4631,0.0
4632,0.0
4633,0.0
4634,0.0
4635,0.0
4636,0.0
4637,0.0
4638,0.0
4639,0.0
4640,0.0
4641,0.0
4642,0.0
4643,0.0
4644,0.0
4645,0.0
4646,0.0
4647,0.0
4648,0.0
4649,0.0
4650,0.0
4651,0.0
4652,0.0
4653,0.0
4654,0.0
4655,0.0
4656,0.0
4657,0.0
4658,0.0
4659,0.0
4660,0.0
4661,0.0
4662,0.0
4663,0.0
4664,0.0
4665,0.0
4666,0.0
4667,0.0
4668,0.0
4669,0.0
4670,0.0
4671,0.0
4672,0.0
4673,0.0
4674,0.0
4675,0.0
4676,0.0
4677,0.0
4678,0.0
4679,0.0
4680,0.0
4681,0.0
4682,0.0
4683,0.0
4684,0.0
4685,0.0
4686,0.0
4687,0.0
4688,0.0
4689,0.0
4690,0.0
4691,0.0
4692,0.0
4693,0.0
4694,0.0
4695,0.0
4696,0.0
4697,0.0
4698,0.0
4699,0.0
4700,0.0
4701,0.0
4702,0.0
4703,0.0
4704,0.0
4705,0.0
4706,0.0
4707,0.0
4708,0.0
4709,0.0
4710,0.0
4711,0.0
4712,0.0
4713,0.0
4714,0.0
4715,0.0
4716,0.0
4717,0.0
4718,0.0
4719,0.0
4720,0.0
4721,0.0
4722,0.0
4723,0.0
4724,0.0
4725,0.0
4726,0.0
4727,0.0
4728,0.0
4729,0.0
4730,0.0
4731,0.0
4732,0.0
4733,0.0
4734,0.0
4735,0.0
4736,0.0
4737,0.0
4738,0.0
4739,0.0
4740,0.0
4741,0.0
4742,0.0
4743,0.0
4744,0.0
4745,0.0
4746,0.0
4747,0.0
4748,0.0
4749,0.0
4750,0.0
4751,0.0
4752,0.0
4753,0.0
4754,0.0
4755,0.0
4756,0.0
4757,0.0
4758,0.0
4759,0.0
4760,0.0
4761,0.0
4762,0.0
4763,0.0
4764,0.0
4765,0.0
4766,0.0
4767,0.0
4768,0.0
4769,0.0
4770,0.0
4771,0.0
4772,0.0
4773,0.0
4774,0.0
4775,0.0
4776,0.0
4777,0.0
4778,0.0
4779,0.0
4780,0.0
4781,0.0
4782,0.0
4783,0.0
4784,0.0
4785,0.0
4786,0.0
4787,0.0
4788,0.0
4789,0.0
4790,0.0
4791,0.0
4792,0.0
4793,0.0
4794,0.0
4795,0.0
4796,0.0
4797,0.0
4798,0.0
4799,0.0
4800,0.0
4801,0.0
4802,0.0
4803,0.0
4804,0.0
4805,0.0
4806,0.0
4807,0.0
4808,0.0
4809,0.0
4810,0.0
4811,0.0
4812,0.0
4813,0.0
4814,0.0
4815,0.0
4816,0.0
4817,0.0
4818,0.0
4819,0.0
4820,0.0
4821,0.0
4822,0.0
4823,0.0
4824,0.0
4825,0.0
4826,0.0
4827,0.0
4828,0.0
4829,0.0
4830,0.0
4831,0.0
4832,0.0
4833,0.0
4834,0.0
4835,0.0
4836,0.0
4837,0.0
4838,0.0
4839,0.0
4840,0.0
4841,0.0
4842,0.0
4843,0.0
4844,0.0
4845,0.0
4846,0.0
4847,0.0
4848,0.0
4849,0.0
4850,0.0
4851,0.0
4852,0.0
4853,0.0
4854,0.0
4855,0.0
4856,0.0
4857,0.0
4858,0.0
4859,0.0
4860,0.0
4861,0.0
4862,0.0
4863,0.0
4864,0.0
4865,0.0
4866,0.0
4867,0.0
4868,0.0
4869,0.0
4870,0.0
4871,0.0
4872,0.0
4873,0.0
4874,0.0
4875,0.0
4876,0.0
4877,0.0
4878,0.0
4879,0.0
4880,0.0
4881,0.0
4882,0.0
4883,0.0
4884,0.0
4885,0.0
4886,0.0
4887,0.0
4888,0.0
4889,0.0
4890,0.0
4891,0.0
4892,0.0
4893,0.0
4894,0.0
4895,0.0
4896,0.0
4897,0.0
4898,0.0
4899,0.0
4900,0.0
4901,0.0
4902,0.0
4903,0.0
4904,0.0
4905,0.0
4906,0.0
4907,0.0
4908,0.0
4909,0.0
4910,0.0
4911,0.0
4912,0.0
4913,0.0
4914,0.0
4915,0.0
4916,0.0
4917,0.0
4918,0.0
4919,0.0
4920,0.0
4921,0.0
4922,0.0
4923,0.0
4924,0.0
4925,0.0
4926,0.0
4927,0.0
4928,0.0
4929,0.0
4930,0.0
4931,0.0
4932,0.0
4933,0.0
4934,0.0
4935,0.0
4936,0.0
4937,0.0
4938,0.0
4939,0.0
4940,0.0
4941,0.0
4942,0.0
4943,0.0
4944,0.0
4945,0.0
4946,0.0
4947,0.0
4948,0.0
4949,0.0
4950,0.0
4951,0.0
4952,0.0
4953,0.0
4954,0.0
4955,0.0
4956,0.0
4957,0.0
4958,0.0
4959,0.0
4960,0.0
4961,0.0
4962,0.0
4963,0.0
4964,0.0
4965,0.0
4966,0.0
4967,0.0
4968,0.0
4969,0.0
4970,0.0
4971,0.0
4972,0.0
4973,0.0
4974,0.0
4975,0.0
4976,0.0
4977,0.0
4978,0.0
4979,0.0
4980,0.0
4981,0.0
4982,0.0
4983,0.0
4984,0.0
4985,0.0
4986,0.0
4987,0.0
4988,0.0
4989,0.0
4990,0.0
4991,0.0
4992,0.0
4993,0.0
4994,0.0
4995,0.0
4996,0.0
4997,0.0
4998,0.0
4999,0.0
5000,0.0
5001,0.0
5002,0.0
5003,0.0
5004,0.0
5005,0.0
5006,0.0
5007,0.0
5008,0.0
5009,0.0
5010,0.0
5011,0.0
5012,0.0
5013,0.0
5014,0.0
5015,0.0
5016,0.0
5017,0.0
5018,0.0
5019,0.0
5020,0.0
5021,0.0
5022,0.0
5023,0.0
5024,0.0
5025,0.0
5026,0.0
5027,0.0
5028,0.0
5029,0.0
5030,0.0
5031,0.0
5032,0.0
5033,0.0
5034,0.0
5035,0.0
5036,0.0
5037,0.0
5038,0.0
5039,0.0
5040,0.0
5041,0.0
5042,0.0
5043,0.0
5044,0.0
5045,0.0
5046,0.0
5047,0.0
5048,0.0
5049,0.0
5050,0.0
5051,0.0
5052,0.0
5053,0.0
5054,0.0
5055,0.0
5056,0.0
5057,0.0
5058,0.0
5059,0.0
5060,0.0
5061,0.0
5062,0.0
5063,0.0
5064,0.0
5065,0.0
5066,0.0
5067,0.0
5068,0.0
5069,0.0
5070,0.0
5071,0.0
5072,0.0
5073,0.0
5074,0.0
5075,0.0
5076,0.0
5077,0.0
5078,0.0
5079,0.0
5080,0.0
5081,0.0
5082,0.0
5083,0.0
5084,0.0
5085,0.0
5086,0.0
5087,0.0
5088,0.0
5089,0.0
5090,0.0
5091,0.0
5092,0.0
5093,0.0
5094,0.0
5095,0.0
5096,0.0
5097,0.0
5098,0.0
5099,0.0
5100,0.0
5101,0.0
5102,0.0
5103,0.0
5104,0.0
5105,0.0
5106,0.0
5107,0.0
5108,0.0
5109,0.0
5110,0.0
5111,0.0
5112,0.0
5113,0.0
5114,0.0
5115,0.0
5116,0.0
5117,0.0
5118,0.0
5119,0.0
5120,0.0
5121,0.0
5122,0.0
5123,0.0
5124,0.0
5125,0.0
5126,0.0
5127,0.0
5128,0.0
5129,0.0
5130,0.0
5131,0.0
5132,0.0
5133,0.0
5134,0.0
5135,0.0
5136,0.0
5137,0.0
5138,0.0
5139,0.0
5140,0.0
5141,0.0
5142,0.0
5143,0.0
5144,0.0
5145,0.0
5146,0.0
5147,0.0
5148,0.0
5149,0.0
5150,0.0
5151,0.0
5152,0.0
5153,0.0
5154,0.0
5155,0.0
5156,0.0
5157,0.0
5158,0.0
5159,0.0
5160,0.0
5161,0.0
5162,0.0
5163,0.0
5164,0.0
5165,0.0
5166,0.0
5167,0.0
5168,0.0
5169,0.0
5170,0.0
5171,0.0
5172,0.0
5173,0.0
5174,0.0
5175,0.0
5176,0.0
5177,0.0
5178,0.0
5179,0.0
5180,0.0
5181,0.0
5182,0.0
5183,0.0
5184,0.0
5185,0.0
5186,0.0
5187,0.0
5188,0.0
5189,0.0
5190,0.0
5191,0.0
5192,0.0
5193,0.0
5194,0.0
5195,0.0
5196,0.0
5197,0.0
5198,0.0
5199,0.0
5200,0.0
5201,0.0
5202,0.0
5203,0.0
5204,0.0
5205,0.0
5206,0.0
5207,0.0
5208,0.0
5209,0.0
5210,0.0
5211,0.0
5212,0.0
5213,0.0
5214,0.0
5215,0.0
5216,0.0
5217,0.0
5218,0.0
5219,0.0
5220,0.0
5221,0.0
5222,0.0
5223,0.0
5224,0.0
5225,0.0
5226,0.0
5227,0.0
5228,0.0
5229,0.0
5230,0.0
5231,0.0
5232,0.0
5233,0.0
5234,0.0
5235,0.0
5236,0.0
5237,0.0
5238,0.0
5239,0.0
5240,0.0
5241,0.0
5242,0.0
5243,0.0
5244,0.0
5245,0.0
5246,0.0
5247,0.0
5248,0.0
5249,0.0
5250,0.0
5251,0.0
5252,0.0
5253,0.0
5254,0.0
5255,0.0
5256,0.0
5257,0.0
5258,0.0
5259,0.0
5260,0.0
5261,0.0
5262,0.0
5263,0.0
5264,0.0
5265,0.0
5266,0.0
5267,0.0
5268,0.0
5269,0.0
5270,0.0
5271,0.0
5272,0.0
5273,0.0
5274,0.0
5275,0.0
5276,0.0
5277,0.0
5278,0.0
5279,0.0
5280,0.0
5281,0.0
5282,0.0
5283,0.0
5284,0.0
5285,0.0
5286,0.0
5287,0.0
5288,0.0
5289,0.0
5290,0.0
5291,0.0
5292,0.0
5293,0.0
5294,0.0
5295,0.0
5296,0.0
5297,0.0
5298,0.0
5299,0.0
5300,0.0
5301,0.0
5302,0.0
5303,0.0
5304,0.0
5305,0.0
5306,0.0
5307,0.0
5308,0.0
5309,0.0
5310,0.0
5311,0.0
5312,0.0
5313,0.0
5314,0.0
5315,0.0
5316,0.0
5317,0.0
5318,0.0
5319,0.0
5320,0.0
5321,0.0
5322,0.0
5323,0.0
5324,0.0
5325,0.0
5326,0.0
5327,0.0
5328,0.0
5329,0.0
5330,0.0
5331,0.0
5332,0.0
5333,0.0
5334,0.0
5335,0.0
5336,0.0
5337,0.0
5338,0.0
5339,0.0
5340,0.0
5341,0.0
5342,0.0
5343,0.0
5344,0.0
5345,0.0
5346,0.0
5347,0.0
5348,0.0
5349,0.0
5350,0.0
5351,0.0
5352,0.0
5353,0.0
5354,0.0
5355,0.0
5356,0.0
5357,0.0
5358,0.0
5359,0.0
5360,0.0
5361,0.0
5362,0.0
5363,0.0
5364,0.0
5365,0.0
5366,0.0
5367,0.0
5368,0.0
5369,0.0
5370,0.0
5371,0.0
5372,0.0
5373,0.0
5374,0.0
5375,0.0
5376,0.0
5377,0.0
5378,0.0
5379,0.0
5380,0.0
5381,0.0
5382,0.0
5383,0.0
5384,0.0
5385,0.0
5386,0.0
5387,0.0
5388,0.0
5389,0.0
5390,0.0
5391,0.0
5392,0.0
5393,0.0
5394,0.0
5395,0.0
5396,0.0
5397,0.0
5398,0.0
5399,0.0
5400,0.0
5401,0.0
5402,0.0
5403,0.0
5404,0.0
5405,0.0
5406,0.0
5407,0.0
5408,0.0
5409,0.0
5410,0.0
5411,0.0
5412,0.0
5413,0.0
5414,0.0
5415,0.0
5416,0.0
5417,0.0
5418,0.0
5419,0.0
5420,0.0
5421,0.0
5422,0.0
5423,0.0
5424,0.0
5425,0.0
5426,0.0
5427,0.0
5428,0.0
5429,0.0
5430,0.0
5431,0.0
5432,0.0
5433,0.0
5434,0.0
5435,0.0
5436,0.0
5437,0.0
5438,0.0
5439,0.0
5440,0.0
5441,0.0
5442,0.0
5443,0.0
5444,0.0
5445,0.0
5446,0.0
5447,0.0
5448,0.0
5449,0.0
5450,0.0
5451,0.0
5452,0.0
5453,0.0
5454,0.0
5455,0.0
5456,0.0
5457,0.0
5458,0.0
5459,0.0
5460,0.0
5461,0.0
5462,0.0
5463,0.0
5464,0.0
5465,0.0
5466,0.0
5467,0.0
5468,0.0
5469,0.0
5470,0.0
5471,0.0
5472,0.0
5473,0.0
5474,0.0
5475,0.0
5476,0.0
5477,0.0
5478,0.0
5479,0.0
5480,0.0
5481,0.0
5482,0.0
5483,0.0
5484,0.0
5485,0.0
5486,0.0
5487,0.0
5488,0.0
5489,0.0
5490,0.0
5491,0.0
5492,0.0
5493,0.0
5494,0.0
5495,0.0
5496,0.0
5497,0.0
5498,0.0
5499,0.0
5500,0.0
5501,0.0
5502,0.0
5503,0.0
5504,0.0
5505,0.0
5506,0.0
5507,0.0
5508,0.0
5509,0.0
5510,0.0
5511,0.0
5512,0.0
5513,0.0
5514,0.0
5515,0.0
5516,0.0
5517,0.0
5518,0.0
5519,0.0
5520,0.0
5521,0.0
5522,0.0
5523,0.0
5524,0.0
5525,0.0
5526,0.0
5527,0.0
5528,0.0
5529,0.0
5530,0.0
5531,0.0
5532,0.0
5533,0.0
5534,0.0
5535,0.0
5536,0.0
5537,0.0
5538,0.0
5539,0.0
5540,0.0
5541,0.0
5542,0.0
5543,0.0
5544,0.0
5545,0.0
5546,0.0
5547,0.0
5548,0.0
5549,0.0
5550,0.0
5551,0.0
5552,0.0
5553,0.0
5554,0.0
5555,0.0
5556,0.0
5557,0.0
5558,0.0
5559,0.0
5560,0.0
5561,0.0
5562,0.0
5563,0.0
5564,0.0
5565,0.0
5566,0.0
5567,0.0
5568,0.0
5569,0.0
5570,0.0
5571,0.0
5572,0.0
5573,0.0
5574,0.0
5575,0.0
5576,0.0
5577,0.0
5578,0.0
5579,0.0
5580,0.0
5581,0.0
5582,0.0
5583,0.0
5584,0.0
5585,0.0
5586,0.0
5587,0.0
5588,0.0
5589,0.0
5590,0.0
5591,0.0
5592,0.0
5593,0.0
5594,0.0
5595,0.0
5596,0.0
5597,0.0
5598,0.0
5599,0.0
5600,0.0
5601,0.0
5602,0.0
5603,0.0
5604,0.0
5605,0.0
5606,0.0
5607,0.0
5608,0.0
5609,0.0
5610,0.0
5611,0.0
5612,0.0
5613,0.0
5614,0.0
5615,0.0
5616,0.0
5617,0.0
5618,0.0
5619,0.0
5620,0.0
5621,0.0
5622,0.0
5623,0.0
5624,0.0
5625,0.0
5626,0.0
5627,0.0
5628,0.0
5629,0.0
5630,0.0
5631,0.0
5632,0.0
5633,0.0
5634,0.0
5635,0.0
5636,0.0
5637,0.0
5638,0.0
5639,0.0
5640,0.0
5641,0.0
5642,0.0
5643,0.0
5644,0.0
5645,0.0
5646,0.0
5647,0.0
5648,0.0
5649,0.0
5650,0.0
5651,0.0
5652,0.0
5653,0.0
5654,0.0
5655,0.0
5656,0.0
5657,0.0
5658,0.0
5659,0.0
5660,0.0
5661,0.0
5662,0.0
5663,0.0
5664,0.0
5665,0.0
5666,0.0
5667,0.0
5668,0.0
5669,0.0
5670,0.0
5671,0.0
5672,0.0
5673,0.0
5674,0.0
5675,0.0
5676,0.0
5677,0.0
5678,0.0
5679,0.0
5680,0.0
5681,0.0
5682,0.0
5683,0.0
5684,0.0
5685,0.0
5686,0.0
5687,0.0
5688,0.0
5689,0.0
5690,0.0
5691,0.0
5692,0.0
5693,0.0
5694,0.0
5695,0.0
5696,0.0
5697,0.0
5698,0.0
5699,0.0
5700,0.0
5701,0.0
5702,0.0
5703,0.0
5704,0.0
5705,0.0
5706,0.0
5707,0.0
5708,0.0
5709,0.0
5710,0.0
5711,0.0
5712,0.0
5713,0.0
5714,0.0
5715,0.0
5716,0.0
5717,0.0
5718,0.0
5719,0.0
5720,0.0
5721,0.0
5722,0.0
5723,0.0
5724,0.0
5725,0.0
5726,0.0
5727,0.0
5728,0.0
5729,0.0
5730,0.0
5731,0.0
5732,0.0
5733,0.0
5734,0.0
5735,0.0
5736,0.0
5737,0.0
5738,0.0
5739,0.0
5740,0.0
5741,0.0
5742,0.0
5743,0.0
5744,0.0
5745,0.0
5746,0.0
5747,0.0
5748,0.0
5749,0.0
5750,0.0
5751,0.0
5752,0.0
5753,0.0
5754,0.0
5755,0.0
5756,0.0
5757,0.0
5758,0.0
5759,0.0
5760,0.0
5761,0.0
5762,0.0
5763,0.0
5764,0.0
5765,0.0
5766,0.0
5767,0.0
5768,0.0
5769,0.0
5770,0.0
5771,0.0
5772,0.0
5773,0.0
5774,0.0
5775,0.0
5776,0.0
5777,0.0
5778,0.0
5779,0.0
5780,0.0
5781,0.0
5782,0.0
5783,0.0
5784,0.0
5785,0.0
5786,0.0
5787,0.0
5788,0.0
5789,0.0
5790,0.0
5791,0.0
5792,0.0
5793,0.0
5794,0.0
5795,0.0
5796,0.0
5797,0.0
5798,0.0
5799,0.0
5800,0.0
5801,0.0
5802,0.0
5803,0.0
5804,0.0
5805,0.0
5806,0.0
5807,0.0
5808,0.0
5809,0.0
5810,0.0
5811,0.0
5812,0.0
5813,0.0
5814,0.0
5815,0.0
5816,0.0
5817,0.0
5818,0.0
5819,0.0
5820,0.0
5821,0.0
5822,0.0
5823,0.0
5824,0.0
5825,0.0
5826,0.0
5827,0.0
5828,0.0
5829,0.0
5830,0.0
5831,0.0
5832,0.0
5833,0.0
5834,0.0
5835,0.0
5836,0.0
5837,0.0
5838,0.0
5839,0.0
5840,0.0
5841,0.0
5842,0.0
5843,0.0
5844,0.0
5845,0.0
5846,0.0
5847,0.0
5848,0.0
5849,0.0
5850,0.0
5851,0.0
5852,0.0
5853,0.0
5854,0.0
5855,0.0
5856,0.0
5857,0.0
5858,0.0
5859,0.0
5860,0.0
5861,0.0
5862,0.0
5863,0.0
5864,0.0
5865,0.0
5866,0.0
5867,0.0
5868,0.0
5869,0.0
5870,0.0
5871,0.0
5872,0.0
5873,0.0
5874,0.0
5875,0.0
5876,0.0
5877,0.0
5878,0.0
5879,0.0
5880,0.0
5881,0.0
5882,0.0
5883,0.0
5884,0.0
5885,0.0
5886,0.0
5887,0.0
5888,0.0
5889,0.0
5890,0.0
5891,0.0
5892,0.0
5893,0.0
5894,0.0
5895,0.0
5896,0.0
5897,0.0
5898,0.0
5899,0.0
5900,0.0
5901,0.0
5902,0.0
5903,0.0
5904,0.0
5905,0.0
5906,0.0
5907,0.0
5908,0.0
5909,0.0
5910,0.0
5911,0.0
5912,0.0
5913,0.0
5914,0.0
5915,0.0
5916,0.0
5917,0.0
5918,0.0
5919,0.0
5920,0.0
5921,0.0
5922,0.0
5923,0.0
5924,0.0
5925,0.0
5926,0.0
5927,0.0
5928,0.0
5929,0.0
5930,0.0
5931,0.0
5932,0.0
5933,0.0
5934,0.0
5935,0.0
5936,0.0
5937,0.0
5938,0.0
5939,0.0
5940,0.0
5941,0.0
5942,0.0
5943,0.0
5944,0.0
5945,0.0
5946,0.0
5947,0.0
5948,0.0
5949,0.0
5950,0.0
5951,0.0
5952,0.0
5953,0.0
5954,0.0
5955,0.0
5956,0.0
5957,0.0
5958,0.0
5959,0.0
5960,0.0
5961,0.0
5962,0.0
5963,0.0
5964,0.0
5965,0.0
5966,0.0
5967,0.0
5968,0.0
5969,0.0
5970,0.0
5971,0.0
5972,0.0
5973,0.0
5974,0.0
5975,0.0
5976,0.0
5977,0.0
5978,0.0
5979,0.0
5980,0.0
5981,0.0
5982,0.0
5983,0.0
5984,0.0
5985,0.0
5986,0.0
5987,0.0
5988,0.0
5989,0.0
5990,0.0
5991,0.0
5992,0.0
5993,0.0
5994,0.0
5995,0.0
5996,0.0
5997,0.0
5998,0.0
5999,0.0
6000,0.0
6001,0.0
6002,0.0
6003,0.0
6004,0.0
6005,0.0
6006,0.0
6007,0.0
6008,0.0
6009,0.0
6010,0.0
6011,0.0
6012,0.0
6013,0.0
6014,0.0
6015,0.0
6016,0.0
6017,0.0
6018,0.0
6019,0.0
6020,0.0
6021,0.0
6022,0.0
6023,0.0
6024,0.0
6025,0.0
6026,0.0
6027,0.0
6028,0.0
6029,0.0
6030,0.0
6031,0.0
6032,0.0
6033,0.0
6034,0.0
6035,0.0
6036,0.0
6037,0.0
6038,0.0
6039,0.0
6040,0.0
6041,0.0
6042,0.0
6043,0.0
6044,0.0
6045,0.0
6046,0.0
6047,0.0
6048,0.0
6049,0.0
6050,0.0
6051,0.0
6052,0.0
6053,0.0
6054,0.0
6055,0.0
6056,0.0
6057,0.0
6058,0.0
6059,0.0
6060,0.0
6061,0.0
6062,0.0
6063,0.0
6064,0.0
6065,0.0
6066,0.0
6067,0.0
6068,0.0
6069,0.0
6070,0.0
6071,0.0
6072,0.0
6073,0.0
6074,0.0
6075,0.0
6076,0.0
6077,0.0
6078,0.0
6079,0.0
6080,0.0
6081,0.0
6082,0.0
6083,0.0
6084,0.0
6085,0.0
6086,0.0
6087,0.0
6088,0.0
6089,0.0
6090,0.0
6091,0.0
6092,0.0
6093,0.0
6094,0.0
6095,0.0
6096,0.0
6097,0.0
6098,0.0
6099,0.0
6100,0.0
6101,0.0
6102,0.0
6103,0.0
6104,0.0
6105,0.0
6106,0.0
6107,0.0
6108,0.0
6109,0.0
6110,0.0
6111,0.0
6112,0.0
6113,0.0
6114,0.0
6115,0.0
6116,0.0
6117,0.0
6118,0.0
6119,0.0
6120,0.0
6121,0.0
6122,0.0
6123,0.0
6124,0.0
6125,0.0
6126,0.0
6127,0.0
6128,0.0
6129,0.0
6130,0.0
6131,0.0
6132,0.0
6133,0.0
6134,0.0
6135,0.0
6136,0.0
6137,0.0
6138,0.0
6139,0.0
6140,0.0
6141,0.0
6142,0.0
6143,0.0
6144,0.0
6145,0.0
6146,0.0
6147,0.0
6148,0.0
6149,0.0
6150,0.0
6151,0.0
6152,0.0
6153,0.0
6154,0.0
6155,0.0
6156,0.0
6157,0.0
6158,0.0
6159,0.0
6160,0.0
6161,0.0
6162,0.0
6163,0.0
6164,0.0
6165,0.0
6166,0.0
6167,0.0
6168,0.0
6169,0.0
6170,0.0
6171,0.0
6172,0.0
6173,0.0
6174,0.0
6175,0.0
6176,0.0
6177,0.0
6178,0.0
6179,0.0
6180,0.0
6181,0.0
6182,0.0
6183,0.0
6184,0.0
6185,0.0
6186,0.0
6187,0.0
6188,0.0
6189,0.0
6190,0.0
6191,0.0
6192,0.0
6193,0.0
6194,0.0
6195,0.0
6196,0.0
6197,0.0
6198,0.0
6199,0.0
6200,0.0
6201,0.0
6202,0.0
6203,0.0
6204,0.0
6205,0.0
6206,0.0
6207,0.0
6208,0.0
6209,0.0
6210,0.0
6211,0.0
6212,0.0
6213,0.0
6214,0.0
6215,0.0
6216,0.0
6217,0.0
6218,0.0
6219,0.0
6220,0.0
6221,0.0
6222,0.0
6223,0.0
6224,0.0
6225,0.0
6226,0.0
6227,0.0
6228,0.0
6229,0.0
6230,0.0
6231,0.0
6232,0.0
6233,0.0
6234,0.0
6235,0.0
6236,0.0
6237,0.0
6238,0.0
6239,0.0
6240,0.0
6241,0.0
6242,0.0
6243,0.0
6244,0.0
6245,0.0
6246,0.0
6247,0.0
6248,0.0
6249,0.0
6250,0.0
6251,0.0
6252,0.0
6253,0.0
6254,0.0
6255,0.0
6256,0.0
6257,0.0
6258,0.0
6259,0.0
6260,0.0
6261,0.0
6262,0.0
6263,0.0
6264,0.0
6265,0.0
6266,0.0
6267,0.0
6268,0.0
6269,0.0
6270,0.0
6271,0.0
6272,0.0
6273,0.0
6274,0.0
6275,0.0
6276,0.0
6277,0.0
6278,0.0
6279,0.0
6280,0.0
6281,0.0
6282,0.0
6283,0.0
6284,0.0
6285,0.0
6286,0.0
6287,0.0
6288,0.0
6289,0.0
6290,0.0
6291,0.0
6292,0.0
6293,0.0
6294,0.0
6295,0.0
6296,0.0
6297,0.0
6298,0.0
6299,0.0
6300,0.0
6301,0.0
6302,0.0
6303,0.0
6304,0.0
6305,0.0
6306,0.0
6307,0.0
6308,0.0
6309,0.0
6310,0.0
6311,0.0
6312,0.0
6313,0.0
6314,0.0
6315,0.0
6316,0.0
6317,0.0
6318,0.0
6319,0.0
6320,0.0
6321,0.0
6322,0.0
6323,0.0
6324,0.0
6325,0.0
6326,0.0
6327,0.0
6328,0.0
6329,0.0
6330,0.0
6331,0.0
6332,0.0
6333,0.0
6334,0.0
6335,0.0
6336,0.0
6337,0.0
6338,0.0
6339,0.0
6340,0.0
6341,0.0
6342,0.0
6343,0.0
6344,0.0
6345,0.0
6346,0.0
6347,0.0
6348,0.0
6349,0.0
6350,0.0
6351,0.0
6352,0.0
6353,0.0
6354,0.0
6355,0.0
6356,0.0
6357,0.0
6358,0.0
6359,0.0
6360,0.0
6361,0.0
6362,0.0
6363,0.0
6364,0.0
6365,0.0
6366,0.0
6367,0.0
6368,0.0
6369,0.0
6370,0.0
6371,0.0
6372,0.0
6373,0.0
6374,0.0
6375,0.0
6376,0.0
6377,0.0
6378,0.0
6379,0.0
6380,0.0
6381,0.0
6382,0.0
6383,0.0
6384,0.0
6385,0.0
6386,0.0
6387,0.0
6388,0.0
6389,0.0
6390,0.0
6391,0.0
6392,0.0
6393,0.0
6394,0.0
6395,0.0
6396,0.0
6397,0.0
6398,0.0
6399,0.0
6400,0.0
6401,0.0
6402,0.0
6403,0.0
6404,0.0
6405,0.0
6406,0.0
6407,0.0
6408,0.0
6409,0.0
6410,0.0
6411,0.0
6412,0.0
6413,0.0
6414,0.0
6415,0.0
6416,0.0
6417,0.0
6418,0.0
6419,0.0
6420,0.0
6421,0.0
6422,0.0
6423,0.0
6424,0.0
6425,0.0
6426,0.0
6427,0.0
6428,0.0
6429,0.0
6430,0.0
6431,0.0
6432,0.0
6433,0.0
6434,0.0
6435,0.0
6436,0.0
6437,0.0
6438,0.0
6439,0.0
6440,0.0
6441,0.0
6442,0.0
6443,0.0
6444,0.0
6445,0.0
6446,0.0
6447,0.0
6448,0.0
6449,0.0
6450,0.0
6451,0.0
6452,0.0
6453,0.0
6454,0.0
6455,0.0
6456,0.0
6457,0.0
6458,0.0
6459,0.0
6460,0.0
6461,0.0
6462,0.0
6463,0.0
6464,0.0
6465,0.0
6466,0.0
6467,0.0
6468,0.0
6469,0.0
6470,0.0
6471,0.0
6472,0.0
6473,0.0
6474,0.0
6475,0.0
6476,0.0
6477,0.0
6478,0.0
6479,0.0
6480,0.0
6481,0.0
6482,0.0
6483,0.0
6484,0.0
6485,0.0
6486,0.0
6487,0.0
6488,0.0
6489,0.0
6490,0.0
6491,0.0
6492,0.0
6493,0.0
6494,0.0
6495,0.0
6496,0.0
6497,0.0
6498,0.0
6499,0.0
6500,0.0
6501,0.0
6502,0.0
6503,0.0
6504,0.0
6505,0.0
6506,0.0
6507,0.0
6508,0.0
6509,0.0
6510,0.0
6511,0.0
6512,0.0
6513,0.0
6514,0.0
6515,0.0
6516,0.0
6517,0.0
6518,0.0
6519,0.0
6520,0.0
6521,0.0
6522,0.0
6523,0.0
6524,0.0
6525,0.0
6526,0.0
6527,0.0
6528,0.0
6529,0.0
6530,0.0
6531,0.0
6532,0.0
6533,0.0
6534,0.0
6535,0.0
6536,0.0
6537,0.0
6538,0.0
6539,0.0
6540,0.0
6541,0.0
6542,0.0
6543,0.0
6544,0.0
6545,0.0
6546,0.0
6547,0.0
6548,0.0
6549,0.0
6550,0.0
6551,0.0
6552,0.0
6553,0.0
6554,0.0
6555,0.0
6556,0.0
6557,0.0
6558,0.0
6559,0.0
6560,0.0
6561,0.0
6562,0.0
6563,0.0
6564,0.0
6565,0.0
6566,0.0
6567,0.0
6568,0.0
6569,0.0
6570,0.0
6571,0.0
6572,0.0
6573,0.0
6574,0.0
6575,0.0
6576,0.0
6577,288.6000000000002
6578,355.5999999999999
6579,398.7000000000002
6580,401.2000000000002
6581,437.3
6582,448.60000000000036
6583,448.50000000000034
6584,460.90000000000026
6585,436.09999999999997
6586,373.3
6587,300.60000000000014
6588,250.39999999999998
6589,216.39999999999995
6590,195.29999999999998
6591,106.49999999999997
6592,130.5
6593,163.70000000000005
6594,243.39999999999998
6595,319.7000000000001
6596,391.80000000000007
6597,417.8999999999998
6598,443.4000000000003
6599,522.0000000000001
6600,565.6000000000004
6601,632.6000000000001
6602,617.4
6603,626.9
6604,641.3
6605,695.6999999999999
6606,734.6999999999998
6607,679.2
6608,660.1000000000003
6609,603.9999999999998
6610,559.5000000000002
6611,494.59999999999974
6612,426.09999999999985
6613,395.90000000000026
6614,355.19999999999993
6615,345.29999999999984
6616,366.09999999999997
6617,365.19999999999993
6618,419.5999999999998
6619,431.09999999999997
6620,459.40000000000026
6621,471.5000000000001
6622,461.6000000000003
6623,463.8000000000003
6624,497.9999999999997
6625,470.7000000000002
6626,503.2999999999997
6627,523.7
6628,551.1
6629,564.4000000000003
6630,554.4000000000002
6631,529.8999999999999
6632,555.1000000000003
6633,530.6
6634,460.5000000000003
6635,388.20000000000016
6636,333.19999999999993
6637,274.4000000000001
6638,271.00000000000006
6639,242.20000000000002
6640,250.99999999999997
6641,302.50000000000006
6642,319.0000000000001
6643,404.7000000000001
6644,390.7000000000001
6645,472.0
6646,519.3000000000003
6647,563.2000000000003
6648,632.2000000000002
6649,659.9000000000002
6650,685.0999999999998
6651,650.9999999999999
6652,674.6999999999999
6653,672.5
6654,654.8000000000001
6655,656.5000000000001
6656,633.5000000000001
6657,547.1000000000001
6658,457.5000000000002
6659,402.3000000000002
6660,331.1999999999999
6661,270.40000000000003
6662,198.59999999999997
6663,212.3999999999999
6664,208.29999999999993
6665,250.39999999999998
6666,295.4000000000001
6667,342.3999999999999
6668,359.2
6669,385.5000000000001
6670,427.49999999999994
6671,465.60000000000025
6672,445.4000000000003
6673,460.5000000000003
6674,522.1000000000001
6675,564.6000000000004
6676,604.8999999999996
6677,635.3999999999999
6678,679.8999999999999
6679,695.4999999999999
6680,686.6
6681,657.0000000000001
6682,574.5999999999999
6683,519.2000000000003
6684,502.6999999999997
6685,460.90000000000026
6686,383.00000000000006
6687,352.99999999999994
6688,391.00000000000006
6689,422.3999999999998
6690,499.39999999999975
6691,547.0000000000001
6692,605.0999999999997
6693,637.3
6694,670.1000000000001
6695,732.1999999999998
6696,750.6999999999997
6697,827.6999999999996
6698,849.5999999999998
6699,904.1000000000007
6700,887.6999999999999
6701,887.9999999999999
6702,918.9000000000004
6703,914.3000000000003
6704,921.9000000000003
6705,928.8
6706,838.6000000000001
6707,748.8999999999999
6708,702.4999999999999
6709,689.0999999999999
6710,659.0000000000002
6711,633.8
6712,640.1999999999998
6713,666.8000000000002
6714,689.0999999999999
6715,726.2999999999997
6716,729.3999999999999
6717,758.1999999999996
6718,798.8000000000004
6719,823.5999999999998
6720,839.1000000000003
6721,830.8999999999997
6722,833.3
6723,856.1999999999998
6724,830.1999999999998
6725,837.8000000000002
6726,860.7999999999996
6727,873.0999999999999
6728,890.9000000000003
6729,811.8999999999999
6730,726.8999999999997
6731,643.6999999999999
6732,565.8000000000004
6733,509.2
6734,482.7999999999998
6735,465.60000000000025
6736,524.5
6737,556.5000000000003
6738,608.5999999999998
6739,623.1000000000003
6740,669.1000000000001
6741,689.6999999999999
6742,735.0999999999998
6743,728.6999999999999
6744,757.9999999999997
6745,767.1999999999999
6746,776.5000000000002
6747,799.5000000000005
6748,812.3999999999999
6749,842.6999999999999
6750,842.1999999999999
6751,848.8999999999999
6752,842.6999999999999
6753,806.2000000000005
6754,756.2999999999995
6755,721.0999999999999
6756,637.3
6757,659.6000000000004
6758,623.1000000000003
6759,600.4999999999999
6760,604.8999999999996
6761,652.3999999999999
6762,683.1999999999998
6763,721.6999999999999
6764,805.1000000000006
6765,832.4
6766,861.0999999999996
6767,897.7000000000005
6768,898.9000000000007
6769,895.2000000000005
6770,938.3000000000002
6771,930.9000000000001
6772,906.8000000000008
6773,914.1000000000004
6774,923.6000000000004
6775,901.7000000000005
6776,902.5000000000005
6777,860.1999999999995
6778,806.0000000000003
6779,728.8
6780,674.6
6781,562.6000000000003
6782,517.4000000000002
6783,523.8
6784,526.1
6785,563.8000000000003
6786,603.2999999999997
6787,648.3999999999999
6788,674.1
6789,707.1000000000001
6790,719.3999999999999
6791,744.1999999999998
6792,783.1000000000005
6793,788.2000000000006
6794,763.7999999999998
6795,783.1000000000005
6796,773.1
6797,805.3000000000006
6798,797.3000000000004
6799,828.3999999999997
6800,838.7000000000002
6801,818.3999999999999
6802,760.8999999999997
6803,751.2999999999996
6804,702.3999999999999
6805,653.0999999999999
6806,631.2
6807,620.7
6808,587.1
6809,605.6999999999996
6810,602.5999999999998
6811,663.0000000000002
6812,652.3
6813,673.9
6814,659.3000000000002
6815,665.1000000000003
6816,651.5999999999998
6817,623.9000000000001
6818,578.1
6819,562.8000000000003
6820,598.3
6821,605.9999999999997
6822,587.7999999999998
6823,595.6
6824,561.5000000000002
6825,547.7
6826,535.2999999999998
6827,530.3
6828,493.4999999999997
6829,445.4000000000003
6830,393.40000000000015
6831,383.8000000000001
6832,368.5999999999999
6833,335.59999999999985
6834,360.99999999999994
6835,343.9999999999999
6836,364.1999999999999
6837,358.9
6838,351.4999999999999
6839,344.1999999999999
6840,345.6999999999998
6841,343.2999999999999
6842,394.00000000000017
6843,437.1
6844,442.40000000000026
6845,491.99999999999966
6846,515.7000000000002
6847,542.2
6848,537.6999999999999
6849,542.5
6850,509.09999999999997
6851,474.79999999999995
6852,417.9999999999997
6853,375.6
6854,347.6999999999999
6855,376.9
6856,393.50000000000017
6857,442.5000000000002
6858,495.59999999999974
6859,565.6000000000004
6860,651.1999999999998
6861,695.3999999999999
6862,737.3999999999999
6863,793.9000000000005
6864,856.3999999999996
6865,904.2000000000007
6866,912.9000000000005
6867,916.7000000000005
6868,891.9000000000003
6869,871.4
6870,876.5999999999999
6871,895.6000000000005
6872,879.6999999999998
6873,870.2000000000002
6874,810.2
6875,717.8999999999997
6876,638.4999999999999
6877,563.8000000000003
6878,528.3
6879,457.70000000000016
6880,433.29999999999995
6881,448.30000000000035
6882,490.7999999999996
6883,542.5
6884,617.1999999999999
6885,658.3000000000002
6886,701.1999999999998
6887,731.3999999999997
6888,742.1999999999999
6889,753.8999999999995
6890,784.3000000000006
6891,798.8000000000004
6892,823.8999999999999
6893,825.7999999999996
6894,800.8000000000005
6895,797.9000000000004
6896,753.0999999999996
6897,704.5999999999999
6898,644.1999999999998
6899,562.6000000000003
6900,513.8000000000001
6901,428.2
6902,373.20000000000005
6903,354.4999999999999
6904,364.29999999999984
6905,363.29999999999984
6906,369.59999999999985
6907,419.69999999999976
6908,458.0000000000002
6909,485.39999999999975
6910,470.60000000000025
6911,475.19999999999993
6912,502.19999999999976
6913,497.9999999999997
6914,480.6999999999999
6915,492.6999999999996
6916,499.39999999999975
6917,501.59999999999974
6918,499.99999999999966
6919,502.4999999999997
6920,512.4000000000001
6921,446.4000000000005
6922,366.29999999999995
6923,308.1
6924,246.4999999999999
6925,192.50000000000003
6926,156.8
6927,156.9
6928,174.7999999999999
6929,170.09999999999994
6930,214.0
6931,255.09999999999997
6932,288.00000000000017
6933,329.9999999999999
6934,321.20000000000005
6935,302.3
6936,351.89999999999986
6937,355.5999999999999
6938,371.49999999999994
6939,373.50000000000006
6940,360.49999999999994
6941,376.2
6942,381.7000000000001
6943,376.9
6944,419.99999999999983
6945,433.70000000000005
6946,381.0000000000001
6947,361.4999999999999
6948,337.4999999999999
6949,341.50000000000006
6950,323.20000000000005
6951,305.29999999999995
6952,306.5
6953,338.2
6954,368.7999999999999
6955,410.1999999999999
6956,443.3000000000003
6957,424.3999999999998
6958,450.8000000000002
6959,460.00000000000034
6960,479.49999999999994
6961,477.9
6962,470.4000000000002
6963,482.7999999999998
6964,484.89999999999975
6965,477.3
6966,493.4999999999997
6967,477.40000000000003
6968,491.99999999999966
6969,493.5999999999997
6970,457.4000000000002
6971,436.0
6972,420.49999999999983
6973,381.90000000000015
6974,375.8
6975,345.79999999999984
6976,391.5000000000001
6977,418.4999999999998
6978,456.1000000000001
6979,447.60000000000036
6980,485.6999999999997
6981,477.09999999999997
6982,507.59999999999985
6983,542.5
6984,607.9999999999998
6985,615.7999999999998
6986,628.9000000000001
6987,650.5999999999999
6988,670.3000000000001
6989,686.6
6990,704.0
6991,691.9
6992,682.2999999999998
6993,624.5000000000001
6994,562.4000000000003
6995,497.6999999999997
6996,439.1000000000001
6997,364.29999999999984
6998,347.4999999999999
6999,272.00000000000006
7000,284.50000000000034
7001,303.40000000000003
7002,356.7
7003,408.19999999999993
7004,417.19999999999976
7005,457.4000000000002
7006,492.5999999999996
7007,500.39999999999975
7008,540.4
7009,536.0999999999999
7010,549.5
7011,556.0000000000003
7012,586.9
7013,574.9999999999999
7014,568.8000000000004
7015,602.6999999999997
7016,582.0999999999999
7017,516.1000000000001
7018,451.40000000000015
7019,389.20000000000016
7020,298.0000000000001
7021,233.70000000000005
7022,185.29999999999998
7023,149.50000000000006
7024,128.69999999999996
7025,152.40000000000003
7026,182.79999999999995
7027,215.69999999999996
7028,240.60000000000002
7029,289.6000000000002
7030,325.8
7031,360.8999999999999
7032,365.0999999999999
7033,386.40000000000015
7034,351.89999999999986
7035,368.99999999999994
7036,365.0999999999999
7037,355.4999999999999
7038,344.09999999999985
7039,343.89999999999986
7040,350.6999999999999
7041,318.50000000000006
7042,316.6
7043,268.60000000000014
7044,260.59999999999997
7045,201.69999999999993
7046,161.80000000000007
7047,124.39999999999999
7048,124.69999999999997
7049,109.89999999999999
7050,129.70000000000002
7051,184.79999999999995
7052,174.5999999999999
7053,192.6
7054,216.59999999999997
7055,233.60000000000002
7056,203.09999999999994
7057,0.0
7058,0.0
7059,0.0
7060,0.0
7061,0.0
7062,0.0
7063,0.0
7064,0.0
7065,0.0
7066,0.0
7067,0.0
7068,0.0
7069,0.0
7070,0.0
7071,0.0
7072,0.0
7073,0.0
7074,0.0
7075,0.0
7076,0.0
7077,0.0
7078,0.0
7079,0.0
7080,0.0
7081,266.6
7082,282.0000000000002
7083,309.1000000000001
7084,340.40000000000003
7085,326.8
7086,360.0
7087,378.9000000000001
7088,366.4999999999999
7089,337.4999999999999
7090,300.60000000000014
7091,248.39999999999992
7092,238.30000000000004
7093,215.89999999999995
7094,174.0999999999999
7095,187.8
7096,172.89999999999992
7097,251.20000000000002
7098,328.1
7099,358.09999999999997
7100,414.9999999999999
7101,449.60000000000036
7102,493.6999999999997
7103,537.1999999999999
7104,604.2999999999997
7105,626.2
7106,610.9999999999998
7107,612.4999999999998
7108,586.0999999999999
7109,585.0
7110,610.1999999999997
7111,585.5
7112,571.0000000000003
7113,513.4000000000001
7114,451.6000000000002
7115,401.7000000000002
7116,358.09999999999997
7117,322.2000000000001
7118,262.5
7119,244.79999999999993
7120,254.89999999999998
7121,254.49999999999997
7122,253.79999999999995
7123,314.30000000000007
7124,333.5999999999999
7125,331.1999999999999
7126,366.29999999999995
7127,383.9000000000001
7128,365.19999999999993
7129,363.3999999999998
7130,410.1999999999999
7131,414.9999999999999
7132,464.0000000000003
7133,526.4000000000001
7134,564.5000000000003
7135,569.1000000000005
7136,570.0000000000005
7137,546.8000000000001
7138,502.19999999999976
7139,429.49999999999994
7140,378.9000000000001
7141,314.0000000000001
7142,299.3000000000001
7143,298.8000000000001
7144,265.80000000000007
7145,337.2999999999999
7146,417.8999999999998
7147,484.3999999999997
7148,561.9000000000002
7149,607.5999999999997
7150,668.8000000000002
7151,713.0
7152,700.1999999999998
7153,768.9
7154,744.9999999999998
7155,769.4
7156,750.0999999999997
7157,735.3999999999999
7158,718.4999999999998
7159,707.9000000000002
7160,715.8999999999999
7161,660.3000000000004
7162,602.2999999999997
7163,570.8000000000004
7164,491.3999999999997
7165,505.69999999999993
7166,497.8999999999997
7167,491.7999999999996
7168,470.7000000000002
7169,459.10000000000025
7170,530.4999999999999
7171,520.2000000000003
7172,475.4
7173,497.39999999999975
7174,518.5000000000002
7175,558.4000000000004
7176,551.7
7177,560.1000000000001
7178,559.9000000000002
7179,550.3000000000001
7180,563.2000000000003
7181,607.0999999999997
7182,623.9000000000001
7183,617.4
7184,608.5999999999998
7185,617.4
7186,588.9999999999999
7187,580.4999999999998
7188,551.0
7189,527.2999999999998
7190,519.3000000000003
7191,516.2000000000002
7192,516.0000000000001
7193,565.6000000000004
7194,568.8000000000004
7195,585.8999999999999
7196,614.4999999999999
7197,641.4999999999999
7198,634.5999999999999
7199,626.0
7200,622.5000000000002
7201,608.7999999999997
7202,620.7
7203,632.1000000000001
7204,667.5000000000002
7205,679.2
7206,654.8000000000001
7207,670.9
7208,686.1
7209,692.9000000000001
7210,630.6999999999999
7211,587.8999999999999
7212,558.5000000000003
7213,529.0999999999998
7214,497.9999999999997
7215,500.69999999999976
7216,505.5999999999999
7217,522.1000000000001
7218,546.8000000000001
7219,629.4
7220,651.5999999999998
7221,688.9999999999999
7222,700.1999999999998
7223,683.3999999999999
7224,719.0999999999998
7225,734.4999999999999
7226,788.5000000000006
7227,752.5999999999996
7228,812.6999999999998
7229,825.9999999999997
7230,844.6999999999997
7231,836.9000000000002
7232,847.4
7233,820.7999999999995
7234,719.1999999999998
7235,634.8999999999999
7236,566.0000000000003
7237,507.89999999999986
7238,421.09999999999974
7239,433.29999999999995
7240,466.10000000000025
7241,527.9999999999999
7242,588.9999999999999
7243,669.4000000000002
7244,728.3999999999999
7245,755.4999999999994
7246,837.3000000000002
7247,870.0000000000001
7248,941.2000000000002
7249,983.4999999999997
7250,1023.3999999999996
7251,1037.6
7252,1011.2
7253,1011.4
7254,1018.4
7255,1033.3999999999999
7256,1010.7
7257,980.2999999999997
7258,919.6000000000003
7259,833.1999999999998
7260,736.9
7261,675.0
7262,630.5999999999999
7263,594.5999999999999
7264,562.7000000000003
7265,595.1
7266,713.0
7267,777.7000000000003
7268,817.0999999999997
7269,847.4
7270,867.3
7271,925.1000000000001
7272,960.9999999999998
7273,972.3999999999999
7274,972.2999999999998
7275,948.1999999999999
7276,945.6
7277,953.1999999999998
7278,983.4999999999997
7279,1009.0
7280,973.5999999999998
7281,908.8000000000008
7282,866.9999999999999
7283,778.0000000000003
7284,681.0999999999999
7285,591.9999999999999
7286,543.8
7287,510.19999999999993
7288,521.3000000000003
7289,520.2000000000003
7290,586.6
7291,649.9999999999998
7292,708.1000000000003
7293,748.7999999999998
7294,792.8000000000004
7295,857.9999999999997
7296,892.5000000000005
7297,1604.8999999999992
7298,1623.000000000001
7299,1687.200000000001
7300,1696.6000000000004
7301,1689.9000000000005
7302,1692.2000000000005
7303,1663.7
7304,1709.8000000000006
7305,1650.2
7306,1569.6000000000001
7307,1399.2999999999995
7308,1414.0000000000002
7309,1318.2000000000003
7310,1324.0000000000007
7311,1301.4999999999998
7312,1375.3
7313,1439.3000000000009
7314,1496.1999999999991
7315,1521.5000000000005
7316,1505.9
7317,1580.2000000000007
7318,1544.8999999999999
7319,1537.6000000000006
7320,1610.6999999999991
7321,1660.1000000000004
7322,1691.5000000000002
7323,1639.9999999999995
7324,1563.5999999999992
7325,1542.1000000000004
7326,1498.499999999999
7327,1503.5
7328,1512.1999999999996
7329,1388.4999999999993
7330,1327.2000000000007
7331,1188.2000000000003
7332,1098.6000000000006
7333,1020.4000000000002
7334,947.3000000000003
7335,859.6
7336,885.6000000000004
7337,939.1
7338,879.1000000000003
7339,941.3000000000001
7340,900.8999999999999
7341,899.4
7342,900.1999999999999
7343,877.9000000000002
7344,882.8000000000004
7345,835.2999999999997
7346,838.2999999999996
7347,839.3999999999995
7348,869.9999999999999
7349,974.6999999999998
7350,920.1
7351,890.8000000000005
7352,866.1
7353,801.5999999999996
7354,776.8000000000005
7355,672.6000000000005
7356,527.8999999999999
7357,478.7000000000001
7358,399.6
7359,420.8999999999999
7360,448.09999999999997
7361,499.19999999999993
7362,560.3000000000002
7363,559.0000000000001
7364,578.1000000000001
7365,568.9000000000001
7366,675.2000000000004
7367,698.0999999999999
7368,790.7000000000005
7369,817.8999999999997
7370,779.1000000000005
7371,799.1999999999998
7372,771.8000000000006
7373,766.2000000000006
7374,831.4999999999998
7375,796.7999999999998
7376,813.3
7377,878.0000000000001
7378,912.5000000000001
7379,884.5000000000005
7380,848.9000000000002
7381,819.8999999999999
7382,771.5000000000007
7383,756.2999999999997
7384,782.6000000000006
7385,821.9999999999997
7386,879.4000000000002
7387,930.3999999999997
7388,951.0000000000002
7389,959.5999999999999
7390,993.2000000000004
7391,1023.8
7392,988.0000000000003
7393,974.4999999999998
7394,991.8000000000004
7395,1005.1000000000003
7396,1021.9000000000001
7397,1090.5000000000005
7398,1123.5999999999997
7399,1182.8999999999999
7400,1245.0000000000002
7401,1250.9
7402,1195.600000000001
7403,1091.2000000000005
7404,979.1000000000001
7405,914.6999999999999
7406,818.8999999999997
7407,802.0999999999997
7408,883.9000000000005
7409,964.7999999999994
7410,1021.0
7411,1031.6
7412,1097.4000000000003
7413,1070.5000000000002
7414,1075.9000000000008
7415,1088.0000000000002
7416,1154.8999999999999
7417,1093.3000000000002
7418,1093.4
7419,1158.0000000000002
7420,1254.2000000000003
7421,1290.2999999999993
7422,1316.0999999999997
7423,1316.3999999999999
7424,1308.599999999999
7425,1292.3999999999994
7426,1244.4000000000003
7427,1185.5
7428,1103.4
7429,1093.5000000000002
7430,1038.6
7431,1079.5000000000005
7432,1137.2
7433,1145.3
7434,1145.1999999999998
7435,1214.1999999999998
7436,1219.3999999999996
7437,1225.6
7438,1280.7999999999993
7439,1300.8999999999999
7440,1313.6000000000001
7441,1362.4999999999998
7442,1373.3999999999999
7443,1421.0999999999995
7444,1353.8000000000006
7445,1313.6000000000001
7446,1357.8000000000004
7447,1398.8999999999996
7448,1333.2000000000007
7449,1302.9999999999993
7450,1239.1000000000001
7451,1113.1
7452,1066.3000000000004
7453,919.4
7454,849.0000000000001
7455,882.7000000000004
7456,866.5
7457,985.7000000000003
7458,1026.0999999999997
7459,1056.9999999999998
7460,1029.7999999999997
7461,1025.7999999999997
7462,1024.8999999999996
7463,1047.0999999999997
7464,1116.2999999999997
7465,1096.7000000000003
7466,1156.1000000000001
7467,1183.5999999999997
7468,1151.3999999999999
7469,1161.5999999999997
7470,1208.6999999999994
7471,1296.8999999999994
7472,1346.700000000001
7473,1296.5999999999995
7474,1200.0000000000007
7475,1105.0
7476,1051.2999999999997
7477,953.0
7478,926.4999999999999
7479,924.9
7480,1048.9999999999998
7481,1052.9999999999998
7482,1161.9999999999998
7483,1157.5
7484,1172.6999999999998
7485,1230.3000000000004
7486,1222.8
7487,1249.6000000000004
7488,1292.2999999999995
7489,1341.1000000000008
7490,1363.2999999999995
7491,1341.8000000000006
7492,1345.1000000000006
7493,1355.7000000000005
7494,1294.9999999999998
7495,1169.6
7496,1116.2999999999997
7497,1001.3000000000002
7498,972.8999999999995
7499,874.3000000000001
7500,743.2999999999996
7501,652.8999999999999
7502,517.5999999999999
7503,508.29999999999984
7504,554.0
7505,578.9000000000001
7506,672.6000000000005
7507,709.5999999999995
7508,731.1999999999998
7509,679.5000000000002
7510,690.9999999999999
7511,713.3999999999993
7512,732.0999999999997
7513,699.4999999999997
7514,709.1999999999996
7515,805.7999999999995
7516,781.7000000000005
7517,758.9999999999999
7518,847.1
7519,917.0
7520,900.4999999999999
7521,826.7999999999997
7522,808.4999999999997
7523,704.3999999999993
7524,569.6999999999999
7525,442.20000000000005
7526,432.9000000000002
7527,376.4000000000001
7528,345.5999999999999
7529,426.3000000000001
7530,468.3000000000002
7531,478.50000000000006
7532,560.1000000000001
7533,607.7000000000002
7534,638.8
7535,682.3999999999999
7536,715.9999999999995
7537,789.6000000000005
7538,818.6999999999998
7539,912.6000000000001
7540,913.9
7541,931.9999999999995
7542,983.8000000000003
7543,940.8000000000001
7544,971.0999999999995
7545,969.7999999999995
7546,898.7
7547,859.8000000000001
7548,818.8999999999997
7549,736.1999999999998
7550,675.2000000000004
7551,610.3000000000002
7552,629.2999999999997
7553,684.0000000000001
7554,731.3999999999999
7555,823.6999999999997
7556,846.3
7557,900.0999999999999
7558,923.7
7559,914.6999999999999
7560,948.7000000000003
7561,923.6
7562,1007.1000000000003
7563,1018.4000000000001
7564,1030.9999999999998
7565,989.2000000000003
7566,997.5
7567,1005.7000000000002
7568,1023.3000000000001
7569,1079.9000000000005
7570,1010.8999999999999
7571,932.1999999999996
7572,878.6000000000003
7573,814.3
7574,796.4999999999998
7575,790.1000000000005
7576,795.0
7577,721.0999999999997
7578,798.1999999999998
7579,866.5
7580,852.3000000000001
7581,855.0999999999999
7582,838.2999999999996
7583,797.1999999999998
7584,866.2
7585,903.2999999999998
7586,956.9000000000001
7587,964.2999999999995
7588,1056.3999999999996
7589,1064.5000000000005
7590,1054.9999999999998
7591,1102.6000000000001
7592,1161.6999999999998
7593,1161.9999999999998
7594,1149.1999999999998
7595,1067.5000000000002
7596,1080.1000000000006
7597,1062.4000000000003
7598,1095.6000000000004
7599,1148.0999999999997
7600,1224.3
7601,1289.8999999999994
7602,1381.2999999999997
7603,1453.1000000000004
7604,1473.8000000000009
7605,1468.6999999999998
7606,1487.3999999999994
7607,1576.2000000000005
7608,1613.699999999999
7609,1591.0000000000005
7610,1588.000000000001
7611,1575.5000000000005
7612,1574.9000000000003
7613,1609.4999999999989
7614,1601.1999999999991
7615,1627.2000000000012
7616,1646.6999999999996
7617,1715.4000000000012
7618,1738.3999999999992
7619,1759.6
7620,1688.6000000000004
7621,1650.5000000000002
7622,1652.7000000000003
7623,1612.199999999999
7624,1651.0000000000002
7625,1710.2000000000005
7626,1777.600000000001
7627,1895.2
7628,1947.1999999999996
7629,1943.0999999999988
7630,1984.1000000000001
7631,2026.099999999999
7632,2101.1000000000004
7633,2107.0000000000005
7634,2069.0999999999985
7635,2116.800000000002
7636,2153.2
7637,2202.9999999999986
7638,2196.399999999999
7639,2172.2999999999984
7640,2174.3999999999987
7641,2120.100000000002
7642,2061.8999999999983
7643,1980.6000000000001
7644,1883.9000000000003
7645,1760.8
7646,1673.3000000000002
7647,1614.2999999999993
7648,1599.999999999999
7649,1658.6000000000006
7650,1758.5
7651,1849.0
7652,1905.600000000001
7653,2011.2
7654,2063.799999999998
7655,2080.8000000000006
7656,2046.7
7657,2054.4999999999995
7658,2099.3000000000006
7659,2153.2
7660,2148.599999999999
7661,2154.3000000000006
7662,2196.399999999999
7663,2202.199999999999
7664,2220.899999999999
7665,2123.800000000002
7666,2011.3999999999999
7667,1914.000000000001
7668,1765.2
7669,1722.1
7670,1646.0
7671,1634.3000000000004
7672,1591.8000000000002
7673,1649.3999999999999
7674,1795.699999999999
7675,1873.499999999999
7676,1973.200000000002
7677,2049.2000000000003
7678,2090.8000000000006
7679,2064.599999999998
7680,2140.5000000000005
7681,2155.7000000000003
7682,2176.999999999999
7683,2195.499999999999
7684,2143.3
7685,2178.9
7686,2231.6000000000004
7687,2192.9
7688,2172.9999999999986
7689,2113.6000000000013
7690,2051.3
7691,1930.2999999999997
7692,1833.4000000000008
7693,1740.0999999999992
7694,1684.3000000000009
7695,1665.5000000000002
7696,1567.4999999999998
7697,1597.0999999999995
7698,1726.499999999999
7699,1812.8
7700,1835.200000000001
7701,1835.0000000000011
7702,1882.4000000000003
7703,1935.7999999999995
7704,2009.3000000000004
7705,2017.5999999999995
7706,2007.6000000000001
7707,1985.1999999999998
7708,2067.799999999998
7709,2077.0000000000005
7710,2051.9999999999995
7711,2018.2999999999993
7712,1974.500000000002
7713,1930.6999999999998
7714,1761.1999999999998
7715,1673.3000000000002
7716,1561.1999999999994
7717,1453.9000000000003
7718,1366.3999999999996
7719,1289.0999999999995
7720,1290.2999999999993
7721,1280.2999999999993
7722,1372.1999999999998
7723,1395.799999999999
7724,1398.1999999999994
7725,1409.4999999999995
7726,1429.3
7727,1490.3999999999992
7728,1450.0000000000005
7729,1430.8
7730,1463.5
7731,1576.1000000000006
7732,1650.8000000000004
7733,1636.1000000000008
7734,1710.6000000000006
7735,1665.6000000000001
7736,1680.3000000000004
7737,1628.0000000000011
7738,1701.8000000000002
7739,1724.1999999999996
7740,1635.3000000000004
7741,1578.8000000000009
7742,1547.3999999999996
7743,1540.8000000000004
7744,1622.3000000000009
7745,1661.6000000000001
7746,1725.6999999999991
7747,1826.0000000000002
7748,1851.9999999999998
7749,1857.2999999999988
7750,1952.0000000000005
7751,1972.500000000002
7752,2089.6
7753,2123.700000000002
7754,2126.5000000000014
7755,2131.300000000001
7756,2058.1999999999994
7757,2077.0000000000005
7758,2069.199999999999
7759,2056.4999999999995
7760,2074.7999999999997
7761,2077.8000000000006
7762,2068.9999999999986
7763,1947.4999999999995
7764,1840.3000000000004
7765,1749.6999999999994
7766,1643.5999999999997
7767,1567.1999999999998
7768,1592.2
7769,1633.7000000000005
7770,1744.7999999999988
7771,1851.6999999999998
7772,1918.5000000000007
7773,1946.5999999999995
7774,1950.6000000000004
7775,1991.5999999999992
7776,1909.8000000000009
7777,1960.7000000000012
7778,2045.7
7779,2044.8000000000002
7780,2019.2999999999988
7781,2060.9999999999986
7782,2027.5999999999992
7783,2072.8999999999996
7784,2100.0000000000005
7785,2028.3999999999987
7786,1905.700000000001
7787,1795.699999999999
7788,1658.2000000000007
7789,1496.4999999999993
7790,1384.8999999999996
7791,1447.8000000000009
7792,1387.3999999999996
7793,1474.3000000000004
7794,1551.3999999999999
7795,1636.9000000000008
7796,1675.1999999999998
7797,1658.4000000000008
7798,1696.7000000000003
7799,1726.299999999999
7800,1722.0
7801,1760.8
7802,1765.2
7803,1829.700000000001
7804,1887.7
7805,1973.4000000000021
7806,1984.8999999999999
7807,1993.8999999999994
7808,1979.2000000000007
7809,1955.3000000000004
7810,1855.7999999999993
7811,1829.700000000001
7812,1710.1000000000006
7813,1643.7999999999995
7814,1611.9999999999989
7815,1626.000000000001
7816,1592.8999999999996
7817,1613.699999999999
7818,1666.5000000000002
7819,1747.3999999999992
7820,1817.0
7821,1947.1999999999996
7822,2025.3999999999992
7823,2063.599999999998
7824,2142.4
7825,2164.499999999999
7826,2116.1000000000017
7827,2163.6999999999994
7828,2211.0999999999985
7829,2290.8999999999987
7830,2337.5000000000005
7831,2337.5000000000005
7832,2377.1
7833,2349.4
7834,2275.900000000002
7835,2147.199999999999
7836,2078.400000000001
7837,2028.3999999999987
7838,1939.6999999999991
7839,1912.800000000001
7840,1917.500000000001
7841,1985.3999999999996
7842,1980.1000000000006
7843,1988.9999999999995
7844,1968.3000000000022
7845,2033.999999999999
7846,2040.7999999999997
7847,2129.200000000001
7848,2228.1
7849,2243.4000000000015
7850,2210.9999999999986
7851,2225.2999999999993
7852,2248.500000000001
7853,2231.9000000000005
7854,2203.799999999999
7855,2208.699999999999
7856,2155.7000000000003
7857,2104.400000000001
7858,2031.3999999999983
7859,1886.6999999999998
7860,1804.9999999999995
7861,1707.7000000000003
7862,1654.6000000000004
7863,1599.499999999999
7864,1534.0000000000011
7865,1482.6000000000001
7866,1443.1000000000006
7867,1417.0
7868,1424.2999999999997
7869,1371.6999999999998
7870,1391.5999999999992
7871,1408.1999999999998
7872,1434.8000000000004
7873,1392.799999999999
7874,1441.1000000000008
7875,1441.8000000000006
7876,1400.4999999999993
7877,1394.2999999999993
7878,1416.9
7879,1373.3999999999999
7880,1340.9000000000008
7881,1311.8999999999994
7882,1267.8999999999994
7883,1173.9999999999998
7884,1048.1999999999996
7885,975.4999999999999
7886,884.4000000000004
7887,867.3
7888,832.6999999999997
7889,893.5000000000002
7890,1000.5000000000002
7891,1075.0000000000007
7892,1071.1000000000006
7893,1052.4999999999998
7894,1099.9000000000003
7895,1161.6999999999998
7896,1141.9999999999998
7897,1137.6
7898,1188.3000000000004
7899,1233.2000000000003
7900,1224.6000000000001
7901,1204.4
7902,1174.6999999999998
7903,1176.9999999999998
7904,1087.5000000000005
7905,1057.3999999999999
7906,964.6999999999995
7907,885.6000000000004
7908,844.1999999999998
7909,762.8000000000004
7910,720.4999999999997
7911,658.8000000000001
7912,663.7000000000004
7913,741.2999999999995
7914,789.2000000000005
7915,766.9000000000007
7916,790.2000000000005
7917,800.0999999999997
7918,773.6000000000007
7919,794.8000000000001
7920,824.6999999999998
7921,858.2
7922,879.3000000000003
7923,892.4000000000004
7924,970.8999999999995
7925,993.8000000000002
7926,992.0000000000005
7927,1045.3
7928,1085.7000000000005
7929,1133.3999999999994
7930,1111.0999999999995
7931,1078.9000000000005
7932,1038.3
7933,1007.1000000000003
7934,1010.4999999999999
7935,1037.9999999999998
7936,1075.8000000000009
7937,1143.1999999999998
7938,1193.7000000000007
7939,1205.1999999999998
7940,1322.2000000000005
7941,1348.200000000001
7942,1367.9999999999995
7943,1372.1999999999998
7944,1373.6
7945,1418.3999999999999
7946,1407.9999999999998
7947,1470.0000000000002
7948,1530.2000000000014
7949,1562.3999999999992
7950,1549.6000000000001
7951,1548.0999999999995
7952,1531.1000000000013
7953,1508.4
7954,1513.4999999999998
7955,1442.3000000000009
7956,1344.0000000000005
7957,1301.0999999999997
7958,1313.5
7959,1288.7999999999993
7960,1280.499999999999
7961,1411.6999999999996
7962,1443.800000000001
7963,1569.0000000000002
7964,1582.1000000000008
7965,1633.3000000000006
7966,1691.7000000000003
7967,1691.1000000000004
7968,1692.1000000000006
7969,1715.7000000000012
7970,1739.499999999999
7971,1814.8000000000002
7972,1850.0999999999997
7973,1877.5999999999992
7974,1824.000000000001
7975,1904.6000000000008
7976,1978.300000000001
7977,1972.700000000002
7978,1929.1
7979,1905.3000000000009
7980,1833.4000000000008
7981,1797.1999999999991
7982,1761.6999999999998
7983,1770.2000000000003
7984,1741.799999999999
7985,1837.0000000000005
7986,1953.8000000000006
7987,2024.2999999999993
7988,2065.8999999999983
7989,2073.6
7990,2124.300000000002
7991,2153.7000000000003
7992,2169.2999999999997
7993,2227.2
7994,2245.600000000001
7995,2245.600000000001
7996,2262.800000000001
7997,2219.999999999999
7998,2170.699999999999
7999,2130.400000000001
8000,2104.3000000000006
8001,2149.199999999999
8002,2098.9000000000005
8003,2105.100000000001
8004,1988.6999999999991
8005,1820.7000000000007
8006,1755.1999999999994
8007,1689.5000000000005
8008,1669.5999999999997
8009,1724.0999999999997
8010,1759.3999999999999
8011,1796.9999999999989
8012,1828.8000000000006
8013,1802.6999999999996
8014,1861.0999999999988
8015,1864.9999999999986
8016,1859.0999999999988
8017,1805.9000000000003
8018,1833.700000000001
8019,1831.9000000000008
8020,1849.4000000000003
8021,1894.3000000000002
8022,1910.9000000000005
8023,1822.8000000000002
8024,1789.200000000001
8025,1767.0999999999985
8026,1631.0999999999992
8027,1434.6999999999996
8028,1341.0000000000002
8029,1255.9
8030,1110.8
8031,1131.3
8032,1170.6000000000001
8033,1177.1999999999998
8034,1276.1999999999994
8035,1253.6000000000001
8036,1286.3000000000002
8037,1344.9000000000005
8038,1320.3000000000004
8039,1304.1
8040,1300.9999999999998
8041,1325.6000000000001
8042,1364.3000000000004
8043,1489.3999999999992
8044,1526.600000000001
8045,1529.900000000001
8046,1535.6000000000006
8047,1667.000000000001
8048,1677.3000000000004
8049,1623.3999999999996
8050,1600.1
8051,1602.8
8052,1474.6000000000001
8053,1444.6000000000006
8054,1347.2000000000005
8055,1335.700000000001
8056,1406.1000000000001
8057,1505.9999999999984
8058,1573.5000000000002
8059,1626.7999999999988
8060,1713.800000000001
8061,1777.8999999999992
8062,1833.2000000000007
8063,1868.199999999999
8064,1885.8999999999994
8065,1968.6999999999991
8066,2041.9000000000003
8067,2093.999999999999
8068,2076.9000000000005
8069,2033.2000000000003
8070,2061.4000000000015
8071,2043.8999999999999
8072,2076.4000000000005
8073,2072.0
8074,2071.0999999999995
8075,2023.4000000000003
8076,2012.9999999999993
8077,1943.3999999999999
8078,1945.7999999999995
8079,1897.8
8080,1937.0999999999995
8081,1925.2000000000012
8082,1991.8999999999999
8083,2028.3000000000009
8084,2169.3999999999987
8085,2239.2
8086,2262.899999999999
8087,2347.499999999999
8088,2379.2
8089,2435.4000000000005
8090,2407.2
8091,2379.2999999999997
8092,2350.5
8093,2324.3999999999983
8094,2231.1999999999994
8095,2176.7999999999997
8096,2182.9999999999995
8097,2148.400000000001
8098,2024.0000000000002
8099,1918.700000000001
8100,1899.3000000000004
8101,1826.9000000000003
8102,1752.3999999999985
8103,1688.1
8104,1715.3000000000009
8105,1706.8000000000004
8106,1710.7000000000007
8107,1716.4000000000008
8108,1697.8000000000004
8109,1614.1000000000006
8110,1618.6999999999996
8111,1598.4999999999998
8112,1651.6000000000013
8113,1675.1000000000004
8114,1753.9999999999986
8115,1757.7999999999986
8116,1766.9999999999984
8117,1731.2999999999995
8118,1744.999999999999
8119,1782.3999999999994
8120,1889.1999999999996
8121,1920.400000000001
8122,1948.7000000000003
8123,1917.8000000000004
8124,1934.6
8125,1888.6999999999998
8126,1923.7000000000014
8127,1961.5999999999997
8128,2007.0000000000002
8129,2073.7000000000003
8130,2227.0999999999995
8131,2295.7000000000003
8132,2401.2000000000003
8133,2471.300000000003
8134,2483.7
8135,2571.2999999999997
8136,2620.4999999999995
8137,2742.4000000000005
8138,2666.5000000000023
8139,2574.7
8140,2522.6000000000004
8141,2480.200000000001
8142,2475.8000000000025
8143,2498.8999999999996
8144,2486.5999999999995
8145,2452.399999999999
8146,2388.5000000000014
8147,2245.6999999999985
8148,2169.3999999999987
8149,2030.6000000000001
8150,1948.9000000000003
8151,1862.999999999999
8152,1892.1000000000006
8153,1940.8
8154,1977.9999999999995
8155,2008.3999999999999
8156,2026.2000000000003
8157,2053.000000000001
8158,2041.1000000000001
8159,2047.6000000000006
8160,2053.500000000001
8161,2029.8000000000006
8162,2056.4
8163,2075.6000000000004
8164,2098.399999999999
8165,2174.1999999999994
8166,2143.900000000002
8167,2183.5
8168,2212.099999999999
8169,2214.4000000000005
8170,2245.8999999999983
8171,2229.1
8172,2164.7999999999993
8173,2206.9
8174,2208.1
8175,2205.2000000000003
8176,2212.8999999999996
8177,2205.2000000000003
8178,2238.2
8179,2209.1
8180,2251.4999999999995
8181,2365.7000000000003
8182,2501.7999999999997
8183,2576.899999999999
8184,2605.2999999999993
8185,2620.4999999999995
8186,2559.8000000000006
8187,2483.7
8188,2375.0
8189,2381.0000000000005
8190,2360.4999999999995
8191,2295.7000000000003
8192,2301.000000000001
8193,2281.9
8194,2243.4
8195,2259.499999999999
8196,2140.500000000001
8197,1990.6999999999996
8198,1828.8000000000006
8199,1787.1000000000006
8200,1714.3000000000009
8201,1843.0000000000002
8202,1864.899999999999
8203,1898.8000000000002
8204,1900.8000000000002
8205,1872.1999999999996
8206,1968.9999999999995
8207,1935.4999999999998
8208,2011.2999999999995
8209,2048.4000000000005
8210,2091.899999999999
8211,2082.0000000000005
8212,2181.4999999999995
8213,2050.3000000000006
8214,2038.4000000000008
8215,1998.5000000000002
8216,2090.9999999999995
8217,2046.5000000000002
8218,1912.4000000000008
8219,1781.8999999999994
8220,1662.8000000000009
8221,1535.7000000000005
8222,1401.7000000000003
8223,1305.3999999999999
8224,1308.6999999999998
8225,1323.4000000000005
8226,1308.4999999999998
8227,1348.3999999999999
8228,1323.6000000000006
8229,1353.7999999999997
8230,1305.1
8231,1295.5
8232,1393.6999999999991
8233,1369.4
8234,1372.6000000000001
8235,1385.4999999999995
8236,1411.6000000000004
8237,1469.6
8238,1411.8000000000002
8239,1460.1000000000004
8240,1413.6
8241,1483.6
8242,1389.8999999999992
8243,1369.8
8244,1315.8000000000004
8245,1300.9999999999998
8246,1275.099999999999
8247,1329.6000000000004
8248,1248.7000000000003
8249,1338.8000000000006
8250,1438.4000000000003
8251,1510.1999999999994
8252,1607.8000000000006
8253,1654.5000000000014
8254,1725.0
8255,1828.1000000000004
8256,1881.3000000000004
8257,1991.3
8258,1898.8000000000002
8259,1893.5000000000007
8260,1867.2999999999993
8261,1860.3999999999992
8262,1940.6
8263,1883.0
8264,1873.2999999999995
8265,1865.9999999999989
8266,1852.4999999999998
8267,1807.3000000000002
8268,1800.2000000000012
8269,1807.2
8270,1840.6
8271,1830.2000000000005
8272,1764.8999999999985
8273,1750.7999999999984
8274,1754.9999999999984
8275,1761.3999999999987
8276,1785.7000000000005
8277,1795.400000000001
8278,1953.4
8279,1967.3999999999992
8280,2002.8999999999992
8281,1994.2999999999997
8282,1995.4999999999995
8283,1995.8
8284,2036.8000000000009
8285,2072.3
8286,2170.199999999999
8287,2194.000000000001
8288,2209.7
8289,2247.499999999999
8290,2263.1999999999994
8291,2305.6000000000013
8292,2385.4000000000005
8293,2369.9
8294,2399.2000000000003
8295,2359.6
8296,2354.599999999999
8297,2409.9999999999986
8298,2527.9
8299,2515.3
8300,2509.5999999999995
8301,2476.100000000002
8302,2556.5
8303,2621.4
8304,2641.8
8305,2755.000000000002
8306,2766.8000000000006
8307,2711.1999999999985
8308,2634.3
8309,2617.7999999999993
8310,2569.4999999999995
8311,2537.9999999999995
8312,2549.199999999999
8313,2578.4
8314,2578.6000000000004
8315,2484.4999999999995
8316,2444.3
8317,2396.2000000000003
8318,2407.8999999999996
8319,2410.9999999999986
8320,2377.9
8321,2438.1999999999994
8322,2603.299999999999
8323,2607.5999999999995
8324,2670.9000000000015
8325,2625.9999999999986
8326,2582.1
8327,2698.499999999999
8328,2819.700000000001
8329,2852.3000000000006
8330,2892.0000000000014
8331,2863.2999999999997
8332,2894.2000000000016
8333,2936.199999999999
8334,2919.400000000001
8335,2877.299999999998
8336,2796.1999999999994
8337,2816.000000000001
8338,2775.6999999999985
8339,2722.9999999999986
8340,2669.200000000002
8341,2593.7
8342,2556.0
8343,2500.0999999999995
8344,2509.199999999999
8345,2506.1999999999994
8346,2530.8
8347,2522.9000000000005
8348,2549.8999999999996
8349,2634.7
8350,2621.4
8351,2637.8000000000006
8352,2698.499999999999
8353,2749.8000000000006
8354,2767.8
8355,2829.2999999999997
8356,2890.1000000000013
8357,2874.2999999999984
8358,2812.0000000000014
8359,2833.0
8360,2842.2000000000003
8361,2852.2000000000007
8362,2861.4
8363,2716.2999999999975
8364,2634.7
8365,2606.599999999999
8366,2601.0999999999995
8367,2612.7
8368,2635.8
8369,2640.7000000000003
8370,2646.7000000000016
8371,2612.1
8372,2496.3999999999996
8373,2539.0999999999995
8374,2549.5999999999995
8375,2573.599999999999
8376,2626.999999999999
8377,2721.9999999999986
8378,2645.000000000001
8379,2604.799999999999
8380,2654.8000000000034
8381,2690.099999999999
8382,2688.5999999999995
8383,2581.7999999999997
8384,2561.5000000000005
8385,2508.399999999999
8386,2389.500000000002
8387,2399.4000000000005
8388,2311.800000000001
8389,2207.5
8390,2125.1999999999994
8391,2065.2000000000007
8392,2089.2999999999997
8393,2115.2999999999997
8394,2145.6000000000017
8395,2099.499999999999
8396,2146.300000000002
8397,2176.3999999999996
8398,2149.500000000001
8399,2260.7999999999997
8400,2298.2000000000007
8401,2321.399999999999
8402,2278.5000000000005
8403,2224.7
8404,2237.1000000000004
8405,2290.1000000000013
8406,2286.0
8407,2362.7999999999997
8408,2346.4999999999986
8409,2354.699999999999
8410,2328.7999999999984
8411,2331.0999999999976
8412,2263.899999999999
8413,2284.7999999999997
8414,2268.0
8415,2324.999999999998
8416,2252.6
8417,2329.6999999999985
8418,2387.4000000000015
8419,2403.6
8420,2381.1000000000004
8421,2363.9
8422,2378.6
8423,2404.7999999999997
8424,2406.5
8425,2373.7000000000003
8426,2291.2000000000007
8427,2322.799999999999
8428,2388.700000000001
8429,2378.9
8430,2377.2000000000007
8431,2391.9000000000005
8432,2408.6999999999994
8433,2360.4999999999995
8434,2287.3000000000006
8435,2242.7
8436,2219.2
8437,2179.3999999999996
8438,2198.7000000000003
8439,2210.1
8440,2228.9999999999995
8441,2270.8000000000006
8442,2241.0000000000005
8443,2252.2
8444,2296.7000000000007
8445,2262.2999999999993
8446,2206.4
8447,2188.2000000000007
8448,2127.8999999999987
8449,2065.000000000001
8450,2070.9999999999995
8451,2082.3000000000006
8452,2027.5000000000007
8453,2154.1999999999994
8454,2225.1
8455,2269.1000000000004
8456,2311.2000000000007
8457,2343.2999999999993
8458,2360.4999999999995
8459,2356.8999999999983
8460,2295.4
8461,2361.2
8462,2366.5000000000005
8463,2419.5000000000005
8464,2431.2000000000007
8465,2425.2000000000003
8466,2517.2
8467,2505.3999999999996
8468,2491.9
8469,2556.0
8470,2604.899999999999
8471,2609.9999999999995
8472,2665.1000000000017
8473,2691.7999999999984
8474,2733.3999999999987
8475,2741.6000000000004
8476,2636.8000000000006
8477,2625.499999999999
8478,2579.7
8479,2506.8999999999996
8480,2501.6999999999994
8481,2450.5999999999995
8482,2339.4999999999995
8483,2206.2
8484,2084.5
8485,2085.7
8486,1918.700000000001
8487,1831.9000000000008
8488,1726.5999999999997
8489,1782.1999999999994
8490,1808.9000000000003
8491,1852.8999999999994
8492,1778.9999999999993
8493,1698.0000000000002
8494,1653.0000000000011
8495,1667.3000000000006
8496,1629.899999999999
8497,1571.800000000001
8498,1597.0999999999997
8499,1537.0000000000002
8500,1531.5000000000005
8501,1606.2000000000003
8502,1668.4000000000003
8503,1730.3999999999996
8504,1752.0999999999985
8505,1767.6999999999985
8506,1713.7000000000012
8507,1649.500000000001
8508,1642.9000000000003
8509,1621.4999999999998
8510,1512.1000000000006
8511,1430.2
8512,1466.4
8513,1607.6000000000006
8514,1658.1000000000008
8515,1768.5999999999985
8516,1809.2000000000003
8517,1792.4000000000012
8518,1846.3000000000002
8519,1891.1000000000004
8520,1972.5999999999997
8521,2086.0
8522,2092.5999999999995
8523,2160.399999999999
8524,2111.899999999999
8525,2044.7000000000003
8526,2079.0
8527,2029.4000000000008
8528,2030.9
8529,2014.9999999999995
8530,1902.2000000000003
8531,1874.2999999999997
8532,1796.6000000000013
8533,1712.600000000001
8534,1615.0000000000002
8535,1608.5000000000002
8536,1654.6000000000013
8537,1649.500000000001
8538,1720.4000000000008
8539,1775.4999999999993
8540,1679.9
8541,1713.800000000001
8542,1736.6000000000001
8543,1648.0000000000007
8544,1658.3000000000009
8545,1609.3000000000006
8546,1548.7000000000003
8547,1552.2000000000003
8548,1595.8999999999992
8549,1621.0999999999997
8550,1652.2000000000012
8551,1663.8000000000009
8552,1655.800000000001
8553,1658.1000000000008
8554,1584.1999999999987
8555,1529.900000000001
8556,1521.8000000000013
8557,1528.0000000000011
8558,1484.8
8559,1444.2000000000005
8560,1442.000000000001
8561,1407.4
8562,1422.6
8563,1369.0
8564,1446.3000000000004
8565,1463.1000000000006
8566,1527.900000000001
8567,1524.3000000000013
8568,1540.9000000000003
8569,1606.7000000000003
8570,1565.900000000001
8571,1496.5999999999988
8572,1471.2999999999995
8573,1474.4000000000003
8574,1456.0000000000005
8575,1421.5
8576,1412.4000000000003
8577,1398.8999999999999
8578,1404.8
8579,1386.7999999999993
8580,1404.8
8581,1354.2999999999997
8582,1331.9000000000008
8583,1293.1
8584,1246.5000000000007
8585,1313.5999999999997
8586,1392.2999999999993
8587,1410.8000000000002
8588,1410.8000000000002
8589,1465.2000000000003
8590,1464.4000000000005
8591,1450.1000000000004
8592,1416.3
8593,1450.1000000000004
8594,1461.5000000000002
8595,1473.4000000000003
8596,1494.799999999999
8597,1503.4999999999984
8598,1476.0999999999997
8599,1450.0000000000002
8600,1453.1000000000008
8601,1458.3000000000004
8602,1485.8999999999996
8603,1425.9
8604,1311.8
8605,1306.1999999999996
8606,1323.4000000000005
8607,1218.8
8608,1236.8000000000009
8609,1307.7999999999995
8610,1334.600000000001
8611,1337.500000000001
8612,1312.5999999999997
8613,1371.2999999999997
8614,1376.9000000000005
8615,1389.399999999999
8616,1437.5
8617,1436.1999999999998
8618,1416.2
8619,1336.200000000001
8620,1413.8999999999999
8621,1392.2999999999993
8622,1428.2
8623,1478.9
8624,1490.5999999999995
8625,1434.0999999999997
8626,1377.3000000000004
8627,1285.4
8628,1252.8999999999999
8629,1231.3000000000006
8630,1176.8999999999999
8631,1170.8000000000002
8632,1248.5000000000002
8633,1364.5000000000005
8634,1366.6000000000004
8635,1385.8999999999994
8636,1442.5000000000007
8637,1478.7000000000003
8638,1506.7999999999986
8639,1430.5
8640,1512.1000000000006
8641,1529.800000000001
8642,1512.0000000000007
8643,1529.2000000000007
8644,1533.3000000000006
8645,1550.5000000000005
8646,1583.4999999999989
8647,1584.9999999999984
8648,1575.6
8649,1528.2000000000012
8650,1448.8000000000004
8651,1479.9999999999998
8652,1451.3000000000006
8653,1370.1999999999998
8654,1374.6000000000006
8655,1399.7999999999997
8656,1402.9
8657,1468.4
8658,1468.7
8659,1439.7000000000005
8660,1513.1000000000006
8661,1556.3000000000002
8662,1596.7999999999997
8663,1673.7000000000003
8664,1777.2999999999993
8665,1743.8999999999985
8666,1780.5999999999992
8667,1761.8999999999987
8668,1754.9999999999984
8669,1750.0999999999985
8670,1763.1999999999985
8671,1746.7999999999988
8672,1778.2999999999993
8673,1764.3999999999987
8674,1749.2999999999988
8675,1722.6000000000001
8676,1661.300000000001
8677,1748.9999999999989
8678,1667.8000000000004
8679,1592.3999999999987
8680,1577.1
8681,1640.9000000000003
8682,1704.9
8683,1655.9000000000012
8684,1717.6000000000008
8685,1739.0999999999995
8686,1684.1
8687,1753.0999999999988
8688,1739.5999999999992
8689,1738.7999999999993
8690,1790.000000000001
8691,1814.2999999999997
8692,1781.6999999999991
8693,1798.6000000000015
8694,1790.8000000000009
8695,1824.3000000000004
8696,1871.4999999999993
8697,1838.500000000001
8698,1898.9
8699,1913.500000000001
8700,1868.399999999999
8701,1847.0000000000005
8702,1835.8000000000006
8703,1785.1000000000006
8704,1787.0000000000005
8705,1886.4999999999993
8706,1860.3999999999992
8707,1919.4000000000008
8708,1964.6999999999996
8709,2032.8
8710,2066.3000000000006
8711,2144.000000000002
8712,2054.400000000001
8713,2046.8000000000002
8714,2008.9999999999995
8715,2071.8
8716,2120.2999999999993
8717,2070.4999999999995
8718,2075.0000000000005
8719,2018.3
8720,2032.3
8721,2019.5000000000002
8722,1905.5999999999992
8723,1846.8000000000004
8724,1751.0999999999988
8725,1658.8000000000009
8726,1647.9000000000008
8727,1671.8000000000004
8728,1644.9000000000003
8729,1714.7000000000012
8730,1729.4
8731,1713.0000000000011
8732,1692.0
8733,1732.6999999999994
8734,1754.2999999999986
8735,1724.8999999999999
8736,1722.4
8737,1618.6999999999996
8738,1646.9
8739,1686.8999999999999
8740,1752.0999999999985
8741,1663.9000000000008
8742,1686.4
8743,1670.1000000000004
8744,1680.6999999999998
8745,1613.5000000000005
8746,1430.6
8747,1320.9000000000008
8748,1237.9000000000008
8749,1126.0999999999992
8750,1106.5000000000005
8751,1147.3999999999996
8752,1134.6000000000001
8753,1146.2999999999995
8754,1184.5000000000002
8755,1240.3000000000009
8756,1197.4999999999993
8757,1202.7999999999995
8758,1222.9
8759,1323.1000000000006
8760,1314.1
