hour,trnsys_heating_demand_kwh_h,trnsys_cooling_demand_kwh_h
1,0.0,0.0
2,0.0,0.0
3,0.0,0.0
4,0.0,0.0
5,0.0,0.0
6,0.0,0.0
7,0.0,0.0
8,9.34771698146111,0.0
9,12.88725367958913,0.0
10,12.175203182229298,0.0
11,11.778528191968247,0.0
12,11.825525179137637,0.0
13,11.839688588939008,0.0
14,12.089035928574456,0.0
15,12.545800221687895,0.0
16,13.162658167783714,0.0
17,13.838828387017056,0.0
18,14.260006534713758,0.0
19,14.50481259460832,0.0
20,14.579782824726037,0.0
21,14.600308916347803,0.0
22,14.62022398802476,0.0
23,14.766664709276407,0.0
24,15.08971162259713,0.0
25,2.66054390144743,0.0
26,0.09887357520161849,0.0
27,1.1598125440552474,0.0
28,1.9118231296305424,0.0
29,2.504907639692691,0.0
30,3.0079111037859954,0.0
31,3.493576069683234,0.0
32,17.179373117172734,0.0
33,21.941626650889276,0.0
34,20.94604144919676,0.0
35,20.255170656558413,0.0
36,19.70798923979139,0.0
37,19.316556889070352,0.0
38,19.09827377719902,0.0
39,19.034412644248423,0.0
40,19.110732957368544,0.0
41,19.34758851397566,0.0
42,19.461910490481387,0.0
43,19.515943977760447,0.0
44,19.564536964311817,0.0
45,19.661170524208597,0.0
46,19.791745692778115,0.0
47,19.99439044080015,0.0
48,20.28422296597272,0.0
49,6.30349207401721,0.0
50,3.74953770124288,0.0
51,4.83364603007943,0.0
52,5.585557559113642,0.0
53,6.205174932380581,0.0
54,6.7875193664608044,0.0
55,7.315145631826704,0.0
56,22.7534629702296,0.0
57,27.258735691200055,0.0
58,21.70151660999001,0.0
59,19.12729097031327,0.0
60,17.140412750175454,0.0
61,16.577241507341185,0.0
62,15.108683414308059,0.0
63,13.949422520525095,0.0
64,14.838384544527637,0.0
65,18.674722513620615,0.0
66,19.691443744841227,0.0
67,20.19481175093817,0.0
68,20.50106679701893,0.0
69,20.798520578396264,0.0
70,21.108517576564086,0.0
71,21.497821267029696,0.0
72,21.903829811333907,0.0
73,7.442350208748232,0.0
74,4.933632158753842,0.0
75,6.031181213268848,0.0
76,6.836393946481273,0.0
77,7.494411826577391,0.0
78,8.079348996306063,0.0
79,8.611329037342811,0.0
80,24.630303550936535,0.0
81,28.73712436402305,0.0
82,23.982653500638783,0.0
83,21.134847216722353,0.0
84,20.242311061562617,0.0
85,19.285635807804674,0.0
86,17.87374805339878,0.0
87,16.176457522626507,0.0
88,16.379766114858697,0.0
89,19.303069507130942,0.0
90,21.216380410599232,0.0
91,22.075734787053047,0.0
92,22.75731449080769,0.0
93,23.313329057166587,0.0
94,23.801090699488437,0.0
95,24.117468134619944,0.0
96,24.371167221861377,0.0
97,8.981321156092115,0.0
98,6.493674658393971,0.0
99,7.732239145942828,0.0
100,8.652771660849867,0.0
101,9.292511220522577,0.0
102,9.70677720768798,0.0
103,10.026324143610687,0.0
104,26.431260227634702,0.0
105,31.884562860560806,0.0
106,29.29798592933016,0.0
107,27.90539675109696,0.0
108,26.87580026016793,0.0
109,23.933082360291962,0.0
110,23.739202100992074,0.0
111,24.00116302506164,0.0
112,25.336159862463624,0.0
113,26.30041754079908,0.0
114,26.659538064407418,0.0
115,26.81102018667987,0.0
116,26.989544074438736,0.0
117,27.23167512301946,0.0
118,27.460755348556006,0.0
119,27.572824941638622,0.0
120,27.61568814205357,0.0
121,10.979072975691516,0.0
122,8.246517859928321,0.0
123,9.202231081471425,0.0
124,9.850196469141565,0.0
125,10.31500969047519,0.0
126,10.631299351344925,0.0
127,10.865132421457552,0.0
128,27.51793706455238,0.0
129,32.83054414176991,0.0
130,30.95390121992308,0.0
131,29.465099221618246,0.0
132,28.316794823737524,0.0
133,27.431796229054655,0.0
134,26.869379291994207,0.0
135,26.63080577294981,0.0
136,26.53248372971999,0.0
137,26.410220035873742,0.0
138,26.069967969564598,0.0
139,25.664956453795988,0.0
140,25.323192172932153,0.0
141,25.15285565955293,0.0
142,25.00986033222958,0.0
143,24.827046534611753,0.0
144,24.592624522304064,0.0
145,8.737849190670385,0.0
146,5.8523352051020545,0.0
147,6.65657785916296,0.0
148,7.167501630281768,0.0
149,7.529076297252273,0.0
150,7.817942071209524,0.0
151,8.054267929583773,0.0
152,23.647095431631396,0.0
153,28.71943702446615,0.0
154,27.09583402010053,0.0
155,25.553788232681935,0.0
156,24.432601662503927,0.0
157,23.958198871737856,0.0
158,23.12269741510917,0.0
159,22.79116291029682,0.0
160,22.81676302130575,0.0
161,23.063797022354425,0.0
162,23.10025271006364,0.0
163,22.992600692349473,0.0
164,22.69105465964761,0.0
165,22.358063588208612,0.0
166,22.028018388359037,0.0
167,21.786341389343022,0.0
168,21.68720597913373,0.0
169,6.761790236556747,0.0
170,3.934310233980496,0.0
171,4.731280659960353,0.0
172,5.215885956473745,0.0
173,5.547819863795075,0.0
174,5.788873346975791,0.0
175,5.975246721856303,0.0
176,20.682843302936824,0.0
177,25.491589118727205,0.0
178,23.995446292839738,0.0
179,22.573260011547234,0.0
180,21.405177043206123,0.0
181,20.582527041477597,0.0
182,20.080592113233823,0.0
183,19.976055299762415,0.0
184,20.17004191495201,0.0
185,20.17717726881329,0.0
186,19.920462913440364,0.0
187,19.619870606137376,0.0
188,19.57061441711464,0.0
189,19.632932763412235,0.0
190,19.706824317144136,0.0
191,19.630976280213115,0.0
192,19.334767767693638,0.0
193,4.991313047548642,0.0
194,2.058902416571113,0.0
195,2.891381131163394,0.0
196,3.4997076676353918,0.0
197,3.973567594967939,0.0
198,4.362152239696087,0.0
199,4.692332742229304,0.0
200,18.92839905369149,0.0
201,23.486026779732217,0.0
202,21.859555231868924,0.0
203,20.93219023680412,0.0
204,20.094542595692957,0.0
205,19.474112748024677,0.0
206,19.0367439358061,0.0
207,18.77133860756357,0.0
208,18.705725000604378,0.0
209,18.8194968848727,0.0
210,18.836361646081595,0.0
211,18.75303454849814,0.0
212,18.63913358610216,0.0
213,18.50126929892729,0.0
214,18.351817791929925,0.0
215,18.25835625965844,0.0
216,18.221270877191564,0.0
217,4.472630906953313,0.0
218,1.6740311152941285,0.0
219,2.5452561628560293,0.0
220,3.1093540561701145,0.0
221,3.5216614784335896,0.0
222,3.857368914103936,0.0
223,4.130855591441351,0.0
224,17.883559112948998,0.0
225,22.31137881835715,0.0
226,20.792854946340633,0.0
227,19.65716666552973,0.0
228,18.759167283464553,0.0
229,18.073142381093,0.0
230,17.6398484942449,0.0
231,17.414466783455087,0.0
232,17.387872262080048,0.0
233,17.50235625321706,0.0
234,17.501014402013226,0.0
235,17.449132150918846,0.0
236,17.441430786199156,0.0
237,17.490240415065102,0.0
238,17.565042340933132,0.0
239,17.626029960611334,0.0
240,17.673810524030745,0.0
241,4.1445975920090135,0.0
242,1.4915452184712517,0.0
243,2.531579519269621,0.0
244,3.2693361939974825,0.0
245,3.7233294437019024,0.0
246,4.018149373004805,0.0
247,4.247447400293918,0.0
248,18.096896432272114,0.0
249,22.705224434097907,0.0
250,21.271809972266677,0.0
251,20.4489466041128,0.0
252,19.666288580080046,0.0
253,19.07338548051528,0.0
254,18.684473106330987,0.0
255,18.593391590491382,0.0
256,18.766877016828364,0.0
257,19.157722203840766,0.0
258,19.522133423848445,0.0
259,19.82507621338442,0.0
260,20.05574806893531,0.0
261,20.20920772357865,0.0
262,20.243197747423366,0.0
263,20.192081382034285,0.0
264,20.07608672964969,0.0
265,5.730857701119975,0.0
266,3.0965985991313527,0.0
267,4.253816123969898,0.0
268,5.1363128357945484,0.0
269,5.844340978385331,0.0
270,6.395820865104162,0.0
271,6.850556932053773,0.0
272,22.233856042608895,0.0
273,27.307108104246996,0.0
274,25.619068190227694,0.0
275,24.327058750203037,0.0
276,19.635205985761395,0.0
277,18.62939085244466,0.0
278,17.987862786167558,0.0
279,16.26100716663477,0.0
280,19.583339153595702,0.0
281,21.03195991059112,0.0
282,21.93776844102662,0.0
283,22.562892649821386,0.0
284,23.109099966592133,0.0
285,23.620697742824646,0.0
286,24.06286358725455,0.0
287,24.443089346702845,0.0
288,24.811518715205658,0.0
289,9.156347317694543,0.0
290,6.613494846047348,0.0
291,7.758437539883744,0.0
292,8.617003385571312,0.0
293,9.359867545011415,0.0
294,10.016190616032915,0.0
295,10.571473415804794,0.0
296,27.57128279207472,0.0
297,32.997495682240924,0.0
298,30.809616708085514,0.0
299,29.32448518124187,0.0
300,28.173713301157616,0.0
301,27.398507847087025,0.0
302,27.131360500749572,0.0
303,26.72086675575062,0.0
304,26.482873858814035,0.0
305,26.525001098318796,0.0
306,26.57731275673072,0.0
307,26.64151884244819,0.0
308,26.717307275093283,0.0
309,26.775176124399433,0.0
310,26.786576938423863,0.0
311,26.73804880970504,0.0
312,26.613774856229785,0.0
313,10.201701360603126,0.0
314,7.383589595756154,0.0
315,8.254521128634085,0.0
316,8.843058604494221,0.0
317,9.28961236631284,0.0
318,9.646257818613854,0.0
319,9.934345224327227,0.0
320,26.37341480278679,0.0
321,31.663441186117918,0.0
322,29.871929359852437,0.0
323,28.511873483051023,0.0
324,27.407616977968843,0.0
325,26.46182756406944,0.0
326,25.6756126402547,0.0
327,25.04274400965645,0.0
328,24.51680579606368,0.0
329,24.00754874612549,0.0
330,23.365485806389366,0.0
331,22.638512392660655,0.0
332,22.03605744067724,0.0
333,21.530389891085516,0.0
334,21.189617046770696,0.0
335,20.910771538181844,0.0
336,20.651560331970742,0.0
337,6.134964993178938,0.0
338,3.270045955645781,0.0
339,4.088900815251214,0.0
340,4.615478413028606,0.0
341,4.9979849573512585,0.0
342,5.265647681482377,0.0
343,5.481976954934006,0.0
344,19.950659919534793,0.0
345,24.571928540323555,0.0
346,22.771694565969778,0.0
347,21.248499351945707,0.0
348,20.028292289001435,0.0
349,19.19575832906524,0.0
350,19.039834615308006,0.0
351,18.95663265666866,0.0
352,19.111817398960856,0.0
353,19.393275506114314,0.0
354,19.54979214667872,0.0
355,19.410098357561353,0.0
356,18.79354497601766,0.0
357,17.82501116422452,0.0
358,16.825917021165026,0.0
359,16.099369644309757,0.0
360,15.771636279781248,0.0
361,2.9000940681735905,0.0
362,0.11555911218390161,0.0
363,1.0362164940326895,0.0
364,1.7086704044683656,0.0
365,2.3311613435636294,0.0
366,2.9090819445206177,0.0
367,3.426543092997308,0.0
368,17.381901670828928,0.0
369,21.800768931874593,0.0
370,20.133065288905165,0.0
371,19.210104742392065,0.0
372,18.374941232415335,0.0
373,17.740365134232405,0.0
374,17.44079479557245,0.0
375,17.340543072274425,0.0
376,17.37017675309382,0.0
377,17.363059867131046,0.0
378,17.214234448951416,0.0
379,17.014670993672585,0.0
380,17.087596301321295,0.0
381,17.441522964501676,0.0
382,17.897011966244605,0.0
383,18.357268807895284,0.0
384,18.611750949482857,0.0
385,4.760348032321636,0.0
386,2.1657133856962414,0.0
387,3.230640294276139,0.0
388,3.971834463984253,0.0
389,4.510077052005985,0.0
390,4.900026209641412,0.0
391,5.22160697590183,0.0
392,19.721810519541393,0.0
393,24.548876251898797,0.0
394,23.270708046001083,0.0
395,22.1624958968114,0.0
396,21.328524648589664,0.0
397,20.89928564646338,0.0
398,20.931979113270287,0.0
399,20.681499697164245,0.0
400,20.472582407349996,0.0
401,20.292936829609648,0.0
402,20.136418306283932,0.0
403,19.967218814806756,0.0
404,19.968205550580834,0.0
405,20.09094365635476,0.0
406,20.211437930085086,0.0
407,20.201596312710382,0.0
408,19.96093764290706,0.0
409,5.609282917125229,0.0
410,2.730966889055223,0.0
411,3.5804452577736967,0.0
412,4.180087863537814,0.0
413,4.68679199647177,0.0
414,5.113935719072874,0.0
415,5.4699774893690485,0.0
416,19.816818452032212,0.0
417,24.378793139418534,0.0
418,22.774439765824805,0.0
419,21.62435516853456,0.0
420,20.847246654205332,0.0
421,20.349118237664836,0.0
422,20.17505505187565,0.0
423,20.213766307895362,0.0
424,20.33689553791758,0.0
425,20.401802520820418,0.0
426,20.2884213966742,0.0
427,20.05511803366991,0.0
428,19.840208816755325,0.0
429,19.77672614691475,0.0
430,19.678194983293444,0.0
431,19.561508806461223,0.0
432,19.465165280846513,0.0
433,5.388205142599359,0.0
434,2.592365740522946,0.0
435,3.473329744863675,0.0
436,4.079671999308751,0.0
437,4.556474120838328,0.0
438,4.958474659508946,0.0
439,5.326429207805535,0.0
440,19.64755496029557,0.0
441,24.233255940223525,0.0
442,22.772193116461047,0.0
443,21.709110805917863,0.0
444,20.904889635631957,0.0
445,20.232379278443677,0.0
446,19.657971550416935,0.0
447,19.203451399894977,0.0
448,18.965193661045042,0.0
449,19.01144349731848,0.0
450,19.211107141274105,0.0
451,19.34525665852395,0.0
452,19.455201012434188,0.0
453,19.498709187529627,0.0
454,19.52839132334898,0.0
455,19.629612171037337,0.0
456,19.786067352908198,0.0
457,5.651536722279464,0.0
458,2.9663227867801227,0.0
459,3.926322695509508,0.0
460,4.566892456422275,0.0
461,5.0490588476715885,0.0
462,5.428947264909139,0.0
463,5.751422648608511,0.0
464,20.39810514882134,0.0
465,25.195407964167128,0.0
466,23.689684823420823,0.0
467,22.502864379420757,0.0
468,21.485201726465853,0.0
469,20.70653998520788,0.0
470,20.389086487429545,0.0
471,20.41688783551302,0.0
472,20.596854826750956,0.0
473,20.763577458609696,0.0
474,20.719212848274143,0.0
475,20.58441734423231,0.0
476,20.710950033269548,0.0
477,21.137020410632434,0.0
478,21.62887442912055,0.0
479,22.099501765062733,0.0
480,22.446991515932435,0.0
481,7.426095044166569,0.0
482,4.845452114229111,0.0
483,5.948252925204077,0.0
484,6.745479223525196,0.0
485,7.386898886791306,0.0
486,7.944192455279884,0.0
487,8.44944471271171,0.0
488,24.7537302592427,0.0
489,28.024947946162776,0.0
490,23.192504893296647,0.0
491,22.562387040888495,0.0
492,20.289315287210652,0.0
493,18.162601006118486,0.0
494,16.867129026575075,0.0
495,16.25766121928272,0.0
496,15.871386048718728,0.0
497,17.679787190327165,0.0
498,20.706234521197555,0.0
499,21.842053909912664,0.0
500,22.487107201688914,0.0
501,22.9142795799192,0.0
502,23.250172044511544,0.0
503,23.584796533821947,0.0
504,24.033494980129397,0.0
505,8.709910834148928,0.0
506,6.206582440453179,0.0
507,7.340684822489371,0.0
508,8.167965799678997,0.0
509,8.863288870997259,0.0
510,9.482855501850668,0.0
511,10.023317461958152,0.0
512,26.760865057513655,0.0
513,32.058746255234496,0.0
514,29.587661145364127,0.0
515,27.961567042072144,0.0
516,26.578702096408442,0.0
517,24.672683057162402,0.0
518,23.647837154986856,0.0
519,21.83334505674594,0.0
520,23.094866136358654,0.0
521,24.05730652537549,0.0
522,24.638712806430135,0.0
523,24.77026389796523,0.0
524,24.899245898534126,0.0
525,25.044223823281126,0.0
526,25.166444587621914,0.0
527,25.216586534506455,0.0
528,25.14433929072559,0.0
529,9.186388194198031,0.0
530,6.406876188652127,0.0
531,7.311111303337974,0.0
532,7.931604957110686,0.0
533,8.397514547143228,0.0
534,8.761127929452826,0.0
535,9.07542753313875,0.0
536,25.26114373057526,0.0
537,30.60342711641942,0.0
538,29.045248080553115,0.0
539,27.836829657889204,0.0
540,26.768777042749882,0.0
541,25.912438282329507,0.0
542,25.303482954570892,0.0
543,25.033303121313224,0.0
544,24.991048126631124,0.0
545,25.14108191294252,0.0
546,25.2526640042918,0.0
547,25.15455138549484,0.0
548,24.877590750137536,0.0
549,24.4590999217522,0.0
550,23.999665363451967,0.0
551,23.554248324790798,0.0
552,23.21880401382901,0.0
553,7.834535207610855,0.0
554,4.930125942101068,0.0
555,5.705102917748041,0.0
556,6.195752795696148,0.0
557,6.548447138057066,0.0
558,6.8121511510048,0.0
559,7.039743124098701,0.0
560,22.1958519573989,0.0
561,27.187559981637094,0.0
562,25.76054830563659,0.0
563,24.718485327529123,0.0
564,23.94440310642096,0.0
565,23.356100936572773,0.0
566,22.48165025902911,0.0
567,22.03265357204463,0.0
568,22.002892041510446,0.0
569,22.205948519550383,0.0
570,22.4598721342372,0.0
571,22.54476557321073,0.0
572,22.67215283766094,0.0
573,22.82093045046551,0.0
574,22.946129432078312,0.0
575,22.960288814569882,0.0
576,22.91341952811486,0.0
577,7.551764371370535,0.0
578,4.8042677641315334,0.0
579,5.81110570304913,0.0
580,6.539555500473193,0.0
581,7.120863579567659,0.0
582,7.609993861831454,0.0
583,8.019407816755646,0.0
584,23.969403960097026,0.0
585,27.06829060274442,0.0
586,22.233660601925163,0.0
587,18.985656355820726,0.0
588,17.39569732149091,0.0
589,17.45912514289385,0.0
590,15.063759801064435,0.0
591,14.564072073923208,0.0
592,12.95240919467981,0.0
593,14.259155207944687,0.0
594,18.167820340484017,0.0
595,19.595321186411375,0.0
596,20.571373010619492,0.0
597,21.198176203950982,0.0
598,21.69710812390461,0.0
599,22.169995049650296,0.0
600,22.649723275984854,0.0
601,7.663484679696516,0.0
602,5.166125207776171,0.0
603,6.3385709069015626,0.0
604,7.215701533708141,0.0
605,7.958406704257342,0.0
606,8.676449976519237,0.0
607,9.348119020734348,0.0
608,26.300729279661557,0.0
609,29.813617869086542,0.0
610,24.83321891690654,0.0
611,22.91647076595189,0.0
612,20.697657707167753,0.0
613,21.18077661068237,0.0
614,18.122050561444777,0.0
615,16.81705607204114,0.0
616,15.947588526058453,0.0
617,17.472072238805914,0.0
618,21.30291316287336,0.0
619,22.621491949957488,0.0
620,23.465922560277072,0.0
621,23.972124982053685,0.0
622,24.357226437896173,0.0
623,24.720963664505888,0.0
624,25.15234889898511,0.0
625,9.493241158486514,0.0
626,7.047097820071722,0.0
627,8.285897280979277,0.0
628,9.236904970304442,0.0
629,10.037432139494388,0.0
630,10.699153619509815,0.0
631,11.239188012465558,0.0
632,28.63489723014933,0.0
633,31.40882959417637,0.0
634,26.869818747779572,0.0
635,24.918106176275767,0.0
636,22.533661919779888,0.0
637,22.322997366955377,0.0
638,20.132369616033483,0.0
639,18.57067184473334,0.0
640,18.933134046020584,0.0
641,20.397545395023933,0.0
642,24.107128519033825,0.0
643,25.5309150367113,0.0
644,26.43843075800248,0.0
645,26.884888060666064,0.0
646,27.208905741835295,0.0
647,27.604915983855573,0.0
648,28.11050339965561,0.0
649,11.530304653191228,0.0
650,9.056079722905366,0.0
651,10.20402653591437,0.0
652,11.05075987565726,0.0
653,11.82876853711528,0.0
654,12.607584565202005,0.0
655,13.571800993421771,0.0
656,31.759133061588784,0.0
657,34.41117959144668,0.0
658,29.499098270133164,0.0
659,26.616944153530973,0.0
660,25.748764452498854,0.0
661,23.987540089514717,0.0
662,23.041992905978017,0.0
663,21.895199308273984,0.0
664,20.084891278480637,0.0
665,20.9774960900792,0.0
666,25.142064664512397,0.0
667,26.549726460919658,0.0
668,27.57060696266753,0.0
669,28.395406660815386,0.0
670,29.090223077468867,0.0
671,29.61336499446943,0.0
672,29.940289832486105,0.0
673,12.891141280412048,0.0
674,10.050242035741652,0.0
675,11.191787273659534,0.0
676,12.045705159000319,0.0
677,12.8180254412819,0.0
678,13.611913669059488,0.0
679,14.580057484208261,0.0
680,32.74780760043827,0.0
681,38.60884696210128,0.0
682,36.52908584172272,0.0
683,35.249948440605074,0.0
684,33.904303356794514,0.0
685,32.74578586877543,0.0
686,31.916223565226666,0.0
687,31.490730409856432,0.0
688,31.39267362145783,0.0
689,31.529178392269383,0.0
690,31.680200558191622,0.0
691,31.59232034137304,0.0
692,31.364816758182574,0.0
693,31.05263831665617,0.0
694,30.727034582865123,0.0
695,30.489744448869164,0.0
696,30.395039885048707,0.0
697,12.98225718126776,0.0
698,9.879775817403097,0.0
699,10.612277516282404,0.0
700,11.042252404299308,0.0
701,11.342629414135779,0.0
702,11.616540214138439,0.0
703,11.875645628260184,0.0
704,29.311388064110055,0.0
705,34.95043978699417,0.0
706,33.11387181981338,0.0
707,31.71652389002568,0.0
708,30.49813726187737,0.0
709,29.41756409906665,0.0
710,28.50557020621369,0.0
711,27.7928820461973,0.0
712,27.325235411883472,0.0
713,27.134372653864133,0.0
714,27.116503949881412,0.0
715,26.95903436068179,0.0
716,26.740814367094636,0.0
717,26.497639311519983,0.0
718,26.255218097762675,0.0
719,26.04120414342882,0.0
720,25.97262365449407,0.0
721,9.617520205831752,0.0
722,6.85366731075135,0.0
723,7.758453296905758,0.0
724,8.36968806605497,0.0
725,8.830955820631267,0.0
726,9.183263799349302,0.0
727,9.448559338831894,0.0
728,25.843443655614827,0.0
729,30.86184039166374,0.0
730,28.833429945183482,0.0
731,27.349430245578475,0.0
732,26.245276076483236,0.0
733,25.44476449985507,0.0
734,24.861142066698132,0.0
735,24.069513582911256,0.0
736,23.773707342589738,0.0
737,23.96239355624385,0.0
738,24.244480256767325,0.0
739,24.2730311663183,0.0
740,24.219136079542196,0.0
741,24.112209067922652,0.0
742,23.992077698420793,0.0
743,23.977862839052555,0.0
744,24.076530087293385,0.0
745,8.307853937506959,0.0
746,5.63532011894514,0.0
747,6.627506131976075,0.0
748,7.3414484091709085,0.0
749,7.960923923133434,0.0
750,8.544978437817079,0.0
751,9.082941305585397,0.0
752,25.944822577914756,0.0
753,28.930052631045776,0.0
754,23.953205867738497,0.0
755,24.50065167481616,0.0
756,21.663420604998453,0.0
757,22.029499911388555,0.0
758,19.791792821319916,0.0
759,18.220493742000137,0.0
760,16.46180151898029,0.0
761,17.691713834207363,0.0
762,20.748574495907942,0.0
763,21.881396737679708,0.0
764,22.590046984575622,0.0
765,22.929134217574532,0.0
766,23.167786187613153,0.0
767,23.376163906489104,0.0
768,23.625699039130623,0.0
769,8.1286781562758,0.0
770,5.506567149752922,0.0
771,6.489936975354253,0.0
772,7.115957260598095,0.0
773,7.565426496749222,0.0
774,7.931298967118637,0.0
775,8.245268079464342,0.0
776,24.15860156477023,0.0
777,29.28738403214661,0.0
778,27.63557804142745,0.0
779,26.473188475052524,0.0
780,25.565469568474885,0.0
781,24.899296290803164,0.0
782,24.52950807266643,0.0
783,24.426604338157166,0.0
784,24.52650865018249,0.0
785,24.765051516999627,0.0
786,25.024558326561387,0.0
787,25.006441061009646,0.0
788,24.85712961289911,0.0
789,24.624256713767778,0.0
790,24.410788557816694,0.0
791,24.353903727850536,0.0
792,24.42473294419289,0.0
793,8.71794474712037,0.0
794,6.019079613876562,0.0
795,6.903867570454967,0.0
796,7.484741958147141,0.0
797,7.920322921857255,0.0
798,8.304656596067147,0.0
799,8.701255123005387,0.0
800,25.099047696114688,0.0
801,30.5050023365954,0.0
802,28.95509923454933,0.0
803,27.715648391606493,0.0
804,26.607371653259708,0.0
805,25.904198528212024,0.0
806,25.885133646014932,0.0
807,25.864310025537897,0.0
808,26.068479484815526,0.0
809,26.355552141171817,0.0
810,26.960025865129825,0.0
811,27.322813958036065,0.0
812,27.640265810955807,0.0
813,27.951303081305372,0.0
814,28.284941570990313,0.0
815,28.804522172798194,0.0
816,29.386722500681998,0.0
817,12.668391813458326,0.0
818,9.849924877336651,0.0
819,11.092397376088265,0.0
820,12.042063389900918,0.0
821,13.192758561696918,0.0
822,14.36256282505819,0.0
823,15.573365801782836,0.0
824,34.04902196777316,0.0
825,39.92461575025101,0.0
826,34.655984448106686,0.0
827,31.49780573525608,0.0
828,30.727922415685818,0.0
829,28.822517492510805,0.0
830,26.699220578717252,0.0
831,24.50940534701744,0.0
832,24.29675353836454,0.0
833,24.499273391322923,0.0
834,28.44179333885871,0.0
835,30.445682654027866,0.0
836,31.666094018571084,0.0
837,32.56229499861857,0.0
838,33.250210849233696,0.0
839,33.86390375812793,0.0
840,34.41824194381051,0.0
841,17.545136357780166,0.0
842,13.242442734794405,0.0
843,14.870622365323046,0.0
844,16.04462450581438,0.0
845,17.21412718499163,0.0
846,18.11077766488045,0.0
847,18.749097769924916,0.0
848,36.36744071908171,0.0
849,41.62741212856424,0.0
850,39.19146245073304,0.0
851,37.45460414764245,0.0
852,36.20926529431844,0.0
853,35.18152041863204,0.0
854,34.20100393578305,0.0
855,33.332445693742564,0.0
856,32.6386451876119,0.0
857,32.33545124486727,0.0
858,32.2349864318233,0.0
859,31.930077296218364,0.0
860,31.27347385745982,0.0
861,30.33016281612373,0.0
862,29.320298764931138,0.0
863,28.336960723878484,0.0
864,27.559517641168625,0.0
865,10.70428886174922,0.0
866,7.3623000288409015,0.0
867,7.650441676326272,0.0
868,7.662093128457528,0.0
869,7.696233017052286,0.0
870,7.807785291774829,0.0
871,7.957545696468963,0.0
872,23.210546860470494,0.0
873,24.342361499970927,0.0
874,20.546059015995528,0.0
875,20.11451385731839,0.0
876,18.71830528591549,0.0
877,18.88169567519371,0.0
878,17.000537632446772,0.0
879,14.184533877177124,0.0
880,12.681241122205426,0.0
881,15.765254771199663,0.0
882,17.99019793007277,0.0
883,18.659956893583505,0.0
884,18.92076619638868,0.0
885,19.00913455120836,0.0
886,18.993524066179752,0.0
887,18.9251740200848,0.0
888,18.82893501898036,0.0
889,4.689707277013504,0.0
890,1.9279591423578353,0.0
891,2.8394206001457816,0.0
892,3.454260760427472,0.0
893,3.909267864353961,0.0
894,4.240219484201896,0.0
895,4.512535277060993,0.0
896,18.762052305544714,0.0
897,23.372189183560756,0.0
898,21.987308925520082,0.0
899,21.11885003778789,0.0
900,20.563111993800746,0.0
901,20.228573297976336,0.0
902,20.07261086855467,0.0
903,20.054126672178942,0.0
904,20.005666650255275,0.0
905,19.80303442404032,0.0
906,19.49055532934739,0.0
907,19.005441495089165,0.0
908,18.75672964610195,0.0
909,18.782273890301035,0.0
910,18.92267120836336,0.0
911,19.026960052890168,0.0
912,19.035874736327486,0.0
913,4.980415166879037,0.0
914,2.2183014231939,0.0
915,3.1741373036257166,0.0
916,3.846956605016539,0.0
917,4.356907629007004,0.0
918,4.72885314325473,0.0
919,5.02710518187178,0.0
920,19.32233726567123,0.0
921,23.554852163003623,0.0
922,21.21049343526282,0.0
923,16.89619648131432,0.0
924,15.403767755878006,0.0
925,15.950091732793773,0.0
926,15.892873327060418,0.0
927,15.837382602818598,0.0
928,16.126593437532705,0.0
929,16.761542660405247,0.0
930,17.19882892274371,0.0
931,17.399390969338434,0.0
932,17.49646198464137,0.0
933,17.428830233706258,0.0
934,17.323158908485105,0.0
935,17.210313687980427,0.0
936,17.094050838337555,0.0
937,3.667098722223584,0.0
938,0.8313687350825623,0.0
939,1.705817491608274,0.0
940,2.2894369976687123,0.0
941,2.737103930321302,0.0
942,3.155288267898375,0.0
943,3.4910973622780794,0.0
944,17.030972821290536,0.0
945,21.137393160277377,0.0
946,19.252776840781394,0.0
947,17.84013932833716,0.0
948,16.68492367210667,0.0
949,15.957962563982113,0.0
950,15.8763842521374,0.0
951,15.154926875432139,0.0
952,14.922008840943631,0.0
953,15.144419335118503,0.0
954,15.649905616140813,0.0
955,15.971616003842453,0.0
956,16.219640408803365,0.0
957,16.445814192191165,0.0
958,16.6388994735523,0.0
959,16.756037121663166,0.0
960,16.799052998804886,0.0
961,3.525747509018321,0.0
962,0.7947711473301993,0.0
963,1.739332537881443,0.0
964,2.3890808944862916,0.0
965,2.8861347585985886,0.0
966,3.2958917669443406,0.0
967,3.6187810103602853,0.0
968,17.157072856699813,0.0
969,21.323909033060055,0.0
970,19.7620079459552,0.0
971,18.63852868666751,0.0
972,17.762137213683058,0.0
973,17.035692544695088,0.0
974,16.380258947607473,0.0
975,15.378099846896179,0.0
976,14.915478385423848,0.0
977,15.035552695003545,0.0
978,15.645879953072951,0.0
979,16.16251750530688,0.0
980,16.65813634781695,0.0
981,17.096684049583732,0.0
982,17.326715013188256,0.0
983,17.248112776908805,0.0
984,16.869788257538374,0.0
985,3.401753401935744,0.0
986,0.5666043943503043,0.0
987,1.5733013715729367,0.0
988,2.296621273393951,0.0
989,2.7753047405046445,0.0
990,3.0339203769554786,0.0
991,3.2147767310512023,0.0
992,16.36309745606832,0.0
993,20.575017441245745,0.0
994,19.22319689337613,0.0
995,18.106564937343716,0.0
996,17.065761998491233,0.0
997,16.211279520949915,0.0
998,15.613404897725186,0.0
999,15.328903898035732,0.0
1000,15.318916994555684,0.0
1001,15.485033173203433,0.0
1002,15.72564127345167,0.0
1003,15.74524083781149,0.0
1004,15.609204131677314,0.0
1005,15.422054260603067,0.0
1006,15.253422570021034,0.0
1007,15.190036995104975,0.0
1008,15.238617862621467,0.0
1009,2.6466261044865114,0.0
1010,0.0,0.0
1011,0.8624149229539195,0.0
1012,1.4193066095048237,0.0
1013,1.8133928919107065,0.0
1014,2.108710040950763,0.0
1015,2.3520427588213435,0.0
1016,15.311338529552854,0.0
1017,19.493771297749813,0.0
1018,18.261582723876295,0.0
1019,17.161505664969347,0.0
1020,15.658565776575438,0.0
1021,14.544892960917618,0.0
1022,13.995449821518577,0.0
1023,14.491825981632669,0.0
1024,15.283743363073226,0.0
1025,16.14186538328951,0.0
1026,16.422417567770438,0.0
1027,16.275373100481456,0.0
1028,15.949275266310911,0.0
1029,15.588391396205292,0.0
1030,15.34129536936911,0.0
1031,15.383245897316197,0.0
1032,15.683466484982596,0.0
1033,3.1716404573982917,0.0
1034,0.6773652146054034,0.0
1035,1.8219829794558289,0.0
1036,2.6133938090954167,0.0
1037,3.1503420039977854,0.0
1038,3.512017231015877,0.0
1039,3.7564779999756786,0.0
1040,17.068779616779022,0.0
1041,21.02810233370047,0.0
1042,19.371387600284393,0.0
1043,18.398518656021775,0.0
1044,17.806985264602158,0.0
1045,17.404172817373336,0.0
1046,16.903487349277977,0.0
1047,16.347652670321096,0.0
1048,15.961119234311749,0.0
1049,16.126648636551522,0.0
1050,16.811685072782065,0.0
1051,17.409444110909575,0.0
1052,17.843962901026742,0.0
1053,17.915120361931418,0.0
1054,17.786790829550082,0.0
1055,17.556670657216873,0.0
1056,17.337535234731902,0.0
1057,3.992632956661069,0.0
1058,1.329629836952194,0.0
1059,2.455275235055936,0.0
1060,3.293226004800057,0.0
1061,3.879537375806499,0.0
1062,4.2395703014050055,0.0
1063,4.520923958731534,0.0
1064,18.40919898462232,0.0
1065,22.847299671742352,0.0
1066,21.45878786285182,0.0
1067,19.785180257674632,0.0
1068,18.10041724042194,0.0
1069,16.360905989664243,0.0
1070,14.201378123539229,0.0
1071,12.246050040426036,0.0
1072,11.641983708459835,0.0
1073,14.076827911493158,0.0
1074,15.924615051994008,0.0
1075,16.640769649764334,0.0
1076,17.023445089205154,0.0
1077,17.27965313034819,0.0
1078,17.50474596803652,0.0
1079,17.923143539723014,0.0
1080,18.37880196883332,0.0
1081,4.875454370510779,0.0
1082,2.2453499161382124,0.0
1083,3.1196769960511297,0.0
1084,3.6703559490727313,0.0
1085,4.120841850067178,0.0
1086,4.570426550362244,0.0
1087,4.966215123562514,0.0
1088,18.931193395783573,0.0
1089,22.86746041889806,0.0
1090,20.834887007386246,0.0
1091,18.484250607611038,0.0
1092,18.262884607283357,0.0
1093,17.945185340842613,0.0
1094,17.451858429834683,0.0
1095,16.82072265287143,0.0
1096,16.22950124338705,0.0
1097,16.11500156074234,0.0
1098,16.954358847061563,0.0
1099,17.377758150216,0.0
1100,17.66878311018753,0.0
1101,17.989285820491375,0.0
1102,18.308422752719853,0.0
1103,18.606068407035504,0.0
1104,18.898548066751392,0.0
1105,5.136695139669626,0.0
1106,2.52267495679969,0.0
1107,3.5510213781086675,0.0
1108,4.297876689050567,0.0
1109,4.965762891053496,0.0
1110,5.56149182140676,0.0
1111,6.060158036479253,0.0
1112,20.765967379618377,0.0
1113,24.916436466888175,0.0
1114,22.603954107251695,0.0
1115,20.770179379954328,0.0
1116,19.520260083815764,0.0
1117,19.065591098177247,0.0
1118,18.461474913009596,0.0
1119,18.056556713911025,0.0
1120,17.88733310497827,0.0
1121,17.973102860050307,0.0
1122,18.325883974122817,0.0
1123,18.56092668189885,0.0
1124,18.712029524456014,0.0
1125,18.834612068316854,0.0
1126,18.90428205423542,0.0
1127,18.9267161765888,0.0
1128,18.9436876950995,0.0
1129,5.07075236488757,0.0
1130,2.3435546369971494,0.0
1131,3.329938784630528,0.0
1132,4.0527891328241505,0.0
1133,4.638629260451433,0.0
1134,5.152449339773116,0.0
1135,5.562092191323375,0.0
1136,19.61711913815026,0.0
1137,20.41396507413725,0.0
1138,18.127662573837092,0.0
1139,18.710239641625552,0.0
1140,18.313621793516706,0.0
1141,18.451123331408006,0.0
1142,18.232311253393895,0.0
1143,18.013443746029726,0.0
1144,17.87944352795893,0.0
1145,17.860080339277573,0.0
1146,18.013716547530088,0.0
1147,18.126654315297603,0.0
1148,18.378007922332763,0.0
1149,18.68567380439993,0.0
1150,18.97389348137301,0.0
1151,19.07289347808604,0.0
1152,18.93246739242195,0.0
1153,4.936212337145399,0.0
1154,2.202905093094701,0.0
1155,3.236287706992807,0.0
1156,3.977375798518244,0.0
1157,4.491802264434639,0.0
1158,4.802130140137525,0.0
1159,5.030986438726104,0.0
1160,19.025269019396475,0.0
1161,23.297596020455586,0.0
1162,21.667032411011533,0.0
1163,20.375662047983745,0.0
1164,19.324657406926303,0.0
1165,18.486313561932896,0.0
1166,17.88974827966833,0.0
1167,17.54913450431503,0.0
1168,17.47881418687095,0.0
1169,17.689240823539357,0.0
1170,18.03954412548426,0.0
1171,18.2462246975057,0.0
1172,18.263217460995886,0.0
1173,18.117600107850414,0.0
1174,17.952597936467047,0.0
1175,17.85085235166976,0.0
1176,17.856636774636232,0.0
1177,4.376640191971786,0.0
1178,1.6872700176058586,0.0
1179,2.69381633097242,0.0
1180,3.413492269869627,0.0
1181,3.9773103940518117,0.0
1182,4.451613270631286,0.0
1183,4.850170563530233,0.0
1184,19.053935229346013,0.0
1185,23.435640034094348,0.0
1186,21.78133595790575,0.0
1187,19.945827488118333,0.0
1188,18.165032001796618,0.0
1189,16.35542750693084,0.0
1190,15.55378725462138,0.0
1191,16.19362058626396,0.0
1192,16.58907557315046,0.0
1193,17.11245901454819,0.0
1194,17.84351609177202,0.0
1195,18.262551464974887,0.0
1196,18.515636021853037,0.0
1197,18.738699402117764,0.0
1198,18.95851972140797,0.0
1199,19.228448672376107,0.0
1200,19.55818944410749,0.0
1201,5.577183366492633,0.0
1202,3.0696578643257006,0.0
1203,4.249266755859029,0.0
1204,5.1361690337125525,0.0
1205,5.851664032920219,0.0
1206,6.450549791863854,0.0
1207,6.945484824795793,0.0
1208,22.280186130979793,0.0
1209,26.74975477172783,0.0
1210,24.63029798261733,0.0
1211,23.261523689980038,0.0
1212,21.64676215671487,0.0
1213,20.20550867797699,0.0
1214,18.594701229926876,0.0
1215,17.482356242695218,0.0
1216,17.345851218703487,0.0
1217,16.50194812805359,0.0
1218,17.894452011824097,0.0
1219,19.12110806699833,0.0
1220,19.67677902590874,0.0
1221,20.05846095024409,0.0
1222,20.352610155325777,0.0
1223,20.620460254651533,0.0
1224,20.915327703349345,0.0
1225,6.462566188039467,0.0
1226,3.940688845470091,0.0
1227,5.106674727128629,0.0
1228,5.976463561684399,0.0
1229,6.62876433225292,0.0
1230,7.18426386376534,0.0
1231,7.679254396811779,0.0
1232,22.31889988363865,0.0
1233,24.55307910464794,0.0
1234,24.126577503409052,0.0
1235,22.500701925396616,0.0
1236,20.518513456047312,0.0
1237,16.842001043749228,0.0
1238,15.867375684739915,0.0
1239,13.44513376436442,0.0
1240,15.33366804926374,0.0
1241,16.716995929417042,0.0
1242,17.879139431963274,0.0
1243,18.601898798581498,0.0
1244,19.039285531162715,0.0
1245,19.24198213858006,0.0
1246,19.402388780886426,0.0
1247,19.529291106956215,0.0
1248,19.573648499743122,0.0
1249,5.441124785982465,0.0
1250,2.686308976666001,0.0
1251,3.575678666240581,0.0
1252,4.168473961959608,0.0
1253,4.604826679395992,0.0
1254,4.940614060422555,0.0
1255,5.254332403467787,0.0
1256,19.54898548963172,0.0
1257,24.15984256302462,0.0
1258,22.75969907875679,0.0
1259,21.794465393803442,0.0
1260,20.980760856116824,0.0
1261,20.317263513804694,0.0
1262,19.866315158492476,0.0
1263,19.666378246109357,0.0
1264,19.635013855783697,0.0
1265,19.646225724528477,0.0
1266,19.740438315298558,0.0
1267,19.761630369858718,0.0
1268,19.92304152387414,0.0
1269,20.213964219815725,0.0
1270,20.508648927762174,0.0
1271,20.628813208359652,0.0
1272,20.575766202502546,0.0
1273,6.0974841072165145,0.0
1274,3.461018889940258,0.0
1275,4.64940031938605,0.0
1276,5.578284221186436,0.0
1277,6.3266726140405165,0.0
1278,6.898265567754448,0.0
1279,7.334812448902546,0.0
1280,21.13324398151079,0.0
1281,22.929854904134036,0.0
1282,19.641440175166256,0.0
1283,16.212868566120935,0.0
1284,14.584010202181105,0.0
1285,13.486782284792925,0.0
1286,12.365174868908111,0.0
1287,10.448928304785506,0.0
1288,9.642358592706918,0.0
1289,9.935504855306249,0.0
1290,12.757236952808775,0.0
1291,16.427549248003054,0.0
1292,17.96730662727828,0.0
1293,18.98879387530912,0.0
1294,19.723250162498953,0.0
1295,20.26910386287203,0.0
1296,20.652554489902926,0.0
1297,6.318476258324784,0.0
1298,3.831139524453029,0.0
1299,5.018509382650121,0.0
1300,5.945122054941498,0.0
1301,6.724219115624486,0.0
1302,7.395709210167697,0.0
1303,7.949499026046939,0.0
1304,22.184147253203736,0.0
1305,23.507200482468726,0.0
1306,19.201568514632477,0.0
1307,17.87498027792617,0.0
1308,15.348269538595389,0.0
1309,14.845215455900936,0.0
1310,14.564295403581912,0.0
1311,11.623609299555577,0.0
1312,14.433680246721494,0.0
1313,16.059061143677553,0.0
1314,17.44525172642664,0.0
1315,18.407386674867272,0.0
1316,18.99240110161729,0.0
1317,19.333304085475874,0.0
1318,19.50029222689628,0.0
1319,19.580006457143107,0.0
1320,19.5981032619471,0.0
1321,5.567890222359589,0.0
1322,2.888606439894752,0.0
1323,3.8885455581364656,0.0
1324,4.581704936638481,0.0
1325,5.076322193297738,0.0
1326,5.433682372026888,0.0
1327,5.733807825732203,0.0
1328,19.98353852380329,0.0
1329,24.458630344524224,0.0
1330,22.70343451443681,0.0
1331,20.597981513209323,0.0
1332,18.576298176287132,0.0
1333,17.136588082340378,0.0
1334,16.616913175536002,0.0
1335,16.185744753169402,0.0
1336,16.078900132241074,0.0
1337,16.233587452528276,0.0
1338,16.621804353659048,0.0
1339,16.982364635216484,0.0
1340,17.228638686843993,0.0
1341,17.462057857095157,0.0
1342,17.675409610440035,0.0
1343,17.793420942285852,0.0
1344,17.83777786854829,0.0
1345,4.2386656029856065,0.0
1346,1.4883272692220229,0.0
1347,2.4200329580867397,0.0
1348,3.0666150953074895,0.0
1349,3.6034949888072316,0.0
1350,4.0605671223848905,0.0
1351,4.458503816117785,0.0
1352,18.43612468707762,0.0
1353,22.823923632532292,0.0
1354,21.356354219875907,0.0
1355,20.362570439193853,0.0
1356,19.688716163885005,0.0
1357,19.197092175892045,0.0
1358,18.78221684729847,0.0
1359,18.43759366412874,0.0
1360,18.262228762278593,0.0
1361,18.370136769501414,0.0
1362,18.773254003502153,0.0
1363,19.129641481430752,0.0
1364,19.341336721000367,0.0
1365,19.511524595782724,0.0
1366,19.619781772999154,0.0
1367,19.67297889048337,0.0
1368,19.71612508580707,0.0
1369,5.569149464435396,0.0
1370,2.834805002593308,0.0
1371,3.776148631306035,0.0
1372,4.429410469526289,0.0
1373,4.9510966824350024,0.0
1374,5.359508768887318,0.0
1375,5.700303415636712,0.0
1376,20.115124520175716,0.0
1377,24.618620892679765,0.0
1378,23.047976929564634,0.0
1379,21.885340640855688,0.0
1380,20.989495054079516,0.0
1381,20.288725897916844,0.0
1382,19.114550284612246,0.0
1383,18.46574096075124,0.0
1384,18.360717938053494,0.0
1385,18.61582379113037,0.0
1386,19.176400826106647,0.0
1387,19.664779608792838,0.0
1388,19.866890675134613,0.0
1389,20.01229496699926,0.0
1390,20.151064516160922,0.0
1391,20.335003912994935,0.0
1392,20.600511075360572,0.0
1393,6.297442209535972,0.0
1394,3.7178734928024317,0.0
1395,4.798001168954441,0.0
1396,5.5662253150159575,0.0
1397,6.15209679272979,0.0
1398,6.597465924952145,0.0
1399,6.930671494606213,0.0
1400,19.814224042195104,0.0
1401,21.446564489955634,0.0
1402,17.775926944587503,0.0
1403,15.59046035042668,0.0
1404,13.374691736065811,0.0
1405,12.123553549890163,0.0
1406,10.445778498862145,0.0
1407,9.15769085660863,0.0
1408,10.049047170802991,0.0
1409,8.772074125384913,0.0
1410,12.262929368693367,0.0
1411,15.339560061372087,0.0
1412,16.705752054991276,0.0
1413,17.616680937769562,0.0
1414,18.257853239208547,0.0
1415,18.787680005500484,0.0
1416,19.251343114452027,0.0
1417,5.322850146558623,0.0
1418,2.7312462805251965,0.0
1419,3.790160498453269,0.0
1420,4.552330062247355,0.0
1421,5.325709942187815,0.0
1422,6.056258258455079,0.0
1423,6.69096821107571,0.0
1424,19.049663818640465,0.0
1425,20.36623643815122,0.0
1426,15.945628740119783,0.0
1427,12.963005442827772,0.0
1428,12.53455540370626,0.0
1429,12.647729105442929,0.0
1430,11.197913393562864,0.0
1431,8.132446902037005,0.0
1432,7.268756208839953,0.0
1433,8.087254139934236,0.0
1434,11.962576615272766,0.0
1435,13.746961530340721,0.0
1436,14.78215152166871,0.0
1437,15.60554163508874,0.0
1438,16.306173751498594,0.0
1439,16.90924246618735,0.0
1440,17.39017801257844,0.0
1441,4.147866633063169,0.0
1442,1.628439314703444,0.0
1443,2.742366221638755,0.0
1444,3.563734290067166,0.0
1445,4.3265226316679035,0.0
1446,5.028443265989562,0.0
1447,5.664424911477981,0.0
1448,17.524316460605032,0.0
1449,19.04456289944859,0.0
1450,15.56620536013247,0.0
1451,13.000283028386072,0.0
1452,11.801571724406166,0.0
1453,11.404733368664608,0.0
1454,8.790029074303698,0.0
1455,8.709153554240984,0.0
1456,7.172816511760118,0.0
1457,11.122532018760298,0.0
1458,12.983640663304913,0.0
1459,14.312768014455076,0.0
1460,15.128957680758516,0.0
1461,15.764948670185685,0.0
1462,16.340970637931434,0.0
1463,16.970710847004916,0.0
1464,17.638509144678657,0.0
1465,4.487908397025418,0.0
1466,2.038780935432773,0.0
1467,3.1750283595754123,0.0
1468,3.9942984093339167,0.0
1469,4.736221593996613,0.0
1470,5.415384798544296,0.0
1471,6.040410388338051,0.0
1472,20.627746558269,0.0
1473,23.960925406591862,0.0
1474,19.664190519912463,0.0
1475,19.5234128418997,0.0
1476,18.395389012263152,0.0
1477,17.086208428131837,0.0
1478,16.76109529072735,0.0
1479,16.48438266317487,0.0
1480,16.543756961694662,0.0
1481,16.788728296392637,0.0
1482,17.17130664935274,0.0
1483,17.466174117662344,0.0
1484,17.421151869614768,0.0
1485,17.273282403837527,0.0
1486,17.127970383912455,0.0
1487,17.1685083766746,0.0
1488,17.36429463089506,0.0
1489,4.239006047283223,0.0
1490,1.6090127233612859,0.0
1491,2.614721338672445,0.0
1492,3.3142400213003325,0.0
1493,3.8744681401734766,0.0
1494,4.344077473016197,0.0
1495,4.723581190285234,0.0
1496,15.54898718483409,0.0
1497,17.448267252822227,0.0
1498,13.147628999947313,0.0
1499,11.237636255153491,0.0
1500,10.445707057824377,0.0
1501,11.246823987152293,0.0
1502,12.042156761386682,0.0
1503,12.61648984369825,0.0
1504,13.56533735408131,0.0
1505,14.882915759213242,0.0
1506,15.941218845610662,0.0
1507,16.78218792568989,0.0
1508,17.200082927039404,0.0
1509,17.3633960453645,0.0
1510,17.404817840201545,0.0
1511,17.37982354873492,0.0
1512,17.325937823359627,0.0
1513,3.9321346258684127,0.0
1514,1.1722773716942738,0.0
1515,2.1142257126489774,0.0
1516,2.8212440730279678,0.0
1517,3.50860449872573,0.0
1518,4.140303534425872,0.0
1519,4.709426522926927,0.0
1520,18.578161149229906,0.0
1521,18.501763231516524,0.0
1522,13.926531002388138,0.0
1523,11.285601069923642,0.0
1524,10.22605666054044,0.0
1525,8.741905809843448,0.0
1526,7.468573186413463,0.0
1527,5.727908979709027,0.0
1528,5.3708782406520905,0.0
1529,5.0649551805236435,0.0
1530,6.910919369095823,0.0
1531,11.564563768092091,0.0
1532,13.32454093659463,0.0
1533,14.485040977750145,0.0
1534,15.354319494665129,0.0
1535,16.083223574645213,0.0
1536,16.758876548778176,0.0
1537,3.863747906027945,0.0
1538,1.4260503058794953,0.0
1539,2.611969839915764,0.0
1540,3.497368919706342,0.0
1541,4.316445150423606,0.0
1542,5.0673057937716415,0.0
1543,5.723897444441091,0.0
1544,16.598954920152327,0.0
1545,17.97308723014706,0.0
1546,14.109242291085126,0.0
1547,11.7505937103285,0.0
1548,10.379137577666897,0.0
1549,9.42622059585355,0.0
1550,8.203415771053326,0.0
1551,7.12333761062132,0.0
1552,5.5550476402967295,0.0
1553,5.489110863795391,0.0
1554,6.518152591773962,0.0
1555,10.757313833802238,0.0
1556,12.501428506813472,0.0
1557,14.012741707884489,0.0
1558,15.309619305765162,0.0
1559,16.239989445454615,0.0
1560,16.810621852712355,0.0
1561,3.858634819473276,0.0
1562,1.4199700942404485,0.0
1563,2.7142318308728943,0.0
1564,3.7551060923698563,0.0
1565,4.654137668604194,0.0
1566,5.44884416738614,0.0
1567,6.0859480147932885,0.0
1568,20.508305434005152,0.0
1569,20.521334199334863,0.0
1570,15.608185069617733,0.0
1571,12.501071202738759,0.0
1572,10.392059040235116,0.0
1573,8.950165450994707,0.0
1574,7.048749308751438,0.0
1575,5.036626733317599,0.0
1576,3.810238595355525,0.0
1577,3.8328219758183852,0.0
1578,6.329325688450004,0.0
1579,10.040279688638554,0.0
1580,11.809678315017809,0.0
1581,12.946987316609789,0.0
1582,13.868304508446785,0.0
1583,14.760317056878824,0.0
1584,15.634662608198706,0.0
1585,3.3171530973207135,0.0
1586,1.0339148542498717,0.0
1587,2.340345113740243,0.0
1588,3.2893335326847266,0.0
1589,4.073245790989612,0.0
1590,4.768758784956914,0.0
1591,5.406003758204202,0.0
1592,16.08649617610885,0.0
1593,19.47155120202936,0.0
1594,15.183742515690158,0.0
1595,13.457663999911869,0.0
1596,10.935070919135324,0.0
1597,9.005768620591423,0.0
1598,8.194455500730854,0.0
1599,5.031076375631503,0.0
1600,4.71302933121155,0.0
1601,6.773786231796758,0.0
1602,8.467676145291327,0.0
1603,10.079762640927688,0.0
1604,11.246142150271584,0.0
1605,12.39910824158166,0.0
1606,13.48328810721694,0.0
1607,14.33287090719165,0.0
1608,14.971165862922806,0.0
1609,2.5738809071363518,0.0
1610,0.0798490158595814,0.0
1611,1.1395600015965708,0.0
1612,1.899843746228394,0.0
1613,2.5339201179826825,0.0
1614,3.10676412068056,0.0
1615,3.6187528141513674,0.0
1616,16.97667859083397,0.0
1617,21.091219418387045,0.0
1618,19.502565640144226,0.0
1619,17.304631358960997,0.0
1620,13.355323265626858,0.0
1621,10.73859673020354,0.0
1622,8.195825665191322,0.0
1623,9.039351973298302,0.0
1624,9.639282800166441,0.0
1625,10.494264138679839,0.0
1626,11.2735612233123,0.0
1627,12.017420270635444,0.0
1628,12.565878384496488,0.0
1629,13.052100764371733,0.0
1630,13.440685698168178,0.0
1631,13.658630276922324,0.0
1632,13.692730367029192,0.0
1633,1.5954414723522332,0.0
1634,0.0,0.0
1635,0.2600985633800963,0.0
1636,0.5670415934638247,0.0
1637,1.3129997464268266,0.0
1638,1.9679370299089995,0.0
1639,2.4641273643310218,0.0
1640,14.785300469215096,0.0
1641,18.062604390529504,0.0
1642,16.215117866760274,0.0
1643,14.534664915137972,0.0
1644,13.1781340992098,0.0
1645,12.134539033399399,0.0
1646,11.35375928957108,0.0
1647,10.829419758315627,0.0
1648,10.653394980282263,0.0
1649,10.44723375271089,0.0
1650,10.924907960552241,0.0
1651,11.607064160845589,0.0
1652,11.940405441989675,0.0
1653,12.117225057336448,0.0
1654,12.284098218405076,0.0
1655,12.568808446383182,0.0
1656,12.920204714078332,0.0
1657,1.1535308022898243,0.0
1658,0.0,0.0
1659,0.0,0.0
1660,0.0,0.0
1661,0.1689410540656939,0.0
1662,0.4807645120736156,0.0
1663,0.8543141795442757,0.0
1664,12.731903171348822,0.0
1665,16.159114499612333,0.0
1666,14.498879304779976,0.0
1667,13.270858913186782,0.0
1668,12.376388090750407,0.0
1669,11.710802383425163,0.0
1670,11.23224813221181,0.0
1671,10.842911378031681,0.0
1672,10.11523752974858,0.0
1673,9.87398217718598,0.0
1674,10.184358458665908,0.0
1675,10.609767510258969,0.0
1676,10.820845882077144,0.0
1677,11.104709866116423,0.0
1678,11.458352155217945,0.0
1679,11.826415379363688,0.0
1680,12.177322898344629,0.0
1681,0.618314027334143,0.0
1682,0.0,0.0
1683,0.0,0.0
1684,0.0,0.0
1685,0.07450326755199049,0.0
1686,0.3533114954170903,0.0
1687,0.7667525943710967,0.0
1688,12.76951104766187,0.0
1689,16.45948413833802,0.0
1690,14.974236384305915,0.0
1691,13.009704177617175,0.0
1692,11.611889471565883,0.0
1693,10.372671938896277,0.0
1694,9.402806992922915,0.0
1695,8.497915014431776,0.0
1696,8.035333087853385,0.0
1697,8.650910109294031,0.0
1698,9.307317346049757,0.0
1699,10.071269734057125,0.0
1700,10.618743683192198,0.0
1701,11.185750783143051,0.0
1702,11.747799626530943,0.0
1703,12.224265971548746,0.0
1704,12.561938792209297,0.0
1705,0.8713247760340324,0.0
1706,0.0,0.0
1707,0.0616884840623242,0.0
1708,0.2266278942962768,0.0
1709,0.9356903549256982,0.0
1710,1.4237091435248213,0.0
1711,1.7021909247573381,0.0
1712,13.784521509037141,0.0
1713,16.664483620743436,0.0
1714,14.029100013516388,0.0
1715,11.499324251102752,0.0
1716,7.4857786383913565,0.0
1717,6.120334118706676,0.0
1718,5.648483848423016,0.0
1719,6.412716744252547,0.0
1720,7.780077465595256,0.0
1721,9.166561747408082,0.0
1722,10.07548731143494,0.0
1723,10.71307391581377,0.0
1724,10.906189746362553,0.0
1725,10.931846397166318,0.0
1726,10.932292939514236,0.0
1727,11.044124588489783,0.0
1728,11.275727530414006,0.0
1729,0.0980637399417901,0.0
1730,0.0,0.0
1731,0.0,0.0
1732,0.0,0.0
1733,0.0,0.0
1734,0.0,0.0
1735,0.31136621031522926,0.0
1736,12.224049228787278,0.0
1737,15.910495236497905,0.0
1738,14.563302749580957,0.0
1739,13.564027457661991,0.0
1740,12.764383777336437,0.0
1741,12.103316808082615,0.0
1742,10.859473793311532,0.0
1743,10.168495419049593,0.0
1744,10.278219790250844,0.0
1745,11.09700410428766,0.0
1746,11.83343775509551,0.0
1747,12.57931351586025,0.0
1748,12.976288829993031,0.0
1749,13.25394553963197,0.0
1750,13.509931301090248,0.0
1751,13.808263362778598,0.0
1752,14.242543743991959,0.0
1753,2.1640857579297155,0.0
1754,0.0,0.0
1755,0.7223871809910793,0.0
1756,1.2404818561217525,0.0
1757,1.8190274165567017,0.0
1758,2.326406740659877,0.0
1759,2.704998204328335,0.0
1760,15.07935157643872,0.0
1761,18.256702674381142,0.0
1762,15.97956804811398,0.0
1763,14.155819908275445,0.0
1764,13.074738450119014,0.0
1765,12.936691203432968,0.0
1766,11.78320201695962,0.0
1767,10.560818414896856,0.0
1768,10.048222237523303,0.0
1769,8.341412204471053,0.0
1770,10.697059865619531,0.0
1771,11.722660278341063,0.0
1772,12.284676824515936,0.0
1773,12.734603951487555,0.0
1774,13.128507268396959,0.0
1775,13.46443079026944,0.0
1776,13.682187159847365,0.0
1777,1.6175515520742514,0.0
1778,0.0,0.0
1779,0.0697300962058053,0.0
1780,0.1136609615969306,0.0
1781,0.5217705482278365,0.0
1782,0.8408282644344984,0.0
1783,1.0877818492627478,0.0
1784,12.78634149133716,0.0
1785,16.258814032294588,0.0
1786,14.705417213097084,0.0
1787,13.544108674953483,0.0
1788,12.590970018069177,0.0
1789,11.854917136320664,0.0
1790,11.37058763795718,0.0
1791,11.118641263516459,0.0
1792,11.120332143141932,0.0
1793,11.488588384955445,0.0
1794,12.023332347373797,0.0
1795,12.618874250619097,0.0
1796,12.878105669008864,0.0
1797,12.952815881343938,0.0
1798,12.972892491492418,0.0
1799,13.008229515502084,0.0
1800,13.112863403128584,0.0
1801,1.3096428527683264,0.0
1802,0.0,0.0
1803,0.21292459093092458,0.0
1804,0.5122858204493321,0.0
1805,1.2737858239839583,0.0
1806,1.9503180987765922,0.0
1807,2.526350801508217,0.0
1808,15.50804252892069,0.0
1809,19.587488988581455,0.0
1810,18.098320381532677,0.0
1811,16.96115679742466,0.0
1812,16.03183902386997,0.0
1813,15.301300297582696,0.0
1814,14.784023237509286,0.0
1815,14.464478220236304,0.0
1816,14.365573299447584,0.0
1817,14.095668676149952,0.0
1818,14.341941226134013,0.0
1819,14.895733856580675,0.0
1820,15.190151458491624,0.0
1821,15.404180757241589,0.0
1822,15.642824932522142,0.0
1823,15.885281898763957,0.0
1824,16.09628967408024,0.0
1825,3.314522974044836,0.0
1826,0.604428266603152,0.0
1827,1.5133889893037848,0.0
1828,2.137993398435089,0.0
1829,2.7273953205774237,0.0
1830,3.2871975049855724,0.0
1831,3.7518679334588283,0.0
1832,16.920776866349712,0.0
1833,20.775441438048,0.0
1834,18.911777147268104,0.0
1835,17.471050469543503,0.0
1836,16.358418790256447,0.0
1837,15.51447727502461,0.0
1838,14.901774853490924,0.0
1839,14.52838127944225,0.0
1840,14.29332863076785,0.0
1841,14.060927460831298,0.0
1842,13.707654760702427,0.0
1843,13.746623246688737,0.0
1844,13.667580487374158,0.0
1845,13.71874696629066,0.0
1846,13.859598004887067,0.0
1847,14.034452866158608,0.0
1848,14.21041589543216,0.0
1849,1.9962118041350507,0.0
1850,0.0,0.0
1851,0.16856403496722722,0.0
1852,0.24901634404379158,0.0
1853,0.635658674455812,0.0
1854,0.990209661968927,0.0
1855,1.2418143099354508,0.0
1856,12.721943138673241,0.0
1857,15.05551435595004,0.0
1858,12.90796624404328,0.0
1859,10.038196112701861,0.0
1860,9.499576571039919,0.0
1861,9.022250888996052,0.0
1862,9.326448132560536,0.0
1863,9.319040420031346,0.0
1864,9.452987302312678,0.0
1865,9.419202164958268,0.0
1866,9.9066444802701,0.0
1867,10.668916597467977,0.0
1868,11.13739203629408,0.0
1869,11.481191895472875,0.0
1870,11.721110828386978,0.0
1871,11.884538267443892,0.0
1872,12.006890254793955,0.0
1873,0.4015393426412386,0.0
1874,0.0,0.0
1875,0.0,0.0
1876,0.0,0.0
1877,0.14702588245262121,0.0
1878,0.33203823144137756,0.0
1879,0.5701233869394895,0.0
1880,12.661101537372371,0.0
1881,16.852408154006916,0.0
1882,16.081461352063602,0.0
1883,15.589717375791853,0.0
1884,14.973737048409902,0.0
1885,14.236887083618097,0.0
1886,13.43747400578717,0.0
1887,12.733864240600154,0.0
1888,12.317868404757665,0.0
1889,12.229715805550617,0.0
1890,13.03992004685214,0.0
1891,14.175384860604607,0.0
1892,14.77633904587923,0.0
1893,14.894689272318947,0.0
1894,14.936055814552706,0.0
1895,15.038915678905008,0.0
1896,15.365825151834386,0.0
1897,2.8686067456235866,0.0
1898,0.1609756879056092,0.0
1899,0.9683456633483163,0.0
1900,1.437587122154089,0.0
1901,1.770307253278394,0.0
1902,2.1252779535647925,0.0
1903,2.468843066289046,0.0
1904,15.141868060327115,0.0
1905,19.288276773318106,0.0
1906,17.976815472638336,0.0
1907,15.744072779301616,0.0
1908,11.367187155324379,0.0
1909,7.716403552215714,0.0
1910,6.7374638531088324,0.0
1911,5.065757117657049,0.0
1912,8.151682026178499,0.0
1913,9.79867899551358,0.0
1914,10.911433656205604,0.0
1915,11.707627906087259,0.0
1916,12.190797810461268,0.0
1917,12.531828538786712,0.0
1918,12.821627358493826,0.0
1919,13.08832042548521,0.0
1920,13.347242094077332,0.0
1921,1.5164656440966224,0.0
1922,0.0,0.0
1923,0.5702607914289466,0.0
1924,1.1170513903221095,0.0
1925,1.9612968855733603,0.0
1926,2.670794646338577,0.0
1927,3.2252502439309882,0.0
1928,16.533383975724856,0.0
1929,20.62114740436619,0.0
1930,19.23140904464468,0.0
1931,18.33014150984703,0.0
1932,17.6893525102442,0.0
1933,17.205923704987345,0.0
1934,16.663050058089382,0.0
1935,16.239335472241727,0.0
1936,15.991043529248572,0.0
1937,16.109513997549453,0.0
1938,16.55453926416114,0.0
1939,17.20555941143698,0.0
1940,17.685913442426763,0.0
1941,18.033424882171108,0.0
1942,18.293967758795755,0.0
1943,18.441161734399298,0.0
1944,18.521917752055685,0.0
1945,4.935038795173799,0.0
1946,2.2267023502331,0.0
1947,3.202960361015543,0.0
1948,3.8645942211432294,0.0
1949,4.353757316829352,0.0
1950,4.7489660268724725,0.0
1951,5.034148251385018,0.0
1952,18.803391171343577,0.0
1953,23.259657475767458,0.0
1954,21.924578131646673,0.0
1955,20.815553047180835,0.0
1956,19.790376449446434,0.0
1957,18.959874797525437,0.0
1958,18.36895055166685,0.0
1959,18.161590526133786,0.0
1960,18.197766368921428,0.0
1961,18.45581891371541,0.0
1962,18.875205527607548,0.0
1963,19.359801897016354,0.0
1964,19.534325305558838,0.0
1965,19.605530373902166,0.0
1966,19.669363343177423,0.0
1967,19.76888938524062,0.0
1968,19.998065009503396,0.0
1969,6.001578748900656,0.0
1970,3.3158643771482295,0.0
1971,4.23089832919657,0.0
1972,4.8321800292481365,0.0
1973,5.285713209752025,0.0
1974,5.679597854585413,0.0
1975,5.935788637247331,0.0
1976,19.937575515322955,0.0
1977,24.15501588743356,0.0
1978,22.364412904076875,0.0
1979,21.104614147178935,0.0
1980,20.184973925819698,0.0
1981,19.503999636541476,0.0
1982,19.001534349284388,0.0
1983,18.615958269624414,0.0
1984,18.379462233831454,0.0
1985,17.8066880341768,0.0
1986,18.000911668136734,0.0
1987,18.520237377680385,0.0
1988,18.76700205076549,0.0
1989,18.923155156984546,0.0
1990,19.051805072691067,0.0
1991,19.14322535886759,0.0
1992,19.254405317757282,0.0
1993,5.372627925141658,0.0
1994,2.687344757927381,0.0
1995,3.6961835307691375,0.0
1996,4.415836921513206,0.0
1997,4.977403254876197,0.0
1998,5.437945143310984,0.0
1999,5.676197567675877,0.0
2000,19.700884351504286,0.0
2001,23.79448650256894,0.0
2002,21.860690697508357,0.0
2003,19.66930472808921,0.0
2004,18.095950495025285,0.0
2005,17.124767986330237,0.0
2006,17.148669843051156,0.0
2007,16.836015023721572,0.0
2008,16.69337614761401,0.0
2009,16.433275762090762,0.0
2010,16.900962773657596,0.0
2011,17.691079750520828,0.0
2012,18.198924490919655,0.0
2013,18.434442293566068,0.0
2014,18.535611474930217,0.0
2015,18.588840912175474,0.0
2016,18.58759299783112,0.0
2017,4.768454140209401,0.0
2018,2.074243851791034,0.0
2019,3.1036305062877765,0.0
2020,3.847405580577793,0.0
2021,4.436963149508543,0.0
2022,4.8863656373173905,0.0
2023,5.139525009935234,0.0
2024,18.69167238085059,0.0
2025,22.304741840765512,0.0
2026,19.998047670204297,0.0
2027,18.415322470745377,0.0
2028,17.15702305318071,0.0
2029,16.977072156445654,0.0
2030,16.42134658782966,0.0
2031,15.899212328852899,0.0
2032,15.49773845177325,0.0
2033,15.341451026807505,0.0
2034,15.397514234819406,0.0
2035,15.637201438773303,0.0
2036,15.840019710824286,0.0
2037,16.007511268974266,0.0
2038,16.241494815787938,0.0
2039,16.508645196992788,0.0
2040,16.773176928493864,0.0
2041,3.639416690186578,0.0
2042,1.0042287887057075,0.0
2043,1.9961528171875156,0.0
2044,2.7022826958587474,0.0
2045,3.330486685228356,0.0
2046,3.891423874635609,0.0
2047,4.2033741147841,0.0
2048,17.267425629011363,0.0
2049,16.14963451422219,0.0
2050,12.436600427180876,0.0
2051,10.322532878703198,0.0
2052,9.547663164718461,0.0
2053,9.126937174059323,0.0
2054,9.655171907155156,0.0
2055,9.756305578665673,0.0
2056,10.617989188998054,0.0
2057,10.943906667973359,0.0
2058,11.144187670540953,0.0
2059,11.469482552896784,0.0
2060,11.919234944329533,0.0
2061,12.590291965138103,0.0
2062,13.26260574825383,0.0
2063,13.786529784458706,0.0
2064,13.969139365446544,0.0
2065,1.5400939711841946,0.0
2066,0.0,0.0
2067,0.2647419319985137,0.0
2068,0.5606713390601119,0.0
2069,1.2540145538683283,0.0
2070,1.837812188418223,0.0
2071,2.152672134896889,0.0
2072,12.765572598628818,0.0
2073,16.961221447604547,0.0
2074,15.440306206885555,0.0
2075,13.916601099371668,0.0
2076,12.387400366387995,0.0
2077,11.71077124327146,0.0
2078,10.155584799125718,0.0
2079,10.612715683395031,0.0
2080,11.479730058579483,0.0
2081,11.973420522046062,0.0
2082,12.517221420242294,0.0
2083,13.134801405865817,0.0
2084,13.586135740912802,0.0
2085,13.89280265057752,0.0
2086,14.11699383032011,0.0
2087,14.26077325192298,0.0
2088,14.317825047877761,0.0
2089,1.9302321471545534,0.0
2090,0.0,0.0
2091,0.5193116314796173,0.0
2092,0.9670350603020617,0.0
2093,1.6195775881869727,0.0
2094,2.1731365587864513,0.0
2095,2.567813853022485,0.0
2096,15.414189174893668,0.0
2097,19.44573922393549,0.0
2098,18.03154416556479,0.0
2099,17.00967328174734,0.0
2100,16.274020617357827,0.0
2101,15.761007374346946,0.0
2102,15.467877582758089,0.0
2103,15.368117190760021,0.0
2104,15.395431890947957,0.0
2105,15.431352186038035,0.0
2106,15.580485302216646,0.0
2107,15.84732554233075,0.0
2108,16.026515489077696,0.0
2109,16.292811812007233,0.0
2110,16.561607465282947,0.0
2111,16.804194840802246,0.0
2112,16.986951908359366,0.0
2113,3.898296248332902,0.0
2114,1.2012635281733672,0.0
2115,2.1631660421492414,0.0
2116,2.8266269873872076,0.0
2117,3.35001062316491,0.0
2118,3.796106267234863,0.0
2119,4.066014108128366,0.0
2120,16.940570003320094,0.0
2121,20.082937352209363,0.0
2122,14.321358249189153,0.0
2123,12.608639029994826,0.0
2124,11.87368730846697,0.0
2125,13.298083817404862,0.0
2126,14.072892204640043,0.0
2127,14.078315042695476,0.0
2128,14.051592028725231,0.0
2129,13.620340898407537,0.0
2130,13.383461599514915,0.0
2131,14.73251527204922,0.0
2132,15.586812750942885,0.0
2133,16.258724391449118,0.0
2134,16.852016734462183,0.0
2135,17.243803567780894,0.0
2136,17.3512220066896,0.0
2137,3.9643232965405657,0.0
2138,1.245828470552547,0.0
2139,2.2045185684334214,0.0
2140,2.8899903698217044,0.0
2141,3.446310230675598,0.0
2142,3.915107532022157,0.0
2143,4.206174985913069,0.0
2144,17.57044139653385,0.0
2145,21.662504887211416,0.0
2146,19.937402167984047,0.0
2147,18.542746034938826,0.0
2148,17.23008589658078,0.0
2149,16.002566219012756,0.0
2150,14.904065644229373,0.0
2151,13.939120667770386,0.0
2152,13.234923626128133,0.0
2153,12.89413871895755,0.0
2154,12.908046991299742,0.0
2155,13.21414532792895,0.0
2156,13.503243571225395,0.0
2157,13.725584048471534,0.0
2158,13.905239023930124,0.0
2159,13.889373502529011,0.0
2160,13.731441665617977,0.0
2161,1.5194471499306221,0.0
2162,0.0,0.0
2163,0.019000464584266,0.0
2164,0.0566253620960762,0.0
2165,0.3671756096587503,0.0
2166,0.4972426034581358,0.0
2167,0.3857109621166697,0.0
2168,11.675767531722071,0.0
2169,15.138781945404599,0.0
2170,13.728875014559776,0.0
2171,11.714370878643933,0.0
2172,10.185662268294069,0.0
2173,9.81671780372834,0.0
2174,8.440677737490914,0.0
2175,7.978628905990286,0.0
2176,7.94317715289123,0.0
2177,8.03247005564619,0.0
2178,8.142232183452887,0.0
2179,8.576831409865408,0.0
2180,8.982678315188167,0.0
2181,9.361035310092694,0.0
2182,9.716172401839973,0.0
2183,9.868326874821125,0.0
2184,9.76918484185013,0.0
2185,0.0,0.0
2186,0.0,0.0
2187,0.0,0.0
2188,0.0,0.0
2189,0.0,0.0
2190,0.0,0.0
2191,0.0,0.0
2192,6.800214513996291,0.0
2193,5.6378465145311605,0.0
2194,1.987144105000116,0.0
2195,0.1881538766926112,0.0
2196,0.11047784081142,0.0
2197,0.1945969968427299,0.0
2198,0.0,0.0
2199,0.0,0.0
2200,0.0,0.0
2201,0.0,0.0
2202,0.0,0.0
2203,0.0,0.0
2204,0.0,0.0
2205,0.0429317446242688,0.0
2206,0.42037930372570464,0.0
2207,1.116038070733573,0.0
2208,1.795828992589878,0.0
2209,0.0,0.0
2210,0.0,0.0
2211,0.0,0.0
2212,0.0,0.0
2213,0.0,0.0
2214,0.0,0.0
2215,0.0,0.0
2216,2.4347287645963096,0.0
2217,2.146751891541959,0.0
2218,1.781976892235503,0.0
2219,1.4794938894456653,0.0
2220,1.9203388284641711,0.0
2221,2.119715564872159,0.0
2222,1.6054759672865313,0.0
2223,0.4819922886804124,0.0
2224,0.0,0.0
2225,0.0,0.0
2226,0.4814763135148354,0.0
2227,1.3608535736337701,0.0
2228,2.3073647061395604,0.0
2229,3.0566075880898036,0.0
2230,3.65094696298932,0.0
2231,4.214656440471718,0.0
2232,4.805920286881349,0.0
2233,0.0,0.0
2234,0.0,0.0
2235,0.0,0.0
2236,0.0,0.0
2237,0.0,0.0
2238,0.0,0.0
2239,0.0,0.0
2240,5.6387249860898745,0.0
2241,6.526297603697199,0.0
2242,3.8405244806290444,0.0
2243,3.7489631928748715,0.0
2244,3.4463736518889263,0.0
2245,2.81792229334519,0.0
2246,2.8226655501723306,0.0
2247,2.7918831756608657,0.0
2248,2.9069857164624895,0.0
2249,3.0728079545749076,0.0
2250,3.2738746122952174,0.0
2251,3.506578275862994,0.0
2252,3.707117864840572,0.0
2253,3.8672188120373097,0.0
2254,4.077360592412612,0.0
2255,4.36661217798955,0.0
2256,4.703431899252302,0.0
2257,0.0,0.0
2258,0.0,0.0
2259,0.0,0.0
2260,0.0,0.0
2261,0.0,0.0
2262,0.0,0.0
2263,0.0,0.0
2264,5.787386210804009,0.0
2265,7.609364196038424,0.0
2266,6.8527013179802045,0.0
2267,6.1435411821881685,0.0
2268,5.430483976298103,0.0
2269,4.90335137478443,0.0
2270,4.02371221545918,0.0
2271,3.4269580031294025,0.0
2272,3.51759185916597,0.0
2273,3.919766922743656,0.0
2274,4.134456747440442,0.0
2275,4.416266830810926,0.0
2276,4.781960527738596,0.0
2277,5.1853587735810205,0.0
2278,5.6271490524597,0.0
2279,6.058970489102794,0.0
2280,6.519493688356976,0.0
2281,0.0,0.0
2282,0.0,0.0
2283,0.0,0.0
2284,0.0,0.0
2285,0.0,0.0
2286,0.0,0.0
2287,0.0,0.0
2288,7.9108169847423495,0.0
2289,6.334154009814373,0.0
2290,3.05061981154427,0.0
2291,2.549714689975792,0.0
2292,1.0083432289132583,0.0
2293,1.1037152156286092,0.0
2294,0.4014240319318843,0.0
2295,0.0,0.0
2296,0.0,0.0
2297,0.0,0.0
2298,0.068745601212035,0.0
2299,0.8650863564166018,0.0
2300,1.9926284914020655,0.0
2301,2.729165839105198,0.0
2302,3.275274719342431,0.0
2303,3.692546368972649,0.0
2304,4.066327602086199,0.0
2305,0.0,0.0
2306,0.0,0.0
2307,0.0,0.0
2308,0.0,0.0
2309,0.0,0.0
2310,0.0,0.0
2311,0.0,0.0
2312,7.357610041557547,0.0
2313,9.75195463581698,0.0
2314,8.915287652202071,0.0
2315,7.3709078036426465,0.0
2316,5.76028609449073,0.0
2317,4.345827580677546,0.0
2318,4.063971922079291,0.0
2319,2.269451948658421,0.0
2320,1.5645095656916963,0.0
2321,1.9743747164071586,0.0
2322,3.8468112954538487,0.0
2323,5.234781621191028,0.0
2324,6.341487154750139,0.0
2325,7.036517638730325,0.0
2326,7.63855644315414,0.0
2327,8.270792654984946,0.0
2328,9.053004127222536,0.0
2329,0.0,0.0
2330,0.0,0.0
2331,0.0,0.0
2332,0.0,0.0
2333,0.1463807741075045,0.0
2334,0.7234389000249292,0.0
2335,0.6245209917454405,0.0
2336,8.513432564067813,0.0
2337,10.816064446781722,0.0
2338,9.175313836536395,0.0
2339,9.756378753977542,0.0
2340,8.552895347597262,0.0
2341,8.51444801965684,0.0
2342,5.546223223761473,0.0
2343,5.92292255153886,0.0
2344,5.545166620723434,0.0
2345,6.077924121111015,0.0
2346,7.754532381824514,0.0
2347,8.869431183129361,0.0
2348,9.956255407081253,0.0
2349,11.154281328037397,0.0
2350,12.298354016952823,0.0
2351,13.264191392862129,0.0
2352,13.765996924423783,0.0
2353,2.247543608684791,0.0
2354,0.0,0.0
2355,0.943711280591136,0.0
2356,1.7615743804142805,0.0
2357,2.684673936561473,0.0
2358,3.2901192582226777,0.0
2359,2.033376697642379,0.0
2360,11.368255230410044,0.0
2361,12.942947099945215,0.0
2362,10.341321678906937,0.0
2363,11.221898925074775,0.0
2364,11.310402998244747,0.0
2365,10.986934923947468,0.0
2366,9.602272745576862,0.0
2367,6.417532058610999,0.0
2368,5.376175437459801,0.0
2369,8.067617680103996,0.0
2370,6.387826797593663,0.0
2371,8.26946632642665,0.0
2372,10.176083970794322,0.0
2373,11.535828867176356,0.0
2374,12.659029044368225,0.0
2375,13.575328804096683,0.0
2376,14.299160657166228,0.0
2377,2.615401278047777,0.0
2378,0.3099872717997237,0.0
2379,1.5752446690093023,0.0
2380,2.5511235228596343,0.0
2381,3.3927599800042985,0.0
2382,3.7143324997673575,0.0
2383,2.2988953450196035,0.0
2384,12.324613438018035,0.0
2385,13.883468600809937,0.0
2386,10.977925440190674,0.0
2387,9.202853435498852,0.0
2388,6.907920763973548,0.0
2389,6.266849786095441,0.0
2390,4.674138625471889,0.0
2391,3.292446078486423,0.0
2392,2.9315769620812837,0.0
2393,2.6575051145229938,0.0
2394,3.943076713363844,0.0
2395,6.269854892258801,0.0
2396,7.8017884457833375,0.0
2397,9.122380302191198,0.0
2398,10.169335227768032,0.0
2399,10.836960407631981,0.0
2400,11.193550542162937,0.0
2401,0.3203193516992581,0.0
2402,0.0,0.0
2403,0.0279237629948652,0.0
2404,0.1727583891624655,0.0
2405,1.1052490597196445,0.0
2406,1.705189639803082,0.0
2407,1.1851184246407258,0.0
2408,9.469908859367408,0.0
2409,10.473201197990297,0.0
2410,7.264233506441177,0.0
2411,5.292131823061677,0.0
2412,4.535205289531239,0.0
2413,3.7687428899972373,0.0
2414,2.561511558501265,0.0
2415,1.212098714753261,0.0
2416,0.6160250959835119,0.0
2417,1.2904105217089008,0.0
2418,1.9024486172607755,0.0
2419,3.1350446756345463,0.0
2420,4.851446855750991,0.0
2421,5.921769062037921,0.0
2422,6.8091414848462914,0.0
2423,7.708918305219041,0.0
2424,8.48441517841217,0.0
2425,0.0,0.0
2426,0.0,0.0
2427,0.0,0.0
2428,0.0,0.0
2429,0.0,0.0
2430,0.0,0.0
2431,0.0211647709922221,0.0
2432,7.355075366912319,0.0
2433,8.477095906974064,0.0
2434,6.400267426865547,0.0
2435,3.800555677335635,0.0
2436,2.9095420502252978,0.0
2437,2.9062219734381505,0.0
2438,1.5881383105487878,0.0
2439,0.944480880317359,0.0
2440,0.2368543710515385,0.0
2441,0.7539760865040604,0.0
2442,1.373526631603195,0.0
2443,1.720554654744782,0.0
2444,2.856843785271315,0.0
2445,3.73596651478774,0.0
2446,4.771546189988294,0.0
2447,5.59016259799852,0.0
2448,6.254245043048334,0.0
2449,0.0,0.0
2450,0.0,0.0
2451,0.0,0.0
2452,0.0,0.0
2453,0.0,0.0
2454,0.0,0.0
2455,0.0,0.0
2456,7.158120802360063,0.0
2457,6.547713147406394,0.0
2458,3.5217447994672852,0.0
2459,2.120227097011496,0.0
2460,1.1618979428817369,0.0
2461,0.90377411770927,0.0
2462,0.5815191337552985,0.0
2463,0.0,0.0
2464,0.0,0.0
2465,0.1802440240227103,0.0
2466,0.6953089249130587,0.0
2467,1.2259722415790262,0.0
2468,2.1260709247716214,0.0
2469,2.934870320775694,0.0
2470,3.6150646324700775,0.0
2471,4.179001596677174,0.0
2472,4.780222063395373,0.0
2473,0.0,0.0
2474,0.0,0.0
2475,0.0,0.0
2476,0.0,0.0
2477,0.0,0.0
2478,0.0,0.0
2479,0.0,0.0
2480,7.135669957575665,0.0
2481,8.602127587186681,0.0
2482,5.452312551051549,0.0
2483,3.0454741560099583,0.0
2484,2.448654587097254,0.0
2485,2.5608775570132845,0.0
2486,2.430977934638795,0.0
2487,2.3214662213369186,0.0
2488,2.368979384163774,0.0
2489,2.89935963510644,0.0
2490,3.285456091488991,0.0
2491,3.7651718678215866,0.0
2492,4.291134389788268,0.0
2493,4.777715994654201,0.0
2494,5.382531162534069,0.0
2495,5.995880103355295,0.0
2496,6.497818371284447,0.0
2497,0.0,0.0
2498,0.0,0.0
2499,0.0,0.0
2500,0.0,0.0
2501,0.0,0.0
2502,0.0,0.0
2503,0.0,0.0
2504,6.098533163366778,0.0
2505,5.3593716517057,0.0
2506,2.4565976749217473,0.0
2507,0.8859088166925033,0.0
2508,0.127952292373682,0.0
2509,0.2443648297481478,0.0
2510,0.0,0.0
2511,0.0,0.0
2512,0.0,0.0
2513,0.0,0.0
2514,0.2195451626244984,0.0
2515,0.7358997735571593,0.0
2516,1.0544078503589924,0.0
2517,1.807234919609869,0.0
2518,2.378703908914548,0.0
2519,2.7971531110414394,0.0
2520,3.1640534113947716,0.0
2521,0.0,0.0
2522,0.0,0.0
2523,0.0,0.0
2524,0.0,0.0
2525,0.0,0.0
2526,0.0,0.0
2527,0.0,0.0
2528,4.672226176090683,0.0
2529,3.04478693135841,0.0
2530,1.7602553874123499,0.0
2531,0.2855957536160793,0.0
2532,0.0,0.0
2533,0.1269174172731517,0.0
2534,0.0691600496386268,0.0
2535,0.0,0.0
2536,0.0,0.0
2537,0.0,0.0
2538,0.0281676551534312,0.0
2539,0.2210388705718166,0.0
2540,0.7304546940754517,0.0
2541,1.0667135395701672,0.0
2542,1.692168316985925,0.0
2543,2.379981303065223,0.0
2544,3.0115376223351955,0.0
2545,0.0,0.0
2546,0.0,0.0
2547,0.0,0.0
2548,0.0,0.0
2549,0.0,0.0
2550,0.0,0.0
2551,0.0,0.0
2552,5.1095459178078215,0.0
2553,6.346394180680113,0.0
2554,5.936930215799075,0.0
2555,4.569918341502174,0.0
2556,2.2086898864424764,0.0
2557,0.9737703057573364,0.0
2558,0.0,0.0
2559,0.0,0.0
2560,0.0,0.0
2561,0.0,0.0
2562,0.0,0.0
2563,0.0034267079947312,0.0
2564,0.3963339164209901,0.0
2565,0.7348528426290026,0.0
2566,1.0737419209792525,0.0
2567,1.725326978947018,0.0
2568,2.5613179389518335,0.0
2569,0.0,0.0
2570,0.0,0.0
2571,0.0,0.0
2572,0.0,0.0
2573,0.0,0.0
2574,0.0,0.0
2575,0.0,0.0
2576,3.9852406058311884,0.0
2577,3.736111943102838,0.0
2578,1.5063689794721802,0.0
2579,0.1050030472974241,0.0
2580,0.0,0.0
2581,0.0,0.0
2582,0.0,0.0
2583,0.0,0.0
2584,0.0,0.0
2585,0.0,0.0
2586,0.0,0.0
2587,0.0,0.0
2588,0.0,0.0
2589,0.0,0.0
2590,0.0,0.0
2591,0.0526946471515596,0.0
2592,0.2734126401860218,0.0
2593,0.0,0.0
2594,0.0,0.0
2595,0.0,0.0
2596,0.0,0.0
2597,0.0,0.0
2598,0.0,0.0
2599,0.0,0.0
2600,1.282563033699779,0.0
2601,0.8050232514990138,0.0
2602,0.0,0.0
2603,0.0,0.0
2604,0.0,0.0
2605,0.0,0.0
2606,0.0,0.0
2607,0.0,0.0
2608,0.0,0.0
2609,0.0,0.0
2610,0.0,0.7214699025487222
2611,0.0,0.3008819895789202
2612,0.0,0.0
2613,0.0,0.0
2614,0.0,0.0
2615,0.0,0.0
2616,0.0,0.0
2617,0.0,0.0
2618,0.0,0.0
2619,0.0,0.0
2620,0.0,0.0
2621,0.0,0.0
2622,0.0,0.0
2623,0.0,0.0
2624,0.2590048908362788,0.0
2625,0.0,0.0
2626,0.0,0.0
2627,0.0,0.0
2628,0.0,0.0
2629,0.0,0.0
2630,0.0,0.0090745850869764
2631,0.0,0.4089724995395065
2632,0.0,0.8676938773230358
2633,0.0,1.2981558679122422
2634,0.0,2.2627107754228923
2635,0.0,1.8098179145782987
2636,0.0,0.0
2637,0.0,0.0
2638,0.0,0.0
2639,0.0,0.0
2640,0.0,0.0
2641,0.0,0.0
2642,0.0,0.0
2643,0.0,0.0
2644,0.0,0.0
2645,0.0,0.0
2646,0.0,0.0
2647,0.0,0.0
2648,0.7352032438089049,0.0
2649,0.1737833320907116,0.2542266275910272
2650,0.0,0.5219900500109199
2651,0.0,0.5259069935020589
2652,0.0,0.1711024494039884
2653,0.0,0.0
2654,0.0,0.2577489726048386
2655,0.0,0.846963901937569
2656,0.0,1.22015264685809
2657,0.0,1.8060584279565308
2658,0.0,2.51146447967362
2659,0.0,1.1776266342888264
2660,0.0,0.0
2661,0.0,0.0
2662,0.0,0.0
2663,0.0,0.0
2664,0.2423327098646647,0.0
2665,0.0,0.0
2666,0.0,0.0
2667,0.0,0.0
2668,0.0,0.0
2669,0.0,0.0
2670,0.0,0.0
2671,0.0,0.0
2672,2.28075858340217,0.0
2673,2.419383159104982,0.0
2674,1.2677507332037607,0.0
2675,0.1338062594799056,0.0
2676,0.0,0.0
2677,0.0,0.0
2678,0.0,0.0
2679,0.0,0.0
2680,0.0,0.0900734116781596
2681,0.0,0.4399966167783875
2682,0.2736783722457767,0.9094466872047308
2683,0.47055463223153,0.7919810152272435
2684,1.0133152312631215,0.0
2685,1.4184862986085822,0.0
2686,1.7581570970688012,0.0
2687,2.0489822466877534,0.0
2688,2.311614425365139,0.0
2689,0.0,0.0
2690,0.0,0.0
2691,0.0,0.0
2692,0.0,0.0
2693,0.0,0.0
2694,0.0,0.0
2695,0.0,0.0
2696,3.190213177203477,0.0
2697,3.65635634717027,0.0
2698,2.502520324499621,0.0
2699,1.4201248826941202,0.0
2700,0.1268642531209884,0.0
2701,0.0,0.0
2702,0.0,0.0
2703,0.0,0.0
2704,0.143061986575946,0.0
2705,0.3212338799128095,0.0790670528925774
2706,0.8893614972132167,0.0
2707,1.352330169099902,0.0
2708,1.810024007433749,0.0
2709,2.364659879704939,0.0
2710,2.985842953689611,0.0
2711,3.580518837687454,0.0
2712,4.10133709942584,0.0
2713,0.0,0.0
2714,0.0,0.0
2715,0.0,0.0
2716,0.0,0.0
2717,0.0,0.0
2718,0.0,0.0
2719,0.0,0.0
2720,6.325541033120301,0.0
2721,8.145231338916144,0.0
2722,7.184305749246188,0.0
2723,6.36582465453248,0.0
2724,5.657051275130556,0.0
2725,5.091661142836746,0.0
2726,4.741725518599366,0.0
2727,4.048428966371074,0.0
2728,3.927376686118336,0.0
2729,3.9356443290252843,0.0
2730,4.262594811464361,0.0
2731,4.783960548601067,0.0
2732,5.217629589177628,0.0
2733,5.535860755366181,0.0
2734,5.797322435833509,0.0
2735,5.970937806819897,0.0
2736,6.060190609539825,0.0
2737,0.0,0.0
2738,0.0,0.0
2739,0.0,0.0
2740,0.0,0.0
2741,0.0,0.0
2742,0.0,0.0
2743,0.0,0.0
2744,6.072785180075839,0.0
2745,6.687757002814477,0.0
2746,4.060831834025618,0.0
2747,3.2705033239386587,0.0
2748,2.505304825688719,0.0
2749,2.7968752934102428,0.0
2750,2.43939943152673,0.0
2751,2.344701432141883,0.0
2752,2.512047538466464,0.0
2753,3.1506839703316576,0.0
2754,3.354362127697031,0.0
2755,3.8621321816148297,0.0
2756,4.4418105119746745,0.0
2757,4.832055966281583,0.0
2758,5.157074477454646,0.0
2759,5.41664734419757,0.0
2760,5.676459500670536,0.0
2761,0.0,0.0
2762,0.0,0.0
2763,0.0,0.0
2764,0.0,0.0
2765,0.0,0.0
2766,0.0,0.0
2767,0.0,0.0
2768,4.157832130198464,0.0
2769,4.824851796640061,0.0
2770,2.9235688940808013,0.0
2771,1.697518578326635,0.0
2772,0.966057024707455,0.0
2773,0.8007577345483555,0.0
2774,1.5754453825451167,0.0
2775,1.541997798907792,0.0
2776,1.7412953620132532,0.0
2777,1.932398004645834,0.0
2778,2.311535411058034,0.0
2779,2.9540765895862164,0.0
2780,3.6213657922769764,0.0
2781,4.076232541182697,0.0
2782,4.483137955403524,0.0
2783,4.948683792367236,0.0
2784,5.436572652754679,0.0
2785,0.0,0.0
2786,0.0,0.0
2787,0.0,0.0
2788,0.0,0.0
2789,0.0,0.0
2790,0.0,0.0
2791,0.0,0.0
2792,6.573425033679143,0.0
2793,6.155190470181299,0.0
2794,3.73533703461232,0.0
2795,2.284621332956732,0.0
2796,1.5490054397972322,0.0
2797,0.9683402420419992,0.0
2798,0.3325644235196927,0.0
2799,0.0,0.0
2800,0.2509174518093398,0.0
2801,0.3704616241876081,0.0
2802,0.6712787279258352,0.0
2803,0.8070976259882849,0.0
2804,1.2481393082428498,0.0
2805,2.0289253920380803,0.0
2806,2.799623253379484,0.0
2807,3.4342311904720066,0.0
2808,3.9185477068914203,0.0
2809,0.0,0.0
2810,0.0,0.0
2811,0.0,0.0
2812,0.0,0.0
2813,0.0,0.0
2814,0.0,0.0
2815,0.0,0.0
2816,3.309998225087079,0.0
2817,3.3461281128694105,0.0
2818,1.9336301939707805,0.0
2819,0.492293340394511,0.0
2820,0.0,0.0
2821,0.0,0.0
2822,0.0,0.0
2823,0.0,0.0
2824,0.0,0.0
2825,0.0,0.0
2826,0.0,0.03820411405957
2827,0.0,0.1597361119450215
2828,0.0,0.0
2829,0.2246422648701829,0.0
2830,0.5549653170104526,0.0
2831,0.8178195647986042,0.0
2832,1.044524043950684,0.0
2833,0.0,0.0
2834,0.0,0.0
2835,0.0,0.0
2836,0.0,0.0
2837,0.0,0.0
2838,0.0,0.0
2839,0.0,0.0
2840,1.838079499641341,0.0
2841,1.908597461505722,0.0
2842,0.6519858209974903,0.0
2843,0.6695459231523434,0.0
2844,0.3672802816192173,0.0
2845,0.0,0.0
2846,0.0,0.0
2847,0.0,0.0
2848,0.0,0.0
2849,0.0,0.0
2850,0.0,0.0
2851,0.4741781704913106,0.0
2852,0.9288430553378486,0.0
2853,1.467608084231405,0.0
2854,2.108655382108409,0.0
2855,2.6177893390015536,0.0
2856,2.9123455412809,0.0
2857,0.0,0.0
2858,0.0,0.0
2859,0.0,0.0
2860,0.0,0.0
2861,0.0,0.0
2862,0.0,0.0
2863,0.0,0.0
2864,4.011786375573461,0.0
2865,5.283001579405787,0.0
2866,4.83683660211859,0.0
2867,4.463135194970148,0.0
2868,4.147540310635328,0.0
2869,3.892918979864893,0.0
2870,3.717950416894681,0.0
2871,3.650723292416183,0.0
2872,3.6954952285075953,0.0
2873,3.88568204901207,0.0
2874,4.223353635683767,0.0
2875,4.629050295563502,0.0
2876,5.058707701844259,0.0
2877,5.3312621052334075,0.0
2878,5.537020910213153,0.0
2879,5.711063332355851,0.0
2880,0.0,0.0
2881,0.0,0.0
2882,0.0,0.0
2883,0.0,0.0
2884,0.0,0.0
2885,0.0,0.0
2886,0.0,0.0
2887,0.0,0.0
2888,0.0,0.0
2889,0.0,0.0
2890,0.0,0.0
2891,0.0,0.0
2892,0.0,0.0
2893,0.0,0.0
2894,0.0,0.0
2895,0.0,0.0
2896,0.0,0.0
2897,0.0,0.0
2898,0.0,0.0
2899,0.0,0.0
2900,0.0,0.0
2901,0.0,0.0
2902,0.0,0.0
2903,0.0,0.0
2904,0.0,0.0
2905,0.0,0.0
2906,0.0,0.0
2907,0.0,0.0
2908,0.0,0.0
2909,0.0,0.0
2910,0.0,0.0
2911,0.0,0.0
2912,0.0,0.0
2913,0.0,0.0
2914,0.0,0.0
2915,0.0,0.0
2916,0.0,0.0
2917,0.0,0.0
2918,0.0,0.0
2919,0.0,0.0
2920,0.0,0.0
2921,0.0,0.0
2922,0.0,0.0
2923,0.0,0.0
2924,0.0,0.0
2925,0.0,0.0
2926,0.0,0.0
2927,0.0,0.0
2928,0.0,0.0
2929,0.0,0.0
2930,0.0,0.0
2931,0.0,0.0
2932,0.0,0.0
2933,0.0,0.0
2934,0.0,0.0
2935,0.0,0.0
2936,0.0,0.0
2937,0.0,0.0
2938,0.0,0.0
2939,0.0,0.0
2940,0.0,0.0
2941,0.0,0.0
2942,0.0,0.0
2943,0.0,0.0
2944,0.0,0.0
2945,0.0,0.0
2946,0.0,0.0
2947,0.0,0.0
2948,0.0,0.0
2949,0.0,0.0
2950,0.0,0.0
2951,0.0,0.0
2952,0.0,0.0
2953,0.0,0.0
2954,0.0,0.0
2955,0.0,0.0
2956,0.0,0.0
2957,0.0,0.0
2958,0.0,0.0
2959,0.0,0.0
2960,0.0,0.0
2961,0.0,0.0
2962,0.0,0.0
2963,0.0,0.0
2964,0.0,0.0
2965,0.0,0.0
2966,0.0,0.0
2967,0.0,0.0
2968,0.0,0.0
2969,0.0,0.0
2970,0.0,0.0
2971,0.0,0.0
2972,0.0,0.0
2973,0.0,0.0
2974,0.0,0.0
2975,0.0,0.0
2976,0.0,0.0
2977,0.0,0.0
2978,0.0,0.0
2979,0.0,0.0
2980,0.0,0.0
2981,0.0,0.0
2982,0.0,0.0
2983,0.0,0.0
2984,0.0,0.0
2985,0.0,0.0
2986,0.0,0.0
2987,0.0,0.0
2988,0.0,0.0
2989,0.0,0.0
2990,0.0,0.0
2991,0.0,0.0
2992,0.0,0.0
2993,0.0,0.0
2994,0.0,0.0
2995,0.0,0.0
2996,0.0,0.0
2997,0.0,0.0
2998,0.0,0.0
2999,0.0,0.0
3000,0.0,0.0
3001,0.0,0.0
3002,0.0,0.0
3003,0.0,0.0
3004,0.0,0.0
3005,0.0,0.0
3006,0.0,0.0
3007,0.0,0.0
3008,0.0,0.0
3009,0.0,0.0
3010,0.0,0.0
3011,0.0,0.0
3012,0.0,0.0
3013,0.0,0.0
3014,0.0,0.0
3015,0.0,0.0
3016,0.0,0.0
3017,0.0,0.0
3018,0.0,0.0
3019,0.0,0.0
3020,0.0,0.0
3021,0.0,0.0
3022,0.0,0.0
3023,0.0,0.0
3024,0.0,0.0
3025,0.0,0.0
3026,0.0,0.0
3027,0.0,0.0
3028,0.0,0.0
3029,0.0,0.0
3030,0.0,0.0
3031,0.0,0.0
3032,0.0,0.0
3033,0.0,0.0
3034,0.0,0.0
3035,0.0,0.0
3036,0.0,0.0
3037,0.0,0.0
3038,0.0,0.0
3039,0.0,0.0
3040,0.0,0.1769713623933785
3041,0.0,0.6421546392268405
3042,0.0,1.0321797320668946
3043,0.0,0.914615343724274
3044,0.0,0.0
3045,0.0,0.0
3046,0.0,0.0
3047,0.0,0.0
3048,0.0,0.0
3049,0.0,0.0
3050,0.0,0.0
3051,0.0,0.0
3052,0.0,0.0
3053,0.0,0.0
3054,0.0,0.0
3055,0.0,0.0
3056,0.0,0.0
3057,0.0,0.2446529585463091
3058,0.0,0.5162877554368445
3059,0.0,0.520315016890171
3060,0.0,0.4971135884537216
3061,0.0,0.4304744441163913
3062,0.0,0.605891916721432
3063,0.0,0.7721262322320883
3064,0.0,0.5508590593581014
3065,0.0,0.4432814653767612
3066,0.0,0.3163541428366039
3067,0.0,0.118605167498293
3068,0.0,0.0
3069,0.0,0.0
3070,0.0,0.0
3071,0.0,0.0
3072,0.0,0.0
3073,0.0,0.0
3074,0.0,0.0
3075,0.0,0.0
3076,0.0,0.0
3077,0.0,0.0
3078,0.0,0.0
3079,0.0,0.2177735601380522
3080,0.0,0.7930477056689819
3081,0.0,1.240580405010874
3082,0.0,1.6159863856366747
3083,0.0,1.5588895843374242
3084,0.0,1.2201291614262866
3085,0.0,1.140508774342759
3086,0.0,1.8254903082495244
3087,0.0,2.7155114253215933
3088,0.0,3.746426744651132
3089,0.0,5.810309344917858
3090,0.0,5.554160094917549
3091,0.0,2.726257998249178
3092,0.0,1.4474978650926236
3093,0.0,0.6481731800420433
3094,0.0,0.3760049756161202
3095,0.0,0.164056899386568
3096,0.0,0.0313066812281128
3097,0.0,0.0
3098,0.0,0.0
3099,0.0,0.0
3100,0.0,0.0
3101,0.0,0.0
3102,0.0,0.6159158067361082
3103,0.0,1.3621676791044106
3104,0.0,2.3774400594532037
3105,0.0,3.1382527507575126
3106,0.0,3.8436296239057346
3107,0.0,3.515343567111615
3108,0.0,2.956012013178091
3109,0.0,2.6472535143693676
3110,0.0,4.095387348800812
3111,0.0,6.028438664435065
3112,0.0,6.221102869792425
3113,0.0,7.4590448487568946
3114,0.0,8.122414127936832
3115,0.0,4.2420808555578615
3116,0.0,2.7666118498011363
3117,0.0,1.8530341595547846
3118,0.0,1.22385311852624
3119,0.0,0.6954296390144574
3120,0.0,0.4657144067908666
3121,0.0,0.3005687904436006
3122,0.0,0.1717799264677887
3123,0.0,0.066320062393869
3124,0.0,0.0
3125,0.0,0.0
3126,0.0,0.831478624405758
3127,0.0,2.5720840482952916
3128,0.0,4.164298760713549
3129,0.0,4.951043875721621
3130,0.0,5.399908371184283
3131,0.0,5.829194991000048
3132,0.0,6.361322246326381
3133,0.0,6.951282879027987
3134,0.0,8.125755516353149
3135,0.0,9.798016132552334
3136,0.0,8.97293883889878
3137,0.0,8.791283182130694
3138,0.0,8.568134632378948
3139,0.0,9.166209989863912
3140,0.0,4.865084564275749
3141,0.0,3.1612145267283953
3142,0.0,2.243278914417234
3143,0.0,1.5044723614022062
3144,0.0,0.9498496493592149
3145,0.0,0.5132949866924901
3146,0.0,0.3853281888032021
3147,0.0,0.2646084977698127
3148,0.0,0.1395350707750023
3149,0.0,0.0
3150,0.0,1.4110965040315528
3151,0.0,1.988085861336052
3152,0.0,2.911645257831034
3153,0.0,4.887585329881825
3154,0.0,5.991808283070091
3155,0.0,6.03243327199196
3156,0.0,6.478885224957323
3157,0.0,6.614724718194557
3158,0.0,7.270230916043938
3159,0.0,7.845870849413913
3160,0.0,9.365918189890266
3161,0.0,9.287228094508844
3162,0.0,9.033353894093192
3163,0.0,7.6908108928497105
3164,0.0,3.721484245370375
3165,0.0,1.9728617792388345
3166,0.0,0.8543218292689158
3167,0.0,0.3328545016072409
3168,0.0,0.123203783611049
3169,0.0,0.0
3170,0.0,0.0
3171,0.0,0.0
3172,0.0,0.0
3173,0.0,0.0
3174,0.0,0.0560203534845317
3175,0.0,0.8028164711119865
3176,0.0,1.1885879122574583
3177,0.0,2.7211967606506127
3178,0.0,4.213446082389087
3179,0.0,4.401429799480385
3180,0.0,3.853961099653501
3181,0.0,3.8192435944675367
3182,0.0,5.286674864987136
3183,0.0,6.236836754262888
3184,0.0,5.623175869231257
3185,0.0,3.238932575575107
3186,0.0,1.965883445507457
3187,0.0,0.7322436497042912
3188,0.0,0.4269208434913081
3189,0.0,0.1514626387420786
3190,0.0,0.0
3191,0.0,0.0
3192,0.0,0.0
3193,0.0,0.0
3194,0.0,0.0
3195,0.0,0.0
3196,0.0,0.0
3197,0.0,0.0
3198,0.0,0.0
3199,0.0,0.0
3200,0.0,0.0
3201,0.0,0.0
3202,0.0,0.0
3203,0.0,0.0
3204,0.0,0.0
3205,0.0,0.0
3206,0.0,0.0
3207,0.0,0.0
3208,0.0,0.0
3209,0.0,0.0
3210,0.0,0.0
3211,0.0,0.0
3212,0.0,0.0
3213,0.0,0.0
3214,0.0,0.0
3215,0.0,0.0
3216,0.0,0.0
3217,0.0,0.0
3218,0.0,0.0
3219,0.0,0.0
3220,0.0,0.0
3221,0.0,0.0
3222,0.0,0.0
3223,0.0,0.0
3224,0.0,0.0
3225,0.0,0.0
3226,0.0,0.0958428869718368
3227,0.0,0.0
3228,0.0,0.0
3229,0.0,0.0
3230,0.0,0.0
3231,0.0,0.0
3232,0.0,0.0
3233,0.0,0.0
3234,0.0,0.0
3235,0.0,0.1577015588921413
3236,0.0,0.0
3237,0.0,0.0
3238,0.0,0.0
3239,0.0,0.0
3240,0.0,0.0
3241,0.0,0.0
3242,0.0,0.0
3243,0.0,0.0
3244,0.0,0.0
3245,0.0,0.0
3246,0.0,0.0
3247,0.0,0.0
3248,0.0,0.0897931190799863
3249,0.0,0.5017476361914952
3250,0.0,0.8616095264644212
3251,0.0,0.4993958671974542
3252,0.0,0.297247210960017
3253,0.0,0.240046223797803
3254,0.0,0.4528023988622832
3255,0.0,0.7236327786265611
3256,0.0,0.7385300502411781
3257,0.0,1.5628355687245978
3258,0.0,1.482205131864167
3259,0.0,0.8196185829232854
3260,0.0,0.0714470079839682
3261,0.0,0.0
3262,0.0,0.0
3263,0.0,0.0
3264,0.0,0.0
3265,0.0,0.0
3266,0.0,0.0
3267,0.0,0.0
3268,0.0,0.0
3269,0.0,0.0
3270,0.0,0.0
3271,0.0,0.0642507917433815
3272,0.0,0.695772530436823
3273,0.0,1.353309903163269
3274,0.0,1.4667740538225107
3275,0.0,1.378591756065111
3276,0.0,1.5942039133677461
3277,0.0,1.3170400638349544
3278,0.0,1.3331891530362596
3279,0.0,1.155890707047486
3280,0.0,1.7129007857458618
3281,0.0,2.0054409421405905
3282,0.0,1.7771224958393983
3283,0.0,0.8094709522617793
3284,0.0,0.3695821010860284
3285,0.0,0.1017358457016073
3286,0.0,0.0
3287,0.0,0.0
3288,0.0,0.0
3289,0.0,0.0
3290,0.0,0.0
3291,0.0,0.0
3292,0.0,0.0
3293,0.0,0.0
3294,0.0,0.0995137345437898
3295,0.0,0.2831133778008936
3296,0.0,0.9915153236863664
3297,0.0,1.5793547540450688
3298,0.0,1.5922214076838686
3299,0.0,1.7942996383378502
3300,0.0,2.1892592122886305
3301,0.0,2.2179846510189476
3302,0.0,2.772787946052364
3303,0.0,3.9700466473709497
3304,0.0,4.031582722406755
3305,0.0,2.0233484314221597
3306,0.0,1.1313326109038704
3307,0.0,0.5685006074606644
3308,0.0,0.1823182344979917
3309,0.0,0.0
3310,0.0,0.0
3311,0.0,0.0
3312,0.0,0.0
3313,0.0,0.0
3314,0.0,0.0
3315,0.0,0.0
3316,0.0,0.0
3317,0.0,0.0
3318,0.0,0.0
3319,0.0,0.0
3320,0.0,0.0
3321,0.0,0.0
3322,0.0,0.0049211860299449
3323,0.0,0.1810093656344704
3324,0.0,0.4492087954212103
3325,0.0,0.7809384454326693
3326,0.0,1.7805023709271657
3327,0.0,2.173160757550148
3328,0.0,2.3839508491726074
3329,0.0,1.484007644788887
3330,0.0,0.7711951757482004
3331,0.0,0.2084042017394919
3332,0.0,0.0
3333,0.0,0.0
3334,0.0,0.0
3335,0.0,0.0
3336,0.0,0.0
3337,0.0,0.0
3338,0.0,0.0
3339,0.0,0.0
3340,0.0,0.0
3341,0.0,0.0
3342,0.0,0.0
3343,0.0,0.0
3344,0.0,0.0
3345,0.0,0.0503202418830834
3346,0.0,1.040028199301766
3347,0.0,1.1080642574534434
3348,0.0,1.8069783365247147
3349,0.0,1.915737299365549
3350,0.0,1.6506986111658706
3351,0.0,2.38468661034542
3352,0.0,3.3440427361360583
3353,0.0,3.578064195806631
3354,0.0,5.282245721078693
3355,0.0,4.028710996633033
3356,0.0,1.2863164388020878
3357,0.0,0.7172665625449575
3358,0.0,0.4071228436513694
3359,0.0,0.1612976157206544
3360,0.0,0.0
3361,0.0,0.0
3362,0.0,0.0
3363,0.0,0.0
3364,0.0,0.0
3365,0.0,0.0
3366,0.0,0.0
3367,0.0,1.1743973921134685
3368,0.0,1.2265759628854156
3369,0.0,1.6473522580811226
3370,0.0,3.1703478856554526
3371,0.0,3.8530206966933793
3372,0.0,3.481446525873398
3373,0.0,3.500800863221278
3374,0.0,4.397205346864753
3375,0.0,5.449782119472729
3376,0.0,6.835778217235582
3377,0.0,6.080153714405775
3378,0.0,4.088000436844069
3379,0.0,2.295896014505294
3380,0.0,0.9325541693796062
3381,0.0,0.4431340641987319
3382,0.0,0.1783820310335027
3383,0.0,0.0098914622659827
3384,0.0,0.0
3385,0.0,0.0
3386,0.0,0.0
3387,0.0,0.0
3388,0.0,0.0
3389,0.0,0.0
3390,0.0,0.0
3391,0.0,0.0
3392,0.0,0.0
3393,0.0,0.2221008983716375
3394,0.0,0.4384365300833532
3395,0.0,0.9129130779441684
3396,0.0,1.3481939129791458
3397,0.0,1.7072922230811105
3398,0.0,2.392002390257217
3399,0.0,2.9656380623261063
3400,0.0,3.5515979149048027
3401,0.0,4.354935578443223
3402,0.0,4.535054335062798
3403,0.0,2.1253926672085637
3404,0.0,1.0358301573227395
3405,0.0,0.4740596638236052
3406,0.0,0.231886767777687
3407,0.0,0.0446934172084406
3408,0.0,0.0
3409,0.0,0.0
3410,0.0,0.0
3411,0.0,0.0
3412,0.0,0.0
3413,0.0,0.0
3414,0.0,0.6775658174096558
3415,0.0,1.2052533774472411
3416,0.0,1.558277096697768
3417,0.0,2.542229912070195
3418,0.0,3.2835612217981622
3419,0.0,3.571015014168928
3420,0.0,2.6690287754550726
3421,0.0,3.0699166641920517
3422,0.0,3.5094606730851954
3423,0.0,5.184576168178982
3424,0.0,6.348349593370108
3425,0.0,7.045729619289801
3426,0.0,7.131117786458377
3427,0.0,7.04189388791754
3428,0.0,4.31764470923329
3429,0.0,1.350290225603409
3430,0.0,0.5552254464499614
3431,0.0,0.2454846887434056
3432,0.0,0.0298408428237679
3433,0.0,0.0
3434,0.0,0.0
3435,0.0,0.0
3436,0.0,0.0
3437,0.0,0.0
3438,0.0,0.4307959104348184
3439,0.0,0.7670997483181257
3440,0.0,1.7798934074511634
3441,0.0,1.9046096841621167
3442,0.0,2.9367092172105758
3443,0.0,2.667956624075765
3444,0.0,2.4605284902718587
3445,0.0,2.6268757501116644
3446,0.0,3.6557140209248282
3447,0.0,5.196971188266268
3448,0.0,6.561342845020149
3449,0.0,7.523595719813084
3450,0.0,7.756055457162633
3451,0.0,7.138402022831327
3452,0.0,5.837564716236949
3453,0.0,1.964159607077195
3454,0.0,0.7062130225594512
3455,0.0,0.3678288015401146
3456,0.0,0.1198926741667512
3457,0.0,0.0
3458,0.0,0.0
3459,0.0,0.0
3460,0.0,0.0
3461,0.0,0.0
3462,0.0,0.0
3463,0.0,0.0
3464,0.0,0.0
3465,0.0,0.1995076157526879
3466,0.0,0.4437054555733064
3467,0.0,0.455171068434348
3468,0.0,0.5146175083227393
3469,0.0,0.53272045616033
3470,0.0,0.4975606363446179
3471,0.0,0.4316378965724369
3472,0.0,0.3368203392524851
3473,0.0,0.3576120687393995
3474,0.0,0.2620721591217928
3475,0.0,0.0798272048832344
3476,0.0,0.0
3477,0.0,0.0
3478,0.0,0.0
3479,0.0,0.0
3480,0.0,0.0
3481,0.0,0.0
3482,0.0,0.0
3483,0.0,0.0
3484,0.0,0.0
3485,0.0,0.0
3486,0.0,0.0
3487,0.0,0.0
3488,0.0,0.0
3489,0.0,0.0
3490,0.0,0.0
3491,0.0,0.0
3492,0.0,0.0
3493,0.0,0.0
3494,0.0,0.0
3495,0.0,0.0
3496,0.0,0.0
3497,0.0,0.0
3498,0.0,0.0
3499,0.0,0.0
3500,0.0,0.0
3501,0.0,0.0
3502,0.0,0.0
3503,0.0,0.0
3504,0.0,0.0
3505,0.0,0.0
3506,0.0,0.0
3507,0.0,0.0
3508,0.0,0.0
3509,0.0,0.0
3510,0.0,0.0
3511,0.0,0.0
3512,0.0,0.0
3513,0.0,0.0
3514,0.0,0.0
3515,0.0,0.0
3516,0.0,0.0
3517,0.0,0.0
3518,0.0,0.0
3519,0.0,0.0
3520,0.0,0.0
3521,0.0,0.0
3522,0.0,0.0
3523,0.0,0.0
3524,0.0,0.0
3525,0.0,0.0
3526,0.0,0.0
3527,0.0,0.0
3528,0.0,0.0
3529,0.0,0.0
3530,0.0,0.0
3531,0.0,0.0
3532,0.0,0.0
3533,0.0,0.0
3534,0.0,0.0
3535,0.0,0.0
3536,0.0,0.0
3537,0.0,0.0
3538,0.0,0.0
3539,0.0,0.0
3540,0.0,0.0
3541,0.0,0.0
3542,0.0,0.0
3543,0.0,0.0
3544,0.0,0.0
3545,0.0,0.0
3546,0.0,0.0
3547,0.0,0.0
3548,0.0,0.0
3549,0.0,0.0
3550,0.0,0.0
3551,0.0,0.0
3552,0.0,0.0
3553,0.0,0.0
3554,0.0,0.0
3555,0.0,0.0
3556,0.0,0.0
3557,0.0,0.0
3558,0.0,0.0
3559,0.0,0.0
3560,0.0,0.0
3561,0.0,0.0
3562,0.0,0.0
3563,0.0,0.0
3564,0.0,0.0
3565,0.0,0.0
3566,0.0,0.0
3567,0.0,0.0
3568,0.0,0.0
3569,0.0,0.0
3570,0.0,0.0
3571,0.0,0.0
3572,0.0,0.0
3573,0.0,0.0
3574,0.0,0.0
3575,0.0,0.0
3576,0.0,0.0
3577,0.0,0.0
3578,0.0,0.0
3579,0.0,0.0
3580,0.0,0.0
3581,0.0,0.0
3582,0.0,0.0
3583,0.0,0.0
3584,0.0,0.0
3585,0.0,0.0
3586,0.0,0.0
3587,0.0,0.0
3588,0.0,0.0
3589,0.0,0.0
3590,0.0,0.0
3591,0.0,0.0
3592,0.0,0.0
3593,0.0,0.0
3594,0.0,0.0
3595,0.0,0.0
3596,0.0,0.0
3597,0.0,0.0
3598,0.0,0.0
3599,0.0,0.0
3600,0.0,0.0
3601,0.0,0.0
3602,0.0,0.0
3603,0.0,0.0
3604,0.0,0.0
3605,0.0,0.0
3606,0.0,0.0
3607,0.0,0.0
3608,0.0,0.0
3609,0.0,0.0
3610,0.0,0.0
3611,0.0,0.0
3612,0.0,0.0
3613,0.0,0.0
3614,0.0,0.0
3615,0.0,0.0
3616,0.0,0.0
3617,0.0,0.0
3618,0.0,0.0
3619,0.0,0.0
3620,0.0,0.0
3621,0.0,0.0
3622,0.0,0.0
3623,0.0,0.0
3624,0.0,0.0
3625,0.0,0.0
3626,0.0,0.0
3627,0.0,0.0
3628,0.0,0.0
3629,0.0,0.0
3630,0.0,0.0
3631,0.0,0.0
3632,0.0,0.0
3633,0.0,0.0
3634,0.0,0.0
3635,0.0,0.0
3636,0.0,0.0
3637,0.0,0.0
3638,0.0,0.0
3639,0.0,0.0
3640,0.0,0.0
3641,0.0,0.0
3642,0.0,0.0
3643,0.0,0.0
3644,0.0,0.0
3645,0.0,0.0
3646,0.0,0.0
3647,0.0,0.0
3648,0.0,0.0
3649,0.0,0.0
3650,0.0,0.0
3651,0.0,0.0
3652,0.0,0.0
3653,0.0,0.0
3654,0.0,0.0
3655,0.0,0.0
3656,0.0,0.0
3657,0.0,0.0
3658,0.0,0.0
3659,0.0,0.0
3660,0.0,0.0
3661,0.0,0.0
3662,0.0,0.0
3663,0.0,0.0
3664,0.0,0.0
3665,0.0,0.0
3666,0.0,0.0
3667,0.0,0.0
3668,0.0,0.0
3669,0.0,0.0
3670,0.0,0.0
3671,0.0,0.0
3672,0.0,0.0
3673,0.0,0.0
3674,0.0,0.0
3675,0.0,0.0
3676,0.0,0.0
3677,0.0,0.0
3678,0.0,0.0
3679,0.0,0.0
3680,0.0,0.0
3681,0.0,0.0
3682,0.0,0.0
3683,0.0,0.0
3684,0.0,0.0
3685,0.0,0.0
3686,0.0,0.0
3687,0.0,0.0
3688,0.0,0.0
3689,0.0,0.0
3690,0.0,0.0
3691,0.0,0.0
3692,0.0,0.0
3693,0.0,0.0
3694,0.0,0.0
3695,0.0,0.0
3696,0.0,0.0
3697,0.0,0.0
3698,0.0,0.0
3699,0.0,0.0
3700,0.0,0.0
3701,0.0,0.0
3702,0.0,0.0
3703,0.0,0.0
3704,0.0,0.0
3705,0.0,0.0
3706,0.0,0.0
3707,0.0,0.0
3708,0.0,0.0
3709,0.0,0.0
3710,0.0,0.0
3711,0.0,0.0
3712,0.0,0.0472539760807639
3713,0.0,0.4074687356696571
3714,0.0,0.7091044901405661
3715,0.0,0.0
3716,0.0,0.0
3717,0.0,0.0
3718,0.0,0.0
3719,0.0,0.0
3720,0.0,0.0
3721,0.0,0.0
3722,0.0,0.0
3723,0.0,0.0
3724,0.0,0.0
3725,0.0,0.0
3726,0.0,0.0
3727,0.0,0.0
3728,0.0,0.0
3729,0.0,0.7476238304424138
3730,0.0,0.8435096076258358
3731,0.0,0.5100116408699735
3732,0.0,0.3060814909644573
3733,0.0,0.1924257569064502
3734,0.0,0.2996853932502401
3735,0.0,0.9066304271435688
3736,0.0,1.8472544743158343
3737,0.0,0.6236779248490267
3738,0.0,0.3970840062293508
3739,0.0,0.0103999269038225
3740,0.0,0.0
3741,0.0,0.0
3742,0.0,0.0
3743,0.0,0.0
3744,0.0,0.0
3745,0.0,0.0
3746,0.0,0.0
3747,0.0,0.0
3748,0.0,0.0
3749,0.0,0.0
3750,0.0,0.0
3751,0.0,0.0
3752,0.0,0.0
3753,0.0,0.0
3754,0.0,0.0
3755,0.0,0.0
3756,0.0,0.0411812786809443
3757,0.0,0.2124835452695535
3758,0.0,0.4244390345873883
3759,0.0,0.9852438005238786
3760,0.0,1.036205691053902
3761,0.0,2.6115641217218544
3762,0.0,2.222867740825103
3763,0.0,1.9402514701855396
3764,0.0,0.2436983607824125
3765,0.0,0.0
3766,0.0,0.0
3767,0.0,0.0
3768,0.0,0.0
3769,0.0,0.0
3770,0.0,0.0
3771,0.0,0.0
3772,0.0,0.0
3773,0.0,0.0
3774,0.0,0.0
3775,0.0,0.0
3776,0.0,0.0
3777,0.0,0.5256984143262364
3778,0.0,0.4511480685403836
3779,0.0,0.607226771537567
3780,0.0,0.3308107882996167
3781,0.0,0.1805580653541498
3782,0.0,0.0618598919356655
3783,0.0,0.0474512452496694
3784,0.0,0.035399226422863
3785,0.0,0.1064675744851734
3786,0.0,0.023591263604297
3787,0.0,0.0
3788,0.0,0.0
3789,0.0,0.0
3790,0.0,0.0
3791,0.0,0.0
3792,0.0,0.0
3793,0.0,0.0
3794,0.0,0.0
3795,0.0,0.0
3796,0.0,0.0
3797,0.0,0.0
3798,0.0,0.0
3799,0.0,0.0
3800,0.0,0.0
3801,0.0,0.0
3802,0.0,0.0
3803,0.0,0.2172428122505355
3804,0.0,0.3294860772496354
3805,0.0,0.2582839763514251
3806,0.0,0.3427190567261924
3807,0.0,1.0666442431497447
3808,0.0,0.8560542368166595
3809,0.0,0.6312734550431681
3810,0.0,0.5470070696813571
3811,0.0,0.4399450604171256
3812,0.0,0.2936275454158345
3813,0.0,0.0955124389993822
3814,0.0,0.0
3815,0.0,0.0
3816,0.0,0.0
3817,0.0,0.0
3818,0.0,0.0
3819,0.0,0.0
3820,0.0,0.0
3821,0.0,0.0
3822,0.0,0.0
3823,0.0,0.0
3824,0.0,1.3000602069681433
3825,0.0,1.3715955273361191
3826,0.0,1.6544725362253991
3827,0.0,2.5329080624591005
3828,0.0,2.7502284425812427
3829,0.0,2.942581033171373
3830,0.0,3.0935995377520644
3831,0.0,4.316813885430012
3832,0.0,3.0170619177132494
3833,0.0,1.9963485541985249
3834,0.0,1.1512175142783314
3835,0.0,0.4845009514442225
3836,0.0,0.2255683488866877
3837,0.0,0.0872297054413745
3838,0.0,0.0367144239651679
3839,0.0,0.0
3840,0.0,0.0
3841,0.0,0.0
3842,0.0,0.0
3843,0.0,0.0
3844,0.0,0.0
3845,0.0,0.0
3846,0.0,0.0
3847,0.0,0.0
3848,0.0,0.0
3849,0.0,0.0
3850,0.0,0.1402088603744131
3851,0.0,0.2349743982350951
3852,0.0,0.7951200346623308
3853,0.0,0.8559570216966998
3854,0.0,1.0763708055180743
3855,0.0,1.3038679863447356
3856,0.0,1.1572358291506195
3857,0.0,0.9460513916935612
3858,0.0,1.2584920742086734
3859,0.0,0.5731560471391438
3860,0.0,0.1993085997807146
3861,0.0,0.0
3862,0.0,0.0
3863,0.0,0.0
3864,0.0,0.0
3865,0.0,0.0
3866,0.0,0.0
3867,0.0,0.0
3868,0.0,0.0
3869,0.0,0.0
3870,0.0,0.3252666422676621
3871,0.0,0.6660478545776116
3872,0.0,1.2814145676071105
3873,0.0,1.4309457751262542
3874,0.0,1.5687807704985042
3875,0.0,1.131817775254757
3876,0.0,1.576727959256273
3877,0.0,1.594304103568049
3878,0.0,2.371997866212389
3879,0.0,2.8254593595494466
3880,0.0,4.288146005594664
3881,0.0,4.647794906407297
3882,0.0,5.345237208249641
3883,0.0,4.306980831107083
3884,0.0,4.341656984573193
3885,0.0,1.0957933275608145
3886,0.0,0.5363763272536743
3887,0.0,0.2094301963983323
3888,0.0,0.0
3889,0.0,0.0
3890,0.0,0.0
3891,0.0,0.0
3892,0.0,0.0
3893,0.0,0.0
3894,0.0,0.3931158241760648
3895,0.0,0.8594034311218275
3896,0.0,1.3622212194724448
3897,0.0,1.86242357549492
3898,0.0,1.7617381038532605
3899,0.0,2.1129177123076968
3900,0.0,2.4141125591386494
3901,0.0,2.659033056906062
3902,0.0,2.3690746631959905
3903,0.0,4.351922472962849
3904,0.0,5.390377294046105
3905,0.0,4.654787037364011
3906,0.0,5.547881340331311
3907,0.0,2.9810406332842914
3908,0.0,1.4424164050299522
3909,0.0,0.7360180329312667
3910,0.0,0.5011385124987363
3911,0.0,0.2567380942629825
3912,0.0,0.0223268196971508
3913,0.0,0.0
3914,0.0,0.0
3915,0.0,0.0
3916,0.0,0.0
3917,0.0,0.0
3918,0.0,0.0
3919,0.0,0.0
3920,0.0,0.2695574548431452
3921,0.0,0.7373400480219667
3922,0.0,2.0034605286318885
3923,0.0,2.5405938647745483
3924,0.0,2.980229090715657
3925,0.0,2.7717190091876303
3926,0.0,4.233617324591906
3927,0.0,5.558112609053924
3928,0.0,6.927481460036522
3929,0.0,7.866674251869513
3930,0.0,7.3591644237234615
3931,0.0,7.137110259582551
3932,0.0,5.262872966841209
3933,0.0,2.7878245660382444
3934,0.0,1.640552764328127
3935,0.0,0.8792273588665961
3936,0.0,0.5950113602785051
3937,0.0,0.4316786140750304
3938,0.0,0.2984776457328391
3939,0.0,0.1714287430702825
3940,0.0,0.0570877318435264
3941,0.0,0.4560812866757543
3942,0.0,1.9203543474681
3943,0.0,3.3439554628922146
3944,0.0,4.727710835303231
3945,0.0,5.717976868616251
3946,0.0,6.610697770967721
3947,0.0,6.1405722010747645
3948,0.0,7.176924718107686
3949,0.0,7.628416658343744
3950,0.0,9.83030573853758
3951,0.0,10.366018845048277
3952,0.0,11.675957446235156
3953,0.0,9.89088331739051
3954,0.0,11.145117638780025
3955,0.0,11.814295684748698
3956,0.0,8.59178153666405
3957,0.0,6.3465934210995245
3958,0.0,4.853644274116846
3959,0.0,3.5938012212292145
3960,0.0,2.6515553341820812
3961,0.0,1.9802835505029202
3962,0.0,1.4475689986819633
3963,0.0,1.014994732763201
3964,0.0,0.7056598992288572
3965,0.0,0.6426433650324097
3966,0.0,3.7397981632703723
3967,0.0,3.6692980373637534
3968,0.0,5.906406612557768
3969,0.0,5.166829184311079
3970,0.0,8.375919916672727
3971,0.0,10.694663016503942
3972,0.0,11.416925624755983
3973,0.0,10.489187794963808
3974,0.0,10.519707612377339
3975,0.0,11.04988115087226
3976,0.0,11.612604411939408
3977,0.0,8.38607474516567
3978,0.0,9.060367444737057
3979,0.0,8.737049203576309
3980,0.0,5.197846530033478
3981,0.0,3.346344433804455
3982,0.0,2.1826799380853563
3983,0.0,1.3630396519433512
3984,0.0,0.5762295405113076
3985,0.0,0.2802533617976425
3986,0.0,0.1423597754662397
3987,0.0,0.0519315923472135
3988,0.0,0.0019287713323784
3989,0.0,0.0017785257718626
3990,0.0,0.2384655613263506
3991,0.0,0.2982365980262209
3992,0.0,0.6233445317278934
3993,0.0,0.9551018659978985
3994,0.0,1.6351895653888882
3995,0.0,1.8622866816347718
3996,0.0,2.7788321090909776
3997,0.0,2.9854226669268007
3998,0.0,4.723077264707188
3999,0.0,7.240879714988332
4000,0.0,7.770572229978078
4001,0.0,9.244902418888401
4002,0.0,9.746277872572916
4003,0.0,9.49242832909027
4004,0.0,8.82200259391093
4005,0.0,4.673000341281562
4006,0.0,2.4222619899905595
4007,0.0,1.200386751755561
4008,0.0,0.5424039465045885
4009,0.0,0.297897350457505
4010,0.0,0.1184994921857368
4011,0.0,0.0
4012,0.0,0.0
4013,0.0,0.1894655351494455
4014,0.0,0.9684311775590402
4015,0.0,2.3361655264202352
4016,0.0,3.8361869831741124
4017,0.0,4.712656470009889
4018,0.0,6.194106884556985
4019,0.0,6.747304425921451
4020,0.0,7.361433474719144
4021,0.0,7.766742362384481
4022,0.0,7.436214207902746
4023,0.0,6.936504468086698
4024,0.0,5.654419249537789
4025,0.0,3.5866164601542145
4026,0.0,3.0890129854809407
4027,0.0,2.591622350901752
4028,0.0,2.0311964921401278
4029,0.0,1.1286279766438059
4030,0.0,0.7086787318258493
4031,0.0,0.3177153616506418
4032,0.0,0.116748362411955
4033,0.0,0.0
4034,0.0,0.0
4035,0.0,0.0
4036,0.0,0.0
4037,0.0,0.1778132979234457
4038,0.0,0.6830936494307874
4039,0.0,2.054797862058379
4040,0.0,3.2062198064660734
4041,0.0,4.295880866340157
4042,0.0,5.107890870390183
4043,0.0,5.350503820552751
4044,0.0,5.466719209024288
4045,0.0,5.881425378426906
4046,0.0,7.37467480032392
4047,0.0,8.410954729649005
4048,0.0,9.94798062900733
4049,0.0,9.701862414438922
4050,0.0,8.395106077986169
4051,0.0,9.658703638074075
4052,0.0,9.536403304672186
4053,0.0,4.918369057090677
4054,0.0,2.930179686781477
4055,0.0,1.8048540917331815
4056,0.0,1.039823600701129
4057,0.0,0.5923335748546944
4058,0.0,0.3613819946080265
4059,0.0,0.1964581764581736
4060,0.0,0.0410853965928335
4061,0.0,0.2741390099485903
4062,0.0,2.0153803991466783
4063,0.0,3.2729558871146507
4064,0.0,4.621108942703084
4065,0.0,5.8487644066094076
4066,0.0,6.636038215327943
4067,0.0,7.1671965887543365
4068,0.0,7.961803331976505
4069,0.0,8.941408742017916
4070,0.0,10.43882208856091
4071,0.0,11.637679795233609
4072,0.0,11.711681746586093
4073,0.0,12.506202475273442
4074,0.0,12.978716880749213
4075,0.0,13.126291459581312
4076,0.0,8.0819054954521
4077,0.0,5.477751545333044
4078,0.0,3.763416772252838
4079,0.0,2.6792944693000753
4080,0.0,2.072570044151054
4081,0.0,1.5716732189128866
4082,0.0,1.0678238197743
4083,0.0,0.654275721973172
4084,0.0,0.4280655252533728
4085,0.0,0.3459000046718332
4086,0.0,0.3533311525064507
4087,0.0,0.4350767607188511
4088,0.0,0.46229131885486513
4089,0.0,0.4633600267691912
4090,0.0,0.49318298497981017
4091,0.0,1.1196458059073078
4092,0.0,1.52987501125178
4093,0.0,1.9096577680967717
4094,0.0,2.395075570795808
4095,0.0,2.4627311000589946
4096,0.0,1.6684130288894647
4097,0.0,0.9610571297564213
4098,0.0,0.5550644992820323
4099,0.0,0.2170631998778682
4100,0.0,0.0933575208080745
4101,0.0,0.0
4102,0.0,0.0
4103,0.0,0.0
4104,0.0,0.0
4105,0.0,0.0
4106,0.0,0.0
4107,0.0,0.0
4108,0.0,0.0
4109,0.0,0.0
4110,0.0,0.0
4111,0.0,0.0
4112,0.0,0.0
4113,0.0,0.0
4114,0.0,0.0
4115,0.0,0.3771190022139651
4116,0.0,1.178122381616793
4117,0.0,1.2593903792607306
4118,0.0,1.8403979743576362
4119,0.0,2.1790207832745687
4120,0.0,2.4635434247509367
4121,0.0,2.0512449709283906
4122,0.0,1.7143515762241277
4123,0.0,0.9397482272903935
4124,0.0,0.40732846256567823
4125,0.0,0.0843863414945533
4126,0.0,0.0
4127,0.0,0.0
4128,0.0,0.0
4129,0.0,0.0
4130,0.0,0.0
4131,0.0,0.0
4132,0.0,0.0
4133,0.0,0.0
4134,0.0,0.0
4135,0.0,0.6824106155743518
4136,0.0,1.183318607231809
4137,0.0,1.6265172192892756
4138,0.0,2.1144184688624064
4139,0.0,2.6547870891785146
4140,0.0,2.5072760199911377
4141,0.0,2.401807961941716
4142,0.0,2.3728150644249153
4143,0.0,2.8285273596864133
4144,0.0,5.053311531969554
4145,0.0,5.095109671209599
4146,0.0,5.1535377267945535
4147,0.0,2.800220064457786
4148,0.0,1.6716665931883146
4149,0.0,1.0785840686793218
4150,0.0,0.671726011801511
4151,0.0,0.3398715710594276
4152,0.0,0.1496922433164986
4153,0.0,0.0
4154,0.0,0.0
4155,0.0,0.0
4156,0.0,0.0
4157,0.0,0.1580869162903642
4158,0.0,1.1528074578612317
4159,0.0,2.22671091957194
4160,0.0,3.471766201270018
4161,0.0,4.969530746246852
4162,0.0,5.706644534112655
4163,0.0,4.6036149103381465
4164,0.0,4.00502177708935
4165,0.0,2.9679456053028517
4166,0.0,2.591145345406225
4167,0.0,2.764086884638875
4168,0.0,3.125158144662758
4169,0.0,2.61084488555392
4170,0.0,2.140704543002026
4171,0.0,1.0729540930557737
4172,0.0,0.564150880569238
4173,0.0,0.290239015040392
4174,0.0,0.1831578961543952
4175,0.0,0.0906955060704543
4176,0.0,0.0
4177,0.0,0.0
4178,0.0,0.0
4179,0.0,0.0
4180,0.0,0.0
4181,0.0,0.0
4182,0.0,0.0
4183,0.0,1.0479692972153862
4184,0.0,0.9936868017092478
4185,0.0,1.7570298173774304
4186,0.0,1.7787328516035306
4187,0.0,1.1658984433032067
4188,0.0,1.8467500507900128
4189,0.0,1.7747335244940121
4190,0.0,1.8351414495628946
4191,0.0,3.0901492864352464
4192,0.0,4.158958192715395
4193,0.0,5.079109306069505
4194,0.0,4.40259510281558
4195,0.0,1.7193692853978426
4196,0.0,0.792520535564472
4197,0.0,0.3498109018707165
4198,0.0,0.1149939207381814
4199,0.0,0.0
4200,0.0,0.0
4201,0.0,0.0
4202,0.0,0.0
4203,0.0,0.0
4204,0.0,0.0
4205,0.0,0.0
4206,0.0,0.0
4207,0.0,0.0
4208,0.0,0.5966320469196783
4209,0.0,1.1733792209143332
4210,0.0,1.5050731079090232
4211,0.0,1.9675865332376432
4212,0.0,2.6061528011092903
4213,0.0,2.9226986359890317
4214,0.0,2.88319995015706
4215,0.0,4.162865041999531
4216,0.0,4.843659828400268
4217,0.0,4.7643886134867355
4218,0.0,5.482526263932143
4219,0.0,5.549994030613193
4220,0.0,3.1037112804298443
4221,0.0,1.0588882988540556
4222,0.0,0.5069773323753826
4223,0.0,0.2376468940090449
4224,0.0,0.0491420552143568
4225,0.0,0.0
4226,0.0,0.0
4227,0.0,0.0
4228,0.0,0.0
4229,0.0,0.0
4230,0.0,0.636716274553635
4231,0.0,1.228349240222839
4232,0.0,1.6983464904749903
4233,0.0,3.322976233075687
4234,0.0,3.265055671859389
4235,0.0,3.8434694778262286
4236,0.0,4.018641900346079
4237,0.0,4.1427838907942185
4238,0.0,4.134794748450036
4239,0.0,5.112608508630551
4240,0.0,7.190475941061393
4241,0.0,7.4371718318011375
4242,0.0,7.546586404007273
4243,0.0,4.756485831033221
4244,0.0,3.3302464212356018
4245,0.0,1.8934240498163528
4246,0.0,0.9004512966635794
4247,0.0,0.5125497797034121
4248,0.0,0.3447491530365934
4249,0.0,0.2415940111945868
4250,0.0,0.1427504955910666
4251,0.0,0.0366013205513526
4252,0.0,0.0
4253,0.0,0.0
4254,0.0,0.0
4255,0.0,0.0
4256,0.0,0.0
4257,0.0,0.2739321895533632
4258,0.0,0.5450832771694372
4259,0.0,1.4951673358288744
4260,0.0,1.7524158290048861
4261,0.0,1.6861071084297872
4262,0.0,2.0645871656496535
4263,0.0,3.057370654477272
4264,0.0,4.310281033060576
4265,0.0,4.882661458900402
4266,0.0,5.883601517610982
4267,0.0,5.463972146705007
4268,0.0,4.866282189348874
4269,0.0,0.865845872517384
4270,0.0,0.3929939746091339
4271,0.0,0.1329466518624879
4272,0.0,0.0051693079990622
4273,0.0,0.0
4274,0.0,0.0
4275,0.0,0.0
4276,0.0,0.0
4277,0.0,0.0
4278,0.0,0.0
4279,0.0,0.0
4280,0.0,0.0
4281,0.0,0.0
4282,0.0,0.0083277570570903
4283,0.0,0.0001617316664649
4284,0.0,0.2342894601379197
4285,0.0,0.4513693597067726
4286,0.0,0.873741575351394
4287,0.0,1.652163846848028
4288,0.0,2.1272696184410917
4289,0.0,1.9579038602613015
4290,0.0,3.0253537481707626
4291,0.0,0.9981053865159467
4292,0.0,0.4989458466902822
4293,0.0,0.1299626915722102
4294,0.0,0.0
4295,0.0,0.0
4296,0.0,0.0
4297,0.0,0.0
4298,0.0,0.0
4299,0.0,0.0
4300,0.0,0.0
4301,0.0,0.0
4302,0.0,0.1221004661684209
4303,0.0,0.5059465329597475
4304,0.0,1.0462065495675696
4305,0.0,1.4784951869032537
4306,0.0,1.7378970043641069
4307,0.0,2.01112603521213
4308,0.0,1.9937662083330927
4309,0.0,2.1952362588320904
4310,0.0,2.5329511724877456
4311,0.0,2.858998034705623
4312,0.0,3.73266139598839
4313,0.0,3.8061089604115352
4314,0.0,4.303846905028355
4315,0.0,4.69474476741812
4316,0.0,1.453037459970429
4317,0.0,0.7516005407133505
4318,0.0,0.4618259749742961
4319,0.0,0.2381873502654343
4320,0.0,0.0426173246687459
4321,0.0,0.0
4322,0.0,0.0
4323,0.0,0.0
4324,0.0,0.0
4325,0.0,0.0
4326,0.0,0.5207393655732288
4327,0.0,0.9299399119998836
4328,0.0,1.7235739953224887
4329,0.0,2.6622086757345986
4330,0.0,3.637271624481404
4331,0.0,4.03539400660234
4332,0.0,3.60651364655394
4333,0.0,3.502559114529641
4334,0.0,4.46267986609687
4335,0.0,5.878659408297867
4336,0.0,6.3355746771396175
4337,0.0,7.482301605284099
4338,0.0,7.828343089183165
4339,0.0,7.823579954354039
4340,0.0,5.423977639893444
4341,0.0,3.2019018187901547
4342,0.0,1.9649598080081585
4343,0.0,0.9853385790750244
4344,0.0,0.5863966855265041
4345,0.0,0.3774895831048666
4346,0.0,0.1987465548638445
4347,0.0,0.0452059592955467
4348,0.0,0.0
4349,0.0,0.0
4350,0.0,0.9305966667431008
4351,0.0,2.124384890662016
4352,0.0,3.747004953638381
4353,0.0,4.482265192133686
4354,0.0,6.2242032878651905
4355,0.0,6.898544997559576
4356,0.0,6.575195856153715
4357,0.0,6.806420840411214
4358,0.0,7.219884290972872
4359,0.0,9.570753603647253
4360,0.0,11.046961003002886
4361,0.0,9.96931120833643
4362,0.0,11.888240050220231
4363,0.0,11.343301082324722
4364,0.0,9.550703790299854
4365,0.0,6.137602154225258
4366,0.0,4.345423851641915
4367,0.0,3.089773811496618
4368,0.0,1.9479929908526779
4369,0.0,0.9658732794094975
4370,0.0,0.4474064276106542
4371,0.0,0.3352492903335708
4372,0.0,0.2366902983771433
4373,0.0,0.1461316026953298
4374,0.0,1.2729819713801
4375,0.0,2.8738294227917662
4376,0.0,4.764098068510996
4377,0.0,4.1764885217079835
4378,0.0,2.860335603151931
4379,0.0,2.514080828633676
4380,0.0,1.9858606011905793
4381,0.0,1.4192491980985908
4382,0.0,1.0231279072616355
4383,0.0,1.0126079988238617
4384,0.0,1.0060740897660596
4385,0.0,1.2276267058887524
4386,0.0,1.1081252038214815
4387,0.0,0.7612828842458434
4388,0.0,0.4226044986475447
4389,0.0,0.2299760026382379
4390,0.0,0.1396191076977104
4391,0.0,0.0920259117324005
4392,0.0,0.0602779660654454
4393,0.0,0.0215548981603771
4394,0.0,0.0
4395,0.0,0.0
4396,0.0,0.0
4397,0.0,0.0
4398,0.0,0.8436921901555535
4399,0.0,1.3229578443638212
4400,0.0,2.1920423781971152
4401,0.0,3.0003399557989985
4402,0.0,3.862109593563873
4403,0.0,3.071940146419527
4404,0.0,3.0446592995625457
4405,0.0,2.5001172452143754
4406,0.0,2.983352335078485
4407,0.0,3.749252646962923
4408,0.0,2.9491342498952386
4409,0.0,1.1932640427691834
4410,0.0,0.885250924073706
4411,0.0,0.4252150488414271
4412,0.0,0.191245828524172
4413,0.0,0.0
4414,0.0,0.0
4415,0.0,0.0
4416,0.0,0.0
4417,0.0,0.0
4418,0.0,0.0
4419,0.0,0.0
4420,0.0,0.0
4421,0.0,0.0
4422,0.0,0.0
4423,0.0,0.0
4424,0.0,0.0
4425,0.0,0.0
4426,0.0,0.0
4427,0.0,0.0
4428,0.0,0.19432891999167612
4429,0.0,0.46701671651043086
4430,0.0,0.9259950091713673
4431,0.0,1.9948928582808487
4432,0.0,1.469377170899372
4433,0.0,0.7835413275121876
4434,0.0,0.5229583020276833
4435,0.0,0.0663791169801455
4436,0.0,0.0
4437,0.0,0.0
4438,0.0,0.0
4439,0.0,0.0
4440,0.0,0.0
4441,0.0,0.0
4442,0.0,0.0
4443,0.0,0.0
4444,0.0,0.0
4445,0.0,0.0
4446,0.0,0.0
4447,0.0,0.0
4448,0.0,0.0
4449,0.0,0.0
4450,0.0,0.2039501383561906
4451,0.0,0.3248866213872436
4452,0.0,0.5169345372788422
4453,0.0,0.5952575682649814
4454,0.0,1.2131858042549073
4455,0.0,1.756942186380329
4456,0.0,2.0872933293465596
4457,0.0,1.7839351245257824
4458,0.0,1.180491983584628
4459,0.0,0.351623221060646
4460,0.0,0.0
4461,0.0,0.0
4462,0.0,0.0
4463,0.0,0.0
4464,0.0,0.0
4465,0.0,0.0
4466,0.0,0.0
4467,0.0,0.0
4468,0.0,0.0
4469,0.0,0.0
4470,0.0,0.0
4471,0.0,0.0
4472,0.0,0.0
4473,0.0,0.0
4474,0.0,0.0
4475,0.0,0.0
4476,0.0,0.0
4477,0.0,0.0
4478,0.0,0.1129236369287779
4479,0.0,1.0012168209009462
4480,0.0,0.4491311934315631
4481,0.0,0.2939270805443569
4482,0.0,0.1695116413026052
4483,0.0,0.0
4484,0.0,0.0
4485,0.0,0.0
4486,0.0,0.0
4487,0.0,0.0
4488,0.0,0.0
4489,0.0,0.0
4490,0.0,0.0
4491,0.0,0.0
4492,0.0,0.0
4493,0.0,0.0
4494,0.0,0.0
4495,0.0,0.1270117211040633
4496,0.0,0.6629245009342332
4497,0.0,1.5739030753318204
4498,0.0,0.7599050053337285
4499,0.0,0.9614740500597124
4500,0.0,1.0753538555433302
4501,0.0,1.1970801931159802
4502,0.0,1.468706910631671
4503,0.0,2.260382000455817
4504,0.0,2.667015112452282
4505,0.0,3.6773218456358236
4506,0.0,4.479838241596904
4507,0.0,5.131956778450153
4508,0.0,4.350841990423723
4509,0.0,1.66904702516208
4510,0.0,0.847435298226628
4511,0.0,0.4787307240972667
4512,0.0,0.2495052796828046
4513,0.0,0.0740652139121812
4514,0.0,0.0
4515,0.0,0.0
4516,0.0,0.0
4517,0.0,0.046255688591595
4518,0.0,0.8749936453868576
4519,0.0,1.4341571202064047
4520,0.0,2.2623942181472536
4521,0.0,3.5019579429526817
4522,0.0,4.422757993054984
4523,0.0,4.801220352385782
4524,0.0,4.61697857629625
4525,0.0,4.385350000237595
4526,0.0,5.155666376638603
4527,0.0,6.7713032206127535
4528,0.0,8.198143854474175
4529,0.0,8.474963726226383
4530,0.0,9.428500412306692
4531,0.0,9.812765399847285
4532,0.0,9.408316203190285
4533,0.0,5.836482240603986
4534,0.0,3.9006413514970735
4535,0.0,2.750667890848029
4536,0.0,1.839432483750303
4537,0.0,1.1286225343172311
4538,0.0,0.8021014001245365
4539,0.0,0.5964598075921498
4540,0.0,0.4289487199343016
4541,0.0,0.6721115594543112
4542,0.0,2.6776478667405734
4543,0.0,3.95123566744858
4544,0.0,5.352789373325584
4545,0.0,6.049052599626812
4546,0.0,7.6603368787434825
4547,0.0,8.420461005433737
4548,0.0,8.848227753741416
4549,0.0,10.42453620167133
4550,0.0,11.388606957674872
4551,0.0,12.978651151263225
4552,0.0,12.752206475158511
4553,0.0,14.391006983392241
4554,0.0,13.349925199053049
4555,0.0,10.173472425789774
4556,0.0,7.5540990799347725
4557,0.0,5.425148917146386
4558,0.0,3.690561446267149
4559,0.0,2.6521082235413225
4560,0.0,2.2908074643340903
4561,0.0,2.020228552953445
4562,0.0,1.701289552935438
4563,0.0,1.173536240450501
4564,0.0,0.7432775232894668
4565,0.0,0.6306728306642778
4566,0.0,0.8984702245808633
4567,0.0,4.425664824794723
4568,0.0,5.20831203379479
4569,0.0,7.512267329970411
4570,0.0,8.965416111336584
4571,0.0,9.281776350344751
4572,0.0,10.257334787999085
4573,0.0,10.242849051009705
4574,0.0,11.492706559419698
4575,0.0,12.693994964134486
4576,0.0,12.480487060166269
4577,0.0,9.87458173549645
4578,0.0,11.170834989995218
4579,0.0,10.88680077600296
4580,0.0,7.068567444639468
4581,0.0,4.7384130628877275
4582,0.0,3.063711315883969
4583,0.0,2.004890710217652
4584,0.0,1.6018732283476371
4585,0.0,1.3332621668595592
4586,0.0,1.0538090594718879
4587,0.0,0.7554272806941945
4588,0.0,0.5904257305462508
4589,0.0,0.5088177051216431
4590,0.0,0.6781667805252476
4591,0.0,1.025917992875216
4592,0.0,2.7525587461224736
4593,0.0,4.3345158836777085
4594,0.0,4.88679968479998
4595,0.0,6.582865583166584
4596,0.0,7.617526472491024
4597,0.0,6.9243253690824345
4598,0.0,8.24470087986564
4599,0.0,8.831013145689058
4600,0.0,9.78187093860287
4601,0.0,10.949491384706876
4602,0.0,11.040981822977232
4603,0.0,10.013292438441866
4604,0.0,9.013290354083106
4605,0.0,4.735736164675294
4606,0.0,2.9190017639326427
4607,0.0,1.8689296522143963
4608,0.0,1.0792330043953147
4609,0.0,0.6013807361511376
4610,0.0,0.3878188728837023
4611,0.0,0.2742812547533847
4612,0.0,0.2271250844685871
4613,0.0,0.2090160499236177
4614,0.0,0.33554297543643363
4615,0.0,0.7072469019856685
4616,0.0,0.9003391206450437
4617,0.0,1.6600023477302033
4618,0.0,4.213554828302965
4619,0.0,5.056532068447883
4620,0.0,6.591036915829811
4621,0.0,7.343550943727904
4622,0.0,8.736000029097138
4623,0.0,9.883473016178412
4624,0.0,11.00213443949995
4625,0.0,10.554370163622327
4626,0.0,11.271685478032895
4627,0.0,10.961926492046889
4628,0.0,9.8793839051733
4629,0.0,5.726720820716291
4630,0.0,3.4704908608930576
4631,0.0,2.219680538714068
4632,0.0,1.5288557372806908
4633,0.0,0.9865692358342331
4634,0.0,0.6660476736109315
4635,0.0,0.3964243006004592
4636,0.0,0.2188207352086384
4637,0.0,0.1590137914111013
4638,0.0,0.355836382987731
4639,0.0,1.000184773620462
4640,0.0,2.149173515263578
4641,0.0,2.953901071751752
4642,0.0,3.547171532983662
4643,0.0,5.103837873821094
4644,0.0,7.489593592961586
4645,0.0,9.039869982155409
4646,0.0,10.648726207368924
4647,0.0,11.245481310758874
4648,0.0,13.7484183981208
4649,0.0,13.429046963842676
4650,0.0,13.935765476364645
4651,0.0,12.862540583932892
4652,0.0,12.472241600038858
4653,0.0,8.402789271150613
4654,0.0,5.9880310029694215
4655,0.0,4.4653826592221435
4656,0.0,3.3751480393207913
4657,0.0,2.51405636720846
4658,0.0,1.8035036301351
4659,0.0,1.2960146845901344
4660,0.0,0.8231375334404258
4661,0.0,1.2266920200679468
4662,0.0,4.107769168050597
4663,0.0,6.00969825178076
4664,0.0,6.344104741645472
4665,0.0,9.12245876068568
4666,0.0,10.900903562244938
4667,0.0,12.173883035539724
4668,0.0,12.513291108674238
4669,0.0,12.856407793605442
4670,0.0,14.06602500348828
4671,0.0,15.723824968833778
4672,0.0,16.91250339379915
4673,0.0,17.861656183770933
4674,0.0,17.8741375624958
4675,0.0,17.9021570792325
4676,0.0,14.954985321253956
4677,0.0,11.56669740535723
4678,0.0,9.959483807566883
4679,0.0,8.933763333801195
4680,0.0,8.168413719943088
4681,0.0,7.4855130249784345
4682,0.0,6.7342860500589525
4683,0.0,5.890564160504477
4684,0.0,5.064015731837822
4685,0.0,4.442382441260173
4686,0.0,4.6262095418987155
4687,0.0,5.07620200269533
4688,0.0,6.309696108792712
4689,0.0,9.273946063383562
4690,0.0,11.122853022422188
4691,0.0,11.45038214832959
4692,0.0,13.603175369427335
4693,0.0,12.425333788961822
4694,0.0,12.033004029421928
4695,0.0,12.448684029681877
4696,0.0,11.961434398688766
4697,0.0,12.04992195252157
4698,0.0,11.087263878097511
4699,0.0,9.507504090824135
4700,0.0,7.950720096400708
4701,0.0,6.394937925311339
4702,0.0,5.227049667541294
4703,0.0,4.306801128491393
4704,0.0,3.6299379689211815
4705,0.0,3.0106149952309353
4706,0.0,2.364891135239256
4707,0.0,1.6512903727277926
4708,0.0,1.0557429773974984
4709,0.0,0.761869591193487
4710,0.0,3.489483140774974
4711,0.0,5.008729986266076
4712,0.0,7.55006468937928
4713,0.0,9.16555669633827
4714,0.0,9.999545506621178
4715,0.0,11.83226967296719
4716,0.0,12.277963688882567
4717,0.0,11.258419298569487
4718,0.0,11.912261131459148
4719,0.0,12.8485012339972
4720,0.0,13.52448313413871
4721,0.0,11.71967503050347
4722,0.0,10.400762564326076
4723,0.0,8.583616807169973
4724,0.0,6.819729435082053
4725,0.0,5.046472319103204
4726,0.0,3.7921883833195897
4727,0.0,3.0022327087008143
4728,0.0,2.545648895696771
4729,0.0,2.16565406177353
4730,0.0,1.7053514085934633
4731,0.0,1.184099658366912
4732,0.0,0.8346410263905839
4733,0.0,0.7279272985708586
4734,0.0,0.8998438983883372
4735,0.0,1.2936846671677227
4736,0.0,3.9477053431136464
4737,0.0,7.7197832235705
4738,0.0,8.28823933585994
4739,0.0,9.496710075328107
4740,0.0,10.284541288994514
4741,0.0,11.364519000849395
4742,0.0,10.54015001175415
4743,0.0,12.660937198459708
4744,0.0,10.240998259627691
4745,0.0,9.526929868594912
4746,0.0,8.799907090670363
4747,0.0,7.811729676101336
4748,0.0,6.648654532359522
4749,0.0,5.322310579317555
4750,0.0,4.335117983124389
4751,0.0,3.4804804854340827
4752,0.0,2.8156519261081927
4753,0.0,2.2621202322466543
4754,0.0,1.7286127149307218
4755,0.0,1.229230358360421
4756,0.0,0.9083801124381716
4757,0.0,0.7542793751835739
4758,0.0,0.7759665729169986
4759,0.0,1.0178683599769363
4760,0.0,2.7423198422841635
4761,0.0,6.679269736209964
4762,0.0,7.643521459981631
4763,0.0,9.373122066258787
4764,0.0,10.607415201753627
4765,0.0,11.797100154292623
4766,0.0,11.314908407884294
4767,0.0,9.748243022247827
4768,0.0,8.719469735020006
4769,0.0,7.445480922864527
4770,0.0,6.179948743292568
4771,0.0,4.665091555168999
4772,0.0,3.147767919020205
4773,0.0,1.800491748744575
4774,0.0,0.9496157781670463
4775,0.0,0.6777635943135181
4776,0.0,0.5919698921574308
4777,0.0,0.5218191868088211
4778,0.0,0.4235312961896528
4779,0.0,0.2909237936056402
4780,0.0,0.1539834426657438
4781,0.0,0.0520277427311278
4782,0.0,0.1587479780664337
4783,0.0,0.37929955673497
4784,0.0,0.7708595778833195
4785,0.0,1.7486931576772056
4786,0.0,2.117681729514281
4787,0.0,2.2460147966188133
4788,0.0,2.100489362311378
4789,0.0,2.1600292030537416
4790,0.0,3.0878531787859376
4791,0.0,5.543196799327649
4792,0.0,7.19811750081126
4793,0.0,7.436343291316985
4794,0.0,7.089023084910724
4795,0.0,8.12698956306975
4796,0.0,4.890486718531554
4797,0.0,2.2151549017899783
4798,0.0,0.9512116455348425
4799,0.0,0.4605989404128276
4800,0.0,0.2565198838871421
4801,0.0,0.1690657718251814
4802,0.0,0.1229476292053328
4803,0.0,0.092140235984423
4804,0.0,0.0619650921940693
4805,0.0,0.0028087516319566
4806,0.0,0.0201043063818522
4807,0.0,2.4888608388286793
4808,0.0,3.831359051714381
4809,0.0,3.6240148868194226
4810,0.0,4.220755587131837
4811,0.0,3.4465141468547675
4812,0.0,2.277900669775813
4813,0.0,1.5987585778229547
4814,0.0,1.5234161727396631
4815,0.0,2.0861192555192973
4816,0.0,1.6831500743954366
4817,0.0,1.2036931926142036
4818,0.0,0.9995128745843087
4819,0.0,0.7806458603366142
4820,0.0,0.5616466072678545
4821,0.0,0.2724886834313897
4822,0.0,0.1606591437098945
4823,0.0,0.1015025530313788
4824,0.0,0.0597264934113708
4825,0.0,0.0233738312202169
4826,0.0,0.0
4827,0.0,0.0
4828,0.0,0.0
4829,0.0,0.0
4830,0.0,0.0
4831,0.0,0.0
4832,0.0,0.1123992021493419
4833,0.0,0.40842838187214503
4834,0.0,0.9979200978131686
4835,0.0,1.3521189086256507
4836,0.0,1.5706377393818465
4837,0.0,1.7550404356234504
4838,0.0,2.0716842433152642
4839,0.0,3.5585605331711285
4840,0.0,4.6882629113928935
4841,0.0,3.1943807756636833
4842,0.0,2.3410458628772255
4843,0.0,1.5290529926597083
4844,0.0,0.9637533975159183
4845,0.0,0.6123562708824707
4846,0.0,0.475443311372332
4847,0.0,0.3681433140561664
4848,0.0,0.2452523008689765
4849,0.0,0.1158646631048921
4850,0.0,0.041672745736602
4851,0.0,0.0
4852,0.0,0.0
4853,0.0,0.0
4854,0.0,0.0
4855,0.0,0.0142470633964856
4856,0.0,0.1964441354782885
4857,0.0,0.6941471618296781
4858,0.0,1.729053824281396
4859,0.0,2.521643603920933
4860,0.0,2.954205123191908
4861,0.0,3.021145294442144
4862,0.0,3.1157477207243125
4863,0.0,6.137277446693787
4864,0.0,5.867812332994234
4865,0.0,4.656645194906385
4866,0.0,5.8051500260128845
4867,0.0,4.819638105650252
4868,0.0,3.9292002438994436
4869,0.0,1.7932010405575904
4870,0.0,1.0056645272937343
4871,0.0,0.5765543139779118
4872,0.0,0.2508659786844266
4873,0.0,0.1025880371159857
4874,0.0,0.0344336221251594
4875,0.0,0.0150998718137109
4876,0.0,0.0
4877,0.0,0.0
4878,0.0,1.1888889762192087
4879,0.0,2.4598051121755597
4880,0.0,4.094274257016125
4881,0.0,5.717473545526898
4882,0.0,6.8757353540778015
4883,0.0,7.654418590271534
4884,0.0,7.814585999120366
4885,0.0,8.19445018725726
4886,0.0,9.813261661994904
4887,0.0,10.90972731390221
4888,0.0,11.981503462877443
4889,0.0,12.168086297772986
4890,0.0,12.603729067499218
4891,0.0,12.144515523712187
4892,0.0,9.639874292704068
4893,0.0,6.5653590225867395
4894,0.0,5.124561999122023
4895,0.0,3.831763316161386
4896,0.0,2.647648274591087
4897,0.0,1.8569791026830271
4898,0.0,1.3541285818445694
4899,0.0,1.1130803549709607
4900,0.0,0.9922881098774976
4901,0.0,1.0017140699073772
4902,0.0,1.2318400919162054
4903,0.0,1.515452390770871
4904,0.0,1.6034819070820392
4905,0.0,1.8315146172789454
4906,0.0,2.044672827888862
4907,0.0,3.056032759535301
4908,0.0,3.4603223439751387
4909,0.0,4.019443821910552
4910,0.0,4.698940234814888
4911,0.0,6.871951492733334
4912,0.0,7.820215523619594
4913,0.0,9.515775500012783
4914,0.0,7.577361752643305
4915,0.0,8.234226674583454
4916,0.0,6.40155923785198
4917,0.0,2.699084502497685
4918,0.0,1.4476456106133264
4919,0.0,0.6031905807505243
4920,0.0,0.34162812619369
4921,0.0,0.2017538460027167
4922,0.0,0.0973850122088414
4923,0.0,0.0245972259864922
4924,0.0,0.0
4925,0.0,0.0
4926,0.0,0.0
4927,0.0,0.1020359587642936
4928,0.0,0.8700280669747411
4929,0.0,1.1849524366465147
4930,0.0,1.1079254168293846
4931,0.0,1.0913305439064425
4932,0.0,1.8539816754304936
4933,0.0,1.3822962022058183
4934,0.0,1.490794794263323
4935,0.0,1.3232571589488362
4936,0.0,1.3488870211045771
4937,0.0,1.566527767424268
4938,0.0,4.671483179827304
4939,0.0,3.6619036431005467
4940,0.0,1.461600132402818
4941,0.0,0.4454015031105114
4942,0.0,0.129265832413625
4943,0.0,0.0
4944,0.0,0.0
4945,0.0,0.0
4946,0.0,0.0
4947,0.0,0.0
4948,0.0,0.0
4949,0.0,0.0
4950,0.0,0.3324758356947374
4951,0.0,0.3017525939940808
4952,0.0,1.1652097256826446
4953,0.0,2.4310864114631032
4954,0.0,2.215192437620531
4955,0.0,2.1990426093302324
4956,0.0,2.4386777370898196
4957,0.0,1.8727016154846692
4958,0.0,1.8958642958356196
4959,0.0,1.8150482773719543
4960,0.0,1.8287887935401765
4961,0.0,1.5426871520801635
4962,0.0,2.641662388916577
4963,0.0,1.1905839646704812
4964,0.0,0.6405155538060028
4965,0.0,0.2701576046413376
4966,0.0,0.0771286290354732
4967,0.0,0.0
4968,0.0,0.0
4969,0.0,0.0
4970,0.0,0.0
4971,0.0,0.0
4972,0.0,0.0
4973,0.0,0.0
4974,0.0,0.0
4975,0.0,0.0
4976,0.0,0.0
4977,0.0,0.0
4978,0.0,0.1463791235085551
4979,0.0,0.3890230097342605
4980,0.0,1.5387844283787369
4981,0.0,1.568007457254474
4982,0.0,2.075126935469678
4983,0.0,2.6114394470718656
4984,0.0,2.7653557787949348
4985,0.0,3.8112070927259056
4986,0.0,3.741513704267765
4987,0.0,5.227420463693699
4988,0.0,4.010373441817065
4989,0.0,0.976126804605018
4990,0.0,0.446198186696355
4991,0.0,0.1673792734722196
4992,0.0,0.0072703654293016
4993,0.0,0.0
4994,0.0,0.0
4995,0.0,0.0
4996,0.0,0.0
4997,0.0,0.0
4998,0.0,0.5813790903165823
4999,0.0,1.134937186621925
5000,0.0,1.9325182337044275
5001,0.0,3.0446724321119185
5002,0.0,4.338249413254121
5003,0.0,4.248650333720999
5004,0.0,4.213844874073272
5005,0.0,3.837874493969397
5006,0.0,3.938511565947814
5007,0.0,6.646971228774822
5008,0.0,7.098401009607882
5009,0.0,8.582563131405841
5010,0.0,9.101263213081515
5011,0.0,7.346789387987899
5012,0.0,5.8158426431962935
5013,0.0,3.100816983690068
5014,0.0,1.7885558025492032
5015,0.0,0.8250836444783716
5016,0.0,0.4874353680444053
5017,0.0,0.3145347525907709
5018,0.0,0.1764078615097888
5019,0.0,0.0682735936069366
5020,0.0,0.0
5021,0.0,0.0
5022,0.0,0.9180772486025266
5023,0.0,2.178905688009521
5024,0.0,3.452900421607855
5025,0.0,4.11734102804863
5026,0.0,5.881031097428462
5027,0.0,6.477703571672513
5028,0.0,6.725350195550264
5029,0.0,7.215658668039807
5030,0.0,8.847272224392363
5031,0.0,9.88183266836663
5032,0.0,11.321906297398655
5033,0.0,11.885702201163133
5034,0.0,11.703087237779279
5035,0.0,10.682448108358473
5036,0.0,9.934491479242311
5037,0.0,5.886429311788727
5038,0.0,4.200724849247207
5039,0.0,3.151832081219198
5040,0.0,2.3086532418951373
5041,0.0,1.5964721410123779
5042,0.0,0.9252624681630873
5043,0.0,0.5472109694365241
5044,0.0,0.3504978191505911
5045,0.0,0.2049571901490465
5046,0.0,2.083463052063299
5047,0.0,3.5598280696545808
5048,0.0,5.104840005711812
5049,0.0,6.8864372695483
5050,0.0,8.19057702418593
5051,0.0,9.96182703907856
5052,0.0,10.347860871803762
5053,0.0,10.715568732196617
5054,0.0,11.409117393858907
5055,0.0,11.85535334422743
5056,0.0,14.214603654141285
5057,0.0,15.105169930196045
5058,0.0,15.385878592722989
5059,0.0,11.54698930829895
5060,0.0,9.510088702303165
5061,0.0,7.894861322526703
5062,0.0,6.65344957778109
5063,0.0,5.485363936847749
5064,0.0,4.3801124021228395
5065,0.0,3.335582959310486
5066,0.0,2.373868787639068
5067,0.0,1.7333537001818653
5068,0.0,1.1985171302058166
5069,0.0,0.7016001279139727
5070,0.0,3.344568440519724
5071,0.0,5.222445665608376
5072,0.0,6.807981762199924
5073,0.0,8.794769762939152
5074,0.0,10.349638043074398
5075,0.0,12.949663539725735
5076,0.0,13.298312902159555
5077,0.0,13.996139227159938
5078,0.0,15.539611817040552
5079,0.0,17.162191845108236
5080,0.0,16.76321181488824
5081,0.0,17.353680742818607
5082,0.0,17.737241208296204
5083,0.0,17.565018167245622
5084,0.0,14.24852656021176
5085,0.0,10.8847628588064
5086,0.0,9.03235554578132
5087,0.0,7.5710959913096865
5088,0.0,6.423725708975988
5089,0.0,5.423097705705473
5090,0.0,4.493474618617927
5091,0.0,3.6126786754436515
5092,0.0,2.8300357672235905
5093,0.0,2.2519972152703764
5094,0.0,2.296181350896271
5095,0.0,2.98370526976138
5096,0.0,5.960708561876365
5097,0.0,8.553618524223994
5098,0.0,9.19886854843897
5099,0.0,10.288261833891827
5100,0.0,12.782655722496283
5101,0.0,12.4794308185208
5102,0.0,13.610215351707545
5103,0.0,16.107513547549082
5104,0.0,14.916750614382867
5105,0.0,12.3480614813905
5106,0.0,11.057016598649408
5107,0.0,9.036852914161434
5108,0.0,7.311326024727185
5109,0.0,6.018209103023974
5110,0.0,5.152095070533437
5111,0.0,4.430141203184305
5112,0.0,3.736831688652278
5113,0.0,3.0121702599805653
5114,0.0,2.218771312486521
5115,0.0,1.3371585277945348
5116,0.0,0.7074920814835219
5117,0.0,0.40308211937808647
5118,0.0,2.6406148217364853
5119,0.0,4.332278175900298
5120,0.0,5.8327846375412395
5121,0.0,7.587636431986764
5122,0.0,9.507329443252651
5123,0.0,11.59646916027256
5124,0.0,12.509541156455162
5125,0.0,11.926446168297094
5126,0.0,14.167248803171493
5127,0.0,15.142835714312126
5128,0.0,15.237948907853037
5129,0.0,16.23808399345344
5130,0.0,15.560020108774657
5131,0.0,14.265750810780446
5132,0.0,12.747761724400664
5133,0.0,8.793549184376737
5134,0.0,6.9323060070281235
5135,0.0,5.507670207134651
5136,0.0,4.37641176272178
5137,0.0,3.3749857613676753
5138,0.0,2.4618484795263713
5139,0.0,1.7115781741171343
5140,0.0,1.2124357024058634
5141,0.0,0.7074997016886562
5142,0.0,1.9913478919114844
5143,0.0,2.880078154431208
5144,0.0,4.689095735143888
5145,0.0,5.116989639450978
5146,0.0,4.962678099213962
5147,0.0,6.302324417254939
5148,0.0,5.812178418780006
5149,0.0,5.977934648358852
5150,0.0,6.251416461499862
5151,0.0,9.385005192910572
5152,0.0,10.675763904307217
5153,0.0,11.882767844154893
5154,0.0,9.08627369751773
5155,0.0,6.761958074658493
5156,0.0,5.081908362972269
5157,0.0,3.873937493910958
5158,0.0,3.000718335648416
5159,0.0,2.265328774425959
5160,0.0,1.7147745920289807
5161,0.0,1.2839565731812763
5162,0.0,0.9470070736851953
5163,0.0,0.7843324658877019
5164,0.0,0.6403394675003558
5165,0.0,0.525871806597772
5166,0.0,0.5970281920205565
5167,0.0,0.841071243382806
5168,0.0,1.1509125810724556
5169,0.0,1.5115551321051477
5170,0.0,1.9023029938831637
5171,0.0,2.5908539035953515
5172,0.0,3.3797161795297788
5173,0.0,4.8707268467000535
5174,0.0,7.511521325463013
5175,0.0,9.202965460187173
5176,0.0,10.992935246848306
5177,0.0,11.470038453967879
5178,0.0,10.297834701361904
5179,0.0,9.488977202955624
5180,0.0,5.425698007105974
5181,0.0,3.594943126174565
5182,0.0,2.4023143668083584
5183,0.0,1.6739852271710047
5184,0.0,1.1548684615695028
5185,0.0,0.8181447708134348
5186,0.0,0.60608200436019
5187,0.0,0.37745068691169653
5188,0.0,0.190029861864629
5189,0.0,0.110063446780817
5190,0.0,0.1413737046869856
5191,0.0,0.3747756983014632
5192,0.0,0.767052114491477
5193,0.0,1.2447854448435829
5194,0.0,1.5996334675111978
5195,0.0,1.9217309627169583
5196,0.0,2.2008534750327167
5197,0.0,2.4000899209507853
5198,0.0,3.176959685792875
5199,0.0,5.639114684042651
5200,0.0,6.09076732354351
5201,0.0,5.9066384926759845
5202,0.0,7.137892074501546
5203,0.0,6.690880795948817
5204,0.0,2.9662388354390465
5205,0.0,1.6737696908744126
5206,0.0,0.9323218085215841
5207,0.0,0.7019719125939445
5208,0.0,0.5286705218005631
5209,0.0,0.3937794439527351
5210,0.0,0.3007802091537126
5211,0.0,0.24952662864894778
5212,0.0,0.2070565190748391
5213,0.0,0.1726487273797991
5214,0.0,0.2153477243264851
5215,0.0,0.4257182120652415
5216,0.0,2.9207190241802
5217,0.0,4.5368656471989866
5218,0.0,4.492146730221251
5219,0.0,3.170065572876281
5220,0.0,3.20082551751669
5221,0.0,3.7534418461871972
5222,0.0,6.90892002422441
5223,0.0,9.336076121029036
5224,0.0,10.149131029755962
5225,0.0,9.899923987837933
5226,0.0,9.732535625028662
5227,0.0,8.679516337252467
5228,0.0,7.019776684588085
5229,0.0,4.175005975183263
5230,0.0,2.8504310478642094
5231,0.0,1.9115082648139485
5232,0.0,1.0813633790610926
5233,0.0,0.6072484902145919
5234,0.0,0.3190351670666697
5235,0.0,0.2054602082372326
5236,0.0,0.1036253912886523
5237,0.0,0.0
5238,0.0,0.8658765109000361
5239,0.0,2.612834777227019
5240,0.0,4.456238712498258
5241,0.0,6.375459440535681
5242,0.0,8.367986640536497
5243,0.0,10.263950148129943
5244,0.0,11.319062577418412
5245,0.0,12.315959679366895
5246,0.0,13.944467929589283
5247,0.0,15.322014679014941
5248,0.0,16.50471710865723
5249,0.0,16.924608495367096
5250,0.0,16.197419556201027
5251,0.0,16.081629181550266
5252,0.0,13.424614900376707
5253,0.0,9.685291469333016
5254,0.0,7.7979616076558464
5255,0.0,6.8154848933559125
5256,0.0,6.5711134704412775
5257,0.0,6.5610121472807315
5258,0.0,6.520305722604842
5259,0.0,6.139751029934301
5260,0.0,5.436354198109047
5261,0.0,4.38392823010793
5262,0.0,3.5281807244281826
5263,0.0,3.131276437843901
5264,0.0,2.749960943831247
5265,0.0,3.055559620795991
5266,0.0,3.483123441481115
5267,0.0,4.760571686415787
5268,0.0,5.372771322694785
5269,0.0,5.339400643787255
5270,0.0,4.143099330048329
5271,0.0,3.522018766452642
5272,0.0,2.9090430973458328
5273,0.0,3.136416114955363
5274,0.0,3.3016884786926592
5275,0.0,5.575853913687185
5276,0.0,2.169822087027957
5277,0.0,1.1308100476075116
5278,0.0,0.6523726478761172
5279,0.0,0.3952990698889819
5280,0.0,0.2087198115177468
5281,0.0,0.0921938467174994
5282,0.0,0.0
5283,0.0,0.0
5284,0.0,0.0
5285,0.0,0.0
5286,0.0,0.5850583595226877
5287,0.0,1.7372293785608297
5288,0.0,3.1362350647496102
5289,0.0,4.279522274480105
5290,0.0,4.980999165079588
5291,0.0,4.47168829110379
5292,0.0,5.661945756391514
5293,0.0,6.2285051541530825
5294,0.0,6.840284412676887
5295,0.0,7.330606904183216
5296,0.0,8.746463109959764
5297,0.0,9.002367340403087
5298,0.0,7.904570326488093
5299,0.0,7.412931981426162
5300,0.0,4.504178835580702
5301,0.0,2.2253549347683697
5302,0.0,0.924645887774758
5303,0.0,0.4075681102049162
5304,0.0,0.1618840809061576
5305,0.0,0.0
5306,0.0,0.0
5307,0.0,0.0
5308,0.0,0.0
5309,0.0,0.0
5310,0.0,0.1857496913855235
5311,0.0,0.5381097909976073
5312,0.0,1.737995615366114
5313,0.0,2.8686280423683073
5314,0.0,3.9178016715172506
5315,0.0,4.54752864849115
5316,0.0,5.230229634909685
5317,0.0,5.1245995494065735
5318,0.0,6.784982805340663
5319,0.0,8.471947523116372
5320,0.0,8.181841264903197
5321,0.0,9.346561776372141
5322,0.0,9.198013198586333
5323,0.0,7.227509327708079
5324,0.0,5.397951638539153
5325,0.0,3.1395965776214947
5326,0.0,1.8559815163110196
5327,0.0,0.8445627722435083
5328,0.0,0.471172926752212
5329,0.0,0.2735175370920236
5330,0.0,0.1063964194272476
5331,0.0,0.0
5332,0.0,0.0
5333,0.0,0.0
5334,0.0,0.4501173863768781
5335,0.0,1.4668342527845217
5336,0.0,2.8728772582730904
5337,0.0,4.35670285340591
5338,0.0,5.798050049149929
5339,0.0,6.664876092272753
5340,0.0,7.430779371691113
5341,0.0,8.34858122231669
5342,0.0,9.814167931335373
5343,0.0,11.426996549873827
5344,0.0,12.554782996950008
5345,0.0,12.848610701427024
5346,0.0,12.662496644058534
5347,0.0,12.237782416670017
5348,0.0,9.385312889743556
5349,0.0,6.303039331992444
5350,0.0,4.610747170890431
5351,0.0,3.2164650633945633
5352,0.0,2.289075731919204
5353,0.0,1.5064863762902918
5354,0.0,0.8684769334519983
5355,0.0,0.5681633455459247
5356,0.0,0.4030039992544091
5357,0.0,0.2927939821229989
5358,0.0,0.2323044491527252
5359,0.0,0.3538032357620492
5360,0.0,0.812358581643356
5361,0.0,3.7827680943523427
5362,0.0,6.329126733111302
5363,0.0,8.394311027242203
5364,0.0,9.4572653262653
5365,0.0,10.270460157924632
5366,0.0,11.76380195011722
5367,0.0,13.408954765353629
5368,0.0,14.162735321701046
5369,0.0,14.612512324872956
5370,0.0,14.420997925507333
5371,0.0,14.031435180627053
5372,0.0,9.991043420913606
5373,0.0,7.410694133748911
5374,0.0,5.723624295427362
5375,0.0,4.444750127895839
5376,0.0,3.5693381881812822
5377,0.0,2.9213004643351126
5378,0.0,2.35948486204209
5379,0.0,1.8623674327449569
5380,0.0,1.445603234691193
5381,0.0,1.0201151569897935
5382,0.0,0.8621540297069199
5383,0.0,1.1578645723617145
5384,0.0,3.9600615456536614
5385,0.0,7.09475774677045
5386,0.0,10.280052563565018
5387,0.0,10.454710151706482
5388,0.0,11.685632044231154
5389,0.0,9.566472281096585
5390,0.0,9.182826996085826
5391,0.0,11.434286812971475
5392,0.0,10.653332228257568
5393,0.0,12.608717601608262
5394,0.0,13.058442315861992
5395,0.0,9.35093271307711
5396,0.0,7.4210259878776155
5397,0.0,5.952510791284504
5398,0.0,4.745984842961148
5399,0.0,3.6678029177007314
5400,0.0,2.7581294145307607
5401,0.0,2.029182786222324
5402,0.0,1.5099670820589624
5403,0.0,1.2089694322599502
5404,0.0,0.902289331783314
5405,0.0,0.686482227741047
5406,0.0,1.51536080418541
5407,0.0,3.6156390614296594
5408,0.0,5.2682118125910105
5409,0.0,7.055928192513997
5410,0.0,9.370183349014269
5411,0.0,10.678402746773305
5412,0.0,10.353015734743444
5413,0.0,9.221500252024295
5414,0.0,9.104819057675607
5415,0.0,7.995985174183304
5416,0.0,7.504604068526847
5417,0.0,7.6442882232615705
5418,0.0,7.190307613236324
5419,0.0,6.336990353271282
5420,0.0,5.232349457021959
5421,0.0,4.3224503035102515
5422,0.0,3.542820230968169
5423,0.0,2.794432542902804
5424,0.0,2.1544020258733996
5425,0.0,1.630890855394035
5426,0.0,1.3419983374386923
5427,0.0,1.1756537782703687
5428,0.0,1.0437090451573747
5429,0.0,0.9940437503436017
5430,0.0,0.9859159559935831
5431,0.0,1.0944158006138847
5432,0.0,1.4077381350739273
5433,0.0,1.8702445138444534
5434,0.0,2.4862353104718853
5435,0.0,2.7975312227035545
5436,0.0,2.7300305015776716
5437,0.0,2.527869849885068
5438,0.0,2.3920636800301063
5439,0.0,2.4512530241369834
5440,0.0,2.5041676627022467
5441,0.0,3.2173832707101733
5442,0.0,3.608557464641967
5443,0.0,2.8332725843973456
5444,0.0,1.8195303916467267
5445,0.0,1.291775581434162
5446,0.0,1.0057496920665856
5447,0.0,0.746681542604282
5448,0.0,0.4928036337360876
5449,0.0,0.2492578098102401
5450,0.0,0.0684655283606682
5451,0.0,0.0
5452,0.0,0.0
5453,0.0,0.0
5454,0.0,0.0
5455,0.0,0.1118516662527932
5456,0.0,0.5106729778644754
5457,0.0,1.0226817666601224
5458,0.0,1.4113866060849816
5459,0.0,1.8624870579220119
5460,0.0,3.4412002350377913
5461,0.0,2.5271829742350707
5462,0.0,2.2104025297104655
5463,0.0,2.279251151527884
5464,0.0,2.459989550602711
5465,0.0,2.7255736754884694
5466,0.0,2.2288982499458747
5467,0.0,1.3530046451968922
5468,0.0,0.8778554980418831
5469,0.0,0.4992387336528028
5470,0.0,0.1790132758086999
5471,0.0,0.0
5472,0.0,0.0
5473,0.0,0.0
5474,0.0,0.0
5475,0.0,0.0
5476,0.0,0.0
5477,0.0,0.0
5478,0.0,0.0
5479,0.0,0.0
5480,0.0,0.0
5481,0.0,0.1370283063551646
5482,0.0,0.8556662815257894
5483,0.0,1.712754005639581
5484,0.0,2.405152496938738
5485,0.0,2.6855392563849536
5486,0.0,3.4620070702246366
5487,0.0,4.630546042869391
5488,0.0,4.949964041858766
5489,0.0,5.911605725922555
5490,0.0,5.944575788110435
5491,0.0,4.820699305294742
5492,0.0,2.410641921666643
5493,0.0,1.398926263757409
5494,0.0,0.9734381659363456
5495,0.0,0.7065028433547639
5496,0.0,0.6002654418479019
5497,0.0,0.5289689954514728
5498,0.0,0.3983653765727164
5499,0.0,0.2012722274412306
5500,0.0,0.0410533327364262
5501,0.0,0.0
5502,0.0,0.0249606123670269
5503,0.0,0.11593078588003751
5504,0.0,0.2685056030809452
5505,0.0,0.35940270521906004
5506,0.0,0.4684190270953452
5507,0.0,0.6810454019046219
5508,0.0,0.994142184002679
5509,0.0,1.2875701138742848
5510,0.0,1.5056101869328833
5511,0.0,1.5636798866065997
5512,0.0,1.518883658271467
5513,0.0,1.4207335784368318
5514,0.0,1.2939817162077332
5515,0.0,1.1998344407229644
5516,0.0,0.9169422284511609
5517,0.0,0.6820403554955636
5518,0.0,0.45867881230276686
5519,0.0,0.2484769957528866
5520,0.0,0.0783760908631665
5521,0.0,0.0
5522,0.0,0.0
5523,0.0,0.0
5524,0.0,0.0
5525,0.0,0.0
5526,0.0,0.0
5527,0.0,0.0146905718664493
5528,0.0,0.2552102631251424
5529,0.0,0.8451426925723676
5530,0.0,3.198915689126652
5531,0.0,3.7014663926614437
5532,0.0,5.811369711307197
5533,0.0,6.054754952537509
5534,0.0,5.832930149340011
5535,0.0,9.682015767535228
5536,0.0,9.827183749680543
5537,0.0,11.141273867904133
5538,0.0,11.24714040670665
5539,0.0,10.792884067327323
5540,0.0,6.836392265814848
5541,0.0,5.300933137065675
5542,0.0,4.028255723150666
5543,0.0,2.7294083394449986
5544,0.0,1.6657619856579466
5545,0.0,0.925688124470762
5546,0.0,0.6595154633423953
5547,0.0,0.5848031808532282
5548,0.0,0.5625534690948066
5549,0.0,0.5319531605725367
5550,0.0,0.5059061707280893
5551,0.0,0.6371708924406589
5552,0.0,0.6870247289892641
5553,0.0,0.8650492257406261
5554,0.0,1.073133244544038
5555,0.0,1.2639571424614484
5556,0.0,1.4031534382497435
5557,0.0,1.4974963238426104
5558,0.0,1.5457183749861725
5559,0.0,1.5096060834737566
5560,0.0,1.3553258565605697
5561,0.0,1.0797577480929694
5562,0.0,0.6905381557706438
5563,0.0,0.2731059683208472
5564,0.0,0.0073697959231988
5565,0.0,0.0
5566,0.0,0.0
5567,0.0,0.0
5568,0.0,0.0
5569,0.0,0.0
5570,0.0,0.0
5571,0.0,0.0
5572,0.0,0.0
5573,0.0,0.0
5574,0.0,0.0
5575,0.0,0.0
5576,0.0,0.0
5577,0.0,0.0
5578,0.0,0.0
5579,0.0,0.0
5580,0.0,0.0
5581,0.0,0.0
5582,0.0,0.0
5583,0.0,0.0
5584,0.0,0.0
5585,0.0,0.0
5586,0.0,0.0
5587,0.0,0.0
5588,0.0,0.0
5589,0.0,0.0
5590,0.0,0.0
5591,0.0,0.0
5592,0.0,0.0
5593,0.0,0.0
5594,0.0,0.0
5595,0.0,0.0
5596,0.0,0.0
5597,0.0,0.0
5598,0.0,0.0
5599,0.0,0.0
5600,0.0,0.0
5601,0.0,0.0
5602,0.0,0.0
5603,0.0,0.0
5604,0.0,0.0
5605,0.0,0.0
5606,0.0,0.0
5607,0.0,0.0
5608,0.0,0.0
5609,0.0,0.0
5610,0.0,0.0
5611,0.0,0.0
5612,0.0,0.0
5613,0.0,0.0
5614,0.0,0.0
5615,0.0,0.0
5616,0.0,0.0
5617,0.0,0.0
5618,0.0,0.0
5619,0.0,0.0
5620,0.0,0.0
5621,0.0,0.0
5622,0.0,0.0
5623,0.0,0.0
5624,0.0,0.0
5625,0.0,0.0
5626,0.0,0.0
5627,0.0,0.0
5628,0.0,0.0
5629,0.0,0.0
5630,0.0,0.0
5631,0.0,0.0
5632,0.0,0.0
5633,0.0,0.0
5634,0.0,0.0
5635,0.0,0.0
5636,0.0,0.0
5637,0.0,0.0
5638,0.0,0.0
5639,0.0,0.0
5640,0.0,0.0
5641,0.0,0.0
5642,0.0,0.0
5643,0.0,0.0
5644,0.0,0.0
5645,0.0,0.0
5646,0.0,0.0
5647,0.0,0.0
5648,0.0,0.0
5649,0.0,0.0
5650,0.0,0.0
5651,0.0,0.0
5652,0.0,0.1216745968897966
5653,0.0,0.0
5654,0.0,0.0
5655,0.0,0.0
5656,0.0,0.0
5657,0.0,0.0
5658,0.0,0.1524795567096427
5659,0.0,0.5462107386467526
5660,0.0,0.0
5661,0.0,0.0
5662,0.0,0.0
5663,0.0,0.0
5664,0.0,0.0
5665,0.0,0.0
5666,0.0,0.0
5667,0.0,0.0
5668,0.0,0.0
5669,0.0,0.0
5670,0.0,0.0
5671,0.0,0.0
5672,0.0,0.1624886501009152
5673,0.0,0.3263857165025547
5674,0.0,1.192669276682985
5675,0.0,1.5080391448060415
5676,0.0,2.6943441315245176
5677,0.0,2.5891844362412586
5678,0.0,3.6408688666430677
5679,0.0,3.698158632580113
5680,0.0,4.236728414725092
5681,0.0,5.328990436679352
5682,0.0,5.035875366771248
5683,0.0,2.233908792289836
5684,0.0,1.3823294996039233
5685,0.0,0.8220543678604332
5686,0.0,0.3682184511223911
5687,0.0,0.1427027037242886
5688,0.0,0.0
5689,0.0,0.0
5690,0.0,0.0
5691,0.0,0.0
5692,0.0,0.0
5693,0.0,0.0
5694,0.0,0.0
5695,0.0,0.0
5696,0.0,0.4070820692280459
5697,0.0,0.9113917959896368
5698,0.0,1.7353662996764696
5699,0.0,2.633788992136882
5700,0.0,3.1767269130017506
5701,0.0,4.2427953121177975
5702,0.0,6.035897415598673
5703,0.0,7.089053201967447
5704,0.0,8.885995224463777
5705,0.0,9.10402555131861
5706,0.0,7.86807252383351
5707,0.0,7.236698550257529
5708,0.0,3.5905983821001994
5709,0.0,2.2154378310618874
5710,0.0,1.3001193230131642
5711,0.0,1.0189495609821864
5712,0.0,0.863376458447205
5713,0.0,0.743857279059933
5714,0.0,0.6214584096392678
5715,0.0,0.44855728657560456
5716,0.0,0.2774635337297513
5717,0.0,0.1953375020267412
5718,0.0,0.1600359541334021
5719,0.0,0.199008672285272
5720,0.0,0.34755177721273656
5721,0.0,0.5195208345098379
5722,0.0,0.701749714641644
5723,0.0,0.9215264083840722
5724,0.0,1.1249742555508013
5725,0.0,1.2977822345050904
5726,0.0,1.4342223466229187
5727,0.0,1.4860106161269018
5728,0.0,1.3680250324320835
5729,0.0,1.0014227048733544
5730,0.0,0.4570391088538922
5731,0.0,0.0116549704526631
5732,0.0,0.0
5733,0.0,0.0
5734,0.0,0.0
5735,0.0,0.0
5736,0.0,0.0
5737,0.0,0.0
5738,0.0,0.0
5739,0.0,0.0
5740,0.0,0.0
5741,0.0,0.0
5742,0.0,0.0
5743,0.0,0.0
5744,0.0,0.0
5745,0.0,0.0
5746,0.0,0.0
5747,0.0,0.0
5748,0.0,0.0
5749,0.0,0.0
5750,0.0,0.0
5751,0.0,0.0
5752,0.0,0.0
5753,0.0,0.0
5754,0.0,0.0
5755,0.0,0.0
5756,0.0,0.0
5757,0.0,0.0
5758,0.0,0.0
5759,0.0,0.0
5760,0.0,0.0
5761,0.0,0.0
5762,0.0,0.0
5763,0.0,0.0
5764,0.0,0.0
5765,0.0,0.0
5766,0.0,0.0
5767,0.0,0.0
5768,0.0,0.0
5769,0.0,0.0
5770,0.0,0.0
5771,0.0,0.0211064561866563
5772,0.0,1.2160014123563612
5773,0.0,1.224198169057272
5774,0.0,1.786704728891079
5775,0.0,2.935810399632545
5776,0.0,3.14327879465118
5777,0.0,1.92291773127168
5778,0.0,1.415393208082856
5779,0.0,0.5688259935005529
5780,0.0,0.0288813396583524
5781,0.0,0.0
5782,0.0,0.0
5783,0.0,0.0
5784,0.0,0.0
5785,0.0,0.0
5786,0.0,0.0
5787,0.0,0.0
5788,0.0,0.0
5789,0.0,0.0
5790,0.0,0.0
5791,0.0,0.0
5792,0.0,0.0
5793,0.0,0.0
5794,0.0,0.0
5795,0.0,0.2426065213879175
5796,0.0,0.7293074768724019
5797,0.0,1.8655216128560599
5798,0.0,2.4597857921941855
5799,0.0,3.5025260108373186
5800,0.0,4.217666724102908
5801,0.0,4.480386528372175
5802,0.0,2.301711367741615
5803,0.0,1.5948138300286923
5804,0.0,1.0074414834405696
5805,0.0,0.676709477310198
5806,0.0,0.4293553962165363
5807,0.0,0.20912929008456949
5808,0.0,0.0387402002781568
5809,0.0,0.0
5810,0.0,0.0
5811,0.0,0.0
5812,0.0,0.0
5813,0.0,0.0
5814,0.0,0.0
5815,0.0,0.0
5816,0.0,0.5692408466245413
5817,0.0,2.1820307409495903
5818,0.0,3.964923936961956
5819,0.0,4.919400884274598
5820,0.0,6.534664540963963
5821,0.0,7.806415535381271
5822,0.0,8.563560459333157
5823,0.0,9.362614898830417
5824,0.0,10.454410671364329
5825,0.0,10.36847512490285
5826,0.0,9.890352689058272
5827,0.0,7.512752790074439
5828,0.0,5.111655503483432
5829,0.0,3.8762909006071364
5830,0.0,2.8369014581671785
5831,0.0,2.0124754613352946
5832,0.0,1.378531783025796
5833,0.0,1.0708976361378721
5834,0.0,0.8259815006486233
5835,0.0,0.6069952946147127
5836,0.0,0.3743681011722704
5837,0.0,0.0765586114614739
5838,0.0,0.1031554868874567
5839,0.0,0.8046692782700524
5840,0.0,2.498658351754477
5841,0.0,4.367941151634465
5842,0.0,6.477858285695911
5843,0.0,8.638199307130481
5844,0.0,11.035422230764613
5845,0.0,12.406954965561503
5846,0.0,14.156122241114572
5847,0.0,15.231130148725635
5848,0.0,16.50043490410936
5849,0.0,16.631934394153383
5850,0.0,15.873157625837749
5851,0.0,14.13245949280201
5852,0.0,10.069745105904893
5853,0.0,7.820874963911063
5854,0.0,5.894404533112061
5855,0.0,4.280828869885097
5856,0.0,3.1545089007339424
5857,0.0,2.2809002488732544
5858,0.0,1.535374798786862
5859,0.0,1.066647966525351
5860,0.0,0.7023174507314252
5861,0.0,0.4469122445397564
5862,0.0,0.3375435872898782
5863,0.0,2.11767483980247
5864,0.0,4.670909620917583
5865,0.0,7.063257504174099
5866,0.0,9.42068650660481
5867,0.0,11.997738339191175
5868,0.0,13.554773274124056
5869,0.0,14.23870330871652
5870,0.0,16.216597800324074
5871,0.0,18.030724464195824
5872,0.0,18.311674404534447
5873,0.0,18.12539205601267
5874,0.0,15.991307312485691
5875,0.0,14.177060037010202
5876,0.0,10.730875121663459
5877,0.0,9.083301038673817
5878,0.0,7.677876854703662
5879,0.0,6.3905110706038
5880,0.0,5.169527565523013
5881,0.0,4.076675281608793
5882,0.0,3.2729611465477015
5883,0.0,2.613027972369002
5884,0.0,1.9538000687274404
5885,0.0,1.1973273915811375
5886,0.0,0.6782943909307827
5887,0.0,2.52920166609711
5888,0.0,4.91217410201953
5889,0.0,5.225895326797617
5890,0.0,9.568909755889326
5891,0.0,11.341184656425597
5892,0.0,13.31652132507843
5893,0.0,14.142595439187385
5894,0.0,16.361436491817784
5895,0.0,16.590913767843798
5896,0.0,14.122800060400923
5897,0.0,11.710662157749063
5898,0.0,10.01840584563785
5899,0.0,8.83636108240158
5900,0.0,7.749849539656281
5901,0.0,6.729840199235679
5902,0.0,5.736290410010286
5903,0.0,4.790068265226469
5904,0.0,3.913812700873661
5905,0.0,3.121551445126873
5906,0.0,2.416646641863036
5907,0.0,1.736641959649197
5908,0.0,1.0444974419446145
5909,0.0,0.6820187848664256
5910,0.0,0.5441627808485645
5911,0.0,2.823191621527884
5912,0.0,5.031166423284375
5913,0.0,7.055249734461823
5914,0.0,9.308138644633194
5915,0.0,11.714027506897699
5916,0.0,13.308610502670545
5917,0.0,14.847686458427898
5918,0.0,16.552163414303003
5919,0.0,16.59174597558749
5920,0.0,16.0961052262164
5921,0.0,16.858861859190792
5922,0.0,16.5229708765427
5923,0.0,13.637346691306456
5924,0.0,10.430061175996064
5925,0.0,8.754317303275545
5926,0.0,7.386565750660382
5927,0.0,6.218378579343181
5928,0.0,5.252384605553451
5929,0.0,4.500585294737288
5930,0.0,3.9874928408472377
5931,0.0,3.5395677667335983
5932,0.0,3.064252725974948
5933,0.0,2.1967219568154217
5934,0.0,1.22554673390619
5935,0.0,3.7226953846041253
5936,0.0,6.0731491705325285
5937,0.0,8.629733162658207
5938,0.0,10.354360357903772
5939,0.0,12.638873723066222
5940,0.0,13.847264645543925
5941,0.0,14.050461864080006
5942,0.0,16.172532829025933
5943,0.0,16.868224822607388
5944,0.0,17.977481596967536
5945,0.0,17.057616595277278
5946,0.0,16.45117552632432
5947,0.0,13.850377170323902
5948,0.0,10.542165158839595
5949,0.0,8.80170184372229
5950,0.0,7.317714515604473
5951,0.0,6.131995835083418
5952,0.0,5.19081315346308
5953,0.0,4.441840471478556
5954,0.0,3.7354869607091032
5955,0.0,3.017477886236326
5956,0.0,2.2973868323713558
5957,0.0,1.5991915642258796
5958,0.0,1.1749790987569737
5959,0.0,1.4502953451840583
5960,0.0,2.366515957368465
5961,0.0,5.802686972825637
5962,0.0,6.801878844459036
5963,0.0,9.339355702952881
5964,0.0,11.104521898442375
5965,0.0,10.04235563024931
5966,0.0,8.94884776280758
5967,0.0,8.167158067382616
5968,0.0,6.404332536941502
5969,0.0,4.987184551904736
5970,0.0,3.5510751258671696
5971,0.0,2.181855125172288
5972,0.0,1.1483349592642722
5973,0.0,0.7960047843342747
5974,0.0,0.6931024249143551
5975,0.0,0.6276062396930825
5976,0.0,0.5729890744448332
5977,0.0,0.5180580508534168
5978,0.0,0.42007610836367837
5979,0.0,0.3102212240762795
5980,0.0,0.1929897560305996
5981,0.0,0.0669848225446831
5982,0.0,0.0210317748238028
5983,0.0,0.115032399672984
5984,0.0,0.32447238160293224
5985,0.0,0.6108042390919015
5986,0.0,0.8428556650332515
5987,0.0,1.1576302032474066
5988,0.0,1.5712338059963886
5989,0.0,2.992417565655665
5990,0.0,3.0904865161135238
5991,0.0,6.389181604744581
5992,0.0,3.89033555454425
5993,0.0,2.7180392169299896
5994,0.0,1.665834133278501
5995,0.0,1.0494722141967858
5996,0.0,0.6040035311290315
5997,0.0,0.2252172488400941
5998,0.0,0.0
5999,0.0,0.0
6000,0.0,0.0
6001,0.0,0.0
6002,0.0,0.0
6003,0.0,0.0
6004,0.0,0.0
6005,0.0,0.0
6006,0.0,0.0
6007,0.0,0.0
6008,0.0,0.0
6009,0.0,0.0
6010,0.0,0.0
6011,0.0,0.0
6012,0.0,3.790734815184906e-05
6013,0.0,0.09300079879918469
6014,0.0,0.20911003493746738
6015,0.0,0.34637557054713797
6016,0.0,0.4227581326292986
6017,0.0,0.3776908689718078
6018,0.0,0.2160762527255186
6019,0.0,0.0232812816561474
6020,0.0,0.0
6021,0.0,0.0
6022,0.0,0.0
6023,0.0,0.0
6024,0.0,0.0
6025,0.0,0.0
6026,0.0,0.0
6027,0.0,0.0
6028,0.0,0.0
6029,0.0,0.0
6030,0.0,0.0
6031,0.0,0.0
6032,0.0,0.0
6033,0.0,0.0
6034,0.0,0.0
6035,0.0,0.0
6036,0.0,0.1060269504761527
6037,0.0,0.4061516396637468
6038,0.0,1.7713412220267895
6039,0.0,2.1717135110079915
6040,0.0,3.1247713205288328
6041,0.0,2.4701786128153373
6042,0.0,0.8302553215255788
6043,0.0,0.0
6044,0.0,0.0
6045,0.0,0.0
6046,0.0,0.0
6047,0.0,0.0
6048,0.0,0.0
6049,0.0,0.0
6050,0.0,0.0
6051,0.0,0.0
6052,0.0,0.0
6053,0.0,0.0
6054,0.0,0.0
6055,0.0,0.0
6056,0.0,0.0
6057,0.0,0.0
6058,0.0,0.0
6059,0.0,0.0
6060,0.0,0.0
6061,0.0,0.0
6062,0.0,0.0
6063,0.0,0.5481430514505418
6064,0.0,0.0
6065,0.0,0.0888437580974035
6066,0.0,0.0
6067,0.0,0.0
6068,0.0,0.0
6069,0.0,0.0
6070,0.0,0.0
6071,0.0,0.0
6072,0.0,0.0
6073,0.0,0.0
6074,0.0,0.0
6075,0.0,0.0
6076,0.0,0.0
6077,0.0,0.0
6078,0.0,0.0
6079,0.0,0.0
6080,0.0,0.0
6081,0.0,0.053664335369079
6082,0.0,0.0
6083,0.0,0.0
6084,0.0,0.3645230672091969
6085,0.0,0.3722132324638612
6086,0.0,0.9959894489735759
6087,0.0,1.4116439315829483
6088,0.0,0.7681449051635232
6089,0.0,1.366436289446663
6090,0.0,0.7172776588581312
6091,0.0,0.0
6092,0.0,0.0
6093,0.0,0.0
6094,0.0,0.0
6095,0.0,0.0
6096,0.0,0.0
6097,0.0,0.0
6098,0.0,0.0
6099,0.0,0.0
6100,0.0,0.0
6101,0.0,0.0
6102,0.0,0.0
6103,0.0,0.0
6104,0.0,0.0
6105,0.0,0.0036964078413115
6106,0.0,0.2542290431014327
6107,0.0,0.5816821975524604
6108,0.0,1.2656693258298684
6109,0.0,1.7108813476253029
6110,0.0,2.6732679434976387
6111,0.0,2.985293452498186
6112,0.0,2.7337541518955955
6113,0.0,2.6248744874996355
6114,0.0,2.70290608562711
6115,0.0,0.9764093836820554
6116,0.0,0.4721832758950444
6117,0.0,0.2112939104887644
6118,0.0,0.0065536842490271
6119,0.0,0.0
6120,0.0,0.0
6121,0.0,0.0
6122,0.0,0.0
6123,0.0,0.0
6124,0.0,0.0
6125,0.0,0.0
6126,0.0,0.0
6127,0.0,0.0
6128,0.0,0.025043627317783
6129,0.0,0.1301769679520091
6130,0.0,0.2443225355953472
6131,0.0,0.3878366949982187
6132,0.0,0.9024461644564387
6133,0.0,1.0978189386989672
6134,0.0,1.3149383000858668
6135,0.0,1.3011159449266334
6136,0.0,1.0049746468932184
6137,0.0,0.8408888317392202
6138,0.0,0.6436521602751923
6139,0.0,0.40320031380107835
6140,0.0,0.2037365041015194
6141,0.0,0.1116156718429637
6142,0.0,0.0298642127527839
6143,0.0,0.0
6144,0.0,0.0
6145,0.0,0.0
6146,0.0,0.0
6147,0.0,0.0
6148,0.0,0.0
6149,0.0,0.0
6150,0.0,0.0
6151,0.0,0.447342675023772
6152,0.0,1.6502247293462036
6153,0.0,2.3341394864586293
6154,0.0,3.7401325035950217
6155,0.0,4.235153907380607
6156,0.0,4.24037433239371
6157,0.0,6.142694094915399
6158,0.0,7.5796148442776765
6159,0.0,8.819496924588147
6160,0.0,7.427134545633049
6161,0.0,6.890538250294647
6162,0.0,7.409841641630192
6163,0.0,3.506627977596048
6164,0.0,2.290272525918012
6165,0.0,1.6199608578757763
6166,0.0,1.299366886607297
6167,0.0,1.0369489874360363
6168,0.0,0.8479028787891567
6169,0.0,0.6875910622712238
6170,0.0,0.5821118801654745
6171,0.0,0.4800604142654547
6172,0.0,0.3688691925976389
6173,0.0,0.2472693717020592
6174,0.0,0.0973961012611592
6175,0.0,0.0669060074362318
6176,0.0,0.1452308252543055
6177,0.0,0.5616143716971095
6178,0.0,0.8688366332877113
6179,0.0,1.204651629208553
6180,0.0,1.6848463499801842
6181,0.0,1.7908960756700496
6182,0.0,1.926252986028323
6183,0.0,1.8489508806248178
6184,0.0,1.5729149444228339
6185,0.0,1.122524495208733
6186,0.0,0.5911458716030917
6187,0.0,0.0641419432266654
6188,0.0,0.0
6189,0.0,0.0
6190,0.0,0.0
6191,0.0,0.0
6192,0.0,0.0
6193,0.0,0.0
6194,0.0,0.0
6195,0.0,0.0
6196,0.0,0.0
6197,0.0,0.0
6198,0.0,0.0
6199,0.0,0.0
6200,0.0,0.0
6201,0.0,0.0
6202,0.0,0.0
6203,0.0,0.0
6204,0.0,0.0
6205,0.0,0.0
6206,0.0,0.0
6207,0.0,0.0
6208,0.0,0.0
6209,0.0,0.0
6210,0.0,0.0
6211,0.0,0.0
6212,0.0,0.0
6213,0.0,0.0
6214,0.0,0.0
6215,0.0,0.0
6216,0.0,0.0
6217,0.0,0.0
6218,0.0,0.0
6219,0.0,0.0
6220,0.0,0.0
6221,0.0,0.0
6222,0.0,0.0
6223,0.0,0.0
6224,0.0,0.0
6225,0.0,0.0
6226,0.0,0.0
6227,0.0,0.0
6228,0.0,0.0
6229,0.0,0.0
6230,0.0,0.0715526162820606
6231,0.0,0.7568343523308269
6232,0.0,0.9233864051937255
6233,0.0,0.8320787938390033
6234,0.0,0.7904615015955317
6235,0.0,0.0
6236,0.0,0.0
6237,0.0,0.0
6238,0.0,0.0
6239,0.0,0.0
6240,0.0,0.0
6241,0.0,0.0
6242,0.0,0.0
6243,0.0,0.0
6244,0.0,0.0
6245,0.0,0.0
6246,0.0,0.0
6247,0.0,0.0
6248,0.0,0.0
6249,0.0,0.0
6250,0.0,0.0
6251,0.0,0.0
6252,0.0,0.0
6253,0.0,0.0840668069772153
6254,0.0,0.71725879597514
6255,0.0,0.9380068087732313
6256,0.0,1.4122378237530857
6257,0.0,1.2916874063197044
6258,0.0,1.1114856295795794
6259,0.0,0.0
6260,0.0,0.0
6261,0.0,0.0
6262,0.0,0.0
6263,0.0,0.0
6264,0.0,0.0
6265,0.0,0.0
6266,0.0,0.0
6267,0.0,0.0
6268,0.0,0.0
6269,0.0,0.0
6270,0.0,0.0
6271,0.0,0.0
6272,0.0,0.0
6273,0.0,0.0
6274,0.0,0.0
6275,0.0,0.0
6276,0.0,0.0
6277,0.0,0.2310427788588034
6278,0.0,0.186972490644063
6279,0.0,0.7752278732680455
6280,0.0,0.9116434840787082
6281,0.0,0.7901571684972521
6282,0.0,1.002096459346261
6283,0.0,0.0
6284,0.0,0.0
6285,0.0,0.0
6286,0.0,0.0
6287,0.0,0.0
6288,0.0,0.0
6289,0.0,0.0
6290,0.0,0.0
6291,0.0,0.0
6292,0.0,0.0
6293,0.0,0.0
6294,0.0,0.0
6295,0.0,0.0
6296,0.0,0.0
6297,0.0,0.0
6298,0.0,0.0
6299,0.0,0.0
6300,0.0,0.0
6301,0.0,0.0
6302,0.0,0.363211932237197
6303,0.0,1.047380955974311
6304,0.0,1.1073997365319437
6305,0.0,0.9134676629878876
6306,0.0,0.0
6307,0.0,0.0
6308,0.0,0.0
6309,0.0,0.0
6310,0.0,0.0
6311,0.0,0.0
6312,0.0,0.0
6313,0.0,0.0
6314,0.0,0.0
6315,0.0,0.0
6316,0.0,0.0
6317,0.0,0.0
6318,0.0,0.0
6319,0.0,0.0
6320,0.0,0.0
6321,0.0,0.0
6322,0.0,0.0
6323,0.0,0.0
6324,0.0,0.0
6325,0.0,0.0
6326,0.0,0.0
6327,0.0,0.0
6328,0.0,0.0
6329,0.0,0.0
6330,0.0,0.0
6331,0.0,0.0
6332,0.0,0.0
6333,0.0,0.0
6334,0.0,0.0
6335,0.0,0.0
6336,0.0,0.0
6337,0.0,0.0
6338,0.0,0.0
6339,0.0,0.0
6340,0.0,0.0
6341,0.0,0.0
6342,0.0,0.0
6343,0.0,0.0
6344,0.0,0.0
6345,0.0,0.0
6346,0.0,0.0
6347,0.0,0.0
6348,0.0,0.0
6349,0.0,0.0
6350,0.0,0.0
6351,0.0,0.0
6352,0.0,0.0
6353,0.0,0.0
6354,0.0,0.0
6355,0.0,0.0
6356,0.0,0.0
6357,0.0,0.0
6358,0.0,0.0
6359,0.0,0.0
6360,0.0,0.0
6361,0.0,0.0
6362,0.0,0.0
6363,0.0,0.0
6364,0.0,0.0
6365,0.0,0.0
6366,0.0,0.0
6367,0.0,0.0
6368,0.0,0.0
6369,0.0,0.0
6370,0.0,0.0
6371,0.0,0.0
6372,0.0,0.0
6373,0.0,0.0
6374,0.0,0.0
6375,0.0,0.0
6376,0.0,0.0
6377,0.0,0.0
6378,0.0,0.0
6379,0.0,0.0
6380,0.0,0.0
6381,0.0,0.0
6382,0.0,0.0
6383,0.0,0.0
6384,0.0,0.0
6385,0.0,0.0
6386,0.0,0.0
6387,0.0,0.0
6388,0.0,0.0
6389,0.0,0.0
6390,0.0,0.0
6391,0.0,0.0
6392,0.0,0.0
6393,0.0,0.0
6394,0.0,0.0
6395,0.0,0.0
6396,0.0,0.0
6397,0.0,0.0
6398,0.0,0.0
6399,0.0,0.0
6400,0.0,0.0
6401,0.0,0.0
6402,0.0,0.0
6403,0.0,0.0
6404,0.0,0.0
6405,0.0,0.0
6406,0.0,0.0
6407,0.0,0.0
6408,0.0,0.0
6409,0.0,0.0
6410,0.0,0.0
6411,0.0,0.0
6412,0.0,0.0
6413,0.0,0.0
6414,0.0,0.0
6415,0.0,0.0
6416,0.0,0.0
6417,0.0,0.0
6418,0.0,0.0
6419,0.0,0.0
6420,0.0,0.0
6421,0.0,0.0
6422,0.0,0.0
6423,0.0,0.0
6424,0.0,0.0
6425,0.0,0.0
6426,0.0,0.0
6427,0.0,0.0
6428,0.0,0.0
6429,0.0,0.0
6430,0.0,0.0
6431,0.0,0.0
6432,0.0,0.0
6433,0.0,0.0
6434,0.0,0.0
6435,0.0,0.0
6436,0.0,0.0
6437,0.0,0.0
6438,0.0,0.0
6439,0.0,0.0
6440,0.0,0.0
6441,0.0,0.0
6442,0.0,0.0
6443,0.0,0.0
6444,0.0,0.0
6445,0.0,0.0
6446,0.0,0.0
6447,0.0,0.0
6448,0.0,0.0
6449,0.0,0.0
6450,0.0,0.0
6451,0.0,0.0
6452,0.0,0.0
6453,0.0,0.0
6454,0.0,0.0
6455,0.0,0.0
6456,0.0,0.0
6457,0.0,0.0
6458,0.0,0.0
6459,0.0,0.0
6460,0.0,0.0
6461,0.0,0.0
6462,0.0,0.0
6463,0.0,0.0
6464,0.0,0.0
6465,0.0,0.0
6466,0.0,0.0
6467,0.0,0.0
6468,0.0,0.0
6469,0.0,0.0
6470,0.0,0.0
6471,0.0,0.0
6472,0.0,0.0
6473,0.0,0.0
6474,0.0,0.0
6475,0.0,0.0
6476,0.0,0.0
6477,0.0,0.0
6478,0.0,0.0
6479,0.0,0.0
6480,0.0,0.0
6481,0.0,0.0
6482,0.0,0.0
6483,0.0,0.0
6484,0.0,0.0
6485,0.0,0.0
6486,0.0,0.0
6487,0.0,0.0
6488,0.0,0.0
6489,0.0,0.0
6490,0.0,0.0
6491,0.0,0.0
6492,0.0,0.0
6493,0.0,0.0
6494,0.0,0.0
6495,0.0,0.0
6496,0.0,0.0
6497,0.0,0.0
6498,0.0,0.0
6499,0.0,0.0
6500,0.0,0.0
6501,0.0,0.0
6502,0.0,0.0
6503,0.0,0.0
6504,0.0,0.0
6505,0.0,0.0
6506,0.0,0.0
6507,0.0,0.0
6508,0.0,0.0
6509,0.0,0.0
6510,0.0,0.0
6511,0.0,0.0
6512,0.0,0.0
6513,0.0,0.0
6514,0.0,0.0
6515,0.0,0.0
6516,0.0,0.0
6517,0.0,0.0
6518,0.0,0.0
6519,0.0,0.0
6520,0.0,0.0
6521,0.0,0.0
6522,0.0,0.0
6523,0.0,0.0
6524,0.0,0.0
6525,0.0,0.0
6526,0.0,0.0
6527,0.0,0.0
6528,0.0,0.0
6529,3.7948042338534576,0.0
6530,5.380703827889626,0.0
6531,5.5176218237797325,0.0
6532,5.76915647675208,0.0
6533,6.059038916995762,0.0
6534,6.376574812195654,0.0
6535,6.395974411232309,0.0
6536,16.023937645890893,0.0
6537,18.381853436203624,0.0
6538,12.413130644738363,0.0
6539,10.178972216048908,0.0
6540,8.612789366449086,0.0
6541,7.181322427802273,0.0
6542,5.946920902602383,0.0
6543,5.436574014790539,0.0
6544,4.629617681806145,0.0
6545,6.277456678260577,0.0
6546,6.996176503655208,0.0
6547,7.454093280414623,0.0
6548,7.727334013728598,0.0
6549,7.979561395136496,0.0
6550,8.254497319968205,0.0
6551,8.541874099904275,0.0
6552,8.927763880908136,0.0
6553,0.3322238384173396,0.0
6554,0.0,0.0
6555,0.0,0.0
6556,0.0,0.0
6557,0.0907846849781425,0.0
6558,0.3339186842095417,0.0
6559,0.6599770622003497,0.0
6560,9.758879053112679,0.0
6561,12.291681097690258,0.0
6562,10.66435233361733,0.0
6563,8.831340163654797,0.0
6564,7.372388278117674,0.0
6565,5.322042544842123,0.0
6566,3.76509522634353,0.0
6567,4.646867653987331,0.0
6568,5.236762851837452,0.0
6569,5.580094598785314,0.0
6570,5.9758403624798095,0.0
6571,6.243384172118612,0.0
6572,6.36248080757348,0.0
6573,6.385504031053077,0.0
6574,6.389882226219626,0.0
6575,6.406689178925274,0.0
6576,6.431029462442626,0.0
6577,0.0,0.0
6578,0.0,0.0
6579,0.0,0.0
6580,0.0,0.0
6581,0.0,0.0
6582,0.0,0.0
6583,0.0,0.0
6584,6.6739053308469485,0.0
6585,8.436929474436548,0.0
6586,7.744156766508871,0.0
6587,6.850504272487976,0.0
6588,5.681679085062327,0.0
6589,3.538108340902828,0.0
6590,1.7063161993761928,0.0
6591,2.820693848468921,0.0
6592,3.4445455818369206,0.0
6593,4.035296968949366,0.0
6594,4.47667160882849,0.0
6595,4.773866941302331,0.0
6596,4.965281160330019,0.0
6597,5.167382581811389,0.0
6598,5.376473952263623,0.0
6599,5.578588008305143,0.0
6600,5.777424859104826,0.0
6601,0.0,0.0
6602,0.0,0.0
6603,0.0,0.0
6604,0.0,0.0
6605,0.0,0.0
6606,0.0,0.0
6607,0.0,0.0
6608,6.206414707670845,0.0
6609,7.967073130334457,0.0
6610,6.995895585021135,0.0
6611,5.688849792709087,0.0
6612,4.694688267782654,0.0
6613,3.5944260592331396,0.0
6614,1.669949408976746,0.0
6615,0.5748369860854129,0.0
6616,0.0378725801225017,0.0
6617,0.3769739750067998,0.0
6618,2.6665751396608943,0.0
6619,3.564636953599588,0.0
6620,4.270966964532159,0.0
6621,4.657800443796797,0.0
6622,4.983677092583288,0.0
6623,5.328869455256856,0.0
6624,5.683608187799667,0.0
6625,0.0,0.0
6626,0.0,0.0
6627,0.0,0.0
6628,0.0,0.0
6629,0.0,0.0
6630,0.0,0.0
6631,0.0,0.0
6632,6.229894688810365,0.0
6633,5.232440395890299,0.0
6634,6.060659095818749,0.0
6635,5.587242143166035,0.0
6636,5.515537516990581,0.0
6637,5.323195427368038,0.0
6638,5.765038658437058,0.0
6639,5.815982823603165,0.0
6640,5.970224174980838,0.0
6641,5.972733176099767,0.0
6642,6.5773329081619725,0.0
6643,7.052701528201077,0.0
6644,7.362275021005625,0.0
6645,7.627184206046399,0.0
6646,7.765214127723642,0.0
6647,7.656704448008434,0.0
6648,7.39879541113722,0.0
6649,0.0,0.0
6650,0.0,0.0
6651,0.0,0.0
6652,0.0,0.0
6653,0.0,0.0
6654,0.0,0.0
6655,0.0,0.0
6656,6.9676979452481955,0.0
6657,6.152174290446346,0.0
6658,4.1152144923214244,0.0
6659,2.7336841208999085,0.0
6660,1.712633730196208,0.0
6661,1.5278140053027085,0.0
6662,0.6578512421054378,0.0
6663,0.2258038931412577,0.0
6664,0.0,0.0
6665,0.0,0.0
6666,1.0060213230829764,0.0
6667,2.2858662295344407,0.0
6668,3.0891928008114578,0.0
6669,3.7556460446396853,0.0
6670,4.3588327771464055,0.0
6671,5.083818605340583,0.0
6672,5.866868809359317,0.0
6673,0.0,0.0
6674,0.0,0.0
6675,0.0,0.0
6676,0.0,0.0
6677,0.0,0.0
6678,0.0,0.0
6679,0.0,0.0
6680,7.756186776602133,0.0
6681,10.127624108136482,0.0
6682,8.565940224938757,0.0
6683,6.918973015973679,0.0
6684,5.66109779953617,0.0
6685,3.4605712625571647,0.0
6686,2.145262770676523,0.0
6687,0.8627311587283879,0.0
6688,2.243100418845222,0.0
6689,2.742250129430912,0.0
6690,3.5507834471281807,0.0
6691,4.138517170096108,0.0
6692,4.521082232837919,0.0
6693,4.757763793768445,0.0
6694,5.038221980124363,0.0
6695,5.361366146877707,0.0
6696,5.815353905507291,0.0
6697,0.0,0.0
6698,0.0,0.0
6699,0.0,0.0
6700,0.0,0.0
6701,0.0,0.0
6702,0.0,0.0
6703,0.0,0.0
6704,4.245379739469904,0.0
6705,4.338258614284018,0.0
6706,2.1160689789417986,0.0
6707,0.7724571336736215,0.0
6708,1.077051043624346,0.0
6709,0.9790239184182996,0.0
6710,0.2648985766682178,0.0
6711,0.0,0.0
6712,0.3200838952585521,0.0
6713,0.2797895895728288,0.0
6714,0.8085063075695182,0.0
6715,1.3304934023511388,0.0
6716,1.8353207049171518,0.0
6717,2.150614905172608,0.0
6718,2.409065000988606,0.0
6719,2.6949179640082326,0.0
6720,3.0244620492842658,0.0
6721,0.0,0.0
6722,0.0,0.0
6723,0.0,0.0
6724,0.0,0.0
6725,0.0,0.0
6726,0.0,0.0
6727,0.0,0.0
6728,4.8328521999876175,0.0
6729,5.9812690312679475,0.0
6730,5.072785413422899,0.0
6731,4.0920694106191196,0.0
6732,3.026488672157502,0.0
6733,2.3376638695386562,0.0
6734,0.63377680275185,0.0
6735,0.0,0.0
6736,0.0,0.0
6737,0.3286590554812249,0.0
6738,1.248668562790311,0.0
6739,2.1509039767276734,0.0
6740,2.813805456810579,0.0
6741,3.2809848295397064,0.0
6742,3.6654887274855152,0.0
6743,4.009388656812872,0.0
6744,4.28891786308491,0.0
6745,0.0,0.0
6746,0.0,0.0
6747,0.0,0.0
6748,0.0,0.0
6749,0.0,0.0
6750,0.0,0.0
6751,0.0,0.0
6752,4.166908792509331,0.0
6753,5.174541351363079,0.0
6754,4.072593283014632,0.0
6755,3.2136164490864596,0.0
6756,2.7002411480838946,0.0
6757,2.4372125516956293,0.0
6758,2.325187693378426,0.0
6759,2.2500298619713917,0.0
6760,2.4165160376205472,0.0
6761,2.883969444070535,0.0
6762,3.3055009890155067,0.0
6763,3.5967782724326636,0.0
6764,3.7575402118549066,0.0
6765,3.8081583653391373,0.0
6766,3.8336989656626006,0.0
6767,3.9099874996758524,0.0
6768,4.0442688090980345,0.0
6769,0.0,0.0
6770,0.0,0.0
6771,0.0,0.0
6772,0.0,0.0
6773,0.0,0.0
6774,0.0,0.0
6775,0.0,0.0
6776,3.8879059062714076,0.0
6777,4.801884618219645,0.0
6778,3.6830788457167443,0.0
6779,2.7507974501044776,0.0
6780,1.8775977479753134,0.0
6781,1.0832118767031758,0.0
6782,0.8760582243929416,0.0
6783,0.8102882066504147,0.0
6784,1.03298476504436,0.0
6785,1.3834379999831676,0.0
6786,1.908636678846726,0.0
6787,2.3219788498429583,0.0
6788,2.642822573184684,0.0
6789,2.961252119669912,0.0
6790,3.288795528552477,0.0
6791,3.626593391789857,0.0
6792,3.9717688086168828,0.0
6793,0.0,0.0
6794,0.0,0.0
6795,0.0,0.0
6796,0.0,0.0
6797,0.0,0.0
6798,0.0,0.0
6799,0.0,0.0
6800,4.276227684362174,0.0
6801,5.442404836773526,0.0
6802,4.689804636351676,0.0
6803,3.8322267895937934,0.0
6804,3.485504576154635,0.0
6805,2.96576268218583,0.0
6806,2.7582767175558063,0.0
6807,2.8345490182064452,0.0
6808,3.0887516499707837,0.0
6809,3.458000298078146,0.0
6810,3.959095682822162,0.0
6811,4.265179735188729,0.0
6812,4.41952860046824,0.0
6813,4.5130617994457705,0.0
6814,4.584381902149074,0.0
6815,4.671882328598594,0.0
6816,4.8099121463235335,0.0
6817,0.0,0.0
6818,0.0,0.0
6819,0.0,0.0
6820,0.0,0.0
6821,0.0,0.0
6822,0.0,0.0
6823,0.0,0.0
6824,3.4910933243276094,0.0
6825,3.6028970263908477,0.0
6826,1.7311957156415478,0.0
6827,0.6661261935096021,0.0
6828,0.9201557675272004,0.0
6829,0.640408623913738,0.0
6830,0.0,0.0
6831,0.0,0.0
6832,0.0,0.0
6833,0.0,0.0
6834,0.0,0.0
6835,0.0,0.0
6836,0.1215799291671767,0.0
6837,0.5311023669012016,0.0
6838,0.9722222103451673,0.0
6839,1.3438518933589352,0.0
6840,1.7205881565410368,0.0
6841,0.0,0.0
6842,0.0,0.0
6843,0.0,0.0
6844,0.0,0.0
6845,0.0,0.0
6846,0.0,0.0
6847,0.0,0.0
6848,2.7745406890513955,0.0
6849,3.33438821405026,0.0
6850,2.378845482371349,0.0
6851,1.1322104325242577,0.0
6852,0.517583797726434,0.0
6853,0.1203173945464206,0.0
6854,0.0,0.0
6855,0.0,0.0
6856,0.0,0.0
6857,0.0,0.0
6858,0.0,0.0
6859,0.0,0.0
6860,0.0,0.0
6861,0.0,0.0
6862,0.0234298452733492,0.0
6863,0.1337548819965013,0.0
6864,0.3892902577672227,0.0
6865,0.0,0.0
6866,0.0,0.0
6867,0.0,0.0
6868,0.0,0.0
6869,0.0,0.0
6870,0.0,0.0
6871,0.0,0.0
6872,2.386595968929153,0.0
6873,3.0724727319848575,0.0
6874,2.5682429609671735,0.0
6875,2.047970611742817,0.0
6876,1.5699934844811487,0.0
6877,1.230123196571666,0.0
6878,1.1672123454654664,0.0
6879,1.3968503190061892,0.0
6880,1.8261659080348909,0.0
6881,2.392740173324192,0.0
6882,2.9920634453796002,0.0
6883,3.3579456765204747,0.0
6884,3.5956518091517173,0.0
6885,3.7871915510269094,0.0
6886,3.994514778997457,0.0
6887,4.27891294994799,0.0
6888,4.649165498886077,0.0
6889,0.0,0.0
6890,0.0,0.0
6891,0.0,0.0
6892,0.0,0.0
6893,0.0,0.0
6894,0.0,0.0
6895,0.0,0.0
6896,5.6713965077629584,0.0
6897,7.252972331211398,0.0
6898,6.345292145685809,0.0
6899,5.670668172664461,0.0
6900,5.145566020196719,0.0
6901,4.768495786316635,0.0
6902,4.020290731192096,0.0
6903,3.6225294581613303,0.0
6904,3.568709264860744,0.0
6905,2.1602385867913108,0.0
6906,4.420078979493935,0.0
6907,5.251918046742689,0.0
6908,5.81439433050751,0.0
6909,6.153281980097333,0.0
6910,6.3778071368455365,0.0
6911,6.538890988052922,0.0
6912,6.688451586591803,0.0
6913,0.0,0.0
6914,0.0,0.0
6915,0.0,0.0
6916,0.0,0.0
6917,0.0,0.0
6918,0.0,0.0
6919,0.0,0.0
6920,6.549088976670084,0.0
6921,8.348826756403222,0.0
6922,7.32293300218978,0.0
6923,6.606846632714708,0.0
6924,6.08247791120637,0.0
6925,5.717152825147689,0.0
6926,5.431949862303768,0.0
6927,5.26634307601376,0.0
6928,5.2674683606535835,0.0
6929,5.542413626480606,0.0
6930,6.024195695351696,0.0
6931,6.405381024951422,0.0
6932,6.747388118198756,0.0
6933,6.990620685644575,0.0
6934,7.221272768686709,0.0
6935,7.493040869711533,0.0
6936,7.776974281714397,0.0
6937,0.0,0.0
6938,0.0,0.0
6939,0.0,0.0
6940,0.0,0.0
6941,0.0,0.0
6942,0.0,0.0
6943,0.0,0.0
6944,8.540280985154281,0.0
6945,10.064856503594259,0.0
6946,8.670458113867724,0.0
6947,7.361330013598168,0.0
6948,6.511064376996203,0.0
6949,5.9336113117084865,0.0
6950,5.357624694756296,0.0
6951,3.9256477256166624,0.0
6952,1.9130543755774285,0.0
6953,3.8754008698910427,0.0
6954,4.855720188144227,0.0
6955,5.474802647169547,0.0
6956,6.027084403183713,0.0
6957,6.665192059904423,0.0
6958,7.143687957693602,0.0
6959,7.274851471712075,0.0
6960,7.199420067080314,0.0
6961,0.0,0.0
6962,0.0,0.0
6963,0.0,0.0
6964,0.0,0.0
6965,0.0,0.0
6966,0.0,0.0
6967,0.0,0.0
6968,7.831347218174496,0.0
6969,10.236774930506549,0.0
6970,9.291279086221945,0.0
6971,8.057389536873734,0.0
6972,7.129194876356609,0.0
6973,6.771900952327453,0.0
6974,6.931269654094107,0.0
6975,6.811227277552654,0.0
6976,6.833119617307005,0.0
6977,7.0468053562139294,0.0
6978,7.81348260251983,0.0
6979,8.333092310201739,0.0
6980,8.688570936905592,0.0
6981,8.884988801745987,0.0
6982,9.082246348018776,0.0
6983,9.502966757089306,0.0
6984,10.10960714182354,0.0
6985,0.0,0.0
6986,0.0,0.0
6987,0.0,0.0
6988,0.0,0.0
6989,0.0,0.0
6990,0.0995316459001575,0.0
6991,0.5304596193730927,0.0
6992,12.225878810399186,0.0
6993,15.886586315842973,0.0
6994,14.590574557869283,0.0
6995,13.53290316201648,0.0
6996,12.632750161780244,0.0
6997,11.857887299418733,0.0
6998,10.661595681057879,0.0
6999,9.963119404588149,0.0
7000,9.951797066592603,0.0
7001,10.526095319590183,0.0
7002,11.14946197488008,0.0
7003,11.601412804441457,0.0
7004,11.952727079660923,0.0
7005,12.089565043718096,0.0
7006,12.19980047587627,0.0
7007,12.358219046277235,0.0
7008,12.582842390425707,0.0
7009,1.1818640110842051,0.0
7010,0.0,0.0
7011,0.0496066807102761,0.0
7012,0.1731933322564549,0.0
7013,0.7457892198065301,0.0
7014,1.201049148602542,0.0
7015,1.563822212121126,0.0
7016,13.257475964776395,0.0
7017,16.14327486543861,0.0
7018,12.946165477414333,0.0
7019,11.744740456440802,0.0
7020,10.807788847977038,0.0
7021,9.11014520126406,0.0
7022,7.318544375236766,0.0
7023,5.520767048272707,0.0
7024,5.16358605448543,0.0
7025,5.359095472384433,0.0
7026,8.540100804326963,0.0
7027,9.607311460959464,0.0
7028,10.396820737983749,0.0
7029,11.030482545915937,0.0
7030,11.590925637409343,0.0
7031,12.10778765659135,0.0
7032,12.559511504939978,0.0
7033,1.0882431302586821,0.0
7034,0.0,0.0
7035,0.11492134978291381,0.0
7036,0.2686931325846429,0.0
7037,0.8480212084018663,0.0
7038,1.2775813573502979,0.0
7039,1.5897287501495803,0.0
7040,13.555153206404372,0.0
7041,17.022777666843602,0.0
7042,15.404790931145083,0.0
7043,13.706232597901415,0.0
7044,12.376808753949398,0.0
7045,11.427667468690778,0.0
7046,9.679791317452771,0.0
7047,9.680415931537848,0.0
7048,9.331713730850655,0.0
7049,9.675092432058268,0.0
7050,10.415568316336785,0.0
7051,10.952557517665658,0.0
7052,11.432892094433532,0.0
7053,11.852569540225094,0.0
7054,12.07433955950183,0.0
7055,12.043673822436936,0.0
7056,11.859783556070251,0.0
7057,0.3127139536460647,0.0
7058,0.0,0.0
7059,0.0,0.0
7060,0.0,0.0
7061,0.0,0.0
7062,0.0,0.0
7063,0.1900317637268663,0.0
7064,11.676949552361943,0.0
7065,15.156219080658015,0.0
7066,13.736160615049327,0.0
7067,12.130919171851897,0.0
7068,10.845569602439355,0.0
7069,10.263627946792363,0.0
7070,10.559448141255011,0.0
7071,10.319705338534405,0.0
7072,10.547995312195981,0.0
7073,11.03048924699943,0.0
7074,11.448660005704618,0.0
7075,11.502398233882502,0.0
7076,11.512587584786322,0.0
7077,11.596544529999226,0.0
7078,11.6749866724364,0.0
7079,11.737987917195142,0.0
7080,11.718562320266734,0.0
7081,0.2633531573267423,0.0
7082,0.0,0.0
7083,0.0,0.0
7084,0.0,0.0
7085,0.0,0.0
7086,0.0,0.0
7087,0.0,0.0
7088,11.25747363445669,0.0
7089,14.821177514248296,0.0
7090,13.601588993779442,0.0
7091,12.228216015285167,0.0
7092,11.280191197741004,0.0
7093,10.954081137825513,0.0
7094,11.25166799567014,0.0
7095,11.234406060015882,0.0
7096,11.319224408405262,0.0
7097,11.417638943851083,0.0
7098,11.824936851942855,0.0
7099,11.979080840775033,0.0
7100,12.061166474916924,0.0
7101,12.086522945999935,0.0
7102,12.083373717271357,0.0
7103,12.074414748617757,0.0
7104,12.085789856761178,0.0
7105,0.5866965341966311,0.0
7106,0.0,0.0
7107,0.0,0.0
7108,0.0,0.0
7109,0.0,0.0
7110,0.0,0.0
7111,0.1642218614680071,0.0
7112,11.747209795608224,0.0
7113,15.423368656951794,0.0
7114,14.226380581705437,0.0
7115,12.818056195637844,0.0
7116,11.624086117549814,0.0
7117,10.826933443269915,0.0
7118,10.321091290796959,0.0
7119,10.10644398439712,0.0
7120,10.21471036688474,0.0
7121,10.617816039710046,0.0
7122,11.120376378035857,0.0
7123,11.399065729760954,0.0
7124,11.669122282856511,0.0
7125,11.996955258335552,0.0
7126,12.33789517418885,0.0
7127,12.664595125792896,0.0
7128,12.988213417221333,0.0
7129,1.2522017298933013,0.0
7130,0.0,0.0
7131,0.21452913377493021,0.0
7132,0.459958557592755,0.0
7133,1.1113582253246488,0.0
7134,1.6161558237632643,0.0
7135,2.0156448637788706,0.0
7136,14.446663174521888,0.0
7137,18.01203109820387,0.0
7138,16.088221506968186,0.0
7139,14.302638534726638,0.0
7140,12.672139833440799,0.0
7141,11.552298222192904,0.0
7142,11.027789372004264,0.0
7143,10.981676859126779,0.0
7144,11.485224820880466,0.0
7145,12.212271880648178,0.0
7146,12.75425823417037,0.0
7147,12.872072684979228,0.0
7148,12.891975636816376,0.0
7149,12.836213084769293,0.0
7150,12.782680233777313,0.0
7151,12.832824812537496,0.0
7152,12.96930022092659,0.0
7153,1.29676966220826,0.0
7154,0.0,0.0
7155,0.37400452616879176,0.0
7156,0.7912748934788477,0.0
7157,1.5869753268723596,0.0
7158,2.1949320657319022,0.0
7159,2.6343944827306647,0.0
7160,13.334426946258521,0.0
7161,14.859682651693275,0.0
7162,14.550104717841153,0.0
7163,14.06826321334295,0.0
7164,13.742092834742715,0.0
7165,13.154688581565368,0.0
7166,12.153083185981775,0.0
7167,11.671847165538969,0.0
7168,11.731505943279867,0.0
7169,12.239973221326615,0.0
7170,12.899904820264336,0.0
7171,13.27604855360358,0.0
7172,13.458884708972883,0.0
7173,13.422716711560076,0.0
7174,13.351625766633465,0.0
7175,13.342770835493647,0.0
7176,13.451451274128063,0.0
7177,1.5363388712791979,0.0
7178,0.0,0.0
7179,0.1200008087437486,0.0
7180,0.2629583493226527,0.0
7181,0.8579984346980523,0.0
7182,1.3859608715877805,0.0
7183,1.8535798548903808,0.0
7184,14.36909922017652,0.0
7185,18.136314660173124,0.0
7186,16.646159497619003,0.0
7187,15.622744711094137,0.0
7188,14.913951219346904,0.0
7189,14.400806875132734,0.0
7190,13.52862887601693,0.0
7191,13.038735234274704,0.0
7192,13.029679670538503,0.0
7193,13.262759157786132,0.0
7194,13.647594607541865,0.0
7195,13.883705761431095,0.0
7196,14.099287430748298,0.0
7197,14.315644219366012,0.0
7198,14.565527529855041,0.0
7199,14.795380591523159,0.0
7200,15.037072416130677,0.0
7201,2.630408566147873,0.0
7202,0.06417559882490109,0.0
7203,1.1858501623746511,0.0
7204,2.03006941461111,0.0
7205,2.772786946834951,0.0
7206,3.445636594650228,0.0
7207,4.048240758233174,0.0
7208,16.608721934079465,0.0
7209,17.405245325726394,0.0
7210,13.476438489245135,0.0
7211,10.82297713049171,0.0
7212,8.729450844339112,0.0
7213,6.846891537473663,0.0
7214,4.546655316167332,0.0
7215,2.9543066330883203,0.0
7216,3.374930932390974,0.0
7217,4.056339163950511,0.0
7218,7.333576023682908,0.0
7219,8.604426339617996,0.0
7220,9.566254467429962,0.0
7221,10.186658945584803,0.0
7222,10.709889095998182,0.0
7223,11.282917263874786,0.0
7224,11.871488592034343,0.0
7225,0.7160127818058146,0.0
7226,0.0,0.0
7227,0.0824594106134868,0.0
7228,0.2567533539810634,0.0
7229,1.1240384835414443,0.0
7230,1.9185439048677086,0.0
7231,2.5912347863544225,0.0
7232,13.07900360800963,0.0
7233,13.544660579090285,0.0
7234,9.990523720147312,0.0
7235,7.82614289929851,0.0
7236,6.857341235447053,0.0
7237,5.590968307280709,0.0
7238,3.851172345616837,0.0
7239,2.4726095334181686,0.0
7240,2.182060982064658,0.0
7241,3.4336717229657534,0.0
7242,6.642375151604687,0.0
7243,8.22644689748167,0.0
7244,9.597684327816104,0.0
7245,10.714459187928856,0.0
7246,11.617022429870882,0.0
7247,12.359655911303626,0.0
7248,12.959531375197093,0.0
7249,1.4656481411807099,0.0
7250,0.0,0.0
7251,0.6744427148807557,0.0
7252,1.2621532516499023,0.0
7253,2.0418077019453307,0.0
7254,2.672706747485176,0.0
7255,3.185750558929665,0.0
7256,15.568668956691875,0.0
7257,18.9788859714642,0.0
7258,17.36377569398564,0.0
7259,15.943330707797811,0.0
7260,14.836949361894948,0.0
7261,10.97239232731473,0.0
7262,8.202003063171482,0.0
7263,6.800834693278084,0.0
7264,5.104972923250647,0.0
7265,6.309795561208011,0.0
7266,9.610686574859631,0.0
7267,11.106843303428095,0.0
7268,12.214926964793236,0.0
7269,12.984953970548384,0.0
7270,13.620560057954226,0.0
7271,14.21996002776997,0.0
7272,14.833049648347805,0.0
7273,2.827940109345323,0.0
7274,0.3710202810505385,0.0
7275,1.5392489091879622,0.0
7276,2.367776177270845,0.0
7277,2.986437850132263,0.0
7278,3.505226954889036,0.0
7279,3.986111610348,0.0
7280,16.993986938096157,0.0
7281,20.599770948296605,0.0
7282,18.9109643295098,0.0
7283,17.333298056680803,0.0
7284,15.744202405770055,0.0
7285,11.212699854464137,0.0
7286,8.110268901241765,0.0
7287,5.677022243188791,0.0
7288,4.286137851040823,0.0
7289,5.848860342632689,0.0
7290,7.853516906135926,0.0
7291,9.063253205485136,0.0
7292,9.884424389094995,0.0
7293,10.308090405685174,0.0
7294,10.459922776805769,0.0
7295,10.426295753114585,0.0
7296,10.363647261819844,0.0
7297,0.0,0.0
7298,0.0,0.0
7299,0.0,0.0
7300,0.0,0.0
7301,0.0,0.0
7302,0.0,0.0
7303,0.0767114534642152,0.0
7304,11.528724318840073,0.0
7305,14.881318269275807,0.0
7306,12.596720364979168,0.0
7307,10.674849221289552,0.0
7308,6.201607804609003,0.0
7309,4.707887550397185,0.0
7310,4.635489649375232,0.0
7311,4.151459954125862,0.0
7312,4.378382879634316,0.0
7313,4.87605890640989,0.0
7314,5.369720247908504,0.0
7315,5.759084217018649,0.0
7316,6.176221374127457,0.0
7317,6.4687888175355015,0.0
7318,6.620484611009071,0.0
7319,6.640672558553302,0.0
7320,6.544413581938942,0.0
7321,0.0,0.0
7322,0.0,0.0
7323,0.0,0.0
7324,0.0,0.0
7325,0.0,0.0
7326,0.0,0.0
7327,0.0,0.0
7328,7.0178298937290995,0.0
7329,5.820731574285221,0.0
7330,3.4254961374881603,0.0
7331,4.131251965096623,0.0
7332,3.895221615344643,0.0
7333,3.9944523778848002,0.0
7334,4.154951931280415,0.0
7335,4.358005514521622,0.0
7336,4.900273266338788,0.0
7337,5.732139931420623,0.0
7338,6.47569710133851,0.0
7339,7.00733807462629,0.0
7340,7.4786775716708185,0.0
7341,7.888891889295134,0.0
7342,8.215709605518722,0.0
7343,8.403352034063694,0.0
7344,8.58158300878488,0.0
7345,0.0,0.0
7346,0.0,0.0
7347,0.0,0.0
7348,0.0,0.0
7349,0.0,0.0
7350,0.0,0.0
7351,0.0,0.0
7352,11.094004267742404,0.0
7353,12.233031189265708,0.0
7354,8.811359061600509,0.0
7355,8.288737199723077,0.0
7356,6.134974340380738,0.0
7357,5.889845727213461,0.0
7358,5.1645091107241745,0.0
7359,3.1289820484465354,0.0
7360,3.0877778621300402,0.0
7361,5.375365443744287,0.0
7362,6.446690035399483,0.0
7363,7.329479123224995,0.0
7364,8.009219838021307,0.0
7365,8.529368574511139,0.0
7366,8.914203976694424,0.0
7367,9.13999219477239,0.0
7368,9.21381619278056,0.0
7369,0.0,0.0
7370,0.0,0.0
7371,0.0,0.0
7372,0.0,0.0
7373,0.0,0.0
7374,0.0,0.0
7375,0.0,0.0
7376,9.27074834454347,0.0
7377,11.606505328767517,0.0
7378,9.999354704476637,0.0
7379,9.304043808079829,0.0
7380,8.835407555835756,0.0
7381,8.576707036416959,0.0
7382,7.9931549855126,0.0
7383,7.63490276112534,0.0
7384,7.58492263797247,0.0
7385,7.895895242935747,0.0
7386,8.283475401187994,0.0
7387,8.580381333714314,0.0
7388,8.78174064629493,0.0
7389,8.911398148876518,0.0
7390,9.01807212402737,0.0
7391,9.122732677367683,0.0
7392,9.396930737043439,0.0
7393,0.0,0.0
7394,0.0,0.0
7395,0.0,0.0
7396,0.0,0.0
7397,0.0,0.0
7398,0.0,0.0
7399,0.2366747590176156,0.0
7400,10.703076249431557,0.0
7401,11.322009566143848,0.0
7402,8.33900610631782,0.0
7403,6.074292693804892,0.0
7404,5.1411992050264,0.0
7405,3.6037623623736237,0.0
7406,2.0321315417438663,0.0
7407,1.466159918631286,0.0
7408,1.0406374108845595,0.0
7409,2.5927426796765047,0.0
7410,4.470287528150487,0.0
7411,5.476924899857485,0.0
7412,6.629983873837733,0.0
7413,7.771612387553258,0.0
7414,8.738215100880293,0.0
7415,9.395592497235953,0.0
7416,9.651739864357749,0.0
7417,0.0,0.0
7418,0.0,0.0
7419,0.0,0.0
7420,0.0,0.0
7421,0.0,0.0
7422,0.0,0.0
7423,0.0557845362000322,0.0
7424,11.006818199465092,0.0
7425,13.542134199891944,0.0
7426,11.165449736458102,0.0
7427,9.09965029918591,0.0
7428,7.555992280808544,0.0
7429,6.3363152873260296,0.0
7430,5.882991488673974,0.0
7431,6.587780913465952,0.0
7432,7.55582091519407,0.0
7433,8.602914723665291,0.0
7434,9.121500972603535,0.0
7435,9.333185264635102,0.0
7436,9.515333768765501,0.0
7437,9.681537110004973,0.0
7438,9.831172265225687,0.0
7439,9.964191527188483,0.0
7440,9.966119069909336,0.0
7441,0.0,0.0
7442,0.0,0.0
7443,0.0,0.0
7444,0.0,0.0
7445,0.0,0.0
7446,0.0,0.0
7447,0.0,0.0
7448,11.48377076964792,0.0
7449,12.745242868283425,0.0
7450,8.632511446560503,0.0
7451,6.571803853500419,0.0
7452,5.477135654519346,0.0
7453,4.675876445002926,0.0
7454,4.133730771284228,0.0
7455,2.1863702385208788,0.0
7456,2.1122569573378294,0.0
7457,4.201982521488689,0.0
7458,6.78096061701981,0.0
7459,8.350600660528912,0.0
7460,9.611281085598417,0.0
7461,10.548616183954458,0.0
7462,11.315170508456513,0.0
7463,11.924737321277854,0.0
7464,12.367939048427603,0.0
7465,1.00482481163447,0.0
7466,0.0,0.0
7467,0.0,0.0
7468,0.0,0.0
7469,0.2771407302963133,0.0
7470,0.5898887562912406,0.0
7471,0.9116172889808755,0.0
7472,12.396931604187307,0.0
7473,15.58812606911901,0.0
7474,13.94014620328238,0.0
7475,12.800635836420682,0.0
7476,12.074310827317984,0.0
7477,11.748594348322108,0.0
7478,11.897158866010237,0.0
7479,11.820659684501216,0.0
7480,11.919067828886108,0.0
7481,12.279203925545549,0.0
7482,12.770848269045704,0.0
7483,13.140328855670653,0.0
7484,13.311751839206755,0.0
7485,13.190798819406709,0.0
7486,12.974175194413263,0.0
7487,12.76381526180053,0.0
7488,12.678733168036205,0.0
7489,1.2082172912341855,0.0
7490,0.0,0.0
7491,0.0388733860889705,0.0
7492,0.155332996193562,0.0
7493,0.7466882959810996,0.0
7494,1.2010022038329367,0.0
7495,1.554417576653747,0.0
7496,13.614651501830583,0.0
7497,17.14290365289794,0.0
7498,15.499125007803586,0.0
7499,14.237817145397177,0.0
7500,13.267790157346397,0.0
7501,12.723474707920087,0.0
7502,12.780525724105553,0.0
7503,12.736289938005665,0.0
7504,12.886719773968991,0.0
7505,13.171538017980525,0.0
7506,13.49102746528688,0.0
7507,13.72155553190627,0.0
7508,13.918800050403433,0.0
7509,14.055760293444674,0.0
7510,14.159285273776735,0.0
7511,14.195718273483111,0.0
7512,14.15874911968926,0.0
7513,2.016550818779401,0.0
7514,0.0,0.0
7515,0.530184488869555,0.0
7516,0.9524241907213904,0.0
7517,1.487187072877067,0.0
7518,1.8786905688694806,0.0
7519,2.2000878564528508,0.0
7520,14.692551168736763,0.0
7521,18.414705665441943,0.0
7522,16.98127411312128,0.0
7523,16.387007410565616,0.0
7524,15.880889674399278,0.0
7525,15.553101561097016,0.0
7526,14.890428245809632,0.0
7527,14.667232777890838,0.0
7528,14.902586371818751,0.0
7529,15.43213028489271,0.0
7530,15.785852736547742,0.0
7531,16.032774516139582,0.0
7532,16.142756480334405,0.0
7533,16.181119619405862,0.0
7534,16.13681603871721,0.0
7535,16.069931920542174,0.0
7536,15.993822359155358,0.0
7537,3.2444152199816907,0.0
7538,0.49351761073111744,0.0
7539,1.4355791051826072,0.0
7540,2.1173220588779644,0.0
7541,2.6482820459940313,0.0
7542,3.1304338235897657,0.0
7543,3.567719494813961,0.0
7544,17.004664010475267,0.0
7545,21.404159932772746,0.0
7546,20.244226739494287,0.0
7547,18.93239792863291,0.0
7548,17.888835818334083,0.0
7549,17.378186843644233,0.0
7550,17.561663663671553,0.0
7551,17.62720964991005,0.0
7552,17.79692700754918,0.0
7553,17.98060478852701,0.0
7554,18.03224601065027,0.0
7555,17.978709506631567,0.0
7556,17.998795139570987,0.0
7557,18.11114891382417,0.0
7558,18.2291041697675,0.0
7559,18.320142706630413,0.0
7560,18.311936607697593,0.0
7561,4.792624218447083,0.0
7562,2.0531702001025725,0.0
7563,2.995235134120554,0.0
7564,3.6134221535390356,0.0
7565,4.035241588447251,0.0
7566,4.317863500873855,0.0
7567,4.548399332970164,0.0
7568,18.143858112136837,0.0
7569,22.285505014140583,0.0
7570,20.768232883285187,0.0
7571,19.94435445966896,0.0
7572,18.57366586919394,0.0
7573,17.407346072506584,0.0
7574,16.538270870213527,0.0
7575,13.589516462825793,0.0
7576,10.644122910993303,0.0
7577,14.428302286996225,0.0
7578,15.623106679914304,0.0
7579,16.47674587228024,0.0
7580,17.13244019393641,0.0
7581,17.488968635343237,0.0
7582,17.696081380018754,0.0
7583,17.786016372868687,0.0
7584,17.848510551300723,0.0
7585,4.356043658228009,0.0
7586,1.6323934088736696,0.0
7587,2.589089401880119,0.0
7588,3.2943979615246723,0.0
7589,3.8885938530338895,0.0
7590,4.4197971114209285,0.0
7591,4.896605946084358,0.0
7592,19.047119692450714,0.0
7593,23.260268906617334,0.0
7594,21.40359812067157,0.0
7595,19.812534306927166,0.0
7596,18.458109822664234,0.0
7597,17.392517541059092,0.0
7598,16.818577500847077,0.0
7599,16.704877202757206,0.0
7600,17.002001561464308,0.0
7601,17.401262703368726,0.0
7602,17.462542446551833,0.0
7603,17.442941389074118,0.0
7604,17.514522598654963,0.0
7605,17.638914070550918,0.0
7606,17.745262743248944,0.0
7607,17.64786863569551,0.0
7608,17.448948916045214,0.0
7609,4.010569705666712,0.0
7610,1.2090249639656232,0.0
7611,2.180678365316586,0.0
7612,2.85425841619086,0.0
7613,3.3124013566533215,0.0
7614,3.586583008560952,0.0
7615,3.784021093855772,0.0
7616,17.12355088516276,0.0
7617,21.352072843797675,0.0
7618,19.959471969168977,0.0
7619,18.55455861689357,0.0
7620,17.42439860512392,0.0
7621,16.628551473772355,0.0
7622,16.095729056041723,0.0
7623,15.852145568826018,0.0
7624,15.880131968857434,0.0
7625,16.188282701637437,0.0
7626,16.271514052728236,0.0
7627,16.221936620884815,0.0
7628,16.124326481133508,0.0
7629,15.941014090302247,0.0
7630,15.736009434769109,0.0
7631,15.525570855730555,0.0
7632,15.326332127134421,0.0
7633,2.627393882796241,0.0
7634,0.0,0.0
7635,0.7672089867244762,0.0
7636,1.3645036053396162,0.0
7637,1.9823798814186901,0.0
7638,2.5463450049017977,0.0
7639,3.010546038744756,0.0
7640,16.16920106231568,0.0
7641,19.894552037102393,0.0
7642,17.955740094694264,0.0
7643,16.492251338751124,0.0
7644,15.527517293674835,0.0
7645,15.011002191457113,0.0
7646,14.616468829333922,0.0
7647,14.316895751230389,0.0
7648,14.327142742139467,0.0
7649,14.536287176474021,0.0
7650,14.549002754728184,0.0
7651,14.485553998484441,0.0
7652,14.508392915605251,0.0
7653,14.546316285187967,0.0
7654,14.573373386184983,0.0
7655,14.489771911437142,0.0
7656,14.230982257674285,0.0
7657,1.772128136723687,0.0
7658,0.0,0.0
7659,0.0316369606600265,0.0
7660,0.1085322743541554,0.0
7661,0.624407943173234,0.0
7662,1.0629272432973973,0.0
7663,1.437185077035376,0.0
7664,13.899898825190101,0.0
7665,17.79425938566786,0.0
7666,16.438802794729757,0.0
7667,15.11757043020871,0.0
7668,14.157912262829258,0.0
7669,13.709439256408643,0.0
7670,13.809017529598366,0.0
7671,13.468545123737478,0.0
7672,13.605278478385703,0.0
7673,14.004620496013562,0.0
7674,14.208403126605802,0.0
7675,14.287190570697268,0.0
7676,14.211154527757566,0.0
7677,14.074651870108587,0.0
7678,13.950110588209775,0.0
7679,14.012211648350009,0.0
7680,14.261583038852422,0.0
7681,2.063901709163531,0.0
7682,0.0,0.0
7683,0.5040577550130061,0.0
7684,0.8650795216019387,0.0
7685,1.4085882213128853,0.0
7686,1.9428688141875967,0.0
7687,2.4487073235137764,0.0
7688,15.71730557361793,0.0
7689,20.140778604960353,0.0
7690,18.971636856428432,0.0
7691,17.497991544828366,0.0
7692,16.116657235083988,0.0
7693,15.024318601481871,0.0
7694,14.229018817275849,0.0
7695,13.886479166965607,0.0
7696,14.040928748160166,0.0
7697,14.667802970315517,0.0
7698,15.20680817193089,0.0
7699,15.675370086364055,0.0
7700,16.015476251908062,0.0
7701,16.176256480030222,0.0
7702,16.30102027630495,0.0
7703,16.434982718206463,0.0
7704,16.579463258734478,0.0
7705,3.5749151490018836,0.0
7706,0.9213621084198449,0.0
7707,1.8888863054185236,0.0
7708,2.557973267525554,0.0
7709,3.072699082651493,0.0
7710,3.4948116095464177,0.0
7711,3.848384585641875,0.0
7712,17.385867729900404,0.0
7713,21.667874717030017,0.0
7714,20.166661768020106,0.0
7715,18.968429504985195,0.0
7716,17.941306738397536,0.0
7717,17.136080061168048,0.0
7718,16.69009155129629,0.0
7719,16.558003047143494,0.0
7720,16.68510303656725,0.0
7721,16.993212250914375,0.0
7722,17.10617976371017,0.0
7723,17.127528741648362,0.0
7724,17.10710106547365,0.0
7725,16.988260082723556,0.0
7726,16.88606885192787,0.0
7727,16.930377083954404,0.0
7728,17.075025091839706,0.0
7729,3.9664214724657123,0.0
7730,1.2796286437731195,0.0
7731,2.1860799662658,0.0
7732,2.7754309388650613,0.0
7733,3.209954184153224,0.0
7734,3.582920374433961,0.0
7735,3.9282384187320636,0.0
7736,17.550432724525752,0.0
7737,21.9606978855693,0.0
7738,20.594378555434755,0.0
7739,19.353998173681717,0.0
7740,18.17300270968161,0.0
7741,17.17281596664981,0.0
7742,16.476618111330026,0.0
7743,15.915123550795856,0.0
7744,16.01149027095752,0.0
7745,16.522311380159387,0.0
7746,16.910270414634297,0.0
7747,17.24035672890506,0.0
7748,17.46664511840446,0.0
7749,17.66908526687549,0.0
7750,17.8861465401698,0.0
7751,18.13645308957237,0.0
7752,18.467380660287276,0.0
7753,4.868629059620984,0.0
7754,2.2881438586016323,0.0
7755,3.341557742692708,0.0
7756,4.065151919135824,0.0
7757,4.632721859233911,0.0
7758,5.103643630618139,0.0
7759,5.4812421914269525,0.0
7760,19.85940601376435,0.0
7761,20.168155609970007,0.0
7762,16.173278571981978,0.0
7763,15.061354848475327,0.0
7764,13.280003494060736,0.0
7765,12.832135154757916,0.0
7766,10.344230016671093,0.0
7767,9.206184035824077,0.0
7768,9.347250153308568,0.0
7769,13.238212566306384,0.0
7770,15.413826680347782,0.0
7771,16.58479663306054,0.0
7772,17.388901932746244,0.0
7773,17.802702296342282,0.0
7774,18.091410765898438,0.0
7775,18.34027383779305,0.0
7776,18.599324839641653,0.0
7777,5.0428709586247065,0.0
7778,2.5616543364793567,0.0
7779,3.8039969033948404,0.0
7780,4.762878611763647,0.0
7781,5.562173015691126,0.0
7782,6.208972864939463,0.0
7783,6.7153634859221665,0.0
7784,21.759016805265453,0.0
7785,22.318444019827425,0.0
7786,18.972768394012615,0.0
7787,16.415583816599327,0.0
7788,15.278771938426928,0.0
7789,14.745313823372715,0.0
7790,12.991136091037834,0.0
7791,11.178288779636059,0.0
7792,11.07847953978056,0.0
7793,15.03597200045464,0.0
7794,16.99902992212225,0.0
7795,18.08837787601205,0.0
7796,18.84020699193652,0.0
7797,19.223878538972794,0.0
7798,19.529490632255303,0.0
7799,19.843161330113475,0.0
7800,20.276467409100917,0.0
7801,6.275859125214677,0.0
7802,3.790996148031053,0.0
7803,4.908823672150813,0.0
7804,5.73032808683794,0.0
7805,6.421610265556527,0.0
7806,7.035443103152745,0.0
7807,7.582167267491693,0.0
7808,23.05509328871734,0.0
7809,24.126366182426345,0.0
7810,20.148377222633318,0.0
7811,17.61653393952101,0.0
7812,15.969932079992448,0.0
7813,14.935152195405559,0.0
7814,12.894491320557435,0.0
7815,11.555454072650615,0.0
7816,12.853809753310385,0.0
7817,16.86440018065117,0.0
7818,18.56973864091281,0.0
7819,19.7930598577717,0.0
7820,20.44810750809743,0.0
7821,20.672826770468475,0.0
7822,20.82709789603931,0.0
7823,21.19432461049534,0.0
7824,21.85633216251485,0.0
7825,7.461659014727783,0.0
7826,5.047199596380192,0.0
7827,6.110712621913109,0.0
7828,6.82727810002502,0.0
7829,7.397021607933388,0.0
7830,7.917237593041679,0.0
7831,8.422072031179027,0.0
7832,24.355590017823495,0.0
7833,26.53546539542766,0.0
7834,22.86363023905917,0.0
7835,19.396967762563914,0.0
7836,18.85903379632321,0.0
7837,19.45341800310524,0.0
7838,19.407479736818807,0.0
7839,19.734224139662143,0.0
7840,20.19598885024999,0.0
7841,20.89473612345359,0.0
7842,21.249427428645376,0.0
7843,21.452986423397878,0.0
7844,21.462399531765406,0.0
7845,21.361084485423884,0.0
7846,21.25207427365939,0.0
7847,21.207075060753994,0.0
7848,21.270811043185432,0.0
7849,6.811053377727319,0.0
7850,4.142940422933041,0.0
7851,5.148983630491704,0.0
7852,5.849505174724489,0.0
7853,6.351718267821617,0.0
7854,6.752838422341746,0.0
7855,7.059936309486786,0.0
7856,22.06026312639877,0.0
7857,26.79812324926537,0.0
7858,25.12722087838774,0.0
7859,23.878990017921716,0.0
7860,22.871728298245216,0.0
7861,22.068389983461472,0.0
7862,21.49881278786189,0.0
7863,21.100144504971183,0.0
7864,20.863982223176475,0.0
7865,20.802859997052348,0.0
7866,20.642090092762576,0.0
7867,20.526914634728055,0.0
7868,20.498279872076196,0.0
7869,20.540909486703217,0.0
7870,20.57552780492777,0.0
7871,20.519633154280754,0.0
7872,20.378080935814406,0.0
7873,5.90299604956304,0.0
7874,3.0407358294301874,0.0
7875,3.867267375785709,0.0
7876,4.403078297231129,0.0
7877,4.825895620015167,0.0
7878,5.16758655468196,0.0
7879,5.4548777182587695,0.0
7880,19.83632505313963,0.0
7881,24.377511792563,0.0
7882,22.82202643944742,0.0
7883,21.68089895700171,0.0
7884,20.82962928703109,0.0
7885,20.23530273307004,0.0
7886,19.919431260329254,0.0
7887,19.80614953994145,0.0
7888,19.879006626059812,0.0
7889,20.000912360150636,0.0
7890,19.94589200863287,0.0
7891,19.828648743790932,0.0
7892,19.666285332270814,0.0
7893,19.52078806875069,0.0
7894,19.41359776501892,0.0
7895,19.43668232512459,0.0
7896,19.515981977784968,0.0
7897,5.434889289472436,0.0
7898,2.6797665233807653,0.0
7899,3.5481919043735655,0.0
7900,4.1218753213502755,0.0
7901,4.60373466848741,0.0
7902,5.0582572747913535,0.0
7903,5.45986221641345,0.0
7904,20.045805270535162,0.0
7905,24.483057459954114,0.0
7906,22.69992409295629,0.0
7907,21.546833331874875,0.0
7908,20.399574406080784,0.0
7909,19.34032949216854,0.0
7910,18.026343366566206,0.0
7911,17.124326225898297,0.0
7912,16.663732137144446,0.0
7913,16.664621850799094,0.0
7914,16.705824563976048,0.0
7915,16.77078430035433,0.0
7916,16.823911698666375,0.0
7917,16.780176410847393,0.0
7918,16.714414937454922,0.0
7919,16.66167218719247,0.0
7920,16.636209977968207,0.0
7921,3.471190125117565,0.0
7922,0.8080031269015873,0.0
7923,1.8629102912965592,0.0
7924,2.627824026862113,0.0
7925,3.1438683241017857,0.0
7926,3.5092163559451324,0.0
7927,3.7651117451208043,0.0
7928,17.432029486649295,0.0
7929,21.724189736886142,0.0
7930,20.17021843627252,0.0
7931,18.58772843157115,0.0
7932,17.300734741540776,0.0
7933,16.338259979355346,0.0
7934,15.630127117703159,0.0
7935,15.281684521441331,0.0
7936,15.278668889872165,0.0
7937,15.540461149429877,0.0
7938,15.679849428838077,0.0
7939,15.833254753645111,0.0
7940,15.984667980562524,0.0
7941,16.138432263513,0.0
7942,16.297674691545932,0.0
7943,16.369993846467057,0.0
7944,16.428314403916826,0.0
7945,3.2853655207965495,0.0
7946,0.6483206994905534,0.0
7947,1.7444031273472098,0.0
7948,2.564445898951833,0.0
7949,3.2456042124694067,0.0
7950,3.843517127365598,0.0
7951,4.347152102926314,0.0
7952,18.643828561611862,0.0
7953,23.03679632098644,0.0
7954,21.249000920823292,0.0
7955,19.897794811572357,0.0
7956,19.047988230033337,0.0
7957,18.690774798278685,0.0
7958,18.228985952407506,0.0
7959,17.902916950789496,0.0
7960,17.70887813690417,0.0
7961,17.581972460098676,0.0
7962,17.355733592414715,0.0
7963,17.15951630837149,0.0
7964,17.067662717485096,0.0
7965,17.063079689403754,0.0
7966,17.070530548073343,0.0
7967,17.07181552440051,0.0
7968,16.999401702342794,0.0
7969,3.6954828470276935,0.0
7970,0.8360865732284501,0.0
7971,1.6507158803116422,0.0
7972,2.2088195145319003,0.0
7973,2.6752035915969463,0.0
7974,3.096925922272122,0.0
7975,3.4761410357277542,0.0
7976,17.032887902591174,0.0
7977,21.38583145640903,0.0
7978,19.97985307570996,0.0
7979,18.906842337096865,0.0
7980,17.656992326852002,0.0
7981,16.686810077322935,0.0
7982,16.045828411714083,0.0
7983,15.705751310537039,0.0
7984,15.894582682857145,0.0
7985,16.49948001845326,0.0
7986,17.115356935935765,0.0
7987,17.70571335756232,0.0
7988,18.16091822821721,0.0
7989,18.353016220953204,0.0
7990,18.391649684872245,0.0
7991,18.39974905630428,0.0
7992,18.390279647934133,0.0
7993,4.611439390480009,0.0
7994,1.8437152853968453,0.0
7995,2.7201862072892977,0.0
7996,3.2664417595582442,0.0
7997,3.619882035069847,0.0
7998,3.8829396589034797,0.0
7999,4.09629761467172,0.0
8000,17.61082515576646,0.0
8001,21.886462273513608,0.0
8002,20.348137832747877,0.0
8003,19.228040877054696,0.0
8004,18.230178708433613,0.0
8005,17.423723420329875,0.0
8006,16.51067064288191,0.0
8007,16.091748203566272,0.0
8008,16.07995468328029,0.0
8009,16.354922275371372,0.0
8010,16.463579075750065,0.0
8011,16.509304846538054,0.0
8012,16.474586474328454,0.0
8013,16.333977053922766,0.0
8014,16.12213043082225,0.0
8015,15.900927056963724,0.0
8016,15.655800437181282,0.0
8017,2.74106337281197,0.0
8018,0.0,0.0
8019,0.6300529592746977,0.0
8020,1.0057620451231277,0.0
8021,1.30550398895479,0.0
8022,1.4943967545403494,0.0
8023,1.6265365320072467,0.0
8024,13.897859625399748,0.0
8025,17.71861800599621,0.0
8026,16.276007124153814,0.0
8027,15.1950087360409,0.0
8028,14.334644021593677,0.0
8029,13.669624233117993,0.0
8030,13.202540022093107,0.0
8031,12.978119273396597,0.0
8032,12.948691563315402,0.0
8033,13.012526438115996,0.0
8034,12.924113372977912,0.0
8035,12.732353788116386,0.0
8036,12.4109748552611,0.0
8037,12.056292256016427,0.0
8038,11.716152565097628,0.0
8039,11.552846108361885,0.0
8040,11.507351526299809,0.0
8041,0.057074410581472904,0.0
8042,0.0,0.0
8043,0.0,0.0
8044,0.0,0.0
8045,0.0,0.0
8046,0.0,0.0
8047,0.0,0.0
8048,10.129771745626389,0.0
8049,13.179455390466536,0.0
8050,11.918307962933362,0.0
8051,11.400440178125622,0.0
8052,11.43039669557548,0.0
8053,11.692061911985544,0.0
8054,11.912849184990483,0.0
8055,11.732848449081366,0.0
8056,11.93154735729497,0.0
8057,12.397440663253237,0.0
8058,12.792405307836946,0.0
8059,13.206035334030256,0.0
8060,13.57247806106383,0.0
8061,13.908838814726558,0.0
8062,14.2561582652095,0.0
8063,14.636929114927527,0.0
8064,15.042798849901107,0.0
8065,2.4997522606720786,0.0
8066,0.0,0.0
8067,1.0557405732910734,0.0
8068,1.804140239670766,0.0
8069,2.427082445148319,0.0
8070,2.9969742082132225,0.0
8071,3.562868275681863,0.0
8072,17.622061722513145,0.0
8073,22.40314280603838,0.0
8074,16.46147190869093,0.0
8075,13.563999622063598,0.0
8076,11.641458394622289,0.0
8077,10.788728325704454,0.0
8078,10.606832146836725,0.0
8079,13.345737752044224,0.0
8080,15.005607639122584,0.0
8081,16.09527536303982,0.0
8082,16.29376319781769,0.0
8083,16.20262937770228,0.0
8084,16.048481643499898,0.0
8085,15.926561581198104,0.0
8086,15.75517566195423,0.0
8087,15.537556284297267,0.0
8088,15.29689239745625,0.0
8089,2.7663026169238503,0.0
8090,0.076568687176445,0.0
8091,0.9386352354452052,0.0
8092,1.5724225772923415,0.0
8093,2.198130619162952,0.0
8094,2.7665645960488874,0.0
8095,3.2916090826412905,0.0
8096,16.714106365155132,0.0
8097,21.144280102154074,0.0
8098,19.999096780279228,0.0
8099,18.868657048920777,0.0
8100,18.01673202409281,0.0
8101,17.366504413968748,0.0
8102,17.047776189384514,0.0
8103,17.15400249988426,0.0
8104,17.40974029931631,0.0
8105,17.65465401132693,0.0
8106,17.526654648901555,0.0
8107,17.36413291275688,0.0
8108,17.253447925706357,0.0
8109,17.246137408522014,0.0
8110,17.243077835513386,0.0
8111,17.115457766472108,0.0
8112,16.847098475817248,0.0
8113,3.688596616190609,0.0
8114,0.7541930252166154,0.0
8115,1.5452892542920502,0.0
8116,2.049632618411221,0.0
8117,2.4041894180725816,0.0
8118,2.6931939729618657,0.0
8119,2.963527583336254,0.0
8120,16.02582346889721,0.0
8121,20.502884880497753,0.0
8122,19.472609125827837,0.0
8123,18.599537333303168,0.0
8124,17.768301095061783,0.0
8125,17.09363669246804,0.0
8126,16.62443431618341,0.0
8127,16.21002556506157,0.0
8128,16.343545564460744,0.0
8129,16.851452371006467,0.0
8130,17.215548524758084,0.0
8131,17.531948262693728,0.0
8132,17.776193421334753,0.0
8133,17.93917800103433,0.0
8134,17.985740138985875,0.0
8135,17.94434880537391,0.0
8136,17.89571129355793,0.0
8137,4.406984068986786,0.0
8138,1.7051516275600282,0.0
8139,2.758916777719601,0.0
8140,3.515562681159879,0.0
8141,4.0701825277959385,0.0
8142,4.471740170119407,0.0
8143,4.801026506466199,0.0
8144,18.795650170000876,0.0
8145,23.38125907688507,0.0
8146,22.023737956597785,0.0
8147,21.032943477918952,0.0
8148,20.21623544679383,0.0
8149,19.577699522188073,0.0
8150,19.099143298251505,0.0
8151,18.784968457166354,0.0
8152,18.696659414863117,0.0
8153,18.830033745672917,0.0
8154,18.9344471505005,0.0
8155,19.040829448209173,0.0
8156,19.114290355878722,0.0
8157,19.167999977109073,0.0
8158,19.24236178583889,0.0
8159,19.395680136748414,0.0
8160,19.574718087120456,0.0
8161,5.638550261160612,0.0
8162,3.011746823802354,0.0
8163,4.028392533531312,0.0
8164,4.7070901761777435,0.0
8165,5.164496088130828,0.0
8166,5.477915042273549,0.0
8167,5.727437973773155,0.0
8168,20.155186616062412,0.0
8169,24.832548392000373,0.0
8170,23.353251178137135,0.0
8171,22.511337100349714,0.0
8172,21.801885389865493,0.0
8173,21.281882267188582,0.0
8174,20.528835697747834,0.0
8175,19.598985042497038,0.0
8176,20.460322070671317,0.0
8177,20.888790470033094,0.0
8178,20.968192298115493,0.0
8179,20.924100178927375,0.0
8180,20.797000424107203,0.0
8181,20.672666109347794,0.0
8182,20.57647202950569,0.0
8183,20.601995312117776,0.0
8184,20.676648050827488,0.0
8185,6.320993570319123,0.0
8186,3.5262865094491604,0.0
8187,4.3558122353173205,0.0
8188,4.8785502586055856,0.0
8189,5.267836141809125,0.0
8190,5.654524433980704,0.0
8191,6.016519532574529,0.0
8192,20.664493142813154,0.0
8193,25.439804550207473,0.0
8194,23.9601979675703,0.0
8195,22.769641482965866,0.0
8196,21.77119851988781,0.0
8197,20.931331161932277,0.0
8198,20.284345527666833,0.0
8199,19.884892755462456,0.0
8200,19.722690251730306,0.0
8201,19.812946925478567,0.0
8202,19.86258515609825,0.0
8203,19.8652025475856,0.0
8204,19.75105877851981,0.0
8205,19.430368420559518,0.0
8206,18.842834852073565,0.0
8207,17.978529126710256,0.0
8208,17.01899300151182,0.0
8209,3.5148468995652284,0.0
8210,0.7145622462374174,0.0
8211,1.9194839826501506,0.0
8212,2.873630278694594,0.0
8213,3.465432984748461,0.0
8214,3.6548844537639926,0.0
8215,3.6988701096375656,0.0
8216,16.876935566810968,0.0
8217,21.06527018372262,0.0
8218,19.601807218147005,0.0
8219,18.887531200005185,0.0
8220,18.292985152445297,0.0
8221,17.827387640539932,0.0
8222,17.44997536152425,0.0
8223,17.205304463052023,0.0
8224,17.160275672118352,0.0
8225,17.445178562091264,0.0
8226,17.765520194006225,0.0
8227,18.0547289109155,0.0
8228,18.133804085350697,0.0
8229,18.04448179161181,0.0
8230,17.926198753364815,0.0
8231,17.915699370068108,0.0
8232,18.01590776350952,0.0
8233,4.424464510606914,0.0
8234,1.6733656978821414,0.0
8235,2.5038970661106332,0.0
8236,3.0539816606674783,0.0
8237,3.587712627309366,0.0
8238,4.145003347205242,0.0
8239,4.652791973816138,0.0
8240,18.903956056534703,0.0
8241,23.342818084558736,0.0
8242,21.60581508407826,0.0
8243,20.575863437239796,0.0
8244,19.713029395114287,0.0
8245,19.158626553744046,0.0
8246,18.62176853261677,0.0
8247,18.61652729258091,0.0
8248,19.00758186158354,0.0
8249,19.363207815435565,0.0
8250,19.341922039383014,0.0
8251,19.2956484785609,0.0
8252,19.36571408192679,0.0
8253,19.56117279491661,0.0
8254,19.769218051621856,0.0
8255,19.834920602880743,0.0
8256,19.743914648036508,0.0
8257,5.519390127741321,0.0
8258,2.725790615663379,0.0
8259,3.6433884941147694,0.0
8260,4.269378129455524,0.0
8261,4.738486357030771,0.0
8262,5.115947720829256,0.0
8263,5.4342982594677345,0.0
8264,19.792349708038376,0.0
8265,24.497689029985743,0.0
8266,23.1082019692913,0.0
8267,22.171594460678826,0.0
8268,21.50961311283079,0.0
8269,21.077632957702445,0.0
8270,20.862084714113056,0.0
8271,20.790330097509777,0.0
8272,20.866361681830057,0.0
8273,21.00998476619698,0.0
8274,21.014723281238354,0.0
8275,21.01025592128361,0.0
8276,21.013605303372913,0.0
8277,21.07628546636149,0.0
8278,21.13250273447428,0.0
8279,21.062662966537722,0.0
8280,20.870103091094965,0.0
8281,6.249690862911949,0.0
8282,3.3292145628397867,0.0
8283,4.070951294592531,0.0
8284,4.550567463089505,0.0
8285,4.967921194860141,0.0
8286,5.3965350425817045,0.0
8287,5.787704700994662,0.0
8288,20.317494012011885,0.0
8289,24.95991886538454,0.0
8290,23.233359499340533,0.0
8291,21.95658677722886,0.0
8292,20.96444110051497,0.0
8293,20.38032048843534,0.0
8294,20.304864637421172,0.0
8295,20.161927497065633,0.0
8296,20.23981308572214,0.0
8297,20.517669252809192,0.0
8298,20.694235602812366,0.0
8299,20.83760808290595,0.0
8300,20.873353279605272,0.0
8301,20.81348606114405,0.0
8302,20.716165210319335,0.0
8303,20.642840285369026,0.0
8304,20.651897575236347,0.0
8305,6.242127639780745,0.0
8306,3.5523176063636406,0.0
8307,4.552558622516873,0.0
8308,5.282907839074509,0.0
8309,5.863609131850972,0.0
8310,6.375300250557565,0.0
8311,6.839277006622545,0.0
8312,22.228979342022434,0.0
8313,27.43858310365018,0.0
8314,26.199191484803013,0.0
8315,25.428261989014057,0.0
8316,24.884515149084052,0.0
8317,24.578406223295016,0.0
8318,24.480862422093768,0.0
8319,24.53575796161637,0.0
8320,24.646284236960522,0.0
8321,24.619625411620113,0.0
8322,24.36029032770925,0.0
8323,24.080131133709944,0.0
8324,23.861519215786462,0.0
8325,23.636223350814937,0.0
8326,23.41243331868113,0.0
8327,23.21012679175941,0.0
8328,23.000737793608593,0.0
8329,7.855737080312804,0.0
8330,5.087979287854898,0.0
8331,6.0353458176787615,0.0
8332,6.703470760517359,0.0
8333,7.195723492882816,0.0
8334,7.576792904191599,0.0
8335,7.878653241733457,0.0
8336,23.401163508141174,0.0
8337,28.530892938566673,0.0
8338,27.02672686057503,0.0
8339,25.51424113503443,0.0
8340,22.342621952436474,0.0
8341,19.23405072194364,0.0
8342,18.29953954015418,0.0
8343,17.93595343014449,0.0
8344,20.361794493484183,0.0
8345,21.244414998697497,0.0
8346,21.672794856757488,0.0
8347,22.004464349525133,0.0
8348,22.3003116599538,0.0
8349,22.57188180637301,0.0
8350,22.863014191442794,0.0
8351,23.223917777864962,0.0
8352,23.586169023491543,0.0
8353,8.26926277590256,0.0
8354,5.6052034920574,0.0
8355,6.571395751152288,0.0
8356,7.24896181712033,0.0
8357,7.869112497728921,0.0
8358,8.529729346815689,0.0
8359,9.161064875001474,0.0
8360,25.901973753288555,0.0
8361,29.868748435211074,0.0
8362,24.83071946816649,0.0
8363,22.069283758718825,0.0
8364,20.411869327438097,0.0
8365,20.249258574910765,0.0
8366,18.915788250853115,0.0
8367,17.996674484741515,0.0
8368,19.039469582682187,0.0
8369,22.024546146452426,0.0
8370,22.954065682428183,0.0
8371,23.482911609728482,0.0
8372,23.83047629264335,0.0
8373,24.09287436150302,0.0
8374,24.295552692102135,0.0
8375,24.302213965498215,0.0
8376,24.252486381099175,0.0
8377,8.617043370885463,0.0
8378,5.847619902223515,0.0
8379,6.794958647176609,0.0
8380,7.4358536079146305,0.0
8381,7.883989111569385,0.0
8382,8.2270473339325,0.0
8383,8.530123577961993,0.0
8384,24.41731372230985,0.0
8385,29.862079928847702,0.0
8386,28.62083046070623,0.0
8387,27.587879251745022,0.0
8388,26.758524113843464,0.0
8389,26.10888222012145,0.0
8390,25.667644809623834,0.0
8391,25.47177510328267,0.0
8392,25.47180789942178,0.0
8393,25.53212251204062,0.0
8394,25.440489577509798,0.0
8395,25.349417771342726,0.0
8396,25.378467916602233,0.0
8397,25.457146494380794,0.0
8398,25.549446514465224,0.0
8399,25.482159180337085,0.0
8400,25.358313004053663,0.0
8401,9.307117992224732,0.0
8402,6.570418681243188,0.0
8403,7.61210543126753,0.0
8404,8.376482673473676,0.0
8405,8.973187170656258,0.0
8406,9.40397621461881,0.0
8407,9.737552901988337,0.0
8408,26.24742498697346,0.0
8409,31.568438858258588,0.0
8410,29.719675612927,0.0
8411,28.443870495841317,0.0
8412,27.237723730764394,0.0
8413,26.23661852159166,0.0
8414,25.503102053671682,0.0
8415,25.11187867768816,0.0
8416,24.939573918768424,0.0
8417,24.86661938120152,0.0
8418,24.68504870855412,0.0
8419,24.53051168149594,0.0
8420,24.490410953581467,0.0
8421,24.48230237357842,0.0
8422,24.471991030243977,0.0
8423,24.40345060836573,0.0
8424,24.245385529785878,0.0
8425,8.424488288898898,0.0
8426,5.543137461916777,0.0
8427,6.354802784997478,0.0
8428,6.9317820700787465,0.0
8429,7.4220595781667935,0.0
8430,7.898944829668439,0.0
8431,8.369400802494816,0.0
8432,24.658027074892438,0.0
8433,28.874041633069428,0.0
8434,24.010247278108487,0.0
8435,21.234801769645344,0.0
8436,19.555547101483608,0.0
8437,18.900774258183656,0.0
8438,17.21295308693571,0.0
8439,16.354374260746326,0.0
8440,17.839237326429114,0.0
8441,21.49962025399783,0.0
8442,22.7384304189689,0.0
8443,23.558562011587284,0.0
8444,24.195787389853137,0.0
8445,24.740584869457308,0.0
8446,25.241089931341737,0.0
8447,25.721521611686516,0.0
8448,26.22190261811201,0.0
8449,10.084116676784737,0.0
8450,7.678482144293909,0.0
8451,8.94751830783498,0.0
8452,9.911353336584826,0.0
8453,10.722702604011001,0.0
8454,11.410801597725412,0.0
8455,12.09899272240235,0.0
8456,30.290044898823368,0.0
8457,34.90388169279898,0.0
8458,30.433031536723803,0.0
8459,28.013816636884208,0.0
8460,25.306829397805842,0.0
8461,23.32921233600596,0.0
8462,21.84851815736721,0.0
8463,21.245377585935696,0.0
8464,22.51653875573388,0.0
8465,25.527458883340724,0.0
8466,26.54938105262386,0.0
8467,27.183038929836307,0.0
8468,27.56285815096017,0.0
8469,27.681773194747283,0.0
8470,27.67498732967905,0.0
8471,27.561457725324335,0.0
8472,27.404350649189624,0.0
8473,10.783623050364316,0.0
8474,8.035708801676357,0.0
8475,8.990026000917666,0.0
8476,9.62863337831953,0.0
8477,10.024915526427803,0.0
8478,10.278705419921963,0.0
8479,10.468956215984944,0.0
8480,27.048917139663057,0.0
8481,32.63027449351235,0.0
8482,31.134448601682617,0.0
8483,29.71289100995069,0.0
8484,28.51516360840941,0.0
8485,27.503071958021252,0.0
8486,26.858170014906865,0.0
8487,26.59879834681035,0.0
8488,26.592952132341292,0.0
8489,26.68294647039516,0.0
8490,26.571037924398365,0.0
8491,26.345068131856305,0.0
8492,26.101725750005023,0.0
8493,25.859257019294873,0.0
8494,25.631559188711673,0.0
8495,25.477039500970754,0.0
8496,25.341893096858072,0.0
8497,9.242599576264919,0.0
8498,6.331962356692877,0.0
8499,7.060312017683512,0.0
8500,7.490311265870542,0.0
8501,7.800846427648919,0.0
8502,8.088009933785742,0.0
8503,8.334847009817924,0.0
8504,24.11452024845482,0.0
8505,29.27667108716146,0.0
8506,27.680703178832335,0.0
8507,26.46686555548216,0.0
8508,25.459414379941517,0.0
8509,24.650923973201508,0.0
8510,24.084350147011076,0.0
8511,23.724386284291725,0.0
8512,23.548332873278778,0.0
8513,23.54188199450201,0.0
8514,23.43605780387796,0.0
8515,23.29843031920869,0.0
8516,23.145034997172868,0.0
8517,22.925714837721053,0.0
8518,22.695398653806105,0.0
8519,22.49522179969323,0.0
8520,22.326666537614557,0.0
8521,7.120926374945039,0.0
8522,4.318626378573729,0.0
8523,5.1950971180730505,0.0
8524,5.753880001975881,0.0
8525,6.126785114867315,0.0
8526,6.349020062922767,0.0
8527,6.5103983932876055,0.0
8528,21.499674986637505,0.0
8529,26.37696049955516,0.0
8530,24.814217599130604,0.0
8531,23.567245883832953,0.0
8532,22.519621652248528,0.0
8533,21.682893591761854,0.0
8534,21.073352112899073,0.0
8535,20.706338177904534,0.0
8536,20.607378559847753,0.0
8537,20.706558535935585,0.0
8538,20.773560633124653,0.0
8539,20.818349878479165,0.0
8540,20.763657448226333,0.0
8541,20.609374289271777,0.0
8542,20.45390596881393,0.0
8543,20.33564719680188,0.0
8544,20.32991323836091,0.0
8545,5.817964456467105,0.0
8546,3.0704007241946805,0.0
8547,3.937085149734072,0.0
8548,4.470306078500603,0.0
8549,4.860613173142547,0.0
8550,5.171307314522475,0.0
8551,5.436275838668427,0.0
8552,19.99275938333612,0.0
8553,24.72425545585264,0.0
8554,23.316150433012936,0.0
8555,22.39093148638012,0.0
8556,21.692168208349685,0.0
8557,21.13432895470987,0.0
8558,20.579145650217825,0.0
8559,20.137291372381465,0.0
8560,19.87323996999922,0.0
8561,19.881760938738363,0.0
8562,19.975033892190392,0.0
8563,20.107325215132164,0.0
8564,20.228943907016863,0.0
8565,20.206849523293638,0.0
8566,20.16817946157755,0.0
8567,20.132002555407517,0.0
8568,20.092745786956414,0.0
8569,5.64048465534203,0.0
8570,2.8267523015877263,0.0
8571,3.6710084699437235,0.0
8572,4.191054821932857,0.0
8573,4.587191661980226,0.0
8574,4.916880574729577,0.0
8575,5.207554855225721,0.0
8576,19.688187386738104,0.0
8577,24.473761919517674,0.0
8578,23.03324857087152,0.0
8579,22.19084003644639,0.0
8580,21.391957740950826,0.0
8581,20.694668334426154,0.0
8582,20.16520706077858,0.0
8583,19.79614769961739,0.0
8584,19.649408091696436,0.0
8585,19.84304323471089,0.0
8586,19.950418885118616,0.0
8587,20.000909450421233,0.0
8588,19.900481856564944,0.0
8589,19.598040164832295,0.0
8590,19.253009627626064,0.0
8591,18.93005234302585,0.0
8592,18.732466057122927,0.0
8593,4.877972451466897,0.0
8594,2.153843119330906,0.0
8595,3.164769918310865,0.0
8596,3.930951179687448,0.0
8597,4.559965866162303,0.0
8598,5.067225988765841,0.0
8599,5.438927356899682,0.0
8600,19.908910906289684,0.0
8601,24.34187922598178,0.0
8602,22.394195401808226,0.0
8603,21.279511133191335,0.0
8604,20.470689408600567,0.0
8605,19.500503148506176,0.0
8606,18.68202353393194,0.0
8607,15.16178616791688,0.0
8608,15.858947626533295,0.0
8609,17.604602213279822,0.0
8610,18.384654457882597,0.0
8611,18.988454611361632,0.0
8612,19.448411418614914,0.0
8613,19.6011214810202,0.0
8614,19.623376897779025,0.0
8615,19.577049964481493,0.0
8616,19.52708790673911,0.0
8617,5.365770144277218,0.0
8618,2.7672765309340646,0.0
8619,3.9092676881763655,0.0
8620,4.764998077838035,0.0
8621,5.41948022860509,0.0
8622,5.885155495441488,0.0
8623,6.239480680185855,0.0
8624,21.17080275510144,0.0
8625,26.010295907895554,0.0
8626,24.29260477784569,0.0
8627,23.260539554199088,0.0
8628,22.323803785561655,0.0
8629,21.598384034377602,0.0
8630,20.81330290856801,0.0
8631,20.524043020607966,0.0
8632,20.642442216469927,0.0
8633,20.82160323542955,0.0
8634,20.76740804941686,0.0
8635,20.660712957407295,0.0
8636,20.60477051183611,0.0
8637,20.653181231498124,0.0
8638,20.722947245580094,0.0
8639,20.72507295517467,0.0
8640,20.651616814398036,0.0
8641,6.1454384066631045,0.0
8642,3.357157605457566,0.0
8643,4.267836011074347,0.0
8644,4.904015376674854,0.0
8645,5.390196798806339,0.0
8646,5.800132596763053,0.0
8647,6.174879386035867,0.0
8648,21.181729055711845,0.0
8649,26.268237574319528,0.0
8650,20.57165561990424,0.0
8651,19.835311377028216,0.0
8652,17.922695952702018,0.0
8653,19.546992289414327,0.0
8654,19.985245290296437,0.0
8655,20.155325090355277,0.0
8656,20.36573119248427,0.0
8657,20.471733638210814,0.0
8658,20.314738357480618,0.0
8659,20.076540254148018,0.0
8660,19.861485696548513,0.0
8661,19.76090303762476,0.0
8662,19.73703119834783,0.0
8663,19.755197828772562,0.0
8664,19.77637266672381,0.0
8665,5.649656944685477,0.0
8666,2.8367336742954485,0.0
8667,3.6407517418776356,0.0
8668,4.152427165824952,0.0
8669,4.535782940204582,0.0
8670,4.858196189870942,0.0
8671,5.131287532195266,0.0
8672,19.22078256159117,0.0
8673,23.73149214729904,0.0
8674,22.109306616767896,0.0
8675,20.830367109475183,0.0
8676,19.851340982138538,0.0
8677,19.12431794429323,0.0
8678,18.805816483084165,0.0
8679,18.79101411173724,0.0
8680,18.949751142978904,0.0
8681,19.200269440071384,0.0
8682,19.265842877677894,0.0
8683,19.287363471699646,0.0
8684,19.309895708002806,0.0
8685,19.360870272916785,0.0
8686,19.43820828816805,0.0
8687,19.46368431203343,0.0
8688,19.48640273408526,0.0
8689,5.347686922205369,0.0
8690,2.562260620266865,0.0
8691,3.427258691206128,0.0
8692,3.9077197258639513,0.0
8693,4.074487822800559,0.0
8694,4.025787650114733,0.0
8695,3.900763080228021,0.0
8696,16.944587875854737,0.0
8697,21.107735777397423,0.0
8698,19.762923385054805,0.0
8699,18.985060182936877,0.0
8700,18.540123464122388,0.0
8701,18.3095640370231,0.0
8702,17.77877848238088,0.0
8703,17.675989499506333,0.0
8704,17.90957296249271,0.0
8705,18.375192505373125,0.0
8706,18.591888027949487,0.0
8707,18.718442045163965,0.0
8708,18.683458024328186,0.0
8709,18.55894750281029,0.0
8710,18.444878611290488,0.0
8711,18.604258891056936,0.0
8712,18.919083420832436,0.0
8713,5.116472243230707,0.0
8714,2.452862228052925,0.0
8715,3.3153852033080486,0.0
8716,3.8434124442292203,0.0
8717,4.233928549104692,0.0
8718,4.608040602368071,0.0
8719,4.95770603728749,0.0
8720,19.256843182575384,0.0
8721,24.020831957997167,0.0
8722,22.694993343730772,0.0
8723,21.717053881080673,0.0
8724,20.924029265214045,0.0
8725,20.203160145785027,0.0
8726,19.45803605771394,0.0
8727,18.779555545859388,0.0
8728,18.228734621700124,0.0
8729,17.891362428513556,0.0
8730,17.619460324723857,0.0
8731,17.383042703473723,0.0
8732,17.16925213149056,0.0
8733,16.951761519430654,0.0
8734,16.661814289814775,0.0
8735,16.257961156794313,0.0
8736,15.830490058260207,0.0
8737,2.8791267771637,0.0
8738,0.1701917953221305,0.0
8739,1.3467031692259075,0.0
8740,2.2715917705322424,0.0
8741,2.9962599242575543,0.0
8742,3.427783258590991,0.0
8743,3.7018133428781583,0.0
8744,17.29773565202852,0.0
8745,21.595361266826032,0.0
8746,19.97627300435495,0.0
8747,19.13487143971323,0.0
8748,18.52424054377068,0.0
8749,18.120806442665028,0.0
8750,17.55649552918053,0.0
8751,17.38821439234767,0.0
8752,17.654852110415586,0.0
8753,18.089659893312344,0.0
8754,18.33393064193213,0.0
8755,18.496953452364615,0.0
8756,18.57334545595049,0.0
8757,18.538132884280976,0.0
8758,18.502885601363424,0.0
8759,18.571142798015476,0.0
8760,18.747486348447783,0.0
