# HOY	Heat Demand	Load duration curve	Dhw Demand
# [h]	[kWh / h]	[kWh / h]	[kWh / h]
1	4.8	9.2	0.103
2	5.0	9.1	0.055
3	5.2	8.8	0.022
4	5.1	8.8	0.016
5	5.2	8.8	0.047
6	5.2	8.7	0.118
7	5.1	8.7	0.320
8	6.3	8.7	0.342
9	6.3	8.6	0.344
10	6.0	8.6	0.360
11	6.0	8.6	0.344
12	5.6	8.5	0.333
13	5.5	8.5	0.309
14	5.5	8.5	0.271
15	5.5	8.5	0.247
16	5.7	8.5	0.231
17	6.0	8.5	0.240
18	6.5	8.4	0.297
19	6.9	8.4	0.332
20	7.0	8.4	0.411
21	7.1	8.4	0.422
22	7.3	8.4	0.393
23	7.5	8.4	0.237
24	7.8	8.4	0.148
25	6.8	8.4	0.103
26	6.6	8.4	0.055
27	6.7	8.3	0.022
28	6.7	8.3	0.016
29	6.6	8.3	0.047
30	6.4	8.3	0.118
31	6.6	8.3	0.320
32	7.9	8.3	0.342
33	7.7	8.2	0.344
34	7.6	8.2	0.360
35	7.3	8.2	0.344
36	7.0	8.2	0.333
37	6.9	8.2	0.309
38	6.8	8.2	0.271
39	6.5	8.2	0.247
40	6.7	8.2	0.231
41	7.0	8.2	0.240
42	7.3	8.2	0.297
43	7.4	8.2	0.332
44	7.4	8.1	0.411
45	7.5	8.1	0.422
46	7.5	8.0	0.393
47	7.5	8.0	0.237
48	7.5	8.0	0.148
49	6.3	8.0	0.103
50	6.3	8.0	0.055
51	6.3	8.0	0.022
52	6.5	8.0	0.016
53	6.6	8.0	0.047
54	6.5	7.9	0.118
55	6.7	7.9	0.320
56	7.8	7.9	0.342
57	7.7	7.9	0.344
58	7.8	7.9	0.360
59	7.6	7.9	0.344
60	7.5	7.9	0.333
61	7.2	7.9	0.309
62	7.0	7.9	0.271
63	6.9	7.9	0.247
64	6.8	7.8	0.231
65	6.9	7.8	0.240
66	7.2	7.8	0.297
67	7.4	7.8	0.332
68	7.6	7.8	0.411
69	7.9	7.8	0.422
70	8.0	7.8	0.393
71	8.2	7.8	0.237
72	8.3	7.7	0.148
73	7.2	7.7	0.103
74	7.2	7.7	0.055
75	7.1	7.7	0.022
76	7.2	7.7	0.016
77	7.1	7.7	0.047
78	7.1	7.7	0.118
79	6.9	7.7	0.320
80	7.9	7.7	0.342
81	7.7	7.7	0.344
82	7.3	7.7	0.360
83	6.6	7.6	0.344
84	6.1	7.6	0.333
85	5.6	7.6	0.309
86	5.4	7.6	0.271
87	5.5	7.6	0.247
88	5.5	7.6	0.231
89	5.6	7.6	0.240
90	5.6	7.6	0.297
91	5.6	7.6	0.332
92	5.5	7.6	0.411
93	5.6	7.6	0.422
94	5.7	7.6	0.393
95	5.8	7.6	0.237
96	5.8	7.6	0.148
97	4.6	7.6	0.103
98	4.6	7.6	0.055
99	4.9	7.6	0.022
100	5.0	7.6	0.016
101	5.2	7.6	0.047
102	5.3	7.5	0.118
103	5.5	7.5	0.320
104	6.8	7.5	0.342
105	7.0	7.5	0.344
106	6.9	7.5	0.360
107	7.1	7.5	0.344
108	7.1	7.5	0.333
109	7.1	7.5	0.309
110	7.3	7.5	0.271
111	7.7	7.5	0.247
112	7.6	7.5	0.231
113	8.0	7.5	0.240
114	8.3	7.5	0.297
115	8.4	7.5	0.332
116	8.2	7.5	0.411
117	8.5	7.5	0.422
118	8.8	7.5	0.393
119	9.1	7.5	0.237
120	9.2	7.5	0.148
121	8.2	7.5	0.103
122	8.2	7.5	0.055
123	8.0	7.5	0.022
124	8.0	7.4	0.016
125	7.6	7.4	0.047
126	7.3	7.4	0.118
127	7.2	7.4	0.320
128	8.4	7.4	0.342
129	8.2	7.4	0.344
130	7.9	7.4	0.360
131	7.5	7.4	0.344
132	7.1	7.4	0.333
133	6.5	7.4	0.309
134	6.1	7.4	0.271
135	5.9	7.4	0.247
136	5.6	7.4	0.231
137	5.6	7.4	0.240
138	5.8	7.3	0.297
139	5.6	7.3	0.332
140	5.5	7.3	0.411
141	5.6	7.3	0.422
142	5.6	7.3	0.393
143	5.6	7.3	0.237
144	5.6	7.3	0.148
145	4.2	7.3	0.103
146	4.4	7.3	0.055
147	4.4	7.3	0.022
148	4.5	7.3	0.016
149	4.7	7.3	0.047
150	4.6	7.3	0.118
151	4.6	7.3	0.320
152	6.0	7.3	0.342
153	5.9	7.3	0.344
154	5.5	7.2	0.360
155	5.3	7.2	0.344
156	5.1	7.2	0.333
157	4.9	7.2	0.309
158	4.5	7.2	0.271
159	4.3	7.2	0.247
160	4.3	7.2	0.231
161	4.7	7.2	0.240
162	4.9	7.2	0.297
163	5.3	7.2	0.332
164	5.4	7.2	0.411
165	5.7	7.2	0.422
166	5.7	7.2	0.393
167	6.1	7.2	0.237
168	6.2	7.2	0.148
169	5.1	7.2	0.103
170	5.0	7.2	0.055
171	5.1	7.2	0.022
172	4.9	7.2	0.016
173	4.8	7.2	0.047
174	4.6	7.2	0.118
175	4.6	7.2	0.320
176	5.7	7.2	0.342
177	5.7	7.2	0.344
178	5.5	7.1	0.360
179	5.2	7.1	0.344
180	5.0	7.1	0.333
181	5.1	7.1	0.309
182	4.9	7.1	0.271
183	5.0	7.1	0.247
184	5.0	7.1	0.231
185	5.0	7.1	0.240
186	5.0	7.1	0.297
187	5.1	7.1	0.332
188	4.8	7.1	0.411
189	4.7	7.1	0.422
190	4.7	7.1	0.393
191	4.4	7.1	0.237
192	4.3	7.1	0.148
193	2.8	7.1	0.103
194	2.8	7.1	0.055
195	3.0	7.1	0.022
196	3.0	7.1	0.016
197	2.8	7.1	0.047
198	2.6	7.1	0.118
199	2.8	7.1	0.320
200	4.0	7.1	0.342
201	4.1	7.1	0.344
202	3.8	7.1	0.360
203	3.7	7.1	0.344
204	3.8	7.0	0.333
205	3.7	7.0	0.309
206	3.4	7.0	0.271
207	3.1	7.0	0.247
208	3.0	7.0	0.231
209	3.1	7.0	0.240
210	3.0	7.0	0.297
211	3.0	7.0	0.332
212	3.0	7.0	0.411
213	3.0	7.0	0.422
214	3.0	7.0	0.393
215	2.9	7.0	0.237
216	2.7	7.0	0.148
217	1.6	7.0	0.103
218	1.7	7.0	0.055
219	1.8	7.0	0.022
220	2.0	7.0	0.016
221	2.1	7.0	0.047
222	2.3	7.0	0.118
223	2.5	7.0	0.320
224	3.8	7.0	0.342
225	3.8	7.0	0.344
226	3.9	7.0	0.360
227	3.9	7.0	0.344
228	3.8	7.0	0.333
229	3.7	7.0	0.309
230	3.8	7.0	0.271
231	3.7	7.0	0.247
232	4.1	6.9	0.231
233	4.3	6.9	0.240
234	4.7	6.9	0.297
235	4.7	6.9	0.332
236	5.0	6.9	0.411
237	5.3	6.9	0.422
238	5.8	6.9	0.393
239	6.1	6.9	0.237
240	6.3	6.9	0.148
241	5.3	6.9	0.103
242	5.3	6.9	0.055
243	5.3	6.9	0.022
244	5.3	6.9	0.016
245	5.3	6.9	0.047
246	5.2	6.9	0.118
247	5.2	6.9	0.320
248	6.3	6.9	0.342
249	6.4	6.9	0.344
250	6.1	6.9	0.360
251	6.1	6.9	0.344
252	5.6	6.9	0.333
253	5.5	6.9	0.309
254	5.1	6.8	0.271
255	5.2	6.8	0.247
256	5.4	6.8	0.231
257	5.9	6.8	0.240
258	5.8	6.8	0.297
259	5.9	6.8	0.332
260	6.2	6.8	0.411
261	6.3	6.8	0.422
262	6.5	6.8	0.393
263	6.5	6.8	0.237
264	6.6	6.8	0.148
265	5.3	6.8	0.103
266	5.5	6.8	0.055
267	5.4	6.8	0.022
268	5.4	6.8	0.016
269	5.3	6.8	0.047
270	5.4	6.8	0.118
271	5.3	6.8	0.320
272	6.6	6.8	0.342
273	6.6	6.8	0.344
274	6.4	6.8	0.360
275	6.2	6.8	0.344
276	5.8	6.8	0.333
277	5.5	6.7	0.309
278	5.3	6.7	0.271
279	5.1	6.7	0.247
280	5.2	6.7	0.231
281	5.1	6.7	0.240
282	5.2	6.7	0.297
283	5.2	6.7	0.332
284	5.2	6.7	0.411
285	5.4	6.7	0.422
286	5.5	6.7	0.393
287	5.5	6.7	0.237
288	5.5	6.7	0.148
289	4.1	6.7	0.103
290	4.1	6.7	0.055
291	4.1	6.7	0.022
292	4.1	6.7	0.016
293	4.2	6.7	0.047
294	4.2	6.7	0.118
295	4.1	6.7	0.320
296	5.3	6.7	0.342
297	5.3	6.7	0.344
298	5.3	6.7	0.360
299	5.0	6.7	0.344
300	4.8	6.7	0.333
301	4.6	6.7	0.309
302	4.5	6.7	0.271
303	4.4	6.7	0.247
304	4.3	6.6	0.231
305	4.5	6.6	0.240
306	4.4	6.6	0.297
307	4.5	6.6	0.332
308	4.5	6.6	0.411
309	4.6	6.6	0.422
310	4.9	6.6	0.393
311	4.8	6.6	0.237
312	5.0	6.6	0.148
313	3.8	6.6	0.103
314	3.8	6.6	0.055
315	3.8	6.6	0.022
316	3.6	6.6	0.016
317	3.5	6.6	0.047
318	3.4	6.6	0.118
319	3.6	6.6	0.320
320	4.8	6.6	0.342
321	4.9	6.6	0.344
322	4.8	6.6	0.360
323	4.7	6.6	0.344
324	4.8	6.6	0.333
325	4.6	6.6	0.309
326	4.5	6.6	0.271
327	4.2	6.6	0.247
328	4.0	6.6	0.231
329	4.2	6.6	0.240
330	4.2	6.6	0.297
331	4.4	6.6	0.332
332	4.5	6.6	0.411
333	4.6	6.5	0.422
334	4.6	6.5	0.393
335	4.7	6.5	0.237
336	4.6	6.5	0.148
337	3.4	6.5	0.103
338	3.5	6.5	0.055
339	3.7	6.5	0.022
340	3.9	6.5	0.016
341	3.9	6.5	0.047
342	3.9	6.5	0.118
343	3.9	6.5	0.320
344	5.4	6.5	0.342
345	5.4	6.5	0.344
346	5.5	6.5	0.360
347	5.4	6.5	0.344
348	5.2	6.5	0.333
349	5.2	6.5	0.309
350	5.3	6.5	0.271
351	5.4	6.5	0.247
352	5.4	6.5	0.231
353	5.6	6.5	0.240
354	5.8	6.5	0.297
355	5.8	6.5	0.332
356	6.1	6.5	0.411
357	6.0	6.5	0.422
358	6.2	6.5	0.393
359	6.2	6.5	0.237
360	6.0	6.5	0.148
361	4.8	6.5	0.103
362	4.9	6.4	0.055
363	5.0	6.4	0.022
364	5.0	6.4	0.016
365	4.9	6.4	0.047
366	5.2	6.4	0.118
367	5.2	6.4	0.320
368	6.5	6.4	0.342
369	6.5	6.4	0.344
370	6.5	6.4	0.360
371	6.1	6.4	0.344
372	6.0	6.4	0.333
373	5.8	6.4	0.309
374	5.7	6.4	0.271
375	5.8	6.4	0.247
376	6.0	6.4	0.231
377	6.4	6.4	0.240
378	6.7	6.4	0.297
379	6.9	6.4	0.332
380	7.0	6.4	0.411
381	7.2	6.4	0.422
382	7.5	6.4	0.393
383	7.8	6.4	0.237
384	8.0	6.4	0.148
385	7.1	6.4	0.103
386	7.2	6.4	0.055
387	7.3	6.4	0.022
388	7.2	6.4	0.016
389	7.2	6.4	0.047
390	7.1	6.4	0.118
391	7.0	6.4	0.320
392	8.2	6.4	0.342
393	7.8	6.4	0.344
394	7.5	6.4	0.360
395	7.1	6.3	0.344
396	6.7	6.3	0.333
397	6.2	6.3	0.309
398	5.8	6.3	0.271
399	5.9	6.3	0.247
400	5.7	6.3	0.231
401	5.6	6.3	0.240
402	5.8	6.3	0.297
403	5.7	6.3	0.332
404	5.7	6.3	0.411
405	6.1	6.3	0.422
406	5.9	6.3	0.393
407	5.9	6.3	0.237
408	5.8	6.3	0.148
409	4.2	6.3	0.103
410	4.4	6.3	0.055
411	4.6	6.3	0.022
412	4.6	6.3	0.016
413	4.6	6.3	0.047
414	4.6	6.3	0.118
415	4.8	6.3	0.320
416	6.1	6.3	0.342
417	6.0	6.3	0.344
418	5.8	6.3	0.360
419	5.9	6.3	0.344
420	5.7	6.3	0.333
421	5.5	6.3	0.309
422	5.5	6.3	0.271
423	5.5	6.3	0.247
424	5.8	6.3	0.231
425	5.9	6.3	0.240
426	5.9	6.3	0.297
427	6.2	6.3	0.332
428	6.2	6.3	0.411
429	6.5	6.3	0.422
430	6.6	6.3	0.393
431	6.6	6.3	0.237
432	6.5	6.3	0.148
433	5.4	6.3	0.103
434	5.6	6.3	0.055
435	5.8	6.2	0.022
436	6.0	6.2	0.016
437	5.8	6.2	0.047
438	5.7	6.2	0.118
439	5.6	6.2	0.320
440	6.9	6.2	0.342
441	6.8	6.2	0.344
442	6.8	6.2	0.360
443	6.8	6.2	0.344
444	6.6	6.2	0.333
445	6.4	6.2	0.309
446	6.2	6.2	0.271
447	5.9	6.2	0.247
448	6.0	6.2	0.231
449	6.0	6.2	0.240
450	5.9	6.2	0.297
451	6.1	6.2	0.332
452	6.3	6.2	0.411
453	6.5	6.2	0.422
454	6.7	6.2	0.393
455	6.6	6.2	0.237
456	6.4	6.2	0.148
457	5.3	6.2	0.103
458	5.6	6.2	0.055
459	5.6	6.2	0.022
460	5.8	6.2	0.016
461	5.8	6.2	0.047
462	5.8	6.2	0.118
463	5.8	6.2	0.320
464	7.1	6.2	0.342
465	7.1	6.2	0.344
466	6.8	6.2	0.360
467	6.6	6.2	0.344
468	6.3	6.2	0.333
469	6.1	6.2	0.309
470	5.9	6.2	0.271
471	5.8	6.2	0.247
472	5.6	6.2	0.231
473	5.7	6.2	0.240
474	5.6	6.2	0.297
475	5.7	6.1	0.332
476	5.9	6.1	0.411
477	5.8	6.1	0.422
478	6.0	6.1	0.393
479	6.0	6.1	0.237
480	6.0	6.1	0.148
481	4.8	6.1	0.103
482	5.1	6.1	0.055
483	5.1	6.1	0.022
484	5.3	6.1	0.016
485	5.3	6.1	0.047
486	5.3	6.1	0.118
487	5.4	6.1	0.320
488	6.5	6.1	0.342
489	6.4	6.1	0.344
490	6.1	6.1	0.360
491	5.9	6.1	0.344
492	5.5	6.1	0.333
493	5.6	6.1	0.309
494	5.4	6.1	0.271
495	5.4	6.1	0.247
496	5.4	6.1	0.231
497	5.4	6.1	0.240
498	5.7	6.1	0.297
499	5.8	6.1	0.332
500	6.1	6.1	0.411
501	6.0	6.1	0.422
502	6.3	6.1	0.393
503	6.4	6.1	0.237
504	6.6	6.1	0.148
505	5.5	6.1	0.103
506	5.4	6.1	0.055
507	5.3	6.1	0.022
508	5.4	6.1	0.016
509	5.5	6.1	0.047
510	5.8	6.1	0.118
511	5.9	6.1	0.320
512	7.2	6.1	0.342
513	7.1	6.1	0.344
514	6.9	6.1	0.360
515	6.6	6.1	0.344
516	6.4	6.1	0.333
517	6.3	6.1	0.309
518	6.1	6.1	0.271
519	6.1	6.1	0.247
520	6.3	6.1	0.231
521	6.4	6.1	0.240
522	6.4	6.1	0.297
523	6.6	6.1	0.332
524	6.5	6.1	0.411
525	6.5	6.1	0.422
526	6.7	6.1	0.393
527	6.9	6.1	0.237
528	7.1	6.1	0.148
529	6.0	6.1	0.103
530	6.0	6.1	0.055
531	6.2	6.1	0.022
532	6.1	6.1	0.016
533	6.2	6.0	0.047
534	6.0	6.0	0.118
535	6.2	6.0	0.320
536	7.4	6.0	0.342
537	7.2	6.0	0.344
538	7.0	6.0	0.360
539	6.6	6.0	0.344
540	6.2	6.0	0.333
541	6.0	6.0	0.309
542	5.6	6.0	0.271
543	5.5	6.0	0.247
544	5.7	6.0	0.231
545	5.7	6.0	0.240
546	5.9	6.0	0.297
547	6.0	6.0	0.332
548	6.1	6.0	0.411
549	6.2	6.0	0.422
550	6.4	6.0	0.393
551	6.6	6.0	0.237
552	6.8	6.0	0.148
553	5.6	6.0	0.103
554	5.5	6.0	0.055
555	5.6	6.0	0.022
556	5.5	6.0	0.016
557	5.8	6.0	0.047
558	5.9	6.0	0.118
559	5.8	6.0	0.320
560	6.9	6.0	0.342
561	6.7	6.0	0.344
562	6.4	6.0	0.360
563	6.3	6.0	0.344
564	6.2	6.0	0.333
565	6.0	6.0	0.309
566	5.8	6.0	0.271
567	5.7	6.0	0.247
568	5.7	6.0	0.231
569	5.8	6.0	0.240
570	5.9	6.0	0.297
571	6.0	6.0	0.332
572	6.1	6.0	0.411
573	6.0	6.0	0.422
574	6.1	6.0	0.393
575	6.1	6.0	0.237
576	5.9	6.0	0.148
577	4.7	6.0	0.103
578	4.9	6.0	0.055
579	4.9	6.0	0.022
580	4.6	6.0	0.016
581	4.5	6.0	0.047
582	4.6	6.0	0.118
583	4.5	6.0	0.320
584	5.6	6.0	0.342
585	5.4	6.0	0.344
586	5.3	6.0	0.360
587	5.0	6.0	0.344
588	4.7	6.0	0.333
589	4.5	6.0	0.309
590	4.4	5.9	0.271
591	4.2	5.9	0.247
592	4.1	5.9	0.231
593	4.1	5.9	0.240
594	4.1	5.9	0.297
595	4.1	5.9	0.332
596	4.0	5.9	0.411
597	4.2	5.9	0.422
598	4.3	5.9	0.393
599	4.5	5.9	0.237
600	4.5	5.9	0.148
601	3.2	5.9	0.103
602	3.5	5.9	0.055
603	3.7	5.9	0.022
604	3.9	5.9	0.016
605	4.1	5.9	0.047
606	4.0	5.9	0.118
607	4.0	5.9	0.320
608	5.3	5.9	0.342
609	5.4	5.9	0.344
610	5.3	5.9	0.360
611	5.2	5.9	0.344
612	5.3	5.9	0.333
613	5.3	5.9	0.309
614	5.1	5.9	0.271
615	5.1	5.9	0.247
616	4.9	5.9	0.231
617	5.2	5.9	0.240
618	5.3	5.9	0.297
619	5.7	5.9	0.332
620	5.8	5.9	0.411
621	6.2	5.9	0.422
622	6.3	5.9	0.393
623	6.4	5.9	0.237
624	6.5	5.9	0.148
625	5.5	5.9	0.103
626	5.6	5.9	0.055
627	5.5	5.9	0.022
628	5.4	5.9	0.016
629	5.4	5.9	0.047
630	5.4	5.9	0.118
631	5.2	5.9	0.320
632	6.4	5.9	0.342
633	6.2	5.8	0.344
634	6.1	5.8	0.360
635	5.7	5.8	0.344
636	5.3	5.8	0.333
637	5.3	5.8	0.309
638	5.2	5.8	0.271
639	5.2	5.8	0.247
640	5.3	5.8	0.231
641	5.2	5.8	0.240
642	5.5	5.8	0.297
643	5.7	5.8	0.332
644	5.7	5.8	0.411
645	5.8	5.8	0.422
646	5.6	5.8	0.393
647	5.5	5.8	0.237
648	5.4	5.8	0.148
649	4.2	5.8	0.103
650	4.4	5.8	0.055
651	4.4	5.8	0.022
652	4.5	5.8	0.016
653	4.6	5.8	0.047
654	4.8	5.8	0.118
655	4.8	5.8	0.320
656	6.0	5.8	0.342
657	6.0	5.8	0.344
658	5.8	5.8	0.360
659	5.7	5.8	0.344
660	5.6	5.8	0.333
661	5.5	5.8	0.309
662	5.5	5.8	0.271
663	5.6	5.8	0.247
664	5.5	5.8	0.231
665	5.8	5.8	0.240
666	6.0	5.8	0.297
667	6.3	5.8	0.332
668	6.6	5.8	0.411
669	6.8	5.8	0.422
670	7.1	5.8	0.393
671	7.5	5.8	0.237
672	7.6	5.8	0.148
673	6.4	5.8	0.103
674	6.2	5.8	0.055
675	6.0	5.8	0.022
676	5.8	5.8	0.016
677	5.3	5.8	0.047
678	5.0	5.8	0.118
679	4.9	5.8	0.320
680	6.1	5.8	0.342
681	6.1	5.8	0.344
682	5.9	5.8	0.360
683	5.6	5.8	0.344
684	5.3	5.8	0.333
685	5.3	5.8	0.309
686	5.2	5.8	0.271
687	5.1	5.8	0.247
688	4.6	5.8	0.231
689	4.4	5.8	0.240
690	4.3	5.8	0.297
691	4.2	5.8	0.332
692	4.0	5.8	0.411
693	3.7	5.8	0.422
694	3.5	5.8	0.393
695	3.2	5.8	0.237
696	3.0	5.8	0.148
697	1.8	5.8	0.103
698	1.7	5.7	0.055
699	1.9	5.7	0.022
700	2.0	5.7	0.016
701	2.0	5.7	0.047
702	2.0	5.7	0.118
703	2.1	5.7	0.320
704	3.5	5.7	0.342
705	3.4	5.7	0.344
706	3.3	5.7	0.360
707	3.4	5.7	0.344
708	3.1	5.7	0.333
709	3.0	5.7	0.309
710	3.0	5.7	0.271
711	3.2	5.7	0.247
712	3.0	5.7	0.231
713	3.0	5.7	0.240
714	2.9	5.7	0.297
715	2.9	5.7	0.332
716	2.8	5.7	0.411
717	2.9	5.7	0.422
718	2.7	5.7	0.393
719	2.8	5.7	0.237
720	2.9	5.7	0.148
721	1.8	5.7	0.103
722	1.6	5.7	0.055
723	1.6	5.7	0.022
724	1.5	5.7	0.016
725	1.4	5.7	0.047
726	1.5	5.7	0.118
727	1.5	5.7	0.320
728	2.8	5.7	0.342
729	2.9	5.7	0.344
730	2.7	5.7	0.360
731	2.4	5.7	0.344
732	2.3	5.7	0.333
733	2.1	5.7	0.309
734	1.9	5.7	0.271
735	2.0	5.7	0.247
736	2.1	5.7	0.231
737	2.3	5.7	0.240
738	2.7	5.7	0.297
739	3.1	5.7	0.332
740	3.3	5.7	0.411
741	3.3	5.7	0.422
742	3.3	5.7	0.393
743	3.6	5.7	0.237
744	3.8	5.7	0.148
745	2.8	5.7	0.103
746	3.0	5.7	0.055
747	3.0	5.7	0.022
748	2.9	5.7	0.016
749	2.9	5.7	0.047
750	3.0	5.7	0.118
751	2.9	5.7	0.320
752	4.2	5.7	0.342
753	4.1	5.7	0.344
754	3.8	5.7	0.360
755	3.5	5.7	0.344
756	3.4	5.7	0.333
757	3.3	5.7	0.309
758	3.2	5.7	0.271
759	3.2	5.7	0.247
760	3.2	5.6	0.231
761	3.3	5.6	0.240
762	3.5	5.6	0.297
763	3.8	5.6	0.332
764	4.1	5.6	0.411
765	4.4	5.6	0.422
766	4.7	5.6	0.393
767	5.1	5.6	0.237
768	5.1	5.6	0.148
769	4.2	5.6	0.103
770	4.1	5.6	0.055
771	4.1	5.6	0.022
772	4.4	5.6	0.016
773	4.6	5.6	0.047
774	4.7	5.6	0.118
775	4.8	5.6	0.320
776	6.0	5.6	0.342
777	5.9	5.6	0.344
778	5.9	5.6	0.360
779	5.8	5.6	0.344
780	5.8	5.6	0.333
781	5.7	5.6	0.309
782	5.5	5.6	0.271
783	5.6	5.6	0.247
784	5.7	5.6	0.231
785	5.9	5.6	0.240
786	6.0	5.6	0.297
787	6.3	5.6	0.332
788	6.7	5.6	0.411
789	7.0	5.6	0.422
790	7.1	5.6	0.393
791	7.3	5.6	0.237
792	7.4	5.6	0.148
793	6.3	5.6	0.103
794	6.5	5.6	0.055
795	6.4	5.6	0.022
796	6.6	5.6	0.016
797	6.7	5.6	0.047
798	6.8	5.6	0.118
799	7.0	5.6	0.320
800	7.9	5.6	0.342
801	7.8	5.6	0.344
802	7.6	5.6	0.360
803	7.4	5.6	0.344
804	7.0	5.6	0.333
805	7.0	5.6	0.309
806	6.7	5.6	0.271
807	6.7	5.6	0.247
808	6.7	5.6	0.231
809	6.8	5.6	0.240
810	7.0	5.6	0.297
811	7.2	5.6	0.332
812	7.3	5.6	0.411
813	7.1	5.6	0.422
814	7.5	5.6	0.393
815	7.3	5.6	0.237
816	7.2	5.6	0.148
817	6.3	5.6	0.103
818	6.3	5.6	0.055
819	6.2	5.6	0.022
820	6.3	5.6	0.016
821	6.0	5.6	0.047
822	5.8	5.6	0.118
823	5.7	5.6	0.320
824	6.6	5.6	0.342
825	6.5	5.6	0.344
826	6.4	5.6	0.360
827	6.1	5.6	0.344
828	5.6	5.6	0.333
829	5.4	5.6	0.309
830	5.0	5.5	0.271
831	4.9	5.5	0.247
832	4.9	5.5	0.231
833	4.9	5.5	0.240
834	4.9	5.5	0.297
835	5.2	5.5	0.332
836	5.2	5.5	0.411
837	5.2	5.5	0.422
838	5.3	5.5	0.393
839	5.5	5.5	0.237
840	5.4	5.5	0.148
841	4.4	5.5	0.103
842	4.3	5.5	0.055
843	4.2	5.5	0.022
844	4.4	5.5	0.016
845	4.4	5.5	0.047
846	4.4	5.5	0.118
847	4.5	5.5	0.320
848	5.5	5.5	0.342
849	5.3	5.5	0.344
850	5.1	5.5	0.360
851	5.0	5.5	0.344
852	4.7	5.5	0.333
853	4.4	5.5	0.309
854	4.5	5.5	0.271
855	4.5	5.5	0.247
856	4.6	5.5	0.231
857	4.7	5.5	0.240
858	5.0	5.5	0.297
859	5.2	5.5	0.332
860	5.5	5.5	0.411
861	5.5	5.5	0.422
862	5.5	5.5	0.393
863	5.6	5.5	0.237
864	5.5	5.5	0.148
865	4.4	5.5	0.103
866	4.6	5.5	0.055
867	4.5	5.5	0.022
868	4.5	5.5	0.016
869	4.3	5.5	0.047
870	4.4	5.5	0.118
871	4.5	5.5	0.320
872	5.4	5.5	0.342
873	5.5	5.5	0.344
874	5.4	5.5	0.360
875	5.1	5.5	0.344
876	5.1	5.5	0.333
877	4.8	5.5	0.309
878	4.6	5.5	0.271
879	4.6	5.5	0.247
880	4.4	5.5	0.231
881	4.5	5.5	0.240
882	4.6	5.5	0.297
883	4.9	5.5	0.332
884	5.0	5.5	0.411
885	5.2	5.5	0.422
886	5.1	5.5	0.393
887	5.4	5.5	0.237
888	5.4	5.5	0.148
889	4.3	5.5	0.103
890	4.2	5.5	0.055
891	4.2	5.5	0.022
892	3.9	5.5	0.016
893	4.1	5.5	0.047
894	4.0	5.5	0.118
895	4.0	5.5	0.320
896	4.9	5.5	0.342
897	4.9	5.5	0.344
898	4.9	5.4	0.360
899	4.7	5.4	0.344
900	4.7	5.4	0.333
901	4.8	5.4	0.309
902	4.8	5.4	0.271
903	4.7	5.4	0.247
904	4.7	5.4	0.231
905	4.6	5.4	0.240
906	4.5	5.4	0.297
907	4.4	5.4	0.332
908	4.4	5.4	0.411
909	4.5	5.4	0.422
910	4.5	5.4	0.393
911	4.6	5.4	0.237
912	4.5	5.4	0.148
913	3.4	5.4	0.103
914	3.5	5.4	0.055
915	3.7	5.4	0.022
916	3.8	5.4	0.016
917	3.8	5.4	0.047
918	4.1	5.4	0.118
919	4.0	5.4	0.320
920	5.0	5.4	0.342
921	5.0	5.4	0.344
922	4.8	5.4	0.360
923	4.8	5.4	0.344
924	4.4	5.4	0.333
925	4.4	5.4	0.309
926	4.4	5.4	0.271
927	4.2	5.4	0.247
928	4.2	5.4	0.231
929	4.2	5.4	0.240
930	4.5	5.4	0.297
931	4.7	5.4	0.332
932	4.9	5.4	0.411
933	5.0	5.4	0.422
934	5.3	5.4	0.393
935	5.4	5.4	0.237
936	5.4	5.4	0.148
937	4.3	5.4	0.103
938	4.4	5.4	0.055
939	4.4	5.4	0.022
940	4.3	5.4	0.016
941	4.4	5.4	0.047
942	4.5	5.4	0.118
943	4.6	5.4	0.320
944	5.7	5.4	0.342
945	5.7	5.4	0.344
946	5.6	5.4	0.360
947	5.4	5.4	0.344
948	5.1	5.4	0.333
949	4.9	5.4	0.309
950	4.7	5.4	0.271
951	4.9	5.4	0.247
952	5.1	5.4	0.231
953	5.0	5.4	0.240
954	5.1	5.4	0.297
955	5.2	5.4	0.332
956	5.5	5.4	0.411
957	5.4	5.4	0.422
958	5.4	5.4	0.393
959	5.6	5.4	0.237
960	5.7	5.4	0.148
961	4.7	5.4	0.103
962	4.8	5.4	0.055
963	4.8	5.4	0.022
964	4.8	5.4	0.016
965	4.9	5.4	0.047
966	4.8	5.4	0.118
967	4.8	5.3	0.320
968	6.0	5.3	0.342
969	5.7	5.3	0.344
970	5.6	5.3	0.360
971	5.4	5.3	0.344
972	5.2	5.3	0.333
973	4.8	5.3	0.309
974	4.7	5.3	0.271
975	4.6	5.3	0.247
976	4.6	5.3	0.231
977	4.7	5.3	0.240
978	5.0	5.3	0.297
979	5.4	5.3	0.332
980	5.5	5.3	0.411
981	5.8	5.3	0.422
982	6.0	5.3	0.393
983	5.9	5.3	0.237
984	6.0	5.3	0.148
985	5.0	5.3	0.103
986	5.0	5.3	0.055
987	4.9	5.3	0.022
988	5.1	5.3	0.016
989	5.0	5.3	0.047
990	4.9	5.3	0.118
991	4.9	5.3	0.320
992	5.9	5.3	0.342
993	5.8	5.3	0.344
994	5.5	5.3	0.360
995	5.4	5.3	0.344
996	5.3	5.3	0.333
997	5.0	5.3	0.309
998	4.9	5.3	0.271
999	4.9	5.3	0.247
1000	4.9	5.3	0.231
1001	5.0	5.3	0.240
1002	5.2	5.3	0.297
1003	5.3	5.3	0.332
1004	5.3	5.3	0.411
1005	5.3	5.3	0.422
1006	5.7	5.3	0.393
1007	5.6	5.3	0.237
1008	5.4	5.3	0.148
1009	4.4	5.3	0.103
1010	4.4	5.3	0.055
1011	4.5	5.3	0.022
1012	4.5	5.3	0.016
1013	4.4	5.3	0.047
1014	4.3	5.3	0.118
1015	4.2	5.3	0.320
1016	5.2	5.3	0.342
1017	5.0	5.3	0.344
1018	5.0	5.3	0.360
1019	4.8	5.3	0.344
1020	4.6	5.3	0.333
1021	4.5	5.3	0.309
1022	4.2	5.3	0.271
1023	3.9	5.3	0.247
1024	3.9	5.3	0.231
1025	3.8	5.3	0.240
1026	3.8	5.3	0.297
1027	4.0	5.3	0.332
1028	4.2	5.3	0.411
1029	4.4	5.3	0.422
1030	4.3	5.3	0.393
1031	4.4	5.3	0.237
1032	4.4	5.3	0.148
1033	3.3	5.3	0.103
1034	3.3	5.3	0.055
1035	3.4	5.3	0.022
1036	3.5	5.3	0.016
1037	3.4	5.3	0.047
1038	3.4	5.3	0.118
1039	3.4	5.3	0.320
1040	4.5	5.3	0.342
1041	4.5	5.3	0.344
1042	4.5	5.3	0.360
1043	4.5	5.3	0.344
1044	4.7	5.3	0.333
1045	4.6	5.2	0.309
1046	4.7	5.2	0.271
1047	4.6	5.2	0.247
1048	4.7	5.2	0.231
1049	4.9	5.2	0.240
1050	4.9	5.2	0.297
1051	5.0	5.2	0.332
1052	5.1	5.2	0.411
1053	5.1	5.2	0.422
1054	5.2	5.2	0.393
1055	5.1	5.2	0.237
1056	5.2	5.2	0.148
1057	3.9	5.2	0.103
1058	3.9	5.2	0.055
1059	3.9	5.2	0.022
1060	3.9	5.2	0.016
1061	3.9	5.2	0.047
1062	3.8	5.2	0.118
1063	3.8	5.2	0.320
1064	4.9	5.2	0.342
1065	4.8	5.2	0.344
1066	4.8	5.2	0.360
1067	4.5	5.2	0.344
1068	4.5	5.2	0.333
1069	4.2	5.2	0.309
1070	4.0	5.2	0.271
1071	4.0	5.2	0.247
1072	4.1	5.2	0.231
1073	4.1	5.2	0.240
1074	3.9	5.2	0.297
1075	3.9	5.2	0.332
1076	3.9	5.2	0.411
1077	3.7	5.2	0.422
1078	3.5	5.2	0.393
1079	3.5	5.2	0.237
1080	3.5	5.2	0.148
1081	2.4	5.2	0.103
1082	2.5	5.2	0.055
1083	2.3	5.2	0.022
1084	2.4	5.2	0.016
1085	2.5	5.2	0.047
1086	2.3	5.2	0.118
1087	2.3	5.2	0.320
1088	3.3	5.2	0.342
1089	2.9	5.2	0.344
1090	2.8	5.2	0.360
1091	2.6	5.2	0.344
1092	2.5	5.2	0.333
1093	2.3	5.2	0.309
1094	2.1	5.2	0.271
1095	1.9	5.2	0.247
1096	1.9	5.2	0.231
1097	2.0	5.2	0.240
1098	2.2	5.2	0.297
1099	2.5	5.2	0.332
1100	2.7	5.2	0.411
1101	2.6	5.2	0.422
1102	2.7	5.2	0.393
1103	2.9	5.2	0.237
1104	3.2	5.2	0.148
1105	2.2	5.2	0.103
1106	2.2	5.2	0.055
1107	2.2	5.2	0.022
1108	2.5	5.1	0.016
1109	2.4	5.1	0.047
1110	2.3	5.1	0.118
1111	2.5	5.1	0.320
1112	3.4	5.1	0.342
1113	3.4	5.1	0.344
1114	3.3	5.1	0.360
1115	3.1	5.1	0.344
1116	2.8	5.1	0.333
1117	2.4	5.1	0.309
1118	2.4	5.1	0.271
1119	2.6	5.1	0.247
1120	2.7	5.1	0.231
1121	2.8	5.1	0.240
1122	2.9	5.1	0.297
1123	3.2	5.1	0.332
1124	3.5	5.1	0.411
1125	3.6	5.1	0.422
1126	3.7	5.1	0.393
1127	4.0	5.1	0.237
1128	4.1	5.1	0.148
1129	3.2	5.1	0.103
1130	3.2	5.1	0.055
1131	3.5	5.1	0.022
1132	3.6	5.1	0.016
1133	3.8	5.1	0.047
1134	3.9	5.1	0.118
1135	3.8	5.1	0.320
1136	4.8	5.1	0.342
1137	4.6	5.1	0.344
1138	4.6	5.1	0.360
1139	4.4	5.1	0.344
1140	4.1	5.1	0.333
1141	3.9	5.1	0.309
1142	3.8	5.1	0.271
1143	3.7	5.1	0.247
1144	3.8	5.1	0.231
1145	3.9	5.1	0.240
1146	4.4	5.1	0.297
1147	4.4	5.1	0.332
1148	4.6	5.1	0.411
1149	4.7	5.1	0.422
1150	5.0	5.1	0.393
1151	5.1	5.1	0.237
1152	5.3	5.1	0.148
1153	4.4	5.1	0.103
1154	4.4	5.1	0.055
1155	4.5	5.1	0.022
1156	4.6	5.1	0.016
1157	4.8	5.1	0.047
1158	4.7	5.1	0.118
1159	4.7	5.1	0.320
1160	5.9	5.1	0.342
1161	5.9	5.1	0.344
1162	5.8	5.1	0.360
1163	5.7	5.1	0.344
1164	5.6	5.1	0.333
1165	5.3	5.1	0.309
1166	5.3	5.1	0.271
1167	5.2	5.1	0.247
1168	5.1	5.1	0.231
1169	5.1	5.1	0.240
1170	5.4	5.1	0.297
1171	5.7	5.1	0.332
1172	5.6	5.1	0.411
1173	5.7	5.1	0.422
1174	5.8	5.1	0.393
1175	6.1	5.0	0.237
1176	6.0	5.0	0.148
1177	4.9	5.0	0.103
1178	4.9	5.0	0.055
1179	5.1	5.0	0.022
1180	5.1	5.0	0.016
1181	5.3	5.0	0.047
1182	5.4	5.0	0.118
1183	5.3	5.0	0.320
1184	6.4	5.0	0.342
1185	6.2	5.0	0.344
1186	6.1	5.0	0.360
1187	6.1	5.0	0.344
1188	5.9	5.0	0.333
1189	5.7	5.0	0.309
1190	5.5	5.0	0.271
1191	5.6	5.0	0.247
1192	5.5	5.0	0.231
1193	5.6	5.0	0.240
1194	5.8	5.0	0.297
1195	5.8	5.0	0.332
1196	6.2	5.0	0.411
1197	6.5	5.0	0.422
1198	6.6	5.0	0.393
1199	6.5	5.0	0.237
1200	6.7	5.0	0.148
1201	5.7	5.0	0.103
1202	6.0	5.0	0.055
1203	6.0	5.0	0.022
1204	6.0	5.0	0.016
1205	5.8	5.0	0.047
1206	5.7	5.0	0.118
1207	5.7	5.0	0.320
1208	6.8	5.0	0.342
1209	6.8	5.0	0.344
1210	6.6	5.0	0.360
1211	6.5	5.0	0.344
1212	6.4	5.0	0.333
1213	6.4	5.0	0.309
1214	6.4	5.0	0.271
1215	6.3	5.0	0.247
1216	6.4	5.0	0.231
1217	6.4	5.0	0.240
1218	6.7	5.0	0.297
1219	6.8	5.0	0.332
1220	6.9	5.0	0.411
1221	6.9	5.0	0.422
1222	7.0	5.0	0.393
1223	7.0	5.0	0.237
1224	7.1	5.0	0.148
1225	6.0	5.0	0.103
1226	5.9	5.0	0.055
1227	5.9	5.0	0.022
1228	5.7	5.0	0.016
1229	5.3	5.0	0.047
1230	5.2	5.0	0.118
1231	5.1	5.0	0.320
1232	6.1	5.0	0.342
1233	6.0	5.0	0.344
1234	5.8	5.0	0.360
1235	5.5	5.0	0.344
1236	5.5	5.0	0.333
1237	5.3	5.0	0.309
1238	5.1	5.0	0.271
1239	5.0	5.0	0.247
1240	4.9	5.0	0.231
1241	4.9	5.0	0.240
1242	4.8	5.0	0.297
1243	4.6	5.0	0.332
1244	4.5	5.0	0.411
1245	4.5	5.0	0.422
1246	4.2	5.0	0.393
1247	4.1	5.0	0.237
1248	4.0	4.9	0.148
1249	2.8	4.9	0.103
1250	2.9	4.9	0.055
1251	2.9	4.9	0.022
1252	2.8	4.9	0.016
1253	2.8	4.9	0.047
1254	2.8	4.9	0.118
1255	2.9	4.9	0.320
1256	4.0	4.9	0.342
1257	3.8	4.9	0.344
1258	3.4	4.9	0.360
1259	3.3	4.9	0.344
1260	2.9	4.9	0.333
1261	2.8	4.9	0.309
1262	2.8	4.9	0.271
1263	2.7	4.9	0.247
1264	2.9	4.9	0.231
1265	3.0	4.9	0.240
1266	3.1	4.9	0.297
1267	3.4	4.9	0.332
1268	3.4	4.9	0.411
1269	3.6	4.9	0.422
1270	3.8	4.9	0.393
1271	3.9	4.9	0.237
1272	4.0	4.9	0.148
1273	2.9	4.9	0.103
1274	3.0	4.9	0.055
1275	3.1	4.9	0.022
1276	3.0	4.9	0.016
1277	3.1	4.9	0.047
1278	3.2	4.9	0.118
1279	3.2	4.9	0.320
1280	4.5	4.9	0.342
1281	4.4	4.9	0.344
1282	4.3	4.9	0.360
1283	3.9	4.9	0.344
1284	3.7	4.9	0.333
1285	3.6	4.9	0.309
1286	3.5	4.9	0.271
1287	3.3	4.9	0.247
1288	3.3	4.9	0.231
1289	3.5	4.9	0.240
1290	3.7	4.9	0.297
1291	4.0	4.9	0.332
1292	3.9	4.9	0.411
1293	4.0	4.9	0.422
1294	4.2	4.9	0.393
1295	4.1	4.9	0.237
1296	4.3	4.9	0.148
1297	3.2	4.9	0.103
1298	3.3	4.9	0.055
1299	3.4	4.9	0.022
1300	3.7	4.9	0.016
1301	3.8	4.9	0.047
1302	4.0	4.9	0.118
1303	4.1	4.9	0.320
1304	5.3	4.9	0.342
1305	5.2	4.9	0.344
1306	4.9	4.9	0.360
1307	4.6	4.9	0.344
1308	4.4	4.9	0.333
1309	4.2	4.9	0.309
1310	4.1	4.9	0.271
1311	3.9	4.9	0.247
1312	3.7	4.9	0.231
1313	3.9	4.9	0.240
1314	4.2	4.9	0.297
1315	4.5	4.9	0.332
1316	4.6	4.9	0.411
1317	4.7	4.9	0.422
1318	4.8	4.9	0.393
1319	4.9	4.9	0.237
1320	4.7	4.9	0.148
1321	3.7	4.9	0.103
1322	3.8	4.9	0.055
1323	3.9	4.9	0.022
1324	3.8	4.9	0.016
1325	3.9	4.9	0.047
1326	3.8	4.9	0.118
1327	3.6	4.8	0.320
1328	4.5	4.8	0.342
1329	4.4	4.8	0.344
1330	4.2	4.8	0.360
1331	3.8	4.8	0.344
1332	3.3	4.8	0.333
1333	3.0	4.8	0.309
1334	2.6	4.8	0.271
1335	2.6	4.8	0.247
1336	2.8	4.8	0.231
1337	2.8	4.8	0.240
1338	3.0	4.8	0.297
1339	3.3	4.8	0.332
1340	3.5	4.8	0.411
1341	3.4	4.8	0.422
1342	3.5	4.8	0.393
1343	3.5	4.8	0.237
1344	3.5	4.8	0.148
1345	2.5	4.8	0.103
1346	2.7	4.8	0.055
1347	2.9	4.8	0.022
1348	3.0	4.8	0.016
1349	3.0	4.8	0.047
1350	3.0	4.8	0.118
1351	3.0	4.8	0.320
1352	4.2	4.8	0.342
1353	4.2	4.8	0.344
1354	4.0	4.8	0.360
1355	3.8	4.8	0.344
1356	3.6	4.8	0.333
1357	3.4	4.8	0.309
1358	3.5	4.8	0.271
1359	3.4	4.8	0.247
1360	3.6	4.8	0.231
1361	3.7	4.8	0.240
1362	4.0	4.8	0.297
1363	4.4	4.8	0.332
1364	4.8	4.8	0.411
1365	5.0	4.8	0.422
1366	5.0	4.8	0.393
1367	5.4	4.8	0.237
1368	5.4	4.8	0.148
1369	4.6	4.8	0.103
1370	4.8	4.8	0.055
1371	4.6	4.8	0.022
1372	4.7	4.8	0.016
1373	4.8	4.8	0.047
1374	4.6	4.8	0.118
1375	4.6	4.8	0.320
1376	5.7	4.8	0.342
1377	5.8	4.8	0.344
1378	5.6	4.8	0.360
1379	5.3	4.8	0.344
1380	5.1	4.8	0.333
1381	5.0	4.8	0.309
1382	4.8	4.8	0.271
1383	4.7	4.8	0.247
1384	4.8	4.8	0.231
1385	5.0	4.8	0.240
1386	5.3	4.8	0.297
1387	5.9	4.8	0.332
1388	6.1	4.8	0.411
1389	6.3	4.8	0.422
1390	6.4	4.8	0.393
1391	6.6	4.8	0.237
1392	7.0	4.8	0.148
1393	6.1	4.8	0.103
1394	6.1	4.8	0.055
1395	6.1	4.8	0.022
1396	6.2	4.8	0.016
1397	6.2	4.8	0.047
1398	6.1	4.8	0.118
1399	6.1	4.8	0.320
1400	7.0	4.8	0.342
1401	6.9	4.8	0.344
1402	6.6	4.8	0.360
1403	6.3	4.8	0.344
1404	5.8	4.8	0.333
1405	5.4	4.8	0.309
1406	5.0	4.8	0.271
1407	4.9	4.8	0.247
1408	4.7	4.8	0.231
1409	4.8	4.8	0.240
1410	5.1	4.8	0.297
1411	5.4	4.8	0.332
1412	5.5	4.8	0.411
1413	5.6	4.8	0.422
1414	5.7	4.8	0.393
1415	5.8	4.8	0.237
1416	5.9	4.7	0.148
1417	3.3	4.7	0.103
1418	3.4	4.7	0.055
1419	3.4	4.7	0.022
1420	3.5	4.7	0.016
1421	3.5	4.7	0.047
1422	3.6	4.7	0.118
1423	3.6	4.7	0.320
1424	4.3	4.7	0.342
1425	4.1	4.7	0.344
1426	3.9	4.7	0.360
1427	3.6	4.7	0.344
1428	3.2	4.7	0.333
1429	2.9	4.7	0.309
1430	2.8	4.7	0.271
1431	2.7	4.7	0.247
1432	2.9	4.7	0.231
1433	2.9	4.7	0.240
1434	3.0	4.7	0.297
1435	3.2	4.7	0.332
1436	3.2	4.7	0.411
1437	3.3	4.7	0.422
1438	3.4	4.7	0.393
1439	3.6	4.7	0.237
1440	3.7	4.7	0.148
1441	2.8	4.7	0.103
1442	2.9	4.7	0.055
1443	3.2	4.7	0.022
1444	3.2	4.7	0.016
1445	3.3	4.7	0.047
1446	3.3	4.7	0.118
1447	3.3	4.7	0.320
1448	4.2	4.7	0.342
1449	4.1	4.7	0.344
1450	3.8	4.7	0.360
1451	3.6	4.7	0.344
1452	3.4	4.7	0.333
1453	3.1	4.7	0.309
1454	2.9	4.7	0.271
1455	3.0	4.7	0.247
1456	3.0	4.7	0.231
1457	3.0	4.7	0.240
1458	3.5	4.7	0.297
1459	3.7	4.7	0.332
1460	4.0	4.7	0.411
1461	4.0	4.7	0.422
1462	4.2	4.7	0.393
1463	4.4	4.7	0.237
1464	4.5	4.7	0.148
1465	3.9	4.7	0.103
1466	3.9	4.7	0.055
1467	3.9	4.7	0.022
1468	3.8	4.7	0.016
1469	3.9	4.7	0.047
1470	3.9	4.7	0.118
1471	4.0	4.7	0.320
1472	4.8	4.7	0.342
1473	4.8	4.7	0.344
1474	4.7	4.7	0.360
1475	4.6	4.7	0.344
1476	4.5	4.7	0.333
1477	4.5	4.7	0.309
1478	4.6	4.7	0.271
1479	4.6	4.7	0.247
1480	4.6	4.7	0.231
1481	4.8	4.7	0.240
1482	4.8	4.7	0.297
1483	4.8	4.7	0.332
1484	4.7	4.7	0.411
1485	4.8	4.7	0.422
1486	4.9	4.7	0.393
1487	4.9	4.7	0.237
1488	4.8	4.7	0.148
1489	3.9	4.7	0.103
1490	3.9	4.7	0.055
1491	3.9	4.7	0.022
1492	3.8	4.7	0.016
1493	3.9	4.7	0.047
1494	3.9	4.7	0.118
1495	3.8	4.7	0.320
1496	4.5	4.7	0.342
1497	4.4	4.6	0.344
1498	4.1	4.6	0.360
1499	3.9	4.6	0.344
1500	3.7	4.6	0.333
1501	3.4	4.6	0.309
1502	3.2	4.6	0.271
1503	3.3	4.6	0.247
1504	3.3	4.6	0.231
1505	3.6	4.6	0.240
1506	3.8	4.6	0.297
1507	4.0	4.6	0.332
1508	4.2	4.6	0.411
1509	4.2	4.6	0.422
1510	4.4	4.6	0.393
1511	4.5	4.6	0.237
1512	4.4	4.6	0.148
1513	3.9	4.6	0.103
1514	4.0	4.6	0.055
1515	3.9	4.6	0.022
1516	3.9	4.6	0.016
1517	3.7	4.6	0.047
1518	3.7	4.6	0.118
1519	3.7	4.6	0.320
1520	4.3	4.6	0.342
1521	4.2	4.6	0.344
1522	4.0	4.6	0.360
1523	3.8	4.6	0.344
1524	3.6	4.6	0.333
1525	3.4	4.6	0.309
1526	3.3	4.6	0.271
1527	3.3	4.6	0.247
1528	3.3	4.6	0.231
1529	3.3	4.6	0.240
1530	3.5	4.6	0.297
1531	3.4	4.6	0.332
1532	3.3	4.6	0.411
1533	3.3	4.6	0.422
1534	3.3	4.6	0.393
1535	3.3	4.6	0.237
1536	3.3	4.6	0.148
1537	2.6	4.6	0.103
1538	2.5	4.6	0.055
1539	2.6	4.6	0.022
1540	2.7	4.6	0.016
1541	2.7	4.6	0.047
1542	2.9	4.6	0.118
1543	2.8	4.6	0.320
1544	3.5	4.6	0.342
1545	3.4	4.6	0.344
1546	3.3	4.6	0.360
1547	3.0	4.6	0.344
1548	2.9	4.6	0.333
1549	2.8	4.6	0.309
1550	2.7	4.6	0.271
1551	2.5	4.6	0.247
1552	2.7	4.6	0.231
1553	2.8	4.6	0.240
1554	2.9	4.6	0.297
1555	3.3	4.6	0.332
1556	3.3	4.6	0.411
1557	3.3	4.6	0.422
1558	3.3	4.6	0.393
1559	3.4	4.6	0.237
1560	3.4	4.6	0.148
1561	2.8	4.6	0.103
1562	2.7	4.6	0.055
1563	2.6	4.6	0.022
1564	2.5	4.6	0.016
1565	2.5	4.6	0.047
1566	2.5	4.6	0.118
1567	2.6	4.6	0.320
1568	3.3	4.6	0.342
1569	3.4	4.6	0.344
1570	3.4	4.6	0.360
1571	3.3	4.6	0.344
1572	3.2	4.6	0.333
1573	3.1	4.6	0.309
1574	2.9	4.6	0.271
1575	2.9	4.6	0.247
1576	2.9	4.6	0.231
1577	2.8	4.6	0.240
1578	2.8	4.6	0.297
1579	2.8	4.6	0.332
1580	2.9	4.6	0.411
1581	3.0	4.6	0.422
1582	2.9	4.6	0.393
1583	2.9	4.6	0.237
1584	2.9	4.6	0.148
1585	2.2	4.6	0.103
1586	2.4	4.6	0.055
1587	2.4	4.6	0.022
1588	2.5	4.6	0.016
1589	2.5	4.6	0.047
1590	2.6	4.6	0.118
1591	2.5	4.6	0.320
1592	3.3	4.6	0.342
1593	3.4	4.6	0.344
1594	3.3	4.6	0.360
1595	3.2	4.6	0.344
1596	3.1	4.5	0.333
1597	2.9	4.5	0.309
1598	2.9	4.5	0.271
1599	2.8	4.5	0.247
1600	2.9	4.5	0.231
1601	3.0	4.5	0.240
1602	3.3	4.5	0.297
1603	3.4	4.5	0.332
1604	3.6	4.5	0.411
1605	3.7	4.5	0.422
1606	3.8	4.5	0.393
1607	4.0	4.5	0.237
1608	4.3	4.5	0.148
1609	3.6	4.5	0.103
1610	3.7	4.5	0.055
1611	3.7	4.5	0.022
1612	3.7	4.5	0.016
1613	3.7	4.5	0.047
1614	3.6	4.5	0.118
1615	3.7	4.5	0.320
1616	4.4	4.5	0.342
1617	4.3	4.5	0.344
1618	4.0	4.5	0.360
1619	3.8	4.5	0.344
1620	3.4	4.5	0.333
1621	3.0	4.5	0.309
1622	2.8	4.5	0.271
1623	2.6	4.5	0.247
1624	2.7	4.5	0.231
1625	2.8	4.5	0.240
1626	3.1	4.5	0.297
1627	3.4	4.5	0.332
1628	3.5	4.5	0.411
1629	3.6	4.5	0.422
1630	3.7	4.5	0.393
1631	3.8	4.5	0.237
1632	3.9	4.5	0.148
1633	3.1	4.5	0.103
1634	3.2	4.5	0.055
1635	3.3	4.5	0.022
1636	3.3	4.5	0.016
1637	3.5	4.5	0.047
1638	3.5	4.5	0.118
1639	3.5	4.5	0.320
1640	4.3	4.5	0.342
1641	4.1	4.5	0.344
1642	3.6	4.5	0.360
1643	3.3	4.5	0.344
1644	2.9	4.5	0.333
1645	2.6	4.5	0.309
1646	2.5	4.5	0.271
1647	2.4	4.5	0.247
1648	2.4	4.5	0.231
1649	2.5	4.5	0.240
1650	2.7	4.5	0.297
1651	3.0	4.5	0.332
1652	3.1	4.5	0.411
1653	3.3	4.5	0.422
1654	3.3	4.5	0.393
1655	3.3	4.5	0.237
1656	3.5	4.5	0.148
1657	2.8	4.5	0.103
1658	2.9	4.5	0.055
1659	2.9	4.5	0.022
1660	2.9	4.5	0.016
1661	2.9	4.5	0.047
1662	2.9	4.5	0.118
1663	2.9	4.5	0.320
1664	3.7	4.5	0.342
1665	3.6	4.5	0.344
1666	3.5	4.5	0.360
1667	3.3	4.5	0.344
1668	2.8	4.5	0.333
1669	2.6	4.5	0.309
1670	2.3	4.5	0.271
1671	2.2	4.5	0.247
1672	2.2	4.5	0.231
1673	2.4	4.5	0.240
1674	2.6	4.4	0.297
1675	2.9	4.4	0.332
1676	3.0	4.4	0.411
1677	3.2	4.4	0.422
1678	3.3	4.4	0.393
1679	3.4	4.4	0.237
1680	3.5	4.4	0.148
1681	2.9	4.4	0.103
1682	2.9	4.4	0.055
1683	2.8	4.4	0.022
1684	2.8	4.4	0.016
1685	2.9	4.4	0.047
1686	2.9	4.4	0.118
1687	2.7	4.4	0.320
1688	3.6	4.4	0.342
1689	3.5	4.4	0.344
1690	3.3	4.4	0.360
1691	2.8	4.4	0.344
1692	2.4	4.4	0.333
1693	2.2	4.4	0.309
1694	2.0	4.4	0.271
1695	1.8	4.4	0.247
1696	1.8	4.4	0.231
1697	1.8	4.4	0.240
1698	2.1	4.4	0.297
1699	2.2	4.4	0.332
1700	2.2	4.4	0.411
1701	2.3	4.4	0.422
1702	2.4	4.4	0.393
1703	2.4	4.4	0.237
1704	2.5	4.4	0.148
1705	1.8	4.4	0.103
1706	1.8	4.4	0.055
1707	1.7	4.4	0.022
1708	1.6	4.4	0.016
1709	1.5	4.4	0.047
1710	1.6	4.4	0.118
1711	1.5	4.4	0.320
1712	2.3	4.4	0.342
1713	2.1	4.4	0.344
1714	2.0	4.4	0.360
1715	1.8	4.4	0.344
1716	1.7	4.4	0.333
1717	1.5	4.4	0.309
1718	1.4	4.4	0.271
1719	1.3	4.4	0.247
1720	1.1	4.4	0.231
1721	1.3	4.4	0.240
1722	1.5	4.4	0.297
1723	1.7	4.4	0.332
1724	1.9	4.4	0.411
1725	2.0	4.4	0.422
1726	2.1	4.4	0.393
1727	2.0	4.4	0.237
1728	2.0	4.4	0.148
1729	1.2	4.4	0.103
1730	1.2	4.4	0.055
1731	1.2	4.4	0.022
1732	1.3	4.4	0.016
1733	1.3	4.4	0.047
1734	1.5	4.4	0.118
1735	1.5	4.4	0.320
1736	2.3	4.4	0.342
1737	2.0	4.4	0.344
1738	1.9	4.4	0.360
1739	1.7	4.4	0.344
1740	1.7	4.4	0.333
1741	1.5	4.4	0.309
1742	1.3	4.4	0.271
1743	1.3	4.4	0.247
1744	1.4	4.4	0.231
1745	1.5	4.4	0.240
1746	1.6	4.4	0.297
1747	1.7	4.4	0.332
1748	1.9	4.4	0.411
1749	2.0	4.4	0.422
1750	2.3	4.4	0.393
1751	2.3	4.4	0.237
1752	2.4	4.4	0.148
1753	1.7	4.4	0.103
1754	1.8	4.4	0.055
1755	1.8	4.4	0.022
1756	1.8	4.4	0.016
1757	2.0	4.4	0.047
1758	1.9	4.4	0.118
1759	1.9	4.4	0.320
1760	2.8	4.4	0.342
1761	2.8	4.4	0.344
1762	2.6	4.4	0.360
1763	2.3	4.3	0.344
1764	2.2	4.3	0.333
1765	1.9	4.3	0.309
1766	1.8	4.3	0.271
1767	1.6	4.3	0.247
1768	1.6	4.3	0.231
1769	1.9	4.3	0.240
1770	2.1	4.3	0.297
1771	2.4	4.3	0.332
1772	2.6	4.3	0.411
1773	2.8	4.3	0.422
1774	3.1	4.3	0.393
1775	3.3	4.3	0.237
1776	3.5	4.3	0.148
1777	2.9	4.3	0.103
1778	2.8	4.3	0.055
1779	2.8	4.3	0.022
1780	2.8	4.3	0.016
1781	2.8	4.3	0.047
1782	2.8	4.3	0.118
1783	2.8	4.3	0.320
1784	3.5	4.3	0.342
1785	3.5	4.3	0.344
1786	3.4	4.3	0.360
1787	3.1	4.3	0.344
1788	3.0	4.3	0.333
1789	2.9	4.3	0.309
1790	2.8	4.3	0.271
1791	2.7	4.3	0.247
1792	2.8	4.3	0.231
1793	2.9	4.3	0.240
1794	2.9	4.3	0.297
1795	3.0	4.3	0.332
1796	3.0	4.3	0.411
1797	3.2	4.3	0.422
1798	3.3	4.3	0.393
1799	3.4	4.3	0.237
1800	3.4	4.3	0.148
1801	2.8	4.3	0.103
1802	2.7	4.3	0.055
1803	2.7	4.3	0.022
1804	2.5	4.3	0.016
1805	2.6	4.3	0.047
1806	2.4	4.3	0.118
1807	2.3	4.3	0.320
1808	2.8	4.3	0.342
1809	2.7	4.3	0.344
1810	2.6	4.3	0.360
1811	2.5	4.3	0.344
1812	2.2	4.3	0.333
1813	2.0	4.2	0.309
1814	1.8	4.2	0.271
1815	1.7	4.2	0.247
1816	1.8	4.2	0.231
1817	1.8	4.2	0.240
1818	2.0	4.2	0.297
1819	2.1	4.2	0.332
1820	2.1	4.2	0.411
1821	2.1	4.2	0.422
1822	2.0	4.2	0.393
1823	2.0	4.2	0.237
1824	2.1	4.2	0.148
1825	1.3	4.2	0.103
1826	1.2	4.2	0.055
1827	1.3	4.2	0.022
1828	1.3	4.2	0.016
1829	1.2	4.2	0.047
1830	1.3	4.2	0.118
1831	1.2	4.2	0.320
1832	1.9	4.2	0.342
1833	1.8	4.2	0.344
1834	1.8	4.2	0.360
1835	1.6	4.2	0.344
1836	1.4	4.2	0.333
1837	1.2	4.2	0.309
1838	1.0	4.2	0.271
1839	0.8	4.2	0.247
1840	0.9	4.2	0.231
1841	0.9	4.2	0.240
1842	1.2	4.2	0.297
1843	1.3	4.2	0.332
1844	1.5	4.2	0.411
1845	1.6	4.2	0.422
1846	1.6	4.2	0.393
1847	1.7	4.2	0.237
1848	1.9	4.2	0.148
1849	1.1	4.2	0.103
1850	1.2	4.2	0.055
1851	1.3	4.2	0.022
1852	1.4	4.2	0.016
1853	1.4	4.2	0.047
1854	1.5	4.2	0.118
1855	1.6	4.2	0.320
1856	2.3	4.2	0.342
1857	2.2	4.2	0.344
1858	1.9	4.2	0.360
1859	1.7	4.2	0.344
1860	1.6	4.2	0.333
1861	1.5	4.2	0.309
1862	1.4	4.2	0.271
1863	1.4	4.2	0.247
1864	1.5	4.2	0.231
1865	1.7	4.2	0.240
1866	1.8	4.2	0.297
1867	2.2	4.2	0.332
1868	2.4	4.2	0.411
1869	2.5	4.2	0.422
1870	2.8	4.2	0.393
1871	3.0	4.2	0.237
1872	3.2	4.2	0.148
1873	2.4	4.2	0.103
1874	2.5	4.2	0.055
1875	2.6	4.2	0.022
1876	2.5	4.2	0.016
1877	2.5	4.2	0.047
1878	2.5	4.2	0.118
1879	2.5	4.2	0.320
1880	3.2	4.2	0.342
1881	3.1	4.1	0.344
1882	2.8	4.1	0.360
1883	2.6	4.1	0.344
1884	2.4	4.1	0.333
1885	2.3	4.1	0.309
1886	2.0	4.1	0.271
1887	2.1	4.1	0.247
1888	2.0	4.1	0.231
1889	2.1	4.1	0.240
1890	2.2	4.1	0.297
1891	2.4	4.1	0.332
1892	2.5	4.1	0.411
1893	2.5	4.1	0.422
1894	2.6	4.1	0.393
1895	2.7	4.1	0.237
1896	2.8	4.1	0.148
1897	2.0	4.1	0.103
1898	2.0	4.1	0.055
1899	2.2	4.1	0.022
1900	2.3	4.1	0.016
1901	2.3	4.1	0.047
1902	2.2	4.1	0.118
1903	2.1	4.1	0.320
1904	3.1	4.1	0.342
1905	2.8	4.1	0.344
1906	2.5	4.1	0.360
1907	2.2	4.1	0.344
1908	1.9	4.1	0.333
1909	1.7	4.1	0.309
1910	1.6	4.1	0.271
1911	1.6	4.1	0.247
1912	1.7	4.1	0.231
1913	1.7	4.1	0.240
1914	1.9	4.1	0.297
1915	2.1	4.1	0.332
1916	2.2	4.1	0.411
1917	2.3	4.1	0.422
1918	2.3	4.1	0.393
1919	2.4	4.1	0.237
1920	2.6	4.1	0.148
1921	1.9	4.1	0.103
1922	2.1	4.1	0.055
1923	2.3	4.1	0.022
1924	2.5	4.1	0.016
1925	2.6	4.1	0.047
1926	2.7	4.1	0.118
1927	2.7	4.1	0.320
1928	3.4	4.1	0.342
1929	3.4	4.1	0.344
1930	3.3	4.1	0.360
1931	3.1	4.1	0.344
1932	2.9	4.1	0.333
1933	2.8	4.1	0.309
1934	2.8	4.1	0.271
1935	2.9	4.1	0.247
1936	2.9	4.1	0.231
1937	3.0	4.1	0.240
1938	3.3	4.1	0.297
1939	3.5	4.1	0.332
1940	3.6	4.1	0.411
1941	3.8	4.1	0.422
1942	3.9	4.1	0.393
1943	4.1	4.1	0.237
1944	4.3	4.1	0.148
1945	3.6	4.1	0.103
1946	3.6	4.1	0.055
1947	3.6	4.1	0.022
1948	3.6	4.1	0.016
1949	3.6	4.1	0.047
1950	3.6	4.1	0.118
1951	3.6	4.1	0.320
1952	4.3	4.1	0.342
1953	3.9	4.1	0.344
1954	3.6	4.0	0.360
1955	3.2	4.0	0.344
1956	2.9	4.0	0.333
1957	2.5	4.0	0.309
1958	2.5	4.0	0.271
1959	2.4	4.0	0.247
1960	2.5	4.0	0.231
1961	2.6	4.0	0.240
1962	3.0	4.0	0.297
1963	3.2	4.0	0.332
1964	3.5	4.0	0.411
1965	3.5	4.0	0.422
1966	3.5	4.0	0.393
1967	3.6	4.0	0.237
1968	3.7	4.0	0.148
1969	2.9	4.0	0.103
1970	3.1	4.0	0.055
1971	3.3	4.0	0.022
1972	3.3	4.0	0.016
1973	3.3	4.0	0.047
1974	3.3	4.0	0.118
1975	3.4	4.0	0.320
1976	4.2	4.0	0.342
1977	4.0	4.0	0.344
1978	3.8	4.0	0.360
1979	3.5	4.0	0.344
1980	3.2	4.0	0.333
1981	3.1	4.0	0.309
1982	3.0	4.0	0.271
1983	2.9	4.0	0.247
1984	3.0	4.0	0.231
1985	3.2	4.0	0.240
1986	3.5	4.0	0.297
1987	3.7	4.0	0.332
1988	3.9	4.0	0.411
1989	4.0	4.0	0.422
1990	4.2	4.0	0.393
1991	4.5	4.0	0.237
1992	4.5	4.0	0.148
1993	3.8	4.0	0.103
1994	3.8	4.0	0.055
1995	3.7	4.0	0.022
1996	3.8	4.0	0.016
1997	3.8	4.0	0.047
1998	3.8	4.0	0.118
1999	3.8	4.0	0.320
2000	4.4	4.0	0.342
2001	4.3	4.0	0.344
2002	4.0	4.0	0.360
2003	3.6	4.0	0.344
2004	3.3	4.0	0.333
2005	3.0	4.0	0.309
2006	2.7	4.0	0.271
2007	2.6	4.0	0.247
2008	2.5	4.0	0.231
2009	2.5	4.0	0.240
2010	2.7	4.0	0.297
2011	2.8	4.0	0.332
2012	2.7	4.0	0.411
2013	2.8	4.0	0.422
2014	2.8	4.0	0.393
2015	2.9	4.0	0.237
2016	3.0	4.0	0.148
2017	2.3	4.0	0.103
2018	2.4	3.9	0.055
2019	2.3	3.9	0.022
2020	2.2	3.9	0.016
2021	2.3	3.9	0.047
2022	2.4	3.9	0.118
2023	2.2	3.9	0.320
2024	2.9	3.9	0.342
2025	2.7	3.9	0.344
2026	2.6	3.9	0.360
2027	2.5	3.9	0.344
2028	2.3	3.9	0.333
2029	2.3	3.9	0.309
2030	2.2	3.9	0.271
2031	2.2	3.9	0.247
2032	2.1	3.9	0.231
2033	2.1	3.9	0.240
2034	2.2	3.9	0.297
2035	2.3	3.9	0.332
2036	2.2	3.9	0.411
2037	2.3	3.9	0.422
2038	2.5	3.9	0.393
2039	2.4	3.9	0.237
2040	2.6	3.9	0.148
2041	1.8	3.9	0.103
2042	1.9	3.9	0.055
2043	1.8	3.9	0.022
2044	1.9	3.9	0.016
2045	2.0	3.9	0.047
2046	2.1	3.9	0.118
2047	2.1	3.9	0.320
2048	2.8	3.9	0.342
2049	2.6	3.9	0.344
2050	2.5	3.9	0.360
2051	2.4	3.9	0.344
2052	2.2	3.9	0.333
2053	1.9	3.9	0.309
2054	1.8	3.9	0.271
2055	1.7	3.9	0.247
2056	1.6	3.9	0.231
2057	1.6	3.9	0.240
2058	1.8	3.9	0.297
2059	1.9	3.9	0.332
2060	2.1	3.9	0.411
2061	2.1	3.9	0.422
2062	2.4	3.9	0.393
2063	2.4	3.9	0.237
2064	2.5	3.9	0.148
2065	1.8	3.9	0.103
2066	1.8	3.9	0.055
2067	1.7	3.9	0.022
2068	1.7	3.9	0.016
2069	1.6	3.9	0.047
2070	1.6	3.9	0.118
2071	1.6	3.9	0.320
2072	2.5	3.9	0.342
2073	2.2	3.9	0.344
2074	2.0	3.9	0.360
2075	1.7	3.9	0.344
2076	1.5	3.9	0.333
2077	1.4	3.9	0.309
2078	1.3	3.9	0.271
2079	1.2	3.9	0.247
2080	1.4	3.9	0.231
2081	1.6	3.9	0.240
2082	1.9	3.9	0.297
2083	2.1	3.9	0.332
2084	2.3	3.9	0.411
2085	2.5	3.9	0.422
2086	2.7	3.9	0.393
2087	2.9	3.9	0.237
2088	2.9	3.9	0.148
2089	2.3	3.9	0.103
2090	2.2	3.9	0.055
2091	2.3	3.9	0.022
2092	2.3	3.9	0.016
2093	2.3	3.9	0.047
2094	2.3	3.9	0.118
2095	2.4	3.9	0.320
2096	2.9	3.9	0.342
2097	2.7	3.9	0.344
2098	2.4	3.9	0.360
2099	2.0	3.9	0.344
2100	1.7	3.9	0.333
2101	1.4	3.9	0.309
2102	1.2	3.9	0.271
2103	1.1	3.9	0.247
2104	1.1	3.9	0.231
2105	1.3	3.9	0.240
2106	1.6	3.9	0.297
2107	1.8	3.9	0.332
2108	1.9	3.9	0.411
2109	2.0	3.8	0.422
2110	2.1	3.8	0.393
2111	2.2	3.8	0.237
2112	2.4	3.8	0.148
2113	1.8	3.8	0.103
2114	2.0	3.8	0.055
2115	1.9	3.8	0.022
2116	2.0	3.8	0.016
2117	2.0	3.8	0.047
2118	1.8	3.8	0.118
2119	1.8	3.8	0.320
2120	2.5	3.8	0.342
2121	2.4	3.8	0.344
2122	2.4	3.8	0.360
2123	2.2	3.8	0.344
2124	1.8	3.8	0.333
2125	1.5	3.8	0.309
2126	1.4	3.8	0.271
2127	1.2	3.8	0.247
2128	1.1	3.8	0.231
2129	1.2	3.8	0.240
2130	1.4	3.8	0.297
2131	1.7	3.8	0.332
2132	1.8	3.8	0.411
2133	1.9	3.8	0.422
2134	1.9	3.8	0.393
2135	2.1	3.8	0.237
2136	2.2	3.8	0.148
2137	1.5	3.8	0.103
2138	1.5	3.8	0.055
2139	1.6	3.8	0.022
2140	1.7	3.8	0.016
2141	1.7	3.8	0.047
2142	1.8	3.8	0.118
2143	1.7	3.8	0.320
2144	2.4	3.8	0.342
2145	2.3	3.8	0.344
2146	2.1	3.8	0.360
2147	1.7	3.8	0.344
2148	1.4	3.8	0.333
2149	1.0	3.8	0.309
2150	0.9	3.8	0.271
2151	0.7	3.8	0.247
2152	0.8	3.8	0.231
2153	0.9	3.8	0.240
2154	1.1	3.8	0.297
2155	1.3	3.8	0.332
2156	1.5	3.8	0.411
2157	1.6	3.8	0.422
2158	1.8	3.8	0.393
2159	1.9	3.8	0.237
2160	1.9	3.8	0.148
2161	0.7	3.8	0.103
2162	0.7	3.8	0.055
2163	0.7	3.8	0.022
2164	0.7	3.8	0.016
2165	0.7	3.8	0.047
2166	0.7	3.8	0.118
2167	0.7	3.8	0.320
2168	1.1	3.8	0.342
2169	1.0	3.8	0.344
2170	1.0	3.8	0.360
2171	0.9	3.8	0.344
2172	0.8	3.8	0.333
2173	0.9	3.8	0.309
2174	0.9	3.8	0.271
2175	0.9	3.8	0.247
2176	1.0	3.8	0.231
2177	1.0	3.8	0.240
2178	1.1	3.8	0.297
2179	1.1	3.8	0.332
2180	1.1	3.8	0.411
2181	1.2	3.8	0.422
2182	1.3	3.8	0.393
2183	1.3	3.8	0.237
2184	1.3	3.8	0.148
2185	0.9	3.8	0.103
2186	0.9	3.8	0.055
2187	0.9	3.8	0.022
2188	0.9	3.8	0.016
2189	1.0	3.8	0.047
2190	0.9	3.7	0.118
2191	0.9	3.7	0.320
2192	1.3	3.7	0.342
2193	1.2	3.7	0.344
2194	1.1	3.7	0.360
2195	1.0	3.7	0.344
2196	0.9	3.7	0.333
2197	0.9	3.7	0.309
2198	0.9	3.7	0.271
2199	0.8	3.7	0.247
2200	0.8	3.7	0.231
2201	0.8	3.7	0.240
2202	0.8	3.7	0.297
2203	0.9	3.7	0.332
2204	1.0	3.7	0.411
2205	1.1	3.7	0.422
2206	1.0	3.7	0.393
2207	1.0	3.7	0.237
2208	1.0	3.7	0.148
2209	0.7	3.7	0.103
2210	0.7	3.7	0.055
2211	0.7	3.7	0.022
2212	0.7	3.7	0.016
2213	0.6	3.7	0.047
2214	0.5	3.7	0.118
2215	0.5	3.7	0.320
2216	0.8	3.7	0.342
2217	0.7	3.7	0.344
2218	0.6	3.7	0.360
2219	0.5	3.7	0.344
2220	0.4	3.7	0.333
2221	0.3	3.7	0.309
2222	0.2	3.7	0.271
2223	0.2	3.7	0.247
2224	0.1	3.7	0.231
2225	0.1	3.7	0.240
2226	0.2	3.7	0.297
2227	0.2	3.7	0.332
2228	0.3	3.7	0.411
2229	0.4	3.7	0.422
2230	0.4	3.7	0.393
2231	0.4	3.7	0.237
2232	0.4	3.7	0.148
2233	0.0	3.7	0.103
2234	0.0	3.7	0.055
2235	0.0	3.7	0.022
2236	0.0	3.7	0.016
2237	0.0	3.7	0.047
2238	0.0	3.7	0.118
2239	0.0	3.7	0.320
2240	0.0	3.7	0.342
2241	0.0	3.7	0.344
2242	0.0	3.7	0.360
2243	0.0	3.7	0.344
2244	0.0	3.7	0.333
2245	0.0	3.7	0.309
2246	0.0	3.7	0.271
2247	0.0	3.7	0.247
2248	0.0	3.7	0.231
2249	0.0	3.7	0.240
2250	0.0	3.7	0.297
2251	0.0	3.7	0.332
2252	0.0	3.7	0.411
2253	0.0	3.7	0.422
2254	0.0	3.7	0.393
2255	0.0	3.7	0.237
2256	0.0	3.7	0.148
2257	0.2	3.7	0.103
2258	0.3	3.7	0.055
2259	0.3	3.7	0.022
2260	0.4	3.7	0.016
2261	0.4	3.7	0.047
2262	0.3	3.7	0.118
2263	0.3	3.7	0.320
2264	0.6	3.7	0.342
2265	0.6	3.6	0.344
2266	0.5	3.6	0.360
2267	0.4	3.6	0.344
2268	0.2	3.6	0.333
2269	0.1	3.6	0.309
2270	0.1	3.6	0.271
2271	0.0	3.6	0.247
2272	0.0	3.6	0.231
2273	0.0	3.6	0.240
2274	0.1	3.6	0.297
2275	0.2	3.6	0.332
2276	0.3	3.6	0.411
2277	0.4	3.6	0.422
2278	0.4	3.6	0.393
2279	0.5	3.6	0.237
2280	0.6	3.6	0.148
2281	0.3	3.6	0.103
2282	0.3	3.6	0.055
2283	0.3	3.6	0.022
2284	0.3	3.6	0.016
2285	0.4	3.6	0.047
2286	0.5	3.6	0.118
2287	0.4	3.6	0.320
2288	0.7	3.6	0.342
2289	0.7	3.6	0.344
2290	0.5	3.6	0.360
2291	0.3	3.6	0.344
2292	0.2	3.6	0.333
2293	0.0	3.6	0.309
2294	0.0	3.6	0.271
2295	0.0	3.6	0.247
2296	0.0	3.6	0.231
2297	0.0	3.6	0.240
2298	0.1	3.6	0.297
2299	0.3	3.6	0.332
2300	0.4	3.6	0.411
2301	0.4	3.6	0.422
2302	0.6	3.6	0.393
2303	0.7	3.6	0.237
2304	0.7	3.6	0.148
2305	0.4	3.6	0.103
2306	0.5	3.6	0.055
2307	0.5	3.6	0.022
2308	0.6	3.6	0.016
2309	0.7	3.6	0.047
2310	0.7	3.6	0.118
2311	0.7	3.6	0.320
2312	1.1	3.6	0.342
2313	1.0	3.6	0.344
2314	0.9	3.6	0.360
2315	0.8	3.6	0.344
2316	0.8	3.6	0.333
2317	0.7	3.6	0.309
2318	0.7	3.6	0.271
2319	0.6	3.6	0.247
2320	0.6	3.6	0.231
2321	0.7	3.6	0.240
2322	0.7	3.6	0.297
2323	0.9	3.6	0.332
2324	1.0	3.6	0.411
2325	1.1	3.6	0.422
2326	1.1	3.6	0.393
2327	1.2	3.6	0.237
2328	1.2	3.6	0.148
2329	0.9	3.6	0.103
2330	0.9	3.6	0.055
2331	1.0	3.6	0.022
2332	1.0	3.6	0.016
2333	1.0	3.6	0.047
2334	1.0	3.6	0.118
2335	0.9	3.6	0.320
2336	1.2	3.6	0.342
2337	1.1	3.6	0.344
2338	0.9	3.6	0.360
2339	0.8	3.6	0.344
2340	0.7	3.5	0.333
2341	0.6	3.5	0.309
2342	0.6	3.5	0.271
2343	0.5	3.5	0.247
2344	0.5	3.5	0.231
2345	0.5	3.5	0.240
2346	0.6	3.5	0.297
2347	0.7	3.5	0.332
2348	0.7	3.5	0.411
2349	0.7	3.5	0.422
2350	0.7	3.5	0.393
2351	0.7	3.5	0.237
2352	0.7	3.5	0.148
2353	0.3	3.5	0.103
2354	0.3	3.5	0.055
2355	0.4	3.5	0.022
2356	0.4	3.5	0.016
2357	0.5	3.5	0.047
2358	0.5	3.5	0.118
2359	0.5	3.5	0.320
2360	0.8	3.5	0.342
2361	0.7	3.5	0.344
2362	0.5	3.5	0.360
2363	0.4	3.5	0.344
2364	0.2	3.5	0.333
2365	0.2	3.5	0.309
2366	0.1	3.5	0.271
2367	0.1	3.5	0.247
2368	0.0	3.5	0.231
2369	0.1	3.5	0.240
2370	0.2	3.5	0.297
2371	0.3	3.5	0.332
2372	0.5	3.5	0.411
2373	0.7	3.5	0.422
2374	0.7	3.5	0.393
2375	0.8	3.5	0.237
2376	0.9	3.5	0.148
2377	0.5	3.5	0.103
2378	0.7	3.5	0.055
2379	0.6	3.5	0.022
2380	0.7	3.5	0.016
2381	0.6	3.5	0.047
2382	0.6	3.5	0.118
2383	0.5	3.5	0.320
2384	0.8	3.5	0.342
2385	0.7	3.5	0.344
2386	0.5	3.5	0.360
2387	0.4	3.5	0.344
2388	0.3	3.5	0.333
2389	0.2	3.5	0.309
2390	0.2	3.5	0.271
2391	0.1	3.5	0.247
2392	0.1	3.5	0.231
2393	0.0	3.5	0.240
2394	0.1	3.5	0.297
2395	0.2	3.5	0.332
2396	0.4	3.5	0.411
2397	0.4	3.5	0.422
2398	0.6	3.5	0.393
2399	0.6	3.5	0.237
2400	0.7	3.5	0.148
2401	0.4	3.5	0.103
2402	0.4	3.5	0.055
2403	0.4	3.5	0.022
2404	0.4	3.5	0.016
2405	0.5	3.5	0.047
2406	0.5	3.5	0.118
2407	0.5	3.5	0.320
2408	0.9	3.5	0.342
2409	0.8	3.5	0.344
2410	0.7	3.5	0.360
2411	0.6	3.5	0.344
2412	0.5	3.5	0.333
2413	0.4	3.5	0.309
2414	0.3	3.5	0.271
2415	0.3	3.5	0.247
2416	0.3	3.5	0.231
2417	0.3	3.5	0.240
2418	0.4	3.5	0.297
2419	0.5	3.5	0.332
2420	0.6	3.4	0.411
2421	0.7	3.4	0.422
2422	0.8	3.4	0.393
2423	0.9	3.4	0.237
2424	1.0	3.4	0.148
2425	0.6	3.4	0.103
2426	0.7	3.4	0.055
2427	0.7	3.4	0.022
2428	0.7	3.4	0.016
2429	0.7	3.4	0.047
2430	0.7	3.4	0.118
2431	0.6	3.4	0.320
2432	0.9	3.4	0.342
2433	0.7	3.4	0.344
2434	0.6	3.4	0.360
2435	0.4	3.4	0.344
2436	0.3	3.4	0.333
2437	0.2	3.4	0.309
2438	0.1	3.4	0.271
2439	0.0	3.4	0.247
2440	0.0	3.4	0.231
2441	0.0	3.4	0.240
2442	0.1	3.4	0.297
2443	0.1	3.4	0.332
2444	0.2	3.4	0.411
2445	0.3	3.4	0.422
2446	0.3	3.4	0.393
2447	0.4	3.4	0.237
2448	0.5	3.4	0.148
2449	0.2	3.4	0.103
2450	0.2	3.4	0.055
2451	0.1	3.4	0.022
2452	0.2	3.4	0.016
2453	0.2	3.4	0.047
2454	0.2	3.4	0.118
2455	0.3	3.4	0.320
2456	0.6	3.4	0.342
2457	0.5	3.4	0.344
2458	0.4	3.4	0.360
2459	0.3	3.4	0.344
2460	0.1	3.4	0.333
2461	0.1	3.4	0.309
2462	0.1	3.4	0.271
2463	0.1	3.4	0.247
2464	0.1	3.4	0.231
2465	0.2	3.4	0.240
2466	0.2	3.4	0.297
2467	0.4	3.4	0.332
2468	0.5	3.4	0.411
2469	0.6	3.4	0.422
2470	0.6	3.4	0.393
2471	0.7	3.4	0.237
2472	0.8	3.4	0.148
2473	0.5	3.4	0.103
2474	0.6	3.4	0.055
2475	0.6	3.4	0.022
2476	0.6	3.4	0.016
2477	0.6	3.4	0.047
2478	0.6	3.4	0.118
2479	0.7	3.4	0.320
2480	1.0	3.4	0.342
2481	0.9	3.4	0.344
2482	0.8	3.4	0.360
2483	0.6	3.4	0.344
2484	0.5	3.4	0.333
2485	0.4	3.4	0.309
2486	0.3	3.4	0.271
2487	0.3	3.4	0.247
2488	0.3	3.4	0.231
2489	0.3	3.4	0.240
2490	0.5	3.4	0.297
2491	0.7	3.4	0.332
2492	0.7	3.4	0.411
2493	0.9	3.4	0.422
2494	1.0	3.4	0.393
2495	1.1	3.4	0.237
2496	1.2	3.4	0.148
2497	0.9	3.3	0.103
2498	1.0	3.3	0.055
2499	1.1	3.3	0.022
2500	1.2	3.3	0.016
2501	1.3	3.3	0.047
2502	1.3	3.3	0.118
2503	1.3	3.3	0.320
2504	1.6	3.3	0.342
2505	1.5	3.3	0.344
2506	1.3	3.3	0.360
2507	1.2	3.3	0.344
2508	1.1	3.3	0.333
2509	1.0	3.3	0.309
2510	0.9	3.3	0.271
2511	0.9	3.3	0.247
2512	0.8	3.3	0.231
2513	0.9	3.3	0.240
2514	1.0	3.3	0.297
2515	1.1	3.3	0.332
2516	1.3	3.3	0.411
2517	1.4	3.3	0.422
2518	1.5	3.3	0.393
2519	1.6	3.3	0.237
2520	1.6	3.3	0.148
2521	1.3	3.3	0.103
2522	1.4	3.3	0.055
2523	1.4	3.3	0.022
2524	1.5	3.3	0.016
2525	1.6	3.3	0.047
2526	1.6	3.3	0.118
2527	1.6	3.3	0.320
2528	1.9	3.3	0.342
2529	1.8	3.3	0.344
2530	1.6	3.3	0.360
2531	1.4	3.3	0.344
2532	1.3	3.3	0.333
2533	1.2	3.3	0.309
2534	1.2	3.3	0.271
2535	1.2	3.3	0.247
2536	1.2	3.3	0.231
2537	1.2	3.3	0.240
2538	1.3	3.3	0.297
2539	1.4	3.3	0.332
2540	1.6	3.3	0.411
2541	1.7	3.3	0.422
2542	1.8	3.3	0.393
2543	1.9	3.3	0.237
2544	1.9	3.3	0.148
2545	1.5	3.3	0.103
2546	1.6	3.3	0.055
2547	1.6	3.3	0.022
2548	1.7	3.3	0.016
2549	1.7	3.3	0.047
2550	1.7	3.3	0.118
2551	1.7	3.3	0.320
2552	2.0	3.3	0.342
2553	1.9	3.3	0.344
2554	1.7	3.3	0.360
2555	1.5	3.3	0.344
2556	1.4	3.3	0.333
2557	1.2	3.3	0.309
2558	1.1	3.3	0.271
2559	1.0	3.3	0.247
2560	1.0	3.3	0.231
2561	1.1	3.3	0.240
2562	1.2	3.3	0.297
2563	1.4	3.3	0.332
2564	1.5	3.3	0.411
2565	1.6	3.3	0.422
2566	1.7	3.3	0.393
2567	1.8	3.3	0.237
2568	1.9	3.3	0.148
2569	1.6	3.3	0.103
2570	1.6	3.3	0.055
2571	1.6	3.3	0.022
2572	1.6	3.3	0.016
2573	1.5	3.3	0.047
2574	1.5	3.3	0.118
2575	1.5	3.3	0.320
2576	1.8	3.3	0.342
2577	1.7	3.3	0.344
2578	1.6	3.3	0.360
2579	1.3	3.3	0.344
2580	1.1	3.3	0.333
2581	1.0	3.3	0.309
2582	0.9	3.3	0.271
2583	0.8	3.3	0.247
2584	0.7	3.3	0.231
2585	0.7	3.3	0.240
2586	0.8	3.3	0.297
2587	0.9	3.3	0.332
2588	1.0	3.3	0.411
2589	1.1	3.3	0.422
2590	1.1	3.3	0.393
2591	1.1	3.3	0.237
2592	1.1	3.3	0.148
2593	0.8	3.3	0.103
2594	0.7	3.3	0.055
2595	0.8	3.3	0.022
2596	0.7	3.3	0.016
2597	0.8	3.2	0.047
2598	0.9	3.2	0.118
2599	0.8	3.2	0.320
2600	1.2	3.2	0.342
2601	1.1	3.2	0.344
2602	0.9	3.2	0.360
2603	0.8	3.2	0.344
2604	0.7	3.2	0.333
2605	0.5	3.2	0.309
2606	0.5	3.2	0.271
2607	0.5	3.2	0.247
2608	0.5	3.2	0.231
2609	0.5	3.2	0.240
2610	0.6	3.2	0.297
2611	0.7	3.2	0.332
2612	0.9	3.2	0.411
2613	0.9	3.2	0.422
2614	1.0	3.2	0.393
2615	1.1	3.2	0.237
2616	1.2	3.2	0.148
2617	0.9	3.2	0.103
2618	0.9	3.2	0.055
2619	0.9	3.2	0.022
2620	0.9	3.2	0.016
2621	0.9	3.2	0.047
2622	0.9	3.2	0.118
2623	0.9	3.2	0.320
2624	1.2	3.2	0.342
2625	1.2	3.2	0.344
2626	1.1	3.2	0.360
2627	1.0	3.2	0.344
2628	1.0	3.2	0.333
2629	1.0	3.2	0.309
2630	1.0	3.2	0.271
2631	1.0	3.2	0.247
2632	1.0	3.2	0.231
2633	1.0	3.2	0.240
2634	1.1	3.2	0.297
2635	1.2	3.2	0.332
2636	1.2	3.2	0.411
2637	1.3	3.2	0.422
2638	1.4	3.2	0.393
2639	1.4	3.2	0.237
2640	1.5	3.2	0.148
2641	1.1	3.2	0.103
2642	1.2	3.2	0.055
2643	1.3	3.2	0.022
2644	1.2	3.2	0.016
2645	1.2	3.2	0.047
2646	1.3	3.2	0.118
2647	1.2	3.2	0.320
2648	1.6	3.2	0.342
2649	1.5	3.2	0.344
2650	1.4	3.2	0.360
2651	1.2	3.2	0.344
2652	1.2	3.2	0.333
2653	1.1	3.2	0.309
2654	1.1	3.2	0.271
2655	1.2	3.2	0.247
2656	1.1	3.1	0.231
2657	1.2	3.1	0.240
2658	1.2	3.1	0.297
2659	1.3	3.1	0.332
2660	1.3	3.1	0.411
2661	1.3	3.1	0.422
2662	1.4	3.1	0.393
2663	1.6	3.1	0.237
2664	1.6	3.1	0.148
2665	1.3	3.1	0.103
2666	1.3	3.1	0.055
2667	1.3	3.1	0.022
2668	1.3	3.1	0.016
2669	1.3	3.1	0.047
2670	1.3	3.1	0.118
2671	1.4	3.1	0.320
2672	1.7	3.1	0.342
2673	1.7	3.1	0.344
2674	1.6	3.1	0.360
2675	1.5	3.1	0.344
2676	1.5	3.1	0.333
2677	1.5	3.1	0.309
2678	1.5	3.1	0.271
2679	1.5	3.1	0.247
2680	1.5	3.1	0.231
2681	1.4	3.1	0.240
2682	1.5	3.1	0.297
2683	1.6	3.1	0.332
2684	1.7	3.1	0.411
2685	1.8	3.1	0.422
2686	1.8	3.1	0.393
2687	1.8	3.1	0.237
2688	1.9	3.1	0.148
2689	1.6	3.1	0.103
2690	1.7	3.1	0.055
2691	1.7	3.1	0.022
2692	1.7	3.1	0.016
2693	1.7	3.1	0.047
2694	1.7	3.1	0.118
2695	1.6	3.1	0.320
2696	2.0	3.1	0.342
2697	1.8	3.1	0.344
2698	1.7	3.1	0.360
2699	1.5	3.1	0.344
2700	1.4	3.1	0.333
2701	1.3	3.1	0.309
2702	1.2	3.1	0.271
2703	1.2	3.1	0.247
2704	1.2	3.1	0.231
2705	1.2	3.1	0.240
2706	1.2	3.1	0.297
2707	1.3	3.1	0.332
2708	1.4	3.1	0.411
2709	1.5	3.1	0.422
2710	1.6	3.1	0.393
2711	1.6	3.1	0.237
2712	1.7	3.1	0.148
2713	1.3	3.1	0.103
2714	1.3	3.0	0.055
2715	1.3	3.0	0.022
2716	1.3	3.0	0.016
2717	1.3	3.0	0.047
2718	1.3	3.0	0.118
2719	1.2	3.0	0.320
2720	1.6	3.0	0.342
2721	1.6	3.0	0.344
2722	1.5	3.0	0.360
2723	1.5	3.0	0.344
2724	1.3	3.0	0.333
2725	1.2	3.0	0.309
2726	1.2	3.0	0.271
2727	1.2	3.0	0.247
2728	1.2	3.0	0.231
2729	1.3	3.0	0.240
2730	1.4	3.0	0.297
2731	1.5	3.0	0.332
2732	1.6	3.0	0.411
2733	1.6	3.0	0.422
2734	1.7	3.0	0.393
2735	1.8	3.0	0.237
2736	1.9	3.0	0.148
2737	1.5	3.0	0.103
2738	1.5	3.0	0.055
2739	1.5	3.0	0.022
2740	1.5	3.0	0.016
2741	1.4	3.0	0.047
2742	1.5	3.0	0.118
2743	1.4	3.0	0.320
2744	1.8	3.0	0.342
2745	1.7	3.0	0.344
2746	1.6	3.0	0.360
2747	1.4	3.0	0.344
2748	1.3	3.0	0.333
2749	1.2	3.0	0.309
2750	1.2	3.0	0.271
2751	1.1	3.0	0.247
2752	1.1	3.0	0.231
2753	1.0	3.0	0.240
2754	1.1	3.0	0.297
2755	1.2	3.0	0.332
2756	1.3	3.0	0.411
2757	1.4	3.0	0.422
2758	1.4	3.0	0.393
2759	1.4	3.0	0.237
2760	1.5	3.0	0.148
2761	1.1	3.0	0.103
2762	1.1	3.0	0.055
2763	1.1	3.0	0.022
2764	1.1	3.0	0.016
2765	1.1	3.0	0.047
2766	1.1	3.0	0.118
2767	1.0	3.0	0.320
2768	1.4	3.0	0.342
2769	1.4	3.0	0.344
2770	1.3	3.0	0.360
2771	1.3	3.0	0.344
2772	1.2	3.0	0.333
2773	1.2	3.0	0.309
2774	1.1	3.0	0.271
2775	1.1	3.0	0.247
2776	1.0	3.0	0.231
2777	1.0	3.0	0.240
2778	0.9	3.0	0.297
2779	0.9	3.0	0.332
2780	1.0	3.0	0.411
2781	0.9	3.0	0.422
2782	0.9	3.0	0.393
2783	0.9	3.0	0.237
2784	0.9	3.0	0.148
2785	0.5	3.0	0.103
2786	0.6	2.9	0.055
2787	0.6	2.9	0.022
2788	0.6	2.9	0.016
2789	0.7	2.9	0.047
2790	0.7	2.9	0.118
2791	0.7	2.9	0.320
2792	1.1	2.9	0.342
2793	1.1	2.9	0.344
2794	1.1	2.9	0.360
2795	1.1	2.9	0.344
2796	1.1	2.9	0.333
2797	1.1	2.9	0.309
2798	1.0	2.9	0.271
2799	1.0	2.9	0.247
2800	1.1	2.9	0.231
2801	1.1	2.9	0.240
2802	1.1	2.9	0.297
2803	1.2	2.9	0.332
2804	1.3	2.9	0.411
2805	1.3	2.9	0.422
2806	1.4	2.9	0.393
2807	1.4	2.9	0.237
2808	1.4	2.9	0.148
2809	1.1	2.9	0.103
2810	1.1	2.9	0.055
2811	1.1	2.9	0.022
2812	1.1	2.9	0.016
2813	1.1	2.9	0.047
2814	1.1	2.9	0.118
2815	1.1	2.9	0.320
2816	1.5	2.9	0.342
2817	1.3	2.9	0.344
2818	1.1	2.9	0.360
2819	1.0	2.9	0.344
2820	0.9	2.9	0.333
2821	0.8	2.9	0.309
2822	0.7	2.9	0.271
2823	0.6	2.9	0.247
2824	0.6	2.9	0.231
2825	0.7	2.9	0.240
2826	0.8	2.9	0.297
2827	0.9	2.9	0.332
2828	1.1	2.9	0.411
2829	1.2	2.9	0.422
2830	1.3	2.9	0.393
2831	1.4	2.9	0.237
2832	1.4	2.9	0.148
2833	1.1	2.9	0.103
2834	1.1	2.9	0.055
2835	1.1	2.9	0.022
2836	1.1	2.9	0.016
2837	1.1	2.9	0.047
2838	1.1	2.9	0.118
2839	1.1	2.9	0.320
2840	1.4	2.9	0.342
2841	1.3	2.9	0.344
2842	1.2	2.9	0.360
2843	1.0	2.9	0.344
2844	0.8	2.9	0.333
2845	0.8	2.9	0.309
2846	0.8	2.9	0.271
2847	0.7	2.9	0.247
2848	0.7	2.9	0.231
2849	0.7	2.9	0.240
2850	0.7	2.9	0.297
2851	0.8	2.9	0.332
2852	0.8	2.9	0.411
2853	0.9	2.9	0.422
2854	0.9	2.9	0.393
2855	0.9	2.9	0.237
2856	0.9	2.9	0.148
2857	0.6	2.9	0.103
2858	0.6	2.9	0.055
2859	0.6	2.9	0.022
2860	0.7	2.9	0.016
2861	0.7	2.9	0.047
2862	0.8	2.9	0.118
2863	0.8	2.9	0.320
2864	1.2	2.9	0.342
2865	1.2	2.9	0.344
2866	1.0	2.9	0.360
2867	0.9	2.9	0.344
2868	0.8	2.9	0.333
2869	0.8	2.9	0.309
2870	0.7	2.9	0.271
2871	0.7	2.9	0.247
2872	0.6	2.9	0.231
2873	0.6	2.9	0.240
2874	0.6	2.9	0.297
2875	0.7	2.9	0.332
2876	0.8	2.9	0.411
2877	0.8	2.9	0.422
2878	0.8	2.8	0.393
2879	0.8	2.8	0.237
2880	0.9	2.8	0.148
2881	0.0	2.8	0.103
2882	0.0	2.8	0.055
2883	0.0	2.8	0.022
2884	0.0	2.8	0.016
2885	0.0	2.8	0.047
2886	0.0	2.8	0.118
2887	0.0	2.8	0.320
2888	0.0	2.8	0.342
2889	0.0	2.8	0.344
2890	0.0	2.8	0.360
2891	0.0	2.8	0.344
2892	0.0	2.8	0.333
2893	0.0	2.8	0.309
2894	0.0	2.8	0.271
2895	0.0	2.8	0.247
2896	0.0	2.8	0.231
2897	0.0	2.8	0.240
2898	0.0	2.8	0.297
2899	0.0	2.8	0.332
2900	0.0	2.8	0.411
2901	0.0	2.8	0.422
2902	0.0	2.8	0.393
2903	0.0	2.8	0.237
2904	0.0	2.8	0.148
2905	0.0	2.8	0.103
2906	0.0	2.8	0.055
2907	0.0	2.8	0.022
2908	0.0	2.8	0.016
2909	0.0	2.8	0.047
2910	0.0	2.8	0.118
2911	0.0	2.8	0.320
2912	0.0	2.8	0.342
2913	0.0	2.8	0.344
2914	0.0	2.8	0.360
2915	0.0	2.8	0.344
2916	0.0	2.8	0.333
2917	0.0	2.8	0.309
2918	0.0	2.8	0.271
2919	0.0	2.8	0.247
2920	0.0	2.8	0.231
2921	0.0	2.8	0.240
2922	0.0	2.8	0.297
2923	0.0	2.8	0.332
2924	0.0	2.8	0.411
2925	0.0	2.8	0.422
2926	0.0	2.8	0.393
2927	0.0	2.8	0.237
2928	0.0	2.8	0.148
2929	0.0	2.8	0.103
2930	0.0	2.8	0.055
2931	0.0	2.8	0.022
2932	0.0	2.8	0.016
2933	0.0	2.8	0.047
2934	0.0	2.8	0.118
2935	0.0	2.8	0.320
2936	0.0	2.8	0.342
2937	0.0	2.8	0.344
2938	0.0	2.8	0.360
2939	0.0	2.8	0.344
2940	0.0	2.8	0.333
2941	0.0	2.8	0.309
2942	0.0	2.8	0.271
2943	0.0	2.8	0.247
2944	0.0	2.8	0.231
2945	0.0	2.8	0.240
2946	0.0	2.8	0.297
2947	0.0	2.8	0.332
2948	0.0	2.8	0.411
2949	0.0	2.8	0.422
2950	0.0	2.8	0.393
2951	0.0	2.8	0.237
2952	0.0	2.8	0.148
2953	0.0	2.8	0.103
2954	0.0	2.8	0.055
2955	0.0	2.8	0.022
2956	0.0	2.8	0.016
2957	0.0	2.8	0.047
2958	0.0	2.8	0.118
2959	0.0	2.8	0.320
2960	0.0	2.8	0.342
2961	0.0	2.8	0.344
2962	0.0	2.8	0.360
2963	0.0	2.8	0.344
2964	0.0	2.8	0.333
2965	0.0	2.8	0.309
2966	0.0	2.8	0.271
2967	0.0	2.8	0.247
2968	0.0	2.7	0.231
2969	0.0	2.7	0.240
2970	0.0	2.7	0.297
2971	0.0	2.7	0.332
2972	0.0	2.7	0.411
2973	0.0	2.7	0.422
2974	0.0	2.7	0.393
2975	0.0	2.7	0.237
2976	0.0	2.7	0.148
2977	0.0	2.7	0.103
2978	0.0	2.7	0.055
2979	0.0	2.7	0.022
2980	0.0	2.7	0.016
2981	0.0	2.7	0.047
2982	0.0	2.7	0.118
2983	0.0	2.7	0.320
2984	0.0	2.7	0.342
2985	0.0	2.7	0.344
2986	0.0	2.7	0.360
2987	0.0	2.7	0.344
2988	0.0	2.7	0.333
2989	0.0	2.7	0.309
2990	0.0	2.7	0.271
2991	0.0	2.7	0.247
2992	0.0	2.7	0.231
2993	0.0	2.7	0.240
2994	0.0	2.7	0.297
2995	0.0	2.7	0.332
2996	0.0	2.7	0.411
2997	0.0	2.7	0.422
2998	0.0	2.7	0.393
2999	0.0	2.7	0.237
3000	0.0	2.7	0.148
3001	0.0	2.7	0.103
3002	0.0	2.7	0.055
3003	0.0	2.7	0.022
3004	0.0	2.7	0.016
3005	0.0	2.7	0.047
3006	0.0	2.7	0.118
3007	0.0	2.7	0.320
3008	0.0	2.7	0.342
3009	0.0	2.7	0.344
3010	0.0	2.7	0.360
3011	0.0	2.7	0.344
3012	0.0	2.7	0.333
3013	0.0	2.7	0.309
3014	0.0	2.7	0.271
3015	0.0	2.7	0.247
3016	0.0	2.7	0.231
3017	0.0	2.7	0.240
3018	0.0	2.6	0.297
3019	0.0	2.6	0.332
3020	0.0	2.6	0.411
3021	0.0	2.6	0.422
3022	0.0	2.6	0.393
3023	0.0	2.6	0.237
3024	0.0	2.6	0.148
3025	0.0	2.6	0.103
3026	0.0	2.6	0.055
3027	0.0	2.6	0.022
3028	0.0	2.6	0.016
3029	0.0	2.6	0.047
3030	0.0	2.6	0.118
3031	0.0	2.6	0.320
3032	0.0	2.6	0.342
3033	0.0	2.6	0.344
3034	0.0	2.6	0.360
3035	0.0	2.6	0.344
3036	0.0	2.6	0.333
3037	0.0	2.6	0.309
3038	0.0	2.6	0.271
3039	0.0	2.6	0.247
3040	0.0	2.6	0.231
3041	0.0	2.6	0.240
3042	0.0	2.6	0.297
3043	0.0	2.6	0.332
3044	0.0	2.6	0.411
3045	0.0	2.6	0.422
3046	0.0	2.6	0.393
3047	0.0	2.6	0.237
3048	0.0	2.6	0.148
3049	0.0	2.6	0.103
3050	0.0	2.6	0.055
3051	0.0	2.6	0.022
3052	0.0	2.6	0.016
3053	0.0	2.6	0.047
3054	0.0	2.6	0.118
3055	0.0	2.6	0.320
3056	0.0	2.6	0.342
3057	0.0	2.6	0.344
3058	0.0	2.6	0.360
3059	0.0	2.6	0.344
3060	0.0	2.6	0.333
3061	0.0	2.6	0.309
3062	0.0	2.6	0.271
3063	0.0	2.5	0.247
3064	0.0	2.5	0.231
3065	0.0	2.5	0.240
3066	0.0	2.5	0.297
3067	0.0	2.5	0.332
3068	0.0	2.5	0.411
3069	0.0	2.5	0.422
3070	0.0	2.5	0.393
3071	0.0	2.5	0.237
3072	0.0	2.5	0.148
3073	0.0	2.5	0.103
3074	0.0	2.5	0.055
3075	0.0	2.5	0.022
3076	0.0	2.5	0.016
3077	0.0	2.5	0.047
3078	0.0	2.5	0.118
3079	0.0	2.5	0.320
3080	0.0	2.5	0.342
3081	0.0	2.5	0.344
3082	0.0	2.5	0.360
3083	0.0	2.5	0.344
3084	0.0	2.5	0.333
3085	0.0	2.5	0.309
3086	0.0	2.5	0.271
3087	0.0	2.5	0.247
3088	0.0	2.5	0.231
3089	0.0	2.5	0.240
3090	0.0	2.5	0.297
3091	0.0	2.5	0.332
3092	0.0	2.5	0.411
3093	0.0	2.5	0.422
3094	0.0	2.5	0.393
3095	0.0	2.5	0.237
3096	0.0	2.5	0.148
3097	0.0	2.5	0.103
3098	0.0	2.5	0.055
3099	0.0	2.5	0.022
3100	0.0	2.5	0.016
3101	0.0	2.5	0.047
3102	0.0	2.5	0.118
3103	0.0	2.5	0.320
3104	0.0	2.5	0.342
3105	0.0	2.5	0.344
3106	0.0	2.5	0.360
3107	0.0	2.5	0.344
3108	0.0	2.5	0.333
3109	0.0	2.5	0.309
3110	0.0	2.5	0.271
3111	0.0	2.5	0.247
3112	0.0	2.5	0.231
3113	0.0	2.5	0.240
3114	0.0	2.5	0.297
3115	0.0	2.5	0.332
3116	0.0	2.5	0.411
3117	0.0	2.5	0.422
3118	0.0	2.5	0.393
3119	0.0	2.5	0.237
3120	0.0	2.5	0.148
3121	0.0	2.5	0.103
3122	0.0	2.5	0.055
3123	0.0	2.5	0.022
3124	0.0	2.5	0.016
3125	0.0	2.4	0.047
3126	0.0	2.4	0.118
3127	0.0	2.4	0.320
3128	0.0	2.4	0.342
3129	0.0	2.4	0.344
3130	0.0	2.4	0.360
3131	0.0	2.4	0.344
3132	0.0	2.4	0.333
3133	0.0	2.4	0.309
3134	0.0	2.4	0.271
3135	0.0	2.4	0.247
3136	0.0	2.4	0.231
3137	0.0	2.4	0.240
3138	0.0	2.4	0.297
3139	0.0	2.4	0.332
3140	0.0	2.4	0.411
3141	0.0	2.4	0.422
3142	0.0	2.4	0.393
3143	0.0	2.4	0.237
3144	0.0	2.4	0.148
3145	0.0	2.4	0.103
3146	0.0	2.4	0.055
3147	0.0	2.4	0.022
3148	0.0	2.4	0.016
3149	0.0	2.4	0.047
3150	0.0	2.4	0.118
3151	0.0	2.4	0.320
3152	0.0	2.4	0.342
3153	0.0	2.4	0.344
3154	0.0	2.4	0.360
3155	0.0	2.4	0.344
3156	0.0	2.4	0.333
3157	0.0	2.4	0.309
3158	0.0	2.4	0.271
3159	0.0	2.4	0.247
3160	0.0	2.4	0.231
3161	0.0	2.4	0.240
3162	0.0	2.4	0.297
3163	0.0	2.4	0.332
3164	0.0	2.4	0.411
3165	0.0	2.4	0.422
3166	0.0	2.4	0.393
3167	0.0	2.4	0.237
3168	0.0	2.4	0.148
3169	0.0	2.4	0.103
3170	0.0	2.4	0.055
3171	0.0	2.4	0.022
3172	0.0	2.4	0.016
3173	0.0	2.4	0.047
3174	0.0	2.4	0.118
3175	0.0	2.4	0.320
3176	0.0	2.3	0.342
3177	0.0	2.3	0.344
3178	0.0	2.3	0.360
3179	0.0	2.3	0.344
3180	0.0	2.3	0.333
3181	0.0	2.3	0.309
3182	0.0	2.3	0.271
3183	0.0	2.3	0.247
3184	0.0	2.3	0.231
3185	0.0	2.3	0.240
3186	0.0	2.3	0.297
3187	0.0	2.3	0.332
3188	0.0	2.3	0.411
3189	0.0	2.3	0.422
3190	0.0	2.3	0.393
3191	0.0	2.3	0.237
3192	0.0	2.3	0.148
3193	0.0	2.3	0.103
3194	0.0	2.3	0.055
3195	0.0	2.3	0.022
3196	0.0	2.3	0.016
3197	0.0	2.3	0.047
3198	0.0	2.3	0.118
3199	0.0	2.3	0.320
3200	0.0	2.3	0.342
3201	0.0	2.3	0.344
3202	0.0	2.3	0.360
3203	0.0	2.3	0.344
3204	0.0	2.3	0.333
3205	0.0	2.3	0.309
3206	0.0	2.3	0.271
3207	0.0	2.3	0.247
3208	0.0	2.3	0.231
3209	0.0	2.3	0.240
3210	0.0	2.3	0.297
3211	0.0	2.3	0.332
3212	0.0	2.3	0.411
3213	0.0	2.3	0.422
3214	0.0	2.3	0.393
3215	0.0	2.3	0.237
3216	0.0	2.3	0.148
3217	0.0	2.3	0.103
3218	0.0	2.3	0.055
3219	0.0	2.3	0.022
3220	0.0	2.3	0.016
3221	0.0	2.3	0.047
3222	0.0	2.3	0.118
3223	0.0	2.3	0.320
3224	0.0	2.3	0.342
3225	0.0	2.3	0.344
3226	0.0	2.3	0.360
3227	0.0	2.3	0.344
3228	0.0	2.3	0.333
3229	0.0	2.3	0.309
3230	0.0	2.3	0.271
3231	0.0	2.3	0.247
3232	0.0	2.2	0.231
3233	0.0	2.2	0.240
3234	0.0	2.2	0.297
3235	0.0	2.2	0.332
3236	0.0	2.2	0.411
3237	0.0	2.2	0.422
3238	0.0	2.2	0.393
3239	0.0	2.2	0.237
3240	0.0	2.2	0.148
3241	0.0	2.2	0.103
3242	0.0	2.2	0.055
3243	0.0	2.2	0.022
3244	0.0	2.2	0.016
3245	0.0	2.2	0.047
3246	0.0	2.2	0.118
3247	0.0	2.2	0.320
3248	0.0	2.2	0.342
3249	0.0	2.2	0.344
3250	0.0	2.2	0.360
3251	0.0	2.2	0.344
3252	0.0	2.2	0.333
3253	0.0	2.2	0.309
3254	0.0	2.2	0.271
3255	0.0	2.2	0.247
3256	0.0	2.2	0.231
3257	0.0	2.2	0.240
3258	0.0	2.2	0.297
3259	0.0	2.2	0.332
3260	0.0	2.2	0.411
3261	0.0	2.2	0.422
3262	0.0	2.2	0.393
3263	0.0	2.2	0.237
3264	0.0	2.2	0.148
3265	0.0	2.2	0.103
3266	0.0	2.2	0.055
3267	0.0	2.2	0.022
3268	0.0	2.2	0.016
3269	0.0	2.2	0.047
3270	0.0	2.2	0.118
3271	0.0	2.2	0.320
3272	0.0	2.2	0.342
3273	0.0	2.2	0.344
3274	0.0	2.2	0.360
3275	0.0	2.2	0.344
3276	0.0	2.2	0.333
3277	0.0	2.2	0.309
3278	0.0	2.2	0.271
3279	0.0	2.2	0.247
3280	0.0	2.2	0.231
3281	0.0	2.2	0.240
3282	0.0	2.2	0.297
3283	0.0	2.2	0.332
3284	0.0	2.2	0.411
3285	0.0	2.2	0.422
3286	0.0	2.2	0.393
3287	0.0	2.2	0.237
3288	0.0	2.2	0.148
3289	0.0	2.2	0.103
3290	0.0	2.2	0.055
3291	0.0	2.2	0.022
3292	0.0	2.2	0.016
3293	0.0	2.2	0.047
3294	0.0	2.2	0.118
3295	0.0	2.2	0.320
3296	0.0	2.2	0.342
3297	0.0	2.2	0.344
3298	0.0	2.1	0.360
3299	0.0	2.1	0.344
3300	0.0	2.1	0.333
3301	0.0	2.1	0.309
3302	0.0	2.1	0.271
3303	0.0	2.1	0.247
3304	0.0	2.1	0.231
3305	0.0	2.1	0.240
3306	0.0	2.1	0.297
3307	0.0	2.1	0.332
3308	0.0	2.1	0.411
3309	0.0	2.1	0.422
3310	0.0	2.1	0.393
3311	0.0	2.1	0.237
3312	0.0	2.1	0.148
3313	0.0	2.1	0.103
3314	0.0	2.1	0.055
3315	0.0	2.1	0.022
3316	0.0	2.1	0.016
3317	0.0	2.1	0.047
3318	0.0	2.1	0.118
3319	0.0	2.1	0.320
3320	0.0	2.1	0.342
3321	0.0	2.1	0.344
3322	0.0	2.1	0.360
3323	0.0	2.1	0.344
3324	0.0	2.1	0.333
3325	0.0	2.1	0.309
3326	0.0	2.1	0.271
3327	0.0	2.1	0.247
3328	0.0	2.1	0.231
3329	0.0	2.1	0.240
3330	0.0	2.1	0.297
3331	0.0	2.1	0.332
3332	0.0	2.1	0.411
3333	0.0	2.1	0.422
3334	0.0	2.1	0.393
3335	0.0	2.1	0.237
3336	0.0	2.1	0.148
3337	0.0	2.1	0.103
3338	0.0	2.1	0.055
3339	0.0	2.1	0.022
3340	0.0	2.1	0.016
3341	0.0	2.1	0.047
3342	0.0	2.1	0.118
3343	0.0	2.1	0.320
3344	0.0	2.1	0.342
3345	0.0	2.1	0.344
3346	0.0	2.1	0.360
3347	0.0	2.1	0.344
3348	0.0	2.1	0.333
3349	0.0	2.1	0.309
3350	0.0	2.1	0.271
3351	0.0	2.1	0.247
3352	0.0	2.1	0.231
3353	0.0	2.1	0.240
3354	0.0	2.1	0.297
3355	0.0	2.1	0.332
3356	0.0	2.1	0.411
3357	0.0	2.1	0.422
3358	0.0	2.1	0.393
3359	0.0	2.1	0.237
3360	0.0	2.1	0.148
3361	0.0	2.1	0.103
3362	0.0	2.1	0.055
3363	0.0	2.1	0.022
3364	0.0	2.1	0.016
3365	0.0	2.1	0.047
3366	0.0	2.1	0.118
3367	0.0	2.1	0.320
3368	0.0	2.1	0.342
3369	0.0	2.1	0.344
3370	0.0	2.1	0.360
3371	0.0	2.0	0.344
3372	0.0	2.0	0.333
3373	0.0	2.0	0.309
3374	0.0	2.0	0.271
3375	0.0	2.0	0.247
3376	0.0	2.0	0.231
3377	0.0	2.0	0.240
3378	0.0	2.0	0.297
3379	0.0	2.0	0.332
3380	0.0	2.0	0.411
3381	0.0	2.0	0.422
3382	0.0	2.0	0.393
3383	0.0	2.0	0.237
3384	0.0	2.0	0.148
3385	0.0	2.0	0.103
3386	0.0	2.0	0.055
3387	0.0	2.0	0.022
3388	0.0	2.0	0.016
3389	0.0	2.0	0.047
3390	0.0	2.0	0.118
3391	0.0	2.0	0.320
3392	0.0	2.0	0.342
3393	0.0	2.0	0.344
3394	0.0	2.0	0.360
3395	0.0	2.0	0.344
3396	0.0	2.0	0.333
3397	0.0	2.0	0.309
3398	0.0	2.0	0.271
3399	0.0	2.0	0.247
3400	0.0	2.0	0.231
3401	0.0	2.0	0.240
3402	0.0	2.0	0.297
3403	0.0	2.0	0.332
3404	0.0	2.0	0.411
3405	0.0	2.0	0.422
3406	0.0	2.0	0.393
3407	0.0	2.0	0.237
3408	0.0	2.0	0.148
3409	0.0	2.0	0.103
3410	0.0	2.0	0.055
3411	0.0	2.0	0.022
3412	0.0	2.0	0.016
3413	0.0	2.0	0.047
3414	0.0	2.0	0.118
3415	0.0	2.0	0.320
3416	0.0	2.0	0.342
3417	0.0	2.0	0.344
3418	0.0	2.0	0.360
3419	0.0	2.0	0.344
3420	0.0	2.0	0.333
3421	0.0	2.0	0.309
3422	0.0	2.0	0.271
3423	0.0	2.0	0.247
3424	0.0	2.0	0.231
3425	0.0	2.0	0.240
3426	0.0	2.0	0.297
3427	0.0	2.0	0.332
3428	0.0	2.0	0.411
3429	0.0	2.0	0.422
3430	0.0	2.0	0.393
3431	0.0	2.0	0.237
3432	0.0	2.0	0.148
3433	0.0	2.0	0.103
3434	0.0	2.0	0.055
3435	0.0	2.0	0.022
3436	0.0	2.0	0.016
3437	0.0	2.0	0.047
3438	0.0	2.0	0.118
3439	0.0	2.0	0.320
3440	0.0	1.9	0.342
3441	0.0	1.9	0.344
3442	0.0	1.9	0.360
3443	0.0	1.9	0.344
3444	0.0	1.9	0.333
3445	0.0	1.9	0.309
3446	0.0	1.9	0.271
3447	0.0	1.9	0.247
3448	0.0	1.9	0.231
3449	0.0	1.9	0.240
3450	0.0	1.9	0.297
3451	0.0	1.9	0.332
3452	0.0	1.9	0.411
3453	0.0	1.9	0.422
3454	0.0	1.9	0.393
3455	0.0	1.9	0.237
3456	0.0	1.9	0.148
3457	0.0	1.9	0.103
3458	0.0	1.9	0.055
3459	0.0	1.9	0.022
3460	0.0	1.9	0.016
3461	0.0	1.9	0.047
3462	0.0	1.9	0.118
3463	0.0	1.9	0.320
3464	0.0	1.9	0.342
3465	0.0	1.9	0.344
3466	0.0	1.9	0.360
3467	0.0	1.9	0.344
3468	0.0	1.9	0.333
3469	0.0	1.9	0.309
3470	0.0	1.9	0.271
3471	0.0	1.9	0.247
3472	0.0	1.9	0.231
3473	0.0	1.9	0.240
3474	0.0	1.9	0.297
3475	0.0	1.9	0.332
3476	0.0	1.9	0.411
3477	0.0	1.9	0.422
3478	0.0	1.9	0.393
3479	0.0	1.9	0.237
3480	0.0	1.9	0.148
3481	0.0	1.9	0.103
3482	0.0	1.9	0.055
3483	0.0	1.9	0.022
3484	0.0	1.9	0.016
3485	0.0	1.9	0.047
3486	0.0	1.9	0.118
3487	0.0	1.9	0.320
3488	0.0	1.9	0.342
3489	0.0	1.9	0.344
3490	0.0	1.9	0.360
3491	0.0	1.9	0.344
3492	0.0	1.9	0.333
3493	0.0	1.9	0.309
3494	0.0	1.9	0.271
3495	0.0	1.9	0.247
3496	0.0	1.9	0.231
3497	0.0	1.9	0.240
3498	0.0	1.9	0.297
3499	0.0	1.9	0.332
3500	0.0	1.9	0.411
3501	0.0	1.9	0.422
3502	0.0	1.9	0.393
3503	0.0	1.9	0.237
3504	0.0	1.9	0.148
3505	0.0	1.9	0.103
3506	0.0	1.9	0.055
3507	0.0	1.8	0.022
3508	0.0	1.8	0.016
3509	0.0	1.8	0.047
3510	0.0	1.8	0.118
3511	0.0	1.8	0.320
3512	0.0	1.8	0.342
3513	0.0	1.8	0.344
3514	0.0	1.8	0.360
3515	0.0	1.8	0.344
3516	0.0	1.8	0.333
3517	0.0	1.8	0.309
3518	0.0	1.8	0.271
3519	0.0	1.8	0.247
3520	0.0	1.8	0.231
3521	0.0	1.8	0.240
3522	0.0	1.8	0.297
3523	0.0	1.8	0.332
3524	0.0	1.8	0.411
3525	0.0	1.8	0.422
3526	0.0	1.8	0.393
3527	0.0	1.8	0.237
3528	0.0	1.8	0.148
3529	0.0	1.8	0.103
3530	0.0	1.8	0.055
3531	0.0	1.8	0.022
3532	0.0	1.8	0.016
3533	0.0	1.8	0.047
3534	0.0	1.8	0.118
3535	0.0	1.8	0.320
3536	0.0	1.8	0.342
3537	0.0	1.8	0.344
3538	0.0	1.8	0.360
3539	0.0	1.8	0.344
3540	0.0	1.8	0.333
3541	0.0	1.8	0.309
3542	0.0	1.8	0.271
3543	0.0	1.8	0.247
3544	0.0	1.8	0.231
3545	0.0	1.8	0.240
3546	0.0	1.8	0.297
3547	0.0	1.8	0.332
3548	0.0	1.8	0.411
3549	0.0	1.8	0.422
3550	0.0	1.8	0.393
3551	0.0	1.8	0.237
3552	0.0	1.8	0.148
3553	0.0	1.8	0.103
3554	0.0	1.8	0.055
3555	0.0	1.8	0.022
3556	0.0	1.8	0.016
3557	0.0	1.8	0.047
3558	0.0	1.8	0.118
3559	0.0	1.8	0.320
3560	0.0	1.8	0.342
3561	0.0	1.8	0.344
3562	0.0	1.8	0.360
3563	0.0	1.8	0.344
3564	0.0	1.8	0.333
3565	0.0	1.8	0.309
3566	0.0	1.8	0.271
3567	0.0	1.8	0.247
3568	0.0	1.8	0.231
3569	0.0	1.8	0.240
3570	0.0	1.8	0.297
3571	0.0	1.8	0.332
3572	0.0	1.8	0.411
3573	0.0	1.8	0.422
3574	0.0	1.8	0.393
3575	0.0	1.8	0.237
3576	0.0	1.8	0.148
3577	0.0	1.8	0.103
3578	0.0	1.8	0.055
3579	0.0	1.8	0.022
3580	0.0	1.8	0.016
3581	0.0	1.8	0.047
3582	0.0	1.8	0.118
3583	0.0	1.8	0.320
3584	0.0	1.8	0.342
3585	0.0	1.8	0.344
3586	0.0	1.8	0.360
3587	0.0	1.8	0.344
3588	0.0	1.8	0.333
3589	0.0	1.8	0.309
3590	0.0	1.8	0.271
3591	0.0	1.8	0.247
3592	0.0	1.8	0.231
3593	0.0	1.8	0.240
3594	0.0	1.8	0.297
3595	0.0	1.8	0.332
3596	0.0	1.7	0.411
3597	0.0	1.7	0.422
3598	0.0	1.7	0.393
3599	0.0	1.7	0.237
3600	0.0	1.7	0.148
3601	0.0	1.7	0.103
3602	0.0	1.7	0.055
3603	0.0	1.7	0.022
3604	0.0	1.7	0.016
3605	0.0	1.7	0.047
3606	0.0	1.7	0.118
3607	0.0	1.7	0.320
3608	0.0	1.7	0.342
3609	0.0	1.7	0.344
3610	0.0	1.7	0.360
3611	0.0	1.7	0.344
3612	0.0	1.7	0.333
3613	0.0	1.7	0.309
3614	0.0	1.7	0.271
3615	0.0	1.7	0.247
3616	0.0	1.7	0.231
3617	0.0	1.7	0.240
3618	0.0	1.7	0.297
3619	0.0	1.7	0.332
3620	0.0	1.7	0.411
3621	0.0	1.7	0.422
3622	0.0	1.7	0.393
3623	0.0	1.7	0.237
3624	0.0	1.7	0.148
3625	0.0	1.7	0.103
3626	0.0	1.7	0.055
3627	0.0	1.7	0.022
3628	0.0	1.7	0.016
3629	0.0	1.7	0.047
3630	0.0	1.7	0.118
3631	0.0	1.7	0.320
3632	0.0	1.7	0.342
3633	0.0	1.7	0.344
3634	0.0	1.7	0.360
3635	0.0	1.7	0.344
3636	0.0	1.7	0.333
3637	0.0	1.7	0.309
3638	0.0	1.7	0.271
3639	0.0	1.7	0.247
3640	0.0	1.7	0.231
3641	0.0	1.7	0.240
3642	0.0	1.7	0.297
3643	0.0	1.7	0.332
3644	0.0	1.7	0.411
3645	0.0	1.7	0.422
3646	0.0	1.7	0.393
3647	0.0	1.7	0.237
3648	0.0	1.7	0.148
3649	0.0	1.7	0.103
3650	0.0	1.7	0.055
3651	0.0	1.7	0.022
3652	0.0	1.7	0.016
3653	0.0	1.7	0.047
3654	0.0	1.7	0.118
3655	0.0	1.7	0.320
3656	0.0	1.7	0.342
3657	0.0	1.7	0.344
3658	0.0	1.7	0.360
3659	0.0	1.7	0.344
3660	0.0	1.7	0.333
3661	0.0	1.7	0.309
3662	0.0	1.7	0.271
3663	0.0	1.7	0.247
3664	0.0	1.7	0.231
3665	0.0	1.7	0.240
3666	0.0	1.7	0.297
3667	0.0	1.7	0.332
3668	0.0	1.7	0.411
3669	0.0	1.7	0.422
3670	0.0	1.7	0.393
3671	0.0	1.7	0.237
3672	0.0	1.7	0.148
3673	0.0	1.7	0.103
3674	0.0	1.7	0.055
3675	0.0	1.7	0.022
3676	0.0	1.7	0.016
3677	0.0	1.7	0.047
3678	0.0	1.7	0.118
3679	0.0	1.7	0.320
3680	0.0	1.7	0.342
3681	0.0	1.7	0.344
3682	0.0	1.7	0.360
3683	0.0	1.7	0.344
3684	0.0	1.7	0.333
3685	0.0	1.7	0.309
3686	0.0	1.7	0.271
3687	0.0	1.7	0.247
3688	0.0	1.7	0.231
3689	0.0	1.7	0.240
3690	0.0	1.7	0.297
3691	0.0	1.7	0.332
3692	0.0	1.7	0.411
3693	0.0	1.7	0.422
3694	0.0	1.7	0.393
3695	0.0	1.7	0.237
3696	0.0	1.7	0.148
3697	0.0	1.7	0.103
3698	0.0	1.7	0.055
3699	0.0	1.7	0.022
3700	0.0	1.7	0.016
3701	0.0	1.7	0.047
3702	0.0	1.7	0.118
3703	0.0	1.7	0.320
3704	0.0	1.7	0.342
3705	0.0	1.7	0.344
3706	0.0	1.7	0.360
3707	0.0	1.7	0.344
3708	0.0	1.7	0.333
3709	0.0	1.6	0.309
3710	0.0	1.6	0.271
3711	0.0	1.6	0.247
3712	0.0	1.6	0.231
3713	0.0	1.6	0.240
3714	0.0	1.6	0.297
3715	0.0	1.6	0.332
3716	0.0	1.6	0.411
3717	0.0	1.6	0.422
3718	0.0	1.6	0.393
3719	0.0	1.6	0.237
3720	0.0	1.6	0.148
3721	0.0	1.6	0.103
3722	0.0	1.6	0.055
3723	0.0	1.6	0.022
3724	0.0	1.6	0.016
3725	0.0	1.6	0.047
3726	0.0	1.6	0.118
3727	0.0	1.6	0.320
3728	0.0	1.6	0.342
3729	0.0	1.6	0.344
3730	0.0	1.6	0.360
3731	0.0	1.6	0.344
3732	0.0	1.6	0.333
3733	0.0	1.6	0.309
3734	0.0	1.6	0.271
3735	0.0	1.6	0.247
3736	0.0	1.6	0.231
3737	0.0	1.6	0.240
3738	0.0	1.6	0.297
3739	0.0	1.6	0.332
3740	0.0	1.6	0.411
3741	0.0	1.6	0.422
3742	0.0	1.6	0.393
3743	0.0	1.6	0.237
3744	0.0	1.6	0.148
3745	0.0	1.6	0.103
3746	0.0	1.6	0.055
3747	0.0	1.6	0.022
3748	0.0	1.6	0.016
3749	0.0	1.6	0.047
3750	0.0	1.6	0.118
3751	0.0	1.6	0.320
3752	0.0	1.6	0.342
3753	0.0	1.6	0.344
3754	0.0	1.6	0.360
3755	0.0	1.6	0.344
3756	0.0	1.6	0.333
3757	0.0	1.6	0.309
3758	0.0	1.6	0.271
3759	0.0	1.6	0.247
3760	0.0	1.6	0.231
3761	0.0	1.6	0.240
3762	0.0	1.6	0.297
3763	0.0	1.6	0.332
3764	0.0	1.6	0.411
3765	0.0	1.6	0.422
3766	0.0	1.6	0.393
3767	0.0	1.6	0.237
3768	0.0	1.6	0.148
3769	0.0	1.6	0.103
3770	0.0	1.6	0.055
3771	0.0	1.6	0.022
3772	0.0	1.6	0.016
3773	0.0	1.6	0.047
3774	0.0	1.6	0.118
3775	0.0	1.6	0.320
3776	0.0	1.6	0.342
3777	0.0	1.6	0.344
3778	0.0	1.6	0.360
3779	0.0	1.6	0.344
3780	0.0	1.6	0.333
3781	0.0	1.6	0.309
3782	0.0	1.6	0.271
3783	0.0	1.6	0.247
3784	0.0	1.6	0.231
3785	0.0	1.6	0.240
3786	0.0	1.6	0.297
3787	0.0	1.6	0.332
3788	0.0	1.6	0.411
3789	0.0	1.6	0.422
3790	0.0	1.6	0.393
3791	0.0	1.6	0.237
3792	0.0	1.6	0.148
3793	0.0	1.6	0.103
3794	0.0	1.6	0.055
3795	0.0	1.6	0.022
3796	0.0	1.6	0.016
3797	0.0	1.6	0.047
3798	0.0	1.6	0.118
3799	0.0	1.6	0.320
3800	0.0	1.6	0.342
3801	0.0	1.6	0.344
3802	0.0	1.6	0.360
3803	0.0	1.6	0.344
3804	0.0	1.6	0.333
3805	0.0	1.6	0.309
3806	0.0	1.6	0.271
3807	0.0	1.6	0.247
3808	0.0	1.6	0.231
3809	0.0	1.6	0.240
3810	0.0	1.6	0.297
3811	0.0	1.6	0.332
3812	0.0	1.6	0.411
3813	0.0	1.6	0.422
3814	0.0	1.6	0.393
3815	0.0	1.6	0.237
3816	0.0	1.6	0.148
3817	0.0	1.5	0.103
3818	0.0	1.5	0.055
3819	0.0	1.5	0.022
3820	0.0	1.5	0.016
3821	0.0	1.5	0.047
3822	0.0	1.5	0.118
3823	0.0	1.5	0.320
3824	0.0	1.5	0.342
3825	0.0	1.5	0.344
3826	0.0	1.5	0.360
3827	0.0	1.5	0.344
3828	0.0	1.5	0.333
3829	0.0	1.5	0.309
3830	0.0	1.5	0.271
3831	0.0	1.5	0.247
3832	0.0	1.5	0.231
3833	0.0	1.5	0.240
3834	0.0	1.5	0.297
3835	0.0	1.5	0.332
3836	0.0	1.5	0.411
3837	0.0	1.5	0.422
3838	0.0	1.5	0.393
3839	0.0	1.5	0.237
3840	0.0	1.5	0.148
3841	0.0	1.5	0.103
3842	0.0	1.5	0.055
3843	0.0	1.5	0.022
3844	0.0	1.5	0.016
3845	0.0	1.5	0.047
3846	0.0	1.5	0.118
3847	0.0	1.5	0.320
3848	0.0	1.5	0.342
3849	0.0	1.5	0.344
3850	0.0	1.5	0.360
3851	0.0	1.5	0.344
3852	0.0	1.5	0.333
3853	0.0	1.5	0.309
3854	0.0	1.5	0.271
3855	0.0	1.5	0.247
3856	0.0	1.5	0.231
3857	0.0	1.5	0.240
3858	0.0	1.5	0.297
3859	0.0	1.5	0.332
3860	0.0	1.5	0.411
3861	0.0	1.5	0.422
3862	0.0	1.5	0.393
3863	0.0	1.5	0.237
3864	0.0	1.5	0.148
3865	0.0	1.5	0.103
3866	0.0	1.5	0.055
3867	0.0	1.5	0.022
3868	0.0	1.5	0.016
3869	0.0	1.5	0.047
3870	0.0	1.5	0.118
3871	0.0	1.5	0.320
3872	0.0	1.5	0.342
3873	0.0	1.5	0.344
3874	0.0	1.5	0.360
3875	0.0	1.5	0.344
3876	0.0	1.5	0.333
3877	0.0	1.5	0.309
3878	0.0	1.5	0.271
3879	0.0	1.5	0.247
3880	0.0	1.5	0.231
3881	0.0	1.5	0.240
3882	0.0	1.5	0.297
3883	0.0	1.5	0.332
3884	0.0	1.5	0.411
3885	0.0	1.5	0.422
3886	0.0	1.5	0.393
3887	0.0	1.5	0.237
3888	0.0	1.5	0.148
3889	0.0	1.5	0.103
3890	0.0	1.5	0.055
3891	0.0	1.5	0.022
3892	0.0	1.5	0.016
3893	0.0	1.5	0.047
3894	0.0	1.5	0.118
3895	0.0	1.5	0.320
3896	0.0	1.5	0.342
3897	0.0	1.5	0.344
3898	0.0	1.5	0.360
3899	0.0	1.5	0.344
3900	0.0	1.5	0.333
3901	0.0	1.5	0.309
3902	0.0	1.5	0.271
3903	0.0	1.5	0.247
3904	0.0	1.5	0.231
3905	0.0	1.5	0.240
3906	0.0	1.5	0.297
3907	0.0	1.5	0.332
3908	0.0	1.5	0.411
3909	0.0	1.5	0.422
3910	0.0	1.5	0.393
3911	0.0	1.5	0.237
3912	0.0	1.5	0.148
3913	0.0	1.5	0.103
3914	0.0	1.5	0.055
3915	0.0	1.5	0.022
3916	0.0	1.5	0.016
3917	0.0	1.4	0.047
3918	0.0	1.4	0.118
3919	0.0	1.4	0.320
3920	0.0	1.4	0.342
3921	0.0	1.4	0.344
3922	0.0	1.4	0.360
3923	0.0	1.4	0.344
3924	0.0	1.4	0.333
3925	0.0	1.4	0.309
3926	0.0	1.4	0.271
3927	0.0	1.4	0.247
3928	0.0	1.4	0.231
3929	0.0	1.4	0.240
3930	0.0	1.4	0.297
3931	0.0	1.4	0.332
3932	0.0	1.4	0.411
3933	0.0	1.4	0.422
3934	0.0	1.4	0.393
3935	0.0	1.4	0.237
3936	0.0	1.4	0.148
3937	0.0	1.4	0.103
3938	0.0	1.4	0.055
3939	0.0	1.4	0.022
3940	0.0	1.4	0.016
3941	0.0	1.4	0.047
3942	0.0	1.4	0.118
3943	0.0	1.4	0.320
3944	0.0	1.4	0.342
3945	0.0	1.4	0.344
3946	0.0	1.4	0.360
3947	0.0	1.4	0.344
3948	0.0	1.4	0.333
3949	0.0	1.4	0.309
3950	0.0	1.4	0.271
3951	0.0	1.4	0.247
3952	0.0	1.4	0.231
3953	0.0	1.4	0.240
3954	0.0	1.4	0.297
3955	0.0	1.4	0.332
3956	0.0	1.4	0.411
3957	0.0	1.4	0.422
3958	0.0	1.4	0.393
3959	0.0	1.4	0.237
3960	0.0	1.4	0.148
3961	0.0	1.4	0.103
3962	0.0	1.4	0.055
3963	0.0	1.4	0.022
3964	0.0	1.4	0.016
3965	0.0	1.4	0.047
3966	0.0	1.4	0.118
3967	0.0	1.4	0.320
3968	0.0	1.4	0.342
3969	0.0	1.4	0.344
3970	0.0	1.4	0.360
3971	0.0	1.4	0.344
3972	0.0	1.4	0.333
3973	0.0	1.4	0.309
3974	0.0	1.4	0.271
3975	0.0	1.4	0.247
3976	0.0	1.4	0.231
3977	0.0	1.4	0.240
3978	0.0	1.4	0.297
3979	0.0	1.4	0.332
3980	0.0	1.4	0.411
3981	0.0	1.4	0.422
3982	0.0	1.4	0.393
3983	0.0	1.4	0.237
3984	0.0	1.4	0.148
3985	0.0	1.4	0.103
3986	0.0	1.4	0.055
3987	0.0	1.4	0.022
3988	0.0	1.4	0.016
3989	0.0	1.4	0.047
3990	0.0	1.4	0.118
3991	0.0	1.4	0.320
3992	0.0	1.4	0.342
3993	0.0	1.4	0.344
3994	0.0	1.4	0.360
3995	0.0	1.4	0.344
3996	0.0	1.4	0.333
3997	0.0	1.4	0.309
3998	0.0	1.4	0.271
3999	0.0	1.4	0.247
4000	0.0	1.4	0.231
4001	0.0	1.4	0.240
4002	0.0	1.4	0.297
4003	0.0	1.4	0.332
4004	0.0	1.3	0.411
4005	0.0	1.3	0.422
4006	0.0	1.3	0.393
4007	0.0	1.3	0.237
4008	0.0	1.3	0.148
4009	0.0	1.3	0.103
4010	0.0	1.3	0.055
4011	0.0	1.3	0.022
4012	0.0	1.3	0.016
4013	0.0	1.3	0.047
4014	0.0	1.3	0.118
4015	0.0	1.3	0.320
4016	0.0	1.3	0.342
4017	0.0	1.3	0.344
4018	0.0	1.3	0.360
4019	0.0	1.3	0.344
4020	0.0	1.3	0.333
4021	0.0	1.3	0.309
4022	0.0	1.3	0.271
4023	0.0	1.3	0.247
4024	0.0	1.3	0.231
4025	0.0	1.3	0.240
4026	0.0	1.3	0.297
4027	0.0	1.3	0.332
4028	0.0	1.3	0.411
4029	0.0	1.3	0.422
4030	0.0	1.3	0.393
4031	0.0	1.3	0.237
4032	0.0	1.3	0.148
4033	0.0	1.3	0.103
4034	0.0	1.3	0.055
4035	0.0	1.3	0.022
4036	0.0	1.3	0.016
4037	0.0	1.3	0.047
4038	0.0	1.3	0.118
4039	0.0	1.3	0.320
4040	0.0	1.3	0.342
4041	0.0	1.3	0.344
4042	0.0	1.3	0.360
4043	0.0	1.3	0.344
4044	0.0	1.3	0.333
4045	0.0	1.3	0.309
4046	0.0	1.3	0.271
4047	0.0	1.3	0.247
4048	0.0	1.3	0.231
4049	0.0	1.3	0.240
4050	0.0	1.3	0.297
4051	0.0	1.3	0.332
4052	0.0	1.3	0.411
4053	0.0	1.3	0.422
4054	0.0	1.3	0.393
4055	0.0	1.3	0.237
4056	0.0	1.3	0.148
4057	0.0	1.3	0.103
4058	0.0	1.3	0.055
4059	0.0	1.3	0.022
4060	0.0	1.3	0.016
4061	0.0	1.3	0.047
4062	0.0	1.3	0.118
4063	0.0	1.3	0.320
4064	0.0	1.3	0.342
4065	0.0	1.3	0.344
4066	0.0	1.3	0.360
4067	0.0	1.3	0.344
4068	0.0	1.3	0.333
4069	0.0	1.3	0.309
4070	0.0	1.3	0.271
4071	0.0	1.3	0.247
4072	0.0	1.3	0.231
4073	0.0	1.3	0.240
4074	0.0	1.3	0.297
4075	0.0	1.3	0.332
4076	0.0	1.3	0.411
4077	0.0	1.3	0.422
4078	0.0	1.3	0.393
4079	0.0	1.3	0.237
4080	0.0	1.3	0.148
4081	0.0	1.3	0.103
4082	0.0	1.3	0.055
4083	0.0	1.3	0.022
4084	0.0	1.3	0.016
4085	0.0	1.3	0.047
4086	0.0	1.3	0.118
4087	0.0	1.3	0.320
4088	0.0	1.3	0.342
4089	0.0	1.3	0.344
4090	0.0	1.3	0.360
4091	0.0	1.3	0.344
4092	0.0	1.3	0.333
4093	0.0	1.3	0.309
4094	0.0	1.3	0.271
4095	0.0	1.3	0.247
4096	0.0	1.3	0.231
4097	0.0	1.2	0.240
4098	0.0	1.2	0.297
4099	0.0	1.2	0.332
4100	0.0	1.2	0.411
4101	0.0	1.2	0.422
4102	0.0	1.2	0.393
4103	0.0	1.2	0.237
4104	0.0	1.2	0.148
4105	0.0	1.2	0.103
4106	0.0	1.2	0.055
4107	0.0	1.2	0.022
4108	0.0	1.2	0.016
4109	0.0	1.2	0.047
4110	0.0	1.2	0.118
4111	0.0	1.2	0.320
4112	0.0	1.2	0.342
4113	0.0	1.2	0.344
4114	0.0	1.2	0.360
4115	0.0	1.2	0.344
4116	0.0	1.2	0.333
4117	0.0	1.2	0.309
4118	0.0	1.2	0.271
4119	0.0	1.2	0.247
4120	0.0	1.2	0.231
4121	0.0	1.2	0.240
4122	0.0	1.2	0.297
4123	0.0	1.2	0.332
4124	0.0	1.2	0.411
4125	0.0	1.2	0.422
4126	0.0	1.2	0.393
4127	0.0	1.2	0.237
4128	0.0	1.2	0.148
4129	0.0	1.2	0.103
4130	0.0	1.2	0.055
4131	0.0	1.2	0.022
4132	0.0	1.2	0.016
4133	0.0	1.2	0.047
4134	0.0	1.2	0.118
4135	0.0	1.2	0.320
4136	0.0	1.2	0.342
4137	0.0	1.2	0.344
4138	0.0	1.2	0.360
4139	0.0	1.2	0.344
4140	0.0	1.2	0.333
4141	0.0	1.2	0.309
4142	0.0	1.2	0.271
4143	0.0	1.2	0.247
4144	0.0	1.2	0.231
4145	0.0	1.2	0.240
4146	0.0	1.2	0.297
4147	0.0	1.2	0.332
4148	0.0	1.2	0.411
4149	0.0	1.2	0.422
4150	0.0	1.2	0.393
4151	0.0	1.2	0.237
4152	0.0	1.2	0.148
4153	0.0	1.2	0.103
4154	0.0	1.2	0.055
4155	0.0	1.2	0.022
4156	0.0	1.2	0.016
4157	0.0	1.2	0.047
4158	0.0	1.2	0.118
4159	0.0	1.2	0.320
4160	0.0	1.2	0.342
4161	0.0	1.2	0.344
4162	0.0	1.2	0.360
4163	0.0	1.2	0.344
4164	0.0	1.2	0.333
4165	0.0	1.2	0.309
4166	0.0	1.2	0.271
4167	0.0	1.2	0.247
4168	0.0	1.2	0.231
4169	0.0	1.2	0.240
4170	0.0	1.2	0.297
4171	0.0	1.2	0.332
4172	0.0	1.2	0.411
4173	0.0	1.2	0.422
4174	0.0	1.2	0.393
4175	0.0	1.2	0.237
4176	0.0	1.2	0.148
4177	0.0	1.2	0.103
4178	0.0	1.2	0.055
4179	0.0	1.2	0.022
4180	0.0	1.2	0.016
4181	0.0	1.2	0.047
4182	0.0	1.2	0.118
4183	0.0	1.2	0.320
4184	0.0	1.2	0.342
4185	0.0	1.2	0.344
4186	0.0	1.2	0.360
4187	0.0	1.2	0.344
4188	0.0	1.2	0.333
4189	0.0	1.2	0.309
4190	0.0	1.2	0.271
4191	0.0	1.2	0.247
4192	0.0	1.2	0.231
4193	0.0	1.2	0.240
4194	0.0	1.2	0.297
4195	0.0	1.2	0.332
4196	0.0	1.2	0.411
4197	0.0	1.2	0.422
4198	0.0	1.2	0.393
4199	0.0	1.2	0.237
4200	0.0	1.2	0.148
4201	0.0	1.2	0.103
4202	0.0	1.2	0.055
4203	0.0	1.2	0.022
4204	0.0	1.2	0.016
4205	0.0	1.2	0.047
4206	0.0	1.2	0.118
4207	0.0	1.2	0.320
4208	0.0	1.2	0.342
4209	0.0	1.2	0.344
4210	0.0	1.2	0.360
4211	0.0	1.2	0.344
4212	0.0	1.2	0.333
4213	0.0	1.2	0.309
4214	0.0	1.2	0.271
4215	0.0	1.1	0.247
4216	0.0	1.1	0.231
4217	0.0	1.1	0.240
4218	0.0	1.1	0.297
4219	0.0	1.1	0.332
4220	0.0	1.1	0.411
4221	0.0	1.1	0.422
4222	0.0	1.1	0.393
4223	0.0	1.1	0.237
4224	0.0	1.1	0.148
4225	0.0	1.1	0.103
4226	0.0	1.1	0.055
4227	0.0	1.1	0.022
4228	0.0	1.1	0.016
4229	0.0	1.1	0.047
4230	0.0	1.1	0.118
4231	0.0	1.1	0.320
4232	0.0	1.1	0.342
4233	0.0	1.1	0.344
4234	0.0	1.1	0.360
4235	0.0	1.1	0.344
4236	0.0	1.1	0.333
4237	0.0	1.1	0.309
4238	0.0	1.1	0.271
4239	0.0	1.1	0.247
4240	0.0	1.1	0.231
4241	0.0	1.1	0.240
4242	0.0	1.1	0.297
4243	0.0	1.1	0.332
4244	0.0	1.1	0.411
4245	0.0	1.1	0.422
4246	0.0	1.1	0.393
4247	0.0	1.1	0.237
4248	0.0	1.1	0.148
4249	0.0	1.1	0.103
4250	0.0	1.1	0.055
4251	0.0	1.1	0.022
4252	0.0	1.1	0.016
4253	0.0	1.1	0.047
4254	0.0	1.1	0.118
4255	0.0	1.1	0.320
4256	0.0	1.1	0.342
4257	0.0	1.1	0.344
4258	0.0	1.1	0.360
4259	0.0	1.1	0.344
4260	0.0	1.1	0.333
4261	0.0	1.1	0.309
4262	0.0	1.1	0.271
4263	0.0	1.1	0.247
4264	0.0	1.1	0.231
4265	0.0	1.1	0.240
4266	0.0	1.1	0.297
4267	0.0	1.1	0.332
4268	0.0	1.1	0.411
4269	0.0	1.1	0.422
4270	0.0	1.1	0.393
4271	0.0	1.1	0.237
4272	0.0	1.1	0.148
4273	0.0	1.1	0.103
4274	0.0	1.1	0.055
4275	0.0	1.1	0.022
4276	0.0	1.1	0.016
4277	0.0	1.1	0.047
4278	0.0	1.1	0.118
4279	0.0	1.1	0.320
4280	0.0	1.1	0.342
4281	0.0	1.1	0.344
4282	0.0	1.1	0.360
4283	0.0	1.1	0.344
4284	0.0	1.1	0.333
4285	0.0	1.1	0.309
4286	0.0	1.1	0.271
4287	0.0	1.1	0.247
4288	0.0	1.1	0.231
4289	0.0	1.1	0.240
4290	0.0	1.1	0.297
4291	0.0	1.1	0.332
4292	0.0	1.1	0.411
4293	0.0	1.1	0.422
4294	0.0	1.1	0.393
4295	0.0	1.1	0.237
4296	0.0	1.1	0.148
4297	0.0	1.1	0.103
4298	0.0	1.1	0.055
4299	0.0	1.1	0.022
4300	0.0	1.1	0.016
4301	0.0	1.1	0.047
4302	0.0	1.1	0.118
4303	0.0	1.1	0.320
4304	0.0	1.1	0.342
4305	0.0	1.1	0.344
4306	0.0	1.1	0.360
4307	0.0	1.1	0.344
4308	0.0	1.1	0.333
4309	0.0	1.1	0.309
4310	0.0	1.1	0.271
4311	0.0	1.1	0.247
4312	0.0	1.1	0.231
4313	0.0	1.1	0.240
4314	0.0	1.1	0.297
4315	0.0	1.1	0.332
4316	0.0	1.1	0.411
4317	0.0	1.1	0.422
4318	0.0	1.1	0.393
4319	0.0	1.1	0.237
4320	0.0	1.1	0.148
4321	0.0	1.1	0.103
4322	0.0	1.1	0.055
4323	0.0	1.1	0.022
4324	0.0	1.1	0.016
4325	0.0	1.1	0.047
4326	0.0	1.1	0.118
4327	0.0	1.1	0.320
4328	0.0	1.1	0.342
4329	0.0	1.1	0.344
4330	0.0	1.1	0.360
4331	0.0	1.1	0.344
4332	0.0	1.1	0.333
4333	0.0	1.1	0.309
4334	0.0	1.1	0.271
4335	0.0	1.1	0.247
4336	0.0	1.0	0.231
4337	0.0	1.0	0.240
4338	0.0	1.0	0.297
4339	0.0	1.0	0.332
4340	0.0	1.0	0.411
4341	0.0	1.0	0.422
4342	0.0	1.0	0.393
4343	0.0	1.0	0.237
4344	0.0	1.0	0.148
4345	0.0	1.0	0.103
4346	0.0	1.0	0.055
4347	0.0	1.0	0.022
4348	0.0	1.0	0.016
4349	0.0	1.0	0.047
4350	0.0	1.0	0.118
4351	0.0	1.0	0.320
4352	0.0	1.0	0.342
4353	0.0	1.0	0.344
4354	0.0	1.0	0.360
4355	0.0	1.0	0.344
4356	0.0	1.0	0.333
4357	0.0	1.0	0.309
4358	0.0	1.0	0.271
4359	0.0	1.0	0.247
4360	0.0	1.0	0.231
4361	0.0	1.0	0.240
4362	0.0	1.0	0.297
4363	0.0	1.0	0.332
4364	0.0	1.0	0.411
4365	0.0	1.0	0.422
4366	0.0	1.0	0.393
4367	0.0	1.0	0.237
4368	0.0	1.0	0.148
4369	0.0	1.0	0.103
4370	0.0	1.0	0.055
4371	0.0	1.0	0.022
4372	0.0	1.0	0.016
4373	0.0	1.0	0.047
4374	0.0	1.0	0.118
4375	0.0	1.0	0.320
4376	0.0	1.0	0.342
4377	0.0	1.0	0.344
4378	0.0	1.0	0.360
4379	0.0	1.0	0.344
4380	0.0	1.0	0.333
4381	0.0	1.0	0.309
4382	0.0	1.0	0.271
4383	0.0	1.0	0.247
4384	0.0	1.0	0.231
4385	0.0	1.0	0.240
4386	0.0	1.0	0.297
4387	0.0	1.0	0.332
4388	0.0	1.0	0.411
4389	0.0	1.0	0.422
4390	0.0	1.0	0.393
4391	0.0	1.0	0.237
4392	0.0	1.0	0.148
4393	0.0	1.0	0.103
4394	0.0	1.0	0.055
4395	0.0	1.0	0.022
4396	0.0	1.0	0.016
4397	0.0	1.0	0.047
4398	0.0	1.0	0.118
4399	0.0	1.0	0.320
4400	0.0	1.0	0.342
4401	0.0	1.0	0.344
4402	0.0	1.0	0.360
4403	0.0	1.0	0.344
4404	0.0	1.0	0.333
4405	0.0	1.0	0.309
4406	0.0	1.0	0.271
4407	0.0	1.0	0.247
4408	0.0	1.0	0.231
4409	0.0	1.0	0.240
4410	0.0	1.0	0.297
4411	0.0	1.0	0.332
4412	0.0	1.0	0.411
4413	0.0	1.0	0.422
4414	0.0	1.0	0.393
4415	0.0	1.0	0.237
4416	0.0	1.0	0.148
4417	0.0	0.9	0.103
4418	0.0	0.9	0.055
4419	0.0	0.9	0.022
4420	0.0	0.9	0.016
4421	0.0	0.9	0.047
4422	0.0	0.9	0.118
4423	0.0	0.9	0.320
4424	0.0	0.9	0.342
4425	0.0	0.9	0.344
4426	0.0	0.9	0.360
4427	0.0	0.9	0.344
4428	0.0	0.9	0.333
4429	0.0	0.9	0.309
4430	0.0	0.9	0.271
4431	0.0	0.9	0.247
4432	0.0	0.9	0.231
4433	0.0	0.9	0.240
4434	0.0	0.9	0.297
4435	0.0	0.9	0.332
4436	0.0	0.9	0.411
4437	0.0	0.9	0.422
4438	0.0	0.9	0.393
4439	0.0	0.9	0.237
4440	0.0	0.9	0.148
4441	0.0	0.9	0.103
4442	0.0	0.9	0.055
4443	0.0	0.9	0.022
4444	0.0	0.9	0.016
4445	0.0	0.9	0.047
4446	0.0	0.9	0.118
4447	0.0	0.9	0.320
4448	0.0	0.9	0.342
4449	0.0	0.9	0.344
4450	0.0	0.9	0.360
4451	0.0	0.9	0.344
4452	0.0	0.9	0.333
4453	0.0	0.9	0.309
4454	0.0	0.9	0.271
4455	0.0	0.9	0.247
4456	0.0	0.9	0.231
4457	0.0	0.9	0.240
4458	0.0	0.9	0.297
4459	0.0	0.9	0.332
4460	0.0	0.9	0.411
4461	0.0	0.9	0.422
4462	0.0	0.9	0.393
4463	0.0	0.9	0.237
4464	0.0	0.9	0.148
4465	0.0	0.9	0.103
4466	0.0	0.9	0.055
4467	0.0	0.9	0.022
4468	0.0	0.9	0.016
4469	0.0	0.9	0.047
4470	0.0	0.9	0.118
4471	0.0	0.9	0.320
4472	0.0	0.9	0.342
4473	0.0	0.9	0.344
4474	0.0	0.9	0.360
4475	0.0	0.9	0.344
4476	0.0	0.9	0.333
4477	0.0	0.9	0.309
4478	0.0	0.9	0.271
4479	0.0	0.9	0.247
4480	0.0	0.9	0.231
4481	0.0	0.9	0.240
4482	0.0	0.9	0.297
4483	0.0	0.9	0.332
4484	0.0	0.9	0.411
4485	0.0	0.9	0.422
4486	0.0	0.9	0.393
4487	0.0	0.9	0.237
4488	0.0	0.9	0.148
4489	0.0	0.9	0.103
4490	0.0	0.9	0.055
4491	0.0	0.9	0.022
4492	0.0	0.9	0.016
4493	0.0	0.9	0.047
4494	0.0	0.9	0.118
4495	0.0	0.9	0.320
4496	0.0	0.9	0.342
4497	0.0	0.9	0.344
4498	0.0	0.9	0.360
4499	0.0	0.9	0.344
4500	0.0	0.9	0.333
4501	0.0	0.9	0.309
4502	0.0	0.9	0.271
4503	0.0	0.9	0.247
4504	0.0	0.9	0.231
4505	0.0	0.9	0.240
4506	0.0	0.9	0.297
4507	0.0	0.9	0.332
4508	0.0	0.9	0.411
4509	0.0	0.8	0.422
4510	0.0	0.8	0.393
4511	0.0	0.8	0.237
4512	0.0	0.8	0.148
4513	0.0	0.8	0.103
4514	0.0	0.8	0.055
4515	0.0	0.8	0.022
4516	0.0	0.8	0.016
4517	0.0	0.8	0.047
4518	0.0	0.8	0.118
4519	0.0	0.8	0.320
4520	0.0	0.8	0.342
4521	0.0	0.8	0.344
4522	0.0	0.8	0.360
4523	0.0	0.8	0.344
4524	0.0	0.8	0.333
4525	0.0	0.8	0.309
4526	0.0	0.8	0.271
4527	0.0	0.8	0.247
4528	0.0	0.8	0.231
4529	0.0	0.8	0.240
4530	0.0	0.8	0.297
4531	0.0	0.8	0.332
4532	0.0	0.8	0.411
4533	0.0	0.8	0.422
4534	0.0	0.8	0.393
4535	0.0	0.8	0.237
4536	0.0	0.8	0.148
4537	0.0	0.8	0.103
4538	0.0	0.8	0.055
4539	0.0	0.8	0.022
4540	0.0	0.8	0.016
4541	0.0	0.8	0.047
4542	0.0	0.8	0.118
4543	0.0	0.8	0.320
4544	0.0	0.8	0.342
4545	0.0	0.8	0.344
4546	0.0	0.8	0.360
4547	0.0	0.8	0.344
4548	0.0	0.8	0.333
4549	0.0	0.8	0.309
4550	0.0	0.8	0.271
4551	0.0	0.8	0.247
4552	0.0	0.8	0.231
4553	0.0	0.8	0.240
4554	0.0	0.8	0.297
4555	0.0	0.8	0.332
4556	0.0	0.8	0.411
4557	0.0	0.8	0.422
4558	0.0	0.8	0.393
4559	0.0	0.8	0.237
4560	0.0	0.8	0.148
4561	0.0	0.8	0.103
4562	0.0	0.8	0.055
4563	0.0	0.8	0.022
4564	0.0	0.8	0.016
4565	0.0	0.8	0.047
4566	0.0	0.8	0.118
4567	0.0	0.8	0.320
4568	0.0	0.8	0.342
4569	0.0	0.8	0.344
4570	0.0	0.8	0.360
4571	0.0	0.8	0.344
4572	0.0	0.8	0.333
4573	0.0	0.8	0.309
4574	0.0	0.8	0.271
4575	0.0	0.8	0.247
4576	0.0	0.8	0.231
4577	0.0	0.8	0.240
4578	0.0	0.8	0.297
4579	0.0	0.8	0.332
4580	0.0	0.8	0.411
4581	0.0	0.8	0.422
4582	0.0	0.8	0.393
4583	0.0	0.7	0.237
4584	0.0	0.7	0.148
4585	0.0	0.7	0.103
4586	0.0	0.7	0.055
4587	0.0	0.7	0.022
4588	0.0	0.7	0.016
4589	0.0	0.7	0.047
4590	0.0	0.7	0.118
4591	0.0	0.7	0.320
4592	0.0	0.7	0.342
4593	0.0	0.7	0.344
4594	0.0	0.7	0.360
4595	0.0	0.7	0.344
4596	0.0	0.7	0.333
4597	0.0	0.7	0.309
4598	0.0	0.7	0.271
4599	0.0	0.7	0.247
4600	0.0	0.7	0.231
4601	0.0	0.7	0.240
4602	0.0	0.7	0.297
4603	0.0	0.7	0.332
4604	0.0	0.7	0.411
4605	0.0	0.7	0.422
4606	0.0	0.7	0.393
4607	0.0	0.7	0.237
4608	0.0	0.7	0.148
4609	0.0	0.7	0.103
4610	0.0	0.7	0.055
4611	0.0	0.7	0.022
4612	0.0	0.7	0.016
4613	0.0	0.7	0.047
4614	0.0	0.7	0.118
4615	0.0	0.7	0.320
4616	0.0	0.7	0.342
4617	0.0	0.7	0.344
4618	0.0	0.7	0.360
4619	0.0	0.7	0.344
4620	0.0	0.7	0.333
4621	0.0	0.7	0.309
4622	0.0	0.7	0.271
4623	0.0	0.7	0.247
4624	0.0	0.7	0.231
4625	0.0	0.7	0.240
4626	0.0	0.7	0.297
4627	0.0	0.7	0.332
4628	0.0	0.7	0.411
4629	0.0	0.7	0.422
4630	0.0	0.7	0.393
4631	0.0	0.7	0.237
4632	0.0	0.7	0.148
4633	0.0	0.7	0.103
4634	0.0	0.7	0.055
4635	0.0	0.7	0.022
4636	0.0	0.7	0.016
4637	0.0	0.7	0.047
4638	0.0	0.7	0.118
4639	0.0	0.7	0.320
4640	0.0	0.7	0.342
4641	0.0	0.7	0.344
4642	0.0	0.7	0.360
4643	0.0	0.7	0.344
4644	0.0	0.7	0.333
4645	0.0	0.7	0.309
4646	0.0	0.7	0.271
4647	0.0	0.7	0.247
4648	0.0	0.7	0.231
4649	0.0	0.7	0.240
4650	0.0	0.7	0.297
4651	0.0	0.7	0.332
4652	0.0	0.7	0.411
4653	0.0	0.7	0.422
4654	0.0	0.7	0.393
4655	0.0	0.7	0.237
4656	0.0	0.7	0.148
4657	0.0	0.7	0.103
4658	0.0	0.7	0.055
4659	0.0	0.7	0.022
4660	0.0	0.7	0.016
4661	0.0	0.7	0.047
4662	0.0	0.7	0.118
4663	0.0	0.7	0.320
4664	0.0	0.7	0.342
4665	0.0	0.7	0.344
4666	0.0	0.7	0.360
4667	0.0	0.7	0.344
4668	0.0	0.7	0.333
4669	0.0	0.7	0.309
4670	0.0	0.7	0.271
4671	0.0	0.7	0.247
4672	0.0	0.7	0.231
4673	0.0	0.7	0.240
4674	0.0	0.7	0.297
4675	0.0	0.7	0.332
4676	0.0	0.7	0.411
4677	0.0	0.7	0.422
4678	0.0	0.7	0.393
4679	0.0	0.7	0.237
4680	0.0	0.7	0.148
4681	0.0	0.7	0.103
4682	0.0	0.7	0.055
4683	0.0	0.7	0.022
4684	0.0	0.7	0.016
4685	0.0	0.7	0.047
4686	0.0	0.7	0.118
4687	0.0	0.7	0.320
4688	0.0	0.7	0.342
4689	0.0	0.7	0.344
4690	0.0	0.7	0.360
4691	0.0	0.7	0.344
4692	0.0	0.6	0.333
4693	0.0	0.6	0.309
4694	0.0	0.6	0.271
4695	0.0	0.6	0.247
4696	0.0	0.6	0.231
4697	0.0	0.6	0.240
4698	0.0	0.6	0.297
4699	0.0	0.6	0.332
4700	0.0	0.6	0.411
4701	0.0	0.6	0.422
4702	0.0	0.6	0.393
4703	0.0	0.6	0.237
4704	0.0	0.6	0.148
4705	0.0	0.6	0.103
4706	0.0	0.6	0.055
4707	0.0	0.6	0.022
4708	0.0	0.6	0.016
4709	0.0	0.6	0.047
4710	0.0	0.6	0.118
4711	0.0	0.6	0.320
4712	0.0	0.6	0.342
4713	0.0	0.6	0.344
4714	0.0	0.6	0.360
4715	0.0	0.6	0.344
4716	0.0	0.6	0.333
4717	0.0	0.6	0.309
4718	0.0	0.6	0.271
4719	0.0	0.6	0.247
4720	0.0	0.6	0.231
4721	0.0	0.6	0.240
4722	0.0	0.6	0.297
4723	0.0	0.6	0.332
4724	0.0	0.6	0.411
4725	0.0	0.6	0.422
4726	0.0	0.6	0.393
4727	0.0	0.6	0.237
4728	0.0	0.6	0.148
4729	0.0	0.6	0.103
4730	0.0	0.6	0.055
4731	0.0	0.6	0.022
4732	0.0	0.6	0.016
4733	0.0	0.6	0.047
4734	0.0	0.6	0.118
4735	0.0	0.6	0.320
4736	0.0	0.6	0.342
4737	0.0	0.6	0.344
4738	0.0	0.6	0.360
4739	0.0	0.6	0.344
4740	0.0	0.6	0.333
4741	0.0	0.6	0.309
4742	0.0	0.6	0.271
4743	0.0	0.6	0.247
4744	0.0	0.6	0.231
4745	0.0	0.6	0.240
4746	0.0	0.6	0.297
4747	0.0	0.6	0.332
4748	0.0	0.6	0.411
4749	0.0	0.6	0.422
4750	0.0	0.6	0.393
4751	0.0	0.6	0.237
4752	0.0	0.6	0.148
4753	0.0	0.6	0.103
4754	0.0	0.6	0.055
4755	0.0	0.6	0.022
4756	0.0	0.6	0.016
4757	0.0	0.6	0.047
4758	0.0	0.6	0.118
4759	0.0	0.6	0.320
4760	0.0	0.6	0.342
4761	0.0	0.6	0.344
4762	0.0	0.6	0.360
4763	0.0	0.6	0.344
4764	0.0	0.6	0.333
4765	0.0	0.6	0.309
4766	0.0	0.6	0.271
4767	0.0	0.6	0.247
4768	0.0	0.6	0.231
4769	0.0	0.5	0.240
4770	0.0	0.5	0.297
4771	0.0	0.5	0.332
4772	0.0	0.5	0.411
4773	0.0	0.5	0.422
4774	0.0	0.5	0.393
4775	0.0	0.5	0.237
4776	0.0	0.5	0.148
4777	0.0	0.5	0.103
4778	0.0	0.5	0.055
4779	0.0	0.5	0.022
4780	0.0	0.5	0.016
4781	0.0	0.5	0.047
4782	0.0	0.5	0.118
4783	0.0	0.5	0.320
4784	0.0	0.5	0.342
4785	0.0	0.5	0.344
4786	0.0	0.5	0.360
4787	0.0	0.5	0.344
4788	0.0	0.5	0.333
4789	0.0	0.5	0.309
4790	0.0	0.5	0.271
4791	0.0	0.5	0.247
4792	0.0	0.5	0.231
4793	0.0	0.5	0.240
4794	0.0	0.5	0.297
4795	0.0	0.5	0.332
4796	0.0	0.5	0.411
4797	0.0	0.5	0.422
4798	0.0	0.5	0.393
4799	0.0	0.5	0.237
4800	0.0	0.5	0.148
4801	0.0	0.5	0.103
4802	0.0	0.5	0.055
4803	0.0	0.5	0.022
4804	0.0	0.5	0.016
4805	0.0	0.5	0.047
4806	0.0	0.5	0.118
4807	0.0	0.5	0.320
4808	0.0	0.5	0.342
4809	0.0	0.5	0.344
4810	0.0	0.5	0.360
4811	0.0	0.5	0.344
4812	0.0	0.5	0.333
4813	0.0	0.5	0.309
4814	0.0	0.5	0.271
4815	0.0	0.5	0.247
4816	0.0	0.5	0.231
4817	0.0	0.5	0.240
4818	0.0	0.5	0.297
4819	0.0	0.5	0.332
4820	0.0	0.5	0.411
4821	0.0	0.5	0.422
4822	0.0	0.5	0.393
4823	0.0	0.5	0.237
4824	0.0	0.5	0.148
4825	0.0	0.5	0.103
4826	0.0	0.5	0.055
4827	0.0	0.5	0.022
4828	0.0	0.5	0.016
4829	0.0	0.5	0.047
4830	0.0	0.5	0.118
4831	0.0	0.5	0.320
4832	0.0	0.4	0.342
4833	0.0	0.4	0.344
4834	0.0	0.4	0.360
4835	0.0	0.4	0.344
4836	0.0	0.4	0.333
4837	0.0	0.4	0.309
4838	0.0	0.4	0.271
4839	0.0	0.4	0.247
4840	0.0	0.4	0.231
4841	0.0	0.4	0.240
4842	0.0	0.4	0.297
4843	0.0	0.4	0.332
4844	0.0	0.4	0.411
4845	0.0	0.4	0.422
4846	0.0	0.4	0.393
4847	0.0	0.4	0.237
4848	0.0	0.4	0.148
4849	0.0	0.4	0.103
4850	0.0	0.4	0.055
4851	0.0	0.4	0.022
4852	0.0	0.4	0.016
4853	0.0	0.4	0.047
4854	0.0	0.4	0.118
4855	0.0	0.4	0.320
4856	0.0	0.4	0.342
4857	0.0	0.4	0.344
4858	0.0	0.4	0.360
4859	0.0	0.4	0.344
4860	0.0	0.4	0.333
4861	0.0	0.4	0.309
4862	0.0	0.4	0.271
4863	0.0	0.4	0.247
4864	0.0	0.4	0.231
4865	0.0	0.4	0.240
4866	0.0	0.4	0.297
4867	0.0	0.4	0.332
4868	0.0	0.4	0.411
4869	0.0	0.4	0.422
4870	0.0	0.4	0.393
4871	0.0	0.4	0.237
4872	0.0	0.4	0.148
4873	0.0	0.4	0.103
4874	0.0	0.4	0.055
4875	0.0	0.4	0.022
4876	0.0	0.4	0.016
4877	0.0	0.4	0.047
4878	0.0	0.4	0.118
4879	0.0	0.3	0.320
4880	0.0	0.3	0.342
4881	0.0	0.3	0.344
4882	0.0	0.3	0.360
4883	0.0	0.3	0.344
4884	0.0	0.3	0.333
4885	0.0	0.3	0.309
4886	0.0	0.3	0.271
4887	0.0	0.3	0.247
4888	0.0	0.3	0.231
4889	0.0	0.3	0.240
4890	0.0	0.3	0.297
4891	0.0	0.3	0.332
4892	0.0	0.3	0.411
4893	0.0	0.3	0.422
4894	0.0	0.3	0.393
4895	0.0	0.3	0.237
4896	0.0	0.3	0.148
4897	0.0	0.3	0.103
4898	0.0	0.3	0.055
4899	0.0	0.3	0.022
4900	0.0	0.3	0.016
4901	0.0	0.3	0.047
4902	0.0	0.3	0.118
4903	0.0	0.3	0.320
4904	0.0	0.3	0.342
4905	0.0	0.3	0.344
4906	0.0	0.3	0.360
4907	0.0	0.3	0.344
4908	0.0	0.3	0.333
4909	0.0	0.3	0.309
4910	0.0	0.3	0.271
4911	0.0	0.3	0.247
4912	0.0	0.3	0.231
4913	0.0	0.3	0.240
4914	0.0	0.3	0.297
4915	0.0	0.3	0.332
4916	0.0	0.3	0.411
4917	0.0	0.3	0.422
4918	0.0	0.3	0.393
4919	0.0	0.3	0.237
4920	0.0	0.3	0.148
4921	0.0	0.3	0.103
4922	0.0	0.3	0.055
4923	0.0	0.3	0.022
4924	0.0	0.3	0.016
4925	0.0	0.3	0.047
4926	0.0	0.3	0.118
4927	0.0	0.3	0.320
4928	0.0	0.3	0.342
4929	0.0	0.3	0.344
4930	0.0	0.3	0.360
4931	0.0	0.2	0.344
4932	0.0	0.2	0.333
4933	0.0	0.2	0.309
4934	0.0	0.2	0.271
4935	0.0	0.2	0.247
4936	0.0	0.2	0.231
4937	0.0	0.2	0.240
4938	0.0	0.2	0.297
4939	0.0	0.2	0.332
4940	0.0	0.2	0.411
4941	0.0	0.2	0.422
4942	0.0	0.2	0.393
4943	0.0	0.2	0.237
4944	0.0	0.2	0.148
4945	0.0	0.2	0.103
4946	0.0	0.2	0.055
4947	0.0	0.2	0.022
4948	0.0	0.2	0.016
4949	0.0	0.2	0.047
4950	0.0	0.2	0.118
4951	0.0	0.2	0.320
4952	0.0	0.2	0.342
4953	0.0	0.2	0.344
4954	0.0	0.2	0.360
4955	0.0	0.2	0.344
4956	0.0	0.2	0.333
4957	0.0	0.2	0.309
4958	0.0	0.2	0.271
4959	0.0	0.2	0.247
4960	0.0	0.2	0.231
4961	0.0	0.2	0.240
4962	0.0	0.2	0.297
4963	0.0	0.2	0.332
4964	0.0	0.2	0.411
4965	0.0	0.2	0.422
4966	0.0	0.2	0.393
4967	0.0	0.2	0.237
4968	0.0	0.2	0.148
4969	0.0	0.2	0.103
4970	0.0	0.2	0.055
4971	0.0	0.1	0.022
4972	0.0	0.1	0.016
4973	0.0	0.1	0.047
4974	0.0	0.1	0.118
4975	0.0	0.1	0.320
4976	0.0	0.1	0.342
4977	0.0	0.1	0.344
4978	0.0	0.1	0.360
4979	0.0	0.1	0.344
4980	0.0	0.1	0.333
4981	0.0	0.1	0.309
4982	0.0	0.1	0.271
4983	0.0	0.1	0.247
4984	0.0	0.1	0.231
4985	0.0	0.1	0.240
4986	0.0	0.1	0.297
4987	0.0	0.1	0.332
4988	0.0	0.1	0.411
4989	0.0	0.1	0.422
4990	0.0	0.1	0.393
4991	0.0	0.1	0.237
4992	0.0	0.1	0.148
4993	0.0	0.1	0.103
4994	0.0	0.1	0.055
4995	0.0	0.1	0.022
4996	0.0	0.1	0.016
4997	0.0	0.1	0.047
4998	0.0	0.1	0.118
4999	0.0	0.0	0.320
5000	0.0	0.0	0.342
5001	0.0	0.0	0.344
5002	0.0	0.0	0.360
5003	0.0	0.0	0.344
5004	0.0	0.0	0.333
5005	0.0	0.0	0.309
5006	0.0	0.0	0.271
5007	0.0	0.0	0.247
5008	0.0	0.0	0.231
5009	0.0	0.0	0.240
5010	0.0	0.0	0.297
5011	0.0	0.0	0.332
5012	0.0	0.0	0.411
5013	0.0	0.0	0.422
5014	0.0	0.0	0.393
5015	0.0	0.0	0.237
5016	0.0	0.0	0.148
5017	0.0	0.0	0.103
5018	0.0	0.0	0.055
5019	0.0	0.0	0.022
5020	0.0	0.0	0.016
5021	0.0	0.0	0.047
5022	0.0	0.0	0.118
5023	0.0	0.0	0.320
5024	0.0	0.0	0.342
5025	0.0	0.0	0.344
5026	0.0	0.0	0.360
5027	0.0	0.0	0.344
5028	0.0	0.0	0.333
5029	0.0	0.0	0.309
5030	0.0	0.0	0.271
5031	0.0	0.0	0.247
5032	0.0	0.0	0.231
5033	0.0	0.0	0.240
5034	0.0	0.0	0.297
5035	0.0	0.0	0.332
5036	0.0	0.0	0.411
5037	0.0	0.0	0.422
5038	0.0	0.0	0.393
5039	0.0	0.0	0.237
5040	0.0	0.0	0.148
5041	0.0	0.0	0.103
5042	0.0	0.0	0.055
5043	0.0	0.0	0.022
5044	0.0	0.0	0.016
5045	0.0	0.0	0.047
5046	0.0	0.0	0.118
5047	0.0	0.0	0.320
5048	0.0	0.0	0.342
5049	0.0	0.0	0.344
5050	0.0	0.0	0.360
5051	0.0	0.0	0.344
5052	0.0	0.0	0.333
5053	0.0	0.0	0.309
5054	0.0	0.0	0.271
5055	0.0	0.0	0.247
5056	0.0	0.0	0.231
5057	0.0	0.0	0.240
5058	0.0	0.0	0.297
5059	0.0	0.0	0.332
5060	0.0	0.0	0.411
5061	0.0	0.0	0.422
5062	0.0	0.0	0.393
5063	0.0	0.0	0.237
5064	0.0	0.0	0.148
5065	0.0	0.0	0.103
5066	0.0	0.0	0.055
5067	0.0	0.0	0.022
5068	0.0	0.0	0.016
5069	0.0	0.0	0.047
5070	0.0	0.0	0.118
5071	0.0	0.0	0.320
5072	0.0	0.0	0.342
5073	0.0	0.0	0.344
5074	0.0	0.0	0.360
5075	0.0	0.0	0.344
5076	0.0	0.0	0.333
5077	0.0	0.0	0.309
5078	0.0	0.0	0.271
5079	0.0	0.0	0.247
5080	0.0	0.0	0.231
5081	0.0	0.0	0.240
5082	0.0	0.0	0.297
5083	0.0	0.0	0.332
5084	0.0	0.0	0.411
5085	0.0	0.0	0.422
5086	0.0	0.0	0.393
5087	0.0	0.0	0.237
5088	0.0	0.0	0.148
5089	0.0	0.0	0.103
5090	0.0	0.0	0.055
5091	0.0	0.0	0.022
5092	0.0	0.0	0.016
5093	0.0	0.0	0.047
5094	0.0	0.0	0.118
5095	0.0	0.0	0.320
5096	0.0	0.0	0.342
5097	0.0	0.0	0.344
5098	0.0	0.0	0.360
5099	0.0	0.0	0.344
5100	0.0	0.0	0.333
5101	0.0	0.0	0.309
5102	0.0	0.0	0.271
5103	0.0	0.0	0.247
5104	0.0	0.0	0.231
5105	0.0	0.0	0.240
5106	0.0	0.0	0.297
5107	0.0	0.0	0.332
5108	0.0	0.0	0.411
5109	0.0	0.0	0.422
5110	0.0	0.0	0.393
5111	0.0	0.0	0.237
5112	0.0	0.0	0.148
5113	0.0	0.0	0.103
5114	0.0	0.0	0.055
5115	0.0	0.0	0.022
5116	0.0	0.0	0.016
5117	0.0	0.0	0.047
5118	0.0	0.0	0.118
5119	0.0	0.0	0.320
5120	0.0	0.0	0.342
5121	0.0	0.0	0.344
5122	0.0	0.0	0.360
5123	0.0	0.0	0.344
5124	0.0	0.0	0.333
5125	0.0	0.0	0.309
5126	0.0	0.0	0.271
5127	0.0	0.0	0.247
5128	0.0	0.0	0.231
5129	0.0	0.0	0.240
5130	0.0	0.0	0.297
5131	0.0	0.0	0.332
5132	0.0	0.0	0.411
5133	0.0	0.0	0.422
5134	0.0	0.0	0.393
5135	0.0	0.0	0.237
5136	0.0	0.0	0.148
5137	0.0	0.0	0.103
5138	0.0	0.0	0.055
5139	0.0	0.0	0.022
5140	0.0	0.0	0.016
5141	0.0	0.0	0.047
5142	0.0	0.0	0.118
5143	0.0	0.0	0.320
5144	0.0	0.0	0.342
5145	0.0	0.0	0.344
5146	0.0	0.0	0.360
5147	0.0	0.0	0.344
5148	0.0	0.0	0.333
5149	0.0	0.0	0.309
5150	0.0	0.0	0.271
5151	0.0	0.0	0.247
5152	0.0	0.0	0.231
5153	0.0	0.0	0.240
5154	0.0	0.0	0.297
5155	0.0	0.0	0.332
5156	0.0	0.0	0.411
5157	0.0	0.0	0.422
5158	0.0	0.0	0.393
5159	0.0	0.0	0.237
5160	0.0	0.0	0.148
5161	0.0	0.0	0.103
5162	0.0	0.0	0.055
5163	0.0	0.0	0.022
5164	0.0	0.0	0.016
5165	0.0	0.0	0.047
5166	0.0	0.0	0.118
5167	0.0	0.0	0.320
5168	0.0	0.0	0.342
5169	0.0	0.0	0.344
5170	0.0	0.0	0.360
5171	0.0	0.0	0.344
5172	0.0	0.0	0.333
5173	0.0	0.0	0.309
5174	0.0	0.0	0.271
5175	0.0	0.0	0.247
5176	0.0	0.0	0.231
5177	0.0	0.0	0.240
5178	0.0	0.0	0.297
5179	0.0	0.0	0.332
5180	0.0	0.0	0.411
5181	0.0	0.0	0.422
5182	0.0	0.0	0.393
5183	0.0	0.0	0.237
5184	0.0	0.0	0.148
5185	0.0	0.0	0.103
5186	0.0	0.0	0.055
5187	0.0	0.0	0.022
5188	0.0	0.0	0.016
5189	0.0	0.0	0.047
5190	0.0	0.0	0.118
5191	0.0	0.0	0.320
5192	0.0	0.0	0.342
5193	0.0	0.0	0.344
5194	0.0	0.0	0.360
5195	0.0	0.0	0.344
5196	0.0	0.0	0.333
5197	0.0	0.0	0.309
5198	0.0	0.0	0.271
5199	0.0	0.0	0.247
5200	0.0	0.0	0.231
5201	0.0	0.0	0.240
5202	0.0	0.0	0.297
5203	0.0	0.0	0.332
5204	0.0	0.0	0.411
5205	0.0	0.0	0.422
5206	0.0	0.0	0.393
5207	0.0	0.0	0.237
5208	0.0	0.0	0.148
5209	0.0	0.0	0.103
5210	0.0	0.0	0.055
5211	0.0	0.0	0.022
5212	0.0	0.0	0.016
5213	0.0	0.0	0.047
5214	0.0	0.0	0.118
5215	0.0	0.0	0.320
5216	0.0	0.0	0.342
5217	0.0	0.0	0.344
5218	0.0	0.0	0.360
5219	0.0	0.0	0.344
5220	0.0	0.0	0.333
5221	0.0	0.0	0.309
5222	0.0	0.0	0.271
5223	0.0	0.0	0.247
5224	0.0	0.0	0.231
5225	0.0	0.0	0.240
5226	0.0	0.0	0.297
5227	0.0	0.0	0.332
5228	0.0	0.0	0.411
5229	0.0	0.0	0.422
5230	0.0	0.0	0.393
5231	0.0	0.0	0.237
5232	0.0	0.0	0.148
5233	0.0	0.0	0.103
5234	0.0	0.0	0.055
5235	0.0	0.0	0.022
5236	0.0	0.0	0.016
5237	0.0	0.0	0.047
5238	0.0	0.0	0.118
5239	0.0	0.0	0.320
5240	0.0	0.0	0.342
5241	0.0	0.0	0.344
5242	0.0	0.0	0.360
5243	0.0	0.0	0.344
5244	0.0	0.0	0.333
5245	0.0	0.0	0.309
5246	0.0	0.0	0.271
5247	0.0	0.0	0.247
5248	0.0	0.0	0.231
5249	0.0	0.0	0.240
5250	0.0	0.0	0.297
5251	0.0	0.0	0.332
5252	0.0	0.0	0.411
5253	0.0	0.0	0.422
5254	0.0	0.0	0.393
5255	0.0	0.0	0.237
5256	0.0	0.0	0.148
5257	0.0	0.0	0.103
5258	0.0	0.0	0.055
5259	0.0	0.0	0.022
5260	0.0	0.0	0.016
5261	0.0	0.0	0.047
5262	0.0	0.0	0.118
5263	0.0	0.0	0.320
5264	0.0	0.0	0.342
5265	0.0	0.0	0.344
5266	0.0	0.0	0.360
5267	0.0	0.0	0.344
5268	0.0	0.0	0.333
5269	0.0	0.0	0.309
5270	0.0	0.0	0.271
5271	0.0	0.0	0.247
5272	0.0	0.0	0.231
5273	0.0	0.0	0.240
5274	0.0	0.0	0.297
5275	0.0	0.0	0.332
5276	0.0	0.0	0.411
5277	0.0	0.0	0.422
5278	0.0	0.0	0.393
5279	0.0	0.0	0.237
5280	0.0	0.0	0.148
5281	0.0	0.0	0.103
5282	0.0	0.0	0.055
5283	0.0	0.0	0.022
5284	0.0	0.0	0.016
5285	0.0	0.0	0.047
5286	0.0	0.0	0.118
5287	0.0	0.0	0.320
5288	0.0	0.0	0.342
5289	0.0	0.0	0.344
5290	0.0	0.0	0.360
5291	0.0	0.0	0.344
5292	0.0	0.0	0.333
5293	0.0	0.0	0.309
5294	0.0	0.0	0.271
5295	0.0	0.0	0.247
5296	0.0	0.0	0.231
5297	0.0	0.0	0.240
5298	0.0	0.0	0.297
5299	0.0	0.0	0.332
5300	0.0	0.0	0.411
5301	0.0	0.0	0.422
5302	0.0	0.0	0.393
5303	0.0	0.0	0.237
5304	0.0	0.0	0.148
5305	0.0	0.0	0.103
5306	0.0	0.0	0.055
5307	0.0	0.0	0.022
5308	0.0	0.0	0.016
5309	0.0	0.0	0.047
5310	0.0	0.0	0.118
5311	0.0	0.0	0.320
5312	0.0	0.0	0.342
5313	0.0	0.0	0.344
5314	0.0	0.0	0.360
5315	0.0	0.0	0.344
5316	0.0	0.0	0.333
5317	0.0	0.0	0.309
5318	0.0	0.0	0.271
5319	0.0	0.0	0.247
5320	0.0	0.0	0.231
5321	0.0	0.0	0.240
5322	0.0	0.0	0.297
5323	0.0	0.0	0.332
5324	0.0	0.0	0.411
5325	0.0	0.0	0.422
5326	0.0	0.0	0.393
5327	0.0	0.0	0.237
5328	0.0	0.0	0.148
5329	0.0	0.0	0.103
5330	0.0	0.0	0.055
5331	0.0	0.0	0.022
5332	0.0	0.0	0.016
5333	0.0	0.0	0.047
5334	0.0	0.0	0.118
5335	0.0	0.0	0.320
5336	0.0	0.0	0.342
5337	0.0	0.0	0.344
5338	0.0	0.0	0.360
5339	0.0	0.0	0.344
5340	0.0	0.0	0.333
5341	0.0	0.0	0.309
5342	0.0	0.0	0.271
5343	0.0	0.0	0.247
5344	0.0	0.0	0.231
5345	0.0	0.0	0.240
5346	0.0	0.0	0.297
5347	0.0	0.0	0.332
5348	0.0	0.0	0.411
5349	0.0	0.0	0.422
5350	0.0	0.0	0.393
5351	0.0	0.0	0.237
5352	0.0	0.0	0.148
5353	0.0	0.0	0.103
5354	0.0	0.0	0.055
5355	0.0	0.0	0.022
5356	0.0	0.0	0.016
5357	0.0	0.0	0.047
5358	0.0	0.0	0.118
5359	0.0	0.0	0.320
5360	0.0	0.0	0.342
5361	0.0	0.0	0.344
5362	0.0	0.0	0.360
5363	0.0	0.0	0.344
5364	0.0	0.0	0.333
5365	0.0	0.0	0.309
5366	0.0	0.0	0.271
5367	0.0	0.0	0.247
5368	0.0	0.0	0.231
5369	0.0	0.0	0.240
5370	0.0	0.0	0.297
5371	0.0	0.0	0.332
5372	0.0	0.0	0.411
5373	0.0	0.0	0.422
5374	0.0	0.0	0.393
5375	0.0	0.0	0.237
5376	0.0	0.0	0.148
5377	0.0	0.0	0.103
5378	0.0	0.0	0.055
5379	0.0	0.0	0.022
5380	0.0	0.0	0.016
5381	0.0	0.0	0.047
5382	0.0	0.0	0.118
5383	0.0	0.0	0.320
5384	0.0	0.0	0.342
5385	0.0	0.0	0.344
5386	0.0	0.0	0.360
5387	0.0	0.0	0.344
5388	0.0	0.0	0.333
5389	0.0	0.0	0.309
5390	0.0	0.0	0.271
5391	0.0	0.0	0.247
5392	0.0	0.0	0.231
5393	0.0	0.0	0.240
5394	0.0	0.0	0.297
5395	0.0	0.0	0.332
5396	0.0	0.0	0.411
5397	0.0	0.0	0.422
5398	0.0	0.0	0.393
5399	0.0	0.0	0.237
5400	0.0	0.0	0.148
5401	0.0	0.0	0.103
5402	0.0	0.0	0.055
5403	0.0	0.0	0.022
5404	0.0	0.0	0.016
5405	0.0	0.0	0.047
5406	0.0	0.0	0.118
5407	0.0	0.0	0.320
5408	0.0	0.0	0.342
5409	0.0	0.0	0.344
5410	0.0	0.0	0.360
5411	0.0	0.0	0.344
5412	0.0	0.0	0.333
5413	0.0	0.0	0.309
5414	0.0	0.0	0.271
5415	0.0	0.0	0.247
5416	0.0	0.0	0.231
5417	0.0	0.0	0.240
5418	0.0	0.0	0.297
5419	0.0	0.0	0.332
5420	0.0	0.0	0.411
5421	0.0	0.0	0.422
5422	0.0	0.0	0.393
5423	0.0	0.0	0.237
5424	0.0	0.0	0.148
5425	0.0	0.0	0.103
5426	0.0	0.0	0.055
5427	0.0	0.0	0.022
5428	0.0	0.0	0.016
5429	0.0	0.0	0.047
5430	0.0	0.0	0.118
5431	0.0	0.0	0.320
5432	0.0	0.0	0.342
5433	0.0	0.0	0.344
5434	0.0	0.0	0.360
5435	0.0	0.0	0.344
5436	0.0	0.0	0.333
5437	0.0	0.0	0.309
5438	0.0	0.0	0.271
5439	0.0	0.0	0.247
5440	0.0	0.0	0.231
5441	0.0	0.0	0.240
5442	0.0	0.0	0.297
5443	0.0	0.0	0.332
5444	0.0	0.0	0.411
5445	0.0	0.0	0.422
5446	0.0	0.0	0.393
5447	0.0	0.0	0.237
5448	0.0	0.0	0.148
5449	0.0	0.0	0.103
5450	0.0	0.0	0.055
5451	0.0	0.0	0.022
5452	0.0	0.0	0.016
5453	0.0	0.0	0.047
5454	0.0	0.0	0.118
5455	0.0	0.0	0.320
5456	0.0	0.0	0.342
5457	0.0	0.0	0.344
5458	0.0	0.0	0.360
5459	0.0	0.0	0.344
5460	0.0	0.0	0.333
5461	0.0	0.0	0.309
5462	0.0	0.0	0.271
5463	0.0	0.0	0.247
5464	0.0	0.0	0.231
5465	0.0	0.0	0.240
5466	0.0	0.0	0.297
5467	0.0	0.0	0.332
5468	0.0	0.0	0.411
5469	0.0	0.0	0.422
5470	0.0	0.0	0.393
5471	0.0	0.0	0.237
5472	0.0	0.0	0.148
5473	0.0	0.0	0.103
5474	0.0	0.0	0.055
5475	0.0	0.0	0.022
5476	0.0	0.0	0.016
5477	0.0	0.0	0.047
5478	0.0	0.0	0.118
5479	0.0	0.0	0.320
5480	0.0	0.0	0.342
5481	0.0	0.0	0.344
5482	0.0	0.0	0.360
5483	0.0	0.0	0.344
5484	0.0	0.0	0.333
5485	0.0	0.0	0.309
5486	0.0	0.0	0.271
5487	0.0	0.0	0.247
5488	0.0	0.0	0.231
5489	0.0	0.0	0.240
5490	0.0	0.0	0.297
5491	0.0	0.0	0.332
5492	0.0	0.0	0.411
5493	0.0	0.0	0.422
5494	0.0	0.0	0.393
5495	0.0	0.0	0.237
5496	0.0	0.0	0.148
5497	0.0	0.0	0.103
5498	0.0	0.0	0.055
5499	0.0	0.0	0.022
5500	0.0	0.0	0.016
5501	0.0	0.0	0.047
5502	0.0	0.0	0.118
5503	0.0	0.0	0.320
5504	0.0	0.0	0.342
5505	0.0	0.0	0.344
5506	0.0	0.0	0.360
5507	0.0	0.0	0.344
5508	0.0	0.0	0.333
5509	0.0	0.0	0.309
5510	0.0	0.0	0.271
5511	0.0	0.0	0.247
5512	0.0	0.0	0.231
5513	0.0	0.0	0.240
5514	0.0	0.0	0.297
5515	0.0	0.0	0.332
5516	0.0	0.0	0.411
5517	0.0	0.0	0.422
5518	0.0	0.0	0.393
5519	0.0	0.0	0.237
5520	0.0	0.0	0.148
5521	0.0	0.0	0.103
5522	0.0	0.0	0.055
5523	0.0	0.0	0.022
5524	0.0	0.0	0.016
5525	0.0	0.0	0.047
5526	0.0	0.0	0.118
5527	0.0	0.0	0.320
5528	0.0	0.0	0.342
5529	0.0	0.0	0.344
5530	0.0	0.0	0.360
5531	0.0	0.0	0.344
5532	0.0	0.0	0.333
5533	0.0	0.0	0.309
5534	0.0	0.0	0.271
5535	0.0	0.0	0.247
5536	0.0	0.0	0.231
5537	0.0	0.0	0.240
5538	0.0	0.0	0.297
5539	0.0	0.0	0.332
5540	0.0	0.0	0.411
5541	0.0	0.0	0.422
5542	0.0	0.0	0.393
5543	0.0	0.0	0.237
5544	0.0	0.0	0.148
5545	0.0	0.0	0.103
5546	0.0	0.0	0.055
5547	0.0	0.0	0.022
5548	0.0	0.0	0.016
5549	0.0	0.0	0.047
5550	0.0	0.0	0.118
5551	0.0	0.0	0.320
5552	0.0	0.0	0.342
5553	0.0	0.0	0.344
5554	0.0	0.0	0.360
5555	0.0	0.0	0.344
5556	0.0	0.0	0.333
5557	0.0	0.0	0.309
5558	0.0	0.0	0.271
5559	0.0	0.0	0.247
5560	0.0	0.0	0.231
5561	0.0	0.0	0.240
5562	0.0	0.0	0.297
5563	0.0	0.0	0.332
5564	0.0	0.0	0.411
5565	0.0	0.0	0.422
5566	0.0	0.0	0.393
5567	0.0	0.0	0.237
5568	0.0	0.0	0.148
5569	0.0	0.0	0.103
5570	0.0	0.0	0.055
5571	0.0	0.0	0.022
5572	0.0	0.0	0.016
5573	0.0	0.0	0.047
5574	0.0	0.0	0.118
5575	0.0	0.0	0.320
5576	0.0	0.0	0.342
5577	0.0	0.0	0.344
5578	0.0	0.0	0.360
5579	0.0	0.0	0.344
5580	0.0	0.0	0.333
5581	0.0	0.0	0.309
5582	0.0	0.0	0.271
5583	0.0	0.0	0.247
5584	0.0	0.0	0.231
5585	0.0	0.0	0.240
5586	0.0	0.0	0.297
5587	0.0	0.0	0.332
5588	0.0	0.0	0.411
5589	0.0	0.0	0.422
5590	0.0	0.0	0.393
5591	0.0	0.0	0.237
5592	0.0	0.0	0.148
5593	0.0	0.0	0.103
5594	0.0	0.0	0.055
5595	0.0	0.0	0.022
5596	0.0	0.0	0.016
5597	0.0	0.0	0.047
5598	0.0	0.0	0.118
5599	0.0	0.0	0.320
5600	0.0	0.0	0.342
5601	0.0	0.0	0.344
5602	0.0	0.0	0.360
5603	0.0	0.0	0.344
5604	0.0	0.0	0.333
5605	0.0	0.0	0.309
5606	0.0	0.0	0.271
5607	0.0	0.0	0.247
5608	0.0	0.0	0.231
5609	0.0	0.0	0.240
5610	0.0	0.0	0.297
5611	0.0	0.0	0.332
5612	0.0	0.0	0.411
5613	0.0	0.0	0.422
5614	0.0	0.0	0.393
5615	0.0	0.0	0.237
5616	0.0	0.0	0.148
5617	0.0	0.0	0.103
5618	0.0	0.0	0.055
5619	0.0	0.0	0.022
5620	0.0	0.0	0.016
5621	0.0	0.0	0.047
5622	0.0	0.0	0.118
5623	0.0	0.0	0.320
5624	0.0	0.0	0.342
5625	0.0	0.0	0.344
5626	0.0	0.0	0.360
5627	0.0	0.0	0.344
5628	0.0	0.0	0.333
5629	0.0	0.0	0.309
5630	0.0	0.0	0.271
5631	0.0	0.0	0.247
5632	0.0	0.0	0.231
5633	0.0	0.0	0.240
5634	0.0	0.0	0.297
5635	0.0	0.0	0.332
5636	0.0	0.0	0.411
5637	0.0	0.0	0.422
5638	0.0	0.0	0.393
5639	0.0	0.0	0.237
5640	0.0	0.0	0.148
5641	0.0	0.0	0.103
5642	0.0	0.0	0.055
5643	0.0	0.0	0.022
5644	0.0	0.0	0.016
5645	0.0	0.0	0.047
5646	0.0	0.0	0.118
5647	0.0	0.0	0.320
5648	0.0	0.0	0.342
5649	0.0	0.0	0.344
5650	0.0	0.0	0.360
5651	0.0	0.0	0.344
5652	0.0	0.0	0.333
5653	0.0	0.0	0.309
5654	0.0	0.0	0.271
5655	0.0	0.0	0.247
5656	0.0	0.0	0.231
5657	0.0	0.0	0.240
5658	0.0	0.0	0.297
5659	0.0	0.0	0.332
5660	0.0	0.0	0.411
5661	0.0	0.0	0.422
5662	0.0	0.0	0.393
5663	0.0	0.0	0.237
5664	0.0	0.0	0.148
5665	0.0	0.0	0.103
5666	0.0	0.0	0.055
5667	0.0	0.0	0.022
5668	0.0	0.0	0.016
5669	0.0	0.0	0.047
5670	0.0	0.0	0.118
5671	0.0	0.0	0.320
5672	0.0	0.0	0.342
5673	0.0	0.0	0.344
5674	0.0	0.0	0.360
5675	0.0	0.0	0.344
5676	0.0	0.0	0.333
5677	0.0	0.0	0.309
5678	0.0	0.0	0.271
5679	0.0	0.0	0.247
5680	0.0	0.0	0.231
5681	0.0	0.0	0.240
5682	0.0	0.0	0.297
5683	0.0	0.0	0.332
5684	0.0	0.0	0.411
5685	0.0	0.0	0.422
5686	0.0	0.0	0.393
5687	0.0	0.0	0.237
5688	0.0	0.0	0.148
5689	0.0	0.0	0.103
5690	0.0	0.0	0.055
5691	0.0	0.0	0.022
5692	0.0	0.0	0.016
5693	0.0	0.0	0.047
5694	0.0	0.0	0.118
5695	0.0	0.0	0.320
5696	0.0	0.0	0.342
5697	0.0	0.0	0.344
5698	0.0	0.0	0.360
5699	0.0	0.0	0.344
5700	0.0	0.0	0.333
5701	0.0	0.0	0.309
5702	0.0	0.0	0.271
5703	0.0	0.0	0.247
5704	0.0	0.0	0.231
5705	0.0	0.0	0.240
5706	0.0	0.0	0.297
5707	0.0	0.0	0.332
5708	0.0	0.0	0.411
5709	0.0	0.0	0.422
5710	0.0	0.0	0.393
5711	0.0	0.0	0.237
5712	0.0	0.0	0.148
5713	0.0	0.0	0.103
5714	0.0	0.0	0.055
5715	0.0	0.0	0.022
5716	0.0	0.0	0.016
5717	0.0	0.0	0.047
5718	0.0	0.0	0.118
5719	0.0	0.0	0.320
5720	0.0	0.0	0.342
5721	0.0	0.0	0.344
5722	0.0	0.0	0.360
5723	0.0	0.0	0.344
5724	0.0	0.0	0.333
5725	0.0	0.0	0.309
5726	0.0	0.0	0.271
5727	0.0	0.0	0.247
5728	0.0	0.0	0.231
5729	0.0	0.0	0.240
5730	0.0	0.0	0.297
5731	0.0	0.0	0.332
5732	0.0	0.0	0.411
5733	0.0	0.0	0.422
5734	0.0	0.0	0.393
5735	0.0	0.0	0.237
5736	0.0	0.0	0.148
5737	0.0	0.0	0.103
5738	0.0	0.0	0.055
5739	0.0	0.0	0.022
5740	0.0	0.0	0.016
5741	0.0	0.0	0.047
5742	0.0	0.0	0.118
5743	0.0	0.0	0.320
5744	0.0	0.0	0.342
5745	0.0	0.0	0.344
5746	0.0	0.0	0.360
5747	0.0	0.0	0.344
5748	0.0	0.0	0.333
5749	0.0	0.0	0.309
5750	0.0	0.0	0.271
5751	0.0	0.0	0.247
5752	0.0	0.0	0.231
5753	0.0	0.0	0.240
5754	0.0	0.0	0.297
5755	0.0	0.0	0.332
5756	0.0	0.0	0.411
5757	0.0	0.0	0.422
5758	0.0	0.0	0.393
5759	0.0	0.0	0.237
5760	0.0	0.0	0.148
5761	0.0	0.0	0.103
5762	0.0	0.0	0.055
5763	0.0	0.0	0.022
5764	0.0	0.0	0.016
5765	0.0	0.0	0.047
5766	0.0	0.0	0.118
5767	0.0	0.0	0.320
5768	0.0	0.0	0.342
5769	0.0	0.0	0.344
5770	0.0	0.0	0.360
5771	0.0	0.0	0.344
5772	0.0	0.0	0.333
5773	0.0	0.0	0.309
5774	0.0	0.0	0.271
5775	0.0	0.0	0.247
5776	0.0	0.0	0.231
5777	0.0	0.0	0.240
5778	0.0	0.0	0.297
5779	0.0	0.0	0.332
5780	0.0	0.0	0.411
5781	0.0	0.0	0.422
5782	0.0	0.0	0.393
5783	0.0	0.0	0.237
5784	0.0	0.0	0.148
5785	0.0	0.0	0.103
5786	0.0	0.0	0.055
5787	0.0	0.0	0.022
5788	0.0	0.0	0.016
5789	0.0	0.0	0.047
5790	0.0	0.0	0.118
5791	0.0	0.0	0.320
5792	0.0	0.0	0.342
5793	0.0	0.0	0.344
5794	0.0	0.0	0.360
5795	0.0	0.0	0.344
5796	0.0	0.0	0.333
5797	0.0	0.0	0.309
5798	0.0	0.0	0.271
5799	0.0	0.0	0.247
5800	0.0	0.0	0.231
5801	0.0	0.0	0.240
5802	0.0	0.0	0.297
5803	0.0	0.0	0.332
5804	0.0	0.0	0.411
5805	0.0	0.0	0.422
5806	0.0	0.0	0.393
5807	0.0	0.0	0.237
5808	0.0	0.0	0.148
5809	0.0	0.0	0.103
5810	0.0	0.0	0.055
5811	0.0	0.0	0.022
5812	0.0	0.0	0.016
5813	0.0	0.0	0.047
5814	0.0	0.0	0.118
5815	0.0	0.0	0.320
5816	0.0	0.0	0.342
5817	0.0	0.0	0.344
5818	0.0	0.0	0.360
5819	0.0	0.0	0.344
5820	0.0	0.0	0.333
5821	0.0	0.0	0.309
5822	0.0	0.0	0.271
5823	0.0	0.0	0.247
5824	0.0	0.0	0.231
5825	0.0	0.0	0.240
5826	0.0	0.0	0.297
5827	0.0	0.0	0.332
5828	0.0	0.0	0.411
5829	0.0	0.0	0.422
5830	0.0	0.0	0.393
5831	0.0	0.0	0.237
5832	0.0	0.0	0.148
5833	0.0	0.0	0.103
5834	0.0	0.0	0.055
5835	0.0	0.0	0.022
5836	0.0	0.0	0.016
5837	0.0	0.0	0.047
5838	0.0	0.0	0.118
5839	0.0	0.0	0.320
5840	0.0	0.0	0.342
5841	0.0	0.0	0.344
5842	0.0	0.0	0.360
5843	0.0	0.0	0.344
5844	0.0	0.0	0.333
5845	0.0	0.0	0.309
5846	0.0	0.0	0.271
5847	0.0	0.0	0.247
5848	0.0	0.0	0.231
5849	0.0	0.0	0.240
5850	0.0	0.0	0.297
5851	0.0	0.0	0.332
5852	0.0	0.0	0.411
5853	0.0	0.0	0.422
5854	0.0	0.0	0.393
5855	0.0	0.0	0.237
5856	0.0	0.0	0.148
5857	0.0	0.0	0.103
5858	0.0	0.0	0.055
5859	0.0	0.0	0.022
5860	0.0	0.0	0.016
5861	0.0	0.0	0.047
5862	0.0	0.0	0.118
5863	0.0	0.0	0.320
5864	0.0	0.0	0.342
5865	0.0	0.0	0.344
5866	0.0	0.0	0.360
5867	0.0	0.0	0.344
5868	0.0	0.0	0.333
5869	0.0	0.0	0.309
5870	0.0	0.0	0.271
5871	0.0	0.0	0.247
5872	0.0	0.0	0.231
5873	0.0	0.0	0.240
5874	0.0	0.0	0.297
5875	0.0	0.0	0.332
5876	0.0	0.0	0.411
5877	0.0	0.0	0.422
5878	0.0	0.0	0.393
5879	0.0	0.0	0.237
5880	0.0	0.0	0.148
5881	0.0	0.0	0.103
5882	0.0	0.0	0.055
5883	0.0	0.0	0.022
5884	0.0	0.0	0.016
5885	0.0	0.0	0.047
5886	0.0	0.0	0.118
5887	0.0	0.0	0.320
5888	0.0	0.0	0.342
5889	0.0	0.0	0.344
5890	0.0	0.0	0.360
5891	0.0	0.0	0.344
5892	0.0	0.0	0.333
5893	0.0	0.0	0.309
5894	0.0	0.0	0.271
5895	0.0	0.0	0.247
5896	0.0	0.0	0.231
5897	0.0	0.0	0.240
5898	0.0	0.0	0.297
5899	0.0	0.0	0.332
5900	0.0	0.0	0.411
5901	0.0	0.0	0.422
5902	0.0	0.0	0.393
5903	0.0	0.0	0.237
5904	0.0	0.0	0.148
5905	0.0	0.0	0.103
5906	0.0	0.0	0.055
5907	0.0	0.0	0.022
5908	0.0	0.0	0.016
5909	0.0	0.0	0.047
5910	0.0	0.0	0.118
5911	0.0	0.0	0.320
5912	0.0	0.0	0.342
5913	0.0	0.0	0.344
5914	0.0	0.0	0.360
5915	0.0	0.0	0.344
5916	0.0	0.0	0.333
5917	0.0	0.0	0.309
5918	0.0	0.0	0.271
5919	0.0	0.0	0.247
5920	0.0	0.0	0.231
5921	0.0	0.0	0.240
5922	0.0	0.0	0.297
5923	0.0	0.0	0.332
5924	0.0	0.0	0.411
5925	0.0	0.0	0.422
5926	0.0	0.0	0.393
5927	0.0	0.0	0.237
5928	0.0	0.0	0.148
5929	0.0	0.0	0.103
5930	0.0	0.0	0.055
5931	0.0	0.0	0.022
5932	0.0	0.0	0.016
5933	0.0	0.0	0.047
5934	0.0	0.0	0.118
5935	0.0	0.0	0.320
5936	0.0	0.0	0.342
5937	0.0	0.0	0.344
5938	0.0	0.0	0.360
5939	0.0	0.0	0.344
5940	0.0	0.0	0.333
5941	0.0	0.0	0.309
5942	0.0	0.0	0.271
5943	0.0	0.0	0.247
5944	0.0	0.0	0.231
5945	0.0	0.0	0.240
5946	0.0	0.0	0.297
5947	0.0	0.0	0.332
5948	0.0	0.0	0.411
5949	0.0	0.0	0.422
5950	0.0	0.0	0.393
5951	0.0	0.0	0.237
5952	0.0	0.0	0.148
5953	0.0	0.0	0.103
5954	0.0	0.0	0.055
5955	0.0	0.0	0.022
5956	0.0	0.0	0.016
5957	0.0	0.0	0.047
5958	0.0	0.0	0.118
5959	0.0	0.0	0.320
5960	0.0	0.0	0.342
5961	0.0	0.0	0.344
5962	0.0	0.0	0.360
5963	0.0	0.0	0.344
5964	0.0	0.0	0.333
5965	0.0	0.0	0.309
5966	0.0	0.0	0.271
5967	0.0	0.0	0.247
5968	0.0	0.0	0.231
5969	0.0	0.0	0.240
5970	0.0	0.0	0.297
5971	0.0	0.0	0.332
5972	0.0	0.0	0.411
5973	0.0	0.0	0.422
5974	0.0	0.0	0.393
5975	0.0	0.0	0.237
5976	0.0	0.0	0.148
5977	0.0	0.0	0.103
5978	0.0	0.0	0.055
5979	0.0	0.0	0.022
5980	0.0	0.0	0.016
5981	0.0	0.0	0.047
5982	0.0	0.0	0.118
5983	0.0	0.0	0.320
5984	0.0	0.0	0.342
5985	0.0	0.0	0.344
5986	0.0	0.0	0.360
5987	0.0	0.0	0.344
5988	0.0	0.0	0.333
5989	0.0	0.0	0.309
5990	0.0	0.0	0.271
5991	0.0	0.0	0.247
5992	0.0	0.0	0.231
5993	0.0	0.0	0.240
5994	0.0	0.0	0.297
5995	0.0	0.0	0.332
5996	0.0	0.0	0.411
5997	0.0	0.0	0.422
5998	0.0	0.0	0.393
5999	0.0	0.0	0.237
6000	0.0	0.0	0.148
6001	0.0	0.0	0.103
6002	0.0	0.0	0.055
6003	0.0	0.0	0.022
6004	0.0	0.0	0.016
6005	0.0	0.0	0.047
6006	0.0	0.0	0.118
6007	0.0	0.0	0.320
6008	0.0	0.0	0.342
6009	0.0	0.0	0.344
6010	0.0	0.0	0.360
6011	0.0	0.0	0.344
6012	0.0	0.0	0.333
6013	0.0	0.0	0.309
6014	0.0	0.0	0.271
6015	0.0	0.0	0.247
6016	0.0	0.0	0.231
6017	0.0	0.0	0.240
6018	0.0	0.0	0.297
6019	0.0	0.0	0.332
6020	0.0	0.0	0.411
6021	0.0	0.0	0.422
6022	0.0	0.0	0.393
6023	0.0	0.0	0.237
6024	0.0	0.0	0.148
6025	0.0	0.0	0.103
6026	0.0	0.0	0.055
6027	0.0	0.0	0.022
6028	0.0	0.0	0.016
6029	0.0	0.0	0.047
6030	0.0	0.0	0.118
6031	0.0	0.0	0.320
6032	0.0	0.0	0.342
6033	0.0	0.0	0.344
6034	0.0	0.0	0.360
6035	0.0	0.0	0.344
6036	0.0	0.0	0.333
6037	0.0	0.0	0.309
6038	0.0	0.0	0.271
6039	0.0	0.0	0.247
6040	0.0	0.0	0.231
6041	0.0	0.0	0.240
6042	0.0	0.0	0.297
6043	0.0	0.0	0.332
6044	0.0	0.0	0.411
6045	0.0	0.0	0.422
6046	0.0	0.0	0.393
6047	0.0	0.0	0.237
6048	0.0	0.0	0.148
6049	0.0	0.0	0.103
6050	0.0	0.0	0.055
6051	0.0	0.0	0.022
6052	0.0	0.0	0.016
6053	0.0	0.0	0.047
6054	0.0	0.0	0.118
6055	0.0	0.0	0.320
6056	0.0	0.0	0.342
6057	0.0	0.0	0.344
6058	0.0	0.0	0.360
6059	0.0	0.0	0.344
6060	0.0	0.0	0.333
6061	0.0	0.0	0.309
6062	0.0	0.0	0.271
6063	0.0	0.0	0.247
6064	0.0	0.0	0.231
6065	0.0	0.0	0.240
6066	0.0	0.0	0.297
6067	0.0	0.0	0.332
6068	0.0	0.0	0.411
6069	0.0	0.0	0.422
6070	0.0	0.0	0.393
6071	0.0	0.0	0.237
6072	0.0	0.0	0.148
6073	0.0	0.0	0.103
6074	0.0	0.0	0.055
6075	0.0	0.0	0.022
6076	0.0	0.0	0.016
6077	0.0	0.0	0.047
6078	0.0	0.0	0.118
6079	0.0	0.0	0.320
6080	0.0	0.0	0.342
6081	0.0	0.0	0.344
6082	0.0	0.0	0.360
6083	0.0	0.0	0.344
6084	0.0	0.0	0.333
6085	0.0	0.0	0.309
6086	0.0	0.0	0.271
6087	0.0	0.0	0.247
6088	0.0	0.0	0.231
6089	0.0	0.0	0.240
6090	0.0	0.0	0.297
6091	0.0	0.0	0.332
6092	0.0	0.0	0.411
6093	0.0	0.0	0.422
6094	0.0	0.0	0.393
6095	0.0	0.0	0.237
6096	0.0	0.0	0.148
6097	0.0	0.0	0.103
6098	0.0	0.0	0.055
6099	0.0	0.0	0.022
6100	0.0	0.0	0.016
6101	0.0	0.0	0.047
6102	0.0	0.0	0.118
6103	0.0	0.0	0.320
6104	0.0	0.0	0.342
6105	0.0	0.0	0.344
6106	0.0	0.0	0.360
6107	0.0	0.0	0.344
6108	0.0	0.0	0.333
6109	0.0	0.0	0.309
6110	0.0	0.0	0.271
6111	0.0	0.0	0.247
6112	0.0	0.0	0.231
6113	0.0	0.0	0.240
6114	0.0	0.0	0.297
6115	0.0	0.0	0.332
6116	0.0	0.0	0.411
6117	0.0	0.0	0.422
6118	0.0	0.0	0.393
6119	0.0	0.0	0.237
6120	0.0	0.0	0.148
6121	0.0	0.0	0.103
6122	0.0	0.0	0.055
6123	0.0	0.0	0.022
6124	0.0	0.0	0.016
6125	0.0	0.0	0.047
6126	0.0	0.0	0.118
6127	0.0	0.0	0.320
6128	0.0	0.0	0.342
6129	0.0	0.0	0.344
6130	0.0	0.0	0.360
6131	0.0	0.0	0.344
6132	0.0	0.0	0.333
6133	0.0	0.0	0.309
6134	0.0	0.0	0.271
6135	0.0	0.0	0.247
6136	0.0	0.0	0.231
6137	0.0	0.0	0.240
6138	0.0	0.0	0.297
6139	0.0	0.0	0.332
6140	0.0	0.0	0.411
6141	0.0	0.0	0.422
6142	0.0	0.0	0.393
6143	0.0	0.0	0.237
6144	0.0	0.0	0.148
6145	0.0	0.0	0.103
6146	0.0	0.0	0.055
6147	0.0	0.0	0.022
6148	0.0	0.0	0.016
6149	0.0	0.0	0.047
6150	0.0	0.0	0.118
6151	0.0	0.0	0.320
6152	0.0	0.0	0.342
6153	0.0	0.0	0.344
6154	0.0	0.0	0.360
6155	0.0	0.0	0.344
6156	0.0	0.0	0.333
6157	0.0	0.0	0.309
6158	0.0	0.0	0.271
6159	0.0	0.0	0.247
6160	0.0	0.0	0.231
6161	0.0	0.0	0.240
6162	0.0	0.0	0.297
6163	0.0	0.0	0.332
6164	0.0	0.0	0.411
6165	0.0	0.0	0.422
6166	0.0	0.0	0.393
6167	0.0	0.0	0.237
6168	0.0	0.0	0.148
6169	0.0	0.0	0.103
6170	0.0	0.0	0.055
6171	0.0	0.0	0.022
6172	0.0	0.0	0.016
6173	0.0	0.0	0.047
6174	0.0	0.0	0.118
6175	0.0	0.0	0.320
6176	0.0	0.0	0.342
6177	0.0	0.0	0.344
6178	0.0	0.0	0.360
6179	0.0	0.0	0.344
6180	0.0	0.0	0.333
6181	0.0	0.0	0.309
6182	0.0	0.0	0.271
6183	0.0	0.0	0.247
6184	0.0	0.0	0.231
6185	0.0	0.0	0.240
6186	0.0	0.0	0.297
6187	0.0	0.0	0.332
6188	0.0	0.0	0.411
6189	0.0	0.0	0.422
6190	0.0	0.0	0.393
6191	0.0	0.0	0.237
6192	0.0	0.0	0.148
6193	0.0	0.0	0.103
6194	0.0	0.0	0.055
6195	0.0	0.0	0.022
6196	0.0	0.0	0.016
6197	0.0	0.0	0.047
6198	0.0	0.0	0.118
6199	0.0	0.0	0.320
6200	0.0	0.0	0.342
6201	0.0	0.0	0.344
6202	0.0	0.0	0.360
6203	0.0	0.0	0.344
6204	0.0	0.0	0.333
6205	0.0	0.0	0.309
6206	0.0	0.0	0.271
6207	0.0	0.0	0.247
6208	0.0	0.0	0.231
6209	0.0	0.0	0.240
6210	0.0	0.0	0.297
6211	0.0	0.0	0.332
6212	0.0	0.0	0.411
6213	0.0	0.0	0.422
6214	0.0	0.0	0.393
6215	0.0	0.0	0.237
6216	0.0	0.0	0.148
6217	0.0	0.0	0.103
6218	0.0	0.0	0.055
6219	0.0	0.0	0.022
6220	0.0	0.0	0.016
6221	0.0	0.0	0.047
6222	0.0	0.0	0.118
6223	0.0	0.0	0.320
6224	0.0	0.0	0.342
6225	0.0	0.0	0.344
6226	0.0	0.0	0.360
6227	0.0	0.0	0.344
6228	0.0	0.0	0.333
6229	0.0	0.0	0.309
6230	0.0	0.0	0.271
6231	0.0	0.0	0.247
6232	0.0	0.0	0.231
6233	0.0	0.0	0.240
6234	0.0	0.0	0.297
6235	0.0	0.0	0.332
6236	0.0	0.0	0.411
6237	0.0	0.0	0.422
6238	0.0	0.0	0.393
6239	0.0	0.0	0.237
6240	0.0	0.0	0.148
6241	0.0	0.0	0.103
6242	0.0	0.0	0.055
6243	0.0	0.0	0.022
6244	0.0	0.0	0.016
6245	0.0	0.0	0.047
6246	0.0	0.0	0.118
6247	0.0	0.0	0.320
6248	0.0	0.0	0.342
6249	0.0	0.0	0.344
6250	0.0	0.0	0.360
6251	0.0	0.0	0.344
6252	0.0	0.0	0.333
6253	0.0	0.0	0.309
6254	0.0	0.0	0.271
6255	0.0	0.0	0.247
6256	0.0	0.0	0.231
6257	0.0	0.0	0.240
6258	0.0	0.0	0.297
6259	0.0	0.0	0.332
6260	0.0	0.0	0.411
6261	0.0	0.0	0.422
6262	0.0	0.0	0.393
6263	0.0	0.0	0.237
6264	0.0	0.0	0.148
6265	0.0	0.0	0.103
6266	0.0	0.0	0.055
6267	0.0	0.0	0.022
6268	0.0	0.0	0.016
6269	0.0	0.0	0.047
6270	0.0	0.0	0.118
6271	0.0	0.0	0.320
6272	0.0	0.0	0.342
6273	0.0	0.0	0.344
6274	0.0	0.0	0.360
6275	0.0	0.0	0.344
6276	0.0	0.0	0.333
6277	0.0	0.0	0.309
6278	0.0	0.0	0.271
6279	0.0	0.0	0.247
6280	0.0	0.0	0.231
6281	0.0	0.0	0.240
6282	0.0	0.0	0.297
6283	0.0	0.0	0.332
6284	0.0	0.0	0.411
6285	0.0	0.0	0.422
6286	0.0	0.0	0.393
6287	0.0	0.0	0.237
6288	0.0	0.0	0.148
6289	0.0	0.0	0.103
6290	0.0	0.0	0.055
6291	0.0	0.0	0.022
6292	0.0	0.0	0.016
6293	0.0	0.0	0.047
6294	0.0	0.0	0.118
6295	0.0	0.0	0.320
6296	0.0	0.0	0.342
6297	0.0	0.0	0.344
6298	0.0	0.0	0.360
6299	0.0	0.0	0.344
6300	0.0	0.0	0.333
6301	0.0	0.0	0.309
6302	0.0	0.0	0.271
6303	0.0	0.0	0.247
6304	0.0	0.0	0.231
6305	0.0	0.0	0.240
6306	0.0	0.0	0.297
6307	0.0	0.0	0.332
6308	0.0	0.0	0.411
6309	0.0	0.0	0.422
6310	0.0	0.0	0.393
6311	0.0	0.0	0.237
6312	0.0	0.0	0.148
6313	0.0	0.0	0.103
6314	0.0	0.0	0.055
6315	0.0	0.0	0.022
6316	0.0	0.0	0.016
6317	0.0	0.0	0.047
6318	0.0	0.0	0.118
6319	0.0	0.0	0.320
6320	0.0	0.0	0.342
6321	0.0	0.0	0.344
6322	0.0	0.0	0.360
6323	0.0	0.0	0.344
6324	0.0	0.0	0.333
6325	0.0	0.0	0.309
6326	0.0	0.0	0.271
6327	0.0	0.0	0.247
6328	0.0	0.0	0.231
6329	0.0	0.0	0.240
6330	0.0	0.0	0.297
6331	0.0	0.0	0.332
6332	0.0	0.0	0.411
6333	0.0	0.0	0.422
6334	0.0	0.0	0.393
6335	0.0	0.0	0.237
6336	0.0	0.0	0.148
6337	0.0	0.0	0.103
6338	0.0	0.0	0.055
6339	0.0	0.0	0.022
6340	0.0	0.0	0.016
6341	0.0	0.0	0.047
6342	0.0	0.0	0.118
6343	0.0	0.0	0.320
6344	0.0	0.0	0.342
6345	0.0	0.0	0.344
6346	0.0	0.0	0.360
6347	0.0	0.0	0.344
6348	0.0	0.0	0.333
6349	0.0	0.0	0.309
6350	0.0	0.0	0.271
6351	0.0	0.0	0.247
6352	0.0	0.0	0.231
6353	0.0	0.0	0.240
6354	0.0	0.0	0.297
6355	0.0	0.0	0.332
6356	0.0	0.0	0.411
6357	0.0	0.0	0.422
6358	0.0	0.0	0.393
6359	0.0	0.0	0.237
6360	0.0	0.0	0.148
6361	0.0	0.0	0.103
6362	0.0	0.0	0.055
6363	0.0	0.0	0.022
6364	0.0	0.0	0.016
6365	0.0	0.0	0.047
6366	0.0	0.0	0.118
6367	0.0	0.0	0.320
6368	0.0	0.0	0.342
6369	0.0	0.0	0.344
6370	0.0	0.0	0.360
6371	0.0	0.0	0.344
6372	0.0	0.0	0.333
6373	0.0	0.0	0.309
6374	0.0	0.0	0.271
6375	0.0	0.0	0.247
6376	0.0	0.0	0.231
6377	0.0	0.0	0.240
6378	0.0	0.0	0.297
6379	0.0	0.0	0.332
6380	0.0	0.0	0.411
6381	0.0	0.0	0.422
6382	0.0	0.0	0.393
6383	0.0	0.0	0.237
6384	0.0	0.0	0.148
6385	0.0	0.0	0.103
6386	0.0	0.0	0.055
6387	0.0	0.0	0.022
6388	0.0	0.0	0.016
6389	0.0	0.0	0.047
6390	0.0	0.0	0.118
6391	0.0	0.0	0.320
6392	0.0	0.0	0.342
6393	0.0	0.0	0.344
6394	0.0	0.0	0.360
6395	0.0	0.0	0.344
6396	0.0	0.0	0.333
6397	0.0	0.0	0.309
6398	0.0	0.0	0.271
6399	0.0	0.0	0.247
6400	0.0	0.0	0.231
6401	0.0	0.0	0.240
6402	0.0	0.0	0.297
6403	0.0	0.0	0.332
6404	0.0	0.0	0.411
6405	0.0	0.0	0.422
6406	0.0	0.0	0.393
6407	0.0	0.0	0.237
6408	0.0	0.0	0.148
6409	0.0	0.0	0.103
6410	0.0	0.0	0.055
6411	0.0	0.0	0.022
6412	0.0	0.0	0.016
6413	0.0	0.0	0.047
6414	0.0	0.0	0.118
6415	0.0	0.0	0.320
6416	0.0	0.0	0.342
6417	0.0	0.0	0.344
6418	0.0	0.0	0.360
6419	0.0	0.0	0.344
6420	0.0	0.0	0.333
6421	0.0	0.0	0.309
6422	0.0	0.0	0.271
6423	0.0	0.0	0.247
6424	0.0	0.0	0.231
6425	0.0	0.0	0.240
6426	0.0	0.0	0.297
6427	0.0	0.0	0.332
6428	0.0	0.0	0.411
6429	0.0	0.0	0.422
6430	0.0	0.0	0.393
6431	0.0	0.0	0.237
6432	0.0	0.0	0.148
6433	0.0	0.0	0.103
6434	0.0	0.0	0.055
6435	0.0	0.0	0.022
6436	0.0	0.0	0.016
6437	0.0	0.0	0.047
6438	0.0	0.0	0.118
6439	0.0	0.0	0.320
6440	0.0	0.0	0.342
6441	0.0	0.0	0.344
6442	0.0	0.0	0.360
6443	0.0	0.0	0.344
6444	0.0	0.0	0.333
6445	0.0	0.0	0.309
6446	0.0	0.0	0.271
6447	0.0	0.0	0.247
6448	0.0	0.0	0.231
6449	0.0	0.0	0.240
6450	0.0	0.0	0.297
6451	0.0	0.0	0.332
6452	0.0	0.0	0.411
6453	0.0	0.0	0.422
6454	0.0	0.0	0.393
6455	0.0	0.0	0.237
6456	0.0	0.0	0.148
6457	0.0	0.0	0.103
6458	0.0	0.0	0.055
6459	0.0	0.0	0.022
6460	0.0	0.0	0.016
6461	0.0	0.0	0.047
6462	0.0	0.0	0.118
6463	0.0	0.0	0.320
6464	0.0	0.0	0.342
6465	0.0	0.0	0.344
6466	0.0	0.0	0.360
6467	0.0	0.0	0.344
6468	0.0	0.0	0.333
6469	0.0	0.0	0.309
6470	0.0	0.0	0.271
6471	0.0	0.0	0.247
6472	0.0	0.0	0.231
6473	0.0	0.0	0.240
6474	0.0	0.0	0.297
6475	0.0	0.0	0.332
6476	0.0	0.0	0.411
6477	0.0	0.0	0.422
6478	0.0	0.0	0.393
6479	0.0	0.0	0.237
6480	0.0	0.0	0.148
6481	0.0	0.0	0.103
6482	0.0	0.0	0.055
6483	0.0	0.0	0.022
6484	0.0	0.0	0.016
6485	0.0	0.0	0.047
6486	0.0	0.0	0.118
6487	0.0	0.0	0.320
6488	0.0	0.0	0.342
6489	0.0	0.0	0.344
6490	0.0	0.0	0.360
6491	0.0	0.0	0.344
6492	0.0	0.0	0.333
6493	0.0	0.0	0.309
6494	0.0	0.0	0.271
6495	0.0	0.0	0.247
6496	0.0	0.0	0.231
6497	0.0	0.0	0.240
6498	0.0	0.0	0.297
6499	0.0	0.0	0.332
6500	0.0	0.0	0.411
6501	0.0	0.0	0.422
6502	0.0	0.0	0.393
6503	0.0	0.0	0.237
6504	0.0	0.0	0.148
6505	0.0	0.0	0.103
6506	0.0	0.0	0.055
6507	0.0	0.0	0.022
6508	0.0	0.0	0.016
6509	0.0	0.0	0.047
6510	0.0	0.0	0.118
6511	0.0	0.0	0.320
6512	0.0	0.0	0.342
6513	0.0	0.0	0.344
6514	0.0	0.0	0.360
6515	0.0	0.0	0.344
6516	0.0	0.0	0.333
6517	0.0	0.0	0.309
6518	0.0	0.0	0.271
6519	0.0	0.0	0.247
6520	0.0	0.0	0.231
6521	0.0	0.0	0.240
6522	0.0	0.0	0.297
6523	0.0	0.0	0.332
6524	0.0	0.0	0.411
6525	0.0	0.0	0.422
6526	0.0	0.0	0.393
6527	0.0	0.0	0.237
6528	0.0	0.0	0.148
6529	0.0	0.0	0.103
6530	0.0	0.0	0.055
6531	0.0	0.0	0.022
6532	0.0	0.0	0.016
6533	0.0	0.0	0.047
6534	0.0	0.0	0.118
6535	0.0	0.0	0.320
6536	0.0	0.0	0.342
6537	0.0	0.0	0.344
6538	0.0	0.0	0.360
6539	0.0	0.0	0.344
6540	0.0	0.0	0.333
6541	0.0	0.0	0.309
6542	0.0	0.0	0.271
6543	0.0	0.0	0.247
6544	0.0	0.0	0.231
6545	0.0	0.0	0.240
6546	0.0	0.0	0.297
6547	0.0	0.0	0.332
6548	0.0	0.0	0.411
6549	0.0	0.0	0.422
6550	0.0	0.0	0.393
6551	0.0	0.0	0.237
6552	0.0	0.0	0.148
6553	0.0	0.0	0.103
6554	0.0	0.0	0.055
6555	0.0	0.0	0.022
6556	0.0	0.0	0.016
6557	0.0	0.0	0.047
6558	0.0	0.0	0.118
6559	0.0	0.0	0.320
6560	0.0	0.0	0.342
6561	0.0	0.0	0.344
6562	0.0	0.0	0.360
6563	0.0	0.0	0.344
6564	0.0	0.0	0.333
6565	0.0	0.0	0.309
6566	0.0	0.0	0.271
6567	0.0	0.0	0.247
6568	0.0	0.0	0.231
6569	0.0	0.0	0.240
6570	0.0	0.0	0.297
6571	0.0	0.0	0.332
6572	0.0	0.0	0.411
6573	0.0	0.0	0.422
6574	0.0	0.0	0.393
6575	0.0	0.0	0.237
6576	0.0	0.0	0.148
6577	0.0	0.0	0.103
6578	0.1	0.0	0.055
6579	0.1	0.0	0.022
6580	0.1	0.0	0.016
6581	0.2	0.0	0.047
6582	0.3	0.0	0.118
6583	0.3	0.0	0.320
6584	1.0	0.0	0.342
6585	1.0	0.0	0.344
6586	0.9	0.0	0.360
6587	0.9	0.0	0.344
6588	0.9	0.0	0.333
6589	0.8	0.0	0.309
6590	0.8	0.0	0.271
6591	0.7	0.0	0.247
6592	0.8	0.0	0.231
6593	0.8	0.0	0.240
6594	1.1	0.0	0.297
6595	1.2	0.0	0.332
6596	1.3	0.0	0.411
6597	1.5	0.0	0.422
6598	1.6	0.0	0.393
6599	1.7	0.0	0.237
6600	1.8	0.0	0.148
6601	1.2	0.0	0.103
6602	1.3	0.0	0.055
6603	1.3	0.0	0.022
6604	1.3	0.0	0.016
6605	1.3	0.0	0.047
6606	1.4	0.0	0.118
6607	1.5	0.0	0.320
6608	2.1	0.0	0.342
6609	2.0	0.0	0.344
6610	1.9	0.0	0.360
6611	1.8	0.0	0.344
6612	1.6	0.0	0.333
6613	1.6	0.0	0.309
6614	1.6	0.0	0.271
6615	1.6	0.0	0.247
6616	1.6	0.0	0.231
6617	1.7	0.0	0.240
6618	1.8	0.0	0.297
6619	1.9	0.0	0.332
6620	2.0	0.0	0.411
6621	2.1	0.0	0.422
6622	2.3	0.0	0.393
6623	2.2	0.0	0.237
6624	2.3	0.0	0.148
6625	1.7	0.0	0.103
6626	1.7	0.0	0.055
6627	1.8	0.0	0.022
6628	1.7	0.0	0.016
6629	1.7	0.0	0.047
6630	1.7	0.0	0.118
6631	1.8	0.0	0.320
6632	2.3	0.0	0.342
6633	2.3	0.0	0.344
6634	2.2	0.0	0.360
6635	2.0	0.0	0.344
6636	1.8	0.0	0.333
6637	1.7	0.0	0.309
6638	1.6	0.0	0.271
6639	1.5	0.0	0.247
6640	1.5	0.0	0.231
6641	1.6	0.0	0.240
6642	1.8	0.0	0.297
6643	2.0	0.0	0.332
6644	2.1	0.0	0.411
6645	2.2	0.0	0.422
6646	2.2	0.0	0.393
6647	2.3	0.0	0.237
6648	2.3	0.0	0.148
6649	1.8	0.0	0.103
6650	1.8	0.0	0.055
6651	1.8	0.0	0.022
6652	1.8	0.0	0.016
6653	1.8	0.0	0.047
6654	1.8	0.0	0.118
6655	1.7	0.0	0.320
6656	2.2	0.0	0.342
6657	2.1	0.0	0.344
6658	1.8	0.0	0.360
6659	1.6	0.0	0.344
6660	1.4	0.0	0.333
6661	1.3	0.0	0.309
6662	1.1	0.0	0.271
6663	1.1	0.0	0.247
6664	1.1	0.0	0.231
6665	1.2	0.0	0.240
6666	1.4	0.0	0.297
6667	1.7	0.0	0.332
6668	1.8	0.0	0.411
6669	2.0	0.0	0.422
6670	2.0	0.0	0.393
6671	2.1	0.0	0.237
6672	2.3	0.0	0.148
6673	1.7	0.0	0.103
6674	1.7	0.0	0.055
6675	1.6	0.0	0.022
6676	1.7	0.0	0.016
6677	1.8	0.0	0.047
6678	1.8	0.0	0.118
6679	1.8	0.0	0.320
6680	2.3	0.0	0.342
6681	2.2	0.0	0.344
6682	2.1	0.0	0.360
6683	1.9	0.0	0.344
6684	1.7	0.0	0.333
6685	1.4	0.0	0.309
6686	1.3	0.0	0.271
6687	1.2	0.0	0.247
6688	1.2	0.0	0.231
6689	1.2	0.0	0.240
6690	1.4	0.0	0.297
6691	1.5	0.0	0.332
6692	1.6	0.0	0.411
6693	1.7	0.0	0.422
6694	1.6	0.0	0.393
6695	1.7	0.0	0.237
6696	1.8	0.0	0.148
6697	1.2	0.0	0.103
6698	1.3	0.0	0.055
6699	1.3	0.0	0.022
6700	1.4	0.0	0.016
6701	1.4	0.0	0.047
6702	1.5	0.0	0.118
6703	1.5	0.0	0.320
6704	2.1	0.0	0.342
6705	2.0	0.0	0.344
6706	1.8	0.0	0.360
6707	1.7	0.0	0.344
6708	1.6	0.0	0.333
6709	1.5	0.0	0.309
6710	1.4	0.0	0.271
6711	1.5	0.0	0.247
6712	1.5	0.0	0.231
6713	1.6	0.0	0.240
6714	1.8	0.0	0.297
6715	2.0	0.0	0.332
6716	2.2	0.0	0.411
6717	2.2	0.0	0.422
6718	2.3	0.0	0.393
6719	2.4	0.0	0.237
6720	2.5	0.0	0.148
6721	1.9	0.0	0.103
6722	1.9	0.0	0.055
6723	1.9	0.0	0.022
6724	1.9	0.0	0.016
6725	1.9	0.0	0.047
6726	2.0	0.0	0.118
6727	2.0	0.0	0.320
6728	2.6	0.0	0.342
6729	2.5	0.0	0.344
6730	2.2	0.0	0.360
6731	2.1	0.0	0.344
6732	1.9	0.0	0.333
6733	1.8	0.0	0.309
6734	1.6	0.0	0.271
6735	1.5	0.0	0.247
6736	1.6	0.0	0.231
6737	1.6	0.0	0.240
6738	1.7	0.0	0.297
6739	1.8	0.0	0.332
6740	1.9	0.0	0.411
6741	2.0	0.0	0.422
6742	2.0	0.0	0.393
6743	2.1	0.0	0.237
6744	2.1	0.0	0.148
6745	1.5	0.0	0.103
6746	1.5	0.0	0.055
6747	1.5	0.0	0.022
6748	1.5	0.0	0.016
6749	1.5	0.0	0.047
6750	1.5	0.0	0.118
6751	1.5	0.0	0.320
6752	2.1	0.0	0.342
6753	2.0	0.0	0.344
6754	1.9	0.0	0.360
6755	1.6	0.0	0.344
6756	1.5	0.0	0.333
6757	1.3	0.0	0.309
6758	1.2	0.0	0.271
6759	1.1	0.0	0.247
6760	1.1	0.0	0.231
6761	1.2	0.0	0.240
6762	1.3	0.0	0.297
6763	1.5	0.0	0.332
6764	1.5	0.0	0.411
6765	1.6	0.0	0.422
6766	1.7	0.0	0.393
6767	1.8	0.0	0.237
6768	1.9	0.0	0.148
6769	1.4	0.0	0.103
6770	1.5	0.0	0.055
6771	1.5	0.0	0.022
6772	1.6	0.0	0.016
6773	1.7	0.0	0.047
6774	1.8	0.0	0.118
6775	1.8	0.0	0.320
6776	2.3	0.0	0.342
6777	2.2	0.0	0.344
6778	2.0	0.0	0.360
6779	1.8	0.0	0.344
6780	1.6	0.0	0.333
6781	1.5	0.0	0.309
6782	1.3	0.0	0.271
6783	1.2	0.0	0.247
6784	1.2	0.0	0.231
6785	1.4	0.0	0.240
6786	1.5	0.0	0.297
6787	1.8	0.0	0.332
6788	1.8	0.0	0.411
6789	1.9	0.0	0.422
6790	2.0	0.0	0.393
6791	2.0	0.0	0.237
6792	2.0	0.0	0.148
6793	1.5	0.0	0.103
6794	1.5	0.0	0.055
6795	1.4	0.0	0.022
6796	1.4	0.0	0.016
6797	1.4	0.0	0.047
6798	1.4	0.0	0.118
6799	1.4	0.0	0.320
6800	2.0	0.0	0.342
6801	1.9	0.0	0.344
6802	1.7	0.0	0.360
6803	1.6	0.0	0.344
6804	1.4	0.0	0.333
6805	1.3	0.0	0.309
6806	1.2	0.0	0.271
6807	1.2	0.0	0.247
6808	1.1	0.0	0.231
6809	1.1	0.0	0.240
6810	1.2	0.0	0.297
6811	1.4	0.0	0.332
6812	1.5	0.0	0.411
6813	1.5	0.0	0.422
6814	1.5	0.0	0.393
6815	1.6	0.0	0.237
6816	1.6	0.0	0.148
6817	1.1	0.0	0.103
6818	1.1	0.0	0.055
6819	1.1	0.0	0.022
6820	1.2	0.0	0.016
6821	1.1	0.0	0.047
6822	1.1	0.0	0.118
6823	1.1	0.0	0.320
6824	1.7	0.0	0.342
6825	1.7	0.0	0.344
6826	1.6	0.0	0.360
6827	1.5	0.0	0.344
6828	1.3	0.0	0.333
6829	1.2	0.0	0.309
6830	1.2	0.0	0.271
6831	1.0	0.0	0.247
6832	1.1	0.0	0.231
6833	1.1	0.0	0.240
6834	1.1	0.0	0.297
6835	1.1	0.0	0.332
6836	1.1	0.0	0.411
6837	1.2	0.0	0.422
6838	1.3	0.0	0.393
6839	1.3	0.0	0.237
6840	1.3	0.0	0.148
6841	0.8	0.0	0.103
6842	0.8	0.0	0.055
6843	0.8	0.0	0.022
6844	0.8	0.0	0.016
6845	0.8	0.0	0.047
6846	0.7	0.0	0.118
6847	0.7	0.0	0.320
6848	1.3	0.0	0.342
6849	1.1	0.0	0.344
6850	1.0	0.0	0.360
6851	0.9	0.0	0.344
6852	0.7	0.0	0.333
6853	0.7	0.0	0.309
6854	0.6	0.0	0.271
6855	0.7	0.0	0.247
6856	0.7	0.0	0.231
6857	0.6	0.0	0.240
6858	0.6	0.0	0.297
6859	0.6	0.0	0.332
6860	0.7	0.0	0.411
6861	0.6	0.0	0.422
6862	0.6	0.0	0.393
6863	0.6	0.0	0.237
6864	0.6	0.0	0.148
6865	0.0	0.0	0.103
6866	0.0	0.0	0.055
6867	0.0	0.0	0.022
6868	0.0	0.0	0.016
6869	0.0	0.0	0.047
6870	0.0	0.0	0.118
6871	0.0	0.0	0.320
6872	0.0	0.0	0.342
6873	0.0	0.0	0.344
6874	0.0	0.0	0.360
6875	0.0	0.0	0.344
6876	0.0	0.0	0.333
6877	0.0	0.0	0.309
6878	0.0	0.0	0.271
6879	0.0	0.0	0.247
6880	0.0	0.0	0.231
6881	0.0	0.0	0.240
6882	0.0	0.0	0.297
6883	0.0	0.0	0.332
6884	0.0	0.0	0.411
6885	0.0	0.0	0.422
6886	0.0	0.0	0.393
6887	0.0	0.0	0.237
6888	0.0	0.0	0.148
6889	0.5	0.0	0.103
6890	0.4	0.0	0.055
6891	0.5	0.0	0.022
6892	0.6	0.0	0.016
6893	0.7	0.0	0.047
6894	0.6	0.0	0.118
6895	0.7	0.0	0.320
6896	1.2	0.0	0.342
6897	1.1	0.0	0.344
6898	0.9	0.0	0.360
6899	0.7	0.0	0.344
6900	0.5	0.0	0.333
6901	0.4	0.0	0.309
6902	0.2	0.0	0.271
6903	0.2	0.0	0.247
6904	0.2	0.0	0.231
6905	0.3	0.0	0.240
6906	0.4	0.0	0.297
6907	0.6	0.0	0.332
6908	0.8	0.0	0.411
6909	0.9	0.0	0.422
6910	1.0	0.0	0.393
6911	1.1	0.0	0.237
6912	1.3	0.0	0.148
6913	0.6	0.0	0.103
6914	0.7	0.0	0.055
6915	0.7	0.0	0.022
6916	0.8	0.0	0.016
6917	0.8	0.0	0.047
6918	0.7	0.0	0.118
6919	0.7	0.0	0.320
6920	1.2	0.0	0.342
6921	1.1	0.0	0.344
6922	1.0	0.0	0.360
6923	0.9	0.0	0.344
6924	0.7	0.0	0.333
6925	0.4	0.0	0.309
6926	0.3	0.0	0.271
6927	0.3	0.0	0.247
6928	0.2	0.0	0.231
6929	0.2	0.0	0.240
6930	0.4	0.0	0.297
6931	0.5	0.0	0.332
6932	0.5	0.0	0.411
6933	0.5	0.0	0.422
6934	0.6	0.0	0.393
6935	0.6	0.0	0.237
6936	0.6	0.0	0.148
6937	0.1	0.0	0.103
6938	0.2	0.0	0.055
6939	0.2	0.0	0.022
6940	0.2	0.0	0.016
6941	0.3	0.0	0.047
6942	0.3	0.0	0.118
6943	0.3	0.0	0.320
6944	0.9	0.0	0.342
6945	0.8	0.0	0.344
6946	0.6	0.0	0.360
6947	0.4	0.0	0.344
6948	0.3	0.0	0.333
6949	0.2	0.0	0.309
6950	0.2	0.0	0.271
6951	0.2	0.0	0.247
6952	0.2	0.0	0.231
6953	0.3	0.0	0.240
6954	0.4	0.0	0.297
6955	0.5	0.0	0.332
6956	0.7	0.0	0.411
6957	0.8	0.0	0.422
6958	0.9	0.0	0.393
6959	1.0	0.0	0.237
6960	1.1	0.0	0.148
6961	0.6	0.0	0.103
6962	0.6	0.0	0.055
6963	0.7	0.0	0.022
6964	0.9	0.0	0.016
6965	0.9	0.0	0.047
6966	1.0	0.0	0.118
6967	1.1	0.0	0.320
6968	1.7	0.0	0.342
6969	1.7	0.0	0.344
6970	1.6	0.0	0.360
6971	1.4	0.0	0.344
6972	1.2	0.0	0.333
6973	1.1	0.0	0.309
6974	1.1	0.0	0.271
6975	1.2	0.0	0.247
6976	1.2	0.0	0.231
6977	1.2	0.0	0.240
6978	1.4	0.0	0.297
6979	1.7	0.0	0.332
6980	1.8	0.0	0.411
6981	1.9	0.0	0.422
6982	2.1	0.0	0.393
6983	2.1	0.0	0.237
6984	2.2	0.0	0.148
6985	1.8	0.0	0.103
6986	1.8	0.0	0.055
6987	1.9	0.0	0.022
6988	1.9	0.0	0.016
6989	2.0	0.0	0.047
6990	1.9	0.0	0.118
6991	1.9	0.0	0.320
6992	2.3	0.0	0.342
6993	2.2	0.0	0.344
6994	2.1	0.0	0.360
6995	1.9	0.0	0.344
6996	1.6	0.0	0.333
6997	1.5	0.0	0.309
6998	1.3	0.0	0.271
6999	1.2	0.0	0.247
7000	1.3	0.0	0.231
7001	1.3	0.0	0.240
7002	1.5	0.0	0.297
7003	1.7	0.0	0.332
7004	1.8	0.0	0.411
7005	1.9	0.0	0.422
7006	2.0	0.0	0.393
7007	2.1	0.0	0.237
7008	2.2	0.0	0.148
7009	1.7	0.0	0.103
7010	1.6	0.0	0.055
7011	1.7	0.0	0.022
7012	1.8	0.0	0.016
7013	1.9	0.0	0.047
7014	2.0	0.0	0.118
7015	2.1	0.0	0.320
7016	2.6	0.0	0.342
7017	2.5	0.0	0.344
7018	2.4	0.0	0.360
7019	2.2	0.0	0.344
7020	2.0	0.0	0.333
7021	1.8	0.0	0.309
7022	1.7	0.0	0.271
7023	1.6	0.0	0.247
7024	1.7	0.0	0.231
7025	1.8	0.0	0.240
7026	1.9	0.0	0.297
7027	2.0	0.0	0.332
7028	2.1	0.0	0.411
7029	2.0	0.0	0.422
7030	2.1	0.0	0.393
7031	2.2	0.0	0.237
7032	2.3	0.0	0.148
7033	1.6	0.0	0.103
7034	1.6	0.0	0.055
7035	1.7	0.0	0.022
7036	1.7	0.0	0.016
7037	1.7	0.0	0.047
7038	1.7	0.0	0.118
7039	1.7	0.0	0.320
7040	2.1	0.0	0.342
7041	2.0	0.0	0.344
7042	2.0	0.0	0.360
7043	1.8	0.0	0.344
7044	1.5	0.0	0.333
7045	1.5	0.0	0.309
7046	1.5	0.0	0.271
7047	1.4	0.0	0.247
7048	1.4	0.0	0.231
7049	1.4	0.0	0.240
7050	1.6	0.0	0.297
7051	1.7	0.0	0.332
7052	1.8	0.0	0.411
7053	1.9	0.0	0.422
7054	2.0	0.0	0.393
7055	2.1	0.0	0.237
7056	2.1	0.0	0.148
7057	1.5	0.0	0.103
7058	1.5	0.0	0.055
7059	1.7	0.0	0.022
7060	1.7	0.0	0.016
7061	1.7	0.0	0.047
7062	1.7	0.0	0.118
7063	1.6	0.0	0.320
7064	2.1	0.0	0.342
7065	2.0	0.0	0.344
7066	1.9	0.0	0.360
7067	1.8	0.0	0.344
7068	1.6	0.0	0.333
7069	1.5	0.0	0.309
7070	1.4	0.0	0.271
7071	1.4	0.0	0.247
7072	1.4	0.0	0.231
7073	1.5	0.0	0.240
7074	1.6	0.0	0.297
7075	1.7	0.0	0.332
7076	1.9	0.0	0.411
7077	2.0	0.0	0.422
7078	2.0	0.0	0.393
7079	2.2	0.0	0.237
7080	2.2	0.0	0.148
7081	1.7	0.0	0.103
7082	1.7	0.0	0.055
7083	1.7	0.0	0.022
7084	1.7	0.0	0.016
7085	1.7	0.0	0.047
7086	1.7	0.0	0.118
7087	1.7	0.0	0.320
7088	2.2	0.0	0.342
7089	2.0	0.0	0.344
7090	1.8	0.0	0.360
7091	1.6	0.0	0.344
7092	1.4	0.0	0.333
7093	1.3	0.0	0.309
7094	1.2	0.0	0.271
7095	1.1	0.0	0.247
7096	1.2	0.0	0.231
7097	1.2	0.0	0.240
7098	1.3	0.0	0.297
7099	1.4	0.0	0.332
7100	1.4	0.0	0.411
7101	1.5	0.0	0.422
7102	1.6	0.0	0.393
7103	1.6	0.0	0.237
7104	1.6	0.0	0.148
7105	1.1	0.0	0.103
7106	1.0	0.0	0.055
7107	1.2	0.0	0.022
7108	1.2	0.0	0.016
7109	1.2	0.0	0.047
7110	1.2	0.0	0.118
7111	1.2	0.0	0.320
7112	1.9	0.0	0.342
7113	1.8	0.0	0.344
7114	1.6	0.0	0.360
7115	1.4	0.0	0.344
7116	1.2	0.0	0.333
7117	1.1	0.0	0.309
7118	1.1	0.0	0.271
7119	1.2	0.0	0.247
7120	1.3	0.0	0.231
7121	1.4	0.0	0.240
7122	1.6	0.0	0.297
7123	1.7	0.0	0.332
7124	1.7	0.0	0.411
7125	1.8	0.0	0.422
7126	1.7	0.0	0.393
7127	1.7	0.0	0.237
7128	1.8	0.0	0.148
7129	1.2	0.0	0.103
7130	1.3	0.0	0.055
7131	1.3	0.0	0.022
7132	1.3	0.0	0.016
7133	1.2	0.0	0.047
7134	1.2	0.0	0.118
7135	1.2	0.0	0.320
7136	1.7	0.0	0.342
7137	1.6	0.0	0.344
7138	1.5	0.0	0.360
7139	1.3	0.0	0.344
7140	1.2	0.0	0.333
7141	0.9	0.0	0.309
7142	0.8	0.0	0.271
7143	0.8	0.0	0.247
7144	0.8	0.0	0.231
7145	1.0	0.0	0.240
7146	1.1	0.0	0.297
7147	1.2	0.0	0.332
7148	1.3	0.0	0.411
7149	1.4	0.0	0.422
7150	1.4	0.0	0.393
7151	1.5	0.0	0.237
7152	1.5	0.0	0.148
7153	1.1	0.0	0.103
7154	1.1	0.0	0.055
7155	1.2	0.0	0.022
7156	1.2	0.0	0.016
7157	1.2	0.0	0.047
7158	1.2	0.0	0.118
7159	1.2	0.0	0.320
7160	1.6	0.0	0.342
7161	1.4	0.0	0.344
7162	1.2	0.0	0.360
7163	1.0	0.0	0.344
7164	0.8	0.0	0.333
7165	0.6	0.0	0.309
7166	0.6	0.0	0.271
7167	0.6	0.0	0.247
7168	0.6	0.0	0.231
7169	0.6	0.0	0.240
7170	0.8	0.0	0.297
7171	1.0	0.0	0.332
7172	1.0	0.0	0.411
7173	1.1	0.0	0.422
7174	1.2	0.0	0.393
7175	1.2	0.0	0.237
7176	1.4	0.0	0.148
7177	0.9	0.0	0.103
7178	0.8	0.0	0.055
7179	0.8	0.0	0.022
7180	0.8	0.0	0.016
7181	0.7	0.0	0.047
7182	0.6	0.0	0.118
7183	0.6	0.0	0.320
7184	1.1	0.0	0.342
7185	1.1	0.0	0.344
7186	0.9	0.0	0.360
7187	0.7	0.0	0.344
7188	0.5	0.0	0.333
7189	0.2	0.0	0.309
7190	0.0	0.0	0.271
7191	0.0	0.0	0.247
7192	0.0	0.0	0.231
7193	0.0	0.0	0.240
7194	0.1	0.0	0.297
7195	0.3	0.0	0.332
7196	0.4	0.0	0.411
7197	0.4	0.0	0.422
7198	0.5	0.0	0.393
7199	0.6	0.0	0.237
7200	0.6	0.0	0.148
7201	0.1	0.0	0.103
7202	0.3	0.0	0.055
7203	0.3	0.0	0.022
7204	0.3	0.0	0.016
7205	0.3	0.0	0.047
7206	0.4	0.0	0.118
7207	0.5	0.0	0.320
7208	1.2	0.0	0.342
7209	1.0	0.0	0.344
7210	0.9	0.0	0.360
7211	0.8	0.0	0.344
7212	0.6	0.0	0.333
7213	0.5	0.0	0.309
7214	0.4	0.0	0.271
7215	0.3	0.0	0.247
7216	0.2	0.0	0.231
7217	0.3	0.0	0.240
7218	0.5	0.0	0.297
7219	0.7	0.0	0.332
7220	0.9	0.0	0.411
7221	0.9	0.0	0.422
7222	0.9	0.0	0.393
7223	1.1	0.0	0.237
7224	1.1	0.0	0.148
7225	0.7	0.0	0.103
7226	0.7	0.0	0.055
7227	0.7	0.0	0.022
7228	0.7	0.0	0.016
7229	0.7	0.0	0.047
7230	0.7	0.0	0.118
7231	0.7	0.0	0.320
7232	1.2	0.0	0.342
7233	1.1	0.0	0.344
7234	0.9	0.0	0.360
7235	0.9	0.0	0.344
7236	0.7	0.0	0.333
7237	0.5	0.0	0.309
7238	0.5	0.0	0.271
7239	0.5	0.0	0.247
7240	0.5	0.0	0.231
7241	0.5	0.0	0.240
7242	0.5	0.0	0.297
7243	0.6	0.0	0.332
7244	0.7	0.0	0.411
7245	0.6	0.0	0.422
7246	0.6	0.0	0.393
7247	0.7	0.0	0.237
7248	0.7	0.0	0.148
7249	0.1	0.0	0.103
7250	0.2	0.0	0.055
7251	0.2	0.0	0.022
7252	0.3	0.0	0.016
7253	0.3	0.0	0.047
7254	0.3	0.0	0.118
7255	0.3	0.0	0.320
7256	0.9	0.0	0.342
7257	0.9	0.0	0.344
7258	0.8	0.0	0.360
7259	0.7	0.0	0.344
7260	0.6	0.0	0.333
7261	0.4	0.0	0.309
7262	0.5	0.0	0.271
7263	0.5	0.0	0.247
7264	0.5	0.0	0.231
7265	0.7	0.0	0.240
7266	0.8	0.0	0.297
7267	0.8	0.0	0.332
7268	0.8	0.0	0.411
7269	1.0	0.0	0.422
7270	1.0	0.0	0.393
7271	1.0	0.0	0.237
7272	1.1	0.0	0.148
7273	0.5	0.0	0.103
7274	0.5	0.0	0.055
7275	0.5	0.0	0.022
7276	0.4	0.0	0.016
7277	0.4	0.0	0.047
7278	0.5	0.0	0.118
7279	0.4	0.0	0.320
7280	1.0	0.0	0.342
7281	1.0	0.0	0.344
7282	1.0	0.0	0.360
7283	1.0	0.0	0.344
7284	1.0	0.0	0.333
7285	1.0	0.0	0.309
7286	1.0	0.0	0.271
7287	1.0	0.0	0.247
7288	0.9	0.0	0.231
7289	0.9	0.0	0.240
7290	1.0	0.0	0.297
7291	1.0	0.0	0.332
7292	1.0	0.0	0.411
7293	1.0	0.0	0.422
7294	1.1	0.0	0.393
7295	1.0	0.0	0.237
7296	1.0	0.0	0.148
7297	0.8	0.0	0.103
7298	1.0	0.0	0.055
7299	1.1	0.0	0.022
7300	1.2	0.0	0.016
7301	1.4	0.0	0.047
7302	1.6	0.0	0.118
7303	1.7	0.0	0.320
7304	2.8	0.0	0.342
7305	2.8	0.0	0.344
7306	3.0	0.0	0.360
7307	2.9	0.0	0.344
7308	2.8	0.0	0.333
7309	2.7	0.0	0.309
7310	2.7	0.0	0.271
7311	2.8	0.0	0.247
7312	2.9	0.0	0.231
7313	3.0	0.0	0.240
7314	3.4	0.0	0.297
7315	3.7	0.0	0.332
7316	3.5	0.0	0.411
7317	3.6	0.0	0.422
7318	3.6	0.0	0.393
7319	3.8	0.0	0.237
7320	4.0	0.0	0.148
7321	3.0	0.0	0.103
7322	3.1	0.0	0.055
7323	3.2	0.0	0.022
7324	3.3	0.0	0.016
7325	3.2	0.0	0.047
7326	3.1	0.0	0.118
7327	3.2	0.0	0.320
7328	4.1	0.0	0.342
7329	3.9	0.0	0.344
7330	3.6	0.0	0.360
7331	3.2	0.0	0.344
7332	2.9	0.0	0.333
7333	2.8	0.0	0.309
7334	2.5	0.0	0.271
7335	2.4	0.0	0.247
7336	2.4	0.0	0.231
7337	2.4	0.0	0.240
7338	2.6	0.0	0.297
7339	2.6	0.0	0.332
7340	2.7	0.0	0.411
7341	2.8	0.0	0.422
7342	2.8	0.0	0.393
7343	3.1	0.0	0.237
7344	3.1	0.0	0.148
7345	2.1	0.0	0.103
7346	2.1	0.0	0.055
7347	2.2	0.0	0.022
7348	2.2	0.0	0.016
7349	2.1	0.0	0.047
7350	2.2	0.0	0.118
7351	2.2	0.0	0.320
7352	3.1	0.0	0.342
7353	3.0	0.0	0.344
7354	2.9	0.0	0.360
7355	2.8	0.0	0.344
7356	2.6	0.0	0.333
7357	2.5	0.0	0.309
7358	2.3	0.0	0.271
7359	2.2	0.0	0.247
7360	2.1	0.0	0.231
7361	2.2	0.0	0.240
7362	2.2	0.0	0.297
7363	2.1	0.0	0.332
7364	2.0	0.0	0.411
7365	2.1	0.0	0.422
7366	2.1	0.0	0.393
7367	2.0	0.0	0.237
7368	1.9	0.0	0.148
7369	0.6	0.0	0.103
7370	0.7	0.0	0.055
7371	0.8	0.0	0.022
7372	0.9	0.0	0.016
7373	1.2	0.0	0.047
7374	1.3	0.0	0.118
7375	1.1	0.0	0.320
7376	2.2	0.0	0.342
7377	2.2	0.0	0.344
7378	2.0	0.0	0.360
7379	1.7	0.0	0.344
7380	1.4	0.0	0.333
7381	1.2	0.0	0.309
7382	0.9	0.0	0.271
7383	1.0	0.0	0.247
7384	1.0	0.0	0.231
7385	1.1	0.0	0.240
7386	1.4	0.0	0.297
7387	1.6	0.0	0.332
7388	1.6	0.0	0.411
7389	1.5	0.0	0.422
7390	1.6	0.0	0.393
7391	1.7	0.0	0.237
7392	1.9	0.0	0.148
7393	0.8	0.0	0.103
7394	0.8	0.0	0.055
7395	0.8	0.0	0.022
7396	0.8	0.0	0.016
7397	0.9	0.0	0.047
7398	0.9	0.0	0.118
7399	0.7	0.0	0.320
7400	1.7	0.0	0.342
7401	1.8	0.0	0.344
7402	1.7	0.0	0.360
7403	1.8	0.0	0.344
7404	1.6	0.0	0.333
7405	1.3	0.0	0.309
7406	1.1	0.0	0.271
7407	1.1	0.0	0.247
7408	1.3	0.0	0.231
7409	1.4	0.0	0.240
7410	1.6	0.0	0.297
7411	1.7	0.0	0.332
7412	1.7	0.0	0.411
7413	1.7	0.0	0.422
7414	1.7	0.0	0.393
7415	1.6	0.0	0.237
7416	1.5	0.0	0.148
7417	0.3	0.0	0.103
7418	0.5	0.0	0.055
7419	0.7	0.0	0.022
7420	0.6	0.0	0.016
7421	0.7	0.0	0.047
7422	0.9	0.0	0.118
7423	0.7	0.0	0.320
7424	1.7	0.0	0.342
7425	1.6	0.0	0.344
7426	1.6	0.0	0.360
7427	1.6	0.0	0.344
7428	1.7	0.0	0.333
7429	1.4	0.0	0.309
7430	1.4	0.0	0.271
7431	1.3	0.0	0.247
7432	1.5	0.0	0.231
7433	1.7	0.0	0.240
7434	1.8	0.0	0.297
7435	1.9	0.0	0.332
7436	2.1	0.0	0.411
7437	2.4	0.0	0.422
7438	2.5	0.0	0.393
7439	2.5	0.0	0.237
7440	2.6	0.0	0.148
7441	1.7	0.0	0.103
7442	1.9	0.0	0.055
7443	2.0	0.0	0.022
7444	2.2	0.0	0.016
7445	2.4	0.0	0.047
7446	2.7	0.0	0.118
7447	2.8	0.0	0.320
7448	3.8	0.0	0.342
7449	3.8	0.0	0.344
7450	3.7	0.0	0.360
7451	3.3	0.0	0.344
7452	3.1	0.0	0.333
7453	2.9	0.0	0.309
7454	2.7	0.0	0.271
7455	2.7	0.0	0.247
7456	2.8	0.0	0.231
7457	3.1	0.0	0.240
7458	3.5	0.0	0.297
7459	3.7	0.0	0.332
7460	3.8	0.0	0.411
7461	4.0	0.0	0.422
7462	4.4	0.0	0.393
7463	4.6	0.0	0.237
7464	4.7	0.0	0.148
7465	3.8	0.0	0.103
7466	3.9	0.0	0.055
7467	4.0	0.0	0.022
7468	4.1	0.0	0.016
7469	4.1	0.0	0.047
7470	4.1	0.0	0.118
7471	4.1	0.0	0.320
7472	5.1	0.0	0.342
7473	5.1	0.0	0.344
7474	5.1	0.0	0.360
7475	5.0	0.0	0.344
7476	4.9	0.0	0.333
7477	4.6	0.0	0.309
7478	4.6	0.0	0.271
7479	4.5	0.0	0.247
7480	4.5	0.0	0.231
7481	4.5	0.0	0.240
7482	4.6	0.0	0.297
7483	4.6	0.0	0.332
7484	4.7	0.0	0.411
7485	4.6	0.0	0.422
7486	4.6	0.0	0.393
7487	4.7	0.0	0.237
7488	4.8	0.0	0.148
7489	3.7	0.0	0.103
7490	3.8	0.0	0.055
7491	3.7	0.0	0.022
7492	3.9	0.0	0.016
7493	3.8	0.0	0.047
7494	3.7	0.0	0.118
7495	3.7	0.0	0.320
7496	4.9	0.0	0.342
7497	4.9	0.0	0.344
7498	4.5	0.0	0.360
7499	4.4	0.0	0.344
7500	3.9	0.0	0.333
7501	3.7	0.0	0.309
7502	3.7	0.0	0.271
7503	3.6	0.0	0.247
7504	3.7	0.0	0.231
7505	3.9	0.0	0.240
7506	4.1	0.0	0.297
7507	4.3	0.0	0.332
7508	4.5	0.0	0.411
7509	4.8	0.0	0.422
7510	4.9	0.0	0.393
7511	4.9	0.0	0.237
7512	5.1	0.0	0.148
7513	4.2	0.0	0.103
7514	4.0	0.0	0.055
7515	4.0	0.0	0.022
7516	4.0	0.0	0.016
7517	4.0	0.0	0.047
7518	4.0	0.0	0.118
7519	4.0	0.0	0.320
7520	5.0	0.0	0.342
7521	4.9	0.0	0.344
7522	4.8	0.0	0.360
7523	4.7	0.0	0.344
7524	4.6	0.0	0.333
7525	4.6	0.0	0.309
7526	4.4	0.0	0.271
7527	4.2	0.0	0.247
7528	4.4	0.0	0.231
7529	4.6	0.0	0.240
7530	4.6	0.0	0.297
7531	4.6	0.0	0.332
7532	4.6	0.0	0.411
7533	4.7	0.0	0.422
7534	4.8	0.0	0.393
7535	4.7	0.0	0.237
7536	4.8	0.0	0.148
7537	3.5	0.0	0.103
7538	3.8	0.0	0.055
7539	3.9	0.0	0.022
7540	3.9	0.0	0.016
7541	3.9	0.0	0.047
7542	3.9	0.0	0.118
7543	3.8	0.0	0.320
7544	5.0	0.0	0.342
7545	5.1	0.0	0.344
7546	5.0	0.0	0.360
7547	5.0	0.0	0.344
7548	5.0	0.0	0.333
7549	4.8	0.0	0.309
7550	4.6	0.0	0.271
7551	4.6	0.0	0.247
7552	4.8	0.0	0.231
7553	4.8	0.0	0.240
7554	5.2	0.0	0.297
7555	5.4	0.0	0.332
7556	5.2	0.0	0.411
7557	5.3	0.0	0.422
7558	5.5	0.0	0.393
7559	5.6	0.0	0.237
7560	5.8	0.0	0.148
7561	4.8	0.0	0.103
7562	4.7	0.0	0.055
7563	4.8	0.0	0.022
7564	4.8	0.0	0.016
7565	4.9	0.0	0.047
7566	5.0	0.0	0.118
7567	5.1	0.0	0.320
7568	6.3	0.0	0.342
7569	6.3	0.0	0.344
7570	6.4	0.0	0.360
7571	6.5	0.0	0.344
7572	6.4	0.0	0.333
7573	6.5	0.0	0.309
7574	6.5	0.0	0.271
7575	6.3	0.0	0.247
7576	6.1	0.0	0.231
7577	6.4	0.0	0.240
7578	6.4	0.0	0.297
7579	6.2	0.0	0.332
7580	6.2	0.0	0.411
7581	6.3	0.0	0.422
7582	6.3	0.0	0.393
7583	6.3	0.0	0.237
7584	6.5	0.0	0.148
7585	5.4	0.0	0.103
7586	5.5	0.0	0.055
7587	5.6	0.0	0.022
7588	5.6	0.0	0.016
7589	5.4	0.0	0.047
7590	5.3	0.0	0.118
7591	5.1	0.0	0.320
7592	6.1	0.0	0.342
7593	6.0	0.0	0.344
7594	6.1	0.0	0.360
7595	5.8	0.0	0.344
7596	5.6	0.0	0.333
7597	5.4	0.0	0.309
7598	5.1	0.0	0.271
7599	4.9	0.0	0.247
7600	4.9	0.0	0.231
7601	4.8	0.0	0.240
7602	4.7	0.0	0.297
7603	4.8	0.0	0.332
7604	5.0	0.0	0.411
7605	5.0	0.0	0.422
7606	4.8	0.0	0.393
7607	4.8	0.0	0.237
7608	4.8	0.0	0.148
7609	3.7	0.0	0.103
7610	3.7	0.0	0.055
7611	3.7	0.0	0.022
7612	3.9	0.0	0.016
7613	4.1	0.0	0.047
7614	4.2	0.0	0.118
7615	4.1	0.0	0.320
7616	5.2	0.0	0.342
7617	5.0	0.0	0.344
7618	4.9	0.0	0.360
7619	4.5	0.0	0.344
7620	4.3	0.0	0.333
7621	4.1	0.0	0.309
7622	3.9	0.0	0.271
7623	3.7	0.0	0.247
7624	3.7	0.0	0.231
7625	3.9	0.0	0.240
7626	4.0	0.0	0.297
7627	4.1	0.0	0.332
7628	4.2	0.0	0.411
7629	4.1	0.0	0.422
7630	4.1	0.0	0.393
7631	4.1	0.0	0.237
7632	4.1	0.0	0.148
7633	3.1	0.0	0.103
7634	3.2	0.0	0.055
7635	3.2	0.0	0.022
7636	3.2	0.0	0.016
7637	3.1	0.0	0.047
7638	3.0	0.0	0.118
7639	3.2	0.0	0.320
7640	4.1	0.0	0.342
7641	3.8	0.0	0.344
7642	3.7	0.0	0.360
7643	3.4	0.0	0.344
7644	3.4	0.0	0.333
7645	3.1	0.0	0.309
7646	2.9	0.0	0.271
7647	2.9	0.0	0.247
7648	2.8	0.0	0.231
7649	2.8	0.0	0.240
7650	2.9	0.0	0.297
7651	3.3	0.0	0.332
7652	3.3	0.0	0.411
7653	3.2	0.0	0.422
7654	3.3	0.0	0.393
7655	3.3	0.0	0.237
7656	3.2	0.0	0.148
7657	2.1	0.0	0.103
7658	2.0	0.0	0.055
7659	2.1	0.0	0.022
7660	2.1	0.0	0.016
7661	2.1	0.0	0.047
7662	2.0	0.0	0.118
7663	2.1	0.0	0.320
7664	3.1	0.0	0.342
7665	3.0	0.0	0.344
7666	3.0	0.0	0.360
7667	2.7	0.0	0.344
7668	2.5	0.0	0.333
7669	2.2	0.0	0.309
7670	2.2	0.0	0.271
7671	2.0	0.0	0.247
7672	2.1	0.0	0.231
7673	2.2	0.0	0.240
7674	2.5	0.0	0.297
7675	2.5	0.0	0.332
7676	2.6	0.0	0.411
7677	2.4	0.0	0.422
7678	2.5	0.0	0.393
7679	2.5	0.0	0.237
7680	2.6	0.0	0.148
7681	1.5	0.0	0.103
7682	1.6	0.0	0.055
7683	1.4	0.0	0.022
7684	1.4	0.0	0.016
7685	1.5	0.0	0.047
7686	1.5	0.0	0.118
7687	1.4	0.0	0.320
7688	2.8	0.0	0.342
7689	2.8	0.0	0.344
7690	2.9	0.0	0.360
7691	2.9	0.0	0.344
7692	2.9	0.0	0.333
7693	2.8	0.0	0.309
7694	2.8	0.0	0.271
7695	2.8	0.0	0.247
7696	3.0	0.0	0.231
7697	3.1	0.0	0.240
7698	3.3	0.0	0.297
7699	3.3	0.0	0.332
7700	3.7	0.0	0.411
7701	3.5	0.0	0.422
7702	3.6	0.0	0.393
7703	3.6	0.0	0.237
7704	3.5	0.0	0.148
7705	2.5	0.0	0.103
7706	2.5	0.0	0.055
7707	2.5	0.0	0.022
7708	2.7	0.0	0.016
7709	2.7	0.0	0.047
7710	2.7	0.0	0.118
7711	2.7	0.0	0.320
7712	3.8	0.0	0.342
7713	3.8	0.0	0.344
7714	3.7	0.0	0.360
7715	3.6	0.0	0.344
7716	3.3	0.0	0.333
7717	3.0	0.0	0.309
7718	2.9	0.0	0.271
7719	3.1	0.0	0.247
7720	3.1	0.0	0.231
7721	3.3	0.0	0.240
7722	3.4	0.0	0.297
7723	3.5	0.0	0.332
7724	3.8	0.0	0.411
7725	4.0	0.0	0.422
7726	4.1	0.0	0.393
7727	4.1	0.0	0.237
7728	4.3	0.0	0.148
7729	3.4	0.0	0.103
7730	3.5	0.0	0.055
7731	3.7	0.0	0.022
7732	3.8	0.0	0.016
7733	4.0	0.0	0.047
7734	4.2	0.0	0.118
7735	4.3	0.0	0.320
7736	5.4	0.0	0.342
7737	5.4	0.0	0.344
7738	5.0	0.0	0.360
7739	4.9	0.0	0.344
7740	4.6	0.0	0.333
7741	4.4	0.0	0.309
7742	4.3	0.0	0.271
7743	4.5	0.0	0.247
7744	4.6	0.0	0.231
7745	4.9	0.0	0.240
7746	5.2	0.0	0.297
7747	5.2	0.0	0.332
7748	5.5	0.0	0.411
7749	5.6	0.0	0.422
7750	5.8	0.0	0.393
7751	6.0	0.0	0.237
7752	6.1	0.0	0.148
7753	5.2	0.0	0.103
7754	5.0	0.0	0.055
7755	5.1	0.0	0.022
7756	5.0	0.0	0.016
7757	4.9	0.0	0.047
7758	5.0	0.0	0.118
7759	5.2	0.0	0.320
7760	6.2	0.0	0.342
7761	6.1	0.0	0.344
7762	5.7	0.0	0.360
7763	5.4	0.0	0.344
7764	5.2	0.0	0.333
7765	4.8	0.0	0.309
7766	4.4	0.0	0.271
7767	4.4	0.0	0.247
7768	4.2	0.0	0.231
7769	4.3	0.0	0.240
7770	4.7	0.0	0.297
7771	5.0	0.0	0.332
7772	5.1	0.0	0.411
7773	5.1	0.0	0.422
7774	5.1	0.0	0.393
7775	5.2	0.0	0.237
7776	5.4	0.0	0.148
7777	4.4	0.0	0.103
7778	4.2	0.0	0.055
7779	4.3	0.0	0.022
7780	4.4	0.0	0.016
7781	4.5	0.0	0.047
7782	4.6	0.0	0.118
7783	4.5	0.0	0.320
7784	5.4	0.0	0.342
7785	5.3	0.0	0.344
7786	5.0	0.0	0.360
7787	4.6	0.0	0.344
7788	4.4	0.0	0.333
7789	4.1	0.0	0.309
7790	4.1	0.0	0.271
7791	4.1	0.0	0.247
7792	4.1	0.0	0.231
7793	4.2	0.0	0.240
7794	4.6	0.0	0.297
7795	4.7	0.0	0.332
7796	4.9	0.0	0.411
7797	4.8	0.0	0.422
7798	5.1	0.0	0.393
7799	5.2	0.0	0.237
7800	5.3	0.0	0.148
7801	4.1	0.0	0.103
7802	4.2	0.0	0.055
7803	4.1	0.0	0.022
7804	4.2	0.0	0.016
7805	4.3	0.0	0.047
7806	4.3	0.0	0.118
7807	4.5	0.0	0.320
7808	5.5	0.0	0.342
7809	5.3	0.0	0.344
7810	5.3	0.0	0.360
7811	4.9	0.0	0.344
7812	4.6	0.0	0.333
7813	4.0	0.0	0.309
7814	3.8	0.0	0.271
7815	3.7	0.0	0.247
7816	3.8	0.0	0.231
7817	3.7	0.0	0.240
7818	3.8	0.0	0.297
7819	3.8	0.0	0.332
7820	4.1	0.0	0.411
7821	4.3	0.0	0.422
7822	4.4	0.0	0.393
7823	4.3	0.0	0.237
7824	4.4	0.0	0.148
7825	3.3	0.0	0.103
7826	3.3	0.0	0.055
7827	3.3	0.0	0.022
7828	3.3	0.0	0.016
7829	3.2	0.0	0.047
7830	3.3	0.0	0.118
7831	3.3	0.0	0.320
7832	4.3	0.0	0.342
7833	4.2	0.0	0.344
7834	4.1	0.0	0.360
7835	4.1	0.0	0.344
7836	3.7	0.0	0.333
7837	3.5	0.0	0.309
7838	3.2	0.0	0.271
7839	3.1	0.0	0.247
7840	3.2	0.0	0.231
7841	3.1	0.0	0.240
7842	3.2	0.0	0.297
7843	3.2	0.0	0.332
7844	3.2	0.0	0.411
7845	3.2	0.0	0.422
7846	3.3	0.0	0.393
7847	3.1	0.0	0.237
7848	3.1	0.0	0.148
7849	1.9	0.0	0.103
7850	2.1	0.0	0.055
7851	2.1	0.0	0.022
7852	2.1	0.0	0.016
7853	2.3	0.0	0.047
7854	2.2	0.0	0.118
7855	2.3	0.0	0.320
7856	3.6	0.0	0.342
7857	3.6	0.0	0.344
7858	3.4	0.0	0.360
7859	3.0	0.0	0.344
7860	2.8	0.0	0.333
7861	2.7	0.0	0.309
7862	2.6	0.0	0.271
7863	2.6	0.0	0.247
7864	2.7	0.0	0.231
7865	2.9	0.0	0.240
7866	3.2	0.0	0.297
7867	3.3	0.0	0.332
7868	3.6	0.0	0.411
7869	3.9	0.0	0.422
7870	4.0	0.0	0.393
7871	4.3	0.0	0.237
7872	4.3	0.0	0.148
7873	3.4	0.0	0.103
7874	3.4	0.0	0.055
7875	3.5	0.0	0.022
7876	3.5	0.0	0.016
7877	3.6	0.0	0.047
7878	3.6	0.0	0.118
7879	3.6	0.0	0.320
7880	4.8	0.0	0.342
7881	4.6	0.0	0.344
7882	4.5	0.0	0.360
7883	4.4	0.0	0.344
7884	4.2	0.0	0.333
7885	4.1	0.0	0.309
7886	4.0	0.0	0.271
7887	4.0	0.0	0.247
7888	3.8	0.0	0.231
7889	3.9	0.0	0.240
7890	4.1	0.0	0.297
7891	4.2	0.0	0.332
7892	4.4	0.0	0.411
7893	4.6	0.0	0.422
7894	4.8	0.0	0.393
7895	4.7	0.0	0.237
7896	4.7	0.0	0.148
7897	3.4	0.0	0.103
7898	3.4	0.0	0.055
7899	3.4	0.0	0.022
7900	3.4	0.0	0.016
7901	3.4	0.0	0.047
7902	3.3	0.0	0.118
7903	3.4	0.0	0.320
7904	4.6	0.0	0.342
7905	4.2	0.0	0.344
7906	3.8	0.0	0.360
7907	3.6	0.0	0.344
7908	3.4	0.0	0.333
7909	3.1	0.0	0.309
7910	2.9	0.0	0.271
7911	3.0	0.0	0.247
7912	3.2	0.0	0.231
7913	3.3	0.0	0.240
7914	3.5	0.0	0.297
7915	3.6	0.0	0.332
7916	3.6	0.0	0.411
7917	3.5	0.0	0.422
7918	3.5	0.0	0.393
7919	3.5	0.0	0.237
7920	3.4	0.0	0.148
7921	2.3	0.0	0.103
7922	2.4	0.0	0.055
7923	2.5	0.0	0.022
7924	2.5	0.0	0.016
7925	2.8	0.0	0.047
7926	2.9	0.0	0.118
7927	3.0	0.0	0.320
7928	4.2	0.0	0.342
7929	4.0	0.0	0.344
7930	3.8	0.0	0.360
7931	3.5	0.0	0.344
7932	3.2	0.0	0.333
7933	3.0	0.0	0.309
7934	3.1	0.0	0.271
7935	3.0	0.0	0.247
7936	3.0	0.0	0.231
7937	3.1	0.0	0.240
7938	3.3	0.0	0.297
7939	3.2	0.0	0.332
7940	3.4	0.0	0.411
7941	3.4	0.0	0.422
7942	3.7	0.0	0.393
7943	3.7	0.0	0.237
7944	4.0	0.0	0.148
7945	3.1	0.0	0.103
7946	3.2	0.0	0.055
7947	3.3	0.0	0.022
7948	3.4	0.0	0.016
7949	3.6	0.0	0.047
7950	3.7	0.0	0.118
7951	3.7	0.0	0.320
7952	4.7	0.0	0.342
7953	4.7	0.0	0.344
7954	4.5	0.0	0.360
7955	4.2	0.0	0.344
7956	4.0	0.0	0.333
7957	3.7	0.0	0.309
7958	3.5	0.0	0.271
7959	3.4	0.0	0.247
7960	3.5	0.0	0.231
7961	3.6	0.0	0.240
7962	3.9	0.0	0.297
7963	3.9	0.0	0.332
7964	4.0	0.0	0.411
7965	3.9	0.0	0.422
7966	4.0	0.0	0.393
7967	3.9	0.0	0.237
7968	4.0	0.0	0.148
7969	3.2	0.0	0.103
7970	3.3	0.0	0.055
7971	3.3	0.0	0.022
7972	3.5	0.0	0.016
7973	3.6	0.0	0.047
7974	3.5	0.0	0.118
7975	3.5	0.0	0.320
7976	4.6	0.0	0.342
7977	4.4	0.0	0.344
7978	4.2	0.0	0.360
7979	3.7	0.0	0.344
7980	3.3	0.0	0.333
7981	3.0	0.0	0.309
7982	2.9	0.0	0.271
7983	3.0	0.0	0.247
7984	3.3	0.0	0.231
7985	3.3	0.0	0.240
7986	3.6	0.0	0.297
7987	3.9	0.0	0.332
7988	4.1	0.0	0.411
7989	4.3	0.0	0.422
7990	4.6	0.0	0.393
7991	4.6	0.0	0.237
7992	4.9	0.0	0.148
7993	3.9	0.0	0.103
7994	3.9	0.0	0.055
7995	3.9	0.0	0.022
7996	4.2	0.0	0.016
7997	4.2	0.0	0.047
7998	4.4	0.0	0.118
7999	4.5	0.0	0.320
8000	5.7	0.0	0.342
8001	5.5	0.0	0.344
8002	5.3	0.0	0.360
8003	5.1	0.0	0.344
8004	4.8	0.0	0.333
8005	4.6	0.0	0.309
8006	4.4	0.0	0.271
8007	4.6	0.0	0.247
8008	4.8	0.0	0.231
8009	5.0	0.0	0.240
8010	5.3	0.0	0.297
8011	5.7	0.0	0.332
8012	5.7	0.0	0.411
8013	5.8	0.0	0.422
8014	6.1	0.0	0.393
8015	6.3	0.0	0.237
8016	6.3	0.0	0.148
8017	5.6	0.0	0.103
8018	5.6	0.0	0.055
8019	5.8	0.0	0.022
8020	5.7	0.0	0.016
8021	5.8	0.0	0.047
8022	6.2	0.0	0.118
8023	6.4	0.0	0.320
8024	7.5	0.0	0.342
8025	7.7	0.0	0.344
8026	7.4	0.0	0.360
8027	7.2	0.0	0.344
8028	7.2	0.0	0.333
8029	7.0	0.0	0.309
8030	6.9	0.0	0.271
8031	6.8	0.0	0.247
8032	6.6	0.0	0.231
8033	6.7	0.0	0.240
8034	6.7	0.0	0.297
8035	6.7	0.0	0.332
8036	6.8	0.0	0.411
8037	7.2	0.0	0.422
8038	7.5	0.0	0.393
8039	7.5	0.0	0.237
8040	7.4	0.0	0.148
8041	6.3	0.0	0.103
8042	6.2	0.0	0.055
8043	6.0	0.0	0.022
8044	6.0	0.0	0.016
8045	5.8	0.0	0.047
8046	5.9	0.0	0.118
8047	5.7	0.0	0.320
8048	6.9	0.0	0.342
8049	6.9	0.0	0.344
8050	7.0	0.0	0.360
8051	6.8	0.0	0.344
8052	6.6	0.0	0.333
8053	6.3	0.0	0.309
8054	6.3	0.0	0.271
8055	6.1	0.0	0.247
8056	6.2	0.0	0.231
8057	6.0	0.0	0.240
8058	6.0	0.0	0.297
8059	6.0	0.0	0.332
8060	6.2	0.0	0.411
8061	6.1	0.0	0.422
8062	6.1	0.0	0.393
8063	6.2	0.0	0.237
8064	6.2	0.0	0.148
8065	4.9	0.0	0.103
8066	4.8	0.0	0.055
8067	4.8	0.0	0.022
8068	4.8	0.0	0.016
8069	4.8	0.0	0.047
8070	4.8	0.0	0.118
8071	4.7	0.0	0.320
8072	5.9	0.0	0.342
8073	5.8	0.0	0.344
8074	5.7	0.0	0.360
8075	5.3	0.0	0.344
8076	5.2	0.0	0.333
8077	5.0	0.0	0.309
8078	5.1	0.0	0.271
8079	5.1	0.0	0.247
8080	5.2	0.0	0.231
8081	5.3	0.0	0.240
8082	5.4	0.0	0.297
8083	5.5	0.0	0.332
8084	5.7	0.0	0.411
8085	5.5	0.0	0.422
8086	5.6	0.0	0.393
8087	5.6	0.0	0.237
8088	5.7	0.0	0.148
8089	4.5	0.0	0.103
8090	4.6	0.0	0.055
8091	4.8	0.0	0.022
8092	4.8	0.0	0.016
8093	5.1	0.0	0.047
8094	5.2	0.0	0.118
8095	4.9	0.0	0.320
8096	6.1	0.0	0.342
8097	6.1	0.0	0.344
8098	6.1	0.0	0.360
8099	5.7	0.0	0.344
8100	5.8	0.0	0.333
8101	5.6	0.0	0.309
8102	5.6	0.0	0.271
8103	6.0	0.0	0.247
8104	6.1	0.0	0.231
8105	6.2	0.0	0.240
8106	6.5	0.0	0.297
8107	6.6	0.0	0.332
8108	6.7	0.0	0.411
8109	6.9	0.0	0.422
8110	6.9	0.0	0.393
8111	6.9	0.0	0.237
8112	7.1	0.0	0.148
8113	5.8	0.0	0.103
8114	5.6	0.0	0.055
8115	5.4	0.0	0.022
8116	5.1	0.0	0.016
8117	5.1	0.0	0.047
8118	5.2	0.0	0.118
8119	4.9	0.0	0.320
8120	6.0	0.0	0.342
8121	5.9	0.0	0.344
8122	5.7	0.0	0.360
8123	5.5	0.0	0.344
8124	5.3	0.0	0.333
8125	5.2	0.0	0.309
8126	4.8	0.0	0.271
8127	4.7	0.0	0.247
8128	4.7	0.0	0.231
8129	4.7	0.0	0.240
8130	4.5	0.0	0.297
8131	4.6	0.0	0.332
8132	4.6	0.0	0.411
8133	4.5	0.0	0.422
8134	4.2	0.0	0.393
8135	4.1	0.0	0.237
8136	4.1	0.0	0.148
8137	2.8	0.0	0.103
8138	2.7	0.0	0.055
8139	2.6	0.0	0.022
8140	2.8	0.0	0.016
8141	2.8	0.0	0.047
8142	2.7	0.0	0.118
8143	2.7	0.0	0.320
8144	3.9	0.0	0.342
8145	3.7	0.0	0.344
8146	3.6	0.0	0.360
8147	3.5	0.0	0.344
8148	3.5	0.0	0.333
8149	3.3	0.0	0.309
8150	3.1	0.0	0.271
8151	2.8	0.0	0.247
8152	2.9	0.0	0.231
8153	3.0	0.0	0.240
8154	3.1	0.0	0.297
8155	2.9	0.0	0.332
8156	3.0	0.0	0.411
8157	3.3	0.0	0.422
8158	3.5	0.0	0.393
8159	3.6	0.0	0.237
8160	3.7	0.0	0.148
8161	2.4	0.0	0.103
8162	2.6	0.0	0.055
8163	2.8	0.0	0.022
8164	2.9	0.0	0.016
8165	3.0	0.0	0.047
8166	3.1	0.0	0.118
8167	3.1	0.0	0.320
8168	4.3	0.0	0.342
8169	4.2	0.0	0.344
8170	4.2	0.0	0.360
8171	4.0	0.0	0.344
8172	3.9	0.0	0.333
8173	3.8	0.0	0.309
8174	3.9	0.0	0.271
8175	3.8	0.0	0.247
8176	3.9	0.0	0.231
8177	3.9	0.0	0.240
8178	4.2	0.0	0.297
8179	4.2	0.0	0.332
8180	4.5	0.0	0.411
8181	4.6	0.0	0.422
8182	4.6	0.0	0.393
8183	4.7	0.0	0.237
8184	4.7	0.0	0.148
8185	3.6	0.0	0.103
8186	3.7	0.0	0.055
8187	3.9	0.0	0.022
8188	4.1	0.0	0.016
8189	4.6	0.0	0.047
8190	4.9	0.0	0.118
8191	5.0	0.0	0.320
8192	6.1	0.0	0.342
8193	5.7	0.0	0.344
8194	5.7	0.0	0.360
8195	5.6	0.0	0.344
8196	5.4	0.0	0.333
8197	5.5	0.0	0.309
8198	5.5	0.0	0.271
8199	5.6	0.0	0.247
8200	6.0	0.0	0.231
8201	6.2	0.0	0.240
8202	6.6	0.0	0.297
8203	7.0	0.0	0.332
8204	7.3	0.0	0.411
8205	7.5	0.0	0.422
8206	8.0	0.0	0.393
8207	8.3	0.0	0.237
8208	8.6	0.0	0.148
8209	7.4	0.0	0.103
8210	7.5	0.0	0.055
8211	7.6	0.0	0.022
8212	7.7	0.0	0.016
8213	7.7	0.0	0.047
8214	7.4	0.0	0.118
8215	7.6	0.0	0.320
8216	8.8	0.0	0.342
8217	8.8	0.0	0.344
8218	8.6	0.0	0.360
8219	8.3	0.0	0.344
8220	8.2	0.0	0.333
8221	8.2	0.0	0.309
8222	7.8	0.0	0.271
8223	7.7	0.0	0.247
8224	7.6	0.0	0.231
8225	7.8	0.0	0.240
8226	7.7	0.0	0.297
8227	7.7	0.0	0.332
8228	7.9	0.0	0.411
8229	7.9	0.0	0.422
8230	8.0	0.0	0.393
8231	8.1	0.0	0.237
8232	8.0	0.0	0.148
8233	7.0	0.0	0.103
8234	7.1	0.0	0.055
8235	7.0	0.0	0.022
8236	7.1	0.0	0.016
8237	7.2	0.0	0.047
8238	7.2	0.0	0.118
8239	7.3	0.0	0.320
8240	8.4	0.0	0.342
8241	8.5	0.0	0.344
8242	8.4	0.0	0.360
8243	8.5	0.0	0.344
8244	8.3	0.0	0.333
8245	8.4	0.0	0.309
8246	8.4	0.0	0.271
8247	8.3	0.0	0.247
8248	8.2	0.0	0.231
8249	8.4	0.0	0.240
8250	8.4	0.0	0.297
8251	8.5	0.0	0.332
8252	8.7	0.0	0.411
8253	8.5	0.0	0.422
8254	8.5	0.0	0.393
8255	8.7	0.0	0.237
8256	8.6	0.0	0.148
8257	7.4	0.0	0.103
8258	7.5	0.0	0.055
8259	7.4	0.0	0.022
8260	7.6	0.0	0.016
8261	7.7	0.0	0.047
8262	7.6	0.0	0.118
8263	7.6	0.0	0.320
8264	8.7	0.0	0.342
8265	8.4	0.0	0.344
8266	8.2	0.0	0.360
8267	7.9	0.0	0.344
8268	7.9	0.0	0.333
8269	7.6	0.0	0.309
8270	7.5	0.0	0.271
8271	7.3	0.0	0.247
8272	7.3	0.0	0.231
8273	7.6	0.0	0.240
8274	7.6	0.0	0.297
8275	7.5	0.0	0.332
8276	7.3	0.0	0.411
8277	7.4	0.0	0.422
8278	7.6	0.0	0.393
8279	7.5	0.0	0.237
8280	7.6	0.0	0.148
8281	6.4	0.0	0.103
8282	6.2	0.0	0.055
8283	6.1	0.0	0.022
8284	6.1	0.0	0.016
8285	6.1	0.0	0.047
8286	6.1	0.0	0.118
8287	6.1	0.0	0.320
8288	7.4	0.0	0.342
8289	7.5	0.0	0.344
8290	7.5	0.0	0.360
8291	7.2	0.0	0.344
8292	7.2	0.0	0.333
8293	7.0	0.0	0.309
8294	7.1	0.0	0.271
8295	6.9	0.0	0.247
8296	6.8	0.0	0.231
8297	6.8	0.0	0.240
8298	7.0	0.0	0.297
8299	7.0	0.0	0.332
8300	7.0	0.0	0.411
8301	7.1	0.0	0.422
8302	7.2	0.0	0.393
8303	7.2	0.0	0.237
8304	7.2	0.0	0.148
8305	6.0	0.0	0.103
8306	6.1	0.0	0.055
8307	6.3	0.0	0.022
8308	6.3	0.0	0.016
8309	6.5	0.0	0.047
8310	6.2	0.0	0.118
8311	6.0	0.0	0.320
8312	7.0	0.0	0.342
8313	7.1	0.0	0.344
8314	6.9	0.0	0.360
8315	6.5	0.0	0.344
8316	6.2	0.0	0.333
8317	5.9	0.0	0.309
8318	5.6	0.0	0.271
8319	5.5	0.0	0.247
8320	5.5	0.0	0.231
8321	5.7	0.0	0.240
8322	5.9	0.0	0.297
8323	5.9	0.0	0.332
8324	6.0	0.0	0.411
8325	6.2	0.0	0.422
8326	6.3	0.0	0.393
8327	6.2	0.0	0.237
8328	6.2	0.0	0.148
8329	5.0	0.0	0.103
8330	5.0	0.0	0.055
8331	4.8	0.0	0.022
8332	4.7	0.0	0.016
8333	5.0	0.0	0.047
8334	5.1	0.0	0.118
8335	5.3	0.0	0.320
8336	6.4	0.0	0.342
8337	6.3	0.0	0.344
8338	6.0	0.0	0.360
8339	5.8	0.0	0.344
8340	5.6	0.0	0.333
8341	5.3	0.0	0.309
8342	5.2	0.0	0.271
8343	5.1	0.0	0.247
8344	5.1	0.0	0.231
8345	5.3	0.0	0.240
8346	5.4	0.0	0.297
8347	5.5	0.0	0.332
8348	5.7	0.0	0.411
8349	5.6	0.0	0.422
8350	5.6	0.0	0.393
8351	5.6	0.0	0.237
8352	5.7	0.0	0.148
8353	4.4	0.0	0.103
8354	4.4	0.0	0.055
8355	4.4	0.0	0.022
8356	4.3	0.0	0.016
8357	4.2	0.0	0.047
8358	4.3	0.0	0.118
8359	4.6	0.0	0.320
8360	5.8	0.0	0.342
8361	5.6	0.0	0.344
8362	5.2	0.0	0.360
8363	5.1	0.0	0.344
8364	4.7	0.0	0.333
8365	4.5	0.0	0.309
8366	4.4	0.0	0.271
8367	4.3	0.0	0.247
8368	4.5	0.0	0.231
8369	4.8	0.0	0.240
8370	4.9	0.0	0.297
8371	5.0	0.0	0.332
8372	5.1	0.0	0.411
8373	5.4	0.0	0.422
8374	5.6	0.0	0.393
8375	5.8	0.0	0.237
8376	5.9	0.0	0.148
8377	4.8	0.0	0.103
8378	4.9	0.0	0.055
8379	4.8	0.0	0.022
8380	4.8	0.0	0.016
8381	4.9	0.0	0.047
8382	5.0	0.0	0.118
8383	5.0	0.0	0.320
8384	6.3	0.0	0.342
8385	6.4	0.0	0.344
8386	6.1	0.0	0.360
8387	6.0	0.0	0.344
8388	5.8	0.0	0.333
8389	5.7	0.0	0.309
8390	5.3	0.0	0.271
8391	5.2	0.0	0.247
8392	5.2	0.0	0.231
8393	5.3	0.0	0.240
8394	5.3	0.0	0.297
8395	5.5	0.0	0.332
8396	5.3	0.0	0.411
8397	5.2	0.0	0.422
8398	5.2	0.0	0.393
8399	5.2	0.0	0.237
8400	5.1	0.0	0.148
8401	3.9	0.0	0.103
8402	3.9	0.0	0.055
8403	4.0	0.0	0.022
8404	3.8	0.0	0.016
8405	3.9	0.0	0.047
8406	3.9	0.0	0.118
8407	3.9	0.0	0.320
8408	5.2	0.0	0.342
8409	5.1	0.0	0.344
8410	4.9	0.0	0.360
8411	4.7	0.0	0.344
8412	4.5	0.0	0.333
8413	4.4	0.0	0.309
8414	4.4	0.0	0.271
8415	4.3	0.0	0.247
8416	4.1	0.0	0.231
8417	4.3	0.0	0.240
8418	4.4	0.0	0.297
8419	4.3	0.0	0.332
8420	4.5	0.0	0.411
8421	4.4	0.0	0.422
8422	4.4	0.0	0.393
8423	4.5	0.0	0.237
8424	4.6	0.0	0.148
8425	3.2	0.0	0.103
8426	3.1	0.0	0.055
8427	3.3	0.0	0.022
8428	3.3	0.0	0.016
8429	3.4	0.0	0.047
8430	3.5	0.0	0.118
8431	3.4	0.0	0.320
8432	4.6	0.0	0.342
8433	4.4	0.0	0.344
8434	4.2	0.0	0.360
8435	4.0	0.0	0.344
8436	3.9	0.0	0.333
8437	3.8	0.0	0.309
8438	3.7	0.0	0.271
8439	3.6	0.0	0.247
8440	3.6	0.0	0.231
8441	3.6	0.0	0.240
8442	3.9	0.0	0.297
8443	4.0	0.0	0.332
8444	4.1	0.0	0.411
8445	4.2	0.0	0.422
8446	4.0	0.0	0.393
8447	3.9	0.0	0.237
8448	3.7	0.0	0.148
8449	2.6	0.0	0.103
8450	2.8	0.0	0.055
8451	2.8	0.0	0.022
8452	3.1	0.0	0.016
8453	3.0	0.0	0.047
8454	2.9	0.0	0.118
8455	2.9	0.0	0.320
8456	4.1	0.0	0.342
8457	4.1	0.0	0.344
8458	3.8	0.0	0.360
8459	3.5	0.0	0.344
8460	3.3	0.0	0.333
8461	3.1	0.0	0.309
8462	2.9	0.0	0.271
8463	2.8	0.0	0.247
8464	3.0	0.0	0.231
8465	3.2	0.0	0.240
8466	3.3	0.0	0.297
8467	3.4	0.0	0.332
8468	3.6	0.0	0.411
8469	3.6	0.0	0.422
8470	3.7	0.0	0.393
8471	3.7	0.0	0.237
8472	3.9	0.0	0.148
8473	2.8	0.0	0.103
8474	3.1	0.0	0.055
8475	3.1	0.0	0.022
8476	3.1	0.0	0.016
8477	3.2	0.0	0.047
8478	3.4	0.0	0.118
8479	3.6	0.0	0.320
8480	4.8	0.0	0.342
8481	4.8	0.0	0.344
8482	4.7	0.0	0.360
8483	4.6	0.0	0.344
8484	4.5	0.0	0.333
8485	4.3	0.0	0.309
8486	4.4	0.0	0.271
8487	4.4	0.0	0.247
8488	4.4	0.0	0.231
8489	4.7	0.0	0.240
8490	4.9	0.0	0.297
8491	5.0	0.0	0.332
8492	5.3	0.0	0.411
8493	5.4	0.0	0.422
8494	5.7	0.0	0.393
8495	5.8	0.0	0.237
8496	5.9	0.0	0.148
8497	4.7	0.0	0.103
8498	4.7	0.0	0.055
8499	4.7	0.0	0.022
8500	4.6	0.0	0.016
8501	4.7	0.0	0.047
8502	4.8	0.0	0.118
8503	4.7	0.0	0.320
8504	6.0	0.0	0.342
8505	6.0	0.0	0.344
8506	5.8	0.0	0.360
8507	5.3	0.0	0.344
8508	5.2	0.0	0.333
8509	5.0	0.0	0.309
8510	4.9	0.0	0.271
8511	4.9	0.0	0.247
8512	4.7	0.0	0.231
8513	4.8	0.0	0.240
8514	5.0	0.0	0.297
8515	5.0	0.0	0.332
8516	5.1	0.0	0.411
8517	4.9	0.0	0.422
8518	4.7	0.0	0.393
8519	4.7	0.0	0.237
8520	4.5	0.0	0.148
8521	3.5	0.0	0.103
8522	3.5	0.0	0.055
8523	3.6	0.0	0.022
8524	3.6	0.0	0.016
8525	3.7	0.0	0.047
8526	3.6	0.0	0.118
8527	3.6	0.0	0.320
8528	4.9	0.0	0.342
8529	4.7	0.0	0.344
8530	4.4	0.0	0.360
8531	4.4	0.0	0.344
8532	4.4	0.0	0.333
8533	4.3	0.0	0.309
8534	4.4	0.0	0.271
8535	4.4	0.0	0.247
8536	4.6	0.0	0.231
8537	4.6	0.0	0.240
8538	4.7	0.0	0.297
8539	4.6	0.0	0.332
8540	4.7	0.0	0.411
8541	4.8	0.0	0.422
8542	4.7	0.0	0.393
8543	4.7	0.0	0.237
8544	4.9	0.0	0.148
8545	3.8	0.0	0.103
8546	4.0	0.0	0.055
8547	4.0	0.0	0.022
8548	4.1	0.0	0.016
8549	4.2	0.0	0.047
8550	4.4	0.0	0.118
8551	4.4	0.0	0.320
8552	5.6	0.0	0.342
8553	5.5	0.0	0.344
8554	5.3	0.0	0.360
8555	4.9	0.0	0.344
8556	4.8	0.0	0.333
8557	4.6	0.0	0.309
8558	4.5	0.0	0.271
8559	4.8	0.0	0.247
8560	5.1	0.0	0.231
8561	5.3	0.0	0.240
8562	5.5	0.0	0.297
8563	5.4	0.0	0.332
8564	5.5	0.0	0.411
8565	5.4	0.0	0.422
8566	5.6	0.0	0.393
8567	5.6	0.0	0.237
8568	5.7	0.0	0.148
8569	4.5	0.0	0.103
8570	4.6	0.0	0.055
8571	4.6	0.0	0.022
8572	4.7	0.0	0.016
8573	4.6	0.0	0.047
8574	4.8	0.0	0.118
8575	4.9	0.0	0.320
8576	6.1	0.0	0.342
8577	5.9	0.0	0.344
8578	5.7	0.0	0.360
8579	5.4	0.0	0.344
8580	5.0	0.0	0.333
8581	4.7	0.0	0.309
8582	4.6	0.0	0.271
8583	4.3	0.0	0.247
8584	4.4	0.0	0.231
8585	4.6	0.0	0.240
8586	4.7	0.0	0.297
8587	4.9	0.0	0.332
8588	5.3	0.0	0.411
8589	5.2	0.0	0.422
8590	5.1	0.0	0.393
8591	5.3	0.0	0.237
8592	5.3	0.0	0.148
8593	4.2	0.0	0.103
8594	3.9	0.0	0.055
8595	3.9	0.0	0.022
8596	3.8	0.0	0.016
8597	3.8	0.0	0.047
8598	3.6	0.0	0.118
8599	3.6	0.0	0.320
8600	4.7	0.0	0.342
8601	4.5	0.0	0.344
8602	4.5	0.0	0.360
8603	4.1	0.0	0.344
8604	3.8	0.0	0.333
8605	3.7	0.0	0.309
8606	3.4	0.0	0.271
8607	3.4	0.0	0.247
8608	3.5	0.0	0.231
8609	3.7	0.0	0.240
8610	4.0	0.0	0.297
8611	4.1	0.0	0.332
8612	4.0	0.0	0.411
8613	3.9	0.0	0.422
8614	3.9	0.0	0.393
8615	4.1	0.0	0.237
8616	4.1	0.0	0.148
8617	3.1	0.0	0.103
8618	2.9	0.0	0.055
8619	2.8	0.0	0.022
8620	2.9	0.0	0.016
8621	3.0	0.0	0.047
8622	3.1	0.0	0.118
8623	2.9	0.0	0.320
8624	4.1	0.0	0.342
8625	4.2	0.0	0.344
8626	3.9	0.0	0.360
8627	3.4	0.0	0.344
8628	3.2	0.0	0.333
8629	3.0	0.0	0.309
8630	3.0	0.0	0.271
8631	2.8	0.0	0.247
8632	3.0	0.0	0.231
8633	3.1	0.0	0.240
8634	3.4	0.0	0.297
8635	3.7	0.0	0.332
8636	3.7	0.0	0.411
8637	3.9	0.0	0.422
8638	4.0	0.0	0.393
8639	4.3	0.0	0.237
8640	4.4	0.0	0.148
8641	3.4	0.0	0.103
8642	3.5	0.0	0.055
8643	3.4	0.0	0.022
8644	3.4	0.0	0.016
8645	3.3	0.0	0.047
8646	3.4	0.0	0.118
8647	3.5	0.0	0.320
8648	4.8	0.0	0.342
8649	4.6	0.0	0.344
8650	4.5	0.0	0.360
8651	4.2	0.0	0.344
8652	3.8	0.0	0.333
8653	3.6	0.0	0.309
8654	3.5	0.0	0.271
8655	3.3	0.0	0.247
8656	3.2	0.0	0.231
8657	3.4	0.0	0.240
8658	3.5	0.0	0.297
8659	3.6	0.0	0.332
8660	3.4	0.0	0.411
8661	3.5	0.0	0.422
8662	3.5	0.0	0.393
8663	3.5	0.0	0.237
8664	3.7	0.0	0.148
8665	2.5	0.0	0.103
8666	2.4	0.0	0.055
8667	2.2	0.0	0.022
8668	2.1	0.0	0.016
8669	2.1	0.0	0.047
8670	2.1	0.0	0.118
8671	2.1	0.0	0.320
8672	3.3	0.0	0.342
8673	3.3	0.0	0.344
8674	3.3	0.0	0.360
8675	3.1	0.0	0.344
8676	2.9	0.0	0.333
8677	2.8	0.0	0.309
8678	2.6	0.0	0.271
8679	2.7	0.0	0.247
8680	2.7	0.0	0.231
8681	2.6	0.0	0.240
8682	2.4	0.0	0.297
8683	2.4	0.0	0.332
8684	2.3	0.0	0.411
8685	2.2	0.0	0.422
8686	2.2	0.0	0.393
8687	2.1	0.0	0.237
8688	2.1	0.0	0.148
8689	0.9	0.0	0.103
8690	1.0	0.0	0.055
8691	1.1	0.0	0.022
8692	0.9	0.0	0.016
8693	1.1	0.0	0.047
8694	1.2	0.0	0.118
8695	1.1	0.0	0.320
8696	2.4	0.0	0.342
8697	2.3	0.0	0.344
8698	2.4	0.0	0.360
8699	2.3	0.0	0.344
8700	2.4	0.0	0.333
8701	2.5	0.0	0.309
8702	2.6	0.0	0.271
8703	2.9	0.0	0.247
8704	3.1	0.0	0.231
8705	3.3	0.0	0.240
8706	3.5	0.0	0.297
8707	3.6	0.0	0.332
8708	3.6	0.0	0.411
8709	3.6	0.0	0.422
8710	3.8	0.0	0.393
8711	3.9	0.0	0.237
8712	3.8	0.0	0.148
8713	2.7	0.0	0.103
8714	2.9	0.0	0.055
8715	3.0	0.0	0.022
8716	3.2	0.0	0.016
8717	3.3	0.0	0.047
8718	3.5	0.0	0.118
8719	3.8	0.0	0.320
8720	4.9	0.0	0.342
8721	5.0	0.0	0.344
8722	5.0	0.0	0.360
8723	5.2	0.0	0.344
8724	4.9	0.0	0.333
8725	4.7	0.0	0.309
8726	4.7	0.0	0.271
8727	4.7	0.0	0.247
8728	4.9	0.0	0.231
8729	5.0	0.0	0.240
8730	5.4	0.0	0.297
8731	5.5	0.0	0.332
8732	5.4	0.0	0.411
8733	5.6	0.0	0.422
8734	5.8	0.0	0.393
8735	5.9	0.0	0.237
8736	6.1	0.0	0.148
8737	5.0	0.0	0.103
8738	5.1	0.0	0.055
8739	5.3	0.0	0.022
8740	5.3	0.0	0.016
8741	5.4	0.0	0.047
8742	5.4	0.0	0.118
8743	5.5	0.0	0.320
8744	6.7	0.0	0.342
8745	7.0	0.0	0.344
8746	6.8	0.0	0.360
8747	6.7	0.0	0.344
8748	6.7	0.0	0.333
8749	6.7	0.0	0.309
8750	6.7	0.0	0.271
8751	6.7	0.0	0.247
8752	6.8	0.0	0.231
8753	6.7	0.0	0.240
8754	6.8	0.0	0.297
8755	7.1	0.0	0.332
8756	7.3	0.0	0.411
8757	7.6	0.0	0.422
8758	7.9	0.0	0.393
8759	8.1	0.0	0.237
8760	8.2	0.0	0.148
