# HOY	Heat Demand	Load duration curve	Dhw Demand
# [h]	[kWh / h]	[kWh / h]	[kWh / h]
1	9.4	17.8	0.270
2	9.6	17.7	0.146
3	10.1	17.1	0.057
4	9.9	17.0	0.041
5	10.1	17.0	0.124
6	10.1	17.0	0.312
7	9.9	16.9	0.842
8	12.2	16.8	0.901
9	12.3	16.7	0.905
10	11.6	16.7	0.949
11	11.6	16.6	0.905
12	11.0	16.6	0.878
13	10.6	16.6	0.813
14	10.7	16.5	0.714
15	10.7	16.5	0.651
16	11.0	16.5	0.608
17	11.7	16.4	0.631
18	12.6	16.4	0.783
19	13.4	16.4	0.874
20	13.7	16.4	1.081
21	13.8	16.3	1.111
22	14.2	16.3	1.036
23	14.6	16.3	0.623
24	15.1	16.3	0.391
25	13.2	16.3	0.270
26	12.8	16.2	0.146
27	12.9	16.2	0.057
28	12.9	16.2	0.041
29	12.7	16.2	0.124
30	12.5	16.1	0.312
31	12.8	16.1	0.842
32	15.4	16.0	0.901
33	15.0	16.0	0.905
34	14.7	16.0	0.949
35	14.2	16.0	0.905
36	13.6	16.0	0.878
37	13.3	16.0	0.813
38	13.2	15.9	0.714
39	12.7	15.9	0.651
40	13.0	15.9	0.608
41	13.6	15.9	0.631
42	14.2	15.9	0.783
43	14.3	15.9	0.874
44	14.3	15.8	1.081
45	14.5	15.7	1.111
46	14.6	15.6	1.036
47	14.6	15.6	0.623
48	14.6	15.6	0.391
49	12.2	15.6	0.270
50	12.2	15.5	0.146
51	12.3	15.5	0.057
52	12.6	15.5	0.041
53	12.7	15.5	0.124
54	12.5	15.5	0.312
55	13.0	15.5	0.842
56	15.1	15.4	0.901
57	15.0	15.4	0.905
58	15.1	15.4	0.949
59	14.7	15.4	0.905
60	14.5	15.4	0.878
61	13.9	15.3	0.813
62	13.6	15.3	0.714
63	13.3	15.3	0.651
64	13.3	15.2	0.608
65	13.4	15.2	0.631
66	14.0	15.2	0.783
67	14.5	15.1	0.874
68	14.8	15.1	1.081
69	15.2	15.1	1.111
70	15.6	15.1	1.036
71	15.9	15.1	0.623
72	16.1	15.0	0.391
73	13.9	15.0	0.270
74	13.9	15.0	0.146
75	13.8	15.0	0.057
76	13.9	15.0	0.041
77	13.9	15.0	0.124
78	13.8	15.0	0.312
79	13.4	14.9	0.842
80	15.3	14.9	0.901
81	14.9	14.9	0.905
82	14.1	14.9	0.949
83	12.8	14.9	0.905
84	11.8	14.9	0.878
85	10.9	14.9	0.813
86	10.5	14.8	0.714
87	10.7	14.8	0.651
88	10.6	14.8	0.608
89	10.8	14.8	0.631
90	10.9	14.8	0.783
91	10.9	14.8	0.874
92	10.6	14.7	1.081
93	10.9	14.7	1.111
94	11.1	14.7	1.036
95	11.2	14.7	0.623
96	11.3	14.7	0.391
97	8.9	14.7	0.270
98	9.0	14.7	0.146
99	9.4	14.7	0.057
100	9.7	14.7	0.041
101	10.1	14.7	0.124
102	10.2	14.7	0.312
103	10.7	14.7	0.842
104	13.2	14.7	0.901
105	13.5	14.6	0.905
106	13.5	14.6	0.949
107	13.7	14.6	0.905
108	13.8	14.6	0.878
109	13.8	14.6	0.813
110	14.2	14.6	0.714
111	14.9	14.6	0.651
112	14.8	14.6	0.608
113	15.5	14.6	0.631
114	16.2	14.5	0.783
115	16.3	14.5	0.874
116	16.0	14.5	1.081
117	16.4	14.5	1.111
118	17.0	14.5	1.036
119	17.7	14.5	0.623
120	17.8	14.5	0.391
121	15.9	14.5	0.270
122	15.9	14.5	0.146
123	15.5	14.5	0.057
124	15.5	14.5	0.041
125	14.7	14.5	0.124
126	14.2	14.5	0.312
127	14.0	14.5	0.842
128	16.2	14.5	0.901
129	16.0	14.5	0.905
130	15.4	14.4	0.949
131	14.5	14.4	0.905
132	13.7	14.4	0.878
133	12.6	14.4	0.813
134	11.8	14.3	0.714
135	11.4	14.3	0.651
136	10.9	14.3	0.608
137	10.9	14.3	0.631
138	11.3	14.3	0.783
139	10.8	14.3	0.874
140	10.7	14.3	1.081
141	10.8	14.3	1.111
142	10.8	14.3	1.036
143	10.8	14.2	0.623
144	10.8	14.2	0.391
145	8.2	14.2	0.270
146	8.5	14.2	0.146
147	8.5	14.2	0.057
148	8.7	14.2	0.041
149	9.1	14.2	0.124
150	8.9	14.2	0.312
151	9.0	14.2	0.842
152	11.6	14.1	0.901
153	11.4	14.1	0.905
154	10.6	14.1	0.949
155	10.4	14.1	0.905
156	9.8	14.1	0.878
157	9.4	14.1	0.813
158	8.6	14.0	0.714
159	8.3	14.0	0.651
160	8.3	14.0	0.608
161	9.0	14.0	0.631
162	9.5	14.0	0.783
163	10.3	14.0	0.874
164	10.4	14.0	1.081
165	11.0	14.0	1.111
166	11.1	14.0	1.036
167	11.8	14.0	0.623
168	12.0	14.0	0.391
169	9.9	14.0	0.270
170	9.8	14.0	0.146
171	9.9	14.0	0.057
172	9.4	14.0	0.041
173	9.3	13.9	0.124
174	8.8	13.9	0.312
175	8.8	13.9	0.842
176	11.1	13.9	0.901
177	11.0	13.9	0.905
178	10.8	13.9	0.949
179	10.1	13.9	0.905
180	9.6	13.9	0.878
181	9.8	13.9	0.813
182	9.5	13.9	0.714
183	9.8	13.9	0.651
184	9.7	13.9	0.608
185	9.6	13.9	0.631
186	9.7	13.8	0.783
187	10.0	13.8	0.874
188	9.4	13.8	1.081
189	9.1	13.8	1.111
190	9.1	13.8	1.036
191	8.6	13.8	0.623
192	8.3	13.8	0.391
193	5.4	13.8	0.270
194	5.5	13.8	0.146
195	5.8	13.8	0.057
196	5.8	13.8	0.041
197	5.5	13.8	0.124
198	5.1	13.8	0.312
199	5.5	13.7	0.842
200	7.7	13.7	0.901
201	7.9	13.7	0.905
202	7.3	13.7	0.949
203	7.2	13.7	0.905
204	7.3	13.7	0.878
205	7.2	13.7	0.813
206	6.6	13.7	0.714
207	6.0	13.7	0.651
208	5.8	13.7	0.608
209	5.9	13.7	0.631
210	5.8	13.7	0.783
211	5.8	13.7	0.874
212	5.9	13.7	1.081
213	5.8	13.7	1.111
214	5.8	13.7	1.036
215	5.7	13.7	0.623
216	5.3	13.7	0.391
217	3.1	13.7	0.270
218	3.3	13.7	0.146
219	3.5	13.6	0.057
220	3.8	13.6	0.041
221	4.1	13.6	0.124
222	4.5	13.6	0.312
223	4.9	13.6	0.842
224	7.4	13.6	0.901
225	7.4	13.6	0.905
226	7.6	13.6	0.949
227	7.6	13.6	0.905
228	7.4	13.6	0.878
229	7.2	13.5	0.813
230	7.3	13.5	0.714
231	7.2	13.5	0.651
232	7.9	13.5	0.608
233	8.4	13.5	0.631
234	9.1	13.5	0.783
235	9.1	13.5	0.874
236	9.7	13.5	1.081
237	10.3	13.5	1.111
238	11.2	13.4	1.036
239	11.8	13.4	0.623
240	12.2	13.4	0.391
241	10.2	13.4	0.270
242	10.3	13.4	0.146
243	10.3	13.4	0.057
244	10.3	13.4	0.041
245	10.2	13.4	0.124
246	10.2	13.4	0.312
247	10.1	13.4	0.842
248	12.3	13.4	0.901
249	12.5	13.4	0.905
250	11.9	13.4	0.949
251	11.9	13.3	0.905
252	10.9	13.3	0.878
253	10.7	13.3	0.813
254	10.0	13.3	0.714
255	10.1	13.3	0.651
256	10.5	13.3	0.608
257	11.4	13.3	0.631
258	11.3	13.3	0.783
259	11.5	13.3	0.874
260	12.0	13.3	1.081
261	12.3	13.3	1.111
262	12.7	13.3	1.036
263	12.6	13.3	0.623
264	12.7	13.2	0.391
265	10.4	13.2	0.270
266	10.6	13.2	0.146
267	10.5	13.2	0.057
268	10.5	13.2	0.041
269	10.2	13.2	0.124
270	10.4	13.2	0.312
271	10.2	13.2	0.842
272	12.7	13.2	0.901
273	12.8	13.2	0.905
274	12.4	13.2	0.949
275	12.0	13.2	0.905
276	11.2	13.2	0.878
277	10.7	13.2	0.813
278	10.3	13.1	0.714
279	10.0	13.1	0.651
280	10.0	13.1	0.608
281	9.9	13.1	0.631
282	10.1	13.1	0.783
283	10.2	13.1	0.874
284	10.1	13.1	1.081
285	10.5	13.1	1.111
286	10.6	13.1	1.036
287	10.6	13.1	0.623
288	10.8	13.1	0.391
289	8.0	13.0	0.270
290	8.0	13.0	0.146
291	7.9	13.0	0.057
292	7.9	13.0	0.041
293	8.1	13.0	0.124
294	8.2	13.0	0.312
295	7.9	13.0	0.842
296	10.3	13.0	0.901
297	10.2	13.0	0.905
298	10.2	13.0	0.949
299	9.6	13.0	0.905
300	9.3	13.0	0.878
301	8.9	13.0	0.813
302	8.7	13.0	0.714
303	8.6	13.0	0.651
304	8.3	12.9	0.608
305	8.7	12.9	0.631
306	8.6	12.9	0.783
307	8.7	12.9	0.874
308	8.8	12.9	1.081
309	8.9	12.9	1.111
310	9.5	12.9	1.036
311	9.4	12.9	0.623
312	9.6	12.9	0.391
313	7.4	12.9	0.270
314	7.3	12.9	0.146
315	7.3	12.9	0.057
316	7.0	12.9	0.041
317	6.8	12.9	0.124
318	6.7	12.9	0.312
319	6.9	12.8	0.842
320	9.4	12.8	0.901
321	9.5	12.8	0.905
322	9.3	12.8	0.949
323	9.1	12.8	0.905
324	9.3	12.8	0.878
325	9.0	12.8	0.813
326	8.7	12.8	0.714
327	8.1	12.8	0.651
328	7.7	12.8	0.608
329	8.1	12.8	0.631
330	8.2	12.8	0.783
331	8.6	12.8	0.874
332	8.8	12.8	1.081
333	8.9	12.8	1.111
334	8.9	12.7	1.036
335	9.1	12.7	0.623
336	8.9	12.7	0.391
337	6.7	12.7	0.270
338	6.9	12.7	0.146
339	7.1	12.7	0.057
340	7.5	12.7	0.041
341	7.6	12.7	0.124
342	7.6	12.7	0.312
343	7.6	12.7	0.842
344	10.4	12.7	0.901
345	10.5	12.7	0.905
346	10.8	12.7	0.949
347	10.4	12.7	0.905
348	10.2	12.7	0.878
349	10.1	12.7	0.813
350	10.4	12.7	0.714
351	10.4	12.7	0.651
352	10.5	12.7	0.608
353	10.9	12.7	0.631
354	11.2	12.6	0.783
355	11.3	12.6	0.874
356	11.8	12.6	1.081
357	11.7	12.6	1.111
358	12.1	12.6	1.036
359	12.0	12.6	0.623
360	11.7	12.6	0.391
361	9.3	12.6	0.270
362	9.5	12.6	0.146
363	9.8	12.6	0.057
364	9.6	12.6	0.041
365	9.5	12.6	0.124
366	10.0	12.6	0.312
367	10.2	12.6	0.842
368	12.7	12.6	0.901
369	12.6	12.6	0.905
370	12.7	12.5	0.949
371	11.8	12.5	0.905
372	11.6	12.5	0.878
373	11.3	12.5	0.813
374	11.0	12.5	0.714
375	11.2	12.5	0.651
376	11.7	12.5	0.608
377	12.5	12.5	0.631
378	13.1	12.5	0.783
379	13.4	12.5	0.874
380	13.7	12.5	1.081
381	13.9	12.5	1.111
382	14.5	12.5	1.036
383	15.0	12.5	0.623
384	15.5	12.5	0.391
385	13.9	12.5	0.270
386	14.0	12.5	0.146
387	14.1	12.5	0.057
388	13.9	12.5	0.041
389	13.9	12.5	0.124
390	13.7	12.5	0.312
391	13.7	12.5	0.842
392	15.9	12.5	0.901
393	15.2	12.4	0.905
394	14.5	12.4	0.949
395	13.8	12.4	0.905
396	13.1	12.4	0.878
397	12.1	12.4	0.813
398	11.2	12.4	0.714
399	11.4	12.4	0.651
400	11.0	12.4	0.608
401	10.9	12.4	0.631
402	11.3	12.4	0.783
403	11.1	12.4	0.874
404	11.1	12.4	1.081
405	11.8	12.4	1.111
406	11.4	12.4	1.036
407	11.4	12.4	0.623
408	11.2	12.4	0.391
409	8.1	12.4	0.270
410	8.5	12.3	0.146
411	8.9	12.3	0.057
412	8.9	12.3	0.041
413	8.9	12.3	0.124
414	9.0	12.3	0.312
415	9.4	12.3	0.842
416	11.9	12.3	0.901
417	11.7	12.3	0.905
418	11.3	12.3	0.949
419	11.4	12.3	0.905
420	11.0	12.3	0.878
421	10.7	12.3	0.813
422	10.7	12.3	0.714
423	10.7	12.3	0.651
424	11.2	12.3	0.608
425	11.4	12.2	0.631
426	11.4	12.2	0.783
427	12.0	12.2	0.874
428	12.0	12.2	1.081
429	12.7	12.2	1.111
430	12.9	12.2	1.036
431	12.8	12.2	0.623
432	12.6	12.2	0.391
433	10.5	12.2	0.270
434	10.8	12.2	0.146
435	11.3	12.2	0.057
436	11.6	12.2	0.041
437	11.3	12.2	0.124
438	11.1	12.2	0.312
439	10.9	12.2	0.842
440	13.4	12.2	0.901
441	13.1	12.2	0.905
442	13.1	12.2	0.949
443	13.3	12.2	0.905
444	12.7	12.1	0.878
445	12.5	12.1	0.813
446	12.1	12.1	0.714
447	11.5	12.1	0.651
448	11.7	12.1	0.608
449	11.7	12.1	0.631
450	11.5	12.1	0.783
451	11.9	12.1	0.874
452	12.2	12.1	1.081
453	12.7	12.1	1.111
454	13.0	12.1	1.036
455	12.7	12.1	0.623
456	12.5	12.1	0.391
457	10.3	12.1	0.270
458	10.8	12.1	0.146
459	10.8	12.1	0.057
460	11.3	12.1	0.041
461	11.2	12.1	0.124
462	11.3	12.1	0.312
463	11.3	12.0	0.842
464	13.7	12.0	0.901
465	13.8	12.0	0.905
466	13.1	12.0	0.949
467	12.8	12.0	0.905
468	12.2	12.0	0.878
469	11.8	12.0	0.813
470	11.5	12.0	0.714
471	11.2	12.0	0.651
472	10.9	12.0	0.608
473	11.0	12.0	0.631
474	10.9	12.0	0.783
475	11.1	12.0	0.874
476	11.5	12.0	1.081
477	11.3	12.0	1.111
478	11.6	12.0	1.036
479	11.7	12.0	0.623
480	11.7	12.0	0.391
481	9.3	12.0	0.270
482	9.9	12.0	0.146
483	9.9	12.0	0.057
484	10.3	12.0	0.041
485	10.3	12.0	0.124
486	10.2	12.0	0.312
487	10.4	11.9	0.842
488	12.6	11.9	0.901
489	12.4	11.9	0.905
490	11.9	11.9	0.949
491	11.5	11.9	0.905
492	10.8	11.9	0.878
493	11.0	11.9	0.813
494	10.5	11.9	0.714
495	10.5	11.9	0.651
496	10.5	11.9	0.608
497	10.5	11.9	0.631
498	11.1	11.9	0.783
499	11.2	11.9	0.874
500	11.8	11.9	1.081
501	11.7	11.9	1.111
502	12.3	11.9	1.036
503	12.5	11.9	0.623
504	12.9	11.9	0.391
505	10.6	11.9	0.270
506	10.4	11.9	0.146
507	10.4	11.9	0.057
508	10.5	11.9	0.041
509	10.7	11.9	0.124
510	11.2	11.9	0.312
511	11.5	11.9	0.842
512	14.0	11.9	0.901
513	13.7	11.9	0.905
514	13.3	11.9	0.949
515	12.8	11.9	0.905
516	12.4	11.9	0.878
517	12.3	11.9	0.813
518	11.9	11.9	0.714
519	11.9	11.8	0.651
520	12.3	11.8	0.608
521	12.5	11.8	0.631
522	12.5	11.8	0.783
523	12.8	11.8	0.874
524	12.6	11.8	1.081
525	12.7	11.8	1.111
526	13.0	11.8	1.036
527	13.4	11.8	0.623
528	13.9	11.8	0.391
529	11.6	11.8	0.270
530	11.6	11.8	0.146
531	12.1	11.8	0.057
532	11.8	11.8	0.041
533	12.0	11.8	0.124
534	11.7	11.8	0.312
535	12.1	11.8	0.842
536	14.4	11.8	0.901
537	14.1	11.8	0.905
538	13.5	11.8	0.949
539	12.9	11.8	0.905
540	12.1	11.8	0.878
541	11.6	11.8	0.813
542	10.8	11.8	0.714
543	10.7	11.8	0.651
544	11.0	11.7	0.608
545	11.1	11.7	0.631
546	11.4	11.7	0.783
547	11.6	11.7	0.874
548	11.7	11.7	1.081
549	12.0	11.7	1.111
550	12.5	11.7	1.036
551	12.8	11.7	0.623
552	13.2	11.7	0.391
553	10.8	11.7	0.270
554	10.7	11.7	0.146
555	10.8	11.7	0.057
556	10.7	11.7	0.041
557	11.3	11.7	0.124
558	11.4	11.7	0.312
559	11.2	11.7	0.842
560	13.3	11.7	0.901
561	12.9	11.7	0.905
562	12.5	11.7	0.949
563	12.2	11.7	0.905
564	12.0	11.7	0.878
565	11.5	11.7	0.813
566	11.3	11.7	0.714
567	11.0	11.7	0.651
568	11.1	11.7	0.608
569	11.3	11.7	0.631
570	11.4	11.7	0.783
571	11.6	11.7	0.874
572	11.9	11.7	1.081
573	11.7	11.7	1.111
574	11.9	11.6	1.036
575	11.8	11.6	0.623
576	11.5	11.6	0.391
577	9.1	11.6	0.270
578	9.4	11.6	0.146
579	9.6	11.6	0.057
580	9.0	11.6	0.041
581	8.8	11.6	0.124
582	8.9	11.6	0.312
583	8.8	11.6	0.842
584	10.8	11.6	0.901
585	10.6	11.6	0.905
586	10.3	11.6	0.949
587	9.7	11.6	0.905
588	9.1	11.6	0.878
589	8.7	11.6	0.813
590	8.5	11.6	0.714
591	8.2	11.6	0.651
592	7.9	11.6	0.608
593	8.0	11.6	0.631
594	8.0	11.6	0.783
595	8.0	11.6	0.874
596	7.9	11.6	1.081
597	8.2	11.5	1.111
598	8.4	11.5	1.036
599	8.7	11.5	0.623
600	8.8	11.5	0.391
601	6.3	11.5	0.270
602	6.8	11.5	0.146
603	7.3	11.5	0.057
604	7.5	11.5	0.041
605	7.9	11.5	0.124
606	7.8	11.5	0.312
607	7.8	11.5	0.842
608	10.2	11.5	0.901
609	10.4	11.5	0.905
610	10.3	11.5	0.949
611	10.2	11.5	0.905
612	10.3	11.5	0.878
613	10.3	11.5	0.813
614	9.9	11.5	0.714
615	9.9	11.5	0.651
616	9.5	11.5	0.608
617	10.1	11.5	0.631
618	10.4	11.5	0.783
619	11.0	11.5	0.874
620	11.2	11.5	1.081
621	11.9	11.5	1.111
622	12.3	11.5	1.036
623	12.4	11.5	0.623
624	12.6	11.5	0.391
625	10.7	11.4	0.270
626	10.9	11.4	0.146
627	10.7	11.4	0.057
628	10.5	11.4	0.041
629	10.5	11.4	0.124
630	10.5	11.4	0.312
631	10.1	11.4	0.842
632	12.4	11.4	0.901
633	12.1	11.4	0.905
634	11.9	11.4	0.949
635	11.1	11.4	0.905
636	10.3	11.4	0.878
637	10.2	11.4	0.813
638	10.0	11.4	0.714
639	10.0	11.4	0.651
640	10.3	11.4	0.608
641	10.1	11.4	0.631
642	10.6	11.4	0.783
643	11.0	11.4	0.874
644	11.1	11.4	1.081
645	11.2	11.4	1.111
646	10.8	11.4	1.036
647	10.6	11.4	0.623
648	10.4	11.4	0.391
649	8.2	11.4	0.270
650	8.6	11.4	0.146
651	8.6	11.4	0.057
652	8.7	11.4	0.041
653	9.0	11.4	0.124
654	9.4	11.3	0.312
655	9.2	11.3	0.842
656	11.6	11.3	0.901
657	11.6	11.3	0.905
658	11.3	11.3	0.949
659	11.1	11.3	0.905
660	10.8	11.3	0.878
661	10.7	11.3	0.813
662	10.8	11.3	0.714
663	10.8	11.3	0.651
664	10.7	11.3	0.608
665	11.3	11.3	0.631
666	11.7	11.3	0.783
667	12.3	11.3	0.874
668	12.8	11.3	1.081
669	13.3	11.3	1.111
670	13.8	11.3	1.036
671	14.5	11.3	0.623
672	14.7	11.3	0.391
673	12.4	11.3	0.270
674	12.0	11.3	0.146
675	11.7	11.3	0.057
676	11.3	11.3	0.041
677	10.3	11.3	0.124
678	9.7	11.3	0.312
679	9.5	11.3	0.842
680	11.8	11.3	0.901
681	11.8	11.3	0.905
682	11.4	11.3	0.949
683	11.0	11.3	0.905
684	10.4	11.3	0.878
685	10.3	11.2	0.813
686	10.1	11.2	0.714
687	9.9	11.2	0.651
688	9.0	11.2	0.608
689	8.6	11.2	0.631
690	8.4	11.2	0.783
691	8.2	11.2	0.874
692	7.8	11.2	1.081
693	7.1	11.2	1.111
694	6.8	11.2	1.036
695	6.2	11.2	0.623
696	5.9	11.2	0.391
697	3.4	11.2	0.270
698	3.3	11.2	0.146
699	3.6	11.2	0.057
700	3.8	11.2	0.041
701	4.0	11.2	0.124
702	3.9	11.2	0.312
703	4.1	11.2	0.842
704	6.8	11.2	0.901
705	6.6	11.2	0.905
706	6.5	11.2	0.949
707	6.5	11.2	0.905
708	6.1	11.2	0.878
709	5.8	11.2	0.813
710	5.9	11.2	0.714
711	6.1	11.2	0.651
712	5.9	11.2	0.608
713	5.8	11.2	0.631
714	5.7	11.2	0.783
715	5.7	11.2	0.874
716	5.4	11.1	1.081
717	5.6	11.1	1.111
718	5.2	11.1	1.036
719	5.4	11.1	0.623
720	5.7	11.1	0.391
721	3.4	11.1	0.270
722	3.2	11.1	0.146
723	3.0	11.1	0.057
724	2.8	11.1	0.041
725	2.7	11.1	0.124
726	2.9	11.1	0.312
727	2.9	11.1	0.842
728	5.4	11.1	0.901
729	5.6	11.1	0.905
730	5.2	11.1	0.949
731	4.6	11.1	0.905
732	4.4	11.1	0.878
733	4.0	11.1	0.813
734	3.7	11.1	0.714
735	3.9	11.1	0.651
736	4.2	11.1	0.608
737	4.4	11.1	0.631
738	5.3	11.1	0.783
739	6.0	11.1	0.874
740	6.4	11.1	1.081
741	6.4	11.1	1.111
742	6.5	11.1	1.036
743	7.0	11.1	0.623
744	7.4	11.1	0.391
745	5.5	11.1	0.270
746	5.8	11.1	0.146
747	5.9	11.1	0.057
748	5.7	11.0	0.041
749	5.8	11.0	0.124
750	5.8	11.0	0.312
751	5.6	11.0	0.842
752	8.2	11.0	0.901
753	8.0	11.0	0.905
754	7.5	11.0	0.949
755	6.9	11.0	0.905
756	6.7	11.0	0.878
757	6.5	11.0	0.813
758	6.2	11.0	0.714
759	6.3	11.0	0.651
760	6.2	11.0	0.608
761	6.5	11.0	0.631
762	6.9	11.0	0.783
763	7.4	11.0	0.874
764	8.0	11.0	1.081
765	8.7	11.0	1.111
766	9.3	11.0	1.036
767	9.9	11.0	0.623
768	10.1	11.0	0.391
769	8.2	11.0	0.270
770	8.0	11.0	0.146
771	8.0	11.0	0.057
772	8.5	11.0	0.041
773	8.9	11.0	0.124
774	9.2	11.0	0.312
775	9.4	11.0	0.842
776	11.7	11.0	0.901
777	11.7	11.0	0.905
778	11.6	11.0	0.949
779	11.4	11.0	0.905
780	11.4	11.0	0.878
781	11.1	11.0	0.813
782	10.9	11.0	0.714
783	11.0	11.0	0.651
784	11.2	11.0	0.608
785	11.5	11.0	0.631
786	11.7	11.0	0.783
787	12.4	10.9	0.874
788	13.2	10.9	1.081
789	13.7	10.9	1.111
790	14.0	10.9	1.036
791	14.3	10.9	0.623
792	14.4	10.9	0.391
793	12.4	10.9	0.270
794	12.7	10.9	0.146
795	12.6	10.9	0.057
796	12.9	10.9	0.041
797	13.2	10.9	0.124
798	13.3	10.9	0.312
799	13.7	10.9	0.842
800	15.5	10.9	0.901
801	15.4	10.9	0.905
802	15.0	10.9	0.949
803	14.4	10.9	0.905
804	13.8	10.9	0.878
805	13.6	10.9	0.813
806	13.2	10.9	0.714
807	13.1	10.9	0.651
808	13.2	10.9	0.608
809	13.4	10.9	0.631
810	13.7	10.9	0.783
811	14.1	10.9	0.874
812	14.3	10.9	1.081
813	14.0	10.9	1.111
814	14.7	10.9	1.036
815	14.3	10.9	0.623
816	14.2	10.9	0.391
817	12.4	10.8	0.270
818	12.3	10.8	0.146
819	12.2	10.8	0.057
820	12.4	10.8	0.041
821	11.9	10.8	0.124
822	11.3	10.8	0.312
823	11.1	10.8	0.842
824	13.0	10.8	0.901
825	12.7	10.8	0.905
826	12.6	10.8	0.949
827	11.9	10.8	0.905
828	11.0	10.8	0.878
829	10.5	10.8	0.813
830	9.8	10.8	0.714
831	9.7	10.8	0.651
832	9.7	10.8	0.608
833	9.5	10.8	0.631
834	9.6	10.8	0.783
835	10.2	10.8	0.874
836	10.1	10.8	1.081
837	10.3	10.8	1.111
838	10.5	10.8	1.036
839	10.8	10.8	0.623
840	10.7	10.8	0.391
841	8.6	10.8	0.270
842	8.4	10.8	0.146
843	8.3	10.8	0.057
844	8.6	10.8	0.041
845	8.6	10.8	0.124
846	8.7	10.8	0.312
847	8.8	10.8	0.842
848	10.8	10.8	0.901
849	10.5	10.8	0.905
850	10.1	10.8	0.949
851	9.8	10.8	0.905
852	9.3	10.8	0.878
853	8.6	10.8	0.813
854	8.8	10.8	0.714
855	8.7	10.8	0.651
856	9.0	10.8	0.608
857	9.2	10.8	0.631
858	9.7	10.7	0.783
859	10.2	10.7	0.874
860	10.7	10.7	1.081
861	10.8	10.7	1.111
862	10.8	10.7	1.036
863	11.0	10.7	0.623
864	10.9	10.7	0.391
865	8.6	10.7	0.270
866	8.9	10.7	0.146
867	8.8	10.7	0.057
868	8.9	10.7	0.041
869	8.4	10.7	0.124
870	8.6	10.7	0.312
871	8.7	10.7	0.842
872	10.6	10.7	0.901
873	10.7	10.7	0.905
874	10.6	10.7	0.949
875	10.1	10.7	0.905
876	9.9	10.7	0.878
877	9.4	10.7	0.813
878	9.1	10.7	0.714
879	9.1	10.7	0.651
880	8.7	10.7	0.608
881	8.8	10.7	0.631
882	9.1	10.7	0.783
883	9.6	10.7	0.874
884	9.8	10.7	1.081
885	10.1	10.7	1.111
886	10.1	10.7	1.036
887	10.6	10.7	0.623
888	10.6	10.7	0.391
889	8.4	10.7	0.270
890	8.3	10.7	0.146
891	8.2	10.7	0.057
892	7.6	10.7	0.041
893	8.0	10.7	0.124
894	7.8	10.7	0.312
895	7.8	10.7	0.842
896	9.7	10.7	0.901
897	9.6	10.7	0.905
898	9.6	10.6	0.949
899	9.2	10.6	0.905
900	9.3	10.6	0.878
901	9.4	10.6	0.813
902	9.4	10.6	0.714
903	9.3	10.6	0.651
904	9.2	10.6	0.608
905	9.1	10.6	0.631
906	8.8	10.6	0.783
907	8.7	10.6	0.874
908	8.6	10.6	1.081
909	8.8	10.6	1.111
910	8.8	10.6	1.036
911	8.9	10.6	0.623
912	8.8	10.6	0.391
913	6.7	10.6	0.270
914	6.9	10.6	0.146
915	7.2	10.6	0.057
916	7.5	10.6	0.041
917	7.5	10.6	0.124
918	8.1	10.6	0.312
919	7.9	10.6	0.842
920	9.8	10.6	0.901
921	9.8	10.6	0.905
922	9.4	10.6	0.949
923	9.3	10.6	0.905
924	8.7	10.6	0.878
925	8.6	10.6	0.813
926	8.6	10.6	0.714
927	8.3	10.6	0.651
928	8.3	10.6	0.608
929	8.3	10.6	0.631
930	8.9	10.6	0.783
931	9.2	10.6	0.874
932	9.6	10.6	1.081
933	9.8	10.5	1.111
934	10.3	10.5	1.036
935	10.6	10.5	0.623
936	10.6	10.5	0.391
937	8.3	10.5	0.270
938	8.7	10.5	0.146
939	8.6	10.5	0.057
940	8.5	10.5	0.041
941	8.6	10.5	0.124
942	8.8	10.5	0.312
943	9.1	10.5	0.842
944	11.2	10.5	0.901
945	11.2	10.5	0.905
946	11.1	10.5	0.949
947	10.7	10.5	0.905
948	10.0	10.5	0.878
949	9.6	10.5	0.813
950	9.3	10.5	0.714
951	9.7	10.5	0.651
952	9.9	10.5	0.608
953	9.9	10.5	0.631
954	10.1	10.5	0.783
955	10.2	10.5	0.874
956	10.7	10.5	1.081
957	10.7	10.5	1.111
958	10.7	10.5	1.036
959	11.0	10.5	0.623
960	11.1	10.5	0.391
961	9.2	10.5	0.270
962	9.3	10.5	0.146
963	9.4	10.5	0.057
964	9.5	10.5	0.041
965	9.5	10.5	0.124
966	9.5	10.5	0.312
967	9.4	10.5	0.842
968	11.8	10.5	0.901
969	11.3	10.5	0.905
970	10.9	10.4	0.949
971	10.6	10.4	0.905
972	10.2	10.4	0.878
973	9.5	10.4	0.813
974	9.3	10.4	0.714
975	9.0	10.4	0.651
976	9.0	10.4	0.608
977	9.3	10.4	0.631
978	9.8	10.4	0.783
979	10.7	10.4	0.874
980	10.8	10.4	1.081
981	11.4	10.4	1.111
982	11.9	10.4	1.036
983	11.5	10.4	0.623
984	11.8	10.4	0.391
985	9.8	10.4	0.270
986	9.8	10.4	0.146
987	9.7	10.4	0.057
988	10.0	10.4	0.041
989	9.9	10.4	0.124
990	9.7	10.4	0.312
991	9.6	10.4	0.842
992	11.6	10.4	0.901
993	11.5	10.4	0.905
994	10.8	10.4	0.949
995	10.6	10.4	0.905
996	10.4	10.4	0.878
997	9.8	10.4	0.813
998	9.6	10.4	0.714
999	9.6	10.4	0.651
1000	9.7	10.4	0.608
1001	9.8	10.4	0.631
1002	10.1	10.3	0.783
1003	10.4	10.3	0.874
1004	10.5	10.3	1.081
1005	10.4	10.3	1.111
1006	11.1	10.3	1.036
1007	11.0	10.3	0.623
1008	10.6	10.3	0.391
1009	8.6	10.3	0.270
1010	8.6	10.3	0.146
1011	8.9	10.3	0.057
1012	8.9	10.3	0.041
1013	8.6	10.3	0.124
1014	8.4	10.3	0.312
1015	8.3	10.3	0.842
1016	10.2	10.3	0.901
1017	9.9	10.3	0.905
1018	9.9	10.3	0.949
1019	9.4	10.3	0.905
1020	8.9	10.3	0.878
1021	8.8	10.3	0.813
1022	8.2	10.3	0.714
1023	7.7	10.3	0.651
1024	7.7	10.3	0.608
1025	7.5	10.3	0.631
1026	7.5	10.3	0.783
1027	7.8	10.3	0.874
1028	8.3	10.3	1.081
1029	8.7	10.3	1.111
1030	8.4	10.3	1.036
1031	8.7	10.3	0.623
1032	8.7	10.3	0.391
1033	6.4	10.3	0.270
1034	6.6	10.3	0.146
1035	6.7	10.3	0.057
1036	6.9	10.3	0.041
1037	6.7	10.3	0.124
1038	6.6	10.2	0.312
1039	6.7	10.2	0.842
1040	8.8	10.2	0.901
1041	8.8	10.2	0.905
1042	8.9	10.2	0.949
1043	8.9	10.2	0.905
1044	9.3	10.2	0.878
1045	9.0	10.2	0.813
1046	9.2	10.2	0.714
1047	9.0	10.2	0.651
1048	9.2	10.2	0.608
1049	9.6	10.2	0.631
1050	9.7	10.2	0.783
1051	9.8	10.2	0.874
1052	10.0	10.2	1.081
1053	10.1	10.2	1.111
1054	10.2	10.2	1.036
1055	10.0	10.2	0.623
1056	10.2	10.2	0.391
1057	7.7	10.2	0.270
1058	7.7	10.2	0.146
1059	7.6	10.2	0.057
1060	7.6	10.2	0.041
1061	7.6	10.2	0.124
1062	7.5	10.2	0.312
1063	7.5	10.2	0.842
1064	9.7	10.2	0.901
1065	9.3	10.2	0.905
1066	9.4	10.2	0.949
1067	8.9	10.2	0.905
1068	8.8	10.2	0.878
1069	8.3	10.2	0.813
1070	7.9	10.2	0.714
1071	7.8	10.2	0.651
1072	8.0	10.2	0.608
1073	8.0	10.1	0.631
1074	7.7	10.1	0.783
1075	7.7	10.1	0.874
1076	7.6	10.1	1.081
1077	7.3	10.1	1.111
1078	6.8	10.1	1.036
1079	6.9	10.1	0.623
1080	6.9	10.1	0.391
1081	4.8	10.1	0.270
1082	4.9	10.1	0.146
1083	4.6	10.1	0.057
1084	4.8	10.1	0.041
1085	4.9	10.1	0.124
1086	4.5	10.1	0.312
1087	4.5	10.1	0.842
1088	6.4	10.1	0.901
1089	5.7	10.1	0.905
1090	5.4	10.1	0.949
1091	5.0	10.1	0.905
1092	4.8	10.1	0.878
1093	4.5	10.1	0.813
1094	4.0	10.1	0.714
1095	3.8	10.1	0.651
1096	3.7	10.1	0.608
1097	3.9	10.1	0.631
1098	4.4	10.1	0.783
1099	4.9	10.1	0.874
1100	5.3	10.1	1.081
1101	5.1	10.1	1.111
1102	5.3	10.1	1.036
1103	5.7	10.1	0.623
1104	6.2	10.1	0.391
1105	4.3	10.1	0.270
1106	4.4	10.1	0.146
1107	4.4	10.1	0.057
1108	4.8	10.1	0.041
1109	4.7	10.1	0.124
1110	4.5	10.1	0.312
1111	4.8	10.1	0.842
1112	6.7	10.1	0.901
1113	6.7	10.1	0.905
1114	6.6	10.1	0.949
1115	6.2	10.1	0.905
1116	5.4	10.1	0.878
1117	4.7	10.1	0.813
1118	4.7	10.1	0.714
1119	5.1	10.1	0.651
1120	5.3	10.1	0.608
1121	5.4	10.0	0.631
1122	5.7	10.0	0.783
1123	6.2	10.0	0.874
1124	6.8	10.0	1.081
1125	7.1	10.0	1.111
1126	7.4	10.0	1.036
1127	7.9	10.0	0.623
1128	8.1	10.0	0.391
1129	6.3	10.0	0.270
1130	6.3	10.0	0.146
1131	6.8	10.0	0.057
1132	7.0	10.0	0.041
1133	7.5	10.0	0.124
1134	7.6	10.0	0.312
1135	7.6	10.0	0.842
1136	9.5	10.0	0.901
1137	9.0	10.0	0.905
1138	9.0	10.0	0.949
1139	8.7	10.0	0.905
1140	8.1	10.0	0.878
1141	7.7	10.0	0.813
1142	7.5	10.0	0.714
1143	7.3	10.0	0.651
1144	7.5	10.0	0.608
1145	7.7	10.0	0.631
1146	8.6	10.0	0.783
1147	8.7	10.0	0.874
1148	9.0	10.0	1.081
1149	9.2	10.0	1.111
1150	9.9	10.0	1.036
1151	10.1	10.0	0.623
1152	10.5	10.0	0.391
1153	8.6	9.9	0.270
1154	8.6	9.9	0.146
1155	8.9	9.9	0.057
1156	9.0	9.9	0.041
1157	9.3	9.9	0.124
1158	9.3	9.9	0.312
1159	9.2	9.9	0.842
1160	11.5	9.9	0.901
1161	11.7	9.9	0.905
1162	11.4	9.9	0.949
1163	11.2	9.9	0.905
1164	10.9	9.9	0.878
1165	10.5	9.9	0.813
1166	10.5	9.9	0.714
1167	10.3	9.9	0.651
1168	10.1	9.9	0.608
1169	10.0	9.9	0.631
1170	10.6	9.9	0.783
1171	11.1	9.9	0.874
1172	11.1	9.9	1.081
1173	11.1	9.9	1.111
1174	11.4	9.9	1.036
1175	11.9	9.9	0.623
1176	11.8	9.9	0.391
1177	9.5	9.9	0.270
1178	9.6	9.9	0.146
1179	10.0	9.9	0.057
1180	9.9	9.9	0.041
1181	10.3	9.9	0.124
1182	10.6	9.9	0.312
1183	10.5	9.9	0.842
1184	12.6	9.9	0.901
1185	12.2	9.9	0.905
1186	11.9	9.9	0.949
1187	11.9	9.9	0.905
1188	11.5	9.9	0.878
1189	11.1	9.9	0.813
1190	10.9	9.9	0.714
1191	10.9	9.9	0.651
1192	10.7	9.9	0.608
1193	11.0	9.9	0.631
1194	11.4	9.9	0.783
1195	11.5	9.8	0.874
1196	12.2	9.8	1.081
1197	12.8	9.8	1.111
1198	13.0	9.8	1.036
1199	12.8	9.8	0.623
1200	13.1	9.8	0.391
1201	11.2	9.8	0.270
1202	11.8	9.8	0.146
1203	11.8	9.8	0.057
1204	11.8	9.8	0.041
1205	11.5	9.8	0.124
1206	11.2	9.8	0.312
1207	11.2	9.8	0.842
1208	13.2	9.8	0.901
1209	13.3	9.8	0.905
1210	13.0	9.8	0.949
1211	12.7	9.8	0.905
1212	12.6	9.8	0.878
1213	12.5	9.8	0.813
1214	12.5	9.8	0.714
1215	12.3	9.8	0.651
1216	12.5	9.8	0.608
1217	12.6	9.8	0.631
1218	13.1	9.8	0.783
1219	13.3	9.8	0.874
1220	13.5	9.8	1.081
1221	13.6	9.8	1.111
1222	13.7	9.8	1.036
1223	13.7	9.8	0.623
1224	14.0	9.8	0.391
1225	11.9	9.8	0.270
1226	11.6	9.8	0.146
1227	11.5	9.8	0.057
1228	11.1	9.8	0.041
1229	10.5	9.8	0.124
1230	10.1	9.8	0.312
1231	10.1	9.8	0.842
1232	12.0	9.7	0.901
1233	11.8	9.7	0.905
1234	11.3	9.7	0.949
1235	10.8	9.7	0.905
1236	10.7	9.7	0.878
1237	10.5	9.7	0.813
1238	9.9	9.7	0.714
1239	9.9	9.7	0.651
1240	9.6	9.7	0.608
1241	9.6	9.7	0.631
1242	9.4	9.7	0.783
1243	9.1	9.7	0.874
1244	8.8	9.7	1.081
1245	8.8	9.7	1.111
1246	8.2	9.7	1.036
1247	8.1	9.7	0.623
1248	7.9	9.7	0.391
1249	5.4	9.7	0.270
1250	5.7	9.7	0.146
1251	5.6	9.7	0.057
1252	5.4	9.7	0.041
1253	5.4	9.7	0.124
1254	5.6	9.7	0.312
1255	5.7	9.7	0.842
1256	7.9	9.7	0.901
1257	7.4	9.7	0.905
1258	6.6	9.7	0.949
1259	6.4	9.7	0.905
1260	5.6	9.7	0.878
1261	5.4	9.7	0.813
1262	5.5	9.7	0.714
1263	5.3	9.7	0.651
1264	5.7	9.7	0.608
1265	5.9	9.7	0.631
1266	6.0	9.7	0.783
1267	6.7	9.7	0.874
1268	6.7	9.7	1.081
1269	7.0	9.7	1.111
1270	7.4	9.6	1.036
1271	7.6	9.6	0.623
1272	7.9	9.6	0.391
1273	5.7	9.6	0.270
1274	5.9	9.6	0.146
1275	6.0	9.6	0.057
1276	5.9	9.6	0.041
1277	6.1	9.6	0.124
1278	6.3	9.6	0.312
1279	6.3	9.6	0.842
1280	8.8	9.6	0.901
1281	8.6	9.6	0.905
1282	8.5	9.6	0.949
1283	7.7	9.6	0.905
1284	7.3	9.6	0.878
1285	7.1	9.6	0.813
1286	6.9	9.6	0.714
1287	6.5	9.6	0.651
1288	6.5	9.6	0.608
1289	6.9	9.6	0.631
1290	7.3	9.6	0.783
1291	7.8	9.6	0.874
1292	7.7	9.6	1.081
1293	7.9	9.6	1.111
1294	8.2	9.6	1.036
1295	8.0	9.6	0.623
1296	8.4	9.6	0.391
1297	6.2	9.6	0.270
1298	6.5	9.6	0.146
1299	6.7	9.6	0.057
1300	7.4	9.6	0.041
1301	7.5	9.6	0.124
1302	7.8	9.6	0.312
1303	8.0	9.6	0.842
1304	10.3	9.6	0.901
1305	10.2	9.6	0.905
1306	9.6	9.6	0.949
1307	9.0	9.6	0.905
1308	8.6	9.6	0.878
1309	8.3	9.6	0.813
1310	8.0	9.6	0.714
1311	7.7	9.5	0.651
1312	7.3	9.5	0.608
1313	7.7	9.5	0.631
1314	8.2	9.5	0.783
1315	8.8	9.5	0.874
1316	9.0	9.5	1.081
1317	9.2	9.5	1.111
1318	9.3	9.5	1.036
1319	9.5	9.5	0.623
1320	9.3	9.5	0.391
1321	7.3	9.5	0.270
1322	7.4	9.5	0.146
1323	7.7	9.5	0.057
1324	7.4	9.5	0.041
1325	7.6	9.5	0.124
1326	7.5	9.5	0.312
1327	7.1	9.5	0.842
1328	8.7	9.5	0.901
1329	8.7	9.5	0.905
1330	8.3	9.5	0.949
1331	7.4	9.5	0.905
1332	6.5	9.5	0.878
1333	6.0	9.5	0.813
1334	5.2	9.5	0.714
1335	5.1	9.5	0.651
1336	5.5	9.5	0.608
1337	5.4	9.5	0.631
1338	5.9	9.5	0.783
1339	6.5	9.5	0.874
1340	6.8	9.5	1.081
1341	6.7	9.5	1.111
1342	6.8	9.5	1.036
1343	6.9	9.5	0.623
1344	6.9	9.5	0.391
1345	5.0	9.5	0.270
1346	5.3	9.5	0.146
1347	5.8	9.5	0.057
1348	5.8	9.5	0.041
1349	5.8	9.5	0.124
1350	5.8	9.5	0.312
1351	6.0	9.5	0.842
1352	8.2	9.4	0.901
1353	8.2	9.4	0.905
1354	7.8	9.4	0.949
1355	7.5	9.4	0.905
1356	7.1	9.4	0.878
1357	6.8	9.4	0.813
1358	6.9	9.4	0.714
1359	6.7	9.4	0.651
1360	7.0	9.4	0.608
1361	7.3	9.4	0.631
1362	7.9	9.4	0.783
1363	8.7	9.4	0.874
1364	9.4	9.4	1.081
1365	9.7	9.4	1.111
1366	9.8	9.4	1.036
1367	10.6	9.4	0.623
1368	10.6	9.4	0.391
1369	9.0	9.4	0.270
1370	9.4	9.4	0.146
1371	9.0	9.4	0.057
1372	9.2	9.4	0.041
1373	9.3	9.4	0.124
1374	9.0	9.4	0.312
1375	9.0	9.4	0.842
1376	11.3	9.4	0.901
1377	11.4	9.4	0.905
1378	11.0	9.4	0.949
1379	10.4	9.4	0.905
1380	10.0	9.4	0.878
1381	9.7	9.4	0.813
1382	9.4	9.4	0.714
1383	9.2	9.4	0.651
1384	9.4	9.4	0.608
1385	9.7	9.4	0.631
1386	10.5	9.4	0.783
1387	11.5	9.4	0.874
1388	12.0	9.4	1.081
1389	12.4	9.4	1.111
1390	12.5	9.4	1.036
1391	12.9	9.4	0.623
1392	13.8	9.4	0.391
1393	11.9	9.4	0.270
1394	12.0	9.4	0.146
1395	12.0	9.4	0.057
1396	12.1	9.3	0.041
1397	12.2	9.3	0.124
1398	12.0	9.3	0.312
1399	12.0	9.3	0.842
1400	13.7	9.3	0.901
1401	13.5	9.3	0.905
1402	13.0	9.3	0.949
1403	12.4	9.3	0.905
1404	11.4	9.3	0.878
1405	10.6	9.3	0.813
1406	9.8	9.3	0.714
1407	9.5	9.3	0.651
1408	9.3	9.3	0.608
1409	9.4	9.3	0.631
1410	10.0	9.3	0.783
1411	10.7	9.3	0.874
1412	10.8	9.3	1.081
1413	10.9	9.3	1.111
1414	11.2	9.3	1.036
1415	11.3	9.3	0.623
1416	11.6	9.3	0.391
1417	6.6	9.3	0.270
1418	6.8	9.3	0.146
1419	6.8	9.3	0.057
1420	7.0	9.3	0.041
1421	7.1	9.3	0.124
1422	7.2	9.3	0.312
1423	7.2	9.3	0.842
1424	8.8	9.3	0.901
1425	8.3	9.3	0.905
1426	7.9	9.3	0.949
1427	7.3	9.3	0.905
1428	6.4	9.3	0.878
1429	5.9	9.3	0.813
1430	5.7	9.3	0.714
1431	5.5	9.3	0.651
1432	5.8	9.3	0.608
1433	5.8	9.3	0.631
1434	6.2	9.3	0.783
1435	6.4	9.3	0.874
1436	6.6	9.3	1.081
1437	6.7	9.3	1.111
1438	6.9	9.3	1.036
1439	7.2	9.3	0.623
1440	7.4	9.3	0.391
1441	5.7	9.3	0.270
1442	5.9	9.3	0.146
1443	6.4	9.3	0.057
1444	6.4	9.2	0.041
1445	6.6	9.2	0.124
1446	6.7	9.2	0.312
1447	6.7	9.2	0.842
1448	8.4	9.2	0.901
1449	8.3	9.2	0.905
1450	7.7	9.2	0.949
1451	7.3	9.2	0.905
1452	6.8	9.2	0.878
1453	6.3	9.2	0.813
1454	6.0	9.2	0.714
1455	6.0	9.2	0.651
1456	6.1	9.2	0.608
1457	6.1	9.2	0.631
1458	7.0	9.2	0.783
1459	7.5	9.2	0.874
1460	8.0	9.2	1.081
1461	8.2	9.2	1.111
1462	8.5	9.2	1.036
1463	8.8	9.2	0.623
1464	9.1	9.2	0.391
1465	7.8	9.2	0.270
1466	7.8	9.2	0.146
1467	7.9	9.2	0.057
1468	7.8	9.2	0.041
1469	7.9	9.2	0.124
1470	7.9	9.2	0.312
1471	8.0	9.2	0.842
1472	9.6	9.2	0.901
1473	9.7	9.2	0.905
1474	9.5	9.2	0.949
1475	9.2	9.2	0.905
1476	9.1	9.2	0.878
1477	9.1	9.2	0.813
1478	9.3	9.2	0.714
1479	9.3	9.2	0.651
1480	9.3	9.2	0.608
1481	9.7	9.2	0.631
1482	9.7	9.1	0.783
1483	9.7	9.1	0.874
1484	9.6	9.1	1.081
1485	9.7	9.1	1.111
1486	9.8	9.1	1.036
1487	9.9	9.1	0.623
1488	9.6	9.1	0.391
1489	7.9	9.1	0.270
1490	7.8	9.1	0.146
1491	7.9	9.1	0.057
1492	7.7	9.1	0.041
1493	7.9	9.1	0.124
1494	7.8	9.1	0.312
1495	7.6	9.1	0.842
1496	9.1	9.1	0.901
1497	8.8	9.1	0.905
1498	8.4	9.1	0.949
1499	7.8	9.1	0.905
1500	7.4	9.1	0.878
1501	6.8	9.1	0.813
1502	6.5	9.1	0.714
1503	6.6	9.1	0.651
1504	6.7	9.1	0.608
1505	7.3	9.1	0.631
1506	7.7	9.1	0.783
1507	8.1	9.1	0.874
1508	8.6	9.1	1.081
1509	8.5	9.1	1.111
1510	8.8	9.1	1.036
1511	9.0	9.1	0.623
1512	8.9	9.1	0.391
1513	7.8	9.1	0.270
1514	8.0	9.1	0.146
1515	8.0	9.1	0.057
1516	7.8	9.1	0.041
1517	7.6	9.1	0.124
1518	7.4	9.1	0.312
1519	7.4	9.1	0.842
1520	8.6	9.1	0.901
1521	8.4	9.1	0.905
1522	8.2	9.1	0.949
1523	7.7	9.1	0.905
1524	7.2	9.1	0.878
1525	6.8	9.1	0.813
1526	6.7	9.1	0.714
1527	6.6	9.1	0.651
1528	6.7	9.1	0.608
1529	6.7	9.1	0.631
1530	7.0	9.1	0.783
1531	6.9	9.1	0.874
1532	6.7	9.1	1.081
1533	6.7	9.1	1.111
1534	6.7	9.1	1.036
1535	6.6	9.1	0.623
1536	6.7	9.1	0.391
1537	5.2	9.1	0.270
1538	5.0	9.0	0.146
1539	5.2	9.0	0.057
1540	5.5	9.0	0.041
1541	5.5	9.0	0.124
1542	5.8	9.0	0.312
1543	5.7	9.0	0.842
1544	7.1	9.0	0.901
1545	6.9	9.0	0.905
1546	6.7	9.0	0.949
1547	6.0	9.0	0.905
1548	5.8	9.0	0.878
1549	5.6	9.0	0.813
1550	5.5	9.0	0.714
1551	5.1	9.0	0.651
1552	5.5	9.0	0.608
1553	5.7	9.0	0.631
1554	5.9	9.0	0.783
1555	6.6	9.0	0.874
1556	6.6	9.0	1.081
1557	6.8	9.0	1.111
1558	6.6	9.0	1.036
1559	6.8	9.0	0.623
1560	6.9	9.0	0.391
1561	5.6	9.0	0.270
1562	5.4	9.0	0.146
1563	5.2	9.0	0.057
1564	5.1	9.0	0.041
1565	5.0	9.0	0.124
1566	5.1	9.0	0.312
1567	5.2	9.0	0.842
1568	6.7	9.0	0.901
1569	6.8	9.0	0.905
1570	6.8	9.0	0.949
1571	6.8	9.0	0.905
1572	6.4	9.0	0.878
1573	6.3	9.0	0.813
1574	5.9	9.0	0.714
1575	5.8	9.0	0.651
1576	5.9	9.0	0.608
1577	5.6	9.0	0.631
1578	5.6	9.0	0.783
1579	5.7	9.0	0.874
1580	5.8	9.0	1.081
1581	6.0	9.0	1.111
1582	5.9	9.0	1.036
1583	5.9	9.0	0.623
1584	5.9	8.9	0.391
1585	4.4	8.9	0.270
1586	4.9	8.9	0.146
1587	4.9	8.9	0.057
1588	5.1	8.9	0.041
1589	5.1	8.9	0.124
1590	5.2	8.9	0.312
1591	5.1	8.9	0.842
1592	6.7	8.9	0.901
1593	6.9	8.9	0.905
1594	6.7	8.9	0.949
1595	6.4	8.9	0.905
1596	6.2	8.9	0.878
1597	5.8	8.9	0.813
1598	5.9	8.9	0.714
1599	5.7	8.9	0.651
1600	5.9	8.9	0.608
1601	6.1	8.9	0.631
1602	6.6	8.9	0.783
1603	6.8	8.9	0.874
1604	7.2	8.9	1.081
1605	7.4	8.9	1.111
1606	7.7	8.9	1.036
1607	8.0	8.9	0.623
1608	8.7	8.9	0.391
1609	7.4	8.9	0.270
1610	7.4	8.9	0.146
1611	7.6	8.9	0.057
1612	7.5	8.9	0.041
1613	7.5	8.9	0.124
1614	7.3	8.9	0.312
1615	7.4	8.9	0.842
1616	8.8	8.9	0.901
1617	8.7	8.9	0.905
1618	8.0	8.9	0.949
1619	7.6	8.9	0.905
1620	6.8	8.9	0.878
1621	6.1	8.8	0.813
1622	5.6	8.8	0.714
1623	5.3	8.8	0.651
1624	5.4	8.8	0.608
1625	5.6	8.8	0.631
1626	6.2	8.8	0.783
1627	6.8	8.8	0.874
1628	7.1	8.8	1.081
1629	7.2	8.8	1.111
1630	7.5	8.8	1.036
1631	7.7	8.8	0.623
1632	7.9	8.8	0.391
1633	6.3	8.8	0.270
1634	6.6	8.8	0.146
1635	6.6	8.8	0.057
1636	6.7	8.8	0.041
1637	7.0	8.8	0.124
1638	7.0	8.8	0.312
1639	7.1	8.8	0.842
1640	8.6	8.8	0.901
1641	8.3	8.8	0.905
1642	7.3	8.8	0.949
1643	6.7	8.8	0.905
1644	5.9	8.8	0.878
1645	5.3	8.8	0.813
1646	5.0	8.8	0.714
1647	4.8	8.8	0.651
1648	4.8	8.8	0.608
1649	5.0	8.8	0.631
1650	5.5	8.8	0.783
1651	6.0	8.8	0.874
1652	6.3	8.8	1.081
1653	6.6	8.8	1.111
1654	6.7	8.8	1.036
1655	6.7	8.8	0.623
1656	7.1	8.8	0.391
1657	5.6	8.8	0.270
1658	5.8	8.8	0.146
1659	5.9	8.8	0.057
1660	5.9	8.8	0.041
1661	5.9	8.8	0.124
1662	5.9	8.8	0.312
1663	5.9	8.8	0.842
1664	7.6	8.8	0.901
1665	7.2	8.8	0.905
1666	7.0	8.7	0.949
1667	6.6	8.7	0.905
1668	5.7	8.7	0.878
1669	5.2	8.7	0.813
1670	4.7	8.7	0.714
1671	4.4	8.7	0.651
1672	4.5	8.7	0.608
1673	4.8	8.7	0.631
1674	5.3	8.7	0.783
1675	5.8	8.7	0.874
1676	6.0	8.7	1.081
1677	6.4	8.7	1.111
1678	6.7	8.7	1.036
1679	6.9	8.7	0.623
1680	7.1	8.7	0.391
1681	5.8	8.7	0.270
1682	5.8	8.7	0.146
1683	5.7	8.7	0.057
1684	5.7	8.7	0.041
1685	5.9	8.7	0.124
1686	5.9	8.7	0.312
1687	5.5	8.7	0.842
1688	7.2	8.7	0.901
1689	7.0	8.7	0.905
1690	6.6	8.7	0.949
1691	5.7	8.7	0.905
1692	4.9	8.7	0.878
1693	4.5	8.7	0.813
1694	4.1	8.7	0.714
1695	3.7	8.7	0.651
1696	3.6	8.7	0.608
1697	3.7	8.7	0.631
1698	4.1	8.7	0.783
1699	4.5	8.7	0.874
1700	4.5	8.7	1.081
1701	4.6	8.7	1.111
1702	4.8	8.7	1.036
1703	4.9	8.7	0.623
1704	5.1	8.7	0.391
1705	3.6	8.7	0.270
1706	3.6	8.7	0.146
1707	3.4	8.7	0.057
1708	3.2	8.7	0.041
1709	3.0	8.6	0.124
1710	3.2	8.6	0.312
1711	3.1	8.6	0.842
1712	4.6	8.6	0.901
1713	4.2	8.6	0.905
1714	4.0	8.6	0.949
1715	3.7	8.6	0.905
1716	3.3	8.6	0.878
1717	3.0	8.6	0.813
1718	2.9	8.6	0.714
1719	2.5	8.6	0.651
1720	2.2	8.6	0.608
1721	2.6	8.6	0.631
1722	3.0	8.6	0.783
1723	3.5	8.6	0.874
1724	3.8	8.6	1.081
1725	4.1	8.6	1.111
1726	4.2	8.6	1.036
1727	4.1	8.6	0.623
1728	4.1	8.6	0.391
1729	2.4	8.6	0.270
1730	2.4	8.6	0.146
1731	2.5	8.6	0.057
1732	2.5	8.6	0.041
1733	2.7	8.6	0.124
1734	3.0	8.6	0.312
1735	3.1	8.6	0.842
1736	4.6	8.6	0.901
1737	4.1	8.6	0.905
1738	3.9	8.6	0.949
1739	3.4	8.6	0.905
1740	3.4	8.6	0.878
1741	3.1	8.6	0.813
1742	2.7	8.6	0.714
1743	2.7	8.6	0.651
1744	2.8	8.6	0.608
1745	3.0	8.6	0.631
1746	3.2	8.6	0.783
1747	3.4	8.6	0.874
1748	3.9	8.6	1.081
1749	4.1	8.6	1.111
1750	4.6	8.6	1.036
1751	4.6	8.6	0.623
1752	4.8	8.6	0.391
1753	3.3	8.6	0.270
1754	3.6	8.6	0.146
1755	3.7	8.6	0.057
1756	3.6	8.6	0.041
1757	3.9	8.6	0.124
1758	3.8	8.6	0.312
1759	3.9	8.6	0.842
1760	5.7	8.6	0.901
1761	5.7	8.6	0.905
1762	5.3	8.6	0.949
1763	4.7	8.6	0.905
1764	4.3	8.6	0.878
1765	3.8	8.6	0.813
1766	3.7	8.5	0.714
1767	3.3	8.5	0.651
1768	3.3	8.5	0.608
1769	3.7	8.5	0.631
1770	4.2	8.5	0.783
1771	4.8	8.5	0.874
1772	5.3	8.5	1.081
1773	5.6	8.5	1.111
1774	6.2	8.5	1.036
1775	6.6	8.5	0.623
1776	7.1	8.5	0.391
1777	5.8	8.5	0.270
1778	5.7	8.5	0.146
1779	5.6	8.5	0.057
1780	5.6	8.5	0.041
1781	5.7	8.5	0.124
1782	5.6	8.5	0.312
1783	5.6	8.5	0.842
1784	7.1	8.5	0.901
1785	7.1	8.5	0.905
1786	6.9	8.5	0.949
1787	6.3	8.5	0.905
1788	6.1	8.5	0.878
1789	5.8	8.5	0.813
1790	5.7	8.5	0.714
1791	5.5	8.4	0.651
1792	5.6	8.4	0.608
1793	5.8	8.4	0.631
1794	5.8	8.4	0.783
1795	6.1	8.4	0.874
1796	6.1	8.4	1.081
1797	6.4	8.4	1.111
1798	6.7	8.4	1.036
1799	6.8	8.4	0.623
1800	7.0	8.4	0.391
1801	5.6	8.4	0.270
1802	5.5	8.4	0.146
1803	5.4	8.4	0.057
1804	5.0	8.4	0.041
1805	5.3	8.4	0.124
1806	4.9	8.4	0.312
1807	4.7	8.4	0.842
1808	5.7	8.4	0.901
1809	5.5	8.4	0.905
1810	5.2	8.4	0.949
1811	5.0	8.4	0.905
1812	4.4	8.4	0.878
1813	4.0	8.4	0.813
1814	3.5	8.4	0.714
1815	3.5	8.4	0.651
1816	3.7	8.4	0.608
1817	3.6	8.3	0.631
1818	4.0	8.3	0.783
1819	4.2	8.3	0.874
1820	4.3	8.3	1.081
1821	4.3	8.3	1.111
1822	4.1	8.3	1.036
1823	4.1	8.3	0.623
1824	4.3	8.3	0.391
1825	2.6	8.3	0.270
1826	2.4	8.3	0.146
1827	2.7	8.3	0.057
1828	2.6	8.3	0.041
1829	2.5	8.3	0.124
1830	2.6	8.3	0.312
1831	2.5	8.3	0.842
1832	3.8	8.3	0.901
1833	3.7	8.3	0.905
1834	3.7	8.3	0.949
1835	3.2	8.3	0.905
1836	2.7	8.3	0.878
1837	2.5	8.3	0.813
1838	2.1	8.3	0.714
1839	1.7	8.3	0.651
1840	1.7	8.3	0.608
1841	1.9	8.3	0.631
1842	2.3	8.3	0.783
1843	2.7	8.3	0.874
1844	3.0	8.3	1.081
1845	3.1	8.3	1.111
1846	3.2	8.3	1.036
1847	3.3	8.3	0.623
1848	3.9	8.3	0.391
1849	2.3	8.3	0.270
1850	2.4	8.3	0.146
1851	2.7	8.2	0.057
1852	2.8	8.2	0.041
1853	2.8	8.2	0.124
1854	3.0	8.2	0.312
1855	3.1	8.2	0.842
1856	4.7	8.2	0.901
1857	4.3	8.2	0.905
1858	3.8	8.2	0.949
1859	3.4	8.2	0.905
1860	3.2	8.2	0.878
1861	3.0	8.2	0.813
1862	2.7	8.2	0.714
1863	2.9	8.2	0.651
1864	3.1	8.2	0.608
1865	3.3	8.2	0.631
1866	3.7	8.2	0.783
1867	4.4	8.2	0.874
1868	4.9	8.2	1.081
1869	5.1	8.2	1.111
1870	5.6	8.2	1.036
1871	6.0	8.2	0.623
1872	6.4	8.2	0.391
1873	4.9	8.2	0.270
1874	5.1	8.2	0.146
1875	5.2	8.2	0.057
1876	5.1	8.2	0.041
1877	5.0	8.2	0.124
1878	5.0	8.2	0.312
1879	5.0	8.2	0.842
1880	6.4	8.2	0.901
1881	6.2	8.2	0.905
1882	5.7	8.2	0.949
1883	5.2	8.2	0.905
1884	4.8	8.2	0.878
1885	4.6	8.2	0.813
1886	4.1	8.2	0.714
1887	4.2	8.2	0.651
1888	4.1	8.2	0.608
1889	4.3	8.2	0.631
1890	4.5	8.2	0.783
1891	4.9	8.1	0.874
1892	5.1	8.1	1.081
1893	5.1	8.1	1.111
1894	5.2	8.1	1.036
1895	5.5	8.1	0.623
1896	5.7	8.1	0.391
1897	4.1	8.1	0.270
1898	4.1	8.1	0.146
1899	4.5	8.1	0.057
1900	4.6	8.1	0.041
1901	4.6	8.1	0.124
1902	4.4	8.1	0.312
1903	4.3	8.1	0.842
1904	6.2	8.1	0.901
1905	5.7	8.1	0.905
1906	5.1	8.1	0.949
1907	4.5	8.1	0.905
1908	3.9	8.1	0.878
1909	3.5	8.1	0.813
1910	3.2	8.1	0.714
1911	3.3	8.1	0.651
1912	3.4	8.1	0.608
1913	3.5	8.1	0.631
1914	3.9	8.1	0.783
1915	4.2	8.1	0.874
1916	4.4	8.1	1.081
1917	4.6	8.1	1.111
1918	4.7	8.1	1.036
1919	4.8	8.1	0.623
1920	5.2	8.1	0.391
1921	3.8	8.1	0.270
1922	4.1	8.0	0.146
1923	4.7	8.0	0.057
1924	5.0	8.0	0.041
1925	5.2	8.0	0.124
1926	5.4	8.0	0.312
1927	5.4	8.0	0.842
1928	6.8	8.0	0.901
1929	6.8	8.0	0.905
1930	6.7	8.0	0.949
1931	6.2	8.0	0.905
1932	5.9	8.0	0.878
1933	5.7	8.0	0.813
1934	5.8	8.0	0.714
1935	5.8	8.0	0.651
1936	5.8	8.0	0.608
1937	6.0	8.0	0.631
1938	6.6	8.0	0.783
1939	7.1	8.0	0.874
1940	7.3	8.0	1.081
1941	7.7	8.0	1.111
1942	7.9	8.0	1.036
1943	8.2	8.0	0.623
1944	8.6	8.0	0.391
1945	7.2	8.0	0.270
1946	7.3	8.0	0.146
1947	7.3	8.0	0.057
1948	7.4	8.0	0.041
1949	7.2	8.0	0.124
1950	7.2	8.0	0.312
1951	7.3	8.0	0.842
1952	8.6	8.0	0.901
1953	8.0	8.0	0.905
1954	7.3	8.0	0.949
1955	6.4	8.0	0.905
1956	5.8	8.0	0.878
1957	5.1	8.0	0.813
1958	5.0	8.0	0.714
1959	4.9	8.0	0.651
1960	5.0	8.0	0.608
1961	5.2	8.0	0.631
1962	6.0	8.0	0.783
1963	6.5	8.0	0.874
1964	7.0	7.9	1.081
1965	7.1	7.9	1.111
1966	7.1	7.9	1.036
1967	7.3	7.9	0.623
1968	7.4	7.9	0.391
1969	5.8	7.9	0.270
1970	6.2	7.9	0.146
1971	6.6	7.9	0.057
1972	6.6	7.9	0.041
1973	6.7	7.9	0.124
1974	6.7	7.9	0.312
1975	6.8	7.9	0.842
1976	8.4	7.9	0.901
1977	8.0	7.9	0.905
1978	7.6	7.9	0.949
1979	7.0	7.9	0.905
1980	6.5	7.9	0.878
1981	6.2	7.9	0.813
1982	6.1	7.9	0.714
1983	5.8	7.9	0.651
1984	6.1	7.9	0.608
1985	6.4	7.9	0.631
1986	7.1	7.9	0.783
1987	7.6	7.9	0.874
1988	7.9	7.9	1.081
1989	8.1	7.9	1.111
1990	8.4	7.9	1.036
1991	9.0	7.9	0.623
1992	9.1	7.9	0.391
1993	7.7	7.9	0.270
1994	7.6	7.9	0.146
1995	7.5	7.9	0.057
1996	7.7	7.9	0.041
1997	7.6	7.9	0.124
1998	7.6	7.9	0.312
1999	7.6	7.9	0.842
2000	8.8	7.9	0.901
2001	8.6	7.9	0.905
2002	8.0	7.9	0.949
2003	7.2	7.9	0.905
2004	6.6	7.9	0.878
2005	6.1	7.9	0.813
2006	5.5	7.9	0.714
2007	5.3	7.9	0.651
2008	5.1	7.8	0.608
2009	5.0	7.8	0.631
2010	5.5	7.8	0.783
2011	5.7	7.8	0.874
2012	5.5	7.8	1.081
2013	5.7	7.8	1.111
2014	5.7	7.8	1.036
2015	5.9	7.8	0.623
2016	6.1	7.8	0.391
2017	4.7	7.8	0.270
2018	4.8	7.8	0.146
2019	4.6	7.8	0.057
2020	4.5	7.8	0.041
2021	4.7	7.8	0.124
2022	4.8	7.8	0.312
2023	4.5	7.8	0.842
2024	5.8	7.8	0.901
2025	5.4	7.8	0.905
2026	5.2	7.8	0.949
2027	5.0	7.8	0.905
2028	4.6	7.8	0.878
2029	4.6	7.8	0.813
2030	4.5	7.8	0.714
2031	4.5	7.8	0.651
2032	4.3	7.8	0.608
2033	4.3	7.8	0.631
2034	4.3	7.8	0.783
2035	4.5	7.8	0.874
2036	4.4	7.8	1.081
2037	4.6	7.8	1.111
2038	4.9	7.8	1.036
2039	4.9	7.8	0.623
2040	5.3	7.8	0.391
2041	3.6	7.8	0.270
2042	3.8	7.8	0.146
2043	3.7	7.8	0.057
2044	3.9	7.8	0.041
2045	4.0	7.8	0.124
2046	4.2	7.7	0.312
2047	4.3	7.7	0.842
2048	5.7	7.7	0.901
2049	5.3	7.7	0.905
2050	5.0	7.7	0.949
2051	4.8	7.7	0.905
2052	4.4	7.7	0.878
2053	3.9	7.7	0.813
2054	3.7	7.7	0.714
2055	3.5	7.7	0.651
2056	3.2	7.7	0.608
2057	3.3	7.7	0.631
2058	3.6	7.7	0.783
2059	3.9	7.7	0.874
2060	4.2	7.7	1.081
2061	4.3	7.7	1.111
2062	4.8	7.7	1.036
2063	4.8	7.7	0.623
2064	5.1	7.7	0.391
2065	3.6	7.7	0.270
2066	3.6	7.7	0.146
2067	3.4	7.7	0.057
2068	3.3	7.7	0.041
2069	3.3	7.7	0.124
2070	3.3	7.7	0.312
2071	3.2	7.7	0.842
2072	5.0	7.7	0.901
2073	4.4	7.7	0.905
2074	3.9	7.7	0.949
2075	3.4	7.7	0.905
2076	3.0	7.7	0.878
2077	2.7	7.7	0.813
2078	2.6	7.7	0.714
2079	2.5	7.7	0.651
2080	2.9	7.7	0.608
2081	3.3	7.7	0.631
2082	3.8	7.7	0.783
2083	4.3	7.7	0.874
2084	4.7	7.6	1.081
2085	5.1	7.6	1.111
2086	5.5	7.6	1.036
2087	5.9	7.6	0.623
2088	5.9	7.6	0.391
2089	4.6	7.6	0.270
2090	4.5	7.6	0.146
2091	4.6	7.6	0.057
2092	4.7	7.6	0.041
2093	4.6	7.6	0.124
2094	4.7	7.6	0.312
2095	4.7	7.6	0.842
2096	5.9	7.6	0.901
2097	5.4	7.6	0.905
2098	4.8	7.6	0.949
2099	4.0	7.6	0.905
2100	3.4	7.6	0.878
2101	2.8	7.6	0.813
2102	2.4	7.6	0.714
2103	2.3	7.6	0.651
2104	2.3	7.6	0.608
2105	2.6	7.6	0.631
2106	3.2	7.6	0.783
2107	3.6	7.6	0.874
2108	3.9	7.6	1.081
2109	4.1	7.6	1.111
2110	4.3	7.6	1.036
2111	4.5	7.6	0.623
2112	4.8	7.6	0.391
2113	3.6	7.6	0.270
2114	4.0	7.6	0.146
2115	3.9	7.6	0.057
2116	4.0	7.6	0.041
2117	4.0	7.6	0.124
2118	3.7	7.6	0.312
2119	3.6	7.6	0.842
2120	5.0	7.6	0.901
2121	4.8	7.6	0.905
2122	4.8	7.6	0.949
2123	4.5	7.6	0.905
2124	3.6	7.6	0.878
2125	3.1	7.6	0.813
2126	2.8	7.6	0.714
2127	2.4	7.6	0.651
2128	2.3	7.6	0.608
2129	2.5	7.6	0.631
2130	2.8	7.6	0.783
2131	3.4	7.6	0.874
2132	3.7	7.5	1.081
2133	3.8	7.5	1.111
2134	3.8	7.5	1.036
2135	4.2	7.5	0.623
2136	4.4	7.5	0.391
2137	3.1	7.5	0.270
2138	3.0	7.5	0.146
2139	3.2	7.5	0.057
2140	3.4	7.5	0.041
2141	3.4	7.5	0.124
2142	3.6	7.5	0.312
2143	3.3	7.5	0.842
2144	4.8	7.5	0.901
2145	4.6	7.5	0.905
2146	4.2	7.5	0.949
2147	3.4	7.5	0.905
2148	2.9	7.5	0.878
2149	2.1	7.5	0.813
2150	1.8	7.5	0.714
2151	1.3	7.5	0.651
2152	1.6	7.5	0.608
2153	1.8	7.5	0.631
2154	2.1	7.5	0.783
2155	2.7	7.5	0.874
2156	3.0	7.5	1.081
2157	3.2	7.5	1.111
2158	3.6	7.5	1.036
2159	3.8	7.5	0.623
2160	3.9	7.5	0.391
2161	1.5	7.5	0.270
2162	1.4	7.5	0.146
2163	1.5	7.5	0.057
2164	1.5	7.5	0.041
2165	1.5	7.5	0.124
2166	1.5	7.5	0.312
2167	1.5	7.5	0.842
2168	2.3	7.5	0.901
2169	2.2	7.4	0.905
2170	2.1	7.4	0.949
2171	1.8	7.4	0.905
2172	1.7	7.4	0.878
2173	1.8	7.4	0.813
2174	1.8	7.4	0.714
2175	1.9	7.4	0.651
2176	2.0	7.4	0.608
2177	2.1	7.4	0.631
2178	2.2	7.4	0.783
2179	2.3	7.4	0.874
2180	2.4	7.4	1.081
2181	2.5	7.4	1.111
2182	2.6	7.4	1.036
2183	2.6	7.4	0.623
2184	2.7	7.4	0.391
2185	1.8	7.4	0.270
2186	1.9	7.4	0.146
2187	2.0	7.4	0.057
2188	1.9	7.4	0.041
2189	2.1	7.4	0.124
2190	2.0	7.4	0.312
2191	1.9	7.4	0.842
2192	2.6	7.4	0.901
2193	2.5	7.4	0.905
2194	2.2	7.4	0.949
2195	2.1	7.4	0.905
2196	1.9	7.4	0.878
2197	1.8	7.4	0.813
2198	1.8	7.4	0.714
2199	1.7	7.4	0.651
2200	1.6	7.4	0.608
2201	1.6	7.4	0.631
2202	1.7	7.4	0.783
2203	1.9	7.4	0.874
2204	2.1	7.4	1.081
2205	2.2	7.4	1.111
2206	2.2	7.4	1.036
2207	2.1	7.4	0.623
2208	2.2	7.4	0.391
2209	1.4	7.3	0.270
2210	1.5	7.3	0.146
2211	1.4	7.3	0.057
2212	1.4	7.3	0.041
2213	1.2	7.3	0.124
2214	1.1	7.3	0.312
2215	1.1	7.3	0.842
2216	1.7	7.3	0.901
2217	1.4	7.3	0.905
2218	1.3	7.3	0.949
2219	1.0	7.3	0.905
2220	0.8	7.3	0.878
2221	0.7	7.3	0.813
2222	0.5	7.3	0.714
2223	0.4	7.3	0.651
2224	0.2	7.3	0.608
2225	0.2	7.3	0.631
2226	0.4	7.3	0.783
2227	0.4	7.3	0.874
2228	0.6	7.3	1.081
2229	0.7	7.3	1.111
2230	0.7	7.3	1.036
2231	0.8	7.3	0.623
2232	0.9	7.3	0.391
2233	0.0	7.3	0.270
2234	0.0	7.3	0.146
2235	0.0	7.3	0.057
2236	0.0	7.3	0.041
2237	0.0	7.3	0.124
2238	0.0	7.3	0.312
2239	0.0	7.3	0.842
2240	0.0	7.3	0.901
2241	0.0	7.3	0.905
2242	0.0	7.3	0.949
2243	0.0	7.3	0.905
2244	0.0	7.3	0.878
2245	0.0	7.3	0.813
2246	0.0	7.3	0.714
2247	0.0	7.3	0.651
2248	0.0	7.3	0.608
2249	0.0	7.3	0.631
2250	0.0	7.3	0.783
2251	0.0	7.3	0.874
2252	0.0	7.3	1.081
2253	0.0	7.3	1.111
2254	0.0	7.3	1.036
2255	0.0	7.3	0.623
2256	0.0	7.3	0.391
2257	0.5	7.3	0.270
2258	0.6	7.2	0.146
2259	0.7	7.2	0.057
2260	0.8	7.2	0.041
2261	0.7	7.2	0.124
2262	0.7	7.2	0.312
2263	0.6	7.2	0.842
2264	1.3	7.2	0.901
2265	1.2	7.2	0.905
2266	1.0	7.2	0.949
2267	0.8	7.2	0.905
2268	0.5	7.2	0.878
2269	0.3	7.2	0.813
2270	0.2	7.2	0.714
2271	0.1	7.2	0.651
2272	0.1	7.2	0.608
2273	0.1	7.2	0.631
2274	0.2	7.2	0.783
2275	0.4	7.2	0.874
2276	0.6	7.2	1.081
2277	0.7	7.2	1.111
2278	0.9	7.2	1.036
2279	1.1	7.2	0.623
2280	1.3	7.2	0.391
2281	0.5	7.2	0.270
2282	0.6	7.2	0.146
2283	0.6	7.2	0.057
2284	0.7	7.2	0.041
2285	0.8	7.2	0.124
2286	1.0	7.2	0.312
2287	0.9	7.2	0.842
2288	1.5	7.2	0.901
2289	1.4	7.2	0.905
2290	1.0	7.2	0.949
2291	0.7	7.2	0.905
2292	0.4	7.1	0.878
2293	0.1	7.1	0.813
2294	0.0	7.1	0.714
2295	0.0	7.1	0.651
2296	0.0	7.1	0.608
2297	0.1	7.1	0.631
2298	0.3	7.1	0.783
2299	0.6	7.1	0.874
2300	0.7	7.1	1.081
2301	0.9	7.1	1.111
2302	1.2	7.1	1.036
2303	1.4	7.1	0.623
2304	1.5	7.1	0.391
2305	0.8	7.1	0.270
2306	1.1	7.1	0.146
2307	1.1	7.1	0.057
2308	1.3	7.1	0.041
2309	1.4	7.1	0.124
2310	1.4	7.1	0.312
2311	1.5	7.1	0.842
2312	2.3	7.1	0.901
2313	2.2	7.1	0.905
2314	1.9	7.1	0.949
2315	1.8	7.1	0.905
2316	1.6	7.1	0.878
2317	1.5	7.1	0.813
2318	1.4	7.1	0.714
2319	1.3	7.1	0.651
2320	1.2	7.1	0.608
2321	1.4	7.1	0.631
2322	1.6	7.1	0.783
2323	1.9	7.1	0.874
2324	2.0	7.1	1.081
2325	2.3	7.1	1.111
2326	2.4	7.1	1.036
2327	2.5	7.1	0.623
2328	2.5	7.1	0.391
2329	1.9	7.0	0.270
2330	1.8	7.0	0.146
2331	2.0	7.0	0.057
2332	2.2	7.0	0.041
2333	2.1	7.0	0.124
2334	2.0	7.0	0.312
2335	1.9	7.0	0.842
2336	2.5	7.0	0.901
2337	2.4	7.0	0.905
2338	1.9	7.0	0.949
2339	1.7	7.0	0.905
2340	1.5	7.0	0.878
2341	1.3	7.0	0.813
2342	1.2	7.0	0.714
2343	1.1	7.0	0.651
2344	1.0	7.0	0.608
2345	1.0	7.0	0.631
2346	1.2	7.0	0.783
2347	1.4	7.0	0.874
2348	1.5	7.0	1.081
2349	1.6	7.0	1.111
2350	1.5	7.0	1.036
2351	1.5	7.0	0.623
2352	1.5	7.0	0.391
2353	0.6	7.0	0.270
2354	0.7	7.0	0.146
2355	0.8	7.0	0.057
2356	0.9	7.0	0.041
2357	1.0	7.0	0.124
2358	0.9	7.0	0.312
2359	1.0	7.0	0.842
2360	1.7	7.0	0.901
2361	1.5	7.0	0.905
2362	1.1	7.0	0.949
2363	0.7	7.0	0.905
2364	0.5	7.0	0.878
2365	0.4	7.0	0.813
2366	0.3	7.0	0.714
2367	0.2	7.0	0.651
2368	0.1	7.0	0.608
2369	0.1	7.0	0.631
2370	0.3	6.9	0.783
2371	0.6	6.9	0.874
2372	1.0	6.9	1.081
2373	1.4	6.9	1.111
2374	1.5	6.9	1.036
2375	1.7	6.9	0.623
2376	1.9	6.9	0.391
2377	1.1	6.9	0.270
2378	1.4	6.9	0.146
2379	1.3	6.9	0.057
2380	1.4	6.9	0.041
2381	1.2	6.9	0.124
2382	1.2	6.9	0.312
2383	1.1	6.9	0.842
2384	1.8	6.9	0.901
2385	1.4	6.9	0.905
2386	1.1	6.9	0.949
2387	0.8	6.9	0.905
2388	0.6	6.9	0.878
2389	0.5	6.9	0.813
2390	0.4	6.9	0.714
2391	0.2	6.9	0.651
2392	0.1	6.9	0.608
2393	0.1	6.9	0.631
2394	0.2	6.9	0.783
2395	0.5	6.9	0.874
2396	0.8	6.9	1.081
2397	0.9	6.9	1.111
2398	1.2	6.9	1.036
2399	1.3	6.9	0.623
2400	1.5	6.9	0.391
2401	0.7	6.9	0.270
2402	0.8	6.9	0.146
2403	0.8	6.8	0.057
2404	0.8	6.8	0.041
2405	1.0	6.8	0.124
2406	1.0	6.8	0.312
2407	1.1	6.8	0.842
2408	1.8	6.8	0.901
2409	1.6	6.8	0.905
2410	1.4	6.8	0.949
2411	1.2	6.8	0.905
2412	1.1	6.8	0.878
2413	0.9	6.8	0.813
2414	0.7	6.8	0.714
2415	0.6	6.8	0.651
2416	0.6	6.8	0.608
2417	0.7	6.8	0.631
2418	0.9	6.8	0.783
2419	1.0	6.8	0.874
2420	1.2	6.8	1.081
2421	1.5	6.8	1.111
2422	1.7	6.8	1.036
2423	1.9	6.8	0.623
2424	2.0	6.8	0.391
2425	1.3	6.8	0.270
2426	1.4	6.8	0.146
2427	1.4	6.8	0.057
2428	1.4	6.8	0.041
2429	1.4	6.8	0.124
2430	1.4	6.8	0.312
2431	1.3	6.8	0.842
2432	1.9	6.8	0.901
2433	1.6	6.8	0.905
2434	1.1	6.8	0.949
2435	0.8	6.8	0.905
2436	0.6	6.8	0.878
2437	0.3	6.8	0.813
2438	0.1	6.8	0.714
2439	0.1	6.8	0.651
2440	0.0	6.8	0.608
2441	0.1	6.8	0.631
2442	0.2	6.8	0.783
2443	0.2	6.8	0.874
2444	0.4	6.8	1.081
2445	0.6	6.8	1.111
2446	0.7	6.8	1.036
2447	0.9	6.8	0.623
2448	1.1	6.8	0.391
2449	0.3	6.8	0.270
2450	0.4	6.8	0.146
2451	0.3	6.8	0.057
2452	0.3	6.7	0.041
2453	0.3	6.7	0.124
2454	0.4	6.7	0.312
2455	0.6	6.7	0.842
2456	1.3	6.7	0.901
2457	1.1	6.7	0.905
2458	0.9	6.7	0.949
2459	0.5	6.7	0.905
2460	0.2	6.7	0.878
2461	0.3	6.7	0.813
2462	0.2	6.7	0.714
2463	0.2	6.7	0.651
2464	0.2	6.7	0.608
2465	0.4	6.7	0.631
2466	0.4	6.7	0.783
2467	0.7	6.7	0.874
2468	1.0	6.7	1.081
2469	1.2	6.7	1.111
2470	1.3	6.7	1.036
2471	1.4	6.7	0.623
2472	1.6	6.7	0.391
2473	1.0	6.7	0.270
2474	1.2	6.7	0.146
2475	1.2	6.7	0.057
2476	1.2	6.7	0.041
2477	1.2	6.7	0.124
2478	1.3	6.7	0.312
2479	1.4	6.7	0.842
2480	2.2	6.7	0.901
2481	2.0	6.7	0.905
2482	1.7	6.7	0.949
2483	1.3	6.7	0.905
2484	1.0	6.7	0.878
2485	0.8	6.7	0.813
2486	0.7	6.7	0.714
2487	0.6	6.7	0.651
2488	0.6	6.7	0.608
2489	0.7	6.7	0.631
2490	1.1	6.7	0.783
2491	1.4	6.7	0.874
2492	1.5	6.7	1.081
2493	1.9	6.7	1.111
2494	2.2	6.7	1.036
2495	2.4	6.7	0.623
2496	2.6	6.7	0.391
2497	1.9	6.7	0.270
2498	2.1	6.7	0.146
2499	2.3	6.7	0.057
2500	2.5	6.7	0.041
2501	2.6	6.7	0.124
2502	2.6	6.7	0.312
2503	2.6	6.7	0.842
2504	3.3	6.7	0.901
2505	3.1	6.7	0.905
2506	2.8	6.7	0.949
2507	2.4	6.7	0.905
2508	2.2	6.7	0.878
2509	2.0	6.7	0.813
2510	1.9	6.6	0.714
2511	1.8	6.6	0.651
2512	1.8	6.6	0.608
2513	1.8	6.6	0.631
2514	2.1	6.6	0.783
2515	2.4	6.6	0.874
2516	2.6	6.6	1.081
2517	2.8	6.6	1.111
2518	3.1	6.6	1.036
2519	3.3	6.6	0.623
2520	3.4	6.6	0.391
2521	2.8	6.6	0.270
2522	2.8	6.6	0.146
2523	2.9	6.6	0.057
2524	3.1	6.6	0.041
2525	3.3	6.6	0.124
2526	3.3	6.6	0.312
2527	3.3	6.6	0.842
2528	3.9	6.6	0.901
2529	3.7	6.6	0.905
2530	3.3	6.6	0.949
2531	3.0	6.6	0.905
2532	2.7	6.6	0.878
2533	2.5	6.6	0.813
2534	2.5	6.6	0.714
2535	2.4	6.6	0.651
2536	2.4	6.6	0.608
2537	2.5	6.6	0.631
2538	2.7	6.6	0.783
2539	2.9	6.6	0.874
2540	3.3	6.6	1.081
2541	3.5	6.6	1.111
2542	3.7	6.6	1.036
2543	3.9	6.6	0.623
2544	3.9	6.6	0.391
2545	3.2	6.6	0.270
2546	3.4	6.6	0.146
2547	3.4	6.6	0.057
2548	3.5	6.6	0.041
2549	3.5	6.6	0.124
2550	3.6	6.6	0.312
2551	3.4	6.6	0.842
2552	4.1	6.6	0.901
2553	3.9	6.6	0.905
2554	3.5	6.6	0.949
2555	3.2	6.6	0.905
2556	2.8	6.6	0.878
2557	2.5	6.5	0.813
2558	2.3	6.5	0.714
2559	2.1	6.5	0.651
2560	2.1	6.5	0.608
2561	2.3	6.5	0.631
2562	2.5	6.5	0.783
2563	2.8	6.5	0.874
2564	3.1	6.5	1.081
2565	3.3	6.5	1.111
2566	3.5	6.5	1.036
2567	3.8	6.5	0.623
2568	4.0	6.5	0.391
2569	3.3	6.5	0.270
2570	3.4	6.5	0.146
2571	3.4	6.5	0.057
2572	3.4	6.5	0.041
2573	3.2	6.5	0.124
2574	3.2	6.5	0.312
2575	3.1	6.5	0.842
2576	3.7	6.5	0.901
2577	3.6	6.5	0.905
2578	3.3	6.5	0.949
2579	2.8	6.5	0.905
2580	2.3	6.5	0.878
2581	2.0	6.5	0.813
2582	1.8	6.5	0.714
2583	1.7	6.5	0.651
2584	1.5	6.5	0.608
2585	1.5	6.5	0.631
2586	1.7	6.5	0.783
2587	1.9	6.5	0.874
2588	2.0	6.5	1.081
2589	2.2	6.5	1.111
2590	2.2	6.4	1.036
2591	2.2	6.4	0.623
2592	2.3	6.4	0.391
2593	1.6	6.4	0.270
2594	1.5	6.4	0.146
2595	1.6	6.4	0.057
2596	1.6	6.4	0.041
2597	1.6	6.4	0.124
2598	1.8	6.4	0.312
2599	1.7	6.4	0.842
2600	2.5	6.4	0.901
2601	2.3	6.4	0.905
2602	1.9	6.4	0.949
2603	1.6	6.4	0.905
2604	1.4	6.4	0.878
2605	1.1	6.4	0.813
2606	1.1	6.4	0.714
2607	1.0	6.4	0.651
2608	1.0	6.4	0.608
2609	1.1	6.4	0.631
2610	1.3	6.4	0.783
2611	1.5	6.4	0.874
2612	1.8	6.4	1.081
2613	2.0	6.4	1.111
2614	2.2	6.4	1.036
2615	2.3	6.4	0.623
2616	2.5	6.4	0.391
2617	1.9	6.4	0.270
2618	1.8	6.4	0.146
2619	1.8	6.4	0.057
2620	1.8	6.4	0.041
2621	1.9	6.4	0.124
2622	2.0	6.4	0.312
2623	1.9	6.4	0.842
2624	2.6	6.3	0.901
2625	2.5	6.3	0.905
2626	2.4	6.3	0.949
2627	2.1	6.3	0.905
2628	2.0	6.3	0.878
2629	2.1	6.3	0.813
2630	2.1	6.3	0.714
2631	2.1	6.3	0.651
2632	2.1	6.3	0.608
2633	2.1	6.3	0.631
2634	2.3	6.3	0.783
2635	2.5	6.3	0.874
2636	2.6	6.3	1.081
2637	2.7	6.3	1.111
2638	2.8	6.3	1.036
2639	3.0	6.3	0.623
2640	3.1	6.3	0.391
2641	2.4	6.3	0.270
2642	2.5	6.3	0.146
2643	2.6	6.3	0.057
2644	2.5	6.3	0.041
2645	2.5	6.3	0.124
2646	2.6	6.3	0.312
2647	2.6	6.3	0.842
2648	3.4	6.3	0.901
2649	3.1	6.3	0.905
2650	2.8	6.2	0.949
2651	2.6	6.2	0.905
2652	2.5	6.2	0.878
2653	2.4	6.2	0.813
2654	2.3	6.2	0.714
2655	2.4	6.2	0.651
2656	2.4	6.2	0.608
2657	2.4	6.2	0.631
2658	2.5	6.2	0.783
2659	2.6	6.2	0.874
2660	2.7	6.2	1.081
2661	2.8	6.2	1.111
2662	3.0	6.2	1.036
2663	3.3	6.2	0.623
2664	3.4	6.2	0.391
2665	2.6	6.2	0.270
2666	2.6	6.2	0.146
2667	2.7	6.2	0.057
2668	2.7	6.2	0.041
2669	2.7	6.2	0.124
2670	2.7	6.2	0.312
2671	2.8	6.2	0.842
2672	3.6	6.2	0.901
2673	3.5	6.2	0.905
2674	3.3	6.2	0.949
2675	3.1	6.2	0.905
2676	3.0	6.2	0.878
2677	3.1	6.2	0.813
2678	3.2	6.2	0.714
2679	3.1	6.1	0.651
2680	3.1	6.1	0.608
2681	3.0	6.1	0.631
2682	3.2	6.1	0.783
2683	3.4	6.1	0.874
2684	3.6	6.1	1.081
2685	3.7	6.1	1.111
2686	3.7	6.1	1.036
2687	3.8	6.1	0.623
2688	4.0	6.1	0.391
2689	3.3	6.1	0.270
2690	3.5	6.1	0.146
2691	3.6	6.1	0.057
2692	3.6	6.1	0.041
2693	3.5	6.1	0.124
2694	3.5	6.1	0.312
2695	3.3	6.1	0.842
2696	4.1	6.1	0.901
2697	3.8	6.1	0.905
2698	3.4	6.1	0.949
2699	3.1	6.1	0.905
2700	2.9	6.1	0.878
2701	2.7	6.1	0.813
2702	2.6	6.1	0.714
2703	2.4	6.1	0.651
2704	2.5	6.1	0.608
2705	2.5	6.1	0.631
2706	2.6	6.1	0.783
2707	2.7	6.1	0.874
2708	2.8	6.1	1.081
2709	3.2	6.1	1.111
2710	3.3	6.1	1.036
2711	3.3	6.0	0.623
2712	3.4	6.0	0.391
2713	2.7	6.0	0.270
2714	2.7	6.0	0.146
2715	2.7	6.0	0.057
2716	2.8	6.0	0.041
2717	2.7	6.0	0.124
2718	2.7	6.0	0.312
2719	2.6	6.0	0.842
2720	3.4	6.0	0.901
2721	3.3	6.0	0.905
2722	3.2	6.0	0.949
2723	3.0	6.0	0.905
2724	2.8	6.0	0.878
2725	2.6	6.0	0.813
2726	2.5	6.0	0.714
2727	2.5	6.0	0.651
2728	2.5	6.0	0.608
2729	2.7	6.0	0.631
2730	2.9	6.0	0.783
2731	3.1	6.0	0.874
2732	3.3	6.0	1.081
2733	3.4	6.0	1.111
2734	3.6	6.0	1.036
2735	3.8	6.0	0.623
2736	4.0	6.0	0.391
2737	3.2	6.0	0.270
2738	3.1	6.0	0.146
2739	3.1	6.0	0.057
2740	3.1	6.0	0.041
2741	3.0	6.0	0.124
2742	3.0	6.0	0.312
2743	3.0	6.0	0.842
2744	3.7	5.9	0.901
2745	3.5	5.9	0.905
2746	3.3	5.9	0.949
2747	3.0	5.9	0.905
2748	2.7	5.9	0.878
2749	2.5	5.9	0.813
2750	2.4	5.9	0.714
2751	2.2	5.9	0.651
2752	2.2	5.9	0.608
2753	2.2	5.9	0.631
2754	2.3	5.9	0.783
2755	2.5	5.9	0.874
2756	2.7	5.9	1.081
2757	2.8	5.9	1.111
2758	3.0	5.9	1.036
2759	3.0	5.9	0.623
2760	3.1	5.9	0.391
2761	2.3	5.9	0.270
2762	2.3	5.9	0.146
2763	2.3	5.9	0.057
2764	2.3	5.9	0.041
2765	2.4	5.9	0.124
2766	2.3	5.9	0.312
2767	2.1	5.9	0.842
2768	3.0	5.9	0.901
2769	2.9	5.9	0.905
2770	2.7	5.9	0.949
2771	2.6	5.9	0.905
2772	2.4	5.9	0.878
2773	2.4	5.9	0.813
2774	2.3	5.9	0.714
2775	2.3	5.9	0.651
2776	2.2	5.9	0.608
2777	2.0	5.9	0.631
2778	1.9	5.9	0.783
2779	2.0	5.9	0.874
2780	2.0	5.9	1.081
2781	1.9	5.9	1.111
2782	1.9	5.9	1.036
2783	1.9	5.9	0.623
2784	1.8	5.9	0.391
2785	1.0	5.9	0.270
2786	1.2	5.9	0.146
2787	1.2	5.9	0.057
2788	1.3	5.9	0.041
2789	1.5	5.9	0.124
2790	1.5	5.9	0.312
2791	1.5	5.8	0.842
2792	2.4	5.8	0.901
2793	2.4	5.8	0.905
2794	2.2	5.8	0.949
2795	2.2	5.8	0.905
2796	2.2	5.8	0.878
2797	2.3	5.8	0.813
2798	2.1	5.8	0.714
2799	2.2	5.8	0.651
2800	2.2	5.8	0.608
2801	2.2	5.8	0.631
2802	2.4	5.8	0.783
2803	2.4	5.8	0.874
2804	2.6	5.8	1.081
2805	2.8	5.8	1.111
2806	2.9	5.8	1.036
2807	3.0	5.8	0.623
2808	3.0	5.8	0.391
2809	2.3	5.8	0.270
2810	2.4	5.8	0.146
2811	2.3	5.8	0.057
2812	2.3	5.8	0.041
2813	2.3	5.8	0.124
2814	2.2	5.8	0.312
2815	2.3	5.8	0.842
2816	3.0	5.8	0.901
2817	2.8	5.8	0.905
2818	2.4	5.8	0.949
2819	2.1	5.8	0.905
2820	1.9	5.8	0.878
2821	1.7	5.8	0.813
2822	1.5	5.8	0.714
2823	1.2	5.8	0.651
2824	1.3	5.8	0.608
2825	1.4	5.8	0.631
2826	1.6	5.8	0.783
2827	2.0	5.8	0.874
2828	2.4	5.8	1.081
2829	2.6	5.8	1.111
2830	2.7	5.8	1.036
2831	2.8	5.8	0.623
2832	3.0	5.8	0.391
2833	2.3	5.8	0.270
2834	2.3	5.8	0.146
2835	2.4	5.8	0.057
2836	2.3	5.8	0.041
2837	2.3	5.7	0.124
2838	2.3	5.7	0.312
2839	2.3	5.7	0.842
2840	3.0	5.7	0.901
2841	2.8	5.7	0.905
2842	2.5	5.7	0.949
2843	2.1	5.7	0.905
2844	1.7	5.7	0.878
2845	1.7	5.7	0.813
2846	1.6	5.7	0.714
2847	1.6	5.7	0.651
2848	1.5	5.7	0.608
2849	1.4	5.7	0.631
2850	1.5	5.7	0.783
2851	1.6	5.7	0.874
2852	1.7	5.7	1.081
2853	1.9	5.7	1.111
2854	1.8	5.7	1.036
2855	1.9	5.7	0.623
2856	2.0	5.7	0.391
2857	1.2	5.7	0.270
2858	1.3	5.7	0.146
2859	1.3	5.7	0.057
2860	1.4	5.7	0.041
2861	1.5	5.7	0.124
2862	1.7	5.7	0.312
2863	1.6	5.7	0.842
2864	2.5	5.7	0.901
2865	2.4	5.7	0.905
2866	2.2	5.7	0.949
2867	1.9	5.7	0.905
2868	1.7	5.7	0.878
2869	1.6	5.7	0.813
2870	1.5	5.7	0.714
2871	1.5	5.7	0.651
2872	1.3	5.7	0.608
2873	1.3	5.7	0.631
2874	1.3	5.7	0.783
2875	1.5	5.7	0.874
2876	1.6	5.7	1.081
2877	1.7	5.7	1.111
2878	1.7	5.7	1.036
2879	1.7	5.7	0.623
2880	1.8	5.7	0.391
2881	0.0	5.7	0.270
2882	0.0	5.7	0.146
2883	0.0	5.7	0.057
2884	0.0	5.7	0.041
2885	0.0	5.7	0.124
2886	0.0	5.7	0.312
2887	0.0	5.7	0.842
2888	0.0	5.7	0.901
2889	0.0	5.7	0.905
2890	0.0	5.7	0.949
2891	0.0	5.7	0.905
2892	0.0	5.6	0.878
2893	0.0	5.6	0.813
2894	0.0	5.6	0.714
2895	0.0	5.6	0.651
2896	0.0	5.6	0.608
2897	0.0	5.6	0.631
2898	0.0	5.6	0.783
2899	0.0	5.6	0.874
2900	0.0	5.6	1.081
2901	0.0	5.6	1.111
2902	0.0	5.6	1.036
2903	0.0	5.6	0.623
2904	0.0	5.6	0.391
2905	0.0	5.6	0.270
2906	0.0	5.6	0.146
2907	0.0	5.6	0.057
2908	0.0	5.6	0.041
2909	0.0	5.6	0.124
2910	0.0	5.6	0.312
2911	0.0	5.6	0.842
2912	0.0	5.6	0.901
2913	0.0	5.6	0.905
2914	0.0	5.6	0.949
2915	0.0	5.6	0.905
2916	0.0	5.6	0.878
2917	0.0	5.6	0.813
2918	0.0	5.6	0.714
2919	0.0	5.6	0.651
2920	0.0	5.6	0.608
2921	0.0	5.6	0.631
2922	0.0	5.6	0.783
2923	0.0	5.6	0.874
2924	0.0	5.6	1.081
2925	0.0	5.6	1.111
2926	0.0	5.6	1.036
2927	0.0	5.6	0.623
2928	0.0	5.6	0.391
2929	0.0	5.6	0.270
2930	0.0	5.6	0.146
2931	0.0	5.6	0.057
2932	0.0	5.6	0.041
2933	0.0	5.5	0.124
2934	0.0	5.5	0.312
2935	0.0	5.5	0.842
2936	0.0	5.5	0.901
2937	0.0	5.5	0.905
2938	0.0	5.5	0.949
2939	0.0	5.5	0.905
2940	0.0	5.5	0.878
2941	0.0	5.5	0.813
2942	0.0	5.5	0.714
2943	0.0	5.5	0.651
2944	0.0	5.5	0.608
2945	0.0	5.5	0.631
2946	0.0	5.5	0.783
2947	0.0	5.5	0.874
2948	0.0	5.5	1.081
2949	0.0	5.5	1.111
2950	0.0	5.5	1.036
2951	0.0	5.5	0.623
2952	0.0	5.5	0.391
2953	0.0	5.5	0.270
2954	0.0	5.5	0.146
2955	0.0	5.5	0.057
2956	0.0	5.5	0.041
2957	0.0	5.5	0.124
2958	0.0	5.5	0.312
2959	0.0	5.5	0.842
2960	0.0	5.5	0.901
2961	0.0	5.5	0.905
2962	0.0	5.5	0.949
2963	0.0	5.5	0.905
2964	0.0	5.5	0.878
2965	0.0	5.5	0.813
2966	0.0	5.4	0.714
2967	0.0	5.4	0.651
2968	0.0	5.4	0.608
2969	0.0	5.4	0.631
2970	0.0	5.4	0.783
2971	0.0	5.4	0.874
2972	0.0	5.4	1.081
2973	0.0	5.4	1.111
2974	0.0	5.4	1.036
2975	0.0	5.4	0.623
2976	0.0	5.4	0.391
2977	0.0	5.4	0.270
2978	0.0	5.4	0.146
2979	0.0	5.4	0.057
2980	0.0	5.4	0.041
2981	0.0	5.4	0.124
2982	0.0	5.4	0.312
2983	0.0	5.4	0.842
2984	0.0	5.4	0.901
2985	0.0	5.4	0.905
2986	0.0	5.4	0.949
2987	0.0	5.4	0.905
2988	0.0	5.4	0.878
2989	0.0	5.4	0.813
2990	0.0	5.4	0.714
2991	0.0	5.4	0.651
2992	0.0	5.4	0.608
2993	0.0	5.4	0.631
2994	0.0	5.4	0.783
2995	0.0	5.4	0.874
2996	0.0	5.4	1.081
2997	0.0	5.4	1.111
2998	0.0	5.3	1.036
2999	0.0	5.3	0.623
3000	0.0	5.3	0.391
3001	0.0	5.3	0.270
3002	0.0	5.3	0.146
3003	0.0	5.3	0.057
3004	0.0	5.3	0.041
3005	0.0	5.3	0.124
3006	0.0	5.3	0.312
3007	0.0	5.3	0.842
3008	0.0	5.3	0.901
3009	0.0	5.3	0.905
3010	0.0	5.3	0.949
3011	0.0	5.3	0.905
3012	0.0	5.3	0.878
3013	0.0	5.3	0.813
3014	0.0	5.3	0.714
3015	0.0	5.3	0.651
3016	0.0	5.3	0.608
3017	0.0	5.3	0.631
3018	0.0	5.3	0.783
3019	0.0	5.3	0.874
3020	0.0	5.3	1.081
3021	0.0	5.3	1.111
3022	0.0	5.3	1.036
3023	0.0	5.3	0.623
3024	0.0	5.2	0.391
3025	0.0	5.2	0.270
3026	0.0	5.2	0.146
3027	0.0	5.2	0.057
3028	0.0	5.2	0.041
3029	0.0	5.2	0.124
3030	0.0	5.2	0.312
3031	0.0	5.2	0.842
3032	0.0	5.2	0.901
3033	0.0	5.2	0.905
3034	0.0	5.2	0.949
3035	0.0	5.2	0.905
3036	0.0	5.2	0.878
3037	0.0	5.2	0.813
3038	0.0	5.2	0.714
3039	0.0	5.2	0.651
3040	0.0	5.2	0.608
3041	0.0	5.2	0.631
3042	0.0	5.2	0.783
3043	0.0	5.2	0.874
3044	0.0	5.2	1.081
3045	0.0	5.2	1.111
3046	0.0	5.2	1.036
3047	0.0	5.2	0.623
3048	0.0	5.2	0.391
3049	0.0	5.2	0.270
3050	0.0	5.2	0.146
3051	0.0	5.2	0.057
3052	0.0	5.1	0.041
3053	0.0	5.1	0.124
3054	0.0	5.1	0.312
3055	0.0	5.1	0.842
3056	0.0	5.1	0.901
3057	0.0	5.1	0.905
3058	0.0	5.1	0.949
3059	0.0	5.1	0.905
3060	0.0	5.1	0.878
3061	0.0	5.1	0.813
3062	0.0	5.1	0.714
3063	0.0	5.1	0.651
3064	0.0	5.1	0.608
3065	0.0	5.1	0.631
3066	0.0	5.1	0.783
3067	0.0	5.1	0.874
3068	0.0	5.1	1.081
3069	0.0	5.1	1.111
3070	0.0	5.1	1.036
3071	0.0	5.1	0.623
3072	0.0	5.1	0.391
3073	0.0	5.1	0.270
3074	0.0	5.1	0.146
3075	0.0	5.1	0.057
3076	0.0	5.1	0.041
3077	0.0	5.1	0.124
3078	0.0	5.1	0.312
3079	0.0	5.1	0.842
3080	0.0	5.1	0.901
3081	0.0	5.0	0.905
3082	0.0	5.0	0.949
3083	0.0	5.0	0.905
3084	0.0	5.0	0.878
3085	0.0	5.0	0.813
3086	0.0	5.0	0.714
3087	0.0	5.0	0.651
3088	0.0	5.0	0.608
3089	0.0	5.0	0.631
3090	0.0	5.0	0.783
3091	0.0	5.0	0.874
3092	0.0	5.0	1.081
3093	0.0	5.0	1.111
3094	0.0	5.0	1.036
3095	0.0	5.0	0.623
3096	0.0	5.0	0.391
3097	0.0	5.0	0.270
3098	0.0	5.0	0.146
3099	0.0	5.0	0.057
3100	0.0	5.0	0.041
3101	0.0	5.0	0.124
3102	0.0	5.0	0.312
3103	0.0	5.0	0.842
3104	0.0	5.0	0.901
3105	0.0	5.0	0.905
3106	0.0	5.0	0.949
3107	0.0	5.0	0.905
3108	0.0	5.0	0.878
3109	0.0	5.0	0.813
3110	0.0	5.0	0.714
3111	0.0	4.9	0.651
3112	0.0	4.9	0.608
3113	0.0	4.9	0.631
3114	0.0	4.9	0.783
3115	0.0	4.9	0.874
3116	0.0	4.9	1.081
3117	0.0	4.9	1.111
3118	0.0	4.9	1.036
3119	0.0	4.9	0.623
3120	0.0	4.9	0.391
3121	0.0	4.9	0.270
3122	0.0	4.9	0.146
3123	0.0	4.9	0.057
3124	0.0	4.9	0.041
3125	0.0	4.9	0.124
3126	0.0	4.9	0.312
3127	0.0	4.9	0.842
3128	0.0	4.9	0.901
3129	0.0	4.9	0.905
3130	0.0	4.9	0.949
3131	0.0	4.9	0.905
3132	0.0	4.9	0.878
3133	0.0	4.9	0.813
3134	0.0	4.9	0.714
3135	0.0	4.9	0.651
3136	0.0	4.9	0.608
3137	0.0	4.9	0.631
3138	0.0	4.9	0.783
3139	0.0	4.9	0.874
3140	0.0	4.9	1.081
3141	0.0	4.8	1.111
3142	0.0	4.8	1.036
3143	0.0	4.8	0.623
3144	0.0	4.8	0.391
3145	0.0	4.8	0.270
3146	0.0	4.8	0.146
3147	0.0	4.8	0.057
3148	0.0	4.8	0.041
3149	0.0	4.8	0.124
3150	0.0	4.8	0.312
3151	0.0	4.8	0.842
3152	0.0	4.8	0.901
3153	0.0	4.8	0.905
3154	0.0	4.8	0.949
3155	0.0	4.8	0.905
3156	0.0	4.8	0.878
3157	0.0	4.8	0.813
3158	0.0	4.8	0.714
3159	0.0	4.8	0.651
3160	0.0	4.8	0.608
3161	0.0	4.8	0.631
3162	0.0	4.8	0.783
3163	0.0	4.8	0.874
3164	0.0	4.8	1.081
3165	0.0	4.8	1.111
3166	0.0	4.8	1.036
3167	0.0	4.8	0.623
3168	0.0	4.8	0.391
3169	0.0	4.8	0.270
3170	0.0	4.8	0.146
3171	0.0	4.8	0.057
3172	0.0	4.8	0.041
3173	0.0	4.8	0.124
3174	0.0	4.8	0.312
3175	0.0	4.8	0.842
3176	0.0	4.7	0.901
3177	0.0	4.7	0.905
3178	0.0	4.7	0.949
3179	0.0	4.7	0.905
3180	0.0	4.7	0.878
3181	0.0	4.7	0.813
3182	0.0	4.7	0.714
3183	0.0	4.7	0.651
3184	0.0	4.7	0.608
3185	0.0	4.7	0.631
3186	0.0	4.7	0.783
3187	0.0	4.7	0.874
3188	0.0	4.7	1.081
3189	0.0	4.7	1.111
3190	0.0	4.7	1.036
3191	0.0	4.7	0.623
3192	0.0	4.7	0.391
3193	0.0	4.7	0.270
3194	0.0	4.7	0.146
3195	0.0	4.7	0.057
3196	0.0	4.7	0.041
3197	0.0	4.7	0.124
3198	0.0	4.7	0.312
3199	0.0	4.7	0.842
3200	0.0	4.7	0.901
3201	0.0	4.7	0.905
3202	0.0	4.7	0.949
3203	0.0	4.7	0.905
3204	0.0	4.7	0.878
3205	0.0	4.6	0.813
3206	0.0	4.6	0.714
3207	0.0	4.6	0.651
3208	0.0	4.6	0.608
3209	0.0	4.6	0.631
3210	0.0	4.6	0.783
3211	0.0	4.6	0.874
3212	0.0	4.6	1.081
3213	0.0	4.6	1.111
3214	0.0	4.6	1.036
3215	0.0	4.6	0.623
3216	0.0	4.6	0.391
3217	0.0	4.6	0.270
3218	0.0	4.6	0.146
3219	0.0	4.6	0.057
3220	0.0	4.6	0.041
3221	0.0	4.6	0.124
3222	0.0	4.6	0.312
3223	0.0	4.6	0.842
3224	0.0	4.6	0.901
3225	0.0	4.6	0.905
3226	0.0	4.6	0.949
3227	0.0	4.6	0.905
3228	0.0	4.6	0.878
3229	0.0	4.6	0.813
3230	0.0	4.6	0.714
3231	0.0	4.6	0.651
3232	0.0	4.6	0.608
3233	0.0	4.6	0.631
3234	0.0	4.6	0.783
3235	0.0	4.6	0.874
3236	0.0	4.6	1.081
3237	0.0	4.6	1.111
3238	0.0	4.6	1.036
3239	0.0	4.6	0.623
3240	0.0	4.6	0.391
3241	0.0	4.6	0.270
3242	0.0	4.6	0.146
3243	0.0	4.6	0.057
3244	0.0	4.5	0.041
3245	0.0	4.5	0.124
3246	0.0	4.5	0.312
3247	0.0	4.5	0.842
3248	0.0	4.5	0.901
3249	0.0	4.5	0.905
3250	0.0	4.5	0.949
3251	0.0	4.5	0.905
3252	0.0	4.5	0.878
3253	0.0	4.5	0.813
3254	0.0	4.5	0.714
3255	0.0	4.5	0.651
3256	0.0	4.5	0.608
3257	0.0	4.5	0.631
3258	0.0	4.5	0.783
3259	0.0	4.5	0.874
3260	0.0	4.5	1.081
3261	0.0	4.5	1.111
3262	0.0	4.5	1.036
3263	0.0	4.5	0.623
3264	0.0	4.5	0.391
3265	0.0	4.5	0.270
3266	0.0	4.5	0.146
3267	0.0	4.5	0.057
3268	0.0	4.5	0.041
3269	0.0	4.5	0.124
3270	0.0	4.5	0.312
3271	0.0	4.5	0.842
3272	0.0	4.5	0.901
3273	0.0	4.5	0.905
3274	0.0	4.5	0.949
3275	0.0	4.4	0.905
3276	0.0	4.4	0.878
3277	0.0	4.4	0.813
3278	0.0	4.4	0.714
3279	0.0	4.4	0.651
3280	0.0	4.4	0.608
3281	0.0	4.4	0.631
3282	0.0	4.4	0.783
3283	0.0	4.4	0.874
3284	0.0	4.4	1.081
3285	0.0	4.4	1.111
3286	0.0	4.4	1.036
3287	0.0	4.4	0.623
3288	0.0	4.4	0.391
3289	0.0	4.4	0.270
3290	0.0	4.4	0.146
3291	0.0	4.4	0.057
3292	0.0	4.4	0.041
3293	0.0	4.4	0.124
3294	0.0	4.4	0.312
3295	0.0	4.4	0.842
3296	0.0	4.4	0.901
3297	0.0	4.4	0.905
3298	0.0	4.4	0.949
3299	0.0	4.4	0.905
3300	0.0	4.4	0.878
3301	0.0	4.4	0.813
3302	0.0	4.4	0.714
3303	0.0	4.4	0.651
3304	0.0	4.4	0.608
3305	0.0	4.4	0.631
3306	0.0	4.4	0.783
3307	0.0	4.4	0.874
3308	0.0	4.3	1.081
3309	0.0	4.3	1.111
3310	0.0	4.3	1.036
3311	0.0	4.3	0.623
3312	0.0	4.3	0.391
3313	0.0	4.3	0.270
3314	0.0	4.3	0.146
3315	0.0	4.3	0.057
3316	0.0	4.3	0.041
3317	0.0	4.3	0.124
3318	0.0	4.3	0.312
3319	0.0	4.3	0.842
3320	0.0	4.3	0.901
3321	0.0	4.3	0.905
3322	0.0	4.3	0.949
3323	0.0	4.3	0.905
3324	0.0	4.3	0.878
3325	0.0	4.3	0.813
3326	0.0	4.3	0.714
3327	0.0	4.3	0.651
3328	0.0	4.3	0.608
3329	0.0	4.3	0.631
3330	0.0	4.3	0.783
3331	0.0	4.3	0.874
3332	0.0	4.3	1.081
3333	0.0	4.3	1.111
3334	0.0	4.3	1.036
3335	0.0	4.3	0.623
3336	0.0	4.3	0.391
3337	0.0	4.3	0.270
3338	0.0	4.3	0.146
3339	0.0	4.3	0.057
3340	0.0	4.3	0.041
3341	0.0	4.3	0.124
3342	0.0	4.3	0.312
3343	0.0	4.3	0.842
3344	0.0	4.3	0.901
3345	0.0	4.3	0.905
3346	0.0	4.3	0.949
3347	0.0	4.3	0.905
3348	0.0	4.3	0.878
3349	0.0	4.2	0.813
3350	0.0	4.2	0.714
3351	0.0	4.2	0.651
3352	0.0	4.2	0.608
3353	0.0	4.2	0.631
3354	0.0	4.2	0.783
3355	0.0	4.2	0.874
3356	0.0	4.2	1.081
3357	0.0	4.2	1.111
3358	0.0	4.2	1.036
3359	0.0	4.2	0.623
3360	0.0	4.2	0.391
3361	0.0	4.2	0.270
3362	0.0	4.2	0.146
3363	0.0	4.2	0.057
3364	0.0	4.2	0.041
3365	0.0	4.2	0.124
3366	0.0	4.2	0.312
3367	0.0	4.2	0.842
3368	0.0	4.2	0.901
3369	0.0	4.2	0.905
3370	0.0	4.2	0.949
3371	0.0	4.2	0.905
3372	0.0	4.2	0.878
3373	0.0	4.2	0.813
3374	0.0	4.2	0.714
3375	0.0	4.2	0.651
3376	0.0	4.2	0.608
3377	0.0	4.2	0.631
3378	0.0	4.2	0.783
3379	0.0	4.2	0.874
3380	0.0	4.2	1.081
3381	0.0	4.2	1.111
3382	0.0	4.2	1.036
3383	0.0	4.2	0.623
3384	0.0	4.1	0.391
3385	0.0	4.1	0.270
3386	0.0	4.1	0.146
3387	0.0	4.1	0.057
3388	0.0	4.1	0.041
3389	0.0	4.1	0.124
3390	0.0	4.1	0.312
3391	0.0	4.1	0.842
3392	0.0	4.1	0.901
3393	0.0	4.1	0.905
3394	0.0	4.1	0.949
3395	0.0	4.1	0.905
3396	0.0	4.1	0.878
3397	0.0	4.1	0.813
3398	0.0	4.1	0.714
3399	0.0	4.1	0.651
3400	0.0	4.1	0.608
3401	0.0	4.1	0.631
3402	0.0	4.1	0.783
3403	0.0	4.1	0.874
3404	0.0	4.1	1.081
3405	0.0	4.1	1.111
3406	0.0	4.1	1.036
3407	0.0	4.1	0.623
3408	0.0	4.1	0.391
3409	0.0	4.1	0.270
3410	0.0	4.1	0.146
3411	0.0	4.1	0.057
3412	0.0	4.1	0.041
3413	0.0	4.1	0.124
3414	0.0	4.1	0.312
3415	0.0	4.1	0.842
3416	0.0	4.1	0.901
3417	0.0	4.1	0.905
3418	0.0	4.1	0.949
3419	0.0	4.1	0.905
3420	0.0	4.1	0.878
3421	0.0	4.1	0.813
3422	0.0	4.1	0.714
3423	0.0	4.1	0.651
3424	0.0	4.1	0.608
3425	0.0	4.1	0.631
3426	0.0	4.1	0.783
3427	0.0	4.0	0.874
3428	0.0	4.0	1.081
3429	0.0	4.0	1.111
3430	0.0	4.0	1.036
3431	0.0	4.0	0.623
3432	0.0	4.0	0.391
3433	0.0	4.0	0.270
3434	0.0	4.0	0.146
3435	0.0	4.0	0.057
3436	0.0	4.0	0.041
3437	0.0	4.0	0.124
3438	0.0	4.0	0.312
3439	0.0	4.0	0.842
3440	0.0	4.0	0.901
3441	0.0	4.0	0.905
3442	0.0	4.0	0.949
3443	0.0	4.0	0.905
3444	0.0	4.0	0.878
3445	0.0	4.0	0.813
3446	0.0	4.0	0.714
3447	0.0	4.0	0.651
3448	0.0	4.0	0.608
3449	0.0	4.0	0.631
3450	0.0	4.0	0.783
3451	0.0	4.0	0.874
3452	0.0	4.0	1.081
3453	0.0	4.0	1.111
3454	0.0	4.0	1.036
3455	0.0	4.0	0.623
3456	0.0	4.0	0.391
3457	0.0	4.0	0.270
3458	0.0	4.0	0.146
3459	0.0	3.9	0.057
3460	0.0	3.9	0.041
3461	0.0	3.9	0.124
3462	0.0	3.9	0.312
3463	0.0	3.9	0.842
3464	0.0	3.9	0.901
3465	0.0	3.9	0.905
3466	0.0	3.9	0.949
3467	0.0	3.9	0.905
3468	0.0	3.9	0.878
3469	0.0	3.9	0.813
3470	0.0	3.9	0.714
3471	0.0	3.9	0.651
3472	0.0	3.9	0.608
3473	0.0	3.9	0.631
3474	0.0	3.9	0.783
3475	0.0	3.9	0.874
3476	0.0	3.9	1.081
3477	0.0	3.9	1.111
3478	0.0	3.9	1.036
3479	0.0	3.9	0.623
3480	0.0	3.9	0.391
3481	0.0	3.9	0.270
3482	0.0	3.9	0.146
3483	0.0	3.9	0.057
3484	0.0	3.9	0.041
3485	0.0	3.9	0.124
3486	0.0	3.9	0.312
3487	0.0	3.9	0.842
3488	0.0	3.9	0.901
3489	0.0	3.9	0.905
3490	0.0	3.9	0.949
3491	0.0	3.9	0.905
3492	0.0	3.9	0.878
3493	0.0	3.8	0.813
3494	0.0	3.8	0.714
3495	0.0	3.8	0.651
3496	0.0	3.8	0.608
3497	0.0	3.8	0.631
3498	0.0	3.8	0.783
3499	0.0	3.8	0.874
3500	0.0	3.8	1.081
3501	0.0	3.8	1.111
3502	0.0	3.8	1.036
3503	0.0	3.8	0.623
3504	0.0	3.8	0.391
3505	0.0	3.8	0.270
3506	0.0	3.8	0.146
3507	0.0	3.8	0.057
3508	0.0	3.8	0.041
3509	0.0	3.8	0.124
3510	0.0	3.8	0.312
3511	0.0	3.8	0.842
3512	0.0	3.8	0.901
3513	0.0	3.8	0.905
3514	0.0	3.8	0.949
3515	0.0	3.8	0.905
3516	0.0	3.8	0.878
3517	0.0	3.8	0.813
3518	0.0	3.8	0.714
3519	0.0	3.8	0.651
3520	0.0	3.8	0.608
3521	0.0	3.8	0.631
3522	0.0	3.8	0.783
3523	0.0	3.8	0.874
3524	0.0	3.8	1.081
3525	0.0	3.8	1.111
3526	0.0	3.8	1.036
3527	0.0	3.8	0.623
3528	0.0	3.8	0.391
3529	0.0	3.8	0.270
3530	0.0	3.8	0.146
3531	0.0	3.8	0.057
3532	0.0	3.8	0.041
3533	0.0	3.8	0.124
3534	0.0	3.8	0.312
3535	0.0	3.8	0.842
3536	0.0	3.8	0.901
3537	0.0	3.8	0.905
3538	0.0	3.8	0.949
3539	0.0	3.8	0.905
3540	0.0	3.8	0.878
3541	0.0	3.8	0.813
3542	0.0	3.8	0.714
3543	0.0	3.7	0.651
3544	0.0	3.7	0.608
3545	0.0	3.7	0.631
3546	0.0	3.7	0.783
3547	0.0	3.7	0.874
3548	0.0	3.7	1.081
3549	0.0	3.7	1.111
3550	0.0	3.7	1.036
3551	0.0	3.7	0.623
3552	0.0	3.7	0.391
3553	0.0	3.7	0.270
3554	0.0	3.7	0.146
3555	0.0	3.7	0.057
3556	0.0	3.7	0.041
3557	0.0	3.7	0.124
3558	0.0	3.7	0.312
3559	0.0	3.7	0.842
3560	0.0	3.7	0.901
3561	0.0	3.7	0.905
3562	0.0	3.7	0.949
3563	0.0	3.7	0.905
3564	0.0	3.7	0.878
3565	0.0	3.7	0.813
3566	0.0	3.7	0.714
3567	0.0	3.7	0.651
3568	0.0	3.7	0.608
3569	0.0	3.7	0.631
3570	0.0	3.7	0.783
3571	0.0	3.7	0.874
3572	0.0	3.7	1.081
3573	0.0	3.7	1.111
3574	0.0	3.7	1.036
3575	0.0	3.7	0.623
3576	0.0	3.7	0.391
3577	0.0	3.7	0.270
3578	0.0	3.7	0.146
3579	0.0	3.7	0.057
3580	0.0	3.7	0.041
3581	0.0	3.7	0.124
3582	0.0	3.7	0.312
3583	0.0	3.7	0.842
3584	0.0	3.7	0.901
3585	0.0	3.6	0.905
3586	0.0	3.6	0.949
3587	0.0	3.6	0.905
3588	0.0	3.6	0.878
3589	0.0	3.6	0.813
3590	0.0	3.6	0.714
3591	0.0	3.6	0.651
3592	0.0	3.6	0.608
3593	0.0	3.6	0.631
3594	0.0	3.6	0.783
3595	0.0	3.6	0.874
3596	0.0	3.6	1.081
3597	0.0	3.6	1.111
3598	0.0	3.6	1.036
3599	0.0	3.6	0.623
3600	0.0	3.6	0.391
3601	0.0	3.6	0.270
3602	0.0	3.6	0.146
3603	0.0	3.6	0.057
3604	0.0	3.6	0.041
3605	0.0	3.6	0.124
3606	0.0	3.6	0.312
3607	0.0	3.6	0.842
3608	0.0	3.6	0.901
3609	0.0	3.6	0.905
3610	0.0	3.6	0.949
3611	0.0	3.6	0.905
3612	0.0	3.6	0.878
3613	0.0	3.6	0.813
3614	0.0	3.6	0.714
3615	0.0	3.6	0.651
3616	0.0	3.6	0.608
3617	0.0	3.6	0.631
3618	0.0	3.6	0.783
3619	0.0	3.6	0.874
3620	0.0	3.6	1.081
3621	0.0	3.6	1.111
3622	0.0	3.6	1.036
3623	0.0	3.6	0.623
3624	0.0	3.6	0.391
3625	0.0	3.6	0.270
3626	0.0	3.6	0.146
3627	0.0	3.6	0.057
3628	0.0	3.6	0.041
3629	0.0	3.6	0.124
3630	0.0	3.6	0.312
3631	0.0	3.6	0.842
3632	0.0	3.6	0.901
3633	0.0	3.6	0.905
3634	0.0	3.6	0.949
3635	0.0	3.6	0.905
3636	0.0	3.6	0.878
3637	0.0	3.6	0.813
3638	0.0	3.6	0.714
3639	0.0	3.6	0.651
3640	0.0	3.6	0.608
3641	0.0	3.6	0.631
3642	0.0	3.5	0.783
3643	0.0	3.5	0.874
3644	0.0	3.5	1.081
3645	0.0	3.5	1.111
3646	0.0	3.5	1.036
3647	0.0	3.5	0.623
3648	0.0	3.5	0.391
3649	0.0	3.5	0.270
3650	0.0	3.5	0.146
3651	0.0	3.5	0.057
3652	0.0	3.5	0.041
3653	0.0	3.5	0.124
3654	0.0	3.5	0.312
3655	0.0	3.5	0.842
3656	0.0	3.5	0.901
3657	0.0	3.5	0.905
3658	0.0	3.5	0.949
3659	0.0	3.5	0.905
3660	0.0	3.5	0.878
3661	0.0	3.5	0.813
3662	0.0	3.5	0.714
3663	0.0	3.5	0.651
3664	0.0	3.5	0.608
3665	0.0	3.5	0.631
3666	0.0	3.5	0.783
3667	0.0	3.5	0.874
3668	0.0	3.5	1.081
3669	0.0	3.5	1.111
3670	0.0	3.5	1.036
3671	0.0	3.5	0.623
3672	0.0	3.5	0.391
3673	0.0	3.5	0.270
3674	0.0	3.5	0.146
3675	0.0	3.5	0.057
3676	0.0	3.5	0.041
3677	0.0	3.5	0.124
3678	0.0	3.5	0.312
3679	0.0	3.5	0.842
3680	0.0	3.5	0.901
3681	0.0	3.5	0.905
3682	0.0	3.5	0.949
3683	0.0	3.5	0.905
3684	0.0	3.5	0.878
3685	0.0	3.5	0.813
3686	0.0	3.5	0.714
3687	0.0	3.4	0.651
3688	0.0	3.4	0.608
3689	0.0	3.4	0.631
3690	0.0	3.4	0.783
3691	0.0	3.4	0.874
3692	0.0	3.4	1.081
3693	0.0	3.4	1.111
3694	0.0	3.4	1.036
3695	0.0	3.4	0.623
3696	0.0	3.4	0.391
3697	0.0	3.4	0.270
3698	0.0	3.4	0.146
3699	0.0	3.4	0.057
3700	0.0	3.4	0.041
3701	0.0	3.4	0.124
3702	0.0	3.4	0.312
3703	0.0	3.4	0.842
3704	0.0	3.4	0.901
3705	0.0	3.4	0.905
3706	0.0	3.4	0.949
3707	0.0	3.4	0.905
3708	0.0	3.4	0.878
3709	0.0	3.4	0.813
3710	0.0	3.4	0.714
3711	0.0	3.4	0.651
3712	0.0	3.4	0.608
3713	0.0	3.4	0.631
3714	0.0	3.4	0.783
3715	0.0	3.4	0.874
3716	0.0	3.4	1.081
3717	0.0	3.4	1.111
3718	0.0	3.4	1.036
3719	0.0	3.4	0.623
3720	0.0	3.4	0.391
3721	0.0	3.4	0.270
3722	0.0	3.4	0.146
3723	0.0	3.4	0.057
3724	0.0	3.4	0.041
3725	0.0	3.4	0.124
3726	0.0	3.4	0.312
3727	0.0	3.4	0.842
3728	0.0	3.4	0.901
3729	0.0	3.4	0.905
3730	0.0	3.4	0.949
3731	0.0	3.4	0.905
3732	0.0	3.4	0.878
3733	0.0	3.4	0.813
3734	0.0	3.4	0.714
3735	0.0	3.4	0.651
3736	0.0	3.4	0.608
3737	0.0	3.4	0.631
3738	0.0	3.4	0.783
3739	0.0	3.4	0.874
3740	0.0	3.4	1.081
3741	0.0	3.4	1.111
3742	0.0	3.4	1.036
3743	0.0	3.4	0.623
3744	0.0	3.3	0.391
3745	0.0	3.3	0.270
3746	0.0	3.3	0.146
3747	0.0	3.3	0.057
3748	0.0	3.3	0.041
3749	0.0	3.3	0.124
3750	0.0	3.3	0.312
3751	0.0	3.3	0.842
3752	0.0	3.3	0.901
3753	0.0	3.3	0.905
3754	0.0	3.3	0.949
3755	0.0	3.3	0.905
3756	0.0	3.3	0.878
3757	0.0	3.3	0.813
3758	0.0	3.3	0.714
3759	0.0	3.3	0.651
3760	0.0	3.3	0.608
3761	0.0	3.3	0.631
3762	0.0	3.3	0.783
3763	0.0	3.3	0.874
3764	0.0	3.3	1.081
3765	0.0	3.3	1.111
3766	0.0	3.3	1.036
3767	0.0	3.3	0.623
3768	0.0	3.3	0.391
3769	0.0	3.3	0.270
3770	0.0	3.3	0.146
3771	0.0	3.3	0.057
3772	0.0	3.3	0.041
3773	0.0	3.3	0.124
3774	0.0	3.3	0.312
3775	0.0	3.3	0.842
3776	0.0	3.3	0.901
3777	0.0	3.3	0.905
3778	0.0	3.3	0.949
3779	0.0	3.3	0.905
3780	0.0	3.3	0.878
3781	0.0	3.3	0.813
3782	0.0	3.3	0.714
3783	0.0	3.3	0.651
3784	0.0	3.3	0.608
3785	0.0	3.3	0.631
3786	0.0	3.3	0.783
3787	0.0	3.3	0.874
3788	0.0	3.3	1.081
3789	0.0	3.3	1.111
3790	0.0	3.3	1.036
3791	0.0	3.3	0.623
3792	0.0	3.3	0.391
3793	0.0	3.3	0.270
3794	0.0	3.3	0.146
3795	0.0	3.2	0.057
3796	0.0	3.2	0.041
3797	0.0	3.2	0.124
3798	0.0	3.2	0.312
3799	0.0	3.2	0.842
3800	0.0	3.2	0.901
3801	0.0	3.2	0.905
3802	0.0	3.2	0.949
3803	0.0	3.2	0.905
3804	0.0	3.2	0.878
3805	0.0	3.2	0.813
3806	0.0	3.2	0.714
3807	0.0	3.2	0.651
3808	0.0	3.2	0.608
3809	0.0	3.2	0.631
3810	0.0	3.2	0.783
3811	0.0	3.2	0.874
3812	0.0	3.2	1.081
3813	0.0	3.2	1.111
3814	0.0	3.2	1.036
3815	0.0	3.2	0.623
3816	0.0	3.2	0.391
3817	0.0	3.2	0.270
3818	0.0	3.2	0.146
3819	0.0	3.2	0.057
3820	0.0	3.2	0.041
3821	0.0	3.2	0.124
3822	0.0	3.2	0.312
3823	0.0	3.2	0.842
3824	0.0	3.2	0.901
3825	0.0	3.2	0.905
3826	0.0	3.2	0.949
3827	0.0	3.2	0.905
3828	0.0	3.2	0.878
3829	0.0	3.2	0.813
3830	0.0	3.2	0.714
3831	0.0	3.2	0.651
3832	0.0	3.2	0.608
3833	0.0	3.2	0.631
3834	0.0	3.2	0.783
3835	0.0	3.2	0.874
3836	0.0	3.2	1.081
3837	0.0	3.2	1.111
3838	0.0	3.2	1.036
3839	0.0	3.2	0.623
3840	0.0	3.2	0.391
3841	0.0	3.2	0.270
3842	0.0	3.1	0.146
3843	0.0	3.1	0.057
3844	0.0	3.1	0.041
3845	0.0	3.1	0.124
3846	0.0	3.1	0.312
3847	0.0	3.1	0.842
3848	0.0	3.1	0.901
3849	0.0	3.1	0.905
3850	0.0	3.1	0.949
3851	0.0	3.1	0.905
3852	0.0	3.1	0.878
3853	0.0	3.1	0.813
3854	0.0	3.1	0.714
3855	0.0	3.1	0.651
3856	0.0	3.1	0.608
3857	0.0	3.1	0.631
3858	0.0	3.1	0.783
3859	0.0	3.1	0.874
3860	0.0	3.1	1.081
3861	0.0	3.1	1.111
3862	0.0	3.1	1.036
3863	0.0	3.1	0.623
3864	0.0	3.1	0.391
3865	0.0	3.1	0.270
3866	0.0	3.1	0.146
3867	0.0	3.1	0.057
3868	0.0	3.1	0.041
3869	0.0	3.1	0.124
3870	0.0	3.1	0.312
3871	0.0	3.1	0.842
3872	0.0	3.1	0.901
3873	0.0	3.1	0.905
3874	0.0	3.1	0.949
3875	0.0	3.1	0.905
3876	0.0	3.1	0.878
3877	0.0	3.1	0.813
3878	0.0	3.1	0.714
3879	0.0	3.1	0.651
3880	0.0	3.1	0.608
3881	0.0	3.1	0.631
3882	0.0	3.1	0.783
3883	0.0	3.1	0.874
3884	0.0	3.1	1.081
3885	0.0	3.1	1.111
3886	0.0	3.1	1.036
3887	0.0	3.1	0.623
3888	0.0	3.1	0.391
3889	0.0	3.1	0.270
3890	0.0	3.1	0.146
3891	0.0	3.1	0.057
3892	0.0	3.1	0.041
3893	0.0	3.1	0.124
3894	0.0	3.1	0.312
3895	0.0	3.1	0.842
3896	0.0	3.1	0.901
3897	0.0	3.1	0.905
3898	0.0	3.1	0.949
3899	0.0	3.0	0.905
3900	0.0	3.0	0.878
3901	0.0	3.0	0.813
3902	0.0	3.0	0.714
3903	0.0	3.0	0.651
3904	0.0	3.0	0.608
3905	0.0	3.0	0.631
3906	0.0	3.0	0.783
3907	0.0	3.0	0.874
3908	0.0	3.0	1.081
3909	0.0	3.0	1.111
3910	0.0	3.0	1.036
3911	0.0	3.0	0.623
3912	0.0	3.0	0.391
3913	0.0	3.0	0.270
3914	0.0	3.0	0.146
3915	0.0	3.0	0.057
3916	0.0	3.0	0.041
3917	0.0	3.0	0.124
3918	0.0	3.0	0.312
3919	0.0	3.0	0.842
3920	0.0	3.0	0.901
3921	0.0	3.0	0.905
3922	0.0	3.0	0.949
3923	0.0	3.0	0.905
3924	0.0	3.0	0.878
3925	0.0	3.0	0.813
3926	0.0	3.0	0.714
3927	0.0	3.0	0.651
3928	0.0	3.0	0.608
3929	0.0	3.0	0.631
3930	0.0	3.0	0.783
3931	0.0	3.0	0.874
3932	0.0	3.0	1.081
3933	0.0	3.0	1.111
3934	0.0	3.0	1.036
3935	0.0	3.0	0.623
3936	0.0	3.0	0.391
3937	0.0	3.0	0.270
3938	0.0	3.0	0.146
3939	0.0	3.0	0.057
3940	0.0	3.0	0.041
3941	0.0	3.0	0.124
3942	0.0	3.0	0.312
3943	0.0	3.0	0.842
3944	0.0	3.0	0.901
3945	0.0	3.0	0.905
3946	0.0	3.0	0.949
3947	0.0	3.0	0.905
3948	0.0	3.0	0.878
3949	0.0	3.0	0.813
3950	0.0	3.0	0.714
3951	0.0	2.9	0.651
3952	0.0	2.9	0.608
3953	0.0	2.9	0.631
3954	0.0	2.9	0.783
3955	0.0	2.9	0.874
3956	0.0	2.9	1.081
3957	0.0	2.9	1.111
3958	0.0	2.9	1.036
3959	0.0	2.9	0.623
3960	0.0	2.9	0.391
3961	0.0	2.9	0.270
3962	0.0	2.9	0.146
3963	0.0	2.9	0.057
3964	0.0	2.9	0.041
3965	0.0	2.9	0.124
3966	0.0	2.9	0.312
3967	0.0	2.9	0.842
3968	0.0	2.9	0.901
3969	0.0	2.9	0.905
3970	0.0	2.9	0.949
3971	0.0	2.9	0.905
3972	0.0	2.9	0.878
3973	0.0	2.9	0.813
3974	0.0	2.9	0.714
3975	0.0	2.9	0.651
3976	0.0	2.9	0.608
3977	0.0	2.9	0.631
3978	0.0	2.9	0.783
3979	0.0	2.9	0.874
3980	0.0	2.8	1.081
3981	0.0	2.8	1.111
3982	0.0	2.8	1.036
3983	0.0	2.8	0.623
3984	0.0	2.8	0.391
3985	0.0	2.8	0.270
3986	0.0	2.8	0.146
3987	0.0	2.8	0.057
3988	0.0	2.8	0.041
3989	0.0	2.8	0.124
3990	0.0	2.8	0.312
3991	0.0	2.8	0.842
3992	0.0	2.8	0.901
3993	0.0	2.8	0.905
3994	0.0	2.8	0.949
3995	0.0	2.8	0.905
3996	0.0	2.8	0.878
3997	0.0	2.8	0.813
3998	0.0	2.8	0.714
3999	0.0	2.8	0.651
4000	0.0	2.8	0.608
4001	0.0	2.8	0.631
4002	0.0	2.8	0.783
4003	0.0	2.8	0.874
4004	0.0	2.8	1.081
4005	0.0	2.8	1.111
4006	0.0	2.8	1.036
4007	0.0	2.8	0.623
4008	0.0	2.8	0.391
4009	0.0	2.8	0.270
4010	0.0	2.8	0.146
4011	0.0	2.8	0.057
4012	0.0	2.8	0.041
4013	0.0	2.8	0.124
4014	0.0	2.8	0.312
4015	0.0	2.8	0.842
4016	0.0	2.8	0.901
4017	0.0	2.8	0.905
4018	0.0	2.8	0.949
4019	0.0	2.8	0.905
4020	0.0	2.8	0.878
4021	0.0	2.8	0.813
4022	0.0	2.8	0.714
4023	0.0	2.8	0.651
4024	0.0	2.8	0.608
4025	0.0	2.8	0.631
4026	0.0	2.8	0.783
4027	0.0	2.8	0.874
4028	0.0	2.8	1.081
4029	0.0	2.8	1.111
4030	0.0	2.8	1.036
4031	0.0	2.7	0.623
4032	0.0	2.7	0.391
4033	0.0	2.7	0.270
4034	0.0	2.7	0.146
4035	0.0	2.7	0.057
4036	0.0	2.7	0.041
4037	0.0	2.7	0.124
4038	0.0	2.7	0.312
4039	0.0	2.7	0.842
4040	0.0	2.7	0.901
4041	0.0	2.7	0.905
4042	0.0	2.7	0.949
4043	0.0	2.7	0.905
4044	0.0	2.7	0.878
4045	0.0	2.7	0.813
4046	0.0	2.7	0.714
4047	0.0	2.7	0.651
4048	0.0	2.7	0.608
4049	0.0	2.7	0.631
4050	0.0	2.7	0.783
4051	0.0	2.7	0.874
4052	0.0	2.7	1.081
4053	0.0	2.7	1.111
4054	0.0	2.7	1.036
4055	0.0	2.7	0.623
4056	0.0	2.7	0.391
4057	0.0	2.7	0.270
4058	0.0	2.7	0.146
4059	0.0	2.7	0.057
4060	0.0	2.7	0.041
4061	0.0	2.7	0.124
4062	0.0	2.7	0.312
4063	0.0	2.7	0.842
4064	0.0	2.7	0.901
4065	0.0	2.7	0.905
4066	0.0	2.7	0.949
4067	0.0	2.7	0.905
4068	0.0	2.7	0.878
4069	0.0	2.7	0.813
4070	0.0	2.7	0.714
4071	0.0	2.7	0.651
4072	0.0	2.7	0.608
4073	0.0	2.7	0.631
4074	0.0	2.7	0.783
4075	0.0	2.7	0.874
4076	0.0	2.7	1.081
4077	0.0	2.6	1.111
4078	0.0	2.6	1.036
4079	0.0	2.6	0.623
4080	0.0	2.6	0.391
4081	0.0	2.6	0.270
4082	0.0	2.6	0.146
4083	0.0	2.6	0.057
4084	0.0	2.6	0.041
4085	0.0	2.6	0.124
4086	0.0	2.6	0.312
4087	0.0	2.6	0.842
4088	0.0	2.6	0.901
4089	0.0	2.6	0.905
4090	0.0	2.6	0.949
4091	0.0	2.6	0.905
4092	0.0	2.6	0.878
4093	0.0	2.6	0.813
4094	0.0	2.6	0.714
4095	0.0	2.6	0.651
4096	0.0	2.6	0.608
4097	0.0	2.6	0.631
4098	0.0	2.6	0.783
4099	0.0	2.6	0.874
4100	0.0	2.6	1.081
4101	0.0	2.6	1.111
4102	0.0	2.6	1.036
4103	0.0	2.6	0.623
4104	0.0	2.6	0.391
4105	0.0	2.6	0.270
4106	0.0	2.6	0.146
4107	0.0	2.6	0.057
4108	0.0	2.6	0.041
4109	0.0	2.6	0.124
4110	0.0	2.6	0.312
4111	0.0	2.6	0.842
4112	0.0	2.6	0.901
4113	0.0	2.6	0.905
4114	0.0	2.6	0.949
4115	0.0	2.6	0.905
4116	0.0	2.6	0.878
4117	0.0	2.6	0.813
4118	0.0	2.6	0.714
4119	0.0	2.6	0.651
4120	0.0	2.6	0.608
4121	0.0	2.6	0.631
4122	0.0	2.6	0.783
4123	0.0	2.6	0.874
4124	0.0	2.6	1.081
4125	0.0	2.6	1.111
4126	0.0	2.6	1.036
4127	0.0	2.6	0.623
4128	0.0	2.6	0.391
4129	0.0	2.6	0.270
4130	0.0	2.6	0.146
4131	0.0	2.6	0.057
4132	0.0	2.6	0.041
4133	0.0	2.6	0.124
4134	0.0	2.6	0.312
4135	0.0	2.6	0.842
4136	0.0	2.6	0.901
4137	0.0	2.5	0.905
4138	0.0	2.5	0.949
4139	0.0	2.5	0.905
4140	0.0	2.5	0.878
4141	0.0	2.5	0.813
4142	0.0	2.5	0.714
4143	0.0	2.5	0.651
4144	0.0	2.5	0.608
4145	0.0	2.5	0.631
4146	0.0	2.5	0.783
4147	0.0	2.5	0.874
4148	0.0	2.5	1.081
4149	0.0	2.5	1.111
4150	0.0	2.5	1.036
4151	0.0	2.5	0.623
4152	0.0	2.5	0.391
4153	0.0	2.5	0.270
4154	0.0	2.5	0.146
4155	0.0	2.5	0.057
4156	0.0	2.5	0.041
4157	0.0	2.5	0.124
4158	0.0	2.5	0.312
4159	0.0	2.5	0.842
4160	0.0	2.5	0.901
4161	0.0	2.5	0.905
4162	0.0	2.5	0.949
4163	0.0	2.5	0.905
4164	0.0	2.5	0.878
4165	0.0	2.5	0.813
4166	0.0	2.5	0.714
4167	0.0	2.5	0.651
4168	0.0	2.5	0.608
4169	0.0	2.5	0.631
4170	0.0	2.5	0.783
4171	0.0	2.5	0.874
4172	0.0	2.5	1.081
4173	0.0	2.5	1.111
4174	0.0	2.5	1.036
4175	0.0	2.5	0.623
4176	0.0	2.5	0.391
4177	0.0	2.5	0.270
4178	0.0	2.5	0.146
4179	0.0	2.5	0.057
4180	0.0	2.5	0.041
4181	0.0	2.5	0.124
4182	0.0	2.5	0.312
4183	0.0	2.5	0.842
4184	0.0	2.5	0.901
4185	0.0	2.5	0.905
4186	0.0	2.5	0.949
4187	0.0	2.5	0.905
4188	0.0	2.5	0.878
4189	0.0	2.5	0.813
4190	0.0	2.5	0.714
4191	0.0	2.5	0.651
4192	0.0	2.5	0.608
4193	0.0	2.5	0.631
4194	0.0	2.4	0.783
4195	0.0	2.4	0.874
4196	0.0	2.4	1.081
4197	0.0	2.4	1.111
4198	0.0	2.4	1.036
4199	0.0	2.4	0.623
4200	0.0	2.4	0.391
4201	0.0	2.4	0.270
4202	0.0	2.4	0.146
4203	0.0	2.4	0.057
4204	0.0	2.4	0.041
4205	0.0	2.4	0.124
4206	0.0	2.4	0.312
4207	0.0	2.4	0.842
4208	0.0	2.4	0.901
4209	0.0	2.4	0.905
4210	0.0	2.4	0.949
4211	0.0	2.4	0.905
4212	0.0	2.4	0.878
4213	0.0	2.4	0.813
4214	0.0	2.4	0.714
4215	0.0	2.4	0.651
4216	0.0	2.4	0.608
4217	0.0	2.4	0.631
4218	0.0	2.4	0.783
4219	0.0	2.4	0.874
4220	0.0	2.4	1.081
4221	0.0	2.4	1.111
4222	0.0	2.4	1.036
4223	0.0	2.4	0.623
4224	0.0	2.4	0.391
4225	0.0	2.4	0.270
4226	0.0	2.4	0.146
4227	0.0	2.4	0.057
4228	0.0	2.4	0.041
4229	0.0	2.4	0.124
4230	0.0	2.4	0.312
4231	0.0	2.4	0.842
4232	0.0	2.4	0.901
4233	0.0	2.4	0.905
4234	0.0	2.4	0.949
4235	0.0	2.4	0.905
4236	0.0	2.4	0.878
4237	0.0	2.4	0.813
4238	0.0	2.4	0.714
4239	0.0	2.4	0.651
4240	0.0	2.4	0.608
4241	0.0	2.4	0.631
4242	0.0	2.4	0.783
4243	0.0	2.4	0.874
4244	0.0	2.3	1.081
4245	0.0	2.3	1.111
4246	0.0	2.3	1.036
4247	0.0	2.3	0.623
4248	0.0	2.3	0.391
4249	0.0	2.3	0.270
4250	0.0	2.3	0.146
4251	0.0	2.3	0.057
4252	0.0	2.3	0.041
4253	0.0	2.3	0.124
4254	0.0	2.3	0.312
4255	0.0	2.3	0.842
4256	0.0	2.3	0.901
4257	0.0	2.3	0.905
4258	0.0	2.3	0.949
4259	0.0	2.3	0.905
4260	0.0	2.3	0.878
4261	0.0	2.3	0.813
4262	0.0	2.3	0.714
4263	0.0	2.3	0.651
4264	0.0	2.3	0.608
4265	0.0	2.3	0.631
4266	0.0	2.3	0.783
4267	0.0	2.3	0.874
4268	0.0	2.3	1.081
4269	0.0	2.3	1.111
4270	0.0	2.3	1.036
4271	0.0	2.3	0.623
4272	0.0	2.3	0.391
4273	0.0	2.3	0.270
4274	0.0	2.3	0.146
4275	0.0	2.3	0.057
4276	0.0	2.3	0.041
4277	0.0	2.3	0.124
4278	0.0	2.3	0.312
4279	0.0	2.3	0.842
4280	0.0	2.3	0.901
4281	0.0	2.3	0.905
4282	0.0	2.3	0.949
4283	0.0	2.3	0.905
4284	0.0	2.3	0.878
4285	0.0	2.3	0.813
4286	0.0	2.3	0.714
4287	0.0	2.3	0.651
4288	0.0	2.3	0.608
4289	0.0	2.3	0.631
4290	0.0	2.3	0.783
4291	0.0	2.3	0.874
4292	0.0	2.3	1.081
4293	0.0	2.3	1.111
4294	0.0	2.3	1.036
4295	0.0	2.3	0.623
4296	0.0	2.3	0.391
4297	0.0	2.3	0.270
4298	0.0	2.3	0.146
4299	0.0	2.3	0.057
4300	0.0	2.3	0.041
4301	0.0	2.3	0.124
4302	0.0	2.3	0.312
4303	0.0	2.3	0.842
4304	0.0	2.3	0.901
4305	0.0	2.3	0.905
4306	0.0	2.3	0.949
4307	0.0	2.3	0.905
4308	0.0	2.3	0.878
4309	0.0	2.3	0.813
4310	0.0	2.3	0.714
4311	0.0	2.3	0.651
4312	0.0	2.3	0.608
4313	0.0	2.3	0.631
4314	0.0	2.2	0.783
4315	0.0	2.2	0.874
4316	0.0	2.2	1.081
4317	0.0	2.2	1.111
4318	0.0	2.2	1.036
4319	0.0	2.2	0.623
4320	0.0	2.2	0.391
4321	0.0	2.2	0.270
4322	0.0	2.2	0.146
4323	0.0	2.2	0.057
4324	0.0	2.2	0.041
4325	0.0	2.2	0.124
4326	0.0	2.2	0.312
4327	0.0	2.2	0.842
4328	0.0	2.2	0.901
4329	0.0	2.2	0.905
4330	0.0	2.2	0.949
4331	0.0	2.2	0.905
4332	0.0	2.2	0.878
4333	0.0	2.2	0.813
4334	0.0	2.2	0.714
4335	0.0	2.2	0.651
4336	0.0	2.2	0.608
4337	0.0	2.2	0.631
4338	0.0	2.2	0.783
4339	0.0	2.2	0.874
4340	0.0	2.2	1.081
4341	0.0	2.2	1.111
4342	0.0	2.2	1.036
4343	0.0	2.2	0.623
4344	0.0	2.2	0.391
4345	0.0	2.2	0.270
4346	0.0	2.2	0.146
4347	0.0	2.2	0.057
4348	0.0	2.2	0.041
4349	0.0	2.2	0.124
4350	0.0	2.2	0.312
4351	0.0	2.2	0.842
4352	0.0	2.2	0.901
4353	0.0	2.2	0.905
4354	0.0	2.2	0.949
4355	0.0	2.2	0.905
4356	0.0	2.2	0.878
4357	0.0	2.1	0.813
4358	0.0	2.1	0.714
4359	0.0	2.1	0.651
4360	0.0	2.1	0.608
4361	0.0	2.1	0.631
4362	0.0	2.1	0.783
4363	0.0	2.1	0.874
4364	0.0	2.1	1.081
4365	0.0	2.1	1.111
4366	0.0	2.1	1.036
4367	0.0	2.1	0.623
4368	0.0	2.1	0.391
4369	0.0	2.1	0.270
4370	0.0	2.1	0.146
4371	0.0	2.1	0.057
4372	0.0	2.1	0.041
4373	0.0	2.1	0.124
4374	0.0	2.1	0.312
4375	0.0	2.1	0.842
4376	0.0	2.1	0.901
4377	0.0	2.1	0.905
4378	0.0	2.1	0.949
4379	0.0	2.1	0.905
4380	0.0	2.1	0.878
4381	0.0	2.1	0.813
4382	0.0	2.1	0.714
4383	0.0	2.1	0.651
4384	0.0	2.1	0.608
4385	0.0	2.1	0.631
4386	0.0	2.1	0.783
4387	0.0	2.1	0.874
4388	0.0	2.1	1.081
4389	0.0	2.1	1.111
4390	0.0	2.1	1.036
4391	0.0	2.1	0.623
4392	0.0	2.1	0.391
4393	0.0	2.1	0.270
4394	0.0	2.1	0.146
4395	0.0	2.1	0.057
4396	0.0	2.1	0.041
4397	0.0	2.1	0.124
4398	0.0	2.0	0.312
4399	0.0	2.0	0.842
4400	0.0	2.0	0.901
4401	0.0	2.0	0.905
4402	0.0	2.0	0.949
4403	0.0	2.0	0.905
4404	0.0	2.0	0.878
4405	0.0	2.0	0.813
4406	0.0	2.0	0.714
4407	0.0	2.0	0.651
4408	0.0	2.0	0.608
4409	0.0	2.0	0.631
4410	0.0	2.0	0.783
4411	0.0	2.0	0.874
4412	0.0	2.0	1.081
4413	0.0	2.0	1.111
4414	0.0	2.0	1.036
4415	0.0	2.0	0.623
4416	0.0	2.0	0.391
4417	0.0	2.0	0.270
4418	0.0	2.0	0.146
4419	0.0	2.0	0.057
4420	0.0	2.0	0.041
4421	0.0	2.0	0.124
4422	0.0	2.0	0.312
4423	0.0	2.0	0.842
4424	0.0	2.0	0.901
4425	0.0	2.0	0.905
4426	0.0	2.0	0.949
4427	0.0	2.0	0.905
4428	0.0	2.0	0.878
4429	0.0	2.0	0.813
4430	0.0	2.0	0.714
4431	0.0	1.9	0.651
4432	0.0	1.9	0.608
4433	0.0	1.9	0.631
4434	0.0	1.9	0.783
4435	0.0	1.9	0.874
4436	0.0	1.9	1.081
4437	0.0	1.9	1.111
4438	0.0	1.9	1.036
4439	0.0	1.9	0.623
4440	0.0	1.9	0.391
4441	0.0	1.9	0.270
4442	0.0	1.9	0.146
4443	0.0	1.9	0.057
4444	0.0	1.9	0.041
4445	0.0	1.9	0.124
4446	0.0	1.9	0.312
4447	0.0	1.9	0.842
4448	0.0	1.9	0.901
4449	0.0	1.9	0.905
4450	0.0	1.9	0.949
4451	0.0	1.9	0.905
4452	0.0	1.9	0.878
4453	0.0	1.9	0.813
4454	0.0	1.9	0.714
4455	0.0	1.9	0.651
4456	0.0	1.9	0.608
4457	0.0	1.9	0.631
4458	0.0	1.9	0.783
4459	0.0	1.9	0.874
4460	0.0	1.9	1.081
4461	0.0	1.9	1.111
4462	0.0	1.9	1.036
4463	0.0	1.9	0.623
4464	0.0	1.9	0.391
4465	0.0	1.9	0.270
4466	0.0	1.9	0.146
4467	0.0	1.9	0.057
4468	0.0	1.9	0.041
4469	0.0	1.9	0.124
4470	0.0	1.9	0.312
4471	0.0	1.9	0.842
4472	0.0	1.9	0.901
4473	0.0	1.9	0.905
4474	0.0	1.9	0.949
4475	0.0	1.8	0.905
4476	0.0	1.8	0.878
4477	0.0	1.8	0.813
4478	0.0	1.8	0.714
4479	0.0	1.8	0.651
4480	0.0	1.8	0.608
4481	0.0	1.8	0.631
4482	0.0	1.8	0.783
4483	0.0	1.8	0.874
4484	0.0	1.8	1.081
4485	0.0	1.8	1.111
4486	0.0	1.8	1.036
4487	0.0	1.8	0.623
4488	0.0	1.8	0.391
4489	0.0	1.8	0.270
4490	0.0	1.8	0.146
4491	0.0	1.8	0.057
4492	0.0	1.8	0.041
4493	0.0	1.8	0.124
4494	0.0	1.8	0.312
4495	0.0	1.8	0.842
4496	0.0	1.8	0.901
4497	0.0	1.8	0.905
4498	0.0	1.8	0.949
4499	0.0	1.8	0.905
4500	0.0	1.8	0.878
4501	0.0	1.8	0.813
4502	0.0	1.8	0.714
4503	0.0	1.8	0.651
4504	0.0	1.8	0.608
4505	0.0	1.8	0.631
4506	0.0	1.8	0.783
4507	0.0	1.8	0.874
4508	0.0	1.8	1.081
4509	0.0	1.8	1.111
4510	0.0	1.8	1.036
4511	0.0	1.8	0.623
4512	0.0	1.8	0.391
4513	0.0	1.8	0.270
4514	0.0	1.8	0.146
4515	0.0	1.8	0.057
4516	0.0	1.8	0.041
4517	0.0	1.7	0.124
4518	0.0	1.7	0.312
4519	0.0	1.7	0.842
4520	0.0	1.7	0.901
4521	0.0	1.7	0.905
4522	0.0	1.7	0.949
4523	0.0	1.7	0.905
4524	0.0	1.7	0.878
4525	0.0	1.7	0.813
4526	0.0	1.7	0.714
4527	0.0	1.7	0.651
4528	0.0	1.7	0.608
4529	0.0	1.7	0.631
4530	0.0	1.7	0.783
4531	0.0	1.7	0.874
4532	0.0	1.7	1.081
4533	0.0	1.7	1.111
4534	0.0	1.7	1.036
4535	0.0	1.7	0.623
4536	0.0	1.7	0.391
4537	0.0	1.7	0.270
4538	0.0	1.7	0.146
4539	0.0	1.7	0.057
4540	0.0	1.7	0.041
4541	0.0	1.7	0.124
4542	0.0	1.7	0.312
4543	0.0	1.7	0.842
4544	0.0	1.7	0.901
4545	0.0	1.7	0.905
4546	0.0	1.7	0.949
4547	0.0	1.7	0.905
4548	0.0	1.7	0.878
4549	0.0	1.7	0.813
4550	0.0	1.7	0.714
4551	0.0	1.7	0.651
4552	0.0	1.7	0.608
4553	0.0	1.7	0.631
4554	0.0	1.7	0.783
4555	0.0	1.7	0.874
4556	0.0	1.6	1.081
4557	0.0	1.6	1.111
4558	0.0	1.6	1.036
4559	0.0	1.6	0.623
4560	0.0	1.6	0.391
4561	0.0	1.6	0.270
4562	0.0	1.6	0.146
4563	0.0	1.6	0.057
4564	0.0	1.6	0.041
4565	0.0	1.6	0.124
4566	0.0	1.6	0.312
4567	0.0	1.6	0.842
4568	0.0	1.6	0.901
4569	0.0	1.6	0.905
4570	0.0	1.6	0.949
4571	0.0	1.6	0.905
4572	0.0	1.6	0.878
4573	0.0	1.6	0.813
4574	0.0	1.6	0.714
4575	0.0	1.6	0.651
4576	0.0	1.6	0.608
4577	0.0	1.6	0.631
4578	0.0	1.6	0.783
4579	0.0	1.6	0.874
4580	0.0	1.6	1.081
4581	0.0	1.6	1.111
4582	0.0	1.6	1.036
4583	0.0	1.6	0.623
4584	0.0	1.6	0.391
4585	0.0	1.6	0.270
4586	0.0	1.6	0.146
4587	0.0	1.6	0.057
4588	0.0	1.6	0.041
4589	0.0	1.6	0.124
4590	0.0	1.6	0.312
4591	0.0	1.6	0.842
4592	0.0	1.6	0.901
4593	0.0	1.6	0.905
4594	0.0	1.5	0.949
4595	0.0	1.5	0.905
4596	0.0	1.5	0.878
4597	0.0	1.5	0.813
4598	0.0	1.5	0.714
4599	0.0	1.5	0.651
4600	0.0	1.5	0.608
4601	0.0	1.5	0.631
4602	0.0	1.5	0.783
4603	0.0	1.5	0.874
4604	0.0	1.5	1.081
4605	0.0	1.5	1.111
4606	0.0	1.5	1.036
4607	0.0	1.5	0.623
4608	0.0	1.5	0.391
4609	0.0	1.5	0.270
4610	0.0	1.5	0.146
4611	0.0	1.5	0.057
4612	0.0	1.5	0.041
4613	0.0	1.5	0.124
4614	0.0	1.5	0.312
4615	0.0	1.5	0.842
4616	0.0	1.5	0.901
4617	0.0	1.5	0.905
4618	0.0	1.5	0.949
4619	0.0	1.5	0.905
4620	0.0	1.5	0.878
4621	0.0	1.5	0.813
4622	0.0	1.5	0.714
4623	0.0	1.5	0.651
4624	0.0	1.5	0.608
4625	0.0	1.5	0.631
4626	0.0	1.5	0.783
4627	0.0	1.5	0.874
4628	0.0	1.5	1.081
4629	0.0	1.5	1.111
4630	0.0	1.5	1.036
4631	0.0	1.5	0.623
4632	0.0	1.5	0.391
4633	0.0	1.5	0.270
4634	0.0	1.5	0.146
4635	0.0	1.5	0.057
4636	0.0	1.5	0.041
4637	0.0	1.5	0.124
4638	0.0	1.5	0.312
4639	0.0	1.5	0.842
4640	0.0	1.5	0.901
4641	0.0	1.5	0.905
4642	0.0	1.5	0.949
4643	0.0	1.5	0.905
4644	0.0	1.5	0.878
4645	0.0	1.5	0.813
4646	0.0	1.4	0.714
4647	0.0	1.4	0.651
4648	0.0	1.4	0.608
4649	0.0	1.4	0.631
4650	0.0	1.4	0.783
4651	0.0	1.4	0.874
4652	0.0	1.4	1.081
4653	0.0	1.4	1.111
4654	0.0	1.4	1.036
4655	0.0	1.4	0.623
4656	0.0	1.4	0.391
4657	0.0	1.4	0.270
4658	0.0	1.4	0.146
4659	0.0	1.4	0.057
4660	0.0	1.4	0.041
4661	0.0	1.4	0.124
4662	0.0	1.4	0.312
4663	0.0	1.4	0.842
4664	0.0	1.4	0.901
4665	0.0	1.4	0.905
4666	0.0	1.4	0.949
4667	0.0	1.4	0.905
4668	0.0	1.4	0.878
4669	0.0	1.4	0.813
4670	0.0	1.4	0.714
4671	0.0	1.4	0.651
4672	0.0	1.4	0.608
4673	0.0	1.4	0.631
4674	0.0	1.4	0.783
4675	0.0	1.4	0.874
4676	0.0	1.4	1.081
4677	0.0	1.4	1.111
4678	0.0	1.4	1.036
4679	0.0	1.4	0.623
4680	0.0	1.4	0.391
4681	0.0	1.4	0.270
4682	0.0	1.4	0.146
4683	0.0	1.4	0.057
4684	0.0	1.4	0.041
4685	0.0	1.4	0.124
4686	0.0	1.4	0.312
4687	0.0	1.4	0.842
4688	0.0	1.4	0.901
4689	0.0	1.4	0.905
4690	0.0	1.4	0.949
4691	0.0	1.4	0.905
4692	0.0	1.4	0.878
4693	0.0	1.4	0.813
4694	0.0	1.4	0.714
4695	0.0	1.4	0.651
4696	0.0	1.3	0.608
4697	0.0	1.3	0.631
4698	0.0	1.3	0.783
4699	0.0	1.3	0.874
4700	0.0	1.3	1.081
4701	0.0	1.3	1.111
4702	0.0	1.3	1.036
4703	0.0	1.3	0.623
4704	0.0	1.3	0.391
4705	0.0	1.3	0.270
4706	0.0	1.3	0.146
4707	0.0	1.3	0.057
4708	0.0	1.3	0.041
4709	0.0	1.3	0.124
4710	0.0	1.3	0.312
4711	0.0	1.3	0.842
4712	0.0	1.3	0.901
4713	0.0	1.3	0.905
4714	0.0	1.3	0.949
4715	0.0	1.3	0.905
4716	0.0	1.3	0.878
4717	0.0	1.3	0.813
4718	0.0	1.3	0.714
4719	0.0	1.3	0.651
4720	0.0	1.3	0.608
4721	0.0	1.3	0.631
4722	0.0	1.3	0.783
4723	0.0	1.3	0.874
4724	0.0	1.3	1.081
4725	0.0	1.3	1.111
4726	0.0	1.3	1.036
4727	0.0	1.3	0.623
4728	0.0	1.3	0.391
4729	0.0	1.3	0.270
4730	0.0	1.3	0.146
4731	0.0	1.3	0.057
4732	0.0	1.3	0.041
4733	0.0	1.3	0.124
4734	0.0	1.3	0.312
4735	0.0	1.3	0.842
4736	0.0	1.3	0.901
4737	0.0	1.3	0.905
4738	0.0	1.3	0.949
4739	0.0	1.3	0.905
4740	0.0	1.3	0.878
4741	0.0	1.3	0.813
4742	0.0	1.2	0.714
4743	0.0	1.2	0.651
4744	0.0	1.2	0.608
4745	0.0	1.2	0.631
4746	0.0	1.2	0.783
4747	0.0	1.2	0.874
4748	0.0	1.2	1.081
4749	0.0	1.2	1.111
4750	0.0	1.2	1.036
4751	0.0	1.2	0.623
4752	0.0	1.2	0.391
4753	0.0	1.2	0.270
4754	0.0	1.2	0.146
4755	0.0	1.2	0.057
4756	0.0	1.2	0.041
4757	0.0	1.2	0.124
4758	0.0	1.2	0.312
4759	0.0	1.2	0.842
4760	0.0	1.2	0.901
4761	0.0	1.2	0.905
4762	0.0	1.2	0.949
4763	0.0	1.2	0.905
4764	0.0	1.2	0.878
4765	0.0	1.2	0.813
4766	0.0	1.2	0.714
4767	0.0	1.2	0.651
4768	0.0	1.2	0.608
4769	0.0	1.2	0.631
4770	0.0	1.1	0.783
4771	0.0	1.1	0.874
4772	0.0	1.1	1.081
4773	0.0	1.1	1.111
4774	0.0	1.1	1.036
4775	0.0	1.1	0.623
4776	0.0	1.1	0.391
4777	0.0	1.1	0.270
4778	0.0	1.1	0.146
4779	0.0	1.1	0.057
4780	0.0	1.1	0.041
4781	0.0	1.1	0.124
4782	0.0	1.1	0.312
4783	0.0	1.1	0.842
4784	0.0	1.1	0.901
4785	0.0	1.1	0.905
4786	0.0	1.1	0.949
4787	0.0	1.1	0.905
4788	0.0	1.1	0.878
4789	0.0	1.1	0.813
4790	0.0	1.1	0.714
4791	0.0	1.1	0.651
4792	0.0	1.1	0.608
4793	0.0	1.1	0.631
4794	0.0	1.1	0.783
4795	0.0	1.1	0.874
4796	0.0	1.1	1.081
4797	0.0	1.1	1.111
4798	0.0	1.1	1.036
4799	0.0	1.1	0.623
4800	0.0	1.1	0.391
4801	0.0	1.1	0.270
4802	0.0	1.0	0.146
4803	0.0	1.0	0.057
4804	0.0	1.0	0.041
4805	0.0	1.0	0.124
4806	0.0	1.0	0.312
4807	0.0	1.0	0.842
4808	0.0	1.0	0.901
4809	0.0	1.0	0.905
4810	0.0	1.0	0.949
4811	0.0	1.0	0.905
4812	0.0	1.0	0.878
4813	0.0	1.0	0.813
4814	0.0	1.0	0.714
4815	0.0	1.0	0.651
4816	0.0	1.0	0.608
4817	0.0	1.0	0.631
4818	0.0	1.0	0.783
4819	0.0	1.0	0.874
4820	0.0	1.0	1.081
4821	0.0	1.0	1.111
4822	0.0	1.0	1.036
4823	0.0	1.0	0.623
4824	0.0	1.0	0.391
4825	0.0	1.0	0.270
4826	0.0	1.0	0.146
4827	0.0	1.0	0.057
4828	0.0	1.0	0.041
4829	0.0	1.0	0.124
4830	0.0	1.0	0.312
4831	0.0	1.0	0.842
4832	0.0	0.9	0.901
4833	0.0	0.9	0.905
4834	0.0	0.9	0.949
4835	0.0	0.9	0.905
4836	0.0	0.9	0.878
4837	0.0	0.9	0.813
4838	0.0	0.9	0.714
4839	0.0	0.9	0.651
4840	0.0	0.9	0.608
4841	0.0	0.9	0.631
4842	0.0	0.9	0.783
4843	0.0	0.9	0.874
4844	0.0	0.9	1.081
4845	0.0	0.9	1.111
4846	0.0	0.9	1.036
4847	0.0	0.9	0.623
4848	0.0	0.9	0.391
4849	0.0	0.9	0.270
4850	0.0	0.9	0.146
4851	0.0	0.9	0.057
4852	0.0	0.8	0.041
4853	0.0	0.8	0.124
4854	0.0	0.8	0.312
4855	0.0	0.8	0.842
4856	0.0	0.8	0.901
4857	0.0	0.8	0.905
4858	0.0	0.8	0.949
4859	0.0	0.8	0.905
4860	0.0	0.8	0.878
4861	0.0	0.8	0.813
4862	0.0	0.8	0.714
4863	0.0	0.8	0.651
4864	0.0	0.8	0.608
4865	0.0	0.8	0.631
4866	0.0	0.8	0.783
4867	0.0	0.8	0.874
4868	0.0	0.8	1.081
4869	0.0	0.8	1.111
4870	0.0	0.8	1.036
4871	0.0	0.7	0.623
4872	0.0	0.7	0.391
4873	0.0	0.7	0.270
4874	0.0	0.7	0.146
4875	0.0	0.7	0.057
4876	0.0	0.7	0.041
4877	0.0	0.7	0.124
4878	0.0	0.7	0.312
4879	0.0	0.7	0.842
4880	0.0	0.7	0.901
4881	0.0	0.7	0.905
4882	0.0	0.7	0.949
4883	0.0	0.7	0.905
4884	0.0	0.7	0.878
4885	0.0	0.7	0.813
4886	0.0	0.7	0.714
4887	0.0	0.7	0.651
4888	0.0	0.7	0.608
4889	0.0	0.7	0.631
4890	0.0	0.7	0.783
4891	0.0	0.7	0.874
4892	0.0	0.7	1.081
4893	0.0	0.7	1.111
4894	0.0	0.7	1.036
4895	0.0	0.7	0.623
4896	0.0	0.7	0.391
4897	0.0	0.7	0.270
4898	0.0	0.7	0.146
4899	0.0	0.7	0.057
4900	0.0	0.7	0.041
4901	0.0	0.7	0.124
4902	0.0	0.6	0.312
4903	0.0	0.6	0.842
4904	0.0	0.6	0.901
4905	0.0	0.6	0.905
4906	0.0	0.6	0.949
4907	0.0	0.6	0.905
4908	0.0	0.6	0.878
4909	0.0	0.6	0.813
4910	0.0	0.6	0.714
4911	0.0	0.6	0.651
4912	0.0	0.6	0.608
4913	0.0	0.6	0.631
4914	0.0	0.6	0.783
4915	0.0	0.6	0.874
4916	0.0	0.6	1.081
4917	0.0	0.6	1.111
4918	0.0	0.6	1.036
4919	0.0	0.6	0.623
4920	0.0	0.6	0.391
4921	0.0	0.6	0.270
4922	0.0	0.6	0.146
4923	0.0	0.6	0.057
4924	0.0	0.6	0.041
4925	0.0	0.6	0.124
4926	0.0	0.6	0.312
4927	0.0	0.6	0.842
4928	0.0	0.5	0.901
4929	0.0	0.5	0.905
4930	0.0	0.5	0.949
4931	0.0	0.5	0.905
4932	0.0	0.5	0.878
4933	0.0	0.5	0.813
4934	0.0	0.5	0.714
4935	0.0	0.5	0.651
4936	0.0	0.5	0.608
4937	0.0	0.5	0.631
4938	0.0	0.5	0.783
4939	0.0	0.5	0.874
4940	0.0	0.5	1.081
4941	0.0	0.5	1.111
4942	0.0	0.5	1.036
4943	0.0	0.5	0.623
4944	0.0	0.5	0.391
4945	0.0	0.4	0.270
4946	0.0	0.4	0.146
4947	0.0	0.4	0.057
4948	0.0	0.4	0.041
4949	0.0	0.4	0.124
4950	0.0	0.4	0.312
4951	0.0	0.4	0.842
4952	0.0	0.4	0.901
4953	0.0	0.4	0.905
4954	0.0	0.4	0.949
4955	0.0	0.4	0.905
4956	0.0	0.4	0.878
4957	0.0	0.4	0.813
4958	0.0	0.4	0.714
4959	0.0	0.4	0.651
4960	0.0	0.4	0.608
4961	0.0	0.4	0.631
4962	0.0	0.4	0.783
4963	0.0	0.4	0.874
4964	0.0	0.3	1.081
4965	0.0	0.3	1.111
4966	0.0	0.3	1.036
4967	0.0	0.3	0.623
4968	0.0	0.3	0.391
4969	0.0	0.3	0.270
4970	0.0	0.3	0.146
4971	0.0	0.3	0.057
4972	0.0	0.3	0.041
4973	0.0	0.3	0.124
4974	0.0	0.3	0.312
4975	0.0	0.3	0.842
4976	0.0	0.3	0.901
4977	0.0	0.2	0.905
4978	0.0	0.2	0.949
4979	0.0	0.2	0.905
4980	0.0	0.2	0.878
4981	0.0	0.2	0.813
4982	0.0	0.2	0.714
4983	0.0	0.2	0.651
4984	0.0	0.2	0.608
4985	0.0	0.2	0.631
4986	0.0	0.2	0.783
4987	0.0	0.2	0.874
4988	0.0	0.2	1.081
4989	0.0	0.2	1.111
4990	0.0	0.2	1.036
4991	0.0	0.2	0.623
4992	0.0	0.2	0.391
4993	0.0	0.2	0.270
4994	0.0	0.2	0.146
4995	0.0	0.2	0.057
4996	0.0	0.1	0.041
4997	0.0	0.1	0.124
4998	0.0	0.1	0.312
4999	0.0	0.1	0.842
5000	0.0	0.1	0.901
5001	0.0	0.1	0.905
5002	0.0	0.1	0.949
5003	0.0	0.1	0.905
5004	0.0	0.1	0.878
5005	0.0	0.1	0.813
5006	0.0	0.1	0.714
5007	0.0	0.1	0.651
5008	0.0	0.1	0.608
5009	0.0	0.0	0.631
5010	0.0	0.0	0.783
5011	0.0	0.0	0.874
5012	0.0	0.0	1.081
5013	0.0	0.0	1.111
5014	0.0	0.0	1.036
5015	0.0	0.0	0.623
5016	0.0	0.0	0.391
5017	0.0	0.0	0.270
5018	0.0	0.0	0.146
5019	0.0	0.0	0.057
5020	0.0	0.0	0.041
5021	0.0	0.0	0.124
5022	0.0	0.0	0.312
5023	0.0	0.0	0.842
5024	0.0	0.0	0.901
5025	0.0	0.0	0.905
5026	0.0	0.0	0.949
5027	0.0	0.0	0.905
5028	0.0	0.0	0.878
5029	0.0	0.0	0.813
5030	0.0	0.0	0.714
5031	0.0	0.0	0.651
5032	0.0	0.0	0.608
5033	0.0	0.0	0.631
5034	0.0	0.0	0.783
5035	0.0	0.0	0.874
5036	0.0	0.0	1.081
5037	0.0	0.0	1.111
5038	0.0	0.0	1.036
5039	0.0	0.0	0.623
5040	0.0	0.0	0.391
5041	0.0	0.0	0.270
5042	0.0	0.0	0.146
5043	0.0	0.0	0.057
5044	0.0	0.0	0.041
5045	0.0	0.0	0.124
5046	0.0	0.0	0.312
5047	0.0	0.0	0.842
5048	0.0	0.0	0.901
5049	0.0	0.0	0.905
5050	0.0	0.0	0.949
5051	0.0	0.0	0.905
5052	0.0	0.0	0.878
5053	0.0	0.0	0.813
5054	0.0	0.0	0.714
5055	0.0	0.0	0.651
5056	0.0	0.0	0.608
5057	0.0	0.0	0.631
5058	0.0	0.0	0.783
5059	0.0	0.0	0.874
5060	0.0	0.0	1.081
5061	0.0	0.0	1.111
5062	0.0	0.0	1.036
5063	0.0	0.0	0.623
5064	0.0	0.0	0.391
5065	0.0	0.0	0.270
5066	0.0	0.0	0.146
5067	0.0	0.0	0.057
5068	0.0	0.0	0.041
5069	0.0	0.0	0.124
5070	0.0	0.0	0.312
5071	0.0	0.0	0.842
5072	0.0	0.0	0.901
5073	0.0	0.0	0.905
5074	0.0	0.0	0.949
5075	0.0	0.0	0.905
5076	0.0	0.0	0.878
5077	0.0	0.0	0.813
5078	0.0	0.0	0.714
5079	0.0	0.0	0.651
5080	0.0	0.0	0.608
5081	0.0	0.0	0.631
5082	0.0	0.0	0.783
5083	0.0	0.0	0.874
5084	0.0	0.0	1.081
5085	0.0	0.0	1.111
5086	0.0	0.0	1.036
5087	0.0	0.0	0.623
5088	0.0	0.0	0.391
5089	0.0	0.0	0.270
5090	0.0	0.0	0.146
5091	0.0	0.0	0.057
5092	0.0	0.0	0.041
5093	0.0	0.0	0.124
5094	0.0	0.0	0.312
5095	0.0	0.0	0.842
5096	0.0	0.0	0.901
5097	0.0	0.0	0.905
5098	0.0	0.0	0.949
5099	0.0	0.0	0.905
5100	0.0	0.0	0.878
5101	0.0	0.0	0.813
5102	0.0	0.0	0.714
5103	0.0	0.0	0.651
5104	0.0	0.0	0.608
5105	0.0	0.0	0.631
5106	0.0	0.0	0.783
5107	0.0	0.0	0.874
5108	0.0	0.0	1.081
5109	0.0	0.0	1.111
5110	0.0	0.0	1.036
5111	0.0	0.0	0.623
5112	0.0	0.0	0.391
5113	0.0	0.0	0.270
5114	0.0	0.0	0.146
5115	0.0	0.0	0.057
5116	0.0	0.0	0.041
5117	0.0	0.0	0.124
5118	0.0	0.0	0.312
5119	0.0	0.0	0.842
5120	0.0	0.0	0.901
5121	0.0	0.0	0.905
5122	0.0	0.0	0.949
5123	0.0	0.0	0.905
5124	0.0	0.0	0.878
5125	0.0	0.0	0.813
5126	0.0	0.0	0.714
5127	0.0	0.0	0.651
5128	0.0	0.0	0.608
5129	0.0	0.0	0.631
5130	0.0	0.0	0.783
5131	0.0	0.0	0.874
5132	0.0	0.0	1.081
5133	0.0	0.0	1.111
5134	0.0	0.0	1.036
5135	0.0	0.0	0.623
5136	0.0	0.0	0.391
5137	0.0	0.0	0.270
5138	0.0	0.0	0.146
5139	0.0	0.0	0.057
5140	0.0	0.0	0.041
5141	0.0	0.0	0.124
5142	0.0	0.0	0.312
5143	0.0	0.0	0.842
5144	0.0	0.0	0.901
5145	0.0	0.0	0.905
5146	0.0	0.0	0.949
5147	0.0	0.0	0.905
5148	0.0	0.0	0.878
5149	0.0	0.0	0.813
5150	0.0	0.0	0.714
5151	0.0	0.0	0.651
5152	0.0	0.0	0.608
5153	0.0	0.0	0.631
5154	0.0	0.0	0.783
5155	0.0	0.0	0.874
5156	0.0	0.0	1.081
5157	0.0	0.0	1.111
5158	0.0	0.0	1.036
5159	0.0	0.0	0.623
5160	0.0	0.0	0.391
5161	0.0	0.0	0.270
5162	0.0	0.0	0.146
5163	0.0	0.0	0.057
5164	0.0	0.0	0.041
5165	0.0	0.0	0.124
5166	0.0	0.0	0.312
5167	0.0	0.0	0.842
5168	0.0	0.0	0.901
5169	0.0	0.0	0.905
5170	0.0	0.0	0.949
5171	0.0	0.0	0.905
5172	0.0	0.0	0.878
5173	0.0	0.0	0.813
5174	0.0	0.0	0.714
5175	0.0	0.0	0.651
5176	0.0	0.0	0.608
5177	0.0	0.0	0.631
5178	0.0	0.0	0.783
5179	0.0	0.0	0.874
5180	0.0	0.0	1.081
5181	0.0	0.0	1.111
5182	0.0	0.0	1.036
5183	0.0	0.0	0.623
5184	0.0	0.0	0.391
5185	0.0	0.0	0.270
5186	0.0	0.0	0.146
5187	0.0	0.0	0.057
5188	0.0	0.0	0.041
5189	0.0	0.0	0.124
5190	0.0	0.0	0.312
5191	0.0	0.0	0.842
5192	0.0	0.0	0.901
5193	0.0	0.0	0.905
5194	0.0	0.0	0.949
5195	0.0	0.0	0.905
5196	0.0	0.0	0.878
5197	0.0	0.0	0.813
5198	0.0	0.0	0.714
5199	0.0	0.0	0.651
5200	0.0	0.0	0.608
5201	0.0	0.0	0.631
5202	0.0	0.0	0.783
5203	0.0	0.0	0.874
5204	0.0	0.0	1.081
5205	0.0	0.0	1.111
5206	0.0	0.0	1.036
5207	0.0	0.0	0.623
5208	0.0	0.0	0.391
5209	0.0	0.0	0.270
5210	0.0	0.0	0.146
5211	0.0	0.0	0.057
5212	0.0	0.0	0.041
5213	0.0	0.0	0.124
5214	0.0	0.0	0.312
5215	0.0	0.0	0.842
5216	0.0	0.0	0.901
5217	0.0	0.0	0.905
5218	0.0	0.0	0.949
5219	0.0	0.0	0.905
5220	0.0	0.0	0.878
5221	0.0	0.0	0.813
5222	0.0	0.0	0.714
5223	0.0	0.0	0.651
5224	0.0	0.0	0.608
5225	0.0	0.0	0.631
5226	0.0	0.0	0.783
5227	0.0	0.0	0.874
5228	0.0	0.0	1.081
5229	0.0	0.0	1.111
5230	0.0	0.0	1.036
5231	0.0	0.0	0.623
5232	0.0	0.0	0.391
5233	0.0	0.0	0.270
5234	0.0	0.0	0.146
5235	0.0	0.0	0.057
5236	0.0	0.0	0.041
5237	0.0	0.0	0.124
5238	0.0	0.0	0.312
5239	0.0	0.0	0.842
5240	0.0	0.0	0.901
5241	0.0	0.0	0.905
5242	0.0	0.0	0.949
5243	0.0	0.0	0.905
5244	0.0	0.0	0.878
5245	0.0	0.0	0.813
5246	0.0	0.0	0.714
5247	0.0	0.0	0.651
5248	0.0	0.0	0.608
5249	0.0	0.0	0.631
5250	0.0	0.0	0.783
5251	0.0	0.0	0.874
5252	0.0	0.0	1.081
5253	0.0	0.0	1.111
5254	0.0	0.0	1.036
5255	0.0	0.0	0.623
5256	0.0	0.0	0.391
5257	0.0	0.0	0.270
5258	0.0	0.0	0.146
5259	0.0	0.0	0.057
5260	0.0	0.0	0.041
5261	0.0	0.0	0.124
5262	0.0	0.0	0.312
5263	0.0	0.0	0.842
5264	0.0	0.0	0.901
5265	0.0	0.0	0.905
5266	0.0	0.0	0.949
5267	0.0	0.0	0.905
5268	0.0	0.0	0.878
5269	0.0	0.0	0.813
5270	0.0	0.0	0.714
5271	0.0	0.0	0.651
5272	0.0	0.0	0.608
5273	0.0	0.0	0.631
5274	0.0	0.0	0.783
5275	0.0	0.0	0.874
5276	0.0	0.0	1.081
5277	0.0	0.0	1.111
5278	0.0	0.0	1.036
5279	0.0	0.0	0.623
5280	0.0	0.0	0.391
5281	0.0	0.0	0.270
5282	0.0	0.0	0.146
5283	0.0	0.0	0.057
5284	0.0	0.0	0.041
5285	0.0	0.0	0.124
5286	0.0	0.0	0.312
5287	0.0	0.0	0.842
5288	0.0	0.0	0.901
5289	0.0	0.0	0.905
5290	0.0	0.0	0.949
5291	0.0	0.0	0.905
5292	0.0	0.0	0.878
5293	0.0	0.0	0.813
5294	0.0	0.0	0.714
5295	0.0	0.0	0.651
5296	0.0	0.0	0.608
5297	0.0	0.0	0.631
5298	0.0	0.0	0.783
5299	0.0	0.0	0.874
5300	0.0	0.0	1.081
5301	0.0	0.0	1.111
5302	0.0	0.0	1.036
5303	0.0	0.0	0.623
5304	0.0	0.0	0.391
5305	0.0	0.0	0.270
5306	0.0	0.0	0.146
5307	0.0	0.0	0.057
5308	0.0	0.0	0.041
5309	0.0	0.0	0.124
5310	0.0	0.0	0.312
5311	0.0	0.0	0.842
5312	0.0	0.0	0.901
5313	0.0	0.0	0.905
5314	0.0	0.0	0.949
5315	0.0	0.0	0.905
5316	0.0	0.0	0.878
5317	0.0	0.0	0.813
5318	0.0	0.0	0.714
5319	0.0	0.0	0.651
5320	0.0	0.0	0.608
5321	0.0	0.0	0.631
5322	0.0	0.0	0.783
5323	0.0	0.0	0.874
5324	0.0	0.0	1.081
5325	0.0	0.0	1.111
5326	0.0	0.0	1.036
5327	0.0	0.0	0.623
5328	0.0	0.0	0.391
5329	0.0	0.0	0.270
5330	0.0	0.0	0.146
5331	0.0	0.0	0.057
5332	0.0	0.0	0.041
5333	0.0	0.0	0.124
5334	0.0	0.0	0.312
5335	0.0	0.0	0.842
5336	0.0	0.0	0.901
5337	0.0	0.0	0.905
5338	0.0	0.0	0.949
5339	0.0	0.0	0.905
5340	0.0	0.0	0.878
5341	0.0	0.0	0.813
5342	0.0	0.0	0.714
5343	0.0	0.0	0.651
5344	0.0	0.0	0.608
5345	0.0	0.0	0.631
5346	0.0	0.0	0.783
5347	0.0	0.0	0.874
5348	0.0	0.0	1.081
5349	0.0	0.0	1.111
5350	0.0	0.0	1.036
5351	0.0	0.0	0.623
5352	0.0	0.0	0.391
5353	0.0	0.0	0.270
5354	0.0	0.0	0.146
5355	0.0	0.0	0.057
5356	0.0	0.0	0.041
5357	0.0	0.0	0.124
5358	0.0	0.0	0.312
5359	0.0	0.0	0.842
5360	0.0	0.0	0.901
5361	0.0	0.0	0.905
5362	0.0	0.0	0.949
5363	0.0	0.0	0.905
5364	0.0	0.0	0.878
5365	0.0	0.0	0.813
5366	0.0	0.0	0.714
5367	0.0	0.0	0.651
5368	0.0	0.0	0.608
5369	0.0	0.0	0.631
5370	0.0	0.0	0.783
5371	0.0	0.0	0.874
5372	0.0	0.0	1.081
5373	0.0	0.0	1.111
5374	0.0	0.0	1.036
5375	0.0	0.0	0.623
5376	0.0	0.0	0.391
5377	0.0	0.0	0.270
5378	0.0	0.0	0.146
5379	0.0	0.0	0.057
5380	0.0	0.0	0.041
5381	0.0	0.0	0.124
5382	0.0	0.0	0.312
5383	0.0	0.0	0.842
5384	0.0	0.0	0.901
5385	0.0	0.0	0.905
5386	0.0	0.0	0.949
5387	0.0	0.0	0.905
5388	0.0	0.0	0.878
5389	0.0	0.0	0.813
5390	0.0	0.0	0.714
5391	0.0	0.0	0.651
5392	0.0	0.0	0.608
5393	0.0	0.0	0.631
5394	0.0	0.0	0.783
5395	0.0	0.0	0.874
5396	0.0	0.0	1.081
5397	0.0	0.0	1.111
5398	0.0	0.0	1.036
5399	0.0	0.0	0.623
5400	0.0	0.0	0.391
5401	0.0	0.0	0.270
5402	0.0	0.0	0.146
5403	0.0	0.0	0.057
5404	0.0	0.0	0.041
5405	0.0	0.0	0.124
5406	0.0	0.0	0.312
5407	0.0	0.0	0.842
5408	0.0	0.0	0.901
5409	0.0	0.0	0.905
5410	0.0	0.0	0.949
5411	0.0	0.0	0.905
5412	0.0	0.0	0.878
5413	0.0	0.0	0.813
5414	0.0	0.0	0.714
5415	0.0	0.0	0.651
5416	0.0	0.0	0.608
5417	0.0	0.0	0.631
5418	0.0	0.0	0.783
5419	0.0	0.0	0.874
5420	0.0	0.0	1.081
5421	0.0	0.0	1.111
5422	0.0	0.0	1.036
5423	0.0	0.0	0.623
5424	0.0	0.0	0.391
5425	0.0	0.0	0.270
5426	0.0	0.0	0.146
5427	0.0	0.0	0.057
5428	0.0	0.0	0.041
5429	0.0	0.0	0.124
5430	0.0	0.0	0.312
5431	0.0	0.0	0.842
5432	0.0	0.0	0.901
5433	0.0	0.0	0.905
5434	0.0	0.0	0.949
5435	0.0	0.0	0.905
5436	0.0	0.0	0.878
5437	0.0	0.0	0.813
5438	0.0	0.0	0.714
5439	0.0	0.0	0.651
5440	0.0	0.0	0.608
5441	0.0	0.0	0.631
5442	0.0	0.0	0.783
5443	0.0	0.0	0.874
5444	0.0	0.0	1.081
5445	0.0	0.0	1.111
5446	0.0	0.0	1.036
5447	0.0	0.0	0.623
5448	0.0	0.0	0.391
5449	0.0	0.0	0.270
5450	0.0	0.0	0.146
5451	0.0	0.0	0.057
5452	0.0	0.0	0.041
5453	0.0	0.0	0.124
5454	0.0	0.0	0.312
5455	0.0	0.0	0.842
5456	0.0	0.0	0.901
5457	0.0	0.0	0.905
5458	0.0	0.0	0.949
5459	0.0	0.0	0.905
5460	0.0	0.0	0.878
5461	0.0	0.0	0.813
5462	0.0	0.0	0.714
5463	0.0	0.0	0.651
5464	0.0	0.0	0.608
5465	0.0	0.0	0.631
5466	0.0	0.0	0.783
5467	0.0	0.0	0.874
5468	0.0	0.0	1.081
5469	0.0	0.0	1.111
5470	0.0	0.0	1.036
5471	0.0	0.0	0.623
5472	0.0	0.0	0.391
5473	0.0	0.0	0.270
5474	0.0	0.0	0.146
5475	0.0	0.0	0.057
5476	0.0	0.0	0.041
5477	0.0	0.0	0.124
5478	0.0	0.0	0.312
5479	0.0	0.0	0.842
5480	0.0	0.0	0.901
5481	0.0	0.0	0.905
5482	0.0	0.0	0.949
5483	0.0	0.0	0.905
5484	0.0	0.0	0.878
5485	0.0	0.0	0.813
5486	0.0	0.0	0.714
5487	0.0	0.0	0.651
5488	0.0	0.0	0.608
5489	0.0	0.0	0.631
5490	0.0	0.0	0.783
5491	0.0	0.0	0.874
5492	0.0	0.0	1.081
5493	0.0	0.0	1.111
5494	0.0	0.0	1.036
5495	0.0	0.0	0.623
5496	0.0	0.0	0.391
5497	0.0	0.0	0.270
5498	0.0	0.0	0.146
5499	0.0	0.0	0.057
5500	0.0	0.0	0.041
5501	0.0	0.0	0.124
5502	0.0	0.0	0.312
5503	0.0	0.0	0.842
5504	0.0	0.0	0.901
5505	0.0	0.0	0.905
5506	0.0	0.0	0.949
5507	0.0	0.0	0.905
5508	0.0	0.0	0.878
5509	0.0	0.0	0.813
5510	0.0	0.0	0.714
5511	0.0	0.0	0.651
5512	0.0	0.0	0.608
5513	0.0	0.0	0.631
5514	0.0	0.0	0.783
5515	0.0	0.0	0.874
5516	0.0	0.0	1.081
5517	0.0	0.0	1.111
5518	0.0	0.0	1.036
5519	0.0	0.0	0.623
5520	0.0	0.0	0.391
5521	0.0	0.0	0.270
5522	0.0	0.0	0.146
5523	0.0	0.0	0.057
5524	0.0	0.0	0.041
5525	0.0	0.0	0.124
5526	0.0	0.0	0.312
5527	0.0	0.0	0.842
5528	0.0	0.0	0.901
5529	0.0	0.0	0.905
5530	0.0	0.0	0.949
5531	0.0	0.0	0.905
5532	0.0	0.0	0.878
5533	0.0	0.0	0.813
5534	0.0	0.0	0.714
5535	0.0	0.0	0.651
5536	0.0	0.0	0.608
5537	0.0	0.0	0.631
5538	0.0	0.0	0.783
5539	0.0	0.0	0.874
5540	0.0	0.0	1.081
5541	0.0	0.0	1.111
5542	0.0	0.0	1.036
5543	0.0	0.0	0.623
5544	0.0	0.0	0.391
5545	0.0	0.0	0.270
5546	0.0	0.0	0.146
5547	0.0	0.0	0.057
5548	0.0	0.0	0.041
5549	0.0	0.0	0.124
5550	0.0	0.0	0.312
5551	0.0	0.0	0.842
5552	0.0	0.0	0.901
5553	0.0	0.0	0.905
5554	0.0	0.0	0.949
5555	0.0	0.0	0.905
5556	0.0	0.0	0.878
5557	0.0	0.0	0.813
5558	0.0	0.0	0.714
5559	0.0	0.0	0.651
5560	0.0	0.0	0.608
5561	0.0	0.0	0.631
5562	0.0	0.0	0.783
5563	0.0	0.0	0.874
5564	0.0	0.0	1.081
5565	0.0	0.0	1.111
5566	0.0	0.0	1.036
5567	0.0	0.0	0.623
5568	0.0	0.0	0.391
5569	0.0	0.0	0.270
5570	0.0	0.0	0.146
5571	0.0	0.0	0.057
5572	0.0	0.0	0.041
5573	0.0	0.0	0.124
5574	0.0	0.0	0.312
5575	0.0	0.0	0.842
5576	0.0	0.0	0.901
5577	0.0	0.0	0.905
5578	0.0	0.0	0.949
5579	0.0	0.0	0.905
5580	0.0	0.0	0.878
5581	0.0	0.0	0.813
5582	0.0	0.0	0.714
5583	0.0	0.0	0.651
5584	0.0	0.0	0.608
5585	0.0	0.0	0.631
5586	0.0	0.0	0.783
5587	0.0	0.0	0.874
5588	0.0	0.0	1.081
5589	0.0	0.0	1.111
5590	0.0	0.0	1.036
5591	0.0	0.0	0.623
5592	0.0	0.0	0.391
5593	0.0	0.0	0.270
5594	0.0	0.0	0.146
5595	0.0	0.0	0.057
5596	0.0	0.0	0.041
5597	0.0	0.0	0.124
5598	0.0	0.0	0.312
5599	0.0	0.0	0.842
5600	0.0	0.0	0.901
5601	0.0	0.0	0.905
5602	0.0	0.0	0.949
5603	0.0	0.0	0.905
5604	0.0	0.0	0.878
5605	0.0	0.0	0.813
5606	0.0	0.0	0.714
5607	0.0	0.0	0.651
5608	0.0	0.0	0.608
5609	0.0	0.0	0.631
5610	0.0	0.0	0.783
5611	0.0	0.0	0.874
5612	0.0	0.0	1.081
5613	0.0	0.0	1.111
5614	0.0	0.0	1.036
5615	0.0	0.0	0.623
5616	0.0	0.0	0.391
5617	0.0	0.0	0.270
5618	0.0	0.0	0.146
5619	0.0	0.0	0.057
5620	0.0	0.0	0.041
5621	0.0	0.0	0.124
5622	0.0	0.0	0.312
5623	0.0	0.0	0.842
5624	0.0	0.0	0.901
5625	0.0	0.0	0.905
5626	0.0	0.0	0.949
5627	0.0	0.0	0.905
5628	0.0	0.0	0.878
5629	0.0	0.0	0.813
5630	0.0	0.0	0.714
5631	0.0	0.0	0.651
5632	0.0	0.0	0.608
5633	0.0	0.0	0.631
5634	0.0	0.0	0.783
5635	0.0	0.0	0.874
5636	0.0	0.0	1.081
5637	0.0	0.0	1.111
5638	0.0	0.0	1.036
5639	0.0	0.0	0.623
5640	0.0	0.0	0.391
5641	0.0	0.0	0.270
5642	0.0	0.0	0.146
5643	0.0	0.0	0.057
5644	0.0	0.0	0.041
5645	0.0	0.0	0.124
5646	0.0	0.0	0.312
5647	0.0	0.0	0.842
5648	0.0	0.0	0.901
5649	0.0	0.0	0.905
5650	0.0	0.0	0.949
5651	0.0	0.0	0.905
5652	0.0	0.0	0.878
5653	0.0	0.0	0.813
5654	0.0	0.0	0.714
5655	0.0	0.0	0.651
5656	0.0	0.0	0.608
5657	0.0	0.0	0.631
5658	0.0	0.0	0.783
5659	0.0	0.0	0.874
5660	0.0	0.0	1.081
5661	0.0	0.0	1.111
5662	0.0	0.0	1.036
5663	0.0	0.0	0.623
5664	0.0	0.0	0.391
5665	0.0	0.0	0.270
5666	0.0	0.0	0.146
5667	0.0	0.0	0.057
5668	0.0	0.0	0.041
5669	0.0	0.0	0.124
5670	0.0	0.0	0.312
5671	0.0	0.0	0.842
5672	0.0	0.0	0.901
5673	0.0	0.0	0.905
5674	0.0	0.0	0.949
5675	0.0	0.0	0.905
5676	0.0	0.0	0.878
5677	0.0	0.0	0.813
5678	0.0	0.0	0.714
5679	0.0	0.0	0.651
5680	0.0	0.0	0.608
5681	0.0	0.0	0.631
5682	0.0	0.0	0.783
5683	0.0	0.0	0.874
5684	0.0	0.0	1.081
5685	0.0	0.0	1.111
5686	0.0	0.0	1.036
5687	0.0	0.0	0.623
5688	0.0	0.0	0.391
5689	0.0	0.0	0.270
5690	0.0	0.0	0.146
5691	0.0	0.0	0.057
5692	0.0	0.0	0.041
5693	0.0	0.0	0.124
5694	0.0	0.0	0.312
5695	0.0	0.0	0.842
5696	0.0	0.0	0.901
5697	0.0	0.0	0.905
5698	0.0	0.0	0.949
5699	0.0	0.0	0.905
5700	0.0	0.0	0.878
5701	0.0	0.0	0.813
5702	0.0	0.0	0.714
5703	0.0	0.0	0.651
5704	0.0	0.0	0.608
5705	0.0	0.0	0.631
5706	0.0	0.0	0.783
5707	0.0	0.0	0.874
5708	0.0	0.0	1.081
5709	0.0	0.0	1.111
5710	0.0	0.0	1.036
5711	0.0	0.0	0.623
5712	0.0	0.0	0.391
5713	0.0	0.0	0.270
5714	0.0	0.0	0.146
5715	0.0	0.0	0.057
5716	0.0	0.0	0.041
5717	0.0	0.0	0.124
5718	0.0	0.0	0.312
5719	0.0	0.0	0.842
5720	0.0	0.0	0.901
5721	0.0	0.0	0.905
5722	0.0	0.0	0.949
5723	0.0	0.0	0.905
5724	0.0	0.0	0.878
5725	0.0	0.0	0.813
5726	0.0	0.0	0.714
5727	0.0	0.0	0.651
5728	0.0	0.0	0.608
5729	0.0	0.0	0.631
5730	0.0	0.0	0.783
5731	0.0	0.0	0.874
5732	0.0	0.0	1.081
5733	0.0	0.0	1.111
5734	0.0	0.0	1.036
5735	0.0	0.0	0.623
5736	0.0	0.0	0.391
5737	0.0	0.0	0.270
5738	0.0	0.0	0.146
5739	0.0	0.0	0.057
5740	0.0	0.0	0.041
5741	0.0	0.0	0.124
5742	0.0	0.0	0.312
5743	0.0	0.0	0.842
5744	0.0	0.0	0.901
5745	0.0	0.0	0.905
5746	0.0	0.0	0.949
5747	0.0	0.0	0.905
5748	0.0	0.0	0.878
5749	0.0	0.0	0.813
5750	0.0	0.0	0.714
5751	0.0	0.0	0.651
5752	0.0	0.0	0.608
5753	0.0	0.0	0.631
5754	0.0	0.0	0.783
5755	0.0	0.0	0.874
5756	0.0	0.0	1.081
5757	0.0	0.0	1.111
5758	0.0	0.0	1.036
5759	0.0	0.0	0.623
5760	0.0	0.0	0.391
5761	0.0	0.0	0.270
5762	0.0	0.0	0.146
5763	0.0	0.0	0.057
5764	0.0	0.0	0.041
5765	0.0	0.0	0.124
5766	0.0	0.0	0.312
5767	0.0	0.0	0.842
5768	0.0	0.0	0.901
5769	0.0	0.0	0.905
5770	0.0	0.0	0.949
5771	0.0	0.0	0.905
5772	0.0	0.0	0.878
5773	0.0	0.0	0.813
5774	0.0	0.0	0.714
5775	0.0	0.0	0.651
5776	0.0	0.0	0.608
5777	0.0	0.0	0.631
5778	0.0	0.0	0.783
5779	0.0	0.0	0.874
5780	0.0	0.0	1.081
5781	0.0	0.0	1.111
5782	0.0	0.0	1.036
5783	0.0	0.0	0.623
5784	0.0	0.0	0.391
5785	0.0	0.0	0.270
5786	0.0	0.0	0.146
5787	0.0	0.0	0.057
5788	0.0	0.0	0.041
5789	0.0	0.0	0.124
5790	0.0	0.0	0.312
5791	0.0	0.0	0.842
5792	0.0	0.0	0.901
5793	0.0	0.0	0.905
5794	0.0	0.0	0.949
5795	0.0	0.0	0.905
5796	0.0	0.0	0.878
5797	0.0	0.0	0.813
5798	0.0	0.0	0.714
5799	0.0	0.0	0.651
5800	0.0	0.0	0.608
5801	0.0	0.0	0.631
5802	0.0	0.0	0.783
5803	0.0	0.0	0.874
5804	0.0	0.0	1.081
5805	0.0	0.0	1.111
5806	0.0	0.0	1.036
5807	0.0	0.0	0.623
5808	0.0	0.0	0.391
5809	0.0	0.0	0.270
5810	0.0	0.0	0.146
5811	0.0	0.0	0.057
5812	0.0	0.0	0.041
5813	0.0	0.0	0.124
5814	0.0	0.0	0.312
5815	0.0	0.0	0.842
5816	0.0	0.0	0.901
5817	0.0	0.0	0.905
5818	0.0	0.0	0.949
5819	0.0	0.0	0.905
5820	0.0	0.0	0.878
5821	0.0	0.0	0.813
5822	0.0	0.0	0.714
5823	0.0	0.0	0.651
5824	0.0	0.0	0.608
5825	0.0	0.0	0.631
5826	0.0	0.0	0.783
5827	0.0	0.0	0.874
5828	0.0	0.0	1.081
5829	0.0	0.0	1.111
5830	0.0	0.0	1.036
5831	0.0	0.0	0.623
5832	0.0	0.0	0.391
5833	0.0	0.0	0.270
5834	0.0	0.0	0.146
5835	0.0	0.0	0.057
5836	0.0	0.0	0.041
5837	0.0	0.0	0.124
5838	0.0	0.0	0.312
5839	0.0	0.0	0.842
5840	0.0	0.0	0.901
5841	0.0	0.0	0.905
5842	0.0	0.0	0.949
5843	0.0	0.0	0.905
5844	0.0	0.0	0.878
5845	0.0	0.0	0.813
5846	0.0	0.0	0.714
5847	0.0	0.0	0.651
5848	0.0	0.0	0.608
5849	0.0	0.0	0.631
5850	0.0	0.0	0.783
5851	0.0	0.0	0.874
5852	0.0	0.0	1.081
5853	0.0	0.0	1.111
5854	0.0	0.0	1.036
5855	0.0	0.0	0.623
5856	0.0	0.0	0.391
5857	0.0	0.0	0.270
5858	0.0	0.0	0.146
5859	0.0	0.0	0.057
5860	0.0	0.0	0.041
5861	0.0	0.0	0.124
5862	0.0	0.0	0.312
5863	0.0	0.0	0.842
5864	0.0	0.0	0.901
5865	0.0	0.0	0.905
5866	0.0	0.0	0.949
5867	0.0	0.0	0.905
5868	0.0	0.0	0.878
5869	0.0	0.0	0.813
5870	0.0	0.0	0.714
5871	0.0	0.0	0.651
5872	0.0	0.0	0.608
5873	0.0	0.0	0.631
5874	0.0	0.0	0.783
5875	0.0	0.0	0.874
5876	0.0	0.0	1.081
5877	0.0	0.0	1.111
5878	0.0	0.0	1.036
5879	0.0	0.0	0.623
5880	0.0	0.0	0.391
5881	0.0	0.0	0.270
5882	0.0	0.0	0.146
5883	0.0	0.0	0.057
5884	0.0	0.0	0.041
5885	0.0	0.0	0.124
5886	0.0	0.0	0.312
5887	0.0	0.0	0.842
5888	0.0	0.0	0.901
5889	0.0	0.0	0.905
5890	0.0	0.0	0.949
5891	0.0	0.0	0.905
5892	0.0	0.0	0.878
5893	0.0	0.0	0.813
5894	0.0	0.0	0.714
5895	0.0	0.0	0.651
5896	0.0	0.0	0.608
5897	0.0	0.0	0.631
5898	0.0	0.0	0.783
5899	0.0	0.0	0.874
5900	0.0	0.0	1.081
5901	0.0	0.0	1.111
5902	0.0	0.0	1.036
5903	0.0	0.0	0.623
5904	0.0	0.0	0.391
5905	0.0	0.0	0.270
5906	0.0	0.0	0.146
5907	0.0	0.0	0.057
5908	0.0	0.0	0.041
5909	0.0	0.0	0.124
5910	0.0	0.0	0.312
5911	0.0	0.0	0.842
5912	0.0	0.0	0.901
5913	0.0	0.0	0.905
5914	0.0	0.0	0.949
5915	0.0	0.0	0.905
5916	0.0	0.0	0.878
5917	0.0	0.0	0.813
5918	0.0	0.0	0.714
5919	0.0	0.0	0.651
5920	0.0	0.0	0.608
5921	0.0	0.0	0.631
5922	0.0	0.0	0.783
5923	0.0	0.0	0.874
5924	0.0	0.0	1.081
5925	0.0	0.0	1.111
5926	0.0	0.0	1.036
5927	0.0	0.0	0.623
5928	0.0	0.0	0.391
5929	0.0	0.0	0.270
5930	0.0	0.0	0.146
5931	0.0	0.0	0.057
5932	0.0	0.0	0.041
5933	0.0	0.0	0.124
5934	0.0	0.0	0.312
5935	0.0	0.0	0.842
5936	0.0	0.0	0.901
5937	0.0	0.0	0.905
5938	0.0	0.0	0.949
5939	0.0	0.0	0.905
5940	0.0	0.0	0.878
5941	0.0	0.0	0.813
5942	0.0	0.0	0.714
5943	0.0	0.0	0.651
5944	0.0	0.0	0.608
5945	0.0	0.0	0.631
5946	0.0	0.0	0.783
5947	0.0	0.0	0.874
5948	0.0	0.0	1.081
5949	0.0	0.0	1.111
5950	0.0	0.0	1.036
5951	0.0	0.0	0.623
5952	0.0	0.0	0.391
5953	0.0	0.0	0.270
5954	0.0	0.0	0.146
5955	0.0	0.0	0.057
5956	0.0	0.0	0.041
5957	0.0	0.0	0.124
5958	0.0	0.0	0.312
5959	0.0	0.0	0.842
5960	0.0	0.0	0.901
5961	0.0	0.0	0.905
5962	0.0	0.0	0.949
5963	0.0	0.0	0.905
5964	0.0	0.0	0.878
5965	0.0	0.0	0.813
5966	0.0	0.0	0.714
5967	0.0	0.0	0.651
5968	0.0	0.0	0.608
5969	0.0	0.0	0.631
5970	0.0	0.0	0.783
5971	0.0	0.0	0.874
5972	0.0	0.0	1.081
5973	0.0	0.0	1.111
5974	0.0	0.0	1.036
5975	0.0	0.0	0.623
5976	0.0	0.0	0.391
5977	0.0	0.0	0.270
5978	0.0	0.0	0.146
5979	0.0	0.0	0.057
5980	0.0	0.0	0.041
5981	0.0	0.0	0.124
5982	0.0	0.0	0.312
5983	0.0	0.0	0.842
5984	0.0	0.0	0.901
5985	0.0	0.0	0.905
5986	0.0	0.0	0.949
5987	0.0	0.0	0.905
5988	0.0	0.0	0.878
5989	0.0	0.0	0.813
5990	0.0	0.0	0.714
5991	0.0	0.0	0.651
5992	0.0	0.0	0.608
5993	0.0	0.0	0.631
5994	0.0	0.0	0.783
5995	0.0	0.0	0.874
5996	0.0	0.0	1.081
5997	0.0	0.0	1.111
5998	0.0	0.0	1.036
5999	0.0	0.0	0.623
6000	0.0	0.0	0.391
6001	0.0	0.0	0.270
6002	0.0	0.0	0.146
6003	0.0	0.0	0.057
6004	0.0	0.0	0.041
6005	0.0	0.0	0.124
6006	0.0	0.0	0.312
6007	0.0	0.0	0.842
6008	0.0	0.0	0.901
6009	0.0	0.0	0.905
6010	0.0	0.0	0.949
6011	0.0	0.0	0.905
6012	0.0	0.0	0.878
6013	0.0	0.0	0.813
6014	0.0	0.0	0.714
6015	0.0	0.0	0.651
6016	0.0	0.0	0.608
6017	0.0	0.0	0.631
6018	0.0	0.0	0.783
6019	0.0	0.0	0.874
6020	0.0	0.0	1.081
6021	0.0	0.0	1.111
6022	0.0	0.0	1.036
6023	0.0	0.0	0.623
6024	0.0	0.0	0.391
6025	0.0	0.0	0.270
6026	0.0	0.0	0.146
6027	0.0	0.0	0.057
6028	0.0	0.0	0.041
6029	0.0	0.0	0.124
6030	0.0	0.0	0.312
6031	0.0	0.0	0.842
6032	0.0	0.0	0.901
6033	0.0	0.0	0.905
6034	0.0	0.0	0.949
6035	0.0	0.0	0.905
6036	0.0	0.0	0.878
6037	0.0	0.0	0.813
6038	0.0	0.0	0.714
6039	0.0	0.0	0.651
6040	0.0	0.0	0.608
6041	0.0	0.0	0.631
6042	0.0	0.0	0.783
6043	0.0	0.0	0.874
6044	0.0	0.0	1.081
6045	0.0	0.0	1.111
6046	0.0	0.0	1.036
6047	0.0	0.0	0.623
6048	0.0	0.0	0.391
6049	0.0	0.0	0.270
6050	0.0	0.0	0.146
6051	0.0	0.0	0.057
6052	0.0	0.0	0.041
6053	0.0	0.0	0.124
6054	0.0	0.0	0.312
6055	0.0	0.0	0.842
6056	0.0	0.0	0.901
6057	0.0	0.0	0.905
6058	0.0	0.0	0.949
6059	0.0	0.0	0.905
6060	0.0	0.0	0.878
6061	0.0	0.0	0.813
6062	0.0	0.0	0.714
6063	0.0	0.0	0.651
6064	0.0	0.0	0.608
6065	0.0	0.0	0.631
6066	0.0	0.0	0.783
6067	0.0	0.0	0.874
6068	0.0	0.0	1.081
6069	0.0	0.0	1.111
6070	0.0	0.0	1.036
6071	0.0	0.0	0.623
6072	0.0	0.0	0.391
6073	0.0	0.0	0.270
6074	0.0	0.0	0.146
6075	0.0	0.0	0.057
6076	0.0	0.0	0.041
6077	0.0	0.0	0.124
6078	0.0	0.0	0.312
6079	0.0	0.0	0.842
6080	0.0	0.0	0.901
6081	0.0	0.0	0.905
6082	0.0	0.0	0.949
6083	0.0	0.0	0.905
6084	0.0	0.0	0.878
6085	0.0	0.0	0.813
6086	0.0	0.0	0.714
6087	0.0	0.0	0.651
6088	0.0	0.0	0.608
6089	0.0	0.0	0.631
6090	0.0	0.0	0.783
6091	0.0	0.0	0.874
6092	0.0	0.0	1.081
6093	0.0	0.0	1.111
6094	0.0	0.0	1.036
6095	0.0	0.0	0.623
6096	0.0	0.0	0.391
6097	0.0	0.0	0.270
6098	0.0	0.0	0.146
6099	0.0	0.0	0.057
6100	0.0	0.0	0.041
6101	0.0	0.0	0.124
6102	0.0	0.0	0.312
6103	0.0	0.0	0.842
6104	0.0	0.0	0.901
6105	0.0	0.0	0.905
6106	0.0	0.0	0.949
6107	0.0	0.0	0.905
6108	0.0	0.0	0.878
6109	0.0	0.0	0.813
6110	0.0	0.0	0.714
6111	0.0	0.0	0.651
6112	0.0	0.0	0.608
6113	0.0	0.0	0.631
6114	0.0	0.0	0.783
6115	0.0	0.0	0.874
6116	0.0	0.0	1.081
6117	0.0	0.0	1.111
6118	0.0	0.0	1.036
6119	0.0	0.0	0.623
6120	0.0	0.0	0.391
6121	0.0	0.0	0.270
6122	0.0	0.0	0.146
6123	0.0	0.0	0.057
6124	0.0	0.0	0.041
6125	0.0	0.0	0.124
6126	0.0	0.0	0.312
6127	0.0	0.0	0.842
6128	0.0	0.0	0.901
6129	0.0	0.0	0.905
6130	0.0	0.0	0.949
6131	0.0	0.0	0.905
6132	0.0	0.0	0.878
6133	0.0	0.0	0.813
6134	0.0	0.0	0.714
6135	0.0	0.0	0.651
6136	0.0	0.0	0.608
6137	0.0	0.0	0.631
6138	0.0	0.0	0.783
6139	0.0	0.0	0.874
6140	0.0	0.0	1.081
6141	0.0	0.0	1.111
6142	0.0	0.0	1.036
6143	0.0	0.0	0.623
6144	0.0	0.0	0.391
6145	0.0	0.0	0.270
6146	0.0	0.0	0.146
6147	0.0	0.0	0.057
6148	0.0	0.0	0.041
6149	0.0	0.0	0.124
6150	0.0	0.0	0.312
6151	0.0	0.0	0.842
6152	0.0	0.0	0.901
6153	0.0	0.0	0.905
6154	0.0	0.0	0.949
6155	0.0	0.0	0.905
6156	0.0	0.0	0.878
6157	0.0	0.0	0.813
6158	0.0	0.0	0.714
6159	0.0	0.0	0.651
6160	0.0	0.0	0.608
6161	0.0	0.0	0.631
6162	0.0	0.0	0.783
6163	0.0	0.0	0.874
6164	0.0	0.0	1.081
6165	0.0	0.0	1.111
6166	0.0	0.0	1.036
6167	0.0	0.0	0.623
6168	0.0	0.0	0.391
6169	0.0	0.0	0.270
6170	0.0	0.0	0.146
6171	0.0	0.0	0.057
6172	0.0	0.0	0.041
6173	0.0	0.0	0.124
6174	0.0	0.0	0.312
6175	0.0	0.0	0.842
6176	0.0	0.0	0.901
6177	0.0	0.0	0.905
6178	0.0	0.0	0.949
6179	0.0	0.0	0.905
6180	0.0	0.0	0.878
6181	0.0	0.0	0.813
6182	0.0	0.0	0.714
6183	0.0	0.0	0.651
6184	0.0	0.0	0.608
6185	0.0	0.0	0.631
6186	0.0	0.0	0.783
6187	0.0	0.0	0.874
6188	0.0	0.0	1.081
6189	0.0	0.0	1.111
6190	0.0	0.0	1.036
6191	0.0	0.0	0.623
6192	0.0	0.0	0.391
6193	0.0	0.0	0.270
6194	0.0	0.0	0.146
6195	0.0	0.0	0.057
6196	0.0	0.0	0.041
6197	0.0	0.0	0.124
6198	0.0	0.0	0.312
6199	0.0	0.0	0.842
6200	0.0	0.0	0.901
6201	0.0	0.0	0.905
6202	0.0	0.0	0.949
6203	0.0	0.0	0.905
6204	0.0	0.0	0.878
6205	0.0	0.0	0.813
6206	0.0	0.0	0.714
6207	0.0	0.0	0.651
6208	0.0	0.0	0.608
6209	0.0	0.0	0.631
6210	0.0	0.0	0.783
6211	0.0	0.0	0.874
6212	0.0	0.0	1.081
6213	0.0	0.0	1.111
6214	0.0	0.0	1.036
6215	0.0	0.0	0.623
6216	0.0	0.0	0.391
6217	0.0	0.0	0.270
6218	0.0	0.0	0.146
6219	0.0	0.0	0.057
6220	0.0	0.0	0.041
6221	0.0	0.0	0.124
6222	0.0	0.0	0.312
6223	0.0	0.0	0.842
6224	0.0	0.0	0.901
6225	0.0	0.0	0.905
6226	0.0	0.0	0.949
6227	0.0	0.0	0.905
6228	0.0	0.0	0.878
6229	0.0	0.0	0.813
6230	0.0	0.0	0.714
6231	0.0	0.0	0.651
6232	0.0	0.0	0.608
6233	0.0	0.0	0.631
6234	0.0	0.0	0.783
6235	0.0	0.0	0.874
6236	0.0	0.0	1.081
6237	0.0	0.0	1.111
6238	0.0	0.0	1.036
6239	0.0	0.0	0.623
6240	0.0	0.0	0.391
6241	0.0	0.0	0.270
6242	0.0	0.0	0.146
6243	0.0	0.0	0.057
6244	0.0	0.0	0.041
6245	0.0	0.0	0.124
6246	0.0	0.0	0.312
6247	0.0	0.0	0.842
6248	0.0	0.0	0.901
6249	0.0	0.0	0.905
6250	0.0	0.0	0.949
6251	0.0	0.0	0.905
6252	0.0	0.0	0.878
6253	0.0	0.0	0.813
6254	0.0	0.0	0.714
6255	0.0	0.0	0.651
6256	0.0	0.0	0.608
6257	0.0	0.0	0.631
6258	0.0	0.0	0.783
6259	0.0	0.0	0.874
6260	0.0	0.0	1.081
6261	0.0	0.0	1.111
6262	0.0	0.0	1.036
6263	0.0	0.0	0.623
6264	0.0	0.0	0.391
6265	0.0	0.0	0.270
6266	0.0	0.0	0.146
6267	0.0	0.0	0.057
6268	0.0	0.0	0.041
6269	0.0	0.0	0.124
6270	0.0	0.0	0.312
6271	0.0	0.0	0.842
6272	0.0	0.0	0.901
6273	0.0	0.0	0.905
6274	0.0	0.0	0.949
6275	0.0	0.0	0.905
6276	0.0	0.0	0.878
6277	0.0	0.0	0.813
6278	0.0	0.0	0.714
6279	0.0	0.0	0.651
6280	0.0	0.0	0.608
6281	0.0	0.0	0.631
6282	0.0	0.0	0.783
6283	0.0	0.0	0.874
6284	0.0	0.0	1.081
6285	0.0	0.0	1.111
6286	0.0	0.0	1.036
6287	0.0	0.0	0.623
6288	0.0	0.0	0.391
6289	0.0	0.0	0.270
6290	0.0	0.0	0.146
6291	0.0	0.0	0.057
6292	0.0	0.0	0.041
6293	0.0	0.0	0.124
6294	0.0	0.0	0.312
6295	0.0	0.0	0.842
6296	0.0	0.0	0.901
6297	0.0	0.0	0.905
6298	0.0	0.0	0.949
6299	0.0	0.0	0.905
6300	0.0	0.0	0.878
6301	0.0	0.0	0.813
6302	0.0	0.0	0.714
6303	0.0	0.0	0.651
6304	0.0	0.0	0.608
6305	0.0	0.0	0.631
6306	0.0	0.0	0.783
6307	0.0	0.0	0.874
6308	0.0	0.0	1.081
6309	0.0	0.0	1.111
6310	0.0	0.0	1.036
6311	0.0	0.0	0.623
6312	0.0	0.0	0.391
6313	0.0	0.0	0.270
6314	0.0	0.0	0.146
6315	0.0	0.0	0.057
6316	0.0	0.0	0.041
6317	0.0	0.0	0.124
6318	0.0	0.0	0.312
6319	0.0	0.0	0.842
6320	0.0	0.0	0.901
6321	0.0	0.0	0.905
6322	0.0	0.0	0.949
6323	0.0	0.0	0.905
6324	0.0	0.0	0.878
6325	0.0	0.0	0.813
6326	0.0	0.0	0.714
6327	0.0	0.0	0.651
6328	0.0	0.0	0.608
6329	0.0	0.0	0.631
6330	0.0	0.0	0.783
6331	0.0	0.0	0.874
6332	0.0	0.0	1.081
6333	0.0	0.0	1.111
6334	0.0	0.0	1.036
6335	0.0	0.0	0.623
6336	0.0	0.0	0.391
6337	0.0	0.0	0.270
6338	0.0	0.0	0.146
6339	0.0	0.0	0.057
6340	0.0	0.0	0.041
6341	0.0	0.0	0.124
6342	0.0	0.0	0.312
6343	0.0	0.0	0.842
6344	0.0	0.0	0.901
6345	0.0	0.0	0.905
6346	0.0	0.0	0.949
6347	0.0	0.0	0.905
6348	0.0	0.0	0.878
6349	0.0	0.0	0.813
6350	0.0	0.0	0.714
6351	0.0	0.0	0.651
6352	0.0	0.0	0.608
6353	0.0	0.0	0.631
6354	0.0	0.0	0.783
6355	0.0	0.0	0.874
6356	0.0	0.0	1.081
6357	0.0	0.0	1.111
6358	0.0	0.0	1.036
6359	0.0	0.0	0.623
6360	0.0	0.0	0.391
6361	0.0	0.0	0.270
6362	0.0	0.0	0.146
6363	0.0	0.0	0.057
6364	0.0	0.0	0.041
6365	0.0	0.0	0.124
6366	0.0	0.0	0.312
6367	0.0	0.0	0.842
6368	0.0	0.0	0.901
6369	0.0	0.0	0.905
6370	0.0	0.0	0.949
6371	0.0	0.0	0.905
6372	0.0	0.0	0.878
6373	0.0	0.0	0.813
6374	0.0	0.0	0.714
6375	0.0	0.0	0.651
6376	0.0	0.0	0.608
6377	0.0	0.0	0.631
6378	0.0	0.0	0.783
6379	0.0	0.0	0.874
6380	0.0	0.0	1.081
6381	0.0	0.0	1.111
6382	0.0	0.0	1.036
6383	0.0	0.0	0.623
6384	0.0	0.0	0.391
6385	0.0	0.0	0.270
6386	0.0	0.0	0.146
6387	0.0	0.0	0.057
6388	0.0	0.0	0.041
6389	0.0	0.0	0.124
6390	0.0	0.0	0.312
6391	0.0	0.0	0.842
6392	0.0	0.0	0.901
6393	0.0	0.0	0.905
6394	0.0	0.0	0.949
6395	0.0	0.0	0.905
6396	0.0	0.0	0.878
6397	0.0	0.0	0.813
6398	0.0	0.0	0.714
6399	0.0	0.0	0.651
6400	0.0	0.0	0.608
6401	0.0	0.0	0.631
6402	0.0	0.0	0.783
6403	0.0	0.0	0.874
6404	0.0	0.0	1.081
6405	0.0	0.0	1.111
6406	0.0	0.0	1.036
6407	0.0	0.0	0.623
6408	0.0	0.0	0.391
6409	0.0	0.0	0.270
6410	0.0	0.0	0.146
6411	0.0	0.0	0.057
6412	0.0	0.0	0.041
6413	0.0	0.0	0.124
6414	0.0	0.0	0.312
6415	0.0	0.0	0.842
6416	0.0	0.0	0.901
6417	0.0	0.0	0.905
6418	0.0	0.0	0.949
6419	0.0	0.0	0.905
6420	0.0	0.0	0.878
6421	0.0	0.0	0.813
6422	0.0	0.0	0.714
6423	0.0	0.0	0.651
6424	0.0	0.0	0.608
6425	0.0	0.0	0.631
6426	0.0	0.0	0.783
6427	0.0	0.0	0.874
6428	0.0	0.0	1.081
6429	0.0	0.0	1.111
6430	0.0	0.0	1.036
6431	0.0	0.0	0.623
6432	0.0	0.0	0.391
6433	0.0	0.0	0.270
6434	0.0	0.0	0.146
6435	0.0	0.0	0.057
6436	0.0	0.0	0.041
6437	0.0	0.0	0.124
6438	0.0	0.0	0.312
6439	0.0	0.0	0.842
6440	0.0	0.0	0.901
6441	0.0	0.0	0.905
6442	0.0	0.0	0.949
6443	0.0	0.0	0.905
6444	0.0	0.0	0.878
6445	0.0	0.0	0.813
6446	0.0	0.0	0.714
6447	0.0	0.0	0.651
6448	0.0	0.0	0.608
6449	0.0	0.0	0.631
6450	0.0	0.0	0.783
6451	0.0	0.0	0.874
6452	0.0	0.0	1.081
6453	0.0	0.0	1.111
6454	0.0	0.0	1.036
6455	0.0	0.0	0.623
6456	0.0	0.0	0.391
6457	0.0	0.0	0.270
6458	0.0	0.0	0.146
6459	0.0	0.0	0.057
6460	0.0	0.0	0.041
6461	0.0	0.0	0.124
6462	0.0	0.0	0.312
6463	0.0	0.0	0.842
6464	0.0	0.0	0.901
6465	0.0	0.0	0.905
6466	0.0	0.0	0.949
6467	0.0	0.0	0.905
6468	0.0	0.0	0.878
6469	0.0	0.0	0.813
6470	0.0	0.0	0.714
6471	0.0	0.0	0.651
6472	0.0	0.0	0.608
6473	0.0	0.0	0.631
6474	0.0	0.0	0.783
6475	0.0	0.0	0.874
6476	0.0	0.0	1.081
6477	0.0	0.0	1.111
6478	0.0	0.0	1.036
6479	0.0	0.0	0.623
6480	0.0	0.0	0.391
6481	0.0	0.0	0.270
6482	0.0	0.0	0.146
6483	0.0	0.0	0.057
6484	0.0	0.0	0.041
6485	0.0	0.0	0.124
6486	0.0	0.0	0.312
6487	0.0	0.0	0.842
6488	0.0	0.0	0.901
6489	0.0	0.0	0.905
6490	0.0	0.0	0.949
6491	0.0	0.0	0.905
6492	0.0	0.0	0.878
6493	0.0	0.0	0.813
6494	0.0	0.0	0.714
6495	0.0	0.0	0.651
6496	0.0	0.0	0.608
6497	0.0	0.0	0.631
6498	0.0	0.0	0.783
6499	0.0	0.0	0.874
6500	0.0	0.0	1.081
6501	0.0	0.0	1.111
6502	0.0	0.0	1.036
6503	0.0	0.0	0.623
6504	0.0	0.0	0.391
6505	0.0	0.0	0.270
6506	0.0	0.0	0.146
6507	0.0	0.0	0.057
6508	0.0	0.0	0.041
6509	0.0	0.0	0.124
6510	0.0	0.0	0.312
6511	0.0	0.0	0.842
6512	0.0	0.0	0.901
6513	0.0	0.0	0.905
6514	0.0	0.0	0.949
6515	0.0	0.0	0.905
6516	0.0	0.0	0.878
6517	0.0	0.0	0.813
6518	0.0	0.0	0.714
6519	0.0	0.0	0.651
6520	0.0	0.0	0.608
6521	0.0	0.0	0.631
6522	0.0	0.0	0.783
6523	0.0	0.0	0.874
6524	0.0	0.0	1.081
6525	0.0	0.0	1.111
6526	0.0	0.0	1.036
6527	0.0	0.0	0.623
6528	0.0	0.0	0.391
6529	0.0	0.0	0.270
6530	0.0	0.0	0.146
6531	0.0	0.0	0.057
6532	0.0	0.0	0.041
6533	0.0	0.0	0.124
6534	0.0	0.0	0.312
6535	0.0	0.0	0.842
6536	0.0	0.0	0.901
6537	0.0	0.0	0.905
6538	0.0	0.0	0.949
6539	0.0	0.0	0.905
6540	0.0	0.0	0.878
6541	0.0	0.0	0.813
6542	0.0	0.0	0.714
6543	0.0	0.0	0.651
6544	0.0	0.0	0.608
6545	0.0	0.0	0.631
6546	0.0	0.0	0.783
6547	0.0	0.0	0.874
6548	0.0	0.0	1.081
6549	0.0	0.0	1.111
6550	0.0	0.0	1.036
6551	0.0	0.0	0.623
6552	0.0	0.0	0.391
6553	0.0	0.0	0.270
6554	0.0	0.0	0.146
6555	0.0	0.0	0.057
6556	0.0	0.0	0.041
6557	0.0	0.0	0.124
6558	0.0	0.0	0.312
6559	0.0	0.0	0.842
6560	0.0	0.0	0.901
6561	0.0	0.0	0.905
6562	0.0	0.0	0.949
6563	0.0	0.0	0.905
6564	0.0	0.0	0.878
6565	0.0	0.0	0.813
6566	0.0	0.0	0.714
6567	0.0	0.0	0.651
6568	0.0	0.0	0.608
6569	0.0	0.0	0.631
6570	0.0	0.0	0.783
6571	0.0	0.0	0.874
6572	0.0	0.0	1.081
6573	0.0	0.0	1.111
6574	0.0	0.0	1.036
6575	0.0	0.0	0.623
6576	0.0	0.0	0.391
6577	0.0	0.0	0.270
6578	0.2	0.0	0.146
6579	0.2	0.0	0.057
6580	0.2	0.0	0.041
6581	0.4	0.0	0.124
6582	0.6	0.0	0.312
6583	0.7	0.0	0.842
6584	2.0	0.0	0.901
6585	2.0	0.0	0.905
6586	1.9	0.0	0.949
6587	1.8	0.0	0.905
6588	1.8	0.0	0.878
6589	1.7	0.0	0.813
6590	1.7	0.0	0.714
6591	1.5	0.0	0.651
6592	1.6	0.0	0.608
6593	1.8	0.0	0.631
6594	2.3	0.0	0.783
6595	2.7	0.0	0.874
6596	2.8	0.0	1.081
6597	3.1	0.0	1.111
6598	3.5	0.0	1.036
6599	3.6	0.0	0.623
6600	3.8	0.0	0.391
6601	2.6	0.0	0.270
6602	2.8	0.0	0.146
6603	2.8	0.0	0.057
6604	2.8	0.0	0.041
6605	2.8	0.0	0.124
6606	3.0	0.0	0.312
6607	3.1	0.0	0.842
6608	4.5	0.0	0.901
6609	4.4	0.0	0.905
6610	4.0	0.0	0.949
6611	3.8	0.0	0.905
6612	3.4	0.0	0.878
6613	3.3	0.0	0.813
6614	3.3	0.0	0.714
6615	3.3	0.0	0.651
6616	3.5	0.0	0.608
6617	3.6	0.0	0.631
6618	3.8	0.0	0.783
6619	4.0	0.0	0.874
6620	4.3	0.0	1.081
6621	4.6	0.0	1.111
6622	4.9	0.0	1.036
6623	4.8	0.0	0.623
6624	4.9	0.0	0.391
6625	3.7	0.0	0.270
6626	3.7	0.0	0.146
6627	3.7	0.0	0.057
6628	3.6	0.0	0.041
6629	3.7	0.0	0.124
6630	3.7	0.0	0.312
6631	3.7	0.0	0.842
6632	4.8	0.0	0.901
6633	4.8	0.0	0.905
6634	4.6	0.0	0.949
6635	4.3	0.0	0.905
6636	3.9	0.0	0.878
6637	3.6	0.0	0.813
6638	3.3	0.0	0.714
6639	3.1	0.0	0.651
6640	3.1	0.0	0.608
6641	3.4	0.0	0.631
6642	3.8	0.0	0.783
6643	4.2	0.0	0.874
6644	4.6	0.0	1.081
6645	4.7	0.0	1.111
6646	4.7	0.0	1.036
6647	4.9	0.0	0.623
6648	4.9	0.0	0.391
6649	3.8	0.0	0.270
6650	3.8	0.0	0.146
6651	3.8	0.0	0.057
6652	3.8	0.0	0.041
6653	3.8	0.0	0.124
6654	3.8	0.0	0.312
6655	3.6	0.0	0.842
6656	4.7	0.0	0.901
6657	4.5	0.0	0.905
6658	3.8	0.0	0.949
6659	3.4	0.0	0.905
6660	3.0	0.0	0.878
6661	2.8	0.0	0.813
6662	2.4	0.0	0.714
6663	2.3	0.0	0.651
6664	2.3	0.0	0.608
6665	2.5	0.0	0.631
6666	3.0	0.0	0.783
6667	3.5	0.0	0.874
6668	3.9	0.0	1.081
6669	4.4	0.0	1.111
6670	4.4	0.0	1.036
6671	4.5	0.0	0.623
6672	4.8	0.0	0.391
6673	3.5	0.0	0.270
6674	3.5	0.0	0.146
6675	3.5	0.0	0.057
6676	3.6	0.0	0.041
6677	3.8	0.0	0.124
6678	3.8	0.0	0.312
6679	3.9	0.0	0.842
6680	4.9	0.0	0.901
6681	4.7	0.0	0.905
6682	4.5	0.0	0.949
6683	4.1	0.0	0.905
6684	3.6	0.0	0.878
6685	3.0	0.0	0.813
6686	2.7	0.0	0.714
6687	2.5	0.0	0.651
6688	2.7	0.0	0.608
6689	2.6	0.0	0.631
6690	2.9	0.0	0.783
6691	3.3	0.0	0.874
6692	3.5	0.0	1.081
6693	3.6	0.0	1.111
6694	3.4	0.0	1.036
6695	3.7	0.0	0.623
6696	3.9	0.0	0.391
6697	2.7	0.0	0.270
6698	2.8	0.0	0.146
6699	2.9	0.0	0.057
6700	3.0	0.0	0.041
6701	3.1	0.0	0.124
6702	3.2	0.0	0.312
6703	3.2	0.0	0.842
6704	4.4	0.0	0.901
6705	4.3	0.0	0.905
6706	3.9	0.0	0.949
6707	3.6	0.0	0.905
6708	3.4	0.0	0.878
6709	3.3	0.0	0.813
6710	3.1	0.0	0.714
6711	3.1	0.0	0.651
6712	3.1	0.0	0.608
6713	3.3	0.0	0.631
6714	3.8	0.0	0.783
6715	4.2	0.0	0.874
6716	4.6	0.0	1.081
6717	4.6	0.0	1.111
6718	4.9	0.0	1.036
6719	5.1	0.0	0.623
6720	5.2	0.0	0.391
6721	4.0	0.0	0.270
6722	4.0	0.0	0.146
6723	4.0	0.0	0.057
6724	4.0	0.0	0.041
6725	4.1	0.0	0.124
6726	4.3	0.0	0.312
6727	4.3	0.0	0.842
6728	5.6	0.0	0.901
6729	5.3	0.0	0.905
6730	4.8	0.0	0.949
6731	4.5	0.0	0.905
6732	4.1	0.0	0.878
6733	3.7	0.0	0.813
6734	3.5	0.0	0.714
6735	3.2	0.0	0.651
6736	3.4	0.0	0.608
6737	3.4	0.0	0.631
6738	3.6	0.0	0.783
6739	3.9	0.0	0.874
6740	4.1	0.0	1.081
6741	4.2	0.0	1.111
6742	4.3	0.0	1.036
6743	4.4	0.0	0.623
6744	4.4	0.0	0.391
6745	3.2	0.0	0.270
6746	3.2	0.0	0.146
6747	3.1	0.0	0.057
6748	3.1	0.0	0.041
6749	3.1	0.0	0.124
6750	3.1	0.0	0.312
6751	3.2	0.0	0.842
6752	4.6	0.0	0.901
6753	4.3	0.0	0.905
6754	4.0	0.0	0.949
6755	3.5	0.0	0.905
6756	3.2	0.0	0.878
6757	2.8	0.0	0.813
6758	2.6	0.0	0.714
6759	2.4	0.0	0.651
6760	2.3	0.0	0.608
6761	2.5	0.0	0.631
6762	2.8	0.0	0.783
6763	3.1	0.0	0.874
6764	3.2	0.0	1.081
6765	3.4	0.0	1.111
6766	3.6	0.0	1.036
6767	3.8	0.0	0.623
6768	4.1	0.0	0.391
6769	2.9	0.0	0.270
6770	3.2	0.0	0.146
6771	3.3	0.0	0.057
6772	3.4	0.0	0.041
6773	3.6	0.0	0.124
6774	3.7	0.0	0.312
6775	3.8	0.0	0.842
6776	5.0	0.0	0.901
6777	4.7	0.0	0.905
6778	4.3	0.0	0.949
6779	3.8	0.0	0.905
6780	3.5	0.0	0.878
6781	3.1	0.0	0.813
6782	2.7	0.0	0.714
6783	2.5	0.0	0.651
6784	2.6	0.0	0.608
6785	3.0	0.0	0.631
6786	3.2	0.0	0.783
6787	3.8	0.0	0.874
6788	3.8	0.0	1.081
6789	4.0	0.0	1.111
6790	4.2	0.0	1.036
6791	4.3	0.0	0.623
6792	4.3	0.0	0.391
6793	3.2	0.0	0.270
6794	3.2	0.0	0.146
6795	3.1	0.0	0.057
6796	3.0	0.0	0.041
6797	3.0	0.0	0.124
6798	2.9	0.0	0.312
6799	3.1	0.0	0.842
6800	4.3	0.0	0.901
6801	4.1	0.0	0.905
6802	3.6	0.0	0.949
6803	3.4	0.0	0.905
6804	3.0	0.0	0.878
6805	2.8	0.0	0.813
6806	2.7	0.0	0.714
6807	2.5	0.0	0.651
6808	2.3	0.0	0.608
6809	2.4	0.0	0.631
6810	2.6	0.0	0.783
6811	3.0	0.0	0.874
6812	3.1	0.0	1.081
6813	3.2	0.0	1.111
6814	3.2	0.0	1.036
6815	3.5	0.0	0.623
6816	3.5	0.0	0.391
6817	2.3	0.0	0.270
6818	2.3	0.0	0.146
6819	2.4	0.0	0.057
6820	2.5	0.0	0.041
6821	2.3	0.0	0.124
6822	2.3	0.0	0.312
6823	2.3	0.0	0.842
6824	3.6	0.0	0.901
6825	3.6	0.0	0.905
6826	3.5	0.0	0.949
6827	3.2	0.0	0.905
6828	2.8	0.0	0.878
6829	2.6	0.0	0.813
6830	2.6	0.0	0.714
6831	2.2	0.0	0.651
6832	2.3	0.0	0.608
6833	2.3	0.0	0.631
6834	2.3	0.0	0.783
6835	2.3	0.0	0.874
6836	2.3	0.0	1.081
6837	2.6	0.0	1.111
6838	2.7	0.0	1.036
6839	2.7	0.0	0.623
6840	2.9	0.0	0.391
6841	1.7	0.0	0.270
6842	1.6	0.0	0.146
6843	1.7	0.0	0.057
6844	1.8	0.0	0.041
6845	1.7	0.0	0.124
6846	1.6	0.0	0.312
6847	1.5	0.0	0.842
6848	2.8	0.0	0.901
6849	2.4	0.0	0.905
6850	2.2	0.0	0.949
6851	1.9	0.0	0.905
6852	1.6	0.0	0.878
6853	1.5	0.0	0.813
6854	1.4	0.0	0.714
6855	1.4	0.0	0.651
6856	1.4	0.0	0.608
6857	1.4	0.0	0.631
6858	1.3	0.0	0.783
6859	1.3	0.0	0.874
6860	1.4	0.0	1.081
6861	1.3	0.0	1.111
6862	1.3	0.0	1.036
6863	1.3	0.0	0.623
6864	1.2	0.0	0.391
6865	0.0	0.0	0.270
6866	0.0	0.0	0.146
6867	0.0	0.0	0.057
6868	0.0	0.0	0.041
6869	0.0	0.0	0.124
6870	0.0	0.0	0.312
6871	0.0	0.0	0.842
6872	0.0	0.0	0.901
6873	0.0	0.0	0.905
6874	0.0	0.0	0.949
6875	0.0	0.0	0.905
6876	0.0	0.0	0.878
6877	0.0	0.0	0.813
6878	0.0	0.0	0.714
6879	0.0	0.0	0.651
6880	0.0	0.0	0.608
6881	0.0	0.0	0.631
6882	0.0	0.0	0.783
6883	0.0	0.0	0.874
6884	0.0	0.0	1.081
6885	0.0	0.0	1.111
6886	0.0	0.0	1.036
6887	0.0	0.0	0.623
6888	0.0	0.0	0.391
6889	1.0	0.0	0.270
6890	0.9	0.0	0.146
6891	1.0	0.0	0.057
6892	1.2	0.0	0.041
6893	1.4	0.0	0.124
6894	1.3	0.0	0.312
6895	1.6	0.0	0.842
6896	2.5	0.0	0.901
6897	2.3	0.0	0.905
6898	2.0	0.0	0.949
6899	1.6	0.0	0.905
6900	1.1	0.0	0.878
6901	0.8	0.0	0.813
6902	0.5	0.0	0.714
6903	0.3	0.0	0.651
6904	0.4	0.0	0.608
6905	0.7	0.0	0.631
6906	1.0	0.0	0.783
6907	1.3	0.0	0.874
6908	1.7	0.0	1.081
6909	1.8	0.0	1.111
6910	2.2	0.0	1.036
6911	2.5	0.0	0.623
6912	2.7	0.0	0.391
6913	1.3	0.0	0.270
6914	1.5	0.0	0.146
6915	1.6	0.0	0.057
6916	1.7	0.0	0.041
6917	1.6	0.0	0.124
6918	1.6	0.0	0.312
6919	1.4	0.0	0.842
6920	2.6	0.0	0.901
6921	2.3	0.0	0.905
6922	2.1	0.0	0.949
6923	1.9	0.0	0.905
6924	1.4	0.0	0.878
6925	0.9	0.0	0.813
6926	0.7	0.0	0.714
6927	0.7	0.0	0.651
6928	0.4	0.0	0.608
6929	0.5	0.0	0.631
6930	0.8	0.0	0.783
6931	1.1	0.0	0.874
6932	1.1	0.0	1.081
6933	1.1	0.0	1.111
6934	1.3	0.0	1.036
6935	1.3	0.0	0.623
6936	1.3	0.0	0.391
6937	0.2	0.0	0.270
6938	0.5	0.0	0.146
6939	0.4	0.0	0.057
6940	0.5	0.0	0.041
6941	0.6	0.0	0.124
6942	0.7	0.0	0.312
6943	0.7	0.0	0.842
6944	2.0	0.0	0.901
6945	1.8	0.0	0.905
6946	1.4	0.0	0.949
6947	0.9	0.0	0.905
6948	0.6	0.0	0.878
6949	0.5	0.0	0.813
6950	0.5	0.0	0.714
6951	0.5	0.0	0.651
6952	0.5	0.0	0.608
6953	0.7	0.0	0.631
6954	0.8	0.0	0.783
6955	1.2	0.0	0.874
6956	1.4	0.0	1.081
6957	1.7	0.0	1.111
6958	1.9	0.0	1.036
6959	2.0	0.0	0.623
6960	2.4	0.0	0.391
6961	1.2	0.0	0.270
6962	1.4	0.0	0.146
6963	1.6	0.0	0.057
6964	1.8	0.0	0.041
6965	2.0	0.0	0.124
6966	2.1	0.0	0.312
6967	2.3	0.0	0.842
6968	3.5	0.0	0.901
6969	3.6	0.0	0.905
6970	3.5	0.0	0.949
6971	3.0	0.0	0.905
6972	2.6	0.0	0.878
6973	2.4	0.0	0.813
6974	2.3	0.0	0.714
6975	2.5	0.0	0.651
6976	2.5	0.0	0.608
6977	2.6	0.0	0.631
6978	3.1	0.0	0.783
6979	3.6	0.0	0.874
6980	3.8	0.0	1.081
6981	4.1	0.0	1.111
6982	4.4	0.0	1.036
6983	4.6	0.0	0.623
6984	4.8	0.0	0.391
6985	3.8	0.0	0.270
6986	3.8	0.0	0.146
6987	4.0	0.0	0.057
6988	4.1	0.0	0.041
6989	4.3	0.0	0.124
6990	4.1	0.0	0.312
6991	4.0	0.0	0.842
6992	5.0	0.0	0.901
6993	4.7	0.0	0.905
6994	4.4	0.0	0.949
6995	4.0	0.0	0.905
6996	3.4	0.0	0.878
6997	3.2	0.0	0.813
6998	2.8	0.0	0.714
6999	2.6	0.0	0.651
7000	2.8	0.0	0.608
7001	2.8	0.0	0.631
7002	3.1	0.0	0.783
7003	3.5	0.0	0.874
7004	3.8	0.0	1.081
7005	4.0	0.0	1.111
7006	4.2	0.0	1.036
7007	4.4	0.0	0.623
7008	4.6	0.0	0.391
7009	3.5	0.0	0.270
7010	3.5	0.0	0.146
7011	3.7	0.0	0.057
7012	3.9	0.0	0.041
7013	4.1	0.0	0.124
7014	4.2	0.0	0.312
7015	4.4	0.0	0.842
7016	5.6	0.0	0.901
7017	5.4	0.0	0.905
7018	5.0	0.0	0.949
7019	4.6	0.0	0.905
7020	4.3	0.0	0.878
7021	3.8	0.0	0.813
7022	3.6	0.0	0.714
7023	3.4	0.0	0.651
7024	3.5	0.0	0.608
7025	3.7	0.0	0.631
7026	4.1	0.0	0.783
7027	4.3	0.0	0.874
7028	4.4	0.0	1.081
7029	4.3	0.0	1.111
7030	4.4	0.0	1.036
7031	4.7	0.0	0.623
7032	4.9	0.0	0.391
7033	3.4	0.0	0.270
7034	3.5	0.0	0.146
7035	3.5	0.0	0.057
7036	3.6	0.0	0.041
7037	3.6	0.0	0.124
7038	3.7	0.0	0.312
7039	3.6	0.0	0.842
7040	4.6	0.0	0.901
7041	4.3	0.0	0.905
7042	4.2	0.0	0.949
7043	3.9	0.0	0.905
7044	3.2	0.0	0.878
7045	3.1	0.0	0.813
7046	3.2	0.0	0.714
7047	3.0	0.0	0.651
7048	2.9	0.0	0.608
7049	2.9	0.0	0.631
7050	3.3	0.0	0.783
7051	3.6	0.0	0.874
7052	3.8	0.0	1.081
7053	4.0	0.0	1.111
7054	4.2	0.0	1.036
7055	4.4	0.0	0.623
7056	4.5	0.0	0.391
7057	3.1	0.0	0.270
7058	3.3	0.0	0.146
7059	3.5	0.0	0.057
7060	3.7	0.0	0.041
7061	3.6	0.0	0.124
7062	3.6	0.0	0.312
7063	3.5	0.0	0.842
7064	4.5	0.0	0.901
7065	4.3	0.0	0.905
7066	4.1	0.0	0.949
7067	3.8	0.0	0.905
7068	3.4	0.0	0.878
7069	3.2	0.0	0.813
7070	3.0	0.0	0.714
7071	3.0	0.0	0.651
7072	3.0	0.0	0.608
7073	3.2	0.0	0.631
7074	3.3	0.0	0.783
7075	3.7	0.0	0.874
7076	4.0	0.0	1.081
7077	4.2	0.0	1.111
7078	4.2	0.0	1.036
7079	4.6	0.0	0.623
7080	4.7	0.0	0.391
7081	3.6	0.0	0.270
7082	3.6	0.0	0.146
7083	3.7	0.0	0.057
7084	3.6	0.0	0.041
7085	3.6	0.0	0.124
7086	3.6	0.0	0.312
7087	3.7	0.0	0.842
7088	4.6	0.0	0.901
7089	4.2	0.0	0.905
7090	3.9	0.0	0.949
7091	3.4	0.0	0.905
7092	3.0	0.0	0.878
7093	2.8	0.0	0.813
7094	2.6	0.0	0.714
7095	2.4	0.0	0.651
7096	2.6	0.0	0.608
7097	2.6	0.0	0.631
7098	2.7	0.0	0.783
7099	2.9	0.0	0.874
7100	3.0	0.0	1.081
7101	3.1	0.0	1.111
7102	3.4	0.0	1.036
7103	3.4	0.0	0.623
7104	3.5	0.0	0.391
7105	2.3	0.0	0.270
7106	2.2	0.0	0.146
7107	2.5	0.0	0.057
7108	2.6	0.0	0.041
7109	2.6	0.0	0.124
7110	2.5	0.0	0.312
7111	2.5	0.0	0.842
7112	4.1	0.0	0.901
7113	3.8	0.0	0.905
7114	3.4	0.0	0.949
7115	3.1	0.0	0.905
7116	2.6	0.0	0.878
7117	2.4	0.0	0.813
7118	2.4	0.0	0.714
7119	2.6	0.0	0.651
7120	2.7	0.0	0.608
7121	2.9	0.0	0.631
7122	3.4	0.0	0.783
7123	3.6	0.0	0.874
7124	3.6	0.0	1.081
7125	3.8	0.0	1.111
7126	3.7	0.0	1.036
7127	3.6	0.0	0.623
7128	3.8	0.0	0.391
7129	2.6	0.0	0.270
7130	2.8	0.0	0.146
7131	2.8	0.0	0.057
7132	2.9	0.0	0.041
7133	2.7	0.0	0.124
7134	2.6	0.0	0.312
7135	2.5	0.0	0.842
7136	3.7	0.0	0.901
7137	3.5	0.0	0.905
7138	3.1	0.0	0.949
7139	2.7	0.0	0.905
7140	2.6	0.0	0.878
7141	2.0	0.0	0.813
7142	1.7	0.0	0.714
7143	1.8	0.0	0.651
7144	1.8	0.0	0.608
7145	2.2	0.0	0.631
7146	2.3	0.0	0.783
7147	2.6	0.0	0.874
7148	2.9	0.0	1.081
7149	2.9	0.0	1.111
7150	3.0	0.0	1.036
7151	3.2	0.0	0.623
7152	3.3	0.0	0.391
7153	2.3	0.0	0.270
7154	2.4	0.0	0.146
7155	2.5	0.0	0.057
7156	2.6	0.0	0.041
7157	2.6	0.0	0.124
7158	2.6	0.0	0.312
7159	2.5	0.0	0.842
7160	3.3	0.0	0.901
7161	3.1	0.0	0.905
7162	2.5	0.0	0.949
7163	2.1	0.0	0.905
7164	1.7	0.0	0.878
7165	1.4	0.0	0.813
7166	1.2	0.0	0.714
7167	1.2	0.0	0.651
7168	1.3	0.0	0.608
7169	1.4	0.0	0.631
7170	1.8	0.0	0.783
7171	2.1	0.0	0.874
7172	2.2	0.0	1.081
7173	2.4	0.0	1.111
7174	2.5	0.0	1.036
7175	2.6	0.0	0.623
7176	2.9	0.0	0.391
7177	1.8	0.0	0.270
7178	1.7	0.0	0.146
7179	1.6	0.0	0.057
7180	1.6	0.0	0.041
7181	1.5	0.0	0.124
7182	1.3	0.0	0.312
7183	1.3	0.0	0.842
7184	2.4	0.0	0.901
7185	2.3	0.0	0.905
7186	1.9	0.0	0.949
7187	1.4	0.0	0.905
7188	1.0	0.0	0.878
7189	0.4	0.0	0.813
7190	0.0	0.0	0.714
7191	0.0	0.0	0.651
7192	0.0	0.0	0.608
7193	0.1	0.0	0.631
7194	0.2	0.0	0.783
7195	0.6	0.0	0.874
7196	0.8	0.0	1.081
7197	0.9	0.0	1.111
7198	1.1	0.0	1.036
7199	1.3	0.0	0.623
7200	1.4	0.0	0.391
7201	0.2	0.0	0.270
7202	0.6	0.0	0.146
7203	0.5	0.0	0.057
7204	0.7	0.0	0.041
7205	0.7	0.0	0.124
7206	0.9	0.0	0.312
7207	1.1	0.0	0.842
7208	2.5	0.0	0.901
7209	2.1	0.0	0.905
7210	1.9	0.0	0.949
7211	1.7	0.0	0.905
7212	1.3	0.0	0.878
7213	1.0	0.0	0.813
7214	0.9	0.0	0.714
7215	0.6	0.0	0.651
7216	0.4	0.0	0.608
7217	0.6	0.0	0.631
7218	1.0	0.0	0.783
7219	1.5	0.0	0.874
7220	1.9	0.0	1.081
7221	2.0	0.0	1.111
7222	2.0	0.0	1.036
7223	2.3	0.0	0.623
7224	2.4	0.0	0.391
7225	1.6	0.0	0.270
7226	1.5	0.0	0.146
7227	1.5	0.0	0.057
7228	1.5	0.0	0.041
7229	1.5	0.0	0.124
7230	1.6	0.0	0.312
7231	1.5	0.0	0.842
7232	2.6	0.0	0.901
7233	2.3	0.0	0.905
7234	2.0	0.0	0.949
7235	1.9	0.0	0.905
7236	1.4	0.0	0.878
7237	1.2	0.0	0.813
7238	1.1	0.0	0.714
7239	1.1	0.0	0.651
7240	1.1	0.0	0.608
7241	1.0	0.0	0.631
7242	1.0	0.0	0.783
7243	1.2	0.0	0.874
7244	1.4	0.0	1.081
7245	1.3	0.0	1.111
7246	1.3	0.0	1.036
7247	1.4	0.0	0.623
7248	1.5	0.0	0.391
7249	0.3	0.0	0.270
7250	0.3	0.0	0.146
7251	0.4	0.0	0.057
7252	0.6	0.0	0.041
7253	0.7	0.0	0.124
7254	0.7	0.0	0.312
7255	0.7	0.0	0.842
7256	1.9	0.0	0.901
7257	1.9	0.0	0.905
7258	1.8	0.0	0.949
7259	1.5	0.0	0.905
7260	1.3	0.0	0.878
7261	0.9	0.0	0.813
7262	1.0	0.0	0.714
7263	1.1	0.0	0.651
7264	1.1	0.0	0.608
7265	1.4	0.0	0.631
7266	1.7	0.0	0.783
7267	1.6	0.0	0.874
7268	1.7	0.0	1.081
7269	2.1	0.0	1.111
7270	2.1	0.0	1.036
7271	2.1	0.0	0.623
7272	2.3	0.0	0.391
7273	1.1	0.0	0.270
7274	1.1	0.0	0.146
7275	1.0	0.0	0.057
7276	0.9	0.0	0.041
7277	0.8	0.0	0.124
7278	1.0	0.0	0.312
7279	0.9	0.0	0.842
7280	2.2	0.0	0.901
7281	2.1	0.0	0.905
7282	2.0	0.0	0.949
7283	2.1	0.0	0.905
7284	2.1	0.0	0.878
7285	2.2	0.0	0.813
7286	2.1	0.0	0.714
7287	2.1	0.0	0.651
7288	2.0	0.0	0.608
7289	1.9	0.0	0.631
7290	2.1	0.0	0.783
7291	2.2	0.0	0.874
7292	2.2	0.0	1.081
7293	2.1	0.0	1.111
7294	2.2	0.0	1.036
7295	2.2	0.0	0.623
7296	2.2	0.0	0.391
7297	1.5	0.0	0.270
7298	2.0	0.0	0.146
7299	2.3	0.0	0.057
7300	2.4	0.0	0.041
7301	2.8	0.0	0.124
7302	3.1	0.0	0.312
7303	3.4	0.0	0.842
7304	5.5	0.0	0.901
7305	5.5	0.0	0.905
7306	5.9	0.0	0.949
7307	5.8	0.0	0.905
7308	5.5	0.0	0.878
7309	5.4	0.0	0.813
7310	5.4	0.0	0.714
7311	5.6	0.0	0.651
7312	5.7	0.0	0.608
7313	6.0	0.0	0.631
7314	6.7	0.0	0.783
7315	7.3	0.0	0.874
7316	7.0	0.0	1.081
7317	7.1	0.0	1.111
7318	7.2	0.0	1.036
7319	7.5	0.0	0.623
7320	7.8	0.0	0.391
7321	6.0	0.0	0.270
7322	6.2	0.0	0.146
7323	6.3	0.0	0.057
7324	6.5	0.0	0.041
7325	6.4	0.0	0.124
7326	6.1	0.0	0.312
7327	6.2	0.0	0.842
7328	8.1	0.0	0.901
7329	7.7	0.0	0.905
7330	7.1	0.0	0.949
7331	6.4	0.0	0.905
7332	5.7	0.0	0.878
7333	5.5	0.0	0.813
7334	5.0	0.0	0.714
7335	4.8	0.0	0.651
7336	4.7	0.0	0.608
7337	4.8	0.0	0.631
7338	5.2	0.0	0.783
7339	5.2	0.0	0.874
7340	5.4	0.0	1.081
7341	5.6	0.0	1.111
7342	5.6	0.0	1.036
7343	6.1	0.0	0.623
7344	6.1	0.0	0.391
7345	4.2	0.0	0.270
7346	4.1	0.0	0.146
7347	4.3	0.0	0.057
7348	4.3	0.0	0.041
7349	4.2	0.0	0.124
7350	4.3	0.0	0.312
7351	4.4	0.0	0.842
7352	6.1	0.0	0.901
7353	6.0	0.0	0.905
7354	5.7	0.0	0.949
7355	5.6	0.0	0.905
7356	5.2	0.0	0.878
7357	4.9	0.0	0.813
7358	4.6	0.0	0.714
7359	4.3	0.0	0.651
7360	4.2	0.0	0.608
7361	4.4	0.0	0.631
7362	4.3	0.0	0.783
7363	4.1	0.0	0.874
7364	3.9	0.0	1.081
7365	4.1	0.0	1.111
7366	4.1	0.0	1.036
7367	4.1	0.0	0.623
7368	3.7	0.0	0.391
7369	1.3	0.0	0.270
7370	1.4	0.0	0.146
7371	1.6	0.0	0.057
7372	1.7	0.0	0.041
7373	2.3	0.0	0.124
7374	2.6	0.0	0.312
7375	2.3	0.0	0.842
7376	4.3	0.0	0.901
7377	4.5	0.0	0.905
7378	4.1	0.0	0.949
7379	3.4	0.0	0.905
7380	2.8	0.0	0.878
7381	2.3	0.0	0.813
7382	1.8	0.0	0.714
7383	1.9	0.0	0.651
7384	2.0	0.0	0.608
7385	2.3	0.0	0.631
7386	2.8	0.0	0.783
7387	3.2	0.0	0.874
7388	3.1	0.0	1.081
7389	3.0	0.0	1.111
7390	3.2	0.0	1.036
7391	3.4	0.0	0.623
7392	3.8	0.0	0.391
7393	1.5	0.0	0.270
7394	1.7	0.0	0.146
7395	1.5	0.0	0.057
7396	1.6	0.0	0.041
7397	1.8	0.0	0.124
7398	1.8	0.0	0.312
7399	1.5	0.0	0.842
7400	3.5	0.0	0.901
7401	3.5	0.0	0.905
7402	3.4	0.0	0.949
7403	3.5	0.0	0.905
7404	3.2	0.0	0.878
7405	2.6	0.0	0.813
7406	2.3	0.0	0.714
7407	2.2	0.0	0.651
7408	2.5	0.0	0.608
7409	2.9	0.0	0.631
7410	3.1	0.0	0.783
7411	3.3	0.0	0.874
7412	3.4	0.0	1.081
7413	3.4	0.0	1.111
7414	3.4	0.0	1.036
7415	3.3	0.0	0.623
7416	3.0	0.0	0.391
7417	0.6	0.0	0.270
7418	1.0	0.0	0.146
7419	1.3	0.0	0.057
7420	1.3	0.0	0.041
7421	1.4	0.0	0.124
7422	1.8	0.0	0.312
7423	1.3	0.0	0.842
7424	3.3	0.0	0.901
7425	3.2	0.0	0.905
7426	3.1	0.0	0.949
7427	3.1	0.0	0.905
7428	3.3	0.0	0.878
7429	2.8	0.0	0.813
7430	2.8	0.0	0.714
7431	2.7	0.0	0.651
7432	2.9	0.0	0.608
7433	3.4	0.0	0.631
7434	3.6	0.0	0.783
7435	3.8	0.0	0.874
7436	4.2	0.0	1.081
7437	4.8	0.0	1.111
7438	4.9	0.0	1.036
7439	4.9	0.0	0.623
7440	5.2	0.0	0.391
7441	3.4	0.0	0.270
7442	3.7	0.0	0.146
7443	3.9	0.0	0.057
7444	4.4	0.0	0.041
7445	4.7	0.0	0.124
7446	5.3	0.0	0.312
7447	5.6	0.0	0.842
7448	7.5	0.0	0.901
7449	7.6	0.0	0.905
7450	7.2	0.0	0.949
7451	6.6	0.0	0.905
7452	6.1	0.0	0.878
7453	5.8	0.0	0.813
7454	5.3	0.0	0.714
7455	5.3	0.0	0.651
7456	5.6	0.0	0.608
7457	6.2	0.0	0.631
7458	7.0	0.0	0.783
7459	7.2	0.0	0.874
7460	7.5	0.0	1.081
7461	7.9	0.0	1.111
7462	8.7	0.0	1.036
7463	9.0	0.0	0.623
7464	9.3	0.0	0.391
7465	7.6	0.0	0.270
7466	7.8	0.0	0.146
7467	8.0	0.0	0.057
7468	8.0	0.0	0.041
7469	8.2	0.0	0.124
7470	8.2	0.0	0.312
7471	8.2	0.0	0.842
7472	10.1	0.0	0.901
7473	10.1	0.0	0.905
7474	10.0	0.0	0.949
7475	9.8	0.0	0.905
7476	9.7	0.0	0.878
7477	9.2	0.0	0.813
7478	9.1	0.0	0.714
7479	9.0	0.0	0.651
7480	8.9	0.0	0.608
7481	9.0	0.0	0.631
7482	9.1	0.0	0.783
7483	9.1	0.0	0.874
7484	9.3	0.0	1.081
7485	9.2	0.0	1.111
7486	9.1	0.0	1.036
7487	9.3	0.0	0.623
7488	9.5	0.0	0.391
7489	7.4	0.0	0.270
7490	7.5	0.0	0.146
7491	7.4	0.0	0.057
7492	7.7	0.0	0.041
7493	7.6	0.0	0.124
7494	7.4	0.0	0.312
7495	7.3	0.0	0.842
7496	9.7	0.0	0.901
7497	9.8	0.0	0.905
7498	9.0	0.0	0.949
7499	8.7	0.0	0.905
7500	7.8	0.0	0.878
7501	7.3	0.0	0.813
7502	7.2	0.0	0.714
7503	7.2	0.0	0.651
7504	7.4	0.0	0.608
7505	7.8	0.0	0.631
7506	8.2	0.0	0.783
7507	8.6	0.0	0.874
7508	9.0	0.0	1.081
7509	9.5	0.0	1.111
7510	9.7	0.0	1.036
7511	9.8	0.0	0.623
7512	10.1	0.0	0.391
7513	8.3	0.0	0.270
7514	8.0	0.0	0.146
7515	7.9	0.0	0.057
7516	7.9	0.0	0.041
7517	8.0	0.0	0.124
7518	7.9	0.0	0.312
7519	7.9	0.0	0.842
7520	9.9	0.0	0.901
7521	9.8	0.0	0.905
7522	9.5	0.0	0.949
7523	9.3	0.0	0.905
7524	9.1	0.0	0.878
7525	9.1	0.0	0.813
7526	8.8	0.0	0.714
7527	8.4	0.0	0.651
7528	8.7	0.0	0.608
7529	9.1	0.0	0.631
7530	9.2	0.0	0.783
7531	9.1	0.0	0.874
7532	9.1	0.0	1.081
7533	9.3	0.0	1.111
7534	9.6	0.0	1.036
7535	9.3	0.0	0.623
7536	9.4	0.0	0.391
7537	7.0	0.0	0.270
7538	7.5	0.0	0.146
7539	7.8	0.0	0.057
7540	7.6	0.0	0.041
7541	7.7	0.0	0.124
7542	7.7	0.0	0.312
7543	7.6	0.0	0.842
7544	10.0	0.0	0.901
7545	10.1	0.0	0.905
7546	9.9	0.0	0.949
7547	9.9	0.0	0.905
7548	9.8	0.0	0.878
7549	9.5	0.0	0.813
7550	9.1	0.0	0.714
7551	9.1	0.0	0.651
7552	9.4	0.0	0.608
7553	9.5	0.0	0.631
7554	10.3	0.0	0.783
7555	10.7	0.0	0.874
7556	10.4	0.0	1.081
7557	10.5	0.0	1.111
7558	10.9	0.0	1.036
7559	11.2	0.0	0.623
7560	11.5	0.0	0.391
7561	9.4	0.0	0.270
7562	9.4	0.0	0.146
7563	9.6	0.0	0.057
7564	9.5	0.0	0.041
7565	9.8	0.0	0.124
7566	10.0	0.0	0.312
7567	10.1	0.0	0.842
7568	12.5	0.0	0.901
7569	12.4	0.0	0.905
7570	12.7	0.0	0.949
7571	12.9	0.0	0.905
7572	12.8	0.0	0.878
7573	12.9	0.0	0.813
7574	13.0	0.0	0.714
7575	12.5	0.0	0.651
7576	12.2	0.0	0.608
7577	12.7	0.0	0.631
7578	12.7	0.0	0.783
7579	12.4	0.0	0.874
7580	12.3	0.0	1.081
7581	12.5	0.0	1.111
7582	12.5	0.0	1.036
7583	12.5	0.0	0.623
7584	12.9	0.0	0.391
7585	10.7	0.0	0.270
7586	11.0	0.0	0.146
7587	11.0	0.0	0.057
7588	11.0	0.0	0.041
7589	10.8	0.0	0.124
7590	10.4	0.0	0.312
7591	10.1	0.0	0.842
7592	12.0	0.0	0.901
7593	11.9	0.0	0.905
7594	12.1	0.0	0.949
7595	11.5	0.0	0.905
7596	11.1	0.0	0.878
7597	10.7	0.0	0.813
7598	10.1	0.0	0.714
7599	9.8	0.0	0.651
7600	9.8	0.0	0.608
7601	9.5	0.0	0.631
7602	9.4	0.0	0.783
7603	9.6	0.0	0.874
7604	10.0	0.0	1.081
7605	9.9	0.0	1.111
7606	9.6	0.0	1.036
7607	9.5	0.0	0.623
7608	9.6	0.0	0.391
7609	7.3	0.0	0.270
7610	7.3	0.0	0.146
7611	7.3	0.0	0.057
7612	7.7	0.0	0.041
7613	8.1	0.0	0.124
7614	8.3	0.0	0.312
7615	8.2	0.0	0.842
7616	10.3	0.0	0.901
7617	9.9	0.0	0.905
7618	9.7	0.0	0.949
7619	8.9	0.0	0.905
7620	8.5	0.0	0.878
7621	8.2	0.0	0.813
7622	7.7	0.0	0.714
7623	7.3	0.0	0.651
7624	7.3	0.0	0.608
7625	7.8	0.0	0.631
7626	8.0	0.0	0.783
7627	8.1	0.0	0.874
7628	8.2	0.0	1.081
7629	8.1	0.0	1.111
7630	8.1	0.0	1.036
7631	8.2	0.0	0.623
7632	8.2	0.0	0.391
7633	6.2	0.0	0.270
7634	6.3	0.0	0.146
7635	6.3	0.0	0.057
7636	6.4	0.0	0.041
7637	6.2	0.0	0.124
7638	6.0	0.0	0.312
7639	6.3	0.0	0.842
7640	8.1	0.0	0.901
7641	7.5	0.0	0.905
7642	7.3	0.0	0.949
7643	6.7	0.0	0.905
7644	6.7	0.0	0.878
7645	6.2	0.0	0.813
7646	5.8	0.0	0.714
7647	5.7	0.0	0.651
7648	5.6	0.0	0.608
7649	5.5	0.0	0.631
7650	5.8	0.0	0.783
7651	6.5	0.0	0.874
7652	6.6	0.0	1.081
7653	6.4	0.0	1.111
7654	6.6	0.0	1.036
7655	6.5	0.0	0.623
7656	6.3	0.0	0.391
7657	4.2	0.0	0.270
7658	4.0	0.0	0.146
7659	4.2	0.0	0.057
7660	4.1	0.0	0.041
7661	4.2	0.0	0.124
7662	3.9	0.0	0.312
7663	4.2	0.0	0.842
7664	6.2	0.0	0.901
7665	6.0	0.0	0.905
7666	5.9	0.0	0.949
7667	5.3	0.0	0.905
7668	4.9	0.0	0.878
7669	4.5	0.0	0.813
7670	4.3	0.0	0.714
7671	3.9	0.0	0.651
7672	4.1	0.0	0.608
7673	4.3	0.0	0.631
7674	4.9	0.0	0.783
7675	4.9	0.0	0.874
7676	5.1	0.0	1.081
7677	4.8	0.0	1.111
7678	5.0	0.0	1.036
7679	5.0	0.0	0.623
7680	5.1	0.0	0.391
7681	3.0	0.0	0.270
7682	3.1	0.0	0.146
7683	2.8	0.0	0.057
7684	2.8	0.0	0.041
7685	2.9	0.0	0.124
7686	3.0	0.0	0.312
7687	2.9	0.0	0.842
7688	5.6	0.0	0.901
7689	5.6	0.0	0.905
7690	5.7	0.0	0.949
7691	5.7	0.0	0.905
7692	5.7	0.0	0.878
7693	5.6	0.0	0.813
7694	5.5	0.0	0.714
7695	5.6	0.0	0.651
7696	5.9	0.0	0.608
7697	6.1	0.0	0.631
7698	6.5	0.0	0.783
7699	6.6	0.0	0.874
7700	7.3	0.0	1.081
7701	7.0	0.0	1.111
7702	7.1	0.0	1.036
7703	7.1	0.0	0.623
7704	6.9	0.0	0.391
7705	4.9	0.0	0.270
7706	5.0	0.0	0.146
7707	5.0	0.0	0.057
7708	5.5	0.0	0.041
7709	5.3	0.0	0.124
7710	5.3	0.0	0.312
7711	5.3	0.0	0.842
7712	7.5	0.0	0.901
7713	7.4	0.0	0.905
7714	7.4	0.0	0.949
7715	7.1	0.0	0.905
7716	6.5	0.0	0.878
7717	5.9	0.0	0.813
7718	5.7	0.0	0.714
7719	6.1	0.0	0.651
7720	6.1	0.0	0.608
7721	6.6	0.0	0.631
7722	6.8	0.0	0.783
7723	7.0	0.0	0.874
7724	7.6	0.0	1.081
7725	7.9	0.0	1.111
7726	8.1	0.0	1.036
7727	8.1	0.0	0.623
7728	8.5	0.0	0.391
7729	6.7	0.0	0.270
7730	6.9	0.0	0.146
7731	7.3	0.0	0.057
7732	7.5	0.0	0.041
7733	7.9	0.0	0.124
7734	8.2	0.0	0.312
7735	8.5	0.0	0.842
7736	10.7	0.0	0.901
7737	10.6	0.0	0.905
7738	9.9	0.0	0.949
7739	9.7	0.0	0.905
7740	9.2	0.0	0.878
7741	8.7	0.0	0.813
7742	8.6	0.0	0.714
7743	8.9	0.0	0.651
7744	9.2	0.0	0.608
7745	9.7	0.0	0.631
7746	10.3	0.0	0.783
7747	10.4	0.0	0.874
7748	10.8	0.0	1.081
7749	11.1	0.0	1.111
7750	11.5	0.0	1.036
7751	12.0	0.0	0.623
7752	12.2	0.0	0.391
7753	10.2	0.0	0.270
7754	9.9	0.0	0.146
7755	10.1	0.0	0.057
7756	9.9	0.0	0.041
7757	9.8	0.0	0.124
7758	9.9	0.0	0.312
7759	10.3	0.0	0.842
7760	12.2	0.0	0.901
7761	12.0	0.0	0.905
7762	11.4	0.0	0.949
7763	10.8	0.0	0.905
7764	10.2	0.0	0.878
7765	9.5	0.0	0.813
7766	8.7	0.0	0.714
7767	8.6	0.0	0.651
7768	8.4	0.0	0.608
7769	8.6	0.0	0.631
7770	9.4	0.0	0.783
7771	10.0	0.0	0.874
7772	10.0	0.0	1.081
7773	10.1	0.0	1.111
7774	10.1	0.0	1.036
7775	10.2	0.0	0.623
7776	10.6	0.0	0.391
7777	8.7	0.0	0.270
7778	8.4	0.0	0.146
7779	8.5	0.0	0.057
7780	8.8	0.0	0.041
7781	8.9	0.0	0.124
7782	9.1	0.0	0.312
7783	8.9	0.0	0.842
7784	10.7	0.0	0.901
7785	10.5	0.0	0.905
7786	10.0	0.0	0.949
7787	9.1	0.0	0.905
7788	8.6	0.0	0.878
7789	8.2	0.0	0.813
7790	8.1	0.0	0.714
7791	8.1	0.0	0.651
7792	8.2	0.0	0.608
7793	8.4	0.0	0.631
7794	9.1	0.0	0.783
7795	9.4	0.0	0.874
7796	9.8	0.0	1.081
7797	9.6	0.0	1.111
7798	10.1	0.0	1.036
7799	10.3	0.0	0.623
7800	10.5	0.0	0.391
7801	8.2	0.0	0.270
7802	8.3	0.0	0.146
7803	8.2	0.0	0.057
7804	8.3	0.0	0.041
7805	8.4	0.0	0.124
7806	8.6	0.0	0.312
7807	9.0	0.0	0.842
7808	10.9	0.0	0.901
7809	10.6	0.0	0.905
7810	10.4	0.0	0.949
7811	9.7	0.0	0.905
7812	9.1	0.0	0.878
7813	8.0	0.0	0.813
7814	7.5	0.0	0.714
7815	7.3	0.0	0.651
7816	7.5	0.0	0.608
7817	7.4	0.0	0.631
7818	7.6	0.0	0.783
7819	7.5	0.0	0.874
7820	8.2	0.0	1.081
7821	8.6	0.0	1.111
7822	8.7	0.0	1.036
7823	8.6	0.0	0.623
7824	8.7	0.0	0.391
7825	6.6	0.0	0.270
7826	6.5	0.0	0.146
7827	6.5	0.0	0.057
7828	6.5	0.0	0.041
7829	6.4	0.0	0.124
7830	6.6	0.0	0.312
7831	6.5	0.0	0.842
7832	8.5	0.0	0.901
7833	8.4	0.0	0.905
7834	8.2	0.0	0.949
7835	8.0	0.0	0.905
7836	7.4	0.0	0.878
7837	6.8	0.0	0.813
7838	6.4	0.0	0.714
7839	6.2	0.0	0.651
7840	6.3	0.0	0.608
7841	6.1	0.0	0.631
7842	6.3	0.0	0.783
7843	6.3	0.0	0.874
7844	6.4	0.0	1.081
7845	6.4	0.0	1.111
7846	6.6	0.0	1.036
7847	6.2	0.0	0.623
7848	6.1	0.0	0.391
7849	3.8	0.0	0.270
7850	4.1	0.0	0.146
7851	4.2	0.0	0.057
7852	4.2	0.0	0.041
7853	4.6	0.0	0.124
7854	4.4	0.0	0.312
7855	4.6	0.0	0.842
7856	7.1	0.0	0.901
7857	7.0	0.0	0.905
7858	6.7	0.0	0.949
7859	6.0	0.0	0.905
7860	5.6	0.0	0.878
7861	5.4	0.0	0.813
7862	5.3	0.0	0.714
7863	5.1	0.0	0.651
7864	5.3	0.0	0.608
7865	5.7	0.0	0.631
7866	6.3	0.0	0.783
7867	6.6	0.0	0.874
7868	7.2	0.0	1.081
7869	7.8	0.0	1.111
7870	7.9	0.0	1.036
7871	8.6	0.0	0.623
7872	8.6	0.0	0.391
7873	6.7	0.0	0.270
7874	6.8	0.0	0.146
7875	6.9	0.0	0.057
7876	6.9	0.0	0.041
7877	7.1	0.0	0.124
7878	7.2	0.0	0.312
7879	7.2	0.0	0.842
7880	9.5	0.0	0.901
7881	9.2	0.0	0.905
7882	9.0	0.0	0.949
7883	8.6	0.0	0.905
7884	8.3	0.0	0.878
7885	8.1	0.0	0.813
7886	8.0	0.0	0.714
7887	7.9	0.0	0.651
7888	7.6	0.0	0.608
7889	7.8	0.0	0.631
7890	8.1	0.0	0.783
7891	8.4	0.0	0.874
7892	8.8	0.0	1.081
7893	9.2	0.0	1.111
7894	9.5	0.0	1.036
7895	9.4	0.0	0.623
7896	9.2	0.0	0.391
7897	6.7	0.0	0.270
7898	6.7	0.0	0.146
7899	6.8	0.0	0.057
7900	6.8	0.0	0.041
7901	6.7	0.0	0.124
7902	6.6	0.0	0.312
7903	6.8	0.0	0.842
7904	9.1	0.0	0.901
7905	8.3	0.0	0.905
7906	7.6	0.0	0.949
7907	7.2	0.0	0.905
7908	6.8	0.0	0.878
7909	6.1	0.0	0.813
7910	5.8	0.0	0.714
7911	6.0	0.0	0.651
7912	6.3	0.0	0.608
7913	6.5	0.0	0.631
7914	6.9	0.0	0.783
7915	7.1	0.0	0.874
7916	7.1	0.0	1.081
7917	7.0	0.0	1.111
7918	6.9	0.0	1.036
7919	7.0	0.0	0.623
7920	6.8	0.0	0.391
7921	4.6	0.0	0.270
7922	4.7	0.0	0.146
7923	4.9	0.0	0.057
7924	5.0	0.0	0.041
7925	5.6	0.0	0.124
7926	5.7	0.0	0.312
7927	5.9	0.0	0.842
7928	8.3	0.0	0.901
7929	8.0	0.0	0.905
7930	7.6	0.0	0.949
7931	7.0	0.0	0.905
7932	6.4	0.0	0.878
7933	5.9	0.0	0.813
7934	6.1	0.0	0.714
7935	5.9	0.0	0.651
7936	6.0	0.0	0.608
7937	6.1	0.0	0.631
7938	6.6	0.0	0.783
7939	6.4	0.0	0.874
7940	6.7	0.0	1.081
7941	6.8	0.0	1.111
7942	7.4	0.0	1.036
7943	7.3	0.0	0.623
7944	7.8	0.0	0.391
7945	6.2	0.0	0.270
7946	6.3	0.0	0.146
7947	6.5	0.0	0.057
7948	6.7	0.0	0.041
7949	7.1	0.0	0.124
7950	7.3	0.0	0.312
7951	7.3	0.0	0.842
7952	9.3	0.0	0.901
7953	9.3	0.0	0.905
7954	8.9	0.0	0.949
7955	8.3	0.0	0.905
7956	7.9	0.0	0.878
7957	7.4	0.0	0.813
7958	6.9	0.0	0.714
7959	6.7	0.0	0.651
7960	6.9	0.0	0.608
7961	7.1	0.0	0.631
7962	7.7	0.0	0.783
7963	7.8	0.0	0.874
7964	7.9	0.0	1.081
7965	7.8	0.0	1.111
7966	7.9	0.0	1.036
7967	7.8	0.0	0.623
7968	7.9	0.0	0.391
7969	6.3	0.0	0.270
7970	6.5	0.0	0.146
7971	6.6	0.0	0.057
7972	6.8	0.0	0.041
7973	7.1	0.0	0.124
7974	6.8	0.0	0.312
7975	7.0	0.0	0.842
7976	9.1	0.0	0.901
7977	8.8	0.0	0.905
7978	8.3	0.0	0.949
7979	7.3	0.0	0.905
7980	6.6	0.0	0.878
7981	6.0	0.0	0.813
7982	5.7	0.0	0.714
7983	6.0	0.0	0.651
7984	6.5	0.0	0.608
7985	6.6	0.0	0.631
7986	7.2	0.0	0.783
7987	7.8	0.0	0.874
7988	8.1	0.0	1.081
7989	8.5	0.0	1.111
7990	9.1	0.0	1.036
7991	9.2	0.0	0.623
7992	9.6	0.0	0.391
7993	7.7	0.0	0.270
7994	7.7	0.0	0.146
7995	7.8	0.0	0.057
7996	8.3	0.0	0.041
7997	8.3	0.0	0.124
7998	8.6	0.0	0.312
7999	9.0	0.0	0.842
8000	11.3	0.0	0.901
8001	11.0	0.0	0.905
8002	10.6	0.0	0.949
8003	10.1	0.0	0.905
8004	9.4	0.0	0.878
8005	9.2	0.0	0.813
8006	8.8	0.0	0.714
8007	9.1	0.0	0.651
8008	9.6	0.0	0.608
8009	9.9	0.0	0.631
8010	10.6	0.0	0.783
8011	11.3	0.0	0.874
8012	11.4	0.0	1.081
8013	11.5	0.0	1.111
8014	12.1	0.0	1.036
8015	12.4	0.0	0.623
8016	12.6	0.0	0.391
8017	10.9	0.0	0.270
8018	11.0	0.0	0.146
8019	11.2	0.0	0.057
8020	11.1	0.0	0.041
8021	11.4	0.0	0.124
8022	12.0	0.0	0.312
8023	12.4	0.0	0.842
8024	14.6	0.0	0.901
8025	14.9	0.0	0.905
8026	14.3	0.0	0.949
8027	14.0	0.0	0.905
8028	14.0	0.0	0.878
8029	13.6	0.0	0.813
8030	13.4	0.0	0.714
8031	13.2	0.0	0.651
8032	12.9	0.0	0.608
8033	12.9	0.0	0.631
8034	13.0	0.0	0.783
8035	13.0	0.0	0.874
8036	13.3	0.0	1.081
8037	14.0	0.0	1.111
8038	14.5	0.0	1.036
8039	14.6	0.0	0.623
8040	14.5	0.0	0.391
8041	12.2	0.0	0.270
8042	12.1	0.0	0.146
8043	11.7	0.0	0.057
8044	11.6	0.0	0.041
8045	11.4	0.0	0.124
8046	11.5	0.0	0.312
8047	11.1	0.0	0.842
8048	13.4	0.0	0.901
8049	13.5	0.0	0.905
8050	13.7	0.0	0.949
8051	13.2	0.0	0.905
8052	12.8	0.0	0.878
8053	12.3	0.0	0.813
8054	12.2	0.0	0.714
8055	11.9	0.0	0.651
8056	12.0	0.0	0.608
8057	11.7	0.0	0.631
8058	11.7	0.0	0.783
8059	11.7	0.0	0.874
8060	12.0	0.0	1.081
8061	11.9	0.0	1.111
8062	11.9	0.0	1.036
8063	12.1	0.0	0.623
8064	12.1	0.0	0.391
8065	9.5	0.0	0.270
8066	9.4	0.0	0.146
8067	9.3	0.0	0.057
8068	9.4	0.0	0.041
8069	9.4	0.0	0.124
8070	9.4	0.0	0.312
8071	9.0	0.0	0.842
8072	11.5	0.0	0.901
8073	11.4	0.0	0.905
8074	11.0	0.0	0.949
8075	10.3	0.0	0.905
8076	10.0	0.0	0.878
8077	9.8	0.0	0.813
8078	10.0	0.0	0.714
8079	10.0	0.0	0.651
8080	10.2	0.0	0.608
8081	10.4	0.0	0.631
8082	10.4	0.0	0.783
8083	10.7	0.0	0.874
8084	11.1	0.0	1.081
8085	10.8	0.0	1.111
8086	10.9	0.0	1.036
8087	10.9	0.0	0.623
8088	11.0	0.0	0.391
8089	8.8	0.0	0.270
8090	9.0	0.0	0.146
8091	9.4	0.0	0.057
8092	9.3	0.0	0.041
8093	9.9	0.0	0.124
8094	10.1	0.0	0.312
8095	9.6	0.0	0.842
8096	11.9	0.0	0.901
8097	11.9	0.0	0.905
8098	11.8	0.0	0.949
8099	11.2	0.0	0.905
8100	11.3	0.0	0.878
8101	11.0	0.0	0.813
8102	11.0	0.0	0.714
8103	11.7	0.0	0.651
8104	11.9	0.0	0.608
8105	12.1	0.0	0.631
8106	12.5	0.0	0.783
8107	12.9	0.0	0.874
8108	12.9	0.0	1.081
8109	13.4	0.0	1.111
8110	13.4	0.0	1.036
8111	13.4	0.0	0.623
8112	13.9	0.0	0.391
8113	11.2	0.0	0.270
8114	10.8	0.0	0.146
8115	10.5	0.0	0.057
8116	9.9	0.0	0.041
8117	9.9	0.0	0.124
8118	10.1	0.0	0.312
8119	9.5	0.0	0.842
8120	11.7	0.0	0.901
8121	11.5	0.0	0.905
8122	11.2	0.0	0.949
8123	10.7	0.0	0.905
8124	10.3	0.0	0.878
8125	10.0	0.0	0.813
8126	9.3	0.0	0.714
8127	9.1	0.0	0.651
8128	9.2	0.0	0.608
8129	9.1	0.0	0.631
8130	8.8	0.0	0.783
8131	9.0	0.0	0.874
8132	8.8	0.0	1.081
8133	8.7	0.0	1.111
8134	8.2	0.0	1.036
8135	8.0	0.0	0.623
8136	8.0	0.0	0.391
8137	5.4	0.0	0.270
8138	5.2	0.0	0.146
8139	5.1	0.0	0.057
8140	5.4	0.0	0.041
8141	5.5	0.0	0.124
8142	5.2	0.0	0.312
8143	5.2	0.0	0.842
8144	7.6	0.0	0.901
8145	7.3	0.0	0.905
8146	7.0	0.0	0.949
8147	6.7	0.0	0.905
8148	6.8	0.0	0.878
8149	6.4	0.0	0.813
8150	6.0	0.0	0.714
8151	5.5	0.0	0.651
8152	5.6	0.0	0.608
8153	5.9	0.0	0.631
8154	6.0	0.0	0.783
8155	5.7	0.0	0.874
8156	5.9	0.0	1.081
8157	6.4	0.0	1.111
8158	6.8	0.0	1.036
8159	7.0	0.0	0.623
8160	7.1	0.0	0.391
8161	4.6	0.0	0.270
8162	5.0	0.0	0.146
8163	5.4	0.0	0.057
8164	5.7	0.0	0.041
8165	5.8	0.0	0.124
8166	6.0	0.0	0.312
8167	5.9	0.0	0.842
8168	8.4	0.0	0.901
8169	8.2	0.0	0.905
8170	8.1	0.0	0.949
8171	7.8	0.0	0.905
8172	7.7	0.0	0.878
8173	7.4	0.0	0.813
8174	7.6	0.0	0.714
8175	7.4	0.0	0.651
8176	7.5	0.0	0.608
8177	7.7	0.0	0.631
8178	8.1	0.0	0.783
8179	8.2	0.0	0.874
8180	8.7	0.0	1.081
8181	8.9	0.0	1.111
8182	9.0	0.0	1.036
8183	9.2	0.0	0.623
8184	9.1	0.0	0.391
8185	7.0	0.0	0.270
8186	7.3	0.0	0.146
8187	7.6	0.0	0.057
8188	7.9	0.0	0.041
8189	8.9	0.0	0.124
8190	9.5	0.0	0.312
8191	9.7	0.0	0.842
8192	11.8	0.0	0.901
8193	11.2	0.0	0.905
8194	11.1	0.0	0.949
8195	10.8	0.0	0.905
8196	10.5	0.0	0.878
8197	10.8	0.0	0.813
8198	10.6	0.0	0.714
8199	10.9	0.0	0.651
8200	11.6	0.0	0.608
8201	12.0	0.0	0.631
8202	12.8	0.0	0.783
8203	13.6	0.0	0.874
8204	14.2	0.0	1.081
8205	14.6	0.0	1.111
8206	15.6	0.0	1.036
8207	16.2	0.0	0.623
8208	16.7	0.0	0.391
8209	14.5	0.0	0.270
8210	14.5	0.0	0.146
8211	14.8	0.0	0.057
8212	15.1	0.0	0.041
8213	14.9	0.0	0.124
8214	14.5	0.0	0.312
8215	14.9	0.0	0.842
8216	17.1	0.0	0.901
8217	17.0	0.0	0.905
8218	16.7	0.0	0.949
8219	16.2	0.0	0.905
8220	16.0	0.0	0.878
8221	15.9	0.0	0.813
8222	15.2	0.0	0.714
8223	14.9	0.0	0.651
8224	14.8	0.0	0.608
8225	15.1	0.0	0.631
8226	15.0	0.0	0.783
8227	15.0	0.0	0.874
8228	15.4	0.0	1.081
8229	15.4	0.0	1.111
8230	15.6	0.0	1.036
8231	15.7	0.0	0.623
8232	15.6	0.0	0.391
8233	13.6	0.0	0.270
8234	13.7	0.0	0.146
8235	13.7	0.0	0.057
8236	13.8	0.0	0.041
8237	14.0	0.0	0.124
8238	14.1	0.0	0.312
8239	14.2	0.0	0.842
8240	16.4	0.0	0.901
8241	16.6	0.0	0.905
8242	16.3	0.0	0.949
8243	16.5	0.0	0.905
8244	16.0	0.0	0.878
8245	16.4	0.0	0.813
8246	16.3	0.0	0.714
8247	16.1	0.0	0.651
8248	16.0	0.0	0.608
8249	16.3	0.0	0.631
8250	16.3	0.0	0.783
8251	16.5	0.0	0.874
8252	17.0	0.0	1.081
8253	16.5	0.0	1.111
8254	16.6	0.0	1.036
8255	16.9	0.0	0.623
8256	16.6	0.0	0.391
8257	14.5	0.0	0.270
8258	14.7	0.0	0.146
8259	14.5	0.0	0.057
8260	14.7	0.0	0.041
8261	15.0	0.0	0.124
8262	14.9	0.0	0.312
8263	14.7	0.0	0.842
8264	16.8	0.0	0.901
8265	16.4	0.0	0.905
8266	15.9	0.0	0.949
8267	15.5	0.0	0.905
8268	15.3	0.0	0.878
8269	14.8	0.0	0.813
8270	14.6	0.0	0.714
8271	14.3	0.0	0.651
8272	14.3	0.0	0.608
8273	14.7	0.0	0.631
8274	14.7	0.0	0.783
8275	14.6	0.0	0.874
8276	14.2	0.0	1.081
8277	14.3	0.0	1.111
8278	14.7	0.0	1.036
8279	14.5	0.0	0.623
8280	14.8	0.0	0.391
8281	12.5	0.0	0.270
8282	12.1	0.0	0.146
8283	11.9	0.0	0.057
8284	11.8	0.0	0.041
8285	11.8	0.0	0.124
8286	11.9	0.0	0.312
8287	11.9	0.0	0.842
8288	14.4	0.0	0.901
8289	14.7	0.0	0.905
8290	14.5	0.0	0.949
8291	14.0	0.0	0.905
8292	14.0	0.0	0.878
8293	13.7	0.0	0.813
8294	13.8	0.0	0.714
8295	13.5	0.0	0.651
8296	13.3	0.0	0.608
8297	13.3	0.0	0.631
8298	13.6	0.0	0.783
8299	13.5	0.0	0.874
8300	13.7	0.0	1.081
8301	13.8	0.0	1.111
8302	14.0	0.0	1.036
8303	13.9	0.0	0.623
8304	14.0	0.0	0.391
8305	11.7	0.0	0.270
8306	11.9	0.0	0.146
8307	12.2	0.0	0.057
8308	12.3	0.0	0.041
8309	12.6	0.0	0.124
8310	12.1	0.0	0.312
8311	11.7	0.0	0.842
8312	13.6	0.0	0.901
8313	13.9	0.0	0.905
8314	13.4	0.0	0.949
8315	12.7	0.0	0.905
8316	12.1	0.0	0.878
8317	11.5	0.0	0.813
8318	10.9	0.0	0.714
8319	10.7	0.0	0.651
8320	10.8	0.0	0.608
8321	11.1	0.0	0.631
8322	11.4	0.0	0.783
8323	11.5	0.0	0.874
8324	11.6	0.0	1.081
8325	12.0	0.0	1.111
8326	12.2	0.0	1.036
8327	12.1	0.0	0.623
8328	12.1	0.0	0.391
8329	9.7	0.0	0.270
8330	9.7	0.0	0.146
8331	9.3	0.0	0.057
8332	9.2	0.0	0.041
8333	9.6	0.0	0.124
8334	9.9	0.0	0.312
8335	10.2	0.0	0.842
8336	12.5	0.0	0.901
8337	12.2	0.0	0.905
8338	11.7	0.0	0.949
8339	11.3	0.0	0.905
8340	10.9	0.0	0.878
8341	10.4	0.0	0.813
8342	10.0	0.0	0.714
8343	9.9	0.0	0.651
8344	9.9	0.0	0.608
8345	10.2	0.0	0.631
8346	10.5	0.0	0.783
8347	10.7	0.0	0.874
8348	11.0	0.0	1.081
8349	10.8	0.0	1.111
8350	11.0	0.0	1.036
8351	11.0	0.0	0.623
8352	11.0	0.0	0.391
8353	8.5	0.0	0.270
8354	8.6	0.0	0.146
8355	8.5	0.0	0.057
8356	8.4	0.0	0.041
8357	8.1	0.0	0.124
8358	8.3	0.0	0.312
8359	9.0	0.0	0.842
8360	11.3	0.0	0.901
8361	10.8	0.0	0.905
8362	10.1	0.0	0.949
8363	9.9	0.0	0.905
8364	9.1	0.0	0.878
8365	8.8	0.0	0.813
8366	8.6	0.0	0.714
8367	8.4	0.0	0.651
8368	8.8	0.0	0.608
8369	9.3	0.0	0.631
8370	9.5	0.0	0.783
8371	9.8	0.0	0.874
8372	9.9	0.0	1.081
8373	10.5	0.0	1.111
8374	11.0	0.0	1.036
8375	11.3	0.0	0.623
8376	11.6	0.0	0.391
8377	9.4	0.0	0.270
8378	9.5	0.0	0.146
8379	9.3	0.0	0.057
8380	9.3	0.0	0.041
8381	9.6	0.0	0.124
8382	9.7	0.0	0.312
8383	9.8	0.0	0.842
8384	12.3	0.0	0.901
8385	12.4	0.0	0.905
8386	11.9	0.0	0.949
8387	11.7	0.0	0.905
8388	11.3	0.0	0.878
8389	11.0	0.0	0.813
8390	10.2	0.0	0.714
8391	10.1	0.0	0.651
8392	10.1	0.0	0.608
8393	10.3	0.0	0.631
8394	10.3	0.0	0.783
8395	10.6	0.0	0.874
8396	10.3	0.0	1.081
8397	10.2	0.0	1.111
8398	10.1	0.0	1.036
8399	10.1	0.0	0.623
8400	9.9	0.0	0.391
8401	7.6	0.0	0.270
8402	7.7	0.0	0.146
8403	7.8	0.0	0.057
8404	7.3	0.0	0.041
8405	7.6	0.0	0.124
8406	7.5	0.0	0.312
8407	7.6	0.0	0.842
8408	10.1	0.0	0.901
8409	10.0	0.0	0.905
8410	9.5	0.0	0.949
8411	9.1	0.0	0.905
8412	8.7	0.0	0.878
8413	8.6	0.0	0.813
8414	8.6	0.0	0.714
8415	8.4	0.0	0.651
8416	8.1	0.0	0.608
8417	8.3	0.0	0.631
8418	8.6	0.0	0.783
8419	8.4	0.0	0.874
8420	8.7	0.0	1.081
8421	8.6	0.0	1.111
8422	8.6	0.0	1.036
8423	8.7	0.0	0.623
8424	9.0	0.0	0.391
8425	6.2	0.0	0.270
8426	6.1	0.0	0.146
8427	6.5	0.0	0.057
8428	6.4	0.0	0.041
8429	6.7	0.0	0.124
8430	6.8	0.0	0.312
8431	6.5	0.0	0.842
8432	8.9	0.0	0.901
8433	8.5	0.0	0.905
8434	8.1	0.0	0.949
8435	7.7	0.0	0.905
8436	7.5	0.0	0.878
8437	7.4	0.0	0.813
8438	7.2	0.0	0.714
8439	7.1	0.0	0.651
8440	7.0	0.0	0.608
8441	7.1	0.0	0.631
8442	7.6	0.0	0.783
8443	7.8	0.0	0.874
8444	7.9	0.0	1.081
8445	8.2	0.0	1.111
8446	7.9	0.0	1.036
8447	7.6	0.0	0.623
8448	7.2	0.0	0.391
8449	5.1	0.0	0.270
8450	5.5	0.0	0.146
8451	5.4	0.0	0.057
8452	6.0	0.0	0.041
8453	5.9	0.0	0.124
8454	5.6	0.0	0.312
8455	5.7	0.0	0.842
8456	8.0	0.0	0.901
8457	8.0	0.0	0.905
8458	7.4	0.0	0.949
8459	6.8	0.0	0.905
8460	6.5	0.0	0.878
8461	6.0	0.0	0.813
8462	5.6	0.0	0.714
8463	5.4	0.0	0.651
8464	5.8	0.0	0.608
8465	6.3	0.0	0.631
8466	6.5	0.0	0.783
8467	6.7	0.0	0.874
8468	7.0	0.0	1.081
8469	7.0	0.0	1.111
8470	7.2	0.0	1.036
8471	7.3	0.0	0.623
8472	7.5	0.0	0.391
8473	5.4	0.0	0.270
8474	6.1	0.0	0.146
8475	6.0	0.0	0.057
8476	6.1	0.0	0.041
8477	6.3	0.0	0.124
8478	6.6	0.0	0.312
8479	7.0	0.0	0.842
8480	9.3	0.0	0.901
8481	9.3	0.0	0.905
8482	9.2	0.0	0.949
8483	9.0	0.0	0.905
8484	8.8	0.0	0.878
8485	8.5	0.0	0.813
8486	8.6	0.0	0.714
8487	8.5	0.0	0.651
8488	8.6	0.0	0.608
8489	9.2	0.0	0.631
8490	9.4	0.0	0.783
8491	9.8	0.0	0.874
8492	10.3	0.0	1.081
8493	10.5	0.0	1.111
8494	11.1	0.0	1.036
8495	11.2	0.0	0.623
8496	11.5	0.0	0.391
8497	9.1	0.0	0.270
8498	9.1	0.0	0.146
8499	9.1	0.0	0.057
8500	8.9	0.0	0.041
8501	9.2	0.0	0.124
8502	9.3	0.0	0.312
8503	9.1	0.0	0.842
8504	11.7	0.0	0.901
8505	11.6	0.0	0.905
8506	11.2	0.0	0.949
8507	10.4	0.0	0.905
8508	10.0	0.0	0.878
8509	9.8	0.0	0.813
8510	9.5	0.0	0.714
8511	9.5	0.0	0.651
8512	9.2	0.0	0.608
8513	9.4	0.0	0.631
8514	9.8	0.0	0.783
8515	9.7	0.0	0.874
8516	9.9	0.0	1.081
8517	9.6	0.0	1.111
8518	9.2	0.0	1.036
8519	9.1	0.0	0.623
8520	8.8	0.0	0.391
8521	6.8	0.0	0.270
8522	6.9	0.0	0.146
8523	7.0	0.0	0.057
8524	7.0	0.0	0.041
8525	7.2	0.0	0.124
8526	7.0	0.0	0.312
8527	7.0	0.0	0.842
8528	9.5	0.0	0.901
8529	9.2	0.0	0.905
8530	8.5	0.0	0.949
8531	8.5	0.0	0.905
8532	8.5	0.0	0.878
8533	8.3	0.0	0.813
8534	8.7	0.0	0.714
8535	8.6	0.0	0.651
8536	9.0	0.0	0.608
8537	8.8	0.0	0.631
8538	9.2	0.0	0.783
8539	9.0	0.0	0.874
8540	9.1	0.0	1.081
8541	9.3	0.0	1.111
8542	9.1	0.0	1.036
8543	9.2	0.0	0.623
8544	9.5	0.0	0.391
8545	7.4	0.0	0.270
8546	7.8	0.0	0.146
8547	7.8	0.0	0.057
8548	8.0	0.0	0.041
8549	8.1	0.0	0.124
8550	8.5	0.0	0.312
8551	8.6	0.0	0.842
8552	11.0	0.0	0.901
8553	10.7	0.0	0.905
8554	10.2	0.0	0.949
8555	9.6	0.0	0.905
8556	9.3	0.0	0.878
8557	9.0	0.0	0.813
8558	8.7	0.0	0.714
8559	9.4	0.0	0.651
8560	10.0	0.0	0.608
8561	10.3	0.0	0.631
8562	10.8	0.0	0.783
8563	10.5	0.0	0.874
8564	10.6	0.0	1.081
8565	10.4	0.0	1.111
8566	10.9	0.0	1.036
8567	11.0	0.0	0.623
8568	11.0	0.0	0.391
8569	8.8	0.0	0.270
8570	8.9	0.0	0.146
8571	9.0	0.0	0.057
8572	9.1	0.0	0.041
8573	9.0	0.0	0.124
8574	9.3	0.0	0.312
8575	9.4	0.0	0.842
8576	11.8	0.0	0.901
8577	11.4	0.0	0.905
8578	11.1	0.0	0.949
8579	10.6	0.0	0.905
8580	9.6	0.0	0.878
8581	9.2	0.0	0.813
8582	8.9	0.0	0.714
8583	8.3	0.0	0.651
8584	8.5	0.0	0.608
8585	8.9	0.0	0.631
8586	9.1	0.0	0.783
8587	9.5	0.0	0.874
8588	10.4	0.0	1.081
8589	10.2	0.0	1.111
8590	10.0	0.0	1.036
8591	10.2	0.0	0.623
8592	10.4	0.0	0.391
8593	8.1	0.0	0.270
8594	7.6	0.0	0.146
8595	7.6	0.0	0.057
8596	7.4	0.0	0.041
8597	7.3	0.0	0.124
8598	7.0	0.0	0.312
8599	7.0	0.0	0.842
8600	9.1	0.0	0.901
8601	8.8	0.0	0.905
8602	8.7	0.0	0.949
8603	8.0	0.0	0.905
8604	7.3	0.0	0.878
8605	7.1	0.0	0.813
8606	6.6	0.0	0.714
8607	6.6	0.0	0.651
8608	6.8	0.0	0.608
8609	7.2	0.0	0.631
8610	7.7	0.0	0.783
8611	8.0	0.0	0.874
8612	7.8	0.0	1.081
8613	7.6	0.0	1.111
8614	7.6	0.0	1.036
8615	7.9	0.0	0.623
8616	8.0	0.0	0.391
8617	5.9	0.0	0.270
8618	5.6	0.0	0.146
8619	5.4	0.0	0.057
8620	5.6	0.0	0.041
8621	5.8	0.0	0.124
8622	6.0	0.0	0.312
8623	5.7	0.0	0.842
8624	8.0	0.0	0.901
8625	8.1	0.0	0.905
8626	7.5	0.0	0.949
8627	6.7	0.0	0.905
8628	6.3	0.0	0.878
8629	5.9	0.0	0.813
8630	5.7	0.0	0.714
8631	5.4	0.0	0.651
8632	5.9	0.0	0.608
8633	6.1	0.0	0.631
8634	6.7	0.0	0.783
8635	7.1	0.0	0.874
8636	7.2	0.0	1.081
8637	7.6	0.0	1.111
8638	7.9	0.0	1.036
8639	8.3	0.0	0.623
8640	8.6	0.0	0.391
8641	6.7	0.0	0.270
8642	6.7	0.0	0.146
8643	6.6	0.0	0.057
8644	6.6	0.0	0.041
8645	6.4	0.0	0.124
8646	6.7	0.0	0.312
8647	6.8	0.0	0.842
8648	9.3	0.0	0.901
8649	9.0	0.0	0.905
8650	8.7	0.0	0.949
8651	8.2	0.0	0.905
8652	7.4	0.0	0.878
8653	7.0	0.0	0.813
8654	6.8	0.0	0.714
8655	6.4	0.0	0.651
8656	6.2	0.0	0.608
8657	6.6	0.0	0.631
8658	6.9	0.0	0.783
8659	6.9	0.0	0.874
8660	6.6	0.0	1.081
8661	6.8	0.0	1.111
8662	6.9	0.0	1.036
8663	6.9	0.0	0.623
8664	7.2	0.0	0.391
8665	4.8	0.0	0.270
8666	4.6	0.0	0.146
8667	4.3	0.0	0.057
8668	4.2	0.0	0.041
8669	4.0	0.0	0.124
8670	4.0	0.0	0.312
8671	4.0	0.0	0.842
8672	6.5	0.0	0.901
8673	6.5	0.0	0.905
8674	6.5	0.0	0.949
8675	6.0	0.0	0.905
8676	5.7	0.0	0.878
8677	5.5	0.0	0.813
8678	5.1	0.0	0.714
8679	5.2	0.0	0.651
8680	5.2	0.0	0.608
8681	5.1	0.0	0.631
8682	4.6	0.0	0.783
8683	4.6	0.0	0.874
8684	4.5	0.0	1.081
8685	4.2	0.0	1.111
8686	4.2	0.0	1.036
8687	4.1	0.0	0.623
8688	4.1	0.0	0.391
8689	1.8	0.0	0.270
8690	1.9	0.0	0.146
8691	2.1	0.0	0.057
8692	1.8	0.0	0.041
8693	2.1	0.0	0.124
8694	2.4	0.0	0.312
8695	2.2	0.0	0.842
8696	4.7	0.0	0.901
8697	4.5	0.0	0.905
8698	4.7	0.0	0.949
8699	4.4	0.0	0.905
8700	4.7	0.0	0.878
8701	4.8	0.0	0.813
8702	5.0	0.0	0.714
8703	5.5	0.0	0.651
8704	6.1	0.0	0.608
8705	6.4	0.0	0.631
8706	6.8	0.0	0.783
8707	7.0	0.0	0.874
8708	7.1	0.0	1.081
8709	7.0	0.0	1.111
8710	7.3	0.0	1.036
8711	7.5	0.0	0.623
8712	7.3	0.0	0.391
8713	5.2	0.0	0.270
8714	5.7	0.0	0.146
8715	5.7	0.0	0.057
8716	6.2	0.0	0.041
8717	6.4	0.0	0.124
8718	6.8	0.0	0.312
8719	7.3	0.0	0.842
8720	9.6	0.0	0.901
8721	9.7	0.0	0.905
8722	9.6	0.0	0.949
8723	10.1	0.0	0.905
8724	9.6	0.0	0.878
8725	9.1	0.0	0.813
8726	9.2	0.0	0.714
8727	9.1	0.0	0.651
8728	9.5	0.0	0.608
8729	9.7	0.0	0.631
8730	10.4	0.0	0.783
8731	10.7	0.0	0.874
8732	10.4	0.0	1.081
8733	10.9	0.0	1.111
8734	11.4	0.0	1.036
8735	11.6	0.0	0.623
8736	11.9	0.0	0.391
8737	9.8	0.0	0.270
8738	10.0	0.0	0.146
8739	10.2	0.0	0.057
8740	10.3	0.0	0.041
8741	10.5	0.0	0.124
8742	10.6	0.0	0.312
8743	10.8	0.0	0.842
8744	13.0	0.0	0.901
8745	13.5	0.0	0.905
8746	13.2	0.0	0.949
8747	13.0	0.0	0.905
8748	13.0	0.0	0.878
8749	13.1	0.0	0.813
8750	13.1	0.0	0.714
8751	13.1	0.0	0.651
8752	13.2	0.0	0.608
8753	13.0	0.0	0.631
8754	13.2	0.0	0.783
8755	13.7	0.0	0.874
8756	14.1	0.0	1.081
8757	14.7	0.0	1.111
8758	15.3	0.0	1.036
8759	15.8	0.0	0.623
8760	16.0	0.0	0.391
