# HOY	Heat Demand	Load duration curve	Dhw Demand
# [h]	[kWh / h]	[kWh / h]	[kWh / h]
1	6.3	11.9	0.087
2	6.4	11.9	0.047
3	6.8	11.4	0.019
4	6.7	11.4	0.013
5	6.8	11.4	0.040
6	6.8	11.4	0.101
7	6.7	11.3	0.272
8	8.2	11.2	0.292
9	8.2	11.2	0.293
10	7.8	11.1	0.307
11	7.8	11.1	0.293
12	7.3	11.1	0.284
13	7.1	11.1	0.263
14	7.2	11.0	0.231
15	7.1	11.0	0.211
16	7.4	11.0	0.196
17	7.8	11.0	0.204
18	8.4	10.9	0.253
19	9.0	10.9	0.283
20	9.2	10.9	0.350
21	9.3	10.9	0.359
22	9.5	10.9	0.335
23	9.8	10.9	0.202
24	10.1	10.9	0.126
25	8.8	10.9	0.087
26	8.6	10.9	0.047
27	8.6	10.8	0.019
28	8.7	10.8	0.013
29	8.5	10.8	0.040
30	8.4	10.8	0.101
31	8.6	10.7	0.272
32	10.3	10.7	0.292
33	10.0	10.7	0.293
34	9.8	10.7	0.307
35	9.5	10.7	0.293
36	9.1	10.7	0.284
37	8.9	10.7	0.263
38	8.8	10.6	0.231
39	8.5	10.6	0.211
40	8.7	10.6	0.196
41	9.1	10.6	0.204
42	9.5	10.6	0.253
43	9.6	10.6	0.283
44	9.6	10.5	0.350
45	9.7	10.5	0.359
46	9.8	10.4	0.335
47	9.8	10.4	0.202
48	9.8	10.4	0.126
49	8.2	10.4	0.087
50	8.2	10.4	0.047
51	8.2	10.4	0.019
52	8.4	10.4	0.013
53	8.5	10.4	0.040
54	8.4	10.3	0.101
55	8.7	10.3	0.272
56	10.1	10.3	0.292
57	10.0	10.3	0.293
58	10.1	10.3	0.307
59	9.8	10.2	0.293
60	9.7	10.2	0.284
61	9.3	10.2	0.263
62	9.1	10.2	0.231
63	8.9	10.2	0.211
64	8.9	10.2	0.196
65	9.0	10.1	0.204
66	9.4	10.1	0.253
67	9.7	10.1	0.283
68	9.9	10.1	0.350
69	10.2	10.1	0.359
70	10.4	10.1	0.335
71	10.6	10.0	0.202
72	10.8	10.0	0.126
73	9.3	10.0	0.087
74	9.3	10.0	0.047
75	9.2	10.0	0.019
76	9.3	10.0	0.013
77	9.3	10.0	0.040
78	9.2	10.0	0.101
79	9.0	9.9	0.272
80	10.2	9.9	0.292
81	9.9	9.9	0.293
82	9.4	9.9	0.307
83	8.6	9.9	0.293
84	7.9	9.9	0.284
85	7.3	9.9	0.263
86	7.1	9.9	0.231
87	7.1	9.9	0.211
88	7.1	9.9	0.196
89	7.2	9.9	0.204
90	7.3	9.9	0.253
91	7.3	9.8	0.283
92	7.1	9.8	0.350
93	7.3	9.8	0.359
94	7.4	9.8	0.335
95	7.5	9.8	0.202
96	7.5	9.8	0.126
97	5.9	9.8	0.087
98	6.0	9.8	0.047
99	6.3	9.8	0.019
100	6.5	9.8	0.013
101	6.7	9.8	0.040
102	6.9	9.8	0.101
103	7.2	9.8	0.272
104	8.9	9.8	0.292
105	9.0	9.8	0.293
106	9.0	9.8	0.307
107	9.2	9.8	0.293
108	9.2	9.8	0.284
109	9.3	9.7	0.263
110	9.5	9.7	0.231
111	10.0	9.7	0.211
112	9.9	9.7	0.196
113	10.4	9.7	0.204
114	10.8	9.7	0.253
115	10.9	9.7	0.283
116	10.7	9.7	0.350
117	11.0	9.7	0.359
118	11.4	9.7	0.335
119	11.9	9.7	0.202
120	11.9	9.7	0.126
121	10.6	9.7	0.087
122	10.6	9.7	0.047
123	10.4	9.7	0.019
124	10.4	9.7	0.013
125	9.8	9.7	0.040
126	9.5	9.7	0.101
127	9.4	9.7	0.272
128	10.9	9.6	0.292
129	10.7	9.6	0.293
130	10.3	9.6	0.307
131	9.7	9.6	0.293
132	9.2	9.6	0.284
133	8.5	9.6	0.263
134	7.9	9.6	0.231
135	7.7	9.5	0.211
136	7.3	9.5	0.196
137	7.3	9.5	0.204
138	7.5	9.5	0.253
139	7.2	9.5	0.283
140	7.2	9.5	0.350
141	7.3	9.5	0.359
142	7.3	9.5	0.335
143	7.3	9.5	0.202
144	7.2	9.5	0.126
145	5.5	9.5	0.087
146	5.7	9.4	0.047
147	5.7	9.4	0.019
148	5.8	9.4	0.013
149	6.1	9.4	0.040
150	6.0	9.4	0.101
151	6.0	9.4	0.272
152	7.8	9.4	0.292
153	7.6	9.4	0.293
154	7.1	9.4	0.307
155	6.9	9.4	0.293
156	6.6	9.4	0.284
157	6.3	9.4	0.263
158	5.8	9.4	0.231
159	5.6	9.4	0.211
160	5.5	9.3	0.196
161	6.1	9.3	0.204
162	6.4	9.3	0.253
163	6.9	9.3	0.283
164	7.0	9.3	0.350
165	7.4	9.3	0.359
166	7.5	9.3	0.335
167	7.9	9.3	0.202
168	8.0	9.3	0.126
169	6.6	9.3	0.087
170	6.5	9.3	0.047
171	6.6	9.3	0.019
172	6.3	9.3	0.013
173	6.2	9.3	0.040
174	5.9	9.3	0.101
175	5.9	9.3	0.272
176	7.4	9.3	0.292
177	7.4	9.3	0.293
178	7.2	9.3	0.307
179	6.8	9.3	0.293
180	6.4	9.3	0.284
181	6.6	9.3	0.263
182	6.4	9.3	0.231
183	6.6	9.3	0.211
184	6.5	9.2	0.196
185	6.4	9.2	0.204
186	6.5	9.2	0.253
187	6.7	9.2	0.283
188	6.3	9.2	0.350
189	6.1	9.2	0.359
190	6.1	9.2	0.335
191	5.8	9.2	0.202
192	5.6	9.2	0.126
193	3.6	9.2	0.087
194	3.7	9.2	0.047
195	3.9	9.2	0.019
196	3.9	9.2	0.013
197	3.7	9.2	0.040
198	3.4	9.2	0.101
199	3.7	9.2	0.272
200	5.2	9.2	0.292
201	5.3	9.2	0.293
202	4.9	9.2	0.307
203	4.8	9.2	0.293
204	4.9	9.1	0.284
205	4.8	9.1	0.263
206	4.4	9.1	0.231
207	4.0	9.1	0.211
208	3.9	9.1	0.196
209	4.0	9.1	0.204
210	3.9	9.1	0.253
211	3.9	9.1	0.283
212	3.9	9.1	0.350
213	3.9	9.1	0.359
214	3.9	9.1	0.335
215	3.8	9.1	0.202
216	3.6	9.1	0.126
217	2.1	9.1	0.087
218	2.2	9.1	0.047
219	2.4	9.0	0.019
220	2.5	9.0	0.013
221	2.8	9.0	0.040
222	3.0	9.0	0.101
223	3.3	9.0	0.272
224	5.0	9.0	0.292
225	4.9	9.0	0.293
226	5.1	9.0	0.307
227	5.1	9.0	0.293
228	5.0	9.0	0.284
229	4.8	9.0	0.263
230	4.9	9.0	0.231
231	4.8	9.0	0.211
232	5.3	9.0	0.196
233	5.6	9.0	0.204
234	6.1	9.0	0.253
235	6.1	9.0	0.283
236	6.5	8.9	0.350
237	6.9	8.9	0.359
238	7.5	8.9	0.335
239	7.9	8.9	0.202
240	8.2	8.9	0.126
241	6.9	8.9	0.087
242	6.9	8.9	0.047
243	6.9	8.9	0.019
244	6.9	8.9	0.013
245	6.9	8.9	0.040
246	6.8	8.9	0.101
247	6.8	8.9	0.272
248	8.2	8.9	0.292
249	8.3	8.9	0.293
250	8.0	8.9	0.307
251	8.0	8.9	0.293
252	7.3	8.9	0.284
253	7.2	8.9	0.263
254	6.7	8.9	0.231
255	6.8	8.9	0.211
256	7.0	8.9	0.196
257	7.6	8.9	0.204
258	7.6	8.8	0.253
259	7.7	8.8	0.283
260	8.0	8.8	0.350
261	8.2	8.8	0.359
262	8.5	8.8	0.335
263	8.5	8.8	0.202
264	8.5	8.8	0.126
265	6.9	8.8	0.087
266	7.1	8.8	0.047
267	7.0	8.8	0.019
268	7.0	8.8	0.013
269	6.8	8.8	0.040
270	7.0	8.8	0.101
271	6.9	8.8	0.272
272	8.5	8.8	0.292
273	8.6	8.7	0.293
274	8.3	8.7	0.307
275	8.0	8.7	0.293
276	7.5	8.7	0.284
277	7.1	8.7	0.263
278	6.9	8.7	0.231
279	6.7	8.7	0.211
280	6.7	8.7	0.196
281	6.6	8.7	0.204
282	6.8	8.7	0.253
283	6.8	8.7	0.283
284	6.8	8.7	0.350
285	7.1	8.7	0.359
286	7.1	8.7	0.335
287	7.1	8.7	0.202
288	7.2	8.7	0.126
289	5.4	8.6	0.087
290	5.4	8.6	0.047
291	5.3	8.6	0.019
292	5.3	8.6	0.013
293	5.4	8.6	0.040
294	5.5	8.6	0.101
295	5.3	8.6	0.272
296	6.9	8.6	0.292
297	6.9	8.6	0.293
298	6.8	8.6	0.307
299	6.5	8.6	0.293
300	6.2	8.6	0.284
301	5.9	8.6	0.263
302	5.8	8.6	0.231
303	5.8	8.6	0.211
304	5.5	8.6	0.196
305	5.8	8.6	0.204
306	5.7	8.6	0.253
307	5.8	8.6	0.283
308	5.9	8.6	0.350
309	6.0	8.6	0.359
310	6.4	8.6	0.335
311	6.3	8.6	0.202
312	6.4	8.6	0.126
313	4.9	8.5	0.087
314	4.9	8.5	0.047
315	4.9	8.5	0.019
316	4.7	8.5	0.013
317	4.6	8.5	0.040
318	4.5	8.5	0.101
319	4.6	8.5	0.272
320	6.3	8.5	0.292
321	6.4	8.5	0.293
322	6.2	8.5	0.307
323	6.1	8.5	0.293
324	6.2	8.5	0.284
325	6.0	8.5	0.263
326	5.8	8.5	0.231
327	5.4	8.5	0.211
328	5.2	8.5	0.196
329	5.5	8.5	0.204
330	5.5	8.5	0.253
331	5.8	8.5	0.283
332	5.9	8.5	0.350
333	5.9	8.5	0.359
334	6.0	8.5	0.335
335	6.1	8.5	0.202
336	6.0	8.5	0.126
337	4.5	8.5	0.087
338	4.6	8.5	0.047
339	4.8	8.5	0.019
340	5.0	8.5	0.013
341	5.1	8.5	0.040
342	5.1	8.4	0.101
343	5.1	8.4	0.272
344	7.0	8.4	0.292
345	7.1	8.4	0.293
346	7.2	8.4	0.307
347	7.0	8.4	0.293
348	6.8	8.4	0.284
349	6.7	8.4	0.263
350	7.0	8.4	0.231
351	7.0	8.4	0.211
352	7.1	8.4	0.196
353	7.3	8.4	0.204
354	7.5	8.4	0.253
355	7.6	8.4	0.283
356	7.9	8.4	0.350
357	7.8	8.4	0.359
358	8.1	8.4	0.335
359	8.0	8.4	0.202
360	7.9	8.4	0.126
361	6.2	8.3	0.087
362	6.3	8.3	0.047
363	6.5	8.3	0.019
364	6.5	8.3	0.013
365	6.4	8.3	0.040
366	6.7	8.3	0.101
367	6.8	8.3	0.272
368	8.5	8.3	0.292
369	8.4	8.3	0.293
370	8.5	8.3	0.307
371	7.9	8.3	0.293
372	7.8	8.3	0.284
373	7.6	8.3	0.263
374	7.4	8.3	0.231
375	7.5	8.3	0.211
376	7.8	8.3	0.196
377	8.4	8.3	0.204
378	8.8	8.3	0.253
379	9.0	8.3	0.283
380	9.2	8.3	0.350
381	9.3	8.3	0.359
382	9.7	8.2	0.335
383	10.1	8.2	0.202
384	10.4	8.2	0.126
385	9.3	8.2	0.087
386	9.4	8.2	0.047
387	9.4	8.2	0.019
388	9.3	8.2	0.013
389	9.3	8.2	0.040
390	9.2	8.2	0.101
391	9.2	8.2	0.272
392	10.6	8.2	0.292
393	10.2	8.2	0.293
394	9.7	8.2	0.307
395	9.3	8.2	0.293
396	8.8	8.2	0.284
397	8.1	8.2	0.263
398	7.5	8.2	0.231
399	7.6	8.2	0.211
400	7.4	8.2	0.196
401	7.3	8.2	0.204
402	7.6	8.2	0.253
403	7.4	8.2	0.283
404	7.4	8.2	0.350
405	7.9	8.2	0.359
406	7.6	8.2	0.335
407	7.7	8.2	0.202
408	7.5	8.2	0.126
409	5.5	8.2	0.087
410	5.7	8.2	0.047
411	5.9	8.2	0.019
412	6.0	8.1	0.013
413	6.0	8.1	0.040
414	6.0	8.1	0.101
415	6.3	8.1	0.272
416	8.0	8.1	0.292
417	7.9	8.1	0.293
418	7.6	8.1	0.307
419	7.6	8.1	0.293
420	7.4	8.1	0.284
421	7.2	8.1	0.263
422	7.2	8.1	0.231
423	7.2	8.1	0.211
424	7.5	8.1	0.196
425	7.6	8.1	0.204
426	7.6	8.1	0.253
427	8.0	8.1	0.283
428	8.1	8.1	0.350
429	8.5	8.1	0.359
430	8.6	8.1	0.335
431	8.6	8.1	0.202
432	8.5	8.1	0.126
433	7.0	8.1	0.087
434	7.2	8.1	0.047
435	7.5	8.1	0.019
436	7.8	8.1	0.013
437	7.5	8.1	0.040
438	7.5	8.1	0.101
439	7.3	8.1	0.272
440	9.0	8.0	0.292
441	8.8	8.0	0.293
442	8.8	8.0	0.307
443	8.9	8.0	0.293
444	8.5	8.0	0.284
445	8.4	8.0	0.263
446	8.1	8.0	0.231
447	7.7	8.0	0.211
448	7.9	8.0	0.196
449	7.8	8.0	0.204
450	7.7	8.0	0.253
451	8.0	8.0	0.283
452	8.2	8.0	0.350
453	8.5	8.0	0.359
454	8.7	8.0	0.335
455	8.5	8.0	0.202
456	8.4	8.0	0.126
457	6.9	8.0	0.087
458	7.2	8.0	0.047
459	7.2	8.0	0.019
460	7.6	8.0	0.013
461	7.5	8.0	0.040
462	7.6	8.0	0.101
463	7.6	8.0	0.272
464	9.2	8.0	0.292
465	9.2	8.0	0.293
466	8.8	8.0	0.307
467	8.5	8.0	0.293
468	8.2	8.0	0.284
469	7.9	8.0	0.263
470	7.7	8.0	0.231
471	7.5	8.0	0.211
472	7.3	8.0	0.196
473	7.4	8.0	0.204
474	7.3	8.0	0.253
475	7.4	8.0	0.283
476	7.7	8.0	0.350
477	7.6	8.0	0.359
478	7.8	8.0	0.335
479	7.8	7.9	0.202
480	7.8	7.9	0.126
481	6.2	7.9	0.087
482	6.7	7.9	0.047
483	6.7	7.9	0.019
484	6.9	7.9	0.013
485	6.9	7.9	0.040
486	6.9	7.9	0.101
487	7.0	7.9	0.272
488	8.5	7.9	0.292
489	8.3	7.9	0.293
490	8.0	7.9	0.307
491	7.7	7.9	0.293
492	7.2	7.9	0.284
493	7.3	7.9	0.263
494	7.0	7.9	0.231
495	7.0	7.9	0.211
496	7.1	7.9	0.196
497	7.0	7.9	0.204
498	7.4	7.9	0.253
499	7.5	7.9	0.283
500	7.9	7.9	0.350
501	7.9	7.9	0.359
502	8.2	7.9	0.335
503	8.4	7.9	0.202
504	8.6	7.9	0.126
505	7.1	7.9	0.087
506	7.0	7.9	0.047
507	6.9	7.9	0.019
508	7.0	7.9	0.013
509	7.2	7.9	0.040
510	7.5	7.9	0.101
511	7.7	7.9	0.272
512	9.4	7.9	0.292
513	9.2	7.9	0.293
514	8.9	7.9	0.307
515	8.6	7.9	0.293
516	8.3	7.9	0.284
517	8.2	7.9	0.263
518	8.0	7.9	0.231
519	8.0	7.8	0.211
520	8.3	7.8	0.196
521	8.3	7.8	0.204
522	8.4	7.8	0.253
523	8.6	7.8	0.283
524	8.5	7.8	0.350
525	8.5	7.8	0.359
526	8.7	7.8	0.335
527	9.0	7.8	0.202
528	9.3	7.8	0.126
529	7.8	7.8	0.087
530	7.8	7.8	0.047
531	8.1	7.8	0.019
532	7.9	7.8	0.013
533	8.0	7.8	0.040
534	7.8	7.8	0.101
535	8.1	7.8	0.272
536	9.7	7.8	0.292
537	9.4	7.8	0.293
538	9.0	7.8	0.307
539	8.6	7.8	0.293
540	8.1	7.8	0.284
541	7.7	7.8	0.263
542	7.2	7.8	0.231
543	7.2	7.8	0.211
544	7.4	7.8	0.196
545	7.5	7.8	0.204
546	7.7	7.8	0.253
547	7.8	7.8	0.283
548	7.9	7.8	0.350
549	8.0	7.8	0.359
550	8.4	7.8	0.335
551	8.5	7.8	0.202
552	8.9	7.8	0.126
553	7.2	7.8	0.087
554	7.2	7.8	0.047
555	7.2	7.8	0.019
556	7.2	7.8	0.013
557	7.5	7.8	0.040
558	7.7	7.8	0.101
559	7.5	7.8	0.272
560	8.9	7.8	0.292
561	8.7	7.8	0.293
562	8.4	7.7	0.307
563	8.2	7.7	0.293
564	8.0	7.7	0.284
565	7.7	7.7	0.263
566	7.5	7.7	0.231
567	7.4	7.7	0.211
568	7.4	7.7	0.196
569	7.6	7.7	0.204
570	7.7	7.7	0.253
571	7.8	7.7	0.283
572	8.0	7.7	0.350
573	7.8	7.7	0.359
574	7.9	7.7	0.335
575	7.9	7.7	0.202
576	7.7	7.7	0.126
577	6.1	7.7	0.087
578	6.3	7.7	0.047
579	6.4	7.7	0.019
580	6.0	7.7	0.013
581	5.9	7.7	0.040
582	5.9	7.7	0.101
583	5.9	7.7	0.272
584	7.2	7.7	0.292
585	7.1	7.7	0.293
586	6.9	7.7	0.307
587	6.5	7.7	0.293
588	6.1	7.7	0.284
589	5.8	7.7	0.263
590	5.7	7.7	0.231
591	5.5	7.7	0.211
592	5.3	7.7	0.196
593	5.3	7.7	0.204
594	5.3	7.7	0.253
595	5.4	7.7	0.283
596	5.3	7.7	0.350
597	5.5	7.7	0.359
598	5.7	7.7	0.335
599	5.8	7.7	0.202
600	5.9	7.7	0.126
601	4.2	7.7	0.087
602	4.5	7.7	0.047
603	4.9	7.7	0.019
604	5.1	7.7	0.013
605	5.3	7.7	0.040
606	5.2	7.6	0.101
607	5.2	7.6	0.272
608	6.8	7.6	0.292
609	7.0	7.6	0.293
610	6.9	7.6	0.307
611	6.8	7.6	0.293
612	6.9	7.6	0.284
613	6.9	7.6	0.263
614	6.7	7.6	0.231
615	6.6	7.6	0.211
616	6.3	7.6	0.196
617	6.8	7.6	0.204
618	6.9	7.6	0.253
619	7.4	7.6	0.283
620	7.5	7.6	0.350
621	8.0	7.6	0.359
622	8.2	7.6	0.335
623	8.3	7.6	0.202
624	8.5	7.6	0.126
625	7.2	7.6	0.087
626	7.3	7.6	0.047
627	7.2	7.6	0.019
628	7.0	7.6	0.013
629	7.0	7.6	0.040
630	7.0	7.6	0.101
631	6.8	7.6	0.272
632	8.3	7.6	0.292
633	8.1	7.6	0.293
634	8.0	7.6	0.307
635	7.4	7.6	0.293
636	6.9	7.6	0.284
637	6.8	7.6	0.263
638	6.7	7.6	0.231
639	6.7	7.6	0.211
640	6.9	7.6	0.196
641	6.8	7.5	0.204
642	7.1	7.5	0.253
643	7.4	7.5	0.283
644	7.4	7.5	0.350
645	7.5	7.5	0.359
646	7.2	7.5	0.335
647	7.1	7.5	0.202
648	7.0	7.5	0.126
649	5.5	7.5	0.087
650	5.8	7.5	0.047
651	5.8	7.5	0.019
652	5.8	7.5	0.013
653	6.0	7.5	0.040
654	6.3	7.5	0.101
655	6.2	7.5	0.272
656	7.8	7.5	0.292
657	7.8	7.5	0.293
658	7.6	7.5	0.307
659	7.4	7.5	0.293
660	7.3	7.5	0.284
661	7.2	7.5	0.263
662	7.2	7.5	0.231
663	7.3	7.5	0.211
664	7.2	7.5	0.196
665	7.6	7.5	0.204
666	7.8	7.5	0.253
667	8.2	7.5	0.283
668	8.6	7.5	0.350
669	8.9	7.5	0.359
670	9.3	7.5	0.335
671	9.7	7.5	0.202
672	9.8	7.5	0.126
673	8.3	7.5	0.087
674	8.0	7.5	0.047
675	7.8	7.5	0.019
676	7.6	7.5	0.013
677	6.9	7.5	0.040
678	6.5	7.5	0.101
679	6.3	7.5	0.272
680	7.9	7.5	0.292
681	7.9	7.5	0.293
682	7.7	7.5	0.307
683	7.3	7.5	0.293
684	6.9	7.4	0.284
685	6.9	7.4	0.263
686	6.7	7.4	0.231
687	6.6	7.4	0.211
688	6.0	7.4	0.196
689	5.7	7.4	0.204
690	5.6	7.4	0.253
691	5.5	7.4	0.283
692	5.2	7.4	0.350
693	4.8	7.4	0.359
694	4.5	7.4	0.335
695	4.2	7.4	0.202
696	4.0	7.4	0.126
697	2.3	7.4	0.087
698	2.2	7.4	0.047
699	2.4	7.4	0.019
700	2.5	7.4	0.013
701	2.6	7.4	0.040
702	2.6	7.4	0.101
703	2.7	7.4	0.272
704	4.5	7.4	0.292
705	4.4	7.4	0.293
706	4.3	7.4	0.307
707	4.4	7.4	0.293
708	4.1	7.4	0.284
709	3.9	7.4	0.263
710	3.9	7.4	0.231
711	4.1	7.4	0.211
712	3.9	7.4	0.196
713	3.9	7.4	0.204
714	3.8	7.4	0.253
715	3.8	7.4	0.283
716	3.6	7.4	0.350
717	3.7	7.4	0.359
718	3.5	7.4	0.335
719	3.6	7.4	0.202
720	3.8	7.4	0.126
721	2.3	7.4	0.087
722	2.1	7.4	0.047
723	2.0	7.4	0.019
724	1.9	7.4	0.013
725	1.8	7.4	0.040
726	1.9	7.4	0.101
727	2.0	7.4	0.272
728	3.6	7.4	0.292
729	3.8	7.4	0.293
730	3.5	7.4	0.307
731	3.1	7.4	0.293
732	3.0	7.4	0.284
733	2.7	7.4	0.263
734	2.4	7.4	0.231
735	2.6	7.3	0.211
736	2.8	7.3	0.196
737	3.0	7.3	0.204
738	3.5	7.3	0.253
739	4.1	7.3	0.283
740	4.3	7.3	0.350
741	4.3	7.3	0.359
742	4.3	7.3	0.335
743	4.7	7.3	0.202
744	5.0	7.3	0.126
745	3.5	7.3	0.087
746	3.8	7.3	0.047
747	3.8	7.3	0.019
748	3.7	7.3	0.013
749	3.7	7.3	0.040
750	3.8	7.3	0.101
751	3.6	7.3	0.272
752	5.3	7.3	0.292
753	5.2	7.3	0.293
754	4.9	7.3	0.307
755	4.5	7.3	0.293
756	4.3	7.3	0.284
757	4.2	7.3	0.263
758	4.0	7.3	0.231
759	4.1	7.3	0.211
760	4.0	7.3	0.196
761	4.2	7.3	0.204
762	4.5	7.3	0.253
763	4.8	7.3	0.283
764	5.2	7.3	0.350
765	5.6	7.3	0.359
766	6.0	7.3	0.335
767	6.4	7.3	0.202
768	6.6	7.3	0.126
769	5.3	7.3	0.087
770	5.2	7.3	0.047
771	5.2	7.3	0.019
772	5.5	7.3	0.013
773	5.8	7.3	0.040
774	5.9	7.3	0.101
775	6.1	7.3	0.272
776	7.6	7.3	0.292
777	7.6	7.3	0.293
778	7.5	7.3	0.307
779	7.4	7.3	0.293
780	7.4	7.3	0.284
781	7.2	7.3	0.263
782	7.0	7.3	0.231
783	7.1	7.3	0.211
784	7.3	7.3	0.196
785	7.5	7.3	0.204
786	7.6	7.3	0.253
787	8.1	7.2	0.283
788	8.5	7.2	0.350
789	8.9	7.2	0.359
790	9.1	7.2	0.335
791	9.3	7.2	0.202
792	9.4	7.2	0.126
793	8.1	7.2	0.087
794	8.2	7.2	0.047
795	8.2	7.2	0.019
796	8.4	7.2	0.013
797	8.6	7.2	0.040
798	8.6	7.2	0.101
799	8.9	7.2	0.272
800	10.0	7.2	0.292
801	10.0	7.2	0.293
802	9.7	7.2	0.307
803	9.4	7.2	0.293
804	9.0	7.2	0.284
805	8.8	7.2	0.263
806	8.5	7.2	0.231
807	8.5	7.2	0.211
808	8.6	7.2	0.196
809	8.7	7.2	0.204
810	8.9	7.2	0.253
811	9.2	7.2	0.283
812	9.3	7.2	0.350
813	9.1	7.2	0.359
814	9.5	7.2	0.335
815	9.3	7.2	0.202
816	9.2	7.2	0.126
817	8.1	7.2	0.087
818	8.0	7.2	0.047
819	7.9	7.2	0.019
820	8.0	7.2	0.013
821	7.7	7.2	0.040
822	7.4	7.2	0.101
823	7.2	7.2	0.272
824	8.4	7.2	0.292
825	8.3	7.2	0.293
826	8.2	7.2	0.307
827	7.7	7.2	0.293
828	7.1	7.2	0.284
829	6.8	7.2	0.263
830	6.4	7.2	0.231
831	6.3	7.2	0.211
832	6.3	7.2	0.196
833	6.2	7.2	0.204
834	6.2	7.2	0.253
835	6.6	7.2	0.283
836	6.6	7.2	0.350
837	6.7	7.2	0.359
838	6.8	7.2	0.335
839	7.0	7.2	0.202
840	6.9	7.2	0.126
841	5.6	7.2	0.087
842	5.5	7.2	0.047
843	5.4	7.2	0.019
844	5.6	7.1	0.013
845	5.6	7.1	0.040
846	5.6	7.1	0.101
847	5.7	7.1	0.272
848	7.0	7.1	0.292
849	6.8	7.1	0.293
850	6.5	7.1	0.307
851	6.3	7.1	0.293
852	6.0	7.1	0.284
853	5.6	7.1	0.263
854	5.7	7.1	0.231
855	5.7	7.1	0.211
856	5.9	7.1	0.196
857	6.0	7.1	0.204
858	6.3	7.1	0.253
859	6.6	7.1	0.283
860	6.9	7.1	0.350
861	7.0	7.1	0.359
862	7.0	7.1	0.335
863	7.1	7.1	0.202
864	7.0	7.1	0.126
865	5.6	7.1	0.087
866	5.8	7.1	0.047
867	5.7	7.1	0.019
868	5.8	7.1	0.013
869	5.4	7.1	0.040
870	5.5	7.1	0.101
871	5.7	7.1	0.272
872	6.9	7.1	0.292
873	6.9	7.1	0.293
874	6.9	7.1	0.307
875	6.5	7.1	0.293
876	6.4	7.1	0.284
877	6.1	7.1	0.263
878	5.9	7.1	0.231
879	5.9	7.1	0.211
880	5.6	7.1	0.196
881	5.7	7.1	0.204
882	5.9	7.1	0.253
883	6.3	7.1	0.283
884	6.4	7.1	0.350
885	6.6	7.0	0.359
886	6.5	7.0	0.335
887	6.9	7.0	0.202
888	6.8	7.0	0.126
889	5.5	7.0	0.087
890	5.4	7.0	0.047
891	5.3	7.0	0.019
892	5.0	7.0	0.013
893	5.2	7.0	0.040
894	5.1	7.0	0.101
895	5.1	7.0	0.272
896	6.3	7.0	0.292
897	6.2	7.0	0.293
898	6.2	7.0	0.307
899	5.9	7.0	0.293
900	6.0	7.0	0.284
901	6.1	7.0	0.263
902	6.1	7.0	0.231
903	6.0	7.0	0.211
904	5.9	7.0	0.196
905	5.9	7.0	0.204
906	5.7	7.0	0.253
907	5.7	7.0	0.283
908	5.6	7.0	0.350
909	5.7	7.0	0.359
910	5.7	7.0	0.335
911	5.8	7.0	0.202
912	5.7	7.0	0.126
913	4.3	7.0	0.087
914	4.5	7.0	0.047
915	4.7	7.0	0.019
916	4.9	7.0	0.013
917	4.9	7.0	0.040
918	5.2	7.0	0.101
919	5.1	7.0	0.272
920	6.3	7.0	0.292
921	6.3	7.0	0.293
922	6.1	7.0	0.307
923	6.1	7.0	0.293
924	5.6	7.0	0.284
925	5.6	7.0	0.263
926	5.5	7.0	0.231
927	5.4	7.0	0.211
928	5.4	7.0	0.196
929	5.4	7.0	0.204
930	5.8	7.0	0.253
931	6.0	7.0	0.283
932	6.3	7.0	0.350
933	6.3	6.9	0.359
934	6.7	6.9	0.335
935	6.8	6.9	0.202
936	6.9	6.9	0.126
937	5.4	6.9	0.087
938	5.6	6.9	0.047
939	5.5	6.9	0.019
940	5.5	6.9	0.013
941	5.6	6.9	0.040
942	5.7	6.9	0.101
943	5.9	6.9	0.272
944	7.3	6.9	0.292
945	7.3	6.9	0.293
946	7.2	6.9	0.307
947	6.9	6.9	0.293
948	6.5	6.9	0.284
949	6.2	6.9	0.263
950	6.0	6.9	0.231
951	6.3	6.9	0.211
952	6.4	6.9	0.196
953	6.4	6.9	0.204
954	6.5	6.9	0.253
955	6.6	6.9	0.283
956	7.0	6.9	0.350
957	6.9	6.9	0.359
958	6.9	6.9	0.335
959	7.1	6.9	0.202
960	7.2	6.9	0.126
961	5.9	6.9	0.087
962	6.0	6.9	0.047
963	6.1	6.9	0.019
964	6.1	6.9	0.013
965	6.2	6.9	0.040
966	6.2	6.9	0.101
967	6.1	6.9	0.272
968	7.6	6.9	0.292
969	7.3	6.9	0.293
970	7.1	6.9	0.307
971	6.9	6.9	0.293
972	6.6	6.9	0.284
973	6.1	6.9	0.263
974	6.0	6.9	0.231
975	5.9	6.9	0.211
976	5.8	6.9	0.196
977	6.0	6.9	0.204
978	6.3	6.9	0.253
979	6.9	6.9	0.283
980	7.0	6.9	0.350
981	7.4	6.9	0.359
982	7.7	6.9	0.335
983	7.5	6.9	0.202
984	7.6	6.9	0.126
985	6.4	6.9	0.087
986	6.3	6.9	0.047
987	6.3	6.9	0.019
988	6.5	6.9	0.013
989	6.4	6.9	0.040
990	6.3	6.9	0.101
991	6.2	6.9	0.272
992	7.5	6.9	0.292
993	7.4	6.9	0.293
994	7.0	6.9	0.307
995	6.9	6.9	0.293
996	6.7	6.9	0.284
997	6.4	6.9	0.263
998	6.2	6.9	0.231
999	6.2	6.9	0.211
1000	6.3	6.9	0.196
1001	6.3	6.9	0.204
1002	6.6	6.9	0.253
1003	6.7	6.9	0.283
1004	6.8	6.8	0.350
1005	6.8	6.8	0.359
1006	7.2	6.8	0.335
1007	7.2	6.8	0.202
1008	6.9	6.8	0.126
1009	5.6	6.8	0.087
1010	5.6	6.8	0.047
1011	5.8	6.8	0.019
1012	5.8	6.8	0.013
1013	5.5	6.8	0.040
1014	5.4	6.8	0.101
1015	5.4	6.8	0.272
1016	6.6	6.8	0.292
1017	6.4	6.8	0.293
1018	6.4	6.8	0.307
1019	6.1	6.8	0.293
1020	5.8	6.8	0.284
1021	5.7	6.8	0.263
1022	5.3	6.8	0.231
1023	5.0	6.8	0.211
1024	5.0	6.8	0.196
1025	4.9	6.8	0.204
1026	4.8	6.8	0.253
1027	5.1	6.8	0.283
1028	5.4	6.8	0.350
1029	5.6	6.8	0.359
1030	5.4	6.8	0.335
1031	5.6	6.8	0.202
1032	5.7	6.8	0.126
1033	4.2	6.8	0.087
1034	4.3	6.8	0.047
1035	4.4	6.8	0.019
1036	4.5	6.8	0.013
1037	4.3	6.8	0.040
1038	4.3	6.8	0.101
1039	4.4	6.8	0.272
1040	5.7	6.8	0.292
1041	5.7	6.8	0.293
1042	5.8	6.8	0.307
1043	5.8	6.8	0.293
1044	6.0	6.8	0.284
1045	5.8	6.8	0.263
1046	5.9	6.8	0.231
1047	5.8	6.8	0.211
1048	6.0	6.8	0.196
1049	6.2	6.8	0.204
1050	6.3	6.8	0.253
1051	6.4	6.8	0.283
1052	6.5	6.8	0.350
1053	6.5	6.8	0.359
1054	6.6	6.8	0.335
1055	6.5	6.8	0.202
1056	6.6	6.8	0.126
1057	5.0	6.7	0.087
1058	5.0	6.7	0.047
1059	4.9	6.7	0.019
1060	4.9	6.7	0.013
1061	4.9	6.7	0.040
1062	4.9	6.7	0.101
1063	4.9	6.7	0.272
1064	6.3	6.7	0.292
1065	6.1	6.7	0.293
1066	6.1	6.7	0.307
1067	5.8	6.7	0.293
1068	5.7	6.7	0.284
1069	5.4	6.7	0.263
1070	5.1	6.7	0.231
1071	5.0	6.7	0.211
1072	5.2	6.7	0.196
1073	5.2	6.7	0.204
1074	5.0	6.7	0.253
1075	5.0	6.7	0.283
1076	4.9	6.7	0.350
1077	4.7	6.7	0.359
1078	4.4	6.7	0.335
1079	4.5	6.7	0.202
1080	4.5	6.7	0.126
1081	3.1	6.7	0.087
1082	3.2	6.7	0.047
1083	3.0	6.7	0.019
1084	3.1	6.7	0.013
1085	3.2	6.7	0.040
1086	2.9	6.7	0.101
1087	2.9	6.7	0.272
1088	4.2	6.7	0.292
1089	3.7	6.7	0.293
1090	3.5	6.7	0.307
1091	3.2	6.7	0.293
1092	3.1	6.7	0.284
1093	2.9	6.7	0.263
1094	2.6	6.7	0.231
1095	2.5	6.7	0.211
1096	2.4	6.7	0.196
1097	2.5	6.7	0.204
1098	2.9	6.7	0.253
1099	3.2	6.7	0.283
1100	3.4	6.7	0.350
1101	3.3	6.6	0.359
1102	3.5	6.6	0.335
1103	3.7	6.6	0.202
1104	4.0	6.6	0.126
1105	2.8	6.6	0.087
1106	2.8	6.6	0.047
1107	2.8	6.6	0.019
1108	3.1	6.6	0.013
1109	3.0	6.6	0.040
1110	2.9	6.6	0.101
1111	3.1	6.6	0.272
1112	4.4	6.6	0.292
1113	4.4	6.6	0.293
1114	4.3	6.6	0.307
1115	4.0	6.6	0.293
1116	3.5	6.6	0.284
1117	3.0	6.6	0.263
1118	3.0	6.6	0.231
1119	3.3	6.6	0.211
1120	3.4	6.6	0.196
1121	3.5	6.6	0.204
1122	3.7	6.6	0.253
1123	4.0	6.6	0.283
1124	4.4	6.6	0.350
1125	4.6	6.6	0.359
1126	4.8	6.6	0.335
1127	5.1	6.6	0.202
1128	5.3	6.6	0.126
1129	4.1	6.6	0.087
1130	4.1	6.6	0.047
1131	4.4	6.6	0.019
1132	4.5	6.6	0.013
1133	4.8	6.6	0.040
1134	4.9	6.6	0.101
1135	4.9	6.6	0.272
1136	6.1	6.6	0.292
1137	5.9	6.6	0.293
1138	5.8	6.6	0.307
1139	5.6	6.6	0.293
1140	5.3	6.6	0.284
1141	5.0	6.6	0.263
1142	4.8	6.5	0.231
1143	4.7	6.5	0.211
1144	4.8	6.5	0.196
1145	5.0	6.5	0.204
1146	5.6	6.5	0.253
1147	5.6	6.5	0.283
1148	5.8	6.5	0.350
1149	6.0	6.5	0.359
1150	6.4	6.5	0.335
1151	6.5	6.5	0.202
1152	6.8	6.5	0.126
1153	5.6	6.5	0.087
1154	5.6	6.5	0.047
1155	5.8	6.5	0.019
1156	5.8	6.5	0.013
1157	6.1	6.5	0.040
1158	6.0	6.5	0.101
1159	6.0	6.5	0.272
1160	7.5	6.5	0.292
1161	7.6	6.5	0.293
1162	7.4	6.5	0.307
1163	7.3	6.5	0.293
1164	7.1	6.5	0.284
1165	6.8	6.5	0.263
1166	6.8	6.5	0.231
1167	6.7	6.5	0.211
1168	6.5	6.5	0.196
1169	6.5	6.5	0.204
1170	6.9	6.5	0.253
1171	7.2	6.5	0.283
1172	7.2	6.5	0.350
1173	7.2	6.5	0.359
1174	7.4	6.5	0.335
1175	7.7	6.5	0.202
1176	7.7	6.5	0.126
1177	6.2	6.5	0.087
1178	6.2	6.5	0.047
1179	6.5	6.5	0.019
1180	6.4	6.5	0.013
1181	6.7	6.5	0.040
1182	6.9	6.5	0.101
1183	6.8	6.5	0.272
1184	8.2	6.5	0.292
1185	7.9	6.5	0.293
1186	7.7	6.5	0.307
1187	7.7	6.5	0.293
1188	7.4	6.5	0.284
1189	7.2	6.5	0.263
1190	7.1	6.5	0.231
1191	7.1	6.5	0.211
1192	7.0	6.5	0.196
1193	7.1	6.4	0.204
1194	7.4	6.4	0.253
1195	7.4	6.4	0.283
1196	7.9	6.4	0.350
1197	8.3	6.4	0.359
1198	8.5	6.4	0.335
1199	8.3	6.4	0.202
1200	8.5	6.4	0.126
1201	7.3	6.4	0.087
1202	7.6	6.4	0.047
1203	7.6	6.4	0.019
1204	7.7	6.4	0.013
1205	7.4	6.4	0.040
1206	7.2	6.4	0.101
1207	7.3	6.4	0.272
1208	8.6	6.4	0.292
1209	8.6	6.4	0.293
1210	8.4	6.4	0.307
1211	8.3	6.4	0.293
1212	8.2	6.4	0.284
1213	8.1	6.4	0.263
1214	8.1	6.4	0.231
1215	8.0	6.4	0.211
1216	8.1	6.4	0.196
1217	8.2	6.4	0.204
1218	8.5	6.4	0.253
1219	8.6	6.4	0.283
1220	8.7	6.4	0.350
1221	8.8	6.4	0.359
1222	8.9	6.4	0.335
1223	8.9	6.4	0.202
1224	9.1	6.4	0.126
1225	7.7	6.4	0.087
1226	7.5	6.4	0.047
1227	7.5	6.4	0.019
1228	7.2	6.4	0.013
1229	6.8	6.4	0.040
1230	6.6	6.4	0.101
1231	6.5	6.4	0.272
1232	7.8	6.4	0.292
1233	7.7	6.4	0.293
1234	7.3	6.4	0.307
1235	7.0	6.4	0.293
1236	6.9	6.4	0.284
1237	6.8	6.4	0.263
1238	6.4	6.4	0.231
1239	6.4	6.4	0.211
1240	6.3	6.4	0.196
1241	6.2	6.4	0.204
1242	6.1	6.4	0.253
1243	5.9	6.4	0.283
1244	5.7	6.4	0.350
1245	5.7	6.4	0.359
1246	5.3	6.4	0.335
1247	5.2	6.4	0.202
1248	5.1	6.4	0.126
1249	3.5	6.3	0.087
1250	3.7	6.3	0.047
1251	3.6	6.3	0.019
1252	3.5	6.3	0.013
1253	3.5	6.3	0.040
1254	3.6	6.3	0.101
1255	3.7	6.3	0.272
1256	5.1	6.3	0.292
1257	4.8	6.3	0.293
1258	4.3	6.3	0.307
1259	4.1	6.3	0.293
1260	3.6	6.3	0.284
1261	3.5	6.3	0.263
1262	3.5	6.3	0.231
1263	3.4	6.3	0.211
1264	3.7	6.3	0.196
1265	3.8	6.3	0.204
1266	3.9	6.3	0.253
1267	4.3	6.3	0.283
1268	4.4	6.3	0.350
1269	4.5	6.3	0.359
1270	4.8	6.3	0.335
1271	5.0	6.3	0.202
1272	5.1	6.3	0.126
1273	3.7	6.3	0.087
1274	3.8	6.3	0.047
1275	3.9	6.3	0.019
1276	3.8	6.3	0.013
1277	4.0	6.3	0.040
1278	4.1	6.3	0.101
1279	4.1	6.3	0.272
1280	5.7	6.3	0.292
1281	5.6	6.3	0.293
1282	5.5	6.3	0.307
1283	5.0	6.3	0.293
1284	4.7	6.3	0.284
1285	4.6	6.3	0.263
1286	4.4	6.3	0.231
1287	4.2	6.3	0.211
1288	4.2	6.3	0.196
1289	4.4	6.3	0.204
1290	4.7	6.3	0.253
1291	5.1	6.3	0.283
1292	5.0	6.3	0.350
1293	5.1	6.3	0.359
1294	5.3	6.3	0.335
1295	5.2	6.3	0.202
1296	5.4	6.3	0.126
1297	4.0	6.3	0.087
1298	4.2	6.3	0.047
1299	4.3	6.3	0.019
1300	4.8	6.3	0.013
1301	4.9	6.3	0.040
1302	5.1	6.3	0.101
1303	5.2	6.3	0.272
1304	6.7	6.3	0.292
1305	6.6	6.3	0.293
1306	6.3	6.3	0.307
1307	5.9	6.3	0.293
1308	5.6	6.3	0.284
1309	5.4	6.3	0.263
1310	5.2	6.3	0.231
1311	5.0	6.3	0.211
1312	4.7	6.3	0.196
1313	5.0	6.3	0.204
1314	5.3	6.3	0.253
1315	5.7	6.3	0.283
1316	5.9	6.2	0.350
1317	6.0	6.2	0.359
1318	6.1	6.2	0.335
1319	6.2	6.2	0.202
1320	6.0	6.2	0.126
1321	4.7	6.2	0.087
1322	4.8	6.2	0.047
1323	5.0	6.2	0.019
1324	4.8	6.2	0.013
1325	4.9	6.2	0.040
1326	4.9	6.2	0.101
1327	4.6	6.2	0.272
1328	5.7	6.2	0.292
1329	5.6	6.2	0.293
1330	5.4	6.2	0.307
1331	4.8	6.2	0.293
1332	4.2	6.2	0.284
1333	3.9	6.2	0.263
1334	3.4	6.2	0.231
1335	3.3	6.2	0.211
1336	3.6	6.2	0.196
1337	3.5	6.2	0.204
1338	3.8	6.2	0.253
1339	4.2	6.2	0.283
1340	4.4	6.2	0.350
1341	4.4	6.2	0.359
1342	4.4	6.2	0.335
1343	4.5	6.2	0.202
1344	4.5	6.2	0.126
1345	3.2	6.2	0.087
1346	3.5	6.2	0.047
1347	3.7	6.2	0.019
1348	3.8	6.2	0.013
1349	3.8	6.2	0.040
1350	3.8	6.2	0.101
1351	3.9	6.2	0.272
1352	5.3	6.2	0.292
1353	5.3	6.2	0.293
1354	5.0	6.2	0.307
1355	4.8	6.2	0.293
1356	4.6	6.2	0.284
1357	4.4	6.2	0.263
1358	4.5	6.2	0.231
1359	4.4	6.2	0.211
1360	4.5	6.2	0.196
1361	4.7	6.2	0.204
1362	5.1	6.2	0.253
1363	5.6	6.2	0.283
1364	6.1	6.2	0.350
1365	6.3	6.1	0.359
1366	6.4	6.1	0.335
1367	6.9	6.1	0.202
1368	6.9	6.1	0.126
1369	5.8	6.1	0.087
1370	6.1	6.1	0.047
1371	5.8	6.1	0.019
1372	5.9	6.1	0.013
1373	6.0	6.1	0.040
1374	5.9	6.1	0.101
1375	5.9	6.1	0.272
1376	7.3	6.1	0.292
1377	7.4	6.1	0.293
1378	7.1	6.1	0.307
1379	6.7	6.1	0.293
1380	6.5	6.1	0.284
1381	6.3	6.1	0.263
1382	6.1	6.1	0.231
1383	6.0	6.1	0.211
1384	6.1	6.1	0.196
1385	6.3	6.1	0.204
1386	6.8	6.1	0.253
1387	7.5	6.1	0.283
1388	7.7	6.1	0.350
1389	8.0	6.1	0.359
1390	8.1	6.1	0.335
1391	8.4	6.1	0.202
1392	9.0	6.1	0.126
1393	7.7	6.1	0.087
1394	7.8	6.1	0.047
1395	7.8	6.1	0.019
1396	7.8	6.1	0.013
1397	7.9	6.1	0.040
1398	7.8	6.1	0.101
1399	7.8	6.1	0.272
1400	8.9	6.1	0.292
1401	8.7	6.1	0.293
1402	8.4	6.1	0.307
1403	8.0	6.1	0.293
1404	7.4	6.1	0.284
1405	6.9	6.1	0.263
1406	6.4	6.1	0.231
1407	6.2	6.1	0.211
1408	6.0	6.1	0.196
1409	6.1	6.1	0.204
1410	6.5	6.1	0.253
1411	6.9	6.1	0.283
1412	7.0	6.1	0.350
1413	7.1	6.1	0.359
1414	7.3	6.1	0.335
1415	7.3	6.1	0.202
1416	7.5	6.1	0.126
1417	4.1	6.1	0.087
1418	4.2	6.1	0.047
1419	4.2	6.1	0.019
1420	4.3	6.1	0.013
1421	4.3	6.1	0.040
1422	4.4	6.1	0.101
1423	4.4	6.1	0.272
1424	5.4	6.1	0.292
1425	5.1	6.1	0.293
1426	4.8	6.1	0.307
1427	4.5	6.1	0.293
1428	3.9	6.1	0.284
1429	3.6	6.1	0.263
1430	3.5	6.1	0.231
1431	3.4	6.1	0.211
1432	3.5	6.1	0.196
1433	3.6	6.1	0.204
1434	3.8	6.1	0.253
1435	3.9	6.1	0.283
1436	4.0	6.1	0.350
1437	4.1	6.1	0.359
1438	4.2	6.1	0.335
1439	4.4	6.1	0.202
1440	4.5	6.1	0.126
1441	3.5	6.1	0.087
1442	3.6	6.1	0.047
1443	3.9	6.0	0.019
1444	3.9	6.0	0.013
1445	4.0	6.0	0.040
1446	4.1	6.0	0.101
1447	4.1	6.0	0.272
1448	5.2	6.0	0.292
1449	5.1	6.0	0.293
1450	4.7	6.0	0.307
1451	4.5	6.0	0.293
1452	4.2	6.0	0.284
1453	3.8	6.0	0.263
1454	3.6	6.0	0.231
1455	3.7	6.0	0.211
1456	3.7	6.0	0.196
1457	3.7	6.0	0.204
1458	4.3	6.0	0.253
1459	4.6	6.0	0.283
1460	4.9	6.0	0.350
1461	5.0	6.0	0.359
1462	5.2	6.0	0.335
1463	5.4	6.0	0.202
1464	5.6	6.0	0.126
1465	4.8	6.0	0.087
1466	4.8	6.0	0.047
1467	4.8	6.0	0.019
1468	4.7	6.0	0.013
1469	4.8	6.0	0.040
1470	4.8	6.0	0.101
1471	4.9	6.0	0.272
1472	5.9	6.0	0.292
1473	5.9	6.0	0.293
1474	5.8	6.0	0.307
1475	5.6	6.0	0.293
1476	5.6	6.0	0.284
1477	5.6	6.0	0.263
1478	5.7	6.0	0.231
1479	5.7	6.0	0.211
1480	5.7	6.0	0.196
1481	5.9	6.0	0.204
1482	5.9	6.0	0.253
1483	5.9	6.0	0.283
1484	5.9	6.0	0.350
1485	5.9	6.0	0.359
1486	6.0	6.0	0.335
1487	6.0	6.0	0.202
1488	5.9	6.0	0.126
1489	4.8	6.0	0.087
1490	4.8	6.0	0.047
1491	4.9	6.0	0.019
1492	4.7	6.0	0.013
1493	4.8	6.0	0.040
1494	4.8	6.0	0.101
1495	4.7	6.0	0.272
1496	5.6	6.0	0.292
1497	5.4	6.0	0.293
1498	5.1	6.0	0.307
1499	4.8	6.0	0.293
1500	4.5	6.0	0.284
1501	4.2	6.0	0.263
1502	4.0	6.0	0.231
1503	4.0	6.0	0.211
1504	4.1	5.9	0.196
1505	4.5	5.9	0.204
1506	4.7	5.9	0.253
1507	4.9	5.9	0.283
1508	5.3	5.9	0.350
1509	5.2	5.9	0.359
1510	5.4	5.9	0.335
1511	5.5	5.9	0.202
1512	5.4	5.9	0.126
1513	4.8	5.9	0.087
1514	4.9	5.9	0.047
1515	4.9	5.9	0.019
1516	4.8	5.9	0.013
1517	4.6	5.9	0.040
1518	4.5	5.9	0.101
1519	4.5	5.9	0.272
1520	5.3	5.9	0.292
1521	5.2	5.9	0.293
1522	5.0	5.9	0.307
1523	4.7	5.9	0.293
1524	4.4	5.9	0.284
1525	4.2	5.9	0.263
1526	4.1	5.9	0.231
1527	4.0	5.9	0.211
1528	4.1	5.9	0.196
1529	4.1	5.9	0.204
1530	4.3	5.9	0.253
1531	4.2	5.9	0.283
1532	4.1	5.9	0.350
1533	4.1	5.9	0.359
1534	4.1	5.9	0.335
1535	4.0	5.9	0.202
1536	4.1	5.9	0.126
1537	3.2	5.9	0.087
1538	3.0	5.9	0.047
1539	3.2	5.9	0.019
1540	3.4	5.9	0.013
1541	3.4	5.9	0.040
1542	3.5	5.9	0.101
1543	3.5	5.9	0.272
1544	4.3	5.9	0.292
1545	4.2	5.9	0.293
1546	4.1	5.9	0.307
1547	3.7	5.9	0.293
1548	3.6	5.9	0.284
1549	3.4	5.9	0.263
1550	3.4	5.9	0.231
1551	3.1	5.9	0.211
1552	3.3	5.9	0.196
1553	3.5	5.9	0.204
1554	3.6	5.9	0.253
1555	4.0	5.9	0.283
1556	4.1	5.9	0.350
1557	4.1	5.9	0.359
1558	4.1	5.9	0.335
1559	4.2	5.9	0.202
1560	4.2	5.9	0.126
1561	3.4	5.9	0.087
1562	3.3	5.9	0.047
1563	3.2	5.9	0.019
1564	3.1	5.9	0.013
1565	3.0	5.9	0.040
1566	3.1	5.9	0.101
1567	3.2	5.9	0.272
1568	4.1	5.9	0.292
1569	4.2	5.9	0.293
1570	4.2	5.9	0.307
1571	4.1	5.9	0.293
1572	3.9	5.9	0.284
1573	3.8	5.9	0.263
1574	3.6	5.9	0.231
1575	3.6	5.9	0.211
1576	3.6	5.9	0.196
1577	3.4	5.9	0.204
1578	3.4	5.9	0.253
1579	3.5	5.8	0.283
1580	3.6	5.8	0.350
1581	3.7	5.8	0.359
1582	3.6	5.8	0.335
1583	3.6	5.8	0.202
1584	3.6	5.8	0.126
1585	2.7	5.8	0.087
1586	3.0	5.8	0.047
1587	3.0	5.8	0.019
1588	3.1	5.8	0.013
1589	3.1	5.8	0.040
1590	3.2	5.8	0.101
1591	3.1	5.8	0.272
1592	4.1	5.8	0.292
1593	4.2	5.8	0.293
1594	4.1	5.8	0.307
1595	3.9	5.8	0.293
1596	3.8	5.8	0.284
1597	3.6	5.8	0.263
1598	3.6	5.8	0.231
1599	3.5	5.8	0.211
1600	3.6	5.8	0.196
1601	3.7	5.8	0.204
1602	4.1	5.8	0.253
1603	4.2	5.8	0.283
1604	4.4	5.8	0.350
1605	4.6	5.8	0.359
1606	4.7	5.8	0.335
1607	4.9	5.8	0.202
1608	5.3	5.8	0.126
1609	4.5	5.8	0.087
1610	4.5	5.8	0.047
1611	4.6	5.8	0.019
1612	4.6	5.8	0.013
1613	4.6	5.8	0.040
1614	4.5	5.8	0.101
1615	4.5	5.8	0.272
1616	5.4	5.8	0.292
1617	5.3	5.8	0.293
1618	4.9	5.8	0.307
1619	4.7	5.8	0.293
1620	4.2	5.8	0.284
1621	3.7	5.8	0.263
1622	3.4	5.8	0.231
1623	3.2	5.8	0.211
1624	3.3	5.8	0.196
1625	3.4	5.8	0.204
1626	3.8	5.8	0.253
1627	4.1	5.8	0.283
1628	4.4	5.8	0.350
1629	4.4	5.8	0.359
1630	4.6	5.8	0.335
1631	4.7	5.8	0.202
1632	4.9	5.8	0.126
1633	3.9	5.8	0.087
1634	4.0	5.8	0.047
1635	4.0	5.8	0.019
1636	4.1	5.8	0.013
1637	4.3	5.8	0.040
1638	4.3	5.8	0.101
1639	4.3	5.8	0.272
1640	5.3	5.8	0.292
1641	5.1	5.8	0.293
1642	4.5	5.8	0.307
1643	4.1	5.8	0.293
1644	3.6	5.7	0.284
1645	3.3	5.7	0.263
1646	3.1	5.7	0.231
1647	3.0	5.7	0.211
1648	2.9	5.7	0.196
1649	3.1	5.7	0.204
1650	3.4	5.7	0.253
1651	3.7	5.7	0.283
1652	3.8	5.7	0.350
1653	4.1	5.7	0.359
1654	4.1	5.7	0.335
1655	4.1	5.7	0.202
1656	4.3	5.7	0.126
1657	3.4	5.7	0.087
1658	3.6	5.7	0.047
1659	3.6	5.7	0.019
1660	3.6	5.7	0.013
1661	3.6	5.7	0.040
1662	3.6	5.7	0.101
1663	3.6	5.7	0.272
1664	4.6	5.7	0.292
1665	4.4	5.7	0.293
1666	4.3	5.7	0.307
1667	4.1	5.7	0.293
1668	3.5	5.7	0.284
1669	3.2	5.7	0.263
1670	2.9	5.7	0.231
1671	2.7	5.7	0.211
1672	2.7	5.7	0.196
1673	3.0	5.7	0.204
1674	3.2	5.7	0.253
1675	3.5	5.7	0.283
1676	3.7	5.7	0.350
1677	3.9	5.7	0.359
1678	4.1	5.7	0.335
1679	4.2	5.7	0.202
1680	4.3	5.7	0.126
1681	3.6	5.7	0.087
1682	3.6	5.7	0.047
1683	3.5	5.7	0.019
1684	3.5	5.7	0.013
1685	3.6	5.7	0.040
1686	3.6	5.7	0.101
1687	3.4	5.7	0.272
1688	4.4	5.7	0.292
1689	4.3	5.7	0.293
1690	4.0	5.7	0.307
1691	3.5	5.7	0.293
1692	3.0	5.7	0.284
1693	2.8	5.7	0.263
1694	2.5	5.7	0.231
1695	2.3	5.7	0.211
1696	2.2	5.7	0.196
1697	2.2	5.7	0.204
1698	2.5	5.7	0.253
1699	2.7	5.7	0.283
1700	2.7	5.7	0.350
1701	2.8	5.7	0.359
1702	3.0	5.7	0.335
1703	3.0	5.7	0.202
1704	3.1	5.7	0.126
1705	2.2	5.7	0.087
1706	2.2	5.6	0.047
1707	2.1	5.6	0.019
1708	2.0	5.6	0.013
1709	1.9	5.6	0.040
1710	2.0	5.6	0.101
1711	1.9	5.6	0.272
1712	2.8	5.6	0.292
1713	2.6	5.6	0.293
1714	2.4	5.6	0.307
1715	2.2	5.6	0.293
1716	2.0	5.6	0.284
1717	1.8	5.6	0.263
1718	1.8	5.6	0.231
1719	1.5	5.6	0.211
1720	1.3	5.6	0.196
1721	1.6	5.6	0.204
1722	1.8	5.6	0.253
1723	2.1	5.6	0.283
1724	2.3	5.6	0.350
1725	2.5	5.6	0.359
1726	2.5	5.6	0.335
1727	2.5	5.6	0.202
1728	2.5	5.6	0.126
1729	1.5	5.6	0.087
1730	1.5	5.6	0.047
1731	1.5	5.6	0.019
1732	1.6	5.6	0.013
1733	1.6	5.6	0.040
1734	1.8	5.6	0.101
1735	1.9	5.6	0.272
1736	2.8	5.6	0.292
1737	2.5	5.6	0.293
1738	2.4	5.6	0.307
1739	2.1	5.6	0.293
1740	2.1	5.6	0.284
1741	1.9	5.6	0.263
1742	1.6	5.6	0.231
1743	1.7	5.6	0.211
1744	1.7	5.6	0.196
1745	1.8	5.6	0.204
1746	1.9	5.6	0.253
1747	2.1	5.6	0.283
1748	2.4	5.6	0.350
1749	2.5	5.6	0.359
1750	2.8	5.6	0.335
1751	2.8	5.6	0.202
1752	3.0	5.6	0.126
1753	2.0	5.6	0.087
1754	2.2	5.6	0.047
1755	2.3	5.6	0.019
1756	2.2	5.6	0.013
1757	2.4	5.6	0.040
1758	2.3	5.6	0.101
1759	2.4	5.5	0.272
1760	3.5	5.5	0.292
1761	3.5	5.5	0.293
1762	3.2	5.5	0.307
1763	2.9	5.5	0.293
1764	2.7	5.5	0.284
1765	2.4	5.5	0.263
1766	2.3	5.5	0.231
1767	2.0	5.5	0.211
1768	2.0	5.5	0.196
1769	2.3	5.5	0.204
1770	2.5	5.5	0.253
1771	2.9	5.5	0.283
1772	3.3	5.5	0.350
1773	3.4	5.5	0.359
1774	3.8	5.5	0.335
1775	4.1	5.5	0.202
1776	4.4	5.5	0.126
1777	3.5	5.5	0.087
1778	3.5	5.5	0.047
1779	3.4	5.5	0.019
1780	3.4	5.5	0.013
1781	3.5	5.5	0.040
1782	3.5	5.5	0.101
1783	3.4	5.5	0.272
1784	4.4	5.5	0.292
1785	4.3	5.5	0.293
1786	4.2	5.5	0.307
1787	3.9	5.5	0.293
1788	3.7	5.5	0.284
1789	3.6	5.5	0.263
1790	3.5	5.5	0.231
1791	3.4	5.5	0.211
1792	3.4	5.5	0.196
1793	3.5	5.5	0.204
1794	3.5	5.5	0.253
1795	3.7	5.5	0.283
1796	3.7	5.5	0.350
1797	3.9	5.5	0.359
1798	4.1	5.5	0.335
1799	4.2	5.5	0.202
1800	4.3	5.5	0.126
1801	3.4	5.4	0.087
1802	3.4	5.4	0.047
1803	3.3	5.4	0.019
1804	3.1	5.4	0.013
1805	3.3	5.4	0.040
1806	3.0	5.4	0.101
1807	2.8	5.4	0.272
1808	3.5	5.4	0.292
1809	3.3	5.4	0.293
1810	3.2	5.4	0.307
1811	3.1	5.4	0.293
1812	2.7	5.4	0.284
1813	2.5	5.4	0.263
1814	2.2	5.4	0.231
1815	2.1	5.4	0.211
1816	2.2	5.4	0.196
1817	2.2	5.4	0.204
1818	2.5	5.4	0.253
1819	2.5	5.4	0.283
1820	2.6	5.4	0.350
1821	2.6	5.4	0.359
1822	2.5	5.4	0.335
1823	2.5	5.4	0.202
1824	2.6	5.4	0.126
1825	1.6	5.4	0.087
1826	1.5	5.4	0.047
1827	1.6	5.4	0.019
1828	1.6	5.4	0.013
1829	1.5	5.4	0.040
1830	1.6	5.4	0.101
1831	1.5	5.4	0.272
1832	2.3	5.4	0.292
1833	2.3	5.4	0.293
1834	2.3	5.4	0.307
1835	1.9	5.4	0.293
1836	1.7	5.4	0.284
1837	1.5	5.4	0.263
1838	1.3	5.4	0.231
1839	1.0	5.4	0.211
1840	1.1	5.4	0.196
1841	1.2	5.4	0.204
1842	1.4	5.4	0.253
1843	1.7	5.4	0.283
1844	1.8	5.4	0.350
1845	1.9	5.4	0.359
1846	2.0	5.4	0.335
1847	2.0	5.4	0.202
1848	2.4	5.4	0.126
1849	1.4	5.4	0.087
1850	1.5	5.4	0.047
1851	1.7	5.4	0.019
1852	1.7	5.4	0.013
1853	1.7	5.4	0.040
1854	1.8	5.4	0.101
1855	1.9	5.3	0.272
1856	2.9	5.3	0.292
1857	2.7	5.3	0.293
1858	2.3	5.3	0.307
1859	2.1	5.3	0.293
1860	1.9	5.3	0.284
1861	1.8	5.3	0.263
1862	1.7	5.3	0.231
1863	1.8	5.3	0.211
1864	1.9	5.3	0.196
1865	2.0	5.3	0.204
1866	2.3	5.3	0.253
1867	2.7	5.3	0.283
1868	3.0	5.3	0.350
1869	3.1	5.3	0.359
1870	3.4	5.3	0.335
1871	3.7	5.3	0.202
1872	3.9	5.3	0.126
1873	3.0	5.3	0.087
1874	3.1	5.3	0.047
1875	3.2	5.3	0.019
1876	3.1	5.3	0.013
1877	3.1	5.3	0.040
1878	3.1	5.3	0.101
1879	3.0	5.3	0.272
1880	3.9	5.3	0.292
1881	3.8	5.3	0.293
1882	3.5	5.3	0.307
1883	3.2	5.3	0.293
1884	2.9	5.3	0.284
1885	2.8	5.3	0.263
1886	2.5	5.3	0.231
1887	2.6	5.3	0.211
1888	2.5	5.3	0.196
1889	2.6	5.3	0.204
1890	2.7	5.3	0.253
1891	3.0	5.3	0.283
1892	3.1	5.3	0.350
1893	3.1	5.3	0.359
1894	3.2	5.3	0.335
1895	3.4	5.3	0.202
1896	3.5	5.3	0.126
1897	2.5	5.3	0.087
1898	2.5	5.3	0.047
1899	2.7	5.3	0.019
1900	2.8	5.3	0.013
1901	2.8	5.3	0.040
1902	2.7	5.3	0.101
1903	2.6	5.3	0.272
1904	3.8	5.3	0.292
1905	3.5	5.3	0.293
1906	3.1	5.3	0.307
1907	2.8	5.3	0.293
1908	2.4	5.3	0.284
1909	2.1	5.3	0.263
1910	1.9	5.3	0.231
1911	2.0	5.2	0.211
1912	2.1	5.2	0.196
1913	2.1	5.2	0.204
1914	2.4	5.2	0.253
1915	2.6	5.2	0.283
1916	2.7	5.2	0.350
1917	2.8	5.2	0.359
1918	2.9	5.2	0.335
1919	3.0	5.2	0.202
1920	3.2	5.2	0.126
1921	2.3	5.2	0.087
1922	2.5	5.2	0.047
1923	2.9	5.2	0.019
1924	3.0	5.2	0.013
1925	3.2	5.2	0.040
1926	3.3	5.2	0.101
1927	3.3	5.2	0.272
1928	4.2	5.2	0.292
1929	4.2	5.2	0.293
1930	4.1	5.2	0.307
1931	3.8	5.2	0.293
1932	3.6	5.2	0.284
1933	3.5	5.2	0.263
1934	3.5	5.2	0.231
1935	3.5	5.2	0.211
1936	3.5	5.2	0.196
1937	3.7	5.2	0.204
1938	4.0	5.2	0.253
1939	4.3	5.2	0.283
1940	4.5	5.2	0.350
1941	4.7	5.2	0.359
1942	4.8	5.2	0.335
1943	5.0	5.2	0.202
1944	5.3	5.2	0.126
1945	4.4	5.2	0.087
1946	4.4	5.2	0.047
1947	4.5	5.2	0.019
1948	4.5	5.2	0.013
1949	4.4	5.2	0.040
1950	4.4	5.2	0.101
1951	4.5	5.2	0.272
1952	5.3	5.2	0.292
1953	4.9	5.2	0.293
1954	4.4	5.2	0.307
1955	3.9	5.2	0.293
1956	3.5	5.2	0.284
1957	3.1	5.2	0.263
1958	3.1	5.2	0.231
1959	3.0	5.2	0.211
1960	3.0	5.2	0.196
1961	3.2	5.2	0.204
1962	3.7	5.2	0.253
1963	4.0	5.1	0.283
1964	4.3	5.1	0.350
1965	4.3	5.1	0.359
1966	4.3	5.1	0.335
1967	4.5	5.1	0.202
1968	4.6	5.1	0.126
1969	3.6	5.1	0.087
1970	3.8	5.1	0.047
1971	4.0	5.1	0.019
1972	4.0	5.1	0.013
1973	4.1	5.1	0.040
1974	4.1	5.1	0.101
1975	4.2	5.1	0.272
1976	5.1	5.1	0.292
1977	4.9	5.1	0.293
1978	4.7	5.1	0.307
1979	4.3	5.1	0.293
1980	4.0	5.1	0.284
1981	3.8	5.1	0.263
1982	3.7	5.1	0.231
1983	3.6	5.1	0.211
1984	3.7	5.1	0.196
1985	3.9	5.1	0.204
1986	4.3	5.1	0.253
1987	4.6	5.1	0.283
1988	4.8	5.1	0.350
1989	5.0	5.1	0.359
1990	5.1	5.1	0.335
1991	5.5	5.1	0.202
1992	5.6	5.1	0.126
1993	4.7	5.1	0.087
1994	4.7	5.1	0.047
1995	4.6	5.1	0.019
1996	4.7	5.1	0.013
1997	4.6	5.1	0.040
1998	4.6	5.1	0.101
1999	4.7	5.1	0.272
2000	5.4	5.1	0.292
2001	5.3	5.1	0.293
2002	4.9	5.1	0.307
2003	4.4	5.1	0.293
2004	4.0	5.1	0.284
2005	3.7	5.1	0.263
2006	3.4	5.1	0.231
2007	3.3	5.1	0.211
2008	3.1	5.1	0.196
2009	3.0	5.1	0.204
2010	3.3	5.1	0.253
2011	3.5	5.1	0.283
2012	3.4	5.1	0.350
2013	3.5	5.1	0.359
2014	3.5	5.1	0.335
2015	3.6	5.1	0.202
2016	3.7	5.1	0.126
2017	2.9	5.1	0.087
2018	2.9	5.1	0.047
2019	2.8	5.1	0.019
2020	2.8	5.1	0.013
2021	2.9	5.1	0.040
2022	2.9	5.0	0.101
2023	2.7	5.0	0.272
2024	3.6	5.0	0.292
2025	3.3	5.0	0.293
2026	3.2	5.0	0.307
2027	3.1	5.0	0.293
2028	2.8	5.0	0.284
2029	2.8	5.0	0.263
2030	2.7	5.0	0.231
2031	2.7	5.0	0.211
2032	2.6	5.0	0.196
2033	2.6	5.0	0.204
2034	2.7	5.0	0.253
2035	2.8	5.0	0.283
2036	2.7	5.0	0.350
2037	2.8	5.0	0.359
2038	3.0	5.0	0.335
2039	3.0	5.0	0.202
2040	3.2	5.0	0.126
2041	2.2	5.0	0.087
2042	2.3	5.0	0.047
2043	2.3	5.0	0.019
2044	2.4	5.0	0.013
2045	2.4	5.0	0.040
2046	2.6	5.0	0.101
2047	2.7	5.0	0.272
2048	3.5	5.0	0.292
2049	3.3	5.0	0.293
2050	3.1	5.0	0.307
2051	2.9	5.0	0.293
2052	2.7	5.0	0.284
2053	2.4	5.0	0.263
2054	2.3	5.0	0.231
2055	2.2	5.0	0.211
2056	1.9	5.0	0.196
2057	2.0	5.0	0.204
2058	2.2	5.0	0.253
2059	2.4	5.0	0.283
2060	2.6	5.0	0.350
2061	2.6	5.0	0.359
2062	2.9	5.0	0.335
2063	3.0	5.0	0.202
2064	3.1	5.0	0.126
2065	2.2	5.0	0.087
2066	2.2	5.0	0.047
2067	2.1	5.0	0.019
2068	2.0	5.0	0.013
2069	2.0	5.0	0.040
2070	2.0	5.0	0.101
2071	1.9	5.0	0.272
2072	3.0	5.0	0.292
2073	2.7	5.0	0.293
2074	2.4	4.9	0.307
2075	2.1	4.9	0.293
2076	1.8	4.9	0.284
2077	1.7	4.9	0.263
2078	1.6	4.9	0.231
2079	1.5	4.9	0.211
2080	1.8	4.9	0.196
2081	2.0	4.9	0.204
2082	2.3	4.9	0.253
2083	2.6	4.9	0.283
2084	2.9	4.9	0.350
2085	3.1	4.9	0.359
2086	3.4	4.9	0.335
2087	3.6	4.9	0.202
2088	3.6	4.9	0.126
2089	2.8	4.9	0.087
2090	2.8	4.9	0.047
2091	2.8	4.9	0.019
2092	2.9	4.9	0.013
2093	2.8	4.9	0.040
2094	2.9	4.9	0.101
2095	2.9	4.9	0.272
2096	3.6	4.9	0.292
2097	3.3	4.9	0.293
2098	2.9	4.9	0.307
2099	2.5	4.9	0.293
2100	2.1	4.9	0.284
2101	1.7	4.9	0.263
2102	1.5	4.9	0.231
2103	1.4	4.9	0.211
2104	1.4	4.9	0.196
2105	1.6	4.9	0.204
2106	1.9	4.9	0.253
2107	2.2	4.9	0.283
2108	2.4	4.9	0.350
2109	2.5	4.9	0.359
2110	2.7	4.9	0.335
2111	2.8	4.9	0.202
2112	2.9	4.9	0.126
2113	2.2	4.9	0.087
2114	2.4	4.9	0.047
2115	2.4	4.9	0.019
2116	2.4	4.9	0.013
2117	2.4	4.9	0.040
2118	2.2	4.9	0.101
2119	2.2	4.9	0.272
2120	3.1	4.9	0.292
2121	2.9	4.9	0.293
2122	3.0	4.9	0.307
2123	2.8	4.9	0.293
2124	2.2	4.9	0.284
2125	1.9	4.9	0.263
2126	1.7	4.9	0.231
2127	1.5	4.9	0.211
2128	1.4	4.9	0.196
2129	1.5	4.9	0.204
2130	1.7	4.9	0.253
2131	2.1	4.9	0.283
2132	2.2	4.9	0.350
2133	2.3	4.9	0.359
2134	2.3	4.9	0.335
2135	2.6	4.9	0.202
2136	2.7	4.9	0.126
2137	1.9	4.9	0.087
2138	1.9	4.8	0.047
2139	1.9	4.8	0.019
2140	2.1	4.8	0.013
2141	2.1	4.8	0.040
2142	2.2	4.8	0.101
2143	2.0	4.8	0.272
2144	3.0	4.8	0.292
2145	2.8	4.8	0.293
2146	2.5	4.8	0.307
2147	2.1	4.8	0.293
2148	1.7	4.8	0.284
2149	1.3	4.8	0.263
2150	1.1	4.8	0.231
2151	0.8	4.8	0.211
2152	1.0	4.8	0.196
2153	1.1	4.8	0.204
2154	1.3	4.8	0.253
2155	1.6	4.8	0.283
2156	1.8	4.8	0.350
2157	2.0	4.8	0.359
2158	2.2	4.8	0.335
2159	2.3	4.8	0.202
2160	2.4	4.8	0.126
2161	0.8	4.8	0.087
2162	0.8	4.8	0.047
2163	0.9	4.8	0.019
2164	0.9	4.8	0.013
2165	0.9	4.8	0.040
2166	0.9	4.8	0.101
2167	0.9	4.8	0.272
2168	1.3	4.8	0.292
2169	1.3	4.8	0.293
2170	1.2	4.8	0.307
2171	1.0	4.8	0.293
2172	1.0	4.8	0.284
2173	1.0	4.8	0.263
2174	1.1	4.8	0.231
2175	1.1	4.8	0.211
2176	1.2	4.8	0.196
2177	1.2	4.8	0.204
2178	1.3	4.8	0.253
2179	1.3	4.8	0.283
2180	1.4	4.8	0.350
2181	1.4	4.8	0.359
2182	1.5	4.8	0.335
2183	1.5	4.8	0.202
2184	1.6	4.8	0.126
2185	1.1	4.8	0.087
2186	1.1	4.8	0.047
2187	1.1	4.8	0.019
2188	1.1	4.8	0.013
2189	1.2	4.8	0.040
2190	1.1	4.8	0.101
2191	1.1	4.8	0.272
2192	1.5	4.8	0.292
2193	1.4	4.8	0.293
2194	1.3	4.8	0.307
2195	1.2	4.8	0.293
2196	1.1	4.8	0.284
2197	1.0	4.7	0.263
2198	1.0	4.7	0.231
2199	1.0	4.7	0.211
2200	0.9	4.7	0.196
2201	0.9	4.7	0.204
2202	1.0	4.7	0.253
2203	1.1	4.7	0.283
2204	1.2	4.7	0.350
2205	1.3	4.7	0.359
2206	1.2	4.7	0.335
2207	1.2	4.7	0.202
2208	1.3	4.7	0.126
2209	0.8	4.7	0.087
2210	0.8	4.7	0.047
2211	0.8	4.7	0.019
2212	0.8	4.7	0.013
2213	0.7	4.7	0.040
2214	0.7	4.7	0.101
2215	0.6	4.7	0.272
2216	1.0	4.7	0.292
2217	0.8	4.7	0.293
2218	0.7	4.7	0.307
2219	0.6	4.7	0.293
2220	0.5	4.7	0.284
2221	0.4	4.7	0.263
2222	0.3	4.7	0.231
2223	0.2	4.7	0.211
2224	0.1	4.7	0.196
2225	0.1	4.7	0.204
2226	0.2	4.7	0.253
2227	0.3	4.7	0.283
2228	0.4	4.7	0.350
2229	0.4	4.7	0.359
2230	0.4	4.7	0.335
2231	0.5	4.7	0.202
2232	0.5	4.7	0.126
2233	0.0	4.7	0.087
2234	0.0	4.7	0.047
2235	0.0	4.7	0.019
2236	0.0	4.7	0.013
2237	0.0	4.7	0.040
2238	0.0	4.7	0.101
2239	0.0	4.7	0.272
2240	0.0	4.7	0.292
2241	0.0	4.7	0.293
2242	0.0	4.7	0.307
2243	0.0	4.7	0.293
2244	0.0	4.7	0.284
2245	0.0	4.7	0.263
2246	0.0	4.7	0.231
2247	0.0	4.7	0.211
2248	0.0	4.7	0.196
2249	0.0	4.7	0.204
2250	0.0	4.7	0.253
2251	0.0	4.7	0.283
2252	0.0	4.7	0.350
2253	0.0	4.7	0.359
2254	0.0	4.7	0.335
2255	0.0	4.7	0.202
2256	0.0	4.7	0.126
2257	0.3	4.7	0.087
2258	0.3	4.7	0.047
2259	0.4	4.7	0.019
2260	0.5	4.7	0.013
2261	0.4	4.7	0.040
2262	0.4	4.7	0.101
2263	0.3	4.7	0.272
2264	0.8	4.6	0.292
2265	0.7	4.6	0.293
2266	0.6	4.6	0.307
2267	0.5	4.6	0.293
2268	0.3	4.6	0.284
2269	0.2	4.6	0.263
2270	0.1	4.6	0.231
2271	0.0	4.6	0.211
2272	0.0	4.6	0.196
2273	0.0	4.6	0.204
2274	0.1	4.6	0.253
2275	0.2	4.6	0.283
2276	0.3	4.6	0.350
2277	0.4	4.6	0.359
2278	0.5	4.6	0.335
2279	0.6	4.6	0.202
2280	0.7	4.6	0.126
2281	0.3	4.6	0.087
2282	0.3	4.6	0.047
2283	0.4	4.6	0.019
2284	0.4	4.6	0.013
2285	0.5	4.6	0.040
2286	0.6	4.6	0.101
2287	0.5	4.6	0.272
2288	0.9	4.6	0.292
2289	0.8	4.6	0.293
2290	0.6	4.6	0.307
2291	0.4	4.6	0.293
2292	0.2	4.6	0.284
2293	0.1	4.6	0.263
2294	0.0	4.6	0.231
2295	0.0	4.6	0.211
2296	0.0	4.6	0.196
2297	0.0	4.6	0.204
2298	0.2	4.6	0.253
2299	0.3	4.6	0.283
2300	0.4	4.6	0.350
2301	0.5	4.6	0.359
2302	0.7	4.6	0.335
2303	0.8	4.6	0.202
2304	0.9	4.6	0.126
2305	0.5	4.6	0.087
2306	0.6	4.6	0.047
2307	0.7	4.5	0.019
2308	0.7	4.5	0.013
2309	0.8	4.5	0.040
2310	0.8	4.5	0.101
2311	0.9	4.5	0.272
2312	1.3	4.5	0.292
2313	1.3	4.5	0.293
2314	1.1	4.5	0.307
2315	1.0	4.5	0.293
2316	0.9	4.5	0.284
2317	0.9	4.5	0.263
2318	0.8	4.5	0.231
2319	0.7	4.5	0.211
2320	0.7	4.5	0.196
2321	0.8	4.5	0.204
2322	0.9	4.5	0.253
2323	1.1	4.5	0.283
2324	1.2	4.5	0.350
2325	1.3	4.5	0.359
2326	1.4	4.5	0.335
2327	1.4	4.5	0.202
2328	1.5	4.5	0.126
2329	1.1	4.5	0.087
2330	1.1	4.5	0.047
2331	1.2	4.5	0.019
2332	1.3	4.5	0.013
2333	1.2	4.5	0.040
2334	1.2	4.5	0.101
2335	1.1	4.5	0.272
2336	1.5	4.5	0.292
2337	1.4	4.5	0.293
2338	1.1	4.5	0.307
2339	1.0	4.5	0.293
2340	0.9	4.5	0.284
2341	0.8	4.5	0.263
2342	0.7	4.5	0.231
2343	0.6	4.5	0.211
2344	0.6	4.5	0.196
2345	0.6	4.5	0.204
2346	0.7	4.5	0.253
2347	0.8	4.5	0.283
2348	0.9	4.5	0.350
2349	0.9	4.5	0.359
2350	0.9	4.5	0.335
2351	0.8	4.5	0.202
2352	0.9	4.5	0.126
2353	0.4	4.5	0.087
2354	0.4	4.5	0.047
2355	0.5	4.5	0.019
2356	0.5	4.5	0.013
2357	0.6	4.5	0.040
2358	0.5	4.5	0.101
2359	0.6	4.5	0.272
2360	1.0	4.5	0.292
2361	0.9	4.5	0.293
2362	0.6	4.5	0.307
2363	0.4	4.5	0.293
2364	0.3	4.5	0.284
2365	0.3	4.5	0.263
2366	0.2	4.5	0.231
2367	0.1	4.5	0.211
2368	0.0	4.5	0.196
2369	0.1	4.5	0.204
2370	0.2	4.5	0.253
2371	0.4	4.5	0.283
2372	0.6	4.5	0.350
2373	0.8	4.5	0.359
2374	0.9	4.5	0.335
2375	1.0	4.4	0.202
2376	1.1	4.4	0.126
2377	0.7	4.4	0.087
2378	0.8	4.4	0.047
2379	0.7	4.4	0.019
2380	0.8	4.4	0.013
2381	0.7	4.4	0.040
2382	0.7	4.4	0.101
2383	0.6	4.4	0.272
2384	1.0	4.4	0.292
2385	0.8	4.4	0.293
2386	0.6	4.4	0.307
2387	0.4	4.4	0.293
2388	0.3	4.4	0.284
2389	0.3	4.4	0.263
2390	0.3	4.4	0.231
2391	0.1	4.4	0.211
2392	0.1	4.4	0.196
2393	0.1	4.4	0.204
2394	0.1	4.4	0.253
2395	0.3	4.4	0.283
2396	0.5	4.4	0.350
2397	0.5	4.4	0.359
2398	0.7	4.4	0.335
2399	0.8	4.4	0.202
2400	0.8	4.4	0.126
2401	0.4	4.4	0.087
2402	0.5	4.4	0.047
2403	0.4	4.4	0.019
2404	0.5	4.4	0.013
2405	0.6	4.4	0.040
2406	0.6	4.4	0.101
2407	0.6	4.4	0.272
2408	1.0	4.4	0.292
2409	0.9	4.4	0.293
2410	0.8	4.4	0.307
2411	0.7	4.4	0.293
2412	0.6	4.4	0.284
2413	0.5	4.4	0.263
2414	0.4	4.4	0.231
2415	0.4	4.4	0.211
2416	0.3	4.4	0.196
2417	0.4	4.4	0.204
2418	0.5	4.4	0.253
2419	0.6	4.4	0.283
2420	0.7	4.4	0.350
2421	0.8	4.4	0.359
2422	1.0	4.4	0.335
2423	1.1	4.4	0.202
2424	1.2	4.4	0.126
2425	0.8	4.4	0.087
2426	0.8	4.4	0.047
2427	0.8	4.4	0.019
2428	0.8	4.4	0.013
2429	0.8	4.4	0.040
2430	0.8	4.4	0.101
2431	0.8	4.3	0.272
2432	1.1	4.3	0.292
2433	0.9	4.3	0.293
2434	0.7	4.3	0.307
2435	0.5	4.3	0.293
2436	0.3	4.3	0.284
2437	0.2	4.3	0.263
2438	0.1	4.3	0.231
2439	0.0	4.3	0.211
2440	0.0	4.3	0.196
2441	0.1	4.3	0.204
2442	0.1	4.3	0.253
2443	0.1	4.3	0.283
2444	0.3	4.3	0.350
2445	0.4	4.3	0.359
2446	0.4	4.3	0.335
2447	0.5	4.3	0.202
2448	0.6	4.3	0.126
2449	0.2	4.3	0.087
2450	0.2	4.3	0.047
2451	0.1	4.3	0.019
2452	0.2	4.3	0.013
2453	0.2	4.3	0.040
2454	0.2	4.3	0.101
2455	0.3	4.3	0.272
2456	0.8	4.3	0.292
2457	0.6	4.3	0.293
2458	0.5	4.3	0.307
2459	0.3	4.3	0.293
2460	0.1	4.3	0.284
2461	0.2	4.3	0.263
2462	0.1	4.3	0.231
2463	0.1	4.3	0.211
2464	0.1	4.3	0.196
2465	0.2	4.3	0.204
2466	0.2	4.3	0.253
2467	0.4	4.3	0.283
2468	0.6	4.3	0.350
2469	0.7	4.3	0.359
2470	0.7	4.3	0.335
2471	0.8	4.3	0.202
2472	0.9	4.3	0.126
2473	0.6	4.3	0.087
2474	0.7	4.3	0.047
2475	0.7	4.3	0.019
2476	0.7	4.3	0.013
2477	0.7	4.3	0.040
2478	0.8	4.3	0.101
2479	0.8	4.3	0.272
2480	1.3	4.3	0.292
2481	1.1	4.3	0.293
2482	1.0	4.3	0.307
2483	0.7	4.3	0.293
2484	0.6	4.3	0.284
2485	0.5	4.3	0.263
2486	0.4	4.3	0.231
2487	0.4	4.3	0.211
2488	0.3	4.3	0.196
2489	0.4	4.3	0.204
2490	0.6	4.3	0.253
2491	0.8	4.3	0.283
2492	0.9	4.3	0.350
2493	1.1	4.3	0.359
2494	1.3	4.3	0.335
2495	1.4	4.2	0.202
2496	1.5	4.2	0.126
2497	1.1	4.2	0.087
2498	1.2	4.2	0.047
2499	1.4	4.2	0.019
2500	1.5	4.2	0.013
2501	1.5	4.2	0.040
2502	1.5	4.2	0.101
2503	1.5	4.2	0.272
2504	1.9	4.2	0.292
2505	1.8	4.2	0.293
2506	1.6	4.2	0.307
2507	1.4	4.2	0.293
2508	1.3	4.2	0.284
2509	1.2	4.2	0.263
2510	1.1	4.2	0.231
2511	1.0	4.2	0.211
2512	1.0	4.2	0.196
2513	1.0	4.2	0.204
2514	1.2	4.2	0.253
2515	1.4	4.2	0.283
2516	1.5	4.2	0.350
2517	1.6	4.2	0.359
2518	1.8	4.2	0.335
2519	1.9	4.2	0.202
2520	2.0	4.2	0.126
2521	1.6	4.2	0.087
2522	1.6	4.2	0.047
2523	1.7	4.2	0.019
2524	1.8	4.2	0.013
2525	1.9	4.2	0.040
2526	1.9	4.2	0.101
2527	1.9	4.2	0.272
2528	2.3	4.2	0.292
2529	2.1	4.2	0.293
2530	1.9	4.2	0.307
2531	1.7	4.2	0.293
2532	1.6	4.2	0.284
2533	1.5	4.2	0.263
2534	1.4	4.2	0.231
2535	1.4	4.2	0.211
2536	1.4	4.2	0.196
2537	1.4	4.2	0.204
2538	1.5	4.2	0.253
2539	1.7	4.2	0.283
2540	1.9	4.2	0.350
2541	2.0	4.2	0.359
2542	2.1	4.2	0.335
2543	2.3	4.2	0.202
2544	2.3	4.2	0.126
2545	1.9	4.2	0.087
2546	1.9	4.2	0.047
2547	2.0	4.2	0.019
2548	2.0	4.2	0.013
2549	2.0	4.2	0.040
2550	2.1	4.2	0.101
2551	2.0	4.2	0.272
2552	2.4	4.2	0.292
2553	2.3	4.2	0.293
2554	2.0	4.2	0.307
2555	1.8	4.1	0.293
2556	1.6	4.1	0.284
2557	1.4	4.1	0.263
2558	1.3	4.1	0.231
2559	1.2	4.1	0.211
2560	1.2	4.1	0.196
2561	1.3	4.1	0.204
2562	1.5	4.1	0.253
2563	1.6	4.1	0.283
2564	1.8	4.1	0.350
2565	1.9	4.1	0.359
2566	2.0	4.1	0.335
2567	2.2	4.1	0.202
2568	2.3	4.1	0.126
2569	1.9	4.1	0.087
2570	2.0	4.1	0.047
2571	2.0	4.1	0.019
2572	1.9	4.1	0.013
2573	1.8	4.1	0.040
2574	1.8	4.1	0.101
2575	1.8	4.1	0.272
2576	2.2	4.1	0.292
2577	2.1	4.1	0.293
2578	1.9	4.1	0.307
2579	1.6	4.1	0.293
2580	1.4	4.1	0.284
2581	1.2	4.1	0.263
2582	1.1	4.1	0.231
2583	1.0	4.1	0.211
2584	0.9	4.1	0.196
2585	0.9	4.1	0.204
2586	1.0	4.1	0.253
2587	1.1	4.1	0.283
2588	1.2	4.1	0.350
2589	1.3	4.1	0.359
2590	1.3	4.1	0.335
2591	1.3	4.1	0.202
2592	1.3	4.1	0.126
2593	0.9	4.1	0.087
2594	0.9	4.1	0.047
2595	0.9	4.1	0.019
2596	0.9	4.1	0.013
2597	0.9	4.1	0.040
2598	1.0	4.1	0.101
2599	1.0	4.1	0.272
2600	1.5	4.1	0.292
2601	1.3	4.1	0.293
2602	1.1	4.1	0.307
2603	0.9	4.1	0.293
2604	0.8	4.1	0.284
2605	0.7	4.1	0.263
2606	0.6	4.1	0.231
2607	0.6	4.1	0.211
2608	0.6	4.1	0.196
2609	0.6	4.1	0.204
2610	0.7	4.1	0.253
2611	0.9	4.1	0.283
2612	1.0	4.1	0.350
2613	1.1	4.1	0.359
2614	1.3	4.1	0.335
2615	1.4	4.1	0.202
2616	1.5	4.1	0.126
2617	1.1	4.1	0.087
2618	1.1	4.1	0.047
2619	1.0	4.1	0.019
2620	1.0	4.1	0.013
2621	1.1	4.1	0.040
2622	1.1	4.0	0.101
2623	1.1	4.0	0.272
2624	1.5	4.0	0.292
2625	1.4	4.0	0.293
2626	1.4	4.0	0.307
2627	1.2	4.0	0.293
2628	1.1	4.0	0.284
2629	1.2	4.0	0.263
2630	1.2	4.0	0.231
2631	1.2	4.0	0.211
2632	1.2	4.0	0.196
2633	1.2	4.0	0.204
2634	1.3	4.0	0.253
2635	1.4	4.0	0.283
2636	1.5	4.0	0.350
2637	1.6	4.0	0.359
2638	1.6	4.0	0.335
2639	1.7	4.0	0.202
2640	1.8	4.0	0.126
2641	1.4	4.0	0.087
2642	1.5	4.0	0.047
2643	1.5	4.0	0.019
2644	1.5	4.0	0.013
2645	1.4	4.0	0.040
2646	1.5	4.0	0.101
2647	1.5	4.0	0.272
2648	2.0	4.0	0.292
2649	1.8	4.0	0.293
2650	1.6	4.0	0.307
2651	1.5	4.0	0.293
2652	1.4	4.0	0.284
2653	1.4	4.0	0.263
2654	1.3	4.0	0.231
2655	1.4	4.0	0.211
2656	1.4	4.0	0.196
2657	1.4	4.0	0.204
2658	1.4	4.0	0.253
2659	1.5	4.0	0.283
2660	1.6	4.0	0.350
2661	1.6	4.0	0.359
2662	1.7	4.0	0.335
2663	1.9	4.0	0.202
2664	1.9	4.0	0.126
2665	1.5	4.0	0.087
2666	1.5	4.0	0.047
2667	1.6	4.0	0.019
2668	1.6	4.0	0.013
2669	1.5	4.0	0.040
2670	1.6	4.0	0.101
2671	1.6	4.0	0.272
2672	2.1	4.0	0.292
2673	2.0	4.0	0.293
2674	1.9	4.0	0.307
2675	1.8	3.9	0.293
2676	1.8	3.9	0.284
2677	1.8	3.9	0.263
2678	1.8	3.9	0.231
2679	1.8	3.9	0.211
2680	1.8	3.9	0.196
2681	1.7	3.9	0.204
2682	1.8	3.9	0.253
2683	1.9	3.9	0.283
2684	2.1	3.9	0.350
2685	2.1	3.9	0.359
2686	2.1	3.9	0.335
2687	2.2	3.9	0.202
2688	2.3	3.9	0.126
2689	1.9	3.9	0.087
2690	2.0	3.9	0.047
2691	2.1	3.9	0.019
2692	2.1	3.9	0.013
2693	2.0	3.9	0.040
2694	2.0	3.9	0.101
2695	1.9	3.9	0.272
2696	2.4	3.9	0.292
2697	2.2	3.9	0.293
2698	2.0	3.9	0.307
2699	1.8	3.9	0.293
2700	1.7	3.9	0.284
2701	1.6	3.9	0.263
2702	1.5	3.9	0.231
2703	1.4	3.9	0.211
2704	1.4	3.9	0.196
2705	1.4	3.9	0.204
2706	1.5	3.9	0.253
2707	1.6	3.9	0.283
2708	1.6	3.9	0.350
2709	1.8	3.9	0.359
2710	1.9	3.9	0.335
2711	1.9	3.9	0.202
2712	2.0	3.9	0.126
2713	1.6	3.9	0.087
2714	1.6	3.9	0.047
2715	1.6	3.9	0.019
2716	1.6	3.9	0.013
2717	1.6	3.9	0.040
2718	1.6	3.9	0.101
2719	1.5	3.9	0.272
2720	2.0	3.9	0.292
2721	1.9	3.9	0.293
2722	1.8	3.9	0.307
2723	1.7	3.9	0.293
2724	1.6	3.9	0.284
2725	1.5	3.9	0.263
2726	1.4	3.9	0.231
2727	1.4	3.9	0.211
2728	1.4	3.9	0.196
2729	1.6	3.9	0.204
2730	1.7	3.8	0.253
2731	1.8	3.8	0.283
2732	1.9	3.8	0.350
2733	2.0	3.8	0.359
2734	2.1	3.8	0.335
2735	2.2	3.8	0.202
2736	2.3	3.8	0.126
2737	1.8	3.8	0.087
2738	1.8	3.8	0.047
2739	1.8	3.8	0.019
2740	1.8	3.8	0.013
2741	1.7	3.8	0.040
2742	1.8	3.8	0.101
2743	1.7	3.8	0.272
2744	2.1	3.8	0.292
2745	2.0	3.8	0.293
2746	1.9	3.8	0.307
2747	1.7	3.8	0.293
2748	1.6	3.8	0.284
2749	1.5	3.8	0.263
2750	1.4	3.8	0.231
2751	1.3	3.8	0.211
2752	1.3	3.8	0.196
2753	1.3	3.8	0.204
2754	1.4	3.8	0.253
2755	1.5	3.8	0.283
2756	1.5	3.8	0.350
2757	1.6	3.8	0.359
2758	1.7	3.8	0.335
2759	1.7	3.8	0.202
2760	1.8	3.8	0.126
2761	1.3	3.8	0.087
2762	1.4	3.8	0.047
2763	1.3	3.8	0.019
2764	1.4	3.8	0.013
2765	1.4	3.8	0.040
2766	1.3	3.8	0.101
2767	1.2	3.8	0.272
2768	1.7	3.8	0.292
2769	1.7	3.8	0.293
2770	1.6	3.8	0.307
2771	1.5	3.8	0.293
2772	1.4	3.8	0.284
2773	1.4	3.8	0.263
2774	1.3	3.8	0.231
2775	1.3	3.8	0.211
2776	1.2	3.8	0.196
2777	1.2	3.8	0.204
2778	1.1	3.8	0.253
2779	1.1	3.8	0.283
2780	1.2	3.7	0.350
2781	1.1	3.7	0.359
2782	1.1	3.7	0.335
2783	1.1	3.7	0.202
2784	1.0	3.7	0.126
2785	0.6	3.7	0.087
2786	0.7	3.7	0.047
2787	0.7	3.7	0.019
2788	0.7	3.7	0.013
2789	0.9	3.7	0.040
2790	0.9	3.7	0.101
2791	0.9	3.7	0.272
2792	1.4	3.7	0.292
2793	1.4	3.7	0.293
2794	1.3	3.7	0.307
2795	1.3	3.7	0.293
2796	1.3	3.7	0.284
2797	1.3	3.7	0.263
2798	1.2	3.7	0.231
2799	1.3	3.7	0.211
2800	1.3	3.7	0.196
2801	1.3	3.7	0.204
2802	1.4	3.7	0.253
2803	1.4	3.7	0.283
2804	1.5	3.7	0.350
2805	1.6	3.7	0.359
2806	1.7	3.7	0.335
2807	1.7	3.7	0.202
2808	1.7	3.7	0.126
2809	1.3	3.7	0.087
2810	1.4	3.7	0.047
2811	1.4	3.7	0.019
2812	1.4	3.7	0.013
2813	1.3	3.7	0.040
2814	1.3	3.7	0.101
2815	1.3	3.7	0.272
2816	1.7	3.7	0.292
2817	1.6	3.7	0.293
2818	1.4	3.7	0.307
2819	1.2	3.7	0.293
2820	1.1	3.7	0.284
2821	1.0	3.7	0.263
2822	0.8	3.7	0.231
2823	0.7	3.7	0.211
2824	0.7	3.7	0.196
2825	0.8	3.7	0.204
2826	1.0	3.7	0.253
2827	1.1	3.7	0.283
2828	1.4	3.7	0.350
2829	1.5	3.7	0.359
2830	1.6	3.7	0.335
2831	1.6	3.7	0.202
2832	1.7	3.7	0.126
2833	1.3	3.7	0.087
2834	1.3	3.6	0.047
2835	1.4	3.6	0.019
2836	1.4	3.6	0.013
2837	1.4	3.6	0.040
2838	1.3	3.6	0.101
2839	1.3	3.6	0.272
2840	1.7	3.6	0.292
2841	1.6	3.6	0.293
2842	1.5	3.6	0.307
2843	1.2	3.6	0.293
2844	1.0	3.6	0.284
2845	1.0	3.6	0.263
2846	0.9	3.6	0.231
2847	0.9	3.6	0.211
2848	0.8	3.6	0.196
2849	0.8	3.6	0.204
2850	0.8	3.6	0.253
2851	0.9	3.6	0.283
2852	1.0	3.6	0.350
2853	1.1	3.6	0.359
2854	1.1	3.6	0.335
2855	1.1	3.6	0.202
2856	1.1	3.6	0.126
2857	0.7	3.6	0.087
2858	0.7	3.6	0.047
2859	0.7	3.6	0.019
2860	0.8	3.6	0.013
2861	0.8	3.6	0.040
2862	1.0	3.6	0.101
2863	0.9	3.6	0.272
2864	1.5	3.6	0.292
2865	1.4	3.6	0.293
2866	1.2	3.6	0.307
2867	1.1	3.6	0.293
2868	1.0	3.6	0.284
2869	0.9	3.6	0.263
2870	0.9	3.6	0.231
2871	0.9	3.6	0.211
2872	0.8	3.6	0.196
2873	0.8	3.6	0.204
2874	0.7	3.6	0.253
2875	0.8	3.6	0.283
2876	0.9	3.6	0.350
2877	1.0	3.6	0.359
2878	1.0	3.6	0.335
2879	1.0	3.6	0.202
2880	1.0	3.6	0.126
2881	0.0	3.6	0.087
2882	0.0	3.6	0.047
2883	0.0	3.6	0.019
2884	0.0	3.6	0.013
2885	0.0	3.6	0.040
2886	0.0	3.6	0.101
2887	0.0	3.6	0.272
2888	0.0	3.6	0.292
2889	0.0	3.6	0.293
2890	0.0	3.6	0.307
2891	0.0	3.6	0.293
2892	0.0	3.6	0.284
2893	0.0	3.6	0.263
2894	0.0	3.6	0.231
2895	0.0	3.6	0.211
2896	0.0	3.6	0.196
2897	0.0	3.6	0.204
2898	0.0	3.6	0.253
2899	0.0	3.6	0.283
2900	0.0	3.6	0.350
2901	0.0	3.6	0.359
2902	0.0	3.6	0.335
2903	0.0	3.6	0.202
2904	0.0	3.6	0.126
2905	0.0	3.6	0.087
2906	0.0	3.5	0.047
2907	0.0	3.5	0.019
2908	0.0	3.5	0.013
2909	0.0	3.5	0.040
2910	0.0	3.5	0.101
2911	0.0	3.5	0.272
2912	0.0	3.5	0.292
2913	0.0	3.5	0.293
2914	0.0	3.5	0.307
2915	0.0	3.5	0.293
2916	0.0	3.5	0.284
2917	0.0	3.5	0.263
2918	0.0	3.5	0.231
2919	0.0	3.5	0.211
2920	0.0	3.5	0.196
2921	0.0	3.5	0.204
2922	0.0	3.5	0.253
2923	0.0	3.5	0.283
2924	0.0	3.5	0.350
2925	0.0	3.5	0.359
2926	0.0	3.5	0.335
2927	0.0	3.5	0.202
2928	0.0	3.5	0.126
2929	0.0	3.5	0.087
2930	0.0	3.5	0.047
2931	0.0	3.5	0.019
2932	0.0	3.5	0.013
2933	0.0	3.5	0.040
2934	0.0	3.5	0.101
2935	0.0	3.5	0.272
2936	0.0	3.5	0.292
2937	0.0	3.5	0.293
2938	0.0	3.5	0.307
2939	0.0	3.5	0.293
2940	0.0	3.5	0.284
2941	0.0	3.5	0.263
2942	0.0	3.5	0.231
2943	0.0	3.5	0.211
2944	0.0	3.5	0.196
2945	0.0	3.5	0.204
2946	0.0	3.5	0.253
2947	0.0	3.5	0.283
2948	0.0	3.5	0.350
2949	0.0	3.5	0.359
2950	0.0	3.5	0.335
2951	0.0	3.5	0.202
2952	0.0	3.5	0.126
2953	0.0	3.5	0.087
2954	0.0	3.5	0.047
2955	0.0	3.5	0.019
2956	0.0	3.5	0.013
2957	0.0	3.5	0.040
2958	0.0	3.5	0.101
2959	0.0	3.5	0.272
2960	0.0	3.5	0.292
2961	0.0	3.5	0.293
2962	0.0	3.5	0.307
2963	0.0	3.5	0.293
2964	0.0	3.5	0.284
2965	0.0	3.5	0.263
2966	0.0	3.5	0.231
2967	0.0	3.5	0.211
2968	0.0	3.5	0.196
2969	0.0	3.5	0.204
2970	0.0	3.5	0.253
2971	0.0	3.4	0.283
2972	0.0	3.4	0.350
2973	0.0	3.4	0.359
2974	0.0	3.4	0.335
2975	0.0	3.4	0.202
2976	0.0	3.4	0.126
2977	0.0	3.4	0.087
2978	0.0	3.4	0.047
2979	0.0	3.4	0.019
2980	0.0	3.4	0.013
2981	0.0	3.4	0.040
2982	0.0	3.4	0.101
2983	0.0	3.4	0.272
2984	0.0	3.4	0.292
2985	0.0	3.4	0.293
2986	0.0	3.4	0.307
2987	0.0	3.4	0.293
2988	0.0	3.4	0.284
2989	0.0	3.4	0.263
2990	0.0	3.4	0.231
2991	0.0	3.4	0.211
2992	0.0	3.4	0.196
2993	0.0	3.4	0.204
2994	0.0	3.4	0.253
2995	0.0	3.4	0.283
2996	0.0	3.4	0.350
2997	0.0	3.4	0.359
2998	0.0	3.4	0.335
2999	0.0	3.4	0.202
3000	0.0	3.4	0.126
3001	0.0	3.4	0.087
3002	0.0	3.4	0.047
3003	0.0	3.4	0.019
3004	0.0	3.4	0.013
3005	0.0	3.4	0.040
3006	0.0	3.4	0.101
3007	0.0	3.4	0.272
3008	0.0	3.4	0.292
3009	0.0	3.4	0.293
3010	0.0	3.4	0.307
3011	0.0	3.4	0.293
3012	0.0	3.4	0.284
3013	0.0	3.4	0.263
3014	0.0	3.4	0.231
3015	0.0	3.4	0.211
3016	0.0	3.4	0.196
3017	0.0	3.3	0.204
3018	0.0	3.3	0.253
3019	0.0	3.3	0.283
3020	0.0	3.3	0.350
3021	0.0	3.3	0.359
3022	0.0	3.3	0.335
3023	0.0	3.3	0.202
3024	0.0	3.3	0.126
3025	0.0	3.3	0.087
3026	0.0	3.3	0.047
3027	0.0	3.3	0.019
3028	0.0	3.3	0.013
3029	0.0	3.3	0.040
3030	0.0	3.3	0.101
3031	0.0	3.3	0.272
3032	0.0	3.3	0.292
3033	0.0	3.3	0.293
3034	0.0	3.3	0.307
3035	0.0	3.3	0.293
3036	0.0	3.3	0.284
3037	0.0	3.3	0.263
3038	0.0	3.3	0.231
3039	0.0	3.3	0.211
3040	0.0	3.3	0.196
3041	0.0	3.3	0.204
3042	0.0	3.2	0.253
3043	0.0	3.2	0.283
3044	0.0	3.2	0.350
3045	0.0	3.2	0.359
3046	0.0	3.2	0.335
3047	0.0	3.2	0.202
3048	0.0	3.2	0.126
3049	0.0	3.2	0.087
3050	0.0	3.2	0.047
3051	0.0	3.2	0.019
3052	0.0	3.2	0.013
3053	0.0	3.2	0.040
3054	0.0	3.2	0.101
3055	0.0	3.2	0.272
3056	0.0	3.2	0.292
3057	0.0	3.2	0.293
3058	0.0	3.2	0.307
3059	0.0	3.2	0.293
3060	0.0	3.2	0.284
3061	0.0	3.2	0.263
3062	0.0	3.2	0.231
3063	0.0	3.2	0.211
3064	0.0	3.2	0.196
3065	0.0	3.2	0.204
3066	0.0	3.2	0.253
3067	0.0	3.2	0.283
3068	0.0	3.2	0.350
3069	0.0	3.2	0.359
3070	0.0	3.2	0.335
3071	0.0	3.2	0.202
3072	0.0	3.2	0.126
3073	0.0	3.2	0.087
3074	0.0	3.2	0.047
3075	0.0	3.2	0.019
3076	0.0	3.2	0.013
3077	0.0	3.2	0.040
3078	0.0	3.1	0.101
3079	0.0	3.1	0.272
3080	0.0	3.1	0.292
3081	0.0	3.1	0.293
3082	0.0	3.1	0.307
3083	0.0	3.1	0.293
3084	0.0	3.1	0.284
3085	0.0	3.1	0.263
3086	0.0	3.1	0.231
3087	0.0	3.1	0.211
3088	0.0	3.1	0.196
3089	0.0	3.1	0.204
3090	0.0	3.1	0.253
3091	0.0	3.1	0.283
3092	0.0	3.1	0.350
3093	0.0	3.1	0.359
3094	0.0	3.1	0.335
3095	0.0	3.1	0.202
3096	0.0	3.1	0.126
3097	0.0	3.1	0.087
3098	0.0	3.1	0.047
3099	0.0	3.1	0.019
3100	0.0	3.1	0.013
3101	0.0	3.1	0.040
3102	0.0	3.1	0.101
3103	0.0	3.1	0.272
3104	0.0	3.1	0.292
3105	0.0	3.1	0.293
3106	0.0	3.1	0.307
3107	0.0	3.1	0.293
3108	0.0	3.1	0.284
3109	0.0	3.1	0.263
3110	0.0	3.1	0.231
3111	0.0	3.1	0.211
3112	0.0	3.1	0.196
3113	0.0	3.1	0.204
3114	0.0	3.1	0.253
3115	0.0	3.1	0.283
3116	0.0	3.1	0.350
3117	0.0	3.1	0.359
3118	0.0	3.1	0.335
3119	0.0	3.1	0.202
3120	0.0	3.1	0.126
3121	0.0	3.1	0.087
3122	0.0	3.1	0.047
3123	0.0	3.1	0.019
3124	0.0	3.1	0.013
3125	0.0	3.1	0.040
3126	0.0	3.1	0.101
3127	0.0	3.0	0.272
3128	0.0	3.0	0.292
3129	0.0	3.0	0.293
3130	0.0	3.0	0.307
3131	0.0	3.0	0.293
3132	0.0	3.0	0.284
3133	0.0	3.0	0.263
3134	0.0	3.0	0.231
3135	0.0	3.0	0.211
3136	0.0	3.0	0.196
3137	0.0	3.0	0.204
3138	0.0	3.0	0.253
3139	0.0	3.0	0.283
3140	0.0	3.0	0.350
3141	0.0	3.0	0.359
3142	0.0	3.0	0.335
3143	0.0	3.0	0.202
3144	0.0	3.0	0.126
3145	0.0	3.0	0.087
3146	0.0	3.0	0.047
3147	0.0	3.0	0.019
3148	0.0	3.0	0.013
3149	0.0	3.0	0.040
3150	0.0	3.0	0.101
3151	0.0	3.0	0.272
3152	0.0	3.0	0.292
3153	0.0	3.0	0.293
3154	0.0	3.0	0.307
3155	0.0	3.0	0.293
3156	0.0	3.0	0.284
3157	0.0	3.0	0.263
3158	0.0	3.0	0.231
3159	0.0	3.0	0.211
3160	0.0	3.0	0.196
3161	0.0	3.0	0.204
3162	0.0	3.0	0.253
3163	0.0	3.0	0.283
3164	0.0	3.0	0.350
3165	0.0	3.0	0.359
3166	0.0	3.0	0.335
3167	0.0	3.0	0.202
3168	0.0	3.0	0.126
3169	0.0	3.0	0.087
3170	0.0	3.0	0.047
3171	0.0	3.0	0.019
3172	0.0	3.0	0.013
3173	0.0	2.9	0.040
3174	0.0	2.9	0.101
3175	0.0	2.9	0.272
3176	0.0	2.9	0.292
3177	0.0	2.9	0.293
3178	0.0	2.9	0.307
3179	0.0	2.9	0.293
3180	0.0	2.9	0.284
3181	0.0	2.9	0.263
3182	0.0	2.9	0.231
3183	0.0	2.9	0.211
3184	0.0	2.9	0.196
3185	0.0	2.9	0.204
3186	0.0	2.9	0.253
3187	0.0	2.9	0.283
3188	0.0	2.9	0.350
3189	0.0	2.9	0.359
3190	0.0	2.9	0.335
3191	0.0	2.9	0.202
3192	0.0	2.9	0.126
3193	0.0	2.9	0.087
3194	0.0	2.9	0.047
3195	0.0	2.9	0.019
3196	0.0	2.9	0.013
3197	0.0	2.9	0.040
3198	0.0	2.9	0.101
3199	0.0	2.9	0.272
3200	0.0	2.9	0.292
3201	0.0	2.9	0.293
3202	0.0	2.9	0.307
3203	0.0	2.8	0.293
3204	0.0	2.8	0.284
3205	0.0	2.8	0.263
3206	0.0	2.8	0.231
3207	0.0	2.8	0.211
3208	0.0	2.8	0.196
3209	0.0	2.8	0.204
3210	0.0	2.8	0.253
3211	0.0	2.8	0.283
3212	0.0	2.8	0.350
3213	0.0	2.8	0.359
3214	0.0	2.8	0.335
3215	0.0	2.8	0.202
3216	0.0	2.8	0.126
3217	0.0	2.8	0.087
3218	0.0	2.8	0.047
3219	0.0	2.8	0.019
3220	0.0	2.8	0.013
3221	0.0	2.8	0.040
3222	0.0	2.8	0.101
3223	0.0	2.8	0.272
3224	0.0	2.8	0.292
3225	0.0	2.8	0.293
3226	0.0	2.8	0.307
3227	0.0	2.8	0.293
3228	0.0	2.8	0.284
3229	0.0	2.8	0.263
3230	0.0	2.8	0.231
3231	0.0	2.8	0.211
3232	0.0	2.8	0.196
3233	0.0	2.8	0.204
3234	0.0	2.8	0.253
3235	0.0	2.8	0.283
3236	0.0	2.8	0.350
3237	0.0	2.8	0.359
3238	0.0	2.8	0.335
3239	0.0	2.8	0.202
3240	0.0	2.8	0.126
3241	0.0	2.8	0.087
3242	0.0	2.8	0.047
3243	0.0	2.8	0.019
3244	0.0	2.8	0.013
3245	0.0	2.8	0.040
3246	0.0	2.8	0.101
3247	0.0	2.8	0.272
3248	0.0	2.8	0.292
3249	0.0	2.8	0.293
3250	0.0	2.8	0.307
3251	0.0	2.8	0.293
3252	0.0	2.8	0.284
3253	0.0	2.7	0.263
3254	0.0	2.7	0.231
3255	0.0	2.7	0.211
3256	0.0	2.7	0.196
3257	0.0	2.7	0.204
3258	0.0	2.7	0.253
3259	0.0	2.7	0.283
3260	0.0	2.7	0.350
3261	0.0	2.7	0.359
3262	0.0	2.7	0.335
3263	0.0	2.7	0.202
3264	0.0	2.7	0.126
3265	0.0	2.7	0.087
3266	0.0	2.7	0.047
3267	0.0	2.7	0.019
3268	0.0	2.7	0.013
3269	0.0	2.7	0.040
3270	0.0	2.7	0.101
3271	0.0	2.7	0.272
3272	0.0	2.7	0.292
3273	0.0	2.7	0.293
3274	0.0	2.7	0.307
3275	0.0	2.7	0.293
3276	0.0	2.7	0.284
3277	0.0	2.7	0.263
3278	0.0	2.7	0.231
3279	0.0	2.7	0.211
3280	0.0	2.7	0.196
3281	0.0	2.7	0.204
3282	0.0	2.7	0.253
3283	0.0	2.7	0.283
3284	0.0	2.7	0.350
3285	0.0	2.7	0.359
3286	0.0	2.7	0.335
3287	0.0	2.7	0.202
3288	0.0	2.7	0.126
3289	0.0	2.7	0.087
3290	0.0	2.7	0.047
3291	0.0	2.7	0.019
3292	0.0	2.7	0.013
3293	0.0	2.7	0.040
3294	0.0	2.7	0.101
3295	0.0	2.7	0.272
3296	0.0	2.7	0.292
3297	0.0	2.7	0.293
3298	0.0	2.7	0.307
3299	0.0	2.7	0.293
3300	0.0	2.7	0.284
3301	0.0	2.7	0.263
3302	0.0	2.7	0.231
3303	0.0	2.7	0.211
3304	0.0	2.7	0.196
3305	0.0	2.7	0.204
3306	0.0	2.7	0.253
3307	0.0	2.7	0.283
3308	0.0	2.7	0.350
3309	0.0	2.7	0.359
3310	0.0	2.7	0.335
3311	0.0	2.7	0.202
3312	0.0	2.7	0.126
3313	0.0	2.6	0.087
3314	0.0	2.6	0.047
3315	0.0	2.6	0.019
3316	0.0	2.6	0.013
3317	0.0	2.6	0.040
3318	0.0	2.6	0.101
3319	0.0	2.6	0.272
3320	0.0	2.6	0.292
3321	0.0	2.6	0.293
3322	0.0	2.6	0.307
3323	0.0	2.6	0.293
3324	0.0	2.6	0.284
3325	0.0	2.6	0.263
3326	0.0	2.6	0.231
3327	0.0	2.6	0.211
3328	0.0	2.6	0.196
3329	0.0	2.6	0.204
3330	0.0	2.6	0.253
3331	0.0	2.6	0.283
3332	0.0	2.6	0.350
3333	0.0	2.6	0.359
3334	0.0	2.6	0.335
3335	0.0	2.6	0.202
3336	0.0	2.6	0.126
3337	0.0	2.6	0.087
3338	0.0	2.6	0.047
3339	0.0	2.6	0.019
3340	0.0	2.6	0.013
3341	0.0	2.6	0.040
3342	0.0	2.6	0.101
3343	0.0	2.6	0.272
3344	0.0	2.6	0.292
3345	0.0	2.6	0.293
3346	0.0	2.6	0.307
3347	0.0	2.6	0.293
3348	0.0	2.6	0.284
3349	0.0	2.6	0.263
3350	0.0	2.6	0.231
3351	0.0	2.6	0.211
3352	0.0	2.6	0.196
3353	0.0	2.6	0.204
3354	0.0	2.6	0.253
3355	0.0	2.5	0.283
3356	0.0	2.5	0.350
3357	0.0	2.5	0.359
3358	0.0	2.5	0.335
3359	0.0	2.5	0.202
3360	0.0	2.5	0.126
3361	0.0	2.5	0.087
3362	0.0	2.5	0.047
3363	0.0	2.5	0.019
3364	0.0	2.5	0.013
3365	0.0	2.5	0.040
3366	0.0	2.5	0.101
3367	0.0	2.5	0.272
3368	0.0	2.5	0.292
3369	0.0	2.5	0.293
3370	0.0	2.5	0.307
3371	0.0	2.5	0.293
3372	0.0	2.5	0.284
3373	0.0	2.5	0.263
3374	0.0	2.5	0.231
3375	0.0	2.5	0.211
3376	0.0	2.5	0.196
3377	0.0	2.5	0.204
3378	0.0	2.5	0.253
3379	0.0	2.5	0.283
3380	0.0	2.5	0.350
3381	0.0	2.5	0.359
3382	0.0	2.5	0.335
3383	0.0	2.5	0.202
3384	0.0	2.5	0.126
3385	0.0	2.5	0.087
3386	0.0	2.5	0.047
3387	0.0	2.5	0.019
3388	0.0	2.5	0.013
3389	0.0	2.5	0.040
3390	0.0	2.5	0.101
3391	0.0	2.5	0.272
3392	0.0	2.5	0.292
3393	0.0	2.5	0.293
3394	0.0	2.5	0.307
3395	0.0	2.5	0.293
3396	0.0	2.5	0.284
3397	0.0	2.5	0.263
3398	0.0	2.5	0.231
3399	0.0	2.5	0.211
3400	0.0	2.5	0.196
3401	0.0	2.5	0.204
3402	0.0	2.5	0.253
3403	0.0	2.5	0.283
3404	0.0	2.5	0.350
3405	0.0	2.4	0.359
3406	0.0	2.4	0.335
3407	0.0	2.4	0.202
3408	0.0	2.4	0.126
3409	0.0	2.4	0.087
3410	0.0	2.4	0.047
3411	0.0	2.4	0.019
3412	0.0	2.4	0.013
3413	0.0	2.4	0.040
3414	0.0	2.4	0.101
3415	0.0	2.4	0.272
3416	0.0	2.4	0.292
3417	0.0	2.4	0.293
3418	0.0	2.4	0.307
3419	0.0	2.4	0.293
3420	0.0	2.4	0.284
3421	0.0	2.4	0.263
3422	0.0	2.4	0.231
3423	0.0	2.4	0.211
3424	0.0	2.4	0.196
3425	0.0	2.4	0.204
3426	0.0	2.4	0.253
3427	0.0	2.4	0.283
3428	0.0	2.4	0.350
3429	0.0	2.4	0.359
3430	0.0	2.4	0.335
3431	0.0	2.4	0.202
3432	0.0	2.4	0.126
3433	0.0	2.4	0.087
3434	0.0	2.4	0.047
3435	0.0	2.4	0.019
3436	0.0	2.4	0.013
3437	0.0	2.4	0.040
3438	0.0	2.4	0.101
3439	0.0	2.4	0.272
3440	0.0	2.4	0.292
3441	0.0	2.4	0.293
3442	0.0	2.4	0.307
3443	0.0	2.4	0.293
3444	0.0	2.4	0.284
3445	0.0	2.4	0.263
3446	0.0	2.4	0.231
3447	0.0	2.4	0.211
3448	0.0	2.4	0.196
3449	0.0	2.4	0.204
3450	0.0	2.4	0.253
3451	0.0	2.4	0.283
3452	0.0	2.4	0.350
3453	0.0	2.4	0.359
3454	0.0	2.4	0.335
3455	0.0	2.4	0.202
3456	0.0	2.4	0.126
3457	0.0	2.4	0.087
3458	0.0	2.4	0.047
3459	0.0	2.4	0.019
3460	0.0	2.4	0.013
3461	0.0	2.4	0.040
3462	0.0	2.3	0.101
3463	0.0	2.3	0.272
3464	0.0	2.3	0.292
3465	0.0	2.3	0.293
3466	0.0	2.3	0.307
3467	0.0	2.3	0.293
3468	0.0	2.3	0.284
3469	0.0	2.3	0.263
3470	0.0	2.3	0.231
3471	0.0	2.3	0.211
3472	0.0	2.3	0.196
3473	0.0	2.3	0.204
3474	0.0	2.3	0.253
3475	0.0	2.3	0.283
3476	0.0	2.3	0.350
3477	0.0	2.3	0.359
3478	0.0	2.3	0.335
3479	0.0	2.3	0.202
3480	0.0	2.3	0.126
3481	0.0	2.3	0.087
3482	0.0	2.3	0.047
3483	0.0	2.3	0.019
3484	0.0	2.3	0.013
3485	0.0	2.3	0.040
3486	0.0	2.3	0.101
3487	0.0	2.3	0.272
3488	0.0	2.3	0.292
3489	0.0	2.3	0.293
3490	0.0	2.3	0.307
3491	0.0	2.3	0.293
3492	0.0	2.3	0.284
3493	0.0	2.3	0.263
3494	0.0	2.3	0.231
3495	0.0	2.3	0.211
3496	0.0	2.3	0.196
3497	0.0	2.3	0.204
3498	0.0	2.3	0.253
3499	0.0	2.3	0.283
3500	0.0	2.3	0.350
3501	0.0	2.3	0.359
3502	0.0	2.3	0.335
3503	0.0	2.3	0.202
3504	0.0	2.3	0.126
3505	0.0	2.3	0.087
3506	0.0	2.3	0.047
3507	0.0	2.3	0.019
3508	0.0	2.3	0.013
3509	0.0	2.3	0.040
3510	0.0	2.3	0.101
3511	0.0	2.3	0.272
3512	0.0	2.3	0.292
3513	0.0	2.3	0.293
3514	0.0	2.3	0.307
3515	0.0	2.2	0.293
3516	0.0	2.2	0.284
3517	0.0	2.2	0.263
3518	0.0	2.2	0.231
3519	0.0	2.2	0.211
3520	0.0	2.2	0.196
3521	0.0	2.2	0.204
3522	0.0	2.2	0.253
3523	0.0	2.2	0.283
3524	0.0	2.2	0.350
3525	0.0	2.2	0.359
3526	0.0	2.2	0.335
3527	0.0	2.2	0.202
3528	0.0	2.2	0.126
3529	0.0	2.2	0.087
3530	0.0	2.2	0.047
3531	0.0	2.2	0.019
3532	0.0	2.2	0.013
3533	0.0	2.2	0.040
3534	0.0	2.2	0.101
3535	0.0	2.2	0.272
3536	0.0	2.2	0.292
3537	0.0	2.2	0.293
3538	0.0	2.2	0.307
3539	0.0	2.2	0.293
3540	0.0	2.2	0.284
3541	0.0	2.2	0.263
3542	0.0	2.2	0.231
3543	0.0	2.2	0.211
3544	0.0	2.2	0.196
3545	0.0	2.2	0.204
3546	0.0	2.2	0.253
3547	0.0	2.2	0.283
3548	0.0	2.2	0.350
3549	0.0	2.2	0.359
3550	0.0	2.2	0.335
3551	0.0	2.2	0.202
3552	0.0	2.2	0.126
3553	0.0	2.2	0.087
3554	0.0	2.2	0.047
3555	0.0	2.2	0.019
3556	0.0	2.2	0.013
3557	0.0	2.2	0.040
3558	0.0	2.2	0.101
3559	0.0	2.2	0.272
3560	0.0	2.2	0.292
3561	0.0	2.2	0.293
3562	0.0	2.2	0.307
3563	0.0	2.2	0.293
3564	0.0	2.2	0.284
3565	0.0	2.2	0.263
3566	0.0	2.2	0.231
3567	0.0	2.2	0.211
3568	0.0	2.2	0.196
3569	0.0	2.2	0.204
3570	0.0	2.2	0.253
3571	0.0	2.2	0.283
3572	0.0	2.2	0.350
3573	0.0	2.2	0.359
3574	0.0	2.2	0.335
3575	0.0	2.2	0.202
3576	0.0	2.2	0.126
3577	0.0	2.1	0.087
3578	0.0	2.1	0.047
3579	0.0	2.1	0.019
3580	0.0	2.1	0.013
3581	0.0	2.1	0.040
3582	0.0	2.1	0.101
3583	0.0	2.1	0.272
3584	0.0	2.1	0.292
3585	0.0	2.1	0.293
3586	0.0	2.1	0.307
3587	0.0	2.1	0.293
3588	0.0	2.1	0.284
3589	0.0	2.1	0.263
3590	0.0	2.1	0.231
3591	0.0	2.1	0.211
3592	0.0	2.1	0.196
3593	0.0	2.1	0.204
3594	0.0	2.1	0.253
3595	0.0	2.1	0.283
3596	0.0	2.1	0.350
3597	0.0	2.1	0.359
3598	0.0	2.1	0.335
3599	0.0	2.1	0.202
3600	0.0	2.1	0.126
3601	0.0	2.1	0.087
3602	0.0	2.1	0.047
3603	0.0	2.1	0.019
3604	0.0	2.1	0.013
3605	0.0	2.1	0.040
3606	0.0	2.1	0.101
3607	0.0	2.1	0.272
3608	0.0	2.1	0.292
3609	0.0	2.1	0.293
3610	0.0	2.1	0.307
3611	0.0	2.1	0.293
3612	0.0	2.1	0.284
3613	0.0	2.1	0.263
3614	0.0	2.1	0.231
3615	0.0	2.1	0.211
3616	0.0	2.1	0.196
3617	0.0	2.1	0.204
3618	0.0	2.1	0.253
3619	0.0	2.1	0.283
3620	0.0	2.1	0.350
3621	0.0	2.1	0.359
3622	0.0	2.1	0.335
3623	0.0	2.1	0.202
3624	0.0	2.1	0.126
3625	0.0	2.1	0.087
3626	0.0	2.1	0.047
3627	0.0	2.1	0.019
3628	0.0	2.1	0.013
3629	0.0	2.1	0.040
3630	0.0	2.1	0.101
3631	0.0	2.1	0.272
3632	0.0	2.1	0.292
3633	0.0	2.1	0.293
3634	0.0	2.1	0.307
3635	0.0	2.1	0.293
3636	0.0	2.1	0.284
3637	0.0	2.1	0.263
3638	0.0	2.1	0.231
3639	0.0	2.1	0.211
3640	0.0	2.1	0.196
3641	0.0	2.1	0.204
3642	0.0	2.1	0.253
3643	0.0	2.1	0.283
3644	0.0	2.1	0.350
3645	0.0	2.1	0.359
3646	0.0	2.1	0.335
3647	0.0	2.1	0.202
3648	0.0	2.1	0.126
3649	0.0	2.1	0.087
3650	0.0	2.1	0.047
3651	0.0	2.1	0.019
3652	0.0	2.1	0.013
3653	0.0	2.1	0.040
3654	0.0	2.1	0.101
3655	0.0	2.1	0.272
3656	0.0	2.1	0.292
3657	0.0	2.1	0.293
3658	0.0	2.1	0.307
3659	0.0	2.1	0.293
3660	0.0	2.1	0.284
3661	0.0	2.1	0.263
3662	0.0	2.0	0.231
3663	0.0	2.0	0.211
3664	0.0	2.0	0.196
3665	0.0	2.0	0.204
3666	0.0	2.0	0.253
3667	0.0	2.0	0.283
3668	0.0	2.0	0.350
3669	0.0	2.0	0.359
3670	0.0	2.0	0.335
3671	0.0	2.0	0.202
3672	0.0	2.0	0.126
3673	0.0	2.0	0.087
3674	0.0	2.0	0.047
3675	0.0	2.0	0.019
3676	0.0	2.0	0.013
3677	0.0	2.0	0.040
3678	0.0	2.0	0.101
3679	0.0	2.0	0.272
3680	0.0	2.0	0.292
3681	0.0	2.0	0.293
3682	0.0	2.0	0.307
3683	0.0	2.0	0.293
3684	0.0	2.0	0.284
3685	0.0	2.0	0.263
3686	0.0	2.0	0.231
3687	0.0	2.0	0.211
3688	0.0	2.0	0.196
3689	0.0	2.0	0.204
3690	0.0	2.0	0.253
3691	0.0	2.0	0.283
3692	0.0	2.0	0.350
3693	0.0	2.0	0.359
3694	0.0	2.0	0.335
3695	0.0	2.0	0.202
3696	0.0	2.0	0.126
3697	0.0	2.0	0.087
3698	0.0	2.0	0.047
3699	0.0	2.0	0.019
3700	0.0	2.0	0.013
3701	0.0	2.0	0.040
3702	0.0	2.0	0.101
3703	0.0	2.0	0.272
3704	0.0	2.0	0.292
3705	0.0	2.0	0.293
3706	0.0	2.0	0.307
3707	0.0	2.0	0.293
3708	0.0	2.0	0.284
3709	0.0	2.0	0.263
3710	0.0	2.0	0.231
3711	0.0	2.0	0.211
3712	0.0	2.0	0.196
3713	0.0	2.0	0.204
3714	0.0	2.0	0.253
3715	0.0	2.0	0.283
3716	0.0	2.0	0.350
3717	0.0	2.0	0.359
3718	0.0	2.0	0.335
3719	0.0	2.0	0.202
3720	0.0	2.0	0.126
3721	0.0	2.0	0.087
3722	0.0	2.0	0.047
3723	0.0	2.0	0.019
3724	0.0	2.0	0.013
3725	0.0	2.0	0.040
3726	0.0	2.0	0.101
3727	0.0	2.0	0.272
3728	0.0	2.0	0.292
3729	0.0	2.0	0.293
3730	0.0	2.0	0.307
3731	0.0	2.0	0.293
3732	0.0	2.0	0.284
3733	0.0	2.0	0.263
3734	0.0	2.0	0.231
3735	0.0	2.0	0.211
3736	0.0	2.0	0.196
3737	0.0	2.0	0.204
3738	0.0	2.0	0.253
3739	0.0	2.0	0.283
3740	0.0	2.0	0.350
3741	0.0	2.0	0.359
3742	0.0	2.0	0.335
3743	0.0	2.0	0.202
3744	0.0	2.0	0.126
3745	0.0	2.0	0.087
3746	0.0	2.0	0.047
3747	0.0	2.0	0.019
3748	0.0	2.0	0.013
3749	0.0	2.0	0.040
3750	0.0	2.0	0.101
3751	0.0	2.0	0.272
3752	0.0	2.0	0.292
3753	0.0	2.0	0.293
3754	0.0	2.0	0.307
3755	0.0	2.0	0.293
3756	0.0	1.9	0.284
3757	0.0	1.9	0.263
3758	0.0	1.9	0.231
3759	0.0	1.9	0.211
3760	0.0	1.9	0.196
3761	0.0	1.9	0.204
3762	0.0	1.9	0.253
3763	0.0	1.9	0.283
3764	0.0	1.9	0.350
3765	0.0	1.9	0.359
3766	0.0	1.9	0.335
3767	0.0	1.9	0.202
3768	0.0	1.9	0.126
3769	0.0	1.9	0.087
3770	0.0	1.9	0.047
3771	0.0	1.9	0.019
3772	0.0	1.9	0.013
3773	0.0	1.9	0.040
3774	0.0	1.9	0.101
3775	0.0	1.9	0.272
3776	0.0	1.9	0.292
3777	0.0	1.9	0.293
3778	0.0	1.9	0.307
3779	0.0	1.9	0.293
3780	0.0	1.9	0.284
3781	0.0	1.9	0.263
3782	0.0	1.9	0.231
3783	0.0	1.9	0.211
3784	0.0	1.9	0.196
3785	0.0	1.9	0.204
3786	0.0	1.9	0.253
3787	0.0	1.9	0.283
3788	0.0	1.9	0.350
3789	0.0	1.9	0.359
3790	0.0	1.9	0.335
3791	0.0	1.9	0.202
3792	0.0	1.9	0.126
3793	0.0	1.9	0.087
3794	0.0	1.9	0.047
3795	0.0	1.9	0.019
3796	0.0	1.9	0.013
3797	0.0	1.9	0.040
3798	0.0	1.9	0.101
3799	0.0	1.9	0.272
3800	0.0	1.9	0.292
3801	0.0	1.9	0.293
3802	0.0	1.9	0.307
3803	0.0	1.9	0.293
3804	0.0	1.9	0.284
3805	0.0	1.9	0.263
3806	0.0	1.9	0.231
3807	0.0	1.9	0.211
3808	0.0	1.9	0.196
3809	0.0	1.9	0.204
3810	0.0	1.9	0.253
3811	0.0	1.9	0.283
3812	0.0	1.9	0.350
3813	0.0	1.9	0.359
3814	0.0	1.9	0.335
3815	0.0	1.9	0.202
3816	0.0	1.9	0.126
3817	0.0	1.9	0.087
3818	0.0	1.9	0.047
3819	0.0	1.9	0.019
3820	0.0	1.9	0.013
3821	0.0	1.9	0.040
3822	0.0	1.9	0.101
3823	0.0	1.9	0.272
3824	0.0	1.9	0.292
3825	0.0	1.9	0.293
3826	0.0	1.9	0.307
3827	0.0	1.9	0.293
3828	0.0	1.9	0.284
3829	0.0	1.9	0.263
3830	0.0	1.9	0.231
3831	0.0	1.9	0.211
3832	0.0	1.9	0.196
3833	0.0	1.9	0.204
3834	0.0	1.9	0.253
3835	0.0	1.9	0.283
3836	0.0	1.9	0.350
3837	0.0	1.8	0.359
3838	0.0	1.8	0.335
3839	0.0	1.8	0.202
3840	0.0	1.8	0.126
3841	0.0	1.8	0.087
3842	0.0	1.8	0.047
3843	0.0	1.8	0.019
3844	0.0	1.8	0.013
3845	0.0	1.8	0.040
3846	0.0	1.8	0.101
3847	0.0	1.8	0.272
3848	0.0	1.8	0.292
3849	0.0	1.8	0.293
3850	0.0	1.8	0.307
3851	0.0	1.8	0.293
3852	0.0	1.8	0.284
3853	0.0	1.8	0.263
3854	0.0	1.8	0.231
3855	0.0	1.8	0.211
3856	0.0	1.8	0.196
3857	0.0	1.8	0.204
3858	0.0	1.8	0.253
3859	0.0	1.8	0.283
3860	0.0	1.8	0.350
3861	0.0	1.8	0.359
3862	0.0	1.8	0.335
3863	0.0	1.8	0.202
3864	0.0	1.8	0.126
3865	0.0	1.8	0.087
3866	0.0	1.8	0.047
3867	0.0	1.8	0.019
3868	0.0	1.8	0.013
3869	0.0	1.8	0.040
3870	0.0	1.8	0.101
3871	0.0	1.8	0.272
3872	0.0	1.8	0.292
3873	0.0	1.8	0.293
3874	0.0	1.8	0.307
3875	0.0	1.8	0.293
3876	0.0	1.8	0.284
3877	0.0	1.8	0.263
3878	0.0	1.8	0.231
3879	0.0	1.8	0.211
3880	0.0	1.8	0.196
3881	0.0	1.8	0.204
3882	0.0	1.8	0.253
3883	0.0	1.8	0.283
3884	0.0	1.8	0.350
3885	0.0	1.8	0.359
3886	0.0	1.8	0.335
3887	0.0	1.8	0.202
3888	0.0	1.8	0.126
3889	0.0	1.8	0.087
3890	0.0	1.8	0.047
3891	0.0	1.8	0.019
3892	0.0	1.8	0.013
3893	0.0	1.8	0.040
3894	0.0	1.8	0.101
3895	0.0	1.8	0.272
3896	0.0	1.8	0.292
3897	0.0	1.8	0.293
3898	0.0	1.8	0.307
3899	0.0	1.8	0.293
3900	0.0	1.8	0.284
3901	0.0	1.8	0.263
3902	0.0	1.8	0.231
3903	0.0	1.8	0.211
3904	0.0	1.8	0.196
3905	0.0	1.8	0.204
3906	0.0	1.8	0.253
3907	0.0	1.8	0.283
3908	0.0	1.8	0.350
3909	0.0	1.8	0.359
3910	0.0	1.8	0.335
3911	0.0	1.8	0.202
3912	0.0	1.8	0.126
3913	0.0	1.8	0.087
3914	0.0	1.8	0.047
3915	0.0	1.8	0.019
3916	0.0	1.8	0.013
3917	0.0	1.8	0.040
3918	0.0	1.8	0.101
3919	0.0	1.8	0.272
3920	0.0	1.8	0.292
3921	0.0	1.8	0.293
3922	0.0	1.8	0.307
3923	0.0	1.8	0.293
3924	0.0	1.7	0.284
3925	0.0	1.7	0.263
3926	0.0	1.7	0.231
3927	0.0	1.7	0.211
3928	0.0	1.7	0.196
3929	0.0	1.7	0.204
3930	0.0	1.7	0.253
3931	0.0	1.7	0.283
3932	0.0	1.7	0.350
3933	0.0	1.7	0.359
3934	0.0	1.7	0.335
3935	0.0	1.7	0.202
3936	0.0	1.7	0.126
3937	0.0	1.7	0.087
3938	0.0	1.7	0.047
3939	0.0	1.7	0.019
3940	0.0	1.7	0.013
3941	0.0	1.7	0.040
3942	0.0	1.7	0.101
3943	0.0	1.7	0.272
3944	0.0	1.7	0.292
3945	0.0	1.7	0.293
3946	0.0	1.7	0.307
3947	0.0	1.7	0.293
3948	0.0	1.7	0.284
3949	0.0	1.7	0.263
3950	0.0	1.7	0.231
3951	0.0	1.7	0.211
3952	0.0	1.7	0.196
3953	0.0	1.7	0.204
3954	0.0	1.7	0.253
3955	0.0	1.7	0.283
3956	0.0	1.7	0.350
3957	0.0	1.7	0.359
3958	0.0	1.7	0.335
3959	0.0	1.7	0.202
3960	0.0	1.7	0.126
3961	0.0	1.7	0.087
3962	0.0	1.7	0.047
3963	0.0	1.7	0.019
3964	0.0	1.7	0.013
3965	0.0	1.7	0.040
3966	0.0	1.7	0.101
3967	0.0	1.7	0.272
3968	0.0	1.7	0.292
3969	0.0	1.7	0.293
3970	0.0	1.7	0.307
3971	0.0	1.7	0.293
3972	0.0	1.7	0.284
3973	0.0	1.7	0.263
3974	0.0	1.7	0.231
3975	0.0	1.7	0.211
3976	0.0	1.7	0.196
3977	0.0	1.7	0.204
3978	0.0	1.7	0.253
3979	0.0	1.7	0.283
3980	0.0	1.7	0.350
3981	0.0	1.7	0.359
3982	0.0	1.7	0.335
3983	0.0	1.7	0.202
3984	0.0	1.7	0.126
3985	0.0	1.7	0.087
3986	0.0	1.7	0.047
3987	0.0	1.7	0.019
3988	0.0	1.7	0.013
3989	0.0	1.7	0.040
3990	0.0	1.7	0.101
3991	0.0	1.7	0.272
3992	0.0	1.7	0.292
3993	0.0	1.7	0.293
3994	0.0	1.6	0.307
3995	0.0	1.6	0.293
3996	0.0	1.6	0.284
3997	0.0	1.6	0.263
3998	0.0	1.6	0.231
3999	0.0	1.6	0.211
4000	0.0	1.6	0.196
4001	0.0	1.6	0.204
4002	0.0	1.6	0.253
4003	0.0	1.6	0.283
4004	0.0	1.6	0.350
4005	0.0	1.6	0.359
4006	0.0	1.6	0.335
4007	0.0	1.6	0.202
4008	0.0	1.6	0.126
4009	0.0	1.6	0.087
4010	0.0	1.6	0.047
4011	0.0	1.6	0.019
4012	0.0	1.6	0.013
4013	0.0	1.6	0.040
4014	0.0	1.6	0.101
4015	0.0	1.6	0.272
4016	0.0	1.6	0.292
4017	0.0	1.6	0.293
4018	0.0	1.6	0.307
4019	0.0	1.6	0.293
4020	0.0	1.6	0.284
4021	0.0	1.6	0.263
4022	0.0	1.6	0.231
4023	0.0	1.6	0.211
4024	0.0	1.6	0.196
4025	0.0	1.6	0.204
4026	0.0	1.6	0.253
4027	0.0	1.6	0.283
4028	0.0	1.6	0.350
4029	0.0	1.6	0.359
4030	0.0	1.6	0.335
4031	0.0	1.6	0.202
4032	0.0	1.6	0.126
4033	0.0	1.6	0.087
4034	0.0	1.6	0.047
4035	0.0	1.6	0.019
4036	0.0	1.6	0.013
4037	0.0	1.6	0.040
4038	0.0	1.6	0.101
4039	0.0	1.6	0.272
4040	0.0	1.6	0.292
4041	0.0	1.6	0.293
4042	0.0	1.6	0.307
4043	0.0	1.6	0.293
4044	0.0	1.6	0.284
4045	0.0	1.6	0.263
4046	0.0	1.6	0.231
4047	0.0	1.6	0.211
4048	0.0	1.6	0.196
4049	0.0	1.6	0.204
4050	0.0	1.6	0.253
4051	0.0	1.6	0.283
4052	0.0	1.6	0.350
4053	0.0	1.6	0.359
4054	0.0	1.6	0.335
4055	0.0	1.6	0.202
4056	0.0	1.6	0.126
4057	0.0	1.6	0.087
4058	0.0	1.6	0.047
4059	0.0	1.6	0.019
4060	0.0	1.6	0.013
4061	0.0	1.6	0.040
4062	0.0	1.6	0.101
4063	0.0	1.6	0.272
4064	0.0	1.6	0.292
4065	0.0	1.6	0.293
4066	0.0	1.6	0.307
4067	0.0	1.6	0.293
4068	0.0	1.6	0.284
4069	0.0	1.6	0.263
4070	0.0	1.6	0.231
4071	0.0	1.6	0.211
4072	0.0	1.5	0.196
4073	0.0	1.5	0.204
4074	0.0	1.5	0.253
4075	0.0	1.5	0.283
4076	0.0	1.5	0.350
4077	0.0	1.5	0.359
4078	0.0	1.5	0.335
4079	0.0	1.5	0.202
4080	0.0	1.5	0.126
4081	0.0	1.5	0.087
4082	0.0	1.5	0.047
4083	0.0	1.5	0.019
4084	0.0	1.5	0.013
4085	0.0	1.5	0.040
4086	0.0	1.5	0.101
4087	0.0	1.5	0.272
4088	0.0	1.5	0.292
4089	0.0	1.5	0.293
4090	0.0	1.5	0.307
4091	0.0	1.5	0.293
4092	0.0	1.5	0.284
4093	0.0	1.5	0.263
4094	0.0	1.5	0.231
4095	0.0	1.5	0.211
4096	0.0	1.5	0.196
4097	0.0	1.5	0.204
4098	0.0	1.5	0.253
4099	0.0	1.5	0.283
4100	0.0	1.5	0.350
4101	0.0	1.5	0.359
4102	0.0	1.5	0.335
4103	0.0	1.5	0.202
4104	0.0	1.5	0.126
4105	0.0	1.5	0.087
4106	0.0	1.5	0.047
4107	0.0	1.5	0.019
4108	0.0	1.5	0.013
4109	0.0	1.5	0.040
4110	0.0	1.5	0.101
4111	0.0	1.5	0.272
4112	0.0	1.5	0.292
4113	0.0	1.5	0.293
4114	0.0	1.5	0.307
4115	0.0	1.5	0.293
4116	0.0	1.5	0.284
4117	0.0	1.5	0.263
4118	0.0	1.5	0.231
4119	0.0	1.5	0.211
4120	0.0	1.5	0.196
4121	0.0	1.5	0.204
4122	0.0	1.5	0.253
4123	0.0	1.5	0.283
4124	0.0	1.5	0.350
4125	0.0	1.5	0.359
4126	0.0	1.5	0.335
4127	0.0	1.5	0.202
4128	0.0	1.5	0.126
4129	0.0	1.5	0.087
4130	0.0	1.5	0.047
4131	0.0	1.5	0.019
4132	0.0	1.5	0.013
4133	0.0	1.5	0.040
4134	0.0	1.5	0.101
4135	0.0	1.5	0.272
4136	0.0	1.5	0.292
4137	0.0	1.5	0.293
4138	0.0	1.5	0.307
4139	0.0	1.5	0.293
4140	0.0	1.5	0.284
4141	0.0	1.5	0.263
4142	0.0	1.5	0.231
4143	0.0	1.5	0.211
4144	0.0	1.5	0.196
4145	0.0	1.5	0.204
4146	0.0	1.5	0.253
4147	0.0	1.5	0.283
4148	0.0	1.5	0.350
4149	0.0	1.5	0.359
4150	0.0	1.5	0.335
4151	0.0	1.5	0.202
4152	0.0	1.5	0.126
4153	0.0	1.5	0.087
4154	0.0	1.5	0.047
4155	0.0	1.5	0.019
4156	0.0	1.5	0.013
4157	0.0	1.5	0.040
4158	0.0	1.5	0.101
4159	0.0	1.5	0.272
4160	0.0	1.5	0.292
4161	0.0	1.5	0.293
4162	0.0	1.5	0.307
4163	0.0	1.5	0.293
4164	0.0	1.5	0.284
4165	0.0	1.5	0.263
4166	0.0	1.5	0.231
4167	0.0	1.4	0.211
4168	0.0	1.4	0.196
4169	0.0	1.4	0.204
4170	0.0	1.4	0.253
4171	0.0	1.4	0.283
4172	0.0	1.4	0.350
4173	0.0	1.4	0.359
4174	0.0	1.4	0.335
4175	0.0	1.4	0.202
4176	0.0	1.4	0.126
4177	0.0	1.4	0.087
4178	0.0	1.4	0.047
4179	0.0	1.4	0.019
4180	0.0	1.4	0.013
4181	0.0	1.4	0.040
4182	0.0	1.4	0.101
4183	0.0	1.4	0.272
4184	0.0	1.4	0.292
4185	0.0	1.4	0.293
4186	0.0	1.4	0.307
4187	0.0	1.4	0.293
4188	0.0	1.4	0.284
4189	0.0	1.4	0.263
4190	0.0	1.4	0.231
4191	0.0	1.4	0.211
4192	0.0	1.4	0.196
4193	0.0	1.4	0.204
4194	0.0	1.4	0.253
4195	0.0	1.4	0.283
4196	0.0	1.4	0.350
4197	0.0	1.4	0.359
4198	0.0	1.4	0.335
4199	0.0	1.4	0.202
4200	0.0	1.4	0.126
4201	0.0	1.4	0.087
4202	0.0	1.4	0.047
4203	0.0	1.4	0.019
4204	0.0	1.4	0.013
4205	0.0	1.4	0.040
4206	0.0	1.4	0.101
4207	0.0	1.4	0.272
4208	0.0	1.4	0.292
4209	0.0	1.4	0.293
4210	0.0	1.4	0.307
4211	0.0	1.4	0.293
4212	0.0	1.4	0.284
4213	0.0	1.4	0.263
4214	0.0	1.4	0.231
4215	0.0	1.4	0.211
4216	0.0	1.4	0.196
4217	0.0	1.4	0.204
4218	0.0	1.4	0.253
4219	0.0	1.4	0.283
4220	0.0	1.4	0.350
4221	0.0	1.4	0.359
4222	0.0	1.4	0.335
4223	0.0	1.4	0.202
4224	0.0	1.4	0.126
4225	0.0	1.4	0.087
4226	0.0	1.4	0.047
4227	0.0	1.4	0.019
4228	0.0	1.4	0.013
4229	0.0	1.4	0.040
4230	0.0	1.4	0.101
4231	0.0	1.4	0.272
4232	0.0	1.4	0.292
4233	0.0	1.4	0.293
4234	0.0	1.4	0.307
4235	0.0	1.4	0.293
4236	0.0	1.4	0.284
4237	0.0	1.4	0.263
4238	0.0	1.4	0.231
4239	0.0	1.4	0.211
4240	0.0	1.4	0.196
4241	0.0	1.4	0.204
4242	0.0	1.4	0.253
4243	0.0	1.4	0.283
4244	0.0	1.4	0.350
4245	0.0	1.4	0.359
4246	0.0	1.4	0.335
4247	0.0	1.4	0.202
4248	0.0	1.4	0.126
4249	0.0	1.4	0.087
4250	0.0	1.4	0.047
4251	0.0	1.4	0.019
4252	0.0	1.4	0.013
4253	0.0	1.4	0.040
4254	0.0	1.4	0.101
4255	0.0	1.4	0.272
4256	0.0	1.4	0.292
4257	0.0	1.4	0.293
4258	0.0	1.4	0.307
4259	0.0	1.4	0.293
4260	0.0	1.4	0.284
4261	0.0	1.4	0.263
4262	0.0	1.4	0.231
4263	0.0	1.4	0.211
4264	0.0	1.4	0.196
4265	0.0	1.3	0.204
4266	0.0	1.3	0.253
4267	0.0	1.3	0.283
4268	0.0	1.3	0.350
4269	0.0	1.3	0.359
4270	0.0	1.3	0.335
4271	0.0	1.3	0.202
4272	0.0	1.3	0.126
4273	0.0	1.3	0.087
4274	0.0	1.3	0.047
4275	0.0	1.3	0.019
4276	0.0	1.3	0.013
4277	0.0	1.3	0.040
4278	0.0	1.3	0.101
4279	0.0	1.3	0.272
4280	0.0	1.3	0.292
4281	0.0	1.3	0.293
4282	0.0	1.3	0.307
4283	0.0	1.3	0.293
4284	0.0	1.3	0.284
4285	0.0	1.3	0.263
4286	0.0	1.3	0.231
4287	0.0	1.3	0.211
4288	0.0	1.3	0.196
4289	0.0	1.3	0.204
4290	0.0	1.3	0.253
4291	0.0	1.3	0.283
4292	0.0	1.3	0.350
4293	0.0	1.3	0.359
4294	0.0	1.3	0.335
4295	0.0	1.3	0.202
4296	0.0	1.3	0.126
4297	0.0	1.3	0.087
4298	0.0	1.3	0.047
4299	0.0	1.3	0.019
4300	0.0	1.3	0.013
4301	0.0	1.3	0.040
4302	0.0	1.3	0.101
4303	0.0	1.3	0.272
4304	0.0	1.3	0.292
4305	0.0	1.3	0.293
4306	0.0	1.3	0.307
4307	0.0	1.3	0.293
4308	0.0	1.3	0.284
4309	0.0	1.3	0.263
4310	0.0	1.3	0.231
4311	0.0	1.3	0.211
4312	0.0	1.3	0.196
4313	0.0	1.3	0.204
4314	0.0	1.3	0.253
4315	0.0	1.3	0.283
4316	0.0	1.3	0.350
4317	0.0	1.3	0.359
4318	0.0	1.3	0.335
4319	0.0	1.3	0.202
4320	0.0	1.3	0.126
4321	0.0	1.3	0.087
4322	0.0	1.3	0.047
4323	0.0	1.3	0.019
4324	0.0	1.3	0.013
4325	0.0	1.3	0.040
4326	0.0	1.3	0.101
4327	0.0	1.3	0.272
4328	0.0	1.3	0.292
4329	0.0	1.3	0.293
4330	0.0	1.3	0.307
4331	0.0	1.3	0.293
4332	0.0	1.3	0.284
4333	0.0	1.3	0.263
4334	0.0	1.3	0.231
4335	0.0	1.3	0.211
4336	0.0	1.3	0.196
4337	0.0	1.3	0.204
4338	0.0	1.3	0.253
4339	0.0	1.3	0.283
4340	0.0	1.3	0.350
4341	0.0	1.3	0.359
4342	0.0	1.3	0.335
4343	0.0	1.3	0.202
4344	0.0	1.3	0.126
4345	0.0	1.3	0.087
4346	0.0	1.3	0.047
4347	0.0	1.3	0.019
4348	0.0	1.3	0.013
4349	0.0	1.3	0.040
4350	0.0	1.3	0.101
4351	0.0	1.3	0.272
4352	0.0	1.3	0.292
4353	0.0	1.3	0.293
4354	0.0	1.3	0.307
4355	0.0	1.2	0.293
4356	0.0	1.2	0.284
4357	0.0	1.2	0.263
4358	0.0	1.2	0.231
4359	0.0	1.2	0.211
4360	0.0	1.2	0.196
4361	0.0	1.2	0.204
4362	0.0	1.2	0.253
4363	0.0	1.2	0.283
4364	0.0	1.2	0.350
4365	0.0	1.2	0.359
4366	0.0	1.2	0.335
4367	0.0	1.2	0.202
4368	0.0	1.2	0.126
4369	0.0	1.2	0.087
4370	0.0	1.2	0.047
4371	0.0	1.2	0.019
4372	0.0	1.2	0.013
4373	0.0	1.2	0.040
4374	0.0	1.2	0.101
4375	0.0	1.2	0.272
4376	0.0	1.2	0.292
4377	0.0	1.2	0.293
4378	0.0	1.2	0.307
4379	0.0	1.2	0.293
4380	0.0	1.2	0.284
4381	0.0	1.2	0.263
4382	0.0	1.2	0.231
4383	0.0	1.2	0.211
4384	0.0	1.2	0.196
4385	0.0	1.2	0.204
4386	0.0	1.2	0.253
4387	0.0	1.2	0.283
4388	0.0	1.2	0.350
4389	0.0	1.2	0.359
4390	0.0	1.2	0.335
4391	0.0	1.2	0.202
4392	0.0	1.2	0.126
4393	0.0	1.2	0.087
4394	0.0	1.2	0.047
4395	0.0	1.2	0.019
4396	0.0	1.2	0.013
4397	0.0	1.2	0.040
4398	0.0	1.2	0.101
4399	0.0	1.2	0.272
4400	0.0	1.2	0.292
4401	0.0	1.2	0.293
4402	0.0	1.2	0.307
4403	0.0	1.2	0.293
4404	0.0	1.2	0.284
4405	0.0	1.2	0.263
4406	0.0	1.2	0.231
4407	0.0	1.2	0.211
4408	0.0	1.2	0.196
4409	0.0	1.2	0.204
4410	0.0	1.2	0.253
4411	0.0	1.2	0.283
4412	0.0	1.2	0.350
4413	0.0	1.2	0.359
4414	0.0	1.2	0.335
4415	0.0	1.2	0.202
4416	0.0	1.2	0.126
4417	0.0	1.1	0.087
4418	0.0	1.1	0.047
4419	0.0	1.1	0.019
4420	0.0	1.1	0.013
4421	0.0	1.1	0.040
4422	0.0	1.1	0.101
4423	0.0	1.1	0.272
4424	0.0	1.1	0.292
4425	0.0	1.1	0.293
4426	0.0	1.1	0.307
4427	0.0	1.1	0.293
4428	0.0	1.1	0.284
4429	0.0	1.1	0.263
4430	0.0	1.1	0.231
4431	0.0	1.1	0.211
4432	0.0	1.1	0.196
4433	0.0	1.1	0.204
4434	0.0	1.1	0.253
4435	0.0	1.1	0.283
4436	0.0	1.1	0.350
4437	0.0	1.1	0.359
4438	0.0	1.1	0.335
4439	0.0	1.1	0.202
4440	0.0	1.1	0.126
4441	0.0	1.1	0.087
4442	0.0	1.1	0.047
4443	0.0	1.1	0.019
4444	0.0	1.1	0.013
4445	0.0	1.1	0.040
4446	0.0	1.1	0.101
4447	0.0	1.1	0.272
4448	0.0	1.1	0.292
4449	0.0	1.1	0.293
4450	0.0	1.1	0.307
4451	0.0	1.1	0.293
4452	0.0	1.1	0.284
4453	0.0	1.1	0.263
4454	0.0	1.1	0.231
4455	0.0	1.1	0.211
4456	0.0	1.1	0.196
4457	0.0	1.1	0.204
4458	0.0	1.1	0.253
4459	0.0	1.1	0.283
4460	0.0	1.1	0.350
4461	0.0	1.1	0.359
4462	0.0	1.1	0.335
4463	0.0	1.1	0.202
4464	0.0	1.1	0.126
4465	0.0	1.1	0.087
4466	0.0	1.1	0.047
4467	0.0	1.1	0.019
4468	0.0	1.1	0.013
4469	0.0	1.1	0.040
4470	0.0	1.1	0.101
4471	0.0	1.1	0.272
4472	0.0	1.1	0.292
4473	0.0	1.1	0.293
4474	0.0	1.1	0.307
4475	0.0	1.1	0.293
4476	0.0	1.1	0.284
4477	0.0	1.1	0.263
4478	0.0	1.1	0.231
4479	0.0	1.1	0.211
4480	0.0	1.1	0.196
4481	0.0	1.1	0.204
4482	0.0	1.1	0.253
4483	0.0	1.1	0.283
4484	0.0	1.1	0.350
4485	0.0	1.1	0.359
4486	0.0	1.1	0.335
4487	0.0	1.1	0.202
4488	0.0	1.1	0.126
4489	0.0	1.1	0.087
4490	0.0	1.1	0.047
4491	0.0	1.1	0.019
4492	0.0	1.0	0.013
4493	0.0	1.0	0.040
4494	0.0	1.0	0.101
4495	0.0	1.0	0.272
4496	0.0	1.0	0.292
4497	0.0	1.0	0.293
4498	0.0	1.0	0.307
4499	0.0	1.0	0.293
4500	0.0	1.0	0.284
4501	0.0	1.0	0.263
4502	0.0	1.0	0.231
4503	0.0	1.0	0.211
4504	0.0	1.0	0.196
4505	0.0	1.0	0.204
4506	0.0	1.0	0.253
4507	0.0	1.0	0.283
4508	0.0	1.0	0.350
4509	0.0	1.0	0.359
4510	0.0	1.0	0.335
4511	0.0	1.0	0.202
4512	0.0	1.0	0.126
4513	0.0	1.0	0.087
4514	0.0	1.0	0.047
4515	0.0	1.0	0.019
4516	0.0	1.0	0.013
4517	0.0	1.0	0.040
4518	0.0	1.0	0.101
4519	0.0	1.0	0.272
4520	0.0	1.0	0.292
4521	0.0	1.0	0.293
4522	0.0	1.0	0.307
4523	0.0	1.0	0.293
4524	0.0	1.0	0.284
4525	0.0	1.0	0.263
4526	0.0	1.0	0.231
4527	0.0	1.0	0.211
4528	0.0	1.0	0.196
4529	0.0	1.0	0.204
4530	0.0	1.0	0.253
4531	0.0	1.0	0.283
4532	0.0	1.0	0.350
4533	0.0	1.0	0.359
4534	0.0	1.0	0.335
4535	0.0	1.0	0.202
4536	0.0	1.0	0.126
4537	0.0	1.0	0.087
4538	0.0	1.0	0.047
4539	0.0	1.0	0.019
4540	0.0	1.0	0.013
4541	0.0	1.0	0.040
4542	0.0	1.0	0.101
4543	0.0	1.0	0.272
4544	0.0	1.0	0.292
4545	0.0	1.0	0.293
4546	0.0	1.0	0.307
4547	0.0	1.0	0.293
4548	0.0	1.0	0.284
4549	0.0	1.0	0.263
4550	0.0	1.0	0.231
4551	0.0	1.0	0.211
4552	0.0	1.0	0.196
4553	0.0	1.0	0.204
4554	0.0	1.0	0.253
4555	0.0	1.0	0.283
4556	0.0	1.0	0.350
4557	0.0	1.0	0.359
4558	0.0	1.0	0.335
4559	0.0	1.0	0.202
4560	0.0	1.0	0.126
4561	0.0	0.9	0.087
4562	0.0	0.9	0.047
4563	0.0	0.9	0.019
4564	0.0	0.9	0.013
4565	0.0	0.9	0.040
4566	0.0	0.9	0.101
4567	0.0	0.9	0.272
4568	0.0	0.9	0.292
4569	0.0	0.9	0.293
4570	0.0	0.9	0.307
4571	0.0	0.9	0.293
4572	0.0	0.9	0.284
4573	0.0	0.9	0.263
4574	0.0	0.9	0.231
4575	0.0	0.9	0.211
4576	0.0	0.9	0.196
4577	0.0	0.9	0.204
4578	0.0	0.9	0.253
4579	0.0	0.9	0.283
4580	0.0	0.9	0.350
4581	0.0	0.9	0.359
4582	0.0	0.9	0.335
4583	0.0	0.9	0.202
4584	0.0	0.9	0.126
4585	0.0	0.9	0.087
4586	0.0	0.9	0.047
4587	0.0	0.9	0.019
4588	0.0	0.9	0.013
4589	0.0	0.9	0.040
4590	0.0	0.9	0.101
4591	0.0	0.9	0.272
4592	0.0	0.9	0.292
4593	0.0	0.9	0.293
4594	0.0	0.9	0.307
4595	0.0	0.9	0.293
4596	0.0	0.9	0.284
4597	0.0	0.9	0.263
4598	0.0	0.9	0.231
4599	0.0	0.9	0.211
4600	0.0	0.9	0.196
4601	0.0	0.9	0.204
4602	0.0	0.9	0.253
4603	0.0	0.9	0.283
4604	0.0	0.9	0.350
4605	0.0	0.9	0.359
4606	0.0	0.9	0.335
4607	0.0	0.9	0.202
4608	0.0	0.9	0.126
4609	0.0	0.9	0.087
4610	0.0	0.9	0.047
4611	0.0	0.9	0.019
4612	0.0	0.9	0.013
4613	0.0	0.9	0.040
4614	0.0	0.9	0.101
4615	0.0	0.9	0.272
4616	0.0	0.9	0.292
4617	0.0	0.9	0.293
4618	0.0	0.9	0.307
4619	0.0	0.9	0.293
4620	0.0	0.9	0.284
4621	0.0	0.9	0.263
4622	0.0	0.9	0.231
4623	0.0	0.9	0.211
4624	0.0	0.9	0.196
4625	0.0	0.9	0.204
4626	0.0	0.9	0.253
4627	0.0	0.9	0.283
4628	0.0	0.9	0.350
4629	0.0	0.9	0.359
4630	0.0	0.9	0.335
4631	0.0	0.9	0.202
4632	0.0	0.9	0.126
4633	0.0	0.8	0.087
4634	0.0	0.8	0.047
4635	0.0	0.8	0.019
4636	0.0	0.8	0.013
4637	0.0	0.8	0.040
4638	0.0	0.8	0.101
4639	0.0	0.8	0.272
4640	0.0	0.8	0.292
4641	0.0	0.8	0.293
4642	0.0	0.8	0.307
4643	0.0	0.8	0.293
4644	0.0	0.8	0.284
4645	0.0	0.8	0.263
4646	0.0	0.8	0.231
4647	0.0	0.8	0.211
4648	0.0	0.8	0.196
4649	0.0	0.8	0.204
4650	0.0	0.8	0.253
4651	0.0	0.8	0.283
4652	0.0	0.8	0.350
4653	0.0	0.8	0.359
4654	0.0	0.8	0.335
4655	0.0	0.8	0.202
4656	0.0	0.8	0.126
4657	0.0	0.8	0.087
4658	0.0	0.8	0.047
4659	0.0	0.8	0.019
4660	0.0	0.8	0.013
4661	0.0	0.8	0.040
4662	0.0	0.8	0.101
4663	0.0	0.8	0.272
4664	0.0	0.8	0.292
4665	0.0	0.8	0.293
4666	0.0	0.8	0.307
4667	0.0	0.8	0.293
4668	0.0	0.8	0.284
4669	0.0	0.8	0.263
4670	0.0	0.8	0.231
4671	0.0	0.8	0.211
4672	0.0	0.8	0.196
4673	0.0	0.8	0.204
4674	0.0	0.8	0.253
4675	0.0	0.8	0.283
4676	0.0	0.8	0.350
4677	0.0	0.8	0.359
4678	0.0	0.8	0.335
4679	0.0	0.8	0.202
4680	0.0	0.8	0.126
4681	0.0	0.8	0.087
4682	0.0	0.8	0.047
4683	0.0	0.8	0.019
4684	0.0	0.8	0.013
4685	0.0	0.8	0.040
4686	0.0	0.8	0.101
4687	0.0	0.8	0.272
4688	0.0	0.8	0.292
4689	0.0	0.8	0.293
4690	0.0	0.8	0.307
4691	0.0	0.8	0.293
4692	0.0	0.8	0.284
4693	0.0	0.8	0.263
4694	0.0	0.8	0.231
4695	0.0	0.8	0.211
4696	0.0	0.8	0.196
4697	0.0	0.8	0.204
4698	0.0	0.8	0.253
4699	0.0	0.8	0.283
4700	0.0	0.8	0.350
4701	0.0	0.8	0.359
4702	0.0	0.8	0.335
4703	0.0	0.8	0.202
4704	0.0	0.8	0.126
4705	0.0	0.8	0.087
4706	0.0	0.8	0.047
4707	0.0	0.8	0.019
4708	0.0	0.8	0.013
4709	0.0	0.8	0.040
4710	0.0	0.8	0.101
4711	0.0	0.8	0.272
4712	0.0	0.8	0.292
4713	0.0	0.8	0.293
4714	0.0	0.8	0.307
4715	0.0	0.7	0.293
4716	0.0	0.7	0.284
4717	0.0	0.7	0.263
4718	0.0	0.7	0.231
4719	0.0	0.7	0.211
4720	0.0	0.7	0.196
4721	0.0	0.7	0.204
4722	0.0	0.7	0.253
4723	0.0	0.7	0.283
4724	0.0	0.7	0.350
4725	0.0	0.7	0.359
4726	0.0	0.7	0.335
4727	0.0	0.7	0.202
4728	0.0	0.7	0.126
4729	0.0	0.7	0.087
4730	0.0	0.7	0.047
4731	0.0	0.7	0.019
4732	0.0	0.7	0.013
4733	0.0	0.7	0.040
4734	0.0	0.7	0.101
4735	0.0	0.7	0.272
4736	0.0	0.7	0.292
4737	0.0	0.7	0.293
4738	0.0	0.7	0.307
4739	0.0	0.7	0.293
4740	0.0	0.7	0.284
4741	0.0	0.7	0.263
4742	0.0	0.7	0.231
4743	0.0	0.7	0.211
4744	0.0	0.7	0.196
4745	0.0	0.7	0.204
4746	0.0	0.7	0.253
4747	0.0	0.7	0.283
4748	0.0	0.7	0.350
4749	0.0	0.7	0.359
4750	0.0	0.7	0.335
4751	0.0	0.7	0.202
4752	0.0	0.7	0.126
4753	0.0	0.7	0.087
4754	0.0	0.7	0.047
4755	0.0	0.7	0.019
4756	0.0	0.7	0.013
4757	0.0	0.7	0.040
4758	0.0	0.7	0.101
4759	0.0	0.7	0.272
4760	0.0	0.7	0.292
4761	0.0	0.7	0.293
4762	0.0	0.7	0.307
4763	0.0	0.7	0.293
4764	0.0	0.7	0.284
4765	0.0	0.7	0.263
4766	0.0	0.7	0.231
4767	0.0	0.7	0.211
4768	0.0	0.7	0.196
4769	0.0	0.7	0.204
4770	0.0	0.7	0.253
4771	0.0	0.7	0.283
4772	0.0	0.7	0.350
4773	0.0	0.7	0.359
4774	0.0	0.7	0.335
4775	0.0	0.6	0.202
4776	0.0	0.6	0.126
4777	0.0	0.6	0.087
4778	0.0	0.6	0.047
4779	0.0	0.6	0.019
4780	0.0	0.6	0.013
4781	0.0	0.6	0.040
4782	0.0	0.6	0.101
4783	0.0	0.6	0.272
4784	0.0	0.6	0.292
4785	0.0	0.6	0.293
4786	0.0	0.6	0.307
4787	0.0	0.6	0.293
4788	0.0	0.6	0.284
4789	0.0	0.6	0.263
4790	0.0	0.6	0.231
4791	0.0	0.6	0.211
4792	0.0	0.6	0.196
4793	0.0	0.6	0.204
4794	0.0	0.6	0.253
4795	0.0	0.6	0.283
4796	0.0	0.6	0.350
4797	0.0	0.6	0.359
4798	0.0	0.6	0.335
4799	0.0	0.6	0.202
4800	0.0	0.6	0.126
4801	0.0	0.6	0.087
4802	0.0	0.6	0.047
4803	0.0	0.6	0.019
4804	0.0	0.6	0.013
4805	0.0	0.6	0.040
4806	0.0	0.6	0.101
4807	0.0	0.6	0.272
4808	0.0	0.6	0.292
4809	0.0	0.6	0.293
4810	0.0	0.6	0.307
4811	0.0	0.6	0.293
4812	0.0	0.6	0.284
4813	0.0	0.6	0.263
4814	0.0	0.6	0.231
4815	0.0	0.6	0.211
4816	0.0	0.6	0.196
4817	0.0	0.6	0.204
4818	0.0	0.6	0.253
4819	0.0	0.6	0.283
4820	0.0	0.6	0.350
4821	0.0	0.6	0.359
4822	0.0	0.6	0.335
4823	0.0	0.6	0.202
4824	0.0	0.6	0.126
4825	0.0	0.6	0.087
4826	0.0	0.6	0.047
4827	0.0	0.6	0.019
4828	0.0	0.6	0.013
4829	0.0	0.5	0.040
4830	0.0	0.5	0.101
4831	0.0	0.5	0.272
4832	0.0	0.5	0.292
4833	0.0	0.5	0.293
4834	0.0	0.5	0.307
4835	0.0	0.5	0.293
4836	0.0	0.5	0.284
4837	0.0	0.5	0.263
4838	0.0	0.5	0.231
4839	0.0	0.5	0.211
4840	0.0	0.5	0.196
4841	0.0	0.5	0.204
4842	0.0	0.5	0.253
4843	0.0	0.5	0.283
4844	0.0	0.5	0.350
4845	0.0	0.5	0.359
4846	0.0	0.5	0.335
4847	0.0	0.5	0.202
4848	0.0	0.5	0.126
4849	0.0	0.5	0.087
4850	0.0	0.5	0.047
4851	0.0	0.5	0.019
4852	0.0	0.5	0.013
4853	0.0	0.5	0.040
4854	0.0	0.5	0.101
4855	0.0	0.5	0.272
4856	0.0	0.5	0.292
4857	0.0	0.5	0.293
4858	0.0	0.5	0.307
4859	0.0	0.5	0.293
4860	0.0	0.5	0.284
4861	0.0	0.5	0.263
4862	0.0	0.5	0.231
4863	0.0	0.5	0.211
4864	0.0	0.5	0.196
4865	0.0	0.5	0.204
4866	0.0	0.5	0.253
4867	0.0	0.5	0.283
4868	0.0	0.4	0.350
4869	0.0	0.4	0.359
4870	0.0	0.4	0.335
4871	0.0	0.4	0.202
4872	0.0	0.4	0.126
4873	0.0	0.4	0.087
4874	0.0	0.4	0.047
4875	0.0	0.4	0.019
4876	0.0	0.4	0.013
4877	0.0	0.4	0.040
4878	0.0	0.4	0.101
4879	0.0	0.4	0.272
4880	0.0	0.4	0.292
4881	0.0	0.4	0.293
4882	0.0	0.4	0.307
4883	0.0	0.4	0.293
4884	0.0	0.4	0.284
4885	0.0	0.4	0.263
4886	0.0	0.4	0.231
4887	0.0	0.4	0.211
4888	0.0	0.4	0.196
4889	0.0	0.4	0.204
4890	0.0	0.4	0.253
4891	0.0	0.4	0.283
4892	0.0	0.4	0.350
4893	0.0	0.4	0.359
4894	0.0	0.4	0.335
4895	0.0	0.4	0.202
4896	0.0	0.4	0.126
4897	0.0	0.4	0.087
4898	0.0	0.4	0.047
4899	0.0	0.4	0.019
4900	0.0	0.4	0.013
4901	0.0	0.4	0.040
4902	0.0	0.4	0.101
4903	0.0	0.4	0.272
4904	0.0	0.4	0.292
4905	0.0	0.4	0.293
4906	0.0	0.4	0.307
4907	0.0	0.4	0.293
4908	0.0	0.4	0.284
4909	0.0	0.4	0.263
4910	0.0	0.4	0.231
4911	0.0	0.4	0.211
4912	0.0	0.3	0.196
4913	0.0	0.3	0.204
4914	0.0	0.3	0.253
4915	0.0	0.3	0.283
4916	0.0	0.3	0.350
4917	0.0	0.3	0.359
4918	0.0	0.3	0.335
4919	0.0	0.3	0.202
4920	0.0	0.3	0.126
4921	0.0	0.3	0.087
4922	0.0	0.3	0.047
4923	0.0	0.3	0.019
4924	0.0	0.3	0.013
4925	0.0	0.3	0.040
4926	0.0	0.3	0.101
4927	0.0	0.3	0.272
4928	0.0	0.3	0.292
4929	0.0	0.3	0.293
4930	0.0	0.3	0.307
4931	0.0	0.3	0.293
4932	0.0	0.3	0.284
4933	0.0	0.3	0.263
4934	0.0	0.3	0.231
4935	0.0	0.3	0.211
4936	0.0	0.3	0.196
4937	0.0	0.3	0.204
4938	0.0	0.3	0.253
4939	0.0	0.3	0.283
4940	0.0	0.3	0.350
4941	0.0	0.3	0.359
4942	0.0	0.3	0.335
4943	0.0	0.3	0.202
4944	0.0	0.3	0.126
4945	0.0	0.3	0.087
4946	0.0	0.3	0.047
4947	0.0	0.3	0.019
4948	0.0	0.3	0.013
4949	0.0	0.3	0.040
4950	0.0	0.2	0.101
4951	0.0	0.2	0.272
4952	0.0	0.2	0.292
4953	0.0	0.2	0.293
4954	0.0	0.2	0.307
4955	0.0	0.2	0.293
4956	0.0	0.2	0.284
4957	0.0	0.2	0.263
4958	0.0	0.2	0.231
4959	0.0	0.2	0.211
4960	0.0	0.2	0.196
4961	0.0	0.2	0.204
4962	0.0	0.2	0.253
4963	0.0	0.2	0.283
4964	0.0	0.2	0.350
4965	0.0	0.2	0.359
4966	0.0	0.2	0.335
4967	0.0	0.2	0.202
4968	0.0	0.2	0.126
4969	0.0	0.2	0.087
4970	0.0	0.2	0.047
4971	0.0	0.2	0.019
4972	0.0	0.2	0.013
4973	0.0	0.2	0.040
4974	0.0	0.2	0.101
4975	0.0	0.2	0.272
4976	0.0	0.1	0.292
4977	0.0	0.1	0.293
4978	0.0	0.1	0.307
4979	0.0	0.1	0.293
4980	0.0	0.1	0.284
4981	0.0	0.1	0.263
4982	0.0	0.1	0.231
4983	0.0	0.1	0.211
4984	0.0	0.1	0.196
4985	0.0	0.1	0.204
4986	0.0	0.1	0.253
4987	0.0	0.1	0.283
4988	0.0	0.1	0.350
4989	0.0	0.1	0.359
4990	0.0	0.1	0.335
4991	0.0	0.1	0.202
4992	0.0	0.1	0.126
4993	0.0	0.1	0.087
4994	0.0	0.1	0.047
4995	0.0	0.1	0.019
4996	0.0	0.1	0.013
4997	0.0	0.1	0.040
4998	0.0	0.1	0.101
4999	0.0	0.1	0.272
5000	0.0	0.1	0.292
5001	0.0	0.1	0.293
5002	0.0	0.0	0.307
5003	0.0	0.0	0.293
5004	0.0	0.0	0.284
5005	0.0	0.0	0.263
5006	0.0	0.0	0.231
5007	0.0	0.0	0.211
5008	0.0	0.0	0.196
5009	0.0	0.0	0.204
5010	0.0	0.0	0.253
5011	0.0	0.0	0.283
5012	0.0	0.0	0.350
5013	0.0	0.0	0.359
5014	0.0	0.0	0.335
5015	0.0	0.0	0.202
5016	0.0	0.0	0.126
5017	0.0	0.0	0.087
5018	0.0	0.0	0.047
5019	0.0	0.0	0.019
5020	0.0	0.0	0.013
5021	0.0	0.0	0.040
5022	0.0	0.0	0.101
5023	0.0	0.0	0.272
5024	0.0	0.0	0.292
5025	0.0	0.0	0.293
5026	0.0	0.0	0.307
5027	0.0	0.0	0.293
5028	0.0	0.0	0.284
5029	0.0	0.0	0.263
5030	0.0	0.0	0.231
5031	0.0	0.0	0.211
5032	0.0	0.0	0.196
5033	0.0	0.0	0.204
5034	0.0	0.0	0.253
5035	0.0	0.0	0.283
5036	0.0	0.0	0.350
5037	0.0	0.0	0.359
5038	0.0	0.0	0.335
5039	0.0	0.0	0.202
5040	0.0	0.0	0.126
5041	0.0	0.0	0.087
5042	0.0	0.0	0.047
5043	0.0	0.0	0.019
5044	0.0	0.0	0.013
5045	0.0	0.0	0.040
5046	0.0	0.0	0.101
5047	0.0	0.0	0.272
5048	0.0	0.0	0.292
5049	0.0	0.0	0.293
5050	0.0	0.0	0.307
5051	0.0	0.0	0.293
5052	0.0	0.0	0.284
5053	0.0	0.0	0.263
5054	0.0	0.0	0.231
5055	0.0	0.0	0.211
5056	0.0	0.0	0.196
5057	0.0	0.0	0.204
5058	0.0	0.0	0.253
5059	0.0	0.0	0.283
5060	0.0	0.0	0.350
5061	0.0	0.0	0.359
5062	0.0	0.0	0.335
5063	0.0	0.0	0.202
5064	0.0	0.0	0.126
5065	0.0	0.0	0.087
5066	0.0	0.0	0.047
5067	0.0	0.0	0.019
5068	0.0	0.0	0.013
5069	0.0	0.0	0.040
5070	0.0	0.0	0.101
5071	0.0	0.0	0.272
5072	0.0	0.0	0.292
5073	0.0	0.0	0.293
5074	0.0	0.0	0.307
5075	0.0	0.0	0.293
5076	0.0	0.0	0.284
5077	0.0	0.0	0.263
5078	0.0	0.0	0.231
5079	0.0	0.0	0.211
5080	0.0	0.0	0.196
5081	0.0	0.0	0.204
5082	0.0	0.0	0.253
5083	0.0	0.0	0.283
5084	0.0	0.0	0.350
5085	0.0	0.0	0.359
5086	0.0	0.0	0.335
5087	0.0	0.0	0.202
5088	0.0	0.0	0.126
5089	0.0	0.0	0.087
5090	0.0	0.0	0.047
5091	0.0	0.0	0.019
5092	0.0	0.0	0.013
5093	0.0	0.0	0.040
5094	0.0	0.0	0.101
5095	0.0	0.0	0.272
5096	0.0	0.0	0.292
5097	0.0	0.0	0.293
5098	0.0	0.0	0.307
5099	0.0	0.0	0.293
5100	0.0	0.0	0.284
5101	0.0	0.0	0.263
5102	0.0	0.0	0.231
5103	0.0	0.0	0.211
5104	0.0	0.0	0.196
5105	0.0	0.0	0.204
5106	0.0	0.0	0.253
5107	0.0	0.0	0.283
5108	0.0	0.0	0.350
5109	0.0	0.0	0.359
5110	0.0	0.0	0.335
5111	0.0	0.0	0.202
5112	0.0	0.0	0.126
5113	0.0	0.0	0.087
5114	0.0	0.0	0.047
5115	0.0	0.0	0.019
5116	0.0	0.0	0.013
5117	0.0	0.0	0.040
5118	0.0	0.0	0.101
5119	0.0	0.0	0.272
5120	0.0	0.0	0.292
5121	0.0	0.0	0.293
5122	0.0	0.0	0.307
5123	0.0	0.0	0.293
5124	0.0	0.0	0.284
5125	0.0	0.0	0.263
5126	0.0	0.0	0.231
5127	0.0	0.0	0.211
5128	0.0	0.0	0.196
5129	0.0	0.0	0.204
5130	0.0	0.0	0.253
5131	0.0	0.0	0.283
5132	0.0	0.0	0.350
5133	0.0	0.0	0.359
5134	0.0	0.0	0.335
5135	0.0	0.0	0.202
5136	0.0	0.0	0.126
5137	0.0	0.0	0.087
5138	0.0	0.0	0.047
5139	0.0	0.0	0.019
5140	0.0	0.0	0.013
5141	0.0	0.0	0.040
5142	0.0	0.0	0.101
5143	0.0	0.0	0.272
5144	0.0	0.0	0.292
5145	0.0	0.0	0.293
5146	0.0	0.0	0.307
5147	0.0	0.0	0.293
5148	0.0	0.0	0.284
5149	0.0	0.0	0.263
5150	0.0	0.0	0.231
5151	0.0	0.0	0.211
5152	0.0	0.0	0.196
5153	0.0	0.0	0.204
5154	0.0	0.0	0.253
5155	0.0	0.0	0.283
5156	0.0	0.0	0.350
5157	0.0	0.0	0.359
5158	0.0	0.0	0.335
5159	0.0	0.0	0.202
5160	0.0	0.0	0.126
5161	0.0	0.0	0.087
5162	0.0	0.0	0.047
5163	0.0	0.0	0.019
5164	0.0	0.0	0.013
5165	0.0	0.0	0.040
5166	0.0	0.0	0.101
5167	0.0	0.0	0.272
5168	0.0	0.0	0.292
5169	0.0	0.0	0.293
5170	0.0	0.0	0.307
5171	0.0	0.0	0.293
5172	0.0	0.0	0.284
5173	0.0	0.0	0.263
5174	0.0	0.0	0.231
5175	0.0	0.0	0.211
5176	0.0	0.0	0.196
5177	0.0	0.0	0.204
5178	0.0	0.0	0.253
5179	0.0	0.0	0.283
5180	0.0	0.0	0.350
5181	0.0	0.0	0.359
5182	0.0	0.0	0.335
5183	0.0	0.0	0.202
5184	0.0	0.0	0.126
5185	0.0	0.0	0.087
5186	0.0	0.0	0.047
5187	0.0	0.0	0.019
5188	0.0	0.0	0.013
5189	0.0	0.0	0.040
5190	0.0	0.0	0.101
5191	0.0	0.0	0.272
5192	0.0	0.0	0.292
5193	0.0	0.0	0.293
5194	0.0	0.0	0.307
5195	0.0	0.0	0.293
5196	0.0	0.0	0.284
5197	0.0	0.0	0.263
5198	0.0	0.0	0.231
5199	0.0	0.0	0.211
5200	0.0	0.0	0.196
5201	0.0	0.0	0.204
5202	0.0	0.0	0.253
5203	0.0	0.0	0.283
5204	0.0	0.0	0.350
5205	0.0	0.0	0.359
5206	0.0	0.0	0.335
5207	0.0	0.0	0.202
5208	0.0	0.0	0.126
5209	0.0	0.0	0.087
5210	0.0	0.0	0.047
5211	0.0	0.0	0.019
5212	0.0	0.0	0.013
5213	0.0	0.0	0.040
5214	0.0	0.0	0.101
5215	0.0	0.0	0.272
5216	0.0	0.0	0.292
5217	0.0	0.0	0.293
5218	0.0	0.0	0.307
5219	0.0	0.0	0.293
5220	0.0	0.0	0.284
5221	0.0	0.0	0.263
5222	0.0	0.0	0.231
5223	0.0	0.0	0.211
5224	0.0	0.0	0.196
5225	0.0	0.0	0.204
5226	0.0	0.0	0.253
5227	0.0	0.0	0.283
5228	0.0	0.0	0.350
5229	0.0	0.0	0.359
5230	0.0	0.0	0.335
5231	0.0	0.0	0.202
5232	0.0	0.0	0.126
5233	0.0	0.0	0.087
5234	0.0	0.0	0.047
5235	0.0	0.0	0.019
5236	0.0	0.0	0.013
5237	0.0	0.0	0.040
5238	0.0	0.0	0.101
5239	0.0	0.0	0.272
5240	0.0	0.0	0.292
5241	0.0	0.0	0.293
5242	0.0	0.0	0.307
5243	0.0	0.0	0.293
5244	0.0	0.0	0.284
5245	0.0	0.0	0.263
5246	0.0	0.0	0.231
5247	0.0	0.0	0.211
5248	0.0	0.0	0.196
5249	0.0	0.0	0.204
5250	0.0	0.0	0.253
5251	0.0	0.0	0.283
5252	0.0	0.0	0.350
5253	0.0	0.0	0.359
5254	0.0	0.0	0.335
5255	0.0	0.0	0.202
5256	0.0	0.0	0.126
5257	0.0	0.0	0.087
5258	0.0	0.0	0.047
5259	0.0	0.0	0.019
5260	0.0	0.0	0.013
5261	0.0	0.0	0.040
5262	0.0	0.0	0.101
5263	0.0	0.0	0.272
5264	0.0	0.0	0.292
5265	0.0	0.0	0.293
5266	0.0	0.0	0.307
5267	0.0	0.0	0.293
5268	0.0	0.0	0.284
5269	0.0	0.0	0.263
5270	0.0	0.0	0.231
5271	0.0	0.0	0.211
5272	0.0	0.0	0.196
5273	0.0	0.0	0.204
5274	0.0	0.0	0.253
5275	0.0	0.0	0.283
5276	0.0	0.0	0.350
5277	0.0	0.0	0.359
5278	0.0	0.0	0.335
5279	0.0	0.0	0.202
5280	0.0	0.0	0.126
5281	0.0	0.0	0.087
5282	0.0	0.0	0.047
5283	0.0	0.0	0.019
5284	0.0	0.0	0.013
5285	0.0	0.0	0.040
5286	0.0	0.0	0.101
5287	0.0	0.0	0.272
5288	0.0	0.0	0.292
5289	0.0	0.0	0.293
5290	0.0	0.0	0.307
5291	0.0	0.0	0.293
5292	0.0	0.0	0.284
5293	0.0	0.0	0.263
5294	0.0	0.0	0.231
5295	0.0	0.0	0.211
5296	0.0	0.0	0.196
5297	0.0	0.0	0.204
5298	0.0	0.0	0.253
5299	0.0	0.0	0.283
5300	0.0	0.0	0.350
5301	0.0	0.0	0.359
5302	0.0	0.0	0.335
5303	0.0	0.0	0.202
5304	0.0	0.0	0.126
5305	0.0	0.0	0.087
5306	0.0	0.0	0.047
5307	0.0	0.0	0.019
5308	0.0	0.0	0.013
5309	0.0	0.0	0.040
5310	0.0	0.0	0.101
5311	0.0	0.0	0.272
5312	0.0	0.0	0.292
5313	0.0	0.0	0.293
5314	0.0	0.0	0.307
5315	0.0	0.0	0.293
5316	0.0	0.0	0.284
5317	0.0	0.0	0.263
5318	0.0	0.0	0.231
5319	0.0	0.0	0.211
5320	0.0	0.0	0.196
5321	0.0	0.0	0.204
5322	0.0	0.0	0.253
5323	0.0	0.0	0.283
5324	0.0	0.0	0.350
5325	0.0	0.0	0.359
5326	0.0	0.0	0.335
5327	0.0	0.0	0.202
5328	0.0	0.0	0.126
5329	0.0	0.0	0.087
5330	0.0	0.0	0.047
5331	0.0	0.0	0.019
5332	0.0	0.0	0.013
5333	0.0	0.0	0.040
5334	0.0	0.0	0.101
5335	0.0	0.0	0.272
5336	0.0	0.0	0.292
5337	0.0	0.0	0.293
5338	0.0	0.0	0.307
5339	0.0	0.0	0.293
5340	0.0	0.0	0.284
5341	0.0	0.0	0.263
5342	0.0	0.0	0.231
5343	0.0	0.0	0.211
5344	0.0	0.0	0.196
5345	0.0	0.0	0.204
5346	0.0	0.0	0.253
5347	0.0	0.0	0.283
5348	0.0	0.0	0.350
5349	0.0	0.0	0.359
5350	0.0	0.0	0.335
5351	0.0	0.0	0.202
5352	0.0	0.0	0.126
5353	0.0	0.0	0.087
5354	0.0	0.0	0.047
5355	0.0	0.0	0.019
5356	0.0	0.0	0.013
5357	0.0	0.0	0.040
5358	0.0	0.0	0.101
5359	0.0	0.0	0.272
5360	0.0	0.0	0.292
5361	0.0	0.0	0.293
5362	0.0	0.0	0.307
5363	0.0	0.0	0.293
5364	0.0	0.0	0.284
5365	0.0	0.0	0.263
5366	0.0	0.0	0.231
5367	0.0	0.0	0.211
5368	0.0	0.0	0.196
5369	0.0	0.0	0.204
5370	0.0	0.0	0.253
5371	0.0	0.0	0.283
5372	0.0	0.0	0.350
5373	0.0	0.0	0.359
5374	0.0	0.0	0.335
5375	0.0	0.0	0.202
5376	0.0	0.0	0.126
5377	0.0	0.0	0.087
5378	0.0	0.0	0.047
5379	0.0	0.0	0.019
5380	0.0	0.0	0.013
5381	0.0	0.0	0.040
5382	0.0	0.0	0.101
5383	0.0	0.0	0.272
5384	0.0	0.0	0.292
5385	0.0	0.0	0.293
5386	0.0	0.0	0.307
5387	0.0	0.0	0.293
5388	0.0	0.0	0.284
5389	0.0	0.0	0.263
5390	0.0	0.0	0.231
5391	0.0	0.0	0.211
5392	0.0	0.0	0.196
5393	0.0	0.0	0.204
5394	0.0	0.0	0.253
5395	0.0	0.0	0.283
5396	0.0	0.0	0.350
5397	0.0	0.0	0.359
5398	0.0	0.0	0.335
5399	0.0	0.0	0.202
5400	0.0	0.0	0.126
5401	0.0	0.0	0.087
5402	0.0	0.0	0.047
5403	0.0	0.0	0.019
5404	0.0	0.0	0.013
5405	0.0	0.0	0.040
5406	0.0	0.0	0.101
5407	0.0	0.0	0.272
5408	0.0	0.0	0.292
5409	0.0	0.0	0.293
5410	0.0	0.0	0.307
5411	0.0	0.0	0.293
5412	0.0	0.0	0.284
5413	0.0	0.0	0.263
5414	0.0	0.0	0.231
5415	0.0	0.0	0.211
5416	0.0	0.0	0.196
5417	0.0	0.0	0.204
5418	0.0	0.0	0.253
5419	0.0	0.0	0.283
5420	0.0	0.0	0.350
5421	0.0	0.0	0.359
5422	0.0	0.0	0.335
5423	0.0	0.0	0.202
5424	0.0	0.0	0.126
5425	0.0	0.0	0.087
5426	0.0	0.0	0.047
5427	0.0	0.0	0.019
5428	0.0	0.0	0.013
5429	0.0	0.0	0.040
5430	0.0	0.0	0.101
5431	0.0	0.0	0.272
5432	0.0	0.0	0.292
5433	0.0	0.0	0.293
5434	0.0	0.0	0.307
5435	0.0	0.0	0.293
5436	0.0	0.0	0.284
5437	0.0	0.0	0.263
5438	0.0	0.0	0.231
5439	0.0	0.0	0.211
5440	0.0	0.0	0.196
5441	0.0	0.0	0.204
5442	0.0	0.0	0.253
5443	0.0	0.0	0.283
5444	0.0	0.0	0.350
5445	0.0	0.0	0.359
5446	0.0	0.0	0.335
5447	0.0	0.0	0.202
5448	0.0	0.0	0.126
5449	0.0	0.0	0.087
5450	0.0	0.0	0.047
5451	0.0	0.0	0.019
5452	0.0	0.0	0.013
5453	0.0	0.0	0.040
5454	0.0	0.0	0.101
5455	0.0	0.0	0.272
5456	0.0	0.0	0.292
5457	0.0	0.0	0.293
5458	0.0	0.0	0.307
5459	0.0	0.0	0.293
5460	0.0	0.0	0.284
5461	0.0	0.0	0.263
5462	0.0	0.0	0.231
5463	0.0	0.0	0.211
5464	0.0	0.0	0.196
5465	0.0	0.0	0.204
5466	0.0	0.0	0.253
5467	0.0	0.0	0.283
5468	0.0	0.0	0.350
5469	0.0	0.0	0.359
5470	0.0	0.0	0.335
5471	0.0	0.0	0.202
5472	0.0	0.0	0.126
5473	0.0	0.0	0.087
5474	0.0	0.0	0.047
5475	0.0	0.0	0.019
5476	0.0	0.0	0.013
5477	0.0	0.0	0.040
5478	0.0	0.0	0.101
5479	0.0	0.0	0.272
5480	0.0	0.0	0.292
5481	0.0	0.0	0.293
5482	0.0	0.0	0.307
5483	0.0	0.0	0.293
5484	0.0	0.0	0.284
5485	0.0	0.0	0.263
5486	0.0	0.0	0.231
5487	0.0	0.0	0.211
5488	0.0	0.0	0.196
5489	0.0	0.0	0.204
5490	0.0	0.0	0.253
5491	0.0	0.0	0.283
5492	0.0	0.0	0.350
5493	0.0	0.0	0.359
5494	0.0	0.0	0.335
5495	0.0	0.0	0.202
5496	0.0	0.0	0.126
5497	0.0	0.0	0.087
5498	0.0	0.0	0.047
5499	0.0	0.0	0.019
5500	0.0	0.0	0.013
5501	0.0	0.0	0.040
5502	0.0	0.0	0.101
5503	0.0	0.0	0.272
5504	0.0	0.0	0.292
5505	0.0	0.0	0.293
5506	0.0	0.0	0.307
5507	0.0	0.0	0.293
5508	0.0	0.0	0.284
5509	0.0	0.0	0.263
5510	0.0	0.0	0.231
5511	0.0	0.0	0.211
5512	0.0	0.0	0.196
5513	0.0	0.0	0.204
5514	0.0	0.0	0.253
5515	0.0	0.0	0.283
5516	0.0	0.0	0.350
5517	0.0	0.0	0.359
5518	0.0	0.0	0.335
5519	0.0	0.0	0.202
5520	0.0	0.0	0.126
5521	0.0	0.0	0.087
5522	0.0	0.0	0.047
5523	0.0	0.0	0.019
5524	0.0	0.0	0.013
5525	0.0	0.0	0.040
5526	0.0	0.0	0.101
5527	0.0	0.0	0.272
5528	0.0	0.0	0.292
5529	0.0	0.0	0.293
5530	0.0	0.0	0.307
5531	0.0	0.0	0.293
5532	0.0	0.0	0.284
5533	0.0	0.0	0.263
5534	0.0	0.0	0.231
5535	0.0	0.0	0.211
5536	0.0	0.0	0.196
5537	0.0	0.0	0.204
5538	0.0	0.0	0.253
5539	0.0	0.0	0.283
5540	0.0	0.0	0.350
5541	0.0	0.0	0.359
5542	0.0	0.0	0.335
5543	0.0	0.0	0.202
5544	0.0	0.0	0.126
5545	0.0	0.0	0.087
5546	0.0	0.0	0.047
5547	0.0	0.0	0.019
5548	0.0	0.0	0.013
5549	0.0	0.0	0.040
5550	0.0	0.0	0.101
5551	0.0	0.0	0.272
5552	0.0	0.0	0.292
5553	0.0	0.0	0.293
5554	0.0	0.0	0.307
5555	0.0	0.0	0.293
5556	0.0	0.0	0.284
5557	0.0	0.0	0.263
5558	0.0	0.0	0.231
5559	0.0	0.0	0.211
5560	0.0	0.0	0.196
5561	0.0	0.0	0.204
5562	0.0	0.0	0.253
5563	0.0	0.0	0.283
5564	0.0	0.0	0.350
5565	0.0	0.0	0.359
5566	0.0	0.0	0.335
5567	0.0	0.0	0.202
5568	0.0	0.0	0.126
5569	0.0	0.0	0.087
5570	0.0	0.0	0.047
5571	0.0	0.0	0.019
5572	0.0	0.0	0.013
5573	0.0	0.0	0.040
5574	0.0	0.0	0.101
5575	0.0	0.0	0.272
5576	0.0	0.0	0.292
5577	0.0	0.0	0.293
5578	0.0	0.0	0.307
5579	0.0	0.0	0.293
5580	0.0	0.0	0.284
5581	0.0	0.0	0.263
5582	0.0	0.0	0.231
5583	0.0	0.0	0.211
5584	0.0	0.0	0.196
5585	0.0	0.0	0.204
5586	0.0	0.0	0.253
5587	0.0	0.0	0.283
5588	0.0	0.0	0.350
5589	0.0	0.0	0.359
5590	0.0	0.0	0.335
5591	0.0	0.0	0.202
5592	0.0	0.0	0.126
5593	0.0	0.0	0.087
5594	0.0	0.0	0.047
5595	0.0	0.0	0.019
5596	0.0	0.0	0.013
5597	0.0	0.0	0.040
5598	0.0	0.0	0.101
5599	0.0	0.0	0.272
5600	0.0	0.0	0.292
5601	0.0	0.0	0.293
5602	0.0	0.0	0.307
5603	0.0	0.0	0.293
5604	0.0	0.0	0.284
5605	0.0	0.0	0.263
5606	0.0	0.0	0.231
5607	0.0	0.0	0.211
5608	0.0	0.0	0.196
5609	0.0	0.0	0.204
5610	0.0	0.0	0.253
5611	0.0	0.0	0.283
5612	0.0	0.0	0.350
5613	0.0	0.0	0.359
5614	0.0	0.0	0.335
5615	0.0	0.0	0.202
5616	0.0	0.0	0.126
5617	0.0	0.0	0.087
5618	0.0	0.0	0.047
5619	0.0	0.0	0.019
5620	0.0	0.0	0.013
5621	0.0	0.0	0.040
5622	0.0	0.0	0.101
5623	0.0	0.0	0.272
5624	0.0	0.0	0.292
5625	0.0	0.0	0.293
5626	0.0	0.0	0.307
5627	0.0	0.0	0.293
5628	0.0	0.0	0.284
5629	0.0	0.0	0.263
5630	0.0	0.0	0.231
5631	0.0	0.0	0.211
5632	0.0	0.0	0.196
5633	0.0	0.0	0.204
5634	0.0	0.0	0.253
5635	0.0	0.0	0.283
5636	0.0	0.0	0.350
5637	0.0	0.0	0.359
5638	0.0	0.0	0.335
5639	0.0	0.0	0.202
5640	0.0	0.0	0.126
5641	0.0	0.0	0.087
5642	0.0	0.0	0.047
5643	0.0	0.0	0.019
5644	0.0	0.0	0.013
5645	0.0	0.0	0.040
5646	0.0	0.0	0.101
5647	0.0	0.0	0.272
5648	0.0	0.0	0.292
5649	0.0	0.0	0.293
5650	0.0	0.0	0.307
5651	0.0	0.0	0.293
5652	0.0	0.0	0.284
5653	0.0	0.0	0.263
5654	0.0	0.0	0.231
5655	0.0	0.0	0.211
5656	0.0	0.0	0.196
5657	0.0	0.0	0.204
5658	0.0	0.0	0.253
5659	0.0	0.0	0.283
5660	0.0	0.0	0.350
5661	0.0	0.0	0.359
5662	0.0	0.0	0.335
5663	0.0	0.0	0.202
5664	0.0	0.0	0.126
5665	0.0	0.0	0.087
5666	0.0	0.0	0.047
5667	0.0	0.0	0.019
5668	0.0	0.0	0.013
5669	0.0	0.0	0.040
5670	0.0	0.0	0.101
5671	0.0	0.0	0.272
5672	0.0	0.0	0.292
5673	0.0	0.0	0.293
5674	0.0	0.0	0.307
5675	0.0	0.0	0.293
5676	0.0	0.0	0.284
5677	0.0	0.0	0.263
5678	0.0	0.0	0.231
5679	0.0	0.0	0.211
5680	0.0	0.0	0.196
5681	0.0	0.0	0.204
5682	0.0	0.0	0.253
5683	0.0	0.0	0.283
5684	0.0	0.0	0.350
5685	0.0	0.0	0.359
5686	0.0	0.0	0.335
5687	0.0	0.0	0.202
5688	0.0	0.0	0.126
5689	0.0	0.0	0.087
5690	0.0	0.0	0.047
5691	0.0	0.0	0.019
5692	0.0	0.0	0.013
5693	0.0	0.0	0.040
5694	0.0	0.0	0.101
5695	0.0	0.0	0.272
5696	0.0	0.0	0.292
5697	0.0	0.0	0.293
5698	0.0	0.0	0.307
5699	0.0	0.0	0.293
5700	0.0	0.0	0.284
5701	0.0	0.0	0.263
5702	0.0	0.0	0.231
5703	0.0	0.0	0.211
5704	0.0	0.0	0.196
5705	0.0	0.0	0.204
5706	0.0	0.0	0.253
5707	0.0	0.0	0.283
5708	0.0	0.0	0.350
5709	0.0	0.0	0.359
5710	0.0	0.0	0.335
5711	0.0	0.0	0.202
5712	0.0	0.0	0.126
5713	0.0	0.0	0.087
5714	0.0	0.0	0.047
5715	0.0	0.0	0.019
5716	0.0	0.0	0.013
5717	0.0	0.0	0.040
5718	0.0	0.0	0.101
5719	0.0	0.0	0.272
5720	0.0	0.0	0.292
5721	0.0	0.0	0.293
5722	0.0	0.0	0.307
5723	0.0	0.0	0.293
5724	0.0	0.0	0.284
5725	0.0	0.0	0.263
5726	0.0	0.0	0.231
5727	0.0	0.0	0.211
5728	0.0	0.0	0.196
5729	0.0	0.0	0.204
5730	0.0	0.0	0.253
5731	0.0	0.0	0.283
5732	0.0	0.0	0.350
5733	0.0	0.0	0.359
5734	0.0	0.0	0.335
5735	0.0	0.0	0.202
5736	0.0	0.0	0.126
5737	0.0	0.0	0.087
5738	0.0	0.0	0.047
5739	0.0	0.0	0.019
5740	0.0	0.0	0.013
5741	0.0	0.0	0.040
5742	0.0	0.0	0.101
5743	0.0	0.0	0.272
5744	0.0	0.0	0.292
5745	0.0	0.0	0.293
5746	0.0	0.0	0.307
5747	0.0	0.0	0.293
5748	0.0	0.0	0.284
5749	0.0	0.0	0.263
5750	0.0	0.0	0.231
5751	0.0	0.0	0.211
5752	0.0	0.0	0.196
5753	0.0	0.0	0.204
5754	0.0	0.0	0.253
5755	0.0	0.0	0.283
5756	0.0	0.0	0.350
5757	0.0	0.0	0.359
5758	0.0	0.0	0.335
5759	0.0	0.0	0.202
5760	0.0	0.0	0.126
5761	0.0	0.0	0.087
5762	0.0	0.0	0.047
5763	0.0	0.0	0.019
5764	0.0	0.0	0.013
5765	0.0	0.0	0.040
5766	0.0	0.0	0.101
5767	0.0	0.0	0.272
5768	0.0	0.0	0.292
5769	0.0	0.0	0.293
5770	0.0	0.0	0.307
5771	0.0	0.0	0.293
5772	0.0	0.0	0.284
5773	0.0	0.0	0.263
5774	0.0	0.0	0.231
5775	0.0	0.0	0.211
5776	0.0	0.0	0.196
5777	0.0	0.0	0.204
5778	0.0	0.0	0.253
5779	0.0	0.0	0.283
5780	0.0	0.0	0.350
5781	0.0	0.0	0.359
5782	0.0	0.0	0.335
5783	0.0	0.0	0.202
5784	0.0	0.0	0.126
5785	0.0	0.0	0.087
5786	0.0	0.0	0.047
5787	0.0	0.0	0.019
5788	0.0	0.0	0.013
5789	0.0	0.0	0.040
5790	0.0	0.0	0.101
5791	0.0	0.0	0.272
5792	0.0	0.0	0.292
5793	0.0	0.0	0.293
5794	0.0	0.0	0.307
5795	0.0	0.0	0.293
5796	0.0	0.0	0.284
5797	0.0	0.0	0.263
5798	0.0	0.0	0.231
5799	0.0	0.0	0.211
5800	0.0	0.0	0.196
5801	0.0	0.0	0.204
5802	0.0	0.0	0.253
5803	0.0	0.0	0.283
5804	0.0	0.0	0.350
5805	0.0	0.0	0.359
5806	0.0	0.0	0.335
5807	0.0	0.0	0.202
5808	0.0	0.0	0.126
5809	0.0	0.0	0.087
5810	0.0	0.0	0.047
5811	0.0	0.0	0.019
5812	0.0	0.0	0.013
5813	0.0	0.0	0.040
5814	0.0	0.0	0.101
5815	0.0	0.0	0.272
5816	0.0	0.0	0.292
5817	0.0	0.0	0.293
5818	0.0	0.0	0.307
5819	0.0	0.0	0.293
5820	0.0	0.0	0.284
5821	0.0	0.0	0.263
5822	0.0	0.0	0.231
5823	0.0	0.0	0.211
5824	0.0	0.0	0.196
5825	0.0	0.0	0.204
5826	0.0	0.0	0.253
5827	0.0	0.0	0.283
5828	0.0	0.0	0.350
5829	0.0	0.0	0.359
5830	0.0	0.0	0.335
5831	0.0	0.0	0.202
5832	0.0	0.0	0.126
5833	0.0	0.0	0.087
5834	0.0	0.0	0.047
5835	0.0	0.0	0.019
5836	0.0	0.0	0.013
5837	0.0	0.0	0.040
5838	0.0	0.0	0.101
5839	0.0	0.0	0.272
5840	0.0	0.0	0.292
5841	0.0	0.0	0.293
5842	0.0	0.0	0.307
5843	0.0	0.0	0.293
5844	0.0	0.0	0.284
5845	0.0	0.0	0.263
5846	0.0	0.0	0.231
5847	0.0	0.0	0.211
5848	0.0	0.0	0.196
5849	0.0	0.0	0.204
5850	0.0	0.0	0.253
5851	0.0	0.0	0.283
5852	0.0	0.0	0.350
5853	0.0	0.0	0.359
5854	0.0	0.0	0.335
5855	0.0	0.0	0.202
5856	0.0	0.0	0.126
5857	0.0	0.0	0.087
5858	0.0	0.0	0.047
5859	0.0	0.0	0.019
5860	0.0	0.0	0.013
5861	0.0	0.0	0.040
5862	0.0	0.0	0.101
5863	0.0	0.0	0.272
5864	0.0	0.0	0.292
5865	0.0	0.0	0.293
5866	0.0	0.0	0.307
5867	0.0	0.0	0.293
5868	0.0	0.0	0.284
5869	0.0	0.0	0.263
5870	0.0	0.0	0.231
5871	0.0	0.0	0.211
5872	0.0	0.0	0.196
5873	0.0	0.0	0.204
5874	0.0	0.0	0.253
5875	0.0	0.0	0.283
5876	0.0	0.0	0.350
5877	0.0	0.0	0.359
5878	0.0	0.0	0.335
5879	0.0	0.0	0.202
5880	0.0	0.0	0.126
5881	0.0	0.0	0.087
5882	0.0	0.0	0.047
5883	0.0	0.0	0.019
5884	0.0	0.0	0.013
5885	0.0	0.0	0.040
5886	0.0	0.0	0.101
5887	0.0	0.0	0.272
5888	0.0	0.0	0.292
5889	0.0	0.0	0.293
5890	0.0	0.0	0.307
5891	0.0	0.0	0.293
5892	0.0	0.0	0.284
5893	0.0	0.0	0.263
5894	0.0	0.0	0.231
5895	0.0	0.0	0.211
5896	0.0	0.0	0.196
5897	0.0	0.0	0.204
5898	0.0	0.0	0.253
5899	0.0	0.0	0.283
5900	0.0	0.0	0.350
5901	0.0	0.0	0.359
5902	0.0	0.0	0.335
5903	0.0	0.0	0.202
5904	0.0	0.0	0.126
5905	0.0	0.0	0.087
5906	0.0	0.0	0.047
5907	0.0	0.0	0.019
5908	0.0	0.0	0.013
5909	0.0	0.0	0.040
5910	0.0	0.0	0.101
5911	0.0	0.0	0.272
5912	0.0	0.0	0.292
5913	0.0	0.0	0.293
5914	0.0	0.0	0.307
5915	0.0	0.0	0.293
5916	0.0	0.0	0.284
5917	0.0	0.0	0.263
5918	0.0	0.0	0.231
5919	0.0	0.0	0.211
5920	0.0	0.0	0.196
5921	0.0	0.0	0.204
5922	0.0	0.0	0.253
5923	0.0	0.0	0.283
5924	0.0	0.0	0.350
5925	0.0	0.0	0.359
5926	0.0	0.0	0.335
5927	0.0	0.0	0.202
5928	0.0	0.0	0.126
5929	0.0	0.0	0.087
5930	0.0	0.0	0.047
5931	0.0	0.0	0.019
5932	0.0	0.0	0.013
5933	0.0	0.0	0.040
5934	0.0	0.0	0.101
5935	0.0	0.0	0.272
5936	0.0	0.0	0.292
5937	0.0	0.0	0.293
5938	0.0	0.0	0.307
5939	0.0	0.0	0.293
5940	0.0	0.0	0.284
5941	0.0	0.0	0.263
5942	0.0	0.0	0.231
5943	0.0	0.0	0.211
5944	0.0	0.0	0.196
5945	0.0	0.0	0.204
5946	0.0	0.0	0.253
5947	0.0	0.0	0.283
5948	0.0	0.0	0.350
5949	0.0	0.0	0.359
5950	0.0	0.0	0.335
5951	0.0	0.0	0.202
5952	0.0	0.0	0.126
5953	0.0	0.0	0.087
5954	0.0	0.0	0.047
5955	0.0	0.0	0.019
5956	0.0	0.0	0.013
5957	0.0	0.0	0.040
5958	0.0	0.0	0.101
5959	0.0	0.0	0.272
5960	0.0	0.0	0.292
5961	0.0	0.0	0.293
5962	0.0	0.0	0.307
5963	0.0	0.0	0.293
5964	0.0	0.0	0.284
5965	0.0	0.0	0.263
5966	0.0	0.0	0.231
5967	0.0	0.0	0.211
5968	0.0	0.0	0.196
5969	0.0	0.0	0.204
5970	0.0	0.0	0.253
5971	0.0	0.0	0.283
5972	0.0	0.0	0.350
5973	0.0	0.0	0.359
5974	0.0	0.0	0.335
5975	0.0	0.0	0.202
5976	0.0	0.0	0.126
5977	0.0	0.0	0.087
5978	0.0	0.0	0.047
5979	0.0	0.0	0.019
5980	0.0	0.0	0.013
5981	0.0	0.0	0.040
5982	0.0	0.0	0.101
5983	0.0	0.0	0.272
5984	0.0	0.0	0.292
5985	0.0	0.0	0.293
5986	0.0	0.0	0.307
5987	0.0	0.0	0.293
5988	0.0	0.0	0.284
5989	0.0	0.0	0.263
5990	0.0	0.0	0.231
5991	0.0	0.0	0.211
5992	0.0	0.0	0.196
5993	0.0	0.0	0.204
5994	0.0	0.0	0.253
5995	0.0	0.0	0.283
5996	0.0	0.0	0.350
5997	0.0	0.0	0.359
5998	0.0	0.0	0.335
5999	0.0	0.0	0.202
6000	0.0	0.0	0.126
6001	0.0	0.0	0.087
6002	0.0	0.0	0.047
6003	0.0	0.0	0.019
6004	0.0	0.0	0.013
6005	0.0	0.0	0.040
6006	0.0	0.0	0.101
6007	0.0	0.0	0.272
6008	0.0	0.0	0.292
6009	0.0	0.0	0.293
6010	0.0	0.0	0.307
6011	0.0	0.0	0.293
6012	0.0	0.0	0.284
6013	0.0	0.0	0.263
6014	0.0	0.0	0.231
6015	0.0	0.0	0.211
6016	0.0	0.0	0.196
6017	0.0	0.0	0.204
6018	0.0	0.0	0.253
6019	0.0	0.0	0.283
6020	0.0	0.0	0.350
6021	0.0	0.0	0.359
6022	0.0	0.0	0.335
6023	0.0	0.0	0.202
6024	0.0	0.0	0.126
6025	0.0	0.0	0.087
6026	0.0	0.0	0.047
6027	0.0	0.0	0.019
6028	0.0	0.0	0.013
6029	0.0	0.0	0.040
6030	0.0	0.0	0.101
6031	0.0	0.0	0.272
6032	0.0	0.0	0.292
6033	0.0	0.0	0.293
6034	0.0	0.0	0.307
6035	0.0	0.0	0.293
6036	0.0	0.0	0.284
6037	0.0	0.0	0.263
6038	0.0	0.0	0.231
6039	0.0	0.0	0.211
6040	0.0	0.0	0.196
6041	0.0	0.0	0.204
6042	0.0	0.0	0.253
6043	0.0	0.0	0.283
6044	0.0	0.0	0.350
6045	0.0	0.0	0.359
6046	0.0	0.0	0.335
6047	0.0	0.0	0.202
6048	0.0	0.0	0.126
6049	0.0	0.0	0.087
6050	0.0	0.0	0.047
6051	0.0	0.0	0.019
6052	0.0	0.0	0.013
6053	0.0	0.0	0.040
6054	0.0	0.0	0.101
6055	0.0	0.0	0.272
6056	0.0	0.0	0.292
6057	0.0	0.0	0.293
6058	0.0	0.0	0.307
6059	0.0	0.0	0.293
6060	0.0	0.0	0.284
6061	0.0	0.0	0.263
6062	0.0	0.0	0.231
6063	0.0	0.0	0.211
6064	0.0	0.0	0.196
6065	0.0	0.0	0.204
6066	0.0	0.0	0.253
6067	0.0	0.0	0.283
6068	0.0	0.0	0.350
6069	0.0	0.0	0.359
6070	0.0	0.0	0.335
6071	0.0	0.0	0.202
6072	0.0	0.0	0.126
6073	0.0	0.0	0.087
6074	0.0	0.0	0.047
6075	0.0	0.0	0.019
6076	0.0	0.0	0.013
6077	0.0	0.0	0.040
6078	0.0	0.0	0.101
6079	0.0	0.0	0.272
6080	0.0	0.0	0.292
6081	0.0	0.0	0.293
6082	0.0	0.0	0.307
6083	0.0	0.0	0.293
6084	0.0	0.0	0.284
6085	0.0	0.0	0.263
6086	0.0	0.0	0.231
6087	0.0	0.0	0.211
6088	0.0	0.0	0.196
6089	0.0	0.0	0.204
6090	0.0	0.0	0.253
6091	0.0	0.0	0.283
6092	0.0	0.0	0.350
6093	0.0	0.0	0.359
6094	0.0	0.0	0.335
6095	0.0	0.0	0.202
6096	0.0	0.0	0.126
6097	0.0	0.0	0.087
6098	0.0	0.0	0.047
6099	0.0	0.0	0.019
6100	0.0	0.0	0.013
6101	0.0	0.0	0.040
6102	0.0	0.0	0.101
6103	0.0	0.0	0.272
6104	0.0	0.0	0.292
6105	0.0	0.0	0.293
6106	0.0	0.0	0.307
6107	0.0	0.0	0.293
6108	0.0	0.0	0.284
6109	0.0	0.0	0.263
6110	0.0	0.0	0.231
6111	0.0	0.0	0.211
6112	0.0	0.0	0.196
6113	0.0	0.0	0.204
6114	0.0	0.0	0.253
6115	0.0	0.0	0.283
6116	0.0	0.0	0.350
6117	0.0	0.0	0.359
6118	0.0	0.0	0.335
6119	0.0	0.0	0.202
6120	0.0	0.0	0.126
6121	0.0	0.0	0.087
6122	0.0	0.0	0.047
6123	0.0	0.0	0.019
6124	0.0	0.0	0.013
6125	0.0	0.0	0.040
6126	0.0	0.0	0.101
6127	0.0	0.0	0.272
6128	0.0	0.0	0.292
6129	0.0	0.0	0.293
6130	0.0	0.0	0.307
6131	0.0	0.0	0.293
6132	0.0	0.0	0.284
6133	0.0	0.0	0.263
6134	0.0	0.0	0.231
6135	0.0	0.0	0.211
6136	0.0	0.0	0.196
6137	0.0	0.0	0.204
6138	0.0	0.0	0.253
6139	0.0	0.0	0.283
6140	0.0	0.0	0.350
6141	0.0	0.0	0.359
6142	0.0	0.0	0.335
6143	0.0	0.0	0.202
6144	0.0	0.0	0.126
6145	0.0	0.0	0.087
6146	0.0	0.0	0.047
6147	0.0	0.0	0.019
6148	0.0	0.0	0.013
6149	0.0	0.0	0.040
6150	0.0	0.0	0.101
6151	0.0	0.0	0.272
6152	0.0	0.0	0.292
6153	0.0	0.0	0.293
6154	0.0	0.0	0.307
6155	0.0	0.0	0.293
6156	0.0	0.0	0.284
6157	0.0	0.0	0.263
6158	0.0	0.0	0.231
6159	0.0	0.0	0.211
6160	0.0	0.0	0.196
6161	0.0	0.0	0.204
6162	0.0	0.0	0.253
6163	0.0	0.0	0.283
6164	0.0	0.0	0.350
6165	0.0	0.0	0.359
6166	0.0	0.0	0.335
6167	0.0	0.0	0.202
6168	0.0	0.0	0.126
6169	0.0	0.0	0.087
6170	0.0	0.0	0.047
6171	0.0	0.0	0.019
6172	0.0	0.0	0.013
6173	0.0	0.0	0.040
6174	0.0	0.0	0.101
6175	0.0	0.0	0.272
6176	0.0	0.0	0.292
6177	0.0	0.0	0.293
6178	0.0	0.0	0.307
6179	0.0	0.0	0.293
6180	0.0	0.0	0.284
6181	0.0	0.0	0.263
6182	0.0	0.0	0.231
6183	0.0	0.0	0.211
6184	0.0	0.0	0.196
6185	0.0	0.0	0.204
6186	0.0	0.0	0.253
6187	0.0	0.0	0.283
6188	0.0	0.0	0.350
6189	0.0	0.0	0.359
6190	0.0	0.0	0.335
6191	0.0	0.0	0.202
6192	0.0	0.0	0.126
6193	0.0	0.0	0.087
6194	0.0	0.0	0.047
6195	0.0	0.0	0.019
6196	0.0	0.0	0.013
6197	0.0	0.0	0.040
6198	0.0	0.0	0.101
6199	0.0	0.0	0.272
6200	0.0	0.0	0.292
6201	0.0	0.0	0.293
6202	0.0	0.0	0.307
6203	0.0	0.0	0.293
6204	0.0	0.0	0.284
6205	0.0	0.0	0.263
6206	0.0	0.0	0.231
6207	0.0	0.0	0.211
6208	0.0	0.0	0.196
6209	0.0	0.0	0.204
6210	0.0	0.0	0.253
6211	0.0	0.0	0.283
6212	0.0	0.0	0.350
6213	0.0	0.0	0.359
6214	0.0	0.0	0.335
6215	0.0	0.0	0.202
6216	0.0	0.0	0.126
6217	0.0	0.0	0.087
6218	0.0	0.0	0.047
6219	0.0	0.0	0.019
6220	0.0	0.0	0.013
6221	0.0	0.0	0.040
6222	0.0	0.0	0.101
6223	0.0	0.0	0.272
6224	0.0	0.0	0.292
6225	0.0	0.0	0.293
6226	0.0	0.0	0.307
6227	0.0	0.0	0.293
6228	0.0	0.0	0.284
6229	0.0	0.0	0.263
6230	0.0	0.0	0.231
6231	0.0	0.0	0.211
6232	0.0	0.0	0.196
6233	0.0	0.0	0.204
6234	0.0	0.0	0.253
6235	0.0	0.0	0.283
6236	0.0	0.0	0.350
6237	0.0	0.0	0.359
6238	0.0	0.0	0.335
6239	0.0	0.0	0.202
6240	0.0	0.0	0.126
6241	0.0	0.0	0.087
6242	0.0	0.0	0.047
6243	0.0	0.0	0.019
6244	0.0	0.0	0.013
6245	0.0	0.0	0.040
6246	0.0	0.0	0.101
6247	0.0	0.0	0.272
6248	0.0	0.0	0.292
6249	0.0	0.0	0.293
6250	0.0	0.0	0.307
6251	0.0	0.0	0.293
6252	0.0	0.0	0.284
6253	0.0	0.0	0.263
6254	0.0	0.0	0.231
6255	0.0	0.0	0.211
6256	0.0	0.0	0.196
6257	0.0	0.0	0.204
6258	0.0	0.0	0.253
6259	0.0	0.0	0.283
6260	0.0	0.0	0.350
6261	0.0	0.0	0.359
6262	0.0	0.0	0.335
6263	0.0	0.0	0.202
6264	0.0	0.0	0.126
6265	0.0	0.0	0.087
6266	0.0	0.0	0.047
6267	0.0	0.0	0.019
6268	0.0	0.0	0.013
6269	0.0	0.0	0.040
6270	0.0	0.0	0.101
6271	0.0	0.0	0.272
6272	0.0	0.0	0.292
6273	0.0	0.0	0.293
6274	0.0	0.0	0.307
6275	0.0	0.0	0.293
6276	0.0	0.0	0.284
6277	0.0	0.0	0.263
6278	0.0	0.0	0.231
6279	0.0	0.0	0.211
6280	0.0	0.0	0.196
6281	0.0	0.0	0.204
6282	0.0	0.0	0.253
6283	0.0	0.0	0.283
6284	0.0	0.0	0.350
6285	0.0	0.0	0.359
6286	0.0	0.0	0.335
6287	0.0	0.0	0.202
6288	0.0	0.0	0.126
6289	0.0	0.0	0.087
6290	0.0	0.0	0.047
6291	0.0	0.0	0.019
6292	0.0	0.0	0.013
6293	0.0	0.0	0.040
6294	0.0	0.0	0.101
6295	0.0	0.0	0.272
6296	0.0	0.0	0.292
6297	0.0	0.0	0.293
6298	0.0	0.0	0.307
6299	0.0	0.0	0.293
6300	0.0	0.0	0.284
6301	0.0	0.0	0.263
6302	0.0	0.0	0.231
6303	0.0	0.0	0.211
6304	0.0	0.0	0.196
6305	0.0	0.0	0.204
6306	0.0	0.0	0.253
6307	0.0	0.0	0.283
6308	0.0	0.0	0.350
6309	0.0	0.0	0.359
6310	0.0	0.0	0.335
6311	0.0	0.0	0.202
6312	0.0	0.0	0.126
6313	0.0	0.0	0.087
6314	0.0	0.0	0.047
6315	0.0	0.0	0.019
6316	0.0	0.0	0.013
6317	0.0	0.0	0.040
6318	0.0	0.0	0.101
6319	0.0	0.0	0.272
6320	0.0	0.0	0.292
6321	0.0	0.0	0.293
6322	0.0	0.0	0.307
6323	0.0	0.0	0.293
6324	0.0	0.0	0.284
6325	0.0	0.0	0.263
6326	0.0	0.0	0.231
6327	0.0	0.0	0.211
6328	0.0	0.0	0.196
6329	0.0	0.0	0.204
6330	0.0	0.0	0.253
6331	0.0	0.0	0.283
6332	0.0	0.0	0.350
6333	0.0	0.0	0.359
6334	0.0	0.0	0.335
6335	0.0	0.0	0.202
6336	0.0	0.0	0.126
6337	0.0	0.0	0.087
6338	0.0	0.0	0.047
6339	0.0	0.0	0.019
6340	0.0	0.0	0.013
6341	0.0	0.0	0.040
6342	0.0	0.0	0.101
6343	0.0	0.0	0.272
6344	0.0	0.0	0.292
6345	0.0	0.0	0.293
6346	0.0	0.0	0.307
6347	0.0	0.0	0.293
6348	0.0	0.0	0.284
6349	0.0	0.0	0.263
6350	0.0	0.0	0.231
6351	0.0	0.0	0.211
6352	0.0	0.0	0.196
6353	0.0	0.0	0.204
6354	0.0	0.0	0.253
6355	0.0	0.0	0.283
6356	0.0	0.0	0.350
6357	0.0	0.0	0.359
6358	0.0	0.0	0.335
6359	0.0	0.0	0.202
6360	0.0	0.0	0.126
6361	0.0	0.0	0.087
6362	0.0	0.0	0.047
6363	0.0	0.0	0.019
6364	0.0	0.0	0.013
6365	0.0	0.0	0.040
6366	0.0	0.0	0.101
6367	0.0	0.0	0.272
6368	0.0	0.0	0.292
6369	0.0	0.0	0.293
6370	0.0	0.0	0.307
6371	0.0	0.0	0.293
6372	0.0	0.0	0.284
6373	0.0	0.0	0.263
6374	0.0	0.0	0.231
6375	0.0	0.0	0.211
6376	0.0	0.0	0.196
6377	0.0	0.0	0.204
6378	0.0	0.0	0.253
6379	0.0	0.0	0.283
6380	0.0	0.0	0.350
6381	0.0	0.0	0.359
6382	0.0	0.0	0.335
6383	0.0	0.0	0.202
6384	0.0	0.0	0.126
6385	0.0	0.0	0.087
6386	0.0	0.0	0.047
6387	0.0	0.0	0.019
6388	0.0	0.0	0.013
6389	0.0	0.0	0.040
6390	0.0	0.0	0.101
6391	0.0	0.0	0.272
6392	0.0	0.0	0.292
6393	0.0	0.0	0.293
6394	0.0	0.0	0.307
6395	0.0	0.0	0.293
6396	0.0	0.0	0.284
6397	0.0	0.0	0.263
6398	0.0	0.0	0.231
6399	0.0	0.0	0.211
6400	0.0	0.0	0.196
6401	0.0	0.0	0.204
6402	0.0	0.0	0.253
6403	0.0	0.0	0.283
6404	0.0	0.0	0.350
6405	0.0	0.0	0.359
6406	0.0	0.0	0.335
6407	0.0	0.0	0.202
6408	0.0	0.0	0.126
6409	0.0	0.0	0.087
6410	0.0	0.0	0.047
6411	0.0	0.0	0.019
6412	0.0	0.0	0.013
6413	0.0	0.0	0.040
6414	0.0	0.0	0.101
6415	0.0	0.0	0.272
6416	0.0	0.0	0.292
6417	0.0	0.0	0.293
6418	0.0	0.0	0.307
6419	0.0	0.0	0.293
6420	0.0	0.0	0.284
6421	0.0	0.0	0.263
6422	0.0	0.0	0.231
6423	0.0	0.0	0.211
6424	0.0	0.0	0.196
6425	0.0	0.0	0.204
6426	0.0	0.0	0.253
6427	0.0	0.0	0.283
6428	0.0	0.0	0.350
6429	0.0	0.0	0.359
6430	0.0	0.0	0.335
6431	0.0	0.0	0.202
6432	0.0	0.0	0.126
6433	0.0	0.0	0.087
6434	0.0	0.0	0.047
6435	0.0	0.0	0.019
6436	0.0	0.0	0.013
6437	0.0	0.0	0.040
6438	0.0	0.0	0.101
6439	0.0	0.0	0.272
6440	0.0	0.0	0.292
6441	0.0	0.0	0.293
6442	0.0	0.0	0.307
6443	0.0	0.0	0.293
6444	0.0	0.0	0.284
6445	0.0	0.0	0.263
6446	0.0	0.0	0.231
6447	0.0	0.0	0.211
6448	0.0	0.0	0.196
6449	0.0	0.0	0.204
6450	0.0	0.0	0.253
6451	0.0	0.0	0.283
6452	0.0	0.0	0.350
6453	0.0	0.0	0.359
6454	0.0	0.0	0.335
6455	0.0	0.0	0.202
6456	0.0	0.0	0.126
6457	0.0	0.0	0.087
6458	0.0	0.0	0.047
6459	0.0	0.0	0.019
6460	0.0	0.0	0.013
6461	0.0	0.0	0.040
6462	0.0	0.0	0.101
6463	0.0	0.0	0.272
6464	0.0	0.0	0.292
6465	0.0	0.0	0.293
6466	0.0	0.0	0.307
6467	0.0	0.0	0.293
6468	0.0	0.0	0.284
6469	0.0	0.0	0.263
6470	0.0	0.0	0.231
6471	0.0	0.0	0.211
6472	0.0	0.0	0.196
6473	0.0	0.0	0.204
6474	0.0	0.0	0.253
6475	0.0	0.0	0.283
6476	0.0	0.0	0.350
6477	0.0	0.0	0.359
6478	0.0	0.0	0.335
6479	0.0	0.0	0.202
6480	0.0	0.0	0.126
6481	0.0	0.0	0.087
6482	0.0	0.0	0.047
6483	0.0	0.0	0.019
6484	0.0	0.0	0.013
6485	0.0	0.0	0.040
6486	0.0	0.0	0.101
6487	0.0	0.0	0.272
6488	0.0	0.0	0.292
6489	0.0	0.0	0.293
6490	0.0	0.0	0.307
6491	0.0	0.0	0.293
6492	0.0	0.0	0.284
6493	0.0	0.0	0.263
6494	0.0	0.0	0.231
6495	0.0	0.0	0.211
6496	0.0	0.0	0.196
6497	0.0	0.0	0.204
6498	0.0	0.0	0.253
6499	0.0	0.0	0.283
6500	0.0	0.0	0.350
6501	0.0	0.0	0.359
6502	0.0	0.0	0.335
6503	0.0	0.0	0.202
6504	0.0	0.0	0.126
6505	0.0	0.0	0.087
6506	0.0	0.0	0.047
6507	0.0	0.0	0.019
6508	0.0	0.0	0.013
6509	0.0	0.0	0.040
6510	0.0	0.0	0.101
6511	0.0	0.0	0.272
6512	0.0	0.0	0.292
6513	0.0	0.0	0.293
6514	0.0	0.0	0.307
6515	0.0	0.0	0.293
6516	0.0	0.0	0.284
6517	0.0	0.0	0.263
6518	0.0	0.0	0.231
6519	0.0	0.0	0.211
6520	0.0	0.0	0.196
6521	0.0	0.0	0.204
6522	0.0	0.0	0.253
6523	0.0	0.0	0.283
6524	0.0	0.0	0.350
6525	0.0	0.0	0.359
6526	0.0	0.0	0.335
6527	0.0	0.0	0.202
6528	0.0	0.0	0.126
6529	0.0	0.0	0.087
6530	0.0	0.0	0.047
6531	0.0	0.0	0.019
6532	0.0	0.0	0.013
6533	0.0	0.0	0.040
6534	0.0	0.0	0.101
6535	0.0	0.0	0.272
6536	0.0	0.0	0.292
6537	0.0	0.0	0.293
6538	0.0	0.0	0.307
6539	0.0	0.0	0.293
6540	0.0	0.0	0.284
6541	0.0	0.0	0.263
6542	0.0	0.0	0.231
6543	0.0	0.0	0.211
6544	0.0	0.0	0.196
6545	0.0	0.0	0.204
6546	0.0	0.0	0.253
6547	0.0	0.0	0.283
6548	0.0	0.0	0.350
6549	0.0	0.0	0.359
6550	0.0	0.0	0.335
6551	0.0	0.0	0.202
6552	0.0	0.0	0.126
6553	0.0	0.0	0.087
6554	0.0	0.0	0.047
6555	0.0	0.0	0.019
6556	0.0	0.0	0.013
6557	0.0	0.0	0.040
6558	0.0	0.0	0.101
6559	0.0	0.0	0.272
6560	0.0	0.0	0.292
6561	0.0	0.0	0.293
6562	0.0	0.0	0.307
6563	0.0	0.0	0.293
6564	0.0	0.0	0.284
6565	0.0	0.0	0.263
6566	0.0	0.0	0.231
6567	0.0	0.0	0.211
6568	0.0	0.0	0.196
6569	0.0	0.0	0.204
6570	0.0	0.0	0.253
6571	0.0	0.0	0.283
6572	0.0	0.0	0.350
6573	0.0	0.0	0.359
6574	0.0	0.0	0.335
6575	0.0	0.0	0.202
6576	0.0	0.0	0.126
6577	0.0	0.0	0.087
6578	0.1	0.0	0.047
6579	0.1	0.0	0.019
6580	0.1	0.0	0.013
6581	0.2	0.0	0.040
6582	0.4	0.0	0.101
6583	0.4	0.0	0.272
6584	1.1	0.0	0.292
6585	1.2	0.0	0.293
6586	1.1	0.0	0.307
6587	1.0	0.0	0.293
6588	1.0	0.0	0.284
6589	0.9	0.0	0.263
6590	1.0	0.0	0.231
6591	0.9	0.0	0.211
6592	0.9	0.0	0.196
6593	1.0	0.0	0.204
6594	1.3	0.0	0.253
6595	1.5	0.0	0.283
6596	1.6	0.0	0.350
6597	1.7	0.0	0.359
6598	2.0	0.0	0.335
6599	2.0	0.0	0.202
6600	2.1	0.0	0.126
6601	1.5	0.0	0.087
6602	1.6	0.0	0.047
6603	1.6	0.0	0.019
6604	1.6	0.0	0.013
6605	1.6	0.0	0.040
6606	1.7	0.0	0.101
6607	1.8	0.0	0.272
6608	2.6	0.0	0.292
6609	2.5	0.0	0.293
6610	2.3	0.0	0.307
6611	2.1	0.0	0.293
6612	1.9	0.0	0.284
6613	1.9	0.0	0.263
6614	1.9	0.0	0.231
6615	1.9	0.0	0.211
6616	2.0	0.0	0.196
6617	2.1	0.0	0.204
6618	2.1	0.0	0.253
6619	2.2	0.0	0.283
6620	2.4	0.0	0.350
6621	2.6	0.0	0.359
6622	2.7	0.0	0.335
6623	2.7	0.0	0.202
6624	2.8	0.0	0.126
6625	2.1	0.0	0.087
6626	2.1	0.0	0.047
6627	2.1	0.0	0.019
6628	2.1	0.0	0.013
6629	2.1	0.0	0.040
6630	2.1	0.0	0.101
6631	2.1	0.0	0.272
6632	2.7	0.0	0.292
6633	2.7	0.0	0.293
6634	2.6	0.0	0.307
6635	2.4	0.0	0.293
6636	2.2	0.0	0.284
6637	2.0	0.0	0.263
6638	1.9	0.0	0.231
6639	1.8	0.0	0.211
6640	1.8	0.0	0.196
6641	1.9	0.0	0.204
6642	2.2	0.0	0.253
6643	2.4	0.0	0.283
6644	2.6	0.0	0.350
6645	2.6	0.0	0.359
6646	2.7	0.0	0.335
6647	2.7	0.0	0.202
6648	2.7	0.0	0.126
6649	2.1	0.0	0.087
6650	2.1	0.0	0.047
6651	2.2	0.0	0.019
6652	2.1	0.0	0.013
6653	2.1	0.0	0.040
6654	2.1	0.0	0.101
6655	2.0	0.0	0.272
6656	2.6	0.0	0.292
6657	2.5	0.0	0.293
6658	2.2	0.0	0.307
6659	1.9	0.0	0.293
6660	1.7	0.0	0.284
6661	1.6	0.0	0.263
6662	1.4	0.0	0.231
6663	1.3	0.0	0.211
6664	1.3	0.0	0.196
6665	1.4	0.0	0.204
6666	1.7	0.0	0.253
6667	2.0	0.0	0.283
6668	2.2	0.0	0.350
6669	2.5	0.0	0.359
6670	2.5	0.0	0.335
6671	2.6	0.0	0.202
6672	2.7	0.0	0.126
6673	2.0	0.0	0.087
6674	2.0	0.0	0.047
6675	2.0	0.0	0.019
6676	2.0	0.0	0.013
6677	2.1	0.0	0.040
6678	2.2	0.0	0.101
6679	2.2	0.0	0.272
6680	2.7	0.0	0.292
6681	2.7	0.0	0.293
6682	2.5	0.0	0.307
6683	2.3	0.0	0.293
6684	2.0	0.0	0.284
6685	1.7	0.0	0.263
6686	1.5	0.0	0.231
6687	1.4	0.0	0.211
6688	1.5	0.0	0.196
6689	1.4	0.0	0.204
6690	1.7	0.0	0.253
6691	1.9	0.0	0.283
6692	2.0	0.0	0.350
6693	2.1	0.0	0.359
6694	1.9	0.0	0.335
6695	2.1	0.0	0.202
6696	2.2	0.0	0.126
6697	1.5	0.0	0.087
6698	1.6	0.0	0.047
6699	1.6	0.0	0.019
6700	1.7	0.0	0.013
6701	1.7	0.0	0.040
6702	1.8	0.0	0.101
6703	1.8	0.0	0.272
6704	2.5	0.0	0.292
6705	2.4	0.0	0.293
6706	2.2	0.0	0.307
6707	2.1	0.0	0.293
6708	1.9	0.0	0.284
6709	1.9	0.0	0.263
6710	1.7	0.0	0.231
6711	1.7	0.0	0.211
6712	1.8	0.0	0.196
6713	1.9	0.0	0.204
6714	2.1	0.0	0.253
6715	2.4	0.0	0.283
6716	2.6	0.0	0.350
6717	2.6	0.0	0.359
6718	2.8	0.0	0.335
6719	2.9	0.0	0.202
6720	3.0	0.0	0.126
6721	2.3	0.0	0.087
6722	2.3	0.0	0.047
6723	2.3	0.0	0.019
6724	2.3	0.0	0.013
6725	2.3	0.0	0.040
6726	2.4	0.0	0.101
6727	2.4	0.0	0.272
6728	3.2	0.0	0.292
6729	3.0	0.0	0.293
6730	2.7	0.0	0.307
6731	2.5	0.0	0.293
6732	2.3	0.0	0.284
6733	2.1	0.0	0.263
6734	2.0	0.0	0.231
6735	1.8	0.0	0.211
6736	1.9	0.0	0.196
6737	1.9	0.0	0.204
6738	2.0	0.0	0.253
6739	2.2	0.0	0.283
6740	2.3	0.0	0.350
6741	2.4	0.0	0.359
6742	2.4	0.0	0.335
6743	2.5	0.0	0.202
6744	2.5	0.0	0.126
6745	1.8	0.0	0.087
6746	1.8	0.0	0.047
6747	1.8	0.0	0.019
6748	1.8	0.0	0.013
6749	1.7	0.0	0.040
6750	1.8	0.0	0.101
6751	1.8	0.0	0.272
6752	2.6	0.0	0.292
6753	2.4	0.0	0.293
6754	2.3	0.0	0.307
6755	2.0	0.0	0.293
6756	1.8	0.0	0.284
6757	1.6	0.0	0.263
6758	1.5	0.0	0.231
6759	1.4	0.0	0.211
6760	1.3	0.0	0.196
6761	1.4	0.0	0.204
6762	1.6	0.0	0.253
6763	1.8	0.0	0.283
6764	1.8	0.0	0.350
6765	1.9	0.0	0.359
6766	2.0	0.0	0.335
6767	2.1	0.0	0.202
6768	2.3	0.0	0.126
6769	1.7	0.0	0.087
6770	1.8	0.0	0.047
6771	1.8	0.0	0.019
6772	1.9	0.0	0.013
6773	2.0	0.0	0.040
6774	2.1	0.0	0.101
6775	2.1	0.0	0.272
6776	2.8	0.0	0.292
6777	2.7	0.0	0.293
6778	2.4	0.0	0.307
6779	2.1	0.0	0.293
6780	1.9	0.0	0.284
6781	1.8	0.0	0.263
6782	1.5	0.0	0.231
6783	1.4	0.0	0.211
6784	1.5	0.0	0.196
6785	1.7	0.0	0.204
6786	1.8	0.0	0.253
6787	2.1	0.0	0.283
6788	2.2	0.0	0.350
6789	2.3	0.0	0.359
6790	2.4	0.0	0.335
6791	2.4	0.0	0.202
6792	2.4	0.0	0.126
6793	1.8	0.0	0.087
6794	1.8	0.0	0.047
6795	1.7	0.0	0.019
6796	1.7	0.0	0.013
6797	1.7	0.0	0.040
6798	1.6	0.0	0.101
6799	1.7	0.0	0.272
6800	2.4	0.0	0.292
6801	2.3	0.0	0.293
6802	2.0	0.0	0.307
6803	1.9	0.0	0.293
6804	1.7	0.0	0.284
6805	1.6	0.0	0.263
6806	1.5	0.0	0.231
6807	1.4	0.0	0.211
6808	1.3	0.0	0.196
6809	1.4	0.0	0.204
6810	1.5	0.0	0.253
6811	1.7	0.0	0.283
6812	1.8	0.0	0.350
6813	1.8	0.0	0.359
6814	1.8	0.0	0.335
6815	1.9	0.0	0.202
6816	2.0	0.0	0.126
6817	1.3	0.0	0.087
6818	1.3	0.0	0.047
6819	1.3	0.0	0.019
6820	1.4	0.0	0.013
6821	1.3	0.0	0.040
6822	1.3	0.0	0.101
6823	1.3	0.0	0.272
6824	2.0	0.0	0.292
6825	2.0	0.0	0.293
6826	2.0	0.0	0.307
6827	1.8	0.0	0.293
6828	1.6	0.0	0.284
6829	1.5	0.0	0.263
6830	1.5	0.0	0.231
6831	1.2	0.0	0.211
6832	1.3	0.0	0.196
6833	1.3	0.0	0.204
6834	1.3	0.0	0.253
6835	1.3	0.0	0.283
6836	1.3	0.0	0.350
6837	1.5	0.0	0.359
6838	1.5	0.0	0.335
6839	1.5	0.0	0.202
6840	1.6	0.0	0.126
6841	1.0	0.0	0.087
6842	0.9	0.0	0.047
6843	1.0	0.0	0.019
6844	1.0	0.0	0.013
6845	1.0	0.0	0.040
6846	0.9	0.0	0.101
6847	0.8	0.0	0.272
6848	1.6	0.0	0.292
6849	1.4	0.0	0.293
6850	1.2	0.0	0.307
6851	1.1	0.0	0.293
6852	0.9	0.0	0.284
6853	0.8	0.0	0.263
6854	0.8	0.0	0.231
6855	0.8	0.0	0.211
6856	0.8	0.0	0.196
6857	0.8	0.0	0.204
6858	0.8	0.0	0.253
6859	0.7	0.0	0.283
6860	0.8	0.0	0.350
6861	0.8	0.0	0.359
6862	0.7	0.0	0.335
6863	0.7	0.0	0.202
6864	0.7	0.0	0.126
6865	0.0	0.0	0.087
6866	0.0	0.0	0.047
6867	0.0	0.0	0.019
6868	0.0	0.0	0.013
6869	0.0	0.0	0.040
6870	0.0	0.0	0.101
6871	0.0	0.0	0.272
6872	0.0	0.0	0.292
6873	0.0	0.0	0.293
6874	0.0	0.0	0.307
6875	0.0	0.0	0.293
6876	0.0	0.0	0.284
6877	0.0	0.0	0.263
6878	0.0	0.0	0.231
6879	0.0	0.0	0.211
6880	0.0	0.0	0.196
6881	0.0	0.0	0.204
6882	0.0	0.0	0.253
6883	0.0	0.0	0.283
6884	0.0	0.0	0.350
6885	0.0	0.0	0.359
6886	0.0	0.0	0.335
6887	0.0	0.0	0.202
6888	0.0	0.0	0.126
6889	0.6	0.0	0.087
6890	0.5	0.0	0.047
6891	0.6	0.0	0.019
6892	0.7	0.0	0.013
6893	0.8	0.0	0.040
6894	0.8	0.0	0.101
6895	0.9	0.0	0.272
6896	1.4	0.0	0.292
6897	1.3	0.0	0.293
6898	1.1	0.0	0.307
6899	0.9	0.0	0.293
6900	0.6	0.0	0.284
6901	0.5	0.0	0.263
6902	0.3	0.0	0.231
6903	0.2	0.0	0.211
6904	0.2	0.0	0.196
6905	0.4	0.0	0.204
6906	0.5	0.0	0.253
6907	0.7	0.0	0.283
6908	1.0	0.0	0.350
6909	1.0	0.0	0.359
6910	1.3	0.0	0.335
6911	1.4	0.0	0.202
6912	1.5	0.0	0.126
6913	0.8	0.0	0.087
6914	0.8	0.0	0.047
6915	0.9	0.0	0.019
6916	1.0	0.0	0.013
6917	0.9	0.0	0.040
6918	0.9	0.0	0.101
6919	0.8	0.0	0.272
6920	1.5	0.0	0.292
6921	1.3	0.0	0.293
6922	1.2	0.0	0.307
6923	1.0	0.0	0.293
6924	0.8	0.0	0.284
6925	0.5	0.0	0.263
6926	0.4	0.0	0.231
6927	0.4	0.0	0.211
6928	0.2	0.0	0.196
6929	0.3	0.0	0.204
6930	0.5	0.0	0.253
6931	0.6	0.0	0.283
6932	0.6	0.0	0.350
6933	0.6	0.0	0.359
6934	0.7	0.0	0.335
6935	0.7	0.0	0.202
6936	0.7	0.0	0.126
6937	0.1	0.0	0.087
6938	0.3	0.0	0.047
6939	0.3	0.0	0.019
6940	0.3	0.0	0.013
6941	0.3	0.0	0.040
6942	0.4	0.0	0.101
6943	0.4	0.0	0.272
6944	1.1	0.0	0.292
6945	1.0	0.0	0.293
6946	0.8	0.0	0.307
6947	0.5	0.0	0.293
6948	0.3	0.0	0.284
6949	0.3	0.0	0.263
6950	0.3	0.0	0.231
6951	0.3	0.0	0.211
6952	0.3	0.0	0.196
6953	0.4	0.0	0.204
6954	0.5	0.0	0.253
6955	0.7	0.0	0.283
6956	0.8	0.0	0.350
6957	1.0	0.0	0.359
6958	1.1	0.0	0.335
6959	1.1	0.0	0.202
6960	1.3	0.0	0.126
6961	0.7	0.0	0.087
6962	0.8	0.0	0.047
6963	0.9	0.0	0.019
6964	1.0	0.0	0.013
6965	1.1	0.0	0.040
6966	1.2	0.0	0.101
6967	1.3	0.0	0.272
6968	2.0	0.0	0.292
6969	2.0	0.0	0.293
6970	2.0	0.0	0.307
6971	1.7	0.0	0.293
6972	1.5	0.0	0.284
6973	1.4	0.0	0.263
6974	1.3	0.0	0.231
6975	1.4	0.0	0.211
6976	1.4	0.0	0.196
6977	1.5	0.0	0.204
6978	1.7	0.0	0.253
6979	2.0	0.0	0.283
6980	2.1	0.0	0.350
6981	2.3	0.0	0.359
6982	2.5	0.0	0.335
6983	2.6	0.0	0.202
6984	2.7	0.0	0.126
6985	2.1	0.0	0.087
6986	2.2	0.0	0.047
6987	2.2	0.0	0.019
6988	2.3	0.0	0.013
6989	2.4	0.0	0.040
6990	2.3	0.0	0.101
6991	2.2	0.0	0.272
6992	2.8	0.0	0.292
6993	2.7	0.0	0.293
6994	2.5	0.0	0.307
6995	2.2	0.0	0.293
6996	1.9	0.0	0.284
6997	1.8	0.0	0.263
6998	1.6	0.0	0.231
6999	1.5	0.0	0.211
7000	1.6	0.0	0.196
7001	1.6	0.0	0.204
7002	1.8	0.0	0.253
7003	2.0	0.0	0.283
7004	2.2	0.0	0.350
7005	2.3	0.0	0.359
7006	2.4	0.0	0.335
7007	2.5	0.0	0.202
7008	2.6	0.0	0.126
7009	2.0	0.0	0.087
7010	2.0	0.0	0.047
7011	2.1	0.0	0.019
7012	2.2	0.0	0.013
7013	2.3	0.0	0.040
7014	2.4	0.0	0.101
7015	2.5	0.0	0.272
7016	3.2	0.0	0.292
7017	3.0	0.0	0.293
7018	2.8	0.0	0.307
7019	2.6	0.0	0.293
7020	2.4	0.0	0.284
7021	2.1	0.0	0.263
7022	2.0	0.0	0.231
7023	1.9	0.0	0.211
7024	2.0	0.0	0.196
7025	2.1	0.0	0.204
7026	2.3	0.0	0.253
7027	2.4	0.0	0.283
7028	2.5	0.0	0.350
7029	2.4	0.0	0.359
7030	2.5	0.0	0.335
7031	2.7	0.0	0.202
7032	2.8	0.0	0.126
7033	1.9	0.0	0.087
7034	2.0	0.0	0.047
7035	2.0	0.0	0.019
7036	2.0	0.0	0.013
7037	2.0	0.0	0.040
7038	2.1	0.0	0.101
7039	2.0	0.0	0.272
7040	2.6	0.0	0.292
7041	2.4	0.0	0.293
7042	2.4	0.0	0.307
7043	2.2	0.0	0.293
7044	1.8	0.0	0.284
7045	1.8	0.0	0.263
7046	1.8	0.0	0.231
7047	1.7	0.0	0.211
7048	1.6	0.0	0.196
7049	1.7	0.0	0.204
7050	1.9	0.0	0.253
7051	2.0	0.0	0.283
7052	2.1	0.0	0.350
7053	2.3	0.0	0.359
7054	2.4	0.0	0.335
7055	2.5	0.0	0.202
7056	2.5	0.0	0.126
7057	1.8	0.0	0.087
7058	1.8	0.0	0.047
7059	2.0	0.0	0.019
7060	2.1	0.0	0.013
7061	2.0	0.0	0.040
7062	2.0	0.0	0.101
7063	1.9	0.0	0.272
7064	2.5	0.0	0.292
7065	2.4	0.0	0.293
7066	2.3	0.0	0.307
7067	2.1	0.0	0.293
7068	1.9	0.0	0.284
7069	1.8	0.0	0.263
7070	1.7	0.0	0.231
7071	1.7	0.0	0.211
7072	1.7	0.0	0.196
7073	1.8	0.0	0.204
7074	1.9	0.0	0.253
7075	2.1	0.0	0.283
7076	2.3	0.0	0.350
7077	2.4	0.0	0.359
7078	2.4	0.0	0.335
7079	2.6	0.0	0.202
7080	2.6	0.0	0.126
7081	2.0	0.0	0.087
7082	2.0	0.0	0.047
7083	2.1	0.0	0.019
7084	2.1	0.0	0.013
7085	2.0	0.0	0.040
7086	2.0	0.0	0.101
7087	2.1	0.0	0.272
7088	2.6	0.0	0.292
7089	2.3	0.0	0.293
7090	2.2	0.0	0.307
7091	1.9	0.0	0.293
7092	1.7	0.0	0.284
7093	1.6	0.0	0.263
7094	1.5	0.0	0.231
7095	1.4	0.0	0.211
7096	1.4	0.0	0.196
7097	1.5	0.0	0.204
7098	1.5	0.0	0.253
7099	1.6	0.0	0.283
7100	1.7	0.0	0.350
7101	1.7	0.0	0.359
7102	1.9	0.0	0.335
7103	1.9	0.0	0.202
7104	2.0	0.0	0.126
7105	1.3	0.0	0.087
7106	1.3	0.0	0.047
7107	1.4	0.0	0.019
7108	1.5	0.0	0.013
7109	1.5	0.0	0.040
7110	1.4	0.0	0.101
7111	1.4	0.0	0.272
7112	2.3	0.0	0.292
7113	2.1	0.0	0.293
7114	1.9	0.0	0.307
7115	1.7	0.0	0.293
7116	1.5	0.0	0.284
7117	1.3	0.0	0.263
7118	1.4	0.0	0.231
7119	1.4	0.0	0.211
7120	1.5	0.0	0.196
7121	1.6	0.0	0.204
7122	1.9	0.0	0.253
7123	2.1	0.0	0.283
7124	2.0	0.0	0.350
7125	2.1	0.0	0.359
7126	2.1	0.0	0.335
7127	2.0	0.0	0.202
7128	2.1	0.0	0.126
7129	1.5	0.0	0.087
7130	1.6	0.0	0.047
7131	1.6	0.0	0.019
7132	1.6	0.0	0.013
7133	1.5	0.0	0.040
7134	1.5	0.0	0.101
7135	1.4	0.0	0.272
7136	2.1	0.0	0.292
7137	2.0	0.0	0.293
7138	1.8	0.0	0.307
7139	1.5	0.0	0.293
7140	1.4	0.0	0.284
7141	1.1	0.0	0.263
7142	1.0	0.0	0.231
7143	1.0	0.0	0.211
7144	1.0	0.0	0.196
7145	1.3	0.0	0.204
7146	1.3	0.0	0.253
7147	1.5	0.0	0.283
7148	1.6	0.0	0.350
7149	1.6	0.0	0.359
7150	1.7	0.0	0.335
7151	1.8	0.0	0.202
7152	1.8	0.0	0.126
7153	1.3	0.0	0.087
7154	1.4	0.0	0.047
7155	1.4	0.0	0.019
7156	1.5	0.0	0.013
7157	1.5	0.0	0.040
7158	1.4	0.0	0.101
7159	1.4	0.0	0.272
7160	1.9	0.0	0.292
7161	1.7	0.0	0.293
7162	1.4	0.0	0.307
7163	1.2	0.0	0.293
7164	1.0	0.0	0.284
7165	0.8	0.0	0.263
7166	0.7	0.0	0.231
7167	0.7	0.0	0.211
7168	0.7	0.0	0.196
7169	0.8	0.0	0.204
7170	1.0	0.0	0.253
7171	1.2	0.0	0.283
7172	1.2	0.0	0.350
7173	1.3	0.0	0.359
7174	1.4	0.0	0.335
7175	1.5	0.0	0.202
7176	1.7	0.0	0.126
7177	1.0	0.0	0.087
7178	1.0	0.0	0.047
7179	0.9	0.0	0.019
7180	0.9	0.0	0.013
7181	0.9	0.0	0.040
7182	0.7	0.0	0.101
7183	0.7	0.0	0.272
7184	1.4	0.0	0.292
7185	1.3	0.0	0.293
7186	1.1	0.0	0.307
7187	0.8	0.0	0.293
7188	0.5	0.0	0.284
7189	0.2	0.0	0.263
7190	0.0	0.0	0.231
7191	0.0	0.0	0.211
7192	0.0	0.0	0.196
7193	0.0	0.0	0.204
7194	0.1	0.0	0.253
7195	0.3	0.0	0.283
7196	0.4	0.0	0.350
7197	0.5	0.0	0.359
7198	0.6	0.0	0.335
7199	0.8	0.0	0.202
7200	0.8	0.0	0.126
7201	0.1	0.0	0.087
7202	0.3	0.0	0.047
7203	0.3	0.0	0.019
7204	0.4	0.0	0.013
7205	0.4	0.0	0.040
7206	0.5	0.0	0.101
7207	0.6	0.0	0.272
7208	1.4	0.0	0.292
7209	1.2	0.0	0.293
7210	1.1	0.0	0.307
7211	0.9	0.0	0.293
7212	0.7	0.0	0.284
7213	0.6	0.0	0.263
7214	0.5	0.0	0.231
7215	0.3	0.0	0.211
7216	0.2	0.0	0.196
7217	0.4	0.0	0.204
7218	0.6	0.0	0.253
7219	0.9	0.0	0.283
7220	1.1	0.0	0.350
7221	1.1	0.0	0.359
7222	1.1	0.0	0.335
7223	1.3	0.0	0.202
7224	1.4	0.0	0.126
7225	0.9	0.0	0.087
7226	0.9	0.0	0.047
7227	0.8	0.0	0.019
7228	0.8	0.0	0.013
7229	0.8	0.0	0.040
7230	0.9	0.0	0.101
7231	0.8	0.0	0.272
7232	1.4	0.0	0.292
7233	1.3	0.0	0.293
7234	1.1	0.0	0.307
7235	1.1	0.0	0.293
7236	0.8	0.0	0.284
7237	0.7	0.0	0.263
7238	0.6	0.0	0.231
7239	0.6	0.0	0.211
7240	0.6	0.0	0.196
7241	0.6	0.0	0.204
7242	0.6	0.0	0.253
7243	0.7	0.0	0.283
7244	0.8	0.0	0.350
7245	0.7	0.0	0.359
7246	0.7	0.0	0.335
7247	0.8	0.0	0.202
7248	0.9	0.0	0.126
7249	0.2	0.0	0.087
7250	0.2	0.0	0.047
7251	0.2	0.0	0.019
7252	0.3	0.0	0.013
7253	0.4	0.0	0.040
7254	0.4	0.0	0.101
7255	0.4	0.0	0.272
7256	1.1	0.0	0.292
7257	1.1	0.0	0.293
7258	1.0	0.0	0.307
7259	0.9	0.0	0.293
7260	0.7	0.0	0.284
7261	0.5	0.0	0.263
7262	0.6	0.0	0.231
7263	0.6	0.0	0.211
7264	0.6	0.0	0.196
7265	0.8	0.0	0.204
7266	0.9	0.0	0.253
7267	0.9	0.0	0.283
7268	1.0	0.0	0.350
7269	1.2	0.0	0.359
7270	1.2	0.0	0.335
7271	1.2	0.0	0.202
7272	1.3	0.0	0.126
7273	0.6	0.0	0.087
7274	0.6	0.0	0.047
7275	0.5	0.0	0.019
7276	0.5	0.0	0.013
7277	0.5	0.0	0.040
7278	0.6	0.0	0.101
7279	0.5	0.0	0.272
7280	1.2	0.0	0.292
7281	1.2	0.0	0.293
7282	1.1	0.0	0.307
7283	1.2	0.0	0.293
7284	1.2	0.0	0.284
7285	1.2	0.0	0.263
7286	1.2	0.0	0.231
7287	1.2	0.0	0.211
7288	1.1	0.0	0.196
7289	1.1	0.0	0.204
7290	1.2	0.0	0.253
7291	1.2	0.0	0.283
7292	1.3	0.0	0.350
7293	1.2	0.0	0.359
7294	1.3	0.0	0.335
7295	1.2	0.0	0.202
7296	1.3	0.0	0.126
7297	1.0	0.0	0.087
7298	1.3	0.0	0.047
7299	1.5	0.0	0.019
7300	1.5	0.0	0.013
7301	1.8	0.0	0.040
7302	2.0	0.0	0.101
7303	2.2	0.0	0.272
7304	3.6	0.0	0.292
7305	3.5	0.0	0.293
7306	3.8	0.0	0.307
7307	3.7	0.0	0.293
7308	3.5	0.0	0.284
7309	3.5	0.0	0.263
7310	3.5	0.0	0.231
7311	3.6	0.0	0.211
7312	3.6	0.0	0.196
7313	3.8	0.0	0.204
7314	4.3	0.0	0.253
7315	4.7	0.0	0.283
7316	4.5	0.0	0.350
7317	4.5	0.0	0.359
7318	4.6	0.0	0.335
7319	4.8	0.0	0.202
7320	5.0	0.0	0.126
7321	3.9	0.0	0.087
7322	4.0	0.0	0.047
7323	4.1	0.0	0.019
7324	4.2	0.0	0.013
7325	4.1	0.0	0.040
7326	3.9	0.0	0.101
7327	4.0	0.0	0.272
7328	5.2	0.0	0.292
7329	4.9	0.0	0.293
7330	4.6	0.0	0.307
7331	4.1	0.0	0.293
7332	3.6	0.0	0.284
7333	3.5	0.0	0.263
7334	3.2	0.0	0.231
7335	3.0	0.0	0.211
7336	3.0	0.0	0.196
7337	3.1	0.0	0.204
7338	3.3	0.0	0.253
7339	3.3	0.0	0.283
7340	3.5	0.0	0.350
7341	3.6	0.0	0.359
7342	3.6	0.0	0.335
7343	3.9	0.0	0.202
7344	3.9	0.0	0.126
7345	2.7	0.0	0.087
7346	2.7	0.0	0.047
7347	2.8	0.0	0.019
7348	2.8	0.0	0.013
7349	2.7	0.0	0.040
7350	2.8	0.0	0.101
7351	2.8	0.0	0.272
7352	3.9	0.0	0.292
7353	3.8	0.0	0.293
7354	3.7	0.0	0.307
7355	3.6	0.0	0.293
7356	3.3	0.0	0.284
7357	3.1	0.0	0.263
7358	3.0	0.0	0.231
7359	2.7	0.0	0.211
7360	2.7	0.0	0.196
7361	2.8	0.0	0.204
7362	2.8	0.0	0.253
7363	2.7	0.0	0.283
7364	2.5	0.0	0.350
7365	2.6	0.0	0.359
7366	2.7	0.0	0.335
7367	2.6	0.0	0.202
7368	2.4	0.0	0.126
7369	0.8	0.0	0.087
7370	0.9	0.0	0.047
7371	1.0	0.0	0.019
7372	1.1	0.0	0.013
7373	1.5	0.0	0.040
7374	1.7	0.0	0.101
7375	1.5	0.0	0.272
7376	2.8	0.0	0.292
7377	2.9	0.0	0.293
7378	2.6	0.0	0.307
7379	2.2	0.0	0.293
7380	1.8	0.0	0.284
7381	1.5	0.0	0.263
7382	1.1	0.0	0.231
7383	1.2	0.0	0.211
7384	1.3	0.0	0.196
7385	1.5	0.0	0.204
7386	1.8	0.0	0.253
7387	2.1	0.0	0.283
7388	2.0	0.0	0.350
7389	2.0	0.0	0.359
7390	2.1	0.0	0.335
7391	2.2	0.0	0.202
7392	2.4	0.0	0.126
7393	1.0	0.0	0.087
7394	1.1	0.0	0.047
7395	1.0	0.0	0.019
7396	1.1	0.0	0.013
7397	1.1	0.0	0.040
7398	1.2	0.0	0.101
7399	1.0	0.0	0.272
7400	2.2	0.0	0.292
7401	2.2	0.0	0.293
7402	2.2	0.0	0.307
7403	2.2	0.0	0.293
7404	2.1	0.0	0.284
7405	1.6	0.0	0.263
7406	1.4	0.0	0.231
7407	1.4	0.0	0.211
7408	1.6	0.0	0.196
7409	1.8	0.0	0.204
7410	2.0	0.0	0.253
7411	2.1	0.0	0.283
7412	2.2	0.0	0.350
7413	2.2	0.0	0.359
7414	2.2	0.0	0.335
7415	2.1	0.0	0.202
7416	1.9	0.0	0.126
7417	0.4	0.0	0.087
7418	0.6	0.0	0.047
7419	0.9	0.0	0.019
7420	0.8	0.0	0.013
7421	0.9	0.0	0.040
7422	1.1	0.0	0.101
7423	0.9	0.0	0.272
7424	2.1	0.0	0.292
7425	2.1	0.0	0.293
7426	2.0	0.0	0.307
7427	2.0	0.0	0.293
7428	2.1	0.0	0.284
7429	1.8	0.0	0.263
7430	1.8	0.0	0.231
7431	1.7	0.0	0.211
7432	1.9	0.0	0.196
7433	2.2	0.0	0.204
7434	2.3	0.0	0.253
7435	2.4	0.0	0.283
7436	2.7	0.0	0.350
7437	3.1	0.0	0.359
7438	3.2	0.0	0.335
7439	3.1	0.0	0.202
7440	3.4	0.0	0.126
7441	2.2	0.0	0.087
7442	2.4	0.0	0.047
7443	2.5	0.0	0.019
7444	2.8	0.0	0.013
7445	3.0	0.0	0.040
7446	3.4	0.0	0.101
7447	3.6	0.0	0.272
7448	4.8	0.0	0.292
7449	4.9	0.0	0.293
7450	4.6	0.0	0.307
7451	4.2	0.0	0.293
7452	3.9	0.0	0.284
7453	3.7	0.0	0.263
7454	3.4	0.0	0.231
7455	3.4	0.0	0.211
7456	3.6	0.0	0.196
7457	4.0	0.0	0.204
7458	4.5	0.0	0.253
7459	4.6	0.0	0.283
7460	4.8	0.0	0.350
7461	5.1	0.0	0.359
7462	5.6	0.0	0.335
7463	5.8	0.0	0.202
7464	6.0	0.0	0.126
7465	4.9	0.0	0.087
7466	5.0	0.0	0.047
7467	5.1	0.0	0.019
7468	5.2	0.0	0.013
7469	5.3	0.0	0.040
7470	5.3	0.0	0.101
7471	5.3	0.0	0.272
7472	6.5	0.0	0.292
7473	6.5	0.0	0.293
7474	6.4	0.0	0.307
7475	6.3	0.0	0.293
7476	6.2	0.0	0.284
7477	5.9	0.0	0.263
7478	5.8	0.0	0.231
7479	5.7	0.0	0.211
7480	5.7	0.0	0.196
7481	5.7	0.0	0.204
7482	5.9	0.0	0.253
7483	5.9	0.0	0.283
7484	5.9	0.0	0.350
7485	5.9	0.0	0.359
7486	5.8	0.0	0.335
7487	6.0	0.0	0.202
7488	6.1	0.0	0.126
7489	4.7	0.0	0.087
7490	4.8	0.0	0.047
7491	4.8	0.0	0.019
7492	5.0	0.0	0.013
7493	4.9	0.0	0.040
7494	4.7	0.0	0.101
7495	4.7	0.0	0.272
7496	6.2	0.0	0.292
7497	6.3	0.0	0.293
7498	5.8	0.0	0.307
7499	5.6	0.0	0.293
7500	5.0	0.0	0.284
7501	4.7	0.0	0.263
7502	4.6	0.0	0.231
7503	4.6	0.0	0.211
7504	4.8	0.0	0.196
7505	5.0	0.0	0.204
7506	5.2	0.0	0.253
7507	5.5	0.0	0.283
7508	5.7	0.0	0.350
7509	6.1	0.0	0.359
7510	6.2	0.0	0.335
7511	6.3	0.0	0.202
7512	6.5	0.0	0.126
7513	5.3	0.0	0.087
7514	5.1	0.0	0.047
7515	5.1	0.0	0.019
7516	5.1	0.0	0.013
7517	5.1	0.0	0.040
7518	5.1	0.0	0.101
7519	5.1	0.0	0.272
7520	6.3	0.0	0.292
7521	6.3	0.0	0.293
7522	6.1	0.0	0.307
7523	5.9	0.0	0.293
7524	5.8	0.0	0.284
7525	5.8	0.0	0.263
7526	5.7	0.0	0.231
7527	5.4	0.0	0.211
7528	5.6	0.0	0.196
7529	5.9	0.0	0.204
7530	5.9	0.0	0.253
7531	5.9	0.0	0.283
7532	5.9	0.0	0.350
7533	6.0	0.0	0.359
7534	6.1	0.0	0.335
7535	5.9	0.0	0.202
7536	6.0	0.0	0.126
7537	4.5	0.0	0.087
7538	4.8	0.0	0.047
7539	5.0	0.0	0.019
7540	4.9	0.0	0.013
7541	4.9	0.0	0.040
7542	4.9	0.0	0.101
7543	4.9	0.0	0.272
7544	6.4	0.0	0.292
7545	6.5	0.0	0.293
7546	6.4	0.0	0.307
7547	6.4	0.0	0.293
7548	6.3	0.0	0.284
7549	6.1	0.0	0.263
7550	5.8	0.0	0.231
7551	5.9	0.0	0.211
7552	6.1	0.0	0.196
7553	6.1	0.0	0.204
7554	6.6	0.0	0.253
7555	6.9	0.0	0.283
7556	6.7	0.0	0.350
7557	6.8	0.0	0.359
7558	7.0	0.0	0.335
7559	7.2	0.0	0.202
7560	7.4	0.0	0.126
7561	6.1	0.0	0.087
7562	6.0	0.0	0.047
7563	6.2	0.0	0.019
7564	6.1	0.0	0.013
7565	6.3	0.0	0.040
7566	6.4	0.0	0.101
7567	6.5	0.0	0.272
7568	8.0	0.0	0.292
7569	8.0	0.0	0.293
7570	8.1	0.0	0.307
7571	8.3	0.0	0.293
7572	8.2	0.0	0.284
7573	8.3	0.0	0.263
7574	8.3	0.0	0.231
7575	8.0	0.0	0.211
7576	7.8	0.0	0.196
7577	8.1	0.0	0.204
7578	8.2	0.0	0.253
7579	7.9	0.0	0.283
7580	7.9	0.0	0.350
7581	8.0	0.0	0.359
7582	8.0	0.0	0.335
7583	8.0	0.0	0.202
7584	8.3	0.0	0.126
7585	6.9	0.0	0.087
7586	7.0	0.0	0.047
7587	7.1	0.0	0.019
7588	7.1	0.0	0.013
7589	6.9	0.0	0.040
7590	6.7	0.0	0.101
7591	6.5	0.0	0.272
7592	7.7	0.0	0.292
7593	7.7	0.0	0.293
7594	7.8	0.0	0.307
7595	7.4	0.0	0.293
7596	7.1	0.0	0.284
7597	6.9	0.0	0.263
7598	6.5	0.0	0.231
7599	6.3	0.0	0.211
7600	6.3	0.0	0.196
7601	6.1	0.0	0.204
7602	6.0	0.0	0.253
7603	6.1	0.0	0.283
7604	6.4	0.0	0.350
7605	6.4	0.0	0.359
7606	6.1	0.0	0.335
7607	6.1	0.0	0.202
7608	6.2	0.0	0.126
7609	4.7	0.0	0.087
7610	4.7	0.0	0.047
7611	4.7	0.0	0.019
7612	4.9	0.0	0.013
7613	5.2	0.0	0.040
7614	5.3	0.0	0.101
7615	5.3	0.0	0.272
7616	6.6	0.0	0.292
7617	6.4	0.0	0.293
7618	6.2	0.0	0.307
7619	5.7	0.0	0.293
7620	5.4	0.0	0.284
7621	5.2	0.0	0.263
7622	4.9	0.0	0.231
7623	4.7	0.0	0.211
7624	4.7	0.0	0.196
7625	5.0	0.0	0.204
7626	5.1	0.0	0.253
7627	5.2	0.0	0.283
7628	5.3	0.0	0.350
7629	5.2	0.0	0.359
7630	5.2	0.0	0.335
7631	5.3	0.0	0.202
7632	5.2	0.0	0.126
7633	4.0	0.0	0.087
7634	4.1	0.0	0.047
7635	4.0	0.0	0.019
7636	4.1	0.0	0.013
7637	4.0	0.0	0.040
7638	3.9	0.0	0.101
7639	4.0	0.0	0.272
7640	5.2	0.0	0.292
7641	4.8	0.0	0.293
7642	4.7	0.0	0.307
7643	4.3	0.0	0.293
7644	4.3	0.0	0.284
7645	4.0	0.0	0.263
7646	3.7	0.0	0.231
7647	3.7	0.0	0.211
7648	3.6	0.0	0.196
7649	3.5	0.0	0.204
7650	3.7	0.0	0.253
7651	4.2	0.0	0.283
7652	4.2	0.0	0.350
7653	4.1	0.0	0.359
7654	4.2	0.0	0.335
7655	4.2	0.0	0.202
7656	4.1	0.0	0.126
7657	2.7	0.0	0.087
7658	2.5	0.0	0.047
7659	2.7	0.0	0.019
7660	2.6	0.0	0.013
7661	2.7	0.0	0.040
7662	2.5	0.0	0.101
7663	2.7	0.0	0.272
7664	4.0	0.0	0.292
7665	3.9	0.0	0.293
7666	3.8	0.0	0.307
7667	3.4	0.0	0.293
7668	3.1	0.0	0.284
7669	2.9	0.0	0.263
7670	2.7	0.0	0.231
7671	2.5	0.0	0.211
7672	2.6	0.0	0.196
7673	2.8	0.0	0.204
7674	3.1	0.0	0.253
7675	3.2	0.0	0.283
7676	3.2	0.0	0.350
7677	3.1	0.0	0.359
7678	3.2	0.0	0.335
7679	3.2	0.0	0.202
7680	3.3	0.0	0.126
7681	1.9	0.0	0.087
7682	2.0	0.0	0.047
7683	1.8	0.0	0.019
7684	1.8	0.0	0.013
7685	1.9	0.0	0.040
7686	1.9	0.0	0.101
7687	1.8	0.0	0.272
7688	3.6	0.0	0.292
7689	3.6	0.0	0.293
7690	3.6	0.0	0.307
7691	3.7	0.0	0.293
7692	3.7	0.0	0.284
7693	3.6	0.0	0.263
7694	3.6	0.0	0.231
7695	3.6	0.0	0.211
7696	3.8	0.0	0.196
7697	3.9	0.0	0.204
7698	4.2	0.0	0.253
7699	4.2	0.0	0.283
7700	4.7	0.0	0.350
7701	4.5	0.0	0.359
7702	4.5	0.0	0.335
7703	4.5	0.0	0.202
7704	4.4	0.0	0.126
7705	3.1	0.0	0.087
7706	3.2	0.0	0.047
7707	3.2	0.0	0.019
7708	3.5	0.0	0.013
7709	3.4	0.0	0.040
7710	3.4	0.0	0.101
7711	3.4	0.0	0.272
7712	4.8	0.0	0.292
7713	4.8	0.0	0.293
7714	4.7	0.0	0.307
7715	4.5	0.0	0.293
7716	4.1	0.0	0.284
7717	3.8	0.0	0.263
7718	3.7	0.0	0.231
7719	3.9	0.0	0.211
7720	3.9	0.0	0.196
7721	4.2	0.0	0.204
7722	4.4	0.0	0.253
7723	4.5	0.0	0.283
7724	4.9	0.0	0.350
7725	5.1	0.0	0.359
7726	5.2	0.0	0.335
7727	5.2	0.0	0.202
7728	5.4	0.0	0.126
7729	4.3	0.0	0.087
7730	4.4	0.0	0.047
7731	4.7	0.0	0.019
7732	4.8	0.0	0.013
7733	5.0	0.0	0.040
7734	5.3	0.0	0.101
7735	5.5	0.0	0.272
7736	6.8	0.0	0.292
7737	6.8	0.0	0.293
7738	6.4	0.0	0.307
7739	6.2	0.0	0.293
7740	5.9	0.0	0.284
7741	5.6	0.0	0.263
7742	5.5	0.0	0.231
7743	5.7	0.0	0.211
7744	5.9	0.0	0.196
7745	6.2	0.0	0.204
7746	6.6	0.0	0.253
7747	6.6	0.0	0.283
7748	6.9	0.0	0.350
7749	7.1	0.0	0.359
7750	7.4	0.0	0.335
7751	7.7	0.0	0.202
7752	7.8	0.0	0.126
7753	6.6	0.0	0.087
7754	6.4	0.0	0.047
7755	6.5	0.0	0.019
7756	6.4	0.0	0.013
7757	6.3	0.0	0.040
7758	6.4	0.0	0.101
7759	6.6	0.0	0.272
7760	7.9	0.0	0.292
7761	7.7	0.0	0.293
7762	7.3	0.0	0.307
7763	6.9	0.0	0.293
7764	6.6	0.0	0.284
7765	6.1	0.0	0.263
7766	5.6	0.0	0.231
7767	5.5	0.0	0.211
7768	5.4	0.0	0.196
7769	5.5	0.0	0.204
7770	6.0	0.0	0.253
7771	6.4	0.0	0.283
7772	6.4	0.0	0.350
7773	6.5	0.0	0.359
7774	6.5	0.0	0.335
7775	6.6	0.0	0.202
7776	6.8	0.0	0.126
7777	5.6	0.0	0.087
7778	5.4	0.0	0.047
7779	5.5	0.0	0.019
7780	5.7	0.0	0.013
7781	5.7	0.0	0.040
7782	5.8	0.0	0.101
7783	5.7	0.0	0.272
7784	6.9	0.0	0.292
7785	6.8	0.0	0.293
7786	6.4	0.0	0.307
7787	5.9	0.0	0.293
7788	5.5	0.0	0.284
7789	5.2	0.0	0.263
7790	5.2	0.0	0.231
7791	5.2	0.0	0.211
7792	5.2	0.0	0.196
7793	5.4	0.0	0.204
7794	5.8	0.0	0.253
7795	6.0	0.0	0.283
7796	6.3	0.0	0.350
7797	6.2	0.0	0.359
7798	6.5	0.0	0.335
7799	6.6	0.0	0.202
7800	6.7	0.0	0.126
7801	5.3	0.0	0.087
7802	5.3	0.0	0.047
7803	5.2	0.0	0.019
7804	5.3	0.0	0.013
7805	5.4	0.0	0.040
7806	5.5	0.0	0.101
7807	5.7	0.0	0.272
7808	7.0	0.0	0.292
7809	6.8	0.0	0.293
7810	6.7	0.0	0.307
7811	6.2	0.0	0.293
7812	5.8	0.0	0.284
7813	5.1	0.0	0.263
7814	4.8	0.0	0.231
7815	4.7	0.0	0.211
7816	4.8	0.0	0.196
7817	4.8	0.0	0.204
7818	4.9	0.0	0.253
7819	4.8	0.0	0.283
7820	5.3	0.0	0.350
7821	5.5	0.0	0.359
7822	5.6	0.0	0.335
7823	5.5	0.0	0.202
7824	5.6	0.0	0.126
7825	4.2	0.0	0.087
7826	4.2	0.0	0.047
7827	4.2	0.0	0.019
7828	4.1	0.0	0.013
7829	4.1	0.0	0.040
7830	4.2	0.0	0.101
7831	4.2	0.0	0.272
7832	5.4	0.0	0.292
7833	5.4	0.0	0.293
7834	5.3	0.0	0.307
7835	5.2	0.0	0.293
7836	4.8	0.0	0.284
7837	4.4	0.0	0.263
7838	4.1	0.0	0.231
7839	4.0	0.0	0.211
7840	4.0	0.0	0.196
7841	3.9	0.0	0.204
7842	4.1	0.0	0.253
7843	4.0	0.0	0.283
7844	4.1	0.0	0.350
7845	4.1	0.0	0.359
7846	4.2	0.0	0.335
7847	4.0	0.0	0.202
7848	3.9	0.0	0.126
7849	2.5	0.0	0.087
7850	2.6	0.0	0.047
7851	2.7	0.0	0.019
7852	2.7	0.0	0.013
7853	3.0	0.0	0.040
7854	2.8	0.0	0.101
7855	2.9	0.0	0.272
7856	4.5	0.0	0.292
7857	4.5	0.0	0.293
7858	4.3	0.0	0.307
7859	3.9	0.0	0.293
7860	3.6	0.0	0.284
7861	3.5	0.0	0.263
7862	3.4	0.0	0.231
7863	3.3	0.0	0.211
7864	3.4	0.0	0.196
7865	3.7	0.0	0.204
7866	4.0	0.0	0.253
7867	4.2	0.0	0.283
7868	4.6	0.0	0.350
7869	5.0	0.0	0.359
7870	5.1	0.0	0.335
7871	5.5	0.0	0.202
7872	5.5	0.0	0.126
7873	4.3	0.0	0.087
7874	4.4	0.0	0.047
7875	4.4	0.0	0.019
7876	4.4	0.0	0.013
7877	4.6	0.0	0.040
7878	4.6	0.0	0.101
7879	4.6	0.0	0.272
7880	6.1	0.0	0.292
7881	5.9	0.0	0.293
7882	5.8	0.0	0.307
7883	5.5	0.0	0.293
7884	5.3	0.0	0.284
7885	5.2	0.0	0.263
7886	5.1	0.0	0.231
7887	5.1	0.0	0.211
7888	4.9	0.0	0.196
7889	5.0	0.0	0.204
7890	5.2	0.0	0.253
7891	5.4	0.0	0.283
7892	5.7	0.0	0.350
7893	5.9	0.0	0.359
7894	6.1	0.0	0.335
7895	6.0	0.0	0.202
7896	5.9	0.0	0.126
7897	4.3	0.0	0.087
7898	4.3	0.0	0.047
7899	4.3	0.0	0.019
7900	4.3	0.0	0.013
7901	4.3	0.0	0.040
7902	4.3	0.0	0.101
7903	4.4	0.0	0.272
7904	5.9	0.0	0.292
7905	5.3	0.0	0.293
7906	4.9	0.0	0.307
7907	4.6	0.0	0.293
7908	4.3	0.0	0.284
7909	3.9	0.0	0.263
7910	3.7	0.0	0.231
7911	3.8	0.0	0.211
7912	4.0	0.0	0.196
7913	4.2	0.0	0.204
7914	4.5	0.0	0.253
7915	4.6	0.0	0.283
7916	4.6	0.0	0.350
7917	4.5	0.0	0.359
7918	4.4	0.0	0.335
7919	4.5	0.0	0.202
7920	4.3	0.0	0.126
7921	3.0	0.0	0.087
7922	3.0	0.0	0.047
7923	3.1	0.0	0.019
7924	3.2	0.0	0.013
7925	3.6	0.0	0.040
7926	3.7	0.0	0.101
7927	3.8	0.0	0.272
7928	5.3	0.0	0.292
7929	5.1	0.0	0.293
7930	4.9	0.0	0.307
7931	4.5	0.0	0.293
7932	4.1	0.0	0.284
7933	3.8	0.0	0.263
7934	3.9	0.0	0.231
7935	3.8	0.0	0.211
7936	3.8	0.0	0.196
7937	3.9	0.0	0.204
7938	4.2	0.0	0.253
7939	4.1	0.0	0.283
7940	4.3	0.0	0.350
7941	4.3	0.0	0.359
7942	4.7	0.0	0.335
7943	4.7	0.0	0.202
7944	5.0	0.0	0.126
7945	4.0	0.0	0.087
7946	4.1	0.0	0.047
7947	4.2	0.0	0.019
7948	4.3	0.0	0.013
7949	4.5	0.0	0.040
7950	4.7	0.0	0.101
7951	4.7	0.0	0.272
7952	5.9	0.0	0.292
7953	6.0	0.0	0.293
7954	5.7	0.0	0.307
7955	5.3	0.0	0.293
7956	5.1	0.0	0.284
7957	4.7	0.0	0.263
7958	4.4	0.0	0.231
7959	4.3	0.0	0.211
7960	4.4	0.0	0.196
7961	4.6	0.0	0.204
7962	4.9	0.0	0.253
7963	5.0	0.0	0.283
7964	5.1	0.0	0.350
7965	5.0	0.0	0.359
7966	5.1	0.0	0.335
7967	5.0	0.0	0.202
7968	5.0	0.0	0.126
7969	4.0	0.0	0.087
7970	4.2	0.0	0.047
7971	4.2	0.0	0.019
7972	4.4	0.0	0.013
7973	4.5	0.0	0.040
7974	4.4	0.0	0.101
7975	4.5	0.0	0.272
7976	5.8	0.0	0.292
7977	5.6	0.0	0.293
7978	5.3	0.0	0.307
7979	4.7	0.0	0.293
7980	4.2	0.0	0.284
7981	3.8	0.0	0.263
7982	3.7	0.0	0.231
7983	3.8	0.0	0.211
7984	4.2	0.0	0.196
7985	4.3	0.0	0.204
7986	4.6	0.0	0.253
7987	5.0	0.0	0.283
7988	5.2	0.0	0.350
7989	5.4	0.0	0.359
7990	5.9	0.0	0.335
7991	5.9	0.0	0.202
7992	6.2	0.0	0.126
7993	4.9	0.0	0.087
7994	5.0	0.0	0.047
7995	5.0	0.0	0.019
7996	5.3	0.0	0.013
7997	5.4	0.0	0.040
7998	5.5	0.0	0.101
7999	5.8	0.0	0.272
8000	7.2	0.0	0.292
8001	7.0	0.0	0.293
8002	6.8	0.0	0.307
8003	6.5	0.0	0.293
8004	6.1	0.0	0.284
8005	5.9	0.0	0.263
8006	5.7	0.0	0.231
8007	5.9	0.0	0.211
8008	6.1	0.0	0.196
8009	6.3	0.0	0.204
8010	6.8	0.0	0.253
8011	7.3	0.0	0.283
8012	7.3	0.0	0.350
8013	7.4	0.0	0.359
8014	7.8	0.0	0.335
8015	8.0	0.0	0.202
8016	8.1	0.0	0.126
8017	7.3	0.0	0.087
8018	7.3	0.0	0.047
8019	7.5	0.0	0.019
8020	7.4	0.0	0.013
8021	7.6	0.0	0.040
8022	8.0	0.0	0.101
8023	8.3	0.0	0.272
8024	9.7	0.0	0.292
8025	9.9	0.0	0.293
8026	9.6	0.0	0.307
8027	9.4	0.0	0.293
8028	9.3	0.0	0.284
8029	9.1	0.0	0.263
8030	8.9	0.0	0.231
8031	8.8	0.0	0.211
8032	8.6	0.0	0.196
8033	8.6	0.0	0.204
8034	8.6	0.0	0.253
8035	8.7	0.0	0.283
8036	8.9	0.0	0.350
8037	9.3	0.0	0.359
8038	9.7	0.0	0.335
8039	9.8	0.0	0.202
8040	9.7	0.0	0.126
8041	8.2	0.0	0.087
8042	8.1	0.0	0.047
8043	7.8	0.0	0.019
8044	7.7	0.0	0.013
8045	7.6	0.0	0.040
8046	7.7	0.0	0.101
8047	7.4	0.0	0.272
8048	9.0	0.0	0.292
8049	9.0	0.0	0.293
8050	9.1	0.0	0.307
8051	8.8	0.0	0.293
8052	8.5	0.0	0.284
8053	8.2	0.0	0.263
8054	8.2	0.0	0.231
8055	8.0	0.0	0.211
8056	8.0	0.0	0.196
8057	7.8	0.0	0.204
8058	7.8	0.0	0.253
8059	7.8	0.0	0.283
8060	8.0	0.0	0.350
8061	7.9	0.0	0.359
8062	7.9	0.0	0.335
8063	8.1	0.0	0.202
8064	8.1	0.0	0.126
8065	6.3	0.0	0.087
8066	6.3	0.0	0.047
8067	6.2	0.0	0.019
8068	6.3	0.0	0.013
8069	6.3	0.0	0.040
8070	6.3	0.0	0.101
8071	6.0	0.0	0.272
8072	7.7	0.0	0.292
8073	7.6	0.0	0.293
8074	7.4	0.0	0.307
8075	6.9	0.0	0.293
8076	6.7	0.0	0.284
8077	6.5	0.0	0.263
8078	6.7	0.0	0.231
8079	6.7	0.0	0.211
8080	6.8	0.0	0.196
8081	6.9	0.0	0.204
8082	7.0	0.0	0.253
8083	7.2	0.0	0.283
8084	7.4	0.0	0.350
8085	7.2	0.0	0.359
8086	7.3	0.0	0.335
8087	7.3	0.0	0.202
8088	7.3	0.0	0.126
8089	5.9	0.0	0.087
8090	6.0	0.0	0.047
8091	6.3	0.0	0.019
8092	6.2	0.0	0.013
8093	6.6	0.0	0.040
8094	6.7	0.0	0.101
8095	6.4	0.0	0.272
8096	7.9	0.0	0.292
8097	7.9	0.0	0.293
8098	7.9	0.0	0.307
8099	7.5	0.0	0.293
8100	7.5	0.0	0.284
8101	7.3	0.0	0.263
8102	7.3	0.0	0.231
8103	7.8	0.0	0.211
8104	7.9	0.0	0.196
8105	8.1	0.0	0.204
8106	8.4	0.0	0.253
8107	8.6	0.0	0.283
8108	8.6	0.0	0.350
8109	8.9	0.0	0.359
8110	8.9	0.0	0.335
8111	9.0	0.0	0.202
8112	9.3	0.0	0.126
8113	7.5	0.0	0.087
8114	7.2	0.0	0.047
8115	7.0	0.0	0.019
8116	6.6	0.0	0.013
8117	6.6	0.0	0.040
8118	6.7	0.0	0.101
8119	6.4	0.0	0.272
8120	7.8	0.0	0.292
8121	7.7	0.0	0.293
8122	7.5	0.0	0.307
8123	7.2	0.0	0.293
8124	6.9	0.0	0.284
8125	6.7	0.0	0.263
8126	6.2	0.0	0.231
8127	6.1	0.0	0.211
8128	6.1	0.0	0.196
8129	6.1	0.0	0.204
8130	5.9	0.0	0.253
8131	6.0	0.0	0.283
8132	5.9	0.0	0.350
8133	5.8	0.0	0.359
8134	5.5	0.0	0.335
8135	5.4	0.0	0.202
8136	5.4	0.0	0.126
8137	3.6	0.0	0.087
8138	3.5	0.0	0.047
8139	3.4	0.0	0.019
8140	3.6	0.0	0.013
8141	3.7	0.0	0.040
8142	3.5	0.0	0.101
8143	3.5	0.0	0.272
8144	5.1	0.0	0.292
8145	4.8	0.0	0.293
8146	4.7	0.0	0.307
8147	4.5	0.0	0.293
8148	4.6	0.0	0.284
8149	4.3	0.0	0.263
8150	4.0	0.0	0.231
8151	3.7	0.0	0.211
8152	3.7	0.0	0.196
8153	3.9	0.0	0.204
8154	4.0	0.0	0.253
8155	3.8	0.0	0.283
8156	3.9	0.0	0.350
8157	4.2	0.0	0.359
8158	4.5	0.0	0.335
8159	4.7	0.0	0.202
8160	4.8	0.0	0.126
8161	3.1	0.0	0.087
8162	3.4	0.0	0.047
8163	3.6	0.0	0.019
8164	3.8	0.0	0.013
8165	3.9	0.0	0.040
8166	4.0	0.0	0.101
8167	4.0	0.0	0.272
8168	5.6	0.0	0.292
8169	5.4	0.0	0.293
8170	5.4	0.0	0.307
8171	5.2	0.0	0.293
8172	5.1	0.0	0.284
8173	4.9	0.0	0.263
8174	5.1	0.0	0.231
8175	4.9	0.0	0.211
8176	5.0	0.0	0.196
8177	5.1	0.0	0.204
8178	5.4	0.0	0.253
8179	5.5	0.0	0.283
8180	5.8	0.0	0.350
8181	6.0	0.0	0.359
8182	6.0	0.0	0.335
8183	6.1	0.0	0.202
8184	6.1	0.0	0.126
8185	4.7	0.0	0.087
8186	4.9	0.0	0.047
8187	5.1	0.0	0.019
8188	5.3	0.0	0.013
8189	5.9	0.0	0.040
8190	6.3	0.0	0.101
8191	6.5	0.0	0.272
8192	7.9	0.0	0.292
8193	7.4	0.0	0.293
8194	7.4	0.0	0.307
8195	7.2	0.0	0.293
8196	7.0	0.0	0.284
8197	7.2	0.0	0.263
8198	7.1	0.0	0.231
8199	7.3	0.0	0.211
8200	7.7	0.0	0.196
8201	8.0	0.0	0.204
8202	8.6	0.0	0.253
8203	9.1	0.0	0.283
8204	9.5	0.0	0.350
8205	9.8	0.0	0.359
8206	10.4	0.0	0.335
8207	10.8	0.0	0.202
8208	11.2	0.0	0.126
8209	9.6	0.0	0.087
8210	9.7	0.0	0.047
8211	9.9	0.0	0.019
8212	10.1	0.0	0.013
8213	9.9	0.0	0.040
8214	9.7	0.0	0.101
8215	9.9	0.0	0.272
8216	11.4	0.0	0.292
8217	11.4	0.0	0.293
8218	11.1	0.0	0.307
8219	10.8	0.0	0.293
8220	10.7	0.0	0.284
8221	10.6	0.0	0.263
8222	10.2	0.0	0.231
8223	9.9	0.0	0.211
8224	9.9	0.0	0.196
8225	10.1	0.0	0.204
8226	10.0	0.0	0.253
8227	10.0	0.0	0.283
8228	10.3	0.0	0.350
8229	10.3	0.0	0.359
8230	10.4	0.0	0.335
8231	10.5	0.0	0.202
8232	10.4	0.0	0.126
8233	9.1	0.0	0.087
8234	9.2	0.0	0.047
8235	9.1	0.0	0.019
8236	9.2	0.0	0.013
8237	9.3	0.0	0.040
8238	9.4	0.0	0.101
8239	9.5	0.0	0.272
8240	10.9	0.0	0.292
8241	11.1	0.0	0.293
8242	10.9	0.0	0.307
8243	11.0	0.0	0.293
8244	10.7	0.0	0.284
8245	10.9	0.0	0.263
8246	10.9	0.0	0.231
8247	10.7	0.0	0.211
8248	10.7	0.0	0.196
8249	10.9	0.0	0.204
8250	10.9	0.0	0.253
8251	11.0	0.0	0.283
8252	11.4	0.0	0.350
8253	11.0	0.0	0.359
8254	11.1	0.0	0.335
8255	11.3	0.0	0.202
8256	11.1	0.0	0.126
8257	9.7	0.0	0.087
8258	9.8	0.0	0.047
8259	9.6	0.0	0.019
8260	9.8	0.0	0.013
8261	10.0	0.0	0.040
8262	9.9	0.0	0.101
8263	9.8	0.0	0.272
8264	11.2	0.0	0.292
8265	10.9	0.0	0.293
8266	10.6	0.0	0.307
8267	10.3	0.0	0.293
8268	10.2	0.0	0.284
8269	9.9	0.0	0.263
8270	9.7	0.0	0.231
8271	9.5	0.0	0.211
8272	9.5	0.0	0.196
8273	9.8	0.0	0.204
8274	9.8	0.0	0.253
8275	9.7	0.0	0.283
8276	9.5	0.0	0.350
8277	9.6	0.0	0.359
8278	9.8	0.0	0.335
8279	9.7	0.0	0.202
8280	9.9	0.0	0.126
8281	8.3	0.0	0.087
8282	8.1	0.0	0.047
8283	7.9	0.0	0.019
8284	7.9	0.0	0.013
8285	7.9	0.0	0.040
8286	7.9	0.0	0.101
8287	8.0	0.0	0.272
8288	9.6	0.0	0.292
8289	9.8	0.0	0.293
8290	9.7	0.0	0.307
8291	9.4	0.0	0.293
8292	9.3	0.0	0.284
8293	9.1	0.0	0.263
8294	9.2	0.0	0.231
8295	9.0	0.0	0.211
8296	8.9	0.0	0.196
8297	8.9	0.0	0.204
8298	9.1	0.0	0.253
8299	9.0	0.0	0.283
8300	9.1	0.0	0.350
8301	9.2	0.0	0.359
8302	9.4	0.0	0.335
8303	9.3	0.0	0.202
8304	9.3	0.0	0.126
8305	7.8	0.0	0.087
8306	7.9	0.0	0.047
8307	8.2	0.0	0.019
8308	8.2	0.0	0.013
8309	8.4	0.0	0.040
8310	8.1	0.0	0.101
8311	7.8	0.0	0.272
8312	9.1	0.0	0.292
8313	9.2	0.0	0.293
8314	8.9	0.0	0.307
8315	8.5	0.0	0.293
8316	8.1	0.0	0.284
8317	7.7	0.0	0.263
8318	7.3	0.0	0.231
8319	7.2	0.0	0.211
8320	7.2	0.0	0.196
8321	7.4	0.0	0.204
8322	7.6	0.0	0.253
8323	7.7	0.0	0.283
8324	7.7	0.0	0.350
8325	8.0	0.0	0.359
8326	8.2	0.0	0.335
8327	8.1	0.0	0.202
8328	8.1	0.0	0.126
8329	6.5	0.0	0.087
8330	6.5	0.0	0.047
8331	6.2	0.0	0.019
8332	6.1	0.0	0.013
8333	6.4	0.0	0.040
8334	6.6	0.0	0.101
8335	6.8	0.0	0.272
8336	8.3	0.0	0.292
8337	8.1	0.0	0.293
8338	7.8	0.0	0.307
8339	7.5	0.0	0.293
8340	7.3	0.0	0.284
8341	6.9	0.0	0.263
8342	6.7	0.0	0.231
8343	6.6	0.0	0.211
8344	6.6	0.0	0.196
8345	6.8	0.0	0.204
8346	7.0	0.0	0.253
8347	7.1	0.0	0.283
8348	7.4	0.0	0.350
8349	7.2	0.0	0.359
8350	7.3	0.0	0.335
8351	7.3	0.0	0.202
8352	7.4	0.0	0.126
8353	5.7	0.0	0.087
8354	5.7	0.0	0.047
8355	5.7	0.0	0.019
8356	5.6	0.0	0.013
8357	5.4	0.0	0.040
8358	5.6	0.0	0.101
8359	6.0	0.0	0.272
8360	7.6	0.0	0.292
8361	7.2	0.0	0.293
8362	6.7	0.0	0.307
8363	6.6	0.0	0.293
8364	6.1	0.0	0.284
8365	5.8	0.0	0.263
8366	5.8	0.0	0.231
8367	5.6	0.0	0.211
8368	5.8	0.0	0.196
8369	6.2	0.0	0.204
8370	6.3	0.0	0.253
8371	6.5	0.0	0.283
8372	6.6	0.0	0.350
8373	7.0	0.0	0.359
8374	7.3	0.0	0.335
8375	7.5	0.0	0.202
8376	7.7	0.0	0.126
8377	6.3	0.0	0.087
8378	6.4	0.0	0.047
8379	6.2	0.0	0.019
8380	6.2	0.0	0.013
8381	6.4	0.0	0.040
8382	6.5	0.0	0.101
8383	6.5	0.0	0.272
8384	8.2	0.0	0.292
8385	8.3	0.0	0.293
8386	8.0	0.0	0.307
8387	7.8	0.0	0.293
8388	7.5	0.0	0.284
8389	7.4	0.0	0.263
8390	6.8	0.0	0.231
8391	6.7	0.0	0.211
8392	6.7	0.0	0.196
8393	6.9	0.0	0.204
8394	6.9	0.0	0.253
8395	7.1	0.0	0.283
8396	6.9	0.0	0.350
8397	6.8	0.0	0.359
8398	6.7	0.0	0.335
8399	6.8	0.0	0.202
8400	6.6	0.0	0.126
8401	5.1	0.0	0.087
8402	5.1	0.0	0.047
8403	5.2	0.0	0.019
8404	4.9	0.0	0.013
8405	5.1	0.0	0.040
8406	5.0	0.0	0.101
8407	5.1	0.0	0.272
8408	6.8	0.0	0.292
8409	6.7	0.0	0.293
8410	6.3	0.0	0.307
8411	6.0	0.0	0.293
8412	5.8	0.0	0.284
8413	5.8	0.0	0.263
8414	5.7	0.0	0.231
8415	5.6	0.0	0.211
8416	5.4	0.0	0.196
8417	5.5	0.0	0.204
8418	5.7	0.0	0.253
8419	5.6	0.0	0.283
8420	5.8	0.0	0.350
8421	5.7	0.0	0.359
8422	5.8	0.0	0.335
8423	5.8	0.0	0.202
8424	6.0	0.0	0.126
8425	4.1	0.0	0.087
8426	4.1	0.0	0.047
8427	4.3	0.0	0.019
8428	4.3	0.0	0.013
8429	4.5	0.0	0.040
8430	4.5	0.0	0.101
8431	4.4	0.0	0.272
8432	6.0	0.0	0.292
8433	5.7	0.0	0.293
8434	5.4	0.0	0.307
8435	5.2	0.0	0.293
8436	5.0	0.0	0.284
8437	4.9	0.0	0.263
8438	4.8	0.0	0.231
8439	4.7	0.0	0.211
8440	4.7	0.0	0.196
8441	4.7	0.0	0.204
8442	5.1	0.0	0.253
8443	5.2	0.0	0.283
8444	5.3	0.0	0.350
8445	5.4	0.0	0.359
8446	5.2	0.0	0.335
8447	5.1	0.0	0.202
8448	4.8	0.0	0.126
8449	3.4	0.0	0.087
8450	3.7	0.0	0.047
8451	3.6	0.0	0.019
8452	4.0	0.0	0.013
8453	3.9	0.0	0.040
8454	3.7	0.0	0.101
8455	3.8	0.0	0.272
8456	5.3	0.0	0.292
8457	5.3	0.0	0.293
8458	5.0	0.0	0.307
8459	4.6	0.0	0.293
8460	4.3	0.0	0.284
8461	4.0	0.0	0.263
8462	3.8	0.0	0.231
8463	3.6	0.0	0.211
8464	3.9	0.0	0.196
8465	4.2	0.0	0.204
8466	4.3	0.0	0.253
8467	4.5	0.0	0.283
8468	4.7	0.0	0.350
8469	4.7	0.0	0.359
8470	4.8	0.0	0.335
8471	4.9	0.0	0.202
8472	5.0	0.0	0.126
8473	3.6	0.0	0.087
8474	4.1	0.0	0.047
8475	4.0	0.0	0.019
8476	4.1	0.0	0.013
8477	4.2	0.0	0.040
8478	4.4	0.0	0.101
8479	4.7	0.0	0.272
8480	6.2	0.0	0.292
8481	6.2	0.0	0.293
8482	6.1	0.0	0.307
8483	6.0	0.0	0.293
8484	5.9	0.0	0.284
8485	5.6	0.0	0.263
8486	5.7	0.0	0.231
8487	5.7	0.0	0.211
8488	5.8	0.0	0.196
8489	6.1	0.0	0.204
8490	6.3	0.0	0.253
8491	6.5	0.0	0.283
8492	6.9	0.0	0.350
8493	7.0	0.0	0.359
8494	7.4	0.0	0.335
8495	7.5	0.0	0.202
8496	7.7	0.0	0.126
8497	6.1	0.0	0.087
8498	6.1	0.0	0.047
8499	6.1	0.0	0.019
8500	5.9	0.0	0.013
8501	6.1	0.0	0.040
8502	6.2	0.0	0.101
8503	6.1	0.0	0.272
8504	7.8	0.0	0.292
8505	7.7	0.0	0.293
8506	7.5	0.0	0.307
8507	6.9	0.0	0.293
8508	6.7	0.0	0.284
8509	6.6	0.0	0.263
8510	6.3	0.0	0.231
8511	6.3	0.0	0.211
8512	6.1	0.0	0.196
8513	6.3	0.0	0.204
8514	6.5	0.0	0.253
8515	6.5	0.0	0.283
8516	6.6	0.0	0.350
8517	6.4	0.0	0.359
8518	6.1	0.0	0.335
8519	6.1	0.0	0.202
8520	5.9	0.0	0.126
8521	4.5	0.0	0.087
8522	4.6	0.0	0.047
8523	4.7	0.0	0.019
8524	4.7	0.0	0.013
8525	4.8	0.0	0.040
8526	4.7	0.0	0.101
8527	4.7	0.0	0.272
8528	6.4	0.0	0.292
8529	6.2	0.0	0.293
8530	5.7	0.0	0.307
8531	5.7	0.0	0.293
8532	5.7	0.0	0.284
8533	5.5	0.0	0.263
8534	5.8	0.0	0.231
8535	5.7	0.0	0.211
8536	6.0	0.0	0.196
8537	5.9	0.0	0.204
8538	6.1	0.0	0.253
8539	6.0	0.0	0.283
8540	6.1	0.0	0.350
8541	6.2	0.0	0.359
8542	6.1	0.0	0.335
8543	6.1	0.0	0.202
8544	6.3	0.0	0.126
8545	5.0	0.0	0.087
8546	5.2	0.0	0.047
8547	5.2	0.0	0.019
8548	5.3	0.0	0.013
8549	5.4	0.0	0.040
8550	5.7	0.0	0.101
8551	5.7	0.0	0.272
8552	7.3	0.0	0.292
8553	7.1	0.0	0.293
8554	6.8	0.0	0.307
8555	6.4	0.0	0.293
8556	6.2	0.0	0.284
8557	6.0	0.0	0.263
8558	5.8	0.0	0.231
8559	6.3	0.0	0.211
8560	6.7	0.0	0.196
8561	6.9	0.0	0.204
8562	7.2	0.0	0.253
8563	7.0	0.0	0.283
8564	7.1	0.0	0.350
8565	7.0	0.0	0.359
8566	7.3	0.0	0.335
8567	7.3	0.0	0.202
8568	7.4	0.0	0.126
8569	5.8	0.0	0.087
8570	5.9	0.0	0.047
8571	6.0	0.0	0.019
8572	6.1	0.0	0.013
8573	6.0	0.0	0.040
8574	6.2	0.0	0.101
8575	6.3	0.0	0.272
8576	7.9	0.0	0.292
8577	7.6	0.0	0.293
8578	7.4	0.0	0.307
8579	7.1	0.0	0.293
8580	6.4	0.0	0.284
8581	6.1	0.0	0.263
8582	5.9	0.0	0.231
8583	5.6	0.0	0.211
8584	5.7	0.0	0.196
8585	5.9	0.0	0.204
8586	6.1	0.0	0.253
8587	6.3	0.0	0.283
8588	6.9	0.0	0.350
8589	6.8	0.0	0.359
8590	6.7	0.0	0.335
8591	6.8	0.0	0.202
8592	6.9	0.0	0.126
8593	5.4	0.0	0.087
8594	5.1	0.0	0.047
8595	5.1	0.0	0.019
8596	4.9	0.0	0.013
8597	4.9	0.0	0.040
8598	4.7	0.0	0.101
8599	4.7	0.0	0.272
8600	6.1	0.0	0.292
8601	5.9	0.0	0.293
8602	5.8	0.0	0.307
8603	5.4	0.0	0.293
8604	4.9	0.0	0.284
8605	4.7	0.0	0.263
8606	4.4	0.0	0.231
8607	4.4	0.0	0.211
8608	4.5	0.0	0.196
8609	4.8	0.0	0.204
8610	5.2	0.0	0.253
8611	5.3	0.0	0.283
8612	5.2	0.0	0.350
8613	5.1	0.0	0.359
8614	5.1	0.0	0.335
8615	5.3	0.0	0.202
8616	5.4	0.0	0.126
8617	4.0	0.0	0.087
8618	3.7	0.0	0.047
8619	3.6	0.0	0.019
8620	3.8	0.0	0.013
8621	3.9	0.0	0.040
8622	4.0	0.0	0.101
8623	3.8	0.0	0.272
8624	5.4	0.0	0.292
8625	5.4	0.0	0.293
8626	5.0	0.0	0.307
8627	4.5	0.0	0.293
8628	4.2	0.0	0.284
8629	3.9	0.0	0.263
8630	3.8	0.0	0.231
8631	3.6	0.0	0.211
8632	3.9	0.0	0.196
8633	4.1	0.0	0.204
8634	4.5	0.0	0.253
8635	4.7	0.0	0.283
8636	4.8	0.0	0.350
8637	5.1	0.0	0.359
8638	5.2	0.0	0.335
8639	5.5	0.0	0.202
8640	5.8	0.0	0.126
8641	4.5	0.0	0.087
8642	4.5	0.0	0.047
8643	4.4	0.0	0.019
8644	4.4	0.0	0.013
8645	4.3	0.0	0.040
8646	4.5	0.0	0.101
8647	4.5	0.0	0.272
8648	6.2	0.0	0.292
8649	6.0	0.0	0.293
8650	5.8	0.0	0.307
8651	5.5	0.0	0.293
8652	5.0	0.0	0.284
8653	4.7	0.0	0.263
8654	4.5	0.0	0.231
8655	4.3	0.0	0.211
8656	4.1	0.0	0.196
8657	4.4	0.0	0.204
8658	4.6	0.0	0.253
8659	4.6	0.0	0.283
8660	4.4	0.0	0.350
8661	4.5	0.0	0.359
8662	4.6	0.0	0.335
8663	4.6	0.0	0.202
8664	4.8	0.0	0.126
8665	3.2	0.0	0.087
8666	3.1	0.0	0.047
8667	2.8	0.0	0.019
8668	2.8	0.0	0.013
8669	2.7	0.0	0.040
8670	2.7	0.0	0.101
8671	2.7	0.0	0.272
8672	4.3	0.0	0.292
8673	4.3	0.0	0.293
8674	4.3	0.0	0.307
8675	4.0	0.0	0.293
8676	3.8	0.0	0.284
8677	3.7	0.0	0.263
8678	3.4	0.0	0.231
8679	3.5	0.0	0.211
8680	3.5	0.0	0.196
8681	3.4	0.0	0.204
8682	3.1	0.0	0.253
8683	3.1	0.0	0.283
8684	3.0	0.0	0.350
8685	2.8	0.0	0.359
8686	2.8	0.0	0.335
8687	2.7	0.0	0.202
8688	2.7	0.0	0.126
8689	1.2	0.0	0.087
8690	1.3	0.0	0.047
8691	1.4	0.0	0.019
8692	1.2	0.0	0.013
8693	1.4	0.0	0.040
8694	1.6	0.0	0.101
8695	1.5	0.0	0.272
8696	3.1	0.0	0.292
8697	3.0	0.0	0.293
8698	3.1	0.0	0.307
8699	3.0	0.0	0.293
8700	3.1	0.0	0.284
8701	3.2	0.0	0.263
8702	3.3	0.0	0.231
8703	3.7	0.0	0.211
8704	4.1	0.0	0.196
8705	4.3	0.0	0.204
8706	4.5	0.0	0.253
8707	4.7	0.0	0.283
8708	4.7	0.0	0.350
8709	4.7	0.0	0.359
8710	4.9	0.0	0.335
8711	5.0	0.0	0.202
8712	4.9	0.0	0.126
8713	3.5	0.0	0.087
8714	3.8	0.0	0.047
8715	3.8	0.0	0.019
8716	4.2	0.0	0.013
8717	4.3	0.0	0.040
8718	4.6	0.0	0.101
8719	4.9	0.0	0.272
8720	6.4	0.0	0.292
8721	6.5	0.0	0.293
8722	6.4	0.0	0.307
8723	6.7	0.0	0.293
8724	6.4	0.0	0.284
8725	6.1	0.0	0.263
8726	6.1	0.0	0.231
8727	6.1	0.0	0.211
8728	6.4	0.0	0.196
8729	6.5	0.0	0.204
8730	7.0	0.0	0.253
8731	7.1	0.0	0.283
8732	6.9	0.0	0.350
8733	7.3	0.0	0.359
8734	7.6	0.0	0.335
8735	7.7	0.0	0.202
8736	7.9	0.0	0.126
8737	6.5	0.0	0.087
8738	6.7	0.0	0.047
8739	6.8	0.0	0.019
8740	6.9	0.0	0.013
8741	7.0	0.0	0.040
8742	7.0	0.0	0.101
8743	7.2	0.0	0.272
8744	8.7	0.0	0.292
8745	9.0	0.0	0.293
8746	8.8	0.0	0.307
8747	8.7	0.0	0.293
8748	8.7	0.0	0.284
8749	8.8	0.0	0.263
8750	8.7	0.0	0.231
8751	8.7	0.0	0.211
8752	8.8	0.0	0.196
8753	8.7	0.0	0.204
8754	8.8	0.0	0.253
8755	9.2	0.0	0.283
8756	9.4	0.0	0.350
8757	9.8	0.0	0.359
8758	10.2	0.0	0.335
8759	10.5	0.0	0.202
8760	10.7	0.0	0.126
