# HOY	Heat Demand	Load duration curve	Dhw Demand
# [h]	[kWh / h]	[kWh / h]	[kWh / h]
1	12.9	24.5	0.372
2	13.2	24.3	0.201
3	13.9	23.5	0.079
4	13.6	23.4	0.057
5	13.9	23.3	0.171
6	13.9	23.3	0.429
7	13.6	23.2	1.159
8	16.8	23.1	1.241
9	16.9	22.9	1.246
10	15.9	22.9	1.306
11	16.0	22.8	1.246
12	15.0	22.8	1.208
13	14.6	22.8	1.118
14	14.7	22.7	0.983
15	14.6	22.6	0.896
16	15.1	22.6	0.836
17	16.0	22.5	0.869
18	17.3	22.5	1.078
19	18.4	22.5	1.203
20	18.8	22.4	1.488
21	18.9	22.4	1.528
22	19.6	22.4	1.425
23	20.0	22.4	0.858
24	20.7	22.3	0.537
25	18.1	22.3	0.372
26	17.6	22.2	0.201
27	17.7	22.2	0.079
28	17.7	22.2	0.057
29	17.5	22.2	0.171
30	17.1	22.1	0.429
31	17.5	22.1	1.159
32	21.1	22.0	1.241
33	20.5	22.0	1.246
34	20.1	21.9	1.306
35	19.5	21.9	1.246
36	18.7	21.9	1.208
37	18.3	21.9	1.118
38	18.1	21.8	0.983
39	17.4	21.8	0.896
40	17.8	21.8	0.836
41	18.6	21.8	0.869
42	19.5	21.8	1.078
43	19.6	21.8	1.203
44	19.7	21.6	1.488
45	19.9	21.5	1.528
46	20.0	21.5	1.425
47	20.0	21.5	0.858
48	20.1	21.4	0.537
49	16.8	21.4	0.372
50	16.7	21.3	0.201
51	16.9	21.3	0.079
52	17.3	21.2	0.057
53	17.5	21.2	0.171
54	17.2	21.2	0.429
55	17.8	21.2	1.159
56	20.8	21.2	1.241
57	20.6	21.1	1.246
58	20.7	21.1	1.306
59	20.1	21.1	1.246
60	20.0	21.1	1.208
61	19.1	21.1	1.118
62	18.6	21.0	0.983
63	18.3	20.9	0.896
64	18.2	20.9	0.836
65	18.5	20.9	0.869
66	19.2	20.8	1.078
67	19.8	20.8	1.203
68	20.3	20.7	1.488
69	20.9	20.7	1.528
70	21.4	20.7	1.425
71	21.8	20.7	0.858
72	22.1	20.6	0.537
73	19.1	20.6	0.372
74	19.1	20.6	0.201
75	18.9	20.5	0.079
76	19.1	20.5	0.057
77	19.0	20.5	0.171
78	18.9	20.5	0.429
79	18.4	20.5	1.159
80	21.0	20.5	1.241
81	20.4	20.4	1.246
82	19.3	20.4	1.306
83	17.6	20.4	1.246
84	16.2	20.4	1.208
85	15.0	20.4	1.118
86	14.5	20.4	0.983
87	14.6	20.3	0.896
88	14.5	20.3	0.836
89	14.8	20.3	0.869
90	14.9	20.3	1.078
91	14.9	20.3	1.203
92	14.5	20.2	1.488
93	15.0	20.2	1.528
94	15.3	20.2	1.425
95	15.4	20.2	0.858
96	15.4	20.2	0.537
97	12.2	20.2	0.372
98	12.3	20.2	0.201
99	13.0	20.2	0.079
100	13.3	20.1	0.057
101	13.8	20.1	0.171
102	14.0	20.1	0.429
103	14.7	20.1	1.159
104	18.1	20.1	1.241
105	18.5	20.1	1.246
106	18.5	20.1	1.306
107	18.8	20.0	1.246
108	18.9	20.0	1.208
109	19.0	20.0	1.118
110	19.4	20.0	0.983
111	20.5	20.0	0.896
112	20.4	20.0	0.836
113	21.3	20.0	0.869
114	22.2	20.0	1.078
115	22.3	20.0	1.203
116	21.9	19.9	1.488
117	22.5	19.9	1.528
118	23.3	19.9	1.425
119	24.3	19.9	0.858
120	24.5	19.9	0.537
121	21.8	19.9	0.372
122	21.8	19.9	0.201
123	21.3	19.9	0.079
124	21.2	19.9	0.057
125	20.2	19.8	0.171
126	19.4	19.8	0.429
127	19.2	19.8	1.159
128	22.2	19.8	1.241
129	21.9	19.8	1.246
130	21.1	19.8	1.306
131	19.9	19.8	1.246
132	18.8	19.8	1.208
133	17.3	19.7	1.118
134	16.2	19.7	0.983
135	15.7	19.7	0.896
136	15.0	19.6	0.836
137	15.0	19.6	0.869
138	15.4	19.6	1.078
139	14.8	19.6	1.203
140	14.7	19.6	1.488
141	14.9	19.6	1.528
142	14.9	19.6	1.425
143	14.9	19.6	0.858
144	14.8	19.5	0.537
145	11.3	19.5	0.372
146	11.6	19.5	0.201
147	11.7	19.5	0.079
148	11.9	19.5	0.057
149	12.5	19.5	0.171
150	12.2	19.4	0.429
151	12.3	19.4	1.159
152	15.9	19.4	1.241
153	15.6	19.3	1.246
154	14.6	19.3	1.306
155	14.2	19.3	1.246
156	13.5	19.3	1.208
157	13.0	19.3	1.118
158	11.9	19.3	0.983
159	11.4	19.3	0.896
160	11.4	19.2	0.836
161	12.4	19.2	0.869
162	13.1	19.2	1.078
163	14.1	19.2	1.203
164	14.3	19.2	1.488
165	15.1	19.2	1.528
166	15.3	19.2	1.425
167	16.3	19.2	0.858
168	16.5	19.2	0.537
169	13.5	19.2	0.372
170	13.4	19.2	0.201
171	13.6	19.2	0.079
172	13.0	19.1	0.057
173	12.8	19.1	0.171
174	12.1	19.1	0.429
175	12.1	19.1	1.159
176	15.2	19.1	1.241
177	15.1	19.1	1.246
178	14.8	19.1	1.306
179	13.9	19.1	1.246
180	13.2	19.1	1.208
181	13.5	19.1	1.118
182	13.1	19.0	0.983
183	13.4	19.0	0.896
184	13.3	19.0	0.836
185	13.2	19.0	0.869
186	13.3	19.0	1.078
187	13.7	19.0	1.203
188	12.9	19.0	1.488
189	12.5	19.0	1.528
190	12.4	18.9	1.425
191	11.8	18.9	0.858
192	11.4	18.9	0.537
193	7.4	18.9	0.372
194	7.5	18.9	0.201
195	7.9	18.9	0.079
196	8.0	18.9	0.057
197	7.5	18.9	0.171
198	7.0	18.9	0.429
199	7.5	18.9	1.159
200	10.6	18.9	1.241
201	10.9	18.9	1.246
202	10.1	18.8	1.306
203	9.9	18.8	1.246
204	10.1	18.8	1.208
205	9.9	18.8	1.118
206	9.1	18.8	0.983
207	8.3	18.8	0.896
208	8.0	18.8	0.836
209	8.1	18.8	0.869
210	7.9	18.8	1.078
211	8.0	18.8	1.203
212	8.0	18.8	1.488
213	7.9	18.8	1.528
214	7.9	18.7	1.425
215	7.8	18.7	0.858
216	7.3	18.7	0.537
217	4.2	18.7	0.372
218	4.5	18.7	0.201
219	4.8	18.7	0.079
220	5.2	18.7	0.057
221	5.6	18.7	0.171
222	6.1	18.7	0.429
223	6.7	18.7	1.159
224	10.2	18.6	1.241
225	10.1	18.6	1.246
226	10.4	18.6	1.306
227	10.4	18.6	1.246
228	10.2	18.6	1.208
229	9.9	18.6	1.118
230	10.1	18.6	0.983
231	9.9	18.5	0.896
232	10.9	18.5	0.836
233	11.5	18.5	0.869
234	12.5	18.5	1.078
235	12.5	18.5	1.203
236	13.3	18.5	1.488
237	14.2	18.5	1.528
238	15.3	18.5	1.425
239	16.1	18.4	0.858
240	16.7	18.4	0.537
241	14.0	18.4	0.372
242	14.1	18.4	0.201
243	14.1	18.4	0.079
244	14.1	18.4	0.057
245	14.1	18.4	0.171
246	13.9	18.4	0.429
247	13.9	18.4	1.159
248	16.8	18.4	1.241
249	17.1	18.3	1.246
250	16.3	18.3	1.306
251	16.4	18.3	1.246
252	15.0	18.3	1.208
253	14.7	18.3	1.118
254	13.7	18.3	0.983
255	13.9	18.2	0.896
256	14.4	18.2	0.836
257	15.6	18.2	0.869
258	15.5	18.2	1.078
259	15.8	18.2	1.203
260	16.4	18.2	1.488
261	16.8	18.2	1.528
262	17.4	18.2	1.425
263	17.3	18.2	0.858
264	17.5	18.2	0.537
265	14.2	18.2	0.372
266	14.5	18.1	0.201
267	14.4	18.1	0.079
268	14.4	18.1	0.057
269	14.0	18.1	0.171
270	14.3	18.1	0.429
271	14.0	18.1	1.159
272	17.5	18.1	1.241
273	17.6	18.1	1.246
274	17.0	18.0	1.306
275	16.4	18.0	1.246
276	15.4	18.0	1.208
277	14.6	18.0	1.118
278	14.1	18.0	0.983
279	13.7	18.0	0.896
280	13.7	18.0	0.836
281	13.6	18.0	0.869
282	13.9	18.0	1.078
283	14.0	18.0	1.203
284	13.9	17.9	1.488
285	14.4	17.9	1.528
286	14.5	17.9	1.425
287	14.5	17.9	0.858
288	14.8	17.9	0.537
289	11.0	17.9	0.372
290	11.0	17.9	0.201
291	10.9	17.9	0.079
292	10.9	17.9	0.057
293	11.1	17.8	0.171
294	11.2	17.8	0.429
295	10.9	17.8	1.159
296	14.1	17.8	1.241
297	14.0	17.8	1.246
298	14.0	17.8	1.306
299	13.2	17.8	1.246
300	12.8	17.8	1.208
301	12.2	17.8	1.118
302	11.9	17.8	0.983
303	11.8	17.8	0.896
304	11.3	17.8	0.836
305	11.9	17.8	0.869
306	11.8	17.8	1.078
307	11.9	17.8	1.203
308	12.1	17.7	1.488
309	12.2	17.7	1.528
310	13.0	17.7	1.425
311	12.9	17.7	0.858
312	13.2	17.7	0.537
313	10.1	17.7	0.372
314	10.0	17.7	0.201
315	10.0	17.6	0.079
316	9.6	17.6	0.057
317	9.4	17.6	0.171
318	9.2	17.6	0.429
319	9.5	17.6	1.159
320	12.9	17.6	1.241
321	13.0	17.6	1.246
322	12.8	17.6	1.306
323	12.5	17.6	1.246
324	12.8	17.6	1.208
325	12.3	17.5	1.118
326	12.0	17.5	0.983
327	11.2	17.5	0.896
328	10.6	17.5	0.836
329	11.2	17.5	0.869
330	11.3	17.5	1.078
331	11.8	17.5	1.203
332	12.1	17.5	1.488
333	12.2	17.5	1.528
334	12.2	17.5	1.425
335	12.6	17.5	0.858
336	12.3	17.5	0.537
337	9.2	17.5	0.372
338	9.4	17.5	0.201
339	9.8	17.5	0.079
340	10.3	17.5	0.057
341	10.5	17.4	0.171
342	10.4	17.4	0.429
343	10.5	17.4	1.159
344	14.3	17.4	1.241
345	14.4	17.4	1.246
346	14.8	17.4	1.306
347	14.3	17.4	1.246
348	13.9	17.4	1.208
349	13.8	17.4	1.118
350	14.2	17.4	0.983
351	14.3	17.4	0.896
352	14.4	17.4	0.836
353	14.9	17.4	0.869
354	15.4	17.3	1.078
355	15.5	17.3	1.203
356	16.1	17.3	1.488
357	16.0	17.3	1.528
358	16.6	17.3	1.425
359	16.5	17.3	0.858
360	16.1	17.3	0.537
361	12.7	17.3	0.372
362	13.0	17.3	0.201
363	13.4	17.3	0.079
364	13.2	17.3	0.057
365	13.1	17.3	0.171
366	13.8	17.3	0.429
367	13.9	17.3	1.159
368	17.4	17.2	1.241
369	17.3	17.2	1.246
370	17.4	17.2	1.306
371	16.3	17.2	1.246
372	15.9	17.2	1.208
373	15.5	17.2	1.118
374	15.1	17.2	0.983
375	15.3	17.2	0.896
376	16.0	17.2	0.836
377	17.2	17.2	0.869
378	17.9	17.1	1.078
379	18.4	17.1	1.203
380	18.8	17.1	1.488
381	19.1	17.1	1.528
382	19.9	17.1	1.425
383	20.6	17.1	0.858
384	21.2	17.1	0.537
385	19.0	17.1	0.372
386	19.2	17.1	0.201
387	19.3	17.1	0.079
388	19.1	17.1	0.057
389	19.1	17.1	0.171
390	18.9	17.1	0.429
391	18.7	17.1	1.159
392	21.8	17.1	1.241
393	20.8	17.1	1.246
394	19.9	17.0	1.306
395	19.0	17.0	1.246
396	18.0	17.0	1.208
397	16.6	17.0	1.118
398	15.4	17.0	0.983
399	15.6	17.0	0.896
400	15.1	17.0	0.836
401	15.0	17.0	0.869
402	15.5	17.0	1.078
403	15.2	17.0	1.203
404	15.2	17.0	1.488
405	16.2	17.0	1.528
406	15.6	17.0	1.425
407	15.7	17.0	0.858
408	15.4	17.0	0.537
409	11.2	16.9	0.372
410	11.7	16.9	0.201
411	12.2	16.9	0.079
412	12.2	16.9	0.057
413	12.3	16.9	0.171
414	12.3	16.9	0.429
415	12.9	16.9	1.159
416	16.4	16.9	1.241
417	16.1	16.9	1.246
418	15.5	16.9	1.306
419	15.6	16.8	1.246
420	15.1	16.8	1.208
421	14.7	16.8	1.118
422	14.7	16.8	0.983
423	14.7	16.8	0.896
424	15.4	16.8	0.836
425	15.6	16.8	0.869
426	15.7	16.8	1.078
427	16.4	16.8	1.203
428	16.5	16.8	1.488
429	17.4	16.8	1.528
430	17.6	16.8	1.425
431	17.5	16.8	0.858
432	17.3	16.8	0.537
433	14.4	16.8	0.372
434	14.8	16.8	0.201
435	15.4	16.7	0.079
436	15.9	16.7	0.057
437	15.4	16.7	0.171
438	15.3	16.7	0.429
439	15.0	16.7	1.159
440	18.4	16.7	1.241
441	18.0	16.7	1.246
442	18.0	16.7	1.306
443	18.2	16.7	1.246
444	17.5	16.7	1.208
445	17.1	16.6	1.118
446	16.6	16.6	0.983
447	15.8	16.6	0.896
448	16.1	16.6	0.836
449	16.1	16.6	0.869
450	15.8	16.6	1.078
451	16.4	16.6	1.203
452	16.8	16.6	1.488
453	17.4	16.6	1.528
454	17.8	16.6	1.425
455	17.5	16.6	0.858
456	17.2	16.6	0.537
457	14.1	16.6	0.372
458	14.8	16.6	0.201
459	14.8	16.6	0.079
460	15.5	16.6	0.057
461	15.4	16.6	0.171
462	15.5	16.5	0.429
463	15.5	16.5	1.159
464	18.9	16.5	1.241
465	18.9	16.5	1.246
466	18.0	16.5	1.306
467	17.5	16.5	1.246
468	16.8	16.5	1.208
469	16.2	16.5	1.118
470	15.8	16.5	0.983
471	15.3	16.5	0.896
472	14.9	16.5	0.836
473	15.1	16.5	0.869
474	14.9	16.4	1.078
475	15.2	16.4	1.203
476	15.7	16.4	1.488
477	15.5	16.4	1.528
478	15.9	16.4	1.425
479	16.0	16.4	0.858
480	16.1	16.4	0.537
481	12.8	16.4	0.372
482	13.6	16.4	0.201
483	13.6	16.4	0.079
484	14.2	16.4	0.057
485	14.2	16.4	0.171
486	14.0	16.4	0.429
487	14.3	16.4	1.159
488	17.3	16.4	1.241
489	17.0	16.4	1.246
490	16.3	16.4	1.306
491	15.8	16.4	1.246
492	14.8	16.4	1.208
493	15.0	16.4	1.118
494	14.4	16.4	0.983
495	14.3	16.4	0.896
496	14.4	16.4	0.836
497	14.4	16.3	0.869
498	15.2	16.3	1.078
499	15.4	16.3	1.203
500	16.2	16.3	1.488
501	16.1	16.3	1.528
502	16.9	16.3	1.425
503	17.1	16.3	0.858
504	17.6	16.3	0.537
505	14.6	16.3	0.372
506	14.3	16.3	0.201
507	14.2	16.3	0.079
508	14.4	16.3	0.057
509	14.7	16.3	0.171
510	15.4	16.3	0.429
511	15.8	16.3	1.159
512	19.2	16.3	1.241
513	18.9	16.3	1.246
514	18.3	16.3	1.306
515	17.6	16.3	1.246
516	17.0	16.3	1.208
517	16.8	16.3	1.118
518	16.4	16.3	0.983
519	16.4	16.2	0.896
520	16.9	16.2	0.836
521	17.1	16.2	0.869
522	17.1	16.2	1.078
523	17.5	16.2	1.203
524	17.3	16.2	1.488
525	17.4	16.2	1.528
526	17.9	16.2	1.425
527	18.4	16.2	0.858
528	19.0	16.2	0.537
529	16.0	16.2	0.372
530	16.0	16.2	0.201
531	16.6	16.2	0.079
532	16.2	16.2	0.057
533	16.4	16.2	0.171
534	16.0	16.2	0.429
535	16.6	16.2	1.159
536	19.8	16.2	1.241
537	19.3	16.2	1.246
538	18.5	16.1	1.306
539	17.6	16.1	1.246
540	16.5	16.1	1.208
541	15.9	16.1	1.118
542	14.8	16.1	0.983
543	14.7	16.1	0.896
544	15.1	16.1	0.836
545	15.3	16.1	0.869
546	15.7	16.1	1.078
547	15.9	16.1	1.203
548	16.1	16.1	1.488
549	16.4	16.1	1.528
550	17.1	16.1	1.425
551	17.5	16.1	0.858
552	18.1	16.1	0.537
553	14.8	16.1	0.372
554	14.7	16.1	0.201
555	14.8	16.1	0.079
556	14.7	16.1	0.057
557	15.4	16.1	0.171
558	15.7	16.1	0.429
559	15.4	16.0	1.159
560	18.3	16.0	1.241
561	17.8	16.0	1.246
562	17.1	16.0	1.306
563	16.8	16.0	1.246
564	16.5	16.0	1.208
565	15.8	16.0	1.118
566	15.5	16.0	0.983
567	15.1	16.0	0.896
568	15.2	16.0	0.836
569	15.5	16.0	0.869
570	15.7	16.0	1.078
571	15.9	16.0	1.203
572	16.3	16.0	1.488
573	16.0	16.0	1.528
574	16.3	16.0	1.425
575	16.2	16.0	0.858
576	15.8	16.0	0.537
577	12.5	15.9	0.372
578	13.0	15.9	0.201
579	13.1	15.9	0.079
580	12.3	15.9	0.057
581	12.1	15.9	0.171
582	12.2	15.9	0.429
583	12.0	15.9	1.159
584	14.8	15.9	1.241
585	14.5	15.9	1.246
586	14.1	15.9	1.306
587	13.4	15.9	1.246
588	12.5	15.9	1.208
589	11.9	15.9	1.118
590	11.7	15.9	0.983
591	11.2	15.9	0.896
592	10.9	15.9	0.836
593	10.9	15.9	0.869
594	10.9	15.9	1.078
595	11.0	15.8	1.203
596	10.8	15.8	1.488
597	11.2	15.8	1.528
598	11.6	15.8	1.425
599	11.9	15.8	0.858
600	12.0	15.8	0.537
601	8.6	15.8	0.372
602	9.3	15.8	0.201
603	9.9	15.8	0.079
604	10.3	15.8	0.057
605	10.8	15.8	0.171
606	10.7	15.8	0.429
607	10.7	15.8	1.159
608	14.0	15.8	1.241
609	14.3	15.8	1.246
610	14.2	15.8	1.306
611	14.0	15.8	1.246
612	14.1	15.8	1.208
613	14.1	15.8	1.118
614	13.6	15.8	0.983
615	13.5	15.8	0.896
616	13.0	15.8	0.836
617	13.9	15.8	0.869
618	14.2	15.7	1.078
619	15.1	15.7	1.203
620	15.3	15.7	1.488
621	16.4	15.7	1.528
622	16.9	15.7	1.425
623	17.0	15.7	0.858
624	17.3	15.7	0.537
625	14.7	15.7	0.372
626	14.9	15.7	0.201
627	14.7	15.7	0.079
628	14.4	15.7	0.057
629	14.4	15.7	0.171
630	14.4	15.7	0.429
631	13.9	15.7	1.159
632	17.0	15.7	1.241
633	16.6	15.7	1.246
634	16.3	15.7	1.306
635	15.2	15.6	1.246
636	14.2	15.6	1.208
637	14.0	15.6	1.118
638	13.8	15.6	0.983
639	13.8	15.6	0.896
640	14.1	15.6	0.836
641	13.9	15.6	0.869
642	14.5	15.6	1.078
643	15.1	15.6	1.203
644	15.2	15.6	1.488
645	15.3	15.6	1.528
646	14.8	15.6	1.425
647	14.6	15.6	0.858
648	14.3	15.6	0.537
649	11.2	15.6	0.372
650	11.8	15.6	0.201
651	11.8	15.6	0.079
652	11.9	15.6	0.057
653	12.3	15.6	0.171
654	12.9	15.5	0.429
655	12.7	15.5	1.159
656	15.9	15.5	1.241
657	15.9	15.5	1.246
658	15.5	15.5	1.306
659	15.2	15.5	1.246
660	14.9	15.5	1.208
661	14.7	15.5	1.118
662	14.8	15.5	0.983
663	14.9	15.5	0.896
664	14.7	15.5	0.836
665	15.5	15.5	0.869
666	16.1	15.5	1.078
667	16.8	15.5	1.203
668	17.6	15.5	1.488
669	18.2	15.5	1.528
670	19.0	15.5	1.425
671	19.8	15.5	0.858
672	20.2	15.5	0.537
673	17.0	15.5	0.372
674	16.4	15.5	0.201
675	16.1	15.5	0.079
676	15.6	15.5	0.057
677	14.2	15.4	0.171
678	13.3	15.4	0.429
679	13.0	15.4	1.159
680	16.2	15.4	1.241
681	16.2	15.4	1.246
682	15.7	15.4	1.306
683	15.0	15.4	1.246
684	14.2	15.4	1.208
685	14.1	15.4	1.118
686	13.8	15.4	0.983
687	13.6	15.4	0.896
688	12.3	15.4	0.836
689	11.7	15.4	0.869
690	11.5	15.4	1.078
691	11.2	15.4	1.203
692	10.7	15.4	1.488
693	9.8	15.4	1.528
694	9.3	15.4	1.425
695	8.5	15.4	0.858
696	8.1	15.4	0.537
697	4.7	15.4	0.372
698	4.5	15.4	0.201
699	5.0	15.4	0.079
700	5.2	15.4	0.057
701	5.4	15.4	0.171
702	5.3	15.3	0.429
703	5.6	15.3	1.159
704	9.3	15.3	1.241
705	9.0	15.3	1.246
706	8.9	15.3	1.306
707	8.9	15.3	1.246
708	8.3	15.3	1.208
709	7.9	15.3	1.118
710	8.1	15.3	0.983
711	8.4	15.3	0.896
712	8.1	15.3	0.836
713	7.9	15.3	0.869
714	7.8	15.3	1.078
715	7.8	15.3	1.203
716	7.4	15.3	1.488
717	7.6	15.3	1.528
718	7.1	15.3	1.425
719	7.4	15.3	0.858
720	7.8	15.3	0.537
721	4.7	15.3	0.372
722	4.3	15.3	0.201
723	4.1	15.3	0.079
724	3.9	15.2	0.057
725	3.7	15.2	0.171
726	3.9	15.2	0.429
727	4.0	15.2	1.159
728	7.4	15.2	1.241
729	7.7	15.2	1.246
730	7.2	15.2	1.306
731	6.4	15.2	1.246
732	6.1	15.2	1.208
733	5.5	15.2	1.118
734	5.0	15.2	0.983
735	5.3	15.2	0.896
736	5.7	15.2	0.836
737	6.1	15.2	0.869
738	7.3	15.2	1.078
739	8.3	15.2	1.203
740	8.7	15.2	1.488
741	8.8	15.2	1.528
742	8.9	15.2	1.425
743	9.5	15.2	0.858
744	10.2	15.2	0.537
745	7.5	15.2	0.372
746	8.0	15.2	0.201
747	8.1	15.1	0.079
748	7.8	15.1	0.057
749	7.9	15.1	0.171
750	8.0	15.1	0.429
751	7.7	15.1	1.159
752	11.3	15.1	1.241
753	11.0	15.1	1.246
754	10.3	15.1	1.306
755	9.5	15.1	1.246
756	9.1	15.1	1.208
757	8.9	15.1	1.118
758	8.5	15.1	0.983
759	8.7	15.1	0.896
760	8.5	15.1	0.836
761	8.9	15.1	0.869
762	9.4	15.1	1.078
763	10.2	15.1	1.203
764	10.9	15.1	1.488
765	11.9	15.1	1.528
766	12.7	15.1	1.425
767	13.6	15.1	0.858
768	13.8	15.1	0.537
769	11.2	15.1	0.372
770	10.9	15.1	0.201
771	11.0	15.1	0.079
772	11.7	15.1	0.057
773	12.2	15.1	0.171
774	12.6	15.1	0.429
775	12.9	15.0	1.159
776	16.0	15.0	1.241
777	16.0	15.0	1.246
778	15.9	15.0	1.306
779	15.6	15.0	1.246
780	15.5	15.0	1.208
781	15.2	15.0	1.118
782	14.9	15.0	0.983
783	15.0	15.0	0.896
784	15.3	15.0	0.836
785	15.7	15.0	0.869
786	16.0	15.0	1.078
787	17.0	15.0	1.203
788	18.0	15.0	1.488
789	18.7	15.0	1.528
790	19.2	15.0	1.425
791	19.6	15.0	0.858
792	19.8	15.0	0.537
793	17.0	15.0	0.372
794	17.4	15.0	0.201
795	17.3	15.0	0.079
796	17.7	15.0	0.057
797	18.1	15.0	0.171
798	18.2	14.9	0.429
799	18.7	14.9	1.159
800	21.2	14.9	1.241
801	21.1	14.9	1.246
802	20.5	14.9	1.306
803	19.8	14.9	1.246
804	18.9	14.9	1.208
805	18.7	14.9	1.118
806	18.0	14.9	0.983
807	17.9	14.9	0.896
808	18.1	14.9	0.836
809	18.4	14.9	0.869
810	18.7	14.9	1.078
811	19.3	14.9	1.203
812	19.6	14.9	1.488
813	19.2	14.9	1.528
814	20.1	14.9	1.425
815	19.6	14.9	0.858
816	19.5	14.9	0.537
817	17.0	14.9	0.372
818	16.9	14.9	0.201
819	16.7	14.9	0.079
820	17.0	14.9	0.057
821	16.2	14.9	0.171
822	15.5	14.9	0.429
823	15.3	14.9	1.159
824	17.8	14.9	1.241
825	17.4	14.8	1.246
826	17.3	14.8	1.306
827	16.3	14.8	1.246
828	15.1	14.8	1.208
829	14.4	14.8	1.118
830	13.5	14.8	0.983
831	13.3	14.8	0.896
832	13.2	14.8	0.836
833	13.1	14.8	0.869
834	13.1	14.8	1.078
835	14.0	14.8	1.203
836	13.9	14.8	1.488
837	14.1	14.8	1.528
838	14.4	14.8	1.425
839	14.8	14.8	0.858
840	14.6	14.8	0.537
841	11.8	14.8	0.372
842	11.5	14.8	0.201
843	11.4	14.8	0.079
844	11.8	14.8	0.057
845	11.8	14.8	0.171
846	11.9	14.8	0.429
847	12.0	14.8	1.159
848	14.8	14.8	1.241
849	14.4	14.8	1.246
850	13.8	14.8	1.306
851	13.4	14.8	1.246
852	12.7	14.8	1.208
853	11.8	14.8	1.118
854	12.1	14.8	0.983
855	12.0	14.8	0.896
856	12.4	14.8	0.836
857	12.7	14.8	0.869
858	13.3	14.8	1.078
859	13.9	14.7	1.203
860	14.7	14.7	1.488
861	14.8	14.7	1.528
862	14.8	14.7	1.425
863	15.0	14.7	0.858
864	14.9	14.7	0.537
865	11.8	14.7	0.372
866	12.2	14.7	0.201
867	12.1	14.7	0.079
868	12.2	14.7	0.057
869	11.5	14.7	0.171
870	11.7	14.7	0.429
871	12.0	14.7	1.159
872	14.5	14.7	1.241
873	14.7	14.7	1.246
874	14.5	14.7	1.306
875	13.8	14.7	1.246
876	13.6	14.7	1.208
877	12.9	14.7	1.118
878	12.5	14.7	0.983
879	12.4	14.7	0.896
880	11.9	14.7	0.836
881	12.0	14.7	0.869
882	12.5	14.7	1.078
883	13.2	14.7	1.203
884	13.5	14.7	1.488
885	13.9	14.7	1.528
886	13.8	14.6	1.425
887	14.6	14.6	0.858
888	14.5	14.6	0.537
889	11.5	14.6	0.372
890	11.3	14.6	0.201
891	11.2	14.6	0.079
892	10.5	14.6	0.057
893	10.9	14.6	0.171
894	10.7	14.6	0.429
895	10.7	14.6	1.159
896	13.2	14.6	1.241
897	13.2	14.6	1.246
898	13.1	14.6	1.306
899	12.6	14.6	1.246
900	12.7	14.6	1.208
901	12.9	14.6	1.118
902	12.8	14.6	0.983
903	12.7	14.6	0.896
904	12.5	14.6	0.836
905	12.4	14.6	0.869
906	12.1	14.6	1.078
907	12.0	14.6	1.203
908	11.8	14.6	1.488
909	12.1	14.6	1.528
910	12.0	14.6	1.425
911	12.2	14.6	0.858
912	12.0	14.5	0.537
913	9.1	14.5	0.372
914	9.4	14.5	0.201
915	9.9	14.5	0.079
916	10.3	14.5	0.057
917	10.3	14.5	0.171
918	11.1	14.5	0.429
919	10.8	14.5	1.159
920	13.4	14.5	1.241
921	13.4	14.5	1.246
922	12.8	14.5	1.306
923	12.8	14.5	1.246
924	11.9	14.5	1.208
925	11.8	14.5	1.118
926	11.7	14.5	0.983
927	11.4	14.5	0.896
928	11.4	14.5	0.836
929	11.4	14.5	0.869
930	12.2	14.5	1.078
931	12.6	14.5	1.203
932	13.2	14.5	1.488
933	13.4	14.5	1.528
934	14.1	14.5	1.425
935	14.5	14.5	0.858
936	14.6	14.5	0.537
937	11.4	14.5	0.372
938	11.9	14.4	0.201
939	11.7	14.4	0.079
940	11.6	14.4	0.057
941	11.8	14.4	0.171
942	12.0	14.4	0.429
943	12.4	14.4	1.159
944	15.4	14.4	1.241
945	15.3	14.4	1.246
946	15.2	14.4	1.306
947	14.6	14.4	1.246
948	13.7	14.4	1.208
949	13.1	14.4	1.118
950	12.7	14.4	0.983
951	13.2	14.4	0.896
952	13.6	14.4	0.836
953	13.6	14.4	0.869
954	13.8	14.4	1.078
955	14.0	14.4	1.203
956	14.7	14.4	1.488
957	14.6	14.4	1.528
958	14.6	14.4	1.425
959	15.0	14.4	0.858
960	15.2	14.4	0.537
961	12.5	14.4	0.372
962	12.8	14.4	0.201
963	12.9	14.3	0.079
964	12.9	14.3	0.057
965	13.0	14.3	0.171
966	13.0	14.3	0.429
967	12.9	14.3	1.159
968	16.1	14.3	1.241
969	15.4	14.3	1.246
970	14.9	14.3	1.306
971	14.5	14.3	1.246
972	14.0	14.3	1.208
973	12.9	14.3	1.118
974	12.7	14.3	0.983
975	12.4	14.3	0.896
976	12.3	14.3	0.836
977	12.7	14.3	0.869
978	13.4	14.3	1.078
979	14.6	14.3	1.203
980	14.8	14.3	1.488
981	15.6	14.3	1.528
982	16.2	14.3	1.425
983	15.8	14.3	0.858
984	16.1	14.3	0.537
985	13.4	14.3	0.372
986	13.4	14.3	0.201
987	13.3	14.3	0.079
988	13.6	14.3	0.057
989	13.5	14.2	0.171
990	13.3	14.2	0.429
991	13.1	14.2	1.159
992	15.9	14.2	1.241
993	15.7	14.2	1.246
994	14.8	14.2	1.306
995	14.6	14.2	1.246
996	14.2	14.2	1.208
997	13.5	14.2	1.118
998	13.1	14.2	0.983
999	13.1	14.2	0.896
1000	13.2	14.2	0.836
1001	13.4	14.2	0.869
1002	13.9	14.2	1.078
1003	14.2	14.2	1.203
1004	14.3	14.2	1.488
1005	14.3	14.2	1.528
1006	15.2	14.2	1.425
1007	15.1	14.2	0.858
1008	14.6	14.2	0.537
1009	11.8	14.2	0.372
1010	11.8	14.2	0.201
1011	12.2	14.2	0.079
1012	12.2	14.2	0.057
1013	11.7	14.2	0.171
1014	11.5	14.1	0.429
1015	11.3	14.1	1.159
1016	13.9	14.1	1.241
1017	13.5	14.1	1.246
1018	13.5	14.1	1.306
1019	12.8	14.1	1.246
1020	12.2	14.1	1.208
1021	12.1	14.1	1.118
1022	11.2	14.1	0.983
1023	10.5	14.1	0.896
1024	10.6	14.1	0.836
1025	10.3	14.1	0.869
1026	10.2	14.1	1.078
1027	10.7	14.1	1.203
1028	11.4	14.1	1.488
1029	11.9	14.1	1.528
1030	11.5	14.1	1.425
1031	11.9	14.1	0.858
1032	11.9	14.1	0.537
1033	8.8	14.1	0.372
1034	9.0	14.1	0.201
1035	9.2	14.1	0.079
1036	9.4	14.1	0.057
1037	9.2	14.1	0.171
1038	9.1	14.1	0.429
1039	9.2	14.1	1.159
1040	12.0	14.0	1.241
1041	12.0	14.0	1.246
1042	12.2	14.0	1.306
1043	12.2	14.0	1.246
1044	12.7	14.0	1.208
1045	12.3	14.0	1.118
1046	12.6	14.0	0.983
1047	12.3	14.0	0.896
1048	12.6	14.0	0.836
1049	13.2	14.0	0.869
1050	13.2	14.0	1.078
1051	13.5	14.0	1.203
1052	13.7	14.0	1.488
1053	13.8	14.0	1.528
1054	14.0	14.0	1.425
1055	13.8	14.0	0.858
1056	13.9	14.0	0.537
1057	10.6	14.0	0.372
1058	10.5	14.0	0.201
1059	10.4	14.0	0.079
1060	10.3	14.0	0.057
1061	10.4	14.0	0.171
1062	10.3	14.0	0.429
1063	10.3	14.0	1.159
1064	13.2	14.0	1.241
1065	12.8	14.0	1.246
1066	12.8	14.0	1.306
1067	12.2	13.9	1.246
1068	12.0	13.9	1.208
1069	11.4	13.9	1.118
1070	10.8	13.9	0.983
1071	10.6	13.9	0.896
1072	11.0	13.9	0.836
1073	10.9	13.9	0.869
1074	10.6	13.9	1.078
1075	10.5	13.9	1.203
1076	10.5	13.9	1.488
1077	10.0	13.9	1.528
1078	9.4	13.9	1.425
1079	9.5	13.9	0.858
1080	9.4	13.9	0.537
1081	6.5	13.9	0.372
1082	6.7	13.9	0.201
1083	6.3	13.9	0.079
1084	6.5	13.9	0.057
1085	6.7	13.9	0.171
1086	6.2	13.9	0.429
1087	6.2	13.9	1.159
1088	8.8	13.9	1.241
1089	7.8	13.9	1.246
1090	7.4	13.9	1.306
1091	6.9	13.9	1.246
1092	6.6	13.9	1.208
1093	6.1	13.9	1.118
1094	5.5	13.9	0.983
1095	5.2	13.9	0.896
1096	5.1	13.9	0.836
1097	5.4	13.9	0.869
1098	6.0	13.9	1.078
1099	6.8	13.8	1.203
1100	7.2	13.8	1.488
1101	7.0	13.8	1.528
1102	7.3	13.8	1.425
1103	7.7	13.8	0.858
1104	8.5	13.8	0.537
1105	5.9	13.8	0.372
1106	6.0	13.8	0.201
1107	6.0	13.8	0.079
1108	6.6	13.8	0.057
1109	6.4	13.8	0.171
1110	6.2	13.8	0.429
1111	6.6	13.8	1.159
1112	9.2	13.8	1.241
1113	9.2	13.8	1.246
1114	9.0	13.8	1.306
1115	8.4	13.8	1.246
1116	7.4	13.8	1.208
1117	6.4	13.8	1.118
1118	6.4	13.8	0.983
1119	7.0	13.8	0.896
1120	7.2	13.8	0.836
1121	7.4	13.8	0.869
1122	7.8	13.8	1.078
1123	8.5	13.8	1.203
1124	9.3	13.8	1.488
1125	9.7	13.8	1.528
1126	10.1	13.8	1.425
1127	10.8	13.8	0.858
1128	11.1	13.7	0.537
1129	8.6	13.7	0.372
1130	8.7	13.7	0.201
1131	9.3	13.7	0.079
1132	9.6	13.7	0.057
1133	10.2	13.7	0.171
1134	10.4	13.7	0.429
1135	10.3	13.7	1.159
1136	13.0	13.7	1.241
1137	12.4	13.7	1.246
1138	12.3	13.7	1.306
1139	11.9	13.7	1.246
1140	11.1	13.7	1.208
1141	10.5	13.7	1.118
1142	10.2	13.7	0.983
1143	10.0	13.7	0.896
1144	10.2	13.7	0.836
1145	10.5	13.7	0.869
1146	11.7	13.7	1.078
1147	11.8	13.7	1.203
1148	12.3	13.7	1.488
1149	12.6	13.7	1.528
1150	13.5	13.6	1.425
1151	13.8	13.6	0.858
1152	14.3	13.6	0.537
1153	11.8	13.6	0.372
1154	11.8	13.6	0.201
1155	12.2	13.6	0.079
1156	12.3	13.6	0.057
1157	12.8	13.6	0.171
1158	12.7	13.6	0.429
1159	12.6	13.6	1.159
1160	15.8	13.6	1.241
1161	16.0	13.6	1.246
1162	15.7	13.6	1.306
1163	15.3	13.6	1.246
1164	15.0	13.6	1.208
1165	14.3	13.6	1.118
1166	14.4	13.6	0.983
1167	14.1	13.6	0.896
1168	13.8	13.6	0.836
1169	13.6	13.6	0.869
1170	14.5	13.6	1.078
1171	15.2	13.6	1.203
1172	15.1	13.6	1.488
1173	15.2	13.6	1.528
1174	15.6	13.6	1.425
1175	16.3	13.6	0.858
1176	16.2	13.6	0.537
1177	13.0	13.6	0.372
1178	13.1	13.6	0.201
1179	13.7	13.6	0.079
1180	13.6	13.6	0.057
1181	14.1	13.6	0.171
1182	14.5	13.6	0.429
1183	14.4	13.6	1.159
1184	17.3	13.6	1.241
1185	16.7	13.5	1.246
1186	16.3	13.5	1.306
1187	16.3	13.5	1.246
1188	15.7	13.5	1.208
1189	15.3	13.5	1.118
1190	14.9	13.5	0.983
1191	14.9	13.5	0.896
1192	14.7	13.5	0.836
1193	15.0	13.5	0.869
1194	15.6	13.5	1.078
1195	15.7	13.5	1.203
1196	16.7	13.5	1.488
1197	17.5	13.5	1.528
1198	17.9	13.5	1.425
1199	17.5	13.5	0.858
1200	17.9	13.5	0.537
1201	15.4	13.5	0.372
1202	16.1	13.5	0.201
1203	16.1	13.5	0.079
1204	16.2	13.5	0.057
1205	15.7	13.5	0.171
1206	15.3	13.5	0.429
1207	15.4	13.5	1.159
1208	18.1	13.4	1.241
1209	18.2	13.4	1.246
1210	17.8	13.4	1.306
1211	17.4	13.4	1.246
1212	17.3	13.4	1.208
1213	17.2	13.4	1.118
1214	17.2	13.4	0.983
1215	16.8	13.4	0.896
1216	17.2	13.4	0.836
1217	17.2	13.4	0.869
1218	17.9	13.4	1.078
1219	18.2	13.4	1.203
1220	18.5	13.4	1.488
1221	18.6	13.4	1.528
1222	18.8	13.4	1.425
1223	18.7	13.4	0.858
1224	19.2	13.4	0.537
1225	16.3	13.4	0.372
1226	15.9	13.4	0.201
1227	15.8	13.4	0.079
1228	15.2	13.4	0.057
1229	14.3	13.4	0.171
1230	13.9	13.4	0.429
1231	13.8	13.4	1.159
1232	16.4	13.4	1.241
1233	16.2	13.4	1.246
1234	15.5	13.4	1.306
1235	14.8	13.4	1.246
1236	14.7	13.4	1.208
1237	14.4	13.4	1.118
1238	13.6	13.4	0.983
1239	13.5	13.3	0.896
1240	13.2	13.3	0.836
1241	13.1	13.3	0.869
1242	12.9	13.3	1.078
1243	12.5	13.3	1.203
1244	12.1	13.3	1.488
1245	12.0	13.3	1.528
1246	11.3	13.3	1.425
1247	11.1	13.3	0.858
1248	10.8	13.3	0.537
1249	7.4	13.3	0.372
1250	7.7	13.3	0.201
1251	7.7	13.3	0.079
1252	7.4	13.3	0.057
1253	7.4	13.3	0.171
1254	7.6	13.3	0.429
1255	7.7	13.3	1.159
1256	10.8	13.3	1.241
1257	10.2	13.3	1.246
1258	9.0	13.3	1.306
1259	8.8	13.3	1.246
1260	7.7	13.3	1.208
1261	7.4	13.3	1.118
1262	7.5	13.3	0.983
1263	7.2	13.3	0.896
1264	7.9	13.2	0.836
1265	8.1	13.2	0.869
1266	8.3	13.2	1.078
1267	9.1	13.2	1.203
1268	9.2	13.2	1.488
1269	9.6	13.2	1.528
1270	10.1	13.2	1.425
1271	10.5	13.2	0.858
1272	10.8	13.2	0.537
1273	7.9	13.2	0.372
1274	8.1	13.2	0.201
1275	8.3	13.2	0.079
1276	8.1	13.2	0.057
1277	8.4	13.2	0.171
1278	8.7	13.2	0.429
1279	8.6	13.2	1.159
1280	12.0	13.2	1.241
1281	11.8	13.2	1.246
1282	11.6	13.2	1.306
1283	10.6	13.2	1.246
1284	10.0	13.2	1.208
1285	9.8	13.2	1.118
1286	9.4	13.2	0.983
1287	8.9	13.2	0.896
1288	8.9	13.2	0.836
1289	9.4	13.2	0.869
1290	10.0	13.2	1.078
1291	10.7	13.2	1.203
1292	10.6	13.2	1.488
1293	10.8	13.2	1.528
1294	11.2	13.2	1.425
1295	11.0	13.1	0.858
1296	11.4	13.1	0.537
1297	8.5	13.1	0.372
1298	8.9	13.1	0.201
1299	9.1	13.1	0.079
1300	10.1	13.1	0.057
1301	10.3	13.1	0.171
1302	10.7	13.1	0.429
1303	11.0	13.1	1.159
1304	14.1	13.1	1.241
1305	14.0	13.1	1.246
1306	13.2	13.1	1.306
1307	12.4	13.1	1.246
1308	11.8	13.1	1.208
1309	11.4	13.1	1.118
1310	11.0	13.1	0.983
1311	10.6	13.1	0.896
1312	10.0	13.1	0.836
1313	10.5	13.1	0.869
1314	11.3	13.1	1.078
1315	12.0	13.1	1.203
1316	12.4	13.1	1.488
1317	12.7	13.1	1.528
1318	12.8	13.1	1.425
1319	13.0	13.1	0.858
1320	12.8	13.1	0.537
1321	10.0	13.1	0.372
1322	10.2	13.1	0.201
1323	10.5	13.0	0.079
1324	10.1	13.0	0.057
1325	10.4	13.0	0.171
1326	10.3	13.0	0.429
1327	9.8	13.0	1.159
1328	12.0	13.0	1.241
1329	11.9	13.0	1.246
1330	11.4	13.0	1.306
1331	10.1	13.0	1.246
1332	8.9	13.0	1.208
1333	8.2	13.0	1.118
1334	7.1	13.0	0.983
1335	7.0	13.0	0.896
1336	7.6	13.0	0.836
1337	7.4	13.0	0.869
1338	8.1	13.0	1.078
1339	8.9	13.0	1.203
1340	9.3	13.0	1.488
1341	9.2	13.0	1.528
1342	9.3	13.0	1.425
1343	9.4	13.0	0.858
1344	9.5	13.0	0.537
1345	6.8	13.0	0.372
1346	7.3	13.0	0.201
1347	7.9	13.0	0.079
1348	8.0	13.0	0.057
1349	7.9	13.0	0.171
1350	7.9	13.0	0.429
1351	8.1	13.0	1.159
1352	11.3	13.0	1.241
1353	11.2	13.0	1.246
1354	10.6	13.0	1.306
1355	10.2	13.0	1.246
1356	9.7	13.0	1.208
1357	9.3	12.9	1.118
1358	9.5	12.9	0.983
1359	9.2	12.9	0.896
1360	9.6	12.9	0.836
1361	10.0	12.9	0.869
1362	10.8	12.9	1.078
1363	11.9	12.9	1.203
1364	12.8	12.9	1.488
1365	13.3	12.9	1.528
1366	13.4	12.9	1.425
1367	14.5	12.9	0.858
1368	14.6	12.9	0.537
1369	12.3	12.9	0.372
1370	12.9	12.9	0.201
1371	12.3	12.9	0.079
1372	12.6	12.9	0.057
1373	12.8	12.9	0.171
1374	12.4	12.9	0.429
1375	12.4	12.9	1.159
1376	15.4	12.9	1.241
1377	15.6	12.9	1.246
1378	15.0	12.9	1.306
1379	14.2	12.9	1.246
1380	13.7	12.9	1.208
1381	13.3	12.9	1.118
1382	12.9	12.9	0.983
1383	12.6	12.9	0.896
1384	12.9	12.9	0.836
1385	13.3	12.9	0.869
1386	14.3	12.9	1.078
1387	15.8	12.9	1.203
1388	16.4	12.9	1.488
1389	17.0	12.9	1.528
1390	17.1	12.8	1.425
1391	17.7	12.8	0.858
1392	18.9	12.8	0.537
1393	16.3	12.8	0.372
1394	16.4	12.8	0.201
1395	16.4	12.8	0.079
1396	16.6	12.8	0.057
1397	16.7	12.8	0.171
1398	16.4	12.8	0.429
1399	16.5	12.8	1.159
1400	18.8	12.8	1.241
1401	18.5	12.8	1.246
1402	17.8	12.8	1.306
1403	16.9	12.8	1.246
1404	15.6	12.8	1.208
1405	14.5	12.8	1.118
1406	13.5	12.8	0.983
1407	13.1	12.8	0.896
1408	12.7	12.8	0.836
1409	12.8	12.8	0.869
1410	13.6	12.8	1.078
1411	14.6	12.8	1.203
1412	14.9	12.8	1.488
1413	14.9	12.8	1.528
1414	15.3	12.8	1.425
1415	15.5	12.8	0.858
1416	15.8	12.8	0.537
1417	9.1	12.8	0.372
1418	9.4	12.8	0.201
1419	9.4	12.8	0.079
1420	9.6	12.7	0.057
1421	9.7	12.7	0.171
1422	9.9	12.7	0.429
1423	9.9	12.7	1.159
1424	12.0	12.7	1.241
1425	11.4	12.7	1.246
1426	10.8	12.7	1.306
1427	10.0	12.7	1.246
1428	8.8	12.7	1.208
1429	8.2	12.7	1.118
1430	7.8	12.7	0.983
1431	7.6	12.7	0.896
1432	7.9	12.7	0.836
1433	8.0	12.7	0.869
1434	8.4	12.7	1.078
1435	8.8	12.7	1.203
1436	9.0	12.7	1.488
1437	9.2	12.7	1.528
1438	9.4	12.7	1.425
1439	9.9	12.7	0.858
1440	10.1	12.7	0.537
1441	7.8	12.7	0.372
1442	8.1	12.7	0.201
1443	8.8	12.7	0.079
1444	8.8	12.7	0.057
1445	9.0	12.7	0.171
1446	9.1	12.7	0.429
1447	9.2	12.7	1.159
1448	11.6	12.7	1.241
1449	11.4	12.6	1.246
1450	10.5	12.6	1.306
1451	10.0	12.6	1.246
1452	9.4	12.6	1.208
1453	8.6	12.6	1.118
1454	8.2	12.6	0.983
1455	8.3	12.6	0.896
1456	8.4	12.6	0.836
1457	8.4	12.6	0.869
1458	9.7	12.6	1.078
1459	10.2	12.6	1.203
1460	11.0	12.6	1.488
1461	11.2	12.6	1.528
1462	11.7	12.6	1.425
1463	12.0	12.6	0.858
1464	12.5	12.6	0.537
1465	10.7	12.6	0.372
1466	10.7	12.6	0.201
1467	10.8	12.6	0.079
1468	10.6	12.6	0.057
1469	10.8	12.6	0.171
1470	10.9	12.6	0.429
1471	11.0	12.6	1.159
1472	13.2	12.6	1.241
1473	13.3	12.6	1.246
1474	13.0	12.6	1.306
1475	12.6	12.6	1.246
1476	12.5	12.6	1.208
1477	12.4	12.6	1.118
1478	12.7	12.6	0.983
1479	12.7	12.6	0.896
1480	12.8	12.6	0.836
1481	13.3	12.6	0.869
1482	13.3	12.5	1.078
1483	13.3	12.5	1.203
1484	13.1	12.5	1.488
1485	13.3	12.5	1.528
1486	13.4	12.5	1.425
1487	13.5	12.5	0.858
1488	13.2	12.5	0.537
1489	10.9	12.5	0.372
1490	10.7	12.5	0.201
1491	10.9	12.5	0.079
1492	10.6	12.5	0.057
1493	10.8	12.5	0.171
1494	10.7	12.5	0.429
1495	10.5	12.5	1.159
1496	12.5	12.5	1.241
1497	12.1	12.5	1.246
1498	11.5	12.5	1.306
1499	10.7	12.5	1.246
1500	10.1	12.5	1.208
1501	9.3	12.5	1.118
1502	8.9	12.5	0.983
1503	9.1	12.5	0.896
1504	9.2	12.5	0.836
1505	10.0	12.5	0.869
1506	10.6	12.5	1.078
1507	11.0	12.5	1.203
1508	11.8	12.5	1.488
1509	11.7	12.5	1.528
1510	12.1	12.5	1.425
1511	12.3	12.5	0.858
1512	12.2	12.5	0.537
1513	10.7	12.5	0.372
1514	11.0	12.5	0.201
1515	10.9	12.5	0.079
1516	10.7	12.5	0.057
1517	10.4	12.5	0.171
1518	10.2	12.5	0.429
1519	10.1	12.5	1.159
1520	11.9	12.5	1.241
1521	11.6	12.5	1.246
1522	11.2	12.5	1.306
1523	10.5	12.5	1.246
1524	9.9	12.5	1.208
1525	9.4	12.5	1.118
1526	9.2	12.5	0.983
1527	9.1	12.5	0.896
1528	9.2	12.5	0.836
1529	9.2	12.5	0.869
1530	9.6	12.4	1.078
1531	9.4	12.4	1.203
1532	9.2	12.4	1.488
1533	9.2	12.4	1.528
1534	9.2	12.4	1.425
1535	9.1	12.4	0.858
1536	9.1	12.4	0.537
1537	7.1	12.4	0.372
1538	6.8	12.4	0.201
1539	7.1	12.4	0.079
1540	7.5	12.4	0.057
1541	7.6	12.4	0.171
1542	7.9	12.4	0.429
1543	7.8	12.4	1.159
1544	9.7	12.4	1.241
1545	9.4	12.4	1.246
1546	9.2	12.4	1.306
1547	8.2	12.4	1.246
1548	8.0	12.4	1.208
1549	7.7	12.4	1.118
1550	7.6	12.4	0.983
1551	7.0	12.4	0.896
1552	7.5	12.4	0.836
1553	7.8	12.4	0.869
1554	8.2	12.3	1.078
1555	9.0	12.3	1.203
1556	9.1	12.3	1.488
1557	9.3	12.3	1.528
1558	9.1	12.3	1.425
1559	9.4	12.3	0.858
1560	9.4	12.3	0.537
1561	7.6	12.3	0.372
1562	7.4	12.3	0.201
1563	7.1	12.3	0.079
1564	6.9	12.3	0.057
1565	6.8	12.3	0.171
1566	7.0	12.3	0.429
1567	7.1	12.3	1.159
1568	9.1	12.3	1.241
1569	9.3	12.3	1.246
1570	9.3	12.3	1.306
1571	9.3	12.3	1.246
1572	8.8	12.3	1.208
1573	8.6	12.3	1.118
1574	8.1	12.3	0.983
1575	8.0	12.3	0.896
1576	8.1	12.3	0.836
1577	7.7	12.3	0.869
1578	7.7	12.3	1.078
1579	7.8	12.3	1.203
1580	8.0	12.3	1.488
1581	8.2	12.3	1.528
1582	8.1	12.3	1.425
1583	8.1	12.3	0.858
1584	8.0	12.3	0.537
1585	6.0	12.3	0.372
1586	6.7	12.3	0.201
1587	6.8	12.3	0.079
1588	6.9	12.3	0.057
1589	6.9	12.3	0.171
1590	7.1	12.2	0.429
1591	7.0	12.2	1.159
1592	9.2	12.2	1.241
1593	9.5	12.2	1.246
1594	9.2	12.2	1.306
1595	8.8	12.2	1.246
1596	8.5	12.2	1.208
1597	8.0	12.2	1.118
1598	8.1	12.2	0.983
1599	7.8	12.2	0.896
1600	8.1	12.2	0.836
1601	8.3	12.2	0.869
1602	9.1	12.2	1.078
1603	9.4	12.2	1.203
1604	9.9	12.2	1.488
1605	10.2	12.2	1.528
1606	10.5	12.2	1.425
1607	11.0	12.2	0.858
1608	11.9	12.2	0.537
1609	10.1	12.2	0.372
1610	10.2	12.2	0.201
1611	10.4	12.2	0.079
1612	10.3	12.2	0.057
1613	10.3	12.2	0.171
1614	10.1	12.2	0.429
1615	10.2	12.2	1.159
1616	12.1	12.2	1.241
1617	11.9	12.2	1.246
1618	11.0	12.2	1.306
1619	10.4	12.2	1.246
1620	9.3	12.1	1.208
1621	8.4	12.1	1.118
1622	7.7	12.1	0.983
1623	7.2	12.1	0.896
1624	7.4	12.1	0.836
1625	7.7	12.1	0.869
1626	8.5	12.1	1.078
1627	9.3	12.1	1.203
1628	9.7	12.1	1.488
1629	9.9	12.1	1.528
1630	10.2	12.1	1.425
1631	10.5	12.1	0.858
1632	10.9	12.1	0.537
1633	8.7	12.1	0.372
1634	9.0	12.1	0.201
1635	9.1	12.1	0.079
1636	9.1	12.1	0.057
1637	9.7	12.1	0.171
1638	9.6	12.1	0.429
1639	9.7	12.1	1.159
1640	11.8	12.1	1.241
1641	11.4	12.1	1.246
1642	10.0	12.1	1.306
1643	9.2	12.1	1.246
1644	8.1	12.1	1.208
1645	7.3	12.1	1.118
1646	6.9	12.1	0.983
1647	6.6	12.0	0.896
1648	6.6	12.0	0.836
1649	6.9	12.0	0.869
1650	7.6	12.0	1.078
1651	8.3	12.0	1.203
1652	8.6	12.0	1.488
1653	9.1	12.0	1.528
1654	9.2	12.0	1.425
1655	9.2	12.0	0.858
1656	9.7	12.0	0.537
1657	7.7	12.0	0.372
1658	8.0	12.0	0.201
1659	8.1	12.0	0.079
1660	8.1	12.0	0.057
1661	8.1	12.0	0.171
1662	8.1	12.0	0.429
1663	8.1	12.0	1.159
1664	10.4	12.0	1.241
1665	9.8	12.0	1.246
1666	9.6	12.0	1.306
1667	9.1	12.0	1.246
1668	7.8	12.0	1.208
1669	7.2	12.0	1.118
1670	6.5	12.0	0.983
1671	6.1	12.0	0.896
1672	6.1	12.0	0.836
1673	6.6	12.0	0.869
1674	7.2	12.0	1.078
1675	7.9	12.0	1.203
1676	8.2	11.9	1.488
1677	8.8	11.9	1.528
1678	9.2	11.9	1.425
1679	9.5	11.9	0.858
1680	9.7	11.9	0.537
1681	8.0	11.9	0.372
1682	8.0	11.9	0.201
1683	7.9	11.9	0.079
1684	7.9	11.9	0.057
1685	8.1	11.9	0.171
1686	8.1	11.9	0.429
1687	7.6	11.9	1.159
1688	9.9	11.9	1.241
1689	9.7	11.9	1.246
1690	9.0	11.9	1.306
1691	7.8	11.9	1.246
1692	6.8	11.9	1.208
1693	6.2	11.9	1.118
1694	5.6	11.9	0.983
1695	5.1	11.9	0.896
1696	4.9	11.9	0.836
1697	5.0	11.9	0.869
1698	5.7	11.9	1.078
1699	6.1	11.9	1.203
1700	6.1	11.9	1.488
1701	6.2	11.9	1.528
1702	6.6	11.9	1.425
1703	6.7	11.9	0.858
1704	7.0	11.9	0.537
1705	4.9	11.9	0.372
1706	4.9	11.9	0.201
1707	4.6	11.9	0.079
1708	4.5	11.9	0.057
1709	4.2	11.9	0.171
1710	4.4	11.9	0.429
1711	4.2	11.9	1.159
1712	6.3	11.9	1.241
1713	5.8	11.8	1.246
1714	5.5	11.8	1.306
1715	5.0	11.8	1.246
1716	4.6	11.8	1.208
1717	4.1	11.8	1.118
1718	4.0	11.8	0.983
1719	3.5	11.8	0.896
1720	3.0	11.8	0.836
1721	3.6	11.8	0.869
1722	4.1	11.8	1.078
1723	4.8	11.8	1.203
1724	5.2	11.8	1.488
1725	5.6	11.8	1.528
1726	5.7	11.8	1.425
1727	5.6	11.8	0.858
1728	5.7	11.8	0.537
1729	3.3	11.8	0.372
1730	3.3	11.8	0.201
1731	3.4	11.8	0.079
1732	3.5	11.8	0.057
1733	3.6	11.8	0.171
1734	4.1	11.8	0.429
1735	4.2	11.8	1.159
1736	6.3	11.8	1.241
1737	5.7	11.8	1.246
1738	5.3	11.8	1.306
1739	4.7	11.8	1.246
1740	4.7	11.8	1.208
1741	4.2	11.8	1.118
1742	3.7	11.8	0.983
1743	3.7	11.8	0.896
1744	3.9	11.8	0.836
1745	4.1	11.8	0.869
1746	4.3	11.8	1.078
1747	4.7	11.8	1.203
1748	5.3	11.8	1.488
1749	5.6	11.8	1.528
1750	6.3	11.8	1.425
1751	6.3	11.8	0.858
1752	6.6	11.8	0.537
1753	4.6	11.8	0.372
1754	4.9	11.8	0.201
1755	5.1	11.8	0.079
1756	5.0	11.8	0.057
1757	5.4	11.8	0.171
1758	5.3	11.7	0.429
1759	5.3	11.7	1.159
1760	7.8	11.7	1.241
1761	7.8	11.7	1.246
1762	7.2	11.7	1.306
1763	6.4	11.7	1.246
1764	6.0	11.7	1.208
1765	5.3	11.7	1.118
1766	5.1	11.7	0.983
1767	4.5	11.7	0.896
1768	4.5	11.7	0.836
1769	5.1	11.7	0.869
1770	5.7	11.7	1.078
1771	6.6	11.7	1.203
1772	7.3	11.7	1.488
1773	7.7	11.7	1.528
1774	8.6	11.7	1.425
1775	9.1	11.7	0.858
1776	9.7	11.7	0.537
1777	7.9	11.7	0.372
1778	7.8	11.7	0.201
1779	7.7	11.7	0.079
1780	7.7	11.6	0.057
1781	7.8	11.6	0.171
1782	7.7	11.6	0.429
1783	7.6	11.6	1.159
1784	9.8	11.6	1.241
1785	9.7	11.6	1.246
1786	9.4	11.6	1.306
1787	8.6	11.6	1.246
1788	8.4	11.6	1.208
1789	8.0	11.6	1.118
1790	7.8	11.6	0.983
1791	7.6	11.6	0.896
1792	7.7	11.6	0.836
1793	7.9	11.6	0.869
1794	7.9	11.6	1.078
1795	8.3	11.6	1.203
1796	8.4	11.6	1.488
1797	8.8	11.6	1.528
1798	9.2	11.6	1.425
1799	9.3	11.5	0.858
1800	9.5	11.5	0.537
1801	7.7	11.5	0.372
1802	7.5	11.5	0.201
1803	7.4	11.5	0.079
1804	6.9	11.5	0.057
1805	7.3	11.5	0.171
1806	6.8	11.5	0.429
1807	6.4	11.5	1.159
1808	7.9	11.5	1.241
1809	7.5	11.5	1.246
1810	7.1	11.5	1.306
1811	6.9	11.5	1.246
1812	6.1	11.5	1.208
1813	5.5	11.5	1.118
1814	4.9	11.5	0.983
1815	4.8	11.5	0.896
1816	5.0	11.5	0.836
1817	4.9	11.4	0.869
1818	5.5	11.4	1.078
1819	5.7	11.4	1.203
1820	5.9	11.4	1.488
1821	5.8	11.4	1.528
1822	5.7	11.4	1.425
1823	5.6	11.4	0.858
1824	5.8	11.4	0.537
1825	3.5	11.4	0.372
1826	3.3	11.4	0.201
1827	3.7	11.4	0.079
1828	3.6	11.4	0.057
1829	3.4	11.4	0.171
1830	3.6	11.4	0.429
1831	3.4	11.4	1.159
1832	5.3	11.4	1.241
1833	5.1	11.4	1.246
1834	5.0	11.4	1.306
1835	4.3	11.4	1.246
1836	3.8	11.4	1.208
1837	3.4	11.4	1.118
1838	2.8	11.4	0.983
1839	2.3	11.4	0.896
1840	2.4	11.4	0.836
1841	2.6	11.4	0.869
1842	3.2	11.4	1.078
1843	3.7	11.4	1.203
1844	4.1	11.4	1.488
1845	4.3	11.4	1.528
1846	4.4	11.4	1.425
1847	4.6	11.3	0.858
1848	5.3	11.3	0.537
1849	3.2	11.3	0.372
1850	3.3	11.3	0.201
1851	3.7	11.3	0.079
1852	3.9	11.3	0.057
1853	3.8	11.3	0.171
1854	4.1	11.3	0.429
1855	4.3	11.3	1.159
1856	6.5	11.3	1.241
1857	6.0	11.3	1.246
1858	5.2	11.3	1.306
1859	4.7	11.3	1.246
1860	4.3	11.3	1.208
1861	4.1	11.3	1.118
1862	3.8	11.3	0.983
1863	4.0	11.3	0.896
1864	4.2	11.3	0.836
1865	4.6	11.3	0.869
1866	5.1	11.3	1.078
1867	6.1	11.2	1.203
1868	6.7	11.2	1.488
1869	7.0	11.2	1.528
1870	7.7	11.2	1.425
1871	8.3	11.2	0.858
1872	8.7	11.2	0.537
1873	6.8	11.2	0.372
1874	6.9	11.2	0.201
1875	7.1	11.2	0.079
1876	7.1	11.2	0.057
1877	6.8	11.2	0.171
1878	6.9	11.2	0.429
1879	6.8	11.2	1.159
1880	8.7	11.2	1.241
1881	8.5	11.2	1.246
1882	7.8	11.2	1.306
1883	7.1	11.2	1.246
1884	6.6	11.2	1.208
1885	6.3	11.2	1.118
1886	5.7	11.2	0.983
1887	5.7	11.2	0.896
1888	5.6	11.2	0.836
1889	5.9	11.2	0.869
1890	6.1	11.2	1.078
1891	6.7	11.2	1.203
1892	7.0	11.2	1.488
1893	7.0	11.2	1.528
1894	7.1	11.2	1.425
1895	7.5	11.2	0.858
1896	7.8	11.2	0.537
1897	5.6	11.2	0.372
1898	5.6	11.2	0.201
1899	6.1	11.2	0.079
1900	6.3	11.1	0.057
1901	6.3	11.1	0.171
1902	6.0	11.1	0.429
1903	5.9	11.1	1.159
1904	8.5	11.1	1.241
1905	7.8	11.1	1.246
1906	7.0	11.1	1.306
1907	6.2	11.1	1.246
1908	5.4	11.1	1.208
1909	4.8	11.1	1.118
1910	4.3	11.1	0.983
1911	4.5	11.1	0.896
1912	4.7	11.1	0.836
1913	4.8	11.1	0.869
1914	5.3	11.1	1.078
1915	5.8	11.1	1.203
1916	6.1	11.1	1.488
1917	6.4	11.1	1.528
1918	6.4	11.1	1.425
1919	6.6	11.1	0.858
1920	7.2	11.1	0.537
1921	5.2	11.0	0.372
1922	5.7	11.0	0.201
1923	6.5	11.0	0.079
1924	6.8	11.0	0.057
1925	7.1	11.0	0.171
1926	7.4	11.0	0.429
1927	7.4	11.0	1.159
1928	9.3	11.0	1.241
1929	9.4	11.0	1.246
1930	9.1	11.0	1.306
1931	8.6	11.0	1.246
1932	8.1	11.0	1.208
1933	7.8	11.0	1.118
1934	7.9	11.0	0.983
1935	7.9	11.0	0.896
1936	7.9	11.0	0.836
1937	8.2	11.0	0.869
1938	9.0	11.0	1.078
1939	9.7	11.0	1.203
1940	10.0	11.0	1.488
1941	10.6	11.0	1.528
1942	10.8	11.0	1.425
1943	11.2	11.0	0.858
1944	11.8	11.0	0.537
1945	9.8	11.0	0.372
1946	10.0	11.0	0.201
1947	10.0	11.0	0.079
1948	10.1	11.0	0.057
1949	9.9	11.0	0.171
1950	9.8	11.0	0.429
1951	10.0	11.0	1.159
1952	11.8	10.9	1.241
1953	10.9	10.9	1.246
1954	10.0	10.9	1.306
1955	8.8	10.9	1.246
1956	7.9	10.9	1.208
1957	7.0	10.9	1.118
1958	6.9	10.9	0.983
1959	6.7	10.9	0.896
1960	6.8	10.9	0.836
1961	7.2	10.9	0.869
1962	8.2	10.9	1.078
1963	9.0	10.9	1.203
1964	9.6	10.9	1.488
1965	9.7	10.9	1.528
1966	9.7	10.9	1.425
1967	10.0	10.9	0.858
1968	10.2	10.9	0.537
1969	8.0	10.9	0.372
1970	8.5	10.9	0.201
1971	9.1	10.9	0.079
1972	9.1	10.9	0.057
1973	9.3	10.9	0.171
1974	9.2	10.9	0.429
1975	9.3	10.9	1.159
1976	11.5	10.9	1.241
1977	11.0	10.9	1.246
1978	10.4	10.9	1.306
1979	9.6	10.9	1.246
1980	8.9	10.9	1.208
1981	8.5	10.9	1.118
1982	8.3	10.9	0.983
1983	8.0	10.8	0.896
1984	8.3	10.8	0.836
1985	8.8	10.8	0.869
1986	9.7	10.8	1.078
1987	10.4	10.8	1.203
1988	10.8	10.8	1.488
1989	11.2	10.8	1.528
1990	11.5	10.8	1.425
1991	12.4	10.8	0.858
1992	12.5	10.8	0.537
1993	10.5	10.8	0.372
1994	10.4	10.8	0.201
1995	10.3	10.8	0.079
1996	10.6	10.8	0.057
1997	10.4	10.8	0.171
1998	10.4	10.8	0.429
1999	10.4	10.8	1.159
2000	12.1	10.8	1.241
2001	11.8	10.8	1.246
2002	11.0	10.8	1.306
2003	9.9	10.8	1.246
2004	9.0	10.8	1.208
2005	8.4	10.8	1.118
2006	7.6	10.8	0.983
2007	7.3	10.8	0.896
2008	7.0	10.8	0.836
2009	6.8	10.8	0.869
2010	7.5	10.8	1.078
2011	7.8	10.7	1.203
2012	7.6	10.7	1.488
2013	7.8	10.7	1.528
2014	7.9	10.7	1.425
2015	8.1	10.7	0.858
2016	8.4	10.7	0.537
2017	6.5	10.7	0.372
2018	6.5	10.7	0.201
2019	6.3	10.7	0.079
2020	6.2	10.7	0.057
2021	6.4	10.7	0.171
2022	6.6	10.7	0.429
2023	6.2	10.7	1.159
2024	8.0	10.7	1.241
2025	7.4	10.7	1.246
2026	7.1	10.7	1.306
2027	6.8	10.7	1.246
2028	6.4	10.7	1.208
2029	6.2	10.7	1.118
2030	6.1	10.7	0.983
2031	6.1	10.7	0.896
2032	5.8	10.7	0.836
2033	5.9	10.7	0.869
2034	6.0	10.7	1.078
2035	6.2	10.7	1.203
2036	6.0	10.7	1.488
2037	6.4	10.7	1.528
2038	6.8	10.7	1.425
2039	6.8	10.7	0.858
2040	7.3	10.7	0.537
2041	5.0	10.6	0.372
2042	5.2	10.6	0.201
2043	5.1	10.6	0.079
2044	5.4	10.6	0.057
2045	5.4	10.6	0.171
2046	5.7	10.6	0.429
2047	5.9	10.6	1.159
2048	7.9	10.6	1.241
2049	7.3	10.6	1.246
2050	6.9	10.6	1.306
2051	6.5	10.6	1.246
2052	6.1	10.6	1.208
2053	5.3	10.6	1.118
2054	5.1	10.6	0.983
2055	4.8	10.6	0.896
2056	4.3	10.6	0.836
2057	4.6	10.6	0.869
2058	4.9	10.6	1.078
2059	5.3	10.6	1.203
2060	5.7	10.6	1.488
2061	5.9	10.6	1.528
2062	6.5	10.6	1.425
2063	6.6	10.6	0.858
2064	7.0	10.6	0.537
2065	4.9	10.6	0.372
2066	5.0	10.6	0.201
2067	4.6	10.5	0.079
2068	4.6	10.5	0.057
2069	4.5	10.5	0.171
2070	4.5	10.5	0.429
2071	4.3	10.5	1.159
2072	6.8	10.5	1.241
2073	6.1	10.5	1.246
2074	5.4	10.5	1.306
2075	4.6	10.5	1.246
2076	4.1	10.5	1.208
2077	3.7	10.5	1.118
2078	3.5	10.5	0.983
2079	3.4	10.5	0.896
2080	3.9	10.5	0.836
2081	4.5	10.5	0.869
2082	5.2	10.5	1.078
2083	5.9	10.5	1.203
2084	6.4	10.5	1.488
2085	6.9	10.5	1.528
2086	7.6	10.5	1.425
2087	8.1	10.5	0.858
2088	8.1	10.5	0.537
2089	6.3	10.5	0.372
2090	6.2	10.5	0.201
2091	6.3	10.5	0.079
2092	6.4	10.5	0.057
2093	6.3	10.5	0.171
2094	6.4	10.5	0.429
2095	6.5	10.5	1.159
2096	8.1	10.5	1.241
2097	7.3	10.5	1.246
2098	6.6	10.5	1.306
2099	5.6	10.5	1.246
2100	4.7	10.5	1.208
2101	3.8	10.5	1.118
2102	3.3	10.4	0.983
2103	3.1	10.4	0.896
2104	3.1	10.4	0.836
2105	3.6	10.4	0.869
2106	4.3	10.4	1.078
2107	4.9	10.4	1.203
2108	5.3	10.4	1.488
2109	5.6	10.4	1.528
2110	5.9	10.4	1.425
2111	6.2	10.4	0.858
2112	6.5	10.4	0.537
2113	4.9	10.4	0.372
2114	5.5	10.4	0.201
2115	5.3	10.4	0.079
2116	5.4	10.4	0.057
2117	5.5	10.4	0.171
2118	5.0	10.4	0.429
2119	4.9	10.4	1.159
2120	6.9	10.4	1.241
2121	6.5	10.4	1.246
2122	6.6	10.4	1.306
2123	6.2	10.4	1.246
2124	4.9	10.4	1.208
2125	4.2	10.4	1.118
2126	3.9	10.4	0.983
2127	3.3	10.4	0.896
2128	3.1	10.4	0.836
2129	3.4	10.4	0.869
2130	3.9	10.4	1.078
2131	4.7	10.3	1.203
2132	5.0	10.3	1.488
2133	5.1	10.3	1.528
2134	5.2	10.3	1.425
2135	5.8	10.3	0.858
2136	6.1	10.3	0.537
2137	4.2	10.3	0.372
2138	4.2	10.3	0.201
2139	4.4	10.3	0.079
2140	4.6	10.3	0.057
2141	4.6	10.3	0.171
2142	5.0	10.3	0.429
2143	4.6	10.3	1.159
2144	6.6	10.3	1.241
2145	6.4	10.3	1.246
2146	5.7	10.3	1.306
2147	4.6	10.3	1.246
2148	3.9	10.3	1.208
2149	2.9	10.3	1.118
2150	2.5	10.3	0.983
2151	1.8	10.3	0.896
2152	2.1	10.3	0.836
2153	2.5	10.3	0.869
2154	2.9	10.3	1.078
2155	3.7	10.3	1.203
2156	4.1	10.3	1.488
2157	4.4	10.3	1.528
2158	5.0	10.2	1.425
2159	5.2	10.2	0.858
2160	5.3	10.2	0.537
2161	2.0	10.2	0.372
2162	1.9	10.2	0.201
2163	2.1	10.2	0.079
2164	2.1	10.2	0.057
2165	2.1	10.2	0.171
2166	2.0	10.2	0.429
2167	2.1	10.2	1.159
2168	3.1	10.2	1.241
2169	3.0	10.2	1.246
2170	2.8	10.2	1.306
2171	2.5	10.2	1.246
2172	2.3	10.2	1.208
2173	2.4	10.2	1.118
2174	2.5	10.2	0.983
2175	2.6	10.2	0.896
2176	2.7	10.2	0.836
2177	2.8	10.2	0.869
2178	3.0	10.2	1.078
2179	3.1	10.2	1.203
2180	3.2	10.2	1.488
2181	3.4	10.2	1.528
2182	3.6	10.2	1.425
2183	3.6	10.2	0.858
2184	3.7	10.2	0.537
2185	2.5	10.2	0.372
2186	2.6	10.2	0.201
2187	2.7	10.2	0.079
2188	2.6	10.2	0.057
2189	2.8	10.1	0.171
2190	2.7	10.1	0.429
2191	2.6	10.1	1.159
2192	3.6	10.1	1.241
2193	3.4	10.1	1.246
2194	3.0	10.1	1.306
2195	2.8	10.1	1.246
2196	2.6	10.1	1.208
2197	2.5	10.1	1.118
2198	2.4	10.1	0.983
2199	2.3	10.1	0.896
2200	2.2	10.1	0.836
2201	2.2	10.1	0.869
2202	2.3	10.1	1.078
2203	2.5	10.1	1.203
2204	2.8	10.1	1.488
2205	3.0	10.1	1.528
2206	2.9	10.1	1.425
2207	2.8	10.1	0.858
2208	3.0	10.1	0.537
2209	1.9	10.1	0.372
2210	2.0	10.1	0.201
2211	1.9	10.1	0.079
2212	1.9	10.1	0.057
2213	1.7	10.1	0.171
2214	1.5	10.1	0.429
2215	1.5	10.1	1.159
2216	2.3	10.1	1.241
2217	2.0	10.1	1.246
2218	1.7	10.0	1.306
2219	1.4	10.0	1.246
2220	1.1	10.0	1.208
2221	0.9	10.0	1.118
2222	0.7	10.0	0.983
2223	0.5	10.0	0.896
2224	0.3	10.0	0.836
2225	0.2	10.0	0.869
2226	0.5	10.0	1.078
2227	0.6	10.0	1.203
2228	0.9	10.0	1.488
2229	1.0	10.0	1.528
2230	1.0	10.0	1.425
2231	1.2	10.0	0.858
2232	1.2	10.0	0.537
2233	0.0	10.0	0.372
2234	0.0	10.0	0.201
2235	0.0	10.0	0.079
2236	0.0	10.0	0.057
2237	0.0	10.0	0.171
2238	0.0	10.0	0.429
2239	0.0	10.0	1.159
2240	0.0	10.0	1.241
2241	0.0	10.0	1.246
2242	0.0	10.0	1.306
2243	0.0	10.0	1.246
2244	0.0	10.0	1.208
2245	0.0	10.0	1.118
2246	0.0	10.0	0.983
2247	0.0	10.0	0.896
2248	0.0	10.0	0.836
2249	0.0	10.0	0.869
2250	0.0	10.0	1.078
2251	0.0	10.0	1.203
2252	0.0	10.0	1.488
2253	0.0	10.0	1.528
2254	0.0	10.0	1.425
2255	0.0	10.0	0.858
2256	0.0	10.0	0.537
2257	0.7	9.9	0.372
2258	0.8	9.9	0.201
2259	0.9	9.9	0.079
2260	1.1	9.9	0.057
2261	1.0	9.9	0.171
2262	1.0	9.9	0.429
2263	0.8	9.9	1.159
2264	1.8	9.9	1.241
2265	1.6	9.9	1.246
2266	1.4	9.9	1.306
2267	1.1	9.9	1.246
2268	0.6	9.9	1.208
2269	0.4	9.9	1.118
2270	0.2	9.9	0.983
2271	0.1	9.9	0.896
2272	0.1	9.9	0.836
2273	0.1	9.9	0.869
2274	0.3	9.9	1.078
2275	0.5	9.9	1.203
2276	0.8	9.9	1.488
2277	1.0	9.9	1.528
2278	1.2	9.9	1.425
2279	1.5	9.9	0.858
2280	1.8	9.9	0.537
2281	0.7	9.9	0.372
2282	0.8	9.9	0.201
2283	0.8	9.9	0.079
2284	1.0	9.9	0.057
2285	1.1	9.9	0.171
2286	1.3	9.8	0.429
2287	1.2	9.8	1.159
2288	2.1	9.8	1.241
2289	1.9	9.8	1.246
2290	1.4	9.8	1.306
2291	0.9	9.8	1.246
2292	0.5	9.8	1.208
2293	0.1	9.8	1.118
2294	0.0	9.8	0.983
2295	0.0	9.8	0.896
2296	0.0	9.8	0.836
2297	0.1	9.8	0.869
2298	0.4	9.8	1.078
2299	0.7	9.8	1.203
2300	1.0	9.8	1.488
2301	1.2	9.8	1.528
2302	1.6	9.7	1.425
2303	1.9	9.7	0.858
2304	2.1	9.7	0.537
2305	1.1	9.7	0.372
2306	1.5	9.7	0.201
2307	1.5	9.7	0.079
2308	1.7	9.7	0.057
2309	1.9	9.7	0.171
2310	1.9	9.7	0.429
2311	2.1	9.7	1.159
2312	3.1	9.7	1.241
2313	2.9	9.7	1.246
2314	2.6	9.7	1.306
2315	2.4	9.7	1.246
2316	2.2	9.7	1.208
2317	2.0	9.7	1.118
2318	1.9	9.7	0.983
2319	1.7	9.7	0.896
2320	1.7	9.7	0.836
2321	1.9	9.7	0.869
2322	2.1	9.7	1.078
2323	2.5	9.7	1.203
2324	2.8	9.7	1.488
2325	3.1	9.7	1.528
2326	3.2	9.7	1.425
2327	3.4	9.7	0.858
2328	3.4	9.7	0.537
2329	2.5	9.7	0.372
2330	2.5	9.7	0.201
2331	2.8	9.7	0.079
2332	3.0	9.7	0.057
2333	2.9	9.7	0.171
2334	2.8	9.7	0.429
2335	2.6	9.7	1.159
2336	3.4	9.7	1.241
2337	3.2	9.6	1.246
2338	2.6	9.6	1.306
2339	2.3	9.6	1.246
2340	2.1	9.6	1.208
2341	1.8	9.6	1.118
2342	1.6	9.6	0.983
2343	1.5	9.6	0.896
2344	1.4	9.6	0.836
2345	1.4	9.6	0.869
2346	1.6	9.6	1.078
2347	1.9	9.6	1.203
2348	2.1	9.6	1.488
2349	2.1	9.6	1.528
2350	2.0	9.6	1.425
2351	2.0	9.6	0.858
2352	2.0	9.6	0.537
2353	0.9	9.6	0.372
2354	0.9	9.6	0.201
2355	1.2	9.6	0.079
2356	1.2	9.6	0.057
2357	1.3	9.6	0.171
2358	1.3	9.6	0.429
2359	1.3	9.6	1.159
2360	2.3	9.6	1.241
2361	2.0	9.6	1.246
2362	1.5	9.6	1.306
2363	1.0	9.6	1.246
2364	0.7	9.6	1.208
2365	0.6	9.6	1.118
2366	0.4	9.6	0.983
2367	0.3	9.5	0.896
2368	0.1	9.5	0.836
2369	0.2	9.5	0.869
2370	0.4	9.5	1.078
2371	0.8	9.5	1.203
2372	1.3	9.5	1.488
2373	1.9	9.5	1.528
2374	2.1	9.5	1.425
2375	2.3	9.5	0.858
2376	2.5	9.5	0.537
2377	1.5	9.5	0.372
2378	1.9	9.5	0.201
2379	1.8	9.5	0.079
2380	1.8	9.5	0.057
2381	1.6	9.5	0.171
2382	1.6	9.5	0.429
2383	1.5	9.5	1.159
2384	2.4	9.4	1.241
2385	1.9	9.4	1.246
2386	1.5	9.4	1.306
2387	1.0	9.4	1.246
2388	0.8	9.4	1.208
2389	0.7	9.4	1.118
2390	0.6	9.4	0.983
2391	0.3	9.4	0.896
2392	0.1	9.4	0.836
2393	0.1	9.4	0.869
2394	0.3	9.4	1.078
2395	0.6	9.4	1.203
2396	1.1	9.4	1.488
2397	1.3	9.4	1.528
2398	1.6	9.4	1.425
2399	1.8	9.4	0.858
2400	2.0	9.4	0.537
2401	1.0	9.4	0.372
2402	1.1	9.4	0.201
2403	1.0	9.4	0.079
2404	1.1	9.4	0.057
2405	1.4	9.4	0.171
2406	1.4	9.4	0.429
2407	1.4	9.4	1.159
2408	2.4	9.4	1.241
2409	2.2	9.4	1.246
2410	1.9	9.4	1.306
2411	1.6	9.4	1.246
2412	1.4	9.4	1.208
2413	1.2	9.4	1.118
2414	1.0	9.4	0.983
2415	0.8	9.4	0.896
2416	0.8	9.4	0.836
2417	1.0	9.4	0.869
2418	1.2	9.4	1.078
2419	1.4	9.4	1.203
2420	1.7	9.4	1.488
2421	2.0	9.3	1.528
2422	2.4	9.3	1.425
2423	2.5	9.3	0.858
2424	2.7	9.3	0.537
2425	1.8	9.3	0.372
2426	1.9	9.3	0.201
2427	1.9	9.3	0.079
2428	1.9	9.3	0.057
2429	1.9	9.3	0.171
2430	1.9	9.3	0.429
2431	1.8	9.3	1.159
2432	2.6	9.3	1.241
2433	2.1	9.3	1.246
2434	1.6	9.3	1.306
2435	1.1	9.3	1.246
2436	0.8	9.3	1.208
2437	0.5	9.3	1.118
2438	0.2	9.3	0.983
2439	0.1	9.3	0.896
2440	0.1	9.3	0.836
2441	0.1	9.3	0.869
2442	0.2	9.3	1.078
2443	0.3	9.3	1.203
2444	0.6	9.3	1.488
2445	0.9	9.3	1.528
2446	1.0	9.3	1.425
2447	1.2	9.3	0.858
2448	1.5	9.3	0.537
2449	0.4	9.3	0.372
2450	0.5	9.3	0.201
2451	0.3	9.3	0.079
2452	0.5	9.3	0.057
2453	0.4	9.3	0.171
2454	0.6	9.2	0.429
2455	0.8	9.2	1.159
2456	1.8	9.2	1.241
2457	1.5	9.2	1.246
2458	1.2	9.2	1.306
2459	0.7	9.2	1.246
2460	0.3	9.2	1.208
2461	0.4	9.2	1.118
2462	0.2	9.2	0.983
2463	0.2	9.2	0.896
2464	0.3	9.2	0.836
2465	0.5	9.2	0.869
2466	0.5	9.2	1.078
2467	1.0	9.2	1.203
2468	1.3	9.2	1.488
2469	1.6	9.2	1.528
2470	1.7	9.2	1.425
2471	1.9	9.2	0.858
2472	2.2	9.2	0.537
2473	1.3	9.2	0.372
2474	1.6	9.2	0.201
2475	1.6	9.2	0.079
2476	1.6	9.2	0.057
2477	1.7	9.2	0.171
2478	1.8	9.2	0.429
2479	1.9	9.2	1.159
2480	2.9	9.2	1.241
2481	2.7	9.2	1.246
2482	2.3	9.2	1.306
2483	1.7	9.2	1.246
2484	1.3	9.2	1.208
2485	1.1	9.2	1.118
2486	1.0	9.2	0.983
2487	0.8	9.2	0.896
2488	0.8	9.2	0.836
2489	1.0	9.2	0.869
2490	1.5	9.2	1.078
2491	1.9	9.2	1.203
2492	2.1	9.2	1.488
2493	2.6	9.2	1.528
2494	3.0	9.2	1.425
2495	3.2	9.2	0.858
2496	3.5	9.2	0.537
2497	2.5	9.2	0.372
2498	2.8	9.1	0.201
2499	3.2	9.1	0.079
2500	3.4	9.1	0.057
2501	3.6	9.1	0.171
2502	3.5	9.1	0.429
2503	3.6	9.1	1.159
2504	4.5	9.1	1.241
2505	4.2	9.1	1.246
2506	3.8	9.1	1.306
2507	3.3	9.1	1.246
2508	3.0	9.1	1.208
2509	2.7	9.1	1.118
2510	2.5	9.1	0.983
2511	2.5	9.1	0.896
2512	2.4	9.1	0.836
2513	2.5	9.1	0.869
2514	2.8	9.1	1.078
2515	3.2	9.1	1.203
2516	3.6	9.1	1.488
2517	3.9	9.1	1.528
2518	4.2	9.1	1.425
2519	4.4	9.1	0.858
2520	4.6	9.1	0.537
2521	3.8	9.1	0.372
2522	3.9	9.1	0.201
2523	4.0	9.1	0.079
2524	4.2	9.1	0.057
2525	4.4	9.1	0.171
2526	4.5	9.1	0.429
2527	4.5	9.1	1.159
2528	5.4	9.1	1.241
2529	5.0	9.1	1.246
2530	4.5	9.1	1.306
2531	4.0	9.1	1.246
2532	3.7	9.1	1.208
2533	3.4	9.1	1.118
2534	3.4	9.0	0.983
2535	3.3	9.0	0.896
2536	3.3	9.0	0.836
2537	3.4	9.0	0.869
2538	3.6	9.0	1.078
2539	3.9	9.0	1.203
2540	4.5	9.0	1.488
2541	4.8	9.0	1.528
2542	5.0	9.0	1.425
2543	5.3	9.0	0.858
2544	5.3	9.0	0.537
2545	4.4	9.0	0.372
2546	4.6	9.0	0.201
2547	4.6	9.0	0.079
2548	4.7	9.0	0.057
2549	4.7	9.0	0.171
2550	4.8	9.0	0.429
2551	4.7	9.0	1.159
2552	5.6	9.0	1.241
2553	5.3	9.0	1.246
2554	4.7	9.0	1.306
2555	4.3	9.0	1.246
2556	3.9	9.0	1.208
2557	3.4	9.0	1.118
2558	3.1	9.0	0.983
2559	2.8	9.0	0.896
2560	2.9	9.0	0.836
2561	3.1	9.0	0.869
2562	3.4	8.9	1.078
2563	3.8	8.9	1.203
2564	4.2	8.9	1.488
2565	4.5	8.9	1.528
2566	4.8	8.9	1.425
2567	5.2	8.9	0.858
2568	5.4	8.9	0.537
2569	4.6	8.9	0.372
2570	4.6	8.9	0.201
2571	4.7	8.9	0.079
2572	4.6	8.9	0.057
2573	4.3	8.9	0.171
2574	4.3	8.9	0.429
2575	4.2	8.9	1.159
2576	5.1	8.9	1.241
2577	4.9	8.9	1.246
2578	4.4	8.9	1.306
2579	3.8	8.9	1.246
2580	3.2	8.9	1.208
2581	2.7	8.9	1.118
2582	2.5	8.9	0.983
2583	2.3	8.9	0.896
2584	2.1	8.9	0.836
2585	2.1	8.9	0.869
2586	2.4	8.9	1.078
2587	2.6	8.9	1.203
2588	2.7	8.9	1.488
2589	3.0	8.9	1.528
2590	3.0	8.8	1.425
2591	3.0	8.8	0.858
2592	3.1	8.8	0.537
2593	2.2	8.8	0.372
2594	2.1	8.8	0.201
2595	2.2	8.8	0.079
2596	2.1	8.8	0.057
2597	2.2	8.8	0.171
2598	2.4	8.8	0.429
2599	2.4	8.8	1.159
2600	3.4	8.8	1.241
2601	3.1	8.8	1.246
2602	2.6	8.8	1.306
2603	2.2	8.8	1.246
2604	1.9	8.8	1.208
2605	1.5	8.8	1.118
2606	1.4	8.8	0.983
2607	1.3	8.8	0.896
2608	1.3	8.8	0.836
2609	1.4	8.8	0.869
2610	1.7	8.8	1.078
2611	2.1	8.8	1.203
2612	2.5	8.8	1.488
2613	2.7	8.8	1.528
2614	3.0	8.8	1.425
2615	3.2	8.7	0.858
2616	3.4	8.7	0.537
2617	2.6	8.7	0.372
2618	2.5	8.7	0.201
2619	2.5	8.7	0.079
2620	2.4	8.7	0.057
2621	2.6	8.7	0.171
2622	2.7	8.7	0.429
2623	2.6	8.7	1.159
2624	3.5	8.7	1.241
2625	3.4	8.7	1.246
2626	3.2	8.7	1.306
2627	2.9	8.7	1.246
2628	2.7	8.7	1.208
2629	2.8	8.7	1.118
2630	2.9	8.7	0.983
2631	2.8	8.7	0.896
2632	2.8	8.7	0.836
2633	2.8	8.7	0.869
2634	3.2	8.7	1.078
2635	3.4	8.7	1.203
2636	3.5	8.6	1.488
2637	3.7	8.6	1.528
2638	3.9	8.6	1.425
2639	4.1	8.6	0.858
2640	4.3	8.6	0.537
2641	3.2	8.6	0.372
2642	3.4	8.6	0.201
2643	3.6	8.6	0.079
2644	3.4	8.6	0.057
2645	3.4	8.6	0.171
2646	3.6	8.6	0.429
2647	3.5	8.6	1.159
2648	4.6	8.6	1.241
2649	4.2	8.6	1.246
2650	3.9	8.6	1.306
2651	3.5	8.6	1.246
2652	3.4	8.6	1.208
2653	3.2	8.6	1.118
2654	3.1	8.6	0.983
2655	3.3	8.6	0.896
2656	3.2	8.6	0.836
2657	3.3	8.5	0.869
2658	3.4	8.5	1.078
2659	3.5	8.5	1.203
2660	3.7	8.5	1.488
2661	3.8	8.5	1.528
2662	4.0	8.5	1.425
2663	4.4	8.5	0.858
2664	4.6	8.5	0.537
2665	3.6	8.5	0.372
2666	3.6	8.5	0.201
2667	3.7	8.5	0.079
2668	3.7	8.5	0.057
2669	3.6	8.5	0.171
2670	3.7	8.5	0.429
2671	3.9	8.5	1.159
2672	4.9	8.5	1.241
2673	4.7	8.5	1.246
2674	4.5	8.5	1.306
2675	4.3	8.5	1.246
2676	4.1	8.5	1.208
2677	4.2	8.4	1.118
2678	4.3	8.4	0.983
2679	4.2	8.4	0.896
2680	4.2	8.4	0.836
2681	4.1	8.4	0.869
2682	4.3	8.4	1.078
2683	4.6	8.4	1.203
2684	4.9	8.4	1.488
2685	5.0	8.4	1.528
2686	5.0	8.4	1.425
2687	5.2	8.4	0.858
2688	5.4	8.4	0.537
2689	4.4	8.4	0.372
2690	4.8	8.4	0.201
2691	4.8	8.4	0.079
2692	4.8	8.4	0.057
2693	4.8	8.4	0.171
2694	4.7	8.4	0.429
2695	4.5	8.4	1.159
2696	5.6	8.4	1.241
2697	5.2	8.4	1.246
2698	4.7	8.3	1.306
2699	4.1	8.3	1.246
2700	3.9	8.3	1.208
2701	3.7	8.3	1.118
2702	3.5	8.3	0.983
2703	3.3	8.3	0.896
2704	3.4	8.3	0.836
2705	3.3	8.3	0.869
2706	3.5	8.3	1.078
2707	3.7	8.3	1.203
2708	3.8	8.3	1.488
2709	4.3	8.3	1.528
2710	4.5	8.3	1.425
2711	4.4	8.3	0.858
2712	4.7	8.3	0.537
2713	3.7	8.3	0.372
2714	3.7	8.3	0.201
2715	3.7	8.3	0.079
2716	3.7	8.3	0.057
2717	3.7	8.3	0.171
2718	3.7	8.3	0.429
2719	3.5	8.3	1.159
2720	4.6	8.3	1.241
2721	4.5	8.3	1.246
2722	4.3	8.3	1.306
2723	4.1	8.3	1.246
2724	3.8	8.2	1.208
2725	3.5	8.2	1.118
2726	3.4	8.2	0.983
2727	3.4	8.2	0.896
2728	3.4	8.2	0.836
2729	3.7	8.2	0.869
2730	3.9	8.2	1.078
2731	4.2	8.2	1.203
2732	4.5	8.2	1.488
2733	4.6	8.2	1.528
2734	4.9	8.2	1.425
2735	5.2	8.2	0.858
2736	5.4	8.2	0.537
2737	4.3	8.2	0.372
2738	4.3	8.2	0.201
2739	4.2	8.2	0.079
2740	4.3	8.2	0.057
2741	4.1	8.2	0.171
2742	4.1	8.2	0.429
2743	4.1	8.2	1.159
2744	5.0	8.2	1.241
2745	4.8	8.2	1.246
2746	4.5	8.2	1.306
2747	4.1	8.1	1.246
2748	3.7	8.1	1.208
2749	3.4	8.1	1.118
2750	3.3	8.1	0.983
2751	3.0	8.1	0.896
2752	3.0	8.1	0.836
2753	2.9	8.1	0.869
2754	3.2	8.1	1.078
2755	3.5	8.1	1.203
2756	3.6	8.1	1.488
2757	3.9	8.1	1.528
2758	4.0	8.1	1.425
2759	4.1	8.1	0.858
2760	4.2	8.1	0.537
2761	3.2	8.1	0.372
2762	3.2	8.1	0.201
2763	3.1	8.1	0.079
2764	3.2	8.1	0.057
2765	3.2	8.1	0.171
2766	3.1	8.1	0.429
2767	2.9	8.1	1.159
2768	4.0	8.1	1.241
2769	3.9	8.1	1.246
2770	3.7	8.1	1.306
2771	3.6	8.1	1.246
2772	3.3	8.1	1.208
2773	3.3	8.1	1.118
2774	3.2	8.1	0.983
2775	3.1	8.1	0.896
2776	2.9	8.1	0.836
2777	2.8	8.1	0.869
2778	2.6	8.1	1.078
2779	2.7	8.1	1.203
2780	2.7	8.1	1.488
2781	2.6	8.1	1.528
2782	2.6	8.1	1.425
2783	2.6	8.1	0.858
2784	2.4	8.1	0.537
2785	1.3	8.1	0.372
2786	1.6	8.1	0.201
2787	1.7	8.0	0.079
2788	1.8	8.0	0.057
2789	2.1	8.0	0.171
2790	2.0	8.0	0.429
2791	2.0	8.0	1.159
2792	3.2	8.0	1.241
2793	3.2	8.0	1.246
2794	3.0	8.0	1.306
2795	3.0	8.0	1.246
2796	3.0	8.0	1.208
2797	3.1	8.0	1.118
2798	2.9	8.0	0.983
2799	2.9	8.0	0.896
2800	3.0	8.0	0.836
2801	3.0	8.0	0.869
2802	3.2	8.0	1.078
2803	3.3	8.0	1.203
2804	3.6	8.0	1.488
2805	3.8	8.0	1.528
2806	4.0	8.0	1.425
2807	4.1	8.0	0.858
2808	4.1	8.0	0.537
2809	3.1	8.0	0.372
2810	3.2	8.0	0.201
2811	3.2	8.0	0.079
2812	3.2	8.0	0.057
2813	3.1	8.0	0.171
2814	3.1	8.0	0.429
2815	3.1	7.9	1.159
2816	4.1	7.9	1.241
2817	3.8	7.9	1.246
2818	3.2	7.9	1.306
2819	2.8	7.9	1.246
2820	2.6	7.9	1.208
2821	2.3	7.9	1.118
2822	2.0	7.9	0.983
2823	1.6	7.9	0.896
2824	1.7	7.9	0.836
2825	1.8	7.9	0.869
2826	2.2	7.9	1.078
2827	2.7	7.9	1.203
2828	3.2	7.9	1.488
2829	3.5	7.9	1.528
2830	3.7	7.9	1.425
2831	3.9	7.9	0.858
2832	4.0	7.9	0.537
2833	3.1	7.9	0.372
2834	3.1	7.9	0.201
2835	3.2	7.9	0.079
2836	3.2	7.9	0.057
2837	3.2	7.9	0.171
2838	3.1	7.9	0.429
2839	3.1	7.9	1.159
2840	4.0	7.9	1.241
2841	3.8	7.9	1.246
2842	3.4	7.9	1.306
2843	2.8	7.9	1.246
2844	2.4	7.9	1.208
2845	2.3	7.9	1.118
2846	2.1	7.9	0.983
2847	2.1	7.9	0.896
2848	2.0	7.9	0.836
2849	1.9	7.9	0.869
2850	2.0	7.9	1.078
2851	2.1	7.8	1.203
2852	2.3	7.8	1.488
2853	2.5	7.8	1.528
2854	2.5	7.8	1.425
2855	2.6	7.8	0.858
2856	2.7	7.8	0.537
2857	1.6	7.8	0.372
2858	1.7	7.8	0.201
2859	1.7	7.8	0.079
2860	1.9	7.8	0.057
2861	2.0	7.8	0.171
2862	2.3	7.8	0.429
2863	2.2	7.8	1.159
2864	3.4	7.8	1.241
2865	3.3	7.8	1.246
2866	2.9	7.8	1.306
2867	2.6	7.8	1.246
2868	2.3	7.8	1.208
2869	2.2	7.8	1.118
2870	2.1	7.8	0.983
2871	2.0	7.8	0.896
2872	1.8	7.8	0.836
2873	1.8	7.8	0.869
2874	1.7	7.8	1.078
2875	2.0	7.8	1.203
2876	2.2	7.8	1.488
2877	2.3	7.8	1.528
2878	2.3	7.8	1.425
2879	2.3	7.8	0.858
2880	2.5	7.8	0.537
2881	0.0	7.8	0.372
2882	0.0	7.8	0.201
2883	0.0	7.8	0.079
2884	0.0	7.8	0.057
2885	0.0	7.8	0.171
2886	0.0	7.8	0.429
2887	0.0	7.8	1.159
2888	0.0	7.8	1.241
2889	0.0	7.8	1.246
2890	0.0	7.7	1.306
2891	0.0	7.7	1.246
2892	0.0	7.7	1.208
2893	0.0	7.7	1.118
2894	0.0	7.7	0.983
2895	0.0	7.7	0.896
2896	0.0	7.7	0.836
2897	0.0	7.7	0.869
2898	0.0	7.7	1.078
2899	0.0	7.7	1.203
2900	0.0	7.7	1.488
2901	0.0	7.7	1.528
2902	0.0	7.7	1.425
2903	0.0	7.7	0.858
2904	0.0	7.7	0.537
2905	0.0	7.7	0.372
2906	0.0	7.7	0.201
2907	0.0	7.7	0.079
2908	0.0	7.7	0.057
2909	0.0	7.7	0.171
2910	0.0	7.7	0.429
2911	0.0	7.7	1.159
2912	0.0	7.7	1.241
2913	0.0	7.7	1.246
2914	0.0	7.7	1.306
2915	0.0	7.7	1.246
2916	0.0	7.7	1.208
2917	0.0	7.7	1.118
2918	0.0	7.7	0.983
2919	0.0	7.7	0.896
2920	0.0	7.7	0.836
2921	0.0	7.6	0.869
2922	0.0	7.6	1.078
2923	0.0	7.6	1.203
2924	0.0	7.6	1.488
2925	0.0	7.6	1.528
2926	0.0	7.6	1.425
2927	0.0	7.6	0.858
2928	0.0	7.6	0.537
2929	0.0	7.6	0.372
2930	0.0	7.6	0.201
2931	0.0	7.6	0.079
2932	0.0	7.6	0.057
2933	0.0	7.6	0.171
2934	0.0	7.6	0.429
2935	0.0	7.6	1.159
2936	0.0	7.6	1.241
2937	0.0	7.6	1.246
2938	0.0	7.6	1.306
2939	0.0	7.6	1.246
2940	0.0	7.6	1.208
2941	0.0	7.6	1.118
2942	0.0	7.6	0.983
2943	0.0	7.6	0.896
2944	0.0	7.6	0.836
2945	0.0	7.6	0.869
2946	0.0	7.6	1.078
2947	0.0	7.5	1.203
2948	0.0	7.5	1.488
2949	0.0	7.5	1.528
2950	0.0	7.5	1.425
2951	0.0	7.5	0.858
2952	0.0	7.5	0.537
2953	0.0	7.5	0.372
2954	0.0	7.5	0.201
2955	0.0	7.5	0.079
2956	0.0	7.5	0.057
2957	0.0	7.5	0.171
2958	0.0	7.5	0.429
2959	0.0	7.5	1.159
2960	0.0	7.5	1.241
2961	0.0	7.5	1.246
2962	0.0	7.5	1.306
2963	0.0	7.5	1.246
2964	0.0	7.5	1.208
2965	0.0	7.5	1.118
2966	0.0	7.5	0.983
2967	0.0	7.5	0.896
2968	0.0	7.4	0.836
2969	0.0	7.4	0.869
2970	0.0	7.4	1.078
2971	0.0	7.4	1.203
2972	0.0	7.4	1.488
2973	0.0	7.4	1.528
2974	0.0	7.4	1.425
2975	0.0	7.4	0.858
2976	0.0	7.4	0.537
2977	0.0	7.4	0.372
2978	0.0	7.4	0.201
2979	0.0	7.4	0.079
2980	0.0	7.4	0.057
2981	0.0	7.4	0.171
2982	0.0	7.4	0.429
2983	0.0	7.4	1.159
2984	0.0	7.4	1.241
2985	0.0	7.4	1.246
2986	0.0	7.4	1.306
2987	0.0	7.4	1.246
2988	0.0	7.4	1.208
2989	0.0	7.4	1.118
2990	0.0	7.4	0.983
2991	0.0	7.4	0.896
2992	0.0	7.4	0.836
2993	0.0	7.4	0.869
2994	0.0	7.4	1.078
2995	0.0	7.4	1.203
2996	0.0	7.3	1.488
2997	0.0	7.3	1.528
2998	0.0	7.3	1.425
2999	0.0	7.3	0.858
3000	0.0	7.3	0.537
3001	0.0	7.3	0.372
3002	0.0	7.3	0.201
3003	0.0	7.3	0.079
3004	0.0	7.3	0.057
3005	0.0	7.3	0.171
3006	0.0	7.3	0.429
3007	0.0	7.3	1.159
3008	0.0	7.3	1.241
3009	0.0	7.3	1.246
3010	0.0	7.3	1.306
3011	0.0	7.3	1.246
3012	0.0	7.3	1.208
3013	0.0	7.3	1.118
3014	0.0	7.3	0.983
3015	0.0	7.2	0.896
3016	0.0	7.2	0.836
3017	0.0	7.2	0.869
3018	0.0	7.2	1.078
3019	0.0	7.2	1.203
3020	0.0	7.2	1.488
3021	0.0	7.2	1.528
3022	0.0	7.2	1.425
3023	0.0	7.2	0.858
3024	0.0	7.2	0.537
3025	0.0	7.2	0.372
3026	0.0	7.2	0.201
3027	0.0	7.2	0.079
3028	0.0	7.2	0.057
3029	0.0	7.2	0.171
3030	0.0	7.2	0.429
3031	0.0	7.2	1.159
3032	0.0	7.1	1.241
3033	0.0	7.1	1.246
3034	0.0	7.1	1.306
3035	0.0	7.1	1.246
3036	0.0	7.1	1.208
3037	0.0	7.1	1.118
3038	0.0	7.1	0.983
3039	0.0	7.1	0.896
3040	0.0	7.1	0.836
3041	0.0	7.1	0.869
3042	0.0	7.1	1.078
3043	0.0	7.1	1.203
3044	0.0	7.1	1.488
3045	0.0	7.1	1.528
3046	0.0	7.1	1.425
3047	0.0	7.1	0.858
3048	0.0	7.1	0.537
3049	0.0	7.1	0.372
3050	0.0	7.1	0.201
3051	0.0	7.1	0.079
3052	0.0	7.1	0.057
3053	0.0	7.0	0.171
3054	0.0	7.0	0.429
3055	0.0	7.0	1.159
3056	0.0	7.0	1.241
3057	0.0	7.0	1.246
3058	0.0	7.0	1.306
3059	0.0	7.0	1.246
3060	0.0	7.0	1.208
3061	0.0	7.0	1.118
3062	0.0	7.0	0.983
3063	0.0	7.0	0.896
3064	0.0	7.0	0.836
3065	0.0	7.0	0.869
3066	0.0	7.0	1.078
3067	0.0	7.0	1.203
3068	0.0	7.0	1.488
3069	0.0	7.0	1.528
3070	0.0	7.0	1.425
3071	0.0	7.0	0.858
3072	0.0	7.0	0.537
3073	0.0	7.0	0.372
3074	0.0	6.9	0.201
3075	0.0	6.9	0.079
3076	0.0	6.9	0.057
3077	0.0	6.9	0.171
3078	0.0	6.9	0.429
3079	0.0	6.9	1.159
3080	0.0	6.9	1.241
3081	0.0	6.9	1.246
3082	0.0	6.9	1.306
3083	0.0	6.9	1.246
3084	0.0	6.9	1.208
3085	0.0	6.9	1.118
3086	0.0	6.9	0.983
3087	0.0	6.9	0.896
3088	0.0	6.9	0.836
3089	0.0	6.9	0.869
3090	0.0	6.9	1.078
3091	0.0	6.9	1.203
3092	0.0	6.9	1.488
3093	0.0	6.9	1.528
3094	0.0	6.9	1.425
3095	0.0	6.9	0.858
3096	0.0	6.9	0.537
3097	0.0	6.8	0.372
3098	0.0	6.8	0.201
3099	0.0	6.8	0.079
3100	0.0	6.8	0.057
3101	0.0	6.8	0.171
3102	0.0	6.8	0.429
3103	0.0	6.8	1.159
3104	0.0	6.8	1.241
3105	0.0	6.8	1.246
3106	0.0	6.8	1.306
3107	0.0	6.8	1.246
3108	0.0	6.8	1.208
3109	0.0	6.8	1.118
3110	0.0	6.8	0.983
3111	0.0	6.8	0.896
3112	0.0	6.8	0.836
3113	0.0	6.8	0.869
3114	0.0	6.8	1.078
3115	0.0	6.8	1.203
3116	0.0	6.8	1.488
3117	0.0	6.8	1.528
3118	0.0	6.8	1.425
3119	0.0	6.8	0.858
3120	0.0	6.7	0.537
3121	0.0	6.7	0.372
3122	0.0	6.7	0.201
3123	0.0	6.7	0.079
3124	0.0	6.7	0.057
3125	0.0	6.7	0.171
3126	0.0	6.7	0.429
3127	0.0	6.7	1.159
3128	0.0	6.7	1.241
3129	0.0	6.7	1.246
3130	0.0	6.7	1.306
3131	0.0	6.7	1.246
3132	0.0	6.7	1.208
3133	0.0	6.7	1.118
3134	0.0	6.7	0.983
3135	0.0	6.7	0.896
3136	0.0	6.7	0.836
3137	0.0	6.7	0.869
3138	0.0	6.7	1.078
3139	0.0	6.7	1.203
3140	0.0	6.7	1.488
3141	0.0	6.6	1.528
3142	0.0	6.6	1.425
3143	0.0	6.6	0.858
3144	0.0	6.6	0.537
3145	0.0	6.6	0.372
3146	0.0	6.6	0.201
3147	0.0	6.6	0.079
3148	0.0	6.6	0.057
3149	0.0	6.6	0.171
3150	0.0	6.6	0.429
3151	0.0	6.6	1.159
3152	0.0	6.6	1.241
3153	0.0	6.6	1.246
3154	0.0	6.6	1.306
3155	0.0	6.6	1.246
3156	0.0	6.6	1.208
3157	0.0	6.6	1.118
3158	0.0	6.6	0.983
3159	0.0	6.6	0.896
3160	0.0	6.6	0.836
3161	0.0	6.6	0.869
3162	0.0	6.6	1.078
3163	0.0	6.6	1.203
3164	0.0	6.6	1.488
3165	0.0	6.6	1.528
3166	0.0	6.6	1.425
3167	0.0	6.5	0.858
3168	0.0	6.5	0.537
3169	0.0	6.5	0.372
3170	0.0	6.5	0.201
3171	0.0	6.5	0.079
3172	0.0	6.5	0.057
3173	0.0	6.5	0.171
3174	0.0	6.5	0.429
3175	0.0	6.5	1.159
3176	0.0	6.5	1.241
3177	0.0	6.5	1.246
3178	0.0	6.5	1.306
3179	0.0	6.5	1.246
3180	0.0	6.5	1.208
3181	0.0	6.5	1.118
3182	0.0	6.5	0.983
3183	0.0	6.5	0.896
3184	0.0	6.5	0.836
3185	0.0	6.5	0.869
3186	0.0	6.5	1.078
3187	0.0	6.5	1.203
3188	0.0	6.5	1.488
3189	0.0	6.5	1.528
3190	0.0	6.5	1.425
3191	0.0	6.4	0.858
3192	0.0	6.4	0.537
3193	0.0	6.4	0.372
3194	0.0	6.4	0.201
3195	0.0	6.4	0.079
3196	0.0	6.4	0.057
3197	0.0	6.4	0.171
3198	0.0	6.4	0.429
3199	0.0	6.4	1.159
3200	0.0	6.4	1.241
3201	0.0	6.4	1.246
3202	0.0	6.4	1.306
3203	0.0	6.4	1.246
3204	0.0	6.4	1.208
3205	0.0	6.4	1.118
3206	0.0	6.4	0.983
3207	0.0	6.4	0.896
3208	0.0	6.4	0.836
3209	0.0	6.4	0.869
3210	0.0	6.4	1.078
3211	0.0	6.4	1.203
3212	0.0	6.4	1.488
3213	0.0	6.4	1.528
3214	0.0	6.4	1.425
3215	0.0	6.4	0.858
3216	0.0	6.4	0.537
3217	0.0	6.3	0.372
3218	0.0	6.3	0.201
3219	0.0	6.3	0.079
3220	0.0	6.3	0.057
3221	0.0	6.3	0.171
3222	0.0	6.3	0.429
3223	0.0	6.3	1.159
3224	0.0	6.3	1.241
3225	0.0	6.3	1.246
3226	0.0	6.3	1.306
3227	0.0	6.3	1.246
3228	0.0	6.3	1.208
3229	0.0	6.3	1.118
3230	0.0	6.3	0.983
3231	0.0	6.3	0.896
3232	0.0	6.3	0.836
3233	0.0	6.3	0.869
3234	0.0	6.3	1.078
3235	0.0	6.3	1.203
3236	0.0	6.3	1.488
3237	0.0	6.3	1.528
3238	0.0	6.3	1.425
3239	0.0	6.3	0.858
3240	0.0	6.3	0.537
3241	0.0	6.3	0.372
3242	0.0	6.3	0.201
3243	0.0	6.2	0.079
3244	0.0	6.2	0.057
3245	0.0	6.2	0.171
3246	0.0	6.2	0.429
3247	0.0	6.2	1.159
3248	0.0	6.2	1.241
3249	0.0	6.2	1.246
3250	0.0	6.2	1.306
3251	0.0	6.2	1.246
3252	0.0	6.2	1.208
3253	0.0	6.2	1.118
3254	0.0	6.2	0.983
3255	0.0	6.2	0.896
3256	0.0	6.2	0.836
3257	0.0	6.2	0.869
3258	0.0	6.2	1.078
3259	0.0	6.2	1.203
3260	0.0	6.2	1.488
3261	0.0	6.2	1.528
3262	0.0	6.2	1.425
3263	0.0	6.1	0.858
3264	0.0	6.1	0.537
3265	0.0	6.1	0.372
3266	0.0	6.1	0.201
3267	0.0	6.1	0.079
3268	0.0	6.1	0.057
3269	0.0	6.1	0.171
3270	0.0	6.1	0.429
3271	0.0	6.1	1.159
3272	0.0	6.1	1.241
3273	0.0	6.1	1.246
3274	0.0	6.1	1.306
3275	0.0	6.1	1.246
3276	0.0	6.1	1.208
3277	0.0	6.1	1.118
3278	0.0	6.1	0.983
3279	0.0	6.1	0.896
3280	0.0	6.1	0.836
3281	0.0	6.1	0.869
3282	0.0	6.1	1.078
3283	0.0	6.1	1.203
3284	0.0	6.1	1.488
3285	0.0	6.1	1.528
3286	0.0	6.1	1.425
3287	0.0	6.1	0.858
3288	0.0	6.1	0.537
3289	0.0	6.1	0.372
3290	0.0	6.1	0.201
3291	0.0	6.1	0.079
3292	0.0	6.1	0.057
3293	0.0	6.0	0.171
3294	0.0	6.0	0.429
3295	0.0	6.0	1.159
3296	0.0	6.0	1.241
3297	0.0	6.0	1.246
3298	0.0	6.0	1.306
3299	0.0	6.0	1.246
3300	0.0	6.0	1.208
3301	0.0	6.0	1.118
3302	0.0	6.0	0.983
3303	0.0	6.0	0.896
3304	0.0	6.0	0.836
3305	0.0	6.0	0.869
3306	0.0	6.0	1.078
3307	0.0	6.0	1.203
3308	0.0	6.0	1.488
3309	0.0	6.0	1.528
3310	0.0	6.0	1.425
3311	0.0	6.0	0.858
3312	0.0	6.0	0.537
3313	0.0	6.0	0.372
3314	0.0	6.0	0.201
3315	0.0	6.0	0.079
3316	0.0	5.9	0.057
3317	0.0	5.9	0.171
3318	0.0	5.9	0.429
3319	0.0	5.9	1.159
3320	0.0	5.9	1.241
3321	0.0	5.9	1.246
3322	0.0	5.9	1.306
3323	0.0	5.9	1.246
3324	0.0	5.9	1.208
3325	0.0	5.9	1.118
3326	0.0	5.9	0.983
3327	0.0	5.9	0.896
3328	0.0	5.9	0.836
3329	0.0	5.9	0.869
3330	0.0	5.9	1.078
3331	0.0	5.9	1.203
3332	0.0	5.9	1.488
3333	0.0	5.9	1.528
3334	0.0	5.9	1.425
3335	0.0	5.9	0.858
3336	0.0	5.9	0.537
3337	0.0	5.9	0.372
3338	0.0	5.9	0.201
3339	0.0	5.9	0.079
3340	0.0	5.9	0.057
3341	0.0	5.9	0.171
3342	0.0	5.9	0.429
3343	0.0	5.9	1.159
3344	0.0	5.9	1.241
3345	0.0	5.8	1.246
3346	0.0	5.8	1.306
3347	0.0	5.8	1.246
3348	0.0	5.8	1.208
3349	0.0	5.8	1.118
3350	0.0	5.8	0.983
3351	0.0	5.8	0.896
3352	0.0	5.8	0.836
3353	0.0	5.8	0.869
3354	0.0	5.8	1.078
3355	0.0	5.8	1.203
3356	0.0	5.8	1.488
3357	0.0	5.8	1.528
3358	0.0	5.8	1.425
3359	0.0	5.8	0.858
3360	0.0	5.8	0.537
3361	0.0	5.8	0.372
3362	0.0	5.8	0.201
3363	0.0	5.8	0.079
3364	0.0	5.8	0.057
3365	0.0	5.8	0.171
3366	0.0	5.8	0.429
3367	0.0	5.8	1.159
3368	0.0	5.8	1.241
3369	0.0	5.8	1.246
3370	0.0	5.7	1.306
3371	0.0	5.7	1.246
3372	0.0	5.7	1.208
3373	0.0	5.7	1.118
3374	0.0	5.7	0.983
3375	0.0	5.7	0.896
3376	0.0	5.7	0.836
3377	0.0	5.7	0.869
3378	0.0	5.7	1.078
3379	0.0	5.7	1.203
3380	0.0	5.7	1.488
3381	0.0	5.7	1.528
3382	0.0	5.7	1.425
3383	0.0	5.7	0.858
3384	0.0	5.7	0.537
3385	0.0	5.7	0.372
3386	0.0	5.7	0.201
3387	0.0	5.7	0.079
3388	0.0	5.7	0.057
3389	0.0	5.7	0.171
3390	0.0	5.7	0.429
3391	0.0	5.7	1.159
3392	0.0	5.7	1.241
3393	0.0	5.7	1.246
3394	0.0	5.7	1.306
3395	0.0	5.7	1.246
3396	0.0	5.7	1.208
3397	0.0	5.6	1.118
3398	0.0	5.6	0.983
3399	0.0	5.6	0.896
3400	0.0	5.6	0.836
3401	0.0	5.6	0.869
3402	0.0	5.6	1.078
3403	0.0	5.6	1.203
3404	0.0	5.6	1.488
3405	0.0	5.6	1.528
3406	0.0	5.6	1.425
3407	0.0	5.6	0.858
3408	0.0	5.6	0.537
3409	0.0	5.6	0.372
3410	0.0	5.6	0.201
3411	0.0	5.6	0.079
3412	0.0	5.6	0.057
3413	0.0	5.6	0.171
3414	0.0	5.6	0.429
3415	0.0	5.6	1.159
3416	0.0	5.6	1.241
3417	0.0	5.6	1.246
3418	0.0	5.6	1.306
3419	0.0	5.6	1.246
3420	0.0	5.6	1.208
3421	0.0	5.6	1.118
3422	0.0	5.6	0.983
3423	0.0	5.6	0.896
3424	0.0	5.6	0.836
3425	0.0	5.6	0.869
3426	0.0	5.6	1.078
3427	0.0	5.6	1.203
3428	0.0	5.6	1.488
3429	0.0	5.6	1.528
3430	0.0	5.5	1.425
3431	0.0	5.5	0.858
3432	0.0	5.5	0.537
3433	0.0	5.5	0.372
3434	0.0	5.5	0.201
3435	0.0	5.5	0.079
3436	0.0	5.5	0.057
3437	0.0	5.5	0.171
3438	0.0	5.5	0.429
3439	0.0	5.5	1.159
3440	0.0	5.5	1.241
3441	0.0	5.5	1.246
3442	0.0	5.5	1.306
3443	0.0	5.5	1.246
3444	0.0	5.5	1.208
3445	0.0	5.5	1.118
3446	0.0	5.5	0.983
3447	0.0	5.5	0.896
3448	0.0	5.5	0.836
3449	0.0	5.5	0.869
3450	0.0	5.5	1.078
3451	0.0	5.4	1.203
3452	0.0	5.4	1.488
3453	0.0	5.4	1.528
3454	0.0	5.4	1.425
3455	0.0	5.4	0.858
3456	0.0	5.4	0.537
3457	0.0	5.4	0.372
3458	0.0	5.4	0.201
3459	0.0	5.4	0.079
3460	0.0	5.4	0.057
3461	0.0	5.4	0.171
3462	0.0	5.4	0.429
3463	0.0	5.4	1.159
3464	0.0	5.4	1.241
3465	0.0	5.4	1.246
3466	0.0	5.4	1.306
3467	0.0	5.4	1.246
3468	0.0	5.4	1.208
3469	0.0	5.4	1.118
3470	0.0	5.4	0.983
3471	0.0	5.3	0.896
3472	0.0	5.3	0.836
3473	0.0	5.3	0.869
3474	0.0	5.3	1.078
3475	0.0	5.3	1.203
3476	0.0	5.3	1.488
3477	0.0	5.3	1.528
3478	0.0	5.3	1.425
3479	0.0	5.3	0.858
3480	0.0	5.3	0.537
3481	0.0	5.3	0.372
3482	0.0	5.3	0.201
3483	0.0	5.3	0.079
3484	0.0	5.3	0.057
3485	0.0	5.3	0.171
3486	0.0	5.3	0.429
3487	0.0	5.3	1.159
3488	0.0	5.3	1.241
3489	0.0	5.3	1.246
3490	0.0	5.3	1.306
3491	0.0	5.3	1.246
3492	0.0	5.3	1.208
3493	0.0	5.3	1.118
3494	0.0	5.3	0.983
3495	0.0	5.3	0.896
3496	0.0	5.3	0.836
3497	0.0	5.3	0.869
3498	0.0	5.3	1.078
3499	0.0	5.3	1.203
3500	0.0	5.3	1.488
3501	0.0	5.3	1.528
3502	0.0	5.3	1.425
3503	0.0	5.3	0.858
3504	0.0	5.2	0.537
3505	0.0	5.2	0.372
3506	0.0	5.2	0.201
3507	0.0	5.2	0.079
3508	0.0	5.2	0.057
3509	0.0	5.2	0.171
3510	0.0	5.2	0.429
3511	0.0	5.2	1.159
3512	0.0	5.2	1.241
3513	0.0	5.2	1.246
3514	0.0	5.2	1.306
3515	0.0	5.2	1.246
3516	0.0	5.2	1.208
3517	0.0	5.2	1.118
3518	0.0	5.2	0.983
3519	0.0	5.2	0.896
3520	0.0	5.2	0.836
3521	0.0	5.2	0.869
3522	0.0	5.2	1.078
3523	0.0	5.2	1.203
3524	0.0	5.2	1.488
3525	0.0	5.2	1.528
3526	0.0	5.2	1.425
3527	0.0	5.2	0.858
3528	0.0	5.2	0.537
3529	0.0	5.2	0.372
3530	0.0	5.2	0.201
3531	0.0	5.2	0.079
3532	0.0	5.2	0.057
3533	0.0	5.2	0.171
3534	0.0	5.2	0.429
3535	0.0	5.2	1.159
3536	0.0	5.2	1.241
3537	0.0	5.2	1.246
3538	0.0	5.2	1.306
3539	0.0	5.2	1.246
3540	0.0	5.2	1.208
3541	0.0	5.2	1.118
3542	0.0	5.2	0.983
3543	0.0	5.2	0.896
3544	0.0	5.1	0.836
3545	0.0	5.1	0.869
3546	0.0	5.1	1.078
3547	0.0	5.1	1.203
3548	0.0	5.1	1.488
3549	0.0	5.1	1.528
3550	0.0	5.1	1.425
3551	0.0	5.1	0.858
3552	0.0	5.1	0.537
3553	0.0	5.1	0.372
3554	0.0	5.1	0.201
3555	0.0	5.1	0.079
3556	0.0	5.1	0.057
3557	0.0	5.1	0.171
3558	0.0	5.1	0.429
3559	0.0	5.1	1.159
3560	0.0	5.1	1.241
3561	0.0	5.1	1.246
3562	0.0	5.1	1.306
3563	0.0	5.1	1.246
3564	0.0	5.1	1.208
3565	0.0	5.1	1.118
3566	0.0	5.1	0.983
3567	0.0	5.1	0.896
3568	0.0	5.1	0.836
3569	0.0	5.1	0.869
3570	0.0	5.1	1.078
3571	0.0	5.0	1.203
3572	0.0	5.0	1.488
3573	0.0	5.0	1.528
3574	0.0	5.0	1.425
3575	0.0	5.0	0.858
3576	0.0	5.0	0.537
3577	0.0	5.0	0.372
3578	0.0	5.0	0.201
3579	0.0	5.0	0.079
3580	0.0	5.0	0.057
3581	0.0	5.0	0.171
3582	0.0	5.0	0.429
3583	0.0	5.0	1.159
3584	0.0	5.0	1.241
3585	0.0	5.0	1.246
3586	0.0	5.0	1.306
3587	0.0	5.0	1.246
3588	0.0	5.0	1.208
3589	0.0	5.0	1.118
3590	0.0	5.0	0.983
3591	0.0	5.0	0.896
3592	0.0	5.0	0.836
3593	0.0	5.0	0.869
3594	0.0	5.0	1.078
3595	0.0	5.0	1.203
3596	0.0	5.0	1.488
3597	0.0	5.0	1.528
3598	0.0	5.0	1.425
3599	0.0	5.0	0.858
3600	0.0	5.0	0.537
3601	0.0	5.0	0.372
3602	0.0	5.0	0.201
3603	0.0	5.0	0.079
3604	0.0	5.0	0.057
3605	0.0	5.0	0.171
3606	0.0	4.9	0.429
3607	0.0	4.9	1.159
3608	0.0	4.9	1.241
3609	0.0	4.9	1.246
3610	0.0	4.9	1.306
3611	0.0	4.9	1.246
3612	0.0	4.9	1.208
3613	0.0	4.9	1.118
3614	0.0	4.9	0.983
3615	0.0	4.9	0.896
3616	0.0	4.9	0.836
3617	0.0	4.9	0.869
3618	0.0	4.9	1.078
3619	0.0	4.9	1.203
3620	0.0	4.9	1.488
3621	0.0	4.9	1.528
3622	0.0	4.9	1.425
3623	0.0	4.9	0.858
3624	0.0	4.9	0.537
3625	0.0	4.9	0.372
3626	0.0	4.9	0.201
3627	0.0	4.9	0.079
3628	0.0	4.9	0.057
3629	0.0	4.9	0.171
3630	0.0	4.9	0.429
3631	0.0	4.9	1.159
3632	0.0	4.9	1.241
3633	0.0	4.9	1.246
3634	0.0	4.9	1.306
3635	0.0	4.9	1.246
3636	0.0	4.9	1.208
3637	0.0	4.9	1.118
3638	0.0	4.9	0.983
3639	0.0	4.9	0.896
3640	0.0	4.9	0.836
3641	0.0	4.9	0.869
3642	0.0	4.9	1.078
3643	0.0	4.9	1.203
3644	0.0	4.9	1.488
3645	0.0	4.9	1.528
3646	0.0	4.9	1.425
3647	0.0	4.9	0.858
3648	0.0	4.9	0.537
3649	0.0	4.8	0.372
3650	0.0	4.8	0.201
3651	0.0	4.8	0.079
3652	0.0	4.8	0.057
3653	0.0	4.8	0.171
3654	0.0	4.8	0.429
3655	0.0	4.8	1.159
3656	0.0	4.8	1.241
3657	0.0	4.8	1.246
3658	0.0	4.8	1.306
3659	0.0	4.8	1.246
3660	0.0	4.8	1.208
3661	0.0	4.8	1.118
3662	0.0	4.8	0.983
3663	0.0	4.8	0.896
3664	0.0	4.8	0.836
3665	0.0	4.8	0.869
3666	0.0	4.8	1.078
3667	0.0	4.8	1.203
3668	0.0	4.8	1.488
3669	0.0	4.8	1.528
3670	0.0	4.8	1.425
3671	0.0	4.8	0.858
3672	0.0	4.8	0.537
3673	0.0	4.8	0.372
3674	0.0	4.8	0.201
3675	0.0	4.8	0.079
3676	0.0	4.8	0.057
3677	0.0	4.8	0.171
3678	0.0	4.8	0.429
3679	0.0	4.8	1.159
3680	0.0	4.8	1.241
3681	0.0	4.7	1.246
3682	0.0	4.7	1.306
3683	0.0	4.7	1.246
3684	0.0	4.7	1.208
3685	0.0	4.7	1.118
3686	0.0	4.7	0.983
3687	0.0	4.7	0.896
3688	0.0	4.7	0.836
3689	0.0	4.7	0.869
3690	0.0	4.7	1.078
3691	0.0	4.7	1.203
3692	0.0	4.7	1.488
3693	0.0	4.7	1.528
3694	0.0	4.7	1.425
3695	0.0	4.7	0.858
3696	0.0	4.7	0.537
3697	0.0	4.7	0.372
3698	0.0	4.7	0.201
3699	0.0	4.7	0.079
3700	0.0	4.7	0.057
3701	0.0	4.7	0.171
3702	0.0	4.7	0.429
3703	0.0	4.7	1.159
3704	0.0	4.7	1.241
3705	0.0	4.7	1.246
3706	0.0	4.7	1.306
3707	0.0	4.7	1.246
3708	0.0	4.7	1.208
3709	0.0	4.7	1.118
3710	0.0	4.7	0.983
3711	0.0	4.7	0.896
3712	0.0	4.7	0.836
3713	0.0	4.7	0.869
3714	0.0	4.7	1.078
3715	0.0	4.7	1.203
3716	0.0	4.7	1.488
3717	0.0	4.7	1.528
3718	0.0	4.7	1.425
3719	0.0	4.7	0.858
3720	0.0	4.6	0.537
3721	0.0	4.6	0.372
3722	0.0	4.6	0.201
3723	0.0	4.6	0.079
3724	0.0	4.6	0.057
3725	0.0	4.6	0.171
3726	0.0	4.6	0.429
3727	0.0	4.6	1.159
3728	0.0	4.6	1.241
3729	0.0	4.6	1.246
3730	0.0	4.6	1.306
3731	0.0	4.6	1.246
3732	0.0	4.6	1.208
3733	0.0	4.6	1.118
3734	0.0	4.6	0.983
3735	0.0	4.6	0.896
3736	0.0	4.6	0.836
3737	0.0	4.6	0.869
3738	0.0	4.6	1.078
3739	0.0	4.6	1.203
3740	0.0	4.6	1.488
3741	0.0	4.6	1.528
3742	0.0	4.6	1.425
3743	0.0	4.6	0.858
3744	0.0	4.6	0.537
3745	0.0	4.6	0.372
3746	0.0	4.6	0.201
3747	0.0	4.6	0.079
3748	0.0	4.6	0.057
3749	0.0	4.6	0.171
3750	0.0	4.6	0.429
3751	0.0	4.6	1.159
3752	0.0	4.6	1.241
3753	0.0	4.6	1.246
3754	0.0	4.6	1.306
3755	0.0	4.6	1.246
3756	0.0	4.6	1.208
3757	0.0	4.6	1.118
3758	0.0	4.6	0.983
3759	0.0	4.6	0.896
3760	0.0	4.6	0.836
3761	0.0	4.5	0.869
3762	0.0	4.5	1.078
3763	0.0	4.5	1.203
3764	0.0	4.5	1.488
3765	0.0	4.5	1.528
3766	0.0	4.5	1.425
3767	0.0	4.5	0.858
3768	0.0	4.5	0.537
3769	0.0	4.5	0.372
3770	0.0	4.5	0.201
3771	0.0	4.5	0.079
3772	0.0	4.5	0.057
3773	0.0	4.5	0.171
3774	0.0	4.5	0.429
3775	0.0	4.5	1.159
3776	0.0	4.5	1.241
3777	0.0	4.5	1.246
3778	0.0	4.5	1.306
3779	0.0	4.5	1.246
3780	0.0	4.5	1.208
3781	0.0	4.5	1.118
3782	0.0	4.5	0.983
3783	0.0	4.5	0.896
3784	0.0	4.5	0.836
3785	0.0	4.5	0.869
3786	0.0	4.5	1.078
3787	0.0	4.5	1.203
3788	0.0	4.5	1.488
3789	0.0	4.5	1.528
3790	0.0	4.5	1.425
3791	0.0	4.5	0.858
3792	0.0	4.5	0.537
3793	0.0	4.5	0.372
3794	0.0	4.4	0.201
3795	0.0	4.4	0.079
3796	0.0	4.4	0.057
3797	0.0	4.4	0.171
3798	0.0	4.4	0.429
3799	0.0	4.4	1.159
3800	0.0	4.4	1.241
3801	0.0	4.4	1.246
3802	0.0	4.4	1.306
3803	0.0	4.4	1.246
3804	0.0	4.4	1.208
3805	0.0	4.4	1.118
3806	0.0	4.4	0.983
3807	0.0	4.4	0.896
3808	0.0	4.4	0.836
3809	0.0	4.4	0.869
3810	0.0	4.4	1.078
3811	0.0	4.4	1.203
3812	0.0	4.4	1.488
3813	0.0	4.4	1.528
3814	0.0	4.4	1.425
3815	0.0	4.4	0.858
3816	0.0	4.4	0.537
3817	0.0	4.4	0.372
3818	0.0	4.4	0.201
3819	0.0	4.4	0.079
3820	0.0	4.4	0.057
3821	0.0	4.4	0.171
3822	0.0	4.4	0.429
3823	0.0	4.4	1.159
3824	0.0	4.4	1.241
3825	0.0	4.3	1.246
3826	0.0	4.3	1.306
3827	0.0	4.3	1.246
3828	0.0	4.3	1.208
3829	0.0	4.3	1.118
3830	0.0	4.3	0.983
3831	0.0	4.3	0.896
3832	0.0	4.3	0.836
3833	0.0	4.3	0.869
3834	0.0	4.3	1.078
3835	0.0	4.3	1.203
3836	0.0	4.3	1.488
3837	0.0	4.3	1.528
3838	0.0	4.3	1.425
3839	0.0	4.3	0.858
3840	0.0	4.3	0.537
3841	0.0	4.3	0.372
3842	0.0	4.3	0.201
3843	0.0	4.3	0.079
3844	0.0	4.3	0.057
3845	0.0	4.3	0.171
3846	0.0	4.3	0.429
3847	0.0	4.3	1.159
3848	0.0	4.3	1.241
3849	0.0	4.3	1.246
3850	0.0	4.3	1.306
3851	0.0	4.3	1.246
3852	0.0	4.3	1.208
3853	0.0	4.3	1.118
3854	0.0	4.3	0.983
3855	0.0	4.3	0.896
3856	0.0	4.3	0.836
3857	0.0	4.3	0.869
3858	0.0	4.3	1.078
3859	0.0	4.3	1.203
3860	0.0	4.3	1.488
3861	0.0	4.3	1.528
3862	0.0	4.3	1.425
3863	0.0	4.3	0.858
3864	0.0	4.3	0.537
3865	0.0	4.3	0.372
3866	0.0	4.3	0.201
3867	0.0	4.3	0.079
3868	0.0	4.3	0.057
3869	0.0	4.3	0.171
3870	0.0	4.3	0.429
3871	0.0	4.3	1.159
3872	0.0	4.2	1.241
3873	0.0	4.2	1.246
3874	0.0	4.2	1.306
3875	0.0	4.2	1.246
3876	0.0	4.2	1.208
3877	0.0	4.2	1.118
3878	0.0	4.2	0.983
3879	0.0	4.2	0.896
3880	0.0	4.2	0.836
3881	0.0	4.2	0.869
3882	0.0	4.2	1.078
3883	0.0	4.2	1.203
3884	0.0	4.2	1.488
3885	0.0	4.2	1.528
3886	0.0	4.2	1.425
3887	0.0	4.2	0.858
3888	0.0	4.2	0.537
3889	0.0	4.2	0.372
3890	0.0	4.2	0.201
3891	0.0	4.2	0.079
3892	0.0	4.2	0.057
3893	0.0	4.2	0.171
3894	0.0	4.2	0.429
3895	0.0	4.2	1.159
3896	0.0	4.2	1.241
3897	0.0	4.2	1.246
3898	0.0	4.2	1.306
3899	0.0	4.2	1.246
3900	0.0	4.2	1.208
3901	0.0	4.2	1.118
3902	0.0	4.2	0.983
3903	0.0	4.2	0.896
3904	0.0	4.2	0.836
3905	0.0	4.2	0.869
3906	0.0	4.2	1.078
3907	0.0	4.2	1.203
3908	0.0	4.1	1.488
3909	0.0	4.1	1.528
3910	0.0	4.1	1.425
3911	0.0	4.1	0.858
3912	0.0	4.1	0.537
3913	0.0	4.1	0.372
3914	0.0	4.1	0.201
3915	0.0	4.1	0.079
3916	0.0	4.1	0.057
3917	0.0	4.1	0.171
3918	0.0	4.1	0.429
3919	0.0	4.1	1.159
3920	0.0	4.1	1.241
3921	0.0	4.1	1.246
3922	0.0	4.1	1.306
3923	0.0	4.1	1.246
3924	0.0	4.1	1.208
3925	0.0	4.1	1.118
3926	0.0	4.1	0.983
3927	0.0	4.1	0.896
3928	0.0	4.1	0.836
3929	0.0	4.1	0.869
3930	0.0	4.1	1.078
3931	0.0	4.1	1.203
3932	0.0	4.1	1.488
3933	0.0	4.1	1.528
3934	0.0	4.1	1.425
3935	0.0	4.1	0.858
3936	0.0	4.1	0.537
3937	0.0	4.1	0.372
3938	0.0	4.1	0.201
3939	0.0	4.1	0.079
3940	0.0	4.1	0.057
3941	0.0	4.1	0.171
3942	0.0	4.1	0.429
3943	0.0	4.1	1.159
3944	0.0	4.1	1.241
3945	0.0	4.1	1.246
3946	0.0	4.1	1.306
3947	0.0	4.0	1.246
3948	0.0	4.0	1.208
3949	0.0	4.0	1.118
3950	0.0	4.0	0.983
3951	0.0	4.0	0.896
3952	0.0	4.0	0.836
3953	0.0	4.0	0.869
3954	0.0	4.0	1.078
3955	0.0	4.0	1.203
3956	0.0	4.0	1.488
3957	0.0	4.0	1.528
3958	0.0	4.0	1.425
3959	0.0	4.0	0.858
3960	0.0	4.0	0.537
3961	0.0	4.0	0.372
3962	0.0	4.0	0.201
3963	0.0	4.0	0.079
3964	0.0	4.0	0.057
3965	0.0	4.0	0.171
3966	0.0	4.0	0.429
3967	0.0	3.9	1.159
3968	0.0	3.9	1.241
3969	0.0	3.9	1.246
3970	0.0	3.9	1.306
3971	0.0	3.9	1.246
3972	0.0	3.9	1.208
3973	0.0	3.9	1.118
3974	0.0	3.9	0.983
3975	0.0	3.9	0.896
3976	0.0	3.9	0.836
3977	0.0	3.9	0.869
3978	0.0	3.9	1.078
3979	0.0	3.9	1.203
3980	0.0	3.9	1.488
3981	0.0	3.9	1.528
3982	0.0	3.9	1.425
3983	0.0	3.9	0.858
3984	0.0	3.9	0.537
3985	0.0	3.9	0.372
3986	0.0	3.9	0.201
3987	0.0	3.9	0.079
3988	0.0	3.9	0.057
3989	0.0	3.9	0.171
3990	0.0	3.9	0.429
3991	0.0	3.9	1.159
3992	0.0	3.9	1.241
3993	0.0	3.9	1.246
3994	0.0	3.9	1.306
3995	0.0	3.9	1.246
3996	0.0	3.9	1.208
3997	0.0	3.9	1.118
3998	0.0	3.9	0.983
3999	0.0	3.9	0.896
4000	0.0	3.9	0.836
4001	0.0	3.9	0.869
4002	0.0	3.9	1.078
4003	0.0	3.9	1.203
4004	0.0	3.9	1.488
4005	0.0	3.9	1.528
4006	0.0	3.8	1.425
4007	0.0	3.8	0.858
4008	0.0	3.8	0.537
4009	0.0	3.8	0.372
4010	0.0	3.8	0.201
4011	0.0	3.8	0.079
4012	0.0	3.8	0.057
4013	0.0	3.8	0.171
4014	0.0	3.8	0.429
4015	0.0	3.8	1.159
4016	0.0	3.8	1.241
4017	0.0	3.8	1.246
4018	0.0	3.8	1.306
4019	0.0	3.8	1.246
4020	0.0	3.8	1.208
4021	0.0	3.8	1.118
4022	0.0	3.8	0.983
4023	0.0	3.8	0.896
4024	0.0	3.8	0.836
4025	0.0	3.8	0.869
4026	0.0	3.8	1.078
4027	0.0	3.8	1.203
4028	0.0	3.8	1.488
4029	0.0	3.8	1.528
4030	0.0	3.8	1.425
4031	0.0	3.8	0.858
4032	0.0	3.8	0.537
4033	0.0	3.8	0.372
4034	0.0	3.7	0.201
4035	0.0	3.7	0.079
4036	0.0	3.7	0.057
4037	0.0	3.7	0.171
4038	0.0	3.7	0.429
4039	0.0	3.7	1.159
4040	0.0	3.7	1.241
4041	0.0	3.7	1.246
4042	0.0	3.7	1.306
4043	0.0	3.7	1.246
4044	0.0	3.7	1.208
4045	0.0	3.7	1.118
4046	0.0	3.7	0.983
4047	0.0	3.7	0.896
4048	0.0	3.7	0.836
4049	0.0	3.7	0.869
4050	0.0	3.7	1.078
4051	0.0	3.7	1.203
4052	0.0	3.7	1.488
4053	0.0	3.7	1.528
4054	0.0	3.7	1.425
4055	0.0	3.7	0.858
4056	0.0	3.7	0.537
4057	0.0	3.7	0.372
4058	0.0	3.7	0.201
4059	0.0	3.7	0.079
4060	0.0	3.7	0.057
4061	0.0	3.7	0.171
4062	0.0	3.7	0.429
4063	0.0	3.7	1.159
4064	0.0	3.7	1.241
4065	0.0	3.7	1.246
4066	0.0	3.7	1.306
4067	0.0	3.7	1.246
4068	0.0	3.7	1.208
4069	0.0	3.7	1.118
4070	0.0	3.7	0.983
4071	0.0	3.7	0.896
4072	0.0	3.6	0.836
4073	0.0	3.6	0.869
4074	0.0	3.6	1.078
4075	0.0	3.6	1.203
4076	0.0	3.6	1.488
4077	0.0	3.6	1.528
4078	0.0	3.6	1.425
4079	0.0	3.6	0.858
4080	0.0	3.6	0.537
4081	0.0	3.6	0.372
4082	0.0	3.6	0.201
4083	0.0	3.6	0.079
4084	0.0	3.6	0.057
4085	0.0	3.6	0.171
4086	0.0	3.6	0.429
4087	0.0	3.6	1.159
4088	0.0	3.6	1.241
4089	0.0	3.6	1.246
4090	0.0	3.6	1.306
4091	0.0	3.6	1.246
4092	0.0	3.6	1.208
4093	0.0	3.6	1.118
4094	0.0	3.6	0.983
4095	0.0	3.6	0.896
4096	0.0	3.6	0.836
4097	0.0	3.6	0.869
4098	0.0	3.6	1.078
4099	0.0	3.6	1.203
4100	0.0	3.6	1.488
4101	0.0	3.6	1.528
4102	0.0	3.6	1.425
4103	0.0	3.6	0.858
4104	0.0	3.6	0.537
4105	0.0	3.6	0.372
4106	0.0	3.6	0.201
4107	0.0	3.6	0.079
4108	0.0	3.6	0.057
4109	0.0	3.6	0.171
4110	0.0	3.6	0.429
4111	0.0	3.6	1.159
4112	0.0	3.6	1.241
4113	0.0	3.6	1.246
4114	0.0	3.6	1.306
4115	0.0	3.5	1.246
4116	0.0	3.5	1.208
4117	0.0	3.5	1.118
4118	0.0	3.5	0.983
4119	0.0	3.5	0.896
4120	0.0	3.5	0.836
4121	0.0	3.5	0.869
4122	0.0	3.5	1.078
4123	0.0	3.5	1.203
4124	0.0	3.5	1.488
4125	0.0	3.5	1.528
4126	0.0	3.5	1.425
4127	0.0	3.5	0.858
4128	0.0	3.5	0.537
4129	0.0	3.5	0.372
4130	0.0	3.5	0.201
4131	0.0	3.5	0.079
4132	0.0	3.5	0.057
4133	0.0	3.5	0.171
4134	0.0	3.5	0.429
4135	0.0	3.5	1.159
4136	0.0	3.5	1.241
4137	0.0	3.5	1.246
4138	0.0	3.5	1.306
4139	0.0	3.5	1.246
4140	0.0	3.5	1.208
4141	0.0	3.5	1.118
4142	0.0	3.5	0.983
4143	0.0	3.5	0.896
4144	0.0	3.5	0.836
4145	0.0	3.5	0.869
4146	0.0	3.5	1.078
4147	0.0	3.5	1.203
4148	0.0	3.5	1.488
4149	0.0	3.5	1.528
4150	0.0	3.5	1.425
4151	0.0	3.5	0.858
4152	0.0	3.4	0.537
4153	0.0	3.4	0.372
4154	0.0	3.4	0.201
4155	0.0	3.4	0.079
4156	0.0	3.4	0.057
4157	0.0	3.4	0.171
4158	0.0	3.4	0.429
4159	0.0	3.4	1.159
4160	0.0	3.4	1.241
4161	0.0	3.4	1.246
4162	0.0	3.4	1.306
4163	0.0	3.4	1.246
4164	0.0	3.4	1.208
4165	0.0	3.4	1.118
4166	0.0	3.4	0.983
4167	0.0	3.4	0.896
4168	0.0	3.4	0.836
4169	0.0	3.4	0.869
4170	0.0	3.4	1.078
4171	0.0	3.4	1.203
4172	0.0	3.4	1.488
4173	0.0	3.4	1.528
4174	0.0	3.4	1.425
4175	0.0	3.4	0.858
4176	0.0	3.4	0.537
4177	0.0	3.4	0.372
4178	0.0	3.4	0.201
4179	0.0	3.4	0.079
4180	0.0	3.4	0.057
4181	0.0	3.4	0.171
4182	0.0	3.4	0.429
4183	0.0	3.4	1.159
4184	0.0	3.4	1.241
4185	0.0	3.4	1.246
4186	0.0	3.4	1.306
4187	0.0	3.4	1.246
4188	0.0	3.4	1.208
4189	0.0	3.4	1.118
4190	0.0	3.4	0.983
4191	0.0	3.4	0.896
4192	0.0	3.4	0.836
4193	0.0	3.4	0.869
4194	0.0	3.4	1.078
4195	0.0	3.4	1.203
4196	0.0	3.4	1.488
4197	0.0	3.3	1.528
4198	0.0	3.3	1.425
4199	0.0	3.3	0.858
4200	0.0	3.3	0.537
4201	0.0	3.3	0.372
4202	0.0	3.3	0.201
4203	0.0	3.3	0.079
4204	0.0	3.3	0.057
4205	0.0	3.3	0.171
4206	0.0	3.3	0.429
4207	0.0	3.3	1.159
4208	0.0	3.3	1.241
4209	0.0	3.3	1.246
4210	0.0	3.3	1.306
4211	0.0	3.3	1.246
4212	0.0	3.3	1.208
4213	0.0	3.3	1.118
4214	0.0	3.3	0.983
4215	0.0	3.3	0.896
4216	0.0	3.3	0.836
4217	0.0	3.3	0.869
4218	0.0	3.3	1.078
4219	0.0	3.3	1.203
4220	0.0	3.3	1.488
4221	0.0	3.3	1.528
4222	0.0	3.3	1.425
4223	0.0	3.3	0.858
4224	0.0	3.3	0.537
4225	0.0	3.3	0.372
4226	0.0	3.2	0.201
4227	0.0	3.2	0.079
4228	0.0	3.2	0.057
4229	0.0	3.2	0.171
4230	0.0	3.2	0.429
4231	0.0	3.2	1.159
4232	0.0	3.2	1.241
4233	0.0	3.2	1.246
4234	0.0	3.2	1.306
4235	0.0	3.2	1.246
4236	0.0	3.2	1.208
4237	0.0	3.2	1.118
4238	0.0	3.2	0.983
4239	0.0	3.2	0.896
4240	0.0	3.2	0.836
4241	0.0	3.2	0.869
4242	0.0	3.2	1.078
4243	0.0	3.2	1.203
4244	0.0	3.2	1.488
4245	0.0	3.2	1.528
4246	0.0	3.2	1.425
4247	0.0	3.2	0.858
4248	0.0	3.2	0.537
4249	0.0	3.2	0.372
4250	0.0	3.2	0.201
4251	0.0	3.2	0.079
4252	0.0	3.2	0.057
4253	0.0	3.2	0.171
4254	0.0	3.2	0.429
4255	0.0	3.2	1.159
4256	0.0	3.2	1.241
4257	0.0	3.2	1.246
4258	0.0	3.2	1.306
4259	0.0	3.2	1.246
4260	0.0	3.2	1.208
4261	0.0	3.2	1.118
4262	0.0	3.2	0.983
4263	0.0	3.2	0.896
4264	0.0	3.2	0.836
4265	0.0	3.2	0.869
4266	0.0	3.2	1.078
4267	0.0	3.2	1.203
4268	0.0	3.2	1.488
4269	0.0	3.2	1.528
4270	0.0	3.2	1.425
4271	0.0	3.2	0.858
4272	0.0	3.2	0.537
4273	0.0	3.2	0.372
4274	0.0	3.2	0.201
4275	0.0	3.2	0.079
4276	0.0	3.1	0.057
4277	0.0	3.1	0.171
4278	0.0	3.1	0.429
4279	0.0	3.1	1.159
4280	0.0	3.1	1.241
4281	0.0	3.1	1.246
4282	0.0	3.1	1.306
4283	0.0	3.1	1.246
4284	0.0	3.1	1.208
4285	0.0	3.1	1.118
4286	0.0	3.1	0.983
4287	0.0	3.1	0.896
4288	0.0	3.1	0.836
4289	0.0	3.1	0.869
4290	0.0	3.1	1.078
4291	0.0	3.1	1.203
4292	0.0	3.1	1.488
4293	0.0	3.1	1.528
4294	0.0	3.1	1.425
4295	0.0	3.1	0.858
4296	0.0	3.1	0.537
4297	0.0	3.1	0.372
4298	0.0	3.1	0.201
4299	0.0	3.1	0.079
4300	0.0	3.1	0.057
4301	0.0	3.1	0.171
4302	0.0	3.1	0.429
4303	0.0	3.1	1.159
4304	0.0	3.1	1.241
4305	0.0	3.1	1.246
4306	0.0	3.1	1.306
4307	0.0	3.1	1.246
4308	0.0	3.1	1.208
4309	0.0	3.1	1.118
4310	0.0	3.1	0.983
4311	0.0	3.1	0.896
4312	0.0	3.1	0.836
4313	0.0	3.1	0.869
4314	0.0	3.1	1.078
4315	0.0	3.1	1.203
4316	0.0	3.1	1.488
4317	0.0	3.1	1.528
4318	0.0	3.1	1.425
4319	0.0	3.1	0.858
4320	0.0	3.1	0.537
4321	0.0	3.0	0.372
4322	0.0	3.0	0.201
4323	0.0	3.0	0.079
4324	0.0	3.0	0.057
4325	0.0	3.0	0.171
4326	0.0	3.0	0.429
4327	0.0	3.0	1.159
4328	0.0	3.0	1.241
4329	0.0	3.0	1.246
4330	0.0	3.0	1.306
4331	0.0	3.0	1.246
4332	0.0	3.0	1.208
4333	0.0	3.0	1.118
4334	0.0	3.0	0.983
4335	0.0	3.0	0.896
4336	0.0	3.0	0.836
4337	0.0	3.0	0.869
4338	0.0	3.0	1.078
4339	0.0	3.0	1.203
4340	0.0	3.0	1.488
4341	0.0	3.0	1.528
4342	0.0	3.0	1.425
4343	0.0	3.0	0.858
4344	0.0	3.0	0.537
4345	0.0	3.0	0.372
4346	0.0	3.0	0.201
4347	0.0	3.0	0.079
4348	0.0	3.0	0.057
4349	0.0	3.0	0.171
4350	0.0	3.0	0.429
4351	0.0	3.0	1.159
4352	0.0	2.9	1.241
4353	0.0	2.9	1.246
4354	0.0	2.9	1.306
4355	0.0	2.9	1.246
4356	0.0	2.9	1.208
4357	0.0	2.9	1.118
4358	0.0	2.9	0.983
4359	0.0	2.9	0.896
4360	0.0	2.9	0.836
4361	0.0	2.9	0.869
4362	0.0	2.9	1.078
4363	0.0	2.9	1.203
4364	0.0	2.9	1.488
4365	0.0	2.9	1.528
4366	0.0	2.9	1.425
4367	0.0	2.9	0.858
4368	0.0	2.9	0.537
4369	0.0	2.9	0.372
4370	0.0	2.9	0.201
4371	0.0	2.9	0.079
4372	0.0	2.9	0.057
4373	0.0	2.9	0.171
4374	0.0	2.9	0.429
4375	0.0	2.9	1.159
4376	0.0	2.9	1.241
4377	0.0	2.9	1.246
4378	0.0	2.8	1.306
4379	0.0	2.8	1.246
4380	0.0	2.8	1.208
4381	0.0	2.8	1.118
4382	0.0	2.8	0.983
4383	0.0	2.8	0.896
4384	0.0	2.8	0.836
4385	0.0	2.8	0.869
4386	0.0	2.8	1.078
4387	0.0	2.8	1.203
4388	0.0	2.8	1.488
4389	0.0	2.8	1.528
4390	0.0	2.8	1.425
4391	0.0	2.8	0.858
4392	0.0	2.8	0.537
4393	0.0	2.8	0.372
4394	0.0	2.8	0.201
4395	0.0	2.8	0.079
4396	0.0	2.8	0.057
4397	0.0	2.8	0.171
4398	0.0	2.8	0.429
4399	0.0	2.8	1.159
4400	0.0	2.8	1.241
4401	0.0	2.8	1.246
4402	0.0	2.8	1.306
4403	0.0	2.8	1.246
4404	0.0	2.8	1.208
4405	0.0	2.8	1.118
4406	0.0	2.8	0.983
4407	0.0	2.8	0.896
4408	0.0	2.8	0.836
4409	0.0	2.7	0.869
4410	0.0	2.7	1.078
4411	0.0	2.7	1.203
4412	0.0	2.7	1.488
4413	0.0	2.7	1.528
4414	0.0	2.7	1.425
4415	0.0	2.7	0.858
4416	0.0	2.7	0.537
4417	0.0	2.7	0.372
4418	0.0	2.7	0.201
4419	0.0	2.7	0.079
4420	0.0	2.7	0.057
4421	0.0	2.7	0.171
4422	0.0	2.7	0.429
4423	0.0	2.7	1.159
4424	0.0	2.7	1.241
4425	0.0	2.7	1.246
4426	0.0	2.7	1.306
4427	0.0	2.7	1.246
4428	0.0	2.7	1.208
4429	0.0	2.7	1.118
4430	0.0	2.7	0.983
4431	0.0	2.7	0.896
4432	0.0	2.6	0.836
4433	0.0	2.6	0.869
4434	0.0	2.6	1.078
4435	0.0	2.6	1.203
4436	0.0	2.6	1.488
4437	0.0	2.6	1.528
4438	0.0	2.6	1.425
4439	0.0	2.6	0.858
4440	0.0	2.6	0.537
4441	0.0	2.6	0.372
4442	0.0	2.6	0.201
4443	0.0	2.6	0.079
4444	0.0	2.6	0.057
4445	0.0	2.6	0.171
4446	0.0	2.6	0.429
4447	0.0	2.6	1.159
4448	0.0	2.6	1.241
4449	0.0	2.6	1.246
4450	0.0	2.6	1.306
4451	0.0	2.6	1.246
4452	0.0	2.6	1.208
4453	0.0	2.6	1.118
4454	0.0	2.6	0.983
4455	0.0	2.6	0.896
4456	0.0	2.6	0.836
4457	0.0	2.6	0.869
4458	0.0	2.6	1.078
4459	0.0	2.6	1.203
4460	0.0	2.6	1.488
4461	0.0	2.6	1.528
4462	0.0	2.6	1.425
4463	0.0	2.6	0.858
4464	0.0	2.6	0.537
4465	0.0	2.6	0.372
4466	0.0	2.6	0.201
4467	0.0	2.5	0.079
4468	0.0	2.5	0.057
4469	0.0	2.5	0.171
4470	0.0	2.5	0.429
4471	0.0	2.5	1.159
4472	0.0	2.5	1.241
4473	0.0	2.5	1.246
4474	0.0	2.5	1.306
4475	0.0	2.5	1.246
4476	0.0	2.5	1.208
4477	0.0	2.5	1.118
4478	0.0	2.5	0.983
4479	0.0	2.5	0.896
4480	0.0	2.5	0.836
4481	0.0	2.5	0.869
4482	0.0	2.5	1.078
4483	0.0	2.5	1.203
4484	0.0	2.5	1.488
4485	0.0	2.5	1.528
4486	0.0	2.5	1.425
4487	0.0	2.5	0.858
4488	0.0	2.5	0.537
4489	0.0	2.5	0.372
4490	0.0	2.5	0.201
4491	0.0	2.5	0.079
4492	0.0	2.5	0.057
4493	0.0	2.5	0.171
4494	0.0	2.5	0.429
4495	0.0	2.5	1.159
4496	0.0	2.5	1.241
4497	0.0	2.5	1.246
4498	0.0	2.5	1.306
4499	0.0	2.5	1.246
4500	0.0	2.5	1.208
4501	0.0	2.5	1.118
4502	0.0	2.4	0.983
4503	0.0	2.4	0.896
4504	0.0	2.4	0.836
4505	0.0	2.4	0.869
4506	0.0	2.4	1.078
4507	0.0	2.4	1.203
4508	0.0	2.4	1.488
4509	0.0	2.4	1.528
4510	0.0	2.4	1.425
4511	0.0	2.4	0.858
4512	0.0	2.4	0.537
4513	0.0	2.4	0.372
4514	0.0	2.4	0.201
4515	0.0	2.4	0.079
4516	0.0	2.4	0.057
4517	0.0	2.4	0.171
4518	0.0	2.4	0.429
4519	0.0	2.4	1.159
4520	0.0	2.4	1.241
4521	0.0	2.4	1.246
4522	0.0	2.4	1.306
4523	0.0	2.4	1.246
4524	0.0	2.4	1.208
4525	0.0	2.4	1.118
4526	0.0	2.4	0.983
4527	0.0	2.4	0.896
4528	0.0	2.4	0.836
4529	0.0	2.4	0.869
4530	0.0	2.4	1.078
4531	0.0	2.4	1.203
4532	0.0	2.4	1.488
4533	0.0	2.3	1.528
4534	0.0	2.3	1.425
4535	0.0	2.3	0.858
4536	0.0	2.3	0.537
4537	0.0	2.3	0.372
4538	0.0	2.3	0.201
4539	0.0	2.3	0.079
4540	0.0	2.3	0.057
4541	0.0	2.3	0.171
4542	0.0	2.3	0.429
4543	0.0	2.3	1.159
4544	0.0	2.3	1.241
4545	0.0	2.3	1.246
4546	0.0	2.3	1.306
4547	0.0	2.3	1.246
4548	0.0	2.3	1.208
4549	0.0	2.3	1.118
4550	0.0	2.3	0.983
4551	0.0	2.3	0.896
4552	0.0	2.3	0.836
4553	0.0	2.3	0.869
4554	0.0	2.3	1.078
4555	0.0	2.3	1.203
4556	0.0	2.3	1.488
4557	0.0	2.3	1.528
4558	0.0	2.2	1.425
4559	0.0	2.2	0.858
4560	0.0	2.2	0.537
4561	0.0	2.2	0.372
4562	0.0	2.2	0.201
4563	0.0	2.2	0.079
4564	0.0	2.2	0.057
4565	0.0	2.2	0.171
4566	0.0	2.2	0.429
4567	0.0	2.2	1.159
4568	0.0	2.2	1.241
4569	0.0	2.2	1.246
4570	0.0	2.2	1.306
4571	0.0	2.2	1.246
4572	0.0	2.2	1.208
4573	0.0	2.2	1.118
4574	0.0	2.2	0.983
4575	0.0	2.2	0.896
4576	0.0	2.2	0.836
4577	0.0	2.2	0.869
4578	0.0	2.2	1.078
4579	0.0	2.2	1.203
4580	0.0	2.2	1.488
4581	0.0	2.2	1.528
4582	0.0	2.2	1.425
4583	0.0	2.2	0.858
4584	0.0	2.2	0.537
4585	0.0	2.2	0.372
4586	0.0	2.1	0.201
4587	0.0	2.1	0.079
4588	0.0	2.1	0.057
4589	0.0	2.1	0.171
4590	0.0	2.1	0.429
4591	0.0	2.1	1.159
4592	0.0	2.1	1.241
4593	0.0	2.1	1.246
4594	0.0	2.1	1.306
4595	0.0	2.1	1.246
4596	0.0	2.1	1.208
4597	0.0	2.1	1.118
4598	0.0	2.1	0.983
4599	0.0	2.1	0.896
4600	0.0	2.1	0.836
4601	0.0	2.1	0.869
4602	0.0	2.1	1.078
4603	0.0	2.1	1.203
4604	0.0	2.1	1.488
4605	0.0	2.1	1.528
4606	0.0	2.1	1.425
4607	0.0	2.1	0.858
4608	0.0	2.1	0.537
4609	0.0	2.1	0.372
4610	0.0	2.1	0.201
4611	0.0	2.1	0.079
4612	0.0	2.1	0.057
4613	0.0	2.1	0.171
4614	0.0	2.1	0.429
4615	0.0	2.1	1.159
4616	0.0	2.1	1.241
4617	0.0	2.1	1.246
4618	0.0	2.1	1.306
4619	0.0	2.1	1.246
4620	0.0	2.0	1.208
4621	0.0	2.0	1.118
4622	0.0	2.0	0.983
4623	0.0	2.0	0.896
4624	0.0	2.0	0.836
4625	0.0	2.0	0.869
4626	0.0	2.0	1.078
4627	0.0	2.0	1.203
4628	0.0	2.0	1.488
4629	0.0	2.0	1.528
4630	0.0	2.0	1.425
4631	0.0	2.0	0.858
4632	0.0	2.0	0.537
4633	0.0	2.0	0.372
4634	0.0	2.0	0.201
4635	0.0	2.0	0.079
4636	0.0	2.0	0.057
4637	0.0	2.0	0.171
4638	0.0	2.0	0.429
4639	0.0	2.0	1.159
4640	0.0	2.0	1.241
4641	0.0	2.0	1.246
4642	0.0	2.0	1.306
4643	0.0	2.0	1.246
4644	0.0	2.0	1.208
4645	0.0	2.0	1.118
4646	0.0	2.0	0.983
4647	0.0	2.0	0.896
4648	0.0	2.0	0.836
4649	0.0	2.0	0.869
4650	0.0	2.0	1.078
4651	0.0	2.0	1.203
4652	0.0	2.0	1.488
4653	0.0	1.9	1.528
4654	0.0	1.9	1.425
4655	0.0	1.9	0.858
4656	0.0	1.9	0.537
4657	0.0	1.9	0.372
4658	0.0	1.9	0.201
4659	0.0	1.9	0.079
4660	0.0	1.9	0.057
4661	0.0	1.9	0.171
4662	0.0	1.9	0.429
4663	0.0	1.9	1.159
4664	0.0	1.9	1.241
4665	0.0	1.9	1.246
4666	0.0	1.9	1.306
4667	0.0	1.9	1.246
4668	0.0	1.9	1.208
4669	0.0	1.9	1.118
4670	0.0	1.9	0.983
4671	0.0	1.9	0.896
4672	0.0	1.9	0.836
4673	0.0	1.9	0.869
4674	0.0	1.9	1.078
4675	0.0	1.9	1.203
4676	0.0	1.9	1.488
4677	0.0	1.9	1.528
4678	0.0	1.9	1.425
4679	0.0	1.9	0.858
4680	0.0	1.9	0.537
4681	0.0	1.9	0.372
4682	0.0	1.9	0.201
4683	0.0	1.9	0.079
4684	0.0	1.9	0.057
4685	0.0	1.9	0.171
4686	0.0	1.9	0.429
4687	0.0	1.9	1.159
4688	0.0	1.9	1.241
4689	0.0	1.9	1.246
4690	0.0	1.9	1.306
4691	0.0	1.9	1.246
4692	0.0	1.9	1.208
4693	0.0	1.9	1.118
4694	0.0	1.9	0.983
4695	0.0	1.9	0.896
4696	0.0	1.8	0.836
4697	0.0	1.8	0.869
4698	0.0	1.8	1.078
4699	0.0	1.8	1.203
4700	0.0	1.8	1.488
4701	0.0	1.8	1.528
4702	0.0	1.8	1.425
4703	0.0	1.8	0.858
4704	0.0	1.8	0.537
4705	0.0	1.8	0.372
4706	0.0	1.8	0.201
4707	0.0	1.8	0.079
4708	0.0	1.8	0.057
4709	0.0	1.8	0.171
4710	0.0	1.8	0.429
4711	0.0	1.8	1.159
4712	0.0	1.8	1.241
4713	0.0	1.8	1.246
4714	0.0	1.8	1.306
4715	0.0	1.8	1.246
4716	0.0	1.8	1.208
4717	0.0	1.8	1.118
4718	0.0	1.8	0.983
4719	0.0	1.8	0.896
4720	0.0	1.8	0.836
4721	0.0	1.8	0.869
4722	0.0	1.8	1.078
4723	0.0	1.8	1.203
4724	0.0	1.8	1.488
4725	0.0	1.8	1.528
4726	0.0	1.8	1.425
4727	0.0	1.8	0.858
4728	0.0	1.8	0.537
4729	0.0	1.7	0.372
4730	0.0	1.7	0.201
4731	0.0	1.7	0.079
4732	0.0	1.7	0.057
4733	0.0	1.7	0.171
4734	0.0	1.7	0.429
4735	0.0	1.7	1.159
4736	0.0	1.7	1.241
4737	0.0	1.7	1.246
4738	0.0	1.7	1.306
4739	0.0	1.7	1.246
4740	0.0	1.7	1.208
4741	0.0	1.7	1.118
4742	0.0	1.7	0.983
4743	0.0	1.7	0.896
4744	0.0	1.7	0.836
4745	0.0	1.7	0.869
4746	0.0	1.7	1.078
4747	0.0	1.7	1.203
4748	0.0	1.7	1.488
4749	0.0	1.7	1.528
4750	0.0	1.6	1.425
4751	0.0	1.6	0.858
4752	0.0	1.6	0.537
4753	0.0	1.6	0.372
4754	0.0	1.6	0.201
4755	0.0	1.6	0.079
4756	0.0	1.6	0.057
4757	0.0	1.6	0.171
4758	0.0	1.6	0.429
4759	0.0	1.6	1.159
4760	0.0	1.6	1.241
4761	0.0	1.6	1.246
4762	0.0	1.6	1.306
4763	0.0	1.6	1.246
4764	0.0	1.6	1.208
4765	0.0	1.6	1.118
4766	0.0	1.6	0.983
4767	0.0	1.6	0.896
4768	0.0	1.6	0.836
4769	0.0	1.6	0.869
4770	0.0	1.6	1.078
4771	0.0	1.6	1.203
4772	0.0	1.6	1.488
4773	0.0	1.5	1.528
4774	0.0	1.5	1.425
4775	0.0	1.5	0.858
4776	0.0	1.5	0.537
4777	0.0	1.5	0.372
4778	0.0	1.5	0.201
4779	0.0	1.5	0.079
4780	0.0	1.5	0.057
4781	0.0	1.5	0.171
4782	0.0	1.5	0.429
4783	0.0	1.5	1.159
4784	0.0	1.5	1.241
4785	0.0	1.5	1.246
4786	0.0	1.5	1.306
4787	0.0	1.5	1.246
4788	0.0	1.5	1.208
4789	0.0	1.5	1.118
4790	0.0	1.5	0.983
4791	0.0	1.5	0.896
4792	0.0	1.5	0.836
4793	0.0	1.5	0.869
4794	0.0	1.5	1.078
4795	0.0	1.5	1.203
4796	0.0	1.5	1.488
4797	0.0	1.4	1.528
4798	0.0	1.4	1.425
4799	0.0	1.4	0.858
4800	0.0	1.4	0.537
4801	0.0	1.4	0.372
4802	0.0	1.4	0.201
4803	0.0	1.4	0.079
4804	0.0	1.4	0.057
4805	0.0	1.4	0.171
4806	0.0	1.4	0.429
4807	0.0	1.4	1.159
4808	0.0	1.4	1.241
4809	0.0	1.4	1.246
4810	0.0	1.4	1.306
4811	0.0	1.4	1.246
4812	0.0	1.4	1.208
4813	0.0	1.4	1.118
4814	0.0	1.4	0.983
4815	0.0	1.4	0.896
4816	0.0	1.4	0.836
4817	0.0	1.3	0.869
4818	0.0	1.3	1.078
4819	0.0	1.3	1.203
4820	0.0	1.3	1.488
4821	0.0	1.3	1.528
4822	0.0	1.3	1.425
4823	0.0	1.3	0.858
4824	0.0	1.3	0.537
4825	0.0	1.3	0.372
4826	0.0	1.3	0.201
4827	0.0	1.3	0.079
4828	0.0	1.3	0.057
4829	0.0	1.3	0.171
4830	0.0	1.3	0.429
4831	0.0	1.3	1.159
4832	0.0	1.3	1.241
4833	0.0	1.3	1.246
4834	0.0	1.3	1.306
4835	0.0	1.3	1.246
4836	0.0	1.3	1.208
4837	0.0	1.3	1.118
4838	0.0	1.3	0.983
4839	0.0	1.3	0.896
4840	0.0	1.3	0.836
4841	0.0	1.2	0.869
4842	0.0	1.2	1.078
4843	0.0	1.2	1.203
4844	0.0	1.2	1.488
4845	0.0	1.2	1.528
4846	0.0	1.2	1.425
4847	0.0	1.2	0.858
4848	0.0	1.2	0.537
4849	0.0	1.2	0.372
4850	0.0	1.2	0.201
4851	0.0	1.2	0.079
4852	0.0	1.2	0.057
4853	0.0	1.2	0.171
4854	0.0	1.2	0.429
4855	0.0	1.2	1.159
4856	0.0	1.1	1.241
4857	0.0	1.1	1.246
4858	0.0	1.1	1.306
4859	0.0	1.1	1.246
4860	0.0	1.1	1.208
4861	0.0	1.1	1.118
4862	0.0	1.1	0.983
4863	0.0	1.1	0.896
4864	0.0	1.1	0.836
4865	0.0	1.1	0.869
4866	0.0	1.1	1.078
4867	0.0	1.1	1.203
4868	0.0	1.0	1.488
4869	0.0	1.0	1.528
4870	0.0	1.0	1.425
4871	0.0	1.0	0.858
4872	0.0	1.0	0.537
4873	0.0	1.0	0.372
4874	0.0	1.0	0.201
4875	0.0	1.0	0.079
4876	0.0	1.0	0.057
4877	0.0	1.0	0.171
4878	0.0	1.0	0.429
4879	0.0	1.0	1.159
4880	0.0	1.0	1.241
4881	0.0	1.0	1.246
4882	0.0	1.0	1.306
4883	0.0	1.0	1.246
4884	0.0	1.0	1.208
4885	0.0	1.0	1.118
4886	0.0	1.0	0.983
4887	0.0	0.9	0.896
4888	0.0	0.9	0.836
4889	0.0	0.9	0.869
4890	0.0	0.9	1.078
4891	0.0	0.9	1.203
4892	0.0	0.9	1.488
4893	0.0	0.9	1.528
4894	0.0	0.9	1.425
4895	0.0	0.9	0.858
4896	0.0	0.9	0.537
4897	0.0	0.9	0.372
4898	0.0	0.9	0.201
4899	0.0	0.9	0.079
4900	0.0	0.9	0.057
4901	0.0	0.9	0.171
4902	0.0	0.9	0.429
4903	0.0	0.9	1.159
4904	0.0	0.9	1.241
4905	0.0	0.9	1.246
4906	0.0	0.9	1.306
4907	0.0	0.9	1.246
4908	0.0	0.9	1.208
4909	0.0	0.8	1.118
4910	0.0	0.8	0.983
4911	0.0	0.8	0.896
4912	0.0	0.8	0.836
4913	0.0	0.8	0.869
4914	0.0	0.8	1.078
4915	0.0	0.8	1.203
4916	0.0	0.8	1.488
4917	0.0	0.8	1.528
4918	0.0	0.8	1.425
4919	0.0	0.8	0.858
4920	0.0	0.8	0.537
4921	0.0	0.8	0.372
4922	0.0	0.8	0.201
4923	0.0	0.8	0.079
4924	0.0	0.8	0.057
4925	0.0	0.8	0.171
4926	0.0	0.8	0.429
4927	0.0	0.7	1.159
4928	0.0	0.7	1.241
4929	0.0	0.7	1.246
4930	0.0	0.7	1.306
4931	0.0	0.7	1.246
4932	0.0	0.7	1.208
4933	0.0	0.7	1.118
4934	0.0	0.7	0.983
4935	0.0	0.7	0.896
4936	0.0	0.7	0.836
4937	0.0	0.7	0.869
4938	0.0	0.7	1.078
4939	0.0	0.7	1.203
4940	0.0	0.6	1.488
4941	0.0	0.6	1.528
4942	0.0	0.6	1.425
4943	0.0	0.6	0.858
4944	0.0	0.6	0.537
4945	0.0	0.6	0.372
4946	0.0	0.6	0.201
4947	0.0	0.6	0.079
4948	0.0	0.6	0.057
4949	0.0	0.6	0.171
4950	0.0	0.6	0.429
4951	0.0	0.6	1.159
4952	0.0	0.6	1.241
4953	0.0	0.6	1.246
4954	0.0	0.6	1.306
4955	0.0	0.5	1.246
4956	0.0	0.5	1.208
4957	0.0	0.5	1.118
4958	0.0	0.5	0.983
4959	0.0	0.5	0.896
4960	0.0	0.5	0.836
4961	0.0	0.5	0.869
4962	0.0	0.5	1.078
4963	0.0	0.5	1.203
4964	0.0	0.5	1.488
4965	0.0	0.5	1.528
4966	0.0	0.5	1.425
4967	0.0	0.5	0.858
4968	0.0	0.4	0.537
4969	0.0	0.4	0.372
4970	0.0	0.4	0.201
4971	0.0	0.4	0.079
4972	0.0	0.4	0.057
4973	0.0	0.4	0.171
4974	0.0	0.4	0.429
4975	0.0	0.4	1.159
4976	0.0	0.3	1.241
4977	0.0	0.3	1.246
4978	0.0	0.3	1.306
4979	0.0	0.3	1.246
4980	0.0	0.3	1.208
4981	0.0	0.3	1.118
4982	0.0	0.3	0.983
4983	0.0	0.3	0.896
4984	0.0	0.3	0.836
4985	0.0	0.3	0.869
4986	0.0	0.3	1.078
4987	0.0	0.3	1.203
4988	0.0	0.3	1.488
4989	0.0	0.3	1.528
4990	0.0	0.2	1.425
4991	0.0	0.2	0.858
4992	0.0	0.2	0.537
4993	0.0	0.2	0.372
4994	0.0	0.2	0.201
4995	0.0	0.2	0.079
4996	0.0	0.2	0.057
4997	0.0	0.2	0.171
4998	0.0	0.1	0.429
4999	0.0	0.1	1.159
5000	0.0	0.1	1.241
5001	0.0	0.1	1.246
5002	0.0	0.1	1.306
5003	0.0	0.1	1.246
5004	0.0	0.1	1.208
5005	0.0	0.1	1.118
5006	0.0	0.1	0.983
5007	0.0	0.1	0.896
5008	0.0	0.1	0.836
5009	0.0	0.1	0.869
5010	0.0	0.0	1.078
5011	0.0	0.0	1.203
5012	0.0	0.0	1.488
5013	0.0	0.0	1.528
5014	0.0	0.0	1.425
5015	0.0	0.0	0.858
5016	0.0	0.0	0.537
5017	0.0	0.0	0.372
5018	0.0	0.0	0.201
5019	0.0	0.0	0.079
5020	0.0	0.0	0.057
5021	0.0	0.0	0.171
5022	0.0	0.0	0.429
5023	0.0	0.0	1.159
5024	0.0	0.0	1.241
5025	0.0	0.0	1.246
5026	0.0	0.0	1.306
5027	0.0	0.0	1.246
5028	0.0	0.0	1.208
5029	0.0	0.0	1.118
5030	0.0	0.0	0.983
5031	0.0	0.0	0.896
5032	0.0	0.0	0.836
5033	0.0	0.0	0.869
5034	0.0	0.0	1.078
5035	0.0	0.0	1.203
5036	0.0	0.0	1.488
5037	0.0	0.0	1.528
5038	0.0	0.0	1.425
5039	0.0	0.0	0.858
5040	0.0	0.0	0.537
5041	0.0	0.0	0.372
5042	0.0	0.0	0.201
5043	0.0	0.0	0.079
5044	0.0	0.0	0.057
5045	0.0	0.0	0.171
5046	0.0	0.0	0.429
5047	0.0	0.0	1.159
5048	0.0	0.0	1.241
5049	0.0	0.0	1.246
5050	0.0	0.0	1.306
5051	0.0	0.0	1.246
5052	0.0	0.0	1.208
5053	0.0	0.0	1.118
5054	0.0	0.0	0.983
5055	0.0	0.0	0.896
5056	0.0	0.0	0.836
5057	0.0	0.0	0.869
5058	0.0	0.0	1.078
5059	0.0	0.0	1.203
5060	0.0	0.0	1.488
5061	0.0	0.0	1.528
5062	0.0	0.0	1.425
5063	0.0	0.0	0.858
5064	0.0	0.0	0.537
5065	0.0	0.0	0.372
5066	0.0	0.0	0.201
5067	0.0	0.0	0.079
5068	0.0	0.0	0.057
5069	0.0	0.0	0.171
5070	0.0	0.0	0.429
5071	0.0	0.0	1.159
5072	0.0	0.0	1.241
5073	0.0	0.0	1.246
5074	0.0	0.0	1.306
5075	0.0	0.0	1.246
5076	0.0	0.0	1.208
5077	0.0	0.0	1.118
5078	0.0	0.0	0.983
5079	0.0	0.0	0.896
5080	0.0	0.0	0.836
5081	0.0	0.0	0.869
5082	0.0	0.0	1.078
5083	0.0	0.0	1.203
5084	0.0	0.0	1.488
5085	0.0	0.0	1.528
5086	0.0	0.0	1.425
5087	0.0	0.0	0.858
5088	0.0	0.0	0.537
5089	0.0	0.0	0.372
5090	0.0	0.0	0.201
5091	0.0	0.0	0.079
5092	0.0	0.0	0.057
5093	0.0	0.0	0.171
5094	0.0	0.0	0.429
5095	0.0	0.0	1.159
5096	0.0	0.0	1.241
5097	0.0	0.0	1.246
5098	0.0	0.0	1.306
5099	0.0	0.0	1.246
5100	0.0	0.0	1.208
5101	0.0	0.0	1.118
5102	0.0	0.0	0.983
5103	0.0	0.0	0.896
5104	0.0	0.0	0.836
5105	0.0	0.0	0.869
5106	0.0	0.0	1.078
5107	0.0	0.0	1.203
5108	0.0	0.0	1.488
5109	0.0	0.0	1.528
5110	0.0	0.0	1.425
5111	0.0	0.0	0.858
5112	0.0	0.0	0.537
5113	0.0	0.0	0.372
5114	0.0	0.0	0.201
5115	0.0	0.0	0.079
5116	0.0	0.0	0.057
5117	0.0	0.0	0.171
5118	0.0	0.0	0.429
5119	0.0	0.0	1.159
5120	0.0	0.0	1.241
5121	0.0	0.0	1.246
5122	0.0	0.0	1.306
5123	0.0	0.0	1.246
5124	0.0	0.0	1.208
5125	0.0	0.0	1.118
5126	0.0	0.0	0.983
5127	0.0	0.0	0.896
5128	0.0	0.0	0.836
5129	0.0	0.0	0.869
5130	0.0	0.0	1.078
5131	0.0	0.0	1.203
5132	0.0	0.0	1.488
5133	0.0	0.0	1.528
5134	0.0	0.0	1.425
5135	0.0	0.0	0.858
5136	0.0	0.0	0.537
5137	0.0	0.0	0.372
5138	0.0	0.0	0.201
5139	0.0	0.0	0.079
5140	0.0	0.0	0.057
5141	0.0	0.0	0.171
5142	0.0	0.0	0.429
5143	0.0	0.0	1.159
5144	0.0	0.0	1.241
5145	0.0	0.0	1.246
5146	0.0	0.0	1.306
5147	0.0	0.0	1.246
5148	0.0	0.0	1.208
5149	0.0	0.0	1.118
5150	0.0	0.0	0.983
5151	0.0	0.0	0.896
5152	0.0	0.0	0.836
5153	0.0	0.0	0.869
5154	0.0	0.0	1.078
5155	0.0	0.0	1.203
5156	0.0	0.0	1.488
5157	0.0	0.0	1.528
5158	0.0	0.0	1.425
5159	0.0	0.0	0.858
5160	0.0	0.0	0.537
5161	0.0	0.0	0.372
5162	0.0	0.0	0.201
5163	0.0	0.0	0.079
5164	0.0	0.0	0.057
5165	0.0	0.0	0.171
5166	0.0	0.0	0.429
5167	0.0	0.0	1.159
5168	0.0	0.0	1.241
5169	0.0	0.0	1.246
5170	0.0	0.0	1.306
5171	0.0	0.0	1.246
5172	0.0	0.0	1.208
5173	0.0	0.0	1.118
5174	0.0	0.0	0.983
5175	0.0	0.0	0.896
5176	0.0	0.0	0.836
5177	0.0	0.0	0.869
5178	0.0	0.0	1.078
5179	0.0	0.0	1.203
5180	0.0	0.0	1.488
5181	0.0	0.0	1.528
5182	0.0	0.0	1.425
5183	0.0	0.0	0.858
5184	0.0	0.0	0.537
5185	0.0	0.0	0.372
5186	0.0	0.0	0.201
5187	0.0	0.0	0.079
5188	0.0	0.0	0.057
5189	0.0	0.0	0.171
5190	0.0	0.0	0.429
5191	0.0	0.0	1.159
5192	0.0	0.0	1.241
5193	0.0	0.0	1.246
5194	0.0	0.0	1.306
5195	0.0	0.0	1.246
5196	0.0	0.0	1.208
5197	0.0	0.0	1.118
5198	0.0	0.0	0.983
5199	0.0	0.0	0.896
5200	0.0	0.0	0.836
5201	0.0	0.0	0.869
5202	0.0	0.0	1.078
5203	0.0	0.0	1.203
5204	0.0	0.0	1.488
5205	0.0	0.0	1.528
5206	0.0	0.0	1.425
5207	0.0	0.0	0.858
5208	0.0	0.0	0.537
5209	0.0	0.0	0.372
5210	0.0	0.0	0.201
5211	0.0	0.0	0.079
5212	0.0	0.0	0.057
5213	0.0	0.0	0.171
5214	0.0	0.0	0.429
5215	0.0	0.0	1.159
5216	0.0	0.0	1.241
5217	0.0	0.0	1.246
5218	0.0	0.0	1.306
5219	0.0	0.0	1.246
5220	0.0	0.0	1.208
5221	0.0	0.0	1.118
5222	0.0	0.0	0.983
5223	0.0	0.0	0.896
5224	0.0	0.0	0.836
5225	0.0	0.0	0.869
5226	0.0	0.0	1.078
5227	0.0	0.0	1.203
5228	0.0	0.0	1.488
5229	0.0	0.0	1.528
5230	0.0	0.0	1.425
5231	0.0	0.0	0.858
5232	0.0	0.0	0.537
5233	0.0	0.0	0.372
5234	0.0	0.0	0.201
5235	0.0	0.0	0.079
5236	0.0	0.0	0.057
5237	0.0	0.0	0.171
5238	0.0	0.0	0.429
5239	0.0	0.0	1.159
5240	0.0	0.0	1.241
5241	0.0	0.0	1.246
5242	0.0	0.0	1.306
5243	0.0	0.0	1.246
5244	0.0	0.0	1.208
5245	0.0	0.0	1.118
5246	0.0	0.0	0.983
5247	0.0	0.0	0.896
5248	0.0	0.0	0.836
5249	0.0	0.0	0.869
5250	0.0	0.0	1.078
5251	0.0	0.0	1.203
5252	0.0	0.0	1.488
5253	0.0	0.0	1.528
5254	0.0	0.0	1.425
5255	0.0	0.0	0.858
5256	0.0	0.0	0.537
5257	0.0	0.0	0.372
5258	0.0	0.0	0.201
5259	0.0	0.0	0.079
5260	0.0	0.0	0.057
5261	0.0	0.0	0.171
5262	0.0	0.0	0.429
5263	0.0	0.0	1.159
5264	0.0	0.0	1.241
5265	0.0	0.0	1.246
5266	0.0	0.0	1.306
5267	0.0	0.0	1.246
5268	0.0	0.0	1.208
5269	0.0	0.0	1.118
5270	0.0	0.0	0.983
5271	0.0	0.0	0.896
5272	0.0	0.0	0.836
5273	0.0	0.0	0.869
5274	0.0	0.0	1.078
5275	0.0	0.0	1.203
5276	0.0	0.0	1.488
5277	0.0	0.0	1.528
5278	0.0	0.0	1.425
5279	0.0	0.0	0.858
5280	0.0	0.0	0.537
5281	0.0	0.0	0.372
5282	0.0	0.0	0.201
5283	0.0	0.0	0.079
5284	0.0	0.0	0.057
5285	0.0	0.0	0.171
5286	0.0	0.0	0.429
5287	0.0	0.0	1.159
5288	0.0	0.0	1.241
5289	0.0	0.0	1.246
5290	0.0	0.0	1.306
5291	0.0	0.0	1.246
5292	0.0	0.0	1.208
5293	0.0	0.0	1.118
5294	0.0	0.0	0.983
5295	0.0	0.0	0.896
5296	0.0	0.0	0.836
5297	0.0	0.0	0.869
5298	0.0	0.0	1.078
5299	0.0	0.0	1.203
5300	0.0	0.0	1.488
5301	0.0	0.0	1.528
5302	0.0	0.0	1.425
5303	0.0	0.0	0.858
5304	0.0	0.0	0.537
5305	0.0	0.0	0.372
5306	0.0	0.0	0.201
5307	0.0	0.0	0.079
5308	0.0	0.0	0.057
5309	0.0	0.0	0.171
5310	0.0	0.0	0.429
5311	0.0	0.0	1.159
5312	0.0	0.0	1.241
5313	0.0	0.0	1.246
5314	0.0	0.0	1.306
5315	0.0	0.0	1.246
5316	0.0	0.0	1.208
5317	0.0	0.0	1.118
5318	0.0	0.0	0.983
5319	0.0	0.0	0.896
5320	0.0	0.0	0.836
5321	0.0	0.0	0.869
5322	0.0	0.0	1.078
5323	0.0	0.0	1.203
5324	0.0	0.0	1.488
5325	0.0	0.0	1.528
5326	0.0	0.0	1.425
5327	0.0	0.0	0.858
5328	0.0	0.0	0.537
5329	0.0	0.0	0.372
5330	0.0	0.0	0.201
5331	0.0	0.0	0.079
5332	0.0	0.0	0.057
5333	0.0	0.0	0.171
5334	0.0	0.0	0.429
5335	0.0	0.0	1.159
5336	0.0	0.0	1.241
5337	0.0	0.0	1.246
5338	0.0	0.0	1.306
5339	0.0	0.0	1.246
5340	0.0	0.0	1.208
5341	0.0	0.0	1.118
5342	0.0	0.0	0.983
5343	0.0	0.0	0.896
5344	0.0	0.0	0.836
5345	0.0	0.0	0.869
5346	0.0	0.0	1.078
5347	0.0	0.0	1.203
5348	0.0	0.0	1.488
5349	0.0	0.0	1.528
5350	0.0	0.0	1.425
5351	0.0	0.0	0.858
5352	0.0	0.0	0.537
5353	0.0	0.0	0.372
5354	0.0	0.0	0.201
5355	0.0	0.0	0.079
5356	0.0	0.0	0.057
5357	0.0	0.0	0.171
5358	0.0	0.0	0.429
5359	0.0	0.0	1.159
5360	0.0	0.0	1.241
5361	0.0	0.0	1.246
5362	0.0	0.0	1.306
5363	0.0	0.0	1.246
5364	0.0	0.0	1.208
5365	0.0	0.0	1.118
5366	0.0	0.0	0.983
5367	0.0	0.0	0.896
5368	0.0	0.0	0.836
5369	0.0	0.0	0.869
5370	0.0	0.0	1.078
5371	0.0	0.0	1.203
5372	0.0	0.0	1.488
5373	0.0	0.0	1.528
5374	0.0	0.0	1.425
5375	0.0	0.0	0.858
5376	0.0	0.0	0.537
5377	0.0	0.0	0.372
5378	0.0	0.0	0.201
5379	0.0	0.0	0.079
5380	0.0	0.0	0.057
5381	0.0	0.0	0.171
5382	0.0	0.0	0.429
5383	0.0	0.0	1.159
5384	0.0	0.0	1.241
5385	0.0	0.0	1.246
5386	0.0	0.0	1.306
5387	0.0	0.0	1.246
5388	0.0	0.0	1.208
5389	0.0	0.0	1.118
5390	0.0	0.0	0.983
5391	0.0	0.0	0.896
5392	0.0	0.0	0.836
5393	0.0	0.0	0.869
5394	0.0	0.0	1.078
5395	0.0	0.0	1.203
5396	0.0	0.0	1.488
5397	0.0	0.0	1.528
5398	0.0	0.0	1.425
5399	0.0	0.0	0.858
5400	0.0	0.0	0.537
5401	0.0	0.0	0.372
5402	0.0	0.0	0.201
5403	0.0	0.0	0.079
5404	0.0	0.0	0.057
5405	0.0	0.0	0.171
5406	0.0	0.0	0.429
5407	0.0	0.0	1.159
5408	0.0	0.0	1.241
5409	0.0	0.0	1.246
5410	0.0	0.0	1.306
5411	0.0	0.0	1.246
5412	0.0	0.0	1.208
5413	0.0	0.0	1.118
5414	0.0	0.0	0.983
5415	0.0	0.0	0.896
5416	0.0	0.0	0.836
5417	0.0	0.0	0.869
5418	0.0	0.0	1.078
5419	0.0	0.0	1.203
5420	0.0	0.0	1.488
5421	0.0	0.0	1.528
5422	0.0	0.0	1.425
5423	0.0	0.0	0.858
5424	0.0	0.0	0.537
5425	0.0	0.0	0.372
5426	0.0	0.0	0.201
5427	0.0	0.0	0.079
5428	0.0	0.0	0.057
5429	0.0	0.0	0.171
5430	0.0	0.0	0.429
5431	0.0	0.0	1.159
5432	0.0	0.0	1.241
5433	0.0	0.0	1.246
5434	0.0	0.0	1.306
5435	0.0	0.0	1.246
5436	0.0	0.0	1.208
5437	0.0	0.0	1.118
5438	0.0	0.0	0.983
5439	0.0	0.0	0.896
5440	0.0	0.0	0.836
5441	0.0	0.0	0.869
5442	0.0	0.0	1.078
5443	0.0	0.0	1.203
5444	0.0	0.0	1.488
5445	0.0	0.0	1.528
5446	0.0	0.0	1.425
5447	0.0	0.0	0.858
5448	0.0	0.0	0.537
5449	0.0	0.0	0.372
5450	0.0	0.0	0.201
5451	0.0	0.0	0.079
5452	0.0	0.0	0.057
5453	0.0	0.0	0.171
5454	0.0	0.0	0.429
5455	0.0	0.0	1.159
5456	0.0	0.0	1.241
5457	0.0	0.0	1.246
5458	0.0	0.0	1.306
5459	0.0	0.0	1.246
5460	0.0	0.0	1.208
5461	0.0	0.0	1.118
5462	0.0	0.0	0.983
5463	0.0	0.0	0.896
5464	0.0	0.0	0.836
5465	0.0	0.0	0.869
5466	0.0	0.0	1.078
5467	0.0	0.0	1.203
5468	0.0	0.0	1.488
5469	0.0	0.0	1.528
5470	0.0	0.0	1.425
5471	0.0	0.0	0.858
5472	0.0	0.0	0.537
5473	0.0	0.0	0.372
5474	0.0	0.0	0.201
5475	0.0	0.0	0.079
5476	0.0	0.0	0.057
5477	0.0	0.0	0.171
5478	0.0	0.0	0.429
5479	0.0	0.0	1.159
5480	0.0	0.0	1.241
5481	0.0	0.0	1.246
5482	0.0	0.0	1.306
5483	0.0	0.0	1.246
5484	0.0	0.0	1.208
5485	0.0	0.0	1.118
5486	0.0	0.0	0.983
5487	0.0	0.0	0.896
5488	0.0	0.0	0.836
5489	0.0	0.0	0.869
5490	0.0	0.0	1.078
5491	0.0	0.0	1.203
5492	0.0	0.0	1.488
5493	0.0	0.0	1.528
5494	0.0	0.0	1.425
5495	0.0	0.0	0.858
5496	0.0	0.0	0.537
5497	0.0	0.0	0.372
5498	0.0	0.0	0.201
5499	0.0	0.0	0.079
5500	0.0	0.0	0.057
5501	0.0	0.0	0.171
5502	0.0	0.0	0.429
5503	0.0	0.0	1.159
5504	0.0	0.0	1.241
5505	0.0	0.0	1.246
5506	0.0	0.0	1.306
5507	0.0	0.0	1.246
5508	0.0	0.0	1.208
5509	0.0	0.0	1.118
5510	0.0	0.0	0.983
5511	0.0	0.0	0.896
5512	0.0	0.0	0.836
5513	0.0	0.0	0.869
5514	0.0	0.0	1.078
5515	0.0	0.0	1.203
5516	0.0	0.0	1.488
5517	0.0	0.0	1.528
5518	0.0	0.0	1.425
5519	0.0	0.0	0.858
5520	0.0	0.0	0.537
5521	0.0	0.0	0.372
5522	0.0	0.0	0.201
5523	0.0	0.0	0.079
5524	0.0	0.0	0.057
5525	0.0	0.0	0.171
5526	0.0	0.0	0.429
5527	0.0	0.0	1.159
5528	0.0	0.0	1.241
5529	0.0	0.0	1.246
5530	0.0	0.0	1.306
5531	0.0	0.0	1.246
5532	0.0	0.0	1.208
5533	0.0	0.0	1.118
5534	0.0	0.0	0.983
5535	0.0	0.0	0.896
5536	0.0	0.0	0.836
5537	0.0	0.0	0.869
5538	0.0	0.0	1.078
5539	0.0	0.0	1.203
5540	0.0	0.0	1.488
5541	0.0	0.0	1.528
5542	0.0	0.0	1.425
5543	0.0	0.0	0.858
5544	0.0	0.0	0.537
5545	0.0	0.0	0.372
5546	0.0	0.0	0.201
5547	0.0	0.0	0.079
5548	0.0	0.0	0.057
5549	0.0	0.0	0.171
5550	0.0	0.0	0.429
5551	0.0	0.0	1.159
5552	0.0	0.0	1.241
5553	0.0	0.0	1.246
5554	0.0	0.0	1.306
5555	0.0	0.0	1.246
5556	0.0	0.0	1.208
5557	0.0	0.0	1.118
5558	0.0	0.0	0.983
5559	0.0	0.0	0.896
5560	0.0	0.0	0.836
5561	0.0	0.0	0.869
5562	0.0	0.0	1.078
5563	0.0	0.0	1.203
5564	0.0	0.0	1.488
5565	0.0	0.0	1.528
5566	0.0	0.0	1.425
5567	0.0	0.0	0.858
5568	0.0	0.0	0.537
5569	0.0	0.0	0.372
5570	0.0	0.0	0.201
5571	0.0	0.0	0.079
5572	0.0	0.0	0.057
5573	0.0	0.0	0.171
5574	0.0	0.0	0.429
5575	0.0	0.0	1.159
5576	0.0	0.0	1.241
5577	0.0	0.0	1.246
5578	0.0	0.0	1.306
5579	0.0	0.0	1.246
5580	0.0	0.0	1.208
5581	0.0	0.0	1.118
5582	0.0	0.0	0.983
5583	0.0	0.0	0.896
5584	0.0	0.0	0.836
5585	0.0	0.0	0.869
5586	0.0	0.0	1.078
5587	0.0	0.0	1.203
5588	0.0	0.0	1.488
5589	0.0	0.0	1.528
5590	0.0	0.0	1.425
5591	0.0	0.0	0.858
5592	0.0	0.0	0.537
5593	0.0	0.0	0.372
5594	0.0	0.0	0.201
5595	0.0	0.0	0.079
5596	0.0	0.0	0.057
5597	0.0	0.0	0.171
5598	0.0	0.0	0.429
5599	0.0	0.0	1.159
5600	0.0	0.0	1.241
5601	0.0	0.0	1.246
5602	0.0	0.0	1.306
5603	0.0	0.0	1.246
5604	0.0	0.0	1.208
5605	0.0	0.0	1.118
5606	0.0	0.0	0.983
5607	0.0	0.0	0.896
5608	0.0	0.0	0.836
5609	0.0	0.0	0.869
5610	0.0	0.0	1.078
5611	0.0	0.0	1.203
5612	0.0	0.0	1.488
5613	0.0	0.0	1.528
5614	0.0	0.0	1.425
5615	0.0	0.0	0.858
5616	0.0	0.0	0.537
5617	0.0	0.0	0.372
5618	0.0	0.0	0.201
5619	0.0	0.0	0.079
5620	0.0	0.0	0.057
5621	0.0	0.0	0.171
5622	0.0	0.0	0.429
5623	0.0	0.0	1.159
5624	0.0	0.0	1.241
5625	0.0	0.0	1.246
5626	0.0	0.0	1.306
5627	0.0	0.0	1.246
5628	0.0	0.0	1.208
5629	0.0	0.0	1.118
5630	0.0	0.0	0.983
5631	0.0	0.0	0.896
5632	0.0	0.0	0.836
5633	0.0	0.0	0.869
5634	0.0	0.0	1.078
5635	0.0	0.0	1.203
5636	0.0	0.0	1.488
5637	0.0	0.0	1.528
5638	0.0	0.0	1.425
5639	0.0	0.0	0.858
5640	0.0	0.0	0.537
5641	0.0	0.0	0.372
5642	0.0	0.0	0.201
5643	0.0	0.0	0.079
5644	0.0	0.0	0.057
5645	0.0	0.0	0.171
5646	0.0	0.0	0.429
5647	0.0	0.0	1.159
5648	0.0	0.0	1.241
5649	0.0	0.0	1.246
5650	0.0	0.0	1.306
5651	0.0	0.0	1.246
5652	0.0	0.0	1.208
5653	0.0	0.0	1.118
5654	0.0	0.0	0.983
5655	0.0	0.0	0.896
5656	0.0	0.0	0.836
5657	0.0	0.0	0.869
5658	0.0	0.0	1.078
5659	0.0	0.0	1.203
5660	0.0	0.0	1.488
5661	0.0	0.0	1.528
5662	0.0	0.0	1.425
5663	0.0	0.0	0.858
5664	0.0	0.0	0.537
5665	0.0	0.0	0.372
5666	0.0	0.0	0.201
5667	0.0	0.0	0.079
5668	0.0	0.0	0.057
5669	0.0	0.0	0.171
5670	0.0	0.0	0.429
5671	0.0	0.0	1.159
5672	0.0	0.0	1.241
5673	0.0	0.0	1.246
5674	0.0	0.0	1.306
5675	0.0	0.0	1.246
5676	0.0	0.0	1.208
5677	0.0	0.0	1.118
5678	0.0	0.0	0.983
5679	0.0	0.0	0.896
5680	0.0	0.0	0.836
5681	0.0	0.0	0.869
5682	0.0	0.0	1.078
5683	0.0	0.0	1.203
5684	0.0	0.0	1.488
5685	0.0	0.0	1.528
5686	0.0	0.0	1.425
5687	0.0	0.0	0.858
5688	0.0	0.0	0.537
5689	0.0	0.0	0.372
5690	0.0	0.0	0.201
5691	0.0	0.0	0.079
5692	0.0	0.0	0.057
5693	0.0	0.0	0.171
5694	0.0	0.0	0.429
5695	0.0	0.0	1.159
5696	0.0	0.0	1.241
5697	0.0	0.0	1.246
5698	0.0	0.0	1.306
5699	0.0	0.0	1.246
5700	0.0	0.0	1.208
5701	0.0	0.0	1.118
5702	0.0	0.0	0.983
5703	0.0	0.0	0.896
5704	0.0	0.0	0.836
5705	0.0	0.0	0.869
5706	0.0	0.0	1.078
5707	0.0	0.0	1.203
5708	0.0	0.0	1.488
5709	0.0	0.0	1.528
5710	0.0	0.0	1.425
5711	0.0	0.0	0.858
5712	0.0	0.0	0.537
5713	0.0	0.0	0.372
5714	0.0	0.0	0.201
5715	0.0	0.0	0.079
5716	0.0	0.0	0.057
5717	0.0	0.0	0.171
5718	0.0	0.0	0.429
5719	0.0	0.0	1.159
5720	0.0	0.0	1.241
5721	0.0	0.0	1.246
5722	0.0	0.0	1.306
5723	0.0	0.0	1.246
5724	0.0	0.0	1.208
5725	0.0	0.0	1.118
5726	0.0	0.0	0.983
5727	0.0	0.0	0.896
5728	0.0	0.0	0.836
5729	0.0	0.0	0.869
5730	0.0	0.0	1.078
5731	0.0	0.0	1.203
5732	0.0	0.0	1.488
5733	0.0	0.0	1.528
5734	0.0	0.0	1.425
5735	0.0	0.0	0.858
5736	0.0	0.0	0.537
5737	0.0	0.0	0.372
5738	0.0	0.0	0.201
5739	0.0	0.0	0.079
5740	0.0	0.0	0.057
5741	0.0	0.0	0.171
5742	0.0	0.0	0.429
5743	0.0	0.0	1.159
5744	0.0	0.0	1.241
5745	0.0	0.0	1.246
5746	0.0	0.0	1.306
5747	0.0	0.0	1.246
5748	0.0	0.0	1.208
5749	0.0	0.0	1.118
5750	0.0	0.0	0.983
5751	0.0	0.0	0.896
5752	0.0	0.0	0.836
5753	0.0	0.0	0.869
5754	0.0	0.0	1.078
5755	0.0	0.0	1.203
5756	0.0	0.0	1.488
5757	0.0	0.0	1.528
5758	0.0	0.0	1.425
5759	0.0	0.0	0.858
5760	0.0	0.0	0.537
5761	0.0	0.0	0.372
5762	0.0	0.0	0.201
5763	0.0	0.0	0.079
5764	0.0	0.0	0.057
5765	0.0	0.0	0.171
5766	0.0	0.0	0.429
5767	0.0	0.0	1.159
5768	0.0	0.0	1.241
5769	0.0	0.0	1.246
5770	0.0	0.0	1.306
5771	0.0	0.0	1.246
5772	0.0	0.0	1.208
5773	0.0	0.0	1.118
5774	0.0	0.0	0.983
5775	0.0	0.0	0.896
5776	0.0	0.0	0.836
5777	0.0	0.0	0.869
5778	0.0	0.0	1.078
5779	0.0	0.0	1.203
5780	0.0	0.0	1.488
5781	0.0	0.0	1.528
5782	0.0	0.0	1.425
5783	0.0	0.0	0.858
5784	0.0	0.0	0.537
5785	0.0	0.0	0.372
5786	0.0	0.0	0.201
5787	0.0	0.0	0.079
5788	0.0	0.0	0.057
5789	0.0	0.0	0.171
5790	0.0	0.0	0.429
5791	0.0	0.0	1.159
5792	0.0	0.0	1.241
5793	0.0	0.0	1.246
5794	0.0	0.0	1.306
5795	0.0	0.0	1.246
5796	0.0	0.0	1.208
5797	0.0	0.0	1.118
5798	0.0	0.0	0.983
5799	0.0	0.0	0.896
5800	0.0	0.0	0.836
5801	0.0	0.0	0.869
5802	0.0	0.0	1.078
5803	0.0	0.0	1.203
5804	0.0	0.0	1.488
5805	0.0	0.0	1.528
5806	0.0	0.0	1.425
5807	0.0	0.0	0.858
5808	0.0	0.0	0.537
5809	0.0	0.0	0.372
5810	0.0	0.0	0.201
5811	0.0	0.0	0.079
5812	0.0	0.0	0.057
5813	0.0	0.0	0.171
5814	0.0	0.0	0.429
5815	0.0	0.0	1.159
5816	0.0	0.0	1.241
5817	0.0	0.0	1.246
5818	0.0	0.0	1.306
5819	0.0	0.0	1.246
5820	0.0	0.0	1.208
5821	0.0	0.0	1.118
5822	0.0	0.0	0.983
5823	0.0	0.0	0.896
5824	0.0	0.0	0.836
5825	0.0	0.0	0.869
5826	0.0	0.0	1.078
5827	0.0	0.0	1.203
5828	0.0	0.0	1.488
5829	0.0	0.0	1.528
5830	0.0	0.0	1.425
5831	0.0	0.0	0.858
5832	0.0	0.0	0.537
5833	0.0	0.0	0.372
5834	0.0	0.0	0.201
5835	0.0	0.0	0.079
5836	0.0	0.0	0.057
5837	0.0	0.0	0.171
5838	0.0	0.0	0.429
5839	0.0	0.0	1.159
5840	0.0	0.0	1.241
5841	0.0	0.0	1.246
5842	0.0	0.0	1.306
5843	0.0	0.0	1.246
5844	0.0	0.0	1.208
5845	0.0	0.0	1.118
5846	0.0	0.0	0.983
5847	0.0	0.0	0.896
5848	0.0	0.0	0.836
5849	0.0	0.0	0.869
5850	0.0	0.0	1.078
5851	0.0	0.0	1.203
5852	0.0	0.0	1.488
5853	0.0	0.0	1.528
5854	0.0	0.0	1.425
5855	0.0	0.0	0.858
5856	0.0	0.0	0.537
5857	0.0	0.0	0.372
5858	0.0	0.0	0.201
5859	0.0	0.0	0.079
5860	0.0	0.0	0.057
5861	0.0	0.0	0.171
5862	0.0	0.0	0.429
5863	0.0	0.0	1.159
5864	0.0	0.0	1.241
5865	0.0	0.0	1.246
5866	0.0	0.0	1.306
5867	0.0	0.0	1.246
5868	0.0	0.0	1.208
5869	0.0	0.0	1.118
5870	0.0	0.0	0.983
5871	0.0	0.0	0.896
5872	0.0	0.0	0.836
5873	0.0	0.0	0.869
5874	0.0	0.0	1.078
5875	0.0	0.0	1.203
5876	0.0	0.0	1.488
5877	0.0	0.0	1.528
5878	0.0	0.0	1.425
5879	0.0	0.0	0.858
5880	0.0	0.0	0.537
5881	0.0	0.0	0.372
5882	0.0	0.0	0.201
5883	0.0	0.0	0.079
5884	0.0	0.0	0.057
5885	0.0	0.0	0.171
5886	0.0	0.0	0.429
5887	0.0	0.0	1.159
5888	0.0	0.0	1.241
5889	0.0	0.0	1.246
5890	0.0	0.0	1.306
5891	0.0	0.0	1.246
5892	0.0	0.0	1.208
5893	0.0	0.0	1.118
5894	0.0	0.0	0.983
5895	0.0	0.0	0.896
5896	0.0	0.0	0.836
5897	0.0	0.0	0.869
5898	0.0	0.0	1.078
5899	0.0	0.0	1.203
5900	0.0	0.0	1.488
5901	0.0	0.0	1.528
5902	0.0	0.0	1.425
5903	0.0	0.0	0.858
5904	0.0	0.0	0.537
5905	0.0	0.0	0.372
5906	0.0	0.0	0.201
5907	0.0	0.0	0.079
5908	0.0	0.0	0.057
5909	0.0	0.0	0.171
5910	0.0	0.0	0.429
5911	0.0	0.0	1.159
5912	0.0	0.0	1.241
5913	0.0	0.0	1.246
5914	0.0	0.0	1.306
5915	0.0	0.0	1.246
5916	0.0	0.0	1.208
5917	0.0	0.0	1.118
5918	0.0	0.0	0.983
5919	0.0	0.0	0.896
5920	0.0	0.0	0.836
5921	0.0	0.0	0.869
5922	0.0	0.0	1.078
5923	0.0	0.0	1.203
5924	0.0	0.0	1.488
5925	0.0	0.0	1.528
5926	0.0	0.0	1.425
5927	0.0	0.0	0.858
5928	0.0	0.0	0.537
5929	0.0	0.0	0.372
5930	0.0	0.0	0.201
5931	0.0	0.0	0.079
5932	0.0	0.0	0.057
5933	0.0	0.0	0.171
5934	0.0	0.0	0.429
5935	0.0	0.0	1.159
5936	0.0	0.0	1.241
5937	0.0	0.0	1.246
5938	0.0	0.0	1.306
5939	0.0	0.0	1.246
5940	0.0	0.0	1.208
5941	0.0	0.0	1.118
5942	0.0	0.0	0.983
5943	0.0	0.0	0.896
5944	0.0	0.0	0.836
5945	0.0	0.0	0.869
5946	0.0	0.0	1.078
5947	0.0	0.0	1.203
5948	0.0	0.0	1.488
5949	0.0	0.0	1.528
5950	0.0	0.0	1.425
5951	0.0	0.0	0.858
5952	0.0	0.0	0.537
5953	0.0	0.0	0.372
5954	0.0	0.0	0.201
5955	0.0	0.0	0.079
5956	0.0	0.0	0.057
5957	0.0	0.0	0.171
5958	0.0	0.0	0.429
5959	0.0	0.0	1.159
5960	0.0	0.0	1.241
5961	0.0	0.0	1.246
5962	0.0	0.0	1.306
5963	0.0	0.0	1.246
5964	0.0	0.0	1.208
5965	0.0	0.0	1.118
5966	0.0	0.0	0.983
5967	0.0	0.0	0.896
5968	0.0	0.0	0.836
5969	0.0	0.0	0.869
5970	0.0	0.0	1.078
5971	0.0	0.0	1.203
5972	0.0	0.0	1.488
5973	0.0	0.0	1.528
5974	0.0	0.0	1.425
5975	0.0	0.0	0.858
5976	0.0	0.0	0.537
5977	0.0	0.0	0.372
5978	0.0	0.0	0.201
5979	0.0	0.0	0.079
5980	0.0	0.0	0.057
5981	0.0	0.0	0.171
5982	0.0	0.0	0.429
5983	0.0	0.0	1.159
5984	0.0	0.0	1.241
5985	0.0	0.0	1.246
5986	0.0	0.0	1.306
5987	0.0	0.0	1.246
5988	0.0	0.0	1.208
5989	0.0	0.0	1.118
5990	0.0	0.0	0.983
5991	0.0	0.0	0.896
5992	0.0	0.0	0.836
5993	0.0	0.0	0.869
5994	0.0	0.0	1.078
5995	0.0	0.0	1.203
5996	0.0	0.0	1.488
5997	0.0	0.0	1.528
5998	0.0	0.0	1.425
5999	0.0	0.0	0.858
6000	0.0	0.0	0.537
6001	0.0	0.0	0.372
6002	0.0	0.0	0.201
6003	0.0	0.0	0.079
6004	0.0	0.0	0.057
6005	0.0	0.0	0.171
6006	0.0	0.0	0.429
6007	0.0	0.0	1.159
6008	0.0	0.0	1.241
6009	0.0	0.0	1.246
6010	0.0	0.0	1.306
6011	0.0	0.0	1.246
6012	0.0	0.0	1.208
6013	0.0	0.0	1.118
6014	0.0	0.0	0.983
6015	0.0	0.0	0.896
6016	0.0	0.0	0.836
6017	0.0	0.0	0.869
6018	0.0	0.0	1.078
6019	0.0	0.0	1.203
6020	0.0	0.0	1.488
6021	0.0	0.0	1.528
6022	0.0	0.0	1.425
6023	0.0	0.0	0.858
6024	0.0	0.0	0.537
6025	0.0	0.0	0.372
6026	0.0	0.0	0.201
6027	0.0	0.0	0.079
6028	0.0	0.0	0.057
6029	0.0	0.0	0.171
6030	0.0	0.0	0.429
6031	0.0	0.0	1.159
6032	0.0	0.0	1.241
6033	0.0	0.0	1.246
6034	0.0	0.0	1.306
6035	0.0	0.0	1.246
6036	0.0	0.0	1.208
6037	0.0	0.0	1.118
6038	0.0	0.0	0.983
6039	0.0	0.0	0.896
6040	0.0	0.0	0.836
6041	0.0	0.0	0.869
6042	0.0	0.0	1.078
6043	0.0	0.0	1.203
6044	0.0	0.0	1.488
6045	0.0	0.0	1.528
6046	0.0	0.0	1.425
6047	0.0	0.0	0.858
6048	0.0	0.0	0.537
6049	0.0	0.0	0.372
6050	0.0	0.0	0.201
6051	0.0	0.0	0.079
6052	0.0	0.0	0.057
6053	0.0	0.0	0.171
6054	0.0	0.0	0.429
6055	0.0	0.0	1.159
6056	0.0	0.0	1.241
6057	0.0	0.0	1.246
6058	0.0	0.0	1.306
6059	0.0	0.0	1.246
6060	0.0	0.0	1.208
6061	0.0	0.0	1.118
6062	0.0	0.0	0.983
6063	0.0	0.0	0.896
6064	0.0	0.0	0.836
6065	0.0	0.0	0.869
6066	0.0	0.0	1.078
6067	0.0	0.0	1.203
6068	0.0	0.0	1.488
6069	0.0	0.0	1.528
6070	0.0	0.0	1.425
6071	0.0	0.0	0.858
6072	0.0	0.0	0.537
6073	0.0	0.0	0.372
6074	0.0	0.0	0.201
6075	0.0	0.0	0.079
6076	0.0	0.0	0.057
6077	0.0	0.0	0.171
6078	0.0	0.0	0.429
6079	0.0	0.0	1.159
6080	0.0	0.0	1.241
6081	0.0	0.0	1.246
6082	0.0	0.0	1.306
6083	0.0	0.0	1.246
6084	0.0	0.0	1.208
6085	0.0	0.0	1.118
6086	0.0	0.0	0.983
6087	0.0	0.0	0.896
6088	0.0	0.0	0.836
6089	0.0	0.0	0.869
6090	0.0	0.0	1.078
6091	0.0	0.0	1.203
6092	0.0	0.0	1.488
6093	0.0	0.0	1.528
6094	0.0	0.0	1.425
6095	0.0	0.0	0.858
6096	0.0	0.0	0.537
6097	0.0	0.0	0.372
6098	0.0	0.0	0.201
6099	0.0	0.0	0.079
6100	0.0	0.0	0.057
6101	0.0	0.0	0.171
6102	0.0	0.0	0.429
6103	0.0	0.0	1.159
6104	0.0	0.0	1.241
6105	0.0	0.0	1.246
6106	0.0	0.0	1.306
6107	0.0	0.0	1.246
6108	0.0	0.0	1.208
6109	0.0	0.0	1.118
6110	0.0	0.0	0.983
6111	0.0	0.0	0.896
6112	0.0	0.0	0.836
6113	0.0	0.0	0.869
6114	0.0	0.0	1.078
6115	0.0	0.0	1.203
6116	0.0	0.0	1.488
6117	0.0	0.0	1.528
6118	0.0	0.0	1.425
6119	0.0	0.0	0.858
6120	0.0	0.0	0.537
6121	0.0	0.0	0.372
6122	0.0	0.0	0.201
6123	0.0	0.0	0.079
6124	0.0	0.0	0.057
6125	0.0	0.0	0.171
6126	0.0	0.0	0.429
6127	0.0	0.0	1.159
6128	0.0	0.0	1.241
6129	0.0	0.0	1.246
6130	0.0	0.0	1.306
6131	0.0	0.0	1.246
6132	0.0	0.0	1.208
6133	0.0	0.0	1.118
6134	0.0	0.0	0.983
6135	0.0	0.0	0.896
6136	0.0	0.0	0.836
6137	0.0	0.0	0.869
6138	0.0	0.0	1.078
6139	0.0	0.0	1.203
6140	0.0	0.0	1.488
6141	0.0	0.0	1.528
6142	0.0	0.0	1.425
6143	0.0	0.0	0.858
6144	0.0	0.0	0.537
6145	0.0	0.0	0.372
6146	0.0	0.0	0.201
6147	0.0	0.0	0.079
6148	0.0	0.0	0.057
6149	0.0	0.0	0.171
6150	0.0	0.0	0.429
6151	0.0	0.0	1.159
6152	0.0	0.0	1.241
6153	0.0	0.0	1.246
6154	0.0	0.0	1.306
6155	0.0	0.0	1.246
6156	0.0	0.0	1.208
6157	0.0	0.0	1.118
6158	0.0	0.0	0.983
6159	0.0	0.0	0.896
6160	0.0	0.0	0.836
6161	0.0	0.0	0.869
6162	0.0	0.0	1.078
6163	0.0	0.0	1.203
6164	0.0	0.0	1.488
6165	0.0	0.0	1.528
6166	0.0	0.0	1.425
6167	0.0	0.0	0.858
6168	0.0	0.0	0.537
6169	0.0	0.0	0.372
6170	0.0	0.0	0.201
6171	0.0	0.0	0.079
6172	0.0	0.0	0.057
6173	0.0	0.0	0.171
6174	0.0	0.0	0.429
6175	0.0	0.0	1.159
6176	0.0	0.0	1.241
6177	0.0	0.0	1.246
6178	0.0	0.0	1.306
6179	0.0	0.0	1.246
6180	0.0	0.0	1.208
6181	0.0	0.0	1.118
6182	0.0	0.0	0.983
6183	0.0	0.0	0.896
6184	0.0	0.0	0.836
6185	0.0	0.0	0.869
6186	0.0	0.0	1.078
6187	0.0	0.0	1.203
6188	0.0	0.0	1.488
6189	0.0	0.0	1.528
6190	0.0	0.0	1.425
6191	0.0	0.0	0.858
6192	0.0	0.0	0.537
6193	0.0	0.0	0.372
6194	0.0	0.0	0.201
6195	0.0	0.0	0.079
6196	0.0	0.0	0.057
6197	0.0	0.0	0.171
6198	0.0	0.0	0.429
6199	0.0	0.0	1.159
6200	0.0	0.0	1.241
6201	0.0	0.0	1.246
6202	0.0	0.0	1.306
6203	0.0	0.0	1.246
6204	0.0	0.0	1.208
6205	0.0	0.0	1.118
6206	0.0	0.0	0.983
6207	0.0	0.0	0.896
6208	0.0	0.0	0.836
6209	0.0	0.0	0.869
6210	0.0	0.0	1.078
6211	0.0	0.0	1.203
6212	0.0	0.0	1.488
6213	0.0	0.0	1.528
6214	0.0	0.0	1.425
6215	0.0	0.0	0.858
6216	0.0	0.0	0.537
6217	0.0	0.0	0.372
6218	0.0	0.0	0.201
6219	0.0	0.0	0.079
6220	0.0	0.0	0.057
6221	0.0	0.0	0.171
6222	0.0	0.0	0.429
6223	0.0	0.0	1.159
6224	0.0	0.0	1.241
6225	0.0	0.0	1.246
6226	0.0	0.0	1.306
6227	0.0	0.0	1.246
6228	0.0	0.0	1.208
6229	0.0	0.0	1.118
6230	0.0	0.0	0.983
6231	0.0	0.0	0.896
6232	0.0	0.0	0.836
6233	0.0	0.0	0.869
6234	0.0	0.0	1.078
6235	0.0	0.0	1.203
6236	0.0	0.0	1.488
6237	0.0	0.0	1.528
6238	0.0	0.0	1.425
6239	0.0	0.0	0.858
6240	0.0	0.0	0.537
6241	0.0	0.0	0.372
6242	0.0	0.0	0.201
6243	0.0	0.0	0.079
6244	0.0	0.0	0.057
6245	0.0	0.0	0.171
6246	0.0	0.0	0.429
6247	0.0	0.0	1.159
6248	0.0	0.0	1.241
6249	0.0	0.0	1.246
6250	0.0	0.0	1.306
6251	0.0	0.0	1.246
6252	0.0	0.0	1.208
6253	0.0	0.0	1.118
6254	0.0	0.0	0.983
6255	0.0	0.0	0.896
6256	0.0	0.0	0.836
6257	0.0	0.0	0.869
6258	0.0	0.0	1.078
6259	0.0	0.0	1.203
6260	0.0	0.0	1.488
6261	0.0	0.0	1.528
6262	0.0	0.0	1.425
6263	0.0	0.0	0.858
6264	0.0	0.0	0.537
6265	0.0	0.0	0.372
6266	0.0	0.0	0.201
6267	0.0	0.0	0.079
6268	0.0	0.0	0.057
6269	0.0	0.0	0.171
6270	0.0	0.0	0.429
6271	0.0	0.0	1.159
6272	0.0	0.0	1.241
6273	0.0	0.0	1.246
6274	0.0	0.0	1.306
6275	0.0	0.0	1.246
6276	0.0	0.0	1.208
6277	0.0	0.0	1.118
6278	0.0	0.0	0.983
6279	0.0	0.0	0.896
6280	0.0	0.0	0.836
6281	0.0	0.0	0.869
6282	0.0	0.0	1.078
6283	0.0	0.0	1.203
6284	0.0	0.0	1.488
6285	0.0	0.0	1.528
6286	0.0	0.0	1.425
6287	0.0	0.0	0.858
6288	0.0	0.0	0.537
6289	0.0	0.0	0.372
6290	0.0	0.0	0.201
6291	0.0	0.0	0.079
6292	0.0	0.0	0.057
6293	0.0	0.0	0.171
6294	0.0	0.0	0.429
6295	0.0	0.0	1.159
6296	0.0	0.0	1.241
6297	0.0	0.0	1.246
6298	0.0	0.0	1.306
6299	0.0	0.0	1.246
6300	0.0	0.0	1.208
6301	0.0	0.0	1.118
6302	0.0	0.0	0.983
6303	0.0	0.0	0.896
6304	0.0	0.0	0.836
6305	0.0	0.0	0.869
6306	0.0	0.0	1.078
6307	0.0	0.0	1.203
6308	0.0	0.0	1.488
6309	0.0	0.0	1.528
6310	0.0	0.0	1.425
6311	0.0	0.0	0.858
6312	0.0	0.0	0.537
6313	0.0	0.0	0.372
6314	0.0	0.0	0.201
6315	0.0	0.0	0.079
6316	0.0	0.0	0.057
6317	0.0	0.0	0.171
6318	0.0	0.0	0.429
6319	0.0	0.0	1.159
6320	0.0	0.0	1.241
6321	0.0	0.0	1.246
6322	0.0	0.0	1.306
6323	0.0	0.0	1.246
6324	0.0	0.0	1.208
6325	0.0	0.0	1.118
6326	0.0	0.0	0.983
6327	0.0	0.0	0.896
6328	0.0	0.0	0.836
6329	0.0	0.0	0.869
6330	0.0	0.0	1.078
6331	0.0	0.0	1.203
6332	0.0	0.0	1.488
6333	0.0	0.0	1.528
6334	0.0	0.0	1.425
6335	0.0	0.0	0.858
6336	0.0	0.0	0.537
6337	0.0	0.0	0.372
6338	0.0	0.0	0.201
6339	0.0	0.0	0.079
6340	0.0	0.0	0.057
6341	0.0	0.0	0.171
6342	0.0	0.0	0.429
6343	0.0	0.0	1.159
6344	0.0	0.0	1.241
6345	0.0	0.0	1.246
6346	0.0	0.0	1.306
6347	0.0	0.0	1.246
6348	0.0	0.0	1.208
6349	0.0	0.0	1.118
6350	0.0	0.0	0.983
6351	0.0	0.0	0.896
6352	0.0	0.0	0.836
6353	0.0	0.0	0.869
6354	0.0	0.0	1.078
6355	0.0	0.0	1.203
6356	0.0	0.0	1.488
6357	0.0	0.0	1.528
6358	0.0	0.0	1.425
6359	0.0	0.0	0.858
6360	0.0	0.0	0.537
6361	0.0	0.0	0.372
6362	0.0	0.0	0.201
6363	0.0	0.0	0.079
6364	0.0	0.0	0.057
6365	0.0	0.0	0.171
6366	0.0	0.0	0.429
6367	0.0	0.0	1.159
6368	0.0	0.0	1.241
6369	0.0	0.0	1.246
6370	0.0	0.0	1.306
6371	0.0	0.0	1.246
6372	0.0	0.0	1.208
6373	0.0	0.0	1.118
6374	0.0	0.0	0.983
6375	0.0	0.0	0.896
6376	0.0	0.0	0.836
6377	0.0	0.0	0.869
6378	0.0	0.0	1.078
6379	0.0	0.0	1.203
6380	0.0	0.0	1.488
6381	0.0	0.0	1.528
6382	0.0	0.0	1.425
6383	0.0	0.0	0.858
6384	0.0	0.0	0.537
6385	0.0	0.0	0.372
6386	0.0	0.0	0.201
6387	0.0	0.0	0.079
6388	0.0	0.0	0.057
6389	0.0	0.0	0.171
6390	0.0	0.0	0.429
6391	0.0	0.0	1.159
6392	0.0	0.0	1.241
6393	0.0	0.0	1.246
6394	0.0	0.0	1.306
6395	0.0	0.0	1.246
6396	0.0	0.0	1.208
6397	0.0	0.0	1.118
6398	0.0	0.0	0.983
6399	0.0	0.0	0.896
6400	0.0	0.0	0.836
6401	0.0	0.0	0.869
6402	0.0	0.0	1.078
6403	0.0	0.0	1.203
6404	0.0	0.0	1.488
6405	0.0	0.0	1.528
6406	0.0	0.0	1.425
6407	0.0	0.0	0.858
6408	0.0	0.0	0.537
6409	0.0	0.0	0.372
6410	0.0	0.0	0.201
6411	0.0	0.0	0.079
6412	0.0	0.0	0.057
6413	0.0	0.0	0.171
6414	0.0	0.0	0.429
6415	0.0	0.0	1.159
6416	0.0	0.0	1.241
6417	0.0	0.0	1.246
6418	0.0	0.0	1.306
6419	0.0	0.0	1.246
6420	0.0	0.0	1.208
6421	0.0	0.0	1.118
6422	0.0	0.0	0.983
6423	0.0	0.0	0.896
6424	0.0	0.0	0.836
6425	0.0	0.0	0.869
6426	0.0	0.0	1.078
6427	0.0	0.0	1.203
6428	0.0	0.0	1.488
6429	0.0	0.0	1.528
6430	0.0	0.0	1.425
6431	0.0	0.0	0.858
6432	0.0	0.0	0.537
6433	0.0	0.0	0.372
6434	0.0	0.0	0.201
6435	0.0	0.0	0.079
6436	0.0	0.0	0.057
6437	0.0	0.0	0.171
6438	0.0	0.0	0.429
6439	0.0	0.0	1.159
6440	0.0	0.0	1.241
6441	0.0	0.0	1.246
6442	0.0	0.0	1.306
6443	0.0	0.0	1.246
6444	0.0	0.0	1.208
6445	0.0	0.0	1.118
6446	0.0	0.0	0.983
6447	0.0	0.0	0.896
6448	0.0	0.0	0.836
6449	0.0	0.0	0.869
6450	0.0	0.0	1.078
6451	0.0	0.0	1.203
6452	0.0	0.0	1.488
6453	0.0	0.0	1.528
6454	0.0	0.0	1.425
6455	0.0	0.0	0.858
6456	0.0	0.0	0.537
6457	0.0	0.0	0.372
6458	0.0	0.0	0.201
6459	0.0	0.0	0.079
6460	0.0	0.0	0.057
6461	0.0	0.0	0.171
6462	0.0	0.0	0.429
6463	0.0	0.0	1.159
6464	0.0	0.0	1.241
6465	0.0	0.0	1.246
6466	0.0	0.0	1.306
6467	0.0	0.0	1.246
6468	0.0	0.0	1.208
6469	0.0	0.0	1.118
6470	0.0	0.0	0.983
6471	0.0	0.0	0.896
6472	0.0	0.0	0.836
6473	0.0	0.0	0.869
6474	0.0	0.0	1.078
6475	0.0	0.0	1.203
6476	0.0	0.0	1.488
6477	0.0	0.0	1.528
6478	0.0	0.0	1.425
6479	0.0	0.0	0.858
6480	0.0	0.0	0.537
6481	0.0	0.0	0.372
6482	0.0	0.0	0.201
6483	0.0	0.0	0.079
6484	0.0	0.0	0.057
6485	0.0	0.0	0.171
6486	0.0	0.0	0.429
6487	0.0	0.0	1.159
6488	0.0	0.0	1.241
6489	0.0	0.0	1.246
6490	0.0	0.0	1.306
6491	0.0	0.0	1.246
6492	0.0	0.0	1.208
6493	0.0	0.0	1.118
6494	0.0	0.0	0.983
6495	0.0	0.0	0.896
6496	0.0	0.0	0.836
6497	0.0	0.0	0.869
6498	0.0	0.0	1.078
6499	0.0	0.0	1.203
6500	0.0	0.0	1.488
6501	0.0	0.0	1.528
6502	0.0	0.0	1.425
6503	0.0	0.0	0.858
6504	0.0	0.0	0.537
6505	0.0	0.0	0.372
6506	0.0	0.0	0.201
6507	0.0	0.0	0.079
6508	0.0	0.0	0.057
6509	0.0	0.0	0.171
6510	0.0	0.0	0.429
6511	0.0	0.0	1.159
6512	0.0	0.0	1.241
6513	0.0	0.0	1.246
6514	0.0	0.0	1.306
6515	0.0	0.0	1.246
6516	0.0	0.0	1.208
6517	0.0	0.0	1.118
6518	0.0	0.0	0.983
6519	0.0	0.0	0.896
6520	0.0	0.0	0.836
6521	0.0	0.0	0.869
6522	0.0	0.0	1.078
6523	0.0	0.0	1.203
6524	0.0	0.0	1.488
6525	0.0	0.0	1.528
6526	0.0	0.0	1.425
6527	0.0	0.0	0.858
6528	0.0	0.0	0.537
6529	0.0	0.0	0.372
6530	0.0	0.0	0.201
6531	0.0	0.0	0.079
6532	0.0	0.0	0.057
6533	0.0	0.0	0.171
6534	0.0	0.0	0.429
6535	0.0	0.0	1.159
6536	0.0	0.0	1.241
6537	0.0	0.0	1.246
6538	0.0	0.0	1.306
6539	0.0	0.0	1.246
6540	0.0	0.0	1.208
6541	0.0	0.0	1.118
6542	0.0	0.0	0.983
6543	0.0	0.0	0.896
6544	0.0	0.0	0.836
6545	0.0	0.0	0.869
6546	0.0	0.0	1.078
6547	0.0	0.0	1.203
6548	0.0	0.0	1.488
6549	0.0	0.0	1.528
6550	0.0	0.0	1.425
6551	0.0	0.0	0.858
6552	0.0	0.0	0.537
6553	0.0	0.0	0.372
6554	0.0	0.0	0.201
6555	0.0	0.0	0.079
6556	0.0	0.0	0.057
6557	0.0	0.0	0.171
6558	0.0	0.0	0.429
6559	0.0	0.0	1.159
6560	0.0	0.0	1.241
6561	0.0	0.0	1.246
6562	0.0	0.0	1.306
6563	0.0	0.0	1.246
6564	0.0	0.0	1.208
6565	0.0	0.0	1.118
6566	0.0	0.0	0.983
6567	0.0	0.0	0.896
6568	0.0	0.0	0.836
6569	0.0	0.0	0.869
6570	0.0	0.0	1.078
6571	0.0	0.0	1.203
6572	0.0	0.0	1.488
6573	0.0	0.0	1.528
6574	0.0	0.0	1.425
6575	0.0	0.0	0.858
6576	0.0	0.0	0.537
6577	0.0	0.0	0.372
6578	0.2	0.0	0.201
6579	0.3	0.0	0.079
6580	0.3	0.0	0.057
6581	0.6	0.0	0.171
6582	0.9	0.0	0.429
6583	0.9	0.0	1.159
6584	2.8	0.0	1.241
6585	2.8	0.0	1.246
6586	2.6	0.0	1.306
6587	2.5	0.0	1.246
6588	2.5	0.0	1.208
6589	2.3	0.0	1.118
6590	2.4	0.0	0.983
6591	2.1	0.0	0.896
6592	2.2	0.0	0.836
6593	2.5	0.0	0.869
6594	3.2	0.0	1.078
6595	3.7	0.0	1.203
6596	3.9	0.0	1.488
6597	4.3	0.0	1.528
6598	4.8	0.0	1.425
6599	5.0	0.0	0.858
6600	5.2	0.0	0.537
6601	3.6	0.0	0.372
6602	3.9	0.0	0.201
6603	3.9	0.0	0.079
6604	3.9	0.0	0.057
6605	3.9	0.0	0.171
6606	4.1	0.0	0.429
6607	4.3	0.0	1.159
6608	6.2	0.0	1.241
6609	6.0	0.0	1.246
6610	5.5	0.0	1.306
6611	5.2	0.0	1.246
6612	4.6	0.0	1.208
6613	4.6	0.0	1.118
6614	4.6	0.0	0.983
6615	4.6	0.0	0.896
6616	4.8	0.0	0.836
6617	5.0	0.0	0.869
6618	5.2	0.0	1.078
6619	5.5	0.0	1.203
6620	5.9	0.0	1.488
6621	6.3	0.0	1.528
6622	6.7	0.0	1.425
6623	6.6	0.0	0.858
6624	6.7	0.0	0.537
6625	5.0	0.0	0.372
6626	5.1	0.0	0.201
6627	5.1	0.0	0.079
6628	5.0	0.0	0.057
6629	5.1	0.0	0.171
6630	5.1	0.0	0.429
6631	5.1	0.0	1.159
6632	6.6	0.0	1.241
6633	6.6	0.0	1.246
6634	6.4	0.0	1.306
6635	5.9	0.0	1.246
6636	5.3	0.0	1.208
6637	4.9	0.0	1.118
6638	4.6	0.0	0.983
6639	4.3	0.0	0.896
6640	4.3	0.0	0.836
6641	4.7	0.0	0.869
6642	5.3	0.0	1.078
6643	5.8	0.0	1.203
6644	6.3	0.0	1.488
6645	6.5	0.0	1.528
6646	6.5	0.0	1.425
6647	6.7	0.0	0.858
6648	6.7	0.0	0.537
6649	5.2	0.0	0.372
6650	5.2	0.0	0.201
6651	5.3	0.0	0.079
6652	5.2	0.0	0.057
6653	5.2	0.0	0.171
6654	5.2	0.0	0.429
6655	4.9	0.0	1.159
6656	6.4	0.0	1.241
6657	6.2	0.0	1.246
6658	5.3	0.0	1.306
6659	4.7	0.0	1.246
6660	4.1	0.0	1.208
6661	3.9	0.0	1.118
6662	3.3	0.0	0.983
6663	3.2	0.0	0.896
6664	3.2	0.0	0.836
6665	3.5	0.0	0.869
6666	4.1	0.0	1.078
6667	4.9	0.0	1.203
6668	5.3	0.0	1.488
6669	6.0	0.0	1.528
6670	6.0	0.0	1.425
6671	6.3	0.0	0.858
6672	6.6	0.0	0.537
6673	4.9	0.0	0.372
6674	4.9	0.0	0.201
6675	4.8	0.0	0.079
6676	4.9	0.0	0.057
6677	5.2	0.0	0.171
6678	5.3	0.0	0.429
6679	5.3	0.0	1.159
6680	6.7	0.0	1.241
6681	6.5	0.0	1.246
6682	6.2	0.0	1.306
6683	5.6	0.0	1.246
6684	4.9	0.0	1.208
6685	4.2	0.0	1.118
6686	3.7	0.0	0.983
6687	3.5	0.0	0.896
6688	3.7	0.0	0.836
6689	3.5	0.0	0.869
6690	4.0	0.0	1.078
6691	4.5	0.0	1.203
6692	4.8	0.0	1.488
6693	5.0	0.0	1.528
6694	4.7	0.0	1.425
6695	5.1	0.0	0.858
6696	5.3	0.0	0.537
6697	3.7	0.0	0.372
6698	3.9	0.0	0.201
6699	3.9	0.0	0.079
6700	4.1	0.0	0.057
6701	4.3	0.0	0.171
6702	4.5	0.0	0.429
6703	4.4	0.0	1.159
6704	6.1	0.0	1.241
6705	5.9	0.0	1.246
6706	5.4	0.0	1.306
6707	5.0	0.0	1.246
6708	4.7	0.0	1.208
6709	4.5	0.0	1.118
6710	4.2	0.0	0.983
6711	4.3	0.0	0.896
6712	4.3	0.0	0.836
6713	4.6	0.0	0.869
6714	5.2	0.0	1.078
6715	5.8	0.0	1.203
6716	6.3	0.0	1.488
6717	6.3	0.0	1.528
6718	6.7	0.0	1.425
6719	7.0	0.0	0.858
6720	7.2	0.0	0.537
6721	5.6	0.0	0.372
6722	5.5	0.0	0.201
6723	5.5	0.0	0.079
6724	5.5	0.0	0.057
6725	5.6	0.0	0.171
6726	5.9	0.0	0.429
6727	5.9	0.0	1.159
6728	7.7	0.0	1.241
6729	7.3	0.0	1.246
6730	6.6	0.0	1.306
6731	6.1	0.0	1.246
6732	5.7	0.0	1.208
6733	5.2	0.0	1.118
6734	4.8	0.0	0.983
6735	4.4	0.0	0.896
6736	4.7	0.0	0.836
6737	4.6	0.0	0.869
6738	4.9	0.0	1.078
6739	5.4	0.0	1.203
6740	5.6	0.0	1.488
6741	5.8	0.0	1.528
6742	5.9	0.0	1.425
6743	6.1	0.0	0.858
6744	6.1	0.0	0.537
6745	4.4	0.0	0.372
6746	4.4	0.0	0.201
6747	4.3	0.0	0.079
6748	4.3	0.0	0.057
6749	4.3	0.0	0.171
6750	4.3	0.0	0.429
6751	4.4	0.0	1.159
6752	6.3	0.0	1.241
6753	5.9	0.0	1.246
6754	5.5	0.0	1.306
6755	4.8	0.0	1.246
6756	4.4	0.0	1.208
6757	3.9	0.0	1.118
6758	3.6	0.0	0.983
6759	3.3	0.0	0.896
6760	3.2	0.0	0.836
6761	3.4	0.0	0.869
6762	3.8	0.0	1.078
6763	4.3	0.0	1.203
6764	4.4	0.0	1.488
6765	4.7	0.0	1.528
6766	4.9	0.0	1.425
6767	5.2	0.0	0.858
6768	5.6	0.0	0.537
6769	4.0	0.0	0.372
6770	4.3	0.0	0.201
6771	4.5	0.0	0.079
6772	4.7	0.0	0.057
6773	4.9	0.0	0.171
6774	5.2	0.0	0.429
6775	5.2	0.0	1.159
6776	6.9	0.0	1.241
6777	6.5	0.0	1.246
6778	6.0	0.0	1.306
6779	5.2	0.0	1.246
6780	4.8	0.0	1.208
6781	4.3	0.0	1.118
6782	3.8	0.0	0.983
6783	3.5	0.0	0.896
6784	3.6	0.0	0.836
6785	4.1	0.0	0.869
6786	4.4	0.0	1.078
6787	5.2	0.0	1.203
6788	5.3	0.0	1.488
6789	5.5	0.0	1.528
6790	5.8	0.0	1.425
6791	5.9	0.0	0.858
6792	6.0	0.0	0.537
6793	4.4	0.0	0.372
6794	4.4	0.0	0.201
6795	4.2	0.0	0.079
6796	4.2	0.0	0.057
6797	4.2	0.0	0.171
6798	4.0	0.0	0.429
6799	4.2	0.0	1.159
6800	5.9	0.0	1.241
6801	5.7	0.0	1.246
6802	5.0	0.0	1.306
6803	4.7	0.0	1.246
6804	4.1	0.0	1.208
6805	3.9	0.0	1.118
6806	3.7	0.0	0.983
6807	3.5	0.0	0.896
6808	3.2	0.0	0.836
6809	3.4	0.0	0.869
6810	3.6	0.0	1.078
6811	4.2	0.0	1.203
6812	4.3	0.0	1.488
6813	4.4	0.0	1.528
6814	4.5	0.0	1.425
6815	4.8	0.0	0.858
6816	4.8	0.0	0.537
6817	3.1	0.0	0.372
6818	3.2	0.0	0.201
6819	3.2	0.0	0.079
6820	3.4	0.0	0.057
6821	3.2	0.0	0.171
6822	3.1	0.0	0.429
6823	3.1	0.0	1.159
6824	5.0	0.0	1.241
6825	5.0	0.0	1.246
6826	4.8	0.0	1.306
6827	4.4	0.0	1.246
6828	3.8	0.0	1.208
6829	3.6	0.0	1.118
6830	3.6	0.0	0.983
6831	3.0	0.0	0.896
6832	3.1	0.0	0.836
6833	3.2	0.0	0.869
6834	3.1	0.0	1.078
6835	3.2	0.0	1.203
6836	3.2	0.0	1.488
6837	3.5	0.0	1.528
6838	3.7	0.0	1.425
6839	3.7	0.0	0.858
6840	3.9	0.0	0.537
6841	2.4	0.0	0.372
6842	2.2	0.0	0.201
6843	2.4	0.0	0.079
6844	2.4	0.0	0.057
6845	2.4	0.0	0.171
6846	2.2	0.0	0.429
6847	2.0	0.0	1.159
6848	3.8	0.0	1.241
6849	3.3	0.0	1.246
6850	3.0	0.0	1.306
6851	2.6	0.0	1.246
6852	2.2	0.0	1.208
6853	2.0	0.0	1.118
6854	1.9	0.0	0.983
6855	2.0	0.0	0.896
6856	2.0	0.0	0.836
6857	1.9	0.0	0.869
6858	1.9	0.0	1.078
6859	1.8	0.0	1.203
6860	1.9	0.0	1.488
6861	1.8	0.0	1.528
6862	1.8	0.0	1.425
6863	1.8	0.0	0.858
6864	1.7	0.0	0.537
6865	0.0	0.0	0.372
6866	0.0	0.0	0.201
6867	0.0	0.0	0.079
6868	0.0	0.0	0.057
6869	0.0	0.0	0.171
6870	0.0	0.0	0.429
6871	0.0	0.0	1.159
6872	0.0	0.0	1.241
6873	0.0	0.0	1.246
6874	0.0	0.0	1.306
6875	0.0	0.0	1.246
6876	0.0	0.0	1.208
6877	0.0	0.0	1.118
6878	0.0	0.0	0.983
6879	0.0	0.0	0.896
6880	0.0	0.0	0.836
6881	0.0	0.0	0.869
6882	0.0	0.0	1.078
6883	0.0	0.0	1.203
6884	0.0	0.0	1.488
6885	0.0	0.0	1.528
6886	0.0	0.0	1.425
6887	0.0	0.0	0.858
6888	0.0	0.0	0.537
6889	1.4	0.0	0.372
6890	1.3	0.0	0.201
6891	1.4	0.0	0.079
6892	1.6	0.0	0.057
6893	2.0	0.0	0.171
6894	1.8	0.0	0.429
6895	2.2	0.0	1.159
6896	3.5	0.0	1.241
6897	3.1	0.0	1.246
6898	2.7	0.0	1.306
6899	2.2	0.0	1.246
6900	1.5	0.0	1.208
6901	1.2	0.0	1.118
6902	0.7	0.0	0.983
6903	0.5	0.0	0.896
6904	0.5	0.0	0.836
6905	0.9	0.0	0.869
6906	1.3	0.0	1.078
6907	1.8	0.0	1.203
6908	2.4	0.0	1.488
6909	2.5	0.0	1.528
6910	3.1	0.0	1.425
6911	3.4	0.0	0.858
6912	3.7	0.0	0.537
6913	1.8	0.0	0.372
6914	2.0	0.0	0.201
6915	2.2	0.0	0.079
6916	2.3	0.0	0.057
6917	2.2	0.0	0.171
6918	2.2	0.0	0.429
6919	2.0	0.0	1.159
6920	3.6	0.0	1.241
6921	3.1	0.0	1.246
6922	2.9	0.0	1.306
6923	2.6	0.0	1.246
6924	1.9	0.0	1.208
6925	1.3	0.0	1.118
6926	0.9	0.0	0.983
6927	0.9	0.0	0.896
6928	0.6	0.0	0.836
6929	0.7	0.0	0.869
6930	1.2	0.0	1.078
6931	1.5	0.0	1.203
6932	1.6	0.0	1.488
6933	1.5	0.0	1.528
6934	1.8	0.0	1.425
6935	1.8	0.0	0.858
6936	1.7	0.0	0.537
6937	0.3	0.0	0.372
6938	0.6	0.0	0.201
6939	0.6	0.0	0.079
6940	0.7	0.0	0.057
6941	0.8	0.0	0.171
6942	0.9	0.0	0.429
6943	1.0	0.0	1.159
6944	2.7	0.0	1.241
6945	2.4	0.0	1.246
6946	1.9	0.0	1.306
6947	1.3	0.0	1.246
6948	0.8	0.0	1.208
6949	0.7	0.0	1.118
6950	0.6	0.0	0.983
6951	0.7	0.0	0.896
6952	0.6	0.0	0.836
6953	0.9	0.0	0.869
6954	1.1	0.0	1.078
6955	1.6	0.0	1.203
6956	2.0	0.0	1.488
6957	2.4	0.0	1.528
6958	2.6	0.0	1.425
6959	2.8	0.0	0.858
6960	3.3	0.0	0.537
6961	1.6	0.0	0.372
6962	1.9	0.0	0.201
6963	2.2	0.0	0.079
6964	2.5	0.0	0.057
6965	2.7	0.0	0.171
6966	3.0	0.0	0.429
6967	3.2	0.0	1.159
6968	4.9	0.0	1.241
6969	5.0	0.0	1.246
6970	4.8	0.0	1.306
6971	4.1	0.0	1.246
6972	3.6	0.0	1.208
6973	3.4	0.0	1.118
6974	3.1	0.0	0.983
6975	3.4	0.0	0.896
6976	3.5	0.0	0.836
6977	3.6	0.0	0.869
6978	4.2	0.0	1.078
6979	4.9	0.0	1.203
6980	5.2	0.0	1.488
6981	5.6	0.0	1.528
6982	6.0	0.0	1.425
6983	6.3	0.0	0.858
6984	6.6	0.0	0.537
6985	5.2	0.0	0.372
6986	5.3	0.0	0.201
6987	5.5	0.0	0.079
6988	5.7	0.0	0.057
6989	5.9	0.0	0.171
6990	5.6	0.0	0.429
6991	5.4	0.0	1.159
6992	6.9	0.0	1.241
6993	6.5	0.0	1.246
6994	6.1	0.0	1.306
6995	5.5	0.0	1.246
6996	4.6	0.0	1.208
6997	4.5	0.0	1.118
6998	3.9	0.0	0.983
6999	3.6	0.0	0.896
7000	3.9	0.0	0.836
7001	3.8	0.0	0.869
7002	4.3	0.0	1.078
7003	4.9	0.0	1.203
7004	5.3	0.0	1.488
7005	5.6	0.0	1.528
7006	5.8	0.0	1.425
7007	6.1	0.0	0.858
7008	6.3	0.0	0.537
7009	4.9	0.0	0.372
7010	4.8	0.0	0.201
7011	5.1	0.0	0.079
7012	5.3	0.0	0.057
7013	5.6	0.0	0.171
7014	5.8	0.0	0.429
7015	6.1	0.0	1.159
7016	7.7	0.0	1.241
7017	7.4	0.0	1.246
7018	6.9	0.0	1.306
7019	6.4	0.0	1.246
7020	5.9	0.0	1.208
7021	5.2	0.0	1.118
7022	4.9	0.0	0.983
7023	4.7	0.0	0.896
7024	4.9	0.0	0.836
7025	5.1	0.0	0.869
7026	5.6	0.0	1.078
7027	6.0	0.0	1.203
7028	6.0	0.0	1.488
7029	5.9	0.0	1.528
7030	6.1	0.0	1.425
7031	6.5	0.0	0.858
7032	6.7	0.0	0.537
7033	4.7	0.0	0.372
7034	4.8	0.0	0.201
7035	4.9	0.0	0.079
7036	4.9	0.0	0.057
7037	5.0	0.0	0.171
7038	5.0	0.0	0.429
7039	4.9	0.0	1.159
7040	6.3	0.0	1.241
7041	5.9	0.0	1.246
7042	5.7	0.0	1.306
7043	5.3	0.0	1.246
7044	4.5	0.0	1.208
7045	4.3	0.0	1.118
7046	4.4	0.0	0.983
7047	4.1	0.0	0.896
7048	4.0	0.0	0.836
7049	4.1	0.0	0.869
7050	4.6	0.0	1.078
7051	5.0	0.0	1.203
7052	5.2	0.0	1.488
7053	5.5	0.0	1.528
7054	5.8	0.0	1.425
7055	6.1	0.0	0.858
7056	6.2	0.0	0.537
7057	4.3	0.0	0.372
7058	4.5	0.0	0.201
7059	4.9	0.0	0.079
7060	5.1	0.0	0.057
7061	4.9	0.0	0.171
7062	4.9	0.0	0.429
7063	4.8	0.0	1.159
7064	6.2	0.0	1.241
7065	6.0	0.0	1.246
7066	5.6	0.0	1.306
7067	5.2	0.0	1.246
7068	4.6	0.0	1.208
7069	4.4	0.0	1.118
7070	4.1	0.0	0.983
7071	4.1	0.0	0.896
7072	4.1	0.0	0.836
7073	4.4	0.0	0.869
7074	4.6	0.0	1.078
7075	5.1	0.0	1.203
7076	5.5	0.0	1.488
7077	5.8	0.0	1.528
7078	5.7	0.0	1.425
7079	6.3	0.0	0.858
7080	6.4	0.0	0.537
7081	4.9	0.0	0.372
7082	4.9	0.0	0.201
7083	5.1	0.0	0.079
7084	5.0	0.0	0.057
7085	4.9	0.0	0.171
7086	4.9	0.0	0.429
7087	5.1	0.0	1.159
7088	6.4	0.0	1.241
7089	5.7	0.0	1.246
7090	5.4	0.0	1.306
7091	4.6	0.0	1.246
7092	4.2	0.0	1.208
7093	3.8	0.0	1.118
7094	3.6	0.0	0.983
7095	3.3	0.0	0.896
7096	3.5	0.0	0.836
7097	3.6	0.0	0.869
7098	3.7	0.0	1.078
7099	4.0	0.0	1.203
7100	4.2	0.0	1.488
7101	4.3	0.0	1.528
7102	4.7	0.0	1.425
7103	4.7	0.0	0.858
7104	4.8	0.0	0.537
7105	3.1	0.0	0.372
7106	3.1	0.0	0.201
7107	3.4	0.0	0.079
7108	3.6	0.0	0.057
7109	3.6	0.0	0.171
7110	3.5	0.0	0.429
7111	3.5	0.0	1.159
7112	5.6	0.0	1.241
7113	5.2	0.0	1.246
7114	4.7	0.0	1.306
7115	4.2	0.0	1.246
7116	3.6	0.0	1.208
7117	3.3	0.0	1.118
7118	3.4	0.0	0.983
7119	3.5	0.0	0.896
7120	3.7	0.0	0.836
7121	4.0	0.0	0.869
7122	4.6	0.0	1.078
7123	5.0	0.0	1.203
7124	5.0	0.0	1.488
7125	5.2	0.0	1.528
7126	5.1	0.0	1.425
7127	5.0	0.0	0.858
7128	5.2	0.0	0.537
7129	3.6	0.0	0.372
7130	3.8	0.0	0.201
7131	3.8	0.0	0.079
7132	3.9	0.0	0.057
7133	3.7	0.0	0.171
7134	3.6	0.0	0.429
7135	3.5	0.0	1.159
7136	5.1	0.0	1.241
7137	4.8	0.0	1.246
7138	4.3	0.0	1.306
7139	3.8	0.0	1.246
7140	3.5	0.0	1.208
7141	2.7	0.0	1.118
7142	2.4	0.0	0.983
7143	2.4	0.0	0.896
7144	2.5	0.0	0.836
7145	3.1	0.0	0.869
7146	3.1	0.0	1.078
7147	3.6	0.0	1.203
7148	3.9	0.0	1.488
7149	4.0	0.0	1.528
7150	4.1	0.0	1.425
7151	4.4	0.0	0.858
7152	4.5	0.0	0.537
7153	3.1	0.0	0.372
7154	3.3	0.0	0.201
7155	3.5	0.0	0.079
7156	3.6	0.0	0.057
7157	3.6	0.0	0.171
7158	3.5	0.0	0.429
7159	3.4	0.0	1.159
7160	4.6	0.0	1.241
7161	4.2	0.0	1.246
7162	3.5	0.0	1.306
7163	2.9	0.0	1.246
7164	2.4	0.0	1.208
7165	1.9	0.0	1.118
7166	1.6	0.0	0.983
7167	1.7	0.0	0.896
7168	1.8	0.0	0.836
7169	1.9	0.0	0.869
7170	2.5	0.0	1.078
7171	2.9	0.0	1.203
7172	3.0	0.0	1.488
7173	3.3	0.0	1.528
7174	3.5	0.0	1.425
7175	3.6	0.0	0.858
7176	4.1	0.0	0.537
7177	2.5	0.0	0.372
7178	2.4	0.0	0.201
7179	2.2	0.0	0.079
7180	2.2	0.0	0.057
7181	2.1	0.0	0.171
7182	1.8	0.0	0.429
7183	1.8	0.0	1.159
7184	3.3	0.0	1.241
7185	3.2	0.0	1.246
7186	2.6	0.0	1.306
7187	1.9	0.0	1.246
7188	1.3	0.0	1.208
7189	0.5	0.0	1.118
7190	0.0	0.0	0.983
7191	0.0	0.0	0.896
7192	0.0	0.0	0.836
7193	0.1	0.0	0.869
7194	0.3	0.0	1.078
7195	0.8	0.0	1.203
7196	1.0	0.0	1.488
7197	1.2	0.0	1.528
7198	1.5	0.0	1.425
7199	1.9	0.0	0.858
7200	1.9	0.0	0.537
7201	0.3	0.0	0.372
7202	0.8	0.0	0.201
7203	0.7	0.0	0.079
7204	0.9	0.0	0.057
7205	0.9	0.0	0.171
7206	1.2	0.0	0.429
7207	1.5	0.0	1.159
7208	3.4	0.0	1.241
7209	2.8	0.0	1.246
7210	2.6	0.0	1.306
7211	2.3	0.0	1.246
7212	1.8	0.0	1.208
7213	1.4	0.0	1.118
7214	1.3	0.0	0.983
7215	0.9	0.0	0.896
7216	0.6	0.0	0.836
7217	0.9	0.0	0.869
7218	1.3	0.0	1.078
7219	2.1	0.0	1.203
7220	2.6	0.0	1.488
7221	2.8	0.0	1.528
7222	2.8	0.0	1.425
7223	3.2	0.0	0.858
7224	3.4	0.0	0.537
7225	2.2	0.0	0.372
7226	2.1	0.0	0.201
7227	2.0	0.0	0.079
7228	2.0	0.0	0.057
7229	2.0	0.0	0.171
7230	2.2	0.0	0.429
7231	2.0	0.0	1.159
7232	3.5	0.0	1.241
7233	3.2	0.0	1.246
7234	2.7	0.0	1.306
7235	2.6	0.0	1.246
7236	1.9	0.0	1.208
7237	1.6	0.0	1.118
7238	1.5	0.0	0.983
7239	1.5	0.0	0.896
7240	1.5	0.0	0.836
7241	1.4	0.0	0.869
7242	1.4	0.0	1.078
7243	1.7	0.0	1.203
7244	1.9	0.0	1.488
7245	1.7	0.0	1.528
7246	1.8	0.0	1.425
7247	2.0	0.0	0.858
7248	2.1	0.0	0.537
7249	0.4	0.0	0.372
7250	0.5	0.0	0.201
7251	0.6	0.0	0.079
7252	0.8	0.0	0.057
7253	0.9	0.0	0.171
7254	0.9	0.0	0.429
7255	0.9	0.0	1.159
7256	2.6	0.0	1.241
7257	2.6	0.0	1.246
7258	2.5	0.0	1.306
7259	2.1	0.0	1.246
7260	1.8	0.0	1.208
7261	1.3	0.0	1.118
7262	1.4	0.0	0.983
7263	1.5	0.0	0.896
7264	1.4	0.0	0.836
7265	1.9	0.0	0.869
7266	2.3	0.0	1.078
7267	2.3	0.0	1.203
7268	2.4	0.0	1.488
7269	2.8	0.0	1.528
7270	2.9	0.0	1.425
7271	2.9	0.0	0.858
7272	3.2	0.0	0.537
7273	1.6	0.0	0.372
7274	1.5	0.0	0.201
7275	1.3	0.0	0.079
7276	1.3	0.0	0.057
7277	1.1	0.0	0.171
7278	1.4	0.0	0.429
7279	1.3	0.0	1.159
7280	3.0	0.0	1.241
7281	2.9	0.0	1.246
7282	2.8	0.0	1.306
7283	2.9	0.0	1.246
7284	2.9	0.0	1.208
7285	3.0	0.0	1.118
7286	2.8	0.0	0.983
7287	2.9	0.0	0.896
7288	2.7	0.0	0.836
7289	2.6	0.0	0.869
7290	2.8	0.0	1.078
7291	3.0	0.0	1.203
7292	3.1	0.0	1.488
7293	3.0	0.0	1.528
7294	3.1	0.0	1.425
7295	3.0	0.0	0.858
7296	3.1	0.0	0.537
7297	2.1	0.0	0.372
7298	2.7	0.0	0.201
7299	3.1	0.0	0.079
7300	3.3	0.0	0.057
7301	3.8	0.0	0.171
7302	4.3	0.0	0.429
7303	4.6	0.0	1.159
7304	7.6	0.0	1.241
7305	7.5	0.0	1.246
7306	8.1	0.0	1.306
7307	7.9	0.0	1.246
7308	7.5	0.0	1.208
7309	7.4	0.0	1.118
7310	7.4	0.0	0.983
7311	7.8	0.0	0.896
7312	7.8	0.0	0.836
7313	8.2	0.0	0.869
7314	9.2	0.0	1.078
7315	10.0	0.0	1.203
7316	9.6	0.0	1.488
7317	9.7	0.0	1.528
7318	9.9	0.0	1.425
7319	10.2	0.0	0.858
7320	10.8	0.0	0.537
7321	8.3	0.0	0.372
7322	8.5	0.0	0.201
7323	8.7	0.0	0.079
7324	9.0	0.0	0.057
7325	8.7	0.0	0.171
7326	8.3	0.0	0.429
7327	8.6	0.0	1.159
7328	11.1	0.0	1.241
7329	10.6	0.0	1.246
7330	9.7	0.0	1.306
7331	8.8	0.0	1.246
7332	7.8	0.0	1.208
7333	7.5	0.0	1.118
7334	6.9	0.0	0.983
7335	6.5	0.0	0.896
7336	6.5	0.0	0.836
7337	6.6	0.0	0.869
7338	7.1	0.0	1.078
7339	7.1	0.0	1.203
7340	7.4	0.0	1.488
7341	7.7	0.0	1.528
7342	7.7	0.0	1.425
7343	8.3	0.0	0.858
7344	8.3	0.0	0.537
7345	5.7	0.0	0.372
7346	5.7	0.0	0.201
7347	5.9	0.0	0.079
7348	5.9	0.0	0.057
7349	5.8	0.0	0.171
7350	6.0	0.0	0.429
7351	6.0	0.0	1.159
7352	8.4	0.0	1.241
7353	8.2	0.0	1.246
7354	7.9	0.0	1.306
7355	7.6	0.0	1.246
7356	7.1	0.0	1.208
7357	6.7	0.0	1.118
7358	6.4	0.0	0.983
7359	5.9	0.0	0.896
7360	5.8	0.0	0.836
7361	6.0	0.0	0.869
7362	5.9	0.0	1.078
7363	5.7	0.0	1.203
7364	5.4	0.0	1.488
7365	5.6	0.0	1.528
7366	5.7	0.0	1.425
7367	5.6	0.0	0.858
7368	5.1	0.0	0.537
7369	1.8	0.0	0.372
7370	1.9	0.0	0.201
7371	2.2	0.0	0.079
7372	2.4	0.0	0.057
7373	3.2	0.0	0.171
7374	3.6	0.0	0.429
7375	3.1	0.0	1.159
7376	5.9	0.0	1.241
7377	6.1	0.0	1.246
7378	5.6	0.0	1.306
7379	4.7	0.0	1.246
7380	3.9	0.0	1.208
7381	3.2	0.0	1.118
7382	2.5	0.0	0.983
7383	2.7	0.0	0.896
7384	2.8	0.0	0.836
7385	3.1	0.0	0.869
7386	3.8	0.0	1.078
7387	4.4	0.0	1.203
7388	4.3	0.0	1.488
7389	4.2	0.0	1.528
7390	4.4	0.0	1.425
7391	4.7	0.0	0.858
7392	5.2	0.0	0.537
7393	2.1	0.0	0.372
7394	2.3	0.0	0.201
7395	2.1	0.0	0.079
7396	2.3	0.0	0.057
7397	2.4	0.0	0.171
7398	2.5	0.0	0.429
7399	2.0	0.0	1.159
7400	4.7	0.0	1.241
7401	4.8	0.0	1.246
7402	4.7	0.0	1.306
7403	4.8	0.0	1.246
7404	4.4	0.0	1.208
7405	3.5	0.0	1.118
7406	3.1	0.0	0.983
7407	3.0	0.0	0.896
7408	3.4	0.0	0.836
7409	3.9	0.0	0.869
7410	4.3	0.0	1.078
7411	4.5	0.0	1.203
7412	4.7	0.0	1.488
7413	4.7	0.0	1.528
7414	4.6	0.0	1.425
7415	4.5	0.0	0.858
7416	4.1	0.0	0.537
7417	0.9	0.0	0.372
7418	1.3	0.0	0.201
7419	1.8	0.0	0.079
7420	1.7	0.0	0.057
7421	1.9	0.0	0.171
7422	2.4	0.0	0.429
7423	1.8	0.0	1.159
7424	4.6	0.0	1.241
7425	4.4	0.0	1.246
7426	4.3	0.0	1.306
7427	4.2	0.0	1.246
7428	4.5	0.0	1.208
7429	3.8	0.0	1.118
7430	3.8	0.0	0.983
7431	3.6	0.0	0.896
7432	4.0	0.0	0.836
7433	4.7	0.0	0.869
7434	4.9	0.0	1.078
7435	5.2	0.0	1.203
7436	5.8	0.0	1.488
7437	6.6	0.0	1.528
7438	6.8	0.0	1.425
7439	6.7	0.0	0.858
7440	7.2	0.0	0.537
7441	4.7	0.0	0.372
7442	5.1	0.0	0.201
7443	5.4	0.0	0.079
7444	6.0	0.0	0.057
7445	6.5	0.0	0.171
7446	7.3	0.0	0.429
7447	7.7	0.0	1.159
7448	10.3	0.0	1.241
7449	10.4	0.0	1.246
7450	9.9	0.0	1.306
7451	9.1	0.0	1.246
7452	8.3	0.0	1.208
7453	8.0	0.0	1.118
7454	7.3	0.0	0.983
7455	7.3	0.0	0.896
7456	7.7	0.0	0.836
7457	8.5	0.0	0.869
7458	9.6	0.0	1.078
7459	9.9	0.0	1.203
7460	10.4	0.0	1.488
7461	10.9	0.0	1.528
7462	11.9	0.0	1.425
7463	12.4	0.0	0.858
7464	12.7	0.0	0.537
7465	10.5	0.0	0.372
7466	10.7	0.0	0.201
7467	10.9	0.0	0.079
7468	11.0	0.0	0.057
7469	11.3	0.0	0.171
7470	11.3	0.0	0.429
7471	11.2	0.0	1.159
7472	13.9	0.0	1.241
7473	13.8	0.0	1.246
7474	13.8	0.0	1.306
7475	13.5	0.0	1.246
7476	13.4	0.0	1.208
7477	12.6	0.0	1.118
7478	12.5	0.0	0.983
7479	12.3	0.0	0.896
7480	12.2	0.0	0.836
7481	12.3	0.0	0.869
7482	12.5	0.0	1.078
7483	12.5	0.0	1.203
7484	12.7	0.0	1.488
7485	12.6	0.0	1.528
7486	12.5	0.0	1.425
7487	12.8	0.0	0.858
7488	13.0	0.0	0.537
7489	10.1	0.0	0.372
7490	10.2	0.0	0.201
7491	10.2	0.0	0.079
7492	10.6	0.0	0.057
7493	10.5	0.0	0.171
7494	10.1	0.0	0.429
7495	10.0	0.0	1.159
7496	13.4	0.0	1.241
7497	13.4	0.0	1.246
7498	12.3	0.0	1.306
7499	11.9	0.0	1.246
7500	10.7	0.0	1.208
7501	10.1	0.0	1.118
7502	9.9	0.0	0.983
7503	9.9	0.0	0.896
7504	10.2	0.0	0.836
7505	10.7	0.0	0.869
7506	11.2	0.0	1.078
7507	11.8	0.0	1.203
7508	12.3	0.0	1.488
7509	13.0	0.0	1.528
7510	13.3	0.0	1.425
7511	13.4	0.0	0.858
7512	13.9	0.0	0.537
7513	11.4	0.0	0.372
7514	10.9	0.0	0.201
7515	10.9	0.0	0.079
7516	10.8	0.0	0.057
7517	11.0	0.0	0.171
7518	10.8	0.0	0.429
7519	10.9	0.0	1.159
7520	13.6	0.0	1.241
7521	13.4	0.0	1.246
7522	13.0	0.0	1.306
7523	12.7	0.0	1.246
7524	12.5	0.0	1.208
7525	12.4	0.0	1.118
7526	12.1	0.0	0.983
7527	11.5	0.0	0.896
7528	11.9	0.0	0.836
7529	12.5	0.0	0.869
7530	12.6	0.0	1.078
7531	12.5	0.0	1.203
7532	12.5	0.0	1.488
7533	12.8	0.0	1.528
7534	13.2	0.0	1.425
7535	12.7	0.0	0.858
7536	12.9	0.0	0.537
7537	9.6	0.0	0.372
7538	10.3	0.0	0.201
7539	10.7	0.0	0.079
7540	10.5	0.0	0.057
7541	10.6	0.0	0.171
7542	10.6	0.0	0.429
7543	10.4	0.0	1.159
7544	13.7	0.0	1.241
7545	13.9	0.0	1.246
7546	13.6	0.0	1.306
7547	13.6	0.0	1.246
7548	13.5	0.0	1.208
7549	13.1	0.0	1.118
7550	12.5	0.0	0.983
7551	12.5	0.0	0.896
7552	12.9	0.0	0.836
7553	13.0	0.0	0.869
7554	14.1	0.0	1.078
7555	14.7	0.0	1.203
7556	14.3	0.0	1.488
7557	14.5	0.0	1.528
7558	14.9	0.0	1.425
7559	15.3	0.0	0.858
7560	15.8	0.0	0.537
7561	13.0	0.0	0.372
7562	12.9	0.0	0.201
7563	13.2	0.0	0.079
7564	13.1	0.0	0.057
7565	13.5	0.0	0.171
7566	13.7	0.0	0.429
7567	13.9	0.0	1.159
7568	17.1	0.0	1.241
7569	17.1	0.0	1.246
7570	17.4	0.0	1.306
7571	17.8	0.0	1.246
7572	17.5	0.0	1.208
7573	17.7	0.0	1.118
7574	17.8	0.0	0.983
7575	17.1	0.0	0.896
7576	16.7	0.0	0.836
7577	17.4	0.0	0.869
7578	17.5	0.0	1.078
7579	17.0	0.0	1.203
7580	16.8	0.0	1.488
7581	17.2	0.0	1.528
7582	17.1	0.0	1.425
7583	17.1	0.0	0.858
7584	17.7	0.0	0.537
7585	14.7	0.0	0.372
7586	15.0	0.0	0.201
7587	15.1	0.0	0.079
7588	15.1	0.0	0.057
7589	14.8	0.0	0.171
7590	14.3	0.0	0.429
7591	13.9	0.0	1.159
7592	16.5	0.0	1.241
7593	16.4	0.0	1.246
7594	16.6	0.0	1.306
7595	15.8	0.0	1.246
7596	15.2	0.0	1.208
7597	14.8	0.0	1.118
7598	13.9	0.0	0.983
7599	13.4	0.0	0.896
7600	13.4	0.0	0.836
7601	13.0	0.0	0.869
7602	12.9	0.0	1.078
7603	13.1	0.0	1.203
7604	13.7	0.0	1.488
7605	13.6	0.0	1.528
7606	13.1	0.0	1.425
7607	13.0	0.0	0.858
7608	13.2	0.0	0.537
7609	10.0	0.0	0.372
7610	10.0	0.0	0.201
7611	10.0	0.0	0.079
7612	10.5	0.0	0.057
7613	11.1	0.0	0.171
7614	11.3	0.0	0.429
7615	11.3	0.0	1.159
7616	14.2	0.0	1.241
7617	13.6	0.0	1.246
7618	13.3	0.0	1.306
7619	12.3	0.0	1.246
7620	11.6	0.0	1.208
7621	11.2	0.0	1.118
7622	10.6	0.0	0.983
7623	10.0	0.0	0.896
7624	10.0	0.0	0.836
7625	10.7	0.0	0.869
7626	11.0	0.0	1.078
7627	11.1	0.0	1.203
7628	11.3	0.0	1.488
7629	11.2	0.0	1.528
7630	11.1	0.0	1.425
7631	11.3	0.0	0.858
7632	11.2	0.0	0.537
7633	8.5	0.0	0.372
7634	8.7	0.0	0.201
7635	8.7	0.0	0.079
7636	8.7	0.0	0.057
7637	8.5	0.0	0.171
7638	8.2	0.0	0.429
7639	8.6	0.0	1.159
7640	11.1	0.0	1.241
7641	10.3	0.0	1.246
7642	10.0	0.0	1.306
7643	9.2	0.0	1.246
7644	9.2	0.0	1.208
7645	8.6	0.0	1.118
7646	7.9	0.0	0.983
7647	7.8	0.0	0.896
7648	7.6	0.0	0.836
7649	7.6	0.0	0.869
7650	8.0	0.0	1.078
7651	8.9	0.0	1.203
7652	9.0	0.0	1.488
7653	8.8	0.0	1.528
7654	9.1	0.0	1.425
7655	8.9	0.0	0.858
7656	8.7	0.0	0.537
7657	5.8	0.0	0.372
7658	5.4	0.0	0.201
7659	5.8	0.0	0.079
7660	5.6	0.0	0.057
7661	5.8	0.0	0.171
7662	5.4	0.0	0.429
7663	5.7	0.0	1.159
7664	8.6	0.0	1.241
7665	8.2	0.0	1.246
7666	8.1	0.0	1.306
7667	7.2	0.0	1.246
7668	6.7	0.0	1.208
7669	6.1	0.0	1.118
7670	5.9	0.0	0.983
7671	5.3	0.0	0.896
7672	5.6	0.0	0.836
7673	5.9	0.0	0.869
7674	6.7	0.0	1.078
7675	6.8	0.0	1.203
7676	6.9	0.0	1.488
7677	6.6	0.0	1.528
7678	6.9	0.0	1.425
7679	6.8	0.0	0.858
7680	7.0	0.0	0.537
7681	4.1	0.0	0.372
7682	4.3	0.0	0.201
7683	3.8	0.0	0.079
7684	3.9	0.0	0.057
7685	4.0	0.0	0.171
7686	4.2	0.0	0.429
7687	3.9	0.0	1.159
7688	7.7	0.0	1.241
7689	7.7	0.0	1.246
7690	7.8	0.0	1.306
7691	7.9	0.0	1.246
7692	7.8	0.0	1.208
7693	7.6	0.0	1.118
7694	7.6	0.0	0.983
7695	7.6	0.0	0.896
7696	8.1	0.0	0.836
7697	8.3	0.0	0.869
7698	9.0	0.0	1.078
7699	9.0	0.0	1.203
7700	10.0	0.0	1.488
7701	9.6	0.0	1.528
7702	9.7	0.0	1.425
7703	9.7	0.0	0.858
7704	9.4	0.0	0.537
7705	6.7	0.0	0.372
7706	6.8	0.0	0.201
7707	6.8	0.0	0.079
7708	7.5	0.0	0.057
7709	7.3	0.0	0.171
7710	7.2	0.0	0.429
7711	7.3	0.0	1.159
7712	10.3	0.0	1.241
7713	10.2	0.0	1.246
7714	10.1	0.0	1.306
7715	9.7	0.0	1.246
7716	8.9	0.0	1.208
7717	8.1	0.0	1.118
7718	7.9	0.0	0.983
7719	8.4	0.0	0.896
7720	8.4	0.0	0.836
7721	9.0	0.0	0.869
7722	9.4	0.0	1.078
7723	9.6	0.0	1.203
7724	10.5	0.0	1.488
7725	10.9	0.0	1.528
7726	11.1	0.0	1.425
7727	11.2	0.0	0.858
7728	11.6	0.0	0.537
7729	9.2	0.0	0.372
7730	9.5	0.0	0.201
7731	10.0	0.0	0.079
7732	10.3	0.0	0.057
7733	10.8	0.0	0.171
7734	11.3	0.0	0.429
7735	11.7	0.0	1.159
7736	14.6	0.0	1.241
7737	14.6	0.0	1.246
7738	13.6	0.0	1.306
7739	13.3	0.0	1.246
7740	12.6	0.0	1.208
7741	12.0	0.0	1.118
7742	11.8	0.0	0.983
7743	12.2	0.0	0.896
7744	12.6	0.0	0.836
7745	13.3	0.0	0.869
7746	14.2	0.0	1.078
7747	14.2	0.0	1.203
7748	14.8	0.0	1.488
7749	15.2	0.0	1.528
7750	15.7	0.0	1.425
7751	16.4	0.0	0.858
7752	16.7	0.0	0.537
7753	14.0	0.0	0.372
7754	13.6	0.0	0.201
7755	13.8	0.0	0.079
7756	13.6	0.0	0.057
7757	13.4	0.0	0.171
7758	13.6	0.0	0.429
7759	14.2	0.0	1.159
7760	16.8	0.0	1.241
7761	16.5	0.0	1.246
7762	15.6	0.0	1.306
7763	14.8	0.0	1.246
7764	14.0	0.0	1.208
7765	13.1	0.0	1.118
7766	11.9	0.0	0.983
7767	11.9	0.0	0.896
7768	11.5	0.0	0.836
7769	11.8	0.0	0.869
7770	12.9	0.0	1.078
7771	13.7	0.0	1.203
7772	13.7	0.0	1.488
7773	13.8	0.0	1.528
7774	13.8	0.0	1.425
7775	14.1	0.0	0.858
7776	14.6	0.0	0.537
7777	11.9	0.0	0.372
7778	11.5	0.0	0.201
7779	11.7	0.0	0.079
7780	12.1	0.0	0.057
7781	12.3	0.0	0.171
7782	12.5	0.0	0.429
7783	12.2	0.0	1.159
7784	14.7	0.0	1.241
7785	14.5	0.0	1.246
7786	13.7	0.0	1.306
7787	12.5	0.0	1.246
7788	11.9	0.0	1.208
7789	11.2	0.0	1.118
7790	11.2	0.0	0.983
7791	11.1	0.0	0.896
7792	11.2	0.0	0.836
7793	11.5	0.0	0.869
7794	12.5	0.0	1.078
7795	12.9	0.0	1.203
7796	13.5	0.0	1.488
7797	13.2	0.0	1.528
7798	13.8	0.0	1.425
7799	14.1	0.0	0.858
7800	14.4	0.0	0.537
7801	11.3	0.0	0.372
7802	11.4	0.0	0.201
7803	11.2	0.0	0.079
7804	11.4	0.0	0.057
7805	11.6	0.0	0.171
7806	11.8	0.0	0.429
7807	12.3	0.0	1.159
7808	14.9	0.0	1.241
7809	14.5	0.0	1.246
7810	14.3	0.0	1.306
7811	13.3	0.0	1.246
7812	12.5	0.0	1.208
7813	11.0	0.0	1.118
7814	10.2	0.0	0.983
7815	10.0	0.0	0.896
7816	10.2	0.0	0.836
7817	10.2	0.0	0.869
7818	10.4	0.0	1.078
7819	10.3	0.0	1.203
7820	11.3	0.0	1.488
7821	11.8	0.0	1.528
7822	11.9	0.0	1.425
7823	11.8	0.0	0.858
7824	12.0	0.0	0.537
7825	9.0	0.0	0.372
7826	9.0	0.0	0.201
7827	8.9	0.0	0.079
7828	8.9	0.0	0.057
7829	8.8	0.0	0.171
7830	9.0	0.0	0.429
7831	8.9	0.0	1.159
7832	11.6	0.0	1.241
7833	11.5	0.0	1.246
7834	11.3	0.0	1.306
7835	11.0	0.0	1.246
7836	10.2	0.0	1.208
7837	9.4	0.0	1.118
7838	8.8	0.0	0.983
7839	8.5	0.0	0.896
7840	8.7	0.0	0.836
7841	8.4	0.0	0.869
7842	8.7	0.0	1.078
7843	8.6	0.0	1.203
7844	8.8	0.0	1.488
7845	8.8	0.0	1.528
7846	9.1	0.0	1.425
7847	8.6	0.0	0.858
7848	8.4	0.0	0.537
7849	5.3	0.0	0.372
7850	5.6	0.0	0.201
7851	5.8	0.0	0.079
7852	5.8	0.0	0.057
7853	6.4	0.0	0.171
7854	6.0	0.0	0.429
7855	6.3	0.0	1.159
7856	9.7	0.0	1.241
7857	9.7	0.0	1.246
7858	9.2	0.0	1.306
7859	8.3	0.0	1.246
7860	7.7	0.0	1.208
7861	7.4	0.0	1.118
7862	7.2	0.0	0.983
7863	7.0	0.0	0.896
7864	7.3	0.0	0.836
7865	7.9	0.0	0.869
7866	8.7	0.0	1.078
7867	9.1	0.0	1.203
7868	9.9	0.0	1.488
7869	10.6	0.0	1.528
7870	10.9	0.0	1.425
7871	11.7	0.0	0.858
7872	11.8	0.0	0.537
7873	9.2	0.0	0.372
7874	9.4	0.0	0.201
7875	9.5	0.0	0.079
7876	9.4	0.0	0.057
7877	9.7	0.0	0.171
7878	9.9	0.0	0.429
7879	9.9	0.0	1.159
7880	13.0	0.0	1.241
7881	12.6	0.0	1.246
7882	12.3	0.0	1.306
7883	11.8	0.0	1.246
7884	11.4	0.0	1.208
7885	11.1	0.0	1.118
7886	10.9	0.0	0.983
7887	10.8	0.0	0.896
7888	10.4	0.0	0.836
7889	10.7	0.0	0.869
7890	11.2	0.0	1.078
7891	11.5	0.0	1.203
7892	12.1	0.0	1.488
7893	12.6	0.0	1.528
7894	13.0	0.0	1.425
7895	12.9	0.0	0.858
7896	12.7	0.0	0.537
7897	9.2	0.0	0.372
7898	9.2	0.0	0.201
7899	9.3	0.0	0.079
7900	9.3	0.0	0.057
7901	9.2	0.0	0.171
7902	9.1	0.0	0.429
7903	9.3	0.0	1.159
7904	12.5	0.0	1.241
7905	11.4	0.0	1.246
7906	10.5	0.0	1.306
7907	9.8	0.0	1.246
7908	9.3	0.0	1.208
7909	8.4	0.0	1.118
7910	8.0	0.0	0.983
7911	8.2	0.0	0.896
7912	8.6	0.0	0.836
7913	8.9	0.0	0.869
7914	9.5	0.0	1.078
7915	9.8	0.0	1.203
7916	9.8	0.0	1.488
7917	9.5	0.0	1.528
7918	9.5	0.0	1.425
7919	9.6	0.0	0.858
7920	9.3	0.0	0.537
7921	6.3	0.0	0.372
7922	6.5	0.0	0.201
7923	6.7	0.0	0.079
7924	6.9	0.0	0.057
7925	7.6	0.0	0.171
7926	7.9	0.0	0.429
7927	8.1	0.0	1.159
7928	11.4	0.0	1.241
7929	10.9	0.0	1.246
7930	10.5	0.0	1.306
7931	9.6	0.0	1.246
7932	8.8	0.0	1.208
7933	8.1	0.0	1.118
7934	8.3	0.0	0.983
7935	8.1	0.0	0.896
7936	8.2	0.0	0.836
7937	8.4	0.0	0.869
7938	9.0	0.0	1.078
7939	8.7	0.0	1.203
7940	9.1	0.0	1.488
7941	9.3	0.0	1.528
7942	10.1	0.0	1.425
7943	10.1	0.0	0.858
7944	10.8	0.0	0.537
7945	8.5	0.0	0.372
7946	8.7	0.0	0.201
7947	8.9	0.0	0.079
7948	9.1	0.0	0.057
7949	9.7	0.0	0.171
7950	10.0	0.0	0.429
7951	10.0	0.0	1.159
7952	12.7	0.0	1.241
7953	12.8	0.0	1.246
7954	12.3	0.0	1.306
7955	11.4	0.0	1.246
7956	10.8	0.0	1.208
7957	10.1	0.0	1.118
7958	9.4	0.0	0.983
7959	9.2	0.0	0.896
7960	9.4	0.0	0.836
7961	9.8	0.0	0.869
7962	10.6	0.0	1.078
7963	10.7	0.0	1.203
7964	10.9	0.0	1.488
7965	10.7	0.0	1.528
7966	10.9	0.0	1.425
7967	10.7	0.0	0.858
7968	10.8	0.0	0.537
7969	8.6	0.0	0.372
7970	8.9	0.0	0.201
7971	9.0	0.0	0.079
7972	9.4	0.0	0.057
7973	9.7	0.0	0.171
7974	9.4	0.0	0.429
7975	9.6	0.0	1.159
7976	12.5	0.0	1.241
7977	12.1	0.0	1.246
7978	11.4	0.0	1.306
7979	10.0	0.0	1.246
7980	9.0	0.0	1.208
7981	8.2	0.0	1.118
7982	7.8	0.0	0.983
7983	8.2	0.0	0.896
7984	8.9	0.0	0.836
7985	9.1	0.0	0.869
7986	9.9	0.0	1.078
7987	10.7	0.0	1.203
7988	11.1	0.0	1.488
7989	11.7	0.0	1.528
7990	12.6	0.0	1.425
7991	12.6	0.0	0.858
7992	13.2	0.0	0.537
7993	10.5	0.0	0.372
7994	10.6	0.0	0.201
7995	10.7	0.0	0.079
7996	11.4	0.0	0.057
7997	11.5	0.0	0.171
7998	11.8	0.0	0.429
7999	12.3	0.0	1.159
8000	15.5	0.0	1.241
8001	15.0	0.0	1.246
8002	14.5	0.0	1.306
8003	13.9	0.0	1.246
8004	13.0	0.0	1.208
8005	12.6	0.0	1.118
8006	12.1	0.0	0.983
8007	12.5	0.0	0.896
8008	13.1	0.0	0.836
8009	13.5	0.0	0.869
8010	14.5	0.0	1.078
8011	15.5	0.0	1.203
8012	15.6	0.0	1.488
8013	15.8	0.0	1.528
8014	16.6	0.0	1.425
8015	17.0	0.0	0.858
8016	17.3	0.0	0.537
8017	15.0	0.0	0.372
8018	15.1	0.0	0.201
8019	15.4	0.0	0.079
8020	15.2	0.0	0.057
8021	15.6	0.0	0.171
8022	16.4	0.0	0.429
8023	17.0	0.0	1.159
8024	20.0	0.0	1.241
8025	20.5	0.0	1.246
8026	19.6	0.0	1.306
8027	19.3	0.0	1.246
8028	19.2	0.0	1.208
8029	18.7	0.0	1.118
8030	18.3	0.0	0.983
8031	18.2	0.0	0.896
8032	17.6	0.0	0.836
8033	17.8	0.0	0.869
8034	17.8	0.0	1.078
8035	17.9	0.0	1.203
8036	18.2	0.0	1.488
8037	19.2	0.0	1.528
8038	19.9	0.0	1.425
8039	20.0	0.0	0.858
8040	19.9	0.0	0.537
8041	16.8	0.0	0.372
8042	16.6	0.0	0.201
8043	16.0	0.0	0.079
8044	15.9	0.0	0.057
8045	15.6	0.0	0.171
8046	15.8	0.0	0.429
8047	15.3	0.0	1.159
8048	18.4	0.0	1.241
8049	18.5	0.0	1.246
8050	18.8	0.0	1.306
8051	18.0	0.0	1.246
8052	17.5	0.0	1.208
8053	16.9	0.0	1.118
8054	16.8	0.0	0.983
8055	16.4	0.0	0.896
8056	16.5	0.0	0.836
8057	16.1	0.0	0.869
8058	16.0	0.0	1.078
8059	16.1	0.0	1.203
8060	16.5	0.0	1.488
8061	16.3	0.0	1.528
8062	16.3	0.0	1.425
8063	16.6	0.0	0.858
8064	16.6	0.0	0.537
8065	13.0	0.0	0.372
8066	12.9	0.0	0.201
8067	12.8	0.0	0.079
8068	12.9	0.0	0.057
8069	12.9	0.0	0.171
8070	12.9	0.0	0.429
8071	12.4	0.0	1.159
8072	15.8	0.0	1.241
8073	15.6	0.0	1.246
8074	15.1	0.0	1.306
8075	14.1	0.0	1.246
8076	13.8	0.0	1.208
8077	13.4	0.0	1.118
8078	13.7	0.0	0.983
8079	13.7	0.0	0.896
8080	14.0	0.0	0.836
8081	14.3	0.0	0.869
8082	14.3	0.0	1.078
8083	14.7	0.0	1.203
8084	15.2	0.0	1.488
8085	14.8	0.0	1.528
8086	15.0	0.0	1.425
8087	14.9	0.0	0.858
8088	15.1	0.0	0.537
8089	12.1	0.0	0.372
8090	12.3	0.0	0.201
8091	12.9	0.0	0.079
8092	12.8	0.0	0.057
8093	13.6	0.0	0.171
8094	13.8	0.0	0.429
8095	13.1	0.0	1.159
8096	16.3	0.0	1.241
8097	16.3	0.0	1.246
8098	16.2	0.0	1.306
8099	15.3	0.0	1.246
8100	15.5	0.0	1.208
8101	15.1	0.0	1.118
8102	15.1	0.0	0.983
8103	16.0	0.0	0.896
8104	16.3	0.0	0.836
8105	16.6	0.0	0.869
8106	17.2	0.0	1.078
8107	17.7	0.0	1.203
8108	17.8	0.0	1.488
8109	18.3	0.0	1.528
8110	18.4	0.0	1.425
8111	18.4	0.0	0.858
8112	19.1	0.0	0.537
8113	15.4	0.0	0.372
8114	14.8	0.0	0.201
8115	14.4	0.0	0.079
8116	13.5	0.0	0.057
8117	13.6	0.0	0.171
8118	13.8	0.0	0.429
8119	13.1	0.0	1.159
8120	16.1	0.0	1.241
8121	15.8	0.0	1.246
8122	15.3	0.0	1.306
8123	14.7	0.0	1.246
8124	14.1	0.0	1.208
8125	13.8	0.0	1.118
8126	12.8	0.0	0.983
8127	12.5	0.0	0.896
8128	12.6	0.0	0.836
8129	12.5	0.0	0.869
8130	12.1	0.0	1.078
8131	12.4	0.0	1.203
8132	12.1	0.0	1.488
8133	11.9	0.0	1.528
8134	11.2	0.0	1.425
8135	11.0	0.0	0.858
8136	11.0	0.0	0.537
8137	7.4	0.0	0.372
8138	7.1	0.0	0.201
8139	7.0	0.0	0.079
8140	7.4	0.0	0.057
8141	7.5	0.0	0.171
8142	7.1	0.0	0.429
8143	7.2	0.0	1.159
8144	10.4	0.0	1.241
8145	10.0	0.0	1.246
8146	9.6	0.0	1.306
8147	9.3	0.0	1.246
8148	9.4	0.0	1.208
8149	8.7	0.0	1.118
8150	8.3	0.0	0.983
8151	7.5	0.0	0.896
8152	7.6	0.0	0.836
8153	8.1	0.0	0.869
8154	8.2	0.0	1.078
8155	7.8	0.0	1.203
8156	8.1	0.0	1.488
8157	8.7	0.0	1.528
8158	9.3	0.0	1.425
8159	9.7	0.0	0.858
8160	9.8	0.0	0.537
8161	6.4	0.0	0.372
8162	6.9	0.0	0.201
8163	7.5	0.0	0.079
8164	7.8	0.0	0.057
8165	8.0	0.0	0.171
8166	8.2	0.0	0.429
8167	8.2	0.0	1.159
8168	11.6	0.0	1.241
8169	11.2	0.0	1.246
8170	11.1	0.0	1.306
8171	10.7	0.0	1.246
8172	10.5	0.0	1.208
8173	10.2	0.0	1.118
8174	10.5	0.0	0.983
8175	10.1	0.0	0.896
8176	10.3	0.0	0.836
8177	10.5	0.0	0.869
8178	11.1	0.0	1.078
8179	11.3	0.0	1.203
8180	11.9	0.0	1.488
8181	12.3	0.0	1.528
8182	12.3	0.0	1.425
8183	12.6	0.0	0.858
8184	12.5	0.0	0.537
8185	9.6	0.0	0.372
8186	10.0	0.0	0.201
8187	10.4	0.0	0.079
8188	10.9	0.0	0.057
8189	12.2	0.0	0.171
8190	13.0	0.0	0.429
8191	13.4	0.0	1.159
8192	16.2	0.0	1.241
8193	15.3	0.0	1.246
8194	15.2	0.0	1.306
8195	14.8	0.0	1.246
8196	14.4	0.0	1.208
8197	14.8	0.0	1.118
8198	14.6	0.0	0.983
8199	14.9	0.0	0.896
8200	15.9	0.0	0.836
8201	16.5	0.0	0.869
8202	17.6	0.0	1.078
8203	18.7	0.0	1.203
8204	19.5	0.0	1.488
8205	20.1	0.0	1.528
8206	21.4	0.0	1.425
8207	22.2	0.0	0.858
8208	22.9	0.0	0.537
8209	19.8	0.0	0.372
8210	19.9	0.0	0.201
8211	20.3	0.0	0.079
8212	20.7	0.0	0.057
8213	20.4	0.0	0.171
8214	19.9	0.0	0.429
8215	20.4	0.0	1.159
8216	23.5	0.0	1.241
8217	23.4	0.0	1.246
8218	22.9	0.0	1.306
8219	22.2	0.0	1.246
8220	21.9	0.0	1.208
8221	21.8	0.0	1.118
8222	20.9	0.0	0.983
8223	20.4	0.0	0.896
8224	20.3	0.0	0.836
8225	20.7	0.0	0.869
8226	20.5	0.0	1.078
8227	20.6	0.0	1.203
8228	21.1	0.0	1.488
8229	21.2	0.0	1.528
8230	21.5	0.0	1.425
8231	21.5	0.0	0.858
8232	21.5	0.0	0.537
8233	18.6	0.0	0.372
8234	18.8	0.0	0.201
8235	18.8	0.0	0.079
8236	18.9	0.0	0.057
8237	19.1	0.0	0.171
8238	19.3	0.0	0.429
8239	19.5	0.0	1.159
8240	22.4	0.0	1.241
8241	22.8	0.0	1.246
8242	22.4	0.0	1.306
8243	22.7	0.0	1.246
8244	22.0	0.0	1.208
8245	22.5	0.0	1.118
8246	22.3	0.0	0.983
8247	22.1	0.0	0.896
8248	22.0	0.0	0.836
8249	22.4	0.0	0.869
8250	22.4	0.0	1.078
8251	22.6	0.0	1.203
8252	23.3	0.0	1.488
8253	22.6	0.0	1.528
8254	22.8	0.0	1.425
8255	23.2	0.0	0.858
8256	22.8	0.0	0.537
8257	19.8	0.0	0.372
8258	20.1	0.0	0.201
8259	19.8	0.0	0.079
8260	20.2	0.0	0.057
8261	20.5	0.0	0.171
8262	20.4	0.0	0.429
8263	20.2	0.0	1.159
8264	23.1	0.0	1.241
8265	22.5	0.0	1.246
8266	21.8	0.0	1.306
8267	21.2	0.0	1.246
8268	20.9	0.0	1.208
8269	20.3	0.0	1.118
8270	20.0	0.0	0.983
8271	19.6	0.0	0.896
8272	19.6	0.0	0.836
8273	20.2	0.0	0.869
8274	20.2	0.0	1.078
8275	20.0	0.0	1.203
8276	19.5	0.0	1.488
8277	19.7	0.0	1.528
8278	20.2	0.0	1.425
8279	20.0	0.0	0.858
8280	20.3	0.0	0.537
8281	17.1	0.0	0.372
8282	16.6	0.0	0.201
8283	16.3	0.0	0.079
8284	16.2	0.0	0.057
8285	16.2	0.0	0.171
8286	16.3	0.0	0.429
8287	16.4	0.0	1.159
8288	19.7	0.0	1.241
8289	20.1	0.0	1.246
8290	19.9	0.0	1.306
8291	19.2	0.0	1.246
8292	19.2	0.0	1.208
8293	18.8	0.0	1.118
8294	19.0	0.0	0.983
8295	18.5	0.0	0.896
8296	18.2	0.0	0.836
8297	18.2	0.0	0.869
8298	18.6	0.0	1.078
8299	18.6	0.0	1.203
8300	18.8	0.0	1.488
8301	18.9	0.0	1.528
8302	19.3	0.0	1.425
8303	19.1	0.0	0.858
8304	19.2	0.0	0.537
8305	16.0	0.0	0.372
8306	16.3	0.0	0.201
8307	16.8	0.0	0.079
8308	16.9	0.0	0.057
8309	17.2	0.0	0.171
8310	16.6	0.0	0.429
8311	16.1	0.0	1.159
8312	18.7	0.0	1.241
8313	19.0	0.0	1.246
8314	18.4	0.0	1.306
8315	17.4	0.0	1.246
8316	16.6	0.0	1.208
8317	15.8	0.0	1.118
8318	15.0	0.0	0.983
8319	14.7	0.0	0.896
8320	14.8	0.0	0.836
8321	15.2	0.0	0.869
8322	15.7	0.0	1.078
8323	15.8	0.0	1.203
8324	15.9	0.0	1.488
8325	16.5	0.0	1.528
8326	16.8	0.0	1.425
8327	16.7	0.0	0.858
8328	16.6	0.0	0.537
8329	13.4	0.0	0.372
8330	13.4	0.0	0.201
8331	12.7	0.0	0.079
8332	12.6	0.0	0.057
8333	13.2	0.0	0.171
8334	13.6	0.0	0.429
8335	14.0	0.0	1.159
8336	17.1	0.0	1.241
8337	16.7	0.0	1.246
8338	16.1	0.0	1.306
8339	15.4	0.0	1.246
8340	14.9	0.0	1.208
8341	14.2	0.0	1.118
8342	13.7	0.0	0.983
8343	13.6	0.0	0.896
8344	13.6	0.0	0.836
8345	14.0	0.0	0.869
8346	14.5	0.0	1.078
8347	14.6	0.0	1.203
8348	15.1	0.0	1.488
8349	14.9	0.0	1.528
8350	15.1	0.0	1.425
8351	15.0	0.0	0.858
8352	15.1	0.0	0.537
8353	11.6	0.0	0.372
8354	11.8	0.0	0.201
8355	11.6	0.0	0.079
8356	11.6	0.0	0.057
8357	11.2	0.0	0.171
8358	11.4	0.0	0.429
8359	12.3	0.0	1.159
8360	15.5	0.0	1.241
8361	14.9	0.0	1.246
8362	13.9	0.0	1.306
8363	13.6	0.0	1.246
8364	12.5	0.0	1.208
8365	12.0	0.0	1.118
8366	11.8	0.0	0.983
8367	11.6	0.0	0.896
8368	12.0	0.0	0.836
8369	12.7	0.0	0.869
8370	13.0	0.0	1.078
8371	13.4	0.0	1.203
8372	13.6	0.0	1.488
8373	14.3	0.0	1.528
8374	15.1	0.0	1.425
8375	15.5	0.0	0.858
8376	15.9	0.0	0.537
8377	12.9	0.0	0.372
8378	13.1	0.0	0.201
8379	12.7	0.0	0.079
8380	12.7	0.0	0.057
8381	13.1	0.0	0.171
8382	13.4	0.0	0.429
8383	13.4	0.0	1.159
8384	16.9	0.0	1.241
8385	17.0	0.0	1.246
8386	16.4	0.0	1.306
8387	16.1	0.0	1.246
8388	15.5	0.0	1.208
8389	15.1	0.0	1.118
8390	14.0	0.0	0.983
8391	13.8	0.0	0.896
8392	13.8	0.0	0.836
8393	14.2	0.0	0.869
8394	14.1	0.0	1.078
8395	14.6	0.0	1.203
8396	14.1	0.0	1.488
8397	14.0	0.0	1.528
8398	13.8	0.0	1.425
8399	13.9	0.0	0.858
8400	13.6	0.0	0.537
8401	10.5	0.0	0.372
8402	10.5	0.0	0.201
8403	10.8	0.0	0.079
8404	10.1	0.0	0.057
8405	10.4	0.0	0.171
8406	10.3	0.0	0.429
8407	10.4	0.0	1.159
8408	13.9	0.0	1.241
8409	13.7	0.0	1.246
8410	13.0	0.0	1.306
8411	12.4	0.0	1.246
8412	12.0	0.0	1.208
8413	11.8	0.0	1.118
8414	11.8	0.0	0.983
8415	11.5	0.0	0.896
8416	11.1	0.0	0.836
8417	11.4	0.0	0.869
8418	11.7	0.0	1.078
8419	11.6	0.0	1.203
8420	12.0	0.0	1.488
8421	11.8	0.0	1.528
8422	11.8	0.0	1.425
8423	11.9	0.0	0.858
8424	12.4	0.0	0.537
8425	8.5	0.0	0.372
8426	8.3	0.0	0.201
8427	8.9	0.0	0.079
8428	8.8	0.0	0.057
8429	9.2	0.0	0.171
8430	9.4	0.0	0.429
8431	9.0	0.0	1.159
8432	12.2	0.0	1.241
8433	11.7	0.0	1.246
8434	11.1	0.0	1.306
8435	10.6	0.0	1.246
8436	10.3	0.0	1.208
8437	10.1	0.0	1.118
8438	9.9	0.0	0.983
8439	9.7	0.0	0.896
8440	9.6	0.0	0.836
8441	9.7	0.0	0.869
8442	10.4	0.0	1.078
8443	10.6	0.0	1.203
8444	10.9	0.0	1.488
8445	11.2	0.0	1.528
8446	10.8	0.0	1.425
8447	10.4	0.0	0.858
8448	9.9	0.0	0.537
8449	6.9	0.0	0.372
8450	7.5	0.0	0.201
8451	7.5	0.0	0.079
8452	8.2	0.0	0.057
8453	8.0	0.0	0.171
8454	7.6	0.0	0.429
8455	7.8	0.0	1.159
8456	11.0	0.0	1.241
8457	11.0	0.0	1.246
8458	10.2	0.0	1.306
8459	9.4	0.0	1.246
8460	8.9	0.0	1.208
8461	8.3	0.0	1.118
8462	7.7	0.0	0.983
8463	7.3	0.0	0.896
8464	8.0	0.0	0.836
8465	8.6	0.0	0.869
8466	8.9	0.0	1.078
8467	9.2	0.0	1.203
8468	9.6	0.0	1.488
8469	9.6	0.0	1.528
8470	9.9	0.0	1.425
8471	10.0	0.0	0.858
8472	10.3	0.0	0.537
8473	7.4	0.0	0.372
8474	8.4	0.0	0.201
8475	8.3	0.0	0.079
8476	8.4	0.0	0.057
8477	8.6	0.0	0.171
8478	9.0	0.0	0.429
8479	9.6	0.0	1.159
8480	12.8	0.0	1.241
8481	12.8	0.0	1.246
8482	12.6	0.0	1.306
8483	12.3	0.0	1.246
8484	12.1	0.0	1.208
8485	11.6	0.0	1.118
8486	11.8	0.0	0.983
8487	11.7	0.0	0.896
8488	11.9	0.0	0.836
8489	12.6	0.0	0.869
8490	12.9	0.0	1.078
8491	13.4	0.0	1.203
8492	14.1	0.0	1.488
8493	14.5	0.0	1.528
8494	15.3	0.0	1.425
8495	15.4	0.0	0.858
8496	15.8	0.0	0.537
8497	12.5	0.0	0.372
8498	12.5	0.0	0.201
8499	12.5	0.0	0.079
8500	12.2	0.0	0.057
8501	12.6	0.0	0.171
8502	12.8	0.0	0.429
8503	12.5	0.0	1.159
8504	16.0	0.0	1.241
8505	15.9	0.0	1.246
8506	15.4	0.0	1.306
8507	14.2	0.0	1.246
8508	13.7	0.0	1.208
8509	13.5	0.0	1.118
8510	13.0	0.0	0.983
8511	13.0	0.0	0.896
8512	12.6	0.0	0.836
8513	12.9	0.0	0.869
8514	13.5	0.0	1.078
8515	13.3	0.0	1.203
8516	13.6	0.0	1.488
8517	13.2	0.0	1.528
8518	12.6	0.0	1.425
8519	12.5	0.0	0.858
8520	12.1	0.0	0.537
8521	9.3	0.0	0.372
8522	9.5	0.0	0.201
8523	9.6	0.0	0.079
8524	9.6	0.0	0.057
8525	9.9	0.0	0.171
8526	9.6	0.0	0.429
8527	9.7	0.0	1.159
8528	13.1	0.0	1.241
8529	12.7	0.0	1.246
8530	11.7	0.0	1.306
8531	11.7	0.0	1.246
8532	11.7	0.0	1.208
8533	11.4	0.0	1.118
8534	11.9	0.0	0.983
8535	11.8	0.0	0.896
8536	12.4	0.0	0.836
8537	12.1	0.0	0.869
8538	12.6	0.0	1.078
8539	12.3	0.0	1.203
8540	12.4	0.0	1.488
8541	12.8	0.0	1.528
8542	12.5	0.0	1.425
8543	12.6	0.0	0.858
8544	13.0	0.0	0.537
8545	10.2	0.0	0.372
8546	10.7	0.0	0.201
8547	10.7	0.0	0.079
8548	11.0	0.0	0.057
8549	11.1	0.0	0.171
8550	11.6	0.0	0.429
8551	11.8	0.0	1.159
8552	15.1	0.0	1.241
8553	14.7	0.0	1.246
8554	14.0	0.0	1.306
8555	13.1	0.0	1.246
8556	12.7	0.0	1.208
8557	12.4	0.0	1.118
8558	12.0	0.0	0.983
8559	12.9	0.0	0.896
8560	13.7	0.0	0.836
8561	14.2	0.0	0.869
8562	14.8	0.0	1.078
8563	14.4	0.0	1.203
8564	14.6	0.0	1.488
8565	14.3	0.0	1.528
8566	14.9	0.0	1.425
8567	15.0	0.0	0.858
8568	15.1	0.0	0.537
8569	12.0	0.0	0.372
8570	12.2	0.0	0.201
8571	12.3	0.0	0.079
8572	12.5	0.0	0.057
8573	12.3	0.0	0.171
8574	12.7	0.0	0.429
8575	13.0	0.0	1.159
8576	16.2	0.0	1.241
8577	15.7	0.0	1.246
8578	15.2	0.0	1.306
8579	14.5	0.0	1.246
8580	13.2	0.0	1.208
8581	12.6	0.0	1.118
8582	12.1	0.0	0.983
8583	11.4	0.0	0.896
8584	11.6	0.0	0.836
8585	12.2	0.0	0.869
8586	12.5	0.0	1.078
8587	13.0	0.0	1.203
8588	14.3	0.0	1.488
8589	14.0	0.0	1.528
8590	13.7	0.0	1.425
8591	14.0	0.0	0.858
8592	14.2	0.0	0.537
8593	11.1	0.0	0.372
8594	10.5	0.0	0.201
8595	10.5	0.0	0.079
8596	10.1	0.0	0.057
8597	10.0	0.0	0.171
8598	9.6	0.0	0.429
8599	9.6	0.0	1.159
8600	12.5	0.0	1.241
8601	12.0	0.0	1.246
8602	11.9	0.0	1.306
8603	11.0	0.0	1.246
8604	10.0	0.0	1.208
8605	9.7	0.0	1.118
8606	9.0	0.0	0.983
8607	9.0	0.0	0.896
8608	9.3	0.0	0.836
8609	9.8	0.0	0.869
8610	10.6	0.0	1.078
8611	11.0	0.0	1.203
8612	10.7	0.0	1.488
8613	10.4	0.0	1.528
8614	10.5	0.0	1.425
8615	10.8	0.0	0.858
8616	11.0	0.0	0.537
8617	8.2	0.0	0.372
8618	7.6	0.0	0.201
8619	7.4	0.0	0.079
8620	7.7	0.0	0.057
8621	8.0	0.0	0.171
8622	8.2	0.0	0.429
8623	7.8	0.0	1.159
8624	11.0	0.0	1.241
8625	11.1	0.0	1.246
8626	10.3	0.0	1.306
8627	9.2	0.0	1.246
8628	8.6	0.0	1.208
8629	8.1	0.0	1.118
8630	7.9	0.0	0.983
8631	7.4	0.0	0.896
8632	8.0	0.0	0.836
8633	8.4	0.0	0.869
8634	9.2	0.0	1.078
8635	9.8	0.0	1.203
8636	9.9	0.0	1.488
8637	10.5	0.0	1.528
8638	10.8	0.0	1.425
8639	11.4	0.0	0.858
8640	11.8	0.0	0.537
8641	9.1	0.0	0.372
8642	9.2	0.0	0.201
8643	9.1	0.0	0.079
8644	9.1	0.0	0.057
8645	8.8	0.0	0.171
8646	9.2	0.0	0.429
8647	9.3	0.0	1.159
8648	12.8	0.0	1.241
8649	12.4	0.0	1.246
8650	11.9	0.0	1.306
8651	11.2	0.0	1.246
8652	10.2	0.0	1.208
8653	9.7	0.0	1.118
8654	9.3	0.0	0.983
8655	8.7	0.0	0.896
8656	8.5	0.0	0.836
8657	9.1	0.0	0.869
8658	9.4	0.0	1.078
8659	9.5	0.0	1.203
8660	9.0	0.0	1.488
8661	9.3	0.0	1.528
8662	9.5	0.0	1.425
8663	9.4	0.0	0.858
8664	9.8	0.0	0.537
8665	6.6	0.0	0.372
8666	6.3	0.0	0.201
8667	5.8	0.0	0.079
8668	5.7	0.0	0.057
8669	5.5	0.0	0.171
8670	5.5	0.0	0.429
8671	5.5	0.0	1.159
8672	8.9	0.0	1.241
8673	8.9	0.0	1.246
8674	8.9	0.0	1.306
8675	8.3	0.0	1.246
8676	7.8	0.0	1.208
8677	7.5	0.0	1.118
8678	7.0	0.0	0.983
8679	7.1	0.0	0.896
8680	7.2	0.0	0.836
8681	7.0	0.0	0.869
8682	6.3	0.0	1.078
8683	6.4	0.0	1.203
8684	6.2	0.0	1.488
8685	5.8	0.0	1.528
8686	5.8	0.0	1.425
8687	5.7	0.0	0.858
8688	5.6	0.0	0.537
8689	2.5	0.0	0.372
8690	2.6	0.0	0.201
8691	2.9	0.0	0.079
8692	2.4	0.0	0.057
8693	2.9	0.0	0.171
8694	3.3	0.0	0.429
8695	3.0	0.0	1.159
8696	6.4	0.0	1.241
8697	6.2	0.0	1.246
8698	6.5	0.0	1.306
8699	6.1	0.0	1.246
8700	6.4	0.0	1.208
8701	6.5	0.0	1.118
8702	6.8	0.0	0.983
8703	7.6	0.0	0.896
8704	8.3	0.0	0.836
8705	8.8	0.0	0.869
8706	9.3	0.0	1.078
8707	9.7	0.0	1.203
8708	9.7	0.0	1.488
8709	9.6	0.0	1.528
8710	10.1	0.0	1.425
8711	10.3	0.0	0.858
8712	10.0	0.0	0.537
8713	7.1	0.0	0.372
8714	7.8	0.0	0.201
8715	7.9	0.0	0.079
8716	8.6	0.0	0.057
8717	8.8	0.0	0.171
8718	9.4	0.0	0.429
8719	10.1	0.0	1.159
8720	13.2	0.0	1.241
8721	13.3	0.0	1.246
8722	13.2	0.0	1.306
8723	13.9	0.0	1.246
8724	13.2	0.0	1.208
8725	12.5	0.0	1.118
8726	12.6	0.0	0.983
8727	12.5	0.0	0.896
8728	13.1	0.0	0.836
8729	13.3	0.0	0.869
8730	14.3	0.0	1.078
8731	14.6	0.0	1.203
8732	14.3	0.0	1.488
8733	14.9	0.0	1.528
8734	15.6	0.0	1.425
8735	15.8	0.0	0.858
8736	16.3	0.0	0.537
8737	13.4	0.0	0.372
8738	13.7	0.0	0.201
8739	14.0	0.0	0.079
8740	14.2	0.0	0.057
8741	14.4	0.0	0.171
8742	14.5	0.0	0.429
8743	14.8	0.0	1.159
8744	17.8	0.0	1.241
8745	18.6	0.0	1.246
8746	18.0	0.0	1.306
8747	17.8	0.0	1.246
8748	17.9	0.0	1.208
8749	18.0	0.0	1.118
8750	17.9	0.0	0.983
8751	18.0	0.0	0.896
8752	18.1	0.0	0.836
8753	17.8	0.0	0.869
8754	18.2	0.0	1.078
8755	18.8	0.0	1.203
8756	19.4	0.0	1.488
8757	20.2	0.0	1.528
8758	21.1	0.0	1.425
8759	21.6	0.0	0.858
8760	21.9	0.0	0.537
