# HOY	Heat Demand	Load duration curve	Dhw Demand
# [h]	[kWh / h]	[kWh / h]	[kWh / h]
1	0.4	0.7	0.003
2	0.4	0.7	0.002
3	0.4	0.7	0.001
4	0.4	0.7	0.000
5	0.4	0.7	0.001
6	0.4	0.7	0.004
7	0.4	0.6	0.010
8	0.5	0.6	0.010
9	0.5	0.6	0.010
10	0.5	0.6	0.011
11	0.5	0.6	0.010
12	0.4	0.6	0.010
13	0.4	0.6	0.009
14	0.4	0.6	0.008
15	0.4	0.6	0.007
16	0.4	0.6	0.007
17	0.5	0.6	0.007
18	0.5	0.6	0.009
19	0.5	0.6	0.010
20	0.5	0.6	0.012
21	0.5	0.6	0.013
22	0.6	0.6	0.012
23	0.6	0.6	0.007
24	0.6	0.6	0.004
25	0.5	0.6	0.003
26	0.5	0.6	0.002
27	0.5	0.6	0.001
28	0.5	0.6	0.000
29	0.5	0.6	0.001
30	0.5	0.6	0.004
31	0.5	0.6	0.010
32	0.6	0.6	0.010
33	0.6	0.6	0.010
34	0.6	0.6	0.011
35	0.6	0.6	0.010
36	0.5	0.6	0.010
37	0.5	0.6	0.009
38	0.5	0.6	0.008
39	0.5	0.6	0.007
40	0.5	0.6	0.007
41	0.5	0.6	0.007
42	0.6	0.6	0.009
43	0.6	0.6	0.010
44	0.6	0.6	0.012
45	0.6	0.6	0.013
46	0.6	0.6	0.012
47	0.6	0.6	0.007
48	0.6	0.6	0.004
49	0.5	0.6	0.003
50	0.5	0.6	0.002
51	0.5	0.6	0.001
52	0.5	0.6	0.000
53	0.5	0.6	0.001
54	0.5	0.6	0.004
55	0.5	0.6	0.010
56	0.6	0.6	0.010
57	0.6	0.6	0.010
58	0.6	0.6	0.011
59	0.6	0.6	0.010
60	0.6	0.6	0.010
61	0.5	0.6	0.009
62	0.5	0.6	0.008
63	0.5	0.6	0.007
64	0.5	0.6	0.007
65	0.5	0.6	0.007
66	0.5	0.6	0.009
67	0.6	0.6	0.010
68	0.6	0.6	0.012
69	0.6	0.6	0.013
70	0.6	0.6	0.012
71	0.6	0.6	0.007
72	0.6	0.6	0.004
73	0.5	0.6	0.003
74	0.5	0.6	0.002
75	0.5	0.6	0.001
76	0.5	0.6	0.000
77	0.5	0.6	0.001
78	0.5	0.6	0.004
79	0.5	0.6	0.010
80	0.6	0.6	0.010
81	0.6	0.6	0.010
82	0.5	0.6	0.011
83	0.5	0.6	0.010
84	0.5	0.6	0.010
85	0.4	0.6	0.009
86	0.4	0.6	0.008
87	0.4	0.6	0.007
88	0.4	0.6	0.007
89	0.4	0.6	0.007
90	0.4	0.6	0.009
91	0.4	0.6	0.010
92	0.4	0.6	0.012
93	0.4	0.6	0.013
94	0.4	0.6	0.012
95	0.4	0.6	0.007
96	0.4	0.6	0.004
97	0.3	0.6	0.003
98	0.3	0.6	0.002
99	0.4	0.6	0.001
100	0.4	0.6	0.000
101	0.4	0.6	0.001
102	0.4	0.6	0.004
103	0.4	0.6	0.010
104	0.5	0.6	0.010
105	0.5	0.6	0.010
106	0.5	0.6	0.011
107	0.5	0.6	0.010
108	0.5	0.6	0.010
109	0.5	0.6	0.009
110	0.6	0.6	0.008
111	0.6	0.6	0.007
112	0.6	0.6	0.007
113	0.6	0.6	0.007
114	0.6	0.6	0.009
115	0.6	0.6	0.010
116	0.6	0.6	0.012
117	0.6	0.6	0.013
118	0.7	0.6	0.012
119	0.7	0.6	0.007
120	0.7	0.6	0.004
121	0.6	0.6	0.003
122	0.6	0.6	0.002
123	0.6	0.6	0.001
124	0.6	0.6	0.000
125	0.6	0.6	0.001
126	0.6	0.6	0.004
127	0.5	0.6	0.010
128	0.6	0.6	0.010
129	0.6	0.6	0.010
130	0.6	0.6	0.011
131	0.6	0.6	0.010
132	0.5	0.6	0.010
133	0.5	0.6	0.009
134	0.5	0.6	0.008
135	0.4	0.6	0.007
136	0.4	0.6	0.007
137	0.4	0.6	0.007
138	0.4	0.6	0.009
139	0.4	0.6	0.010
140	0.4	0.5	0.012
141	0.4	0.5	0.013
142	0.4	0.5	0.012
143	0.4	0.5	0.007
144	0.4	0.5	0.004
145	0.3	0.5	0.003
146	0.3	0.5	0.002
147	0.3	0.5	0.001
148	0.3	0.5	0.000
149	0.4	0.5	0.001
150	0.3	0.5	0.004
151	0.3	0.5	0.010
152	0.5	0.5	0.010
153	0.4	0.5	0.010
154	0.4	0.5	0.011
155	0.4	0.5	0.010
156	0.4	0.5	0.010
157	0.4	0.5	0.009
158	0.3	0.5	0.008
159	0.3	0.5	0.007
160	0.3	0.5	0.007
161	0.4	0.5	0.007
162	0.4	0.5	0.009
163	0.4	0.5	0.010
164	0.4	0.5	0.012
165	0.4	0.5	0.013
166	0.4	0.5	0.012
167	0.5	0.5	0.007
168	0.5	0.5	0.004
169	0.4	0.5	0.003
170	0.4	0.5	0.002
171	0.4	0.5	0.001
172	0.4	0.5	0.000
173	0.4	0.5	0.001
174	0.3	0.5	0.004
175	0.3	0.5	0.010
176	0.4	0.5	0.010
177	0.4	0.5	0.010
178	0.4	0.5	0.011
179	0.4	0.5	0.010
180	0.4	0.5	0.010
181	0.4	0.5	0.009
182	0.4	0.5	0.008
183	0.4	0.5	0.007
184	0.4	0.5	0.007
185	0.4	0.5	0.007
186	0.4	0.5	0.009
187	0.4	0.5	0.010
188	0.4	0.5	0.012
189	0.4	0.5	0.013
190	0.4	0.5	0.012
191	0.3	0.5	0.007
192	0.3	0.5	0.004
193	0.2	0.5	0.003
194	0.2	0.5	0.002
195	0.2	0.5	0.001
196	0.2	0.5	0.000
197	0.2	0.5	0.001
198	0.2	0.5	0.004
199	0.2	0.5	0.010
200	0.3	0.5	0.010
201	0.3	0.5	0.010
202	0.3	0.5	0.011
203	0.3	0.5	0.010
204	0.3	0.5	0.010
205	0.3	0.5	0.009
206	0.3	0.5	0.008
207	0.2	0.5	0.007
208	0.2	0.5	0.007
209	0.2	0.5	0.007
210	0.2	0.5	0.009
211	0.2	0.5	0.010
212	0.2	0.5	0.012
213	0.2	0.5	0.013
214	0.2	0.5	0.012
215	0.2	0.5	0.007
216	0.2	0.5	0.004
217	0.1	0.5	0.003
218	0.1	0.5	0.002
219	0.1	0.5	0.001
220	0.1	0.5	0.000
221	0.2	0.5	0.001
222	0.2	0.5	0.004
223	0.2	0.5	0.010
224	0.3	0.5	0.010
225	0.3	0.5	0.010
226	0.3	0.5	0.011
227	0.3	0.5	0.010
228	0.3	0.5	0.010
229	0.3	0.5	0.009
230	0.3	0.5	0.008
231	0.3	0.5	0.007
232	0.3	0.5	0.007
233	0.3	0.5	0.007
234	0.4	0.5	0.009
235	0.4	0.5	0.010
236	0.4	0.5	0.012
237	0.4	0.5	0.013
238	0.4	0.5	0.012
239	0.5	0.5	0.007
240	0.5	0.5	0.004
241	0.4	0.5	0.003
242	0.4	0.5	0.002
243	0.4	0.5	0.001
244	0.4	0.5	0.000
245	0.4	0.5	0.001
246	0.4	0.5	0.004
247	0.4	0.5	0.010
248	0.5	0.5	0.010
249	0.5	0.5	0.010
250	0.5	0.5	0.011
251	0.5	0.5	0.010
252	0.4	0.5	0.010
253	0.4	0.5	0.009
254	0.4	0.5	0.008
255	0.4	0.5	0.007
256	0.4	0.5	0.007
257	0.4	0.5	0.007
258	0.4	0.5	0.009
259	0.4	0.5	0.010
260	0.5	0.5	0.012
261	0.5	0.5	0.013
262	0.5	0.5	0.012
263	0.5	0.5	0.007
264	0.5	0.5	0.004
265	0.4	0.5	0.003
266	0.4	0.5	0.002
267	0.4	0.5	0.001
268	0.4	0.5	0.000
269	0.4	0.5	0.001
270	0.4	0.5	0.004
271	0.4	0.5	0.010
272	0.5	0.5	0.010
273	0.5	0.5	0.010
274	0.5	0.5	0.011
275	0.5	0.5	0.010
276	0.4	0.5	0.010
277	0.4	0.5	0.009
278	0.4	0.5	0.008
279	0.4	0.5	0.007
280	0.4	0.5	0.007
281	0.4	0.5	0.007
282	0.4	0.5	0.009
283	0.4	0.5	0.010
284	0.4	0.5	0.012
285	0.4	0.5	0.013
286	0.4	0.5	0.012
287	0.4	0.5	0.007
288	0.4	0.5	0.004
289	0.3	0.5	0.003
290	0.3	0.5	0.002
291	0.3	0.5	0.001
292	0.3	0.5	0.000
293	0.3	0.5	0.001
294	0.3	0.5	0.004
295	0.3	0.5	0.010
296	0.4	0.5	0.010
297	0.4	0.5	0.010
298	0.4	0.5	0.011
299	0.4	0.5	0.010
300	0.4	0.5	0.010
301	0.3	0.5	0.009
302	0.3	0.5	0.008
303	0.3	0.5	0.007
304	0.3	0.5	0.007
305	0.3	0.5	0.007
306	0.3	0.5	0.009
307	0.3	0.5	0.010
308	0.3	0.5	0.012
309	0.3	0.5	0.013
310	0.4	0.5	0.012
311	0.4	0.5	0.007
312	0.4	0.5	0.004
313	0.3	0.5	0.003
314	0.3	0.5	0.002
315	0.3	0.5	0.001
316	0.3	0.5	0.000
317	0.3	0.5	0.001
318	0.3	0.5	0.004
319	0.3	0.5	0.010
320	0.4	0.5	0.010
321	0.4	0.5	0.010
322	0.4	0.5	0.011
323	0.4	0.5	0.010
324	0.4	0.5	0.010
325	0.3	0.5	0.009
326	0.3	0.5	0.008
327	0.3	0.5	0.007
328	0.3	0.5	0.007
329	0.3	0.5	0.007
330	0.3	0.5	0.009
331	0.3	0.5	0.010
332	0.3	0.5	0.012
333	0.3	0.5	0.013
334	0.3	0.5	0.012
335	0.4	0.5	0.007
336	0.3	0.5	0.004
337	0.3	0.5	0.003
338	0.3	0.5	0.002
339	0.3	0.5	0.001
340	0.3	0.5	0.000
341	0.3	0.5	0.001
342	0.3	0.5	0.004
343	0.3	0.5	0.010
344	0.4	0.5	0.010
345	0.4	0.5	0.010
346	0.4	0.5	0.011
347	0.4	0.5	0.010
348	0.4	0.5	0.010
349	0.4	0.5	0.009
350	0.4	0.5	0.008
351	0.4	0.5	0.007
352	0.4	0.5	0.007
353	0.4	0.5	0.007
354	0.4	0.5	0.009
355	0.4	0.5	0.010
356	0.5	0.5	0.012
357	0.5	0.5	0.013
358	0.5	0.5	0.012
359	0.5	0.5	0.007
360	0.5	0.5	0.004
361	0.4	0.5	0.003
362	0.4	0.5	0.002
363	0.4	0.5	0.001
364	0.4	0.5	0.000
365	0.4	0.5	0.001
366	0.4	0.5	0.004
367	0.4	0.5	0.010
368	0.5	0.5	0.010
369	0.5	0.5	0.010
370	0.5	0.5	0.011
371	0.5	0.5	0.010
372	0.5	0.5	0.010
373	0.4	0.5	0.009
374	0.4	0.5	0.008
375	0.4	0.5	0.007
376	0.5	0.5	0.007
377	0.5	0.5	0.007
378	0.5	0.5	0.009
379	0.5	0.5	0.010
380	0.5	0.5	0.012
381	0.5	0.5	0.013
382	0.6	0.5	0.012
383	0.6	0.5	0.007
384	0.6	0.5	0.004
385	0.5	0.5	0.003
386	0.5	0.5	0.002
387	0.5	0.5	0.001
388	0.5	0.5	0.000
389	0.5	0.5	0.001
390	0.5	0.5	0.004
391	0.5	0.5	0.010
392	0.6	0.5	0.010
393	0.6	0.5	0.010
394	0.6	0.5	0.011
395	0.5	0.5	0.010
396	0.5	0.5	0.010
397	0.5	0.5	0.009
398	0.4	0.5	0.008
399	0.4	0.5	0.007
400	0.4	0.5	0.007
401	0.4	0.5	0.007
402	0.4	0.5	0.009
403	0.4	0.5	0.010
404	0.4	0.5	0.012
405	0.5	0.5	0.013
406	0.4	0.5	0.012
407	0.4	0.5	0.007
408	0.4	0.5	0.004
409	0.3	0.5	0.003
410	0.3	0.5	0.002
411	0.3	0.5	0.001
412	0.3	0.5	0.000
413	0.3	0.5	0.001
414	0.4	0.5	0.004
415	0.4	0.5	0.010
416	0.5	0.5	0.010
417	0.5	0.5	0.010
418	0.4	0.5	0.011
419	0.4	0.5	0.010
420	0.4	0.5	0.010
421	0.4	0.5	0.009
422	0.4	0.5	0.008
423	0.4	0.5	0.007
424	0.4	0.5	0.007
425	0.4	0.5	0.007
426	0.4	0.5	0.009
427	0.5	0.5	0.010
428	0.5	0.5	0.012
429	0.5	0.5	0.013
430	0.5	0.5	0.012
431	0.5	0.5	0.007
432	0.5	0.5	0.004
433	0.4	0.5	0.003
434	0.4	0.5	0.002
435	0.4	0.5	0.001
436	0.5	0.5	0.000
437	0.4	0.5	0.001
438	0.4	0.5	0.004
439	0.4	0.5	0.010
440	0.5	0.5	0.010
441	0.5	0.5	0.010
442	0.5	0.5	0.011
443	0.5	0.5	0.010
444	0.5	0.5	0.010
445	0.5	0.5	0.009
446	0.5	0.5	0.008
447	0.4	0.5	0.007
448	0.5	0.5	0.007
449	0.5	0.5	0.007
450	0.4	0.5	0.009
451	0.5	0.5	0.010
452	0.5	0.5	0.012
453	0.5	0.5	0.013
454	0.5	0.5	0.012
455	0.5	0.5	0.007
456	0.5	0.5	0.004
457	0.4	0.5	0.003
458	0.4	0.5	0.002
459	0.4	0.5	0.001
460	0.4	0.5	0.000
461	0.4	0.5	0.001
462	0.4	0.5	0.004
463	0.4	0.5	0.010
464	0.5	0.5	0.010
465	0.5	0.5	0.010
466	0.5	0.5	0.011
467	0.5	0.5	0.010
468	0.5	0.5	0.010
469	0.5	0.5	0.009
470	0.4	0.5	0.008
471	0.4	0.5	0.007
472	0.4	0.5	0.007
473	0.4	0.5	0.007
474	0.4	0.5	0.009
475	0.4	0.5	0.010
476	0.4	0.5	0.012
477	0.4	0.5	0.013
478	0.5	0.5	0.012
479	0.5	0.5	0.007
480	0.5	0.5	0.004
481	0.4	0.5	0.003
482	0.4	0.5	0.002
483	0.4	0.5	0.001
484	0.4	0.5	0.000
485	0.4	0.5	0.001
486	0.4	0.5	0.004
487	0.4	0.5	0.010
488	0.5	0.5	0.010
489	0.5	0.5	0.010
490	0.5	0.5	0.011
491	0.4	0.5	0.010
492	0.4	0.5	0.010
493	0.4	0.5	0.009
494	0.4	0.5	0.008
495	0.4	0.5	0.007
496	0.4	0.5	0.007
497	0.4	0.5	0.007
498	0.4	0.5	0.009
499	0.4	0.5	0.010
500	0.5	0.5	0.012
501	0.5	0.5	0.013
502	0.5	0.5	0.012
503	0.5	0.5	0.007
504	0.5	0.5	0.004
505	0.4	0.5	0.003
506	0.4	0.5	0.002
507	0.4	0.5	0.001
508	0.4	0.5	0.000
509	0.4	0.5	0.001
510	0.4	0.5	0.004
511	0.4	0.5	0.010
512	0.5	0.5	0.010
513	0.5	0.5	0.010
514	0.5	0.5	0.011
515	0.5	0.5	0.010
516	0.5	0.5	0.010
517	0.5	0.5	0.009
518	0.5	0.5	0.008
519	0.5	0.5	0.007
520	0.5	0.5	0.007
521	0.5	0.5	0.007
522	0.5	0.5	0.009
523	0.5	0.5	0.010
524	0.5	0.5	0.012
525	0.5	0.5	0.013
526	0.5	0.5	0.012
527	0.5	0.4	0.007
528	0.5	0.4	0.004
529	0.5	0.4	0.003
530	0.5	0.4	0.002
531	0.5	0.4	0.001
532	0.5	0.4	0.000
533	0.5	0.4	0.001
534	0.5	0.4	0.004
535	0.5	0.4	0.010
536	0.6	0.4	0.010
537	0.5	0.4	0.010
538	0.5	0.4	0.011
539	0.5	0.4	0.010
540	0.5	0.4	0.010
541	0.4	0.4	0.009
542	0.4	0.4	0.008
543	0.4	0.4	0.007
544	0.4	0.4	0.007
545	0.4	0.4	0.007
546	0.4	0.4	0.009
547	0.5	0.4	0.010
548	0.5	0.4	0.012
549	0.5	0.4	0.013
550	0.5	0.4	0.012
551	0.5	0.4	0.007
552	0.5	0.4	0.004
553	0.4	0.4	0.003
554	0.4	0.4	0.002
555	0.4	0.4	0.001
556	0.4	0.4	0.000
557	0.4	0.4	0.001
558	0.4	0.4	0.004
559	0.4	0.4	0.010
560	0.5	0.4	0.010
561	0.5	0.4	0.010
562	0.5	0.4	0.011
563	0.5	0.4	0.010
564	0.5	0.4	0.010
565	0.4	0.4	0.009
566	0.4	0.4	0.008
567	0.4	0.4	0.007
568	0.4	0.4	0.007
569	0.4	0.4	0.007
570	0.4	0.4	0.009
571	0.5	0.4	0.010
572	0.5	0.4	0.012
573	0.5	0.4	0.013
574	0.5	0.4	0.012
575	0.5	0.4	0.007
576	0.4	0.4	0.004
577	0.4	0.4	0.003
578	0.4	0.4	0.002
579	0.4	0.4	0.001
580	0.4	0.4	0.000
581	0.3	0.4	0.001
582	0.3	0.4	0.004
583	0.3	0.4	0.010
584	0.4	0.4	0.010
585	0.4	0.4	0.010
586	0.4	0.4	0.011
587	0.4	0.4	0.010
588	0.4	0.4	0.010
589	0.3	0.4	0.009
590	0.3	0.4	0.008
591	0.3	0.4	0.007
592	0.3	0.4	0.007
593	0.3	0.4	0.007
594	0.3	0.4	0.009
595	0.3	0.4	0.010
596	0.3	0.4	0.012
597	0.3	0.4	0.013
598	0.3	0.4	0.012
599	0.3	0.4	0.007
600	0.3	0.4	0.004
601	0.2	0.4	0.003
602	0.3	0.4	0.002
603	0.3	0.4	0.001
604	0.3	0.4	0.000
605	0.3	0.4	0.001
606	0.3	0.4	0.004
607	0.3	0.4	0.010
608	0.4	0.4	0.010
609	0.4	0.4	0.010
610	0.4	0.4	0.011
611	0.4	0.4	0.010
612	0.4	0.4	0.010
613	0.4	0.4	0.009
614	0.4	0.4	0.008
615	0.4	0.4	0.007
616	0.4	0.4	0.007
617	0.4	0.4	0.007
618	0.4	0.4	0.009
619	0.4	0.4	0.010
620	0.4	0.4	0.012
621	0.5	0.4	0.013
622	0.5	0.4	0.012
623	0.5	0.4	0.007
624	0.5	0.4	0.004
625	0.4	0.4	0.003
626	0.4	0.4	0.002
627	0.4	0.4	0.001
628	0.4	0.4	0.000
629	0.4	0.4	0.001
630	0.4	0.4	0.004
631	0.4	0.4	0.010
632	0.5	0.4	0.010
633	0.5	0.4	0.010
634	0.5	0.4	0.011
635	0.4	0.4	0.010
636	0.4	0.4	0.010
637	0.4	0.4	0.009
638	0.4	0.4	0.008
639	0.4	0.4	0.007
640	0.4	0.4	0.007
641	0.4	0.4	0.007
642	0.4	0.4	0.009
643	0.4	0.4	0.010
644	0.4	0.4	0.012
645	0.4	0.4	0.013
646	0.4	0.4	0.012
647	0.4	0.4	0.007
648	0.4	0.4	0.004
649	0.3	0.4	0.003
650	0.3	0.4	0.002
651	0.3	0.4	0.001
652	0.3	0.4	0.000
653	0.3	0.4	0.001
654	0.4	0.4	0.004
655	0.4	0.4	0.010
656	0.5	0.4	0.010
657	0.5	0.4	0.010
658	0.4	0.4	0.011
659	0.4	0.4	0.010
660	0.4	0.4	0.010
661	0.4	0.4	0.009
662	0.4	0.4	0.008
663	0.4	0.4	0.007
664	0.4	0.4	0.007
665	0.4	0.4	0.007
666	0.5	0.4	0.009
667	0.5	0.4	0.010
668	0.5	0.4	0.012
669	0.5	0.4	0.013
670	0.5	0.4	0.012
671	0.6	0.4	0.007
672	0.6	0.4	0.004
673	0.5	0.4	0.003
674	0.5	0.4	0.002
675	0.5	0.4	0.001
676	0.4	0.4	0.000
677	0.4	0.4	0.001
678	0.4	0.4	0.004
679	0.4	0.4	0.010
680	0.5	0.4	0.010
681	0.5	0.4	0.010
682	0.4	0.4	0.011
683	0.4	0.4	0.010
684	0.4	0.4	0.010
685	0.4	0.4	0.009
686	0.4	0.4	0.008
687	0.4	0.4	0.007
688	0.3	0.4	0.007
689	0.3	0.4	0.007
690	0.3	0.4	0.009
691	0.3	0.4	0.010
692	0.3	0.4	0.012
693	0.3	0.4	0.013
694	0.3	0.4	0.012
695	0.2	0.4	0.007
696	0.2	0.4	0.004
697	0.1	0.4	0.003
698	0.1	0.4	0.002
699	0.1	0.4	0.001
700	0.1	0.4	0.000
701	0.2	0.4	0.001
702	0.2	0.4	0.004
703	0.2	0.4	0.010
704	0.3	0.4	0.010
705	0.3	0.4	0.010
706	0.3	0.4	0.011
707	0.3	0.4	0.010
708	0.2	0.4	0.010
709	0.2	0.4	0.009
710	0.2	0.4	0.008
711	0.2	0.4	0.007
712	0.2	0.4	0.007
713	0.2	0.4	0.007
714	0.2	0.4	0.009
715	0.2	0.4	0.010
716	0.2	0.4	0.012
717	0.2	0.4	0.013
718	0.2	0.4	0.012
719	0.2	0.4	0.007
720	0.2	0.4	0.004
721	0.1	0.4	0.003
722	0.1	0.4	0.002
723	0.1	0.4	0.001
724	0.1	0.4	0.000
725	0.1	0.4	0.001
726	0.1	0.4	0.004
727	0.1	0.4	0.010
728	0.2	0.4	0.010
729	0.2	0.4	0.010
730	0.2	0.4	0.011
731	0.2	0.4	0.010
732	0.2	0.4	0.010
733	0.2	0.4	0.009
734	0.1	0.4	0.008
735	0.2	0.4	0.007
736	0.2	0.4	0.007
737	0.2	0.4	0.007
738	0.2	0.4	0.009
739	0.2	0.4	0.010
740	0.2	0.4	0.012
741	0.2	0.4	0.013
742	0.3	0.4	0.012
743	0.3	0.4	0.007
744	0.3	0.4	0.004
745	0.2	0.4	0.003
746	0.2	0.4	0.002
747	0.2	0.4	0.001
748	0.2	0.4	0.000
749	0.2	0.4	0.001
750	0.2	0.4	0.004
751	0.2	0.4	0.010
752	0.3	0.4	0.010
753	0.3	0.4	0.010
754	0.3	0.4	0.011
755	0.3	0.4	0.010
756	0.2	0.4	0.010
757	0.2	0.4	0.009
758	0.2	0.4	0.008
759	0.2	0.4	0.007
760	0.2	0.4	0.007
761	0.2	0.4	0.007
762	0.3	0.4	0.009
763	0.3	0.4	0.010
764	0.3	0.4	0.012
765	0.3	0.4	0.013
766	0.3	0.4	0.012
767	0.4	0.4	0.007
768	0.4	0.4	0.004
769	0.3	0.4	0.003
770	0.3	0.4	0.002
771	0.3	0.4	0.001
772	0.3	0.4	0.000
773	0.3	0.4	0.001
774	0.3	0.4	0.004
775	0.4	0.4	0.010
776	0.4	0.4	0.010
777	0.4	0.4	0.010
778	0.4	0.4	0.011
779	0.4	0.4	0.010
780	0.4	0.4	0.010
781	0.4	0.4	0.009
782	0.4	0.4	0.008
783	0.4	0.4	0.007
784	0.4	0.4	0.007
785	0.4	0.4	0.007
786	0.4	0.4	0.009
787	0.5	0.4	0.010
788	0.5	0.4	0.012
789	0.5	0.4	0.013
790	0.5	0.4	0.012
791	0.5	0.4	0.007
792	0.5	0.4	0.004
793	0.5	0.4	0.003
794	0.5	0.4	0.002
795	0.5	0.4	0.001
796	0.5	0.4	0.000
797	0.5	0.4	0.001
798	0.5	0.4	0.004
799	0.5	0.4	0.010
800	0.6	0.4	0.010
801	0.6	0.4	0.010
802	0.6	0.4	0.011
803	0.5	0.4	0.010
804	0.5	0.4	0.010
805	0.5	0.4	0.009
806	0.5	0.4	0.008
807	0.5	0.4	0.007
808	0.5	0.4	0.007
809	0.5	0.4	0.007
810	0.5	0.4	0.009
811	0.5	0.4	0.010
812	0.5	0.4	0.012
813	0.5	0.4	0.013
814	0.5	0.4	0.012
815	0.5	0.4	0.007
816	0.5	0.4	0.004
817	0.5	0.4	0.003
818	0.5	0.4	0.002
819	0.5	0.4	0.001
820	0.5	0.4	0.000
821	0.4	0.4	0.001
822	0.4	0.4	0.004
823	0.4	0.4	0.010
824	0.5	0.4	0.010
825	0.5	0.4	0.010
826	0.5	0.4	0.011
827	0.4	0.4	0.010
828	0.4	0.4	0.010
829	0.4	0.4	0.009
830	0.4	0.4	0.008
831	0.4	0.4	0.007
832	0.4	0.4	0.007
833	0.4	0.4	0.007
834	0.4	0.4	0.009
835	0.4	0.4	0.010
836	0.4	0.4	0.012
837	0.4	0.4	0.013
838	0.4	0.4	0.012
839	0.4	0.4	0.007
840	0.4	0.4	0.004
841	0.3	0.4	0.003
842	0.3	0.4	0.002
843	0.3	0.4	0.001
844	0.3	0.4	0.000
845	0.3	0.4	0.001
846	0.3	0.4	0.004
847	0.3	0.4	0.010
848	0.4	0.4	0.010
849	0.4	0.4	0.010
850	0.4	0.4	0.011
851	0.4	0.4	0.010
852	0.3	0.4	0.010
853	0.3	0.4	0.009
854	0.3	0.4	0.008
855	0.3	0.4	0.007
856	0.3	0.4	0.007
857	0.3	0.4	0.007
858	0.4	0.4	0.009
859	0.4	0.4	0.010
860	0.4	0.4	0.012
861	0.4	0.4	0.013
862	0.4	0.4	0.012
863	0.4	0.4	0.007
864	0.4	0.4	0.004
865	0.3	0.4	0.003
866	0.3	0.4	0.002
867	0.3	0.4	0.001
868	0.3	0.4	0.000
869	0.3	0.4	0.001
870	0.3	0.4	0.004
871	0.3	0.4	0.010
872	0.4	0.4	0.010
873	0.4	0.4	0.010
874	0.4	0.4	0.011
875	0.4	0.4	0.010
876	0.4	0.4	0.010
877	0.4	0.4	0.009
878	0.3	0.4	0.008
879	0.3	0.4	0.007
880	0.3	0.4	0.007
881	0.3	0.4	0.007
882	0.3	0.4	0.009
883	0.4	0.4	0.010
884	0.4	0.4	0.012
885	0.4	0.4	0.013
886	0.4	0.4	0.012
887	0.4	0.4	0.007
888	0.4	0.4	0.004
889	0.3	0.4	0.003
890	0.3	0.4	0.002
891	0.3	0.4	0.001
892	0.3	0.4	0.000
893	0.3	0.4	0.001
894	0.3	0.4	0.004
895	0.3	0.4	0.010
896	0.4	0.4	0.010
897	0.4	0.4	0.010
898	0.4	0.4	0.011
899	0.3	0.4	0.010
900	0.3	0.4	0.010
901	0.4	0.4	0.009
902	0.3	0.4	0.008
903	0.3	0.4	0.007
904	0.3	0.4	0.007
905	0.3	0.4	0.007
906	0.3	0.4	0.009
907	0.3	0.4	0.010
908	0.3	0.4	0.012
909	0.3	0.4	0.013
910	0.3	0.4	0.012
911	0.3	0.4	0.007
912	0.3	0.4	0.004
913	0.2	0.4	0.003
914	0.3	0.4	0.002
915	0.3	0.4	0.001
916	0.3	0.4	0.000
917	0.3	0.4	0.001
918	0.3	0.4	0.004
919	0.3	0.4	0.010
920	0.4	0.4	0.010
921	0.4	0.4	0.010
922	0.3	0.4	0.011
923	0.3	0.4	0.010
924	0.3	0.4	0.010
925	0.3	0.4	0.009
926	0.3	0.4	0.008
927	0.3	0.4	0.007
928	0.3	0.4	0.007
929	0.3	0.4	0.007
930	0.3	0.4	0.009
931	0.3	0.4	0.010
932	0.4	0.4	0.012
933	0.4	0.4	0.013
934	0.4	0.4	0.012
935	0.4	0.4	0.007
936	0.4	0.4	0.004
937	0.3	0.4	0.003
938	0.3	0.4	0.002
939	0.3	0.4	0.001
940	0.3	0.4	0.000
941	0.3	0.4	0.001
942	0.3	0.4	0.004
943	0.3	0.4	0.010
944	0.4	0.4	0.010
945	0.4	0.4	0.010
946	0.4	0.4	0.011
947	0.4	0.4	0.010
948	0.4	0.4	0.010
949	0.4	0.4	0.009
950	0.3	0.4	0.008
951	0.4	0.4	0.007
952	0.4	0.4	0.007
953	0.4	0.4	0.007
954	0.4	0.4	0.009
955	0.4	0.4	0.010
956	0.4	0.4	0.012
957	0.4	0.4	0.013
958	0.4	0.4	0.012
959	0.4	0.4	0.007
960	0.4	0.4	0.004
961	0.3	0.4	0.003
962	0.3	0.4	0.002
963	0.4	0.4	0.001
964	0.4	0.4	0.000
965	0.4	0.4	0.001
966	0.4	0.4	0.004
967	0.4	0.4	0.010
968	0.4	0.4	0.010
969	0.4	0.4	0.010
970	0.4	0.4	0.011
971	0.4	0.4	0.010
972	0.4	0.4	0.010
973	0.4	0.4	0.009
974	0.3	0.4	0.008
975	0.3	0.4	0.007
976	0.3	0.4	0.007
977	0.3	0.4	0.007
978	0.4	0.4	0.009
979	0.4	0.4	0.010
980	0.4	0.4	0.012
981	0.4	0.4	0.013
982	0.4	0.4	0.012
983	0.4	0.4	0.007
984	0.4	0.4	0.004
985	0.4	0.4	0.003
986	0.4	0.4	0.002
987	0.4	0.4	0.001
988	0.4	0.4	0.000
989	0.4	0.4	0.001
990	0.4	0.4	0.004
991	0.4	0.4	0.010
992	0.4	0.4	0.010
993	0.4	0.4	0.010
994	0.4	0.4	0.011
995	0.4	0.4	0.010
996	0.4	0.4	0.010
997	0.4	0.4	0.009
998	0.4	0.4	0.008
999	0.4	0.4	0.007
1000	0.4	0.4	0.007
1001	0.4	0.4	0.007
1002	0.4	0.4	0.009
1003	0.4	0.4	0.010
1004	0.4	0.4	0.012
1005	0.4	0.4	0.013
1006	0.4	0.4	0.012
1007	0.4	0.4	0.007
1008	0.4	0.4	0.004
1009	0.3	0.4	0.003
1010	0.3	0.4	0.002
1011	0.3	0.4	0.001
1012	0.3	0.4	0.000
1013	0.3	0.4	0.001
1014	0.3	0.4	0.004
1015	0.3	0.4	0.010
1016	0.4	0.4	0.010
1017	0.4	0.4	0.010
1018	0.4	0.4	0.011
1019	0.3	0.4	0.010
1020	0.3	0.4	0.010
1021	0.3	0.4	0.009
1022	0.3	0.4	0.008
1023	0.3	0.4	0.007
1024	0.3	0.4	0.007
1025	0.3	0.4	0.007
1026	0.3	0.4	0.009
1027	0.3	0.4	0.010
1028	0.3	0.4	0.012
1029	0.3	0.4	0.013
1030	0.3	0.4	0.012
1031	0.3	0.4	0.007
1032	0.3	0.4	0.004
1033	0.2	0.4	0.003
1034	0.2	0.4	0.002
1035	0.3	0.4	0.001
1036	0.3	0.4	0.000
1037	0.2	0.4	0.001
1038	0.2	0.4	0.004
1039	0.3	0.4	0.010
1040	0.3	0.4	0.010
1041	0.3	0.4	0.010
1042	0.3	0.4	0.011
1043	0.3	0.4	0.010
1044	0.3	0.4	0.010
1045	0.3	0.4	0.009
1046	0.3	0.4	0.008
1047	0.3	0.4	0.007
1048	0.3	0.4	0.007
1049	0.4	0.4	0.007
1050	0.4	0.4	0.009
1051	0.4	0.4	0.010
1052	0.4	0.4	0.012
1053	0.4	0.4	0.013
1054	0.4	0.4	0.012
1055	0.4	0.4	0.007
1056	0.4	0.4	0.004
1057	0.3	0.4	0.003
1058	0.3	0.4	0.002
1059	0.3	0.4	0.001
1060	0.3	0.4	0.000
1061	0.3	0.4	0.001
1062	0.3	0.4	0.004
1063	0.3	0.4	0.010
1064	0.4	0.4	0.010
1065	0.3	0.4	0.010
1066	0.3	0.4	0.011
1067	0.3	0.4	0.010
1068	0.3	0.4	0.010
1069	0.3	0.4	0.009
1070	0.3	0.4	0.008
1071	0.3	0.4	0.007
1072	0.3	0.4	0.007
1073	0.3	0.4	0.007
1074	0.3	0.4	0.009
1075	0.3	0.4	0.010
1076	0.3	0.4	0.012
1077	0.3	0.4	0.013
1078	0.3	0.4	0.012
1079	0.3	0.4	0.007
1080	0.3	0.4	0.004
1081	0.2	0.4	0.003
1082	0.2	0.4	0.002
1083	0.2	0.4	0.001
1084	0.2	0.4	0.000
1085	0.2	0.4	0.001
1086	0.2	0.4	0.004
1087	0.2	0.4	0.010
1088	0.2	0.4	0.010
1089	0.2	0.4	0.010
1090	0.2	0.4	0.011
1091	0.2	0.4	0.010
1092	0.2	0.4	0.010
1093	0.2	0.4	0.009
1094	0.2	0.4	0.008
1095	0.1	0.4	0.007
1096	0.1	0.4	0.007
1097	0.1	0.4	0.007
1098	0.2	0.4	0.009
1099	0.2	0.4	0.010
1100	0.2	0.4	0.012
1101	0.2	0.4	0.013
1102	0.2	0.4	0.012
1103	0.2	0.4	0.007
1104	0.2	0.4	0.004
1105	0.2	0.4	0.003
1106	0.2	0.4	0.002
1107	0.2	0.4	0.001
1108	0.2	0.4	0.000
1109	0.2	0.4	0.001
1110	0.2	0.4	0.004
1111	0.2	0.4	0.010
1112	0.3	0.4	0.010
1113	0.3	0.4	0.010
1114	0.2	0.4	0.011
1115	0.2	0.4	0.010
1116	0.2	0.4	0.010
1117	0.2	0.4	0.009
1118	0.2	0.4	0.008
1119	0.2	0.4	0.007
1120	0.2	0.4	0.007
1121	0.2	0.4	0.007
1122	0.2	0.4	0.009
1123	0.2	0.4	0.010
1124	0.3	0.4	0.012
1125	0.3	0.4	0.013
1126	0.3	0.4	0.012
1127	0.3	0.4	0.007
1128	0.3	0.4	0.004
1129	0.2	0.4	0.003
1130	0.2	0.4	0.002
1131	0.3	0.4	0.001
1132	0.3	0.4	0.000
1133	0.3	0.4	0.001
1134	0.3	0.4	0.004
1135	0.3	0.4	0.010
1136	0.4	0.4	0.010
1137	0.3	0.4	0.010
1138	0.3	0.4	0.011
1139	0.3	0.4	0.010
1140	0.3	0.4	0.010
1141	0.3	0.4	0.009
1142	0.3	0.4	0.008
1143	0.3	0.4	0.007
1144	0.3	0.4	0.007
1145	0.3	0.4	0.007
1146	0.3	0.4	0.009
1147	0.3	0.4	0.010
1148	0.3	0.4	0.012
1149	0.3	0.4	0.013
1150	0.4	0.4	0.012
1151	0.4	0.4	0.007
1152	0.4	0.4	0.004
1153	0.3	0.4	0.003
1154	0.3	0.4	0.002
1155	0.3	0.4	0.001
1156	0.3	0.4	0.000
1157	0.3	0.4	0.001
1158	0.3	0.4	0.004
1159	0.3	0.4	0.010
1160	0.4	0.4	0.010
1161	0.4	0.4	0.010
1162	0.4	0.4	0.011
1163	0.4	0.4	0.010
1164	0.4	0.4	0.010
1165	0.4	0.4	0.009
1166	0.4	0.4	0.008
1167	0.4	0.4	0.007
1168	0.4	0.4	0.007
1169	0.4	0.4	0.007
1170	0.4	0.4	0.009
1171	0.4	0.4	0.010
1172	0.4	0.4	0.012
1173	0.4	0.4	0.013
1174	0.4	0.4	0.012
1175	0.4	0.4	0.007
1176	0.4	0.4	0.004
1177	0.4	0.4	0.003
1178	0.4	0.4	0.002
1179	0.4	0.4	0.001
1180	0.4	0.4	0.000
1181	0.4	0.4	0.001
1182	0.4	0.4	0.004
1183	0.4	0.4	0.010
1184	0.5	0.4	0.010
1185	0.5	0.4	0.010
1186	0.4	0.4	0.011
1187	0.4	0.4	0.010
1188	0.4	0.4	0.010
1189	0.4	0.4	0.009
1190	0.4	0.4	0.008
1191	0.4	0.4	0.007
1192	0.4	0.4	0.007
1193	0.4	0.4	0.007
1194	0.4	0.4	0.009
1195	0.4	0.4	0.010
1196	0.5	0.4	0.012
1197	0.5	0.4	0.013
1198	0.5	0.4	0.012
1199	0.5	0.4	0.007
1200	0.5	0.4	0.004
1201	0.4	0.4	0.003
1202	0.4	0.4	0.002
1203	0.4	0.4	0.001
1204	0.4	0.4	0.000
1205	0.4	0.4	0.001
1206	0.4	0.4	0.004
1207	0.4	0.4	0.010
1208	0.5	0.4	0.010
1209	0.5	0.4	0.010
1210	0.5	0.4	0.011
1211	0.5	0.4	0.010
1212	0.5	0.4	0.010
1213	0.5	0.4	0.009
1214	0.5	0.4	0.008
1215	0.5	0.4	0.007
1216	0.5	0.4	0.007
1217	0.5	0.4	0.007
1218	0.5	0.4	0.009
1219	0.5	0.4	0.010
1220	0.5	0.4	0.012
1221	0.5	0.4	0.013
1222	0.5	0.4	0.012
1223	0.5	0.4	0.007
1224	0.5	0.4	0.004
1225	0.4	0.4	0.003
1226	0.4	0.4	0.002
1227	0.4	0.4	0.001
1228	0.4	0.4	0.000
1229	0.4	0.4	0.001
1230	0.4	0.4	0.004
1231	0.4	0.4	0.010
1232	0.4	0.4	0.010
1233	0.4	0.4	0.010
1234	0.4	0.4	0.011
1235	0.4	0.4	0.010
1236	0.4	0.4	0.010
1237	0.4	0.4	0.009
1238	0.4	0.4	0.008
1239	0.4	0.4	0.007
1240	0.4	0.4	0.007
1241	0.4	0.4	0.007
1242	0.4	0.4	0.009
1243	0.3	0.4	0.010
1244	0.3	0.4	0.012
1245	0.3	0.4	0.013
1246	0.3	0.4	0.012
1247	0.3	0.4	0.007
1248	0.3	0.4	0.004
1249	0.2	0.4	0.003
1250	0.2	0.4	0.002
1251	0.2	0.4	0.001
1252	0.2	0.4	0.000
1253	0.2	0.4	0.001
1254	0.2	0.4	0.004
1255	0.2	0.4	0.010
1256	0.3	0.4	0.010
1257	0.3	0.4	0.010
1258	0.2	0.4	0.011
1259	0.2	0.4	0.010
1260	0.2	0.4	0.010
1261	0.2	0.4	0.009
1262	0.2	0.4	0.008
1263	0.2	0.4	0.007
1264	0.2	0.4	0.007
1265	0.2	0.4	0.007
1266	0.2	0.4	0.009
1267	0.2	0.4	0.010
1268	0.3	0.4	0.012
1269	0.3	0.4	0.013
1270	0.3	0.4	0.012
1271	0.3	0.4	0.007
1272	0.3	0.4	0.004
1273	0.2	0.4	0.003
1274	0.2	0.4	0.002
1275	0.2	0.4	0.001
1276	0.2	0.4	0.000
1277	0.2	0.4	0.001
1278	0.2	0.4	0.004
1279	0.2	0.4	0.010
1280	0.3	0.4	0.010
1281	0.3	0.4	0.010
1282	0.3	0.4	0.011
1283	0.3	0.4	0.010
1284	0.3	0.4	0.010
1285	0.3	0.4	0.009
1286	0.3	0.4	0.008
1287	0.2	0.4	0.007
1288	0.2	0.4	0.007
1289	0.3	0.4	0.007
1290	0.3	0.4	0.009
1291	0.3	0.4	0.010
1292	0.3	0.4	0.012
1293	0.3	0.4	0.013
1294	0.3	0.4	0.012
1295	0.3	0.4	0.007
1296	0.3	0.4	0.004
1297	0.2	0.4	0.003
1298	0.2	0.4	0.002
1299	0.2	0.4	0.001
1300	0.3	0.4	0.000
1301	0.3	0.4	0.001
1302	0.3	0.4	0.004
1303	0.3	0.4	0.010
1304	0.4	0.4	0.010
1305	0.4	0.4	0.010
1306	0.4	0.4	0.011
1307	0.3	0.4	0.010
1308	0.3	0.4	0.010
1309	0.3	0.4	0.009
1310	0.3	0.4	0.008
1311	0.3	0.4	0.007
1312	0.3	0.4	0.007
1313	0.3	0.4	0.007
1314	0.3	0.4	0.009
1315	0.3	0.4	0.010
1316	0.3	0.4	0.012
1317	0.3	0.4	0.013
1318	0.3	0.4	0.012
1319	0.4	0.4	0.007
1320	0.3	0.4	0.004
1321	0.3	0.4	0.003
1322	0.3	0.4	0.002
1323	0.3	0.4	0.001
1324	0.3	0.4	0.000
1325	0.3	0.4	0.001
1326	0.3	0.4	0.004
1327	0.3	0.4	0.010
1328	0.3	0.4	0.010
1329	0.3	0.4	0.010
1330	0.3	0.4	0.011
1331	0.3	0.4	0.010
1332	0.2	0.4	0.010
1333	0.2	0.4	0.009
1334	0.2	0.4	0.008
1335	0.2	0.4	0.007
1336	0.2	0.4	0.007
1337	0.2	0.4	0.007
1338	0.2	0.4	0.009
1339	0.2	0.4	0.010
1340	0.3	0.4	0.012
1341	0.3	0.4	0.013
1342	0.3	0.4	0.012
1343	0.3	0.4	0.007
1344	0.3	0.4	0.004
1345	0.2	0.4	0.003
1346	0.2	0.4	0.002
1347	0.2	0.4	0.001
1348	0.2	0.4	0.000
1349	0.2	0.4	0.001
1350	0.2	0.4	0.004
1351	0.2	0.4	0.010
1352	0.3	0.4	0.010
1353	0.3	0.4	0.010
1354	0.3	0.4	0.011
1355	0.3	0.4	0.010
1356	0.3	0.4	0.010
1357	0.3	0.4	0.009
1358	0.3	0.4	0.008
1359	0.3	0.4	0.007
1360	0.3	0.4	0.007
1361	0.3	0.4	0.007
1362	0.3	0.4	0.009
1363	0.3	0.4	0.010
1364	0.3	0.4	0.012
1365	0.4	0.4	0.013
1366	0.4	0.4	0.012
1367	0.4	0.4	0.007
1368	0.4	0.4	0.004
1369	0.3	0.4	0.003
1370	0.4	0.4	0.002
1371	0.3	0.4	0.001
1372	0.3	0.4	0.000
1373	0.3	0.4	0.001
1374	0.3	0.4	0.004
1375	0.3	0.4	0.010
1376	0.4	0.3	0.010
1377	0.4	0.3	0.010
1378	0.4	0.3	0.011
1379	0.4	0.3	0.010
1380	0.4	0.3	0.010
1381	0.4	0.3	0.009
1382	0.4	0.3	0.008
1383	0.3	0.3	0.007
1384	0.4	0.3	0.007
1385	0.4	0.3	0.007
1386	0.4	0.3	0.009
1387	0.4	0.3	0.010
1388	0.4	0.3	0.012
1389	0.5	0.3	0.013
1390	0.5	0.3	0.012
1391	0.5	0.3	0.007
1392	0.5	0.3	0.004
1393	0.4	0.3	0.003
1394	0.4	0.3	0.002
1395	0.4	0.3	0.001
1396	0.5	0.3	0.000
1397	0.5	0.3	0.001
1398	0.4	0.3	0.004
1399	0.4	0.3	0.010
1400	0.5	0.3	0.010
1401	0.5	0.3	0.010
1402	0.5	0.3	0.011
1403	0.5	0.3	0.010
1404	0.4	0.3	0.010
1405	0.4	0.3	0.009
1406	0.4	0.3	0.008
1407	0.4	0.3	0.007
1408	0.3	0.3	0.007
1409	0.3	0.3	0.007
1410	0.4	0.3	0.009
1411	0.4	0.3	0.010
1412	0.4	0.3	0.012
1413	0.4	0.3	0.013
1414	0.4	0.3	0.012
1415	0.4	0.3	0.007
1416	0.4	0.3	0.004
1417	0.2	0.3	0.003
1418	0.2	0.3	0.002
1419	0.2	0.3	0.001
1420	0.2	0.3	0.000
1421	0.2	0.3	0.001
1422	0.2	0.3	0.004
1423	0.2	0.3	0.010
1424	0.3	0.3	0.010
1425	0.3	0.3	0.010
1426	0.2	0.3	0.011
1427	0.2	0.3	0.010
1428	0.2	0.3	0.010
1429	0.2	0.3	0.009
1430	0.2	0.3	0.008
1431	0.2	0.3	0.007
1432	0.2	0.3	0.007
1433	0.2	0.3	0.007
1434	0.2	0.3	0.009
1435	0.2	0.3	0.010
1436	0.2	0.3	0.012
1437	0.2	0.3	0.013
1438	0.2	0.3	0.012
1439	0.2	0.3	0.007
1440	0.2	0.3	0.004
1441	0.2	0.3	0.003
1442	0.2	0.3	0.002
1443	0.2	0.3	0.001
1444	0.2	0.3	0.000
1445	0.2	0.3	0.001
1446	0.2	0.3	0.004
1447	0.2	0.3	0.010
1448	0.3	0.3	0.010
1449	0.3	0.3	0.010
1450	0.2	0.3	0.011
1451	0.2	0.3	0.010
1452	0.2	0.3	0.010
1453	0.2	0.3	0.009
1454	0.2	0.3	0.008
1455	0.2	0.3	0.007
1456	0.2	0.3	0.007
1457	0.2	0.3	0.007
1458	0.2	0.3	0.009
1459	0.2	0.3	0.010
1460	0.2	0.3	0.012
1461	0.3	0.3	0.013
1462	0.3	0.3	0.012
1463	0.3	0.3	0.007
1464	0.3	0.3	0.004
1465	0.2	0.3	0.003
1466	0.2	0.3	0.002
1467	0.2	0.3	0.001
1468	0.2	0.3	0.000
1469	0.2	0.3	0.001
1470	0.2	0.3	0.004
1471	0.3	0.3	0.010
1472	0.3	0.3	0.010
1473	0.3	0.3	0.010
1474	0.3	0.3	0.011
1475	0.3	0.3	0.010
1476	0.3	0.3	0.010
1477	0.3	0.3	0.009
1478	0.3	0.3	0.008
1479	0.3	0.3	0.007
1480	0.3	0.3	0.007
1481	0.3	0.3	0.007
1482	0.3	0.3	0.009
1483	0.3	0.3	0.010
1484	0.3	0.3	0.012
1485	0.3	0.3	0.013
1486	0.3	0.3	0.012
1487	0.3	0.3	0.007
1488	0.3	0.3	0.004
1489	0.2	0.3	0.003
1490	0.2	0.3	0.002
1491	0.2	0.3	0.001
1492	0.2	0.3	0.000
1493	0.2	0.3	0.001
1494	0.2	0.3	0.004
1495	0.2	0.3	0.010
1496	0.3	0.3	0.010
1497	0.3	0.3	0.010
1498	0.3	0.3	0.011
1499	0.2	0.3	0.010
1500	0.2	0.3	0.010
1501	0.2	0.3	0.009
1502	0.2	0.3	0.008
1503	0.2	0.3	0.007
1504	0.2	0.3	0.007
1505	0.2	0.3	0.007
1506	0.2	0.3	0.009
1507	0.3	0.3	0.010
1508	0.3	0.3	0.012
1509	0.3	0.3	0.013
1510	0.3	0.3	0.012
1511	0.3	0.3	0.007
1512	0.3	0.3	0.004
1513	0.2	0.3	0.003
1514	0.2	0.3	0.002
1515	0.2	0.3	0.001
1516	0.2	0.3	0.000
1517	0.2	0.3	0.001
1518	0.2	0.3	0.004
1519	0.2	0.3	0.010
1520	0.3	0.3	0.010
1521	0.3	0.3	0.010
1522	0.3	0.3	0.011
1523	0.2	0.3	0.010
1524	0.2	0.3	0.010
1525	0.2	0.3	0.009
1526	0.2	0.3	0.008
1527	0.2	0.3	0.007
1528	0.2	0.3	0.007
1529	0.2	0.3	0.007
1530	0.2	0.3	0.009
1531	0.2	0.3	0.010
1532	0.2	0.3	0.012
1533	0.2	0.3	0.013
1534	0.2	0.3	0.012
1535	0.2	0.3	0.007
1536	0.2	0.3	0.004
1537	0.2	0.3	0.003
1538	0.2	0.3	0.002
1539	0.2	0.3	0.001
1540	0.2	0.3	0.000
1541	0.2	0.3	0.001
1542	0.2	0.3	0.004
1543	0.2	0.3	0.010
1544	0.2	0.3	0.010
1545	0.2	0.3	0.010
1546	0.2	0.3	0.011
1547	0.2	0.3	0.010
1548	0.2	0.3	0.010
1549	0.2	0.3	0.009
1550	0.2	0.3	0.008
1551	0.2	0.3	0.007
1552	0.2	0.3	0.007
1553	0.2	0.3	0.007
1554	0.2	0.3	0.009
1555	0.2	0.3	0.010
1556	0.2	0.3	0.012
1557	0.2	0.3	0.013
1558	0.2	0.3	0.012
1559	0.2	0.3	0.007
1560	0.2	0.3	0.004
1561	0.2	0.3	0.003
1562	0.2	0.3	0.002
1563	0.2	0.3	0.001
1564	0.2	0.3	0.000
1565	0.2	0.3	0.001
1566	0.2	0.3	0.004
1567	0.2	0.3	0.010
1568	0.2	0.3	0.010
1569	0.2	0.3	0.010
1570	0.2	0.3	0.011
1571	0.2	0.3	0.010
1572	0.2	0.3	0.010
1573	0.2	0.3	0.009
1574	0.2	0.3	0.008
1575	0.2	0.3	0.007
1576	0.2	0.3	0.007
1577	0.2	0.3	0.007
1578	0.2	0.3	0.009
1579	0.2	0.3	0.010
1580	0.2	0.3	0.012
1581	0.2	0.3	0.013
1582	0.2	0.3	0.012
1583	0.2	0.3	0.007
1584	0.2	0.3	0.004
1585	0.1	0.3	0.003
1586	0.2	0.3	0.002
1587	0.2	0.3	0.001
1588	0.2	0.3	0.000
1589	0.2	0.3	0.001
1590	0.2	0.3	0.004
1591	0.2	0.3	0.010
1592	0.2	0.3	0.010
1593	0.2	0.3	0.010
1594	0.2	0.3	0.011
1595	0.2	0.3	0.010
1596	0.2	0.3	0.010
1597	0.2	0.3	0.009
1598	0.2	0.3	0.008
1599	0.2	0.3	0.007
1600	0.2	0.3	0.007
1601	0.2	0.3	0.007
1602	0.2	0.3	0.009
1603	0.2	0.3	0.010
1604	0.2	0.3	0.012
1605	0.2	0.3	0.013
1606	0.2	0.3	0.012
1607	0.3	0.3	0.007
1608	0.3	0.3	0.004
1609	0.2	0.3	0.003
1610	0.2	0.3	0.002
1611	0.2	0.3	0.001
1612	0.2	0.3	0.000
1613	0.2	0.3	0.001
1614	0.2	0.3	0.004
1615	0.2	0.3	0.010
1616	0.3	0.3	0.010
1617	0.3	0.3	0.010
1618	0.2	0.3	0.011
1619	0.2	0.3	0.010
1620	0.2	0.3	0.010
1621	0.2	0.3	0.009
1622	0.2	0.3	0.008
1623	0.2	0.3	0.007
1624	0.2	0.3	0.007
1625	0.2	0.3	0.007
1626	0.2	0.3	0.009
1627	0.2	0.3	0.010
1628	0.2	0.3	0.012
1629	0.2	0.3	0.013
1630	0.2	0.3	0.012
1631	0.2	0.3	0.007
1632	0.2	0.3	0.004
1633	0.2	0.3	0.003
1634	0.2	0.3	0.002
1635	0.2	0.3	0.001
1636	0.2	0.3	0.000
1637	0.2	0.3	0.001
1638	0.2	0.3	0.004
1639	0.2	0.3	0.010
1640	0.3	0.3	0.010
1641	0.3	0.3	0.010
1642	0.2	0.3	0.011
1643	0.2	0.3	0.010
1644	0.2	0.3	0.010
1645	0.2	0.3	0.009
1646	0.2	0.3	0.008
1647	0.2	0.3	0.007
1648	0.2	0.3	0.007
1649	0.2	0.3	0.007
1650	0.2	0.3	0.009
1651	0.2	0.3	0.010
1652	0.2	0.3	0.012
1653	0.2	0.3	0.013
1654	0.2	0.3	0.012
1655	0.2	0.3	0.007
1656	0.2	0.3	0.004
1657	0.2	0.3	0.003
1658	0.2	0.3	0.002
1659	0.2	0.3	0.001
1660	0.2	0.3	0.000
1661	0.2	0.3	0.001
1662	0.2	0.3	0.004
1663	0.2	0.3	0.010
1664	0.2	0.3	0.010
1665	0.2	0.3	0.010
1666	0.2	0.3	0.011
1667	0.2	0.3	0.010
1668	0.2	0.3	0.010
1669	0.2	0.3	0.009
1670	0.1	0.3	0.008
1671	0.1	0.3	0.007
1672	0.1	0.3	0.007
1673	0.2	0.3	0.007
1674	0.2	0.3	0.009
1675	0.2	0.3	0.010
1676	0.2	0.3	0.012
1677	0.2	0.3	0.013
1678	0.2	0.3	0.012
1679	0.2	0.3	0.007
1680	0.2	0.3	0.004
1681	0.2	0.3	0.003
1682	0.2	0.3	0.002
1683	0.2	0.3	0.001
1684	0.2	0.3	0.000
1685	0.2	0.3	0.001
1686	0.2	0.3	0.004
1687	0.2	0.3	0.010
1688	0.2	0.3	0.010
1689	0.2	0.3	0.010
1690	0.2	0.3	0.011
1691	0.2	0.3	0.010
1692	0.2	0.3	0.010
1693	0.1	0.3	0.009
1694	0.1	0.3	0.008
1695	0.1	0.3	0.007
1696	0.1	0.3	0.007
1697	0.1	0.3	0.007
1698	0.1	0.3	0.009
1699	0.1	0.3	0.010
1700	0.1	0.3	0.012
1701	0.1	0.3	0.013
1702	0.2	0.3	0.012
1703	0.2	0.3	0.007
1704	0.2	0.3	0.004
1705	0.1	0.3	0.003
1706	0.1	0.3	0.002
1707	0.1	0.3	0.001
1708	0.1	0.3	0.000
1709	0.1	0.3	0.001
1710	0.1	0.3	0.004
1711	0.1	0.3	0.010
1712	0.1	0.3	0.010
1713	0.1	0.3	0.010
1714	0.1	0.3	0.011
1715	0.1	0.3	0.010
1716	0.1	0.3	0.010
1717	0.1	0.3	0.009
1718	0.1	0.3	0.008
1719	0.1	0.3	0.007
1720	0.1	0.3	0.007
1721	0.1	0.3	0.007
1722	0.1	0.3	0.009
1723	0.1	0.3	0.010
1724	0.1	0.3	0.012
1725	0.1	0.3	0.013
1726	0.1	0.3	0.012
1727	0.1	0.3	0.007
1728	0.1	0.3	0.004
1729	0.1	0.3	0.003
1730	0.1	0.3	0.002
1731	0.1	0.3	0.001
1732	0.1	0.3	0.000
1733	0.1	0.3	0.001
1734	0.1	0.3	0.004
1735	0.1	0.3	0.010
1736	0.1	0.3	0.010
1737	0.1	0.3	0.010
1738	0.1	0.3	0.011
1739	0.1	0.3	0.010
1740	0.1	0.3	0.010
1741	0.1	0.3	0.009
1742	0.1	0.3	0.008
1743	0.1	0.3	0.007
1744	0.1	0.3	0.007
1745	0.1	0.3	0.007
1746	0.1	0.3	0.009
1747	0.1	0.3	0.010
1748	0.1	0.3	0.012
1749	0.1	0.3	0.013
1750	0.1	0.3	0.012
1751	0.1	0.3	0.007
1752	0.2	0.3	0.004
1753	0.1	0.3	0.003
1754	0.1	0.3	0.002
1755	0.1	0.3	0.001
1756	0.1	0.3	0.000
1757	0.1	0.3	0.001
1758	0.1	0.3	0.004
1759	0.1	0.3	0.010
1760	0.2	0.3	0.010
1761	0.2	0.3	0.010
1762	0.2	0.3	0.011
1763	0.1	0.3	0.010
1764	0.1	0.3	0.010
1765	0.1	0.3	0.009
1766	0.1	0.3	0.008
1767	0.1	0.3	0.007
1768	0.1	0.3	0.007
1769	0.1	0.3	0.007
1770	0.1	0.3	0.009
1771	0.1	0.3	0.010
1772	0.2	0.3	0.012
1773	0.2	0.3	0.013
1774	0.2	0.3	0.012
1775	0.2	0.3	0.007
1776	0.2	0.3	0.004
1777	0.2	0.3	0.003
1778	0.2	0.3	0.002
1779	0.2	0.3	0.001
1780	0.2	0.3	0.000
1781	0.2	0.3	0.001
1782	0.2	0.3	0.004
1783	0.2	0.3	0.010
1784	0.2	0.3	0.010
1785	0.2	0.3	0.010
1786	0.2	0.3	0.011
1787	0.2	0.3	0.010
1788	0.2	0.3	0.010
1789	0.2	0.3	0.009
1790	0.2	0.3	0.008
1791	0.2	0.3	0.007
1792	0.2	0.3	0.007
1793	0.2	0.3	0.007
1794	0.2	0.3	0.009
1795	0.2	0.3	0.010
1796	0.2	0.3	0.012
1797	0.2	0.3	0.013
1798	0.2	0.3	0.012
1799	0.2	0.3	0.007
1800	0.2	0.3	0.004
1801	0.2	0.3	0.003
1802	0.2	0.3	0.002
1803	0.2	0.3	0.001
1804	0.2	0.3	0.000
1805	0.2	0.3	0.001
1806	0.2	0.3	0.004
1807	0.1	0.3	0.010
1808	0.2	0.3	0.010
1809	0.2	0.3	0.010
1810	0.2	0.3	0.011
1811	0.2	0.3	0.010
1812	0.1	0.3	0.010
1813	0.1	0.3	0.009
1814	0.1	0.3	0.008
1815	0.1	0.3	0.007
1816	0.1	0.3	0.007
1817	0.1	0.3	0.007
1818	0.1	0.3	0.009
1819	0.1	0.3	0.010
1820	0.1	0.3	0.012
1821	0.1	0.3	0.013
1822	0.1	0.3	0.012
1823	0.1	0.3	0.007
1824	0.1	0.3	0.004
1825	0.1	0.3	0.003
1826	0.1	0.3	0.002
1827	0.1	0.3	0.001
1828	0.1	0.3	0.000
1829	0.1	0.3	0.001
1830	0.1	0.3	0.004
1831	0.1	0.3	0.010
1832	0.1	0.3	0.010
1833	0.1	0.3	0.010
1834	0.1	0.3	0.011
1835	0.1	0.3	0.010
1836	0.1	0.3	0.010
1837	0.1	0.3	0.009
1838	0.1	0.3	0.008
1839	0.1	0.3	0.007
1840	0.1	0.3	0.007
1841	0.1	0.3	0.007
1842	0.1	0.3	0.009
1843	0.1	0.3	0.010
1844	0.1	0.3	0.012
1845	0.1	0.3	0.013
1846	0.1	0.3	0.012
1847	0.1	0.3	0.007
1848	0.1	0.3	0.004
1849	0.1	0.3	0.003
1850	0.1	0.3	0.002
1851	0.1	0.3	0.001
1852	0.1	0.3	0.000
1853	0.1	0.3	0.001
1854	0.1	0.3	0.004
1855	0.1	0.3	0.010
1856	0.1	0.3	0.010
1857	0.1	0.3	0.010
1858	0.1	0.3	0.011
1859	0.1	0.3	0.010
1860	0.1	0.3	0.010
1861	0.1	0.3	0.009
1862	0.1	0.3	0.008
1863	0.1	0.3	0.007
1864	0.1	0.3	0.007
1865	0.1	0.3	0.007
1866	0.1	0.3	0.009
1867	0.1	0.3	0.010
1868	0.2	0.3	0.012
1869	0.2	0.3	0.013
1870	0.2	0.3	0.012
1871	0.2	0.3	0.007
1872	0.2	0.3	0.004
1873	0.2	0.3	0.003
1874	0.2	0.3	0.002
1875	0.2	0.3	0.001
1876	0.2	0.3	0.000
1877	0.2	0.3	0.001
1878	0.2	0.3	0.004
1879	0.2	0.3	0.010
1880	0.2	0.3	0.010
1881	0.2	0.3	0.010
1882	0.2	0.3	0.011
1883	0.2	0.3	0.010
1884	0.1	0.3	0.010
1885	0.1	0.3	0.009
1886	0.1	0.3	0.008
1887	0.1	0.3	0.007
1888	0.1	0.3	0.007
1889	0.1	0.3	0.007
1890	0.1	0.3	0.009
1891	0.2	0.3	0.010
1892	0.2	0.3	0.012
1893	0.2	0.3	0.013
1894	0.2	0.3	0.012
1895	0.2	0.3	0.007
1896	0.2	0.3	0.004
1897	0.1	0.3	0.003
1898	0.1	0.3	0.002
1899	0.1	0.3	0.001
1900	0.1	0.3	0.000
1901	0.1	0.3	0.001
1902	0.1	0.3	0.004
1903	0.1	0.3	0.010
1904	0.2	0.3	0.010
1905	0.2	0.3	0.010
1906	0.2	0.3	0.011
1907	0.1	0.3	0.010
1908	0.1	0.3	0.010
1909	0.1	0.3	0.009
1910	0.1	0.3	0.008
1911	0.1	0.3	0.007
1912	0.1	0.3	0.007
1913	0.1	0.3	0.007
1914	0.1	0.3	0.009
1915	0.1	0.3	0.010
1916	0.1	0.3	0.012
1917	0.1	0.3	0.013
1918	0.1	0.3	0.012
1919	0.2	0.3	0.007
1920	0.2	0.3	0.004
1921	0.1	0.3	0.003
1922	0.1	0.3	0.002
1923	0.1	0.3	0.001
1924	0.2	0.3	0.000
1925	0.2	0.3	0.001
1926	0.2	0.3	0.004
1927	0.2	0.3	0.010
1928	0.2	0.3	0.010
1929	0.2	0.3	0.010
1930	0.2	0.3	0.011
1931	0.2	0.3	0.010
1932	0.2	0.3	0.010
1933	0.2	0.3	0.009
1934	0.2	0.3	0.008
1935	0.2	0.3	0.007
1936	0.2	0.3	0.007
1937	0.2	0.3	0.007
1938	0.2	0.3	0.009
1939	0.2	0.3	0.010
1940	0.2	0.3	0.012
1941	0.2	0.3	0.013
1942	0.2	0.3	0.012
1943	0.3	0.3	0.007
1944	0.3	0.3	0.004
1945	0.2	0.3	0.003
1946	0.2	0.3	0.002
1947	0.2	0.3	0.001
1948	0.2	0.3	0.000
1949	0.2	0.3	0.001
1950	0.2	0.3	0.004
1951	0.2	0.3	0.010
1952	0.3	0.3	0.010
1953	0.2	0.3	0.010
1954	0.2	0.3	0.011
1955	0.2	0.3	0.010
1956	0.2	0.3	0.010
1957	0.2	0.3	0.009
1958	0.2	0.3	0.008
1959	0.2	0.3	0.007
1960	0.2	0.3	0.007
1961	0.2	0.3	0.007
1962	0.2	0.3	0.009
1963	0.2	0.3	0.010
1964	0.2	0.3	0.012
1965	0.2	0.3	0.013
1966	0.2	0.3	0.012
1967	0.2	0.3	0.007
1968	0.2	0.3	0.004
1969	0.2	0.3	0.003
1970	0.2	0.3	0.002
1971	0.2	0.3	0.001
1972	0.2	0.3	0.000
1973	0.2	0.3	0.001
1974	0.2	0.3	0.004
1975	0.2	0.3	0.010
1976	0.3	0.3	0.010
1977	0.3	0.3	0.010
1978	0.2	0.3	0.011
1979	0.2	0.3	0.010
1980	0.2	0.3	0.010
1981	0.2	0.3	0.009
1982	0.2	0.3	0.008
1983	0.2	0.3	0.007
1984	0.2	0.3	0.007
1985	0.2	0.3	0.007
1986	0.2	0.3	0.009
1987	0.2	0.3	0.010
1988	0.2	0.3	0.012
1989	0.3	0.3	0.013
1990	0.3	0.3	0.012
1991	0.3	0.3	0.007
1992	0.3	0.3	0.004
1993	0.2	0.3	0.003
1994	0.2	0.3	0.002
1995	0.2	0.3	0.001
1996	0.2	0.3	0.000
1997	0.2	0.3	0.001
1998	0.2	0.3	0.004
1999	0.2	0.3	0.010
2000	0.3	0.3	0.010
2001	0.3	0.3	0.010
2002	0.3	0.3	0.011
2003	0.2	0.3	0.010
2004	0.2	0.3	0.010
2005	0.2	0.3	0.009
2006	0.2	0.3	0.008
2007	0.2	0.3	0.007
2008	0.2	0.3	0.007
2009	0.2	0.3	0.007
2010	0.2	0.3	0.009
2011	0.2	0.3	0.010
2012	0.2	0.3	0.012
2013	0.2	0.3	0.013
2014	0.2	0.3	0.012
2015	0.2	0.3	0.007
2016	0.2	0.3	0.004
2017	0.1	0.3	0.003
2018	0.1	0.3	0.002
2019	0.1	0.3	0.001
2020	0.1	0.3	0.000
2021	0.1	0.3	0.001
2022	0.1	0.3	0.004
2023	0.1	0.3	0.010
2024	0.2	0.3	0.010
2025	0.2	0.3	0.010
2026	0.2	0.3	0.011
2027	0.2	0.3	0.010
2028	0.1	0.3	0.010
2029	0.1	0.3	0.009
2030	0.1	0.3	0.008
2031	0.1	0.3	0.007
2032	0.1	0.3	0.007
2033	0.1	0.3	0.007
2034	0.1	0.3	0.009
2035	0.1	0.3	0.010
2036	0.1	0.3	0.012
2037	0.1	0.3	0.013
2038	0.2	0.3	0.012
2039	0.2	0.3	0.007
2040	0.2	0.3	0.004
2041	0.1	0.3	0.003
2042	0.1	0.3	0.002
2043	0.1	0.3	0.001
2044	0.1	0.3	0.000
2045	0.1	0.3	0.001
2046	0.1	0.3	0.004
2047	0.1	0.3	0.010
2048	0.2	0.3	0.010
2049	0.2	0.3	0.010
2050	0.2	0.3	0.011
2051	0.1	0.3	0.010
2052	0.1	0.3	0.010
2053	0.1	0.3	0.009
2054	0.1	0.3	0.008
2055	0.1	0.3	0.007
2056	0.1	0.3	0.007
2057	0.1	0.3	0.007
2058	0.1	0.3	0.009
2059	0.1	0.3	0.010
2060	0.1	0.3	0.012
2061	0.1	0.3	0.013
2062	0.1	0.3	0.012
2063	0.2	0.3	0.007
2064	0.2	0.3	0.004
2065	0.1	0.3	0.003
2066	0.1	0.3	0.002
2067	0.1	0.3	0.001
2068	0.1	0.3	0.000
2069	0.1	0.3	0.001
2070	0.1	0.3	0.004
2071	0.1	0.3	0.010
2072	0.2	0.3	0.010
2073	0.1	0.3	0.010
2074	0.1	0.3	0.011
2075	0.1	0.3	0.010
2076	0.1	0.3	0.010
2077	0.1	0.3	0.009
2078	0.1	0.3	0.008
2079	0.1	0.3	0.007
2080	0.1	0.3	0.007
2081	0.1	0.3	0.007
2082	0.1	0.3	0.009
2083	0.1	0.3	0.010
2084	0.1	0.3	0.012
2085	0.2	0.3	0.013
2086	0.2	0.3	0.012
2087	0.2	0.3	0.007
2088	0.2	0.3	0.004
2089	0.1	0.3	0.003
2090	0.1	0.3	0.002
2091	0.1	0.3	0.001
2092	0.1	0.3	0.000
2093	0.1	0.3	0.001
2094	0.1	0.3	0.004
2095	0.1	0.3	0.010
2096	0.2	0.3	0.010
2097	0.2	0.3	0.010
2098	0.1	0.3	0.011
2099	0.1	0.3	0.010
2100	0.1	0.3	0.010
2101	0.1	0.3	0.009
2102	0.1	0.3	0.008
2103	0.1	0.3	0.007
2104	0.1	0.3	0.007
2105	0.1	0.3	0.007
2106	0.1	0.3	0.009
2107	0.1	0.3	0.010
2108	0.1	0.3	0.012
2109	0.1	0.3	0.013
2110	0.1	0.3	0.012
2111	0.1	0.3	0.007
2112	0.1	0.3	0.004
2113	0.1	0.3	0.003
2114	0.1	0.3	0.002
2115	0.1	0.3	0.001
2116	0.1	0.3	0.000
2117	0.1	0.3	0.001
2118	0.1	0.3	0.004
2119	0.1	0.3	0.010
2120	0.2	0.3	0.010
2121	0.1	0.3	0.010
2122	0.2	0.3	0.011
2123	0.1	0.3	0.010
2124	0.1	0.3	0.010
2125	0.1	0.3	0.009
2126	0.1	0.3	0.008
2127	0.1	0.3	0.007
2128	0.1	0.3	0.007
2129	0.1	0.3	0.007
2130	0.1	0.3	0.009
2131	0.1	0.3	0.010
2132	0.1	0.3	0.012
2133	0.1	0.3	0.013
2134	0.1	0.3	0.012
2135	0.1	0.3	0.007
2136	0.1	0.3	0.004
2137	0.1	0.3	0.003
2138	0.1	0.3	0.002
2139	0.1	0.3	0.001
2140	0.1	0.3	0.000
2141	0.1	0.3	0.001
2142	0.1	0.3	0.004
2143	0.1	0.3	0.010
2144	0.2	0.3	0.010
2145	0.1	0.3	0.010
2146	0.1	0.3	0.011
2147	0.1	0.3	0.010
2148	0.1	0.3	0.010
2149	0.1	0.3	0.009
2150	0.1	0.3	0.008
2151	0.0	0.3	0.007
2152	0.0	0.3	0.007
2153	0.1	0.3	0.007
2154	0.1	0.3	0.009
2155	0.1	0.3	0.010
2156	0.1	0.3	0.012
2157	0.1	0.3	0.013
2158	0.1	0.3	0.012
2159	0.1	0.3	0.007
2160	0.1	0.3	0.004
2161	0.0	0.3	0.003
2162	0.0	0.3	0.002
2163	0.0	0.3	0.001
2164	0.0	0.3	0.000
2165	0.0	0.3	0.001
2166	0.0	0.3	0.004
2167	0.0	0.3	0.010
2168	0.0	0.3	0.010
2169	0.0	0.3	0.010
2170	0.0	0.3	0.011
2171	0.0	0.3	0.010
2172	0.0	0.3	0.010
2173	0.0	0.3	0.009
2174	0.0	0.3	0.008
2175	0.0	0.3	0.007
2176	0.0	0.3	0.007
2177	0.0	0.3	0.007
2178	0.0	0.3	0.009
2179	0.0	0.3	0.010
2180	0.0	0.3	0.012
2181	0.0	0.3	0.013
2182	0.1	0.3	0.012
2183	0.1	0.3	0.007
2184	0.1	0.3	0.004
2185	0.0	0.3	0.003
2186	0.0	0.3	0.002
2187	0.0	0.3	0.001
2188	0.0	0.3	0.000
2189	0.0	0.3	0.001
2190	0.0	0.3	0.004
2191	0.0	0.3	0.010
2192	0.1	0.3	0.010
2193	0.0	0.3	0.010
2194	0.0	0.3	0.011
2195	0.0	0.3	0.010
2196	0.0	0.3	0.010
2197	0.0	0.3	0.009
2198	0.0	0.3	0.008
2199	0.0	0.3	0.007
2200	0.0	0.3	0.007
2201	0.0	0.3	0.007
2202	0.0	0.3	0.009
2203	0.0	0.3	0.010
2204	0.0	0.3	0.012
2205	0.0	0.3	0.013
2206	0.0	0.3	0.012
2207	0.0	0.3	0.007
2208	0.0	0.3	0.004
2209	0.0	0.3	0.003
2210	0.0	0.3	0.002
2211	0.0	0.3	0.001
2212	0.0	0.3	0.000
2213	0.0	0.3	0.001
2214	0.0	0.3	0.004
2215	0.0	0.3	0.010
2216	0.0	0.3	0.010
2217	0.0	0.3	0.010
2218	0.0	0.3	0.011
2219	0.0	0.3	0.010
2220	0.0	0.3	0.010
2221	0.0	0.3	0.009
2222	0.0	0.3	0.008
2223	0.0	0.3	0.007
2224	0.0	0.3	0.007
2225	0.0	0.3	0.007
2226	0.0	0.3	0.009
2227	0.0	0.3	0.010
2228	0.0	0.3	0.012
2229	0.0	0.3	0.013
2230	0.0	0.3	0.012
2231	0.0	0.3	0.007
2232	0.0	0.3	0.004
2233	0.0	0.3	0.003
2234	0.0	0.3	0.002
2235	0.0	0.3	0.001
2236	0.0	0.3	0.000
2237	0.0	0.3	0.001
2238	0.0	0.3	0.004
2239	0.0	0.3	0.010
2240	0.0	0.3	0.010
2241	0.0	0.3	0.010
2242	0.0	0.3	0.011
2243	0.0	0.3	0.010
2244	0.0	0.3	0.010
2245	0.0	0.3	0.009
2246	0.0	0.3	0.008
2247	0.0	0.3	0.007
2248	0.0	0.3	0.007
2249	0.0	0.3	0.007
2250	0.0	0.3	0.009
2251	0.0	0.3	0.010
2252	0.0	0.3	0.012
2253	0.0	0.3	0.013
2254	0.0	0.3	0.012
2255	0.0	0.3	0.007
2256	0.0	0.3	0.004
2257	0.0	0.3	0.003
2258	0.0	0.3	0.002
2259	0.0	0.3	0.001
2260	0.0	0.3	0.000
2261	0.0	0.3	0.001
2262	0.0	0.3	0.004
2263	0.0	0.3	0.010
2264	0.0	0.3	0.010
2265	0.0	0.3	0.010
2266	0.0	0.3	0.011
2267	0.0	0.3	0.010
2268	0.0	0.3	0.010
2269	0.0	0.3	0.009
2270	0.0	0.3	0.008
2271	0.0	0.3	0.007
2272	0.0	0.3	0.007
2273	0.0	0.3	0.007
2274	0.0	0.3	0.009
2275	0.0	0.3	0.010
2276	0.0	0.3	0.012
2277	0.0	0.3	0.013
2278	0.0	0.3	0.012
2279	0.0	0.3	0.007
2280	0.0	0.3	0.004
2281	0.0	0.3	0.003
2282	0.0	0.3	0.002
2283	0.0	0.3	0.001
2284	0.0	0.3	0.000
2285	0.0	0.3	0.001
2286	0.0	0.3	0.004
2287	0.0	0.3	0.010
2288	0.0	0.3	0.010
2289	0.0	0.3	0.010
2290	0.0	0.3	0.011
2291	0.0	0.3	0.010
2292	0.0	0.3	0.010
2293	0.0	0.3	0.009
2294	0.0	0.3	0.008
2295	0.0	0.3	0.007
2296	0.0	0.3	0.007
2297	0.0	0.3	0.007
2298	0.0	0.3	0.009
2299	0.0	0.3	0.010
2300	0.0	0.3	0.012
2301	0.0	0.3	0.013
2302	0.0	0.3	0.012
2303	0.0	0.3	0.007
2304	0.0	0.3	0.004
2305	0.0	0.3	0.003
2306	0.0	0.3	0.002
2307	0.0	0.3	0.001
2308	0.0	0.3	0.000
2309	0.0	0.3	0.001
2310	0.0	0.3	0.004
2311	0.0	0.3	0.010
2312	0.0	0.3	0.010
2313	0.0	0.3	0.010
2314	0.0	0.3	0.011
2315	0.0	0.2	0.010
2316	0.0	0.2	0.010
2317	0.0	0.2	0.009
2318	0.0	0.2	0.008
2319	0.0	0.2	0.007
2320	0.0	0.2	0.007
2321	0.0	0.2	0.007
2322	0.0	0.2	0.009
2323	0.0	0.2	0.010
2324	0.0	0.2	0.012
2325	0.0	0.2	0.013
2326	0.0	0.2	0.012
2327	0.0	0.2	0.007
2328	0.1	0.2	0.004
2329	0.0	0.2	0.003
2330	0.0	0.2	0.002
2331	0.0	0.2	0.001
2332	0.0	0.2	0.000
2333	0.0	0.2	0.001
2334	0.0	0.2	0.004
2335	0.0	0.2	0.010
2336	0.1	0.2	0.010
2337	0.0	0.2	0.010
2338	0.0	0.2	0.011
2339	0.0	0.2	0.010
2340	0.0	0.2	0.010
2341	0.0	0.2	0.009
2342	0.0	0.2	0.008
2343	0.0	0.2	0.007
2344	0.0	0.2	0.007
2345	0.0	0.2	0.007
2346	0.0	0.2	0.009
2347	0.0	0.2	0.010
2348	0.0	0.2	0.012
2349	0.0	0.2	0.013
2350	0.0	0.2	0.012
2351	0.0	0.2	0.007
2352	0.0	0.2	0.004
2353	0.0	0.2	0.003
2354	0.0	0.2	0.002
2355	0.0	0.2	0.001
2356	0.0	0.2	0.000
2357	0.0	0.2	0.001
2358	0.0	0.2	0.004
2359	0.0	0.2	0.010
2360	0.0	0.2	0.010
2361	0.0	0.2	0.010
2362	0.0	0.2	0.011
2363	0.0	0.2	0.010
2364	0.0	0.2	0.010
2365	0.0	0.2	0.009
2366	0.0	0.2	0.008
2367	0.0	0.2	0.007
2368	0.0	0.2	0.007
2369	0.0	0.2	0.007
2370	0.0	0.2	0.009
2371	0.0	0.2	0.010
2372	0.0	0.2	0.012
2373	0.0	0.2	0.013
2374	0.0	0.2	0.012
2375	0.0	0.2	0.007
2376	0.0	0.2	0.004
2377	0.0	0.2	0.003
2378	0.0	0.2	0.002
2379	0.0	0.2	0.001
2380	0.0	0.2	0.000
2381	0.0	0.2	0.001
2382	0.0	0.2	0.004
2383	0.0	0.2	0.010
2384	0.0	0.2	0.010
2385	0.0	0.2	0.010
2386	0.0	0.2	0.011
2387	0.0	0.2	0.010
2388	0.0	0.2	0.010
2389	0.0	0.2	0.009
2390	0.0	0.2	0.008
2391	0.0	0.2	0.007
2392	0.0	0.2	0.007
2393	0.0	0.2	0.007
2394	0.0	0.2	0.009
2395	0.0	0.2	0.010
2396	0.0	0.2	0.012
2397	0.0	0.2	0.013
2398	0.0	0.2	0.012
2399	0.0	0.2	0.007
2400	0.0	0.2	0.004
2401	0.0	0.2	0.003
2402	0.0	0.2	0.002
2403	0.0	0.2	0.001
2404	0.0	0.2	0.000
2405	0.0	0.2	0.001
2406	0.0	0.2	0.004
2407	0.0	0.2	0.010
2408	0.0	0.2	0.010
2409	0.0	0.2	0.010
2410	0.0	0.2	0.011
2411	0.0	0.2	0.010
2412	0.0	0.2	0.010
2413	0.0	0.2	0.009
2414	0.0	0.2	0.008
2415	0.0	0.2	0.007
2416	0.0	0.2	0.007
2417	0.0	0.2	0.007
2418	0.0	0.2	0.009
2419	0.0	0.2	0.010
2420	0.0	0.2	0.012
2421	0.0	0.2	0.013
2422	0.0	0.2	0.012
2423	0.0	0.2	0.007
2424	0.0	0.2	0.004
2425	0.0	0.2	0.003
2426	0.0	0.2	0.002
2427	0.0	0.2	0.001
2428	0.0	0.2	0.000
2429	0.0	0.2	0.001
2430	0.0	0.2	0.004
2431	0.0	0.2	0.010
2432	0.0	0.2	0.010
2433	0.0	0.2	0.010
2434	0.0	0.2	0.011
2435	0.0	0.2	0.010
2436	0.0	0.2	0.010
2437	0.0	0.2	0.009
2438	0.0	0.2	0.008
2439	0.0	0.2	0.007
2440	0.0	0.2	0.007
2441	0.0	0.2	0.007
2442	0.0	0.2	0.009
2443	0.0	0.2	0.010
2444	0.0	0.2	0.012
2445	0.0	0.2	0.013
2446	0.0	0.2	0.012
2447	0.0	0.2	0.007
2448	0.0	0.2	0.004
2449	0.0	0.2	0.003
2450	0.0	0.2	0.002
2451	0.0	0.2	0.001
2452	0.0	0.2	0.000
2453	0.0	0.2	0.001
2454	0.0	0.2	0.004
2455	0.0	0.2	0.010
2456	0.0	0.2	0.010
2457	0.0	0.2	0.010
2458	0.0	0.2	0.011
2459	0.0	0.2	0.010
2460	0.0	0.2	0.010
2461	0.0	0.2	0.009
2462	0.0	0.2	0.008
2463	0.0	0.2	0.007
2464	0.0	0.2	0.007
2465	0.0	0.2	0.007
2466	0.0	0.2	0.009
2467	0.0	0.2	0.010
2468	0.0	0.2	0.012
2469	0.0	0.2	0.013
2470	0.0	0.2	0.012
2471	0.0	0.2	0.007
2472	0.0	0.2	0.004
2473	0.0	0.2	0.003
2474	0.0	0.2	0.002
2475	0.0	0.2	0.001
2476	0.0	0.2	0.000
2477	0.0	0.2	0.001
2478	0.0	0.2	0.004
2479	0.0	0.2	0.010
2480	0.0	0.2	0.010
2481	0.0	0.2	0.010
2482	0.0	0.2	0.011
2483	0.0	0.2	0.010
2484	0.0	0.2	0.010
2485	0.0	0.2	0.009
2486	0.0	0.2	0.008
2487	0.0	0.2	0.007
2488	0.0	0.2	0.007
2489	0.0	0.2	0.007
2490	0.0	0.2	0.009
2491	0.0	0.2	0.010
2492	0.0	0.2	0.012
2493	0.0	0.2	0.013
2494	0.0	0.2	0.012
2495	0.0	0.2	0.007
2496	0.1	0.2	0.004
2497	0.0	0.2	0.003
2498	0.0	0.2	0.002
2499	0.0	0.2	0.001
2500	0.0	0.2	0.000
2501	0.1	0.2	0.001
2502	0.1	0.2	0.004
2503	0.1	0.2	0.010
2504	0.1	0.2	0.010
2505	0.1	0.2	0.010
2506	0.1	0.2	0.011
2507	0.0	0.2	0.010
2508	0.0	0.2	0.010
2509	0.0	0.2	0.009
2510	0.0	0.2	0.008
2511	0.0	0.2	0.007
2512	0.0	0.2	0.007
2513	0.0	0.2	0.007
2514	0.0	0.2	0.009
2515	0.0	0.2	0.010
2516	0.1	0.2	0.012
2517	0.1	0.2	0.013
2518	0.1	0.2	0.012
2519	0.1	0.2	0.007
2520	0.1	0.2	0.004
2521	0.1	0.2	0.003
2522	0.1	0.2	0.002
2523	0.1	0.2	0.001
2524	0.1	0.2	0.000
2525	0.1	0.2	0.001
2526	0.1	0.2	0.004
2527	0.1	0.2	0.010
2528	0.1	0.2	0.010
2529	0.1	0.2	0.010
2530	0.1	0.2	0.011
2531	0.1	0.2	0.010
2532	0.1	0.2	0.010
2533	0.0	0.2	0.009
2534	0.0	0.2	0.008
2535	0.0	0.2	0.007
2536	0.0	0.2	0.007
2537	0.0	0.2	0.007
2538	0.1	0.2	0.009
2539	0.1	0.2	0.010
2540	0.1	0.2	0.012
2541	0.1	0.2	0.013
2542	0.1	0.2	0.012
2543	0.1	0.2	0.007
2544	0.1	0.2	0.004
2545	0.1	0.2	0.003
2546	0.1	0.2	0.002
2547	0.1	0.2	0.001
2548	0.1	0.2	0.000
2549	0.1	0.2	0.001
2550	0.1	0.2	0.004
2551	0.1	0.2	0.010
2552	0.1	0.2	0.010
2553	0.1	0.2	0.010
2554	0.1	0.2	0.011
2555	0.1	0.2	0.010
2556	0.1	0.2	0.010
2557	0.0	0.2	0.009
2558	0.0	0.2	0.008
2559	0.0	0.2	0.007
2560	0.0	0.2	0.007
2561	0.0	0.2	0.007
2562	0.1	0.2	0.009
2563	0.1	0.2	0.010
2564	0.1	0.2	0.012
2565	0.1	0.2	0.013
2566	0.1	0.2	0.012
2567	0.1	0.2	0.007
2568	0.1	0.2	0.004
2569	0.1	0.2	0.003
2570	0.1	0.2	0.002
2571	0.1	0.2	0.001
2572	0.1	0.2	0.000
2573	0.1	0.2	0.001
2574	0.1	0.2	0.004
2575	0.1	0.2	0.010
2576	0.1	0.2	0.010
2577	0.1	0.2	0.010
2578	0.1	0.2	0.011
2579	0.1	0.2	0.010
2580	0.0	0.2	0.010
2581	0.0	0.2	0.009
2582	0.0	0.2	0.008
2583	0.0	0.2	0.007
2584	0.0	0.2	0.007
2585	0.0	0.2	0.007
2586	0.0	0.2	0.009
2587	0.0	0.2	0.010
2588	0.0	0.2	0.012
2589	0.0	0.2	0.013
2590	0.0	0.2	0.012
2591	0.0	0.2	0.007
2592	0.0	0.2	0.004
2593	0.0	0.2	0.003
2594	0.0	0.2	0.002
2595	0.0	0.2	0.001
2596	0.0	0.2	0.000
2597	0.0	0.2	0.001
2598	0.0	0.2	0.004
2599	0.0	0.2	0.010
2600	0.1	0.2	0.010
2601	0.0	0.2	0.010
2602	0.0	0.2	0.011
2603	0.0	0.2	0.010
2604	0.0	0.2	0.010
2605	0.0	0.2	0.009
2606	0.0	0.2	0.008
2607	0.0	0.2	0.007
2608	0.0	0.2	0.007
2609	0.0	0.2	0.007
2610	0.0	0.2	0.009
2611	0.0	0.2	0.010
2612	0.0	0.2	0.012
2613	0.0	0.2	0.013
2614	0.0	0.2	0.012
2615	0.0	0.2	0.007
2616	0.0	0.2	0.004
2617	0.0	0.2	0.003
2618	0.0	0.2	0.002
2619	0.0	0.2	0.001
2620	0.0	0.2	0.000
2621	0.0	0.2	0.001
2622	0.0	0.2	0.004
2623	0.0	0.2	0.010
2624	0.1	0.2	0.010
2625	0.0	0.2	0.010
2626	0.0	0.2	0.011
2627	0.0	0.2	0.010
2628	0.0	0.2	0.010
2629	0.0	0.2	0.009
2630	0.0	0.2	0.008
2631	0.0	0.2	0.007
2632	0.0	0.2	0.007
2633	0.0	0.2	0.007
2634	0.0	0.2	0.009
2635	0.0	0.2	0.010
2636	0.1	0.2	0.012
2637	0.1	0.2	0.013
2638	0.1	0.2	0.012
2639	0.1	0.2	0.007
2640	0.1	0.2	0.004
2641	0.0	0.2	0.003
2642	0.0	0.2	0.002
2643	0.1	0.2	0.001
2644	0.1	0.2	0.000
2645	0.0	0.2	0.001
2646	0.1	0.2	0.004
2647	0.1	0.2	0.010
2648	0.1	0.2	0.010
2649	0.1	0.2	0.010
2650	0.1	0.2	0.011
2651	0.1	0.2	0.010
2652	0.0	0.2	0.010
2653	0.0	0.2	0.009
2654	0.0	0.2	0.008
2655	0.0	0.2	0.007
2656	0.0	0.2	0.007
2657	0.0	0.2	0.007
2658	0.0	0.2	0.009
2659	0.1	0.2	0.010
2660	0.1	0.2	0.012
2661	0.1	0.2	0.013
2662	0.1	0.2	0.012
2663	0.1	0.2	0.007
2664	0.1	0.2	0.004
2665	0.1	0.2	0.003
2666	0.1	0.2	0.002
2667	0.1	0.2	0.001
2668	0.1	0.2	0.000
2669	0.1	0.2	0.001
2670	0.1	0.2	0.004
2671	0.1	0.2	0.010
2672	0.1	0.2	0.010
2673	0.1	0.2	0.010
2674	0.1	0.2	0.011
2675	0.1	0.2	0.010
2676	0.1	0.2	0.010
2677	0.1	0.2	0.009
2678	0.1	0.2	0.008
2679	0.1	0.2	0.007
2680	0.1	0.2	0.007
2681	0.1	0.2	0.007
2682	0.1	0.2	0.009
2683	0.1	0.2	0.010
2684	0.1	0.2	0.012
2685	0.1	0.2	0.013
2686	0.1	0.2	0.012
2687	0.1	0.2	0.007
2688	0.1	0.2	0.004
2689	0.1	0.2	0.003
2690	0.1	0.2	0.002
2691	0.1	0.2	0.001
2692	0.1	0.2	0.000
2693	0.1	0.2	0.001
2694	0.1	0.2	0.004
2695	0.1	0.2	0.010
2696	0.1	0.2	0.010
2697	0.1	0.2	0.010
2698	0.1	0.2	0.011
2699	0.1	0.2	0.010
2700	0.1	0.2	0.010
2701	0.1	0.2	0.009
2702	0.1	0.2	0.008
2703	0.0	0.2	0.007
2704	0.0	0.2	0.007
2705	0.0	0.2	0.007
2706	0.1	0.2	0.009
2707	0.1	0.2	0.010
2708	0.1	0.2	0.012
2709	0.1	0.2	0.013
2710	0.1	0.2	0.012
2711	0.1	0.2	0.007
2712	0.1	0.2	0.004
2713	0.1	0.2	0.003
2714	0.1	0.2	0.002
2715	0.1	0.2	0.001
2716	0.1	0.2	0.000
2717	0.1	0.2	0.001
2718	0.1	0.2	0.004
2719	0.1	0.2	0.010
2720	0.1	0.2	0.010
2721	0.1	0.2	0.010
2722	0.1	0.2	0.011
2723	0.1	0.2	0.010
2724	0.1	0.2	0.010
2725	0.1	0.2	0.009
2726	0.0	0.2	0.008
2727	0.0	0.2	0.007
2728	0.0	0.2	0.007
2729	0.1	0.2	0.007
2730	0.1	0.2	0.009
2731	0.1	0.2	0.010
2732	0.1	0.2	0.012
2733	0.1	0.2	0.013
2734	0.1	0.2	0.012
2735	0.1	0.2	0.007
2736	0.1	0.2	0.004
2737	0.1	0.2	0.003
2738	0.1	0.2	0.002
2739	0.1	0.2	0.001
2740	0.1	0.2	0.000
2741	0.1	0.2	0.001
2742	0.1	0.2	0.004
2743	0.1	0.2	0.010
2744	0.1	0.2	0.010
2745	0.1	0.2	0.010
2746	0.1	0.2	0.011
2747	0.1	0.2	0.010
2748	0.1	0.2	0.010
2749	0.1	0.2	0.009
2750	0.0	0.2	0.008
2751	0.0	0.2	0.007
2752	0.0	0.2	0.007
2753	0.0	0.2	0.007
2754	0.0	0.2	0.009
2755	0.1	0.2	0.010
2756	0.1	0.2	0.012
2757	0.1	0.2	0.013
2758	0.1	0.2	0.012
2759	0.1	0.2	0.007
2760	0.1	0.2	0.004
2761	0.0	0.2	0.003
2762	0.0	0.2	0.002
2763	0.0	0.2	0.001
2764	0.0	0.2	0.000
2765	0.0	0.2	0.001
2766	0.0	0.2	0.004
2767	0.0	0.2	0.010
2768	0.1	0.2	0.010
2769	0.1	0.2	0.010
2770	0.1	0.2	0.011
2771	0.1	0.2	0.010
2772	0.0	0.2	0.010
2773	0.0	0.2	0.009
2774	0.0	0.2	0.008
2775	0.0	0.2	0.007
2776	0.0	0.2	0.007
2777	0.0	0.2	0.007
2778	0.0	0.2	0.009
2779	0.0	0.2	0.010
2780	0.0	0.2	0.012
2781	0.0	0.2	0.013
2782	0.0	0.2	0.012
2783	0.0	0.2	0.007
2784	0.0	0.2	0.004
2785	0.0	0.2	0.003
2786	0.0	0.2	0.002
2787	0.0	0.2	0.001
2788	0.0	0.2	0.000
2789	0.0	0.2	0.001
2790	0.0	0.2	0.004
2791	0.0	0.2	0.010
2792	0.0	0.2	0.010
2793	0.0	0.2	0.010
2794	0.0	0.2	0.011
2795	0.0	0.2	0.010
2796	0.0	0.2	0.010
2797	0.0	0.2	0.009
2798	0.0	0.2	0.008
2799	0.0	0.2	0.007
2800	0.0	0.2	0.007
2801	0.0	0.2	0.007
2802	0.0	0.2	0.009
2803	0.0	0.2	0.010
2804	0.1	0.2	0.012
2805	0.1	0.2	0.013
2806	0.1	0.2	0.012
2807	0.1	0.2	0.007
2808	0.1	0.2	0.004
2809	0.0	0.2	0.003
2810	0.0	0.2	0.002
2811	0.0	0.2	0.001
2812	0.0	0.2	0.000
2813	0.0	0.2	0.001
2814	0.0	0.2	0.004
2815	0.0	0.2	0.010
2816	0.1	0.2	0.010
2817	0.1	0.2	0.010
2818	0.0	0.2	0.011
2819	0.0	0.2	0.010
2820	0.0	0.2	0.010
2821	0.0	0.2	0.009
2822	0.0	0.2	0.008
2823	0.0	0.2	0.007
2824	0.0	0.2	0.007
2825	0.0	0.2	0.007
2826	0.0	0.2	0.009
2827	0.0	0.2	0.010
2828	0.0	0.2	0.012
2829	0.1	0.2	0.013
2830	0.1	0.2	0.012
2831	0.1	0.2	0.007
2832	0.1	0.2	0.004
2833	0.0	0.2	0.003
2834	0.0	0.2	0.002
2835	0.0	0.2	0.001
2836	0.0	0.2	0.000
2837	0.0	0.2	0.001
2838	0.0	0.2	0.004
2839	0.0	0.2	0.010
2840	0.1	0.2	0.010
2841	0.1	0.2	0.010
2842	0.1	0.2	0.011
2843	0.0	0.2	0.010
2844	0.0	0.2	0.010
2845	0.0	0.2	0.009
2846	0.0	0.2	0.008
2847	0.0	0.2	0.007
2848	0.0	0.2	0.007
2849	0.0	0.2	0.007
2850	0.0	0.2	0.009
2851	0.0	0.2	0.010
2852	0.0	0.2	0.012
2853	0.0	0.2	0.013
2854	0.0	0.2	0.012
2855	0.0	0.2	0.007
2856	0.0	0.2	0.004
2857	0.0	0.2	0.003
2858	0.0	0.2	0.002
2859	0.0	0.2	0.001
2860	0.0	0.2	0.000
2861	0.0	0.2	0.001
2862	0.0	0.2	0.004
2863	0.0	0.2	0.010
2864	0.0	0.2	0.010
2865	0.0	0.2	0.010
2866	0.0	0.2	0.011
2867	0.0	0.2	0.010
2868	0.0	0.2	0.010
2869	0.0	0.2	0.009
2870	0.0	0.2	0.008
2871	0.0	0.2	0.007
2872	0.0	0.2	0.007
2873	0.0	0.2	0.007
2874	0.0	0.2	0.009
2875	0.0	0.2	0.010
2876	0.0	0.2	0.012
2877	0.0	0.2	0.013
2878	0.0	0.2	0.012
2879	0.0	0.2	0.007
2880	0.0	0.2	0.004
2881	0.0	0.2	0.003
2882	0.0	0.2	0.002
2883	0.0	0.2	0.001
2884	0.0	0.2	0.000
2885	0.0	0.2	0.001
2886	0.0	0.2	0.004
2887	0.0	0.2	0.010
2888	0.0	0.2	0.010
2889	0.0	0.2	0.010
2890	0.0	0.2	0.011
2891	0.0	0.2	0.010
2892	0.0	0.2	0.010
2893	0.0	0.2	0.009
2894	0.0	0.2	0.008
2895	0.0	0.2	0.007
2896	0.0	0.2	0.007
2897	0.0	0.2	0.007
2898	0.0	0.2	0.009
2899	0.0	0.2	0.010
2900	0.0	0.2	0.012
2901	0.0	0.2	0.013
2902	0.0	0.2	0.012
2903	0.0	0.2	0.007
2904	0.0	0.2	0.004
2905	0.0	0.2	0.003
2906	0.0	0.2	0.002
2907	0.0	0.2	0.001
2908	0.0	0.2	0.000
2909	0.0	0.2	0.001
2910	0.0	0.2	0.004
2911	0.0	0.2	0.010
2912	0.0	0.2	0.010
2913	0.0	0.2	0.010
2914	0.0	0.2	0.011
2915	0.0	0.2	0.010
2916	0.0	0.2	0.010
2917	0.0	0.2	0.009
2918	0.0	0.2	0.008
2919	0.0	0.2	0.007
2920	0.0	0.2	0.007
2921	0.0	0.2	0.007
2922	0.0	0.2	0.009
2923	0.0	0.2	0.010
2924	0.0	0.2	0.012
2925	0.0	0.2	0.013
2926	0.0	0.2	0.012
2927	0.0	0.2	0.007
2928	0.0	0.2	0.004
2929	0.0	0.2	0.003
2930	0.0	0.2	0.002
2931	0.0	0.2	0.001
2932	0.0	0.2	0.000
2933	0.0	0.2	0.001
2934	0.0	0.2	0.004
2935	0.0	0.2	0.010
2936	0.0	0.2	0.010
2937	0.0	0.2	0.010
2938	0.0	0.2	0.011
2939	0.0	0.2	0.010
2940	0.0	0.2	0.010
2941	0.0	0.2	0.009
2942	0.0	0.2	0.008
2943	0.0	0.2	0.007
2944	0.0	0.2	0.007
2945	0.0	0.2	0.007
2946	0.0	0.2	0.009
2947	0.0	0.2	0.010
2948	0.0	0.2	0.012
2949	0.0	0.2	0.013
2950	0.0	0.2	0.012
2951	0.0	0.2	0.007
2952	0.0	0.2	0.004
2953	0.0	0.2	0.003
2954	0.0	0.2	0.002
2955	0.0	0.2	0.001
2956	0.0	0.2	0.000
2957	0.0	0.2	0.001
2958	0.0	0.2	0.004
2959	0.0	0.2	0.010
2960	0.0	0.2	0.010
2961	0.0	0.2	0.010
2962	0.0	0.2	0.011
2963	0.0	0.2	0.010
2964	0.0	0.2	0.010
2965	0.0	0.2	0.009
2966	0.0	0.2	0.008
2967	0.0	0.2	0.007
2968	0.0	0.2	0.007
2969	0.0	0.2	0.007
2970	0.0	0.2	0.009
2971	0.0	0.2	0.010
2972	0.0	0.2	0.012
2973	0.0	0.2	0.013
2974	0.0	0.2	0.012
2975	0.0	0.2	0.007
2976	0.0	0.2	0.004
2977	0.0	0.2	0.003
2978	0.0	0.2	0.002
2979	0.0	0.2	0.001
2980	0.0	0.2	0.000
2981	0.0	0.2	0.001
2982	0.0	0.2	0.004
2983	0.0	0.2	0.010
2984	0.0	0.2	0.010
2985	0.0	0.2	0.010
2986	0.0	0.2	0.011
2987	0.0	0.2	0.010
2988	0.0	0.2	0.010
2989	0.0	0.2	0.009
2990	0.0	0.2	0.008
2991	0.0	0.2	0.007
2992	0.0	0.2	0.007
2993	0.0	0.2	0.007
2994	0.0	0.2	0.009
2995	0.0	0.2	0.010
2996	0.0	0.2	0.012
2997	0.0	0.2	0.013
2998	0.0	0.2	0.012
2999	0.0	0.2	0.007
3000	0.0	0.2	0.004
3001	0.0	0.2	0.003
3002	0.0	0.2	0.002
3003	0.0	0.2	0.001
3004	0.0	0.2	0.000
3005	0.0	0.2	0.001
3006	0.0	0.2	0.004
3007	0.0	0.2	0.010
3008	0.0	0.2	0.010
3009	0.0	0.2	0.010
3010	0.0	0.2	0.011
3011	0.0	0.2	0.010
3012	0.0	0.2	0.010
3013	0.0	0.2	0.009
3014	0.0	0.2	0.008
3015	0.0	0.2	0.007
3016	0.0	0.2	0.007
3017	0.0	0.2	0.007
3018	0.0	0.2	0.009
3019	0.0	0.2	0.010
3020	0.0	0.2	0.012
3021	0.0	0.2	0.013
3022	0.0	0.2	0.012
3023	0.0	0.2	0.007
3024	0.0	0.2	0.004
3025	0.0	0.2	0.003
3026	0.0	0.2	0.002
3027	0.0	0.2	0.001
3028	0.0	0.2	0.000
3029	0.0	0.2	0.001
3030	0.0	0.2	0.004
3031	0.0	0.2	0.010
3032	0.0	0.2	0.010
3033	0.0	0.2	0.010
3034	0.0	0.2	0.011
3035	0.0	0.2	0.010
3036	0.0	0.2	0.010
3037	0.0	0.2	0.009
3038	0.0	0.2	0.008
3039	0.0	0.2	0.007
3040	0.0	0.2	0.007
3041	0.0	0.2	0.007
3042	0.0	0.2	0.009
3043	0.0	0.2	0.010
3044	0.0	0.2	0.012
3045	0.0	0.2	0.013
3046	0.0	0.2	0.012
3047	0.0	0.2	0.007
3048	0.0	0.2	0.004
3049	0.0	0.2	0.003
3050	0.0	0.2	0.002
3051	0.0	0.2	0.001
3052	0.0	0.2	0.000
3053	0.0	0.2	0.001
3054	0.0	0.2	0.004
3055	0.0	0.2	0.010
3056	0.0	0.2	0.010
3057	0.0	0.2	0.010
3058	0.0	0.2	0.011
3059	0.0	0.2	0.010
3060	0.0	0.2	0.010
3061	0.0	0.2	0.009
3062	0.0	0.2	0.008
3063	0.0	0.2	0.007
3064	0.0	0.2	0.007
3065	0.0	0.2	0.007
3066	0.0	0.2	0.009
3067	0.0	0.2	0.010
3068	0.0	0.2	0.012
3069	0.0	0.2	0.013
3070	0.0	0.2	0.012
3071	0.0	0.2	0.007
3072	0.0	0.2	0.004
3073	0.0	0.2	0.003
3074	0.0	0.2	0.002
3075	0.0	0.2	0.001
3076	0.0	0.2	0.000
3077	0.0	0.2	0.001
3078	0.0	0.2	0.004
3079	0.0	0.2	0.010
3080	0.0	0.2	0.010
3081	0.0	0.2	0.010
3082	0.0	0.2	0.011
3083	0.0	0.2	0.010
3084	0.0	0.2	0.010
3085	0.0	0.2	0.009
3086	0.0	0.2	0.008
3087	0.0	0.2	0.007
3088	0.0	0.2	0.007
3089	0.0	0.2	0.007
3090	0.0	0.2	0.009
3091	0.0	0.2	0.010
3092	0.0	0.2	0.012
3093	0.0	0.2	0.013
3094	0.0	0.2	0.012
3095	0.0	0.2	0.007
3096	0.0	0.2	0.004
3097	0.0	0.2	0.003
3098	0.0	0.2	0.002
3099	0.0	0.2	0.001
3100	0.0	0.2	0.000
3101	0.0	0.2	0.001
3102	0.0	0.2	0.004
3103	0.0	0.2	0.010
3104	0.0	0.2	0.010
3105	0.0	0.2	0.010
3106	0.0	0.2	0.011
3107	0.0	0.2	0.010
3108	0.0	0.2	0.010
3109	0.0	0.2	0.009
3110	0.0	0.2	0.008
3111	0.0	0.2	0.007
3112	0.0	0.2	0.007
3113	0.0	0.2	0.007
3114	0.0	0.2	0.009
3115	0.0	0.2	0.010
3116	0.0	0.2	0.012
3117	0.0	0.2	0.013
3118	0.0	0.2	0.012
3119	0.0	0.2	0.007
3120	0.0	0.2	0.004
3121	0.0	0.2	0.003
3122	0.0	0.2	0.002
3123	0.0	0.2	0.001
3124	0.0	0.2	0.000
3125	0.0	0.2	0.001
3126	0.0	0.2	0.004
3127	0.0	0.2	0.010
3128	0.0	0.2	0.010
3129	0.0	0.2	0.010
3130	0.0	0.2	0.011
3131	0.0	0.2	0.010
3132	0.0	0.2	0.010
3133	0.0	0.2	0.009
3134	0.0	0.2	0.008
3135	0.0	0.2	0.007
3136	0.0	0.2	0.007
3137	0.0	0.2	0.007
3138	0.0	0.2	0.009
3139	0.0	0.2	0.010
3140	0.0	0.2	0.012
3141	0.0	0.2	0.013
3142	0.0	0.2	0.012
3143	0.0	0.2	0.007
3144	0.0	0.2	0.004
3145	0.0	0.2	0.003
3146	0.0	0.2	0.002
3147	0.0	0.2	0.001
3148	0.0	0.2	0.000
3149	0.0	0.2	0.001
3150	0.0	0.2	0.004
3151	0.0	0.2	0.010
3152	0.0	0.2	0.010
3153	0.0	0.2	0.010
3154	0.0	0.2	0.011
3155	0.0	0.2	0.010
3156	0.0	0.2	0.010
3157	0.0	0.2	0.009
3158	0.0	0.2	0.008
3159	0.0	0.2	0.007
3160	0.0	0.2	0.007
3161	0.0	0.2	0.007
3162	0.0	0.2	0.009
3163	0.0	0.2	0.010
3164	0.0	0.2	0.012
3165	0.0	0.2	0.013
3166	0.0	0.2	0.012
3167	0.0	0.2	0.007
3168	0.0	0.2	0.004
3169	0.0	0.2	0.003
3170	0.0	0.2	0.002
3171	0.0	0.2	0.001
3172	0.0	0.2	0.000
3173	0.0	0.2	0.001
3174	0.0	0.2	0.004
3175	0.0	0.2	0.010
3176	0.0	0.2	0.010
3177	0.0	0.2	0.010
3178	0.0	0.2	0.011
3179	0.0	0.2	0.010
3180	0.0	0.2	0.010
3181	0.0	0.2	0.009
3182	0.0	0.2	0.008
3183	0.0	0.2	0.007
3184	0.0	0.2	0.007
3185	0.0	0.2	0.007
3186	0.0	0.2	0.009
3187	0.0	0.2	0.010
3188	0.0	0.2	0.012
3189	0.0	0.2	0.013
3190	0.0	0.2	0.012
3191	0.0	0.2	0.007
3192	0.0	0.2	0.004
3193	0.0	0.2	0.003
3194	0.0	0.2	0.002
3195	0.0	0.2	0.001
3196	0.0	0.2	0.000
3197	0.0	0.2	0.001
3198	0.0	0.2	0.004
3199	0.0	0.2	0.010
3200	0.0	0.2	0.010
3201	0.0	0.2	0.010
3202	0.0	0.2	0.011
3203	0.0	0.2	0.010
3204	0.0	0.2	0.010
3205	0.0	0.2	0.009
3206	0.0	0.1	0.008
3207	0.0	0.1	0.007
3208	0.0	0.1	0.007
3209	0.0	0.1	0.007
3210	0.0	0.1	0.009
3211	0.0	0.1	0.010
3212	0.0	0.1	0.012
3213	0.0	0.1	0.013
3214	0.0	0.1	0.012
3215	0.0	0.1	0.007
3216	0.0	0.1	0.004
3217	0.0	0.1	0.003
3218	0.0	0.1	0.002
3219	0.0	0.1	0.001
3220	0.0	0.1	0.000
3221	0.0	0.1	0.001
3222	0.0	0.1	0.004
3223	0.0	0.1	0.010
3224	0.0	0.1	0.010
3225	0.0	0.1	0.010
3226	0.0	0.1	0.011
3227	0.0	0.1	0.010
3228	0.0	0.1	0.010
3229	0.0	0.1	0.009
3230	0.0	0.1	0.008
3231	0.0	0.1	0.007
3232	0.0	0.1	0.007
3233	0.0	0.1	0.007
3234	0.0	0.1	0.009
3235	0.0	0.1	0.010
3236	0.0	0.1	0.012
3237	0.0	0.1	0.013
3238	0.0	0.1	0.012
3239	0.0	0.1	0.007
3240	0.0	0.1	0.004
3241	0.0	0.1	0.003
3242	0.0	0.1	0.002
3243	0.0	0.1	0.001
3244	0.0	0.1	0.000
3245	0.0	0.1	0.001
3246	0.0	0.1	0.004
3247	0.0	0.1	0.010
3248	0.0	0.1	0.010
3249	0.0	0.1	0.010
3250	0.0	0.1	0.011
3251	0.0	0.1	0.010
3252	0.0	0.1	0.010
3253	0.0	0.1	0.009
3254	0.0	0.1	0.008
3255	0.0	0.1	0.007
3256	0.0	0.1	0.007
3257	0.0	0.1	0.007
3258	0.0	0.1	0.009
3259	0.0	0.1	0.010
3260	0.0	0.1	0.012
3261	0.0	0.1	0.013
3262	0.0	0.1	0.012
3263	0.0	0.1	0.007
3264	0.0	0.1	0.004
3265	0.0	0.1	0.003
3266	0.0	0.1	0.002
3267	0.0	0.1	0.001
3268	0.0	0.1	0.000
3269	0.0	0.1	0.001
3270	0.0	0.1	0.004
3271	0.0	0.1	0.010
3272	0.0	0.1	0.010
3273	0.0	0.1	0.010
3274	0.0	0.1	0.011
3275	0.0	0.1	0.010
3276	0.0	0.1	0.010
3277	0.0	0.1	0.009
3278	0.0	0.1	0.008
3279	0.0	0.1	0.007
3280	0.0	0.1	0.007
3281	0.0	0.1	0.007
3282	0.0	0.1	0.009
3283	0.0	0.1	0.010
3284	0.0	0.1	0.012
3285	0.0	0.1	0.013
3286	0.0	0.1	0.012
3287	0.0	0.1	0.007
3288	0.0	0.1	0.004
3289	0.0	0.1	0.003
3290	0.0	0.1	0.002
3291	0.0	0.1	0.001
3292	0.0	0.1	0.000
3293	0.0	0.1	0.001
3294	0.0	0.1	0.004
3295	0.0	0.1	0.010
3296	0.0	0.1	0.010
3297	0.0	0.1	0.010
3298	0.0	0.1	0.011
3299	0.0	0.1	0.010
3300	0.0	0.1	0.010
3301	0.0	0.1	0.009
3302	0.0	0.1	0.008
3303	0.0	0.1	0.007
3304	0.0	0.1	0.007
3305	0.0	0.1	0.007
3306	0.0	0.1	0.009
3307	0.0	0.1	0.010
3308	0.0	0.1	0.012
3309	0.0	0.1	0.013
3310	0.0	0.1	0.012
3311	0.0	0.1	0.007
3312	0.0	0.1	0.004
3313	0.0	0.1	0.003
3314	0.0	0.1	0.002
3315	0.0	0.1	0.001
3316	0.0	0.1	0.000
3317	0.0	0.1	0.001
3318	0.0	0.1	0.004
3319	0.0	0.1	0.010
3320	0.0	0.1	0.010
3321	0.0	0.1	0.010
3322	0.0	0.1	0.011
3323	0.0	0.1	0.010
3324	0.0	0.1	0.010
3325	0.0	0.1	0.009
3326	0.0	0.1	0.008
3327	0.0	0.1	0.007
3328	0.0	0.1	0.007
3329	0.0	0.1	0.007
3330	0.0	0.1	0.009
3331	0.0	0.1	0.010
3332	0.0	0.1	0.012
3333	0.0	0.1	0.013
3334	0.0	0.1	0.012
3335	0.0	0.1	0.007
3336	0.0	0.1	0.004
3337	0.0	0.1	0.003
3338	0.0	0.1	0.002
3339	0.0	0.1	0.001
3340	0.0	0.1	0.000
3341	0.0	0.1	0.001
3342	0.0	0.1	0.004
3343	0.0	0.1	0.010
3344	0.0	0.1	0.010
3345	0.0	0.1	0.010
3346	0.0	0.1	0.011
3347	0.0	0.1	0.010
3348	0.0	0.1	0.010
3349	0.0	0.1	0.009
3350	0.0	0.1	0.008
3351	0.0	0.1	0.007
3352	0.0	0.1	0.007
3353	0.0	0.1	0.007
3354	0.0	0.1	0.009
3355	0.0	0.1	0.010
3356	0.0	0.1	0.012
3357	0.0	0.1	0.013
3358	0.0	0.1	0.012
3359	0.0	0.1	0.007
3360	0.0	0.1	0.004
3361	0.0	0.1	0.003
3362	0.0	0.1	0.002
3363	0.0	0.1	0.001
3364	0.0	0.1	0.000
3365	0.0	0.1	0.001
3366	0.0	0.1	0.004
3367	0.0	0.1	0.010
3368	0.0	0.1	0.010
3369	0.0	0.1	0.010
3370	0.0	0.1	0.011
3371	0.0	0.1	0.010
3372	0.0	0.1	0.010
3373	0.0	0.1	0.009
3374	0.0	0.1	0.008
3375	0.0	0.1	0.007
3376	0.0	0.1	0.007
3377	0.0	0.1	0.007
3378	0.0	0.1	0.009
3379	0.0	0.1	0.010
3380	0.0	0.1	0.012
3381	0.0	0.1	0.013
3382	0.0	0.1	0.012
3383	0.0	0.1	0.007
3384	0.0	0.1	0.004
3385	0.0	0.1	0.003
3386	0.0	0.1	0.002
3387	0.0	0.1	0.001
3388	0.0	0.1	0.000
3389	0.0	0.1	0.001
3390	0.0	0.1	0.004
3391	0.0	0.1	0.010
3392	0.0	0.1	0.010
3393	0.0	0.1	0.010
3394	0.0	0.1	0.011
3395	0.0	0.1	0.010
3396	0.0	0.1	0.010
3397	0.0	0.1	0.009
3398	0.0	0.1	0.008
3399	0.0	0.1	0.007
3400	0.0	0.1	0.007
3401	0.0	0.1	0.007
3402	0.0	0.1	0.009
3403	0.0	0.1	0.010
3404	0.0	0.1	0.012
3405	0.0	0.1	0.013
3406	0.0	0.1	0.012
3407	0.0	0.1	0.007
3408	0.0	0.1	0.004
3409	0.0	0.1	0.003
3410	0.0	0.1	0.002
3411	0.0	0.1	0.001
3412	0.0	0.1	0.000
3413	0.0	0.1	0.001
3414	0.0	0.1	0.004
3415	0.0	0.1	0.010
3416	0.0	0.1	0.010
3417	0.0	0.1	0.010
3418	0.0	0.1	0.011
3419	0.0	0.1	0.010
3420	0.0	0.1	0.010
3421	0.0	0.1	0.009
3422	0.0	0.1	0.008
3423	0.0	0.1	0.007
3424	0.0	0.1	0.007
3425	0.0	0.1	0.007
3426	0.0	0.1	0.009
3427	0.0	0.1	0.010
3428	0.0	0.1	0.012
3429	0.0	0.1	0.013
3430	0.0	0.1	0.012
3431	0.0	0.1	0.007
3432	0.0	0.1	0.004
3433	0.0	0.1	0.003
3434	0.0	0.1	0.002
3435	0.0	0.1	0.001
3436	0.0	0.1	0.000
3437	0.0	0.1	0.001
3438	0.0	0.1	0.004
3439	0.0	0.1	0.010
3440	0.0	0.1	0.010
3441	0.0	0.1	0.010
3442	0.0	0.1	0.011
3443	0.0	0.1	0.010
3444	0.0	0.1	0.010
3445	0.0	0.1	0.009
3446	0.0	0.1	0.008
3447	0.0	0.1	0.007
3448	0.0	0.1	0.007
3449	0.0	0.1	0.007
3450	0.0	0.1	0.009
3451	0.0	0.1	0.010
3452	0.0	0.1	0.012
3453	0.0	0.1	0.013
3454	0.0	0.1	0.012
3455	0.0	0.1	0.007
3456	0.0	0.1	0.004
3457	0.0	0.1	0.003
3458	0.0	0.1	0.002
3459	0.0	0.1	0.001
3460	0.0	0.1	0.000
3461	0.0	0.1	0.001
3462	0.0	0.1	0.004
3463	0.0	0.1	0.010
3464	0.0	0.1	0.010
3465	0.0	0.1	0.010
3466	0.0	0.1	0.011
3467	0.0	0.1	0.010
3468	0.0	0.1	0.010
3469	0.0	0.1	0.009
3470	0.0	0.1	0.008
3471	0.0	0.1	0.007
3472	0.0	0.1	0.007
3473	0.0	0.1	0.007
3474	0.0	0.1	0.009
3475	0.0	0.1	0.010
3476	0.0	0.1	0.012
3477	0.0	0.1	0.013
3478	0.0	0.1	0.012
3479	0.0	0.1	0.007
3480	0.0	0.1	0.004
3481	0.0	0.1	0.003
3482	0.0	0.1	0.002
3483	0.0	0.1	0.001
3484	0.0	0.1	0.000
3485	0.0	0.1	0.001
3486	0.0	0.1	0.004
3487	0.0	0.1	0.010
3488	0.0	0.1	0.010
3489	0.0	0.1	0.010
3490	0.0	0.1	0.011
3491	0.0	0.1	0.010
3492	0.0	0.1	0.010
3493	0.0	0.1	0.009
3494	0.0	0.1	0.008
3495	0.0	0.1	0.007
3496	0.0	0.1	0.007
3497	0.0	0.1	0.007
3498	0.0	0.1	0.009
3499	0.0	0.1	0.010
3500	0.0	0.1	0.012
3501	0.0	0.1	0.013
3502	0.0	0.1	0.012
3503	0.0	0.1	0.007
3504	0.0	0.1	0.004
3505	0.0	0.1	0.003
3506	0.0	0.1	0.002
3507	0.0	0.1	0.001
3508	0.0	0.1	0.000
3509	0.0	0.1	0.001
3510	0.0	0.1	0.004
3511	0.0	0.1	0.010
3512	0.0	0.1	0.010
3513	0.0	0.1	0.010
3514	0.0	0.1	0.011
3515	0.0	0.1	0.010
3516	0.0	0.1	0.010
3517	0.0	0.1	0.009
3518	0.0	0.1	0.008
3519	0.0	0.1	0.007
3520	0.0	0.1	0.007
3521	0.0	0.1	0.007
3522	0.0	0.1	0.009
3523	0.0	0.1	0.010
3524	0.0	0.1	0.012
3525	0.0	0.1	0.013
3526	0.0	0.1	0.012
3527	0.0	0.1	0.007
3528	0.0	0.1	0.004
3529	0.0	0.1	0.003
3530	0.0	0.1	0.002
3531	0.0	0.1	0.001
3532	0.0	0.1	0.000
3533	0.0	0.1	0.001
3534	0.0	0.1	0.004
3535	0.0	0.1	0.010
3536	0.0	0.1	0.010
3537	0.0	0.1	0.010
3538	0.0	0.1	0.011
3539	0.0	0.1	0.010
3540	0.0	0.1	0.010
3541	0.0	0.1	0.009
3542	0.0	0.1	0.008
3543	0.0	0.1	0.007
3544	0.0	0.1	0.007
3545	0.0	0.1	0.007
3546	0.0	0.1	0.009
3547	0.0	0.1	0.010
3548	0.0	0.1	0.012
3549	0.0	0.1	0.013
3550	0.0	0.1	0.012
3551	0.0	0.1	0.007
3552	0.0	0.1	0.004
3553	0.0	0.1	0.003
3554	0.0	0.1	0.002
3555	0.0	0.1	0.001
3556	0.0	0.1	0.000
3557	0.0	0.1	0.001
3558	0.0	0.1	0.004
3559	0.0	0.1	0.010
3560	0.0	0.1	0.010
3561	0.0	0.1	0.010
3562	0.0	0.1	0.011
3563	0.0	0.1	0.010
3564	0.0	0.1	0.010
3565	0.0	0.1	0.009
3566	0.0	0.1	0.008
3567	0.0	0.1	0.007
3568	0.0	0.1	0.007
3569	0.0	0.1	0.007
3570	0.0	0.1	0.009
3571	0.0	0.1	0.010
3572	0.0	0.1	0.012
3573	0.0	0.1	0.013
3574	0.0	0.1	0.012
3575	0.0	0.1	0.007
3576	0.0	0.1	0.004
3577	0.0	0.1	0.003
3578	0.0	0.1	0.002
3579	0.0	0.1	0.001
3580	0.0	0.1	0.000
3581	0.0	0.1	0.001
3582	0.0	0.1	0.004
3583	0.0	0.1	0.010
3584	0.0	0.1	0.010
3585	0.0	0.1	0.010
3586	0.0	0.1	0.011
3587	0.0	0.1	0.010
3588	0.0	0.1	0.010
3589	0.0	0.1	0.009
3590	0.0	0.1	0.008
3591	0.0	0.1	0.007
3592	0.0	0.1	0.007
3593	0.0	0.1	0.007
3594	0.0	0.1	0.009
3595	0.0	0.1	0.010
3596	0.0	0.1	0.012
3597	0.0	0.1	0.013
3598	0.0	0.1	0.012
3599	0.0	0.1	0.007
3600	0.0	0.1	0.004
3601	0.0	0.1	0.003
3602	0.0	0.1	0.002
3603	0.0	0.1	0.001
3604	0.0	0.1	0.000
3605	0.0	0.1	0.001
3606	0.0	0.1	0.004
3607	0.0	0.1	0.010
3608	0.0	0.1	0.010
3609	0.0	0.1	0.010
3610	0.0	0.1	0.011
3611	0.0	0.1	0.010
3612	0.0	0.1	0.010
3613	0.0	0.1	0.009
3614	0.0	0.1	0.008
3615	0.0	0.1	0.007
3616	0.0	0.1	0.007
3617	0.0	0.1	0.007
3618	0.0	0.1	0.009
3619	0.0	0.1	0.010
3620	0.0	0.1	0.012
3621	0.0	0.1	0.013
3622	0.0	0.1	0.012
3623	0.0	0.1	0.007
3624	0.0	0.1	0.004
3625	0.0	0.1	0.003
3626	0.0	0.1	0.002
3627	0.0	0.1	0.001
3628	0.0	0.1	0.000
3629	0.0	0.1	0.001
3630	0.0	0.1	0.004
3631	0.0	0.1	0.010
3632	0.0	0.1	0.010
3633	0.0	0.1	0.010
3634	0.0	0.1	0.011
3635	0.0	0.1	0.010
3636	0.0	0.1	0.010
3637	0.0	0.1	0.009
3638	0.0	0.1	0.008
3639	0.0	0.1	0.007
3640	0.0	0.1	0.007
3641	0.0	0.1	0.007
3642	0.0	0.1	0.009
3643	0.0	0.1	0.010
3644	0.0	0.1	0.012
3645	0.0	0.1	0.013
3646	0.0	0.1	0.012
3647	0.0	0.1	0.007
3648	0.0	0.1	0.004
3649	0.0	0.1	0.003
3650	0.0	0.1	0.002
3651	0.0	0.1	0.001
3652	0.0	0.1	0.000
3653	0.0	0.1	0.001
3654	0.0	0.1	0.004
3655	0.0	0.1	0.010
3656	0.0	0.1	0.010
3657	0.0	0.1	0.010
3658	0.0	0.1	0.011
3659	0.0	0.1	0.010
3660	0.0	0.1	0.010
3661	0.0	0.1	0.009
3662	0.0	0.1	0.008
3663	0.0	0.1	0.007
3664	0.0	0.1	0.007
3665	0.0	0.1	0.007
3666	0.0	0.1	0.009
3667	0.0	0.1	0.010
3668	0.0	0.1	0.012
3669	0.0	0.1	0.013
3670	0.0	0.1	0.012
3671	0.0	0.1	0.007
3672	0.0	0.1	0.004
3673	0.0	0.1	0.003
3674	0.0	0.1	0.002
3675	0.0	0.1	0.001
3676	0.0	0.1	0.000
3677	0.0	0.1	0.001
3678	0.0	0.1	0.004
3679	0.0	0.1	0.010
3680	0.0	0.1	0.010
3681	0.0	0.1	0.010
3682	0.0	0.1	0.011
3683	0.0	0.1	0.010
3684	0.0	0.1	0.010
3685	0.0	0.1	0.009
3686	0.0	0.1	0.008
3687	0.0	0.1	0.007
3688	0.0	0.1	0.007
3689	0.0	0.1	0.007
3690	0.0	0.1	0.009
3691	0.0	0.1	0.010
3692	0.0	0.1	0.012
3693	0.0	0.1	0.013
3694	0.0	0.1	0.012
3695	0.0	0.1	0.007
3696	0.0	0.1	0.004
3697	0.0	0.1	0.003
3698	0.0	0.1	0.002
3699	0.0	0.1	0.001
3700	0.0	0.1	0.000
3701	0.0	0.1	0.001
3702	0.0	0.1	0.004
3703	0.0	0.1	0.010
3704	0.0	0.1	0.010
3705	0.0	0.1	0.010
3706	0.0	0.1	0.011
3707	0.0	0.1	0.010
3708	0.0	0.1	0.010
3709	0.0	0.1	0.009
3710	0.0	0.1	0.008
3711	0.0	0.1	0.007
3712	0.0	0.1	0.007
3713	0.0	0.1	0.007
3714	0.0	0.1	0.009
3715	0.0	0.1	0.010
3716	0.0	0.1	0.012
3717	0.0	0.1	0.013
3718	0.0	0.1	0.012
3719	0.0	0.1	0.007
3720	0.0	0.1	0.004
3721	0.0	0.1	0.003
3722	0.0	0.1	0.002
3723	0.0	0.1	0.001
3724	0.0	0.1	0.000
3725	0.0	0.1	0.001
3726	0.0	0.1	0.004
3727	0.0	0.1	0.010
3728	0.0	0.1	0.010
3729	0.0	0.1	0.010
3730	0.0	0.1	0.011
3731	0.0	0.1	0.010
3732	0.0	0.1	0.010
3733	0.0	0.1	0.009
3734	0.0	0.1	0.008
3735	0.0	0.1	0.007
3736	0.0	0.1	0.007
3737	0.0	0.1	0.007
3738	0.0	0.1	0.009
3739	0.0	0.1	0.010
3740	0.0	0.1	0.012
3741	0.0	0.1	0.013
3742	0.0	0.1	0.012
3743	0.0	0.1	0.007
3744	0.0	0.1	0.004
3745	0.0	0.1	0.003
3746	0.0	0.1	0.002
3747	0.0	0.1	0.001
3748	0.0	0.1	0.000
3749	0.0	0.1	0.001
3750	0.0	0.1	0.004
3751	0.0	0.1	0.010
3752	0.0	0.1	0.010
3753	0.0	0.1	0.010
3754	0.0	0.1	0.011
3755	0.0	0.1	0.010
3756	0.0	0.1	0.010
3757	0.0	0.1	0.009
3758	0.0	0.1	0.008
3759	0.0	0.1	0.007
3760	0.0	0.1	0.007
3761	0.0	0.1	0.007
3762	0.0	0.1	0.009
3763	0.0	0.1	0.010
3764	0.0	0.1	0.012
3765	0.0	0.1	0.013
3766	0.0	0.1	0.012
3767	0.0	0.1	0.007
3768	0.0	0.1	0.004
3769	0.0	0.1	0.003
3770	0.0	0.1	0.002
3771	0.0	0.1	0.001
3772	0.0	0.1	0.000
3773	0.0	0.1	0.001
3774	0.0	0.1	0.004
3775	0.0	0.1	0.010
3776	0.0	0.1	0.010
3777	0.0	0.1	0.010
3778	0.0	0.1	0.011
3779	0.0	0.1	0.010
3780	0.0	0.1	0.010
3781	0.0	0.1	0.009
3782	0.0	0.1	0.008
3783	0.0	0.1	0.007
3784	0.0	0.1	0.007
3785	0.0	0.1	0.007
3786	0.0	0.1	0.009
3787	0.0	0.1	0.010
3788	0.0	0.1	0.012
3789	0.0	0.1	0.013
3790	0.0	0.1	0.012
3791	0.0	0.1	0.007
3792	0.0	0.1	0.004
3793	0.0	0.1	0.003
3794	0.0	0.1	0.002
3795	0.0	0.1	0.001
3796	0.0	0.1	0.000
3797	0.0	0.1	0.001
3798	0.0	0.1	0.004
3799	0.0	0.1	0.010
3800	0.0	0.1	0.010
3801	0.0	0.1	0.010
3802	0.0	0.1	0.011
3803	0.0	0.1	0.010
3804	0.0	0.1	0.010
3805	0.0	0.1	0.009
3806	0.0	0.1	0.008
3807	0.0	0.1	0.007
3808	0.0	0.1	0.007
3809	0.0	0.1	0.007
3810	0.0	0.1	0.009
3811	0.0	0.1	0.010
3812	0.0	0.1	0.012
3813	0.0	0.1	0.013
3814	0.0	0.1	0.012
3815	0.0	0.1	0.007
3816	0.0	0.1	0.004
3817	0.0	0.1	0.003
3818	0.0	0.1	0.002
3819	0.0	0.1	0.001
3820	0.0	0.1	0.000
3821	0.0	0.1	0.001
3822	0.0	0.1	0.004
3823	0.0	0.1	0.010
3824	0.0	0.1	0.010
3825	0.0	0.1	0.010
3826	0.0	0.1	0.011
3827	0.0	0.1	0.010
3828	0.0	0.1	0.010
3829	0.0	0.1	0.009
3830	0.0	0.1	0.008
3831	0.0	0.1	0.007
3832	0.0	0.1	0.007
3833	0.0	0.1	0.007
3834	0.0	0.1	0.009
3835	0.0	0.1	0.010
3836	0.0	0.1	0.012
3837	0.0	0.1	0.013
3838	0.0	0.1	0.012
3839	0.0	0.1	0.007
3840	0.0	0.1	0.004
3841	0.0	0.1	0.003
3842	0.0	0.1	0.002
3843	0.0	0.1	0.001
3844	0.0	0.1	0.000
3845	0.0	0.1	0.001
3846	0.0	0.1	0.004
3847	0.0	0.1	0.010
3848	0.0	0.1	0.010
3849	0.0	0.1	0.010
3850	0.0	0.1	0.011
3851	0.0	0.1	0.010
3852	0.0	0.1	0.010
3853	0.0	0.1	0.009
3854	0.0	0.1	0.008
3855	0.0	0.1	0.007
3856	0.0	0.1	0.007
3857	0.0	0.1	0.007
3858	0.0	0.1	0.009
3859	0.0	0.1	0.010
3860	0.0	0.1	0.012
3861	0.0	0.1	0.013
3862	0.0	0.1	0.012
3863	0.0	0.1	0.007
3864	0.0	0.1	0.004
3865	0.0	0.1	0.003
3866	0.0	0.1	0.002
3867	0.0	0.1	0.001
3868	0.0	0.1	0.000
3869	0.0	0.1	0.001
3870	0.0	0.1	0.004
3871	0.0	0.1	0.010
3872	0.0	0.1	0.010
3873	0.0	0.1	0.010
3874	0.0	0.1	0.011
3875	0.0	0.1	0.010
3876	0.0	0.1	0.010
3877	0.0	0.1	0.009
3878	0.0	0.1	0.008
3879	0.0	0.1	0.007
3880	0.0	0.1	0.007
3881	0.0	0.1	0.007
3882	0.0	0.1	0.009
3883	0.0	0.1	0.010
3884	0.0	0.1	0.012
3885	0.0	0.1	0.013
3886	0.0	0.1	0.012
3887	0.0	0.1	0.007
3888	0.0	0.1	0.004
3889	0.0	0.1	0.003
3890	0.0	0.1	0.002
3891	0.0	0.1	0.001
3892	0.0	0.1	0.000
3893	0.0	0.1	0.001
3894	0.0	0.1	0.004
3895	0.0	0.1	0.010
3896	0.0	0.1	0.010
3897	0.0	0.1	0.010
3898	0.0	0.1	0.011
3899	0.0	0.1	0.010
3900	0.0	0.1	0.010
3901	0.0	0.1	0.009
3902	0.0	0.1	0.008
3903	0.0	0.1	0.007
3904	0.0	0.1	0.007
3905	0.0	0.1	0.007
3906	0.0	0.1	0.009
3907	0.0	0.1	0.010
3908	0.0	0.1	0.012
3909	0.0	0.1	0.013
3910	0.0	0.1	0.012
3911	0.0	0.1	0.007
3912	0.0	0.1	0.004
3913	0.0	0.1	0.003
3914	0.0	0.1	0.002
3915	0.0	0.1	0.001
3916	0.0	0.1	0.000
3917	0.0	0.1	0.001
3918	0.0	0.1	0.004
3919	0.0	0.1	0.010
3920	0.0	0.1	0.010
3921	0.0	0.1	0.010
3922	0.0	0.1	0.011
3923	0.0	0.1	0.010
3924	0.0	0.1	0.010
3925	0.0	0.1	0.009
3926	0.0	0.1	0.008
3927	0.0	0.1	0.007
3928	0.0	0.1	0.007
3929	0.0	0.1	0.007
3930	0.0	0.1	0.009
3931	0.0	0.1	0.010
3932	0.0	0.1	0.012
3933	0.0	0.1	0.013
3934	0.0	0.1	0.012
3935	0.0	0.1	0.007
3936	0.0	0.1	0.004
3937	0.0	0.1	0.003
3938	0.0	0.1	0.002
3939	0.0	0.1	0.001
3940	0.0	0.1	0.000
3941	0.0	0.1	0.001
3942	0.0	0.1	0.004
3943	0.0	0.1	0.010
3944	0.0	0.1	0.010
3945	0.0	0.1	0.010
3946	0.0	0.1	0.011
3947	0.0	0.1	0.010
3948	0.0	0.1	0.010
3949	0.0	0.1	0.009
3950	0.0	0.1	0.008
3951	0.0	0.1	0.007
3952	0.0	0.1	0.007
3953	0.0	0.1	0.007
3954	0.0	0.1	0.009
3955	0.0	0.1	0.010
3956	0.0	0.1	0.012
3957	0.0	0.1	0.013
3958	0.0	0.1	0.012
3959	0.0	0.1	0.007
3960	0.0	0.1	0.004
3961	0.0	0.1	0.003
3962	0.0	0.1	0.002
3963	0.0	0.1	0.001
3964	0.0	0.1	0.000
3965	0.0	0.1	0.001
3966	0.0	0.1	0.004
3967	0.0	0.1	0.010
3968	0.0	0.1	0.010
3969	0.0	0.1	0.010
3970	0.0	0.1	0.011
3971	0.0	0.1	0.010
3972	0.0	0.1	0.010
3973	0.0	0.1	0.009
3974	0.0	0.1	0.008
3975	0.0	0.1	0.007
3976	0.0	0.1	0.007
3977	0.0	0.1	0.007
3978	0.0	0.1	0.009
3979	0.0	0.1	0.010
3980	0.0	0.1	0.012
3981	0.0	0.1	0.013
3982	0.0	0.1	0.012
3983	0.0	0.1	0.007
3984	0.0	0.1	0.004
3985	0.0	0.1	0.003
3986	0.0	0.1	0.002
3987	0.0	0.1	0.001
3988	0.0	0.1	0.000
3989	0.0	0.1	0.001
3990	0.0	0.1	0.004
3991	0.0	0.1	0.010
3992	0.0	0.1	0.010
3993	0.0	0.1	0.010
3994	0.0	0.1	0.011
3995	0.0	0.1	0.010
3996	0.0	0.1	0.010
3997	0.0	0.1	0.009
3998	0.0	0.1	0.008
3999	0.0	0.1	0.007
4000	0.0	0.1	0.007
4001	0.0	0.1	0.007
4002	0.0	0.1	0.009
4003	0.0	0.1	0.010
4004	0.0	0.1	0.012
4005	0.0	0.1	0.013
4006	0.0	0.1	0.012
4007	0.0	0.1	0.007
4008	0.0	0.1	0.004
4009	0.0	0.1	0.003
4010	0.0	0.1	0.002
4011	0.0	0.1	0.001
4012	0.0	0.1	0.000
4013	0.0	0.1	0.001
4014	0.0	0.1	0.004
4015	0.0	0.1	0.010
4016	0.0	0.1	0.010
4017	0.0	0.1	0.010
4018	0.0	0.1	0.011
4019	0.0	0.1	0.010
4020	0.0	0.1	0.010
4021	0.0	0.1	0.009
4022	0.0	0.1	0.008
4023	0.0	0.1	0.007
4024	0.0	0.1	0.007
4025	0.0	0.1	0.007
4026	0.0	0.1	0.009
4027	0.0	0.1	0.010
4028	0.0	0.1	0.012
4029	0.0	0.1	0.013
4030	0.0	0.1	0.012
4031	0.0	0.1	0.007
4032	0.0	0.1	0.004
4033	0.0	0.1	0.003
4034	0.0	0.1	0.002
4035	0.0	0.1	0.001
4036	0.0	0.1	0.000
4037	0.0	0.1	0.001
4038	0.0	0.1	0.004
4039	0.0	0.1	0.010
4040	0.0	0.1	0.010
4041	0.0	0.1	0.010
4042	0.0	0.1	0.011
4043	0.0	0.1	0.010
4044	0.0	0.1	0.010
4045	0.0	0.1	0.009
4046	0.0	0.1	0.008
4047	0.0	0.1	0.007
4048	0.0	0.1	0.007
4049	0.0	0.1	0.007
4050	0.0	0.1	0.009
4051	0.0	0.1	0.010
4052	0.0	0.1	0.012
4053	0.0	0.1	0.013
4054	0.0	0.1	0.012
4055	0.0	0.1	0.007
4056	0.0	0.1	0.004
4057	0.0	0.1	0.003
4058	0.0	0.1	0.002
4059	0.0	0.1	0.001
4060	0.0	0.1	0.000
4061	0.0	0.1	0.001
4062	0.0	0.1	0.004
4063	0.0	0.1	0.010
4064	0.0	0.1	0.010
4065	0.0	0.1	0.010
4066	0.0	0.1	0.011
4067	0.0	0.1	0.010
4068	0.0	0.1	0.010
4069	0.0	0.1	0.009
4070	0.0	0.1	0.008
4071	0.0	0.1	0.007
4072	0.0	0.1	0.007
4073	0.0	0.1	0.007
4074	0.0	0.1	0.009
4075	0.0	0.1	0.010
4076	0.0	0.1	0.012
4077	0.0	0.1	0.013
4078	0.0	0.1	0.012
4079	0.0	0.1	0.007
4080	0.0	0.1	0.004
4081	0.0	0.1	0.003
4082	0.0	0.1	0.002
4083	0.0	0.1	0.001
4084	0.0	0.1	0.000
4085	0.0	0.1	0.001
4086	0.0	0.1	0.004
4087	0.0	0.1	0.010
4088	0.0	0.1	0.010
4089	0.0	0.1	0.010
4090	0.0	0.1	0.011
4091	0.0	0.1	0.010
4092	0.0	0.1	0.010
4093	0.0	0.1	0.009
4094	0.0	0.1	0.008
4095	0.0	0.1	0.007
4096	0.0	0.1	0.007
4097	0.0	0.1	0.007
4098	0.0	0.1	0.009
4099	0.0	0.1	0.010
4100	0.0	0.1	0.012
4101	0.0	0.1	0.013
4102	0.0	0.1	0.012
4103	0.0	0.1	0.007
4104	0.0	0.1	0.004
4105	0.0	0.1	0.003
4106	0.0	0.1	0.002
4107	0.0	0.1	0.001
4108	0.0	0.1	0.000
4109	0.0	0.1	0.001
4110	0.0	0.1	0.004
4111	0.0	0.1	0.010
4112	0.0	0.1	0.010
4113	0.0	0.1	0.010
4114	0.0	0.1	0.011
4115	0.0	0.1	0.010
4116	0.0	0.1	0.010
4117	0.0	0.1	0.009
4118	0.0	0.1	0.008
4119	0.0	0.1	0.007
4120	0.0	0.1	0.007
4121	0.0	0.1	0.007
4122	0.0	0.1	0.009
4123	0.0	0.1	0.010
4124	0.0	0.1	0.012
4125	0.0	0.1	0.013
4126	0.0	0.1	0.012
4127	0.0	0.1	0.007
4128	0.0	0.1	0.004
4129	0.0	0.1	0.003
4130	0.0	0.1	0.002
4131	0.0	0.1	0.001
4132	0.0	0.1	0.000
4133	0.0	0.1	0.001
4134	0.0	0.1	0.004
4135	0.0	0.1	0.010
4136	0.0	0.1	0.010
4137	0.0	0.1	0.010
4138	0.0	0.1	0.011
4139	0.0	0.1	0.010
4140	0.0	0.1	0.010
4141	0.0	0.1	0.009
4142	0.0	0.1	0.008
4143	0.0	0.1	0.007
4144	0.0	0.1	0.007
4145	0.0	0.1	0.007
4146	0.0	0.1	0.009
4147	0.0	0.1	0.010
4148	0.0	0.1	0.012
4149	0.0	0.1	0.013
4150	0.0	0.1	0.012
4151	0.0	0.1	0.007
4152	0.0	0.1	0.004
4153	0.0	0.1	0.003
4154	0.0	0.1	0.002
4155	0.0	0.1	0.001
4156	0.0	0.1	0.000
4157	0.0	0.1	0.001
4158	0.0	0.1	0.004
4159	0.0	0.1	0.010
4160	0.0	0.1	0.010
4161	0.0	0.1	0.010
4162	0.0	0.1	0.011
4163	0.0	0.1	0.010
4164	0.0	0.1	0.010
4165	0.0	0.1	0.009
4166	0.0	0.1	0.008
4167	0.0	0.1	0.007
4168	0.0	0.1	0.007
4169	0.0	0.1	0.007
4170	0.0	0.1	0.009
4171	0.0	0.1	0.010
4172	0.0	0.1	0.012
4173	0.0	0.1	0.013
4174	0.0	0.1	0.012
4175	0.0	0.1	0.007
4176	0.0	0.1	0.004
4177	0.0	0.1	0.003
4178	0.0	0.1	0.002
4179	0.0	0.1	0.001
4180	0.0	0.1	0.000
4181	0.0	0.0	0.001
4182	0.0	0.0	0.004
4183	0.0	0.0	0.010
4184	0.0	0.0	0.010
4185	0.0	0.0	0.010
4186	0.0	0.0	0.011
4187	0.0	0.0	0.010
4188	0.0	0.0	0.010
4189	0.0	0.0	0.009
4190	0.0	0.0	0.008
4191	0.0	0.0	0.007
4192	0.0	0.0	0.007
4193	0.0	0.0	0.007
4194	0.0	0.0	0.009
4195	0.0	0.0	0.010
4196	0.0	0.0	0.012
4197	0.0	0.0	0.013
4198	0.0	0.0	0.012
4199	0.0	0.0	0.007
4200	0.0	0.0	0.004
4201	0.0	0.0	0.003
4202	0.0	0.0	0.002
4203	0.0	0.0	0.001
4204	0.0	0.0	0.000
4205	0.0	0.0	0.001
4206	0.0	0.0	0.004
4207	0.0	0.0	0.010
4208	0.0	0.0	0.010
4209	0.0	0.0	0.010
4210	0.0	0.0	0.011
4211	0.0	0.0	0.010
4212	0.0	0.0	0.010
4213	0.0	0.0	0.009
4214	0.0	0.0	0.008
4215	0.0	0.0	0.007
4216	0.0	0.0	0.007
4217	0.0	0.0	0.007
4218	0.0	0.0	0.009
4219	0.0	0.0	0.010
4220	0.0	0.0	0.012
4221	0.0	0.0	0.013
4222	0.0	0.0	0.012
4223	0.0	0.0	0.007
4224	0.0	0.0	0.004
4225	0.0	0.0	0.003
4226	0.0	0.0	0.002
4227	0.0	0.0	0.001
4228	0.0	0.0	0.000
4229	0.0	0.0	0.001
4230	0.0	0.0	0.004
4231	0.0	0.0	0.010
4232	0.0	0.0	0.010
4233	0.0	0.0	0.010
4234	0.0	0.0	0.011
4235	0.0	0.0	0.010
4236	0.0	0.0	0.010
4237	0.0	0.0	0.009
4238	0.0	0.0	0.008
4239	0.0	0.0	0.007
4240	0.0	0.0	0.007
4241	0.0	0.0	0.007
4242	0.0	0.0	0.009
4243	0.0	0.0	0.010
4244	0.0	0.0	0.012
4245	0.0	0.0	0.013
4246	0.0	0.0	0.012
4247	0.0	0.0	0.007
4248	0.0	0.0	0.004
4249	0.0	0.0	0.003
4250	0.0	0.0	0.002
4251	0.0	0.0	0.001
4252	0.0	0.0	0.000
4253	0.0	0.0	0.001
4254	0.0	0.0	0.004
4255	0.0	0.0	0.010
4256	0.0	0.0	0.010
4257	0.0	0.0	0.010
4258	0.0	0.0	0.011
4259	0.0	0.0	0.010
4260	0.0	0.0	0.010
4261	0.0	0.0	0.009
4262	0.0	0.0	0.008
4263	0.0	0.0	0.007
4264	0.0	0.0	0.007
4265	0.0	0.0	0.007
4266	0.0	0.0	0.009
4267	0.0	0.0	0.010
4268	0.0	0.0	0.012
4269	0.0	0.0	0.013
4270	0.0	0.0	0.012
4271	0.0	0.0	0.007
4272	0.0	0.0	0.004
4273	0.0	0.0	0.003
4274	0.0	0.0	0.002
4275	0.0	0.0	0.001
4276	0.0	0.0	0.000
4277	0.0	0.0	0.001
4278	0.0	0.0	0.004
4279	0.0	0.0	0.010
4280	0.0	0.0	0.010
4281	0.0	0.0	0.010
4282	0.0	0.0	0.011
4283	0.0	0.0	0.010
4284	0.0	0.0	0.010
4285	0.0	0.0	0.009
4286	0.0	0.0	0.008
4287	0.0	0.0	0.007
4288	0.0	0.0	0.007
4289	0.0	0.0	0.007
4290	0.0	0.0	0.009
4291	0.0	0.0	0.010
4292	0.0	0.0	0.012
4293	0.0	0.0	0.013
4294	0.0	0.0	0.012
4295	0.0	0.0	0.007
4296	0.0	0.0	0.004
4297	0.0	0.0	0.003
4298	0.0	0.0	0.002
4299	0.0	0.0	0.001
4300	0.0	0.0	0.000
4301	0.0	0.0	0.001
4302	0.0	0.0	0.004
4303	0.0	0.0	0.010
4304	0.0	0.0	0.010
4305	0.0	0.0	0.010
4306	0.0	0.0	0.011
4307	0.0	0.0	0.010
4308	0.0	0.0	0.010
4309	0.0	0.0	0.009
4310	0.0	0.0	0.008
4311	0.0	0.0	0.007
4312	0.0	0.0	0.007
4313	0.0	0.0	0.007
4314	0.0	0.0	0.009
4315	0.0	0.0	0.010
4316	0.0	0.0	0.012
4317	0.0	0.0	0.013
4318	0.0	0.0	0.012
4319	0.0	0.0	0.007
4320	0.0	0.0	0.004
4321	0.0	0.0	0.003
4322	0.0	0.0	0.002
4323	0.0	0.0	0.001
4324	0.0	0.0	0.000
4325	0.0	0.0	0.001
4326	0.0	0.0	0.004
4327	0.0	0.0	0.010
4328	0.0	0.0	0.010
4329	0.0	0.0	0.010
4330	0.0	0.0	0.011
4331	0.0	0.0	0.010
4332	0.0	0.0	0.010
4333	0.0	0.0	0.009
4334	0.0	0.0	0.008
4335	0.0	0.0	0.007
4336	0.0	0.0	0.007
4337	0.0	0.0	0.007
4338	0.0	0.0	0.009
4339	0.0	0.0	0.010
4340	0.0	0.0	0.012
4341	0.0	0.0	0.013
4342	0.0	0.0	0.012
4343	0.0	0.0	0.007
4344	0.0	0.0	0.004
4345	0.0	0.0	0.003
4346	0.0	0.0	0.002
4347	0.0	0.0	0.001
4348	0.0	0.0	0.000
4349	0.0	0.0	0.001
4350	0.0	0.0	0.004
4351	0.0	0.0	0.010
4352	0.0	0.0	0.010
4353	0.0	0.0	0.010
4354	0.0	0.0	0.011
4355	0.0	0.0	0.010
4356	0.0	0.0	0.010
4357	0.0	0.0	0.009
4358	0.0	0.0	0.008
4359	0.0	0.0	0.007
4360	0.0	0.0	0.007
4361	0.0	0.0	0.007
4362	0.0	0.0	0.009
4363	0.0	0.0	0.010
4364	0.0	0.0	0.012
4365	0.0	0.0	0.013
4366	0.0	0.0	0.012
4367	0.0	0.0	0.007
4368	0.0	0.0	0.004
4369	0.0	0.0	0.003
4370	0.0	0.0	0.002
4371	0.0	0.0	0.001
4372	0.0	0.0	0.000
4373	0.0	0.0	0.001
4374	0.0	0.0	0.004
4375	0.0	0.0	0.010
4376	0.0	0.0	0.010
4377	0.0	0.0	0.010
4378	0.0	0.0	0.011
4379	0.0	0.0	0.010
4380	0.0	0.0	0.010
4381	0.0	0.0	0.009
4382	0.0	0.0	0.008
4383	0.0	0.0	0.007
4384	0.0	0.0	0.007
4385	0.0	0.0	0.007
4386	0.0	0.0	0.009
4387	0.0	0.0	0.010
4388	0.0	0.0	0.012
4389	0.0	0.0	0.013
4390	0.0	0.0	0.012
4391	0.0	0.0	0.007
4392	0.0	0.0	0.004
4393	0.0	0.0	0.003
4394	0.0	0.0	0.002
4395	0.0	0.0	0.001
4396	0.0	0.0	0.000
4397	0.0	0.0	0.001
4398	0.0	0.0	0.004
4399	0.0	0.0	0.010
4400	0.0	0.0	0.010
4401	0.0	0.0	0.010
4402	0.0	0.0	0.011
4403	0.0	0.0	0.010
4404	0.0	0.0	0.010
4405	0.0	0.0	0.009
4406	0.0	0.0	0.008
4407	0.0	0.0	0.007
4408	0.0	0.0	0.007
4409	0.0	0.0	0.007
4410	0.0	0.0	0.009
4411	0.0	0.0	0.010
4412	0.0	0.0	0.012
4413	0.0	0.0	0.013
4414	0.0	0.0	0.012
4415	0.0	0.0	0.007
4416	0.0	0.0	0.004
4417	0.0	0.0	0.003
4418	0.0	0.0	0.002
4419	0.0	0.0	0.001
4420	0.0	0.0	0.000
4421	0.0	0.0	0.001
4422	0.0	0.0	0.004
4423	0.0	0.0	0.010
4424	0.0	0.0	0.010
4425	0.0	0.0	0.010
4426	0.0	0.0	0.011
4427	0.0	0.0	0.010
4428	0.0	0.0	0.010
4429	0.0	0.0	0.009
4430	0.0	0.0	0.008
4431	0.0	0.0	0.007
4432	0.0	0.0	0.007
4433	0.0	0.0	0.007
4434	0.0	0.0	0.009
4435	0.0	0.0	0.010
4436	0.0	0.0	0.012
4437	0.0	0.0	0.013
4438	0.0	0.0	0.012
4439	0.0	0.0	0.007
4440	0.0	0.0	0.004
4441	0.0	0.0	0.003
4442	0.0	0.0	0.002
4443	0.0	0.0	0.001
4444	0.0	0.0	0.000
4445	0.0	0.0	0.001
4446	0.0	0.0	0.004
4447	0.0	0.0	0.010
4448	0.0	0.0	0.010
4449	0.0	0.0	0.010
4450	0.0	0.0	0.011
4451	0.0	0.0	0.010
4452	0.0	0.0	0.010
4453	0.0	0.0	0.009
4454	0.0	0.0	0.008
4455	0.0	0.0	0.007
4456	0.0	0.0	0.007
4457	0.0	0.0	0.007
4458	0.0	0.0	0.009
4459	0.0	0.0	0.010
4460	0.0	0.0	0.012
4461	0.0	0.0	0.013
4462	0.0	0.0	0.012
4463	0.0	0.0	0.007
4464	0.0	0.0	0.004
4465	0.0	0.0	0.003
4466	0.0	0.0	0.002
4467	0.0	0.0	0.001
4468	0.0	0.0	0.000
4469	0.0	0.0	0.001
4470	0.0	0.0	0.004
4471	0.0	0.0	0.010
4472	0.0	0.0	0.010
4473	0.0	0.0	0.010
4474	0.0	0.0	0.011
4475	0.0	0.0	0.010
4476	0.0	0.0	0.010
4477	0.0	0.0	0.009
4478	0.0	0.0	0.008
4479	0.0	0.0	0.007
4480	0.0	0.0	0.007
4481	0.0	0.0	0.007
4482	0.0	0.0	0.009
4483	0.0	0.0	0.010
4484	0.0	0.0	0.012
4485	0.0	0.0	0.013
4486	0.0	0.0	0.012
4487	0.0	0.0	0.007
4488	0.0	0.0	0.004
4489	0.0	0.0	0.003
4490	0.0	0.0	0.002
4491	0.0	0.0	0.001
4492	0.0	0.0	0.000
4493	0.0	0.0	0.001
4494	0.0	0.0	0.004
4495	0.0	0.0	0.010
4496	0.0	0.0	0.010
4497	0.0	0.0	0.010
4498	0.0	0.0	0.011
4499	0.0	0.0	0.010
4500	0.0	0.0	0.010
4501	0.0	0.0	0.009
4502	0.0	0.0	0.008
4503	0.0	0.0	0.007
4504	0.0	0.0	0.007
4505	0.0	0.0	0.007
4506	0.0	0.0	0.009
4507	0.0	0.0	0.010
4508	0.0	0.0	0.012
4509	0.0	0.0	0.013
4510	0.0	0.0	0.012
4511	0.0	0.0	0.007
4512	0.0	0.0	0.004
4513	0.0	0.0	0.003
4514	0.0	0.0	0.002
4515	0.0	0.0	0.001
4516	0.0	0.0	0.000
4517	0.0	0.0	0.001
4518	0.0	0.0	0.004
4519	0.0	0.0	0.010
4520	0.0	0.0	0.010
4521	0.0	0.0	0.010
4522	0.0	0.0	0.011
4523	0.0	0.0	0.010
4524	0.0	0.0	0.010
4525	0.0	0.0	0.009
4526	0.0	0.0	0.008
4527	0.0	0.0	0.007
4528	0.0	0.0	0.007
4529	0.0	0.0	0.007
4530	0.0	0.0	0.009
4531	0.0	0.0	0.010
4532	0.0	0.0	0.012
4533	0.0	0.0	0.013
4534	0.0	0.0	0.012
4535	0.0	0.0	0.007
4536	0.0	0.0	0.004
4537	0.0	0.0	0.003
4538	0.0	0.0	0.002
4539	0.0	0.0	0.001
4540	0.0	0.0	0.000
4541	0.0	0.0	0.001
4542	0.0	0.0	0.004
4543	0.0	0.0	0.010
4544	0.0	0.0	0.010
4545	0.0	0.0	0.010
4546	0.0	0.0	0.011
4547	0.0	0.0	0.010
4548	0.0	0.0	0.010
4549	0.0	0.0	0.009
4550	0.0	0.0	0.008
4551	0.0	0.0	0.007
4552	0.0	0.0	0.007
4553	0.0	0.0	0.007
4554	0.0	0.0	0.009
4555	0.0	0.0	0.010
4556	0.0	0.0	0.012
4557	0.0	0.0	0.013
4558	0.0	0.0	0.012
4559	0.0	0.0	0.007
4560	0.0	0.0	0.004
4561	0.0	0.0	0.003
4562	0.0	0.0	0.002
4563	0.0	0.0	0.001
4564	0.0	0.0	0.000
4565	0.0	0.0	0.001
4566	0.0	0.0	0.004
4567	0.0	0.0	0.010
4568	0.0	0.0	0.010
4569	0.0	0.0	0.010
4570	0.0	0.0	0.011
4571	0.0	0.0	0.010
4572	0.0	0.0	0.010
4573	0.0	0.0	0.009
4574	0.0	0.0	0.008
4575	0.0	0.0	0.007
4576	0.0	0.0	0.007
4577	0.0	0.0	0.007
4578	0.0	0.0	0.009
4579	0.0	0.0	0.010
4580	0.0	0.0	0.012
4581	0.0	0.0	0.013
4582	0.0	0.0	0.012
4583	0.0	0.0	0.007
4584	0.0	0.0	0.004
4585	0.0	0.0	0.003
4586	0.0	0.0	0.002
4587	0.0	0.0	0.001
4588	0.0	0.0	0.000
4589	0.0	0.0	0.001
4590	0.0	0.0	0.004
4591	0.0	0.0	0.010
4592	0.0	0.0	0.010
4593	0.0	0.0	0.010
4594	0.0	0.0	0.011
4595	0.0	0.0	0.010
4596	0.0	0.0	0.010
4597	0.0	0.0	0.009
4598	0.0	0.0	0.008
4599	0.0	0.0	0.007
4600	0.0	0.0	0.007
4601	0.0	0.0	0.007
4602	0.0	0.0	0.009
4603	0.0	0.0	0.010
4604	0.0	0.0	0.012
4605	0.0	0.0	0.013
4606	0.0	0.0	0.012
4607	0.0	0.0	0.007
4608	0.0	0.0	0.004
4609	0.0	0.0	0.003
4610	0.0	0.0	0.002
4611	0.0	0.0	0.001
4612	0.0	0.0	0.000
4613	0.0	0.0	0.001
4614	0.0	0.0	0.004
4615	0.0	0.0	0.010
4616	0.0	0.0	0.010
4617	0.0	0.0	0.010
4618	0.0	0.0	0.011
4619	0.0	0.0	0.010
4620	0.0	0.0	0.010
4621	0.0	0.0	0.009
4622	0.0	0.0	0.008
4623	0.0	0.0	0.007
4624	0.0	0.0	0.007
4625	0.0	0.0	0.007
4626	0.0	0.0	0.009
4627	0.0	0.0	0.010
4628	0.0	0.0	0.012
4629	0.0	0.0	0.013
4630	0.0	0.0	0.012
4631	0.0	0.0	0.007
4632	0.0	0.0	0.004
4633	0.0	0.0	0.003
4634	0.0	0.0	0.002
4635	0.0	0.0	0.001
4636	0.0	0.0	0.000
4637	0.0	0.0	0.001
4638	0.0	0.0	0.004
4639	0.0	0.0	0.010
4640	0.0	0.0	0.010
4641	0.0	0.0	0.010
4642	0.0	0.0	0.011
4643	0.0	0.0	0.010
4644	0.0	0.0	0.010
4645	0.0	0.0	0.009
4646	0.0	0.0	0.008
4647	0.0	0.0	0.007
4648	0.0	0.0	0.007
4649	0.0	0.0	0.007
4650	0.0	0.0	0.009
4651	0.0	0.0	0.010
4652	0.0	0.0	0.012
4653	0.0	0.0	0.013
4654	0.0	0.0	0.012
4655	0.0	0.0	0.007
4656	0.0	0.0	0.004
4657	0.0	0.0	0.003
4658	0.0	0.0	0.002
4659	0.0	0.0	0.001
4660	0.0	0.0	0.000
4661	0.0	0.0	0.001
4662	0.0	0.0	0.004
4663	0.0	0.0	0.010
4664	0.0	0.0	0.010
4665	0.0	0.0	0.010
4666	0.0	0.0	0.011
4667	0.0	0.0	0.010
4668	0.0	0.0	0.010
4669	0.0	0.0	0.009
4670	0.0	0.0	0.008
4671	0.0	0.0	0.007
4672	0.0	0.0	0.007
4673	0.0	0.0	0.007
4674	0.0	0.0	0.009
4675	0.0	0.0	0.010
4676	0.0	0.0	0.012
4677	0.0	0.0	0.013
4678	0.0	0.0	0.012
4679	0.0	0.0	0.007
4680	0.0	0.0	0.004
4681	0.0	0.0	0.003
4682	0.0	0.0	0.002
4683	0.0	0.0	0.001
4684	0.0	0.0	0.000
4685	0.0	0.0	0.001
4686	0.0	0.0	0.004
4687	0.0	0.0	0.010
4688	0.0	0.0	0.010
4689	0.0	0.0	0.010
4690	0.0	0.0	0.011
4691	0.0	0.0	0.010
4692	0.0	0.0	0.010
4693	0.0	0.0	0.009
4694	0.0	0.0	0.008
4695	0.0	0.0	0.007
4696	0.0	0.0	0.007
4697	0.0	0.0	0.007
4698	0.0	0.0	0.009
4699	0.0	0.0	0.010
4700	0.0	0.0	0.012
4701	0.0	0.0	0.013
4702	0.0	0.0	0.012
4703	0.0	0.0	0.007
4704	0.0	0.0	0.004
4705	0.0	0.0	0.003
4706	0.0	0.0	0.002
4707	0.0	0.0	0.001
4708	0.0	0.0	0.000
4709	0.0	0.0	0.001
4710	0.0	0.0	0.004
4711	0.0	0.0	0.010
4712	0.0	0.0	0.010
4713	0.0	0.0	0.010
4714	0.0	0.0	0.011
4715	0.0	0.0	0.010
4716	0.0	0.0	0.010
4717	0.0	0.0	0.009
4718	0.0	0.0	0.008
4719	0.0	0.0	0.007
4720	0.0	0.0	0.007
4721	0.0	0.0	0.007
4722	0.0	0.0	0.009
4723	0.0	0.0	0.010
4724	0.0	0.0	0.012
4725	0.0	0.0	0.013
4726	0.0	0.0	0.012
4727	0.0	0.0	0.007
4728	0.0	0.0	0.004
4729	0.0	0.0	0.003
4730	0.0	0.0	0.002
4731	0.0	0.0	0.001
4732	0.0	0.0	0.000
4733	0.0	0.0	0.001
4734	0.0	0.0	0.004
4735	0.0	0.0	0.010
4736	0.0	0.0	0.010
4737	0.0	0.0	0.010
4738	0.0	0.0	0.011
4739	0.0	0.0	0.010
4740	0.0	0.0	0.010
4741	0.0	0.0	0.009
4742	0.0	0.0	0.008
4743	0.0	0.0	0.007
4744	0.0	0.0	0.007
4745	0.0	0.0	0.007
4746	0.0	0.0	0.009
4747	0.0	0.0	0.010
4748	0.0	0.0	0.012
4749	0.0	0.0	0.013
4750	0.0	0.0	0.012
4751	0.0	0.0	0.007
4752	0.0	0.0	0.004
4753	0.0	0.0	0.003
4754	0.0	0.0	0.002
4755	0.0	0.0	0.001
4756	0.0	0.0	0.000
4757	0.0	0.0	0.001
4758	0.0	0.0	0.004
4759	0.0	0.0	0.010
4760	0.0	0.0	0.010
4761	0.0	0.0	0.010
4762	0.0	0.0	0.011
4763	0.0	0.0	0.010
4764	0.0	0.0	0.010
4765	0.0	0.0	0.009
4766	0.0	0.0	0.008
4767	0.0	0.0	0.007
4768	0.0	0.0	0.007
4769	0.0	0.0	0.007
4770	0.0	0.0	0.009
4771	0.0	0.0	0.010
4772	0.0	0.0	0.012
4773	0.0	0.0	0.013
4774	0.0	0.0	0.012
4775	0.0	0.0	0.007
4776	0.0	0.0	0.004
4777	0.0	0.0	0.003
4778	0.0	0.0	0.002
4779	0.0	0.0	0.001
4780	0.0	0.0	0.000
4781	0.0	0.0	0.001
4782	0.0	0.0	0.004
4783	0.0	0.0	0.010
4784	0.0	0.0	0.010
4785	0.0	0.0	0.010
4786	0.0	0.0	0.011
4787	0.0	0.0	0.010
4788	0.0	0.0	0.010
4789	0.0	0.0	0.009
4790	0.0	0.0	0.008
4791	0.0	0.0	0.007
4792	0.0	0.0	0.007
4793	0.0	0.0	0.007
4794	0.0	0.0	0.009
4795	0.0	0.0	0.010
4796	0.0	0.0	0.012
4797	0.0	0.0	0.013
4798	0.0	0.0	0.012
4799	0.0	0.0	0.007
4800	0.0	0.0	0.004
4801	0.0	0.0	0.003
4802	0.0	0.0	0.002
4803	0.0	0.0	0.001
4804	0.0	0.0	0.000
4805	0.0	0.0	0.001
4806	0.0	0.0	0.004
4807	0.0	0.0	0.010
4808	0.0	0.0	0.010
4809	0.0	0.0	0.010
4810	0.0	0.0	0.011
4811	0.0	0.0	0.010
4812	0.0	0.0	0.010
4813	0.0	0.0	0.009
4814	0.0	0.0	0.008
4815	0.0	0.0	0.007
4816	0.0	0.0	0.007
4817	0.0	0.0	0.007
4818	0.0	0.0	0.009
4819	0.0	0.0	0.010
4820	0.0	0.0	0.012
4821	0.0	0.0	0.013
4822	0.0	0.0	0.012
4823	0.0	0.0	0.007
4824	0.0	0.0	0.004
4825	0.0	0.0	0.003
4826	0.0	0.0	0.002
4827	0.0	0.0	0.001
4828	0.0	0.0	0.000
4829	0.0	0.0	0.001
4830	0.0	0.0	0.004
4831	0.0	0.0	0.010
4832	0.0	0.0	0.010
4833	0.0	0.0	0.010
4834	0.0	0.0	0.011
4835	0.0	0.0	0.010
4836	0.0	0.0	0.010
4837	0.0	0.0	0.009
4838	0.0	0.0	0.008
4839	0.0	0.0	0.007
4840	0.0	0.0	0.007
4841	0.0	0.0	0.007
4842	0.0	0.0	0.009
4843	0.0	0.0	0.010
4844	0.0	0.0	0.012
4845	0.0	0.0	0.013
4846	0.0	0.0	0.012
4847	0.0	0.0	0.007
4848	0.0	0.0	0.004
4849	0.0	0.0	0.003
4850	0.0	0.0	0.002
4851	0.0	0.0	0.001
4852	0.0	0.0	0.000
4853	0.0	0.0	0.001
4854	0.0	0.0	0.004
4855	0.0	0.0	0.010
4856	0.0	0.0	0.010
4857	0.0	0.0	0.010
4858	0.0	0.0	0.011
4859	0.0	0.0	0.010
4860	0.0	0.0	0.010
4861	0.0	0.0	0.009
4862	0.0	0.0	0.008
4863	0.0	0.0	0.007
4864	0.0	0.0	0.007
4865	0.0	0.0	0.007
4866	0.0	0.0	0.009
4867	0.0	0.0	0.010
4868	0.0	0.0	0.012
4869	0.0	0.0	0.013
4870	0.0	0.0	0.012
4871	0.0	0.0	0.007
4872	0.0	0.0	0.004
4873	0.0	0.0	0.003
4874	0.0	0.0	0.002
4875	0.0	0.0	0.001
4876	0.0	0.0	0.000
4877	0.0	0.0	0.001
4878	0.0	0.0	0.004
4879	0.0	0.0	0.010
4880	0.0	0.0	0.010
4881	0.0	0.0	0.010
4882	0.0	0.0	0.011
4883	0.0	0.0	0.010
4884	0.0	0.0	0.010
4885	0.0	0.0	0.009
4886	0.0	0.0	0.008
4887	0.0	0.0	0.007
4888	0.0	0.0	0.007
4889	0.0	0.0	0.007
4890	0.0	0.0	0.009
4891	0.0	0.0	0.010
4892	0.0	0.0	0.012
4893	0.0	0.0	0.013
4894	0.0	0.0	0.012
4895	0.0	0.0	0.007
4896	0.0	0.0	0.004
4897	0.0	0.0	0.003
4898	0.0	0.0	0.002
4899	0.0	0.0	0.001
4900	0.0	0.0	0.000
4901	0.0	0.0	0.001
4902	0.0	0.0	0.004
4903	0.0	0.0	0.010
4904	0.0	0.0	0.010
4905	0.0	0.0	0.010
4906	0.0	0.0	0.011
4907	0.0	0.0	0.010
4908	0.0	0.0	0.010
4909	0.0	0.0	0.009
4910	0.0	0.0	0.008
4911	0.0	0.0	0.007
4912	0.0	0.0	0.007
4913	0.0	0.0	0.007
4914	0.0	0.0	0.009
4915	0.0	0.0	0.010
4916	0.0	0.0	0.012
4917	0.0	0.0	0.013
4918	0.0	0.0	0.012
4919	0.0	0.0	0.007
4920	0.0	0.0	0.004
4921	0.0	0.0	0.003
4922	0.0	0.0	0.002
4923	0.0	0.0	0.001
4924	0.0	0.0	0.000
4925	0.0	0.0	0.001
4926	0.0	0.0	0.004
4927	0.0	0.0	0.010
4928	0.0	0.0	0.010
4929	0.0	0.0	0.010
4930	0.0	0.0	0.011
4931	0.0	0.0	0.010
4932	0.0	0.0	0.010
4933	0.0	0.0	0.009
4934	0.0	0.0	0.008
4935	0.0	0.0	0.007
4936	0.0	0.0	0.007
4937	0.0	0.0	0.007
4938	0.0	0.0	0.009
4939	0.0	0.0	0.010
4940	0.0	0.0	0.012
4941	0.0	0.0	0.013
4942	0.0	0.0	0.012
4943	0.0	0.0	0.007
4944	0.0	0.0	0.004
4945	0.0	0.0	0.003
4946	0.0	0.0	0.002
4947	0.0	0.0	0.001
4948	0.0	0.0	0.000
4949	0.0	0.0	0.001
4950	0.0	0.0	0.004
4951	0.0	0.0	0.010
4952	0.0	0.0	0.010
4953	0.0	0.0	0.010
4954	0.0	0.0	0.011
4955	0.0	0.0	0.010
4956	0.0	0.0	0.010
4957	0.0	0.0	0.009
4958	0.0	0.0	0.008
4959	0.0	0.0	0.007
4960	0.0	0.0	0.007
4961	0.0	0.0	0.007
4962	0.0	0.0	0.009
4963	0.0	0.0	0.010
4964	0.0	0.0	0.012
4965	0.0	0.0	0.013
4966	0.0	0.0	0.012
4967	0.0	0.0	0.007
4968	0.0	0.0	0.004
4969	0.0	0.0	0.003
4970	0.0	0.0	0.002
4971	0.0	0.0	0.001
4972	0.0	0.0	0.000
4973	0.0	0.0	0.001
4974	0.0	0.0	0.004
4975	0.0	0.0	0.010
4976	0.0	0.0	0.010
4977	0.0	0.0	0.010
4978	0.0	0.0	0.011
4979	0.0	0.0	0.010
4980	0.0	0.0	0.010
4981	0.0	0.0	0.009
4982	0.0	0.0	0.008
4983	0.0	0.0	0.007
4984	0.0	0.0	0.007
4985	0.0	0.0	0.007
4986	0.0	0.0	0.009
4987	0.0	0.0	0.010
4988	0.0	0.0	0.012
4989	0.0	0.0	0.013
4990	0.0	0.0	0.012
4991	0.0	0.0	0.007
4992	0.0	0.0	0.004
4993	0.0	0.0	0.003
4994	0.0	0.0	0.002
4995	0.0	0.0	0.001
4996	0.0	0.0	0.000
4997	0.0	0.0	0.001
4998	0.0	0.0	0.004
4999	0.0	0.0	0.010
5000	0.0	0.0	0.010
5001	0.0	0.0	0.010
5002	0.0	0.0	0.011
5003	0.0	0.0	0.010
5004	0.0	0.0	0.010
5005	0.0	0.0	0.009
5006	0.0	0.0	0.008
5007	0.0	0.0	0.007
5008	0.0	0.0	0.007
5009	0.0	0.0	0.007
5010	0.0	0.0	0.009
5011	0.0	0.0	0.010
5012	0.0	0.0	0.012
5013	0.0	0.0	0.013
5014	0.0	0.0	0.012
5015	0.0	0.0	0.007
5016	0.0	0.0	0.004
5017	0.0	0.0	0.003
5018	0.0	0.0	0.002
5019	0.0	0.0	0.001
5020	0.0	0.0	0.000
5021	0.0	0.0	0.001
5022	0.0	0.0	0.004
5023	0.0	0.0	0.010
5024	0.0	0.0	0.010
5025	0.0	0.0	0.010
5026	0.0	0.0	0.011
5027	0.0	0.0	0.010
5028	0.0	0.0	0.010
5029	0.0	0.0	0.009
5030	0.0	0.0	0.008
5031	0.0	0.0	0.007
5032	0.0	0.0	0.007
5033	0.0	0.0	0.007
5034	0.0	0.0	0.009
5035	0.0	0.0	0.010
5036	0.0	0.0	0.012
5037	0.0	0.0	0.013
5038	0.0	0.0	0.012
5039	0.0	0.0	0.007
5040	0.0	0.0	0.004
5041	0.0	0.0	0.003
5042	0.0	0.0	0.002
5043	0.0	0.0	0.001
5044	0.0	0.0	0.000
5045	0.0	0.0	0.001
5046	0.0	0.0	0.004
5047	0.0	0.0	0.010
5048	0.0	0.0	0.010
5049	0.0	0.0	0.010
5050	0.0	0.0	0.011
5051	0.0	0.0	0.010
5052	0.0	0.0	0.010
5053	0.0	0.0	0.009
5054	0.0	0.0	0.008
5055	0.0	0.0	0.007
5056	0.0	0.0	0.007
5057	0.0	0.0	0.007
5058	0.0	0.0	0.009
5059	0.0	0.0	0.010
5060	0.0	0.0	0.012
5061	0.0	0.0	0.013
5062	0.0	0.0	0.012
5063	0.0	0.0	0.007
5064	0.0	0.0	0.004
5065	0.0	0.0	0.003
5066	0.0	0.0	0.002
5067	0.0	0.0	0.001
5068	0.0	0.0	0.000
5069	0.0	0.0	0.001
5070	0.0	0.0	0.004
5071	0.0	0.0	0.010
5072	0.0	0.0	0.010
5073	0.0	0.0	0.010
5074	0.0	0.0	0.011
5075	0.0	0.0	0.010
5076	0.0	0.0	0.010
5077	0.0	0.0	0.009
5078	0.0	0.0	0.008
5079	0.0	0.0	0.007
5080	0.0	0.0	0.007
5081	0.0	0.0	0.007
5082	0.0	0.0	0.009
5083	0.0	0.0	0.010
5084	0.0	0.0	0.012
5085	0.0	0.0	0.013
5086	0.0	0.0	0.012
5087	0.0	0.0	0.007
5088	0.0	0.0	0.004
5089	0.0	0.0	0.003
5090	0.0	0.0	0.002
5091	0.0	0.0	0.001
5092	0.0	0.0	0.000
5093	0.0	0.0	0.001
5094	0.0	0.0	0.004
5095	0.0	0.0	0.010
5096	0.0	0.0	0.010
5097	0.0	0.0	0.010
5098	0.0	0.0	0.011
5099	0.0	0.0	0.010
5100	0.0	0.0	0.010
5101	0.0	0.0	0.009
5102	0.0	0.0	0.008
5103	0.0	0.0	0.007
5104	0.0	0.0	0.007
5105	0.0	0.0	0.007
5106	0.0	0.0	0.009
5107	0.0	0.0	0.010
5108	0.0	0.0	0.012
5109	0.0	0.0	0.013
5110	0.0	0.0	0.012
5111	0.0	0.0	0.007
5112	0.0	0.0	0.004
5113	0.0	0.0	0.003
5114	0.0	0.0	0.002
5115	0.0	0.0	0.001
5116	0.0	0.0	0.000
5117	0.0	0.0	0.001
5118	0.0	0.0	0.004
5119	0.0	0.0	0.010
5120	0.0	0.0	0.010
5121	0.0	0.0	0.010
5122	0.0	0.0	0.011
5123	0.0	0.0	0.010
5124	0.0	0.0	0.010
5125	0.0	0.0	0.009
5126	0.0	0.0	0.008
5127	0.0	0.0	0.007
5128	0.0	0.0	0.007
5129	0.0	0.0	0.007
5130	0.0	0.0	0.009
5131	0.0	0.0	0.010
5132	0.0	0.0	0.012
5133	0.0	0.0	0.013
5134	0.0	0.0	0.012
5135	0.0	0.0	0.007
5136	0.0	0.0	0.004
5137	0.0	0.0	0.003
5138	0.0	0.0	0.002
5139	0.0	0.0	0.001
5140	0.0	0.0	0.000
5141	0.0	0.0	0.001
5142	0.0	0.0	0.004
5143	0.0	0.0	0.010
5144	0.0	0.0	0.010
5145	0.0	0.0	0.010
5146	0.0	0.0	0.011
5147	0.0	0.0	0.010
5148	0.0	0.0	0.010
5149	0.0	0.0	0.009
5150	0.0	0.0	0.008
5151	0.0	0.0	0.007
5152	0.0	0.0	0.007
5153	0.0	0.0	0.007
5154	0.0	0.0	0.009
5155	0.0	0.0	0.010
5156	0.0	0.0	0.012
5157	0.0	0.0	0.013
5158	0.0	0.0	0.012
5159	0.0	0.0	0.007
5160	0.0	0.0	0.004
5161	0.0	0.0	0.003
5162	0.0	0.0	0.002
5163	0.0	0.0	0.001
5164	0.0	0.0	0.000
5165	0.0	0.0	0.001
5166	0.0	0.0	0.004
5167	0.0	0.0	0.010
5168	0.0	0.0	0.010
5169	0.0	0.0	0.010
5170	0.0	0.0	0.011
5171	0.0	0.0	0.010
5172	0.0	0.0	0.010
5173	0.0	0.0	0.009
5174	0.0	0.0	0.008
5175	0.0	0.0	0.007
5176	0.0	0.0	0.007
5177	0.0	0.0	0.007
5178	0.0	0.0	0.009
5179	0.0	0.0	0.010
5180	0.0	0.0	0.012
5181	0.0	0.0	0.013
5182	0.0	0.0	0.012
5183	0.0	0.0	0.007
5184	0.0	0.0	0.004
5185	0.0	0.0	0.003
5186	0.0	0.0	0.002
5187	0.0	0.0	0.001
5188	0.0	0.0	0.000
5189	0.0	0.0	0.001
5190	0.0	0.0	0.004
5191	0.0	0.0	0.010
5192	0.0	0.0	0.010
5193	0.0	0.0	0.010
5194	0.0	0.0	0.011
5195	0.0	0.0	0.010
5196	0.0	0.0	0.010
5197	0.0	0.0	0.009
5198	0.0	0.0	0.008
5199	0.0	0.0	0.007
5200	0.0	0.0	0.007
5201	0.0	0.0	0.007
5202	0.0	0.0	0.009
5203	0.0	0.0	0.010
5204	0.0	0.0	0.012
5205	0.0	0.0	0.013
5206	0.0	0.0	0.012
5207	0.0	0.0	0.007
5208	0.0	0.0	0.004
5209	0.0	0.0	0.003
5210	0.0	0.0	0.002
5211	0.0	0.0	0.001
5212	0.0	0.0	0.000
5213	0.0	0.0	0.001
5214	0.0	0.0	0.004
5215	0.0	0.0	0.010
5216	0.0	0.0	0.010
5217	0.0	0.0	0.010
5218	0.0	0.0	0.011
5219	0.0	0.0	0.010
5220	0.0	0.0	0.010
5221	0.0	0.0	0.009
5222	0.0	0.0	0.008
5223	0.0	0.0	0.007
5224	0.0	0.0	0.007
5225	0.0	0.0	0.007
5226	0.0	0.0	0.009
5227	0.0	0.0	0.010
5228	0.0	0.0	0.012
5229	0.0	0.0	0.013
5230	0.0	0.0	0.012
5231	0.0	0.0	0.007
5232	0.0	0.0	0.004
5233	0.0	0.0	0.003
5234	0.0	0.0	0.002
5235	0.0	0.0	0.001
5236	0.0	0.0	0.000
5237	0.0	0.0	0.001
5238	0.0	0.0	0.004
5239	0.0	0.0	0.010
5240	0.0	0.0	0.010
5241	0.0	0.0	0.010
5242	0.0	0.0	0.011
5243	0.0	0.0	0.010
5244	0.0	0.0	0.010
5245	0.0	0.0	0.009
5246	0.0	0.0	0.008
5247	0.0	0.0	0.007
5248	0.0	0.0	0.007
5249	0.0	0.0	0.007
5250	0.0	0.0	0.009
5251	0.0	0.0	0.010
5252	0.0	0.0	0.012
5253	0.0	0.0	0.013
5254	0.0	0.0	0.012
5255	0.0	0.0	0.007
5256	0.0	0.0	0.004
5257	0.0	0.0	0.003
5258	0.0	0.0	0.002
5259	0.0	0.0	0.001
5260	0.0	0.0	0.000
5261	0.0	0.0	0.001
5262	0.0	0.0	0.004
5263	0.0	0.0	0.010
5264	0.0	0.0	0.010
5265	0.0	0.0	0.010
5266	0.0	0.0	0.011
5267	0.0	0.0	0.010
5268	0.0	0.0	0.010
5269	0.0	0.0	0.009
5270	0.0	0.0	0.008
5271	0.0	0.0	0.007
5272	0.0	0.0	0.007
5273	0.0	0.0	0.007
5274	0.0	0.0	0.009
5275	0.0	0.0	0.010
5276	0.0	0.0	0.012
5277	0.0	0.0	0.013
5278	0.0	0.0	0.012
5279	0.0	0.0	0.007
5280	0.0	0.0	0.004
5281	0.0	0.0	0.003
5282	0.0	0.0	0.002
5283	0.0	0.0	0.001
5284	0.0	0.0	0.000
5285	0.0	0.0	0.001
5286	0.0	0.0	0.004
5287	0.0	0.0	0.010
5288	0.0	0.0	0.010
5289	0.0	0.0	0.010
5290	0.0	0.0	0.011
5291	0.0	0.0	0.010
5292	0.0	0.0	0.010
5293	0.0	0.0	0.009
5294	0.0	0.0	0.008
5295	0.0	0.0	0.007
5296	0.0	0.0	0.007
5297	0.0	0.0	0.007
5298	0.0	0.0	0.009
5299	0.0	0.0	0.010
5300	0.0	0.0	0.012
5301	0.0	0.0	0.013
5302	0.0	0.0	0.012
5303	0.0	0.0	0.007
5304	0.0	0.0	0.004
5305	0.0	0.0	0.003
5306	0.0	0.0	0.002
5307	0.0	0.0	0.001
5308	0.0	0.0	0.000
5309	0.0	0.0	0.001
5310	0.0	0.0	0.004
5311	0.0	0.0	0.010
5312	0.0	0.0	0.010
5313	0.0	0.0	0.010
5314	0.0	0.0	0.011
5315	0.0	0.0	0.010
5316	0.0	0.0	0.010
5317	0.0	0.0	0.009
5318	0.0	0.0	0.008
5319	0.0	0.0	0.007
5320	0.0	0.0	0.007
5321	0.0	0.0	0.007
5322	0.0	0.0	0.009
5323	0.0	0.0	0.010
5324	0.0	0.0	0.012
5325	0.0	0.0	0.013
5326	0.0	0.0	0.012
5327	0.0	0.0	0.007
5328	0.0	0.0	0.004
5329	0.0	0.0	0.003
5330	0.0	0.0	0.002
5331	0.0	0.0	0.001
5332	0.0	0.0	0.000
5333	0.0	0.0	0.001
5334	0.0	0.0	0.004
5335	0.0	0.0	0.010
5336	0.0	0.0	0.010
5337	0.0	0.0	0.010
5338	0.0	0.0	0.011
5339	0.0	0.0	0.010
5340	0.0	0.0	0.010
5341	0.0	0.0	0.009
5342	0.0	0.0	0.008
5343	0.0	0.0	0.007
5344	0.0	0.0	0.007
5345	0.0	0.0	0.007
5346	0.0	0.0	0.009
5347	0.0	0.0	0.010
5348	0.0	0.0	0.012
5349	0.0	0.0	0.013
5350	0.0	0.0	0.012
5351	0.0	0.0	0.007
5352	0.0	0.0	0.004
5353	0.0	0.0	0.003
5354	0.0	0.0	0.002
5355	0.0	0.0	0.001
5356	0.0	0.0	0.000
5357	0.0	0.0	0.001
5358	0.0	0.0	0.004
5359	0.0	0.0	0.010
5360	0.0	0.0	0.010
5361	0.0	0.0	0.010
5362	0.0	0.0	0.011
5363	0.0	0.0	0.010
5364	0.0	0.0	0.010
5365	0.0	0.0	0.009
5366	0.0	0.0	0.008
5367	0.0	0.0	0.007
5368	0.0	0.0	0.007
5369	0.0	0.0	0.007
5370	0.0	0.0	0.009
5371	0.0	0.0	0.010
5372	0.0	0.0	0.012
5373	0.0	0.0	0.013
5374	0.0	0.0	0.012
5375	0.0	0.0	0.007
5376	0.0	0.0	0.004
5377	0.0	0.0	0.003
5378	0.0	0.0	0.002
5379	0.0	0.0	0.001
5380	0.0	0.0	0.000
5381	0.0	0.0	0.001
5382	0.0	0.0	0.004
5383	0.0	0.0	0.010
5384	0.0	0.0	0.010
5385	0.0	0.0	0.010
5386	0.0	0.0	0.011
5387	0.0	0.0	0.010
5388	0.0	0.0	0.010
5389	0.0	0.0	0.009
5390	0.0	0.0	0.008
5391	0.0	0.0	0.007
5392	0.0	0.0	0.007
5393	0.0	0.0	0.007
5394	0.0	0.0	0.009
5395	0.0	0.0	0.010
5396	0.0	0.0	0.012
5397	0.0	0.0	0.013
5398	0.0	0.0	0.012
5399	0.0	0.0	0.007
5400	0.0	0.0	0.004
5401	0.0	0.0	0.003
5402	0.0	0.0	0.002
5403	0.0	0.0	0.001
5404	0.0	0.0	0.000
5405	0.0	0.0	0.001
5406	0.0	0.0	0.004
5407	0.0	0.0	0.010
5408	0.0	0.0	0.010
5409	0.0	0.0	0.010
5410	0.0	0.0	0.011
5411	0.0	0.0	0.010
5412	0.0	0.0	0.010
5413	0.0	0.0	0.009
5414	0.0	0.0	0.008
5415	0.0	0.0	0.007
5416	0.0	0.0	0.007
5417	0.0	0.0	0.007
5418	0.0	0.0	0.009
5419	0.0	0.0	0.010
5420	0.0	0.0	0.012
5421	0.0	0.0	0.013
5422	0.0	0.0	0.012
5423	0.0	0.0	0.007
5424	0.0	0.0	0.004
5425	0.0	0.0	0.003
5426	0.0	0.0	0.002
5427	0.0	0.0	0.001
5428	0.0	0.0	0.000
5429	0.0	0.0	0.001
5430	0.0	0.0	0.004
5431	0.0	0.0	0.010
5432	0.0	0.0	0.010
5433	0.0	0.0	0.010
5434	0.0	0.0	0.011
5435	0.0	0.0	0.010
5436	0.0	0.0	0.010
5437	0.0	0.0	0.009
5438	0.0	0.0	0.008
5439	0.0	0.0	0.007
5440	0.0	0.0	0.007
5441	0.0	0.0	0.007
5442	0.0	0.0	0.009
5443	0.0	0.0	0.010
5444	0.0	0.0	0.012
5445	0.0	0.0	0.013
5446	0.0	0.0	0.012
5447	0.0	0.0	0.007
5448	0.0	0.0	0.004
5449	0.0	0.0	0.003
5450	0.0	0.0	0.002
5451	0.0	0.0	0.001
5452	0.0	0.0	0.000
5453	0.0	0.0	0.001
5454	0.0	0.0	0.004
5455	0.0	0.0	0.010
5456	0.0	0.0	0.010
5457	0.0	0.0	0.010
5458	0.0	0.0	0.011
5459	0.0	0.0	0.010
5460	0.0	0.0	0.010
5461	0.0	0.0	0.009
5462	0.0	0.0	0.008
5463	0.0	0.0	0.007
5464	0.0	0.0	0.007
5465	0.0	0.0	0.007
5466	0.0	0.0	0.009
5467	0.0	0.0	0.010
5468	0.0	0.0	0.012
5469	0.0	0.0	0.013
5470	0.0	0.0	0.012
5471	0.0	0.0	0.007
5472	0.0	0.0	0.004
5473	0.0	0.0	0.003
5474	0.0	0.0	0.002
5475	0.0	0.0	0.001
5476	0.0	0.0	0.000
5477	0.0	0.0	0.001
5478	0.0	0.0	0.004
5479	0.0	0.0	0.010
5480	0.0	0.0	0.010
5481	0.0	0.0	0.010
5482	0.0	0.0	0.011
5483	0.0	0.0	0.010
5484	0.0	0.0	0.010
5485	0.0	0.0	0.009
5486	0.0	0.0	0.008
5487	0.0	0.0	0.007
5488	0.0	0.0	0.007
5489	0.0	0.0	0.007
5490	0.0	0.0	0.009
5491	0.0	0.0	0.010
5492	0.0	0.0	0.012
5493	0.0	0.0	0.013
5494	0.0	0.0	0.012
5495	0.0	0.0	0.007
5496	0.0	0.0	0.004
5497	0.0	0.0	0.003
5498	0.0	0.0	0.002
5499	0.0	0.0	0.001
5500	0.0	0.0	0.000
5501	0.0	0.0	0.001
5502	0.0	0.0	0.004
5503	0.0	0.0	0.010
5504	0.0	0.0	0.010
5505	0.0	0.0	0.010
5506	0.0	0.0	0.011
5507	0.0	0.0	0.010
5508	0.0	0.0	0.010
5509	0.0	0.0	0.009
5510	0.0	0.0	0.008
5511	0.0	0.0	0.007
5512	0.0	0.0	0.007
5513	0.0	0.0	0.007
5514	0.0	0.0	0.009
5515	0.0	0.0	0.010
5516	0.0	0.0	0.012
5517	0.0	0.0	0.013
5518	0.0	0.0	0.012
5519	0.0	0.0	0.007
5520	0.0	0.0	0.004
5521	0.0	0.0	0.003
5522	0.0	0.0	0.002
5523	0.0	0.0	0.001
5524	0.0	0.0	0.000
5525	0.0	0.0	0.001
5526	0.0	0.0	0.004
5527	0.0	0.0	0.010
5528	0.0	0.0	0.010
5529	0.0	0.0	0.010
5530	0.0	0.0	0.011
5531	0.0	0.0	0.010
5532	0.0	0.0	0.010
5533	0.0	0.0	0.009
5534	0.0	0.0	0.008
5535	0.0	0.0	0.007
5536	0.0	0.0	0.007
5537	0.0	0.0	0.007
5538	0.0	0.0	0.009
5539	0.0	0.0	0.010
5540	0.0	0.0	0.012
5541	0.0	0.0	0.013
5542	0.0	0.0	0.012
5543	0.0	0.0	0.007
5544	0.0	0.0	0.004
5545	0.0	0.0	0.003
5546	0.0	0.0	0.002
5547	0.0	0.0	0.001
5548	0.0	0.0	0.000
5549	0.0	0.0	0.001
5550	0.0	0.0	0.004
5551	0.0	0.0	0.010
5552	0.0	0.0	0.010
5553	0.0	0.0	0.010
5554	0.0	0.0	0.011
5555	0.0	0.0	0.010
5556	0.0	0.0	0.010
5557	0.0	0.0	0.009
5558	0.0	0.0	0.008
5559	0.0	0.0	0.007
5560	0.0	0.0	0.007
5561	0.0	0.0	0.007
5562	0.0	0.0	0.009
5563	0.0	0.0	0.010
5564	0.0	0.0	0.012
5565	0.0	0.0	0.013
5566	0.0	0.0	0.012
5567	0.0	0.0	0.007
5568	0.0	0.0	0.004
5569	0.0	0.0	0.003
5570	0.0	0.0	0.002
5571	0.0	0.0	0.001
5572	0.0	0.0	0.000
5573	0.0	0.0	0.001
5574	0.0	0.0	0.004
5575	0.0	0.0	0.010
5576	0.0	0.0	0.010
5577	0.0	0.0	0.010
5578	0.0	0.0	0.011
5579	0.0	0.0	0.010
5580	0.0	0.0	0.010
5581	0.0	0.0	0.009
5582	0.0	0.0	0.008
5583	0.0	0.0	0.007
5584	0.0	0.0	0.007
5585	0.0	0.0	0.007
5586	0.0	0.0	0.009
5587	0.0	0.0	0.010
5588	0.0	0.0	0.012
5589	0.0	0.0	0.013
5590	0.0	0.0	0.012
5591	0.0	0.0	0.007
5592	0.0	0.0	0.004
5593	0.0	0.0	0.003
5594	0.0	0.0	0.002
5595	0.0	0.0	0.001
5596	0.0	0.0	0.000
5597	0.0	0.0	0.001
5598	0.0	0.0	0.004
5599	0.0	0.0	0.010
5600	0.0	0.0	0.010
5601	0.0	0.0	0.010
5602	0.0	0.0	0.011
5603	0.0	0.0	0.010
5604	0.0	0.0	0.010
5605	0.0	0.0	0.009
5606	0.0	0.0	0.008
5607	0.0	0.0	0.007
5608	0.0	0.0	0.007
5609	0.0	0.0	0.007
5610	0.0	0.0	0.009
5611	0.0	0.0	0.010
5612	0.0	0.0	0.012
5613	0.0	0.0	0.013
5614	0.0	0.0	0.012
5615	0.0	0.0	0.007
5616	0.0	0.0	0.004
5617	0.0	0.0	0.003
5618	0.0	0.0	0.002
5619	0.0	0.0	0.001
5620	0.0	0.0	0.000
5621	0.0	0.0	0.001
5622	0.0	0.0	0.004
5623	0.0	0.0	0.010
5624	0.0	0.0	0.010
5625	0.0	0.0	0.010
5626	0.0	0.0	0.011
5627	0.0	0.0	0.010
5628	0.0	0.0	0.010
5629	0.0	0.0	0.009
5630	0.0	0.0	0.008
5631	0.0	0.0	0.007
5632	0.0	0.0	0.007
5633	0.0	0.0	0.007
5634	0.0	0.0	0.009
5635	0.0	0.0	0.010
5636	0.0	0.0	0.012
5637	0.0	0.0	0.013
5638	0.0	0.0	0.012
5639	0.0	0.0	0.007
5640	0.0	0.0	0.004
5641	0.0	0.0	0.003
5642	0.0	0.0	0.002
5643	0.0	0.0	0.001
5644	0.0	0.0	0.000
5645	0.0	0.0	0.001
5646	0.0	0.0	0.004
5647	0.0	0.0	0.010
5648	0.0	0.0	0.010
5649	0.0	0.0	0.010
5650	0.0	0.0	0.011
5651	0.0	0.0	0.010
5652	0.0	0.0	0.010
5653	0.0	0.0	0.009
5654	0.0	0.0	0.008
5655	0.0	0.0	0.007
5656	0.0	0.0	0.007
5657	0.0	0.0	0.007
5658	0.0	0.0	0.009
5659	0.0	0.0	0.010
5660	0.0	0.0	0.012
5661	0.0	0.0	0.013
5662	0.0	0.0	0.012
5663	0.0	0.0	0.007
5664	0.0	0.0	0.004
5665	0.0	0.0	0.003
5666	0.0	0.0	0.002
5667	0.0	0.0	0.001
5668	0.0	0.0	0.000
5669	0.0	0.0	0.001
5670	0.0	0.0	0.004
5671	0.0	0.0	0.010
5672	0.0	0.0	0.010
5673	0.0	0.0	0.010
5674	0.0	0.0	0.011
5675	0.0	0.0	0.010
5676	0.0	0.0	0.010
5677	0.0	0.0	0.009
5678	0.0	0.0	0.008
5679	0.0	0.0	0.007
5680	0.0	0.0	0.007
5681	0.0	0.0	0.007
5682	0.0	0.0	0.009
5683	0.0	0.0	0.010
5684	0.0	0.0	0.012
5685	0.0	0.0	0.013
5686	0.0	0.0	0.012
5687	0.0	0.0	0.007
5688	0.0	0.0	0.004
5689	0.0	0.0	0.003
5690	0.0	0.0	0.002
5691	0.0	0.0	0.001
5692	0.0	0.0	0.000
5693	0.0	0.0	0.001
5694	0.0	0.0	0.004
5695	0.0	0.0	0.010
5696	0.0	0.0	0.010
5697	0.0	0.0	0.010
5698	0.0	0.0	0.011
5699	0.0	0.0	0.010
5700	0.0	0.0	0.010
5701	0.0	0.0	0.009
5702	0.0	0.0	0.008
5703	0.0	0.0	0.007
5704	0.0	0.0	0.007
5705	0.0	0.0	0.007
5706	0.0	0.0	0.009
5707	0.0	0.0	0.010
5708	0.0	0.0	0.012
5709	0.0	0.0	0.013
5710	0.0	0.0	0.012
5711	0.0	0.0	0.007
5712	0.0	0.0	0.004
5713	0.0	0.0	0.003
5714	0.0	0.0	0.002
5715	0.0	0.0	0.001
5716	0.0	0.0	0.000
5717	0.0	0.0	0.001
5718	0.0	0.0	0.004
5719	0.0	0.0	0.010
5720	0.0	0.0	0.010
5721	0.0	0.0	0.010
5722	0.0	0.0	0.011
5723	0.0	0.0	0.010
5724	0.0	0.0	0.010
5725	0.0	0.0	0.009
5726	0.0	0.0	0.008
5727	0.0	0.0	0.007
5728	0.0	0.0	0.007
5729	0.0	0.0	0.007
5730	0.0	0.0	0.009
5731	0.0	0.0	0.010
5732	0.0	0.0	0.012
5733	0.0	0.0	0.013
5734	0.0	0.0	0.012
5735	0.0	0.0	0.007
5736	0.0	0.0	0.004
5737	0.0	0.0	0.003
5738	0.0	0.0	0.002
5739	0.0	0.0	0.001
5740	0.0	0.0	0.000
5741	0.0	0.0	0.001
5742	0.0	0.0	0.004
5743	0.0	0.0	0.010
5744	0.0	0.0	0.010
5745	0.0	0.0	0.010
5746	0.0	0.0	0.011
5747	0.0	0.0	0.010
5748	0.0	0.0	0.010
5749	0.0	0.0	0.009
5750	0.0	0.0	0.008
5751	0.0	0.0	0.007
5752	0.0	0.0	0.007
5753	0.0	0.0	0.007
5754	0.0	0.0	0.009
5755	0.0	0.0	0.010
5756	0.0	0.0	0.012
5757	0.0	0.0	0.013
5758	0.0	0.0	0.012
5759	0.0	0.0	0.007
5760	0.0	0.0	0.004
5761	0.0	0.0	0.003
5762	0.0	0.0	0.002
5763	0.0	0.0	0.001
5764	0.0	0.0	0.000
5765	0.0	0.0	0.001
5766	0.0	0.0	0.004
5767	0.0	0.0	0.010
5768	0.0	0.0	0.010
5769	0.0	0.0	0.010
5770	0.0	0.0	0.011
5771	0.0	0.0	0.010
5772	0.0	0.0	0.010
5773	0.0	0.0	0.009
5774	0.0	0.0	0.008
5775	0.0	0.0	0.007
5776	0.0	0.0	0.007
5777	0.0	0.0	0.007
5778	0.0	0.0	0.009
5779	0.0	0.0	0.010
5780	0.0	0.0	0.012
5781	0.0	0.0	0.013
5782	0.0	0.0	0.012
5783	0.0	0.0	0.007
5784	0.0	0.0	0.004
5785	0.0	0.0	0.003
5786	0.0	0.0	0.002
5787	0.0	0.0	0.001
5788	0.0	0.0	0.000
5789	0.0	0.0	0.001
5790	0.0	0.0	0.004
5791	0.0	0.0	0.010
5792	0.0	0.0	0.010
5793	0.0	0.0	0.010
5794	0.0	0.0	0.011
5795	0.0	0.0	0.010
5796	0.0	0.0	0.010
5797	0.0	0.0	0.009
5798	0.0	0.0	0.008
5799	0.0	0.0	0.007
5800	0.0	0.0	0.007
5801	0.0	0.0	0.007
5802	0.0	0.0	0.009
5803	0.0	0.0	0.010
5804	0.0	0.0	0.012
5805	0.0	0.0	0.013
5806	0.0	0.0	0.012
5807	0.0	0.0	0.007
5808	0.0	0.0	0.004
5809	0.0	0.0	0.003
5810	0.0	0.0	0.002
5811	0.0	0.0	0.001
5812	0.0	0.0	0.000
5813	0.0	0.0	0.001
5814	0.0	0.0	0.004
5815	0.0	0.0	0.010
5816	0.0	0.0	0.010
5817	0.0	0.0	0.010
5818	0.0	0.0	0.011
5819	0.0	0.0	0.010
5820	0.0	0.0	0.010
5821	0.0	0.0	0.009
5822	0.0	0.0	0.008
5823	0.0	0.0	0.007
5824	0.0	0.0	0.007
5825	0.0	0.0	0.007
5826	0.0	0.0	0.009
5827	0.0	0.0	0.010
5828	0.0	0.0	0.012
5829	0.0	0.0	0.013
5830	0.0	0.0	0.012
5831	0.0	0.0	0.007
5832	0.0	0.0	0.004
5833	0.0	0.0	0.003
5834	0.0	0.0	0.002
5835	0.0	0.0	0.001
5836	0.0	0.0	0.000
5837	0.0	0.0	0.001
5838	0.0	0.0	0.004
5839	0.0	0.0	0.010
5840	0.0	0.0	0.010
5841	0.0	0.0	0.010
5842	0.0	0.0	0.011
5843	0.0	0.0	0.010
5844	0.0	0.0	0.010
5845	0.0	0.0	0.009
5846	0.0	0.0	0.008
5847	0.0	0.0	0.007
5848	0.0	0.0	0.007
5849	0.0	0.0	0.007
5850	0.0	0.0	0.009
5851	0.0	0.0	0.010
5852	0.0	0.0	0.012
5853	0.0	0.0	0.013
5854	0.0	0.0	0.012
5855	0.0	0.0	0.007
5856	0.0	0.0	0.004
5857	0.0	0.0	0.003
5858	0.0	0.0	0.002
5859	0.0	0.0	0.001
5860	0.0	0.0	0.000
5861	0.0	0.0	0.001
5862	0.0	0.0	0.004
5863	0.0	0.0	0.010
5864	0.0	0.0	0.010
5865	0.0	0.0	0.010
5866	0.0	0.0	0.011
5867	0.0	0.0	0.010
5868	0.0	0.0	0.010
5869	0.0	0.0	0.009
5870	0.0	0.0	0.008
5871	0.0	0.0	0.007
5872	0.0	0.0	0.007
5873	0.0	0.0	0.007
5874	0.0	0.0	0.009
5875	0.0	0.0	0.010
5876	0.0	0.0	0.012
5877	0.0	0.0	0.013
5878	0.0	0.0	0.012
5879	0.0	0.0	0.007
5880	0.0	0.0	0.004
5881	0.0	0.0	0.003
5882	0.0	0.0	0.002
5883	0.0	0.0	0.001
5884	0.0	0.0	0.000
5885	0.0	0.0	0.001
5886	0.0	0.0	0.004
5887	0.0	0.0	0.010
5888	0.0	0.0	0.010
5889	0.0	0.0	0.010
5890	0.0	0.0	0.011
5891	0.0	0.0	0.010
5892	0.0	0.0	0.010
5893	0.0	0.0	0.009
5894	0.0	0.0	0.008
5895	0.0	0.0	0.007
5896	0.0	0.0	0.007
5897	0.0	0.0	0.007
5898	0.0	0.0	0.009
5899	0.0	0.0	0.010
5900	0.0	0.0	0.012
5901	0.0	0.0	0.013
5902	0.0	0.0	0.012
5903	0.0	0.0	0.007
5904	0.0	0.0	0.004
5905	0.0	0.0	0.003
5906	0.0	0.0	0.002
5907	0.0	0.0	0.001
5908	0.0	0.0	0.000
5909	0.0	0.0	0.001
5910	0.0	0.0	0.004
5911	0.0	0.0	0.010
5912	0.0	0.0	0.010
5913	0.0	0.0	0.010
5914	0.0	0.0	0.011
5915	0.0	0.0	0.010
5916	0.0	0.0	0.010
5917	0.0	0.0	0.009
5918	0.0	0.0	0.008
5919	0.0	0.0	0.007
5920	0.0	0.0	0.007
5921	0.0	0.0	0.007
5922	0.0	0.0	0.009
5923	0.0	0.0	0.010
5924	0.0	0.0	0.012
5925	0.0	0.0	0.013
5926	0.0	0.0	0.012
5927	0.0	0.0	0.007
5928	0.0	0.0	0.004
5929	0.0	0.0	0.003
5930	0.0	0.0	0.002
5931	0.0	0.0	0.001
5932	0.0	0.0	0.000
5933	0.0	0.0	0.001
5934	0.0	0.0	0.004
5935	0.0	0.0	0.010
5936	0.0	0.0	0.010
5937	0.0	0.0	0.010
5938	0.0	0.0	0.011
5939	0.0	0.0	0.010
5940	0.0	0.0	0.010
5941	0.0	0.0	0.009
5942	0.0	0.0	0.008
5943	0.0	0.0	0.007
5944	0.0	0.0	0.007
5945	0.0	0.0	0.007
5946	0.0	0.0	0.009
5947	0.0	0.0	0.010
5948	0.0	0.0	0.012
5949	0.0	0.0	0.013
5950	0.0	0.0	0.012
5951	0.0	0.0	0.007
5952	0.0	0.0	0.004
5953	0.0	0.0	0.003
5954	0.0	0.0	0.002
5955	0.0	0.0	0.001
5956	0.0	0.0	0.000
5957	0.0	0.0	0.001
5958	0.0	0.0	0.004
5959	0.0	0.0	0.010
5960	0.0	0.0	0.010
5961	0.0	0.0	0.010
5962	0.0	0.0	0.011
5963	0.0	0.0	0.010
5964	0.0	0.0	0.010
5965	0.0	0.0	0.009
5966	0.0	0.0	0.008
5967	0.0	0.0	0.007
5968	0.0	0.0	0.007
5969	0.0	0.0	0.007
5970	0.0	0.0	0.009
5971	0.0	0.0	0.010
5972	0.0	0.0	0.012
5973	0.0	0.0	0.013
5974	0.0	0.0	0.012
5975	0.0	0.0	0.007
5976	0.0	0.0	0.004
5977	0.0	0.0	0.003
5978	0.0	0.0	0.002
5979	0.0	0.0	0.001
5980	0.0	0.0	0.000
5981	0.0	0.0	0.001
5982	0.0	0.0	0.004
5983	0.0	0.0	0.010
5984	0.0	0.0	0.010
5985	0.0	0.0	0.010
5986	0.0	0.0	0.011
5987	0.0	0.0	0.010
5988	0.0	0.0	0.010
5989	0.0	0.0	0.009
5990	0.0	0.0	0.008
5991	0.0	0.0	0.007
5992	0.0	0.0	0.007
5993	0.0	0.0	0.007
5994	0.0	0.0	0.009
5995	0.0	0.0	0.010
5996	0.0	0.0	0.012
5997	0.0	0.0	0.013
5998	0.0	0.0	0.012
5999	0.0	0.0	0.007
6000	0.0	0.0	0.004
6001	0.0	0.0	0.003
6002	0.0	0.0	0.002
6003	0.0	0.0	0.001
6004	0.0	0.0	0.000
6005	0.0	0.0	0.001
6006	0.0	0.0	0.004
6007	0.0	0.0	0.010
6008	0.0	0.0	0.010
6009	0.0	0.0	0.010
6010	0.0	0.0	0.011
6011	0.0	0.0	0.010
6012	0.0	0.0	0.010
6013	0.0	0.0	0.009
6014	0.0	0.0	0.008
6015	0.0	0.0	0.007
6016	0.0	0.0	0.007
6017	0.0	0.0	0.007
6018	0.0	0.0	0.009
6019	0.0	0.0	0.010
6020	0.0	0.0	0.012
6021	0.0	0.0	0.013
6022	0.0	0.0	0.012
6023	0.0	0.0	0.007
6024	0.0	0.0	0.004
6025	0.0	0.0	0.003
6026	0.0	0.0	0.002
6027	0.0	0.0	0.001
6028	0.0	0.0	0.000
6029	0.0	0.0	0.001
6030	0.0	0.0	0.004
6031	0.0	0.0	0.010
6032	0.0	0.0	0.010
6033	0.0	0.0	0.010
6034	0.0	0.0	0.011
6035	0.0	0.0	0.010
6036	0.0	0.0	0.010
6037	0.0	0.0	0.009
6038	0.0	0.0	0.008
6039	0.0	0.0	0.007
6040	0.0	0.0	0.007
6041	0.0	0.0	0.007
6042	0.0	0.0	0.009
6043	0.0	0.0	0.010
6044	0.0	0.0	0.012
6045	0.0	0.0	0.013
6046	0.0	0.0	0.012
6047	0.0	0.0	0.007
6048	0.0	0.0	0.004
6049	0.0	0.0	0.003
6050	0.0	0.0	0.002
6051	0.0	0.0	0.001
6052	0.0	0.0	0.000
6053	0.0	0.0	0.001
6054	0.0	0.0	0.004
6055	0.0	0.0	0.010
6056	0.0	0.0	0.010
6057	0.0	0.0	0.010
6058	0.0	0.0	0.011
6059	0.0	0.0	0.010
6060	0.0	0.0	0.010
6061	0.0	0.0	0.009
6062	0.0	0.0	0.008
6063	0.0	0.0	0.007
6064	0.0	0.0	0.007
6065	0.0	0.0	0.007
6066	0.0	0.0	0.009
6067	0.0	0.0	0.010
6068	0.0	0.0	0.012
6069	0.0	0.0	0.013
6070	0.0	0.0	0.012
6071	0.0	0.0	0.007
6072	0.0	0.0	0.004
6073	0.0	0.0	0.003
6074	0.0	0.0	0.002
6075	0.0	0.0	0.001
6076	0.0	0.0	0.000
6077	0.0	0.0	0.001
6078	0.0	0.0	0.004
6079	0.0	0.0	0.010
6080	0.0	0.0	0.010
6081	0.0	0.0	0.010
6082	0.0	0.0	0.011
6083	0.0	0.0	0.010
6084	0.0	0.0	0.010
6085	0.0	0.0	0.009
6086	0.0	0.0	0.008
6087	0.0	0.0	0.007
6088	0.0	0.0	0.007
6089	0.0	0.0	0.007
6090	0.0	0.0	0.009
6091	0.0	0.0	0.010
6092	0.0	0.0	0.012
6093	0.0	0.0	0.013
6094	0.0	0.0	0.012
6095	0.0	0.0	0.007
6096	0.0	0.0	0.004
6097	0.0	0.0	0.003
6098	0.0	0.0	0.002
6099	0.0	0.0	0.001
6100	0.0	0.0	0.000
6101	0.0	0.0	0.001
6102	0.0	0.0	0.004
6103	0.0	0.0	0.010
6104	0.0	0.0	0.010
6105	0.0	0.0	0.010
6106	0.0	0.0	0.011
6107	0.0	0.0	0.010
6108	0.0	0.0	0.010
6109	0.0	0.0	0.009
6110	0.0	0.0	0.008
6111	0.0	0.0	0.007
6112	0.0	0.0	0.007
6113	0.0	0.0	0.007
6114	0.0	0.0	0.009
6115	0.0	0.0	0.010
6116	0.0	0.0	0.012
6117	0.0	0.0	0.013
6118	0.0	0.0	0.012
6119	0.0	0.0	0.007
6120	0.0	0.0	0.004
6121	0.0	0.0	0.003
6122	0.0	0.0	0.002
6123	0.0	0.0	0.001
6124	0.0	0.0	0.000
6125	0.0	0.0	0.001
6126	0.0	0.0	0.004
6127	0.0	0.0	0.010
6128	0.0	0.0	0.010
6129	0.0	0.0	0.010
6130	0.0	0.0	0.011
6131	0.0	0.0	0.010
6132	0.0	0.0	0.010
6133	0.0	0.0	0.009
6134	0.0	0.0	0.008
6135	0.0	0.0	0.007
6136	0.0	0.0	0.007
6137	0.0	0.0	0.007
6138	0.0	0.0	0.009
6139	0.0	0.0	0.010
6140	0.0	0.0	0.012
6141	0.0	0.0	0.013
6142	0.0	0.0	0.012
6143	0.0	0.0	0.007
6144	0.0	0.0	0.004
6145	0.0	0.0	0.003
6146	0.0	0.0	0.002
6147	0.0	0.0	0.001
6148	0.0	0.0	0.000
6149	0.0	0.0	0.001
6150	0.0	0.0	0.004
6151	0.0	0.0	0.010
6152	0.0	0.0	0.010
6153	0.0	0.0	0.010
6154	0.0	0.0	0.011
6155	0.0	0.0	0.010
6156	0.0	0.0	0.010
6157	0.0	0.0	0.009
6158	0.0	0.0	0.008
6159	0.0	0.0	0.007
6160	0.0	0.0	0.007
6161	0.0	0.0	0.007
6162	0.0	0.0	0.009
6163	0.0	0.0	0.010
6164	0.0	0.0	0.012
6165	0.0	0.0	0.013
6166	0.0	0.0	0.012
6167	0.0	0.0	0.007
6168	0.0	0.0	0.004
6169	0.0	0.0	0.003
6170	0.0	0.0	0.002
6171	0.0	0.0	0.001
6172	0.0	0.0	0.000
6173	0.0	0.0	0.001
6174	0.0	0.0	0.004
6175	0.0	0.0	0.010
6176	0.0	0.0	0.010
6177	0.0	0.0	0.010
6178	0.0	0.0	0.011
6179	0.0	0.0	0.010
6180	0.0	0.0	0.010
6181	0.0	0.0	0.009
6182	0.0	0.0	0.008
6183	0.0	0.0	0.007
6184	0.0	0.0	0.007
6185	0.0	0.0	0.007
6186	0.0	0.0	0.009
6187	0.0	0.0	0.010
6188	0.0	0.0	0.012
6189	0.0	0.0	0.013
6190	0.0	0.0	0.012
6191	0.0	0.0	0.007
6192	0.0	0.0	0.004
6193	0.0	0.0	0.003
6194	0.0	0.0	0.002
6195	0.0	0.0	0.001
6196	0.0	0.0	0.000
6197	0.0	0.0	0.001
6198	0.0	0.0	0.004
6199	0.0	0.0	0.010
6200	0.0	0.0	0.010
6201	0.0	0.0	0.010
6202	0.0	0.0	0.011
6203	0.0	0.0	0.010
6204	0.0	0.0	0.010
6205	0.0	0.0	0.009
6206	0.0	0.0	0.008
6207	0.0	0.0	0.007
6208	0.0	0.0	0.007
6209	0.0	0.0	0.007
6210	0.0	0.0	0.009
6211	0.0	0.0	0.010
6212	0.0	0.0	0.012
6213	0.0	0.0	0.013
6214	0.0	0.0	0.012
6215	0.0	0.0	0.007
6216	0.0	0.0	0.004
6217	0.0	0.0	0.003
6218	0.0	0.0	0.002
6219	0.0	0.0	0.001
6220	0.0	0.0	0.000
6221	0.0	0.0	0.001
6222	0.0	0.0	0.004
6223	0.0	0.0	0.010
6224	0.0	0.0	0.010
6225	0.0	0.0	0.010
6226	0.0	0.0	0.011
6227	0.0	0.0	0.010
6228	0.0	0.0	0.010
6229	0.0	0.0	0.009
6230	0.0	0.0	0.008
6231	0.0	0.0	0.007
6232	0.0	0.0	0.007
6233	0.0	0.0	0.007
6234	0.0	0.0	0.009
6235	0.0	0.0	0.010
6236	0.0	0.0	0.012
6237	0.0	0.0	0.013
6238	0.0	0.0	0.012
6239	0.0	0.0	0.007
6240	0.0	0.0	0.004
6241	0.0	0.0	0.003
6242	0.0	0.0	0.002
6243	0.0	0.0	0.001
6244	0.0	0.0	0.000
6245	0.0	0.0	0.001
6246	0.0	0.0	0.004
6247	0.0	0.0	0.010
6248	0.0	0.0	0.010
6249	0.0	0.0	0.010
6250	0.0	0.0	0.011
6251	0.0	0.0	0.010
6252	0.0	0.0	0.010
6253	0.0	0.0	0.009
6254	0.0	0.0	0.008
6255	0.0	0.0	0.007
6256	0.0	0.0	0.007
6257	0.0	0.0	0.007
6258	0.0	0.0	0.009
6259	0.0	0.0	0.010
6260	0.0	0.0	0.012
6261	0.0	0.0	0.013
6262	0.0	0.0	0.012
6263	0.0	0.0	0.007
6264	0.0	0.0	0.004
6265	0.0	0.0	0.003
6266	0.0	0.0	0.002
6267	0.0	0.0	0.001
6268	0.0	0.0	0.000
6269	0.0	0.0	0.001
6270	0.0	0.0	0.004
6271	0.0	0.0	0.010
6272	0.0	0.0	0.010
6273	0.0	0.0	0.010
6274	0.0	0.0	0.011
6275	0.0	0.0	0.010
6276	0.0	0.0	0.010
6277	0.0	0.0	0.009
6278	0.0	0.0	0.008
6279	0.0	0.0	0.007
6280	0.0	0.0	0.007
6281	0.0	0.0	0.007
6282	0.0	0.0	0.009
6283	0.0	0.0	0.010
6284	0.0	0.0	0.012
6285	0.0	0.0	0.013
6286	0.0	0.0	0.012
6287	0.0	0.0	0.007
6288	0.0	0.0	0.004
6289	0.0	0.0	0.003
6290	0.0	0.0	0.002
6291	0.0	0.0	0.001
6292	0.0	0.0	0.000
6293	0.0	0.0	0.001
6294	0.0	0.0	0.004
6295	0.0	0.0	0.010
6296	0.0	0.0	0.010
6297	0.0	0.0	0.010
6298	0.0	0.0	0.011
6299	0.0	0.0	0.010
6300	0.0	0.0	0.010
6301	0.0	0.0	0.009
6302	0.0	0.0	0.008
6303	0.0	0.0	0.007
6304	0.0	0.0	0.007
6305	0.0	0.0	0.007
6306	0.0	0.0	0.009
6307	0.0	0.0	0.010
6308	0.0	0.0	0.012
6309	0.0	0.0	0.013
6310	0.0	0.0	0.012
6311	0.0	0.0	0.007
6312	0.0	0.0	0.004
6313	0.0	0.0	0.003
6314	0.0	0.0	0.002
6315	0.0	0.0	0.001
6316	0.0	0.0	0.000
6317	0.0	0.0	0.001
6318	0.0	0.0	0.004
6319	0.0	0.0	0.010
6320	0.0	0.0	0.010
6321	0.0	0.0	0.010
6322	0.0	0.0	0.011
6323	0.0	0.0	0.010
6324	0.0	0.0	0.010
6325	0.0	0.0	0.009
6326	0.0	0.0	0.008
6327	0.0	0.0	0.007
6328	0.0	0.0	0.007
6329	0.0	0.0	0.007
6330	0.0	0.0	0.009
6331	0.0	0.0	0.010
6332	0.0	0.0	0.012
6333	0.0	0.0	0.013
6334	0.0	0.0	0.012
6335	0.0	0.0	0.007
6336	0.0	0.0	0.004
6337	0.0	0.0	0.003
6338	0.0	0.0	0.002
6339	0.0	0.0	0.001
6340	0.0	0.0	0.000
6341	0.0	0.0	0.001
6342	0.0	0.0	0.004
6343	0.0	0.0	0.010
6344	0.0	0.0	0.010
6345	0.0	0.0	0.010
6346	0.0	0.0	0.011
6347	0.0	0.0	0.010
6348	0.0	0.0	0.010
6349	0.0	0.0	0.009
6350	0.0	0.0	0.008
6351	0.0	0.0	0.007
6352	0.0	0.0	0.007
6353	0.0	0.0	0.007
6354	0.0	0.0	0.009
6355	0.0	0.0	0.010
6356	0.0	0.0	0.012
6357	0.0	0.0	0.013
6358	0.0	0.0	0.012
6359	0.0	0.0	0.007
6360	0.0	0.0	0.004
6361	0.0	0.0	0.003
6362	0.0	0.0	0.002
6363	0.0	0.0	0.001
6364	0.0	0.0	0.000
6365	0.0	0.0	0.001
6366	0.0	0.0	0.004
6367	0.0	0.0	0.010
6368	0.0	0.0	0.010
6369	0.0	0.0	0.010
6370	0.0	0.0	0.011
6371	0.0	0.0	0.010
6372	0.0	0.0	0.010
6373	0.0	0.0	0.009
6374	0.0	0.0	0.008
6375	0.0	0.0	0.007
6376	0.0	0.0	0.007
6377	0.0	0.0	0.007
6378	0.0	0.0	0.009
6379	0.0	0.0	0.010
6380	0.0	0.0	0.012
6381	0.0	0.0	0.013
6382	0.0	0.0	0.012
6383	0.0	0.0	0.007
6384	0.0	0.0	0.004
6385	0.0	0.0	0.003
6386	0.0	0.0	0.002
6387	0.0	0.0	0.001
6388	0.0	0.0	0.000
6389	0.0	0.0	0.001
6390	0.0	0.0	0.004
6391	0.0	0.0	0.010
6392	0.0	0.0	0.010
6393	0.0	0.0	0.010
6394	0.0	0.0	0.011
6395	0.0	0.0	0.010
6396	0.0	0.0	0.010
6397	0.0	0.0	0.009
6398	0.0	0.0	0.008
6399	0.0	0.0	0.007
6400	0.0	0.0	0.007
6401	0.0	0.0	0.007
6402	0.0	0.0	0.009
6403	0.0	0.0	0.010
6404	0.0	0.0	0.012
6405	0.0	0.0	0.013
6406	0.0	0.0	0.012
6407	0.0	0.0	0.007
6408	0.0	0.0	0.004
6409	0.0	0.0	0.003
6410	0.0	0.0	0.002
6411	0.0	0.0	0.001
6412	0.0	0.0	0.000
6413	0.0	0.0	0.001
6414	0.0	0.0	0.004
6415	0.0	0.0	0.010
6416	0.0	0.0	0.010
6417	0.0	0.0	0.010
6418	0.0	0.0	0.011
6419	0.0	0.0	0.010
6420	0.0	0.0	0.010
6421	0.0	0.0	0.009
6422	0.0	0.0	0.008
6423	0.0	0.0	0.007
6424	0.0	0.0	0.007
6425	0.0	0.0	0.007
6426	0.0	0.0	0.009
6427	0.0	0.0	0.010
6428	0.0	0.0	0.012
6429	0.0	0.0	0.013
6430	0.0	0.0	0.012
6431	0.0	0.0	0.007
6432	0.0	0.0	0.004
6433	0.0	0.0	0.003
6434	0.0	0.0	0.002
6435	0.0	0.0	0.001
6436	0.0	0.0	0.000
6437	0.0	0.0	0.001
6438	0.0	0.0	0.004
6439	0.0	0.0	0.010
6440	0.0	0.0	0.010
6441	0.0	0.0	0.010
6442	0.0	0.0	0.011
6443	0.0	0.0	0.010
6444	0.0	0.0	0.010
6445	0.0	0.0	0.009
6446	0.0	0.0	0.008
6447	0.0	0.0	0.007
6448	0.0	0.0	0.007
6449	0.0	0.0	0.007
6450	0.0	0.0	0.009
6451	0.0	0.0	0.010
6452	0.0	0.0	0.012
6453	0.0	0.0	0.013
6454	0.0	0.0	0.012
6455	0.0	0.0	0.007
6456	0.0	0.0	0.004
6457	0.0	0.0	0.003
6458	0.0	0.0	0.002
6459	0.0	0.0	0.001
6460	0.0	0.0	0.000
6461	0.0	0.0	0.001
6462	0.0	0.0	0.004
6463	0.0	0.0	0.010
6464	0.0	0.0	0.010
6465	0.0	0.0	0.010
6466	0.0	0.0	0.011
6467	0.0	0.0	0.010
6468	0.0	0.0	0.010
6469	0.0	0.0	0.009
6470	0.0	0.0	0.008
6471	0.0	0.0	0.007
6472	0.0	0.0	0.007
6473	0.0	0.0	0.007
6474	0.0	0.0	0.009
6475	0.0	0.0	0.010
6476	0.0	0.0	0.012
6477	0.0	0.0	0.013
6478	0.0	0.0	0.012
6479	0.0	0.0	0.007
6480	0.0	0.0	0.004
6481	0.0	0.0	0.003
6482	0.0	0.0	0.002
6483	0.0	0.0	0.001
6484	0.0	0.0	0.000
6485	0.0	0.0	0.001
6486	0.0	0.0	0.004
6487	0.0	0.0	0.010
6488	0.0	0.0	0.010
6489	0.0	0.0	0.010
6490	0.0	0.0	0.011
6491	0.0	0.0	0.010
6492	0.0	0.0	0.010
6493	0.0	0.0	0.009
6494	0.0	0.0	0.008
6495	0.0	0.0	0.007
6496	0.0	0.0	0.007
6497	0.0	0.0	0.007
6498	0.0	0.0	0.009
6499	0.0	0.0	0.010
6500	0.0	0.0	0.012
6501	0.0	0.0	0.013
6502	0.0	0.0	0.012
6503	0.0	0.0	0.007
6504	0.0	0.0	0.004
6505	0.0	0.0	0.003
6506	0.0	0.0	0.002
6507	0.0	0.0	0.001
6508	0.0	0.0	0.000
6509	0.0	0.0	0.001
6510	0.0	0.0	0.004
6511	0.0	0.0	0.010
6512	0.0	0.0	0.010
6513	0.0	0.0	0.010
6514	0.0	0.0	0.011
6515	0.0	0.0	0.010
6516	0.0	0.0	0.010
6517	0.0	0.0	0.009
6518	0.0	0.0	0.008
6519	0.0	0.0	0.007
6520	0.0	0.0	0.007
6521	0.0	0.0	0.007
6522	0.0	0.0	0.009
6523	0.0	0.0	0.010
6524	0.0	0.0	0.012
6525	0.0	0.0	0.013
6526	0.0	0.0	0.012
6527	0.0	0.0	0.007
6528	0.0	0.0	0.004
6529	0.0	0.0	0.003
6530	0.0	0.0	0.002
6531	0.0	0.0	0.001
6532	0.0	0.0	0.000
6533	0.0	0.0	0.001
6534	0.0	0.0	0.004
6535	0.0	0.0	0.010
6536	0.0	0.0	0.010
6537	0.0	0.0	0.010
6538	0.0	0.0	0.011
6539	0.0	0.0	0.010
6540	0.0	0.0	0.010
6541	0.0	0.0	0.009
6542	0.0	0.0	0.008
6543	0.0	0.0	0.007
6544	0.0	0.0	0.007
6545	0.0	0.0	0.007
6546	0.0	0.0	0.009
6547	0.0	0.0	0.010
6548	0.0	0.0	0.012
6549	0.0	0.0	0.013
6550	0.0	0.0	0.012
6551	0.0	0.0	0.007
6552	0.0	0.0	0.004
6553	0.0	0.0	0.003
6554	0.0	0.0	0.002
6555	0.0	0.0	0.001
6556	0.0	0.0	0.000
6557	0.0	0.0	0.001
6558	0.0	0.0	0.004
6559	0.0	0.0	0.010
6560	0.0	0.0	0.010
6561	0.0	0.0	0.010
6562	0.0	0.0	0.011
6563	0.0	0.0	0.010
6564	0.0	0.0	0.010
6565	0.0	0.0	0.009
6566	0.0	0.0	0.008
6567	0.0	0.0	0.007
6568	0.0	0.0	0.007
6569	0.0	0.0	0.007
6570	0.0	0.0	0.009
6571	0.0	0.0	0.010
6572	0.0	0.0	0.012
6573	0.0	0.0	0.013
6574	0.0	0.0	0.012
6575	0.0	0.0	0.007
6576	0.0	0.0	0.004
6577	0.0	0.0	0.003
6578	0.0	0.0	0.002
6579	0.0	0.0	0.001
6580	0.0	0.0	0.000
6581	0.0	0.0	0.001
6582	0.0	0.0	0.004
6583	0.0	0.0	0.010
6584	0.0	0.0	0.010
6585	0.0	0.0	0.010
6586	0.0	0.0	0.011
6587	0.0	0.0	0.010
6588	0.0	0.0	0.010
6589	0.0	0.0	0.009
6590	0.0	0.0	0.008
6591	0.0	0.0	0.007
6592	0.0	0.0	0.007
6593	0.0	0.0	0.007
6594	0.0	0.0	0.009
6595	0.1	0.0	0.010
6596	0.1	0.0	0.012
6597	0.1	0.0	0.013
6598	0.1	0.0	0.012
6599	0.1	0.0	0.007
6600	0.1	0.0	0.004
6601	0.0	0.0	0.003
6602	0.1	0.0	0.002
6603	0.1	0.0	0.001
6604	0.1	0.0	0.000
6605	0.1	0.0	0.001
6606	0.1	0.0	0.004
6607	0.1	0.0	0.010
6608	0.1	0.0	0.010
6609	0.1	0.0	0.010
6610	0.1	0.0	0.011
6611	0.1	0.0	0.010
6612	0.1	0.0	0.010
6613	0.1	0.0	0.009
6614	0.1	0.0	0.008
6615	0.1	0.0	0.007
6616	0.1	0.0	0.007
6617	0.1	0.0	0.007
6618	0.1	0.0	0.009
6619	0.1	0.0	0.010
6620	0.1	0.0	0.012
6621	0.1	0.0	0.013
6622	0.1	0.0	0.012
6623	0.1	0.0	0.007
6624	0.1	0.0	0.004
6625	0.1	0.0	0.003
6626	0.1	0.0	0.002
6627	0.1	0.0	0.001
6628	0.1	0.0	0.000
6629	0.1	0.0	0.001
6630	0.1	0.0	0.004
6631	0.1	0.0	0.010
6632	0.1	0.0	0.010
6633	0.1	0.0	0.010
6634	0.1	0.0	0.011
6635	0.1	0.0	0.010
6636	0.1	0.0	0.010
6637	0.1	0.0	0.009
6638	0.1	0.0	0.008
6639	0.1	0.0	0.007
6640	0.1	0.0	0.007
6641	0.1	0.0	0.007
6642	0.1	0.0	0.009
6643	0.1	0.0	0.010
6644	0.1	0.0	0.012
6645	0.1	0.0	0.013
6646	0.1	0.0	0.012
6647	0.1	0.0	0.007
6648	0.1	0.0	0.004
6649	0.1	0.0	0.003
6650	0.1	0.0	0.002
6651	0.1	0.0	0.001
6652	0.1	0.0	0.000
6653	0.1	0.0	0.001
6654	0.1	0.0	0.004
6655	0.1	0.0	0.010
6656	0.1	0.0	0.010
6657	0.1	0.0	0.010
6658	0.1	0.0	0.011
6659	0.1	0.0	0.010
6660	0.1	0.0	0.010
6661	0.1	0.0	0.009
6662	0.0	0.0	0.008
6663	0.0	0.0	0.007
6664	0.0	0.0	0.007
6665	0.0	0.0	0.007
6666	0.1	0.0	0.009
6667	0.1	0.0	0.010
6668	0.1	0.0	0.012
6669	0.1	0.0	0.013
6670	0.1	0.0	0.012
6671	0.1	0.0	0.007
6672	0.1	0.0	0.004
6673	0.1	0.0	0.003
6674	0.1	0.0	0.002
6675	0.1	0.0	0.001
6676	0.1	0.0	0.000
6677	0.1	0.0	0.001
6678	0.1	0.0	0.004
6679	0.1	0.0	0.010
6680	0.1	0.0	0.010
6681	0.1	0.0	0.010
6682	0.1	0.0	0.011
6683	0.1	0.0	0.010
6684	0.1	0.0	0.010
6685	0.1	0.0	0.009
6686	0.1	0.0	0.008
6687	0.0	0.0	0.007
6688	0.1	0.0	0.007
6689	0.0	0.0	0.007
6690	0.1	0.0	0.009
6691	0.1	0.0	0.010
6692	0.1	0.0	0.012
6693	0.1	0.0	0.013
6694	0.1	0.0	0.012
6695	0.1	0.0	0.007
6696	0.1	0.0	0.004
6697	0.1	0.0	0.003
6698	0.1	0.0	0.002
6699	0.1	0.0	0.001
6700	0.1	0.0	0.000
6701	0.1	0.0	0.001
6702	0.1	0.0	0.004
6703	0.1	0.0	0.010
6704	0.1	0.0	0.010
6705	0.1	0.0	0.010
6706	0.1	0.0	0.011
6707	0.1	0.0	0.010
6708	0.1	0.0	0.010
6709	0.1	0.0	0.009
6710	0.1	0.0	0.008
6711	0.1	0.0	0.007
6712	0.1	0.0	0.007
6713	0.1	0.0	0.007
6714	0.1	0.0	0.009
6715	0.1	0.0	0.010
6716	0.1	0.0	0.012
6717	0.1	0.0	0.013
6718	0.1	0.0	0.012
6719	0.1	0.0	0.007
6720	0.1	0.0	0.004
6721	0.1	0.0	0.003
6722	0.1	0.0	0.002
6723	0.1	0.0	0.001
6724	0.1	0.0	0.000
6725	0.1	0.0	0.001
6726	0.1	0.0	0.004
6727	0.1	0.0	0.010
6728	0.1	0.0	0.010
6729	0.1	0.0	0.010
6730	0.1	0.0	0.011
6731	0.1	0.0	0.010
6732	0.1	0.0	0.010
6733	0.1	0.0	0.009
6734	0.1	0.0	0.008
6735	0.1	0.0	0.007
6736	0.1	0.0	0.007
6737	0.1	0.0	0.007
6738	0.1	0.0	0.009
6739	0.1	0.0	0.010
6740	0.1	0.0	0.012
6741	0.1	0.0	0.013
6742	0.1	0.0	0.012
6743	0.1	0.0	0.007
6744	0.1	0.0	0.004
6745	0.1	0.0	0.003
6746	0.1	0.0	0.002
6747	0.1	0.0	0.001
6748	0.1	0.0	0.000
6749	0.1	0.0	0.001
6750	0.1	0.0	0.004
6751	0.1	0.0	0.010
6752	0.1	0.0	0.010
6753	0.1	0.0	0.010
6754	0.1	0.0	0.011
6755	0.1	0.0	0.010
6756	0.1	0.0	0.010
6757	0.1	0.0	0.009
6758	0.0	0.0	0.008
6759	0.0	0.0	0.007
6760	0.0	0.0	0.007
6761	0.0	0.0	0.007
6762	0.1	0.0	0.009
6763	0.1	0.0	0.010
6764	0.1	0.0	0.012
6765	0.1	0.0	0.013
6766	0.1	0.0	0.012
6767	0.1	0.0	0.007
6768	0.1	0.0	0.004
6769	0.1	0.0	0.003
6770	0.1	0.0	0.002
6771	0.1	0.0	0.001
6772	0.1	0.0	0.000
6773	0.1	0.0	0.001
6774	0.1	0.0	0.004
6775	0.1	0.0	0.010
6776	0.1	0.0	0.010
6777	0.1	0.0	0.010
6778	0.1	0.0	0.011
6779	0.1	0.0	0.010
6780	0.1	0.0	0.010
6781	0.1	0.0	0.009
6782	0.1	0.0	0.008
6783	0.0	0.0	0.007
6784	0.0	0.0	0.007
6785	0.1	0.0	0.007
6786	0.1	0.0	0.009
6787	0.1	0.0	0.010
6788	0.1	0.0	0.012
6789	0.1	0.0	0.013
6790	0.1	0.0	0.012
6791	0.1	0.0	0.007
6792	0.1	0.0	0.004
6793	0.1	0.0	0.003
6794	0.1	0.0	0.002
6795	0.1	0.0	0.001
6796	0.1	0.0	0.000
6797	0.1	0.0	0.001
6798	0.1	0.0	0.004
6799	0.1	0.0	0.010
6800	0.1	0.0	0.010
6801	0.1	0.0	0.010
6802	0.1	0.0	0.011
6803	0.1	0.0	0.010
6804	0.1	0.0	0.010
6805	0.1	0.0	0.009
6806	0.1	0.0	0.008
6807	0.0	0.0	0.007
6808	0.0	0.0	0.007
6809	0.0	0.0	0.007
6810	0.1	0.0	0.009
6811	0.1	0.0	0.010
6812	0.1	0.0	0.012
6813	0.1	0.0	0.013
6814	0.1	0.0	0.012
6815	0.1	0.0	0.007
6816	0.1	0.0	0.004
6817	0.0	0.0	0.003
6818	0.0	0.0	0.002
6819	0.0	0.0	0.001
6820	0.0	0.0	0.000
6821	0.0	0.0	0.001
6822	0.0	0.0	0.004
6823	0.0	0.0	0.010
6824	0.1	0.0	0.010
6825	0.1	0.0	0.010
6826	0.1	0.0	0.011
6827	0.1	0.0	0.010
6828	0.1	0.0	0.010
6829	0.0	0.0	0.009
6830	0.0	0.0	0.008
6831	0.0	0.0	0.007
6832	0.0	0.0	0.007
6833	0.0	0.0	0.007
6834	0.0	0.0	0.009
6835	0.0	0.0	0.010
6836	0.0	0.0	0.012
6837	0.0	0.0	0.013
6838	0.1	0.0	0.012
6839	0.1	0.0	0.007
6840	0.1	0.0	0.004
6841	0.0	0.0	0.003
6842	0.0	0.0	0.002
6843	0.0	0.0	0.001
6844	0.0	0.0	0.000
6845	0.0	0.0	0.001
6846	0.0	0.0	0.004
6847	0.0	0.0	0.010
6848	0.1	0.0	0.010
6849	0.0	0.0	0.010
6850	0.0	0.0	0.011
6851	0.0	0.0	0.010
6852	0.0	0.0	0.010
6853	0.0	0.0	0.009
6854	0.0	0.0	0.008
6855	0.0	0.0	0.007
6856	0.0	0.0	0.007
6857	0.0	0.0	0.007
6858	0.0	0.0	0.009
6859	0.0	0.0	0.010
6860	0.0	0.0	0.012
6861	0.0	0.0	0.013
6862	0.0	0.0	0.012
6863	0.0	0.0	0.007
6864	0.0	0.0	0.004
6865	0.0	0.0	0.003
6866	0.0	0.0	0.002
6867	0.0	0.0	0.001
6868	0.0	0.0	0.000
6869	0.0	0.0	0.001
6870	0.0	0.0	0.004
6871	0.0	0.0	0.010
6872	0.0	0.0	0.010
6873	0.0	0.0	0.010
6874	0.0	0.0	0.011
6875	0.0	0.0	0.010
6876	0.0	0.0	0.010
6877	0.0	0.0	0.009
6878	0.0	0.0	0.008
6879	0.0	0.0	0.007
6880	0.0	0.0	0.007
6881	0.0	0.0	0.007
6882	0.0	0.0	0.009
6883	0.0	0.0	0.010
6884	0.0	0.0	0.012
6885	0.0	0.0	0.013
6886	0.0	0.0	0.012
6887	0.0	0.0	0.007
6888	0.0	0.0	0.004
6889	0.0	0.0	0.003
6890	0.0	0.0	0.002
6891	0.0	0.0	0.001
6892	0.0	0.0	0.000
6893	0.0	0.0	0.001
6894	0.0	0.0	0.004
6895	0.0	0.0	0.010
6896	0.0	0.0	0.010
6897	0.0	0.0	0.010
6898	0.0	0.0	0.011
6899	0.0	0.0	0.010
6900	0.0	0.0	0.010
6901	0.0	0.0	0.009
6902	0.0	0.0	0.008
6903	0.0	0.0	0.007
6904	0.0	0.0	0.007
6905	0.0	0.0	0.007
6906	0.0	0.0	0.009
6907	0.0	0.0	0.010
6908	0.0	0.0	0.012
6909	0.0	0.0	0.013
6910	0.0	0.0	0.012
6911	0.0	0.0	0.007
6912	0.1	0.0	0.004
6913	0.0	0.0	0.003
6914	0.0	0.0	0.002
6915	0.0	0.0	0.001
6916	0.0	0.0	0.000
6917	0.0	0.0	0.001
6918	0.0	0.0	0.004
6919	0.0	0.0	0.010
6920	0.0	0.0	0.010
6921	0.0	0.0	0.010
6922	0.0	0.0	0.011
6923	0.0	0.0	0.010
6924	0.0	0.0	0.010
6925	0.0	0.0	0.009
6926	0.0	0.0	0.008
6927	0.0	0.0	0.007
6928	0.0	0.0	0.007
6929	0.0	0.0	0.007
6930	0.0	0.0	0.009
6931	0.0	0.0	0.010
6932	0.0	0.0	0.012
6933	0.0	0.0	0.013
6934	0.0	0.0	0.012
6935	0.0	0.0	0.007
6936	0.0	0.0	0.004
6937	0.0	0.0	0.003
6938	0.0	0.0	0.002
6939	0.0	0.0	0.001
6940	0.0	0.0	0.000
6941	0.0	0.0	0.001
6942	0.0	0.0	0.004
6943	0.0	0.0	0.010
6944	0.0	0.0	0.010
6945	0.0	0.0	0.010
6946	0.0	0.0	0.011
6947	0.0	0.0	0.010
6948	0.0	0.0	0.010
6949	0.0	0.0	0.009
6950	0.0	0.0	0.008
6951	0.0	0.0	0.007
6952	0.0	0.0	0.007
6953	0.0	0.0	0.007
6954	0.0	0.0	0.009
6955	0.0	0.0	0.010
6956	0.0	0.0	0.012
6957	0.0	0.0	0.013
6958	0.0	0.0	0.012
6959	0.0	0.0	0.007
6960	0.0	0.0	0.004
6961	0.0	0.0	0.003
6962	0.0	0.0	0.002
6963	0.0	0.0	0.001
6964	0.0	0.0	0.000
6965	0.0	0.0	0.001
6966	0.0	0.0	0.004
6967	0.0	0.0	0.010
6968	0.1	0.0	0.010
6969	0.1	0.0	0.010
6970	0.1	0.0	0.011
6971	0.1	0.0	0.010
6972	0.0	0.0	0.010
6973	0.0	0.0	0.009
6974	0.0	0.0	0.008
6975	0.0	0.0	0.007
6976	0.0	0.0	0.007
6977	0.0	0.0	0.007
6978	0.1	0.0	0.009
6979	0.1	0.0	0.010
6980	0.1	0.0	0.012
6981	0.1	0.0	0.013
6982	0.1	0.0	0.012
6983	0.1	0.0	0.007
6984	0.1	0.0	0.004
6985	0.1	0.0	0.003
6986	0.1	0.0	0.002
6987	0.1	0.0	0.001
6988	0.1	0.0	0.000
6989	0.1	0.0	0.001
6990	0.1	0.0	0.004
6991	0.1	0.0	0.010
6992	0.1	0.0	0.010
6993	0.1	0.0	0.010
6994	0.1	0.0	0.011
6995	0.1	0.0	0.010
6996	0.1	0.0	0.010
6997	0.1	0.0	0.009
6998	0.1	0.0	0.008
6999	0.0	0.0	0.007
7000	0.1	0.0	0.007
7001	0.1	0.0	0.007
7002	0.1	0.0	0.009
7003	0.1	0.0	0.010
7004	0.1	0.0	0.012
7005	0.1	0.0	0.013
7006	0.1	0.0	0.012
7007	0.1	0.0	0.007
7008	0.1	0.0	0.004
7009	0.1	0.0	0.003
7010	0.1	0.0	0.002
7011	0.1	0.0	0.001
7012	0.1	0.0	0.000
7013	0.1	0.0	0.001
7014	0.1	0.0	0.004
7015	0.1	0.0	0.010
7016	0.1	0.0	0.010
7017	0.1	0.0	0.010
7018	0.1	0.0	0.011
7019	0.1	0.0	0.010
7020	0.1	0.0	0.010
7021	0.1	0.0	0.009
7022	0.1	0.0	0.008
7023	0.1	0.0	0.007
7024	0.1	0.0	0.007
7025	0.1	0.0	0.007
7026	0.1	0.0	0.009
7027	0.1	0.0	0.010
7028	0.1	0.0	0.012
7029	0.1	0.0	0.013
7030	0.1	0.0	0.012
7031	0.1	0.0	0.007
7032	0.1	0.0	0.004
7033	0.1	0.0	0.003
7034	0.1	0.0	0.002
7035	0.1	0.0	0.001
7036	0.1	0.0	0.000
7037	0.1	0.0	0.001
7038	0.1	0.0	0.004
7039	0.1	0.0	0.010
7040	0.1	0.0	0.010
7041	0.1	0.0	0.010
7042	0.1	0.0	0.011
7043	0.1	0.0	0.010
7044	0.1	0.0	0.010
7045	0.1	0.0	0.009
7046	0.1	0.0	0.008
7047	0.1	0.0	0.007
7048	0.1	0.0	0.007
7049	0.1	0.0	0.007
7050	0.1	0.0	0.009
7051	0.1	0.0	0.010
7052	0.1	0.0	0.012
7053	0.1	0.0	0.013
7054	0.1	0.0	0.012
7055	0.1	0.0	0.007
7056	0.1	0.0	0.004
7057	0.1	0.0	0.003
7058	0.1	0.0	0.002
7059	0.1	0.0	0.001
7060	0.1	0.0	0.000
7061	0.1	0.0	0.001
7062	0.1	0.0	0.004
7063	0.1	0.0	0.010
7064	0.1	0.0	0.010
7065	0.1	0.0	0.010
7066	0.1	0.0	0.011
7067	0.1	0.0	0.010
7068	0.1	0.0	0.010
7069	0.1	0.0	0.009
7070	0.1	0.0	0.008
7071	0.1	0.0	0.007
7072	0.1	0.0	0.007
7073	0.1	0.0	0.007
7074	0.1	0.0	0.009
7075	0.1	0.0	0.010
7076	0.1	0.0	0.012
7077	0.1	0.0	0.013
7078	0.1	0.0	0.012
7079	0.1	0.0	0.007
7080	0.1	0.0	0.004
7081	0.1	0.0	0.003
7082	0.1	0.0	0.002
7083	0.1	0.0	0.001
7084	0.1	0.0	0.000
7085	0.1	0.0	0.001
7086	0.1	0.0	0.004
7087	0.1	0.0	0.010
7088	0.1	0.0	0.010
7089	0.1	0.0	0.010
7090	0.1	0.0	0.011
7091	0.1	0.0	0.010
7092	0.1	0.0	0.010
7093	0.1	0.0	0.009
7094	0.0	0.0	0.008
7095	0.0	0.0	0.007
7096	0.0	0.0	0.007
7097	0.0	0.0	0.007
7098	0.1	0.0	0.009
7099	0.1	0.0	0.010
7100	0.1	0.0	0.012
7101	0.1	0.0	0.013
7102	0.1	0.0	0.012
7103	0.1	0.0	0.007
7104	0.1	0.0	0.004
7105	0.0	0.0	0.003
7106	0.0	0.0	0.002
7107	0.0	0.0	0.001
7108	0.0	0.0	0.000
7109	0.0	0.0	0.001
7110	0.0	0.0	0.004
7111	0.0	0.0	0.010
7112	0.1	0.0	0.010
7113	0.1	0.0	0.010
7114	0.1	0.0	0.011
7115	0.1	0.0	0.010
7116	0.1	0.0	0.010
7117	0.0	0.0	0.009
7118	0.0	0.0	0.008
7119	0.0	0.0	0.007
7120	0.1	0.0	0.007
7121	0.1	0.0	0.007
7122	0.1	0.0	0.009
7123	0.1	0.0	0.010
7124	0.1	0.0	0.012
7125	0.1	0.0	0.013
7126	0.1	0.0	0.012
7127	0.1	0.0	0.007
7128	0.1	0.0	0.004
7129	0.1	0.0	0.003
7130	0.1	0.0	0.002
7131	0.1	0.0	0.001
7132	0.1	0.0	0.000
7133	0.1	0.0	0.001
7134	0.1	0.0	0.004
7135	0.0	0.0	0.010
7136	0.1	0.0	0.010
7137	0.1	0.0	0.010
7138	0.1	0.0	0.011
7139	0.1	0.0	0.010
7140	0.0	0.0	0.010
7141	0.0	0.0	0.009
7142	0.0	0.0	0.008
7143	0.0	0.0	0.007
7144	0.0	0.0	0.007
7145	0.0	0.0	0.007
7146	0.0	0.0	0.009
7147	0.0	0.0	0.010
7148	0.1	0.0	0.012
7149	0.1	0.0	0.013
7150	0.1	0.0	0.012
7151	0.1	0.0	0.007
7152	0.1	0.0	0.004
7153	0.0	0.0	0.003
7154	0.0	0.0	0.002
7155	0.0	0.0	0.001
7156	0.0	0.0	0.000
7157	0.1	0.0	0.001
7158	0.0	0.0	0.004
7159	0.0	0.0	0.010
7160	0.1	0.0	0.010
7161	0.1	0.0	0.010
7162	0.0	0.0	0.011
7163	0.0	0.0	0.010
7164	0.0	0.0	0.010
7165	0.0	0.0	0.009
7166	0.0	0.0	0.008
7167	0.0	0.0	0.007
7168	0.0	0.0	0.007
7169	0.0	0.0	0.007
7170	0.0	0.0	0.009
7171	0.0	0.0	0.010
7172	0.0	0.0	0.012
7173	0.0	0.0	0.013
7174	0.0	0.0	0.012
7175	0.0	0.0	0.007
7176	0.1	0.0	0.004
7177	0.0	0.0	0.003
7178	0.0	0.0	0.002
7179	0.0	0.0	0.001
7180	0.0	0.0	0.000
7181	0.0	0.0	0.001
7182	0.0	0.0	0.004
7183	0.0	0.0	0.010
7184	0.0	0.0	0.010
7185	0.0	0.0	0.010
7186	0.0	0.0	0.011
7187	0.0	0.0	0.010
7188	0.0	0.0	0.010
7189	0.0	0.0	0.009
7190	0.0	0.0	0.008
7191	0.0	0.0	0.007
7192	0.0	0.0	0.007
7193	0.0	0.0	0.007
7194	0.0	0.0	0.009
7195	0.0	0.0	0.010
7196	0.0	0.0	0.012
7197	0.0	0.0	0.013
7198	0.0	0.0	0.012
7199	0.0	0.0	0.007
7200	0.0	0.0	0.004
7201	0.0	0.0	0.003
7202	0.0	0.0	0.002
7203	0.0	0.0	0.001
7204	0.0	0.0	0.000
7205	0.0	0.0	0.001
7206	0.0	0.0	0.004
7207	0.0	0.0	0.010
7208	0.0	0.0	0.010
7209	0.0	0.0	0.010
7210	0.0	0.0	0.011
7211	0.0	0.0	0.010
7212	0.0	0.0	0.010
7213	0.0	0.0	0.009
7214	0.0	0.0	0.008
7215	0.0	0.0	0.007
7216	0.0	0.0	0.007
7217	0.0	0.0	0.007
7218	0.0	0.0	0.009
7219	0.0	0.0	0.010
7220	0.0	0.0	0.012
7221	0.0	0.0	0.013
7222	0.0	0.0	0.012
7223	0.0	0.0	0.007
7224	0.0	0.0	0.004
7225	0.0	0.0	0.003
7226	0.0	0.0	0.002
7227	0.0	0.0	0.001
7228	0.0	0.0	0.000
7229	0.0	0.0	0.001
7230	0.0	0.0	0.004
7231	0.0	0.0	0.010
7232	0.0	0.0	0.010
7233	0.0	0.0	0.010
7234	0.0	0.0	0.011
7235	0.0	0.0	0.010
7236	0.0	0.0	0.010
7237	0.0	0.0	0.009
7238	0.0	0.0	0.008
7239	0.0	0.0	0.007
7240	0.0	0.0	0.007
7241	0.0	0.0	0.007
7242	0.0	0.0	0.009
7243	0.0	0.0	0.010
7244	0.0	0.0	0.012
7245	0.0	0.0	0.013
7246	0.0	0.0	0.012
7247	0.0	0.0	0.007
7248	0.0	0.0	0.004
7249	0.0	0.0	0.003
7250	0.0	0.0	0.002
7251	0.0	0.0	0.001
7252	0.0	0.0	0.000
7253	0.0	0.0	0.001
7254	0.0	0.0	0.004
7255	0.0	0.0	0.010
7256	0.0	0.0	0.010
7257	0.0	0.0	0.010
7258	0.0	0.0	0.011
7259	0.0	0.0	0.010
7260	0.0	0.0	0.010
7261	0.0	0.0	0.009
7262	0.0	0.0	0.008
7263	0.0	0.0	0.007
7264	0.0	0.0	0.007
7265	0.0	0.0	0.007
7266	0.0	0.0	0.009
7267	0.0	0.0	0.010
7268	0.0	0.0	0.012
7269	0.0	0.0	0.013
7270	0.0	0.0	0.012
7271	0.0	0.0	0.007
7272	0.0	0.0	0.004
7273	0.0	0.0	0.003
7274	0.0	0.0	0.002
7275	0.0	0.0	0.001
7276	0.0	0.0	0.000
7277	0.0	0.0	0.001
7278	0.0	0.0	0.004
7279	0.0	0.0	0.010
7280	0.0	0.0	0.010
7281	0.0	0.0	0.010
7282	0.0	0.0	0.011
7283	0.0	0.0	0.010
7284	0.0	0.0	0.010
7285	0.0	0.0	0.009
7286	0.0	0.0	0.008
7287	0.0	0.0	0.007
7288	0.0	0.0	0.007
7289	0.0	0.0	0.007
7290	0.0	0.0	0.009
7291	0.0	0.0	0.010
7292	0.0	0.0	0.012
7293	0.0	0.0	0.013
7294	0.0	0.0	0.012
7295	0.0	0.0	0.007
7296	0.0	0.0	0.004
7297	0.1	0.0	0.003
7298	0.1	0.0	0.002
7299	0.1	0.0	0.001
7300	0.1	0.0	0.000
7301	0.1	0.0	0.001
7302	0.1	0.0	0.004
7303	0.1	0.0	0.010
7304	0.2	0.0	0.010
7305	0.2	0.0	0.010
7306	0.2	0.0	0.011
7307	0.2	0.0	0.010
7308	0.2	0.0	0.010
7309	0.2	0.0	0.009
7310	0.2	0.0	0.008
7311	0.2	0.0	0.007
7312	0.2	0.0	0.007
7313	0.2	0.0	0.007
7314	0.2	0.0	0.009
7315	0.3	0.0	0.010
7316	0.2	0.0	0.012
7317	0.2	0.0	0.013
7318	0.3	0.0	0.012
7319	0.3	0.0	0.007
7320	0.3	0.0	0.004
7321	0.2	0.0	0.003
7322	0.2	0.0	0.002
7323	0.2	0.0	0.001
7324	0.2	0.0	0.000
7325	0.2	0.0	0.001
7326	0.2	0.0	0.004
7327	0.2	0.0	0.010
7328	0.3	0.0	0.010
7329	0.3	0.0	0.010
7330	0.2	0.0	0.011
7331	0.2	0.0	0.010
7332	0.2	0.0	0.010
7333	0.2	0.0	0.009
7334	0.2	0.0	0.008
7335	0.2	0.0	0.007
7336	0.2	0.0	0.007
7337	0.2	0.0	0.007
7338	0.2	0.0	0.009
7339	0.2	0.0	0.010
7340	0.2	0.0	0.012
7341	0.2	0.0	0.013
7342	0.2	0.0	0.012
7343	0.2	0.0	0.007
7344	0.2	0.0	0.004
7345	0.1	0.0	0.003
7346	0.1	0.0	0.002
7347	0.1	0.0	0.001
7348	0.2	0.0	0.000
7349	0.1	0.0	0.001
7350	0.2	0.0	0.004
7351	0.2	0.0	0.010
7352	0.2	0.0	0.010
7353	0.2	0.0	0.010
7354	0.2	0.0	0.011
7355	0.2	0.0	0.010
7356	0.2	0.0	0.010
7357	0.2	0.0	0.009
7358	0.2	0.0	0.008
7359	0.1	0.0	0.007
7360	0.1	0.0	0.007
7361	0.2	0.0	0.007
7362	0.2	0.0	0.009
7363	0.1	0.0	0.010
7364	0.1	0.0	0.012
7365	0.1	0.0	0.013
7366	0.1	0.0	0.012
7367	0.1	0.0	0.007
7368	0.1	0.0	0.004
7369	0.0	0.0	0.003
7370	0.0	0.0	0.002
7371	0.1	0.0	0.001
7372	0.1	0.0	0.000
7373	0.1	0.0	0.001
7374	0.1	0.0	0.004
7375	0.1	0.0	0.010
7376	0.2	0.0	0.010
7377	0.2	0.0	0.010
7378	0.1	0.0	0.011
7379	0.1	0.0	0.010
7380	0.1	0.0	0.010
7381	0.1	0.0	0.009
7382	0.1	0.0	0.008
7383	0.1	0.0	0.007
7384	0.1	0.0	0.007
7385	0.1	0.0	0.007
7386	0.1	0.0	0.009
7387	0.1	0.0	0.010
7388	0.1	0.0	0.012
7389	0.1	0.0	0.013
7390	0.1	0.0	0.012
7391	0.1	0.0	0.007
7392	0.1	0.0	0.004
7393	0.1	0.0	0.003
7394	0.1	0.0	0.002
7395	0.1	0.0	0.001
7396	0.1	0.0	0.000
7397	0.1	0.0	0.001
7398	0.1	0.0	0.004
7399	0.1	0.0	0.010
7400	0.1	0.0	0.010
7401	0.1	0.0	0.010
7402	0.1	0.0	0.011
7403	0.1	0.0	0.010
7404	0.1	0.0	0.010
7405	0.1	0.0	0.009
7406	0.1	0.0	0.008
7407	0.1	0.0	0.007
7408	0.1	0.0	0.007
7409	0.1	0.0	0.007
7410	0.1	0.0	0.009
7411	0.1	0.0	0.010
7412	0.1	0.0	0.012
7413	0.1	0.0	0.013
7414	0.1	0.0	0.012
7415	0.1	0.0	0.007
7416	0.1	0.0	0.004
7417	0.0	0.0	0.003
7418	0.0	0.0	0.002
7419	0.0	0.0	0.001
7420	0.0	0.0	0.000
7421	0.0	0.0	0.001
7422	0.1	0.0	0.004
7423	0.0	0.0	0.010
7424	0.1	0.0	0.010
7425	0.1	0.0	0.010
7426	0.1	0.0	0.011
7427	0.1	0.0	0.010
7428	0.1	0.0	0.010
7429	0.1	0.0	0.009
7430	0.1	0.0	0.008
7431	0.1	0.0	0.007
7432	0.1	0.0	0.007
7433	0.1	0.0	0.007
7434	0.1	0.0	0.009
7435	0.1	0.0	0.010
7436	0.1	0.0	0.012
7437	0.2	0.0	0.013
7438	0.2	0.0	0.012
7439	0.2	0.0	0.007
7440	0.2	0.0	0.004
7441	0.1	0.0	0.003
7442	0.1	0.0	0.002
7443	0.1	0.0	0.001
7444	0.2	0.0	0.000
7445	0.2	0.0	0.001
7446	0.2	0.0	0.004
7447	0.2	0.0	0.010
7448	0.3	0.0	0.010
7449	0.3	0.0	0.010
7450	0.3	0.0	0.011
7451	0.2	0.0	0.010
7452	0.2	0.0	0.010
7453	0.2	0.0	0.009
7454	0.2	0.0	0.008
7455	0.2	0.0	0.007
7456	0.2	0.0	0.007
7457	0.2	0.0	0.007
7458	0.2	0.0	0.009
7459	0.3	0.0	0.010
7460	0.3	0.0	0.012
7461	0.3	0.0	0.013
7462	0.3	0.0	0.012
7463	0.3	0.0	0.007
7464	0.3	0.0	0.004
7465	0.3	0.0	0.003
7466	0.3	0.0	0.002
7467	0.3	0.0	0.001
7468	0.3	0.0	0.000
7469	0.3	0.0	0.001
7470	0.3	0.0	0.004
7471	0.3	0.0	0.010
7472	0.4	0.0	0.010
7473	0.4	0.0	0.010
7474	0.3	0.0	0.011
7475	0.3	0.0	0.010
7476	0.3	0.0	0.010
7477	0.3	0.0	0.009
7478	0.3	0.0	0.008
7479	0.3	0.0	0.007
7480	0.3	0.0	0.007
7481	0.3	0.0	0.007
7482	0.3	0.0	0.009
7483	0.3	0.0	0.010
7484	0.3	0.0	0.012
7485	0.3	0.0	0.013
7486	0.3	0.0	0.012
7487	0.3	0.0	0.007
7488	0.3	0.0	0.004
7489	0.3	0.0	0.003
7490	0.3	0.0	0.002
7491	0.3	0.0	0.001
7492	0.3	0.0	0.000
7493	0.3	0.0	0.001
7494	0.3	0.0	0.004
7495	0.3	0.0	0.010
7496	0.3	0.0	0.010
7497	0.3	0.0	0.010
7498	0.3	0.0	0.011
7499	0.3	0.0	0.010
7500	0.3	0.0	0.010
7501	0.3	0.0	0.009
7502	0.3	0.0	0.008
7503	0.3	0.0	0.007
7504	0.3	0.0	0.007
7505	0.3	0.0	0.007
7506	0.3	0.0	0.009
7507	0.3	0.0	0.010
7508	0.3	0.0	0.012
7509	0.3	0.0	0.013
7510	0.3	0.0	0.012
7511	0.3	0.0	0.007
7512	0.4	0.0	0.004
7513	0.3	0.0	0.003
7514	0.3	0.0	0.002
7515	0.3	0.0	0.001
7516	0.3	0.0	0.000
7517	0.3	0.0	0.001
7518	0.3	0.0	0.004
7519	0.3	0.0	0.010
7520	0.3	0.0	0.010
7521	0.3	0.0	0.010
7522	0.3	0.0	0.011
7523	0.3	0.0	0.010
7524	0.3	0.0	0.010
7525	0.3	0.0	0.009
7526	0.3	0.0	0.008
7527	0.3	0.0	0.007
7528	0.3	0.0	0.007
7529	0.3	0.0	0.007
7530	0.3	0.0	0.009
7531	0.3	0.0	0.010
7532	0.3	0.0	0.012
7533	0.3	0.0	0.013
7534	0.3	0.0	0.012
7535	0.3	0.0	0.007
7536	0.3	0.0	0.004
7537	0.2	0.0	0.003
7538	0.3	0.0	0.002
7539	0.3	0.0	0.001
7540	0.3	0.0	0.000
7541	0.3	0.0	0.001
7542	0.3	0.0	0.004
7543	0.3	0.0	0.010
7544	0.3	0.0	0.010
7545	0.4	0.0	0.010
7546	0.3	0.0	0.011
7547	0.3	0.0	0.010
7548	0.3	0.0	0.010
7549	0.3	0.0	0.009
7550	0.3	0.0	0.008
7551	0.3	0.0	0.007
7552	0.3	0.0	0.007
7553	0.3	0.0	0.007
7554	0.4	0.0	0.009
7555	0.4	0.0	0.010
7556	0.4	0.0	0.012
7557	0.4	0.0	0.013
7558	0.4	0.0	0.012
7559	0.4	0.0	0.007
7560	0.4	0.0	0.004
7561	0.3	0.0	0.003
7562	0.3	0.0	0.002
7563	0.3	0.0	0.001
7564	0.3	0.0	0.000
7565	0.3	0.0	0.001
7566	0.3	0.0	0.004
7567	0.4	0.0	0.010
7568	0.4	0.0	0.010
7569	0.4	0.0	0.010
7570	0.4	0.0	0.011
7571	0.5	0.0	0.010
7572	0.4	0.0	0.010
7573	0.4	0.0	0.009
7574	0.5	0.0	0.008
7575	0.4	0.0	0.007
7576	0.4	0.0	0.007
7577	0.4	0.0	0.007
7578	0.4	0.0	0.009
7579	0.4	0.0	0.010
7580	0.4	0.0	0.012
7581	0.4	0.0	0.013
7582	0.4	0.0	0.012
7583	0.4	0.0	0.007
7584	0.4	0.0	0.004
7585	0.4	0.0	0.003
7586	0.4	0.0	0.002
7587	0.4	0.0	0.001
7588	0.4	0.0	0.000
7589	0.4	0.0	0.001
7590	0.4	0.0	0.004
7591	0.4	0.0	0.010
7592	0.4	0.0	0.010
7593	0.4	0.0	0.010
7594	0.4	0.0	0.011
7595	0.4	0.0	0.010
7596	0.4	0.0	0.010
7597	0.4	0.0	0.009
7598	0.4	0.0	0.008
7599	0.3	0.0	0.007
7600	0.3	0.0	0.007
7601	0.3	0.0	0.007
7602	0.3	0.0	0.009
7603	0.3	0.0	0.010
7604	0.3	0.0	0.012
7605	0.3	0.0	0.013
7606	0.3	0.0	0.012
7607	0.3	0.0	0.007
7608	0.3	0.0	0.004
7609	0.3	0.0	0.003
7610	0.3	0.0	0.002
7611	0.3	0.0	0.001
7612	0.3	0.0	0.000
7613	0.3	0.0	0.001
7614	0.3	0.0	0.004
7615	0.3	0.0	0.010
7616	0.4	0.0	0.010
7617	0.3	0.0	0.010
7618	0.3	0.0	0.011
7619	0.3	0.0	0.010
7620	0.3	0.0	0.010
7621	0.3	0.0	0.009
7622	0.3	0.0	0.008
7623	0.3	0.0	0.007
7624	0.3	0.0	0.007
7625	0.3	0.0	0.007
7626	0.3	0.0	0.009
7627	0.3	0.0	0.010
7628	0.3	0.0	0.012
7629	0.3	0.0	0.013
7630	0.3	0.0	0.012
7631	0.3	0.0	0.007
7632	0.3	0.0	0.004
7633	0.2	0.0	0.003
7634	0.2	0.0	0.002
7635	0.2	0.0	0.001
7636	0.2	0.0	0.000
7637	0.2	0.0	0.001
7638	0.2	0.0	0.004
7639	0.2	0.0	0.010
7640	0.3	0.0	0.010
7641	0.3	0.0	0.010
7642	0.3	0.0	0.011
7643	0.2	0.0	0.010
7644	0.2	0.0	0.010
7645	0.2	0.0	0.009
7646	0.2	0.0	0.008
7647	0.2	0.0	0.007
7648	0.2	0.0	0.007
7649	0.2	0.0	0.007
7650	0.2	0.0	0.009
7651	0.2	0.0	0.010
7652	0.2	0.0	0.012
7653	0.2	0.0	0.013
7654	0.2	0.0	0.012
7655	0.2	0.0	0.007
7656	0.2	0.0	0.004
7657	0.1	0.0	0.003
7658	0.1	0.0	0.002
7659	0.1	0.0	0.001
7660	0.1	0.0	0.000
7661	0.1	0.0	0.001
7662	0.1	0.0	0.004
7663	0.1	0.0	0.010
7664	0.2	0.0	0.010
7665	0.2	0.0	0.010
7666	0.2	0.0	0.011
7667	0.2	0.0	0.010
7668	0.2	0.0	0.010
7669	0.2	0.0	0.009
7670	0.1	0.0	0.008
7671	0.1	0.0	0.007
7672	0.1	0.0	0.007
7673	0.2	0.0	0.007
7674	0.2	0.0	0.009
7675	0.2	0.0	0.010
7676	0.2	0.0	0.012
7677	0.2	0.0	0.013
7678	0.2	0.0	0.012
7679	0.2	0.0	0.007
7680	0.2	0.0	0.004
7681	0.1	0.0	0.003
7682	0.1	0.0	0.002
7683	0.1	0.0	0.001
7684	0.1	0.0	0.000
7685	0.1	0.0	0.001
7686	0.1	0.0	0.004
7687	0.1	0.0	0.010
7688	0.2	0.0	0.010
7689	0.2	0.0	0.010
7690	0.2	0.0	0.011
7691	0.2	0.0	0.010
7692	0.2	0.0	0.010
7693	0.2	0.0	0.009
7694	0.2	0.0	0.008
7695	0.2	0.0	0.007
7696	0.2	0.0	0.007
7697	0.2	0.0	0.007
7698	0.2	0.0	0.009
7699	0.2	0.0	0.010
7700	0.3	0.0	0.012
7701	0.2	0.0	0.013
7702	0.2	0.0	0.012
7703	0.2	0.0	0.007
7704	0.2	0.0	0.004
7705	0.2	0.0	0.003
7706	0.2	0.0	0.002
7707	0.2	0.0	0.001
7708	0.2	0.0	0.000
7709	0.2	0.0	0.001
7710	0.2	0.0	0.004
7711	0.2	0.0	0.010
7712	0.3	0.0	0.010
7713	0.3	0.0	0.010
7714	0.3	0.0	0.011
7715	0.2	0.0	0.010
7716	0.2	0.0	0.010
7717	0.2	0.0	0.009
7718	0.2	0.0	0.008
7719	0.2	0.0	0.007
7720	0.2	0.0	0.007
7721	0.2	0.0	0.007
7722	0.2	0.0	0.009
7723	0.2	0.0	0.010
7724	0.3	0.0	0.012
7725	0.3	0.0	0.013
7726	0.3	0.0	0.012
7727	0.3	0.0	0.007
7728	0.3	0.0	0.004
7729	0.2	0.0	0.003
7730	0.2	0.0	0.002
7731	0.3	0.0	0.001
7732	0.3	0.0	0.000
7733	0.3	0.0	0.001
7734	0.3	0.0	0.004
7735	0.3	0.0	0.010
7736	0.4	0.0	0.010
7737	0.4	0.0	0.010
7738	0.3	0.0	0.011
7739	0.3	0.0	0.010
7740	0.3	0.0	0.010
7741	0.3	0.0	0.009
7742	0.3	0.0	0.008
7743	0.3	0.0	0.007
7744	0.3	0.0	0.007
7745	0.3	0.0	0.007
7746	0.4	0.0	0.009
7747	0.4	0.0	0.010
7748	0.4	0.0	0.012
7749	0.4	0.0	0.013
7750	0.4	0.0	0.012
7751	0.4	0.0	0.007
7752	0.4	0.0	0.004
7753	0.4	0.0	0.003
7754	0.3	0.0	0.002
7755	0.4	0.0	0.001
7756	0.3	0.0	0.000
7757	0.3	0.0	0.001
7758	0.3	0.0	0.004
7759	0.4	0.0	0.010
7760	0.4	0.0	0.010
7761	0.4	0.0	0.010
7762	0.4	0.0	0.011
7763	0.4	0.0	0.010
7764	0.4	0.0	0.010
7765	0.3	0.0	0.009
7766	0.3	0.0	0.008
7767	0.3	0.0	0.007
7768	0.3	0.0	0.007
7769	0.3	0.0	0.007
7770	0.3	0.0	0.009
7771	0.3	0.0	0.010
7772	0.3	0.0	0.012
7773	0.4	0.0	0.013
7774	0.4	0.0	0.012
7775	0.4	0.0	0.007
7776	0.4	0.0	0.004
7777	0.3	0.0	0.003
7778	0.3	0.0	0.002
7779	0.3	0.0	0.001
7780	0.3	0.0	0.000
7781	0.3	0.0	0.001
7782	0.3	0.0	0.004
7783	0.3	0.0	0.010
7784	0.4	0.0	0.010
7785	0.4	0.0	0.010
7786	0.3	0.0	0.011
7787	0.3	0.0	0.010
7788	0.3	0.0	0.010
7789	0.3	0.0	0.009
7790	0.3	0.0	0.008
7791	0.3	0.0	0.007
7792	0.3	0.0	0.007
7793	0.3	0.0	0.007
7794	0.3	0.0	0.009
7795	0.3	0.0	0.010
7796	0.3	0.0	0.012
7797	0.3	0.0	0.013
7798	0.4	0.0	0.012
7799	0.4	0.0	0.007
7800	0.4	0.0	0.004
7801	0.3	0.0	0.003
7802	0.3	0.0	0.002
7803	0.3	0.0	0.001
7804	0.3	0.0	0.000
7805	0.3	0.0	0.001
7806	0.3	0.0	0.004
7807	0.3	0.0	0.010
7808	0.4	0.0	0.010
7809	0.4	0.0	0.010
7810	0.4	0.0	0.011
7811	0.3	0.0	0.010
7812	0.3	0.0	0.010
7813	0.3	0.0	0.009
7814	0.3	0.0	0.008
7815	0.3	0.0	0.007
7816	0.3	0.0	0.007
7817	0.3	0.0	0.007
7818	0.3	0.0	0.009
7819	0.3	0.0	0.010
7820	0.3	0.0	0.012
7821	0.3	0.0	0.013
7822	0.3	0.0	0.012
7823	0.3	0.0	0.007
7824	0.3	0.0	0.004
7825	0.2	0.0	0.003
7826	0.2	0.0	0.002
7827	0.2	0.0	0.001
7828	0.2	0.0	0.000
7829	0.2	0.0	0.001
7830	0.2	0.0	0.004
7831	0.2	0.0	0.010
7832	0.3	0.0	0.010
7833	0.3	0.0	0.010
7834	0.3	0.0	0.011
7835	0.3	0.0	0.010
7836	0.3	0.0	0.010
7837	0.2	0.0	0.009
7838	0.2	0.0	0.008
7839	0.2	0.0	0.007
7840	0.2	0.0	0.007
7841	0.2	0.0	0.007
7842	0.2	0.0	0.009
7843	0.2	0.0	0.010
7844	0.2	0.0	0.012
7845	0.2	0.0	0.013
7846	0.2	0.0	0.012
7847	0.2	0.0	0.007
7848	0.2	0.0	0.004
7849	0.1	0.0	0.003
7850	0.1	0.0	0.002
7851	0.1	0.0	0.001
7852	0.1	0.0	0.000
7853	0.2	0.0	0.001
7854	0.2	0.0	0.004
7855	0.2	0.0	0.010
7856	0.2	0.0	0.010
7857	0.2	0.0	0.010
7858	0.2	0.0	0.011
7859	0.2	0.0	0.010
7860	0.2	0.0	0.010
7861	0.2	0.0	0.009
7862	0.2	0.0	0.008
7863	0.2	0.0	0.007
7864	0.2	0.0	0.007
7865	0.2	0.0	0.007
7866	0.2	0.0	0.009
7867	0.2	0.0	0.010
7868	0.3	0.0	0.012
7869	0.3	0.0	0.013
7870	0.3	0.0	0.012
7871	0.3	0.0	0.007
7872	0.3	0.0	0.004
7873	0.2	0.0	0.003
7874	0.2	0.0	0.002
7875	0.2	0.0	0.001
7876	0.2	0.0	0.000
7877	0.2	0.0	0.001
7878	0.3	0.0	0.004
7879	0.3	0.0	0.010
7880	0.3	0.0	0.010
7881	0.3	0.0	0.010
7882	0.3	0.0	0.011
7883	0.3	0.0	0.010
7884	0.3	0.0	0.010
7885	0.3	0.0	0.009
7886	0.3	0.0	0.008
7887	0.3	0.0	0.007
7888	0.3	0.0	0.007
7889	0.3	0.0	0.007
7890	0.3	0.0	0.009
7891	0.3	0.0	0.010
7892	0.3	0.0	0.012
7893	0.3	0.0	0.013
7894	0.3	0.0	0.012
7895	0.3	0.0	0.007
7896	0.3	0.0	0.004
7897	0.2	0.0	0.003
7898	0.2	0.0	0.002
7899	0.2	0.0	0.001
7900	0.2	0.0	0.000
7901	0.2	0.0	0.001
7902	0.2	0.0	0.004
7903	0.2	0.0	0.010
7904	0.3	0.0	0.010
7905	0.3	0.0	0.010
7906	0.3	0.0	0.011
7907	0.2	0.0	0.010
7908	0.2	0.0	0.010
7909	0.2	0.0	0.009
7910	0.2	0.0	0.008
7911	0.2	0.0	0.007
7912	0.2	0.0	0.007
7913	0.2	0.0	0.007
7914	0.2	0.0	0.009
7915	0.2	0.0	0.010
7916	0.2	0.0	0.012
7917	0.2	0.0	0.013
7918	0.2	0.0	0.012
7919	0.2	0.0	0.007
7920	0.2	0.0	0.004
7921	0.2	0.0	0.003
7922	0.2	0.0	0.002
7923	0.2	0.0	0.001
7924	0.2	0.0	0.000
7925	0.2	0.0	0.001
7926	0.2	0.0	0.004
7927	0.2	0.0	0.010
7928	0.3	0.0	0.010
7929	0.3	0.0	0.010
7930	0.3	0.0	0.011
7931	0.2	0.0	0.010
7932	0.2	0.0	0.010
7933	0.2	0.0	0.009
7934	0.2	0.0	0.008
7935	0.2	0.0	0.007
7936	0.2	0.0	0.007
7937	0.2	0.0	0.007
7938	0.2	0.0	0.009
7939	0.2	0.0	0.010
7940	0.2	0.0	0.012
7941	0.2	0.0	0.013
7942	0.3	0.0	0.012
7943	0.3	0.0	0.007
7944	0.3	0.0	0.004
7945	0.2	0.0	0.003
7946	0.2	0.0	0.002
7947	0.2	0.0	0.001
7948	0.2	0.0	0.000
7949	0.2	0.0	0.001
7950	0.3	0.0	0.004
7951	0.3	0.0	0.010
7952	0.3	0.0	0.010
7953	0.3	0.0	0.010
7954	0.3	0.0	0.011
7955	0.3	0.0	0.010
7956	0.3	0.0	0.010
7957	0.3	0.0	0.009
7958	0.2	0.0	0.008
7959	0.2	0.0	0.007
7960	0.2	0.0	0.007
7961	0.2	0.0	0.007
7962	0.3	0.0	0.009
7963	0.3	0.0	0.010
7964	0.3	0.0	0.012
7965	0.3	0.0	0.013
7966	0.3	0.0	0.012
7967	0.3	0.0	0.007
7968	0.3	0.0	0.004
7969	0.2	0.0	0.003
7970	0.2	0.0	0.002
7971	0.2	0.0	0.001
7972	0.2	0.0	0.000
7973	0.2	0.0	0.001
7974	0.2	0.0	0.004
7975	0.2	0.0	0.010
7976	0.3	0.0	0.010
7977	0.3	0.0	0.010
7978	0.3	0.0	0.011
7979	0.3	0.0	0.010
7980	0.2	0.0	0.010
7981	0.2	0.0	0.009
7982	0.2	0.0	0.008
7983	0.2	0.0	0.007
7984	0.2	0.0	0.007
7985	0.2	0.0	0.007
7986	0.3	0.0	0.009
7987	0.3	0.0	0.010
7988	0.3	0.0	0.012
7989	0.3	0.0	0.013
7990	0.3	0.0	0.012
7991	0.3	0.0	0.007
7992	0.3	0.0	0.004
7993	0.3	0.0	0.003
7994	0.3	0.0	0.002
7995	0.3	0.0	0.001
7996	0.3	0.0	0.000
7997	0.3	0.0	0.001
7998	0.3	0.0	0.004
7999	0.3	0.0	0.010
8000	0.4	0.0	0.010
8001	0.4	0.0	0.010
8002	0.4	0.0	0.011
8003	0.4	0.0	0.010
8004	0.3	0.0	0.010
8005	0.3	0.0	0.009
8006	0.3	0.0	0.008
8007	0.3	0.0	0.007
8008	0.3	0.0	0.007
8009	0.3	0.0	0.007
8010	0.4	0.0	0.009
8011	0.4	0.0	0.010
8012	0.4	0.0	0.012
8013	0.4	0.0	0.013
8014	0.4	0.0	0.012
8015	0.4	0.0	0.007
8016	0.4	0.0	0.004
8017	0.4	0.0	0.003
8018	0.4	0.0	0.002
8019	0.4	0.0	0.001
8020	0.4	0.0	0.000
8021	0.4	0.0	0.001
8022	0.5	0.0	0.004
8023	0.5	0.0	0.010
8024	0.6	0.0	0.010
8025	0.6	0.0	0.010
8026	0.6	0.0	0.011
8027	0.5	0.0	0.010
8028	0.5	0.0	0.010
8029	0.5	0.0	0.009
8030	0.5	0.0	0.008
8031	0.5	0.0	0.007
8032	0.5	0.0	0.007
8033	0.5	0.0	0.007
8034	0.5	0.0	0.009
8035	0.5	0.0	0.010
8036	0.5	0.0	0.012
8037	0.5	0.0	0.013
8038	0.6	0.0	0.012
8039	0.6	0.0	0.007
8040	0.6	0.0	0.004
8041	0.5	0.0	0.003
8042	0.5	0.0	0.002
8043	0.4	0.0	0.001
8044	0.4	0.0	0.000
8045	0.4	0.0	0.001
8046	0.4	0.0	0.004
8047	0.4	0.0	0.010
8048	0.5	0.0	0.010
8049	0.5	0.0	0.010
8050	0.5	0.0	0.011
8051	0.5	0.0	0.010
8052	0.5	0.0	0.010
8053	0.5	0.0	0.009
8054	0.5	0.0	0.008
8055	0.5	0.0	0.007
8056	0.5	0.0	0.007
8057	0.5	0.0	0.007
8058	0.4	0.0	0.009
8059	0.4	0.0	0.010
8060	0.5	0.0	0.012
8061	0.5	0.0	0.013
8062	0.5	0.0	0.012
8063	0.5	0.0	0.007
8064	0.5	0.0	0.004
8065	0.4	0.0	0.003
8066	0.4	0.0	0.002
8067	0.4	0.0	0.001
8068	0.4	0.0	0.000
8069	0.4	0.0	0.001
8070	0.4	0.0	0.004
8071	0.3	0.0	0.010
8072	0.4	0.0	0.010
8073	0.4	0.0	0.010
8074	0.4	0.0	0.011
8075	0.4	0.0	0.010
8076	0.4	0.0	0.010
8077	0.4	0.0	0.009
8078	0.4	0.0	0.008
8079	0.4	0.0	0.007
8080	0.4	0.0	0.007
8081	0.4	0.0	0.007
8082	0.4	0.0	0.009
8083	0.4	0.0	0.010
8084	0.4	0.0	0.012
8085	0.4	0.0	0.013
8086	0.4	0.0	0.012
8087	0.4	0.0	0.007
8088	0.4	0.0	0.004
8089	0.3	0.0	0.003
8090	0.3	0.0	0.002
8091	0.4	0.0	0.001
8092	0.4	0.0	0.000
8093	0.4	0.0	0.001
8094	0.4	0.0	0.004
8095	0.4	0.0	0.010
8096	0.5	0.0	0.010
8097	0.5	0.0	0.010
8098	0.5	0.0	0.011
8099	0.4	0.0	0.010
8100	0.4	0.0	0.010
8101	0.4	0.0	0.009
8102	0.4	0.0	0.008
8103	0.4	0.0	0.007
8104	0.5	0.0	0.007
8105	0.5	0.0	0.007
8106	0.5	0.0	0.009
8107	0.5	0.0	0.010
8108	0.5	0.0	0.012
8109	0.5	0.0	0.013
8110	0.5	0.0	0.012
8111	0.5	0.0	0.007
8112	0.5	0.0	0.004
8113	0.4	0.0	0.003
8114	0.4	0.0	0.002
8115	0.4	0.0	0.001
8116	0.4	0.0	0.000
8117	0.4	0.0	0.001
8118	0.4	0.0	0.004
8119	0.4	0.0	0.010
8120	0.4	0.0	0.010
8121	0.4	0.0	0.010
8122	0.4	0.0	0.011
8123	0.4	0.0	0.010
8124	0.4	0.0	0.010
8125	0.4	0.0	0.009
8126	0.4	0.0	0.008
8127	0.4	0.0	0.007
8128	0.4	0.0	0.007
8129	0.3	0.0	0.007
8130	0.3	0.0	0.009
8131	0.3	0.0	0.010
8132	0.3	0.0	0.012
8133	0.3	0.0	0.013
8134	0.3	0.0	0.012
8135	0.3	0.0	0.007
8136	0.3	0.0	0.004
8137	0.2	0.0	0.003
8138	0.2	0.0	0.002
8139	0.2	0.0	0.001
8140	0.2	0.0	0.000
8141	0.2	0.0	0.001
8142	0.2	0.0	0.004
8143	0.2	0.0	0.010
8144	0.3	0.0	0.010
8145	0.3	0.0	0.010
8146	0.3	0.0	0.011
8147	0.3	0.0	0.010
8148	0.3	0.0	0.010
8149	0.2	0.0	0.009
8150	0.2	0.0	0.008
8151	0.2	0.0	0.007
8152	0.2	0.0	0.007
8153	0.2	0.0	0.007
8154	0.2	0.0	0.009
8155	0.2	0.0	0.010
8156	0.2	0.0	0.012
8157	0.2	0.0	0.013
8158	0.3	0.0	0.012
8159	0.3	0.0	0.007
8160	0.3	0.0	0.004
8161	0.2	0.0	0.003
8162	0.2	0.0	0.002
8163	0.2	0.0	0.001
8164	0.2	0.0	0.000
8165	0.2	0.0	0.001
8166	0.2	0.0	0.004
8167	0.2	0.0	0.010
8168	0.3	0.0	0.010
8169	0.3	0.0	0.010
8170	0.3	0.0	0.011
8171	0.3	0.0	0.010
8172	0.3	0.0	0.010
8173	0.3	0.0	0.009
8174	0.3	0.0	0.008
8175	0.3	0.0	0.007
8176	0.3	0.0	0.007
8177	0.3	0.0	0.007
8178	0.3	0.0	0.009
8179	0.3	0.0	0.010
8180	0.3	0.0	0.012
8181	0.3	0.0	0.013
8182	0.3	0.0	0.012
8183	0.4	0.0	0.007
8184	0.4	0.0	0.004
8185	0.3	0.0	0.003
8186	0.3	0.0	0.002
8187	0.3	0.0	0.001
8188	0.3	0.0	0.000
8189	0.3	0.0	0.001
8190	0.4	0.0	0.004
8191	0.4	0.0	0.010
8192	0.5	0.0	0.010
8193	0.4	0.0	0.010
8194	0.4	0.0	0.011
8195	0.4	0.0	0.010
8196	0.4	0.0	0.010
8197	0.4	0.0	0.009
8198	0.4	0.0	0.008
8199	0.4	0.0	0.007
8200	0.4	0.0	0.007
8201	0.5	0.0	0.007
8202	0.5	0.0	0.009
8203	0.5	0.0	0.010
8204	0.5	0.0	0.012
8205	0.6	0.0	0.013
8206	0.6	0.0	0.012
8207	0.6	0.0	0.007
8208	0.6	0.0	0.004
8209	0.6	0.0	0.003
8210	0.6	0.0	0.002
8211	0.6	0.0	0.001
8212	0.6	0.0	0.000
8213	0.6	0.0	0.001
8214	0.6	0.0	0.004
8215	0.6	0.0	0.010
8216	0.7	0.0	0.010
8217	0.7	0.0	0.010
8218	0.6	0.0	0.011
8219	0.6	0.0	0.010
8220	0.6	0.0	0.010
8221	0.6	0.0	0.009
8222	0.6	0.0	0.008
8223	0.6	0.0	0.007
8224	0.6	0.0	0.007
8225	0.6	0.0	0.007
8226	0.6	0.0	0.009
8227	0.6	0.0	0.010
8228	0.6	0.0	0.012
8229	0.6	0.0	0.013
8230	0.6	0.0	0.012
8231	0.6	0.0	0.007
8232	0.6	0.0	0.004
8233	0.5	0.0	0.003
8234	0.5	0.0	0.002
8235	0.5	0.0	0.001
8236	0.5	0.0	0.000
8237	0.5	0.0	0.001
8238	0.5	0.0	0.004
8239	0.5	0.0	0.010
8240	0.6	0.0	0.010
8241	0.6	0.0	0.010
8242	0.6	0.0	0.011
8243	0.6	0.0	0.010
8244	0.6	0.0	0.010
8245	0.6	0.0	0.009
8246	0.6	0.0	0.008
8247	0.6	0.0	0.007
8248	0.6	0.0	0.007
8249	0.6	0.0	0.007
8250	0.6	0.0	0.009
8251	0.6	0.0	0.010
8252	0.7	0.0	0.012
8253	0.6	0.0	0.013
8254	0.6	0.0	0.012
8255	0.6	0.0	0.007
8256	0.6	0.0	0.004
8257	0.6	0.0	0.003
8258	0.6	0.0	0.002
8259	0.6	0.0	0.001
8260	0.6	0.0	0.000
8261	0.6	0.0	0.001
8262	0.6	0.0	0.004
8263	0.6	0.0	0.010
8264	0.6	0.0	0.010
8265	0.6	0.0	0.010
8266	0.6	0.0	0.011
8267	0.6	0.0	0.010
8268	0.6	0.0	0.010
8269	0.6	0.0	0.009
8270	0.6	0.0	0.008
8271	0.5	0.0	0.007
8272	0.5	0.0	0.007
8273	0.6	0.0	0.007
8274	0.6	0.0	0.009
8275	0.6	0.0	0.010
8276	0.5	0.0	0.012
8277	0.6	0.0	0.013
8278	0.6	0.0	0.012
8279	0.6	0.0	0.007
8280	0.6	0.0	0.004
8281	0.5	0.0	0.003
8282	0.5	0.0	0.002
8283	0.5	0.0	0.001
8284	0.5	0.0	0.000
8285	0.5	0.0	0.001
8286	0.5	0.0	0.004
8287	0.5	0.0	0.010
8288	0.6	0.0	0.010
8289	0.6	0.0	0.010
8290	0.6	0.0	0.011
8291	0.5	0.0	0.010
8292	0.5	0.0	0.010
8293	0.5	0.0	0.009
8294	0.5	0.0	0.008
8295	0.5	0.0	0.007
8296	0.5	0.0	0.007
8297	0.5	0.0	0.007
8298	0.5	0.0	0.009
8299	0.5	0.0	0.010
8300	0.5	0.0	0.012
8301	0.5	0.0	0.013
8302	0.5	0.0	0.012
8303	0.5	0.0	0.007
8304	0.5	0.0	0.004
8305	0.4	0.0	0.003
8306	0.5	0.0	0.002
8307	0.5	0.0	0.001
8308	0.5	0.0	0.000
8309	0.5	0.0	0.001
8310	0.5	0.0	0.004
8311	0.4	0.0	0.010
8312	0.5	0.0	0.010
8313	0.5	0.0	0.010
8314	0.5	0.0	0.011
8315	0.5	0.0	0.010
8316	0.5	0.0	0.010
8317	0.4	0.0	0.009
8318	0.4	0.0	0.008
8319	0.4	0.0	0.007
8320	0.4	0.0	0.007
8321	0.4	0.0	0.007
8322	0.4	0.0	0.009
8323	0.4	0.0	0.010
8324	0.4	0.0	0.012
8325	0.5	0.0	0.013
8326	0.5	0.0	0.012
8327	0.5	0.0	0.007
8328	0.5	0.0	0.004
8329	0.4	0.0	0.003
8330	0.4	0.0	0.002
8331	0.4	0.0	0.001
8332	0.4	0.0	0.000
8333	0.4	0.0	0.001
8334	0.4	0.0	0.004
8335	0.4	0.0	0.010
8336	0.5	0.0	0.010
8337	0.5	0.0	0.010
8338	0.4	0.0	0.011
8339	0.4	0.0	0.010
8340	0.4	0.0	0.010
8341	0.4	0.0	0.009
8342	0.4	0.0	0.008
8343	0.4	0.0	0.007
8344	0.4	0.0	0.007
8345	0.4	0.0	0.007
8346	0.4	0.0	0.009
8347	0.4	0.0	0.010
8348	0.4	0.0	0.012
8349	0.4	0.0	0.013
8350	0.4	0.0	0.012
8351	0.4	0.0	0.007
8352	0.4	0.0	0.004
8353	0.3	0.0	0.003
8354	0.3	0.0	0.002
8355	0.3	0.0	0.001
8356	0.3	0.0	0.000
8357	0.3	0.0	0.001
8358	0.3	0.0	0.004
8359	0.3	0.0	0.010
8360	0.4	0.0	0.010
8361	0.4	0.0	0.010
8362	0.4	0.0	0.011
8363	0.4	0.0	0.010
8364	0.4	0.0	0.010
8365	0.3	0.0	0.009
8366	0.3	0.0	0.008
8367	0.3	0.0	0.007
8368	0.3	0.0	0.007
8369	0.4	0.0	0.007
8370	0.4	0.0	0.009
8371	0.4	0.0	0.010
8372	0.4	0.0	0.012
8373	0.4	0.0	0.013
8374	0.4	0.0	0.012
8375	0.4	0.0	0.007
8376	0.4	0.0	0.004
8377	0.4	0.0	0.003
8378	0.4	0.0	0.002
8379	0.4	0.0	0.001
8380	0.4	0.0	0.000
8381	0.4	0.0	0.001
8382	0.4	0.0	0.004
8383	0.4	0.0	0.010
8384	0.5	0.0	0.010
8385	0.5	0.0	0.010
8386	0.5	0.0	0.011
8387	0.5	0.0	0.010
8388	0.4	0.0	0.010
8389	0.4	0.0	0.009
8390	0.4	0.0	0.008
8391	0.4	0.0	0.007
8392	0.4	0.0	0.007
8393	0.4	0.0	0.007
8394	0.4	0.0	0.009
8395	0.4	0.0	0.010
8396	0.4	0.0	0.012
8397	0.4	0.0	0.013
8398	0.4	0.0	0.012
8399	0.4	0.0	0.007
8400	0.4	0.0	0.004
8401	0.3	0.0	0.003
8402	0.3	0.0	0.002
8403	0.3	0.0	0.001
8404	0.3	0.0	0.000
8405	0.3	0.0	0.001
8406	0.3	0.0	0.004
8407	0.3	0.0	0.010
8408	0.4	0.0	0.010
8409	0.4	0.0	0.010
8410	0.4	0.0	0.011
8411	0.3	0.0	0.010
8412	0.3	0.0	0.010
8413	0.3	0.0	0.009
8414	0.3	0.0	0.008
8415	0.3	0.0	0.007
8416	0.3	0.0	0.007
8417	0.3	0.0	0.007
8418	0.3	0.0	0.009
8419	0.3	0.0	0.010
8420	0.3	0.0	0.012
8421	0.3	0.0	0.013
8422	0.3	0.0	0.012
8423	0.3	0.0	0.007
8424	0.3	0.0	0.004
8425	0.2	0.0	0.003
8426	0.2	0.0	0.002
8427	0.2	0.0	0.001
8428	0.2	0.0	0.000
8429	0.3	0.0	0.001
8430	0.3	0.0	0.004
8431	0.3	0.0	0.010
8432	0.3	0.0	0.010
8433	0.3	0.0	0.010
8434	0.3	0.0	0.011
8435	0.3	0.0	0.010
8436	0.3	0.0	0.010
8437	0.3	0.0	0.009
8438	0.3	0.0	0.008
8439	0.3	0.0	0.007
8440	0.3	0.0	0.007
8441	0.3	0.0	0.007
8442	0.3	0.0	0.009
8443	0.3	0.0	0.010
8444	0.3	0.0	0.012
8445	0.3	0.0	0.013
8446	0.3	0.0	0.012
8447	0.3	0.0	0.007
8448	0.3	0.0	0.004
8449	0.2	0.0	0.003
8450	0.2	0.0	0.002
8451	0.2	0.0	0.001
8452	0.2	0.0	0.000
8453	0.2	0.0	0.001
8454	0.2	0.0	0.004
8455	0.2	0.0	0.010
8456	0.3	0.0	0.010
8457	0.3	0.0	0.010
8458	0.3	0.0	0.011
8459	0.3	0.0	0.010
8460	0.3	0.0	0.010
8461	0.2	0.0	0.009
8462	0.2	0.0	0.008
8463	0.2	0.0	0.007
8464	0.2	0.0	0.007
8465	0.2	0.0	0.007
8466	0.3	0.0	0.009
8467	0.3	0.0	0.010
8468	0.3	0.0	0.012
8469	0.3	0.0	0.013
8470	0.3	0.0	0.012
8471	0.3	0.0	0.007
8472	0.3	0.0	0.004
8473	0.2	0.0	0.003
8474	0.2	0.0	0.002
8475	0.2	0.0	0.001
8476	0.2	0.0	0.000
8477	0.2	0.0	0.001
8478	0.3	0.0	0.004
8479	0.3	0.0	0.010
8480	0.4	0.0	0.010
8481	0.4	0.0	0.010
8482	0.4	0.0	0.011
8483	0.3	0.0	0.010
8484	0.3	0.0	0.010
8485	0.3	0.0	0.009
8486	0.3	0.0	0.008
8487	0.3	0.0	0.007
8488	0.3	0.0	0.007
8489	0.4	0.0	0.007
8490	0.4	0.0	0.009
8491	0.4	0.0	0.010
8492	0.4	0.0	0.012
8493	0.4	0.0	0.013
8494	0.4	0.0	0.012
8495	0.4	0.0	0.007
8496	0.4	0.0	0.004
8497	0.4	0.0	0.003
8498	0.4	0.0	0.002
8499	0.4	0.0	0.001
8500	0.3	0.0	0.000
8501	0.4	0.0	0.001
8502	0.4	0.0	0.004
8503	0.3	0.0	0.010
8504	0.4	0.0	0.010
8505	0.4	0.0	0.010
8506	0.4	0.0	0.011
8507	0.4	0.0	0.010
8508	0.4	0.0	0.010
8509	0.4	0.0	0.009
8510	0.4	0.0	0.008
8511	0.4	0.0	0.007
8512	0.4	0.0	0.007
8513	0.4	0.0	0.007
8514	0.4	0.0	0.009
8515	0.4	0.0	0.010
8516	0.4	0.0	0.012
8517	0.4	0.0	0.013
8518	0.4	0.0	0.012
8519	0.4	0.0	0.007
8520	0.3	0.0	0.004
8521	0.3	0.0	0.003
8522	0.3	0.0	0.002
8523	0.3	0.0	0.001
8524	0.3	0.0	0.000
8525	0.3	0.0	0.001
8526	0.3	0.0	0.004
8527	0.3	0.0	0.010
8528	0.4	0.0	0.010
8529	0.4	0.0	0.010
8530	0.3	0.0	0.011
8531	0.3	0.0	0.010
8532	0.3	0.0	0.010
8533	0.3	0.0	0.009
8534	0.3	0.0	0.008
8535	0.3	0.0	0.007
8536	0.3	0.0	0.007
8537	0.3	0.0	0.007
8538	0.4	0.0	0.009
8539	0.3	0.0	0.010
8540	0.3	0.0	0.012
8541	0.4	0.0	0.013
8542	0.4	0.0	0.012
8543	0.4	0.0	0.007
8544	0.4	0.0	0.004
8545	0.3	0.0	0.003
8546	0.3	0.0	0.002
8547	0.3	0.0	0.001
8548	0.3	0.0	0.000
8549	0.3	0.0	0.001
8550	0.3	0.0	0.004
8551	0.3	0.0	0.010
8552	0.4	0.0	0.010
8553	0.4	0.0	0.010
8554	0.4	0.0	0.011
8555	0.4	0.0	0.010
8556	0.4	0.0	0.010
8557	0.3	0.0	0.009
8558	0.3	0.0	0.008
8559	0.4	0.0	0.007
8560	0.4	0.0	0.007
8561	0.4	0.0	0.007
8562	0.4	0.0	0.009
8563	0.4	0.0	0.010
8564	0.4	0.0	0.012
8565	0.4	0.0	0.013
8566	0.4	0.0	0.012
8567	0.4	0.0	0.007
8568	0.4	0.0	0.004
8569	0.3	0.0	0.003
8570	0.3	0.0	0.002
8571	0.3	0.0	0.001
8572	0.4	0.0	0.000
8573	0.3	0.0	0.001
8574	0.4	0.0	0.004
8575	0.4	0.0	0.010
8576	0.5	0.0	0.010
8577	0.4	0.0	0.010
8578	0.4	0.0	0.011
8579	0.4	0.0	0.010
8580	0.4	0.0	0.010
8581	0.4	0.0	0.009
8582	0.3	0.0	0.008
8583	0.3	0.0	0.007
8584	0.3	0.0	0.007
8585	0.3	0.0	0.007
8586	0.4	0.0	0.009
8587	0.4	0.0	0.010
8588	0.4	0.0	0.012
8589	0.4	0.0	0.013
8590	0.4	0.0	0.012
8591	0.4	0.0	0.007
8592	0.4	0.0	0.004
8593	0.3	0.0	0.003
8594	0.3	0.0	0.002
8595	0.3	0.0	0.001
8596	0.3	0.0	0.000
8597	0.3	0.0	0.001
8598	0.3	0.0	0.004
8599	0.3	0.0	0.010
8600	0.4	0.0	0.010
8601	0.3	0.0	0.010
8602	0.3	0.0	0.011
8603	0.3	0.0	0.010
8604	0.3	0.0	0.010
8605	0.3	0.0	0.009
8606	0.3	0.0	0.008
8607	0.3	0.0	0.007
8608	0.3	0.0	0.007
8609	0.3	0.0	0.007
8610	0.3	0.0	0.009
8611	0.3	0.0	0.010
8612	0.3	0.0	0.012
8613	0.3	0.0	0.013
8614	0.3	0.0	0.012
8615	0.3	0.0	0.007
8616	0.3	0.0	0.004
8617	0.2	0.0	0.003
8618	0.2	0.0	0.002
8619	0.2	0.0	0.001
8620	0.2	0.0	0.000
8621	0.2	0.0	0.001
8622	0.2	0.0	0.004
8623	0.2	0.0	0.010
8624	0.3	0.0	0.010
8625	0.3	0.0	0.010
8626	0.3	0.0	0.011
8627	0.3	0.0	0.010
8628	0.2	0.0	0.010
8629	0.2	0.0	0.009
8630	0.2	0.0	0.008
8631	0.2	0.0	0.007
8632	0.2	0.0	0.007
8633	0.2	0.0	0.007
8634	0.3	0.0	0.009
8635	0.3	0.0	0.010
8636	0.3	0.0	0.012
8637	0.3	0.0	0.013
8638	0.3	0.0	0.012
8639	0.3	0.0	0.007
8640	0.3	0.0	0.004
8641	0.3	0.0	0.003
8642	0.3	0.0	0.002
8643	0.3	0.0	0.001
8644	0.3	0.0	0.000
8645	0.2	0.0	0.001
8646	0.3	0.0	0.004
8647	0.3	0.0	0.010
8648	0.4	0.0	0.010
8649	0.3	0.0	0.010
8650	0.3	0.0	0.011
8651	0.3	0.0	0.010
8652	0.3	0.0	0.010
8653	0.3	0.0	0.009
8654	0.3	0.0	0.008
8655	0.2	0.0	0.007
8656	0.2	0.0	0.007
8657	0.3	0.0	0.007
8658	0.3	0.0	0.009
8659	0.3	0.0	0.010
8660	0.3	0.0	0.012
8661	0.3	0.0	0.013
8662	0.3	0.0	0.012
8663	0.3	0.0	0.007
8664	0.3	0.0	0.004
8665	0.2	0.0	0.003
8666	0.2	0.0	0.002
8667	0.2	0.0	0.001
8668	0.2	0.0	0.000
8669	0.2	0.0	0.001
8670	0.2	0.0	0.004
8671	0.2	0.0	0.010
8672	0.2	0.0	0.010
8673	0.3	0.0	0.010
8674	0.2	0.0	0.011
8675	0.2	0.0	0.010
8676	0.2	0.0	0.010
8677	0.2	0.0	0.009
8678	0.2	0.0	0.008
8679	0.2	0.0	0.007
8680	0.2	0.0	0.007
8681	0.2	0.0	0.007
8682	0.2	0.0	0.009
8683	0.2	0.0	0.010
8684	0.2	0.0	0.012
8685	0.2	0.0	0.013
8686	0.2	0.0	0.012
8687	0.2	0.0	0.007
8688	0.2	0.0	0.004
8689	0.1	0.0	0.003
8690	0.1	0.0	0.002
8691	0.1	0.0	0.001
8692	0.1	0.0	0.000
8693	0.1	0.0	0.001
8694	0.1	0.0	0.004
8695	0.1	0.0	0.010
8696	0.2	0.0	0.010
8697	0.2	0.0	0.010
8698	0.2	0.0	0.011
8699	0.2	0.0	0.010
8700	0.2	0.0	0.010
8701	0.2	0.0	0.009
8702	0.2	0.0	0.008
8703	0.2	0.0	0.007
8704	0.2	0.0	0.007
8705	0.2	0.0	0.007
8706	0.3	0.0	0.009
8707	0.3	0.0	0.010
8708	0.3	0.0	0.012
8709	0.3	0.0	0.013
8710	0.3	0.0	0.012
8711	0.3	0.0	0.007
8712	0.3	0.0	0.004
8713	0.2	0.0	0.003
8714	0.2	0.0	0.002
8715	0.2	0.0	0.001
8716	0.2	0.0	0.000
8717	0.2	0.0	0.001
8718	0.3	0.0	0.004
8719	0.3	0.0	0.010
8720	0.4	0.0	0.010
8721	0.4	0.0	0.010
8722	0.4	0.0	0.011
8723	0.4	0.0	0.010
8724	0.4	0.0	0.010
8725	0.4	0.0	0.009
8726	0.4	0.0	0.008
8727	0.4	0.0	0.007
8728	0.4	0.0	0.007
8729	0.4	0.0	0.007
8730	0.4	0.0	0.009
8731	0.4	0.0	0.010
8732	0.4	0.0	0.012
8733	0.4	0.0	0.013
8734	0.4	0.0	0.012
8735	0.4	0.0	0.007
8736	0.5	0.0	0.004
8737	0.4	0.0	0.003
8738	0.4	0.0	0.002
8739	0.4	0.0	0.001
8740	0.4	0.0	0.000
8741	0.4	0.0	0.001
8742	0.4	0.0	0.004
8743	0.4	0.0	0.010
8744	0.5	0.0	0.010
8745	0.5	0.0	0.010
8746	0.5	0.0	0.011
8747	0.5	0.0	0.010
8748	0.5	0.0	0.010
8749	0.5	0.0	0.009
8750	0.5	0.0	0.008
8751	0.5	0.0	0.007
8752	0.5	0.0	0.007
8753	0.5	0.0	0.007
8754	0.5	0.0	0.009
8755	0.5	0.0	0.010
8756	0.5	0.0	0.012
8757	0.6	0.0	0.013
8758	0.6	0.0	0.012
8759	0.6	0.0	0.007
8760	0.6	0.0	0.004
