# HOY	Heat Demand	Load duration curve	Dhw Demand
# [h]	[kWh / h]	[kWh / h]	[kWh / h]
1	1.5	2.8	0.115
2	1.5	2.8	0.062
3	1.6	2.7	0.024
4	1.5	2.6	0.018
5	1.6	2.6	0.053
6	1.6	2.6	0.132
7	1.5	2.6	0.358
8	1.9	2.6	0.383
9	1.9	2.6	0.384
10	1.8	2.6	0.403
11	1.8	2.6	0.384
12	1.7	2.6	0.373
13	1.7	2.6	0.345
14	1.7	2.6	0.303
15	1.7	2.6	0.276
16	1.7	2.6	0.258
17	1.8	2.6	0.268
18	2.0	2.5	0.333
19	2.1	2.5	0.371
20	2.1	2.5	0.459
21	2.1	2.5	0.472
22	2.2	2.5	0.440
23	2.3	2.5	0.265
24	2.4	2.5	0.166
25	2.1	2.5	0.115
26	2.0	2.5	0.062
27	2.0	2.5	0.024
28	2.0	2.5	0.018
29	2.0	2.5	0.053
30	1.9	2.5	0.132
31	2.0	2.5	0.358
32	2.4	2.5	0.383
33	2.3	2.5	0.384
34	2.3	2.5	0.403
35	2.2	2.5	0.384
36	2.1	2.5	0.373
37	2.1	2.5	0.345
38	2.1	2.5	0.303
39	2.0	2.5	0.276
40	2.0	2.5	0.258
41	2.1	2.5	0.268
42	2.2	2.5	0.333
43	2.2	2.5	0.371
44	2.2	2.4	0.459
45	2.3	2.4	0.472
46	2.3	2.4	0.440
47	2.3	2.4	0.265
48	2.3	2.4	0.166
49	1.9	2.4	0.115
50	1.9	2.4	0.062
51	1.9	2.4	0.024
52	2.0	2.4	0.018
53	2.0	2.4	0.053
54	2.0	2.4	0.132
55	2.0	2.4	0.358
56	2.4	2.4	0.383
57	2.3	2.4	0.384
58	2.3	2.4	0.403
59	2.3	2.4	0.384
60	2.3	2.4	0.373
61	2.2	2.4	0.345
62	2.1	2.4	0.303
63	2.1	2.4	0.276
64	2.1	2.4	0.258
65	2.1	2.4	0.268
66	2.2	2.4	0.333
67	2.2	2.3	0.371
68	2.3	2.3	0.459
69	2.4	2.3	0.472
70	2.4	2.3	0.440
71	2.5	2.3	0.265
72	2.5	2.3	0.166
73	2.2	2.3	0.115
74	2.2	2.3	0.062
75	2.1	2.3	0.024
76	2.2	2.3	0.018
77	2.2	2.3	0.053
78	2.1	2.3	0.132
79	2.1	2.3	0.358
80	2.4	2.3	0.383
81	2.3	2.3	0.384
82	2.2	2.3	0.403
83	2.0	2.3	0.384
84	1.8	2.3	0.373
85	1.7	2.3	0.345
86	1.6	2.3	0.303
87	1.7	2.3	0.276
88	1.6	2.3	0.258
89	1.7	2.3	0.268
90	1.7	2.3	0.333
91	1.7	2.3	0.371
92	1.6	2.3	0.459
93	1.7	2.3	0.472
94	1.7	2.3	0.440
95	1.7	2.3	0.265
96	1.8	2.3	0.166
97	1.4	2.3	0.115
98	1.4	2.3	0.062
99	1.5	2.3	0.024
100	1.5	2.3	0.018
101	1.6	2.3	0.053
102	1.6	2.3	0.132
103	1.7	2.3	0.358
104	2.1	2.3	0.383
105	2.1	2.3	0.384
106	2.1	2.3	0.403
107	2.1	2.3	0.384
108	2.1	2.3	0.373
109	2.2	2.3	0.345
110	2.2	2.3	0.303
111	2.3	2.3	0.276
112	2.3	2.3	0.258
113	2.4	2.3	0.268
114	2.5	2.3	0.333
115	2.5	2.3	0.371
116	2.5	2.3	0.459
117	2.6	2.3	0.472
118	2.6	2.3	0.440
119	2.8	2.2	0.265
120	2.8	2.2	0.166
121	2.5	2.2	0.115
122	2.5	2.2	0.062
123	2.4	2.2	0.024
124	2.4	2.2	0.018
125	2.3	2.2	0.053
126	2.2	2.2	0.132
127	2.2	2.2	0.358
128	2.5	2.2	0.383
129	2.5	2.2	0.384
130	2.4	2.2	0.403
131	2.3	2.2	0.384
132	2.1	2.2	0.373
133	2.0	2.2	0.345
134	1.8	2.2	0.303
135	1.8	2.2	0.276
136	1.7	2.2	0.258
137	1.7	2.2	0.268
138	1.8	2.2	0.333
139	1.7	2.2	0.371
140	1.7	2.2	0.459
141	1.7	2.2	0.472
142	1.7	2.2	0.440
143	1.7	2.2	0.265
144	1.7	2.2	0.166
145	1.3	2.2	0.115
146	1.3	2.2	0.062
147	1.3	2.2	0.024
148	1.4	2.2	0.018
149	1.4	2.2	0.053
150	1.4	2.2	0.132
151	1.4	2.2	0.358
152	1.8	2.2	0.383
153	1.8	2.2	0.384
154	1.7	2.2	0.403
155	1.6	2.2	0.384
156	1.5	2.2	0.373
157	1.5	2.2	0.345
158	1.3	2.2	0.303
159	1.3	2.2	0.276
160	1.3	2.2	0.258
161	1.4	2.2	0.268
162	1.5	2.2	0.333
163	1.6	2.2	0.371
164	1.6	2.2	0.459
165	1.7	2.2	0.472
166	1.7	2.2	0.440
167	1.8	2.2	0.265
168	1.9	2.2	0.166
169	1.5	2.2	0.115
170	1.5	2.2	0.062
171	1.5	2.2	0.024
172	1.5	2.2	0.018
173	1.4	2.2	0.053
174	1.4	2.2	0.132
175	1.4	2.2	0.358
176	1.7	2.2	0.383
177	1.7	2.2	0.384
178	1.7	2.1	0.403
179	1.6	2.1	0.384
180	1.5	2.1	0.373
181	1.5	2.1	0.345
182	1.5	2.1	0.303
183	1.5	2.1	0.276
184	1.5	2.1	0.258
185	1.5	2.1	0.268
186	1.5	2.1	0.333
187	1.6	2.1	0.371
188	1.5	2.1	0.459
189	1.4	2.1	0.472
190	1.4	2.1	0.440
191	1.3	2.1	0.265
192	1.3	2.1	0.166
193	0.8	2.1	0.115
194	0.8	2.1	0.062
195	0.9	2.1	0.024
196	0.9	2.1	0.018
197	0.9	2.1	0.053
198	0.8	2.1	0.132
199	0.8	2.1	0.358
200	1.2	2.1	0.383
201	1.2	2.1	0.384
202	1.1	2.1	0.403
203	1.1	2.1	0.384
204	1.1	2.1	0.373
205	1.1	2.1	0.345
206	1.0	2.1	0.303
207	0.9	2.1	0.276
208	0.9	2.1	0.258
209	0.9	2.1	0.268
210	0.9	2.1	0.333
211	0.9	2.1	0.371
212	0.9	2.1	0.459
213	0.9	2.1	0.472
214	0.9	2.1	0.440
215	0.9	2.1	0.265
216	0.8	2.1	0.166
217	0.5	2.1	0.115
218	0.5	2.1	0.062
219	0.5	2.1	0.024
220	0.6	2.1	0.018
221	0.6	2.1	0.053
222	0.7	2.1	0.132
223	0.8	2.1	0.358
224	1.2	2.1	0.383
225	1.1	2.1	0.384
226	1.2	2.1	0.403
227	1.2	2.1	0.384
228	1.2	2.1	0.373
229	1.1	2.1	0.345
230	1.1	2.1	0.303
231	1.1	2.1	0.276
232	1.2	2.1	0.258
233	1.3	2.1	0.268
234	1.4	2.1	0.333
235	1.4	2.1	0.371
236	1.5	2.1	0.459
237	1.6	2.1	0.472
238	1.7	2.1	0.440
239	1.8	2.1	0.265
240	1.9	2.1	0.166
241	1.6	2.1	0.115
242	1.6	2.1	0.062
243	1.6	2.1	0.024
244	1.6	2.1	0.018
245	1.6	2.1	0.053
246	1.6	2.1	0.132
247	1.6	2.1	0.358
248	1.9	2.1	0.383
249	1.9	2.1	0.384
250	1.9	2.1	0.403
251	1.9	2.1	0.384
252	1.7	2.1	0.373
253	1.7	2.1	0.345
254	1.6	2.1	0.303
255	1.6	2.1	0.276
256	1.6	2.0	0.258
257	1.8	2.0	0.268
258	1.8	2.0	0.333
259	1.8	2.0	0.371
260	1.9	2.0	0.459
261	1.9	2.0	0.472
262	2.0	2.0	0.440
263	2.0	2.0	0.265
264	2.0	2.0	0.166
265	1.6	2.0	0.115
266	1.6	2.0	0.062
267	1.6	2.0	0.024
268	1.6	2.0	0.018
269	1.6	2.0	0.053
270	1.6	2.0	0.132
271	1.6	2.0	0.358
272	2.0	2.0	0.383
273	2.0	2.0	0.384
274	1.9	2.0	0.403
275	1.9	2.0	0.384
276	1.7	2.0	0.373
277	1.7	2.0	0.345
278	1.6	2.0	0.303
279	1.6	2.0	0.276
280	1.6	2.0	0.258
281	1.5	2.0	0.268
282	1.6	2.0	0.333
283	1.6	2.0	0.371
284	1.6	2.0	0.459
285	1.6	2.0	0.472
286	1.6	2.0	0.440
287	1.6	2.0	0.265
288	1.7	2.0	0.166
289	1.2	2.0	0.115
290	1.2	2.0	0.062
291	1.2	2.0	0.024
292	1.2	2.0	0.018
293	1.3	2.0	0.053
294	1.3	2.0	0.132
295	1.2	2.0	0.358
296	1.6	2.0	0.383
297	1.6	2.0	0.384
298	1.6	2.0	0.403
299	1.5	2.0	0.384
300	1.4	2.0	0.373
301	1.4	2.0	0.345
302	1.4	2.0	0.303
303	1.3	2.0	0.276
304	1.3	2.0	0.258
305	1.4	2.0	0.268
306	1.3	2.0	0.333
307	1.4	2.0	0.371
308	1.4	2.0	0.459
309	1.4	2.0	0.472
310	1.5	2.0	0.440
311	1.5	2.0	0.265
312	1.5	2.0	0.166
313	1.1	2.0	0.115
314	1.1	2.0	0.062
315	1.1	2.0	0.024
316	1.1	2.0	0.018
317	1.1	2.0	0.053
318	1.0	2.0	0.132
319	1.1	2.0	0.358
320	1.5	2.0	0.383
321	1.5	2.0	0.384
322	1.4	2.0	0.403
323	1.4	2.0	0.384
324	1.4	2.0	0.373
325	1.4	2.0	0.345
326	1.4	2.0	0.303
327	1.3	2.0	0.276
328	1.2	2.0	0.258
329	1.3	2.0	0.268
330	1.3	2.0	0.333
331	1.3	2.0	0.371
332	1.4	2.0	0.459
333	1.4	2.0	0.472
334	1.4	2.0	0.440
335	1.4	2.0	0.265
336	1.4	2.0	0.166
337	1.0	2.0	0.115
338	1.1	2.0	0.062
339	1.1	2.0	0.024
340	1.2	2.0	0.018
341	1.2	2.0	0.053
342	1.2	1.9	0.132
343	1.2	1.9	0.358
344	1.6	1.9	0.383
345	1.6	1.9	0.384
346	1.7	1.9	0.403
347	1.6	1.9	0.384
348	1.6	1.9	0.373
349	1.6	1.9	0.345
350	1.6	1.9	0.303
351	1.6	1.9	0.276
352	1.6	1.9	0.258
353	1.7	1.9	0.268
354	1.7	1.9	0.333
355	1.8	1.9	0.371
356	1.8	1.9	0.459
357	1.8	1.9	0.472
358	1.9	1.9	0.440
359	1.9	1.9	0.265
360	1.8	1.9	0.166
361	1.4	1.9	0.115
362	1.5	1.9	0.062
363	1.5	1.9	0.024
364	1.5	1.9	0.018
365	1.5	1.9	0.053
366	1.6	1.9	0.132
367	1.6	1.9	0.358
368	2.0	1.9	0.383
369	2.0	1.9	0.384
370	2.0	1.9	0.403
371	1.8	1.9	0.384
372	1.8	1.9	0.373
373	1.8	1.9	0.345
374	1.7	1.9	0.303
375	1.7	1.9	0.276
376	1.8	1.9	0.258
377	1.9	1.9	0.268
378	2.0	1.9	0.333
379	2.1	1.9	0.371
380	2.1	1.9	0.459
381	2.2	1.9	0.472
382	2.3	1.9	0.440
383	2.3	1.9	0.265
384	2.4	1.9	0.166
385	2.2	1.9	0.115
386	2.2	1.9	0.062
387	2.2	1.9	0.024
388	2.2	1.9	0.018
389	2.2	1.9	0.053
390	2.1	1.9	0.132
391	2.1	1.9	0.358
392	2.5	1.9	0.383
393	2.4	1.9	0.384
394	2.3	1.9	0.403
395	2.2	1.9	0.384
396	2.0	1.9	0.373
397	1.9	1.9	0.345
398	1.8	1.9	0.303
399	1.8	1.9	0.276
400	1.7	1.9	0.258
401	1.7	1.9	0.268
402	1.8	1.9	0.333
403	1.7	1.9	0.371
404	1.7	1.9	0.459
405	1.8	1.9	0.472
406	1.8	1.9	0.440
407	1.8	1.9	0.265
408	1.7	1.9	0.166
409	1.3	1.9	0.115
410	1.3	1.9	0.062
411	1.4	1.9	0.024
412	1.4	1.9	0.018
413	1.4	1.9	0.053
414	1.4	1.9	0.132
415	1.5	1.9	0.358
416	1.9	1.9	0.383
417	1.8	1.9	0.384
418	1.8	1.9	0.403
419	1.8	1.9	0.384
420	1.7	1.9	0.373
421	1.7	1.9	0.345
422	1.7	1.9	0.303
423	1.7	1.9	0.276
424	1.7	1.9	0.258
425	1.8	1.9	0.268
426	1.8	1.9	0.333
427	1.9	1.9	0.371
428	1.9	1.9	0.459
429	2.0	1.9	0.472
430	2.0	1.9	0.440
431	2.0	1.9	0.265
432	2.0	1.9	0.166
433	1.6	1.9	0.115
434	1.7	1.9	0.062
435	1.8	1.9	0.024
436	1.8	1.9	0.018
437	1.8	1.9	0.053
438	1.7	1.9	0.132
439	1.7	1.9	0.358
440	2.1	1.9	0.383
441	2.0	1.9	0.384
442	2.0	1.9	0.403
443	2.1	1.9	0.384
444	2.0	1.9	0.373
445	1.9	1.9	0.345
446	1.9	1.9	0.303
447	1.8	1.9	0.276
448	1.8	1.9	0.258
449	1.8	1.9	0.268
450	1.8	1.9	0.333
451	1.9	1.9	0.371
452	1.9	1.9	0.459
453	2.0	1.9	0.472
454	2.0	1.9	0.440
455	2.0	1.9	0.265
456	1.9	1.9	0.166
457	1.6	1.9	0.115
458	1.7	1.9	0.062
459	1.7	1.9	0.024
460	1.8	1.9	0.018
461	1.7	1.8	0.053
462	1.8	1.8	0.132
463	1.8	1.8	0.358
464	2.1	1.8	0.383
465	2.1	1.8	0.384
466	2.0	1.8	0.403
467	2.0	1.8	0.384
468	1.9	1.8	0.373
469	1.8	1.8	0.345
470	1.8	1.8	0.303
471	1.7	1.8	0.276
472	1.7	1.8	0.258
473	1.7	1.8	0.268
474	1.7	1.8	0.333
475	1.7	1.8	0.371
476	1.8	1.8	0.459
477	1.8	1.8	0.472
478	1.8	1.8	0.440
479	1.8	1.8	0.265
480	1.8	1.8	0.166
481	1.5	1.8	0.115
482	1.5	1.8	0.062
483	1.5	1.8	0.024
484	1.6	1.8	0.018
485	1.6	1.8	0.053
486	1.6	1.8	0.132
487	1.6	1.8	0.358
488	2.0	1.8	0.383
489	1.9	1.8	0.384
490	1.9	1.8	0.403
491	1.8	1.8	0.384
492	1.7	1.8	0.373
493	1.7	1.8	0.345
494	1.6	1.8	0.303
495	1.6	1.8	0.276
496	1.6	1.8	0.258
497	1.6	1.8	0.268
498	1.7	1.8	0.333
499	1.7	1.8	0.371
500	1.8	1.8	0.459
501	1.8	1.8	0.472
502	1.9	1.8	0.440
503	1.9	1.8	0.265
504	2.0	1.8	0.166
505	1.7	1.8	0.115
506	1.6	1.8	0.062
507	1.6	1.8	0.024
508	1.6	1.8	0.018
509	1.7	1.8	0.053
510	1.7	1.8	0.132
511	1.8	1.8	0.358
512	2.2	1.8	0.383
513	2.1	1.8	0.384
514	2.1	1.8	0.403
515	2.0	1.8	0.384
516	1.9	1.8	0.373
517	1.9	1.8	0.345
518	1.9	1.8	0.303
519	1.9	1.8	0.276
520	1.9	1.8	0.258
521	1.9	1.8	0.268
522	1.9	1.8	0.333
523	2.0	1.8	0.371
524	2.0	1.8	0.459
525	2.0	1.8	0.472
526	2.0	1.8	0.440
527	2.1	1.8	0.265
528	2.2	1.8	0.166
529	1.8	1.8	0.115
530	1.8	1.8	0.062
531	1.9	1.8	0.024
532	1.8	1.8	0.018
533	1.9	1.8	0.053
534	1.8	1.8	0.132
535	1.9	1.8	0.358
536	2.2	1.8	0.383
537	2.2	1.8	0.384
538	2.1	1.8	0.403
539	2.0	1.8	0.384
540	1.9	1.8	0.373
541	1.8	1.8	0.345
542	1.7	1.8	0.303
543	1.7	1.8	0.276
544	1.7	1.8	0.258
545	1.7	1.8	0.268
546	1.8	1.8	0.333
547	1.8	1.8	0.371
548	1.8	1.8	0.459
549	1.9	1.8	0.472
550	1.9	1.8	0.440
551	2.0	1.8	0.265
552	2.1	1.8	0.166
553	1.7	1.8	0.115
554	1.7	1.8	0.062
555	1.7	1.8	0.024
556	1.7	1.8	0.018
557	1.8	1.8	0.053
558	1.8	1.8	0.132
559	1.7	1.8	0.358
560	2.1	1.8	0.383
561	2.0	1.8	0.384
562	1.9	1.8	0.403
563	1.9	1.8	0.384
564	1.9	1.8	0.373
565	1.8	1.8	0.345
566	1.8	1.8	0.303
567	1.7	1.8	0.276
568	1.7	1.8	0.258
569	1.8	1.8	0.268
570	1.8	1.8	0.333
571	1.8	1.8	0.371
572	1.9	1.8	0.459
573	1.8	1.8	0.472
574	1.8	1.8	0.440
575	1.8	1.8	0.265
576	1.8	1.8	0.166
577	1.4	1.8	0.115
578	1.5	1.8	0.062
579	1.5	1.8	0.024
580	1.4	1.8	0.018
581	1.4	1.8	0.053
582	1.4	1.8	0.132
583	1.4	1.8	0.358
584	1.7	1.8	0.383
585	1.6	1.8	0.384
586	1.6	1.8	0.403
587	1.5	1.8	0.384
588	1.4	1.8	0.373
589	1.4	1.8	0.345
590	1.3	1.8	0.303
591	1.3	1.8	0.276
592	1.2	1.8	0.258
593	1.2	1.8	0.268
594	1.2	1.8	0.333
595	1.2	1.8	0.371
596	1.2	1.8	0.459
597	1.3	1.8	0.472
598	1.3	1.8	0.440
599	1.4	1.8	0.265
600	1.4	1.8	0.166
601	1.0	1.8	0.115
602	1.1	1.8	0.062
603	1.1	1.8	0.024
604	1.2	1.8	0.018
605	1.2	1.8	0.053
606	1.2	1.8	0.132
607	1.2	1.8	0.358
608	1.6	1.8	0.383
609	1.6	1.8	0.384
610	1.6	1.8	0.403
611	1.6	1.8	0.384
612	1.6	1.8	0.373
613	1.6	1.8	0.345
614	1.5	1.8	0.303
615	1.5	1.8	0.276
616	1.5	1.8	0.258
617	1.6	1.8	0.268
618	1.6	1.8	0.333
619	1.7	1.8	0.371
620	1.7	1.8	0.459
621	1.9	1.8	0.472
622	1.9	1.8	0.440
623	1.9	1.8	0.265
624	2.0	1.8	0.166
625	1.7	1.8	0.115
626	1.7	1.8	0.062
627	1.7	1.8	0.024
628	1.6	1.8	0.018
629	1.6	1.8	0.053
630	1.6	1.8	0.132
631	1.6	1.8	0.358
632	1.9	1.8	0.383
633	1.9	1.8	0.384
634	1.8	1.8	0.403
635	1.7	1.8	0.384
636	1.6	1.8	0.373
637	1.6	1.8	0.345
638	1.6	1.8	0.303
639	1.6	1.7	0.276
640	1.6	1.7	0.258
641	1.6	1.7	0.268
642	1.6	1.7	0.333
643	1.7	1.7	0.371
644	1.7	1.7	0.459
645	1.7	1.7	0.472
646	1.7	1.7	0.440
647	1.7	1.7	0.265
648	1.6	1.7	0.166
649	1.3	1.7	0.115
650	1.3	1.7	0.062
651	1.3	1.7	0.024
652	1.3	1.7	0.018
653	1.4	1.7	0.053
654	1.5	1.7	0.132
655	1.4	1.7	0.358
656	1.8	1.7	0.383
657	1.8	1.7	0.384
658	1.8	1.7	0.403
659	1.7	1.7	0.384
660	1.7	1.7	0.373
661	1.7	1.7	0.345
662	1.7	1.7	0.303
663	1.7	1.7	0.276
664	1.7	1.7	0.258
665	1.8	1.7	0.268
666	1.8	1.7	0.333
667	1.9	1.7	0.371
668	2.0	1.7	0.459
669	2.1	1.7	0.472
670	2.2	1.7	0.440
671	2.3	1.7	0.265
672	2.3	1.7	0.166
673	1.9	1.7	0.115
674	1.9	1.7	0.062
675	1.8	1.7	0.024
676	1.8	1.7	0.018
677	1.6	1.7	0.053
678	1.5	1.7	0.132
679	1.5	1.7	0.358
680	1.8	1.7	0.383
681	1.8	1.7	0.384
682	1.8	1.7	0.403
683	1.7	1.7	0.384
684	1.6	1.7	0.373
685	1.6	1.7	0.345
686	1.6	1.7	0.303
687	1.5	1.7	0.276
688	1.4	1.7	0.258
689	1.3	1.7	0.268
690	1.3	1.7	0.333
691	1.3	1.7	0.371
692	1.2	1.7	0.459
693	1.1	1.7	0.472
694	1.1	1.7	0.440
695	1.0	1.7	0.265
696	0.9	1.7	0.166
697	0.5	1.7	0.115
698	0.5	1.7	0.062
699	0.6	1.7	0.024
700	0.6	1.7	0.018
701	0.6	1.7	0.053
702	0.6	1.7	0.132
703	0.6	1.7	0.358
704	1.1	1.7	0.383
705	1.0	1.7	0.384
706	1.0	1.7	0.403
707	1.0	1.7	0.384
708	0.9	1.7	0.373
709	0.9	1.7	0.345
710	0.9	1.7	0.303
711	1.0	1.7	0.276
712	0.9	1.7	0.258
713	0.9	1.7	0.268
714	0.9	1.7	0.333
715	0.9	1.7	0.371
716	0.8	1.7	0.459
717	0.9	1.7	0.472
718	0.8	1.7	0.440
719	0.8	1.7	0.265
720	0.9	1.7	0.166
721	0.5	1.7	0.115
722	0.5	1.7	0.062
723	0.5	1.7	0.024
724	0.4	1.7	0.018
725	0.4	1.7	0.053
726	0.4	1.7	0.132
727	0.5	1.7	0.358
728	0.8	1.7	0.383
729	0.9	1.7	0.384
730	0.8	1.7	0.403
731	0.7	1.7	0.384
732	0.7	1.7	0.373
733	0.6	1.7	0.345
734	0.6	1.7	0.303
735	0.6	1.7	0.276
736	0.6	1.7	0.258
737	0.7	1.7	0.268
738	0.8	1.7	0.333
739	0.9	1.7	0.371
740	1.0	1.7	0.459
741	1.0	1.7	0.472
742	1.0	1.7	0.440
743	1.1	1.7	0.265
744	1.2	1.7	0.166
745	0.8	1.7	0.115
746	0.9	1.7	0.062
747	0.9	1.7	0.024
748	0.8	1.7	0.018
749	0.9	1.7	0.053
750	0.9	1.7	0.132
751	0.8	1.7	0.358
752	1.2	1.7	0.383
753	1.2	1.7	0.384
754	1.1	1.7	0.403
755	1.0	1.7	0.384
756	1.0	1.7	0.373
757	1.0	1.7	0.345
758	0.9	1.7	0.303
759	0.9	1.7	0.276
760	0.9	1.7	0.258
761	1.0	1.7	0.268
762	1.0	1.7	0.333
763	1.1	1.7	0.371
764	1.2	1.7	0.459
765	1.3	1.7	0.472
766	1.4	1.7	0.440
767	1.5	1.7	0.265
768	1.5	1.7	0.166
769	1.2	1.7	0.115
770	1.2	1.7	0.062
771	1.2	1.7	0.024
772	1.3	1.7	0.018
773	1.3	1.7	0.053
774	1.4	1.7	0.132
775	1.4	1.7	0.358
776	1.7	1.7	0.383
777	1.7	1.7	0.384
778	1.7	1.7	0.403
779	1.7	1.7	0.384
780	1.7	1.7	0.373
781	1.6	1.7	0.345
782	1.6	1.7	0.303
783	1.6	1.7	0.276
784	1.7	1.7	0.258
785	1.7	1.7	0.268
786	1.7	1.7	0.333
787	1.8	1.7	0.371
788	2.0	1.7	0.459
789	2.0	1.7	0.472
790	2.1	1.7	0.440
791	2.1	1.7	0.265
792	2.1	1.7	0.166
793	1.8	1.7	0.115
794	1.9	1.7	0.062
795	1.9	1.7	0.024
796	1.9	1.7	0.018
797	2.0	1.7	0.053
798	2.0	1.7	0.132
799	2.0	1.7	0.358
800	2.3	1.7	0.383
801	2.3	1.7	0.384
802	2.2	1.7	0.403
803	2.1	1.7	0.384
804	2.1	1.7	0.373
805	2.0	1.7	0.345
806	2.0	1.7	0.303
807	1.9	1.7	0.276
808	2.0	1.7	0.258
809	2.0	1.7	0.268
810	2.0	1.7	0.333
811	2.1	1.7	0.371
812	2.1	1.7	0.459
813	2.1	1.7	0.472
814	2.2	1.7	0.440
815	2.1	1.7	0.265
816	2.1	1.7	0.166
817	1.8	1.7	0.115
818	1.8	1.7	0.062
819	1.8	1.7	0.024
820	1.8	1.7	0.018
821	1.8	1.7	0.053
822	1.7	1.7	0.132
823	1.7	1.7	0.358
824	1.9	1.7	0.383
825	1.9	1.7	0.384
826	1.9	1.7	0.403
827	1.8	1.7	0.384
828	1.6	1.7	0.373
829	1.6	1.7	0.345
830	1.5	1.7	0.303
831	1.4	1.7	0.276
832	1.4	1.7	0.258
833	1.4	1.7	0.268
834	1.4	1.7	0.333
835	1.5	1.7	0.371
836	1.5	1.7	0.459
837	1.5	1.7	0.472
838	1.6	1.7	0.440
839	1.6	1.7	0.265
840	1.6	1.7	0.166
841	1.3	1.7	0.115
842	1.3	1.7	0.062
843	1.2	1.7	0.024
844	1.3	1.6	0.018
845	1.3	1.6	0.053
846	1.3	1.6	0.132
847	1.3	1.6	0.358
848	1.6	1.6	0.383
849	1.6	1.6	0.384
850	1.5	1.6	0.403
851	1.4	1.6	0.384
852	1.4	1.6	0.373
853	1.3	1.6	0.345
854	1.3	1.6	0.303
855	1.3	1.6	0.276
856	1.3	1.6	0.258
857	1.4	1.6	0.268
858	1.4	1.6	0.333
859	1.5	1.6	0.371
860	1.6	1.6	0.459
861	1.6	1.6	0.472
862	1.6	1.6	0.440
863	1.6	1.6	0.265
864	1.6	1.6	0.166
865	1.3	1.6	0.115
866	1.3	1.6	0.062
867	1.3	1.6	0.024
868	1.3	1.6	0.018
869	1.2	1.6	0.053
870	1.3	1.6	0.132
871	1.3	1.6	0.358
872	1.6	1.6	0.383
873	1.6	1.6	0.384
874	1.6	1.6	0.403
875	1.5	1.6	0.384
876	1.5	1.6	0.373
877	1.4	1.6	0.345
878	1.4	1.6	0.303
879	1.3	1.6	0.276
880	1.3	1.6	0.258
881	1.3	1.6	0.268
882	1.3	1.6	0.333
883	1.4	1.6	0.371
884	1.5	1.6	0.459
885	1.5	1.6	0.472
886	1.5	1.6	0.440
887	1.6	1.6	0.265
888	1.6	1.6	0.166
889	1.3	1.6	0.115
890	1.2	1.6	0.062
891	1.2	1.6	0.024
892	1.1	1.6	0.018
893	1.2	1.6	0.053
894	1.2	1.6	0.132
895	1.2	1.6	0.358
896	1.4	1.6	0.383
897	1.4	1.6	0.384
898	1.4	1.6	0.403
899	1.4	1.6	0.384
900	1.4	1.6	0.373
901	1.4	1.6	0.345
902	1.4	1.6	0.303
903	1.4	1.6	0.276
904	1.4	1.6	0.258
905	1.3	1.6	0.268
906	1.3	1.6	0.333
907	1.3	1.6	0.371
908	1.3	1.6	0.459
909	1.3	1.6	0.472
910	1.3	1.6	0.440
911	1.3	1.6	0.265
912	1.3	1.6	0.166
913	1.0	1.6	0.115
914	1.0	1.6	0.062
915	1.1	1.6	0.024
916	1.1	1.6	0.018
917	1.1	1.6	0.053
918	1.2	1.6	0.132
919	1.2	1.6	0.358
920	1.5	1.6	0.383
921	1.5	1.6	0.384
922	1.4	1.6	0.403
923	1.4	1.6	0.384
924	1.3	1.6	0.373
925	1.3	1.6	0.345
926	1.3	1.6	0.303
927	1.2	1.6	0.276
928	1.2	1.6	0.258
929	1.2	1.6	0.268
930	1.3	1.6	0.333
931	1.4	1.6	0.371
932	1.4	1.6	0.459
933	1.5	1.6	0.472
934	1.5	1.6	0.440
935	1.6	1.6	0.265
936	1.6	1.6	0.166
937	1.2	1.6	0.115
938	1.3	1.6	0.062
939	1.3	1.6	0.024
940	1.3	1.6	0.018
941	1.3	1.6	0.053
942	1.3	1.6	0.132
943	1.3	1.6	0.358
944	1.7	1.6	0.383
945	1.7	1.6	0.384
946	1.6	1.6	0.403
947	1.6	1.6	0.384
948	1.5	1.6	0.373
949	1.4	1.6	0.345
950	1.4	1.6	0.303
951	1.4	1.6	0.276
952	1.5	1.6	0.258
953	1.5	1.6	0.268
954	1.5	1.6	0.333
955	1.5	1.6	0.371
956	1.6	1.6	0.459
957	1.6	1.6	0.472
958	1.6	1.6	0.440
959	1.6	1.6	0.265
960	1.6	1.6	0.166
961	1.4	1.6	0.115
962	1.4	1.6	0.062
963	1.4	1.6	0.024
964	1.4	1.6	0.018
965	1.4	1.6	0.053
966	1.4	1.6	0.132
967	1.4	1.6	0.358
968	1.7	1.6	0.383
969	1.7	1.6	0.384
970	1.6	1.6	0.403
971	1.6	1.6	0.384
972	1.5	1.6	0.373
973	1.4	1.6	0.345
974	1.4	1.6	0.303
975	1.3	1.6	0.276
976	1.3	1.6	0.258
977	1.4	1.6	0.268
978	1.5	1.6	0.333
979	1.6	1.6	0.371
980	1.6	1.6	0.459
981	1.7	1.6	0.472
982	1.8	1.6	0.440
983	1.7	1.6	0.265
984	1.7	1.6	0.166
985	1.5	1.6	0.115
986	1.5	1.6	0.062
987	1.4	1.6	0.024
988	1.5	1.6	0.018
989	1.5	1.6	0.053
990	1.4	1.6	0.132
991	1.4	1.6	0.358
992	1.7	1.6	0.383
993	1.7	1.6	0.384
994	1.6	1.6	0.403
995	1.6	1.6	0.384
996	1.5	1.6	0.373
997	1.5	1.6	0.345
998	1.4	1.6	0.303
999	1.4	1.6	0.276
1000	1.4	1.6	0.258
1001	1.5	1.6	0.268
1002	1.5	1.6	0.333
1003	1.5	1.6	0.371
1004	1.6	1.6	0.459
1005	1.5	1.6	0.472
1006	1.6	1.6	0.440
1007	1.6	1.6	0.265
1008	1.6	1.6	0.166
1009	1.3	1.6	0.115
1010	1.3	1.6	0.062
1011	1.3	1.6	0.024
1012	1.3	1.6	0.018
1013	1.3	1.6	0.053
1014	1.2	1.6	0.132
1015	1.2	1.6	0.358
1016	1.5	1.6	0.383
1017	1.5	1.6	0.384
1018	1.5	1.6	0.403
1019	1.4	1.6	0.384
1020	1.3	1.6	0.373
1021	1.3	1.6	0.345
1022	1.2	1.6	0.303
1023	1.1	1.6	0.276
1024	1.1	1.6	0.258
1025	1.1	1.6	0.268
1026	1.1	1.6	0.333
1027	1.2	1.6	0.371
1028	1.2	1.6	0.459
1029	1.3	1.6	0.472
1030	1.2	1.6	0.440
1031	1.3	1.6	0.265
1032	1.3	1.6	0.166
1033	1.0	1.6	0.115
1034	1.0	1.6	0.062
1035	1.0	1.6	0.024
1036	1.0	1.6	0.018
1037	1.0	1.6	0.053
1038	1.0	1.6	0.132
1039	1.0	1.6	0.358
1040	1.3	1.6	0.383
1041	1.3	1.6	0.384
1042	1.3	1.6	0.403
1043	1.3	1.6	0.384
1044	1.4	1.6	0.373
1045	1.3	1.6	0.345
1046	1.4	1.6	0.303
1047	1.3	1.6	0.276
1048	1.4	1.6	0.258
1049	1.4	1.6	0.268
1050	1.4	1.6	0.333
1051	1.5	1.6	0.371
1052	1.5	1.6	0.459
1053	1.5	1.6	0.472
1054	1.5	1.6	0.440
1055	1.5	1.6	0.265
1056	1.5	1.6	0.166
1057	1.1	1.6	0.115
1058	1.1	1.6	0.062
1059	1.1	1.6	0.024
1060	1.1	1.6	0.018
1061	1.1	1.6	0.053
1062	1.1	1.6	0.132
1063	1.1	1.6	0.358
1064	1.4	1.6	0.383
1065	1.4	1.6	0.384
1066	1.4	1.6	0.403
1067	1.3	1.6	0.384
1068	1.3	1.6	0.373
1069	1.2	1.6	0.345
1070	1.2	1.6	0.303
1071	1.2	1.6	0.276
1072	1.2	1.5	0.258
1073	1.2	1.5	0.268
1074	1.1	1.5	0.333
1075	1.1	1.5	0.371
1076	1.1	1.5	0.459
1077	1.1	1.5	0.472
1078	1.0	1.5	0.440
1079	1.0	1.5	0.265
1080	1.0	1.5	0.166
1081	0.7	1.5	0.115
1082	0.7	1.5	0.062
1083	0.7	1.5	0.024
1084	0.7	1.5	0.018
1085	0.7	1.5	0.053
1086	0.7	1.5	0.132
1087	0.7	1.5	0.358
1088	1.0	1.5	0.383
1089	0.8	1.5	0.384
1090	0.8	1.5	0.403
1091	0.7	1.5	0.384
1092	0.7	1.5	0.373
1093	0.7	1.5	0.345
1094	0.6	1.5	0.303
1095	0.6	1.5	0.276
1096	0.6	1.5	0.258
1097	0.6	1.5	0.268
1098	0.7	1.5	0.333
1099	0.7	1.5	0.371
1100	0.8	1.5	0.459
1101	0.8	1.5	0.472
1102	0.8	1.5	0.440
1103	0.8	1.5	0.265
1104	0.9	1.5	0.166
1105	0.6	1.5	0.115
1106	0.6	1.5	0.062
1107	0.6	1.5	0.024
1108	0.7	1.5	0.018
1109	0.7	1.5	0.053
1110	0.7	1.5	0.132
1111	0.7	1.5	0.358
1112	1.0	1.5	0.383
1113	1.0	1.5	0.384
1114	1.0	1.5	0.403
1115	0.9	1.5	0.384
1116	0.8	1.5	0.373
1117	0.7	1.5	0.345
1118	0.7	1.5	0.303
1119	0.8	1.5	0.276
1120	0.8	1.5	0.258
1121	0.8	1.5	0.268
1122	0.8	1.5	0.333
1123	0.9	1.5	0.371
1124	1.0	1.5	0.459
1125	1.0	1.5	0.472
1126	1.1	1.5	0.440
1127	1.2	1.5	0.265
1128	1.2	1.5	0.166
1129	0.9	1.5	0.115
1130	0.9	1.5	0.062
1131	1.0	1.5	0.024
1132	1.0	1.5	0.018
1133	1.1	1.5	0.053
1134	1.1	1.5	0.132
1135	1.1	1.5	0.358
1136	1.4	1.5	0.383
1137	1.3	1.5	0.384
1138	1.3	1.5	0.403
1139	1.3	1.5	0.384
1140	1.2	1.5	0.373
1141	1.1	1.5	0.345
1142	1.1	1.5	0.303
1143	1.1	1.5	0.276
1144	1.1	1.5	0.258
1145	1.1	1.5	0.268
1146	1.3	1.5	0.333
1147	1.3	1.5	0.371
1148	1.3	1.5	0.459
1149	1.4	1.5	0.472
1150	1.5	1.5	0.440
1151	1.5	1.5	0.265
1152	1.6	1.5	0.166
1153	1.3	1.5	0.115
1154	1.3	1.5	0.062
1155	1.3	1.5	0.024
1156	1.3	1.5	0.018
1157	1.4	1.5	0.053
1158	1.4	1.5	0.132
1159	1.4	1.5	0.358
1160	1.7	1.5	0.383
1161	1.7	1.5	0.384
1162	1.7	1.5	0.403
1163	1.7	1.5	0.384
1164	1.6	1.5	0.373
1165	1.6	1.5	0.345
1166	1.6	1.5	0.303
1167	1.5	1.5	0.276
1168	1.5	1.5	0.258
1169	1.5	1.5	0.268
1170	1.6	1.5	0.333
1171	1.6	1.5	0.371
1172	1.6	1.5	0.459
1173	1.6	1.5	0.472
1174	1.7	1.5	0.440
1175	1.8	1.5	0.265
1176	1.8	1.5	0.166
1177	1.4	1.5	0.115
1178	1.4	1.5	0.062
1179	1.5	1.5	0.024
1180	1.5	1.5	0.018
1181	1.5	1.5	0.053
1182	1.6	1.5	0.132
1183	1.6	1.5	0.358
1184	1.9	1.5	0.383
1185	1.8	1.5	0.384
1186	1.8	1.5	0.403
1187	1.8	1.5	0.384
1188	1.7	1.5	0.373
1189	1.7	1.5	0.345
1190	1.6	1.5	0.303
1191	1.6	1.5	0.276
1192	1.6	1.5	0.258
1193	1.6	1.5	0.268
1194	1.7	1.5	0.333
1195	1.7	1.5	0.371
1196	1.8	1.5	0.459
1197	1.9	1.5	0.472
1198	1.9	1.5	0.440
1199	1.9	1.5	0.265
1200	1.9	1.5	0.166
1201	1.7	1.5	0.115
1202	1.7	1.5	0.062
1203	1.8	1.5	0.024
1204	1.8	1.5	0.018
1205	1.7	1.5	0.053
1206	1.7	1.5	0.132
1207	1.7	1.5	0.358
1208	2.0	1.5	0.383
1209	2.0	1.5	0.384
1210	1.9	1.5	0.403
1211	1.9	1.5	0.384
1212	1.9	1.5	0.373
1213	1.9	1.5	0.345
1214	1.9	1.5	0.303
1215	1.8	1.5	0.276
1216	1.9	1.5	0.258
1217	1.9	1.5	0.268
1218	1.9	1.5	0.333
1219	2.0	1.5	0.371
1220	2.0	1.5	0.459
1221	2.0	1.5	0.472
1222	2.0	1.5	0.440
1223	2.0	1.5	0.265
1224	2.1	1.5	0.166
1225	1.8	1.5	0.115
1226	1.7	1.5	0.062
1227	1.7	1.5	0.024
1228	1.6	1.5	0.018
1229	1.6	1.5	0.053
1230	1.5	1.5	0.132
1231	1.5	1.5	0.358
1232	1.8	1.5	0.383
1233	1.8	1.5	0.384
1234	1.7	1.5	0.403
1235	1.6	1.5	0.384
1236	1.6	1.5	0.373
1237	1.6	1.5	0.345
1238	1.5	1.5	0.303
1239	1.5	1.5	0.276
1240	1.4	1.5	0.258
1241	1.4	1.5	0.268
1242	1.4	1.5	0.333
1243	1.4	1.5	0.371
1244	1.3	1.5	0.459
1245	1.3	1.5	0.472
1246	1.2	1.5	0.440
1247	1.2	1.5	0.265
1248	1.2	1.5	0.166
1249	0.8	1.5	0.115
1250	0.8	1.5	0.062
1251	0.8	1.5	0.024
1252	0.8	1.5	0.018
1253	0.8	1.5	0.053
1254	0.8	1.5	0.132
1255	0.8	1.5	0.358
1256	1.2	1.5	0.383
1257	1.1	1.5	0.384
1258	1.0	1.5	0.403
1259	0.9	1.5	0.384
1260	0.8	1.5	0.373
1261	0.8	1.5	0.345
1262	0.8	1.5	0.303
1263	0.8	1.5	0.276
1264	0.9	1.5	0.258
1265	0.9	1.5	0.268
1266	0.9	1.5	0.333
1267	1.0	1.5	0.371
1268	1.0	1.5	0.459
1269	1.0	1.5	0.472
1270	1.1	1.5	0.440
1271	1.1	1.5	0.265
1272	1.2	1.5	0.166
1273	0.9	1.5	0.115
1274	0.9	1.5	0.062
1275	0.9	1.5	0.024
1276	0.9	1.5	0.018
1277	0.9	1.5	0.053
1278	0.9	1.5	0.132
1279	0.9	1.5	0.358
1280	1.3	1.5	0.383
1281	1.3	1.5	0.384
1282	1.3	1.5	0.403
1283	1.1	1.5	0.384
1284	1.1	1.5	0.373
1285	1.1	1.4	0.345
1286	1.0	1.4	0.303
1287	1.0	1.4	0.276
1288	1.0	1.4	0.258
1289	1.0	1.4	0.268
1290	1.1	1.4	0.333
1291	1.2	1.4	0.371
1292	1.1	1.4	0.459
1293	1.2	1.4	0.472
1294	1.2	1.4	0.440
1295	1.2	1.4	0.265
1296	1.2	1.4	0.166
1297	0.9	1.4	0.115
1298	1.0	1.4	0.062
1299	1.0	1.4	0.024
1300	1.1	1.4	0.018
1301	1.1	1.4	0.053
1302	1.2	1.4	0.132
1303	1.2	1.4	0.358
1304	1.5	1.4	0.383
1305	1.5	1.4	0.384
1306	1.4	1.4	0.403
1307	1.3	1.4	0.384
1308	1.3	1.4	0.373
1309	1.2	1.4	0.345
1310	1.2	1.4	0.303
1311	1.1	1.4	0.276
1312	1.1	1.4	0.258
1313	1.1	1.4	0.268
1314	1.2	1.4	0.333
1315	1.3	1.4	0.371
1316	1.3	1.4	0.459
1317	1.4	1.4	0.472
1318	1.4	1.4	0.440
1319	1.4	1.4	0.265
1320	1.4	1.4	0.166
1321	1.1	1.4	0.115
1322	1.1	1.4	0.062
1323	1.1	1.4	0.024
1324	1.1	1.4	0.018
1325	1.1	1.4	0.053
1326	1.1	1.4	0.132
1327	1.1	1.4	0.358
1328	1.3	1.4	0.383
1329	1.3	1.4	0.384
1330	1.2	1.4	0.403
1331	1.1	1.4	0.384
1332	1.0	1.4	0.373
1333	0.9	1.4	0.345
1334	0.8	1.4	0.303
1335	0.8	1.4	0.276
1336	0.8	1.4	0.258
1337	0.8	1.4	0.268
1338	0.9	1.4	0.333
1339	1.0	1.4	0.371
1340	1.0	1.4	0.459
1341	1.0	1.4	0.472
1342	1.0	1.4	0.440
1343	1.0	1.4	0.265
1344	1.0	1.4	0.166
1345	0.7	1.4	0.115
1346	0.8	1.4	0.062
1347	0.9	1.4	0.024
1348	0.9	1.4	0.018
1349	0.9	1.4	0.053
1350	0.9	1.4	0.132
1351	0.9	1.4	0.358
1352	1.2	1.4	0.383
1353	1.2	1.4	0.384
1354	1.2	1.4	0.403
1355	1.1	1.4	0.384
1356	1.1	1.4	0.373
1357	1.0	1.4	0.345
1358	1.0	1.4	0.303
1359	1.0	1.4	0.276
1360	1.0	1.4	0.258
1361	1.1	1.4	0.268
1362	1.2	1.4	0.333
1363	1.3	1.4	0.371
1364	1.4	1.4	0.459
1365	1.4	1.4	0.472
1366	1.5	1.4	0.440
1367	1.6	1.4	0.265
1368	1.6	1.4	0.166
1369	1.3	1.4	0.115
1370	1.4	1.4	0.062
1371	1.3	1.4	0.024
1372	1.4	1.4	0.018
1373	1.4	1.4	0.053
1374	1.3	1.4	0.132
1375	1.3	1.4	0.358
1376	1.7	1.4	0.383
1377	1.7	1.4	0.384
1378	1.6	1.4	0.403
1379	1.5	1.4	0.384
1380	1.5	1.4	0.373
1381	1.4	1.4	0.345
1382	1.4	1.4	0.303
1383	1.4	1.4	0.276
1384	1.4	1.4	0.258
1385	1.4	1.4	0.268
1386	1.6	1.4	0.333
1387	1.7	1.4	0.371
1388	1.8	1.4	0.459
1389	1.8	1.4	0.472
1390	1.9	1.4	0.440
1391	1.9	1.4	0.265
1392	2.1	1.4	0.166
1393	1.8	1.4	0.115
1394	1.8	1.4	0.062
1395	1.8	1.4	0.024
1396	1.8	1.4	0.018
1397	1.8	1.4	0.053
1398	1.8	1.4	0.132
1399	1.8	1.4	0.358
1400	2.0	1.4	0.383
1401	2.0	1.4	0.384
1402	1.9	1.4	0.403
1403	1.8	1.4	0.384
1404	1.7	1.4	0.373
1405	1.6	1.4	0.345
1406	1.5	1.4	0.303
1407	1.4	1.4	0.276
1408	1.4	1.4	0.258
1409	1.4	1.4	0.268
1410	1.5	1.4	0.333
1411	1.6	1.4	0.371
1412	1.6	1.4	0.459
1413	1.6	1.4	0.472
1414	1.7	1.4	0.440
1415	1.7	1.4	0.265
1416	1.7	1.4	0.166
1417	0.8	1.4	0.115
1418	0.8	1.4	0.062
1419	0.8	1.4	0.024
1420	0.8	1.4	0.018
1421	0.8	1.4	0.053
1422	0.8	1.4	0.132
1423	0.8	1.4	0.358
1424	1.0	1.4	0.383
1425	1.0	1.4	0.384
1426	0.9	1.4	0.403
1427	0.8	1.4	0.384
1428	0.7	1.4	0.373
1429	0.7	1.4	0.345
1430	0.7	1.4	0.303
1431	0.6	1.4	0.276
1432	0.7	1.4	0.258
1433	0.7	1.4	0.268
1434	0.7	1.4	0.333
1435	0.7	1.4	0.371
1436	0.8	1.4	0.459
1437	0.8	1.4	0.472
1438	0.8	1.4	0.440
1439	0.8	1.4	0.265
1440	0.8	1.4	0.166
1441	0.7	1.4	0.115
1442	0.7	1.4	0.062
1443	0.7	1.4	0.024
1444	0.7	1.4	0.018
1445	0.8	1.4	0.053
1446	0.8	1.4	0.132
1447	0.8	1.4	0.358
1448	1.0	1.4	0.383
1449	1.0	1.4	0.384
1450	0.9	1.4	0.403
1451	0.8	1.4	0.384
1452	0.8	1.4	0.373
1453	0.7	1.4	0.345
1454	0.7	1.4	0.303
1455	0.7	1.4	0.276
1456	0.7	1.4	0.258
1457	0.7	1.4	0.268
1458	0.8	1.4	0.333
1459	0.9	1.4	0.371
1460	0.9	1.4	0.459
1461	0.9	1.4	0.472
1462	1.0	1.4	0.440
1463	1.0	1.4	0.265
1464	1.0	1.4	0.166
1465	0.9	1.4	0.115
1466	0.9	1.4	0.062
1467	0.9	1.4	0.024
1468	0.9	1.4	0.018
1469	0.9	1.4	0.053
1470	0.9	1.4	0.132
1471	0.9	1.4	0.358
1472	1.1	1.4	0.383
1473	1.1	1.4	0.384
1474	1.1	1.4	0.403
1475	1.1	1.4	0.384
1476	1.0	1.4	0.373
1477	1.0	1.4	0.345
1478	1.1	1.4	0.303
1479	1.1	1.4	0.276
1480	1.1	1.4	0.258
1481	1.1	1.4	0.268
1482	1.1	1.4	0.333
1483	1.1	1.4	0.371
1484	1.1	1.4	0.459
1485	1.1	1.4	0.472
1486	1.1	1.4	0.440
1487	1.1	1.4	0.265
1488	1.1	1.4	0.166
1489	0.9	1.4	0.115
1490	0.9	1.4	0.062
1491	0.9	1.4	0.024
1492	0.9	1.4	0.018
1493	0.9	1.4	0.053
1494	0.9	1.4	0.132
1495	0.9	1.4	0.358
1496	1.0	1.4	0.383
1497	1.0	1.4	0.384
1498	1.0	1.4	0.403
1499	0.9	1.4	0.384
1500	0.8	1.4	0.373
1501	0.8	1.4	0.345
1502	0.7	1.4	0.303
1503	0.8	1.4	0.276
1504	0.8	1.4	0.258
1505	0.8	1.4	0.268
1506	0.9	1.4	0.333
1507	0.9	1.4	0.371
1508	1.0	1.4	0.459
1509	1.0	1.4	0.472
1510	1.0	1.4	0.440
1511	1.0	1.4	0.265
1512	1.0	1.4	0.166
1513	0.9	1.4	0.115
1514	0.9	1.4	0.062
1515	0.9	1.4	0.024
1516	0.9	1.4	0.018
1517	0.9	1.4	0.053
1518	0.9	1.4	0.132
1519	0.8	1.4	0.358
1520	1.0	1.4	0.383
1521	1.0	1.4	0.384
1522	0.9	1.4	0.403
1523	0.9	1.4	0.384
1524	0.8	1.4	0.373
1525	0.8	1.4	0.345
1526	0.8	1.4	0.303
1527	0.8	1.4	0.276
1528	0.8	1.4	0.258
1529	0.8	1.4	0.268
1530	0.8	1.4	0.333
1531	0.8	1.4	0.371
1532	0.8	1.4	0.459
1533	0.8	1.4	0.472
1534	0.8	1.4	0.440
1535	0.8	1.4	0.265
1536	0.8	1.4	0.166
1537	0.6	1.4	0.115
1538	0.6	1.4	0.062
1539	0.6	1.4	0.024
1540	0.6	1.4	0.018
1541	0.6	1.4	0.053
1542	0.7	1.4	0.132
1543	0.7	1.4	0.358
1544	0.8	1.4	0.383
1545	0.8	1.4	0.384
1546	0.8	1.4	0.403
1547	0.7	1.4	0.384
1548	0.7	1.4	0.373
1549	0.6	1.4	0.345
1550	0.6	1.4	0.303
1551	0.6	1.4	0.276
1552	0.6	1.3	0.258
1553	0.7	1.3	0.268
1554	0.7	1.3	0.333
1555	0.8	1.3	0.371
1556	0.8	1.3	0.459
1557	0.8	1.3	0.472
1558	0.8	1.3	0.440
1559	0.8	1.3	0.265
1560	0.8	1.3	0.166
1561	0.6	1.3	0.115
1562	0.6	1.3	0.062
1563	0.6	1.3	0.024
1564	0.6	1.3	0.018
1565	0.6	1.3	0.053
1566	0.6	1.3	0.132
1567	0.6	1.3	0.358
1568	0.8	1.3	0.383
1569	0.8	1.3	0.384
1570	0.8	1.3	0.403
1571	0.8	1.3	0.384
1572	0.7	1.3	0.373
1573	0.7	1.3	0.345
1574	0.7	1.3	0.303
1575	0.7	1.3	0.276
1576	0.7	1.3	0.258
1577	0.6	1.3	0.268
1578	0.6	1.3	0.333
1579	0.7	1.3	0.371
1580	0.7	1.3	0.459
1581	0.7	1.3	0.472
1582	0.7	1.3	0.440
1583	0.7	1.3	0.265
1584	0.7	1.3	0.166
1585	0.5	1.3	0.115
1586	0.6	1.3	0.062
1587	0.6	1.3	0.024
1588	0.6	1.3	0.018
1589	0.6	1.3	0.053
1590	0.6	1.3	0.132
1591	0.6	1.3	0.358
1592	0.8	1.3	0.383
1593	0.8	1.3	0.384
1594	0.8	1.3	0.403
1595	0.7	1.3	0.384
1596	0.7	1.3	0.373
1597	0.7	1.3	0.345
1598	0.7	1.3	0.303
1599	0.7	1.3	0.276
1600	0.7	1.3	0.258
1601	0.7	1.3	0.268
1602	0.8	1.3	0.333
1603	0.8	1.3	0.371
1604	0.8	1.3	0.459
1605	0.9	1.3	0.472
1606	0.9	1.3	0.440
1607	0.9	1.3	0.265
1608	1.0	1.3	0.166
1609	0.8	1.3	0.115
1610	0.8	1.3	0.062
1611	0.9	1.3	0.024
1612	0.9	1.3	0.018
1613	0.9	1.3	0.053
1614	0.8	1.3	0.132
1615	0.9	1.3	0.358
1616	1.0	1.3	0.383
1617	1.0	1.3	0.384
1618	0.9	1.3	0.403
1619	0.9	1.3	0.384
1620	0.8	1.3	0.373
1621	0.7	1.3	0.345
1622	0.6	1.3	0.303
1623	0.6	1.3	0.276
1624	0.6	1.3	0.258
1625	0.6	1.3	0.268
1626	0.7	1.3	0.333
1627	0.8	1.3	0.371
1628	0.8	1.3	0.459
1629	0.8	1.3	0.472
1630	0.9	1.3	0.440
1631	0.9	1.3	0.265
1632	0.9	1.3	0.166
1633	0.7	1.3	0.115
1634	0.8	1.3	0.062
1635	0.8	1.3	0.024
1636	0.8	1.3	0.018
1637	0.8	1.3	0.053
1638	0.8	1.3	0.132
1639	0.8	1.3	0.358
1640	1.0	1.3	0.383
1641	1.0	1.3	0.384
1642	0.8	1.3	0.403
1643	0.8	1.3	0.384
1644	0.7	1.3	0.373
1645	0.6	1.3	0.345
1646	0.6	1.3	0.303
1647	0.6	1.3	0.276
1648	0.6	1.3	0.258
1649	0.6	1.3	0.268
1650	0.6	1.3	0.333
1651	0.7	1.3	0.371
1652	0.7	1.3	0.459
1653	0.8	1.3	0.472
1654	0.8	1.3	0.440
1655	0.8	1.3	0.265
1656	0.8	1.3	0.166
1657	0.6	1.3	0.115
1658	0.7	1.3	0.062
1659	0.7	1.3	0.024
1660	0.7	1.3	0.018
1661	0.7	1.3	0.053
1662	0.7	1.3	0.132
1663	0.7	1.3	0.358
1664	0.9	1.3	0.383
1665	0.8	1.3	0.384
1666	0.8	1.3	0.403
1667	0.8	1.3	0.384
1668	0.7	1.3	0.373
1669	0.6	1.3	0.345
1670	0.5	1.3	0.303
1671	0.5	1.3	0.276
1672	0.5	1.3	0.258
1673	0.6	1.3	0.268
1674	0.6	1.3	0.333
1675	0.7	1.3	0.371
1676	0.7	1.3	0.459
1677	0.7	1.3	0.472
1678	0.8	1.3	0.440
1679	0.8	1.3	0.265
1680	0.8	1.3	0.166
1681	0.7	1.3	0.115
1682	0.7	1.3	0.062
1683	0.7	1.3	0.024
1684	0.7	1.3	0.018
1685	0.7	1.3	0.053
1686	0.7	1.3	0.132
1687	0.6	1.3	0.358
1688	0.8	1.3	0.383
1689	0.8	1.3	0.384
1690	0.8	1.3	0.403
1691	0.7	1.3	0.384
1692	0.6	1.3	0.373
1693	0.5	1.3	0.345
1694	0.5	1.3	0.303
1695	0.4	1.3	0.276
1696	0.4	1.3	0.258
1697	0.4	1.3	0.268
1698	0.5	1.3	0.333
1699	0.5	1.3	0.371
1700	0.5	1.3	0.459
1701	0.5	1.3	0.472
1702	0.6	1.3	0.440
1703	0.6	1.3	0.265
1704	0.6	1.3	0.166
1705	0.4	1.3	0.115
1706	0.4	1.3	0.062
1707	0.4	1.3	0.024
1708	0.4	1.3	0.018
1709	0.3	1.3	0.053
1710	0.4	1.3	0.132
1711	0.4	1.3	0.358
1712	0.5	1.3	0.383
1713	0.5	1.3	0.384
1714	0.5	1.3	0.403
1715	0.4	1.3	0.384
1716	0.4	1.3	0.373
1717	0.3	1.3	0.345
1718	0.3	1.3	0.303
1719	0.3	1.3	0.276
1720	0.3	1.3	0.258
1721	0.3	1.3	0.268
1722	0.3	1.3	0.333
1723	0.4	1.3	0.371
1724	0.4	1.3	0.459
1725	0.5	1.3	0.472
1726	0.5	1.3	0.440
1727	0.5	1.3	0.265
1728	0.5	1.3	0.166
1729	0.3	1.3	0.115
1730	0.3	1.3	0.062
1731	0.3	1.3	0.024
1732	0.3	1.3	0.018
1733	0.3	1.3	0.053
1734	0.3	1.3	0.132
1735	0.4	1.3	0.358
1736	0.5	1.3	0.383
1737	0.5	1.3	0.384
1738	0.4	1.3	0.403
1739	0.4	1.3	0.384
1740	0.4	1.3	0.373
1741	0.4	1.3	0.345
1742	0.3	1.3	0.303
1743	0.3	1.3	0.276
1744	0.3	1.3	0.258
1745	0.3	1.3	0.268
1746	0.4	1.3	0.333
1747	0.4	1.3	0.371
1748	0.4	1.3	0.459
1749	0.5	1.3	0.472
1750	0.5	1.3	0.440
1751	0.5	1.3	0.265
1752	0.6	1.3	0.166
1753	0.4	1.3	0.115
1754	0.4	1.3	0.062
1755	0.4	1.3	0.024
1756	0.4	1.3	0.018
1757	0.5	1.3	0.053
1758	0.4	1.3	0.132
1759	0.4	1.3	0.358
1760	0.7	1.3	0.383
1761	0.7	1.3	0.384
1762	0.6	1.3	0.403
1763	0.5	1.3	0.384
1764	0.5	1.3	0.373
1765	0.4	1.3	0.345
1766	0.4	1.3	0.303
1767	0.4	1.3	0.276
1768	0.4	1.3	0.258
1769	0.4	1.3	0.268
1770	0.5	1.3	0.333
1771	0.5	1.3	0.371
1772	0.6	1.3	0.459
1773	0.6	1.3	0.472
1774	0.7	1.3	0.440
1775	0.8	1.3	0.265
1776	0.8	1.3	0.166
1777	0.7	1.3	0.115
1778	0.7	1.3	0.062
1779	0.6	1.3	0.024
1780	0.6	1.3	0.018
1781	0.7	1.3	0.053
1782	0.6	1.3	0.132
1783	0.6	1.3	0.358
1784	0.8	1.3	0.383
1785	0.8	1.3	0.384
1786	0.8	1.3	0.403
1787	0.7	1.3	0.384
1788	0.7	1.2	0.373
1789	0.7	1.2	0.345
1790	0.7	1.2	0.303
1791	0.6	1.2	0.276
1792	0.6	1.2	0.258
1793	0.7	1.2	0.268
1794	0.7	1.2	0.333
1795	0.7	1.2	0.371
1796	0.7	1.2	0.459
1797	0.7	1.2	0.472
1798	0.8	1.2	0.440
1799	0.8	1.2	0.265
1800	0.8	1.2	0.166
1801	0.6	1.2	0.115
1802	0.6	1.2	0.062
1803	0.6	1.2	0.024
1804	0.6	1.2	0.018
1805	0.6	1.2	0.053
1806	0.6	1.2	0.132
1807	0.5	1.2	0.358
1808	0.7	1.2	0.383
1809	0.6	1.2	0.384
1810	0.6	1.2	0.403
1811	0.6	1.2	0.384
1812	0.5	1.2	0.373
1813	0.5	1.2	0.345
1814	0.4	1.2	0.303
1815	0.4	1.2	0.276
1816	0.4	1.2	0.258
1817	0.4	1.2	0.268
1818	0.5	1.2	0.333
1819	0.5	1.2	0.371
1820	0.5	1.2	0.459
1821	0.5	1.2	0.472
1822	0.5	1.2	0.440
1823	0.5	1.2	0.265
1824	0.5	1.2	0.166
1825	0.3	1.2	0.115
1826	0.3	1.2	0.062
1827	0.3	1.2	0.024
1828	0.3	1.2	0.018
1829	0.3	1.2	0.053
1830	0.3	1.2	0.132
1831	0.3	1.2	0.358
1832	0.4	1.2	0.383
1833	0.4	1.2	0.384
1834	0.4	1.2	0.403
1835	0.4	1.2	0.384
1836	0.3	1.2	0.373
1837	0.3	1.2	0.345
1838	0.2	1.2	0.303
1839	0.2	1.2	0.276
1840	0.2	1.2	0.258
1841	0.2	1.2	0.268
1842	0.3	1.2	0.333
1843	0.3	1.2	0.371
1844	0.3	1.2	0.459
1845	0.4	1.2	0.472
1846	0.4	1.2	0.440
1847	0.4	1.2	0.265
1848	0.4	1.2	0.166
1849	0.3	1.2	0.115
1850	0.3	1.2	0.062
1851	0.3	1.2	0.024
1852	0.3	1.2	0.018
1853	0.3	1.2	0.053
1854	0.3	1.2	0.132
1855	0.4	1.2	0.358
1856	0.5	1.2	0.383
1857	0.5	1.2	0.384
1858	0.4	1.2	0.403
1859	0.4	1.2	0.384
1860	0.4	1.2	0.373
1861	0.3	1.2	0.345
1862	0.3	1.2	0.303
1863	0.3	1.2	0.276
1864	0.4	1.2	0.258
1865	0.4	1.2	0.268
1866	0.4	1.2	0.333
1867	0.5	1.2	0.371
1868	0.6	1.2	0.459
1869	0.6	1.2	0.472
1870	0.6	1.2	0.440
1871	0.7	1.2	0.265
1872	0.7	1.2	0.166
1873	0.6	1.2	0.115
1874	0.6	1.2	0.062
1875	0.6	1.2	0.024
1876	0.6	1.2	0.018
1877	0.6	1.2	0.053
1878	0.6	1.2	0.132
1879	0.6	1.2	0.358
1880	0.7	1.2	0.383
1881	0.7	1.2	0.384
1882	0.6	1.2	0.403
1883	0.6	1.2	0.384
1884	0.6	1.2	0.373
1885	0.5	1.2	0.345
1886	0.5	1.2	0.303
1887	0.5	1.2	0.276
1888	0.5	1.2	0.258
1889	0.5	1.2	0.268
1890	0.5	1.2	0.333
1891	0.6	1.2	0.371
1892	0.6	1.2	0.459
1893	0.6	1.2	0.472
1894	0.6	1.2	0.440
1895	0.6	1.2	0.265
1896	0.7	1.2	0.166
1897	0.5	1.2	0.115
1898	0.5	1.2	0.062
1899	0.5	1.2	0.024
1900	0.5	1.2	0.018
1901	0.5	1.2	0.053
1902	0.5	1.2	0.132
1903	0.5	1.2	0.358
1904	0.7	1.2	0.383
1905	0.7	1.2	0.384
1906	0.6	1.2	0.403
1907	0.5	1.2	0.384
1908	0.4	1.2	0.373
1909	0.4	1.2	0.345
1910	0.4	1.2	0.303
1911	0.4	1.2	0.276
1912	0.4	1.2	0.258
1913	0.4	1.2	0.268
1914	0.4	1.2	0.333
1915	0.5	1.2	0.371
1916	0.5	1.2	0.459
1917	0.5	1.2	0.472
1918	0.5	1.2	0.440
1919	0.6	1.2	0.265
1920	0.6	1.2	0.166
1921	0.4	1.2	0.115
1922	0.5	1.2	0.062
1923	0.5	1.2	0.024
1924	0.6	1.2	0.018
1925	0.6	1.2	0.053
1926	0.6	1.2	0.132
1927	0.6	1.2	0.358
1928	0.8	1.2	0.383
1929	0.8	1.2	0.384
1930	0.8	1.2	0.403
1931	0.7	1.2	0.384
1932	0.7	1.2	0.373
1933	0.7	1.2	0.345
1934	0.7	1.2	0.303
1935	0.7	1.2	0.276
1936	0.7	1.2	0.258
1937	0.7	1.2	0.268
1938	0.8	1.2	0.333
1939	0.8	1.2	0.371
1940	0.8	1.2	0.459
1941	0.9	1.2	0.472
1942	0.9	1.2	0.440
1943	0.9	1.2	0.265
1944	1.0	1.2	0.166
1945	0.8	1.2	0.115
1946	0.8	1.2	0.062
1947	0.8	1.2	0.024
1948	0.8	1.2	0.018
1949	0.8	1.2	0.053
1950	0.8	1.2	0.132
1951	0.8	1.2	0.358
1952	1.0	1.2	0.383
1953	0.9	1.2	0.384
1954	0.8	1.2	0.403
1955	0.7	1.2	0.384
1956	0.7	1.2	0.373
1957	0.6	1.2	0.345
1958	0.6	1.2	0.303
1959	0.6	1.2	0.276
1960	0.6	1.2	0.258
1961	0.6	1.2	0.268
1962	0.7	1.2	0.333
1963	0.7	1.2	0.371
1964	0.8	1.2	0.459
1965	0.8	1.2	0.472
1966	0.8	1.2	0.440
1967	0.8	1.2	0.265
1968	0.9	1.2	0.166
1969	0.7	1.2	0.115
1970	0.7	1.2	0.062
1971	0.8	1.2	0.024
1972	0.8	1.2	0.018
1973	0.8	1.2	0.053
1974	0.8	1.2	0.132
1975	0.8	1.2	0.358
1976	1.0	1.2	0.383
1977	0.9	1.2	0.384
1978	0.9	1.2	0.403
1979	0.8	1.2	0.384
1980	0.7	1.2	0.373
1981	0.7	1.2	0.345
1982	0.7	1.2	0.303
1983	0.7	1.2	0.276
1984	0.7	1.2	0.258
1985	0.7	1.2	0.268
1986	0.8	1.2	0.333
1987	0.9	1.2	0.371
1988	0.9	1.2	0.459
1989	0.9	1.2	0.472
1990	1.0	1.1	0.440
1991	1.0	1.1	0.265
1992	1.0	1.1	0.166
1993	0.9	1.1	0.115
1994	0.9	1.1	0.062
1995	0.9	1.1	0.024
1996	0.9	1.1	0.018
1997	0.9	1.1	0.053
1998	0.9	1.1	0.132
1999	0.9	1.1	0.358
2000	1.0	1.1	0.383
2001	1.0	1.1	0.384
2002	0.9	1.1	0.403
2003	0.8	1.1	0.384
2004	0.8	1.1	0.373
2005	0.7	1.1	0.345
2006	0.6	1.1	0.303
2007	0.6	1.1	0.276
2008	0.6	1.1	0.258
2009	0.6	1.1	0.268
2010	0.6	1.1	0.333
2011	0.6	1.1	0.371
2012	0.6	1.1	0.459
2013	0.7	1.1	0.472
2014	0.7	1.1	0.440
2015	0.7	1.1	0.265
2016	0.7	1.1	0.166
2017	0.5	1.1	0.115
2018	0.5	1.1	0.062
2019	0.5	1.1	0.024
2020	0.5	1.1	0.018
2021	0.5	1.1	0.053
2022	0.5	1.1	0.132
2023	0.5	1.1	0.358
2024	0.7	1.1	0.383
2025	0.6	1.1	0.384
2026	0.6	1.1	0.403
2027	0.6	1.1	0.384
2028	0.5	1.1	0.373
2029	0.5	1.1	0.345
2030	0.5	1.1	0.303
2031	0.5	1.1	0.276
2032	0.5	1.1	0.258
2033	0.5	1.1	0.268
2034	0.5	1.1	0.333
2035	0.5	1.1	0.371
2036	0.5	1.1	0.459
2037	0.5	1.1	0.472
2038	0.6	1.1	0.440
2039	0.6	1.1	0.265
2040	0.6	1.1	0.166
2041	0.4	1.1	0.115
2042	0.4	1.1	0.062
2043	0.4	1.1	0.024
2044	0.4	1.1	0.018
2045	0.5	1.1	0.053
2046	0.5	1.1	0.132
2047	0.5	1.1	0.358
2048	0.7	1.1	0.383
2049	0.6	1.1	0.384
2050	0.6	1.1	0.403
2051	0.5	1.1	0.384
2052	0.5	1.1	0.373
2053	0.4	1.1	0.345
2054	0.4	1.1	0.303
2055	0.4	1.1	0.276
2056	0.4	1.1	0.258
2057	0.4	1.1	0.268
2058	0.4	1.1	0.333
2059	0.4	1.1	0.371
2060	0.5	1.1	0.459
2061	0.5	1.1	0.472
2062	0.5	1.1	0.440
2063	0.6	1.1	0.265
2064	0.6	1.1	0.166
2065	0.4	1.1	0.115
2066	0.4	1.1	0.062
2067	0.4	1.1	0.024
2068	0.4	1.1	0.018
2069	0.4	1.1	0.053
2070	0.4	1.1	0.132
2071	0.4	1.1	0.358
2072	0.6	1.1	0.383
2073	0.5	1.1	0.384
2074	0.5	1.1	0.403
2075	0.4	1.1	0.384
2076	0.3	1.1	0.373
2077	0.3	1.1	0.345
2078	0.3	1.1	0.303
2079	0.3	1.1	0.276
2080	0.3	1.1	0.258
2081	0.4	1.1	0.268
2082	0.4	1.1	0.333
2083	0.5	1.1	0.371
2084	0.5	1.1	0.459
2085	0.6	1.1	0.472
2086	0.6	1.1	0.440
2087	0.7	1.1	0.265
2088	0.7	1.1	0.166
2089	0.5	1.1	0.115
2090	0.5	1.1	0.062
2091	0.5	1.1	0.024
2092	0.5	1.1	0.018
2093	0.5	1.1	0.053
2094	0.5	1.1	0.132
2095	0.5	1.1	0.358
2096	0.7	1.1	0.383
2097	0.6	1.1	0.384
2098	0.5	1.1	0.403
2099	0.5	1.1	0.384
2100	0.4	1.1	0.373
2101	0.3	1.1	0.345
2102	0.3	1.1	0.303
2103	0.3	1.1	0.276
2104	0.3	1.1	0.258
2105	0.3	1.1	0.268
2106	0.4	1.1	0.333
2107	0.4	1.1	0.371
2108	0.4	1.1	0.459
2109	0.5	1.1	0.472
2110	0.5	1.1	0.440
2111	0.5	1.1	0.265
2112	0.5	1.1	0.166
2113	0.4	1.1	0.115
2114	0.5	1.1	0.062
2115	0.4	1.1	0.024
2116	0.5	1.1	0.018
2117	0.5	1.1	0.053
2118	0.4	1.1	0.132
2119	0.4	1.1	0.358
2120	0.6	1.1	0.383
2121	0.5	1.1	0.384
2122	0.6	1.1	0.403
2123	0.5	1.1	0.384
2124	0.4	1.1	0.373
2125	0.4	1.1	0.345
2126	0.3	1.1	0.303
2127	0.3	1.1	0.276
2128	0.3	1.1	0.258
2129	0.3	1.1	0.268
2130	0.3	1.1	0.333
2131	0.4	1.1	0.371
2132	0.4	1.1	0.459
2133	0.4	1.1	0.472
2134	0.4	1.1	0.440
2135	0.5	1.1	0.265
2136	0.5	1.1	0.166
2137	0.4	1.1	0.115
2138	0.3	1.1	0.062
2139	0.4	1.1	0.024
2140	0.4	1.1	0.018
2141	0.4	1.1	0.053
2142	0.4	1.1	0.132
2143	0.4	1.1	0.358
2144	0.6	1.1	0.383
2145	0.5	1.1	0.384
2146	0.5	1.1	0.403
2147	0.4	1.1	0.384
2148	0.3	1.1	0.373
2149	0.2	1.1	0.345
2150	0.2	1.1	0.303
2151	0.2	1.1	0.276
2152	0.2	1.1	0.258
2153	0.2	1.1	0.268
2154	0.2	1.1	0.333
2155	0.3	1.1	0.371
2156	0.3	1.1	0.459
2157	0.4	1.1	0.472
2158	0.4	1.1	0.440
2159	0.4	1.1	0.265
2160	0.4	1.1	0.166
2161	0.1	1.1	0.115
2162	0.1	1.1	0.062
2163	0.1	1.1	0.024
2164	0.1	1.1	0.018
2165	0.1	1.1	0.053
2166	0.1	1.1	0.132
2167	0.1	1.1	0.358
2168	0.1	1.1	0.383
2169	0.1	1.1	0.384
2170	0.1	1.1	0.403
2171	0.1	1.1	0.384
2172	0.1	1.1	0.373
2173	0.1	1.1	0.345
2174	0.1	1.1	0.303
2175	0.1	1.1	0.276
2176	0.1	1.1	0.258
2177	0.1	1.1	0.268
2178	0.1	1.1	0.333
2179	0.1	1.1	0.371
2180	0.1	1.1	0.459
2181	0.1	1.1	0.472
2182	0.1	1.1	0.440
2183	0.1	1.1	0.265
2184	0.1	1.1	0.166
2185	0.1	1.1	0.115
2186	0.1	1.1	0.062
2187	0.1	1.1	0.024
2188	0.1	1.1	0.018
2189	0.1	1.1	0.053
2190	0.1	1.1	0.132
2191	0.1	1.1	0.358
2192	0.1	1.1	0.383
2193	0.1	1.1	0.384
2194	0.1	1.1	0.403
2195	0.1	1.1	0.384
2196	0.1	1.1	0.373
2197	0.1	1.1	0.345
2198	0.1	1.1	0.303
2199	0.1	1.1	0.276
2200	0.1	1.1	0.258
2201	0.1	1.1	0.268
2202	0.1	1.1	0.333
2203	0.1	1.1	0.371
2204	0.1	1.1	0.459
2205	0.1	1.1	0.472
2206	0.1	1.1	0.440
2207	0.1	1.1	0.265
2208	0.1	1.1	0.166
2209	0.1	1.1	0.115
2210	0.1	1.1	0.062
2211	0.1	1.1	0.024
2212	0.1	1.1	0.018
2213	0.1	1.1	0.053
2214	0.0	1.1	0.132
2215	0.0	1.0	0.358
2216	0.1	1.0	0.383
2217	0.1	1.0	0.384
2218	0.1	1.0	0.403
2219	0.0	1.0	0.384
2220	0.0	1.0	0.373
2221	0.0	1.0	0.345
2222	0.0	1.0	0.303
2223	0.0	1.0	0.276
2224	0.0	1.0	0.258
2225	0.0	1.0	0.268
2226	0.0	1.0	0.333
2227	0.0	1.0	0.371
2228	0.0	1.0	0.459
2229	0.0	1.0	0.472
2230	0.0	1.0	0.440
2231	0.0	1.0	0.265
2232	0.0	1.0	0.166
2233	0.0	1.0	0.115
2234	0.0	1.0	0.062
2235	0.0	1.0	0.024
2236	0.0	1.0	0.018
2237	0.0	1.0	0.053
2238	0.0	1.0	0.132
2239	0.0	1.0	0.358
2240	0.0	1.0	0.383
2241	0.0	1.0	0.384
2242	0.0	1.0	0.403
2243	0.0	1.0	0.384
2244	0.0	1.0	0.373
2245	0.0	1.0	0.345
2246	0.0	1.0	0.303
2247	0.0	1.0	0.276
2248	0.0	1.0	0.258
2249	0.0	1.0	0.268
2250	0.0	1.0	0.333
2251	0.0	1.0	0.371
2252	0.0	1.0	0.459
2253	0.0	1.0	0.472
2254	0.0	1.0	0.440
2255	0.0	1.0	0.265
2256	0.0	1.0	0.166
2257	0.0	1.0	0.115
2258	0.0	1.0	0.062
2259	0.0	1.0	0.024
2260	0.0	1.0	0.018
2261	0.0	1.0	0.053
2262	0.0	1.0	0.132
2263	0.0	1.0	0.358
2264	0.1	1.0	0.383
2265	0.0	1.0	0.384
2266	0.0	1.0	0.403
2267	0.0	1.0	0.384
2268	0.0	1.0	0.373
2269	0.0	1.0	0.345
2270	0.0	1.0	0.303
2271	0.0	1.0	0.276
2272	0.0	1.0	0.258
2273	0.0	1.0	0.268
2274	0.0	1.0	0.333
2275	0.0	1.0	0.371
2276	0.0	1.0	0.459
2277	0.0	1.0	0.472
2278	0.0	1.0	0.440
2279	0.0	1.0	0.265
2280	0.1	1.0	0.166
2281	0.0	1.0	0.115
2282	0.0	1.0	0.062
2283	0.0	1.0	0.024
2284	0.0	1.0	0.018
2285	0.0	1.0	0.053
2286	0.0	1.0	0.132
2287	0.0	1.0	0.358
2288	0.1	1.0	0.383
2289	0.1	1.0	0.384
2290	0.0	1.0	0.403
2291	0.0	1.0	0.384
2292	0.0	1.0	0.373
2293	0.0	1.0	0.345
2294	0.0	1.0	0.303
2295	0.0	1.0	0.276
2296	0.0	1.0	0.258
2297	0.0	1.0	0.268
2298	0.0	1.0	0.333
2299	0.0	1.0	0.371
2300	0.0	1.0	0.459
2301	0.0	1.0	0.472
2302	0.1	1.0	0.440
2303	0.1	1.0	0.265
2304	0.1	1.0	0.166
2305	0.0	1.0	0.115
2306	0.0	1.0	0.062
2307	0.0	1.0	0.024
2308	0.1	1.0	0.018
2309	0.1	1.0	0.053
2310	0.1	1.0	0.132
2311	0.1	1.0	0.358
2312	0.1	1.0	0.383
2313	0.1	1.0	0.384
2314	0.1	1.0	0.403
2315	0.1	1.0	0.384
2316	0.1	1.0	0.373
2317	0.1	1.0	0.345
2318	0.1	1.0	0.303
2319	0.1	1.0	0.276
2320	0.1	1.0	0.258
2321	0.1	1.0	0.268
2322	0.1	1.0	0.333
2323	0.1	1.0	0.371
2324	0.1	1.0	0.459
2325	0.1	1.0	0.472
2326	0.1	1.0	0.440
2327	0.1	1.0	0.265
2328	0.1	1.0	0.166
2329	0.1	1.0	0.115
2330	0.1	1.0	0.062
2331	0.1	1.0	0.024
2332	0.1	1.0	0.018
2333	0.1	1.0	0.053
2334	0.1	1.0	0.132
2335	0.1	1.0	0.358
2336	0.1	1.0	0.383
2337	0.1	1.0	0.384
2338	0.1	1.0	0.403
2339	0.1	1.0	0.384
2340	0.1	1.0	0.373
2341	0.1	1.0	0.345
2342	0.1	1.0	0.303
2343	0.0	1.0	0.276
2344	0.0	1.0	0.258
2345	0.0	1.0	0.268
2346	0.0	1.0	0.333
2347	0.1	1.0	0.371
2348	0.1	1.0	0.459
2349	0.1	1.0	0.472
2350	0.1	1.0	0.440
2351	0.1	1.0	0.265
2352	0.1	1.0	0.166
2353	0.0	1.0	0.115
2354	0.0	1.0	0.062
2355	0.0	1.0	0.024
2356	0.0	1.0	0.018
2357	0.0	1.0	0.053
2358	0.0	1.0	0.132
2359	0.0	1.0	0.358
2360	0.1	1.0	0.383
2361	0.1	1.0	0.384
2362	0.0	1.0	0.403
2363	0.0	1.0	0.384
2364	0.0	1.0	0.373
2365	0.0	1.0	0.345
2366	0.0	1.0	0.303
2367	0.0	1.0	0.276
2368	0.0	1.0	0.258
2369	0.0	1.0	0.268
2370	0.0	1.0	0.333
2371	0.0	1.0	0.371
2372	0.0	1.0	0.459
2373	0.1	1.0	0.472
2374	0.1	1.0	0.440
2375	0.1	1.0	0.265
2376	0.1	1.0	0.166
2377	0.0	1.0	0.115
2378	0.1	1.0	0.062
2379	0.1	1.0	0.024
2380	0.1	1.0	0.018
2381	0.1	1.0	0.053
2382	0.0	1.0	0.132
2383	0.0	1.0	0.358
2384	0.1	1.0	0.383
2385	0.1	1.0	0.384
2386	0.0	1.0	0.403
2387	0.0	1.0	0.384
2388	0.0	1.0	0.373
2389	0.0	1.0	0.345
2390	0.0	1.0	0.303
2391	0.0	1.0	0.276
2392	0.0	1.0	0.258
2393	0.0	1.0	0.268
2394	0.0	1.0	0.333
2395	0.0	1.0	0.371
2396	0.0	1.0	0.459
2397	0.0	1.0	0.472
2398	0.1	1.0	0.440
2399	0.1	1.0	0.265
2400	0.1	1.0	0.166
2401	0.0	1.0	0.115
2402	0.0	1.0	0.062
2403	0.0	1.0	0.024
2404	0.0	1.0	0.018
2405	0.0	1.0	0.053
2406	0.0	1.0	0.132
2407	0.0	1.0	0.358
2408	0.1	1.0	0.383
2409	0.1	1.0	0.384
2410	0.1	1.0	0.403
2411	0.1	1.0	0.384
2412	0.0	1.0	0.373
2413	0.0	1.0	0.345
2414	0.0	1.0	0.303
2415	0.0	1.0	0.276
2416	0.0	1.0	0.258
2417	0.0	1.0	0.268
2418	0.0	1.0	0.333
2419	0.0	1.0	0.371
2420	0.1	0.9	0.459
2421	0.1	0.9	0.472
2422	0.1	0.9	0.440
2423	0.1	0.9	0.265
2424	0.1	0.9	0.166
2425	0.1	0.9	0.115
2426	0.1	0.9	0.062
2427	0.1	0.9	0.024
2428	0.1	0.9	0.018
2429	0.1	0.9	0.053
2430	0.1	0.9	0.132
2431	0.1	0.9	0.358
2432	0.1	0.9	0.383
2433	0.1	0.9	0.384
2434	0.0	0.9	0.403
2435	0.0	0.9	0.384
2436	0.0	0.9	0.373
2437	0.0	0.9	0.345
2438	0.0	0.9	0.303
2439	0.0	0.9	0.276
2440	0.0	0.9	0.258
2441	0.0	0.9	0.268
2442	0.0	0.9	0.333
2443	0.0	0.9	0.371
2444	0.0	0.9	0.459
2445	0.0	0.9	0.472
2446	0.0	0.9	0.440
2447	0.0	0.9	0.265
2448	0.0	0.9	0.166
2449	0.0	0.9	0.115
2450	0.0	0.9	0.062
2451	0.0	0.9	0.024
2452	0.0	0.9	0.018
2453	0.0	0.9	0.053
2454	0.0	0.9	0.132
2455	0.0	0.9	0.358
2456	0.1	0.9	0.383
2457	0.0	0.9	0.384
2458	0.0	0.9	0.403
2459	0.0	0.9	0.384
2460	0.0	0.9	0.373
2461	0.0	0.9	0.345
2462	0.0	0.9	0.303
2463	0.0	0.9	0.276
2464	0.0	0.9	0.258
2465	0.0	0.9	0.268
2466	0.0	0.9	0.333
2467	0.0	0.9	0.371
2468	0.0	0.9	0.459
2469	0.0	0.9	0.472
2470	0.1	0.9	0.440
2471	0.1	0.9	0.265
2472	0.1	0.9	0.166
2473	0.0	0.9	0.115
2474	0.0	0.9	0.062
2475	0.1	0.9	0.024
2476	0.0	0.9	0.018
2477	0.1	0.9	0.053
2478	0.1	0.9	0.132
2479	0.1	0.9	0.358
2480	0.1	0.9	0.383
2481	0.1	0.9	0.384
2482	0.1	0.9	0.403
2483	0.1	0.9	0.384
2484	0.0	0.9	0.373
2485	0.0	0.9	0.345
2486	0.0	0.9	0.303
2487	0.0	0.9	0.276
2488	0.0	0.9	0.258
2489	0.0	0.9	0.268
2490	0.0	0.9	0.333
2491	0.1	0.9	0.371
2492	0.1	0.9	0.459
2493	0.1	0.9	0.472
2494	0.1	0.9	0.440
2495	0.1	0.9	0.265
2496	0.1	0.9	0.166
2497	0.1	0.9	0.115
2498	0.1	0.9	0.062
2499	0.1	0.9	0.024
2500	0.1	0.9	0.018
2501	0.1	0.9	0.053
2502	0.1	0.9	0.132
2503	0.1	0.9	0.358
2504	0.1	0.9	0.383
2505	0.1	0.9	0.384
2506	0.1	0.9	0.403
2507	0.1	0.9	0.384
2508	0.1	0.9	0.373
2509	0.1	0.9	0.345
2510	0.1	0.9	0.303
2511	0.1	0.9	0.276
2512	0.1	0.9	0.258
2513	0.1	0.9	0.268
2514	0.1	0.9	0.333
2515	0.1	0.9	0.371
2516	0.1	0.9	0.459
2517	0.1	0.9	0.472
2518	0.1	0.9	0.440
2519	0.1	0.9	0.265
2520	0.1	0.9	0.166
2521	0.1	0.9	0.115
2522	0.1	0.9	0.062
2523	0.1	0.9	0.024
2524	0.1	0.9	0.018
2525	0.1	0.9	0.053
2526	0.1	0.9	0.132
2527	0.1	0.9	0.358
2528	0.2	0.9	0.383
2529	0.2	0.9	0.384
2530	0.1	0.9	0.403
2531	0.1	0.9	0.384
2532	0.1	0.9	0.373
2533	0.1	0.9	0.345
2534	0.1	0.9	0.303
2535	0.1	0.9	0.276
2536	0.1	0.9	0.258
2537	0.1	0.9	0.268
2538	0.1	0.9	0.333
2539	0.1	0.9	0.371
2540	0.1	0.9	0.459
2541	0.1	0.9	0.472
2542	0.2	0.9	0.440
2543	0.2	0.9	0.265
2544	0.2	0.9	0.166
2545	0.1	0.9	0.115
2546	0.1	0.9	0.062
2547	0.1	0.9	0.024
2548	0.1	0.9	0.018
2549	0.1	0.9	0.053
2550	0.2	0.9	0.132
2551	0.1	0.9	0.358
2552	0.2	0.9	0.383
2553	0.2	0.9	0.384
2554	0.1	0.9	0.403
2555	0.1	0.9	0.384
2556	0.1	0.9	0.373
2557	0.1	0.9	0.345
2558	0.1	0.9	0.303
2559	0.1	0.9	0.276
2560	0.1	0.9	0.258
2561	0.1	0.9	0.268
2562	0.1	0.9	0.333
2563	0.1	0.9	0.371
2564	0.1	0.9	0.459
2565	0.1	0.9	0.472
2566	0.1	0.9	0.440
2567	0.2	0.9	0.265
2568	0.2	0.9	0.166
2569	0.1	0.9	0.115
2570	0.1	0.9	0.062
2571	0.1	0.9	0.024
2572	0.1	0.9	0.018
2573	0.1	0.9	0.053
2574	0.1	0.9	0.132
2575	0.1	0.9	0.358
2576	0.2	0.9	0.383
2577	0.2	0.9	0.384
2578	0.1	0.9	0.403
2579	0.1	0.9	0.384
2580	0.1	0.9	0.373
2581	0.1	0.9	0.345
2582	0.1	0.9	0.303
2583	0.1	0.9	0.276
2584	0.1	0.9	0.258
2585	0.1	0.9	0.268
2586	0.1	0.9	0.333
2587	0.1	0.9	0.371
2588	0.1	0.9	0.459
2589	0.1	0.9	0.472
2590	0.1	0.9	0.440
2591	0.1	0.9	0.265
2592	0.1	0.9	0.166
2593	0.1	0.9	0.115
2594	0.1	0.9	0.062
2595	0.1	0.9	0.024
2596	0.1	0.9	0.018
2597	0.1	0.9	0.053
2598	0.1	0.9	0.132
2599	0.1	0.9	0.358
2600	0.1	0.9	0.383
2601	0.1	0.9	0.384
2602	0.1	0.9	0.403
2603	0.1	0.9	0.384
2604	0.1	0.9	0.373
2605	0.0	0.9	0.345
2606	0.0	0.9	0.303
2607	0.0	0.9	0.276
2608	0.0	0.9	0.258
2609	0.0	0.9	0.268
2610	0.1	0.9	0.333
2611	0.1	0.9	0.371
2612	0.1	0.9	0.459
2613	0.1	0.9	0.472
2614	0.1	0.9	0.440
2615	0.1	0.9	0.265
2616	0.1	0.9	0.166
2617	0.1	0.9	0.115
2618	0.1	0.9	0.062
2619	0.1	0.9	0.024
2620	0.1	0.9	0.018
2621	0.1	0.9	0.053
2622	0.1	0.9	0.132
2623	0.1	0.9	0.358
2624	0.1	0.9	0.383
2625	0.1	0.9	0.384
2626	0.1	0.9	0.403
2627	0.1	0.9	0.384
2628	0.1	0.9	0.373
2629	0.1	0.9	0.345
2630	0.1	0.9	0.303
2631	0.1	0.9	0.276
2632	0.1	0.9	0.258
2633	0.1	0.9	0.268
2634	0.1	0.9	0.333
2635	0.1	0.9	0.371
2636	0.1	0.9	0.459
2637	0.1	0.9	0.472
2638	0.1	0.9	0.440
2639	0.1	0.9	0.265
2640	0.1	0.9	0.166
2641	0.1	0.9	0.115
2642	0.1	0.9	0.062
2643	0.1	0.9	0.024
2644	0.1	0.8	0.018
2645	0.1	0.8	0.053
2646	0.1	0.8	0.132
2647	0.1	0.8	0.358
2648	0.1	0.8	0.383
2649	0.1	0.8	0.384
2650	0.1	0.8	0.403
2651	0.1	0.8	0.384
2652	0.1	0.8	0.373
2653	0.1	0.8	0.345
2654	0.1	0.8	0.303
2655	0.1	0.8	0.276
2656	0.1	0.8	0.258
2657	0.1	0.8	0.268
2658	0.1	0.8	0.333
2659	0.1	0.8	0.371
2660	0.1	0.8	0.459
2661	0.1	0.8	0.472
2662	0.1	0.8	0.440
2663	0.1	0.8	0.265
2664	0.1	0.8	0.166
2665	0.1	0.8	0.115
2666	0.1	0.8	0.062
2667	0.1	0.8	0.024
2668	0.1	0.8	0.018
2669	0.1	0.8	0.053
2670	0.1	0.8	0.132
2671	0.1	0.8	0.358
2672	0.2	0.8	0.383
2673	0.1	0.8	0.384
2674	0.1	0.8	0.403
2675	0.1	0.8	0.384
2676	0.1	0.8	0.373
2677	0.1	0.8	0.345
2678	0.1	0.8	0.303
2679	0.1	0.8	0.276
2680	0.1	0.8	0.258
2681	0.1	0.8	0.268
2682	0.1	0.8	0.333
2683	0.1	0.8	0.371
2684	0.2	0.8	0.459
2685	0.2	0.8	0.472
2686	0.2	0.8	0.440
2687	0.2	0.8	0.265
2688	0.2	0.8	0.166
2689	0.1	0.8	0.115
2690	0.1	0.8	0.062
2691	0.2	0.8	0.024
2692	0.1	0.8	0.018
2693	0.1	0.8	0.053
2694	0.1	0.8	0.132
2695	0.1	0.8	0.358
2696	0.2	0.8	0.383
2697	0.2	0.8	0.384
2698	0.1	0.8	0.403
2699	0.1	0.8	0.384
2700	0.1	0.8	0.373
2701	0.1	0.8	0.345
2702	0.1	0.8	0.303
2703	0.1	0.8	0.276
2704	0.1	0.8	0.258
2705	0.1	0.8	0.268
2706	0.1	0.8	0.333
2707	0.1	0.8	0.371
2708	0.1	0.8	0.459
2709	0.1	0.8	0.472
2710	0.1	0.8	0.440
2711	0.1	0.8	0.265
2712	0.1	0.8	0.166
2713	0.1	0.8	0.115
2714	0.1	0.8	0.062
2715	0.1	0.8	0.024
2716	0.1	0.8	0.018
2717	0.1	0.8	0.053
2718	0.1	0.8	0.132
2719	0.1	0.8	0.358
2720	0.1	0.8	0.383
2721	0.1	0.8	0.384
2722	0.1	0.8	0.403
2723	0.1	0.8	0.384
2724	0.1	0.8	0.373
2725	0.1	0.8	0.345
2726	0.1	0.8	0.303
2727	0.1	0.8	0.276
2728	0.1	0.8	0.258
2729	0.1	0.8	0.268
2730	0.1	0.8	0.333
2731	0.1	0.8	0.371
2732	0.1	0.8	0.459
2733	0.1	0.8	0.472
2734	0.2	0.8	0.440
2735	0.2	0.8	0.265
2736	0.2	0.8	0.166
2737	0.1	0.8	0.115
2738	0.1	0.8	0.062
2739	0.1	0.8	0.024
2740	0.1	0.8	0.018
2741	0.1	0.8	0.053
2742	0.1	0.8	0.132
2743	0.1	0.8	0.358
2744	0.2	0.8	0.383
2745	0.1	0.8	0.384
2746	0.1	0.8	0.403
2747	0.1	0.8	0.384
2748	0.1	0.8	0.373
2749	0.1	0.8	0.345
2750	0.1	0.8	0.303
2751	0.1	0.8	0.276
2752	0.1	0.8	0.258
2753	0.1	0.8	0.268
2754	0.1	0.8	0.333
2755	0.1	0.8	0.371
2756	0.1	0.8	0.459
2757	0.1	0.8	0.472
2758	0.1	0.8	0.440
2759	0.1	0.8	0.265
2760	0.1	0.8	0.166
2761	0.1	0.8	0.115
2762	0.1	0.8	0.062
2763	0.1	0.8	0.024
2764	0.1	0.8	0.018
2765	0.1	0.8	0.053
2766	0.1	0.8	0.132
2767	0.1	0.8	0.358
2768	0.1	0.8	0.383
2769	0.1	0.8	0.384
2770	0.1	0.8	0.403
2771	0.1	0.8	0.384
2772	0.1	0.8	0.373
2773	0.1	0.8	0.345
2774	0.1	0.8	0.303
2775	0.1	0.8	0.276
2776	0.1	0.8	0.258
2777	0.1	0.8	0.268
2778	0.1	0.8	0.333
2779	0.1	0.8	0.371
2780	0.1	0.8	0.459
2781	0.1	0.8	0.472
2782	0.1	0.8	0.440
2783	0.1	0.8	0.265
2784	0.1	0.8	0.166
2785	0.0	0.8	0.115
2786	0.0	0.8	0.062
2787	0.1	0.8	0.024
2788	0.1	0.8	0.018
2789	0.1	0.8	0.053
2790	0.1	0.8	0.132
2791	0.1	0.8	0.358
2792	0.1	0.8	0.383
2793	0.1	0.8	0.384
2794	0.1	0.8	0.403
2795	0.1	0.8	0.384
2796	0.1	0.8	0.373
2797	0.1	0.8	0.345
2798	0.1	0.8	0.303
2799	0.1	0.8	0.276
2800	0.1	0.8	0.258
2801	0.1	0.8	0.268
2802	0.1	0.8	0.333
2803	0.1	0.8	0.371
2804	0.1	0.8	0.459
2805	0.1	0.8	0.472
2806	0.1	0.8	0.440
2807	0.1	0.8	0.265
2808	0.1	0.8	0.166
2809	0.1	0.8	0.115
2810	0.1	0.8	0.062
2811	0.1	0.8	0.024
2812	0.1	0.8	0.018
2813	0.1	0.8	0.053
2814	0.1	0.8	0.132
2815	0.1	0.8	0.358
2816	0.1	0.8	0.383
2817	0.1	0.8	0.384
2818	0.1	0.8	0.403
2819	0.1	0.8	0.384
2820	0.1	0.8	0.373
2821	0.1	0.8	0.345
2822	0.1	0.8	0.303
2823	0.1	0.8	0.276
2824	0.1	0.8	0.258
2825	0.1	0.8	0.268
2826	0.1	0.8	0.333
2827	0.1	0.8	0.371
2828	0.1	0.8	0.459
2829	0.1	0.8	0.472
2830	0.1	0.8	0.440
2831	0.1	0.8	0.265
2832	0.1	0.8	0.166
2833	0.1	0.8	0.115
2834	0.1	0.8	0.062
2835	0.1	0.8	0.024
2836	0.1	0.8	0.018
2837	0.1	0.8	0.053
2838	0.1	0.8	0.132
2839	0.1	0.8	0.358
2840	0.1	0.8	0.383
2841	0.1	0.8	0.384
2842	0.1	0.8	0.403
2843	0.1	0.8	0.384
2844	0.1	0.8	0.373
2845	0.1	0.8	0.345
2846	0.1	0.8	0.303
2847	0.1	0.8	0.276
2848	0.1	0.8	0.258
2849	0.1	0.8	0.268
2850	0.1	0.8	0.333
2851	0.1	0.8	0.371
2852	0.1	0.8	0.459
2853	0.1	0.8	0.472
2854	0.1	0.8	0.440
2855	0.1	0.8	0.265
2856	0.1	0.8	0.166
2857	0.1	0.8	0.115
2858	0.1	0.8	0.062
2859	0.1	0.8	0.024
2860	0.1	0.8	0.018
2861	0.1	0.8	0.053
2862	0.1	0.8	0.132
2863	0.1	0.8	0.358
2864	0.1	0.8	0.383
2865	0.1	0.8	0.384
2866	0.1	0.8	0.403
2867	0.1	0.8	0.384
2868	0.1	0.8	0.373
2869	0.1	0.8	0.345
2870	0.1	0.8	0.303
2871	0.1	0.8	0.276
2872	0.1	0.8	0.258
2873	0.1	0.8	0.268
2874	0.1	0.8	0.333
2875	0.1	0.8	0.371
2876	0.1	0.8	0.459
2877	0.1	0.8	0.472
2878	0.1	0.8	0.440
2879	0.1	0.8	0.265
2880	0.1	0.7	0.166
2881	0.0	0.7	0.115
2882	0.0	0.7	0.062
2883	0.0	0.7	0.024
2884	0.0	0.7	0.018
2885	0.0	0.7	0.053
2886	0.0	0.7	0.132
2887	0.0	0.7	0.358
2888	0.0	0.7	0.383
2889	0.0	0.7	0.384
2890	0.0	0.7	0.403
2891	0.0	0.7	0.384
2892	0.0	0.7	0.373
2893	0.0	0.7	0.345
2894	0.0	0.7	0.303
2895	0.0	0.7	0.276
2896	0.0	0.7	0.258
2897	0.0	0.7	0.268
2898	0.0	0.7	0.333
2899	0.0	0.7	0.371
2900	0.0	0.7	0.459
2901	0.0	0.7	0.472
2902	0.0	0.7	0.440
2903	0.0	0.7	0.265
2904	0.0	0.7	0.166
2905	0.0	0.7	0.115
2906	0.0	0.7	0.062
2907	0.0	0.7	0.024
2908	0.0	0.7	0.018
2909	0.0	0.7	0.053
2910	0.0	0.7	0.132
2911	0.0	0.7	0.358
2912	0.0	0.7	0.383
2913	0.0	0.7	0.384
2914	0.0	0.7	0.403
2915	0.0	0.7	0.384
2916	0.0	0.7	0.373
2917	0.0	0.7	0.345
2918	0.0	0.7	0.303
2919	0.0	0.7	0.276
2920	0.0	0.7	0.258
2921	0.0	0.7	0.268
2922	0.0	0.7	0.333
2923	0.0	0.7	0.371
2924	0.0	0.7	0.459
2925	0.0	0.7	0.472
2926	0.0	0.7	0.440
2927	0.0	0.7	0.265
2928	0.0	0.7	0.166
2929	0.0	0.7	0.115
2930	0.0	0.7	0.062
2931	0.0	0.7	0.024
2932	0.0	0.7	0.018
2933	0.0	0.7	0.053
2934	0.0	0.7	0.132
2935	0.0	0.7	0.358
2936	0.0	0.7	0.383
2937	0.0	0.7	0.384
2938	0.0	0.7	0.403
2939	0.0	0.7	0.384
2940	0.0	0.7	0.373
2941	0.0	0.7	0.345
2942	0.0	0.7	0.303
2943	0.0	0.7	0.276
2944	0.0	0.7	0.258
2945	0.0	0.7	0.268
2946	0.0	0.7	0.333
2947	0.0	0.7	0.371
2948	0.0	0.7	0.459
2949	0.0	0.7	0.472
2950	0.0	0.7	0.440
2951	0.0	0.7	0.265
2952	0.0	0.7	0.166
2953	0.0	0.7	0.115
2954	0.0	0.7	0.062
2955	0.0	0.7	0.024
2956	0.0	0.7	0.018
2957	0.0	0.7	0.053
2958	0.0	0.7	0.132
2959	0.0	0.7	0.358
2960	0.0	0.7	0.383
2961	0.0	0.7	0.384
2962	0.0	0.7	0.403
2963	0.0	0.7	0.384
2964	0.0	0.7	0.373
2965	0.0	0.7	0.345
2966	0.0	0.7	0.303
2967	0.0	0.7	0.276
2968	0.0	0.7	0.258
2969	0.0	0.7	0.268
2970	0.0	0.7	0.333
2971	0.0	0.7	0.371
2972	0.0	0.7	0.459
2973	0.0	0.7	0.472
2974	0.0	0.7	0.440
2975	0.0	0.7	0.265
2976	0.0	0.7	0.166
2977	0.0	0.7	0.115
2978	0.0	0.7	0.062
2979	0.0	0.7	0.024
2980	0.0	0.7	0.018
2981	0.0	0.7	0.053
2982	0.0	0.7	0.132
2983	0.0	0.7	0.358
2984	0.0	0.7	0.383
2985	0.0	0.7	0.384
2986	0.0	0.7	0.403
2987	0.0	0.7	0.384
2988	0.0	0.7	0.373
2989	0.0	0.7	0.345
2990	0.0	0.7	0.303
2991	0.0	0.7	0.276
2992	0.0	0.7	0.258
2993	0.0	0.7	0.268
2994	0.0	0.7	0.333
2995	0.0	0.7	0.371
2996	0.0	0.7	0.459
2997	0.0	0.7	0.472
2998	0.0	0.7	0.440
2999	0.0	0.7	0.265
3000	0.0	0.7	0.166
3001	0.0	0.7	0.115
3002	0.0	0.7	0.062
3003	0.0	0.7	0.024
3004	0.0	0.7	0.018
3005	0.0	0.7	0.053
3006	0.0	0.7	0.132
3007	0.0	0.7	0.358
3008	0.0	0.7	0.383
3009	0.0	0.7	0.384
3010	0.0	0.7	0.403
3011	0.0	0.7	0.384
3012	0.0	0.7	0.373
3013	0.0	0.7	0.345
3014	0.0	0.7	0.303
3015	0.0	0.7	0.276
3016	0.0	0.7	0.258
3017	0.0	0.7	0.268
3018	0.0	0.7	0.333
3019	0.0	0.7	0.371
3020	0.0	0.7	0.459
3021	0.0	0.7	0.472
3022	0.0	0.7	0.440
3023	0.0	0.7	0.265
3024	0.0	0.7	0.166
3025	0.0	0.7	0.115
3026	0.0	0.7	0.062
3027	0.0	0.7	0.024
3028	0.0	0.7	0.018
3029	0.0	0.7	0.053
3030	0.0	0.7	0.132
3031	0.0	0.7	0.358
3032	0.0	0.7	0.383
3033	0.0	0.7	0.384
3034	0.0	0.7	0.403
3035	0.0	0.7	0.384
3036	0.0	0.7	0.373
3037	0.0	0.7	0.345
3038	0.0	0.7	0.303
3039	0.0	0.7	0.276
3040	0.0	0.7	0.258
3041	0.0	0.7	0.268
3042	0.0	0.7	0.333
3043	0.0	0.7	0.371
3044	0.0	0.7	0.459
3045	0.0	0.7	0.472
3046	0.0	0.7	0.440
3047	0.0	0.7	0.265
3048	0.0	0.7	0.166
3049	0.0	0.7	0.115
3050	0.0	0.7	0.062
3051	0.0	0.7	0.024
3052	0.0	0.7	0.018
3053	0.0	0.7	0.053
3054	0.0	0.7	0.132
3055	0.0	0.7	0.358
3056	0.0	0.7	0.383
3057	0.0	0.7	0.384
3058	0.0	0.7	0.403
3059	0.0	0.7	0.384
3060	0.0	0.7	0.373
3061	0.0	0.7	0.345
3062	0.0	0.7	0.303
3063	0.0	0.7	0.276
3064	0.0	0.6	0.258
3065	0.0	0.6	0.268
3066	0.0	0.6	0.333
3067	0.0	0.6	0.371
3068	0.0	0.6	0.459
3069	0.0	0.6	0.472
3070	0.0	0.6	0.440
3071	0.0	0.6	0.265
3072	0.0	0.6	0.166
3073	0.0	0.6	0.115
3074	0.0	0.6	0.062
3075	0.0	0.6	0.024
3076	0.0	0.6	0.018
3077	0.0	0.6	0.053
3078	0.0	0.6	0.132
3079	0.0	0.6	0.358
3080	0.0	0.6	0.383
3081	0.0	0.6	0.384
3082	0.0	0.6	0.403
3083	0.0	0.6	0.384
3084	0.0	0.6	0.373
3085	0.0	0.6	0.345
3086	0.0	0.6	0.303
3087	0.0	0.6	0.276
3088	0.0	0.6	0.258
3089	0.0	0.6	0.268
3090	0.0	0.6	0.333
3091	0.0	0.6	0.371
3092	0.0	0.6	0.459
3093	0.0	0.6	0.472
3094	0.0	0.6	0.440
3095	0.0	0.6	0.265
3096	0.0	0.6	0.166
3097	0.0	0.6	0.115
3098	0.0	0.6	0.062
3099	0.0	0.6	0.024
3100	0.0	0.6	0.018
3101	0.0	0.6	0.053
3102	0.0	0.6	0.132
3103	0.0	0.6	0.358
3104	0.0	0.6	0.383
3105	0.0	0.6	0.384
3106	0.0	0.6	0.403
3107	0.0	0.6	0.384
3108	0.0	0.6	0.373
3109	0.0	0.6	0.345
3110	0.0	0.6	0.303
3111	0.0	0.6	0.276
3112	0.0	0.6	0.258
3113	0.0	0.6	0.268
3114	0.0	0.6	0.333
3115	0.0	0.6	0.371
3116	0.0	0.6	0.459
3117	0.0	0.6	0.472
3118	0.0	0.6	0.440
3119	0.0	0.6	0.265
3120	0.0	0.6	0.166
3121	0.0	0.6	0.115
3122	0.0	0.6	0.062
3123	0.0	0.6	0.024
3124	0.0	0.6	0.018
3125	0.0	0.6	0.053
3126	0.0	0.6	0.132
3127	0.0	0.6	0.358
3128	0.0	0.6	0.383
3129	0.0	0.6	0.384
3130	0.0	0.6	0.403
3131	0.0	0.6	0.384
3132	0.0	0.6	0.373
3133	0.0	0.6	0.345
3134	0.0	0.6	0.303
3135	0.0	0.6	0.276
3136	0.0	0.6	0.258
3137	0.0	0.6	0.268
3138	0.0	0.6	0.333
3139	0.0	0.6	0.371
3140	0.0	0.6	0.459
3141	0.0	0.6	0.472
3142	0.0	0.6	0.440
3143	0.0	0.6	0.265
3144	0.0	0.6	0.166
3145	0.0	0.6	0.115
3146	0.0	0.6	0.062
3147	0.0	0.6	0.024
3148	0.0	0.6	0.018
3149	0.0	0.6	0.053
3150	0.0	0.6	0.132
3151	0.0	0.6	0.358
3152	0.0	0.6	0.383
3153	0.0	0.6	0.384
3154	0.0	0.6	0.403
3155	0.0	0.6	0.384
3156	0.0	0.6	0.373
3157	0.0	0.6	0.345
3158	0.0	0.6	0.303
3159	0.0	0.6	0.276
3160	0.0	0.6	0.258
3161	0.0	0.6	0.268
3162	0.0	0.6	0.333
3163	0.0	0.6	0.371
3164	0.0	0.6	0.459
3165	0.0	0.6	0.472
3166	0.0	0.6	0.440
3167	0.0	0.6	0.265
3168	0.0	0.6	0.166
3169	0.0	0.6	0.115
3170	0.0	0.6	0.062
3171	0.0	0.6	0.024
3172	0.0	0.6	0.018
3173	0.0	0.6	0.053
3174	0.0	0.6	0.132
3175	0.0	0.6	0.358
3176	0.0	0.6	0.383
3177	0.0	0.6	0.384
3178	0.0	0.6	0.403
3179	0.0	0.6	0.384
3180	0.0	0.6	0.373
3181	0.0	0.6	0.345
3182	0.0	0.6	0.303
3183	0.0	0.6	0.276
3184	0.0	0.6	0.258
3185	0.0	0.6	0.268
3186	0.0	0.6	0.333
3187	0.0	0.6	0.371
3188	0.0	0.6	0.459
3189	0.0	0.6	0.472
3190	0.0	0.6	0.440
3191	0.0	0.6	0.265
3192	0.0	0.6	0.166
3193	0.0	0.6	0.115
3194	0.0	0.6	0.062
3195	0.0	0.6	0.024
3196	0.0	0.6	0.018
3197	0.0	0.6	0.053
3198	0.0	0.6	0.132
3199	0.0	0.6	0.358
3200	0.0	0.6	0.383
3201	0.0	0.6	0.384
3202	0.0	0.6	0.403
3203	0.0	0.6	0.384
3204	0.0	0.6	0.373
3205	0.0	0.6	0.345
3206	0.0	0.6	0.303
3207	0.0	0.6	0.276
3208	0.0	0.6	0.258
3209	0.0	0.6	0.268
3210	0.0	0.6	0.333
3211	0.0	0.6	0.371
3212	0.0	0.6	0.459
3213	0.0	0.6	0.472
3214	0.0	0.6	0.440
3215	0.0	0.6	0.265
3216	0.0	0.6	0.166
3217	0.0	0.6	0.115
3218	0.0	0.6	0.062
3219	0.0	0.6	0.024
3220	0.0	0.6	0.018
3221	0.0	0.6	0.053
3222	0.0	0.6	0.132
3223	0.0	0.6	0.358
3224	0.0	0.6	0.383
3225	0.0	0.6	0.384
3226	0.0	0.6	0.403
3227	0.0	0.6	0.384
3228	0.0	0.6	0.373
3229	0.0	0.6	0.345
3230	0.0	0.6	0.303
3231	0.0	0.6	0.276
3232	0.0	0.6	0.258
3233	0.0	0.6	0.268
3234	0.0	0.6	0.333
3235	0.0	0.6	0.371
3236	0.0	0.6	0.459
3237	0.0	0.6	0.472
3238	0.0	0.6	0.440
3239	0.0	0.6	0.265
3240	0.0	0.6	0.166
3241	0.0	0.6	0.115
3242	0.0	0.6	0.062
3243	0.0	0.6	0.024
3244	0.0	0.5	0.018
3245	0.0	0.5	0.053
3246	0.0	0.5	0.132
3247	0.0	0.5	0.358
3248	0.0	0.5	0.383
3249	0.0	0.5	0.384
3250	0.0	0.5	0.403
3251	0.0	0.5	0.384
3252	0.0	0.5	0.373
3253	0.0	0.5	0.345
3254	0.0	0.5	0.303
3255	0.0	0.5	0.276
3256	0.0	0.5	0.258
3257	0.0	0.5	0.268
3258	0.0	0.5	0.333
3259	0.0	0.5	0.371
3260	0.0	0.5	0.459
3261	0.0	0.5	0.472
3262	0.0	0.5	0.440
3263	0.0	0.5	0.265
3264	0.0	0.5	0.166
3265	0.0	0.5	0.115
3266	0.0	0.5	0.062
3267	0.0	0.5	0.024
3268	0.0	0.5	0.018
3269	0.0	0.5	0.053
3270	0.0	0.5	0.132
3271	0.0	0.5	0.358
3272	0.0	0.5	0.383
3273	0.0	0.5	0.384
3274	0.0	0.5	0.403
3275	0.0	0.5	0.384
3276	0.0	0.5	0.373
3277	0.0	0.5	0.345
3278	0.0	0.5	0.303
3279	0.0	0.5	0.276
3280	0.0	0.5	0.258
3281	0.0	0.5	0.268
3282	0.0	0.5	0.333
3283	0.0	0.5	0.371
3284	0.0	0.5	0.459
3285	0.0	0.5	0.472
3286	0.0	0.5	0.440
3287	0.0	0.5	0.265
3288	0.0	0.5	0.166
3289	0.0	0.5	0.115
3290	0.0	0.5	0.062
3291	0.0	0.5	0.024
3292	0.0	0.5	0.018
3293	0.0	0.5	0.053
3294	0.0	0.5	0.132
3295	0.0	0.5	0.358
3296	0.0	0.5	0.383
3297	0.0	0.5	0.384
3298	0.0	0.5	0.403
3299	0.0	0.5	0.384
3300	0.0	0.5	0.373
3301	0.0	0.5	0.345
3302	0.0	0.5	0.303
3303	0.0	0.5	0.276
3304	0.0	0.5	0.258
3305	0.0	0.5	0.268
3306	0.0	0.5	0.333
3307	0.0	0.5	0.371
3308	0.0	0.5	0.459
3309	0.0	0.5	0.472
3310	0.0	0.5	0.440
3311	0.0	0.5	0.265
3312	0.0	0.5	0.166
3313	0.0	0.5	0.115
3314	0.0	0.5	0.062
3315	0.0	0.5	0.024
3316	0.0	0.5	0.018
3317	0.0	0.5	0.053
3318	0.0	0.5	0.132
3319	0.0	0.5	0.358
3320	0.0	0.5	0.383
3321	0.0	0.5	0.384
3322	0.0	0.5	0.403
3323	0.0	0.5	0.384
3324	0.0	0.5	0.373
3325	0.0	0.5	0.345
3326	0.0	0.5	0.303
3327	0.0	0.5	0.276
3328	0.0	0.5	0.258
3329	0.0	0.5	0.268
3330	0.0	0.5	0.333
3331	0.0	0.5	0.371
3332	0.0	0.5	0.459
3333	0.0	0.5	0.472
3334	0.0	0.5	0.440
3335	0.0	0.5	0.265
3336	0.0	0.5	0.166
3337	0.0	0.5	0.115
3338	0.0	0.5	0.062
3339	0.0	0.5	0.024
3340	0.0	0.5	0.018
3341	0.0	0.5	0.053
3342	0.0	0.5	0.132
3343	0.0	0.5	0.358
3344	0.0	0.5	0.383
3345	0.0	0.5	0.384
3346	0.0	0.5	0.403
3347	0.0	0.5	0.384
3348	0.0	0.5	0.373
3349	0.0	0.5	0.345
3350	0.0	0.5	0.303
3351	0.0	0.5	0.276
3352	0.0	0.5	0.258
3353	0.0	0.5	0.268
3354	0.0	0.5	0.333
3355	0.0	0.5	0.371
3356	0.0	0.5	0.459
3357	0.0	0.5	0.472
3358	0.0	0.5	0.440
3359	0.0	0.5	0.265
3360	0.0	0.5	0.166
3361	0.0	0.5	0.115
3362	0.0	0.5	0.062
3363	0.0	0.5	0.024
3364	0.0	0.5	0.018
3365	0.0	0.5	0.053
3366	0.0	0.5	0.132
3367	0.0	0.5	0.358
3368	0.0	0.5	0.383
3369	0.0	0.5	0.384
3370	0.0	0.5	0.403
3371	0.0	0.5	0.384
3372	0.0	0.5	0.373
3373	0.0	0.5	0.345
3374	0.0	0.5	0.303
3375	0.0	0.5	0.276
3376	0.0	0.5	0.258
3377	0.0	0.5	0.268
3378	0.0	0.5	0.333
3379	0.0	0.5	0.371
3380	0.0	0.5	0.459
3381	0.0	0.5	0.472
3382	0.0	0.5	0.440
3383	0.0	0.5	0.265
3384	0.0	0.5	0.166
3385	0.0	0.5	0.115
3386	0.0	0.5	0.062
3387	0.0	0.5	0.024
3388	0.0	0.5	0.018
3389	0.0	0.5	0.053
3390	0.0	0.5	0.132
3391	0.0	0.5	0.358
3392	0.0	0.5	0.383
3393	0.0	0.5	0.384
3394	0.0	0.5	0.403
3395	0.0	0.5	0.384
3396	0.0	0.5	0.373
3397	0.0	0.4	0.345
3398	0.0	0.4	0.303
3399	0.0	0.4	0.276
3400	0.0	0.4	0.258
3401	0.0	0.4	0.268
3402	0.0	0.4	0.333
3403	0.0	0.4	0.371
3404	0.0	0.4	0.459
3405	0.0	0.4	0.472
3406	0.0	0.4	0.440
3407	0.0	0.4	0.265
3408	0.0	0.4	0.166
3409	0.0	0.4	0.115
3410	0.0	0.4	0.062
3411	0.0	0.4	0.024
3412	0.0	0.4	0.018
3413	0.0	0.4	0.053
3414	0.0	0.4	0.132
3415	0.0	0.4	0.358
3416	0.0	0.4	0.383
3417	0.0	0.4	0.384
3418	0.0	0.4	0.403
3419	0.0	0.4	0.384
3420	0.0	0.4	0.373
3421	0.0	0.4	0.345
3422	0.0	0.4	0.303
3423	0.0	0.4	0.276
3424	0.0	0.4	0.258
3425	0.0	0.4	0.268
3426	0.0	0.4	0.333
3427	0.0	0.4	0.371
3428	0.0	0.4	0.459
3429	0.0	0.4	0.472
3430	0.0	0.4	0.440
3431	0.0	0.4	0.265
3432	0.0	0.4	0.166
3433	0.0	0.4	0.115
3434	0.0	0.4	0.062
3435	0.0	0.4	0.024
3436	0.0	0.4	0.018
3437	0.0	0.4	0.053
3438	0.0	0.4	0.132
3439	0.0	0.4	0.358
3440	0.0	0.4	0.383
3441	0.0	0.4	0.384
3442	0.0	0.4	0.403
3443	0.0	0.4	0.384
3444	0.0	0.4	0.373
3445	0.0	0.4	0.345
3446	0.0	0.4	0.303
3447	0.0	0.4	0.276
3448	0.0	0.4	0.258
3449	0.0	0.4	0.268
3450	0.0	0.4	0.333
3451	0.0	0.4	0.371
3452	0.0	0.4	0.459
3453	0.0	0.4	0.472
3454	0.0	0.4	0.440
3455	0.0	0.4	0.265
3456	0.0	0.4	0.166
3457	0.0	0.4	0.115
3458	0.0	0.4	0.062
3459	0.0	0.4	0.024
3460	0.0	0.4	0.018
3461	0.0	0.4	0.053
3462	0.0	0.4	0.132
3463	0.0	0.4	0.358
3464	0.0	0.4	0.383
3465	0.0	0.4	0.384
3466	0.0	0.4	0.403
3467	0.0	0.4	0.384
3468	0.0	0.4	0.373
3469	0.0	0.4	0.345
3470	0.0	0.4	0.303
3471	0.0	0.4	0.276
3472	0.0	0.4	0.258
3473	0.0	0.4	0.268
3474	0.0	0.4	0.333
3475	0.0	0.4	0.371
3476	0.0	0.4	0.459
3477	0.0	0.4	0.472
3478	0.0	0.4	0.440
3479	0.0	0.4	0.265
3480	0.0	0.4	0.166
3481	0.0	0.4	0.115
3482	0.0	0.4	0.062
3483	0.0	0.4	0.024
3484	0.0	0.4	0.018
3485	0.0	0.4	0.053
3486	0.0	0.4	0.132
3487	0.0	0.4	0.358
3488	0.0	0.4	0.383
3489	0.0	0.4	0.384
3490	0.0	0.4	0.403
3491	0.0	0.4	0.384
3492	0.0	0.4	0.373
3493	0.0	0.4	0.345
3494	0.0	0.4	0.303
3495	0.0	0.4	0.276
3496	0.0	0.4	0.258
3497	0.0	0.4	0.268
3498	0.0	0.4	0.333
3499	0.0	0.4	0.371
3500	0.0	0.4	0.459
3501	0.0	0.4	0.472
3502	0.0	0.4	0.440
3503	0.0	0.4	0.265
3504	0.0	0.4	0.166
3505	0.0	0.4	0.115
3506	0.0	0.4	0.062
3507	0.0	0.4	0.024
3508	0.0	0.4	0.018
3509	0.0	0.4	0.053
3510	0.0	0.4	0.132
3511	0.0	0.4	0.358
3512	0.0	0.4	0.383
3513	0.0	0.4	0.384
3514	0.0	0.4	0.403
3515	0.0	0.4	0.384
3516	0.0	0.4	0.373
3517	0.0	0.4	0.345
3518	0.0	0.4	0.303
3519	0.0	0.4	0.276
3520	0.0	0.4	0.258
3521	0.0	0.4	0.268
3522	0.0	0.4	0.333
3523	0.0	0.4	0.371
3524	0.0	0.4	0.459
3525	0.0	0.4	0.472
3526	0.0	0.4	0.440
3527	0.0	0.4	0.265
3528	0.0	0.4	0.166
3529	0.0	0.4	0.115
3530	0.0	0.4	0.062
3531	0.0	0.4	0.024
3532	0.0	0.4	0.018
3533	0.0	0.4	0.053
3534	0.0	0.4	0.132
3535	0.0	0.4	0.358
3536	0.0	0.4	0.383
3537	0.0	0.4	0.384
3538	0.0	0.4	0.403
3539	0.0	0.4	0.384
3540	0.0	0.4	0.373
3541	0.0	0.4	0.345
3542	0.0	0.4	0.303
3543	0.0	0.4	0.276
3544	0.0	0.4	0.258
3545	0.0	0.4	0.268
3546	0.0	0.4	0.333
3547	0.0	0.4	0.371
3548	0.0	0.4	0.459
3549	0.0	0.4	0.472
3550	0.0	0.4	0.440
3551	0.0	0.4	0.265
3552	0.0	0.4	0.166
3553	0.0	0.4	0.115
3554	0.0	0.4	0.062
3555	0.0	0.4	0.024
3556	0.0	0.4	0.018
3557	0.0	0.4	0.053
3558	0.0	0.4	0.132
3559	0.0	0.4	0.358
3560	0.0	0.4	0.383
3561	0.0	0.4	0.384
3562	0.0	0.4	0.403
3563	0.0	0.4	0.384
3564	0.0	0.4	0.373
3565	0.0	0.4	0.345
3566	0.0	0.4	0.303
3567	0.0	0.4	0.276
3568	0.0	0.4	0.258
3569	0.0	0.4	0.268
3570	0.0	0.4	0.333
3571	0.0	0.4	0.371
3572	0.0	0.4	0.459
3573	0.0	0.4	0.472
3574	0.0	0.4	0.440
3575	0.0	0.4	0.265
3576	0.0	0.4	0.166
3577	0.0	0.4	0.115
3578	0.0	0.4	0.062
3579	0.0	0.4	0.024
3580	0.0	0.4	0.018
3581	0.0	0.4	0.053
3582	0.0	0.4	0.132
3583	0.0	0.4	0.358
3584	0.0	0.4	0.383
3585	0.0	0.4	0.384
3586	0.0	0.4	0.403
3587	0.0	0.4	0.384
3588	0.0	0.4	0.373
3589	0.0	0.4	0.345
3590	0.0	0.4	0.303
3591	0.0	0.4	0.276
3592	0.0	0.4	0.258
3593	0.0	0.4	0.268
3594	0.0	0.4	0.333
3595	0.0	0.4	0.371
3596	0.0	0.4	0.459
3597	0.0	0.4	0.472
3598	0.0	0.4	0.440
3599	0.0	0.4	0.265
3600	0.0	0.4	0.166
3601	0.0	0.4	0.115
3602	0.0	0.4	0.062
3603	0.0	0.4	0.024
3604	0.0	0.4	0.018
3605	0.0	0.4	0.053
3606	0.0	0.4	0.132
3607	0.0	0.4	0.358
3608	0.0	0.4	0.383
3609	0.0	0.4	0.384
3610	0.0	0.4	0.403
3611	0.0	0.4	0.384
3612	0.0	0.4	0.373
3613	0.0	0.4	0.345
3614	0.0	0.4	0.303
3615	0.0	0.4	0.276
3616	0.0	0.4	0.258
3617	0.0	0.3	0.268
3618	0.0	0.3	0.333
3619	0.0	0.3	0.371
3620	0.0	0.3	0.459
3621	0.0	0.3	0.472
3622	0.0	0.3	0.440
3623	0.0	0.3	0.265
3624	0.0	0.3	0.166
3625	0.0	0.3	0.115
3626	0.0	0.3	0.062
3627	0.0	0.3	0.024
3628	0.0	0.3	0.018
3629	0.0	0.3	0.053
3630	0.0	0.3	0.132
3631	0.0	0.3	0.358
3632	0.0	0.3	0.383
3633	0.0	0.3	0.384
3634	0.0	0.3	0.403
3635	0.0	0.3	0.384
3636	0.0	0.3	0.373
3637	0.0	0.3	0.345
3638	0.0	0.3	0.303
3639	0.0	0.3	0.276
3640	0.0	0.3	0.258
3641	0.0	0.3	0.268
3642	0.0	0.3	0.333
3643	0.0	0.3	0.371
3644	0.0	0.3	0.459
3645	0.0	0.3	0.472
3646	0.0	0.3	0.440
3647	0.0	0.3	0.265
3648	0.0	0.3	0.166
3649	0.0	0.3	0.115
3650	0.0	0.3	0.062
3651	0.0	0.3	0.024
3652	0.0	0.3	0.018
3653	0.0	0.3	0.053
3654	0.0	0.3	0.132
3655	0.0	0.3	0.358
3656	0.0	0.3	0.383
3657	0.0	0.3	0.384
3658	0.0	0.3	0.403
3659	0.0	0.3	0.384
3660	0.0	0.3	0.373
3661	0.0	0.3	0.345
3662	0.0	0.3	0.303
3663	0.0	0.3	0.276
3664	0.0	0.3	0.258
3665	0.0	0.3	0.268
3666	0.0	0.3	0.333
3667	0.0	0.3	0.371
3668	0.0	0.3	0.459
3669	0.0	0.3	0.472
3670	0.0	0.3	0.440
3671	0.0	0.3	0.265
3672	0.0	0.3	0.166
3673	0.0	0.3	0.115
3674	0.0	0.3	0.062
3675	0.0	0.3	0.024
3676	0.0	0.3	0.018
3677	0.0	0.3	0.053
3678	0.0	0.3	0.132
3679	0.0	0.3	0.358
3680	0.0	0.3	0.383
3681	0.0	0.3	0.384
3682	0.0	0.3	0.403
3683	0.0	0.3	0.384
3684	0.0	0.3	0.373
3685	0.0	0.3	0.345
3686	0.0	0.3	0.303
3687	0.0	0.3	0.276
3688	0.0	0.3	0.258
3689	0.0	0.3	0.268
3690	0.0	0.3	0.333
3691	0.0	0.3	0.371
3692	0.0	0.3	0.459
3693	0.0	0.3	0.472
3694	0.0	0.3	0.440
3695	0.0	0.3	0.265
3696	0.0	0.3	0.166
3697	0.0	0.3	0.115
3698	0.0	0.3	0.062
3699	0.0	0.3	0.024
3700	0.0	0.3	0.018
3701	0.0	0.3	0.053
3702	0.0	0.3	0.132
3703	0.0	0.3	0.358
3704	0.0	0.3	0.383
3705	0.0	0.3	0.384
3706	0.0	0.3	0.403
3707	0.0	0.3	0.384
3708	0.0	0.3	0.373
3709	0.0	0.3	0.345
3710	0.0	0.3	0.303
3711	0.0	0.3	0.276
3712	0.0	0.3	0.258
3713	0.0	0.3	0.268
3714	0.0	0.3	0.333
3715	0.0	0.3	0.371
3716	0.0	0.3	0.459
3717	0.0	0.3	0.472
3718	0.0	0.3	0.440
3719	0.0	0.3	0.265
3720	0.0	0.3	0.166
3721	0.0	0.3	0.115
3722	0.0	0.3	0.062
3723	0.0	0.3	0.024
3724	0.0	0.3	0.018
3725	0.0	0.3	0.053
3726	0.0	0.3	0.132
3727	0.0	0.3	0.358
3728	0.0	0.3	0.383
3729	0.0	0.3	0.384
3730	0.0	0.3	0.403
3731	0.0	0.3	0.384
3732	0.0	0.3	0.373
3733	0.0	0.3	0.345
3734	0.0	0.3	0.303
3735	0.0	0.3	0.276
3736	0.0	0.3	0.258
3737	0.0	0.3	0.268
3738	0.0	0.3	0.333
3739	0.0	0.3	0.371
3740	0.0	0.3	0.459
3741	0.0	0.3	0.472
3742	0.0	0.3	0.440
3743	0.0	0.3	0.265
3744	0.0	0.3	0.166
3745	0.0	0.3	0.115
3746	0.0	0.3	0.062
3747	0.0	0.3	0.024
3748	0.0	0.3	0.018
3749	0.0	0.3	0.053
3750	0.0	0.3	0.132
3751	0.0	0.3	0.358
3752	0.0	0.3	0.383
3753	0.0	0.3	0.384
3754	0.0	0.3	0.403
3755	0.0	0.3	0.384
3756	0.0	0.3	0.373
3757	0.0	0.3	0.345
3758	0.0	0.3	0.303
3759	0.0	0.3	0.276
3760	0.0	0.3	0.258
3761	0.0	0.3	0.268
3762	0.0	0.3	0.333
3763	0.0	0.3	0.371
3764	0.0	0.3	0.459
3765	0.0	0.3	0.472
3766	0.0	0.3	0.440
3767	0.0	0.3	0.265
3768	0.0	0.3	0.166
3769	0.0	0.3	0.115
3770	0.0	0.3	0.062
3771	0.0	0.3	0.024
3772	0.0	0.3	0.018
3773	0.0	0.3	0.053
3774	0.0	0.3	0.132
3775	0.0	0.3	0.358
3776	0.0	0.3	0.383
3777	0.0	0.3	0.384
3778	0.0	0.3	0.403
3779	0.0	0.3	0.384
3780	0.0	0.3	0.373
3781	0.0	0.3	0.345
3782	0.0	0.3	0.303
3783	0.0	0.3	0.276
3784	0.0	0.3	0.258
3785	0.0	0.3	0.268
3786	0.0	0.3	0.333
3787	0.0	0.3	0.371
3788	0.0	0.3	0.459
3789	0.0	0.3	0.472
3790	0.0	0.3	0.440
3791	0.0	0.3	0.265
3792	0.0	0.3	0.166
3793	0.0	0.3	0.115
3794	0.0	0.3	0.062
3795	0.0	0.3	0.024
3796	0.0	0.3	0.018
3797	0.0	0.3	0.053
3798	0.0	0.3	0.132
3799	0.0	0.3	0.358
3800	0.0	0.3	0.383
3801	0.0	0.3	0.384
3802	0.0	0.3	0.403
3803	0.0	0.3	0.384
3804	0.0	0.3	0.373
3805	0.0	0.3	0.345
3806	0.0	0.3	0.303
3807	0.0	0.3	0.276
3808	0.0	0.3	0.258
3809	0.0	0.3	0.268
3810	0.0	0.3	0.333
3811	0.0	0.3	0.371
3812	0.0	0.3	0.459
3813	0.0	0.3	0.472
3814	0.0	0.3	0.440
3815	0.0	0.3	0.265
3816	0.0	0.3	0.166
3817	0.0	0.3	0.115
3818	0.0	0.3	0.062
3819	0.0	0.3	0.024
3820	0.0	0.3	0.018
3821	0.0	0.3	0.053
3822	0.0	0.3	0.132
3823	0.0	0.3	0.358
3824	0.0	0.3	0.383
3825	0.0	0.3	0.384
3826	0.0	0.3	0.403
3827	0.0	0.3	0.384
3828	0.0	0.3	0.373
3829	0.0	0.3	0.345
3830	0.0	0.3	0.303
3831	0.0	0.3	0.276
3832	0.0	0.3	0.258
3833	0.0	0.3	0.268
3834	0.0	0.3	0.333
3835	0.0	0.3	0.371
3836	0.0	0.3	0.459
3837	0.0	0.3	0.472
3838	0.0	0.3	0.440
3839	0.0	0.3	0.265
3840	0.0	0.3	0.166
3841	0.0	0.3	0.115
3842	0.0	0.3	0.062
3843	0.0	0.3	0.024
3844	0.0	0.3	0.018
3845	0.0	0.3	0.053
3846	0.0	0.3	0.132
3847	0.0	0.3	0.358
3848	0.0	0.3	0.383
3849	0.0	0.3	0.384
3850	0.0	0.3	0.403
3851	0.0	0.3	0.384
3852	0.0	0.3	0.373
3853	0.0	0.3	0.345
3854	0.0	0.3	0.303
3855	0.0	0.3	0.276
3856	0.0	0.3	0.258
3857	0.0	0.3	0.268
3858	0.0	0.3	0.333
3859	0.0	0.3	0.371
3860	0.0	0.3	0.459
3861	0.0	0.3	0.472
3862	0.0	0.3	0.440
3863	0.0	0.3	0.265
3864	0.0	0.3	0.166
3865	0.0	0.3	0.115
3866	0.0	0.3	0.062
3867	0.0	0.3	0.024
3868	0.0	0.3	0.018
3869	0.0	0.3	0.053
3870	0.0	0.3	0.132
3871	0.0	0.3	0.358
3872	0.0	0.3	0.383
3873	0.0	0.3	0.384
3874	0.0	0.3	0.403
3875	0.0	0.3	0.384
3876	0.0	0.3	0.373
3877	0.0	0.3	0.345
3878	0.0	0.3	0.303
3879	0.0	0.3	0.276
3880	0.0	0.3	0.258
3881	0.0	0.3	0.268
3882	0.0	0.3	0.333
3883	0.0	0.3	0.371
3884	0.0	0.3	0.459
3885	0.0	0.3	0.472
3886	0.0	0.3	0.440
3887	0.0	0.3	0.265
3888	0.0	0.3	0.166
3889	0.0	0.3	0.115
3890	0.0	0.3	0.062
3891	0.0	0.3	0.024
3892	0.0	0.3	0.018
3893	0.0	0.3	0.053
3894	0.0	0.3	0.132
3895	0.0	0.3	0.358
3896	0.0	0.3	0.383
3897	0.0	0.3	0.384
3898	0.0	0.3	0.403
3899	0.0	0.3	0.384
3900	0.0	0.3	0.373
3901	0.0	0.3	0.345
3902	0.0	0.3	0.303
3903	0.0	0.3	0.276
3904	0.0	0.3	0.258
3905	0.0	0.3	0.268
3906	0.0	0.3	0.333
3907	0.0	0.3	0.371
3908	0.0	0.3	0.459
3909	0.0	0.3	0.472
3910	0.0	0.3	0.440
3911	0.0	0.3	0.265
3912	0.0	0.3	0.166
3913	0.0	0.3	0.115
3914	0.0	0.3	0.062
3915	0.0	0.3	0.024
3916	0.0	0.3	0.018
3917	0.0	0.3	0.053
3918	0.0	0.3	0.132
3919	0.0	0.3	0.358
3920	0.0	0.3	0.383
3921	0.0	0.3	0.384
3922	0.0	0.3	0.403
3923	0.0	0.3	0.384
3924	0.0	0.3	0.373
3925	0.0	0.3	0.345
3926	0.0	0.3	0.303
3927	0.0	0.3	0.276
3928	0.0	0.3	0.258
3929	0.0	0.3	0.268
3930	0.0	0.2	0.333
3931	0.0	0.2	0.371
3932	0.0	0.2	0.459
3933	0.0	0.2	0.472
3934	0.0	0.2	0.440
3935	0.0	0.2	0.265
3936	0.0	0.2	0.166
3937	0.0	0.2	0.115
3938	0.0	0.2	0.062
3939	0.0	0.2	0.024
3940	0.0	0.2	0.018
3941	0.0	0.2	0.053
3942	0.0	0.2	0.132
3943	0.0	0.2	0.358
3944	0.0	0.2	0.383
3945	0.0	0.2	0.384
3946	0.0	0.2	0.403
3947	0.0	0.2	0.384
3948	0.0	0.2	0.373
3949	0.0	0.2	0.345
3950	0.0	0.2	0.303
3951	0.0	0.2	0.276
3952	0.0	0.2	0.258
3953	0.0	0.2	0.268
3954	0.0	0.2	0.333
3955	0.0	0.2	0.371
3956	0.0	0.2	0.459
3957	0.0	0.2	0.472
3958	0.0	0.2	0.440
3959	0.0	0.2	0.265
3960	0.0	0.2	0.166
3961	0.0	0.2	0.115
3962	0.0	0.2	0.062
3963	0.0	0.2	0.024
3964	0.0	0.2	0.018
3965	0.0	0.2	0.053
3966	0.0	0.2	0.132
3967	0.0	0.2	0.358
3968	0.0	0.2	0.383
3969	0.0	0.2	0.384
3970	0.0	0.2	0.403
3971	0.0	0.2	0.384
3972	0.0	0.2	0.373
3973	0.0	0.2	0.345
3974	0.0	0.2	0.303
3975	0.0	0.2	0.276
3976	0.0	0.2	0.258
3977	0.0	0.2	0.268
3978	0.0	0.2	0.333
3979	0.0	0.2	0.371
3980	0.0	0.2	0.459
3981	0.0	0.2	0.472
3982	0.0	0.2	0.440
3983	0.0	0.2	0.265
3984	0.0	0.2	0.166
3985	0.0	0.2	0.115
3986	0.0	0.2	0.062
3987	0.0	0.2	0.024
3988	0.0	0.2	0.018
3989	0.0	0.2	0.053
3990	0.0	0.2	0.132
3991	0.0	0.2	0.358
3992	0.0	0.2	0.383
3993	0.0	0.2	0.384
3994	0.0	0.2	0.403
3995	0.0	0.2	0.384
3996	0.0	0.2	0.373
3997	0.0	0.2	0.345
3998	0.0	0.2	0.303
3999	0.0	0.2	0.276
4000	0.0	0.2	0.258
4001	0.0	0.2	0.268
4002	0.0	0.2	0.333
4003	0.0	0.2	0.371
4004	0.0	0.2	0.459
4005	0.0	0.2	0.472
4006	0.0	0.2	0.440
4007	0.0	0.2	0.265
4008	0.0	0.2	0.166
4009	0.0	0.2	0.115
4010	0.0	0.2	0.062
4011	0.0	0.2	0.024
4012	0.0	0.2	0.018
4013	0.0	0.2	0.053
4014	0.0	0.2	0.132
4015	0.0	0.2	0.358
4016	0.0	0.2	0.383
4017	0.0	0.2	0.384
4018	0.0	0.2	0.403
4019	0.0	0.2	0.384
4020	0.0	0.2	0.373
4021	0.0	0.2	0.345
4022	0.0	0.2	0.303
4023	0.0	0.2	0.276
4024	0.0	0.2	0.258
4025	0.0	0.2	0.268
4026	0.0	0.2	0.333
4027	0.0	0.2	0.371
4028	0.0	0.2	0.459
4029	0.0	0.2	0.472
4030	0.0	0.2	0.440
4031	0.0	0.2	0.265
4032	0.0	0.2	0.166
4033	0.0	0.2	0.115
4034	0.0	0.2	0.062
4035	0.0	0.2	0.024
4036	0.0	0.2	0.018
4037	0.0	0.2	0.053
4038	0.0	0.2	0.132
4039	0.0	0.2	0.358
4040	0.0	0.2	0.383
4041	0.0	0.2	0.384
4042	0.0	0.2	0.403
4043	0.0	0.2	0.384
4044	0.0	0.2	0.373
4045	0.0	0.2	0.345
4046	0.0	0.2	0.303
4047	0.0	0.2	0.276
4048	0.0	0.2	0.258
4049	0.0	0.2	0.268
4050	0.0	0.2	0.333
4051	0.0	0.2	0.371
4052	0.0	0.2	0.459
4053	0.0	0.2	0.472
4054	0.0	0.2	0.440
4055	0.0	0.2	0.265
4056	0.0	0.2	0.166
4057	0.0	0.2	0.115
4058	0.0	0.2	0.062
4059	0.0	0.2	0.024
4060	0.0	0.2	0.018
4061	0.0	0.2	0.053
4062	0.0	0.2	0.132
4063	0.0	0.2	0.358
4064	0.0	0.2	0.383
4065	0.0	0.2	0.384
4066	0.0	0.2	0.403
4067	0.0	0.2	0.384
4068	0.0	0.2	0.373
4069	0.0	0.2	0.345
4070	0.0	0.2	0.303
4071	0.0	0.2	0.276
4072	0.0	0.2	0.258
4073	0.0	0.2	0.268
4074	0.0	0.2	0.333
4075	0.0	0.2	0.371
4076	0.0	0.2	0.459
4077	0.0	0.2	0.472
4078	0.0	0.2	0.440
4079	0.0	0.2	0.265
4080	0.0	0.2	0.166
4081	0.0	0.2	0.115
4082	0.0	0.2	0.062
4083	0.0	0.2	0.024
4084	0.0	0.2	0.018
4085	0.0	0.2	0.053
4086	0.0	0.2	0.132
4087	0.0	0.2	0.358
4088	0.0	0.2	0.383
4089	0.0	0.2	0.384
4090	0.0	0.2	0.403
4091	0.0	0.2	0.384
4092	0.0	0.2	0.373
4093	0.0	0.2	0.345
4094	0.0	0.2	0.303
4095	0.0	0.2	0.276
4096	0.0	0.2	0.258
4097	0.0	0.2	0.268
4098	0.0	0.2	0.333
4099	0.0	0.2	0.371
4100	0.0	0.2	0.459
4101	0.0	0.2	0.472
4102	0.0	0.2	0.440
4103	0.0	0.2	0.265
4104	0.0	0.2	0.166
4105	0.0	0.2	0.115
4106	0.0	0.2	0.062
4107	0.0	0.2	0.024
4108	0.0	0.2	0.018
4109	0.0	0.2	0.053
4110	0.0	0.2	0.132
4111	0.0	0.2	0.358
4112	0.0	0.2	0.383
4113	0.0	0.2	0.384
4114	0.0	0.2	0.403
4115	0.0	0.2	0.384
4116	0.0	0.2	0.373
4117	0.0	0.2	0.345
4118	0.0	0.2	0.303
4119	0.0	0.2	0.276
4120	0.0	0.2	0.258
4121	0.0	0.2	0.268
4122	0.0	0.2	0.333
4123	0.0	0.2	0.371
4124	0.0	0.2	0.459
4125	0.0	0.2	0.472
4126	0.0	0.2	0.440
4127	0.0	0.2	0.265
4128	0.0	0.2	0.166
4129	0.0	0.2	0.115
4130	0.0	0.2	0.062
4131	0.0	0.2	0.024
4132	0.0	0.2	0.018
4133	0.0	0.2	0.053
4134	0.0	0.2	0.132
4135	0.0	0.2	0.358
4136	0.0	0.2	0.383
4137	0.0	0.2	0.384
4138	0.0	0.2	0.403
4139	0.0	0.2	0.384
4140	0.0	0.2	0.373
4141	0.0	0.2	0.345
4142	0.0	0.2	0.303
4143	0.0	0.2	0.276
4144	0.0	0.2	0.258
4145	0.0	0.2	0.268
4146	0.0	0.2	0.333
4147	0.0	0.2	0.371
4148	0.0	0.2	0.459
4149	0.0	0.2	0.472
4150	0.0	0.2	0.440
4151	0.0	0.2	0.265
4152	0.0	0.2	0.166
4153	0.0	0.2	0.115
4154	0.0	0.2	0.062
4155	0.0	0.2	0.024
4156	0.0	0.2	0.018
4157	0.0	0.2	0.053
4158	0.0	0.2	0.132
4159	0.0	0.2	0.358
4160	0.0	0.2	0.383
4161	0.0	0.2	0.384
4162	0.0	0.2	0.403
4163	0.0	0.2	0.384
4164	0.0	0.2	0.373
4165	0.0	0.2	0.345
4166	0.0	0.2	0.303
4167	0.0	0.2	0.276
4168	0.0	0.1	0.258
4169	0.0	0.1	0.268
4170	0.0	0.1	0.333
4171	0.0	0.1	0.371
4172	0.0	0.1	0.459
4173	0.0	0.1	0.472
4174	0.0	0.1	0.440
4175	0.0	0.1	0.265
4176	0.0	0.1	0.166
4177	0.0	0.1	0.115
4178	0.0	0.1	0.062
4179	0.0	0.1	0.024
4180	0.0	0.1	0.018
4181	0.0	0.1	0.053
4182	0.0	0.1	0.132
4183	0.0	0.1	0.358
4184	0.0	0.1	0.383
4185	0.0	0.1	0.384
4186	0.0	0.1	0.403
4187	0.0	0.1	0.384
4188	0.0	0.1	0.373
4189	0.0	0.1	0.345
4190	0.0	0.1	0.303
4191	0.0	0.1	0.276
4192	0.0	0.1	0.258
4193	0.0	0.1	0.268
4194	0.0	0.1	0.333
4195	0.0	0.1	0.371
4196	0.0	0.1	0.459
4197	0.0	0.1	0.472
4198	0.0	0.1	0.440
4199	0.0	0.1	0.265
4200	0.0	0.1	0.166
4201	0.0	0.1	0.115
4202	0.0	0.1	0.062
4203	0.0	0.1	0.024
4204	0.0	0.1	0.018
4205	0.0	0.1	0.053
4206	0.0	0.1	0.132
4207	0.0	0.1	0.358
4208	0.0	0.1	0.383
4209	0.0	0.1	0.384
4210	0.0	0.1	0.403
4211	0.0	0.1	0.384
4212	0.0	0.1	0.373
4213	0.0	0.1	0.345
4214	0.0	0.1	0.303
4215	0.0	0.1	0.276
4216	0.0	0.1	0.258
4217	0.0	0.1	0.268
4218	0.0	0.1	0.333
4219	0.0	0.1	0.371
4220	0.0	0.1	0.459
4221	0.0	0.1	0.472
4222	0.0	0.1	0.440
4223	0.0	0.1	0.265
4224	0.0	0.1	0.166
4225	0.0	0.1	0.115
4226	0.0	0.1	0.062
4227	0.0	0.1	0.024
4228	0.0	0.1	0.018
4229	0.0	0.1	0.053
4230	0.0	0.1	0.132
4231	0.0	0.1	0.358
4232	0.0	0.1	0.383
4233	0.0	0.1	0.384
4234	0.0	0.1	0.403
4235	0.0	0.1	0.384
4236	0.0	0.1	0.373
4237	0.0	0.1	0.345
4238	0.0	0.1	0.303
4239	0.0	0.1	0.276
4240	0.0	0.1	0.258
4241	0.0	0.1	0.268
4242	0.0	0.1	0.333
4243	0.0	0.1	0.371
4244	0.0	0.1	0.459
4245	0.0	0.1	0.472
4246	0.0	0.1	0.440
4247	0.0	0.1	0.265
4248	0.0	0.1	0.166
4249	0.0	0.1	0.115
4250	0.0	0.1	0.062
4251	0.0	0.1	0.024
4252	0.0	0.1	0.018
4253	0.0	0.1	0.053
4254	0.0	0.1	0.132
4255	0.0	0.1	0.358
4256	0.0	0.1	0.383
4257	0.0	0.1	0.384
4258	0.0	0.1	0.403
4259	0.0	0.1	0.384
4260	0.0	0.1	0.373
4261	0.0	0.1	0.345
4262	0.0	0.1	0.303
4263	0.0	0.1	0.276
4264	0.0	0.1	0.258
4265	0.0	0.1	0.268
4266	0.0	0.1	0.333
4267	0.0	0.1	0.371
4268	0.0	0.1	0.459
4269	0.0	0.1	0.472
4270	0.0	0.1	0.440
4271	0.0	0.1	0.265
4272	0.0	0.1	0.166
4273	0.0	0.1	0.115
4274	0.0	0.1	0.062
4275	0.0	0.1	0.024
4276	0.0	0.1	0.018
4277	0.0	0.1	0.053
4278	0.0	0.1	0.132
4279	0.0	0.1	0.358
4280	0.0	0.1	0.383
4281	0.0	0.1	0.384
4282	0.0	0.1	0.403
4283	0.0	0.1	0.384
4284	0.0	0.1	0.373
4285	0.0	0.1	0.345
4286	0.0	0.1	0.303
4287	0.0	0.1	0.276
4288	0.0	0.1	0.258
4289	0.0	0.1	0.268
4290	0.0	0.1	0.333
4291	0.0	0.1	0.371
4292	0.0	0.1	0.459
4293	0.0	0.1	0.472
4294	0.0	0.1	0.440
4295	0.0	0.1	0.265
4296	0.0	0.1	0.166
4297	0.0	0.1	0.115
4298	0.0	0.1	0.062
4299	0.0	0.1	0.024
4300	0.0	0.1	0.018
4301	0.0	0.1	0.053
4302	0.0	0.1	0.132
4303	0.0	0.1	0.358
4304	0.0	0.1	0.383
4305	0.0	0.1	0.384
4306	0.0	0.1	0.403
4307	0.0	0.1	0.384
4308	0.0	0.1	0.373
4309	0.0	0.1	0.345
4310	0.0	0.1	0.303
4311	0.0	0.1	0.276
4312	0.0	0.1	0.258
4313	0.0	0.1	0.268
4314	0.0	0.1	0.333
4315	0.0	0.1	0.371
4316	0.0	0.1	0.459
4317	0.0	0.1	0.472
4318	0.0	0.1	0.440
4319	0.0	0.1	0.265
4320	0.0	0.1	0.166
4321	0.0	0.1	0.115
4322	0.0	0.1	0.062
4323	0.0	0.1	0.024
4324	0.0	0.1	0.018
4325	0.0	0.1	0.053
4326	0.0	0.1	0.132
4327	0.0	0.1	0.358
4328	0.0	0.1	0.383
4329	0.0	0.1	0.384
4330	0.0	0.1	0.403
4331	0.0	0.1	0.384
4332	0.0	0.1	0.373
4333	0.0	0.1	0.345
4334	0.0	0.1	0.303
4335	0.0	0.1	0.276
4336	0.0	0.1	0.258
4337	0.0	0.1	0.268
4338	0.0	0.1	0.333
4339	0.0	0.1	0.371
4340	0.0	0.1	0.459
4341	0.0	0.1	0.472
4342	0.0	0.1	0.440
4343	0.0	0.1	0.265
4344	0.0	0.1	0.166
4345	0.0	0.1	0.115
4346	0.0	0.1	0.062
4347	0.0	0.1	0.024
4348	0.0	0.1	0.018
4349	0.0	0.1	0.053
4350	0.0	0.1	0.132
4351	0.0	0.1	0.358
4352	0.0	0.1	0.383
4353	0.0	0.1	0.384
4354	0.0	0.1	0.403
4355	0.0	0.1	0.384
4356	0.0	0.1	0.373
4357	0.0	0.1	0.345
4358	0.0	0.1	0.303
4359	0.0	0.1	0.276
4360	0.0	0.1	0.258
4361	0.0	0.1	0.268
4362	0.0	0.1	0.333
4363	0.0	0.1	0.371
4364	0.0	0.1	0.459
4365	0.0	0.1	0.472
4366	0.0	0.1	0.440
4367	0.0	0.1	0.265
4368	0.0	0.1	0.166
4369	0.0	0.1	0.115
4370	0.0	0.1	0.062
4371	0.0	0.1	0.024
4372	0.0	0.1	0.018
4373	0.0	0.1	0.053
4374	0.0	0.1	0.132
4375	0.0	0.1	0.358
4376	0.0	0.1	0.383
4377	0.0	0.1	0.384
4378	0.0	0.1	0.403
4379	0.0	0.1	0.384
4380	0.0	0.1	0.373
4381	0.0	0.1	0.345
4382	0.0	0.1	0.303
4383	0.0	0.1	0.276
4384	0.0	0.1	0.258
4385	0.0	0.1	0.268
4386	0.0	0.1	0.333
4387	0.0	0.1	0.371
4388	0.0	0.1	0.459
4389	0.0	0.1	0.472
4390	0.0	0.1	0.440
4391	0.0	0.1	0.265
4392	0.0	0.1	0.166
4393	0.0	0.1	0.115
4394	0.0	0.1	0.062
4395	0.0	0.1	0.024
4396	0.0	0.1	0.018
4397	0.0	0.1	0.053
4398	0.0	0.1	0.132
4399	0.0	0.1	0.358
4400	0.0	0.1	0.383
4401	0.0	0.1	0.384
4402	0.0	0.1	0.403
4403	0.0	0.1	0.384
4404	0.0	0.1	0.373
4405	0.0	0.1	0.345
4406	0.0	0.1	0.303
4407	0.0	0.1	0.276
4408	0.0	0.1	0.258
4409	0.0	0.1	0.268
4410	0.0	0.1	0.333
4411	0.0	0.1	0.371
4412	0.0	0.1	0.459
4413	0.0	0.1	0.472
4414	0.0	0.1	0.440
4415	0.0	0.1	0.265
4416	0.0	0.1	0.166
4417	0.0	0.1	0.115
4418	0.0	0.1	0.062
4419	0.0	0.1	0.024
4420	0.0	0.1	0.018
4421	0.0	0.1	0.053
4422	0.0	0.1	0.132
4423	0.0	0.1	0.358
4424	0.0	0.1	0.383
4425	0.0	0.1	0.384
4426	0.0	0.1	0.403
4427	0.0	0.1	0.384
4428	0.0	0.1	0.373
4429	0.0	0.1	0.345
4430	0.0	0.1	0.303
4431	0.0	0.1	0.276
4432	0.0	0.1	0.258
4433	0.0	0.1	0.268
4434	0.0	0.1	0.333
4435	0.0	0.1	0.371
4436	0.0	0.1	0.459
4437	0.0	0.1	0.472
4438	0.0	0.1	0.440
4439	0.0	0.1	0.265
4440	0.0	0.1	0.166
4441	0.0	0.1	0.115
4442	0.0	0.1	0.062
4443	0.0	0.1	0.024
4444	0.0	0.1	0.018
4445	0.0	0.1	0.053
4446	0.0	0.1	0.132
4447	0.0	0.1	0.358
4448	0.0	0.1	0.383
4449	0.0	0.1	0.384
4450	0.0	0.1	0.403
4451	0.0	0.1	0.384
4452	0.0	0.1	0.373
4453	0.0	0.1	0.345
4454	0.0	0.1	0.303
4455	0.0	0.1	0.276
4456	0.0	0.1	0.258
4457	0.0	0.1	0.268
4458	0.0	0.1	0.333
4459	0.0	0.1	0.371
4460	0.0	0.1	0.459
4461	0.0	0.1	0.472
4462	0.0	0.1	0.440
4463	0.0	0.1	0.265
4464	0.0	0.1	0.166
4465	0.0	0.1	0.115
4466	0.0	0.1	0.062
4467	0.0	0.1	0.024
4468	0.0	0.1	0.018
4469	0.0	0.1	0.053
4470	0.0	0.1	0.132
4471	0.0	0.1	0.358
4472	0.0	0.1	0.383
4473	0.0	0.1	0.384
4474	0.0	0.1	0.403
4475	0.0	0.1	0.384
4476	0.0	0.1	0.373
4477	0.0	0.1	0.345
4478	0.0	0.1	0.303
4479	0.0	0.1	0.276
4480	0.0	0.1	0.258
4481	0.0	0.1	0.268
4482	0.0	0.1	0.333
4483	0.0	0.1	0.371
4484	0.0	0.1	0.459
4485	0.0	0.1	0.472
4486	0.0	0.1	0.440
4487	0.0	0.1	0.265
4488	0.0	0.1	0.166
4489	0.0	0.1	0.115
4490	0.0	0.1	0.062
4491	0.0	0.1	0.024
4492	0.0	0.1	0.018
4493	0.0	0.1	0.053
4494	0.0	0.1	0.132
4495	0.0	0.1	0.358
4496	0.0	0.1	0.383
4497	0.0	0.1	0.384
4498	0.0	0.1	0.403
4499	0.0	0.1	0.384
4500	0.0	0.1	0.373
4501	0.0	0.1	0.345
4502	0.0	0.1	0.303
4503	0.0	0.1	0.276
4504	0.0	0.1	0.258
4505	0.0	0.1	0.268
4506	0.0	0.1	0.333
4507	0.0	0.1	0.371
4508	0.0	0.1	0.459
4509	0.0	0.1	0.472
4510	0.0	0.1	0.440
4511	0.0	0.1	0.265
4512	0.0	0.1	0.166
4513	0.0	0.1	0.115
4514	0.0	0.1	0.062
4515	0.0	0.1	0.024
4516	0.0	0.1	0.018
4517	0.0	0.1	0.053
4518	0.0	0.1	0.132
4519	0.0	0.1	0.358
4520	0.0	0.1	0.383
4521	0.0	0.1	0.384
4522	0.0	0.1	0.403
4523	0.0	0.1	0.384
4524	0.0	0.1	0.373
4525	0.0	0.1	0.345
4526	0.0	0.1	0.303
4527	0.0	0.1	0.276
4528	0.0	0.1	0.258
4529	0.0	0.1	0.268
4530	0.0	0.1	0.333
4531	0.0	0.1	0.371
4532	0.0	0.1	0.459
4533	0.0	0.1	0.472
4534	0.0	0.1	0.440
4535	0.0	0.1	0.265
4536	0.0	0.1	0.166
4537	0.0	0.1	0.115
4538	0.0	0.1	0.062
4539	0.0	0.1	0.024
4540	0.0	0.1	0.018
4541	0.0	0.1	0.053
4542	0.0	0.1	0.132
4543	0.0	0.1	0.358
4544	0.0	0.1	0.383
4545	0.0	0.1	0.384
4546	0.0	0.1	0.403
4547	0.0	0.1	0.384
4548	0.0	0.1	0.373
4549	0.0	0.1	0.345
4550	0.0	0.1	0.303
4551	0.0	0.1	0.276
4552	0.0	0.1	0.258
4553	0.0	0.1	0.268
4554	0.0	0.1	0.333
4555	0.0	0.1	0.371
4556	0.0	0.1	0.459
4557	0.0	0.1	0.472
4558	0.0	0.1	0.440
4559	0.0	0.1	0.265
4560	0.0	0.1	0.166
4561	0.0	0.1	0.115
4562	0.0	0.1	0.062
4563	0.0	0.1	0.024
4564	0.0	0.1	0.018
4565	0.0	0.1	0.053
4566	0.0	0.1	0.132
4567	0.0	0.1	0.358
4568	0.0	0.1	0.383
4569	0.0	0.1	0.384
4570	0.0	0.1	0.403
4571	0.0	0.1	0.384
4572	0.0	0.1	0.373
4573	0.0	0.1	0.345
4574	0.0	0.1	0.303
4575	0.0	0.1	0.276
4576	0.0	0.1	0.258
4577	0.0	0.1	0.268
4578	0.0	0.1	0.333
4579	0.0	0.1	0.371
4580	0.0	0.1	0.459
4581	0.0	0.1	0.472
4582	0.0	0.1	0.440
4583	0.0	0.1	0.265
4584	0.0	0.1	0.166
4585	0.0	0.1	0.115
4586	0.0	0.1	0.062
4587	0.0	0.1	0.024
4588	0.0	0.1	0.018
4589	0.0	0.1	0.053
4590	0.0	0.1	0.132
4591	0.0	0.1	0.358
4592	0.0	0.1	0.383
4593	0.0	0.1	0.384
4594	0.0	0.1	0.403
4595	0.0	0.1	0.384
4596	0.0	0.1	0.373
4597	0.0	0.1	0.345
4598	0.0	0.1	0.303
4599	0.0	0.1	0.276
4600	0.0	0.1	0.258
4601	0.0	0.1	0.268
4602	0.0	0.1	0.333
4603	0.0	0.1	0.371
4604	0.0	0.1	0.459
4605	0.0	0.1	0.472
4606	0.0	0.1	0.440
4607	0.0	0.1	0.265
4608	0.0	0.1	0.166
4609	0.0	0.1	0.115
4610	0.0	0.1	0.062
4611	0.0	0.1	0.024
4612	0.0	0.1	0.018
4613	0.0	0.1	0.053
4614	0.0	0.1	0.132
4615	0.0	0.1	0.358
4616	0.0	0.1	0.383
4617	0.0	0.1	0.384
4618	0.0	0.1	0.403
4619	0.0	0.1	0.384
4620	0.0	0.1	0.373
4621	0.0	0.1	0.345
4622	0.0	0.1	0.303
4623	0.0	0.1	0.276
4624	0.0	0.1	0.258
4625	0.0	0.1	0.268
4626	0.0	0.1	0.333
4627	0.0	0.1	0.371
4628	0.0	0.1	0.459
4629	0.0	0.1	0.472
4630	0.0	0.1	0.440
4631	0.0	0.1	0.265
4632	0.0	0.1	0.166
4633	0.0	0.1	0.115
4634	0.0	0.1	0.062
4635	0.0	0.1	0.024
4636	0.0	0.1	0.018
4637	0.0	0.1	0.053
4638	0.0	0.1	0.132
4639	0.0	0.1	0.358
4640	0.0	0.1	0.383
4641	0.0	0.1	0.384
4642	0.0	0.1	0.403
4643	0.0	0.1	0.384
4644	0.0	0.1	0.373
4645	0.0	0.1	0.345
4646	0.0	0.1	0.303
4647	0.0	0.1	0.276
4648	0.0	0.1	0.258
4649	0.0	0.1	0.268
4650	0.0	0.1	0.333
4651	0.0	0.1	0.371
4652	0.0	0.1	0.459
4653	0.0	0.1	0.472
4654	0.0	0.1	0.440
4655	0.0	0.1	0.265
4656	0.0	0.1	0.166
4657	0.0	0.1	0.115
4658	0.0	0.1	0.062
4659	0.0	0.1	0.024
4660	0.0	0.1	0.018
4661	0.0	0.1	0.053
4662	0.0	0.1	0.132
4663	0.0	0.1	0.358
4664	0.0	0.1	0.383
4665	0.0	0.1	0.384
4666	0.0	0.1	0.403
4667	0.0	0.1	0.384
4668	0.0	0.1	0.373
4669	0.0	0.1	0.345
4670	0.0	0.1	0.303
4671	0.0	0.1	0.276
4672	0.0	0.1	0.258
4673	0.0	0.1	0.268
4674	0.0	0.1	0.333
4675	0.0	0.1	0.371
4676	0.0	0.1	0.459
4677	0.0	0.1	0.472
4678	0.0	0.1	0.440
4679	0.0	0.1	0.265
4680	0.0	0.1	0.166
4681	0.0	0.1	0.115
4682	0.0	0.1	0.062
4683	0.0	0.1	0.024
4684	0.0	0.1	0.018
4685	0.0	0.1	0.053
4686	0.0	0.1	0.132
4687	0.0	0.1	0.358
4688	0.0	0.1	0.383
4689	0.0	0.1	0.384
4690	0.0	0.1	0.403
4691	0.0	0.1	0.384
4692	0.0	0.1	0.373
4693	0.0	0.1	0.345
4694	0.0	0.1	0.303
4695	0.0	0.1	0.276
4696	0.0	0.1	0.258
4697	0.0	0.1	0.268
4698	0.0	0.1	0.333
4699	0.0	0.1	0.371
4700	0.0	0.1	0.459
4701	0.0	0.1	0.472
4702	0.0	0.1	0.440
4703	0.0	0.1	0.265
4704	0.0	0.1	0.166
4705	0.0	0.1	0.115
4706	0.0	0.1	0.062
4707	0.0	0.1	0.024
4708	0.0	0.1	0.018
4709	0.0	0.1	0.053
4710	0.0	0.1	0.132
4711	0.0	0.1	0.358
4712	0.0	0.1	0.383
4713	0.0	0.1	0.384
4714	0.0	0.1	0.403
4715	0.0	0.1	0.384
4716	0.0	0.1	0.373
4717	0.0	0.1	0.345
4718	0.0	0.1	0.303
4719	0.0	0.1	0.276
4720	0.0	0.1	0.258
4721	0.0	0.1	0.268
4722	0.0	0.1	0.333
4723	0.0	0.1	0.371
4724	0.0	0.1	0.459
4725	0.0	0.1	0.472
4726	0.0	0.1	0.440
4727	0.0	0.1	0.265
4728	0.0	0.1	0.166
4729	0.0	0.1	0.115
4730	0.0	0.1	0.062
4731	0.0	0.1	0.024
4732	0.0	0.1	0.018
4733	0.0	0.1	0.053
4734	0.0	0.1	0.132
4735	0.0	0.1	0.358
4736	0.0	0.1	0.383
4737	0.0	0.1	0.384
4738	0.0	0.1	0.403
4739	0.0	0.1	0.384
4740	0.0	0.1	0.373
4741	0.0	0.1	0.345
4742	0.0	0.1	0.303
4743	0.0	0.1	0.276
4744	0.0	0.1	0.258
4745	0.0	0.1	0.268
4746	0.0	0.1	0.333
4747	0.0	0.1	0.371
4748	0.0	0.1	0.459
4749	0.0	0.1	0.472
4750	0.0	0.1	0.440
4751	0.0	0.1	0.265
4752	0.0	0.1	0.166
4753	0.0	0.1	0.115
4754	0.0	0.1	0.062
4755	0.0	0.1	0.024
4756	0.0	0.1	0.018
4757	0.0	0.1	0.053
4758	0.0	0.1	0.132
4759	0.0	0.1	0.358
4760	0.0	0.1	0.383
4761	0.0	0.1	0.384
4762	0.0	0.1	0.403
4763	0.0	0.1	0.384
4764	0.0	0.1	0.373
4765	0.0	0.1	0.345
4766	0.0	0.1	0.303
4767	0.0	0.1	0.276
4768	0.0	0.1	0.258
4769	0.0	0.1	0.268
4770	0.0	0.1	0.333
4771	0.0	0.1	0.371
4772	0.0	0.1	0.459
4773	0.0	0.1	0.472
4774	0.0	0.1	0.440
4775	0.0	0.1	0.265
4776	0.0	0.1	0.166
4777	0.0	0.1	0.115
4778	0.0	0.1	0.062
4779	0.0	0.1	0.024
4780	0.0	0.1	0.018
4781	0.0	0.1	0.053
4782	0.0	0.1	0.132
4783	0.0	0.1	0.358
4784	0.0	0.1	0.383
4785	0.0	0.1	0.384
4786	0.0	0.1	0.403
4787	0.0	0.1	0.384
4788	0.0	0.1	0.373
4789	0.0	0.1	0.345
4790	0.0	0.1	0.303
4791	0.0	0.1	0.276
4792	0.0	0.1	0.258
4793	0.0	0.1	0.268
4794	0.0	0.1	0.333
4795	0.0	0.1	0.371
4796	0.0	0.1	0.459
4797	0.0	0.1	0.472
4798	0.0	0.1	0.440
4799	0.0	0.1	0.265
4800	0.0	0.1	0.166
4801	0.0	0.1	0.115
4802	0.0	0.1	0.062
4803	0.0	0.1	0.024
4804	0.0	0.1	0.018
4805	0.0	0.1	0.053
4806	0.0	0.1	0.132
4807	0.0	0.1	0.358
4808	0.0	0.1	0.383
4809	0.0	0.1	0.384
4810	0.0	0.1	0.403
4811	0.0	0.1	0.384
4812	0.0	0.1	0.373
4813	0.0	0.1	0.345
4814	0.0	0.1	0.303
4815	0.0	0.1	0.276
4816	0.0	0.1	0.258
4817	0.0	0.1	0.268
4818	0.0	0.1	0.333
4819	0.0	0.0	0.371
4820	0.0	0.0	0.459
4821	0.0	0.0	0.472
4822	0.0	0.0	0.440
4823	0.0	0.0	0.265
4824	0.0	0.0	0.166
4825	0.0	0.0	0.115
4826	0.0	0.0	0.062
4827	0.0	0.0	0.024
4828	0.0	0.0	0.018
4829	0.0	0.0	0.053
4830	0.0	0.0	0.132
4831	0.0	0.0	0.358
4832	0.0	0.0	0.383
4833	0.0	0.0	0.384
4834	0.0	0.0	0.403
4835	0.0	0.0	0.384
4836	0.0	0.0	0.373
4837	0.0	0.0	0.345
4838	0.0	0.0	0.303
4839	0.0	0.0	0.276
4840	0.0	0.0	0.258
4841	0.0	0.0	0.268
4842	0.0	0.0	0.333
4843	0.0	0.0	0.371
4844	0.0	0.0	0.459
4845	0.0	0.0	0.472
4846	0.0	0.0	0.440
4847	0.0	0.0	0.265
4848	0.0	0.0	0.166
4849	0.0	0.0	0.115
4850	0.0	0.0	0.062
4851	0.0	0.0	0.024
4852	0.0	0.0	0.018
4853	0.0	0.0	0.053
4854	0.0	0.0	0.132
4855	0.0	0.0	0.358
4856	0.0	0.0	0.383
4857	0.0	0.0	0.384
4858	0.0	0.0	0.403
4859	0.0	0.0	0.384
4860	0.0	0.0	0.373
4861	0.0	0.0	0.345
4862	0.0	0.0	0.303
4863	0.0	0.0	0.276
4864	0.0	0.0	0.258
4865	0.0	0.0	0.268
4866	0.0	0.0	0.333
4867	0.0	0.0	0.371
4868	0.0	0.0	0.459
4869	0.0	0.0	0.472
4870	0.0	0.0	0.440
4871	0.0	0.0	0.265
4872	0.0	0.0	0.166
4873	0.0	0.0	0.115
4874	0.0	0.0	0.062
4875	0.0	0.0	0.024
4876	0.0	0.0	0.018
4877	0.0	0.0	0.053
4878	0.0	0.0	0.132
4879	0.0	0.0	0.358
4880	0.0	0.0	0.383
4881	0.0	0.0	0.384
4882	0.0	0.0	0.403
4883	0.0	0.0	0.384
4884	0.0	0.0	0.373
4885	0.0	0.0	0.345
4886	0.0	0.0	0.303
4887	0.0	0.0	0.276
4888	0.0	0.0	0.258
4889	0.0	0.0	0.268
4890	0.0	0.0	0.333
4891	0.0	0.0	0.371
4892	0.0	0.0	0.459
4893	0.0	0.0	0.472
4894	0.0	0.0	0.440
4895	0.0	0.0	0.265
4896	0.0	0.0	0.166
4897	0.0	0.0	0.115
4898	0.0	0.0	0.062
4899	0.0	0.0	0.024
4900	0.0	0.0	0.018
4901	0.0	0.0	0.053
4902	0.0	0.0	0.132
4903	0.0	0.0	0.358
4904	0.0	0.0	0.383
4905	0.0	0.0	0.384
4906	0.0	0.0	0.403
4907	0.0	0.0	0.384
4908	0.0	0.0	0.373
4909	0.0	0.0	0.345
4910	0.0	0.0	0.303
4911	0.0	0.0	0.276
4912	0.0	0.0	0.258
4913	0.0	0.0	0.268
4914	0.0	0.0	0.333
4915	0.0	0.0	0.371
4916	0.0	0.0	0.459
4917	0.0	0.0	0.472
4918	0.0	0.0	0.440
4919	0.0	0.0	0.265
4920	0.0	0.0	0.166
4921	0.0	0.0	0.115
4922	0.0	0.0	0.062
4923	0.0	0.0	0.024
4924	0.0	0.0	0.018
4925	0.0	0.0	0.053
4926	0.0	0.0	0.132
4927	0.0	0.0	0.358
4928	0.0	0.0	0.383
4929	0.0	0.0	0.384
4930	0.0	0.0	0.403
4931	0.0	0.0	0.384
4932	0.0	0.0	0.373
4933	0.0	0.0	0.345
4934	0.0	0.0	0.303
4935	0.0	0.0	0.276
4936	0.0	0.0	0.258
4937	0.0	0.0	0.268
4938	0.0	0.0	0.333
4939	0.0	0.0	0.371
4940	0.0	0.0	0.459
4941	0.0	0.0	0.472
4942	0.0	0.0	0.440
4943	0.0	0.0	0.265
4944	0.0	0.0	0.166
4945	0.0	0.0	0.115
4946	0.0	0.0	0.062
4947	0.0	0.0	0.024
4948	0.0	0.0	0.018
4949	0.0	0.0	0.053
4950	0.0	0.0	0.132
4951	0.0	0.0	0.358
4952	0.0	0.0	0.383
4953	0.0	0.0	0.384
4954	0.0	0.0	0.403
4955	0.0	0.0	0.384
4956	0.0	0.0	0.373
4957	0.0	0.0	0.345
4958	0.0	0.0	0.303
4959	0.0	0.0	0.276
4960	0.0	0.0	0.258
4961	0.0	0.0	0.268
4962	0.0	0.0	0.333
4963	0.0	0.0	0.371
4964	0.0	0.0	0.459
4965	0.0	0.0	0.472
4966	0.0	0.0	0.440
4967	0.0	0.0	0.265
4968	0.0	0.0	0.166
4969	0.0	0.0	0.115
4970	0.0	0.0	0.062
4971	0.0	0.0	0.024
4972	0.0	0.0	0.018
4973	0.0	0.0	0.053
4974	0.0	0.0	0.132
4975	0.0	0.0	0.358
4976	0.0	0.0	0.383
4977	0.0	0.0	0.384
4978	0.0	0.0	0.403
4979	0.0	0.0	0.384
4980	0.0	0.0	0.373
4981	0.0	0.0	0.345
4982	0.0	0.0	0.303
4983	0.0	0.0	0.276
4984	0.0	0.0	0.258
4985	0.0	0.0	0.268
4986	0.0	0.0	0.333
4987	0.0	0.0	0.371
4988	0.0	0.0	0.459
4989	0.0	0.0	0.472
4990	0.0	0.0	0.440
4991	0.0	0.0	0.265
4992	0.0	0.0	0.166
4993	0.0	0.0	0.115
4994	0.0	0.0	0.062
4995	0.0	0.0	0.024
4996	0.0	0.0	0.018
4997	0.0	0.0	0.053
4998	0.0	0.0	0.132
4999	0.0	0.0	0.358
5000	0.0	0.0	0.383
5001	0.0	0.0	0.384
5002	0.0	0.0	0.403
5003	0.0	0.0	0.384
5004	0.0	0.0	0.373
5005	0.0	0.0	0.345
5006	0.0	0.0	0.303
5007	0.0	0.0	0.276
5008	0.0	0.0	0.258
5009	0.0	0.0	0.268
5010	0.0	0.0	0.333
5011	0.0	0.0	0.371
5012	0.0	0.0	0.459
5013	0.0	0.0	0.472
5014	0.0	0.0	0.440
5015	0.0	0.0	0.265
5016	0.0	0.0	0.166
5017	0.0	0.0	0.115
5018	0.0	0.0	0.062
5019	0.0	0.0	0.024
5020	0.0	0.0	0.018
5021	0.0	0.0	0.053
5022	0.0	0.0	0.132
5023	0.0	0.0	0.358
5024	0.0	0.0	0.383
5025	0.0	0.0	0.384
5026	0.0	0.0	0.403
5027	0.0	0.0	0.384
5028	0.0	0.0	0.373
5029	0.0	0.0	0.345
5030	0.0	0.0	0.303
5031	0.0	0.0	0.276
5032	0.0	0.0	0.258
5033	0.0	0.0	0.268
5034	0.0	0.0	0.333
5035	0.0	0.0	0.371
5036	0.0	0.0	0.459
5037	0.0	0.0	0.472
5038	0.0	0.0	0.440
5039	0.0	0.0	0.265
5040	0.0	0.0	0.166
5041	0.0	0.0	0.115
5042	0.0	0.0	0.062
5043	0.0	0.0	0.024
5044	0.0	0.0	0.018
5045	0.0	0.0	0.053
5046	0.0	0.0	0.132
5047	0.0	0.0	0.358
5048	0.0	0.0	0.383
5049	0.0	0.0	0.384
5050	0.0	0.0	0.403
5051	0.0	0.0	0.384
5052	0.0	0.0	0.373
5053	0.0	0.0	0.345
5054	0.0	0.0	0.303
5055	0.0	0.0	0.276
5056	0.0	0.0	0.258
5057	0.0	0.0	0.268
5058	0.0	0.0	0.333
5059	0.0	0.0	0.371
5060	0.0	0.0	0.459
5061	0.0	0.0	0.472
5062	0.0	0.0	0.440
5063	0.0	0.0	0.265
5064	0.0	0.0	0.166
5065	0.0	0.0	0.115
5066	0.0	0.0	0.062
5067	0.0	0.0	0.024
5068	0.0	0.0	0.018
5069	0.0	0.0	0.053
5070	0.0	0.0	0.132
5071	0.0	0.0	0.358
5072	0.0	0.0	0.383
5073	0.0	0.0	0.384
5074	0.0	0.0	0.403
5075	0.0	0.0	0.384
5076	0.0	0.0	0.373
5077	0.0	0.0	0.345
5078	0.0	0.0	0.303
5079	0.0	0.0	0.276
5080	0.0	0.0	0.258
5081	0.0	0.0	0.268
5082	0.0	0.0	0.333
5083	0.0	0.0	0.371
5084	0.0	0.0	0.459
5085	0.0	0.0	0.472
5086	0.0	0.0	0.440
5087	0.0	0.0	0.265
5088	0.0	0.0	0.166
5089	0.0	0.0	0.115
5090	0.0	0.0	0.062
5091	0.0	0.0	0.024
5092	0.0	0.0	0.018
5093	0.0	0.0	0.053
5094	0.0	0.0	0.132
5095	0.0	0.0	0.358
5096	0.0	0.0	0.383
5097	0.0	0.0	0.384
5098	0.0	0.0	0.403
5099	0.0	0.0	0.384
5100	0.0	0.0	0.373
5101	0.0	0.0	0.345
5102	0.0	0.0	0.303
5103	0.0	0.0	0.276
5104	0.0	0.0	0.258
5105	0.0	0.0	0.268
5106	0.0	0.0	0.333
5107	0.0	0.0	0.371
5108	0.0	0.0	0.459
5109	0.0	0.0	0.472
5110	0.0	0.0	0.440
5111	0.0	0.0	0.265
5112	0.0	0.0	0.166
5113	0.0	0.0	0.115
5114	0.0	0.0	0.062
5115	0.0	0.0	0.024
5116	0.0	0.0	0.018
5117	0.0	0.0	0.053
5118	0.0	0.0	0.132
5119	0.0	0.0	0.358
5120	0.0	0.0	0.383
5121	0.0	0.0	0.384
5122	0.0	0.0	0.403
5123	0.0	0.0	0.384
5124	0.0	0.0	0.373
5125	0.0	0.0	0.345
5126	0.0	0.0	0.303
5127	0.0	0.0	0.276
5128	0.0	0.0	0.258
5129	0.0	0.0	0.268
5130	0.0	0.0	0.333
5131	0.0	0.0	0.371
5132	0.0	0.0	0.459
5133	0.0	0.0	0.472
5134	0.0	0.0	0.440
5135	0.0	0.0	0.265
5136	0.0	0.0	0.166
5137	0.0	0.0	0.115
5138	0.0	0.0	0.062
5139	0.0	0.0	0.024
5140	0.0	0.0	0.018
5141	0.0	0.0	0.053
5142	0.0	0.0	0.132
5143	0.0	0.0	0.358
5144	0.0	0.0	0.383
5145	0.0	0.0	0.384
5146	0.0	0.0	0.403
5147	0.0	0.0	0.384
5148	0.0	0.0	0.373
5149	0.0	0.0	0.345
5150	0.0	0.0	0.303
5151	0.0	0.0	0.276
5152	0.0	0.0	0.258
5153	0.0	0.0	0.268
5154	0.0	0.0	0.333
5155	0.0	0.0	0.371
5156	0.0	0.0	0.459
5157	0.0	0.0	0.472
5158	0.0	0.0	0.440
5159	0.0	0.0	0.265
5160	0.0	0.0	0.166
5161	0.0	0.0	0.115
5162	0.0	0.0	0.062
5163	0.0	0.0	0.024
5164	0.0	0.0	0.018
5165	0.0	0.0	0.053
5166	0.0	0.0	0.132
5167	0.0	0.0	0.358
5168	0.0	0.0	0.383
5169	0.0	0.0	0.384
5170	0.0	0.0	0.403
5171	0.0	0.0	0.384
5172	0.0	0.0	0.373
5173	0.0	0.0	0.345
5174	0.0	0.0	0.303
5175	0.0	0.0	0.276
5176	0.0	0.0	0.258
5177	0.0	0.0	0.268
5178	0.0	0.0	0.333
5179	0.0	0.0	0.371
5180	0.0	0.0	0.459
5181	0.0	0.0	0.472
5182	0.0	0.0	0.440
5183	0.0	0.0	0.265
5184	0.0	0.0	0.166
5185	0.0	0.0	0.115
5186	0.0	0.0	0.062
5187	0.0	0.0	0.024
5188	0.0	0.0	0.018
5189	0.0	0.0	0.053
5190	0.0	0.0	0.132
5191	0.0	0.0	0.358
5192	0.0	0.0	0.383
5193	0.0	0.0	0.384
5194	0.0	0.0	0.403
5195	0.0	0.0	0.384
5196	0.0	0.0	0.373
5197	0.0	0.0	0.345
5198	0.0	0.0	0.303
5199	0.0	0.0	0.276
5200	0.0	0.0	0.258
5201	0.0	0.0	0.268
5202	0.0	0.0	0.333
5203	0.0	0.0	0.371
5204	0.0	0.0	0.459
5205	0.0	0.0	0.472
5206	0.0	0.0	0.440
5207	0.0	0.0	0.265
5208	0.0	0.0	0.166
5209	0.0	0.0	0.115
5210	0.0	0.0	0.062
5211	0.0	0.0	0.024
5212	0.0	0.0	0.018
5213	0.0	0.0	0.053
5214	0.0	0.0	0.132
5215	0.0	0.0	0.358
5216	0.0	0.0	0.383
5217	0.0	0.0	0.384
5218	0.0	0.0	0.403
5219	0.0	0.0	0.384
5220	0.0	0.0	0.373
5221	0.0	0.0	0.345
5222	0.0	0.0	0.303
5223	0.0	0.0	0.276
5224	0.0	0.0	0.258
5225	0.0	0.0	0.268
5226	0.0	0.0	0.333
5227	0.0	0.0	0.371
5228	0.0	0.0	0.459
5229	0.0	0.0	0.472
5230	0.0	0.0	0.440
5231	0.0	0.0	0.265
5232	0.0	0.0	0.166
5233	0.0	0.0	0.115
5234	0.0	0.0	0.062
5235	0.0	0.0	0.024
5236	0.0	0.0	0.018
5237	0.0	0.0	0.053
5238	0.0	0.0	0.132
5239	0.0	0.0	0.358
5240	0.0	0.0	0.383
5241	0.0	0.0	0.384
5242	0.0	0.0	0.403
5243	0.0	0.0	0.384
5244	0.0	0.0	0.373
5245	0.0	0.0	0.345
5246	0.0	0.0	0.303
5247	0.0	0.0	0.276
5248	0.0	0.0	0.258
5249	0.0	0.0	0.268
5250	0.0	0.0	0.333
5251	0.0	0.0	0.371
5252	0.0	0.0	0.459
5253	0.0	0.0	0.472
5254	0.0	0.0	0.440
5255	0.0	0.0	0.265
5256	0.0	0.0	0.166
5257	0.0	0.0	0.115
5258	0.0	0.0	0.062
5259	0.0	0.0	0.024
5260	0.0	0.0	0.018
5261	0.0	0.0	0.053
5262	0.0	0.0	0.132
5263	0.0	0.0	0.358
5264	0.0	0.0	0.383
5265	0.0	0.0	0.384
5266	0.0	0.0	0.403
5267	0.0	0.0	0.384
5268	0.0	0.0	0.373
5269	0.0	0.0	0.345
5270	0.0	0.0	0.303
5271	0.0	0.0	0.276
5272	0.0	0.0	0.258
5273	0.0	0.0	0.268
5274	0.0	0.0	0.333
5275	0.0	0.0	0.371
5276	0.0	0.0	0.459
5277	0.0	0.0	0.472
5278	0.0	0.0	0.440
5279	0.0	0.0	0.265
5280	0.0	0.0	0.166
5281	0.0	0.0	0.115
5282	0.0	0.0	0.062
5283	0.0	0.0	0.024
5284	0.0	0.0	0.018
5285	0.0	0.0	0.053
5286	0.0	0.0	0.132
5287	0.0	0.0	0.358
5288	0.0	0.0	0.383
5289	0.0	0.0	0.384
5290	0.0	0.0	0.403
5291	0.0	0.0	0.384
5292	0.0	0.0	0.373
5293	0.0	0.0	0.345
5294	0.0	0.0	0.303
5295	0.0	0.0	0.276
5296	0.0	0.0	0.258
5297	0.0	0.0	0.268
5298	0.0	0.0	0.333
5299	0.0	0.0	0.371
5300	0.0	0.0	0.459
5301	0.0	0.0	0.472
5302	0.0	0.0	0.440
5303	0.0	0.0	0.265
5304	0.0	0.0	0.166
5305	0.0	0.0	0.115
5306	0.0	0.0	0.062
5307	0.0	0.0	0.024
5308	0.0	0.0	0.018
5309	0.0	0.0	0.053
5310	0.0	0.0	0.132
5311	0.0	0.0	0.358
5312	0.0	0.0	0.383
5313	0.0	0.0	0.384
5314	0.0	0.0	0.403
5315	0.0	0.0	0.384
5316	0.0	0.0	0.373
5317	0.0	0.0	0.345
5318	0.0	0.0	0.303
5319	0.0	0.0	0.276
5320	0.0	0.0	0.258
5321	0.0	0.0	0.268
5322	0.0	0.0	0.333
5323	0.0	0.0	0.371
5324	0.0	0.0	0.459
5325	0.0	0.0	0.472
5326	0.0	0.0	0.440
5327	0.0	0.0	0.265
5328	0.0	0.0	0.166
5329	0.0	0.0	0.115
5330	0.0	0.0	0.062
5331	0.0	0.0	0.024
5332	0.0	0.0	0.018
5333	0.0	0.0	0.053
5334	0.0	0.0	0.132
5335	0.0	0.0	0.358
5336	0.0	0.0	0.383
5337	0.0	0.0	0.384
5338	0.0	0.0	0.403
5339	0.0	0.0	0.384
5340	0.0	0.0	0.373
5341	0.0	0.0	0.345
5342	0.0	0.0	0.303
5343	0.0	0.0	0.276
5344	0.0	0.0	0.258
5345	0.0	0.0	0.268
5346	0.0	0.0	0.333
5347	0.0	0.0	0.371
5348	0.0	0.0	0.459
5349	0.0	0.0	0.472
5350	0.0	0.0	0.440
5351	0.0	0.0	0.265
5352	0.0	0.0	0.166
5353	0.0	0.0	0.115
5354	0.0	0.0	0.062
5355	0.0	0.0	0.024
5356	0.0	0.0	0.018
5357	0.0	0.0	0.053
5358	0.0	0.0	0.132
5359	0.0	0.0	0.358
5360	0.0	0.0	0.383
5361	0.0	0.0	0.384
5362	0.0	0.0	0.403
5363	0.0	0.0	0.384
5364	0.0	0.0	0.373
5365	0.0	0.0	0.345
5366	0.0	0.0	0.303
5367	0.0	0.0	0.276
5368	0.0	0.0	0.258
5369	0.0	0.0	0.268
5370	0.0	0.0	0.333
5371	0.0	0.0	0.371
5372	0.0	0.0	0.459
5373	0.0	0.0	0.472
5374	0.0	0.0	0.440
5375	0.0	0.0	0.265
5376	0.0	0.0	0.166
5377	0.0	0.0	0.115
5378	0.0	0.0	0.062
5379	0.0	0.0	0.024
5380	0.0	0.0	0.018
5381	0.0	0.0	0.053
5382	0.0	0.0	0.132
5383	0.0	0.0	0.358
5384	0.0	0.0	0.383
5385	0.0	0.0	0.384
5386	0.0	0.0	0.403
5387	0.0	0.0	0.384
5388	0.0	0.0	0.373
5389	0.0	0.0	0.345
5390	0.0	0.0	0.303
5391	0.0	0.0	0.276
5392	0.0	0.0	0.258
5393	0.0	0.0	0.268
5394	0.0	0.0	0.333
5395	0.0	0.0	0.371
5396	0.0	0.0	0.459
5397	0.0	0.0	0.472
5398	0.0	0.0	0.440
5399	0.0	0.0	0.265
5400	0.0	0.0	0.166
5401	0.0	0.0	0.115
5402	0.0	0.0	0.062
5403	0.0	0.0	0.024
5404	0.0	0.0	0.018
5405	0.0	0.0	0.053
5406	0.0	0.0	0.132
5407	0.0	0.0	0.358
5408	0.0	0.0	0.383
5409	0.0	0.0	0.384
5410	0.0	0.0	0.403
5411	0.0	0.0	0.384
5412	0.0	0.0	0.373
5413	0.0	0.0	0.345
5414	0.0	0.0	0.303
5415	0.0	0.0	0.276
5416	0.0	0.0	0.258
5417	0.0	0.0	0.268
5418	0.0	0.0	0.333
5419	0.0	0.0	0.371
5420	0.0	0.0	0.459
5421	0.0	0.0	0.472
5422	0.0	0.0	0.440
5423	0.0	0.0	0.265
5424	0.0	0.0	0.166
5425	0.0	0.0	0.115
5426	0.0	0.0	0.062
5427	0.0	0.0	0.024
5428	0.0	0.0	0.018
5429	0.0	0.0	0.053
5430	0.0	0.0	0.132
5431	0.0	0.0	0.358
5432	0.0	0.0	0.383
5433	0.0	0.0	0.384
5434	0.0	0.0	0.403
5435	0.0	0.0	0.384
5436	0.0	0.0	0.373
5437	0.0	0.0	0.345
5438	0.0	0.0	0.303
5439	0.0	0.0	0.276
5440	0.0	0.0	0.258
5441	0.0	0.0	0.268
5442	0.0	0.0	0.333
5443	0.0	0.0	0.371
5444	0.0	0.0	0.459
5445	0.0	0.0	0.472
5446	0.0	0.0	0.440
5447	0.0	0.0	0.265
5448	0.0	0.0	0.166
5449	0.0	0.0	0.115
5450	0.0	0.0	0.062
5451	0.0	0.0	0.024
5452	0.0	0.0	0.018
5453	0.0	0.0	0.053
5454	0.0	0.0	0.132
5455	0.0	0.0	0.358
5456	0.0	0.0	0.383
5457	0.0	0.0	0.384
5458	0.0	0.0	0.403
5459	0.0	0.0	0.384
5460	0.0	0.0	0.373
5461	0.0	0.0	0.345
5462	0.0	0.0	0.303
5463	0.0	0.0	0.276
5464	0.0	0.0	0.258
5465	0.0	0.0	0.268
5466	0.0	0.0	0.333
5467	0.0	0.0	0.371
5468	0.0	0.0	0.459
5469	0.0	0.0	0.472
5470	0.0	0.0	0.440
5471	0.0	0.0	0.265
5472	0.0	0.0	0.166
5473	0.0	0.0	0.115
5474	0.0	0.0	0.062
5475	0.0	0.0	0.024
5476	0.0	0.0	0.018
5477	0.0	0.0	0.053
5478	0.0	0.0	0.132
5479	0.0	0.0	0.358
5480	0.0	0.0	0.383
5481	0.0	0.0	0.384
5482	0.0	0.0	0.403
5483	0.0	0.0	0.384
5484	0.0	0.0	0.373
5485	0.0	0.0	0.345
5486	0.0	0.0	0.303
5487	0.0	0.0	0.276
5488	0.0	0.0	0.258
5489	0.0	0.0	0.268
5490	0.0	0.0	0.333
5491	0.0	0.0	0.371
5492	0.0	0.0	0.459
5493	0.0	0.0	0.472
5494	0.0	0.0	0.440
5495	0.0	0.0	0.265
5496	0.0	0.0	0.166
5497	0.0	0.0	0.115
5498	0.0	0.0	0.062
5499	0.0	0.0	0.024
5500	0.0	0.0	0.018
5501	0.0	0.0	0.053
5502	0.0	0.0	0.132
5503	0.0	0.0	0.358
5504	0.0	0.0	0.383
5505	0.0	0.0	0.384
5506	0.0	0.0	0.403
5507	0.0	0.0	0.384
5508	0.0	0.0	0.373
5509	0.0	0.0	0.345
5510	0.0	0.0	0.303
5511	0.0	0.0	0.276
5512	0.0	0.0	0.258
5513	0.0	0.0	0.268
5514	0.0	0.0	0.333
5515	0.0	0.0	0.371
5516	0.0	0.0	0.459
5517	0.0	0.0	0.472
5518	0.0	0.0	0.440
5519	0.0	0.0	0.265
5520	0.0	0.0	0.166
5521	0.0	0.0	0.115
5522	0.0	0.0	0.062
5523	0.0	0.0	0.024
5524	0.0	0.0	0.018
5525	0.0	0.0	0.053
5526	0.0	0.0	0.132
5527	0.0	0.0	0.358
5528	0.0	0.0	0.383
5529	0.0	0.0	0.384
5530	0.0	0.0	0.403
5531	0.0	0.0	0.384
5532	0.0	0.0	0.373
5533	0.0	0.0	0.345
5534	0.0	0.0	0.303
5535	0.0	0.0	0.276
5536	0.0	0.0	0.258
5537	0.0	0.0	0.268
5538	0.0	0.0	0.333
5539	0.0	0.0	0.371
5540	0.0	0.0	0.459
5541	0.0	0.0	0.472
5542	0.0	0.0	0.440
5543	0.0	0.0	0.265
5544	0.0	0.0	0.166
5545	0.0	0.0	0.115
5546	0.0	0.0	0.062
5547	0.0	0.0	0.024
5548	0.0	0.0	0.018
5549	0.0	0.0	0.053
5550	0.0	0.0	0.132
5551	0.0	0.0	0.358
5552	0.0	0.0	0.383
5553	0.0	0.0	0.384
5554	0.0	0.0	0.403
5555	0.0	0.0	0.384
5556	0.0	0.0	0.373
5557	0.0	0.0	0.345
5558	0.0	0.0	0.303
5559	0.0	0.0	0.276
5560	0.0	0.0	0.258
5561	0.0	0.0	0.268
5562	0.0	0.0	0.333
5563	0.0	0.0	0.371
5564	0.0	0.0	0.459
5565	0.0	0.0	0.472
5566	0.0	0.0	0.440
5567	0.0	0.0	0.265
5568	0.0	0.0	0.166
5569	0.0	0.0	0.115
5570	0.0	0.0	0.062
5571	0.0	0.0	0.024
5572	0.0	0.0	0.018
5573	0.0	0.0	0.053
5574	0.0	0.0	0.132
5575	0.0	0.0	0.358
5576	0.0	0.0	0.383
5577	0.0	0.0	0.384
5578	0.0	0.0	0.403
5579	0.0	0.0	0.384
5580	0.0	0.0	0.373
5581	0.0	0.0	0.345
5582	0.0	0.0	0.303
5583	0.0	0.0	0.276
5584	0.0	0.0	0.258
5585	0.0	0.0	0.268
5586	0.0	0.0	0.333
5587	0.0	0.0	0.371
5588	0.0	0.0	0.459
5589	0.0	0.0	0.472
5590	0.0	0.0	0.440
5591	0.0	0.0	0.265
5592	0.0	0.0	0.166
5593	0.0	0.0	0.115
5594	0.0	0.0	0.062
5595	0.0	0.0	0.024
5596	0.0	0.0	0.018
5597	0.0	0.0	0.053
5598	0.0	0.0	0.132
5599	0.0	0.0	0.358
5600	0.0	0.0	0.383
5601	0.0	0.0	0.384
5602	0.0	0.0	0.403
5603	0.0	0.0	0.384
5604	0.0	0.0	0.373
5605	0.0	0.0	0.345
5606	0.0	0.0	0.303
5607	0.0	0.0	0.276
5608	0.0	0.0	0.258
5609	0.0	0.0	0.268
5610	0.0	0.0	0.333
5611	0.0	0.0	0.371
5612	0.0	0.0	0.459
5613	0.0	0.0	0.472
5614	0.0	0.0	0.440
5615	0.0	0.0	0.265
5616	0.0	0.0	0.166
5617	0.0	0.0	0.115
5618	0.0	0.0	0.062
5619	0.0	0.0	0.024
5620	0.0	0.0	0.018
5621	0.0	0.0	0.053
5622	0.0	0.0	0.132
5623	0.0	0.0	0.358
5624	0.0	0.0	0.383
5625	0.0	0.0	0.384
5626	0.0	0.0	0.403
5627	0.0	0.0	0.384
5628	0.0	0.0	0.373
5629	0.0	0.0	0.345
5630	0.0	0.0	0.303
5631	0.0	0.0	0.276
5632	0.0	0.0	0.258
5633	0.0	0.0	0.268
5634	0.0	0.0	0.333
5635	0.0	0.0	0.371
5636	0.0	0.0	0.459
5637	0.0	0.0	0.472
5638	0.0	0.0	0.440
5639	0.0	0.0	0.265
5640	0.0	0.0	0.166
5641	0.0	0.0	0.115
5642	0.0	0.0	0.062
5643	0.0	0.0	0.024
5644	0.0	0.0	0.018
5645	0.0	0.0	0.053
5646	0.0	0.0	0.132
5647	0.0	0.0	0.358
5648	0.0	0.0	0.383
5649	0.0	0.0	0.384
5650	0.0	0.0	0.403
5651	0.0	0.0	0.384
5652	0.0	0.0	0.373
5653	0.0	0.0	0.345
5654	0.0	0.0	0.303
5655	0.0	0.0	0.276
5656	0.0	0.0	0.258
5657	0.0	0.0	0.268
5658	0.0	0.0	0.333
5659	0.0	0.0	0.371
5660	0.0	0.0	0.459
5661	0.0	0.0	0.472
5662	0.0	0.0	0.440
5663	0.0	0.0	0.265
5664	0.0	0.0	0.166
5665	0.0	0.0	0.115
5666	0.0	0.0	0.062
5667	0.0	0.0	0.024
5668	0.0	0.0	0.018
5669	0.0	0.0	0.053
5670	0.0	0.0	0.132
5671	0.0	0.0	0.358
5672	0.0	0.0	0.383
5673	0.0	0.0	0.384
5674	0.0	0.0	0.403
5675	0.0	0.0	0.384
5676	0.0	0.0	0.373
5677	0.0	0.0	0.345
5678	0.0	0.0	0.303
5679	0.0	0.0	0.276
5680	0.0	0.0	0.258
5681	0.0	0.0	0.268
5682	0.0	0.0	0.333
5683	0.0	0.0	0.371
5684	0.0	0.0	0.459
5685	0.0	0.0	0.472
5686	0.0	0.0	0.440
5687	0.0	0.0	0.265
5688	0.0	0.0	0.166
5689	0.0	0.0	0.115
5690	0.0	0.0	0.062
5691	0.0	0.0	0.024
5692	0.0	0.0	0.018
5693	0.0	0.0	0.053
5694	0.0	0.0	0.132
5695	0.0	0.0	0.358
5696	0.0	0.0	0.383
5697	0.0	0.0	0.384
5698	0.0	0.0	0.403
5699	0.0	0.0	0.384
5700	0.0	0.0	0.373
5701	0.0	0.0	0.345
5702	0.0	0.0	0.303
5703	0.0	0.0	0.276
5704	0.0	0.0	0.258
5705	0.0	0.0	0.268
5706	0.0	0.0	0.333
5707	0.0	0.0	0.371
5708	0.0	0.0	0.459
5709	0.0	0.0	0.472
5710	0.0	0.0	0.440
5711	0.0	0.0	0.265
5712	0.0	0.0	0.166
5713	0.0	0.0	0.115
5714	0.0	0.0	0.062
5715	0.0	0.0	0.024
5716	0.0	0.0	0.018
5717	0.0	0.0	0.053
5718	0.0	0.0	0.132
5719	0.0	0.0	0.358
5720	0.0	0.0	0.383
5721	0.0	0.0	0.384
5722	0.0	0.0	0.403
5723	0.0	0.0	0.384
5724	0.0	0.0	0.373
5725	0.0	0.0	0.345
5726	0.0	0.0	0.303
5727	0.0	0.0	0.276
5728	0.0	0.0	0.258
5729	0.0	0.0	0.268
5730	0.0	0.0	0.333
5731	0.0	0.0	0.371
5732	0.0	0.0	0.459
5733	0.0	0.0	0.472
5734	0.0	0.0	0.440
5735	0.0	0.0	0.265
5736	0.0	0.0	0.166
5737	0.0	0.0	0.115
5738	0.0	0.0	0.062
5739	0.0	0.0	0.024
5740	0.0	0.0	0.018
5741	0.0	0.0	0.053
5742	0.0	0.0	0.132
5743	0.0	0.0	0.358
5744	0.0	0.0	0.383
5745	0.0	0.0	0.384
5746	0.0	0.0	0.403
5747	0.0	0.0	0.384
5748	0.0	0.0	0.373
5749	0.0	0.0	0.345
5750	0.0	0.0	0.303
5751	0.0	0.0	0.276
5752	0.0	0.0	0.258
5753	0.0	0.0	0.268
5754	0.0	0.0	0.333
5755	0.0	0.0	0.371
5756	0.0	0.0	0.459
5757	0.0	0.0	0.472
5758	0.0	0.0	0.440
5759	0.0	0.0	0.265
5760	0.0	0.0	0.166
5761	0.0	0.0	0.115
5762	0.0	0.0	0.062
5763	0.0	0.0	0.024
5764	0.0	0.0	0.018
5765	0.0	0.0	0.053
5766	0.0	0.0	0.132
5767	0.0	0.0	0.358
5768	0.0	0.0	0.383
5769	0.0	0.0	0.384
5770	0.0	0.0	0.403
5771	0.0	0.0	0.384
5772	0.0	0.0	0.373
5773	0.0	0.0	0.345
5774	0.0	0.0	0.303
5775	0.0	0.0	0.276
5776	0.0	0.0	0.258
5777	0.0	0.0	0.268
5778	0.0	0.0	0.333
5779	0.0	0.0	0.371
5780	0.0	0.0	0.459
5781	0.0	0.0	0.472
5782	0.0	0.0	0.440
5783	0.0	0.0	0.265
5784	0.0	0.0	0.166
5785	0.0	0.0	0.115
5786	0.0	0.0	0.062
5787	0.0	0.0	0.024
5788	0.0	0.0	0.018
5789	0.0	0.0	0.053
5790	0.0	0.0	0.132
5791	0.0	0.0	0.358
5792	0.0	0.0	0.383
5793	0.0	0.0	0.384
5794	0.0	0.0	0.403
5795	0.0	0.0	0.384
5796	0.0	0.0	0.373
5797	0.0	0.0	0.345
5798	0.0	0.0	0.303
5799	0.0	0.0	0.276
5800	0.0	0.0	0.258
5801	0.0	0.0	0.268
5802	0.0	0.0	0.333
5803	0.0	0.0	0.371
5804	0.0	0.0	0.459
5805	0.0	0.0	0.472
5806	0.0	0.0	0.440
5807	0.0	0.0	0.265
5808	0.0	0.0	0.166
5809	0.0	0.0	0.115
5810	0.0	0.0	0.062
5811	0.0	0.0	0.024
5812	0.0	0.0	0.018
5813	0.0	0.0	0.053
5814	0.0	0.0	0.132
5815	0.0	0.0	0.358
5816	0.0	0.0	0.383
5817	0.0	0.0	0.384
5818	0.0	0.0	0.403
5819	0.0	0.0	0.384
5820	0.0	0.0	0.373
5821	0.0	0.0	0.345
5822	0.0	0.0	0.303
5823	0.0	0.0	0.276
5824	0.0	0.0	0.258
5825	0.0	0.0	0.268
5826	0.0	0.0	0.333
5827	0.0	0.0	0.371
5828	0.0	0.0	0.459
5829	0.0	0.0	0.472
5830	0.0	0.0	0.440
5831	0.0	0.0	0.265
5832	0.0	0.0	0.166
5833	0.0	0.0	0.115
5834	0.0	0.0	0.062
5835	0.0	0.0	0.024
5836	0.0	0.0	0.018
5837	0.0	0.0	0.053
5838	0.0	0.0	0.132
5839	0.0	0.0	0.358
5840	0.0	0.0	0.383
5841	0.0	0.0	0.384
5842	0.0	0.0	0.403
5843	0.0	0.0	0.384
5844	0.0	0.0	0.373
5845	0.0	0.0	0.345
5846	0.0	0.0	0.303
5847	0.0	0.0	0.276
5848	0.0	0.0	0.258
5849	0.0	0.0	0.268
5850	0.0	0.0	0.333
5851	0.0	0.0	0.371
5852	0.0	0.0	0.459
5853	0.0	0.0	0.472
5854	0.0	0.0	0.440
5855	0.0	0.0	0.265
5856	0.0	0.0	0.166
5857	0.0	0.0	0.115
5858	0.0	0.0	0.062
5859	0.0	0.0	0.024
5860	0.0	0.0	0.018
5861	0.0	0.0	0.053
5862	0.0	0.0	0.132
5863	0.0	0.0	0.358
5864	0.0	0.0	0.383
5865	0.0	0.0	0.384
5866	0.0	0.0	0.403
5867	0.0	0.0	0.384
5868	0.0	0.0	0.373
5869	0.0	0.0	0.345
5870	0.0	0.0	0.303
5871	0.0	0.0	0.276
5872	0.0	0.0	0.258
5873	0.0	0.0	0.268
5874	0.0	0.0	0.333
5875	0.0	0.0	0.371
5876	0.0	0.0	0.459
5877	0.0	0.0	0.472
5878	0.0	0.0	0.440
5879	0.0	0.0	0.265
5880	0.0	0.0	0.166
5881	0.0	0.0	0.115
5882	0.0	0.0	0.062
5883	0.0	0.0	0.024
5884	0.0	0.0	0.018
5885	0.0	0.0	0.053
5886	0.0	0.0	0.132
5887	0.0	0.0	0.358
5888	0.0	0.0	0.383
5889	0.0	0.0	0.384
5890	0.0	0.0	0.403
5891	0.0	0.0	0.384
5892	0.0	0.0	0.373
5893	0.0	0.0	0.345
5894	0.0	0.0	0.303
5895	0.0	0.0	0.276
5896	0.0	0.0	0.258
5897	0.0	0.0	0.268
5898	0.0	0.0	0.333
5899	0.0	0.0	0.371
5900	0.0	0.0	0.459
5901	0.0	0.0	0.472
5902	0.0	0.0	0.440
5903	0.0	0.0	0.265
5904	0.0	0.0	0.166
5905	0.0	0.0	0.115
5906	0.0	0.0	0.062
5907	0.0	0.0	0.024
5908	0.0	0.0	0.018
5909	0.0	0.0	0.053
5910	0.0	0.0	0.132
5911	0.0	0.0	0.358
5912	0.0	0.0	0.383
5913	0.0	0.0	0.384
5914	0.0	0.0	0.403
5915	0.0	0.0	0.384
5916	0.0	0.0	0.373
5917	0.0	0.0	0.345
5918	0.0	0.0	0.303
5919	0.0	0.0	0.276
5920	0.0	0.0	0.258
5921	0.0	0.0	0.268
5922	0.0	0.0	0.333
5923	0.0	0.0	0.371
5924	0.0	0.0	0.459
5925	0.0	0.0	0.472
5926	0.0	0.0	0.440
5927	0.0	0.0	0.265
5928	0.0	0.0	0.166
5929	0.0	0.0	0.115
5930	0.0	0.0	0.062
5931	0.0	0.0	0.024
5932	0.0	0.0	0.018
5933	0.0	0.0	0.053
5934	0.0	0.0	0.132
5935	0.0	0.0	0.358
5936	0.0	0.0	0.383
5937	0.0	0.0	0.384
5938	0.0	0.0	0.403
5939	0.0	0.0	0.384
5940	0.0	0.0	0.373
5941	0.0	0.0	0.345
5942	0.0	0.0	0.303
5943	0.0	0.0	0.276
5944	0.0	0.0	0.258
5945	0.0	0.0	0.268
5946	0.0	0.0	0.333
5947	0.0	0.0	0.371
5948	0.0	0.0	0.459
5949	0.0	0.0	0.472
5950	0.0	0.0	0.440
5951	0.0	0.0	0.265
5952	0.0	0.0	0.166
5953	0.0	0.0	0.115
5954	0.0	0.0	0.062
5955	0.0	0.0	0.024
5956	0.0	0.0	0.018
5957	0.0	0.0	0.053
5958	0.0	0.0	0.132
5959	0.0	0.0	0.358
5960	0.0	0.0	0.383
5961	0.0	0.0	0.384
5962	0.0	0.0	0.403
5963	0.0	0.0	0.384
5964	0.0	0.0	0.373
5965	0.0	0.0	0.345
5966	0.0	0.0	0.303
5967	0.0	0.0	0.276
5968	0.0	0.0	0.258
5969	0.0	0.0	0.268
5970	0.0	0.0	0.333
5971	0.0	0.0	0.371
5972	0.0	0.0	0.459
5973	0.0	0.0	0.472
5974	0.0	0.0	0.440
5975	0.0	0.0	0.265
5976	0.0	0.0	0.166
5977	0.0	0.0	0.115
5978	0.0	0.0	0.062
5979	0.0	0.0	0.024
5980	0.0	0.0	0.018
5981	0.0	0.0	0.053
5982	0.0	0.0	0.132
5983	0.0	0.0	0.358
5984	0.0	0.0	0.383
5985	0.0	0.0	0.384
5986	0.0	0.0	0.403
5987	0.0	0.0	0.384
5988	0.0	0.0	0.373
5989	0.0	0.0	0.345
5990	0.0	0.0	0.303
5991	0.0	0.0	0.276
5992	0.0	0.0	0.258
5993	0.0	0.0	0.268
5994	0.0	0.0	0.333
5995	0.0	0.0	0.371
5996	0.0	0.0	0.459
5997	0.0	0.0	0.472
5998	0.0	0.0	0.440
5999	0.0	0.0	0.265
6000	0.0	0.0	0.166
6001	0.0	0.0	0.115
6002	0.0	0.0	0.062
6003	0.0	0.0	0.024
6004	0.0	0.0	0.018
6005	0.0	0.0	0.053
6006	0.0	0.0	0.132
6007	0.0	0.0	0.358
6008	0.0	0.0	0.383
6009	0.0	0.0	0.384
6010	0.0	0.0	0.403
6011	0.0	0.0	0.384
6012	0.0	0.0	0.373
6013	0.0	0.0	0.345
6014	0.0	0.0	0.303
6015	0.0	0.0	0.276
6016	0.0	0.0	0.258
6017	0.0	0.0	0.268
6018	0.0	0.0	0.333
6019	0.0	0.0	0.371
6020	0.0	0.0	0.459
6021	0.0	0.0	0.472
6022	0.0	0.0	0.440
6023	0.0	0.0	0.265
6024	0.0	0.0	0.166
6025	0.0	0.0	0.115
6026	0.0	0.0	0.062
6027	0.0	0.0	0.024
6028	0.0	0.0	0.018
6029	0.0	0.0	0.053
6030	0.0	0.0	0.132
6031	0.0	0.0	0.358
6032	0.0	0.0	0.383
6033	0.0	0.0	0.384
6034	0.0	0.0	0.403
6035	0.0	0.0	0.384
6036	0.0	0.0	0.373
6037	0.0	0.0	0.345
6038	0.0	0.0	0.303
6039	0.0	0.0	0.276
6040	0.0	0.0	0.258
6041	0.0	0.0	0.268
6042	0.0	0.0	0.333
6043	0.0	0.0	0.371
6044	0.0	0.0	0.459
6045	0.0	0.0	0.472
6046	0.0	0.0	0.440
6047	0.0	0.0	0.265
6048	0.0	0.0	0.166
6049	0.0	0.0	0.115
6050	0.0	0.0	0.062
6051	0.0	0.0	0.024
6052	0.0	0.0	0.018
6053	0.0	0.0	0.053
6054	0.0	0.0	0.132
6055	0.0	0.0	0.358
6056	0.0	0.0	0.383
6057	0.0	0.0	0.384
6058	0.0	0.0	0.403
6059	0.0	0.0	0.384
6060	0.0	0.0	0.373
6061	0.0	0.0	0.345
6062	0.0	0.0	0.303
6063	0.0	0.0	0.276
6064	0.0	0.0	0.258
6065	0.0	0.0	0.268
6066	0.0	0.0	0.333
6067	0.0	0.0	0.371
6068	0.0	0.0	0.459
6069	0.0	0.0	0.472
6070	0.0	0.0	0.440
6071	0.0	0.0	0.265
6072	0.0	0.0	0.166
6073	0.0	0.0	0.115
6074	0.0	0.0	0.062
6075	0.0	0.0	0.024
6076	0.0	0.0	0.018
6077	0.0	0.0	0.053
6078	0.0	0.0	0.132
6079	0.0	0.0	0.358
6080	0.0	0.0	0.383
6081	0.0	0.0	0.384
6082	0.0	0.0	0.403
6083	0.0	0.0	0.384
6084	0.0	0.0	0.373
6085	0.0	0.0	0.345
6086	0.0	0.0	0.303
6087	0.0	0.0	0.276
6088	0.0	0.0	0.258
6089	0.0	0.0	0.268
6090	0.0	0.0	0.333
6091	0.0	0.0	0.371
6092	0.0	0.0	0.459
6093	0.0	0.0	0.472
6094	0.0	0.0	0.440
6095	0.0	0.0	0.265
6096	0.0	0.0	0.166
6097	0.0	0.0	0.115
6098	0.0	0.0	0.062
6099	0.0	0.0	0.024
6100	0.0	0.0	0.018
6101	0.0	0.0	0.053
6102	0.0	0.0	0.132
6103	0.0	0.0	0.358
6104	0.0	0.0	0.383
6105	0.0	0.0	0.384
6106	0.0	0.0	0.403
6107	0.0	0.0	0.384
6108	0.0	0.0	0.373
6109	0.0	0.0	0.345
6110	0.0	0.0	0.303
6111	0.0	0.0	0.276
6112	0.0	0.0	0.258
6113	0.0	0.0	0.268
6114	0.0	0.0	0.333
6115	0.0	0.0	0.371
6116	0.0	0.0	0.459
6117	0.0	0.0	0.472
6118	0.0	0.0	0.440
6119	0.0	0.0	0.265
6120	0.0	0.0	0.166
6121	0.0	0.0	0.115
6122	0.0	0.0	0.062
6123	0.0	0.0	0.024
6124	0.0	0.0	0.018
6125	0.0	0.0	0.053
6126	0.0	0.0	0.132
6127	0.0	0.0	0.358
6128	0.0	0.0	0.383
6129	0.0	0.0	0.384
6130	0.0	0.0	0.403
6131	0.0	0.0	0.384
6132	0.0	0.0	0.373
6133	0.0	0.0	0.345
6134	0.0	0.0	0.303
6135	0.0	0.0	0.276
6136	0.0	0.0	0.258
6137	0.0	0.0	0.268
6138	0.0	0.0	0.333
6139	0.0	0.0	0.371
6140	0.0	0.0	0.459
6141	0.0	0.0	0.472
6142	0.0	0.0	0.440
6143	0.0	0.0	0.265
6144	0.0	0.0	0.166
6145	0.0	0.0	0.115
6146	0.0	0.0	0.062
6147	0.0	0.0	0.024
6148	0.0	0.0	0.018
6149	0.0	0.0	0.053
6150	0.0	0.0	0.132
6151	0.0	0.0	0.358
6152	0.0	0.0	0.383
6153	0.0	0.0	0.384
6154	0.0	0.0	0.403
6155	0.0	0.0	0.384
6156	0.0	0.0	0.373
6157	0.0	0.0	0.345
6158	0.0	0.0	0.303
6159	0.0	0.0	0.276
6160	0.0	0.0	0.258
6161	0.0	0.0	0.268
6162	0.0	0.0	0.333
6163	0.0	0.0	0.371
6164	0.0	0.0	0.459
6165	0.0	0.0	0.472
6166	0.0	0.0	0.440
6167	0.0	0.0	0.265
6168	0.0	0.0	0.166
6169	0.0	0.0	0.115
6170	0.0	0.0	0.062
6171	0.0	0.0	0.024
6172	0.0	0.0	0.018
6173	0.0	0.0	0.053
6174	0.0	0.0	0.132
6175	0.0	0.0	0.358
6176	0.0	0.0	0.383
6177	0.0	0.0	0.384
6178	0.0	0.0	0.403
6179	0.0	0.0	0.384
6180	0.0	0.0	0.373
6181	0.0	0.0	0.345
6182	0.0	0.0	0.303
6183	0.0	0.0	0.276
6184	0.0	0.0	0.258
6185	0.0	0.0	0.268
6186	0.0	0.0	0.333
6187	0.0	0.0	0.371
6188	0.0	0.0	0.459
6189	0.0	0.0	0.472
6190	0.0	0.0	0.440
6191	0.0	0.0	0.265
6192	0.0	0.0	0.166
6193	0.0	0.0	0.115
6194	0.0	0.0	0.062
6195	0.0	0.0	0.024
6196	0.0	0.0	0.018
6197	0.0	0.0	0.053
6198	0.0	0.0	0.132
6199	0.0	0.0	0.358
6200	0.0	0.0	0.383
6201	0.0	0.0	0.384
6202	0.0	0.0	0.403
6203	0.0	0.0	0.384
6204	0.0	0.0	0.373
6205	0.0	0.0	0.345
6206	0.0	0.0	0.303
6207	0.0	0.0	0.276
6208	0.0	0.0	0.258
6209	0.0	0.0	0.268
6210	0.0	0.0	0.333
6211	0.0	0.0	0.371
6212	0.0	0.0	0.459
6213	0.0	0.0	0.472
6214	0.0	0.0	0.440
6215	0.0	0.0	0.265
6216	0.0	0.0	0.166
6217	0.0	0.0	0.115
6218	0.0	0.0	0.062
6219	0.0	0.0	0.024
6220	0.0	0.0	0.018
6221	0.0	0.0	0.053
6222	0.0	0.0	0.132
6223	0.0	0.0	0.358
6224	0.0	0.0	0.383
6225	0.0	0.0	0.384
6226	0.0	0.0	0.403
6227	0.0	0.0	0.384
6228	0.0	0.0	0.373
6229	0.0	0.0	0.345
6230	0.0	0.0	0.303
6231	0.0	0.0	0.276
6232	0.0	0.0	0.258
6233	0.0	0.0	0.268
6234	0.0	0.0	0.333
6235	0.0	0.0	0.371
6236	0.0	0.0	0.459
6237	0.0	0.0	0.472
6238	0.0	0.0	0.440
6239	0.0	0.0	0.265
6240	0.0	0.0	0.166
6241	0.0	0.0	0.115
6242	0.0	0.0	0.062
6243	0.0	0.0	0.024
6244	0.0	0.0	0.018
6245	0.0	0.0	0.053
6246	0.0	0.0	0.132
6247	0.0	0.0	0.358
6248	0.0	0.0	0.383
6249	0.0	0.0	0.384
6250	0.0	0.0	0.403
6251	0.0	0.0	0.384
6252	0.0	0.0	0.373
6253	0.0	0.0	0.345
6254	0.0	0.0	0.303
6255	0.0	0.0	0.276
6256	0.0	0.0	0.258
6257	0.0	0.0	0.268
6258	0.0	0.0	0.333
6259	0.0	0.0	0.371
6260	0.0	0.0	0.459
6261	0.0	0.0	0.472
6262	0.0	0.0	0.440
6263	0.0	0.0	0.265
6264	0.0	0.0	0.166
6265	0.0	0.0	0.115
6266	0.0	0.0	0.062
6267	0.0	0.0	0.024
6268	0.0	0.0	0.018
6269	0.0	0.0	0.053
6270	0.0	0.0	0.132
6271	0.0	0.0	0.358
6272	0.0	0.0	0.383
6273	0.0	0.0	0.384
6274	0.0	0.0	0.403
6275	0.0	0.0	0.384
6276	0.0	0.0	0.373
6277	0.0	0.0	0.345
6278	0.0	0.0	0.303
6279	0.0	0.0	0.276
6280	0.0	0.0	0.258
6281	0.0	0.0	0.268
6282	0.0	0.0	0.333
6283	0.0	0.0	0.371
6284	0.0	0.0	0.459
6285	0.0	0.0	0.472
6286	0.0	0.0	0.440
6287	0.0	0.0	0.265
6288	0.0	0.0	0.166
6289	0.0	0.0	0.115
6290	0.0	0.0	0.062
6291	0.0	0.0	0.024
6292	0.0	0.0	0.018
6293	0.0	0.0	0.053
6294	0.0	0.0	0.132
6295	0.0	0.0	0.358
6296	0.0	0.0	0.383
6297	0.0	0.0	0.384
6298	0.0	0.0	0.403
6299	0.0	0.0	0.384
6300	0.0	0.0	0.373
6301	0.0	0.0	0.345
6302	0.0	0.0	0.303
6303	0.0	0.0	0.276
6304	0.0	0.0	0.258
6305	0.0	0.0	0.268
6306	0.0	0.0	0.333
6307	0.0	0.0	0.371
6308	0.0	0.0	0.459
6309	0.0	0.0	0.472
6310	0.0	0.0	0.440
6311	0.0	0.0	0.265
6312	0.0	0.0	0.166
6313	0.0	0.0	0.115
6314	0.0	0.0	0.062
6315	0.0	0.0	0.024
6316	0.0	0.0	0.018
6317	0.0	0.0	0.053
6318	0.0	0.0	0.132
6319	0.0	0.0	0.358
6320	0.0	0.0	0.383
6321	0.0	0.0	0.384
6322	0.0	0.0	0.403
6323	0.0	0.0	0.384
6324	0.0	0.0	0.373
6325	0.0	0.0	0.345
6326	0.0	0.0	0.303
6327	0.0	0.0	0.276
6328	0.0	0.0	0.258
6329	0.0	0.0	0.268
6330	0.0	0.0	0.333
6331	0.0	0.0	0.371
6332	0.0	0.0	0.459
6333	0.0	0.0	0.472
6334	0.0	0.0	0.440
6335	0.0	0.0	0.265
6336	0.0	0.0	0.166
6337	0.0	0.0	0.115
6338	0.0	0.0	0.062
6339	0.0	0.0	0.024
6340	0.0	0.0	0.018
6341	0.0	0.0	0.053
6342	0.0	0.0	0.132
6343	0.0	0.0	0.358
6344	0.0	0.0	0.383
6345	0.0	0.0	0.384
6346	0.0	0.0	0.403
6347	0.0	0.0	0.384
6348	0.0	0.0	0.373
6349	0.0	0.0	0.345
6350	0.0	0.0	0.303
6351	0.0	0.0	0.276
6352	0.0	0.0	0.258
6353	0.0	0.0	0.268
6354	0.0	0.0	0.333
6355	0.0	0.0	0.371
6356	0.0	0.0	0.459
6357	0.0	0.0	0.472
6358	0.0	0.0	0.440
6359	0.0	0.0	0.265
6360	0.0	0.0	0.166
6361	0.0	0.0	0.115
6362	0.0	0.0	0.062
6363	0.0	0.0	0.024
6364	0.0	0.0	0.018
6365	0.0	0.0	0.053
6366	0.0	0.0	0.132
6367	0.0	0.0	0.358
6368	0.0	0.0	0.383
6369	0.0	0.0	0.384
6370	0.0	0.0	0.403
6371	0.0	0.0	0.384
6372	0.0	0.0	0.373
6373	0.0	0.0	0.345
6374	0.0	0.0	0.303
6375	0.0	0.0	0.276
6376	0.0	0.0	0.258
6377	0.0	0.0	0.268
6378	0.0	0.0	0.333
6379	0.0	0.0	0.371
6380	0.0	0.0	0.459
6381	0.0	0.0	0.472
6382	0.0	0.0	0.440
6383	0.0	0.0	0.265
6384	0.0	0.0	0.166
6385	0.0	0.0	0.115
6386	0.0	0.0	0.062
6387	0.0	0.0	0.024
6388	0.0	0.0	0.018
6389	0.0	0.0	0.053
6390	0.0	0.0	0.132
6391	0.0	0.0	0.358
6392	0.0	0.0	0.383
6393	0.0	0.0	0.384
6394	0.0	0.0	0.403
6395	0.0	0.0	0.384
6396	0.0	0.0	0.373
6397	0.0	0.0	0.345
6398	0.0	0.0	0.303
6399	0.0	0.0	0.276
6400	0.0	0.0	0.258
6401	0.0	0.0	0.268
6402	0.0	0.0	0.333
6403	0.0	0.0	0.371
6404	0.0	0.0	0.459
6405	0.0	0.0	0.472
6406	0.0	0.0	0.440
6407	0.0	0.0	0.265
6408	0.0	0.0	0.166
6409	0.0	0.0	0.115
6410	0.0	0.0	0.062
6411	0.0	0.0	0.024
6412	0.0	0.0	0.018
6413	0.0	0.0	0.053
6414	0.0	0.0	0.132
6415	0.0	0.0	0.358
6416	0.0	0.0	0.383
6417	0.0	0.0	0.384
6418	0.0	0.0	0.403
6419	0.0	0.0	0.384
6420	0.0	0.0	0.373
6421	0.0	0.0	0.345
6422	0.0	0.0	0.303
6423	0.0	0.0	0.276
6424	0.0	0.0	0.258
6425	0.0	0.0	0.268
6426	0.0	0.0	0.333
6427	0.0	0.0	0.371
6428	0.0	0.0	0.459
6429	0.0	0.0	0.472
6430	0.0	0.0	0.440
6431	0.0	0.0	0.265
6432	0.0	0.0	0.166
6433	0.0	0.0	0.115
6434	0.0	0.0	0.062
6435	0.0	0.0	0.024
6436	0.0	0.0	0.018
6437	0.0	0.0	0.053
6438	0.0	0.0	0.132
6439	0.0	0.0	0.358
6440	0.0	0.0	0.383
6441	0.0	0.0	0.384
6442	0.0	0.0	0.403
6443	0.0	0.0	0.384
6444	0.0	0.0	0.373
6445	0.0	0.0	0.345
6446	0.0	0.0	0.303
6447	0.0	0.0	0.276
6448	0.0	0.0	0.258
6449	0.0	0.0	0.268
6450	0.0	0.0	0.333
6451	0.0	0.0	0.371
6452	0.0	0.0	0.459
6453	0.0	0.0	0.472
6454	0.0	0.0	0.440
6455	0.0	0.0	0.265
6456	0.0	0.0	0.166
6457	0.0	0.0	0.115
6458	0.0	0.0	0.062
6459	0.0	0.0	0.024
6460	0.0	0.0	0.018
6461	0.0	0.0	0.053
6462	0.0	0.0	0.132
6463	0.0	0.0	0.358
6464	0.0	0.0	0.383
6465	0.0	0.0	0.384
6466	0.0	0.0	0.403
6467	0.0	0.0	0.384
6468	0.0	0.0	0.373
6469	0.0	0.0	0.345
6470	0.0	0.0	0.303
6471	0.0	0.0	0.276
6472	0.0	0.0	0.258
6473	0.0	0.0	0.268
6474	0.0	0.0	0.333
6475	0.0	0.0	0.371
6476	0.0	0.0	0.459
6477	0.0	0.0	0.472
6478	0.0	0.0	0.440
6479	0.0	0.0	0.265
6480	0.0	0.0	0.166
6481	0.0	0.0	0.115
6482	0.0	0.0	0.062
6483	0.0	0.0	0.024
6484	0.0	0.0	0.018
6485	0.0	0.0	0.053
6486	0.0	0.0	0.132
6487	0.0	0.0	0.358
6488	0.0	0.0	0.383
6489	0.0	0.0	0.384
6490	0.0	0.0	0.403
6491	0.0	0.0	0.384
6492	0.0	0.0	0.373
6493	0.0	0.0	0.345
6494	0.0	0.0	0.303
6495	0.0	0.0	0.276
6496	0.0	0.0	0.258
6497	0.0	0.0	0.268
6498	0.0	0.0	0.333
6499	0.0	0.0	0.371
6500	0.0	0.0	0.459
6501	0.0	0.0	0.472
6502	0.0	0.0	0.440
6503	0.0	0.0	0.265
6504	0.0	0.0	0.166
6505	0.0	0.0	0.115
6506	0.0	0.0	0.062
6507	0.0	0.0	0.024
6508	0.0	0.0	0.018
6509	0.0	0.0	0.053
6510	0.0	0.0	0.132
6511	0.0	0.0	0.358
6512	0.0	0.0	0.383
6513	0.0	0.0	0.384
6514	0.0	0.0	0.403
6515	0.0	0.0	0.384
6516	0.0	0.0	0.373
6517	0.0	0.0	0.345
6518	0.0	0.0	0.303
6519	0.0	0.0	0.276
6520	0.0	0.0	0.258
6521	0.0	0.0	0.268
6522	0.0	0.0	0.333
6523	0.0	0.0	0.371
6524	0.0	0.0	0.459
6525	0.0	0.0	0.472
6526	0.0	0.0	0.440
6527	0.0	0.0	0.265
6528	0.0	0.0	0.166
6529	0.0	0.0	0.115
6530	0.0	0.0	0.062
6531	0.0	0.0	0.024
6532	0.0	0.0	0.018
6533	0.0	0.0	0.053
6534	0.0	0.0	0.132
6535	0.0	0.0	0.358
6536	0.0	0.0	0.383
6537	0.0	0.0	0.384
6538	0.0	0.0	0.403
6539	0.0	0.0	0.384
6540	0.0	0.0	0.373
6541	0.0	0.0	0.345
6542	0.0	0.0	0.303
6543	0.0	0.0	0.276
6544	0.0	0.0	0.258
6545	0.0	0.0	0.268
6546	0.0	0.0	0.333
6547	0.0	0.0	0.371
6548	0.0	0.0	0.459
6549	0.0	0.0	0.472
6550	0.0	0.0	0.440
6551	0.0	0.0	0.265
6552	0.0	0.0	0.166
6553	0.0	0.0	0.115
6554	0.0	0.0	0.062
6555	0.0	0.0	0.024
6556	0.0	0.0	0.018
6557	0.0	0.0	0.053
6558	0.0	0.0	0.132
6559	0.0	0.0	0.358
6560	0.0	0.0	0.383
6561	0.0	0.0	0.384
6562	0.0	0.0	0.403
6563	0.0	0.0	0.384
6564	0.0	0.0	0.373
6565	0.0	0.0	0.345
6566	0.0	0.0	0.303
6567	0.0	0.0	0.276
6568	0.0	0.0	0.258
6569	0.0	0.0	0.268
6570	0.0	0.0	0.333
6571	0.0	0.0	0.371
6572	0.0	0.0	0.459
6573	0.0	0.0	0.472
6574	0.0	0.0	0.440
6575	0.0	0.0	0.265
6576	0.0	0.0	0.166
6577	0.0	0.0	0.115
6578	0.0	0.0	0.062
6579	0.0	0.0	0.024
6580	0.0	0.0	0.018
6581	0.0	0.0	0.053
6582	0.1	0.0	0.132
6583	0.1	0.0	0.358
6584	0.2	0.0	0.383
6585	0.2	0.0	0.384
6586	0.2	0.0	0.403
6587	0.2	0.0	0.384
6588	0.2	0.0	0.373
6589	0.1	0.0	0.345
6590	0.1	0.0	0.303
6591	0.1	0.0	0.276
6592	0.1	0.0	0.258
6593	0.2	0.0	0.268
6594	0.2	0.0	0.333
6595	0.2	0.0	0.371
6596	0.2	0.0	0.459
6597	0.3	0.0	0.472
6598	0.3	0.0	0.440
6599	0.3	0.0	0.265
6600	0.3	0.0	0.166
6601	0.2	0.0	0.115
6602	0.2	0.0	0.062
6603	0.2	0.0	0.024
6604	0.2	0.0	0.018
6605	0.2	0.0	0.053
6606	0.3	0.0	0.132
6607	0.3	0.0	0.358
6608	0.4	0.0	0.383
6609	0.4	0.0	0.384
6610	0.3	0.0	0.403
6611	0.3	0.0	0.384
6612	0.3	0.0	0.373
6613	0.3	0.0	0.345
6614	0.3	0.0	0.303
6615	0.3	0.0	0.276
6616	0.3	0.0	0.258
6617	0.3	0.0	0.268
6618	0.3	0.0	0.333
6619	0.3	0.0	0.371
6620	0.4	0.0	0.459
6621	0.4	0.0	0.472
6622	0.4	0.0	0.440
6623	0.4	0.0	0.265
6624	0.4	0.0	0.166
6625	0.3	0.0	0.115
6626	0.3	0.0	0.062
6627	0.3	0.0	0.024
6628	0.3	0.0	0.018
6629	0.3	0.0	0.053
6630	0.3	0.0	0.132
6631	0.3	0.0	0.358
6632	0.4	0.0	0.383
6633	0.4	0.0	0.384
6634	0.4	0.0	0.403
6635	0.4	0.0	0.384
6636	0.3	0.0	0.373
6637	0.3	0.0	0.345
6638	0.3	0.0	0.303
6639	0.3	0.0	0.276
6640	0.3	0.0	0.258
6641	0.3	0.0	0.268
6642	0.3	0.0	0.333
6643	0.4	0.0	0.371
6644	0.4	0.0	0.459
6645	0.4	0.0	0.472
6646	0.4	0.0	0.440
6647	0.4	0.0	0.265
6648	0.4	0.0	0.166
6649	0.3	0.0	0.115
6650	0.3	0.0	0.062
6651	0.3	0.0	0.024
6652	0.3	0.0	0.018
6653	0.3	0.0	0.053
6654	0.3	0.0	0.132
6655	0.3	0.0	0.358
6656	0.4	0.0	0.383
6657	0.4	0.0	0.384
6658	0.3	0.0	0.403
6659	0.3	0.0	0.384
6660	0.3	0.0	0.373
6661	0.2	0.0	0.345
6662	0.2	0.0	0.303
6663	0.2	0.0	0.276
6664	0.2	0.0	0.258
6665	0.2	0.0	0.268
6666	0.3	0.0	0.333
6667	0.3	0.0	0.371
6668	0.3	0.0	0.459
6669	0.4	0.0	0.472
6670	0.4	0.0	0.440
6671	0.4	0.0	0.265
6672	0.4	0.0	0.166
6673	0.3	0.0	0.115
6674	0.3	0.0	0.062
6675	0.3	0.0	0.024
6676	0.3	0.0	0.018
6677	0.3	0.0	0.053
6678	0.3	0.0	0.132
6679	0.3	0.0	0.358
6680	0.4	0.0	0.383
6681	0.4	0.0	0.384
6682	0.4	0.0	0.403
6683	0.3	0.0	0.384
6684	0.3	0.0	0.373
6685	0.3	0.0	0.345
6686	0.2	0.0	0.303
6687	0.2	0.0	0.276
6688	0.2	0.0	0.258
6689	0.2	0.0	0.268
6690	0.3	0.0	0.333
6691	0.3	0.0	0.371
6692	0.3	0.0	0.459
6693	0.3	0.0	0.472
6694	0.3	0.0	0.440
6695	0.3	0.0	0.265
6696	0.3	0.0	0.166
6697	0.2	0.0	0.115
6698	0.2	0.0	0.062
6699	0.2	0.0	0.024
6700	0.3	0.0	0.018
6701	0.3	0.0	0.053
6702	0.3	0.0	0.132
6703	0.3	0.0	0.358
6704	0.4	0.0	0.383
6705	0.4	0.0	0.384
6706	0.3	0.0	0.403
6707	0.3	0.0	0.384
6708	0.3	0.0	0.373
6709	0.3	0.0	0.345
6710	0.3	0.0	0.303
6711	0.3	0.0	0.276
6712	0.3	0.0	0.258
6713	0.3	0.0	0.268
6714	0.3	0.0	0.333
6715	0.4	0.0	0.371
6716	0.4	0.0	0.459
6717	0.4	0.0	0.472
6718	0.4	0.0	0.440
6719	0.4	0.0	0.265
6720	0.4	0.0	0.166
6721	0.3	0.0	0.115
6722	0.3	0.0	0.062
6723	0.3	0.0	0.024
6724	0.3	0.0	0.018
6725	0.4	0.0	0.053
6726	0.4	0.0	0.132
6727	0.4	0.0	0.358
6728	0.5	0.0	0.383
6729	0.5	0.0	0.384
6730	0.4	0.0	0.403
6731	0.4	0.0	0.384
6732	0.4	0.0	0.373
6733	0.3	0.0	0.345
6734	0.3	0.0	0.303
6735	0.3	0.0	0.276
6736	0.3	0.0	0.258
6737	0.3	0.0	0.268
6738	0.3	0.0	0.333
6739	0.3	0.0	0.371
6740	0.4	0.0	0.459
6741	0.4	0.0	0.472
6742	0.4	0.0	0.440
6743	0.4	0.0	0.265
6744	0.4	0.0	0.166
6745	0.3	0.0	0.115
6746	0.3	0.0	0.062
6747	0.3	0.0	0.024
6748	0.3	0.0	0.018
6749	0.3	0.0	0.053
6750	0.3	0.0	0.132
6751	0.3	0.0	0.358
6752	0.4	0.0	0.383
6753	0.4	0.0	0.384
6754	0.3	0.0	0.403
6755	0.3	0.0	0.384
6756	0.3	0.0	0.373
6757	0.2	0.0	0.345
6758	0.2	0.0	0.303
6759	0.2	0.0	0.276
6760	0.2	0.0	0.258
6761	0.2	0.0	0.268
6762	0.2	0.0	0.333
6763	0.3	0.0	0.371
6764	0.3	0.0	0.459
6765	0.3	0.0	0.472
6766	0.3	0.0	0.440
6767	0.3	0.0	0.265
6768	0.3	0.0	0.166
6769	0.3	0.0	0.115
6770	0.3	0.0	0.062
6771	0.3	0.0	0.024
6772	0.3	0.0	0.018
6773	0.3	0.0	0.053
6774	0.3	0.0	0.132
6775	0.3	0.0	0.358
6776	0.4	0.0	0.383
6777	0.4	0.0	0.384
6778	0.4	0.0	0.403
6779	0.3	0.0	0.384
6780	0.3	0.0	0.373
6781	0.3	0.0	0.345
6782	0.2	0.0	0.303
6783	0.2	0.0	0.276
6784	0.2	0.0	0.258
6785	0.3	0.0	0.268
6786	0.3	0.0	0.333
6787	0.3	0.0	0.371
6788	0.3	0.0	0.459
6789	0.3	0.0	0.472
6790	0.4	0.0	0.440
6791	0.4	0.0	0.265
6792	0.4	0.0	0.166
6793	0.3	0.0	0.115
6794	0.3	0.0	0.062
6795	0.3	0.0	0.024
6796	0.3	0.0	0.018
6797	0.3	0.0	0.053
6798	0.2	0.0	0.132
6799	0.3	0.0	0.358
6800	0.4	0.0	0.383
6801	0.4	0.0	0.384
6802	0.3	0.0	0.403
6803	0.3	0.0	0.384
6804	0.3	0.0	0.373
6805	0.2	0.0	0.345
6806	0.2	0.0	0.303
6807	0.2	0.0	0.276
6808	0.2	0.0	0.258
6809	0.2	0.0	0.268
6810	0.2	0.0	0.333
6811	0.3	0.0	0.371
6812	0.3	0.0	0.459
6813	0.3	0.0	0.472
6814	0.3	0.0	0.440
6815	0.3	0.0	0.265
6816	0.3	0.0	0.166
6817	0.2	0.0	0.115
6818	0.2	0.0	0.062
6819	0.2	0.0	0.024
6820	0.2	0.0	0.018
6821	0.2	0.0	0.053
6822	0.2	0.0	0.132
6823	0.2	0.0	0.358
6824	0.3	0.0	0.383
6825	0.3	0.0	0.384
6826	0.3	0.0	0.403
6827	0.3	0.0	0.384
6828	0.2	0.0	0.373
6829	0.2	0.0	0.345
6830	0.2	0.0	0.303
6831	0.2	0.0	0.276
6832	0.2	0.0	0.258
6833	0.2	0.0	0.268
6834	0.2	0.0	0.333
6835	0.2	0.0	0.371
6836	0.2	0.0	0.459
6837	0.2	0.0	0.472
6838	0.2	0.0	0.440
6839	0.2	0.0	0.265
6840	0.2	0.0	0.166
6841	0.1	0.0	0.115
6842	0.1	0.0	0.062
6843	0.1	0.0	0.024
6844	0.2	0.0	0.018
6845	0.1	0.0	0.053
6846	0.1	0.0	0.132
6847	0.1	0.0	0.358
6848	0.2	0.0	0.383
6849	0.2	0.0	0.384
6850	0.2	0.0	0.403
6851	0.2	0.0	0.384
6852	0.1	0.0	0.373
6853	0.1	0.0	0.345
6854	0.1	0.0	0.303
6855	0.1	0.0	0.276
6856	0.1	0.0	0.258
6857	0.1	0.0	0.268
6858	0.1	0.0	0.333
6859	0.1	0.0	0.371
6860	0.1	0.0	0.459
6861	0.1	0.0	0.472
6862	0.1	0.0	0.440
6863	0.1	0.0	0.265
6864	0.1	0.0	0.166
6865	0.0	0.0	0.115
6866	0.0	0.0	0.062
6867	0.0	0.0	0.024
6868	0.0	0.0	0.018
6869	0.0	0.0	0.053
6870	0.0	0.0	0.132
6871	0.0	0.0	0.358
6872	0.0	0.0	0.383
6873	0.0	0.0	0.384
6874	0.0	0.0	0.403
6875	0.0	0.0	0.384
6876	0.0	0.0	0.373
6877	0.0	0.0	0.345
6878	0.0	0.0	0.303
6879	0.0	0.0	0.276
6880	0.0	0.0	0.258
6881	0.0	0.0	0.268
6882	0.0	0.0	0.333
6883	0.0	0.0	0.371
6884	0.0	0.0	0.459
6885	0.0	0.0	0.472
6886	0.0	0.0	0.440
6887	0.0	0.0	0.265
6888	0.0	0.0	0.166
6889	0.1	0.0	0.115
6890	0.1	0.0	0.062
6891	0.1	0.0	0.024
6892	0.1	0.0	0.018
6893	0.1	0.0	0.053
6894	0.1	0.0	0.132
6895	0.1	0.0	0.358
6896	0.2	0.0	0.383
6897	0.2	0.0	0.384
6898	0.2	0.0	0.403
6899	0.1	0.0	0.384
6900	0.1	0.0	0.373
6901	0.1	0.0	0.345
6902	0.0	0.0	0.303
6903	0.0	0.0	0.276
6904	0.0	0.0	0.258
6905	0.1	0.0	0.268
6906	0.1	0.0	0.333
6907	0.1	0.0	0.371
6908	0.1	0.0	0.459
6909	0.2	0.0	0.472
6910	0.2	0.0	0.440
6911	0.2	0.0	0.265
6912	0.2	0.0	0.166
6913	0.1	0.0	0.115
6914	0.1	0.0	0.062
6915	0.1	0.0	0.024
6916	0.1	0.0	0.018
6917	0.1	0.0	0.053
6918	0.1	0.0	0.132
6919	0.1	0.0	0.358
6920	0.2	0.0	0.383
6921	0.2	0.0	0.384
6922	0.2	0.0	0.403
6923	0.2	0.0	0.384
6924	0.1	0.0	0.373
6925	0.1	0.0	0.345
6926	0.1	0.0	0.303
6927	0.1	0.0	0.276
6928	0.0	0.0	0.258
6929	0.0	0.0	0.268
6930	0.1	0.0	0.333
6931	0.1	0.0	0.371
6932	0.1	0.0	0.459
6933	0.1	0.0	0.472
6934	0.1	0.0	0.440
6935	0.1	0.0	0.265
6936	0.1	0.0	0.166
6937	0.0	0.0	0.115
6938	0.0	0.0	0.062
6939	0.0	0.0	0.024
6940	0.0	0.0	0.018
6941	0.0	0.0	0.053
6942	0.1	0.0	0.132
6943	0.1	0.0	0.358
6944	0.2	0.0	0.383
6945	0.2	0.0	0.384
6946	0.1	0.0	0.403
6947	0.1	0.0	0.384
6948	0.0	0.0	0.373
6949	0.0	0.0	0.345
6950	0.0	0.0	0.303
6951	0.0	0.0	0.276
6952	0.0	0.0	0.258
6953	0.1	0.0	0.268
6954	0.1	0.0	0.333
6955	0.1	0.0	0.371
6956	0.1	0.0	0.459
6957	0.1	0.0	0.472
6958	0.2	0.0	0.440
6959	0.2	0.0	0.265
6960	0.2	0.0	0.166
6961	0.1	0.0	0.115
6962	0.1	0.0	0.062
6963	0.1	0.0	0.024
6964	0.2	0.0	0.018
6965	0.2	0.0	0.053
6966	0.2	0.0	0.132
6967	0.2	0.0	0.358
6968	0.3	0.0	0.383
6969	0.3	0.0	0.384
6970	0.3	0.0	0.403
6971	0.3	0.0	0.384
6972	0.2	0.0	0.373
6973	0.2	0.0	0.345
6974	0.2	0.0	0.303
6975	0.2	0.0	0.276
6976	0.2	0.0	0.258
6977	0.2	0.0	0.268
6978	0.3	0.0	0.333
6979	0.3	0.0	0.371
6980	0.3	0.0	0.459
6981	0.3	0.0	0.472
6982	0.4	0.0	0.440
6983	0.4	0.0	0.265
6984	0.4	0.0	0.166
6985	0.3	0.0	0.115
6986	0.3	0.0	0.062
6987	0.3	0.0	0.024
6988	0.4	0.0	0.018
6989	0.4	0.0	0.053
6990	0.3	0.0	0.132
6991	0.3	0.0	0.358
6992	0.4	0.0	0.383
6993	0.4	0.0	0.384
6994	0.4	0.0	0.403
6995	0.3	0.0	0.384
6996	0.3	0.0	0.373
6997	0.3	0.0	0.345
6998	0.2	0.0	0.303
6999	0.2	0.0	0.276
7000	0.2	0.0	0.258
7001	0.2	0.0	0.268
7002	0.3	0.0	0.333
7003	0.3	0.0	0.371
7004	0.3	0.0	0.459
7005	0.3	0.0	0.472
7006	0.4	0.0	0.440
7007	0.4	0.0	0.265
7008	0.4	0.0	0.166
7009	0.3	0.0	0.115
7010	0.3	0.0	0.062
7011	0.3	0.0	0.024
7012	0.3	0.0	0.018
7013	0.3	0.0	0.053
7014	0.4	0.0	0.132
7015	0.4	0.0	0.358
7016	0.5	0.0	0.383
7017	0.5	0.0	0.384
7018	0.4	0.0	0.403
7019	0.4	0.0	0.384
7020	0.4	0.0	0.373
7021	0.3	0.0	0.345
7022	0.3	0.0	0.303
7023	0.3	0.0	0.276
7024	0.3	0.0	0.258
7025	0.3	0.0	0.268
7026	0.3	0.0	0.333
7027	0.4	0.0	0.371
7028	0.4	0.0	0.459
7029	0.4	0.0	0.472
7030	0.4	0.0	0.440
7031	0.4	0.0	0.265
7032	0.4	0.0	0.166
7033	0.3	0.0	0.115
7034	0.3	0.0	0.062
7035	0.3	0.0	0.024
7036	0.3	0.0	0.018
7037	0.3	0.0	0.053
7038	0.3	0.0	0.132
7039	0.3	0.0	0.358
7040	0.4	0.0	0.383
7041	0.4	0.0	0.384
7042	0.4	0.0	0.403
7043	0.3	0.0	0.384
7044	0.3	0.0	0.373
7045	0.3	0.0	0.345
7046	0.3	0.0	0.303
7047	0.3	0.0	0.276
7048	0.2	0.0	0.258
7049	0.3	0.0	0.268
7050	0.3	0.0	0.333
7051	0.3	0.0	0.371
7052	0.3	0.0	0.459
7053	0.3	0.0	0.472
7054	0.4	0.0	0.440
7055	0.4	0.0	0.265
7056	0.4	0.0	0.166
7057	0.3	0.0	0.115
7058	0.3	0.0	0.062
7059	0.3	0.0	0.024
7060	0.3	0.0	0.018
7061	0.3	0.0	0.053
7062	0.3	0.0	0.132
7063	0.3	0.0	0.358
7064	0.4	0.0	0.383
7065	0.4	0.0	0.384
7066	0.4	0.0	0.403
7067	0.3	0.0	0.384
7068	0.3	0.0	0.373
7069	0.3	0.0	0.345
7070	0.3	0.0	0.303
7071	0.3	0.0	0.276
7072	0.3	0.0	0.258
7073	0.3	0.0	0.268
7074	0.3	0.0	0.333
7075	0.3	0.0	0.371
7076	0.3	0.0	0.459
7077	0.4	0.0	0.472
7078	0.4	0.0	0.440
7079	0.4	0.0	0.265
7080	0.4	0.0	0.166
7081	0.3	0.0	0.115
7082	0.3	0.0	0.062
7083	0.3	0.0	0.024
7084	0.3	0.0	0.018
7085	0.3	0.0	0.053
7086	0.3	0.0	0.132
7087	0.3	0.0	0.358
7088	0.4	0.0	0.383
7089	0.4	0.0	0.384
7090	0.3	0.0	0.403
7091	0.3	0.0	0.384
7092	0.3	0.0	0.373
7093	0.2	0.0	0.345
7094	0.2	0.0	0.303
7095	0.2	0.0	0.276
7096	0.2	0.0	0.258
7097	0.2	0.0	0.268
7098	0.2	0.0	0.333
7099	0.2	0.0	0.371
7100	0.3	0.0	0.459
7101	0.3	0.0	0.472
7102	0.3	0.0	0.440
7103	0.3	0.0	0.265
7104	0.3	0.0	0.166
7105	0.2	0.0	0.115
7106	0.2	0.0	0.062
7107	0.2	0.0	0.024
7108	0.2	0.0	0.018
7109	0.2	0.0	0.053
7110	0.2	0.0	0.132
7111	0.2	0.0	0.358
7112	0.3	0.0	0.383
7113	0.3	0.0	0.384
7114	0.3	0.0	0.403
7115	0.3	0.0	0.384
7116	0.2	0.0	0.373
7117	0.2	0.0	0.345
7118	0.2	0.0	0.303
7119	0.2	0.0	0.276
7120	0.2	0.0	0.258
7121	0.2	0.0	0.268
7122	0.3	0.0	0.333
7123	0.3	0.0	0.371
7124	0.3	0.0	0.459
7125	0.3	0.0	0.472
7126	0.3	0.0	0.440
7127	0.3	0.0	0.265
7128	0.3	0.0	0.166
7129	0.2	0.0	0.115
7130	0.2	0.0	0.062
7131	0.2	0.0	0.024
7132	0.2	0.0	0.018
7133	0.2	0.0	0.053
7134	0.2	0.0	0.132
7135	0.2	0.0	0.358
7136	0.3	0.0	0.383
7137	0.3	0.0	0.384
7138	0.3	0.0	0.403
7139	0.2	0.0	0.384
7140	0.2	0.0	0.373
7141	0.2	0.0	0.345
7142	0.1	0.0	0.303
7143	0.2	0.0	0.276
7144	0.2	0.0	0.258
7145	0.2	0.0	0.268
7146	0.2	0.0	0.333
7147	0.2	0.0	0.371
7148	0.2	0.0	0.459
7149	0.2	0.0	0.472
7150	0.3	0.0	0.440
7151	0.3	0.0	0.265
7152	0.3	0.0	0.166
7153	0.2	0.0	0.115
7154	0.2	0.0	0.062
7155	0.2	0.0	0.024
7156	0.2	0.0	0.018
7157	0.2	0.0	0.053
7158	0.2	0.0	0.132
7159	0.2	0.0	0.358
7160	0.3	0.0	0.383
7161	0.3	0.0	0.384
7162	0.2	0.0	0.403
7163	0.2	0.0	0.384
7164	0.1	0.0	0.373
7165	0.1	0.0	0.345
7166	0.1	0.0	0.303
7167	0.1	0.0	0.276
7168	0.1	0.0	0.258
7169	0.1	0.0	0.268
7170	0.2	0.0	0.333
7171	0.2	0.0	0.371
7172	0.2	0.0	0.459
7173	0.2	0.0	0.472
7174	0.2	0.0	0.440
7175	0.2	0.0	0.265
7176	0.3	0.0	0.166
7177	0.2	0.0	0.115
7178	0.1	0.0	0.062
7179	0.1	0.0	0.024
7180	0.1	0.0	0.018
7181	0.1	0.0	0.053
7182	0.1	0.0	0.132
7183	0.1	0.0	0.358
7184	0.2	0.0	0.383
7185	0.2	0.0	0.384
7186	0.2	0.0	0.403
7187	0.1	0.0	0.384
7188	0.1	0.0	0.373
7189	0.0	0.0	0.345
7190	0.0	0.0	0.303
7191	0.0	0.0	0.276
7192	0.0	0.0	0.258
7193	0.0	0.0	0.268
7194	0.0	0.0	0.333
7195	0.0	0.0	0.371
7196	0.1	0.0	0.459
7197	0.1	0.0	0.472
7198	0.1	0.0	0.440
7199	0.1	0.0	0.265
7200	0.1	0.0	0.166
7201	0.0	0.0	0.115
7202	0.0	0.0	0.062
7203	0.0	0.0	0.024
7204	0.1	0.0	0.018
7205	0.1	0.0	0.053
7206	0.1	0.0	0.132
7207	0.1	0.0	0.358
7208	0.2	0.0	0.383
7209	0.2	0.0	0.384
7210	0.2	0.0	0.403
7211	0.1	0.0	0.384
7212	0.1	0.0	0.373
7213	0.1	0.0	0.345
7214	0.1	0.0	0.303
7215	0.1	0.0	0.276
7216	0.0	0.0	0.258
7217	0.1	0.0	0.268
7218	0.1	0.0	0.333
7219	0.1	0.0	0.371
7220	0.2	0.0	0.459
7221	0.2	0.0	0.472
7222	0.2	0.0	0.440
7223	0.2	0.0	0.265
7224	0.2	0.0	0.166
7225	0.1	0.0	0.115
7226	0.1	0.0	0.062
7227	0.1	0.0	0.024
7228	0.1	0.0	0.018
7229	0.1	0.0	0.053
7230	0.1	0.0	0.132
7231	0.1	0.0	0.358
7232	0.2	0.0	0.383
7233	0.2	0.0	0.384
7234	0.2	0.0	0.403
7235	0.2	0.0	0.384
7236	0.1	0.0	0.373
7237	0.1	0.0	0.345
7238	0.1	0.0	0.303
7239	0.1	0.0	0.276
7240	0.1	0.0	0.258
7241	0.1	0.0	0.268
7242	0.1	0.0	0.333
7243	0.1	0.0	0.371
7244	0.1	0.0	0.459
7245	0.1	0.0	0.472
7246	0.1	0.0	0.440
7247	0.1	0.0	0.265
7248	0.1	0.0	0.166
7249	0.0	0.0	0.115
7250	0.0	0.0	0.062
7251	0.0	0.0	0.024
7252	0.1	0.0	0.018
7253	0.1	0.0	0.053
7254	0.1	0.0	0.132
7255	0.1	0.0	0.358
7256	0.2	0.0	0.383
7257	0.2	0.0	0.384
7258	0.2	0.0	0.403
7259	0.1	0.0	0.384
7260	0.1	0.0	0.373
7261	0.1	0.0	0.345
7262	0.1	0.0	0.303
7263	0.1	0.0	0.276
7264	0.1	0.0	0.258
7265	0.1	0.0	0.268
7266	0.1	0.0	0.333
7267	0.1	0.0	0.371
7268	0.1	0.0	0.459
7269	0.2	0.0	0.472
7270	0.2	0.0	0.440
7271	0.2	0.0	0.265
7272	0.2	0.0	0.166
7273	0.1	0.0	0.115
7274	0.1	0.0	0.062
7275	0.1	0.0	0.024
7276	0.1	0.0	0.018
7277	0.1	0.0	0.053
7278	0.1	0.0	0.132
7279	0.1	0.0	0.358
7280	0.2	0.0	0.383
7281	0.2	0.0	0.384
7282	0.2	0.0	0.403
7283	0.2	0.0	0.384
7284	0.2	0.0	0.373
7285	0.2	0.0	0.345
7286	0.2	0.0	0.303
7287	0.2	0.0	0.276
7288	0.2	0.0	0.258
7289	0.2	0.0	0.268
7290	0.2	0.0	0.333
7291	0.2	0.0	0.371
7292	0.2	0.0	0.459
7293	0.2	0.0	0.472
7294	0.2	0.0	0.440
7295	0.2	0.0	0.265
7296	0.2	0.0	0.166
7297	0.2	0.0	0.115
7298	0.3	0.0	0.062
7299	0.3	0.0	0.024
7300	0.3	0.0	0.018
7301	0.4	0.0	0.053
7302	0.5	0.0	0.132
7303	0.5	0.0	0.358
7304	0.8	0.0	0.383
7305	0.8	0.0	0.384
7306	0.9	0.0	0.403
7307	0.8	0.0	0.384
7308	0.8	0.0	0.373
7309	0.8	0.0	0.345
7310	0.8	0.0	0.303
7311	0.8	0.0	0.276
7312	0.8	0.0	0.258
7313	0.9	0.0	0.268
7314	1.0	0.0	0.333
7315	1.1	0.0	0.371
7316	1.0	0.0	0.459
7317	1.0	0.0	0.472
7318	1.1	0.0	0.440
7319	1.1	0.0	0.265
7320	1.1	0.0	0.166
7321	0.9	0.0	0.115
7322	0.9	0.0	0.062
7323	0.9	0.0	0.024
7324	1.0	0.0	0.018
7325	0.9	0.0	0.053
7326	0.9	0.0	0.132
7327	0.9	0.0	0.358
7328	1.2	0.0	0.383
7329	1.1	0.0	0.384
7330	1.0	0.0	0.403
7331	0.9	0.0	0.384
7332	0.8	0.0	0.373
7333	0.8	0.0	0.345
7334	0.7	0.0	0.303
7335	0.7	0.0	0.276
7336	0.7	0.0	0.258
7337	0.7	0.0	0.268
7338	0.8	0.0	0.333
7339	0.8	0.0	0.371
7340	0.8	0.0	0.459
7341	0.8	0.0	0.472
7342	0.8	0.0	0.440
7343	0.9	0.0	0.265
7344	0.9	0.0	0.166
7345	0.6	0.0	0.115
7346	0.6	0.0	0.062
7347	0.6	0.0	0.024
7348	0.6	0.0	0.018
7349	0.6	0.0	0.053
7350	0.6	0.0	0.132
7351	0.6	0.0	0.358
7352	0.9	0.0	0.383
7353	0.9	0.0	0.384
7354	0.8	0.0	0.403
7355	0.8	0.0	0.384
7356	0.8	0.0	0.373
7357	0.7	0.0	0.345
7358	0.7	0.0	0.303
7359	0.6	0.0	0.276
7360	0.6	0.0	0.258
7361	0.6	0.0	0.268
7362	0.6	0.0	0.333
7363	0.6	0.0	0.371
7364	0.6	0.0	0.459
7365	0.6	0.0	0.472
7366	0.6	0.0	0.440
7367	0.6	0.0	0.265
7368	0.5	0.0	0.166
7369	0.2	0.0	0.115
7370	0.2	0.0	0.062
7371	0.2	0.0	0.024
7372	0.3	0.0	0.018
7373	0.3	0.0	0.053
7374	0.4	0.0	0.132
7375	0.3	0.0	0.358
7376	0.6	0.0	0.383
7377	0.7	0.0	0.384
7378	0.6	0.0	0.403
7379	0.5	0.0	0.384
7380	0.4	0.0	0.373
7381	0.3	0.0	0.345
7382	0.3	0.0	0.303
7383	0.3	0.0	0.276
7384	0.3	0.0	0.258
7385	0.3	0.0	0.268
7386	0.4	0.0	0.333
7387	0.5	0.0	0.371
7388	0.5	0.0	0.459
7389	0.4	0.0	0.472
7390	0.5	0.0	0.440
7391	0.5	0.0	0.265
7392	0.6	0.0	0.166
7393	0.2	0.0	0.115
7394	0.2	0.0	0.062
7395	0.2	0.0	0.024
7396	0.2	0.0	0.018
7397	0.3	0.0	0.053
7398	0.3	0.0	0.132
7399	0.2	0.0	0.358
7400	0.5	0.0	0.383
7401	0.5	0.0	0.384
7402	0.5	0.0	0.403
7403	0.5	0.0	0.384
7404	0.5	0.0	0.373
7405	0.4	0.0	0.345
7406	0.3	0.0	0.303
7407	0.3	0.0	0.276
7408	0.4	0.0	0.258
7409	0.4	0.0	0.268
7410	0.5	0.0	0.333
7411	0.5	0.0	0.371
7412	0.5	0.0	0.459
7413	0.5	0.0	0.472
7414	0.5	0.0	0.440
7415	0.5	0.0	0.265
7416	0.4	0.0	0.166
7417	0.1	0.0	0.115
7418	0.1	0.0	0.062
7419	0.2	0.0	0.024
7420	0.2	0.0	0.018
7421	0.2	0.0	0.053
7422	0.3	0.0	0.132
7423	0.2	0.0	0.358
7424	0.5	0.0	0.383
7425	0.5	0.0	0.384
7426	0.5	0.0	0.403
7427	0.5	0.0	0.384
7428	0.5	0.0	0.373
7429	0.4	0.0	0.345
7430	0.4	0.0	0.303
7431	0.4	0.0	0.276
7432	0.4	0.0	0.258
7433	0.5	0.0	0.268
7434	0.5	0.0	0.333
7435	0.6	0.0	0.371
7436	0.6	0.0	0.459
7437	0.7	0.0	0.472
7438	0.7	0.0	0.440
7439	0.7	0.0	0.265
7440	0.8	0.0	0.166
7441	0.5	0.0	0.115
7442	0.5	0.0	0.062
7443	0.6	0.0	0.024
7444	0.6	0.0	0.018
7445	0.7	0.0	0.053
7446	0.8	0.0	0.132
7447	0.8	0.0	0.358
7448	1.1	0.0	0.383
7449	1.1	0.0	0.384
7450	1.1	0.0	0.403
7451	1.0	0.0	0.384
7452	0.9	0.0	0.373
7453	0.8	0.0	0.345
7454	0.8	0.0	0.303
7455	0.8	0.0	0.276
7456	0.8	0.0	0.258
7457	0.9	0.0	0.268
7458	1.0	0.0	0.333
7459	1.1	0.0	0.371
7460	1.1	0.0	0.459
7461	1.2	0.0	0.472
7462	1.3	0.0	0.440
7463	1.3	0.0	0.265
7464	1.4	0.0	0.166
7465	1.1	0.0	0.115
7466	1.1	0.0	0.062
7467	1.2	0.0	0.024
7468	1.2	0.0	0.018
7469	1.2	0.0	0.053
7470	1.2	0.0	0.132
7471	1.2	0.0	0.358
7472	1.5	0.0	0.383
7473	1.5	0.0	0.384
7474	1.5	0.0	0.403
7475	1.4	0.0	0.384
7476	1.4	0.0	0.373
7477	1.3	0.0	0.345
7478	1.3	0.0	0.303
7479	1.3	0.0	0.276
7480	1.3	0.0	0.258
7481	1.3	0.0	0.268
7482	1.3	0.0	0.333
7483	1.3	0.0	0.371
7484	1.4	0.0	0.459
7485	1.3	0.0	0.472
7486	1.3	0.0	0.440
7487	1.4	0.0	0.265
7488	1.4	0.0	0.166
7489	1.1	0.0	0.115
7490	1.1	0.0	0.062
7491	1.1	0.0	0.024
7492	1.1	0.0	0.018
7493	1.1	0.0	0.053
7494	1.1	0.0	0.132
7495	1.1	0.0	0.358
7496	1.4	0.0	0.383
7497	1.4	0.0	0.384
7498	1.3	0.0	0.403
7499	1.3	0.0	0.384
7500	1.1	0.0	0.373
7501	1.1	0.0	0.345
7502	1.1	0.0	0.303
7503	1.1	0.0	0.276
7504	1.1	0.0	0.258
7505	1.1	0.0	0.268
7506	1.2	0.0	0.333
7507	1.3	0.0	0.371
7508	1.3	0.0	0.459
7509	1.4	0.0	0.472
7510	1.4	0.0	0.440
7511	1.4	0.0	0.265
7512	1.5	0.0	0.166
7513	1.2	0.0	0.115
7514	1.2	0.0	0.062
7515	1.2	0.0	0.024
7516	1.2	0.0	0.018
7517	1.2	0.0	0.053
7518	1.2	0.0	0.132
7519	1.2	0.0	0.358
7520	1.4	0.0	0.383
7521	1.4	0.0	0.384
7522	1.4	0.0	0.403
7523	1.4	0.0	0.384
7524	1.3	0.0	0.373
7525	1.3	0.0	0.345
7526	1.3	0.0	0.303
7527	1.2	0.0	0.276
7528	1.3	0.0	0.258
7529	1.3	0.0	0.268
7530	1.3	0.0	0.333
7531	1.3	0.0	0.371
7532	1.3	0.0	0.459
7533	1.4	0.0	0.472
7534	1.4	0.0	0.440
7535	1.4	0.0	0.265
7536	1.4	0.0	0.166
7537	1.0	0.0	0.115
7538	1.1	0.0	0.062
7539	1.1	0.0	0.024
7540	1.1	0.0	0.018
7541	1.1	0.0	0.053
7542	1.1	0.0	0.132
7543	1.1	0.0	0.358
7544	1.5	0.0	0.383
7545	1.5	0.0	0.384
7546	1.4	0.0	0.403
7547	1.5	0.0	0.384
7548	1.4	0.0	0.373
7549	1.4	0.0	0.345
7550	1.3	0.0	0.303
7551	1.3	0.0	0.276
7552	1.4	0.0	0.258
7553	1.4	0.0	0.268
7554	1.5	0.0	0.333
7555	1.6	0.0	0.371
7556	1.5	0.0	0.459
7557	1.5	0.0	0.472
7558	1.6	0.0	0.440
7559	1.6	0.0	0.265
7560	1.7	0.0	0.166
7561	1.4	0.0	0.115
7562	1.4	0.0	0.062
7563	1.4	0.0	0.024
7564	1.4	0.0	0.018
7565	1.4	0.0	0.053
7566	1.5	0.0	0.132
7567	1.5	0.0	0.358
7568	1.8	0.0	0.383
7569	1.8	0.0	0.384
7570	1.9	0.0	0.403
7571	1.9	0.0	0.384
7572	1.9	0.0	0.373
7573	1.9	0.0	0.345
7574	1.9	0.0	0.303
7575	1.8	0.0	0.276
7576	1.8	0.0	0.258
7577	1.9	0.0	0.268
7578	1.9	0.0	0.333
7579	1.8	0.0	0.371
7580	1.8	0.0	0.459
7581	1.8	0.0	0.472
7582	1.8	0.0	0.440
7583	1.8	0.0	0.265
7584	1.9	0.0	0.166
7585	1.6	0.0	0.115
7586	1.6	0.0	0.062
7587	1.6	0.0	0.024
7588	1.6	0.0	0.018
7589	1.6	0.0	0.053
7590	1.5	0.0	0.132
7591	1.5	0.0	0.358
7592	1.8	0.0	0.383
7593	1.7	0.0	0.384
7594	1.8	0.0	0.403
7595	1.7	0.0	0.384
7596	1.6	0.0	0.373
7597	1.6	0.0	0.345
7598	1.5	0.0	0.303
7599	1.4	0.0	0.276
7600	1.4	0.0	0.258
7601	1.4	0.0	0.268
7602	1.4	0.0	0.333
7603	1.4	0.0	0.371
7604	1.5	0.0	0.459
7605	1.4	0.0	0.472
7606	1.4	0.0	0.440
7607	1.4	0.0	0.265
7608	1.4	0.0	0.166
7609	1.1	0.0	0.115
7610	1.1	0.0	0.062
7611	1.1	0.0	0.024
7612	1.1	0.0	0.018
7613	1.2	0.0	0.053
7614	1.2	0.0	0.132
7615	1.2	0.0	0.358
7616	1.5	0.0	0.383
7617	1.5	0.0	0.384
7618	1.4	0.0	0.403
7619	1.3	0.0	0.384
7620	1.2	0.0	0.373
7621	1.2	0.0	0.345
7622	1.1	0.0	0.303
7623	1.1	0.0	0.276
7624	1.1	0.0	0.258
7625	1.1	0.0	0.268
7626	1.2	0.0	0.333
7627	1.2	0.0	0.371
7628	1.2	0.0	0.459
7629	1.2	0.0	0.472
7630	1.2	0.0	0.440
7631	1.2	0.0	0.265
7632	1.2	0.0	0.166
7633	0.9	0.0	0.115
7634	0.9	0.0	0.062
7635	0.9	0.0	0.024
7636	0.9	0.0	0.018
7637	0.9	0.0	0.053
7638	0.9	0.0	0.132
7639	0.9	0.0	0.358
7640	1.2	0.0	0.383
7641	1.1	0.0	0.384
7642	1.1	0.0	0.403
7643	1.0	0.0	0.384
7644	1.0	0.0	0.373
7645	0.9	0.0	0.345
7646	0.8	0.0	0.303
7647	0.8	0.0	0.276
7648	0.8	0.0	0.258
7649	0.8	0.0	0.268
7650	0.9	0.0	0.333
7651	0.9	0.0	0.371
7652	1.0	0.0	0.459
7653	0.9	0.0	0.472
7654	1.0	0.0	0.440
7655	0.9	0.0	0.265
7656	0.9	0.0	0.166
7657	0.6	0.0	0.115
7658	0.6	0.0	0.062
7659	0.6	0.0	0.024
7660	0.6	0.0	0.018
7661	0.6	0.0	0.053
7662	0.6	0.0	0.132
7663	0.6	0.0	0.358
7664	0.9	0.0	0.383
7665	0.9	0.0	0.384
7666	0.9	0.0	0.403
7667	0.8	0.0	0.384
7668	0.7	0.0	0.373
7669	0.7	0.0	0.345
7670	0.6	0.0	0.303
7671	0.6	0.0	0.276
7672	0.6	0.0	0.258
7673	0.6	0.0	0.268
7674	0.7	0.0	0.333
7675	0.7	0.0	0.371
7676	0.7	0.0	0.459
7677	0.7	0.0	0.472
7678	0.7	0.0	0.440
7679	0.7	0.0	0.265
7680	0.7	0.0	0.166
7681	0.4	0.0	0.115
7682	0.5	0.0	0.062
7683	0.4	0.0	0.024
7684	0.4	0.0	0.018
7685	0.4	0.0	0.053
7686	0.4	0.0	0.132
7687	0.4	0.0	0.358
7688	0.8	0.0	0.383
7689	0.8	0.0	0.384
7690	0.8	0.0	0.403
7691	0.8	0.0	0.384
7692	0.8	0.0	0.373
7693	0.8	0.0	0.345
7694	0.8	0.0	0.303
7695	0.8	0.0	0.276
7696	0.9	0.0	0.258
7697	0.9	0.0	0.268
7698	1.0	0.0	0.333
7699	1.0	0.0	0.371
7700	1.1	0.0	0.459
7701	1.0	0.0	0.472
7702	1.0	0.0	0.440
7703	1.0	0.0	0.265
7704	1.0	0.0	0.166
7705	0.7	0.0	0.115
7706	0.7	0.0	0.062
7707	0.7	0.0	0.024
7708	0.8	0.0	0.018
7709	0.8	0.0	0.053
7710	0.8	0.0	0.132
7711	0.8	0.0	0.358
7712	1.1	0.0	0.383
7713	1.1	0.0	0.384
7714	1.1	0.0	0.403
7715	1.0	0.0	0.384
7716	0.9	0.0	0.373
7717	0.9	0.0	0.345
7718	0.8	0.0	0.303
7719	0.9	0.0	0.276
7720	0.9	0.0	0.258
7721	1.0	0.0	0.268
7722	1.0	0.0	0.333
7723	1.0	0.0	0.371
7724	1.1	0.0	0.459
7725	1.2	0.0	0.472
7726	1.2	0.0	0.440
7727	1.2	0.0	0.265
7728	1.2	0.0	0.166
7729	1.0	0.0	0.115
7730	1.0	0.0	0.062
7731	1.1	0.0	0.024
7732	1.1	0.0	0.018
7733	1.1	0.0	0.053
7734	1.2	0.0	0.132
7735	1.2	0.0	0.358
7736	1.6	0.0	0.383
7737	1.6	0.0	0.384
7738	1.5	0.0	0.403
7739	1.4	0.0	0.384
7740	1.3	0.0	0.373
7741	1.3	0.0	0.345
7742	1.3	0.0	0.303
7743	1.3	0.0	0.276
7744	1.3	0.0	0.258
7745	1.4	0.0	0.268
7746	1.5	0.0	0.333
7747	1.5	0.0	0.371
7748	1.6	0.0	0.459
7749	1.6	0.0	0.472
7750	1.7	0.0	0.440
7751	1.7	0.0	0.265
7752	1.8	0.0	0.166
7753	1.5	0.0	0.115
7754	1.5	0.0	0.062
7755	1.5	0.0	0.024
7756	1.5	0.0	0.018
7757	1.4	0.0	0.053
7758	1.5	0.0	0.132
7759	1.5	0.0	0.358
7760	1.8	0.0	0.383
7761	1.8	0.0	0.384
7762	1.7	0.0	0.403
7763	1.6	0.0	0.384
7764	1.5	0.0	0.373
7765	1.4	0.0	0.345
7766	1.3	0.0	0.303
7767	1.3	0.0	0.276
7768	1.2	0.0	0.258
7769	1.3	0.0	0.268
7770	1.4	0.0	0.333
7771	1.5	0.0	0.371
7772	1.5	0.0	0.459
7773	1.5	0.0	0.472
7774	1.5	0.0	0.440
7775	1.5	0.0	0.265
7776	1.6	0.0	0.166
7777	1.3	0.0	0.115
7778	1.2	0.0	0.062
7779	1.2	0.0	0.024
7780	1.3	0.0	0.018
7781	1.3	0.0	0.053
7782	1.3	0.0	0.132
7783	1.3	0.0	0.358
7784	1.6	0.0	0.383
7785	1.5	0.0	0.384
7786	1.5	0.0	0.403
7787	1.3	0.0	0.384
7788	1.3	0.0	0.373
7789	1.2	0.0	0.345
7790	1.2	0.0	0.303
7791	1.2	0.0	0.276
7792	1.2	0.0	0.258
7793	1.2	0.0	0.268
7794	1.3	0.0	0.333
7795	1.4	0.0	0.371
7796	1.4	0.0	0.459
7797	1.4	0.0	0.472
7798	1.5	0.0	0.440
7799	1.5	0.0	0.265
7800	1.5	0.0	0.166
7801	1.2	0.0	0.115
7802	1.2	0.0	0.062
7803	1.2	0.0	0.024
7804	1.2	0.0	0.018
7805	1.2	0.0	0.053
7806	1.3	0.0	0.132
7807	1.3	0.0	0.358
7808	1.6	0.0	0.383
7809	1.5	0.0	0.384
7810	1.5	0.0	0.403
7811	1.4	0.0	0.384
7812	1.3	0.0	0.373
7813	1.2	0.0	0.345
7814	1.1	0.0	0.303
7815	1.1	0.0	0.276
7816	1.1	0.0	0.258
7817	1.1	0.0	0.268
7818	1.1	0.0	0.333
7819	1.1	0.0	0.371
7820	1.2	0.0	0.459
7821	1.3	0.0	0.472
7822	1.3	0.0	0.440
7823	1.3	0.0	0.265
7824	1.3	0.0	0.166
7825	1.0	0.0	0.115
7826	1.0	0.0	0.062
7827	1.0	0.0	0.024
7828	0.9	0.0	0.018
7829	0.9	0.0	0.053
7830	1.0	0.0	0.132
7831	0.9	0.0	0.358
7832	1.2	0.0	0.383
7833	1.2	0.0	0.384
7834	1.2	0.0	0.403
7835	1.2	0.0	0.384
7836	1.1	0.0	0.373
7837	1.0	0.0	0.345
7838	0.9	0.0	0.303
7839	0.9	0.0	0.276
7840	0.9	0.0	0.258
7841	0.9	0.0	0.268
7842	0.9	0.0	0.333
7843	0.9	0.0	0.371
7844	0.9	0.0	0.459
7845	0.9	0.0	0.472
7846	1.0	0.0	0.440
7847	0.9	0.0	0.265
7848	0.9	0.0	0.166
7849	0.6	0.0	0.115
7850	0.6	0.0	0.062
7851	0.6	0.0	0.024
7852	0.6	0.0	0.018
7853	0.7	0.0	0.053
7854	0.6	0.0	0.132
7855	0.7	0.0	0.358
7856	1.0	0.0	0.383
7857	1.0	0.0	0.384
7858	1.0	0.0	0.403
7859	0.9	0.0	0.384
7860	0.8	0.0	0.373
7861	0.8	0.0	0.345
7862	0.8	0.0	0.303
7863	0.7	0.0	0.276
7864	0.8	0.0	0.258
7865	0.8	0.0	0.268
7866	0.9	0.0	0.333
7867	1.0	0.0	0.371
7868	1.1	0.0	0.459
7869	1.1	0.0	0.472
7870	1.2	0.0	0.440
7871	1.3	0.0	0.265
7872	1.3	0.0	0.166
7873	1.0	0.0	0.115
7874	1.0	0.0	0.062
7875	1.0	0.0	0.024
7876	1.0	0.0	0.018
7877	1.0	0.0	0.053
7878	1.1	0.0	0.132
7879	1.1	0.0	0.358
7880	1.4	0.0	0.383
7881	1.3	0.0	0.384
7882	1.3	0.0	0.403
7883	1.3	0.0	0.384
7884	1.2	0.0	0.373
7885	1.2	0.0	0.345
7886	1.2	0.0	0.303
7887	1.2	0.0	0.276
7888	1.1	0.0	0.258
7889	1.1	0.0	0.268
7890	1.2	0.0	0.333
7891	1.2	0.0	0.371
7892	1.3	0.0	0.459
7893	1.3	0.0	0.472
7894	1.4	0.0	0.440
7895	1.4	0.0	0.265
7896	1.4	0.0	0.166
7897	1.0	0.0	0.115
7898	1.0	0.0	0.062
7899	1.0	0.0	0.024
7900	1.0	0.0	0.018
7901	1.0	0.0	0.053
7902	1.0	0.0	0.132
7903	1.0	0.0	0.358
7904	1.3	0.0	0.383
7905	1.2	0.0	0.384
7906	1.1	0.0	0.403
7907	1.0	0.0	0.384
7908	1.0	0.0	0.373
7909	0.9	0.0	0.345
7910	0.9	0.0	0.303
7911	0.9	0.0	0.276
7912	0.9	0.0	0.258
7913	1.0	0.0	0.268
7914	1.0	0.0	0.333
7915	1.0	0.0	0.371
7916	1.0	0.0	0.459
7917	1.0	0.0	0.472
7918	1.0	0.0	0.440
7919	1.0	0.0	0.265
7920	1.0	0.0	0.166
7921	0.7	0.0	0.115
7922	0.7	0.0	0.062
7923	0.7	0.0	0.024
7924	0.7	0.0	0.018
7925	0.8	0.0	0.053
7926	0.8	0.0	0.132
7927	0.9	0.0	0.358
7928	1.2	0.0	0.383
7929	1.2	0.0	0.384
7930	1.1	0.0	0.403
7931	1.0	0.0	0.384
7932	0.9	0.0	0.373
7933	0.9	0.0	0.345
7934	0.9	0.0	0.303
7935	0.9	0.0	0.276
7936	0.9	0.0	0.258
7937	0.9	0.0	0.268
7938	1.0	0.0	0.333
7939	0.9	0.0	0.371
7940	1.0	0.0	0.459
7941	1.0	0.0	0.472
7942	1.1	0.0	0.440
7943	1.1	0.0	0.265
7944	1.1	0.0	0.166
7945	0.9	0.0	0.115
7946	0.9	0.0	0.062
7947	1.0	0.0	0.024
7948	1.0	0.0	0.018
7949	1.0	0.0	0.053
7950	1.1	0.0	0.132
7951	1.1	0.0	0.358
7952	1.4	0.0	0.383
7953	1.4	0.0	0.384
7954	1.3	0.0	0.403
7955	1.2	0.0	0.384
7956	1.2	0.0	0.373
7957	1.1	0.0	0.345
7958	1.0	0.0	0.303
7959	1.0	0.0	0.276
7960	1.0	0.0	0.258
7961	1.0	0.0	0.268
7962	1.1	0.0	0.333
7963	1.1	0.0	0.371
7964	1.2	0.0	0.459
7965	1.1	0.0	0.472
7966	1.2	0.0	0.440
7967	1.1	0.0	0.265
7968	1.1	0.0	0.166
7969	0.9	0.0	0.115
7970	1.0	0.0	0.062
7971	1.0	0.0	0.024
7972	1.0	0.0	0.018
7973	1.0	0.0	0.053
7974	1.0	0.0	0.132
7975	1.0	0.0	0.358
7976	1.3	0.0	0.383
7977	1.3	0.0	0.384
7978	1.2	0.0	0.403
7979	1.1	0.0	0.384
7980	1.0	0.0	0.373
7981	0.9	0.0	0.345
7982	0.8	0.0	0.303
7983	0.9	0.0	0.276
7984	0.9	0.0	0.258
7985	1.0	0.0	0.268
7986	1.1	0.0	0.333
7987	1.1	0.0	0.371
7988	1.2	0.0	0.459
7989	1.2	0.0	0.472
7990	1.3	0.0	0.440
7991	1.3	0.0	0.265
7992	1.4	0.0	0.166
7993	1.1	0.0	0.115
7994	1.1	0.0	0.062
7995	1.1	0.0	0.024
7996	1.2	0.0	0.018
7997	1.2	0.0	0.053
7998	1.3	0.0	0.132
7999	1.3	0.0	0.358
8000	1.7	0.0	0.383
8001	1.6	0.0	0.384
8002	1.5	0.0	0.403
8003	1.5	0.0	0.384
8004	1.4	0.0	0.373
8005	1.3	0.0	0.345
8006	1.3	0.0	0.303
8007	1.3	0.0	0.276
8008	1.4	0.0	0.258
8009	1.4	0.0	0.268
8010	1.5	0.0	0.333
8011	1.7	0.0	0.371
8012	1.7	0.0	0.459
8013	1.7	0.0	0.472
8014	1.8	0.0	0.440
8015	1.8	0.0	0.265
8016	1.8	0.0	0.166
8017	1.7	0.0	0.115
8018	1.7	0.0	0.062
8019	1.7	0.0	0.024
8020	1.7	0.0	0.018
8021	1.8	0.0	0.053
8022	1.9	0.0	0.132
8023	1.9	0.0	0.358
8024	2.3	0.0	0.383
8025	2.3	0.0	0.384
8026	2.2	0.0	0.403
8027	2.2	0.0	0.384
8028	2.2	0.0	0.373
8029	2.1	0.0	0.345
8030	2.1	0.0	0.303
8031	2.1	0.0	0.276
8032	2.0	0.0	0.258
8033	2.0	0.0	0.268
8034	2.0	0.0	0.333
8035	2.0	0.0	0.371
8036	2.1	0.0	0.459
8037	2.2	0.0	0.472
8038	2.2	0.0	0.440
8039	2.3	0.0	0.265
8040	2.2	0.0	0.166
8041	1.9	0.0	0.115
8042	1.9	0.0	0.062
8043	1.8	0.0	0.024
8044	1.8	0.0	0.018
8045	1.8	0.0	0.053
8046	1.8	0.0	0.132
8047	1.7	0.0	0.358
8048	2.1	0.0	0.383
8049	2.1	0.0	0.384
8050	2.1	0.0	0.403
8051	2.0	0.0	0.384
8052	2.0	0.0	0.373
8053	1.9	0.0	0.345
8054	1.9	0.0	0.303
8055	1.9	0.0	0.276
8056	1.9	0.0	0.258
8057	1.8	0.0	0.268
8058	1.8	0.0	0.333
8059	1.8	0.0	0.371
8060	1.9	0.0	0.459
8061	1.8	0.0	0.472
8062	1.8	0.0	0.440
8063	1.9	0.0	0.265
8064	1.9	0.0	0.166
8065	1.5	0.0	0.115
8066	1.5	0.0	0.062
8067	1.4	0.0	0.024
8068	1.5	0.0	0.018
8069	1.5	0.0	0.053
8070	1.5	0.0	0.132
8071	1.4	0.0	0.358
8072	1.8	0.0	0.383
8073	1.8	0.0	0.384
8074	1.7	0.0	0.403
8075	1.6	0.0	0.384
8076	1.6	0.0	0.373
8077	1.5	0.0	0.345
8078	1.5	0.0	0.303
8079	1.5	0.0	0.276
8080	1.6	0.0	0.258
8081	1.6	0.0	0.268
8082	1.6	0.0	0.333
8083	1.7	0.0	0.371
8084	1.7	0.0	0.459
8085	1.7	0.0	0.472
8086	1.7	0.0	0.440
8087	1.7	0.0	0.265
8088	1.7	0.0	0.166
8089	1.4	0.0	0.115
8090	1.4	0.0	0.062
8091	1.5	0.0	0.024
8092	1.4	0.0	0.018
8093	1.5	0.0	0.053
8094	1.6	0.0	0.132
8095	1.5	0.0	0.358
8096	1.8	0.0	0.383
8097	1.8	0.0	0.384
8098	1.8	0.0	0.403
8099	1.7	0.0	0.384
8100	1.7	0.0	0.373
8101	1.7	0.0	0.345
8102	1.7	0.0	0.303
8103	1.8	0.0	0.276
8104	1.8	0.0	0.258
8105	1.9	0.0	0.268
8106	1.9	0.0	0.333
8107	2.0	0.0	0.371
8108	2.0	0.0	0.459
8109	2.1	0.0	0.472
8110	2.1	0.0	0.440
8111	2.1	0.0	0.265
8112	2.2	0.0	0.166
8113	1.7	0.0	0.115
8114	1.7	0.0	0.062
8115	1.6	0.0	0.024
8116	1.5	0.0	0.018
8117	1.5	0.0	0.053
8118	1.6	0.0	0.132
8119	1.5	0.0	0.358
8120	1.8	0.0	0.383
8121	1.8	0.0	0.384
8122	1.7	0.0	0.403
8123	1.7	0.0	0.384
8124	1.6	0.0	0.373
8125	1.6	0.0	0.345
8126	1.4	0.0	0.303
8127	1.4	0.0	0.276
8128	1.4	0.0	0.258
8129	1.4	0.0	0.268
8130	1.4	0.0	0.333
8131	1.4	0.0	0.371
8132	1.4	0.0	0.459
8133	1.3	0.0	0.472
8134	1.3	0.0	0.440
8135	1.2	0.0	0.265
8136	1.2	0.0	0.166
8137	0.8	0.0	0.115
8138	0.8	0.0	0.062
8139	0.8	0.0	0.024
8140	0.8	0.0	0.018
8141	0.8	0.0	0.053
8142	0.8	0.0	0.132
8143	0.8	0.0	0.358
8144	1.2	0.0	0.383
8145	1.1	0.0	0.384
8146	1.1	0.0	0.403
8147	1.0	0.0	0.384
8148	1.1	0.0	0.373
8149	1.0	0.0	0.345
8150	0.9	0.0	0.303
8151	0.9	0.0	0.276
8152	0.9	0.0	0.258
8153	0.9	0.0	0.268
8154	0.9	0.0	0.333
8155	0.9	0.0	0.371
8156	0.9	0.0	0.459
8157	1.0	0.0	0.472
8158	1.1	0.0	0.440
8159	1.1	0.0	0.265
8160	1.1	0.0	0.166
8161	0.7	0.0	0.115
8162	0.8	0.0	0.062
8163	0.8	0.0	0.024
8164	0.9	0.0	0.018
8165	0.9	0.0	0.053
8166	0.9	0.0	0.132
8167	0.9	0.0	0.358
8168	1.3	0.0	0.383
8169	1.3	0.0	0.384
8170	1.3	0.0	0.403
8171	1.2	0.0	0.384
8172	1.2	0.0	0.373
8173	1.1	0.0	0.345
8174	1.2	0.0	0.303
8175	1.1	0.0	0.276
8176	1.2	0.0	0.258
8177	1.2	0.0	0.268
8178	1.3	0.0	0.333
8179	1.3	0.0	0.371
8180	1.3	0.0	0.459
8181	1.4	0.0	0.472
8182	1.4	0.0	0.440
8183	1.4	0.0	0.265
8184	1.4	0.0	0.166
8185	1.1	0.0	0.115
8186	1.1	0.0	0.062
8187	1.2	0.0	0.024
8188	1.2	0.0	0.018
8189	1.4	0.0	0.053
8190	1.5	0.0	0.132
8191	1.5	0.0	0.358
8192	1.8	0.0	0.383
8193	1.7	0.0	0.384
8194	1.7	0.0	0.403
8195	1.7	0.0	0.384
8196	1.6	0.0	0.373
8197	1.7	0.0	0.345
8198	1.6	0.0	0.303
8199	1.7	0.0	0.276
8200	1.8	0.0	0.258
8201	1.9	0.0	0.268
8202	2.0	0.0	0.333
8203	2.1	0.0	0.371
8204	2.2	0.0	0.459
8205	2.3	0.0	0.472
8206	2.4	0.0	0.440
8207	2.5	0.0	0.265
8208	2.6	0.0	0.166
8209	2.2	0.0	0.115
8210	2.2	0.0	0.062
8211	2.3	0.0	0.024
8212	2.3	0.0	0.018
8213	2.3	0.0	0.053
8214	2.2	0.0	0.132
8215	2.3	0.0	0.358
8216	2.7	0.0	0.383
8217	2.6	0.0	0.384
8218	2.6	0.0	0.403
8219	2.5	0.0	0.384
8220	2.5	0.0	0.373
8221	2.5	0.0	0.345
8222	2.4	0.0	0.303
8223	2.3	0.0	0.276
8224	2.3	0.0	0.258
8225	2.3	0.0	0.268
8226	2.3	0.0	0.333
8227	2.3	0.0	0.371
8228	2.4	0.0	0.459
8229	2.4	0.0	0.472
8230	2.4	0.0	0.440
8231	2.4	0.0	0.265
8232	2.4	0.0	0.166
8233	2.1	0.0	0.115
8234	2.1	0.0	0.062
8235	2.1	0.0	0.024
8236	2.1	0.0	0.018
8237	2.2	0.0	0.053
8238	2.2	0.0	0.132
8239	2.2	0.0	0.358
8240	2.5	0.0	0.383
8241	2.6	0.0	0.384
8242	2.5	0.0	0.403
8243	2.6	0.0	0.384
8244	2.5	0.0	0.373
8245	2.5	0.0	0.345
8246	2.5	0.0	0.303
8247	2.5	0.0	0.276
8248	2.5	0.0	0.258
8249	2.5	0.0	0.268
8250	2.5	0.0	0.333
8251	2.6	0.0	0.371
8252	2.6	0.0	0.459
8253	2.6	0.0	0.472
8254	2.6	0.0	0.440
8255	2.6	0.0	0.265
8256	2.6	0.0	0.166
8257	2.2	0.0	0.115
8258	2.3	0.0	0.062
8259	2.2	0.0	0.024
8260	2.3	0.0	0.018
8261	2.3	0.0	0.053
8262	2.3	0.0	0.132
8263	2.3	0.0	0.358
8264	2.6	0.0	0.383
8265	2.5	0.0	0.384
8266	2.5	0.0	0.403
8267	2.4	0.0	0.384
8268	2.4	0.0	0.373
8269	2.3	0.0	0.345
8270	2.3	0.0	0.303
8271	2.2	0.0	0.276
8272	2.2	0.0	0.258
8273	2.3	0.0	0.268
8274	2.3	0.0	0.333
8275	2.3	0.0	0.371
8276	2.2	0.0	0.459
8277	2.2	0.0	0.472
8278	2.3	0.0	0.440
8279	2.3	0.0	0.265
8280	2.3	0.0	0.166
8281	1.9	0.0	0.115
8282	1.9	0.0	0.062
8283	1.8	0.0	0.024
8284	1.8	0.0	0.018
8285	1.8	0.0	0.053
8286	1.8	0.0	0.132
8287	1.9	0.0	0.358
8288	2.2	0.0	0.383
8289	2.3	0.0	0.384
8290	2.2	0.0	0.403
8291	2.2	0.0	0.384
8292	2.2	0.0	0.373
8293	2.1	0.0	0.345
8294	2.1	0.0	0.303
8295	2.1	0.0	0.276
8296	2.1	0.0	0.258
8297	2.1	0.0	0.268
8298	2.1	0.0	0.333
8299	2.1	0.0	0.371
8300	2.1	0.0	0.459
8301	2.1	0.0	0.472
8302	2.2	0.0	0.440
8303	2.2	0.0	0.265
8304	2.2	0.0	0.166
8305	1.8	0.0	0.115
8306	1.8	0.0	0.062
8307	1.9	0.0	0.024
8308	1.9	0.0	0.018
8309	1.9	0.0	0.053
8310	1.9	0.0	0.132
8311	1.8	0.0	0.358
8312	2.1	0.0	0.383
8313	2.1	0.0	0.384
8314	2.1	0.0	0.403
8315	2.0	0.0	0.384
8316	1.9	0.0	0.373
8317	1.8	0.0	0.345
8318	1.7	0.0	0.303
8319	1.7	0.0	0.276
8320	1.7	0.0	0.258
8321	1.7	0.0	0.268
8322	1.8	0.0	0.333
8323	1.8	0.0	0.371
8324	1.8	0.0	0.459
8325	1.9	0.0	0.472
8326	1.9	0.0	0.440
8327	1.9	0.0	0.265
8328	1.9	0.0	0.166
8329	1.5	0.0	0.115
8330	1.5	0.0	0.062
8331	1.4	0.0	0.024
8332	1.4	0.0	0.018
8333	1.5	0.0	0.053
8334	1.5	0.0	0.132
8335	1.6	0.0	0.358
8336	1.9	0.0	0.383
8337	1.9	0.0	0.384
8338	1.8	0.0	0.403
8339	1.7	0.0	0.384
8340	1.7	0.0	0.373
8341	1.6	0.0	0.345
8342	1.6	0.0	0.303
8343	1.5	0.0	0.276
8344	1.5	0.0	0.258
8345	1.6	0.0	0.268
8346	1.6	0.0	0.333
8347	1.7	0.0	0.371
8348	1.7	0.0	0.459
8349	1.7	0.0	0.472
8350	1.7	0.0	0.440
8351	1.7	0.0	0.265
8352	1.7	0.0	0.166
8353	1.3	0.0	0.115
8354	1.3	0.0	0.062
8355	1.3	0.0	0.024
8356	1.3	0.0	0.018
8357	1.3	0.0	0.053
8358	1.3	0.0	0.132
8359	1.4	0.0	0.358
8360	1.8	0.0	0.383
8361	1.7	0.0	0.384
8362	1.6	0.0	0.403
8363	1.5	0.0	0.384
8364	1.4	0.0	0.373
8365	1.4	0.0	0.345
8366	1.3	0.0	0.303
8367	1.3	0.0	0.276
8368	1.4	0.0	0.258
8369	1.4	0.0	0.268
8370	1.5	0.0	0.333
8371	1.5	0.0	0.371
8372	1.5	0.0	0.459
8373	1.6	0.0	0.472
8374	1.7	0.0	0.440
8375	1.7	0.0	0.265
8376	1.8	0.0	0.166
8377	1.5	0.0	0.115
8378	1.5	0.0	0.062
8379	1.4	0.0	0.024
8380	1.4	0.0	0.018
8381	1.5	0.0	0.053
8382	1.5	0.0	0.132
8383	1.5	0.0	0.358
8384	1.9	0.0	0.383
8385	1.9	0.0	0.384
8386	1.8	0.0	0.403
8387	1.8	0.0	0.384
8388	1.7	0.0	0.373
8389	1.7	0.0	0.345
8390	1.6	0.0	0.303
8391	1.6	0.0	0.276
8392	1.6	0.0	0.258
8393	1.6	0.0	0.268
8394	1.6	0.0	0.333
8395	1.6	0.0	0.371
8396	1.6	0.0	0.459
8397	1.6	0.0	0.472
8398	1.6	0.0	0.440
8399	1.6	0.0	0.265
8400	1.5	0.0	0.166
8401	1.2	0.0	0.115
8402	1.2	0.0	0.062
8403	1.2	0.0	0.024
8404	1.1	0.0	0.018
8405	1.2	0.0	0.053
8406	1.2	0.0	0.132
8407	1.2	0.0	0.358
8408	1.6	0.0	0.383
8409	1.5	0.0	0.384
8410	1.5	0.0	0.403
8411	1.4	0.0	0.384
8412	1.4	0.0	0.373
8413	1.3	0.0	0.345
8414	1.3	0.0	0.303
8415	1.3	0.0	0.276
8416	1.2	0.0	0.258
8417	1.3	0.0	0.268
8418	1.3	0.0	0.333
8419	1.3	0.0	0.371
8420	1.4	0.0	0.459
8421	1.3	0.0	0.472
8422	1.3	0.0	0.440
8423	1.3	0.0	0.265
8424	1.4	0.0	0.166
8425	1.0	0.0	0.115
8426	0.9	0.0	0.062
8427	1.0	0.0	0.024
8428	1.0	0.0	0.018
8429	1.0	0.0	0.053
8430	1.1	0.0	0.132
8431	1.0	0.0	0.358
8432	1.4	0.0	0.383
8433	1.3	0.0	0.384
8434	1.3	0.0	0.403
8435	1.2	0.0	0.384
8436	1.2	0.0	0.373
8437	1.1	0.0	0.345
8438	1.1	0.0	0.303
8439	1.1	0.0	0.276
8440	1.1	0.0	0.258
8441	1.1	0.0	0.268
8442	1.2	0.0	0.333
8443	1.2	0.0	0.371
8444	1.2	0.0	0.459
8445	1.3	0.0	0.472
8446	1.2	0.0	0.440
8447	1.2	0.0	0.265
8448	1.1	0.0	0.166
8449	0.8	0.0	0.115
8450	0.8	0.0	0.062
8451	0.8	0.0	0.024
8452	0.9	0.0	0.018
8453	0.9	0.0	0.053
8454	0.9	0.0	0.132
8455	0.9	0.0	0.358
8456	1.2	0.0	0.383
8457	1.2	0.0	0.384
8458	1.2	0.0	0.403
8459	1.1	0.0	0.384
8460	1.0	0.0	0.373
8461	0.9	0.0	0.345
8462	0.9	0.0	0.303
8463	0.8	0.0	0.276
8464	0.9	0.0	0.258
8465	1.0	0.0	0.268
8466	1.0	0.0	0.333
8467	1.0	0.0	0.371
8468	1.1	0.0	0.459
8469	1.1	0.0	0.472
8470	1.1	0.0	0.440
8471	1.1	0.0	0.265
8472	1.2	0.0	0.166
8473	0.8	0.0	0.115
8474	0.9	0.0	0.062
8475	0.9	0.0	0.024
8476	0.9	0.0	0.018
8477	1.0	0.0	0.053
8478	1.0	0.0	0.132
8479	1.1	0.0	0.358
8480	1.4	0.0	0.383
8481	1.4	0.0	0.384
8482	1.4	0.0	0.403
8483	1.4	0.0	0.384
8484	1.4	0.0	0.373
8485	1.3	0.0	0.345
8486	1.3	0.0	0.303
8487	1.3	0.0	0.276
8488	1.3	0.0	0.258
8489	1.4	0.0	0.268
8490	1.5	0.0	0.333
8491	1.5	0.0	0.371
8492	1.6	0.0	0.459
8493	1.6	0.0	0.472
8494	1.7	0.0	0.440
8495	1.7	0.0	0.265
8496	1.8	0.0	0.166
8497	1.4	0.0	0.115
8498	1.4	0.0	0.062
8499	1.4	0.0	0.024
8500	1.4	0.0	0.018
8501	1.4	0.0	0.053
8502	1.4	0.0	0.132
8503	1.4	0.0	0.358
8504	1.8	0.0	0.383
8505	1.8	0.0	0.384
8506	1.7	0.0	0.403
8507	1.6	0.0	0.384
8508	1.6	0.0	0.373
8509	1.5	0.0	0.345
8510	1.5	0.0	0.303
8511	1.5	0.0	0.276
8512	1.4	0.0	0.258
8513	1.5	0.0	0.268
8514	1.5	0.0	0.333
8515	1.5	0.0	0.371
8516	1.5	0.0	0.459
8517	1.5	0.0	0.472
8518	1.4	0.0	0.440
8519	1.4	0.0	0.265
8520	1.4	0.0	0.166
8521	1.0	0.0	0.115
8522	1.1	0.0	0.062
8523	1.1	0.0	0.024
8524	1.1	0.0	0.018
8525	1.1	0.0	0.053
8526	1.1	0.0	0.132
8527	1.1	0.0	0.358
8528	1.5	0.0	0.383
8529	1.4	0.0	0.384
8530	1.3	0.0	0.403
8531	1.3	0.0	0.384
8532	1.3	0.0	0.373
8533	1.3	0.0	0.345
8534	1.3	0.0	0.303
8535	1.3	0.0	0.276
8536	1.4	0.0	0.258
8537	1.4	0.0	0.268
8538	1.4	0.0	0.333
8539	1.4	0.0	0.371
8540	1.4	0.0	0.459
8541	1.4	0.0	0.472
8542	1.4	0.0	0.440
8543	1.4	0.0	0.265
8544	1.5	0.0	0.166
8545	1.2	0.0	0.115
8546	1.2	0.0	0.062
8547	1.2	0.0	0.024
8548	1.2	0.0	0.018
8549	1.3	0.0	0.053
8550	1.3	0.0	0.132
8551	1.3	0.0	0.358
8552	1.7	0.0	0.383
8553	1.7	0.0	0.384
8554	1.6	0.0	0.403
8555	1.5	0.0	0.384
8556	1.4	0.0	0.373
8557	1.4	0.0	0.345
8558	1.4	0.0	0.303
8559	1.5	0.0	0.276
8560	1.5	0.0	0.258
8561	1.6	0.0	0.268
8562	1.7	0.0	0.333
8563	1.6	0.0	0.371
8564	1.6	0.0	0.459
8565	1.6	0.0	0.472
8566	1.7	0.0	0.440
8567	1.7	0.0	0.265
8568	1.7	0.0	0.166
8569	1.4	0.0	0.115
8570	1.4	0.0	0.062
8571	1.4	0.0	0.024
8572	1.4	0.0	0.018
8573	1.4	0.0	0.053
8574	1.4	0.0	0.132
8575	1.5	0.0	0.358
8576	1.8	0.0	0.383
8577	1.8	0.0	0.384
8578	1.7	0.0	0.403
8579	1.6	0.0	0.384
8580	1.5	0.0	0.373
8581	1.4	0.0	0.345
8582	1.4	0.0	0.303
8583	1.3	0.0	0.276
8584	1.3	0.0	0.258
8585	1.4	0.0	0.268
8586	1.4	0.0	0.333
8587	1.5	0.0	0.371
8588	1.6	0.0	0.459
8589	1.6	0.0	0.472
8590	1.5	0.0	0.440
8591	1.6	0.0	0.265
8592	1.6	0.0	0.166
8593	1.3	0.0	0.115
8594	1.2	0.0	0.062
8595	1.2	0.0	0.024
8596	1.1	0.0	0.018
8597	1.1	0.0	0.053
8598	1.1	0.0	0.132
8599	1.1	0.0	0.358
8600	1.4	0.0	0.383
8601	1.4	0.0	0.384
8602	1.3	0.0	0.403
8603	1.2	0.0	0.384
8604	1.1	0.0	0.373
8605	1.1	0.0	0.345
8606	1.0	0.0	0.303
8607	1.0	0.0	0.276
8608	1.0	0.0	0.258
8609	1.1	0.0	0.268
8610	1.2	0.0	0.333
8611	1.2	0.0	0.371
8612	1.2	0.0	0.459
8613	1.2	0.0	0.472
8614	1.2	0.0	0.440
8615	1.2	0.0	0.265
8616	1.2	0.0	0.166
8617	0.9	0.0	0.115
8618	0.9	0.0	0.062
8619	0.8	0.0	0.024
8620	0.9	0.0	0.018
8621	0.9	0.0	0.053
8622	0.9	0.0	0.132
8623	0.9	0.0	0.358
8624	1.2	0.0	0.383
8625	1.3	0.0	0.384
8626	1.2	0.0	0.403
8627	1.0	0.0	0.384
8628	1.0	0.0	0.373
8629	0.9	0.0	0.345
8630	0.9	0.0	0.303
8631	0.8	0.0	0.276
8632	0.9	0.0	0.258
8633	0.9	0.0	0.268
8634	1.0	0.0	0.333
8635	1.1	0.0	0.371
8636	1.1	0.0	0.459
8637	1.2	0.0	0.472
8638	1.2	0.0	0.440
8639	1.3	0.0	0.265
8640	1.3	0.0	0.166
8641	1.0	0.0	0.115
8642	1.0	0.0	0.062
8643	1.0	0.0	0.024
8644	1.0	0.0	0.018
8645	1.0	0.0	0.053
8646	1.0	0.0	0.132
8647	1.1	0.0	0.358
8648	1.4	0.0	0.383
8649	1.4	0.0	0.384
8650	1.3	0.0	0.403
8651	1.3	0.0	0.384
8652	1.2	0.0	0.373
8653	1.1	0.0	0.345
8654	1.0	0.0	0.303
8655	1.0	0.0	0.276
8656	1.0	0.0	0.258
8657	1.0	0.0	0.268
8658	1.1	0.0	0.333
8659	1.1	0.0	0.371
8660	1.0	0.0	0.459
8661	1.0	0.0	0.472
8662	1.1	0.0	0.440
8663	1.1	0.0	0.265
8664	1.1	0.0	0.166
8665	0.7	0.0	0.115
8666	0.7	0.0	0.062
8667	0.7	0.0	0.024
8668	0.6	0.0	0.018
8669	0.6	0.0	0.053
8670	0.6	0.0	0.132
8671	0.6	0.0	0.358
8672	1.0	0.0	0.383
8673	1.0	0.0	0.384
8674	1.0	0.0	0.403
8675	0.9	0.0	0.384
8676	0.9	0.0	0.373
8677	0.8	0.0	0.345
8678	0.8	0.0	0.303
8679	0.8	0.0	0.276
8680	0.8	0.0	0.258
8681	0.8	0.0	0.268
8682	0.7	0.0	0.333
8683	0.7	0.0	0.371
8684	0.7	0.0	0.459
8685	0.7	0.0	0.472
8686	0.7	0.0	0.440
8687	0.6	0.0	0.265
8688	0.6	0.0	0.166
8689	0.3	0.0	0.115
8690	0.3	0.0	0.062
8691	0.3	0.0	0.024
8692	0.3	0.0	0.018
8693	0.3	0.0	0.053
8694	0.4	0.0	0.132
8695	0.3	0.0	0.358
8696	0.7	0.0	0.383
8697	0.7	0.0	0.384
8698	0.7	0.0	0.403
8699	0.7	0.0	0.384
8700	0.7	0.0	0.373
8701	0.7	0.0	0.345
8702	0.8	0.0	0.303
8703	0.9	0.0	0.276
8704	0.9	0.0	0.258
8705	1.0	0.0	0.268
8706	1.0	0.0	0.333
8707	1.1	0.0	0.371
8708	1.1	0.0	0.459
8709	1.1	0.0	0.472
8710	1.1	0.0	0.440
8711	1.2	0.0	0.265
8712	1.1	0.0	0.166
8713	0.8	0.0	0.115
8714	0.9	0.0	0.062
8715	0.9	0.0	0.024
8716	1.0	0.0	0.018
8717	1.0	0.0	0.053
8718	1.1	0.0	0.132
8719	1.1	0.0	0.358
8720	1.5	0.0	0.383
8721	1.5	0.0	0.384
8722	1.5	0.0	0.403
8723	1.6	0.0	0.384
8724	1.5	0.0	0.373
8725	1.4	0.0	0.345
8726	1.4	0.0	0.303
8727	1.4	0.0	0.276
8728	1.5	0.0	0.258
8729	1.5	0.0	0.268
8730	1.6	0.0	0.333
8731	1.7	0.0	0.371
8732	1.6	0.0	0.459
8733	1.7	0.0	0.472
8734	1.8	0.0	0.440
8735	1.8	0.0	0.265
8736	1.8	0.0	0.166
8737	1.5	0.0	0.115
8738	1.5	0.0	0.062
8739	1.6	0.0	0.024
8740	1.6	0.0	0.018
8741	1.6	0.0	0.053
8742	1.6	0.0	0.132
8743	1.7	0.0	0.358
8744	2.0	0.0	0.383
8745	2.1	0.0	0.384
8746	2.0	0.0	0.403
8747	2.0	0.0	0.384
8748	2.0	0.0	0.373
8749	2.0	0.0	0.345
8750	2.0	0.0	0.303
8751	2.0	0.0	0.276
8752	2.0	0.0	0.258
8753	2.0	0.0	0.268
8754	2.1	0.0	0.333
8755	2.1	0.0	0.371
8756	2.2	0.0	0.459
8757	2.3	0.0	0.472
8758	2.4	0.0	0.440
8759	2.4	0.0	0.265
8760	2.5	0.0	0.166
