# HOY	Heat Demand	Load duration curve	Dhw Demand
# [h]	[kWh / h]	[kWh / h]	[kWh / h]
1	1.0	2.0	0.015
2	1.1	2.0	0.008
3	1.1	1.9	0.003
4	1.1	1.9	0.002
5	1.1	1.9	0.007
6	1.1	1.9	0.017
7	1.1	1.9	0.047
8	1.4	1.9	0.050
9	1.4	1.9	0.050
10	1.3	1.9	0.053
11	1.3	1.9	0.050
12	1.2	1.8	0.049
13	1.2	1.8	0.045
14	1.2	1.8	0.040
15	1.2	1.8	0.036
16	1.2	1.8	0.034
17	1.3	1.8	0.035
18	1.4	1.8	0.044
19	1.5	1.8	0.049
20	1.5	1.8	0.060
21	1.5	1.8	0.062
22	1.6	1.8	0.058
23	1.6	1.8	0.035
24	1.7	1.8	0.022
25	1.5	1.8	0.015
26	1.4	1.8	0.008
27	1.4	1.8	0.003
28	1.4	1.8	0.002
29	1.4	1.8	0.007
30	1.4	1.8	0.017
31	1.4	1.8	0.047
32	1.7	1.8	0.050
33	1.7	1.8	0.050
34	1.6	1.8	0.053
35	1.6	1.8	0.050
36	1.5	1.8	0.049
37	1.5	1.8	0.045
38	1.5	1.8	0.040
39	1.4	1.8	0.036
40	1.4	1.8	0.034
41	1.5	1.8	0.035
42	1.6	1.8	0.044
43	1.6	1.8	0.049
44	1.6	1.8	0.060
45	1.6	1.7	0.062
46	1.6	1.7	0.058
47	1.6	1.7	0.035
48	1.6	1.7	0.022
49	1.4	1.7	0.015
50	1.4	1.7	0.008
51	1.4	1.7	0.003
52	1.4	1.7	0.002
53	1.4	1.7	0.007
54	1.4	1.7	0.017
55	1.4	1.7	0.047
56	1.7	1.7	0.050
57	1.7	1.7	0.050
58	1.7	1.7	0.053
59	1.6	1.7	0.050
60	1.6	1.7	0.049
61	1.6	1.7	0.045
62	1.5	1.7	0.040
63	1.5	1.7	0.036
64	1.5	1.7	0.034
65	1.5	1.7	0.035
66	1.6	1.7	0.044
67	1.6	1.7	0.049
68	1.6	1.7	0.060
69	1.7	1.7	0.062
70	1.7	1.7	0.058
71	1.8	1.7	0.035
72	1.8	1.7	0.022
73	1.6	1.7	0.015
74	1.6	1.7	0.008
75	1.5	1.7	0.003
76	1.5	1.7	0.002
77	1.5	1.7	0.007
78	1.5	1.7	0.017
79	1.5	1.7	0.047
80	1.7	1.7	0.050
81	1.7	1.7	0.050
82	1.6	1.7	0.053
83	1.4	1.7	0.050
84	1.3	1.6	0.049
85	1.2	1.6	0.045
86	1.2	1.6	0.040
87	1.2	1.6	0.036
88	1.2	1.6	0.034
89	1.2	1.6	0.035
90	1.2	1.6	0.044
91	1.2	1.6	0.049
92	1.2	1.6	0.060
93	1.2	1.6	0.062
94	1.2	1.6	0.058
95	1.2	1.6	0.035
96	1.3	1.6	0.022
97	1.0	1.6	0.015
98	1.0	1.6	0.008
99	1.1	1.6	0.003
100	1.1	1.6	0.002
101	1.1	1.6	0.007
102	1.1	1.6	0.017
103	1.2	1.6	0.047
104	1.5	1.6	0.050
105	1.5	1.6	0.050
106	1.5	1.6	0.053
107	1.5	1.6	0.050
108	1.5	1.6	0.049
109	1.5	1.6	0.045
110	1.6	1.6	0.040
111	1.7	1.6	0.036
112	1.7	1.6	0.034
113	1.7	1.6	0.035
114	1.8	1.6	0.044
115	1.8	1.6	0.049
116	1.8	1.6	0.060
117	1.8	1.6	0.062
118	1.9	1.6	0.058
119	2.0	1.6	0.035
120	2.0	1.6	0.022
121	1.8	1.6	0.015
122	1.8	1.6	0.008
123	1.7	1.6	0.003
124	1.7	1.6	0.002
125	1.6	1.6	0.007
126	1.6	1.6	0.017
127	1.6	1.6	0.047
128	1.8	1.6	0.050
129	1.8	1.6	0.050
130	1.7	1.6	0.053
131	1.6	1.6	0.050
132	1.5	1.6	0.049
133	1.4	1.6	0.045
134	1.3	1.6	0.040
135	1.3	1.6	0.036
136	1.2	1.6	0.034
137	1.2	1.6	0.035
138	1.3	1.6	0.044
139	1.2	1.6	0.049
140	1.2	1.6	0.060
141	1.2	1.6	0.062
142	1.2	1.6	0.058
143	1.2	1.6	0.035
144	1.2	1.6	0.022
145	0.9	1.6	0.015
146	0.9	1.6	0.008
147	1.0	1.6	0.003
148	1.0	1.6	0.002
149	1.0	1.6	0.007
150	1.0	1.6	0.017
151	1.0	1.6	0.047
152	1.3	1.6	0.050
153	1.3	1.6	0.050
154	1.2	1.6	0.053
155	1.2	1.6	0.050
156	1.1	1.6	0.049
157	1.1	1.6	0.045
158	1.0	1.6	0.040
159	0.9	1.6	0.036
160	0.9	1.6	0.034
161	1.0	1.6	0.035
162	1.1	1.6	0.044
163	1.1	1.6	0.049
164	1.2	1.6	0.060
165	1.2	1.6	0.062
166	1.2	1.6	0.058
167	1.3	1.5	0.035
168	1.3	1.5	0.022
169	1.1	1.5	0.015
170	1.1	1.5	0.008
171	1.1	1.5	0.003
172	1.1	1.5	0.002
173	1.0	1.5	0.007
174	1.0	1.5	0.017
175	1.0	1.5	0.047
176	1.2	1.5	0.050
177	1.2	1.5	0.050
178	1.2	1.5	0.053
179	1.1	1.5	0.050
180	1.1	1.5	0.049
181	1.1	1.5	0.045
182	1.1	1.5	0.040
183	1.1	1.5	0.036
184	1.1	1.5	0.034
185	1.1	1.5	0.035
186	1.1	1.5	0.044
187	1.1	1.5	0.049
188	1.0	1.5	0.060
189	1.0	1.5	0.062
190	1.0	1.5	0.058
191	1.0	1.5	0.035
192	0.9	1.5	0.022
193	0.6	1.5	0.015
194	0.6	1.5	0.008
195	0.6	1.5	0.003
196	0.7	1.5	0.002
197	0.6	1.5	0.007
198	0.6	1.5	0.017
199	0.6	1.5	0.047
200	0.9	1.5	0.050
201	0.9	1.5	0.050
202	0.8	1.5	0.053
203	0.8	1.5	0.050
204	0.8	1.5	0.049
205	0.8	1.5	0.045
206	0.7	1.5	0.040
207	0.7	1.5	0.036
208	0.6	1.5	0.034
209	0.7	1.5	0.035
210	0.6	1.5	0.044
211	0.6	1.5	0.049
212	0.7	1.5	0.060
213	0.6	1.5	0.062
214	0.6	1.5	0.058
215	0.6	1.5	0.035
216	0.6	1.5	0.022
217	0.3	1.5	0.015
218	0.4	1.5	0.008
219	0.4	1.5	0.003
220	0.4	1.5	0.002
221	0.5	1.5	0.007
222	0.5	1.5	0.017
223	0.5	1.5	0.047
224	0.8	1.5	0.050
225	0.8	1.5	0.050
226	0.8	1.5	0.053
227	0.8	1.5	0.050
228	0.8	1.5	0.049
229	0.8	1.5	0.045
230	0.8	1.5	0.040
231	0.8	1.5	0.036
232	0.9	1.5	0.034
233	0.9	1.5	0.035
234	1.0	1.5	0.044
235	1.0	1.5	0.049
236	1.1	1.5	0.060
237	1.2	1.5	0.062
238	1.2	1.5	0.058
239	1.3	1.5	0.035
240	1.4	1.5	0.022
241	1.1	1.5	0.015
242	1.1	1.5	0.008
243	1.1	1.5	0.003
244	1.1	1.5	0.002
245	1.1	1.5	0.007
246	1.1	1.5	0.017
247	1.1	1.5	0.047
248	1.4	1.5	0.050
249	1.4	1.5	0.050
250	1.3	1.5	0.053
251	1.3	1.5	0.050
252	1.2	1.5	0.049
253	1.2	1.5	0.045
254	1.1	1.5	0.040
255	1.1	1.5	0.036
256	1.2	1.5	0.034
257	1.3	1.5	0.035
258	1.3	1.5	0.044
259	1.3	1.5	0.049
260	1.3	1.5	0.060
261	1.4	1.5	0.062
262	1.4	1.5	0.058
263	1.4	1.5	0.035
264	1.4	1.5	0.022
265	1.2	1.5	0.015
266	1.2	1.5	0.008
267	1.2	1.5	0.003
268	1.2	1.5	0.002
269	1.1	1.5	0.007
270	1.2	1.5	0.017
271	1.1	1.5	0.047
272	1.4	1.5	0.050
273	1.4	1.5	0.050
274	1.4	1.5	0.053
275	1.3	1.5	0.050
276	1.3	1.4	0.049
277	1.2	1.4	0.045
278	1.1	1.4	0.040
279	1.1	1.4	0.036
280	1.1	1.4	0.034
281	1.1	1.4	0.035
282	1.1	1.4	0.044
283	1.1	1.4	0.049
284	1.1	1.4	0.060
285	1.2	1.4	0.062
286	1.2	1.4	0.058
287	1.2	1.4	0.035
288	1.2	1.4	0.022
289	0.9	1.4	0.015
290	0.9	1.4	0.008
291	0.9	1.4	0.003
292	0.9	1.4	0.002
293	0.9	1.4	0.007
294	0.9	1.4	0.017
295	0.9	1.4	0.047
296	1.1	1.4	0.050
297	1.1	1.4	0.050
298	1.1	1.4	0.053
299	1.1	1.4	0.050
300	1.0	1.4	0.049
301	1.0	1.4	0.045
302	1.0	1.4	0.040
303	1.0	1.4	0.036
304	0.9	1.4	0.034
305	1.0	1.4	0.035
306	1.0	1.4	0.044
307	1.0	1.4	0.049
308	1.0	1.4	0.060
309	1.0	1.4	0.062
310	1.1	1.4	0.058
311	1.0	1.4	0.035
312	1.1	1.4	0.022
313	0.8	1.4	0.015
314	0.8	1.4	0.008
315	0.8	1.4	0.003
316	0.8	1.4	0.002
317	0.8	1.4	0.007
318	0.7	1.4	0.017
319	0.8	1.4	0.047
320	1.0	1.4	0.050
321	1.1	1.4	0.050
322	1.0	1.4	0.053
323	1.0	1.4	0.050
324	1.0	1.4	0.049
325	1.0	1.4	0.045
326	1.0	1.4	0.040
327	0.9	1.4	0.036
328	0.9	1.4	0.034
329	0.9	1.4	0.035
330	0.9	1.4	0.044
331	1.0	1.4	0.049
332	1.0	1.4	0.060
333	1.0	1.4	0.062
334	1.0	1.4	0.058
335	1.0	1.4	0.035
336	1.0	1.4	0.022
337	0.7	1.4	0.015
338	0.8	1.4	0.008
339	0.8	1.4	0.003
340	0.8	1.4	0.002
341	0.8	1.4	0.007
342	0.8	1.4	0.017
343	0.8	1.4	0.047
344	1.2	1.4	0.050
345	1.2	1.4	0.050
346	1.2	1.4	0.053
347	1.2	1.4	0.050
348	1.1	1.4	0.049
349	1.1	1.4	0.045
350	1.2	1.4	0.040
351	1.2	1.4	0.036
352	1.2	1.4	0.034
353	1.2	1.4	0.035
354	1.3	1.4	0.044
355	1.3	1.4	0.049
356	1.3	1.4	0.060
357	1.3	1.4	0.062
358	1.3	1.4	0.058
359	1.3	1.4	0.035
360	1.3	1.4	0.022
361	1.0	1.4	0.015
362	1.1	1.4	0.008
363	1.1	1.4	0.003
364	1.1	1.4	0.002
365	1.1	1.4	0.007
366	1.1	1.4	0.017
367	1.1	1.4	0.047
368	1.4	1.4	0.050
369	1.4	1.4	0.050
370	1.4	1.4	0.053
371	1.3	1.4	0.050
372	1.3	1.4	0.049
373	1.3	1.4	0.045
374	1.2	1.4	0.040
375	1.2	1.4	0.036
376	1.3	1.4	0.034
377	1.4	1.4	0.035
378	1.5	1.4	0.044
379	1.5	1.4	0.049
380	1.5	1.4	0.060
381	1.5	1.4	0.062
382	1.6	1.4	0.058
383	1.7	1.4	0.035
384	1.7	1.4	0.022
385	1.5	1.4	0.015
386	1.6	1.4	0.008
387	1.6	1.4	0.003
388	1.5	1.4	0.002
389	1.6	1.4	0.007
390	1.5	1.4	0.017
391	1.5	1.4	0.047
392	1.8	1.4	0.050
393	1.7	1.4	0.050
394	1.6	1.4	0.053
395	1.5	1.4	0.050
396	1.5	1.4	0.049
397	1.3	1.4	0.045
398	1.3	1.4	0.040
399	1.3	1.4	0.036
400	1.2	1.4	0.034
401	1.2	1.4	0.035
402	1.3	1.4	0.044
403	1.2	1.4	0.049
404	1.2	1.4	0.060
405	1.3	1.3	0.062
406	1.3	1.3	0.058
407	1.3	1.3	0.035
408	1.2	1.3	0.022
409	0.9	1.3	0.015
410	1.0	1.3	0.008
411	1.0	1.3	0.003
412	1.0	1.3	0.002
413	1.0	1.3	0.007
414	1.0	1.3	0.017
415	1.0	1.3	0.047
416	1.3	1.3	0.050
417	1.3	1.3	0.050
418	1.3	1.3	0.053
419	1.3	1.3	0.050
420	1.2	1.3	0.049
421	1.2	1.3	0.045
422	1.2	1.3	0.040
423	1.2	1.3	0.036
424	1.2	1.3	0.034
425	1.3	1.3	0.035
426	1.3	1.3	0.044
427	1.3	1.3	0.049
428	1.3	1.3	0.060
429	1.4	1.3	0.062
430	1.4	1.3	0.058
431	1.4	1.3	0.035
432	1.4	1.3	0.022
433	1.2	1.3	0.015
434	1.2	1.3	0.008
435	1.3	1.3	0.003
436	1.3	1.3	0.002
437	1.3	1.3	0.007
438	1.2	1.3	0.017
439	1.2	1.3	0.047
440	1.5	1.3	0.050
441	1.5	1.3	0.050
442	1.5	1.3	0.053
443	1.5	1.3	0.050
444	1.4	1.3	0.049
445	1.4	1.3	0.045
446	1.3	1.3	0.040
447	1.3	1.3	0.036
448	1.3	1.3	0.034
449	1.3	1.3	0.035
450	1.3	1.3	0.044
451	1.3	1.3	0.049
452	1.4	1.3	0.060
453	1.4	1.3	0.062
454	1.4	1.3	0.058
455	1.4	1.3	0.035
456	1.4	1.3	0.022
457	1.1	1.3	0.015
458	1.2	1.3	0.008
459	1.2	1.3	0.003
460	1.3	1.3	0.002
461	1.2	1.3	0.007
462	1.3	1.3	0.017
463	1.3	1.3	0.047
464	1.5	1.3	0.050
465	1.5	1.3	0.050
466	1.5	1.3	0.053
467	1.4	1.3	0.050
468	1.4	1.3	0.049
469	1.3	1.3	0.045
470	1.3	1.3	0.040
471	1.2	1.3	0.036
472	1.2	1.3	0.034
473	1.2	1.3	0.035
474	1.2	1.3	0.044
475	1.2	1.3	0.049
476	1.3	1.3	0.060
477	1.3	1.3	0.062
478	1.3	1.3	0.058
479	1.3	1.3	0.035
480	1.3	1.3	0.022
481	1.0	1.3	0.015
482	1.1	1.3	0.008
483	1.1	1.3	0.003
484	1.2	1.3	0.002
485	1.1	1.3	0.007
486	1.1	1.3	0.017
487	1.2	1.3	0.047
488	1.4	1.3	0.050
489	1.4	1.3	0.050
490	1.3	1.3	0.053
491	1.3	1.3	0.050
492	1.2	1.3	0.049
493	1.2	1.3	0.045
494	1.2	1.3	0.040
495	1.2	1.3	0.036
496	1.2	1.3	0.034
497	1.2	1.3	0.035
498	1.2	1.3	0.044
499	1.2	1.3	0.049
500	1.3	1.3	0.060
501	1.3	1.3	0.062
502	1.4	1.3	0.058
503	1.4	1.3	0.035
504	1.4	1.3	0.022
505	1.2	1.3	0.015
506	1.2	1.3	0.008
507	1.2	1.3	0.003
508	1.2	1.3	0.002
509	1.2	1.3	0.007
510	1.2	1.3	0.017
511	1.3	1.3	0.047
512	1.6	1.3	0.050
513	1.5	1.3	0.050
514	1.5	1.3	0.053
515	1.4	1.3	0.050
516	1.4	1.3	0.049
517	1.4	1.3	0.045
518	1.3	1.3	0.040
519	1.3	1.3	0.036
520	1.4	1.3	0.034
521	1.4	1.3	0.035
522	1.4	1.3	0.044
523	1.4	1.3	0.049
524	1.4	1.3	0.060
525	1.4	1.3	0.062
526	1.5	1.3	0.058
527	1.5	1.3	0.035
528	1.5	1.3	0.022
529	1.3	1.3	0.015
530	1.3	1.3	0.008
531	1.3	1.3	0.003
532	1.3	1.3	0.002
533	1.3	1.3	0.007
534	1.3	1.3	0.017
535	1.3	1.3	0.047
536	1.6	1.3	0.050
537	1.6	1.3	0.050
538	1.5	1.3	0.053
539	1.4	1.3	0.050
540	1.3	1.3	0.049
541	1.3	1.3	0.045
542	1.2	1.3	0.040
543	1.2	1.3	0.036
544	1.2	1.3	0.034
545	1.2	1.3	0.035
546	1.3	1.3	0.044
547	1.3	1.3	0.049
548	1.3	1.3	0.060
549	1.3	1.3	0.062
550	1.4	1.3	0.058
551	1.4	1.3	0.035
552	1.5	1.3	0.022
553	1.2	1.3	0.015
554	1.2	1.3	0.008
555	1.2	1.3	0.003
556	1.2	1.3	0.002
557	1.3	1.3	0.007
558	1.3	1.3	0.017
559	1.2	1.3	0.047
560	1.5	1.3	0.050
561	1.4	1.3	0.050
562	1.4	1.3	0.053
563	1.4	1.3	0.050
564	1.3	1.3	0.049
565	1.3	1.3	0.045
566	1.3	1.3	0.040
567	1.2	1.3	0.036
568	1.2	1.3	0.034
569	1.3	1.3	0.035
570	1.3	1.3	0.044
571	1.3	1.3	0.049
572	1.3	1.3	0.060
573	1.3	1.3	0.062
574	1.3	1.3	0.058
575	1.3	1.3	0.035
576	1.3	1.3	0.022
577	1.0	1.3	0.015
578	1.1	1.3	0.008
579	1.1	1.3	0.003
580	1.0	1.3	0.002
581	1.0	1.3	0.007
582	1.0	1.3	0.017
583	1.0	1.3	0.047
584	1.2	1.3	0.050
585	1.2	1.3	0.050
586	1.1	1.3	0.053
587	1.1	1.3	0.050
588	1.0	1.3	0.049
589	1.0	1.3	0.045
590	0.9	1.3	0.040
591	0.9	1.3	0.036
592	0.9	1.3	0.034
593	0.9	1.3	0.035
594	0.9	1.3	0.044
595	0.9	1.3	0.049
596	0.9	1.3	0.060
597	0.9	1.3	0.062
598	0.9	1.3	0.058
599	1.0	1.3	0.035
600	1.0	1.3	0.022
601	0.7	1.3	0.015
602	0.8	1.3	0.008
603	0.8	1.3	0.003
604	0.8	1.3	0.002
605	0.9	1.3	0.007
606	0.9	1.3	0.017
607	0.9	1.3	0.047
608	1.1	1.3	0.050
609	1.2	1.3	0.050
610	1.2	1.3	0.053
611	1.1	1.3	0.050
612	1.1	1.3	0.049
613	1.1	1.3	0.045
614	1.1	1.3	0.040
615	1.1	1.3	0.036
616	1.1	1.3	0.034
617	1.1	1.3	0.035
618	1.2	1.3	0.044
619	1.2	1.3	0.049
620	1.2	1.3	0.060
621	1.3	1.3	0.062
622	1.4	1.3	0.058
623	1.4	1.3	0.035
624	1.4	1.3	0.022
625	1.2	1.3	0.015
626	1.2	1.3	0.008
627	1.2	1.3	0.003
628	1.2	1.3	0.002
629	1.2	1.3	0.007
630	1.2	1.3	0.017
631	1.1	1.3	0.047
632	1.4	1.3	0.050
633	1.3	1.3	0.050
634	1.3	1.3	0.053
635	1.2	1.3	0.050
636	1.1	1.3	0.049
637	1.1	1.3	0.045
638	1.1	1.3	0.040
639	1.1	1.3	0.036
640	1.1	1.3	0.034
641	1.1	1.3	0.035
642	1.2	1.3	0.044
643	1.2	1.3	0.049
644	1.2	1.3	0.060
645	1.2	1.3	0.062
646	1.2	1.3	0.058
647	1.2	1.3	0.035
648	1.2	1.3	0.022
649	0.9	1.3	0.015
650	1.0	1.2	0.008
651	1.0	1.2	0.003
652	1.0	1.2	0.002
653	1.0	1.2	0.007
654	1.0	1.2	0.017
655	1.0	1.2	0.047
656	1.3	1.2	0.050
657	1.3	1.2	0.050
658	1.3	1.2	0.053
659	1.2	1.2	0.050
660	1.2	1.2	0.049
661	1.2	1.2	0.045
662	1.2	1.2	0.040
663	1.2	1.2	0.036
664	1.2	1.2	0.034
665	1.3	1.2	0.035
666	1.3	1.2	0.044
667	1.4	1.2	0.049
668	1.4	1.2	0.060
669	1.5	1.2	0.062
670	1.5	1.2	0.058
671	1.6	1.2	0.035
672	1.6	1.2	0.022
673	1.4	1.2	0.015
674	1.3	1.2	0.008
675	1.3	1.2	0.003
676	1.3	1.2	0.002
677	1.2	1.2	0.007
678	1.1	1.2	0.017
679	1.1	1.2	0.047
680	1.3	1.2	0.050
681	1.3	1.2	0.050
682	1.3	1.2	0.053
683	1.2	1.2	0.050
684	1.2	1.2	0.049
685	1.1	1.2	0.045
686	1.1	1.2	0.040
687	1.1	1.2	0.036
688	1.0	1.2	0.034
689	1.0	1.2	0.035
690	0.9	1.2	0.044
691	0.9	1.2	0.049
692	0.9	1.2	0.060
693	0.8	1.2	0.062
694	0.8	1.2	0.058
695	0.7	1.2	0.035
696	0.7	1.2	0.022
697	0.4	1.2	0.015
698	0.4	1.2	0.008
699	0.4	1.2	0.003
700	0.4	1.2	0.002
701	0.4	1.2	0.007
702	0.4	1.2	0.017
703	0.5	1.2	0.047
704	0.8	1.2	0.050
705	0.7	1.2	0.050
706	0.7	1.2	0.053
707	0.7	1.2	0.050
708	0.7	1.2	0.049
709	0.6	1.2	0.045
710	0.7	1.2	0.040
711	0.7	1.2	0.036
712	0.7	1.2	0.034
713	0.6	1.2	0.035
714	0.6	1.2	0.044
715	0.6	1.2	0.049
716	0.6	1.2	0.060
717	0.6	1.2	0.062
718	0.6	1.2	0.058
719	0.6	1.2	0.035
720	0.6	1.2	0.022
721	0.4	1.2	0.015
722	0.4	1.2	0.008
723	0.3	1.2	0.003
724	0.3	1.2	0.002
725	0.3	1.2	0.007
726	0.3	1.2	0.017
727	0.3	1.2	0.047
728	0.6	1.2	0.050
729	0.6	1.2	0.050
730	0.6	1.2	0.053
731	0.5	1.2	0.050
732	0.5	1.2	0.049
733	0.4	1.2	0.045
734	0.4	1.2	0.040
735	0.4	1.2	0.036
736	0.5	1.2	0.034
737	0.5	1.2	0.035
738	0.6	1.2	0.044
739	0.7	1.2	0.049
740	0.7	1.2	0.060
741	0.7	1.2	0.062
742	0.7	1.2	0.058
743	0.8	1.2	0.035
744	0.8	1.2	0.022
745	0.6	1.2	0.015
746	0.6	1.2	0.008
747	0.6	1.2	0.003
748	0.6	1.2	0.002
749	0.6	1.2	0.007
750	0.6	1.2	0.017
751	0.6	1.2	0.047
752	0.9	1.2	0.050
753	0.9	1.2	0.050
754	0.8	1.2	0.053
755	0.7	1.2	0.050
756	0.7	1.2	0.049
757	0.7	1.2	0.045
758	0.7	1.2	0.040
759	0.7	1.2	0.036
760	0.7	1.2	0.034
761	0.7	1.2	0.035
762	0.7	1.2	0.044
763	0.8	1.2	0.049
764	0.8	1.2	0.060
765	0.9	1.2	0.062
766	1.0	1.2	0.058
767	1.1	1.2	0.035
768	1.1	1.2	0.022
769	0.9	1.2	0.015
770	0.8	1.2	0.008
771	0.9	1.2	0.003
772	0.9	1.2	0.002
773	1.0	1.2	0.007
774	1.0	1.2	0.017
775	1.0	1.2	0.047
776	1.2	1.2	0.050
777	1.2	1.2	0.050
778	1.2	1.2	0.053
779	1.2	1.2	0.050
780	1.2	1.2	0.049
781	1.2	1.2	0.045
782	1.2	1.2	0.040
783	1.2	1.2	0.036
784	1.2	1.2	0.034
785	1.2	1.2	0.035
786	1.2	1.2	0.044
787	1.3	1.2	0.049
788	1.4	1.2	0.060
789	1.5	1.2	0.062
790	1.5	1.2	0.058
791	1.5	1.2	0.035
792	1.5	1.2	0.022
793	1.3	1.2	0.015
794	1.3	1.2	0.008
795	1.3	1.2	0.003
796	1.4	1.2	0.002
797	1.4	1.2	0.007
798	1.4	1.2	0.017
799	1.5	1.2	0.047
800	1.6	1.2	0.050
801	1.6	1.2	0.050
802	1.6	1.2	0.053
803	1.5	1.2	0.050
804	1.5	1.2	0.049
805	1.5	1.2	0.045
806	1.4	1.2	0.040
807	1.4	1.2	0.036
808	1.4	1.2	0.034
809	1.4	1.2	0.035
810	1.5	1.2	0.044
811	1.5	1.2	0.049
812	1.5	1.2	0.060
813	1.5	1.2	0.062
814	1.6	1.2	0.058
815	1.5	1.2	0.035
816	1.5	1.2	0.022
817	1.3	1.2	0.015
818	1.3	1.2	0.008
819	1.3	1.2	0.003
820	1.3	1.2	0.002
821	1.3	1.2	0.007
822	1.2	1.2	0.017
823	1.2	1.2	0.047
824	1.4	1.2	0.050
825	1.4	1.2	0.050
826	1.3	1.2	0.053
827	1.3	1.2	0.050
828	1.2	1.2	0.049
829	1.1	1.2	0.045
830	1.0	1.2	0.040
831	1.0	1.2	0.036
832	1.0	1.2	0.034
833	1.0	1.2	0.035
834	1.0	1.2	0.044
835	1.1	1.2	0.049
836	1.1	1.2	0.060
837	1.1	1.2	0.062
838	1.1	1.2	0.058
839	1.1	1.2	0.035
840	1.1	1.2	0.022
841	0.9	1.2	0.015
842	0.9	1.2	0.008
843	0.9	1.2	0.003
844	0.9	1.2	0.002
845	0.9	1.2	0.007
846	0.9	1.2	0.017
847	0.9	1.2	0.047
848	1.1	1.2	0.050
849	1.1	1.2	0.050
850	1.1	1.2	0.053
851	1.0	1.2	0.050
852	1.0	1.2	0.049
853	0.9	1.2	0.045
854	0.9	1.2	0.040
855	0.9	1.2	0.036
856	1.0	1.2	0.034
857	1.0	1.2	0.035
858	1.0	1.2	0.044
859	1.1	1.2	0.049
860	1.1	1.2	0.060
861	1.2	1.2	0.062
862	1.2	1.2	0.058
863	1.2	1.2	0.035
864	1.2	1.2	0.022
865	0.9	1.2	0.015
866	0.9	1.2	0.008
867	0.9	1.2	0.003
868	0.9	1.2	0.002
869	0.9	1.2	0.007
870	0.9	1.2	0.017
871	0.9	1.2	0.047
872	1.1	1.2	0.050
873	1.1	1.2	0.050
874	1.1	1.2	0.053
875	1.1	1.2	0.050
876	1.1	1.2	0.049
877	1.0	1.2	0.045
878	1.0	1.2	0.040
879	1.0	1.2	0.036
880	0.9	1.2	0.034
881	0.9	1.2	0.035
882	1.0	1.2	0.044
883	1.0	1.2	0.049
884	1.0	1.2	0.060
885	1.1	1.2	0.062
886	1.1	1.2	0.058
887	1.1	1.2	0.035
888	1.1	1.2	0.022
889	0.9	1.2	0.015
890	0.9	1.2	0.008
891	0.9	1.2	0.003
892	0.8	1.2	0.002
893	0.8	1.2	0.007
894	0.8	1.2	0.017
895	0.8	1.2	0.047
896	1.0	1.2	0.050
897	1.0	1.2	0.050
898	1.0	1.2	0.053
899	1.0	1.2	0.050
900	1.0	1.2	0.049
901	1.0	1.2	0.045
902	1.0	1.2	0.040
903	1.0	1.2	0.036
904	1.0	1.2	0.034
905	1.0	1.2	0.035
906	0.9	1.2	0.044
907	0.9	1.2	0.049
908	0.9	1.2	0.060
909	0.9	1.2	0.062
910	0.9	1.2	0.058
911	1.0	1.2	0.035
912	0.9	1.2	0.022
913	0.7	1.2	0.015
914	0.7	1.2	0.008
915	0.8	1.2	0.003
916	0.8	1.2	0.002
917	0.8	1.2	0.007
918	0.9	1.2	0.017
919	0.8	1.2	0.047
920	1.0	1.2	0.050
921	1.0	1.2	0.050
922	1.0	1.2	0.053
923	1.0	1.2	0.050
924	0.9	1.2	0.049
925	0.9	1.2	0.045
926	0.9	1.2	0.040
927	0.9	1.2	0.036
928	0.9	1.2	0.034
929	0.9	1.2	0.035
930	0.9	1.2	0.044
931	1.0	1.2	0.049
932	1.0	1.2	0.060
933	1.0	1.2	0.062
934	1.1	1.2	0.058
935	1.1	1.2	0.035
936	1.1	1.2	0.022
937	0.9	1.2	0.015
938	0.9	1.2	0.008
939	0.9	1.2	0.003
940	0.9	1.2	0.002
941	0.9	1.1	0.007
942	0.9	1.1	0.017
943	1.0	1.1	0.047
944	1.2	1.1	0.050
945	1.2	1.1	0.050
946	1.2	1.1	0.053
947	1.1	1.1	0.050
948	1.1	1.1	0.049
949	1.0	1.1	0.045
950	1.0	1.1	0.040
951	1.0	1.1	0.036
952	1.1	1.1	0.034
953	1.1	1.1	0.035
954	1.1	1.1	0.044
955	1.1	1.1	0.049
956	1.1	1.1	0.060
957	1.1	1.1	0.062
958	1.1	1.1	0.058
959	1.2	1.1	0.035
960	1.2	1.1	0.022
961	1.0	1.1	0.015
962	1.0	1.1	0.008
963	1.0	1.1	0.003
964	1.0	1.1	0.002
965	1.0	1.1	0.007
966	1.0	1.1	0.017
967	1.0	1.1	0.047
968	1.3	1.1	0.050
969	1.2	1.1	0.050
970	1.2	1.1	0.053
971	1.1	1.1	0.050
972	1.1	1.1	0.049
973	1.0	1.1	0.045
974	1.0	1.1	0.040
975	1.0	1.1	0.036
976	1.0	1.1	0.034
977	1.0	1.1	0.035
978	1.0	1.1	0.044
979	1.1	1.1	0.049
980	1.2	1.1	0.060
981	1.2	1.1	0.062
982	1.3	1.1	0.058
983	1.2	1.1	0.035
984	1.3	1.1	0.022
985	1.0	1.1	0.015
986	1.0	1.1	0.008
987	1.0	1.1	0.003
988	1.1	1.1	0.002
989	1.1	1.1	0.007
990	1.0	1.1	0.017
991	1.0	1.1	0.047
992	1.2	1.1	0.050
993	1.2	1.1	0.050
994	1.2	1.1	0.053
995	1.1	1.1	0.050
996	1.1	1.1	0.049
997	1.0	1.1	0.045
998	1.0	1.1	0.040
999	1.0	1.1	0.036
1000	1.0	1.1	0.034
1001	1.0	1.1	0.035
1002	1.1	1.1	0.044
1003	1.1	1.1	0.049
1004	1.1	1.1	0.060
1005	1.1	1.1	0.062
1006	1.2	1.1	0.058
1007	1.2	1.1	0.035
1008	1.1	1.1	0.022
1009	0.9	1.1	0.015
1010	0.9	1.1	0.008
1011	0.9	1.1	0.003
1012	0.9	1.1	0.002
1013	0.9	1.1	0.007
1014	0.9	1.1	0.017
1015	0.9	1.1	0.047
1016	1.1	1.1	0.050
1017	1.1	1.1	0.050
1018	1.1	1.1	0.053
1019	1.0	1.1	0.050
1020	1.0	1.1	0.049
1021	0.9	1.1	0.045
1022	0.9	1.1	0.040
1023	0.8	1.1	0.036
1024	0.8	1.1	0.034
1025	0.8	1.1	0.035
1026	0.8	1.1	0.044
1027	0.8	1.1	0.049
1028	0.9	1.1	0.060
1029	0.9	1.1	0.062
1030	0.9	1.1	0.058
1031	0.9	1.1	0.035
1032	0.9	1.1	0.022
1033	0.7	1.1	0.015
1034	0.7	1.1	0.008
1035	0.7	1.1	0.003
1036	0.7	1.1	0.002
1037	0.7	1.1	0.007
1038	0.7	1.1	0.017
1039	0.7	1.1	0.047
1040	0.9	1.1	0.050
1041	0.9	1.1	0.050
1042	0.9	1.1	0.053
1043	0.9	1.1	0.050
1044	1.0	1.1	0.049
1045	1.0	1.1	0.045
1046	1.0	1.1	0.040
1047	1.0	1.1	0.036
1048	1.0	1.1	0.034
1049	1.0	1.1	0.035
1050	1.0	1.1	0.044
1051	1.0	1.1	0.049
1052	1.1	1.1	0.060
1053	1.1	1.1	0.062
1054	1.1	1.1	0.058
1055	1.1	1.1	0.035
1056	1.1	1.1	0.022
1057	0.8	1.1	0.015
1058	0.8	1.1	0.008
1059	0.8	1.1	0.003
1060	0.8	1.1	0.002
1061	0.8	1.1	0.007
1062	0.8	1.1	0.017
1063	0.8	1.1	0.047
1064	1.0	1.1	0.050
1065	1.0	1.1	0.050
1066	1.0	1.1	0.053
1067	0.9	1.1	0.050
1068	0.9	1.1	0.049
1069	0.9	1.1	0.045
1070	0.8	1.1	0.040
1071	0.8	1.1	0.036
1072	0.9	1.1	0.034
1073	0.8	1.1	0.035
1074	0.8	1.1	0.044
1075	0.8	1.1	0.049
1076	0.8	1.1	0.060
1077	0.8	1.1	0.062
1078	0.7	1.1	0.058
1079	0.7	1.1	0.035
1080	0.7	1.1	0.022
1081	0.5	1.1	0.015
1082	0.5	1.1	0.008
1083	0.5	1.1	0.003
1084	0.5	1.1	0.002
1085	0.5	1.1	0.007
1086	0.5	1.1	0.017
1087	0.5	1.1	0.047
1088	0.7	1.1	0.050
1089	0.6	1.1	0.050
1090	0.6	1.1	0.053
1091	0.5	1.1	0.050
1092	0.5	1.1	0.049
1093	0.5	1.1	0.045
1094	0.4	1.1	0.040
1095	0.4	1.1	0.036
1096	0.4	1.1	0.034
1097	0.4	1.1	0.035
1098	0.5	1.1	0.044
1099	0.5	1.1	0.049
1100	0.6	1.1	0.060
1101	0.5	1.1	0.062
1102	0.6	1.1	0.058
1103	0.6	1.1	0.035
1104	0.7	1.1	0.022
1105	0.5	1.1	0.015
1106	0.5	1.1	0.008
1107	0.5	1.1	0.003
1108	0.5	1.1	0.002
1109	0.5	1.1	0.007
1110	0.5	1.1	0.017
1111	0.5	1.1	0.047
1112	0.7	1.1	0.050
1113	0.7	1.1	0.050
1114	0.7	1.1	0.053
1115	0.7	1.1	0.050
1116	0.6	1.1	0.049
1117	0.5	1.1	0.045
1118	0.5	1.1	0.040
1119	0.5	1.1	0.036
1120	0.6	1.1	0.034
1121	0.6	1.1	0.035
1122	0.6	1.1	0.044
1123	0.7	1.1	0.049
1124	0.7	1.1	0.060
1125	0.8	1.1	0.062
1126	0.8	1.1	0.058
1127	0.8	1.1	0.035
1128	0.9	1.1	0.022
1129	0.7	1.1	0.015
1130	0.7	1.1	0.008
1131	0.7	1.1	0.003
1132	0.7	1.1	0.002
1133	0.8	1.1	0.007
1134	0.8	1.1	0.017
1135	0.8	1.1	0.047
1136	1.0	1.1	0.050
1137	1.0	1.1	0.050
1138	1.0	1.1	0.053
1139	0.9	1.1	0.050
1140	0.9	1.1	0.049
1141	0.8	1.1	0.045
1142	0.8	1.1	0.040
1143	0.8	1.1	0.036
1144	0.8	1.1	0.034
1145	0.8	1.1	0.035
1146	0.9	1.1	0.044
1147	0.9	1.1	0.049
1148	1.0	1.1	0.060
1149	1.0	1.1	0.062
1150	1.1	1.1	0.058
1151	1.1	1.1	0.035
1152	1.1	1.1	0.022
1153	0.9	1.1	0.015
1154	0.9	1.1	0.008
1155	0.9	1.1	0.003
1156	1.0	1.1	0.002
1157	1.0	1.1	0.007
1158	1.0	1.1	0.017
1159	1.0	1.1	0.047
1160	1.2	1.1	0.050
1161	1.2	1.1	0.050
1162	1.2	1.1	0.053
1163	1.2	1.1	0.050
1164	1.2	1.1	0.049
1165	1.1	1.1	0.045
1166	1.1	1.1	0.040
1167	1.1	1.1	0.036
1168	1.1	1.1	0.034
1169	1.1	1.1	0.035
1170	1.1	1.1	0.044
1171	1.2	1.1	0.049
1172	1.2	1.1	0.060
1173	1.2	1.1	0.062
1174	1.2	1.1	0.058
1175	1.3	1.1	0.035
1176	1.3	1.1	0.022
1177	1.0	1.1	0.015
1178	1.0	1.1	0.008
1179	1.1	1.1	0.003
1180	1.1	1.1	0.002
1181	1.1	1.1	0.007
1182	1.1	1.1	0.017
1183	1.1	1.1	0.047
1184	1.3	1.1	0.050
1185	1.3	1.1	0.050
1186	1.3	1.1	0.053
1187	1.3	1.1	0.050
1188	1.2	1.1	0.049
1189	1.2	1.1	0.045
1190	1.2	1.1	0.040
1191	1.2	1.1	0.036
1192	1.1	1.1	0.034
1193	1.2	1.1	0.035
1194	1.2	1.1	0.044
1195	1.2	1.1	0.049
1196	1.3	1.1	0.060
1197	1.4	1.1	0.062
1198	1.4	1.1	0.058
1199	1.4	1.1	0.035
1200	1.4	1.1	0.022
1201	1.2	1.1	0.015
1202	1.3	1.1	0.008
1203	1.3	1.1	0.003
1204	1.3	1.1	0.002
1205	1.2	1.1	0.007
1206	1.2	1.1	0.017
1207	1.2	1.1	0.047
1208	1.4	1.1	0.050
1209	1.4	1.1	0.050
1210	1.4	1.1	0.053
1211	1.4	1.1	0.050
1212	1.3	1.1	0.049
1213	1.3	1.1	0.045
1214	1.3	1.1	0.040
1215	1.3	1.1	0.036
1216	1.3	1.1	0.034
1217	1.3	1.1	0.035
1218	1.4	1.1	0.044
1219	1.4	1.1	0.049
1220	1.4	1.1	0.060
1221	1.4	1.1	0.062
1222	1.5	1.1	0.058
1223	1.5	1.1	0.035
1224	1.5	1.1	0.022
1225	1.3	1.1	0.015
1226	1.2	1.1	0.008
1227	1.2	1.1	0.003
1228	1.2	1.1	0.002
1229	1.1	1.1	0.007
1230	1.1	1.1	0.017
1231	1.1	1.1	0.047
1232	1.3	1.1	0.050
1233	1.3	1.1	0.050
1234	1.2	1.1	0.053
1235	1.2	1.1	0.050
1236	1.1	1.1	0.049
1237	1.1	1.1	0.045
1238	1.1	1.1	0.040
1239	1.0	1.1	0.036
1240	1.0	1.1	0.034
1241	1.0	1.1	0.035
1242	1.0	1.0	0.044
1243	1.0	1.0	0.049
1244	0.9	1.0	0.060
1245	0.9	1.0	0.062
1246	0.9	1.0	0.058
1247	0.9	1.0	0.035
1248	0.8	1.0	0.022
1249	0.6	1.0	0.015
1250	0.6	1.0	0.008
1251	0.6	1.0	0.003
1252	0.6	1.0	0.002
1253	0.6	1.0	0.007
1254	0.6	1.0	0.017
1255	0.6	1.0	0.047
1256	0.8	1.0	0.050
1257	0.8	1.0	0.050
1258	0.7	1.0	0.053
1259	0.7	1.0	0.050
1260	0.6	1.0	0.049
1261	0.6	1.0	0.045
1262	0.6	1.0	0.040
1263	0.6	1.0	0.036
1264	0.6	1.0	0.034
1265	0.6	1.0	0.035
1266	0.6	1.0	0.044
1267	0.7	1.0	0.049
1268	0.7	1.0	0.060
1269	0.7	1.0	0.062
1270	0.8	1.0	0.058
1271	0.8	1.0	0.035
1272	0.8	1.0	0.022
1273	0.6	1.0	0.015
1274	0.6	1.0	0.008
1275	0.6	1.0	0.003
1276	0.6	1.0	0.002
1277	0.7	1.0	0.007
1278	0.7	1.0	0.017
1279	0.7	1.0	0.047
1280	0.9	1.0	0.050
1281	0.9	1.0	0.050
1282	0.9	1.0	0.053
1283	0.8	1.0	0.050
1284	0.8	1.0	0.049
1285	0.8	1.0	0.045
1286	0.7	1.0	0.040
1287	0.7	1.0	0.036
1288	0.7	1.0	0.034
1289	0.7	1.0	0.035
1290	0.8	1.0	0.044
1291	0.8	1.0	0.049
1292	0.8	1.0	0.060
1293	0.8	1.0	0.062
1294	0.9	1.0	0.058
1295	0.9	1.0	0.035
1296	0.9	1.0	0.022
1297	0.7	1.0	0.015
1298	0.7	1.0	0.008
1299	0.7	1.0	0.003
1300	0.8	1.0	0.002
1301	0.8	1.0	0.007
1302	0.8	1.0	0.017
1303	0.9	1.0	0.047
1304	1.1	1.0	0.050
1305	1.1	1.0	0.050
1306	1.0	1.0	0.053
1307	1.0	1.0	0.050
1308	0.9	1.0	0.049
1309	0.9	1.0	0.045
1310	0.9	1.0	0.040
1311	0.8	1.0	0.036
1312	0.8	1.0	0.034
1313	0.8	1.0	0.035
1314	0.9	1.0	0.044
1315	0.9	1.0	0.049
1316	1.0	1.0	0.060
1317	1.0	1.0	0.062
1318	1.0	1.0	0.058
1319	1.0	1.0	0.035
1320	1.0	1.0	0.022
1321	0.8	1.0	0.015
1322	0.8	1.0	0.008
1323	0.8	1.0	0.003
1324	0.8	1.0	0.002
1325	0.8	1.0	0.007
1326	0.8	1.0	0.017
1327	0.8	1.0	0.047
1328	0.9	1.0	0.050
1329	0.9	1.0	0.050
1330	0.9	1.0	0.053
1331	0.8	1.0	0.050
1332	0.7	1.0	0.049
1333	0.6	1.0	0.045
1334	0.6	1.0	0.040
1335	0.5	1.0	0.036
1336	0.6	1.0	0.034
1337	0.6	1.0	0.035
1338	0.6	1.0	0.044
1339	0.7	1.0	0.049
1340	0.7	1.0	0.060
1341	0.7	1.0	0.062
1342	0.7	1.0	0.058
1343	0.7	1.0	0.035
1344	0.7	1.0	0.022
1345	0.5	1.0	0.015
1346	0.6	1.0	0.008
1347	0.6	1.0	0.003
1348	0.6	1.0	0.002
1349	0.6	1.0	0.007
1350	0.6	1.0	0.017
1351	0.6	1.0	0.047
1352	0.9	1.0	0.050
1353	0.9	1.0	0.050
1354	0.8	1.0	0.053
1355	0.8	1.0	0.050
1356	0.8	1.0	0.049
1357	0.7	1.0	0.045
1358	0.7	1.0	0.040
1359	0.7	1.0	0.036
1360	0.7	1.0	0.034
1361	0.8	1.0	0.035
1362	0.8	1.0	0.044
1363	0.9	1.0	0.049
1364	1.0	1.0	0.060
1365	1.0	1.0	0.062
1366	1.0	1.0	0.058
1367	1.1	1.0	0.035
1368	1.1	1.0	0.022
1369	1.0	1.0	0.015
1370	1.0	1.0	0.008
1371	1.0	1.0	0.003
1372	1.0	1.0	0.002
1373	1.0	1.0	0.007
1374	1.0	1.0	0.017
1375	1.0	1.0	0.047
1376	1.2	1.0	0.050
1377	1.2	1.0	0.050
1378	1.2	1.0	0.053
1379	1.1	1.0	0.050
1380	1.1	1.0	0.049
1381	1.0	1.0	0.045
1382	1.0	1.0	0.040
1383	1.0	1.0	0.036
1384	1.0	1.0	0.034
1385	1.0	1.0	0.035
1386	1.1	1.0	0.044
1387	1.2	1.0	0.049
1388	1.3	1.0	0.060
1389	1.3	1.0	0.062
1390	1.3	1.0	0.058
1391	1.4	1.0	0.035
1392	1.5	1.0	0.022
1393	1.3	1.0	0.015
1394	1.3	1.0	0.008
1395	1.3	1.0	0.003
1396	1.3	1.0	0.002
1397	1.3	1.0	0.007
1398	1.3	1.0	0.017
1399	1.3	1.0	0.047
1400	1.5	1.0	0.050
1401	1.4	1.0	0.050
1402	1.4	1.0	0.053
1403	1.3	1.0	0.050
1404	1.2	1.0	0.049
1405	1.1	1.0	0.045
1406	1.0	1.0	0.040
1407	1.0	1.0	0.036
1408	1.0	1.0	0.034
1409	1.0	1.0	0.035
1410	1.1	1.0	0.044
1411	1.1	1.0	0.049
1412	1.2	1.0	0.060
1413	1.2	1.0	0.062
1414	1.2	1.0	0.058
1415	1.2	1.0	0.035
1416	1.2	1.0	0.022
1417	0.6	1.0	0.015
1418	0.6	1.0	0.008
1419	0.6	1.0	0.003
1420	0.7	1.0	0.002
1421	0.7	1.0	0.007
1422	0.7	1.0	0.017
1423	0.7	1.0	0.047
1424	0.8	1.0	0.050
1425	0.8	1.0	0.050
1426	0.7	1.0	0.053
1427	0.7	1.0	0.050
1428	0.6	1.0	0.049
1429	0.6	1.0	0.045
1430	0.5	1.0	0.040
1431	0.5	1.0	0.036
1432	0.5	1.0	0.034
1433	0.6	1.0	0.035
1434	0.6	1.0	0.044
1435	0.6	1.0	0.049
1436	0.6	1.0	0.060
1437	0.6	1.0	0.062
1438	0.7	1.0	0.058
1439	0.7	1.0	0.035
1440	0.7	1.0	0.022
1441	0.5	1.0	0.015
1442	0.6	1.0	0.008
1443	0.6	1.0	0.003
1444	0.6	1.0	0.002
1445	0.6	1.0	0.007
1446	0.6	1.0	0.017
1447	0.6	1.0	0.047
1448	0.8	1.0	0.050
1449	0.8	1.0	0.050
1450	0.7	1.0	0.053
1451	0.7	1.0	0.050
1452	0.6	1.0	0.049
1453	0.6	1.0	0.045
1454	0.6	1.0	0.040
1455	0.6	1.0	0.036
1456	0.6	1.0	0.034
1457	0.6	1.0	0.035
1458	0.7	1.0	0.044
1459	0.7	1.0	0.049
1460	0.8	1.0	0.060
1461	0.8	1.0	0.062
1462	0.8	1.0	0.058
1463	0.8	1.0	0.035
1464	0.9	1.0	0.022
1465	0.7	1.0	0.015
1466	0.7	1.0	0.008
1467	0.7	1.0	0.003
1468	0.7	1.0	0.002
1469	0.7	1.0	0.007
1470	0.7	1.0	0.017
1471	0.8	1.0	0.047
1472	0.9	1.0	0.050
1473	0.9	1.0	0.050
1474	0.9	1.0	0.053
1475	0.9	1.0	0.050
1476	0.9	1.0	0.049
1477	0.9	1.0	0.045
1478	0.9	1.0	0.040
1479	0.9	1.0	0.036
1480	0.9	1.0	0.034
1481	0.9	1.0	0.035
1482	0.9	1.0	0.044
1483	0.9	1.0	0.049
1484	0.9	1.0	0.060
1485	0.9	1.0	0.062
1486	0.9	1.0	0.058
1487	0.9	1.0	0.035
1488	0.9	1.0	0.022
1489	0.7	1.0	0.015
1490	0.7	1.0	0.008
1491	0.7	1.0	0.003
1492	0.7	1.0	0.002
1493	0.7	1.0	0.007
1494	0.7	1.0	0.017
1495	0.7	1.0	0.047
1496	0.9	1.0	0.050
1497	0.8	1.0	0.050
1498	0.8	1.0	0.053
1499	0.7	1.0	0.050
1500	0.7	1.0	0.049
1501	0.6	1.0	0.045
1502	0.6	1.0	0.040
1503	0.6	1.0	0.036
1504	0.6	1.0	0.034
1505	0.7	1.0	0.035
1506	0.7	1.0	0.044
1507	0.8	1.0	0.049
1508	0.8	1.0	0.060
1509	0.8	1.0	0.062
1510	0.8	1.0	0.058
1511	0.8	1.0	0.035
1512	0.8	1.0	0.022
1513	0.7	1.0	0.015
1514	0.8	1.0	0.008
1515	0.8	1.0	0.003
1516	0.7	1.0	0.002
1517	0.7	1.0	0.007
1518	0.7	1.0	0.017
1519	0.7	1.0	0.047
1520	0.8	1.0	0.050
1521	0.8	1.0	0.050
1522	0.8	1.0	0.053
1523	0.7	1.0	0.050
1524	0.7	1.0	0.049
1525	0.6	1.0	0.045
1526	0.6	1.0	0.040
1527	0.6	1.0	0.036
1528	0.6	1.0	0.034
1529	0.6	1.0	0.035
1530	0.7	1.0	0.044
1531	0.7	1.0	0.049
1532	0.6	1.0	0.060
1533	0.6	1.0	0.062
1534	0.6	1.0	0.058
1535	0.6	1.0	0.035
1536	0.6	1.0	0.022
1537	0.5	1.0	0.015
1538	0.5	1.0	0.008
1539	0.5	1.0	0.003
1540	0.5	1.0	0.002
1541	0.5	1.0	0.007
1542	0.5	1.0	0.017
1543	0.5	1.0	0.047
1544	0.7	1.0	0.050
1545	0.7	1.0	0.050
1546	0.6	1.0	0.053
1547	0.6	1.0	0.050
1548	0.6	1.0	0.049
1549	0.5	1.0	0.045
1550	0.5	1.0	0.040
1551	0.5	1.0	0.036
1552	0.5	1.0	0.034
1553	0.5	1.0	0.035
1554	0.6	1.0	0.044
1555	0.6	1.0	0.049
1556	0.6	1.0	0.060
1557	0.6	1.0	0.062
1558	0.6	1.0	0.058
1559	0.6	1.0	0.035
1560	0.6	1.0	0.022
1561	0.5	1.0	0.015
1562	0.5	1.0	0.008
1563	0.5	1.0	0.003
1564	0.5	1.0	0.002
1565	0.5	1.0	0.007
1566	0.5	1.0	0.017
1567	0.5	1.0	0.047
1568	0.6	1.0	0.050
1569	0.6	1.0	0.050
1570	0.6	1.0	0.053
1571	0.6	1.0	0.050
1572	0.6	1.0	0.049
1573	0.6	1.0	0.045
1574	0.6	1.0	0.040
1575	0.5	1.0	0.036
1576	0.6	1.0	0.034
1577	0.5	1.0	0.035
1578	0.5	1.0	0.044
1579	0.5	1.0	0.049
1580	0.5	1.0	0.060
1581	0.6	1.0	0.062
1582	0.6	1.0	0.058
1583	0.6	1.0	0.035
1584	0.6	1.0	0.022
1585	0.4	1.0	0.015
1586	0.5	1.0	0.008
1587	0.5	1.0	0.003
1588	0.5	1.0	0.002
1589	0.5	1.0	0.007
1590	0.5	1.0	0.017
1591	0.5	1.0	0.047
1592	0.6	1.0	0.050
1593	0.7	1.0	0.050
1594	0.6	1.0	0.053
1595	0.6	1.0	0.050
1596	0.6	1.0	0.049
1597	0.6	1.0	0.045
1598	0.6	1.0	0.040
1599	0.5	1.0	0.036
1600	0.6	1.0	0.034
1601	0.6	1.0	0.035
1602	0.6	1.0	0.044
1603	0.6	1.0	0.049
1604	0.7	1.0	0.060
1605	0.7	1.0	0.062
1606	0.7	1.0	0.058
1607	0.8	1.0	0.035
1608	0.8	1.0	0.022
1609	0.7	1.0	0.015
1610	0.7	1.0	0.008
1611	0.7	1.0	0.003
1612	0.7	1.0	0.002
1613	0.7	1.0	0.007
1614	0.7	1.0	0.017
1615	0.7	1.0	0.047
1616	0.8	1.0	0.050
1617	0.8	1.0	0.050
1618	0.8	1.0	0.053
1619	0.7	1.0	0.050
1620	0.6	1.0	0.049
1621	0.6	1.0	0.045
1622	0.5	1.0	0.040
1623	0.5	1.0	0.036
1624	0.5	1.0	0.034
1625	0.5	1.0	0.035
1626	0.6	1.0	0.044
1627	0.6	1.0	0.049
1628	0.7	1.0	0.060
1629	0.7	1.0	0.062
1630	0.7	1.0	0.058
1631	0.7	1.0	0.035
1632	0.8	1.0	0.022
1633	0.6	0.9	0.015
1634	0.6	0.9	0.008
1635	0.6	0.9	0.003
1636	0.6	0.9	0.002
1637	0.7	0.9	0.007
1638	0.7	0.9	0.017
1639	0.7	0.9	0.047
1640	0.8	0.9	0.050
1641	0.8	0.9	0.050
1642	0.7	0.9	0.053
1643	0.6	0.9	0.050
1644	0.6	0.9	0.049
1645	0.5	0.9	0.045
1646	0.5	0.9	0.040
1647	0.5	0.9	0.036
1648	0.5	0.9	0.034
1649	0.5	0.9	0.035
1650	0.5	0.9	0.044
1651	0.6	0.9	0.049
1652	0.6	0.9	0.060
1653	0.6	0.9	0.062
1654	0.6	0.9	0.058
1655	0.6	0.9	0.035
1656	0.7	0.9	0.022
1657	0.5	0.9	0.015
1658	0.6	0.9	0.008
1659	0.6	0.9	0.003
1660	0.6	0.9	0.002
1661	0.6	0.9	0.007
1662	0.6	0.9	0.017
1663	0.6	0.9	0.047
1664	0.7	0.9	0.050
1665	0.7	0.9	0.050
1666	0.7	0.9	0.053
1667	0.6	0.9	0.050
1668	0.5	0.9	0.049
1669	0.5	0.9	0.045
1670	0.4	0.9	0.040
1671	0.4	0.9	0.036
1672	0.4	0.9	0.034
1673	0.5	0.9	0.035
1674	0.5	0.9	0.044
1675	0.5	0.9	0.049
1676	0.6	0.9	0.060
1677	0.6	0.9	0.062
1678	0.6	0.9	0.058
1679	0.7	0.9	0.035
1680	0.7	0.9	0.022
1681	0.5	0.9	0.015
1682	0.5	0.9	0.008
1683	0.5	0.9	0.003
1684	0.5	0.9	0.002
1685	0.6	0.9	0.007
1686	0.6	0.9	0.017
1687	0.5	0.9	0.047
1688	0.7	0.9	0.050
1689	0.7	0.9	0.050
1690	0.6	0.9	0.053
1691	0.5	0.9	0.050
1692	0.5	0.9	0.049
1693	0.4	0.9	0.045
1694	0.4	0.9	0.040
1695	0.3	0.9	0.036
1696	0.3	0.9	0.034
1697	0.3	0.9	0.035
1698	0.4	0.9	0.044
1699	0.4	0.9	0.049
1700	0.4	0.9	0.060
1701	0.4	0.9	0.062
1702	0.5	0.9	0.058
1703	0.5	0.9	0.035
1704	0.5	0.9	0.022
1705	0.3	0.9	0.015
1706	0.3	0.9	0.008
1707	0.3	0.9	0.003
1708	0.3	0.9	0.002
1709	0.3	0.9	0.007
1710	0.3	0.9	0.017
1711	0.3	0.9	0.047
1712	0.4	0.9	0.050
1713	0.4	0.9	0.050
1714	0.4	0.9	0.053
1715	0.3	0.9	0.050
1716	0.3	0.9	0.049
1717	0.3	0.9	0.045
1718	0.3	0.9	0.040
1719	0.2	0.9	0.036
1720	0.2	0.9	0.034
1721	0.2	0.9	0.035
1722	0.3	0.9	0.044
1723	0.3	0.9	0.049
1724	0.4	0.9	0.060
1725	0.4	0.9	0.062
1726	0.4	0.9	0.058
1727	0.4	0.9	0.035
1728	0.4	0.9	0.022
1729	0.2	0.9	0.015
1730	0.2	0.9	0.008
1731	0.2	0.9	0.003
1732	0.2	0.9	0.002
1733	0.3	0.9	0.007
1734	0.3	0.9	0.017
1735	0.3	0.9	0.047
1736	0.4	0.9	0.050
1737	0.4	0.9	0.050
1738	0.4	0.9	0.053
1739	0.3	0.9	0.050
1740	0.3	0.9	0.049
1741	0.3	0.9	0.045
1742	0.3	0.9	0.040
1743	0.3	0.9	0.036
1744	0.3	0.9	0.034
1745	0.3	0.9	0.035
1746	0.3	0.9	0.044
1747	0.3	0.9	0.049
1748	0.4	0.9	0.060
1749	0.4	0.9	0.062
1750	0.4	0.9	0.058
1751	0.4	0.9	0.035
1752	0.5	0.9	0.022
1753	0.3	0.9	0.015
1754	0.3	0.9	0.008
1755	0.4	0.9	0.003
1756	0.3	0.9	0.002
1757	0.4	0.9	0.007
1758	0.4	0.9	0.017
1759	0.4	0.9	0.047
1760	0.5	0.9	0.050
1761	0.5	0.9	0.050
1762	0.5	0.9	0.053
1763	0.4	0.9	0.050
1764	0.4	0.9	0.049
1765	0.4	0.9	0.045
1766	0.3	0.9	0.040
1767	0.3	0.9	0.036
1768	0.3	0.9	0.034
1769	0.4	0.9	0.035
1770	0.4	0.9	0.044
1771	0.5	0.9	0.049
1772	0.5	0.9	0.060
1773	0.5	0.9	0.062
1774	0.6	0.9	0.058
1775	0.6	0.9	0.035
1776	0.7	0.9	0.022
1777	0.5	0.9	0.015
1778	0.5	0.9	0.008
1779	0.5	0.9	0.003
1780	0.5	0.9	0.002
1781	0.5	0.9	0.007
1782	0.5	0.9	0.017
1783	0.5	0.9	0.047
1784	0.7	0.9	0.050
1785	0.7	0.9	0.050
1786	0.7	0.9	0.053
1787	0.6	0.9	0.050
1788	0.6	0.9	0.049
1789	0.6	0.9	0.045
1790	0.5	0.9	0.040
1791	0.5	0.9	0.036
1792	0.5	0.9	0.034
1793	0.5	0.9	0.035
1794	0.5	0.9	0.044
1795	0.6	0.9	0.049
1796	0.6	0.9	0.060
1797	0.6	0.9	0.062
1798	0.6	0.9	0.058
1799	0.6	0.9	0.035
1800	0.7	0.9	0.022
1801	0.5	0.9	0.015
1802	0.5	0.9	0.008
1803	0.5	0.9	0.003
1804	0.5	0.9	0.002
1805	0.5	0.9	0.007
1806	0.5	0.9	0.017
1807	0.4	0.9	0.047
1808	0.5	0.9	0.050
1809	0.5	0.9	0.050
1810	0.5	0.9	0.053
1811	0.5	0.9	0.050
1812	0.4	0.9	0.049
1813	0.4	0.9	0.045
1814	0.3	0.9	0.040
1815	0.3	0.9	0.036
1816	0.3	0.9	0.034
1817	0.3	0.9	0.035
1818	0.4	0.9	0.044
1819	0.4	0.9	0.049
1820	0.4	0.9	0.060
1821	0.4	0.9	0.062
1822	0.4	0.9	0.058
1823	0.4	0.9	0.035
1824	0.4	0.9	0.022
1825	0.2	0.9	0.015
1826	0.2	0.9	0.008
1827	0.3	0.9	0.003
1828	0.2	0.9	0.002
1829	0.2	0.9	0.007
1830	0.3	0.9	0.017
1831	0.2	0.9	0.047
1832	0.4	0.9	0.050
1833	0.4	0.9	0.050
1834	0.3	0.9	0.053
1835	0.3	0.9	0.050
1836	0.3	0.9	0.049
1837	0.2	0.9	0.045
1838	0.2	0.9	0.040
1839	0.2	0.9	0.036
1840	0.2	0.9	0.034
1841	0.2	0.9	0.035
1842	0.2	0.9	0.044
1843	0.3	0.9	0.049
1844	0.3	0.9	0.060
1845	0.3	0.9	0.062
1846	0.3	0.9	0.058
1847	0.3	0.9	0.035
1848	0.4	0.9	0.022
1849	0.2	0.9	0.015
1850	0.2	0.9	0.008
1851	0.3	0.9	0.003
1852	0.3	0.9	0.002
1853	0.3	0.9	0.007
1854	0.3	0.9	0.017
1855	0.3	0.9	0.047
1856	0.4	0.9	0.050
1857	0.4	0.9	0.050
1858	0.4	0.9	0.053
1859	0.3	0.9	0.050
1860	0.3	0.9	0.049
1861	0.3	0.9	0.045
1862	0.3	0.9	0.040
1863	0.3	0.9	0.036
1864	0.3	0.9	0.034
1865	0.3	0.9	0.035
1866	0.3	0.9	0.044
1867	0.4	0.9	0.049
1868	0.5	0.9	0.060
1869	0.5	0.9	0.062
1870	0.5	0.9	0.058
1871	0.6	0.9	0.035
1872	0.6	0.9	0.022
1873	0.5	0.9	0.015
1874	0.5	0.9	0.008
1875	0.5	0.9	0.003
1876	0.5	0.9	0.002
1877	0.5	0.9	0.007
1878	0.5	0.9	0.017
1879	0.5	0.9	0.047
1880	0.6	0.9	0.050
1881	0.6	0.9	0.050
1882	0.5	0.9	0.053
1883	0.5	0.9	0.050
1884	0.5	0.9	0.049
1885	0.4	0.9	0.045
1886	0.4	0.9	0.040
1887	0.4	0.9	0.036
1888	0.4	0.9	0.034
1889	0.4	0.9	0.035
1890	0.4	0.9	0.044
1891	0.5	0.9	0.049
1892	0.5	0.9	0.060
1893	0.5	0.9	0.062
1894	0.5	0.9	0.058
1895	0.5	0.9	0.035
1896	0.5	0.9	0.022
1897	0.4	0.9	0.015
1898	0.4	0.9	0.008
1899	0.4	0.9	0.003
1900	0.4	0.9	0.002
1901	0.4	0.9	0.007
1902	0.4	0.9	0.017
1903	0.4	0.9	0.047
1904	0.6	0.9	0.050
1905	0.5	0.9	0.050
1906	0.5	0.9	0.053
1907	0.4	0.9	0.050
1908	0.4	0.9	0.049
1909	0.3	0.9	0.045
1910	0.3	0.9	0.040
1911	0.3	0.9	0.036
1912	0.3	0.9	0.034
1913	0.3	0.9	0.035
1914	0.4	0.9	0.044
1915	0.4	0.9	0.049
1916	0.4	0.9	0.060
1917	0.4	0.9	0.062
1918	0.4	0.9	0.058
1919	0.5	0.9	0.035
1920	0.5	0.9	0.022
1921	0.4	0.9	0.015
1922	0.4	0.9	0.008
1923	0.4	0.9	0.003
1924	0.5	0.9	0.002
1925	0.5	0.9	0.007
1926	0.5	0.9	0.017
1927	0.5	0.9	0.047
1928	0.6	0.9	0.050
1929	0.6	0.9	0.050
1930	0.6	0.9	0.053
1931	0.6	0.9	0.050
1932	0.6	0.8	0.049
1933	0.5	0.8	0.045
1934	0.5	0.8	0.040
1935	0.5	0.8	0.036
1936	0.5	0.8	0.034
1937	0.6	0.8	0.035
1938	0.6	0.8	0.044
1939	0.7	0.8	0.049
1940	0.7	0.8	0.060
1941	0.7	0.8	0.062
1942	0.7	0.8	0.058
1943	0.8	0.8	0.035
1944	0.8	0.8	0.022
1945	0.7	0.8	0.015
1946	0.7	0.8	0.008
1947	0.7	0.8	0.003
1948	0.7	0.8	0.002
1949	0.7	0.8	0.007
1950	0.7	0.8	0.017
1951	0.7	0.8	0.047
1952	0.8	0.8	0.050
1953	0.8	0.8	0.050
1954	0.7	0.8	0.053
1955	0.6	0.8	0.050
1956	0.5	0.8	0.049
1957	0.5	0.8	0.045
1958	0.5	0.8	0.040
1959	0.5	0.8	0.036
1960	0.5	0.8	0.034
1961	0.5	0.8	0.035
1962	0.6	0.8	0.044
1963	0.6	0.8	0.049
1964	0.7	0.8	0.060
1965	0.7	0.8	0.062
1966	0.7	0.8	0.058
1967	0.7	0.8	0.035
1968	0.7	0.8	0.022
1969	0.6	0.8	0.015
1970	0.6	0.8	0.008
1971	0.6	0.8	0.003
1972	0.6	0.8	0.002
1973	0.6	0.8	0.007
1974	0.6	0.8	0.017
1975	0.6	0.8	0.047
1976	0.8	0.8	0.050
1977	0.8	0.8	0.050
1978	0.7	0.8	0.053
1979	0.7	0.8	0.050
1980	0.6	0.8	0.049
1981	0.6	0.8	0.045
1982	0.6	0.8	0.040
1983	0.6	0.8	0.036
1984	0.6	0.8	0.034
1985	0.6	0.8	0.035
1986	0.7	0.8	0.044
1987	0.7	0.8	0.049
1988	0.7	0.8	0.060
1989	0.8	0.8	0.062
1990	0.8	0.8	0.058
1991	0.9	0.8	0.035
1992	0.9	0.8	0.022
1993	0.7	0.8	0.015
1994	0.7	0.8	0.008
1995	0.7	0.8	0.003
1996	0.7	0.8	0.002
1997	0.7	0.8	0.007
1998	0.7	0.8	0.017
1999	0.7	0.8	0.047
2000	0.8	0.8	0.050
2001	0.8	0.8	0.050
2002	0.8	0.8	0.053
2003	0.7	0.8	0.050
2004	0.6	0.8	0.049
2005	0.6	0.8	0.045
2006	0.5	0.8	0.040
2007	0.5	0.8	0.036
2008	0.5	0.8	0.034
2009	0.5	0.8	0.035
2010	0.5	0.8	0.044
2011	0.5	0.8	0.049
2012	0.5	0.8	0.060
2013	0.5	0.8	0.062
2014	0.5	0.8	0.058
2015	0.6	0.8	0.035
2016	0.6	0.8	0.022
2017	0.4	0.8	0.015
2018	0.4	0.8	0.008
2019	0.4	0.8	0.003
2020	0.4	0.8	0.002
2021	0.4	0.8	0.007
2022	0.5	0.8	0.017
2023	0.4	0.8	0.047
2024	0.6	0.8	0.050
2025	0.5	0.8	0.050
2026	0.5	0.8	0.053
2027	0.5	0.8	0.050
2028	0.4	0.8	0.049
2029	0.4	0.8	0.045
2030	0.4	0.8	0.040
2031	0.4	0.8	0.036
2032	0.4	0.8	0.034
2033	0.4	0.8	0.035
2034	0.4	0.8	0.044
2035	0.4	0.8	0.049
2036	0.4	0.8	0.060
2037	0.4	0.8	0.062
2038	0.5	0.8	0.058
2039	0.5	0.8	0.035
2040	0.5	0.8	0.022
2041	0.3	0.8	0.015
2042	0.4	0.8	0.008
2043	0.4	0.8	0.003
2044	0.4	0.8	0.002
2045	0.4	0.8	0.007
2046	0.4	0.8	0.017
2047	0.4	0.8	0.047
2048	0.5	0.8	0.050
2049	0.5	0.8	0.050
2050	0.5	0.8	0.053
2051	0.4	0.8	0.050
2052	0.4	0.8	0.049
2053	0.4	0.8	0.045
2054	0.4	0.8	0.040
2055	0.3	0.8	0.036
2056	0.3	0.8	0.034
2057	0.3	0.8	0.035
2058	0.3	0.8	0.044
2059	0.4	0.8	0.049
2060	0.4	0.8	0.060
2061	0.4	0.8	0.062
2062	0.5	0.8	0.058
2063	0.5	0.8	0.035
2064	0.5	0.8	0.022
2065	0.3	0.8	0.015
2066	0.3	0.8	0.008
2067	0.3	0.8	0.003
2068	0.3	0.8	0.002
2069	0.3	0.8	0.007
2070	0.3	0.8	0.017
2071	0.3	0.8	0.047
2072	0.5	0.8	0.050
2073	0.4	0.8	0.050
2074	0.4	0.8	0.053
2075	0.3	0.8	0.050
2076	0.3	0.8	0.049
2077	0.3	0.8	0.045
2078	0.2	0.8	0.040
2079	0.2	0.8	0.036
2080	0.3	0.8	0.034
2081	0.3	0.8	0.035
2082	0.4	0.8	0.044
2083	0.4	0.8	0.049
2084	0.4	0.8	0.060
2085	0.5	0.8	0.062
2086	0.5	0.8	0.058
2087	0.6	0.8	0.035
2088	0.6	0.8	0.022
2089	0.4	0.8	0.015
2090	0.4	0.8	0.008
2091	0.4	0.8	0.003
2092	0.4	0.8	0.002
2093	0.4	0.8	0.007
2094	0.4	0.8	0.017
2095	0.4	0.8	0.047
2096	0.6	0.8	0.050
2097	0.5	0.8	0.050
2098	0.5	0.8	0.053
2099	0.4	0.8	0.050
2100	0.3	0.8	0.049
2101	0.3	0.8	0.045
2102	0.2	0.8	0.040
2103	0.2	0.8	0.036
2104	0.2	0.8	0.034
2105	0.3	0.8	0.035
2106	0.3	0.8	0.044
2107	0.3	0.8	0.049
2108	0.4	0.8	0.060
2109	0.4	0.8	0.062
2110	0.4	0.8	0.058
2111	0.4	0.8	0.035
2112	0.4	0.8	0.022
2113	0.3	0.8	0.015
2114	0.4	0.8	0.008
2115	0.4	0.8	0.003
2116	0.4	0.8	0.002
2117	0.4	0.8	0.007
2118	0.3	0.8	0.017
2119	0.3	0.8	0.047
2120	0.5	0.8	0.050
2121	0.5	0.8	0.050
2122	0.5	0.8	0.053
2123	0.4	0.8	0.050
2124	0.3	0.8	0.049
2125	0.3	0.8	0.045
2126	0.3	0.8	0.040
2127	0.2	0.8	0.036
2128	0.2	0.8	0.034
2129	0.2	0.8	0.035
2130	0.3	0.8	0.044
2131	0.3	0.8	0.049
2132	0.3	0.8	0.060
2133	0.4	0.8	0.062
2134	0.4	0.8	0.058
2135	0.4	0.8	0.035
2136	0.4	0.8	0.022
2137	0.3	0.8	0.015
2138	0.3	0.8	0.008
2139	0.3	0.8	0.003
2140	0.3	0.8	0.002
2141	0.3	0.8	0.007
2142	0.3	0.8	0.017
2143	0.3	0.8	0.047
2144	0.5	0.8	0.050
2145	0.4	0.8	0.050
2146	0.4	0.8	0.053
2147	0.3	0.8	0.050
2148	0.3	0.8	0.049
2149	0.2	0.8	0.045
2150	0.2	0.8	0.040
2151	0.1	0.8	0.036
2152	0.1	0.8	0.034
2153	0.2	0.8	0.035
2154	0.2	0.8	0.044
2155	0.3	0.8	0.049
2156	0.3	0.8	0.060
2157	0.3	0.8	0.062
2158	0.3	0.8	0.058
2159	0.4	0.8	0.035
2160	0.4	0.8	0.022
2161	0.1	0.8	0.015
2162	0.1	0.8	0.008
2163	0.1	0.8	0.003
2164	0.1	0.8	0.002
2165	0.1	0.8	0.007
2166	0.1	0.8	0.017
2167	0.1	0.8	0.047
2168	0.2	0.8	0.050
2169	0.2	0.8	0.050
2170	0.2	0.8	0.053
2171	0.1	0.8	0.050
2172	0.1	0.8	0.049
2173	0.1	0.8	0.045
2174	0.1	0.8	0.040
2175	0.1	0.8	0.036
2176	0.2	0.8	0.034
2177	0.2	0.8	0.035
2178	0.2	0.8	0.044
2179	0.2	0.8	0.049
2180	0.2	0.8	0.060
2181	0.2	0.8	0.062
2182	0.2	0.8	0.058
2183	0.2	0.8	0.035
2184	0.2	0.8	0.022
2185	0.1	0.8	0.015
2186	0.1	0.8	0.008
2187	0.2	0.8	0.003
2188	0.1	0.8	0.002
2189	0.2	0.8	0.007
2190	0.2	0.8	0.017
2191	0.1	0.8	0.047
2192	0.2	0.8	0.050
2193	0.2	0.8	0.050
2194	0.2	0.8	0.053
2195	0.2	0.8	0.050
2196	0.1	0.8	0.049
2197	0.1	0.8	0.045
2198	0.1	0.8	0.040
2199	0.1	0.8	0.036
2200	0.1	0.8	0.034
2201	0.1	0.8	0.035
2202	0.1	0.8	0.044
2203	0.1	0.8	0.049
2204	0.2	0.8	0.060
2205	0.2	0.8	0.062
2206	0.2	0.8	0.058
2207	0.2	0.8	0.035
2208	0.2	0.8	0.022
2209	0.1	0.8	0.015
2210	0.1	0.8	0.008
2211	0.1	0.8	0.003
2212	0.1	0.8	0.002
2213	0.1	0.8	0.007
2214	0.1	0.8	0.017
2215	0.1	0.8	0.047
2216	0.1	0.8	0.050
2217	0.1	0.8	0.050
2218	0.1	0.8	0.053
2219	0.1	0.8	0.050
2220	0.1	0.8	0.049
2221	0.1	0.8	0.045
2222	0.0	0.8	0.040
2223	0.0	0.8	0.036
2224	0.0	0.8	0.034
2225	0.0	0.8	0.035
2226	0.0	0.8	0.044
2227	0.0	0.8	0.049
2228	0.0	0.8	0.060
2229	0.1	0.8	0.062
2230	0.1	0.8	0.058
2231	0.1	0.8	0.035
2232	0.1	0.8	0.022
2233	0.0	0.8	0.015
2234	0.0	0.8	0.008
2235	0.0	0.8	0.003
2236	0.0	0.8	0.002
2237	0.0	0.8	0.007
2238	0.0	0.8	0.017
2239	0.0	0.8	0.047
2240	0.0	0.8	0.050
2241	0.0	0.8	0.050
2242	0.0	0.8	0.053
2243	0.0	0.8	0.050
2244	0.0	0.8	0.049
2245	0.0	0.8	0.045
2246	0.0	0.8	0.040
2247	0.0	0.8	0.036
2248	0.0	0.8	0.034
2249	0.0	0.8	0.035
2250	0.0	0.8	0.044
2251	0.0	0.8	0.049
2252	0.0	0.8	0.060
2253	0.0	0.8	0.062
2254	0.0	0.8	0.058
2255	0.0	0.8	0.035
2256	0.0	0.8	0.022
2257	0.0	0.8	0.015
2258	0.0	0.8	0.008
2259	0.1	0.8	0.003
2260	0.1	0.8	0.002
2261	0.1	0.8	0.007
2262	0.1	0.8	0.017
2263	0.0	0.8	0.047
2264	0.1	0.8	0.050
2265	0.1	0.8	0.050
2266	0.1	0.8	0.053
2267	0.1	0.8	0.050
2268	0.0	0.8	0.049
2269	0.0	0.8	0.045
2270	0.0	0.7	0.040
2271	0.0	0.7	0.036
2272	0.0	0.7	0.034
2273	0.0	0.7	0.035
2274	0.0	0.7	0.044
2275	0.0	0.7	0.049
2276	0.0	0.7	0.060
2277	0.1	0.7	0.062
2278	0.1	0.7	0.058
2279	0.1	0.7	0.035
2280	0.1	0.7	0.022
2281	0.0	0.7	0.015
2282	0.0	0.7	0.008
2283	0.0	0.7	0.003
2284	0.1	0.7	0.002
2285	0.1	0.7	0.007
2286	0.1	0.7	0.017
2287	0.1	0.7	0.047
2288	0.1	0.7	0.050
2289	0.1	0.7	0.050
2290	0.1	0.7	0.053
2291	0.1	0.7	0.050
2292	0.0	0.7	0.049
2293	0.0	0.7	0.045
2294	0.0	0.7	0.040
2295	0.0	0.7	0.036
2296	0.0	0.7	0.034
2297	0.0	0.7	0.035
2298	0.0	0.7	0.044
2299	0.0	0.7	0.049
2300	0.1	0.7	0.060
2301	0.1	0.7	0.062
2302	0.1	0.7	0.058
2303	0.1	0.7	0.035
2304	0.1	0.7	0.022
2305	0.1	0.7	0.015
2306	0.1	0.7	0.008
2307	0.1	0.7	0.003
2308	0.1	0.7	0.002
2309	0.1	0.7	0.007
2310	0.1	0.7	0.017
2311	0.1	0.7	0.047
2312	0.2	0.7	0.050
2313	0.2	0.7	0.050
2314	0.2	0.7	0.053
2315	0.1	0.7	0.050
2316	0.1	0.7	0.049
2317	0.1	0.7	0.045
2318	0.1	0.7	0.040
2319	0.1	0.7	0.036
2320	0.1	0.7	0.034
2321	0.1	0.7	0.035
2322	0.1	0.7	0.044
2323	0.1	0.7	0.049
2324	0.2	0.7	0.060
2325	0.2	0.7	0.062
2326	0.2	0.7	0.058
2327	0.2	0.7	0.035
2328	0.2	0.7	0.022
2329	0.1	0.7	0.015
2330	0.1	0.7	0.008
2331	0.2	0.7	0.003
2332	0.2	0.7	0.002
2333	0.2	0.7	0.007
2334	0.2	0.7	0.017
2335	0.1	0.7	0.047
2336	0.2	0.7	0.050
2337	0.2	0.7	0.050
2338	0.2	0.7	0.053
2339	0.1	0.7	0.050
2340	0.1	0.7	0.049
2341	0.1	0.7	0.045
2342	0.1	0.7	0.040
2343	0.1	0.7	0.036
2344	0.1	0.7	0.034
2345	0.1	0.7	0.035
2346	0.1	0.7	0.044
2347	0.1	0.7	0.049
2348	0.1	0.7	0.060
2349	0.1	0.7	0.062
2350	0.1	0.7	0.058
2351	0.1	0.7	0.035
2352	0.1	0.7	0.022
2353	0.0	0.7	0.015
2354	0.1	0.7	0.008
2355	0.1	0.7	0.003
2356	0.1	0.7	0.002
2357	0.1	0.7	0.007
2358	0.1	0.7	0.017
2359	0.1	0.7	0.047
2360	0.1	0.7	0.050
2361	0.1	0.7	0.050
2362	0.1	0.7	0.053
2363	0.1	0.7	0.050
2364	0.0	0.7	0.049
2365	0.0	0.7	0.045
2366	0.0	0.7	0.040
2367	0.0	0.7	0.036
2368	0.0	0.7	0.034
2369	0.0	0.7	0.035
2370	0.0	0.7	0.044
2371	0.0	0.7	0.049
2372	0.1	0.7	0.060
2373	0.1	0.7	0.062
2374	0.1	0.7	0.058
2375	0.1	0.7	0.035
2376	0.1	0.7	0.022
2377	0.1	0.7	0.015
2378	0.1	0.7	0.008
2379	0.1	0.7	0.003
2380	0.1	0.7	0.002
2381	0.1	0.7	0.007
2382	0.1	0.7	0.017
2383	0.1	0.7	0.047
2384	0.1	0.7	0.050
2385	0.1	0.7	0.050
2386	0.1	0.7	0.053
2387	0.1	0.7	0.050
2388	0.0	0.7	0.049
2389	0.0	0.7	0.045
2390	0.0	0.7	0.040
2391	0.0	0.7	0.036
2392	0.0	0.7	0.034
2393	0.0	0.7	0.035
2394	0.0	0.7	0.044
2395	0.0	0.7	0.049
2396	0.1	0.7	0.060
2397	0.1	0.7	0.062
2398	0.1	0.7	0.058
2399	0.1	0.7	0.035
2400	0.1	0.7	0.022
2401	0.1	0.7	0.015
2402	0.1	0.7	0.008
2403	0.1	0.7	0.003
2404	0.1	0.7	0.002
2405	0.1	0.7	0.007
2406	0.1	0.7	0.017
2407	0.1	0.7	0.047
2408	0.1	0.7	0.050
2409	0.1	0.7	0.050
2410	0.1	0.7	0.053
2411	0.1	0.7	0.050
2412	0.1	0.7	0.049
2413	0.1	0.7	0.045
2414	0.1	0.7	0.040
2415	0.0	0.7	0.036
2416	0.0	0.7	0.034
2417	0.1	0.7	0.035
2418	0.1	0.7	0.044
2419	0.1	0.7	0.049
2420	0.1	0.7	0.060
2421	0.1	0.7	0.062
2422	0.1	0.7	0.058
2423	0.1	0.7	0.035
2424	0.2	0.7	0.022
2425	0.1	0.7	0.015
2426	0.1	0.7	0.008
2427	0.1	0.7	0.003
2428	0.1	0.7	0.002
2429	0.1	0.7	0.007
2430	0.1	0.7	0.017
2431	0.1	0.7	0.047
2432	0.1	0.7	0.050
2433	0.1	0.7	0.050
2434	0.1	0.7	0.053
2435	0.1	0.7	0.050
2436	0.0	0.7	0.049
2437	0.0	0.7	0.045
2438	0.0	0.7	0.040
2439	0.0	0.7	0.036
2440	0.0	0.7	0.034
2441	0.0	0.7	0.035
2442	0.0	0.7	0.044
2443	0.0	0.7	0.049
2444	0.0	0.7	0.060
2445	0.0	0.7	0.062
2446	0.1	0.7	0.058
2447	0.1	0.7	0.035
2448	0.1	0.7	0.022
2449	0.0	0.7	0.015
2450	0.0	0.7	0.008
2451	0.0	0.7	0.003
2452	0.0	0.7	0.002
2453	0.0	0.7	0.007
2454	0.0	0.7	0.017
2455	0.0	0.7	0.047
2456	0.1	0.7	0.050
2457	0.1	0.7	0.050
2458	0.1	0.7	0.053
2459	0.0	0.7	0.050
2460	0.0	0.7	0.049
2461	0.0	0.7	0.045
2462	0.0	0.7	0.040
2463	0.0	0.7	0.036
2464	0.0	0.7	0.034
2465	0.0	0.7	0.035
2466	0.0	0.7	0.044
2467	0.1	0.7	0.049
2468	0.1	0.7	0.060
2469	0.1	0.7	0.062
2470	0.1	0.7	0.058
2471	0.1	0.7	0.035
2472	0.1	0.7	0.022
2473	0.1	0.7	0.015
2474	0.1	0.7	0.008
2475	0.1	0.7	0.003
2476	0.1	0.7	0.002
2477	0.1	0.7	0.007
2478	0.1	0.7	0.017
2479	0.1	0.7	0.047
2480	0.2	0.7	0.050
2481	0.2	0.7	0.050
2482	0.1	0.7	0.053
2483	0.1	0.7	0.050
2484	0.1	0.7	0.049
2485	0.1	0.7	0.045
2486	0.1	0.7	0.040
2487	0.0	0.7	0.036
2488	0.0	0.7	0.034
2489	0.1	0.7	0.035
2490	0.1	0.7	0.044
2491	0.1	0.7	0.049
2492	0.1	0.7	0.060
2493	0.1	0.7	0.062
2494	0.2	0.7	0.058
2495	0.2	0.7	0.035
2496	0.2	0.7	0.022
2497	0.1	0.7	0.015
2498	0.2	0.7	0.008
2499	0.2	0.7	0.003
2500	0.2	0.7	0.002
2501	0.2	0.7	0.007
2502	0.2	0.7	0.017
2503	0.2	0.7	0.047
2504	0.3	0.7	0.050
2505	0.2	0.7	0.050
2506	0.2	0.7	0.053
2507	0.2	0.7	0.050
2508	0.2	0.7	0.049
2509	0.2	0.7	0.045
2510	0.1	0.7	0.040
2511	0.1	0.7	0.036
2512	0.1	0.7	0.034
2513	0.1	0.7	0.035
2514	0.2	0.7	0.044
2515	0.2	0.7	0.049
2516	0.2	0.7	0.060
2517	0.2	0.7	0.062
2518	0.2	0.7	0.058
2519	0.3	0.7	0.035
2520	0.3	0.7	0.022
2521	0.2	0.7	0.015
2522	0.2	0.7	0.008
2523	0.2	0.7	0.003
2524	0.2	0.7	0.002
2525	0.3	0.7	0.007
2526	0.3	0.7	0.017
2527	0.3	0.7	0.047
2528	0.3	0.7	0.050
2529	0.3	0.7	0.050
2530	0.3	0.7	0.053
2531	0.2	0.7	0.050
2532	0.2	0.7	0.049
2533	0.2	0.7	0.045
2534	0.2	0.7	0.040
2535	0.2	0.7	0.036
2536	0.2	0.7	0.034
2537	0.2	0.7	0.035
2538	0.2	0.7	0.044
2539	0.2	0.7	0.049
2540	0.3	0.7	0.060
2541	0.3	0.7	0.062
2542	0.3	0.7	0.058
2543	0.3	0.7	0.035
2544	0.3	0.7	0.022
2545	0.2	0.7	0.015
2546	0.3	0.7	0.008
2547	0.3	0.7	0.003
2548	0.3	0.7	0.002
2549	0.3	0.7	0.007
2550	0.3	0.7	0.017
2551	0.3	0.7	0.047
2552	0.3	0.7	0.050
2553	0.3	0.7	0.050
2554	0.3	0.7	0.053
2555	0.2	0.7	0.050
2556	0.2	0.7	0.049
2557	0.2	0.7	0.045
2558	0.2	0.7	0.040
2559	0.2	0.7	0.036
2560	0.2	0.7	0.034
2561	0.2	0.7	0.035
2562	0.2	0.7	0.044
2563	0.2	0.7	0.049
2564	0.2	0.7	0.060
2565	0.3	0.7	0.062
2566	0.3	0.7	0.058
2567	0.3	0.7	0.035
2568	0.3	0.7	0.022
2569	0.3	0.7	0.015
2570	0.3	0.7	0.008
2571	0.3	0.7	0.003
2572	0.3	0.7	0.002
2573	0.2	0.7	0.007
2574	0.2	0.7	0.017
2575	0.2	0.7	0.047
2576	0.3	0.7	0.050
2577	0.3	0.7	0.050
2578	0.3	0.7	0.053
2579	0.2	0.7	0.050
2580	0.2	0.7	0.049
2581	0.2	0.7	0.045
2582	0.1	0.7	0.040
2583	0.1	0.7	0.036
2584	0.1	0.7	0.034
2585	0.1	0.7	0.035
2586	0.1	0.7	0.044
2587	0.1	0.7	0.049
2588	0.2	0.7	0.060
2589	0.2	0.7	0.062
2590	0.2	0.7	0.058
2591	0.2	0.7	0.035
2592	0.2	0.7	0.022
2593	0.1	0.7	0.015
2594	0.1	0.7	0.008
2595	0.1	0.7	0.003
2596	0.1	0.7	0.002
2597	0.1	0.7	0.007
2598	0.1	0.7	0.017
2599	0.1	0.7	0.047
2600	0.2	0.7	0.050
2601	0.2	0.7	0.050
2602	0.2	0.7	0.053
2603	0.1	0.7	0.050
2604	0.1	0.7	0.049
2605	0.1	0.7	0.045
2606	0.1	0.7	0.040
2607	0.1	0.7	0.036
2608	0.1	0.7	0.034
2609	0.1	0.7	0.035
2610	0.1	0.7	0.044
2611	0.1	0.7	0.049
2612	0.1	0.7	0.060
2613	0.2	0.7	0.062
2614	0.2	0.7	0.058
2615	0.2	0.6	0.035
2616	0.2	0.6	0.022
2617	0.1	0.6	0.015
2618	0.1	0.6	0.008
2619	0.1	0.6	0.003
2620	0.1	0.6	0.002
2621	0.1	0.6	0.007
2622	0.2	0.6	0.017
2623	0.1	0.6	0.047
2624	0.2	0.6	0.050
2625	0.2	0.6	0.050
2626	0.2	0.6	0.053
2627	0.2	0.6	0.050
2628	0.2	0.6	0.049
2629	0.2	0.6	0.045
2630	0.2	0.6	0.040
2631	0.2	0.6	0.036
2632	0.2	0.6	0.034
2633	0.2	0.6	0.035
2634	0.2	0.6	0.044
2635	0.2	0.6	0.049
2636	0.2	0.6	0.060
2637	0.2	0.6	0.062
2638	0.2	0.6	0.058
2639	0.2	0.6	0.035
2640	0.2	0.6	0.022
2641	0.2	0.6	0.015
2642	0.2	0.6	0.008
2643	0.2	0.6	0.003
2644	0.2	0.6	0.002
2645	0.2	0.6	0.007
2646	0.2	0.6	0.017
2647	0.2	0.6	0.047
2648	0.3	0.6	0.050
2649	0.2	0.6	0.050
2650	0.2	0.6	0.053
2651	0.2	0.6	0.050
2652	0.2	0.6	0.049
2653	0.2	0.6	0.045
2654	0.2	0.6	0.040
2655	0.2	0.6	0.036
2656	0.2	0.6	0.034
2657	0.2	0.6	0.035
2658	0.2	0.6	0.044
2659	0.2	0.6	0.049
2660	0.2	0.6	0.060
2661	0.2	0.6	0.062
2662	0.2	0.6	0.058
2663	0.3	0.6	0.035
2664	0.3	0.6	0.022
2665	0.2	0.6	0.015
2666	0.2	0.6	0.008
2667	0.2	0.6	0.003
2668	0.2	0.6	0.002
2669	0.2	0.6	0.007
2670	0.2	0.6	0.017
2671	0.2	0.6	0.047
2672	0.3	0.6	0.050
2673	0.3	0.6	0.050
2674	0.3	0.6	0.053
2675	0.2	0.6	0.050
2676	0.2	0.6	0.049
2677	0.2	0.6	0.045
2678	0.2	0.6	0.040
2679	0.2	0.6	0.036
2680	0.2	0.6	0.034
2681	0.2	0.6	0.035
2682	0.2	0.6	0.044
2683	0.3	0.6	0.049
2684	0.3	0.6	0.060
2685	0.3	0.6	0.062
2686	0.3	0.6	0.058
2687	0.3	0.6	0.035
2688	0.3	0.6	0.022
2689	0.3	0.6	0.015
2690	0.3	0.6	0.008
2691	0.3	0.6	0.003
2692	0.3	0.6	0.002
2693	0.3	0.6	0.007
2694	0.3	0.6	0.017
2695	0.3	0.6	0.047
2696	0.3	0.6	0.050
2697	0.3	0.6	0.050
2698	0.3	0.6	0.053
2699	0.2	0.6	0.050
2700	0.2	0.6	0.049
2701	0.2	0.6	0.045
2702	0.2	0.6	0.040
2703	0.2	0.6	0.036
2704	0.2	0.6	0.034
2705	0.2	0.6	0.035
2706	0.2	0.6	0.044
2707	0.2	0.6	0.049
2708	0.2	0.6	0.060
2709	0.2	0.6	0.062
2710	0.3	0.6	0.058
2711	0.3	0.6	0.035
2712	0.3	0.6	0.022
2713	0.2	0.6	0.015
2714	0.2	0.6	0.008
2715	0.2	0.6	0.003
2716	0.2	0.6	0.002
2717	0.2	0.6	0.007
2718	0.2	0.6	0.017
2719	0.2	0.6	0.047
2720	0.3	0.6	0.050
2721	0.3	0.6	0.050
2722	0.2	0.6	0.053
2723	0.2	0.6	0.050
2724	0.2	0.6	0.049
2725	0.2	0.6	0.045
2726	0.2	0.6	0.040
2727	0.2	0.6	0.036
2728	0.2	0.6	0.034
2729	0.2	0.6	0.035
2730	0.2	0.6	0.044
2731	0.2	0.6	0.049
2732	0.3	0.6	0.060
2733	0.3	0.6	0.062
2734	0.3	0.6	0.058
2735	0.3	0.6	0.035
2736	0.3	0.6	0.022
2737	0.2	0.6	0.015
2738	0.2	0.6	0.008
2739	0.2	0.6	0.003
2740	0.2	0.6	0.002
2741	0.2	0.6	0.007
2742	0.2	0.6	0.017
2743	0.2	0.6	0.047
2744	0.3	0.6	0.050
2745	0.3	0.6	0.050
2746	0.3	0.6	0.053
2747	0.2	0.6	0.050
2748	0.2	0.6	0.049
2749	0.2	0.6	0.045
2750	0.2	0.6	0.040
2751	0.2	0.6	0.036
2752	0.2	0.6	0.034
2753	0.2	0.6	0.035
2754	0.2	0.6	0.044
2755	0.2	0.6	0.049
2756	0.2	0.6	0.060
2757	0.2	0.6	0.062
2758	0.2	0.6	0.058
2759	0.2	0.6	0.035
2760	0.2	0.6	0.022
2761	0.2	0.6	0.015
2762	0.2	0.6	0.008
2763	0.2	0.6	0.003
2764	0.2	0.6	0.002
2765	0.2	0.6	0.007
2766	0.2	0.6	0.017
2767	0.2	0.6	0.047
2768	0.2	0.6	0.050
2769	0.2	0.6	0.050
2770	0.2	0.6	0.053
2771	0.2	0.6	0.050
2772	0.2	0.6	0.049
2773	0.2	0.6	0.045
2774	0.2	0.6	0.040
2775	0.2	0.6	0.036
2776	0.2	0.6	0.034
2777	0.2	0.6	0.035
2778	0.1	0.6	0.044
2779	0.2	0.6	0.049
2780	0.2	0.6	0.060
2781	0.1	0.6	0.062
2782	0.1	0.6	0.058
2783	0.1	0.6	0.035
2784	0.1	0.6	0.022
2785	0.1	0.6	0.015
2786	0.1	0.6	0.008
2787	0.1	0.6	0.003
2788	0.1	0.6	0.002
2789	0.1	0.6	0.007
2790	0.1	0.6	0.017
2791	0.1	0.6	0.047
2792	0.2	0.6	0.050
2793	0.2	0.6	0.050
2794	0.2	0.6	0.053
2795	0.2	0.6	0.050
2796	0.2	0.6	0.049
2797	0.2	0.6	0.045
2798	0.2	0.6	0.040
2799	0.2	0.6	0.036
2800	0.2	0.6	0.034
2801	0.2	0.6	0.035
2802	0.2	0.6	0.044
2803	0.2	0.6	0.049
2804	0.2	0.6	0.060
2805	0.2	0.6	0.062
2806	0.2	0.6	0.058
2807	0.2	0.6	0.035
2808	0.2	0.6	0.022
2809	0.2	0.6	0.015
2810	0.2	0.6	0.008
2811	0.2	0.6	0.003
2812	0.2	0.6	0.002
2813	0.2	0.6	0.007
2814	0.2	0.6	0.017
2815	0.2	0.6	0.047
2816	0.2	0.6	0.050
2817	0.2	0.6	0.050
2818	0.2	0.6	0.053
2819	0.2	0.6	0.050
2820	0.1	0.6	0.049
2821	0.1	0.6	0.045
2822	0.1	0.6	0.040
2823	0.1	0.6	0.036
2824	0.1	0.6	0.034
2825	0.1	0.6	0.035
2826	0.1	0.6	0.044
2827	0.2	0.6	0.049
2828	0.2	0.6	0.060
2829	0.2	0.6	0.062
2830	0.2	0.6	0.058
2831	0.2	0.6	0.035
2832	0.2	0.6	0.022
2833	0.2	0.6	0.015
2834	0.2	0.6	0.008
2835	0.2	0.6	0.003
2836	0.2	0.6	0.002
2837	0.2	0.6	0.007
2838	0.2	0.6	0.017
2839	0.2	0.6	0.047
2840	0.2	0.6	0.050
2841	0.2	0.6	0.050
2842	0.2	0.6	0.053
2843	0.2	0.6	0.050
2844	0.1	0.6	0.049
2845	0.1	0.6	0.045
2846	0.1	0.6	0.040
2847	0.1	0.6	0.036
2848	0.1	0.6	0.034
2849	0.1	0.6	0.035
2850	0.1	0.6	0.044
2851	0.1	0.6	0.049
2852	0.1	0.6	0.060
2853	0.1	0.6	0.062
2854	0.1	0.6	0.058
2855	0.1	0.6	0.035
2856	0.2	0.6	0.022
2857	0.1	0.6	0.015
2858	0.1	0.6	0.008
2859	0.1	0.6	0.003
2860	0.1	0.6	0.002
2861	0.1	0.6	0.007
2862	0.1	0.6	0.017
2863	0.1	0.6	0.047
2864	0.2	0.6	0.050
2865	0.2	0.6	0.050
2866	0.2	0.6	0.053
2867	0.2	0.6	0.050
2868	0.1	0.6	0.049
2869	0.1	0.6	0.045
2870	0.1	0.6	0.040
2871	0.1	0.6	0.036
2872	0.1	0.6	0.034
2873	0.1	0.6	0.035
2874	0.1	0.6	0.044
2875	0.1	0.6	0.049
2876	0.1	0.6	0.060
2877	0.1	0.6	0.062
2878	0.1	0.6	0.058
2879	0.1	0.6	0.035
2880	0.1	0.6	0.022
2881	0.0	0.6	0.015
2882	0.0	0.6	0.008
2883	0.0	0.6	0.003
2884	0.0	0.6	0.002
2885	0.0	0.6	0.007
2886	0.0	0.6	0.017
2887	0.0	0.6	0.047
2888	0.0	0.6	0.050
2889	0.0	0.6	0.050
2890	0.0	0.6	0.053
2891	0.0	0.6	0.050
2892	0.0	0.6	0.049
2893	0.0	0.6	0.045
2894	0.0	0.6	0.040
2895	0.0	0.6	0.036
2896	0.0	0.6	0.034
2897	0.0	0.6	0.035
2898	0.0	0.6	0.044
2899	0.0	0.6	0.049
2900	0.0	0.6	0.060
2901	0.0	0.6	0.062
2902	0.0	0.6	0.058
2903	0.0	0.6	0.035
2904	0.0	0.6	0.022
2905	0.0	0.6	0.015
2906	0.0	0.6	0.008
2907	0.0	0.6	0.003
2908	0.0	0.6	0.002
2909	0.0	0.6	0.007
2910	0.0	0.6	0.017
2911	0.0	0.6	0.047
2912	0.0	0.6	0.050
2913	0.0	0.6	0.050
2914	0.0	0.6	0.053
2915	0.0	0.6	0.050
2916	0.0	0.6	0.049
2917	0.0	0.6	0.045
2918	0.0	0.6	0.040
2919	0.0	0.6	0.036
2920	0.0	0.6	0.034
2921	0.0	0.6	0.035
2922	0.0	0.6	0.044
2923	0.0	0.6	0.049
2924	0.0	0.6	0.060
2925	0.0	0.6	0.062
2926	0.0	0.6	0.058
2927	0.0	0.6	0.035
2928	0.0	0.6	0.022
2929	0.0	0.6	0.015
2930	0.0	0.6	0.008
2931	0.0	0.6	0.003
2932	0.0	0.6	0.002
2933	0.0	0.6	0.007
2934	0.0	0.6	0.017
2935	0.0	0.6	0.047
2936	0.0	0.6	0.050
2937	0.0	0.6	0.050
2938	0.0	0.6	0.053
2939	0.0	0.6	0.050
2940	0.0	0.6	0.049
2941	0.0	0.6	0.045
2942	0.0	0.6	0.040
2943	0.0	0.6	0.036
2944	0.0	0.6	0.034
2945	0.0	0.6	0.035
2946	0.0	0.6	0.044
2947	0.0	0.6	0.049
2948	0.0	0.6	0.060
2949	0.0	0.6	0.062
2950	0.0	0.6	0.058
2951	0.0	0.5	0.035
2952	0.0	0.5	0.022
2953	0.0	0.5	0.015
2954	0.0	0.5	0.008
2955	0.0	0.5	0.003
2956	0.0	0.5	0.002
2957	0.0	0.5	0.007
2958	0.0	0.5	0.017
2959	0.0	0.5	0.047
2960	0.0	0.5	0.050
2961	0.0	0.5	0.050
2962	0.0	0.5	0.053
2963	0.0	0.5	0.050
2964	0.0	0.5	0.049
2965	0.0	0.5	0.045
2966	0.0	0.5	0.040
2967	0.0	0.5	0.036
2968	0.0	0.5	0.034
2969	0.0	0.5	0.035
2970	0.0	0.5	0.044
2971	0.0	0.5	0.049
2972	0.0	0.5	0.060
2973	0.0	0.5	0.062
2974	0.0	0.5	0.058
2975	0.0	0.5	0.035
2976	0.0	0.5	0.022
2977	0.0	0.5	0.015
2978	0.0	0.5	0.008
2979	0.0	0.5	0.003
2980	0.0	0.5	0.002
2981	0.0	0.5	0.007
2982	0.0	0.5	0.017
2983	0.0	0.5	0.047
2984	0.0	0.5	0.050
2985	0.0	0.5	0.050
2986	0.0	0.5	0.053
2987	0.0	0.5	0.050
2988	0.0	0.5	0.049
2989	0.0	0.5	0.045
2990	0.0	0.5	0.040
2991	0.0	0.5	0.036
2992	0.0	0.5	0.034
2993	0.0	0.5	0.035
2994	0.0	0.5	0.044
2995	0.0	0.5	0.049
2996	0.0	0.5	0.060
2997	0.0	0.5	0.062
2998	0.0	0.5	0.058
2999	0.0	0.5	0.035
3000	0.0	0.5	0.022
3001	0.0	0.5	0.015
3002	0.0	0.5	0.008
3003	0.0	0.5	0.003
3004	0.0	0.5	0.002
3005	0.0	0.5	0.007
3006	0.0	0.5	0.017
3007	0.0	0.5	0.047
3008	0.0	0.5	0.050
3009	0.0	0.5	0.050
3010	0.0	0.5	0.053
3011	0.0	0.5	0.050
3012	0.0	0.5	0.049
3013	0.0	0.5	0.045
3014	0.0	0.5	0.040
3015	0.0	0.5	0.036
3016	0.0	0.5	0.034
3017	0.0	0.5	0.035
3018	0.0	0.5	0.044
3019	0.0	0.5	0.049
3020	0.0	0.5	0.060
3021	0.0	0.5	0.062
3022	0.0	0.5	0.058
3023	0.0	0.5	0.035
3024	0.0	0.5	0.022
3025	0.0	0.5	0.015
3026	0.0	0.5	0.008
3027	0.0	0.5	0.003
3028	0.0	0.5	0.002
3029	0.0	0.5	0.007
3030	0.0	0.5	0.017
3031	0.0	0.5	0.047
3032	0.0	0.5	0.050
3033	0.0	0.5	0.050
3034	0.0	0.5	0.053
3035	0.0	0.5	0.050
3036	0.0	0.5	0.049
3037	0.0	0.5	0.045
3038	0.0	0.5	0.040
3039	0.0	0.5	0.036
3040	0.0	0.5	0.034
3041	0.0	0.5	0.035
3042	0.0	0.5	0.044
3043	0.0	0.5	0.049
3044	0.0	0.5	0.060
3045	0.0	0.5	0.062
3046	0.0	0.5	0.058
3047	0.0	0.5	0.035
3048	0.0	0.5	0.022
3049	0.0	0.5	0.015
3050	0.0	0.5	0.008
3051	0.0	0.5	0.003
3052	0.0	0.5	0.002
3053	0.0	0.5	0.007
3054	0.0	0.5	0.017
3055	0.0	0.5	0.047
3056	0.0	0.5	0.050
3057	0.0	0.5	0.050
3058	0.0	0.5	0.053
3059	0.0	0.5	0.050
3060	0.0	0.5	0.049
3061	0.0	0.5	0.045
3062	0.0	0.5	0.040
3063	0.0	0.5	0.036
3064	0.0	0.5	0.034
3065	0.0	0.5	0.035
3066	0.0	0.5	0.044
3067	0.0	0.5	0.049
3068	0.0	0.5	0.060
3069	0.0	0.5	0.062
3070	0.0	0.5	0.058
3071	0.0	0.5	0.035
3072	0.0	0.5	0.022
3073	0.0	0.5	0.015
3074	0.0	0.5	0.008
3075	0.0	0.5	0.003
3076	0.0	0.5	0.002
3077	0.0	0.5	0.007
3078	0.0	0.5	0.017
3079	0.0	0.5	0.047
3080	0.0	0.5	0.050
3081	0.0	0.5	0.050
3082	0.0	0.5	0.053
3083	0.0	0.5	0.050
3084	0.0	0.5	0.049
3085	0.0	0.5	0.045
3086	0.0	0.5	0.040
3087	0.0	0.5	0.036
3088	0.0	0.5	0.034
3089	0.0	0.5	0.035
3090	0.0	0.5	0.044
3091	0.0	0.5	0.049
3092	0.0	0.5	0.060
3093	0.0	0.5	0.062
3094	0.0	0.5	0.058
3095	0.0	0.5	0.035
3096	0.0	0.5	0.022
3097	0.0	0.5	0.015
3098	0.0	0.5	0.008
3099	0.0	0.5	0.003
3100	0.0	0.5	0.002
3101	0.0	0.5	0.007
3102	0.0	0.5	0.017
3103	0.0	0.5	0.047
3104	0.0	0.5	0.050
3105	0.0	0.5	0.050
3106	0.0	0.5	0.053
3107	0.0	0.5	0.050
3108	0.0	0.5	0.049
3109	0.0	0.5	0.045
3110	0.0	0.5	0.040
3111	0.0	0.5	0.036
3112	0.0	0.5	0.034
3113	0.0	0.5	0.035
3114	0.0	0.5	0.044
3115	0.0	0.5	0.049
3116	0.0	0.5	0.060
3117	0.0	0.5	0.062
3118	0.0	0.5	0.058
3119	0.0	0.5	0.035
3120	0.0	0.5	0.022
3121	0.0	0.5	0.015
3122	0.0	0.5	0.008
3123	0.0	0.5	0.003
3124	0.0	0.5	0.002
3125	0.0	0.5	0.007
3126	0.0	0.5	0.017
3127	0.0	0.5	0.047
3128	0.0	0.5	0.050
3129	0.0	0.5	0.050
3130	0.0	0.5	0.053
3131	0.0	0.5	0.050
3132	0.0	0.5	0.049
3133	0.0	0.5	0.045
3134	0.0	0.5	0.040
3135	0.0	0.5	0.036
3136	0.0	0.5	0.034
3137	0.0	0.5	0.035
3138	0.0	0.5	0.044
3139	0.0	0.5	0.049
3140	0.0	0.5	0.060
3141	0.0	0.5	0.062
3142	0.0	0.5	0.058
3143	0.0	0.5	0.035
3144	0.0	0.5	0.022
3145	0.0	0.5	0.015
3146	0.0	0.5	0.008
3147	0.0	0.5	0.003
3148	0.0	0.5	0.002
3149	0.0	0.5	0.007
3150	0.0	0.5	0.017
3151	0.0	0.5	0.047
3152	0.0	0.5	0.050
3153	0.0	0.5	0.050
3154	0.0	0.5	0.053
3155	0.0	0.5	0.050
3156	0.0	0.5	0.049
3157	0.0	0.5	0.045
3158	0.0	0.5	0.040
3159	0.0	0.5	0.036
3160	0.0	0.5	0.034
3161	0.0	0.5	0.035
3162	0.0	0.5	0.044
3163	0.0	0.5	0.049
3164	0.0	0.5	0.060
3165	0.0	0.5	0.062
3166	0.0	0.5	0.058
3167	0.0	0.5	0.035
3168	0.0	0.5	0.022
3169	0.0	0.5	0.015
3170	0.0	0.5	0.008
3171	0.0	0.5	0.003
3172	0.0	0.5	0.002
3173	0.0	0.5	0.007
3174	0.0	0.5	0.017
3175	0.0	0.5	0.047
3176	0.0	0.5	0.050
3177	0.0	0.5	0.050
3178	0.0	0.5	0.053
3179	0.0	0.5	0.050
3180	0.0	0.5	0.049
3181	0.0	0.5	0.045
3182	0.0	0.5	0.040
3183	0.0	0.5	0.036
3184	0.0	0.5	0.034
3185	0.0	0.5	0.035
3186	0.0	0.5	0.044
3187	0.0	0.5	0.049
3188	0.0	0.5	0.060
3189	0.0	0.5	0.062
3190	0.0	0.5	0.058
3191	0.0	0.5	0.035
3192	0.0	0.5	0.022
3193	0.0	0.5	0.015
3194	0.0	0.5	0.008
3195	0.0	0.5	0.003
3196	0.0	0.5	0.002
3197	0.0	0.5	0.007
3198	0.0	0.5	0.017
3199	0.0	0.5	0.047
3200	0.0	0.5	0.050
3201	0.0	0.5	0.050
3202	0.0	0.5	0.053
3203	0.0	0.5	0.050
3204	0.0	0.5	0.049
3205	0.0	0.4	0.045
3206	0.0	0.4	0.040
3207	0.0	0.4	0.036
3208	0.0	0.4	0.034
3209	0.0	0.4	0.035
3210	0.0	0.4	0.044
3211	0.0	0.4	0.049
3212	0.0	0.4	0.060
3213	0.0	0.4	0.062
3214	0.0	0.4	0.058
3215	0.0	0.4	0.035
3216	0.0	0.4	0.022
3217	0.0	0.4	0.015
3218	0.0	0.4	0.008
3219	0.0	0.4	0.003
3220	0.0	0.4	0.002
3221	0.0	0.4	0.007
3222	0.0	0.4	0.017
3223	0.0	0.4	0.047
3224	0.0	0.4	0.050
3225	0.0	0.4	0.050
3226	0.0	0.4	0.053
3227	0.0	0.4	0.050
3228	0.0	0.4	0.049
3229	0.0	0.4	0.045
3230	0.0	0.4	0.040
3231	0.0	0.4	0.036
3232	0.0	0.4	0.034
3233	0.0	0.4	0.035
3234	0.0	0.4	0.044
3235	0.0	0.4	0.049
3236	0.0	0.4	0.060
3237	0.0	0.4	0.062
3238	0.0	0.4	0.058
3239	0.0	0.4	0.035
3240	0.0	0.4	0.022
3241	0.0	0.4	0.015
3242	0.0	0.4	0.008
3243	0.0	0.4	0.003
3244	0.0	0.4	0.002
3245	0.0	0.4	0.007
3246	0.0	0.4	0.017
3247	0.0	0.4	0.047
3248	0.0	0.4	0.050
3249	0.0	0.4	0.050
3250	0.0	0.4	0.053
3251	0.0	0.4	0.050
3252	0.0	0.4	0.049
3253	0.0	0.4	0.045
3254	0.0	0.4	0.040
3255	0.0	0.4	0.036
3256	0.0	0.4	0.034
3257	0.0	0.4	0.035
3258	0.0	0.4	0.044
3259	0.0	0.4	0.049
3260	0.0	0.4	0.060
3261	0.0	0.4	0.062
3262	0.0	0.4	0.058
3263	0.0	0.4	0.035
3264	0.0	0.4	0.022
3265	0.0	0.4	0.015
3266	0.0	0.4	0.008
3267	0.0	0.4	0.003
3268	0.0	0.4	0.002
3269	0.0	0.4	0.007
3270	0.0	0.4	0.017
3271	0.0	0.4	0.047
3272	0.0	0.4	0.050
3273	0.0	0.4	0.050
3274	0.0	0.4	0.053
3275	0.0	0.4	0.050
3276	0.0	0.4	0.049
3277	0.0	0.4	0.045
3278	0.0	0.4	0.040
3279	0.0	0.4	0.036
3280	0.0	0.4	0.034
3281	0.0	0.4	0.035
3282	0.0	0.4	0.044
3283	0.0	0.4	0.049
3284	0.0	0.4	0.060
3285	0.0	0.4	0.062
3286	0.0	0.4	0.058
3287	0.0	0.4	0.035
3288	0.0	0.4	0.022
3289	0.0	0.4	0.015
3290	0.0	0.4	0.008
3291	0.0	0.4	0.003
3292	0.0	0.4	0.002
3293	0.0	0.4	0.007
3294	0.0	0.4	0.017
3295	0.0	0.4	0.047
3296	0.0	0.4	0.050
3297	0.0	0.4	0.050
3298	0.0	0.4	0.053
3299	0.0	0.4	0.050
3300	0.0	0.4	0.049
3301	0.0	0.4	0.045
3302	0.0	0.4	0.040
3303	0.0	0.4	0.036
3304	0.0	0.4	0.034
3305	0.0	0.4	0.035
3306	0.0	0.4	0.044
3307	0.0	0.4	0.049
3308	0.0	0.4	0.060
3309	0.0	0.4	0.062
3310	0.0	0.4	0.058
3311	0.0	0.4	0.035
3312	0.0	0.4	0.022
3313	0.0	0.4	0.015
3314	0.0	0.4	0.008
3315	0.0	0.4	0.003
3316	0.0	0.4	0.002
3317	0.0	0.4	0.007
3318	0.0	0.4	0.017
3319	0.0	0.4	0.047
3320	0.0	0.4	0.050
3321	0.0	0.4	0.050
3322	0.0	0.4	0.053
3323	0.0	0.4	0.050
3324	0.0	0.4	0.049
3325	0.0	0.4	0.045
3326	0.0	0.4	0.040
3327	0.0	0.4	0.036
3328	0.0	0.4	0.034
3329	0.0	0.4	0.035
3330	0.0	0.4	0.044
3331	0.0	0.4	0.049
3332	0.0	0.4	0.060
3333	0.0	0.4	0.062
3334	0.0	0.4	0.058
3335	0.0	0.4	0.035
3336	0.0	0.4	0.022
3337	0.0	0.4	0.015
3338	0.0	0.4	0.008
3339	0.0	0.4	0.003
3340	0.0	0.4	0.002
3341	0.0	0.4	0.007
3342	0.0	0.4	0.017
3343	0.0	0.4	0.047
3344	0.0	0.4	0.050
3345	0.0	0.4	0.050
3346	0.0	0.4	0.053
3347	0.0	0.4	0.050
3348	0.0	0.4	0.049
3349	0.0	0.4	0.045
3350	0.0	0.4	0.040
3351	0.0	0.4	0.036
3352	0.0	0.4	0.034
3353	0.0	0.4	0.035
3354	0.0	0.4	0.044
3355	0.0	0.4	0.049
3356	0.0	0.4	0.060
3357	0.0	0.4	0.062
3358	0.0	0.4	0.058
3359	0.0	0.4	0.035
3360	0.0	0.4	0.022
3361	0.0	0.4	0.015
3362	0.0	0.4	0.008
3363	0.0	0.4	0.003
3364	0.0	0.4	0.002
3365	0.0	0.4	0.007
3366	0.0	0.4	0.017
3367	0.0	0.4	0.047
3368	0.0	0.4	0.050
3369	0.0	0.4	0.050
3370	0.0	0.4	0.053
3371	0.0	0.4	0.050
3372	0.0	0.4	0.049
3373	0.0	0.4	0.045
3374	0.0	0.4	0.040
3375	0.0	0.4	0.036
3376	0.0	0.4	0.034
3377	0.0	0.4	0.035
3378	0.0	0.4	0.044
3379	0.0	0.4	0.049
3380	0.0	0.4	0.060
3381	0.0	0.4	0.062
3382	0.0	0.4	0.058
3383	0.0	0.4	0.035
3384	0.0	0.4	0.022
3385	0.0	0.4	0.015
3386	0.0	0.4	0.008
3387	0.0	0.4	0.003
3388	0.0	0.4	0.002
3389	0.0	0.4	0.007
3390	0.0	0.4	0.017
3391	0.0	0.4	0.047
3392	0.0	0.4	0.050
3393	0.0	0.4	0.050
3394	0.0	0.4	0.053
3395	0.0	0.4	0.050
3396	0.0	0.4	0.049
3397	0.0	0.4	0.045
3398	0.0	0.4	0.040
3399	0.0	0.4	0.036
3400	0.0	0.4	0.034
3401	0.0	0.4	0.035
3402	0.0	0.4	0.044
3403	0.0	0.4	0.049
3404	0.0	0.4	0.060
3405	0.0	0.4	0.062
3406	0.0	0.4	0.058
3407	0.0	0.4	0.035
3408	0.0	0.4	0.022
3409	0.0	0.4	0.015
3410	0.0	0.4	0.008
3411	0.0	0.4	0.003
3412	0.0	0.4	0.002
3413	0.0	0.4	0.007
3414	0.0	0.4	0.017
3415	0.0	0.4	0.047
3416	0.0	0.4	0.050
3417	0.0	0.4	0.050
3418	0.0	0.4	0.053
3419	0.0	0.4	0.050
3420	0.0	0.4	0.049
3421	0.0	0.4	0.045
3422	0.0	0.4	0.040
3423	0.0	0.4	0.036
3424	0.0	0.4	0.034
3425	0.0	0.4	0.035
3426	0.0	0.4	0.044
3427	0.0	0.4	0.049
3428	0.0	0.4	0.060
3429	0.0	0.4	0.062
3430	0.0	0.4	0.058
3431	0.0	0.4	0.035
3432	0.0	0.4	0.022
3433	0.0	0.4	0.015
3434	0.0	0.4	0.008
3435	0.0	0.4	0.003
3436	0.0	0.4	0.002
3437	0.0	0.4	0.007
3438	0.0	0.4	0.017
3439	0.0	0.4	0.047
3440	0.0	0.4	0.050
3441	0.0	0.4	0.050
3442	0.0	0.4	0.053
3443	0.0	0.4	0.050
3444	0.0	0.4	0.049
3445	0.0	0.4	0.045
3446	0.0	0.4	0.040
3447	0.0	0.4	0.036
3448	0.0	0.4	0.034
3449	0.0	0.4	0.035
3450	0.0	0.4	0.044
3451	0.0	0.4	0.049
3452	0.0	0.4	0.060
3453	0.0	0.4	0.062
3454	0.0	0.4	0.058
3455	0.0	0.4	0.035
3456	0.0	0.3	0.022
3457	0.0	0.3	0.015
3458	0.0	0.3	0.008
3459	0.0	0.3	0.003
3460	0.0	0.3	0.002
3461	0.0	0.3	0.007
3462	0.0	0.3	0.017
3463	0.0	0.3	0.047
3464	0.0	0.3	0.050
3465	0.0	0.3	0.050
3466	0.0	0.3	0.053
3467	0.0	0.3	0.050
3468	0.0	0.3	0.049
3469	0.0	0.3	0.045
3470	0.0	0.3	0.040
3471	0.0	0.3	0.036
3472	0.0	0.3	0.034
3473	0.0	0.3	0.035
3474	0.0	0.3	0.044
3475	0.0	0.3	0.049
3476	0.0	0.3	0.060
3477	0.0	0.3	0.062
3478	0.0	0.3	0.058
3479	0.0	0.3	0.035
3480	0.0	0.3	0.022
3481	0.0	0.3	0.015
3482	0.0	0.3	0.008
3483	0.0	0.3	0.003
3484	0.0	0.3	0.002
3485	0.0	0.3	0.007
3486	0.0	0.3	0.017
3487	0.0	0.3	0.047
3488	0.0	0.3	0.050
3489	0.0	0.3	0.050
3490	0.0	0.3	0.053
3491	0.0	0.3	0.050
3492	0.0	0.3	0.049
3493	0.0	0.3	0.045
3494	0.0	0.3	0.040
3495	0.0	0.3	0.036
3496	0.0	0.3	0.034
3497	0.0	0.3	0.035
3498	0.0	0.3	0.044
3499	0.0	0.3	0.049
3500	0.0	0.3	0.060
3501	0.0	0.3	0.062
3502	0.0	0.3	0.058
3503	0.0	0.3	0.035
3504	0.0	0.3	0.022
3505	0.0	0.3	0.015
3506	0.0	0.3	0.008
3507	0.0	0.3	0.003
3508	0.0	0.3	0.002
3509	0.0	0.3	0.007
3510	0.0	0.3	0.017
3511	0.0	0.3	0.047
3512	0.0	0.3	0.050
3513	0.0	0.3	0.050
3514	0.0	0.3	0.053
3515	0.0	0.3	0.050
3516	0.0	0.3	0.049
3517	0.0	0.3	0.045
3518	0.0	0.3	0.040
3519	0.0	0.3	0.036
3520	0.0	0.3	0.034
3521	0.0	0.3	0.035
3522	0.0	0.3	0.044
3523	0.0	0.3	0.049
3524	0.0	0.3	0.060
3525	0.0	0.3	0.062
3526	0.0	0.3	0.058
3527	0.0	0.3	0.035
3528	0.0	0.3	0.022
3529	0.0	0.3	0.015
3530	0.0	0.3	0.008
3531	0.0	0.3	0.003
3532	0.0	0.3	0.002
3533	0.0	0.3	0.007
3534	0.0	0.3	0.017
3535	0.0	0.3	0.047
3536	0.0	0.3	0.050
3537	0.0	0.3	0.050
3538	0.0	0.3	0.053
3539	0.0	0.3	0.050
3540	0.0	0.3	0.049
3541	0.0	0.3	0.045
3542	0.0	0.3	0.040
3543	0.0	0.3	0.036
3544	0.0	0.3	0.034
3545	0.0	0.3	0.035
3546	0.0	0.3	0.044
3547	0.0	0.3	0.049
3548	0.0	0.3	0.060
3549	0.0	0.3	0.062
3550	0.0	0.3	0.058
3551	0.0	0.3	0.035
3552	0.0	0.3	0.022
3553	0.0	0.3	0.015
3554	0.0	0.3	0.008
3555	0.0	0.3	0.003
3556	0.0	0.3	0.002
3557	0.0	0.3	0.007
3558	0.0	0.3	0.017
3559	0.0	0.3	0.047
3560	0.0	0.3	0.050
3561	0.0	0.3	0.050
3562	0.0	0.3	0.053
3563	0.0	0.3	0.050
3564	0.0	0.3	0.049
3565	0.0	0.3	0.045
3566	0.0	0.3	0.040
3567	0.0	0.3	0.036
3568	0.0	0.3	0.034
3569	0.0	0.3	0.035
3570	0.0	0.3	0.044
3571	0.0	0.3	0.049
3572	0.0	0.3	0.060
3573	0.0	0.3	0.062
3574	0.0	0.3	0.058
3575	0.0	0.3	0.035
3576	0.0	0.3	0.022
3577	0.0	0.3	0.015
3578	0.0	0.3	0.008
3579	0.0	0.3	0.003
3580	0.0	0.3	0.002
3581	0.0	0.3	0.007
3582	0.0	0.3	0.017
3583	0.0	0.3	0.047
3584	0.0	0.3	0.050
3585	0.0	0.3	0.050
3586	0.0	0.3	0.053
3587	0.0	0.3	0.050
3588	0.0	0.3	0.049
3589	0.0	0.3	0.045
3590	0.0	0.3	0.040
3591	0.0	0.3	0.036
3592	0.0	0.3	0.034
3593	0.0	0.3	0.035
3594	0.0	0.3	0.044
3595	0.0	0.3	0.049
3596	0.0	0.3	0.060
3597	0.0	0.3	0.062
3598	0.0	0.3	0.058
3599	0.0	0.3	0.035
3600	0.0	0.3	0.022
3601	0.0	0.3	0.015
3602	0.0	0.3	0.008
3603	0.0	0.3	0.003
3604	0.0	0.3	0.002
3605	0.0	0.3	0.007
3606	0.0	0.3	0.017
3607	0.0	0.3	0.047
3608	0.0	0.3	0.050
3609	0.0	0.3	0.050
3610	0.0	0.3	0.053
3611	0.0	0.3	0.050
3612	0.0	0.3	0.049
3613	0.0	0.3	0.045
3614	0.0	0.3	0.040
3615	0.0	0.3	0.036
3616	0.0	0.3	0.034
3617	0.0	0.3	0.035
3618	0.0	0.3	0.044
3619	0.0	0.3	0.049
3620	0.0	0.3	0.060
3621	0.0	0.3	0.062
3622	0.0	0.3	0.058
3623	0.0	0.3	0.035
3624	0.0	0.3	0.022
3625	0.0	0.3	0.015
3626	0.0	0.3	0.008
3627	0.0	0.3	0.003
3628	0.0	0.3	0.002
3629	0.0	0.3	0.007
3630	0.0	0.3	0.017
3631	0.0	0.3	0.047
3632	0.0	0.3	0.050
3633	0.0	0.3	0.050
3634	0.0	0.3	0.053
3635	0.0	0.3	0.050
3636	0.0	0.3	0.049
3637	0.0	0.3	0.045
3638	0.0	0.3	0.040
3639	0.0	0.3	0.036
3640	0.0	0.3	0.034
3641	0.0	0.3	0.035
3642	0.0	0.3	0.044
3643	0.0	0.3	0.049
3644	0.0	0.3	0.060
3645	0.0	0.3	0.062
3646	0.0	0.3	0.058
3647	0.0	0.3	0.035
3648	0.0	0.3	0.022
3649	0.0	0.3	0.015
3650	0.0	0.3	0.008
3651	0.0	0.3	0.003
3652	0.0	0.3	0.002
3653	0.0	0.3	0.007
3654	0.0	0.3	0.017
3655	0.0	0.3	0.047
3656	0.0	0.3	0.050
3657	0.0	0.3	0.050
3658	0.0	0.3	0.053
3659	0.0	0.3	0.050
3660	0.0	0.3	0.049
3661	0.0	0.3	0.045
3662	0.0	0.3	0.040
3663	0.0	0.3	0.036
3664	0.0	0.3	0.034
3665	0.0	0.3	0.035
3666	0.0	0.3	0.044
3667	0.0	0.3	0.049
3668	0.0	0.3	0.060
3669	0.0	0.3	0.062
3670	0.0	0.3	0.058
3671	0.0	0.3	0.035
3672	0.0	0.3	0.022
3673	0.0	0.3	0.015
3674	0.0	0.3	0.008
3675	0.0	0.3	0.003
3676	0.0	0.3	0.002
3677	0.0	0.3	0.007
3678	0.0	0.3	0.017
3679	0.0	0.3	0.047
3680	0.0	0.3	0.050
3681	0.0	0.3	0.050
3682	0.0	0.3	0.053
3683	0.0	0.3	0.050
3684	0.0	0.3	0.049
3685	0.0	0.3	0.045
3686	0.0	0.3	0.040
3687	0.0	0.3	0.036
3688	0.0	0.3	0.034
3689	0.0	0.3	0.035
3690	0.0	0.3	0.044
3691	0.0	0.3	0.049
3692	0.0	0.3	0.060
3693	0.0	0.3	0.062
3694	0.0	0.3	0.058
3695	0.0	0.3	0.035
3696	0.0	0.3	0.022
3697	0.0	0.3	0.015
3698	0.0	0.3	0.008
3699	0.0	0.3	0.003
3700	0.0	0.3	0.002
3701	0.0	0.3	0.007
3702	0.0	0.3	0.017
3703	0.0	0.3	0.047
3704	0.0	0.3	0.050
3705	0.0	0.3	0.050
3706	0.0	0.3	0.053
3707	0.0	0.3	0.050
3708	0.0	0.3	0.049
3709	0.0	0.3	0.045
3710	0.0	0.3	0.040
3711	0.0	0.3	0.036
3712	0.0	0.3	0.034
3713	0.0	0.3	0.035
3714	0.0	0.3	0.044
3715	0.0	0.3	0.049
3716	0.0	0.3	0.060
3717	0.0	0.3	0.062
3718	0.0	0.3	0.058
3719	0.0	0.3	0.035
3720	0.0	0.3	0.022
3721	0.0	0.3	0.015
3722	0.0	0.3	0.008
3723	0.0	0.3	0.003
3724	0.0	0.3	0.002
3725	0.0	0.3	0.007
3726	0.0	0.3	0.017
3727	0.0	0.3	0.047
3728	0.0	0.3	0.050
3729	0.0	0.3	0.050
3730	0.0	0.3	0.053
3731	0.0	0.3	0.050
3732	0.0	0.3	0.049
3733	0.0	0.3	0.045
3734	0.0	0.3	0.040
3735	0.0	0.3	0.036
3736	0.0	0.3	0.034
3737	0.0	0.3	0.035
3738	0.0	0.3	0.044
3739	0.0	0.3	0.049
3740	0.0	0.3	0.060
3741	0.0	0.3	0.062
3742	0.0	0.3	0.058
3743	0.0	0.3	0.035
3744	0.0	0.3	0.022
3745	0.0	0.3	0.015
3746	0.0	0.3	0.008
3747	0.0	0.3	0.003
3748	0.0	0.3	0.002
3749	0.0	0.3	0.007
3750	0.0	0.3	0.017
3751	0.0	0.3	0.047
3752	0.0	0.3	0.050
3753	0.0	0.3	0.050
3754	0.0	0.3	0.053
3755	0.0	0.3	0.050
3756	0.0	0.3	0.049
3757	0.0	0.3	0.045
3758	0.0	0.3	0.040
3759	0.0	0.3	0.036
3760	0.0	0.3	0.034
3761	0.0	0.3	0.035
3762	0.0	0.3	0.044
3763	0.0	0.3	0.049
3764	0.0	0.3	0.060
3765	0.0	0.3	0.062
3766	0.0	0.3	0.058
3767	0.0	0.3	0.035
3768	0.0	0.3	0.022
3769	0.0	0.3	0.015
3770	0.0	0.3	0.008
3771	0.0	0.3	0.003
3772	0.0	0.3	0.002
3773	0.0	0.3	0.007
3774	0.0	0.3	0.017
3775	0.0	0.3	0.047
3776	0.0	0.3	0.050
3777	0.0	0.3	0.050
3778	0.0	0.3	0.053
3779	0.0	0.3	0.050
3780	0.0	0.3	0.049
3781	0.0	0.3	0.045
3782	0.0	0.3	0.040
3783	0.0	0.3	0.036
3784	0.0	0.3	0.034
3785	0.0	0.3	0.035
3786	0.0	0.3	0.044
3787	0.0	0.3	0.049
3788	0.0	0.3	0.060
3789	0.0	0.3	0.062
3790	0.0	0.3	0.058
3791	0.0	0.3	0.035
3792	0.0	0.3	0.022
3793	0.0	0.3	0.015
3794	0.0	0.3	0.008
3795	0.0	0.3	0.003
3796	0.0	0.3	0.002
3797	0.0	0.3	0.007
3798	0.0	0.3	0.017
3799	0.0	0.3	0.047
3800	0.0	0.3	0.050
3801	0.0	0.3	0.050
3802	0.0	0.3	0.053
3803	0.0	0.3	0.050
3804	0.0	0.3	0.049
3805	0.0	0.3	0.045
3806	0.0	0.3	0.040
3807	0.0	0.3	0.036
3808	0.0	0.3	0.034
3809	0.0	0.3	0.035
3810	0.0	0.3	0.044
3811	0.0	0.3	0.049
3812	0.0	0.3	0.060
3813	0.0	0.3	0.062
3814	0.0	0.3	0.058
3815	0.0	0.3	0.035
3816	0.0	0.3	0.022
3817	0.0	0.3	0.015
3818	0.0	0.3	0.008
3819	0.0	0.3	0.003
3820	0.0	0.3	0.002
3821	0.0	0.3	0.007
3822	0.0	0.3	0.017
3823	0.0	0.3	0.047
3824	0.0	0.3	0.050
3825	0.0	0.3	0.050
3826	0.0	0.3	0.053
3827	0.0	0.3	0.050
3828	0.0	0.3	0.049
3829	0.0	0.3	0.045
3830	0.0	0.3	0.040
3831	0.0	0.3	0.036
3832	0.0	0.3	0.034
3833	0.0	0.3	0.035
3834	0.0	0.3	0.044
3835	0.0	0.3	0.049
3836	0.0	0.3	0.060
3837	0.0	0.3	0.062
3838	0.0	0.3	0.058
3839	0.0	0.3	0.035
3840	0.0	0.3	0.022
3841	0.0	0.3	0.015
3842	0.0	0.3	0.008
3843	0.0	0.3	0.003
3844	0.0	0.3	0.002
3845	0.0	0.3	0.007
3846	0.0	0.3	0.017
3847	0.0	0.3	0.047
3848	0.0	0.3	0.050
3849	0.0	0.3	0.050
3850	0.0	0.3	0.053
3851	0.0	0.3	0.050
3852	0.0	0.3	0.049
3853	0.0	0.3	0.045
3854	0.0	0.3	0.040
3855	0.0	0.3	0.036
3856	0.0	0.3	0.034
3857	0.0	0.3	0.035
3858	0.0	0.3	0.044
3859	0.0	0.3	0.049
3860	0.0	0.3	0.060
3861	0.0	0.3	0.062
3862	0.0	0.3	0.058
3863	0.0	0.3	0.035
3864	0.0	0.3	0.022
3865	0.0	0.3	0.015
3866	0.0	0.3	0.008
3867	0.0	0.3	0.003
3868	0.0	0.3	0.002
3869	0.0	0.3	0.007
3870	0.0	0.3	0.017
3871	0.0	0.3	0.047
3872	0.0	0.3	0.050
3873	0.0	0.3	0.050
3874	0.0	0.3	0.053
3875	0.0	0.3	0.050
3876	0.0	0.3	0.049
3877	0.0	0.3	0.045
3878	0.0	0.3	0.040
3879	0.0	0.3	0.036
3880	0.0	0.3	0.034
3881	0.0	0.3	0.035
3882	0.0	0.3	0.044
3883	0.0	0.3	0.049
3884	0.0	0.3	0.060
3885	0.0	0.3	0.062
3886	0.0	0.3	0.058
3887	0.0	0.3	0.035
3888	0.0	0.3	0.022
3889	0.0	0.3	0.015
3890	0.0	0.3	0.008
3891	0.0	0.3	0.003
3892	0.0	0.3	0.002
3893	0.0	0.3	0.007
3894	0.0	0.3	0.017
3895	0.0	0.3	0.047
3896	0.0	0.3	0.050
3897	0.0	0.3	0.050
3898	0.0	0.3	0.053
3899	0.0	0.3	0.050
3900	0.0	0.3	0.049
3901	0.0	0.3	0.045
3902	0.0	0.3	0.040
3903	0.0	0.3	0.036
3904	0.0	0.3	0.034
3905	0.0	0.2	0.035
3906	0.0	0.2	0.044
3907	0.0	0.2	0.049
3908	0.0	0.2	0.060
3909	0.0	0.2	0.062
3910	0.0	0.2	0.058
3911	0.0	0.2	0.035
3912	0.0	0.2	0.022
3913	0.0	0.2	0.015
3914	0.0	0.2	0.008
3915	0.0	0.2	0.003
3916	0.0	0.2	0.002
3917	0.0	0.2	0.007
3918	0.0	0.2	0.017
3919	0.0	0.2	0.047
3920	0.0	0.2	0.050
3921	0.0	0.2	0.050
3922	0.0	0.2	0.053
3923	0.0	0.2	0.050
3924	0.0	0.2	0.049
3925	0.0	0.2	0.045
3926	0.0	0.2	0.040
3927	0.0	0.2	0.036
3928	0.0	0.2	0.034
3929	0.0	0.2	0.035
3930	0.0	0.2	0.044
3931	0.0	0.2	0.049
3932	0.0	0.2	0.060
3933	0.0	0.2	0.062
3934	0.0	0.2	0.058
3935	0.0	0.2	0.035
3936	0.0	0.2	0.022
3937	0.0	0.2	0.015
3938	0.0	0.2	0.008
3939	0.0	0.2	0.003
3940	0.0	0.2	0.002
3941	0.0	0.2	0.007
3942	0.0	0.2	0.017
3943	0.0	0.2	0.047
3944	0.0	0.2	0.050
3945	0.0	0.2	0.050
3946	0.0	0.2	0.053
3947	0.0	0.2	0.050
3948	0.0	0.2	0.049
3949	0.0	0.2	0.045
3950	0.0	0.2	0.040
3951	0.0	0.2	0.036
3952	0.0	0.2	0.034
3953	0.0	0.2	0.035
3954	0.0	0.2	0.044
3955	0.0	0.2	0.049
3956	0.0	0.2	0.060
3957	0.0	0.2	0.062
3958	0.0	0.2	0.058
3959	0.0	0.2	0.035
3960	0.0	0.2	0.022
3961	0.0	0.2	0.015
3962	0.0	0.2	0.008
3963	0.0	0.2	0.003
3964	0.0	0.2	0.002
3965	0.0	0.2	0.007
3966	0.0	0.2	0.017
3967	0.0	0.2	0.047
3968	0.0	0.2	0.050
3969	0.0	0.2	0.050
3970	0.0	0.2	0.053
3971	0.0	0.2	0.050
3972	0.0	0.2	0.049
3973	0.0	0.2	0.045
3974	0.0	0.2	0.040
3975	0.0	0.2	0.036
3976	0.0	0.2	0.034
3977	0.0	0.2	0.035
3978	0.0	0.2	0.044
3979	0.0	0.2	0.049
3980	0.0	0.2	0.060
3981	0.0	0.2	0.062
3982	0.0	0.2	0.058
3983	0.0	0.2	0.035
3984	0.0	0.2	0.022
3985	0.0	0.2	0.015
3986	0.0	0.2	0.008
3987	0.0	0.2	0.003
3988	0.0	0.2	0.002
3989	0.0	0.2	0.007
3990	0.0	0.2	0.017
3991	0.0	0.2	0.047
3992	0.0	0.2	0.050
3993	0.0	0.2	0.050
3994	0.0	0.2	0.053
3995	0.0	0.2	0.050
3996	0.0	0.2	0.049
3997	0.0	0.2	0.045
3998	0.0	0.2	0.040
3999	0.0	0.2	0.036
4000	0.0	0.2	0.034
4001	0.0	0.2	0.035
4002	0.0	0.2	0.044
4003	0.0	0.2	0.049
4004	0.0	0.2	0.060
4005	0.0	0.2	0.062
4006	0.0	0.2	0.058
4007	0.0	0.2	0.035
4008	0.0	0.2	0.022
4009	0.0	0.2	0.015
4010	0.0	0.2	0.008
4011	0.0	0.2	0.003
4012	0.0	0.2	0.002
4013	0.0	0.2	0.007
4014	0.0	0.2	0.017
4015	0.0	0.2	0.047
4016	0.0	0.2	0.050
4017	0.0	0.2	0.050
4018	0.0	0.2	0.053
4019	0.0	0.2	0.050
4020	0.0	0.2	0.049
4021	0.0	0.2	0.045
4022	0.0	0.2	0.040
4023	0.0	0.2	0.036
4024	0.0	0.2	0.034
4025	0.0	0.2	0.035
4026	0.0	0.2	0.044
4027	0.0	0.2	0.049
4028	0.0	0.2	0.060
4029	0.0	0.2	0.062
4030	0.0	0.2	0.058
4031	0.0	0.2	0.035
4032	0.0	0.2	0.022
4033	0.0	0.2	0.015
4034	0.0	0.2	0.008
4035	0.0	0.2	0.003
4036	0.0	0.2	0.002
4037	0.0	0.2	0.007
4038	0.0	0.2	0.017
4039	0.0	0.2	0.047
4040	0.0	0.2	0.050
4041	0.0	0.2	0.050
4042	0.0	0.2	0.053
4043	0.0	0.2	0.050
4044	0.0	0.2	0.049
4045	0.0	0.2	0.045
4046	0.0	0.2	0.040
4047	0.0	0.2	0.036
4048	0.0	0.2	0.034
4049	0.0	0.2	0.035
4050	0.0	0.2	0.044
4051	0.0	0.2	0.049
4052	0.0	0.2	0.060
4053	0.0	0.2	0.062
4054	0.0	0.2	0.058
4055	0.0	0.2	0.035
4056	0.0	0.2	0.022
4057	0.0	0.2	0.015
4058	0.0	0.2	0.008
4059	0.0	0.2	0.003
4060	0.0	0.2	0.002
4061	0.0	0.2	0.007
4062	0.0	0.2	0.017
4063	0.0	0.2	0.047
4064	0.0	0.2	0.050
4065	0.0	0.2	0.050
4066	0.0	0.2	0.053
4067	0.0	0.2	0.050
4068	0.0	0.2	0.049
4069	0.0	0.2	0.045
4070	0.0	0.2	0.040
4071	0.0	0.2	0.036
4072	0.0	0.2	0.034
4073	0.0	0.2	0.035
4074	0.0	0.2	0.044
4075	0.0	0.2	0.049
4076	0.0	0.2	0.060
4077	0.0	0.2	0.062
4078	0.0	0.2	0.058
4079	0.0	0.2	0.035
4080	0.0	0.2	0.022
4081	0.0	0.2	0.015
4082	0.0	0.2	0.008
4083	0.0	0.2	0.003
4084	0.0	0.2	0.002
4085	0.0	0.2	0.007
4086	0.0	0.2	0.017
4087	0.0	0.2	0.047
4088	0.0	0.2	0.050
4089	0.0	0.2	0.050
4090	0.0	0.2	0.053
4091	0.0	0.2	0.050
4092	0.0	0.2	0.049
4093	0.0	0.2	0.045
4094	0.0	0.2	0.040
4095	0.0	0.2	0.036
4096	0.0	0.2	0.034
4097	0.0	0.2	0.035
4098	0.0	0.2	0.044
4099	0.0	0.2	0.049
4100	0.0	0.2	0.060
4101	0.0	0.2	0.062
4102	0.0	0.2	0.058
4103	0.0	0.2	0.035
4104	0.0	0.2	0.022
4105	0.0	0.2	0.015
4106	0.0	0.2	0.008
4107	0.0	0.2	0.003
4108	0.0	0.2	0.002
4109	0.0	0.2	0.007
4110	0.0	0.2	0.017
4111	0.0	0.2	0.047
4112	0.0	0.2	0.050
4113	0.0	0.2	0.050
4114	0.0	0.2	0.053
4115	0.0	0.2	0.050
4116	0.0	0.2	0.049
4117	0.0	0.2	0.045
4118	0.0	0.2	0.040
4119	0.0	0.2	0.036
4120	0.0	0.2	0.034
4121	0.0	0.2	0.035
4122	0.0	0.2	0.044
4123	0.0	0.2	0.049
4124	0.0	0.2	0.060
4125	0.0	0.2	0.062
4126	0.0	0.2	0.058
4127	0.0	0.2	0.035
4128	0.0	0.2	0.022
4129	0.0	0.2	0.015
4130	0.0	0.2	0.008
4131	0.0	0.2	0.003
4132	0.0	0.2	0.002
4133	0.0	0.2	0.007
4134	0.0	0.2	0.017
4135	0.0	0.2	0.047
4136	0.0	0.2	0.050
4137	0.0	0.2	0.050
4138	0.0	0.2	0.053
4139	0.0	0.2	0.050
4140	0.0	0.2	0.049
4141	0.0	0.2	0.045
4142	0.0	0.2	0.040
4143	0.0	0.2	0.036
4144	0.0	0.2	0.034
4145	0.0	0.2	0.035
4146	0.0	0.2	0.044
4147	0.0	0.2	0.049
4148	0.0	0.2	0.060
4149	0.0	0.2	0.062
4150	0.0	0.2	0.058
4151	0.0	0.2	0.035
4152	0.0	0.2	0.022
4153	0.0	0.2	0.015
4154	0.0	0.2	0.008
4155	0.0	0.2	0.003
4156	0.0	0.2	0.002
4157	0.0	0.2	0.007
4158	0.0	0.2	0.017
4159	0.0	0.2	0.047
4160	0.0	0.2	0.050
4161	0.0	0.2	0.050
4162	0.0	0.2	0.053
4163	0.0	0.2	0.050
4164	0.0	0.2	0.049
4165	0.0	0.2	0.045
4166	0.0	0.2	0.040
4167	0.0	0.2	0.036
4168	0.0	0.2	0.034
4169	0.0	0.2	0.035
4170	0.0	0.2	0.044
4171	0.0	0.2	0.049
4172	0.0	0.2	0.060
4173	0.0	0.2	0.062
4174	0.0	0.2	0.058
4175	0.0	0.2	0.035
4176	0.0	0.2	0.022
4177	0.0	0.2	0.015
4178	0.0	0.2	0.008
4179	0.0	0.2	0.003
4180	0.0	0.2	0.002
4181	0.0	0.2	0.007
4182	0.0	0.2	0.017
4183	0.0	0.2	0.047
4184	0.0	0.2	0.050
4185	0.0	0.2	0.050
4186	0.0	0.2	0.053
4187	0.0	0.2	0.050
4188	0.0	0.2	0.049
4189	0.0	0.2	0.045
4190	0.0	0.2	0.040
4191	0.0	0.2	0.036
4192	0.0	0.2	0.034
4193	0.0	0.2	0.035
4194	0.0	0.2	0.044
4195	0.0	0.2	0.049
4196	0.0	0.2	0.060
4197	0.0	0.2	0.062
4198	0.0	0.2	0.058
4199	0.0	0.2	0.035
4200	0.0	0.2	0.022
4201	0.0	0.2	0.015
4202	0.0	0.2	0.008
4203	0.0	0.2	0.003
4204	0.0	0.2	0.002
4205	0.0	0.2	0.007
4206	0.0	0.2	0.017
4207	0.0	0.2	0.047
4208	0.0	0.2	0.050
4209	0.0	0.2	0.050
4210	0.0	0.2	0.053
4211	0.0	0.2	0.050
4212	0.0	0.2	0.049
4213	0.0	0.2	0.045
4214	0.0	0.2	0.040
4215	0.0	0.2	0.036
4216	0.0	0.2	0.034
4217	0.0	0.2	0.035
4218	0.0	0.2	0.044
4219	0.0	0.2	0.049
4220	0.0	0.2	0.060
4221	0.0	0.2	0.062
4222	0.0	0.2	0.058
4223	0.0	0.2	0.035
4224	0.0	0.2	0.022
4225	0.0	0.2	0.015
4226	0.0	0.2	0.008
4227	0.0	0.2	0.003
4228	0.0	0.2	0.002
4229	0.0	0.2	0.007
4230	0.0	0.2	0.017
4231	0.0	0.2	0.047
4232	0.0	0.2	0.050
4233	0.0	0.2	0.050
4234	0.0	0.2	0.053
4235	0.0	0.2	0.050
4236	0.0	0.2	0.049
4237	0.0	0.2	0.045
4238	0.0	0.2	0.040
4239	0.0	0.2	0.036
4240	0.0	0.2	0.034
4241	0.0	0.2	0.035
4242	0.0	0.2	0.044
4243	0.0	0.2	0.049
4244	0.0	0.2	0.060
4245	0.0	0.2	0.062
4246	0.0	0.2	0.058
4247	0.0	0.2	0.035
4248	0.0	0.2	0.022
4249	0.0	0.2	0.015
4250	0.0	0.2	0.008
4251	0.0	0.2	0.003
4252	0.0	0.2	0.002
4253	0.0	0.2	0.007
4254	0.0	0.2	0.017
4255	0.0	0.2	0.047
4256	0.0	0.2	0.050
4257	0.0	0.2	0.050
4258	0.0	0.2	0.053
4259	0.0	0.2	0.050
4260	0.0	0.2	0.049
4261	0.0	0.2	0.045
4262	0.0	0.2	0.040
4263	0.0	0.2	0.036
4264	0.0	0.2	0.034
4265	0.0	0.2	0.035
4266	0.0	0.2	0.044
4267	0.0	0.2	0.049
4268	0.0	0.2	0.060
4269	0.0	0.2	0.062
4270	0.0	0.2	0.058
4271	0.0	0.2	0.035
4272	0.0	0.2	0.022
4273	0.0	0.2	0.015
4274	0.0	0.2	0.008
4275	0.0	0.2	0.003
4276	0.0	0.2	0.002
4277	0.0	0.2	0.007
4278	0.0	0.2	0.017
4279	0.0	0.2	0.047
4280	0.0	0.2	0.050
4281	0.0	0.2	0.050
4282	0.0	0.2	0.053
4283	0.0	0.2	0.050
4284	0.0	0.2	0.049
4285	0.0	0.2	0.045
4286	0.0	0.2	0.040
4287	0.0	0.2	0.036
4288	0.0	0.2	0.034
4289	0.0	0.2	0.035
4290	0.0	0.2	0.044
4291	0.0	0.2	0.049
4292	0.0	0.2	0.060
4293	0.0	0.2	0.062
4294	0.0	0.2	0.058
4295	0.0	0.2	0.035
4296	0.0	0.2	0.022
4297	0.0	0.2	0.015
4298	0.0	0.2	0.008
4299	0.0	0.2	0.003
4300	0.0	0.2	0.002
4301	0.0	0.2	0.007
4302	0.0	0.2	0.017
4303	0.0	0.2	0.047
4304	0.0	0.2	0.050
4305	0.0	0.2	0.050
4306	0.0	0.2	0.053
4307	0.0	0.2	0.050
4308	0.0	0.2	0.049
4309	0.0	0.2	0.045
4310	0.0	0.2	0.040
4311	0.0	0.2	0.036
4312	0.0	0.2	0.034
4313	0.0	0.2	0.035
4314	0.0	0.2	0.044
4315	0.0	0.2	0.049
4316	0.0	0.2	0.060
4317	0.0	0.2	0.062
4318	0.0	0.2	0.058
4319	0.0	0.2	0.035
4320	0.0	0.2	0.022
4321	0.0	0.2	0.015
4322	0.0	0.2	0.008
4323	0.0	0.2	0.003
4324	0.0	0.2	0.002
4325	0.0	0.2	0.007
4326	0.0	0.2	0.017
4327	0.0	0.2	0.047
4328	0.0	0.2	0.050
4329	0.0	0.2	0.050
4330	0.0	0.2	0.053
4331	0.0	0.2	0.050
4332	0.0	0.2	0.049
4333	0.0	0.2	0.045
4334	0.0	0.2	0.040
4335	0.0	0.2	0.036
4336	0.0	0.2	0.034
4337	0.0	0.2	0.035
4338	0.0	0.2	0.044
4339	0.0	0.2	0.049
4340	0.0	0.2	0.060
4341	0.0	0.2	0.062
4342	0.0	0.2	0.058
4343	0.0	0.2	0.035
4344	0.0	0.2	0.022
4345	0.0	0.2	0.015
4346	0.0	0.2	0.008
4347	0.0	0.2	0.003
4348	0.0	0.2	0.002
4349	0.0	0.2	0.007
4350	0.0	0.2	0.017
4351	0.0	0.2	0.047
4352	0.0	0.2	0.050
4353	0.0	0.2	0.050
4354	0.0	0.2	0.053
4355	0.0	0.2	0.050
4356	0.0	0.2	0.049
4357	0.0	0.2	0.045
4358	0.0	0.2	0.040
4359	0.0	0.2	0.036
4360	0.0	0.2	0.034
4361	0.0	0.2	0.035
4362	0.0	0.2	0.044
4363	0.0	0.2	0.049
4364	0.0	0.2	0.060
4365	0.0	0.2	0.062
4366	0.0	0.2	0.058
4367	0.0	0.2	0.035
4368	0.0	0.2	0.022
4369	0.0	0.2	0.015
4370	0.0	0.2	0.008
4371	0.0	0.2	0.003
4372	0.0	0.2	0.002
4373	0.0	0.2	0.007
4374	0.0	0.2	0.017
4375	0.0	0.2	0.047
4376	0.0	0.2	0.050
4377	0.0	0.2	0.050
4378	0.0	0.2	0.053
4379	0.0	0.2	0.050
4380	0.0	0.2	0.049
4381	0.0	0.2	0.045
4382	0.0	0.2	0.040
4383	0.0	0.2	0.036
4384	0.0	0.2	0.034
4385	0.0	0.2	0.035
4386	0.0	0.2	0.044
4387	0.0	0.2	0.049
4388	0.0	0.2	0.060
4389	0.0	0.2	0.062
4390	0.0	0.2	0.058
4391	0.0	0.2	0.035
4392	0.0	0.2	0.022
4393	0.0	0.2	0.015
4394	0.0	0.2	0.008
4395	0.0	0.2	0.003
4396	0.0	0.2	0.002
4397	0.0	0.2	0.007
4398	0.0	0.2	0.017
4399	0.0	0.2	0.047
4400	0.0	0.2	0.050
4401	0.0	0.2	0.050
4402	0.0	0.2	0.053
4403	0.0	0.2	0.050
4404	0.0	0.2	0.049
4405	0.0	0.2	0.045
4406	0.0	0.2	0.040
4407	0.0	0.2	0.036
4408	0.0	0.2	0.034
4409	0.0	0.2	0.035
4410	0.0	0.2	0.044
4411	0.0	0.2	0.049
4412	0.0	0.2	0.060
4413	0.0	0.2	0.062
4414	0.0	0.2	0.058
4415	0.0	0.2	0.035
4416	0.0	0.2	0.022
4417	0.0	0.2	0.015
4418	0.0	0.2	0.008
4419	0.0	0.2	0.003
4420	0.0	0.2	0.002
4421	0.0	0.2	0.007
4422	0.0	0.2	0.017
4423	0.0	0.2	0.047
4424	0.0	0.2	0.050
4425	0.0	0.2	0.050
4426	0.0	0.2	0.053
4427	0.0	0.2	0.050
4428	0.0	0.2	0.049
4429	0.0	0.2	0.045
4430	0.0	0.2	0.040
4431	0.0	0.2	0.036
4432	0.0	0.2	0.034
4433	0.0	0.2	0.035
4434	0.0	0.2	0.044
4435	0.0	0.2	0.049
4436	0.0	0.2	0.060
4437	0.0	0.2	0.062
4438	0.0	0.2	0.058
4439	0.0	0.2	0.035
4440	0.0	0.2	0.022
4441	0.0	0.2	0.015
4442	0.0	0.2	0.008
4443	0.0	0.2	0.003
4444	0.0	0.2	0.002
4445	0.0	0.2	0.007
4446	0.0	0.2	0.017
4447	0.0	0.2	0.047
4448	0.0	0.2	0.050
4449	0.0	0.2	0.050
4450	0.0	0.2	0.053
4451	0.0	0.2	0.050
4452	0.0	0.2	0.049
4453	0.0	0.2	0.045
4454	0.0	0.2	0.040
4455	0.0	0.2	0.036
4456	0.0	0.2	0.034
4457	0.0	0.2	0.035
4458	0.0	0.2	0.044
4459	0.0	0.2	0.049
4460	0.0	0.1	0.060
4461	0.0	0.1	0.062
4462	0.0	0.1	0.058
4463	0.0	0.1	0.035
4464	0.0	0.1	0.022
4465	0.0	0.1	0.015
4466	0.0	0.1	0.008
4467	0.0	0.1	0.003
4468	0.0	0.1	0.002
4469	0.0	0.1	0.007
4470	0.0	0.1	0.017
4471	0.0	0.1	0.047
4472	0.0	0.1	0.050
4473	0.0	0.1	0.050
4474	0.0	0.1	0.053
4475	0.0	0.1	0.050
4476	0.0	0.1	0.049
4477	0.0	0.1	0.045
4478	0.0	0.1	0.040
4479	0.0	0.1	0.036
4480	0.0	0.1	0.034
4481	0.0	0.1	0.035
4482	0.0	0.1	0.044
4483	0.0	0.1	0.049
4484	0.0	0.1	0.060
4485	0.0	0.1	0.062
4486	0.0	0.1	0.058
4487	0.0	0.1	0.035
4488	0.0	0.1	0.022
4489	0.0	0.1	0.015
4490	0.0	0.1	0.008
4491	0.0	0.1	0.003
4492	0.0	0.1	0.002
4493	0.0	0.1	0.007
4494	0.0	0.1	0.017
4495	0.0	0.1	0.047
4496	0.0	0.1	0.050
4497	0.0	0.1	0.050
4498	0.0	0.1	0.053
4499	0.0	0.1	0.050
4500	0.0	0.1	0.049
4501	0.0	0.1	0.045
4502	0.0	0.1	0.040
4503	0.0	0.1	0.036
4504	0.0	0.1	0.034
4505	0.0	0.1	0.035
4506	0.0	0.1	0.044
4507	0.0	0.1	0.049
4508	0.0	0.1	0.060
4509	0.0	0.1	0.062
4510	0.0	0.1	0.058
4511	0.0	0.1	0.035
4512	0.0	0.1	0.022
4513	0.0	0.1	0.015
4514	0.0	0.1	0.008
4515	0.0	0.1	0.003
4516	0.0	0.1	0.002
4517	0.0	0.1	0.007
4518	0.0	0.1	0.017
4519	0.0	0.1	0.047
4520	0.0	0.1	0.050
4521	0.0	0.1	0.050
4522	0.0	0.1	0.053
4523	0.0	0.1	0.050
4524	0.0	0.1	0.049
4525	0.0	0.1	0.045
4526	0.0	0.1	0.040
4527	0.0	0.1	0.036
4528	0.0	0.1	0.034
4529	0.0	0.1	0.035
4530	0.0	0.1	0.044
4531	0.0	0.1	0.049
4532	0.0	0.1	0.060
4533	0.0	0.1	0.062
4534	0.0	0.1	0.058
4535	0.0	0.1	0.035
4536	0.0	0.1	0.022
4537	0.0	0.1	0.015
4538	0.0	0.1	0.008
4539	0.0	0.1	0.003
4540	0.0	0.1	0.002
4541	0.0	0.1	0.007
4542	0.0	0.1	0.017
4543	0.0	0.1	0.047
4544	0.0	0.1	0.050
4545	0.0	0.1	0.050
4546	0.0	0.1	0.053
4547	0.0	0.1	0.050
4548	0.0	0.1	0.049
4549	0.0	0.1	0.045
4550	0.0	0.1	0.040
4551	0.0	0.1	0.036
4552	0.0	0.1	0.034
4553	0.0	0.1	0.035
4554	0.0	0.1	0.044
4555	0.0	0.1	0.049
4556	0.0	0.1	0.060
4557	0.0	0.1	0.062
4558	0.0	0.1	0.058
4559	0.0	0.1	0.035
4560	0.0	0.1	0.022
4561	0.0	0.1	0.015
4562	0.0	0.1	0.008
4563	0.0	0.1	0.003
4564	0.0	0.1	0.002
4565	0.0	0.1	0.007
4566	0.0	0.1	0.017
4567	0.0	0.1	0.047
4568	0.0	0.1	0.050
4569	0.0	0.1	0.050
4570	0.0	0.1	0.053
4571	0.0	0.1	0.050
4572	0.0	0.1	0.049
4573	0.0	0.1	0.045
4574	0.0	0.1	0.040
4575	0.0	0.1	0.036
4576	0.0	0.1	0.034
4577	0.0	0.1	0.035
4578	0.0	0.1	0.044
4579	0.0	0.1	0.049
4580	0.0	0.1	0.060
4581	0.0	0.1	0.062
4582	0.0	0.1	0.058
4583	0.0	0.1	0.035
4584	0.0	0.1	0.022
4585	0.0	0.1	0.015
4586	0.0	0.1	0.008
4587	0.0	0.1	0.003
4588	0.0	0.1	0.002
4589	0.0	0.1	0.007
4590	0.0	0.1	0.017
4591	0.0	0.1	0.047
4592	0.0	0.1	0.050
4593	0.0	0.1	0.050
4594	0.0	0.1	0.053
4595	0.0	0.1	0.050
4596	0.0	0.1	0.049
4597	0.0	0.1	0.045
4598	0.0	0.1	0.040
4599	0.0	0.1	0.036
4600	0.0	0.1	0.034
4601	0.0	0.1	0.035
4602	0.0	0.1	0.044
4603	0.0	0.1	0.049
4604	0.0	0.1	0.060
4605	0.0	0.1	0.062
4606	0.0	0.1	0.058
4607	0.0	0.1	0.035
4608	0.0	0.1	0.022
4609	0.0	0.1	0.015
4610	0.0	0.1	0.008
4611	0.0	0.1	0.003
4612	0.0	0.1	0.002
4613	0.0	0.1	0.007
4614	0.0	0.1	0.017
4615	0.0	0.1	0.047
4616	0.0	0.1	0.050
4617	0.0	0.1	0.050
4618	0.0	0.1	0.053
4619	0.0	0.1	0.050
4620	0.0	0.1	0.049
4621	0.0	0.1	0.045
4622	0.0	0.1	0.040
4623	0.0	0.1	0.036
4624	0.0	0.1	0.034
4625	0.0	0.1	0.035
4626	0.0	0.1	0.044
4627	0.0	0.1	0.049
4628	0.0	0.1	0.060
4629	0.0	0.1	0.062
4630	0.0	0.1	0.058
4631	0.0	0.1	0.035
4632	0.0	0.1	0.022
4633	0.0	0.1	0.015
4634	0.0	0.1	0.008
4635	0.0	0.1	0.003
4636	0.0	0.1	0.002
4637	0.0	0.1	0.007
4638	0.0	0.1	0.017
4639	0.0	0.1	0.047
4640	0.0	0.1	0.050
4641	0.0	0.1	0.050
4642	0.0	0.1	0.053
4643	0.0	0.1	0.050
4644	0.0	0.1	0.049
4645	0.0	0.1	0.045
4646	0.0	0.1	0.040
4647	0.0	0.1	0.036
4648	0.0	0.1	0.034
4649	0.0	0.1	0.035
4650	0.0	0.1	0.044
4651	0.0	0.1	0.049
4652	0.0	0.1	0.060
4653	0.0	0.1	0.062
4654	0.0	0.1	0.058
4655	0.0	0.1	0.035
4656	0.0	0.1	0.022
4657	0.0	0.1	0.015
4658	0.0	0.1	0.008
4659	0.0	0.1	0.003
4660	0.0	0.1	0.002
4661	0.0	0.1	0.007
4662	0.0	0.1	0.017
4663	0.0	0.1	0.047
4664	0.0	0.1	0.050
4665	0.0	0.1	0.050
4666	0.0	0.1	0.053
4667	0.0	0.1	0.050
4668	0.0	0.1	0.049
4669	0.0	0.1	0.045
4670	0.0	0.1	0.040
4671	0.0	0.1	0.036
4672	0.0	0.1	0.034
4673	0.0	0.1	0.035
4674	0.0	0.1	0.044
4675	0.0	0.1	0.049
4676	0.0	0.1	0.060
4677	0.0	0.1	0.062
4678	0.0	0.1	0.058
4679	0.0	0.1	0.035
4680	0.0	0.1	0.022
4681	0.0	0.1	0.015
4682	0.0	0.1	0.008
4683	0.0	0.1	0.003
4684	0.0	0.1	0.002
4685	0.0	0.1	0.007
4686	0.0	0.1	0.017
4687	0.0	0.1	0.047
4688	0.0	0.1	0.050
4689	0.0	0.1	0.050
4690	0.0	0.1	0.053
4691	0.0	0.1	0.050
4692	0.0	0.1	0.049
4693	0.0	0.1	0.045
4694	0.0	0.1	0.040
4695	0.0	0.1	0.036
4696	0.0	0.1	0.034
4697	0.0	0.1	0.035
4698	0.0	0.1	0.044
4699	0.0	0.1	0.049
4700	0.0	0.1	0.060
4701	0.0	0.1	0.062
4702	0.0	0.1	0.058
4703	0.0	0.1	0.035
4704	0.0	0.1	0.022
4705	0.0	0.1	0.015
4706	0.0	0.1	0.008
4707	0.0	0.1	0.003
4708	0.0	0.1	0.002
4709	0.0	0.1	0.007
4710	0.0	0.1	0.017
4711	0.0	0.1	0.047
4712	0.0	0.1	0.050
4713	0.0	0.1	0.050
4714	0.0	0.1	0.053
4715	0.0	0.1	0.050
4716	0.0	0.1	0.049
4717	0.0	0.1	0.045
4718	0.0	0.1	0.040
4719	0.0	0.1	0.036
4720	0.0	0.1	0.034
4721	0.0	0.1	0.035
4722	0.0	0.1	0.044
4723	0.0	0.1	0.049
4724	0.0	0.1	0.060
4725	0.0	0.1	0.062
4726	0.0	0.1	0.058
4727	0.0	0.1	0.035
4728	0.0	0.1	0.022
4729	0.0	0.1	0.015
4730	0.0	0.1	0.008
4731	0.0	0.1	0.003
4732	0.0	0.1	0.002
4733	0.0	0.1	0.007
4734	0.0	0.1	0.017
4735	0.0	0.1	0.047
4736	0.0	0.1	0.050
4737	0.0	0.1	0.050
4738	0.0	0.1	0.053
4739	0.0	0.1	0.050
4740	0.0	0.1	0.049
4741	0.0	0.1	0.045
4742	0.0	0.1	0.040
4743	0.0	0.1	0.036
4744	0.0	0.1	0.034
4745	0.0	0.1	0.035
4746	0.0	0.1	0.044
4747	0.0	0.1	0.049
4748	0.0	0.1	0.060
4749	0.0	0.1	0.062
4750	0.0	0.1	0.058
4751	0.0	0.1	0.035
4752	0.0	0.1	0.022
4753	0.0	0.1	0.015
4754	0.0	0.1	0.008
4755	0.0	0.1	0.003
4756	0.0	0.1	0.002
4757	0.0	0.1	0.007
4758	0.0	0.1	0.017
4759	0.0	0.1	0.047
4760	0.0	0.1	0.050
4761	0.0	0.1	0.050
4762	0.0	0.1	0.053
4763	0.0	0.1	0.050
4764	0.0	0.1	0.049
4765	0.0	0.1	0.045
4766	0.0	0.1	0.040
4767	0.0	0.1	0.036
4768	0.0	0.1	0.034
4769	0.0	0.1	0.035
4770	0.0	0.1	0.044
4771	0.0	0.1	0.049
4772	0.0	0.1	0.060
4773	0.0	0.1	0.062
4774	0.0	0.1	0.058
4775	0.0	0.1	0.035
4776	0.0	0.1	0.022
4777	0.0	0.1	0.015
4778	0.0	0.1	0.008
4779	0.0	0.1	0.003
4780	0.0	0.1	0.002
4781	0.0	0.1	0.007
4782	0.0	0.1	0.017
4783	0.0	0.1	0.047
4784	0.0	0.1	0.050
4785	0.0	0.1	0.050
4786	0.0	0.1	0.053
4787	0.0	0.1	0.050
4788	0.0	0.1	0.049
4789	0.0	0.1	0.045
4790	0.0	0.1	0.040
4791	0.0	0.1	0.036
4792	0.0	0.1	0.034
4793	0.0	0.1	0.035
4794	0.0	0.1	0.044
4795	0.0	0.1	0.049
4796	0.0	0.1	0.060
4797	0.0	0.1	0.062
4798	0.0	0.1	0.058
4799	0.0	0.1	0.035
4800	0.0	0.1	0.022
4801	0.0	0.1	0.015
4802	0.0	0.1	0.008
4803	0.0	0.1	0.003
4804	0.0	0.1	0.002
4805	0.0	0.1	0.007
4806	0.0	0.1	0.017
4807	0.0	0.1	0.047
4808	0.0	0.1	0.050
4809	0.0	0.1	0.050
4810	0.0	0.1	0.053
4811	0.0	0.1	0.050
4812	0.0	0.1	0.049
4813	0.0	0.1	0.045
4814	0.0	0.1	0.040
4815	0.0	0.1	0.036
4816	0.0	0.1	0.034
4817	0.0	0.1	0.035
4818	0.0	0.1	0.044
4819	0.0	0.1	0.049
4820	0.0	0.1	0.060
4821	0.0	0.1	0.062
4822	0.0	0.1	0.058
4823	0.0	0.1	0.035
4824	0.0	0.1	0.022
4825	0.0	0.1	0.015
4826	0.0	0.1	0.008
4827	0.0	0.1	0.003
4828	0.0	0.1	0.002
4829	0.0	0.1	0.007
4830	0.0	0.1	0.017
4831	0.0	0.1	0.047
4832	0.0	0.1	0.050
4833	0.0	0.1	0.050
4834	0.0	0.1	0.053
4835	0.0	0.1	0.050
4836	0.0	0.1	0.049
4837	0.0	0.1	0.045
4838	0.0	0.1	0.040
4839	0.0	0.1	0.036
4840	0.0	0.1	0.034
4841	0.0	0.1	0.035
4842	0.0	0.1	0.044
4843	0.0	0.1	0.049
4844	0.0	0.1	0.060
4845	0.0	0.1	0.062
4846	0.0	0.1	0.058
4847	0.0	0.1	0.035
4848	0.0	0.1	0.022
4849	0.0	0.1	0.015
4850	0.0	0.1	0.008
4851	0.0	0.1	0.003
4852	0.0	0.1	0.002
4853	0.0	0.1	0.007
4854	0.0	0.1	0.017
4855	0.0	0.1	0.047
4856	0.0	0.1	0.050
4857	0.0	0.1	0.050
4858	0.0	0.1	0.053
4859	0.0	0.1	0.050
4860	0.0	0.1	0.049
4861	0.0	0.1	0.045
4862	0.0	0.1	0.040
4863	0.0	0.1	0.036
4864	0.0	0.1	0.034
4865	0.0	0.1	0.035
4866	0.0	0.1	0.044
4867	0.0	0.1	0.049
4868	0.0	0.1	0.060
4869	0.0	0.1	0.062
4870	0.0	0.1	0.058
4871	0.0	0.1	0.035
4872	0.0	0.1	0.022
4873	0.0	0.1	0.015
4874	0.0	0.1	0.008
4875	0.0	0.1	0.003
4876	0.0	0.1	0.002
4877	0.0	0.1	0.007
4878	0.0	0.1	0.017
4879	0.0	0.1	0.047
4880	0.0	0.1	0.050
4881	0.0	0.1	0.050
4882	0.0	0.1	0.053
4883	0.0	0.1	0.050
4884	0.0	0.1	0.049
4885	0.0	0.1	0.045
4886	0.0	0.1	0.040
4887	0.0	0.1	0.036
4888	0.0	0.1	0.034
4889	0.0	0.1	0.035
4890	0.0	0.1	0.044
4891	0.0	0.1	0.049
4892	0.0	0.1	0.060
4893	0.0	0.1	0.062
4894	0.0	0.1	0.058
4895	0.0	0.1	0.035
4896	0.0	0.1	0.022
4897	0.0	0.1	0.015
4898	0.0	0.1	0.008
4899	0.0	0.1	0.003
4900	0.0	0.1	0.002
4901	0.0	0.1	0.007
4902	0.0	0.1	0.017
4903	0.0	0.1	0.047
4904	0.0	0.0	0.050
4905	0.0	0.0	0.050
4906	0.0	0.0	0.053
4907	0.0	0.0	0.050
4908	0.0	0.0	0.049
4909	0.0	0.0	0.045
4910	0.0	0.0	0.040
4911	0.0	0.0	0.036
4912	0.0	0.0	0.034
4913	0.0	0.0	0.035
4914	0.0	0.0	0.044
4915	0.0	0.0	0.049
4916	0.0	0.0	0.060
4917	0.0	0.0	0.062
4918	0.0	0.0	0.058
4919	0.0	0.0	0.035
4920	0.0	0.0	0.022
4921	0.0	0.0	0.015
4922	0.0	0.0	0.008
4923	0.0	0.0	0.003
4924	0.0	0.0	0.002
4925	0.0	0.0	0.007
4926	0.0	0.0	0.017
4927	0.0	0.0	0.047
4928	0.0	0.0	0.050
4929	0.0	0.0	0.050
4930	0.0	0.0	0.053
4931	0.0	0.0	0.050
4932	0.0	0.0	0.049
4933	0.0	0.0	0.045
4934	0.0	0.0	0.040
4935	0.0	0.0	0.036
4936	0.0	0.0	0.034
4937	0.0	0.0	0.035
4938	0.0	0.0	0.044
4939	0.0	0.0	0.049
4940	0.0	0.0	0.060
4941	0.0	0.0	0.062
4942	0.0	0.0	0.058
4943	0.0	0.0	0.035
4944	0.0	0.0	0.022
4945	0.0	0.0	0.015
4946	0.0	0.0	0.008
4947	0.0	0.0	0.003
4948	0.0	0.0	0.002
4949	0.0	0.0	0.007
4950	0.0	0.0	0.017
4951	0.0	0.0	0.047
4952	0.0	0.0	0.050
4953	0.0	0.0	0.050
4954	0.0	0.0	0.053
4955	0.0	0.0	0.050
4956	0.0	0.0	0.049
4957	0.0	0.0	0.045
4958	0.0	0.0	0.040
4959	0.0	0.0	0.036
4960	0.0	0.0	0.034
4961	0.0	0.0	0.035
4962	0.0	0.0	0.044
4963	0.0	0.0	0.049
4964	0.0	0.0	0.060
4965	0.0	0.0	0.062
4966	0.0	0.0	0.058
4967	0.0	0.0	0.035
4968	0.0	0.0	0.022
4969	0.0	0.0	0.015
4970	0.0	0.0	0.008
4971	0.0	0.0	0.003
4972	0.0	0.0	0.002
4973	0.0	0.0	0.007
4974	0.0	0.0	0.017
4975	0.0	0.0	0.047
4976	0.0	0.0	0.050
4977	0.0	0.0	0.050
4978	0.0	0.0	0.053
4979	0.0	0.0	0.050
4980	0.0	0.0	0.049
4981	0.0	0.0	0.045
4982	0.0	0.0	0.040
4983	0.0	0.0	0.036
4984	0.0	0.0	0.034
4985	0.0	0.0	0.035
4986	0.0	0.0	0.044
4987	0.0	0.0	0.049
4988	0.0	0.0	0.060
4989	0.0	0.0	0.062
4990	0.0	0.0	0.058
4991	0.0	0.0	0.035
4992	0.0	0.0	0.022
4993	0.0	0.0	0.015
4994	0.0	0.0	0.008
4995	0.0	0.0	0.003
4996	0.0	0.0	0.002
4997	0.0	0.0	0.007
4998	0.0	0.0	0.017
4999	0.0	0.0	0.047
5000	0.0	0.0	0.050
5001	0.0	0.0	0.050
5002	0.0	0.0	0.053
5003	0.0	0.0	0.050
5004	0.0	0.0	0.049
5005	0.0	0.0	0.045
5006	0.0	0.0	0.040
5007	0.0	0.0	0.036
5008	0.0	0.0	0.034
5009	0.0	0.0	0.035
5010	0.0	0.0	0.044
5011	0.0	0.0	0.049
5012	0.0	0.0	0.060
5013	0.0	0.0	0.062
5014	0.0	0.0	0.058
5015	0.0	0.0	0.035
5016	0.0	0.0	0.022
5017	0.0	0.0	0.015
5018	0.0	0.0	0.008
5019	0.0	0.0	0.003
5020	0.0	0.0	0.002
5021	0.0	0.0	0.007
5022	0.0	0.0	0.017
5023	0.0	0.0	0.047
5024	0.0	0.0	0.050
5025	0.0	0.0	0.050
5026	0.0	0.0	0.053
5027	0.0	0.0	0.050
5028	0.0	0.0	0.049
5029	0.0	0.0	0.045
5030	0.0	0.0	0.040
5031	0.0	0.0	0.036
5032	0.0	0.0	0.034
5033	0.0	0.0	0.035
5034	0.0	0.0	0.044
5035	0.0	0.0	0.049
5036	0.0	0.0	0.060
5037	0.0	0.0	0.062
5038	0.0	0.0	0.058
5039	0.0	0.0	0.035
5040	0.0	0.0	0.022
5041	0.0	0.0	0.015
5042	0.0	0.0	0.008
5043	0.0	0.0	0.003
5044	0.0	0.0	0.002
5045	0.0	0.0	0.007
5046	0.0	0.0	0.017
5047	0.0	0.0	0.047
5048	0.0	0.0	0.050
5049	0.0	0.0	0.050
5050	0.0	0.0	0.053
5051	0.0	0.0	0.050
5052	0.0	0.0	0.049
5053	0.0	0.0	0.045
5054	0.0	0.0	0.040
5055	0.0	0.0	0.036
5056	0.0	0.0	0.034
5057	0.0	0.0	0.035
5058	0.0	0.0	0.044
5059	0.0	0.0	0.049
5060	0.0	0.0	0.060
5061	0.0	0.0	0.062
5062	0.0	0.0	0.058
5063	0.0	0.0	0.035
5064	0.0	0.0	0.022
5065	0.0	0.0	0.015
5066	0.0	0.0	0.008
5067	0.0	0.0	0.003
5068	0.0	0.0	0.002
5069	0.0	0.0	0.007
5070	0.0	0.0	0.017
5071	0.0	0.0	0.047
5072	0.0	0.0	0.050
5073	0.0	0.0	0.050
5074	0.0	0.0	0.053
5075	0.0	0.0	0.050
5076	0.0	0.0	0.049
5077	0.0	0.0	0.045
5078	0.0	0.0	0.040
5079	0.0	0.0	0.036
5080	0.0	0.0	0.034
5081	0.0	0.0	0.035
5082	0.0	0.0	0.044
5083	0.0	0.0	0.049
5084	0.0	0.0	0.060
5085	0.0	0.0	0.062
5086	0.0	0.0	0.058
5087	0.0	0.0	0.035
5088	0.0	0.0	0.022
5089	0.0	0.0	0.015
5090	0.0	0.0	0.008
5091	0.0	0.0	0.003
5092	0.0	0.0	0.002
5093	0.0	0.0	0.007
5094	0.0	0.0	0.017
5095	0.0	0.0	0.047
5096	0.0	0.0	0.050
5097	0.0	0.0	0.050
5098	0.0	0.0	0.053
5099	0.0	0.0	0.050
5100	0.0	0.0	0.049
5101	0.0	0.0	0.045
5102	0.0	0.0	0.040
5103	0.0	0.0	0.036
5104	0.0	0.0	0.034
5105	0.0	0.0	0.035
5106	0.0	0.0	0.044
5107	0.0	0.0	0.049
5108	0.0	0.0	0.060
5109	0.0	0.0	0.062
5110	0.0	0.0	0.058
5111	0.0	0.0	0.035
5112	0.0	0.0	0.022
5113	0.0	0.0	0.015
5114	0.0	0.0	0.008
5115	0.0	0.0	0.003
5116	0.0	0.0	0.002
5117	0.0	0.0	0.007
5118	0.0	0.0	0.017
5119	0.0	0.0	0.047
5120	0.0	0.0	0.050
5121	0.0	0.0	0.050
5122	0.0	0.0	0.053
5123	0.0	0.0	0.050
5124	0.0	0.0	0.049
5125	0.0	0.0	0.045
5126	0.0	0.0	0.040
5127	0.0	0.0	0.036
5128	0.0	0.0	0.034
5129	0.0	0.0	0.035
5130	0.0	0.0	0.044
5131	0.0	0.0	0.049
5132	0.0	0.0	0.060
5133	0.0	0.0	0.062
5134	0.0	0.0	0.058
5135	0.0	0.0	0.035
5136	0.0	0.0	0.022
5137	0.0	0.0	0.015
5138	0.0	0.0	0.008
5139	0.0	0.0	0.003
5140	0.0	0.0	0.002
5141	0.0	0.0	0.007
5142	0.0	0.0	0.017
5143	0.0	0.0	0.047
5144	0.0	0.0	0.050
5145	0.0	0.0	0.050
5146	0.0	0.0	0.053
5147	0.0	0.0	0.050
5148	0.0	0.0	0.049
5149	0.0	0.0	0.045
5150	0.0	0.0	0.040
5151	0.0	0.0	0.036
5152	0.0	0.0	0.034
5153	0.0	0.0	0.035
5154	0.0	0.0	0.044
5155	0.0	0.0	0.049
5156	0.0	0.0	0.060
5157	0.0	0.0	0.062
5158	0.0	0.0	0.058
5159	0.0	0.0	0.035
5160	0.0	0.0	0.022
5161	0.0	0.0	0.015
5162	0.0	0.0	0.008
5163	0.0	0.0	0.003
5164	0.0	0.0	0.002
5165	0.0	0.0	0.007
5166	0.0	0.0	0.017
5167	0.0	0.0	0.047
5168	0.0	0.0	0.050
5169	0.0	0.0	0.050
5170	0.0	0.0	0.053
5171	0.0	0.0	0.050
5172	0.0	0.0	0.049
5173	0.0	0.0	0.045
5174	0.0	0.0	0.040
5175	0.0	0.0	0.036
5176	0.0	0.0	0.034
5177	0.0	0.0	0.035
5178	0.0	0.0	0.044
5179	0.0	0.0	0.049
5180	0.0	0.0	0.060
5181	0.0	0.0	0.062
5182	0.0	0.0	0.058
5183	0.0	0.0	0.035
5184	0.0	0.0	0.022
5185	0.0	0.0	0.015
5186	0.0	0.0	0.008
5187	0.0	0.0	0.003
5188	0.0	0.0	0.002
5189	0.0	0.0	0.007
5190	0.0	0.0	0.017
5191	0.0	0.0	0.047
5192	0.0	0.0	0.050
5193	0.0	0.0	0.050
5194	0.0	0.0	0.053
5195	0.0	0.0	0.050
5196	0.0	0.0	0.049
5197	0.0	0.0	0.045
5198	0.0	0.0	0.040
5199	0.0	0.0	0.036
5200	0.0	0.0	0.034
5201	0.0	0.0	0.035
5202	0.0	0.0	0.044
5203	0.0	0.0	0.049
5204	0.0	0.0	0.060
5205	0.0	0.0	0.062
5206	0.0	0.0	0.058
5207	0.0	0.0	0.035
5208	0.0	0.0	0.022
5209	0.0	0.0	0.015
5210	0.0	0.0	0.008
5211	0.0	0.0	0.003
5212	0.0	0.0	0.002
5213	0.0	0.0	0.007
5214	0.0	0.0	0.017
5215	0.0	0.0	0.047
5216	0.0	0.0	0.050
5217	0.0	0.0	0.050
5218	0.0	0.0	0.053
5219	0.0	0.0	0.050
5220	0.0	0.0	0.049
5221	0.0	0.0	0.045
5222	0.0	0.0	0.040
5223	0.0	0.0	0.036
5224	0.0	0.0	0.034
5225	0.0	0.0	0.035
5226	0.0	0.0	0.044
5227	0.0	0.0	0.049
5228	0.0	0.0	0.060
5229	0.0	0.0	0.062
5230	0.0	0.0	0.058
5231	0.0	0.0	0.035
5232	0.0	0.0	0.022
5233	0.0	0.0	0.015
5234	0.0	0.0	0.008
5235	0.0	0.0	0.003
5236	0.0	0.0	0.002
5237	0.0	0.0	0.007
5238	0.0	0.0	0.017
5239	0.0	0.0	0.047
5240	0.0	0.0	0.050
5241	0.0	0.0	0.050
5242	0.0	0.0	0.053
5243	0.0	0.0	0.050
5244	0.0	0.0	0.049
5245	0.0	0.0	0.045
5246	0.0	0.0	0.040
5247	0.0	0.0	0.036
5248	0.0	0.0	0.034
5249	0.0	0.0	0.035
5250	0.0	0.0	0.044
5251	0.0	0.0	0.049
5252	0.0	0.0	0.060
5253	0.0	0.0	0.062
5254	0.0	0.0	0.058
5255	0.0	0.0	0.035
5256	0.0	0.0	0.022
5257	0.0	0.0	0.015
5258	0.0	0.0	0.008
5259	0.0	0.0	0.003
5260	0.0	0.0	0.002
5261	0.0	0.0	0.007
5262	0.0	0.0	0.017
5263	0.0	0.0	0.047
5264	0.0	0.0	0.050
5265	0.0	0.0	0.050
5266	0.0	0.0	0.053
5267	0.0	0.0	0.050
5268	0.0	0.0	0.049
5269	0.0	0.0	0.045
5270	0.0	0.0	0.040
5271	0.0	0.0	0.036
5272	0.0	0.0	0.034
5273	0.0	0.0	0.035
5274	0.0	0.0	0.044
5275	0.0	0.0	0.049
5276	0.0	0.0	0.060
5277	0.0	0.0	0.062
5278	0.0	0.0	0.058
5279	0.0	0.0	0.035
5280	0.0	0.0	0.022
5281	0.0	0.0	0.015
5282	0.0	0.0	0.008
5283	0.0	0.0	0.003
5284	0.0	0.0	0.002
5285	0.0	0.0	0.007
5286	0.0	0.0	0.017
5287	0.0	0.0	0.047
5288	0.0	0.0	0.050
5289	0.0	0.0	0.050
5290	0.0	0.0	0.053
5291	0.0	0.0	0.050
5292	0.0	0.0	0.049
5293	0.0	0.0	0.045
5294	0.0	0.0	0.040
5295	0.0	0.0	0.036
5296	0.0	0.0	0.034
5297	0.0	0.0	0.035
5298	0.0	0.0	0.044
5299	0.0	0.0	0.049
5300	0.0	0.0	0.060
5301	0.0	0.0	0.062
5302	0.0	0.0	0.058
5303	0.0	0.0	0.035
5304	0.0	0.0	0.022
5305	0.0	0.0	0.015
5306	0.0	0.0	0.008
5307	0.0	0.0	0.003
5308	0.0	0.0	0.002
5309	0.0	0.0	0.007
5310	0.0	0.0	0.017
5311	0.0	0.0	0.047
5312	0.0	0.0	0.050
5313	0.0	0.0	0.050
5314	0.0	0.0	0.053
5315	0.0	0.0	0.050
5316	0.0	0.0	0.049
5317	0.0	0.0	0.045
5318	0.0	0.0	0.040
5319	0.0	0.0	0.036
5320	0.0	0.0	0.034
5321	0.0	0.0	0.035
5322	0.0	0.0	0.044
5323	0.0	0.0	0.049
5324	0.0	0.0	0.060
5325	0.0	0.0	0.062
5326	0.0	0.0	0.058
5327	0.0	0.0	0.035
5328	0.0	0.0	0.022
5329	0.0	0.0	0.015
5330	0.0	0.0	0.008
5331	0.0	0.0	0.003
5332	0.0	0.0	0.002
5333	0.0	0.0	0.007
5334	0.0	0.0	0.017
5335	0.0	0.0	0.047
5336	0.0	0.0	0.050
5337	0.0	0.0	0.050
5338	0.0	0.0	0.053
5339	0.0	0.0	0.050
5340	0.0	0.0	0.049
5341	0.0	0.0	0.045
5342	0.0	0.0	0.040
5343	0.0	0.0	0.036
5344	0.0	0.0	0.034
5345	0.0	0.0	0.035
5346	0.0	0.0	0.044
5347	0.0	0.0	0.049
5348	0.0	0.0	0.060
5349	0.0	0.0	0.062
5350	0.0	0.0	0.058
5351	0.0	0.0	0.035
5352	0.0	0.0	0.022
5353	0.0	0.0	0.015
5354	0.0	0.0	0.008
5355	0.0	0.0	0.003
5356	0.0	0.0	0.002
5357	0.0	0.0	0.007
5358	0.0	0.0	0.017
5359	0.0	0.0	0.047
5360	0.0	0.0	0.050
5361	0.0	0.0	0.050
5362	0.0	0.0	0.053
5363	0.0	0.0	0.050
5364	0.0	0.0	0.049
5365	0.0	0.0	0.045
5366	0.0	0.0	0.040
5367	0.0	0.0	0.036
5368	0.0	0.0	0.034
5369	0.0	0.0	0.035
5370	0.0	0.0	0.044
5371	0.0	0.0	0.049
5372	0.0	0.0	0.060
5373	0.0	0.0	0.062
5374	0.0	0.0	0.058
5375	0.0	0.0	0.035
5376	0.0	0.0	0.022
5377	0.0	0.0	0.015
5378	0.0	0.0	0.008
5379	0.0	0.0	0.003
5380	0.0	0.0	0.002
5381	0.0	0.0	0.007
5382	0.0	0.0	0.017
5383	0.0	0.0	0.047
5384	0.0	0.0	0.050
5385	0.0	0.0	0.050
5386	0.0	0.0	0.053
5387	0.0	0.0	0.050
5388	0.0	0.0	0.049
5389	0.0	0.0	0.045
5390	0.0	0.0	0.040
5391	0.0	0.0	0.036
5392	0.0	0.0	0.034
5393	0.0	0.0	0.035
5394	0.0	0.0	0.044
5395	0.0	0.0	0.049
5396	0.0	0.0	0.060
5397	0.0	0.0	0.062
5398	0.0	0.0	0.058
5399	0.0	0.0	0.035
5400	0.0	0.0	0.022
5401	0.0	0.0	0.015
5402	0.0	0.0	0.008
5403	0.0	0.0	0.003
5404	0.0	0.0	0.002
5405	0.0	0.0	0.007
5406	0.0	0.0	0.017
5407	0.0	0.0	0.047
5408	0.0	0.0	0.050
5409	0.0	0.0	0.050
5410	0.0	0.0	0.053
5411	0.0	0.0	0.050
5412	0.0	0.0	0.049
5413	0.0	0.0	0.045
5414	0.0	0.0	0.040
5415	0.0	0.0	0.036
5416	0.0	0.0	0.034
5417	0.0	0.0	0.035
5418	0.0	0.0	0.044
5419	0.0	0.0	0.049
5420	0.0	0.0	0.060
5421	0.0	0.0	0.062
5422	0.0	0.0	0.058
5423	0.0	0.0	0.035
5424	0.0	0.0	0.022
5425	0.0	0.0	0.015
5426	0.0	0.0	0.008
5427	0.0	0.0	0.003
5428	0.0	0.0	0.002
5429	0.0	0.0	0.007
5430	0.0	0.0	0.017
5431	0.0	0.0	0.047
5432	0.0	0.0	0.050
5433	0.0	0.0	0.050
5434	0.0	0.0	0.053
5435	0.0	0.0	0.050
5436	0.0	0.0	0.049
5437	0.0	0.0	0.045
5438	0.0	0.0	0.040
5439	0.0	0.0	0.036
5440	0.0	0.0	0.034
5441	0.0	0.0	0.035
5442	0.0	0.0	0.044
5443	0.0	0.0	0.049
5444	0.0	0.0	0.060
5445	0.0	0.0	0.062
5446	0.0	0.0	0.058
5447	0.0	0.0	0.035
5448	0.0	0.0	0.022
5449	0.0	0.0	0.015
5450	0.0	0.0	0.008
5451	0.0	0.0	0.003
5452	0.0	0.0	0.002
5453	0.0	0.0	0.007
5454	0.0	0.0	0.017
5455	0.0	0.0	0.047
5456	0.0	0.0	0.050
5457	0.0	0.0	0.050
5458	0.0	0.0	0.053
5459	0.0	0.0	0.050
5460	0.0	0.0	0.049
5461	0.0	0.0	0.045
5462	0.0	0.0	0.040
5463	0.0	0.0	0.036
5464	0.0	0.0	0.034
5465	0.0	0.0	0.035
5466	0.0	0.0	0.044
5467	0.0	0.0	0.049
5468	0.0	0.0	0.060
5469	0.0	0.0	0.062
5470	0.0	0.0	0.058
5471	0.0	0.0	0.035
5472	0.0	0.0	0.022
5473	0.0	0.0	0.015
5474	0.0	0.0	0.008
5475	0.0	0.0	0.003
5476	0.0	0.0	0.002
5477	0.0	0.0	0.007
5478	0.0	0.0	0.017
5479	0.0	0.0	0.047
5480	0.0	0.0	0.050
5481	0.0	0.0	0.050
5482	0.0	0.0	0.053
5483	0.0	0.0	0.050
5484	0.0	0.0	0.049
5485	0.0	0.0	0.045
5486	0.0	0.0	0.040
5487	0.0	0.0	0.036
5488	0.0	0.0	0.034
5489	0.0	0.0	0.035
5490	0.0	0.0	0.044
5491	0.0	0.0	0.049
5492	0.0	0.0	0.060
5493	0.0	0.0	0.062
5494	0.0	0.0	0.058
5495	0.0	0.0	0.035
5496	0.0	0.0	0.022
5497	0.0	0.0	0.015
5498	0.0	0.0	0.008
5499	0.0	0.0	0.003
5500	0.0	0.0	0.002
5501	0.0	0.0	0.007
5502	0.0	0.0	0.017
5503	0.0	0.0	0.047
5504	0.0	0.0	0.050
5505	0.0	0.0	0.050
5506	0.0	0.0	0.053
5507	0.0	0.0	0.050
5508	0.0	0.0	0.049
5509	0.0	0.0	0.045
5510	0.0	0.0	0.040
5511	0.0	0.0	0.036
5512	0.0	0.0	0.034
5513	0.0	0.0	0.035
5514	0.0	0.0	0.044
5515	0.0	0.0	0.049
5516	0.0	0.0	0.060
5517	0.0	0.0	0.062
5518	0.0	0.0	0.058
5519	0.0	0.0	0.035
5520	0.0	0.0	0.022
5521	0.0	0.0	0.015
5522	0.0	0.0	0.008
5523	0.0	0.0	0.003
5524	0.0	0.0	0.002
5525	0.0	0.0	0.007
5526	0.0	0.0	0.017
5527	0.0	0.0	0.047
5528	0.0	0.0	0.050
5529	0.0	0.0	0.050
5530	0.0	0.0	0.053
5531	0.0	0.0	0.050
5532	0.0	0.0	0.049
5533	0.0	0.0	0.045
5534	0.0	0.0	0.040
5535	0.0	0.0	0.036
5536	0.0	0.0	0.034
5537	0.0	0.0	0.035
5538	0.0	0.0	0.044
5539	0.0	0.0	0.049
5540	0.0	0.0	0.060
5541	0.0	0.0	0.062
5542	0.0	0.0	0.058
5543	0.0	0.0	0.035
5544	0.0	0.0	0.022
5545	0.0	0.0	0.015
5546	0.0	0.0	0.008
5547	0.0	0.0	0.003
5548	0.0	0.0	0.002
5549	0.0	0.0	0.007
5550	0.0	0.0	0.017
5551	0.0	0.0	0.047
5552	0.0	0.0	0.050
5553	0.0	0.0	0.050
5554	0.0	0.0	0.053
5555	0.0	0.0	0.050
5556	0.0	0.0	0.049
5557	0.0	0.0	0.045
5558	0.0	0.0	0.040
5559	0.0	0.0	0.036
5560	0.0	0.0	0.034
5561	0.0	0.0	0.035
5562	0.0	0.0	0.044
5563	0.0	0.0	0.049
5564	0.0	0.0	0.060
5565	0.0	0.0	0.062
5566	0.0	0.0	0.058
5567	0.0	0.0	0.035
5568	0.0	0.0	0.022
5569	0.0	0.0	0.015
5570	0.0	0.0	0.008
5571	0.0	0.0	0.003
5572	0.0	0.0	0.002
5573	0.0	0.0	0.007
5574	0.0	0.0	0.017
5575	0.0	0.0	0.047
5576	0.0	0.0	0.050
5577	0.0	0.0	0.050
5578	0.0	0.0	0.053
5579	0.0	0.0	0.050
5580	0.0	0.0	0.049
5581	0.0	0.0	0.045
5582	0.0	0.0	0.040
5583	0.0	0.0	0.036
5584	0.0	0.0	0.034
5585	0.0	0.0	0.035
5586	0.0	0.0	0.044
5587	0.0	0.0	0.049
5588	0.0	0.0	0.060
5589	0.0	0.0	0.062
5590	0.0	0.0	0.058
5591	0.0	0.0	0.035
5592	0.0	0.0	0.022
5593	0.0	0.0	0.015
5594	0.0	0.0	0.008
5595	0.0	0.0	0.003
5596	0.0	0.0	0.002
5597	0.0	0.0	0.007
5598	0.0	0.0	0.017
5599	0.0	0.0	0.047
5600	0.0	0.0	0.050
5601	0.0	0.0	0.050
5602	0.0	0.0	0.053
5603	0.0	0.0	0.050
5604	0.0	0.0	0.049
5605	0.0	0.0	0.045
5606	0.0	0.0	0.040
5607	0.0	0.0	0.036
5608	0.0	0.0	0.034
5609	0.0	0.0	0.035
5610	0.0	0.0	0.044
5611	0.0	0.0	0.049
5612	0.0	0.0	0.060
5613	0.0	0.0	0.062
5614	0.0	0.0	0.058
5615	0.0	0.0	0.035
5616	0.0	0.0	0.022
5617	0.0	0.0	0.015
5618	0.0	0.0	0.008
5619	0.0	0.0	0.003
5620	0.0	0.0	0.002
5621	0.0	0.0	0.007
5622	0.0	0.0	0.017
5623	0.0	0.0	0.047
5624	0.0	0.0	0.050
5625	0.0	0.0	0.050
5626	0.0	0.0	0.053
5627	0.0	0.0	0.050
5628	0.0	0.0	0.049
5629	0.0	0.0	0.045
5630	0.0	0.0	0.040
5631	0.0	0.0	0.036
5632	0.0	0.0	0.034
5633	0.0	0.0	0.035
5634	0.0	0.0	0.044
5635	0.0	0.0	0.049
5636	0.0	0.0	0.060
5637	0.0	0.0	0.062
5638	0.0	0.0	0.058
5639	0.0	0.0	0.035
5640	0.0	0.0	0.022
5641	0.0	0.0	0.015
5642	0.0	0.0	0.008
5643	0.0	0.0	0.003
5644	0.0	0.0	0.002
5645	0.0	0.0	0.007
5646	0.0	0.0	0.017
5647	0.0	0.0	0.047
5648	0.0	0.0	0.050
5649	0.0	0.0	0.050
5650	0.0	0.0	0.053
5651	0.0	0.0	0.050
5652	0.0	0.0	0.049
5653	0.0	0.0	0.045
5654	0.0	0.0	0.040
5655	0.0	0.0	0.036
5656	0.0	0.0	0.034
5657	0.0	0.0	0.035
5658	0.0	0.0	0.044
5659	0.0	0.0	0.049
5660	0.0	0.0	0.060
5661	0.0	0.0	0.062
5662	0.0	0.0	0.058
5663	0.0	0.0	0.035
5664	0.0	0.0	0.022
5665	0.0	0.0	0.015
5666	0.0	0.0	0.008
5667	0.0	0.0	0.003
5668	0.0	0.0	0.002
5669	0.0	0.0	0.007
5670	0.0	0.0	0.017
5671	0.0	0.0	0.047
5672	0.0	0.0	0.050
5673	0.0	0.0	0.050
5674	0.0	0.0	0.053
5675	0.0	0.0	0.050
5676	0.0	0.0	0.049
5677	0.0	0.0	0.045
5678	0.0	0.0	0.040
5679	0.0	0.0	0.036
5680	0.0	0.0	0.034
5681	0.0	0.0	0.035
5682	0.0	0.0	0.044
5683	0.0	0.0	0.049
5684	0.0	0.0	0.060
5685	0.0	0.0	0.062
5686	0.0	0.0	0.058
5687	0.0	0.0	0.035
5688	0.0	0.0	0.022
5689	0.0	0.0	0.015
5690	0.0	0.0	0.008
5691	0.0	0.0	0.003
5692	0.0	0.0	0.002
5693	0.0	0.0	0.007
5694	0.0	0.0	0.017
5695	0.0	0.0	0.047
5696	0.0	0.0	0.050
5697	0.0	0.0	0.050
5698	0.0	0.0	0.053
5699	0.0	0.0	0.050
5700	0.0	0.0	0.049
5701	0.0	0.0	0.045
5702	0.0	0.0	0.040
5703	0.0	0.0	0.036
5704	0.0	0.0	0.034
5705	0.0	0.0	0.035
5706	0.0	0.0	0.044
5707	0.0	0.0	0.049
5708	0.0	0.0	0.060
5709	0.0	0.0	0.062
5710	0.0	0.0	0.058
5711	0.0	0.0	0.035
5712	0.0	0.0	0.022
5713	0.0	0.0	0.015
5714	0.0	0.0	0.008
5715	0.0	0.0	0.003
5716	0.0	0.0	0.002
5717	0.0	0.0	0.007
5718	0.0	0.0	0.017
5719	0.0	0.0	0.047
5720	0.0	0.0	0.050
5721	0.0	0.0	0.050
5722	0.0	0.0	0.053
5723	0.0	0.0	0.050
5724	0.0	0.0	0.049
5725	0.0	0.0	0.045
5726	0.0	0.0	0.040
5727	0.0	0.0	0.036
5728	0.0	0.0	0.034
5729	0.0	0.0	0.035
5730	0.0	0.0	0.044
5731	0.0	0.0	0.049
5732	0.0	0.0	0.060
5733	0.0	0.0	0.062
5734	0.0	0.0	0.058
5735	0.0	0.0	0.035
5736	0.0	0.0	0.022
5737	0.0	0.0	0.015
5738	0.0	0.0	0.008
5739	0.0	0.0	0.003
5740	0.0	0.0	0.002
5741	0.0	0.0	0.007
5742	0.0	0.0	0.017
5743	0.0	0.0	0.047
5744	0.0	0.0	0.050
5745	0.0	0.0	0.050
5746	0.0	0.0	0.053
5747	0.0	0.0	0.050
5748	0.0	0.0	0.049
5749	0.0	0.0	0.045
5750	0.0	0.0	0.040
5751	0.0	0.0	0.036
5752	0.0	0.0	0.034
5753	0.0	0.0	0.035
5754	0.0	0.0	0.044
5755	0.0	0.0	0.049
5756	0.0	0.0	0.060
5757	0.0	0.0	0.062
5758	0.0	0.0	0.058
5759	0.0	0.0	0.035
5760	0.0	0.0	0.022
5761	0.0	0.0	0.015
5762	0.0	0.0	0.008
5763	0.0	0.0	0.003
5764	0.0	0.0	0.002
5765	0.0	0.0	0.007
5766	0.0	0.0	0.017
5767	0.0	0.0	0.047
5768	0.0	0.0	0.050
5769	0.0	0.0	0.050
5770	0.0	0.0	0.053
5771	0.0	0.0	0.050
5772	0.0	0.0	0.049
5773	0.0	0.0	0.045
5774	0.0	0.0	0.040
5775	0.0	0.0	0.036
5776	0.0	0.0	0.034
5777	0.0	0.0	0.035
5778	0.0	0.0	0.044
5779	0.0	0.0	0.049
5780	0.0	0.0	0.060
5781	0.0	0.0	0.062
5782	0.0	0.0	0.058
5783	0.0	0.0	0.035
5784	0.0	0.0	0.022
5785	0.0	0.0	0.015
5786	0.0	0.0	0.008
5787	0.0	0.0	0.003
5788	0.0	0.0	0.002
5789	0.0	0.0	0.007
5790	0.0	0.0	0.017
5791	0.0	0.0	0.047
5792	0.0	0.0	0.050
5793	0.0	0.0	0.050
5794	0.0	0.0	0.053
5795	0.0	0.0	0.050
5796	0.0	0.0	0.049
5797	0.0	0.0	0.045
5798	0.0	0.0	0.040
5799	0.0	0.0	0.036
5800	0.0	0.0	0.034
5801	0.0	0.0	0.035
5802	0.0	0.0	0.044
5803	0.0	0.0	0.049
5804	0.0	0.0	0.060
5805	0.0	0.0	0.062
5806	0.0	0.0	0.058
5807	0.0	0.0	0.035
5808	0.0	0.0	0.022
5809	0.0	0.0	0.015
5810	0.0	0.0	0.008
5811	0.0	0.0	0.003
5812	0.0	0.0	0.002
5813	0.0	0.0	0.007
5814	0.0	0.0	0.017
5815	0.0	0.0	0.047
5816	0.0	0.0	0.050
5817	0.0	0.0	0.050
5818	0.0	0.0	0.053
5819	0.0	0.0	0.050
5820	0.0	0.0	0.049
5821	0.0	0.0	0.045
5822	0.0	0.0	0.040
5823	0.0	0.0	0.036
5824	0.0	0.0	0.034
5825	0.0	0.0	0.035
5826	0.0	0.0	0.044
5827	0.0	0.0	0.049
5828	0.0	0.0	0.060
5829	0.0	0.0	0.062
5830	0.0	0.0	0.058
5831	0.0	0.0	0.035
5832	0.0	0.0	0.022
5833	0.0	0.0	0.015
5834	0.0	0.0	0.008
5835	0.0	0.0	0.003
5836	0.0	0.0	0.002
5837	0.0	0.0	0.007
5838	0.0	0.0	0.017
5839	0.0	0.0	0.047
5840	0.0	0.0	0.050
5841	0.0	0.0	0.050
5842	0.0	0.0	0.053
5843	0.0	0.0	0.050
5844	0.0	0.0	0.049
5845	0.0	0.0	0.045
5846	0.0	0.0	0.040
5847	0.0	0.0	0.036
5848	0.0	0.0	0.034
5849	0.0	0.0	0.035
5850	0.0	0.0	0.044
5851	0.0	0.0	0.049
5852	0.0	0.0	0.060
5853	0.0	0.0	0.062
5854	0.0	0.0	0.058
5855	0.0	0.0	0.035
5856	0.0	0.0	0.022
5857	0.0	0.0	0.015
5858	0.0	0.0	0.008
5859	0.0	0.0	0.003
5860	0.0	0.0	0.002
5861	0.0	0.0	0.007
5862	0.0	0.0	0.017
5863	0.0	0.0	0.047
5864	0.0	0.0	0.050
5865	0.0	0.0	0.050
5866	0.0	0.0	0.053
5867	0.0	0.0	0.050
5868	0.0	0.0	0.049
5869	0.0	0.0	0.045
5870	0.0	0.0	0.040
5871	0.0	0.0	0.036
5872	0.0	0.0	0.034
5873	0.0	0.0	0.035
5874	0.0	0.0	0.044
5875	0.0	0.0	0.049
5876	0.0	0.0	0.060
5877	0.0	0.0	0.062
5878	0.0	0.0	0.058
5879	0.0	0.0	0.035
5880	0.0	0.0	0.022
5881	0.0	0.0	0.015
5882	0.0	0.0	0.008
5883	0.0	0.0	0.003
5884	0.0	0.0	0.002
5885	0.0	0.0	0.007
5886	0.0	0.0	0.017
5887	0.0	0.0	0.047
5888	0.0	0.0	0.050
5889	0.0	0.0	0.050
5890	0.0	0.0	0.053
5891	0.0	0.0	0.050
5892	0.0	0.0	0.049
5893	0.0	0.0	0.045
5894	0.0	0.0	0.040
5895	0.0	0.0	0.036
5896	0.0	0.0	0.034
5897	0.0	0.0	0.035
5898	0.0	0.0	0.044
5899	0.0	0.0	0.049
5900	0.0	0.0	0.060
5901	0.0	0.0	0.062
5902	0.0	0.0	0.058
5903	0.0	0.0	0.035
5904	0.0	0.0	0.022
5905	0.0	0.0	0.015
5906	0.0	0.0	0.008
5907	0.0	0.0	0.003
5908	0.0	0.0	0.002
5909	0.0	0.0	0.007
5910	0.0	0.0	0.017
5911	0.0	0.0	0.047
5912	0.0	0.0	0.050
5913	0.0	0.0	0.050
5914	0.0	0.0	0.053
5915	0.0	0.0	0.050
5916	0.0	0.0	0.049
5917	0.0	0.0	0.045
5918	0.0	0.0	0.040
5919	0.0	0.0	0.036
5920	0.0	0.0	0.034
5921	0.0	0.0	0.035
5922	0.0	0.0	0.044
5923	0.0	0.0	0.049
5924	0.0	0.0	0.060
5925	0.0	0.0	0.062
5926	0.0	0.0	0.058
5927	0.0	0.0	0.035
5928	0.0	0.0	0.022
5929	0.0	0.0	0.015
5930	0.0	0.0	0.008
5931	0.0	0.0	0.003
5932	0.0	0.0	0.002
5933	0.0	0.0	0.007
5934	0.0	0.0	0.017
5935	0.0	0.0	0.047
5936	0.0	0.0	0.050
5937	0.0	0.0	0.050
5938	0.0	0.0	0.053
5939	0.0	0.0	0.050
5940	0.0	0.0	0.049
5941	0.0	0.0	0.045
5942	0.0	0.0	0.040
5943	0.0	0.0	0.036
5944	0.0	0.0	0.034
5945	0.0	0.0	0.035
5946	0.0	0.0	0.044
5947	0.0	0.0	0.049
5948	0.0	0.0	0.060
5949	0.0	0.0	0.062
5950	0.0	0.0	0.058
5951	0.0	0.0	0.035
5952	0.0	0.0	0.022
5953	0.0	0.0	0.015
5954	0.0	0.0	0.008
5955	0.0	0.0	0.003
5956	0.0	0.0	0.002
5957	0.0	0.0	0.007
5958	0.0	0.0	0.017
5959	0.0	0.0	0.047
5960	0.0	0.0	0.050
5961	0.0	0.0	0.050
5962	0.0	0.0	0.053
5963	0.0	0.0	0.050
5964	0.0	0.0	0.049
5965	0.0	0.0	0.045
5966	0.0	0.0	0.040
5967	0.0	0.0	0.036
5968	0.0	0.0	0.034
5969	0.0	0.0	0.035
5970	0.0	0.0	0.044
5971	0.0	0.0	0.049
5972	0.0	0.0	0.060
5973	0.0	0.0	0.062
5974	0.0	0.0	0.058
5975	0.0	0.0	0.035
5976	0.0	0.0	0.022
5977	0.0	0.0	0.015
5978	0.0	0.0	0.008
5979	0.0	0.0	0.003
5980	0.0	0.0	0.002
5981	0.0	0.0	0.007
5982	0.0	0.0	0.017
5983	0.0	0.0	0.047
5984	0.0	0.0	0.050
5985	0.0	0.0	0.050
5986	0.0	0.0	0.053
5987	0.0	0.0	0.050
5988	0.0	0.0	0.049
5989	0.0	0.0	0.045
5990	0.0	0.0	0.040
5991	0.0	0.0	0.036
5992	0.0	0.0	0.034
5993	0.0	0.0	0.035
5994	0.0	0.0	0.044
5995	0.0	0.0	0.049
5996	0.0	0.0	0.060
5997	0.0	0.0	0.062
5998	0.0	0.0	0.058
5999	0.0	0.0	0.035
6000	0.0	0.0	0.022
6001	0.0	0.0	0.015
6002	0.0	0.0	0.008
6003	0.0	0.0	0.003
6004	0.0	0.0	0.002
6005	0.0	0.0	0.007
6006	0.0	0.0	0.017
6007	0.0	0.0	0.047
6008	0.0	0.0	0.050
6009	0.0	0.0	0.050
6010	0.0	0.0	0.053
6011	0.0	0.0	0.050
6012	0.0	0.0	0.049
6013	0.0	0.0	0.045
6014	0.0	0.0	0.040
6015	0.0	0.0	0.036
6016	0.0	0.0	0.034
6017	0.0	0.0	0.035
6018	0.0	0.0	0.044
6019	0.0	0.0	0.049
6020	0.0	0.0	0.060
6021	0.0	0.0	0.062
6022	0.0	0.0	0.058
6023	0.0	0.0	0.035
6024	0.0	0.0	0.022
6025	0.0	0.0	0.015
6026	0.0	0.0	0.008
6027	0.0	0.0	0.003
6028	0.0	0.0	0.002
6029	0.0	0.0	0.007
6030	0.0	0.0	0.017
6031	0.0	0.0	0.047
6032	0.0	0.0	0.050
6033	0.0	0.0	0.050
6034	0.0	0.0	0.053
6035	0.0	0.0	0.050
6036	0.0	0.0	0.049
6037	0.0	0.0	0.045
6038	0.0	0.0	0.040
6039	0.0	0.0	0.036
6040	0.0	0.0	0.034
6041	0.0	0.0	0.035
6042	0.0	0.0	0.044
6043	0.0	0.0	0.049
6044	0.0	0.0	0.060
6045	0.0	0.0	0.062
6046	0.0	0.0	0.058
6047	0.0	0.0	0.035
6048	0.0	0.0	0.022
6049	0.0	0.0	0.015
6050	0.0	0.0	0.008
6051	0.0	0.0	0.003
6052	0.0	0.0	0.002
6053	0.0	0.0	0.007
6054	0.0	0.0	0.017
6055	0.0	0.0	0.047
6056	0.0	0.0	0.050
6057	0.0	0.0	0.050
6058	0.0	0.0	0.053
6059	0.0	0.0	0.050
6060	0.0	0.0	0.049
6061	0.0	0.0	0.045
6062	0.0	0.0	0.040
6063	0.0	0.0	0.036
6064	0.0	0.0	0.034
6065	0.0	0.0	0.035
6066	0.0	0.0	0.044
6067	0.0	0.0	0.049
6068	0.0	0.0	0.060
6069	0.0	0.0	0.062
6070	0.0	0.0	0.058
6071	0.0	0.0	0.035
6072	0.0	0.0	0.022
6073	0.0	0.0	0.015
6074	0.0	0.0	0.008
6075	0.0	0.0	0.003
6076	0.0	0.0	0.002
6077	0.0	0.0	0.007
6078	0.0	0.0	0.017
6079	0.0	0.0	0.047
6080	0.0	0.0	0.050
6081	0.0	0.0	0.050
6082	0.0	0.0	0.053
6083	0.0	0.0	0.050
6084	0.0	0.0	0.049
6085	0.0	0.0	0.045
6086	0.0	0.0	0.040
6087	0.0	0.0	0.036
6088	0.0	0.0	0.034
6089	0.0	0.0	0.035
6090	0.0	0.0	0.044
6091	0.0	0.0	0.049
6092	0.0	0.0	0.060
6093	0.0	0.0	0.062
6094	0.0	0.0	0.058
6095	0.0	0.0	0.035
6096	0.0	0.0	0.022
6097	0.0	0.0	0.015
6098	0.0	0.0	0.008
6099	0.0	0.0	0.003
6100	0.0	0.0	0.002
6101	0.0	0.0	0.007
6102	0.0	0.0	0.017
6103	0.0	0.0	0.047
6104	0.0	0.0	0.050
6105	0.0	0.0	0.050
6106	0.0	0.0	0.053
6107	0.0	0.0	0.050
6108	0.0	0.0	0.049
6109	0.0	0.0	0.045
6110	0.0	0.0	0.040
6111	0.0	0.0	0.036
6112	0.0	0.0	0.034
6113	0.0	0.0	0.035
6114	0.0	0.0	0.044
6115	0.0	0.0	0.049
6116	0.0	0.0	0.060
6117	0.0	0.0	0.062
6118	0.0	0.0	0.058
6119	0.0	0.0	0.035
6120	0.0	0.0	0.022
6121	0.0	0.0	0.015
6122	0.0	0.0	0.008
6123	0.0	0.0	0.003
6124	0.0	0.0	0.002
6125	0.0	0.0	0.007
6126	0.0	0.0	0.017
6127	0.0	0.0	0.047
6128	0.0	0.0	0.050
6129	0.0	0.0	0.050
6130	0.0	0.0	0.053
6131	0.0	0.0	0.050
6132	0.0	0.0	0.049
6133	0.0	0.0	0.045
6134	0.0	0.0	0.040
6135	0.0	0.0	0.036
6136	0.0	0.0	0.034
6137	0.0	0.0	0.035
6138	0.0	0.0	0.044
6139	0.0	0.0	0.049
6140	0.0	0.0	0.060
6141	0.0	0.0	0.062
6142	0.0	0.0	0.058
6143	0.0	0.0	0.035
6144	0.0	0.0	0.022
6145	0.0	0.0	0.015
6146	0.0	0.0	0.008
6147	0.0	0.0	0.003
6148	0.0	0.0	0.002
6149	0.0	0.0	0.007
6150	0.0	0.0	0.017
6151	0.0	0.0	0.047
6152	0.0	0.0	0.050
6153	0.0	0.0	0.050
6154	0.0	0.0	0.053
6155	0.0	0.0	0.050
6156	0.0	0.0	0.049
6157	0.0	0.0	0.045
6158	0.0	0.0	0.040
6159	0.0	0.0	0.036
6160	0.0	0.0	0.034
6161	0.0	0.0	0.035
6162	0.0	0.0	0.044
6163	0.0	0.0	0.049
6164	0.0	0.0	0.060
6165	0.0	0.0	0.062
6166	0.0	0.0	0.058
6167	0.0	0.0	0.035
6168	0.0	0.0	0.022
6169	0.0	0.0	0.015
6170	0.0	0.0	0.008
6171	0.0	0.0	0.003
6172	0.0	0.0	0.002
6173	0.0	0.0	0.007
6174	0.0	0.0	0.017
6175	0.0	0.0	0.047
6176	0.0	0.0	0.050
6177	0.0	0.0	0.050
6178	0.0	0.0	0.053
6179	0.0	0.0	0.050
6180	0.0	0.0	0.049
6181	0.0	0.0	0.045
6182	0.0	0.0	0.040
6183	0.0	0.0	0.036
6184	0.0	0.0	0.034
6185	0.0	0.0	0.035
6186	0.0	0.0	0.044
6187	0.0	0.0	0.049
6188	0.0	0.0	0.060
6189	0.0	0.0	0.062
6190	0.0	0.0	0.058
6191	0.0	0.0	0.035
6192	0.0	0.0	0.022
6193	0.0	0.0	0.015
6194	0.0	0.0	0.008
6195	0.0	0.0	0.003
6196	0.0	0.0	0.002
6197	0.0	0.0	0.007
6198	0.0	0.0	0.017
6199	0.0	0.0	0.047
6200	0.0	0.0	0.050
6201	0.0	0.0	0.050
6202	0.0	0.0	0.053
6203	0.0	0.0	0.050
6204	0.0	0.0	0.049
6205	0.0	0.0	0.045
6206	0.0	0.0	0.040
6207	0.0	0.0	0.036
6208	0.0	0.0	0.034
6209	0.0	0.0	0.035
6210	0.0	0.0	0.044
6211	0.0	0.0	0.049
6212	0.0	0.0	0.060
6213	0.0	0.0	0.062
6214	0.0	0.0	0.058
6215	0.0	0.0	0.035
6216	0.0	0.0	0.022
6217	0.0	0.0	0.015
6218	0.0	0.0	0.008
6219	0.0	0.0	0.003
6220	0.0	0.0	0.002
6221	0.0	0.0	0.007
6222	0.0	0.0	0.017
6223	0.0	0.0	0.047
6224	0.0	0.0	0.050
6225	0.0	0.0	0.050
6226	0.0	0.0	0.053
6227	0.0	0.0	0.050
6228	0.0	0.0	0.049
6229	0.0	0.0	0.045
6230	0.0	0.0	0.040
6231	0.0	0.0	0.036
6232	0.0	0.0	0.034
6233	0.0	0.0	0.035
6234	0.0	0.0	0.044
6235	0.0	0.0	0.049
6236	0.0	0.0	0.060
6237	0.0	0.0	0.062
6238	0.0	0.0	0.058
6239	0.0	0.0	0.035
6240	0.0	0.0	0.022
6241	0.0	0.0	0.015
6242	0.0	0.0	0.008
6243	0.0	0.0	0.003
6244	0.0	0.0	0.002
6245	0.0	0.0	0.007
6246	0.0	0.0	0.017
6247	0.0	0.0	0.047
6248	0.0	0.0	0.050
6249	0.0	0.0	0.050
6250	0.0	0.0	0.053
6251	0.0	0.0	0.050
6252	0.0	0.0	0.049
6253	0.0	0.0	0.045
6254	0.0	0.0	0.040
6255	0.0	0.0	0.036
6256	0.0	0.0	0.034
6257	0.0	0.0	0.035
6258	0.0	0.0	0.044
6259	0.0	0.0	0.049
6260	0.0	0.0	0.060
6261	0.0	0.0	0.062
6262	0.0	0.0	0.058
6263	0.0	0.0	0.035
6264	0.0	0.0	0.022
6265	0.0	0.0	0.015
6266	0.0	0.0	0.008
6267	0.0	0.0	0.003
6268	0.0	0.0	0.002
6269	0.0	0.0	0.007
6270	0.0	0.0	0.017
6271	0.0	0.0	0.047
6272	0.0	0.0	0.050
6273	0.0	0.0	0.050
6274	0.0	0.0	0.053
6275	0.0	0.0	0.050
6276	0.0	0.0	0.049
6277	0.0	0.0	0.045
6278	0.0	0.0	0.040
6279	0.0	0.0	0.036
6280	0.0	0.0	0.034
6281	0.0	0.0	0.035
6282	0.0	0.0	0.044
6283	0.0	0.0	0.049
6284	0.0	0.0	0.060
6285	0.0	0.0	0.062
6286	0.0	0.0	0.058
6287	0.0	0.0	0.035
6288	0.0	0.0	0.022
6289	0.0	0.0	0.015
6290	0.0	0.0	0.008
6291	0.0	0.0	0.003
6292	0.0	0.0	0.002
6293	0.0	0.0	0.007
6294	0.0	0.0	0.017
6295	0.0	0.0	0.047
6296	0.0	0.0	0.050
6297	0.0	0.0	0.050
6298	0.0	0.0	0.053
6299	0.0	0.0	0.050
6300	0.0	0.0	0.049
6301	0.0	0.0	0.045
6302	0.0	0.0	0.040
6303	0.0	0.0	0.036
6304	0.0	0.0	0.034
6305	0.0	0.0	0.035
6306	0.0	0.0	0.044
6307	0.0	0.0	0.049
6308	0.0	0.0	0.060
6309	0.0	0.0	0.062
6310	0.0	0.0	0.058
6311	0.0	0.0	0.035
6312	0.0	0.0	0.022
6313	0.0	0.0	0.015
6314	0.0	0.0	0.008
6315	0.0	0.0	0.003
6316	0.0	0.0	0.002
6317	0.0	0.0	0.007
6318	0.0	0.0	0.017
6319	0.0	0.0	0.047
6320	0.0	0.0	0.050
6321	0.0	0.0	0.050
6322	0.0	0.0	0.053
6323	0.0	0.0	0.050
6324	0.0	0.0	0.049
6325	0.0	0.0	0.045
6326	0.0	0.0	0.040
6327	0.0	0.0	0.036
6328	0.0	0.0	0.034
6329	0.0	0.0	0.035
6330	0.0	0.0	0.044
6331	0.0	0.0	0.049
6332	0.0	0.0	0.060
6333	0.0	0.0	0.062
6334	0.0	0.0	0.058
6335	0.0	0.0	0.035
6336	0.0	0.0	0.022
6337	0.0	0.0	0.015
6338	0.0	0.0	0.008
6339	0.0	0.0	0.003
6340	0.0	0.0	0.002
6341	0.0	0.0	0.007
6342	0.0	0.0	0.017
6343	0.0	0.0	0.047
6344	0.0	0.0	0.050
6345	0.0	0.0	0.050
6346	0.0	0.0	0.053
6347	0.0	0.0	0.050
6348	0.0	0.0	0.049
6349	0.0	0.0	0.045
6350	0.0	0.0	0.040
6351	0.0	0.0	0.036
6352	0.0	0.0	0.034
6353	0.0	0.0	0.035
6354	0.0	0.0	0.044
6355	0.0	0.0	0.049
6356	0.0	0.0	0.060
6357	0.0	0.0	0.062
6358	0.0	0.0	0.058
6359	0.0	0.0	0.035
6360	0.0	0.0	0.022
6361	0.0	0.0	0.015
6362	0.0	0.0	0.008
6363	0.0	0.0	0.003
6364	0.0	0.0	0.002
6365	0.0	0.0	0.007
6366	0.0	0.0	0.017
6367	0.0	0.0	0.047
6368	0.0	0.0	0.050
6369	0.0	0.0	0.050
6370	0.0	0.0	0.053
6371	0.0	0.0	0.050
6372	0.0	0.0	0.049
6373	0.0	0.0	0.045
6374	0.0	0.0	0.040
6375	0.0	0.0	0.036
6376	0.0	0.0	0.034
6377	0.0	0.0	0.035
6378	0.0	0.0	0.044
6379	0.0	0.0	0.049
6380	0.0	0.0	0.060
6381	0.0	0.0	0.062
6382	0.0	0.0	0.058
6383	0.0	0.0	0.035
6384	0.0	0.0	0.022
6385	0.0	0.0	0.015
6386	0.0	0.0	0.008
6387	0.0	0.0	0.003
6388	0.0	0.0	0.002
6389	0.0	0.0	0.007
6390	0.0	0.0	0.017
6391	0.0	0.0	0.047
6392	0.0	0.0	0.050
6393	0.0	0.0	0.050
6394	0.0	0.0	0.053
6395	0.0	0.0	0.050
6396	0.0	0.0	0.049
6397	0.0	0.0	0.045
6398	0.0	0.0	0.040
6399	0.0	0.0	0.036
6400	0.0	0.0	0.034
6401	0.0	0.0	0.035
6402	0.0	0.0	0.044
6403	0.0	0.0	0.049
6404	0.0	0.0	0.060
6405	0.0	0.0	0.062
6406	0.0	0.0	0.058
6407	0.0	0.0	0.035
6408	0.0	0.0	0.022
6409	0.0	0.0	0.015
6410	0.0	0.0	0.008
6411	0.0	0.0	0.003
6412	0.0	0.0	0.002
6413	0.0	0.0	0.007
6414	0.0	0.0	0.017
6415	0.0	0.0	0.047
6416	0.0	0.0	0.050
6417	0.0	0.0	0.050
6418	0.0	0.0	0.053
6419	0.0	0.0	0.050
6420	0.0	0.0	0.049
6421	0.0	0.0	0.045
6422	0.0	0.0	0.040
6423	0.0	0.0	0.036
6424	0.0	0.0	0.034
6425	0.0	0.0	0.035
6426	0.0	0.0	0.044
6427	0.0	0.0	0.049
6428	0.0	0.0	0.060
6429	0.0	0.0	0.062
6430	0.0	0.0	0.058
6431	0.0	0.0	0.035
6432	0.0	0.0	0.022
6433	0.0	0.0	0.015
6434	0.0	0.0	0.008
6435	0.0	0.0	0.003
6436	0.0	0.0	0.002
6437	0.0	0.0	0.007
6438	0.0	0.0	0.017
6439	0.0	0.0	0.047
6440	0.0	0.0	0.050
6441	0.0	0.0	0.050
6442	0.0	0.0	0.053
6443	0.0	0.0	0.050
6444	0.0	0.0	0.049
6445	0.0	0.0	0.045
6446	0.0	0.0	0.040
6447	0.0	0.0	0.036
6448	0.0	0.0	0.034
6449	0.0	0.0	0.035
6450	0.0	0.0	0.044
6451	0.0	0.0	0.049
6452	0.0	0.0	0.060
6453	0.0	0.0	0.062
6454	0.0	0.0	0.058
6455	0.0	0.0	0.035
6456	0.0	0.0	0.022
6457	0.0	0.0	0.015
6458	0.0	0.0	0.008
6459	0.0	0.0	0.003
6460	0.0	0.0	0.002
6461	0.0	0.0	0.007
6462	0.0	0.0	0.017
6463	0.0	0.0	0.047
6464	0.0	0.0	0.050
6465	0.0	0.0	0.050
6466	0.0	0.0	0.053
6467	0.0	0.0	0.050
6468	0.0	0.0	0.049
6469	0.0	0.0	0.045
6470	0.0	0.0	0.040
6471	0.0	0.0	0.036
6472	0.0	0.0	0.034
6473	0.0	0.0	0.035
6474	0.0	0.0	0.044
6475	0.0	0.0	0.049
6476	0.0	0.0	0.060
6477	0.0	0.0	0.062
6478	0.0	0.0	0.058
6479	0.0	0.0	0.035
6480	0.0	0.0	0.022
6481	0.0	0.0	0.015
6482	0.0	0.0	0.008
6483	0.0	0.0	0.003
6484	0.0	0.0	0.002
6485	0.0	0.0	0.007
6486	0.0	0.0	0.017
6487	0.0	0.0	0.047
6488	0.0	0.0	0.050
6489	0.0	0.0	0.050
6490	0.0	0.0	0.053
6491	0.0	0.0	0.050
6492	0.0	0.0	0.049
6493	0.0	0.0	0.045
6494	0.0	0.0	0.040
6495	0.0	0.0	0.036
6496	0.0	0.0	0.034
6497	0.0	0.0	0.035
6498	0.0	0.0	0.044
6499	0.0	0.0	0.049
6500	0.0	0.0	0.060
6501	0.0	0.0	0.062
6502	0.0	0.0	0.058
6503	0.0	0.0	0.035
6504	0.0	0.0	0.022
6505	0.0	0.0	0.015
6506	0.0	0.0	0.008
6507	0.0	0.0	0.003
6508	0.0	0.0	0.002
6509	0.0	0.0	0.007
6510	0.0	0.0	0.017
6511	0.0	0.0	0.047
6512	0.0	0.0	0.050
6513	0.0	0.0	0.050
6514	0.0	0.0	0.053
6515	0.0	0.0	0.050
6516	0.0	0.0	0.049
6517	0.0	0.0	0.045
6518	0.0	0.0	0.040
6519	0.0	0.0	0.036
6520	0.0	0.0	0.034
6521	0.0	0.0	0.035
6522	0.0	0.0	0.044
6523	0.0	0.0	0.049
6524	0.0	0.0	0.060
6525	0.0	0.0	0.062
6526	0.0	0.0	0.058
6527	0.0	0.0	0.035
6528	0.0	0.0	0.022
6529	0.0	0.0	0.015
6530	0.0	0.0	0.008
6531	0.0	0.0	0.003
6532	0.0	0.0	0.002
6533	0.0	0.0	0.007
6534	0.0	0.0	0.017
6535	0.0	0.0	0.047
6536	0.0	0.0	0.050
6537	0.0	0.0	0.050
6538	0.0	0.0	0.053
6539	0.0	0.0	0.050
6540	0.0	0.0	0.049
6541	0.0	0.0	0.045
6542	0.0	0.0	0.040
6543	0.0	0.0	0.036
6544	0.0	0.0	0.034
6545	0.0	0.0	0.035
6546	0.0	0.0	0.044
6547	0.0	0.0	0.049
6548	0.0	0.0	0.060
6549	0.0	0.0	0.062
6550	0.0	0.0	0.058
6551	0.0	0.0	0.035
6552	0.0	0.0	0.022
6553	0.0	0.0	0.015
6554	0.0	0.0	0.008
6555	0.0	0.0	0.003
6556	0.0	0.0	0.002
6557	0.0	0.0	0.007
6558	0.0	0.0	0.017
6559	0.0	0.0	0.047
6560	0.0	0.0	0.050
6561	0.0	0.0	0.050
6562	0.0	0.0	0.053
6563	0.0	0.0	0.050
6564	0.0	0.0	0.049
6565	0.0	0.0	0.045
6566	0.0	0.0	0.040
6567	0.0	0.0	0.036
6568	0.0	0.0	0.034
6569	0.0	0.0	0.035
6570	0.0	0.0	0.044
6571	0.0	0.0	0.049
6572	0.0	0.0	0.060
6573	0.0	0.0	0.062
6574	0.0	0.0	0.058
6575	0.0	0.0	0.035
6576	0.0	0.0	0.022
6577	0.0	0.0	0.015
6578	0.0	0.0	0.008
6579	0.0	0.0	0.003
6580	0.0	0.0	0.002
6581	0.0	0.0	0.007
6582	0.1	0.0	0.017
6583	0.1	0.0	0.047
6584	0.2	0.0	0.050
6585	0.2	0.0	0.050
6586	0.1	0.0	0.053
6587	0.1	0.0	0.050
6588	0.1	0.0	0.049
6589	0.1	0.0	0.045
6590	0.1	0.0	0.040
6591	0.1	0.0	0.036
6592	0.1	0.0	0.034
6593	0.1	0.0	0.035
6594	0.2	0.0	0.044
6595	0.2	0.0	0.049
6596	0.2	0.0	0.060
6597	0.2	0.0	0.062
6598	0.3	0.0	0.058
6599	0.3	0.0	0.035
6600	0.3	0.0	0.022
6601	0.2	0.0	0.015
6602	0.2	0.0	0.008
6603	0.2	0.0	0.003
6604	0.2	0.0	0.002
6605	0.2	0.0	0.007
6606	0.2	0.0	0.017
6607	0.2	0.0	0.047
6608	0.4	0.0	0.050
6609	0.3	0.0	0.050
6610	0.3	0.0	0.053
6611	0.3	0.0	0.050
6612	0.3	0.0	0.049
6613	0.3	0.0	0.045
6614	0.3	0.0	0.040
6615	0.3	0.0	0.036
6616	0.3	0.0	0.034
6617	0.3	0.0	0.035
6618	0.3	0.0	0.044
6619	0.3	0.0	0.049
6620	0.3	0.0	0.060
6621	0.4	0.0	0.062
6622	0.4	0.0	0.058
6623	0.4	0.0	0.035
6624	0.4	0.0	0.022
6625	0.3	0.0	0.015
6626	0.3	0.0	0.008
6627	0.3	0.0	0.003
6628	0.3	0.0	0.002
6629	0.3	0.0	0.007
6630	0.3	0.0	0.017
6631	0.3	0.0	0.047
6632	0.4	0.0	0.050
6633	0.4	0.0	0.050
6634	0.4	0.0	0.053
6635	0.3	0.0	0.050
6636	0.3	0.0	0.049
6637	0.3	0.0	0.045
6638	0.3	0.0	0.040
6639	0.2	0.0	0.036
6640	0.2	0.0	0.034
6641	0.3	0.0	0.035
6642	0.3	0.0	0.044
6643	0.3	0.0	0.049
6644	0.4	0.0	0.060
6645	0.4	0.0	0.062
6646	0.4	0.0	0.058
6647	0.4	0.0	0.035
6648	0.4	0.0	0.022
6649	0.3	0.0	0.015
6650	0.3	0.0	0.008
6651	0.3	0.0	0.003
6652	0.3	0.0	0.002
6653	0.3	0.0	0.007
6654	0.3	0.0	0.017
6655	0.3	0.0	0.047
6656	0.4	0.0	0.050
6657	0.4	0.0	0.050
6658	0.3	0.0	0.053
6659	0.3	0.0	0.050
6660	0.2	0.0	0.049
6661	0.2	0.0	0.045
6662	0.2	0.0	0.040
6663	0.2	0.0	0.036
6664	0.2	0.0	0.034
6665	0.2	0.0	0.035
6666	0.2	0.0	0.044
6667	0.3	0.0	0.049
6668	0.3	0.0	0.060
6669	0.3	0.0	0.062
6670	0.3	0.0	0.058
6671	0.4	0.0	0.035
6672	0.4	0.0	0.022
6673	0.3	0.0	0.015
6674	0.3	0.0	0.008
6675	0.3	0.0	0.003
6676	0.3	0.0	0.002
6677	0.3	0.0	0.007
6678	0.3	0.0	0.017
6679	0.3	0.0	0.047
6680	0.4	0.0	0.050
6681	0.4	0.0	0.050
6682	0.4	0.0	0.053
6683	0.3	0.0	0.050
6684	0.3	0.0	0.049
6685	0.2	0.0	0.045
6686	0.2	0.0	0.040
6687	0.2	0.0	0.036
6688	0.2	0.0	0.034
6689	0.2	0.0	0.035
6690	0.2	0.0	0.044
6691	0.3	0.0	0.049
6692	0.3	0.0	0.060
6693	0.3	0.0	0.062
6694	0.3	0.0	0.058
6695	0.3	0.0	0.035
6696	0.3	0.0	0.022
6697	0.2	0.0	0.015
6698	0.2	0.0	0.008
6699	0.2	0.0	0.003
6700	0.2	0.0	0.002
6701	0.2	0.0	0.007
6702	0.3	0.0	0.017
6703	0.3	0.0	0.047
6704	0.3	0.0	0.050
6705	0.3	0.0	0.050
6706	0.3	0.0	0.053
6707	0.3	0.0	0.050
6708	0.3	0.0	0.049
6709	0.3	0.0	0.045
6710	0.2	0.0	0.040
6711	0.2	0.0	0.036
6712	0.2	0.0	0.034
6713	0.3	0.0	0.035
6714	0.3	0.0	0.044
6715	0.3	0.0	0.049
6716	0.4	0.0	0.060
6717	0.4	0.0	0.062
6718	0.4	0.0	0.058
6719	0.4	0.0	0.035
6720	0.4	0.0	0.022
6721	0.3	0.0	0.015
6722	0.3	0.0	0.008
6723	0.3	0.0	0.003
6724	0.3	0.0	0.002
6725	0.3	0.0	0.007
6726	0.3	0.0	0.017
6727	0.3	0.0	0.047
6728	0.4	0.0	0.050
6729	0.4	0.0	0.050
6730	0.4	0.0	0.053
6731	0.4	0.0	0.050
6732	0.3	0.0	0.049
6733	0.3	0.0	0.045
6734	0.3	0.0	0.040
6735	0.3	0.0	0.036
6736	0.3	0.0	0.034
6737	0.3	0.0	0.035
6738	0.3	0.0	0.044
6739	0.3	0.0	0.049
6740	0.3	0.0	0.060
6741	0.3	0.0	0.062
6742	0.3	0.0	0.058
6743	0.3	0.0	0.035
6744	0.3	0.0	0.022
6745	0.3	0.0	0.015
6746	0.3	0.0	0.008
6747	0.2	0.0	0.003
6748	0.2	0.0	0.002
6749	0.2	0.0	0.007
6750	0.2	0.0	0.017
6751	0.3	0.0	0.047
6752	0.4	0.0	0.050
6753	0.3	0.0	0.050
6754	0.3	0.0	0.053
6755	0.3	0.0	0.050
6756	0.3	0.0	0.049
6757	0.2	0.0	0.045
6758	0.2	0.0	0.040
6759	0.2	0.0	0.036
6760	0.2	0.0	0.034
6761	0.2	0.0	0.035
6762	0.2	0.0	0.044
6763	0.2	0.0	0.049
6764	0.3	0.0	0.060
6765	0.3	0.0	0.062
6766	0.3	0.0	0.058
6767	0.3	0.0	0.035
6768	0.3	0.0	0.022
6769	0.2	0.0	0.015
6770	0.2	0.0	0.008
6771	0.3	0.0	0.003
6772	0.3	0.0	0.002
6773	0.3	0.0	0.007
6774	0.3	0.0	0.017
6775	0.3	0.0	0.047
6776	0.4	0.0	0.050
6777	0.4	0.0	0.050
6778	0.3	0.0	0.053
6779	0.3	0.0	0.050
6780	0.3	0.0	0.049
6781	0.2	0.0	0.045
6782	0.2	0.0	0.040
6783	0.2	0.0	0.036
6784	0.2	0.0	0.034
6785	0.2	0.0	0.035
6786	0.3	0.0	0.044
6787	0.3	0.0	0.049
6788	0.3	0.0	0.060
6789	0.3	0.0	0.062
6790	0.3	0.0	0.058
6791	0.3	0.0	0.035
6792	0.3	0.0	0.022
6793	0.3	0.0	0.015
6794	0.3	0.0	0.008
6795	0.2	0.0	0.003
6796	0.2	0.0	0.002
6797	0.2	0.0	0.007
6798	0.2	0.0	0.017
6799	0.2	0.0	0.047
6800	0.3	0.0	0.050
6801	0.3	0.0	0.050
6802	0.3	0.0	0.053
6803	0.3	0.0	0.050
6804	0.2	0.0	0.049
6805	0.2	0.0	0.045
6806	0.2	0.0	0.040
6807	0.2	0.0	0.036
6808	0.2	0.0	0.034
6809	0.2	0.0	0.035
6810	0.2	0.0	0.044
6811	0.2	0.0	0.049
6812	0.2	0.0	0.060
6813	0.3	0.0	0.062
6814	0.3	0.0	0.058
6815	0.3	0.0	0.035
6816	0.3	0.0	0.022
6817	0.2	0.0	0.015
6818	0.2	0.0	0.008
6819	0.2	0.0	0.003
6820	0.2	0.0	0.002
6821	0.2	0.0	0.007
6822	0.2	0.0	0.017
6823	0.2	0.0	0.047
6824	0.3	0.0	0.050
6825	0.3	0.0	0.050
6826	0.3	0.0	0.053
6827	0.3	0.0	0.050
6828	0.2	0.0	0.049
6829	0.2	0.0	0.045
6830	0.2	0.0	0.040
6831	0.2	0.0	0.036
6832	0.2	0.0	0.034
6833	0.2	0.0	0.035
6834	0.2	0.0	0.044
6835	0.2	0.0	0.049
6836	0.2	0.0	0.060
6837	0.2	0.0	0.062
6838	0.2	0.0	0.058
6839	0.2	0.0	0.035
6840	0.2	0.0	0.022
6841	0.1	0.0	0.015
6842	0.1	0.0	0.008
6843	0.1	0.0	0.003
6844	0.1	0.0	0.002
6845	0.1	0.0	0.007
6846	0.1	0.0	0.017
6847	0.1	0.0	0.047
6848	0.2	0.0	0.050
6849	0.2	0.0	0.050
6850	0.2	0.0	0.053
6851	0.2	0.0	0.050
6852	0.1	0.0	0.049
6853	0.1	0.0	0.045
6854	0.1	0.0	0.040
6855	0.1	0.0	0.036
6856	0.1	0.0	0.034
6857	0.1	0.0	0.035
6858	0.1	0.0	0.044
6859	0.1	0.0	0.049
6860	0.1	0.0	0.060
6861	0.1	0.0	0.062
6862	0.1	0.0	0.058
6863	0.1	0.0	0.035
6864	0.1	0.0	0.022
6865	0.0	0.0	0.015
6866	0.0	0.0	0.008
6867	0.0	0.0	0.003
6868	0.0	0.0	0.002
6869	0.0	0.0	0.007
6870	0.0	0.0	0.017
6871	0.0	0.0	0.047
6872	0.0	0.0	0.050
6873	0.0	0.0	0.050
6874	0.0	0.0	0.053
6875	0.0	0.0	0.050
6876	0.0	0.0	0.049
6877	0.0	0.0	0.045
6878	0.0	0.0	0.040
6879	0.0	0.0	0.036
6880	0.0	0.0	0.034
6881	0.0	0.0	0.035
6882	0.0	0.0	0.044
6883	0.0	0.0	0.049
6884	0.0	0.0	0.060
6885	0.0	0.0	0.062
6886	0.0	0.0	0.058
6887	0.0	0.0	0.035
6888	0.0	0.0	0.022
6889	0.1	0.0	0.015
6890	0.1	0.0	0.008
6891	0.1	0.0	0.003
6892	0.1	0.0	0.002
6893	0.1	0.0	0.007
6894	0.1	0.0	0.017
6895	0.1	0.0	0.047
6896	0.2	0.0	0.050
6897	0.2	0.0	0.050
6898	0.2	0.0	0.053
6899	0.1	0.0	0.050
6900	0.1	0.0	0.049
6901	0.1	0.0	0.045
6902	0.0	0.0	0.040
6903	0.0	0.0	0.036
6904	0.0	0.0	0.034
6905	0.1	0.0	0.035
6906	0.1	0.0	0.044
6907	0.1	0.0	0.049
6908	0.1	0.0	0.060
6909	0.1	0.0	0.062
6910	0.2	0.0	0.058
6911	0.2	0.0	0.035
6912	0.2	0.0	0.022
6913	0.1	0.0	0.015
6914	0.1	0.0	0.008
6915	0.1	0.0	0.003
6916	0.1	0.0	0.002
6917	0.1	0.0	0.007
6918	0.1	0.0	0.017
6919	0.1	0.0	0.047
6920	0.2	0.0	0.050
6921	0.2	0.0	0.050
6922	0.2	0.0	0.053
6923	0.1	0.0	0.050
6924	0.1	0.0	0.049
6925	0.1	0.0	0.045
6926	0.1	0.0	0.040
6927	0.1	0.0	0.036
6928	0.0	0.0	0.034
6929	0.0	0.0	0.035
6930	0.1	0.0	0.044
6931	0.1	0.0	0.049
6932	0.1	0.0	0.060
6933	0.1	0.0	0.062
6934	0.1	0.0	0.058
6935	0.1	0.0	0.035
6936	0.1	0.0	0.022
6937	0.0	0.0	0.015
6938	0.0	0.0	0.008
6939	0.0	0.0	0.003
6940	0.0	0.0	0.002
6941	0.0	0.0	0.007
6942	0.1	0.0	0.017
6943	0.1	0.0	0.047
6944	0.2	0.0	0.050
6945	0.1	0.0	0.050
6946	0.1	0.0	0.053
6947	0.1	0.0	0.050
6948	0.0	0.0	0.049
6949	0.0	0.0	0.045
6950	0.0	0.0	0.040
6951	0.0	0.0	0.036
6952	0.0	0.0	0.034
6953	0.1	0.0	0.035
6954	0.1	0.0	0.044
6955	0.1	0.0	0.049
6956	0.1	0.0	0.060
6957	0.1	0.0	0.062
6958	0.2	0.0	0.058
6959	0.2	0.0	0.035
6960	0.2	0.0	0.022
6961	0.1	0.0	0.015
6962	0.1	0.0	0.008
6963	0.1	0.0	0.003
6964	0.1	0.0	0.002
6965	0.2	0.0	0.007
6966	0.2	0.0	0.017
6967	0.2	0.0	0.047
6968	0.3	0.0	0.050
6969	0.3	0.0	0.050
6970	0.3	0.0	0.053
6971	0.2	0.0	0.050
6972	0.2	0.0	0.049
6973	0.2	0.0	0.045
6974	0.2	0.0	0.040
6975	0.2	0.0	0.036
6976	0.2	0.0	0.034
6977	0.2	0.0	0.035
6978	0.2	0.0	0.044
6979	0.3	0.0	0.049
6980	0.3	0.0	0.060
6981	0.3	0.0	0.062
6982	0.3	0.0	0.058
6983	0.4	0.0	0.035
6984	0.4	0.0	0.022
6985	0.3	0.0	0.015
6986	0.3	0.0	0.008
6987	0.3	0.0	0.003
6988	0.3	0.0	0.002
6989	0.3	0.0	0.007
6990	0.3	0.0	0.017
6991	0.3	0.0	0.047
6992	0.4	0.0	0.050
6993	0.4	0.0	0.050
6994	0.4	0.0	0.053
6995	0.3	0.0	0.050
6996	0.3	0.0	0.049
6997	0.3	0.0	0.045
6998	0.2	0.0	0.040
6999	0.2	0.0	0.036
7000	0.2	0.0	0.034
7001	0.2	0.0	0.035
7002	0.2	0.0	0.044
7003	0.3	0.0	0.049
7004	0.3	0.0	0.060
7005	0.3	0.0	0.062
7006	0.3	0.0	0.058
7007	0.3	0.0	0.035
7008	0.4	0.0	0.022
7009	0.3	0.0	0.015
7010	0.3	0.0	0.008
7011	0.3	0.0	0.003
7012	0.3	0.0	0.002
7013	0.3	0.0	0.007
7014	0.3	0.0	0.017
7015	0.4	0.0	0.047
7016	0.4	0.0	0.050
7017	0.4	0.0	0.050
7018	0.4	0.0	0.053
7019	0.4	0.0	0.050
7020	0.3	0.0	0.049
7021	0.3	0.0	0.045
7022	0.3	0.0	0.040
7023	0.3	0.0	0.036
7024	0.3	0.0	0.034
7025	0.3	0.0	0.035
7026	0.3	0.0	0.044
7027	0.3	0.0	0.049
7028	0.3	0.0	0.060
7029	0.3	0.0	0.062
7030	0.3	0.0	0.058
7031	0.4	0.0	0.035
7032	0.4	0.0	0.022
7033	0.3	0.0	0.015
7034	0.3	0.0	0.008
7035	0.3	0.0	0.003
7036	0.3	0.0	0.002
7037	0.3	0.0	0.007
7038	0.3	0.0	0.017
7039	0.3	0.0	0.047
7040	0.4	0.0	0.050
7041	0.3	0.0	0.050
7042	0.3	0.0	0.053
7043	0.3	0.0	0.050
7044	0.3	0.0	0.049
7045	0.2	0.0	0.045
7046	0.3	0.0	0.040
7047	0.2	0.0	0.036
7048	0.2	0.0	0.034
7049	0.2	0.0	0.035
7050	0.3	0.0	0.044
7051	0.3	0.0	0.049
7052	0.3	0.0	0.060
7053	0.3	0.0	0.062
7054	0.3	0.0	0.058
7055	0.4	0.0	0.035
7056	0.4	0.0	0.022
7057	0.2	0.0	0.015
7058	0.3	0.0	0.008
7059	0.3	0.0	0.003
7060	0.3	0.0	0.002
7061	0.3	0.0	0.007
7062	0.3	0.0	0.017
7063	0.3	0.0	0.047
7064	0.4	0.0	0.050
7065	0.3	0.0	0.050
7066	0.3	0.0	0.053
7067	0.3	0.0	0.050
7068	0.3	0.0	0.049
7069	0.3	0.0	0.045
7070	0.2	0.0	0.040
7071	0.2	0.0	0.036
7072	0.2	0.0	0.034
7073	0.3	0.0	0.035
7074	0.3	0.0	0.044
7075	0.3	0.0	0.049
7076	0.3	0.0	0.060
7077	0.3	0.0	0.062
7078	0.3	0.0	0.058
7079	0.4	0.0	0.035
7080	0.4	0.0	0.022
7081	0.3	0.0	0.015
7082	0.3	0.0	0.008
7083	0.3	0.0	0.003
7084	0.3	0.0	0.002
7085	0.3	0.0	0.007
7086	0.3	0.0	0.017
7087	0.3	0.0	0.047
7088	0.4	0.0	0.050
7089	0.3	0.0	0.050
7090	0.3	0.0	0.053
7091	0.3	0.0	0.050
7092	0.2	0.0	0.049
7093	0.2	0.0	0.045
7094	0.2	0.0	0.040
7095	0.2	0.0	0.036
7096	0.2	0.0	0.034
7097	0.2	0.0	0.035
7098	0.2	0.0	0.044
7099	0.2	0.0	0.049
7100	0.2	0.0	0.060
7101	0.2	0.0	0.062
7102	0.3	0.0	0.058
7103	0.3	0.0	0.035
7104	0.3	0.0	0.022
7105	0.2	0.0	0.015
7106	0.2	0.0	0.008
7107	0.2	0.0	0.003
7108	0.2	0.0	0.002
7109	0.2	0.0	0.007
7110	0.2	0.0	0.017
7111	0.2	0.0	0.047
7112	0.3	0.0	0.050
7113	0.3	0.0	0.050
7114	0.3	0.0	0.053
7115	0.2	0.0	0.050
7116	0.2	0.0	0.049
7117	0.2	0.0	0.045
7118	0.2	0.0	0.040
7119	0.2	0.0	0.036
7120	0.2	0.0	0.034
7121	0.2	0.0	0.035
7122	0.3	0.0	0.044
7123	0.3	0.0	0.049
7124	0.3	0.0	0.060
7125	0.3	0.0	0.062
7126	0.3	0.0	0.058
7127	0.3	0.0	0.035
7128	0.3	0.0	0.022
7129	0.2	0.0	0.015
7130	0.2	0.0	0.008
7131	0.2	0.0	0.003
7132	0.2	0.0	0.002
7133	0.2	0.0	0.007
7134	0.2	0.0	0.017
7135	0.2	0.0	0.047
7136	0.3	0.0	0.050
7137	0.3	0.0	0.050
7138	0.2	0.0	0.053
7139	0.2	0.0	0.050
7140	0.2	0.0	0.049
7141	0.2	0.0	0.045
7142	0.1	0.0	0.040
7143	0.1	0.0	0.036
7144	0.1	0.0	0.034
7145	0.2	0.0	0.035
7146	0.2	0.0	0.044
7147	0.2	0.0	0.049
7148	0.2	0.0	0.060
7149	0.2	0.0	0.062
7150	0.2	0.0	0.058
7151	0.3	0.0	0.035
7152	0.3	0.0	0.022
7153	0.2	0.0	0.015
7154	0.2	0.0	0.008
7155	0.2	0.0	0.003
7156	0.2	0.0	0.002
7157	0.2	0.0	0.007
7158	0.2	0.0	0.017
7159	0.2	0.0	0.047
7160	0.3	0.0	0.050
7161	0.2	0.0	0.050
7162	0.2	0.0	0.053
7163	0.2	0.0	0.050
7164	0.1	0.0	0.049
7165	0.1	0.0	0.045
7166	0.1	0.0	0.040
7167	0.1	0.0	0.036
7168	0.1	0.0	0.034
7169	0.1	0.0	0.035
7170	0.1	0.0	0.044
7171	0.2	0.0	0.049
7172	0.2	0.0	0.060
7173	0.2	0.0	0.062
7174	0.2	0.0	0.058
7175	0.2	0.0	0.035
7176	0.2	0.0	0.022
7177	0.1	0.0	0.015
7178	0.1	0.0	0.008
7179	0.1	0.0	0.003
7180	0.1	0.0	0.002
7181	0.1	0.0	0.007
7182	0.1	0.0	0.017
7183	0.1	0.0	0.047
7184	0.2	0.0	0.050
7185	0.2	0.0	0.050
7186	0.1	0.0	0.053
7187	0.1	0.0	0.050
7188	0.1	0.0	0.049
7189	0.0	0.0	0.045
7190	0.0	0.0	0.040
7191	0.0	0.0	0.036
7192	0.0	0.0	0.034
7193	0.0	0.0	0.035
7194	0.0	0.0	0.044
7195	0.0	0.0	0.049
7196	0.1	0.0	0.060
7197	0.1	0.0	0.062
7198	0.1	0.0	0.058
7199	0.1	0.0	0.035
7200	0.1	0.0	0.022
7201	0.0	0.0	0.015
7202	0.0	0.0	0.008
7203	0.0	0.0	0.003
7204	0.1	0.0	0.002
7205	0.1	0.0	0.007
7206	0.1	0.0	0.017
7207	0.1	0.0	0.047
7208	0.2	0.0	0.050
7209	0.2	0.0	0.050
7210	0.2	0.0	0.053
7211	0.1	0.0	0.050
7212	0.1	0.0	0.049
7213	0.1	0.0	0.045
7214	0.1	0.0	0.040
7215	0.0	0.0	0.036
7216	0.0	0.0	0.034
7217	0.0	0.0	0.035
7218	0.1	0.0	0.044
7219	0.1	0.0	0.049
7220	0.2	0.0	0.060
7221	0.2	0.0	0.062
7222	0.2	0.0	0.058
7223	0.2	0.0	0.035
7224	0.2	0.0	0.022
7225	0.1	0.0	0.015
7226	0.1	0.0	0.008
7227	0.1	0.0	0.003
7228	0.1	0.0	0.002
7229	0.1	0.0	0.007
7230	0.1	0.0	0.017
7231	0.1	0.0	0.047
7232	0.2	0.0	0.050
7233	0.2	0.0	0.050
7234	0.2	0.0	0.053
7235	0.1	0.0	0.050
7236	0.1	0.0	0.049
7237	0.1	0.0	0.045
7238	0.1	0.0	0.040
7239	0.1	0.0	0.036
7240	0.1	0.0	0.034
7241	0.1	0.0	0.035
7242	0.1	0.0	0.044
7243	0.1	0.0	0.049
7244	0.1	0.0	0.060
7245	0.1	0.0	0.062
7246	0.1	0.0	0.058
7247	0.1	0.0	0.035
7248	0.1	0.0	0.022
7249	0.0	0.0	0.015
7250	0.0	0.0	0.008
7251	0.0	0.0	0.003
7252	0.0	0.0	0.002
7253	0.1	0.0	0.007
7254	0.1	0.0	0.017
7255	0.1	0.0	0.047
7256	0.1	0.0	0.050
7257	0.1	0.0	0.050
7258	0.1	0.0	0.053
7259	0.1	0.0	0.050
7260	0.1	0.0	0.049
7261	0.1	0.0	0.045
7262	0.1	0.0	0.040
7263	0.1	0.0	0.036
7264	0.1	0.0	0.034
7265	0.1	0.0	0.035
7266	0.1	0.0	0.044
7267	0.1	0.0	0.049
7268	0.1	0.0	0.060
7269	0.2	0.0	0.062
7270	0.2	0.0	0.058
7271	0.2	0.0	0.035
7272	0.2	0.0	0.022
7273	0.1	0.0	0.015
7274	0.1	0.0	0.008
7275	0.1	0.0	0.003
7276	0.1	0.0	0.002
7277	0.1	0.0	0.007
7278	0.1	0.0	0.017
7279	0.1	0.0	0.047
7280	0.2	0.0	0.050
7281	0.2	0.0	0.050
7282	0.2	0.0	0.053
7283	0.2	0.0	0.050
7284	0.2	0.0	0.049
7285	0.2	0.0	0.045
7286	0.2	0.0	0.040
7287	0.2	0.0	0.036
7288	0.2	0.0	0.034
7289	0.1	0.0	0.035
7290	0.2	0.0	0.044
7291	0.2	0.0	0.049
7292	0.2	0.0	0.060
7293	0.2	0.0	0.062
7294	0.2	0.0	0.058
7295	0.2	0.0	0.035
7296	0.2	0.0	0.022
7297	0.2	0.0	0.015
7298	0.2	0.0	0.008
7299	0.2	0.0	0.003
7300	0.2	0.0	0.002
7301	0.3	0.0	0.007
7302	0.3	0.0	0.017
7303	0.4	0.0	0.047
7304	0.6	0.0	0.050
7305	0.6	0.0	0.050
7306	0.6	0.0	0.053
7307	0.6	0.0	0.050
7308	0.6	0.0	0.049
7309	0.6	0.0	0.045
7310	0.6	0.0	0.040
7311	0.6	0.0	0.036
7312	0.6	0.0	0.034
7313	0.6	0.0	0.035
7314	0.7	0.0	0.044
7315	0.8	0.0	0.049
7316	0.7	0.0	0.060
7317	0.7	0.0	0.062
7318	0.8	0.0	0.058
7319	0.8	0.0	0.035
7320	0.8	0.0	0.022
7321	0.6	0.0	0.015
7322	0.6	0.0	0.008
7323	0.7	0.0	0.003
7324	0.7	0.0	0.002
7325	0.7	0.0	0.007
7326	0.6	0.0	0.017
7327	0.7	0.0	0.047
7328	0.8	0.0	0.050
7329	0.8	0.0	0.050
7330	0.7	0.0	0.053
7331	0.7	0.0	0.050
7332	0.6	0.0	0.049
7333	0.6	0.0	0.045
7334	0.5	0.0	0.040
7335	0.5	0.0	0.036
7336	0.5	0.0	0.034
7337	0.5	0.0	0.035
7338	0.5	0.0	0.044
7339	0.5	0.0	0.049
7340	0.6	0.0	0.060
7341	0.6	0.0	0.062
7342	0.6	0.0	0.058
7343	0.6	0.0	0.035
7344	0.6	0.0	0.022
7345	0.4	0.0	0.015
7346	0.4	0.0	0.008
7347	0.5	0.0	0.003
7348	0.5	0.0	0.002
7349	0.4	0.0	0.007
7350	0.5	0.0	0.017
7351	0.5	0.0	0.047
7352	0.6	0.0	0.050
7353	0.6	0.0	0.050
7354	0.6	0.0	0.053
7355	0.6	0.0	0.050
7356	0.5	0.0	0.049
7357	0.5	0.0	0.045
7358	0.5	0.0	0.040
7359	0.4	0.0	0.036
7360	0.4	0.0	0.034
7361	0.5	0.0	0.035
7362	0.5	0.0	0.044
7363	0.4	0.0	0.049
7364	0.4	0.0	0.060
7365	0.4	0.0	0.062
7366	0.4	0.0	0.058
7367	0.4	0.0	0.035
7368	0.4	0.0	0.022
7369	0.1	0.0	0.015
7370	0.1	0.0	0.008
7371	0.2	0.0	0.003
7372	0.2	0.0	0.002
7373	0.2	0.0	0.007
7374	0.3	0.0	0.017
7375	0.2	0.0	0.047
7376	0.5	0.0	0.050
7377	0.5	0.0	0.050
7378	0.4	0.0	0.053
7379	0.4	0.0	0.050
7380	0.3	0.0	0.049
7381	0.2	0.0	0.045
7382	0.2	0.0	0.040
7383	0.2	0.0	0.036
7384	0.2	0.0	0.034
7385	0.2	0.0	0.035
7386	0.3	0.0	0.044
7387	0.3	0.0	0.049
7388	0.3	0.0	0.060
7389	0.3	0.0	0.062
7390	0.3	0.0	0.058
7391	0.4	0.0	0.035
7392	0.4	0.0	0.022
7393	0.2	0.0	0.015
7394	0.2	0.0	0.008
7395	0.2	0.0	0.003
7396	0.2	0.0	0.002
7397	0.2	0.0	0.007
7398	0.2	0.0	0.017
7399	0.2	0.0	0.047
7400	0.4	0.0	0.050
7401	0.4	0.0	0.050
7402	0.4	0.0	0.053
7403	0.4	0.0	0.050
7404	0.3	0.0	0.049
7405	0.3	0.0	0.045
7406	0.2	0.0	0.040
7407	0.2	0.0	0.036
7408	0.3	0.0	0.034
7409	0.3	0.0	0.035
7410	0.3	0.0	0.044
7411	0.3	0.0	0.049
7412	0.4	0.0	0.060
7413	0.4	0.0	0.062
7414	0.4	0.0	0.058
7415	0.3	0.0	0.035
7416	0.3	0.0	0.022
7417	0.1	0.0	0.015
7418	0.1	0.0	0.008
7419	0.1	0.0	0.003
7420	0.1	0.0	0.002
7421	0.1	0.0	0.007
7422	0.2	0.0	0.017
7423	0.1	0.0	0.047
7424	0.3	0.0	0.050
7425	0.3	0.0	0.050
7426	0.3	0.0	0.053
7427	0.3	0.0	0.050
7428	0.3	0.0	0.049
7429	0.3	0.0	0.045
7430	0.3	0.0	0.040
7431	0.3	0.0	0.036
7432	0.3	0.0	0.034
7433	0.4	0.0	0.035
7434	0.4	0.0	0.044
7435	0.4	0.0	0.049
7436	0.4	0.0	0.060
7437	0.5	0.0	0.062
7438	0.5	0.0	0.058
7439	0.5	0.0	0.035
7440	0.5	0.0	0.022
7441	0.4	0.0	0.015
7442	0.4	0.0	0.008
7443	0.4	0.0	0.003
7444	0.5	0.0	0.002
7445	0.5	0.0	0.007
7446	0.6	0.0	0.017
7447	0.6	0.0	0.047
7448	0.8	0.0	0.050
7449	0.8	0.0	0.050
7450	0.8	0.0	0.053
7451	0.7	0.0	0.050
7452	0.6	0.0	0.049
7453	0.6	0.0	0.045
7454	0.6	0.0	0.040
7455	0.6	0.0	0.036
7456	0.6	0.0	0.034
7457	0.6	0.0	0.035
7458	0.7	0.0	0.044
7459	0.8	0.0	0.049
7460	0.8	0.0	0.060
7461	0.8	0.0	0.062
7462	0.9	0.0	0.058
7463	0.9	0.0	0.035
7464	1.0	0.0	0.022
7465	0.8	0.0	0.015
7466	0.8	0.0	0.008
7467	0.8	0.0	0.003
7468	0.8	0.0	0.002
7469	0.9	0.0	0.007
7470	0.9	0.0	0.017
7471	0.9	0.0	0.047
7472	1.1	0.0	0.050
7473	1.1	0.0	0.050
7474	1.0	0.0	0.053
7475	1.0	0.0	0.050
7476	1.0	0.0	0.049
7477	1.0	0.0	0.045
7478	1.0	0.0	0.040
7479	0.9	0.0	0.036
7480	0.9	0.0	0.034
7481	0.9	0.0	0.035
7482	1.0	0.0	0.044
7483	1.0	0.0	0.049
7484	1.0	0.0	0.060
7485	1.0	0.0	0.062
7486	1.0	0.0	0.058
7487	1.0	0.0	0.035
7488	1.0	0.0	0.022
7489	0.8	0.0	0.015
7490	0.8	0.0	0.008
7491	0.8	0.0	0.003
7492	0.8	0.0	0.002
7493	0.8	0.0	0.007
7494	0.8	0.0	0.017
7495	0.8	0.0	0.047
7496	1.0	0.0	0.050
7497	1.0	0.0	0.050
7498	0.9	0.0	0.053
7499	0.9	0.0	0.050
7500	0.8	0.0	0.049
7501	0.8	0.0	0.045
7502	0.8	0.0	0.040
7503	0.8	0.0	0.036
7504	0.8	0.0	0.034
7505	0.8	0.0	0.035
7506	0.9	0.0	0.044
7507	0.9	0.0	0.049
7508	0.9	0.0	0.060
7509	1.0	0.0	0.062
7510	1.0	0.0	0.058
7511	1.0	0.0	0.035
7512	1.1	0.0	0.022
7513	0.9	0.0	0.015
7514	0.8	0.0	0.008
7515	0.8	0.0	0.003
7516	0.8	0.0	0.002
7517	0.8	0.0	0.007
7518	0.8	0.0	0.017
7519	0.8	0.0	0.047
7520	1.0	0.0	0.050
7521	1.0	0.0	0.050
7522	1.0	0.0	0.053
7523	1.0	0.0	0.050
7524	1.0	0.0	0.049
7525	0.9	0.0	0.045
7526	0.9	0.0	0.040
7527	0.9	0.0	0.036
7528	0.9	0.0	0.034
7529	1.0	0.0	0.035
7530	1.0	0.0	0.044
7531	1.0	0.0	0.049
7532	1.0	0.0	0.060
7533	1.0	0.0	0.062
7534	1.0	0.0	0.058
7535	1.0	0.0	0.035
7536	1.0	0.0	0.022
7537	0.7	0.0	0.015
7538	0.8	0.0	0.008
7539	0.8	0.0	0.003
7540	0.8	0.0	0.002
7541	0.8	0.0	0.007
7542	0.8	0.0	0.017
7543	0.8	0.0	0.047
7544	1.0	0.0	0.050
7545	1.1	0.0	0.050
7546	1.0	0.0	0.053
7547	1.0	0.0	0.050
7548	1.0	0.0	0.049
7549	1.0	0.0	0.045
7550	1.0	0.0	0.040
7551	1.0	0.0	0.036
7552	1.0	0.0	0.034
7553	1.0	0.0	0.035
7554	1.1	0.0	0.044
7555	1.1	0.0	0.049
7556	1.1	0.0	0.060
7557	1.1	0.0	0.062
7558	1.1	0.0	0.058
7559	1.2	0.0	0.035
7560	1.2	0.0	0.022
7561	1.0	0.0	0.015
7562	1.0	0.0	0.008
7563	1.0	0.0	0.003
7564	1.0	0.0	0.002
7565	1.0	0.0	0.007
7566	1.0	0.0	0.017
7567	1.1	0.0	0.047
7568	1.3	0.0	0.050
7569	1.3	0.0	0.050
7570	1.3	0.0	0.053
7571	1.4	0.0	0.050
7572	1.3	0.0	0.049
7573	1.4	0.0	0.045
7574	1.4	0.0	0.040
7575	1.3	0.0	0.036
7576	1.3	0.0	0.034
7577	1.3	0.0	0.035
7578	1.3	0.0	0.044
7579	1.3	0.0	0.049
7580	1.3	0.0	0.060
7581	1.3	0.0	0.062
7582	1.3	0.0	0.058
7583	1.3	0.0	0.035
7584	1.3	0.0	0.022
7585	1.1	0.0	0.015
7586	1.1	0.0	0.008
7587	1.2	0.0	0.003
7588	1.2	0.0	0.002
7589	1.1	0.0	0.007
7590	1.1	0.0	0.017
7591	1.1	0.0	0.047
7592	1.3	0.0	0.050
7593	1.2	0.0	0.050
7594	1.3	0.0	0.053
7595	1.2	0.0	0.050
7596	1.2	0.0	0.049
7597	1.1	0.0	0.045
7598	1.1	0.0	0.040
7599	1.0	0.0	0.036
7600	1.0	0.0	0.034
7601	1.0	0.0	0.035
7602	1.0	0.0	0.044
7603	1.0	0.0	0.049
7604	1.0	0.0	0.060
7605	1.0	0.0	0.062
7606	1.0	0.0	0.058
7607	1.0	0.0	0.035
7608	1.0	0.0	0.022
7609	0.8	0.0	0.015
7610	0.8	0.0	0.008
7611	0.8	0.0	0.003
7612	0.8	0.0	0.002
7613	0.8	0.0	0.007
7614	0.9	0.0	0.017
7615	0.9	0.0	0.047
7616	1.1	0.0	0.050
7617	1.0	0.0	0.050
7618	1.0	0.0	0.053
7619	0.9	0.0	0.050
7620	0.9	0.0	0.049
7621	0.9	0.0	0.045
7622	0.8	0.0	0.040
7623	0.8	0.0	0.036
7624	0.8	0.0	0.034
7625	0.8	0.0	0.035
7626	0.8	0.0	0.044
7627	0.8	0.0	0.049
7628	0.9	0.0	0.060
7629	0.9	0.0	0.062
7630	0.8	0.0	0.058
7631	0.9	0.0	0.035
7632	0.9	0.0	0.022
7633	0.6	0.0	0.015
7634	0.7	0.0	0.008
7635	0.7	0.0	0.003
7636	0.7	0.0	0.002
7637	0.6	0.0	0.007
7638	0.6	0.0	0.017
7639	0.7	0.0	0.047
7640	0.8	0.0	0.050
7641	0.8	0.0	0.050
7642	0.8	0.0	0.053
7643	0.7	0.0	0.050
7644	0.7	0.0	0.049
7645	0.7	0.0	0.045
7646	0.6	0.0	0.040
7647	0.6	0.0	0.036
7648	0.6	0.0	0.034
7649	0.6	0.0	0.035
7650	0.6	0.0	0.044
7651	0.7	0.0	0.049
7652	0.7	0.0	0.060
7653	0.7	0.0	0.062
7654	0.7	0.0	0.058
7655	0.7	0.0	0.035
7656	0.7	0.0	0.022
7657	0.4	0.0	0.015
7658	0.4	0.0	0.008
7659	0.4	0.0	0.003
7660	0.4	0.0	0.002
7661	0.4	0.0	0.007
7662	0.4	0.0	0.017
7663	0.4	0.0	0.047
7664	0.7	0.0	0.050
7665	0.6	0.0	0.050
7666	0.6	0.0	0.053
7667	0.6	0.0	0.050
7668	0.5	0.0	0.049
7669	0.5	0.0	0.045
7670	0.4	0.0	0.040
7671	0.4	0.0	0.036
7672	0.4	0.0	0.034
7673	0.5	0.0	0.035
7674	0.5	0.0	0.044
7675	0.5	0.0	0.049
7676	0.5	0.0	0.060
7677	0.5	0.0	0.062
7678	0.5	0.0	0.058
7679	0.5	0.0	0.035
7680	0.5	0.0	0.022
7681	0.3	0.0	0.015
7682	0.3	0.0	0.008
7683	0.3	0.0	0.003
7684	0.3	0.0	0.002
7685	0.3	0.0	0.007
7686	0.3	0.0	0.017
7687	0.3	0.0	0.047
7688	0.6	0.0	0.050
7689	0.6	0.0	0.050
7690	0.6	0.0	0.053
7691	0.6	0.0	0.050
7692	0.6	0.0	0.049
7693	0.6	0.0	0.045
7694	0.6	0.0	0.040
7695	0.6	0.0	0.036
7696	0.6	0.0	0.034
7697	0.6	0.0	0.035
7698	0.7	0.0	0.044
7699	0.7	0.0	0.049
7700	0.8	0.0	0.060
7701	0.7	0.0	0.062
7702	0.7	0.0	0.058
7703	0.7	0.0	0.035
7704	0.7	0.0	0.022
7705	0.5	0.0	0.015
7706	0.5	0.0	0.008
7707	0.5	0.0	0.003
7708	0.6	0.0	0.002
7709	0.6	0.0	0.007
7710	0.6	0.0	0.017
7711	0.6	0.0	0.047
7712	0.8	0.0	0.050
7713	0.8	0.0	0.050
7714	0.8	0.0	0.053
7715	0.7	0.0	0.050
7716	0.7	0.0	0.049
7717	0.6	0.0	0.045
7718	0.6	0.0	0.040
7719	0.6	0.0	0.036
7720	0.6	0.0	0.034
7721	0.7	0.0	0.035
7722	0.7	0.0	0.044
7723	0.7	0.0	0.049
7724	0.8	0.0	0.060
7725	0.8	0.0	0.062
7726	0.8	0.0	0.058
7727	0.9	0.0	0.035
7728	0.9	0.0	0.022
7729	0.7	0.0	0.015
7730	0.7	0.0	0.008
7731	0.8	0.0	0.003
7732	0.8	0.0	0.002
7733	0.8	0.0	0.007
7734	0.9	0.0	0.017
7735	0.9	0.0	0.047
7736	1.1	0.0	0.050
7737	1.1	0.0	0.050
7738	1.0	0.0	0.053
7739	1.0	0.0	0.050
7740	1.0	0.0	0.049
7741	0.9	0.0	0.045
7742	0.9	0.0	0.040
7743	0.9	0.0	0.036
7744	1.0	0.0	0.034
7745	1.0	0.0	0.035
7746	1.1	0.0	0.044
7747	1.1	0.0	0.049
7748	1.1	0.0	0.060
7749	1.2	0.0	0.062
7750	1.2	0.0	0.058
7751	1.3	0.0	0.035
7752	1.3	0.0	0.022
7753	1.1	0.0	0.015
7754	1.0	0.0	0.008
7755	1.1	0.0	0.003
7756	1.0	0.0	0.002
7757	1.0	0.0	0.007
7758	1.0	0.0	0.017
7759	1.1	0.0	0.047
7760	1.3	0.0	0.050
7761	1.3	0.0	0.050
7762	1.2	0.0	0.053
7763	1.1	0.0	0.050
7764	1.1	0.0	0.049
7765	1.0	0.0	0.045
7766	0.9	0.0	0.040
7767	0.9	0.0	0.036
7768	0.9	0.0	0.034
7769	0.9	0.0	0.035
7770	1.0	0.0	0.044
7771	1.0	0.0	0.049
7772	1.0	0.0	0.060
7773	1.1	0.0	0.062
7774	1.1	0.0	0.058
7775	1.1	0.0	0.035
7776	1.1	0.0	0.022
7777	0.9	0.0	0.015
7778	0.9	0.0	0.008
7779	0.9	0.0	0.003
7780	0.9	0.0	0.002
7781	0.9	0.0	0.007
7782	1.0	0.0	0.017
7783	0.9	0.0	0.047
7784	1.1	0.0	0.050
7785	1.1	0.0	0.050
7786	1.0	0.0	0.053
7787	1.0	0.0	0.050
7788	0.9	0.0	0.049
7789	0.9	0.0	0.045
7790	0.9	0.0	0.040
7791	0.8	0.0	0.036
7792	0.9	0.0	0.034
7793	0.9	0.0	0.035
7794	1.0	0.0	0.044
7795	1.0	0.0	0.049
7796	1.0	0.0	0.060
7797	1.0	0.0	0.062
7798	1.1	0.0	0.058
7799	1.1	0.0	0.035
7800	1.1	0.0	0.022
7801	0.9	0.0	0.015
7802	0.9	0.0	0.008
7803	0.9	0.0	0.003
7804	0.9	0.0	0.002
7805	0.9	0.0	0.007
7806	0.9	0.0	0.017
7807	0.9	0.0	0.047
7808	1.1	0.0	0.050
7809	1.1	0.0	0.050
7810	1.1	0.0	0.053
7811	1.0	0.0	0.050
7812	1.0	0.0	0.049
7813	0.8	0.0	0.045
7814	0.8	0.0	0.040
7815	0.8	0.0	0.036
7816	0.8	0.0	0.034
7817	0.8	0.0	0.035
7818	0.8	0.0	0.044
7819	0.8	0.0	0.049
7820	0.9	0.0	0.060
7821	0.9	0.0	0.062
7822	0.9	0.0	0.058
7823	0.9	0.0	0.035
7824	0.9	0.0	0.022
7825	0.7	0.0	0.015
7826	0.7	0.0	0.008
7827	0.7	0.0	0.003
7828	0.7	0.0	0.002
7829	0.7	0.0	0.007
7830	0.7	0.0	0.017
7831	0.7	0.0	0.047
7832	0.9	0.0	0.050
7833	0.9	0.0	0.050
7834	0.9	0.0	0.053
7835	0.8	0.0	0.050
7836	0.8	0.0	0.049
7837	0.7	0.0	0.045
7838	0.7	0.0	0.040
7839	0.7	0.0	0.036
7840	0.7	0.0	0.034
7841	0.6	0.0	0.035
7842	0.7	0.0	0.044
7843	0.7	0.0	0.049
7844	0.7	0.0	0.060
7845	0.7	0.0	0.062
7846	0.7	0.0	0.058
7847	0.7	0.0	0.035
7848	0.6	0.0	0.022
7849	0.4	0.0	0.015
7850	0.4	0.0	0.008
7851	0.4	0.0	0.003
7852	0.4	0.0	0.002
7853	0.5	0.0	0.007
7854	0.5	0.0	0.017
7855	0.5	0.0	0.047
7856	0.7	0.0	0.050
7857	0.7	0.0	0.050
7858	0.7	0.0	0.053
7859	0.6	0.0	0.050
7860	0.6	0.0	0.049
7861	0.6	0.0	0.045
7862	0.5	0.0	0.040
7863	0.5	0.0	0.036
7864	0.6	0.0	0.034
7865	0.6	0.0	0.035
7866	0.7	0.0	0.044
7867	0.7	0.0	0.049
7868	0.8	0.0	0.060
7869	0.8	0.0	0.062
7870	0.8	0.0	0.058
7871	0.9	0.0	0.035
7872	0.9	0.0	0.022
7873	0.7	0.0	0.015
7874	0.7	0.0	0.008
7875	0.7	0.0	0.003
7876	0.7	0.0	0.002
7877	0.7	0.0	0.007
7878	0.8	0.0	0.017
7879	0.8	0.0	0.047
7880	1.0	0.0	0.050
7881	1.0	0.0	0.050
7882	0.9	0.0	0.053
7883	0.9	0.0	0.050
7884	0.9	0.0	0.049
7885	0.8	0.0	0.045
7886	0.8	0.0	0.040
7887	0.8	0.0	0.036
7888	0.8	0.0	0.034
7889	0.8	0.0	0.035
7890	0.9	0.0	0.044
7891	0.9	0.0	0.049
7892	0.9	0.0	0.060
7893	1.0	0.0	0.062
7894	1.0	0.0	0.058
7895	1.0	0.0	0.035
7896	1.0	0.0	0.022
7897	0.7	0.0	0.015
7898	0.7	0.0	0.008
7899	0.7	0.0	0.003
7900	0.7	0.0	0.002
7901	0.7	0.0	0.007
7902	0.7	0.0	0.017
7903	0.7	0.0	0.047
7904	1.0	0.0	0.050
7905	0.9	0.0	0.050
7906	0.8	0.0	0.053
7907	0.8	0.0	0.050
7908	0.7	0.0	0.049
7909	0.6	0.0	0.045
7910	0.6	0.0	0.040
7911	0.6	0.0	0.036
7912	0.7	0.0	0.034
7913	0.7	0.0	0.035
7914	0.7	0.0	0.044
7915	0.7	0.0	0.049
7916	0.7	0.0	0.060
7917	0.7	0.0	0.062
7918	0.7	0.0	0.058
7919	0.7	0.0	0.035
7920	0.7	0.0	0.022
7921	0.5	0.0	0.015
7922	0.5	0.0	0.008
7923	0.5	0.0	0.003
7924	0.5	0.0	0.002
7925	0.6	0.0	0.007
7926	0.6	0.0	0.017
7927	0.6	0.0	0.047
7928	0.9	0.0	0.050
7929	0.8	0.0	0.050
7930	0.8	0.0	0.053
7931	0.7	0.0	0.050
7932	0.7	0.0	0.049
7933	0.6	0.0	0.045
7934	0.6	0.0	0.040
7935	0.6	0.0	0.036
7936	0.6	0.0	0.034
7937	0.6	0.0	0.035
7938	0.7	0.0	0.044
7939	0.7	0.0	0.049
7940	0.7	0.0	0.060
7941	0.7	0.0	0.062
7942	0.8	0.0	0.058
7943	0.8	0.0	0.035
7944	0.8	0.0	0.022
7945	0.7	0.0	0.015
7946	0.7	0.0	0.008
7947	0.7	0.0	0.003
7948	0.7	0.0	0.002
7949	0.7	0.0	0.007
7950	0.8	0.0	0.017
7951	0.8	0.0	0.047
7952	1.0	0.0	0.050
7953	1.0	0.0	0.050
7954	0.9	0.0	0.053
7955	0.9	0.0	0.050
7956	0.8	0.0	0.049
7957	0.8	0.0	0.045
7958	0.7	0.0	0.040
7959	0.7	0.0	0.036
7960	0.7	0.0	0.034
7961	0.7	0.0	0.035
7962	0.8	0.0	0.044
7963	0.8	0.0	0.049
7964	0.8	0.0	0.060
7965	0.8	0.0	0.062
7966	0.8	0.0	0.058
7967	0.8	0.0	0.035
7968	0.8	0.0	0.022
7969	0.7	0.0	0.015
7970	0.7	0.0	0.008
7971	0.7	0.0	0.003
7972	0.7	0.0	0.002
7973	0.7	0.0	0.007
7974	0.7	0.0	0.017
7975	0.7	0.0	0.047
7976	1.0	0.0	0.050
7977	0.9	0.0	0.050
7978	0.9	0.0	0.053
7979	0.8	0.0	0.050
7980	0.7	0.0	0.049
7981	0.6	0.0	0.045
7982	0.6	0.0	0.040
7983	0.6	0.0	0.036
7984	0.7	0.0	0.034
7985	0.7	0.0	0.035
7986	0.8	0.0	0.044
7987	0.8	0.0	0.049
7988	0.8	0.0	0.060
7989	0.9	0.0	0.062
7990	1.0	0.0	0.058
7991	1.0	0.0	0.035
7992	1.0	0.0	0.022
7993	0.8	0.0	0.015
7994	0.8	0.0	0.008
7995	0.8	0.0	0.003
7996	0.9	0.0	0.002
7997	0.9	0.0	0.007
7998	0.9	0.0	0.017
7999	0.9	0.0	0.047
8000	1.2	0.0	0.050
8001	1.1	0.0	0.050
8002	1.1	0.0	0.053
8003	1.1	0.0	0.050
8004	1.0	0.0	0.049
8005	1.0	0.0	0.045
8006	0.9	0.0	0.040
8007	1.0	0.0	0.036
8008	1.0	0.0	0.034
8009	1.0	0.0	0.035
8010	1.1	0.0	0.044
8011	1.2	0.0	0.049
8012	1.2	0.0	0.060
8013	1.2	0.0	0.062
8014	1.3	0.0	0.058
8015	1.3	0.0	0.035
8016	1.3	0.0	0.022
8017	1.2	0.0	0.015
8018	1.2	0.0	0.008
8019	1.2	0.0	0.003
8020	1.2	0.0	0.002
8021	1.3	0.0	0.007
8022	1.3	0.0	0.017
8023	1.4	0.0	0.047
8024	1.6	0.0	0.050
8025	1.7	0.0	0.050
8026	1.6	0.0	0.053
8027	1.6	0.0	0.050
8028	1.6	0.0	0.049
8029	1.5	0.0	0.045
8030	1.5	0.0	0.040
8031	1.5	0.0	0.036
8032	1.4	0.0	0.034
8033	1.4	0.0	0.035
8034	1.4	0.0	0.044
8035	1.5	0.0	0.049
8036	1.5	0.0	0.060
8037	1.6	0.0	0.062
8038	1.6	0.0	0.058
8039	1.6	0.0	0.035
8040	1.6	0.0	0.022
8041	1.4	0.0	0.015
8042	1.3	0.0	0.008
8043	1.3	0.0	0.003
8044	1.3	0.0	0.002
8045	1.3	0.0	0.007
8046	1.3	0.0	0.017
8047	1.2	0.0	0.047
8048	1.5	0.0	0.050
8049	1.5	0.0	0.050
8050	1.5	0.0	0.053
8051	1.5	0.0	0.050
8052	1.4	0.0	0.049
8053	1.4	0.0	0.045
8054	1.4	0.0	0.040
8055	1.3	0.0	0.036
8056	1.3	0.0	0.034
8057	1.3	0.0	0.035
8058	1.3	0.0	0.044
8059	1.3	0.0	0.049
8060	1.3	0.0	0.060
8061	1.3	0.0	0.062
8062	1.3	0.0	0.058
8063	1.3	0.0	0.035
8064	1.3	0.0	0.022
8065	1.1	0.0	0.015
8066	1.0	0.0	0.008
8067	1.0	0.0	0.003
8068	1.0	0.0	0.002
8069	1.0	0.0	0.007
8070	1.0	0.0	0.017
8071	1.0	0.0	0.047
8072	1.3	0.0	0.050
8073	1.3	0.0	0.050
8074	1.2	0.0	0.053
8075	1.1	0.0	0.050
8076	1.1	0.0	0.049
8077	1.1	0.0	0.045
8078	1.1	0.0	0.040
8079	1.1	0.0	0.036
8080	1.1	0.0	0.034
8081	1.2	0.0	0.035
8082	1.2	0.0	0.044
8083	1.2	0.0	0.049
8084	1.2	0.0	0.060
8085	1.2	0.0	0.062
8086	1.2	0.0	0.058
8087	1.2	0.0	0.035
8088	1.2	0.0	0.022
8089	1.0	0.0	0.015
8090	1.0	0.0	0.008
8091	1.0	0.0	0.003
8092	1.0	0.0	0.002
8093	1.1	0.0	0.007
8094	1.1	0.0	0.017
8095	1.1	0.0	0.047
8096	1.3	0.0	0.050
8097	1.3	0.0	0.050
8098	1.3	0.0	0.053
8099	1.2	0.0	0.050
8100	1.3	0.0	0.049
8101	1.2	0.0	0.045
8102	1.2	0.0	0.040
8103	1.3	0.0	0.036
8104	1.3	0.0	0.034
8105	1.3	0.0	0.035
8106	1.4	0.0	0.044
8107	1.4	0.0	0.049
8108	1.4	0.0	0.060
8109	1.5	0.0	0.062
8110	1.5	0.0	0.058
8111	1.5	0.0	0.035
8112	1.5	0.0	0.022
8113	1.3	0.0	0.015
8114	1.2	0.0	0.008
8115	1.2	0.0	0.003
8116	1.1	0.0	0.002
8117	1.1	0.0	0.007
8118	1.1	0.0	0.017
8119	1.1	0.0	0.047
8120	1.3	0.0	0.050
8121	1.3	0.0	0.050
8122	1.2	0.0	0.053
8123	1.2	0.0	0.050
8124	1.1	0.0	0.049
8125	1.1	0.0	0.045
8126	1.0	0.0	0.040
8127	1.0	0.0	0.036
8128	1.0	0.0	0.034
8129	1.0	0.0	0.035
8130	1.0	0.0	0.044
8131	1.0	0.0	0.049
8132	1.0	0.0	0.060
8133	1.0	0.0	0.062
8134	0.9	0.0	0.058
8135	0.9	0.0	0.035
8136	0.9	0.0	0.022
8137	0.6	0.0	0.015
8138	0.6	0.0	0.008
8139	0.6	0.0	0.003
8140	0.6	0.0	0.002
8141	0.6	0.0	0.007
8142	0.6	0.0	0.017
8143	0.6	0.0	0.047
8144	0.8	0.0	0.050
8145	0.8	0.0	0.050
8146	0.8	0.0	0.053
8147	0.8	0.0	0.050
8148	0.8	0.0	0.049
8149	0.7	0.0	0.045
8150	0.7	0.0	0.040
8151	0.6	0.0	0.036
8152	0.6	0.0	0.034
8153	0.7	0.0	0.035
8154	0.7	0.0	0.044
8155	0.6	0.0	0.049
8156	0.7	0.0	0.060
8157	0.7	0.0	0.062
8158	0.8	0.0	0.058
8159	0.8	0.0	0.035
8160	0.8	0.0	0.022
8161	0.5	0.0	0.015
8162	0.6	0.0	0.008
8163	0.6	0.0	0.003
8164	0.6	0.0	0.002
8165	0.6	0.0	0.007
8166	0.7	0.0	0.017
8167	0.7	0.0	0.047
8168	0.9	0.0	0.050
8169	0.9	0.0	0.050
8170	0.9	0.0	0.053
8171	0.9	0.0	0.050
8172	0.9	0.0	0.049
8173	0.8	0.0	0.045
8174	0.8	0.0	0.040
8175	0.8	0.0	0.036
8176	0.8	0.0	0.034
8177	0.9	0.0	0.035
8178	0.9	0.0	0.044
8179	0.9	0.0	0.049
8180	1.0	0.0	0.060
8181	1.0	0.0	0.062
8182	1.0	0.0	0.058
8183	1.0	0.0	0.035
8184	1.0	0.0	0.022
8185	0.8	0.0	0.015
8186	0.8	0.0	0.008
8187	0.8	0.0	0.003
8188	0.9	0.0	0.002
8189	1.0	0.0	0.007
8190	1.1	0.0	0.017
8191	1.1	0.0	0.047
8192	1.3	0.0	0.050
8193	1.2	0.0	0.050
8194	1.2	0.0	0.053
8195	1.2	0.0	0.050
8196	1.2	0.0	0.049
8197	1.2	0.0	0.045
8198	1.2	0.0	0.040
8199	1.2	0.0	0.036
8200	1.3	0.0	0.034
8201	1.3	0.0	0.035
8202	1.4	0.0	0.044
8203	1.5	0.0	0.049
8204	1.6	0.0	0.060
8205	1.6	0.0	0.062
8206	1.7	0.0	0.058
8207	1.8	0.0	0.035
8208	1.9	0.0	0.022
8209	1.6	0.0	0.015
8210	1.6	0.0	0.008
8211	1.6	0.0	0.003
8212	1.7	0.0	0.002
8213	1.7	0.0	0.007
8214	1.6	0.0	0.017
8215	1.7	0.0	0.047
8216	1.9	0.0	0.050
8217	1.9	0.0	0.050
8218	1.9	0.0	0.053
8219	1.8	0.0	0.050
8220	1.8	0.0	0.049
8221	1.8	0.0	0.045
8222	1.7	0.0	0.040
8223	1.7	0.0	0.036
8224	1.6	0.0	0.034
8225	1.7	0.0	0.035
8226	1.7	0.0	0.044
8227	1.7	0.0	0.049
8228	1.7	0.0	0.060
8229	1.7	0.0	0.062
8230	1.7	0.0	0.058
8231	1.7	0.0	0.035
8232	1.7	0.0	0.022
8233	1.5	0.0	0.015
8234	1.5	0.0	0.008
8235	1.5	0.0	0.003
8236	1.5	0.0	0.002
8237	1.6	0.0	0.007
8238	1.6	0.0	0.017
8239	1.6	0.0	0.047
8240	1.8	0.0	0.050
8241	1.8	0.0	0.050
8242	1.8	0.0	0.053
8243	1.8	0.0	0.050
8244	1.8	0.0	0.049
8245	1.8	0.0	0.045
8246	1.8	0.0	0.040
8247	1.8	0.0	0.036
8248	1.8	0.0	0.034
8249	1.8	0.0	0.035
8250	1.8	0.0	0.044
8251	1.8	0.0	0.049
8252	1.9	0.0	0.060
8253	1.8	0.0	0.062
8254	1.8	0.0	0.058
8255	1.9	0.0	0.035
8256	1.9	0.0	0.022
8257	1.6	0.0	0.015
8258	1.6	0.0	0.008
8259	1.6	0.0	0.003
8260	1.6	0.0	0.002
8261	1.7	0.0	0.007
8262	1.7	0.0	0.017
8263	1.6	0.0	0.047
8264	1.9	0.0	0.050
8265	1.8	0.0	0.050
8266	1.8	0.0	0.053
8267	1.7	0.0	0.050
8268	1.7	0.0	0.049
8269	1.6	0.0	0.045
8270	1.6	0.0	0.040
8271	1.6	0.0	0.036
8272	1.6	0.0	0.034
8273	1.6	0.0	0.035
8274	1.6	0.0	0.044
8275	1.6	0.0	0.049
8276	1.6	0.0	0.060
8277	1.6	0.0	0.062
8278	1.6	0.0	0.058
8279	1.6	0.0	0.035
8280	1.6	0.0	0.022
8281	1.4	0.0	0.015
8282	1.3	0.0	0.008
8283	1.3	0.0	0.003
8284	1.3	0.0	0.002
8285	1.3	0.0	0.007
8286	1.3	0.0	0.017
8287	1.3	0.0	0.047
8288	1.6	0.0	0.050
8289	1.6	0.0	0.050
8290	1.6	0.0	0.053
8291	1.6	0.0	0.050
8292	1.6	0.0	0.049
8293	1.5	0.0	0.045
8294	1.5	0.0	0.040
8295	1.5	0.0	0.036
8296	1.5	0.0	0.034
8297	1.5	0.0	0.035
8298	1.5	0.0	0.044
8299	1.5	0.0	0.049
8300	1.5	0.0	0.060
8301	1.5	0.0	0.062
8302	1.6	0.0	0.058
8303	1.5	0.0	0.035
8304	1.6	0.0	0.022
8305	1.3	0.0	0.015
8306	1.3	0.0	0.008
8307	1.4	0.0	0.003
8308	1.4	0.0	0.002
8309	1.4	0.0	0.007
8310	1.3	0.0	0.017
8311	1.3	0.0	0.047
8312	1.5	0.0	0.050
8313	1.5	0.0	0.050
8314	1.5	0.0	0.053
8315	1.4	0.0	0.050
8316	1.3	0.0	0.049
8317	1.3	0.0	0.045
8318	1.2	0.0	0.040
8319	1.2	0.0	0.036
8320	1.2	0.0	0.034
8321	1.2	0.0	0.035
8322	1.3	0.0	0.044
8323	1.3	0.0	0.049
8324	1.3	0.0	0.060
8325	1.3	0.0	0.062
8326	1.4	0.0	0.058
8327	1.4	0.0	0.035
8328	1.3	0.0	0.022
8329	1.1	0.0	0.015
8330	1.1	0.0	0.008
8331	1.0	0.0	0.003
8332	1.0	0.0	0.002
8333	1.1	0.0	0.007
8334	1.1	0.0	0.017
8335	1.1	0.0	0.047
8336	1.4	0.0	0.050
8337	1.4	0.0	0.050
8338	1.3	0.0	0.053
8339	1.3	0.0	0.050
8340	1.2	0.0	0.049
8341	1.2	0.0	0.045
8342	1.1	0.0	0.040
8343	1.1	0.0	0.036
8344	1.1	0.0	0.034
8345	1.1	0.0	0.035
8346	1.2	0.0	0.044
8347	1.2	0.0	0.049
8348	1.2	0.0	0.060
8349	1.2	0.0	0.062
8350	1.2	0.0	0.058
8351	1.2	0.0	0.035
8352	1.2	0.0	0.022
8353	0.9	0.0	0.015
8354	1.0	0.0	0.008
8355	0.9	0.0	0.003
8356	0.9	0.0	0.002
8357	0.9	0.0	0.007
8358	0.9	0.0	0.017
8359	1.0	0.0	0.047
8360	1.3	0.0	0.050
8361	1.2	0.0	0.050
8362	1.1	0.0	0.053
8363	1.1	0.0	0.050
8364	1.0	0.0	0.049
8365	1.0	0.0	0.045
8366	1.0	0.0	0.040
8367	0.9	0.0	0.036
8368	1.0	0.0	0.034
8369	1.0	0.0	0.035
8370	1.1	0.0	0.044
8371	1.1	0.0	0.049
8372	1.1	0.0	0.060
8373	1.2	0.0	0.062
8374	1.2	0.0	0.058
8375	1.3	0.0	0.035
8376	1.3	0.0	0.022
8377	1.0	0.0	0.015
8378	1.1	0.0	0.008
8379	1.0	0.0	0.003
8380	1.0	0.0	0.002
8381	1.1	0.0	0.007
8382	1.1	0.0	0.017
8383	1.1	0.0	0.047
8384	1.4	0.0	0.050
8385	1.4	0.0	0.050
8386	1.3	0.0	0.053
8387	1.3	0.0	0.050
8388	1.3	0.0	0.049
8389	1.2	0.0	0.045
8390	1.1	0.0	0.040
8391	1.1	0.0	0.036
8392	1.1	0.0	0.034
8393	1.2	0.0	0.035
8394	1.1	0.0	0.044
8395	1.2	0.0	0.049
8396	1.1	0.0	0.060
8397	1.1	0.0	0.062
8398	1.1	0.0	0.058
8399	1.1	0.0	0.035
8400	1.1	0.0	0.022
8401	0.8	0.0	0.015
8402	0.9	0.0	0.008
8403	0.9	0.0	0.003
8404	0.8	0.0	0.002
8405	0.8	0.0	0.007
8406	0.8	0.0	0.017
8407	0.8	0.0	0.047
8408	1.1	0.0	0.050
8409	1.1	0.0	0.050
8410	1.1	0.0	0.053
8411	1.0	0.0	0.050
8412	1.0	0.0	0.049
8413	1.0	0.0	0.045
8414	1.0	0.0	0.040
8415	0.9	0.0	0.036
8416	0.9	0.0	0.034
8417	0.9	0.0	0.035
8418	1.0	0.0	0.044
8419	0.9	0.0	0.049
8420	1.0	0.0	0.060
8421	1.0	0.0	0.062
8422	1.0	0.0	0.058
8423	1.0	0.0	0.035
8424	1.0	0.0	0.022
8425	0.7	0.0	0.015
8426	0.7	0.0	0.008
8427	0.7	0.0	0.003
8428	0.7	0.0	0.002
8429	0.7	0.0	0.007
8430	0.8	0.0	0.017
8431	0.7	0.0	0.047
8432	1.0	0.0	0.050
8433	1.0	0.0	0.050
8434	0.9	0.0	0.053
8435	0.9	0.0	0.050
8436	0.8	0.0	0.049
8437	0.8	0.0	0.045
8438	0.8	0.0	0.040
8439	0.8	0.0	0.036
8440	0.8	0.0	0.034
8441	0.8	0.0	0.035
8442	0.8	0.0	0.044
8443	0.9	0.0	0.049
8444	0.9	0.0	0.060
8445	0.9	0.0	0.062
8446	0.9	0.0	0.058
8447	0.8	0.0	0.035
8448	0.8	0.0	0.022
8449	0.6	0.0	0.015
8450	0.6	0.0	0.008
8451	0.6	0.0	0.003
8452	0.7	0.0	0.002
8453	0.7	0.0	0.007
8454	0.6	0.0	0.017
8455	0.6	0.0	0.047
8456	0.9	0.0	0.050
8457	0.9	0.0	0.050
8458	0.8	0.0	0.053
8459	0.8	0.0	0.050
8460	0.7	0.0	0.049
8461	0.7	0.0	0.045
8462	0.6	0.0	0.040
8463	0.6	0.0	0.036
8464	0.6	0.0	0.034
8465	0.7	0.0	0.035
8466	0.7	0.0	0.044
8467	0.7	0.0	0.049
8468	0.8	0.0	0.060
8469	0.8	0.0	0.062
8470	0.8	0.0	0.058
8471	0.8	0.0	0.035
8472	0.8	0.0	0.022
8473	0.6	0.0	0.015
8474	0.7	0.0	0.008
8475	0.7	0.0	0.003
8476	0.7	0.0	0.002
8477	0.7	0.0	0.007
8478	0.7	0.0	0.017
8479	0.8	0.0	0.047
8480	1.0	0.0	0.050
8481	1.0	0.0	0.050
8482	1.0	0.0	0.053
8483	1.0	0.0	0.050
8484	1.0	0.0	0.049
8485	0.9	0.0	0.045
8486	1.0	0.0	0.040
8487	1.0	0.0	0.036
8488	1.0	0.0	0.034
8489	1.0	0.0	0.035
8490	1.0	0.0	0.044
8491	1.1	0.0	0.049
8492	1.1	0.0	0.060
8493	1.2	0.0	0.062
8494	1.2	0.0	0.058
8495	1.2	0.0	0.035
8496	1.3	0.0	0.022
8497	1.0	0.0	0.015
8498	1.0	0.0	0.008
8499	1.0	0.0	0.003
8500	1.0	0.0	0.002
8501	1.0	0.0	0.007
8502	1.0	0.0	0.017
8503	1.0	0.0	0.047
8504	1.3	0.0	0.050
8505	1.3	0.0	0.050
8506	1.2	0.0	0.053
8507	1.2	0.0	0.050
8508	1.1	0.0	0.049
8509	1.1	0.0	0.045
8510	1.1	0.0	0.040
8511	1.1	0.0	0.036
8512	1.0	0.0	0.034
8513	1.0	0.0	0.035
8514	1.1	0.0	0.044
8515	1.1	0.0	0.049
8516	1.1	0.0	0.060
8517	1.1	0.0	0.062
8518	1.0	0.0	0.058
8519	1.0	0.0	0.035
8520	1.0	0.0	0.022
8521	0.8	0.0	0.015
8522	0.8	0.0	0.008
8523	0.8	0.0	0.003
8524	0.8	0.0	0.002
8525	0.8	0.0	0.007
8526	0.8	0.0	0.017
8527	0.8	0.0	0.047
8528	1.1	0.0	0.050
8529	1.0	0.0	0.050
8530	0.9	0.0	0.053
8531	1.0	0.0	0.050
8532	0.9	0.0	0.049
8533	0.9	0.0	0.045
8534	1.0	0.0	0.040
8535	1.0	0.0	0.036
8536	1.0	0.0	0.034
8537	1.0	0.0	0.035
8538	1.0	0.0	0.044
8539	1.0	0.0	0.049
8540	1.0	0.0	0.060
8541	1.0	0.0	0.062
8542	1.0	0.0	0.058
8543	1.0	0.0	0.035
8544	1.1	0.0	0.022
8545	0.8	0.0	0.015
8546	0.9	0.0	0.008
8547	0.9	0.0	0.003
8548	0.9	0.0	0.002
8549	0.9	0.0	0.007
8550	0.9	0.0	0.017
8551	1.0	0.0	0.047
8552	1.2	0.0	0.050
8553	1.2	0.0	0.050
8554	1.1	0.0	0.053
8555	1.1	0.0	0.050
8556	1.0	0.0	0.049
8557	1.0	0.0	0.045
8558	1.0	0.0	0.040
8559	1.0	0.0	0.036
8560	1.1	0.0	0.034
8561	1.1	0.0	0.035
8562	1.2	0.0	0.044
8563	1.2	0.0	0.049
8564	1.2	0.0	0.060
8565	1.2	0.0	0.062
8566	1.2	0.0	0.058
8567	1.2	0.0	0.035
8568	1.2	0.0	0.022
8569	1.0	0.0	0.015
8570	1.0	0.0	0.008
8571	1.0	0.0	0.003
8572	1.0	0.0	0.002
8573	1.0	0.0	0.007
8574	1.0	0.0	0.017
8575	1.1	0.0	0.047
8576	1.3	0.0	0.050
8577	1.3	0.0	0.050
8578	1.2	0.0	0.053
8579	1.2	0.0	0.050
8580	1.1	0.0	0.049
8581	1.0	0.0	0.045
8582	1.0	0.0	0.040
8583	0.9	0.0	0.036
8584	0.9	0.0	0.034
8585	1.0	0.0	0.035
8586	1.0	0.0	0.044
8587	1.1	0.0	0.049
8588	1.2	0.0	0.060
8589	1.1	0.0	0.062
8590	1.1	0.0	0.058
8591	1.1	0.0	0.035
8592	1.2	0.0	0.022
8593	0.9	0.0	0.015
8594	0.9	0.0	0.008
8595	0.8	0.0	0.003
8596	0.8	0.0	0.002
8597	0.8	0.0	0.007
8598	0.8	0.0	0.017
8599	0.8	0.0	0.047
8600	1.0	0.0	0.050
8601	1.0	0.0	0.050
8602	1.0	0.0	0.053
8603	0.9	0.0	0.050
8604	0.8	0.0	0.049
8605	0.8	0.0	0.045
8606	0.7	0.0	0.040
8607	0.7	0.0	0.036
8608	0.8	0.0	0.034
8609	0.8	0.0	0.035
8610	0.9	0.0	0.044
8611	0.9	0.0	0.049
8612	0.9	0.0	0.060
8613	0.8	0.0	0.062
8614	0.8	0.0	0.058
8615	0.9	0.0	0.035
8616	0.9	0.0	0.022
8617	0.7	0.0	0.015
8618	0.6	0.0	0.008
8619	0.6	0.0	0.003
8620	0.6	0.0	0.002
8621	0.6	0.0	0.007
8622	0.7	0.0	0.017
8623	0.6	0.0	0.047
8624	0.9	0.0	0.050
8625	0.9	0.0	0.050
8626	0.8	0.0	0.053
8627	0.7	0.0	0.050
8628	0.7	0.0	0.049
8629	0.7	0.0	0.045
8630	0.6	0.0	0.040
8631	0.6	0.0	0.036
8632	0.7	0.0	0.034
8633	0.7	0.0	0.035
8634	0.7	0.0	0.044
8635	0.8	0.0	0.049
8636	0.8	0.0	0.060
8637	0.8	0.0	0.062
8638	0.9	0.0	0.058
8639	0.9	0.0	0.035
8640	1.0	0.0	0.022
8641	0.7	0.0	0.015
8642	0.7	0.0	0.008
8643	0.7	0.0	0.003
8644	0.7	0.0	0.002
8645	0.7	0.0	0.007
8646	0.7	0.0	0.017
8647	0.8	0.0	0.047
8648	1.0	0.0	0.050
8649	1.0	0.0	0.050
8650	1.0	0.0	0.053
8651	0.9	0.0	0.050
8652	0.8	0.0	0.049
8653	0.8	0.0	0.045
8654	0.8	0.0	0.040
8655	0.7	0.0	0.036
8656	0.7	0.0	0.034
8657	0.7	0.0	0.035
8658	0.8	0.0	0.044
8659	0.8	0.0	0.049
8660	0.7	0.0	0.060
8661	0.8	0.0	0.062
8662	0.8	0.0	0.058
8663	0.8	0.0	0.035
8664	0.8	0.0	0.022
8665	0.5	0.0	0.015
8666	0.5	0.0	0.008
8667	0.5	0.0	0.003
8668	0.5	0.0	0.002
8669	0.4	0.0	0.007
8670	0.4	0.0	0.017
8671	0.4	0.0	0.047
8672	0.7	0.0	0.050
8673	0.7	0.0	0.050
8674	0.7	0.0	0.053
8675	0.7	0.0	0.050
8676	0.6	0.0	0.049
8677	0.6	0.0	0.045
8678	0.6	0.0	0.040
8679	0.6	0.0	0.036
8680	0.6	0.0	0.034
8681	0.6	0.0	0.035
8682	0.5	0.0	0.044
8683	0.5	0.0	0.049
8684	0.5	0.0	0.060
8685	0.5	0.0	0.062
8686	0.5	0.0	0.058
8687	0.5	0.0	0.035
8688	0.5	0.0	0.022
8689	0.2	0.0	0.015
8690	0.2	0.0	0.008
8691	0.2	0.0	0.003
8692	0.2	0.0	0.002
8693	0.2	0.0	0.007
8694	0.3	0.0	0.017
8695	0.2	0.0	0.047
8696	0.5	0.0	0.050
8697	0.5	0.0	0.050
8698	0.5	0.0	0.053
8699	0.5	0.0	0.050
8700	0.5	0.0	0.049
8701	0.5	0.0	0.045
8702	0.6	0.0	0.040
8703	0.6	0.0	0.036
8704	0.7	0.0	0.034
8705	0.7	0.0	0.035
8706	0.8	0.0	0.044
8707	0.8	0.0	0.049
8708	0.8	0.0	0.060
8709	0.8	0.0	0.062
8710	0.8	0.0	0.058
8711	0.8	0.0	0.035
8712	0.8	0.0	0.022
8713	0.6	0.0	0.015
8714	0.6	0.0	0.008
8715	0.6	0.0	0.003
8716	0.7	0.0	0.002
8717	0.7	0.0	0.007
8718	0.8	0.0	0.017
8719	0.8	0.0	0.047
8720	1.1	0.0	0.050
8721	1.1	0.0	0.050
8722	1.1	0.0	0.053
8723	1.1	0.0	0.050
8724	1.1	0.0	0.049
8725	1.0	0.0	0.045
8726	1.0	0.0	0.040
8727	1.0	0.0	0.036
8728	1.1	0.0	0.034
8729	1.1	0.0	0.035
8730	1.2	0.0	0.044
8731	1.2	0.0	0.049
8732	1.2	0.0	0.060
8733	1.2	0.0	0.062
8734	1.3	0.0	0.058
8735	1.3	0.0	0.035
8736	1.3	0.0	0.022
8737	1.1	0.0	0.015
8738	1.1	0.0	0.008
8739	1.1	0.0	0.003
8740	1.1	0.0	0.002
8741	1.2	0.0	0.007
8742	1.2	0.0	0.017
8743	1.2	0.0	0.047
8744	1.4	0.0	0.050
8745	1.5	0.0	0.050
8746	1.5	0.0	0.053
8747	1.4	0.0	0.050
8748	1.4	0.0	0.049
8749	1.5	0.0	0.045
8750	1.5	0.0	0.040
8751	1.5	0.0	0.036
8752	1.5	0.0	0.034
8753	1.4	0.0	0.035
8754	1.5	0.0	0.044
8755	1.5	0.0	0.049
8756	1.6	0.0	0.060
8757	1.6	0.0	0.062
8758	1.7	0.0	0.058
8759	1.8	0.0	0.035
8760	1.8	0.0	0.022
