# HOY	Heat Demand	Load duration curve	Dhw Demand
# [h]	[kWh / h]	[kWh / h]	[kWh / h]
1	2.7	4.1	0.158
2	2.7	4.1	0.086
3	2.8	4.0	0.034
4	2.8	4.0	0.024
5	2.8	4.0	0.073
6	2.8	4.0	0.183
7	2.8	3.9	0.494
8	2.8	3.9	0.528
9	2.8	3.9	0.531
10	2.6	3.9	0.556
11	2.6	3.9	0.531
12	2.5	3.9	0.515
13	2.4	3.9	0.476
14	2.4	3.9	0.419
15	2.4	3.8	0.382
16	2.5	3.8	0.356
17	2.6	3.8	0.370
18	2.9	3.8	0.459
19	3.0	3.8	0.512
20	3.1	3.8	0.634
21	3.1	3.8	0.651
22	3.2	3.8	0.607
23	3.3	3.8	0.365
24	3.4	3.8	0.229
25	3.5	3.8	0.158
26	3.4	3.8	0.086
27	3.5	3.8	0.034
28	3.5	3.8	0.024
29	3.4	3.7	0.073
30	3.4	3.7	0.183
31	3.4	3.7	0.494
32	3.5	3.7	0.528
33	3.4	3.7	0.531
34	3.3	3.7	0.556
35	3.2	3.7	0.531
36	3.1	3.7	0.515
37	3.0	3.7	0.476
38	3.0	3.7	0.419
39	2.9	3.7	0.382
40	2.9	3.7	0.356
41	3.1	3.7	0.370
42	3.2	3.7	0.459
43	3.2	3.7	0.512
44	3.2	3.7	0.634
45	3.3	3.7	0.651
46	3.3	3.7	0.607
47	3.3	3.7	0.365
48	3.3	3.7	0.229
49	3.3	3.7	0.158
50	3.3	3.7	0.086
51	3.3	3.7	0.034
52	3.4	3.7	0.024
53	3.4	3.7	0.073
54	3.4	3.7	0.183
55	3.5	3.7	0.494
56	3.4	3.7	0.528
57	3.4	3.7	0.531
58	3.4	3.7	0.556
59	3.3	3.7	0.531
60	3.3	3.7	0.515
61	3.2	3.7	0.476
62	3.1	3.7	0.419
63	3.0	3.6	0.382
64	3.0	3.6	0.356
65	3.0	3.6	0.370
66	3.2	3.6	0.459
67	3.3	3.6	0.512
68	3.3	3.6	0.634
69	3.5	3.6	0.651
70	3.5	3.6	0.607
71	3.6	3.6	0.365
72	3.6	3.6	0.229
73	3.7	3.6	0.158
74	3.7	3.6	0.086
75	3.7	3.6	0.034
76	3.7	3.6	0.024
77	3.7	3.6	0.073
78	3.7	3.6	0.183
79	3.6	3.6	0.494
80	3.5	3.6	0.528
81	3.4	3.6	0.531
82	3.2	3.6	0.556
83	2.9	3.6	0.531
84	2.7	3.5	0.515
85	2.5	3.5	0.476
86	2.4	3.5	0.419
87	2.4	3.5	0.382
88	2.4	3.5	0.356
89	2.4	3.5	0.370
90	2.5	3.5	0.459
91	2.5	3.5	0.512
92	2.4	3.5	0.634
93	2.5	3.5	0.651
94	2.5	3.5	0.607
95	2.5	3.5	0.365
96	2.5	3.5	0.229
97	2.5	3.5	0.158
98	2.6	3.5	0.086
99	2.7	3.5	0.034
100	2.7	3.5	0.024
101	2.8	3.5	0.073
102	2.9	3.5	0.183
103	3.0	3.4	0.494
104	3.0	3.4	0.528
105	3.1	3.4	0.531
106	3.0	3.4	0.556
107	3.1	3.4	0.531
108	3.1	3.4	0.515
109	3.1	3.4	0.476
110	3.2	3.4	0.419
111	3.4	3.4	0.382
112	3.4	3.4	0.356
113	3.5	3.4	0.370
114	3.7	3.4	0.459
115	3.7	3.4	0.512
116	3.6	3.4	0.634
117	3.7	3.4	0.651
118	3.9	3.4	0.607
119	4.0	3.4	0.365
120	4.0	3.4	0.229
121	4.1	3.4	0.158
122	4.1	3.4	0.086
123	4.0	3.4	0.034
124	4.0	3.4	0.024
125	3.9	3.4	0.073
126	3.7	3.4	0.183
127	3.7	3.3	0.494
128	3.7	3.3	0.528
129	3.6	3.3	0.531
130	3.5	3.3	0.556
131	3.3	3.3	0.531
132	3.1	3.3	0.515
133	2.9	3.3	0.476
134	2.7	3.3	0.419
135	2.6	3.3	0.382
136	2.5	3.3	0.356
137	2.5	3.3	0.370
138	2.5	3.3	0.459
139	2.4	3.3	0.512
140	2.4	3.3	0.634
141	2.5	3.3	0.651
142	2.5	3.3	0.607
143	2.5	3.3	0.365
144	2.4	3.3	0.229
145	2.4	3.3	0.158
146	2.5	3.3	0.086
147	2.5	3.3	0.034
148	2.5	3.3	0.024
149	2.6	3.3	0.073
150	2.6	3.3	0.183
151	2.6	3.3	0.494
152	2.6	3.3	0.528
153	2.6	3.3	0.531
154	2.4	3.3	0.556
155	2.3	3.3	0.531
156	2.2	3.3	0.515
157	2.1	3.3	0.476
158	2.0	3.3	0.419
159	1.9	3.3	0.382
160	1.9	3.3	0.356
161	2.0	3.3	0.370
162	2.2	3.3	0.459
163	2.3	3.3	0.512
164	2.4	3.3	0.634
165	2.5	3.3	0.651
166	2.5	3.3	0.607
167	2.7	3.3	0.365
168	2.7	3.3	0.229
169	2.8	3.3	0.158
170	2.8	3.3	0.086
171	2.8	3.3	0.034
172	2.7	3.3	0.024
173	2.6	3.3	0.073
174	2.5	3.3	0.183
175	2.5	3.2	0.494
176	2.5	3.2	0.528
177	2.5	3.2	0.531
178	2.4	3.2	0.556
179	2.3	3.2	0.531
180	2.2	3.2	0.515
181	2.2	3.2	0.476
182	2.2	3.2	0.419
183	2.2	3.2	0.382
184	2.2	3.2	0.356
185	2.2	3.2	0.370
186	2.2	3.2	0.459
187	2.3	3.2	0.512
188	2.1	3.2	0.634
189	2.1	3.2	0.651
190	2.0	3.2	0.607
191	2.0	3.2	0.365
192	1.9	3.2	0.229
193	1.8	3.2	0.158
194	1.8	3.2	0.086
195	1.8	3.2	0.034
196	1.9	3.2	0.024
197	1.8	3.2	0.073
198	1.7	3.2	0.183
199	1.8	3.2	0.494
200	1.8	3.2	0.528
201	1.8	3.2	0.531
202	1.7	3.2	0.556
203	1.6	3.2	0.531
204	1.7	3.2	0.515
205	1.6	3.2	0.476
206	1.5	3.2	0.419
207	1.4	3.2	0.382
208	1.3	3.2	0.356
209	1.3	3.2	0.370
210	1.3	3.2	0.459
211	1.3	3.2	0.512
212	1.3	3.2	0.634
213	1.3	3.2	0.651
214	1.3	3.2	0.607
215	1.3	3.2	0.365
216	1.2	3.2	0.229
217	1.2	3.2	0.158
218	1.3	3.2	0.086
219	1.3	3.2	0.034
220	1.4	3.1	0.024
221	1.5	3.1	0.073
222	1.5	3.1	0.183
223	1.6	3.1	0.494
224	1.7	3.1	0.528
225	1.7	3.1	0.531
226	1.7	3.1	0.556
227	1.7	3.1	0.531
228	1.7	3.1	0.515
229	1.6	3.1	0.476
230	1.7	3.1	0.419
231	1.6	3.1	0.382
232	1.8	3.1	0.356
233	1.9	3.1	0.370
234	2.1	3.1	0.459
235	2.1	3.1	0.512
236	2.2	3.1	0.634
237	2.3	3.1	0.651
238	2.5	3.1	0.607
239	2.7	3.1	0.365
240	2.8	3.1	0.229
241	2.9	3.1	0.158
242	2.9	3.1	0.086
243	2.9	3.1	0.034
244	2.9	3.1	0.024
245	2.9	3.1	0.073
246	2.8	3.1	0.183
247	2.8	3.1	0.494
248	2.8	3.1	0.528
249	2.8	3.1	0.531
250	2.7	3.1	0.556
251	2.7	3.1	0.531
252	2.5	3.1	0.515
253	2.4	3.1	0.476
254	2.3	3.1	0.419
255	2.3	3.1	0.382
256	2.4	3.1	0.356
257	2.6	3.1	0.370
258	2.6	3.1	0.459
259	2.6	3.1	0.512
260	2.7	3.1	0.634
261	2.8	3.1	0.651
262	2.9	3.1	0.607
263	2.9	3.1	0.365
264	2.9	3.1	0.229
265	2.9	3.1	0.158
266	2.9	3.1	0.086
267	2.9	3.1	0.034
268	2.9	3.1	0.024
269	2.8	3.1	0.073
270	2.9	3.1	0.183
271	2.9	3.1	0.494
272	2.9	3.1	0.528
273	2.9	3.1	0.531
274	2.8	3.1	0.556
275	2.7	3.1	0.531
276	2.5	3.1	0.515
277	2.4	3.1	0.476
278	2.3	3.1	0.419
279	2.3	3.1	0.382
280	2.3	3.0	0.356
281	2.2	3.0	0.370
282	2.3	3.0	0.459
283	2.3	3.0	0.512
284	2.3	3.0	0.634
285	2.4	3.0	0.651
286	2.4	3.0	0.607
287	2.4	3.0	0.365
288	2.4	3.0	0.229
289	2.3	3.0	0.158
290	2.3	3.0	0.086
291	2.3	3.0	0.034
292	2.3	3.0	0.024
293	2.4	3.0	0.073
294	2.4	3.0	0.183
295	2.3	3.0	0.494
296	2.3	3.0	0.528
297	2.3	3.0	0.531
298	2.3	3.0	0.556
299	2.2	3.0	0.531
300	2.1	3.0	0.515
301	2.0	3.0	0.476
302	2.0	3.0	0.419
303	1.9	3.0	0.382
304	1.9	3.0	0.356
305	2.0	3.0	0.370
306	1.9	3.0	0.459
307	2.0	3.0	0.512
308	2.0	3.0	0.634
309	2.0	3.0	0.651
310	2.1	3.0	0.607
311	2.1	3.0	0.365
312	2.2	3.0	0.229
313	2.2	3.0	0.158
314	2.2	3.0	0.086
315	2.2	3.0	0.034
316	2.1	3.0	0.024
317	2.1	3.0	0.073
318	2.0	3.0	0.183
319	2.1	3.0	0.494
320	2.1	3.0	0.528
321	2.1	3.0	0.531
322	2.1	3.0	0.556
323	2.1	3.0	0.531
324	2.1	3.0	0.515
325	2.0	3.0	0.476
326	2.0	3.0	0.419
327	1.8	3.0	0.382
328	1.8	3.0	0.356
329	1.8	3.0	0.370
330	1.9	3.0	0.459
331	1.9	3.0	0.512
332	2.0	3.0	0.634
333	2.0	3.0	0.651
334	2.0	3.0	0.607
335	2.1	3.0	0.365
336	2.0	3.0	0.229
337	2.0	3.0	0.158
338	2.1	3.0	0.086
339	2.2	3.0	0.034
340	2.2	3.0	0.024
341	2.3	3.0	0.073
342	2.3	3.0	0.183
343	2.3	3.0	0.494
344	2.4	3.0	0.528
345	2.4	3.0	0.531
346	2.4	3.0	0.556
347	2.4	3.0	0.531
348	2.3	3.0	0.515
349	2.3	3.0	0.476
350	2.3	3.0	0.419
351	2.4	3.0	0.382
352	2.4	3.0	0.356
353	2.5	3.0	0.370
354	2.5	2.9	0.459
355	2.6	2.9	0.512
356	2.7	2.9	0.634
357	2.6	2.9	0.651
358	2.7	2.9	0.607
359	2.7	2.9	0.365
360	2.7	2.9	0.229
361	2.6	2.9	0.158
362	2.7	2.9	0.086
363	2.8	2.9	0.034
364	2.7	2.9	0.024
365	2.7	2.9	0.073
366	2.8	2.9	0.183
367	2.8	2.9	0.494
368	2.9	2.9	0.528
369	2.8	2.9	0.531
370	2.9	2.9	0.556
371	2.7	2.9	0.531
372	2.6	2.9	0.515
373	2.6	2.9	0.476
374	2.5	2.9	0.419
375	2.5	2.9	0.382
376	2.6	2.9	0.356
377	2.8	2.9	0.370
378	3.0	2.9	0.459
379	3.0	2.9	0.512
380	3.1	2.9	0.634
381	3.1	2.9	0.651
382	3.3	2.9	0.607
383	3.4	2.9	0.365
384	3.5	2.9	0.229
385	3.7	2.9	0.158
386	3.7	2.9	0.086
387	3.7	2.9	0.034
388	3.7	2.9	0.024
389	3.7	2.9	0.073
390	3.6	2.9	0.183
391	3.6	2.9	0.494
392	3.6	2.9	0.528
393	3.4	2.9	0.531
394	3.3	2.9	0.556
395	3.1	2.9	0.531
396	3.0	2.9	0.515
397	2.7	2.9	0.476
398	2.5	2.9	0.419
399	2.6	2.9	0.382
400	2.5	2.9	0.356
401	2.5	2.9	0.370
402	2.6	2.9	0.459
403	2.5	2.9	0.512
404	2.5	2.9	0.634
405	2.7	2.9	0.651
406	2.6	2.9	0.607
407	2.6	2.9	0.365
408	2.5	2.9	0.229
409	2.4	2.9	0.158
410	2.5	2.9	0.086
411	2.5	2.9	0.034
412	2.5	2.9	0.024
413	2.6	2.9	0.073
414	2.6	2.9	0.183
415	2.7	2.9	0.494
416	2.7	2.9	0.528
417	2.7	2.9	0.531
418	2.6	2.9	0.556
419	2.6	2.9	0.531
420	2.5	2.9	0.515
421	2.4	2.9	0.476
422	2.4	2.9	0.419
423	2.4	2.9	0.382
424	2.5	2.9	0.356
425	2.6	2.9	0.370
426	2.6	2.9	0.459
427	2.7	2.9	0.512
428	2.7	2.9	0.634
429	2.9	2.9	0.651
430	2.9	2.9	0.607
431	2.9	2.9	0.365
432	2.9	2.9	0.229
433	2.9	2.9	0.158
434	3.0	2.9	0.086
435	3.1	2.9	0.034
436	3.2	2.9	0.024
437	3.1	2.9	0.073
438	3.1	2.9	0.183
439	3.0	2.9	0.494
440	3.0	2.9	0.528
441	3.0	2.9	0.531
442	3.0	2.9	0.556
443	3.0	2.9	0.531
444	2.9	2.9	0.515
445	2.8	2.9	0.476
446	2.7	2.9	0.419
447	2.6	2.9	0.382
448	2.7	2.9	0.356
449	2.6	2.8	0.370
450	2.6	2.8	0.459
451	2.7	2.8	0.512
452	2.8	2.8	0.634
453	2.9	2.8	0.651
454	2.9	2.8	0.607
455	2.9	2.8	0.365
456	2.8	2.8	0.229
457	2.9	2.8	0.158
458	3.0	2.8	0.086
459	3.0	2.8	0.034
460	3.1	2.8	0.024
461	3.1	2.8	0.073
462	3.1	2.8	0.183
463	3.1	2.8	0.494
464	3.1	2.8	0.528
465	3.1	2.8	0.531
466	3.0	2.8	0.556
467	2.9	2.8	0.531
468	2.8	2.8	0.515
469	2.7	2.8	0.476
470	2.6	2.8	0.419
471	2.5	2.8	0.382
472	2.5	2.8	0.356
473	2.5	2.8	0.370
474	2.5	2.8	0.459
475	2.5	2.8	0.512
476	2.6	2.8	0.634
477	2.6	2.8	0.651
478	2.6	2.8	0.607
479	2.6	2.8	0.365
480	2.6	2.8	0.229
481	2.6	2.8	0.158
482	2.8	2.8	0.086
483	2.8	2.8	0.034
484	2.9	2.8	0.024
485	2.9	2.8	0.073
486	2.9	2.8	0.183
487	2.9	2.8	0.494
488	2.9	2.8	0.528
489	2.8	2.8	0.531
490	2.7	2.8	0.556
491	2.6	2.8	0.531
492	2.4	2.8	0.515
493	2.5	2.8	0.476
494	2.4	2.8	0.419
495	2.4	2.8	0.382
496	2.4	2.8	0.356
497	2.4	2.8	0.370
498	2.5	2.8	0.459
499	2.5	2.8	0.512
500	2.7	2.8	0.634
501	2.7	2.8	0.651
502	2.8	2.8	0.607
503	2.8	2.8	0.365
504	2.9	2.8	0.229
505	2.9	2.8	0.158
506	2.9	2.8	0.086
507	2.9	2.8	0.034
508	2.9	2.8	0.024
509	3.0	2.8	0.073
510	3.1	2.8	0.183
511	3.1	2.8	0.494
512	3.2	2.8	0.528
513	3.1	2.8	0.531
514	3.0	2.8	0.556
515	2.9	2.8	0.531
516	2.8	2.8	0.515
517	2.8	2.8	0.476
518	2.7	2.8	0.419
519	2.7	2.8	0.382
520	2.8	2.8	0.356
521	2.8	2.8	0.370
522	2.8	2.8	0.459
523	2.9	2.8	0.512
524	2.9	2.8	0.634
525	2.9	2.8	0.651
526	3.0	2.8	0.607
527	3.0	2.8	0.365
528	3.1	2.8	0.229
529	3.2	2.7	0.158
530	3.2	2.7	0.086
531	3.3	2.7	0.034
532	3.2	2.7	0.024
533	3.2	2.7	0.073
534	3.2	2.7	0.183
535	3.3	2.7	0.494
536	3.3	2.7	0.528
537	3.2	2.7	0.531
538	3.1	2.7	0.556
539	2.9	2.7	0.531
540	2.7	2.7	0.515
541	2.6	2.7	0.476
542	2.4	2.7	0.419
543	2.4	2.7	0.382
544	2.5	2.7	0.356
545	2.5	2.7	0.370
546	2.6	2.7	0.459
547	2.6	2.7	0.512
548	2.7	2.7	0.634
549	2.7	2.7	0.651
550	2.8	2.7	0.607
551	2.9	2.7	0.365
552	3.0	2.7	0.229
553	3.0	2.7	0.158
554	3.0	2.7	0.086
555	3.0	2.7	0.034
556	3.0	2.7	0.024
557	3.1	2.7	0.073
558	3.1	2.7	0.183
559	3.1	2.7	0.494
560	3.0	2.7	0.528
561	2.9	2.7	0.531
562	2.8	2.7	0.556
563	2.8	2.7	0.531
564	2.7	2.7	0.515
565	2.6	2.7	0.476
566	2.6	2.7	0.419
567	2.5	2.7	0.382
568	2.5	2.7	0.356
569	2.6	2.7	0.370
570	2.6	2.7	0.459
571	2.6	2.7	0.512
572	2.7	2.7	0.634
573	2.6	2.7	0.651
574	2.7	2.7	0.607
575	2.7	2.7	0.365
576	2.6	2.7	0.229
577	2.6	2.7	0.158
578	2.7	2.7	0.086
579	2.7	2.7	0.034
580	2.6	2.7	0.024
581	2.5	2.7	0.073
582	2.5	2.7	0.183
583	2.5	2.7	0.494
584	2.4	2.7	0.528
585	2.4	2.7	0.531
586	2.3	2.7	0.556
587	2.2	2.7	0.531
588	2.1	2.7	0.515
589	2.0	2.7	0.476
590	1.9	2.7	0.419
591	1.8	2.7	0.382
592	1.8	2.7	0.356
593	1.8	2.7	0.370
594	1.8	2.7	0.459
595	1.8	2.7	0.512
596	1.8	2.7	0.634
597	1.8	2.7	0.651
598	1.9	2.7	0.607
599	2.0	2.7	0.365
600	2.0	2.7	0.229
601	2.0	2.7	0.158
602	2.1	2.7	0.086
603	2.2	2.7	0.034
604	2.2	2.7	0.024
605	2.3	2.7	0.073
606	2.3	2.7	0.183
607	2.3	2.7	0.494
608	2.3	2.7	0.528
609	2.4	2.7	0.531
610	2.3	2.7	0.556
611	2.3	2.7	0.531
612	2.3	2.7	0.515
613	2.3	2.7	0.476
614	2.2	2.7	0.419
615	2.2	2.7	0.382
616	2.1	2.7	0.356
617	2.3	2.7	0.370
618	2.3	2.7	0.459
619	2.5	2.7	0.512
620	2.5	2.7	0.634
621	2.7	2.7	0.651
622	2.8	2.7	0.607
623	2.8	2.7	0.365
624	2.9	2.7	0.229
625	3.0	2.7	0.158
626	3.0	2.7	0.086
627	3.0	2.7	0.034
628	2.9	2.7	0.024
629	2.9	2.7	0.073
630	2.9	2.7	0.183
631	2.8	2.7	0.494
632	2.8	2.7	0.528
633	2.7	2.7	0.531
634	2.7	2.7	0.556
635	2.5	2.6	0.531
636	2.3	2.6	0.515
637	2.3	2.6	0.476
638	2.3	2.6	0.419
639	2.3	2.6	0.382
640	2.3	2.6	0.356
641	2.3	2.6	0.370
642	2.4	2.6	0.459
643	2.5	2.6	0.512
644	2.5	2.6	0.634
645	2.5	2.6	0.651
646	2.4	2.6	0.607
647	2.4	2.6	0.365
648	2.4	2.6	0.229
649	2.4	2.6	0.158
650	2.5	2.6	0.086
651	2.5	2.6	0.034
652	2.5	2.6	0.024
653	2.6	2.6	0.073
654	2.7	2.6	0.183
655	2.6	2.6	0.494
656	2.6	2.6	0.528
657	2.6	2.6	0.531
658	2.6	2.6	0.556
659	2.5	2.6	0.531
660	2.5	2.6	0.515
661	2.4	2.6	0.476
662	2.4	2.6	0.419
663	2.5	2.6	0.382
664	2.4	2.6	0.356
665	2.6	2.6	0.370
666	2.6	2.6	0.459
667	2.8	2.6	0.512
668	2.9	2.6	0.634
669	3.0	2.6	0.651
670	3.1	2.6	0.607
671	3.3	2.6	0.365
672	3.3	2.6	0.229
673	3.3	2.6	0.158
674	3.2	2.6	0.086
675	3.2	2.6	0.034
676	3.1	2.6	0.024
677	2.9	2.6	0.073
678	2.7	2.6	0.183
679	2.7	2.6	0.494
680	2.7	2.6	0.528
681	2.7	2.6	0.531
682	2.6	2.6	0.556
683	2.5	2.6	0.531
684	2.3	2.6	0.515
685	2.3	2.6	0.476
686	2.3	2.6	0.419
687	2.2	2.6	0.382
688	2.0	2.6	0.356
689	1.9	2.6	0.370
690	1.9	2.6	0.459
691	1.8	2.6	0.512
692	1.8	2.6	0.634
693	1.6	2.6	0.651
694	1.5	2.6	0.607
695	1.4	2.6	0.365
696	1.3	2.6	0.229
697	1.3	2.6	0.158
698	1.3	2.6	0.086
699	1.4	2.6	0.034
700	1.4	2.6	0.024
701	1.4	2.6	0.073
702	1.4	2.6	0.183
703	1.5	2.6	0.494
704	1.5	2.6	0.528
705	1.5	2.6	0.531
706	1.5	2.6	0.556
707	1.5	2.6	0.531
708	1.4	2.6	0.515
709	1.3	2.6	0.476
710	1.3	2.6	0.419
711	1.4	2.6	0.382
712	1.3	2.6	0.356
713	1.3	2.6	0.370
714	1.3	2.6	0.459
715	1.3	2.6	0.512
716	1.2	2.6	0.634
717	1.3	2.6	0.651
718	1.2	2.6	0.607
719	1.2	2.6	0.365
720	1.3	2.6	0.229
721	1.3	2.6	0.158
722	1.3	2.6	0.086
723	1.2	2.6	0.034
724	1.2	2.6	0.024
725	1.1	2.6	0.073
726	1.2	2.6	0.183
727	1.2	2.6	0.494
728	1.2	2.6	0.528
729	1.3	2.6	0.531
730	1.2	2.6	0.556
731	1.1	2.6	0.531
732	1.0	2.6	0.515
733	0.9	2.6	0.476
734	0.8	2.6	0.419
735	0.9	2.6	0.382
736	0.9	2.6	0.356
737	1.0	2.6	0.370
738	1.2	2.6	0.459
739	1.4	2.6	0.512
740	1.4	2.6	0.634
741	1.4	2.6	0.651
742	1.5	2.6	0.607
743	1.6	2.6	0.365
744	1.7	2.6	0.229
745	1.6	2.6	0.158
746	1.7	2.6	0.086
747	1.7	2.6	0.034
748	1.6	2.6	0.024
749	1.6	2.6	0.073
750	1.7	2.6	0.183
751	1.6	2.6	0.494
752	1.7	2.6	0.528
753	1.7	2.6	0.531
754	1.6	2.6	0.556
755	1.4	2.6	0.531
756	1.4	2.6	0.515
757	1.3	2.6	0.476
758	1.3	2.6	0.419
759	1.3	2.6	0.382
760	1.3	2.6	0.356
761	1.3	2.6	0.370
762	1.4	2.6	0.459
763	1.5	2.6	0.512
764	1.7	2.6	0.634
765	1.8	2.6	0.651
766	1.9	2.6	0.607
767	2.1	2.6	0.365
768	2.1	2.6	0.229
769	2.1	2.6	0.158
770	2.1	2.6	0.086
771	2.1	2.6	0.034
772	2.2	2.6	0.024
773	2.3	2.5	0.073
774	2.4	2.5	0.183
775	2.4	2.5	0.494
776	2.4	2.5	0.528
777	2.4	2.5	0.531
778	2.4	2.5	0.556
779	2.4	2.5	0.531
780	2.4	2.5	0.515
781	2.3	2.5	0.476
782	2.3	2.5	0.419
783	2.3	2.5	0.382
784	2.3	2.5	0.356
785	2.4	2.5	0.370
786	2.4	2.5	0.459
787	2.6	2.5	0.512
788	2.7	2.5	0.634
789	2.8	2.5	0.651
790	2.9	2.5	0.607
791	3.0	2.5	0.365
792	3.0	2.5	0.229
793	3.0	2.5	0.158
794	3.1	2.5	0.086
795	3.1	2.5	0.034
796	3.1	2.5	0.024
797	3.2	2.5	0.073
798	3.2	2.5	0.183
799	3.3	2.5	0.494
800	3.2	2.5	0.528
801	3.2	2.5	0.531
802	3.1	2.5	0.556
803	3.0	2.5	0.531
804	2.9	2.5	0.515
805	2.8	2.5	0.476
806	2.7	2.5	0.419
807	2.7	2.5	0.382
808	2.8	2.5	0.356
809	2.8	2.5	0.370
810	2.8	2.5	0.459
811	2.9	2.5	0.512
812	3.0	2.5	0.634
813	2.9	2.5	0.651
814	3.0	2.5	0.607
815	3.0	2.5	0.365
816	3.0	2.5	0.229
817	3.0	2.5	0.158
818	3.0	2.5	0.086
819	3.0	2.5	0.034
820	3.0	2.5	0.024
821	2.9	2.5	0.073
822	2.8	2.5	0.183
823	2.8	2.5	0.494
824	2.7	2.5	0.528
825	2.6	2.5	0.531
826	2.6	2.5	0.556
827	2.5	2.5	0.531
828	2.3	2.5	0.515
829	2.2	2.5	0.476
830	2.0	2.5	0.419
831	2.0	2.5	0.382
832	2.0	2.5	0.356
833	2.0	2.5	0.370
834	2.0	2.5	0.459
835	2.1	2.5	0.512
836	2.1	2.5	0.634
837	2.1	2.5	0.651
838	2.2	2.5	0.607
839	2.2	2.5	0.365
840	2.2	2.5	0.229
841	2.2	2.5	0.158
842	2.2	2.5	0.086
843	2.2	2.5	0.034
844	2.2	2.5	0.024
845	2.2	2.5	0.073
846	2.3	2.5	0.183
847	2.3	2.5	0.494
848	2.2	2.5	0.528
849	2.2	2.5	0.531
850	2.1	2.5	0.556
851	2.0	2.5	0.531
852	1.9	2.5	0.515
853	1.8	2.5	0.476
854	1.8	2.5	0.419
855	1.8	2.5	0.382
856	1.9	2.5	0.356
857	1.9	2.5	0.370
858	2.0	2.5	0.459
859	2.1	2.5	0.512
860	2.2	2.5	0.634
861	2.3	2.5	0.651
862	2.3	2.5	0.607
863	2.3	2.5	0.365
864	2.3	2.5	0.229
865	2.2	2.5	0.158
866	2.3	2.5	0.086
867	2.3	2.5	0.034
868	2.3	2.5	0.024
869	2.2	2.5	0.073
870	2.2	2.5	0.183
871	2.3	2.5	0.494
872	2.2	2.5	0.528
873	2.2	2.5	0.531
874	2.2	2.5	0.556
875	2.1	2.5	0.531
876	2.1	2.5	0.515
877	2.0	2.5	0.476
878	1.9	2.5	0.419
879	1.9	2.5	0.382
880	1.8	2.5	0.356
881	1.8	2.5	0.370
882	1.9	2.5	0.459
883	2.0	2.5	0.512
884	2.0	2.5	0.634
885	2.1	2.5	0.651
886	2.1	2.5	0.607
887	2.2	2.5	0.365
888	2.2	2.5	0.229
889	2.2	2.5	0.158
890	2.2	2.5	0.086
891	2.1	2.5	0.034
892	2.0	2.5	0.024
893	2.1	2.5	0.073
894	2.1	2.5	0.183
895	2.1	2.5	0.494
896	2.0	2.5	0.528
897	2.0	2.5	0.531
898	2.0	2.5	0.556
899	1.9	2.5	0.531
900	1.9	2.5	0.515
901	2.0	2.5	0.476
902	1.9	2.5	0.419
903	1.9	2.5	0.382
904	1.9	2.5	0.356
905	1.9	2.5	0.370
906	1.8	2.5	0.459
907	1.8	2.5	0.512
908	1.8	2.5	0.634
909	1.8	2.5	0.651
910	1.8	2.5	0.607
911	1.9	2.5	0.365
912	1.8	2.5	0.229
913	1.8	2.5	0.158
914	1.9	2.5	0.086
915	1.9	2.5	0.034
916	2.0	2.5	0.024
917	2.0	2.5	0.073
918	2.1	2.5	0.183
919	2.1	2.5	0.494
920	2.0	2.5	0.528
921	2.0	2.5	0.531
922	1.9	2.4	0.556
923	1.9	2.4	0.531
924	1.8	2.4	0.515
925	1.8	2.4	0.476
926	1.8	2.4	0.419
927	1.7	2.4	0.382
928	1.7	2.4	0.356
929	1.7	2.4	0.370
930	1.9	2.4	0.459
931	1.9	2.4	0.512
932	2.0	2.4	0.634
933	2.0	2.4	0.651
934	2.1	2.4	0.607
935	2.2	2.4	0.365
936	2.2	2.4	0.229
937	2.2	2.4	0.158
938	2.3	2.4	0.086
939	2.2	2.4	0.034
940	2.2	2.4	0.024
941	2.2	2.4	0.073
942	2.3	2.4	0.183
943	2.3	2.4	0.494
944	2.3	2.4	0.528
945	2.3	2.4	0.531
946	2.3	2.4	0.556
947	2.2	2.4	0.531
948	2.1	2.4	0.515
949	2.0	2.4	0.476
950	1.9	2.4	0.419
951	2.0	2.4	0.382
952	2.1	2.4	0.356
953	2.1	2.4	0.370
954	2.1	2.4	0.459
955	2.1	2.4	0.512
956	2.2	2.4	0.634
957	2.2	2.4	0.651
958	2.2	2.4	0.607
959	2.3	2.4	0.365
960	2.3	2.4	0.229
961	2.3	2.4	0.158
962	2.4	2.4	0.086
963	2.4	2.4	0.034
964	2.4	2.4	0.024
965	2.4	2.4	0.073
966	2.4	2.4	0.183
967	2.4	2.4	0.494
968	2.4	2.4	0.528
969	2.3	2.4	0.531
970	2.3	2.4	0.556
971	2.2	2.4	0.531
972	2.1	2.4	0.515
973	2.0	2.4	0.476
974	1.9	2.4	0.419
975	1.9	2.4	0.382
976	1.9	2.4	0.356
977	1.9	2.4	0.370
978	2.0	2.4	0.459
979	2.2	2.4	0.512
980	2.2	2.4	0.634
981	2.4	2.4	0.651
982	2.5	2.4	0.607
983	2.4	2.4	0.365
984	2.5	2.4	0.229
985	2.5	2.4	0.158
986	2.5	2.4	0.086
987	2.5	2.4	0.034
988	2.5	2.4	0.024
989	2.5	2.4	0.073
990	2.5	2.4	0.183
991	2.4	2.4	0.494
992	2.4	2.4	0.528
993	2.4	2.4	0.531
994	2.3	2.4	0.556
995	2.2	2.4	0.531
996	2.2	2.4	0.515
997	2.0	2.4	0.476
998	2.0	2.4	0.419
999	2.0	2.4	0.382
1000	2.0	2.4	0.356
1001	2.0	2.4	0.370
1002	2.1	2.4	0.459
1003	2.2	2.4	0.512
1004	2.2	2.4	0.634
1005	2.2	2.4	0.651
1006	2.3	2.4	0.607
1007	2.3	2.4	0.365
1008	2.2	2.4	0.229
1009	2.2	2.4	0.158
1010	2.2	2.4	0.086
1011	2.3	2.4	0.034
1012	2.3	2.4	0.024
1013	2.2	2.4	0.073
1014	2.2	2.4	0.183
1015	2.2	2.4	0.494
1016	2.1	2.4	0.528
1017	2.1	2.4	0.531
1018	2.1	2.4	0.556
1019	1.9	2.4	0.531
1020	1.9	2.4	0.515
1021	1.8	2.4	0.476
1022	1.7	2.4	0.419
1023	1.6	2.4	0.382
1024	1.6	2.4	0.356
1025	1.6	2.4	0.370
1026	1.6	2.4	0.459
1027	1.6	2.4	0.512
1028	1.7	2.4	0.634
1029	1.8	2.4	0.651
1030	1.7	2.4	0.607
1031	1.8	2.4	0.365
1032	1.8	2.4	0.229
1033	1.8	2.4	0.158
1034	1.8	2.4	0.086
1035	1.8	2.4	0.034
1036	1.9	2.4	0.024
1037	1.8	2.4	0.073
1038	1.8	2.4	0.183
1039	1.8	2.4	0.494
1040	1.8	2.4	0.528
1041	1.8	2.4	0.531
1042	1.9	2.4	0.556
1043	1.8	2.4	0.531
1044	1.9	2.4	0.515
1045	1.9	2.4	0.476
1046	1.9	2.4	0.419
1047	1.9	2.4	0.382
1048	1.9	2.4	0.356
1049	2.0	2.4	0.370
1050	2.0	2.4	0.459
1051	2.0	2.4	0.512
1052	2.1	2.4	0.634
1053	2.1	2.4	0.651
1054	2.1	2.4	0.607
1055	2.1	2.4	0.365
1056	2.1	2.4	0.229
1057	2.0	2.4	0.158
1058	2.0	2.4	0.086
1059	2.0	2.4	0.034
1060	2.0	2.4	0.024
1061	2.0	2.4	0.073
1062	2.0	2.4	0.183
1063	2.0	2.3	0.494
1064	2.0	2.3	0.528
1065	1.9	2.3	0.531
1066	2.0	2.3	0.556
1067	1.9	2.3	0.531
1068	1.8	2.3	0.515
1069	1.7	2.3	0.476
1070	1.6	2.3	0.419
1071	1.6	2.3	0.382
1072	1.7	2.3	0.356
1073	1.7	2.3	0.370
1074	1.6	2.3	0.459
1075	1.6	2.3	0.512
1076	1.6	2.3	0.634
1077	1.5	2.3	0.651
1078	1.4	2.3	0.607
1079	1.4	2.3	0.365
1080	1.4	2.3	0.229
1081	1.4	2.3	0.158
1082	1.5	2.3	0.086
1083	1.4	2.3	0.034
1084	1.4	2.3	0.024
1085	1.5	2.3	0.073
1086	1.4	2.3	0.183
1087	1.4	2.3	0.494
1088	1.3	2.3	0.528
1089	1.2	2.3	0.531
1090	1.1	2.3	0.556
1091	1.0	2.3	0.531
1092	1.0	2.3	0.515
1093	0.9	2.3	0.476
1094	0.8	2.3	0.419
1095	0.8	2.3	0.382
1096	0.8	2.3	0.356
1097	0.8	2.3	0.370
1098	0.9	2.3	0.459
1099	1.0	2.3	0.512
1100	1.1	2.3	0.634
1101	1.1	2.3	0.651
1102	1.1	2.3	0.607
1103	1.2	2.3	0.365
1104	1.3	2.3	0.229
1105	1.3	2.3	0.158
1106	1.4	2.3	0.086
1107	1.4	2.3	0.034
1108	1.4	2.3	0.024
1109	1.4	2.3	0.073
1110	1.4	2.3	0.183
1111	1.5	2.3	0.494
1112	1.4	2.3	0.528
1113	1.4	2.3	0.531
1114	1.4	2.3	0.556
1115	1.3	2.3	0.531
1116	1.1	2.3	0.515
1117	1.0	2.3	0.476
1118	1.0	2.3	0.419
1119	1.1	2.3	0.382
1120	1.1	2.3	0.356
1121	1.1	2.3	0.370
1122	1.2	2.3	0.459
1123	1.3	2.3	0.512
1124	1.4	2.3	0.634
1125	1.5	2.3	0.651
1126	1.5	2.3	0.607
1127	1.6	2.3	0.365
1128	1.7	2.3	0.229
1129	1.8	2.3	0.158
1130	1.8	2.3	0.086
1131	1.9	2.3	0.034
1132	1.9	2.3	0.024
1133	2.0	2.3	0.073
1134	2.0	2.3	0.183
1135	2.0	2.3	0.494
1136	2.0	2.3	0.528
1137	1.9	2.3	0.531
1138	1.9	2.3	0.556
1139	1.8	2.3	0.531
1140	1.7	2.3	0.515
1141	1.6	2.3	0.476
1142	1.6	2.3	0.419
1143	1.5	2.3	0.382
1144	1.6	2.3	0.356
1145	1.6	2.3	0.370
1146	1.8	2.3	0.459
1147	1.8	2.3	0.512
1148	1.9	2.3	0.634
1149	1.9	2.3	0.651
1150	2.1	2.3	0.607
1151	2.1	2.3	0.365
1152	2.2	2.3	0.229
1153	2.2	2.3	0.158
1154	2.2	2.3	0.086
1155	2.3	2.3	0.034
1156	2.3	2.3	0.024
1157	2.4	2.3	0.073
1158	2.4	2.3	0.183
1159	2.4	2.3	0.494
1160	2.4	2.3	0.528
1161	2.4	2.3	0.531
1162	2.4	2.3	0.556
1163	2.3	2.3	0.531
1164	2.3	2.3	0.515
1165	2.2	2.3	0.476
1166	2.2	2.3	0.419
1167	2.1	2.3	0.382
1168	2.1	2.3	0.356
1169	2.1	2.3	0.370
1170	2.2	2.3	0.459
1171	2.3	2.3	0.512
1172	2.3	2.3	0.634
1173	2.3	2.3	0.651
1174	2.4	2.3	0.607
1175	2.5	2.3	0.365
1176	2.5	2.3	0.229
1177	2.4	2.3	0.158
1178	2.4	2.3	0.086
1179	2.5	2.3	0.034
1180	2.5	2.3	0.024
1181	2.6	2.3	0.073
1182	2.6	2.3	0.183
1183	2.6	2.3	0.494
1184	2.6	2.3	0.528
1185	2.5	2.3	0.531
1186	2.5	2.3	0.556
1187	2.5	2.3	0.531
1188	2.4	2.3	0.515
1189	2.3	2.3	0.476
1190	2.3	2.3	0.419
1191	2.3	2.3	0.382
1192	2.2	2.3	0.356
1193	2.3	2.3	0.370
1194	2.4	2.3	0.459
1195	2.4	2.3	0.512
1196	2.5	2.3	0.634
1197	2.7	2.3	0.651
1198	2.7	2.3	0.607
1199	2.7	2.3	0.365
1200	2.7	2.3	0.229
1201	2.8	2.3	0.158
1202	2.9	2.3	0.086
1203	2.9	2.3	0.034
1204	2.9	2.3	0.024
1205	2.8	2.3	0.073
1206	2.8	2.3	0.183
1207	2.8	2.3	0.494
1208	2.8	2.3	0.528
1209	2.8	2.3	0.531
1210	2.7	2.3	0.556
1211	2.6	2.3	0.531
1212	2.6	2.3	0.515
1213	2.6	2.3	0.476
1214	2.6	2.3	0.419
1215	2.6	2.3	0.382
1216	2.6	2.3	0.356
1217	2.6	2.3	0.370
1218	2.7	2.2	0.459
1219	2.8	2.2	0.512
1220	2.8	2.2	0.634
1221	2.8	2.2	0.651
1222	2.9	2.2	0.607
1223	2.8	2.2	0.365
1224	2.9	2.2	0.229
1225	2.9	2.2	0.158
1226	2.9	2.2	0.086
1227	2.8	2.2	0.034
1228	2.8	2.2	0.024
1229	2.6	2.2	0.073
1230	2.6	2.2	0.183
1231	2.5	2.2	0.494
1232	2.5	2.2	0.528
1233	2.5	2.2	0.531
1234	2.4	2.2	0.556
1235	2.2	2.2	0.531
1236	2.2	2.2	0.515
1237	2.2	2.2	0.476
1238	2.1	2.2	0.419
1239	2.1	2.2	0.382
1240	2.0	2.2	0.356
1241	2.0	2.2	0.370
1242	2.0	2.2	0.459
1243	1.9	2.2	0.512
1244	1.8	2.2	0.634
1245	1.8	2.2	0.651
1246	1.7	2.2	0.607
1247	1.7	2.2	0.365
1248	1.6	2.2	0.229
1249	1.6	2.2	0.158
1250	1.6	2.2	0.086
1251	1.6	2.2	0.034
1252	1.6	2.2	0.024
1253	1.6	2.2	0.073
1254	1.6	2.2	0.183
1255	1.6	2.2	0.494
1256	1.6	2.2	0.528
1257	1.5	2.2	0.531
1258	1.4	2.2	0.556
1259	1.3	2.2	0.531
1260	1.2	2.2	0.515
1261	1.1	2.2	0.476
1262	1.1	2.2	0.419
1263	1.1	2.2	0.382
1264	1.2	2.2	0.356
1265	1.2	2.2	0.370
1266	1.3	2.2	0.459
1267	1.4	2.2	0.512
1268	1.4	2.2	0.634
1269	1.5	2.2	0.651
1270	1.5	2.2	0.607
1271	1.6	2.2	0.365
1272	1.6	2.2	0.229
1273	1.6	2.2	0.158
1274	1.7	2.2	0.086
1275	1.7	2.2	0.034
1276	1.7	2.2	0.024
1277	1.7	2.2	0.073
1278	1.8	2.2	0.183
1279	1.8	2.2	0.494
1280	1.8	2.2	0.528
1281	1.8	2.2	0.531
1282	1.8	2.2	0.556
1283	1.6	2.2	0.531
1284	1.5	2.2	0.515
1285	1.5	2.2	0.476
1286	1.4	2.2	0.419
1287	1.3	2.2	0.382
1288	1.4	2.2	0.356
1289	1.4	2.2	0.370
1290	1.5	2.2	0.459
1291	1.6	2.2	0.512
1292	1.6	2.2	0.634
1293	1.6	2.2	0.651
1294	1.7	2.2	0.607
1295	1.7	2.2	0.365
1296	1.7	2.2	0.229
1297	1.7	2.2	0.158
1298	1.8	2.2	0.086
1299	1.8	2.2	0.034
1300	2.0	2.2	0.024
1301	2.0	2.2	0.073
1302	2.1	2.2	0.183
1303	2.1	2.2	0.494
1304	2.1	2.2	0.528
1305	2.1	2.2	0.531
1306	2.0	2.2	0.556
1307	1.9	2.2	0.531
1308	1.8	2.2	0.515
1309	1.7	2.2	0.476
1310	1.7	2.2	0.419
1311	1.6	2.2	0.382
1312	1.5	2.2	0.356
1313	1.6	2.2	0.370
1314	1.7	2.2	0.459
1315	1.8	2.2	0.512
1316	1.9	2.2	0.634
1317	1.9	2.2	0.651
1318	1.9	2.2	0.607
1319	2.0	2.2	0.365
1320	1.9	2.2	0.229
1321	2.0	2.2	0.158
1322	2.0	2.2	0.086
1323	2.0	2.2	0.034
1324	2.0	2.2	0.024
1325	2.0	2.2	0.073
1326	2.0	2.2	0.183
1327	1.9	2.2	0.494
1328	1.8	2.2	0.528
1329	1.8	2.2	0.531
1330	1.7	2.2	0.556
1331	1.5	2.2	0.531
1332	1.3	2.2	0.515
1333	1.2	2.2	0.476
1334	1.1	2.2	0.419
1335	1.1	2.2	0.382
1336	1.2	2.2	0.356
1337	1.1	2.2	0.370
1338	1.2	2.2	0.459
1339	1.4	2.2	0.512
1340	1.4	2.2	0.634
1341	1.4	2.2	0.651
1342	1.4	2.2	0.607
1343	1.4	2.2	0.365
1344	1.4	2.2	0.229
1345	1.5	2.2	0.158
1346	1.6	2.2	0.086
1347	1.6	2.2	0.034
1348	1.7	2.2	0.024
1349	1.7	2.2	0.073
1350	1.6	2.2	0.183
1351	1.7	2.2	0.494
1352	1.7	2.2	0.528
1353	1.7	2.2	0.531
1354	1.6	2.2	0.556
1355	1.6	2.2	0.531
1356	1.5	2.2	0.515
1357	1.4	2.2	0.476
1358	1.4	2.2	0.419
1359	1.4	2.2	0.382
1360	1.5	2.1	0.356
1361	1.5	2.1	0.370
1362	1.6	2.1	0.459
1363	1.8	2.1	0.512
1364	1.9	2.1	0.634
1365	2.0	2.1	0.651
1366	2.0	2.1	0.607
1367	2.2	2.1	0.365
1368	2.2	2.1	0.229
1369	2.3	2.1	0.158
1370	2.4	2.1	0.086
1371	2.3	2.1	0.034
1372	2.4	2.1	0.024
1373	2.4	2.1	0.073
1374	2.3	2.1	0.183
1375	2.3	2.1	0.494
1376	2.3	2.1	0.528
1377	2.4	2.1	0.531
1378	2.3	2.1	0.556
1379	2.2	2.1	0.531
1380	2.1	2.1	0.515
1381	2.0	2.1	0.476
1382	2.0	2.1	0.419
1383	1.9	2.1	0.382
1384	2.0	2.1	0.356
1385	2.0	2.1	0.370
1386	2.2	2.1	0.459
1387	2.4	2.1	0.512
1388	2.5	2.1	0.634
1389	2.6	2.1	0.651
1390	2.6	2.1	0.607
1391	2.7	2.1	0.365
1392	2.9	2.1	0.229
1393	2.9	2.1	0.158
1394	2.9	2.1	0.086
1395	2.9	2.1	0.034
1396	3.0	2.1	0.024
1397	3.0	2.1	0.073
1398	2.9	2.1	0.183
1399	3.0	2.1	0.494
1400	2.9	2.1	0.528
1401	2.8	2.1	0.531
1402	2.7	2.1	0.556
1403	2.6	2.1	0.531
1404	2.4	2.1	0.515
1405	2.2	2.1	0.476
1406	2.0	2.1	0.419
1407	2.0	2.1	0.382
1408	1.9	2.1	0.356
1409	1.9	2.1	0.370
1410	2.1	2.1	0.459
1411	2.2	2.1	0.512
1412	2.3	2.1	0.634
1413	2.3	2.1	0.651
1414	2.3	2.1	0.607
1415	2.4	2.1	0.365
1416	2.4	2.1	0.229
1417	1.3	2.1	0.158
1418	1.3	2.1	0.086
1419	1.3	2.1	0.034
1420	1.3	2.1	0.024
1421	1.3	2.1	0.073
1422	1.3	2.1	0.183
1423	1.3	2.1	0.494
1424	1.3	2.1	0.528
1425	1.3	2.1	0.531
1426	1.2	2.1	0.556
1427	1.1	2.1	0.531
1428	1.0	2.1	0.515
1429	0.9	2.1	0.476
1430	0.9	2.1	0.419
1431	0.8	2.1	0.382
1432	0.9	2.1	0.356
1433	0.9	2.1	0.370
1434	0.9	2.1	0.459
1435	1.0	2.1	0.512
1436	1.0	2.1	0.634
1437	1.0	2.1	0.651
1438	1.0	2.1	0.607
1439	1.1	2.1	0.365
1440	1.1	2.1	0.229
1441	1.1	2.1	0.158
1442	1.1	2.1	0.086
1443	1.2	2.1	0.034
1444	1.2	2.1	0.024
1445	1.2	2.1	0.073
1446	1.3	2.1	0.183
1447	1.3	2.1	0.494
1448	1.3	2.1	0.528
1449	1.3	2.1	0.531
1450	1.2	2.1	0.556
1451	1.1	2.1	0.531
1452	1.0	2.1	0.515
1453	1.0	2.1	0.476
1454	0.9	2.1	0.419
1455	0.9	2.1	0.382
1456	0.9	2.1	0.356
1457	0.9	2.1	0.370
1458	1.1	2.1	0.459
1459	1.1	2.1	0.512
1460	1.2	2.1	0.634
1461	1.2	2.1	0.651
1462	1.3	2.1	0.607
1463	1.3	2.1	0.365
1464	1.4	2.1	0.229
1465	1.4	2.1	0.158
1466	1.4	2.1	0.086
1467	1.4	2.1	0.034
1468	1.4	2.1	0.024
1469	1.4	2.1	0.073
1470	1.5	2.1	0.183
1471	1.5	2.1	0.494
1472	1.5	2.1	0.528
1473	1.5	2.1	0.531
1474	1.4	2.1	0.556
1475	1.4	2.1	0.531
1476	1.4	2.1	0.515
1477	1.4	2.1	0.476
1478	1.4	2.1	0.419
1479	1.4	2.1	0.382
1480	1.4	2.1	0.356
1481	1.5	2.1	0.370
1482	1.5	2.1	0.459
1483	1.5	2.1	0.512
1484	1.5	2.1	0.634
1485	1.5	2.1	0.651
1486	1.5	2.1	0.607
1487	1.5	2.1	0.365
1488	1.5	2.1	0.229
1489	1.5	2.1	0.158
1490	1.4	2.1	0.086
1491	1.5	2.1	0.034
1492	1.4	2.1	0.024
1493	1.4	2.1	0.073
1494	1.4	2.1	0.183
1495	1.4	2.1	0.494
1496	1.4	2.1	0.528
1497	1.3	2.1	0.531
1498	1.3	2.1	0.556
1499	1.2	2.1	0.531
1500	1.1	2.1	0.515
1501	1.0	2.1	0.476
1502	1.0	2.1	0.419
1503	1.0	2.1	0.382
1504	1.0	2.1	0.356
1505	1.1	2.1	0.370
1506	1.2	2.1	0.459
1507	1.2	2.1	0.512
1508	1.3	2.1	0.634
1509	1.3	2.1	0.651
1510	1.3	2.1	0.607
1511	1.4	2.1	0.365
1512	1.4	2.1	0.229
1513	1.4	2.0	0.158
1514	1.5	2.0	0.086
1515	1.5	2.0	0.034
1516	1.4	2.0	0.024
1517	1.4	2.0	0.073
1518	1.4	2.0	0.183
1519	1.4	2.0	0.494
1520	1.3	2.0	0.528
1521	1.3	2.0	0.531
1522	1.2	2.0	0.556
1523	1.2	2.0	0.531
1524	1.1	2.0	0.515
1525	1.0	2.0	0.476
1526	1.0	2.0	0.419
1527	1.0	2.0	0.382
1528	1.0	2.0	0.356
1529	1.0	2.0	0.370
1530	1.1	2.0	0.459
1531	1.0	2.0	0.512
1532	1.0	2.0	0.634
1533	1.0	2.0	0.651
1534	1.0	2.0	0.607
1535	1.0	2.0	0.365
1536	1.0	2.0	0.229
1537	1.0	2.0	0.158
1538	1.0	2.0	0.086
1539	1.0	2.0	0.034
1540	1.1	2.0	0.024
1541	1.1	2.0	0.073
1542	1.1	2.0	0.183
1543	1.1	2.0	0.494
1544	1.1	2.0	0.528
1545	1.0	2.0	0.531
1546	1.0	2.0	0.556
1547	0.9	2.0	0.531
1548	0.9	2.0	0.515
1549	0.9	2.0	0.476
1550	0.8	2.0	0.419
1551	0.8	2.0	0.382
1552	0.8	2.0	0.356
1553	0.9	2.0	0.370
1554	0.9	2.0	0.459
1555	1.0	2.0	0.512
1556	1.0	2.0	0.634
1557	1.0	2.0	0.651
1558	1.0	2.0	0.607
1559	1.0	2.0	0.365
1560	1.0	2.0	0.229
1561	1.1	2.0	0.158
1562	1.1	2.0	0.086
1563	1.0	2.0	0.034
1564	1.0	2.0	0.024
1565	1.0	2.0	0.073
1566	1.0	2.0	0.183
1567	1.0	2.0	0.494
1568	1.0	2.0	0.528
1569	1.0	2.0	0.531
1570	1.0	2.0	0.556
1571	1.0	2.0	0.531
1572	1.0	2.0	0.515
1573	1.0	2.0	0.476
1574	0.9	2.0	0.419
1575	0.9	2.0	0.382
1576	0.9	2.0	0.356
1577	0.9	2.0	0.370
1578	0.9	2.0	0.459
1579	0.9	2.0	0.512
1580	0.9	2.0	0.634
1581	0.9	2.0	0.651
1582	0.9	2.0	0.607
1583	0.9	2.0	0.365
1584	0.9	2.0	0.229
1585	0.9	2.0	0.158
1586	1.0	2.0	0.086
1587	1.0	2.0	0.034
1588	1.0	2.0	0.024
1589	1.0	2.0	0.073
1590	1.0	2.0	0.183
1591	1.0	2.0	0.494
1592	1.0	2.0	0.528
1593	1.1	2.0	0.531
1594	1.0	2.0	0.556
1595	1.0	2.0	0.531
1596	0.9	2.0	0.515
1597	0.9	2.0	0.476
1598	0.9	2.0	0.419
1599	0.9	2.0	0.382
1600	0.9	2.0	0.356
1601	0.9	2.0	0.370
1602	1.0	2.0	0.459
1603	1.0	2.0	0.512
1604	1.1	2.0	0.634
1605	1.1	2.0	0.651
1606	1.2	2.0	0.607
1607	1.2	2.0	0.365
1608	1.3	2.0	0.229
1609	1.4	2.0	0.158
1610	1.4	2.0	0.086
1611	1.4	2.0	0.034
1612	1.4	2.0	0.024
1613	1.4	2.0	0.073
1614	1.4	2.0	0.183
1615	1.4	2.0	0.494
1616	1.3	2.0	0.528
1617	1.3	2.0	0.531
1618	1.2	2.0	0.556
1619	1.2	2.0	0.531
1620	1.0	2.0	0.515
1621	0.9	2.0	0.476
1622	0.9	2.0	0.419
1623	0.8	2.0	0.382
1624	0.8	2.0	0.356
1625	0.9	2.0	0.370
1626	0.9	2.0	0.459
1627	1.0	2.0	0.512
1628	1.1	2.0	0.634
1629	1.1	2.0	0.651
1630	1.1	2.0	0.607
1631	1.2	2.0	0.365
1632	1.2	2.0	0.229
1633	1.2	2.0	0.158
1634	1.2	2.0	0.086
1635	1.3	2.0	0.034
1636	1.3	2.0	0.024
1637	1.3	2.0	0.073
1638	1.3	2.0	0.183
1639	1.3	2.0	0.494
1640	1.3	2.0	0.528
1641	1.3	2.0	0.531
1642	1.1	2.0	0.556
1643	1.0	2.0	0.531
1644	0.9	2.0	0.515
1645	0.8	2.0	0.476
1646	0.8	2.0	0.419
1647	0.7	2.0	0.382
1648	0.7	2.0	0.356
1649	0.8	2.0	0.370
1650	0.8	2.0	0.459
1651	0.9	2.0	0.512
1652	1.0	2.0	0.634
1653	1.0	2.0	0.651
1654	1.0	2.0	0.607
1655	1.0	2.0	0.365
1656	1.1	2.0	0.229
1657	1.1	2.0	0.158
1658	1.1	2.0	0.086
1659	1.1	2.0	0.034
1660	1.1	2.0	0.024
1661	1.1	2.0	0.073
1662	1.1	2.0	0.183
1663	1.1	2.0	0.494
1664	1.2	2.0	0.528
1665	1.1	2.0	0.531
1666	1.1	2.0	0.556
1667	1.0	2.0	0.531
1668	0.9	2.0	0.515
1669	0.8	2.0	0.476
1670	0.7	2.0	0.419
1671	0.7	2.0	0.382
1672	0.7	2.0	0.356
1673	0.7	2.0	0.370
1674	0.8	2.0	0.459
1675	0.9	2.0	0.512
1676	0.9	2.0	0.634
1677	1.0	2.0	0.651
1678	1.0	2.0	0.607
1679	1.1	2.0	0.365
1680	1.1	2.0	0.229
1681	1.1	2.0	0.158
1682	1.1	2.0	0.086
1683	1.1	2.0	0.034
1684	1.1	2.0	0.024
1685	1.1	2.0	0.073
1686	1.1	2.0	0.183
1687	1.1	2.0	0.494
1688	1.1	2.0	0.528
1689	1.1	2.0	0.531
1690	1.0	2.0	0.556
1691	0.9	2.0	0.531
1692	0.8	2.0	0.515
1693	0.7	2.0	0.476
1694	0.6	2.0	0.419
1695	0.6	2.0	0.382
1696	0.5	2.0	0.356
1697	0.6	2.0	0.370
1698	0.6	2.0	0.459
1699	0.7	2.0	0.512
1700	0.7	2.0	0.634
1701	0.7	2.0	0.651
1702	0.7	2.0	0.607
1703	0.7	2.0	0.365
1704	0.8	2.0	0.229
1705	0.8	2.0	0.158
1706	0.8	2.0	0.086
1707	0.8	2.0	0.034
1708	0.7	1.9	0.024
1709	0.7	1.9	0.073
1710	0.7	1.9	0.183
1711	0.7	1.9	0.494
1712	0.7	1.9	0.528
1713	0.6	1.9	0.531
1714	0.6	1.9	0.556
1715	0.6	1.9	0.531
1716	0.5	1.9	0.515
1717	0.5	1.9	0.476
1718	0.4	1.9	0.419
1719	0.4	1.9	0.382
1720	0.3	1.9	0.356
1721	0.4	1.9	0.370
1722	0.5	1.9	0.459
1723	0.5	1.9	0.512
1724	0.6	1.9	0.634
1725	0.6	1.9	0.651
1726	0.6	1.9	0.607
1727	0.6	1.9	0.365
1728	0.6	1.9	0.229
1729	0.6	1.9	0.158
1730	0.6	1.9	0.086
1731	0.6	1.9	0.034
1732	0.6	1.9	0.024
1733	0.6	1.9	0.073
1734	0.7	1.9	0.183
1735	0.7	1.9	0.494
1736	0.7	1.9	0.528
1737	0.6	1.9	0.531
1738	0.6	1.9	0.556
1739	0.5	1.9	0.531
1740	0.5	1.9	0.515
1741	0.5	1.9	0.476
1742	0.4	1.9	0.419
1743	0.4	1.9	0.382
1744	0.4	1.9	0.356
1745	0.5	1.9	0.370
1746	0.5	1.9	0.459
1747	0.5	1.9	0.512
1748	0.6	1.9	0.634
1749	0.6	1.9	0.651
1750	0.7	1.9	0.607
1751	0.7	1.9	0.365
1752	0.7	1.9	0.229
1753	0.8	1.9	0.158
1754	0.8	1.9	0.086
1755	0.8	1.9	0.034
1756	0.8	1.9	0.024
1757	0.8	1.9	0.073
1758	0.8	1.9	0.183
1759	0.8	1.9	0.494
1760	0.9	1.9	0.528
1761	0.9	1.9	0.531
1762	0.8	1.9	0.556
1763	0.7	1.9	0.531
1764	0.7	1.9	0.515
1765	0.6	1.9	0.476
1766	0.6	1.9	0.419
1767	0.5	1.9	0.382
1768	0.5	1.9	0.356
1769	0.6	1.9	0.370
1770	0.6	1.9	0.459
1771	0.7	1.9	0.512
1772	0.8	1.9	0.634
1773	0.9	1.9	0.651
1774	1.0	1.9	0.607
1775	1.0	1.9	0.365
1776	1.1	1.9	0.229
1777	1.1	1.9	0.158
1778	1.1	1.9	0.086
1779	1.1	1.9	0.034
1780	1.1	1.9	0.024
1781	1.1	1.9	0.073
1782	1.1	1.9	0.183
1783	1.1	1.9	0.494
1784	1.1	1.9	0.528
1785	1.1	1.9	0.531
1786	1.0	1.9	0.556
1787	1.0	1.9	0.531
1788	0.9	1.9	0.515
1789	0.9	1.9	0.476
1790	0.9	1.9	0.419
1791	0.8	1.9	0.382
1792	0.9	1.9	0.356
1793	0.9	1.9	0.370
1794	0.9	1.9	0.459
1795	0.9	1.9	0.512
1796	0.9	1.9	0.634
1797	1.0	1.9	0.651
1798	1.0	1.9	0.607
1799	1.0	1.9	0.365
1800	1.1	1.9	0.229
1801	1.1	1.9	0.158
1802	1.1	1.9	0.086
1803	1.1	1.9	0.034
1804	1.0	1.9	0.024
1805	1.1	1.9	0.073
1806	1.0	1.9	0.183
1807	1.0	1.9	0.494
1808	0.9	1.9	0.528
1809	0.8	1.9	0.531
1810	0.8	1.9	0.556
1811	0.8	1.9	0.531
1812	0.7	1.9	0.515
1813	0.6	1.9	0.476
1814	0.5	1.9	0.419
1815	0.5	1.9	0.382
1816	0.6	1.9	0.356
1817	0.5	1.9	0.370
1818	0.6	1.9	0.459
1819	0.6	1.9	0.512
1820	0.7	1.9	0.634
1821	0.6	1.9	0.651
1822	0.6	1.9	0.607
1823	0.6	1.9	0.365
1824	0.6	1.9	0.229
1825	0.6	1.9	0.158
1826	0.6	1.9	0.086
1827	0.7	1.9	0.034
1828	0.6	1.9	0.024
1829	0.6	1.9	0.073
1830	0.6	1.9	0.183
1831	0.6	1.9	0.494
1832	0.6	1.9	0.528
1833	0.6	1.9	0.531
1834	0.6	1.9	0.556
1835	0.5	1.9	0.531
1836	0.4	1.9	0.515
1837	0.4	1.9	0.476
1838	0.3	1.9	0.419
1839	0.3	1.9	0.382
1840	0.3	1.9	0.356
1841	0.3	1.9	0.370
1842	0.4	1.9	0.459
1843	0.4	1.9	0.512
1844	0.5	1.9	0.634
1845	0.5	1.9	0.651
1846	0.5	1.9	0.607
1847	0.5	1.9	0.365
1848	0.6	1.9	0.229
1849	0.6	1.9	0.158
1850	0.6	1.9	0.086
1851	0.7	1.9	0.034
1852	0.7	1.9	0.024
1853	0.7	1.9	0.073
1854	0.7	1.9	0.183
1855	0.7	1.9	0.494
1856	0.7	1.9	0.528
1857	0.7	1.9	0.531
1858	0.6	1.9	0.556
1859	0.5	1.9	0.531
1860	0.5	1.9	0.515
1861	0.5	1.9	0.476
1862	0.4	1.9	0.419
1863	0.4	1.9	0.382
1864	0.5	1.9	0.356
1865	0.5	1.9	0.370
1866	0.6	1.9	0.459
1867	0.7	1.9	0.512
1868	0.7	1.9	0.634
1869	0.8	1.8	0.651
1870	0.9	1.8	0.607
1871	0.9	1.8	0.365
1872	1.0	1.8	0.229
1873	1.0	1.8	0.158
1874	1.0	1.8	0.086
1875	1.0	1.8	0.034
1876	1.0	1.8	0.024
1877	1.0	1.8	0.073
1878	1.0	1.8	0.183
1879	1.0	1.8	0.494
1880	1.0	1.8	0.528
1881	0.9	1.8	0.531
1882	0.9	1.8	0.556
1883	0.8	1.8	0.531
1884	0.7	1.8	0.515
1885	0.7	1.8	0.476
1886	0.6	1.8	0.419
1887	0.6	1.8	0.382
1888	0.6	1.8	0.356
1889	0.7	1.8	0.370
1890	0.7	1.8	0.459
1891	0.7	1.8	0.512
1892	0.8	1.8	0.634
1893	0.8	1.8	0.651
1894	0.8	1.8	0.607
1895	0.8	1.8	0.365
1896	0.9	1.8	0.229
1897	0.9	1.8	0.158
1898	0.9	1.8	0.086
1899	0.9	1.8	0.034
1900	0.9	1.8	0.024
1901	0.9	1.8	0.073
1902	0.9	1.8	0.183
1903	0.9	1.8	0.494
1904	0.9	1.8	0.528
1905	0.9	1.8	0.531
1906	0.8	1.8	0.556
1907	0.7	1.8	0.531
1908	0.6	1.8	0.515
1909	0.5	1.8	0.476
1910	0.5	1.8	0.419
1911	0.5	1.8	0.382
1912	0.5	1.8	0.356
1913	0.5	1.8	0.370
1914	0.6	1.8	0.459
1915	0.6	1.8	0.512
1916	0.7	1.8	0.634
1917	0.7	1.8	0.651
1918	0.7	1.8	0.607
1919	0.7	1.8	0.365
1920	0.8	1.8	0.229
1921	0.8	1.8	0.158
1922	0.9	1.8	0.086
1923	1.0	1.8	0.034
1924	1.0	1.8	0.024
1925	1.0	1.8	0.073
1926	1.1	1.8	0.183
1927	1.1	1.8	0.494
1928	1.0	1.8	0.528
1929	1.0	1.8	0.531
1930	1.0	1.8	0.556
1931	1.0	1.8	0.531
1932	0.9	1.8	0.515
1933	0.9	1.8	0.476
1934	0.9	1.8	0.419
1935	0.9	1.8	0.382
1936	0.9	1.8	0.356
1937	0.9	1.8	0.370
1938	1.0	1.8	0.459
1939	1.1	1.8	0.512
1940	1.1	1.8	0.634
1941	1.2	1.8	0.651
1942	1.2	1.8	0.607
1943	1.2	1.8	0.365
1944	1.3	1.8	0.229
1945	1.3	1.8	0.158
1946	1.4	1.8	0.086
1947	1.4	1.8	0.034
1948	1.4	1.8	0.024
1949	1.3	1.8	0.073
1950	1.3	1.8	0.183
1951	1.4	1.8	0.494
1952	1.3	1.8	0.528
1953	1.2	1.8	0.531
1954	1.1	1.8	0.556
1955	1.0	1.8	0.531
1956	0.9	1.8	0.515
1957	0.8	1.8	0.476
1958	0.8	1.8	0.419
1959	0.7	1.8	0.382
1960	0.8	1.8	0.356
1961	0.8	1.8	0.370
1962	0.9	1.8	0.459
1963	1.0	1.8	0.512
1964	1.1	1.8	0.634
1965	1.1	1.8	0.651
1966	1.1	1.8	0.607
1967	1.1	1.8	0.365
1968	1.1	1.8	0.229
1969	1.1	1.8	0.158
1970	1.2	1.8	0.086
1971	1.3	1.8	0.034
1972	1.3	1.8	0.024
1973	1.3	1.8	0.073
1974	1.3	1.8	0.183
1975	1.3	1.8	0.494
1976	1.3	1.8	0.528
1977	1.2	1.8	0.531
1978	1.2	1.8	0.556
1979	1.1	1.8	0.531
1980	1.0	1.8	0.515
1981	0.9	1.8	0.476
1982	0.9	1.8	0.419
1983	0.9	1.8	0.382
1984	0.9	1.8	0.356
1985	1.0	1.8	0.370
1986	1.1	1.8	0.459
1987	1.2	1.8	0.512
1988	1.2	1.8	0.634
1989	1.2	1.8	0.651
1990	1.3	1.8	0.607
1991	1.4	1.8	0.365
1992	1.4	1.8	0.229
1993	1.4	1.8	0.158
1994	1.4	1.8	0.086
1995	1.4	1.8	0.034
1996	1.4	1.8	0.024
1997	1.4	1.8	0.073
1998	1.4	1.8	0.183
1999	1.4	1.8	0.494
2000	1.3	1.8	0.528
2001	1.3	1.8	0.531
2002	1.2	1.8	0.556
2003	1.1	1.8	0.531
2004	1.0	1.8	0.515
2005	0.9	1.8	0.476
2006	0.8	1.8	0.419
2007	0.8	1.8	0.382
2008	0.8	1.8	0.356
2009	0.8	1.8	0.370
2010	0.8	1.8	0.459
2011	0.9	1.8	0.512
2012	0.8	1.8	0.634
2013	0.9	1.8	0.651
2014	0.9	1.8	0.607
2015	0.9	1.8	0.365
2016	0.9	1.8	0.229
2017	1.0	1.8	0.158
2018	1.0	1.8	0.086
2019	0.9	1.8	0.034
2020	0.9	1.8	0.024
2021	1.0	1.8	0.073
2022	1.0	1.8	0.183
2023	0.9	1.8	0.494
2024	0.9	1.8	0.528
2025	0.8	1.8	0.531
2026	0.8	1.8	0.556
2027	0.8	1.8	0.531
2028	0.7	1.8	0.515
2029	0.7	1.8	0.476
2030	0.7	1.8	0.419
2031	0.7	1.8	0.382
2032	0.6	1.8	0.356
2033	0.7	1.8	0.370
2034	0.7	1.8	0.459
2035	0.7	1.8	0.512
2036	0.7	1.8	0.634
2037	0.7	1.8	0.651
2038	0.8	1.8	0.607
2039	0.8	1.8	0.365
2040	0.8	1.8	0.229
2041	0.8	1.7	0.158
2042	0.8	1.7	0.086
2043	0.8	1.7	0.034
2044	0.8	1.7	0.024
2045	0.8	1.7	0.073
2046	0.9	1.7	0.183
2047	0.9	1.7	0.494
2048	0.9	1.7	0.528
2049	0.8	1.7	0.531
2050	0.8	1.7	0.556
2051	0.7	1.7	0.531
2052	0.7	1.7	0.515
2053	0.6	1.7	0.476
2054	0.6	1.7	0.419
2055	0.5	1.7	0.382
2056	0.5	1.7	0.356
2057	0.5	1.7	0.370
2058	0.5	1.7	0.459
2059	0.6	1.7	0.512
2060	0.6	1.7	0.634
2061	0.7	1.7	0.651
2062	0.7	1.7	0.607
2063	0.7	1.7	0.365
2064	0.8	1.7	0.229
2065	0.8	1.7	0.158
2066	0.8	1.7	0.086
2067	0.8	1.7	0.034
2068	0.8	1.7	0.024
2069	0.7	1.7	0.073
2070	0.7	1.7	0.183
2071	0.7	1.7	0.494
2072	0.8	1.7	0.528
2073	0.7	1.7	0.531
2074	0.6	1.7	0.556
2075	0.5	1.7	0.531
2076	0.5	1.7	0.515
2077	0.4	1.7	0.476
2078	0.4	1.7	0.419
2079	0.4	1.7	0.382
2080	0.4	1.7	0.356
2081	0.5	1.7	0.370
2082	0.6	1.7	0.459
2083	0.7	1.7	0.512
2084	0.7	1.7	0.634
2085	0.8	1.7	0.651
2086	0.8	1.7	0.607
2087	0.9	1.7	0.365
2088	0.9	1.7	0.229
2089	0.9	1.7	0.158
2090	0.9	1.7	0.086
2091	0.9	1.7	0.034
2092	1.0	1.7	0.024
2093	0.9	1.7	0.073
2094	1.0	1.7	0.183
2095	1.0	1.7	0.494
2096	0.9	1.7	0.528
2097	0.8	1.7	0.531
2098	0.7	1.7	0.556
2099	0.6	1.7	0.531
2100	0.5	1.7	0.515
2101	0.4	1.7	0.476
2102	0.4	1.7	0.419
2103	0.3	1.7	0.382
2104	0.3	1.7	0.356
2105	0.4	1.7	0.370
2106	0.5	1.7	0.459
2107	0.5	1.7	0.512
2108	0.6	1.7	0.634
2109	0.6	1.7	0.651
2110	0.7	1.7	0.607
2111	0.7	1.7	0.365
2112	0.7	1.7	0.229
2113	0.8	1.7	0.158
2114	0.9	1.7	0.086
2115	0.8	1.7	0.034
2116	0.8	1.7	0.024
2117	0.9	1.7	0.073
2118	0.8	1.7	0.183
2119	0.8	1.7	0.494
2120	0.8	1.7	0.528
2121	0.7	1.7	0.531
2122	0.7	1.7	0.556
2123	0.7	1.7	0.531
2124	0.5	1.7	0.515
2125	0.5	1.7	0.476
2126	0.4	1.7	0.419
2127	0.4	1.7	0.382
2128	0.3	1.7	0.356
2129	0.4	1.7	0.370
2130	0.4	1.7	0.459
2131	0.5	1.7	0.512
2132	0.6	1.7	0.634
2133	0.6	1.7	0.651
2134	0.6	1.7	0.607
2135	0.6	1.7	0.365
2136	0.7	1.7	0.229
2137	0.7	1.7	0.158
2138	0.7	1.7	0.086
2139	0.7	1.7	0.034
2140	0.8	1.7	0.024
2141	0.8	1.7	0.073
2142	0.8	1.7	0.183
2143	0.8	1.7	0.494
2144	0.7	1.7	0.528
2145	0.7	1.7	0.531
2146	0.6	1.7	0.556
2147	0.5	1.7	0.531
2148	0.4	1.7	0.515
2149	0.3	1.7	0.476
2150	0.3	1.7	0.419
2151	0.2	1.7	0.382
2152	0.2	1.7	0.356
2153	0.3	1.7	0.370
2154	0.3	1.7	0.459
2155	0.4	1.7	0.512
2156	0.5	1.7	0.634
2157	0.5	1.7	0.651
2158	0.6	1.7	0.607
2159	0.6	1.7	0.365
2160	0.6	1.7	0.229
2161	0.1	1.7	0.158
2162	0.1	1.7	0.086
2163	0.1	1.7	0.034
2164	0.1	1.7	0.024
2165	0.1	1.7	0.073
2166	0.1	1.7	0.183
2167	0.1	1.7	0.494
2168	0.1	1.7	0.528
2169	0.1	1.7	0.531
2170	0.1	1.7	0.556
2171	0.1	1.7	0.531
2172	0.1	1.6	0.515
2173	0.1	1.6	0.476
2174	0.1	1.6	0.419
2175	0.1	1.6	0.382
2176	0.1	1.6	0.356
2177	0.1	1.6	0.370
2178	0.1	1.6	0.459
2179	0.1	1.6	0.512
2180	0.1	1.6	0.634
2181	0.1	1.6	0.651
2182	0.2	1.6	0.607
2183	0.2	1.6	0.365
2184	0.2	1.6	0.229
2185	0.2	1.6	0.158
2186	0.2	1.6	0.086
2187	0.2	1.6	0.034
2188	0.2	1.6	0.024
2189	0.2	1.6	0.073
2190	0.2	1.6	0.183
2191	0.2	1.6	0.494
2192	0.2	1.6	0.528
2193	0.1	1.6	0.531
2194	0.1	1.6	0.556
2195	0.1	1.6	0.531
2196	0.1	1.6	0.515
2197	0.1	1.6	0.476
2198	0.1	1.6	0.419
2199	0.1	1.6	0.382
2200	0.1	1.6	0.356
2201	0.1	1.6	0.370
2202	0.1	1.6	0.459
2203	0.1	1.6	0.512
2204	0.1	1.6	0.634
2205	0.1	1.6	0.651
2206	0.1	1.6	0.607
2207	0.1	1.6	0.365
2208	0.1	1.6	0.229
2209	0.1	1.6	0.158
2210	0.1	1.6	0.086
2211	0.1	1.6	0.034
2212	0.1	1.6	0.024
2213	0.1	1.6	0.073
2214	0.1	1.6	0.183
2215	0.1	1.6	0.494
2216	0.1	1.6	0.528
2217	0.1	1.6	0.531
2218	0.1	1.6	0.556
2219	0.1	1.6	0.531
2220	0.0	1.6	0.515
2221	0.0	1.6	0.476
2222	0.0	1.6	0.419
2223	0.0	1.6	0.382
2224	0.0	1.6	0.356
2225	0.0	1.6	0.370
2226	0.0	1.6	0.459
2227	0.0	1.6	0.512
2228	0.0	1.6	0.634
2229	0.0	1.6	0.651
2230	0.0	1.6	0.607
2231	0.1	1.6	0.365
2232	0.1	1.6	0.229
2233	0.0	1.6	0.158
2234	0.0	1.6	0.086
2235	0.0	1.6	0.034
2236	0.0	1.6	0.024
2237	0.0	1.6	0.073
2238	0.0	1.6	0.183
2239	0.0	1.6	0.494
2240	0.0	1.6	0.528
2241	0.0	1.6	0.531
2242	0.0	1.6	0.556
2243	0.0	1.6	0.531
2244	0.0	1.6	0.515
2245	0.0	1.6	0.476
2246	0.0	1.6	0.419
2247	0.0	1.6	0.382
2248	0.0	1.6	0.356
2249	0.0	1.6	0.370
2250	0.0	1.6	0.459
2251	0.0	1.6	0.512
2252	0.0	1.6	0.634
2253	0.0	1.6	0.651
2254	0.0	1.6	0.607
2255	0.0	1.6	0.365
2256	0.0	1.6	0.229
2257	0.1	1.6	0.158
2258	0.1	1.6	0.086
2259	0.1	1.6	0.034
2260	0.1	1.6	0.024
2261	0.1	1.6	0.073
2262	0.1	1.6	0.183
2263	0.1	1.6	0.494
2264	0.1	1.6	0.528
2265	0.1	1.6	0.531
2266	0.1	1.6	0.556
2267	0.0	1.6	0.531
2268	0.0	1.6	0.515
2269	0.0	1.6	0.476
2270	0.0	1.6	0.419
2271	0.0	1.6	0.382
2272	0.0	1.6	0.356
2273	0.0	1.6	0.370
2274	0.0	1.6	0.459
2275	0.0	1.6	0.512
2276	0.0	1.6	0.634
2277	0.0	1.6	0.651
2278	0.1	1.6	0.607
2279	0.1	1.6	0.365
2280	0.1	1.6	0.229
2281	0.1	1.6	0.158
2282	0.1	1.6	0.086
2283	0.1	1.6	0.034
2284	0.1	1.6	0.024
2285	0.1	1.6	0.073
2286	0.1	1.6	0.183
2287	0.1	1.6	0.494
2288	0.1	1.6	0.528
2289	0.1	1.6	0.531
2290	0.1	1.6	0.556
2291	0.0	1.6	0.531
2292	0.0	1.6	0.515
2293	0.0	1.6	0.476
2294	0.0	1.6	0.419
2295	0.0	1.6	0.382
2296	0.0	1.6	0.356
2297	0.0	1.6	0.370
2298	0.0	1.6	0.459
2299	0.0	1.6	0.512
2300	0.0	1.6	0.634
2301	0.1	1.5	0.651
2302	0.1	1.5	0.607
2303	0.1	1.5	0.365
2304	0.1	1.5	0.229
2305	0.1	1.5	0.158
2306	0.1	1.5	0.086
2307	0.1	1.5	0.034
2308	0.1	1.5	0.024
2309	0.1	1.5	0.073
2310	0.1	1.5	0.183
2311	0.1	1.5	0.494
2312	0.1	1.5	0.528
2313	0.1	1.5	0.531
2314	0.1	1.5	0.556
2315	0.1	1.5	0.531
2316	0.1	1.5	0.515
2317	0.1	1.5	0.476
2318	0.1	1.5	0.419
2319	0.1	1.5	0.382
2320	0.1	1.5	0.356
2321	0.1	1.5	0.370
2322	0.1	1.5	0.459
2323	0.1	1.5	0.512
2324	0.1	1.5	0.634
2325	0.1	1.5	0.651
2326	0.1	1.5	0.607
2327	0.1	1.5	0.365
2328	0.2	1.5	0.229
2329	0.2	1.5	0.158
2330	0.2	1.5	0.086
2331	0.2	1.5	0.034
2332	0.2	1.5	0.024
2333	0.2	1.5	0.073
2334	0.2	1.5	0.183
2335	0.2	1.5	0.494
2336	0.2	1.5	0.528
2337	0.1	1.5	0.531
2338	0.1	1.5	0.556
2339	0.1	1.5	0.531
2340	0.1	1.5	0.515
2341	0.1	1.5	0.476
2342	0.1	1.5	0.419
2343	0.1	1.5	0.382
2344	0.1	1.5	0.356
2345	0.1	1.5	0.370
2346	0.1	1.5	0.459
2347	0.1	1.5	0.512
2348	0.1	1.5	0.634
2349	0.1	1.5	0.651
2350	0.1	1.5	0.607
2351	0.1	1.5	0.365
2352	0.1	1.5	0.229
2353	0.1	1.5	0.158
2354	0.1	1.5	0.086
2355	0.1	1.5	0.034
2356	0.1	1.5	0.024
2357	0.1	1.5	0.073
2358	0.1	1.5	0.183
2359	0.1	1.5	0.494
2360	0.1	1.5	0.528
2361	0.1	1.5	0.531
2362	0.1	1.5	0.556
2363	0.0	1.5	0.531
2364	0.0	1.5	0.515
2365	0.0	1.5	0.476
2366	0.0	1.5	0.419
2367	0.0	1.5	0.382
2368	0.0	1.5	0.356
2369	0.0	1.5	0.370
2370	0.0	1.5	0.459
2371	0.0	1.5	0.512
2372	0.1	1.5	0.634
2373	0.1	1.5	0.651
2374	0.1	1.5	0.607
2375	0.1	1.5	0.365
2376	0.1	1.5	0.229
2377	0.1	1.5	0.158
2378	0.1	1.5	0.086
2379	0.1	1.5	0.034
2380	0.1	1.5	0.024
2381	0.1	1.5	0.073
2382	0.1	1.5	0.183
2383	0.1	1.5	0.494
2384	0.1	1.5	0.528
2385	0.1	1.5	0.531
2386	0.1	1.5	0.556
2387	0.0	1.5	0.531
2388	0.0	1.5	0.515
2389	0.0	1.5	0.476
2390	0.0	1.5	0.419
2391	0.0	1.5	0.382
2392	0.0	1.5	0.356
2393	0.0	1.5	0.370
2394	0.0	1.5	0.459
2395	0.0	1.5	0.512
2396	0.0	1.5	0.634
2397	0.1	1.5	0.651
2398	0.1	1.5	0.607
2399	0.1	1.5	0.365
2400	0.1	1.5	0.229
2401	0.1	1.5	0.158
2402	0.1	1.5	0.086
2403	0.1	1.5	0.034
2404	0.1	1.5	0.024
2405	0.1	1.5	0.073
2406	0.1	1.5	0.183
2407	0.1	1.5	0.494
2408	0.1	1.5	0.528
2409	0.1	1.5	0.531
2410	0.1	1.5	0.556
2411	0.1	1.5	0.531
2412	0.1	1.5	0.515
2413	0.1	1.5	0.476
2414	0.0	1.4	0.419
2415	0.0	1.4	0.382
2416	0.0	1.4	0.356
2417	0.0	1.4	0.370
2418	0.1	1.4	0.459
2419	0.1	1.4	0.512
2420	0.1	1.4	0.634
2421	0.1	1.4	0.651
2422	0.1	1.4	0.607
2423	0.1	1.4	0.365
2424	0.1	1.4	0.229
2425	0.1	1.4	0.158
2426	0.1	1.4	0.086
2427	0.1	1.4	0.034
2428	0.1	1.4	0.024
2429	0.1	1.4	0.073
2430	0.1	1.4	0.183
2431	0.1	1.4	0.494
2432	0.1	1.4	0.528
2433	0.1	1.4	0.531
2434	0.1	1.4	0.556
2435	0.0	1.4	0.531
2436	0.0	1.4	0.515
2437	0.0	1.4	0.476
2438	0.0	1.4	0.419
2439	0.0	1.4	0.382
2440	0.0	1.4	0.356
2441	0.0	1.4	0.370
2442	0.0	1.4	0.459
2443	0.0	1.4	0.512
2444	0.0	1.4	0.634
2445	0.0	1.4	0.651
2446	0.0	1.4	0.607
2447	0.1	1.4	0.365
2448	0.1	1.4	0.229
2449	0.1	1.4	0.158
2450	0.1	1.4	0.086
2451	0.1	1.4	0.034
2452	0.1	1.4	0.024
2453	0.1	1.4	0.073
2454	0.1	1.4	0.183
2455	0.1	1.4	0.494
2456	0.1	1.4	0.528
2457	0.1	1.4	0.531
2458	0.1	1.4	0.556
2459	0.0	1.4	0.531
2460	0.0	1.4	0.515
2461	0.0	1.4	0.476
2462	0.0	1.4	0.419
2463	0.0	1.4	0.382
2464	0.0	1.4	0.356
2465	0.0	1.4	0.370
2466	0.0	1.4	0.459
2467	0.0	1.4	0.512
2468	0.1	1.4	0.634
2469	0.1	1.4	0.651
2470	0.1	1.4	0.607
2471	0.1	1.4	0.365
2472	0.1	1.4	0.229
2473	0.1	1.4	0.158
2474	0.1	1.4	0.086
2475	0.1	1.4	0.034
2476	0.1	1.4	0.024
2477	0.1	1.4	0.073
2478	0.1	1.4	0.183
2479	0.1	1.4	0.494
2480	0.1	1.4	0.528
2481	0.1	1.4	0.531
2482	0.1	1.4	0.556
2483	0.1	1.4	0.531
2484	0.1	1.4	0.515
2485	0.0	1.4	0.476
2486	0.0	1.4	0.419
2487	0.0	1.4	0.382
2488	0.0	1.4	0.356
2489	0.0	1.4	0.370
2490	0.1	1.4	0.459
2491	0.1	1.4	0.512
2492	0.1	1.4	0.634
2493	0.1	1.4	0.651
2494	0.1	1.4	0.607
2495	0.1	1.4	0.365
2496	0.2	1.4	0.229
2497	0.2	1.4	0.158
2498	0.2	1.4	0.086
2499	0.2	1.4	0.034
2500	0.2	1.4	0.024
2501	0.2	1.4	0.073
2502	0.2	1.4	0.183
2503	0.2	1.4	0.494
2504	0.2	1.4	0.528
2505	0.2	1.4	0.531
2506	0.2	1.4	0.556
2507	0.1	1.4	0.531
2508	0.1	1.4	0.515
2509	0.1	1.4	0.476
2510	0.1	1.4	0.419
2511	0.1	1.4	0.382
2512	0.1	1.4	0.356
2513	0.1	1.4	0.370
2514	0.1	1.4	0.459
2515	0.1	1.4	0.512
2516	0.2	1.4	0.634
2517	0.2	1.4	0.651
2518	0.2	1.4	0.607
2519	0.2	1.4	0.365
2520	0.2	1.4	0.229
2521	0.2	1.4	0.158
2522	0.2	1.4	0.086
2523	0.2	1.4	0.034
2524	0.2	1.4	0.024
2525	0.2	1.4	0.073
2526	0.2	1.4	0.183
2527	0.2	1.4	0.494
2528	0.2	1.4	0.528
2529	0.2	1.4	0.531
2530	0.2	1.4	0.556
2531	0.2	1.4	0.531
2532	0.2	1.4	0.515
2533	0.2	1.4	0.476
2534	0.1	1.4	0.419
2535	0.1	1.4	0.382
2536	0.1	1.4	0.356
2537	0.1	1.4	0.370
2538	0.2	1.4	0.459
2539	0.2	1.4	0.512
2540	0.2	1.4	0.634
2541	0.2	1.4	0.651
2542	0.2	1.4	0.607
2543	0.2	1.4	0.365
2544	0.2	1.4	0.229
2545	0.2	1.4	0.158
2546	0.2	1.4	0.086
2547	0.3	1.4	0.034
2548	0.3	1.4	0.024
2549	0.3	1.4	0.073
2550	0.3	1.4	0.183
2551	0.3	1.4	0.494
2552	0.2	1.4	0.528
2553	0.2	1.4	0.531
2554	0.2	1.4	0.556
2555	0.2	1.4	0.531
2556	0.2	1.4	0.515
2557	0.1	1.4	0.476
2558	0.1	1.4	0.419
2559	0.1	1.4	0.382
2560	0.1	1.4	0.356
2561	0.1	1.4	0.370
2562	0.2	1.4	0.459
2563	0.2	1.4	0.512
2564	0.2	1.3	0.634
2565	0.2	1.3	0.651
2566	0.2	1.3	0.607
2567	0.2	1.3	0.365
2568	0.2	1.3	0.229
2569	0.2	1.3	0.158
2570	0.3	1.3	0.086
2571	0.3	1.3	0.034
2572	0.2	1.3	0.024
2573	0.2	1.3	0.073
2574	0.2	1.3	0.183
2575	0.2	1.3	0.494
2576	0.2	1.3	0.528
2577	0.2	1.3	0.531
2578	0.2	1.3	0.556
2579	0.2	1.3	0.531
2580	0.1	1.3	0.515
2581	0.1	1.3	0.476
2582	0.1	1.3	0.419
2583	0.1	1.3	0.382
2584	0.1	1.3	0.356
2585	0.1	1.3	0.370
2586	0.1	1.3	0.459
2587	0.1	1.3	0.512
2588	0.1	1.3	0.634
2589	0.1	1.3	0.651
2590	0.1	1.3	0.607
2591	0.1	1.3	0.365
2592	0.1	1.3	0.229
2593	0.1	1.3	0.158
2594	0.1	1.3	0.086
2595	0.1	1.3	0.034
2596	0.1	1.3	0.024
2597	0.1	1.3	0.073
2598	0.2	1.3	0.183
2599	0.2	1.3	0.494
2600	0.2	1.3	0.528
2601	0.1	1.3	0.531
2602	0.1	1.3	0.556
2603	0.1	1.3	0.531
2604	0.1	1.3	0.515
2605	0.1	1.3	0.476
2606	0.1	1.3	0.419
2607	0.1	1.3	0.382
2608	0.1	1.3	0.356
2609	0.1	1.3	0.370
2610	0.1	1.3	0.459
2611	0.1	1.3	0.512
2612	0.1	1.3	0.634
2613	0.1	1.3	0.651
2614	0.1	1.3	0.607
2615	0.1	1.3	0.365
2616	0.2	1.3	0.229
2617	0.2	1.3	0.158
2618	0.2	1.3	0.086
2619	0.2	1.3	0.034
2620	0.2	1.3	0.024
2621	0.2	1.3	0.073
2622	0.2	1.3	0.183
2623	0.2	1.3	0.494
2624	0.2	1.3	0.528
2625	0.1	1.3	0.531
2626	0.1	1.3	0.556
2627	0.1	1.3	0.531
2628	0.1	1.3	0.515
2629	0.1	1.3	0.476
2630	0.1	1.3	0.419
2631	0.1	1.3	0.382
2632	0.1	1.3	0.356
2633	0.1	1.3	0.370
2634	0.1	1.3	0.459
2635	0.1	1.3	0.512
2636	0.2	1.3	0.634
2637	0.2	1.3	0.651
2638	0.2	1.3	0.607
2639	0.2	1.3	0.365
2640	0.2	1.3	0.229
2641	0.2	1.3	0.158
2642	0.2	1.3	0.086
2643	0.2	1.3	0.034
2644	0.2	1.3	0.024
2645	0.2	1.3	0.073
2646	0.2	1.3	0.183
2647	0.2	1.3	0.494
2648	0.2	1.3	0.528
2649	0.2	1.3	0.531
2650	0.2	1.3	0.556
2651	0.2	1.3	0.531
2652	0.1	1.3	0.515
2653	0.1	1.3	0.476
2654	0.1	1.3	0.419
2655	0.1	1.3	0.382
2656	0.1	1.3	0.356
2657	0.1	1.3	0.370
2658	0.1	1.3	0.459
2659	0.2	1.3	0.512
2660	0.2	1.3	0.634
2661	0.2	1.3	0.651
2662	0.2	1.3	0.607
2663	0.2	1.3	0.365
2664	0.2	1.3	0.229
2665	0.2	1.3	0.158
2666	0.2	1.3	0.086
2667	0.2	1.3	0.034
2668	0.2	1.3	0.024
2669	0.2	1.3	0.073
2670	0.2	1.3	0.183
2671	0.2	1.3	0.494
2672	0.2	1.3	0.528
2673	0.2	1.3	0.531
2674	0.2	1.3	0.556
2675	0.2	1.3	0.531
2676	0.2	1.3	0.515
2677	0.2	1.3	0.476
2678	0.2	1.3	0.419
2679	0.2	1.3	0.382
2680	0.2	1.3	0.356
2681	0.2	1.3	0.370
2682	0.2	1.3	0.459
2683	0.2	1.3	0.512
2684	0.2	1.3	0.634
2685	0.2	1.3	0.651
2686	0.2	1.3	0.607
2687	0.2	1.3	0.365
2688	0.2	1.3	0.229
2689	0.2	1.3	0.158
2690	0.3	1.3	0.086
2691	0.3	1.3	0.034
2692	0.3	1.3	0.024
2693	0.3	1.3	0.073
2694	0.3	1.3	0.183
2695	0.2	1.3	0.494
2696	0.2	1.3	0.528
2697	0.2	1.3	0.531
2698	0.2	1.3	0.556
2699	0.2	1.3	0.531
2700	0.2	1.3	0.515
2701	0.2	1.3	0.476
2702	0.2	1.3	0.419
2703	0.1	1.3	0.382
2704	0.1	1.3	0.356
2705	0.1	1.3	0.370
2706	0.2	1.3	0.459
2707	0.2	1.3	0.512
2708	0.2	1.3	0.634
2709	0.2	1.3	0.651
2710	0.2	1.3	0.607
2711	0.2	1.3	0.365
2712	0.2	1.2	0.229
2713	0.2	1.2	0.158
2714	0.2	1.2	0.086
2715	0.2	1.2	0.034
2716	0.2	1.2	0.024
2717	0.2	1.2	0.073
2718	0.2	1.2	0.183
2719	0.2	1.2	0.494
2720	0.2	1.2	0.528
2721	0.2	1.2	0.531
2722	0.2	1.2	0.556
2723	0.2	1.2	0.531
2724	0.2	1.2	0.515
2725	0.2	1.2	0.476
2726	0.1	1.2	0.419
2727	0.1	1.2	0.382
2728	0.1	1.2	0.356
2729	0.2	1.2	0.370
2730	0.2	1.2	0.459
2731	0.2	1.2	0.512
2732	0.2	1.2	0.634
2733	0.2	1.2	0.651
2734	0.2	1.2	0.607
2735	0.2	1.2	0.365
2736	0.2	1.2	0.229
2737	0.2	1.2	0.158
2738	0.2	1.2	0.086
2739	0.2	1.2	0.034
2740	0.2	1.2	0.024
2741	0.2	1.2	0.073
2742	0.2	1.2	0.183
2743	0.2	1.2	0.494
2744	0.2	1.2	0.528
2745	0.2	1.2	0.531
2746	0.2	1.2	0.556
2747	0.2	1.2	0.531
2748	0.2	1.2	0.515
2749	0.2	1.2	0.476
2750	0.1	1.2	0.419
2751	0.1	1.2	0.382
2752	0.1	1.2	0.356
2753	0.1	1.2	0.370
2754	0.1	1.2	0.459
2755	0.2	1.2	0.512
2756	0.2	1.2	0.634
2757	0.2	1.2	0.651
2758	0.2	1.2	0.607
2759	0.2	1.2	0.365
2760	0.2	1.2	0.229
2761	0.2	1.2	0.158
2762	0.2	1.2	0.086
2763	0.2	1.2	0.034
2764	0.2	1.2	0.024
2765	0.2	1.2	0.073
2766	0.2	1.2	0.183
2767	0.2	1.2	0.494
2768	0.2	1.2	0.528
2769	0.2	1.2	0.531
2770	0.2	1.2	0.556
2771	0.2	1.2	0.531
2772	0.1	1.2	0.515
2773	0.1	1.2	0.476
2774	0.1	1.2	0.419
2775	0.1	1.2	0.382
2776	0.1	1.2	0.356
2777	0.1	1.2	0.370
2778	0.1	1.2	0.459
2779	0.1	1.2	0.512
2780	0.1	1.2	0.634
2781	0.1	1.2	0.651
2782	0.1	1.2	0.607
2783	0.1	1.2	0.365
2784	0.1	1.2	0.229
2785	0.1	1.2	0.158
2786	0.1	1.2	0.086
2787	0.1	1.2	0.034
2788	0.1	1.2	0.024
2789	0.1	1.2	0.073
2790	0.1	1.2	0.183
2791	0.1	1.2	0.494
2792	0.1	1.2	0.528
2793	0.1	1.2	0.531
2794	0.1	1.2	0.556
2795	0.1	1.2	0.531
2796	0.1	1.2	0.515
2797	0.1	1.2	0.476
2798	0.1	1.2	0.419
2799	0.1	1.2	0.382
2800	0.1	1.2	0.356
2801	0.1	1.2	0.370
2802	0.1	1.2	0.459
2803	0.1	1.2	0.512
2804	0.2	1.2	0.634
2805	0.2	1.2	0.651
2806	0.2	1.2	0.607
2807	0.2	1.2	0.365
2808	0.2	1.2	0.229
2809	0.2	1.2	0.158
2810	0.2	1.2	0.086
2811	0.2	1.2	0.034
2812	0.2	1.2	0.024
2813	0.2	1.2	0.073
2814	0.2	1.2	0.183
2815	0.2	1.2	0.494
2816	0.2	1.1	0.528
2817	0.2	1.1	0.531
2818	0.1	1.1	0.556
2819	0.1	1.1	0.531
2820	0.1	1.1	0.515
2821	0.1	1.1	0.476
2822	0.1	1.1	0.419
2823	0.1	1.1	0.382
2824	0.1	1.1	0.356
2825	0.1	1.1	0.370
2826	0.1	1.1	0.459
2827	0.1	1.1	0.512
2828	0.1	1.1	0.634
2829	0.2	1.1	0.651
2830	0.2	1.1	0.607
2831	0.2	1.1	0.365
2832	0.2	1.1	0.229
2833	0.2	1.1	0.158
2834	0.2	1.1	0.086
2835	0.2	1.1	0.034
2836	0.2	1.1	0.024
2837	0.2	1.1	0.073
2838	0.2	1.1	0.183
2839	0.2	1.1	0.494
2840	0.2	1.1	0.528
2841	0.2	1.1	0.531
2842	0.2	1.1	0.556
2843	0.1	1.1	0.531
2844	0.1	1.1	0.515
2845	0.1	1.1	0.476
2846	0.1	1.1	0.419
2847	0.1	1.1	0.382
2848	0.1	1.1	0.356
2849	0.1	1.1	0.370
2850	0.1	1.1	0.459
2851	0.1	1.1	0.512
2852	0.1	1.1	0.634
2853	0.1	1.1	0.651
2854	0.1	1.1	0.607
2855	0.1	1.1	0.365
2856	0.1	1.1	0.229
2857	0.1	1.1	0.158
2858	0.1	1.1	0.086
2859	0.1	1.1	0.034
2860	0.1	1.1	0.024
2861	0.1	1.1	0.073
2862	0.2	1.1	0.183
2863	0.1	1.1	0.494
2864	0.1	1.1	0.528
2865	0.1	1.1	0.531
2866	0.1	1.1	0.556
2867	0.1	1.1	0.531
2868	0.1	1.1	0.515
2869	0.1	1.1	0.476
2870	0.1	1.1	0.419
2871	0.1	1.1	0.382
2872	0.1	1.1	0.356
2873	0.1	1.1	0.370
2874	0.1	1.1	0.459
2875	0.1	1.1	0.512
2876	0.1	1.1	0.634
2877	0.1	1.1	0.651
2878	0.1	1.1	0.607
2879	0.1	1.1	0.365
2880	0.1	1.1	0.229
2881	0.0	1.1	0.158
2882	0.0	1.1	0.086
2883	0.0	1.1	0.034
2884	0.0	1.1	0.024
2885	0.0	1.1	0.073
2886	0.0	1.1	0.183
2887	0.0	1.1	0.494
2888	0.0	1.1	0.528
2889	0.0	1.1	0.531
2890	0.0	1.1	0.556
2891	0.0	1.1	0.531
2892	0.0	1.1	0.515
2893	0.0	1.1	0.476
2894	0.0	1.1	0.419
2895	0.0	1.1	0.382
2896	0.0	1.1	0.356
2897	0.0	1.1	0.370
2898	0.0	1.1	0.459
2899	0.0	1.1	0.512
2900	0.0	1.1	0.634
2901	0.0	1.1	0.651
2902	0.0	1.1	0.607
2903	0.0	1.1	0.365
2904	0.0	1.1	0.229
2905	0.0	1.1	0.158
2906	0.0	1.1	0.086
2907	0.0	1.1	0.034
2908	0.0	1.1	0.024
2909	0.0	1.1	0.073
2910	0.0	1.1	0.183
2911	0.0	1.1	0.494
2912	0.0	1.1	0.528
2913	0.0	1.1	0.531
2914	0.0	1.1	0.556
2915	0.0	1.1	0.531
2916	0.0	1.1	0.515
2917	0.0	1.1	0.476
2918	0.0	1.1	0.419
2919	0.0	1.1	0.382
2920	0.0	1.1	0.356
2921	0.0	1.1	0.370
2922	0.0	1.1	0.459
2923	0.0	1.1	0.512
2924	0.0	1.1	0.634
2925	0.0	1.1	0.651
2926	0.0	1.1	0.607
2927	0.0	1.1	0.365
2928	0.0	1.1	0.229
2929	0.0	1.1	0.158
2930	0.0	1.1	0.086
2931	0.0	1.1	0.034
2932	0.0	1.1	0.024
2933	0.0	1.1	0.073
2934	0.0	1.1	0.183
2935	0.0	1.1	0.494
2936	0.0	1.1	0.528
2937	0.0	1.1	0.531
2938	0.0	1.1	0.556
2939	0.0	1.1	0.531
2940	0.0	1.1	0.515
2941	0.0	1.1	0.476
2942	0.0	1.1	0.419
2943	0.0	1.1	0.382
2944	0.0	1.1	0.356
2945	0.0	1.1	0.370
2946	0.0	1.1	0.459
2947	0.0	1.1	0.512
2948	0.0	1.1	0.634
2949	0.0	1.0	0.651
2950	0.0	1.0	0.607
2951	0.0	1.0	0.365
2952	0.0	1.0	0.229
2953	0.0	1.0	0.158
2954	0.0	1.0	0.086
2955	0.0	1.0	0.034
2956	0.0	1.0	0.024
2957	0.0	1.0	0.073
2958	0.0	1.0	0.183
2959	0.0	1.0	0.494
2960	0.0	1.0	0.528
2961	0.0	1.0	0.531
2962	0.0	1.0	0.556
2963	0.0	1.0	0.531
2964	0.0	1.0	0.515
2965	0.0	1.0	0.476
2966	0.0	1.0	0.419
2967	0.0	1.0	0.382
2968	0.0	1.0	0.356
2969	0.0	1.0	0.370
2970	0.0	1.0	0.459
2971	0.0	1.0	0.512
2972	0.0	1.0	0.634
2973	0.0	1.0	0.651
2974	0.0	1.0	0.607
2975	0.0	1.0	0.365
2976	0.0	1.0	0.229
2977	0.0	1.0	0.158
2978	0.0	1.0	0.086
2979	0.0	1.0	0.034
2980	0.0	1.0	0.024
2981	0.0	1.0	0.073
2982	0.0	1.0	0.183
2983	0.0	1.0	0.494
2984	0.0	1.0	0.528
2985	0.0	1.0	0.531
2986	0.0	1.0	0.556
2987	0.0	1.0	0.531
2988	0.0	1.0	0.515
2989	0.0	1.0	0.476
2990	0.0	1.0	0.419
2991	0.0	1.0	0.382
2992	0.0	1.0	0.356
2993	0.0	1.0	0.370
2994	0.0	1.0	0.459
2995	0.0	1.0	0.512
2996	0.0	1.0	0.634
2997	0.0	1.0	0.651
2998	0.0	1.0	0.607
2999	0.0	1.0	0.365
3000	0.0	1.0	0.229
3001	0.0	1.0	0.158
3002	0.0	1.0	0.086
3003	0.0	1.0	0.034
3004	0.0	1.0	0.024
3005	0.0	1.0	0.073
3006	0.0	1.0	0.183
3007	0.0	1.0	0.494
3008	0.0	1.0	0.528
3009	0.0	1.0	0.531
3010	0.0	1.0	0.556
3011	0.0	1.0	0.531
3012	0.0	1.0	0.515
3013	0.0	1.0	0.476
3014	0.0	1.0	0.419
3015	0.0	1.0	0.382
3016	0.0	1.0	0.356
3017	0.0	1.0	0.370
3018	0.0	1.0	0.459
3019	0.0	1.0	0.512
3020	0.0	1.0	0.634
3021	0.0	1.0	0.651
3022	0.0	1.0	0.607
3023	0.0	1.0	0.365
3024	0.0	1.0	0.229
3025	0.0	1.0	0.158
3026	0.0	1.0	0.086
3027	0.0	1.0	0.034
3028	0.0	1.0	0.024
3029	0.0	1.0	0.073
3030	0.0	1.0	0.183
3031	0.0	1.0	0.494
3032	0.0	1.0	0.528
3033	0.0	1.0	0.531
3034	0.0	1.0	0.556
3035	0.0	1.0	0.531
3036	0.0	1.0	0.515
3037	0.0	1.0	0.476
3038	0.0	1.0	0.419
3039	0.0	1.0	0.382
3040	0.0	1.0	0.356
3041	0.0	1.0	0.370
3042	0.0	1.0	0.459
3043	0.0	1.0	0.512
3044	0.0	1.0	0.634
3045	0.0	1.0	0.651
3046	0.0	1.0	0.607
3047	0.0	1.0	0.365
3048	0.0	1.0	0.229
3049	0.0	1.0	0.158
3050	0.0	1.0	0.086
3051	0.0	1.0	0.034
3052	0.0	1.0	0.024
3053	0.0	1.0	0.073
3054	0.0	1.0	0.183
3055	0.0	1.0	0.494
3056	0.0	1.0	0.528
3057	0.0	1.0	0.531
3058	0.0	1.0	0.556
3059	0.0	1.0	0.531
3060	0.0	1.0	0.515
3061	0.0	1.0	0.476
3062	0.0	1.0	0.419
3063	0.0	1.0	0.382
3064	0.0	1.0	0.356
3065	0.0	1.0	0.370
3066	0.0	1.0	0.459
3067	0.0	1.0	0.512
3068	0.0	1.0	0.634
3069	0.0	1.0	0.651
3070	0.0	1.0	0.607
3071	0.0	1.0	0.365
3072	0.0	1.0	0.229
3073	0.0	1.0	0.158
3074	0.0	1.0	0.086
3075	0.0	1.0	0.034
3076	0.0	1.0	0.024
3077	0.0	1.0	0.073
3078	0.0	1.0	0.183
3079	0.0	1.0	0.494
3080	0.0	1.0	0.528
3081	0.0	1.0	0.531
3082	0.0	1.0	0.556
3083	0.0	1.0	0.531
3084	0.0	1.0	0.515
3085	0.0	1.0	0.476
3086	0.0	1.0	0.419
3087	0.0	1.0	0.382
3088	0.0	1.0	0.356
3089	0.0	1.0	0.370
3090	0.0	1.0	0.459
3091	0.0	1.0	0.512
3092	0.0	1.0	0.634
3093	0.0	1.0	0.651
3094	0.0	1.0	0.607
3095	0.0	1.0	0.365
3096	0.0	1.0	0.229
3097	0.0	1.0	0.158
3098	0.0	1.0	0.086
3099	0.0	0.9	0.034
3100	0.0	0.9	0.024
3101	0.0	0.9	0.073
3102	0.0	0.9	0.183
3103	0.0	0.9	0.494
3104	0.0	0.9	0.528
3105	0.0	0.9	0.531
3106	0.0	0.9	0.556
3107	0.0	0.9	0.531
3108	0.0	0.9	0.515
3109	0.0	0.9	0.476
3110	0.0	0.9	0.419
3111	0.0	0.9	0.382
3112	0.0	0.9	0.356
3113	0.0	0.9	0.370
3114	0.0	0.9	0.459
3115	0.0	0.9	0.512
3116	0.0	0.9	0.634
3117	0.0	0.9	0.651
3118	0.0	0.9	0.607
3119	0.0	0.9	0.365
3120	0.0	0.9	0.229
3121	0.0	0.9	0.158
3122	0.0	0.9	0.086
3123	0.0	0.9	0.034
3124	0.0	0.9	0.024
3125	0.0	0.9	0.073
3126	0.0	0.9	0.183
3127	0.0	0.9	0.494
3128	0.0	0.9	0.528
3129	0.0	0.9	0.531
3130	0.0	0.9	0.556
3131	0.0	0.9	0.531
3132	0.0	0.9	0.515
3133	0.0	0.9	0.476
3134	0.0	0.9	0.419
3135	0.0	0.9	0.382
3136	0.0	0.9	0.356
3137	0.0	0.9	0.370
3138	0.0	0.9	0.459
3139	0.0	0.9	0.512
3140	0.0	0.9	0.634
3141	0.0	0.9	0.651
3142	0.0	0.9	0.607
3143	0.0	0.9	0.365
3144	0.0	0.9	0.229
3145	0.0	0.9	0.158
3146	0.0	0.9	0.086
3147	0.0	0.9	0.034
3148	0.0	0.9	0.024
3149	0.0	0.9	0.073
3150	0.0	0.9	0.183
3151	0.0	0.9	0.494
3152	0.0	0.9	0.528
3153	0.0	0.9	0.531
3154	0.0	0.9	0.556
3155	0.0	0.9	0.531
3156	0.0	0.9	0.515
3157	0.0	0.9	0.476
3158	0.0	0.9	0.419
3159	0.0	0.9	0.382
3160	0.0	0.9	0.356
3161	0.0	0.9	0.370
3162	0.0	0.9	0.459
3163	0.0	0.9	0.512
3164	0.0	0.9	0.634
3165	0.0	0.9	0.651
3166	0.0	0.9	0.607
3167	0.0	0.9	0.365
3168	0.0	0.9	0.229
3169	0.0	0.9	0.158
3170	0.0	0.9	0.086
3171	0.0	0.9	0.034
3172	0.0	0.9	0.024
3173	0.0	0.9	0.073
3174	0.0	0.9	0.183
3175	0.0	0.9	0.494
3176	0.0	0.9	0.528
3177	0.0	0.9	0.531
3178	0.0	0.9	0.556
3179	0.0	0.9	0.531
3180	0.0	0.9	0.515
3181	0.0	0.9	0.476
3182	0.0	0.9	0.419
3183	0.0	0.9	0.382
3184	0.0	0.9	0.356
3185	0.0	0.9	0.370
3186	0.0	0.9	0.459
3187	0.0	0.9	0.512
3188	0.0	0.9	0.634
3189	0.0	0.9	0.651
3190	0.0	0.9	0.607
3191	0.0	0.9	0.365
3192	0.0	0.9	0.229
3193	0.0	0.9	0.158
3194	0.0	0.9	0.086
3195	0.0	0.9	0.034
3196	0.0	0.9	0.024
3197	0.0	0.9	0.073
3198	0.0	0.9	0.183
3199	0.0	0.9	0.494
3200	0.0	0.9	0.528
3201	0.0	0.9	0.531
3202	0.0	0.9	0.556
3203	0.0	0.9	0.531
3204	0.0	0.9	0.515
3205	0.0	0.9	0.476
3206	0.0	0.9	0.419
3207	0.0	0.9	0.382
3208	0.0	0.9	0.356
3209	0.0	0.9	0.370
3210	0.0	0.9	0.459
3211	0.0	0.9	0.512
3212	0.0	0.9	0.634
3213	0.0	0.9	0.651
3214	0.0	0.9	0.607
3215	0.0	0.9	0.365
3216	0.0	0.9	0.229
3217	0.0	0.9	0.158
3218	0.0	0.9	0.086
3219	0.0	0.9	0.034
3220	0.0	0.9	0.024
3221	0.0	0.9	0.073
3222	0.0	0.9	0.183
3223	0.0	0.9	0.494
3224	0.0	0.9	0.528
3225	0.0	0.9	0.531
3226	0.0	0.9	0.556
3227	0.0	0.9	0.531
3228	0.0	0.8	0.515
3229	0.0	0.8	0.476
3230	0.0	0.8	0.419
3231	0.0	0.8	0.382
3232	0.0	0.8	0.356
3233	0.0	0.8	0.370
3234	0.0	0.8	0.459
3235	0.0	0.8	0.512
3236	0.0	0.8	0.634
3237	0.0	0.8	0.651
3238	0.0	0.8	0.607
3239	0.0	0.8	0.365
3240	0.0	0.8	0.229
3241	0.0	0.8	0.158
3242	0.0	0.8	0.086
3243	0.0	0.8	0.034
3244	0.0	0.8	0.024
3245	0.0	0.8	0.073
3246	0.0	0.8	0.183
3247	0.0	0.8	0.494
3248	0.0	0.8	0.528
3249	0.0	0.8	0.531
3250	0.0	0.8	0.556
3251	0.0	0.8	0.531
3252	0.0	0.8	0.515
3253	0.0	0.8	0.476
3254	0.0	0.8	0.419
3255	0.0	0.8	0.382
3256	0.0	0.8	0.356
3257	0.0	0.8	0.370
3258	0.0	0.8	0.459
3259	0.0	0.8	0.512
3260	0.0	0.8	0.634
3261	0.0	0.8	0.651
3262	0.0	0.8	0.607
3263	0.0	0.8	0.365
3264	0.0	0.8	0.229
3265	0.0	0.8	0.158
3266	0.0	0.8	0.086
3267	0.0	0.8	0.034
3268	0.0	0.8	0.024
3269	0.0	0.8	0.073
3270	0.0	0.8	0.183
3271	0.0	0.8	0.494
3272	0.0	0.8	0.528
3273	0.0	0.8	0.531
3274	0.0	0.8	0.556
3275	0.0	0.8	0.531
3276	0.0	0.8	0.515
3277	0.0	0.8	0.476
3278	0.0	0.8	0.419
3279	0.0	0.8	0.382
3280	0.0	0.8	0.356
3281	0.0	0.8	0.370
3282	0.0	0.8	0.459
3283	0.0	0.8	0.512
3284	0.0	0.8	0.634
3285	0.0	0.8	0.651
3286	0.0	0.8	0.607
3287	0.0	0.8	0.365
3288	0.0	0.8	0.229
3289	0.0	0.8	0.158
3290	0.0	0.8	0.086
3291	0.0	0.8	0.034
3292	0.0	0.8	0.024
3293	0.0	0.8	0.073
3294	0.0	0.8	0.183
3295	0.0	0.8	0.494
3296	0.0	0.8	0.528
3297	0.0	0.8	0.531
3298	0.0	0.8	0.556
3299	0.0	0.8	0.531
3300	0.0	0.8	0.515
3301	0.0	0.8	0.476
3302	0.0	0.8	0.419
3303	0.0	0.8	0.382
3304	0.0	0.8	0.356
3305	0.0	0.8	0.370
3306	0.0	0.8	0.459
3307	0.0	0.8	0.512
3308	0.0	0.8	0.634
3309	0.0	0.8	0.651
3310	0.0	0.8	0.607
3311	0.0	0.8	0.365
3312	0.0	0.8	0.229
3313	0.0	0.8	0.158
3314	0.0	0.8	0.086
3315	0.0	0.8	0.034
3316	0.0	0.8	0.024
3317	0.0	0.8	0.073
3318	0.0	0.8	0.183
3319	0.0	0.8	0.494
3320	0.0	0.8	0.528
3321	0.0	0.8	0.531
3322	0.0	0.8	0.556
3323	0.0	0.8	0.531
3324	0.0	0.8	0.515
3325	0.0	0.8	0.476
3326	0.0	0.8	0.419
3327	0.0	0.8	0.382
3328	0.0	0.8	0.356
3329	0.0	0.8	0.370
3330	0.0	0.8	0.459
3331	0.0	0.8	0.512
3332	0.0	0.7	0.634
3333	0.0	0.7	0.651
3334	0.0	0.7	0.607
3335	0.0	0.7	0.365
3336	0.0	0.7	0.229
3337	0.0	0.7	0.158
3338	0.0	0.7	0.086
3339	0.0	0.7	0.034
3340	0.0	0.7	0.024
3341	0.0	0.7	0.073
3342	0.0	0.7	0.183
3343	0.0	0.7	0.494
3344	0.0	0.7	0.528
3345	0.0	0.7	0.531
3346	0.0	0.7	0.556
3347	0.0	0.7	0.531
3348	0.0	0.7	0.515
3349	0.0	0.7	0.476
3350	0.0	0.7	0.419
3351	0.0	0.7	0.382
3352	0.0	0.7	0.356
3353	0.0	0.7	0.370
3354	0.0	0.7	0.459
3355	0.0	0.7	0.512
3356	0.0	0.7	0.634
3357	0.0	0.7	0.651
3358	0.0	0.7	0.607
3359	0.0	0.7	0.365
3360	0.0	0.7	0.229
3361	0.0	0.7	0.158
3362	0.0	0.7	0.086
3363	0.0	0.7	0.034
3364	0.0	0.7	0.024
3365	0.0	0.7	0.073
3366	0.0	0.7	0.183
3367	0.0	0.7	0.494
3368	0.0	0.7	0.528
3369	0.0	0.7	0.531
3370	0.0	0.7	0.556
3371	0.0	0.7	0.531
3372	0.0	0.7	0.515
3373	0.0	0.7	0.476
3374	0.0	0.7	0.419
3375	0.0	0.7	0.382
3376	0.0	0.7	0.356
3377	0.0	0.7	0.370
3378	0.0	0.7	0.459
3379	0.0	0.7	0.512
3380	0.0	0.7	0.634
3381	0.0	0.7	0.651
3382	0.0	0.7	0.607
3383	0.0	0.7	0.365
3384	0.0	0.7	0.229
3385	0.0	0.7	0.158
3386	0.0	0.7	0.086
3387	0.0	0.7	0.034
3388	0.0	0.7	0.024
3389	0.0	0.7	0.073
3390	0.0	0.7	0.183
3391	0.0	0.7	0.494
3392	0.0	0.7	0.528
3393	0.0	0.7	0.531
3394	0.0	0.7	0.556
3395	0.0	0.7	0.531
3396	0.0	0.7	0.515
3397	0.0	0.7	0.476
3398	0.0	0.7	0.419
3399	0.0	0.7	0.382
3400	0.0	0.7	0.356
3401	0.0	0.7	0.370
3402	0.0	0.7	0.459
3403	0.0	0.7	0.512
3404	0.0	0.7	0.634
3405	0.0	0.7	0.651
3406	0.0	0.7	0.607
3407	0.0	0.7	0.365
3408	0.0	0.7	0.229
3409	0.0	0.7	0.158
3410	0.0	0.7	0.086
3411	0.0	0.7	0.034
3412	0.0	0.7	0.024
3413	0.0	0.7	0.073
3414	0.0	0.7	0.183
3415	0.0	0.7	0.494
3416	0.0	0.7	0.528
3417	0.0	0.7	0.531
3418	0.0	0.7	0.556
3419	0.0	0.7	0.531
3420	0.0	0.7	0.515
3421	0.0	0.7	0.476
3422	0.0	0.7	0.419
3423	0.0	0.7	0.382
3424	0.0	0.7	0.356
3425	0.0	0.7	0.370
3426	0.0	0.7	0.459
3427	0.0	0.7	0.512
3428	0.0	0.7	0.634
3429	0.0	0.7	0.651
3430	0.0	0.7	0.607
3431	0.0	0.7	0.365
3432	0.0	0.7	0.229
3433	0.0	0.7	0.158
3434	0.0	0.7	0.086
3435	0.0	0.7	0.034
3436	0.0	0.7	0.024
3437	0.0	0.7	0.073
3438	0.0	0.7	0.183
3439	0.0	0.7	0.494
3440	0.0	0.7	0.528
3441	0.0	0.6	0.531
3442	0.0	0.6	0.556
3443	0.0	0.6	0.531
3444	0.0	0.6	0.515
3445	0.0	0.6	0.476
3446	0.0	0.6	0.419
3447	0.0	0.6	0.382
3448	0.0	0.6	0.356
3449	0.0	0.6	0.370
3450	0.0	0.6	0.459
3451	0.0	0.6	0.512
3452	0.0	0.6	0.634
3453	0.0	0.6	0.651
3454	0.0	0.6	0.607
3455	0.0	0.6	0.365
3456	0.0	0.6	0.229
3457	0.0	0.6	0.158
3458	0.0	0.6	0.086
3459	0.0	0.6	0.034
3460	0.0	0.6	0.024
3461	0.0	0.6	0.073
3462	0.0	0.6	0.183
3463	0.0	0.6	0.494
3464	0.0	0.6	0.528
3465	0.0	0.6	0.531
3466	0.0	0.6	0.556
3467	0.0	0.6	0.531
3468	0.0	0.6	0.515
3469	0.0	0.6	0.476
3470	0.0	0.6	0.419
3471	0.0	0.6	0.382
3472	0.0	0.6	0.356
3473	0.0	0.6	0.370
3474	0.0	0.6	0.459
3475	0.0	0.6	0.512
3476	0.0	0.6	0.634
3477	0.0	0.6	0.651
3478	0.0	0.6	0.607
3479	0.0	0.6	0.365
3480	0.0	0.6	0.229
3481	0.0	0.6	0.158
3482	0.0	0.6	0.086
3483	0.0	0.6	0.034
3484	0.0	0.6	0.024
3485	0.0	0.6	0.073
3486	0.0	0.6	0.183
3487	0.0	0.6	0.494
3488	0.0	0.6	0.528
3489	0.0	0.6	0.531
3490	0.0	0.6	0.556
3491	0.0	0.6	0.531
3492	0.0	0.6	0.515
3493	0.0	0.6	0.476
3494	0.0	0.6	0.419
3495	0.0	0.6	0.382
3496	0.0	0.6	0.356
3497	0.0	0.6	0.370
3498	0.0	0.6	0.459
3499	0.0	0.6	0.512
3500	0.0	0.6	0.634
3501	0.0	0.6	0.651
3502	0.0	0.6	0.607
3503	0.0	0.6	0.365
3504	0.0	0.6	0.229
3505	0.0	0.6	0.158
3506	0.0	0.6	0.086
3507	0.0	0.6	0.034
3508	0.0	0.6	0.024
3509	0.0	0.6	0.073
3510	0.0	0.6	0.183
3511	0.0	0.6	0.494
3512	0.0	0.6	0.528
3513	0.0	0.6	0.531
3514	0.0	0.6	0.556
3515	0.0	0.6	0.531
3516	0.0	0.6	0.515
3517	0.0	0.6	0.476
3518	0.0	0.6	0.419
3519	0.0	0.6	0.382
3520	0.0	0.6	0.356
3521	0.0	0.6	0.370
3522	0.0	0.6	0.459
3523	0.0	0.6	0.512
3524	0.0	0.6	0.634
3525	0.0	0.6	0.651
3526	0.0	0.6	0.607
3527	0.0	0.6	0.365
3528	0.0	0.6	0.229
3529	0.0	0.6	0.158
3530	0.0	0.6	0.086
3531	0.0	0.6	0.034
3532	0.0	0.6	0.024
3533	0.0	0.6	0.073
3534	0.0	0.6	0.183
3535	0.0	0.5	0.494
3536	0.0	0.5	0.528
3537	0.0	0.5	0.531
3538	0.0	0.5	0.556
3539	0.0	0.5	0.531
3540	0.0	0.5	0.515
3541	0.0	0.5	0.476
3542	0.0	0.5	0.419
3543	0.0	0.5	0.382
3544	0.0	0.5	0.356
3545	0.0	0.5	0.370
3546	0.0	0.5	0.459
3547	0.0	0.5	0.512
3548	0.0	0.5	0.634
3549	0.0	0.5	0.651
3550	0.0	0.5	0.607
3551	0.0	0.5	0.365
3552	0.0	0.5	0.229
3553	0.0	0.5	0.158
3554	0.0	0.5	0.086
3555	0.0	0.5	0.034
3556	0.0	0.5	0.024
3557	0.0	0.5	0.073
3558	0.0	0.5	0.183
3559	0.0	0.5	0.494
3560	0.0	0.5	0.528
3561	0.0	0.5	0.531
3562	0.0	0.5	0.556
3563	0.0	0.5	0.531
3564	0.0	0.5	0.515
3565	0.0	0.5	0.476
3566	0.0	0.5	0.419
3567	0.0	0.5	0.382
3568	0.0	0.5	0.356
3569	0.0	0.5	0.370
3570	0.0	0.5	0.459
3571	0.0	0.5	0.512
3572	0.0	0.5	0.634
3573	0.0	0.5	0.651
3574	0.0	0.5	0.607
3575	0.0	0.5	0.365
3576	0.0	0.5	0.229
3577	0.0	0.5	0.158
3578	0.0	0.5	0.086
3579	0.0	0.5	0.034
3580	0.0	0.5	0.024
3581	0.0	0.5	0.073
3582	0.0	0.5	0.183
3583	0.0	0.5	0.494
3584	0.0	0.5	0.528
3585	0.0	0.5	0.531
3586	0.0	0.5	0.556
3587	0.0	0.5	0.531
3588	0.0	0.5	0.515
3589	0.0	0.5	0.476
3590	0.0	0.5	0.419
3591	0.0	0.5	0.382
3592	0.0	0.5	0.356
3593	0.0	0.5	0.370
3594	0.0	0.5	0.459
3595	0.0	0.5	0.512
3596	0.0	0.5	0.634
3597	0.0	0.5	0.651
3598	0.0	0.5	0.607
3599	0.0	0.5	0.365
3600	0.0	0.5	0.229
3601	0.0	0.5	0.158
3602	0.0	0.5	0.086
3603	0.0	0.5	0.034
3604	0.0	0.5	0.024
3605	0.0	0.5	0.073
3606	0.0	0.5	0.183
3607	0.0	0.5	0.494
3608	0.0	0.5	0.528
3609	0.0	0.5	0.531
3610	0.0	0.5	0.556
3611	0.0	0.5	0.531
3612	0.0	0.5	0.515
3613	0.0	0.5	0.476
3614	0.0	0.5	0.419
3615	0.0	0.5	0.382
3616	0.0	0.5	0.356
3617	0.0	0.5	0.370
3618	0.0	0.5	0.459
3619	0.0	0.5	0.512
3620	0.0	0.5	0.634
3621	0.0	0.5	0.651
3622	0.0	0.5	0.607
3623	0.0	0.5	0.365
3624	0.0	0.5	0.229
3625	0.0	0.5	0.158
3626	0.0	0.5	0.086
3627	0.0	0.5	0.034
3628	0.0	0.5	0.024
3629	0.0	0.5	0.073
3630	0.0	0.5	0.183
3631	0.0	0.5	0.494
3632	0.0	0.5	0.528
3633	0.0	0.5	0.531
3634	0.0	0.5	0.556
3635	0.0	0.5	0.531
3636	0.0	0.5	0.515
3637	0.0	0.5	0.476
3638	0.0	0.5	0.419
3639	0.0	0.5	0.382
3640	0.0	0.5	0.356
3641	0.0	0.5	0.370
3642	0.0	0.5	0.459
3643	0.0	0.5	0.512
3644	0.0	0.5	0.634
3645	0.0	0.5	0.651
3646	0.0	0.5	0.607
3647	0.0	0.5	0.365
3648	0.0	0.5	0.229
3649	0.0	0.5	0.158
3650	0.0	0.5	0.086
3651	0.0	0.5	0.034
3652	0.0	0.5	0.024
3653	0.0	0.5	0.073
3654	0.0	0.5	0.183
3655	0.0	0.5	0.494
3656	0.0	0.5	0.528
3657	0.0	0.5	0.531
3658	0.0	0.5	0.556
3659	0.0	0.5	0.531
3660	0.0	0.5	0.515
3661	0.0	0.5	0.476
3662	0.0	0.5	0.419
3663	0.0	0.5	0.382
3664	0.0	0.5	0.356
3665	0.0	0.5	0.370
3666	0.0	0.5	0.459
3667	0.0	0.5	0.512
3668	0.0	0.5	0.634
3669	0.0	0.5	0.651
3670	0.0	0.5	0.607
3671	0.0	0.5	0.365
3672	0.0	0.5	0.229
3673	0.0	0.5	0.158
3674	0.0	0.5	0.086
3675	0.0	0.5	0.034
3676	0.0	0.5	0.024
3677	0.0	0.5	0.073
3678	0.0	0.5	0.183
3679	0.0	0.5	0.494
3680	0.0	0.5	0.528
3681	0.0	0.5	0.531
3682	0.0	0.5	0.556
3683	0.0	0.5	0.531
3684	0.0	0.5	0.515
3685	0.0	0.5	0.476
3686	0.0	0.5	0.419
3687	0.0	0.5	0.382
3688	0.0	0.5	0.356
3689	0.0	0.5	0.370
3690	0.0	0.5	0.459
3691	0.0	0.5	0.512
3692	0.0	0.5	0.634
3693	0.0	0.5	0.651
3694	0.0	0.4	0.607
3695	0.0	0.4	0.365
3696	0.0	0.4	0.229
3697	0.0	0.4	0.158
3698	0.0	0.4	0.086
3699	0.0	0.4	0.034
3700	0.0	0.4	0.024
3701	0.0	0.4	0.073
3702	0.0	0.4	0.183
3703	0.0	0.4	0.494
3704	0.0	0.4	0.528
3705	0.0	0.4	0.531
3706	0.0	0.4	0.556
3707	0.0	0.4	0.531
3708	0.0	0.4	0.515
3709	0.0	0.4	0.476
3710	0.0	0.4	0.419
3711	0.0	0.4	0.382
3712	0.0	0.4	0.356
3713	0.0	0.4	0.370
3714	0.0	0.4	0.459
3715	0.0	0.4	0.512
3716	0.0	0.4	0.634
3717	0.0	0.4	0.651
3718	0.0	0.4	0.607
3719	0.0	0.4	0.365
3720	0.0	0.4	0.229
3721	0.0	0.4	0.158
3722	0.0	0.4	0.086
3723	0.0	0.4	0.034
3724	0.0	0.4	0.024
3725	0.0	0.4	0.073
3726	0.0	0.4	0.183
3727	0.0	0.4	0.494
3728	0.0	0.4	0.528
3729	0.0	0.4	0.531
3730	0.0	0.4	0.556
3731	0.0	0.4	0.531
3732	0.0	0.4	0.515
3733	0.0	0.4	0.476
3734	0.0	0.4	0.419
3735	0.0	0.4	0.382
3736	0.0	0.4	0.356
3737	0.0	0.4	0.370
3738	0.0	0.4	0.459
3739	0.0	0.4	0.512
3740	0.0	0.4	0.634
3741	0.0	0.4	0.651
3742	0.0	0.4	0.607
3743	0.0	0.4	0.365
3744	0.0	0.4	0.229
3745	0.0	0.4	0.158
3746	0.0	0.4	0.086
3747	0.0	0.4	0.034
3748	0.0	0.4	0.024
3749	0.0	0.4	0.073
3750	0.0	0.4	0.183
3751	0.0	0.4	0.494
3752	0.0	0.4	0.528
3753	0.0	0.4	0.531
3754	0.0	0.4	0.556
3755	0.0	0.4	0.531
3756	0.0	0.4	0.515
3757	0.0	0.4	0.476
3758	0.0	0.4	0.419
3759	0.0	0.4	0.382
3760	0.0	0.4	0.356
3761	0.0	0.4	0.370
3762	0.0	0.4	0.459
3763	0.0	0.4	0.512
3764	0.0	0.4	0.634
3765	0.0	0.4	0.651
3766	0.0	0.4	0.607
3767	0.0	0.4	0.365
3768	0.0	0.4	0.229
3769	0.0	0.4	0.158
3770	0.0	0.4	0.086
3771	0.0	0.4	0.034
3772	0.0	0.4	0.024
3773	0.0	0.4	0.073
3774	0.0	0.4	0.183
3775	0.0	0.4	0.494
3776	0.0	0.4	0.528
3777	0.0	0.4	0.531
3778	0.0	0.4	0.556
3779	0.0	0.4	0.531
3780	0.0	0.4	0.515
3781	0.0	0.4	0.476
3782	0.0	0.4	0.419
3783	0.0	0.4	0.382
3784	0.0	0.4	0.356
3785	0.0	0.4	0.370
3786	0.0	0.4	0.459
3787	0.0	0.4	0.512
3788	0.0	0.4	0.634
3789	0.0	0.4	0.651
3790	0.0	0.4	0.607
3791	0.0	0.4	0.365
3792	0.0	0.4	0.229
3793	0.0	0.4	0.158
3794	0.0	0.4	0.086
3795	0.0	0.4	0.034
3796	0.0	0.4	0.024
3797	0.0	0.4	0.073
3798	0.0	0.4	0.183
3799	0.0	0.4	0.494
3800	0.0	0.4	0.528
3801	0.0	0.4	0.531
3802	0.0	0.4	0.556
3803	0.0	0.4	0.531
3804	0.0	0.4	0.515
3805	0.0	0.4	0.476
3806	0.0	0.4	0.419
3807	0.0	0.4	0.382
3808	0.0	0.4	0.356
3809	0.0	0.4	0.370
3810	0.0	0.4	0.459
3811	0.0	0.4	0.512
3812	0.0	0.4	0.634
3813	0.0	0.4	0.651
3814	0.0	0.4	0.607
3815	0.0	0.4	0.365
3816	0.0	0.4	0.229
3817	0.0	0.4	0.158
3818	0.0	0.4	0.086
3819	0.0	0.4	0.034
3820	0.0	0.4	0.024
3821	0.0	0.4	0.073
3822	0.0	0.4	0.183
3823	0.0	0.4	0.494
3824	0.0	0.4	0.528
3825	0.0	0.4	0.531
3826	0.0	0.4	0.556
3827	0.0	0.4	0.531
3828	0.0	0.4	0.515
3829	0.0	0.4	0.476
3830	0.0	0.4	0.419
3831	0.0	0.4	0.382
3832	0.0	0.4	0.356
3833	0.0	0.4	0.370
3834	0.0	0.4	0.459
3835	0.0	0.4	0.512
3836	0.0	0.4	0.634
3837	0.0	0.4	0.651
3838	0.0	0.4	0.607
3839	0.0	0.4	0.365
3840	0.0	0.4	0.229
3841	0.0	0.4	0.158
3842	0.0	0.4	0.086
3843	0.0	0.4	0.034
3844	0.0	0.4	0.024
3845	0.0	0.4	0.073
3846	0.0	0.4	0.183
3847	0.0	0.4	0.494
3848	0.0	0.4	0.528
3849	0.0	0.4	0.531
3850	0.0	0.4	0.556
3851	0.0	0.4	0.531
3852	0.0	0.4	0.515
3853	0.0	0.4	0.476
3854	0.0	0.4	0.419
3855	0.0	0.4	0.382
3856	0.0	0.4	0.356
3857	0.0	0.4	0.370
3858	0.0	0.4	0.459
3859	0.0	0.4	0.512
3860	0.0	0.4	0.634
3861	0.0	0.4	0.651
3862	0.0	0.4	0.607
3863	0.0	0.4	0.365
3864	0.0	0.4	0.229
3865	0.0	0.4	0.158
3866	0.0	0.4	0.086
3867	0.0	0.4	0.034
3868	0.0	0.4	0.024
3869	0.0	0.4	0.073
3870	0.0	0.4	0.183
3871	0.0	0.4	0.494
3872	0.0	0.4	0.528
3873	0.0	0.4	0.531
3874	0.0	0.4	0.556
3875	0.0	0.4	0.531
3876	0.0	0.4	0.515
3877	0.0	0.4	0.476
3878	0.0	0.4	0.419
3879	0.0	0.4	0.382
3880	0.0	0.4	0.356
3881	0.0	0.4	0.370
3882	0.0	0.4	0.459
3883	0.0	0.4	0.512
3884	0.0	0.4	0.634
3885	0.0	0.4	0.651
3886	0.0	0.4	0.607
3887	0.0	0.4	0.365
3888	0.0	0.4	0.229
3889	0.0	0.4	0.158
3890	0.0	0.4	0.086
3891	0.0	0.4	0.034
3892	0.0	0.4	0.024
3893	0.0	0.3	0.073
3894	0.0	0.3	0.183
3895	0.0	0.3	0.494
3896	0.0	0.3	0.528
3897	0.0	0.3	0.531
3898	0.0	0.3	0.556
3899	0.0	0.3	0.531
3900	0.0	0.3	0.515
3901	0.0	0.3	0.476
3902	0.0	0.3	0.419
3903	0.0	0.3	0.382
3904	0.0	0.3	0.356
3905	0.0	0.3	0.370
3906	0.0	0.3	0.459
3907	0.0	0.3	0.512
3908	0.0	0.3	0.634
3909	0.0	0.3	0.651
3910	0.0	0.3	0.607
3911	0.0	0.3	0.365
3912	0.0	0.3	0.229
3913	0.0	0.3	0.158
3914	0.0	0.3	0.086
3915	0.0	0.3	0.034
3916	0.0	0.3	0.024
3917	0.0	0.3	0.073
3918	0.0	0.3	0.183
3919	0.0	0.3	0.494
3920	0.0	0.3	0.528
3921	0.0	0.3	0.531
3922	0.0	0.3	0.556
3923	0.0	0.3	0.531
3924	0.0	0.3	0.515
3925	0.0	0.3	0.476
3926	0.0	0.3	0.419
3927	0.0	0.3	0.382
3928	0.0	0.3	0.356
3929	0.0	0.3	0.370
3930	0.0	0.3	0.459
3931	0.0	0.3	0.512
3932	0.0	0.3	0.634
3933	0.0	0.3	0.651
3934	0.0	0.3	0.607
3935	0.0	0.3	0.365
3936	0.0	0.3	0.229
3937	0.0	0.3	0.158
3938	0.0	0.3	0.086
3939	0.0	0.3	0.034
3940	0.0	0.3	0.024
3941	0.0	0.3	0.073
3942	0.0	0.3	0.183
3943	0.0	0.3	0.494
3944	0.0	0.3	0.528
3945	0.0	0.3	0.531
3946	0.0	0.3	0.556
3947	0.0	0.3	0.531
3948	0.0	0.3	0.515
3949	0.0	0.3	0.476
3950	0.0	0.3	0.419
3951	0.0	0.3	0.382
3952	0.0	0.3	0.356
3953	0.0	0.3	0.370
3954	0.0	0.3	0.459
3955	0.0	0.3	0.512
3956	0.0	0.3	0.634
3957	0.0	0.3	0.651
3958	0.0	0.3	0.607
3959	0.0	0.3	0.365
3960	0.0	0.3	0.229
3961	0.0	0.3	0.158
3962	0.0	0.3	0.086
3963	0.0	0.3	0.034
3964	0.0	0.3	0.024
3965	0.0	0.3	0.073
3966	0.0	0.3	0.183
3967	0.0	0.3	0.494
3968	0.0	0.3	0.528
3969	0.0	0.3	0.531
3970	0.0	0.3	0.556
3971	0.0	0.3	0.531
3972	0.0	0.3	0.515
3973	0.0	0.3	0.476
3974	0.0	0.3	0.419
3975	0.0	0.3	0.382
3976	0.0	0.3	0.356
3977	0.0	0.3	0.370
3978	0.0	0.3	0.459
3979	0.0	0.3	0.512
3980	0.0	0.3	0.634
3981	0.0	0.3	0.651
3982	0.0	0.3	0.607
3983	0.0	0.3	0.365
3984	0.0	0.3	0.229
3985	0.0	0.3	0.158
3986	0.0	0.3	0.086
3987	0.0	0.3	0.034
3988	0.0	0.3	0.024
3989	0.0	0.3	0.073
3990	0.0	0.3	0.183
3991	0.0	0.3	0.494
3992	0.0	0.3	0.528
3993	0.0	0.3	0.531
3994	0.0	0.3	0.556
3995	0.0	0.3	0.531
3996	0.0	0.3	0.515
3997	0.0	0.3	0.476
3998	0.0	0.3	0.419
3999	0.0	0.3	0.382
4000	0.0	0.3	0.356
4001	0.0	0.3	0.370
4002	0.0	0.3	0.459
4003	0.0	0.3	0.512
4004	0.0	0.3	0.634
4005	0.0	0.3	0.651
4006	0.0	0.3	0.607
4007	0.0	0.3	0.365
4008	0.0	0.3	0.229
4009	0.0	0.3	0.158
4010	0.0	0.3	0.086
4011	0.0	0.3	0.034
4012	0.0	0.3	0.024
4013	0.0	0.3	0.073
4014	0.0	0.3	0.183
4015	0.0	0.3	0.494
4016	0.0	0.3	0.528
4017	0.0	0.3	0.531
4018	0.0	0.3	0.556
4019	0.0	0.3	0.531
4020	0.0	0.3	0.515
4021	0.0	0.3	0.476
4022	0.0	0.3	0.419
4023	0.0	0.3	0.382
4024	0.0	0.3	0.356
4025	0.0	0.3	0.370
4026	0.0	0.3	0.459
4027	0.0	0.3	0.512
4028	0.0	0.3	0.634
4029	0.0	0.3	0.651
4030	0.0	0.3	0.607
4031	0.0	0.3	0.365
4032	0.0	0.3	0.229
4033	0.0	0.3	0.158
4034	0.0	0.3	0.086
4035	0.0	0.3	0.034
4036	0.0	0.3	0.024
4037	0.0	0.3	0.073
4038	0.0	0.3	0.183
4039	0.0	0.3	0.494
4040	0.0	0.3	0.528
4041	0.0	0.3	0.531
4042	0.0	0.3	0.556
4043	0.0	0.3	0.531
4044	0.0	0.3	0.515
4045	0.0	0.3	0.476
4046	0.0	0.3	0.419
4047	0.0	0.3	0.382
4048	0.0	0.3	0.356
4049	0.0	0.3	0.370
4050	0.0	0.3	0.459
4051	0.0	0.3	0.512
4052	0.0	0.3	0.634
4053	0.0	0.3	0.651
4054	0.0	0.3	0.607
4055	0.0	0.3	0.365
4056	0.0	0.3	0.229
4057	0.0	0.3	0.158
4058	0.0	0.3	0.086
4059	0.0	0.3	0.034
4060	0.0	0.3	0.024
4061	0.0	0.3	0.073
4062	0.0	0.3	0.183
4063	0.0	0.3	0.494
4064	0.0	0.3	0.528
4065	0.0	0.3	0.531
4066	0.0	0.3	0.556
4067	0.0	0.3	0.531
4068	0.0	0.3	0.515
4069	0.0	0.3	0.476
4070	0.0	0.3	0.419
4071	0.0	0.3	0.382
4072	0.0	0.3	0.356
4073	0.0	0.3	0.370
4074	0.0	0.3	0.459
4075	0.0	0.3	0.512
4076	0.0	0.3	0.634
4077	0.0	0.3	0.651
4078	0.0	0.3	0.607
4079	0.0	0.3	0.365
4080	0.0	0.3	0.229
4081	0.0	0.3	0.158
4082	0.0	0.3	0.086
4083	0.0	0.3	0.034
4084	0.0	0.3	0.024
4085	0.0	0.3	0.073
4086	0.0	0.3	0.183
4087	0.0	0.3	0.494
4088	0.0	0.3	0.528
4089	0.0	0.3	0.531
4090	0.0	0.3	0.556
4091	0.0	0.3	0.531
4092	0.0	0.3	0.515
4093	0.0	0.3	0.476
4094	0.0	0.3	0.419
4095	0.0	0.2	0.382
4096	0.0	0.2	0.356
4097	0.0	0.2	0.370
4098	0.0	0.2	0.459
4099	0.0	0.2	0.512
4100	0.0	0.2	0.634
4101	0.0	0.2	0.651
4102	0.0	0.2	0.607
4103	0.0	0.2	0.365
4104	0.0	0.2	0.229
4105	0.0	0.2	0.158
4106	0.0	0.2	0.086
4107	0.0	0.2	0.034
4108	0.0	0.2	0.024
4109	0.0	0.2	0.073
4110	0.0	0.2	0.183
4111	0.0	0.2	0.494
4112	0.0	0.2	0.528
4113	0.0	0.2	0.531
4114	0.0	0.2	0.556
4115	0.0	0.2	0.531
4116	0.0	0.2	0.515
4117	0.0	0.2	0.476
4118	0.0	0.2	0.419
4119	0.0	0.2	0.382
4120	0.0	0.2	0.356
4121	0.0	0.2	0.370
4122	0.0	0.2	0.459
4123	0.0	0.2	0.512
4124	0.0	0.2	0.634
4125	0.0	0.2	0.651
4126	0.0	0.2	0.607
4127	0.0	0.2	0.365
4128	0.0	0.2	0.229
4129	0.0	0.2	0.158
4130	0.0	0.2	0.086
4131	0.0	0.2	0.034
4132	0.0	0.2	0.024
4133	0.0	0.2	0.073
4134	0.0	0.2	0.183
4135	0.0	0.2	0.494
4136	0.0	0.2	0.528
4137	0.0	0.2	0.531
4138	0.0	0.2	0.556
4139	0.0	0.2	0.531
4140	0.0	0.2	0.515
4141	0.0	0.2	0.476
4142	0.0	0.2	0.419
4143	0.0	0.2	0.382
4144	0.0	0.2	0.356
4145	0.0	0.2	0.370
4146	0.0	0.2	0.459
4147	0.0	0.2	0.512
4148	0.0	0.2	0.634
4149	0.0	0.2	0.651
4150	0.0	0.2	0.607
4151	0.0	0.2	0.365
4152	0.0	0.2	0.229
4153	0.0	0.2	0.158
4154	0.0	0.2	0.086
4155	0.0	0.2	0.034
4156	0.0	0.2	0.024
4157	0.0	0.2	0.073
4158	0.0	0.2	0.183
4159	0.0	0.2	0.494
4160	0.0	0.2	0.528
4161	0.0	0.2	0.531
4162	0.0	0.2	0.556
4163	0.0	0.2	0.531
4164	0.0	0.2	0.515
4165	0.0	0.2	0.476
4166	0.0	0.2	0.419
4167	0.0	0.2	0.382
4168	0.0	0.2	0.356
4169	0.0	0.2	0.370
4170	0.0	0.2	0.459
4171	0.0	0.2	0.512
4172	0.0	0.2	0.634
4173	0.0	0.2	0.651
4174	0.0	0.2	0.607
4175	0.0	0.2	0.365
4176	0.0	0.2	0.229
4177	0.0	0.2	0.158
4178	0.0	0.2	0.086
4179	0.0	0.2	0.034
4180	0.0	0.2	0.024
4181	0.0	0.2	0.073
4182	0.0	0.2	0.183
4183	0.0	0.2	0.494
4184	0.0	0.2	0.528
4185	0.0	0.2	0.531
4186	0.0	0.2	0.556
4187	0.0	0.2	0.531
4188	0.0	0.2	0.515
4189	0.0	0.2	0.476
4190	0.0	0.2	0.419
4191	0.0	0.2	0.382
4192	0.0	0.2	0.356
4193	0.0	0.2	0.370
4194	0.0	0.2	0.459
4195	0.0	0.2	0.512
4196	0.0	0.2	0.634
4197	0.0	0.2	0.651
4198	0.0	0.2	0.607
4199	0.0	0.2	0.365
4200	0.0	0.2	0.229
4201	0.0	0.2	0.158
4202	0.0	0.2	0.086
4203	0.0	0.2	0.034
4204	0.0	0.2	0.024
4205	0.0	0.2	0.073
4206	0.0	0.2	0.183
4207	0.0	0.2	0.494
4208	0.0	0.2	0.528
4209	0.0	0.2	0.531
4210	0.0	0.2	0.556
4211	0.0	0.2	0.531
4212	0.0	0.2	0.515
4213	0.0	0.2	0.476
4214	0.0	0.2	0.419
4215	0.0	0.2	0.382
4216	0.0	0.2	0.356
4217	0.0	0.2	0.370
4218	0.0	0.2	0.459
4219	0.0	0.2	0.512
4220	0.0	0.2	0.634
4221	0.0	0.2	0.651
4222	0.0	0.2	0.607
4223	0.0	0.2	0.365
4224	0.0	0.2	0.229
4225	0.0	0.2	0.158
4226	0.0	0.2	0.086
4227	0.0	0.2	0.034
4228	0.0	0.2	0.024
4229	0.0	0.2	0.073
4230	0.0	0.2	0.183
4231	0.0	0.2	0.494
4232	0.0	0.2	0.528
4233	0.0	0.2	0.531
4234	0.0	0.2	0.556
4235	0.0	0.2	0.531
4236	0.0	0.2	0.515
4237	0.0	0.2	0.476
4238	0.0	0.2	0.419
4239	0.0	0.2	0.382
4240	0.0	0.2	0.356
4241	0.0	0.2	0.370
4242	0.0	0.2	0.459
4243	0.0	0.2	0.512
4244	0.0	0.2	0.634
4245	0.0	0.2	0.651
4246	0.0	0.2	0.607
4247	0.0	0.2	0.365
4248	0.0	0.2	0.229
4249	0.0	0.2	0.158
4250	0.0	0.2	0.086
4251	0.0	0.2	0.034
4252	0.0	0.2	0.024
4253	0.0	0.2	0.073
4254	0.0	0.2	0.183
4255	0.0	0.2	0.494
4256	0.0	0.2	0.528
4257	0.0	0.2	0.531
4258	0.0	0.2	0.556
4259	0.0	0.2	0.531
4260	0.0	0.2	0.515
4261	0.0	0.2	0.476
4262	0.0	0.2	0.419
4263	0.0	0.2	0.382
4264	0.0	0.2	0.356
4265	0.0	0.2	0.370
4266	0.0	0.2	0.459
4267	0.0	0.2	0.512
4268	0.0	0.2	0.634
4269	0.0	0.2	0.651
4270	0.0	0.2	0.607
4271	0.0	0.2	0.365
4272	0.0	0.2	0.229
4273	0.0	0.2	0.158
4274	0.0	0.2	0.086
4275	0.0	0.2	0.034
4276	0.0	0.2	0.024
4277	0.0	0.2	0.073
4278	0.0	0.2	0.183
4279	0.0	0.2	0.494
4280	0.0	0.2	0.528
4281	0.0	0.2	0.531
4282	0.0	0.2	0.556
4283	0.0	0.2	0.531
4284	0.0	0.2	0.515
4285	0.0	0.2	0.476
4286	0.0	0.2	0.419
4287	0.0	0.2	0.382
4288	0.0	0.2	0.356
4289	0.0	0.2	0.370
4290	0.0	0.2	0.459
4291	0.0	0.2	0.512
4292	0.0	0.2	0.634
4293	0.0	0.2	0.651
4294	0.0	0.2	0.607
4295	0.0	0.2	0.365
4296	0.0	0.2	0.229
4297	0.0	0.2	0.158
4298	0.0	0.2	0.086
4299	0.0	0.2	0.034
4300	0.0	0.2	0.024
4301	0.0	0.2	0.073
4302	0.0	0.2	0.183
4303	0.0	0.2	0.494
4304	0.0	0.2	0.528
4305	0.0	0.2	0.531
4306	0.0	0.2	0.556
4307	0.0	0.2	0.531
4308	0.0	0.2	0.515
4309	0.0	0.2	0.476
4310	0.0	0.2	0.419
4311	0.0	0.2	0.382
4312	0.0	0.2	0.356
4313	0.0	0.2	0.370
4314	0.0	0.2	0.459
4315	0.0	0.2	0.512
4316	0.0	0.2	0.634
4317	0.0	0.2	0.651
4318	0.0	0.2	0.607
4319	0.0	0.2	0.365
4320	0.0	0.2	0.229
4321	0.0	0.2	0.158
4322	0.0	0.2	0.086
4323	0.0	0.2	0.034
4324	0.0	0.2	0.024
4325	0.0	0.2	0.073
4326	0.0	0.2	0.183
4327	0.0	0.2	0.494
4328	0.0	0.2	0.528
4329	0.0	0.2	0.531
4330	0.0	0.2	0.556
4331	0.0	0.2	0.531
4332	0.0	0.2	0.515
4333	0.0	0.2	0.476
4334	0.0	0.2	0.419
4335	0.0	0.2	0.382
4336	0.0	0.2	0.356
4337	0.0	0.2	0.370
4338	0.0	0.2	0.459
4339	0.0	0.2	0.512
4340	0.0	0.2	0.634
4341	0.0	0.2	0.651
4342	0.0	0.2	0.607
4343	0.0	0.2	0.365
4344	0.0	0.2	0.229
4345	0.0	0.2	0.158
4346	0.0	0.2	0.086
4347	0.0	0.2	0.034
4348	0.0	0.2	0.024
4349	0.0	0.2	0.073
4350	0.0	0.2	0.183
4351	0.0	0.2	0.494
4352	0.0	0.2	0.528
4353	0.0	0.2	0.531
4354	0.0	0.2	0.556
4355	0.0	0.2	0.531
4356	0.0	0.2	0.515
4357	0.0	0.2	0.476
4358	0.0	0.2	0.419
4359	0.0	0.2	0.382
4360	0.0	0.2	0.356
4361	0.0	0.2	0.370
4362	0.0	0.2	0.459
4363	0.0	0.2	0.512
4364	0.0	0.2	0.634
4365	0.0	0.2	0.651
4366	0.0	0.2	0.607
4367	0.0	0.2	0.365
4368	0.0	0.2	0.229
4369	0.0	0.2	0.158
4370	0.0	0.2	0.086
4371	0.0	0.2	0.034
4372	0.0	0.2	0.024
4373	0.0	0.2	0.073
4374	0.0	0.2	0.183
4375	0.0	0.2	0.494
4376	0.0	0.2	0.528
4377	0.0	0.2	0.531
4378	0.0	0.2	0.556
4379	0.0	0.2	0.531
4380	0.0	0.2	0.515
4381	0.0	0.2	0.476
4382	0.0	0.2	0.419
4383	0.0	0.2	0.382
4384	0.0	0.2	0.356
4385	0.0	0.2	0.370
4386	0.0	0.2	0.459
4387	0.0	0.2	0.512
4388	0.0	0.2	0.634
4389	0.0	0.2	0.651
4390	0.0	0.2	0.607
4391	0.0	0.2	0.365
4392	0.0	0.2	0.229
4393	0.0	0.2	0.158
4394	0.0	0.2	0.086
4395	0.0	0.2	0.034
4396	0.0	0.2	0.024
4397	0.0	0.2	0.073
4398	0.0	0.2	0.183
4399	0.0	0.2	0.494
4400	0.0	0.2	0.528
4401	0.0	0.2	0.531
4402	0.0	0.2	0.556
4403	0.0	0.2	0.531
4404	0.0	0.2	0.515
4405	0.0	0.2	0.476
4406	0.0	0.2	0.419
4407	0.0	0.2	0.382
4408	0.0	0.2	0.356
4409	0.0	0.2	0.370
4410	0.0	0.2	0.459
4411	0.0	0.2	0.512
4412	0.0	0.2	0.634
4413	0.0	0.2	0.651
4414	0.0	0.2	0.607
4415	0.0	0.2	0.365
4416	0.0	0.2	0.229
4417	0.0	0.2	0.158
4418	0.0	0.2	0.086
4419	0.0	0.2	0.034
4420	0.0	0.2	0.024
4421	0.0	0.2	0.073
4422	0.0	0.2	0.183
4423	0.0	0.2	0.494
4424	0.0	0.2	0.528
4425	0.0	0.2	0.531
4426	0.0	0.2	0.556
4427	0.0	0.2	0.531
4428	0.0	0.2	0.515
4429	0.0	0.2	0.476
4430	0.0	0.2	0.419
4431	0.0	0.2	0.382
4432	0.0	0.2	0.356
4433	0.0	0.2	0.370
4434	0.0	0.2	0.459
4435	0.0	0.2	0.512
4436	0.0	0.2	0.634
4437	0.0	0.2	0.651
4438	0.0	0.2	0.607
4439	0.0	0.2	0.365
4440	0.0	0.2	0.229
4441	0.0	0.2	0.158
4442	0.0	0.2	0.086
4443	0.0	0.2	0.034
4444	0.0	0.2	0.024
4445	0.0	0.2	0.073
4446	0.0	0.2	0.183
4447	0.0	0.2	0.494
4448	0.0	0.2	0.528
4449	0.0	0.2	0.531
4450	0.0	0.2	0.556
4451	0.0	0.2	0.531
4452	0.0	0.2	0.515
4453	0.0	0.2	0.476
4454	0.0	0.2	0.419
4455	0.0	0.2	0.382
4456	0.0	0.2	0.356
4457	0.0	0.2	0.370
4458	0.0	0.2	0.459
4459	0.0	0.2	0.512
4460	0.0	0.2	0.634
4461	0.0	0.2	0.651
4462	0.0	0.2	0.607
4463	0.0	0.2	0.365
4464	0.0	0.2	0.229
4465	0.0	0.2	0.158
4466	0.0	0.2	0.086
4467	0.0	0.2	0.034
4468	0.0	0.2	0.024
4469	0.0	0.2	0.073
4470	0.0	0.2	0.183
4471	0.0	0.2	0.494
4472	0.0	0.1	0.528
4473	0.0	0.1	0.531
4474	0.0	0.1	0.556
4475	0.0	0.1	0.531
4476	0.0	0.1	0.515
4477	0.0	0.1	0.476
4478	0.0	0.1	0.419
4479	0.0	0.1	0.382
4480	0.0	0.1	0.356
4481	0.0	0.1	0.370
4482	0.0	0.1	0.459
4483	0.0	0.1	0.512
4484	0.0	0.1	0.634
4485	0.0	0.1	0.651
4486	0.0	0.1	0.607
4487	0.0	0.1	0.365
4488	0.0	0.1	0.229
4489	0.0	0.1	0.158
4490	0.0	0.1	0.086
4491	0.0	0.1	0.034
4492	0.0	0.1	0.024
4493	0.0	0.1	0.073
4494	0.0	0.1	0.183
4495	0.0	0.1	0.494
4496	0.0	0.1	0.528
4497	0.0	0.1	0.531
4498	0.0	0.1	0.556
4499	0.0	0.1	0.531
4500	0.0	0.1	0.515
4501	0.0	0.1	0.476
4502	0.0	0.1	0.419
4503	0.0	0.1	0.382
4504	0.0	0.1	0.356
4505	0.0	0.1	0.370
4506	0.0	0.1	0.459
4507	0.0	0.1	0.512
4508	0.0	0.1	0.634
4509	0.0	0.1	0.651
4510	0.0	0.1	0.607
4511	0.0	0.1	0.365
4512	0.0	0.1	0.229
4513	0.0	0.1	0.158
4514	0.0	0.1	0.086
4515	0.0	0.1	0.034
4516	0.0	0.1	0.024
4517	0.0	0.1	0.073
4518	0.0	0.1	0.183
4519	0.0	0.1	0.494
4520	0.0	0.1	0.528
4521	0.0	0.1	0.531
4522	0.0	0.1	0.556
4523	0.0	0.1	0.531
4524	0.0	0.1	0.515
4525	0.0	0.1	0.476
4526	0.0	0.1	0.419
4527	0.0	0.1	0.382
4528	0.0	0.1	0.356
4529	0.0	0.1	0.370
4530	0.0	0.1	0.459
4531	0.0	0.1	0.512
4532	0.0	0.1	0.634
4533	0.0	0.1	0.651
4534	0.0	0.1	0.607
4535	0.0	0.1	0.365
4536	0.0	0.1	0.229
4537	0.0	0.1	0.158
4538	0.0	0.1	0.086
4539	0.0	0.1	0.034
4540	0.0	0.1	0.024
4541	0.0	0.1	0.073
4542	0.0	0.1	0.183
4543	0.0	0.1	0.494
4544	0.0	0.1	0.528
4545	0.0	0.1	0.531
4546	0.0	0.1	0.556
4547	0.0	0.1	0.531
4548	0.0	0.1	0.515
4549	0.0	0.1	0.476
4550	0.0	0.1	0.419
4551	0.0	0.1	0.382
4552	0.0	0.1	0.356
4553	0.0	0.1	0.370
4554	0.0	0.1	0.459
4555	0.0	0.1	0.512
4556	0.0	0.1	0.634
4557	0.0	0.1	0.651
4558	0.0	0.1	0.607
4559	0.0	0.1	0.365
4560	0.0	0.1	0.229
4561	0.0	0.1	0.158
4562	0.0	0.1	0.086
4563	0.0	0.1	0.034
4564	0.0	0.1	0.024
4565	0.0	0.1	0.073
4566	0.0	0.1	0.183
4567	0.0	0.1	0.494
4568	0.0	0.1	0.528
4569	0.0	0.1	0.531
4570	0.0	0.1	0.556
4571	0.0	0.1	0.531
4572	0.0	0.1	0.515
4573	0.0	0.1	0.476
4574	0.0	0.1	0.419
4575	0.0	0.1	0.382
4576	0.0	0.1	0.356
4577	0.0	0.1	0.370
4578	0.0	0.1	0.459
4579	0.0	0.1	0.512
4580	0.0	0.1	0.634
4581	0.0	0.1	0.651
4582	0.0	0.1	0.607
4583	0.0	0.1	0.365
4584	0.0	0.1	0.229
4585	0.0	0.1	0.158
4586	0.0	0.1	0.086
4587	0.0	0.1	0.034
4588	0.0	0.1	0.024
4589	0.0	0.1	0.073
4590	0.0	0.1	0.183
4591	0.0	0.1	0.494
4592	0.0	0.1	0.528
4593	0.0	0.1	0.531
4594	0.0	0.1	0.556
4595	0.0	0.1	0.531
4596	0.0	0.1	0.515
4597	0.0	0.1	0.476
4598	0.0	0.1	0.419
4599	0.0	0.1	0.382
4600	0.0	0.1	0.356
4601	0.0	0.1	0.370
4602	0.0	0.1	0.459
4603	0.0	0.1	0.512
4604	0.0	0.1	0.634
4605	0.0	0.1	0.651
4606	0.0	0.1	0.607
4607	0.0	0.1	0.365
4608	0.0	0.1	0.229
4609	0.0	0.1	0.158
4610	0.0	0.1	0.086
4611	0.0	0.1	0.034
4612	0.0	0.1	0.024
4613	0.0	0.1	0.073
4614	0.0	0.1	0.183
4615	0.0	0.1	0.494
4616	0.0	0.1	0.528
4617	0.0	0.1	0.531
4618	0.0	0.1	0.556
4619	0.0	0.1	0.531
4620	0.0	0.1	0.515
4621	0.0	0.1	0.476
4622	0.0	0.1	0.419
4623	0.0	0.1	0.382
4624	0.0	0.1	0.356
4625	0.0	0.1	0.370
4626	0.0	0.1	0.459
4627	0.0	0.1	0.512
4628	0.0	0.1	0.634
4629	0.0	0.1	0.651
4630	0.0	0.1	0.607
4631	0.0	0.1	0.365
4632	0.0	0.1	0.229
4633	0.0	0.1	0.158
4634	0.0	0.1	0.086
4635	0.0	0.1	0.034
4636	0.0	0.1	0.024
4637	0.0	0.1	0.073
4638	0.0	0.1	0.183
4639	0.0	0.1	0.494
4640	0.0	0.1	0.528
4641	0.0	0.1	0.531
4642	0.0	0.1	0.556
4643	0.0	0.1	0.531
4644	0.0	0.1	0.515
4645	0.0	0.1	0.476
4646	0.0	0.1	0.419
4647	0.0	0.1	0.382
4648	0.0	0.1	0.356
4649	0.0	0.1	0.370
4650	0.0	0.1	0.459
4651	0.0	0.1	0.512
4652	0.0	0.1	0.634
4653	0.0	0.1	0.651
4654	0.0	0.1	0.607
4655	0.0	0.1	0.365
4656	0.0	0.1	0.229
4657	0.0	0.1	0.158
4658	0.0	0.1	0.086
4659	0.0	0.1	0.034
4660	0.0	0.1	0.024
4661	0.0	0.1	0.073
4662	0.0	0.1	0.183
4663	0.0	0.1	0.494
4664	0.0	0.1	0.528
4665	0.0	0.1	0.531
4666	0.0	0.1	0.556
4667	0.0	0.1	0.531
4668	0.0	0.1	0.515
4669	0.0	0.1	0.476
4670	0.0	0.1	0.419
4671	0.0	0.1	0.382
4672	0.0	0.1	0.356
4673	0.0	0.1	0.370
4674	0.0	0.1	0.459
4675	0.0	0.1	0.512
4676	0.0	0.1	0.634
4677	0.0	0.1	0.651
4678	0.0	0.1	0.607
4679	0.0	0.1	0.365
4680	0.0	0.1	0.229
4681	0.0	0.1	0.158
4682	0.0	0.1	0.086
4683	0.0	0.1	0.034
4684	0.0	0.1	0.024
4685	0.0	0.1	0.073
4686	0.0	0.1	0.183
4687	0.0	0.1	0.494
4688	0.0	0.1	0.528
4689	0.0	0.1	0.531
4690	0.0	0.1	0.556
4691	0.0	0.1	0.531
4692	0.0	0.1	0.515
4693	0.0	0.1	0.476
4694	0.0	0.1	0.419
4695	0.0	0.1	0.382
4696	0.0	0.1	0.356
4697	0.0	0.1	0.370
4698	0.0	0.1	0.459
4699	0.0	0.1	0.512
4700	0.0	0.1	0.634
4701	0.0	0.1	0.651
4702	0.0	0.1	0.607
4703	0.0	0.1	0.365
4704	0.0	0.1	0.229
4705	0.0	0.1	0.158
4706	0.0	0.1	0.086
4707	0.0	0.1	0.034
4708	0.0	0.1	0.024
4709	0.0	0.1	0.073
4710	0.0	0.1	0.183
4711	0.0	0.1	0.494
4712	0.0	0.1	0.528
4713	0.0	0.1	0.531
4714	0.0	0.1	0.556
4715	0.0	0.1	0.531
4716	0.0	0.1	0.515
4717	0.0	0.1	0.476
4718	0.0	0.1	0.419
4719	0.0	0.1	0.382
4720	0.0	0.1	0.356
4721	0.0	0.1	0.370
4722	0.0	0.1	0.459
4723	0.0	0.1	0.512
4724	0.0	0.1	0.634
4725	0.0	0.1	0.651
4726	0.0	0.1	0.607
4727	0.0	0.1	0.365
4728	0.0	0.1	0.229
4729	0.0	0.1	0.158
4730	0.0	0.1	0.086
4731	0.0	0.1	0.034
4732	0.0	0.1	0.024
4733	0.0	0.1	0.073
4734	0.0	0.1	0.183
4735	0.0	0.1	0.494
4736	0.0	0.1	0.528
4737	0.0	0.1	0.531
4738	0.0	0.1	0.556
4739	0.0	0.1	0.531
4740	0.0	0.1	0.515
4741	0.0	0.1	0.476
4742	0.0	0.1	0.419
4743	0.0	0.1	0.382
4744	0.0	0.1	0.356
4745	0.0	0.1	0.370
4746	0.0	0.1	0.459
4747	0.0	0.1	0.512
4748	0.0	0.1	0.634
4749	0.0	0.1	0.651
4750	0.0	0.1	0.607
4751	0.0	0.1	0.365
4752	0.0	0.1	0.229
4753	0.0	0.1	0.158
4754	0.0	0.1	0.086
4755	0.0	0.1	0.034
4756	0.0	0.1	0.024
4757	0.0	0.1	0.073
4758	0.0	0.1	0.183
4759	0.0	0.1	0.494
4760	0.0	0.1	0.528
4761	0.0	0.1	0.531
4762	0.0	0.1	0.556
4763	0.0	0.1	0.531
4764	0.0	0.1	0.515
4765	0.0	0.1	0.476
4766	0.0	0.1	0.419
4767	0.0	0.1	0.382
4768	0.0	0.1	0.356
4769	0.0	0.1	0.370
4770	0.0	0.1	0.459
4771	0.0	0.1	0.512
4772	0.0	0.1	0.634
4773	0.0	0.1	0.651
4774	0.0	0.1	0.607
4775	0.0	0.1	0.365
4776	0.0	0.1	0.229
4777	0.0	0.1	0.158
4778	0.0	0.1	0.086
4779	0.0	0.1	0.034
4780	0.0	0.1	0.024
4781	0.0	0.1	0.073
4782	0.0	0.1	0.183
4783	0.0	0.1	0.494
4784	0.0	0.1	0.528
4785	0.0	0.1	0.531
4786	0.0	0.1	0.556
4787	0.0	0.1	0.531
4788	0.0	0.1	0.515
4789	0.0	0.1	0.476
4790	0.0	0.1	0.419
4791	0.0	0.1	0.382
4792	0.0	0.1	0.356
4793	0.0	0.1	0.370
4794	0.0	0.1	0.459
4795	0.0	0.1	0.512
4796	0.0	0.1	0.634
4797	0.0	0.1	0.651
4798	0.0	0.1	0.607
4799	0.0	0.1	0.365
4800	0.0	0.1	0.229
4801	0.0	0.1	0.158
4802	0.0	0.1	0.086
4803	0.0	0.1	0.034
4804	0.0	0.1	0.024
4805	0.0	0.1	0.073
4806	0.0	0.1	0.183
4807	0.0	0.1	0.494
4808	0.0	0.1	0.528
4809	0.0	0.1	0.531
4810	0.0	0.1	0.556
4811	0.0	0.1	0.531
4812	0.0	0.1	0.515
4813	0.0	0.1	0.476
4814	0.0	0.1	0.419
4815	0.0	0.1	0.382
4816	0.0	0.1	0.356
4817	0.0	0.1	0.370
4818	0.0	0.1	0.459
4819	0.0	0.1	0.512
4820	0.0	0.1	0.634
4821	0.0	0.1	0.651
4822	0.0	0.1	0.607
4823	0.0	0.1	0.365
4824	0.0	0.1	0.229
4825	0.0	0.1	0.158
4826	0.0	0.1	0.086
4827	0.0	0.1	0.034
4828	0.0	0.1	0.024
4829	0.0	0.1	0.073
4830	0.0	0.1	0.183
4831	0.0	0.1	0.494
4832	0.0	0.1	0.528
4833	0.0	0.1	0.531
4834	0.0	0.1	0.556
4835	0.0	0.1	0.531
4836	0.0	0.1	0.515
4837	0.0	0.1	0.476
4838	0.0	0.1	0.419
4839	0.0	0.1	0.382
4840	0.0	0.1	0.356
4841	0.0	0.1	0.370
4842	0.0	0.1	0.459
4843	0.0	0.1	0.512
4844	0.0	0.1	0.634
4845	0.0	0.1	0.651
4846	0.0	0.1	0.607
4847	0.0	0.1	0.365
4848	0.0	0.1	0.229
4849	0.0	0.1	0.158
4850	0.0	0.1	0.086
4851	0.0	0.1	0.034
4852	0.0	0.1	0.024
4853	0.0	0.1	0.073
4854	0.0	0.1	0.183
4855	0.0	0.1	0.494
4856	0.0	0.1	0.528
4857	0.0	0.1	0.531
4858	0.0	0.1	0.556
4859	0.0	0.1	0.531
4860	0.0	0.1	0.515
4861	0.0	0.1	0.476
4862	0.0	0.1	0.419
4863	0.0	0.1	0.382
4864	0.0	0.1	0.356
4865	0.0	0.1	0.370
4866	0.0	0.1	0.459
4867	0.0	0.1	0.512
4868	0.0	0.1	0.634
4869	0.0	0.1	0.651
4870	0.0	0.1	0.607
4871	0.0	0.1	0.365
4872	0.0	0.1	0.229
4873	0.0	0.1	0.158
4874	0.0	0.1	0.086
4875	0.0	0.1	0.034
4876	0.0	0.1	0.024
4877	0.0	0.1	0.073
4878	0.0	0.1	0.183
4879	0.0	0.1	0.494
4880	0.0	0.1	0.528
4881	0.0	0.1	0.531
4882	0.0	0.1	0.556
4883	0.0	0.1	0.531
4884	0.0	0.1	0.515
4885	0.0	0.1	0.476
4886	0.0	0.1	0.419
4887	0.0	0.1	0.382
4888	0.0	0.1	0.356
4889	0.0	0.1	0.370
4890	0.0	0.1	0.459
4891	0.0	0.1	0.512
4892	0.0	0.1	0.634
4893	0.0	0.1	0.651
4894	0.0	0.1	0.607
4895	0.0	0.1	0.365
4896	0.0	0.1	0.229
4897	0.0	0.1	0.158
4898	0.0	0.1	0.086
4899	0.0	0.1	0.034
4900	0.0	0.1	0.024
4901	0.0	0.1	0.073
4902	0.0	0.1	0.183
4903	0.0	0.1	0.494
4904	0.0	0.1	0.528
4905	0.0	0.1	0.531
4906	0.0	0.1	0.556
4907	0.0	0.1	0.531
4908	0.0	0.1	0.515
4909	0.0	0.1	0.476
4910	0.0	0.1	0.419
4911	0.0	0.1	0.382
4912	0.0	0.1	0.356
4913	0.0	0.1	0.370
4914	0.0	0.1	0.459
4915	0.0	0.1	0.512
4916	0.0	0.1	0.634
4917	0.0	0.1	0.651
4918	0.0	0.1	0.607
4919	0.0	0.1	0.365
4920	0.0	0.1	0.229
4921	0.0	0.1	0.158
4922	0.0	0.1	0.086
4923	0.0	0.0	0.034
4924	0.0	0.0	0.024
4925	0.0	0.0	0.073
4926	0.0	0.0	0.183
4927	0.0	0.0	0.494
4928	0.0	0.0	0.528
4929	0.0	0.0	0.531
4930	0.0	0.0	0.556
4931	0.0	0.0	0.531
4932	0.0	0.0	0.515
4933	0.0	0.0	0.476
4934	0.0	0.0	0.419
4935	0.0	0.0	0.382
4936	0.0	0.0	0.356
4937	0.0	0.0	0.370
4938	0.0	0.0	0.459
4939	0.0	0.0	0.512
4940	0.0	0.0	0.634
4941	0.0	0.0	0.651
4942	0.0	0.0	0.607
4943	0.0	0.0	0.365
4944	0.0	0.0	0.229
4945	0.0	0.0	0.158
4946	0.0	0.0	0.086
4947	0.0	0.0	0.034
4948	0.0	0.0	0.024
4949	0.0	0.0	0.073
4950	0.0	0.0	0.183
4951	0.0	0.0	0.494
4952	0.0	0.0	0.528
4953	0.0	0.0	0.531
4954	0.0	0.0	0.556
4955	0.0	0.0	0.531
4956	0.0	0.0	0.515
4957	0.0	0.0	0.476
4958	0.0	0.0	0.419
4959	0.0	0.0	0.382
4960	0.0	0.0	0.356
4961	0.0	0.0	0.370
4962	0.0	0.0	0.459
4963	0.0	0.0	0.512
4964	0.0	0.0	0.634
4965	0.0	0.0	0.651
4966	0.0	0.0	0.607
4967	0.0	0.0	0.365
4968	0.0	0.0	0.229
4969	0.0	0.0	0.158
4970	0.0	0.0	0.086
4971	0.0	0.0	0.034
4972	0.0	0.0	0.024
4973	0.0	0.0	0.073
4974	0.0	0.0	0.183
4975	0.0	0.0	0.494
4976	0.0	0.0	0.528
4977	0.0	0.0	0.531
4978	0.0	0.0	0.556
4979	0.0	0.0	0.531
4980	0.0	0.0	0.515
4981	0.0	0.0	0.476
4982	0.0	0.0	0.419
4983	0.0	0.0	0.382
4984	0.0	0.0	0.356
4985	0.0	0.0	0.370
4986	0.0	0.0	0.459
4987	0.0	0.0	0.512
4988	0.0	0.0	0.634
4989	0.0	0.0	0.651
4990	0.0	0.0	0.607
4991	0.0	0.0	0.365
4992	0.0	0.0	0.229
4993	0.0	0.0	0.158
4994	0.0	0.0	0.086
4995	0.0	0.0	0.034
4996	0.0	0.0	0.024
4997	0.0	0.0	0.073
4998	0.0	0.0	0.183
4999	0.0	0.0	0.494
5000	0.0	0.0	0.528
5001	0.0	0.0	0.531
5002	0.0	0.0	0.556
5003	0.0	0.0	0.531
5004	0.0	0.0	0.515
5005	0.0	0.0	0.476
5006	0.0	0.0	0.419
5007	0.0	0.0	0.382
5008	0.0	0.0	0.356
5009	0.0	0.0	0.370
5010	0.0	0.0	0.459
5011	0.0	0.0	0.512
5012	0.0	0.0	0.634
5013	0.0	0.0	0.651
5014	0.0	0.0	0.607
5015	0.0	0.0	0.365
5016	0.0	0.0	0.229
5017	0.0	0.0	0.158
5018	0.0	0.0	0.086
5019	0.0	0.0	0.034
5020	0.0	0.0	0.024
5021	0.0	0.0	0.073
5022	0.0	0.0	0.183
5023	0.0	0.0	0.494
5024	0.0	0.0	0.528
5025	0.0	0.0	0.531
5026	0.0	0.0	0.556
5027	0.0	0.0	0.531
5028	0.0	0.0	0.515
5029	0.0	0.0	0.476
5030	0.0	0.0	0.419
5031	0.0	0.0	0.382
5032	0.0	0.0	0.356
5033	0.0	0.0	0.370
5034	0.0	0.0	0.459
5035	0.0	0.0	0.512
5036	0.0	0.0	0.634
5037	0.0	0.0	0.651
5038	0.0	0.0	0.607
5039	0.0	0.0	0.365
5040	0.0	0.0	0.229
5041	0.0	0.0	0.158
5042	0.0	0.0	0.086
5043	0.0	0.0	0.034
5044	0.0	0.0	0.024
5045	0.0	0.0	0.073
5046	0.0	0.0	0.183
5047	0.0	0.0	0.494
5048	0.0	0.0	0.528
5049	0.0	0.0	0.531
5050	0.0	0.0	0.556
5051	0.0	0.0	0.531
5052	0.0	0.0	0.515
5053	0.0	0.0	0.476
5054	0.0	0.0	0.419
5055	0.0	0.0	0.382
5056	0.0	0.0	0.356
5057	0.0	0.0	0.370
5058	0.0	0.0	0.459
5059	0.0	0.0	0.512
5060	0.0	0.0	0.634
5061	0.0	0.0	0.651
5062	0.0	0.0	0.607
5063	0.0	0.0	0.365
5064	0.0	0.0	0.229
5065	0.0	0.0	0.158
5066	0.0	0.0	0.086
5067	0.0	0.0	0.034
5068	0.0	0.0	0.024
5069	0.0	0.0	0.073
5070	0.0	0.0	0.183
5071	0.0	0.0	0.494
5072	0.0	0.0	0.528
5073	0.0	0.0	0.531
5074	0.0	0.0	0.556
5075	0.0	0.0	0.531
5076	0.0	0.0	0.515
5077	0.0	0.0	0.476
5078	0.0	0.0	0.419
5079	0.0	0.0	0.382
5080	0.0	0.0	0.356
5081	0.0	0.0	0.370
5082	0.0	0.0	0.459
5083	0.0	0.0	0.512
5084	0.0	0.0	0.634
5085	0.0	0.0	0.651
5086	0.0	0.0	0.607
5087	0.0	0.0	0.365
5088	0.0	0.0	0.229
5089	0.0	0.0	0.158
5090	0.0	0.0	0.086
5091	0.0	0.0	0.034
5092	0.0	0.0	0.024
5093	0.0	0.0	0.073
5094	0.0	0.0	0.183
5095	0.0	0.0	0.494
5096	0.0	0.0	0.528
5097	0.0	0.0	0.531
5098	0.0	0.0	0.556
5099	0.0	0.0	0.531
5100	0.0	0.0	0.515
5101	0.0	0.0	0.476
5102	0.0	0.0	0.419
5103	0.0	0.0	0.382
5104	0.0	0.0	0.356
5105	0.0	0.0	0.370
5106	0.0	0.0	0.459
5107	0.0	0.0	0.512
5108	0.0	0.0	0.634
5109	0.0	0.0	0.651
5110	0.0	0.0	0.607
5111	0.0	0.0	0.365
5112	0.0	0.0	0.229
5113	0.0	0.0	0.158
5114	0.0	0.0	0.086
5115	0.0	0.0	0.034
5116	0.0	0.0	0.024
5117	0.0	0.0	0.073
5118	0.0	0.0	0.183
5119	0.0	0.0	0.494
5120	0.0	0.0	0.528
5121	0.0	0.0	0.531
5122	0.0	0.0	0.556
5123	0.0	0.0	0.531
5124	0.0	0.0	0.515
5125	0.0	0.0	0.476
5126	0.0	0.0	0.419
5127	0.0	0.0	0.382
5128	0.0	0.0	0.356
5129	0.0	0.0	0.370
5130	0.0	0.0	0.459
5131	0.0	0.0	0.512
5132	0.0	0.0	0.634
5133	0.0	0.0	0.651
5134	0.0	0.0	0.607
5135	0.0	0.0	0.365
5136	0.0	0.0	0.229
5137	0.0	0.0	0.158
5138	0.0	0.0	0.086
5139	0.0	0.0	0.034
5140	0.0	0.0	0.024
5141	0.0	0.0	0.073
5142	0.0	0.0	0.183
5143	0.0	0.0	0.494
5144	0.0	0.0	0.528
5145	0.0	0.0	0.531
5146	0.0	0.0	0.556
5147	0.0	0.0	0.531
5148	0.0	0.0	0.515
5149	0.0	0.0	0.476
5150	0.0	0.0	0.419
5151	0.0	0.0	0.382
5152	0.0	0.0	0.356
5153	0.0	0.0	0.370
5154	0.0	0.0	0.459
5155	0.0	0.0	0.512
5156	0.0	0.0	0.634
5157	0.0	0.0	0.651
5158	0.0	0.0	0.607
5159	0.0	0.0	0.365
5160	0.0	0.0	0.229
5161	0.0	0.0	0.158
5162	0.0	0.0	0.086
5163	0.0	0.0	0.034
5164	0.0	0.0	0.024
5165	0.0	0.0	0.073
5166	0.0	0.0	0.183
5167	0.0	0.0	0.494
5168	0.0	0.0	0.528
5169	0.0	0.0	0.531
5170	0.0	0.0	0.556
5171	0.0	0.0	0.531
5172	0.0	0.0	0.515
5173	0.0	0.0	0.476
5174	0.0	0.0	0.419
5175	0.0	0.0	0.382
5176	0.0	0.0	0.356
5177	0.0	0.0	0.370
5178	0.0	0.0	0.459
5179	0.0	0.0	0.512
5180	0.0	0.0	0.634
5181	0.0	0.0	0.651
5182	0.0	0.0	0.607
5183	0.0	0.0	0.365
5184	0.0	0.0	0.229
5185	0.0	0.0	0.158
5186	0.0	0.0	0.086
5187	0.0	0.0	0.034
5188	0.0	0.0	0.024
5189	0.0	0.0	0.073
5190	0.0	0.0	0.183
5191	0.0	0.0	0.494
5192	0.0	0.0	0.528
5193	0.0	0.0	0.531
5194	0.0	0.0	0.556
5195	0.0	0.0	0.531
5196	0.0	0.0	0.515
5197	0.0	0.0	0.476
5198	0.0	0.0	0.419
5199	0.0	0.0	0.382
5200	0.0	0.0	0.356
5201	0.0	0.0	0.370
5202	0.0	0.0	0.459
5203	0.0	0.0	0.512
5204	0.0	0.0	0.634
5205	0.0	0.0	0.651
5206	0.0	0.0	0.607
5207	0.0	0.0	0.365
5208	0.0	0.0	0.229
5209	0.0	0.0	0.158
5210	0.0	0.0	0.086
5211	0.0	0.0	0.034
5212	0.0	0.0	0.024
5213	0.0	0.0	0.073
5214	0.0	0.0	0.183
5215	0.0	0.0	0.494
5216	0.0	0.0	0.528
5217	0.0	0.0	0.531
5218	0.0	0.0	0.556
5219	0.0	0.0	0.531
5220	0.0	0.0	0.515
5221	0.0	0.0	0.476
5222	0.0	0.0	0.419
5223	0.0	0.0	0.382
5224	0.0	0.0	0.356
5225	0.0	0.0	0.370
5226	0.0	0.0	0.459
5227	0.0	0.0	0.512
5228	0.0	0.0	0.634
5229	0.0	0.0	0.651
5230	0.0	0.0	0.607
5231	0.0	0.0	0.365
5232	0.0	0.0	0.229
5233	0.0	0.0	0.158
5234	0.0	0.0	0.086
5235	0.0	0.0	0.034
5236	0.0	0.0	0.024
5237	0.0	0.0	0.073
5238	0.0	0.0	0.183
5239	0.0	0.0	0.494
5240	0.0	0.0	0.528
5241	0.0	0.0	0.531
5242	0.0	0.0	0.556
5243	0.0	0.0	0.531
5244	0.0	0.0	0.515
5245	0.0	0.0	0.476
5246	0.0	0.0	0.419
5247	0.0	0.0	0.382
5248	0.0	0.0	0.356
5249	0.0	0.0	0.370
5250	0.0	0.0	0.459
5251	0.0	0.0	0.512
5252	0.0	0.0	0.634
5253	0.0	0.0	0.651
5254	0.0	0.0	0.607
5255	0.0	0.0	0.365
5256	0.0	0.0	0.229
5257	0.0	0.0	0.158
5258	0.0	0.0	0.086
5259	0.0	0.0	0.034
5260	0.0	0.0	0.024
5261	0.0	0.0	0.073
5262	0.0	0.0	0.183
5263	0.0	0.0	0.494
5264	0.0	0.0	0.528
5265	0.0	0.0	0.531
5266	0.0	0.0	0.556
5267	0.0	0.0	0.531
5268	0.0	0.0	0.515
5269	0.0	0.0	0.476
5270	0.0	0.0	0.419
5271	0.0	0.0	0.382
5272	0.0	0.0	0.356
5273	0.0	0.0	0.370
5274	0.0	0.0	0.459
5275	0.0	0.0	0.512
5276	0.0	0.0	0.634
5277	0.0	0.0	0.651
5278	0.0	0.0	0.607
5279	0.0	0.0	0.365
5280	0.0	0.0	0.229
5281	0.0	0.0	0.158
5282	0.0	0.0	0.086
5283	0.0	0.0	0.034
5284	0.0	0.0	0.024
5285	0.0	0.0	0.073
5286	0.0	0.0	0.183
5287	0.0	0.0	0.494
5288	0.0	0.0	0.528
5289	0.0	0.0	0.531
5290	0.0	0.0	0.556
5291	0.0	0.0	0.531
5292	0.0	0.0	0.515
5293	0.0	0.0	0.476
5294	0.0	0.0	0.419
5295	0.0	0.0	0.382
5296	0.0	0.0	0.356
5297	0.0	0.0	0.370
5298	0.0	0.0	0.459
5299	0.0	0.0	0.512
5300	0.0	0.0	0.634
5301	0.0	0.0	0.651
5302	0.0	0.0	0.607
5303	0.0	0.0	0.365
5304	0.0	0.0	0.229
5305	0.0	0.0	0.158
5306	0.0	0.0	0.086
5307	0.0	0.0	0.034
5308	0.0	0.0	0.024
5309	0.0	0.0	0.073
5310	0.0	0.0	0.183
5311	0.0	0.0	0.494
5312	0.0	0.0	0.528
5313	0.0	0.0	0.531
5314	0.0	0.0	0.556
5315	0.0	0.0	0.531
5316	0.0	0.0	0.515
5317	0.0	0.0	0.476
5318	0.0	0.0	0.419
5319	0.0	0.0	0.382
5320	0.0	0.0	0.356
5321	0.0	0.0	0.370
5322	0.0	0.0	0.459
5323	0.0	0.0	0.512
5324	0.0	0.0	0.634
5325	0.0	0.0	0.651
5326	0.0	0.0	0.607
5327	0.0	0.0	0.365
5328	0.0	0.0	0.229
5329	0.0	0.0	0.158
5330	0.0	0.0	0.086
5331	0.0	0.0	0.034
5332	0.0	0.0	0.024
5333	0.0	0.0	0.073
5334	0.0	0.0	0.183
5335	0.0	0.0	0.494
5336	0.0	0.0	0.528
5337	0.0	0.0	0.531
5338	0.0	0.0	0.556
5339	0.0	0.0	0.531
5340	0.0	0.0	0.515
5341	0.0	0.0	0.476
5342	0.0	0.0	0.419
5343	0.0	0.0	0.382
5344	0.0	0.0	0.356
5345	0.0	0.0	0.370
5346	0.0	0.0	0.459
5347	0.0	0.0	0.512
5348	0.0	0.0	0.634
5349	0.0	0.0	0.651
5350	0.0	0.0	0.607
5351	0.0	0.0	0.365
5352	0.0	0.0	0.229
5353	0.0	0.0	0.158
5354	0.0	0.0	0.086
5355	0.0	0.0	0.034
5356	0.0	0.0	0.024
5357	0.0	0.0	0.073
5358	0.0	0.0	0.183
5359	0.0	0.0	0.494
5360	0.0	0.0	0.528
5361	0.0	0.0	0.531
5362	0.0	0.0	0.556
5363	0.0	0.0	0.531
5364	0.0	0.0	0.515
5365	0.0	0.0	0.476
5366	0.0	0.0	0.419
5367	0.0	0.0	0.382
5368	0.0	0.0	0.356
5369	0.0	0.0	0.370
5370	0.0	0.0	0.459
5371	0.0	0.0	0.512
5372	0.0	0.0	0.634
5373	0.0	0.0	0.651
5374	0.0	0.0	0.607
5375	0.0	0.0	0.365
5376	0.0	0.0	0.229
5377	0.0	0.0	0.158
5378	0.0	0.0	0.086
5379	0.0	0.0	0.034
5380	0.0	0.0	0.024
5381	0.0	0.0	0.073
5382	0.0	0.0	0.183
5383	0.0	0.0	0.494
5384	0.0	0.0	0.528
5385	0.0	0.0	0.531
5386	0.0	0.0	0.556
5387	0.0	0.0	0.531
5388	0.0	0.0	0.515
5389	0.0	0.0	0.476
5390	0.0	0.0	0.419
5391	0.0	0.0	0.382
5392	0.0	0.0	0.356
5393	0.0	0.0	0.370
5394	0.0	0.0	0.459
5395	0.0	0.0	0.512
5396	0.0	0.0	0.634
5397	0.0	0.0	0.651
5398	0.0	0.0	0.607
5399	0.0	0.0	0.365
5400	0.0	0.0	0.229
5401	0.0	0.0	0.158
5402	0.0	0.0	0.086
5403	0.0	0.0	0.034
5404	0.0	0.0	0.024
5405	0.0	0.0	0.073
5406	0.0	0.0	0.183
5407	0.0	0.0	0.494
5408	0.0	0.0	0.528
5409	0.0	0.0	0.531
5410	0.0	0.0	0.556
5411	0.0	0.0	0.531
5412	0.0	0.0	0.515
5413	0.0	0.0	0.476
5414	0.0	0.0	0.419
5415	0.0	0.0	0.382
5416	0.0	0.0	0.356
5417	0.0	0.0	0.370
5418	0.0	0.0	0.459
5419	0.0	0.0	0.512
5420	0.0	0.0	0.634
5421	0.0	0.0	0.651
5422	0.0	0.0	0.607
5423	0.0	0.0	0.365
5424	0.0	0.0	0.229
5425	0.0	0.0	0.158
5426	0.0	0.0	0.086
5427	0.0	0.0	0.034
5428	0.0	0.0	0.024
5429	0.0	0.0	0.073
5430	0.0	0.0	0.183
5431	0.0	0.0	0.494
5432	0.0	0.0	0.528
5433	0.0	0.0	0.531
5434	0.0	0.0	0.556
5435	0.0	0.0	0.531
5436	0.0	0.0	0.515
5437	0.0	0.0	0.476
5438	0.0	0.0	0.419
5439	0.0	0.0	0.382
5440	0.0	0.0	0.356
5441	0.0	0.0	0.370
5442	0.0	0.0	0.459
5443	0.0	0.0	0.512
5444	0.0	0.0	0.634
5445	0.0	0.0	0.651
5446	0.0	0.0	0.607
5447	0.0	0.0	0.365
5448	0.0	0.0	0.229
5449	0.0	0.0	0.158
5450	0.0	0.0	0.086
5451	0.0	0.0	0.034
5452	0.0	0.0	0.024
5453	0.0	0.0	0.073
5454	0.0	0.0	0.183
5455	0.0	0.0	0.494
5456	0.0	0.0	0.528
5457	0.0	0.0	0.531
5458	0.0	0.0	0.556
5459	0.0	0.0	0.531
5460	0.0	0.0	0.515
5461	0.0	0.0	0.476
5462	0.0	0.0	0.419
5463	0.0	0.0	0.382
5464	0.0	0.0	0.356
5465	0.0	0.0	0.370
5466	0.0	0.0	0.459
5467	0.0	0.0	0.512
5468	0.0	0.0	0.634
5469	0.0	0.0	0.651
5470	0.0	0.0	0.607
5471	0.0	0.0	0.365
5472	0.0	0.0	0.229
5473	0.0	0.0	0.158
5474	0.0	0.0	0.086
5475	0.0	0.0	0.034
5476	0.0	0.0	0.024
5477	0.0	0.0	0.073
5478	0.0	0.0	0.183
5479	0.0	0.0	0.494
5480	0.0	0.0	0.528
5481	0.0	0.0	0.531
5482	0.0	0.0	0.556
5483	0.0	0.0	0.531
5484	0.0	0.0	0.515
5485	0.0	0.0	0.476
5486	0.0	0.0	0.419
5487	0.0	0.0	0.382
5488	0.0	0.0	0.356
5489	0.0	0.0	0.370
5490	0.0	0.0	0.459
5491	0.0	0.0	0.512
5492	0.0	0.0	0.634
5493	0.0	0.0	0.651
5494	0.0	0.0	0.607
5495	0.0	0.0	0.365
5496	0.0	0.0	0.229
5497	0.0	0.0	0.158
5498	0.0	0.0	0.086
5499	0.0	0.0	0.034
5500	0.0	0.0	0.024
5501	0.0	0.0	0.073
5502	0.0	0.0	0.183
5503	0.0	0.0	0.494
5504	0.0	0.0	0.528
5505	0.0	0.0	0.531
5506	0.0	0.0	0.556
5507	0.0	0.0	0.531
5508	0.0	0.0	0.515
5509	0.0	0.0	0.476
5510	0.0	0.0	0.419
5511	0.0	0.0	0.382
5512	0.0	0.0	0.356
5513	0.0	0.0	0.370
5514	0.0	0.0	0.459
5515	0.0	0.0	0.512
5516	0.0	0.0	0.634
5517	0.0	0.0	0.651
5518	0.0	0.0	0.607
5519	0.0	0.0	0.365
5520	0.0	0.0	0.229
5521	0.0	0.0	0.158
5522	0.0	0.0	0.086
5523	0.0	0.0	0.034
5524	0.0	0.0	0.024
5525	0.0	0.0	0.073
5526	0.0	0.0	0.183
5527	0.0	0.0	0.494
5528	0.0	0.0	0.528
5529	0.0	0.0	0.531
5530	0.0	0.0	0.556
5531	0.0	0.0	0.531
5532	0.0	0.0	0.515
5533	0.0	0.0	0.476
5534	0.0	0.0	0.419
5535	0.0	0.0	0.382
5536	0.0	0.0	0.356
5537	0.0	0.0	0.370
5538	0.0	0.0	0.459
5539	0.0	0.0	0.512
5540	0.0	0.0	0.634
5541	0.0	0.0	0.651
5542	0.0	0.0	0.607
5543	0.0	0.0	0.365
5544	0.0	0.0	0.229
5545	0.0	0.0	0.158
5546	0.0	0.0	0.086
5547	0.0	0.0	0.034
5548	0.0	0.0	0.024
5549	0.0	0.0	0.073
5550	0.0	0.0	0.183
5551	0.0	0.0	0.494
5552	0.0	0.0	0.528
5553	0.0	0.0	0.531
5554	0.0	0.0	0.556
5555	0.0	0.0	0.531
5556	0.0	0.0	0.515
5557	0.0	0.0	0.476
5558	0.0	0.0	0.419
5559	0.0	0.0	0.382
5560	0.0	0.0	0.356
5561	0.0	0.0	0.370
5562	0.0	0.0	0.459
5563	0.0	0.0	0.512
5564	0.0	0.0	0.634
5565	0.0	0.0	0.651
5566	0.0	0.0	0.607
5567	0.0	0.0	0.365
5568	0.0	0.0	0.229
5569	0.0	0.0	0.158
5570	0.0	0.0	0.086
5571	0.0	0.0	0.034
5572	0.0	0.0	0.024
5573	0.0	0.0	0.073
5574	0.0	0.0	0.183
5575	0.0	0.0	0.494
5576	0.0	0.0	0.528
5577	0.0	0.0	0.531
5578	0.0	0.0	0.556
5579	0.0	0.0	0.531
5580	0.0	0.0	0.515
5581	0.0	0.0	0.476
5582	0.0	0.0	0.419
5583	0.0	0.0	0.382
5584	0.0	0.0	0.356
5585	0.0	0.0	0.370
5586	0.0	0.0	0.459
5587	0.0	0.0	0.512
5588	0.0	0.0	0.634
5589	0.0	0.0	0.651
5590	0.0	0.0	0.607
5591	0.0	0.0	0.365
5592	0.0	0.0	0.229
5593	0.0	0.0	0.158
5594	0.0	0.0	0.086
5595	0.0	0.0	0.034
5596	0.0	0.0	0.024
5597	0.0	0.0	0.073
5598	0.0	0.0	0.183
5599	0.0	0.0	0.494
5600	0.0	0.0	0.528
5601	0.0	0.0	0.531
5602	0.0	0.0	0.556
5603	0.0	0.0	0.531
5604	0.0	0.0	0.515
5605	0.0	0.0	0.476
5606	0.0	0.0	0.419
5607	0.0	0.0	0.382
5608	0.0	0.0	0.356
5609	0.0	0.0	0.370
5610	0.0	0.0	0.459
5611	0.0	0.0	0.512
5612	0.0	0.0	0.634
5613	0.0	0.0	0.651
5614	0.0	0.0	0.607
5615	0.0	0.0	0.365
5616	0.0	0.0	0.229
5617	0.0	0.0	0.158
5618	0.0	0.0	0.086
5619	0.0	0.0	0.034
5620	0.0	0.0	0.024
5621	0.0	0.0	0.073
5622	0.0	0.0	0.183
5623	0.0	0.0	0.494
5624	0.0	0.0	0.528
5625	0.0	0.0	0.531
5626	0.0	0.0	0.556
5627	0.0	0.0	0.531
5628	0.0	0.0	0.515
5629	0.0	0.0	0.476
5630	0.0	0.0	0.419
5631	0.0	0.0	0.382
5632	0.0	0.0	0.356
5633	0.0	0.0	0.370
5634	0.0	0.0	0.459
5635	0.0	0.0	0.512
5636	0.0	0.0	0.634
5637	0.0	0.0	0.651
5638	0.0	0.0	0.607
5639	0.0	0.0	0.365
5640	0.0	0.0	0.229
5641	0.0	0.0	0.158
5642	0.0	0.0	0.086
5643	0.0	0.0	0.034
5644	0.0	0.0	0.024
5645	0.0	0.0	0.073
5646	0.0	0.0	0.183
5647	0.0	0.0	0.494
5648	0.0	0.0	0.528
5649	0.0	0.0	0.531
5650	0.0	0.0	0.556
5651	0.0	0.0	0.531
5652	0.0	0.0	0.515
5653	0.0	0.0	0.476
5654	0.0	0.0	0.419
5655	0.0	0.0	0.382
5656	0.0	0.0	0.356
5657	0.0	0.0	0.370
5658	0.0	0.0	0.459
5659	0.0	0.0	0.512
5660	0.0	0.0	0.634
5661	0.0	0.0	0.651
5662	0.0	0.0	0.607
5663	0.0	0.0	0.365
5664	0.0	0.0	0.229
5665	0.0	0.0	0.158
5666	0.0	0.0	0.086
5667	0.0	0.0	0.034
5668	0.0	0.0	0.024
5669	0.0	0.0	0.073
5670	0.0	0.0	0.183
5671	0.0	0.0	0.494
5672	0.0	0.0	0.528
5673	0.0	0.0	0.531
5674	0.0	0.0	0.556
5675	0.0	0.0	0.531
5676	0.0	0.0	0.515
5677	0.0	0.0	0.476
5678	0.0	0.0	0.419
5679	0.0	0.0	0.382
5680	0.0	0.0	0.356
5681	0.0	0.0	0.370
5682	0.0	0.0	0.459
5683	0.0	0.0	0.512
5684	0.0	0.0	0.634
5685	0.0	0.0	0.651
5686	0.0	0.0	0.607
5687	0.0	0.0	0.365
5688	0.0	0.0	0.229
5689	0.0	0.0	0.158
5690	0.0	0.0	0.086
5691	0.0	0.0	0.034
5692	0.0	0.0	0.024
5693	0.0	0.0	0.073
5694	0.0	0.0	0.183
5695	0.0	0.0	0.494
5696	0.0	0.0	0.528
5697	0.0	0.0	0.531
5698	0.0	0.0	0.556
5699	0.0	0.0	0.531
5700	0.0	0.0	0.515
5701	0.0	0.0	0.476
5702	0.0	0.0	0.419
5703	0.0	0.0	0.382
5704	0.0	0.0	0.356
5705	0.0	0.0	0.370
5706	0.0	0.0	0.459
5707	0.0	0.0	0.512
5708	0.0	0.0	0.634
5709	0.0	0.0	0.651
5710	0.0	0.0	0.607
5711	0.0	0.0	0.365
5712	0.0	0.0	0.229
5713	0.0	0.0	0.158
5714	0.0	0.0	0.086
5715	0.0	0.0	0.034
5716	0.0	0.0	0.024
5717	0.0	0.0	0.073
5718	0.0	0.0	0.183
5719	0.0	0.0	0.494
5720	0.0	0.0	0.528
5721	0.0	0.0	0.531
5722	0.0	0.0	0.556
5723	0.0	0.0	0.531
5724	0.0	0.0	0.515
5725	0.0	0.0	0.476
5726	0.0	0.0	0.419
5727	0.0	0.0	0.382
5728	0.0	0.0	0.356
5729	0.0	0.0	0.370
5730	0.0	0.0	0.459
5731	0.0	0.0	0.512
5732	0.0	0.0	0.634
5733	0.0	0.0	0.651
5734	0.0	0.0	0.607
5735	0.0	0.0	0.365
5736	0.0	0.0	0.229
5737	0.0	0.0	0.158
5738	0.0	0.0	0.086
5739	0.0	0.0	0.034
5740	0.0	0.0	0.024
5741	0.0	0.0	0.073
5742	0.0	0.0	0.183
5743	0.0	0.0	0.494
5744	0.0	0.0	0.528
5745	0.0	0.0	0.531
5746	0.0	0.0	0.556
5747	0.0	0.0	0.531
5748	0.0	0.0	0.515
5749	0.0	0.0	0.476
5750	0.0	0.0	0.419
5751	0.0	0.0	0.382
5752	0.0	0.0	0.356
5753	0.0	0.0	0.370
5754	0.0	0.0	0.459
5755	0.0	0.0	0.512
5756	0.0	0.0	0.634
5757	0.0	0.0	0.651
5758	0.0	0.0	0.607
5759	0.0	0.0	0.365
5760	0.0	0.0	0.229
5761	0.0	0.0	0.158
5762	0.0	0.0	0.086
5763	0.0	0.0	0.034
5764	0.0	0.0	0.024
5765	0.0	0.0	0.073
5766	0.0	0.0	0.183
5767	0.0	0.0	0.494
5768	0.0	0.0	0.528
5769	0.0	0.0	0.531
5770	0.0	0.0	0.556
5771	0.0	0.0	0.531
5772	0.0	0.0	0.515
5773	0.0	0.0	0.476
5774	0.0	0.0	0.419
5775	0.0	0.0	0.382
5776	0.0	0.0	0.356
5777	0.0	0.0	0.370
5778	0.0	0.0	0.459
5779	0.0	0.0	0.512
5780	0.0	0.0	0.634
5781	0.0	0.0	0.651
5782	0.0	0.0	0.607
5783	0.0	0.0	0.365
5784	0.0	0.0	0.229
5785	0.0	0.0	0.158
5786	0.0	0.0	0.086
5787	0.0	0.0	0.034
5788	0.0	0.0	0.024
5789	0.0	0.0	0.073
5790	0.0	0.0	0.183
5791	0.0	0.0	0.494
5792	0.0	0.0	0.528
5793	0.0	0.0	0.531
5794	0.0	0.0	0.556
5795	0.0	0.0	0.531
5796	0.0	0.0	0.515
5797	0.0	0.0	0.476
5798	0.0	0.0	0.419
5799	0.0	0.0	0.382
5800	0.0	0.0	0.356
5801	0.0	0.0	0.370
5802	0.0	0.0	0.459
5803	0.0	0.0	0.512
5804	0.0	0.0	0.634
5805	0.0	0.0	0.651
5806	0.0	0.0	0.607
5807	0.0	0.0	0.365
5808	0.0	0.0	0.229
5809	0.0	0.0	0.158
5810	0.0	0.0	0.086
5811	0.0	0.0	0.034
5812	0.0	0.0	0.024
5813	0.0	0.0	0.073
5814	0.0	0.0	0.183
5815	0.0	0.0	0.494
5816	0.0	0.0	0.528
5817	0.0	0.0	0.531
5818	0.0	0.0	0.556
5819	0.0	0.0	0.531
5820	0.0	0.0	0.515
5821	0.0	0.0	0.476
5822	0.0	0.0	0.419
5823	0.0	0.0	0.382
5824	0.0	0.0	0.356
5825	0.0	0.0	0.370
5826	0.0	0.0	0.459
5827	0.0	0.0	0.512
5828	0.0	0.0	0.634
5829	0.0	0.0	0.651
5830	0.0	0.0	0.607
5831	0.0	0.0	0.365
5832	0.0	0.0	0.229
5833	0.0	0.0	0.158
5834	0.0	0.0	0.086
5835	0.0	0.0	0.034
5836	0.0	0.0	0.024
5837	0.0	0.0	0.073
5838	0.0	0.0	0.183
5839	0.0	0.0	0.494
5840	0.0	0.0	0.528
5841	0.0	0.0	0.531
5842	0.0	0.0	0.556
5843	0.0	0.0	0.531
5844	0.0	0.0	0.515
5845	0.0	0.0	0.476
5846	0.0	0.0	0.419
5847	0.0	0.0	0.382
5848	0.0	0.0	0.356
5849	0.0	0.0	0.370
5850	0.0	0.0	0.459
5851	0.0	0.0	0.512
5852	0.0	0.0	0.634
5853	0.0	0.0	0.651
5854	0.0	0.0	0.607
5855	0.0	0.0	0.365
5856	0.0	0.0	0.229
5857	0.0	0.0	0.158
5858	0.0	0.0	0.086
5859	0.0	0.0	0.034
5860	0.0	0.0	0.024
5861	0.0	0.0	0.073
5862	0.0	0.0	0.183
5863	0.0	0.0	0.494
5864	0.0	0.0	0.528
5865	0.0	0.0	0.531
5866	0.0	0.0	0.556
5867	0.0	0.0	0.531
5868	0.0	0.0	0.515
5869	0.0	0.0	0.476
5870	0.0	0.0	0.419
5871	0.0	0.0	0.382
5872	0.0	0.0	0.356
5873	0.0	0.0	0.370
5874	0.0	0.0	0.459
5875	0.0	0.0	0.512
5876	0.0	0.0	0.634
5877	0.0	0.0	0.651
5878	0.0	0.0	0.607
5879	0.0	0.0	0.365
5880	0.0	0.0	0.229
5881	0.0	0.0	0.158
5882	0.0	0.0	0.086
5883	0.0	0.0	0.034
5884	0.0	0.0	0.024
5885	0.0	0.0	0.073
5886	0.0	0.0	0.183
5887	0.0	0.0	0.494
5888	0.0	0.0	0.528
5889	0.0	0.0	0.531
5890	0.0	0.0	0.556
5891	0.0	0.0	0.531
5892	0.0	0.0	0.515
5893	0.0	0.0	0.476
5894	0.0	0.0	0.419
5895	0.0	0.0	0.382
5896	0.0	0.0	0.356
5897	0.0	0.0	0.370
5898	0.0	0.0	0.459
5899	0.0	0.0	0.512
5900	0.0	0.0	0.634
5901	0.0	0.0	0.651
5902	0.0	0.0	0.607
5903	0.0	0.0	0.365
5904	0.0	0.0	0.229
5905	0.0	0.0	0.158
5906	0.0	0.0	0.086
5907	0.0	0.0	0.034
5908	0.0	0.0	0.024
5909	0.0	0.0	0.073
5910	0.0	0.0	0.183
5911	0.0	0.0	0.494
5912	0.0	0.0	0.528
5913	0.0	0.0	0.531
5914	0.0	0.0	0.556
5915	0.0	0.0	0.531
5916	0.0	0.0	0.515
5917	0.0	0.0	0.476
5918	0.0	0.0	0.419
5919	0.0	0.0	0.382
5920	0.0	0.0	0.356
5921	0.0	0.0	0.370
5922	0.0	0.0	0.459
5923	0.0	0.0	0.512
5924	0.0	0.0	0.634
5925	0.0	0.0	0.651
5926	0.0	0.0	0.607
5927	0.0	0.0	0.365
5928	0.0	0.0	0.229
5929	0.0	0.0	0.158
5930	0.0	0.0	0.086
5931	0.0	0.0	0.034
5932	0.0	0.0	0.024
5933	0.0	0.0	0.073
5934	0.0	0.0	0.183
5935	0.0	0.0	0.494
5936	0.0	0.0	0.528
5937	0.0	0.0	0.531
5938	0.0	0.0	0.556
5939	0.0	0.0	0.531
5940	0.0	0.0	0.515
5941	0.0	0.0	0.476
5942	0.0	0.0	0.419
5943	0.0	0.0	0.382
5944	0.0	0.0	0.356
5945	0.0	0.0	0.370
5946	0.0	0.0	0.459
5947	0.0	0.0	0.512
5948	0.0	0.0	0.634
5949	0.0	0.0	0.651
5950	0.0	0.0	0.607
5951	0.0	0.0	0.365
5952	0.0	0.0	0.229
5953	0.0	0.0	0.158
5954	0.0	0.0	0.086
5955	0.0	0.0	0.034
5956	0.0	0.0	0.024
5957	0.0	0.0	0.073
5958	0.0	0.0	0.183
5959	0.0	0.0	0.494
5960	0.0	0.0	0.528
5961	0.0	0.0	0.531
5962	0.0	0.0	0.556
5963	0.0	0.0	0.531
5964	0.0	0.0	0.515
5965	0.0	0.0	0.476
5966	0.0	0.0	0.419
5967	0.0	0.0	0.382
5968	0.0	0.0	0.356
5969	0.0	0.0	0.370
5970	0.0	0.0	0.459
5971	0.0	0.0	0.512
5972	0.0	0.0	0.634
5973	0.0	0.0	0.651
5974	0.0	0.0	0.607
5975	0.0	0.0	0.365
5976	0.0	0.0	0.229
5977	0.0	0.0	0.158
5978	0.0	0.0	0.086
5979	0.0	0.0	0.034
5980	0.0	0.0	0.024
5981	0.0	0.0	0.073
5982	0.0	0.0	0.183
5983	0.0	0.0	0.494
5984	0.0	0.0	0.528
5985	0.0	0.0	0.531
5986	0.0	0.0	0.556
5987	0.0	0.0	0.531
5988	0.0	0.0	0.515
5989	0.0	0.0	0.476
5990	0.0	0.0	0.419
5991	0.0	0.0	0.382
5992	0.0	0.0	0.356
5993	0.0	0.0	0.370
5994	0.0	0.0	0.459
5995	0.0	0.0	0.512
5996	0.0	0.0	0.634
5997	0.0	0.0	0.651
5998	0.0	0.0	0.607
5999	0.0	0.0	0.365
6000	0.0	0.0	0.229
6001	0.0	0.0	0.158
6002	0.0	0.0	0.086
6003	0.0	0.0	0.034
6004	0.0	0.0	0.024
6005	0.0	0.0	0.073
6006	0.0	0.0	0.183
6007	0.0	0.0	0.494
6008	0.0	0.0	0.528
6009	0.0	0.0	0.531
6010	0.0	0.0	0.556
6011	0.0	0.0	0.531
6012	0.0	0.0	0.515
6013	0.0	0.0	0.476
6014	0.0	0.0	0.419
6015	0.0	0.0	0.382
6016	0.0	0.0	0.356
6017	0.0	0.0	0.370
6018	0.0	0.0	0.459
6019	0.0	0.0	0.512
6020	0.0	0.0	0.634
6021	0.0	0.0	0.651
6022	0.0	0.0	0.607
6023	0.0	0.0	0.365
6024	0.0	0.0	0.229
6025	0.0	0.0	0.158
6026	0.0	0.0	0.086
6027	0.0	0.0	0.034
6028	0.0	0.0	0.024
6029	0.0	0.0	0.073
6030	0.0	0.0	0.183
6031	0.0	0.0	0.494
6032	0.0	0.0	0.528
6033	0.0	0.0	0.531
6034	0.0	0.0	0.556
6035	0.0	0.0	0.531
6036	0.0	0.0	0.515
6037	0.0	0.0	0.476
6038	0.0	0.0	0.419
6039	0.0	0.0	0.382
6040	0.0	0.0	0.356
6041	0.0	0.0	0.370
6042	0.0	0.0	0.459
6043	0.0	0.0	0.512
6044	0.0	0.0	0.634
6045	0.0	0.0	0.651
6046	0.0	0.0	0.607
6047	0.0	0.0	0.365
6048	0.0	0.0	0.229
6049	0.0	0.0	0.158
6050	0.0	0.0	0.086
6051	0.0	0.0	0.034
6052	0.0	0.0	0.024
6053	0.0	0.0	0.073
6054	0.0	0.0	0.183
6055	0.0	0.0	0.494
6056	0.0	0.0	0.528
6057	0.0	0.0	0.531
6058	0.0	0.0	0.556
6059	0.0	0.0	0.531
6060	0.0	0.0	0.515
6061	0.0	0.0	0.476
6062	0.0	0.0	0.419
6063	0.0	0.0	0.382
6064	0.0	0.0	0.356
6065	0.0	0.0	0.370
6066	0.0	0.0	0.459
6067	0.0	0.0	0.512
6068	0.0	0.0	0.634
6069	0.0	0.0	0.651
6070	0.0	0.0	0.607
6071	0.0	0.0	0.365
6072	0.0	0.0	0.229
6073	0.0	0.0	0.158
6074	0.0	0.0	0.086
6075	0.0	0.0	0.034
6076	0.0	0.0	0.024
6077	0.0	0.0	0.073
6078	0.0	0.0	0.183
6079	0.0	0.0	0.494
6080	0.0	0.0	0.528
6081	0.0	0.0	0.531
6082	0.0	0.0	0.556
6083	0.0	0.0	0.531
6084	0.0	0.0	0.515
6085	0.0	0.0	0.476
6086	0.0	0.0	0.419
6087	0.0	0.0	0.382
6088	0.0	0.0	0.356
6089	0.0	0.0	0.370
6090	0.0	0.0	0.459
6091	0.0	0.0	0.512
6092	0.0	0.0	0.634
6093	0.0	0.0	0.651
6094	0.0	0.0	0.607
6095	0.0	0.0	0.365
6096	0.0	0.0	0.229
6097	0.0	0.0	0.158
6098	0.0	0.0	0.086
6099	0.0	0.0	0.034
6100	0.0	0.0	0.024
6101	0.0	0.0	0.073
6102	0.0	0.0	0.183
6103	0.0	0.0	0.494
6104	0.0	0.0	0.528
6105	0.0	0.0	0.531
6106	0.0	0.0	0.556
6107	0.0	0.0	0.531
6108	0.0	0.0	0.515
6109	0.0	0.0	0.476
6110	0.0	0.0	0.419
6111	0.0	0.0	0.382
6112	0.0	0.0	0.356
6113	0.0	0.0	0.370
6114	0.0	0.0	0.459
6115	0.0	0.0	0.512
6116	0.0	0.0	0.634
6117	0.0	0.0	0.651
6118	0.0	0.0	0.607
6119	0.0	0.0	0.365
6120	0.0	0.0	0.229
6121	0.0	0.0	0.158
6122	0.0	0.0	0.086
6123	0.0	0.0	0.034
6124	0.0	0.0	0.024
6125	0.0	0.0	0.073
6126	0.0	0.0	0.183
6127	0.0	0.0	0.494
6128	0.0	0.0	0.528
6129	0.0	0.0	0.531
6130	0.0	0.0	0.556
6131	0.0	0.0	0.531
6132	0.0	0.0	0.515
6133	0.0	0.0	0.476
6134	0.0	0.0	0.419
6135	0.0	0.0	0.382
6136	0.0	0.0	0.356
6137	0.0	0.0	0.370
6138	0.0	0.0	0.459
6139	0.0	0.0	0.512
6140	0.0	0.0	0.634
6141	0.0	0.0	0.651
6142	0.0	0.0	0.607
6143	0.0	0.0	0.365
6144	0.0	0.0	0.229
6145	0.0	0.0	0.158
6146	0.0	0.0	0.086
6147	0.0	0.0	0.034
6148	0.0	0.0	0.024
6149	0.0	0.0	0.073
6150	0.0	0.0	0.183
6151	0.0	0.0	0.494
6152	0.0	0.0	0.528
6153	0.0	0.0	0.531
6154	0.0	0.0	0.556
6155	0.0	0.0	0.531
6156	0.0	0.0	0.515
6157	0.0	0.0	0.476
6158	0.0	0.0	0.419
6159	0.0	0.0	0.382
6160	0.0	0.0	0.356
6161	0.0	0.0	0.370
6162	0.0	0.0	0.459
6163	0.0	0.0	0.512
6164	0.0	0.0	0.634
6165	0.0	0.0	0.651
6166	0.0	0.0	0.607
6167	0.0	0.0	0.365
6168	0.0	0.0	0.229
6169	0.0	0.0	0.158
6170	0.0	0.0	0.086
6171	0.0	0.0	0.034
6172	0.0	0.0	0.024
6173	0.0	0.0	0.073
6174	0.0	0.0	0.183
6175	0.0	0.0	0.494
6176	0.0	0.0	0.528
6177	0.0	0.0	0.531
6178	0.0	0.0	0.556
6179	0.0	0.0	0.531
6180	0.0	0.0	0.515
6181	0.0	0.0	0.476
6182	0.0	0.0	0.419
6183	0.0	0.0	0.382
6184	0.0	0.0	0.356
6185	0.0	0.0	0.370
6186	0.0	0.0	0.459
6187	0.0	0.0	0.512
6188	0.0	0.0	0.634
6189	0.0	0.0	0.651
6190	0.0	0.0	0.607
6191	0.0	0.0	0.365
6192	0.0	0.0	0.229
6193	0.0	0.0	0.158
6194	0.0	0.0	0.086
6195	0.0	0.0	0.034
6196	0.0	0.0	0.024
6197	0.0	0.0	0.073
6198	0.0	0.0	0.183
6199	0.0	0.0	0.494
6200	0.0	0.0	0.528
6201	0.0	0.0	0.531
6202	0.0	0.0	0.556
6203	0.0	0.0	0.531
6204	0.0	0.0	0.515
6205	0.0	0.0	0.476
6206	0.0	0.0	0.419
6207	0.0	0.0	0.382
6208	0.0	0.0	0.356
6209	0.0	0.0	0.370
6210	0.0	0.0	0.459
6211	0.0	0.0	0.512
6212	0.0	0.0	0.634
6213	0.0	0.0	0.651
6214	0.0	0.0	0.607
6215	0.0	0.0	0.365
6216	0.0	0.0	0.229
6217	0.0	0.0	0.158
6218	0.0	0.0	0.086
6219	0.0	0.0	0.034
6220	0.0	0.0	0.024
6221	0.0	0.0	0.073
6222	0.0	0.0	0.183
6223	0.0	0.0	0.494
6224	0.0	0.0	0.528
6225	0.0	0.0	0.531
6226	0.0	0.0	0.556
6227	0.0	0.0	0.531
6228	0.0	0.0	0.515
6229	0.0	0.0	0.476
6230	0.0	0.0	0.419
6231	0.0	0.0	0.382
6232	0.0	0.0	0.356
6233	0.0	0.0	0.370
6234	0.0	0.0	0.459
6235	0.0	0.0	0.512
6236	0.0	0.0	0.634
6237	0.0	0.0	0.651
6238	0.0	0.0	0.607
6239	0.0	0.0	0.365
6240	0.0	0.0	0.229
6241	0.0	0.0	0.158
6242	0.0	0.0	0.086
6243	0.0	0.0	0.034
6244	0.0	0.0	0.024
6245	0.0	0.0	0.073
6246	0.0	0.0	0.183
6247	0.0	0.0	0.494
6248	0.0	0.0	0.528
6249	0.0	0.0	0.531
6250	0.0	0.0	0.556
6251	0.0	0.0	0.531
6252	0.0	0.0	0.515
6253	0.0	0.0	0.476
6254	0.0	0.0	0.419
6255	0.0	0.0	0.382
6256	0.0	0.0	0.356
6257	0.0	0.0	0.370
6258	0.0	0.0	0.459
6259	0.0	0.0	0.512
6260	0.0	0.0	0.634
6261	0.0	0.0	0.651
6262	0.0	0.0	0.607
6263	0.0	0.0	0.365
6264	0.0	0.0	0.229
6265	0.0	0.0	0.158
6266	0.0	0.0	0.086
6267	0.0	0.0	0.034
6268	0.0	0.0	0.024
6269	0.0	0.0	0.073
6270	0.0	0.0	0.183
6271	0.0	0.0	0.494
6272	0.0	0.0	0.528
6273	0.0	0.0	0.531
6274	0.0	0.0	0.556
6275	0.0	0.0	0.531
6276	0.0	0.0	0.515
6277	0.0	0.0	0.476
6278	0.0	0.0	0.419
6279	0.0	0.0	0.382
6280	0.0	0.0	0.356
6281	0.0	0.0	0.370
6282	0.0	0.0	0.459
6283	0.0	0.0	0.512
6284	0.0	0.0	0.634
6285	0.0	0.0	0.651
6286	0.0	0.0	0.607
6287	0.0	0.0	0.365
6288	0.0	0.0	0.229
6289	0.0	0.0	0.158
6290	0.0	0.0	0.086
6291	0.0	0.0	0.034
6292	0.0	0.0	0.024
6293	0.0	0.0	0.073
6294	0.0	0.0	0.183
6295	0.0	0.0	0.494
6296	0.0	0.0	0.528
6297	0.0	0.0	0.531
6298	0.0	0.0	0.556
6299	0.0	0.0	0.531
6300	0.0	0.0	0.515
6301	0.0	0.0	0.476
6302	0.0	0.0	0.419
6303	0.0	0.0	0.382
6304	0.0	0.0	0.356
6305	0.0	0.0	0.370
6306	0.0	0.0	0.459
6307	0.0	0.0	0.512
6308	0.0	0.0	0.634
6309	0.0	0.0	0.651
6310	0.0	0.0	0.607
6311	0.0	0.0	0.365
6312	0.0	0.0	0.229
6313	0.0	0.0	0.158
6314	0.0	0.0	0.086
6315	0.0	0.0	0.034
6316	0.0	0.0	0.024
6317	0.0	0.0	0.073
6318	0.0	0.0	0.183
6319	0.0	0.0	0.494
6320	0.0	0.0	0.528
6321	0.0	0.0	0.531
6322	0.0	0.0	0.556
6323	0.0	0.0	0.531
6324	0.0	0.0	0.515
6325	0.0	0.0	0.476
6326	0.0	0.0	0.419
6327	0.0	0.0	0.382
6328	0.0	0.0	0.356
6329	0.0	0.0	0.370
6330	0.0	0.0	0.459
6331	0.0	0.0	0.512
6332	0.0	0.0	0.634
6333	0.0	0.0	0.651
6334	0.0	0.0	0.607
6335	0.0	0.0	0.365
6336	0.0	0.0	0.229
6337	0.0	0.0	0.158
6338	0.0	0.0	0.086
6339	0.0	0.0	0.034
6340	0.0	0.0	0.024
6341	0.0	0.0	0.073
6342	0.0	0.0	0.183
6343	0.0	0.0	0.494
6344	0.0	0.0	0.528
6345	0.0	0.0	0.531
6346	0.0	0.0	0.556
6347	0.0	0.0	0.531
6348	0.0	0.0	0.515
6349	0.0	0.0	0.476
6350	0.0	0.0	0.419
6351	0.0	0.0	0.382
6352	0.0	0.0	0.356
6353	0.0	0.0	0.370
6354	0.0	0.0	0.459
6355	0.0	0.0	0.512
6356	0.0	0.0	0.634
6357	0.0	0.0	0.651
6358	0.0	0.0	0.607
6359	0.0	0.0	0.365
6360	0.0	0.0	0.229
6361	0.0	0.0	0.158
6362	0.0	0.0	0.086
6363	0.0	0.0	0.034
6364	0.0	0.0	0.024
6365	0.0	0.0	0.073
6366	0.0	0.0	0.183
6367	0.0	0.0	0.494
6368	0.0	0.0	0.528
6369	0.0	0.0	0.531
6370	0.0	0.0	0.556
6371	0.0	0.0	0.531
6372	0.0	0.0	0.515
6373	0.0	0.0	0.476
6374	0.0	0.0	0.419
6375	0.0	0.0	0.382
6376	0.0	0.0	0.356
6377	0.0	0.0	0.370
6378	0.0	0.0	0.459
6379	0.0	0.0	0.512
6380	0.0	0.0	0.634
6381	0.0	0.0	0.651
6382	0.0	0.0	0.607
6383	0.0	0.0	0.365
6384	0.0	0.0	0.229
6385	0.0	0.0	0.158
6386	0.0	0.0	0.086
6387	0.0	0.0	0.034
6388	0.0	0.0	0.024
6389	0.0	0.0	0.073
6390	0.0	0.0	0.183
6391	0.0	0.0	0.494
6392	0.0	0.0	0.528
6393	0.0	0.0	0.531
6394	0.0	0.0	0.556
6395	0.0	0.0	0.531
6396	0.0	0.0	0.515
6397	0.0	0.0	0.476
6398	0.0	0.0	0.419
6399	0.0	0.0	0.382
6400	0.0	0.0	0.356
6401	0.0	0.0	0.370
6402	0.0	0.0	0.459
6403	0.0	0.0	0.512
6404	0.0	0.0	0.634
6405	0.0	0.0	0.651
6406	0.0	0.0	0.607
6407	0.0	0.0	0.365
6408	0.0	0.0	0.229
6409	0.0	0.0	0.158
6410	0.0	0.0	0.086
6411	0.0	0.0	0.034
6412	0.0	0.0	0.024
6413	0.0	0.0	0.073
6414	0.0	0.0	0.183
6415	0.0	0.0	0.494
6416	0.0	0.0	0.528
6417	0.0	0.0	0.531
6418	0.0	0.0	0.556
6419	0.0	0.0	0.531
6420	0.0	0.0	0.515
6421	0.0	0.0	0.476
6422	0.0	0.0	0.419
6423	0.0	0.0	0.382
6424	0.0	0.0	0.356
6425	0.0	0.0	0.370
6426	0.0	0.0	0.459
6427	0.0	0.0	0.512
6428	0.0	0.0	0.634
6429	0.0	0.0	0.651
6430	0.0	0.0	0.607
6431	0.0	0.0	0.365
6432	0.0	0.0	0.229
6433	0.0	0.0	0.158
6434	0.0	0.0	0.086
6435	0.0	0.0	0.034
6436	0.0	0.0	0.024
6437	0.0	0.0	0.073
6438	0.0	0.0	0.183
6439	0.0	0.0	0.494
6440	0.0	0.0	0.528
6441	0.0	0.0	0.531
6442	0.0	0.0	0.556
6443	0.0	0.0	0.531
6444	0.0	0.0	0.515
6445	0.0	0.0	0.476
6446	0.0	0.0	0.419
6447	0.0	0.0	0.382
6448	0.0	0.0	0.356
6449	0.0	0.0	0.370
6450	0.0	0.0	0.459
6451	0.0	0.0	0.512
6452	0.0	0.0	0.634
6453	0.0	0.0	0.651
6454	0.0	0.0	0.607
6455	0.0	0.0	0.365
6456	0.0	0.0	0.229
6457	0.0	0.0	0.158
6458	0.0	0.0	0.086
6459	0.0	0.0	0.034
6460	0.0	0.0	0.024
6461	0.0	0.0	0.073
6462	0.0	0.0	0.183
6463	0.0	0.0	0.494
6464	0.0	0.0	0.528
6465	0.0	0.0	0.531
6466	0.0	0.0	0.556
6467	0.0	0.0	0.531
6468	0.0	0.0	0.515
6469	0.0	0.0	0.476
6470	0.0	0.0	0.419
6471	0.0	0.0	0.382
6472	0.0	0.0	0.356
6473	0.0	0.0	0.370
6474	0.0	0.0	0.459
6475	0.0	0.0	0.512
6476	0.0	0.0	0.634
6477	0.0	0.0	0.651
6478	0.0	0.0	0.607
6479	0.0	0.0	0.365
6480	0.0	0.0	0.229
6481	0.0	0.0	0.158
6482	0.0	0.0	0.086
6483	0.0	0.0	0.034
6484	0.0	0.0	0.024
6485	0.0	0.0	0.073
6486	0.0	0.0	0.183
6487	0.0	0.0	0.494
6488	0.0	0.0	0.528
6489	0.0	0.0	0.531
6490	0.0	0.0	0.556
6491	0.0	0.0	0.531
6492	0.0	0.0	0.515
6493	0.0	0.0	0.476
6494	0.0	0.0	0.419
6495	0.0	0.0	0.382
6496	0.0	0.0	0.356
6497	0.0	0.0	0.370
6498	0.0	0.0	0.459
6499	0.0	0.0	0.512
6500	0.0	0.0	0.634
6501	0.0	0.0	0.651
6502	0.0	0.0	0.607
6503	0.0	0.0	0.365
6504	0.0	0.0	0.229
6505	0.0	0.0	0.158
6506	0.0	0.0	0.086
6507	0.0	0.0	0.034
6508	0.0	0.0	0.024
6509	0.0	0.0	0.073
6510	0.0	0.0	0.183
6511	0.0	0.0	0.494
6512	0.0	0.0	0.528
6513	0.0	0.0	0.531
6514	0.0	0.0	0.556
6515	0.0	0.0	0.531
6516	0.0	0.0	0.515
6517	0.0	0.0	0.476
6518	0.0	0.0	0.419
6519	0.0	0.0	0.382
6520	0.0	0.0	0.356
6521	0.0	0.0	0.370
6522	0.0	0.0	0.459
6523	0.0	0.0	0.512
6524	0.0	0.0	0.634
6525	0.0	0.0	0.651
6526	0.0	0.0	0.607
6527	0.0	0.0	0.365
6528	0.0	0.0	0.229
6529	0.0	0.0	0.158
6530	0.0	0.0	0.086
6531	0.0	0.0	0.034
6532	0.0	0.0	0.024
6533	0.0	0.0	0.073
6534	0.0	0.0	0.183
6535	0.0	0.0	0.494
6536	0.0	0.0	0.528
6537	0.0	0.0	0.531
6538	0.0	0.0	0.556
6539	0.0	0.0	0.531
6540	0.0	0.0	0.515
6541	0.0	0.0	0.476
6542	0.0	0.0	0.419
6543	0.0	0.0	0.382
6544	0.0	0.0	0.356
6545	0.0	0.0	0.370
6546	0.0	0.0	0.459
6547	0.0	0.0	0.512
6548	0.0	0.0	0.634
6549	0.0	0.0	0.651
6550	0.0	0.0	0.607
6551	0.0	0.0	0.365
6552	0.0	0.0	0.229
6553	0.0	0.0	0.158
6554	0.0	0.0	0.086
6555	0.0	0.0	0.034
6556	0.0	0.0	0.024
6557	0.0	0.0	0.073
6558	0.0	0.0	0.183
6559	0.0	0.0	0.494
6560	0.0	0.0	0.528
6561	0.0	0.0	0.531
6562	0.0	0.0	0.556
6563	0.0	0.0	0.531
6564	0.0	0.0	0.515
6565	0.0	0.0	0.476
6566	0.0	0.0	0.419
6567	0.0	0.0	0.382
6568	0.0	0.0	0.356
6569	0.0	0.0	0.370
6570	0.0	0.0	0.459
6571	0.0	0.0	0.512
6572	0.0	0.0	0.634
6573	0.0	0.0	0.651
6574	0.0	0.0	0.607
6575	0.0	0.0	0.365
6576	0.0	0.0	0.229
6577	0.1	0.0	0.158
6578	0.1	0.0	0.086
6579	0.1	0.0	0.034
6580	0.1	0.0	0.024
6581	0.2	0.0	0.073
6582	0.2	0.0	0.183
6583	0.2	0.0	0.494
6584	0.2	0.0	0.528
6585	0.2	0.0	0.531
6586	0.2	0.0	0.556
6587	0.2	0.0	0.531
6588	0.2	0.0	0.515
6589	0.2	0.0	0.476
6590	0.2	0.0	0.419
6591	0.2	0.0	0.382
6592	0.2	0.0	0.356
6593	0.2	0.0	0.370
6594	0.2	0.0	0.459
6595	0.3	0.0	0.512
6596	0.3	0.0	0.634
6597	0.3	0.0	0.651
6598	0.3	0.0	0.607
6599	0.4	0.0	0.365
6600	0.4	0.0	0.229
6601	0.4	0.0	0.158
6602	0.4	0.0	0.086
6603	0.4	0.0	0.034
6604	0.4	0.0	0.024
6605	0.4	0.0	0.073
6606	0.4	0.0	0.183
6607	0.4	0.0	0.494
6608	0.5	0.0	0.528
6609	0.4	0.0	0.531
6610	0.4	0.0	0.556
6611	0.4	0.0	0.531
6612	0.3	0.0	0.515
6613	0.3	0.0	0.476
6614	0.3	0.0	0.419
6615	0.3	0.0	0.382
6616	0.3	0.0	0.356
6617	0.4	0.0	0.370
6618	0.4	0.0	0.459
6619	0.4	0.0	0.512
6620	0.4	0.0	0.634
6621	0.5	0.0	0.651
6622	0.5	0.0	0.607
6623	0.5	0.0	0.365
6624	0.5	0.0	0.229
6625	0.5	0.0	0.158
6626	0.5	0.0	0.086
6627	0.5	0.0	0.034
6628	0.5	0.0	0.024
6629	0.5	0.0	0.073
6630	0.5	0.0	0.183
6631	0.5	0.0	0.494
6632	0.5	0.0	0.528
6633	0.5	0.0	0.531
6634	0.5	0.0	0.556
6635	0.4	0.0	0.531
6636	0.4	0.0	0.515
6637	0.4	0.0	0.476
6638	0.3	0.0	0.419
6639	0.3	0.0	0.382
6640	0.3	0.0	0.356
6641	0.3	0.0	0.370
6642	0.4	0.0	0.459
6643	0.4	0.0	0.512
6644	0.5	0.0	0.634
6645	0.5	0.0	0.651
6646	0.5	0.0	0.607
6647	0.5	0.0	0.365
6648	0.5	0.0	0.229
6649	0.5	0.0	0.158
6650	0.5	0.0	0.086
6651	0.5	0.0	0.034
6652	0.5	0.0	0.024
6653	0.5	0.0	0.073
6654	0.5	0.0	0.183
6655	0.5	0.0	0.494
6656	0.5	0.0	0.528
6657	0.4	0.0	0.531
6658	0.4	0.0	0.556
6659	0.3	0.0	0.531
6660	0.3	0.0	0.515
6661	0.3	0.0	0.476
6662	0.2	0.0	0.419
6663	0.2	0.0	0.382
6664	0.2	0.0	0.356
6665	0.3	0.0	0.370
6666	0.3	0.0	0.459
6667	0.4	0.0	0.512
6668	0.4	0.0	0.634
6669	0.4	0.0	0.651
6670	0.4	0.0	0.607
6671	0.5	0.0	0.365
6672	0.5	0.0	0.229
6673	0.5	0.0	0.158
6674	0.5	0.0	0.086
6675	0.5	0.0	0.034
6676	0.5	0.0	0.024
6677	0.5	0.0	0.073
6678	0.5	0.0	0.183
6679	0.5	0.0	0.494
6680	0.5	0.0	0.528
6681	0.5	0.0	0.531
6682	0.4	0.0	0.556
6683	0.4	0.0	0.531
6684	0.4	0.0	0.515
6685	0.3	0.0	0.476
6686	0.3	0.0	0.419
6687	0.3	0.0	0.382
6688	0.3	0.0	0.356
6689	0.3	0.0	0.370
6690	0.3	0.0	0.459
6691	0.3	0.0	0.512
6692	0.3	0.0	0.634
6693	0.4	0.0	0.651
6694	0.3	0.0	0.607
6695	0.4	0.0	0.365
6696	0.4	0.0	0.229
6697	0.4	0.0	0.158
6698	0.4	0.0	0.086
6699	0.4	0.0	0.034
6700	0.4	0.0	0.024
6701	0.4	0.0	0.073
6702	0.4	0.0	0.183
6703	0.4	0.0	0.494
6704	0.4	0.0	0.528
6705	0.4	0.0	0.531
6706	0.4	0.0	0.556
6707	0.4	0.0	0.531
6708	0.3	0.0	0.515
6709	0.3	0.0	0.476
6710	0.3	0.0	0.419
6711	0.3	0.0	0.382
6712	0.3	0.0	0.356
6713	0.3	0.0	0.370
6714	0.4	0.0	0.459
6715	0.4	0.0	0.512
6716	0.5	0.0	0.634
6717	0.5	0.0	0.651
6718	0.5	0.0	0.607
6719	0.5	0.0	0.365
6720	0.5	0.0	0.229
6721	0.5	0.0	0.158
6722	0.5	0.0	0.086
6723	0.5	0.0	0.034
6724	0.5	0.0	0.024
6725	0.5	0.0	0.073
6726	0.6	0.0	0.183
6727	0.6	0.0	0.494
6728	0.6	0.0	0.528
6729	0.5	0.0	0.531
6730	0.5	0.0	0.556
6731	0.4	0.0	0.531
6732	0.4	0.0	0.515
6733	0.4	0.0	0.476
6734	0.3	0.0	0.419
6735	0.3	0.0	0.382
6736	0.3	0.0	0.356
6737	0.3	0.0	0.370
6738	0.4	0.0	0.459
6739	0.4	0.0	0.512
6740	0.4	0.0	0.634
6741	0.4	0.0	0.651
6742	0.4	0.0	0.607
6743	0.4	0.0	0.365
6744	0.4	0.0	0.229
6745	0.4	0.0	0.158
6746	0.4	0.0	0.086
6747	0.4	0.0	0.034
6748	0.4	0.0	0.024
6749	0.4	0.0	0.073
6750	0.4	0.0	0.183
6751	0.4	0.0	0.494
6752	0.5	0.0	0.528
6753	0.4	0.0	0.531
6754	0.4	0.0	0.556
6755	0.4	0.0	0.531
6756	0.3	0.0	0.515
6757	0.3	0.0	0.476
6758	0.3	0.0	0.419
6759	0.2	0.0	0.382
6760	0.2	0.0	0.356
6761	0.2	0.0	0.370
6762	0.3	0.0	0.459
6763	0.3	0.0	0.512
6764	0.3	0.0	0.634
6765	0.3	0.0	0.651
6766	0.4	0.0	0.607
6767	0.4	0.0	0.365
6768	0.4	0.0	0.229
6769	0.4	0.0	0.158
6770	0.4	0.0	0.086
6771	0.5	0.0	0.034
6772	0.5	0.0	0.024
6773	0.5	0.0	0.073
6774	0.5	0.0	0.183
6775	0.5	0.0	0.494
6776	0.5	0.0	0.528
6777	0.5	0.0	0.531
6778	0.4	0.0	0.556
6779	0.4	0.0	0.531
6780	0.3	0.0	0.515
6781	0.3	0.0	0.476
6782	0.3	0.0	0.419
6783	0.3	0.0	0.382
6784	0.3	0.0	0.356
6785	0.3	0.0	0.370
6786	0.3	0.0	0.459
6787	0.4	0.0	0.512
6788	0.4	0.0	0.634
6789	0.4	0.0	0.651
6790	0.4	0.0	0.607
6791	0.4	0.0	0.365
6792	0.4	0.0	0.229
6793	0.4	0.0	0.158
6794	0.4	0.0	0.086
6795	0.4	0.0	0.034
6796	0.4	0.0	0.024
6797	0.4	0.0	0.073
6798	0.4	0.0	0.183
6799	0.4	0.0	0.494
6800	0.4	0.0	0.528
6801	0.4	0.0	0.531
6802	0.4	0.0	0.556
6803	0.3	0.0	0.531
6804	0.3	0.0	0.515
6805	0.3	0.0	0.476
6806	0.3	0.0	0.419
6807	0.3	0.0	0.382
6808	0.2	0.0	0.356
6809	0.2	0.0	0.370
6810	0.3	0.0	0.459
6811	0.3	0.0	0.512
6812	0.3	0.0	0.634
6813	0.3	0.0	0.651
6814	0.3	0.0	0.607
6815	0.3	0.0	0.365
6816	0.3	0.0	0.229
6817	0.4	0.0	0.158
6818	0.4	0.0	0.086
6819	0.4	0.0	0.034
6820	0.4	0.0	0.024
6821	0.4	0.0	0.073
6822	0.4	0.0	0.183
6823	0.4	0.0	0.494
6824	0.4	0.0	0.528
6825	0.4	0.0	0.531
6826	0.3	0.0	0.556
6827	0.3	0.0	0.531
6828	0.3	0.0	0.515
6829	0.3	0.0	0.476
6830	0.3	0.0	0.419
6831	0.2	0.0	0.382
6832	0.2	0.0	0.356
6833	0.2	0.0	0.370
6834	0.2	0.0	0.459
6835	0.2	0.0	0.512
6836	0.2	0.0	0.634
6837	0.3	0.0	0.651
6838	0.3	0.0	0.607
6839	0.3	0.0	0.365
6840	0.3	0.0	0.229
6841	0.3	0.0	0.158
6842	0.3	0.0	0.086
6843	0.3	0.0	0.034
6844	0.3	0.0	0.024
6845	0.3	0.0	0.073
6846	0.3	0.0	0.183
6847	0.3	0.0	0.494
6848	0.3	0.0	0.528
6849	0.2	0.0	0.531
6850	0.2	0.0	0.556
6851	0.2	0.0	0.531
6852	0.2	0.0	0.515
6853	0.1	0.0	0.476
6854	0.1	0.0	0.419
6855	0.1	0.0	0.382
6856	0.1	0.0	0.356
6857	0.1	0.0	0.370
6858	0.1	0.0	0.459
6859	0.1	0.0	0.512
6860	0.1	0.0	0.634
6861	0.1	0.0	0.651
6862	0.1	0.0	0.607
6863	0.1	0.0	0.365
6864	0.1	0.0	0.229
6865	0.0	0.0	0.158
6866	0.0	0.0	0.086
6867	0.0	0.0	0.034
6868	0.0	0.0	0.024
6869	0.0	0.0	0.073
6870	0.0	0.0	0.183
6871	0.0	0.0	0.494
6872	0.0	0.0	0.528
6873	0.0	0.0	0.531
6874	0.0	0.0	0.556
6875	0.0	0.0	0.531
6876	0.0	0.0	0.515
6877	0.0	0.0	0.476
6878	0.0	0.0	0.419
6879	0.0	0.0	0.382
6880	0.0	0.0	0.356
6881	0.0	0.0	0.370
6882	0.0	0.0	0.459
6883	0.0	0.0	0.512
6884	0.0	0.0	0.634
6885	0.0	0.0	0.651
6886	0.0	0.0	0.607
6887	0.0	0.0	0.365
6888	0.0	0.0	0.229
6889	0.2	0.0	0.158
6890	0.2	0.0	0.086
6891	0.2	0.0	0.034
6892	0.2	0.0	0.024
6893	0.3	0.0	0.073
6894	0.3	0.0	0.183
6895	0.3	0.0	0.494
6896	0.3	0.0	0.528
6897	0.2	0.0	0.531
6898	0.2	0.0	0.556
6899	0.2	0.0	0.531
6900	0.1	0.0	0.515
6901	0.1	0.0	0.476
6902	0.1	0.0	0.419
6903	0.0	0.0	0.382
6904	0.0	0.0	0.356
6905	0.1	0.0	0.370
6906	0.1	0.0	0.459
6907	0.1	0.0	0.512
6908	0.2	0.0	0.634
6909	0.2	0.0	0.651
6910	0.2	0.0	0.607
6911	0.2	0.0	0.365
6912	0.3	0.0	0.229
6913	0.3	0.0	0.158
6914	0.3	0.0	0.086
6915	0.3	0.0	0.034
6916	0.3	0.0	0.024
6917	0.3	0.0	0.073
6918	0.3	0.0	0.183
6919	0.3	0.0	0.494
6920	0.3	0.0	0.528
6921	0.2	0.0	0.531
6922	0.2	0.0	0.556
6923	0.2	0.0	0.531
6924	0.1	0.0	0.515
6925	0.1	0.0	0.476
6926	0.1	0.0	0.419
6927	0.1	0.0	0.382
6928	0.0	0.0	0.356
6929	0.1	0.0	0.370
6930	0.1	0.0	0.459
6931	0.1	0.0	0.512
6932	0.1	0.0	0.634
6933	0.1	0.0	0.651
6934	0.1	0.0	0.607
6935	0.1	0.0	0.365
6936	0.1	0.0	0.229
6937	0.1	0.0	0.158
6938	0.2	0.0	0.086
6939	0.2	0.0	0.034
6940	0.2	0.0	0.024
6941	0.2	0.0	0.073
6942	0.2	0.0	0.183
6943	0.2	0.0	0.494
6944	0.2	0.0	0.528
6945	0.2	0.0	0.531
6946	0.1	0.0	0.556
6947	0.1	0.0	0.531
6948	0.1	0.0	0.515
6949	0.1	0.0	0.476
6950	0.0	0.0	0.419
6951	0.0	0.0	0.382
6952	0.0	0.0	0.356
6953	0.1	0.0	0.370
6954	0.1	0.0	0.459
6955	0.1	0.0	0.512
6956	0.1	0.0	0.634
6957	0.2	0.0	0.651
6958	0.2	0.0	0.607
6959	0.2	0.0	0.365
6960	0.2	0.0	0.229
6961	0.2	0.0	0.158
6962	0.3	0.0	0.086
6963	0.3	0.0	0.034
6964	0.3	0.0	0.024
6965	0.3	0.0	0.073
6966	0.3	0.0	0.183
6967	0.4	0.0	0.494
6968	0.4	0.0	0.528
6969	0.4	0.0	0.531
6970	0.3	0.0	0.556
6971	0.3	0.0	0.531
6972	0.3	0.0	0.515
6973	0.2	0.0	0.476
6974	0.2	0.0	0.419
6975	0.2	0.0	0.382
6976	0.3	0.0	0.356
6977	0.3	0.0	0.370
6978	0.3	0.0	0.459
6979	0.4	0.0	0.512
6980	0.4	0.0	0.634
6981	0.4	0.0	0.651
6982	0.4	0.0	0.607
6983	0.5	0.0	0.365
6984	0.5	0.0	0.229
6985	0.5	0.0	0.158
6986	0.5	0.0	0.086
6987	0.5	0.0	0.034
6988	0.5	0.0	0.024
6989	0.6	0.0	0.073
6990	0.5	0.0	0.183
6991	0.5	0.0	0.494
6992	0.5	0.0	0.528
6993	0.5	0.0	0.531
6994	0.4	0.0	0.556
6995	0.4	0.0	0.531
6996	0.3	0.0	0.515
6997	0.3	0.0	0.476
6998	0.3	0.0	0.419
6999	0.3	0.0	0.382
7000	0.3	0.0	0.356
7001	0.3	0.0	0.370
7002	0.3	0.0	0.459
7003	0.4	0.0	0.512
7004	0.4	0.0	0.634
7005	0.4	0.0	0.651
7006	0.4	0.0	0.607
7007	0.4	0.0	0.365
7008	0.5	0.0	0.229
7009	0.5	0.0	0.158
7010	0.5	0.0	0.086
7011	0.5	0.0	0.034
7012	0.5	0.0	0.024
7013	0.5	0.0	0.073
7014	0.5	0.0	0.183
7015	0.6	0.0	0.494
7016	0.6	0.0	0.528
7017	0.5	0.0	0.531
7018	0.5	0.0	0.556
7019	0.5	0.0	0.531
7020	0.4	0.0	0.515
7021	0.4	0.0	0.476
7022	0.4	0.0	0.419
7023	0.3	0.0	0.382
7024	0.4	0.0	0.356
7025	0.4	0.0	0.370
7026	0.4	0.0	0.459
7027	0.4	0.0	0.512
7028	0.4	0.0	0.634
7029	0.4	0.0	0.651
7030	0.4	0.0	0.607
7031	0.5	0.0	0.365
7032	0.5	0.0	0.229
7033	0.5	0.0	0.158
7034	0.5	0.0	0.086
7035	0.5	0.0	0.034
7036	0.5	0.0	0.024
7037	0.5	0.0	0.073
7038	0.5	0.0	0.183
7039	0.5	0.0	0.494
7040	0.5	0.0	0.528
7041	0.4	0.0	0.531
7042	0.4	0.0	0.556
7043	0.4	0.0	0.531
7044	0.3	0.0	0.515
7045	0.3	0.0	0.476
7046	0.3	0.0	0.419
7047	0.3	0.0	0.382
7048	0.3	0.0	0.356
7049	0.3	0.0	0.370
7050	0.3	0.0	0.459
7051	0.4	0.0	0.512
7052	0.4	0.0	0.634
7053	0.4	0.0	0.651
7054	0.4	0.0	0.607
7055	0.4	0.0	0.365
7056	0.5	0.0	0.229
7057	0.4	0.0	0.158
7058	0.5	0.0	0.086
7059	0.5	0.0	0.034
7060	0.5	0.0	0.024
7061	0.5	0.0	0.073
7062	0.5	0.0	0.183
7063	0.5	0.0	0.494
7064	0.4	0.0	0.528
7065	0.4	0.0	0.531
7066	0.4	0.0	0.556
7067	0.4	0.0	0.531
7068	0.3	0.0	0.515
7069	0.3	0.0	0.476
7070	0.3	0.0	0.419
7071	0.3	0.0	0.382
7072	0.3	0.0	0.356
7073	0.3	0.0	0.370
7074	0.3	0.0	0.459
7075	0.4	0.0	0.512
7076	0.4	0.0	0.634
7077	0.4	0.0	0.651
7078	0.4	0.0	0.607
7079	0.5	0.0	0.365
7080	0.5	0.0	0.229
7081	0.5	0.0	0.158
7082	0.5	0.0	0.086
7083	0.5	0.0	0.034
7084	0.5	0.0	0.024
7085	0.5	0.0	0.073
7086	0.5	0.0	0.183
7087	0.5	0.0	0.494
7088	0.5	0.0	0.528
7089	0.4	0.0	0.531
7090	0.4	0.0	0.556
7091	0.3	0.0	0.531
7092	0.3	0.0	0.515
7093	0.3	0.0	0.476
7094	0.3	0.0	0.419
7095	0.2	0.0	0.382
7096	0.3	0.0	0.356
7097	0.3	0.0	0.370
7098	0.3	0.0	0.459
7099	0.3	0.0	0.512
7100	0.3	0.0	0.634
7101	0.3	0.0	0.651
7102	0.3	0.0	0.607
7103	0.3	0.0	0.365
7104	0.3	0.0	0.229
7105	0.4	0.0	0.158
7106	0.3	0.0	0.086
7107	0.4	0.0	0.034
7108	0.4	0.0	0.024
7109	0.4	0.0	0.073
7110	0.4	0.0	0.183
7111	0.4	0.0	0.494
7112	0.4	0.0	0.528
7113	0.4	0.0	0.531
7114	0.3	0.0	0.556
7115	0.3	0.0	0.531
7116	0.3	0.0	0.515
7117	0.2	0.0	0.476
7118	0.2	0.0	0.419
7119	0.3	0.0	0.382
7120	0.3	0.0	0.356
7121	0.3	0.0	0.370
7122	0.3	0.0	0.459
7123	0.4	0.0	0.512
7124	0.4	0.0	0.634
7125	0.4	0.0	0.651
7126	0.4	0.0	0.607
7127	0.4	0.0	0.365
7128	0.4	0.0	0.229
7129	0.4	0.0	0.158
7130	0.4	0.0	0.086
7131	0.4	0.0	0.034
7132	0.4	0.0	0.024
7133	0.4	0.0	0.073
7134	0.4	0.0	0.183
7135	0.4	0.0	0.494
7136	0.4	0.0	0.528
7137	0.3	0.0	0.531
7138	0.3	0.0	0.556
7139	0.3	0.0	0.531
7140	0.3	0.0	0.515
7141	0.2	0.0	0.476
7142	0.2	0.0	0.419
7143	0.2	0.0	0.382
7144	0.2	0.0	0.356
7145	0.2	0.0	0.370
7146	0.2	0.0	0.459
7147	0.3	0.0	0.512
7148	0.3	0.0	0.634
7149	0.3	0.0	0.651
7150	0.3	0.0	0.607
7151	0.3	0.0	0.365
7152	0.3	0.0	0.229
7153	0.4	0.0	0.158
7154	0.4	0.0	0.086
7155	0.4	0.0	0.034
7156	0.4	0.0	0.024
7157	0.4	0.0	0.073
7158	0.4	0.0	0.183
7159	0.4	0.0	0.494
7160	0.3	0.0	0.528
7161	0.3	0.0	0.531
7162	0.3	0.0	0.556
7163	0.2	0.0	0.531
7164	0.2	0.0	0.515
7165	0.1	0.0	0.476
7166	0.1	0.0	0.419
7167	0.1	0.0	0.382
7168	0.1	0.0	0.356
7169	0.1	0.0	0.370
7170	0.2	0.0	0.459
7171	0.2	0.0	0.512
7172	0.2	0.0	0.634
7173	0.2	0.0	0.651
7174	0.3	0.0	0.607
7175	0.3	0.0	0.365
7176	0.3	0.0	0.229
7177	0.3	0.0	0.158
7178	0.3	0.0	0.086
7179	0.3	0.0	0.034
7180	0.3	0.0	0.024
7181	0.3	0.0	0.073
7182	0.3	0.0	0.183
7183	0.3	0.0	0.494
7184	0.2	0.0	0.528
7185	0.2	0.0	0.531
7186	0.2	0.0	0.556
7187	0.1	0.0	0.531
7188	0.1	0.0	0.515
7189	0.0	0.0	0.476
7190	0.0	0.0	0.419
7191	0.0	0.0	0.382
7192	0.0	0.0	0.356
7193	0.0	0.0	0.370
7194	0.0	0.0	0.459
7195	0.1	0.0	0.512
7196	0.1	0.0	0.634
7197	0.1	0.0	0.651
7198	0.1	0.0	0.607
7199	0.1	0.0	0.365
7200	0.1	0.0	0.229
7201	0.1	0.0	0.158
7202	0.2	0.0	0.086
7203	0.2	0.0	0.034
7204	0.2	0.0	0.024
7205	0.2	0.0	0.073
7206	0.2	0.0	0.183
7207	0.2	0.0	0.494
7208	0.2	0.0	0.528
7209	0.2	0.0	0.531
7210	0.2	0.0	0.556
7211	0.2	0.0	0.531
7212	0.1	0.0	0.515
7213	0.1	0.0	0.476
7214	0.1	0.0	0.419
7215	0.1	0.0	0.382
7216	0.0	0.0	0.356
7217	0.1	0.0	0.370
7218	0.1	0.0	0.459
7219	0.2	0.0	0.512
7220	0.2	0.0	0.634
7221	0.2	0.0	0.651
7222	0.2	0.0	0.607
7223	0.2	0.0	0.365
7224	0.2	0.0	0.229
7225	0.3	0.0	0.158
7226	0.3	0.0	0.086
7227	0.3	0.0	0.034
7228	0.3	0.0	0.024
7229	0.3	0.0	0.073
7230	0.3	0.0	0.183
7231	0.3	0.0	0.494
7232	0.3	0.0	0.528
7233	0.2	0.0	0.531
7234	0.2	0.0	0.556
7235	0.2	0.0	0.531
7236	0.1	0.0	0.515
7237	0.1	0.0	0.476
7238	0.1	0.0	0.419
7239	0.1	0.0	0.382
7240	0.1	0.0	0.356
7241	0.1	0.0	0.370
7242	0.1	0.0	0.459
7243	0.1	0.0	0.512
7244	0.1	0.0	0.634
7245	0.1	0.0	0.651
7246	0.1	0.0	0.607
7247	0.1	0.0	0.365
7248	0.2	0.0	0.229
7249	0.2	0.0	0.158
7250	0.2	0.0	0.086
7251	0.2	0.0	0.034
7252	0.2	0.0	0.024
7253	0.2	0.0	0.073
7254	0.2	0.0	0.183
7255	0.2	0.0	0.494
7256	0.2	0.0	0.528
7257	0.2	0.0	0.531
7258	0.2	0.0	0.556
7259	0.2	0.0	0.531
7260	0.1	0.0	0.515
7261	0.1	0.0	0.476
7262	0.1	0.0	0.419
7263	0.1	0.0	0.382
7264	0.1	0.0	0.356
7265	0.1	0.0	0.370
7266	0.2	0.0	0.459
7267	0.2	0.0	0.512
7268	0.2	0.0	0.634
7269	0.2	0.0	0.651
7270	0.2	0.0	0.607
7271	0.2	0.0	0.365
7272	0.2	0.0	0.229
7273	0.2	0.0	0.158
7274	0.2	0.0	0.086
7275	0.2	0.0	0.034
7276	0.2	0.0	0.024
7277	0.2	0.0	0.073
7278	0.2	0.0	0.183
7279	0.2	0.0	0.494
7280	0.2	0.0	0.528
7281	0.2	0.0	0.531
7282	0.2	0.0	0.556
7283	0.2	0.0	0.531
7284	0.2	0.0	0.515
7285	0.2	0.0	0.476
7286	0.2	0.0	0.419
7287	0.2	0.0	0.382
7288	0.2	0.0	0.356
7289	0.2	0.0	0.370
7290	0.2	0.0	0.459
7291	0.2	0.0	0.512
7292	0.2	0.0	0.634
7293	0.2	0.0	0.651
7294	0.2	0.0	0.607
7295	0.2	0.0	0.365
7296	0.2	0.0	0.229
7297	0.7	0.0	0.158
7298	0.8	0.0	0.086
7299	0.9	0.0	0.034
7300	0.9	0.0	0.024
7301	1.0	0.0	0.073
7302	1.1	0.0	0.183
7303	1.1	0.0	0.494
7304	1.1	0.0	0.528
7305	1.1	0.0	0.531
7306	1.2	0.0	0.556
7307	1.2	0.0	0.531
7308	1.1	0.0	0.515
7309	1.1	0.0	0.476
7310	1.1	0.0	0.419
7311	1.1	0.0	0.382
7312	1.1	0.0	0.356
7313	1.2	0.0	0.370
7314	1.4	0.0	0.459
7315	1.5	0.0	0.512
7316	1.4	0.0	0.634
7317	1.4	0.0	0.651
7318	1.5	0.0	0.607
7319	1.5	0.0	0.365
7320	1.6	0.0	0.229
7321	1.6	0.0	0.158
7322	1.7	0.0	0.086
7323	1.7	0.0	0.034
7324	1.7	0.0	0.024
7325	1.7	0.0	0.073
7326	1.7	0.0	0.183
7327	1.7	0.0	0.494
7328	1.6	0.0	0.528
7329	1.6	0.0	0.531
7330	1.4	0.0	0.556
7331	1.3	0.0	0.531
7332	1.1	0.0	0.515
7333	1.1	0.0	0.476
7334	1.0	0.0	0.419
7335	1.0	0.0	0.382
7336	1.0	0.0	0.356
7337	1.0	0.0	0.370
7338	1.0	0.0	0.459
7339	1.0	0.0	0.512
7340	1.1	0.0	0.634
7341	1.1	0.0	0.651
7342	1.1	0.0	0.607
7343	1.2	0.0	0.365
7344	1.2	0.0	0.229
7345	1.3	0.0	0.158
7346	1.3	0.0	0.086
7347	1.3	0.0	0.034
7348	1.3	0.0	0.024
7349	1.3	0.0	0.073
7350	1.3	0.0	0.183
7351	1.3	0.0	0.494
7352	1.2	0.0	0.528
7353	1.2	0.0	0.531
7354	1.2	0.0	0.556
7355	1.1	0.0	0.531
7356	1.0	0.0	0.515
7357	1.0	0.0	0.476
7358	0.9	0.0	0.419
7359	0.9	0.0	0.382
7360	0.9	0.0	0.356
7361	0.9	0.0	0.370
7362	0.9	0.0	0.459
7363	0.8	0.0	0.512
7364	0.8	0.0	0.634
7365	0.8	0.0	0.651
7366	0.8	0.0	0.607
7367	0.8	0.0	0.365
7368	0.8	0.0	0.229
7369	0.7	0.0	0.158
7370	0.7	0.0	0.086
7371	0.7	0.0	0.034
7372	0.8	0.0	0.024
7373	0.9	0.0	0.073
7374	1.0	0.0	0.183
7375	0.9	0.0	0.494
7376	0.9	0.0	0.528
7377	0.9	0.0	0.531
7378	0.8	0.0	0.556
7379	0.7	0.0	0.531
7380	0.6	0.0	0.515
7381	0.5	0.0	0.476
7382	0.4	0.0	0.419
7383	0.4	0.0	0.382
7384	0.4	0.0	0.356
7385	0.5	0.0	0.370
7386	0.6	0.0	0.459
7387	0.7	0.0	0.512
7388	0.6	0.0	0.634
7389	0.6	0.0	0.651
7390	0.6	0.0	0.607
7391	0.7	0.0	0.365
7392	0.8	0.0	0.229
7393	0.7	0.0	0.158
7394	0.8	0.0	0.086
7395	0.7	0.0	0.034
7396	0.8	0.0	0.024
7397	0.8	0.0	0.073
7398	0.8	0.0	0.183
7399	0.7	0.0	0.494
7400	0.7	0.0	0.528
7401	0.7	0.0	0.531
7402	0.7	0.0	0.556
7403	0.7	0.0	0.531
7404	0.6	0.0	0.515
7405	0.5	0.0	0.476
7406	0.5	0.0	0.419
7407	0.4	0.0	0.382
7408	0.5	0.0	0.356
7409	0.6	0.0	0.370
7410	0.6	0.0	0.459
7411	0.7	0.0	0.512
7412	0.7	0.0	0.634
7413	0.7	0.0	0.651
7414	0.7	0.0	0.607
7415	0.7	0.0	0.365
7416	0.6	0.0	0.229
7417	0.6	0.0	0.158
7418	0.6	0.0	0.086
7419	0.7	0.0	0.034
7420	0.7	0.0	0.024
7421	0.7	0.0	0.073
7422	0.8	0.0	0.183
7423	0.7	0.0	0.494
7424	0.7	0.0	0.528
7425	0.6	0.0	0.531
7426	0.6	0.0	0.556
7427	0.6	0.0	0.531
7428	0.7	0.0	0.515
7429	0.6	0.0	0.476
7430	0.6	0.0	0.419
7431	0.5	0.0	0.382
7432	0.6	0.0	0.356
7433	0.7	0.0	0.370
7434	0.7	0.0	0.459
7435	0.8	0.0	0.512
7436	0.9	0.0	0.634
7437	1.0	0.0	0.651
7438	1.0	0.0	0.607
7439	1.0	0.0	0.365
7440	1.1	0.0	0.229
7441	1.1	0.0	0.158
7442	1.2	0.0	0.086
7443	1.2	0.0	0.034
7444	1.3	0.0	0.024
7445	1.4	0.0	0.073
7446	1.5	0.0	0.183
7447	1.6	0.0	0.494
7448	1.5	0.0	0.528
7449	1.5	0.0	0.531
7450	1.5	0.0	0.556
7451	1.3	0.0	0.531
7452	1.2	0.0	0.515
7453	1.2	0.0	0.476
7454	1.1	0.0	0.419
7455	1.1	0.0	0.382
7456	1.1	0.0	0.356
7457	1.2	0.0	0.370
7458	1.4	0.0	0.459
7459	1.5	0.0	0.512
7460	1.5	0.0	0.634
7461	1.6	0.0	0.651
7462	1.7	0.0	0.607
7463	1.8	0.0	0.365
7464	1.9	0.0	0.229
7465	2.0	0.0	0.158
7466	2.0	0.0	0.086
7467	2.0	0.0	0.034
7468	2.0	0.0	0.024
7469	2.1	0.0	0.073
7470	2.1	0.0	0.183
7471	2.1	0.0	0.494
7472	2.0	0.0	0.528
7473	2.0	0.0	0.531
7474	2.0	0.0	0.556
7475	2.0	0.0	0.531
7476	2.0	0.0	0.515
7477	1.8	0.0	0.476
7478	1.8	0.0	0.419
7479	1.8	0.0	0.382
7480	1.8	0.0	0.356
7481	1.8	0.0	0.370
7482	1.8	0.0	0.459
7483	1.8	0.0	0.512
7484	1.9	0.0	0.634
7485	1.8	0.0	0.651
7486	1.8	0.0	0.607
7487	1.9	0.0	0.365
7488	1.9	0.0	0.229
7489	1.9	0.0	0.158
7490	1.9	0.0	0.086
7491	1.9	0.0	0.034
7492	2.0	0.0	0.024
7493	2.0	0.0	0.073
7494	1.9	0.0	0.183
7495	1.9	0.0	0.494
7496	2.0	0.0	0.528
7497	2.0	0.0	0.531
7498	1.8	0.0	0.556
7499	1.8	0.0	0.531
7500	1.6	0.0	0.515
7501	1.5	0.0	0.476
7502	1.5	0.0	0.419
7503	1.4	0.0	0.382
7504	1.5	0.0	0.356
7505	1.6	0.0	0.370
7506	1.6	0.0	0.459
7507	1.7	0.0	0.512
7508	1.8	0.0	0.634
7509	1.9	0.0	0.651
7510	2.0	0.0	0.607
7511	2.0	0.0	0.365
7512	2.0	0.0	0.229
7513	2.1	0.0	0.158
7514	2.0	0.0	0.086
7515	2.0	0.0	0.034
7516	2.0	0.0	0.024
7517	2.0	0.0	0.073
7518	2.0	0.0	0.183
7519	2.0	0.0	0.494
7520	2.0	0.0	0.528
7521	2.0	0.0	0.531
7522	1.9	0.0	0.556
7523	1.9	0.0	0.531
7524	1.8	0.0	0.515
7525	1.8	0.0	0.476
7526	1.8	0.0	0.419
7527	1.7	0.0	0.382
7528	1.8	0.0	0.356
7529	1.8	0.0	0.370
7530	1.8	0.0	0.459
7531	1.8	0.0	0.512
7532	1.8	0.0	0.634
7533	1.9	0.0	0.651
7534	1.9	0.0	0.607
7535	1.9	0.0	0.365
7536	1.9	0.0	0.229
7537	1.8	0.0	0.158
7538	1.9	0.0	0.086
7539	2.0	0.0	0.034
7540	2.0	0.0	0.024
7541	2.0	0.0	0.073
7542	2.0	0.0	0.183
7543	2.0	0.0	0.494
7544	2.0	0.0	0.528
7545	2.0	0.0	0.531
7546	2.0	0.0	0.556
7547	2.0	0.0	0.531
7548	2.0	0.0	0.515
7549	1.9	0.0	0.476
7550	1.8	0.0	0.419
7551	1.8	0.0	0.382
7552	1.9	0.0	0.356
7553	1.9	0.0	0.370
7554	2.1	0.0	0.459
7555	2.2	0.0	0.512
7556	2.1	0.0	0.634
7557	2.1	0.0	0.651
7558	2.2	0.0	0.607
7559	2.3	0.0	0.365
7560	2.3	0.0	0.229
7561	2.3	0.0	0.158
7562	2.3	0.0	0.086
7563	2.4	0.0	0.034
7564	2.3	0.0	0.024
7565	2.4	0.0	0.073
7566	2.4	0.0	0.183
7567	2.5	0.0	0.494
7568	2.5	0.0	0.528
7569	2.5	0.0	0.531
7570	2.6	0.0	0.556
7571	2.6	0.0	0.531
7572	2.6	0.0	0.515
7573	2.6	0.0	0.476
7574	2.6	0.0	0.419
7575	2.5	0.0	0.382
7576	2.5	0.0	0.356
7577	2.6	0.0	0.370
7578	2.6	0.0	0.459
7579	2.5	0.0	0.512
7580	2.5	0.0	0.634
7581	2.5	0.0	0.651
7582	2.5	0.0	0.607
7583	2.5	0.0	0.365
7584	2.6	0.0	0.229
7585	2.6	0.0	0.158
7586	2.6	0.0	0.086
7587	2.6	0.0	0.034
7588	2.6	0.0	0.024
7589	2.6	0.0	0.073
7590	2.5	0.0	0.183
7591	2.5	0.0	0.494
7592	2.4	0.0	0.528
7593	2.4	0.0	0.531
7594	2.4	0.0	0.556
7595	2.3	0.0	0.531
7596	2.2	0.0	0.515
7597	2.2	0.0	0.476
7598	2.0	0.0	0.419
7599	2.0	0.0	0.382
7600	2.0	0.0	0.356
7601	1.9	0.0	0.370
7602	1.9	0.0	0.459
7603	1.9	0.0	0.512
7604	2.0	0.0	0.634
7605	2.0	0.0	0.651
7606	1.9	0.0	0.607
7607	1.9	0.0	0.365
7608	1.9	0.0	0.229
7609	1.9	0.0	0.158
7610	1.9	0.0	0.086
7611	1.9	0.0	0.034
7612	2.0	0.0	0.024
7613	2.1	0.0	0.073
7614	2.1	0.0	0.183
7615	2.1	0.0	0.494
7616	2.1	0.0	0.528
7617	2.0	0.0	0.531
7618	2.0	0.0	0.556
7619	1.8	0.0	0.531
7620	1.7	0.0	0.515
7621	1.6	0.0	0.476
7622	1.6	0.0	0.419
7623	1.5	0.0	0.382
7624	1.5	0.0	0.356
7625	1.6	0.0	0.370
7626	1.6	0.0	0.459
7627	1.6	0.0	0.512
7628	1.7	0.0	0.634
7629	1.6	0.0	0.651
7630	1.6	0.0	0.607
7631	1.7	0.0	0.365
7632	1.6	0.0	0.229
7633	1.7	0.0	0.158
7634	1.7	0.0	0.086
7635	1.7	0.0	0.034
7636	1.7	0.0	0.024
7637	1.7	0.0	0.073
7638	1.6	0.0	0.183
7639	1.7	0.0	0.494
7640	1.6	0.0	0.528
7641	1.5	0.0	0.531
7642	1.5	0.0	0.556
7643	1.3	0.0	0.531
7644	1.4	0.0	0.515
7645	1.3	0.0	0.476
7646	1.2	0.0	0.419
7647	1.2	0.0	0.382
7648	1.1	0.0	0.356
7649	1.1	0.0	0.370
7650	1.2	0.0	0.459
7651	1.3	0.0	0.512
7652	1.3	0.0	0.634
7653	1.3	0.0	0.651
7654	1.3	0.0	0.607
7655	1.3	0.0	0.365
7656	1.3	0.0	0.229
7657	1.3	0.0	0.158
7658	1.2	0.0	0.086
7659	1.3	0.0	0.034
7660	1.3	0.0	0.024
7661	1.3	0.0	0.073
7662	1.2	0.0	0.183
7663	1.3	0.0	0.494
7664	1.3	0.0	0.528
7665	1.2	0.0	0.531
7666	1.2	0.0	0.556
7667	1.1	0.0	0.531
7668	1.0	0.0	0.515
7669	0.9	0.0	0.476
7670	0.9	0.0	0.419
7671	0.8	0.0	0.382
7672	0.8	0.0	0.356
7673	0.9	0.0	0.370
7674	1.0	0.0	0.459
7675	1.0	0.0	0.512
7676	1.0	0.0	0.634
7677	1.0	0.0	0.651
7678	1.0	0.0	0.607
7679	1.0	0.0	0.365
7680	1.0	0.0	0.229
7681	1.0	0.0	0.158
7682	1.1	0.0	0.086
7683	1.0	0.0	0.034
7684	1.0	0.0	0.024
7685	1.0	0.0	0.073
7686	1.0	0.0	0.183
7687	1.0	0.0	0.494
7688	1.1	0.0	0.528
7689	1.1	0.0	0.531
7690	1.1	0.0	0.556
7691	1.2	0.0	0.531
7692	1.1	0.0	0.515
7693	1.1	0.0	0.476
7694	1.1	0.0	0.419
7695	1.1	0.0	0.382
7696	1.2	0.0	0.356
7697	1.2	0.0	0.370
7698	1.3	0.0	0.459
7699	1.3	0.0	0.512
7700	1.5	0.0	0.634
7701	1.4	0.0	0.651
7702	1.4	0.0	0.607
7703	1.4	0.0	0.365
7704	1.4	0.0	0.229
7705	1.4	0.0	0.158
7706	1.4	0.0	0.086
7707	1.4	0.0	0.034
7708	1.5	0.0	0.024
7709	1.5	0.0	0.073
7710	1.5	0.0	0.183
7711	1.5	0.0	0.494
7712	1.5	0.0	0.528
7713	1.5	0.0	0.531
7714	1.5	0.0	0.556
7715	1.4	0.0	0.531
7716	1.3	0.0	0.515
7717	1.2	0.0	0.476
7718	1.2	0.0	0.419
7719	1.2	0.0	0.382
7720	1.2	0.0	0.356
7721	1.3	0.0	0.370
7722	1.4	0.0	0.459
7723	1.4	0.0	0.512
7724	1.5	0.0	0.634
7725	1.6	0.0	0.651
7726	1.6	0.0	0.607
7727	1.6	0.0	0.365
7728	1.7	0.0	0.229
7729	1.8	0.0	0.158
7730	1.8	0.0	0.086
7731	1.9	0.0	0.034
7732	1.9	0.0	0.024
7733	2.0	0.0	0.073
7734	2.1	0.0	0.183
7735	2.1	0.0	0.494
7736	2.2	0.0	0.528
7737	2.1	0.0	0.531
7738	2.0	0.0	0.556
7739	2.0	0.0	0.531
7740	1.8	0.0	0.515
7741	1.8	0.0	0.476
7742	1.7	0.0	0.419
7743	1.8	0.0	0.382
7744	1.8	0.0	0.356
7745	2.0	0.0	0.370
7746	2.1	0.0	0.459
7747	2.1	0.0	0.512
7748	2.2	0.0	0.634
7749	2.2	0.0	0.651
7750	2.3	0.0	0.607
7751	2.4	0.0	0.365
7752	2.5	0.0	0.229
7753	2.5	0.0	0.158
7754	2.4	0.0	0.086
7755	2.5	0.0	0.034
7756	2.4	0.0	0.024
7757	2.4	0.0	0.073
7758	2.4	0.0	0.183
7759	2.5	0.0	0.494
7760	2.5	0.0	0.528
7761	2.4	0.0	0.531
7762	2.3	0.0	0.556
7763	2.2	0.0	0.531
7764	2.1	0.0	0.515
7765	1.9	0.0	0.476
7766	1.7	0.0	0.419
7767	1.7	0.0	0.382
7768	1.7	0.0	0.356
7769	1.7	0.0	0.370
7770	1.9	0.0	0.459
7771	2.0	0.0	0.512
7772	2.0	0.0	0.634
7773	2.0	0.0	0.651
7774	2.0	0.0	0.607
7775	2.1	0.0	0.365
7776	2.1	0.0	0.229
7777	2.2	0.0	0.158
7778	2.1	0.0	0.086
7779	2.1	0.0	0.034
7780	2.2	0.0	0.024
7781	2.2	0.0	0.073
7782	2.3	0.0	0.183
7783	2.2	0.0	0.494
7784	2.2	0.0	0.528
7785	2.1	0.0	0.531
7786	2.0	0.0	0.556
7787	1.8	0.0	0.531
7788	1.7	0.0	0.515
7789	1.6	0.0	0.476
7790	1.6	0.0	0.419
7791	1.6	0.0	0.382
7792	1.6	0.0	0.356
7793	1.7	0.0	0.370
7794	1.8	0.0	0.459
7795	1.9	0.0	0.512
7796	2.0	0.0	0.634
7797	1.9	0.0	0.651
7798	2.0	0.0	0.607
7799	2.1	0.0	0.365
7800	2.1	0.0	0.229
7801	2.1	0.0	0.158
7802	2.1	0.0	0.086
7803	2.1	0.0	0.034
7804	2.1	0.0	0.024
7805	2.1	0.0	0.073
7806	2.2	0.0	0.183
7807	2.2	0.0	0.494
7808	2.2	0.0	0.528
7809	2.1	0.0	0.531
7810	2.1	0.0	0.556
7811	2.0	0.0	0.531
7812	1.8	0.0	0.515
7813	1.6	0.0	0.476
7814	1.5	0.0	0.419
7815	1.5	0.0	0.382
7816	1.5	0.0	0.356
7817	1.5	0.0	0.370
7818	1.5	0.0	0.459
7819	1.5	0.0	0.512
7820	1.7	0.0	0.634
7821	1.7	0.0	0.651
7822	1.8	0.0	0.607
7823	1.7	0.0	0.365
7824	1.8	0.0	0.229
7825	1.8	0.0	0.158
7826	1.7	0.0	0.086
7827	1.7	0.0	0.034
7828	1.7	0.0	0.024
7829	1.7	0.0	0.073
7830	1.8	0.0	0.183
7831	1.7	0.0	0.494
7832	1.7	0.0	0.528
7833	1.7	0.0	0.531
7834	1.7	0.0	0.556
7835	1.6	0.0	0.531
7836	1.5	0.0	0.515
7837	1.4	0.0	0.476
7838	1.3	0.0	0.419
7839	1.3	0.0	0.382
7840	1.3	0.0	0.356
7841	1.2	0.0	0.370
7842	1.3	0.0	0.459
7843	1.3	0.0	0.512
7844	1.3	0.0	0.634
7845	1.3	0.0	0.651
7846	1.3	0.0	0.607
7847	1.3	0.0	0.365
7848	1.2	0.0	0.229
7849	1.2	0.0	0.158
7850	1.3	0.0	0.086
7851	1.3	0.0	0.034
7852	1.3	0.0	0.024
7853	1.4	0.0	0.073
7854	1.3	0.0	0.183
7855	1.3	0.0	0.494
7856	1.4	0.0	0.528
7857	1.4	0.0	0.531
7858	1.4	0.0	0.556
7859	1.2	0.0	0.531
7860	1.1	0.0	0.515
7861	1.1	0.0	0.476
7862	1.1	0.0	0.419
7863	1.0	0.0	0.382
7864	1.1	0.0	0.356
7865	1.2	0.0	0.370
7866	1.3	0.0	0.459
7867	1.3	0.0	0.512
7868	1.5	0.0	0.634
7869	1.6	0.0	0.651
7870	1.6	0.0	0.607
7871	1.7	0.0	0.365
7872	1.7	0.0	0.229
7873	1.8	0.0	0.158
7874	1.8	0.0	0.086
7875	1.8	0.0	0.034
7876	1.8	0.0	0.024
7877	1.9	0.0	0.073
7878	1.9	0.0	0.183
7879	1.9	0.0	0.494
7880	1.9	0.0	0.528
7881	1.8	0.0	0.531
7882	1.8	0.0	0.556
7883	1.7	0.0	0.531
7884	1.7	0.0	0.515
7885	1.6	0.0	0.476
7886	1.6	0.0	0.419
7887	1.6	0.0	0.382
7888	1.5	0.0	0.356
7889	1.6	0.0	0.370
7890	1.6	0.0	0.459
7891	1.7	0.0	0.512
7892	1.8	0.0	0.634
7893	1.8	0.0	0.651
7894	1.9	0.0	0.607
7895	1.9	0.0	0.365
7896	1.9	0.0	0.229
7897	1.8	0.0	0.158
7898	1.8	0.0	0.086
7899	1.8	0.0	0.034
7900	1.8	0.0	0.024
7901	1.8	0.0	0.073
7902	1.8	0.0	0.183
7903	1.8	0.0	0.494
7904	1.8	0.0	0.528
7905	1.7	0.0	0.531
7906	1.5	0.0	0.556
7907	1.4	0.0	0.531
7908	1.4	0.0	0.515
7909	1.2	0.0	0.476
7910	1.2	0.0	0.419
7911	1.2	0.0	0.382
7912	1.3	0.0	0.356
7913	1.3	0.0	0.370
7914	1.4	0.0	0.459
7915	1.4	0.0	0.512
7916	1.4	0.0	0.634
7917	1.4	0.0	0.651
7918	1.4	0.0	0.607
7919	1.4	0.0	0.365
7920	1.4	0.0	0.229
7921	1.4	0.0	0.158
7922	1.4	0.0	0.086
7923	1.4	0.0	0.034
7924	1.4	0.0	0.024
7925	1.5	0.0	0.073
7926	1.6	0.0	0.183
7927	1.6	0.0	0.494
7928	1.7	0.0	0.528
7929	1.6	0.0	0.531
7930	1.5	0.0	0.556
7931	1.4	0.0	0.531
7932	1.3	0.0	0.515
7933	1.2	0.0	0.476
7934	1.2	0.0	0.419
7935	1.2	0.0	0.382
7936	1.2	0.0	0.356
7937	1.2	0.0	0.370
7938	1.3	0.0	0.459
7939	1.3	0.0	0.512
7940	1.3	0.0	0.634
7941	1.4	0.0	0.651
7942	1.5	0.0	0.607
7943	1.5	0.0	0.365
7944	1.6	0.0	0.229
7945	1.7	0.0	0.158
7946	1.7	0.0	0.086
7947	1.7	0.0	0.034
7948	1.8	0.0	0.024
7949	1.9	0.0	0.073
7950	1.9	0.0	0.183
7951	1.9	0.0	0.494
7952	1.9	0.0	0.528
7953	1.9	0.0	0.531
7954	1.8	0.0	0.556
7955	1.7	0.0	0.531
7956	1.6	0.0	0.515
7957	1.5	0.0	0.476
7958	1.4	0.0	0.419
7959	1.4	0.0	0.382
7960	1.4	0.0	0.356
7961	1.4	0.0	0.370
7962	1.6	0.0	0.459
7963	1.6	0.0	0.512
7964	1.6	0.0	0.634
7965	1.6	0.0	0.651
7966	1.6	0.0	0.607
7967	1.6	0.0	0.365
7968	1.6	0.0	0.229
7969	1.7	0.0	0.158
7970	1.7	0.0	0.086
7971	1.8	0.0	0.034
7972	1.8	0.0	0.024
7973	1.9	0.0	0.073
7974	1.8	0.0	0.183
7975	1.8	0.0	0.494
7976	1.8	0.0	0.528
7977	1.8	0.0	0.531
7978	1.7	0.0	0.556
7979	1.5	0.0	0.531
7980	1.3	0.0	0.515
7981	1.2	0.0	0.476
7982	1.2	0.0	0.419
7983	1.2	0.0	0.382
7984	1.3	0.0	0.356
7985	1.3	0.0	0.370
7986	1.5	0.0	0.459
7987	1.6	0.0	0.512
7988	1.6	0.0	0.634
7989	1.7	0.0	0.651
7990	1.8	0.0	0.607
7991	1.9	0.0	0.365
7992	1.9	0.0	0.229
7993	2.0	0.0	0.158
7994	2.0	0.0	0.086
7995	2.0	0.0	0.034
7996	2.1	0.0	0.024
7997	2.1	0.0	0.073
7998	2.2	0.0	0.183
7999	2.2	0.0	0.494
8000	2.3	0.0	0.528
8001	2.2	0.0	0.531
8002	2.1	0.0	0.556
8003	2.0	0.0	0.531
8004	1.9	0.0	0.515
8005	1.9	0.0	0.476
8006	1.8	0.0	0.419
8007	1.8	0.0	0.382
8008	1.9	0.0	0.356
8009	2.0	0.0	0.370
8010	2.1	0.0	0.459
8011	2.3	0.0	0.512
8012	2.3	0.0	0.634
8013	2.3	0.0	0.651
8014	2.4	0.0	0.607
8015	2.5	0.0	0.365
8016	2.5	0.0	0.229
8017	3.0	0.0	0.158
8018	3.0	0.0	0.086
8019	3.1	0.0	0.034
8020	3.0	0.0	0.024
8021	3.1	0.0	0.073
8022	3.2	0.0	0.183
8023	3.3	0.0	0.494
8024	3.3	0.0	0.528
8025	3.3	0.0	0.531
8026	3.2	0.0	0.556
8027	3.2	0.0	0.531
8028	3.1	0.0	0.515
8029	3.1	0.0	0.476
8030	3.0	0.0	0.419
8031	3.0	0.0	0.382
8032	2.9	0.0	0.356
8033	2.9	0.0	0.370
8034	2.9	0.0	0.459
8035	2.9	0.0	0.512
8036	3.0	0.0	0.634
8037	3.1	0.0	0.651
8038	3.3	0.0	0.607
8039	3.3	0.0	0.365
8040	3.3	0.0	0.229
8041	3.3	0.0	0.158
8042	3.2	0.0	0.086
8043	3.2	0.0	0.034
8044	3.1	0.0	0.024
8045	3.1	0.0	0.073
8046	3.1	0.0	0.183
8047	3.0	0.0	0.494
8048	3.0	0.0	0.528
8049	3.0	0.0	0.531
8050	3.1	0.0	0.556
8051	3.0	0.0	0.531
8052	2.9	0.0	0.515
8053	2.8	0.0	0.476
8054	2.7	0.0	0.419
8055	2.7	0.0	0.382
8056	2.7	0.0	0.356
8057	2.6	0.0	0.370
8058	2.6	0.0	0.459
8059	2.6	0.0	0.512
8060	2.7	0.0	0.634
8061	2.7	0.0	0.651
8062	2.7	0.0	0.607
8063	2.7	0.0	0.365
8064	2.7	0.0	0.229
8065	2.7	0.0	0.158
8066	2.7	0.0	0.086
8067	2.6	0.0	0.034
8068	2.6	0.0	0.024
8069	2.6	0.0	0.073
8070	2.6	0.0	0.183
8071	2.6	0.0	0.494
8072	2.6	0.0	0.528
8073	2.6	0.0	0.531
8074	2.5	0.0	0.556
8075	2.3	0.0	0.531
8076	2.3	0.0	0.515
8077	2.2	0.0	0.476
8078	2.2	0.0	0.419
8079	2.2	0.0	0.382
8080	2.3	0.0	0.356
8081	2.3	0.0	0.370
8082	2.3	0.0	0.459
8083	2.4	0.0	0.512
8084	2.5	0.0	0.634
8085	2.4	0.0	0.651
8086	2.5	0.0	0.607
8087	2.4	0.0	0.365
8088	2.5	0.0	0.229
8089	2.5	0.0	0.158
8090	2.5	0.0	0.086
8091	2.7	0.0	0.034
8092	2.6	0.0	0.024
8093	2.8	0.0	0.073
8094	2.8	0.0	0.183
8095	2.7	0.0	0.494
8096	2.7	0.0	0.528
8097	2.7	0.0	0.531
8098	2.7	0.0	0.556
8099	2.5	0.0	0.531
8100	2.5	0.0	0.515
8101	2.5	0.0	0.476
8102	2.5	0.0	0.419
8103	2.6	0.0	0.382
8104	2.7	0.0	0.356
8105	2.7	0.0	0.370
8106	2.8	0.0	0.459
8107	2.9	0.0	0.512
8108	2.9	0.0	0.634
8109	3.0	0.0	0.651
8110	3.0	0.0	0.607
8111	3.0	0.0	0.365
8112	3.1	0.0	0.229
8113	3.1	0.0	0.158
8114	3.0	0.0	0.086
8115	2.9	0.0	0.034
8116	2.7	0.0	0.024
8117	2.8	0.0	0.073
8118	2.8	0.0	0.183
8119	2.7	0.0	0.494
8120	2.6	0.0	0.528
8121	2.6	0.0	0.531
8122	2.5	0.0	0.556
8123	2.4	0.0	0.531
8124	2.3	0.0	0.515
8125	2.3	0.0	0.476
8126	2.1	0.0	0.419
8127	2.0	0.0	0.382
8128	2.1	0.0	0.356
8129	2.0	0.0	0.370
8130	2.0	0.0	0.459
8131	2.0	0.0	0.512
8132	2.0	0.0	0.634
8133	2.0	0.0	0.651
8134	1.8	0.0	0.607
8135	1.8	0.0	0.365
8136	1.8	0.0	0.229
8137	1.8	0.0	0.158
8138	1.7	0.0	0.086
8139	1.7	0.0	0.034
8140	1.7	0.0	0.024
8141	1.8	0.0	0.073
8142	1.7	0.0	0.183
8143	1.7	0.0	0.494
8144	1.7	0.0	0.528
8145	1.6	0.0	0.531
8146	1.6	0.0	0.556
8147	1.5	0.0	0.531
8148	1.5	0.0	0.515
8149	1.4	0.0	0.476
8150	1.4	0.0	0.419
8151	1.2	0.0	0.382
8152	1.3	0.0	0.356
8153	1.3	0.0	0.370
8154	1.3	0.0	0.459
8155	1.3	0.0	0.512
8156	1.3	0.0	0.634
8157	1.4	0.0	0.651
8158	1.5	0.0	0.607
8159	1.6	0.0	0.365
8160	1.6	0.0	0.229
8161	1.6	0.0	0.158
8162	1.7	0.0	0.086
8163	1.8	0.0	0.034
8164	1.8	0.0	0.024
8165	1.8	0.0	0.073
8166	1.9	0.0	0.183
8167	1.9	0.0	0.494
8168	1.9	0.0	0.528
8169	1.8	0.0	0.531
8170	1.8	0.0	0.556
8171	1.7	0.0	0.531
8172	1.7	0.0	0.515
8173	1.7	0.0	0.476
8174	1.7	0.0	0.419
8175	1.7	0.0	0.382
8176	1.7	0.0	0.356
8177	1.7	0.0	0.370
8178	1.8	0.0	0.459
8179	1.9	0.0	0.512
8180	2.0	0.0	0.634
8181	2.0	0.0	0.651
8182	2.0	0.0	0.607
8183	2.1	0.0	0.365
8184	2.1	0.0	0.229
8185	2.1	0.0	0.158
8186	2.2	0.0	0.086
8187	2.2	0.0	0.034
8188	2.3	0.0	0.024
8189	2.5	0.0	0.073
8190	2.7	0.0	0.183
8191	2.7	0.0	0.494
8192	2.6	0.0	0.528
8193	2.5	0.0	0.531
8194	2.5	0.0	0.556
8195	2.4	0.0	0.531
8196	2.4	0.0	0.515
8197	2.4	0.0	0.476
8198	2.4	0.0	0.419
8199	2.4	0.0	0.382
8200	2.6	0.0	0.356
8201	2.7	0.0	0.370
8202	2.9	0.0	0.459
8203	3.1	0.0	0.512
8204	3.2	0.0	0.634
8205	3.3	0.0	0.651
8206	3.5	0.0	0.607
8207	3.6	0.0	0.365
8208	3.8	0.0	0.229
8209	3.8	0.0	0.158
8210	3.8	0.0	0.086
8211	3.9	0.0	0.034
8212	3.9	0.0	0.024
8213	3.9	0.0	0.073
8214	3.8	0.0	0.183
8215	3.9	0.0	0.494
8216	3.8	0.0	0.528
8217	3.8	0.0	0.531
8218	3.7	0.0	0.556
8219	3.6	0.0	0.531
8220	3.6	0.0	0.515
8221	3.6	0.0	0.476
8222	3.4	0.0	0.419
8223	3.3	0.0	0.382
8224	3.3	0.0	0.356
8225	3.4	0.0	0.370
8226	3.4	0.0	0.459
8227	3.4	0.0	0.512
8228	3.5	0.0	0.634
8229	3.5	0.0	0.651
8230	3.5	0.0	0.607
8231	3.5	0.0	0.365
8232	3.5	0.0	0.229
8233	3.6	0.0	0.158
8234	3.6	0.0	0.086
8235	3.6	0.0	0.034
8236	3.6	0.0	0.024
8237	3.7	0.0	0.073
8238	3.7	0.0	0.183
8239	3.7	0.0	0.494
8240	3.7	0.0	0.528
8241	3.7	0.0	0.531
8242	3.7	0.0	0.556
8243	3.7	0.0	0.531
8244	3.6	0.0	0.515
8245	3.7	0.0	0.476
8246	3.7	0.0	0.419
8247	3.6	0.0	0.382
8248	3.6	0.0	0.356
8249	3.7	0.0	0.370
8250	3.7	0.0	0.459
8251	3.7	0.0	0.512
8252	3.8	0.0	0.634
8253	3.7	0.0	0.651
8254	3.7	0.0	0.607
8255	3.8	0.0	0.365
8256	3.7	0.0	0.229
8257	3.8	0.0	0.158
8258	3.8	0.0	0.086
8259	3.8	0.0	0.034
8260	3.8	0.0	0.024
8261	3.9	0.0	0.073
8262	3.9	0.0	0.183
8263	3.8	0.0	0.494
8264	3.8	0.0	0.528
8265	3.7	0.0	0.531
8266	3.6	0.0	0.556
8267	3.5	0.0	0.531
8268	3.4	0.0	0.515
8269	3.3	0.0	0.476
8270	3.3	0.0	0.419
8271	3.2	0.0	0.382
8272	3.2	0.0	0.356
8273	3.3	0.0	0.370
8274	3.3	0.0	0.459
8275	3.3	0.0	0.512
8276	3.2	0.0	0.634
8277	3.2	0.0	0.651
8278	3.3	0.0	0.607
8279	3.3	0.0	0.365
8280	3.3	0.0	0.229
8281	3.3	0.0	0.158
8282	3.3	0.0	0.086
8283	3.2	0.0	0.034
8284	3.2	0.0	0.024
8285	3.2	0.0	0.073
8286	3.2	0.0	0.183
8287	3.2	0.0	0.494
8288	3.2	0.0	0.528
8289	3.3	0.0	0.531
8290	3.3	0.0	0.556
8291	3.1	0.0	0.531
8292	3.1	0.0	0.515
8293	3.1	0.0	0.476
8294	3.1	0.0	0.419
8295	3.0	0.0	0.382
8296	3.0	0.0	0.356
8297	3.0	0.0	0.370
8298	3.1	0.0	0.459
8299	3.0	0.0	0.512
8300	3.1	0.0	0.634
8301	3.1	0.0	0.651
8302	3.2	0.0	0.607
8303	3.1	0.0	0.365
8304	3.1	0.0	0.229
8305	3.2	0.0	0.158
8306	3.2	0.0	0.086
8307	3.3	0.0	0.034
8308	3.3	0.0	0.024
8309	3.4	0.0	0.073
8310	3.2	0.0	0.183
8311	3.2	0.0	0.494
8312	3.1	0.0	0.528
8313	3.1	0.0	0.531
8314	3.0	0.0	0.556
8315	2.9	0.0	0.531
8316	2.7	0.0	0.515
8317	2.6	0.0	0.476
8318	2.4	0.0	0.419
8319	2.4	0.0	0.382
8320	2.4	0.0	0.356
8321	2.5	0.0	0.370
8322	2.6	0.0	0.459
8323	2.6	0.0	0.512
8324	2.6	0.0	0.634
8325	2.7	0.0	0.651
8326	2.7	0.0	0.607
8327	2.7	0.0	0.365
8328	2.7	0.0	0.229
8329	2.7	0.0	0.158
8330	2.7	0.0	0.086
8331	2.6	0.0	0.034
8332	2.6	0.0	0.024
8333	2.7	0.0	0.073
8334	2.8	0.0	0.183
8335	2.8	0.0	0.494
8336	2.8	0.0	0.528
8337	2.7	0.0	0.531
8338	2.6	0.0	0.556
8339	2.5	0.0	0.531
8340	2.4	0.0	0.515
8341	2.3	0.0	0.476
8342	2.3	0.0	0.419
8343	2.2	0.0	0.382
8344	2.2	0.0	0.356
8345	2.3	0.0	0.370
8346	2.4	0.0	0.459
8347	2.4	0.0	0.512
8348	2.5	0.0	0.634
8349	2.4	0.0	0.651
8350	2.5	0.0	0.607
8351	2.5	0.0	0.365
8352	2.5	0.0	0.229
8353	2.4	0.0	0.158
8354	2.5	0.0	0.086
8355	2.4	0.0	0.034
8356	2.4	0.0	0.024
8357	2.4	0.0	0.073
8358	2.4	0.0	0.183
8359	2.5	0.0	0.494
8360	2.5	0.0	0.528
8361	2.4	0.0	0.531
8362	2.3	0.0	0.556
8363	2.2	0.0	0.531
8364	2.0	0.0	0.515
8365	2.0	0.0	0.476
8366	1.9	0.0	0.419
8367	1.9	0.0	0.382
8368	2.0	0.0	0.356
8369	2.1	0.0	0.370
8370	2.1	0.0	0.459
8371	2.2	0.0	0.512
8372	2.2	0.0	0.634
8373	2.3	0.0	0.651
8374	2.5	0.0	0.607
8375	2.5	0.0	0.365
8376	2.6	0.0	0.229
8377	2.6	0.0	0.158
8378	2.7	0.0	0.086
8379	2.6	0.0	0.034
8380	2.6	0.0	0.024
8381	2.7	0.0	0.073
8382	2.7	0.0	0.183
8383	2.7	0.0	0.494
8384	2.8	0.0	0.528
8385	2.8	0.0	0.531
8386	2.7	0.0	0.556
8387	2.6	0.0	0.531
8388	2.5	0.0	0.515
8389	2.5	0.0	0.476
8390	2.3	0.0	0.419
8391	2.3	0.0	0.382
8392	2.3	0.0	0.356
8393	2.3	0.0	0.370
8394	2.3	0.0	0.459
8395	2.4	0.0	0.512
8396	2.3	0.0	0.634
8397	2.3	0.0	0.651
8398	2.3	0.0	0.607
8399	2.3	0.0	0.365
8400	2.2	0.0	0.229
8401	2.2	0.0	0.158
8402	2.3	0.0	0.086
8403	2.3	0.0	0.034
8404	2.2	0.0	0.024
8405	2.2	0.0	0.073
8406	2.2	0.0	0.183
8407	2.2	0.0	0.494
8408	2.3	0.0	0.528
8409	2.2	0.0	0.531
8410	2.1	0.0	0.556
8411	2.0	0.0	0.531
8412	2.0	0.0	0.515
8413	1.9	0.0	0.476
8414	1.9	0.0	0.419
8415	1.9	0.0	0.382
8416	1.8	0.0	0.356
8417	1.9	0.0	0.370
8418	1.9	0.0	0.459
8419	1.9	0.0	0.512
8420	2.0	0.0	0.634
8421	1.9	0.0	0.651
8422	1.9	0.0	0.607
8423	1.9	0.0	0.365
8424	2.0	0.0	0.229
8425	1.9	0.0	0.158
8426	1.9	0.0	0.086
8427	2.0	0.0	0.034
8428	2.0	0.0	0.024
8429	2.0	0.0	0.073
8430	2.1	0.0	0.183
8431	2.0	0.0	0.494
8432	2.0	0.0	0.528
8433	1.9	0.0	0.531
8434	1.8	0.0	0.556
8435	1.7	0.0	0.531
8436	1.7	0.0	0.515
8437	1.7	0.0	0.476
8438	1.6	0.0	0.419
8439	1.6	0.0	0.382
8440	1.6	0.0	0.356
8441	1.6	0.0	0.370
8442	1.7	0.0	0.459
8443	1.7	0.0	0.512
8444	1.8	0.0	0.634
8445	1.8	0.0	0.651
8446	1.8	0.0	0.607
8447	1.7	0.0	0.365
8448	1.6	0.0	0.229
8449	1.7	0.0	0.158
8450	1.8	0.0	0.086
8451	1.8	0.0	0.034
8452	1.9	0.0	0.024
8453	1.8	0.0	0.073
8454	1.8	0.0	0.183
8455	1.8	0.0	0.494
8456	1.8	0.0	0.528
8457	1.8	0.0	0.531
8458	1.7	0.0	0.556
8459	1.5	0.0	0.531
8460	1.5	0.0	0.515
8461	1.4	0.0	0.476
8462	1.3	0.0	0.419
8463	1.2	0.0	0.382
8464	1.3	0.0	0.356
8465	1.4	0.0	0.370
8466	1.5	0.0	0.459
8467	1.5	0.0	0.512
8468	1.6	0.0	0.634
8469	1.6	0.0	0.651
8470	1.6	0.0	0.607
8471	1.6	0.0	0.365
8472	1.7	0.0	0.229
8473	1.7	0.0	0.158
8474	1.9	0.0	0.086
8475	1.9	0.0	0.034
8476	1.9	0.0	0.024
8477	1.9	0.0	0.073
8478	2.0	0.0	0.183
8479	2.1	0.0	0.494
8480	2.1	0.0	0.528
8481	2.1	0.0	0.531
8482	2.1	0.0	0.556
8483	2.0	0.0	0.531
8484	2.0	0.0	0.515
8485	1.9	0.0	0.476
8486	1.9	0.0	0.419
8487	1.9	0.0	0.382
8488	1.9	0.0	0.356
8489	2.1	0.0	0.370
8490	2.1	0.0	0.459
8491	2.2	0.0	0.512
8492	2.3	0.0	0.634
8493	2.4	0.0	0.651
8494	2.5	0.0	0.607
8495	2.5	0.0	0.365
8496	2.6	0.0	0.229
8497	2.6	0.0	0.158
8498	2.6	0.0	0.086
8499	2.6	0.0	0.034
8500	2.5	0.0	0.024
8501	2.6	0.0	0.073
8502	2.6	0.0	0.183
8503	2.6	0.0	0.494
8504	2.6	0.0	0.528
8505	2.6	0.0	0.531
8506	2.5	0.0	0.556
8507	2.3	0.0	0.531
8508	2.3	0.0	0.515
8509	2.2	0.0	0.476
8510	2.1	0.0	0.419
8511	2.1	0.0	0.382
8512	2.1	0.0	0.356
8513	2.1	0.0	0.370
8514	2.2	0.0	0.459
8515	2.2	0.0	0.512
8516	2.2	0.0	0.634
8517	2.2	0.0	0.651
8518	2.1	0.0	0.607
8519	2.0	0.0	0.365
8520	2.0	0.0	0.229
8521	2.0	0.0	0.158
8522	2.1	0.0	0.086
8523	2.1	0.0	0.034
8524	2.1	0.0	0.024
8525	2.1	0.0	0.073
8526	2.1	0.0	0.183
8527	2.1	0.0	0.494
8528	2.1	0.0	0.528
8529	2.1	0.0	0.531
8530	1.9	0.0	0.556
8531	1.9	0.0	0.531
8532	1.9	0.0	0.515
8533	1.9	0.0	0.476
8534	1.9	0.0	0.419
8535	1.9	0.0	0.382
8536	2.0	0.0	0.356
8537	2.0	0.0	0.370
8538	2.1	0.0	0.459
8539	2.0	0.0	0.512
8540	2.0	0.0	0.634
8541	2.1	0.0	0.651
8542	2.1	0.0	0.607
8543	2.1	0.0	0.365
8544	2.1	0.0	0.229
8545	2.2	0.0	0.158
8546	2.3	0.0	0.086
8547	2.3	0.0	0.034
8548	2.3	0.0	0.024
8549	2.4	0.0	0.073
8550	2.4	0.0	0.183
8551	2.5	0.0	0.494
8552	2.5	0.0	0.528
8553	2.4	0.0	0.531
8554	2.3	0.0	0.556
8555	2.1	0.0	0.531
8556	2.1	0.0	0.515
8557	2.0	0.0	0.476
8558	2.0	0.0	0.419
8559	2.1	0.0	0.382
8560	2.2	0.0	0.356
8561	2.3	0.0	0.370
8562	2.4	0.0	0.459
8563	2.4	0.0	0.512
8564	2.4	0.0	0.634
8565	2.3	0.0	0.651
8566	2.4	0.0	0.607
8567	2.5	0.0	0.365
8568	2.5	0.0	0.229
8569	2.5	0.0	0.158
8570	2.5	0.0	0.086
8571	2.6	0.0	0.034
8572	2.6	0.0	0.024
8573	2.6	0.0	0.073
8574	2.6	0.0	0.183
8575	2.7	0.0	0.494
8576	2.6	0.0	0.528
8577	2.6	0.0	0.531
8578	2.5	0.0	0.556
8579	2.4	0.0	0.531
8580	2.2	0.0	0.515
8581	2.1	0.0	0.476
8582	2.0	0.0	0.419
8583	1.9	0.0	0.382
8584	1.9	0.0	0.356
8585	2.0	0.0	0.370
8586	2.1	0.0	0.459
8587	2.1	0.0	0.512
8588	2.3	0.0	0.634
8589	2.3	0.0	0.651
8590	2.2	0.0	0.607
8591	2.3	0.0	0.365
8592	2.3	0.0	0.229
8593	2.3	0.0	0.158
8594	2.3	0.0	0.086
8595	2.2	0.0	0.034
8596	2.2	0.0	0.024
8597	2.2	0.0	0.073
8598	2.1	0.0	0.183
8599	2.1	0.0	0.494
8600	2.1	0.0	0.528
8601	2.0	0.0	0.531
8602	1.9	0.0	0.556
8603	1.8	0.0	0.531
8604	1.6	0.0	0.515
8605	1.6	0.0	0.476
8606	1.5	0.0	0.419
8607	1.5	0.0	0.382
8608	1.5	0.0	0.356
8609	1.6	0.0	0.370
8610	1.7	0.0	0.459
8611	1.8	0.0	0.512
8612	1.8	0.0	0.634
8613	1.7	0.0	0.651
8614	1.7	0.0	0.607
8615	1.8	0.0	0.365
8616	1.8	0.0	0.229
8617	1.9	0.0	0.158
8618	1.8	0.0	0.086
8619	1.7	0.0	0.034
8620	1.8	0.0	0.024
8621	1.8	0.0	0.073
8622	1.9	0.0	0.183
8623	1.8	0.0	0.494
8624	1.8	0.0	0.528
8625	1.8	0.0	0.531
8626	1.7	0.0	0.556
8627	1.5	0.0	0.531
8628	1.4	0.0	0.515
8629	1.3	0.0	0.476
8630	1.3	0.0	0.419
8631	1.2	0.0	0.382
8632	1.3	0.0	0.356
8633	1.4	0.0	0.370
8634	1.5	0.0	0.459
8635	1.6	0.0	0.512
8636	1.6	0.0	0.634
8637	1.7	0.0	0.651
8638	1.8	0.0	0.607
8639	1.9	0.0	0.365
8640	1.9	0.0	0.229
8641	2.0	0.0	0.158
8642	2.0	0.0	0.086
8643	2.0	0.0	0.034
8644	2.0	0.0	0.024
8645	2.0	0.0	0.073
8646	2.0	0.0	0.183
8647	2.1	0.0	0.494
8648	2.1	0.0	0.528
8649	2.0	0.0	0.531
8650	2.0	0.0	0.556
8651	1.8	0.0	0.531
8652	1.7	0.0	0.515
8653	1.6	0.0	0.476
8654	1.5	0.0	0.419
8655	1.4	0.0	0.382
8656	1.4	0.0	0.356
8657	1.5	0.0	0.370
8658	1.5	0.0	0.459
8659	1.6	0.0	0.512
8660	1.5	0.0	0.634
8661	1.5	0.0	0.651
8662	1.5	0.0	0.607
8663	1.5	0.0	0.365
8664	1.6	0.0	0.229
8665	1.6	0.0	0.158
8666	1.6	0.0	0.086
8667	1.5	0.0	0.034
8668	1.5	0.0	0.024
8669	1.4	0.0	0.073
8670	1.4	0.0	0.183
8671	1.4	0.0	0.494
8672	1.5	0.0	0.528
8673	1.5	0.0	0.531
8674	1.5	0.0	0.556
8675	1.4	0.0	0.531
8676	1.3	0.0	0.515
8677	1.2	0.0	0.476
8678	1.2	0.0	0.419
8679	1.2	0.0	0.382
8680	1.2	0.0	0.356
8681	1.1	0.0	0.370
8682	1.0	0.0	0.459
8683	1.0	0.0	0.512
8684	1.0	0.0	0.634
8685	0.9	0.0	0.651
8686	0.9	0.0	0.607
8687	0.9	0.0	0.365
8688	0.9	0.0	0.229
8689	0.9	0.0	0.158
8690	1.0	0.0	0.086
8691	1.0	0.0	0.034
8692	0.9	0.0	0.024
8693	1.0	0.0	0.073
8694	1.1	0.0	0.183
8695	1.0	0.0	0.494
8696	1.0	0.0	0.528
8697	1.0	0.0	0.531
8698	1.1	0.0	0.556
8699	1.0	0.0	0.531
8700	1.1	0.0	0.515
8701	1.1	0.0	0.476
8702	1.1	0.0	0.419
8703	1.2	0.0	0.382
8704	1.4	0.0	0.356
8705	1.4	0.0	0.370
8706	1.5	0.0	0.459
8707	1.6	0.0	0.512
8708	1.6	0.0	0.634
8709	1.6	0.0	0.651
8710	1.6	0.0	0.607
8711	1.7	0.0	0.365
8712	1.6	0.0	0.229
8713	1.7	0.0	0.158
8714	1.8	0.0	0.086
8715	1.8	0.0	0.034
8716	1.9	0.0	0.024
8717	2.0	0.0	0.073
8718	2.1	0.0	0.183
8719	2.2	0.0	0.494
8720	2.2	0.0	0.528
8721	2.2	0.0	0.531
8722	2.2	0.0	0.556
8723	2.3	0.0	0.531
8724	2.2	0.0	0.515
8725	2.0	0.0	0.476
8726	2.1	0.0	0.419
8727	2.1	0.0	0.382
8728	2.1	0.0	0.356
8729	2.2	0.0	0.370
8730	2.3	0.0	0.459
8731	2.4	0.0	0.512
8732	2.3	0.0	0.634
8733	2.4	0.0	0.651
8734	2.6	0.0	0.607
8735	2.6	0.0	0.365
8736	2.7	0.0	0.229
8737	2.7	0.0	0.158
8738	2.8	0.0	0.086
8739	2.8	0.0	0.034
8740	2.8	0.0	0.024
8741	2.9	0.0	0.073
8742	2.9	0.0	0.183
8743	3.0	0.0	0.494
8744	2.9	0.0	0.528
8745	3.0	0.0	0.531
8746	3.0	0.0	0.556
8747	2.9	0.0	0.531
8748	2.9	0.0	0.515
8749	2.9	0.0	0.476
8750	2.9	0.0	0.419
8751	2.9	0.0	0.382
8752	3.0	0.0	0.356
8753	2.9	0.0	0.370
8754	3.0	0.0	0.459
8755	3.1	0.0	0.512
8756	3.2	0.0	0.634
8757	3.3	0.0	0.651
8758	3.4	0.0	0.607
8759	3.5	0.0	0.365
8760	3.6	0.0	0.229
