# HOY	Heat Demand	Load duration curve	Dhw Demand
# [h]	[kWh / h]	[kWh / h]	[kWh / h]
1	9.4	17.8	0.262
2	9.6	17.7	0.142
3	10.1	17.2	0.055
4	9.9	17.0	0.040
5	10.1	17.0	0.121
6	10.1	17.0	0.302
7	9.9	16.9	0.817
8	12.2	16.8	0.874
9	12.3	16.7	0.878
10	11.6	16.7	0.920
11	11.7	16.7	0.878
12	11.0	16.6	0.851
13	10.6	16.6	0.788
14	10.7	16.5	0.692
15	10.7	16.5	0.631
16	11.0	16.5	0.589
17	11.7	16.4	0.612
18	12.6	16.4	0.759
19	13.5	16.4	0.847
20	13.7	16.4	1.048
21	13.8	16.4	1.077
22	14.3	16.4	1.004
23	14.6	16.4	0.604
24	15.1	16.3	0.379
25	13.2	16.3	0.262
26	12.8	16.2	0.142
27	12.9	16.2	0.055
28	12.9	16.2	0.040
29	12.7	16.2	0.121
30	12.5	16.1	0.302
31	12.8	16.1	0.817
32	15.4	16.1	0.874
33	15.0	16.1	0.878
34	14.7	16.0	0.920
35	14.2	16.0	0.878
36	13.6	16.0	0.851
37	13.3	16.0	0.788
38	13.2	15.9	0.692
39	12.7	15.9	0.631
40	13.0	15.9	0.589
41	13.6	15.9	0.612
42	14.2	15.9	0.759
43	14.3	15.9	0.847
44	14.4	15.8	1.048
45	14.5	15.7	1.077
46	14.6	15.7	1.004
47	14.6	15.7	0.604
48	14.6	15.6	0.379
49	12.2	15.6	0.262
50	12.2	15.6	0.142
51	12.3	15.5	0.055
52	12.6	15.5	0.040
53	12.7	15.5	0.121
54	12.5	15.5	0.302
55	13.0	15.5	0.817
56	15.1	15.5	0.874
57	15.0	15.4	0.878
58	15.1	15.4	0.920
59	14.7	15.4	0.878
60	14.6	15.4	0.851
61	13.9	15.4	0.788
62	13.6	15.3	0.692
63	13.4	15.3	0.631
64	13.3	15.3	0.589
65	13.5	15.2	0.612
66	14.0	15.2	0.759
67	14.5	15.1	0.847
68	14.8	15.1	1.048
69	15.3	15.1	1.077
70	15.6	15.1	1.004
71	15.9	15.1	0.604
72	16.1	15.1	0.379
73	13.9	15.1	0.262
74	13.9	15.0	0.142
75	13.8	15.0	0.055
76	13.9	15.0	0.040
77	13.9	15.0	0.121
78	13.8	15.0	0.302
79	13.5	14.9	0.817
80	15.3	14.9	0.874
81	14.9	14.9	0.878
82	14.1	14.9	0.920
83	12.8	14.9	0.878
84	11.8	14.9	0.851
85	10.9	14.9	0.788
86	10.6	14.8	0.692
87	10.7	14.8	0.631
88	10.6	14.8	0.589
89	10.8	14.8	0.612
90	10.9	14.8	0.759
91	10.9	14.8	0.847
92	10.6	14.8	1.048
93	10.9	14.8	1.077
94	11.1	14.7	1.004
95	11.2	14.7	0.604
96	11.3	14.7	0.379
97	8.9	14.7	0.262
98	9.0	14.7	0.142
99	9.4	14.7	0.055
100	9.7	14.7	0.040
101	10.1	14.7	0.121
102	10.2	14.7	0.302
103	10.7	14.7	0.817
104	13.2	14.7	0.874
105	13.5	14.6	0.878
106	13.5	14.6	0.920
107	13.7	14.6	0.878
108	13.8	14.6	0.851
109	13.9	14.6	0.788
110	14.2	14.6	0.692
111	14.9	14.6	0.631
112	14.8	14.6	0.589
113	15.5	14.6	0.612
114	16.2	14.6	0.759
115	16.3	14.6	0.847
116	16.0	14.6	1.048
117	16.4	14.6	1.077
118	17.0	14.5	1.004
119	17.7	14.5	0.604
120	17.8	14.5	0.379
121	15.9	14.5	0.262
122	15.9	14.5	0.142
123	15.5	14.5	0.055
124	15.5	14.5	0.040
125	14.7	14.5	0.121
126	14.2	14.5	0.302
127	14.0	14.5	0.817
128	16.2	14.5	0.874
129	16.0	14.5	0.878
130	15.4	14.5	0.920
131	14.5	14.5	0.878
132	13.7	14.5	0.851
133	12.6	14.4	0.788
134	11.8	14.4	0.692
135	11.4	14.4	0.631
136	10.9	14.4	0.589
137	10.9	14.4	0.612
138	11.3	14.4	0.759
139	10.8	14.3	0.847
140	10.7	14.3	1.048
141	10.8	14.3	1.077
142	10.8	14.3	1.004
143	10.8	14.3	0.604
144	10.8	14.3	0.379
145	8.2	14.3	0.262
146	8.5	14.2	0.142
147	8.6	14.2	0.055
148	8.7	14.2	0.040
149	9.1	14.2	0.121
150	8.9	14.2	0.302
151	9.0	14.2	0.817
152	11.6	14.2	0.874
153	11.4	14.1	0.878
154	10.7	14.1	0.920
155	10.4	14.1	0.878
156	9.8	14.1	0.851
157	9.5	14.1	0.788
158	8.6	14.1	0.692
159	8.3	14.1	0.631
160	8.3	14.1	0.589
161	9.1	14.1	0.612
162	9.5	14.1	0.759
163	10.3	14.0	0.847
164	10.4	14.0	1.048
165	11.0	14.0	1.077
166	11.1	14.0	1.004
167	11.9	14.0	0.604
168	12.0	14.0	0.379
169	9.9	14.0	0.262
170	9.8	14.0	0.142
171	9.9	14.0	0.055
172	9.4	14.0	0.040
173	9.3	13.9	0.121
174	8.8	13.9	0.302
175	8.8	13.9	0.817
176	11.1	13.9	0.874
177	11.0	13.9	0.878
178	10.8	13.9	0.920
179	10.2	13.9	0.878
180	9.6	13.9	0.851
181	9.8	13.9	0.788
182	9.6	13.9	0.692
183	9.8	13.9	0.631
184	9.7	13.9	0.589
185	9.6	13.9	0.612
186	9.7	13.9	0.759
187	10.0	13.9	0.847
188	9.4	13.9	1.048
189	9.1	13.8	1.077
190	9.1	13.8	1.004
191	8.6	13.8	0.604
192	8.3	13.8	0.379
193	5.4	13.8	0.262
194	5.5	13.8	0.142
195	5.8	13.8	0.055
196	5.8	13.8	0.040
197	5.5	13.8	0.121
198	5.1	13.8	0.302
199	5.5	13.8	0.817
200	7.7	13.8	0.874
201	7.9	13.8	0.878
202	7.3	13.8	0.920
203	7.2	13.8	0.878
204	7.3	13.8	0.851
205	7.2	13.8	0.788
206	6.6	13.8	0.692
207	6.0	13.8	0.631
208	5.8	13.8	0.589
209	5.9	13.7	0.612
210	5.8	13.7	0.759
211	5.8	13.7	0.847
212	5.9	13.7	1.048
213	5.8	13.7	1.077
214	5.8	13.7	1.004
215	5.7	13.7	0.604
216	5.3	13.7	0.379
217	3.1	13.7	0.262
218	3.3	13.7	0.142
219	3.5	13.7	0.055
220	3.8	13.7	0.040
221	4.1	13.7	0.121
222	4.5	13.6	0.302
223	4.9	13.6	0.817
224	7.4	13.6	0.874
225	7.4	13.6	0.878
226	7.6	13.6	0.920
227	7.6	13.6	0.878
228	7.4	13.6	0.851
229	7.2	13.6	0.788
230	7.4	13.6	0.692
231	7.2	13.6	0.631
232	7.9	13.5	0.589
233	8.4	13.5	0.612
234	9.1	13.5	0.759
235	9.1	13.5	0.847
236	9.7	13.5	1.048
237	10.3	13.5	1.077
238	11.2	13.5	1.004
239	11.8	13.5	0.604
240	12.2	13.5	0.379
241	10.2	13.5	0.262
242	10.3	13.4	0.142
243	10.3	13.4	0.055
244	10.3	13.4	0.040
245	10.2	13.4	0.121
246	10.2	13.4	0.302
247	10.1	13.4	0.817
248	12.3	13.4	0.874
249	12.5	13.4	0.878
250	11.9	13.4	0.920
251	11.9	13.4	0.878
252	10.9	13.4	0.851
253	10.7	13.4	0.788
254	10.0	13.4	0.692
255	10.1	13.4	0.631
256	10.5	13.3	0.589
257	11.4	13.3	0.612
258	11.3	13.3	0.759
259	11.5	13.3	0.847
260	12.0	13.3	1.048
261	12.3	13.3	1.077
262	12.7	13.3	1.004
263	12.6	13.3	0.604
264	12.7	13.3	0.379
265	10.4	13.3	0.262
266	10.6	13.3	0.142
267	10.5	13.3	0.055
268	10.5	13.3	0.040
269	10.2	13.3	0.121
270	10.4	13.2	0.302
271	10.2	13.2	0.817
272	12.8	13.2	0.874
273	12.8	13.2	0.878
274	12.4	13.2	0.920
275	12.0	13.2	0.878
276	11.2	13.2	0.851
277	10.7	13.2	0.788
278	10.3	13.2	0.692
279	10.0	13.2	0.631
280	10.0	13.2	0.589
281	9.9	13.2	0.612
282	10.1	13.1	0.759
283	10.2	13.1	0.847
284	10.1	13.1	1.048
285	10.5	13.1	1.077
286	10.6	13.1	1.004
287	10.6	13.1	0.604
288	10.8	13.1	0.379
289	8.0	13.1	0.262
290	8.0	13.1	0.142
291	7.9	13.1	0.055
292	7.9	13.1	0.040
293	8.1	13.1	0.121
294	8.2	13.1	0.302
295	7.9	13.1	0.817
296	10.3	13.0	0.874
297	10.2	13.0	0.878
298	10.2	13.0	0.920
299	9.7	13.0	0.878
300	9.3	13.0	0.851
301	8.9	13.0	0.788
302	8.7	13.0	0.692
303	8.6	13.0	0.631
304	8.3	13.0	0.589
305	8.7	13.0	0.612
306	8.6	13.0	0.759
307	8.7	13.0	0.847
308	8.8	13.0	1.048
309	8.9	13.0	1.077
310	9.5	13.0	1.004
311	9.4	13.0	0.604
312	9.6	12.9	0.379
313	7.4	12.9	0.262
314	7.3	12.9	0.142
315	7.3	12.9	0.055
316	7.0	12.9	0.040
317	6.8	12.9	0.121
318	6.7	12.9	0.302
319	6.9	12.9	0.817
320	9.4	12.9	0.874
321	9.5	12.9	0.878
322	9.3	12.9	0.920
323	9.1	12.9	0.878
324	9.3	12.9	0.851
325	9.0	12.8	0.788
326	8.7	12.8	0.692
327	8.1	12.8	0.631
328	7.7	12.8	0.589
329	8.1	12.8	0.612
330	8.2	12.8	0.759
331	8.6	12.8	0.847
332	8.8	12.8	1.048
333	8.9	12.8	1.077
334	8.9	12.8	1.004
335	9.2	12.8	0.604
336	8.9	12.8	0.379
337	6.7	12.8	0.262
338	6.9	12.8	0.142
339	7.1	12.8	0.055
340	7.5	12.8	0.040
341	7.6	12.7	0.121
342	7.6	12.7	0.302
343	7.6	12.7	0.817
344	10.4	12.7	0.874
345	10.5	12.7	0.878
346	10.8	12.7	0.920
347	10.4	12.7	0.878
348	10.2	12.7	0.851
349	10.1	12.7	0.788
350	10.4	12.7	0.692
351	10.4	12.7	0.631
352	10.5	12.7	0.589
353	10.9	12.7	0.612
354	11.2	12.7	0.759
355	11.3	12.7	0.847
356	11.8	12.7	1.048
357	11.7	12.7	1.077
358	12.1	12.7	1.004
359	12.0	12.7	0.604
360	11.7	12.7	0.379
361	9.3	12.6	0.262
362	9.5	12.6	0.142
363	9.8	12.6	0.055
364	9.6	12.6	0.040
365	9.5	12.6	0.121
366	10.0	12.6	0.302
367	10.2	12.6	0.817
368	12.7	12.6	0.874
369	12.6	12.6	0.878
370	12.7	12.6	0.920
371	11.9	12.6	0.878
372	11.6	12.6	0.851
373	11.3	12.6	0.788
374	11.0	12.6	0.692
375	11.2	12.6	0.631
376	11.7	12.6	0.589
377	12.5	12.6	0.612
378	13.1	12.6	0.759
379	13.4	12.6	0.847
380	13.7	12.6	1.048
381	13.9	12.5	1.077
382	14.5	12.5	1.004
383	15.1	12.5	0.604
384	15.5	12.5	0.379
385	13.9	12.5	0.262
386	14.0	12.5	0.142
387	14.1	12.5	0.055
388	13.9	12.5	0.040
389	13.9	12.5	0.121
390	13.8	12.5	0.302
391	13.7	12.5	0.817
392	15.9	12.5	0.874
393	15.2	12.5	0.878
394	14.5	12.5	0.920
395	13.8	12.5	0.878
396	13.1	12.5	0.851
397	12.1	12.5	0.788
398	11.3	12.5	0.692
399	11.4	12.5	0.631
400	11.0	12.5	0.589
401	10.9	12.5	0.612
402	11.3	12.4	0.759
403	11.1	12.4	0.847
404	11.1	12.4	1.048
405	11.8	12.4	1.077
406	11.4	12.4	1.004
407	11.4	12.4	0.604
408	11.2	12.4	0.379
409	8.1	12.4	0.262
410	8.6	12.4	0.142
411	8.9	12.4	0.055
412	8.9	12.4	0.040
413	8.9	12.4	0.121
414	9.0	12.3	0.302
415	9.4	12.3	0.817
416	11.9	12.3	0.874
417	11.7	12.3	0.878
418	11.3	12.3	0.920
419	11.4	12.3	0.878
420	11.0	12.3	0.851
421	10.7	12.3	0.788
422	10.7	12.3	0.692
423	10.7	12.3	0.631
424	11.2	12.3	0.589
425	11.4	12.3	0.612
426	11.4	12.3	0.759
427	12.0	12.3	0.847
428	12.1	12.3	1.048
429	12.7	12.3	1.077
430	12.9	12.3	1.004
431	12.8	12.3	0.604
432	12.6	12.3	0.379
433	10.5	12.2	0.262
434	10.8	12.2	0.142
435	11.3	12.2	0.055
436	11.6	12.2	0.040
437	11.3	12.2	0.121
438	11.1	12.2	0.302
439	10.9	12.2	0.817
440	13.4	12.2	0.874
441	13.1	12.2	0.878
442	13.1	12.2	0.920
443	13.3	12.2	0.878
444	12.7	12.2	0.851
445	12.5	12.2	0.788
446	12.1	12.2	0.692
447	11.5	12.2	0.631
448	11.7	12.1	0.589
449	11.7	12.1	0.612
450	11.5	12.1	0.759
451	11.9	12.1	0.847
452	12.2	12.1	1.048
453	12.7	12.1	1.077
454	13.0	12.1	1.004
455	12.7	12.1	0.604
456	12.5	12.1	0.379
457	10.3	12.1	0.262
458	10.8	12.1	0.142
459	10.8	12.1	0.055
460	11.3	12.1	0.040
461	11.2	12.1	0.121
462	11.3	12.1	0.302
463	11.3	12.1	0.817
464	13.8	12.1	0.874
465	13.8	12.1	0.878
466	13.1	12.1	0.920
467	12.8	12.1	0.878
468	12.2	12.1	0.851
469	11.8	12.1	0.788
470	11.5	12.1	0.692
471	11.2	12.1	0.631
472	10.9	12.1	0.589
473	11.0	12.1	0.612
474	10.9	12.0	0.759
475	11.1	12.0	0.847
476	11.5	12.0	1.048
477	11.3	12.0	1.077
478	11.6	12.0	1.004
479	11.7	12.0	0.604
480	11.7	12.0	0.379
481	9.3	12.0	0.262
482	9.9	12.0	0.142
483	10.0	12.0	0.055
484	10.4	12.0	0.040
485	10.3	12.0	0.121
486	10.2	12.0	0.302
487	10.4	12.0	0.817
488	12.7	12.0	0.874
489	12.4	12.0	0.878
490	11.9	12.0	0.920
491	11.5	12.0	0.878
492	10.8	12.0	0.851
493	11.0	12.0	0.788
494	10.5	12.0	0.692
495	10.5	12.0	0.631
496	10.5	12.0	0.589
497	10.5	12.0	0.612
498	11.1	11.9	0.759
499	11.2	11.9	0.847
500	11.8	11.9	1.048
501	11.7	11.9	1.077
502	12.3	11.9	1.004
503	12.5	11.9	0.604
504	12.9	11.9	0.379
505	10.6	11.9	0.262
506	10.4	11.9	0.142
507	10.4	11.9	0.055
508	10.5	11.9	0.040
509	10.7	11.9	0.121
510	11.2	11.9	0.302
511	11.5	11.9	0.817
512	14.0	11.9	0.874
513	13.8	11.9	0.878
514	13.3	11.9	0.920
515	12.8	11.9	0.878
516	12.4	11.9	0.851
517	12.3	11.9	0.788
518	11.9	11.9	0.692
519	11.9	11.9	0.631
520	12.3	11.9	0.589
521	12.5	11.9	0.612
522	12.5	11.9	0.759
523	12.8	11.9	0.847
524	12.6	11.9	1.048
525	12.7	11.9	1.077
526	13.0	11.9	1.004
527	13.4	11.9	0.604
528	13.9	11.8	0.379
529	11.7	11.8	0.262
530	11.6	11.8	0.142
531	12.1	11.8	0.055
532	11.8	11.8	0.040
533	12.0	11.8	0.121
534	11.7	11.8	0.302
535	12.1	11.8	0.817
536	14.5	11.8	0.874
537	14.1	11.8	0.878
538	13.5	11.8	0.920
539	12.9	11.8	0.878
540	12.1	11.8	0.851
541	11.6	11.8	0.788
542	10.8	11.8	0.692
543	10.7	11.8	0.631
544	11.0	11.8	0.589
545	11.1	11.8	0.612
546	11.4	11.8	0.759
547	11.6	11.8	0.847
548	11.8	11.8	1.048
549	12.0	11.7	1.077
550	12.5	11.7	1.004
551	12.8	11.7	0.604
552	13.2	11.7	0.379
553	10.8	11.7	0.262
554	10.7	11.7	0.142
555	10.8	11.7	0.055
556	10.7	11.7	0.040
557	11.3	11.7	0.121
558	11.4	11.7	0.302
559	11.2	11.7	0.817
560	13.3	11.7	0.874
561	13.0	11.7	0.878
562	12.5	11.7	0.920
563	12.3	11.7	0.878
564	12.0	11.7	0.851
565	11.6	11.7	0.788
566	11.3	11.7	0.692
567	11.0	11.7	0.631
568	11.1	11.7	0.589
569	11.3	11.7	0.612
570	11.4	11.7	0.759
571	11.6	11.7	0.847
572	11.9	11.7	1.048
573	11.7	11.7	1.077
574	11.9	11.7	1.004
575	11.8	11.7	0.604
576	11.5	11.7	0.379
577	9.1	11.7	0.262
578	9.5	11.7	0.142
579	9.6	11.7	0.055
580	9.0	11.7	0.040
581	8.8	11.7	0.121
582	8.9	11.7	0.302
583	8.8	11.6	0.817
584	10.8	11.6	0.874
585	10.6	11.6	0.878
586	10.3	11.6	0.920
587	9.7	11.6	0.878
588	9.1	11.6	0.851
589	8.7	11.6	0.788
590	8.5	11.6	0.692
591	8.2	11.6	0.631
592	7.9	11.6	0.589
593	8.0	11.6	0.612
594	8.0	11.6	0.759
595	8.0	11.6	0.847
596	7.9	11.6	1.048
597	8.2	11.6	1.077
598	8.4	11.6	1.004
599	8.7	11.6	0.604
600	8.8	11.6	0.379
601	6.3	11.6	0.262
602	6.8	11.6	0.142
603	7.3	11.6	0.055
604	7.5	11.6	0.040
605	7.9	11.6	0.121
606	7.8	11.6	0.302
607	7.8	11.6	0.817
608	10.2	11.6	0.874
609	10.4	11.6	0.878
610	10.4	11.6	0.920
611	10.2	11.6	0.878
612	10.3	11.5	0.851
613	10.3	11.5	0.788
614	9.9	11.5	0.692
615	9.9	11.5	0.631
616	9.5	11.5	0.589
617	10.1	11.5	0.612
618	10.4	11.5	0.759
619	11.0	11.5	0.847
620	11.2	11.5	1.048
621	11.9	11.5	1.077
622	12.3	11.5	1.004
623	12.4	11.5	0.604
624	12.6	11.5	0.379
625	10.7	11.5	0.262
626	10.9	11.5	0.142
627	10.7	11.5	0.055
628	10.5	11.5	0.040
629	10.5	11.5	0.121
630	10.5	11.5	0.302
631	10.2	11.5	0.817
632	12.4	11.5	0.874
633	12.1	11.5	0.878
634	11.9	11.5	0.920
635	11.1	11.4	0.878
636	10.3	11.4	0.851
637	10.2	11.4	0.788
638	10.0	11.4	0.692
639	10.0	11.4	0.631
640	10.3	11.4	0.589
641	10.1	11.4	0.612
642	10.6	11.4	0.759
643	11.0	11.4	0.847
644	11.1	11.4	1.048
645	11.2	11.4	1.077
646	10.8	11.4	1.004
647	10.6	11.4	0.604
648	10.4	11.4	0.379
649	8.2	11.4	0.262
650	8.6	11.4	0.142
651	8.6	11.4	0.055
652	8.7	11.4	0.040
653	9.0	11.4	0.121
654	9.4	11.4	0.302
655	9.2	11.4	0.817
656	11.6	11.4	0.874
657	11.6	11.4	0.878
658	11.3	11.4	0.920
659	11.1	11.4	0.878
660	10.8	11.4	0.851
661	10.7	11.3	0.788
662	10.8	11.3	0.692
663	10.8	11.3	0.631
664	10.7	11.3	0.589
665	11.3	11.3	0.612
666	11.7	11.3	0.759
667	12.3	11.3	0.847
668	12.9	11.3	1.048
669	13.3	11.3	1.077
670	13.8	11.3	1.004
671	14.5	11.3	0.604
672	14.7	11.3	0.379
673	12.4	11.3	0.262
674	12.0	11.3	0.142
675	11.7	11.3	0.055
676	11.3	11.3	0.040
677	10.3	11.3	0.121
678	9.7	11.3	0.302
679	9.5	11.3	0.817
680	11.8	11.3	0.874
681	11.8	11.3	0.878
682	11.4	11.3	0.920
683	11.0	11.3	0.878
684	10.4	11.3	0.851
685	10.3	11.3	0.788
686	10.1	11.3	0.692
687	9.9	11.3	0.631
688	9.0	11.3	0.589
689	8.6	11.3	0.612
690	8.4	11.3	0.759
691	8.2	11.3	0.847
692	7.8	11.3	1.048
693	7.1	11.3	1.077
694	6.8	11.3	1.004
695	6.2	11.3	0.604
696	5.9	11.2	0.379
697	3.4	11.2	0.262
698	3.3	11.2	0.142
699	3.6	11.2	0.055
700	3.8	11.2	0.040
701	4.0	11.2	0.121
702	3.9	11.2	0.302
703	4.1	11.2	0.817
704	6.8	11.2	0.874
705	6.6	11.2	0.878
706	6.5	11.2	0.920
707	6.5	11.2	0.878
708	6.1	11.2	0.851
709	5.8	11.2	0.788
710	5.9	11.2	0.692
711	6.1	11.2	0.631
712	5.9	11.2	0.589
713	5.8	11.2	0.612
714	5.7	11.2	0.759
715	5.7	11.2	0.847
716	5.4	11.2	1.048
717	5.6	11.2	1.077
718	5.2	11.2	1.004
719	5.4	11.2	0.604
720	5.7	11.2	0.379
721	3.4	11.2	0.262
722	3.2	11.2	0.142
723	3.0	11.2	0.055
724	2.8	11.2	0.040
725	2.7	11.2	0.121
726	2.9	11.2	0.302
727	2.9	11.2	0.817
728	5.4	11.1	0.874
729	5.6	11.1	0.878
730	5.2	11.1	0.920
731	4.6	11.1	0.878
732	4.4	11.1	0.851
733	4.0	11.1	0.788
734	3.7	11.1	0.692
735	3.9	11.1	0.631
736	4.2	11.1	0.589
737	4.4	11.1	0.612
738	5.3	11.1	0.759
739	6.1	11.1	0.847
740	6.4	11.1	1.048
741	6.4	11.1	1.077
742	6.5	11.1	1.004
743	7.0	11.1	0.604
744	7.4	11.1	0.379
745	5.5	11.1	0.262
746	5.9	11.1	0.142
747	5.9	11.1	0.055
748	5.8	11.1	0.040
749	5.8	11.1	0.121
750	5.9	11.1	0.302
751	5.7	11.1	0.817
752	8.3	11.1	0.874
753	8.1	11.1	0.878
754	7.6	11.1	0.920
755	7.0	11.1	0.878
756	6.7	11.1	0.851
757	6.5	11.1	0.788
758	6.3	11.1	0.692
759	6.4	11.0	0.631
760	6.3	11.0	0.589
761	6.5	11.0	0.612
762	6.9	11.0	0.759
763	7.5	11.0	0.847
764	8.0	11.0	1.048
765	8.7	11.0	1.077
766	9.3	11.0	1.004
767	10.0	11.0	0.604
768	10.2	11.0	0.379
769	8.2	11.0	0.262
770	8.1	11.0	0.142
771	8.1	11.0	0.055
772	8.6	11.0	0.040
773	9.0	11.0	0.121
774	9.2	11.0	0.302
775	9.5	11.0	0.817
776	11.8	11.0	0.874
777	11.8	11.0	0.878
778	11.7	11.0	0.920
779	11.5	11.0	0.878
780	11.5	11.0	0.851
781	11.2	11.0	0.788
782	11.0	11.0	0.692
783	11.1	11.0	0.631
784	11.3	11.0	0.589
785	11.6	11.0	0.612
786	11.8	11.0	0.759
787	12.5	11.0	0.847
788	13.3	11.0	1.048
789	13.8	11.0	1.077
790	14.1	11.0	1.004
791	14.4	11.0	0.604
792	14.6	11.0	0.379
793	12.5	11.0	0.262
794	12.8	11.0	0.142
795	12.7	11.0	0.055
796	13.0	10.9	0.040
797	13.3	10.9	0.121
798	13.4	10.9	0.302
799	13.8	10.9	0.817
800	15.6	10.9	0.874
801	15.5	10.9	0.878
802	15.1	10.9	0.920
803	14.6	10.9	0.878
804	13.9	10.9	0.851
805	13.8	10.9	0.788
806	13.3	10.9	0.692
807	13.2	10.9	0.631
808	13.3	10.9	0.589
809	13.5	10.9	0.612
810	13.8	10.9	0.759
811	14.2	10.9	0.847
812	14.4	10.9	1.048
813	14.1	10.9	1.077
814	14.8	10.9	1.004
815	14.4	10.9	0.604
816	14.3	10.9	0.379
817	12.5	10.9	0.262
818	12.4	10.9	0.142
819	12.3	10.9	0.055
820	12.5	10.9	0.040
821	12.0	10.9	0.121
822	11.4	10.9	0.302
823	11.2	10.9	0.817
824	13.1	10.9	0.874
825	12.8	10.9	0.878
826	12.7	10.9	0.920
827	12.0	10.9	0.878
828	11.1	10.9	0.851
829	10.6	10.9	0.788
830	9.9	10.9	0.692
831	9.8	10.8	0.631
832	9.7	10.8	0.589
833	9.6	10.8	0.612
834	9.7	10.8	0.759
835	10.3	10.8	0.847
836	10.2	10.8	1.048
837	10.4	10.8	1.077
838	10.6	10.8	1.004
839	10.9	10.8	0.604
840	10.8	10.8	0.379
841	8.7	10.8	0.262
842	8.5	10.8	0.142
843	8.4	10.8	0.055
844	8.7	10.8	0.040
845	8.7	10.8	0.121
846	8.8	10.8	0.302
847	8.8	10.8	0.817
848	10.9	10.8	0.874
849	10.6	10.8	0.878
850	10.2	10.8	0.920
851	9.8	10.8	0.878
852	9.4	10.8	0.851
853	8.7	10.8	0.788
854	8.9	10.8	0.692
855	8.8	10.8	0.631
856	9.1	10.8	0.589
857	9.3	10.8	0.612
858	9.8	10.8	0.759
859	10.3	10.8	0.847
860	10.8	10.8	1.048
861	10.9	10.8	1.077
862	10.9	10.8	1.004
863	11.1	10.8	0.604
864	10.9	10.8	0.379
865	8.7	10.8	0.262
866	9.0	10.8	0.142
867	8.9	10.8	0.055
868	9.0	10.8	0.040
869	8.5	10.8	0.121
870	8.6	10.8	0.302
871	8.8	10.8	0.817
872	10.7	10.8	0.874
873	10.8	10.8	0.878
874	10.7	10.8	0.920
875	10.1	10.7	0.878
876	10.0	10.7	0.851
877	9.5	10.7	0.788
878	9.2	10.7	0.692
879	9.1	10.7	0.631
880	8.8	10.7	0.589
881	8.8	10.7	0.612
882	9.2	10.7	0.759
883	9.7	10.7	0.847
884	9.9	10.7	1.048
885	10.2	10.7	1.077
886	10.1	10.7	1.004
887	10.7	10.7	0.604
888	10.6	10.7	0.379
889	8.5	10.7	0.262
890	8.3	10.7	0.142
891	8.2	10.7	0.055
892	7.7	10.7	0.040
893	8.1	10.7	0.121
894	7.9	10.7	0.302
895	7.9	10.7	0.817
896	9.8	10.7	0.874
897	9.7	10.7	0.878
898	9.6	10.7	0.920
899	9.3	10.7	0.878
900	9.4	10.7	0.851
901	9.5	10.7	0.788
902	9.4	10.7	0.692
903	9.4	10.7	0.631
904	9.2	10.7	0.589
905	9.1	10.7	0.612
906	8.9	10.7	0.759
907	8.8	10.7	0.847
908	8.7	10.7	1.048
909	8.9	10.7	1.077
910	8.9	10.7	1.004
911	9.0	10.7	0.604
912	8.8	10.7	0.379
913	6.7	10.7	0.262
914	7.0	10.7	0.142
915	7.3	10.7	0.055
916	7.6	10.7	0.040
917	7.6	10.7	0.121
918	8.1	10.7	0.302
919	8.0	10.6	0.817
920	9.9	10.6	0.874
921	9.9	10.6	0.878
922	9.5	10.6	0.920
923	9.4	10.6	0.878
924	8.8	10.6	0.851
925	8.7	10.6	0.788
926	8.6	10.6	0.692
927	8.4	10.6	0.631
928	8.4	10.6	0.589
929	8.4	10.6	0.612
930	9.0	10.6	0.759
931	9.3	10.6	0.847
932	9.7	10.6	1.048
933	9.9	10.6	1.077
934	10.4	10.6	1.004
935	10.7	10.6	0.604
936	10.7	10.6	0.379
937	8.4	10.6	0.262
938	8.8	10.6	0.142
939	8.6	10.6	0.055
940	8.6	10.6	0.040
941	8.7	10.6	0.121
942	8.9	10.6	0.302
943	9.1	10.6	0.817
944	11.3	10.6	0.874
945	11.3	10.6	0.878
946	11.2	10.6	0.920
947	10.8	10.6	0.878
948	10.1	10.5	0.851
949	9.7	10.5	0.788
950	9.3	10.5	0.692
951	9.7	10.5	0.631
952	10.0	10.5	0.589
953	10.0	10.5	0.612
954	10.2	10.5	0.759
955	10.3	10.5	0.847
956	10.8	10.5	1.048
957	10.8	10.5	1.077
958	10.8	10.5	1.004
959	11.1	10.5	0.604
960	11.2	10.5	0.379
961	9.2	10.5	0.262
962	9.4	10.5	0.142
963	9.5	10.5	0.055
964	9.5	10.5	0.040
965	9.6	10.5	0.121
966	9.6	10.5	0.302
967	9.5	10.5	0.817
968	11.9	10.5	0.874
969	11.4	10.5	0.878
970	11.0	10.5	0.920
971	10.7	10.5	0.878
972	10.3	10.5	0.851
973	9.5	10.5	0.788
974	9.4	10.5	0.692
975	9.1	10.5	0.631
976	9.1	10.5	0.589
977	9.4	10.5	0.612
978	9.9	10.5	0.759
979	10.8	10.5	0.847
980	10.9	10.5	1.048
981	11.5	10.4	1.077
982	12.0	10.4	1.004
983	11.6	10.4	0.604
984	11.9	10.4	0.379
985	9.9	10.4	0.262
986	9.9	10.4	0.142
987	9.8	10.4	0.055
988	10.0	10.4	0.040
989	10.0	10.4	0.121
990	9.8	10.4	0.302
991	9.7	10.4	0.817
992	11.7	10.4	0.874
993	11.6	10.4	0.878
994	10.9	10.4	0.920
995	10.7	10.4	0.878
996	10.5	10.4	0.851
997	9.9	10.4	0.788
998	9.7	10.4	0.692
999	9.6	10.4	0.631
1000	9.7	10.4	0.589
1001	9.9	10.4	0.612
1002	10.2	10.4	0.759
1003	10.5	10.4	0.847
1004	10.6	10.4	1.048
1005	10.5	10.4	1.077
1006	11.2	10.4	1.004
1007	11.1	10.4	0.604
1008	10.7	10.4	0.379
1009	8.7	10.4	0.262
1010	8.7	10.4	0.142
1011	9.0	10.4	0.055
1012	9.0	10.4	0.040
1013	8.6	10.4	0.121
1014	8.5	10.3	0.302
1015	8.3	10.3	0.817
1016	10.2	10.3	0.874
1017	10.0	10.3	0.878
1018	10.0	10.3	0.920
1019	9.4	10.3	0.878
1020	9.0	10.3	0.851
1021	8.9	10.3	0.788
1022	8.3	10.3	0.692
1023	7.7	10.3	0.631
1024	7.8	10.3	0.589
1025	7.6	10.3	0.612
1026	7.5	10.3	0.759
1027	7.9	10.3	0.847
1028	8.4	10.3	1.048
1029	8.7	10.3	1.077
1030	8.5	10.3	1.004
1031	8.7	10.3	0.604
1032	8.8	10.3	0.379
1033	6.5	10.3	0.262
1034	6.6	10.3	0.142
1035	6.8	10.3	0.055
1036	6.9	10.3	0.040
1037	6.7	10.3	0.121
1038	6.7	10.3	0.302
1039	6.8	10.3	0.817
1040	8.8	10.3	0.874
1041	8.9	10.3	0.878
1042	9.0	10.3	0.920
1043	9.0	10.3	0.878
1044	9.4	10.3	0.851
1045	9.0	10.3	0.788
1046	9.3	10.3	0.692
1047	9.0	10.3	0.631
1048	9.3	10.2	0.589
1049	9.7	10.2	0.612
1050	9.8	10.2	0.759
1051	9.9	10.2	0.847
1052	10.1	10.2	1.048
1053	10.2	10.2	1.077
1054	10.3	10.2	1.004
1055	10.1	10.2	0.604
1056	10.3	10.2	0.379
1057	7.8	10.2	0.262
1058	7.7	10.2	0.142
1059	7.6	10.2	0.055
1060	7.6	10.2	0.040
1061	7.6	10.2	0.121
1062	7.6	10.2	0.302
1063	7.6	10.2	0.817
1064	9.7	10.2	0.874
1065	9.4	10.2	0.878
1066	9.5	10.2	0.920
1067	9.0	10.2	0.878
1068	8.9	10.2	0.851
1069	8.4	10.2	0.788
1070	8.0	10.2	0.692
1071	7.8	10.2	0.631
1072	8.1	10.2	0.589
1073	8.0	10.2	0.612
1074	7.8	10.2	0.759
1075	7.8	10.2	0.847
1076	7.7	10.2	1.048
1077	7.3	10.2	1.077
1078	6.9	10.2	1.004
1079	7.0	10.2	0.604
1080	6.9	10.2	0.379
1081	4.8	10.2	0.262
1082	4.9	10.2	0.142
1083	4.6	10.2	0.055
1084	4.8	10.2	0.040
1085	4.9	10.2	0.121
1086	4.6	10.2	0.302
1087	4.6	10.2	0.817
1088	6.5	10.2	0.874
1089	5.7	10.2	0.878
1090	5.5	10.2	0.920
1091	5.1	10.2	0.878
1092	4.9	10.2	0.851
1093	4.5	10.2	0.788
1094	4.1	10.2	0.692
1095	3.8	10.2	0.631
1096	3.8	10.2	0.589
1097	4.0	10.2	0.612
1098	4.4	10.1	0.759
1099	5.0	10.1	0.847
1100	5.3	10.1	1.048
1101	5.1	10.1	1.077
1102	5.4	10.1	1.004
1103	5.7	10.1	0.604
1104	6.2	10.1	0.379
1105	4.3	10.1	0.262
1106	4.4	10.1	0.142
1107	4.4	10.1	0.055
1108	4.9	10.1	0.040
1109	4.7	10.1	0.121
1110	4.6	10.1	0.302
1111	4.9	10.1	0.817
1112	6.8	10.1	0.874
1113	6.8	10.1	0.878
1114	6.6	10.1	0.920
1115	6.2	10.1	0.878
1116	5.4	10.1	0.851
1117	4.7	10.1	0.788
1118	4.7	10.1	0.692
1119	5.1	10.1	0.631
1120	5.3	10.1	0.589
1121	5.5	10.1	0.612
1122	5.8	10.1	0.759
1123	6.3	10.1	0.847
1124	6.8	10.1	1.048
1125	7.1	10.1	1.077
1126	7.4	10.1	1.004
1127	8.0	10.1	0.604
1128	8.2	10.1	0.379
1129	6.4	10.1	0.262
1130	6.4	10.1	0.142
1131	6.9	10.1	0.055
1132	7.0	10.1	0.040
1133	7.5	10.1	0.121
1134	7.6	10.1	0.302
1135	7.6	10.1	0.817
1136	9.5	10.0	0.874
1137	9.1	10.0	0.878
1138	9.1	10.0	0.920
1139	8.8	10.0	0.878
1140	8.2	10.0	0.851
1141	7.8	10.0	0.788
1142	7.5	10.0	0.692
1143	7.4	10.0	0.631
1144	7.5	10.0	0.589
1145	7.7	10.0	0.612
1146	8.6	10.0	0.759
1147	8.7	10.0	0.847
1148	9.0	10.0	1.048
1149	9.3	10.0	1.077
1150	10.0	10.0	1.004
1151	10.2	10.0	0.604
1152	10.5	10.0	0.379
1153	8.7	10.0	0.262
1154	8.7	10.0	0.142
1155	9.0	10.0	0.055
1156	9.1	10.0	0.040
1157	9.4	10.0	0.121
1158	9.4	10.0	0.302
1159	9.3	10.0	0.817
1160	11.6	10.0	0.874
1161	11.8	10.0	0.878
1162	11.5	10.0	0.920
1163	11.3	10.0	0.878
1164	11.0	10.0	0.851
1165	10.6	10.0	0.788
1166	10.6	10.0	0.692
1167	10.4	10.0	0.631
1168	10.2	10.0	0.589
1169	10.1	10.0	0.612
1170	10.7	10.0	0.759
1171	11.2	10.0	0.847
1172	11.2	10.0	1.048
1173	11.2	10.0	1.077
1174	11.5	10.0	1.004
1175	12.0	10.0	0.604
1176	11.9	10.0	0.379
1177	9.6	10.0	0.262
1178	9.7	9.9	0.142
1179	10.1	9.9	0.055
1180	10.0	9.9	0.040
1181	10.4	9.9	0.121
1182	10.7	9.9	0.302
1183	10.6	9.9	0.817
1184	12.7	9.9	0.874
1185	12.3	9.9	0.878
1186	12.0	9.9	0.920
1187	12.0	9.9	0.878
1188	11.6	9.9	0.851
1189	11.2	9.9	0.788
1190	11.0	9.9	0.692
1191	11.0	9.9	0.631
1192	10.8	9.9	0.589
1193	11.0	9.9	0.612
1194	11.5	9.9	0.759
1195	11.6	9.9	0.847
1196	12.3	9.9	1.048
1197	12.9	9.9	1.077
1198	13.2	9.9	1.004
1199	12.9	9.9	0.604
1200	13.2	9.9	0.379
1201	11.3	9.9	0.262
1202	11.9	9.9	0.142
1203	11.9	9.9	0.055
1204	11.9	9.9	0.040
1205	11.6	9.9	0.121
1206	11.3	9.9	0.302
1207	11.3	9.9	0.817
1208	13.4	9.9	0.874
1209	13.4	9.9	0.878
1210	13.1	9.9	0.920
1211	12.9	9.9	0.878
1212	12.7	9.9	0.851
1213	12.6	9.9	0.788
1214	12.6	9.9	0.692
1215	12.4	9.9	0.631
1216	12.6	9.9	0.589
1217	12.7	9.9	0.612
1218	13.2	9.9	0.759
1219	13.4	9.9	0.847
1220	13.6	9.9	1.048
1221	13.7	9.9	1.077
1222	13.8	9.9	1.004
1223	13.8	9.9	0.604
1224	14.1	9.8	0.379
1225	12.0	9.8	0.262
1226	11.7	9.8	0.142
1227	11.6	9.8	0.055
1228	11.2	9.8	0.040
1229	10.5	9.8	0.121
1230	10.2	9.8	0.302
1231	10.1	9.8	0.817
1232	12.1	9.8	0.874
1233	11.9	9.8	0.878
1234	11.4	9.8	0.920
1235	10.9	9.8	0.878
1236	10.8	9.8	0.851
1237	10.6	9.8	0.788
1238	10.0	9.8	0.692
1239	10.0	9.8	0.631
1240	9.7	9.8	0.589
1241	9.7	9.8	0.612
1242	9.5	9.8	0.759
1243	9.2	9.8	0.847
1244	8.9	9.8	1.048
1245	8.9	9.8	1.077
1246	8.3	9.8	1.004
1247	8.1	9.8	0.604
1248	8.0	9.8	0.379
1249	5.5	9.8	0.262
1250	5.7	9.8	0.142
1251	5.6	9.8	0.055
1252	5.5	9.8	0.040
1253	5.5	9.8	0.121
1254	5.6	9.8	0.302
1255	5.7	9.8	0.817
1256	7.9	9.8	0.874
1257	7.5	9.8	0.878
1258	6.7	9.7	0.920
1259	6.5	9.7	0.878
1260	5.7	9.7	0.851
1261	5.5	9.7	0.788
1262	5.5	9.7	0.692
1263	5.3	9.7	0.631
1264	5.8	9.7	0.589
1265	6.0	9.7	0.612
1266	6.1	9.7	0.759
1267	6.7	9.7	0.847
1268	6.8	9.7	1.048
1269	7.1	9.7	1.077
1270	7.4	9.7	1.004
1271	7.7	9.7	0.604
1272	7.9	9.7	0.379
1273	5.8	9.7	0.262
1274	6.0	9.7	0.142
1275	6.1	9.7	0.055
1276	6.0	9.7	0.040
1277	6.2	9.7	0.121
1278	6.4	9.7	0.302
1279	6.4	9.7	0.817
1280	8.8	9.7	0.874
1281	8.7	9.7	0.878
1282	8.5	9.7	0.920
1283	7.8	9.7	0.878
1284	7.4	9.7	0.851
1285	7.2	9.7	0.788
1286	6.9	9.7	0.692
1287	6.5	9.7	0.631
1288	6.5	9.7	0.589
1289	6.9	9.7	0.612
1290	7.4	9.7	0.759
1291	7.9	9.7	0.847
1292	7.8	9.7	1.048
1293	8.0	9.7	1.077
1294	8.3	9.7	1.004
1295	8.1	9.7	0.604
1296	8.4	9.6	0.379
1297	6.3	9.6	0.262
1298	6.5	9.6	0.142
1299	6.7	9.6	0.055
1300	7.4	9.6	0.040
1301	7.6	9.6	0.121
1302	7.9	9.6	0.302
1303	8.1	9.6	0.817
1304	10.4	9.6	0.874
1305	10.3	9.6	0.878
1306	9.7	9.6	0.920
1307	9.1	9.6	0.878
1308	8.7	9.6	0.851
1309	8.4	9.6	0.788
1310	8.1	9.6	0.692
1311	7.8	9.6	0.631
1312	7.4	9.6	0.589
1313	7.7	9.6	0.612
1314	8.3	9.6	0.759
1315	8.8	9.6	0.847
1316	9.1	9.6	1.048
1317	9.3	9.6	1.077
1318	9.4	9.6	1.004
1319	9.6	9.6	0.604
1320	9.4	9.6	0.379
1321	7.3	9.6	0.262
1322	7.5	9.6	0.142
1323	7.7	9.6	0.055
1324	7.5	9.6	0.040
1325	7.7	9.6	0.121
1326	7.6	9.6	0.302
1327	7.2	9.6	0.817
1328	8.8	9.6	0.874
1329	8.8	9.6	0.878
1330	8.4	9.6	0.920
1331	7.5	9.5	0.878
1332	6.5	9.5	0.851
1333	6.0	9.5	0.788
1334	5.2	9.5	0.692
1335	5.1	9.5	0.631
1336	5.6	9.5	0.589
1337	5.5	9.5	0.612
1338	6.0	9.5	0.759
1339	6.6	9.5	0.847
1340	6.8	9.5	1.048
1341	6.8	9.5	1.077
1342	6.8	9.5	1.004
1343	6.9	9.5	0.604
1344	7.0	9.5	0.379
1345	5.0	9.5	0.262
1346	5.4	9.5	0.142
1347	5.8	9.5	0.055
1348	5.9	9.5	0.040
1349	5.9	9.5	0.121
1350	5.8	9.5	0.302
1351	6.0	9.5	0.817
1352	8.3	9.5	0.874
1353	8.3	9.5	0.878
1354	7.8	9.5	0.920
1355	7.5	9.5	0.878
1356	7.2	9.5	0.851
1357	6.8	9.5	0.788
1358	7.0	9.5	0.692
1359	6.8	9.5	0.631
1360	7.0	9.5	0.589
1361	7.4	9.5	0.612
1362	7.9	9.5	0.759
1363	8.7	9.5	0.847
1364	9.4	9.5	1.048
1365	9.8	9.5	1.077
1366	9.9	9.5	1.004
1367	10.7	9.5	0.604
1368	10.7	9.5	0.379
1369	9.1	9.5	0.262
1370	9.5	9.5	0.142
1371	9.1	9.5	0.055
1372	9.3	9.5	0.040
1373	9.4	9.5	0.121
1374	9.1	9.5	0.302
1375	9.1	9.5	0.817
1376	11.4	9.5	0.874
1377	11.5	9.5	0.878
1378	11.1	9.4	0.920
1379	10.5	9.4	0.878
1380	10.1	9.4	0.851
1381	9.8	9.4	0.788
1382	9.5	9.4	0.692
1383	9.3	9.4	0.631
1384	9.5	9.4	0.589
1385	9.8	9.4	0.612
1386	10.6	9.4	0.759
1387	11.6	9.4	0.847
1388	12.1	9.4	1.048
1389	12.5	9.4	1.077
1390	12.6	9.4	1.004
1391	13.0	9.4	0.604
1392	13.9	9.4	0.379
1393	12.0	9.4	0.262
1394	12.1	9.4	0.142
1395	12.1	9.4	0.055
1396	12.2	9.4	0.040
1397	12.3	9.4	0.121
1398	12.1	9.4	0.302
1399	12.1	9.4	0.817
1400	13.8	9.4	0.874
1401	13.6	9.4	0.878
1402	13.1	9.4	0.920
1403	12.5	9.4	0.878
1404	11.5	9.4	0.851
1405	10.7	9.4	0.788
1406	9.9	9.4	0.692
1407	9.6	9.4	0.631
1408	9.3	9.4	0.589
1409	9.4	9.4	0.612
1410	10.1	9.4	0.759
1411	10.8	9.4	0.847
1412	10.9	9.4	1.048
1413	11.0	9.4	1.077
1414	11.3	9.4	1.004
1415	11.4	9.4	0.604
1416	11.7	9.4	0.379
1417	6.8	9.4	0.262
1418	7.0	9.4	0.142
1419	7.0	9.4	0.055
1420	7.2	9.4	0.040
1421	7.2	9.4	0.121
1422	7.4	9.4	0.302
1423	7.4	9.4	0.817
1424	9.0	9.3	0.874
1425	8.5	9.3	0.878
1426	8.1	9.3	0.920
1427	7.5	9.3	0.878
1428	6.5	9.3	0.851
1429	6.1	9.3	0.788
1430	5.8	9.3	0.692
1431	5.6	9.3	0.631
1432	5.9	9.3	0.589
1433	6.0	9.3	0.612
1434	6.3	9.3	0.759
1435	6.6	9.3	0.847
1436	6.7	9.3	1.048
1437	6.9	9.3	1.077
1438	7.0	9.3	1.004
1439	7.4	9.3	0.604
1440	7.6	9.3	0.379
1441	5.8	9.3	0.262
1442	6.0	9.3	0.142
1443	6.6	9.3	0.055
1444	6.6	9.3	0.040
1445	6.7	9.3	0.121
1446	6.8	9.3	0.302
1447	6.8	9.3	0.817
1448	8.6	9.3	0.874
1449	8.5	9.3	0.878
1450	7.8	9.3	0.920
1451	7.4	9.3	0.878
1452	7.0	9.3	0.851
1453	6.4	9.3	0.788
1454	6.1	9.3	0.692
1455	6.2	9.3	0.631
1456	6.2	9.3	0.589
1457	6.2	9.3	0.612
1458	7.2	9.3	0.759
1459	7.6	9.3	0.847
1460	8.2	9.3	1.048
1461	8.3	9.3	1.077
1462	8.7	9.3	1.004
1463	9.0	9.3	0.604
1464	9.3	9.3	0.379
1465	8.0	9.3	0.262
1466	8.0	9.3	0.142
1467	8.0	9.3	0.055
1468	7.9	9.3	0.040
1469	8.1	9.3	0.121
1470	8.1	9.2	0.302
1471	8.2	9.2	0.817
1472	9.8	9.2	0.874
1473	9.9	9.2	0.878
1474	9.7	9.2	0.920
1475	9.4	9.2	0.878
1476	9.4	9.2	0.851
1477	9.3	9.2	0.788
1478	9.5	9.2	0.692
1479	9.5	9.2	0.631
1480	9.5	9.2	0.589
1481	9.9	9.2	0.612
1482	9.9	9.2	0.759
1483	9.9	9.2	0.847
1484	9.8	9.2	1.048
1485	9.9	9.2	1.077
1486	10.0	9.2	1.004
1487	10.1	9.2	0.604
1488	9.8	9.2	0.379
1489	8.1	9.2	0.262
1490	8.0	9.2	0.142
1491	8.1	9.2	0.055
1492	7.9	9.2	0.040
1493	8.0	9.2	0.121
1494	8.0	9.2	0.302
1495	7.8	9.2	0.817
1496	9.3	9.2	0.874
1497	9.0	9.2	0.878
1498	8.6	9.2	0.920
1499	8.0	9.2	0.878
1500	7.6	9.2	0.851
1501	7.0	9.2	0.788
1502	6.7	9.2	0.692
1503	6.8	9.2	0.631
1504	6.9	9.2	0.589
1505	7.5	9.2	0.612
1506	7.9	9.2	0.759
1507	8.2	9.2	0.847
1508	8.8	9.2	1.048
1509	8.7	9.2	1.077
1510	9.0	9.2	1.004
1511	9.2	9.2	0.604
1512	9.1	9.2	0.379
1513	8.0	9.2	0.262
1514	8.2	9.1	0.142
1515	8.2	9.1	0.055
1516	8.0	9.1	0.040
1517	7.7	9.1	0.121
1518	7.6	9.1	0.302
1519	7.5	9.1	0.817
1520	8.8	9.1	0.874
1521	8.6	9.1	0.878
1522	8.3	9.1	0.920
1523	7.8	9.1	0.878
1524	7.3	9.1	0.851
1525	7.0	9.1	0.788
1526	6.9	9.1	0.692
1527	6.8	9.1	0.631
1528	6.8	9.1	0.589
1529	6.8	9.1	0.612
1530	7.2	9.1	0.759
1531	7.0	9.1	0.847
1532	6.9	9.1	1.048
1533	6.8	9.1	1.077
1534	6.9	9.1	1.004
1535	6.8	9.1	0.604
1536	6.8	9.1	0.379
1537	5.3	9.1	0.262
1538	5.1	9.1	0.142
1539	5.3	9.1	0.055
1540	5.6	9.1	0.040
1541	5.7	9.1	0.121
1542	5.9	9.1	0.302
1543	5.8	9.1	0.817
1544	7.2	9.1	0.874
1545	7.0	9.1	0.878
1546	6.8	9.1	0.920
1547	6.1	9.1	0.878
1548	6.0	9.1	0.851
1549	5.7	9.1	0.788
1550	5.6	9.1	0.692
1551	5.2	9.1	0.631
1552	5.6	9.1	0.589
1553	5.8	9.1	0.612
1554	6.1	9.1	0.759
1555	6.7	9.1	0.847
1556	6.8	9.1	1.048
1557	6.9	9.1	1.077
1558	6.8	9.1	1.004
1559	7.0	9.0	0.604
1560	7.0	9.0	0.379
1561	5.7	9.0	0.262
1562	5.5	9.0	0.142
1563	5.3	9.0	0.055
1564	5.2	9.0	0.040
1565	5.1	9.0	0.121
1566	5.2	9.0	0.302
1567	5.3	9.0	0.817
1568	6.8	9.0	0.874
1569	7.0	9.0	0.878
1570	7.0	9.0	0.920
1571	6.9	9.0	0.878
1572	6.6	9.0	0.851
1573	6.4	9.0	0.788
1574	6.0	9.0	0.692
1575	5.9	9.0	0.631
1576	6.0	9.0	0.589
1577	5.7	9.0	0.612
1578	5.8	9.0	0.759
1579	5.8	9.0	0.847
1580	5.9	9.0	1.048
1581	6.1	9.0	1.077
1582	6.0	9.0	1.004
1583	6.1	9.0	0.604
1584	6.0	9.0	0.379
1585	4.5	9.0	0.262
1586	5.0	9.0	0.142
1587	5.0	9.0	0.055
1588	5.2	9.0	0.040
1589	5.2	9.0	0.121
1590	5.3	9.0	0.302
1591	5.2	9.0	0.817
1592	6.9	9.0	0.874
1593	7.1	9.0	0.878
1594	6.9	9.0	0.920
1595	6.6	9.0	0.878
1596	6.3	9.0	0.851
1597	6.0	9.0	0.788
1598	6.0	9.0	0.692
1599	5.8	9.0	0.631
1600	6.0	9.0	0.589
1601	6.2	9.0	0.612
1602	6.8	9.0	0.759
1603	7.0	9.0	0.847
1604	7.4	9.0	1.048
1605	7.6	9.0	1.077
1606	7.9	9.0	1.004
1607	8.2	9.0	0.604
1608	8.9	9.0	0.379
1609	7.5	9.0	0.262
1610	7.6	8.9	0.142
1611	7.7	8.9	0.055
1612	7.7	8.9	0.040
1613	7.7	8.9	0.121
1614	7.5	8.9	0.302
1615	7.6	8.9	0.817
1616	9.0	8.9	0.874
1617	8.9	8.9	0.878
1618	8.2	8.9	0.920
1619	7.8	8.9	0.878
1620	7.0	8.9	0.851
1621	6.2	8.9	0.788
1622	5.7	8.9	0.692
1623	5.4	8.9	0.631
1624	5.5	8.9	0.589
1625	5.7	8.9	0.612
1626	6.3	8.9	0.759
1627	6.9	8.9	0.847
1628	7.3	8.9	1.048
1629	7.4	8.9	1.077
1630	7.6	8.9	1.004
1631	7.8	8.9	0.604
1632	8.1	8.9	0.379
1633	6.5	8.9	0.262
1634	6.7	8.9	0.142
1635	6.8	8.9	0.055
1636	6.8	8.9	0.040
1637	7.2	8.9	0.121
1638	7.2	8.9	0.302
1639	7.2	8.9	0.817
1640	8.8	8.9	0.874
1641	8.5	8.9	0.878
1642	7.5	8.9	0.920
1643	6.8	8.9	0.878
1644	6.1	8.9	0.851
1645	5.5	8.9	0.788
1646	5.1	8.9	0.692
1647	5.0	8.9	0.631
1648	4.9	8.8	0.589
1649	5.1	8.8	0.612
1650	5.6	8.8	0.759
1651	6.2	8.8	0.847
1652	6.4	8.8	1.048
1653	6.8	8.8	1.077
1654	6.9	8.8	1.004
1655	6.9	8.8	0.604
1656	7.3	8.8	0.379
1657	5.8	8.8	0.262
1658	6.0	8.8	0.142
1659	6.0	8.8	0.055
1660	6.0	8.8	0.040
1661	6.1	8.8	0.121
1662	6.1	8.8	0.302
1663	6.1	8.8	0.817
1664	7.7	8.8	0.874
1665	7.3	8.8	0.878
1666	7.2	8.8	0.920
1667	6.8	8.8	0.878
1668	5.8	8.8	0.851
1669	5.3	8.8	0.788
1670	4.8	8.8	0.692
1671	4.5	8.8	0.631
1672	4.6	8.8	0.589
1673	4.9	8.8	0.612
1674	5.4	8.8	0.759
1675	5.9	8.8	0.847
1676	6.1	8.8	1.048
1677	6.5	8.8	1.077
1678	6.9	8.8	1.004
1679	7.1	8.8	0.604
1680	7.2	8.8	0.379
1681	5.9	8.8	0.262
1682	5.9	8.8	0.142
1683	5.9	8.8	0.055
1684	5.9	8.8	0.040
1685	6.0	8.8	0.121
1686	6.0	8.8	0.302
1687	5.7	8.8	0.817
1688	7.3	8.8	0.874
1689	7.2	8.8	0.878
1690	6.7	8.8	0.920
1691	5.8	8.8	0.878
1692	5.0	8.8	0.851
1693	4.6	8.8	0.788
1694	4.2	8.8	0.692
1695	3.8	8.7	0.631
1696	3.7	8.7	0.589
1697	3.7	8.7	0.612
1698	4.2	8.7	0.759
1699	4.6	8.7	0.847
1700	4.6	8.7	1.048
1701	4.7	8.7	1.077
1702	4.9	8.7	1.004
1703	5.0	8.7	0.604
1704	5.2	8.7	0.379
1705	3.7	8.7	0.262
1706	3.7	8.7	0.142
1707	3.5	8.7	0.055
1708	3.3	8.7	0.040
1709	3.1	8.7	0.121
1710	3.3	8.7	0.302
1711	3.2	8.7	0.817
1712	4.7	8.7	0.874
1713	4.3	8.7	0.878
1714	4.1	8.7	0.920
1715	3.7	8.7	0.878
1716	3.4	8.7	0.851
1717	3.0	8.7	0.788
1718	2.9	8.7	0.692
1719	2.6	8.7	0.631
1720	2.2	8.7	0.589
1721	2.7	8.7	0.612
1722	3.1	8.7	0.759
1723	3.6	8.7	0.847
1724	3.9	8.7	1.048
1725	4.2	8.7	1.077
1726	4.3	8.7	1.004
1727	4.2	8.7	0.604
1728	4.2	8.7	0.379
1729	2.5	8.7	0.262
1730	2.5	8.7	0.142
1731	2.5	8.7	0.055
1732	2.6	8.7	0.040
1733	2.7	8.7	0.121
1734	3.0	8.7	0.302
1735	3.1	8.7	0.817
1736	4.7	8.7	0.874
1737	4.2	8.7	0.878
1738	4.0	8.7	0.920
1739	3.5	8.7	0.878
1740	3.5	8.7	0.851
1741	3.2	8.7	0.788
1742	2.8	8.7	0.692
1743	2.8	8.6	0.631
1744	2.9	8.6	0.589
1745	3.0	8.6	0.612
1746	3.2	8.6	0.759
1747	3.5	8.6	0.847
1748	4.0	8.6	1.048
1749	4.2	8.6	1.077
1750	4.7	8.6	1.004
1751	4.7	8.6	0.604
1752	4.9	8.6	0.379
1753	3.4	8.6	0.262
1754	3.6	8.6	0.142
1755	3.8	8.6	0.055
1756	3.7	8.6	0.040
1757	4.0	8.6	0.121
1758	3.9	8.6	0.302
1759	4.0	8.6	0.817
1760	5.8	8.6	0.874
1761	5.8	8.6	0.878
1762	5.4	8.6	0.920
1763	4.8	8.6	0.878
1764	4.4	8.6	0.851
1765	3.9	8.6	0.788
1766	3.8	8.6	0.692
1767	3.4	8.6	0.631
1768	3.4	8.6	0.589
1769	3.8	8.6	0.612
1770	4.3	8.6	0.759
1771	4.9	8.6	0.847
1772	5.4	8.6	1.048
1773	5.8	8.6	1.077
1774	6.4	8.6	1.004
1775	6.8	8.6	0.604
1776	7.3	8.6	0.379
1777	5.9	8.6	0.262
1778	5.8	8.6	0.142
1779	5.8	8.6	0.055
1780	5.7	8.6	0.040
1781	5.8	8.6	0.121
1782	5.8	8.6	0.302
1783	5.7	8.6	0.817
1784	7.3	8.6	0.874
1785	7.3	8.6	0.878
1786	7.0	8.5	0.920
1787	6.4	8.5	0.878
1788	6.2	8.5	0.851
1789	6.0	8.5	0.788
1790	5.8	8.5	0.692
1791	5.7	8.5	0.631
1792	5.7	8.5	0.589
1793	5.9	8.5	0.612
1794	5.9	8.5	0.759
1795	6.2	8.5	0.847
1796	6.3	8.5	1.048
1797	6.5	8.5	1.077
1798	6.8	8.5	1.004
1799	7.0	8.5	0.604
1800	7.1	8.5	0.379
1801	5.7	8.5	0.262
1802	5.6	8.5	0.142
1803	5.5	8.5	0.055
1804	5.2	8.5	0.040
1805	5.4	8.5	0.121
1806	5.0	8.5	0.302
1807	4.8	8.5	0.817
1808	5.9	8.5	0.874
1809	5.6	8.5	0.878
1810	5.3	8.4	0.920
1811	5.1	8.4	0.878
1812	4.5	8.4	0.851
1813	4.1	8.4	0.788
1814	3.6	8.4	0.692
1815	3.5	8.4	0.631
1816	3.7	8.4	0.589
1817	3.6	8.4	0.612
1818	4.1	8.4	0.759
1819	4.3	8.4	0.847
1820	4.4	8.4	1.048
1821	4.4	8.4	1.077
1822	4.2	8.4	1.004
1823	4.2	8.4	0.604
1824	4.4	8.4	0.379
1825	2.6	8.4	0.262
1826	2.5	8.4	0.142
1827	2.7	8.4	0.055
1828	2.7	8.4	0.040
1829	2.5	8.4	0.121
1830	2.7	8.4	0.302
1831	2.5	8.4	0.817
1832	3.9	8.4	0.874
1833	3.8	8.4	0.878
1834	3.8	8.4	0.920
1835	3.2	8.4	0.878
1836	2.8	8.4	0.851
1837	2.5	8.4	0.788
1838	2.1	8.4	0.692
1839	1.7	8.4	0.631
1840	1.8	8.3	0.589
1841	1.9	8.3	0.612
1842	2.4	8.3	0.759
1843	2.8	8.3	0.847
1844	3.1	8.3	1.048
1845	3.2	8.3	1.077
1846	3.3	8.3	1.004
1847	3.4	8.3	0.604
1848	4.0	8.3	0.379
1849	2.4	8.3	0.262
1850	2.5	8.3	0.142
1851	2.8	8.3	0.055
1852	2.9	8.3	0.040
1853	2.9	8.3	0.121
1854	3.0	8.3	0.302
1855	3.2	8.3	0.817
1856	4.8	8.3	0.874
1857	4.4	8.3	0.878
1858	3.9	8.3	0.920
1859	3.5	8.3	0.878
1860	3.2	8.3	0.851
1861	3.1	8.3	0.788
1862	2.8	8.3	0.692
1863	2.9	8.3	0.631
1864	3.2	8.3	0.589
1865	3.4	8.3	0.612
1866	3.8	8.3	0.759
1867	4.5	8.3	0.847
1868	5.0	8.3	1.048
1869	5.2	8.3	1.077
1870	5.7	8.3	1.004
1871	6.2	8.3	0.604
1872	6.5	8.3	0.379
1873	5.0	8.3	0.262
1874	5.2	8.3	0.142
1875	5.3	8.3	0.055
1876	5.3	8.2	0.040
1877	5.1	8.2	0.121
1878	5.1	8.2	0.302
1879	5.1	8.2	0.817
1880	6.5	8.2	0.874
1881	6.3	8.2	0.878
1882	5.8	8.2	0.920
1883	5.3	8.2	0.878
1884	4.9	8.2	0.851
1885	4.7	8.2	0.788
1886	4.2	8.2	0.692
1887	4.3	8.2	0.631
1888	4.2	8.2	0.589
1889	4.4	8.2	0.612
1890	4.6	8.2	0.759
1891	5.0	8.2	0.847
1892	5.3	8.2	1.048
1893	5.2	8.2	1.077
1894	5.3	8.2	1.004
1895	5.6	8.2	0.604
1896	5.8	8.2	0.379
1897	4.2	8.2	0.262
1898	4.2	8.2	0.142
1899	4.6	8.2	0.055
1900	4.7	8.2	0.040
1901	4.7	8.2	0.121
1902	4.5	8.2	0.302
1903	4.4	8.2	0.817
1904	6.3	8.2	0.874
1905	5.8	8.2	0.878
1906	5.2	8.2	0.920
1907	4.6	8.2	0.878
1908	4.0	8.2	0.851
1909	3.6	8.2	0.788
1910	3.2	8.2	0.692
1911	3.3	8.2	0.631
1912	3.5	8.2	0.589
1913	3.6	8.2	0.612
1914	4.0	8.2	0.759
1915	4.3	8.2	0.847
1916	4.5	8.2	1.048
1917	4.8	8.1	1.077
1918	4.8	8.1	1.004
1919	5.0	8.1	0.604
1920	5.3	8.1	0.379
1921	3.9	8.1	0.262
1922	4.2	8.1	0.142
1923	4.8	8.1	0.055
1924	5.1	8.1	0.040
1925	5.3	8.1	0.121
1926	5.5	8.1	0.302
1927	5.5	8.1	0.817
1928	7.0	8.1	0.874
1929	7.0	8.1	0.878
1930	6.8	8.1	0.920
1931	6.4	8.1	0.878
1932	6.0	8.1	0.851
1933	5.9	8.1	0.788
1934	5.9	8.1	0.692
1935	5.9	8.1	0.631
1936	5.9	8.1	0.589
1937	6.1	8.1	0.612
1938	6.7	8.1	0.759
1939	7.2	8.1	0.847
1940	7.5	8.1	1.048
1941	7.9	8.1	1.077
1942	8.0	8.1	1.004
1943	8.4	8.1	0.604
1944	8.8	8.1	0.379
1945	7.3	8.1	0.262
1946	7.4	8.1	0.142
1947	7.5	8.1	0.055
1948	7.5	8.1	0.040
1949	7.4	8.1	0.121
1950	7.3	8.1	0.302
1951	7.4	8.1	0.817
1952	8.8	8.0	0.874
1953	8.2	8.0	0.878
1954	7.4	8.0	0.920
1955	6.6	8.0	0.878
1956	5.9	8.0	0.851
1957	5.2	8.0	0.788
1958	5.1	8.0	0.692
1959	5.0	8.0	0.631
1960	5.1	8.0	0.589
1961	5.4	8.0	0.612
1962	6.1	8.0	0.759
1963	6.7	8.0	0.847
1964	7.2	8.0	1.048
1965	7.2	8.0	1.077
1966	7.3	8.0	1.004
1967	7.5	8.0	0.604
1968	7.6	8.0	0.379
1969	6.0	8.0	0.262
1970	6.3	8.0	0.142
1971	6.8	8.0	0.055
1972	6.8	8.0	0.040
1973	6.9	8.0	0.121
1974	6.9	8.0	0.302
1975	6.9	8.0	0.817
1976	8.6	8.0	0.874
1977	8.2	8.0	0.878
1978	7.8	8.0	0.920
1979	7.2	8.0	0.878
1980	6.7	8.0	0.851
1981	6.3	8.0	0.788
1982	6.2	8.0	0.692
1983	6.0	8.0	0.631
1984	6.2	8.0	0.589
1985	6.5	8.0	0.612
1986	7.2	8.0	0.759
1987	7.7	8.0	0.847
1988	8.1	8.0	1.048
1989	8.3	8.0	1.077
1990	8.6	8.0	1.004
1991	9.2	8.0	0.604
1992	9.3	8.0	0.379
1993	7.8	8.0	0.262
1994	7.8	8.0	0.142
1995	7.7	8.0	0.055
1996	7.9	8.0	0.040
1997	7.7	7.9	0.121
1998	7.8	7.9	0.302
1999	7.8	7.9	0.817
2000	9.0	7.9	0.874
2001	8.8	7.9	0.878
2002	8.2	7.9	0.920
2003	7.4	7.9	0.878
2004	6.7	7.9	0.851
2005	6.2	7.9	0.788
2006	5.6	7.9	0.692
2007	5.5	7.9	0.631
2008	5.2	7.9	0.589
2009	5.1	7.9	0.612
2010	5.6	7.9	0.759
2011	5.8	7.9	0.847
2012	5.7	7.9	1.048
2013	5.8	7.9	1.077
2014	5.9	7.9	1.004
2015	6.0	7.9	0.604
2016	6.3	7.9	0.379
2017	4.8	7.9	0.262
2018	4.9	7.9	0.142
2019	4.7	7.9	0.055
2020	4.6	7.9	0.040
2021	4.8	7.9	0.121
2022	4.9	7.9	0.302
2023	4.6	7.9	0.817
2024	6.0	7.9	0.874
2025	5.5	7.9	0.878
2026	5.3	7.9	0.920
2027	5.1	7.9	0.878
2028	4.8	7.9	0.851
2029	4.7	7.9	0.788
2030	4.6	7.9	0.692
2031	4.6	7.9	0.631
2032	4.4	7.9	0.589
2033	4.4	7.9	0.612
2034	4.4	7.9	0.759
2035	4.7	7.9	0.847
2036	4.5	7.9	1.048
2037	4.7	7.9	1.077
2038	5.1	7.8	1.004
2039	5.0	7.8	0.604
2040	5.4	7.8	0.379
2041	3.7	7.8	0.262
2042	3.8	7.8	0.142
2043	3.8	7.8	0.055
2044	4.0	7.8	0.040
2045	4.1	7.8	0.121
2046	4.3	7.8	0.302
2047	4.4	7.8	0.817
2048	5.9	7.8	0.874
2049	5.4	7.8	0.878
2050	5.1	7.8	0.920
2051	4.9	7.8	0.878
2052	4.5	7.8	0.851
2053	3.9	7.8	0.788
2054	3.8	7.8	0.692
2055	3.6	7.8	0.631
2056	3.2	7.8	0.589
2057	3.4	7.8	0.612
2058	3.6	7.8	0.759
2059	4.0	7.8	0.847
2060	4.3	7.8	1.048
2061	4.4	7.8	1.077
2062	4.9	7.8	1.004
2063	4.9	7.8	0.604
2064	5.2	7.8	0.379
2065	3.7	7.8	0.262
2066	3.7	7.8	0.142
2067	3.4	7.8	0.055
2068	3.4	7.8	0.040
2069	3.3	7.8	0.121
2070	3.3	7.8	0.302
2071	3.2	7.8	0.817
2072	5.1	7.8	0.874
2073	4.5	7.8	0.878
2074	4.0	7.8	0.920
2075	3.4	7.8	0.878
2076	3.0	7.8	0.851
2077	2.8	7.8	0.788
2078	2.6	7.8	0.692
2079	2.6	7.7	0.631
2080	2.9	7.7	0.589
2081	3.3	7.7	0.612
2082	3.8	7.7	0.759
2083	4.4	7.7	0.847
2084	4.8	7.7	1.048
2085	5.2	7.7	1.077
2086	5.6	7.7	1.004
2087	6.0	7.7	0.604
2088	6.1	7.7	0.379
2089	4.7	7.7	0.262
2090	4.6	7.7	0.142
2091	4.7	7.7	0.055
2092	4.8	7.7	0.040
2093	4.7	7.7	0.121
2094	4.8	7.7	0.302
2095	4.9	7.7	0.817
2096	6.1	7.7	0.874
2097	5.5	7.7	0.878
2098	4.9	7.7	0.920
2099	4.1	7.7	0.878
2100	3.5	7.7	0.851
2101	2.9	7.7	0.788
2102	2.5	7.7	0.692
2103	2.3	7.7	0.631
2104	2.3	7.7	0.589
2105	2.7	7.7	0.612
2106	3.2	7.7	0.759
2107	3.7	7.7	0.847
2108	4.0	7.7	1.048
2109	4.2	7.7	1.077
2110	4.4	7.7	1.004
2111	4.6	7.7	0.604
2112	4.9	7.7	0.379
2113	3.7	7.6	0.262
2114	4.1	7.6	0.142
2115	3.9	7.6	0.055
2116	4.1	7.6	0.040
2117	4.1	7.6	0.121
2118	3.8	7.6	0.302
2119	3.7	7.6	0.817
2120	5.2	7.6	0.874
2121	4.9	7.6	0.878
2122	4.9	7.6	0.920
2123	4.6	7.6	0.878
2124	3.7	7.6	0.851
2125	3.2	7.6	0.788
2126	2.9	7.6	0.692
2127	2.5	7.6	0.631
2128	2.3	7.6	0.589
2129	2.5	7.6	0.612
2130	2.9	7.6	0.759
2131	3.5	7.6	0.847
2132	3.8	7.6	1.048
2133	3.8	7.6	1.077
2134	3.9	7.6	1.004
2135	4.3	7.6	0.604
2136	4.5	7.6	0.379
2137	3.2	7.6	0.262
2138	3.1	7.6	0.142
2139	3.2	7.6	0.055
2140	3.4	7.6	0.040
2141	3.5	7.6	0.121
2142	3.7	7.6	0.302
2143	3.4	7.6	0.817
2144	5.0	7.6	0.874
2145	4.8	7.6	0.878
2146	4.3	7.6	0.920
2147	3.4	7.6	0.878
2148	2.9	7.6	0.851
2149	2.2	7.6	0.788
2150	1.8	7.6	0.692
2151	1.4	7.6	0.631
2152	1.6	7.6	0.589
2153	1.9	7.6	0.612
2154	2.2	7.6	0.759
2155	2.7	7.6	0.847
2156	3.1	7.6	1.048
2157	3.3	7.6	1.077
2158	3.7	7.6	1.004
2159	3.9	7.5	0.604
2160	4.0	7.5	0.379
2161	1.5	7.5	0.262
2162	1.4	7.5	0.142
2163	1.6	7.5	0.055
2164	1.6	7.5	0.040
2165	1.6	7.5	0.121
2166	1.6	7.5	0.302
2167	1.6	7.5	0.817
2168	2.4	7.5	0.874
2169	2.3	7.5	0.878
2170	2.2	7.5	0.920
2171	1.9	7.5	0.878
2172	1.8	7.5	0.851
2173	1.9	7.5	0.788
2174	1.9	7.5	0.692
2175	2.0	7.5	0.631
2176	2.1	7.5	0.589
2177	2.2	7.5	0.612
2178	2.3	7.5	0.759
2179	2.4	7.5	0.847
2180	2.5	7.5	1.048
2181	2.6	7.5	1.077
2182	2.7	7.5	1.004
2183	2.8	7.5	0.604
2184	2.9	7.5	0.379
2185	1.9	7.5	0.262
2186	2.0	7.5	0.142
2187	2.1	7.5	0.055
2188	2.0	7.5	0.040
2189	2.2	7.5	0.121
2190	2.1	7.5	0.302
2191	2.0	7.5	0.817
2192	2.8	7.5	0.874
2193	2.6	7.5	0.878
2194	2.3	7.5	0.920
2195	2.2	7.5	0.878
2196	2.0	7.5	0.851
2197	1.9	7.5	0.788
2198	1.9	7.5	0.692
2199	1.8	7.4	0.631
2200	1.7	7.4	0.589
2201	1.7	7.4	0.612
2202	1.8	7.4	0.759
2203	2.0	7.4	0.847
2204	2.1	7.4	1.048
2205	2.3	7.4	1.077
2206	2.3	7.4	1.004
2207	2.2	7.4	0.604
2208	2.3	7.4	0.379
2209	1.4	7.4	0.262
2210	1.5	7.4	0.142
2211	1.5	7.4	0.055
2212	1.4	7.4	0.040
2213	1.3	7.4	0.121
2214	1.2	7.4	0.302
2215	1.2	7.4	0.817
2216	1.8	7.4	0.874
2217	1.5	7.4	0.878
2218	1.3	7.4	0.920
2219	1.1	7.4	0.878
2220	0.9	7.4	0.851
2221	0.7	7.4	0.788
2222	0.5	7.4	0.692
2223	0.4	7.4	0.631
2224	0.2	7.4	0.589
2225	0.2	7.4	0.612
2226	0.4	7.4	0.759
2227	0.5	7.4	0.847
2228	0.7	7.4	1.048
2229	0.8	7.4	1.077
2230	0.8	7.4	1.004
2231	0.9	7.4	0.604
2232	0.9	7.4	0.379
2233	0.0	7.4	0.262
2234	0.0	7.4	0.142
2235	0.0	7.4	0.055
2236	0.0	7.4	0.040
2237	0.0	7.4	0.121
2238	0.0	7.4	0.302
2239	0.0	7.4	0.817
2240	0.0	7.4	0.874
2241	0.0	7.4	0.878
2242	0.0	7.4	0.920
2243	0.0	7.4	0.878
2244	0.0	7.3	0.851
2245	0.0	7.3	0.788
2246	0.0	7.3	0.692
2247	0.0	7.3	0.631
2248	0.0	7.3	0.589
2249	0.0	7.3	0.612
2250	0.0	7.3	0.759
2251	0.0	7.3	0.847
2252	0.0	7.3	1.048
2253	0.0	7.3	1.077
2254	0.0	7.3	1.004
2255	0.0	7.3	0.604
2256	0.0	7.3	0.379
2257	0.5	7.3	0.262
2258	0.6	7.3	0.142
2259	0.7	7.3	0.055
2260	0.8	7.3	0.040
2261	0.8	7.3	0.121
2262	0.8	7.3	0.302
2263	0.6	7.3	0.817
2264	1.4	7.3	0.874
2265	1.2	7.3	0.878
2266	1.1	7.3	0.920
2267	0.8	7.3	0.878
2268	0.5	7.3	0.851
2269	0.3	7.3	0.788
2270	0.2	7.3	0.692
2271	0.1	7.3	0.631
2272	0.1	7.3	0.589
2273	0.1	7.3	0.612
2274	0.2	7.3	0.759
2275	0.4	7.3	0.847
2276	0.6	7.3	1.048
2277	0.8	7.3	1.077
2278	0.9	7.3	1.004
2279	1.1	7.3	0.604
2280	1.4	7.3	0.379
2281	0.6	7.3	0.262
2282	0.6	7.3	0.142
2283	0.6	7.3	0.055
2284	0.7	7.3	0.040
2285	0.9	7.3	0.121
2286	1.0	7.2	0.302
2287	1.0	7.2	0.817
2288	1.6	7.2	0.874
2289	1.4	7.2	0.878
2290	1.1	7.2	0.920
2291	0.7	7.2	0.878
2292	0.4	7.2	0.851
2293	0.1	7.2	0.788
2294	0.0	7.2	0.692
2295	0.0	7.2	0.631
2296	0.0	7.2	0.589
2297	0.1	7.2	0.612
2298	0.3	7.2	0.759
2299	0.6	7.2	0.847
2300	0.8	7.2	1.048
2301	0.9	7.2	1.077
2302	1.3	7.2	1.004
2303	1.5	7.2	0.604
2304	1.6	7.2	0.379
2305	0.9	7.2	0.262
2306	1.1	7.2	0.142
2307	1.2	7.2	0.055
2308	1.3	7.2	0.040
2309	1.5	7.2	0.121
2310	1.5	7.2	0.302
2311	1.6	7.2	0.817
2312	2.4	7.2	0.874
2313	2.3	7.2	0.878
2314	2.0	7.2	0.920
2315	1.8	7.2	0.878
2316	1.7	7.2	0.851
2317	1.6	7.2	0.788
2318	1.5	7.2	0.692
2319	1.3	7.2	0.631
2320	1.3	7.2	0.589
2321	1.5	7.2	0.612
2322	1.6	7.2	0.759
2323	1.9	7.2	0.847
2324	2.1	7.2	1.048
2325	2.4	7.2	1.077
2326	2.5	7.2	1.004
2327	2.6	7.1	0.604
2328	2.7	7.1	0.379
2329	1.9	7.1	0.262
2330	1.9	7.1	0.142
2331	2.1	7.1	0.055
2332	2.3	7.1	0.040
2333	2.2	7.1	0.121
2334	2.1	7.1	0.302
2335	2.0	7.1	0.817
2336	2.7	7.1	0.874
2337	2.5	7.1	0.878
2338	2.0	7.1	0.920
2339	1.8	7.1	0.878
2340	1.6	7.1	0.851
2341	1.4	7.1	0.788
2342	1.3	7.1	0.692
2343	1.1	7.1	0.631
2344	1.1	7.1	0.589
2345	1.1	7.1	0.612
2346	1.2	7.1	0.759
2347	1.4	7.1	0.847
2348	1.6	7.1	1.048
2349	1.6	7.1	1.077
2350	1.6	7.1	1.004
2351	1.5	7.1	0.604
2352	1.6	7.0	0.379
2353	0.7	7.0	0.262
2354	0.7	7.0	0.142
2355	0.9	7.0	0.055
2356	0.9	7.0	0.040
2357	1.0	7.0	0.121
2358	1.0	7.0	0.302
2359	1.0	7.0	0.817
2360	1.8	7.0	0.874
2361	1.5	7.0	0.878
2362	1.1	7.0	0.920
2363	0.8	7.0	0.878
2364	0.5	7.0	0.851
2365	0.5	7.0	0.788
2366	0.3	7.0	0.692
2367	0.2	7.0	0.631
2368	0.1	7.0	0.589
2369	0.1	7.0	0.612
2370	0.3	7.0	0.759
2371	0.6	7.0	0.847
2372	1.0	7.0	1.048
2373	1.4	7.0	1.077
2374	1.6	7.0	1.004
2375	1.8	7.0	0.604
2376	2.0	7.0	0.379
2377	1.2	7.0	0.262
2378	1.4	7.0	0.142
2379	1.4	7.0	0.055
2380	1.4	7.0	0.040
2381	1.3	7.0	0.121
2382	1.2	7.0	0.302
2383	1.1	7.0	0.817
2384	1.8	7.0	0.874
2385	1.5	7.0	0.878
2386	1.2	7.0	0.920
2387	0.8	7.0	0.878
2388	0.6	7.0	0.851
2389	0.5	7.0	0.788
2390	0.5	7.0	0.692
2391	0.2	7.0	0.631
2392	0.1	7.0	0.589
2393	0.1	7.0	0.612
2394	0.2	7.0	0.759
2395	0.5	7.0	0.847
2396	0.8	7.0	1.048
2397	1.0	7.0	1.077
2398	1.3	7.0	1.004
2399	1.4	7.0	0.604
2400	1.5	6.9	0.379
2401	0.8	6.9	0.262
2402	0.8	6.9	0.142
2403	0.8	6.9	0.055
2404	0.8	6.9	0.040
2405	1.0	6.9	0.121
2406	1.1	6.9	0.302
2407	1.1	6.9	0.817
2408	1.9	6.9	0.874
2409	1.7	6.9	0.878
2410	1.5	6.9	0.920
2411	1.2	6.9	0.878
2412	1.1	6.9	0.851
2413	0.9	6.9	0.788
2414	0.7	6.9	0.692
2415	0.6	6.9	0.631
2416	0.6	6.9	0.589
2417	0.7	6.9	0.612
2418	0.9	6.9	0.759
2419	1.1	6.9	0.847
2420	1.3	6.9	1.048
2421	1.5	6.9	1.077
2422	1.8	6.9	1.004
2423	1.9	6.9	0.604
2424	2.1	6.9	0.379
2425	1.4	6.9	0.262
2426	1.5	6.9	0.142
2427	1.5	6.9	0.055
2428	1.5	6.9	0.040
2429	1.5	6.9	0.121
2430	1.5	6.9	0.302
2431	1.4	6.9	0.817
2432	2.0	6.9	0.874
2433	1.6	6.9	0.878
2434	1.2	6.9	0.920
2435	0.9	6.9	0.878
2436	0.6	6.9	0.851
2437	0.4	6.9	0.788
2438	0.1	6.9	0.692
2439	0.1	6.9	0.631
2440	0.1	6.9	0.589
2441	0.1	6.9	0.612
2442	0.2	6.9	0.759
2443	0.2	6.9	0.847
2444	0.5	6.8	1.048
2445	0.7	6.8	1.077
2446	0.7	6.8	1.004
2447	0.9	6.8	0.604
2448	1.2	6.8	0.379
2449	0.3	6.8	0.262
2450	0.4	6.8	0.142
2451	0.3	6.8	0.055
2452	0.4	6.8	0.040
2453	0.3	6.8	0.121
2454	0.4	6.8	0.302
2455	0.6	6.8	0.817
2456	1.4	6.8	0.874
2457	1.2	6.8	0.878
2458	0.9	6.8	0.920
2459	0.6	6.8	0.878
2460	0.2	6.8	0.851
2461	0.3	6.8	0.788
2462	0.2	6.8	0.692
2463	0.2	6.8	0.631
2464	0.2	6.8	0.589
2465	0.4	6.8	0.612
2466	0.4	6.8	0.759
2467	0.8	6.8	0.847
2468	1.0	6.8	1.048
2469	1.2	6.8	1.077
2470	1.3	6.8	1.004
2471	1.5	6.8	0.604
2472	1.7	6.8	0.379
2473	1.0	6.8	0.262
2474	1.2	6.8	0.142
2475	1.3	6.8	0.055
2476	1.2	6.8	0.040
2477	1.3	6.8	0.121
2478	1.4	6.8	0.302
2479	1.5	6.8	0.817
2480	2.3	6.8	0.874
2481	2.1	6.8	0.878
2482	1.8	6.8	0.920
2483	1.3	6.8	0.878
2484	1.0	6.8	0.851
2485	0.8	6.8	0.788
2486	0.7	6.8	0.692
2487	0.6	6.8	0.631
2488	0.6	6.8	0.589
2489	0.8	6.8	0.612
2490	1.1	6.8	0.759
2491	1.4	6.8	0.847
2492	1.6	6.8	1.048
2493	2.0	6.8	1.077
2494	2.3	6.8	1.004
2495	2.5	6.8	0.604
2496	2.7	6.8	0.379
2497	2.0	6.8	0.262
2498	2.2	6.8	0.142
2499	2.5	6.8	0.055
2500	2.6	6.8	0.040
2501	2.8	6.8	0.121
2502	2.7	6.8	0.302
2503	2.7	6.8	0.817
2504	3.5	6.8	0.874
2505	3.2	6.8	0.878
2506	2.9	6.8	0.920
2507	2.5	6.7	0.878
2508	2.3	6.7	0.851
2509	2.1	6.7	0.788
2510	2.0	6.7	0.692
2511	1.9	6.7	0.631
2512	1.9	6.7	0.589
2513	1.9	6.7	0.612
2514	2.2	6.7	0.759
2515	2.5	6.7	0.847
2516	2.7	6.7	1.048
2517	3.0	6.7	1.077
2518	3.2	6.7	1.004
2519	3.4	6.7	0.604
2520	3.5	6.7	0.379
2521	2.9	6.7	0.262
2522	3.0	6.7	0.142
2523	3.1	6.7	0.055
2524	3.2	6.7	0.040
2525	3.4	6.7	0.121
2526	3.5	6.7	0.302
2527	3.4	6.7	0.817
2528	4.1	6.7	0.874
2529	3.9	6.7	0.878
2530	3.5	6.7	0.920
2531	3.1	6.7	0.878
2532	2.9	6.7	0.851
2533	2.6	6.7	0.788
2534	2.6	6.7	0.692
2535	2.6	6.7	0.631
2536	2.5	6.7	0.589
2537	2.6	6.7	0.612
2538	2.8	6.7	0.759
2539	3.0	6.7	0.847
2540	3.5	6.7	1.048
2541	3.7	6.7	1.077
2542	3.9	6.7	1.004
2543	4.1	6.7	0.604
2544	4.1	6.6	0.379
2545	3.4	6.6	0.262
2546	3.5	6.6	0.142
2547	3.5	6.6	0.055
2548	3.7	6.6	0.040
2549	3.7	6.6	0.121
2550	3.7	6.6	0.302
2551	3.6	6.6	0.817
2552	4.3	6.6	0.874
2553	4.1	6.6	0.878
2554	3.6	6.6	0.920
2555	3.3	6.6	0.878
2556	3.0	6.6	0.851
2557	2.6	6.6	0.788
2558	2.4	6.6	0.692
2559	2.2	6.6	0.631
2560	2.2	6.6	0.589
2561	2.4	6.6	0.612
2562	2.7	6.6	0.759
2563	3.0	6.6	0.847
2564	3.2	6.6	1.048
2565	3.5	6.6	1.077
2566	3.7	6.6	1.004
2567	4.0	6.6	0.604
2568	4.2	6.6	0.379
2569	3.5	6.6	0.262
2570	3.6	6.6	0.142
2571	3.6	6.6	0.055
2572	3.5	6.6	0.040
2573	3.3	6.6	0.121
2574	3.3	6.6	0.302
2575	3.2	6.6	0.817
2576	3.9	6.5	0.874
2577	3.8	6.5	0.878
2578	3.4	6.5	0.920
2579	2.9	6.5	0.878
2580	2.5	6.5	0.851
2581	2.1	6.5	0.788
2582	1.9	6.5	0.692
2583	1.7	6.5	0.631
2584	1.6	6.5	0.589
2585	1.6	6.5	0.612
2586	1.8	6.5	0.759
2587	2.0	6.5	0.847
2588	2.1	6.5	1.048
2589	2.3	6.5	1.077
2590	2.3	6.5	1.004
2591	2.3	6.5	0.604
2592	2.4	6.5	0.379
2593	1.7	6.5	0.262
2594	1.6	6.5	0.142
2595	1.7	6.5	0.055
2596	1.6	6.5	0.040
2597	1.7	6.5	0.121
2598	1.9	6.5	0.302
2599	1.8	6.5	0.817
2600	2.6	6.5	0.874
2601	2.4	6.5	0.878
2602	2.0	6.5	0.920
2603	1.7	6.5	0.878
2604	1.5	6.5	0.851
2605	1.2	6.5	0.788
2606	1.1	6.5	0.692
2607	1.0	6.5	0.631
2608	1.0	6.5	0.589
2609	1.1	6.5	0.612
2610	1.3	6.5	0.759
2611	1.6	6.5	0.847
2612	1.9	6.5	1.048
2613	2.1	6.4	1.077
2614	2.3	6.4	1.004
2615	2.5	6.4	0.604
2616	2.6	6.4	0.379
2617	2.0	6.4	0.262
2618	1.9	6.4	0.142
2619	1.9	6.4	0.055
2620	1.9	6.4	0.040
2621	2.0	6.4	0.121
2622	2.1	6.4	0.302
2623	2.0	6.4	0.817
2624	2.7	6.4	0.874
2625	2.6	6.4	0.878
2626	2.5	6.4	0.920
2627	2.2	6.4	0.878
2628	2.1	6.4	0.851
2629	2.2	6.4	0.788
2630	2.2	6.4	0.692
2631	2.2	6.4	0.631
2632	2.2	6.4	0.589
2633	2.2	6.4	0.612
2634	2.4	6.4	0.759
2635	2.6	6.4	0.847
2636	2.7	6.4	1.048
2637	2.8	6.4	1.077
2638	3.0	6.4	1.004
2639	3.1	6.4	0.604
2640	3.3	6.4	0.379
2641	2.5	6.4	0.262
2642	2.6	6.4	0.142
2643	2.7	6.4	0.055
2644	2.7	6.3	0.040
2645	2.6	6.3	0.121
2646	2.8	6.3	0.302
2647	2.7	6.3	0.817
2648	3.6	6.3	0.874
2649	3.2	6.3	0.878
2650	3.0	6.3	0.920
2651	2.7	6.3	0.878
2652	2.6	6.3	0.851
2653	2.5	6.3	0.788
2654	2.4	6.3	0.692
2655	2.5	6.3	0.631
2656	2.5	6.3	0.589
2657	2.5	6.3	0.612
2658	2.6	6.3	0.759
2659	2.7	6.3	0.847
2660	2.8	6.3	1.048
2661	2.9	6.3	1.077
2662	3.1	6.3	1.004
2663	3.4	6.3	0.604
2664	3.5	6.3	0.379
2665	2.7	6.3	0.262
2666	2.7	6.3	0.142
2667	2.8	6.3	0.055
2668	2.8	6.3	0.040
2669	2.8	6.3	0.121
2670	2.9	6.3	0.302
2671	3.0	6.2	0.817
2672	3.8	6.2	0.874
2673	3.6	6.2	0.878
2674	3.5	6.2	0.920
2675	3.3	6.2	0.878
2676	3.2	6.2	0.851
2677	3.3	6.2	0.788
2678	3.3	6.2	0.692
2679	3.3	6.2	0.631
2680	3.2	6.2	0.589
2681	3.1	6.2	0.612
2682	3.3	6.2	0.759
2683	3.5	6.2	0.847
2684	3.8	6.2	1.048
2685	3.8	6.2	1.077
2686	3.8	6.2	1.004
2687	4.0	6.2	0.604
2688	4.2	6.2	0.379
2689	3.4	6.2	0.262
2690	3.7	6.2	0.142
2691	3.7	6.2	0.055
2692	3.7	6.2	0.040
2693	3.7	6.2	0.121
2694	3.6	6.2	0.302
2695	3.5	6.2	0.817
2696	4.3	6.2	0.874
2697	4.0	6.2	0.878
2698	3.6	6.2	0.920
2699	3.2	6.2	0.878
2700	3.0	6.2	0.851
2701	2.8	6.1	0.788
2702	2.7	6.1	0.692
2703	2.6	6.1	0.631
2704	2.6	6.1	0.589
2705	2.6	6.1	0.612
2706	2.7	6.1	0.759
2707	2.9	6.1	0.847
2708	3.0	6.1	1.048
2709	3.3	6.1	1.077
2710	3.5	6.1	1.004
2711	3.4	6.1	0.604
2712	3.6	6.1	0.379
2713	2.8	6.1	0.262
2714	2.8	6.1	0.142
2715	2.8	6.1	0.055
2716	2.9	6.1	0.040
2717	2.8	6.1	0.121
2718	2.8	6.1	0.302
2719	2.7	6.1	0.817
2720	3.6	6.1	0.874
2721	3.5	6.1	0.878
2722	3.3	6.1	0.920
2723	3.2	6.1	0.878
2724	2.9	6.1	0.851
2725	2.7	6.1	0.788
2726	2.6	6.1	0.692
2727	2.6	6.1	0.631
2728	2.6	6.1	0.589
2729	2.8	6.1	0.612
2730	3.0	6.1	0.759
2731	3.3	6.1	0.847
2732	3.4	6.1	1.048
2733	3.6	6.1	1.077
2734	3.8	6.1	1.004
2735	4.0	6.1	0.604
2736	4.2	6.1	0.379
2737	3.3	6.1	0.262
2738	3.3	6.1	0.142
2739	3.3	6.0	0.055
2740	3.3	6.0	0.040
2741	3.1	6.0	0.121
2742	3.2	6.0	0.302
2743	3.1	6.0	0.817
2744	3.9	6.0	0.874
2745	3.7	6.0	0.878
2746	3.5	6.0	0.920
2747	3.2	6.0	0.878
2748	2.8	6.0	0.851
2749	2.7	6.0	0.788
2750	2.5	6.0	0.692
2751	2.3	6.0	0.631
2752	2.3	6.0	0.589
2753	2.3	6.0	0.612
2754	2.4	6.0	0.759
2755	2.7	6.0	0.847
2756	2.8	6.0	1.048
2757	3.0	6.0	1.077
2758	3.1	6.0	1.004
2759	3.1	6.0	0.604
2760	3.3	6.0	0.379
2761	2.4	6.0	0.262
2762	2.5	6.0	0.142
2763	2.4	6.0	0.055
2764	2.5	6.0	0.040
2765	2.5	6.0	0.121
2766	2.4	6.0	0.302
2767	2.2	6.0	0.817
2768	3.1	6.0	0.874
2769	3.0	6.0	0.878
2770	2.8	6.0	0.920
2771	2.7	6.0	0.878
2772	2.5	6.0	0.851
2773	2.6	6.0	0.788
2774	2.4	6.0	0.692
2775	2.4	6.0	0.631
2776	2.3	6.0	0.589
2777	2.1	6.0	0.612
2778	2.0	6.0	0.759
2779	2.1	6.0	0.847
2780	2.1	6.0	1.048
2781	2.0	6.0	1.077
2782	2.0	6.0	1.004
2783	2.0	6.0	0.604
2784	1.9	6.0	0.379
2785	1.0	5.9	0.262
2786	1.2	5.9	0.142
2787	1.3	5.9	0.055
2788	1.4	5.9	0.040
2789	1.6	5.9	0.121
2790	1.6	5.9	0.302
2791	1.6	5.9	0.817
2792	2.5	5.9	0.874
2793	2.5	5.9	0.878
2794	2.3	5.9	0.920
2795	2.3	5.9	0.878
2796	2.3	5.9	0.851
2797	2.4	5.9	0.788
2798	2.2	5.9	0.692
2799	2.3	5.9	0.631
2800	2.3	5.9	0.589
2801	2.3	5.9	0.612
2802	2.5	5.9	0.759
2803	2.6	5.9	0.847
2804	2.7	5.9	1.048
2805	2.9	5.9	1.077
2806	3.1	5.9	1.004
2807	3.1	5.9	0.604
2808	3.2	5.9	0.379
2809	2.4	5.9	0.262
2810	2.5	5.9	0.142
2811	2.5	5.9	0.055
2812	2.5	5.9	0.040
2813	2.4	5.9	0.121
2814	2.4	5.9	0.302
2815	2.4	5.9	0.817
2816	3.2	5.9	0.874
2817	2.9	5.9	0.878
2818	2.5	5.9	0.920
2819	2.2	5.9	0.878
2820	2.0	5.9	0.851
2821	1.8	5.9	0.788
2822	1.5	5.9	0.692
2823	1.3	5.9	0.631
2824	1.3	5.9	0.589
2825	1.4	5.9	0.612
2826	1.7	5.9	0.759
2827	2.1	5.9	0.847
2828	2.5	5.8	1.048
2829	2.7	5.8	1.077
2830	2.9	5.8	1.004
2831	3.0	5.8	0.604
2832	3.1	5.8	0.379
2833	2.4	5.8	0.262
2834	2.4	5.8	0.142
2835	2.5	5.8	0.055
2836	2.5	5.8	0.040
2837	2.5	5.8	0.121
2838	2.4	5.8	0.302
2839	2.4	5.8	0.817
2840	3.1	5.8	0.874
2841	2.9	5.8	0.878
2842	2.6	5.8	0.920
2843	2.1	5.8	0.878
2844	1.8	5.8	0.851
2845	1.8	5.8	0.788
2846	1.6	5.8	0.692
2847	1.6	5.8	0.631
2848	1.5	5.8	0.589
2849	1.5	5.8	0.612
2850	1.5	5.8	0.759
2851	1.6	5.8	0.847
2852	1.8	5.8	1.048
2853	1.9	5.8	1.077
2854	1.9	5.8	1.004
2855	2.0	5.8	0.604
2856	2.1	5.8	0.379
2857	1.3	5.8	0.262
2858	1.3	5.8	0.142
2859	1.3	5.8	0.055
2860	1.4	5.8	0.040
2861	1.5	5.8	0.121
2862	1.8	5.8	0.302
2863	1.7	5.8	0.817
2864	2.6	5.8	0.874
2865	2.5	5.8	0.878
2866	2.3	5.8	0.920
2867	2.0	5.8	0.878
2868	1.8	5.8	0.851
2869	1.7	5.8	0.788
2870	1.6	5.8	0.692
2871	1.5	5.8	0.631
2872	1.4	5.8	0.589
2873	1.4	5.8	0.612
2874	1.3	5.8	0.759
2875	1.5	5.8	0.847
2876	1.7	5.8	1.048
2877	1.7	5.8	1.077
2878	1.8	5.8	1.004
2879	1.8	5.8	0.604
2880	1.9	5.8	0.379
2881	0.0	5.8	0.262
2882	0.0	5.7	0.142
2883	0.0	5.7	0.055
2884	0.0	5.7	0.040
2885	0.0	5.7	0.121
2886	0.0	5.7	0.302
2887	0.0	5.7	0.817
2888	0.0	5.7	0.874
2889	0.0	5.7	0.878
2890	0.0	5.7	0.920
2891	0.0	5.7	0.878
2892	0.0	5.7	0.851
2893	0.0	5.7	0.788
2894	0.0	5.7	0.692
2895	0.0	5.7	0.631
2896	0.0	5.7	0.589
2897	0.0	5.7	0.612
2898	0.0	5.7	0.759
2899	0.0	5.7	0.847
2900	0.0	5.7	1.048
2901	0.0	5.7	1.077
2902	0.0	5.7	1.004
2903	0.0	5.7	0.604
2904	0.0	5.7	0.379
2905	0.0	5.7	0.262
2906	0.0	5.7	0.142
2907	0.0	5.7	0.055
2908	0.0	5.7	0.040
2909	0.0	5.7	0.121
2910	0.0	5.7	0.302
2911	0.0	5.7	0.817
2912	0.0	5.7	0.874
2913	0.0	5.7	0.878
2914	0.0	5.7	0.920
2915	0.0	5.7	0.878
2916	0.0	5.7	0.851
2917	0.0	5.7	0.788
2918	0.0	5.7	0.692
2919	0.0	5.7	0.631
2920	0.0	5.7	0.589
2921	0.0	5.7	0.612
2922	0.0	5.7	0.759
2923	0.0	5.7	0.847
2924	0.0	5.6	1.048
2925	0.0	5.6	1.077
2926	0.0	5.6	1.004
2927	0.0	5.6	0.604
2928	0.0	5.6	0.379
2929	0.0	5.6	0.262
2930	0.0	5.6	0.142
2931	0.0	5.6	0.055
2932	0.0	5.6	0.040
2933	0.0	5.6	0.121
2934	0.0	5.6	0.302
2935	0.0	5.6	0.817
2936	0.0	5.6	0.874
2937	0.0	5.6	0.878
2938	0.0	5.6	0.920
2939	0.0	5.6	0.878
2940	0.0	5.6	0.851
2941	0.0	5.6	0.788
2942	0.0	5.6	0.692
2943	0.0	5.6	0.631
2944	0.0	5.6	0.589
2945	0.0	5.6	0.612
2946	0.0	5.6	0.759
2947	0.0	5.6	0.847
2948	0.0	5.6	1.048
2949	0.0	5.6	1.077
2950	0.0	5.6	1.004
2951	0.0	5.6	0.604
2952	0.0	5.6	0.379
2953	0.0	5.6	0.262
2954	0.0	5.6	0.142
2955	0.0	5.5	0.055
2956	0.0	5.5	0.040
2957	0.0	5.5	0.121
2958	0.0	5.5	0.302
2959	0.0	5.5	0.817
2960	0.0	5.5	0.874
2961	0.0	5.5	0.878
2962	0.0	5.5	0.920
2963	0.0	5.5	0.878
2964	0.0	5.5	0.851
2965	0.0	5.5	0.788
2966	0.0	5.5	0.692
2967	0.0	5.5	0.631
2968	0.0	5.5	0.589
2969	0.0	5.5	0.612
2970	0.0	5.5	0.759
2971	0.0	5.5	0.847
2972	0.0	5.5	1.048
2973	0.0	5.5	1.077
2974	0.0	5.5	1.004
2975	0.0	5.5	0.604
2976	0.0	5.5	0.379
2977	0.0	5.5	0.262
2978	0.0	5.5	0.142
2979	0.0	5.5	0.055
2980	0.0	5.5	0.040
2981	0.0	5.5	0.121
2982	0.0	5.5	0.302
2983	0.0	5.5	0.817
2984	0.0	5.5	0.874
2985	0.0	5.5	0.878
2986	0.0	5.5	0.920
2987	0.0	5.5	0.878
2988	0.0	5.4	0.851
2989	0.0	5.4	0.788
2990	0.0	5.4	0.692
2991	0.0	5.4	0.631
2992	0.0	5.4	0.589
2993	0.0	5.4	0.612
2994	0.0	5.4	0.759
2995	0.0	5.4	0.847
2996	0.0	5.4	1.048
2997	0.0	5.4	1.077
2998	0.0	5.4	1.004
2999	0.0	5.4	0.604
3000	0.0	5.4	0.379
3001	0.0	5.4	0.262
3002	0.0	5.4	0.142
3003	0.0	5.4	0.055
3004	0.0	5.4	0.040
3005	0.0	5.4	0.121
3006	0.0	5.4	0.302
3007	0.0	5.4	0.817
3008	0.0	5.4	0.874
3009	0.0	5.4	0.878
3010	0.0	5.4	0.920
3011	0.0	5.4	0.878
3012	0.0	5.4	0.851
3013	0.0	5.4	0.788
3014	0.0	5.4	0.692
3015	0.0	5.4	0.631
3016	0.0	5.4	0.589
3017	0.0	5.3	0.612
3018	0.0	5.3	0.759
3019	0.0	5.3	0.847
3020	0.0	5.3	1.048
3021	0.0	5.3	1.077
3022	0.0	5.3	1.004
3023	0.0	5.3	0.604
3024	0.0	5.3	0.379
3025	0.0	5.3	0.262
3026	0.0	5.3	0.142
3027	0.0	5.3	0.055
3028	0.0	5.3	0.040
3029	0.0	5.3	0.121
3030	0.0	5.3	0.302
3031	0.0	5.3	0.817
3032	0.0	5.3	0.874
3033	0.0	5.3	0.878
3034	0.0	5.3	0.920
3035	0.0	5.3	0.878
3036	0.0	5.3	0.851
3037	0.0	5.3	0.788
3038	0.0	5.3	0.692
3039	0.0	5.3	0.631
3040	0.0	5.3	0.589
3041	0.0	5.3	0.612
3042	0.0	5.3	0.759
3043	0.0	5.3	0.847
3044	0.0	5.2	1.048
3045	0.0	5.2	1.077
3046	0.0	5.2	1.004
3047	0.0	5.2	0.604
3048	0.0	5.2	0.379
3049	0.0	5.2	0.262
3050	0.0	5.2	0.142
3051	0.0	5.2	0.055
3052	0.0	5.2	0.040
3053	0.0	5.2	0.121
3054	0.0	5.2	0.302
3055	0.0	5.2	0.817
3056	0.0	5.2	0.874
3057	0.0	5.2	0.878
3058	0.0	5.2	0.920
3059	0.0	5.2	0.878
3060	0.0	5.2	0.851
3061	0.0	5.2	0.788
3062	0.0	5.2	0.692
3063	0.0	5.2	0.631
3064	0.0	5.2	0.589
3065	0.0	5.2	0.612
3066	0.0	5.2	0.759
3067	0.0	5.2	0.847
3068	0.0	5.2	1.048
3069	0.0	5.2	1.077
3070	0.0	5.2	1.004
3071	0.0	5.2	0.604
3072	0.0	5.2	0.379
3073	0.0	5.2	0.262
3074	0.0	5.2	0.142
3075	0.0	5.2	0.055
3076	0.0	5.1	0.040
3077	0.0	5.1	0.121
3078	0.0	5.1	0.302
3079	0.0	5.1	0.817
3080	0.0	5.1	0.874
3081	0.0	5.1	0.878
3082	0.0	5.1	0.920
3083	0.0	5.1	0.878
3084	0.0	5.1	0.851
3085	0.0	5.1	0.788
3086	0.0	5.1	0.692
3087	0.0	5.1	0.631
3088	0.0	5.1	0.589
3089	0.0	5.1	0.612
3090	0.0	5.1	0.759
3091	0.0	5.1	0.847
3092	0.0	5.1	1.048
3093	0.0	5.1	1.077
3094	0.0	5.1	1.004
3095	0.0	5.1	0.604
3096	0.0	5.1	0.379
3097	0.0	5.1	0.262
3098	0.0	5.1	0.142
3099	0.0	5.1	0.055
3100	0.0	5.1	0.040
3101	0.0	5.1	0.121
3102	0.0	5.1	0.302
3103	0.0	5.1	0.817
3104	0.0	5.1	0.874
3105	0.0	5.1	0.878
3106	0.0	5.1	0.920
3107	0.0	5.1	0.878
3108	0.0	5.1	0.851
3109	0.0	5.1	0.788
3110	0.0	5.1	0.692
3111	0.0	5.1	0.631
3112	0.0	5.1	0.589
3113	0.0	5.1	0.612
3114	0.0	5.0	0.759
3115	0.0	5.0	0.847
3116	0.0	5.0	1.048
3117	0.0	5.0	1.077
3118	0.0	5.0	1.004
3119	0.0	5.0	0.604
3120	0.0	5.0	0.379
3121	0.0	5.0	0.262
3122	0.0	5.0	0.142
3123	0.0	5.0	0.055
3124	0.0	5.0	0.040
3125	0.0	5.0	0.121
3126	0.0	5.0	0.302
3127	0.0	5.0	0.817
3128	0.0	5.0	0.874
3129	0.0	5.0	0.878
3130	0.0	5.0	0.920
3131	0.0	5.0	0.878
3132	0.0	5.0	0.851
3133	0.0	5.0	0.788
3134	0.0	5.0	0.692
3135	0.0	5.0	0.631
3136	0.0	5.0	0.589
3137	0.0	5.0	0.612
3138	0.0	5.0	0.759
3139	0.0	5.0	0.847
3140	0.0	5.0	1.048
3141	0.0	5.0	1.077
3142	0.0	5.0	1.004
3143	0.0	5.0	0.604
3144	0.0	5.0	0.379
3145	0.0	5.0	0.262
3146	0.0	4.9	0.142
3147	0.0	4.9	0.055
3148	0.0	4.9	0.040
3149	0.0	4.9	0.121
3150	0.0	4.9	0.302
3151	0.0	4.9	0.817
3152	0.0	4.9	0.874
3153	0.0	4.9	0.878
3154	0.0	4.9	0.920
3155	0.0	4.9	0.878
3156	0.0	4.9	0.851
3157	0.0	4.9	0.788
3158	0.0	4.9	0.692
3159	0.0	4.9	0.631
3160	0.0	4.9	0.589
3161	0.0	4.9	0.612
3162	0.0	4.9	0.759
3163	0.0	4.9	0.847
3164	0.0	4.9	1.048
3165	0.0	4.9	1.077
3166	0.0	4.9	1.004
3167	0.0	4.9	0.604
3168	0.0	4.9	0.379
3169	0.0	4.9	0.262
3170	0.0	4.9	0.142
3171	0.0	4.9	0.055
3172	0.0	4.9	0.040
3173	0.0	4.9	0.121
3174	0.0	4.9	0.302
3175	0.0	4.9	0.817
3176	0.0	4.9	0.874
3177	0.0	4.9	0.878
3178	0.0	4.9	0.920
3179	0.0	4.9	0.878
3180	0.0	4.9	0.851
3181	0.0	4.9	0.788
3182	0.0	4.8	0.692
3183	0.0	4.8	0.631
3184	0.0	4.8	0.589
3185	0.0	4.8	0.612
3186	0.0	4.8	0.759
3187	0.0	4.8	0.847
3188	0.0	4.8	1.048
3189	0.0	4.8	1.077
3190	0.0	4.8	1.004
3191	0.0	4.8	0.604
3192	0.0	4.8	0.379
3193	0.0	4.8	0.262
3194	0.0	4.8	0.142
3195	0.0	4.8	0.055
3196	0.0	4.8	0.040
3197	0.0	4.8	0.121
3198	0.0	4.8	0.302
3199	0.0	4.8	0.817
3200	0.0	4.8	0.874
3201	0.0	4.8	0.878
3202	0.0	4.8	0.920
3203	0.0	4.8	0.878
3204	0.0	4.8	0.851
3205	0.0	4.8	0.788
3206	0.0	4.8	0.692
3207	0.0	4.8	0.631
3208	0.0	4.8	0.589
3209	0.0	4.8	0.612
3210	0.0	4.8	0.759
3211	0.0	4.8	0.847
3212	0.0	4.8	1.048
3213	0.0	4.8	1.077
3214	0.0	4.8	1.004
3215	0.0	4.7	0.604
3216	0.0	4.7	0.379
3217	0.0	4.7	0.262
3218	0.0	4.7	0.142
3219	0.0	4.7	0.055
3220	0.0	4.7	0.040
3221	0.0	4.7	0.121
3222	0.0	4.7	0.302
3223	0.0	4.7	0.817
3224	0.0	4.7	0.874
3225	0.0	4.7	0.878
3226	0.0	4.7	0.920
3227	0.0	4.7	0.878
3228	0.0	4.7	0.851
3229	0.0	4.7	0.788
3230	0.0	4.7	0.692
3231	0.0	4.7	0.631
3232	0.0	4.7	0.589
3233	0.0	4.7	0.612
3234	0.0	4.7	0.759
3235	0.0	4.7	0.847
3236	0.0	4.7	1.048
3237	0.0	4.7	1.077
3238	0.0	4.7	1.004
3239	0.0	4.7	0.604
3240	0.0	4.7	0.379
3241	0.0	4.7	0.262
3242	0.0	4.7	0.142
3243	0.0	4.7	0.055
3244	0.0	4.7	0.040
3245	0.0	4.7	0.121
3246	0.0	4.6	0.302
3247	0.0	4.6	0.817
3248	0.0	4.6	0.874
3249	0.0	4.6	0.878
3250	0.0	4.6	0.920
3251	0.0	4.6	0.878
3252	0.0	4.6	0.851
3253	0.0	4.6	0.788
3254	0.0	4.6	0.692
3255	0.0	4.6	0.631
3256	0.0	4.6	0.589
3257	0.0	4.6	0.612
3258	0.0	4.6	0.759
3259	0.0	4.6	0.847
3260	0.0	4.6	1.048
3261	0.0	4.6	1.077
3262	0.0	4.6	1.004
3263	0.0	4.6	0.604
3264	0.0	4.6	0.379
3265	0.0	4.6	0.262
3266	0.0	4.6	0.142
3267	0.0	4.6	0.055
3268	0.0	4.6	0.040
3269	0.0	4.6	0.121
3270	0.0	4.6	0.302
3271	0.0	4.6	0.817
3272	0.0	4.6	0.874
3273	0.0	4.6	0.878
3274	0.0	4.6	0.920
3275	0.0	4.6	0.878
3276	0.0	4.6	0.851
3277	0.0	4.6	0.788
3278	0.0	4.6	0.692
3279	0.0	4.6	0.631
3280	0.0	4.6	0.589
3281	0.0	4.6	0.612
3282	0.0	4.6	0.759
3283	0.0	4.5	0.847
3284	0.0	4.5	1.048
3285	0.0	4.5	1.077
3286	0.0	4.5	1.004
3287	0.0	4.5	0.604
3288	0.0	4.5	0.379
3289	0.0	4.5	0.262
3290	0.0	4.5	0.142
3291	0.0	4.5	0.055
3292	0.0	4.5	0.040
3293	0.0	4.5	0.121
3294	0.0	4.5	0.302
3295	0.0	4.5	0.817
3296	0.0	4.5	0.874
3297	0.0	4.5	0.878
3298	0.0	4.5	0.920
3299	0.0	4.5	0.878
3300	0.0	4.5	0.851
3301	0.0	4.5	0.788
3302	0.0	4.5	0.692
3303	0.0	4.5	0.631
3304	0.0	4.5	0.589
3305	0.0	4.5	0.612
3306	0.0	4.5	0.759
3307	0.0	4.5	0.847
3308	0.0	4.5	1.048
3309	0.0	4.5	1.077
3310	0.0	4.5	1.004
3311	0.0	4.5	0.604
3312	0.0	4.5	0.379
3313	0.0	4.5	0.262
3314	0.0	4.5	0.142
3315	0.0	4.4	0.055
3316	0.0	4.4	0.040
3317	0.0	4.4	0.121
3318	0.0	4.4	0.302
3319	0.0	4.4	0.817
3320	0.0	4.4	0.874
3321	0.0	4.4	0.878
3322	0.0	4.4	0.920
3323	0.0	4.4	0.878
3324	0.0	4.4	0.851
3325	0.0	4.4	0.788
3326	0.0	4.4	0.692
3327	0.0	4.4	0.631
3328	0.0	4.4	0.589
3329	0.0	4.4	0.612
3330	0.0	4.4	0.759
3331	0.0	4.4	0.847
3332	0.0	4.4	1.048
3333	0.0	4.4	1.077
3334	0.0	4.4	1.004
3335	0.0	4.4	0.604
3336	0.0	4.4	0.379
3337	0.0	4.4	0.262
3338	0.0	4.4	0.142
3339	0.0	4.4	0.055
3340	0.0	4.4	0.040
3341	0.0	4.4	0.121
3342	0.0	4.4	0.302
3343	0.0	4.4	0.817
3344	0.0	4.4	0.874
3345	0.0	4.4	0.878
3346	0.0	4.4	0.920
3347	0.0	4.4	0.878
3348	0.0	4.4	0.851
3349	0.0	4.4	0.788
3350	0.0	4.4	0.692
3351	0.0	4.4	0.631
3352	0.0	4.4	0.589
3353	0.0	4.4	0.612
3354	0.0	4.4	0.759
3355	0.0	4.3	0.847
3356	0.0	4.3	1.048
3357	0.0	4.3	1.077
3358	0.0	4.3	1.004
3359	0.0	4.3	0.604
3360	0.0	4.3	0.379
3361	0.0	4.3	0.262
3362	0.0	4.3	0.142
3363	0.0	4.3	0.055
3364	0.0	4.3	0.040
3365	0.0	4.3	0.121
3366	0.0	4.3	0.302
3367	0.0	4.3	0.817
3368	0.0	4.3	0.874
3369	0.0	4.3	0.878
3370	0.0	4.3	0.920
3371	0.0	4.3	0.878
3372	0.0	4.3	0.851
3373	0.0	4.3	0.788
3374	0.0	4.3	0.692
3375	0.0	4.3	0.631
3376	0.0	4.3	0.589
3377	0.0	4.3	0.612
3378	0.0	4.3	0.759
3379	0.0	4.3	0.847
3380	0.0	4.3	1.048
3381	0.0	4.3	1.077
3382	0.0	4.3	1.004
3383	0.0	4.3	0.604
3384	0.0	4.3	0.379
3385	0.0	4.3	0.262
3386	0.0	4.3	0.142
3387	0.0	4.3	0.055
3388	0.0	4.2	0.040
3389	0.0	4.2	0.121
3390	0.0	4.2	0.302
3391	0.0	4.2	0.817
3392	0.0	4.2	0.874
3393	0.0	4.2	0.878
3394	0.0	4.2	0.920
3395	0.0	4.2	0.878
3396	0.0	4.2	0.851
3397	0.0	4.2	0.788
3398	0.0	4.2	0.692
3399	0.0	4.2	0.631
3400	0.0	4.2	0.589
3401	0.0	4.2	0.612
3402	0.0	4.2	0.759
3403	0.0	4.2	0.847
3404	0.0	4.2	1.048
3405	0.0	4.2	1.077
3406	0.0	4.2	1.004
3407	0.0	4.2	0.604
3408	0.0	4.2	0.379
3409	0.0	4.2	0.262
3410	0.0	4.2	0.142
3411	0.0	4.2	0.055
3412	0.0	4.2	0.040
3413	0.0	4.2	0.121
3414	0.0	4.2	0.302
3415	0.0	4.2	0.817
3416	0.0	4.2	0.874
3417	0.0	4.2	0.878
3418	0.0	4.2	0.920
3419	0.0	4.2	0.878
3420	0.0	4.2	0.851
3421	0.0	4.2	0.788
3422	0.0	4.2	0.692
3423	0.0	4.2	0.631
3424	0.0	4.2	0.589
3425	0.0	4.2	0.612
3426	0.0	4.2	0.759
3427	0.0	4.2	0.847
3428	0.0	4.2	1.048
3429	0.0	4.2	1.077
3430	0.0	4.2	1.004
3431	0.0	4.2	0.604
3432	0.0	4.2	0.379
3433	0.0	4.2	0.262
3434	0.0	4.2	0.142
3435	0.0	4.1	0.055
3436	0.0	4.1	0.040
3437	0.0	4.1	0.121
3438	0.0	4.1	0.302
3439	0.0	4.1	0.817
3440	0.0	4.1	0.874
3441	0.0	4.1	0.878
3442	0.0	4.1	0.920
3443	0.0	4.1	0.878
3444	0.0	4.1	0.851
3445	0.0	4.1	0.788
3446	0.0	4.1	0.692
3447	0.0	4.1	0.631
3448	0.0	4.1	0.589
3449	0.0	4.1	0.612
3450	0.0	4.1	0.759
3451	0.0	4.1	0.847
3452	0.0	4.1	1.048
3453	0.0	4.1	1.077
3454	0.0	4.1	1.004
3455	0.0	4.1	0.604
3456	0.0	4.1	0.379
3457	0.0	4.1	0.262
3458	0.0	4.1	0.142
3459	0.0	4.1	0.055
3460	0.0	4.1	0.040
3461	0.0	4.1	0.121
3462	0.0	4.1	0.302
3463	0.0	4.1	0.817
3464	0.0	4.0	0.874
3465	0.0	4.0	0.878
3466	0.0	4.0	0.920
3467	0.0	4.0	0.878
3468	0.0	4.0	0.851
3469	0.0	4.0	0.788
3470	0.0	4.0	0.692
3471	0.0	4.0	0.631
3472	0.0	4.0	0.589
3473	0.0	4.0	0.612
3474	0.0	4.0	0.759
3475	0.0	4.0	0.847
3476	0.0	4.0	1.048
3477	0.0	4.0	1.077
3478	0.0	4.0	1.004
3479	0.0	4.0	0.604
3480	0.0	4.0	0.379
3481	0.0	4.0	0.262
3482	0.0	4.0	0.142
3483	0.0	4.0	0.055
3484	0.0	4.0	0.040
3485	0.0	4.0	0.121
3486	0.0	4.0	0.302
3487	0.0	4.0	0.817
3488	0.0	4.0	0.874
3489	0.0	4.0	0.878
3490	0.0	4.0	0.920
3491	0.0	4.0	0.878
3492	0.0	4.0	0.851
3493	0.0	4.0	0.788
3494	0.0	4.0	0.692
3495	0.0	4.0	0.631
3496	0.0	4.0	0.589
3497	0.0	4.0	0.612
3498	0.0	4.0	0.759
3499	0.0	4.0	0.847
3500	0.0	4.0	1.048
3501	0.0	4.0	1.077
3502	0.0	4.0	1.004
3503	0.0	4.0	0.604
3504	0.0	4.0	0.379
3505	0.0	4.0	0.262
3506	0.0	4.0	0.142
3507	0.0	4.0	0.055
3508	0.0	4.0	0.040
3509	0.0	4.0	0.121
3510	0.0	4.0	0.302
3511	0.0	4.0	0.817
3512	0.0	4.0	0.874
3513	0.0	4.0	0.878
3514	0.0	4.0	0.920
3515	0.0	4.0	0.878
3516	0.0	3.9	0.851
3517	0.0	3.9	0.788
3518	0.0	3.9	0.692
3519	0.0	3.9	0.631
3520	0.0	3.9	0.589
3521	0.0	3.9	0.612
3522	0.0	3.9	0.759
3523	0.0	3.9	0.847
3524	0.0	3.9	1.048
3525	0.0	3.9	1.077
3526	0.0	3.9	1.004
3527	0.0	3.9	0.604
3528	0.0	3.9	0.379
3529	0.0	3.9	0.262
3530	0.0	3.9	0.142
3531	0.0	3.9	0.055
3532	0.0	3.9	0.040
3533	0.0	3.9	0.121
3534	0.0	3.9	0.302
3535	0.0	3.9	0.817
3536	0.0	3.9	0.874
3537	0.0	3.9	0.878
3538	0.0	3.9	0.920
3539	0.0	3.9	0.878
3540	0.0	3.9	0.851
3541	0.0	3.9	0.788
3542	0.0	3.9	0.692
3543	0.0	3.9	0.631
3544	0.0	3.9	0.589
3545	0.0	3.9	0.612
3546	0.0	3.9	0.759
3547	0.0	3.9	0.847
3548	0.0	3.9	1.048
3549	0.0	3.9	1.077
3550	0.0	3.9	1.004
3551	0.0	3.9	0.604
3552	0.0	3.9	0.379
3553	0.0	3.9	0.262
3554	0.0	3.9	0.142
3555	0.0	3.8	0.055
3556	0.0	3.8	0.040
3557	0.0	3.8	0.121
3558	0.0	3.8	0.302
3559	0.0	3.8	0.817
3560	0.0	3.8	0.874
3561	0.0	3.8	0.878
3562	0.0	3.8	0.920
3563	0.0	3.8	0.878
3564	0.0	3.8	0.851
3565	0.0	3.8	0.788
3566	0.0	3.8	0.692
3567	0.0	3.8	0.631
3568	0.0	3.8	0.589
3569	0.0	3.8	0.612
3570	0.0	3.8	0.759
3571	0.0	3.8	0.847
3572	0.0	3.8	1.048
3573	0.0	3.8	1.077
3574	0.0	3.8	1.004
3575	0.0	3.8	0.604
3576	0.0	3.8	0.379
3577	0.0	3.8	0.262
3578	0.0	3.8	0.142
3579	0.0	3.8	0.055
3580	0.0	3.8	0.040
3581	0.0	3.8	0.121
3582	0.0	3.8	0.302
3583	0.0	3.8	0.817
3584	0.0	3.8	0.874
3585	0.0	3.8	0.878
3586	0.0	3.8	0.920
3587	0.0	3.8	0.878
3588	0.0	3.8	0.851
3589	0.0	3.8	0.788
3590	0.0	3.8	0.692
3591	0.0	3.8	0.631
3592	0.0	3.8	0.589
3593	0.0	3.8	0.612
3594	0.0	3.8	0.759
3595	0.0	3.8	0.847
3596	0.0	3.8	1.048
3597	0.0	3.8	1.077
3598	0.0	3.8	1.004
3599	0.0	3.8	0.604
3600	0.0	3.8	0.379
3601	0.0	3.8	0.262
3602	0.0	3.8	0.142
3603	0.0	3.7	0.055
3604	0.0	3.7	0.040
3605	0.0	3.7	0.121
3606	0.0	3.7	0.302
3607	0.0	3.7	0.817
3608	0.0	3.7	0.874
3609	0.0	3.7	0.878
3610	0.0	3.7	0.920
3611	0.0	3.7	0.878
3612	0.0	3.7	0.851
3613	0.0	3.7	0.788
3614	0.0	3.7	0.692
3615	0.0	3.7	0.631
3616	0.0	3.7	0.589
3617	0.0	3.7	0.612
3618	0.0	3.7	0.759
3619	0.0	3.7	0.847
3620	0.0	3.7	1.048
3621	0.0	3.7	1.077
3622	0.0	3.7	1.004
3623	0.0	3.7	0.604
3624	0.0	3.7	0.379
3625	0.0	3.7	0.262
3626	0.0	3.7	0.142
3627	0.0	3.7	0.055
3628	0.0	3.7	0.040
3629	0.0	3.7	0.121
3630	0.0	3.7	0.302
3631	0.0	3.7	0.817
3632	0.0	3.7	0.874
3633	0.0	3.7	0.878
3634	0.0	3.7	0.920
3635	0.0	3.7	0.878
3636	0.0	3.7	0.851
3637	0.0	3.7	0.788
3638	0.0	3.7	0.692
3639	0.0	3.7	0.631
3640	0.0	3.7	0.589
3641	0.0	3.7	0.612
3642	0.0	3.7	0.759
3643	0.0	3.7	0.847
3644	0.0	3.7	1.048
3645	0.0	3.7	1.077
3646	0.0	3.7	1.004
3647	0.0	3.7	0.604
3648	0.0	3.7	0.379
3649	0.0	3.7	0.262
3650	0.0	3.7	0.142
3651	0.0	3.7	0.055
3652	0.0	3.7	0.040
3653	0.0	3.7	0.121
3654	0.0	3.7	0.302
3655	0.0	3.7	0.817
3656	0.0	3.7	0.874
3657	0.0	3.7	0.878
3658	0.0	3.7	0.920
3659	0.0	3.7	0.878
3660	0.0	3.7	0.851
3661	0.0	3.6	0.788
3662	0.0	3.6	0.692
3663	0.0	3.6	0.631
3664	0.0	3.6	0.589
3665	0.0	3.6	0.612
3666	0.0	3.6	0.759
3667	0.0	3.6	0.847
3668	0.0	3.6	1.048
3669	0.0	3.6	1.077
3670	0.0	3.6	1.004
3671	0.0	3.6	0.604
3672	0.0	3.6	0.379
3673	0.0	3.6	0.262
3674	0.0	3.6	0.142
3675	0.0	3.6	0.055
3676	0.0	3.6	0.040
3677	0.0	3.6	0.121
3678	0.0	3.6	0.302
3679	0.0	3.6	0.817
3680	0.0	3.6	0.874
3681	0.0	3.6	0.878
3682	0.0	3.6	0.920
3683	0.0	3.6	0.878
3684	0.0	3.6	0.851
3685	0.0	3.6	0.788
3686	0.0	3.6	0.692
3687	0.0	3.6	0.631
3688	0.0	3.6	0.589
3689	0.0	3.6	0.612
3690	0.0	3.6	0.759
3691	0.0	3.6	0.847
3692	0.0	3.6	1.048
3693	0.0	3.6	1.077
3694	0.0	3.6	1.004
3695	0.0	3.6	0.604
3696	0.0	3.6	0.379
3697	0.0	3.6	0.262
3698	0.0	3.6	0.142
3699	0.0	3.6	0.055
3700	0.0	3.5	0.040
3701	0.0	3.5	0.121
3702	0.0	3.5	0.302
3703	0.0	3.5	0.817
3704	0.0	3.5	0.874
3705	0.0	3.5	0.878
3706	0.0	3.5	0.920
3707	0.0	3.5	0.878
3708	0.0	3.5	0.851
3709	0.0	3.5	0.788
3710	0.0	3.5	0.692
3711	0.0	3.5	0.631
3712	0.0	3.5	0.589
3713	0.0	3.5	0.612
3714	0.0	3.5	0.759
3715	0.0	3.5	0.847
3716	0.0	3.5	1.048
3717	0.0	3.5	1.077
3718	0.0	3.5	1.004
3719	0.0	3.5	0.604
3720	0.0	3.5	0.379
3721	0.0	3.5	0.262
3722	0.0	3.5	0.142
3723	0.0	3.5	0.055
3724	0.0	3.5	0.040
3725	0.0	3.5	0.121
3726	0.0	3.5	0.302
3727	0.0	3.5	0.817
3728	0.0	3.5	0.874
3729	0.0	3.5	0.878
3730	0.0	3.5	0.920
3731	0.0	3.5	0.878
3732	0.0	3.5	0.851
3733	0.0	3.5	0.788
3734	0.0	3.5	0.692
3735	0.0	3.5	0.631
3736	0.0	3.5	0.589
3737	0.0	3.5	0.612
3738	0.0	3.5	0.759
3739	0.0	3.5	0.847
3740	0.0	3.5	1.048
3741	0.0	3.5	1.077
3742	0.0	3.5	1.004
3743	0.0	3.5	0.604
3744	0.0	3.5	0.379
3745	0.0	3.5	0.262
3746	0.0	3.5	0.142
3747	0.0	3.5	0.055
3748	0.0	3.5	0.040
3749	0.0	3.5	0.121
3750	0.0	3.5	0.302
3751	0.0	3.5	0.817
3752	0.0	3.4	0.874
3753	0.0	3.4	0.878
3754	0.0	3.4	0.920
3755	0.0	3.4	0.878
3756	0.0	3.4	0.851
3757	0.0	3.4	0.788
3758	0.0	3.4	0.692
3759	0.0	3.4	0.631
3760	0.0	3.4	0.589
3761	0.0	3.4	0.612
3762	0.0	3.4	0.759
3763	0.0	3.4	0.847
3764	0.0	3.4	1.048
3765	0.0	3.4	1.077
3766	0.0	3.4	1.004
3767	0.0	3.4	0.604
3768	0.0	3.4	0.379
3769	0.0	3.4	0.262
3770	0.0	3.4	0.142
3771	0.0	3.4	0.055
3772	0.0	3.4	0.040
3773	0.0	3.4	0.121
3774	0.0	3.4	0.302
3775	0.0	3.4	0.817
3776	0.0	3.4	0.874
3777	0.0	3.4	0.878
3778	0.0	3.4	0.920
3779	0.0	3.4	0.878
3780	0.0	3.4	0.851
3781	0.0	3.4	0.788
3782	0.0	3.4	0.692
3783	0.0	3.4	0.631
3784	0.0	3.4	0.589
3785	0.0	3.4	0.612
3786	0.0	3.4	0.759
3787	0.0	3.4	0.847
3788	0.0	3.4	1.048
3789	0.0	3.4	1.077
3790	0.0	3.4	1.004
3791	0.0	3.4	0.604
3792	0.0	3.4	0.379
3793	0.0	3.4	0.262
3794	0.0	3.3	0.142
3795	0.0	3.3	0.055
3796	0.0	3.3	0.040
3797	0.0	3.3	0.121
3798	0.0	3.3	0.302
3799	0.0	3.3	0.817
3800	0.0	3.3	0.874
3801	0.0	3.3	0.878
3802	0.0	3.3	0.920
3803	0.0	3.3	0.878
3804	0.0	3.3	0.851
3805	0.0	3.3	0.788
3806	0.0	3.3	0.692
3807	0.0	3.3	0.631
3808	0.0	3.3	0.589
3809	0.0	3.3	0.612
3810	0.0	3.3	0.759
3811	0.0	3.3	0.847
3812	0.0	3.3	1.048
3813	0.0	3.3	1.077
3814	0.0	3.3	1.004
3815	0.0	3.3	0.604
3816	0.0	3.3	0.379
3817	0.0	3.3	0.262
3818	0.0	3.3	0.142
3819	0.0	3.3	0.055
3820	0.0	3.3	0.040
3821	0.0	3.3	0.121
3822	0.0	3.3	0.302
3823	0.0	3.3	0.817
3824	0.0	3.3	0.874
3825	0.0	3.3	0.878
3826	0.0	3.3	0.920
3827	0.0	3.3	0.878
3828	0.0	3.3	0.851
3829	0.0	3.3	0.788
3830	0.0	3.3	0.692
3831	0.0	3.3	0.631
3832	0.0	3.3	0.589
3833	0.0	3.3	0.612
3834	0.0	3.3	0.759
3835	0.0	3.3	0.847
3836	0.0	3.3	1.048
3837	0.0	3.3	1.077
3838	0.0	3.3	1.004
3839	0.0	3.3	0.604
3840	0.0	3.3	0.379
3841	0.0	3.3	0.262
3842	0.0	3.3	0.142
3843	0.0	3.3	0.055
3844	0.0	3.3	0.040
3845	0.0	3.3	0.121
3846	0.0	3.3	0.302
3847	0.0	3.3	0.817
3848	0.0	3.3	0.874
3849	0.0	3.3	0.878
3850	0.0	3.3	0.920
3851	0.0	3.3	0.878
3852	0.0	3.3	0.851
3853	0.0	3.3	0.788
3854	0.0	3.3	0.692
3855	0.0	3.3	0.631
3856	0.0	3.3	0.589
3857	0.0	3.2	0.612
3858	0.0	3.2	0.759
3859	0.0	3.2	0.847
3860	0.0	3.2	1.048
3861	0.0	3.2	1.077
3862	0.0	3.2	1.004
3863	0.0	3.2	0.604
3864	0.0	3.2	0.379
3865	0.0	3.2	0.262
3866	0.0	3.2	0.142
3867	0.0	3.2	0.055
3868	0.0	3.2	0.040
3869	0.0	3.2	0.121
3870	0.0	3.2	0.302
3871	0.0	3.2	0.817
3872	0.0	3.2	0.874
3873	0.0	3.2	0.878
3874	0.0	3.2	0.920
3875	0.0	3.2	0.878
3876	0.0	3.2	0.851
3877	0.0	3.2	0.788
3878	0.0	3.2	0.692
3879	0.0	3.2	0.631
3880	0.0	3.2	0.589
3881	0.0	3.2	0.612
3882	0.0	3.2	0.759
3883	0.0	3.2	0.847
3884	0.0	3.2	1.048
3885	0.0	3.2	1.077
3886	0.0	3.2	1.004
3887	0.0	3.2	0.604
3888	0.0	3.2	0.379
3889	0.0	3.2	0.262
3890	0.0	3.2	0.142
3891	0.0	3.2	0.055
3892	0.0	3.2	0.040
3893	0.0	3.2	0.121
3894	0.0	3.2	0.302
3895	0.0	3.2	0.817
3896	0.0	3.2	0.874
3897	0.0	3.2	0.878
3898	0.0	3.2	0.920
3899	0.0	3.2	0.878
3900	0.0	3.2	0.851
3901	0.0	3.2	0.788
3902	0.0	3.2	0.692
3903	0.0	3.2	0.631
3904	0.0	3.2	0.589
3905	0.0	3.2	0.612
3906	0.0	3.2	0.759
3907	0.0	3.2	0.847
3908	0.0	3.2	1.048
3909	0.0	3.2	1.077
3910	0.0	3.1	1.004
3911	0.0	3.1	0.604
3912	0.0	3.1	0.379
3913	0.0	3.1	0.262
3914	0.0	3.1	0.142
3915	0.0	3.1	0.055
3916	0.0	3.1	0.040
3917	0.0	3.1	0.121
3918	0.0	3.1	0.302
3919	0.0	3.1	0.817
3920	0.0	3.1	0.874
3921	0.0	3.1	0.878
3922	0.0	3.1	0.920
3923	0.0	3.1	0.878
3924	0.0	3.1	0.851
3925	0.0	3.1	0.788
3926	0.0	3.1	0.692
3927	0.0	3.1	0.631
3928	0.0	3.1	0.589
3929	0.0	3.1	0.612
3930	0.0	3.1	0.759
3931	0.0	3.1	0.847
3932	0.0	3.1	1.048
3933	0.0	3.1	1.077
3934	0.0	3.1	1.004
3935	0.0	3.1	0.604
3936	0.0	3.1	0.379
3937	0.0	3.1	0.262
3938	0.0	3.1	0.142
3939	0.0	3.1	0.055
3940	0.0	3.1	0.040
3941	0.0	3.1	0.121
3942	0.0	3.1	0.302
3943	0.0	3.1	0.817
3944	0.0	3.1	0.874
3945	0.0	3.1	0.878
3946	0.0	3.1	0.920
3947	0.0	3.1	0.878
3948	0.0	3.1	0.851
3949	0.0	3.1	0.788
3950	0.0	3.0	0.692
3951	0.0	3.0	0.631
3952	0.0	3.0	0.589
3953	0.0	3.0	0.612
3954	0.0	3.0	0.759
3955	0.0	3.0	0.847
3956	0.0	3.0	1.048
3957	0.0	3.0	1.077
3958	0.0	3.0	1.004
3959	0.0	3.0	0.604
3960	0.0	3.0	0.379
3961	0.0	3.0	0.262
3962	0.0	3.0	0.142
3963	0.0	3.0	0.055
3964	0.0	3.0	0.040
3965	0.0	3.0	0.121
3966	0.0	3.0	0.302
3967	0.0	3.0	0.817
3968	0.0	3.0	0.874
3969	0.0	3.0	0.878
3970	0.0	3.0	0.920
3971	0.0	3.0	0.878
3972	0.0	3.0	0.851
3973	0.0	3.0	0.788
3974	0.0	3.0	0.692
3975	0.0	3.0	0.631
3976	0.0	3.0	0.589
3977	0.0	3.0	0.612
3978	0.0	3.0	0.759
3979	0.0	3.0	0.847
3980	0.0	3.0	1.048
3981	0.0	3.0	1.077
3982	0.0	3.0	1.004
3983	0.0	3.0	0.604
3984	0.0	3.0	0.379
3985	0.0	3.0	0.262
3986	0.0	3.0	0.142
3987	0.0	3.0	0.055
3988	0.0	2.9	0.040
3989	0.0	2.9	0.121
3990	0.0	2.9	0.302
3991	0.0	2.9	0.817
3992	0.0	2.9	0.874
3993	0.0	2.9	0.878
3994	0.0	2.9	0.920
3995	0.0	2.9	0.878
3996	0.0	2.9	0.851
3997	0.0	2.9	0.788
3998	0.0	2.9	0.692
3999	0.0	2.9	0.631
4000	0.0	2.9	0.589
4001	0.0	2.9	0.612
4002	0.0	2.9	0.759
4003	0.0	2.9	0.847
4004	0.0	2.9	1.048
4005	0.0	2.9	1.077
4006	0.0	2.9	1.004
4007	0.0	2.9	0.604
4008	0.0	2.9	0.379
4009	0.0	2.9	0.262
4010	0.0	2.9	0.142
4011	0.0	2.9	0.055
4012	0.0	2.9	0.040
4013	0.0	2.9	0.121
4014	0.0	2.9	0.302
4015	0.0	2.9	0.817
4016	0.0	2.9	0.874
4017	0.0	2.9	0.878
4018	0.0	2.9	0.920
4019	0.0	2.9	0.878
4020	0.0	2.9	0.851
4021	0.0	2.9	0.788
4022	0.0	2.9	0.692
4023	0.0	2.9	0.631
4024	0.0	2.9	0.589
4025	0.0	2.9	0.612
4026	0.0	2.9	0.759
4027	0.0	2.9	0.847
4028	0.0	2.9	1.048
4029	0.0	2.9	1.077
4030	0.0	2.8	1.004
4031	0.0	2.8	0.604
4032	0.0	2.8	0.379
4033	0.0	2.8	0.262
4034	0.0	2.8	0.142
4035	0.0	2.8	0.055
4036	0.0	2.8	0.040
4037	0.0	2.8	0.121
4038	0.0	2.8	0.302
4039	0.0	2.8	0.817
4040	0.0	2.8	0.874
4041	0.0	2.8	0.878
4042	0.0	2.8	0.920
4043	0.0	2.8	0.878
4044	0.0	2.8	0.851
4045	0.0	2.8	0.788
4046	0.0	2.8	0.692
4047	0.0	2.8	0.631
4048	0.0	2.8	0.589
4049	0.0	2.8	0.612
4050	0.0	2.8	0.759
4051	0.0	2.8	0.847
4052	0.0	2.8	1.048
4053	0.0	2.8	1.077
4054	0.0	2.8	1.004
4055	0.0	2.8	0.604
4056	0.0	2.8	0.379
4057	0.0	2.8	0.262
4058	0.0	2.8	0.142
4059	0.0	2.8	0.055
4060	0.0	2.8	0.040
4061	0.0	2.8	0.121
4062	0.0	2.8	0.302
4063	0.0	2.8	0.817
4064	0.0	2.8	0.874
4065	0.0	2.8	0.878
4066	0.0	2.8	0.920
4067	0.0	2.8	0.878
4068	0.0	2.8	0.851
4069	0.0	2.8	0.788
4070	0.0	2.8	0.692
4071	0.0	2.8	0.631
4072	0.0	2.8	0.589
4073	0.0	2.8	0.612
4074	0.0	2.8	0.759
4075	0.0	2.8	0.847
4076	0.0	2.8	1.048
4077	0.0	2.8	1.077
4078	0.0	2.8	1.004
4079	0.0	2.8	0.604
4080	0.0	2.8	0.379
4081	0.0	2.8	0.262
4082	0.0	2.8	0.142
4083	0.0	2.8	0.055
4084	0.0	2.7	0.040
4085	0.0	2.7	0.121
4086	0.0	2.7	0.302
4087	0.0	2.7	0.817
4088	0.0	2.7	0.874
4089	0.0	2.7	0.878
4090	0.0	2.7	0.920
4091	0.0	2.7	0.878
4092	0.0	2.7	0.851
4093	0.0	2.7	0.788
4094	0.0	2.7	0.692
4095	0.0	2.7	0.631
4096	0.0	2.7	0.589
4097	0.0	2.7	0.612
4098	0.0	2.7	0.759
4099	0.0	2.7	0.847
4100	0.0	2.7	1.048
4101	0.0	2.7	1.077
4102	0.0	2.7	1.004
4103	0.0	2.7	0.604
4104	0.0	2.7	0.379
4105	0.0	2.7	0.262
4106	0.0	2.7	0.142
4107	0.0	2.7	0.055
4108	0.0	2.7	0.040
4109	0.0	2.7	0.121
4110	0.0	2.7	0.302
4111	0.0	2.7	0.817
4112	0.0	2.7	0.874
4113	0.0	2.7	0.878
4114	0.0	2.7	0.920
4115	0.0	2.7	0.878
4116	0.0	2.7	0.851
4117	0.0	2.7	0.788
4118	0.0	2.7	0.692
4119	0.0	2.7	0.631
4120	0.0	2.7	0.589
4121	0.0	2.7	0.612
4122	0.0	2.7	0.759
4123	0.0	2.7	0.847
4124	0.0	2.7	1.048
4125	0.0	2.7	1.077
4126	0.0	2.7	1.004
4127	0.0	2.7	0.604
4128	0.0	2.7	0.379
4129	0.0	2.7	0.262
4130	0.0	2.7	0.142
4131	0.0	2.7	0.055
4132	0.0	2.7	0.040
4133	0.0	2.7	0.121
4134	0.0	2.7	0.302
4135	0.0	2.7	0.817
4136	0.0	2.7	0.874
4137	0.0	2.7	0.878
4138	0.0	2.7	0.920
4139	0.0	2.7	0.878
4140	0.0	2.7	0.851
4141	0.0	2.7	0.788
4142	0.0	2.7	0.692
4143	0.0	2.6	0.631
4144	0.0	2.6	0.589
4145	0.0	2.6	0.612
4146	0.0	2.6	0.759
4147	0.0	2.6	0.847
4148	0.0	2.6	1.048
4149	0.0	2.6	1.077
4150	0.0	2.6	1.004
4151	0.0	2.6	0.604
4152	0.0	2.6	0.379
4153	0.0	2.6	0.262
4154	0.0	2.6	0.142
4155	0.0	2.6	0.055
4156	0.0	2.6	0.040
4157	0.0	2.6	0.121
4158	0.0	2.6	0.302
4159	0.0	2.6	0.817
4160	0.0	2.6	0.874
4161	0.0	2.6	0.878
4162	0.0	2.6	0.920
4163	0.0	2.6	0.878
4164	0.0	2.6	0.851
4165	0.0	2.6	0.788
4166	0.0	2.6	0.692
4167	0.0	2.6	0.631
4168	0.0	2.6	0.589
4169	0.0	2.6	0.612
4170	0.0	2.6	0.759
4171	0.0	2.6	0.847
4172	0.0	2.6	1.048
4173	0.0	2.6	1.077
4174	0.0	2.6	1.004
4175	0.0	2.6	0.604
4176	0.0	2.6	0.379
4177	0.0	2.6	0.262
4178	0.0	2.6	0.142
4179	0.0	2.6	0.055
4180	0.0	2.6	0.040
4181	0.0	2.6	0.121
4182	0.0	2.6	0.302
4183	0.0	2.6	0.817
4184	0.0	2.6	0.874
4185	0.0	2.6	0.878
4186	0.0	2.6	0.920
4187	0.0	2.6	0.878
4188	0.0	2.6	0.851
4189	0.0	2.6	0.788
4190	0.0	2.6	0.692
4191	0.0	2.6	0.631
4192	0.0	2.6	0.589
4193	0.0	2.6	0.612
4194	0.0	2.6	0.759
4195	0.0	2.6	0.847
4196	0.0	2.6	1.048
4197	0.0	2.5	1.077
4198	0.0	2.5	1.004
4199	0.0	2.5	0.604
4200	0.0	2.5	0.379
4201	0.0	2.5	0.262
4202	0.0	2.5	0.142
4203	0.0	2.5	0.055
4204	0.0	2.5	0.040
4205	0.0	2.5	0.121
4206	0.0	2.5	0.302
4207	0.0	2.5	0.817
4208	0.0	2.5	0.874
4209	0.0	2.5	0.878
4210	0.0	2.5	0.920
4211	0.0	2.5	0.878
4212	0.0	2.5	0.851
4213	0.0	2.5	0.788
4214	0.0	2.5	0.692
4215	0.0	2.5	0.631
4216	0.0	2.5	0.589
4217	0.0	2.5	0.612
4218	0.0	2.5	0.759
4219	0.0	2.5	0.847
4220	0.0	2.5	1.048
4221	0.0	2.5	1.077
4222	0.0	2.5	1.004
4223	0.0	2.5	0.604
4224	0.0	2.5	0.379
4225	0.0	2.5	0.262
4226	0.0	2.5	0.142
4227	0.0	2.5	0.055
4228	0.0	2.5	0.040
4229	0.0	2.5	0.121
4230	0.0	2.5	0.302
4231	0.0	2.5	0.817
4232	0.0	2.5	0.874
4233	0.0	2.5	0.878
4234	0.0	2.5	0.920
4235	0.0	2.5	0.878
4236	0.0	2.5	0.851
4237	0.0	2.5	0.788
4238	0.0	2.5	0.692
4239	0.0	2.5	0.631
4240	0.0	2.5	0.589
4241	0.0	2.5	0.612
4242	0.0	2.5	0.759
4243	0.0	2.5	0.847
4244	0.0	2.5	1.048
4245	0.0	2.5	1.077
4246	0.0	2.5	1.004
4247	0.0	2.5	0.604
4248	0.0	2.5	0.379
4249	0.0	2.5	0.262
4250	0.0	2.5	0.142
4251	0.0	2.5	0.055
4252	0.0	2.5	0.040
4253	0.0	2.5	0.121
4254	0.0	2.5	0.302
4255	0.0	2.4	0.817
4256	0.0	2.4	0.874
4257	0.0	2.4	0.878
4258	0.0	2.4	0.920
4259	0.0	2.4	0.878
4260	0.0	2.4	0.851
4261	0.0	2.4	0.788
4262	0.0	2.4	0.692
4263	0.0	2.4	0.631
4264	0.0	2.4	0.589
4265	0.0	2.4	0.612
4266	0.0	2.4	0.759
4267	0.0	2.4	0.847
4268	0.0	2.4	1.048
4269	0.0	2.4	1.077
4270	0.0	2.4	1.004
4271	0.0	2.4	0.604
4272	0.0	2.4	0.379
4273	0.0	2.4	0.262
4274	0.0	2.4	0.142
4275	0.0	2.4	0.055
4276	0.0	2.4	0.040
4277	0.0	2.4	0.121
4278	0.0	2.4	0.302
4279	0.0	2.4	0.817
4280	0.0	2.4	0.874
4281	0.0	2.4	0.878
4282	0.0	2.4	0.920
4283	0.0	2.4	0.878
4284	0.0	2.4	0.851
4285	0.0	2.4	0.788
4286	0.0	2.4	0.692
4287	0.0	2.4	0.631
4288	0.0	2.4	0.589
4289	0.0	2.4	0.612
4290	0.0	2.4	0.759
4291	0.0	2.4	0.847
4292	0.0	2.4	1.048
4293	0.0	2.4	1.077
4294	0.0	2.4	1.004
4295	0.0	2.4	0.604
4296	0.0	2.4	0.379
4297	0.0	2.4	0.262
4298	0.0	2.4	0.142
4299	0.0	2.4	0.055
4300	0.0	2.4	0.040
4301	0.0	2.4	0.121
4302	0.0	2.4	0.302
4303	0.0	2.4	0.817
4304	0.0	2.4	0.874
4305	0.0	2.4	0.878
4306	0.0	2.4	0.920
4307	0.0	2.4	0.878
4308	0.0	2.3	0.851
4309	0.0	2.3	0.788
4310	0.0	2.3	0.692
4311	0.0	2.3	0.631
4312	0.0	2.3	0.589
4313	0.0	2.3	0.612
4314	0.0	2.3	0.759
4315	0.0	2.3	0.847
4316	0.0	2.3	1.048
4317	0.0	2.3	1.077
4318	0.0	2.3	1.004
4319	0.0	2.3	0.604
4320	0.0	2.3	0.379
4321	0.0	2.3	0.262
4322	0.0	2.3	0.142
4323	0.0	2.3	0.055
4324	0.0	2.3	0.040
4325	0.0	2.3	0.121
4326	0.0	2.3	0.302
4327	0.0	2.3	0.817
4328	0.0	2.3	0.874
4329	0.0	2.3	0.878
4330	0.0	2.3	0.920
4331	0.0	2.3	0.878
4332	0.0	2.3	0.851
4333	0.0	2.3	0.788
4334	0.0	2.3	0.692
4335	0.0	2.3	0.631
4336	0.0	2.3	0.589
4337	0.0	2.3	0.612
4338	0.0	2.3	0.759
4339	0.0	2.3	0.847
4340	0.0	2.3	1.048
4341	0.0	2.3	1.077
4342	0.0	2.3	1.004
4343	0.0	2.3	0.604
4344	0.0	2.3	0.379
4345	0.0	2.3	0.262
4346	0.0	2.3	0.142
4347	0.0	2.3	0.055
4348	0.0	2.3	0.040
4349	0.0	2.3	0.121
4350	0.0	2.3	0.302
4351	0.0	2.3	0.817
4352	0.0	2.3	0.874
4353	0.0	2.3	0.878
4354	0.0	2.3	0.920
4355	0.0	2.3	0.878
4356	0.0	2.2	0.851
4357	0.0	2.2	0.788
4358	0.0	2.2	0.692
4359	0.0	2.2	0.631
4360	0.0	2.2	0.589
4361	0.0	2.2	0.612
4362	0.0	2.2	0.759
4363	0.0	2.2	0.847
4364	0.0	2.2	1.048
4365	0.0	2.2	1.077
4366	0.0	2.2	1.004
4367	0.0	2.2	0.604
4368	0.0	2.2	0.379
4369	0.0	2.2	0.262
4370	0.0	2.2	0.142
4371	0.0	2.2	0.055
4372	0.0	2.2	0.040
4373	0.0	2.2	0.121
4374	0.0	2.2	0.302
4375	0.0	2.2	0.817
4376	0.0	2.2	0.874
4377	0.0	2.2	0.878
4378	0.0	2.2	0.920
4379	0.0	2.2	0.878
4380	0.0	2.2	0.851
4381	0.0	2.2	0.788
4382	0.0	2.2	0.692
4383	0.0	2.2	0.631
4384	0.0	2.2	0.589
4385	0.0	2.2	0.612
4386	0.0	2.2	0.759
4387	0.0	2.2	0.847
4388	0.0	2.2	1.048
4389	0.0	2.2	1.077
4390	0.0	2.2	1.004
4391	0.0	2.2	0.604
4392	0.0	2.2	0.379
4393	0.0	2.1	0.262
4394	0.0	2.1	0.142
4395	0.0	2.1	0.055
4396	0.0	2.1	0.040
4397	0.0	2.1	0.121
4398	0.0	2.1	0.302
4399	0.0	2.1	0.817
4400	0.0	2.1	0.874
4401	0.0	2.1	0.878
4402	0.0	2.1	0.920
4403	0.0	2.1	0.878
4404	0.0	2.1	0.851
4405	0.0	2.1	0.788
4406	0.0	2.1	0.692
4407	0.0	2.1	0.631
4408	0.0	2.1	0.589
4409	0.0	2.1	0.612
4410	0.0	2.1	0.759
4411	0.0	2.1	0.847
4412	0.0	2.1	1.048
4413	0.0	2.1	1.077
4414	0.0	2.1	1.004
4415	0.0	2.1	0.604
4416	0.0	2.1	0.379
4417	0.0	2.1	0.262
4418	0.0	2.1	0.142
4419	0.0	2.1	0.055
4420	0.0	2.1	0.040
4421	0.0	2.1	0.121
4422	0.0	2.1	0.302
4423	0.0	2.1	0.817
4424	0.0	2.1	0.874
4425	0.0	2.1	0.878
4426	0.0	2.1	0.920
4427	0.0	2.1	0.878
4428	0.0	2.0	0.851
4429	0.0	2.0	0.788
4430	0.0	2.0	0.692
4431	0.0	2.0	0.631
4432	0.0	2.0	0.589
4433	0.0	2.0	0.612
4434	0.0	2.0	0.759
4435	0.0	2.0	0.847
4436	0.0	2.0	1.048
4437	0.0	2.0	1.077
4438	0.0	2.0	1.004
4439	0.0	2.0	0.604
4440	0.0	2.0	0.379
4441	0.0	2.0	0.262
4442	0.0	2.0	0.142
4443	0.0	2.0	0.055
4444	0.0	2.0	0.040
4445	0.0	2.0	0.121
4446	0.0	2.0	0.302
4447	0.0	2.0	0.817
4448	0.0	2.0	0.874
4449	0.0	2.0	0.878
4450	0.0	2.0	0.920
4451	0.0	2.0	0.878
4452	0.0	2.0	0.851
4453	0.0	2.0	0.788
4454	0.0	2.0	0.692
4455	0.0	2.0	0.631
4456	0.0	2.0	0.589
4457	0.0	2.0	0.612
4458	0.0	2.0	0.759
4459	0.0	2.0	0.847
4460	0.0	2.0	1.048
4461	0.0	2.0	1.077
4462	0.0	2.0	1.004
4463	0.0	2.0	0.604
4464	0.0	2.0	0.379
4465	0.0	2.0	0.262
4466	0.0	2.0	0.142
4467	0.0	2.0	0.055
4468	0.0	2.0	0.040
4469	0.0	1.9	0.121
4470	0.0	1.9	0.302
4471	0.0	1.9	0.817
4472	0.0	1.9	0.874
4473	0.0	1.9	0.878
4474	0.0	1.9	0.920
4475	0.0	1.9	0.878
4476	0.0	1.9	0.851
4477	0.0	1.9	0.788
4478	0.0	1.9	0.692
4479	0.0	1.9	0.631
4480	0.0	1.9	0.589
4481	0.0	1.9	0.612
4482	0.0	1.9	0.759
4483	0.0	1.9	0.847
4484	0.0	1.9	1.048
4485	0.0	1.9	1.077
4486	0.0	1.9	1.004
4487	0.0	1.9	0.604
4488	0.0	1.9	0.379
4489	0.0	1.9	0.262
4490	0.0	1.9	0.142
4491	0.0	1.9	0.055
4492	0.0	1.9	0.040
4493	0.0	1.9	0.121
4494	0.0	1.9	0.302
4495	0.0	1.9	0.817
4496	0.0	1.9	0.874
4497	0.0	1.9	0.878
4498	0.0	1.9	0.920
4499	0.0	1.9	0.878
4500	0.0	1.9	0.851
4501	0.0	1.9	0.788
4502	0.0	1.9	0.692
4503	0.0	1.9	0.631
4504	0.0	1.9	0.589
4505	0.0	1.9	0.612
4506	0.0	1.9	0.759
4507	0.0	1.9	0.847
4508	0.0	1.8	1.048
4509	0.0	1.8	1.077
4510	0.0	1.8	1.004
4511	0.0	1.8	0.604
4512	0.0	1.8	0.379
4513	0.0	1.8	0.262
4514	0.0	1.8	0.142
4515	0.0	1.8	0.055
4516	0.0	1.8	0.040
4517	0.0	1.8	0.121
4518	0.0	1.8	0.302
4519	0.0	1.8	0.817
4520	0.0	1.8	0.874
4521	0.0	1.8	0.878
4522	0.0	1.8	0.920
4523	0.0	1.8	0.878
4524	0.0	1.8	0.851
4525	0.0	1.8	0.788
4526	0.0	1.8	0.692
4527	0.0	1.8	0.631
4528	0.0	1.8	0.589
4529	0.0	1.8	0.612
4530	0.0	1.8	0.759
4531	0.0	1.8	0.847
4532	0.0	1.8	1.048
4533	0.0	1.8	1.077
4534	0.0	1.8	1.004
4535	0.0	1.8	0.604
4536	0.0	1.8	0.379
4537	0.0	1.8	0.262
4538	0.0	1.8	0.142
4539	0.0	1.8	0.055
4540	0.0	1.8	0.040
4541	0.0	1.8	0.121
4542	0.0	1.8	0.302
4543	0.0	1.8	0.817
4544	0.0	1.8	0.874
4545	0.0	1.8	0.878
4546	0.0	1.8	0.920
4547	0.0	1.8	0.878
4548	0.0	1.8	0.851
4549	0.0	1.7	0.788
4550	0.0	1.7	0.692
4551	0.0	1.7	0.631
4552	0.0	1.7	0.589
4553	0.0	1.7	0.612
4554	0.0	1.7	0.759
4555	0.0	1.7	0.847
4556	0.0	1.7	1.048
4557	0.0	1.7	1.077
4558	0.0	1.7	1.004
4559	0.0	1.7	0.604
4560	0.0	1.7	0.379
4561	0.0	1.7	0.262
4562	0.0	1.7	0.142
4563	0.0	1.7	0.055
4564	0.0	1.7	0.040
4565	0.0	1.7	0.121
4566	0.0	1.7	0.302
4567	0.0	1.7	0.817
4568	0.0	1.7	0.874
4569	0.0	1.7	0.878
4570	0.0	1.7	0.920
4571	0.0	1.7	0.878
4572	0.0	1.7	0.851
4573	0.0	1.7	0.788
4574	0.0	1.7	0.692
4575	0.0	1.7	0.631
4576	0.0	1.7	0.589
4577	0.0	1.7	0.612
4578	0.0	1.7	0.759
4579	0.0	1.7	0.847
4580	0.0	1.7	1.048
4581	0.0	1.7	1.077
4582	0.0	1.6	1.004
4583	0.0	1.6	0.604
4584	0.0	1.6	0.379
4585	0.0	1.6	0.262
4586	0.0	1.6	0.142
4587	0.0	1.6	0.055
4588	0.0	1.6	0.040
4589	0.0	1.6	0.121
4590	0.0	1.6	0.302
4591	0.0	1.6	0.817
4592	0.0	1.6	0.874
4593	0.0	1.6	0.878
4594	0.0	1.6	0.920
4595	0.0	1.6	0.878
4596	0.0	1.6	0.851
4597	0.0	1.6	0.788
4598	0.0	1.6	0.692
4599	0.0	1.6	0.631
4600	0.0	1.6	0.589
4601	0.0	1.6	0.612
4602	0.0	1.6	0.759
4603	0.0	1.6	0.847
4604	0.0	1.6	1.048
4605	0.0	1.6	1.077
4606	0.0	1.6	1.004
4607	0.0	1.6	0.604
4608	0.0	1.6	0.379
4609	0.0	1.6	0.262
4610	0.0	1.6	0.142
4611	0.0	1.6	0.055
4612	0.0	1.6	0.040
4613	0.0	1.6	0.121
4614	0.0	1.6	0.302
4615	0.0	1.6	0.817
4616	0.0	1.6	0.874
4617	0.0	1.6	0.878
4618	0.0	1.6	0.920
4619	0.0	1.6	0.878
4620	0.0	1.6	0.851
4621	0.0	1.6	0.788
4622	0.0	1.6	0.692
4623	0.0	1.6	0.631
4624	0.0	1.6	0.589
4625	0.0	1.6	0.612
4626	0.0	1.6	0.759
4627	0.0	1.6	0.847
4628	0.0	1.5	1.048
4629	0.0	1.5	1.077
4630	0.0	1.5	1.004
4631	0.0	1.5	0.604
4632	0.0	1.5	0.379
4633	0.0	1.5	0.262
4634	0.0	1.5	0.142
4635	0.0	1.5	0.055
4636	0.0	1.5	0.040
4637	0.0	1.5	0.121
4638	0.0	1.5	0.302
4639	0.0	1.5	0.817
4640	0.0	1.5	0.874
4641	0.0	1.5	0.878
4642	0.0	1.5	0.920
4643	0.0	1.5	0.878
4644	0.0	1.5	0.851
4645	0.0	1.5	0.788
4646	0.0	1.5	0.692
4647	0.0	1.5	0.631
4648	0.0	1.5	0.589
4649	0.0	1.5	0.612
4650	0.0	1.5	0.759
4651	0.0	1.5	0.847
4652	0.0	1.5	1.048
4653	0.0	1.5	1.077
4654	0.0	1.5	1.004
4655	0.0	1.5	0.604
4656	0.0	1.5	0.379
4657	0.0	1.5	0.262
4658	0.0	1.5	0.142
4659	0.0	1.5	0.055
4660	0.0	1.5	0.040
4661	0.0	1.5	0.121
4662	0.0	1.5	0.302
4663	0.0	1.5	0.817
4664	0.0	1.5	0.874
4665	0.0	1.5	0.878
4666	0.0	1.5	0.920
4667	0.0	1.5	0.878
4668	0.0	1.5	0.851
4669	0.0	1.5	0.788
4670	0.0	1.5	0.692
4671	0.0	1.5	0.631
4672	0.0	1.5	0.589
4673	0.0	1.5	0.612
4674	0.0	1.5	0.759
4675	0.0	1.5	0.847
4676	0.0	1.5	1.048
4677	0.0	1.4	1.077
4678	0.0	1.4	1.004
4679	0.0	1.4	0.604
4680	0.0	1.4	0.379
4681	0.0	1.4	0.262
4682	0.0	1.4	0.142
4683	0.0	1.4	0.055
4684	0.0	1.4	0.040
4685	0.0	1.4	0.121
4686	0.0	1.4	0.302
4687	0.0	1.4	0.817
4688	0.0	1.4	0.874
4689	0.0	1.4	0.878
4690	0.0	1.4	0.920
4691	0.0	1.4	0.878
4692	0.0	1.4	0.851
4693	0.0	1.4	0.788
4694	0.0	1.4	0.692
4695	0.0	1.4	0.631
4696	0.0	1.4	0.589
4697	0.0	1.4	0.612
4698	0.0	1.4	0.759
4699	0.0	1.4	0.847
4700	0.0	1.4	1.048
4701	0.0	1.4	1.077
4702	0.0	1.4	1.004
4703	0.0	1.4	0.604
4704	0.0	1.4	0.379
4705	0.0	1.4	0.262
4706	0.0	1.4	0.142
4707	0.0	1.4	0.055
4708	0.0	1.4	0.040
4709	0.0	1.4	0.121
4710	0.0	1.4	0.302
4711	0.0	1.4	0.817
4712	0.0	1.4	0.874
4713	0.0	1.4	0.878
4714	0.0	1.4	0.920
4715	0.0	1.4	0.878
4716	0.0	1.4	0.851
4717	0.0	1.4	0.788
4718	0.0	1.4	0.692
4719	0.0	1.4	0.631
4720	0.0	1.4	0.589
4721	0.0	1.4	0.612
4722	0.0	1.4	0.759
4723	0.0	1.4	0.847
4724	0.0	1.3	1.048
4725	0.0	1.3	1.077
4726	0.0	1.3	1.004
4727	0.0	1.3	0.604
4728	0.0	1.3	0.379
4729	0.0	1.3	0.262
4730	0.0	1.3	0.142
4731	0.0	1.3	0.055
4732	0.0	1.3	0.040
4733	0.0	1.3	0.121
4734	0.0	1.3	0.302
4735	0.0	1.3	0.817
4736	0.0	1.3	0.874
4737	0.0	1.3	0.878
4738	0.0	1.3	0.920
4739	0.0	1.3	0.878
4740	0.0	1.3	0.851
4741	0.0	1.3	0.788
4742	0.0	1.3	0.692
4743	0.0	1.3	0.631
4744	0.0	1.3	0.589
4745	0.0	1.3	0.612
4746	0.0	1.3	0.759
4747	0.0	1.3	0.847
4748	0.0	1.3	1.048
4749	0.0	1.3	1.077
4750	0.0	1.3	1.004
4751	0.0	1.3	0.604
4752	0.0	1.3	0.379
4753	0.0	1.3	0.262
4754	0.0	1.3	0.142
4755	0.0	1.3	0.055
4756	0.0	1.3	0.040
4757	0.0	1.3	0.121
4758	0.0	1.2	0.302
4759	0.0	1.2	0.817
4760	0.0	1.2	0.874
4761	0.0	1.2	0.878
4762	0.0	1.2	0.920
4763	0.0	1.2	0.878
4764	0.0	1.2	0.851
4765	0.0	1.2	0.788
4766	0.0	1.2	0.692
4767	0.0	1.2	0.631
4768	0.0	1.2	0.589
4769	0.0	1.2	0.612
4770	0.0	1.2	0.759
4771	0.0	1.2	0.847
4772	0.0	1.2	1.048
4773	0.0	1.2	1.077
4774	0.0	1.2	1.004
4775	0.0	1.2	0.604
4776	0.0	1.2	0.379
4777	0.0	1.2	0.262
4778	0.0	1.2	0.142
4779	0.0	1.2	0.055
4780	0.0	1.2	0.040
4781	0.0	1.2	0.121
4782	0.0	1.2	0.302
4783	0.0	1.2	0.817
4784	0.0	1.2	0.874
4785	0.0	1.2	0.878
4786	0.0	1.2	0.920
4787	0.0	1.1	0.878
4788	0.0	1.1	0.851
4789	0.0	1.1	0.788
4790	0.0	1.1	0.692
4791	0.0	1.1	0.631
4792	0.0	1.1	0.589
4793	0.0	1.1	0.612
4794	0.0	1.1	0.759
4795	0.0	1.1	0.847
4796	0.0	1.1	1.048
4797	0.0	1.1	1.077
4798	0.0	1.1	1.004
4799	0.0	1.1	0.604
4800	0.0	1.1	0.379
4801	0.0	1.1	0.262
4802	0.0	1.1	0.142
4803	0.0	1.1	0.055
4804	0.0	1.1	0.040
4805	0.0	1.1	0.121
4806	0.0	1.1	0.302
4807	0.0	1.1	0.817
4808	0.0	1.1	0.874
4809	0.0	1.1	0.878
4810	0.0	1.1	0.920
4811	0.0	1.1	0.878
4812	0.0	1.1	0.851
4813	0.0	1.1	0.788
4814	0.0	1.1	0.692
4815	0.0	1.0	0.631
4816	0.0	1.0	0.589
4817	0.0	1.0	0.612
4818	0.0	1.0	0.759
4819	0.0	1.0	0.847
4820	0.0	1.0	1.048
4821	0.0	1.0	1.077
4822	0.0	1.0	1.004
4823	0.0	1.0	0.604
4824	0.0	1.0	0.379
4825	0.0	1.0	0.262
4826	0.0	1.0	0.142
4827	0.0	1.0	0.055
4828	0.0	1.0	0.040
4829	0.0	1.0	0.121
4830	0.0	1.0	0.302
4831	0.0	1.0	0.817
4832	0.0	1.0	0.874
4833	0.0	1.0	0.878
4834	0.0	1.0	0.920
4835	0.0	1.0	0.878
4836	0.0	1.0	0.851
4837	0.0	1.0	0.788
4838	0.0	1.0	0.692
4839	0.0	1.0	0.631
4840	0.0	1.0	0.589
4841	0.0	1.0	0.612
4842	0.0	0.9	0.759
4843	0.0	0.9	0.847
4844	0.0	0.9	1.048
4845	0.0	0.9	1.077
4846	0.0	0.9	1.004
4847	0.0	0.9	0.604
4848	0.0	0.9	0.379
4849	0.0	0.9	0.262
4850	0.0	0.9	0.142
4851	0.0	0.9	0.055
4852	0.0	0.9	0.040
4853	0.0	0.9	0.121
4854	0.0	0.9	0.302
4855	0.0	0.9	0.817
4856	0.0	0.9	0.874
4857	0.0	0.9	0.878
4858	0.0	0.9	0.920
4859	0.0	0.9	0.878
4860	0.0	0.9	0.851
4861	0.0	0.8	0.788
4862	0.0	0.8	0.692
4863	0.0	0.8	0.631
4864	0.0	0.8	0.589
4865	0.0	0.8	0.612
4866	0.0	0.8	0.759
4867	0.0	0.8	0.847
4868	0.0	0.8	1.048
4869	0.0	0.8	1.077
4870	0.0	0.8	1.004
4871	0.0	0.8	0.604
4872	0.0	0.8	0.379
4873	0.0	0.8	0.262
4874	0.0	0.8	0.142
4875	0.0	0.8	0.055
4876	0.0	0.8	0.040
4877	0.0	0.8	0.121
4878	0.0	0.8	0.302
4879	0.0	0.8	0.817
4880	0.0	0.8	0.874
4881	0.0	0.7	0.878
4882	0.0	0.7	0.920
4883	0.0	0.7	0.878
4884	0.0	0.7	0.851
4885	0.0	0.7	0.788
4886	0.0	0.7	0.692
4887	0.0	0.7	0.631
4888	0.0	0.7	0.589
4889	0.0	0.7	0.612
4890	0.0	0.7	0.759
4891	0.0	0.7	0.847
4892	0.0	0.7	1.048
4893	0.0	0.7	1.077
4894	0.0	0.7	1.004
4895	0.0	0.7	0.604
4896	0.0	0.7	0.379
4897	0.0	0.7	0.262
4898	0.0	0.7	0.142
4899	0.0	0.7	0.055
4900	0.0	0.7	0.040
4901	0.0	0.7	0.121
4902	0.0	0.7	0.302
4903	0.0	0.7	0.817
4904	0.0	0.7	0.874
4905	0.0	0.7	0.878
4906	0.0	0.7	0.920
4907	0.0	0.7	0.878
4908	0.0	0.6	0.851
4909	0.0	0.6	0.788
4910	0.0	0.6	0.692
4911	0.0	0.6	0.631
4912	0.0	0.6	0.589
4913	0.0	0.6	0.612
4914	0.0	0.6	0.759
4915	0.0	0.6	0.847
4916	0.0	0.6	1.048
4917	0.0	0.6	1.077
4918	0.0	0.6	1.004
4919	0.0	0.6	0.604
4920	0.0	0.6	0.379
4921	0.0	0.6	0.262
4922	0.0	0.6	0.142
4923	0.0	0.6	0.055
4924	0.0	0.6	0.040
4925	0.0	0.6	0.121
4926	0.0	0.6	0.302
4927	0.0	0.6	0.817
4928	0.0	0.6	0.874
4929	0.0	0.6	0.878
4930	0.0	0.6	0.920
4931	0.0	0.5	0.878
4932	0.0	0.5	0.851
4933	0.0	0.5	0.788
4934	0.0	0.5	0.692
4935	0.0	0.5	0.631
4936	0.0	0.5	0.589
4937	0.0	0.5	0.612
4938	0.0	0.5	0.759
4939	0.0	0.5	0.847
4940	0.0	0.5	1.048
4941	0.0	0.5	1.077
4942	0.0	0.5	1.004
4943	0.0	0.5	0.604
4944	0.0	0.5	0.379
4945	0.0	0.5	0.262
4946	0.0	0.5	0.142
4947	0.0	0.5	0.055
4948	0.0	0.5	0.040
4949	0.0	0.5	0.121
4950	0.0	0.4	0.302
4951	0.0	0.4	0.817
4952	0.0	0.4	0.874
4953	0.0	0.4	0.878
4954	0.0	0.4	0.920
4955	0.0	0.4	0.878
4956	0.0	0.4	0.851
4957	0.0	0.4	0.788
4958	0.0	0.4	0.692
4959	0.0	0.4	0.631
4960	0.0	0.4	0.589
4961	0.0	0.4	0.612
4962	0.0	0.4	0.759
4963	0.0	0.4	0.847
4964	0.0	0.4	1.048
4965	0.0	0.4	1.077
4966	0.0	0.4	1.004
4967	0.0	0.3	0.604
4968	0.0	0.3	0.379
4969	0.0	0.3	0.262
4970	0.0	0.3	0.142
4971	0.0	0.3	0.055
4972	0.0	0.3	0.040
4973	0.0	0.3	0.121
4974	0.0	0.3	0.302
4975	0.0	0.3	0.817
4976	0.0	0.3	0.874
4977	0.0	0.3	0.878
4978	0.0	0.2	0.920
4979	0.0	0.2	0.878
4980	0.0	0.2	0.851
4981	0.0	0.2	0.788
4982	0.0	0.2	0.692
4983	0.0	0.2	0.631
4984	0.0	0.2	0.589
4985	0.0	0.2	0.612
4986	0.0	0.2	0.759
4987	0.0	0.2	0.847
4988	0.0	0.2	1.048
4989	0.0	0.2	1.077
4990	0.0	0.2	1.004
4991	0.0	0.2	0.604
4992	0.0	0.2	0.379
4993	0.0	0.2	0.262
4994	0.0	0.2	0.142
4995	0.0	0.2	0.055
4996	0.0	0.1	0.040
4997	0.0	0.1	0.121
4998	0.0	0.1	0.302
4999	0.0	0.1	0.817
5000	0.0	0.1	0.874
5001	0.0	0.1	0.878
5002	0.0	0.1	0.920
5003	0.0	0.1	0.878
5004	0.0	0.1	0.851
5005	0.0	0.1	0.788
5006	0.0	0.1	0.692
5007	0.0	0.1	0.631
5008	0.0	0.1	0.589
5009	0.0	0.1	0.612
5010	0.0	0.0	0.759
5011	0.0	0.0	0.847
5012	0.0	0.0	1.048
5013	0.0	0.0	1.077
5014	0.0	0.0	1.004
5015	0.0	0.0	0.604
5016	0.0	0.0	0.379
5017	0.0	0.0	0.262
5018	0.0	0.0	0.142
5019	0.0	0.0	0.055
5020	0.0	0.0	0.040
5021	0.0	0.0	0.121
5022	0.0	0.0	0.302
5023	0.0	0.0	0.817
5024	0.0	0.0	0.874
5025	0.0	0.0	0.878
5026	0.0	0.0	0.920
5027	0.0	0.0	0.878
5028	0.0	0.0	0.851
5029	0.0	0.0	0.788
5030	0.0	0.0	0.692
5031	0.0	0.0	0.631
5032	0.0	0.0	0.589
5033	0.0	0.0	0.612
5034	0.0	0.0	0.759
5035	0.0	0.0	0.847
5036	0.0	0.0	1.048
5037	0.0	0.0	1.077
5038	0.0	0.0	1.004
5039	0.0	0.0	0.604
5040	0.0	0.0	0.379
5041	0.0	0.0	0.262
5042	0.0	0.0	0.142
5043	0.0	0.0	0.055
5044	0.0	0.0	0.040
5045	0.0	0.0	0.121
5046	0.0	0.0	0.302
5047	0.0	0.0	0.817
5048	0.0	0.0	0.874
5049	0.0	0.0	0.878
5050	0.0	0.0	0.920
5051	0.0	0.0	0.878
5052	0.0	0.0	0.851
5053	0.0	0.0	0.788
5054	0.0	0.0	0.692
5055	0.0	0.0	0.631
5056	0.0	0.0	0.589
5057	0.0	0.0	0.612
5058	0.0	0.0	0.759
5059	0.0	0.0	0.847
5060	0.0	0.0	1.048
5061	0.0	0.0	1.077
5062	0.0	0.0	1.004
5063	0.0	0.0	0.604
5064	0.0	0.0	0.379
5065	0.0	0.0	0.262
5066	0.0	0.0	0.142
5067	0.0	0.0	0.055
5068	0.0	0.0	0.040
5069	0.0	0.0	0.121
5070	0.0	0.0	0.302
5071	0.0	0.0	0.817
5072	0.0	0.0	0.874
5073	0.0	0.0	0.878
5074	0.0	0.0	0.920
5075	0.0	0.0	0.878
5076	0.0	0.0	0.851
5077	0.0	0.0	0.788
5078	0.0	0.0	0.692
5079	0.0	0.0	0.631
5080	0.0	0.0	0.589
5081	0.0	0.0	0.612
5082	0.0	0.0	0.759
5083	0.0	0.0	0.847
5084	0.0	0.0	1.048
5085	0.0	0.0	1.077
5086	0.0	0.0	1.004
5087	0.0	0.0	0.604
5088	0.0	0.0	0.379
5089	0.0	0.0	0.262
5090	0.0	0.0	0.142
5091	0.0	0.0	0.055
5092	0.0	0.0	0.040
5093	0.0	0.0	0.121
5094	0.0	0.0	0.302
5095	0.0	0.0	0.817
5096	0.0	0.0	0.874
5097	0.0	0.0	0.878
5098	0.0	0.0	0.920
5099	0.0	0.0	0.878
5100	0.0	0.0	0.851
5101	0.0	0.0	0.788
5102	0.0	0.0	0.692
5103	0.0	0.0	0.631
5104	0.0	0.0	0.589
5105	0.0	0.0	0.612
5106	0.0	0.0	0.759
5107	0.0	0.0	0.847
5108	0.0	0.0	1.048
5109	0.0	0.0	1.077
5110	0.0	0.0	1.004
5111	0.0	0.0	0.604
5112	0.0	0.0	0.379
5113	0.0	0.0	0.262
5114	0.0	0.0	0.142
5115	0.0	0.0	0.055
5116	0.0	0.0	0.040
5117	0.0	0.0	0.121
5118	0.0	0.0	0.302
5119	0.0	0.0	0.817
5120	0.0	0.0	0.874
5121	0.0	0.0	0.878
5122	0.0	0.0	0.920
5123	0.0	0.0	0.878
5124	0.0	0.0	0.851
5125	0.0	0.0	0.788
5126	0.0	0.0	0.692
5127	0.0	0.0	0.631
5128	0.0	0.0	0.589
5129	0.0	0.0	0.612
5130	0.0	0.0	0.759
5131	0.0	0.0	0.847
5132	0.0	0.0	1.048
5133	0.0	0.0	1.077
5134	0.0	0.0	1.004
5135	0.0	0.0	0.604
5136	0.0	0.0	0.379
5137	0.0	0.0	0.262
5138	0.0	0.0	0.142
5139	0.0	0.0	0.055
5140	0.0	0.0	0.040
5141	0.0	0.0	0.121
5142	0.0	0.0	0.302
5143	0.0	0.0	0.817
5144	0.0	0.0	0.874
5145	0.0	0.0	0.878
5146	0.0	0.0	0.920
5147	0.0	0.0	0.878
5148	0.0	0.0	0.851
5149	0.0	0.0	0.788
5150	0.0	0.0	0.692
5151	0.0	0.0	0.631
5152	0.0	0.0	0.589
5153	0.0	0.0	0.612
5154	0.0	0.0	0.759
5155	0.0	0.0	0.847
5156	0.0	0.0	1.048
5157	0.0	0.0	1.077
5158	0.0	0.0	1.004
5159	0.0	0.0	0.604
5160	0.0	0.0	0.379
5161	0.0	0.0	0.262
5162	0.0	0.0	0.142
5163	0.0	0.0	0.055
5164	0.0	0.0	0.040
5165	0.0	0.0	0.121
5166	0.0	0.0	0.302
5167	0.0	0.0	0.817
5168	0.0	0.0	0.874
5169	0.0	0.0	0.878
5170	0.0	0.0	0.920
5171	0.0	0.0	0.878
5172	0.0	0.0	0.851
5173	0.0	0.0	0.788
5174	0.0	0.0	0.692
5175	0.0	0.0	0.631
5176	0.0	0.0	0.589
5177	0.0	0.0	0.612
5178	0.0	0.0	0.759
5179	0.0	0.0	0.847
5180	0.0	0.0	1.048
5181	0.0	0.0	1.077
5182	0.0	0.0	1.004
5183	0.0	0.0	0.604
5184	0.0	0.0	0.379
5185	0.0	0.0	0.262
5186	0.0	0.0	0.142
5187	0.0	0.0	0.055
5188	0.0	0.0	0.040
5189	0.0	0.0	0.121
5190	0.0	0.0	0.302
5191	0.0	0.0	0.817
5192	0.0	0.0	0.874
5193	0.0	0.0	0.878
5194	0.0	0.0	0.920
5195	0.0	0.0	0.878
5196	0.0	0.0	0.851
5197	0.0	0.0	0.788
5198	0.0	0.0	0.692
5199	0.0	0.0	0.631
5200	0.0	0.0	0.589
5201	0.0	0.0	0.612
5202	0.0	0.0	0.759
5203	0.0	0.0	0.847
5204	0.0	0.0	1.048
5205	0.0	0.0	1.077
5206	0.0	0.0	1.004
5207	0.0	0.0	0.604
5208	0.0	0.0	0.379
5209	0.0	0.0	0.262
5210	0.0	0.0	0.142
5211	0.0	0.0	0.055
5212	0.0	0.0	0.040
5213	0.0	0.0	0.121
5214	0.0	0.0	0.302
5215	0.0	0.0	0.817
5216	0.0	0.0	0.874
5217	0.0	0.0	0.878
5218	0.0	0.0	0.920
5219	0.0	0.0	0.878
5220	0.0	0.0	0.851
5221	0.0	0.0	0.788
5222	0.0	0.0	0.692
5223	0.0	0.0	0.631
5224	0.0	0.0	0.589
5225	0.0	0.0	0.612
5226	0.0	0.0	0.759
5227	0.0	0.0	0.847
5228	0.0	0.0	1.048
5229	0.0	0.0	1.077
5230	0.0	0.0	1.004
5231	0.0	0.0	0.604
5232	0.0	0.0	0.379
5233	0.0	0.0	0.262
5234	0.0	0.0	0.142
5235	0.0	0.0	0.055
5236	0.0	0.0	0.040
5237	0.0	0.0	0.121
5238	0.0	0.0	0.302
5239	0.0	0.0	0.817
5240	0.0	0.0	0.874
5241	0.0	0.0	0.878
5242	0.0	0.0	0.920
5243	0.0	0.0	0.878
5244	0.0	0.0	0.851
5245	0.0	0.0	0.788
5246	0.0	0.0	0.692
5247	0.0	0.0	0.631
5248	0.0	0.0	0.589
5249	0.0	0.0	0.612
5250	0.0	0.0	0.759
5251	0.0	0.0	0.847
5252	0.0	0.0	1.048
5253	0.0	0.0	1.077
5254	0.0	0.0	1.004
5255	0.0	0.0	0.604
5256	0.0	0.0	0.379
5257	0.0	0.0	0.262
5258	0.0	0.0	0.142
5259	0.0	0.0	0.055
5260	0.0	0.0	0.040
5261	0.0	0.0	0.121
5262	0.0	0.0	0.302
5263	0.0	0.0	0.817
5264	0.0	0.0	0.874
5265	0.0	0.0	0.878
5266	0.0	0.0	0.920
5267	0.0	0.0	0.878
5268	0.0	0.0	0.851
5269	0.0	0.0	0.788
5270	0.0	0.0	0.692
5271	0.0	0.0	0.631
5272	0.0	0.0	0.589
5273	0.0	0.0	0.612
5274	0.0	0.0	0.759
5275	0.0	0.0	0.847
5276	0.0	0.0	1.048
5277	0.0	0.0	1.077
5278	0.0	0.0	1.004
5279	0.0	0.0	0.604
5280	0.0	0.0	0.379
5281	0.0	0.0	0.262
5282	0.0	0.0	0.142
5283	0.0	0.0	0.055
5284	0.0	0.0	0.040
5285	0.0	0.0	0.121
5286	0.0	0.0	0.302
5287	0.0	0.0	0.817
5288	0.0	0.0	0.874
5289	0.0	0.0	0.878
5290	0.0	0.0	0.920
5291	0.0	0.0	0.878
5292	0.0	0.0	0.851
5293	0.0	0.0	0.788
5294	0.0	0.0	0.692
5295	0.0	0.0	0.631
5296	0.0	0.0	0.589
5297	0.0	0.0	0.612
5298	0.0	0.0	0.759
5299	0.0	0.0	0.847
5300	0.0	0.0	1.048
5301	0.0	0.0	1.077
5302	0.0	0.0	1.004
5303	0.0	0.0	0.604
5304	0.0	0.0	0.379
5305	0.0	0.0	0.262
5306	0.0	0.0	0.142
5307	0.0	0.0	0.055
5308	0.0	0.0	0.040
5309	0.0	0.0	0.121
5310	0.0	0.0	0.302
5311	0.0	0.0	0.817
5312	0.0	0.0	0.874
5313	0.0	0.0	0.878
5314	0.0	0.0	0.920
5315	0.0	0.0	0.878
5316	0.0	0.0	0.851
5317	0.0	0.0	0.788
5318	0.0	0.0	0.692
5319	0.0	0.0	0.631
5320	0.0	0.0	0.589
5321	0.0	0.0	0.612
5322	0.0	0.0	0.759
5323	0.0	0.0	0.847
5324	0.0	0.0	1.048
5325	0.0	0.0	1.077
5326	0.0	0.0	1.004
5327	0.0	0.0	0.604
5328	0.0	0.0	0.379
5329	0.0	0.0	0.262
5330	0.0	0.0	0.142
5331	0.0	0.0	0.055
5332	0.0	0.0	0.040
5333	0.0	0.0	0.121
5334	0.0	0.0	0.302
5335	0.0	0.0	0.817
5336	0.0	0.0	0.874
5337	0.0	0.0	0.878
5338	0.0	0.0	0.920
5339	0.0	0.0	0.878
5340	0.0	0.0	0.851
5341	0.0	0.0	0.788
5342	0.0	0.0	0.692
5343	0.0	0.0	0.631
5344	0.0	0.0	0.589
5345	0.0	0.0	0.612
5346	0.0	0.0	0.759
5347	0.0	0.0	0.847
5348	0.0	0.0	1.048
5349	0.0	0.0	1.077
5350	0.0	0.0	1.004
5351	0.0	0.0	0.604
5352	0.0	0.0	0.379
5353	0.0	0.0	0.262
5354	0.0	0.0	0.142
5355	0.0	0.0	0.055
5356	0.0	0.0	0.040
5357	0.0	0.0	0.121
5358	0.0	0.0	0.302
5359	0.0	0.0	0.817
5360	0.0	0.0	0.874
5361	0.0	0.0	0.878
5362	0.0	0.0	0.920
5363	0.0	0.0	0.878
5364	0.0	0.0	0.851
5365	0.0	0.0	0.788
5366	0.0	0.0	0.692
5367	0.0	0.0	0.631
5368	0.0	0.0	0.589
5369	0.0	0.0	0.612
5370	0.0	0.0	0.759
5371	0.0	0.0	0.847
5372	0.0	0.0	1.048
5373	0.0	0.0	1.077
5374	0.0	0.0	1.004
5375	0.0	0.0	0.604
5376	0.0	0.0	0.379
5377	0.0	0.0	0.262
5378	0.0	0.0	0.142
5379	0.0	0.0	0.055
5380	0.0	0.0	0.040
5381	0.0	0.0	0.121
5382	0.0	0.0	0.302
5383	0.0	0.0	0.817
5384	0.0	0.0	0.874
5385	0.0	0.0	0.878
5386	0.0	0.0	0.920
5387	0.0	0.0	0.878
5388	0.0	0.0	0.851
5389	0.0	0.0	0.788
5390	0.0	0.0	0.692
5391	0.0	0.0	0.631
5392	0.0	0.0	0.589
5393	0.0	0.0	0.612
5394	0.0	0.0	0.759
5395	0.0	0.0	0.847
5396	0.0	0.0	1.048
5397	0.0	0.0	1.077
5398	0.0	0.0	1.004
5399	0.0	0.0	0.604
5400	0.0	0.0	0.379
5401	0.0	0.0	0.262
5402	0.0	0.0	0.142
5403	0.0	0.0	0.055
5404	0.0	0.0	0.040
5405	0.0	0.0	0.121
5406	0.0	0.0	0.302
5407	0.0	0.0	0.817
5408	0.0	0.0	0.874
5409	0.0	0.0	0.878
5410	0.0	0.0	0.920
5411	0.0	0.0	0.878
5412	0.0	0.0	0.851
5413	0.0	0.0	0.788
5414	0.0	0.0	0.692
5415	0.0	0.0	0.631
5416	0.0	0.0	0.589
5417	0.0	0.0	0.612
5418	0.0	0.0	0.759
5419	0.0	0.0	0.847
5420	0.0	0.0	1.048
5421	0.0	0.0	1.077
5422	0.0	0.0	1.004
5423	0.0	0.0	0.604
5424	0.0	0.0	0.379
5425	0.0	0.0	0.262
5426	0.0	0.0	0.142
5427	0.0	0.0	0.055
5428	0.0	0.0	0.040
5429	0.0	0.0	0.121
5430	0.0	0.0	0.302
5431	0.0	0.0	0.817
5432	0.0	0.0	0.874
5433	0.0	0.0	0.878
5434	0.0	0.0	0.920
5435	0.0	0.0	0.878
5436	0.0	0.0	0.851
5437	0.0	0.0	0.788
5438	0.0	0.0	0.692
5439	0.0	0.0	0.631
5440	0.0	0.0	0.589
5441	0.0	0.0	0.612
5442	0.0	0.0	0.759
5443	0.0	0.0	0.847
5444	0.0	0.0	1.048
5445	0.0	0.0	1.077
5446	0.0	0.0	1.004
5447	0.0	0.0	0.604
5448	0.0	0.0	0.379
5449	0.0	0.0	0.262
5450	0.0	0.0	0.142
5451	0.0	0.0	0.055
5452	0.0	0.0	0.040
5453	0.0	0.0	0.121
5454	0.0	0.0	0.302
5455	0.0	0.0	0.817
5456	0.0	0.0	0.874
5457	0.0	0.0	0.878
5458	0.0	0.0	0.920
5459	0.0	0.0	0.878
5460	0.0	0.0	0.851
5461	0.0	0.0	0.788
5462	0.0	0.0	0.692
5463	0.0	0.0	0.631
5464	0.0	0.0	0.589
5465	0.0	0.0	0.612
5466	0.0	0.0	0.759
5467	0.0	0.0	0.847
5468	0.0	0.0	1.048
5469	0.0	0.0	1.077
5470	0.0	0.0	1.004
5471	0.0	0.0	0.604
5472	0.0	0.0	0.379
5473	0.0	0.0	0.262
5474	0.0	0.0	0.142
5475	0.0	0.0	0.055
5476	0.0	0.0	0.040
5477	0.0	0.0	0.121
5478	0.0	0.0	0.302
5479	0.0	0.0	0.817
5480	0.0	0.0	0.874
5481	0.0	0.0	0.878
5482	0.0	0.0	0.920
5483	0.0	0.0	0.878
5484	0.0	0.0	0.851
5485	0.0	0.0	0.788
5486	0.0	0.0	0.692
5487	0.0	0.0	0.631
5488	0.0	0.0	0.589
5489	0.0	0.0	0.612
5490	0.0	0.0	0.759
5491	0.0	0.0	0.847
5492	0.0	0.0	1.048
5493	0.0	0.0	1.077
5494	0.0	0.0	1.004
5495	0.0	0.0	0.604
5496	0.0	0.0	0.379
5497	0.0	0.0	0.262
5498	0.0	0.0	0.142
5499	0.0	0.0	0.055
5500	0.0	0.0	0.040
5501	0.0	0.0	0.121
5502	0.0	0.0	0.302
5503	0.0	0.0	0.817
5504	0.0	0.0	0.874
5505	0.0	0.0	0.878
5506	0.0	0.0	0.920
5507	0.0	0.0	0.878
5508	0.0	0.0	0.851
5509	0.0	0.0	0.788
5510	0.0	0.0	0.692
5511	0.0	0.0	0.631
5512	0.0	0.0	0.589
5513	0.0	0.0	0.612
5514	0.0	0.0	0.759
5515	0.0	0.0	0.847
5516	0.0	0.0	1.048
5517	0.0	0.0	1.077
5518	0.0	0.0	1.004
5519	0.0	0.0	0.604
5520	0.0	0.0	0.379
5521	0.0	0.0	0.262
5522	0.0	0.0	0.142
5523	0.0	0.0	0.055
5524	0.0	0.0	0.040
5525	0.0	0.0	0.121
5526	0.0	0.0	0.302
5527	0.0	0.0	0.817
5528	0.0	0.0	0.874
5529	0.0	0.0	0.878
5530	0.0	0.0	0.920
5531	0.0	0.0	0.878
5532	0.0	0.0	0.851
5533	0.0	0.0	0.788
5534	0.0	0.0	0.692
5535	0.0	0.0	0.631
5536	0.0	0.0	0.589
5537	0.0	0.0	0.612
5538	0.0	0.0	0.759
5539	0.0	0.0	0.847
5540	0.0	0.0	1.048
5541	0.0	0.0	1.077
5542	0.0	0.0	1.004
5543	0.0	0.0	0.604
5544	0.0	0.0	0.379
5545	0.0	0.0	0.262
5546	0.0	0.0	0.142
5547	0.0	0.0	0.055
5548	0.0	0.0	0.040
5549	0.0	0.0	0.121
5550	0.0	0.0	0.302
5551	0.0	0.0	0.817
5552	0.0	0.0	0.874
5553	0.0	0.0	0.878
5554	0.0	0.0	0.920
5555	0.0	0.0	0.878
5556	0.0	0.0	0.851
5557	0.0	0.0	0.788
5558	0.0	0.0	0.692
5559	0.0	0.0	0.631
5560	0.0	0.0	0.589
5561	0.0	0.0	0.612
5562	0.0	0.0	0.759
5563	0.0	0.0	0.847
5564	0.0	0.0	1.048
5565	0.0	0.0	1.077
5566	0.0	0.0	1.004
5567	0.0	0.0	0.604
5568	0.0	0.0	0.379
5569	0.0	0.0	0.262
5570	0.0	0.0	0.142
5571	0.0	0.0	0.055
5572	0.0	0.0	0.040
5573	0.0	0.0	0.121
5574	0.0	0.0	0.302
5575	0.0	0.0	0.817
5576	0.0	0.0	0.874
5577	0.0	0.0	0.878
5578	0.0	0.0	0.920
5579	0.0	0.0	0.878
5580	0.0	0.0	0.851
5581	0.0	0.0	0.788
5582	0.0	0.0	0.692
5583	0.0	0.0	0.631
5584	0.0	0.0	0.589
5585	0.0	0.0	0.612
5586	0.0	0.0	0.759
5587	0.0	0.0	0.847
5588	0.0	0.0	1.048
5589	0.0	0.0	1.077
5590	0.0	0.0	1.004
5591	0.0	0.0	0.604
5592	0.0	0.0	0.379
5593	0.0	0.0	0.262
5594	0.0	0.0	0.142
5595	0.0	0.0	0.055
5596	0.0	0.0	0.040
5597	0.0	0.0	0.121
5598	0.0	0.0	0.302
5599	0.0	0.0	0.817
5600	0.0	0.0	0.874
5601	0.0	0.0	0.878
5602	0.0	0.0	0.920
5603	0.0	0.0	0.878
5604	0.0	0.0	0.851
5605	0.0	0.0	0.788
5606	0.0	0.0	0.692
5607	0.0	0.0	0.631
5608	0.0	0.0	0.589
5609	0.0	0.0	0.612
5610	0.0	0.0	0.759
5611	0.0	0.0	0.847
5612	0.0	0.0	1.048
5613	0.0	0.0	1.077
5614	0.0	0.0	1.004
5615	0.0	0.0	0.604
5616	0.0	0.0	0.379
5617	0.0	0.0	0.262
5618	0.0	0.0	0.142
5619	0.0	0.0	0.055
5620	0.0	0.0	0.040
5621	0.0	0.0	0.121
5622	0.0	0.0	0.302
5623	0.0	0.0	0.817
5624	0.0	0.0	0.874
5625	0.0	0.0	0.878
5626	0.0	0.0	0.920
5627	0.0	0.0	0.878
5628	0.0	0.0	0.851
5629	0.0	0.0	0.788
5630	0.0	0.0	0.692
5631	0.0	0.0	0.631
5632	0.0	0.0	0.589
5633	0.0	0.0	0.612
5634	0.0	0.0	0.759
5635	0.0	0.0	0.847
5636	0.0	0.0	1.048
5637	0.0	0.0	1.077
5638	0.0	0.0	1.004
5639	0.0	0.0	0.604
5640	0.0	0.0	0.379
5641	0.0	0.0	0.262
5642	0.0	0.0	0.142
5643	0.0	0.0	0.055
5644	0.0	0.0	0.040
5645	0.0	0.0	0.121
5646	0.0	0.0	0.302
5647	0.0	0.0	0.817
5648	0.0	0.0	0.874
5649	0.0	0.0	0.878
5650	0.0	0.0	0.920
5651	0.0	0.0	0.878
5652	0.0	0.0	0.851
5653	0.0	0.0	0.788
5654	0.0	0.0	0.692
5655	0.0	0.0	0.631
5656	0.0	0.0	0.589
5657	0.0	0.0	0.612
5658	0.0	0.0	0.759
5659	0.0	0.0	0.847
5660	0.0	0.0	1.048
5661	0.0	0.0	1.077
5662	0.0	0.0	1.004
5663	0.0	0.0	0.604
5664	0.0	0.0	0.379
5665	0.0	0.0	0.262
5666	0.0	0.0	0.142
5667	0.0	0.0	0.055
5668	0.0	0.0	0.040
5669	0.0	0.0	0.121
5670	0.0	0.0	0.302
5671	0.0	0.0	0.817
5672	0.0	0.0	0.874
5673	0.0	0.0	0.878
5674	0.0	0.0	0.920
5675	0.0	0.0	0.878
5676	0.0	0.0	0.851
5677	0.0	0.0	0.788
5678	0.0	0.0	0.692
5679	0.0	0.0	0.631
5680	0.0	0.0	0.589
5681	0.0	0.0	0.612
5682	0.0	0.0	0.759
5683	0.0	0.0	0.847
5684	0.0	0.0	1.048
5685	0.0	0.0	1.077
5686	0.0	0.0	1.004
5687	0.0	0.0	0.604
5688	0.0	0.0	0.379
5689	0.0	0.0	0.262
5690	0.0	0.0	0.142
5691	0.0	0.0	0.055
5692	0.0	0.0	0.040
5693	0.0	0.0	0.121
5694	0.0	0.0	0.302
5695	0.0	0.0	0.817
5696	0.0	0.0	0.874
5697	0.0	0.0	0.878
5698	0.0	0.0	0.920
5699	0.0	0.0	0.878
5700	0.0	0.0	0.851
5701	0.0	0.0	0.788
5702	0.0	0.0	0.692
5703	0.0	0.0	0.631
5704	0.0	0.0	0.589
5705	0.0	0.0	0.612
5706	0.0	0.0	0.759
5707	0.0	0.0	0.847
5708	0.0	0.0	1.048
5709	0.0	0.0	1.077
5710	0.0	0.0	1.004
5711	0.0	0.0	0.604
5712	0.0	0.0	0.379
5713	0.0	0.0	0.262
5714	0.0	0.0	0.142
5715	0.0	0.0	0.055
5716	0.0	0.0	0.040
5717	0.0	0.0	0.121
5718	0.0	0.0	0.302
5719	0.0	0.0	0.817
5720	0.0	0.0	0.874
5721	0.0	0.0	0.878
5722	0.0	0.0	0.920
5723	0.0	0.0	0.878
5724	0.0	0.0	0.851
5725	0.0	0.0	0.788
5726	0.0	0.0	0.692
5727	0.0	0.0	0.631
5728	0.0	0.0	0.589
5729	0.0	0.0	0.612
5730	0.0	0.0	0.759
5731	0.0	0.0	0.847
5732	0.0	0.0	1.048
5733	0.0	0.0	1.077
5734	0.0	0.0	1.004
5735	0.0	0.0	0.604
5736	0.0	0.0	0.379
5737	0.0	0.0	0.262
5738	0.0	0.0	0.142
5739	0.0	0.0	0.055
5740	0.0	0.0	0.040
5741	0.0	0.0	0.121
5742	0.0	0.0	0.302
5743	0.0	0.0	0.817
5744	0.0	0.0	0.874
5745	0.0	0.0	0.878
5746	0.0	0.0	0.920
5747	0.0	0.0	0.878
5748	0.0	0.0	0.851
5749	0.0	0.0	0.788
5750	0.0	0.0	0.692
5751	0.0	0.0	0.631
5752	0.0	0.0	0.589
5753	0.0	0.0	0.612
5754	0.0	0.0	0.759
5755	0.0	0.0	0.847
5756	0.0	0.0	1.048
5757	0.0	0.0	1.077
5758	0.0	0.0	1.004
5759	0.0	0.0	0.604
5760	0.0	0.0	0.379
5761	0.0	0.0	0.262
5762	0.0	0.0	0.142
5763	0.0	0.0	0.055
5764	0.0	0.0	0.040
5765	0.0	0.0	0.121
5766	0.0	0.0	0.302
5767	0.0	0.0	0.817
5768	0.0	0.0	0.874
5769	0.0	0.0	0.878
5770	0.0	0.0	0.920
5771	0.0	0.0	0.878
5772	0.0	0.0	0.851
5773	0.0	0.0	0.788
5774	0.0	0.0	0.692
5775	0.0	0.0	0.631
5776	0.0	0.0	0.589
5777	0.0	0.0	0.612
5778	0.0	0.0	0.759
5779	0.0	0.0	0.847
5780	0.0	0.0	1.048
5781	0.0	0.0	1.077
5782	0.0	0.0	1.004
5783	0.0	0.0	0.604
5784	0.0	0.0	0.379
5785	0.0	0.0	0.262
5786	0.0	0.0	0.142
5787	0.0	0.0	0.055
5788	0.0	0.0	0.040
5789	0.0	0.0	0.121
5790	0.0	0.0	0.302
5791	0.0	0.0	0.817
5792	0.0	0.0	0.874
5793	0.0	0.0	0.878
5794	0.0	0.0	0.920
5795	0.0	0.0	0.878
5796	0.0	0.0	0.851
5797	0.0	0.0	0.788
5798	0.0	0.0	0.692
5799	0.0	0.0	0.631
5800	0.0	0.0	0.589
5801	0.0	0.0	0.612
5802	0.0	0.0	0.759
5803	0.0	0.0	0.847
5804	0.0	0.0	1.048
5805	0.0	0.0	1.077
5806	0.0	0.0	1.004
5807	0.0	0.0	0.604
5808	0.0	0.0	0.379
5809	0.0	0.0	0.262
5810	0.0	0.0	0.142
5811	0.0	0.0	0.055
5812	0.0	0.0	0.040
5813	0.0	0.0	0.121
5814	0.0	0.0	0.302
5815	0.0	0.0	0.817
5816	0.0	0.0	0.874
5817	0.0	0.0	0.878
5818	0.0	0.0	0.920
5819	0.0	0.0	0.878
5820	0.0	0.0	0.851
5821	0.0	0.0	0.788
5822	0.0	0.0	0.692
5823	0.0	0.0	0.631
5824	0.0	0.0	0.589
5825	0.0	0.0	0.612
5826	0.0	0.0	0.759
5827	0.0	0.0	0.847
5828	0.0	0.0	1.048
5829	0.0	0.0	1.077
5830	0.0	0.0	1.004
5831	0.0	0.0	0.604
5832	0.0	0.0	0.379
5833	0.0	0.0	0.262
5834	0.0	0.0	0.142
5835	0.0	0.0	0.055
5836	0.0	0.0	0.040
5837	0.0	0.0	0.121
5838	0.0	0.0	0.302
5839	0.0	0.0	0.817
5840	0.0	0.0	0.874
5841	0.0	0.0	0.878
5842	0.0	0.0	0.920
5843	0.0	0.0	0.878
5844	0.0	0.0	0.851
5845	0.0	0.0	0.788
5846	0.0	0.0	0.692
5847	0.0	0.0	0.631
5848	0.0	0.0	0.589
5849	0.0	0.0	0.612
5850	0.0	0.0	0.759
5851	0.0	0.0	0.847
5852	0.0	0.0	1.048
5853	0.0	0.0	1.077
5854	0.0	0.0	1.004
5855	0.0	0.0	0.604
5856	0.0	0.0	0.379
5857	0.0	0.0	0.262
5858	0.0	0.0	0.142
5859	0.0	0.0	0.055
5860	0.0	0.0	0.040
5861	0.0	0.0	0.121
5862	0.0	0.0	0.302
5863	0.0	0.0	0.817
5864	0.0	0.0	0.874
5865	0.0	0.0	0.878
5866	0.0	0.0	0.920
5867	0.0	0.0	0.878
5868	0.0	0.0	0.851
5869	0.0	0.0	0.788
5870	0.0	0.0	0.692
5871	0.0	0.0	0.631
5872	0.0	0.0	0.589
5873	0.0	0.0	0.612
5874	0.0	0.0	0.759
5875	0.0	0.0	0.847
5876	0.0	0.0	1.048
5877	0.0	0.0	1.077
5878	0.0	0.0	1.004
5879	0.0	0.0	0.604
5880	0.0	0.0	0.379
5881	0.0	0.0	0.262
5882	0.0	0.0	0.142
5883	0.0	0.0	0.055
5884	0.0	0.0	0.040
5885	0.0	0.0	0.121
5886	0.0	0.0	0.302
5887	0.0	0.0	0.817
5888	0.0	0.0	0.874
5889	0.0	0.0	0.878
5890	0.0	0.0	0.920
5891	0.0	0.0	0.878
5892	0.0	0.0	0.851
5893	0.0	0.0	0.788
5894	0.0	0.0	0.692
5895	0.0	0.0	0.631
5896	0.0	0.0	0.589
5897	0.0	0.0	0.612
5898	0.0	0.0	0.759
5899	0.0	0.0	0.847
5900	0.0	0.0	1.048
5901	0.0	0.0	1.077
5902	0.0	0.0	1.004
5903	0.0	0.0	0.604
5904	0.0	0.0	0.379
5905	0.0	0.0	0.262
5906	0.0	0.0	0.142
5907	0.0	0.0	0.055
5908	0.0	0.0	0.040
5909	0.0	0.0	0.121
5910	0.0	0.0	0.302
5911	0.0	0.0	0.817
5912	0.0	0.0	0.874
5913	0.0	0.0	0.878
5914	0.0	0.0	0.920
5915	0.0	0.0	0.878
5916	0.0	0.0	0.851
5917	0.0	0.0	0.788
5918	0.0	0.0	0.692
5919	0.0	0.0	0.631
5920	0.0	0.0	0.589
5921	0.0	0.0	0.612
5922	0.0	0.0	0.759
5923	0.0	0.0	0.847
5924	0.0	0.0	1.048
5925	0.0	0.0	1.077
5926	0.0	0.0	1.004
5927	0.0	0.0	0.604
5928	0.0	0.0	0.379
5929	0.0	0.0	0.262
5930	0.0	0.0	0.142
5931	0.0	0.0	0.055
5932	0.0	0.0	0.040
5933	0.0	0.0	0.121
5934	0.0	0.0	0.302
5935	0.0	0.0	0.817
5936	0.0	0.0	0.874
5937	0.0	0.0	0.878
5938	0.0	0.0	0.920
5939	0.0	0.0	0.878
5940	0.0	0.0	0.851
5941	0.0	0.0	0.788
5942	0.0	0.0	0.692
5943	0.0	0.0	0.631
5944	0.0	0.0	0.589
5945	0.0	0.0	0.612
5946	0.0	0.0	0.759
5947	0.0	0.0	0.847
5948	0.0	0.0	1.048
5949	0.0	0.0	1.077
5950	0.0	0.0	1.004
5951	0.0	0.0	0.604
5952	0.0	0.0	0.379
5953	0.0	0.0	0.262
5954	0.0	0.0	0.142
5955	0.0	0.0	0.055
5956	0.0	0.0	0.040
5957	0.0	0.0	0.121
5958	0.0	0.0	0.302
5959	0.0	0.0	0.817
5960	0.0	0.0	0.874
5961	0.0	0.0	0.878
5962	0.0	0.0	0.920
5963	0.0	0.0	0.878
5964	0.0	0.0	0.851
5965	0.0	0.0	0.788
5966	0.0	0.0	0.692
5967	0.0	0.0	0.631
5968	0.0	0.0	0.589
5969	0.0	0.0	0.612
5970	0.0	0.0	0.759
5971	0.0	0.0	0.847
5972	0.0	0.0	1.048
5973	0.0	0.0	1.077
5974	0.0	0.0	1.004
5975	0.0	0.0	0.604
5976	0.0	0.0	0.379
5977	0.0	0.0	0.262
5978	0.0	0.0	0.142
5979	0.0	0.0	0.055
5980	0.0	0.0	0.040
5981	0.0	0.0	0.121
5982	0.0	0.0	0.302
5983	0.0	0.0	0.817
5984	0.0	0.0	0.874
5985	0.0	0.0	0.878
5986	0.0	0.0	0.920
5987	0.0	0.0	0.878
5988	0.0	0.0	0.851
5989	0.0	0.0	0.788
5990	0.0	0.0	0.692
5991	0.0	0.0	0.631
5992	0.0	0.0	0.589
5993	0.0	0.0	0.612
5994	0.0	0.0	0.759
5995	0.0	0.0	0.847
5996	0.0	0.0	1.048
5997	0.0	0.0	1.077
5998	0.0	0.0	1.004
5999	0.0	0.0	0.604
6000	0.0	0.0	0.379
6001	0.0	0.0	0.262
6002	0.0	0.0	0.142
6003	0.0	0.0	0.055
6004	0.0	0.0	0.040
6005	0.0	0.0	0.121
6006	0.0	0.0	0.302
6007	0.0	0.0	0.817
6008	0.0	0.0	0.874
6009	0.0	0.0	0.878
6010	0.0	0.0	0.920
6011	0.0	0.0	0.878
6012	0.0	0.0	0.851
6013	0.0	0.0	0.788
6014	0.0	0.0	0.692
6015	0.0	0.0	0.631
6016	0.0	0.0	0.589
6017	0.0	0.0	0.612
6018	0.0	0.0	0.759
6019	0.0	0.0	0.847
6020	0.0	0.0	1.048
6021	0.0	0.0	1.077
6022	0.0	0.0	1.004
6023	0.0	0.0	0.604
6024	0.0	0.0	0.379
6025	0.0	0.0	0.262
6026	0.0	0.0	0.142
6027	0.0	0.0	0.055
6028	0.0	0.0	0.040
6029	0.0	0.0	0.121
6030	0.0	0.0	0.302
6031	0.0	0.0	0.817
6032	0.0	0.0	0.874
6033	0.0	0.0	0.878
6034	0.0	0.0	0.920
6035	0.0	0.0	0.878
6036	0.0	0.0	0.851
6037	0.0	0.0	0.788
6038	0.0	0.0	0.692
6039	0.0	0.0	0.631
6040	0.0	0.0	0.589
6041	0.0	0.0	0.612
6042	0.0	0.0	0.759
6043	0.0	0.0	0.847
6044	0.0	0.0	1.048
6045	0.0	0.0	1.077
6046	0.0	0.0	1.004
6047	0.0	0.0	0.604
6048	0.0	0.0	0.379
6049	0.0	0.0	0.262
6050	0.0	0.0	0.142
6051	0.0	0.0	0.055
6052	0.0	0.0	0.040
6053	0.0	0.0	0.121
6054	0.0	0.0	0.302
6055	0.0	0.0	0.817
6056	0.0	0.0	0.874
6057	0.0	0.0	0.878
6058	0.0	0.0	0.920
6059	0.0	0.0	0.878
6060	0.0	0.0	0.851
6061	0.0	0.0	0.788
6062	0.0	0.0	0.692
6063	0.0	0.0	0.631
6064	0.0	0.0	0.589
6065	0.0	0.0	0.612
6066	0.0	0.0	0.759
6067	0.0	0.0	0.847
6068	0.0	0.0	1.048
6069	0.0	0.0	1.077
6070	0.0	0.0	1.004
6071	0.0	0.0	0.604
6072	0.0	0.0	0.379
6073	0.0	0.0	0.262
6074	0.0	0.0	0.142
6075	0.0	0.0	0.055
6076	0.0	0.0	0.040
6077	0.0	0.0	0.121
6078	0.0	0.0	0.302
6079	0.0	0.0	0.817
6080	0.0	0.0	0.874
6081	0.0	0.0	0.878
6082	0.0	0.0	0.920
6083	0.0	0.0	0.878
6084	0.0	0.0	0.851
6085	0.0	0.0	0.788
6086	0.0	0.0	0.692
6087	0.0	0.0	0.631
6088	0.0	0.0	0.589
6089	0.0	0.0	0.612
6090	0.0	0.0	0.759
6091	0.0	0.0	0.847
6092	0.0	0.0	1.048
6093	0.0	0.0	1.077
6094	0.0	0.0	1.004
6095	0.0	0.0	0.604
6096	0.0	0.0	0.379
6097	0.0	0.0	0.262
6098	0.0	0.0	0.142
6099	0.0	0.0	0.055
6100	0.0	0.0	0.040
6101	0.0	0.0	0.121
6102	0.0	0.0	0.302
6103	0.0	0.0	0.817
6104	0.0	0.0	0.874
6105	0.0	0.0	0.878
6106	0.0	0.0	0.920
6107	0.0	0.0	0.878
6108	0.0	0.0	0.851
6109	0.0	0.0	0.788
6110	0.0	0.0	0.692
6111	0.0	0.0	0.631
6112	0.0	0.0	0.589
6113	0.0	0.0	0.612
6114	0.0	0.0	0.759
6115	0.0	0.0	0.847
6116	0.0	0.0	1.048
6117	0.0	0.0	1.077
6118	0.0	0.0	1.004
6119	0.0	0.0	0.604
6120	0.0	0.0	0.379
6121	0.0	0.0	0.262
6122	0.0	0.0	0.142
6123	0.0	0.0	0.055
6124	0.0	0.0	0.040
6125	0.0	0.0	0.121
6126	0.0	0.0	0.302
6127	0.0	0.0	0.817
6128	0.0	0.0	0.874
6129	0.0	0.0	0.878
6130	0.0	0.0	0.920
6131	0.0	0.0	0.878
6132	0.0	0.0	0.851
6133	0.0	0.0	0.788
6134	0.0	0.0	0.692
6135	0.0	0.0	0.631
6136	0.0	0.0	0.589
6137	0.0	0.0	0.612
6138	0.0	0.0	0.759
6139	0.0	0.0	0.847
6140	0.0	0.0	1.048
6141	0.0	0.0	1.077
6142	0.0	0.0	1.004
6143	0.0	0.0	0.604
6144	0.0	0.0	0.379
6145	0.0	0.0	0.262
6146	0.0	0.0	0.142
6147	0.0	0.0	0.055
6148	0.0	0.0	0.040
6149	0.0	0.0	0.121
6150	0.0	0.0	0.302
6151	0.0	0.0	0.817
6152	0.0	0.0	0.874
6153	0.0	0.0	0.878
6154	0.0	0.0	0.920
6155	0.0	0.0	0.878
6156	0.0	0.0	0.851
6157	0.0	0.0	0.788
6158	0.0	0.0	0.692
6159	0.0	0.0	0.631
6160	0.0	0.0	0.589
6161	0.0	0.0	0.612
6162	0.0	0.0	0.759
6163	0.0	0.0	0.847
6164	0.0	0.0	1.048
6165	0.0	0.0	1.077
6166	0.0	0.0	1.004
6167	0.0	0.0	0.604
6168	0.0	0.0	0.379
6169	0.0	0.0	0.262
6170	0.0	0.0	0.142
6171	0.0	0.0	0.055
6172	0.0	0.0	0.040
6173	0.0	0.0	0.121
6174	0.0	0.0	0.302
6175	0.0	0.0	0.817
6176	0.0	0.0	0.874
6177	0.0	0.0	0.878
6178	0.0	0.0	0.920
6179	0.0	0.0	0.878
6180	0.0	0.0	0.851
6181	0.0	0.0	0.788
6182	0.0	0.0	0.692
6183	0.0	0.0	0.631
6184	0.0	0.0	0.589
6185	0.0	0.0	0.612
6186	0.0	0.0	0.759
6187	0.0	0.0	0.847
6188	0.0	0.0	1.048
6189	0.0	0.0	1.077
6190	0.0	0.0	1.004
6191	0.0	0.0	0.604
6192	0.0	0.0	0.379
6193	0.0	0.0	0.262
6194	0.0	0.0	0.142
6195	0.0	0.0	0.055
6196	0.0	0.0	0.040
6197	0.0	0.0	0.121
6198	0.0	0.0	0.302
6199	0.0	0.0	0.817
6200	0.0	0.0	0.874
6201	0.0	0.0	0.878
6202	0.0	0.0	0.920
6203	0.0	0.0	0.878
6204	0.0	0.0	0.851
6205	0.0	0.0	0.788
6206	0.0	0.0	0.692
6207	0.0	0.0	0.631
6208	0.0	0.0	0.589
6209	0.0	0.0	0.612
6210	0.0	0.0	0.759
6211	0.0	0.0	0.847
6212	0.0	0.0	1.048
6213	0.0	0.0	1.077
6214	0.0	0.0	1.004
6215	0.0	0.0	0.604
6216	0.0	0.0	0.379
6217	0.0	0.0	0.262
6218	0.0	0.0	0.142
6219	0.0	0.0	0.055
6220	0.0	0.0	0.040
6221	0.0	0.0	0.121
6222	0.0	0.0	0.302
6223	0.0	0.0	0.817
6224	0.0	0.0	0.874
6225	0.0	0.0	0.878
6226	0.0	0.0	0.920
6227	0.0	0.0	0.878
6228	0.0	0.0	0.851
6229	0.0	0.0	0.788
6230	0.0	0.0	0.692
6231	0.0	0.0	0.631
6232	0.0	0.0	0.589
6233	0.0	0.0	0.612
6234	0.0	0.0	0.759
6235	0.0	0.0	0.847
6236	0.0	0.0	1.048
6237	0.0	0.0	1.077
6238	0.0	0.0	1.004
6239	0.0	0.0	0.604
6240	0.0	0.0	0.379
6241	0.0	0.0	0.262
6242	0.0	0.0	0.142
6243	0.0	0.0	0.055
6244	0.0	0.0	0.040
6245	0.0	0.0	0.121
6246	0.0	0.0	0.302
6247	0.0	0.0	0.817
6248	0.0	0.0	0.874
6249	0.0	0.0	0.878
6250	0.0	0.0	0.920
6251	0.0	0.0	0.878
6252	0.0	0.0	0.851
6253	0.0	0.0	0.788
6254	0.0	0.0	0.692
6255	0.0	0.0	0.631
6256	0.0	0.0	0.589
6257	0.0	0.0	0.612
6258	0.0	0.0	0.759
6259	0.0	0.0	0.847
6260	0.0	0.0	1.048
6261	0.0	0.0	1.077
6262	0.0	0.0	1.004
6263	0.0	0.0	0.604
6264	0.0	0.0	0.379
6265	0.0	0.0	0.262
6266	0.0	0.0	0.142
6267	0.0	0.0	0.055
6268	0.0	0.0	0.040
6269	0.0	0.0	0.121
6270	0.0	0.0	0.302
6271	0.0	0.0	0.817
6272	0.0	0.0	0.874
6273	0.0	0.0	0.878
6274	0.0	0.0	0.920
6275	0.0	0.0	0.878
6276	0.0	0.0	0.851
6277	0.0	0.0	0.788
6278	0.0	0.0	0.692
6279	0.0	0.0	0.631
6280	0.0	0.0	0.589
6281	0.0	0.0	0.612
6282	0.0	0.0	0.759
6283	0.0	0.0	0.847
6284	0.0	0.0	1.048
6285	0.0	0.0	1.077
6286	0.0	0.0	1.004
6287	0.0	0.0	0.604
6288	0.0	0.0	0.379
6289	0.0	0.0	0.262
6290	0.0	0.0	0.142
6291	0.0	0.0	0.055
6292	0.0	0.0	0.040
6293	0.0	0.0	0.121
6294	0.0	0.0	0.302
6295	0.0	0.0	0.817
6296	0.0	0.0	0.874
6297	0.0	0.0	0.878
6298	0.0	0.0	0.920
6299	0.0	0.0	0.878
6300	0.0	0.0	0.851
6301	0.0	0.0	0.788
6302	0.0	0.0	0.692
6303	0.0	0.0	0.631
6304	0.0	0.0	0.589
6305	0.0	0.0	0.612
6306	0.0	0.0	0.759
6307	0.0	0.0	0.847
6308	0.0	0.0	1.048
6309	0.0	0.0	1.077
6310	0.0	0.0	1.004
6311	0.0	0.0	0.604
6312	0.0	0.0	0.379
6313	0.0	0.0	0.262
6314	0.0	0.0	0.142
6315	0.0	0.0	0.055
6316	0.0	0.0	0.040
6317	0.0	0.0	0.121
6318	0.0	0.0	0.302
6319	0.0	0.0	0.817
6320	0.0	0.0	0.874
6321	0.0	0.0	0.878
6322	0.0	0.0	0.920
6323	0.0	0.0	0.878
6324	0.0	0.0	0.851
6325	0.0	0.0	0.788
6326	0.0	0.0	0.692
6327	0.0	0.0	0.631
6328	0.0	0.0	0.589
6329	0.0	0.0	0.612
6330	0.0	0.0	0.759
6331	0.0	0.0	0.847
6332	0.0	0.0	1.048
6333	0.0	0.0	1.077
6334	0.0	0.0	1.004
6335	0.0	0.0	0.604
6336	0.0	0.0	0.379
6337	0.0	0.0	0.262
6338	0.0	0.0	0.142
6339	0.0	0.0	0.055
6340	0.0	0.0	0.040
6341	0.0	0.0	0.121
6342	0.0	0.0	0.302
6343	0.0	0.0	0.817
6344	0.0	0.0	0.874
6345	0.0	0.0	0.878
6346	0.0	0.0	0.920
6347	0.0	0.0	0.878
6348	0.0	0.0	0.851
6349	0.0	0.0	0.788
6350	0.0	0.0	0.692
6351	0.0	0.0	0.631
6352	0.0	0.0	0.589
6353	0.0	0.0	0.612
6354	0.0	0.0	0.759
6355	0.0	0.0	0.847
6356	0.0	0.0	1.048
6357	0.0	0.0	1.077
6358	0.0	0.0	1.004
6359	0.0	0.0	0.604
6360	0.0	0.0	0.379
6361	0.0	0.0	0.262
6362	0.0	0.0	0.142
6363	0.0	0.0	0.055
6364	0.0	0.0	0.040
6365	0.0	0.0	0.121
6366	0.0	0.0	0.302
6367	0.0	0.0	0.817
6368	0.0	0.0	0.874
6369	0.0	0.0	0.878
6370	0.0	0.0	0.920
6371	0.0	0.0	0.878
6372	0.0	0.0	0.851
6373	0.0	0.0	0.788
6374	0.0	0.0	0.692
6375	0.0	0.0	0.631
6376	0.0	0.0	0.589
6377	0.0	0.0	0.612
6378	0.0	0.0	0.759
6379	0.0	0.0	0.847
6380	0.0	0.0	1.048
6381	0.0	0.0	1.077
6382	0.0	0.0	1.004
6383	0.0	0.0	0.604
6384	0.0	0.0	0.379
6385	0.0	0.0	0.262
6386	0.0	0.0	0.142
6387	0.0	0.0	0.055
6388	0.0	0.0	0.040
6389	0.0	0.0	0.121
6390	0.0	0.0	0.302
6391	0.0	0.0	0.817
6392	0.0	0.0	0.874
6393	0.0	0.0	0.878
6394	0.0	0.0	0.920
6395	0.0	0.0	0.878
6396	0.0	0.0	0.851
6397	0.0	0.0	0.788
6398	0.0	0.0	0.692
6399	0.0	0.0	0.631
6400	0.0	0.0	0.589
6401	0.0	0.0	0.612
6402	0.0	0.0	0.759
6403	0.0	0.0	0.847
6404	0.0	0.0	1.048
6405	0.0	0.0	1.077
6406	0.0	0.0	1.004
6407	0.0	0.0	0.604
6408	0.0	0.0	0.379
6409	0.0	0.0	0.262
6410	0.0	0.0	0.142
6411	0.0	0.0	0.055
6412	0.0	0.0	0.040
6413	0.0	0.0	0.121
6414	0.0	0.0	0.302
6415	0.0	0.0	0.817
6416	0.0	0.0	0.874
6417	0.0	0.0	0.878
6418	0.0	0.0	0.920
6419	0.0	0.0	0.878
6420	0.0	0.0	0.851
6421	0.0	0.0	0.788
6422	0.0	0.0	0.692
6423	0.0	0.0	0.631
6424	0.0	0.0	0.589
6425	0.0	0.0	0.612
6426	0.0	0.0	0.759
6427	0.0	0.0	0.847
6428	0.0	0.0	1.048
6429	0.0	0.0	1.077
6430	0.0	0.0	1.004
6431	0.0	0.0	0.604
6432	0.0	0.0	0.379
6433	0.0	0.0	0.262
6434	0.0	0.0	0.142
6435	0.0	0.0	0.055
6436	0.0	0.0	0.040
6437	0.0	0.0	0.121
6438	0.0	0.0	0.302
6439	0.0	0.0	0.817
6440	0.0	0.0	0.874
6441	0.0	0.0	0.878
6442	0.0	0.0	0.920
6443	0.0	0.0	0.878
6444	0.0	0.0	0.851
6445	0.0	0.0	0.788
6446	0.0	0.0	0.692
6447	0.0	0.0	0.631
6448	0.0	0.0	0.589
6449	0.0	0.0	0.612
6450	0.0	0.0	0.759
6451	0.0	0.0	0.847
6452	0.0	0.0	1.048
6453	0.0	0.0	1.077
6454	0.0	0.0	1.004
6455	0.0	0.0	0.604
6456	0.0	0.0	0.379
6457	0.0	0.0	0.262
6458	0.0	0.0	0.142
6459	0.0	0.0	0.055
6460	0.0	0.0	0.040
6461	0.0	0.0	0.121
6462	0.0	0.0	0.302
6463	0.0	0.0	0.817
6464	0.0	0.0	0.874
6465	0.0	0.0	0.878
6466	0.0	0.0	0.920
6467	0.0	0.0	0.878
6468	0.0	0.0	0.851
6469	0.0	0.0	0.788
6470	0.0	0.0	0.692
6471	0.0	0.0	0.631
6472	0.0	0.0	0.589
6473	0.0	0.0	0.612
6474	0.0	0.0	0.759
6475	0.0	0.0	0.847
6476	0.0	0.0	1.048
6477	0.0	0.0	1.077
6478	0.0	0.0	1.004
6479	0.0	0.0	0.604
6480	0.0	0.0	0.379
6481	0.0	0.0	0.262
6482	0.0	0.0	0.142
6483	0.0	0.0	0.055
6484	0.0	0.0	0.040
6485	0.0	0.0	0.121
6486	0.0	0.0	0.302
6487	0.0	0.0	0.817
6488	0.0	0.0	0.874
6489	0.0	0.0	0.878
6490	0.0	0.0	0.920
6491	0.0	0.0	0.878
6492	0.0	0.0	0.851
6493	0.0	0.0	0.788
6494	0.0	0.0	0.692
6495	0.0	0.0	0.631
6496	0.0	0.0	0.589
6497	0.0	0.0	0.612
6498	0.0	0.0	0.759
6499	0.0	0.0	0.847
6500	0.0	0.0	1.048
6501	0.0	0.0	1.077
6502	0.0	0.0	1.004
6503	0.0	0.0	0.604
6504	0.0	0.0	0.379
6505	0.0	0.0	0.262
6506	0.0	0.0	0.142
6507	0.0	0.0	0.055
6508	0.0	0.0	0.040
6509	0.0	0.0	0.121
6510	0.0	0.0	0.302
6511	0.0	0.0	0.817
6512	0.0	0.0	0.874
6513	0.0	0.0	0.878
6514	0.0	0.0	0.920
6515	0.0	0.0	0.878
6516	0.0	0.0	0.851
6517	0.0	0.0	0.788
6518	0.0	0.0	0.692
6519	0.0	0.0	0.631
6520	0.0	0.0	0.589
6521	0.0	0.0	0.612
6522	0.0	0.0	0.759
6523	0.0	0.0	0.847
6524	0.0	0.0	1.048
6525	0.0	0.0	1.077
6526	0.0	0.0	1.004
6527	0.0	0.0	0.604
6528	0.0	0.0	0.379
6529	0.0	0.0	0.262
6530	0.0	0.0	0.142
6531	0.0	0.0	0.055
6532	0.0	0.0	0.040
6533	0.0	0.0	0.121
6534	0.0	0.0	0.302
6535	0.0	0.0	0.817
6536	0.0	0.0	0.874
6537	0.0	0.0	0.878
6538	0.0	0.0	0.920
6539	0.0	0.0	0.878
6540	0.0	0.0	0.851
6541	0.0	0.0	0.788
6542	0.0	0.0	0.692
6543	0.0	0.0	0.631
6544	0.0	0.0	0.589
6545	0.0	0.0	0.612
6546	0.0	0.0	0.759
6547	0.0	0.0	0.847
6548	0.0	0.0	1.048
6549	0.0	0.0	1.077
6550	0.0	0.0	1.004
6551	0.0	0.0	0.604
6552	0.0	0.0	0.379
6553	0.0	0.0	0.262
6554	0.0	0.0	0.142
6555	0.0	0.0	0.055
6556	0.0	0.0	0.040
6557	0.0	0.0	0.121
6558	0.0	0.0	0.302
6559	0.0	0.0	0.817
6560	0.0	0.0	0.874
6561	0.0	0.0	0.878
6562	0.0	0.0	0.920
6563	0.0	0.0	0.878
6564	0.0	0.0	0.851
6565	0.0	0.0	0.788
6566	0.0	0.0	0.692
6567	0.0	0.0	0.631
6568	0.0	0.0	0.589
6569	0.0	0.0	0.612
6570	0.0	0.0	0.759
6571	0.0	0.0	0.847
6572	0.0	0.0	1.048
6573	0.0	0.0	1.077
6574	0.0	0.0	1.004
6575	0.0	0.0	0.604
6576	0.0	0.0	0.379
6577	0.0	0.0	0.262
6578	0.2	0.0	0.142
6579	0.2	0.0	0.055
6580	0.2	0.0	0.040
6581	0.4	0.0	0.121
6582	0.7	0.0	0.302
6583	0.7	0.0	0.817
6584	2.1	0.0	0.874
6585	2.1	0.0	0.878
6586	2.0	0.0	0.920
6587	1.9	0.0	0.878
6588	1.9	0.0	0.851
6589	1.7	0.0	0.788
6590	1.8	0.0	0.692
6591	1.6	0.0	0.631
6592	1.7	0.0	0.589
6593	1.9	0.0	0.612
6594	2.5	0.0	0.759
6595	2.8	0.0	0.847
6596	3.0	0.0	1.048
6597	3.3	0.0	1.077
6598	3.6	0.0	1.004
6599	3.8	0.0	0.604
6600	4.0	0.0	0.379
6601	2.8	0.0	0.262
6602	2.9	0.0	0.142
6603	3.0	0.0	0.055
6604	3.0	0.0	0.040
6605	2.9	0.0	0.121
6606	3.1	0.0	0.302
6607	3.3	0.0	0.817
6608	4.7	0.0	0.874
6609	4.6	0.0	0.878
6610	4.2	0.0	0.920
6611	4.0	0.0	0.878
6612	3.5	0.0	0.851
6613	3.5	0.0	0.788
6614	3.5	0.0	0.692
6615	3.5	0.0	0.631
6616	3.6	0.0	0.589
6617	3.8	0.0	0.612
6618	4.0	0.0	0.759
6619	4.2	0.0	0.847
6620	4.5	0.0	1.048
6621	4.8	0.0	1.077
6622	5.1	0.0	1.004
6623	5.0	0.0	0.604
6624	5.1	0.0	0.379
6625	3.8	0.0	0.262
6626	3.9	0.0	0.142
6627	3.9	0.0	0.055
6628	3.8	0.0	0.040
6629	3.9	0.0	0.121
6630	3.9	0.0	0.302
6631	3.9	0.0	0.817
6632	5.0	0.0	0.874
6633	5.1	0.0	0.878
6634	4.9	0.0	0.920
6635	4.5	0.0	0.878
6636	4.1	0.0	0.851
6637	3.7	0.0	0.788
6638	3.5	0.0	0.692
6639	3.3	0.0	0.631
6640	3.3	0.0	0.589
6641	3.6	0.0	0.612
6642	4.0	0.0	0.759
6643	4.4	0.0	0.847
6644	4.8	0.0	1.048
6645	4.9	0.0	1.077
6646	4.9	0.0	1.004
6647	5.1	0.0	0.604
6648	5.1	0.0	0.379
6649	3.9	0.0	0.262
6650	4.0	0.0	0.142
6651	4.0	0.0	0.055
6652	4.0	0.0	0.040
6653	3.9	0.0	0.121
6654	4.0	0.0	0.302
6655	3.7	0.0	0.817
6656	4.9	0.0	0.874
6657	4.7	0.0	0.878
6658	4.0	0.0	0.920
6659	3.6	0.0	0.878
6660	3.1	0.0	0.851
6661	3.0	0.0	0.788
6662	2.5	0.0	0.692
6663	2.4	0.0	0.631
6664	2.4	0.0	0.589
6665	2.6	0.0	0.612
6666	3.1	0.0	0.759
6667	3.7	0.0	0.847
6668	4.0	0.0	1.048
6669	4.6	0.0	1.077
6670	4.6	0.0	1.004
6671	4.8	0.0	0.604
6672	5.0	0.0	0.379
6673	3.7	0.0	0.262
6674	3.7	0.0	0.142
6675	3.7	0.0	0.055
6676	3.8	0.0	0.040
6677	4.0	0.0	0.121
6678	4.0	0.0	0.302
6679	4.1	0.0	0.817
6680	5.1	0.0	0.874
6681	5.0	0.0	0.878
6682	4.7	0.0	0.920
6683	4.3	0.0	0.878
6684	3.7	0.0	0.851
6685	3.2	0.0	0.788
6686	2.8	0.0	0.692
6687	2.6	0.0	0.631
6688	2.8	0.0	0.589
6689	2.7	0.0	0.612
6690	3.1	0.0	0.759
6691	3.4	0.0	0.847
6692	3.7	0.0	1.048
6693	3.8	0.0	1.077
6694	3.6	0.0	1.004
6695	3.9	0.0	0.604
6696	4.1	0.0	0.379
6697	2.8	0.0	0.262
6698	3.0	0.0	0.142
6699	3.0	0.0	0.055
6700	3.1	0.0	0.040
6701	3.2	0.0	0.121
6702	3.4	0.0	0.302
6703	3.3	0.0	0.817
6704	4.6	0.0	0.874
6705	4.5	0.0	0.878
6706	4.1	0.0	0.920
6707	3.8	0.0	0.878
6708	3.6	0.0	0.851
6709	3.5	0.0	0.788
6710	3.2	0.0	0.692
6711	3.3	0.0	0.631
6712	3.3	0.0	0.589
6713	3.5	0.0	0.612
6714	4.0	0.0	0.759
6715	4.4	0.0	0.847
6716	4.8	0.0	1.048
6717	4.8	0.0	1.077
6718	5.1	0.0	1.004
6719	5.3	0.0	0.604
6720	5.5	0.0	0.379
6721	4.2	0.0	0.262
6722	4.2	0.0	0.142
6723	4.2	0.0	0.055
6724	4.2	0.0	0.040
6725	4.3	0.0	0.121
6726	4.5	0.0	0.302
6727	4.5	0.0	0.817
6728	5.9	0.0	0.874
6729	5.6	0.0	0.878
6730	5.0	0.0	0.920
6731	4.7	0.0	0.878
6732	4.3	0.0	0.851
6733	3.9	0.0	0.788
6734	3.6	0.0	0.692
6735	3.3	0.0	0.631
6736	3.6	0.0	0.589
6737	3.5	0.0	0.612
6738	3.8	0.0	0.759
6739	4.1	0.0	0.847
6740	4.3	0.0	1.048
6741	4.4	0.0	1.077
6742	4.5	0.0	1.004
6743	4.6	0.0	0.604
6744	4.6	0.0	0.379
6745	3.3	0.0	0.262
6746	3.4	0.0	0.142
6747	3.3	0.0	0.055
6748	3.3	0.0	0.040
6749	3.3	0.0	0.121
6750	3.3	0.0	0.302
6751	3.4	0.0	0.817
6752	4.8	0.0	0.874
6753	4.5	0.0	0.878
6754	4.2	0.0	0.920
6755	3.7	0.0	0.878
6756	3.3	0.0	0.851
6757	3.0	0.0	0.788
6758	2.7	0.0	0.692
6759	2.5	0.0	0.631
6760	2.5	0.0	0.589
6761	2.6	0.0	0.612
6762	2.9	0.0	0.759
6763	3.3	0.0	0.847
6764	3.3	0.0	1.048
6765	3.5	0.0	1.077
6766	3.7	0.0	1.004
6767	4.0	0.0	0.604
6768	4.3	0.0	0.379
6769	3.1	0.0	0.262
6770	3.3	0.0	0.142
6771	3.4	0.0	0.055
6772	3.5	0.0	0.040
6773	3.7	0.0	0.121
6774	3.9	0.0	0.302
6775	4.0	0.0	0.817
6776	5.2	0.0	0.874
6777	5.0	0.0	0.878
6778	4.5	0.0	0.920
6779	4.0	0.0	0.878
6780	3.6	0.0	0.851
6781	3.3	0.0	0.788
6782	2.9	0.0	0.692
6783	2.6	0.0	0.631
6784	2.7	0.0	0.589
6785	3.1	0.0	0.612
6786	3.3	0.0	0.759
6787	4.0	0.0	0.847
6788	4.0	0.0	1.048
6789	4.2	0.0	1.077
6790	4.4	0.0	1.004
6791	4.5	0.0	0.604
6792	4.6	0.0	0.379
6793	3.3	0.0	0.262
6794	3.3	0.0	0.142
6795	3.2	0.0	0.055
6796	3.2	0.0	0.040
6797	3.2	0.0	0.121
6798	3.0	0.0	0.302
6799	3.2	0.0	0.817
6800	4.5	0.0	0.874
6801	4.3	0.0	0.878
6802	3.8	0.0	0.920
6803	3.6	0.0	0.878
6804	3.2	0.0	0.851
6805	3.0	0.0	0.788
6806	2.8	0.0	0.692
6807	2.7	0.0	0.631
6808	2.4	0.0	0.589
6809	2.6	0.0	0.612
6810	2.8	0.0	0.759
6811	3.2	0.0	0.847
6812	3.3	0.0	1.048
6813	3.3	0.0	1.077
6814	3.4	0.0	1.004
6815	3.6	0.0	0.604
6816	3.7	0.0	0.379
6817	2.4	0.0	0.262
6818	2.4	0.0	0.142
6819	2.5	0.0	0.055
6820	2.6	0.0	0.040
6821	2.4	0.0	0.121
6822	2.4	0.0	0.302
6823	2.4	0.0	0.817
6824	3.8	0.0	0.874
6825	3.8	0.0	0.878
6826	3.7	0.0	0.920
6827	3.3	0.0	0.878
6828	2.9	0.0	0.851
6829	2.7	0.0	0.788
6830	2.7	0.0	0.692
6831	2.3	0.0	0.631
6832	2.4	0.0	0.589
6833	2.4	0.0	0.612
6834	2.4	0.0	0.759
6835	2.5	0.0	0.847
6836	2.5	0.0	1.048
6837	2.7	0.0	1.077
6838	2.8	0.0	1.004
6839	2.8	0.0	0.604
6840	3.0	0.0	0.379
6841	1.8	0.0	0.262
6842	1.7	0.0	0.142
6843	1.8	0.0	0.055
6844	1.9	0.0	0.040
6845	1.8	0.0	0.121
6846	1.7	0.0	0.302
6847	1.6	0.0	0.817
6848	2.9	0.0	0.874
6849	2.5	0.0	0.878
6850	2.3	0.0	0.920
6851	2.0	0.0	0.878
6852	1.6	0.0	0.851
6853	1.5	0.0	0.788
6854	1.4	0.0	0.692
6855	1.5	0.0	0.631
6856	1.5	0.0	0.589
6857	1.4	0.0	0.612
6858	1.4	0.0	0.759
6859	1.4	0.0	0.847
6860	1.5	0.0	1.048
6861	1.4	0.0	1.077
6862	1.4	0.0	1.004
6863	1.3	0.0	0.604
6864	1.3	0.0	0.379
6865	0.0	0.0	0.262
6866	0.0	0.0	0.142
6867	0.0	0.0	0.055
6868	0.0	0.0	0.040
6869	0.0	0.0	0.121
6870	0.0	0.0	0.302
6871	0.0	0.0	0.817
6872	0.0	0.0	0.874
6873	0.0	0.0	0.878
6874	0.0	0.0	0.920
6875	0.0	0.0	0.878
6876	0.0	0.0	0.851
6877	0.0	0.0	0.788
6878	0.0	0.0	0.692
6879	0.0	0.0	0.631
6880	0.0	0.0	0.589
6881	0.0	0.0	0.612
6882	0.0	0.0	0.759
6883	0.0	0.0	0.847
6884	0.0	0.0	1.048
6885	0.0	0.0	1.077
6886	0.0	0.0	1.004
6887	0.0	0.0	0.604
6888	0.0	0.0	0.379
6889	1.0	0.0	0.262
6890	1.0	0.0	0.142
6891	1.1	0.0	0.055
6892	1.3	0.0	0.040
6893	1.5	0.0	0.121
6894	1.4	0.0	0.302
6895	1.7	0.0	0.817
6896	2.6	0.0	0.874
6897	2.4	0.0	0.878
6898	2.1	0.0	0.920
6899	1.7	0.0	0.878
6900	1.2	0.0	0.851
6901	0.9	0.0	0.788
6902	0.5	0.0	0.692
6903	0.3	0.0	0.631
6904	0.4	0.0	0.589
6905	0.7	0.0	0.612
6906	1.0	0.0	0.759
6907	1.4	0.0	0.847
6908	1.8	0.0	1.048
6909	1.9	0.0	1.077
6910	2.3	0.0	1.004
6911	2.6	0.0	0.604
6912	2.8	0.0	0.379
6913	1.4	0.0	0.262
6914	1.5	0.0	0.142
6915	1.7	0.0	0.055
6916	1.8	0.0	0.040
6917	1.7	0.0	0.121
6918	1.6	0.0	0.302
6919	1.5	0.0	0.817
6920	2.7	0.0	0.874
6921	2.4	0.0	0.878
6922	2.2	0.0	0.920
6923	2.0	0.0	0.878
6924	1.5	0.0	0.851
6925	1.0	0.0	0.788
6926	0.7	0.0	0.692
6927	0.7	0.0	0.631
6928	0.4	0.0	0.589
6929	0.5	0.0	0.612
6930	0.9	0.0	0.759
6931	1.2	0.0	0.847
6932	1.2	0.0	1.048
6933	1.2	0.0	1.077
6934	1.4	0.0	1.004
6935	1.4	0.0	0.604
6936	1.3	0.0	0.379
6937	0.2	0.0	0.262
6938	0.5	0.0	0.142
6939	0.5	0.0	0.055
6940	0.5	0.0	0.040
6941	0.6	0.0	0.121
6942	0.7	0.0	0.302
6943	0.7	0.0	0.817
6944	2.0	0.0	0.874
6945	1.8	0.0	0.878
6946	1.4	0.0	0.920
6947	1.0	0.0	0.878
6948	0.6	0.0	0.851
6949	0.5	0.0	0.788
6950	0.5	0.0	0.692
6951	0.5	0.0	0.631
6952	0.5	0.0	0.589
6953	0.7	0.0	0.612
6954	0.9	0.0	0.759
6955	1.2	0.0	0.847
6956	1.5	0.0	1.048
6957	1.8	0.0	1.077
6958	2.0	0.0	1.004
6959	2.1	0.0	0.604
6960	2.5	0.0	0.379
6961	1.2	0.0	0.262
6962	1.4	0.0	0.142
6963	1.7	0.0	0.055
6964	1.9	0.0	0.040
6965	2.1	0.0	0.121
6966	2.3	0.0	0.302
6967	2.4	0.0	0.817
6968	3.7	0.0	0.874
6969	3.8	0.0	0.878
6970	3.6	0.0	0.920
6971	3.2	0.0	0.878
6972	2.7	0.0	0.851
6973	2.6	0.0	0.788
6974	2.4	0.0	0.692
6975	2.6	0.0	0.631
6976	2.7	0.0	0.589
6977	2.8	0.0	0.612
6978	3.2	0.0	0.759
6979	3.7	0.0	0.847
6980	4.0	0.0	1.048
6981	4.2	0.0	1.077
6982	4.6	0.0	1.004
6983	4.8	0.0	0.604
6984	5.0	0.0	0.379
6985	3.9	0.0	0.262
6986	4.0	0.0	0.142
6987	4.2	0.0	0.055
6988	4.3	0.0	0.040
6989	4.5	0.0	0.121
6990	4.3	0.0	0.302
6991	4.1	0.0	0.817
6992	5.2	0.0	0.874
6993	5.0	0.0	0.878
6994	4.7	0.0	0.920
6995	4.2	0.0	0.878
6996	3.5	0.0	0.851
6997	3.4	0.0	0.788
6998	2.9	0.0	0.692
6999	2.8	0.0	0.631
7000	2.9	0.0	0.589
7001	2.9	0.0	0.612
7002	3.3	0.0	0.759
7003	3.7	0.0	0.847
7004	4.0	0.0	1.048
7005	4.2	0.0	1.077
7006	4.4	0.0	1.004
7007	4.6	0.0	0.604
7008	4.8	0.0	0.379
7009	3.7	0.0	0.262
7010	3.7	0.0	0.142
7011	3.9	0.0	0.055
7012	4.1	0.0	0.040
7013	4.2	0.0	0.121
7014	4.4	0.0	0.302
7015	4.6	0.0	0.817
7016	5.9	0.0	0.874
7017	5.7	0.0	0.878
7018	5.3	0.0	0.920
7019	4.9	0.0	0.878
7020	4.5	0.0	0.851
7021	4.0	0.0	0.788
7022	3.7	0.0	0.692
7023	3.6	0.0	0.631
7024	3.7	0.0	0.589
7025	3.9	0.0	0.612
7026	4.3	0.0	0.759
7027	4.5	0.0	0.847
7028	4.6	0.0	1.048
7029	4.5	0.0	1.077
7030	4.6	0.0	1.004
7031	5.0	0.0	0.604
7032	5.1	0.0	0.379
7033	3.5	0.0	0.262
7034	3.7	0.0	0.142
7035	3.7	0.0	0.055
7036	3.7	0.0	0.040
7037	3.8	0.0	0.121
7038	3.8	0.0	0.302
7039	3.7	0.0	0.817
7040	4.8	0.0	0.874
7041	4.5	0.0	0.878
7042	4.4	0.0	0.920
7043	4.0	0.0	0.878
7044	3.4	0.0	0.851
7045	3.3	0.0	0.788
7046	3.3	0.0	0.692
7047	3.1	0.0	0.631
7048	3.0	0.0	0.589
7049	3.1	0.0	0.612
7050	3.5	0.0	0.759
7051	3.8	0.0	0.847
7052	4.0	0.0	1.048
7053	4.2	0.0	1.077
7054	4.4	0.0	1.004
7055	4.6	0.0	0.604
7056	4.7	0.0	0.379
7057	3.3	0.0	0.262
7058	3.4	0.0	0.142
7059	3.7	0.0	0.055
7060	3.9	0.0	0.040
7061	3.7	0.0	0.121
7062	3.8	0.0	0.302
7063	3.6	0.0	0.817
7064	4.7	0.0	0.874
7065	4.5	0.0	0.878
7066	4.3	0.0	0.920
7067	4.0	0.0	0.878
7068	3.5	0.0	0.851
7069	3.3	0.0	0.788
7070	3.1	0.0	0.692
7071	3.1	0.0	0.631
7072	3.1	0.0	0.589
7073	3.4	0.0	0.612
7074	3.5	0.0	0.759
7075	3.9	0.0	0.847
7076	4.2	0.0	1.048
7077	4.4	0.0	1.077
7078	4.4	0.0	1.004
7079	4.8	0.0	0.604
7080	4.9	0.0	0.379
7081	3.7	0.0	0.262
7082	3.8	0.0	0.142
7083	3.9	0.0	0.055
7084	3.8	0.0	0.040
7085	3.7	0.0	0.121
7086	3.7	0.0	0.302
7087	3.9	0.0	0.817
7088	4.9	0.0	0.874
7089	4.4	0.0	0.878
7090	4.1	0.0	0.920
7091	3.5	0.0	0.878
7092	3.2	0.0	0.851
7093	2.9	0.0	0.788
7094	2.7	0.0	0.692
7095	2.6	0.0	0.631
7096	2.7	0.0	0.589
7097	2.7	0.0	0.612
7098	2.8	0.0	0.759
7099	3.0	0.0	0.847
7100	3.2	0.0	1.048
7101	3.3	0.0	1.077
7102	3.6	0.0	1.004
7103	3.6	0.0	0.604
7104	3.7	0.0	0.379
7105	2.4	0.0	0.262
7106	2.3	0.0	0.142
7107	2.6	0.0	0.055
7108	2.7	0.0	0.040
7109	2.7	0.0	0.121
7110	2.7	0.0	0.302
7111	2.6	0.0	0.817
7112	4.3	0.0	0.874
7113	4.0	0.0	0.878
7114	3.6	0.0	0.920
7115	3.2	0.0	0.878
7116	2.8	0.0	0.851
7117	2.5	0.0	0.788
7118	2.6	0.0	0.692
7119	2.7	0.0	0.631
7120	2.8	0.0	0.589
7121	3.0	0.0	0.612
7122	3.5	0.0	0.759
7123	3.8	0.0	0.847
7124	3.8	0.0	1.048
7125	3.9	0.0	1.077
7126	3.9	0.0	1.004
7127	3.8	0.0	0.604
7128	4.0	0.0	0.379
7129	2.8	0.0	0.262
7130	2.9	0.0	0.142
7131	2.9	0.0	0.055
7132	3.0	0.0	0.040
7133	2.8	0.0	0.121
7134	2.8	0.0	0.302
7135	2.6	0.0	0.817
7136	3.9	0.0	0.874
7137	3.6	0.0	0.878
7138	3.3	0.0	0.920
7139	2.9	0.0	0.878
7140	2.7	0.0	0.851
7141	2.1	0.0	0.788
7142	1.8	0.0	0.692
7143	1.9	0.0	0.631
7144	1.9	0.0	0.589
7145	2.3	0.0	0.612
7146	2.4	0.0	0.759
7147	2.7	0.0	0.847
7148	3.0	0.0	1.048
7149	3.1	0.0	1.077
7150	3.1	0.0	1.004
7151	3.3	0.0	0.604
7152	3.4	0.0	0.379
7153	2.4	0.0	0.262
7154	2.5	0.0	0.142
7155	2.6	0.0	0.055
7156	2.7	0.0	0.040
7157	2.8	0.0	0.121
7158	2.7	0.0	0.302
7159	2.6	0.0	0.817
7160	3.5	0.0	0.874
7161	3.2	0.0	0.878
7162	2.6	0.0	0.920
7163	2.2	0.0	0.878
7164	1.8	0.0	0.851
7165	1.5	0.0	0.788
7166	1.2	0.0	0.692
7167	1.3	0.0	0.631
7168	1.3	0.0	0.589
7169	1.4	0.0	0.612
7170	1.9	0.0	0.759
7171	2.2	0.0	0.847
7172	2.3	0.0	1.048
7173	2.5	0.0	1.077
7174	2.7	0.0	1.004
7175	2.7	0.0	0.604
7176	3.1	0.0	0.379
7177	1.9	0.0	0.262
7178	1.8	0.0	0.142
7179	1.7	0.0	0.055
7180	1.7	0.0	0.040
7181	1.6	0.0	0.121
7182	1.4	0.0	0.302
7183	1.4	0.0	0.817
7184	2.5	0.0	0.874
7185	2.4	0.0	0.878
7186	2.0	0.0	0.920
7187	1.5	0.0	0.878
7188	1.0	0.0	0.851
7189	0.4	0.0	0.788
7190	0.0	0.0	0.692
7191	0.0	0.0	0.631
7192	0.0	0.0	0.589
7193	0.1	0.0	0.612
7194	0.2	0.0	0.759
7195	0.6	0.0	0.847
7196	0.8	0.0	1.048
7197	0.9	0.0	1.077
7198	1.1	0.0	1.004
7199	1.4	0.0	0.604
7200	1.4	0.0	0.379
7201	0.3	0.0	0.262
7202	0.6	0.0	0.142
7203	0.6	0.0	0.055
7204	0.7	0.0	0.040
7205	0.7	0.0	0.121
7206	0.9	0.0	0.302
7207	1.1	0.0	0.817
7208	2.6	0.0	0.874
7209	2.2	0.0	0.878
7210	2.0	0.0	0.920
7211	1.7	0.0	0.878
7212	1.4	0.0	0.851
7213	1.1	0.0	0.788
7214	1.0	0.0	0.692
7215	0.6	0.0	0.631
7216	0.4	0.0	0.589
7217	0.7	0.0	0.612
7218	1.0	0.0	0.759
7219	1.6	0.0	0.847
7220	2.0	0.0	1.048
7221	2.1	0.0	1.077
7222	2.1	0.0	1.004
7223	2.4	0.0	0.604
7224	2.6	0.0	0.379
7225	1.6	0.0	0.262
7226	1.6	0.0	0.142
7227	1.6	0.0	0.055
7228	1.5	0.0	0.040
7229	1.6	0.0	0.121
7230	1.7	0.0	0.302
7231	1.5	0.0	0.817
7232	2.7	0.0	0.874
7233	2.4	0.0	0.878
7234	2.1	0.0	0.920
7235	2.0	0.0	0.878
7236	1.5	0.0	0.851
7237	1.2	0.0	0.788
7238	1.2	0.0	0.692
7239	1.2	0.0	0.631
7240	1.1	0.0	0.589
7241	1.1	0.0	0.612
7242	1.1	0.0	0.759
7243	1.3	0.0	0.847
7244	1.5	0.0	1.048
7245	1.3	0.0	1.077
7246	1.3	0.0	1.004
7247	1.5	0.0	0.604
7248	1.6	0.0	0.379
7249	0.3	0.0	0.262
7250	0.4	0.0	0.142
7251	0.4	0.0	0.055
7252	0.6	0.0	0.040
7253	0.7	0.0	0.121
7254	0.7	0.0	0.302
7255	0.7	0.0	0.817
7256	2.0	0.0	0.874
7257	2.0	0.0	0.878
7258	1.9	0.0	0.920
7259	1.6	0.0	0.878
7260	1.4	0.0	0.851
7261	1.0	0.0	0.788
7262	1.1	0.0	0.692
7263	1.1	0.0	0.631
7264	1.1	0.0	0.589
7265	1.5	0.0	0.612
7266	1.7	0.0	0.759
7267	1.7	0.0	0.847
7268	1.8	0.0	1.048
7269	2.2	0.0	1.077
7270	2.2	0.0	1.004
7271	2.2	0.0	0.604
7272	2.4	0.0	0.379
7273	1.2	0.0	0.262
7274	1.2	0.0	0.142
7275	1.0	0.0	0.055
7276	1.0	0.0	0.040
7277	0.8	0.0	0.121
7278	1.1	0.0	0.302
7279	1.0	0.0	0.817
7280	2.3	0.0	0.874
7281	2.2	0.0	0.878
7282	2.1	0.0	0.920
7283	2.2	0.0	0.878
7284	2.2	0.0	0.851
7285	2.3	0.0	0.788
7286	2.2	0.0	0.692
7287	2.2	0.0	0.631
7288	2.1	0.0	0.589
7289	2.0	0.0	0.612
7290	2.2	0.0	0.759
7291	2.3	0.0	0.847
7292	2.3	0.0	1.048
7293	2.3	0.0	1.077
7294	2.4	0.0	1.004
7295	2.3	0.0	0.604
7296	2.3	0.0	0.379
7297	1.5	0.0	0.262
7298	2.0	0.0	0.142
7299	2.3	0.0	0.055
7300	2.4	0.0	0.040
7301	2.8	0.0	0.121
7302	3.2	0.0	0.302
7303	3.4	0.0	0.817
7304	5.6	0.0	0.874
7305	5.5	0.0	0.878
7306	5.9	0.0	0.920
7307	5.8	0.0	0.878
7308	5.5	0.0	0.851
7309	5.5	0.0	0.788
7310	5.5	0.0	0.692
7311	5.7	0.0	0.631
7312	5.7	0.0	0.589
7313	6.0	0.0	0.612
7314	6.8	0.0	0.759
7315	7.4	0.0	0.847
7316	7.1	0.0	1.048
7317	7.1	0.0	1.077
7318	7.3	0.0	1.004
7319	7.5	0.0	0.604
7320	7.9	0.0	0.379
7321	6.1	0.0	0.262
7322	6.2	0.0	0.142
7323	6.4	0.0	0.055
7324	6.6	0.0	0.040
7325	6.4	0.0	0.121
7326	6.1	0.0	0.302
7327	6.3	0.0	0.817
7328	8.2	0.0	0.874
7329	7.8	0.0	0.878
7330	7.2	0.0	0.920
7331	6.5	0.0	0.878
7332	5.7	0.0	0.851
7333	5.5	0.0	0.788
7334	5.1	0.0	0.692
7335	4.8	0.0	0.631
7336	4.8	0.0	0.589
7337	4.8	0.0	0.612
7338	5.2	0.0	0.759
7339	5.2	0.0	0.847
7340	5.4	0.0	1.048
7341	5.7	0.0	1.077
7342	5.7	0.0	1.004
7343	6.1	0.0	0.604
7344	6.1	0.0	0.379
7345	4.2	0.0	0.262
7346	4.2	0.0	0.142
7347	4.3	0.0	0.055
7348	4.4	0.0	0.040
7349	4.2	0.0	0.121
7350	4.4	0.0	0.302
7351	4.4	0.0	0.817
7352	6.2	0.0	0.874
7353	6.0	0.0	0.878
7354	5.8	0.0	0.920
7355	5.6	0.0	0.878
7356	5.2	0.0	0.851
7357	4.9	0.0	0.788
7358	4.7	0.0	0.692
7359	4.3	0.0	0.631
7360	4.3	0.0	0.589
7361	4.4	0.0	0.612
7362	4.4	0.0	0.759
7363	4.2	0.0	0.847
7364	3.9	0.0	1.048
7365	4.2	0.0	1.077
7366	4.2	0.0	1.004
7367	4.1	0.0	0.604
7368	3.8	0.0	0.379
7369	1.3	0.0	0.262
7370	1.4	0.0	0.142
7371	1.6	0.0	0.055
7372	1.8	0.0	0.040
7373	2.4	0.0	0.121
7374	2.6	0.0	0.302
7375	2.3	0.0	0.817
7376	4.4	0.0	0.874
7377	4.5	0.0	0.878
7378	4.1	0.0	0.920
7379	3.5	0.0	0.878
7380	2.8	0.0	0.851
7381	2.3	0.0	0.788
7382	1.8	0.0	0.692
7383	2.0	0.0	0.631
7384	2.0	0.0	0.589
7385	2.3	0.0	0.612
7386	2.8	0.0	0.759
7387	3.3	0.0	0.847
7388	3.2	0.0	1.048
7389	3.1	0.0	1.077
7390	3.2	0.0	1.004
7391	3.4	0.0	0.604
7392	3.8	0.0	0.379
7393	1.6	0.0	0.262
7394	1.7	0.0	0.142
7395	1.6	0.0	0.055
7396	1.7	0.0	0.040
7397	1.8	0.0	0.121
7398	1.9	0.0	0.302
7399	1.5	0.0	0.817
7400	3.5	0.0	0.874
7401	3.5	0.0	0.878
7402	3.4	0.0	0.920
7403	3.5	0.0	0.878
7404	3.2	0.0	0.851
7405	2.6	0.0	0.788
7406	2.3	0.0	0.692
7407	2.2	0.0	0.631
7408	2.5	0.0	0.589
7409	2.9	0.0	0.612
7410	3.2	0.0	0.759
7411	3.3	0.0	0.847
7412	3.5	0.0	1.048
7413	3.4	0.0	1.077
7414	3.4	0.0	1.004
7415	3.3	0.0	0.604
7416	3.0	0.0	0.379
7417	0.7	0.0	0.262
7418	1.0	0.0	0.142
7419	1.3	0.0	0.055
7420	1.3	0.0	0.040
7421	1.4	0.0	0.121
7422	1.8	0.0	0.302
7423	1.4	0.0	0.817
7424	3.4	0.0	0.874
7425	3.2	0.0	0.878
7426	3.2	0.0	0.920
7427	3.1	0.0	0.878
7428	3.3	0.0	0.851
7429	2.8	0.0	0.788
7430	2.8	0.0	0.692
7431	2.7	0.0	0.631
7432	3.0	0.0	0.589
7433	3.4	0.0	0.612
7434	3.6	0.0	0.759
7435	3.8	0.0	0.847
7436	4.3	0.0	1.048
7437	4.9	0.0	1.077
7438	5.0	0.0	1.004
7439	4.9	0.0	0.604
7440	5.3	0.0	0.379
7441	3.5	0.0	0.262
7442	3.7	0.0	0.142
7443	4.0	0.0	0.055
7444	4.4	0.0	0.040
7445	4.8	0.0	0.121
7446	5.4	0.0	0.302
7447	5.7	0.0	0.817
7448	7.6	0.0	0.874
7449	7.7	0.0	0.878
7450	7.3	0.0	0.920
7451	6.7	0.0	0.878
7452	6.1	0.0	0.851
7453	5.9	0.0	0.788
7454	5.4	0.0	0.692
7455	5.3	0.0	0.631
7456	5.7	0.0	0.589
7457	6.2	0.0	0.612
7458	7.1	0.0	0.759
7459	7.3	0.0	0.847
7460	7.6	0.0	1.048
7461	8.0	0.0	1.077
7462	8.8	0.0	1.004
7463	9.1	0.0	0.604
7464	9.4	0.0	0.379
7465	7.7	0.0	0.262
7466	7.9	0.0	0.142
7467	8.0	0.0	0.055
7468	8.1	0.0	0.040
7469	8.3	0.0	0.121
7470	8.3	0.0	0.302
7471	8.3	0.0	0.817
7472	10.2	0.0	0.874
7473	10.2	0.0	0.878
7474	10.1	0.0	0.920
7475	9.9	0.0	0.878
7476	9.8	0.0	0.851
7477	9.3	0.0	0.788
7478	9.2	0.0	0.692
7479	9.0	0.0	0.631
7480	9.0	0.0	0.589
7481	9.0	0.0	0.612
7482	9.2	0.0	0.759
7483	9.2	0.0	0.847
7484	9.4	0.0	1.048
7485	9.3	0.0	1.077
7486	9.2	0.0	1.004
7487	9.4	0.0	0.604
7488	9.6	0.0	0.379
7489	7.4	0.0	0.262
7490	7.5	0.0	0.142
7491	7.5	0.0	0.055
7492	7.8	0.0	0.040
7493	7.7	0.0	0.121
7494	7.5	0.0	0.302
7495	7.3	0.0	0.817
7496	9.8	0.0	0.874
7497	9.9	0.0	0.878
7498	9.1	0.0	0.920
7499	8.8	0.0	0.878
7500	7.8	0.0	0.851
7501	7.4	0.0	0.788
7502	7.3	0.0	0.692
7503	7.3	0.0	0.631
7504	7.5	0.0	0.589
7505	7.9	0.0	0.612
7506	8.2	0.0	0.759
7507	8.7	0.0	0.847
7508	9.0	0.0	1.048
7509	9.6	0.0	1.077
7510	9.8	0.0	1.004
7511	9.9	0.0	0.604
7512	10.2	0.0	0.379
7513	8.4	0.0	0.262
7514	8.0	0.0	0.142
7515	8.0	0.0	0.055
7516	8.0	0.0	0.040
7517	8.1	0.0	0.121
7518	8.0	0.0	0.302
7519	8.0	0.0	0.817
7520	10.0	0.0	0.874
7521	9.9	0.0	0.878
7522	9.6	0.0	0.920
7523	9.4	0.0	0.878
7524	9.2	0.0	0.851
7525	9.2	0.0	0.788
7526	8.9	0.0	0.692
7527	8.5	0.0	0.631
7528	8.8	0.0	0.589
7529	9.2	0.0	0.612
7530	9.3	0.0	0.759
7531	9.2	0.0	0.847
7532	9.2	0.0	1.048
7533	9.4	0.0	1.077
7534	9.7	0.0	1.004
7535	9.4	0.0	0.604
7536	9.5	0.0	0.379
7537	7.1	0.0	0.262
7538	7.6	0.0	0.142
7539	7.9	0.0	0.055
7540	7.7	0.0	0.040
7541	7.8	0.0	0.121
7542	7.8	0.0	0.302
7543	7.7	0.0	0.817
7544	10.1	0.0	0.874
7545	10.2	0.0	0.878
7546	10.0	0.0	0.920
7547	10.0	0.0	0.878
7548	9.9	0.0	0.851
7549	9.6	0.0	0.788
7550	9.2	0.0	0.692
7551	9.2	0.0	0.631
7552	9.5	0.0	0.589
7553	9.6	0.0	0.612
7554	10.4	0.0	0.759
7555	10.8	0.0	0.847
7556	10.5	0.0	1.048
7557	10.7	0.0	1.077
7558	11.0	0.0	1.004
7559	11.3	0.0	0.604
7560	11.7	0.0	0.379
7561	9.5	0.0	0.262
7562	9.5	0.0	0.142
7563	9.7	0.0	0.055
7564	9.6	0.0	0.040
7565	9.9	0.0	0.121
7566	10.1	0.0	0.302
7567	10.2	0.0	0.817
7568	12.6	0.0	0.874
7569	12.6	0.0	0.878
7570	12.8	0.0	0.920
7571	13.1	0.0	0.878
7572	12.9	0.0	0.851
7573	13.0	0.0	0.788
7574	13.1	0.0	0.692
7575	12.6	0.0	0.631
7576	12.3	0.0	0.589
7577	12.8	0.0	0.612
7578	12.9	0.0	0.759
7579	12.5	0.0	0.847
7580	12.4	0.0	1.048
7581	12.6	0.0	1.077
7582	12.6	0.0	1.004
7583	12.6	0.0	0.604
7584	13.0	0.0	0.379
7585	10.9	0.0	0.262
7586	11.1	0.0	0.142
7587	11.1	0.0	0.055
7588	11.1	0.0	0.040
7589	10.9	0.0	0.121
7590	10.5	0.0	0.302
7591	10.2	0.0	0.817
7592	12.1	0.0	0.874
7593	12.1	0.0	0.878
7594	12.2	0.0	0.920
7595	11.7	0.0	0.878
7596	11.2	0.0	0.851
7597	10.9	0.0	0.788
7598	10.2	0.0	0.692
7599	9.9	0.0	0.631
7600	9.9	0.0	0.589
7601	9.6	0.0	0.612
7602	9.5	0.0	0.759
7603	9.7	0.0	0.847
7604	10.1	0.0	1.048
7605	10.0	0.0	1.077
7606	9.7	0.0	1.004
7607	9.6	0.0	0.604
7608	9.7	0.0	0.379
7609	7.4	0.0	0.262
7610	7.3	0.0	0.142
7611	7.4	0.0	0.055
7612	7.8	0.0	0.040
7613	8.1	0.0	0.121
7614	8.3	0.0	0.302
7615	8.3	0.0	0.817
7616	10.4	0.0	0.874
7617	10.0	0.0	0.878
7618	9.8	0.0	0.920
7619	9.0	0.0	0.878
7620	8.6	0.0	0.851
7621	8.3	0.0	0.788
7622	7.8	0.0	0.692
7623	7.4	0.0	0.631
7624	7.4	0.0	0.589
7625	7.9	0.0	0.612
7626	8.1	0.0	0.759
7627	8.2	0.0	0.847
7628	8.3	0.0	1.048
7629	8.2	0.0	1.077
7630	8.2	0.0	1.004
7631	8.3	0.0	0.604
7632	8.2	0.0	0.379
7633	6.2	0.0	0.262
7634	6.4	0.0	0.142
7635	6.4	0.0	0.055
7636	6.4	0.0	0.040
7637	6.2	0.0	0.121
7638	6.1	0.0	0.302
7639	6.3	0.0	0.817
7640	8.2	0.0	0.874
7641	7.6	0.0	0.878
7642	7.3	0.0	0.920
7643	6.8	0.0	0.878
7644	6.8	0.0	0.851
7645	6.3	0.0	0.788
7646	5.8	0.0	0.692
7647	5.8	0.0	0.631
7648	5.6	0.0	0.589
7649	5.6	0.0	0.612
7650	5.9	0.0	0.759
7651	6.6	0.0	0.847
7652	6.6	0.0	1.048
7653	6.5	0.0	1.077
7654	6.7	0.0	1.004
7655	6.5	0.0	0.604
7656	6.4	0.0	0.379
7657	4.3	0.0	0.262
7658	4.0	0.0	0.142
7659	4.2	0.0	0.055
7660	4.1	0.0	0.040
7661	4.2	0.0	0.121
7662	4.0	0.0	0.302
7663	4.2	0.0	0.817
7664	6.3	0.0	0.874
7665	6.1	0.0	0.878
7666	5.9	0.0	0.920
7667	5.3	0.0	0.878
7668	4.9	0.0	0.851
7669	4.5	0.0	0.788
7670	4.3	0.0	0.692
7671	3.9	0.0	0.631
7672	4.1	0.0	0.589
7673	4.4	0.0	0.612
7674	5.0	0.0	0.759
7675	5.0	0.0	0.847
7676	5.1	0.0	1.048
7677	4.9	0.0	1.077
7678	5.1	0.0	1.004
7679	5.0	0.0	0.604
7680	5.2	0.0	0.379
7681	3.0	0.0	0.262
7682	3.2	0.0	0.142
7683	2.8	0.0	0.055
7684	2.8	0.0	0.040
7685	2.9	0.0	0.121
7686	3.1	0.0	0.302
7687	2.9	0.0	0.817
7688	5.7	0.0	0.874
7689	5.7	0.0	0.878
7690	5.7	0.0	0.920
7691	5.8	0.0	0.878
7692	5.8	0.0	0.851
7693	5.6	0.0	0.788
7694	5.6	0.0	0.692
7695	5.6	0.0	0.631
7696	5.9	0.0	0.589
7697	6.1	0.0	0.612
7698	6.6	0.0	0.759
7699	6.6	0.0	0.847
7700	7.3	0.0	1.048
7701	7.1	0.0	1.077
7702	7.2	0.0	1.004
7703	7.2	0.0	0.604
7704	6.9	0.0	0.379
7705	4.9	0.0	0.262
7706	5.0	0.0	0.142
7707	5.0	0.0	0.055
7708	5.5	0.0	0.040
7709	5.4	0.0	0.121
7710	5.3	0.0	0.302
7711	5.4	0.0	0.817
7712	7.6	0.0	0.874
7713	7.5	0.0	0.878
7714	7.5	0.0	0.920
7715	7.1	0.0	0.878
7716	6.5	0.0	0.851
7717	6.0	0.0	0.788
7718	5.8	0.0	0.692
7719	6.2	0.0	0.631
7720	6.2	0.0	0.589
7721	6.6	0.0	0.612
7722	6.9	0.0	0.759
7723	7.1	0.0	0.847
7724	7.7	0.0	1.048
7725	8.0	0.0	1.077
7726	8.2	0.0	1.004
7727	8.2	0.0	0.604
7728	8.6	0.0	0.379
7729	6.8	0.0	0.262
7730	7.0	0.0	0.142
7731	7.4	0.0	0.055
7732	7.6	0.0	0.040
7733	7.9	0.0	0.121
7734	8.3	0.0	0.302
7735	8.6	0.0	0.817
7736	10.8	0.0	0.874
7737	10.7	0.0	0.878
7738	10.0	0.0	0.920
7739	9.8	0.0	0.878
7740	9.3	0.0	0.851
7741	8.8	0.0	0.788
7742	8.7	0.0	0.692
7743	9.0	0.0	0.631
7744	9.3	0.0	0.589
7745	9.8	0.0	0.612
7746	10.5	0.0	0.759
7747	10.5	0.0	0.847
7748	10.9	0.0	1.048
7749	11.2	0.0	1.077
7750	11.6	0.0	1.004
7751	12.1	0.0	0.604
7752	12.3	0.0	0.379
7753	10.3	0.0	0.262
7754	10.0	0.0	0.142
7755	10.2	0.0	0.055
7756	10.0	0.0	0.040
7757	9.9	0.0	0.121
7758	10.0	0.0	0.302
7759	10.4	0.0	0.817
7760	12.4	0.0	0.874
7761	12.1	0.0	0.878
7762	11.5	0.0	0.920
7763	10.9	0.0	0.878
7764	10.3	0.0	0.851
7765	9.6	0.0	0.788
7766	8.8	0.0	0.692
7767	8.7	0.0	0.631
7768	8.5	0.0	0.589
7769	8.7	0.0	0.612
7770	9.5	0.0	0.759
7771	10.1	0.0	0.847
7772	10.1	0.0	1.048
7773	10.2	0.0	1.077
7774	10.2	0.0	1.004
7775	10.3	0.0	0.604
7776	10.7	0.0	0.379
7777	8.8	0.0	0.262
7778	8.4	0.0	0.142
7779	8.6	0.0	0.055
7780	8.9	0.0	0.040
7781	9.0	0.0	0.121
7782	9.2	0.0	0.302
7783	9.0	0.0	0.817
7784	10.8	0.0	0.874
7785	10.6	0.0	0.878
7786	10.1	0.0	0.920
7787	9.2	0.0	0.878
7788	8.7	0.0	0.851
7789	8.3	0.0	0.788
7790	8.2	0.0	0.692
7791	8.2	0.0	0.631
7792	8.3	0.0	0.589
7793	8.5	0.0	0.612
7794	9.2	0.0	0.759
7795	9.5	0.0	0.847
7796	9.9	0.0	1.048
7797	9.7	0.0	1.077
7798	10.2	0.0	1.004
7799	10.4	0.0	0.604
7800	10.6	0.0	0.379
7801	8.3	0.0	0.262
7802	8.4	0.0	0.142
7803	8.3	0.0	0.055
7804	8.4	0.0	0.040
7805	8.5	0.0	0.121
7806	8.7	0.0	0.302
7807	9.0	0.0	0.817
7808	11.0	0.0	0.874
7809	10.7	0.0	0.878
7810	10.5	0.0	0.920
7811	9.8	0.0	0.878
7812	9.2	0.0	0.851
7813	8.1	0.0	0.788
7814	7.5	0.0	0.692
7815	7.3	0.0	0.631
7816	7.5	0.0	0.589
7817	7.5	0.0	0.612
7818	7.7	0.0	0.759
7819	7.6	0.0	0.847
7820	8.3	0.0	1.048
7821	8.7	0.0	1.077
7822	8.8	0.0	1.004
7823	8.7	0.0	0.604
7824	8.8	0.0	0.379
7825	6.7	0.0	0.262
7826	6.6	0.0	0.142
7827	6.6	0.0	0.055
7828	6.5	0.0	0.040
7829	6.5	0.0	0.121
7830	6.7	0.0	0.302
7831	6.5	0.0	0.817
7832	8.6	0.0	0.874
7833	8.5	0.0	0.878
7834	8.3	0.0	0.920
7835	8.1	0.0	0.878
7836	7.5	0.0	0.851
7837	6.9	0.0	0.788
7838	6.5	0.0	0.692
7839	6.3	0.0	0.631
7840	6.4	0.0	0.589
7841	6.2	0.0	0.612
7842	6.4	0.0	0.759
7843	6.3	0.0	0.847
7844	6.5	0.0	1.048
7845	6.5	0.0	1.077
7846	6.7	0.0	1.004
7847	6.3	0.0	0.604
7848	6.2	0.0	0.379
7849	3.9	0.0	0.262
7850	4.2	0.0	0.142
7851	4.3	0.0	0.055
7852	4.3	0.0	0.040
7853	4.7	0.0	0.121
7854	4.4	0.0	0.302
7855	4.6	0.0	0.817
7856	7.2	0.0	0.874
7857	7.1	0.0	0.878
7858	6.8	0.0	0.920
7859	6.1	0.0	0.878
7860	5.7	0.0	0.851
7861	5.5	0.0	0.788
7862	5.3	0.0	0.692
7863	5.1	0.0	0.631
7864	5.4	0.0	0.589
7865	5.8	0.0	0.612
7866	6.4	0.0	0.759
7867	6.7	0.0	0.847
7868	7.3	0.0	1.048
7869	7.8	0.0	1.077
7870	8.0	0.0	1.004
7871	8.6	0.0	0.604
7872	8.7	0.0	0.379
7873	6.8	0.0	0.262
7874	6.9	0.0	0.142
7875	7.0	0.0	0.055
7876	7.0	0.0	0.040
7877	7.2	0.0	0.121
7878	7.3	0.0	0.302
7879	7.3	0.0	0.817
7880	9.6	0.0	0.874
7881	9.3	0.0	0.878
7882	9.1	0.0	0.920
7883	8.7	0.0	0.878
7884	8.4	0.0	0.851
7885	8.2	0.0	0.788
7886	8.0	0.0	0.692
7887	8.0	0.0	0.631
7888	7.7	0.0	0.589
7889	7.9	0.0	0.612
7890	8.2	0.0	0.759
7891	8.5	0.0	0.847
7892	8.9	0.0	1.048
7893	9.3	0.0	1.077
7894	9.6	0.0	1.004
7895	9.5	0.0	0.604
7896	9.3	0.0	0.379
7897	6.8	0.0	0.262
7898	6.8	0.0	0.142
7899	6.8	0.0	0.055
7900	6.8	0.0	0.040
7901	6.8	0.0	0.121
7902	6.7	0.0	0.302
7903	6.9	0.0	0.817
7904	9.2	0.0	0.874
7905	8.4	0.0	0.878
7906	7.7	0.0	0.920
7907	7.2	0.0	0.878
7908	6.8	0.0	0.851
7909	6.2	0.0	0.788
7910	5.9	0.0	0.692
7911	6.0	0.0	0.631
7912	6.3	0.0	0.589
7913	6.6	0.0	0.612
7914	7.0	0.0	0.759
7915	7.2	0.0	0.847
7916	7.2	0.0	1.048
7917	7.0	0.0	1.077
7918	7.0	0.0	1.004
7919	7.1	0.0	0.604
7920	6.9	0.0	0.379
7921	4.7	0.0	0.262
7922	4.8	0.0	0.142
7923	4.9	0.0	0.055
7924	5.1	0.0	0.040
7925	5.6	0.0	0.121
7926	5.8	0.0	0.302
7927	6.0	0.0	0.817
7928	8.4	0.0	0.874
7929	8.0	0.0	0.878
7930	7.7	0.0	0.920
7931	7.1	0.0	0.878
7932	6.5	0.0	0.851
7933	6.0	0.0	0.788
7934	6.1	0.0	0.692
7935	6.0	0.0	0.631
7936	6.0	0.0	0.589
7937	6.2	0.0	0.612
7938	6.6	0.0	0.759
7939	6.4	0.0	0.847
7940	6.7	0.0	1.048
7941	6.9	0.0	1.077
7942	7.4	0.0	1.004
7943	7.4	0.0	0.604
7944	7.9	0.0	0.379
7945	6.3	0.0	0.262
7946	6.4	0.0	0.142
7947	6.6	0.0	0.055
7948	6.7	0.0	0.040
7949	7.1	0.0	0.121
7950	7.4	0.0	0.302
7951	7.3	0.0	0.817
7952	9.4	0.0	0.874
7953	9.4	0.0	0.878
7954	9.0	0.0	0.920
7955	8.4	0.0	0.878
7956	8.0	0.0	0.851
7957	7.5	0.0	0.788
7958	6.9	0.0	0.692
7959	6.8	0.0	0.631
7960	6.9	0.0	0.589
7961	7.2	0.0	0.612
7962	7.8	0.0	0.759
7963	7.9	0.0	0.847
7964	8.0	0.0	1.048
7965	7.9	0.0	1.077
7966	8.0	0.0	1.004
7967	7.9	0.0	0.604
7968	7.9	0.0	0.379
7969	6.3	0.0	0.262
7970	6.6	0.0	0.142
7971	6.6	0.0	0.055
7972	6.9	0.0	0.040
7973	7.2	0.0	0.121
7974	6.9	0.0	0.302
7975	7.0	0.0	0.817
7976	9.2	0.0	0.874
7977	8.9	0.0	0.878
7978	8.4	0.0	0.920
7979	7.4	0.0	0.878
7980	6.7	0.0	0.851
7981	6.1	0.0	0.788
7982	5.8	0.0	0.692
7983	6.1	0.0	0.631
7984	6.6	0.0	0.589
7985	6.7	0.0	0.612
7986	7.3	0.0	0.759
7987	7.9	0.0	0.847
7988	8.2	0.0	1.048
7989	8.6	0.0	1.077
7990	9.2	0.0	1.004
7991	9.3	0.0	0.604
7992	9.7	0.0	0.379
7993	7.8	0.0	0.262
7994	7.8	0.0	0.142
7995	7.9	0.0	0.055
7996	8.4	0.0	0.040
7997	8.4	0.0	0.121
7998	8.7	0.0	0.302
7999	9.1	0.0	0.817
8000	11.4	0.0	0.874
8001	11.1	0.0	0.878
8002	10.7	0.0	0.920
8003	10.2	0.0	0.878
8004	9.5	0.0	0.851
8005	9.3	0.0	0.788
8006	8.9	0.0	0.692
8007	9.2	0.0	0.631
8008	9.7	0.0	0.589
8009	10.0	0.0	0.612
8010	10.7	0.0	0.759
8011	11.4	0.0	0.847
8012	11.5	0.0	1.048
8013	11.7	0.0	1.077
8014	12.2	0.0	1.004
8015	12.5	0.0	0.604
8016	12.7	0.0	0.379
8017	10.9	0.0	0.262
8018	11.0	0.0	0.142
8019	11.2	0.0	0.055
8020	11.1	0.0	0.040
8021	11.4	0.0	0.121
8022	12.0	0.0	0.302
8023	12.4	0.0	0.817
8024	14.6	0.0	0.874
8025	14.9	0.0	0.878
8026	14.3	0.0	0.920
8027	14.1	0.0	0.878
8028	14.0	0.0	0.851
8029	13.6	0.0	0.788
8030	13.4	0.0	0.692
8031	13.2	0.0	0.631
8032	12.9	0.0	0.589
8033	13.0	0.0	0.612
8034	13.0	0.0	0.759
8035	13.1	0.0	0.847
8036	13.3	0.0	1.048
8037	14.0	0.0	1.077
8038	14.5	0.0	1.004
8039	14.6	0.0	0.604
8040	14.5	0.0	0.379
8041	12.2	0.0	0.262
8042	12.1	0.0	0.142
8043	11.7	0.0	0.055
8044	11.6	0.0	0.040
8045	11.4	0.0	0.121
8046	11.5	0.0	0.302
8047	11.1	0.0	0.817
8048	13.4	0.0	0.874
8049	13.5	0.0	0.878
8050	13.7	0.0	0.920
8051	13.2	0.0	0.878
8052	12.8	0.0	0.851
8053	12.3	0.0	0.788
8054	12.2	0.0	0.692
8055	12.0	0.0	0.631
8056	12.0	0.0	0.589
8057	11.7	0.0	0.612
8058	11.7	0.0	0.759
8059	11.7	0.0	0.847
8060	12.0	0.0	1.048
8061	11.9	0.0	1.077
8062	11.9	0.0	1.004
8063	12.1	0.0	0.604
8064	12.1	0.0	0.379
8065	9.5	0.0	0.262
8066	9.4	0.0	0.142
8067	9.3	0.0	0.055
8068	9.4	0.0	0.040
8069	9.4	0.0	0.121
8070	9.4	0.0	0.302
8071	9.1	0.0	0.817
8072	11.5	0.0	0.874
8073	11.4	0.0	0.878
8074	11.0	0.0	0.920
8075	10.3	0.0	0.878
8076	10.0	0.0	0.851
8077	9.8	0.0	0.788
8078	10.0	0.0	0.692
8079	10.0	0.0	0.631
8080	10.2	0.0	0.589
8081	10.4	0.0	0.612
8082	10.5	0.0	0.759
8083	10.7	0.0	0.847
8084	11.1	0.0	1.048
8085	10.8	0.0	1.077
8086	11.0	0.0	1.004
8087	10.9	0.0	0.604
8088	11.0	0.0	0.379
8089	8.8	0.0	0.262
8090	9.0	0.0	0.142
8091	9.4	0.0	0.055
8092	9.4	0.0	0.040
8093	9.9	0.0	0.121
8094	10.1	0.0	0.302
8095	9.6	0.0	0.817
8096	11.9	0.0	0.874
8097	11.9	0.0	0.878
8098	11.8	0.0	0.920
8099	11.2	0.0	0.878
8100	11.3	0.0	0.851
8101	11.0	0.0	0.788
8102	11.0	0.0	0.692
8103	11.7	0.0	0.631
8104	11.9	0.0	0.589
8105	12.1	0.0	0.612
8106	12.6	0.0	0.759
8107	12.9	0.0	0.847
8108	13.0	0.0	1.048
8109	13.4	0.0	1.077
8110	13.4	0.0	1.004
8111	13.4	0.0	0.604
8112	13.9	0.0	0.379
8113	11.3	0.0	0.262
8114	10.8	0.0	0.142
8115	10.5	0.0	0.055
8116	9.9	0.0	0.040
8117	9.9	0.0	0.121
8118	10.1	0.0	0.302
8119	9.6	0.0	0.817
8120	11.7	0.0	0.874
8121	11.5	0.0	0.878
8122	11.2	0.0	0.920
8123	10.7	0.0	0.878
8124	10.3	0.0	0.851
8125	10.0	0.0	0.788
8126	9.3	0.0	0.692
8127	9.1	0.0	0.631
8128	9.2	0.0	0.589
8129	9.1	0.0	0.612
8130	8.9	0.0	0.759
8131	9.0	0.0	0.847
8132	8.9	0.0	1.048
8133	8.7	0.0	1.077
8134	8.2	0.0	1.004
8135	8.0	0.0	0.604
8136	8.0	0.0	0.379
8137	5.4	0.0	0.262
8138	5.2	0.0	0.142
8139	5.1	0.0	0.055
8140	5.4	0.0	0.040
8141	5.5	0.0	0.121
8142	5.2	0.0	0.302
8143	5.2	0.0	0.817
8144	7.6	0.0	0.874
8145	7.3	0.0	0.878
8146	7.0	0.0	0.920
8147	6.8	0.0	0.878
8148	6.8	0.0	0.851
8149	6.4	0.0	0.788
8150	6.0	0.0	0.692
8151	5.5	0.0	0.631
8152	5.6	0.0	0.589
8153	5.9	0.0	0.612
8154	6.0	0.0	0.759
8155	5.7	0.0	0.847
8156	5.9	0.0	1.048
8157	6.4	0.0	1.077
8158	6.8	0.0	1.004
8159	7.1	0.0	0.604
8160	7.2	0.0	0.379
8161	4.6	0.0	0.262
8162	5.0	0.0	0.142
8163	5.4	0.0	0.055
8164	5.7	0.0	0.040
8165	5.8	0.0	0.121
8166	6.0	0.0	0.302
8167	6.0	0.0	0.817
8168	8.4	0.0	0.874
8169	8.2	0.0	0.878
8170	8.1	0.0	0.920
8171	7.8	0.0	0.878
8172	7.7	0.0	0.851
8173	7.4	0.0	0.788
8174	7.6	0.0	0.692
8175	7.4	0.0	0.631
8176	7.5	0.0	0.589
8177	7.7	0.0	0.612
8178	8.1	0.0	0.759
8179	8.2	0.0	0.847
8180	8.7	0.0	1.048
8181	9.0	0.0	1.077
8182	9.0	0.0	1.004
8183	9.2	0.0	0.604
8184	9.2	0.0	0.379
8185	7.0	0.0	0.262
8186	7.3	0.0	0.142
8187	7.6	0.0	0.055
8188	7.9	0.0	0.040
8189	8.9	0.0	0.121
8190	9.5	0.0	0.302
8191	9.7	0.0	0.817
8192	11.8	0.0	0.874
8193	11.2	0.0	0.878
8194	11.1	0.0	0.920
8195	10.8	0.0	0.878
8196	10.5	0.0	0.851
8197	10.8	0.0	0.788
8198	10.7	0.0	0.692
8199	10.9	0.0	0.631
8200	11.6	0.0	0.589
8201	12.0	0.0	0.612
8202	12.8	0.0	0.759
8203	13.6	0.0	0.847
8204	14.3	0.0	1.048
8205	14.6	0.0	1.077
8206	15.6	0.0	1.004
8207	16.2	0.0	0.604
8208	16.7	0.0	0.379
8209	14.5	0.0	0.262
8210	14.5	0.0	0.142
8211	14.8	0.0	0.055
8212	15.1	0.0	0.040
8213	14.9	0.0	0.121
8214	14.5	0.0	0.302
8215	14.9	0.0	0.817
8216	17.2	0.0	0.874
8217	17.0	0.0	0.878
8218	16.7	0.0	0.920
8219	16.2	0.0	0.878
8220	16.0	0.0	0.851
8221	15.9	0.0	0.788
8222	15.2	0.0	0.692
8223	14.9	0.0	0.631
8224	14.8	0.0	0.589
8225	15.1	0.0	0.612
8226	15.0	0.0	0.759
8227	15.0	0.0	0.847
8228	15.4	0.0	1.048
8229	15.4	0.0	1.077
8230	15.7	0.0	1.004
8231	15.7	0.0	0.604
8232	15.7	0.0	0.379
8233	13.6	0.0	0.262
8234	13.7	0.0	0.142
8235	13.7	0.0	0.055
8236	13.8	0.0	0.040
8237	14.0	0.0	0.121
8238	14.1	0.0	0.302
8239	14.2	0.0	0.817
8240	16.4	0.0	0.874
8241	16.6	0.0	0.878
8242	16.4	0.0	0.920
8243	16.5	0.0	0.878
8244	16.1	0.0	0.851
8245	16.4	0.0	0.788
8246	16.3	0.0	0.692
8247	16.1	0.0	0.631
8248	16.1	0.0	0.589
8249	16.4	0.0	0.612
8250	16.4	0.0	0.759
8251	16.5	0.0	0.847
8252	17.0	0.0	1.048
8253	16.5	0.0	1.077
8254	16.6	0.0	1.004
8255	16.9	0.0	0.604
8256	16.7	0.0	0.379
8257	14.5	0.0	0.262
8258	14.7	0.0	0.142
8259	14.5	0.0	0.055
8260	14.7	0.0	0.040
8261	15.0	0.0	0.121
8262	14.9	0.0	0.302
8263	14.7	0.0	0.817
8264	16.8	0.0	0.874
8265	16.4	0.0	0.878
8266	15.9	0.0	0.920
8267	15.5	0.0	0.878
8268	15.3	0.0	0.851
8269	14.8	0.0	0.788
8270	14.6	0.0	0.692
8271	14.3	0.0	0.631
8272	14.3	0.0	0.589
8273	14.8	0.0	0.612
8274	14.7	0.0	0.759
8275	14.6	0.0	0.847
8276	14.2	0.0	1.048
8277	14.4	0.0	1.077
8278	14.7	0.0	1.004
8279	14.6	0.0	0.604
8280	14.8	0.0	0.379
8281	12.5	0.0	0.262
8282	12.1	0.0	0.142
8283	11.9	0.0	0.055
8284	11.8	0.0	0.040
8285	11.8	0.0	0.121
8286	11.9	0.0	0.302
8287	12.0	0.0	0.817
8288	14.4	0.0	0.874
8289	14.7	0.0	0.878
8290	14.5	0.0	0.920
8291	14.0	0.0	0.878
8292	14.0	0.0	0.851
8293	13.7	0.0	0.788
8294	13.8	0.0	0.692
8295	13.5	0.0	0.631
8296	13.3	0.0	0.589
8297	13.3	0.0	0.612
8298	13.6	0.0	0.759
8299	13.5	0.0	0.847
8300	13.7	0.0	1.048
8301	13.8	0.0	1.077
8302	14.1	0.0	1.004
8303	13.9	0.0	0.604
8304	14.0	0.0	0.379
8305	11.7	0.0	0.262
8306	11.9	0.0	0.142
8307	12.2	0.0	0.055
8308	12.3	0.0	0.040
8309	12.6	0.0	0.121
8310	12.1	0.0	0.302
8311	11.7	0.0	0.817
8312	13.7	0.0	0.874
8313	13.9	0.0	0.878
8314	13.4	0.0	0.920
8315	12.7	0.0	0.878
8316	12.1	0.0	0.851
8317	11.6	0.0	0.788
8318	10.9	0.0	0.692
8319	10.8	0.0	0.631
8320	10.8	0.0	0.589
8321	11.1	0.0	0.612
8322	11.4	0.0	0.759
8323	11.5	0.0	0.847
8324	11.6	0.0	1.048
8325	12.0	0.0	1.077
8326	12.2	0.0	1.004
8327	12.2	0.0	0.604
8328	12.1	0.0	0.379
8329	9.8	0.0	0.262
8330	9.8	0.0	0.142
8331	9.3	0.0	0.055
8332	9.2	0.0	0.040
8333	9.6	0.0	0.121
8334	9.9	0.0	0.302
8335	10.2	0.0	0.817
8336	12.5	0.0	0.874
8337	12.2	0.0	0.878
8338	11.7	0.0	0.920
8339	11.3	0.0	0.878
8340	10.9	0.0	0.851
8341	10.4	0.0	0.788
8342	10.0	0.0	0.692
8343	9.9	0.0	0.631
8344	9.9	0.0	0.589
8345	10.2	0.0	0.612
8346	10.6	0.0	0.759
8347	10.7	0.0	0.847
8348	11.0	0.0	1.048
8349	10.9	0.0	1.077
8350	11.0	0.0	1.004
8351	11.0	0.0	0.604
8352	11.0	0.0	0.379
8353	8.5	0.0	0.262
8354	8.6	0.0	0.142
8355	8.5	0.0	0.055
8356	8.4	0.0	0.040
8357	8.2	0.0	0.121
8358	8.3	0.0	0.302
8359	9.0	0.0	0.817
8360	11.3	0.0	0.874
8361	10.8	0.0	0.878
8362	10.1	0.0	0.920
8363	10.0	0.0	0.878
8364	9.1	0.0	0.851
8365	8.8	0.0	0.788
8366	8.6	0.0	0.692
8367	8.4	0.0	0.631
8368	8.8	0.0	0.589
8369	9.3	0.0	0.612
8370	9.5	0.0	0.759
8371	9.8	0.0	0.847
8372	9.9	0.0	1.048
8373	10.5	0.0	1.077
8374	11.0	0.0	1.004
8375	11.3	0.0	0.604
8376	11.6	0.0	0.379
8377	9.4	0.0	0.262
8378	9.5	0.0	0.142
8379	9.3	0.0	0.055
8380	9.3	0.0	0.040
8381	9.6	0.0	0.121
8382	9.7	0.0	0.302
8383	9.8	0.0	0.817
8384	12.3	0.0	0.874
8385	12.4	0.0	0.878
8386	11.9	0.0	0.920
8387	11.7	0.0	0.878
8388	11.3	0.0	0.851
8389	11.1	0.0	0.788
8390	10.2	0.0	0.692
8391	10.1	0.0	0.631
8392	10.1	0.0	0.589
8393	10.3	0.0	0.612
8394	10.3	0.0	0.759
8395	10.6	0.0	0.847
8396	10.3	0.0	1.048
8397	10.2	0.0	1.077
8398	10.1	0.0	1.004
8399	10.2	0.0	0.604
8400	9.9	0.0	0.379
8401	7.6	0.0	0.262
8402	7.7	0.0	0.142
8403	7.8	0.0	0.055
8404	7.4	0.0	0.040
8405	7.6	0.0	0.121
8406	7.5	0.0	0.302
8407	7.6	0.0	0.817
8408	10.1	0.0	0.874
8409	10.0	0.0	0.878
8410	9.5	0.0	0.920
8411	9.1	0.0	0.878
8412	8.8	0.0	0.851
8413	8.6	0.0	0.788
8414	8.6	0.0	0.692
8415	8.4	0.0	0.631
8416	8.1	0.0	0.589
8417	8.3	0.0	0.612
8418	8.6	0.0	0.759
8419	8.4	0.0	0.847
8420	8.7	0.0	1.048
8421	8.6	0.0	1.077
8422	8.6	0.0	1.004
8423	8.7	0.0	0.604
8424	9.0	0.0	0.379
8425	6.2	0.0	0.262
8426	6.1	0.0	0.142
8427	6.5	0.0	0.055
8428	6.4	0.0	0.040
8429	6.7	0.0	0.121
8430	6.8	0.0	0.302
8431	6.5	0.0	0.817
8432	8.9	0.0	0.874
8433	8.6	0.0	0.878
8434	8.1	0.0	0.920
8435	7.7	0.0	0.878
8436	7.5	0.0	0.851
8437	7.4	0.0	0.788
8438	7.2	0.0	0.692
8439	7.1	0.0	0.631
8440	7.0	0.0	0.589
8441	7.1	0.0	0.612
8442	7.6	0.0	0.759
8443	7.8	0.0	0.847
8444	7.9	0.0	1.048
8445	8.2	0.0	1.077
8446	7.9	0.0	1.004
8447	7.6	0.0	0.604
8448	7.2	0.0	0.379
8449	5.1	0.0	0.262
8450	5.5	0.0	0.142
8451	5.4	0.0	0.055
8452	6.0	0.0	0.040
8453	5.9	0.0	0.121
8454	5.6	0.0	0.302
8455	5.7	0.0	0.817
8456	8.0	0.0	0.874
8457	8.0	0.0	0.878
8458	7.4	0.0	0.920
8459	6.9	0.0	0.878
8460	6.5	0.0	0.851
8461	6.0	0.0	0.788
8462	5.6	0.0	0.692
8463	5.4	0.0	0.631
8464	5.8	0.0	0.589
8465	6.3	0.0	0.612
8466	6.5	0.0	0.759
8467	6.7	0.0	0.847
8468	7.0	0.0	1.048
8469	7.0	0.0	1.077
8470	7.2	0.0	1.004
8471	7.3	0.0	0.604
8472	7.5	0.0	0.379
8473	5.4	0.0	0.262
8474	6.1	0.0	0.142
8475	6.1	0.0	0.055
8476	6.1	0.0	0.040
8477	6.3	0.0	0.121
8478	6.6	0.0	0.302
8479	7.0	0.0	0.817
8480	9.3	0.0	0.874
8481	9.3	0.0	0.878
8482	9.2	0.0	0.920
8483	9.0	0.0	0.878
8484	8.8	0.0	0.851
8485	8.5	0.0	0.788
8486	8.6	0.0	0.692
8487	8.6	0.0	0.631
8488	8.7	0.0	0.589
8489	9.2	0.0	0.612
8490	9.4	0.0	0.759
8491	9.8	0.0	0.847
8492	10.3	0.0	1.048
8493	10.6	0.0	1.077
8494	11.1	0.0	1.004
8495	11.2	0.0	0.604
8496	11.5	0.0	0.379
8497	9.1	0.0	0.262
8498	9.1	0.0	0.142
8499	9.1	0.0	0.055
8500	8.9	0.0	0.040
8501	9.2	0.0	0.121
8502	9.3	0.0	0.302
8503	9.1	0.0	0.817
8504	11.7	0.0	0.874
8505	11.6	0.0	0.878
8506	11.2	0.0	0.920
8507	10.4	0.0	0.878
8508	10.0	0.0	0.851
8509	9.8	0.0	0.788
8510	9.5	0.0	0.692
8511	9.5	0.0	0.631
8512	9.2	0.0	0.589
8513	9.4	0.0	0.612
8514	9.8	0.0	0.759
8515	9.7	0.0	0.847
8516	9.9	0.0	1.048
8517	9.6	0.0	1.077
8518	9.2	0.0	1.004
8519	9.1	0.0	0.604
8520	8.8	0.0	0.379
8521	6.8	0.0	0.262
8522	6.9	0.0	0.142
8523	7.0	0.0	0.055
8524	7.0	0.0	0.040
8525	7.2	0.0	0.121
8526	7.0	0.0	0.302
8527	7.0	0.0	0.817
8528	9.5	0.0	0.874
8529	9.2	0.0	0.878
8530	8.5	0.0	0.920
8531	8.6	0.0	0.878
8532	8.5	0.0	0.851
8533	8.3	0.0	0.788
8534	8.7	0.0	0.692
8535	8.6	0.0	0.631
8536	9.0	0.0	0.589
8537	8.9	0.0	0.612
8538	9.2	0.0	0.759
8539	9.0	0.0	0.847
8540	9.1	0.0	1.048
8541	9.3	0.0	1.077
8542	9.1	0.0	1.004
8543	9.2	0.0	0.604
8544	9.5	0.0	0.379
8545	7.4	0.0	0.262
8546	7.8	0.0	0.142
8547	7.8	0.0	0.055
8548	8.0	0.0	0.040
8549	8.1	0.0	0.121
8550	8.5	0.0	0.302
8551	8.6	0.0	0.817
8552	11.0	0.0	0.874
8553	10.7	0.0	0.878
8554	10.2	0.0	0.920
8555	9.6	0.0	0.878
8556	9.3	0.0	0.851
8557	9.0	0.0	0.788
8558	8.8	0.0	0.692
8559	9.4	0.0	0.631
8560	10.0	0.0	0.589
8561	10.3	0.0	0.612
8562	10.8	0.0	0.759
8563	10.5	0.0	0.847
8564	10.6	0.0	1.048
8565	10.5	0.0	1.077
8566	10.9	0.0	1.004
8567	11.0	0.0	0.604
8568	11.0	0.0	0.379
8569	8.8	0.0	0.262
8570	8.9	0.0	0.142
8571	9.0	0.0	0.055
8572	9.1	0.0	0.040
8573	9.0	0.0	0.121
8574	9.3	0.0	0.302
8575	9.5	0.0	0.817
8576	11.8	0.0	0.874
8577	11.4	0.0	0.878
8578	11.1	0.0	0.920
8579	10.6	0.0	0.878
8580	9.6	0.0	0.851
8581	9.2	0.0	0.788
8582	8.9	0.0	0.692
8583	8.3	0.0	0.631
8584	8.5	0.0	0.589
8585	8.9	0.0	0.612
8586	9.1	0.0	0.759
8587	9.5	0.0	0.847
8588	10.4	0.0	1.048
8589	10.2	0.0	1.077
8590	10.0	0.0	1.004
8591	10.2	0.0	0.604
8592	10.4	0.0	0.379
8593	8.1	0.0	0.262
8594	7.7	0.0	0.142
8595	7.6	0.0	0.055
8596	7.4	0.0	0.040
8597	7.3	0.0	0.121
8598	7.0	0.0	0.302
8599	7.0	0.0	0.817
8600	9.1	0.0	0.874
8601	8.8	0.0	0.878
8602	8.7	0.0	0.920
8603	8.1	0.0	0.878
8604	7.3	0.0	0.851
8605	7.1	0.0	0.788
8606	6.6	0.0	0.692
8607	6.6	0.0	0.631
8608	6.8	0.0	0.589
8609	7.2	0.0	0.612
8610	7.8	0.0	0.759
8611	8.0	0.0	0.847
8612	7.8	0.0	1.048
8613	7.6	0.0	1.077
8614	7.6	0.0	1.004
8615	7.9	0.0	0.604
8616	8.0	0.0	0.379
8617	6.0	0.0	0.262
8618	5.6	0.0	0.142
8619	5.4	0.0	0.055
8620	5.6	0.0	0.040
8621	5.8	0.0	0.121
8622	6.0	0.0	0.302
8623	5.7	0.0	0.817
8624	8.0	0.0	0.874
8625	8.1	0.0	0.878
8626	7.5	0.0	0.920
8627	6.7	0.0	0.878
8628	6.3	0.0	0.851
8629	5.9	0.0	0.788
8630	5.8	0.0	0.692
8631	5.4	0.0	0.631
8632	5.9	0.0	0.589
8633	6.1	0.0	0.612
8634	6.7	0.0	0.759
8635	7.1	0.0	0.847
8636	7.2	0.0	1.048
8637	7.6	0.0	1.077
8638	7.9	0.0	1.004
8639	8.3	0.0	0.604
8640	8.6	0.0	0.379
8641	6.7	0.0	0.262
8642	6.7	0.0	0.142
8643	6.6	0.0	0.055
8644	6.6	0.0	0.040
8645	6.4	0.0	0.121
8646	6.7	0.0	0.302
8647	6.8	0.0	0.817
8648	9.3	0.0	0.874
8649	9.0	0.0	0.878
8650	8.7	0.0	0.920
8651	8.2	0.0	0.878
8652	7.4	0.0	0.851
8653	7.1	0.0	0.788
8654	6.8	0.0	0.692
8655	6.4	0.0	0.631
8656	6.2	0.0	0.589
8657	6.6	0.0	0.612
8658	6.9	0.0	0.759
8659	6.9	0.0	0.847
8660	6.6	0.0	1.048
8661	6.8	0.0	1.077
8662	6.9	0.0	1.004
8663	6.9	0.0	0.604
8664	7.2	0.0	0.379
8665	4.8	0.0	0.262
8666	4.6	0.0	0.142
8667	4.3	0.0	0.055
8668	4.2	0.0	0.040
8669	4.0	0.0	0.121
8670	4.0	0.0	0.302
8671	4.0	0.0	0.817
8672	6.5	0.0	0.874
8673	6.5	0.0	0.878
8674	6.5	0.0	0.920
8675	6.0	0.0	0.878
8676	5.7	0.0	0.851
8677	5.5	0.0	0.788
8678	5.1	0.0	0.692
8679	5.2	0.0	0.631
8680	5.2	0.0	0.589
8681	5.1	0.0	0.612
8682	4.6	0.0	0.759
8683	4.6	0.0	0.847
8684	4.5	0.0	1.048
8685	4.2	0.0	1.077
8686	4.2	0.0	1.004
8687	4.1	0.0	0.604
8688	4.1	0.0	0.379
8689	1.8	0.0	0.262
8690	1.9	0.0	0.142
8691	2.1	0.0	0.055
8692	1.8	0.0	0.040
8693	2.1	0.0	0.121
8694	2.4	0.0	0.302
8695	2.2	0.0	0.817
8696	4.7	0.0	0.874
8697	4.5	0.0	0.878
8698	4.7	0.0	0.920
8699	4.4	0.0	0.878
8700	4.7	0.0	0.851
8701	4.8	0.0	0.788
8702	5.0	0.0	0.692
8703	5.6	0.0	0.631
8704	6.1	0.0	0.589
8705	6.4	0.0	0.612
8706	6.8	0.0	0.759
8707	7.0	0.0	0.847
8708	7.1	0.0	1.048
8709	7.0	0.0	1.077
8710	7.3	0.0	1.004
8711	7.5	0.0	0.604
8712	7.3	0.0	0.379
8713	5.2	0.0	0.262
8714	5.7	0.0	0.142
8715	5.8	0.0	0.055
8716	6.2	0.0	0.040
8717	6.4	0.0	0.121
8718	6.9	0.0	0.302
8719	7.3	0.0	0.817
8720	9.6	0.0	0.874
8721	9.7	0.0	0.878
8722	9.7	0.0	0.920
8723	10.1	0.0	0.878
8724	9.6	0.0	0.851
8725	9.1	0.0	0.788
8726	9.2	0.0	0.692
8727	9.2	0.0	0.631
8728	9.5	0.0	0.589
8729	9.7	0.0	0.612
8730	10.4	0.0	0.759
8731	10.7	0.0	0.847
8732	10.4	0.0	1.048
8733	10.9	0.0	1.077
8734	11.4	0.0	1.004
8735	11.6	0.0	0.604
8736	11.9	0.0	0.379
8737	9.8	0.0	0.262
8738	10.0	0.0	0.142
8739	10.2	0.0	0.055
8740	10.3	0.0	0.040
8741	10.5	0.0	0.121
8742	10.6	0.0	0.302
8743	10.8	0.0	0.817
8744	13.0	0.0	0.874
8745	13.6	0.0	0.878
8746	13.2	0.0	0.920
8747	13.0	0.0	0.878
8748	13.0	0.0	0.851
8749	13.1	0.0	0.788
8750	13.1	0.0	0.692
8751	13.1	0.0	0.631
8752	13.2	0.0	0.589
8753	13.0	0.0	0.612
8754	13.3	0.0	0.759
8755	13.7	0.0	0.847
8756	14.1	0.0	1.048
8757	14.7	0.0	1.077
8758	15.4	0.0	1.004
8759	15.8	0.0	0.604
8760	16.0	0.0	0.379
