# HOY	Heat Demand	Load duration curve	Dhw Demand
# [h]	[kWh / h]	[kWh / h]	[kWh / h]
1	5.6	10.7	0.143
2	5.8	10.7	0.077
3	6.1	10.3	0.030
4	6.0	10.2	0.022
5	6.1	10.2	0.066
6	6.1	10.2	0.165
7	6.0	10.2	0.446
8	7.3	10.1	0.478
9	7.4	10.0	0.480
10	7.0	10.0	0.503
11	7.0	10.0	0.480
12	6.6	10.0	0.465
13	6.4	10.0	0.431
14	6.4	9.9	0.378
15	6.4	9.9	0.345
16	6.6	9.9	0.322
17	7.0	9.9	0.334
18	7.6	9.8	0.415
19	8.1	9.8	0.463
20	8.2	9.8	0.573
21	8.3	9.8	0.588
22	8.6	9.8	0.549
23	8.8	9.8	0.330
24	9.1	9.8	0.207
25	7.9	9.8	0.143
26	7.7	9.7	0.077
27	7.8	9.7	0.030
28	7.8	9.7	0.022
29	7.7	9.7	0.066
30	7.5	9.7	0.165
31	7.7	9.7	0.446
32	9.2	9.6	0.478
33	9.0	9.6	0.480
34	8.8	9.6	0.503
35	8.5	9.6	0.480
36	8.2	9.6	0.465
37	8.0	9.6	0.431
38	7.9	9.6	0.378
39	7.6	9.6	0.345
40	7.8	9.5	0.322
41	8.2	9.5	0.334
42	8.5	9.5	0.415
43	8.6	9.5	0.463
44	8.6	9.5	0.573
45	8.7	9.4	0.588
46	8.8	9.4	0.549
47	8.8	9.4	0.330
48	8.8	9.4	0.207
49	7.4	9.4	0.143
50	7.3	9.3	0.077
51	7.4	9.3	0.030
52	7.6	9.3	0.022
53	7.6	9.3	0.066
54	7.5	9.3	0.165
55	7.8	9.3	0.446
56	9.1	9.3	0.478
57	9.0	9.3	0.480
58	9.1	9.3	0.503
59	8.8	9.2	0.480
60	8.7	9.2	0.465
61	8.4	9.2	0.431
62	8.2	9.2	0.378
63	8.0	9.2	0.345
64	8.0	9.2	0.322
65	8.1	9.1	0.334
66	8.4	9.1	0.415
67	8.7	9.1	0.463
68	8.9	9.1	0.573
69	9.2	9.1	0.588
70	9.4	9.1	0.549
71	9.6	9.0	0.330
72	9.7	9.0	0.207
73	8.4	9.0	0.143
74	8.4	9.0	0.077
75	8.3	9.0	0.030
76	8.4	9.0	0.022
77	8.3	9.0	0.066
78	8.3	9.0	0.165
79	8.1	9.0	0.446
80	9.2	9.0	0.478
81	8.9	8.9	0.480
82	8.5	8.9	0.503
83	7.7	8.9	0.480
84	7.1	8.9	0.465
85	6.6	8.9	0.431
86	6.3	8.9	0.378
87	6.4	8.9	0.345
88	6.4	8.9	0.322
89	6.5	8.9	0.334
90	6.5	8.9	0.415
91	6.5	8.9	0.463
92	6.4	8.9	0.573
93	6.6	8.8	0.588
94	6.7	8.8	0.549
95	6.7	8.8	0.330
96	6.8	8.8	0.207
97	5.3	8.8	0.143
98	5.4	8.8	0.077
99	5.7	8.8	0.030
100	5.8	8.8	0.022
101	6.0	8.8	0.066
102	6.2	8.8	0.165
103	6.4	8.8	0.446
104	7.9	8.8	0.478
105	8.1	8.8	0.480
106	8.1	8.8	0.503
107	8.2	8.8	0.480
108	8.3	8.8	0.465
109	8.3	8.8	0.431
110	8.5	8.8	0.378
111	9.0	8.8	0.345
112	8.9	8.8	0.322
113	9.3	8.8	0.334
114	9.7	8.7	0.415
115	9.8	8.7	0.463
116	9.6	8.7	0.573
117	9.9	8.7	0.588
118	10.2	8.7	0.549
119	10.7	8.7	0.330
120	10.7	8.7	0.207
121	9.5	8.7	0.143
122	9.6	8.7	0.077
123	9.3	8.7	0.030
124	9.3	8.7	0.022
125	8.8	8.7	0.066
126	8.5	8.7	0.165
127	8.4	8.7	0.446
128	9.7	8.7	0.478
129	9.6	8.7	0.480
130	9.2	8.7	0.503
131	8.7	8.7	0.480
132	8.2	8.7	0.465
133	7.6	8.6	0.431
134	7.1	8.6	0.378
135	6.9	8.6	0.345
136	6.6	8.6	0.322
137	6.6	8.6	0.334
138	6.8	8.6	0.415
139	6.5	8.6	0.463
140	6.5	8.6	0.573
141	6.5	8.6	0.588
142	6.5	8.6	0.549
143	6.5	8.6	0.330
144	6.5	8.6	0.207
145	5.0	8.6	0.143
146	5.1	8.6	0.077
147	5.1	8.5	0.030
148	5.2	8.5	0.022
149	5.5	8.5	0.066
150	5.3	8.5	0.165
151	5.4	8.5	0.446
152	7.0	8.5	0.478
153	6.8	8.5	0.480
154	6.4	8.5	0.503
155	6.2	8.5	0.480
156	5.9	8.5	0.465
157	5.7	8.5	0.431
158	5.2	8.5	0.378
159	5.0	8.4	0.345
160	5.0	8.4	0.322
161	5.4	8.4	0.334
162	5.7	8.4	0.415
163	6.2	8.4	0.463
164	6.3	8.4	0.573
165	6.6	8.4	0.588
166	6.7	8.4	0.549
167	7.1	8.4	0.330
168	7.2	8.4	0.207
169	5.9	8.4	0.143
170	5.9	8.4	0.077
171	5.9	8.4	0.030
172	5.7	8.4	0.022
173	5.6	8.4	0.066
174	5.3	8.4	0.165
175	5.3	8.4	0.446
176	6.6	8.4	0.478
177	6.6	8.4	0.480
178	6.5	8.4	0.503
179	6.1	8.4	0.480
180	5.8	8.4	0.465
181	5.9	8.3	0.431
182	5.7	8.3	0.378
183	5.9	8.3	0.345
184	5.8	8.3	0.322
185	5.8	8.3	0.334
186	5.8	8.3	0.415
187	6.0	8.3	0.463
188	5.7	8.3	0.573
189	5.5	8.3	0.588
190	5.4	8.3	0.549
191	5.2	8.3	0.330
192	5.0	8.3	0.207
193	3.3	8.3	0.143
194	3.3	8.3	0.077
195	3.5	8.3	0.030
196	3.5	8.3	0.022
197	3.3	8.3	0.066
198	3.1	8.3	0.165
199	3.3	8.3	0.446
200	4.7	8.3	0.478
201	4.8	8.3	0.480
202	4.4	8.3	0.503
203	4.3	8.3	0.480
204	4.4	8.3	0.465
205	4.3	8.3	0.431
206	4.0	8.2	0.378
207	3.6	8.2	0.345
208	3.5	8.2	0.322
209	3.6	8.2	0.334
210	3.5	8.2	0.415
211	3.5	8.2	0.463
212	3.5	8.2	0.573
213	3.5	8.2	0.588
214	3.5	8.2	0.549
215	3.4	8.2	0.330
216	3.2	8.2	0.207
217	1.8	8.2	0.143
218	2.0	8.2	0.077
219	2.1	8.2	0.030
220	2.3	8.2	0.022
221	2.5	8.2	0.066
222	2.7	8.2	0.165
223	2.9	8.2	0.446
224	4.5	8.2	0.478
225	4.4	8.2	0.480
226	4.5	8.2	0.503
227	4.6	8.2	0.480
228	4.5	8.1	0.465
229	4.3	8.1	0.431
230	4.4	8.1	0.378
231	4.3	8.1	0.345
232	4.8	8.1	0.322
233	5.1	8.1	0.334
234	5.5	8.1	0.415
235	5.5	8.1	0.463
236	5.8	8.1	0.573
237	6.2	8.1	0.588
238	6.7	8.1	0.549
239	7.1	8.1	0.330
240	7.3	8.1	0.207
241	6.2	8.1	0.143
242	6.2	8.1	0.077
243	6.2	8.1	0.030
244	6.2	8.1	0.022
245	6.2	8.1	0.066
246	6.1	8.1	0.165
247	6.1	8.1	0.446
248	7.4	8.0	0.478
249	7.5	8.0	0.480
250	7.1	8.0	0.503
251	7.2	8.0	0.480
252	6.6	8.0	0.465
253	6.4	8.0	0.431
254	6.0	8.0	0.378
255	6.1	8.0	0.345
256	6.3	8.0	0.322
257	6.8	8.0	0.334
258	6.8	8.0	0.415
259	6.9	8.0	0.463
260	7.2	8.0	0.573
261	7.4	8.0	0.588
262	7.6	8.0	0.549
263	7.6	8.0	0.330
264	7.7	8.0	0.207
265	6.2	8.0	0.143
266	6.4	8.0	0.077
267	6.3	8.0	0.030
268	6.3	8.0	0.022
269	6.1	7.9	0.066
270	6.3	7.9	0.165
271	6.1	7.9	0.446
272	7.7	7.9	0.478
273	7.7	7.9	0.480
274	7.4	7.9	0.503
275	7.2	7.9	0.480
276	6.8	7.9	0.465
277	6.4	7.9	0.431
278	6.2	7.9	0.378
279	6.0	7.9	0.345
280	6.0	7.9	0.322
281	5.9	7.9	0.334
282	6.1	7.9	0.415
283	6.1	7.9	0.463
284	6.1	7.9	0.573
285	6.3	7.9	0.588
286	6.4	7.9	0.549
287	6.4	7.9	0.330
288	6.5	7.9	0.207
289	4.8	7.8	0.143
290	4.8	7.8	0.077
291	4.8	7.8	0.030
292	4.8	7.8	0.022
293	4.8	7.8	0.066
294	4.9	7.8	0.165
295	4.8	7.8	0.446
296	6.2	7.8	0.478
297	6.2	7.8	0.480
298	6.1	7.8	0.503
299	5.8	7.8	0.480
300	5.6	7.8	0.465
301	5.3	7.8	0.431
302	5.2	7.8	0.378
303	5.2	7.8	0.345
304	5.0	7.8	0.322
305	5.2	7.8	0.334
306	5.2	7.8	0.415
307	5.2	7.8	0.463
308	5.3	7.8	0.573
309	5.4	7.8	0.588
310	5.7	7.8	0.549
311	5.7	7.8	0.330
312	5.8	7.8	0.207
313	4.4	7.8	0.143
314	4.4	7.8	0.077
315	4.4	7.7	0.030
316	4.2	7.7	0.022
317	4.1	7.7	0.066
318	4.0	7.7	0.165
319	4.1	7.7	0.446
320	5.6	7.7	0.478
321	5.7	7.7	0.480
322	5.6	7.7	0.503
323	5.5	7.7	0.480
324	5.6	7.7	0.465
325	5.4	7.7	0.431
326	5.2	7.7	0.378
327	4.9	7.7	0.345
328	4.6	7.7	0.322
329	4.9	7.7	0.334
330	5.0	7.7	0.415
331	5.2	7.7	0.463
332	5.3	7.7	0.573
333	5.3	7.7	0.588
334	5.4	7.7	0.549
335	5.5	7.7	0.330
336	5.4	7.7	0.207
337	4.0	7.7	0.143
338	4.1	7.7	0.077
339	4.3	7.7	0.030
340	4.5	7.7	0.022
341	4.6	7.7	0.066
342	4.6	7.7	0.165
343	4.6	7.6	0.446
344	6.3	7.6	0.478
345	6.3	7.6	0.480
346	6.5	7.6	0.503
347	6.2	7.6	0.480
348	6.1	7.6	0.465
349	6.0	7.6	0.431
350	6.2	7.6	0.378
351	6.3	7.6	0.345
352	6.3	7.6	0.322
353	6.5	7.6	0.334
354	6.8	7.6	0.415
355	6.8	7.6	0.463
356	7.1	7.6	0.573
357	7.0	7.6	0.588
358	7.3	7.6	0.549
359	7.2	7.6	0.330
360	7.0	7.6	0.207
361	5.6	7.6	0.143
362	5.7	7.6	0.077
363	5.9	7.6	0.030
364	5.8	7.6	0.022
365	5.7	7.6	0.066
366	6.0	7.6	0.165
367	6.1	7.6	0.446
368	7.6	7.6	0.478
369	7.6	7.6	0.480
370	7.6	7.6	0.503
371	7.1	7.6	0.480
372	7.0	7.6	0.465
373	6.8	7.5	0.431
374	6.6	7.5	0.378
375	6.7	7.5	0.345
376	7.0	7.5	0.322
377	7.5	7.5	0.334
378	7.9	7.5	0.415
379	8.1	7.5	0.463
380	8.2	7.5	0.573
381	8.4	7.5	0.588
382	8.7	7.5	0.549
383	9.0	7.5	0.330
384	9.3	7.5	0.207
385	8.3	7.5	0.143
386	8.4	7.5	0.077
387	8.5	7.5	0.030
388	8.4	7.5	0.022
389	8.4	7.5	0.066
390	8.3	7.5	0.165
391	8.2	7.5	0.446
392	9.5	7.5	0.478
393	9.1	7.5	0.480
394	8.7	7.5	0.503
395	8.3	7.5	0.480
396	7.9	7.5	0.465
397	7.3	7.5	0.431
398	6.8	7.5	0.378
399	6.8	7.5	0.345
400	6.6	7.5	0.322
401	6.6	7.5	0.334
402	6.8	7.5	0.415
403	6.7	7.5	0.463
404	6.7	7.5	0.573
405	7.1	7.5	0.588
406	6.8	7.4	0.549
407	6.9	7.4	0.330
408	6.7	7.4	0.207
409	4.9	7.4	0.143
410	5.1	7.4	0.077
411	5.3	7.4	0.030
412	5.3	7.4	0.022
413	5.4	7.4	0.066
414	5.4	7.4	0.165
415	5.6	7.4	0.446
416	7.2	7.4	0.478
417	7.0	7.4	0.480
418	6.8	7.4	0.503
419	6.8	7.4	0.480
420	6.6	7.4	0.465
421	6.4	7.4	0.431
422	6.4	7.4	0.378
423	6.5	7.4	0.345
424	6.7	7.4	0.322
425	6.8	7.4	0.334
426	6.9	7.4	0.415
427	7.2	7.4	0.463
428	7.2	7.4	0.573
429	7.6	7.4	0.588
430	7.7	7.4	0.549
431	7.7	7.4	0.330
432	7.6	7.4	0.207
433	6.3	7.4	0.143
434	6.5	7.4	0.077
435	6.8	7.3	0.030
436	7.0	7.3	0.022
437	6.8	7.3	0.066
438	6.7	7.3	0.165
439	6.6	7.3	0.446
440	8.1	7.3	0.478
441	7.9	7.3	0.480
442	7.9	7.3	0.503
443	8.0	7.3	0.480
444	7.6	7.3	0.465
445	7.5	7.3	0.431
446	7.3	7.3	0.378
447	6.9	7.3	0.345
448	7.0	7.3	0.322
449	7.0	7.3	0.334
450	6.9	7.3	0.415
451	7.2	7.3	0.463
452	7.4	7.3	0.573
453	7.6	7.3	0.588
454	7.8	7.3	0.549
455	7.7	7.3	0.330
456	7.5	7.3	0.207
457	6.2	7.3	0.143
458	6.5	7.3	0.077
459	6.5	7.3	0.030
460	6.8	7.3	0.022
461	6.7	7.3	0.066
462	6.8	7.3	0.165
463	6.8	7.2	0.446
464	8.3	7.2	0.478
465	8.3	7.2	0.480
466	7.9	7.2	0.503
467	7.7	7.2	0.480
468	7.4	7.2	0.465
469	7.1	7.2	0.431
470	6.9	7.2	0.378
471	6.7	7.2	0.345
472	6.5	7.2	0.322
473	6.6	7.2	0.334
474	6.5	7.2	0.415
475	6.7	7.2	0.463
476	6.9	7.2	0.573
477	6.8	7.2	0.588
478	7.0	7.2	0.549
479	7.0	7.2	0.330
480	7.0	7.2	0.207
481	5.6	7.2	0.143
482	6.0	7.2	0.077
483	6.0	7.2	0.030
484	6.2	7.2	0.022
485	6.2	7.2	0.066
486	6.1	7.2	0.165
487	6.3	7.2	0.446
488	7.6	7.2	0.478
489	7.4	7.2	0.480
490	7.2	7.2	0.503
491	6.9	7.2	0.480
492	6.5	7.2	0.465
493	6.6	7.2	0.431
494	6.3	7.2	0.378
495	6.3	7.2	0.345
496	6.3	7.2	0.322
497	6.3	7.2	0.334
498	6.7	7.2	0.415
499	6.7	7.2	0.463
500	7.1	7.2	0.573
501	7.1	7.2	0.588
502	7.4	7.2	0.549
503	7.5	7.2	0.330
504	7.7	7.2	0.207
505	6.4	7.2	0.143
506	6.2	7.2	0.077
507	6.2	7.1	0.030
508	6.3	7.1	0.022
509	6.5	7.1	0.066
510	6.7	7.1	0.165
511	6.9	7.1	0.446
512	8.4	7.1	0.478
513	8.3	7.1	0.480
514	8.0	7.1	0.503
515	7.7	7.1	0.480
516	7.5	7.1	0.465
517	7.4	7.1	0.431
518	7.2	7.1	0.378
519	7.2	7.1	0.345
520	7.4	7.1	0.322
521	7.5	7.1	0.334
522	7.5	7.1	0.415
523	7.7	7.1	0.463
524	7.6	7.1	0.573
525	7.6	7.1	0.588
526	7.8	7.1	0.549
527	8.1	7.1	0.330
528	8.3	7.1	0.207
529	7.0	7.1	0.143
530	7.0	7.1	0.077
531	7.3	7.1	0.030
532	7.1	7.1	0.022
533	7.2	7.1	0.066
534	7.0	7.1	0.165
535	7.3	7.1	0.446
536	8.7	7.1	0.478
537	8.5	7.1	0.480
538	8.1	7.1	0.503
539	7.7	7.1	0.480
540	7.2	7.1	0.465
541	6.9	7.1	0.431
542	6.5	7.1	0.378
543	6.4	7.1	0.345
544	6.6	7.1	0.322
545	6.7	7.1	0.334
546	6.9	7.1	0.415
547	7.0	7.1	0.463
548	7.1	7.0	0.573
549	7.2	7.0	0.588
550	7.5	7.0	0.549
551	7.7	7.0	0.330
552	8.0	7.0	0.207
553	6.5	7.0	0.143
554	6.4	7.0	0.077
555	6.5	7.0	0.030
556	6.4	7.0	0.022
557	6.8	7.0	0.066
558	6.9	7.0	0.165
559	6.7	7.0	0.446
560	8.0	7.0	0.478
561	7.8	7.0	0.480
562	7.5	7.0	0.503
563	7.4	7.0	0.480
564	7.2	7.0	0.465
565	6.9	7.0	0.431
566	6.8	7.0	0.378
567	6.6	7.0	0.345
568	6.7	7.0	0.322
569	6.8	7.0	0.334
570	6.9	7.0	0.415
571	7.0	7.0	0.463
572	7.2	7.0	0.573
573	7.0	7.0	0.588
574	7.1	7.0	0.549
575	7.1	7.0	0.330
576	6.9	7.0	0.207
577	5.5	7.0	0.143
578	5.7	7.0	0.077
579	5.7	7.0	0.030
580	5.4	7.0	0.022
581	5.3	7.0	0.066
582	5.3	7.0	0.165
583	5.3	7.0	0.446
584	6.5	7.0	0.478
585	6.3	7.0	0.480
586	6.2	7.0	0.503
587	5.9	7.0	0.480
588	5.5	7.0	0.465
589	5.2	7.0	0.431
590	5.1	7.0	0.378
591	4.9	7.0	0.345
592	4.8	7.0	0.322
593	4.8	7.0	0.334
594	4.8	7.0	0.415
595	4.8	7.0	0.463
596	4.7	7.0	0.573
597	4.9	7.0	0.588
598	5.1	7.0	0.549
599	5.2	7.0	0.330
600	5.3	6.9	0.207
601	3.8	6.9	0.143
602	4.1	6.9	0.077
603	4.4	6.9	0.030
604	4.5	6.9	0.022
605	4.7	6.9	0.066
606	4.7	6.9	0.165
607	4.7	6.9	0.446
608	6.1	6.9	0.478
609	6.3	6.9	0.480
610	6.2	6.9	0.503
611	6.1	6.9	0.480
612	6.2	6.9	0.465
613	6.2	6.9	0.431
614	6.0	6.9	0.378
615	5.9	6.9	0.345
616	5.7	6.9	0.322
617	6.1	6.9	0.334
618	6.2	6.9	0.415
619	6.6	6.9	0.463
620	6.7	6.9	0.573
621	7.2	6.9	0.588
622	7.4	6.9	0.549
623	7.5	6.9	0.330
624	7.6	6.9	0.207
625	6.5	6.9	0.143
626	6.5	6.9	0.077
627	6.4	6.9	0.030
628	6.3	6.9	0.022
629	6.3	6.9	0.066
630	6.3	6.9	0.165
631	6.1	6.9	0.446
632	7.5	6.9	0.478
633	7.3	6.9	0.480
634	7.1	6.9	0.503
635	6.7	6.9	0.480
636	6.2	6.9	0.465
637	6.1	6.9	0.431
638	6.0	6.9	0.378
639	6.0	6.9	0.345
640	6.2	6.9	0.322
641	6.1	6.9	0.334
642	6.4	6.9	0.415
643	6.6	6.8	0.463
644	6.7	6.8	0.573
645	6.7	6.8	0.588
646	6.5	6.8	0.549
647	6.4	6.8	0.330
648	6.3	6.8	0.207
649	4.9	6.8	0.143
650	5.2	6.8	0.077
651	5.2	6.8	0.030
652	5.2	6.8	0.022
653	5.4	6.8	0.066
654	5.6	6.8	0.165
655	5.6	6.8	0.446
656	7.0	6.8	0.478
657	7.0	6.8	0.480
658	6.8	6.8	0.503
659	6.7	6.8	0.480
660	6.5	6.8	0.465
661	6.5	6.8	0.431
662	6.5	6.8	0.378
663	6.5	6.8	0.345
664	6.4	6.8	0.322
665	6.8	6.8	0.334
666	7.0	6.8	0.415
667	7.4	6.8	0.463
668	7.7	6.8	0.573
669	8.0	6.8	0.588
670	8.3	6.8	0.549
671	8.7	6.8	0.330
672	8.8	6.8	0.207
673	7.5	6.8	0.143
674	7.2	6.8	0.077
675	7.0	6.8	0.030
676	6.8	6.8	0.022
677	6.2	6.8	0.066
678	5.8	6.8	0.165
679	5.7	6.8	0.446
680	7.1	6.8	0.478
681	7.1	6.8	0.480
682	6.9	6.8	0.503
683	6.6	6.8	0.480
684	6.2	6.8	0.465
685	6.2	6.8	0.431
686	6.1	6.8	0.378
687	6.0	6.8	0.345
688	5.4	6.8	0.322
689	5.1	6.8	0.334
690	5.0	6.8	0.415
691	4.9	6.8	0.463
692	4.7	6.8	0.573
693	4.3	6.8	0.588
694	4.1	6.8	0.549
695	3.7	6.8	0.330
696	3.5	6.7	0.207
697	2.1	6.7	0.143
698	2.0	6.7	0.077
699	2.2	6.7	0.030
700	2.3	6.7	0.022
701	2.4	6.7	0.066
702	2.3	6.7	0.165
703	2.5	6.7	0.446
704	4.1	6.7	0.478
705	4.0	6.7	0.480
706	3.9	6.7	0.503
707	3.9	6.7	0.480
708	3.6	6.7	0.465
709	3.5	6.7	0.431
710	3.5	6.7	0.378
711	3.7	6.7	0.345
712	3.5	6.7	0.322
713	3.5	6.7	0.334
714	3.4	6.7	0.415
715	3.4	6.7	0.463
716	3.2	6.7	0.573
717	3.3	6.7	0.588
718	3.1	6.7	0.549
719	3.2	6.7	0.330
720	3.4	6.7	0.207
721	2.1	6.7	0.143
722	1.9	6.7	0.077
723	1.8	6.7	0.030
724	1.7	6.7	0.022
725	1.6	6.7	0.066
726	1.7	6.7	0.165
727	1.8	6.7	0.446
728	3.3	6.7	0.478
729	3.4	6.7	0.480
730	3.2	6.7	0.503
731	2.8	6.7	0.480
732	2.7	6.7	0.465
733	2.4	6.7	0.431
734	2.2	6.7	0.378
735	2.3	6.7	0.345
736	2.5	6.7	0.322
737	2.7	6.7	0.334
738	3.2	6.7	0.415
739	3.6	6.7	0.463
740	3.8	6.7	0.573
741	3.9	6.7	0.588
742	3.9	6.7	0.549
743	4.2	6.7	0.330
744	4.5	6.7	0.207
745	3.3	6.7	0.143
746	3.5	6.7	0.077
747	3.6	6.7	0.030
748	3.5	6.7	0.022
749	3.5	6.7	0.066
750	3.5	6.6	0.165
751	3.4	6.6	0.446
752	5.0	6.6	0.478
753	4.8	6.6	0.480
754	4.5	6.6	0.503
755	4.2	6.6	0.480
756	4.0	6.6	0.465
757	3.9	6.6	0.431
758	3.7	6.6	0.378
759	3.8	6.6	0.345
760	3.8	6.6	0.322
761	3.9	6.6	0.334
762	4.2	6.6	0.415
763	4.5	6.6	0.463
764	4.8	6.6	0.573
765	5.2	6.6	0.588
766	5.6	6.6	0.549
767	6.0	6.6	0.330
768	6.1	6.6	0.207
769	4.9	6.6	0.143
770	4.8	6.6	0.077
771	4.8	6.6	0.030
772	5.2	6.6	0.022
773	5.4	6.6	0.066
774	5.5	6.6	0.165
775	5.7	6.6	0.446
776	7.1	6.6	0.478
777	7.0	6.6	0.480
778	7.0	6.6	0.503
779	6.9	6.6	0.480
780	6.8	6.6	0.465
781	6.7	6.6	0.431
782	6.6	6.6	0.378
783	6.6	6.6	0.345
784	6.7	6.6	0.322
785	6.9	6.6	0.334
786	7.0	6.6	0.415
787	7.5	6.6	0.463
788	7.9	6.6	0.573
789	8.3	6.6	0.588
790	8.5	6.6	0.549
791	8.6	6.6	0.330
792	8.7	6.6	0.207
793	7.5	6.6	0.143
794	7.6	6.6	0.077
795	7.6	6.6	0.030
796	7.8	6.6	0.022
797	8.0	6.6	0.066
798	8.0	6.6	0.165
799	8.2	6.6	0.446
800	9.3	6.6	0.478
801	9.3	6.6	0.480
802	9.0	6.6	0.503
803	8.7	6.5	0.480
804	8.3	6.5	0.465
805	8.2	6.5	0.431
806	7.9	6.5	0.378
807	7.9	6.5	0.345
808	8.0	6.5	0.322
809	8.1	6.5	0.334
810	8.2	6.5	0.415
811	8.5	6.5	0.463
812	8.6	6.5	0.573
813	8.4	6.5	0.588
814	8.8	6.5	0.549
815	8.6	6.5	0.330
816	8.6	6.5	0.207
817	7.5	6.5	0.143
818	7.4	6.5	0.077
819	7.3	6.5	0.030
820	7.5	6.5	0.022
821	7.2	6.5	0.066
822	6.8	6.5	0.165
823	6.7	6.5	0.446
824	7.8	6.5	0.478
825	7.7	6.5	0.480
826	7.6	6.5	0.503
827	7.2	6.5	0.480
828	6.7	6.5	0.465
829	6.3	6.5	0.431
830	5.9	6.5	0.378
831	5.8	6.5	0.345
832	5.8	6.5	0.322
833	5.7	6.5	0.334
834	5.8	6.5	0.415
835	6.1	6.5	0.463
836	6.1	6.5	0.573
837	6.2	6.5	0.588
838	6.3	6.5	0.549
839	6.5	6.5	0.330
840	6.4	6.5	0.207
841	5.2	6.5	0.143
842	5.1	6.5	0.077
843	5.0	6.5	0.030
844	5.2	6.5	0.022
845	5.2	6.5	0.066
846	5.2	6.5	0.165
847	5.3	6.5	0.446
848	6.5	6.5	0.478
849	6.3	6.5	0.480
850	6.1	6.5	0.503
851	5.9	6.5	0.480
852	5.6	6.5	0.465
853	5.2	6.5	0.431
854	5.3	6.5	0.378
855	5.3	6.5	0.345
856	5.4	6.5	0.322
857	5.6	6.5	0.334
858	5.9	6.5	0.415
859	6.1	6.5	0.463
860	6.5	6.5	0.573
861	6.5	6.5	0.588
862	6.5	6.5	0.549
863	6.6	6.5	0.330
864	6.5	6.5	0.207
865	5.2	6.5	0.143
866	5.4	6.5	0.077
867	5.3	6.5	0.030
868	5.4	6.5	0.022
869	5.1	6.5	0.066
870	5.2	6.5	0.165
871	5.3	6.5	0.446
872	6.4	6.5	0.478
873	6.5	6.4	0.480
874	6.4	6.4	0.503
875	6.1	6.4	0.480
876	6.0	6.4	0.465
877	5.7	6.4	0.431
878	5.5	6.4	0.378
879	5.5	6.4	0.345
880	5.3	6.4	0.322
881	5.3	6.4	0.334
882	5.5	6.4	0.415
883	5.8	6.4	0.463
884	5.9	6.4	0.573
885	6.1	6.4	0.588
886	6.1	6.4	0.549
887	6.4	6.4	0.330
888	6.4	6.4	0.207
889	5.1	6.4	0.143
890	5.0	6.4	0.077
891	4.9	6.4	0.030
892	4.6	6.4	0.022
893	4.8	6.4	0.066
894	4.7	6.4	0.165
895	4.7	6.4	0.446
896	5.8	6.4	0.478
897	5.8	6.4	0.480
898	5.8	6.4	0.503
899	5.5	6.4	0.480
900	5.6	6.4	0.465
901	5.7	6.4	0.431
902	5.6	6.4	0.378
903	5.6	6.4	0.345
904	5.5	6.4	0.322
905	5.5	6.4	0.334
906	5.3	6.4	0.415
907	5.3	6.4	0.463
908	5.2	6.4	0.573
909	5.3	6.4	0.588
910	5.3	6.4	0.549
911	5.4	6.4	0.330
912	5.3	6.4	0.207
913	4.0	6.4	0.143
914	4.2	6.4	0.077
915	4.4	6.4	0.030
916	4.5	6.4	0.022
917	4.5	6.4	0.066
918	4.9	6.4	0.165
919	4.8	6.4	0.446
920	5.9	6.4	0.478
921	5.9	6.4	0.480
922	5.7	6.4	0.503
923	5.6	6.4	0.480
924	5.3	6.4	0.465
925	5.2	6.4	0.431
926	5.2	6.4	0.378
927	5.0	6.4	0.345
928	5.0	6.4	0.322
929	5.0	6.4	0.334
930	5.4	6.4	0.415
931	5.6	6.4	0.463
932	5.8	6.4	0.573
933	5.9	6.3	0.588
934	6.2	6.3	0.549
935	6.4	6.3	0.330
936	6.4	6.3	0.207
937	5.0	6.3	0.143
938	5.2	6.3	0.077
939	5.2	6.3	0.030
940	5.1	6.3	0.022
941	5.2	6.3	0.066
942	5.3	6.3	0.165
943	5.5	6.3	0.446
944	6.8	6.3	0.478
945	6.8	6.3	0.480
946	6.7	6.3	0.503
947	6.4	6.3	0.480
948	6.0	6.3	0.465
949	5.8	6.3	0.431
950	5.6	6.3	0.378
951	5.8	6.3	0.345
952	6.0	6.3	0.322
953	6.0	6.3	0.334
954	6.1	6.3	0.415
955	6.2	6.3	0.463
956	6.5	6.3	0.573
957	6.4	6.3	0.588
958	6.4	6.3	0.549
959	6.6	6.3	0.330
960	6.7	6.3	0.207
961	5.5	6.3	0.143
962	5.6	6.3	0.077
963	5.7	6.3	0.030
964	5.7	6.3	0.022
965	5.7	6.3	0.066
966	5.7	6.3	0.165
967	5.7	6.3	0.446
968	7.1	6.3	0.478
969	6.8	6.3	0.480
970	6.6	6.3	0.503
971	6.4	6.3	0.480
972	6.2	6.3	0.465
973	5.7	6.3	0.431
974	5.6	6.3	0.378
975	5.4	6.3	0.345
976	5.4	6.3	0.322
977	5.6	6.3	0.334
978	5.9	6.3	0.415
979	6.4	6.3	0.463
980	6.5	6.3	0.573
981	6.9	6.3	0.588
982	7.2	6.3	0.549
983	7.0	6.3	0.330
984	7.1	6.3	0.207
985	5.9	6.3	0.143
986	5.9	6.3	0.077
987	5.9	6.3	0.030
988	6.0	6.3	0.022
989	6.0	6.2	0.066
990	5.9	6.2	0.165
991	5.8	6.2	0.446
992	7.0	6.2	0.478
993	6.9	6.2	0.480
994	6.5	6.2	0.503
995	6.4	6.2	0.480
996	6.3	6.2	0.465
997	5.9	6.2	0.431
998	5.8	6.2	0.378
999	5.8	6.2	0.345
1000	5.8	6.2	0.322
1001	5.9	6.2	0.334
1002	6.1	6.2	0.415
1003	6.3	6.2	0.463
1004	6.3	6.2	0.573
1005	6.3	6.2	0.588
1006	6.7	6.2	0.549
1007	6.7	6.2	0.330
1008	6.4	6.2	0.207
1009	5.2	6.2	0.143
1010	5.2	6.2	0.077
1011	5.4	6.2	0.030
1012	5.4	6.2	0.022
1013	5.2	6.2	0.066
1014	5.1	6.2	0.165
1015	5.0	6.2	0.446
1016	6.1	6.2	0.478
1017	6.0	6.2	0.480
1018	6.0	6.2	0.503
1019	5.6	6.2	0.480
1020	5.4	6.2	0.465
1021	5.3	6.2	0.431
1022	5.0	6.2	0.378
1023	4.6	6.2	0.345
1024	4.7	6.2	0.322
1025	4.5	6.2	0.334
1026	4.5	6.2	0.415
1027	4.7	6.2	0.463
1028	5.0	6.2	0.573
1029	5.2	6.2	0.588
1030	5.1	6.2	0.549
1031	5.2	6.2	0.330
1032	5.3	6.2	0.207
1033	3.9	6.2	0.143
1034	4.0	6.2	0.077
1035	4.1	6.2	0.030
1036	4.2	6.2	0.022
1037	4.0	6.2	0.066
1038	4.0	6.2	0.165
1039	4.1	6.2	0.446
1040	5.3	6.2	0.478
1041	5.3	6.2	0.480
1042	5.4	6.2	0.503
1043	5.4	6.2	0.480
1044	5.6	6.2	0.465
1045	5.4	6.2	0.431
1046	5.5	6.2	0.378
1047	5.4	6.2	0.345
1048	5.6	6.1	0.322
1049	5.8	6.1	0.334
1050	5.8	6.1	0.415
1051	5.9	6.1	0.463
1052	6.0	6.1	0.573
1053	6.1	6.1	0.588
1054	6.1	6.1	0.549
1055	6.1	6.1	0.330
1056	6.1	6.1	0.207
1057	4.6	6.1	0.143
1058	4.6	6.1	0.077
1059	4.6	6.1	0.030
1060	4.6	6.1	0.022
1061	4.6	6.1	0.066
1062	4.5	6.1	0.165
1063	4.5	6.1	0.446
1064	5.8	6.1	0.478
1065	5.6	6.1	0.480
1066	5.7	6.1	0.503
1067	5.4	6.1	0.480
1068	5.3	6.1	0.465
1069	5.0	6.1	0.431
1070	4.8	6.1	0.378
1071	4.7	6.1	0.345
1072	4.8	6.1	0.322
1073	4.8	6.1	0.334
1074	4.7	6.1	0.415
1075	4.6	6.1	0.463
1076	4.6	6.1	0.573
1077	4.4	6.1	0.588
1078	4.1	6.1	0.549
1079	4.2	6.1	0.330
1080	4.1	6.1	0.207
1081	2.9	6.1	0.143
1082	3.0	6.1	0.077
1083	2.8	6.1	0.030
1084	2.9	6.1	0.022
1085	2.9	6.1	0.066
1086	2.7	6.1	0.165
1087	2.7	6.1	0.446
1088	3.9	6.1	0.478
1089	3.4	6.1	0.480
1090	3.3	6.1	0.503
1091	3.0	6.1	0.480
1092	2.9	6.1	0.465
1093	2.7	6.1	0.431
1094	2.4	6.1	0.378
1095	2.3	6.1	0.345
1096	2.3	6.1	0.322
1097	2.4	6.1	0.334
1098	2.7	6.1	0.415
1099	3.0	6.1	0.463
1100	3.2	6.1	0.573
1101	3.1	6.1	0.588
1102	3.2	6.1	0.549
1103	3.4	6.1	0.330
1104	3.7	6.1	0.207
1105	2.6	6.1	0.143
1106	2.6	6.1	0.077
1107	2.6	6.1	0.030
1108	2.9	6.1	0.022
1109	2.8	6.1	0.066
1110	2.7	6.1	0.165
1111	2.9	6.1	0.446
1112	4.1	6.1	0.478
1113	4.0	6.1	0.480
1114	4.0	6.1	0.503
1115	3.7	6.1	0.480
1116	3.3	6.1	0.465
1117	2.8	6.1	0.431
1118	2.8	6.1	0.378
1119	3.1	6.1	0.345
1120	3.2	6.0	0.322
1121	3.3	6.0	0.334
1122	3.4	6.0	0.415
1123	3.8	6.0	0.463
1124	4.1	6.0	0.573
1125	4.3	6.0	0.588
1126	4.4	6.0	0.549
1127	4.8	6.0	0.330
1128	4.9	6.0	0.207
1129	3.8	6.0	0.143
1130	3.8	6.0	0.077
1131	4.1	6.0	0.030
1132	4.2	6.0	0.022
1133	4.5	6.0	0.066
1134	4.6	6.0	0.165
1135	4.6	6.0	0.446
1136	5.7	6.0	0.478
1137	5.4	6.0	0.480
1138	5.4	6.0	0.503
1139	5.2	6.0	0.480
1140	4.9	6.0	0.465
1141	4.6	6.0	0.431
1142	4.5	6.0	0.378
1143	4.4	6.0	0.345
1144	4.5	6.0	0.322
1145	4.6	6.0	0.334
1146	5.2	6.0	0.415
1147	5.2	6.0	0.463
1148	5.4	6.0	0.573
1149	5.5	6.0	0.588
1150	6.0	6.0	0.549
1151	6.1	6.0	0.330
1152	6.3	6.0	0.207
1153	5.2	6.0	0.143
1154	5.2	6.0	0.077
1155	5.4	6.0	0.030
1156	5.4	6.0	0.022
1157	5.6	6.0	0.066
1158	5.6	6.0	0.165
1159	5.6	6.0	0.446
1160	7.0	6.0	0.478
1161	7.0	6.0	0.480
1162	6.9	6.0	0.503
1163	6.8	6.0	0.480
1164	6.6	6.0	0.465
1165	6.3	6.0	0.431
1166	6.3	6.0	0.378
1167	6.2	6.0	0.345
1168	6.1	6.0	0.322
1169	6.0	6.0	0.334
1170	6.4	6.0	0.415
1171	6.7	6.0	0.463
1172	6.7	6.0	0.573
1173	6.7	6.0	0.588
1174	6.9	6.0	0.549
1175	7.2	6.0	0.330
1176	7.1	6.0	0.207
1177	5.7	6.0	0.143
1178	5.8	6.0	0.077
1179	6.0	6.0	0.030
1180	6.0	6.0	0.022
1181	6.2	5.9	0.066
1182	6.4	5.9	0.165
1183	6.3	5.9	0.446
1184	7.6	5.9	0.478
1185	7.4	5.9	0.480
1186	7.2	5.9	0.503
1187	7.2	5.9	0.480
1188	6.9	5.9	0.465
1189	6.7	5.9	0.431
1190	6.6	5.9	0.378
1191	6.6	5.9	0.345
1192	6.5	5.9	0.322
1193	6.6	5.9	0.334
1194	6.9	5.9	0.415
1195	6.9	5.9	0.463
1196	7.4	5.9	0.573
1197	7.7	5.9	0.588
1198	7.9	5.9	0.549
1199	7.7	5.9	0.330
1200	7.9	5.9	0.207
1201	6.8	5.9	0.143
1202	7.1	5.9	0.077
1203	7.1	5.9	0.030
1204	7.1	5.9	0.022
1205	6.9	5.9	0.066
1206	6.7	5.9	0.165
1207	6.8	5.9	0.446
1208	8.0	5.9	0.478
1209	8.0	5.9	0.480
1210	7.8	5.9	0.503
1211	7.7	5.9	0.480
1212	7.6	5.9	0.465
1213	7.6	5.9	0.431
1214	7.6	5.9	0.378
1215	7.4	5.9	0.345
1216	7.6	5.9	0.322
1217	7.6	5.9	0.334
1218	7.9	5.9	0.415
1219	8.0	5.9	0.463
1220	8.1	5.9	0.573
1221	8.2	5.9	0.588
1222	8.3	5.9	0.549
1223	8.2	5.9	0.330
1224	8.4	5.9	0.207
1225	7.2	5.9	0.143
1226	7.0	5.9	0.077
1227	7.0	5.9	0.030
1228	6.7	5.9	0.022
1229	6.3	5.9	0.066
1230	6.1	5.9	0.165
1231	6.1	5.9	0.446
1232	7.2	5.9	0.478
1233	7.1	5.9	0.480
1234	6.8	5.9	0.503
1235	6.5	5.9	0.480
1236	6.5	5.9	0.465
1237	6.3	5.9	0.431
1238	6.0	5.9	0.378
1239	5.9	5.9	0.345
1240	5.8	5.9	0.322
1241	5.8	5.9	0.334
1242	5.7	5.9	0.415
1243	5.5	5.9	0.463
1244	5.3	5.9	0.573
1245	5.3	5.9	0.588
1246	5.0	5.9	0.549
1247	4.9	5.9	0.330
1248	4.8	5.9	0.207
1249	3.3	5.9	0.143
1250	3.4	5.9	0.077
1251	3.4	5.9	0.030
1252	3.3	5.8	0.022
1253	3.3	5.8	0.066
1254	3.4	5.8	0.165
1255	3.4	5.8	0.446
1256	4.7	5.8	0.478
1257	4.5	5.8	0.480
1258	4.0	5.8	0.503
1259	3.9	5.8	0.480
1260	3.4	5.8	0.465
1261	3.3	5.8	0.431
1262	3.3	5.8	0.378
1263	3.2	5.8	0.345
1264	3.5	5.8	0.322
1265	3.6	5.8	0.334
1266	3.6	5.8	0.415
1267	4.0	5.8	0.463
1268	4.1	5.8	0.573
1269	4.2	5.8	0.588
1270	4.4	5.8	0.549
1271	4.6	5.8	0.330
1272	4.7	5.8	0.207
1273	3.5	5.8	0.143
1274	3.6	5.8	0.077
1275	3.6	5.8	0.030
1276	3.6	5.8	0.022
1277	3.7	5.8	0.066
1278	3.8	5.8	0.165
1279	3.8	5.8	0.446
1280	5.3	5.8	0.478
1281	5.2	5.8	0.480
1282	5.1	5.8	0.503
1283	4.7	5.8	0.480
1284	4.4	5.8	0.465
1285	4.3	5.8	0.431
1286	4.1	5.8	0.378
1287	3.9	5.8	0.345
1288	3.9	5.8	0.322
1289	4.1	5.8	0.334
1290	4.4	5.8	0.415
1291	4.7	5.8	0.463
1292	4.7	5.8	0.573
1293	4.8	5.8	0.588
1294	4.9	5.8	0.549
1295	4.8	5.8	0.330
1296	5.0	5.8	0.207
1297	3.7	5.8	0.143
1298	3.9	5.8	0.077
1299	4.0	5.8	0.030
1300	4.4	5.8	0.022
1301	4.5	5.8	0.066
1302	4.7	5.8	0.165
1303	4.8	5.8	0.446
1304	6.2	5.8	0.478
1305	6.2	5.8	0.480
1306	5.8	5.8	0.503
1307	5.5	5.8	0.480
1308	5.2	5.8	0.465
1309	5.0	5.8	0.431
1310	4.8	5.8	0.378
1311	4.6	5.7	0.345
1312	4.4	5.7	0.322
1313	4.6	5.7	0.334
1314	5.0	5.7	0.415
1315	5.3	5.7	0.463
1316	5.4	5.7	0.573
1317	5.6	5.7	0.588
1318	5.6	5.7	0.549
1319	5.7	5.7	0.330
1320	5.6	5.7	0.207
1321	4.4	5.7	0.143
1322	4.5	5.7	0.077
1323	4.6	5.7	0.030
1324	4.5	5.7	0.022
1325	4.6	5.7	0.066
1326	4.5	5.7	0.165
1327	4.3	5.7	0.446
1328	5.3	5.7	0.478
1329	5.2	5.7	0.480
1330	5.0	5.7	0.503
1331	4.5	5.7	0.480
1332	3.9	5.7	0.465
1333	3.6	5.7	0.431
1334	3.1	5.7	0.378
1335	3.1	5.7	0.345
1336	3.3	5.7	0.322
1337	3.3	5.7	0.334
1338	3.6	5.7	0.415
1339	3.9	5.7	0.463
1340	4.1	5.7	0.573
1341	4.1	5.7	0.588
1342	4.1	5.7	0.549
1343	4.2	5.7	0.330
1344	4.2	5.7	0.207
1345	3.0	5.7	0.143
1346	3.2	5.7	0.077
1347	3.5	5.7	0.030
1348	3.5	5.7	0.022
1349	3.5	5.7	0.066
1350	3.5	5.7	0.165
1351	3.6	5.7	0.446
1352	5.0	5.7	0.478
1353	4.9	5.7	0.480
1354	4.7	5.7	0.503
1355	4.5	5.7	0.480
1356	4.3	5.7	0.465
1357	4.1	5.7	0.431
1358	4.2	5.7	0.378
1359	4.1	5.7	0.345
1360	4.2	5.7	0.322
1361	4.4	5.7	0.334
1362	4.7	5.7	0.415
1363	5.2	5.7	0.463
1364	5.6	5.7	0.573
1365	5.9	5.7	0.588
1366	5.9	5.7	0.549
1367	6.4	5.7	0.330
1368	6.4	5.7	0.207
1369	5.4	5.7	0.143
1370	5.7	5.7	0.077
1371	5.4	5.7	0.030
1372	5.5	5.7	0.022
1373	5.6	5.7	0.066
1374	5.5	5.7	0.165
1375	5.4	5.7	0.446
1376	6.8	5.7	0.478
1377	6.9	5.7	0.480
1378	6.6	5.7	0.503
1379	6.3	5.7	0.480
1380	6.0	5.7	0.465
1381	5.9	5.7	0.431
1382	5.7	5.7	0.378
1383	5.5	5.7	0.345
1384	5.7	5.7	0.322
1385	5.9	5.6	0.334
1386	6.3	5.6	0.415
1387	6.9	5.6	0.463
1388	7.2	5.6	0.573
1389	7.5	5.6	0.588
1390	7.5	5.6	0.549
1391	7.8	5.6	0.330
1392	8.3	5.6	0.207
1393	7.2	5.6	0.143
1394	7.2	5.6	0.077
1395	7.2	5.6	0.030
1396	7.3	5.6	0.022
1397	7.4	5.6	0.066
1398	7.2	5.6	0.165
1399	7.3	5.6	0.446
1400	8.3	5.6	0.478
1401	8.1	5.6	0.480
1402	7.8	5.6	0.503
1403	7.5	5.6	0.480
1404	6.9	5.6	0.465
1405	6.4	5.6	0.431
1406	5.9	5.6	0.378
1407	5.8	5.6	0.345
1408	5.6	5.6	0.322
1409	5.6	5.6	0.334
1410	6.0	5.6	0.415
1411	6.4	5.6	0.463
1412	6.5	5.6	0.573
1413	6.6	5.6	0.588
1414	6.8	5.6	0.549
1415	6.8	5.6	0.330
1416	7.0	5.6	0.207
1417	4.0	5.6	0.143
1418	4.1	5.6	0.077
1419	4.1	5.6	0.030
1420	4.2	5.6	0.022
1421	4.3	5.6	0.066
1422	4.4	5.6	0.165
1423	4.4	5.6	0.446
1424	5.3	5.6	0.478
1425	5.0	5.6	0.480
1426	4.8	5.6	0.503
1427	4.4	5.6	0.480
1428	3.9	5.6	0.465
1429	3.6	5.6	0.431
1430	3.5	5.6	0.378
1431	3.3	5.6	0.345
1432	3.5	5.6	0.322
1433	3.5	5.6	0.334
1434	3.7	5.6	0.415
1435	3.9	5.6	0.463
1436	4.0	5.6	0.573
1437	4.1	5.6	0.588
1438	4.2	5.6	0.549
1439	4.4	5.6	0.330
1440	4.5	5.6	0.207
1441	3.5	5.6	0.143
1442	3.6	5.6	0.077
1443	3.9	5.6	0.030
1444	3.9	5.6	0.022
1445	4.0	5.6	0.066
1446	4.0	5.6	0.165
1447	4.0	5.6	0.446
1448	5.1	5.6	0.478
1449	5.0	5.6	0.480
1450	4.6	5.6	0.503
1451	4.4	5.6	0.480
1452	4.1	5.6	0.465
1453	3.8	5.5	0.431
1454	3.6	5.5	0.378
1455	3.6	5.5	0.345
1456	3.7	5.5	0.322
1457	3.7	5.5	0.334
1458	4.3	5.5	0.415
1459	4.5	5.5	0.463
1460	4.8	5.5	0.573
1461	4.9	5.5	0.588
1462	5.2	5.5	0.549
1463	5.3	5.5	0.330
1464	5.5	5.5	0.207
1465	4.7	5.5	0.143
1466	4.7	5.5	0.077
1467	4.8	5.5	0.030
1468	4.7	5.5	0.022
1469	4.8	5.5	0.066
1470	4.8	5.5	0.165
1471	4.9	5.5	0.446
1472	5.8	5.5	0.478
1473	5.9	5.5	0.480
1474	5.7	5.5	0.503
1475	5.6	5.5	0.480
1476	5.5	5.5	0.465
1477	5.5	5.5	0.431
1478	5.6	5.5	0.378
1479	5.6	5.5	0.345
1480	5.6	5.5	0.322
1481	5.9	5.5	0.334
1482	5.9	5.5	0.415
1483	5.9	5.5	0.463
1484	5.8	5.5	0.573
1485	5.9	5.5	0.588
1486	5.9	5.5	0.549
1487	6.0	5.5	0.330
1488	5.8	5.5	0.207
1489	4.8	5.5	0.143
1490	4.7	5.5	0.077
1491	4.8	5.5	0.030
1492	4.7	5.5	0.022
1493	4.8	5.5	0.066
1494	4.7	5.5	0.165
1495	4.6	5.5	0.446
1496	5.5	5.5	0.478
1497	5.3	5.5	0.480
1498	5.1	5.5	0.503
1499	4.7	5.5	0.480
1500	4.5	5.5	0.465
1501	4.1	5.5	0.431
1502	3.9	5.5	0.378
1503	4.0	5.5	0.345
1504	4.1	5.5	0.322
1505	4.4	5.5	0.334
1506	4.7	5.5	0.415
1507	4.9	5.5	0.463
1508	5.2	5.5	0.573
1509	5.2	5.5	0.588
1510	5.3	5.5	0.549
1511	5.4	5.5	0.330
1512	5.4	5.5	0.207
1513	4.7	5.5	0.143
1514	4.8	5.5	0.077
1515	4.8	5.5	0.030
1516	4.7	5.5	0.022
1517	4.6	5.5	0.066
1518	4.5	5.5	0.165
1519	4.5	5.5	0.446
1520	5.2	5.5	0.478
1521	5.1	5.5	0.480
1522	4.9	5.5	0.503
1523	4.6	5.5	0.480
1524	4.3	5.5	0.465
1525	4.1	5.5	0.431
1526	4.1	5.5	0.378
1527	4.0	5.5	0.345
1528	4.0	5.5	0.322
1529	4.0	5.5	0.334
1530	4.2	5.5	0.415
1531	4.2	5.5	0.463
1532	4.1	5.5	0.573
1533	4.0	5.5	0.588
1534	4.1	5.5	0.549
1535	4.0	5.5	0.330
1536	4.0	5.5	0.207
1537	3.1	5.5	0.143
1538	3.0	5.5	0.077
1539	3.2	5.4	0.030
1540	3.3	5.4	0.022
1541	3.4	5.4	0.066
1542	3.5	5.4	0.165
1543	3.4	5.4	0.446
1544	4.3	5.4	0.478
1545	4.2	5.4	0.480
1546	4.0	5.4	0.503
1547	3.6	5.4	0.480
1548	3.5	5.4	0.465
1549	3.4	5.4	0.431
1550	3.3	5.4	0.378
1551	3.1	5.4	0.345
1552	3.3	5.4	0.322
1553	3.5	5.4	0.334
1554	3.6	5.4	0.415
1555	4.0	5.4	0.463
1556	4.0	5.4	0.573
1557	4.1	5.4	0.588
1558	4.0	5.4	0.549
1559	4.1	5.4	0.330
1560	4.2	5.4	0.207
1561	3.4	5.4	0.143
1562	3.3	5.4	0.077
1563	3.1	5.4	0.030
1564	3.1	5.4	0.022
1565	3.0	5.4	0.066
1566	3.1	5.4	0.165
1567	3.1	5.4	0.446
1568	4.0	5.4	0.478
1569	4.1	5.4	0.480
1570	4.1	5.4	0.503
1571	4.1	5.4	0.480
1572	3.9	5.4	0.465
1573	3.8	5.4	0.431
1574	3.6	5.4	0.378
1575	3.5	5.4	0.345
1576	3.6	5.4	0.322
1577	3.4	5.4	0.334
1578	3.4	5.4	0.415
1579	3.4	5.4	0.463
1580	3.5	5.4	0.573
1581	3.6	5.4	0.588
1582	3.6	5.4	0.549
1583	3.6	5.4	0.330
1584	3.5	5.4	0.207
1585	2.6	5.4	0.143
1586	2.9	5.4	0.077
1587	3.0	5.4	0.030
1588	3.1	5.4	0.022
1589	3.1	5.4	0.066
1590	3.1	5.4	0.165
1591	3.1	5.4	0.446
1592	4.1	5.4	0.478
1593	4.2	5.4	0.480
1594	4.1	5.4	0.503
1595	3.9	5.4	0.480
1596	3.7	5.4	0.465
1597	3.5	5.4	0.431
1598	3.6	5.4	0.378
1599	3.5	5.4	0.345
1600	3.6	5.4	0.322
1601	3.7	5.4	0.334
1602	4.0	5.4	0.415
1603	4.1	5.4	0.463
1604	4.4	5.4	0.573
1605	4.5	5.4	0.588
1606	4.6	5.4	0.549
1607	4.9	5.4	0.330
1608	5.2	5.4	0.207
1609	4.5	5.4	0.143
1610	4.5	5.4	0.077
1611	4.6	5.3	0.030
1612	4.5	5.3	0.022
1613	4.5	5.3	0.066
1614	4.4	5.3	0.165
1615	4.5	5.3	0.446
1616	5.4	5.3	0.478
1617	5.2	5.3	0.480
1618	4.8	5.3	0.503
1619	4.6	5.3	0.480
1620	4.1	5.3	0.465
1621	3.7	5.3	0.431
1622	3.4	5.3	0.378
1623	3.2	5.3	0.345
1624	3.2	5.3	0.322
1625	3.4	5.3	0.334
1626	3.7	5.3	0.415
1627	4.1	5.3	0.463
1628	4.3	5.3	0.573
1629	4.4	5.3	0.588
1630	4.5	5.3	0.549
1631	4.6	5.3	0.330
1632	4.8	5.3	0.207
1633	3.8	5.3	0.143
1634	4.0	5.3	0.077
1635	4.0	5.3	0.030
1636	4.0	5.3	0.022
1637	4.3	5.3	0.066
1638	4.2	5.3	0.165
1639	4.3	5.3	0.446
1640	5.2	5.3	0.478
1641	5.0	5.3	0.480
1642	4.4	5.3	0.503
1643	4.0	5.3	0.480
1644	3.6	5.3	0.465
1645	3.2	5.3	0.431
1646	3.0	5.3	0.378
1647	2.9	5.3	0.345
1648	2.9	5.3	0.322
1649	3.0	5.3	0.334
1650	3.3	5.3	0.415
1651	3.7	5.3	0.463
1652	3.8	5.3	0.573
1653	4.0	5.3	0.588
1654	4.1	5.3	0.549
1655	4.1	5.3	0.330
1656	4.3	5.3	0.207
1657	3.4	5.3	0.143
1658	3.5	5.3	0.077
1659	3.6	5.3	0.030
1660	3.6	5.3	0.022
1661	3.6	5.3	0.066
1662	3.6	5.3	0.165
1663	3.6	5.3	0.446
1664	4.6	5.3	0.478
1665	4.3	5.3	0.480
1666	4.2	5.3	0.503
1667	4.0	5.3	0.480
1668	3.4	5.3	0.465
1669	3.2	5.3	0.431
1670	2.8	5.3	0.378
1671	2.7	5.3	0.345
1672	2.7	5.3	0.322
1673	2.9	5.3	0.334
1674	3.2	5.3	0.415
1675	3.5	5.3	0.463
1676	3.6	5.3	0.573
1677	3.9	5.3	0.588
1678	4.1	5.3	0.549
1679	4.2	5.2	0.330
1680	4.3	5.2	0.207
1681	3.5	5.2	0.143
1682	3.5	5.2	0.077
1683	3.5	5.2	0.030
1684	3.5	5.2	0.022
1685	3.6	5.2	0.066
1686	3.6	5.2	0.165
1687	3.4	5.2	0.446
1688	4.3	5.2	0.478
1689	4.3	5.2	0.480
1690	4.0	5.2	0.503
1691	3.5	5.2	0.480
1692	3.0	5.2	0.465
1693	2.7	5.2	0.431
1694	2.5	5.2	0.378
1695	2.2	5.2	0.345
1696	2.2	5.2	0.322
1697	2.2	5.2	0.334
1698	2.5	5.2	0.415
1699	2.7	5.2	0.463
1700	2.7	5.2	0.573
1701	2.8	5.2	0.588
1702	2.9	5.2	0.549
1703	3.0	5.2	0.330
1704	3.1	5.2	0.207
1705	2.2	5.2	0.143
1706	2.2	5.2	0.077
1707	2.1	5.2	0.030
1708	2.0	5.2	0.022
1709	1.8	5.2	0.066
1710	1.9	5.2	0.165
1711	1.9	5.2	0.446
1712	2.8	5.2	0.478
1713	2.6	5.2	0.480
1714	2.4	5.2	0.503
1715	2.2	5.2	0.480
1716	2.0	5.2	0.465
1717	1.8	5.2	0.431
1718	1.7	5.2	0.378
1719	1.5	5.2	0.345
1720	1.3	5.2	0.322
1721	1.6	5.2	0.334
1722	1.8	5.2	0.415
1723	2.1	5.2	0.463
1724	2.3	5.2	0.573
1725	2.5	5.2	0.588
1726	2.5	5.2	0.549
1727	2.5	5.2	0.330
1728	2.5	5.2	0.207
1729	1.5	5.2	0.143
1730	1.5	5.2	0.077
1731	1.5	5.2	0.030
1732	1.5	5.2	0.022
1733	1.6	5.2	0.066
1734	1.8	5.2	0.165
1735	1.9	5.2	0.446
1736	2.8	5.2	0.478
1737	2.5	5.2	0.480
1738	2.4	5.2	0.503
1739	2.1	5.2	0.480
1740	2.1	5.2	0.465
1741	1.9	5.2	0.431
1742	1.6	5.2	0.378
1743	1.6	5.2	0.345
1744	1.7	5.2	0.322
1745	1.8	5.2	0.334
1746	1.9	5.2	0.415
1747	2.1	5.2	0.463
1748	2.3	5.2	0.573
1749	2.5	5.2	0.588
1750	2.8	5.2	0.549
1751	2.8	5.2	0.330
1752	2.9	5.2	0.207
1753	2.0	5.2	0.143
1754	2.2	5.2	0.077
1755	2.2	5.2	0.030
1756	2.2	5.2	0.022
1757	2.4	5.2	0.066
1758	2.3	5.2	0.165
1759	2.3	5.2	0.446
1760	3.4	5.2	0.478
1761	3.5	5.2	0.480
1762	3.2	5.2	0.503
1763	2.8	5.2	0.480
1764	2.6	5.2	0.465
1765	2.3	5.2	0.431
1766	2.2	5.1	0.378
1767	2.0	5.1	0.345
1768	2.0	5.1	0.322
1769	2.3	5.1	0.334
1770	2.5	5.1	0.415
1771	2.9	5.1	0.463
1772	3.2	5.1	0.573
1773	3.4	5.1	0.588
1774	3.8	5.1	0.549
1775	4.0	5.1	0.330
1776	4.3	5.1	0.207
1777	3.5	5.1	0.143
1778	3.4	5.1	0.077
1779	3.4	5.1	0.030
1780	3.4	5.1	0.022
1781	3.4	5.1	0.066
1782	3.4	5.1	0.165
1783	3.4	5.1	0.446
1784	4.3	5.1	0.478
1785	4.3	5.1	0.480
1786	4.2	5.1	0.503
1787	3.8	5.1	0.480
1788	3.7	5.1	0.465
1789	3.5	5.1	0.431
1790	3.4	5.1	0.378
1791	3.4	5.1	0.345
1792	3.4	5.1	0.322
1793	3.5	5.1	0.334
1794	3.5	5.1	0.415
1795	3.7	5.1	0.463
1796	3.7	5.1	0.573
1797	3.9	5.1	0.588
1798	4.0	5.1	0.549
1799	4.1	5.1	0.330
1800	4.2	5.1	0.207
1801	3.4	5.1	0.143
1802	3.3	5.1	0.077
1803	3.3	5.1	0.030
1804	3.1	5.1	0.022
1805	3.2	5.1	0.066
1806	3.0	5.1	0.165
1807	2.8	5.1	0.446
1808	3.5	5.1	0.478
1809	3.3	5.1	0.480
1810	3.1	5.1	0.503
1811	3.0	5.1	0.480
1812	2.7	5.1	0.465
1813	2.4	5.0	0.431
1814	2.1	5.0	0.378
1815	2.1	5.0	0.345
1816	2.2	5.0	0.322
1817	2.2	5.0	0.334
1818	2.4	5.0	0.415
1819	2.5	5.0	0.463
1820	2.6	5.0	0.573
1821	2.6	5.0	0.588
1822	2.5	5.0	0.549
1823	2.5	5.0	0.330
1824	2.6	5.0	0.207
1825	1.5	5.0	0.143
1826	1.5	5.0	0.077
1827	1.6	5.0	0.030
1828	1.6	5.0	0.022
1829	1.5	5.0	0.066
1830	1.6	5.0	0.165
1831	1.5	5.0	0.446
1832	2.3	5.0	0.478
1833	2.3	5.0	0.480
1834	2.2	5.0	0.503
1835	1.9	5.0	0.480
1836	1.7	5.0	0.465
1837	1.5	5.0	0.431
1838	1.2	5.0	0.378
1839	1.0	5.0	0.345
1840	1.0	5.0	0.322
1841	1.1	5.0	0.334
1842	1.4	5.0	0.415
1843	1.6	5.0	0.463
1844	1.8	5.0	0.573
1845	1.9	5.0	0.588
1846	2.0	5.0	0.549
1847	2.0	5.0	0.330
1848	2.4	5.0	0.207
1849	1.4	5.0	0.143
1850	1.5	5.0	0.077
1851	1.6	5.0	0.030
1852	1.7	5.0	0.022
1853	1.7	5.0	0.066
1854	1.8	5.0	0.165
1855	1.9	5.0	0.446
1856	2.9	5.0	0.478
1857	2.6	5.0	0.480
1858	2.3	5.0	0.503
1859	2.1	5.0	0.480
1860	1.9	5.0	0.465
1861	1.8	5.0	0.431
1862	1.7	5.0	0.378
1863	1.7	5.0	0.345
1864	1.9	5.0	0.322
1865	2.0	5.0	0.334
1866	2.2	5.0	0.415
1867	2.7	5.0	0.463
1868	3.0	4.9	0.573
1869	3.1	4.9	0.588
1870	3.4	4.9	0.549
1871	3.7	4.9	0.330
1872	3.9	4.9	0.207
1873	3.0	4.9	0.143
1874	3.1	4.9	0.077
1875	3.1	4.9	0.030
1876	3.1	4.9	0.022
1877	3.0	4.9	0.066
1878	3.0	4.9	0.165
1879	3.0	4.9	0.446
1880	3.9	4.9	0.478
1881	3.7	4.9	0.480
1882	3.4	4.9	0.503
1883	3.1	4.9	0.480
1884	2.9	4.9	0.465
1885	2.8	4.9	0.431
1886	2.5	4.9	0.378
1887	2.5	4.9	0.345
1888	2.5	4.9	0.322
1889	2.6	4.9	0.334
1890	2.7	4.9	0.415
1891	3.0	4.9	0.463
1892	3.1	4.9	0.573
1893	3.1	4.9	0.588
1894	3.2	4.9	0.549
1895	3.3	4.9	0.330
1896	3.4	4.9	0.207
1897	2.5	4.9	0.143
1898	2.5	4.9	0.077
1899	2.7	4.9	0.030
1900	2.8	4.9	0.022
1901	2.8	4.9	0.066
1902	2.7	4.9	0.165
1903	2.6	4.9	0.446
1904	3.7	4.9	0.478
1905	3.4	4.9	0.480
1906	3.1	4.9	0.503
1907	2.7	4.9	0.480
1908	2.4	4.9	0.465
1909	2.1	4.9	0.431
1910	1.9	4.9	0.378
1911	2.0	4.9	0.345
1912	2.1	4.9	0.322
1913	2.1	4.9	0.334
1914	2.3	4.9	0.415
1915	2.6	4.9	0.463
1916	2.7	4.9	0.573
1917	2.8	4.9	0.588
1918	2.8	4.9	0.549
1919	2.9	4.9	0.330
1920	3.2	4.9	0.207
1921	2.3	4.9	0.143
1922	2.5	4.9	0.077
1923	2.9	4.9	0.030
1924	3.0	4.9	0.022
1925	3.1	4.9	0.066
1926	3.3	4.8	0.165
1927	3.2	4.8	0.446
1928	4.1	4.8	0.478
1929	4.1	4.8	0.480
1930	4.0	4.8	0.503
1931	3.8	4.8	0.480
1932	3.6	4.8	0.465
1933	3.5	4.8	0.431
1934	3.5	4.8	0.378
1935	3.5	4.8	0.345
1936	3.5	4.8	0.322
1937	3.6	4.8	0.334
1938	4.0	4.8	0.415
1939	4.3	4.8	0.463
1940	4.4	4.8	0.573
1941	4.7	4.8	0.588
1942	4.8	4.8	0.549
1943	5.0	4.8	0.330
1944	5.2	4.8	0.207
1945	4.3	4.8	0.143
1946	4.4	4.8	0.077
1947	4.4	4.8	0.030
1948	4.5	4.8	0.022
1949	4.4	4.8	0.066
1950	4.3	4.8	0.165
1951	4.4	4.8	0.446
1952	5.2	4.8	0.478
1953	4.8	4.8	0.480
1954	4.4	4.8	0.503
1955	3.9	4.8	0.480
1956	3.5	4.8	0.465
1957	3.1	4.8	0.431
1958	3.0	4.8	0.378
1959	3.0	4.8	0.345
1960	3.0	4.8	0.322
1961	3.2	4.8	0.334
1962	3.6	4.8	0.415
1963	4.0	4.8	0.463
1964	4.3	4.8	0.573
1965	4.3	4.8	0.588
1966	4.3	4.8	0.549
1967	4.4	4.8	0.330
1968	4.5	4.8	0.207
1969	3.5	4.8	0.143
1970	3.8	4.8	0.077
1971	4.0	4.8	0.030
1972	4.0	4.8	0.022
1973	4.1	4.8	0.066
1974	4.1	4.8	0.165
1975	4.1	4.8	0.446
1976	5.1	4.8	0.478
1977	4.9	4.8	0.480
1978	4.6	4.8	0.503
1979	4.2	4.8	0.480
1980	3.9	4.8	0.465
1981	3.7	4.8	0.431
1982	3.7	4.8	0.378
1983	3.5	4.8	0.345
1984	3.7	4.8	0.322
1985	3.9	4.8	0.334
1986	4.3	4.8	0.415
1987	4.6	4.8	0.463
1988	4.8	4.8	0.573
1989	4.9	4.8	0.588
1990	5.1	4.8	0.549
1991	5.5	4.8	0.330
1992	5.5	4.8	0.207
1993	4.6	4.8	0.143
1994	4.6	4.8	0.077
1995	4.6	4.8	0.030
1996	4.7	4.8	0.022
1997	4.6	4.8	0.066
1998	4.6	4.7	0.165
1999	4.6	4.7	0.446
2000	5.3	4.7	0.478
2001	5.2	4.7	0.480
2002	4.9	4.7	0.503
2003	4.4	4.7	0.480
2004	4.0	4.7	0.465
2005	3.7	4.7	0.431
2006	3.3	4.7	0.378
2007	3.2	4.7	0.345
2008	3.1	4.7	0.322
2009	3.0	4.7	0.334
2010	3.3	4.7	0.415
2011	3.4	4.7	0.463
2012	3.4	4.7	0.573
2013	3.4	4.7	0.588
2014	3.5	4.7	0.549
2015	3.6	4.7	0.330
2016	3.7	4.7	0.207
2017	2.9	4.7	0.143
2018	2.9	4.7	0.077
2019	2.8	4.7	0.030
2020	2.7	4.7	0.022
2021	2.8	4.7	0.066
2022	2.9	4.7	0.165
2023	2.7	4.7	0.446
2024	3.5	4.7	0.478
2025	3.3	4.7	0.480
2026	3.2	4.7	0.503
2027	3.0	4.7	0.480
2028	2.8	4.7	0.465
2029	2.8	4.7	0.431
2030	2.7	4.7	0.378
2031	2.7	4.7	0.345
2032	2.6	4.7	0.322
2033	2.6	4.7	0.334
2034	2.6	4.7	0.415
2035	2.8	4.7	0.463
2036	2.6	4.7	0.573
2037	2.8	4.7	0.588
2038	3.0	4.7	0.549
2039	3.0	4.7	0.330
2040	3.2	4.7	0.207
2041	2.2	4.7	0.143
2042	2.3	4.7	0.077
2043	2.2	4.7	0.030
2044	2.4	4.7	0.022
2045	2.4	4.7	0.066
2046	2.5	4.7	0.165
2047	2.6	4.7	0.446
2048	3.5	4.7	0.478
2049	3.2	4.7	0.480
2050	3.0	4.7	0.503
2051	2.9	4.7	0.480
2052	2.7	4.7	0.465
2053	2.3	4.7	0.431
2054	2.3	4.7	0.378
2055	2.1	4.7	0.345
2056	1.9	4.7	0.322
2057	2.0	4.7	0.334
2058	2.2	4.7	0.415
2059	2.3	4.6	0.463
2060	2.5	4.6	0.573
2061	2.6	4.6	0.588
2062	2.9	4.6	0.549
2063	2.9	4.6	0.330
2064	3.1	4.6	0.207
2065	2.2	4.6	0.143
2066	2.2	4.6	0.077
2067	2.0	4.6	0.030
2068	2.0	4.6	0.022
2069	2.0	4.6	0.066
2070	2.0	4.6	0.165
2071	1.9	4.6	0.446
2072	3.0	4.6	0.478
2073	2.7	4.6	0.480
2074	2.4	4.6	0.503
2075	2.0	4.6	0.480
2076	1.8	4.6	0.465
2077	1.7	4.6	0.431
2078	1.6	4.6	0.378
2079	1.5	4.6	0.345
2080	1.7	4.6	0.322
2081	2.0	4.6	0.334
2082	2.3	4.6	0.415
2083	2.6	4.6	0.463
2084	2.8	4.6	0.573
2085	3.1	4.6	0.588
2086	3.3	4.6	0.549
2087	3.6	4.6	0.330
2088	3.6	4.6	0.207
2089	2.8	4.6	0.143
2090	2.7	4.6	0.077
2091	2.8	4.6	0.030
2092	2.8	4.6	0.022
2093	2.8	4.6	0.066
2094	2.8	4.6	0.165
2095	2.9	4.6	0.446
2096	3.6	4.6	0.478
2097	3.2	4.6	0.480
2098	2.9	4.6	0.503
2099	2.5	4.6	0.480
2100	2.1	4.6	0.465
2101	1.7	4.6	0.431
2102	1.5	4.6	0.378
2103	1.4	4.6	0.345
2104	1.4	4.6	0.322
2105	1.6	4.6	0.334
2106	1.9	4.6	0.415
2107	2.2	4.6	0.463
2108	2.4	4.6	0.573
2109	2.5	4.6	0.588
2110	2.6	4.6	0.549
2111	2.7	4.6	0.330
2112	2.9	4.6	0.207
2113	2.2	4.6	0.143
2114	2.4	4.6	0.077
2115	2.3	4.6	0.030
2116	2.4	4.6	0.022
2117	2.4	4.6	0.066
2118	2.2	4.6	0.165
2119	2.2	4.6	0.446
2120	3.0	4.6	0.478
2121	2.9	4.6	0.480
2122	2.9	4.6	0.503
2123	2.7	4.6	0.480
2124	2.2	4.6	0.465
2125	1.9	4.6	0.431
2126	1.7	4.6	0.378
2127	1.5	4.6	0.345
2128	1.4	4.6	0.322
2129	1.5	4.6	0.334
2130	1.7	4.6	0.415
2131	2.1	4.6	0.463
2132	2.2	4.5	0.573
2133	2.3	4.5	0.588
2134	2.3	4.5	0.549
2135	2.6	4.5	0.330
2136	2.7	4.5	0.207
2137	1.9	4.5	0.143
2138	1.8	4.5	0.077
2139	1.9	4.5	0.030
2140	2.0	4.5	0.022
2141	2.0	4.5	0.066
2142	2.2	4.5	0.165
2143	2.0	4.5	0.446
2144	2.9	4.5	0.478
2145	2.8	4.5	0.480
2146	2.5	4.5	0.503
2147	2.0	4.5	0.480
2148	1.7	4.5	0.465
2149	1.3	4.5	0.431
2150	1.1	4.5	0.378
2151	0.8	4.5	0.345
2152	0.9	4.5	0.322
2153	1.1	4.5	0.334
2154	1.3	4.5	0.415
2155	1.6	4.5	0.463
2156	1.8	4.5	0.573
2157	1.9	4.5	0.588
2158	2.2	4.5	0.549
2159	2.3	4.5	0.330
2160	2.4	4.5	0.207
2161	0.9	4.5	0.143
2162	0.8	4.5	0.077
2163	0.9	4.5	0.030
2164	0.9	4.5	0.022
2165	0.9	4.5	0.066
2166	0.9	4.5	0.165
2167	0.9	4.5	0.446
2168	1.4	4.5	0.478
2169	1.3	4.5	0.480
2170	1.3	4.5	0.503
2171	1.1	4.5	0.480
2172	1.1	4.5	0.465
2173	1.1	4.5	0.431
2174	1.1	4.5	0.378
2175	1.2	4.5	0.345
2176	1.2	4.5	0.322
2177	1.3	4.5	0.334
2178	1.3	4.5	0.415
2179	1.4	4.5	0.463
2180	1.4	4.5	0.573
2181	1.5	4.5	0.588
2182	1.6	4.5	0.549
2183	1.6	4.5	0.330
2184	1.7	4.5	0.207
2185	1.1	4.5	0.143
2186	1.2	4.5	0.077
2187	1.2	4.5	0.030
2188	1.2	4.5	0.022
2189	1.3	4.5	0.066
2190	1.2	4.5	0.165
2191	1.2	4.5	0.446
2192	1.6	4.5	0.478
2193	1.5	4.5	0.480
2194	1.4	4.5	0.503
2195	1.3	4.5	0.480
2196	1.1	4.5	0.465
2197	1.1	4.5	0.431
2198	1.1	4.5	0.378
2199	1.0	4.5	0.345
2200	1.0	4.4	0.322
2201	1.0	4.4	0.334
2202	1.0	4.4	0.415
2203	1.1	4.4	0.463
2204	1.3	4.4	0.573
2205	1.3	4.4	0.588
2206	1.3	4.4	0.549
2207	1.3	4.4	0.330
2208	1.3	4.4	0.207
2209	0.8	4.4	0.143
2210	0.9	4.4	0.077
2211	0.9	4.4	0.030
2212	0.8	4.4	0.022
2213	0.7	4.4	0.066
2214	0.7	4.4	0.165
2215	0.7	4.4	0.446
2216	1.1	4.4	0.478
2217	0.9	4.4	0.480
2218	0.8	4.4	0.503
2219	0.6	4.4	0.480
2220	0.5	4.4	0.465
2221	0.4	4.4	0.431
2222	0.3	4.4	0.378
2223	0.2	4.4	0.345
2224	0.1	4.4	0.322
2225	0.1	4.4	0.334
2226	0.2	4.4	0.415
2227	0.3	4.4	0.463
2228	0.4	4.4	0.573
2229	0.5	4.4	0.588
2230	0.5	4.4	0.549
2231	0.5	4.4	0.330
2232	0.5	4.4	0.207
2233	0.0	4.4	0.143
2234	0.0	4.4	0.077
2235	0.0	4.4	0.030
2236	0.0	4.4	0.022
2237	0.0	4.4	0.066
2238	0.0	4.4	0.165
2239	0.0	4.4	0.446
2240	0.0	4.4	0.478
2241	0.0	4.4	0.480
2242	0.0	4.4	0.503
2243	0.0	4.4	0.480
2244	0.0	4.4	0.465
2245	0.0	4.4	0.431
2246	0.0	4.4	0.378
2247	0.0	4.4	0.345
2248	0.0	4.4	0.322
2249	0.0	4.4	0.334
2250	0.0	4.4	0.415
2251	0.0	4.4	0.463
2252	0.0	4.4	0.573
2253	0.0	4.4	0.588
2254	0.0	4.4	0.549
2255	0.0	4.4	0.330
2256	0.0	4.4	0.207
2257	0.3	4.4	0.143
2258	0.4	4.4	0.077
2259	0.4	4.4	0.030
2260	0.5	4.4	0.022
2261	0.5	4.4	0.066
2262	0.4	4.4	0.165
2263	0.4	4.4	0.446
2264	0.8	4.4	0.478
2265	0.7	4.4	0.480
2266	0.6	4.4	0.503
2267	0.5	4.4	0.480
2268	0.3	4.4	0.465
2269	0.2	4.4	0.431
2270	0.1	4.4	0.378
2271	0.0	4.4	0.345
2272	0.0	4.3	0.322
2273	0.1	4.3	0.334
2274	0.1	4.3	0.415
2275	0.2	4.3	0.463
2276	0.4	4.3	0.573
2277	0.5	4.3	0.588
2278	0.5	4.3	0.549
2279	0.7	4.3	0.330
2280	0.8	4.3	0.207
2281	0.3	4.3	0.143
2282	0.4	4.3	0.077
2283	0.4	4.3	0.030
2284	0.4	4.3	0.022
2285	0.5	4.3	0.066
2286	0.6	4.3	0.165
2287	0.6	4.3	0.446
2288	0.9	4.3	0.478
2289	0.8	4.3	0.480
2290	0.6	4.3	0.503
2291	0.4	4.3	0.480
2292	0.2	4.3	0.465
2293	0.1	4.3	0.431
2294	0.0	4.3	0.378
2295	0.0	4.3	0.345
2296	0.0	4.3	0.322
2297	0.0	4.3	0.334
2298	0.2	4.3	0.415
2299	0.3	4.3	0.463
2300	0.5	4.3	0.573
2301	0.5	4.3	0.588
2302	0.7	4.3	0.549
2303	0.8	4.3	0.330
2304	0.9	4.3	0.207
2305	0.5	4.3	0.143
2306	0.7	4.3	0.077
2307	0.7	4.3	0.030
2308	0.8	4.3	0.022
2309	0.8	4.3	0.066
2310	0.9	4.3	0.165
2311	0.9	4.3	0.446
2312	1.4	4.3	0.478
2313	1.3	4.3	0.480
2314	1.2	4.3	0.503
2315	1.1	4.3	0.480
2316	1.0	4.3	0.465
2317	0.9	4.3	0.431
2318	0.9	4.3	0.378
2319	0.8	4.3	0.345
2320	0.8	4.3	0.322
2321	0.9	4.3	0.334
2322	0.9	4.3	0.415
2323	1.1	4.3	0.463
2324	1.2	4.3	0.573
2325	1.4	4.3	0.588
2326	1.4	4.3	0.549
2327	1.5	4.3	0.330
2328	1.5	4.3	0.207
2329	1.1	4.3	0.143
2330	1.1	4.3	0.077
2331	1.2	4.3	0.030
2332	1.3	4.3	0.022
2333	1.3	4.2	0.066
2334	1.2	4.2	0.165
2335	1.2	4.2	0.446
2336	1.5	4.2	0.478
2337	1.4	4.2	0.480
2338	1.2	4.2	0.503
2339	1.0	4.2	0.480
2340	0.9	4.2	0.465
2341	0.8	4.2	0.431
2342	0.7	4.2	0.378
2343	0.7	4.2	0.345
2344	0.6	4.2	0.322
2345	0.6	4.2	0.334
2346	0.7	4.2	0.415
2347	0.8	4.2	0.463
2348	0.9	4.2	0.573
2349	0.9	4.2	0.588
2350	0.9	4.2	0.549
2351	0.9	4.2	0.330
2352	0.9	4.2	0.207
2353	0.4	4.2	0.143
2354	0.4	4.2	0.077
2355	0.5	4.2	0.030
2356	0.5	4.2	0.022
2357	0.6	4.2	0.066
2358	0.6	4.2	0.165
2359	0.6	4.2	0.446
2360	1.0	4.2	0.478
2361	0.9	4.2	0.480
2362	0.7	4.2	0.503
2363	0.4	4.2	0.480
2364	0.3	4.2	0.465
2365	0.3	4.2	0.431
2366	0.2	4.2	0.378
2367	0.1	4.2	0.345
2368	0.0	4.2	0.322
2369	0.1	4.2	0.334
2370	0.2	4.2	0.415
2371	0.4	4.2	0.463
2372	0.6	4.2	0.573
2373	0.8	4.2	0.588
2374	0.9	4.2	0.549
2375	1.0	4.2	0.330
2376	1.1	4.2	0.207
2377	0.7	4.2	0.143
2378	0.8	4.2	0.077
2379	0.8	4.2	0.030
2380	0.8	4.2	0.022
2381	0.7	4.2	0.066
2382	0.7	4.2	0.165
2383	0.7	4.2	0.446
2384	1.1	4.2	0.478
2385	0.9	4.2	0.480
2386	0.7	4.2	0.503
2387	0.5	4.2	0.480
2388	0.4	4.2	0.465
2389	0.3	4.2	0.431
2390	0.3	4.2	0.378
2391	0.1	4.1	0.345
2392	0.1	4.1	0.322
2393	0.1	4.1	0.334
2394	0.1	4.1	0.415
2395	0.3	4.1	0.463
2396	0.5	4.1	0.573
2397	0.6	4.1	0.588
2398	0.7	4.1	0.549
2399	0.8	4.1	0.330
2400	0.9	4.1	0.207
2401	0.5	4.1	0.143
2402	0.5	4.1	0.077
2403	0.5	4.1	0.030
2404	0.5	4.1	0.022
2405	0.6	4.1	0.066
2406	0.6	4.1	0.165
2407	0.6	4.1	0.446
2408	1.1	4.1	0.478
2409	1.0	4.1	0.480
2410	0.9	4.1	0.503
2411	0.7	4.1	0.480
2412	0.6	4.1	0.465
2413	0.5	4.1	0.431
2414	0.4	4.1	0.378
2415	0.4	4.1	0.345
2416	0.4	4.1	0.322
2417	0.4	4.1	0.334
2418	0.5	4.1	0.415
2419	0.6	4.1	0.463
2420	0.8	4.1	0.573
2421	0.9	4.1	0.588
2422	1.1	4.1	0.549
2423	1.1	4.1	0.330
2424	1.2	4.1	0.207
2425	0.8	4.1	0.143
2426	0.9	4.1	0.077
2427	0.9	4.1	0.030
2428	0.9	4.1	0.022
2429	0.9	4.1	0.066
2430	0.9	4.1	0.165
2431	0.8	4.1	0.446
2432	1.2	4.1	0.478
2433	0.9	4.1	0.480
2434	0.7	4.1	0.503
2435	0.5	4.1	0.480
2436	0.3	4.1	0.465
2437	0.2	4.1	0.431
2438	0.1	4.1	0.378
2439	0.0	4.1	0.345
2440	0.0	4.1	0.322
2441	0.1	4.1	0.334
2442	0.1	4.1	0.415
2443	0.1	4.1	0.463
2444	0.3	4.1	0.573
2445	0.4	4.1	0.588
2446	0.4	4.1	0.549
2447	0.5	4.1	0.330
2448	0.7	4.1	0.207
2449	0.2	4.1	0.143
2450	0.2	4.1	0.077
2451	0.2	4.1	0.030
2452	0.2	4.1	0.022
2453	0.2	4.1	0.066
2454	0.3	4.1	0.165
2455	0.4	4.1	0.446
2456	0.8	4.1	0.478
2457	0.7	4.1	0.480
2458	0.5	4.1	0.503
2459	0.3	4.1	0.480
2460	0.1	4.1	0.465
2461	0.2	4.1	0.431
2462	0.1	4.1	0.378
2463	0.1	4.1	0.345
2464	0.1	4.1	0.322
2465	0.2	4.1	0.334
2466	0.2	4.1	0.415
2467	0.4	4.1	0.463
2468	0.6	4.1	0.573
2469	0.7	4.1	0.588
2470	0.8	4.1	0.549
2471	0.9	4.1	0.330
2472	1.0	4.1	0.207
2473	0.6	4.1	0.143
2474	0.7	4.1	0.077
2475	0.7	4.1	0.030
2476	0.7	4.0	0.022
2477	0.8	4.0	0.066
2478	0.8	4.0	0.165
2479	0.9	4.0	0.446
2480	1.3	4.0	0.478
2481	1.2	4.0	0.480
2482	1.0	4.0	0.503
2483	0.8	4.0	0.480
2484	0.6	4.0	0.465
2485	0.5	4.0	0.431
2486	0.4	4.0	0.378
2487	0.4	4.0	0.345
2488	0.4	4.0	0.322
2489	0.4	4.0	0.334
2490	0.7	4.0	0.415
2491	0.8	4.0	0.463
2492	0.9	4.0	0.573
2493	1.2	4.0	0.588
2494	1.3	4.0	0.549
2495	1.4	4.0	0.330
2496	1.6	4.0	0.207
2497	1.1	4.0	0.143
2498	1.3	4.0	0.077
2499	1.4	4.0	0.030
2500	1.5	4.0	0.022
2501	1.6	4.0	0.066
2502	1.6	4.0	0.165
2503	1.6	4.0	0.446
2504	2.0	4.0	0.478
2505	1.9	4.0	0.480
2506	1.7	4.0	0.503
2507	1.5	4.0	0.480
2508	1.4	4.0	0.465
2509	1.2	4.0	0.431
2510	1.1	4.0	0.378
2511	1.1	4.0	0.345
2512	1.1	4.0	0.322
2513	1.1	4.0	0.334
2514	1.3	4.0	0.415
2515	1.5	4.0	0.463
2516	1.6	4.0	0.573
2517	1.7	4.0	0.588
2518	1.9	4.0	0.549
2519	2.0	4.0	0.330
2520	2.1	4.0	0.207
2521	1.7	4.0	0.143
2522	1.7	4.0	0.077
2523	1.8	4.0	0.030
2524	1.9	4.0	0.022
2525	2.0	4.0	0.066
2526	2.0	4.0	0.165
2527	2.0	4.0	0.446
2528	2.4	4.0	0.478
2529	2.3	4.0	0.480
2530	2.0	4.0	0.503
2531	1.8	4.0	0.480
2532	1.7	4.0	0.465
2533	1.5	4.0	0.431
2534	1.5	4.0	0.378
2535	1.5	4.0	0.345
2536	1.5	4.0	0.322
2537	1.5	4.0	0.334
2538	1.6	4.0	0.415
2539	1.8	4.0	0.463
2540	2.0	4.0	0.573
2541	2.1	4.0	0.588
2542	2.3	4.0	0.549
2543	2.4	4.0	0.330
2544	2.4	4.0	0.207
2545	2.0	4.0	0.143
2546	2.1	4.0	0.077
2547	2.1	4.0	0.030
2548	2.1	4.0	0.022
2549	2.1	4.0	0.066
2550	2.2	4.0	0.165
2551	2.1	4.0	0.446
2552	2.5	4.0	0.478
2553	2.4	4.0	0.480
2554	2.1	4.0	0.503
2555	1.9	4.0	0.480
2556	1.7	4.0	0.465
2557	1.5	3.9	0.431
2558	1.4	3.9	0.378
2559	1.3	3.9	0.345
2560	1.3	3.9	0.322
2561	1.4	3.9	0.334
2562	1.5	3.9	0.415
2563	1.7	3.9	0.463
2564	1.9	3.9	0.573
2565	2.0	3.9	0.588
2566	2.1	3.9	0.549
2567	2.3	3.9	0.330
2568	2.4	3.9	0.207
2569	2.0	3.9	0.143
2570	2.1	3.9	0.077
2571	2.1	3.9	0.030
2572	2.0	3.9	0.022
2573	1.9	3.9	0.066
2574	1.9	3.9	0.165
2575	1.9	3.9	0.446
2576	2.3	3.9	0.478
2577	2.2	3.9	0.480
2578	2.0	3.9	0.503
2579	1.7	3.9	0.480
2580	1.4	3.9	0.465
2581	1.2	3.9	0.431
2582	1.1	3.9	0.378
2583	1.0	3.9	0.345
2584	0.9	3.9	0.322
2585	0.9	3.9	0.334
2586	1.1	3.9	0.415
2587	1.2	3.9	0.463
2588	1.2	3.9	0.573
2589	1.4	3.9	0.588
2590	1.3	3.9	0.549
2591	1.3	3.9	0.330
2592	1.4	3.9	0.207
2593	1.0	3.9	0.143
2594	0.9	3.9	0.077
2595	1.0	3.9	0.030
2596	0.9	3.9	0.022
2597	1.0	3.9	0.066
2598	1.1	3.9	0.165
2599	1.1	3.9	0.446
2600	1.5	3.9	0.478
2601	1.4	3.9	0.480
2602	1.2	3.9	0.503
2603	1.0	3.9	0.480
2604	0.9	3.9	0.465
2605	0.7	3.9	0.431
2606	0.6	3.9	0.378
2607	0.6	3.9	0.345
2608	0.6	3.9	0.322
2609	0.6	3.9	0.334
2610	0.8	3.9	0.415
2611	0.9	3.9	0.463
2612	1.1	3.9	0.573
2613	1.2	3.9	0.588
2614	1.3	3.9	0.549
2615	1.4	3.8	0.330
2616	1.5	3.8	0.207
2617	1.2	3.8	0.143
2618	1.1	3.8	0.077
2619	1.1	3.8	0.030
2620	1.1	3.8	0.022
2621	1.2	3.8	0.066
2622	1.2	3.8	0.165
2623	1.2	3.8	0.446
2624	1.6	3.8	0.478
2625	1.5	3.8	0.480
2626	1.4	3.8	0.503
2627	1.3	3.8	0.480
2628	1.2	3.8	0.465
2629	1.3	3.8	0.431
2630	1.3	3.8	0.378
2631	1.3	3.8	0.345
2632	1.3	3.8	0.322
2633	1.3	3.8	0.334
2634	1.4	3.8	0.415
2635	1.5	3.8	0.463
2636	1.6	3.8	0.573
2637	1.7	3.8	0.588
2638	1.7	3.8	0.549
2639	1.8	3.8	0.330
2640	1.9	3.8	0.207
2641	1.4	3.8	0.143
2642	1.5	3.8	0.077
2643	1.6	3.8	0.030
2644	1.5	3.8	0.022
2645	1.5	3.8	0.066
2646	1.6	3.8	0.165
2647	1.6	3.8	0.446
2648	2.1	3.8	0.478
2649	1.9	3.8	0.480
2650	1.7	3.8	0.503
2651	1.6	3.8	0.480
2652	1.5	3.8	0.465
2653	1.4	3.8	0.431
2654	1.4	3.8	0.378
2655	1.5	3.8	0.345
2656	1.5	3.8	0.322
2657	1.5	3.8	0.334
2658	1.5	3.8	0.415
2659	1.6	3.8	0.463
2660	1.6	3.8	0.573
2661	1.7	3.7	0.588
2662	1.8	3.7	0.549
2663	2.0	3.7	0.330
2664	2.1	3.7	0.207
2665	1.6	3.7	0.143
2666	1.6	3.7	0.077
2667	1.6	3.7	0.030
2668	1.6	3.7	0.022
2669	1.6	3.7	0.066
2670	1.7	3.7	0.165
2671	1.7	3.7	0.446
2672	2.2	3.7	0.478
2673	2.1	3.7	0.480
2674	2.0	3.7	0.503
2675	1.9	3.7	0.480
2676	1.9	3.7	0.465
2677	1.9	3.7	0.431
2678	1.9	3.7	0.378
2679	1.9	3.7	0.345
2680	1.9	3.7	0.322
2681	1.8	3.7	0.334
2682	1.9	3.7	0.415
2683	2.0	3.7	0.463
2684	2.2	3.7	0.573
2685	2.2	3.7	0.588
2686	2.2	3.7	0.549
2687	2.3	3.7	0.330
2688	2.4	3.7	0.207
2689	2.0	3.7	0.143
2690	2.1	3.7	0.077
2691	2.2	3.7	0.030
2692	2.2	3.7	0.022
2693	2.1	3.7	0.066
2694	2.1	3.7	0.165
2695	2.0	3.7	0.446
2696	2.5	3.7	0.478
2697	2.3	3.7	0.480
2698	2.1	3.7	0.503
2699	1.9	3.7	0.480
2700	1.8	3.7	0.465
2701	1.6	3.7	0.431
2702	1.6	3.7	0.378
2703	1.5	3.7	0.345
2704	1.5	3.7	0.322
2705	1.5	3.7	0.334
2706	1.6	3.7	0.415
2707	1.7	3.7	0.463
2708	1.7	3.7	0.573
2709	1.9	3.7	0.588
2710	2.0	3.7	0.549
2711	2.0	3.6	0.330
2712	2.1	3.6	0.207
2713	1.6	3.6	0.143
2714	1.6	3.6	0.077
2715	1.6	3.6	0.030
2716	1.7	3.6	0.022
2717	1.7	3.6	0.066
2718	1.6	3.6	0.165
2719	1.6	3.6	0.446
2720	2.1	3.6	0.478
2721	2.0	3.6	0.480
2722	1.9	3.6	0.503
2723	1.8	3.6	0.480
2724	1.7	3.6	0.465
2725	1.6	3.6	0.431
2726	1.5	3.6	0.378
2727	1.5	3.6	0.345
2728	1.5	3.6	0.322
2729	1.6	3.6	0.334
2730	1.8	3.6	0.415
2731	1.9	3.6	0.463
2732	2.0	3.6	0.573
2733	2.1	3.6	0.588
2734	2.2	3.6	0.549
2735	2.3	3.6	0.330
2736	2.4	3.6	0.207
2737	1.9	3.6	0.143
2738	1.9	3.6	0.077
2739	1.9	3.6	0.030
2740	1.9	3.6	0.022
2741	1.8	3.6	0.066
2742	1.8	3.6	0.165
2743	1.8	3.6	0.446
2744	2.3	3.6	0.478
2745	2.1	3.6	0.480
2746	2.0	3.6	0.503
2747	1.8	3.6	0.480
2748	1.7	3.6	0.465
2749	1.5	3.6	0.431
2750	1.5	3.6	0.378
2751	1.3	3.6	0.345
2752	1.3	3.6	0.322
2753	1.3	3.6	0.334
2754	1.4	3.6	0.415
2755	1.6	3.6	0.463
2756	1.6	3.6	0.573
2757	1.7	3.6	0.588
2758	1.8	3.6	0.549
2759	1.8	3.6	0.330
2760	1.9	3.6	0.207
2761	1.4	3.6	0.143
2762	1.4	3.6	0.077
2763	1.4	3.6	0.030
2764	1.4	3.6	0.022
2765	1.4	3.6	0.066
2766	1.4	3.6	0.165
2767	1.3	3.6	0.446
2768	1.8	3.6	0.478
2769	1.8	3.6	0.480
2770	1.6	3.6	0.503
2771	1.6	3.6	0.480
2772	1.5	3.6	0.465
2773	1.5	3.6	0.431
2774	1.4	3.6	0.378
2775	1.4	3.6	0.345
2776	1.3	3.6	0.322
2777	1.2	3.6	0.334
2778	1.2	3.5	0.415
2779	1.2	3.5	0.463
2780	1.2	3.5	0.573
2781	1.2	3.5	0.588
2782	1.2	3.5	0.549
2783	1.2	3.5	0.330
2784	1.1	3.5	0.207
2785	0.6	3.5	0.143
2786	0.7	3.5	0.077
2787	0.8	3.5	0.030
2788	0.8	3.5	0.022
2789	0.9	3.5	0.066
2790	0.9	3.5	0.165
2791	0.9	3.5	0.446
2792	1.5	3.5	0.478
2793	1.5	3.5	0.480
2794	1.4	3.5	0.503
2795	1.3	3.5	0.480
2796	1.4	3.5	0.465
2797	1.4	3.5	0.431
2798	1.3	3.5	0.378
2799	1.3	3.5	0.345
2800	1.4	3.5	0.322
2801	1.4	3.5	0.334
2802	1.4	3.5	0.415
2803	1.5	3.5	0.463
2804	1.6	3.5	0.573
2805	1.7	3.5	0.588
2806	1.8	3.5	0.549
2807	1.8	3.5	0.330
2808	1.8	3.5	0.207
2809	1.4	3.5	0.143
2810	1.4	3.5	0.077
2811	1.4	3.5	0.030
2812	1.4	3.5	0.022
2813	1.4	3.5	0.066
2814	1.4	3.5	0.165
2815	1.4	3.5	0.446
2816	1.8	3.5	0.478
2817	1.7	3.5	0.480
2818	1.4	3.5	0.503
2819	1.3	3.5	0.480
2820	1.1	3.5	0.465
2821	1.0	3.5	0.431
2822	0.9	3.5	0.378
2823	0.7	3.5	0.345
2824	0.8	3.5	0.322
2825	0.8	3.5	0.334
2826	1.0	3.5	0.415
2827	1.2	3.5	0.463
2828	1.5	3.5	0.573
2829	1.6	3.5	0.588
2830	1.7	3.5	0.549
2831	1.7	3.5	0.330
2832	1.8	3.5	0.207
2833	1.4	3.5	0.143
2834	1.4	3.5	0.077
2835	1.4	3.5	0.030
2836	1.4	3.5	0.022
2837	1.4	3.5	0.066
2838	1.4	3.5	0.165
2839	1.4	3.5	0.446
2840	1.8	3.5	0.478
2841	1.7	3.5	0.480
2842	1.5	3.5	0.503
2843	1.3	3.5	0.480
2844	1.1	3.5	0.465
2845	1.0	3.5	0.431
2846	1.0	3.5	0.378
2847	0.9	3.5	0.345
2848	0.9	3.5	0.322
2849	0.9	3.5	0.334
2850	0.9	3.5	0.415
2851	1.0	3.5	0.463
2852	1.0	3.5	0.573
2853	1.1	3.5	0.588
2854	1.1	3.5	0.549
2855	1.1	3.5	0.330
2856	1.2	3.5	0.207
2857	0.7	3.5	0.143
2858	0.8	3.5	0.077
2859	0.8	3.5	0.030
2860	0.8	3.4	0.022
2861	0.9	3.4	0.066
2862	1.0	3.4	0.165
2863	1.0	3.4	0.446
2864	1.5	3.4	0.478
2865	1.5	3.4	0.480
2866	1.3	3.4	0.503
2867	1.2	3.4	0.480
2868	1.1	3.4	0.465
2869	1.0	3.4	0.431
2870	0.9	3.4	0.378
2871	0.9	3.4	0.345
2872	0.8	3.4	0.322
2873	0.8	3.4	0.334
2874	0.8	3.4	0.415
2875	0.9	3.4	0.463
2876	1.0	3.4	0.573
2877	1.0	3.4	0.588
2878	1.0	3.4	0.549
2879	1.0	3.4	0.330
2880	1.1	3.4	0.207
2881	0.0	3.4	0.143
2882	0.0	3.4	0.077
2883	0.0	3.4	0.030
2884	0.0	3.4	0.022
2885	0.0	3.4	0.066
2886	0.0	3.4	0.165
2887	0.0	3.4	0.446
2888	0.0	3.4	0.478
2889	0.0	3.4	0.480
2890	0.0	3.4	0.503
2891	0.0	3.4	0.480
2892	0.0	3.4	0.465
2893	0.0	3.4	0.431
2894	0.0	3.4	0.378
2895	0.0	3.4	0.345
2896	0.0	3.4	0.322
2897	0.0	3.4	0.334
2898	0.0	3.4	0.415
2899	0.0	3.4	0.463
2900	0.0	3.4	0.573
2901	0.0	3.4	0.588
2902	0.0	3.4	0.549
2903	0.0	3.4	0.330
2904	0.0	3.4	0.207
2905	0.0	3.4	0.143
2906	0.0	3.4	0.077
2907	0.0	3.4	0.030
2908	0.0	3.4	0.022
2909	0.0	3.4	0.066
2910	0.0	3.4	0.165
2911	0.0	3.4	0.446
2912	0.0	3.4	0.478
2913	0.0	3.4	0.480
2914	0.0	3.4	0.503
2915	0.0	3.4	0.480
2916	0.0	3.4	0.465
2917	0.0	3.4	0.431
2918	0.0	3.4	0.378
2919	0.0	3.4	0.345
2920	0.0	3.4	0.322
2921	0.0	3.4	0.334
2922	0.0	3.4	0.415
2923	0.0	3.4	0.463
2924	0.0	3.4	0.573
2925	0.0	3.4	0.588
2926	0.0	3.4	0.549
2927	0.0	3.4	0.330
2928	0.0	3.4	0.207
2929	0.0	3.4	0.143
2930	0.0	3.4	0.077
2931	0.0	3.4	0.030
2932	0.0	3.4	0.022
2933	0.0	3.3	0.066
2934	0.0	3.3	0.165
2935	0.0	3.3	0.446
2936	0.0	3.3	0.478
2937	0.0	3.3	0.480
2938	0.0	3.3	0.503
2939	0.0	3.3	0.480
2940	0.0	3.3	0.465
2941	0.0	3.3	0.431
2942	0.0	3.3	0.378
2943	0.0	3.3	0.345
2944	0.0	3.3	0.322
2945	0.0	3.3	0.334
2946	0.0	3.3	0.415
2947	0.0	3.3	0.463
2948	0.0	3.3	0.573
2949	0.0	3.3	0.588
2950	0.0	3.3	0.549
2951	0.0	3.3	0.330
2952	0.0	3.3	0.207
2953	0.0	3.3	0.143
2954	0.0	3.3	0.077
2955	0.0	3.3	0.030
2956	0.0	3.3	0.022
2957	0.0	3.3	0.066
2958	0.0	3.3	0.165
2959	0.0	3.3	0.446
2960	0.0	3.3	0.478
2961	0.0	3.3	0.480
2962	0.0	3.3	0.503
2963	0.0	3.3	0.480
2964	0.0	3.3	0.465
2965	0.0	3.3	0.431
2966	0.0	3.3	0.378
2967	0.0	3.3	0.345
2968	0.0	3.3	0.322
2969	0.0	3.3	0.334
2970	0.0	3.3	0.415
2971	0.0	3.3	0.463
2972	0.0	3.3	0.573
2973	0.0	3.3	0.588
2974	0.0	3.3	0.549
2975	0.0	3.3	0.330
2976	0.0	3.3	0.207
2977	0.0	3.3	0.143
2978	0.0	3.3	0.077
2979	0.0	3.3	0.030
2980	0.0	3.3	0.022
2981	0.0	3.3	0.066
2982	0.0	3.3	0.165
2983	0.0	3.3	0.446
2984	0.0	3.3	0.478
2985	0.0	3.3	0.480
2986	0.0	3.3	0.503
2987	0.0	3.3	0.480
2988	0.0	3.3	0.465
2989	0.0	3.2	0.431
2990	0.0	3.2	0.378
2991	0.0	3.2	0.345
2992	0.0	3.2	0.322
2993	0.0	3.2	0.334
2994	0.0	3.2	0.415
2995	0.0	3.2	0.463
2996	0.0	3.2	0.573
2997	0.0	3.2	0.588
2998	0.0	3.2	0.549
2999	0.0	3.2	0.330
3000	0.0	3.2	0.207
3001	0.0	3.2	0.143
3002	0.0	3.2	0.077
3003	0.0	3.2	0.030
3004	0.0	3.2	0.022
3005	0.0	3.2	0.066
3006	0.0	3.2	0.165
3007	0.0	3.2	0.446
3008	0.0	3.2	0.478
3009	0.0	3.2	0.480
3010	0.0	3.2	0.503
3011	0.0	3.2	0.480
3012	0.0	3.2	0.465
3013	0.0	3.2	0.431
3014	0.0	3.2	0.378
3015	0.0	3.2	0.345
3016	0.0	3.2	0.322
3017	0.0	3.2	0.334
3018	0.0	3.2	0.415
3019	0.0	3.2	0.463
3020	0.0	3.2	0.573
3021	0.0	3.2	0.588
3022	0.0	3.2	0.549
3023	0.0	3.2	0.330
3024	0.0	3.2	0.207
3025	0.0	3.2	0.143
3026	0.0	3.2	0.077
3027	0.0	3.2	0.030
3028	0.0	3.2	0.022
3029	0.0	3.2	0.066
3030	0.0	3.2	0.165
3031	0.0	3.2	0.446
3032	0.0	3.2	0.478
3033	0.0	3.1	0.480
3034	0.0	3.1	0.503
3035	0.0	3.1	0.480
3036	0.0	3.1	0.465
3037	0.0	3.1	0.431
3038	0.0	3.1	0.378
3039	0.0	3.1	0.345
3040	0.0	3.1	0.322
3041	0.0	3.1	0.334
3042	0.0	3.1	0.415
3043	0.0	3.1	0.463
3044	0.0	3.1	0.573
3045	0.0	3.1	0.588
3046	0.0	3.1	0.549
3047	0.0	3.1	0.330
3048	0.0	3.1	0.207
3049	0.0	3.1	0.143
3050	0.0	3.1	0.077
3051	0.0	3.1	0.030
3052	0.0	3.1	0.022
3053	0.0	3.1	0.066
3054	0.0	3.1	0.165
3055	0.0	3.1	0.446
3056	0.0	3.1	0.478
3057	0.0	3.1	0.480
3058	0.0	3.1	0.503
3059	0.0	3.1	0.480
3060	0.0	3.1	0.465
3061	0.0	3.1	0.431
3062	0.0	3.1	0.378
3063	0.0	3.1	0.345
3064	0.0	3.1	0.322
3065	0.0	3.1	0.334
3066	0.0	3.1	0.415
3067	0.0	3.1	0.463
3068	0.0	3.1	0.573
3069	0.0	3.1	0.588
3070	0.0	3.1	0.549
3071	0.0	3.1	0.330
3072	0.0	3.1	0.207
3073	0.0	3.1	0.143
3074	0.0	3.1	0.077
3075	0.0	3.1	0.030
3076	0.0	3.1	0.022
3077	0.0	3.1	0.066
3078	0.0	3.1	0.165
3079	0.0	3.1	0.446
3080	0.0	3.1	0.478
3081	0.0	3.1	0.480
3082	0.0	3.1	0.503
3083	0.0	3.0	0.480
3084	0.0	3.0	0.465
3085	0.0	3.0	0.431
3086	0.0	3.0	0.378
3087	0.0	3.0	0.345
3088	0.0	3.0	0.322
3089	0.0	3.0	0.334
3090	0.0	3.0	0.415
3091	0.0	3.0	0.463
3092	0.0	3.0	0.573
3093	0.0	3.0	0.588
3094	0.0	3.0	0.549
3095	0.0	3.0	0.330
3096	0.0	3.0	0.207
3097	0.0	3.0	0.143
3098	0.0	3.0	0.077
3099	0.0	3.0	0.030
3100	0.0	3.0	0.022
3101	0.0	3.0	0.066
3102	0.0	3.0	0.165
3103	0.0	3.0	0.446
3104	0.0	3.0	0.478
3105	0.0	3.0	0.480
3106	0.0	3.0	0.503
3107	0.0	3.0	0.480
3108	0.0	3.0	0.465
3109	0.0	3.0	0.431
3110	0.0	3.0	0.378
3111	0.0	3.0	0.345
3112	0.0	3.0	0.322
3113	0.0	3.0	0.334
3114	0.0	3.0	0.415
3115	0.0	3.0	0.463
3116	0.0	3.0	0.573
3117	0.0	3.0	0.588
3118	0.0	3.0	0.549
3119	0.0	3.0	0.330
3120	0.0	3.0	0.207
3121	0.0	3.0	0.143
3122	0.0	3.0	0.077
3123	0.0	3.0	0.030
3124	0.0	3.0	0.022
3125	0.0	3.0	0.066
3126	0.0	3.0	0.165
3127	0.0	3.0	0.446
3128	0.0	3.0	0.478
3129	0.0	3.0	0.480
3130	0.0	3.0	0.503
3131	0.0	3.0	0.480
3132	0.0	3.0	0.465
3133	0.0	3.0	0.431
3134	0.0	3.0	0.378
3135	0.0	3.0	0.345
3136	0.0	3.0	0.322
3137	0.0	2.9	0.334
3138	0.0	2.9	0.415
3139	0.0	2.9	0.463
3140	0.0	2.9	0.573
3141	0.0	2.9	0.588
3142	0.0	2.9	0.549
3143	0.0	2.9	0.330
3144	0.0	2.9	0.207
3145	0.0	2.9	0.143
3146	0.0	2.9	0.077
3147	0.0	2.9	0.030
3148	0.0	2.9	0.022
3149	0.0	2.9	0.066
3150	0.0	2.9	0.165
3151	0.0	2.9	0.446
3152	0.0	2.9	0.478
3153	0.0	2.9	0.480
3154	0.0	2.9	0.503
3155	0.0	2.9	0.480
3156	0.0	2.9	0.465
3157	0.0	2.9	0.431
3158	0.0	2.9	0.378
3159	0.0	2.9	0.345
3160	0.0	2.9	0.322
3161	0.0	2.9	0.334
3162	0.0	2.9	0.415
3163	0.0	2.9	0.463
3164	0.0	2.9	0.573
3165	0.0	2.9	0.588
3166	0.0	2.9	0.549
3167	0.0	2.9	0.330
3168	0.0	2.9	0.207
3169	0.0	2.9	0.143
3170	0.0	2.9	0.077
3171	0.0	2.9	0.030
3172	0.0	2.9	0.022
3173	0.0	2.9	0.066
3174	0.0	2.9	0.165
3175	0.0	2.9	0.446
3176	0.0	2.9	0.478
3177	0.0	2.9	0.480
3178	0.0	2.9	0.503
3179	0.0	2.9	0.480
3180	0.0	2.9	0.465
3181	0.0	2.9	0.431
3182	0.0	2.9	0.378
3183	0.0	2.9	0.345
3184	0.0	2.9	0.322
3185	0.0	2.9	0.334
3186	0.0	2.9	0.415
3187	0.0	2.9	0.463
3188	0.0	2.9	0.573
3189	0.0	2.8	0.588
3190	0.0	2.8	0.549
3191	0.0	2.8	0.330
3192	0.0	2.8	0.207
3193	0.0	2.8	0.143
3194	0.0	2.8	0.077
3195	0.0	2.8	0.030
3196	0.0	2.8	0.022
3197	0.0	2.8	0.066
3198	0.0	2.8	0.165
3199	0.0	2.8	0.446
3200	0.0	2.8	0.478
3201	0.0	2.8	0.480
3202	0.0	2.8	0.503
3203	0.0	2.8	0.480
3204	0.0	2.8	0.465
3205	0.0	2.8	0.431
3206	0.0	2.8	0.378
3207	0.0	2.8	0.345
3208	0.0	2.8	0.322
3209	0.0	2.8	0.334
3210	0.0	2.8	0.415
3211	0.0	2.8	0.463
3212	0.0	2.8	0.573
3213	0.0	2.8	0.588
3214	0.0	2.8	0.549
3215	0.0	2.8	0.330
3216	0.0	2.8	0.207
3217	0.0	2.8	0.143
3218	0.0	2.8	0.077
3219	0.0	2.8	0.030
3220	0.0	2.8	0.022
3221	0.0	2.8	0.066
3222	0.0	2.8	0.165
3223	0.0	2.8	0.446
3224	0.0	2.8	0.478
3225	0.0	2.8	0.480
3226	0.0	2.8	0.503
3227	0.0	2.8	0.480
3228	0.0	2.8	0.465
3229	0.0	2.8	0.431
3230	0.0	2.8	0.378
3231	0.0	2.8	0.345
3232	0.0	2.8	0.322
3233	0.0	2.8	0.334
3234	0.0	2.8	0.415
3235	0.0	2.8	0.463
3236	0.0	2.8	0.573
3237	0.0	2.8	0.588
3238	0.0	2.8	0.549
3239	0.0	2.8	0.330
3240	0.0	2.8	0.207
3241	0.0	2.8	0.143
3242	0.0	2.8	0.077
3243	0.0	2.8	0.030
3244	0.0	2.8	0.022
3245	0.0	2.8	0.066
3246	0.0	2.8	0.165
3247	0.0	2.8	0.446
3248	0.0	2.8	0.478
3249	0.0	2.8	0.480
3250	0.0	2.7	0.503
3251	0.0	2.7	0.480
3252	0.0	2.7	0.465
3253	0.0	2.7	0.431
3254	0.0	2.7	0.378
3255	0.0	2.7	0.345
3256	0.0	2.7	0.322
3257	0.0	2.7	0.334
3258	0.0	2.7	0.415
3259	0.0	2.7	0.463
3260	0.0	2.7	0.573
3261	0.0	2.7	0.588
3262	0.0	2.7	0.549
3263	0.0	2.7	0.330
3264	0.0	2.7	0.207
3265	0.0	2.7	0.143
3266	0.0	2.7	0.077
3267	0.0	2.7	0.030
3268	0.0	2.7	0.022
3269	0.0	2.7	0.066
3270	0.0	2.7	0.165
3271	0.0	2.7	0.446
3272	0.0	2.7	0.478
3273	0.0	2.7	0.480
3274	0.0	2.7	0.503
3275	0.0	2.7	0.480
3276	0.0	2.7	0.465
3277	0.0	2.7	0.431
3278	0.0	2.7	0.378
3279	0.0	2.7	0.345
3280	0.0	2.7	0.322
3281	0.0	2.7	0.334
3282	0.0	2.7	0.415
3283	0.0	2.7	0.463
3284	0.0	2.7	0.573
3285	0.0	2.7	0.588
3286	0.0	2.7	0.549
3287	0.0	2.7	0.330
3288	0.0	2.7	0.207
3289	0.0	2.7	0.143
3290	0.0	2.7	0.077
3291	0.0	2.7	0.030
3292	0.0	2.7	0.022
3293	0.0	2.7	0.066
3294	0.0	2.7	0.165
3295	0.0	2.7	0.446
3296	0.0	2.7	0.478
3297	0.0	2.7	0.480
3298	0.0	2.7	0.503
3299	0.0	2.7	0.480
3300	0.0	2.7	0.465
3301	0.0	2.7	0.431
3302	0.0	2.7	0.378
3303	0.0	2.7	0.345
3304	0.0	2.6	0.322
3305	0.0	2.6	0.334
3306	0.0	2.6	0.415
3307	0.0	2.6	0.463
3308	0.0	2.6	0.573
3309	0.0	2.6	0.588
3310	0.0	2.6	0.549
3311	0.0	2.6	0.330
3312	0.0	2.6	0.207
3313	0.0	2.6	0.143
3314	0.0	2.6	0.077
3315	0.0	2.6	0.030
3316	0.0	2.6	0.022
3317	0.0	2.6	0.066
3318	0.0	2.6	0.165
3319	0.0	2.6	0.446
3320	0.0	2.6	0.478
3321	0.0	2.6	0.480
3322	0.0	2.6	0.503
3323	0.0	2.6	0.480
3324	0.0	2.6	0.465
3325	0.0	2.6	0.431
3326	0.0	2.6	0.378
3327	0.0	2.6	0.345
3328	0.0	2.6	0.322
3329	0.0	2.6	0.334
3330	0.0	2.6	0.415
3331	0.0	2.6	0.463
3332	0.0	2.6	0.573
3333	0.0	2.6	0.588
3334	0.0	2.6	0.549
3335	0.0	2.6	0.330
3336	0.0	2.6	0.207
3337	0.0	2.6	0.143
3338	0.0	2.6	0.077
3339	0.0	2.6	0.030
3340	0.0	2.6	0.022
3341	0.0	2.6	0.066
3342	0.0	2.6	0.165
3343	0.0	2.6	0.446
3344	0.0	2.6	0.478
3345	0.0	2.6	0.480
3346	0.0	2.6	0.503
3347	0.0	2.6	0.480
3348	0.0	2.6	0.465
3349	0.0	2.6	0.431
3350	0.0	2.6	0.378
3351	0.0	2.6	0.345
3352	0.0	2.6	0.322
3353	0.0	2.6	0.334
3354	0.0	2.6	0.415
3355	0.0	2.6	0.463
3356	0.0	2.6	0.573
3357	0.0	2.6	0.588
3358	0.0	2.6	0.549
3359	0.0	2.6	0.330
3360	0.0	2.6	0.207
3361	0.0	2.6	0.143
3362	0.0	2.6	0.077
3363	0.0	2.6	0.030
3364	0.0	2.6	0.022
3365	0.0	2.6	0.066
3366	0.0	2.5	0.165
3367	0.0	2.5	0.446
3368	0.0	2.5	0.478
3369	0.0	2.5	0.480
3370	0.0	2.5	0.503
3371	0.0	2.5	0.480
3372	0.0	2.5	0.465
3373	0.0	2.5	0.431
3374	0.0	2.5	0.378
3375	0.0	2.5	0.345
3376	0.0	2.5	0.322
3377	0.0	2.5	0.334
3378	0.0	2.5	0.415
3379	0.0	2.5	0.463
3380	0.0	2.5	0.573
3381	0.0	2.5	0.588
3382	0.0	2.5	0.549
3383	0.0	2.5	0.330
3384	0.0	2.5	0.207
3385	0.0	2.5	0.143
3386	0.0	2.5	0.077
3387	0.0	2.5	0.030
3388	0.0	2.5	0.022
3389	0.0	2.5	0.066
3390	0.0	2.5	0.165
3391	0.0	2.5	0.446
3392	0.0	2.5	0.478
3393	0.0	2.5	0.480
3394	0.0	2.5	0.503
3395	0.0	2.5	0.480
3396	0.0	2.5	0.465
3397	0.0	2.5	0.431
3398	0.0	2.5	0.378
3399	0.0	2.5	0.345
3400	0.0	2.5	0.322
3401	0.0	2.5	0.334
3402	0.0	2.5	0.415
3403	0.0	2.5	0.463
3404	0.0	2.5	0.573
3405	0.0	2.5	0.588
3406	0.0	2.5	0.549
3407	0.0	2.5	0.330
3408	0.0	2.5	0.207
3409	0.0	2.5	0.143
3410	0.0	2.5	0.077
3411	0.0	2.5	0.030
3412	0.0	2.5	0.022
3413	0.0	2.5	0.066
3414	0.0	2.5	0.165
3415	0.0	2.5	0.446
3416	0.0	2.5	0.478
3417	0.0	2.5	0.480
3418	0.0	2.5	0.503
3419	0.0	2.5	0.480
3420	0.0	2.5	0.465
3421	0.0	2.5	0.431
3422	0.0	2.5	0.378
3423	0.0	2.5	0.345
3424	0.0	2.5	0.322
3425	0.0	2.5	0.334
3426	0.0	2.5	0.415
3427	0.0	2.5	0.463
3428	0.0	2.5	0.573
3429	0.0	2.5	0.588
3430	0.0	2.5	0.549
3431	0.0	2.5	0.330
3432	0.0	2.5	0.207
3433	0.0	2.5	0.143
3434	0.0	2.5	0.077
3435	0.0	2.5	0.030
3436	0.0	2.4	0.022
3437	0.0	2.4	0.066
3438	0.0	2.4	0.165
3439	0.0	2.4	0.446
3440	0.0	2.4	0.478
3441	0.0	2.4	0.480
3442	0.0	2.4	0.503
3443	0.0	2.4	0.480
3444	0.0	2.4	0.465
3445	0.0	2.4	0.431
3446	0.0	2.4	0.378
3447	0.0	2.4	0.345
3448	0.0	2.4	0.322
3449	0.0	2.4	0.334
3450	0.0	2.4	0.415
3451	0.0	2.4	0.463
3452	0.0	2.4	0.573
3453	0.0	2.4	0.588
3454	0.0	2.4	0.549
3455	0.0	2.4	0.330
3456	0.0	2.4	0.207
3457	0.0	2.4	0.143
3458	0.0	2.4	0.077
3459	0.0	2.4	0.030
3460	0.0	2.4	0.022
3461	0.0	2.4	0.066
3462	0.0	2.4	0.165
3463	0.0	2.4	0.446
3464	0.0	2.4	0.478
3465	0.0	2.4	0.480
3466	0.0	2.4	0.503
3467	0.0	2.4	0.480
3468	0.0	2.4	0.465
3469	0.0	2.4	0.431
3470	0.0	2.4	0.378
3471	0.0	2.4	0.345
3472	0.0	2.4	0.322
3473	0.0	2.4	0.334
3474	0.0	2.4	0.415
3475	0.0	2.4	0.463
3476	0.0	2.4	0.573
3477	0.0	2.4	0.588
3478	0.0	2.4	0.549
3479	0.0	2.4	0.330
3480	0.0	2.4	0.207
3481	0.0	2.4	0.143
3482	0.0	2.4	0.077
3483	0.0	2.4	0.030
3484	0.0	2.4	0.022
3485	0.0	2.4	0.066
3486	0.0	2.4	0.165
3487	0.0	2.3	0.446
3488	0.0	2.3	0.478
3489	0.0	2.3	0.480
3490	0.0	2.3	0.503
3491	0.0	2.3	0.480
3492	0.0	2.3	0.465
3493	0.0	2.3	0.431
3494	0.0	2.3	0.378
3495	0.0	2.3	0.345
3496	0.0	2.3	0.322
3497	0.0	2.3	0.334
3498	0.0	2.3	0.415
3499	0.0	2.3	0.463
3500	0.0	2.3	0.573
3501	0.0	2.3	0.588
3502	0.0	2.3	0.549
3503	0.0	2.3	0.330
3504	0.0	2.3	0.207
3505	0.0	2.3	0.143
3506	0.0	2.3	0.077
3507	0.0	2.3	0.030
3508	0.0	2.3	0.022
3509	0.0	2.3	0.066
3510	0.0	2.3	0.165
3511	0.0	2.3	0.446
3512	0.0	2.3	0.478
3513	0.0	2.3	0.480
3514	0.0	2.3	0.503
3515	0.0	2.3	0.480
3516	0.0	2.3	0.465
3517	0.0	2.3	0.431
3518	0.0	2.3	0.378
3519	0.0	2.3	0.345
3520	0.0	2.3	0.322
3521	0.0	2.3	0.334
3522	0.0	2.3	0.415
3523	0.0	2.3	0.463
3524	0.0	2.3	0.573
3525	0.0	2.3	0.588
3526	0.0	2.3	0.549
3527	0.0	2.3	0.330
3528	0.0	2.3	0.207
3529	0.0	2.3	0.143
3530	0.0	2.3	0.077
3531	0.0	2.3	0.030
3532	0.0	2.3	0.022
3533	0.0	2.3	0.066
3534	0.0	2.3	0.165
3535	0.0	2.3	0.446
3536	0.0	2.3	0.478
3537	0.0	2.3	0.480
3538	0.0	2.3	0.503
3539	0.0	2.3	0.480
3540	0.0	2.3	0.465
3541	0.0	2.3	0.431
3542	0.0	2.3	0.378
3543	0.0	2.3	0.345
3544	0.0	2.3	0.322
3545	0.0	2.3	0.334
3546	0.0	2.3	0.415
3547	0.0	2.3	0.463
3548	0.0	2.3	0.573
3549	0.0	2.3	0.588
3550	0.0	2.3	0.549
3551	0.0	2.3	0.330
3552	0.0	2.3	0.207
3553	0.0	2.3	0.143
3554	0.0	2.3	0.077
3555	0.0	2.3	0.030
3556	0.0	2.3	0.022
3557	0.0	2.3	0.066
3558	0.0	2.3	0.165
3559	0.0	2.3	0.446
3560	0.0	2.3	0.478
3561	0.0	2.3	0.480
3562	0.0	2.3	0.503
3563	0.0	2.3	0.480
3564	0.0	2.3	0.465
3565	0.0	2.3	0.431
3566	0.0	2.3	0.378
3567	0.0	2.3	0.345
3568	0.0	2.2	0.322
3569	0.0	2.2	0.334
3570	0.0	2.2	0.415
3571	0.0	2.2	0.463
3572	0.0	2.2	0.573
3573	0.0	2.2	0.588
3574	0.0	2.2	0.549
3575	0.0	2.2	0.330
3576	0.0	2.2	0.207
3577	0.0	2.2	0.143
3578	0.0	2.2	0.077
3579	0.0	2.2	0.030
3580	0.0	2.2	0.022
3581	0.0	2.2	0.066
3582	0.0	2.2	0.165
3583	0.0	2.2	0.446
3584	0.0	2.2	0.478
3585	0.0	2.2	0.480
3586	0.0	2.2	0.503
3587	0.0	2.2	0.480
3588	0.0	2.2	0.465
3589	0.0	2.2	0.431
3590	0.0	2.2	0.378
3591	0.0	2.2	0.345
3592	0.0	2.2	0.322
3593	0.0	2.2	0.334
3594	0.0	2.2	0.415
3595	0.0	2.2	0.463
3596	0.0	2.2	0.573
3597	0.0	2.2	0.588
3598	0.0	2.2	0.549
3599	0.0	2.2	0.330
3600	0.0	2.2	0.207
3601	0.0	2.2	0.143
3602	0.0	2.2	0.077
3603	0.0	2.2	0.030
3604	0.0	2.2	0.022
3605	0.0	2.2	0.066
3606	0.0	2.2	0.165
3607	0.0	2.2	0.446
3608	0.0	2.2	0.478
3609	0.0	2.2	0.480
3610	0.0	2.2	0.503
3611	0.0	2.2	0.480
3612	0.0	2.2	0.465
3613	0.0	2.2	0.431
3614	0.0	2.2	0.378
3615	0.0	2.2	0.345
3616	0.0	2.2	0.322
3617	0.0	2.2	0.334
3618	0.0	2.2	0.415
3619	0.0	2.2	0.463
3620	0.0	2.2	0.573
3621	0.0	2.2	0.588
3622	0.0	2.2	0.549
3623	0.0	2.2	0.330
3624	0.0	2.2	0.207
3625	0.0	2.2	0.143
3626	0.0	2.2	0.077
3627	0.0	2.2	0.030
3628	0.0	2.2	0.022
3629	0.0	2.2	0.066
3630	0.0	2.2	0.165
3631	0.0	2.2	0.446
3632	0.0	2.2	0.478
3633	0.0	2.2	0.480
3634	0.0	2.2	0.503
3635	0.0	2.2	0.480
3636	0.0	2.2	0.465
3637	0.0	2.2	0.431
3638	0.0	2.2	0.378
3639	0.0	2.2	0.345
3640	0.0	2.2	0.322
3641	0.0	2.2	0.334
3642	0.0	2.2	0.415
3643	0.0	2.2	0.463
3644	0.0	2.2	0.573
3645	0.0	2.2	0.588
3646	0.0	2.2	0.549
3647	0.0	2.2	0.330
3648	0.0	2.2	0.207
3649	0.0	2.2	0.143
3650	0.0	2.2	0.077
3651	0.0	2.2	0.030
3652	0.0	2.2	0.022
3653	0.0	2.2	0.066
3654	0.0	2.1	0.165
3655	0.0	2.1	0.446
3656	0.0	2.1	0.478
3657	0.0	2.1	0.480
3658	0.0	2.1	0.503
3659	0.0	2.1	0.480
3660	0.0	2.1	0.465
3661	0.0	2.1	0.431
3662	0.0	2.1	0.378
3663	0.0	2.1	0.345
3664	0.0	2.1	0.322
3665	0.0	2.1	0.334
3666	0.0	2.1	0.415
3667	0.0	2.1	0.463
3668	0.0	2.1	0.573
3669	0.0	2.1	0.588
3670	0.0	2.1	0.549
3671	0.0	2.1	0.330
3672	0.0	2.1	0.207
3673	0.0	2.1	0.143
3674	0.0	2.1	0.077
3675	0.0	2.1	0.030
3676	0.0	2.1	0.022
3677	0.0	2.1	0.066
3678	0.0	2.1	0.165
3679	0.0	2.1	0.446
3680	0.0	2.1	0.478
3681	0.0	2.1	0.480
3682	0.0	2.1	0.503
3683	0.0	2.1	0.480
3684	0.0	2.1	0.465
3685	0.0	2.1	0.431
3686	0.0	2.1	0.378
3687	0.0	2.1	0.345
3688	0.0	2.1	0.322
3689	0.0	2.1	0.334
3690	0.0	2.1	0.415
3691	0.0	2.1	0.463
3692	0.0	2.1	0.573
3693	0.0	2.1	0.588
3694	0.0	2.1	0.549
3695	0.0	2.1	0.330
3696	0.0	2.1	0.207
3697	0.0	2.1	0.143
3698	0.0	2.1	0.077
3699	0.0	2.1	0.030
3700	0.0	2.1	0.022
3701	0.0	2.1	0.066
3702	0.0	2.1	0.165
3703	0.0	2.1	0.446
3704	0.0	2.1	0.478
3705	0.0	2.1	0.480
3706	0.0	2.1	0.503
3707	0.0	2.1	0.480
3708	0.0	2.1	0.465
3709	0.0	2.1	0.431
3710	0.0	2.1	0.378
3711	0.0	2.1	0.345
3712	0.0	2.1	0.322
3713	0.0	2.1	0.334
3714	0.0	2.1	0.415
3715	0.0	2.1	0.463
3716	0.0	2.1	0.573
3717	0.0	2.1	0.588
3718	0.0	2.1	0.549
3719	0.0	2.1	0.330
3720	0.0	2.1	0.207
3721	0.0	2.1	0.143
3722	0.0	2.1	0.077
3723	0.0	2.1	0.030
3724	0.0	2.1	0.022
3725	0.0	2.1	0.066
3726	0.0	2.1	0.165
3727	0.0	2.1	0.446
3728	0.0	2.1	0.478
3729	0.0	2.1	0.480
3730	0.0	2.1	0.503
3731	0.0	2.1	0.480
3732	0.0	2.1	0.465
3733	0.0	2.1	0.431
3734	0.0	2.1	0.378
3735	0.0	2.1	0.345
3736	0.0	2.0	0.322
3737	0.0	2.0	0.334
3738	0.0	2.0	0.415
3739	0.0	2.0	0.463
3740	0.0	2.0	0.573
3741	0.0	2.0	0.588
3742	0.0	2.0	0.549
3743	0.0	2.0	0.330
3744	0.0	2.0	0.207
3745	0.0	2.0	0.143
3746	0.0	2.0	0.077
3747	0.0	2.0	0.030
3748	0.0	2.0	0.022
3749	0.0	2.0	0.066
3750	0.0	2.0	0.165
3751	0.0	2.0	0.446
3752	0.0	2.0	0.478
3753	0.0	2.0	0.480
3754	0.0	2.0	0.503
3755	0.0	2.0	0.480
3756	0.0	2.0	0.465
3757	0.0	2.0	0.431
3758	0.0	2.0	0.378
3759	0.0	2.0	0.345
3760	0.0	2.0	0.322
3761	0.0	2.0	0.334
3762	0.0	2.0	0.415
3763	0.0	2.0	0.463
3764	0.0	2.0	0.573
3765	0.0	2.0	0.588
3766	0.0	2.0	0.549
3767	0.0	2.0	0.330
3768	0.0	2.0	0.207
3769	0.0	2.0	0.143
3770	0.0	2.0	0.077
3771	0.0	2.0	0.030
3772	0.0	2.0	0.022
3773	0.0	2.0	0.066
3774	0.0	2.0	0.165
3775	0.0	2.0	0.446
3776	0.0	2.0	0.478
3777	0.0	2.0	0.480
3778	0.0	2.0	0.503
3779	0.0	2.0	0.480
3780	0.0	2.0	0.465
3781	0.0	2.0	0.431
3782	0.0	2.0	0.378
3783	0.0	2.0	0.345
3784	0.0	2.0	0.322
3785	0.0	2.0	0.334
3786	0.0	2.0	0.415
3787	0.0	2.0	0.463
3788	0.0	2.0	0.573
3789	0.0	2.0	0.588
3790	0.0	2.0	0.549
3791	0.0	2.0	0.330
3792	0.0	2.0	0.207
3793	0.0	2.0	0.143
3794	0.0	2.0	0.077
3795	0.0	2.0	0.030
3796	0.0	2.0	0.022
3797	0.0	2.0	0.066
3798	0.0	2.0	0.165
3799	0.0	2.0	0.446
3800	0.0	2.0	0.478
3801	0.0	2.0	0.480
3802	0.0	2.0	0.503
3803	0.0	2.0	0.480
3804	0.0	2.0	0.465
3805	0.0	2.0	0.431
3806	0.0	2.0	0.378
3807	0.0	2.0	0.345
3808	0.0	2.0	0.322
3809	0.0	2.0	0.334
3810	0.0	2.0	0.415
3811	0.0	2.0	0.463
3812	0.0	1.9	0.573
3813	0.0	1.9	0.588
3814	0.0	1.9	0.549
3815	0.0	1.9	0.330
3816	0.0	1.9	0.207
3817	0.0	1.9	0.143
3818	0.0	1.9	0.077
3819	0.0	1.9	0.030
3820	0.0	1.9	0.022
3821	0.0	1.9	0.066
3822	0.0	1.9	0.165
3823	0.0	1.9	0.446
3824	0.0	1.9	0.478
3825	0.0	1.9	0.480
3826	0.0	1.9	0.503
3827	0.0	1.9	0.480
3828	0.0	1.9	0.465
3829	0.0	1.9	0.431
3830	0.0	1.9	0.378
3831	0.0	1.9	0.345
3832	0.0	1.9	0.322
3833	0.0	1.9	0.334
3834	0.0	1.9	0.415
3835	0.0	1.9	0.463
3836	0.0	1.9	0.573
3837	0.0	1.9	0.588
3838	0.0	1.9	0.549
3839	0.0	1.9	0.330
3840	0.0	1.9	0.207
3841	0.0	1.9	0.143
3842	0.0	1.9	0.077
3843	0.0	1.9	0.030
3844	0.0	1.9	0.022
3845	0.0	1.9	0.066
3846	0.0	1.9	0.165
3847	0.0	1.9	0.446
3848	0.0	1.9	0.478
3849	0.0	1.9	0.480
3850	0.0	1.9	0.503
3851	0.0	1.9	0.480
3852	0.0	1.9	0.465
3853	0.0	1.9	0.431
3854	0.0	1.9	0.378
3855	0.0	1.9	0.345
3856	0.0	1.9	0.322
3857	0.0	1.9	0.334
3858	0.0	1.9	0.415
3859	0.0	1.9	0.463
3860	0.0	1.9	0.573
3861	0.0	1.9	0.588
3862	0.0	1.9	0.549
3863	0.0	1.9	0.330
3864	0.0	1.9	0.207
3865	0.0	1.9	0.143
3866	0.0	1.9	0.077
3867	0.0	1.9	0.030
3868	0.0	1.9	0.022
3869	0.0	1.9	0.066
3870	0.0	1.9	0.165
3871	0.0	1.9	0.446
3872	0.0	1.9	0.478
3873	0.0	1.9	0.480
3874	0.0	1.9	0.503
3875	0.0	1.9	0.480
3876	0.0	1.9	0.465
3877	0.0	1.9	0.431
3878	0.0	1.9	0.378
3879	0.0	1.9	0.345
3880	0.0	1.9	0.322
3881	0.0	1.9	0.334
3882	0.0	1.9	0.415
3883	0.0	1.9	0.463
3884	0.0	1.9	0.573
3885	0.0	1.9	0.588
3886	0.0	1.9	0.549
3887	0.0	1.9	0.330
3888	0.0	1.9	0.207
3889	0.0	1.9	0.143
3890	0.0	1.9	0.077
3891	0.0	1.9	0.030
3892	0.0	1.9	0.022
3893	0.0	1.9	0.066
3894	0.0	1.9	0.165
3895	0.0	1.9	0.446
3896	0.0	1.9	0.478
3897	0.0	1.9	0.480
3898	0.0	1.9	0.503
3899	0.0	1.9	0.480
3900	0.0	1.9	0.465
3901	0.0	1.9	0.431
3902	0.0	1.9	0.378
3903	0.0	1.9	0.345
3904	0.0	1.9	0.322
3905	0.0	1.8	0.334
3906	0.0	1.8	0.415
3907	0.0	1.8	0.463
3908	0.0	1.8	0.573
3909	0.0	1.8	0.588
3910	0.0	1.8	0.549
3911	0.0	1.8	0.330
3912	0.0	1.8	0.207
3913	0.0	1.8	0.143
3914	0.0	1.8	0.077
3915	0.0	1.8	0.030
3916	0.0	1.8	0.022
3917	0.0	1.8	0.066
3918	0.0	1.8	0.165
3919	0.0	1.8	0.446
3920	0.0	1.8	0.478
3921	0.0	1.8	0.480
3922	0.0	1.8	0.503
3923	0.0	1.8	0.480
3924	0.0	1.8	0.465
3925	0.0	1.8	0.431
3926	0.0	1.8	0.378
3927	0.0	1.8	0.345
3928	0.0	1.8	0.322
3929	0.0	1.8	0.334
3930	0.0	1.8	0.415
3931	0.0	1.8	0.463
3932	0.0	1.8	0.573
3933	0.0	1.8	0.588
3934	0.0	1.8	0.549
3935	0.0	1.8	0.330
3936	0.0	1.8	0.207
3937	0.0	1.8	0.143
3938	0.0	1.8	0.077
3939	0.0	1.8	0.030
3940	0.0	1.8	0.022
3941	0.0	1.8	0.066
3942	0.0	1.8	0.165
3943	0.0	1.8	0.446
3944	0.0	1.8	0.478
3945	0.0	1.8	0.480
3946	0.0	1.8	0.503
3947	0.0	1.8	0.480
3948	0.0	1.8	0.465
3949	0.0	1.8	0.431
3950	0.0	1.8	0.378
3951	0.0	1.8	0.345
3952	0.0	1.8	0.322
3953	0.0	1.8	0.334
3954	0.0	1.8	0.415
3955	0.0	1.8	0.463
3956	0.0	1.8	0.573
3957	0.0	1.8	0.588
3958	0.0	1.8	0.549
3959	0.0	1.8	0.330
3960	0.0	1.8	0.207
3961	0.0	1.8	0.143
3962	0.0	1.8	0.077
3963	0.0	1.8	0.030
3964	0.0	1.8	0.022
3965	0.0	1.8	0.066
3966	0.0	1.8	0.165
3967	0.0	1.8	0.446
3968	0.0	1.8	0.478
3969	0.0	1.7	0.480
3970	0.0	1.7	0.503
3971	0.0	1.7	0.480
3972	0.0	1.7	0.465
3973	0.0	1.7	0.431
3974	0.0	1.7	0.378
3975	0.0	1.7	0.345
3976	0.0	1.7	0.322
3977	0.0	1.7	0.334
3978	0.0	1.7	0.415
3979	0.0	1.7	0.463
3980	0.0	1.7	0.573
3981	0.0	1.7	0.588
3982	0.0	1.7	0.549
3983	0.0	1.7	0.330
3984	0.0	1.7	0.207
3985	0.0	1.7	0.143
3986	0.0	1.7	0.077
3987	0.0	1.7	0.030
3988	0.0	1.7	0.022
3989	0.0	1.7	0.066
3990	0.0	1.7	0.165
3991	0.0	1.7	0.446
3992	0.0	1.7	0.478
3993	0.0	1.7	0.480
3994	0.0	1.7	0.503
3995	0.0	1.7	0.480
3996	0.0	1.7	0.465
3997	0.0	1.7	0.431
3998	0.0	1.7	0.378
3999	0.0	1.7	0.345
4000	0.0	1.7	0.322
4001	0.0	1.7	0.334
4002	0.0	1.7	0.415
4003	0.0	1.7	0.463
4004	0.0	1.7	0.573
4005	0.0	1.7	0.588
4006	0.0	1.7	0.549
4007	0.0	1.7	0.330
4008	0.0	1.7	0.207
4009	0.0	1.7	0.143
4010	0.0	1.7	0.077
4011	0.0	1.7	0.030
4012	0.0	1.7	0.022
4013	0.0	1.7	0.066
4014	0.0	1.7	0.165
4015	0.0	1.7	0.446
4016	0.0	1.7	0.478
4017	0.0	1.7	0.480
4018	0.0	1.7	0.503
4019	0.0	1.7	0.480
4020	0.0	1.7	0.465
4021	0.0	1.7	0.431
4022	0.0	1.7	0.378
4023	0.0	1.7	0.345
4024	0.0	1.7	0.322
4025	0.0	1.7	0.334
4026	0.0	1.7	0.415
4027	0.0	1.7	0.463
4028	0.0	1.7	0.573
4029	0.0	1.7	0.588
4030	0.0	1.7	0.549
4031	0.0	1.7	0.330
4032	0.0	1.7	0.207
4033	0.0	1.7	0.143
4034	0.0	1.7	0.077
4035	0.0	1.7	0.030
4036	0.0	1.7	0.022
4037	0.0	1.7	0.066
4038	0.0	1.7	0.165
4039	0.0	1.7	0.446
4040	0.0	1.7	0.478
4041	0.0	1.7	0.480
4042	0.0	1.7	0.503
4043	0.0	1.7	0.480
4044	0.0	1.7	0.465
4045	0.0	1.7	0.431
4046	0.0	1.7	0.378
4047	0.0	1.7	0.345
4048	0.0	1.7	0.322
4049	0.0	1.6	0.334
4050	0.0	1.6	0.415
4051	0.0	1.6	0.463
4052	0.0	1.6	0.573
4053	0.0	1.6	0.588
4054	0.0	1.6	0.549
4055	0.0	1.6	0.330
4056	0.0	1.6	0.207
4057	0.0	1.6	0.143
4058	0.0	1.6	0.077
4059	0.0	1.6	0.030
4060	0.0	1.6	0.022
4061	0.0	1.6	0.066
4062	0.0	1.6	0.165
4063	0.0	1.6	0.446
4064	0.0	1.6	0.478
4065	0.0	1.6	0.480
4066	0.0	1.6	0.503
4067	0.0	1.6	0.480
4068	0.0	1.6	0.465
4069	0.0	1.6	0.431
4070	0.0	1.6	0.378
4071	0.0	1.6	0.345
4072	0.0	1.6	0.322
4073	0.0	1.6	0.334
4074	0.0	1.6	0.415
4075	0.0	1.6	0.463
4076	0.0	1.6	0.573
4077	0.0	1.6	0.588
4078	0.0	1.6	0.549
4079	0.0	1.6	0.330
4080	0.0	1.6	0.207
4081	0.0	1.6	0.143
4082	0.0	1.6	0.077
4083	0.0	1.6	0.030
4084	0.0	1.6	0.022
4085	0.0	1.6	0.066
4086	0.0	1.6	0.165
4087	0.0	1.6	0.446
4088	0.0	1.6	0.478
4089	0.0	1.6	0.480
4090	0.0	1.6	0.503
4091	0.0	1.6	0.480
4092	0.0	1.6	0.465
4093	0.0	1.6	0.431
4094	0.0	1.6	0.378
4095	0.0	1.6	0.345
4096	0.0	1.6	0.322
4097	0.0	1.6	0.334
4098	0.0	1.6	0.415
4099	0.0	1.6	0.463
4100	0.0	1.6	0.573
4101	0.0	1.6	0.588
4102	0.0	1.6	0.549
4103	0.0	1.6	0.330
4104	0.0	1.6	0.207
4105	0.0	1.6	0.143
4106	0.0	1.6	0.077
4107	0.0	1.6	0.030
4108	0.0	1.6	0.022
4109	0.0	1.6	0.066
4110	0.0	1.6	0.165
4111	0.0	1.6	0.446
4112	0.0	1.6	0.478
4113	0.0	1.6	0.480
4114	0.0	1.6	0.503
4115	0.0	1.6	0.480
4116	0.0	1.6	0.465
4117	0.0	1.6	0.431
4118	0.0	1.6	0.378
4119	0.0	1.6	0.345
4120	0.0	1.6	0.322
4121	0.0	1.6	0.334
4122	0.0	1.6	0.415
4123	0.0	1.6	0.463
4124	0.0	1.6	0.573
4125	0.0	1.6	0.588
4126	0.0	1.6	0.549
4127	0.0	1.6	0.330
4128	0.0	1.6	0.207
4129	0.0	1.6	0.143
4130	0.0	1.6	0.077
4131	0.0	1.6	0.030
4132	0.0	1.6	0.022
4133	0.0	1.6	0.066
4134	0.0	1.6	0.165
4135	0.0	1.6	0.446
4136	0.0	1.6	0.478
4137	0.0	1.6	0.480
4138	0.0	1.6	0.503
4139	0.0	1.6	0.480
4140	0.0	1.5	0.465
4141	0.0	1.5	0.431
4142	0.0	1.5	0.378
4143	0.0	1.5	0.345
4144	0.0	1.5	0.322
4145	0.0	1.5	0.334
4146	0.0	1.5	0.415
4147	0.0	1.5	0.463
4148	0.0	1.5	0.573
4149	0.0	1.5	0.588
4150	0.0	1.5	0.549
4151	0.0	1.5	0.330
4152	0.0	1.5	0.207
4153	0.0	1.5	0.143
4154	0.0	1.5	0.077
4155	0.0	1.5	0.030
4156	0.0	1.5	0.022
4157	0.0	1.5	0.066
4158	0.0	1.5	0.165
4159	0.0	1.5	0.446
4160	0.0	1.5	0.478
4161	0.0	1.5	0.480
4162	0.0	1.5	0.503
4163	0.0	1.5	0.480
4164	0.0	1.5	0.465
4165	0.0	1.5	0.431
4166	0.0	1.5	0.378
4167	0.0	1.5	0.345
4168	0.0	1.5	0.322
4169	0.0	1.5	0.334
4170	0.0	1.5	0.415
4171	0.0	1.5	0.463
4172	0.0	1.5	0.573
4173	0.0	1.5	0.588
4174	0.0	1.5	0.549
4175	0.0	1.5	0.330
4176	0.0	1.5	0.207
4177	0.0	1.5	0.143
4178	0.0	1.5	0.077
4179	0.0	1.5	0.030
4180	0.0	1.5	0.022
4181	0.0	1.5	0.066
4182	0.0	1.5	0.165
4183	0.0	1.5	0.446
4184	0.0	1.5	0.478
4185	0.0	1.5	0.480
4186	0.0	1.5	0.503
4187	0.0	1.5	0.480
4188	0.0	1.5	0.465
4189	0.0	1.5	0.431
4190	0.0	1.5	0.378
4191	0.0	1.5	0.345
4192	0.0	1.5	0.322
4193	0.0	1.5	0.334
4194	0.0	1.5	0.415
4195	0.0	1.5	0.463
4196	0.0	1.5	0.573
4197	0.0	1.5	0.588
4198	0.0	1.5	0.549
4199	0.0	1.5	0.330
4200	0.0	1.5	0.207
4201	0.0	1.5	0.143
4202	0.0	1.5	0.077
4203	0.0	1.5	0.030
4204	0.0	1.5	0.022
4205	0.0	1.5	0.066
4206	0.0	1.5	0.165
4207	0.0	1.5	0.446
4208	0.0	1.5	0.478
4209	0.0	1.5	0.480
4210	0.0	1.5	0.503
4211	0.0	1.5	0.480
4212	0.0	1.5	0.465
4213	0.0	1.5	0.431
4214	0.0	1.5	0.378
4215	0.0	1.5	0.345
4216	0.0	1.5	0.322
4217	0.0	1.5	0.334
4218	0.0	1.5	0.415
4219	0.0	1.5	0.463
4220	0.0	1.5	0.573
4221	0.0	1.5	0.588
4222	0.0	1.5	0.549
4223	0.0	1.5	0.330
4224	0.0	1.5	0.207
4225	0.0	1.5	0.143
4226	0.0	1.5	0.077
4227	0.0	1.5	0.030
4228	0.0	1.5	0.022
4229	0.0	1.4	0.066
4230	0.0	1.4	0.165
4231	0.0	1.4	0.446
4232	0.0	1.4	0.478
4233	0.0	1.4	0.480
4234	0.0	1.4	0.503
4235	0.0	1.4	0.480
4236	0.0	1.4	0.465
4237	0.0	1.4	0.431
4238	0.0	1.4	0.378
4239	0.0	1.4	0.345
4240	0.0	1.4	0.322
4241	0.0	1.4	0.334
4242	0.0	1.4	0.415
4243	0.0	1.4	0.463
4244	0.0	1.4	0.573
4245	0.0	1.4	0.588
4246	0.0	1.4	0.549
4247	0.0	1.4	0.330
4248	0.0	1.4	0.207
4249	0.0	1.4	0.143
4250	0.0	1.4	0.077
4251	0.0	1.4	0.030
4252	0.0	1.4	0.022
4253	0.0	1.4	0.066
4254	0.0	1.4	0.165
4255	0.0	1.4	0.446
4256	0.0	1.4	0.478
4257	0.0	1.4	0.480
4258	0.0	1.4	0.503
4259	0.0	1.4	0.480
4260	0.0	1.4	0.465
4261	0.0	1.4	0.431
4262	0.0	1.4	0.378
4263	0.0	1.4	0.345
4264	0.0	1.4	0.322
4265	0.0	1.4	0.334
4266	0.0	1.4	0.415
4267	0.0	1.4	0.463
4268	0.0	1.4	0.573
4269	0.0	1.4	0.588
4270	0.0	1.4	0.549
4271	0.0	1.4	0.330
4272	0.0	1.4	0.207
4273	0.0	1.4	0.143
4274	0.0	1.4	0.077
4275	0.0	1.4	0.030
4276	0.0	1.4	0.022
4277	0.0	1.4	0.066
4278	0.0	1.4	0.165
4279	0.0	1.4	0.446
4280	0.0	1.4	0.478
4281	0.0	1.4	0.480
4282	0.0	1.4	0.503
4283	0.0	1.4	0.480
4284	0.0	1.4	0.465
4285	0.0	1.4	0.431
4286	0.0	1.4	0.378
4287	0.0	1.4	0.345
4288	0.0	1.4	0.322
4289	0.0	1.4	0.334
4290	0.0	1.4	0.415
4291	0.0	1.4	0.463
4292	0.0	1.4	0.573
4293	0.0	1.4	0.588
4294	0.0	1.4	0.549
4295	0.0	1.4	0.330
4296	0.0	1.4	0.207
4297	0.0	1.4	0.143
4298	0.0	1.4	0.077
4299	0.0	1.4	0.030
4300	0.0	1.4	0.022
4301	0.0	1.4	0.066
4302	0.0	1.4	0.165
4303	0.0	1.4	0.446
4304	0.0	1.4	0.478
4305	0.0	1.4	0.480
4306	0.0	1.4	0.503
4307	0.0	1.4	0.480
4308	0.0	1.4	0.465
4309	0.0	1.4	0.431
4310	0.0	1.4	0.378
4311	0.0	1.4	0.345
4312	0.0	1.4	0.322
4313	0.0	1.4	0.334
4314	0.0	1.4	0.415
4315	0.0	1.4	0.463
4316	0.0	1.4	0.573
4317	0.0	1.4	0.588
4318	0.0	1.4	0.549
4319	0.0	1.4	0.330
4320	0.0	1.4	0.207
4321	0.0	1.4	0.143
4322	0.0	1.4	0.077
4323	0.0	1.4	0.030
4324	0.0	1.4	0.022
4325	0.0	1.4	0.066
4326	0.0	1.4	0.165
4327	0.0	1.4	0.446
4328	0.0	1.4	0.478
4329	0.0	1.4	0.480
4330	0.0	1.3	0.503
4331	0.0	1.3	0.480
4332	0.0	1.3	0.465
4333	0.0	1.3	0.431
4334	0.0	1.3	0.378
4335	0.0	1.3	0.345
4336	0.0	1.3	0.322
4337	0.0	1.3	0.334
4338	0.0	1.3	0.415
4339	0.0	1.3	0.463
4340	0.0	1.3	0.573
4341	0.0	1.3	0.588
4342	0.0	1.3	0.549
4343	0.0	1.3	0.330
4344	0.0	1.3	0.207
4345	0.0	1.3	0.143
4346	0.0	1.3	0.077
4347	0.0	1.3	0.030
4348	0.0	1.3	0.022
4349	0.0	1.3	0.066
4350	0.0	1.3	0.165
4351	0.0	1.3	0.446
4352	0.0	1.3	0.478
4353	0.0	1.3	0.480
4354	0.0	1.3	0.503
4355	0.0	1.3	0.480
4356	0.0	1.3	0.465
4357	0.0	1.3	0.431
4358	0.0	1.3	0.378
4359	0.0	1.3	0.345
4360	0.0	1.3	0.322
4361	0.0	1.3	0.334
4362	0.0	1.3	0.415
4363	0.0	1.3	0.463
4364	0.0	1.3	0.573
4365	0.0	1.3	0.588
4366	0.0	1.3	0.549
4367	0.0	1.3	0.330
4368	0.0	1.3	0.207
4369	0.0	1.3	0.143
4370	0.0	1.3	0.077
4371	0.0	1.3	0.030
4372	0.0	1.3	0.022
4373	0.0	1.3	0.066
4374	0.0	1.3	0.165
4375	0.0	1.3	0.446
4376	0.0	1.3	0.478
4377	0.0	1.3	0.480
4378	0.0	1.3	0.503
4379	0.0	1.3	0.480
4380	0.0	1.3	0.465
4381	0.0	1.3	0.431
4382	0.0	1.3	0.378
4383	0.0	1.3	0.345
4384	0.0	1.3	0.322
4385	0.0	1.3	0.334
4386	0.0	1.3	0.415
4387	0.0	1.3	0.463
4388	0.0	1.3	0.573
4389	0.0	1.3	0.588
4390	0.0	1.3	0.549
4391	0.0	1.3	0.330
4392	0.0	1.3	0.207
4393	0.0	1.3	0.143
4394	0.0	1.3	0.077
4395	0.0	1.3	0.030
4396	0.0	1.3	0.022
4397	0.0	1.3	0.066
4398	0.0	1.2	0.165
4399	0.0	1.2	0.446
4400	0.0	1.2	0.478
4401	0.0	1.2	0.480
4402	0.0	1.2	0.503
4403	0.0	1.2	0.480
4404	0.0	1.2	0.465
4405	0.0	1.2	0.431
4406	0.0	1.2	0.378
4407	0.0	1.2	0.345
4408	0.0	1.2	0.322
4409	0.0	1.2	0.334
4410	0.0	1.2	0.415
4411	0.0	1.2	0.463
4412	0.0	1.2	0.573
4413	0.0	1.2	0.588
4414	0.0	1.2	0.549
4415	0.0	1.2	0.330
4416	0.0	1.2	0.207
4417	0.0	1.2	0.143
4418	0.0	1.2	0.077
4419	0.0	1.2	0.030
4420	0.0	1.2	0.022
4421	0.0	1.2	0.066
4422	0.0	1.2	0.165
4423	0.0	1.2	0.446
4424	0.0	1.2	0.478
4425	0.0	1.2	0.480
4426	0.0	1.2	0.503
4427	0.0	1.2	0.480
4428	0.0	1.2	0.465
4429	0.0	1.2	0.431
4430	0.0	1.2	0.378
4431	0.0	1.2	0.345
4432	0.0	1.2	0.322
4433	0.0	1.2	0.334
4434	0.0	1.2	0.415
4435	0.0	1.2	0.463
4436	0.0	1.2	0.573
4437	0.0	1.2	0.588
4438	0.0	1.2	0.549
4439	0.0	1.2	0.330
4440	0.0	1.2	0.207
4441	0.0	1.2	0.143
4442	0.0	1.2	0.077
4443	0.0	1.2	0.030
4444	0.0	1.2	0.022
4445	0.0	1.2	0.066
4446	0.0	1.2	0.165
4447	0.0	1.2	0.446
4448	0.0	1.2	0.478
4449	0.0	1.2	0.480
4450	0.0	1.2	0.503
4451	0.0	1.2	0.480
4452	0.0	1.2	0.465
4453	0.0	1.2	0.431
4454	0.0	1.2	0.378
4455	0.0	1.2	0.345
4456	0.0	1.2	0.322
4457	0.0	1.2	0.334
4458	0.0	1.2	0.415
4459	0.0	1.2	0.463
4460	0.0	1.1	0.573
4461	0.0	1.1	0.588
4462	0.0	1.1	0.549
4463	0.0	1.1	0.330
4464	0.0	1.1	0.207
4465	0.0	1.1	0.143
4466	0.0	1.1	0.077
4467	0.0	1.1	0.030
4468	0.0	1.1	0.022
4469	0.0	1.1	0.066
4470	0.0	1.1	0.165
4471	0.0	1.1	0.446
4472	0.0	1.1	0.478
4473	0.0	1.1	0.480
4474	0.0	1.1	0.503
4475	0.0	1.1	0.480
4476	0.0	1.1	0.465
4477	0.0	1.1	0.431
4478	0.0	1.1	0.378
4479	0.0	1.1	0.345
4480	0.0	1.1	0.322
4481	0.0	1.1	0.334
4482	0.0	1.1	0.415
4483	0.0	1.1	0.463
4484	0.0	1.1	0.573
4485	0.0	1.1	0.588
4486	0.0	1.1	0.549
4487	0.0	1.1	0.330
4488	0.0	1.1	0.207
4489	0.0	1.1	0.143
4490	0.0	1.1	0.077
4491	0.0	1.1	0.030
4492	0.0	1.1	0.022
4493	0.0	1.1	0.066
4494	0.0	1.1	0.165
4495	0.0	1.1	0.446
4496	0.0	1.1	0.478
4497	0.0	1.1	0.480
4498	0.0	1.1	0.503
4499	0.0	1.1	0.480
4500	0.0	1.1	0.465
4501	0.0	1.1	0.431
4502	0.0	1.1	0.378
4503	0.0	1.1	0.345
4504	0.0	1.1	0.322
4505	0.0	1.1	0.334
4506	0.0	1.1	0.415
4507	0.0	1.1	0.463
4508	0.0	1.1	0.573
4509	0.0	1.1	0.588
4510	0.0	1.1	0.549
4511	0.0	1.1	0.330
4512	0.0	1.1	0.207
4513	0.0	1.1	0.143
4514	0.0	1.1	0.077
4515	0.0	1.1	0.030
4516	0.0	1.1	0.022
4517	0.0	1.1	0.066
4518	0.0	1.1	0.165
4519	0.0	1.1	0.446
4520	0.0	1.1	0.478
4521	0.0	1.1	0.480
4522	0.0	1.1	0.503
4523	0.0	1.1	0.480
4524	0.0	1.1	0.465
4525	0.0	1.1	0.431
4526	0.0	1.1	0.378
4527	0.0	1.1	0.345
4528	0.0	1.1	0.322
4529	0.0	1.1	0.334
4530	0.0	1.1	0.415
4531	0.0	1.1	0.463
4532	0.0	1.1	0.573
4533	0.0	1.1	0.588
4534	0.0	1.0	0.549
4535	0.0	1.0	0.330
4536	0.0	1.0	0.207
4537	0.0	1.0	0.143
4538	0.0	1.0	0.077
4539	0.0	1.0	0.030
4540	0.0	1.0	0.022
4541	0.0	1.0	0.066
4542	0.0	1.0	0.165
4543	0.0	1.0	0.446
4544	0.0	1.0	0.478
4545	0.0	1.0	0.480
4546	0.0	1.0	0.503
4547	0.0	1.0	0.480
4548	0.0	1.0	0.465
4549	0.0	1.0	0.431
4550	0.0	1.0	0.378
4551	0.0	1.0	0.345
4552	0.0	1.0	0.322
4553	0.0	1.0	0.334
4554	0.0	1.0	0.415
4555	0.0	1.0	0.463
4556	0.0	1.0	0.573
4557	0.0	1.0	0.588
4558	0.0	1.0	0.549
4559	0.0	1.0	0.330
4560	0.0	1.0	0.207
4561	0.0	1.0	0.143
4562	0.0	1.0	0.077
4563	0.0	1.0	0.030
4564	0.0	1.0	0.022
4565	0.0	1.0	0.066
4566	0.0	1.0	0.165
4567	0.0	1.0	0.446
4568	0.0	1.0	0.478
4569	0.0	1.0	0.480
4570	0.0	1.0	0.503
4571	0.0	1.0	0.480
4572	0.0	1.0	0.465
4573	0.0	1.0	0.431
4574	0.0	1.0	0.378
4575	0.0	1.0	0.345
4576	0.0	1.0	0.322
4577	0.0	1.0	0.334
4578	0.0	1.0	0.415
4579	0.0	1.0	0.463
4580	0.0	1.0	0.573
4581	0.0	1.0	0.588
4582	0.0	1.0	0.549
4583	0.0	1.0	0.330
4584	0.0	1.0	0.207
4585	0.0	1.0	0.143
4586	0.0	1.0	0.077
4587	0.0	0.9	0.030
4588	0.0	0.9	0.022
4589	0.0	0.9	0.066
4590	0.0	0.9	0.165
4591	0.0	0.9	0.446
4592	0.0	0.9	0.478
4593	0.0	0.9	0.480
4594	0.0	0.9	0.503
4595	0.0	0.9	0.480
4596	0.0	0.9	0.465
4597	0.0	0.9	0.431
4598	0.0	0.9	0.378
4599	0.0	0.9	0.345
4600	0.0	0.9	0.322
4601	0.0	0.9	0.334
4602	0.0	0.9	0.415
4603	0.0	0.9	0.463
4604	0.0	0.9	0.573
4605	0.0	0.9	0.588
4606	0.0	0.9	0.549
4607	0.0	0.9	0.330
4608	0.0	0.9	0.207
4609	0.0	0.9	0.143
4610	0.0	0.9	0.077
4611	0.0	0.9	0.030
4612	0.0	0.9	0.022
4613	0.0	0.9	0.066
4614	0.0	0.9	0.165
4615	0.0	0.9	0.446
4616	0.0	0.9	0.478
4617	0.0	0.9	0.480
4618	0.0	0.9	0.503
4619	0.0	0.9	0.480
4620	0.0	0.9	0.465
4621	0.0	0.9	0.431
4622	0.0	0.9	0.378
4623	0.0	0.9	0.345
4624	0.0	0.9	0.322
4625	0.0	0.9	0.334
4626	0.0	0.9	0.415
4627	0.0	0.9	0.463
4628	0.0	0.9	0.573
4629	0.0	0.9	0.588
4630	0.0	0.9	0.549
4631	0.0	0.9	0.330
4632	0.0	0.9	0.207
4633	0.0	0.9	0.143
4634	0.0	0.9	0.077
4635	0.0	0.9	0.030
4636	0.0	0.9	0.022
4637	0.0	0.9	0.066
4638	0.0	0.9	0.165
4639	0.0	0.9	0.446
4640	0.0	0.9	0.478
4641	0.0	0.9	0.480
4642	0.0	0.9	0.503
4643	0.0	0.9	0.480
4644	0.0	0.9	0.465
4645	0.0	0.9	0.431
4646	0.0	0.9	0.378
4647	0.0	0.9	0.345
4648	0.0	0.9	0.322
4649	0.0	0.9	0.334
4650	0.0	0.9	0.415
4651	0.0	0.9	0.463
4652	0.0	0.9	0.573
4653	0.0	0.9	0.588
4654	0.0	0.9	0.549
4655	0.0	0.9	0.330
4656	0.0	0.9	0.207
4657	0.0	0.9	0.143
4658	0.0	0.9	0.077
4659	0.0	0.9	0.030
4660	0.0	0.9	0.022
4661	0.0	0.9	0.066
4662	0.0	0.9	0.165
4663	0.0	0.9	0.446
4664	0.0	0.9	0.478
4665	0.0	0.9	0.480
4666	0.0	0.9	0.503
4667	0.0	0.9	0.480
4668	0.0	0.9	0.465
4669	0.0	0.9	0.431
4670	0.0	0.9	0.378
4671	0.0	0.9	0.345
4672	0.0	0.9	0.322
4673	0.0	0.9	0.334
4674	0.0	0.9	0.415
4675	0.0	0.8	0.463
4676	0.0	0.8	0.573
4677	0.0	0.8	0.588
4678	0.0	0.8	0.549
4679	0.0	0.8	0.330
4680	0.0	0.8	0.207
4681	0.0	0.8	0.143
4682	0.0	0.8	0.077
4683	0.0	0.8	0.030
4684	0.0	0.8	0.022
4685	0.0	0.8	0.066
4686	0.0	0.8	0.165
4687	0.0	0.8	0.446
4688	0.0	0.8	0.478
4689	0.0	0.8	0.480
4690	0.0	0.8	0.503
4691	0.0	0.8	0.480
4692	0.0	0.8	0.465
4693	0.0	0.8	0.431
4694	0.0	0.8	0.378
4695	0.0	0.8	0.345
4696	0.0	0.8	0.322
4697	0.0	0.8	0.334
4698	0.0	0.8	0.415
4699	0.0	0.8	0.463
4700	0.0	0.8	0.573
4701	0.0	0.8	0.588
4702	0.0	0.8	0.549
4703	0.0	0.8	0.330
4704	0.0	0.8	0.207
4705	0.0	0.8	0.143
4706	0.0	0.8	0.077
4707	0.0	0.8	0.030
4708	0.0	0.8	0.022
4709	0.0	0.8	0.066
4710	0.0	0.8	0.165
4711	0.0	0.8	0.446
4712	0.0	0.8	0.478
4713	0.0	0.8	0.480
4714	0.0	0.8	0.503
4715	0.0	0.8	0.480
4716	0.0	0.8	0.465
4717	0.0	0.8	0.431
4718	0.0	0.8	0.378
4719	0.0	0.8	0.345
4720	0.0	0.8	0.322
4721	0.0	0.8	0.334
4722	0.0	0.8	0.415
4723	0.0	0.8	0.463
4724	0.0	0.8	0.573
4725	0.0	0.8	0.588
4726	0.0	0.8	0.549
4727	0.0	0.8	0.330
4728	0.0	0.8	0.207
4729	0.0	0.8	0.143
4730	0.0	0.8	0.077
4731	0.0	0.8	0.030
4732	0.0	0.8	0.022
4733	0.0	0.8	0.066
4734	0.0	0.8	0.165
4735	0.0	0.8	0.446
4736	0.0	0.8	0.478
4737	0.0	0.8	0.480
4738	0.0	0.8	0.503
4739	0.0	0.8	0.480
4740	0.0	0.8	0.465
4741	0.0	0.8	0.431
4742	0.0	0.8	0.378
4743	0.0	0.8	0.345
4744	0.0	0.8	0.322
4745	0.0	0.8	0.334
4746	0.0	0.8	0.415
4747	0.0	0.8	0.463
4748	0.0	0.7	0.573
4749	0.0	0.7	0.588
4750	0.0	0.7	0.549
4751	0.0	0.7	0.330
4752	0.0	0.7	0.207
4753	0.0	0.7	0.143
4754	0.0	0.7	0.077
4755	0.0	0.7	0.030
4756	0.0	0.7	0.022
4757	0.0	0.7	0.066
4758	0.0	0.7	0.165
4759	0.0	0.7	0.446
4760	0.0	0.7	0.478
4761	0.0	0.7	0.480
4762	0.0	0.7	0.503
4763	0.0	0.7	0.480
4764	0.0	0.7	0.465
4765	0.0	0.7	0.431
4766	0.0	0.7	0.378
4767	0.0	0.7	0.345
4768	0.0	0.7	0.322
4769	0.0	0.7	0.334
4770	0.0	0.7	0.415
4771	0.0	0.7	0.463
4772	0.0	0.7	0.573
4773	0.0	0.7	0.588
4774	0.0	0.7	0.549
4775	0.0	0.7	0.330
4776	0.0	0.7	0.207
4777	0.0	0.7	0.143
4778	0.0	0.7	0.077
4779	0.0	0.7	0.030
4780	0.0	0.7	0.022
4781	0.0	0.7	0.066
4782	0.0	0.7	0.165
4783	0.0	0.7	0.446
4784	0.0	0.7	0.478
4785	0.0	0.7	0.480
4786	0.0	0.7	0.503
4787	0.0	0.7	0.480
4788	0.0	0.7	0.465
4789	0.0	0.7	0.431
4790	0.0	0.7	0.378
4791	0.0	0.7	0.345
4792	0.0	0.7	0.322
4793	0.0	0.7	0.334
4794	0.0	0.7	0.415
4795	0.0	0.7	0.463
4796	0.0	0.7	0.573
4797	0.0	0.6	0.588
4798	0.0	0.6	0.549
4799	0.0	0.6	0.330
4800	0.0	0.6	0.207
4801	0.0	0.6	0.143
4802	0.0	0.6	0.077
4803	0.0	0.6	0.030
4804	0.0	0.6	0.022
4805	0.0	0.6	0.066
4806	0.0	0.6	0.165
4807	0.0	0.6	0.446
4808	0.0	0.6	0.478
4809	0.0	0.6	0.480
4810	0.0	0.6	0.503
4811	0.0	0.6	0.480
4812	0.0	0.6	0.465
4813	0.0	0.6	0.431
4814	0.0	0.6	0.378
4815	0.0	0.6	0.345
4816	0.0	0.6	0.322
4817	0.0	0.6	0.334
4818	0.0	0.6	0.415
4819	0.0	0.6	0.463
4820	0.0	0.6	0.573
4821	0.0	0.6	0.588
4822	0.0	0.6	0.549
4823	0.0	0.6	0.330
4824	0.0	0.6	0.207
4825	0.0	0.6	0.143
4826	0.0	0.6	0.077
4827	0.0	0.6	0.030
4828	0.0	0.6	0.022
4829	0.0	0.6	0.066
4830	0.0	0.6	0.165
4831	0.0	0.6	0.446
4832	0.0	0.6	0.478
4833	0.0	0.6	0.480
4834	0.0	0.6	0.503
4835	0.0	0.6	0.480
4836	0.0	0.6	0.465
4837	0.0	0.6	0.431
4838	0.0	0.6	0.378
4839	0.0	0.6	0.345
4840	0.0	0.6	0.322
4841	0.0	0.6	0.334
4842	0.0	0.5	0.415
4843	0.0	0.5	0.463
4844	0.0	0.5	0.573
4845	0.0	0.5	0.588
4846	0.0	0.5	0.549
4847	0.0	0.5	0.330
4848	0.0	0.5	0.207
4849	0.0	0.5	0.143
4850	0.0	0.5	0.077
4851	0.0	0.5	0.030
4852	0.0	0.5	0.022
4853	0.0	0.5	0.066
4854	0.0	0.5	0.165
4855	0.0	0.5	0.446
4856	0.0	0.5	0.478
4857	0.0	0.5	0.480
4858	0.0	0.5	0.503
4859	0.0	0.5	0.480
4860	0.0	0.5	0.465
4861	0.0	0.5	0.431
4862	0.0	0.5	0.378
4863	0.0	0.5	0.345
4864	0.0	0.5	0.322
4865	0.0	0.5	0.334
4866	0.0	0.5	0.415
4867	0.0	0.5	0.463
4868	0.0	0.5	0.573
4869	0.0	0.5	0.588
4870	0.0	0.5	0.549
4871	0.0	0.5	0.330
4872	0.0	0.5	0.207
4873	0.0	0.5	0.143
4874	0.0	0.5	0.077
4875	0.0	0.5	0.030
4876	0.0	0.5	0.022
4877	0.0	0.4	0.066
4878	0.0	0.4	0.165
4879	0.0	0.4	0.446
4880	0.0	0.4	0.478
4881	0.0	0.4	0.480
4882	0.0	0.4	0.503
4883	0.0	0.4	0.480
4884	0.0	0.4	0.465
4885	0.0	0.4	0.431
4886	0.0	0.4	0.378
4887	0.0	0.4	0.345
4888	0.0	0.4	0.322
4889	0.0	0.4	0.334
4890	0.0	0.4	0.415
4891	0.0	0.4	0.463
4892	0.0	0.4	0.573
4893	0.0	0.4	0.588
4894	0.0	0.4	0.549
4895	0.0	0.4	0.330
4896	0.0	0.4	0.207
4897	0.0	0.4	0.143
4898	0.0	0.4	0.077
4899	0.0	0.4	0.030
4900	0.0	0.4	0.022
4901	0.0	0.4	0.066
4902	0.0	0.4	0.165
4903	0.0	0.4	0.446
4904	0.0	0.4	0.478
4905	0.0	0.4	0.480
4906	0.0	0.4	0.503
4907	0.0	0.4	0.480
4908	0.0	0.4	0.465
4909	0.0	0.4	0.431
4910	0.0	0.4	0.378
4911	0.0	0.4	0.345
4912	0.0	0.4	0.322
4913	0.0	0.4	0.334
4914	0.0	0.4	0.415
4915	0.0	0.4	0.463
4916	0.0	0.4	0.573
4917	0.0	0.4	0.588
4918	0.0	0.4	0.549
4919	0.0	0.4	0.330
4920	0.0	0.4	0.207
4921	0.0	0.4	0.143
4922	0.0	0.4	0.077
4923	0.0	0.4	0.030
4924	0.0	0.3	0.022
4925	0.0	0.3	0.066
4926	0.0	0.3	0.165
4927	0.0	0.3	0.446
4928	0.0	0.3	0.478
4929	0.0	0.3	0.480
4930	0.0	0.3	0.503
4931	0.0	0.3	0.480
4932	0.0	0.3	0.465
4933	0.0	0.3	0.431
4934	0.0	0.3	0.378
4935	0.0	0.3	0.345
4936	0.0	0.3	0.322
4937	0.0	0.3	0.334
4938	0.0	0.3	0.415
4939	0.0	0.3	0.463
4940	0.0	0.3	0.573
4941	0.0	0.3	0.588
4942	0.0	0.3	0.549
4943	0.0	0.3	0.330
4944	0.0	0.3	0.207
4945	0.0	0.3	0.143
4946	0.0	0.3	0.077
4947	0.0	0.3	0.030
4948	0.0	0.3	0.022
4949	0.0	0.3	0.066
4950	0.0	0.3	0.165
4951	0.0	0.3	0.446
4952	0.0	0.3	0.478
4953	0.0	0.3	0.480
4954	0.0	0.2	0.503
4955	0.0	0.2	0.480
4956	0.0	0.2	0.465
4957	0.0	0.2	0.431
4958	0.0	0.2	0.378
4959	0.0	0.2	0.345
4960	0.0	0.2	0.322
4961	0.0	0.2	0.334
4962	0.0	0.2	0.415
4963	0.0	0.2	0.463
4964	0.0	0.2	0.573
4965	0.0	0.2	0.588
4966	0.0	0.2	0.549
4967	0.0	0.2	0.330
4968	0.0	0.2	0.207
4969	0.0	0.2	0.143
4970	0.0	0.2	0.077
4971	0.0	0.2	0.030
4972	0.0	0.2	0.022
4973	0.0	0.2	0.066
4974	0.0	0.2	0.165
4975	0.0	0.2	0.446
4976	0.0	0.2	0.478
4977	0.0	0.1	0.480
4978	0.0	0.1	0.503
4979	0.0	0.1	0.480
4980	0.0	0.1	0.465
4981	0.0	0.1	0.431
4982	0.0	0.1	0.378
4983	0.0	0.1	0.345
4984	0.0	0.1	0.322
4985	0.0	0.1	0.334
4986	0.0	0.1	0.415
4987	0.0	0.1	0.463
4988	0.0	0.1	0.573
4989	0.0	0.1	0.588
4990	0.0	0.1	0.549
4991	0.0	0.1	0.330
4992	0.0	0.1	0.207
4993	0.0	0.1	0.143
4994	0.0	0.1	0.077
4995	0.0	0.1	0.030
4996	0.0	0.1	0.022
4997	0.0	0.1	0.066
4998	0.0	0.1	0.165
4999	0.0	0.1	0.446
5000	0.0	0.1	0.478
5001	0.0	0.1	0.480
5002	0.0	0.1	0.503
5003	0.0	0.0	0.480
5004	0.0	0.0	0.465
5005	0.0	0.0	0.431
5006	0.0	0.0	0.378
5007	0.0	0.0	0.345
5008	0.0	0.0	0.322
5009	0.0	0.0	0.334
5010	0.0	0.0	0.415
5011	0.0	0.0	0.463
5012	0.0	0.0	0.573
5013	0.0	0.0	0.588
5014	0.0	0.0	0.549
5015	0.0	0.0	0.330
5016	0.0	0.0	0.207
5017	0.0	0.0	0.143
5018	0.0	0.0	0.077
5019	0.0	0.0	0.030
5020	0.0	0.0	0.022
5021	0.0	0.0	0.066
5022	0.0	0.0	0.165
5023	0.0	0.0	0.446
5024	0.0	0.0	0.478
5025	0.0	0.0	0.480
5026	0.0	0.0	0.503
5027	0.0	0.0	0.480
5028	0.0	0.0	0.465
5029	0.0	0.0	0.431
5030	0.0	0.0	0.378
5031	0.0	0.0	0.345
5032	0.0	0.0	0.322
5033	0.0	0.0	0.334
5034	0.0	0.0	0.415
5035	0.0	0.0	0.463
5036	0.0	0.0	0.573
5037	0.0	0.0	0.588
5038	0.0	0.0	0.549
5039	0.0	0.0	0.330
5040	0.0	0.0	0.207
5041	0.0	0.0	0.143
5042	0.0	0.0	0.077
5043	0.0	0.0	0.030
5044	0.0	0.0	0.022
5045	0.0	0.0	0.066
5046	0.0	0.0	0.165
5047	0.0	0.0	0.446
5048	0.0	0.0	0.478
5049	0.0	0.0	0.480
5050	0.0	0.0	0.503
5051	0.0	0.0	0.480
5052	0.0	0.0	0.465
5053	0.0	0.0	0.431
5054	0.0	0.0	0.378
5055	0.0	0.0	0.345
5056	0.0	0.0	0.322
5057	0.0	0.0	0.334
5058	0.0	0.0	0.415
5059	0.0	0.0	0.463
5060	0.0	0.0	0.573
5061	0.0	0.0	0.588
5062	0.0	0.0	0.549
5063	0.0	0.0	0.330
5064	0.0	0.0	0.207
5065	0.0	0.0	0.143
5066	0.0	0.0	0.077
5067	0.0	0.0	0.030
5068	0.0	0.0	0.022
5069	0.0	0.0	0.066
5070	0.0	0.0	0.165
5071	0.0	0.0	0.446
5072	0.0	0.0	0.478
5073	0.0	0.0	0.480
5074	0.0	0.0	0.503
5075	0.0	0.0	0.480
5076	0.0	0.0	0.465
5077	0.0	0.0	0.431
5078	0.0	0.0	0.378
5079	0.0	0.0	0.345
5080	0.0	0.0	0.322
5081	0.0	0.0	0.334
5082	0.0	0.0	0.415
5083	0.0	0.0	0.463
5084	0.0	0.0	0.573
5085	0.0	0.0	0.588
5086	0.0	0.0	0.549
5087	0.0	0.0	0.330
5088	0.0	0.0	0.207
5089	0.0	0.0	0.143
5090	0.0	0.0	0.077
5091	0.0	0.0	0.030
5092	0.0	0.0	0.022
5093	0.0	0.0	0.066
5094	0.0	0.0	0.165
5095	0.0	0.0	0.446
5096	0.0	0.0	0.478
5097	0.0	0.0	0.480
5098	0.0	0.0	0.503
5099	0.0	0.0	0.480
5100	0.0	0.0	0.465
5101	0.0	0.0	0.431
5102	0.0	0.0	0.378
5103	0.0	0.0	0.345
5104	0.0	0.0	0.322
5105	0.0	0.0	0.334
5106	0.0	0.0	0.415
5107	0.0	0.0	0.463
5108	0.0	0.0	0.573
5109	0.0	0.0	0.588
5110	0.0	0.0	0.549
5111	0.0	0.0	0.330
5112	0.0	0.0	0.207
5113	0.0	0.0	0.143
5114	0.0	0.0	0.077
5115	0.0	0.0	0.030
5116	0.0	0.0	0.022
5117	0.0	0.0	0.066
5118	0.0	0.0	0.165
5119	0.0	0.0	0.446
5120	0.0	0.0	0.478
5121	0.0	0.0	0.480
5122	0.0	0.0	0.503
5123	0.0	0.0	0.480
5124	0.0	0.0	0.465
5125	0.0	0.0	0.431
5126	0.0	0.0	0.378
5127	0.0	0.0	0.345
5128	0.0	0.0	0.322
5129	0.0	0.0	0.334
5130	0.0	0.0	0.415
5131	0.0	0.0	0.463
5132	0.0	0.0	0.573
5133	0.0	0.0	0.588
5134	0.0	0.0	0.549
5135	0.0	0.0	0.330
5136	0.0	0.0	0.207
5137	0.0	0.0	0.143
5138	0.0	0.0	0.077
5139	0.0	0.0	0.030
5140	0.0	0.0	0.022
5141	0.0	0.0	0.066
5142	0.0	0.0	0.165
5143	0.0	0.0	0.446
5144	0.0	0.0	0.478
5145	0.0	0.0	0.480
5146	0.0	0.0	0.503
5147	0.0	0.0	0.480
5148	0.0	0.0	0.465
5149	0.0	0.0	0.431
5150	0.0	0.0	0.378
5151	0.0	0.0	0.345
5152	0.0	0.0	0.322
5153	0.0	0.0	0.334
5154	0.0	0.0	0.415
5155	0.0	0.0	0.463
5156	0.0	0.0	0.573
5157	0.0	0.0	0.588
5158	0.0	0.0	0.549
5159	0.0	0.0	0.330
5160	0.0	0.0	0.207
5161	0.0	0.0	0.143
5162	0.0	0.0	0.077
5163	0.0	0.0	0.030
5164	0.0	0.0	0.022
5165	0.0	0.0	0.066
5166	0.0	0.0	0.165
5167	0.0	0.0	0.446
5168	0.0	0.0	0.478
5169	0.0	0.0	0.480
5170	0.0	0.0	0.503
5171	0.0	0.0	0.480
5172	0.0	0.0	0.465
5173	0.0	0.0	0.431
5174	0.0	0.0	0.378
5175	0.0	0.0	0.345
5176	0.0	0.0	0.322
5177	0.0	0.0	0.334
5178	0.0	0.0	0.415
5179	0.0	0.0	0.463
5180	0.0	0.0	0.573
5181	0.0	0.0	0.588
5182	0.0	0.0	0.549
5183	0.0	0.0	0.330
5184	0.0	0.0	0.207
5185	0.0	0.0	0.143
5186	0.0	0.0	0.077
5187	0.0	0.0	0.030
5188	0.0	0.0	0.022
5189	0.0	0.0	0.066
5190	0.0	0.0	0.165
5191	0.0	0.0	0.446
5192	0.0	0.0	0.478
5193	0.0	0.0	0.480
5194	0.0	0.0	0.503
5195	0.0	0.0	0.480
5196	0.0	0.0	0.465
5197	0.0	0.0	0.431
5198	0.0	0.0	0.378
5199	0.0	0.0	0.345
5200	0.0	0.0	0.322
5201	0.0	0.0	0.334
5202	0.0	0.0	0.415
5203	0.0	0.0	0.463
5204	0.0	0.0	0.573
5205	0.0	0.0	0.588
5206	0.0	0.0	0.549
5207	0.0	0.0	0.330
5208	0.0	0.0	0.207
5209	0.0	0.0	0.143
5210	0.0	0.0	0.077
5211	0.0	0.0	0.030
5212	0.0	0.0	0.022
5213	0.0	0.0	0.066
5214	0.0	0.0	0.165
5215	0.0	0.0	0.446
5216	0.0	0.0	0.478
5217	0.0	0.0	0.480
5218	0.0	0.0	0.503
5219	0.0	0.0	0.480
5220	0.0	0.0	0.465
5221	0.0	0.0	0.431
5222	0.0	0.0	0.378
5223	0.0	0.0	0.345
5224	0.0	0.0	0.322
5225	0.0	0.0	0.334
5226	0.0	0.0	0.415
5227	0.0	0.0	0.463
5228	0.0	0.0	0.573
5229	0.0	0.0	0.588
5230	0.0	0.0	0.549
5231	0.0	0.0	0.330
5232	0.0	0.0	0.207
5233	0.0	0.0	0.143
5234	0.0	0.0	0.077
5235	0.0	0.0	0.030
5236	0.0	0.0	0.022
5237	0.0	0.0	0.066
5238	0.0	0.0	0.165
5239	0.0	0.0	0.446
5240	0.0	0.0	0.478
5241	0.0	0.0	0.480
5242	0.0	0.0	0.503
5243	0.0	0.0	0.480
5244	0.0	0.0	0.465
5245	0.0	0.0	0.431
5246	0.0	0.0	0.378
5247	0.0	0.0	0.345
5248	0.0	0.0	0.322
5249	0.0	0.0	0.334
5250	0.0	0.0	0.415
5251	0.0	0.0	0.463
5252	0.0	0.0	0.573
5253	0.0	0.0	0.588
5254	0.0	0.0	0.549
5255	0.0	0.0	0.330
5256	0.0	0.0	0.207
5257	0.0	0.0	0.143
5258	0.0	0.0	0.077
5259	0.0	0.0	0.030
5260	0.0	0.0	0.022
5261	0.0	0.0	0.066
5262	0.0	0.0	0.165
5263	0.0	0.0	0.446
5264	0.0	0.0	0.478
5265	0.0	0.0	0.480
5266	0.0	0.0	0.503
5267	0.0	0.0	0.480
5268	0.0	0.0	0.465
5269	0.0	0.0	0.431
5270	0.0	0.0	0.378
5271	0.0	0.0	0.345
5272	0.0	0.0	0.322
5273	0.0	0.0	0.334
5274	0.0	0.0	0.415
5275	0.0	0.0	0.463
5276	0.0	0.0	0.573
5277	0.0	0.0	0.588
5278	0.0	0.0	0.549
5279	0.0	0.0	0.330
5280	0.0	0.0	0.207
5281	0.0	0.0	0.143
5282	0.0	0.0	0.077
5283	0.0	0.0	0.030
5284	0.0	0.0	0.022
5285	0.0	0.0	0.066
5286	0.0	0.0	0.165
5287	0.0	0.0	0.446
5288	0.0	0.0	0.478
5289	0.0	0.0	0.480
5290	0.0	0.0	0.503
5291	0.0	0.0	0.480
5292	0.0	0.0	0.465
5293	0.0	0.0	0.431
5294	0.0	0.0	0.378
5295	0.0	0.0	0.345
5296	0.0	0.0	0.322
5297	0.0	0.0	0.334
5298	0.0	0.0	0.415
5299	0.0	0.0	0.463
5300	0.0	0.0	0.573
5301	0.0	0.0	0.588
5302	0.0	0.0	0.549
5303	0.0	0.0	0.330
5304	0.0	0.0	0.207
5305	0.0	0.0	0.143
5306	0.0	0.0	0.077
5307	0.0	0.0	0.030
5308	0.0	0.0	0.022
5309	0.0	0.0	0.066
5310	0.0	0.0	0.165
5311	0.0	0.0	0.446
5312	0.0	0.0	0.478
5313	0.0	0.0	0.480
5314	0.0	0.0	0.503
5315	0.0	0.0	0.480
5316	0.0	0.0	0.465
5317	0.0	0.0	0.431
5318	0.0	0.0	0.378
5319	0.0	0.0	0.345
5320	0.0	0.0	0.322
5321	0.0	0.0	0.334
5322	0.0	0.0	0.415
5323	0.0	0.0	0.463
5324	0.0	0.0	0.573
5325	0.0	0.0	0.588
5326	0.0	0.0	0.549
5327	0.0	0.0	0.330
5328	0.0	0.0	0.207
5329	0.0	0.0	0.143
5330	0.0	0.0	0.077
5331	0.0	0.0	0.030
5332	0.0	0.0	0.022
5333	0.0	0.0	0.066
5334	0.0	0.0	0.165
5335	0.0	0.0	0.446
5336	0.0	0.0	0.478
5337	0.0	0.0	0.480
5338	0.0	0.0	0.503
5339	0.0	0.0	0.480
5340	0.0	0.0	0.465
5341	0.0	0.0	0.431
5342	0.0	0.0	0.378
5343	0.0	0.0	0.345
5344	0.0	0.0	0.322
5345	0.0	0.0	0.334
5346	0.0	0.0	0.415
5347	0.0	0.0	0.463
5348	0.0	0.0	0.573
5349	0.0	0.0	0.588
5350	0.0	0.0	0.549
5351	0.0	0.0	0.330
5352	0.0	0.0	0.207
5353	0.0	0.0	0.143
5354	0.0	0.0	0.077
5355	0.0	0.0	0.030
5356	0.0	0.0	0.022
5357	0.0	0.0	0.066
5358	0.0	0.0	0.165
5359	0.0	0.0	0.446
5360	0.0	0.0	0.478
5361	0.0	0.0	0.480
5362	0.0	0.0	0.503
5363	0.0	0.0	0.480
5364	0.0	0.0	0.465
5365	0.0	0.0	0.431
5366	0.0	0.0	0.378
5367	0.0	0.0	0.345
5368	0.0	0.0	0.322
5369	0.0	0.0	0.334
5370	0.0	0.0	0.415
5371	0.0	0.0	0.463
5372	0.0	0.0	0.573
5373	0.0	0.0	0.588
5374	0.0	0.0	0.549
5375	0.0	0.0	0.330
5376	0.0	0.0	0.207
5377	0.0	0.0	0.143
5378	0.0	0.0	0.077
5379	0.0	0.0	0.030
5380	0.0	0.0	0.022
5381	0.0	0.0	0.066
5382	0.0	0.0	0.165
5383	0.0	0.0	0.446
5384	0.0	0.0	0.478
5385	0.0	0.0	0.480
5386	0.0	0.0	0.503
5387	0.0	0.0	0.480
5388	0.0	0.0	0.465
5389	0.0	0.0	0.431
5390	0.0	0.0	0.378
5391	0.0	0.0	0.345
5392	0.0	0.0	0.322
5393	0.0	0.0	0.334
5394	0.0	0.0	0.415
5395	0.0	0.0	0.463
5396	0.0	0.0	0.573
5397	0.0	0.0	0.588
5398	0.0	0.0	0.549
5399	0.0	0.0	0.330
5400	0.0	0.0	0.207
5401	0.0	0.0	0.143
5402	0.0	0.0	0.077
5403	0.0	0.0	0.030
5404	0.0	0.0	0.022
5405	0.0	0.0	0.066
5406	0.0	0.0	0.165
5407	0.0	0.0	0.446
5408	0.0	0.0	0.478
5409	0.0	0.0	0.480
5410	0.0	0.0	0.503
5411	0.0	0.0	0.480
5412	0.0	0.0	0.465
5413	0.0	0.0	0.431
5414	0.0	0.0	0.378
5415	0.0	0.0	0.345
5416	0.0	0.0	0.322
5417	0.0	0.0	0.334
5418	0.0	0.0	0.415
5419	0.0	0.0	0.463
5420	0.0	0.0	0.573
5421	0.0	0.0	0.588
5422	0.0	0.0	0.549
5423	0.0	0.0	0.330
5424	0.0	0.0	0.207
5425	0.0	0.0	0.143
5426	0.0	0.0	0.077
5427	0.0	0.0	0.030
5428	0.0	0.0	0.022
5429	0.0	0.0	0.066
5430	0.0	0.0	0.165
5431	0.0	0.0	0.446
5432	0.0	0.0	0.478
5433	0.0	0.0	0.480
5434	0.0	0.0	0.503
5435	0.0	0.0	0.480
5436	0.0	0.0	0.465
5437	0.0	0.0	0.431
5438	0.0	0.0	0.378
5439	0.0	0.0	0.345
5440	0.0	0.0	0.322
5441	0.0	0.0	0.334
5442	0.0	0.0	0.415
5443	0.0	0.0	0.463
5444	0.0	0.0	0.573
5445	0.0	0.0	0.588
5446	0.0	0.0	0.549
5447	0.0	0.0	0.330
5448	0.0	0.0	0.207
5449	0.0	0.0	0.143
5450	0.0	0.0	0.077
5451	0.0	0.0	0.030
5452	0.0	0.0	0.022
5453	0.0	0.0	0.066
5454	0.0	0.0	0.165
5455	0.0	0.0	0.446
5456	0.0	0.0	0.478
5457	0.0	0.0	0.480
5458	0.0	0.0	0.503
5459	0.0	0.0	0.480
5460	0.0	0.0	0.465
5461	0.0	0.0	0.431
5462	0.0	0.0	0.378
5463	0.0	0.0	0.345
5464	0.0	0.0	0.322
5465	0.0	0.0	0.334
5466	0.0	0.0	0.415
5467	0.0	0.0	0.463
5468	0.0	0.0	0.573
5469	0.0	0.0	0.588
5470	0.0	0.0	0.549
5471	0.0	0.0	0.330
5472	0.0	0.0	0.207
5473	0.0	0.0	0.143
5474	0.0	0.0	0.077
5475	0.0	0.0	0.030
5476	0.0	0.0	0.022
5477	0.0	0.0	0.066
5478	0.0	0.0	0.165
5479	0.0	0.0	0.446
5480	0.0	0.0	0.478
5481	0.0	0.0	0.480
5482	0.0	0.0	0.503
5483	0.0	0.0	0.480
5484	0.0	0.0	0.465
5485	0.0	0.0	0.431
5486	0.0	0.0	0.378
5487	0.0	0.0	0.345
5488	0.0	0.0	0.322
5489	0.0	0.0	0.334
5490	0.0	0.0	0.415
5491	0.0	0.0	0.463
5492	0.0	0.0	0.573
5493	0.0	0.0	0.588
5494	0.0	0.0	0.549
5495	0.0	0.0	0.330
5496	0.0	0.0	0.207
5497	0.0	0.0	0.143
5498	0.0	0.0	0.077
5499	0.0	0.0	0.030
5500	0.0	0.0	0.022
5501	0.0	0.0	0.066
5502	0.0	0.0	0.165
5503	0.0	0.0	0.446
5504	0.0	0.0	0.478
5505	0.0	0.0	0.480
5506	0.0	0.0	0.503
5507	0.0	0.0	0.480
5508	0.0	0.0	0.465
5509	0.0	0.0	0.431
5510	0.0	0.0	0.378
5511	0.0	0.0	0.345
5512	0.0	0.0	0.322
5513	0.0	0.0	0.334
5514	0.0	0.0	0.415
5515	0.0	0.0	0.463
5516	0.0	0.0	0.573
5517	0.0	0.0	0.588
5518	0.0	0.0	0.549
5519	0.0	0.0	0.330
5520	0.0	0.0	0.207
5521	0.0	0.0	0.143
5522	0.0	0.0	0.077
5523	0.0	0.0	0.030
5524	0.0	0.0	0.022
5525	0.0	0.0	0.066
5526	0.0	0.0	0.165
5527	0.0	0.0	0.446
5528	0.0	0.0	0.478
5529	0.0	0.0	0.480
5530	0.0	0.0	0.503
5531	0.0	0.0	0.480
5532	0.0	0.0	0.465
5533	0.0	0.0	0.431
5534	0.0	0.0	0.378
5535	0.0	0.0	0.345
5536	0.0	0.0	0.322
5537	0.0	0.0	0.334
5538	0.0	0.0	0.415
5539	0.0	0.0	0.463
5540	0.0	0.0	0.573
5541	0.0	0.0	0.588
5542	0.0	0.0	0.549
5543	0.0	0.0	0.330
5544	0.0	0.0	0.207
5545	0.0	0.0	0.143
5546	0.0	0.0	0.077
5547	0.0	0.0	0.030
5548	0.0	0.0	0.022
5549	0.0	0.0	0.066
5550	0.0	0.0	0.165
5551	0.0	0.0	0.446
5552	0.0	0.0	0.478
5553	0.0	0.0	0.480
5554	0.0	0.0	0.503
5555	0.0	0.0	0.480
5556	0.0	0.0	0.465
5557	0.0	0.0	0.431
5558	0.0	0.0	0.378
5559	0.0	0.0	0.345
5560	0.0	0.0	0.322
5561	0.0	0.0	0.334
5562	0.0	0.0	0.415
5563	0.0	0.0	0.463
5564	0.0	0.0	0.573
5565	0.0	0.0	0.588
5566	0.0	0.0	0.549
5567	0.0	0.0	0.330
5568	0.0	0.0	0.207
5569	0.0	0.0	0.143
5570	0.0	0.0	0.077
5571	0.0	0.0	0.030
5572	0.0	0.0	0.022
5573	0.0	0.0	0.066
5574	0.0	0.0	0.165
5575	0.0	0.0	0.446
5576	0.0	0.0	0.478
5577	0.0	0.0	0.480
5578	0.0	0.0	0.503
5579	0.0	0.0	0.480
5580	0.0	0.0	0.465
5581	0.0	0.0	0.431
5582	0.0	0.0	0.378
5583	0.0	0.0	0.345
5584	0.0	0.0	0.322
5585	0.0	0.0	0.334
5586	0.0	0.0	0.415
5587	0.0	0.0	0.463
5588	0.0	0.0	0.573
5589	0.0	0.0	0.588
5590	0.0	0.0	0.549
5591	0.0	0.0	0.330
5592	0.0	0.0	0.207
5593	0.0	0.0	0.143
5594	0.0	0.0	0.077
5595	0.0	0.0	0.030
5596	0.0	0.0	0.022
5597	0.0	0.0	0.066
5598	0.0	0.0	0.165
5599	0.0	0.0	0.446
5600	0.0	0.0	0.478
5601	0.0	0.0	0.480
5602	0.0	0.0	0.503
5603	0.0	0.0	0.480
5604	0.0	0.0	0.465
5605	0.0	0.0	0.431
5606	0.0	0.0	0.378
5607	0.0	0.0	0.345
5608	0.0	0.0	0.322
5609	0.0	0.0	0.334
5610	0.0	0.0	0.415
5611	0.0	0.0	0.463
5612	0.0	0.0	0.573
5613	0.0	0.0	0.588
5614	0.0	0.0	0.549
5615	0.0	0.0	0.330
5616	0.0	0.0	0.207
5617	0.0	0.0	0.143
5618	0.0	0.0	0.077
5619	0.0	0.0	0.030
5620	0.0	0.0	0.022
5621	0.0	0.0	0.066
5622	0.0	0.0	0.165
5623	0.0	0.0	0.446
5624	0.0	0.0	0.478
5625	0.0	0.0	0.480
5626	0.0	0.0	0.503
5627	0.0	0.0	0.480
5628	0.0	0.0	0.465
5629	0.0	0.0	0.431
5630	0.0	0.0	0.378
5631	0.0	0.0	0.345
5632	0.0	0.0	0.322
5633	0.0	0.0	0.334
5634	0.0	0.0	0.415
5635	0.0	0.0	0.463
5636	0.0	0.0	0.573
5637	0.0	0.0	0.588
5638	0.0	0.0	0.549
5639	0.0	0.0	0.330
5640	0.0	0.0	0.207
5641	0.0	0.0	0.143
5642	0.0	0.0	0.077
5643	0.0	0.0	0.030
5644	0.0	0.0	0.022
5645	0.0	0.0	0.066
5646	0.0	0.0	0.165
5647	0.0	0.0	0.446
5648	0.0	0.0	0.478
5649	0.0	0.0	0.480
5650	0.0	0.0	0.503
5651	0.0	0.0	0.480
5652	0.0	0.0	0.465
5653	0.0	0.0	0.431
5654	0.0	0.0	0.378
5655	0.0	0.0	0.345
5656	0.0	0.0	0.322
5657	0.0	0.0	0.334
5658	0.0	0.0	0.415
5659	0.0	0.0	0.463
5660	0.0	0.0	0.573
5661	0.0	0.0	0.588
5662	0.0	0.0	0.549
5663	0.0	0.0	0.330
5664	0.0	0.0	0.207
5665	0.0	0.0	0.143
5666	0.0	0.0	0.077
5667	0.0	0.0	0.030
5668	0.0	0.0	0.022
5669	0.0	0.0	0.066
5670	0.0	0.0	0.165
5671	0.0	0.0	0.446
5672	0.0	0.0	0.478
5673	0.0	0.0	0.480
5674	0.0	0.0	0.503
5675	0.0	0.0	0.480
5676	0.0	0.0	0.465
5677	0.0	0.0	0.431
5678	0.0	0.0	0.378
5679	0.0	0.0	0.345
5680	0.0	0.0	0.322
5681	0.0	0.0	0.334
5682	0.0	0.0	0.415
5683	0.0	0.0	0.463
5684	0.0	0.0	0.573
5685	0.0	0.0	0.588
5686	0.0	0.0	0.549
5687	0.0	0.0	0.330
5688	0.0	0.0	0.207
5689	0.0	0.0	0.143
5690	0.0	0.0	0.077
5691	0.0	0.0	0.030
5692	0.0	0.0	0.022
5693	0.0	0.0	0.066
5694	0.0	0.0	0.165
5695	0.0	0.0	0.446
5696	0.0	0.0	0.478
5697	0.0	0.0	0.480
5698	0.0	0.0	0.503
5699	0.0	0.0	0.480
5700	0.0	0.0	0.465
5701	0.0	0.0	0.431
5702	0.0	0.0	0.378
5703	0.0	0.0	0.345
5704	0.0	0.0	0.322
5705	0.0	0.0	0.334
5706	0.0	0.0	0.415
5707	0.0	0.0	0.463
5708	0.0	0.0	0.573
5709	0.0	0.0	0.588
5710	0.0	0.0	0.549
5711	0.0	0.0	0.330
5712	0.0	0.0	0.207
5713	0.0	0.0	0.143
5714	0.0	0.0	0.077
5715	0.0	0.0	0.030
5716	0.0	0.0	0.022
5717	0.0	0.0	0.066
5718	0.0	0.0	0.165
5719	0.0	0.0	0.446
5720	0.0	0.0	0.478
5721	0.0	0.0	0.480
5722	0.0	0.0	0.503
5723	0.0	0.0	0.480
5724	0.0	0.0	0.465
5725	0.0	0.0	0.431
5726	0.0	0.0	0.378
5727	0.0	0.0	0.345
5728	0.0	0.0	0.322
5729	0.0	0.0	0.334
5730	0.0	0.0	0.415
5731	0.0	0.0	0.463
5732	0.0	0.0	0.573
5733	0.0	0.0	0.588
5734	0.0	0.0	0.549
5735	0.0	0.0	0.330
5736	0.0	0.0	0.207
5737	0.0	0.0	0.143
5738	0.0	0.0	0.077
5739	0.0	0.0	0.030
5740	0.0	0.0	0.022
5741	0.0	0.0	0.066
5742	0.0	0.0	0.165
5743	0.0	0.0	0.446
5744	0.0	0.0	0.478
5745	0.0	0.0	0.480
5746	0.0	0.0	0.503
5747	0.0	0.0	0.480
5748	0.0	0.0	0.465
5749	0.0	0.0	0.431
5750	0.0	0.0	0.378
5751	0.0	0.0	0.345
5752	0.0	0.0	0.322
5753	0.0	0.0	0.334
5754	0.0	0.0	0.415
5755	0.0	0.0	0.463
5756	0.0	0.0	0.573
5757	0.0	0.0	0.588
5758	0.0	0.0	0.549
5759	0.0	0.0	0.330
5760	0.0	0.0	0.207
5761	0.0	0.0	0.143
5762	0.0	0.0	0.077
5763	0.0	0.0	0.030
5764	0.0	0.0	0.022
5765	0.0	0.0	0.066
5766	0.0	0.0	0.165
5767	0.0	0.0	0.446
5768	0.0	0.0	0.478
5769	0.0	0.0	0.480
5770	0.0	0.0	0.503
5771	0.0	0.0	0.480
5772	0.0	0.0	0.465
5773	0.0	0.0	0.431
5774	0.0	0.0	0.378
5775	0.0	0.0	0.345
5776	0.0	0.0	0.322
5777	0.0	0.0	0.334
5778	0.0	0.0	0.415
5779	0.0	0.0	0.463
5780	0.0	0.0	0.573
5781	0.0	0.0	0.588
5782	0.0	0.0	0.549
5783	0.0	0.0	0.330
5784	0.0	0.0	0.207
5785	0.0	0.0	0.143
5786	0.0	0.0	0.077
5787	0.0	0.0	0.030
5788	0.0	0.0	0.022
5789	0.0	0.0	0.066
5790	0.0	0.0	0.165
5791	0.0	0.0	0.446
5792	0.0	0.0	0.478
5793	0.0	0.0	0.480
5794	0.0	0.0	0.503
5795	0.0	0.0	0.480
5796	0.0	0.0	0.465
5797	0.0	0.0	0.431
5798	0.0	0.0	0.378
5799	0.0	0.0	0.345
5800	0.0	0.0	0.322
5801	0.0	0.0	0.334
5802	0.0	0.0	0.415
5803	0.0	0.0	0.463
5804	0.0	0.0	0.573
5805	0.0	0.0	0.588
5806	0.0	0.0	0.549
5807	0.0	0.0	0.330
5808	0.0	0.0	0.207
5809	0.0	0.0	0.143
5810	0.0	0.0	0.077
5811	0.0	0.0	0.030
5812	0.0	0.0	0.022
5813	0.0	0.0	0.066
5814	0.0	0.0	0.165
5815	0.0	0.0	0.446
5816	0.0	0.0	0.478
5817	0.0	0.0	0.480
5818	0.0	0.0	0.503
5819	0.0	0.0	0.480
5820	0.0	0.0	0.465
5821	0.0	0.0	0.431
5822	0.0	0.0	0.378
5823	0.0	0.0	0.345
5824	0.0	0.0	0.322
5825	0.0	0.0	0.334
5826	0.0	0.0	0.415
5827	0.0	0.0	0.463
5828	0.0	0.0	0.573
5829	0.0	0.0	0.588
5830	0.0	0.0	0.549
5831	0.0	0.0	0.330
5832	0.0	0.0	0.207
5833	0.0	0.0	0.143
5834	0.0	0.0	0.077
5835	0.0	0.0	0.030
5836	0.0	0.0	0.022
5837	0.0	0.0	0.066
5838	0.0	0.0	0.165
5839	0.0	0.0	0.446
5840	0.0	0.0	0.478
5841	0.0	0.0	0.480
5842	0.0	0.0	0.503
5843	0.0	0.0	0.480
5844	0.0	0.0	0.465
5845	0.0	0.0	0.431
5846	0.0	0.0	0.378
5847	0.0	0.0	0.345
5848	0.0	0.0	0.322
5849	0.0	0.0	0.334
5850	0.0	0.0	0.415
5851	0.0	0.0	0.463
5852	0.0	0.0	0.573
5853	0.0	0.0	0.588
5854	0.0	0.0	0.549
5855	0.0	0.0	0.330
5856	0.0	0.0	0.207
5857	0.0	0.0	0.143
5858	0.0	0.0	0.077
5859	0.0	0.0	0.030
5860	0.0	0.0	0.022
5861	0.0	0.0	0.066
5862	0.0	0.0	0.165
5863	0.0	0.0	0.446
5864	0.0	0.0	0.478
5865	0.0	0.0	0.480
5866	0.0	0.0	0.503
5867	0.0	0.0	0.480
5868	0.0	0.0	0.465
5869	0.0	0.0	0.431
5870	0.0	0.0	0.378
5871	0.0	0.0	0.345
5872	0.0	0.0	0.322
5873	0.0	0.0	0.334
5874	0.0	0.0	0.415
5875	0.0	0.0	0.463
5876	0.0	0.0	0.573
5877	0.0	0.0	0.588
5878	0.0	0.0	0.549
5879	0.0	0.0	0.330
5880	0.0	0.0	0.207
5881	0.0	0.0	0.143
5882	0.0	0.0	0.077
5883	0.0	0.0	0.030
5884	0.0	0.0	0.022
5885	0.0	0.0	0.066
5886	0.0	0.0	0.165
5887	0.0	0.0	0.446
5888	0.0	0.0	0.478
5889	0.0	0.0	0.480
5890	0.0	0.0	0.503
5891	0.0	0.0	0.480
5892	0.0	0.0	0.465
5893	0.0	0.0	0.431
5894	0.0	0.0	0.378
5895	0.0	0.0	0.345
5896	0.0	0.0	0.322
5897	0.0	0.0	0.334
5898	0.0	0.0	0.415
5899	0.0	0.0	0.463
5900	0.0	0.0	0.573
5901	0.0	0.0	0.588
5902	0.0	0.0	0.549
5903	0.0	0.0	0.330
5904	0.0	0.0	0.207
5905	0.0	0.0	0.143
5906	0.0	0.0	0.077
5907	0.0	0.0	0.030
5908	0.0	0.0	0.022
5909	0.0	0.0	0.066
5910	0.0	0.0	0.165
5911	0.0	0.0	0.446
5912	0.0	0.0	0.478
5913	0.0	0.0	0.480
5914	0.0	0.0	0.503
5915	0.0	0.0	0.480
5916	0.0	0.0	0.465
5917	0.0	0.0	0.431
5918	0.0	0.0	0.378
5919	0.0	0.0	0.345
5920	0.0	0.0	0.322
5921	0.0	0.0	0.334
5922	0.0	0.0	0.415
5923	0.0	0.0	0.463
5924	0.0	0.0	0.573
5925	0.0	0.0	0.588
5926	0.0	0.0	0.549
5927	0.0	0.0	0.330
5928	0.0	0.0	0.207
5929	0.0	0.0	0.143
5930	0.0	0.0	0.077
5931	0.0	0.0	0.030
5932	0.0	0.0	0.022
5933	0.0	0.0	0.066
5934	0.0	0.0	0.165
5935	0.0	0.0	0.446
5936	0.0	0.0	0.478
5937	0.0	0.0	0.480
5938	0.0	0.0	0.503
5939	0.0	0.0	0.480
5940	0.0	0.0	0.465
5941	0.0	0.0	0.431
5942	0.0	0.0	0.378
5943	0.0	0.0	0.345
5944	0.0	0.0	0.322
5945	0.0	0.0	0.334
5946	0.0	0.0	0.415
5947	0.0	0.0	0.463
5948	0.0	0.0	0.573
5949	0.0	0.0	0.588
5950	0.0	0.0	0.549
5951	0.0	0.0	0.330
5952	0.0	0.0	0.207
5953	0.0	0.0	0.143
5954	0.0	0.0	0.077
5955	0.0	0.0	0.030
5956	0.0	0.0	0.022
5957	0.0	0.0	0.066
5958	0.0	0.0	0.165
5959	0.0	0.0	0.446
5960	0.0	0.0	0.478
5961	0.0	0.0	0.480
5962	0.0	0.0	0.503
5963	0.0	0.0	0.480
5964	0.0	0.0	0.465
5965	0.0	0.0	0.431
5966	0.0	0.0	0.378
5967	0.0	0.0	0.345
5968	0.0	0.0	0.322
5969	0.0	0.0	0.334
5970	0.0	0.0	0.415
5971	0.0	0.0	0.463
5972	0.0	0.0	0.573
5973	0.0	0.0	0.588
5974	0.0	0.0	0.549
5975	0.0	0.0	0.330
5976	0.0	0.0	0.207
5977	0.0	0.0	0.143
5978	0.0	0.0	0.077
5979	0.0	0.0	0.030
5980	0.0	0.0	0.022
5981	0.0	0.0	0.066
5982	0.0	0.0	0.165
5983	0.0	0.0	0.446
5984	0.0	0.0	0.478
5985	0.0	0.0	0.480
5986	0.0	0.0	0.503
5987	0.0	0.0	0.480
5988	0.0	0.0	0.465
5989	0.0	0.0	0.431
5990	0.0	0.0	0.378
5991	0.0	0.0	0.345
5992	0.0	0.0	0.322
5993	0.0	0.0	0.334
5994	0.0	0.0	0.415
5995	0.0	0.0	0.463
5996	0.0	0.0	0.573
5997	0.0	0.0	0.588
5998	0.0	0.0	0.549
5999	0.0	0.0	0.330
6000	0.0	0.0	0.207
6001	0.0	0.0	0.143
6002	0.0	0.0	0.077
6003	0.0	0.0	0.030
6004	0.0	0.0	0.022
6005	0.0	0.0	0.066
6006	0.0	0.0	0.165
6007	0.0	0.0	0.446
6008	0.0	0.0	0.478
6009	0.0	0.0	0.480
6010	0.0	0.0	0.503
6011	0.0	0.0	0.480
6012	0.0	0.0	0.465
6013	0.0	0.0	0.431
6014	0.0	0.0	0.378
6015	0.0	0.0	0.345
6016	0.0	0.0	0.322
6017	0.0	0.0	0.334
6018	0.0	0.0	0.415
6019	0.0	0.0	0.463
6020	0.0	0.0	0.573
6021	0.0	0.0	0.588
6022	0.0	0.0	0.549
6023	0.0	0.0	0.330
6024	0.0	0.0	0.207
6025	0.0	0.0	0.143
6026	0.0	0.0	0.077
6027	0.0	0.0	0.030
6028	0.0	0.0	0.022
6029	0.0	0.0	0.066
6030	0.0	0.0	0.165
6031	0.0	0.0	0.446
6032	0.0	0.0	0.478
6033	0.0	0.0	0.480
6034	0.0	0.0	0.503
6035	0.0	0.0	0.480
6036	0.0	0.0	0.465
6037	0.0	0.0	0.431
6038	0.0	0.0	0.378
6039	0.0	0.0	0.345
6040	0.0	0.0	0.322
6041	0.0	0.0	0.334
6042	0.0	0.0	0.415
6043	0.0	0.0	0.463
6044	0.0	0.0	0.573
6045	0.0	0.0	0.588
6046	0.0	0.0	0.549
6047	0.0	0.0	0.330
6048	0.0	0.0	0.207
6049	0.0	0.0	0.143
6050	0.0	0.0	0.077
6051	0.0	0.0	0.030
6052	0.0	0.0	0.022
6053	0.0	0.0	0.066
6054	0.0	0.0	0.165
6055	0.0	0.0	0.446
6056	0.0	0.0	0.478
6057	0.0	0.0	0.480
6058	0.0	0.0	0.503
6059	0.0	0.0	0.480
6060	0.0	0.0	0.465
6061	0.0	0.0	0.431
6062	0.0	0.0	0.378
6063	0.0	0.0	0.345
6064	0.0	0.0	0.322
6065	0.0	0.0	0.334
6066	0.0	0.0	0.415
6067	0.0	0.0	0.463
6068	0.0	0.0	0.573
6069	0.0	0.0	0.588
6070	0.0	0.0	0.549
6071	0.0	0.0	0.330
6072	0.0	0.0	0.207
6073	0.0	0.0	0.143
6074	0.0	0.0	0.077
6075	0.0	0.0	0.030
6076	0.0	0.0	0.022
6077	0.0	0.0	0.066
6078	0.0	0.0	0.165
6079	0.0	0.0	0.446
6080	0.0	0.0	0.478
6081	0.0	0.0	0.480
6082	0.0	0.0	0.503
6083	0.0	0.0	0.480
6084	0.0	0.0	0.465
6085	0.0	0.0	0.431
6086	0.0	0.0	0.378
6087	0.0	0.0	0.345
6088	0.0	0.0	0.322
6089	0.0	0.0	0.334
6090	0.0	0.0	0.415
6091	0.0	0.0	0.463
6092	0.0	0.0	0.573
6093	0.0	0.0	0.588
6094	0.0	0.0	0.549
6095	0.0	0.0	0.330
6096	0.0	0.0	0.207
6097	0.0	0.0	0.143
6098	0.0	0.0	0.077
6099	0.0	0.0	0.030
6100	0.0	0.0	0.022
6101	0.0	0.0	0.066
6102	0.0	0.0	0.165
6103	0.0	0.0	0.446
6104	0.0	0.0	0.478
6105	0.0	0.0	0.480
6106	0.0	0.0	0.503
6107	0.0	0.0	0.480
6108	0.0	0.0	0.465
6109	0.0	0.0	0.431
6110	0.0	0.0	0.378
6111	0.0	0.0	0.345
6112	0.0	0.0	0.322
6113	0.0	0.0	0.334
6114	0.0	0.0	0.415
6115	0.0	0.0	0.463
6116	0.0	0.0	0.573
6117	0.0	0.0	0.588
6118	0.0	0.0	0.549
6119	0.0	0.0	0.330
6120	0.0	0.0	0.207
6121	0.0	0.0	0.143
6122	0.0	0.0	0.077
6123	0.0	0.0	0.030
6124	0.0	0.0	0.022
6125	0.0	0.0	0.066
6126	0.0	0.0	0.165
6127	0.0	0.0	0.446
6128	0.0	0.0	0.478
6129	0.0	0.0	0.480
6130	0.0	0.0	0.503
6131	0.0	0.0	0.480
6132	0.0	0.0	0.465
6133	0.0	0.0	0.431
6134	0.0	0.0	0.378
6135	0.0	0.0	0.345
6136	0.0	0.0	0.322
6137	0.0	0.0	0.334
6138	0.0	0.0	0.415
6139	0.0	0.0	0.463
6140	0.0	0.0	0.573
6141	0.0	0.0	0.588
6142	0.0	0.0	0.549
6143	0.0	0.0	0.330
6144	0.0	0.0	0.207
6145	0.0	0.0	0.143
6146	0.0	0.0	0.077
6147	0.0	0.0	0.030
6148	0.0	0.0	0.022
6149	0.0	0.0	0.066
6150	0.0	0.0	0.165
6151	0.0	0.0	0.446
6152	0.0	0.0	0.478
6153	0.0	0.0	0.480
6154	0.0	0.0	0.503
6155	0.0	0.0	0.480
6156	0.0	0.0	0.465
6157	0.0	0.0	0.431
6158	0.0	0.0	0.378
6159	0.0	0.0	0.345
6160	0.0	0.0	0.322
6161	0.0	0.0	0.334
6162	0.0	0.0	0.415
6163	0.0	0.0	0.463
6164	0.0	0.0	0.573
6165	0.0	0.0	0.588
6166	0.0	0.0	0.549
6167	0.0	0.0	0.330
6168	0.0	0.0	0.207
6169	0.0	0.0	0.143
6170	0.0	0.0	0.077
6171	0.0	0.0	0.030
6172	0.0	0.0	0.022
6173	0.0	0.0	0.066
6174	0.0	0.0	0.165
6175	0.0	0.0	0.446
6176	0.0	0.0	0.478
6177	0.0	0.0	0.480
6178	0.0	0.0	0.503
6179	0.0	0.0	0.480
6180	0.0	0.0	0.465
6181	0.0	0.0	0.431
6182	0.0	0.0	0.378
6183	0.0	0.0	0.345
6184	0.0	0.0	0.322
6185	0.0	0.0	0.334
6186	0.0	0.0	0.415
6187	0.0	0.0	0.463
6188	0.0	0.0	0.573
6189	0.0	0.0	0.588
6190	0.0	0.0	0.549
6191	0.0	0.0	0.330
6192	0.0	0.0	0.207
6193	0.0	0.0	0.143
6194	0.0	0.0	0.077
6195	0.0	0.0	0.030
6196	0.0	0.0	0.022
6197	0.0	0.0	0.066
6198	0.0	0.0	0.165
6199	0.0	0.0	0.446
6200	0.0	0.0	0.478
6201	0.0	0.0	0.480
6202	0.0	0.0	0.503
6203	0.0	0.0	0.480
6204	0.0	0.0	0.465
6205	0.0	0.0	0.431
6206	0.0	0.0	0.378
6207	0.0	0.0	0.345
6208	0.0	0.0	0.322
6209	0.0	0.0	0.334
6210	0.0	0.0	0.415
6211	0.0	0.0	0.463
6212	0.0	0.0	0.573
6213	0.0	0.0	0.588
6214	0.0	0.0	0.549
6215	0.0	0.0	0.330
6216	0.0	0.0	0.207
6217	0.0	0.0	0.143
6218	0.0	0.0	0.077
6219	0.0	0.0	0.030
6220	0.0	0.0	0.022
6221	0.0	0.0	0.066
6222	0.0	0.0	0.165
6223	0.0	0.0	0.446
6224	0.0	0.0	0.478
6225	0.0	0.0	0.480
6226	0.0	0.0	0.503
6227	0.0	0.0	0.480
6228	0.0	0.0	0.465
6229	0.0	0.0	0.431
6230	0.0	0.0	0.378
6231	0.0	0.0	0.345
6232	0.0	0.0	0.322
6233	0.0	0.0	0.334
6234	0.0	0.0	0.415
6235	0.0	0.0	0.463
6236	0.0	0.0	0.573
6237	0.0	0.0	0.588
6238	0.0	0.0	0.549
6239	0.0	0.0	0.330
6240	0.0	0.0	0.207
6241	0.0	0.0	0.143
6242	0.0	0.0	0.077
6243	0.0	0.0	0.030
6244	0.0	0.0	0.022
6245	0.0	0.0	0.066
6246	0.0	0.0	0.165
6247	0.0	0.0	0.446
6248	0.0	0.0	0.478
6249	0.0	0.0	0.480
6250	0.0	0.0	0.503
6251	0.0	0.0	0.480
6252	0.0	0.0	0.465
6253	0.0	0.0	0.431
6254	0.0	0.0	0.378
6255	0.0	0.0	0.345
6256	0.0	0.0	0.322
6257	0.0	0.0	0.334
6258	0.0	0.0	0.415
6259	0.0	0.0	0.463
6260	0.0	0.0	0.573
6261	0.0	0.0	0.588
6262	0.0	0.0	0.549
6263	0.0	0.0	0.330
6264	0.0	0.0	0.207
6265	0.0	0.0	0.143
6266	0.0	0.0	0.077
6267	0.0	0.0	0.030
6268	0.0	0.0	0.022
6269	0.0	0.0	0.066
6270	0.0	0.0	0.165
6271	0.0	0.0	0.446
6272	0.0	0.0	0.478
6273	0.0	0.0	0.480
6274	0.0	0.0	0.503
6275	0.0	0.0	0.480
6276	0.0	0.0	0.465
6277	0.0	0.0	0.431
6278	0.0	0.0	0.378
6279	0.0	0.0	0.345
6280	0.0	0.0	0.322
6281	0.0	0.0	0.334
6282	0.0	0.0	0.415
6283	0.0	0.0	0.463
6284	0.0	0.0	0.573
6285	0.0	0.0	0.588
6286	0.0	0.0	0.549
6287	0.0	0.0	0.330
6288	0.0	0.0	0.207
6289	0.0	0.0	0.143
6290	0.0	0.0	0.077
6291	0.0	0.0	0.030
6292	0.0	0.0	0.022
6293	0.0	0.0	0.066
6294	0.0	0.0	0.165
6295	0.0	0.0	0.446
6296	0.0	0.0	0.478
6297	0.0	0.0	0.480
6298	0.0	0.0	0.503
6299	0.0	0.0	0.480
6300	0.0	0.0	0.465
6301	0.0	0.0	0.431
6302	0.0	0.0	0.378
6303	0.0	0.0	0.345
6304	0.0	0.0	0.322
6305	0.0	0.0	0.334
6306	0.0	0.0	0.415
6307	0.0	0.0	0.463
6308	0.0	0.0	0.573
6309	0.0	0.0	0.588
6310	0.0	0.0	0.549
6311	0.0	0.0	0.330
6312	0.0	0.0	0.207
6313	0.0	0.0	0.143
6314	0.0	0.0	0.077
6315	0.0	0.0	0.030
6316	0.0	0.0	0.022
6317	0.0	0.0	0.066
6318	0.0	0.0	0.165
6319	0.0	0.0	0.446
6320	0.0	0.0	0.478
6321	0.0	0.0	0.480
6322	0.0	0.0	0.503
6323	0.0	0.0	0.480
6324	0.0	0.0	0.465
6325	0.0	0.0	0.431
6326	0.0	0.0	0.378
6327	0.0	0.0	0.345
6328	0.0	0.0	0.322
6329	0.0	0.0	0.334
6330	0.0	0.0	0.415
6331	0.0	0.0	0.463
6332	0.0	0.0	0.573
6333	0.0	0.0	0.588
6334	0.0	0.0	0.549
6335	0.0	0.0	0.330
6336	0.0	0.0	0.207
6337	0.0	0.0	0.143
6338	0.0	0.0	0.077
6339	0.0	0.0	0.030
6340	0.0	0.0	0.022
6341	0.0	0.0	0.066
6342	0.0	0.0	0.165
6343	0.0	0.0	0.446
6344	0.0	0.0	0.478
6345	0.0	0.0	0.480
6346	0.0	0.0	0.503
6347	0.0	0.0	0.480
6348	0.0	0.0	0.465
6349	0.0	0.0	0.431
6350	0.0	0.0	0.378
6351	0.0	0.0	0.345
6352	0.0	0.0	0.322
6353	0.0	0.0	0.334
6354	0.0	0.0	0.415
6355	0.0	0.0	0.463
6356	0.0	0.0	0.573
6357	0.0	0.0	0.588
6358	0.0	0.0	0.549
6359	0.0	0.0	0.330
6360	0.0	0.0	0.207
6361	0.0	0.0	0.143
6362	0.0	0.0	0.077
6363	0.0	0.0	0.030
6364	0.0	0.0	0.022
6365	0.0	0.0	0.066
6366	0.0	0.0	0.165
6367	0.0	0.0	0.446
6368	0.0	0.0	0.478
6369	0.0	0.0	0.480
6370	0.0	0.0	0.503
6371	0.0	0.0	0.480
6372	0.0	0.0	0.465
6373	0.0	0.0	0.431
6374	0.0	0.0	0.378
6375	0.0	0.0	0.345
6376	0.0	0.0	0.322
6377	0.0	0.0	0.334
6378	0.0	0.0	0.415
6379	0.0	0.0	0.463
6380	0.0	0.0	0.573
6381	0.0	0.0	0.588
6382	0.0	0.0	0.549
6383	0.0	0.0	0.330
6384	0.0	0.0	0.207
6385	0.0	0.0	0.143
6386	0.0	0.0	0.077
6387	0.0	0.0	0.030
6388	0.0	0.0	0.022
6389	0.0	0.0	0.066
6390	0.0	0.0	0.165
6391	0.0	0.0	0.446
6392	0.0	0.0	0.478
6393	0.0	0.0	0.480
6394	0.0	0.0	0.503
6395	0.0	0.0	0.480
6396	0.0	0.0	0.465
6397	0.0	0.0	0.431
6398	0.0	0.0	0.378
6399	0.0	0.0	0.345
6400	0.0	0.0	0.322
6401	0.0	0.0	0.334
6402	0.0	0.0	0.415
6403	0.0	0.0	0.463
6404	0.0	0.0	0.573
6405	0.0	0.0	0.588
6406	0.0	0.0	0.549
6407	0.0	0.0	0.330
6408	0.0	0.0	0.207
6409	0.0	0.0	0.143
6410	0.0	0.0	0.077
6411	0.0	0.0	0.030
6412	0.0	0.0	0.022
6413	0.0	0.0	0.066
6414	0.0	0.0	0.165
6415	0.0	0.0	0.446
6416	0.0	0.0	0.478
6417	0.0	0.0	0.480
6418	0.0	0.0	0.503
6419	0.0	0.0	0.480
6420	0.0	0.0	0.465
6421	0.0	0.0	0.431
6422	0.0	0.0	0.378
6423	0.0	0.0	0.345
6424	0.0	0.0	0.322
6425	0.0	0.0	0.334
6426	0.0	0.0	0.415
6427	0.0	0.0	0.463
6428	0.0	0.0	0.573
6429	0.0	0.0	0.588
6430	0.0	0.0	0.549
6431	0.0	0.0	0.330
6432	0.0	0.0	0.207
6433	0.0	0.0	0.143
6434	0.0	0.0	0.077
6435	0.0	0.0	0.030
6436	0.0	0.0	0.022
6437	0.0	0.0	0.066
6438	0.0	0.0	0.165
6439	0.0	0.0	0.446
6440	0.0	0.0	0.478
6441	0.0	0.0	0.480
6442	0.0	0.0	0.503
6443	0.0	0.0	0.480
6444	0.0	0.0	0.465
6445	0.0	0.0	0.431
6446	0.0	0.0	0.378
6447	0.0	0.0	0.345
6448	0.0	0.0	0.322
6449	0.0	0.0	0.334
6450	0.0	0.0	0.415
6451	0.0	0.0	0.463
6452	0.0	0.0	0.573
6453	0.0	0.0	0.588
6454	0.0	0.0	0.549
6455	0.0	0.0	0.330
6456	0.0	0.0	0.207
6457	0.0	0.0	0.143
6458	0.0	0.0	0.077
6459	0.0	0.0	0.030
6460	0.0	0.0	0.022
6461	0.0	0.0	0.066
6462	0.0	0.0	0.165
6463	0.0	0.0	0.446
6464	0.0	0.0	0.478
6465	0.0	0.0	0.480
6466	0.0	0.0	0.503
6467	0.0	0.0	0.480
6468	0.0	0.0	0.465
6469	0.0	0.0	0.431
6470	0.0	0.0	0.378
6471	0.0	0.0	0.345
6472	0.0	0.0	0.322
6473	0.0	0.0	0.334
6474	0.0	0.0	0.415
6475	0.0	0.0	0.463
6476	0.0	0.0	0.573
6477	0.0	0.0	0.588
6478	0.0	0.0	0.549
6479	0.0	0.0	0.330
6480	0.0	0.0	0.207
6481	0.0	0.0	0.143
6482	0.0	0.0	0.077
6483	0.0	0.0	0.030
6484	0.0	0.0	0.022
6485	0.0	0.0	0.066
6486	0.0	0.0	0.165
6487	0.0	0.0	0.446
6488	0.0	0.0	0.478
6489	0.0	0.0	0.480
6490	0.0	0.0	0.503
6491	0.0	0.0	0.480
6492	0.0	0.0	0.465
6493	0.0	0.0	0.431
6494	0.0	0.0	0.378
6495	0.0	0.0	0.345
6496	0.0	0.0	0.322
6497	0.0	0.0	0.334
6498	0.0	0.0	0.415
6499	0.0	0.0	0.463
6500	0.0	0.0	0.573
6501	0.0	0.0	0.588
6502	0.0	0.0	0.549
6503	0.0	0.0	0.330
6504	0.0	0.0	0.207
6505	0.0	0.0	0.143
6506	0.0	0.0	0.077
6507	0.0	0.0	0.030
6508	0.0	0.0	0.022
6509	0.0	0.0	0.066
6510	0.0	0.0	0.165
6511	0.0	0.0	0.446
6512	0.0	0.0	0.478
6513	0.0	0.0	0.480
6514	0.0	0.0	0.503
6515	0.0	0.0	0.480
6516	0.0	0.0	0.465
6517	0.0	0.0	0.431
6518	0.0	0.0	0.378
6519	0.0	0.0	0.345
6520	0.0	0.0	0.322
6521	0.0	0.0	0.334
6522	0.0	0.0	0.415
6523	0.0	0.0	0.463
6524	0.0	0.0	0.573
6525	0.0	0.0	0.588
6526	0.0	0.0	0.549
6527	0.0	0.0	0.330
6528	0.0	0.0	0.207
6529	0.0	0.0	0.143
6530	0.0	0.0	0.077
6531	0.0	0.0	0.030
6532	0.0	0.0	0.022
6533	0.0	0.0	0.066
6534	0.0	0.0	0.165
6535	0.0	0.0	0.446
6536	0.0	0.0	0.478
6537	0.0	0.0	0.480
6538	0.0	0.0	0.503
6539	0.0	0.0	0.480
6540	0.0	0.0	0.465
6541	0.0	0.0	0.431
6542	0.0	0.0	0.378
6543	0.0	0.0	0.345
6544	0.0	0.0	0.322
6545	0.0	0.0	0.334
6546	0.0	0.0	0.415
6547	0.0	0.0	0.463
6548	0.0	0.0	0.573
6549	0.0	0.0	0.588
6550	0.0	0.0	0.549
6551	0.0	0.0	0.330
6552	0.0	0.0	0.207
6553	0.0	0.0	0.143
6554	0.0	0.0	0.077
6555	0.0	0.0	0.030
6556	0.0	0.0	0.022
6557	0.0	0.0	0.066
6558	0.0	0.0	0.165
6559	0.0	0.0	0.446
6560	0.0	0.0	0.478
6561	0.0	0.0	0.480
6562	0.0	0.0	0.503
6563	0.0	0.0	0.480
6564	0.0	0.0	0.465
6565	0.0	0.0	0.431
6566	0.0	0.0	0.378
6567	0.0	0.0	0.345
6568	0.0	0.0	0.322
6569	0.0	0.0	0.334
6570	0.0	0.0	0.415
6571	0.0	0.0	0.463
6572	0.0	0.0	0.573
6573	0.0	0.0	0.588
6574	0.0	0.0	0.549
6575	0.0	0.0	0.330
6576	0.0	0.0	0.207
6577	0.0	0.0	0.143
6578	0.1	0.0	0.077
6579	0.1	0.0	0.030
6580	0.1	0.0	0.022
6581	0.2	0.0	0.066
6582	0.4	0.0	0.165
6583	0.4	0.0	0.446
6584	1.2	0.0	0.478
6585	1.3	0.0	0.480
6586	1.2	0.0	0.503
6587	1.1	0.0	0.480
6588	1.1	0.0	0.465
6589	1.0	0.0	0.431
6590	1.1	0.0	0.378
6591	0.9	0.0	0.345
6592	1.0	0.0	0.322
6593	1.1	0.0	0.334
6594	1.4	0.0	0.415
6595	1.6	0.0	0.463
6596	1.7	0.0	0.573
6597	1.9	0.0	0.588
6598	2.1	0.0	0.549
6599	2.2	0.0	0.330
6600	2.3	0.0	0.207
6601	1.6	0.0	0.143
6602	1.7	0.0	0.077
6603	1.7	0.0	0.030
6604	1.7	0.0	0.022
6605	1.7	0.0	0.066
6606	1.8	0.0	0.165
6607	1.9	0.0	0.446
6608	2.8	0.0	0.478
6609	2.7	0.0	0.480
6610	2.5	0.0	0.503
6611	2.3	0.0	0.480
6612	2.1	0.0	0.465
6613	2.0	0.0	0.431
6614	2.0	0.0	0.378
6615	2.1	0.0	0.345
6616	2.1	0.0	0.322
6617	2.2	0.0	0.334
6618	2.3	0.0	0.415
6619	2.4	0.0	0.463
6620	2.6	0.0	0.573
6621	2.8	0.0	0.588
6622	3.0	0.0	0.549
6623	2.9	0.0	0.330
6624	3.0	0.0	0.207
6625	2.2	0.0	0.143
6626	2.3	0.0	0.077
6627	2.3	0.0	0.030
6628	2.2	0.0	0.022
6629	2.3	0.0	0.066
6630	2.3	0.0	0.165
6631	2.3	0.0	0.446
6632	2.9	0.0	0.478
6633	3.0	0.0	0.480
6634	2.8	0.0	0.503
6635	2.6	0.0	0.480
6636	2.4	0.0	0.465
6637	2.2	0.0	0.431
6638	2.0	0.0	0.378
6639	1.9	0.0	0.345
6640	1.9	0.0	0.322
6641	2.1	0.0	0.334
6642	2.3	0.0	0.415
6643	2.6	0.0	0.463
6644	2.8	0.0	0.573
6645	2.9	0.0	0.588
6646	2.9	0.0	0.549
6647	3.0	0.0	0.330
6648	3.0	0.0	0.207
6649	2.3	0.0	0.143
6650	2.3	0.0	0.077
6651	2.3	0.0	0.030
6652	2.3	0.0	0.022
6653	2.3	0.0	0.066
6654	2.3	0.0	0.165
6655	2.2	0.0	0.446
6656	2.9	0.0	0.478
6657	2.7	0.0	0.480
6658	2.4	0.0	0.503
6659	2.1	0.0	0.480
6660	1.8	0.0	0.465
6661	1.7	0.0	0.431
6662	1.5	0.0	0.378
6663	1.4	0.0	0.345
6664	1.4	0.0	0.322
6665	1.5	0.0	0.334
6666	1.8	0.0	0.415
6667	2.2	0.0	0.463
6668	2.4	0.0	0.573
6669	2.7	0.0	0.588
6670	2.7	0.0	0.549
6671	2.8	0.0	0.330
6672	2.9	0.0	0.207
6673	2.2	0.0	0.143
6674	2.2	0.0	0.077
6675	2.2	0.0	0.030
6676	2.2	0.0	0.022
6677	2.3	0.0	0.066
6678	2.3	0.0	0.165
6679	2.4	0.0	0.446
6680	3.0	0.0	0.478
6681	2.9	0.0	0.480
6682	2.8	0.0	0.503
6683	2.5	0.0	0.480
6684	2.2	0.0	0.465
6685	1.9	0.0	0.431
6686	1.6	0.0	0.378
6687	1.5	0.0	0.345
6688	1.6	0.0	0.322
6689	1.6	0.0	0.334
6690	1.8	0.0	0.415
6691	2.0	0.0	0.463
6692	2.2	0.0	0.573
6693	2.2	0.0	0.588
6694	2.1	0.0	0.549
6695	2.3	0.0	0.330
6696	2.4	0.0	0.207
6697	1.6	0.0	0.143
6698	1.7	0.0	0.077
6699	1.8	0.0	0.030
6700	1.8	0.0	0.022
6701	1.9	0.0	0.066
6702	2.0	0.0	0.165
6703	2.0	0.0	0.446
6704	2.7	0.0	0.478
6705	2.6	0.0	0.480
6706	2.4	0.0	0.503
6707	2.2	0.0	0.480
6708	2.1	0.0	0.465
6709	2.0	0.0	0.431
6710	1.9	0.0	0.378
6711	1.9	0.0	0.345
6712	1.9	0.0	0.322
6713	2.0	0.0	0.334
6714	2.3	0.0	0.415
6715	2.6	0.0	0.463
6716	2.8	0.0	0.573
6717	2.8	0.0	0.588
6718	3.0	0.0	0.549
6719	3.1	0.0	0.330
6720	3.2	0.0	0.207
6721	2.5	0.0	0.143
6722	2.5	0.0	0.077
6723	2.5	0.0	0.030
6724	2.5	0.0	0.022
6725	2.5	0.0	0.066
6726	2.6	0.0	0.165
6727	2.6	0.0	0.446
6728	3.4	0.0	0.478
6729	3.3	0.0	0.480
6730	2.9	0.0	0.503
6731	2.7	0.0	0.480
6732	2.5	0.0	0.465
6733	2.3	0.0	0.431
6734	2.1	0.0	0.378
6735	1.9	0.0	0.345
6736	2.1	0.0	0.322
6737	2.1	0.0	0.334
6738	2.2	0.0	0.415
6739	2.4	0.0	0.463
6740	2.5	0.0	0.573
6741	2.6	0.0	0.588
6742	2.6	0.0	0.549
6743	2.7	0.0	0.330
6744	2.7	0.0	0.207
6745	1.9	0.0	0.143
6746	2.0	0.0	0.077
6747	1.9	0.0	0.030
6748	1.9	0.0	0.022
6749	1.9	0.0	0.066
6750	1.9	0.0	0.165
6751	2.0	0.0	0.446
6752	2.8	0.0	0.478
6753	2.6	0.0	0.480
6754	2.4	0.0	0.503
6755	2.2	0.0	0.480
6756	2.0	0.0	0.465
6757	1.7	0.0	0.431
6758	1.6	0.0	0.378
6759	1.5	0.0	0.345
6760	1.4	0.0	0.322
6761	1.5	0.0	0.334
6762	1.7	0.0	0.415
6763	1.9	0.0	0.463
6764	1.9	0.0	0.573
6765	2.1	0.0	0.588
6766	2.2	0.0	0.549
6767	2.3	0.0	0.330
6768	2.5	0.0	0.207
6769	1.8	0.0	0.143
6770	1.9	0.0	0.077
6771	2.0	0.0	0.030
6772	2.1	0.0	0.022
6773	2.2	0.0	0.066
6774	2.3	0.0	0.165
6775	2.3	0.0	0.446
6776	3.1	0.0	0.478
6777	2.9	0.0	0.480
6778	2.7	0.0	0.503
6779	2.3	0.0	0.480
6780	2.1	0.0	0.465
6781	1.9	0.0	0.431
6782	1.7	0.0	0.378
6783	1.5	0.0	0.345
6784	1.6	0.0	0.322
6785	1.8	0.0	0.334
6786	1.9	0.0	0.415
6787	2.3	0.0	0.463
6788	2.3	0.0	0.573
6789	2.5	0.0	0.588
6790	2.6	0.0	0.549
6791	2.6	0.0	0.330
6792	2.7	0.0	0.207
6793	1.9	0.0	0.143
6794	2.0	0.0	0.077
6795	1.9	0.0	0.030
6796	1.9	0.0	0.022
6797	1.9	0.0	0.066
6798	1.8	0.0	0.165
6799	1.9	0.0	0.446
6800	2.6	0.0	0.478
6801	2.5	0.0	0.480
6802	2.2	0.0	0.503
6803	2.1	0.0	0.480
6804	1.8	0.0	0.465
6805	1.7	0.0	0.431
6806	1.6	0.0	0.378
6807	1.6	0.0	0.345
6808	1.4	0.0	0.322
6809	1.5	0.0	0.334
6810	1.6	0.0	0.415
6811	1.9	0.0	0.463
6812	1.9	0.0	0.573
6813	2.0	0.0	0.588
6814	2.0	0.0	0.549
6815	2.1	0.0	0.330
6816	2.1	0.0	0.207
6817	1.4	0.0	0.143
6818	1.4	0.0	0.077
6819	1.4	0.0	0.030
6820	1.5	0.0	0.022
6821	1.4	0.0	0.066
6822	1.4	0.0	0.165
6823	1.4	0.0	0.446
6824	2.2	0.0	0.478
6825	2.2	0.0	0.480
6826	2.1	0.0	0.503
6827	2.0	0.0	0.480
6828	1.7	0.0	0.465
6829	1.6	0.0	0.431
6830	1.6	0.0	0.378
6831	1.3	0.0	0.345
6832	1.4	0.0	0.322
6833	1.4	0.0	0.334
6834	1.4	0.0	0.415
6835	1.4	0.0	0.463
6836	1.4	0.0	0.573
6837	1.6	0.0	0.588
6838	1.7	0.0	0.549
6839	1.7	0.0	0.330
6840	1.7	0.0	0.207
6841	1.1	0.0	0.143
6842	1.0	0.0	0.077
6843	1.1	0.0	0.030
6844	1.1	0.0	0.022
6845	1.1	0.0	0.066
6846	1.0	0.0	0.165
6847	0.9	0.0	0.446
6848	1.7	0.0	0.478
6849	1.5	0.0	0.480
6850	1.3	0.0	0.503
6851	1.2	0.0	0.480
6852	1.0	0.0	0.465
6853	0.9	0.0	0.431
6854	0.8	0.0	0.378
6855	0.9	0.0	0.345
6856	0.9	0.0	0.322
6857	0.8	0.0	0.334
6858	0.8	0.0	0.415
6859	0.8	0.0	0.463
6860	0.9	0.0	0.573
6861	0.8	0.0	0.588
6862	0.8	0.0	0.549
6863	0.8	0.0	0.330
6864	0.8	0.0	0.207
6865	0.0	0.0	0.143
6866	0.0	0.0	0.077
6867	0.0	0.0	0.030
6868	0.0	0.0	0.022
6869	0.0	0.0	0.066
6870	0.0	0.0	0.165
6871	0.0	0.0	0.446
6872	0.0	0.0	0.478
6873	0.0	0.0	0.480
6874	0.0	0.0	0.503
6875	0.0	0.0	0.480
6876	0.0	0.0	0.465
6877	0.0	0.0	0.431
6878	0.0	0.0	0.378
6879	0.0	0.0	0.345
6880	0.0	0.0	0.322
6881	0.0	0.0	0.334
6882	0.0	0.0	0.415
6883	0.0	0.0	0.463
6884	0.0	0.0	0.573
6885	0.0	0.0	0.588
6886	0.0	0.0	0.549
6887	0.0	0.0	0.330
6888	0.0	0.0	0.207
6889	0.6	0.0	0.143
6890	0.6	0.0	0.077
6891	0.6	0.0	0.030
6892	0.7	0.0	0.022
6893	0.9	0.0	0.066
6894	0.8	0.0	0.165
6895	1.0	0.0	0.446
6896	1.5	0.0	0.478
6897	1.4	0.0	0.480
6898	1.2	0.0	0.503
6899	1.0	0.0	0.480
6900	0.7	0.0	0.465
6901	0.5	0.0	0.431
6902	0.3	0.0	0.378
6903	0.2	0.0	0.345
6904	0.2	0.0	0.322
6905	0.4	0.0	0.334
6906	0.6	0.0	0.415
6907	0.8	0.0	0.463
6908	1.1	0.0	0.573
6909	1.1	0.0	0.588
6910	1.4	0.0	0.549
6911	1.5	0.0	0.330
6912	1.7	0.0	0.207
6913	0.8	0.0	0.143
6914	0.9	0.0	0.077
6915	1.0	0.0	0.030
6916	1.0	0.0	0.022
6917	1.0	0.0	0.066
6918	1.0	0.0	0.165
6919	0.9	0.0	0.446
6920	1.6	0.0	0.478
6921	1.4	0.0	0.480
6922	1.3	0.0	0.503
6923	1.1	0.0	0.480
6924	0.9	0.0	0.465
6925	0.6	0.0	0.431
6926	0.4	0.0	0.378
6927	0.4	0.0	0.345
6928	0.3	0.0	0.322
6929	0.3	0.0	0.334
6930	0.5	0.0	0.415
6931	0.7	0.0	0.463
6932	0.7	0.0	0.573
6933	0.7	0.0	0.588
6934	0.8	0.0	0.549
6935	0.8	0.0	0.330
6936	0.8	0.0	0.207
6937	0.1	0.0	0.143
6938	0.3	0.0	0.077
6939	0.3	0.0	0.030
6940	0.3	0.0	0.022
6941	0.3	0.0	0.066
6942	0.4	0.0	0.165
6943	0.4	0.0	0.446
6944	1.2	0.0	0.478
6945	1.1	0.0	0.480
6946	0.8	0.0	0.503
6947	0.6	0.0	0.480
6948	0.4	0.0	0.465
6949	0.3	0.0	0.431
6950	0.3	0.0	0.378
6951	0.3	0.0	0.345
6952	0.3	0.0	0.322
6953	0.4	0.0	0.334
6954	0.5	0.0	0.415
6955	0.7	0.0	0.463
6956	0.9	0.0	0.573
6957	1.0	0.0	0.588
6958	1.2	0.0	0.549
6959	1.2	0.0	0.330
6960	1.5	0.0	0.207
6961	0.7	0.0	0.143
6962	0.8	0.0	0.077
6963	1.0	0.0	0.030
6964	1.1	0.0	0.022
6965	1.2	0.0	0.066
6966	1.3	0.0	0.165
6967	1.4	0.0	0.446
6968	2.2	0.0	0.478
6969	2.2	0.0	0.480
6970	2.1	0.0	0.503
6971	1.8	0.0	0.480
6972	1.6	0.0	0.465
6973	1.5	0.0	0.431
6974	1.4	0.0	0.378
6975	1.5	0.0	0.345
6976	1.6	0.0	0.322
6977	1.6	0.0	0.334
6978	1.9	0.0	0.415
6979	2.2	0.0	0.463
6980	2.3	0.0	0.573
6981	2.5	0.0	0.588
6982	2.7	0.0	0.549
6983	2.8	0.0	0.330
6984	2.9	0.0	0.207
6985	2.3	0.0	0.143
6986	2.4	0.0	0.077
6987	2.4	0.0	0.030
6988	2.5	0.0	0.022
6989	2.6	0.0	0.066
6990	2.5	0.0	0.165
6991	2.4	0.0	0.446
6992	3.1	0.0	0.478
6993	2.9	0.0	0.480
6994	2.7	0.0	0.503
6995	2.4	0.0	0.480
6996	2.1	0.0	0.465
6997	2.0	0.0	0.431
6998	1.7	0.0	0.378
6999	1.6	0.0	0.345
7000	1.7	0.0	0.322
7001	1.7	0.0	0.334
7002	1.9	0.0	0.415
7003	2.2	0.0	0.463
7004	2.4	0.0	0.573
7005	2.5	0.0	0.588
7006	2.6	0.0	0.549
7007	2.7	0.0	0.330
7008	2.8	0.0	0.207
7009	2.2	0.0	0.143
7010	2.1	0.0	0.077
7011	2.3	0.0	0.030
7012	2.4	0.0	0.022
7013	2.5	0.0	0.066
7014	2.6	0.0	0.165
7015	2.7	0.0	0.446
7016	3.4	0.0	0.478
7017	3.3	0.0	0.480
7018	3.1	0.0	0.503
7019	2.8	0.0	0.480
7020	2.6	0.0	0.465
7021	2.3	0.0	0.431
7022	2.2	0.0	0.378
7023	2.1	0.0	0.345
7024	2.2	0.0	0.322
7025	2.3	0.0	0.334
7026	2.5	0.0	0.415
7027	2.7	0.0	0.463
7028	2.7	0.0	0.573
7029	2.6	0.0	0.588
7030	2.7	0.0	0.549
7031	2.9	0.0	0.330
7032	3.0	0.0	0.207
7033	2.1	0.0	0.143
7034	2.1	0.0	0.077
7035	2.2	0.0	0.030
7036	2.2	0.0	0.022
7037	2.2	0.0	0.066
7038	2.2	0.0	0.165
7039	2.2	0.0	0.446
7040	2.8	0.0	0.478
7041	2.6	0.0	0.480
7042	2.6	0.0	0.503
7043	2.4	0.0	0.480
7044	2.0	0.0	0.465
7045	1.9	0.0	0.431
7046	1.9	0.0	0.378
7047	1.8	0.0	0.345
7048	1.8	0.0	0.322
7049	1.8	0.0	0.334
7050	2.0	0.0	0.415
7051	2.2	0.0	0.463
7052	2.3	0.0	0.573
7053	2.5	0.0	0.588
7054	2.6	0.0	0.549
7055	2.7	0.0	0.330
7056	2.8	0.0	0.207
7057	1.9	0.0	0.143
7058	2.0	0.0	0.077
7059	2.2	0.0	0.030
7060	2.3	0.0	0.022
7061	2.2	0.0	0.066
7062	2.2	0.0	0.165
7063	2.1	0.0	0.446
7064	2.8	0.0	0.478
7065	2.7	0.0	0.480
7066	2.5	0.0	0.503
7067	2.3	0.0	0.480
7068	2.1	0.0	0.465
7069	2.0	0.0	0.431
7070	1.8	0.0	0.378
7071	1.8	0.0	0.345
7072	1.8	0.0	0.322
7073	2.0	0.0	0.334
7074	2.0	0.0	0.415
7075	2.3	0.0	0.463
7076	2.5	0.0	0.573
7077	2.6	0.0	0.588
7078	2.6	0.0	0.549
7079	2.8	0.0	0.330
7080	2.9	0.0	0.207
7081	2.2	0.0	0.143
7082	2.2	0.0	0.077
7083	2.3	0.0	0.030
7084	2.2	0.0	0.022
7085	2.2	0.0	0.066
7086	2.2	0.0	0.165
7087	2.3	0.0	0.446
7088	2.8	0.0	0.478
7089	2.5	0.0	0.480
7090	2.4	0.0	0.503
7091	2.1	0.0	0.480
7092	1.9	0.0	0.465
7093	1.7	0.0	0.431
7094	1.6	0.0	0.378
7095	1.5	0.0	0.345
7096	1.6	0.0	0.322
7097	1.6	0.0	0.334
7098	1.7	0.0	0.415
7099	1.8	0.0	0.463
7100	1.9	0.0	0.573
7101	1.9	0.0	0.588
7102	2.1	0.0	0.549
7103	2.1	0.0	0.330
7104	2.1	0.0	0.207
7105	1.4	0.0	0.143
7106	1.4	0.0	0.077
7107	1.5	0.0	0.030
7108	1.6	0.0	0.022
7109	1.6	0.0	0.066
7110	1.6	0.0	0.165
7111	1.5	0.0	0.446
7112	2.5	0.0	0.478
7113	2.3	0.0	0.480
7114	2.1	0.0	0.503
7115	1.9	0.0	0.480
7116	1.6	0.0	0.465
7117	1.5	0.0	0.431
7118	1.5	0.0	0.378
7119	1.6	0.0	0.345
7120	1.7	0.0	0.322
7121	1.8	0.0	0.334
7122	2.1	0.0	0.415
7123	2.2	0.0	0.463
7124	2.2	0.0	0.573
7125	2.3	0.0	0.588
7126	2.3	0.0	0.549
7127	2.2	0.0	0.330
7128	2.3	0.0	0.207
7129	1.6	0.0	0.143
7130	1.7	0.0	0.077
7131	1.7	0.0	0.030
7132	1.7	0.0	0.022
7133	1.6	0.0	0.066
7134	1.6	0.0	0.165
7135	1.5	0.0	0.446
7136	2.3	0.0	0.478
7137	2.1	0.0	0.480
7138	1.9	0.0	0.503
7139	1.7	0.0	0.480
7140	1.6	0.0	0.465
7141	1.2	0.0	0.431
7142	1.1	0.0	0.378
7143	1.1	0.0	0.345
7144	1.1	0.0	0.322
7145	1.4	0.0	0.334
7146	1.4	0.0	0.415
7147	1.6	0.0	0.463
7148	1.7	0.0	0.573
7149	1.8	0.0	0.588
7150	1.8	0.0	0.549
7151	1.9	0.0	0.330
7152	2.0	0.0	0.207
7153	1.4	0.0	0.143
7154	1.5	0.0	0.077
7155	1.5	0.0	0.030
7156	1.6	0.0	0.022
7157	1.6	0.0	0.066
7158	1.6	0.0	0.165
7159	1.5	0.0	0.446
7160	2.0	0.0	0.478
7161	1.9	0.0	0.480
7162	1.5	0.0	0.503
7163	1.3	0.0	0.480
7164	1.1	0.0	0.465
7165	0.8	0.0	0.431
7166	0.7	0.0	0.378
7167	0.8	0.0	0.345
7168	0.8	0.0	0.322
7169	0.8	0.0	0.334
7170	1.1	0.0	0.415
7171	1.3	0.0	0.463
7172	1.3	0.0	0.573
7173	1.5	0.0	0.588
7174	1.6	0.0	0.549
7175	1.6	0.0	0.330
7176	1.8	0.0	0.207
7177	1.1	0.0	0.143
7178	1.1	0.0	0.077
7179	1.0	0.0	0.030
7180	1.0	0.0	0.022
7181	0.9	0.0	0.066
7182	0.8	0.0	0.165
7183	0.8	0.0	0.446
7184	1.5	0.0	0.478
7185	1.4	0.0	0.480
7186	1.1	0.0	0.503
7187	0.9	0.0	0.480
7188	0.6	0.0	0.465
7189	0.2	0.0	0.431
7190	0.0	0.0	0.378
7191	0.0	0.0	0.345
7192	0.0	0.0	0.322
7193	0.0	0.0	0.334
7194	0.1	0.0	0.415
7195	0.3	0.0	0.463
7196	0.5	0.0	0.573
7197	0.5	0.0	0.588
7198	0.7	0.0	0.549
7199	0.8	0.0	0.330
7200	0.8	0.0	0.207
7201	0.1	0.0	0.143
7202	0.4	0.0	0.077
7203	0.3	0.0	0.030
7204	0.4	0.0	0.022
7205	0.4	0.0	0.066
7206	0.5	0.0	0.165
7207	0.7	0.0	0.446
7208	1.5	0.0	0.478
7209	1.3	0.0	0.480
7210	1.2	0.0	0.503
7211	1.0	0.0	0.480
7212	0.8	0.0	0.465
7213	0.6	0.0	0.431
7214	0.6	0.0	0.378
7215	0.4	0.0	0.345
7216	0.3	0.0	0.322
7217	0.4	0.0	0.334
7218	0.6	0.0	0.415
7219	0.9	0.0	0.463
7220	1.2	0.0	0.573
7221	1.2	0.0	0.588
7222	1.2	0.0	0.549
7223	1.4	0.0	0.330
7224	1.5	0.0	0.207
7225	1.0	0.0	0.143
7226	0.9	0.0	0.077
7227	0.9	0.0	0.030
7228	0.9	0.0	0.022
7229	0.9	0.0	0.066
7230	1.0	0.0	0.165
7231	0.9	0.0	0.446
7232	1.6	0.0	0.478
7233	1.4	0.0	0.480
7234	1.2	0.0	0.503
7235	1.2	0.0	0.480
7236	0.9	0.0	0.465
7237	0.7	0.0	0.431
7238	0.7	0.0	0.378
7239	0.7	0.0	0.345
7240	0.7	0.0	0.322
7241	0.6	0.0	0.334
7242	0.6	0.0	0.415
7243	0.7	0.0	0.463
7244	0.9	0.0	0.573
7245	0.8	0.0	0.588
7246	0.8	0.0	0.549
7247	0.9	0.0	0.330
7248	0.9	0.0	0.207
7249	0.2	0.0	0.143
7250	0.2	0.0	0.077
7251	0.3	0.0	0.030
7252	0.4	0.0	0.022
7253	0.4	0.0	0.066
7254	0.4	0.0	0.165
7255	0.4	0.0	0.446
7256	1.1	0.0	0.478
7257	1.2	0.0	0.480
7258	1.1	0.0	0.503
7259	0.9	0.0	0.480
7260	0.8	0.0	0.465
7261	0.6	0.0	0.431
7262	0.6	0.0	0.378
7263	0.7	0.0	0.345
7264	0.6	0.0	0.322
7265	0.9	0.0	0.334
7266	1.0	0.0	0.415
7267	1.0	0.0	0.463
7268	1.1	0.0	0.573
7269	1.3	0.0	0.588
7270	1.3	0.0	0.549
7271	1.3	0.0	0.330
7272	1.4	0.0	0.207
7273	0.7	0.0	0.143
7274	0.7	0.0	0.077
7275	0.6	0.0	0.030
7276	0.6	0.0	0.022
7277	0.5	0.0	0.066
7278	0.6	0.0	0.165
7279	0.6	0.0	0.446
7280	1.3	0.0	0.478
7281	1.3	0.0	0.480
7282	1.2	0.0	0.503
7283	1.3	0.0	0.480
7284	1.3	0.0	0.465
7285	1.3	0.0	0.431
7286	1.3	0.0	0.378
7287	1.3	0.0	0.345
7288	1.2	0.0	0.322
7289	1.2	0.0	0.334
7290	1.3	0.0	0.415
7291	1.4	0.0	0.463
7292	1.4	0.0	0.573
7293	1.3	0.0	0.588
7294	1.4	0.0	0.549
7295	1.4	0.0	0.330
7296	1.4	0.0	0.207
7297	0.9	0.0	0.143
7298	1.2	0.0	0.077
7299	1.4	0.0	0.030
7300	1.4	0.0	0.022
7301	1.7	0.0	0.066
7302	1.9	0.0	0.165
7303	2.0	0.0	0.446
7304	3.3	0.0	0.478
7305	3.3	0.0	0.480
7306	3.5	0.0	0.503
7307	3.5	0.0	0.480
7308	3.3	0.0	0.465
7309	3.3	0.0	0.431
7310	3.3	0.0	0.378
7311	3.4	0.0	0.345
7312	3.4	0.0	0.322
7313	3.6	0.0	0.334
7314	4.0	0.0	0.415
7315	4.4	0.0	0.463
7316	4.2	0.0	0.573
7317	4.3	0.0	0.588
7318	4.4	0.0	0.549
7319	4.5	0.0	0.330
7320	4.7	0.0	0.207
7321	3.6	0.0	0.143
7322	3.7	0.0	0.077
7323	3.8	0.0	0.030
7324	3.9	0.0	0.022
7325	3.8	0.0	0.066
7326	3.7	0.0	0.165
7327	3.8	0.0	0.446
7328	4.9	0.0	0.478
7329	4.6	0.0	0.480
7330	4.3	0.0	0.503
7331	3.9	0.0	0.480
7332	3.4	0.0	0.465
7333	3.3	0.0	0.431
7334	3.0	0.0	0.378
7335	2.9	0.0	0.345
7336	2.9	0.0	0.322
7337	2.9	0.0	0.334
7338	3.1	0.0	0.415
7339	3.1	0.0	0.463
7340	3.3	0.0	0.573
7341	3.4	0.0	0.588
7342	3.4	0.0	0.549
7343	3.7	0.0	0.330
7344	3.7	0.0	0.207
7345	2.5	0.0	0.143
7346	2.5	0.0	0.077
7347	2.6	0.0	0.030
7348	2.6	0.0	0.022
7349	2.5	0.0	0.066
7350	2.6	0.0	0.165
7351	2.6	0.0	0.446
7352	3.7	0.0	0.478
7353	3.6	0.0	0.480
7354	3.5	0.0	0.503
7355	3.4	0.0	0.480
7356	3.1	0.0	0.465
7357	3.0	0.0	0.431
7358	2.8	0.0	0.378
7359	2.6	0.0	0.345
7360	2.6	0.0	0.322
7361	2.6	0.0	0.334
7362	2.6	0.0	0.415
7363	2.5	0.0	0.463
7364	2.4	0.0	0.573
7365	2.5	0.0	0.588
7366	2.5	0.0	0.549
7367	2.5	0.0	0.330
7368	2.3	0.0	0.207
7369	0.8	0.0	0.143
7370	0.8	0.0	0.077
7371	0.9	0.0	0.030
7372	1.1	0.0	0.022
7373	1.4	0.0	0.066
7374	1.6	0.0	0.165
7375	1.4	0.0	0.446
7376	2.6	0.0	0.478
7377	2.7	0.0	0.480
7378	2.4	0.0	0.503
7379	2.1	0.0	0.480
7380	1.7	0.0	0.465
7381	1.4	0.0	0.431
7382	1.1	0.0	0.378
7383	1.2	0.0	0.345
7384	1.2	0.0	0.322
7385	1.4	0.0	0.334
7386	1.7	0.0	0.415
7387	2.0	0.0	0.463
7388	1.9	0.0	0.573
7389	1.8	0.0	0.588
7390	1.9	0.0	0.549
7391	2.1	0.0	0.330
7392	2.3	0.0	0.207
7393	0.9	0.0	0.143
7394	1.0	0.0	0.077
7395	0.9	0.0	0.030
7396	1.0	0.0	0.022
7397	1.1	0.0	0.066
7398	1.1	0.0	0.165
7399	0.9	0.0	0.446
7400	2.1	0.0	0.478
7401	2.1	0.0	0.480
7402	2.1	0.0	0.503
7403	2.1	0.0	0.480
7404	1.9	0.0	0.465
7405	1.5	0.0	0.431
7406	1.4	0.0	0.378
7407	1.3	0.0	0.345
7408	1.5	0.0	0.322
7409	1.7	0.0	0.334
7410	1.9	0.0	0.415
7411	2.0	0.0	0.463
7412	2.1	0.0	0.573
7413	2.1	0.0	0.588
7414	2.0	0.0	0.549
7415	2.0	0.0	0.330
7416	1.8	0.0	0.207
7417	0.4	0.0	0.143
7418	0.6	0.0	0.077
7419	0.8	0.0	0.030
7420	0.8	0.0	0.022
7421	0.9	0.0	0.066
7422	1.1	0.0	0.165
7423	0.8	0.0	0.446
7424	2.0	0.0	0.478
7425	1.9	0.0	0.480
7426	1.9	0.0	0.503
7427	1.9	0.0	0.480
7428	2.0	0.0	0.465
7429	1.7	0.0	0.431
7430	1.7	0.0	0.378
7431	1.6	0.0	0.345
7432	1.8	0.0	0.322
7433	2.1	0.0	0.334
7434	2.2	0.0	0.415
7435	2.3	0.0	0.463
7436	2.6	0.0	0.573
7437	2.9	0.0	0.588
7438	3.0	0.0	0.549
7439	2.9	0.0	0.330
7440	3.2	0.0	0.207
7441	2.1	0.0	0.143
7442	2.2	0.0	0.077
7443	2.4	0.0	0.030
7444	2.6	0.0	0.022
7445	2.8	0.0	0.066
7446	3.2	0.0	0.165
7447	3.4	0.0	0.446
7448	4.5	0.0	0.478
7449	4.6	0.0	0.480
7450	4.4	0.0	0.503
7451	4.0	0.0	0.480
7452	3.7	0.0	0.465
7453	3.5	0.0	0.431
7454	3.2	0.0	0.378
7455	3.2	0.0	0.345
7456	3.4	0.0	0.322
7457	3.7	0.0	0.334
7458	4.2	0.0	0.415
7459	4.4	0.0	0.463
7460	4.6	0.0	0.573
7461	4.8	0.0	0.588
7462	5.2	0.0	0.549
7463	5.5	0.0	0.330
7464	5.6	0.0	0.207
7465	4.6	0.0	0.143
7466	4.7	0.0	0.077
7467	4.8	0.0	0.030
7468	4.9	0.0	0.022
7469	5.0	0.0	0.066
7470	5.0	0.0	0.165
7471	4.9	0.0	0.446
7472	6.1	0.0	0.478
7473	6.1	0.0	0.480
7474	6.0	0.0	0.503
7475	5.9	0.0	0.480
7476	5.9	0.0	0.465
7477	5.5	0.0	0.431
7478	5.5	0.0	0.378
7479	5.4	0.0	0.345
7480	5.4	0.0	0.322
7481	5.4	0.0	0.334
7482	5.5	0.0	0.415
7483	5.5	0.0	0.463
7484	5.6	0.0	0.573
7485	5.5	0.0	0.588
7486	5.5	0.0	0.549
7487	5.6	0.0	0.330
7488	5.7	0.0	0.207
7489	4.4	0.0	0.143
7490	4.5	0.0	0.077
7491	4.5	0.0	0.030
7492	4.7	0.0	0.022
7493	4.6	0.0	0.066
7494	4.5	0.0	0.165
7495	4.4	0.0	0.446
7496	5.9	0.0	0.478
7497	5.9	0.0	0.480
7498	5.4	0.0	0.503
7499	5.2	0.0	0.480
7500	4.7	0.0	0.465
7501	4.4	0.0	0.431
7502	4.4	0.0	0.378
7503	4.3	0.0	0.345
7504	4.5	0.0	0.322
7505	4.7	0.0	0.334
7506	4.9	0.0	0.415
7507	5.2	0.0	0.463
7508	5.4	0.0	0.573
7509	5.7	0.0	0.588
7510	5.9	0.0	0.549
7511	5.9	0.0	0.330
7512	6.1	0.0	0.207
7513	5.0	0.0	0.143
7514	4.8	0.0	0.077
7515	4.8	0.0	0.030
7516	4.8	0.0	0.022
7517	4.8	0.0	0.066
7518	4.8	0.0	0.165
7519	4.8	0.0	0.446
7520	6.0	0.0	0.478
7521	5.9	0.0	0.480
7522	5.7	0.0	0.503
7523	5.6	0.0	0.480
7524	5.5	0.0	0.465
7525	5.5	0.0	0.431
7526	5.3	0.0	0.378
7527	5.1	0.0	0.345
7528	5.3	0.0	0.322
7529	5.5	0.0	0.334
7530	5.5	0.0	0.415
7531	5.5	0.0	0.463
7532	5.5	0.0	0.573
7533	5.6	0.0	0.588
7534	5.8	0.0	0.549
7535	5.6	0.0	0.330
7536	5.7	0.0	0.207
7537	4.2	0.0	0.143
7538	4.5	0.0	0.077
7539	4.7	0.0	0.030
7540	4.6	0.0	0.022
7541	4.6	0.0	0.066
7542	4.6	0.0	0.165
7543	4.6	0.0	0.446
7544	6.0	0.0	0.478
7545	6.1	0.0	0.480
7546	6.0	0.0	0.503
7547	6.0	0.0	0.480
7548	5.9	0.0	0.465
7549	5.8	0.0	0.431
7550	5.5	0.0	0.378
7551	5.5	0.0	0.345
7552	5.7	0.0	0.322
7553	5.7	0.0	0.334
7554	6.2	0.0	0.415
7555	6.5	0.0	0.463
7556	6.3	0.0	0.573
7557	6.4	0.0	0.588
7558	6.6	0.0	0.549
7559	6.7	0.0	0.330
7560	7.0	0.0	0.207
7561	5.7	0.0	0.143
7562	5.7	0.0	0.077
7563	5.8	0.0	0.030
7564	5.8	0.0	0.022
7565	5.9	0.0	0.066
7566	6.0	0.0	0.165
7567	6.1	0.0	0.446
7568	7.5	0.0	0.478
7569	7.5	0.0	0.480
7570	7.7	0.0	0.503
7571	7.8	0.0	0.480
7572	7.7	0.0	0.465
7573	7.8	0.0	0.431
7574	7.8	0.0	0.378
7575	7.5	0.0	0.345
7576	7.4	0.0	0.322
7577	7.7	0.0	0.334
7578	7.7	0.0	0.415
7579	7.5	0.0	0.463
7580	7.4	0.0	0.573
7581	7.6	0.0	0.588
7582	7.5	0.0	0.549
7583	7.5	0.0	0.330
7584	7.8	0.0	0.207
7585	6.5	0.0	0.143
7586	6.6	0.0	0.077
7587	6.7	0.0	0.030
7588	6.6	0.0	0.022
7589	6.5	0.0	0.066
7590	6.3	0.0	0.165
7591	6.1	0.0	0.446
7592	7.2	0.0	0.478
7593	7.2	0.0	0.480
7594	7.3	0.0	0.503
7595	7.0	0.0	0.480
7596	6.7	0.0	0.465
7597	6.5	0.0	0.431
7598	6.1	0.0	0.378
7599	5.9	0.0	0.345
7600	5.9	0.0	0.322
7601	5.7	0.0	0.334
7602	5.7	0.0	0.415
7603	5.8	0.0	0.463
7604	6.0	0.0	0.573
7605	6.0	0.0	0.588
7606	5.8	0.0	0.549
7607	5.7	0.0	0.330
7608	5.8	0.0	0.207
7609	4.4	0.0	0.143
7610	4.4	0.0	0.077
7611	4.4	0.0	0.030
7612	4.6	0.0	0.022
7613	4.9	0.0	0.066
7614	5.0	0.0	0.165
7615	5.0	0.0	0.446
7616	6.2	0.0	0.478
7617	6.0	0.0	0.480
7618	5.9	0.0	0.503
7619	5.4	0.0	0.480
7620	5.1	0.0	0.465
7621	4.9	0.0	0.431
7622	4.7	0.0	0.378
7623	4.4	0.0	0.345
7624	4.4	0.0	0.322
7625	4.7	0.0	0.334
7626	4.8	0.0	0.415
7627	4.9	0.0	0.463
7628	5.0	0.0	0.573
7629	4.9	0.0	0.588
7630	4.9	0.0	0.549
7631	5.0	0.0	0.330
7632	4.9	0.0	0.207
7633	3.7	0.0	0.143
7634	3.8	0.0	0.077
7635	3.8	0.0	0.030
7636	3.8	0.0	0.022
7637	3.7	0.0	0.066
7638	3.6	0.0	0.165
7639	3.8	0.0	0.446
7640	4.9	0.0	0.478
7641	4.5	0.0	0.480
7642	4.4	0.0	0.503
7643	4.0	0.0	0.480
7644	4.1	0.0	0.465
7645	3.8	0.0	0.431
7646	3.5	0.0	0.378
7647	3.4	0.0	0.345
7648	3.4	0.0	0.322
7649	3.3	0.0	0.334
7650	3.5	0.0	0.415
7651	3.9	0.0	0.463
7652	4.0	0.0	0.573
7653	3.9	0.0	0.588
7654	4.0	0.0	0.549
7655	3.9	0.0	0.330
7656	3.8	0.0	0.207
7657	2.6	0.0	0.143
7658	2.4	0.0	0.077
7659	2.5	0.0	0.030
7660	2.5	0.0	0.022
7661	2.5	0.0	0.066
7662	2.4	0.0	0.165
7663	2.5	0.0	0.446
7664	3.8	0.0	0.478
7665	3.6	0.0	0.480
7666	3.5	0.0	0.503
7667	3.2	0.0	0.480
7668	3.0	0.0	0.465
7669	2.7	0.0	0.431
7670	2.6	0.0	0.378
7671	2.3	0.0	0.345
7672	2.5	0.0	0.322
7673	2.6	0.0	0.334
7674	3.0	0.0	0.415
7675	3.0	0.0	0.463
7676	3.1	0.0	0.573
7677	2.9	0.0	0.588
7678	3.0	0.0	0.549
7679	3.0	0.0	0.330
7680	3.1	0.0	0.207
7681	1.8	0.0	0.143
7682	1.9	0.0	0.077
7683	1.7	0.0	0.030
7684	1.7	0.0	0.022
7685	1.7	0.0	0.066
7686	1.8	0.0	0.165
7687	1.7	0.0	0.446
7688	3.4	0.0	0.478
7689	3.4	0.0	0.480
7690	3.4	0.0	0.503
7691	3.5	0.0	0.480
7692	3.4	0.0	0.465
7693	3.4	0.0	0.431
7694	3.3	0.0	0.378
7695	3.4	0.0	0.345
7696	3.5	0.0	0.322
7697	3.7	0.0	0.334
7698	4.0	0.0	0.415
7699	4.0	0.0	0.463
7700	4.4	0.0	0.573
7701	4.2	0.0	0.588
7702	4.3	0.0	0.549
7703	4.3	0.0	0.330
7704	4.1	0.0	0.207
7705	3.0	0.0	0.143
7706	3.0	0.0	0.077
7707	3.0	0.0	0.030
7708	3.3	0.0	0.022
7709	3.2	0.0	0.066
7710	3.2	0.0	0.165
7711	3.2	0.0	0.446
7712	4.5	0.0	0.478
7713	4.5	0.0	0.480
7714	4.5	0.0	0.503
7715	4.3	0.0	0.480
7716	3.9	0.0	0.465
7717	3.6	0.0	0.431
7718	3.5	0.0	0.378
7719	3.7	0.0	0.345
7720	3.7	0.0	0.322
7721	4.0	0.0	0.334
7722	4.1	0.0	0.415
7723	4.2	0.0	0.463
7724	4.6	0.0	0.573
7725	4.8	0.0	0.588
7726	4.9	0.0	0.549
7727	4.9	0.0	0.330
7728	5.1	0.0	0.207
7729	4.0	0.0	0.143
7730	4.2	0.0	0.077
7731	4.4	0.0	0.030
7732	4.5	0.0	0.022
7733	4.7	0.0	0.066
7734	5.0	0.0	0.165
7735	5.1	0.0	0.446
7736	6.4	0.0	0.478
7737	6.4	0.0	0.480
7738	6.0	0.0	0.503
7739	5.9	0.0	0.480
7740	5.5	0.0	0.465
7741	5.3	0.0	0.431
7742	5.2	0.0	0.378
7743	5.4	0.0	0.345
7744	5.5	0.0	0.322
7745	5.8	0.0	0.334
7746	6.2	0.0	0.415
7747	6.3	0.0	0.463
7748	6.5	0.0	0.573
7749	6.7	0.0	0.588
7750	6.9	0.0	0.549
7751	7.2	0.0	0.330
7752	7.4	0.0	0.207
7753	6.2	0.0	0.143
7754	6.0	0.0	0.077
7755	6.1	0.0	0.030
7756	6.0	0.0	0.022
7757	5.9	0.0	0.066
7758	6.0	0.0	0.165
7759	6.2	0.0	0.446
7760	7.4	0.0	0.478
7761	7.3	0.0	0.480
7762	6.9	0.0	0.503
7763	6.5	0.0	0.480
7764	6.2	0.0	0.465
7765	5.7	0.0	0.431
7766	5.2	0.0	0.378
7767	5.2	0.0	0.345
7768	5.1	0.0	0.322
7769	5.2	0.0	0.334
7770	5.7	0.0	0.415
7771	6.0	0.0	0.463
7772	6.0	0.0	0.573
7773	6.1	0.0	0.588
7774	6.1	0.0	0.549
7775	6.2	0.0	0.330
7776	6.4	0.0	0.207
7777	5.2	0.0	0.143
7778	5.0	0.0	0.077
7779	5.1	0.0	0.030
7780	5.3	0.0	0.022
7781	5.4	0.0	0.066
7782	5.5	0.0	0.165
7783	5.4	0.0	0.446
7784	6.5	0.0	0.478
7785	6.4	0.0	0.480
7786	6.0	0.0	0.503
7787	5.5	0.0	0.480
7788	5.2	0.0	0.465
7789	4.9	0.0	0.431
7790	4.9	0.0	0.378
7791	4.9	0.0	0.345
7792	4.9	0.0	0.322
7793	5.1	0.0	0.334
7794	5.5	0.0	0.415
7795	5.7	0.0	0.463
7796	5.9	0.0	0.573
7797	5.8	0.0	0.588
7798	6.1	0.0	0.549
7799	6.2	0.0	0.330
7800	6.3	0.0	0.207
7801	5.0	0.0	0.143
7802	5.0	0.0	0.077
7803	4.9	0.0	0.030
7804	5.0	0.0	0.022
7805	5.1	0.0	0.066
7806	5.2	0.0	0.165
7807	5.4	0.0	0.446
7808	6.6	0.0	0.478
7809	6.4	0.0	0.480
7810	6.3	0.0	0.503
7811	5.9	0.0	0.480
7812	5.5	0.0	0.465
7813	4.8	0.0	0.431
7814	4.5	0.0	0.378
7815	4.4	0.0	0.345
7816	4.5	0.0	0.322
7817	4.5	0.0	0.334
7818	4.6	0.0	0.415
7819	4.5	0.0	0.463
7820	5.0	0.0	0.573
7821	5.2	0.0	0.588
7822	5.3	0.0	0.549
7823	5.2	0.0	0.330
7824	5.3	0.0	0.207
7825	4.0	0.0	0.143
7826	3.9	0.0	0.077
7827	3.9	0.0	0.030
7828	3.9	0.0	0.022
7829	3.9	0.0	0.066
7830	4.0	0.0	0.165
7831	3.9	0.0	0.446
7832	5.1	0.0	0.478
7833	5.1	0.0	0.480
7834	5.0	0.0	0.503
7835	4.9	0.0	0.480
7836	4.5	0.0	0.465
7837	4.1	0.0	0.431
7838	3.9	0.0	0.378
7839	3.8	0.0	0.345
7840	3.8	0.0	0.322
7841	3.7	0.0	0.334
7842	3.8	0.0	0.415
7843	3.8	0.0	0.463
7844	3.9	0.0	0.573
7845	3.9	0.0	0.588
7846	4.0	0.0	0.549
7847	3.8	0.0	0.330
7848	3.7	0.0	0.207
7849	2.3	0.0	0.143
7850	2.5	0.0	0.077
7851	2.6	0.0	0.030
7852	2.5	0.0	0.022
7853	2.8	0.0	0.066
7854	2.6	0.0	0.165
7855	2.8	0.0	0.446
7856	4.3	0.0	0.478
7857	4.3	0.0	0.480
7858	4.1	0.0	0.503
7859	3.6	0.0	0.480
7860	3.4	0.0	0.465
7861	3.3	0.0	0.431
7862	3.2	0.0	0.378
7863	3.1	0.0	0.345
7864	3.2	0.0	0.322
7865	3.5	0.0	0.334
7866	3.8	0.0	0.415
7867	4.0	0.0	0.463
7868	4.3	0.0	0.573
7869	4.7	0.0	0.588
7870	4.8	0.0	0.549
7871	5.2	0.0	0.330
7872	5.2	0.0	0.207
7873	4.0	0.0	0.143
7874	4.1	0.0	0.077
7875	4.2	0.0	0.030
7876	4.2	0.0	0.022
7877	4.3	0.0	0.066
7878	4.4	0.0	0.165
7879	4.3	0.0	0.446
7880	5.7	0.0	0.478
7881	5.5	0.0	0.480
7882	5.4	0.0	0.503
7883	5.2	0.0	0.480
7884	5.0	0.0	0.465
7885	4.9	0.0	0.431
7886	4.8	0.0	0.378
7887	4.8	0.0	0.345
7888	4.6	0.0	0.322
7889	4.7	0.0	0.334
7890	4.9	0.0	0.415
7891	5.1	0.0	0.463
7892	5.3	0.0	0.573
7893	5.5	0.0	0.588
7894	5.7	0.0	0.549
7895	5.7	0.0	0.330
7896	5.6	0.0	0.207
7897	4.1	0.0	0.143
7898	4.1	0.0	0.077
7899	4.1	0.0	0.030
7900	4.1	0.0	0.022
7901	4.0	0.0	0.066
7902	4.0	0.0	0.165
7903	4.1	0.0	0.446
7904	5.5	0.0	0.478
7905	5.0	0.0	0.480
7906	4.6	0.0	0.503
7907	4.3	0.0	0.480
7908	4.1	0.0	0.465
7909	3.7	0.0	0.431
7910	3.5	0.0	0.378
7911	3.6	0.0	0.345
7912	3.8	0.0	0.322
7913	3.9	0.0	0.334
7914	4.2	0.0	0.415
7915	4.3	0.0	0.463
7916	4.3	0.0	0.573
7917	4.2	0.0	0.588
7918	4.2	0.0	0.549
7919	4.2	0.0	0.330
7920	4.1	0.0	0.207
7921	2.8	0.0	0.143
7922	2.8	0.0	0.077
7923	2.9	0.0	0.030
7924	3.0	0.0	0.022
7925	3.4	0.0	0.066
7926	3.5	0.0	0.165
7927	3.6	0.0	0.446
7928	5.0	0.0	0.478
7929	4.8	0.0	0.480
7930	4.6	0.0	0.503
7931	4.2	0.0	0.480
7932	3.9	0.0	0.465
7933	3.6	0.0	0.431
7934	3.7	0.0	0.378
7935	3.6	0.0	0.345
7936	3.6	0.0	0.322
7937	3.7	0.0	0.334
7938	4.0	0.0	0.415
7939	3.8	0.0	0.463
7940	4.0	0.0	0.573
7941	4.1	0.0	0.588
7942	4.5	0.0	0.549
7943	4.4	0.0	0.330
7944	4.7	0.0	0.207
7945	3.8	0.0	0.143
7946	3.8	0.0	0.077
7947	3.9	0.0	0.030
7948	4.0	0.0	0.022
7949	4.3	0.0	0.066
7950	4.4	0.0	0.165
7951	4.4	0.0	0.446
7952	5.6	0.0	0.478
7953	5.6	0.0	0.480
7954	5.4	0.0	0.503
7955	5.0	0.0	0.480
7956	4.8	0.0	0.465
7957	4.5	0.0	0.431
7958	4.1	0.0	0.378
7959	4.1	0.0	0.345
7960	4.1	0.0	0.322
7961	4.3	0.0	0.334
7962	4.6	0.0	0.415
7963	4.7	0.0	0.463
7964	4.8	0.0	0.573
7965	4.7	0.0	0.588
7966	4.8	0.0	0.549
7967	4.7	0.0	0.330
7968	4.7	0.0	0.207
7969	3.8	0.0	0.143
7970	3.9	0.0	0.077
7971	4.0	0.0	0.030
7972	4.1	0.0	0.022
7973	4.3	0.0	0.066
7974	4.1	0.0	0.165
7975	4.2	0.0	0.446
7976	5.5	0.0	0.478
7977	5.3	0.0	0.480
7978	5.0	0.0	0.503
7979	4.4	0.0	0.480
7980	4.0	0.0	0.465
7981	3.6	0.0	0.431
7982	3.5	0.0	0.378
7983	3.6	0.0	0.345
7984	3.9	0.0	0.322
7985	4.0	0.0	0.334
7986	4.4	0.0	0.415
7987	4.7	0.0	0.463
7988	4.9	0.0	0.573
7989	5.1	0.0	0.588
7990	5.5	0.0	0.549
7991	5.6	0.0	0.330
7992	5.8	0.0	0.207
7993	4.6	0.0	0.143
7994	4.7	0.0	0.077
7995	4.7	0.0	0.030
7996	5.0	0.0	0.022
7997	5.0	0.0	0.066
7998	5.2	0.0	0.165
7999	5.4	0.0	0.446
8000	6.8	0.0	0.478
8001	6.6	0.0	0.480
8002	6.4	0.0	0.503
8003	6.1	0.0	0.480
8004	5.7	0.0	0.465
8005	5.5	0.0	0.431
8006	5.3	0.0	0.378
8007	5.5	0.0	0.345
8008	5.8	0.0	0.322
8009	5.9	0.0	0.334
8010	6.4	0.0	0.415
8011	6.8	0.0	0.463
8012	6.9	0.0	0.573
8013	7.0	0.0	0.588
8014	7.3	0.0	0.549
8015	7.5	0.0	0.330
8016	7.6	0.0	0.207
8017	6.5	0.0	0.143
8018	6.6	0.0	0.077
8019	6.8	0.0	0.030
8020	6.7	0.0	0.022
8021	6.8	0.0	0.066
8022	7.2	0.0	0.165
8023	7.4	0.0	0.446
8024	8.8	0.0	0.478
8025	9.0	0.0	0.480
8026	8.6	0.0	0.503
8027	8.4	0.0	0.480
8028	8.4	0.0	0.465
8029	8.2	0.0	0.431
8030	8.0	0.0	0.378
8031	7.9	0.0	0.345
8032	7.7	0.0	0.322
8033	7.8	0.0	0.334
8034	7.8	0.0	0.415
8035	7.8	0.0	0.463
8036	8.0	0.0	0.573
8037	8.4	0.0	0.588
8038	8.7	0.0	0.549
8039	8.8	0.0	0.330
8040	8.7	0.0	0.207
8041	7.3	0.0	0.143
8042	7.3	0.0	0.077
8043	7.0	0.0	0.030
8044	7.0	0.0	0.022
8045	6.8	0.0	0.066
8046	6.9	0.0	0.165
8047	6.7	0.0	0.446
8048	8.1	0.0	0.478
8049	8.1	0.0	0.480
8050	8.2	0.0	0.503
8051	7.9	0.0	0.480
8052	7.7	0.0	0.465
8053	7.4	0.0	0.431
8054	7.3	0.0	0.378
8055	7.2	0.0	0.345
8056	7.2	0.0	0.322
8057	7.1	0.0	0.334
8058	7.0	0.0	0.415
8059	7.0	0.0	0.463
8060	7.2	0.0	0.573
8061	7.1	0.0	0.588
8062	7.1	0.0	0.549
8063	7.3	0.0	0.330
8064	7.3	0.0	0.207
8065	5.7	0.0	0.143
8066	5.7	0.0	0.077
8067	5.6	0.0	0.030
8068	5.7	0.0	0.022
8069	5.6	0.0	0.066
8070	5.6	0.0	0.165
8071	5.4	0.0	0.446
8072	6.9	0.0	0.478
8073	6.8	0.0	0.480
8074	6.6	0.0	0.503
8075	6.2	0.0	0.480
8076	6.0	0.0	0.465
8077	5.9	0.0	0.431
8078	6.0	0.0	0.378
8079	6.0	0.0	0.345
8080	6.1	0.0	0.322
8081	6.2	0.0	0.334
8082	6.3	0.0	0.415
8083	6.4	0.0	0.463
8084	6.7	0.0	0.573
8085	6.5	0.0	0.588
8086	6.6	0.0	0.549
8087	6.5	0.0	0.330
8088	6.6	0.0	0.207
8089	5.3	0.0	0.143
8090	5.4	0.0	0.077
8091	5.7	0.0	0.030
8092	5.6	0.0	0.022
8093	5.9	0.0	0.066
8094	6.1	0.0	0.165
8095	5.8	0.0	0.446
8096	7.1	0.0	0.478
8097	7.1	0.0	0.480
8098	7.1	0.0	0.503
8099	6.7	0.0	0.480
8100	6.8	0.0	0.465
8101	6.6	0.0	0.431
8102	6.6	0.0	0.378
8103	7.0	0.0	0.345
8104	7.1	0.0	0.322
8105	7.2	0.0	0.334
8106	7.5	0.0	0.415
8107	7.8	0.0	0.463
8108	7.8	0.0	0.573
8109	8.0	0.0	0.588
8110	8.1	0.0	0.549
8111	8.1	0.0	0.330
8112	8.3	0.0	0.207
8113	6.8	0.0	0.143
8114	6.5	0.0	0.077
8115	6.3	0.0	0.030
8116	5.9	0.0	0.022
8117	5.9	0.0	0.066
8118	6.1	0.0	0.165
8119	5.7	0.0	0.446
8120	7.0	0.0	0.478
8121	6.9	0.0	0.480
8122	6.7	0.0	0.503
8123	6.4	0.0	0.480
8124	6.2	0.0	0.465
8125	6.0	0.0	0.431
8126	5.6	0.0	0.378
8127	5.5	0.0	0.345
8128	5.5	0.0	0.322
8129	5.5	0.0	0.334
8130	5.3	0.0	0.415
8131	5.4	0.0	0.463
8132	5.3	0.0	0.573
8133	5.2	0.0	0.588
8134	4.9	0.0	0.549
8135	4.8	0.0	0.330
8136	4.8	0.0	0.207
8137	3.3	0.0	0.143
8138	3.1	0.0	0.077
8139	3.1	0.0	0.030
8140	3.2	0.0	0.022
8141	3.3	0.0	0.066
8142	3.1	0.0	0.165
8143	3.1	0.0	0.446
8144	4.6	0.0	0.478
8145	4.4	0.0	0.480
8146	4.2	0.0	0.503
8147	4.1	0.0	0.480
8148	4.1	0.0	0.465
8149	3.8	0.0	0.431
8150	3.6	0.0	0.378
8151	3.3	0.0	0.345
8152	3.3	0.0	0.322
8153	3.5	0.0	0.334
8154	3.6	0.0	0.415
8155	3.4	0.0	0.463
8156	3.5	0.0	0.573
8157	3.8	0.0	0.588
8158	4.1	0.0	0.549
8159	4.2	0.0	0.330
8160	4.3	0.0	0.207
8161	2.8	0.0	0.143
8162	3.0	0.0	0.077
8163	3.3	0.0	0.030
8164	3.4	0.0	0.022
8165	3.5	0.0	0.066
8166	3.6	0.0	0.165
8167	3.6	0.0	0.446
8168	5.1	0.0	0.478
8169	4.9	0.0	0.480
8170	4.9	0.0	0.503
8171	4.7	0.0	0.480
8172	4.6	0.0	0.465
8173	4.5	0.0	0.431
8174	4.6	0.0	0.378
8175	4.4	0.0	0.345
8176	4.5	0.0	0.322
8177	4.6	0.0	0.334
8178	4.9	0.0	0.415
8179	4.9	0.0	0.463
8180	5.2	0.0	0.573
8181	5.4	0.0	0.588
8182	5.4	0.0	0.549
8183	5.5	0.0	0.330
8184	5.5	0.0	0.207
8185	4.2	0.0	0.143
8186	4.4	0.0	0.077
8187	4.5	0.0	0.030
8188	4.8	0.0	0.022
8189	5.3	0.0	0.066
8190	5.7	0.0	0.165
8191	5.8	0.0	0.446
8192	7.1	0.0	0.478
8193	6.7	0.0	0.480
8194	6.7	0.0	0.503
8195	6.5	0.0	0.480
8196	6.3	0.0	0.465
8197	6.5	0.0	0.431
8198	6.4	0.0	0.378
8199	6.5	0.0	0.345
8200	7.0	0.0	0.322
8201	7.2	0.0	0.334
8202	7.7	0.0	0.415
8203	8.2	0.0	0.463
8204	8.6	0.0	0.573
8205	8.8	0.0	0.588
8206	9.4	0.0	0.549
8207	9.7	0.0	0.330
8208	10.0	0.0	0.207
8209	8.7	0.0	0.143
8210	8.7	0.0	0.077
8211	8.9	0.0	0.030
8212	9.0	0.0	0.022
8213	8.9	0.0	0.066
8214	8.7	0.0	0.165
8215	8.9	0.0	0.446
8216	10.3	0.0	0.478
8217	10.2	0.0	0.480
8218	10.0	0.0	0.503
8219	9.7	0.0	0.480
8220	9.6	0.0	0.465
8221	9.5	0.0	0.431
8222	9.1	0.0	0.378
8223	8.9	0.0	0.345
8224	8.9	0.0	0.322
8225	9.1	0.0	0.334
8226	9.0	0.0	0.415
8227	9.0	0.0	0.463
8228	9.3	0.0	0.573
8229	9.3	0.0	0.588
8230	9.4	0.0	0.549
8231	9.4	0.0	0.330
8232	9.4	0.0	0.207
8233	8.1	0.0	0.143
8234	8.3	0.0	0.077
8235	8.2	0.0	0.030
8236	8.3	0.0	0.022
8237	8.4	0.0	0.066
8238	8.5	0.0	0.165
8239	8.5	0.0	0.446
8240	9.8	0.0	0.478
8241	10.0	0.0	0.480
8242	9.8	0.0	0.503
8243	9.9	0.0	0.480
8244	9.6	0.0	0.465
8245	9.8	0.0	0.431
8246	9.8	0.0	0.378
8247	9.7	0.0	0.345
8248	9.6	0.0	0.322
8249	9.8	0.0	0.334
8250	9.8	0.0	0.415
8251	9.9	0.0	0.463
8252	10.2	0.0	0.573
8253	9.9	0.0	0.588
8254	10.0	0.0	0.549
8255	10.2	0.0	0.330
8256	10.0	0.0	0.207
8257	8.7	0.0	0.143
8258	8.8	0.0	0.077
8259	8.7	0.0	0.030
8260	8.8	0.0	0.022
8261	9.0	0.0	0.066
8262	8.9	0.0	0.165
8263	8.8	0.0	0.446
8264	10.1	0.0	0.478
8265	9.8	0.0	0.480
8266	9.5	0.0	0.503
8267	9.3	0.0	0.480
8268	9.2	0.0	0.465
8269	8.9	0.0	0.431
8270	8.8	0.0	0.378
8271	8.6	0.0	0.345
8272	8.6	0.0	0.322
8273	8.9	0.0	0.334
8274	8.8	0.0	0.415
8275	8.8	0.0	0.463
8276	8.6	0.0	0.573
8277	8.6	0.0	0.588
8278	8.8	0.0	0.549
8279	8.7	0.0	0.330
8280	8.9	0.0	0.207
8281	7.5	0.0	0.143
8282	7.3	0.0	0.077
8283	7.1	0.0	0.030
8284	7.1	0.0	0.022
8285	7.1	0.0	0.066
8286	7.1	0.0	0.165
8287	7.2	0.0	0.446
8288	8.6	0.0	0.478
8289	8.8	0.0	0.480
8290	8.7	0.0	0.503
8291	8.4	0.0	0.480
8292	8.4	0.0	0.465
8293	8.2	0.0	0.431
8294	8.3	0.0	0.378
8295	8.1	0.0	0.345
8296	8.0	0.0	0.322
8297	8.0	0.0	0.334
8298	8.2	0.0	0.415
8299	8.1	0.0	0.463
8300	8.2	0.0	0.573
8301	8.3	0.0	0.588
8302	8.4	0.0	0.549
8303	8.4	0.0	0.330
8304	8.4	0.0	0.207
8305	7.0	0.0	0.143
8306	7.1	0.0	0.077
8307	7.3	0.0	0.030
8308	7.4	0.0	0.022
8309	7.5	0.0	0.066
8310	7.3	0.0	0.165
8311	7.0	0.0	0.446
8312	8.2	0.0	0.478
8313	8.3	0.0	0.480
8314	8.0	0.0	0.503
8315	7.6	0.0	0.480
8316	7.3	0.0	0.465
8317	6.9	0.0	0.431
8318	6.5	0.0	0.378
8319	6.5	0.0	0.345
8320	6.5	0.0	0.322
8321	6.7	0.0	0.334
8322	6.9	0.0	0.415
8323	6.9	0.0	0.463
8324	7.0	0.0	0.573
8325	7.2	0.0	0.588
8326	7.3	0.0	0.549
8327	7.3	0.0	0.330
8328	7.3	0.0	0.207
8329	5.9	0.0	0.143
8330	5.9	0.0	0.077
8331	5.6	0.0	0.030
8332	5.5	0.0	0.022
8333	5.8	0.0	0.066
8334	5.9	0.0	0.165
8335	6.1	0.0	0.446
8336	7.5	0.0	0.478
8337	7.3	0.0	0.480
8338	7.0	0.0	0.503
8339	6.8	0.0	0.480
8340	6.5	0.0	0.465
8341	6.2	0.0	0.431
8342	6.0	0.0	0.378
8343	5.9	0.0	0.345
8344	5.9	0.0	0.322
8345	6.1	0.0	0.334
8346	6.3	0.0	0.415
8347	6.4	0.0	0.463
8348	6.6	0.0	0.573
8349	6.5	0.0	0.588
8350	6.6	0.0	0.549
8351	6.6	0.0	0.330
8352	6.6	0.0	0.207
8353	5.1	0.0	0.143
8354	5.2	0.0	0.077
8355	5.1	0.0	0.030
8356	5.1	0.0	0.022
8357	4.9	0.0	0.066
8358	5.0	0.0	0.165
8359	5.4	0.0	0.446
8360	6.8	0.0	0.478
8361	6.5	0.0	0.480
8362	6.1	0.0	0.503
8363	6.0	0.0	0.480
8364	5.5	0.0	0.465
8365	5.3	0.0	0.431
8366	5.2	0.0	0.378
8367	5.1	0.0	0.345
8368	5.3	0.0	0.322
8369	5.6	0.0	0.334
8370	5.7	0.0	0.415
8371	5.9	0.0	0.463
8372	5.9	0.0	0.573
8373	6.3	0.0	0.588
8374	6.6	0.0	0.549
8375	6.8	0.0	0.330
8376	6.9	0.0	0.207
8377	5.6	0.0	0.143
8378	5.7	0.0	0.077
8379	5.6	0.0	0.030
8380	5.6	0.0	0.022
8381	5.7	0.0	0.066
8382	5.8	0.0	0.165
8383	5.9	0.0	0.446
8384	7.4	0.0	0.478
8385	7.4	0.0	0.480
8386	7.2	0.0	0.503
8387	7.0	0.0	0.480
8388	6.8	0.0	0.465
8389	6.6	0.0	0.431
8390	6.1	0.0	0.378
8391	6.1	0.0	0.345
8392	6.1	0.0	0.322
8393	6.2	0.0	0.334
8394	6.2	0.0	0.415
8395	6.4	0.0	0.463
8396	6.2	0.0	0.573
8397	6.1	0.0	0.588
8398	6.1	0.0	0.549
8399	6.1	0.0	0.330
8400	6.0	0.0	0.207
8401	4.6	0.0	0.143
8402	4.6	0.0	0.077
8403	4.7	0.0	0.030
8404	4.4	0.0	0.022
8405	4.6	0.0	0.066
8406	4.5	0.0	0.165
8407	4.6	0.0	0.446
8408	6.1	0.0	0.478
8409	6.0	0.0	0.480
8410	5.7	0.0	0.503
8411	5.4	0.0	0.480
8412	5.3	0.0	0.465
8413	5.2	0.0	0.431
8414	5.2	0.0	0.378
8415	5.0	0.0	0.345
8416	4.8	0.0	0.322
8417	5.0	0.0	0.334
8418	5.1	0.0	0.415
8419	5.1	0.0	0.463
8420	5.2	0.0	0.573
8421	5.2	0.0	0.588
8422	5.2	0.0	0.549
8423	5.2	0.0	0.330
8424	5.4	0.0	0.207
8425	3.7	0.0	0.143
8426	3.6	0.0	0.077
8427	3.9	0.0	0.030
8428	3.9	0.0	0.022
8429	4.0	0.0	0.066
8430	4.1	0.0	0.165
8431	3.9	0.0	0.446
8432	5.4	0.0	0.478
8433	5.1	0.0	0.480
8434	4.9	0.0	0.503
8435	4.6	0.0	0.480
8436	4.5	0.0	0.465
8437	4.4	0.0	0.431
8438	4.3	0.0	0.378
8439	4.3	0.0	0.345
8440	4.2	0.0	0.322
8441	4.3	0.0	0.334
8442	4.6	0.0	0.415
8443	4.7	0.0	0.463
8444	4.8	0.0	0.573
8445	4.9	0.0	0.588
8446	4.7	0.0	0.549
8447	4.6	0.0	0.330
8448	4.3	0.0	0.207
8449	3.0	0.0	0.143
8450	3.3	0.0	0.077
8451	3.3	0.0	0.030
8452	3.6	0.0	0.022
8453	3.5	0.0	0.066
8454	3.3	0.0	0.165
8455	3.4	0.0	0.446
8456	4.8	0.0	0.478
8457	4.8	0.0	0.480
8458	4.5	0.0	0.503
8459	4.1	0.0	0.480
8460	3.9	0.0	0.465
8461	3.6	0.0	0.431
8462	3.4	0.0	0.378
8463	3.2	0.0	0.345
8464	3.5	0.0	0.322
8465	3.8	0.0	0.334
8466	3.9	0.0	0.415
8467	4.0	0.0	0.463
8468	4.2	0.0	0.573
8469	4.2	0.0	0.588
8470	4.3	0.0	0.549
8471	4.4	0.0	0.330
8472	4.5	0.0	0.207
8473	3.2	0.0	0.143
8474	3.7	0.0	0.077
8475	3.6	0.0	0.030
8476	3.7	0.0	0.022
8477	3.8	0.0	0.066
8478	4.0	0.0	0.165
8479	4.2	0.0	0.446
8480	5.6	0.0	0.478
8481	5.6	0.0	0.480
8482	5.5	0.0	0.503
8483	5.4	0.0	0.480
8484	5.3	0.0	0.465
8485	5.1	0.0	0.431
8486	5.2	0.0	0.378
8487	5.1	0.0	0.345
8488	5.2	0.0	0.322
8489	5.5	0.0	0.334
8490	5.7	0.0	0.415
8491	5.9	0.0	0.463
8492	6.2	0.0	0.573
8493	6.3	0.0	0.588
8494	6.7	0.0	0.549
8495	6.7	0.0	0.330
8496	6.9	0.0	0.207
8497	5.5	0.0	0.143
8498	5.5	0.0	0.077
8499	5.5	0.0	0.030
8500	5.3	0.0	0.022
8501	5.5	0.0	0.066
8502	5.6	0.0	0.165
8503	5.5	0.0	0.446
8504	7.0	0.0	0.478
8505	7.0	0.0	0.480
8506	6.7	0.0	0.503
8507	6.2	0.0	0.480
8508	6.0	0.0	0.465
8509	5.9	0.0	0.431
8510	5.7	0.0	0.378
8511	5.7	0.0	0.345
8512	5.5	0.0	0.322
8513	5.7	0.0	0.334
8514	5.9	0.0	0.415
8515	5.8	0.0	0.463
8516	5.9	0.0	0.573
8517	5.8	0.0	0.588
8518	5.5	0.0	0.549
8519	5.5	0.0	0.330
8520	5.3	0.0	0.207
8521	4.1	0.0	0.143
8522	4.1	0.0	0.077
8523	4.2	0.0	0.030
8524	4.2	0.0	0.022
8525	4.3	0.0	0.066
8526	4.2	0.0	0.165
8527	4.2	0.0	0.446
8528	5.7	0.0	0.478
8529	5.5	0.0	0.480
8530	5.1	0.0	0.503
8531	5.1	0.0	0.480
8532	5.1	0.0	0.465
8533	5.0	0.0	0.431
8534	5.2	0.0	0.378
8535	5.2	0.0	0.345
8536	5.4	0.0	0.322
8537	5.3	0.0	0.334
8538	5.5	0.0	0.415
8539	5.4	0.0	0.463
8540	5.4	0.0	0.573
8541	5.6	0.0	0.588
8542	5.5	0.0	0.549
8543	5.5	0.0	0.330
8544	5.7	0.0	0.207
8545	4.5	0.0	0.143
8546	4.7	0.0	0.077
8547	4.7	0.0	0.030
8548	4.8	0.0	0.022
8549	4.9	0.0	0.066
8550	5.1	0.0	0.165
8551	5.1	0.0	0.446
8552	6.6	0.0	0.478
8553	6.4	0.0	0.480
8554	6.1	0.0	0.503
8555	5.7	0.0	0.480
8556	5.6	0.0	0.465
8557	5.4	0.0	0.431
8558	5.3	0.0	0.378
8559	5.7	0.0	0.345
8560	6.0	0.0	0.322
8561	6.2	0.0	0.334
8562	6.5	0.0	0.415
8563	6.3	0.0	0.463
8564	6.4	0.0	0.573
8565	6.3	0.0	0.588
8566	6.5	0.0	0.549
8567	6.6	0.0	0.330
8568	6.6	0.0	0.207
8569	5.3	0.0	0.143
8570	5.4	0.0	0.077
8571	5.4	0.0	0.030
8572	5.5	0.0	0.022
8573	5.4	0.0	0.066
8574	5.6	0.0	0.165
8575	5.7	0.0	0.446
8576	7.1	0.0	0.478
8577	6.9	0.0	0.480
8578	6.7	0.0	0.503
8579	6.4	0.0	0.480
8580	5.8	0.0	0.465
8581	5.5	0.0	0.431
8582	5.3	0.0	0.378
8583	5.0	0.0	0.345
8584	5.1	0.0	0.322
8585	5.3	0.0	0.334
8586	5.5	0.0	0.415
8587	5.7	0.0	0.463
8588	6.2	0.0	0.573
8589	6.1	0.0	0.588
8590	6.0	0.0	0.549
8591	6.1	0.0	0.330
8592	6.2	0.0	0.207
8593	4.9	0.0	0.143
8594	4.6	0.0	0.077
8595	4.6	0.0	0.030
8596	4.4	0.0	0.022
8597	4.4	0.0	0.066
8598	4.2	0.0	0.165
8599	4.2	0.0	0.446
8600	5.5	0.0	0.478
8601	5.3	0.0	0.480
8602	5.2	0.0	0.503
8603	4.8	0.0	0.480
8604	4.4	0.0	0.465
8605	4.3	0.0	0.431
8606	3.9	0.0	0.378
8607	4.0	0.0	0.345
8608	4.1	0.0	0.322
8609	4.3	0.0	0.334
8610	4.7	0.0	0.415
8611	4.8	0.0	0.463
8612	4.7	0.0	0.573
8613	4.6	0.0	0.588
8614	4.6	0.0	0.549
8615	4.7	0.0	0.330
8616	4.8	0.0	0.207
8617	3.6	0.0	0.143
8618	3.3	0.0	0.077
8619	3.2	0.0	0.030
8620	3.4	0.0	0.022
8621	3.5	0.0	0.066
8622	3.6	0.0	0.165
8623	3.4	0.0	0.446
8624	4.8	0.0	0.478
8625	4.9	0.0	0.480
8626	4.5	0.0	0.503
8627	4.0	0.0	0.480
8628	3.8	0.0	0.465
8629	3.5	0.0	0.431
8630	3.5	0.0	0.378
8631	3.2	0.0	0.345
8632	3.5	0.0	0.322
8633	3.7	0.0	0.334
8634	4.0	0.0	0.415
8635	4.3	0.0	0.463
8636	4.3	0.0	0.573
8637	4.6	0.0	0.588
8638	4.7	0.0	0.549
8639	5.0	0.0	0.330
8640	5.2	0.0	0.207
8641	4.0	0.0	0.143
8642	4.0	0.0	0.077
8643	4.0	0.0	0.030
8644	4.0	0.0	0.022
8645	3.9	0.0	0.066
8646	4.0	0.0	0.165
8647	4.1	0.0	0.446
8648	5.6	0.0	0.478
8649	5.4	0.0	0.480
8650	5.2	0.0	0.503
8651	4.9	0.0	0.480
8652	4.5	0.0	0.465
8653	4.2	0.0	0.431
8654	4.1	0.0	0.378
8655	3.8	0.0	0.345
8656	3.7	0.0	0.322
8657	4.0	0.0	0.334
8658	4.1	0.0	0.415
8659	4.2	0.0	0.463
8660	3.9	0.0	0.573
8661	4.1	0.0	0.588
8662	4.1	0.0	0.549
8663	4.1	0.0	0.330
8664	4.3	0.0	0.207
8665	2.9	0.0	0.143
8666	2.8	0.0	0.077
8667	2.6	0.0	0.030
8668	2.5	0.0	0.022
8669	2.4	0.0	0.066
8670	2.4	0.0	0.165
8671	2.4	0.0	0.446
8672	3.9	0.0	0.478
8673	3.9	0.0	0.480
8674	3.9	0.0	0.503
8675	3.6	0.0	0.480
8676	3.4	0.0	0.465
8677	3.3	0.0	0.431
8678	3.1	0.0	0.378
8679	3.1	0.0	0.345
8680	3.1	0.0	0.322
8681	3.0	0.0	0.334
8682	2.8	0.0	0.415
8683	2.8	0.0	0.463
8684	2.7	0.0	0.573
8685	2.5	0.0	0.588
8686	2.5	0.0	0.549
8687	2.5	0.0	0.330
8688	2.5	0.0	0.207
8689	1.1	0.0	0.143
8690	1.2	0.0	0.077
8691	1.3	0.0	0.030
8692	1.1	0.0	0.022
8693	1.3	0.0	0.066
8694	1.4	0.0	0.165
8695	1.3	0.0	0.446
8696	2.8	0.0	0.478
8697	2.7	0.0	0.480
8698	2.8	0.0	0.503
8699	2.7	0.0	0.480
8700	2.8	0.0	0.465
8701	2.9	0.0	0.431
8702	3.0	0.0	0.378
8703	3.3	0.0	0.345
8704	3.7	0.0	0.322
8705	3.8	0.0	0.334
8706	4.1	0.0	0.415
8707	4.2	0.0	0.463
8708	4.2	0.0	0.573
8709	4.2	0.0	0.588
8710	4.4	0.0	0.549
8711	4.5	0.0	0.330
8712	4.4	0.0	0.207
8713	3.1	0.0	0.143
8714	3.4	0.0	0.077
8715	3.5	0.0	0.030
8716	3.7	0.0	0.022
8717	3.8	0.0	0.066
8718	4.1	0.0	0.165
8719	4.4	0.0	0.446
8720	5.8	0.0	0.478
8721	5.8	0.0	0.480
8722	5.8	0.0	0.503
8723	6.1	0.0	0.480
8724	5.8	0.0	0.465
8725	5.5	0.0	0.431
8726	5.5	0.0	0.378
8727	5.5	0.0	0.345
8728	5.7	0.0	0.322
8729	5.8	0.0	0.334
8730	6.3	0.0	0.415
8731	6.4	0.0	0.463
8732	6.3	0.0	0.573
8733	6.5	0.0	0.588
8734	6.8	0.0	0.549
8735	6.9	0.0	0.330
8736	7.1	0.0	0.207
8737	5.9	0.0	0.143
8738	6.0	0.0	0.077
8739	6.1	0.0	0.030
8740	6.2	0.0	0.022
8741	6.3	0.0	0.066
8742	6.3	0.0	0.165
8743	6.5	0.0	0.446
8744	7.8	0.0	0.478
8745	8.1	0.0	0.480
8746	7.9	0.0	0.503
8747	7.8	0.0	0.480
8748	7.8	0.0	0.465
8749	7.9	0.0	0.431
8750	7.8	0.0	0.378
8751	7.9	0.0	0.345
8752	7.9	0.0	0.322
8753	7.8	0.0	0.334
8754	8.0	0.0	0.415
8755	8.2	0.0	0.463
8756	8.5	0.0	0.573
8757	8.8	0.0	0.588
8758	9.2	0.0	0.549
8759	9.5	0.0	0.330
8760	9.6	0.0	0.207
