# HOY	Heat Demand	Load duration curve	Dhw Demand
# [h]	[kWh / h]	[kWh / h]	[kWh / h]
1	15.2	23.7	0.412
2	15.6	23.6	0.223
3	16.2	23.1	0.087
4	16.0	23.1	0.063
5	16.2	23.1	0.190
6	16.2	23.0	0.475
7	16.0	22.1	1.285
8	15.8	22.0	1.375
9	15.9	21.4	1.381
10	15.0	21.3	1.447
11	15.1	21.2	1.381
12	14.2	21.2	1.339
13	13.8	21.1	1.240
14	13.9	21.1	1.089
15	13.9	21.1	0.993
16	14.3	21.1	0.927
17	15.2	21.1	0.963
18	16.4	21.1	1.195
19	17.4	21.1	1.333
20	17.7	21.0	1.649
21	17.9	21.0	1.694
22	18.5	21.0	1.580
23	18.9	20.9	0.951
24	19.6	20.9	0.596
25	20.2	20.9	0.412
26	19.7	20.9	0.223
27	19.8	20.9	0.087
28	19.8	20.8	0.063
29	19.6	20.7	0.190
30	19.3	20.7	0.475
31	19.6	20.6	1.285
32	19.9	20.6	1.375
33	19.4	20.6	1.381
34	19.0	20.6	1.447
35	18.4	20.5	1.381
36	17.6	20.5	1.339
37	17.3	20.3	1.240
38	17.1	20.3	1.089
39	16.5	20.3	0.993
40	16.9	20.2	0.927
41	17.6	20.2	0.963
42	18.4	20.2	1.195
43	18.5	20.2	1.333
44	18.6	20.1	1.649
45	18.8	20.1	1.694
46	18.9	20.1	1.580
47	18.9	20.1	0.951
48	18.9	20.1	0.596
49	18.9	20.1	0.412
50	18.9	20.1	0.223
51	19.0	20.0	0.087
52	19.4	20.0	0.063
53	19.6	20.0	0.190
54	19.3	20.0	0.475
55	19.9	19.9	1.285
56	19.6	19.9	1.375
57	19.4	19.9	1.381
58	19.5	19.9	1.447
59	19.0	19.9	1.381
60	18.9	19.8	1.339
61	18.1	19.8	1.240
62	17.6	19.8	1.089
63	17.3	19.8	0.993
64	17.2	19.8	0.927
65	17.4	19.8	0.963
66	18.1	19.8	1.195
67	18.7	19.7	1.333
68	19.2	19.7	1.649
69	19.8	19.7	1.694
70	20.2	19.6	1.580
71	20.6	19.6	0.951
72	20.9	19.6	0.596
73	21.1	19.6	0.412
74	21.1	19.6	0.223
75	20.9	19.6	0.087
76	21.1	19.5	0.063
77	21.0	19.5	0.190
78	20.9	19.5	0.475
79	20.5	19.5	1.285
80	19.8	19.5	1.375
81	19.2	19.4	1.381
82	18.3	19.4	1.447
83	16.6	19.4	1.381
84	15.3	19.4	1.339
85	14.2	19.4	1.240
86	13.7	19.3	1.089
87	13.8	19.3	0.993
88	13.7	19.3	0.927
89	14.0	19.3	0.963
90	14.1	19.3	1.195
91	14.1	19.3	1.333
92	13.7	19.3	1.649
93	14.2	19.2	1.694
94	14.4	19.2	1.580
95	14.6	19.2	0.951
96	14.6	19.2	0.596
97	14.6	19.2	0.412
98	14.7	19.1	0.223
99	15.3	19.1	0.087
100	15.7	19.1	0.063
101	16.1	19.1	0.190
102	16.4	19.1	0.475
103	16.9	19.0	1.285
104	17.1	19.0	1.375
105	17.5	19.0	1.381
106	17.4	19.0	1.447
107	17.7	19.0	1.381
108	17.9	19.0	1.339
109	17.9	19.0	1.240
110	18.3	19.0	1.089
111	19.3	18.9	0.993
112	19.2	18.9	0.927
113	20.1	18.9	0.963
114	20.9	18.9	1.195
115	21.1	18.9	1.333
116	20.7	18.9	1.649
117	21.2	18.9	1.694
118	22.0	18.9	1.580
119	23.0	18.9	0.951
120	23.1	18.9	0.596
121	23.6	18.9	0.412
122	23.7	18.9	0.223
123	23.1	18.8	0.087
124	23.1	18.8	0.063
125	22.1	18.8	0.190
126	21.4	18.8	0.475
127	21.1	18.8	1.285
128	21.0	18.8	1.375
129	20.7	18.8	1.381
130	19.9	18.8	1.447
131	18.8	18.8	1.381
132	17.8	18.7	1.339
133	16.5	18.7	1.240
134	15.4	18.7	1.089
135	15.0	18.7	0.993
136	14.3	18.7	0.927
137	14.3	18.7	0.963
138	14.7	18.7	1.195
139	14.1	18.7	1.333
140	14.0	18.7	1.649
141	14.1	18.6	1.694
142	14.1	18.6	1.580
143	14.1	18.6	0.951
144	14.0	18.6	0.596
145	13.8	18.6	0.412
146	14.1	18.6	0.223
147	14.2	18.6	0.087
148	14.4	18.6	0.063
149	14.9	18.6	0.190
150	14.6	18.6	0.475
151	14.7	18.6	1.285
152	15.0	18.5	1.375
153	14.8	18.5	1.381
154	13.8	18.5	1.447
155	13.4	18.5	1.381
156	12.7	18.5	1.339
157	12.2	18.5	1.240
158	11.1	18.5	1.089
159	10.7	18.5	0.993
160	10.7	18.5	0.927
161	11.7	18.5	0.963
162	12.3	18.5	1.195
163	13.3	18.5	1.333
164	13.5	18.5	1.649
165	14.3	18.5	1.694
166	14.4	18.5	1.580
167	15.4	18.5	0.951
168	15.6	18.4	0.596
169	15.9	18.4	0.412
170	15.8	18.4	0.223
171	15.9	18.4	0.087
172	15.3	18.4	0.063
173	15.1	18.4	0.190
174	14.6	18.4	0.475
175	14.5	18.4	1.285
176	14.3	18.4	1.375
177	14.3	18.4	1.381
178	13.9	18.4	1.447
179	13.2	18.3	1.381
180	12.5	18.3	1.339
181	12.8	18.3	1.240
182	12.4	18.3	1.089
183	12.7	18.3	0.993
184	12.6	18.3	0.927
185	12.5	18.3	0.963
186	12.6	18.3	1.195
187	13.0	18.3	1.333
188	12.2	18.3	1.649
189	11.8	18.3	1.694
190	11.8	18.3	1.580
191	11.2	18.3	0.951
192	10.8	18.3	0.596
193	10.1	18.2	0.412
194	10.2	18.2	0.223
195	10.6	18.2	0.087
196	10.7	18.2	0.063
197	10.2	18.2	0.190
198	9.7	18.2	0.475
199	10.2	18.2	1.285
200	10.1	18.2	1.375
201	10.3	18.2	1.381
202	9.5	18.2	1.447
203	9.4	18.2	1.381
204	9.5	18.2	1.339
205	9.3	18.1	1.240
206	8.6	18.1	1.089
207	7.8	18.1	0.993
208	7.6	18.1	0.927
209	7.7	18.1	0.963
210	7.5	18.1	1.195
211	7.6	18.1	1.333
212	7.6	18.1	1.649
213	7.5	18.1	1.694
214	7.5	18.1	1.580
215	7.4	18.1	0.951
216	6.9	18.1	0.596
217	7.1	18.1	0.412
218	7.4	18.1	0.223
219	7.7	18.1	0.087
220	8.0	18.0	0.063
221	8.4	18.0	0.190
222	8.9	18.0	0.475
223	9.4	18.0	1.285
224	9.6	18.0	1.375
225	9.6	18.0	1.381
226	9.8	18.0	1.447
227	9.9	18.0	1.381
228	9.7	17.9	1.339
229	9.4	17.9	1.240
230	9.6	17.9	1.089
231	9.4	17.9	0.993
232	10.3	17.9	0.927
233	11.0	17.9	0.963
234	11.8	17.9	1.195
235	11.9	17.9	1.333
236	12.5	17.9	1.649
237	13.4	17.9	1.694
238	14.5	17.9	1.580
239	15.3	17.9	0.951
240	15.8	17.9	0.596
241	16.4	17.9	0.412
242	16.4	17.8	0.223
243	16.4	17.8	0.087
244	16.4	17.8	0.063
245	16.4	17.8	0.190
246	16.2	17.8	0.475
247	16.2	17.8	1.285
248	15.9	17.8	1.375
249	16.1	17.8	1.381
250	15.4	17.8	1.447
251	15.5	17.8	1.381
252	14.2	17.8	1.339
253	13.9	17.8	1.240
254	12.9	17.8	1.089
255	13.1	17.7	0.993
256	13.6	17.7	0.927
257	14.8	17.7	0.963
258	14.7	17.7	1.195
259	14.9	17.7	1.333
260	15.5	17.7	1.649
261	15.9	17.7	1.694
262	16.5	17.7	1.580
263	16.4	17.7	0.951
264	16.5	17.7	0.596
265	16.5	17.7	0.412
266	16.8	17.7	0.223
267	16.7	17.7	0.087
268	16.7	17.7	0.063
269	16.3	17.6	0.190
270	16.6	17.6	0.475
271	16.4	17.6	1.285
272	16.5	17.6	1.375
273	16.6	17.6	1.381
274	16.0	17.6	1.447
275	15.5	17.6	1.381
276	14.5	17.6	1.339
277	13.8	17.6	1.240
278	13.3	17.6	1.089
279	12.9	17.6	0.993
280	12.9	17.6	0.927
281	12.7	17.6	0.963
282	13.0	17.6	1.195
283	13.1	17.6	1.333
284	13.1	17.6	1.649
285	13.6	17.6	1.694
286	13.7	17.6	1.580
287	13.7	17.6	0.951
288	13.9	17.5	0.596
289	13.5	17.5	0.412
290	13.5	17.5	0.223
291	13.4	17.5	0.087
292	13.4	17.5	0.063
293	13.5	17.5	0.190
294	13.7	17.5	0.475
295	13.4	17.5	1.285
296	13.3	17.5	1.375
297	13.3	17.5	1.381
298	13.3	17.4	1.447
299	12.5	17.4	1.381
300	12.1	17.4	1.339
301	11.5	17.4	1.240
302	11.3	17.4	1.089
303	11.1	17.4	0.993
304	10.7	17.4	0.927
305	11.3	17.4	0.963
306	11.1	17.4	1.195
307	11.3	17.4	1.333
308	11.5	17.4	1.649
309	11.6	17.4	1.694
310	12.3	17.4	1.580
311	12.2	17.3	0.951
312	12.5	17.3	0.596
313	12.7	17.3	0.412
314	12.6	17.3	0.223
315	12.6	17.3	0.087
316	12.2	17.3	0.063
317	11.9	17.3	0.190
318	11.8	17.3	0.475
319	12.0	17.3	1.285
320	12.2	17.2	1.375
321	12.3	17.2	1.381
322	12.1	17.2	1.447
323	11.9	17.2	1.381
324	12.1	17.2	1.339
325	11.7	17.2	1.240
326	11.4	17.2	1.089
327	10.6	17.2	0.993
328	10.1	17.2	0.927
329	10.6	17.2	0.963
330	10.7	17.1	1.195
331	11.2	17.1	1.333
332	11.4	17.1	1.649
333	11.5	17.1	1.694
334	11.6	17.1	1.580
335	11.9	17.1	0.951
336	11.6	17.1	0.596
337	11.8	17.1	0.412
338	12.0	17.1	0.223
339	12.3	17.1	0.087
340	12.8	17.1	0.063
341	13.0	17.1	0.190
342	13.0	17.1	0.475
343	13.0	17.1	1.285
344	13.5	17.0	1.375
345	13.7	17.0	1.381
346	13.9	17.0	1.447
347	13.5	17.0	1.381
348	13.2	17.0	1.339
349	13.0	17.0	1.240
350	13.4	17.0	1.089
351	13.5	17.0	0.993
352	13.6	17.0	0.927
353	14.1	17.0	0.963
354	14.6	17.0	1.195
355	14.7	17.0	1.333
356	15.2	17.0	1.649
357	15.2	17.0	1.694
358	15.6	17.0	1.580
359	15.6	17.0	0.951
360	15.2	16.9	0.596
361	15.1	16.9	0.412
362	15.4	16.9	0.223
363	15.8	16.9	0.087
364	15.6	16.9	0.063
365	15.4	16.9	0.190
366	16.1	16.9	0.475
367	16.2	16.9	1.285
368	16.4	16.9	1.375
369	16.3	16.9	1.381
370	16.5	16.9	1.447
371	15.4	16.9	1.381
372	15.1	16.9	1.339
373	14.7	16.9	1.240
374	14.4	16.9	1.089
375	14.6	16.9	0.993
376	15.2	16.9	0.927
377	16.3	16.9	0.963
378	17.0	16.9	1.195
379	17.4	16.8	1.333
380	17.8	16.8	1.649
381	18.1	16.8	1.694
382	18.8	16.8	1.580
383	19.5	16.8	0.951
384	20.0	16.8	0.596
385	21.0	16.8	0.412
386	21.2	16.8	0.223
387	21.3	16.8	0.087
388	21.1	16.7	0.063
389	21.1	16.7	0.190
390	20.9	16.7	0.475
391	20.8	16.7	1.285
392	20.6	16.7	1.375
393	19.7	16.7	1.381
394	18.8	16.7	1.447
395	17.9	16.7	1.381
396	17.0	16.7	1.339
397	15.7	16.7	1.240
398	14.6	16.7	1.089
399	14.8	16.7	0.993
400	14.3	16.7	0.927
401	14.2	16.7	0.963
402	14.7	16.7	1.195
403	14.4	16.7	1.333
404	14.4	16.7	1.649
405	15.3	16.7	1.694
406	14.7	16.7	1.580
407	14.8	16.7	0.951
408	14.6	16.7	0.596
409	13.6	16.7	0.412
410	14.2	16.7	0.223
411	14.6	16.6	0.087
412	14.6	16.6	0.063
413	14.7	16.6	0.190
414	14.8	16.6	0.475
415	15.2	16.6	1.285
416	15.5	16.6	1.375
417	15.2	16.6	1.381
418	14.7	16.6	1.447
419	14.7	16.6	1.381
420	14.3	16.6	1.339
421	13.9	16.6	1.240
422	13.9	16.6	1.089
423	13.9	16.6	0.993
424	14.5	16.6	0.927
425	14.7	16.6	0.963
426	14.8	16.6	1.195
427	15.5	16.6	1.333
428	15.6	16.6	1.649
429	16.4	16.6	1.694
430	16.7	16.6	1.580
431	16.6	16.6	0.951
432	16.4	16.6	0.596
433	16.7	16.6	0.412
434	17.1	16.6	0.223
435	17.7	16.5	0.087
436	18.1	16.5	0.063
437	17.7	16.5	0.190
438	17.5	16.5	0.475
439	17.2	16.5	1.285
440	17.4	16.5	1.375
441	17.0	16.5	1.381
442	17.0	16.5	1.447
443	17.2	16.5	1.381
444	16.5	16.5	1.339
445	16.2	16.5	1.240
446	15.7	16.5	1.089
447	15.0	16.5	0.993
448	15.2	16.5	0.927
449	15.2	16.5	0.963
450	14.9	16.5	1.195
451	15.5	16.5	1.333
452	15.9	16.5	1.649
453	16.5	16.5	1.694
454	16.9	16.5	1.580
455	16.5	16.5	0.951
456	16.2	16.5	0.596
457	16.4	16.5	0.412
458	17.1	16.5	0.223
459	17.1	16.4	0.087
460	17.7	16.4	0.063
461	17.6	16.4	0.190
462	17.7	16.4	0.475
463	17.8	16.4	1.285
464	17.8	16.4	1.375
465	17.9	16.4	1.381
466	17.0	16.4	1.447
467	16.6	16.4	1.381
468	15.9	16.4	1.339
469	15.3	16.4	1.240
470	14.9	16.4	1.089
471	14.5	16.4	0.993
472	14.1	16.4	0.927
473	14.3	16.4	0.963
474	14.1	16.4	1.195
475	14.4	16.4	1.333
476	14.9	16.4	1.649
477	14.7	16.4	1.694
478	15.0	16.4	1.580
479	15.2	16.4	0.951
480	15.2	16.4	0.596
481	15.2	16.4	0.412
482	16.0	16.4	0.223
483	16.0	16.4	0.087
484	16.5	16.4	0.063
485	16.5	16.4	0.190
486	16.3	16.3	0.475
487	16.6	16.3	1.285
488	16.4	16.3	1.375
489	16.0	16.3	1.381
490	15.4	16.3	1.447
491	14.9	16.3	1.381
492	14.0	16.3	1.339
493	14.3	16.3	1.240
494	13.7	16.3	1.089
495	13.6	16.3	0.993
496	13.7	16.3	0.927
497	13.7	16.3	0.963
498	14.4	16.3	1.195
499	14.6	16.2	1.333
500	15.4	16.2	1.649
501	15.2	16.2	1.694
502	16.0	16.2	1.580
503	16.2	16.2	0.951
504	16.7	16.2	0.596
505	16.9	16.2	0.412
506	16.5	16.2	0.223
507	16.5	16.2	0.087
508	16.7	16.2	0.063
509	17.0	16.2	0.190
510	17.6	16.2	0.475
511	18.0	16.2	1.285
512	18.1	16.2	1.375
513	17.8	16.2	1.381
514	17.3	16.2	1.447
515	16.6	16.2	1.381
516	16.1	16.2	1.339
517	15.9	16.2	1.240
518	15.5	16.2	1.089
519	15.4	16.1	0.993
520	16.0	16.1	0.927
521	16.1	16.1	0.963
522	16.2	16.1	1.195
523	16.5	16.1	1.333
524	16.4	16.1	1.649
525	16.4	16.1	1.694
526	16.9	16.1	1.580
527	17.4	16.1	0.951
528	18.0	16.1	0.596
529	18.2	16.1	0.412
530	18.2	16.1	0.223
531	18.8	16.1	0.087
532	18.4	16.1	0.063
533	18.6	16.1	0.190
534	18.2	16.1	0.475
535	18.7	16.1	1.285
536	18.7	16.1	1.375
537	18.2	16.0	1.381
538	17.5	16.0	1.447
539	16.7	16.0	1.381
540	15.6	16.0	1.339
541	15.0	16.0	1.240
542	14.0	16.0	1.089
543	13.9	16.0	0.993
544	14.3	16.0	0.927
545	14.5	16.0	0.963
546	14.8	16.0	1.195
547	15.0	16.0	1.333
548	15.2	16.0	1.649
549	15.5	16.0	1.694
550	16.2	16.0	1.580
551	16.5	15.9	0.951
552	17.1	15.9	0.596
553	17.1	15.9	0.412
554	17.0	15.9	0.223
555	17.1	15.9	0.087
556	17.0	15.9	0.063
557	17.7	15.9	0.190
558	17.9	15.9	0.475
559	17.6	15.9	1.285
560	17.3	15.9	1.375
561	16.8	15.9	1.381
562	16.2	15.9	1.447
563	15.9	15.9	1.381
564	15.5	15.9	1.339
565	15.0	15.9	1.240
566	14.6	15.9	1.089
567	14.3	15.9	0.993
568	14.4	15.9	0.927
569	14.7	15.9	0.963
570	14.8	15.9	1.195
571	15.0	15.9	1.333
572	15.4	15.9	1.649
573	15.1	15.9	1.694
574	15.4	15.8	1.580
575	15.3	15.8	0.951
576	14.9	15.8	0.596
577	14.9	15.8	0.412
578	15.3	15.8	0.223
579	15.5	15.8	0.087
580	14.8	15.8	0.063
581	14.5	15.8	0.190
582	14.6	15.8	0.475
583	14.4	15.8	1.285
584	14.0	15.8	1.375
585	13.7	15.8	1.381
586	13.3	15.8	1.447
587	12.6	15.8	1.381
588	11.8	15.8	1.339
589	11.3	15.8	1.240
590	11.1	15.8	1.089
591	10.6	15.8	0.993
592	10.3	15.8	0.927
593	10.4	15.7	0.963
594	10.4	15.7	1.195
595	10.4	15.7	1.333
596	10.2	15.7	1.649
597	10.6	15.7	1.694
598	11.0	15.7	1.580
599	11.3	15.7	0.951
600	11.4	15.7	0.596
601	11.2	15.7	0.412
602	11.9	15.7	0.223
603	12.5	15.7	0.087
604	12.9	15.7	0.063
605	13.3	15.7	0.190
606	13.2	15.7	0.475
607	13.2	15.7	1.285
608	13.3	15.7	1.375
609	13.5	15.7	1.381
610	13.4	15.7	1.447
611	13.2	15.6	1.381
612	13.3	15.6	1.339
613	13.3	15.6	1.240
614	12.9	15.6	1.089
615	12.8	15.6	0.993
616	12.3	15.6	0.927
617	13.1	15.6	0.963
618	13.4	15.6	1.195
619	14.2	15.6	1.333
620	14.5	15.6	1.649
621	15.5	15.6	1.694
622	15.9	15.6	1.580
623	16.1	15.6	0.951
624	16.4	15.6	0.596
625	17.0	15.6	0.412
626	17.2	15.6	0.223
627	17.0	15.6	0.087
628	16.7	15.6	0.063
629	16.7	15.6	0.190
630	16.7	15.6	0.475
631	16.2	15.5	1.285
632	16.1	15.5	1.375
633	15.7	15.5	1.381
634	15.4	15.5	1.447
635	14.4	15.5	1.381
636	13.4	15.5	1.339
637	13.2	15.5	1.240
638	13.0	15.5	1.089
639	13.0	15.5	0.993
640	13.4	15.5	0.927
641	13.1	15.5	0.963
642	13.7	15.5	1.195
643	14.3	15.5	1.333
644	14.4	15.5	1.649
645	14.5	15.5	1.694
646	14.0	15.5	1.580
647	13.8	15.5	0.951
648	13.5	15.5	0.596
649	13.7	15.5	0.412
650	14.2	15.5	0.223
651	14.2	15.5	0.087
652	14.3	15.5	0.063
653	14.7	15.5	0.190
654	15.3	15.5	0.475
655	15.1	15.5	1.285
656	15.0	15.5	1.375
657	15.1	15.5	1.381
658	14.7	15.5	1.447
659	14.4	15.5	1.381
660	14.0	15.5	1.339
661	13.9	15.5	1.240
662	14.0	15.5	1.089
663	14.0	15.4	0.993
664	13.9	15.4	0.927
665	14.6	15.4	0.963
666	15.2	15.4	1.195
667	15.9	15.4	1.333
668	16.6	15.4	1.649
669	17.2	15.4	1.694
670	17.9	15.4	1.580
671	18.7	15.4	0.951
672	19.0	15.4	0.596
673	19.1	15.4	0.412
674	18.6	15.4	0.223
675	18.2	15.4	0.087
676	17.8	15.4	0.063
677	16.5	15.4	0.190
678	15.7	15.4	0.475
679	15.3	15.4	1.285
680	15.3	15.4	1.375
681	15.3	15.4	1.381
682	14.8	15.4	1.447
683	14.2	15.4	1.381
684	13.4	15.4	1.339
685	13.3	15.4	1.240
686	13.1	15.4	1.089
687	12.9	15.4	0.993
688	11.6	15.3	0.927
689	11.1	15.3	0.963
690	10.9	15.3	1.195
691	10.6	15.3	1.333
692	10.1	15.3	1.649
693	9.3	15.3	1.694
694	8.8	15.3	1.580
695	8.1	15.3	0.951
696	7.7	15.3	0.596
697	7.5	15.3	0.412
698	7.4	15.3	0.223
699	7.8	15.3	0.087
700	8.1	15.3	0.063
701	8.2	15.3	0.190
702	8.1	15.3	0.475
703	8.4	15.3	1.285
704	8.8	15.3	1.375
705	8.6	15.3	1.381
706	8.4	15.3	1.447
707	8.5	15.3	1.381
708	7.9	15.3	1.339
709	7.5	15.3	1.240
710	7.6	15.3	1.089
711	8.0	15.3	0.993
712	7.6	15.3	0.927
713	7.5	15.3	0.963
714	7.4	15.3	1.195
715	7.4	15.3	1.333
716	7.0	15.3	1.649
717	7.3	15.3	1.694
718	6.8	15.2	1.580
719	7.0	15.2	0.951
720	7.4	15.2	0.596
721	7.6	15.2	0.412
722	7.2	15.2	0.223
723	7.0	15.2	0.087
724	6.8	15.2	0.063
725	6.6	15.2	0.190
726	6.8	15.2	0.475
727	6.9	15.2	1.285
728	7.0	15.2	1.375
729	7.3	15.2	1.381
730	6.8	15.2	1.447
731	6.1	15.2	1.381
732	5.8	15.2	1.339
733	5.3	15.2	1.240
734	4.8	15.2	1.089
735	5.1	15.2	0.993
736	5.4	15.2	0.927
737	5.8	15.2	0.963
738	6.9	15.2	1.195
739	7.9	15.2	1.333
740	8.3	15.2	1.649
741	8.3	15.2	1.694
742	8.4	15.2	1.580
743	9.0	15.2	0.951
744	9.6	15.2	0.596
745	9.9	15.2	0.412
746	10.4	15.2	0.223
747	10.5	15.2	0.087
748	10.2	15.2	0.063
749	10.3	15.1	0.190
750	10.4	15.1	0.475
751	10.1	15.1	1.285
752	10.7	15.1	1.375
753	10.4	15.1	1.381
754	9.8	15.1	1.447
755	9.0	15.1	1.381
756	8.7	15.1	1.339
757	8.4	15.1	1.240
758	8.1	15.1	1.089
759	8.3	15.1	0.993
760	8.1	15.1	0.927
761	8.5	15.1	0.963
762	9.0	15.1	1.195
763	9.7	15.1	1.333
764	10.4	15.1	1.649
765	11.3	15.1	1.694
766	12.1	15.1	1.580
767	12.9	15.1	0.951
768	13.2	15.1	0.596
769	13.4	15.1	0.412
770	13.2	15.1	0.223
771	13.2	15.1	0.087
772	13.9	15.1	0.063
773	14.4	15.1	0.190
774	14.7	15.1	0.475
775	15.0	15.1	1.285
776	15.2	15.1	1.375
777	15.2	15.1	1.381
778	15.1	15.1	1.447
779	14.9	15.1	1.381
780	14.8	15.0	1.339
781	14.5	15.0	1.240
782	14.2	15.0	1.089
783	14.4	15.0	0.993
784	14.7	15.0	0.927
785	15.1	15.0	0.963
786	15.3	15.0	1.195
787	16.2	15.0	1.333
788	17.2	15.0	1.649
789	17.8	15.0	1.694
790	18.3	15.0	1.580
791	18.6	15.0	0.951
792	18.8	15.0	0.596
793	19.0	15.0	0.412
794	19.3	15.0	0.223
795	19.2	15.0	0.087
796	19.6	15.0	0.063
797	20.0	15.0	0.190
798	20.1	15.0	0.475
799	20.6	15.0	1.285
800	20.1	15.0	1.375
801	20.0	15.0	1.381
802	19.4	15.0	1.447
803	18.7	15.0	1.381
804	17.9	14.9	1.339
805	17.6	14.9	1.240
806	17.0	14.9	1.089
807	16.9	14.9	0.993
808	17.1	14.9	0.927
809	17.3	14.9	0.963
810	17.7	14.9	1.195
811	18.3	14.9	1.333
812	18.5	14.9	1.649
813	18.2	14.9	1.694
814	19.0	14.9	1.580
815	18.6	14.9	0.951
816	18.5	14.9	0.596
817	18.9	14.9	0.412
818	18.8	14.9	0.223
819	18.6	14.9	0.087
820	18.9	14.9	0.063
821	18.2	14.9	0.190
822	17.5	14.9	0.475
823	17.3	14.9	1.285
824	16.9	14.9	1.375
825	16.6	14.9	1.381
826	16.4	14.9	1.447
827	15.5	14.9	1.381
828	14.4	14.8	1.339
829	13.7	14.8	1.240
830	12.9	14.8	1.089
831	12.7	14.8	0.993
832	12.6	14.8	0.927
833	12.5	14.8	0.963
834	12.5	14.8	1.195
835	13.3	14.8	1.333
836	13.2	14.8	1.649
837	13.4	14.8	1.694
838	13.7	14.8	1.580
839	14.0	14.8	0.951
840	13.9	14.8	0.596
841	14.0	14.8	0.412
842	13.8	14.8	0.223
843	13.6	14.8	0.087
844	14.0	14.8	0.063
845	14.0	14.8	0.190
846	14.1	14.8	0.475
847	14.2	14.8	1.285
848	14.0	14.8	1.375
849	13.7	14.8	1.381
850	13.2	14.8	1.447
851	12.7	14.8	1.381
852	12.1	14.8	1.339
853	11.3	14.8	1.240
854	11.6	14.8	1.089
855	11.5	14.8	0.993
856	11.9	14.8	0.927
857	12.1	14.8	0.963
858	12.7	14.7	1.195
859	13.3	14.7	1.333
860	14.0	14.7	1.649
861	14.1	14.7	1.694
862	14.1	14.7	1.580
863	14.3	14.7	0.951
864	14.1	14.7	0.596
865	14.0	14.7	0.412
866	14.4	14.7	0.223
867	14.3	14.7	0.087
868	14.3	14.7	0.063
869	13.7	14.7	0.190
870	13.9	14.7	0.475
871	14.2	14.7	1.285
872	13.8	14.7	1.375
873	13.9	14.7	1.381
874	13.8	14.7	1.447
875	13.1	14.7	1.381
876	12.9	14.7	1.339
877	12.3	14.7	1.240
878	11.9	14.7	1.089
879	11.8	14.7	0.993
880	11.4	14.7	0.927
881	11.4	14.7	0.963
882	11.9	14.7	1.195
883	12.6	14.7	1.333
884	12.8	14.7	1.649
885	13.2	14.7	1.694
886	13.1	14.7	1.580
887	13.8	14.7	0.951
888	13.8	14.7	0.596
889	13.8	14.6	0.412
890	13.6	14.6	0.223
891	13.4	14.6	0.087
892	12.7	14.6	0.063
893	13.2	14.6	0.190
894	13.0	14.6	0.475
895	13.0	14.6	1.285
896	12.6	14.6	1.375
897	12.5	14.6	1.381
898	12.4	14.6	1.447
899	12.0	14.6	1.381
900	12.1	14.6	1.339
901	12.3	14.6	1.240
902	12.2	14.6	1.089
903	12.1	14.6	0.993
904	11.9	14.6	0.927
905	11.8	14.6	0.963
906	11.5	14.6	1.195
907	11.4	14.6	1.333
908	11.2	14.6	1.649
909	11.5	14.6	1.694
910	11.5	14.6	1.580
911	11.6	14.6	0.951
912	11.4	14.6	0.596
913	11.5	14.6	0.412
914	11.8	14.6	0.223
915	12.2	14.6	0.087
916	12.6	14.6	0.063
917	12.6	14.6	0.190
918	13.3	14.6	0.475
919	13.1	14.6	1.285
920	12.8	14.6	1.375
921	12.8	14.6	1.381
922	12.2	14.6	1.447
923	12.2	14.6	1.381
924	11.4	14.6	1.339
925	11.2	14.6	1.240
926	11.2	14.6	1.089
927	10.8	14.6	0.993
928	10.9	14.6	0.927
929	10.8	14.6	0.963
930	11.6	14.6	1.195
931	12.0	14.6	1.333
932	12.6	14.6	1.649
933	12.8	14.6	1.694
934	13.4	14.5	1.580
935	13.8	14.5	0.951
936	13.9	14.5	0.596
937	13.7	14.5	0.412
938	14.1	14.5	0.223
939	13.9	14.5	0.087
940	13.8	14.5	0.063
941	14.0	14.5	0.190
942	14.2	14.5	0.475
943	14.6	14.5	1.285
944	14.6	14.5	1.375
945	14.6	14.5	1.381
946	14.4	14.5	1.447
947	13.9	14.5	1.381
948	13.0	14.5	1.339
949	12.5	14.5	1.240
950	12.1	14.5	1.089
951	12.6	14.5	0.993
952	13.0	14.5	0.927
953	12.9	14.5	0.963
954	13.2	14.5	1.195
955	13.3	14.5	1.333
956	14.0	14.5	1.649
957	13.9	14.5	1.694
958	13.9	14.5	1.580
959	14.3	14.5	0.951
960	14.5	14.5	0.596
961	14.7	14.5	0.412
962	14.9	14.5	0.223
963	15.1	14.5	0.087
964	15.1	14.5	0.063
965	15.2	14.5	0.190
966	15.2	14.5	0.475
967	15.1	14.5	1.285
968	15.3	14.4	1.375
969	14.7	14.4	1.381
970	14.2	14.4	1.447
971	13.8	14.4	1.381
972	13.3	14.4	1.339
973	12.3	14.4	1.240
974	12.1	14.4	1.089
975	11.8	14.4	0.993
976	11.7	14.4	0.927
977	12.1	14.4	0.963
978	12.7	14.4	1.195
979	13.9	14.4	1.333
980	14.1	14.4	1.649
981	14.8	14.4	1.694
982	15.4	14.4	1.580
983	15.0	14.4	0.951
984	15.4	14.4	0.596
985	15.6	14.4	0.412
986	15.5	14.4	0.223
987	15.4	14.4	0.087
988	15.8	14.4	0.063
989	15.7	14.4	0.190
990	15.4	14.4	0.475
991	15.3	14.4	1.285
992	15.2	14.4	1.375
993	15.0	14.4	1.381
994	14.1	14.4	1.447
995	13.9	14.4	1.381
996	13.5	14.4	1.339
997	12.8	14.4	1.240
998	12.5	14.4	1.089
999	12.5	14.4	0.993
1000	12.6	14.4	0.927
1001	12.8	14.4	0.963
1002	13.2	14.4	1.195
1003	13.5	14.4	1.333
1004	13.7	14.4	1.649
1005	13.6	14.4	1.694
1006	14.5	14.4	1.580
1007	14.4	14.4	0.951
1008	13.9	14.4	0.596
1009	14.0	14.4	0.412
1010	14.0	14.3	0.223
1011	14.4	14.3	0.087
1012	14.4	14.3	0.063
1013	13.9	14.3	0.190
1014	13.7	14.3	0.475
1015	13.6	14.3	1.285
1016	13.2	14.3	1.375
1017	12.9	14.3	1.381
1018	12.9	14.3	1.447
1019	12.2	14.3	1.381
1020	11.7	14.3	1.339
1021	11.5	14.3	1.240
1022	10.7	14.3	1.089
1023	10.0	14.3	0.993
1024	10.1	14.3	0.927
1025	9.8	14.3	0.963
1026	9.7	14.3	1.195
1027	10.2	14.3	1.333
1028	10.9	14.3	1.649
1029	11.3	14.3	1.694
1030	10.9	14.3	1.580
1031	11.3	14.3	0.951
1032	11.4	14.3	0.596
1033	11.2	14.3	0.412
1034	11.4	14.3	0.223
1035	11.6	14.3	0.087
1036	11.8	14.3	0.063
1037	11.5	14.3	0.190
1038	11.5	14.3	0.475
1039	11.6	14.3	1.285
1040	11.4	14.3	1.375
1041	11.5	14.3	1.381
1042	11.6	14.3	1.447
1043	11.6	14.3	1.381
1044	12.1	14.3	1.339
1045	11.7	14.3	1.240
1046	12.0	14.3	1.089
1047	11.7	14.2	0.993
1048	12.0	14.2	0.927
1049	12.6	14.2	0.963
1050	12.6	14.2	1.195
1051	12.8	14.2	1.333
1052	13.1	14.2	1.649
1053	13.1	14.2	1.694
1054	13.3	14.2	1.580
1055	13.1	14.2	0.951
1056	13.3	14.2	0.596
1057	12.8	14.2	0.412
1058	12.8	14.2	0.223
1059	12.7	14.2	0.087
1060	12.6	14.2	0.063
1061	12.7	14.2	0.190
1062	12.6	14.2	0.475
1063	12.6	14.2	1.285
1064	12.6	14.2	1.375
1065	12.2	14.2	1.381
1066	12.2	14.2	1.447
1067	11.6	14.2	1.381
1068	11.5	14.2	1.339
1069	10.8	14.2	1.240
1070	10.3	14.2	1.089
1071	10.1	14.2	0.993
1072	10.5	14.2	0.927
1073	10.4	14.2	0.963
1074	10.1	14.2	1.195
1075	10.1	14.2	1.333
1076	10.0	14.2	1.649
1077	9.5	14.2	1.694
1078	8.9	14.2	1.580
1079	9.0	14.2	0.951
1080	9.0	14.2	0.596
1081	9.0	14.2	0.412
1082	9.2	14.2	0.223
1083	8.8	14.1	0.087
1084	9.0	14.1	0.063
1085	9.2	14.1	0.190
1086	8.7	14.1	0.475
1087	8.7	14.1	1.285
1088	8.4	14.1	1.375
1089	7.4	14.1	1.381
1090	7.1	14.1	1.447
1091	6.6	14.1	1.381
1092	6.3	14.1	1.339
1093	5.9	14.1	1.240
1094	5.3	14.1	1.089
1095	5.0	14.1	0.993
1096	4.9	14.1	0.927
1097	5.1	14.1	0.963
1098	5.8	14.1	1.195
1099	6.5	14.1	1.333
1100	6.9	14.1	1.649
1101	6.7	14.1	1.694
1102	7.0	14.1	1.580
1103	7.4	14.1	0.951
1104	8.1	14.1	0.596
1105	8.4	14.1	0.412
1106	8.5	14.1	0.223
1107	8.5	14.1	0.087
1108	9.1	14.1	0.063
1109	8.9	14.1	0.190
1110	8.7	14.1	0.475
1111	9.1	14.0	1.285
1112	8.8	14.0	1.375
1113	8.8	14.0	1.381
1114	8.6	14.0	1.447
1115	8.1	14.0	1.381
1116	7.1	14.0	1.339
1117	6.1	14.0	1.240
1118	6.1	14.0	1.089
1119	6.7	14.0	0.993
1120	6.9	14.0	0.927
1121	7.1	14.0	0.963
1122	7.5	14.0	1.195
1123	8.2	14.0	1.333
1124	8.9	14.0	1.649
1125	9.2	14.0	1.694
1126	9.6	14.0	1.580
1127	10.3	14.0	0.951
1128	10.6	14.0	0.596
1129	11.0	14.0	0.412
1130	11.0	14.0	0.223
1131	11.7	14.0	0.087
1132	11.9	14.0	0.063
1133	12.5	14.0	0.190
1134	12.7	14.0	0.475
1135	12.6	14.0	1.285
1136	12.3	14.0	1.375
1137	11.8	14.0	1.381
1138	11.8	14.0	1.447
1139	11.4	14.0	1.381
1140	10.6	14.0	1.339
1141	10.0	14.0	1.240
1142	9.7	14.0	1.089
1143	9.5	14.0	0.993
1144	9.8	14.0	0.927
1145	10.0	14.0	0.963
1146	11.2	14.0	1.195
1147	11.3	14.0	1.333
1148	11.7	14.0	1.649
1149	12.0	14.0	1.694
1150	12.9	14.0	1.580
1151	13.2	13.9	0.951
1152	13.6	13.9	0.596
1153	14.0	13.9	0.412
1154	14.0	13.9	0.223
1155	14.4	13.9	0.087
1156	14.5	13.9	0.063
1157	15.0	13.9	0.190
1158	14.9	13.9	0.475
1159	14.8	13.9	1.285
1160	15.0	13.9	1.375
1161	15.2	13.9	1.381
1162	14.9	13.9	1.447
1163	14.6	13.9	1.381
1164	14.3	13.9	1.339
1165	13.7	13.9	1.240
1166	13.7	13.9	1.089
1167	13.4	13.9	0.993
1168	13.2	13.9	0.927
1169	13.0	13.9	0.963
1170	13.8	13.9	1.195
1171	14.5	13.9	1.333
1172	14.4	13.9	1.649
1173	14.5	13.9	1.694
1174	14.8	13.9	1.580
1175	15.6	13.9	0.951
1176	15.4	13.9	0.596
1177	15.2	13.9	0.412
1178	15.3	13.9	0.223
1179	15.8	13.9	0.087
1180	15.7	13.9	0.063
1181	16.3	13.9	0.190
1182	16.6	13.9	0.475
1183	16.5	13.9	1.285
1184	16.5	13.9	1.375
1185	15.9	13.9	1.381
1186	15.6	13.9	1.447
1187	15.5	13.9	1.381
1188	15.0	13.9	1.339
1189	14.5	13.8	1.240
1190	14.2	13.8	1.089
1191	14.2	13.8	0.993
1192	14.0	13.8	0.927
1193	14.3	13.8	0.963
1194	14.8	13.8	1.195
1195	14.9	13.8	1.333
1196	15.9	13.8	1.649
1197	16.6	13.8	1.694
1198	17.0	13.8	1.580
1199	16.7	13.8	0.951
1200	17.1	13.8	0.596
1201	17.4	13.8	0.412
1202	18.2	13.8	0.223
1203	18.2	13.8	0.087
1204	18.2	13.8	0.063
1205	17.7	13.8	0.190
1206	17.4	13.8	0.475
1207	17.4	13.8	1.285
1208	17.3	13.8	1.375
1209	17.3	13.8	1.381
1210	17.0	13.8	1.447
1211	16.6	13.8	1.381
1212	16.4	13.8	1.339
1213	16.3	13.8	1.240
1214	16.3	13.7	1.089
1215	16.0	13.7	0.993
1216	16.3	13.7	0.927
1217	16.4	13.7	0.963
1218	17.0	13.7	1.195
1219	17.3	13.7	1.333
1220	17.6	13.7	1.649
1221	17.7	13.7	1.694
1222	17.9	13.7	1.580
1223	17.8	13.7	0.951
1224	18.2	13.7	0.596
1225	18.3	13.7	0.412
1226	17.9	13.7	0.223
1227	17.8	13.7	0.087
1228	17.2	13.7	0.063
1229	16.4	13.7	0.190
1230	16.0	13.7	0.475
1231	15.9	13.7	1.285
1232	15.6	13.7	1.375
1233	15.4	13.7	1.381
1234	14.8	13.7	1.447
1235	14.1	13.7	1.381
1236	14.0	13.7	1.339
1237	13.7	13.7	1.240
1238	13.0	13.7	1.089
1239	12.9	13.7	0.993
1240	12.6	13.7	0.927
1241	12.6	13.7	0.963
1242	12.3	13.7	1.195
1243	11.9	13.7	1.333
1244	11.5	13.7	1.649
1245	11.5	13.7	1.694
1246	10.8	13.7	1.580
1247	10.6	13.7	0.951
1248	10.4	13.7	0.596
1249	9.9	13.7	0.412
1250	10.2	13.7	0.223
1251	10.1	13.7	0.087
1252	9.9	13.7	0.063
1253	9.9	13.7	0.190
1254	10.1	13.7	0.475
1255	10.2	13.7	1.285
1256	10.3	13.6	1.375
1257	9.7	13.6	1.381
1258	8.7	13.6	1.447
1259	8.4	13.6	1.381
1260	7.4	13.6	1.339
1261	7.2	13.6	1.240
1262	7.3	13.6	1.089
1263	7.0	13.6	0.993
1264	7.6	13.6	0.927
1265	7.9	13.6	0.963
1266	8.0	13.6	1.195
1267	8.8	13.6	1.333
1268	8.9	13.6	1.649
1269	9.2	13.6	1.694
1270	9.7	13.6	1.580
1271	10.0	13.6	0.951
1272	10.3	13.6	0.596
1273	10.3	13.6	0.412
1274	10.5	13.6	0.223
1275	10.7	13.6	0.087
1276	10.5	13.6	0.063
1277	10.8	13.5	0.190
1278	11.1	13.5	0.475
1279	11.0	13.5	1.285
1280	11.4	13.5	1.375
1281	11.3	13.5	1.381
1282	11.1	13.5	1.447
1283	10.2	13.5	1.381
1284	9.6	13.5	1.339
1285	9.4	13.5	1.240
1286	9.1	13.5	1.089
1287	8.6	13.5	0.993
1288	8.6	13.5	0.927
1289	9.1	13.5	0.963
1290	9.6	13.5	1.195
1291	10.3	13.5	1.333
1292	10.1	13.5	1.649
1293	10.4	13.5	1.694
1294	10.7	13.5	1.580
1295	10.5	13.5	0.951
1296	10.9	13.5	0.596
1297	10.9	13.5	0.412
1298	11.3	13.5	0.223
1299	11.5	13.5	0.087
1300	12.4	13.5	0.063
1301	12.6	13.4	0.190
1302	13.0	13.4	0.475
1303	13.2	13.4	1.285
1304	13.5	13.4	1.375
1305	13.3	13.4	1.381
1306	12.6	13.4	1.447
1307	11.8	13.4	1.381
1308	11.3	13.4	1.339
1309	10.9	13.4	1.240
1310	10.5	13.4	1.089
1311	10.1	13.4	0.993
1312	9.6	13.4	0.927
1313	10.1	13.4	0.963
1314	10.8	13.4	1.195
1315	11.5	13.4	1.333
1316	11.8	13.4	1.649
1317	12.1	13.4	1.694
1318	12.2	13.4	1.580
1319	12.4	13.4	0.951
1320	12.2	13.4	0.596
1321	12.3	13.4	0.412
1322	12.5	13.4	0.223
1323	12.8	13.4	0.087
1324	12.5	13.4	0.063
1325	12.7	13.4	0.190
1326	12.6	13.4	0.475
1327	12.1	13.4	1.285
1328	11.4	13.4	1.375
1329	11.4	13.3	1.381
1330	10.8	13.3	1.447
1331	9.7	13.3	1.381
1332	8.5	13.3	1.339
1333	7.8	13.3	1.240
1334	6.8	13.3	1.089
1335	6.6	13.3	0.993
1336	7.2	13.3	0.927
1337	7.1	13.3	0.963
1338	7.7	13.3	1.195
1339	8.5	13.3	1.333
1340	8.9	13.3	1.649
1341	8.8	13.3	1.694
1342	8.9	13.3	1.580
1343	9.0	13.3	0.951
1344	9.1	13.3	0.596
1345	9.3	13.3	0.412
1346	9.8	13.3	0.223
1347	10.4	13.3	0.087
1348	10.4	13.3	0.063
1349	10.4	13.3	0.190
1350	10.4	13.3	0.475
1351	10.6	13.3	1.285
1352	10.8	13.3	1.375
1353	10.7	13.3	1.381
1354	10.1	13.3	1.447
1355	9.8	13.3	1.381
1356	9.3	13.3	1.339
1357	8.9	13.3	1.240
1358	9.1	13.3	1.089
1359	8.8	13.3	0.993
1360	9.1	13.3	0.927
1361	9.5	13.3	0.963
1362	10.3	13.3	1.195
1363	11.3	13.2	1.333
1364	12.2	13.2	1.649
1365	12.7	13.2	1.694
1366	12.8	13.2	1.580
1367	13.8	13.2	0.951
1368	13.9	13.2	0.596
1369	14.5	13.2	0.412
1370	15.1	13.2	0.223
1371	14.6	13.2	0.087
1372	14.8	13.2	0.063
1373	15.0	13.2	0.190
1374	14.6	13.2	0.475
1375	14.6	13.2	1.285
1376	14.7	13.2	1.375
1377	14.9	13.2	1.381
1378	14.4	13.2	1.447
1379	13.6	13.2	1.381
1380	13.1	13.2	1.339
1381	12.8	13.2	1.240
1382	12.4	13.2	1.089
1383	12.1	13.2	0.993
1384	12.4	13.2	0.927
1385	12.8	13.2	0.963
1386	13.7	13.2	1.195
1387	15.1	13.2	1.333
1388	15.6	13.2	1.649
1389	16.2	13.2	1.694
1390	16.3	13.2	1.580
1391	16.9	13.2	0.951
1392	18.0	13.1	0.596
1393	18.3	13.1	0.412
1394	18.5	13.1	0.223
1395	18.4	13.1	0.087
1396	18.6	13.1	0.063
1397	18.7	13.1	0.190
1398	18.5	13.1	0.475
1399	18.5	13.1	1.285
1400	17.9	13.1	1.375
1401	17.6	13.1	1.381
1402	16.9	13.1	1.447
1403	16.1	13.1	1.381
1404	14.8	13.1	1.339
1405	13.7	13.1	1.240
1406	12.8	13.1	1.089
1407	12.4	13.1	0.993
1408	12.0	13.1	0.927
1409	12.2	13.1	0.963
1410	13.0	13.1	1.195
1411	13.9	13.1	1.333
1412	14.1	13.1	1.649
1413	14.2	13.1	1.694
1414	14.6	13.1	1.580
1415	14.8	13.1	0.951
1416	15.1	13.1	0.596
1417	9.9	13.1	0.412
1418	9.9	13.0	0.223
1419	9.8	13.0	0.087
1420	10.0	13.0	0.063
1421	9.8	13.0	0.190
1422	10.0	13.0	0.475
1423	9.8	13.0	1.285
1424	9.8	13.0	1.375
1425	9.4	13.0	1.381
1426	8.8	13.0	1.447
1427	8.5	13.0	1.381
1428	8.1	13.0	1.339
1429	8.0	13.0	1.240
1430	7.6	13.0	1.089
1431	7.3	13.0	0.993
1432	7.4	13.0	0.927
1433	7.8	13.0	0.963
1434	8.0	13.0	1.195
1435	8.5	13.0	1.333
1436	8.8	13.0	1.649
1437	9.1	13.0	1.694
1438	9.4	13.0	1.580
1439	10.1	13.0	0.951
1440	10.3	13.0	0.596
1441	10.5	13.0	0.412
1442	10.6	13.0	0.223
1443	10.7	13.0	0.087
1444	10.7	13.0	0.063
1445	10.4	13.0	0.190
1446	10.5	12.9	0.475
1447	10.5	12.9	1.285
1448	10.4	12.9	1.375
1449	10.1	12.9	1.381
1450	9.5	12.9	1.447
1451	8.6	12.9	1.381
1452	7.5	12.9	1.339
1453	7.1	12.9	1.240
1454	6.4	12.9	1.089
1455	6.1	12.9	0.993
1456	6.3	12.9	0.927
1457	6.4	12.9	0.963
1458	7.1	12.9	1.195
1459	7.5	12.9	1.333
1460	7.7	12.9	1.649
1461	7.9	12.9	1.694
1462	8.2	12.9	1.580
1463	8.1	12.9	0.951
1464	8.2	12.9	0.596
1465	8.5	12.9	0.412
1466	8.8	12.9	0.223
1467	9.2	12.9	0.087
1468	9.6	12.9	0.063
1469	9.7	12.9	0.190
1470	9.5	12.9	0.475
1471	9.3	12.9	1.285
1472	9.0	12.9	1.375
1473	8.9	12.9	1.381
1474	8.6	12.9	1.447
1475	8.0	12.9	1.381
1476	7.7	12.9	1.339
1477	7.4	12.9	1.240
1478	7.1	12.8	1.089
1479	6.9	12.8	0.993
1480	7.0	12.8	0.927
1481	7.3	12.8	0.963
1482	7.2	12.8	1.195
1483	7.4	12.8	1.333
1484	7.6	12.8	1.649
1485	7.6	12.8	1.694
1486	7.5	12.8	1.580
1487	7.4	12.8	0.951
1488	7.5	12.8	0.596
1489	7.5	12.8	0.412
1490	7.5	12.8	0.223
1491	7.5	12.8	0.087
1492	7.7	12.8	0.063
1493	7.4	12.8	0.190
1494	7.6	12.8	0.475
1495	7.7	12.8	1.285
1496	7.7	12.8	1.375
1497	7.4	12.8	1.381
1498	7.5	12.8	1.447
1499	7.1	12.8	1.381
1500	6.7	12.8	1.339
1501	6.5	12.8	1.240
1502	6.2	12.8	1.089
1503	6.7	12.8	0.993
1504	6.8	12.8	0.927
1505	6.9	12.8	0.963
1506	7.6	12.8	1.195
1507	8.0	12.7	1.333
1508	8.0	12.7	1.649
1509	8.1	12.7	1.694
1510	8.8	12.7	1.580
1511	9.4	12.7	0.951
1512	9.8	12.7	0.596
1513	9.8	12.7	0.412
1514	9.9	12.7	0.223
1515	10.1	12.7	0.087
1516	10.5	12.7	0.063
1517	11.2	12.7	0.190
1518	11.1	12.7	0.475
1519	10.8	12.7	1.285
1520	10.8	12.7	1.375
1521	10.2	12.7	1.381
1522	9.6	12.7	1.447
1523	9.0	12.7	1.381
1524	8.1	12.7	1.339
1525	7.5	12.7	1.240
1526	7.3	12.7	1.089
1527	7.0	12.7	0.993
1528	7.0	12.7	0.927
1529	7.3	12.7	0.963
1530	7.7	12.6	1.195
1531	8.2	12.6	1.333
1532	8.7	12.6	1.649
1533	8.7	12.6	1.694
1534	8.8	12.6	1.580
1535	9.1	12.6	0.951
1536	9.6	12.6	0.596
1537	9.8	12.6	0.412
1538	10.0	12.6	0.223
1539	10.1	12.6	0.087
1540	10.3	12.6	0.063
1541	9.6	12.6	0.190
1542	10.1	12.6	0.475
1543	10.1	12.6	1.285
1544	9.9	12.6	1.375
1545	9.6	12.6	1.381
1546	9.0	12.6	1.447
1547	8.5	12.6	1.381
1548	7.3	12.6	1.339
1549	6.7	12.6	1.240
1550	6.5	12.6	1.089
1551	6.2	12.6	0.993
1552	6.2	12.6	0.927
1553	6.1	12.6	0.963
1554	6.6	12.6	1.195
1555	7.1	12.6	1.333
1556	7.4	12.6	1.649
1557	8.0	12.6	1.694
1558	8.6	12.6	1.580
1559	8.8	12.6	0.951
1560	8.9	12.6	0.596
1561	9.0	12.6	0.412
1562	9.0	12.6	0.223
1563	9.0	12.6	0.087
1564	9.4	12.6	0.063
1565	9.6	12.6	0.190
1566	9.6	12.6	0.475
1567	9.1	12.6	1.285
1568	9.0	12.6	1.375
1569	8.6	12.6	1.381
1570	8.0	12.5	1.447
1571	7.4	12.5	1.381
1572	6.7	12.5	1.339
1573	6.4	12.5	1.240
1574	6.2	12.5	1.089
1575	5.7	12.5	0.993
1576	5.5	12.5	0.927
1577	5.7	12.5	0.963
1578	6.1	12.5	1.195
1579	6.6	12.5	1.333
1580	7.4	12.5	1.649
1581	7.3	12.5	1.694
1582	7.5	12.5	1.580
1583	7.6	12.5	0.951
1584	7.3	12.5	0.596
1585	7.4	12.5	0.412
1586	7.8	12.5	0.223
1587	7.7	12.5	0.087
1588	7.6	12.5	0.063
1589	7.8	12.5	0.190
1590	8.2	12.5	0.475
1591	8.0	12.5	1.285
1592	7.8	12.5	1.375
1593	6.8	12.5	1.381
1594	5.9	12.5	1.447
1595	5.0	12.5	1.381
1596	4.5	12.5	1.339
1597	4.1	12.5	1.240
1598	3.5	12.5	1.089
1599	3.1	12.4	0.993
1600	3.3	12.4	0.927
1601	3.9	12.4	0.963
1602	4.1	12.4	1.195
1603	4.3	12.4	1.333
1604	4.5	12.4	1.649
1605	5.1	12.4	1.694
1606	5.3	12.4	1.580
1607	5.5	12.4	0.951
1608	5.8	12.4	0.596
1609	6.0	12.4	0.412
1610	5.9	12.4	0.223
1611	6.4	12.4	0.087
1612	6.5	12.4	0.063
1613	6.4	12.4	0.190
1614	6.5	12.4	0.475
1615	6.4	12.4	1.285
1616	6.6	12.4	1.375
1617	6.3	12.4	1.381
1618	5.7	12.4	1.447
1619	5.2	12.4	1.381
1620	4.4	12.4	1.339
1621	3.9	12.4	1.240
1622	3.7	12.4	1.089
1623	3.6	12.4	0.993
1624	3.5	12.4	0.927
1625	4.0	12.3	0.963
1626	4.9	12.3	1.195
1627	5.8	12.3	1.333
1628	6.5	12.3	1.649
1629	7.0	12.3	1.694
1630	7.2	12.3	1.580
1631	7.5	12.3	0.951
1632	7.8	12.3	0.596
1633	7.8	12.3	0.412
1634	7.7	12.3	0.223
1635	8.0	12.3	0.087
1636	8.0	12.3	0.063
1637	8.1	12.3	0.190
1638	8.3	12.3	0.475
1639	8.3	12.3	1.285
1640	8.2	12.3	1.375
1641	7.1	12.3	1.381
1642	6.4	12.3	1.447
1643	5.6	12.3	1.381
1644	4.3	12.3	1.339
1645	3.3	12.3	1.240
1646	2.7	12.3	1.089
1647	2.3	12.3	0.993
1648	2.4	12.3	0.927
1649	2.8	12.3	0.963
1650	3.5	12.3	1.195
1651	4.2	12.3	1.333
1652	4.4	12.3	1.649
1653	4.9	12.3	1.694
1654	5.3	12.3	1.580
1655	5.3	12.3	0.951
1656	5.8	12.3	0.596
1657	5.8	12.3	0.412
1658	6.1	12.3	0.223
1659	6.3	12.3	0.087
1660	6.3	12.3	0.063
1661	6.5	12.2	0.190
1662	6.5	12.2	0.475
1663	6.5	12.2	1.285
1664	6.6	12.2	1.375
1665	6.1	12.2	1.381
1666	5.3	12.2	1.447
1667	4.3	12.2	1.381
1668	3.4	12.2	1.339
1669	2.3	12.2	1.240
1670	2.2	12.2	1.089
1671	2.2	12.2	0.993
1672	2.2	12.2	0.927
1673	2.5	12.2	0.963
1674	3.0	12.2	1.195
1675	3.5	12.2	1.333
1676	4.2	12.2	1.649
1677	4.2	12.2	1.694
1678	4.2	12.2	1.580
1679	4.6	12.2	0.951
1680	5.0	12.2	0.596
1681	5.5	12.2	0.412
1682	5.8	12.2	0.223
1683	6.0	12.2	0.087
1684	5.8	12.2	0.063
1685	5.8	12.2	0.190
1686	6.0	12.2	0.475
1687	6.1	12.2	1.285
1688	6.1	12.2	1.375
1689	5.8	12.2	1.381
1690	5.4	12.2	1.447
1691	4.7	12.1	1.381
1692	4.6	12.1	1.339
1693	4.2	12.1	1.240
1694	3.8	12.1	1.089
1695	3.4	12.1	0.993
1696	3.7	12.1	0.927
1697	4.5	12.1	0.963
1698	5.0	12.1	1.195
1699	5.3	12.1	1.333
1700	5.6	12.1	1.649
1701	5.9	12.1	1.694
1702	6.6	12.1	1.580
1703	7.1	12.1	0.951
1704	7.1	12.1	0.596
1705	7.5	12.1	0.412
1706	7.4	12.1	0.223
1707	7.4	12.1	0.087
1708	7.7	12.1	0.063
1709	7.9	12.1	0.190
1710	7.8	12.1	0.475
1711	7.8	12.1	1.285
1712	7.7	12.1	1.375
1713	7.2	12.1	1.381
1714	6.8	12.1	1.447
1715	6.2	12.1	1.381
1716	5.7	12.1	1.339
1717	5.4	12.1	1.240
1718	5.2	12.1	1.089
1719	5.1	12.1	0.993
1720	5.3	12.1	0.927
1721	5.6	12.1	0.963
1722	5.6	12.1	1.195
1723	6.0	12.1	1.333
1724	6.4	12.1	1.649
1725	6.6	12.1	1.694
1726	6.8	12.1	1.580
1727	6.8	12.1	0.951
1728	7.1	12.1	0.596
1729	7.2	12.0	0.412
1730	7.5	12.0	0.223
1731	7.8	12.0	0.087
1732	7.7	12.0	0.063
1733	7.9	12.0	0.190
1734	8.2	12.0	0.475
1735	8.3	12.0	1.285
1736	8.4	12.0	1.375
1737	7.9	12.0	1.381
1738	7.6	12.0	1.447
1739	7.3	12.0	1.381
1740	6.9	12.0	1.339
1741	6.5	12.0	1.240
1742	6.2	12.0	1.089
1743	6.2	12.0	0.993
1744	6.2	12.0	0.927
1745	6.9	12.0	0.963
1746	7.2	12.0	1.195
1747	7.8	12.0	1.333
1748	7.7	12.0	1.649
1749	8.0	12.0	1.694
1750	8.1	12.0	1.580
1751	8.3	12.0	0.951
1752	8.5	12.0	0.596
1753	8.7	12.0	0.412
1754	9.1	11.9	0.223
1755	9.3	11.9	0.087
1756	9.3	11.9	0.063
1757	9.4	11.9	0.190
1758	9.3	11.9	0.475
1759	9.3	11.9	1.285
1760	9.0	11.9	1.375
1761	8.3	11.9	1.381
1762	7.7	11.9	1.447
1763	7.1	11.9	1.381
1764	6.2	11.9	1.339
1765	5.6	11.9	1.240
1766	5.4	11.9	1.089
1767	5.3	11.9	0.993
1768	5.2	11.9	0.927
1769	5.6	11.9	0.963
1770	6.1	11.9	1.195
1771	6.6	11.9	1.333
1772	7.1	11.9	1.649
1773	7.1	11.9	1.694
1774	7.3	11.9	1.580
1775	7.6	11.9	0.951
1776	7.8	11.9	0.596
1777	8.0	11.9	0.412
1778	8.6	11.9	0.223
1779	9.2	11.9	0.087
1780	9.2	11.9	0.063
1781	9.4	11.9	0.190
1782	9.5	11.9	0.475
1783	9.7	11.9	1.285
1784	9.8	11.9	1.375
1785	9.4	11.8	1.381
1786	8.6	11.8	1.447
1787	7.9	11.8	1.381
1788	7.2	11.8	1.339
1789	6.8	11.8	1.240
1790	6.7	11.8	1.089
1791	6.6	11.8	0.993
1792	6.9	11.8	0.927
1793	7.5	11.8	0.963
1794	8.5	11.8	1.195
1795	9.4	11.8	1.333
1796	10.4	11.8	1.649
1797	10.8	11.8	1.694
1798	11.0	11.8	1.580
1799	11.7	11.8	0.951
1800	12.3	11.8	0.596
1801	12.6	11.8	0.412
1802	12.6	11.8	0.223
1803	12.3	11.8	0.087
1804	12.3	11.8	0.063
1805	12.3	11.8	0.190
1806	12.0	11.8	0.475
1807	11.8	11.8	1.285
1808	11.3	11.8	1.375
1809	10.9	11.8	1.381
1810	10.2	11.8	1.447
1811	9.0	11.8	1.381
1812	8.3	11.8	1.339
1813	7.4	11.7	1.240
1814	7.2	11.7	1.089
1815	6.9	11.7	0.993
1816	7.0	11.7	0.927
1817	7.2	11.7	0.963
1818	7.9	11.7	1.195
1819	8.2	11.7	1.333
1820	8.5	11.7	1.649
1821	8.6	11.7	1.694
1822	8.9	11.7	1.580
1823	8.8	11.7	0.951
1824	8.6	11.7	0.596
1825	8.6	11.7	0.412
1826	8.3	11.7	0.223
1827	8.6	11.7	0.087
1828	8.7	11.7	0.063
1829	8.9	11.7	0.190
1830	8.7	11.7	0.475
1831	8.8	11.7	1.285
1832	8.5	11.7	1.375
1833	8.0	11.7	1.381
1834	6.8	11.7	1.447
1835	6.0	11.7	1.381
1836	5.4	11.7	1.339
1837	4.8	11.7	1.240
1838	3.9	11.7	1.089
1839	3.6	11.7	0.993
1840	3.3	11.7	0.927
1841	3.5	11.7	0.963
1842	3.7	11.7	1.195
1843	4.2	11.7	1.333
1844	4.5	11.7	1.649
1845	4.7	11.7	1.694
1846	5.1	11.6	1.580
1847	5.5	11.6	0.951
1848	5.3	11.6	0.596
1849	5.5	11.6	0.412
1850	5.7	11.6	0.223
1851	5.6	11.6	0.087
1852	5.7	11.6	0.063
1853	5.7	11.6	0.190
1854	5.9	11.6	0.475
1855	5.8	11.6	1.285
1856	5.9	11.6	1.375
1857	5.9	11.6	1.381
1858	5.5	11.6	1.447
1859	5.2	11.6	1.381
1860	4.9	11.6	1.339
1861	5.1	11.6	1.240
1862	5.0	11.6	1.089
1863	4.9	11.6	0.993
1864	5.1	11.6	0.927
1865	5.3	11.6	0.963
1866	5.4	11.6	1.195
1867	5.9	11.6	1.333
1868	6.4	11.6	1.649
1869	6.4	11.6	1.694
1870	6.7	11.6	1.580
1871	7.1	11.6	0.951
1872	7.1	11.6	0.596
1873	7.1	11.6	0.412
1874	7.3	11.6	0.223
1875	8.0	11.6	0.087
1876	8.0	11.6	0.063
1877	8.0	11.6	0.190
1878	7.7	11.6	0.475
1879	7.9	11.6	1.285
1880	8.1	11.6	1.375
1881	7.9	11.6	1.381
1882	7.9	11.6	1.447
1883	7.7	11.6	1.381
1884	7.2	11.5	1.339
1885	6.3	11.5	1.240
1886	6.1	11.5	1.089
1887	6.1	11.5	0.993
1888	6.4	11.5	0.927
1889	6.7	11.5	0.963
1890	6.7	11.5	1.195
1891	7.2	11.5	1.333
1892	7.3	11.5	1.649
1893	7.2	11.5	1.694
1894	7.8	11.5	1.580
1895	8.2	11.5	0.951
1896	8.2	11.5	0.596
1897	8.2	11.5	0.412
1898	8.3	11.5	0.223
1899	8.2	11.5	0.087
1900	8.2	11.5	0.063
1901	8.2	11.5	0.190
1902	8.2	11.5	0.475
1903	8.2	11.5	1.285
1904	8.2	11.5	1.375
1905	7.8	11.5	1.381
1906	7.5	11.5	1.447
1907	7.0	11.5	1.381
1908	6.7	11.5	1.339
1909	6.3	11.5	1.240
1910	6.1	11.5	1.089
1911	6.1	11.5	0.993
1912	5.9	11.5	0.927
1913	6.6	11.5	0.963
1914	6.9	11.5	1.195
1915	7.0	11.4	1.333
1916	7.0	11.4	1.649
1917	7.1	11.4	1.694
1918	7.4	11.4	1.580
1919	7.4	11.4	0.951
1920	7.3	11.4	0.596
1921	7.4	11.4	0.412
1922	7.5	11.4	0.223
1923	7.6	11.4	0.087
1924	7.7	11.4	0.063
1925	7.7	11.4	0.190
1926	7.9	11.4	0.475
1927	7.8	11.4	1.285
1928	7.8	11.4	1.375
1929	8.0	11.4	1.381
1930	7.9	11.4	1.447
1931	7.6	11.4	1.381
1932	7.9	11.4	1.339
1933	8.0	11.4	1.240
1934	8.0	11.4	1.089
1935	7.8	11.4	0.993
1936	7.8	11.4	0.927
1937	7.6	11.4	0.963
1938	7.9	11.4	1.195
1939	7.9	11.4	1.333
1940	8.1	11.4	1.649
1941	7.9	11.4	1.694
1942	7.7	11.4	1.580
1943	7.5	11.4	0.951
1944	7.1	11.3	0.596
1945	7.0	11.3	0.412
1946	7.1	11.3	0.223
1947	7.3	11.3	0.087
1948	7.3	11.3	0.063
1949	7.1	11.3	0.190
1950	7.1	11.3	0.475
1951	6.9	11.3	1.285
1952	6.5	11.3	1.375
1953	5.8	11.3	1.381
1954	5.2	11.3	1.447
1955	4.3	11.3	1.381
1956	4.0	11.3	1.339
1957	3.5	11.3	1.240
1958	2.9	11.3	1.089
1959	2.6	11.3	0.993
1960	2.8	11.3	0.927
1961	2.7	11.3	0.963
1962	3.0	11.3	1.195
1963	3.9	11.3	1.333
1964	4.1	11.3	1.649
1965	4.3	11.3	1.694
1966	4.4	11.3	1.580
1967	4.3	11.3	0.951
1968	4.7	11.3	0.596
1969	4.7	11.3	0.412
1970	5.1	11.3	0.223
1971	5.9	11.3	0.087
1972	5.8	11.3	0.063
1973	6.2	11.3	0.190
1974	6.5	11.3	0.475
1975	6.9	11.3	1.285
1976	7.3	11.3	1.375
1977	7.3	11.3	1.381
1978	6.3	11.3	1.447
1979	5.9	11.2	1.381
1980	5.2	11.2	1.339
1981	5.0	11.2	1.240
1982	4.3	11.2	1.089
1983	4.6	11.2	0.993
1984	5.0	11.2	0.927
1985	5.8	11.2	0.963
1986	6.7	11.2	1.195
1987	7.4	11.2	1.333
1988	8.0	11.2	1.649
1989	8.7	11.2	1.694
1990	9.3	11.2	1.580
1991	9.8	11.2	0.951
1992	10.5	11.2	0.596
1993	11.0	11.2	0.412
1994	11.3	11.2	0.223
1995	11.6	11.2	0.087
1996	11.4	11.2	0.063
1997	11.4	11.2	0.190
1998	11.1	11.2	0.475
1999	11.2	11.2	1.285
2000	11.1	11.2	1.375
2001	10.6	11.2	1.381
2002	10.2	11.2	1.447
2003	9.7	11.2	1.381
2004	8.8	11.2	1.339
2005	7.9	11.2	1.240
2006	7.6	11.1	1.089
2007	7.6	11.1	0.993
2008	7.9	11.1	0.927
2009	8.1	11.1	0.963
2010	8.5	11.1	1.195
2011	9.2	11.1	1.333
2012	9.4	11.1	1.649
2013	9.7	11.1	1.694
2014	9.7	11.1	1.580
2015	10.0	11.1	0.951
2016	10.3	11.1	0.596
2017	10.5	11.1	0.412
2018	10.4	11.1	0.223
2019	10.5	11.1	0.087
2020	10.8	11.1	0.063
2021	10.8	11.1	0.190
2022	11.1	11.1	0.475
2023	11.1	11.1	1.285
2024	11.1	11.1	1.375
2025	11.2	11.1	1.381
2026	10.7	11.1	1.447
2027	9.8	11.1	1.381
2028	9.2	11.1	1.339
2029	8.6	11.1	1.240
2030	8.6	11.1	1.089
2031	8.5	11.1	0.993
2032	8.7	11.1	0.927
2033	8.8	11.1	0.963
2034	8.9	11.1	1.195
2035	9.4	11.1	1.333
2036	9.3	11.0	1.649
2037	9.7	11.0	1.694
2038	9.7	11.0	1.580
2039	10.0	11.0	0.951
2040	10.5	11.0	0.596
2041	10.7	11.0	0.412
2042	10.9	11.0	0.223
2043	10.6	11.0	0.087
2044	10.2	11.0	0.063
2045	10.1	11.0	0.190
2046	10.6	11.0	0.475
2047	10.6	11.0	1.285
2048	10.2	11.0	1.375
2049	9.8	11.0	1.381
2050	9.4	11.0	1.447
2051	8.8	11.0	1.381
2052	8.1	11.0	1.339
2053	7.3	10.9	1.240
2054	7.0	10.9	1.089
2055	7.2	10.9	0.993
2056	7.4	10.9	0.927
2057	7.2	10.9	0.963
2058	7.8	10.9	1.195
2059	8.0	10.9	1.333
2060	8.3	10.9	1.649
2061	8.6	10.9	1.694
2062	9.2	10.9	1.580
2063	9.2	10.9	0.951
2064	9.0	10.9	0.596
2065	9.4	10.9	0.412
2066	9.9	10.9	0.223
2067	10.2	10.9	0.087
2068	10.6	10.9	0.063
2069	11.1	10.9	0.190
2070	11.1	10.9	0.475
2071	11.1	10.8	1.285
2072	11.1	10.8	1.375
2073	11.5	10.8	1.381
2074	10.8	10.8	1.447
2075	10.4	10.8	1.381
2076	9.9	10.8	1.339
2077	9.5	10.8	1.240
2078	9.3	10.8	1.089
2079	9.1	10.8	0.993
2080	9.4	10.8	0.927
2081	9.7	10.8	0.963
2082	10.2	10.8	1.195
2083	11.0	10.8	1.333
2084	11.6	10.8	1.649
2085	12.2	10.8	1.694
2086	12.3	10.8	1.580
2087	12.8	10.8	0.951
2088	13.1	10.8	0.596
2089	13.5	10.8	0.412
2090	13.7	10.8	0.223
2091	13.7	10.8	0.087
2092	13.8	10.8	0.063
2093	14.2	10.8	0.190
2094	14.2	10.8	0.475
2095	14.2	10.8	1.285
2096	13.7	10.8	1.375
2097	12.9	10.8	1.381
2098	11.9	10.8	1.447
2099	10.8	10.8	1.381
2100	9.5	10.8	1.339
2101	8.7	10.8	1.240
2102	7.7	10.7	1.089
2103	7.2	10.7	0.993
2104	6.9	10.7	0.927
2105	7.2	10.7	0.963
2106	7.8	10.7	1.195
2107	8.5	10.7	1.333
2108	8.9	10.7	1.649
2109	9.3	10.7	1.694
2110	9.6	10.7	1.580
2111	9.5	10.7	0.951
2112	9.5	10.7	0.596
2113	10.0	10.7	0.412
2114	9.9	10.7	0.223
2115	10.3	10.7	0.087
2116	10.3	10.7	0.063
2117	10.3	10.7	0.190
2118	10.5	10.7	0.475
2119	10.4	10.7	1.285
2120	10.4	10.7	1.375
2121	9.8	10.7	1.381
2122	8.9	10.7	1.447
2123	8.2	10.7	1.381
2124	7.2	10.7	1.339
2125	6.5	10.6	1.240
2126	5.9	10.6	1.089
2127	6.0	10.6	0.993
2128	6.4	10.6	0.927
2129	7.0	10.6	0.963
2130	7.8	10.6	1.195
2131	8.3	10.6	1.333
2132	8.6	10.6	1.649
2133	9.0	10.6	1.694
2134	9.8	10.6	1.580
2135	10.4	10.6	0.951
2136	10.7	10.6	0.596
2137	11.3	10.6	0.412
2138	11.8	10.6	0.223
2139	12.1	10.6	0.087
2140	12.1	10.6	0.063
2141	12.1	10.6	0.190
2142	12.0	10.6	0.475
2143	12.0	10.6	1.285
2144	11.9	10.6	1.375
2145	11.5	10.6	1.381
2146	11.2	10.6	1.447
2147	10.6	10.6	1.381
2148	9.9	10.6	1.339
2149	8.9	10.6	1.240
2150	8.7	10.6	1.089
2151	8.8	10.6	0.993
2152	9.0	10.6	0.927
2153	9.4	10.6	0.963
2154	9.9	10.6	1.195
2155	10.1	10.5	1.333
2156	10.5	10.5	1.649
2157	11.2	10.5	1.694
2158	11.5	10.5	1.580
2159	11.9	10.5	0.951
2160	12.2	10.5	0.596
2161	6.0	10.5	0.412
2162	6.2	10.5	0.223
2163	6.2	10.5	0.087
2164	6.3	10.5	0.063
2165	6.3	10.5	0.190
2166	6.3	10.5	0.475
2167	6.2	10.5	1.285
2168	6.0	10.5	1.375
2169	5.9	10.5	1.381
2170	5.4	10.5	1.447
2171	5.0	10.5	1.381
2172	4.7	10.5	1.339
2173	4.4	10.5	1.240
2174	4.2	10.5	1.089
2175	4.1	10.5	0.993
2176	4.2	10.5	0.927
2177	4.2	10.5	0.963
2178	4.4	10.5	1.195
2179	4.8	10.5	1.333
2180	5.2	10.4	1.649
2181	5.4	10.4	1.694
2182	5.5	10.4	1.580
2183	5.6	10.4	0.951
2184	5.5	10.4	0.596
2185	5.7	10.4	0.412
2186	5.5	10.4	0.223
2187	5.7	10.4	0.087
2188	5.5	10.4	0.063
2189	5.4	10.4	0.190
2190	5.3	10.4	0.475
2191	5.3	10.4	1.285
2192	5.1	10.4	1.375
2193	4.4	10.4	1.381
2194	3.9	10.4	1.447
2195	3.4	10.4	1.381
2196	2.9	10.4	1.339
2197	2.6	10.4	1.240
2198	2.5	10.4	1.089
2199	2.2	10.4	0.993
2200	1.9	10.4	0.927
2201	1.9	10.4	0.963
2202	2.0	10.4	1.195
2203	2.4	10.4	1.333
2204	2.6	10.4	1.649
2205	2.8	10.4	1.694
2206	3.1	10.4	1.580
2207	3.0	10.4	0.951
2208	3.1	10.4	0.596
2209	3.3	10.4	0.412
2210	3.4	10.4	0.223
2211	3.5	10.4	0.087
2212	3.6	10.4	0.063
2213	3.5	10.4	0.190
2214	3.4	10.4	0.475
2215	3.2	10.3	1.285
2216	3.2	10.3	1.375
2217	2.8	10.3	1.381
2218	2.3	10.3	1.447
2219	1.9	10.3	1.381
2220	1.6	10.3	1.339
2221	1.3	10.3	1.240
2222	1.0	10.3	1.089
2223	0.8	10.3	0.993
2224	0.8	10.3	0.927
2225	1.1	10.3	0.963
2226	1.5	10.3	1.195
2227	2.0	10.3	1.333
2228	2.3	10.3	1.649
2229	2.7	10.3	1.694
2230	3.1	10.3	1.580
2231	3.6	10.3	0.951
2232	3.8	10.3	0.596
2233	4.1	10.3	0.412
2234	4.3	10.3	0.223
2235	4.3	10.3	0.087
2236	4.3	10.3	0.063
2237	4.2	10.3	0.190
2238	4.3	10.3	0.475
2239	4.2	10.3	1.285
2240	3.9	10.3	1.375
2241	3.7	10.3	1.381
2242	3.1	10.3	1.447
2243	2.7	10.3	1.381
2244	2.4	10.3	1.339
2245	2.1	10.3	1.240
2246	1.9	10.2	1.089
2247	1.8	10.2	0.993
2248	1.9	10.2	0.927
2249	2.0	10.2	0.963
2250	2.3	10.2	1.195
2251	2.7	10.2	1.333
2252	3.0	10.2	1.649
2253	3.2	10.2	1.694
2254	3.3	10.2	1.580
2255	3.4	10.2	0.951
2256	3.6	10.2	0.596
2257	3.9	10.2	0.412
2258	3.8	10.2	0.223
2259	3.8	10.2	0.087
2260	3.9	10.2	0.063
2261	3.9	10.2	0.190
2262	4.0	10.2	0.475
2263	4.0	10.2	1.285
2264	4.0	10.2	1.375
2265	3.7	10.2	1.381
2266	3.3	10.2	1.447
2267	3.0	10.2	1.381
2268	2.7	10.2	1.339
2269	2.4	10.2	1.240
2270	2.3	10.2	1.089
2271	2.2	10.2	0.993
2272	2.0	10.2	0.927
2273	2.3	10.2	0.963
2274	2.5	10.2	1.195
2275	2.8	10.2	1.333
2276	3.2	10.2	1.649
2277	3.4	10.1	1.694
2278	3.5	10.1	1.580
2279	3.6	10.1	0.951
2280	3.7	10.1	0.596
2281	4.0	10.1	0.412
2282	4.1	10.1	0.223
2283	4.1	10.1	0.087
2284	4.2	10.1	0.063
2285	4.2	10.1	0.190
2286	4.2	10.1	0.475
2287	4.1	10.1	1.285
2288	3.9	10.1	1.375
2289	3.7	10.1	1.381
2290	3.4	10.1	1.447
2291	2.8	10.1	1.381
2292	2.4	10.1	1.339
2293	2.1	10.1	1.240
2294	1.8	10.1	1.089
2295	1.8	10.1	0.993
2296	1.9	10.1	0.927
2297	1.9	10.1	0.963
2298	2.0	10.1	1.195
2299	2.4	10.1	1.333
2300	2.7	10.1	1.649
2301	3.0	10.1	1.694
2302	3.2	10.1	1.580
2303	3.5	10.1	0.951
2304	3.6	10.1	0.596
2305	3.8	10.1	0.412
2306	3.7	10.1	0.223
2307	3.8	10.1	0.087
2308	3.8	10.1	0.063
2309	3.9	10.1	0.190
2310	3.9	10.1	0.475
2311	3.9	10.1	1.285
2312	3.5	10.1	1.375
2313	3.4	10.1	1.381
2314	3.0	10.1	1.447
2315	2.5	10.1	1.381
2316	2.2	10.1	1.339
2317	2.1	10.1	1.240
2318	1.8	10.0	1.089
2319	1.6	10.0	0.993
2320	1.6	10.0	0.927
2321	1.5	10.0	0.963
2322	1.6	10.0	1.195
2323	1.7	10.0	1.333
2324	1.8	10.0	1.649
2325	1.9	10.0	1.694
2326	1.8	10.0	1.580
2327	1.8	10.0	0.951
2328	1.7	10.0	0.596
2329	1.8	10.0	0.412
2330	1.8	10.0	0.223
2331	2.0	10.0	0.087
2332	2.1	10.0	0.063
2333	2.1	10.0	0.190
2334	2.2	10.0	0.475
2335	2.1	10.0	1.285
2336	2.0	10.0	1.375
2337	1.9	10.0	1.381
2338	1.4	10.0	1.447
2339	1.0	10.0	1.381
2340	0.9	10.0	1.339
2341	0.6	9.9	1.240
2342	0.6	9.9	1.089
2343	0.7	9.9	0.993
2344	0.7	9.9	0.927
2345	1.0	9.9	0.963
2346	1.5	9.9	1.195
2347	1.9	9.9	1.333
2348	2.2	9.9	1.649
2349	2.5	9.9	1.694
2350	3.0	9.9	1.580
2351	3.2	9.9	0.951
2352	3.7	9.9	0.596
2353	3.9	9.9	0.412
2354	4.0	9.9	0.223
2355	4.2	9.9	0.087
2356	4.1	9.9	0.063
2357	4.1	9.9	0.190
2358	4.1	9.9	0.475
2359	4.1	9.9	1.285
2360	3.8	9.9	1.375
2361	3.4	9.9	1.381
2362	3.1	9.9	1.447
2363	2.7	9.9	1.381
2364	2.2	9.9	1.339
2365	2.0	9.9	1.240
2366	1.9	9.9	1.089
2367	1.7	9.9	0.993
2368	1.8	9.9	0.927
2369	1.9	9.9	0.963
2370	2.3	9.9	1.195
2371	2.8	9.9	1.333
2372	3.0	9.9	1.649
2373	3.3	9.8	1.694
2374	3.6	9.8	1.580
2375	3.7	9.8	0.951
2376	3.8	9.8	0.596
2377	3.9	9.8	0.412
2378	3.9	9.8	0.223
2379	4.0	9.8	0.087
2380	4.0	9.8	0.063
2381	4.0	9.8	0.190
2382	4.0	9.8	0.475
2383	3.9	9.8	1.285
2384	4.0	9.8	1.375
2385	3.6	9.8	1.381
2386	3.4	9.8	1.447
2387	3.1	9.8	1.381
2388	2.8	9.8	1.339
2389	2.5	9.8	1.240
2390	2.3	9.8	1.089
2391	2.3	9.8	0.993
2392	2.3	9.8	0.927
2393	2.5	9.8	0.963
2394	2.4	9.8	1.195
2395	2.4	9.8	1.333
2396	2.7	9.8	1.649
2397	2.8	9.8	1.694
2398	3.0	9.8	1.580
2399	3.0	9.8	0.951
2400	3.0	9.8	0.596
2401	3.0	9.8	0.412
2402	3.1	9.8	0.223
2403	2.9	9.8	0.087
2404	3.2	9.8	0.063
2405	3.1	9.8	0.190
2406	3.2	9.8	0.475
2407	3.2	9.8	1.285
2408	3.2	9.8	1.375
2409	3.0	9.7	1.381
2410	2.4	9.7	1.447
2411	2.1	9.7	1.381
2412	1.6	9.7	1.339
2413	1.5	9.7	1.240
2414	1.4	9.7	1.089
2415	1.2	9.7	0.993
2416	1.2	9.7	0.927
2417	1.5	9.7	0.963
2418	1.8	9.7	1.195
2419	2.3	9.7	1.333
2420	2.6	9.7	1.649
2421	2.6	9.7	1.694
2422	2.7	9.7	1.580
2423	3.1	9.7	0.951
2424	3.4	9.7	0.596
2425	3.5	9.7	0.412
2426	3.7	9.7	0.223
2427	3.7	9.7	0.087
2428	4.0	9.7	0.063
2429	4.0	9.7	0.190
2430	4.0	9.7	0.475
2431	3.9	9.7	1.285
2432	3.8	9.7	1.375
2433	3.6	9.7	1.381
2434	3.5	9.7	1.447
2435	3.4	9.7	1.381
2436	3.2	9.7	1.339
2437	3.1	9.7	1.240
2438	3.1	9.6	1.089
2439	3.2	9.6	0.993
2440	3.2	9.6	0.927
2441	3.1	9.6	0.963
2442	3.2	9.6	1.195
2443	3.5	9.6	1.333
2444	3.5	9.6	1.649
2445	3.7	9.6	1.694
2446	3.8	9.6	1.580
2447	3.8	9.6	0.951
2448	4.0	9.6	0.596
2449	4.3	9.6	0.412
2450	4.2	9.6	0.223
2451	4.3	9.6	0.087
2452	4.4	9.6	0.063
2453	4.4	9.6	0.190
2454	4.4	9.6	0.475
2455	4.2	9.6	1.285
2456	4.0	9.6	1.375
2457	3.8	9.6	1.381
2458	3.2	9.6	1.447
2459	2.9	9.6	1.381
2460	2.7	9.6	1.339
2461	2.4	9.6	1.240
2462	2.3	9.6	1.089
2463	2.4	9.6	0.993
2464	2.3	9.6	0.927
2465	2.4	9.6	0.963
2466	2.6	9.6	1.195
2467	2.7	9.6	1.333
2468	3.1	9.6	1.649
2469	3.2	9.5	1.694
2470	3.5	9.5	1.580
2471	3.7	9.5	0.951
2472	3.8	9.5	0.596
2473	3.9	9.5	0.412
2474	4.0	9.5	0.223
2475	4.2	9.5	0.087
2476	4.4	9.5	0.063
2477	4.4	9.5	0.190
2478	4.4	9.5	0.475
2479	4.5	9.5	1.285
2480	4.4	9.5	1.375
2481	4.3	9.5	1.381
2482	4.3	9.5	1.447
2483	4.0	9.5	1.381
2484	3.8	9.5	1.339
2485	3.7	9.5	1.240
2486	3.7	9.5	1.089
2487	3.7	9.5	0.993
2488	3.7	9.5	0.927
2489	3.6	9.5	0.963
2490	3.8	9.5	1.195
2491	4.1	9.5	1.333
2492	4.4	9.5	1.649
2493	4.5	9.4	1.694
2494	4.6	9.4	1.580
2495	4.5	9.4	0.951
2496	4.7	9.4	0.596
2497	4.7	9.4	0.412
2498	4.6	9.4	0.223
2499	4.7	9.4	0.087
2500	4.5	9.4	0.063
2501	4.6	9.4	0.190
2502	4.6	9.4	0.475
2503	4.7	9.4	1.285
2504	4.4	9.4	1.375
2505	4.4	9.4	1.381
2506	4.2	9.4	1.447
2507	3.7	9.4	1.381
2508	3.5	9.4	1.339
2509	3.5	9.4	1.240
2510	3.4	9.4	1.089
2511	3.2	9.4	0.993
2512	3.1	9.4	0.927
2513	3.3	9.4	0.963
2514	3.4	9.4	1.195
2515	3.6	9.4	1.333
2516	3.7	9.4	1.649
2517	3.6	9.4	1.694
2518	3.9	9.4	1.580
2519	4.1	9.4	0.951
2520	4.4	9.4	0.596
2521	4.5	9.4	0.412
2522	4.5	9.4	0.223
2523	4.8	9.3	0.087
2524	4.7	9.3	0.063
2525	4.8	9.3	0.190
2526	4.9	9.3	0.475
2527	4.9	9.3	1.285
2528	4.8	9.3	1.375
2529	4.6	9.3	1.381
2530	4.2	9.3	1.447
2531	4.1	9.3	1.381
2532	4.0	9.3	1.339
2533	3.8	9.3	1.240
2534	3.6	9.3	1.089
2535	3.5	9.3	0.993
2536	3.6	9.3	0.927
2537	3.6	9.3	0.963
2538	3.7	9.3	1.195
2539	3.9	9.3	1.333
2540	4.1	9.3	1.649
2541	4.2	9.3	1.694
2542	4.2	9.3	1.580
2543	4.2	9.3	0.951
2544	4.4	9.3	0.596
2545	4.4	9.3	0.412
2546	4.5	9.3	0.223
2547	4.6	9.3	0.087
2548	4.7	9.3	0.063
2549	4.8	9.3	0.190
2550	4.7	9.2	0.475
2551	4.6	9.2	1.285
2552	4.2	9.2	1.375
2553	3.7	9.2	1.381
2554	3.3	9.2	1.447
2555	2.9	9.2	1.381
2556	2.6	9.2	1.339
2557	2.3	9.2	1.240
2558	2.0	9.2	1.089
2559	1.8	9.2	0.993
2560	1.8	9.2	0.927
2561	1.8	9.2	0.963
2562	1.8	9.2	1.195
2563	2.1	9.2	1.333
2564	2.3	9.2	1.649
2565	2.5	9.2	1.694
2566	2.7	9.2	1.580
2567	2.7	9.2	0.951
2568	2.8	9.2	0.596
2569	2.9	9.2	0.412
2570	3.1	9.2	0.223
2571	3.2	9.2	0.087
2572	3.3	9.2	0.063
2573	3.3	9.2	0.190
2574	3.4	9.2	0.475
2575	3.4	9.2	1.285
2576	3.5	9.2	1.375
2577	3.3	9.2	1.381
2578	2.9	9.2	1.447
2579	2.7	9.2	1.381
2580	2.2	9.1	1.339
2581	1.9	9.1	1.240
2582	1.8	9.1	1.089
2583	1.6	9.1	0.993
2584	1.5	9.1	0.927
2585	1.7	9.1	0.963
2586	2.0	9.1	1.195
2587	2.4	9.1	1.333
2588	2.8	9.1	1.649
2589	3.2	9.1	1.694
2590	3.4	9.1	1.580
2591	3.7	9.1	0.951
2592	3.9	9.1	0.596
2593	4.1	9.1	0.412
2594	4.1	9.1	0.223
2595	4.1	9.1	0.087
2596	4.0	9.1	0.063
2597	3.9	9.1	0.190
2598	3.8	9.1	0.475
2599	3.8	9.1	1.285
2600	3.6	9.1	1.375
2601	3.5	9.1	1.381
2602	3.4	9.1	1.447
2603	3.0	9.1	1.381
2604	3.0	9.1	1.339
2605	2.8	9.1	1.240
2606	2.5	9.1	1.089
2607	2.5	9.1	0.993
2608	2.5	9.0	0.927
2609	2.5	9.0	0.963
2610	2.5	9.0	1.195
2611	2.5	9.0	1.333
2612	2.4	9.0	1.649
2613	2.5	9.0	1.694
2614	2.5	9.0	1.580
2615	2.5	9.0	0.951
2616	2.4	9.0	0.596
2617	2.5	9.0	0.412
2618	2.4	9.0	0.223
2619	2.4	9.0	0.087
2620	2.5	9.0	0.063
2621	2.4	9.0	0.190
2622	2.5	9.0	0.475
2623	2.6	9.0	1.285
2624	2.4	9.0	1.375
2625	2.3	9.0	1.381
2626	2.1	9.0	1.447
2627	2.0	9.0	1.381
2628	1.6	9.0	1.339
2629	1.6	9.0	1.240
2630	1.6	9.0	1.089
2631	1.6	9.0	0.993
2632	1.4	9.0	0.927
2633	1.4	9.0	0.963
2634	1.5	9.0	1.195
2635	1.6	8.9	1.333
2636	1.8	8.9	1.649
2637	2.0	8.9	1.694
2638	2.1	8.9	1.580
2639	2.2	8.9	0.951
2640	2.0	8.9	0.596
2641	2.1	8.9	0.412
2642	2.4	8.9	0.223
2643	2.6	8.9	0.087
2644	2.8	8.9	0.063
2645	2.8	8.9	0.190
2646	2.8	8.9	0.475
2647	3.0	8.9	1.285
2648	2.9	8.9	1.375
2649	2.6	8.9	1.381
2650	2.3	8.9	1.447
2651	2.1	8.9	1.381
2652	1.8	8.8	1.339
2653	1.6	8.8	1.240
2654	1.3	8.8	1.089
2655	1.3	8.8	0.993
2656	1.4	8.8	0.927
2657	1.6	8.8	0.963
2658	2.0	8.8	1.195
2659	2.4	8.8	1.333
2660	2.8	8.8	1.649
2661	3.1	8.8	1.694
2662	3.5	8.8	1.580
2663	3.8	8.8	0.951
2664	4.0	8.8	0.596
2665	4.2	8.8	0.412
2666	4.2	8.8	0.223
2667	4.2	8.8	0.087
2668	4.2	8.8	0.063
2669	4.1	8.8	0.190
2670	4.0	8.8	0.475
2671	3.9	8.8	1.285
2672	3.7	8.8	1.375
2673	3.2	8.8	1.381
2674	3.0	8.8	1.447
2675	2.6	8.8	1.381
2676	2.1	8.8	1.339
2677	1.7	8.8	1.240
2678	1.4	8.8	1.089
2679	1.3	8.8	0.993
2680	1.2	8.8	0.927
2681	1.0	8.8	0.963
2682	0.9	8.7	1.195
2683	1.2	8.7	1.333
2684	1.3	8.7	1.649
2685	1.5	8.7	1.694
2686	1.6	8.7	1.580
2687	1.6	8.7	0.951
2688	1.7	8.7	0.596
2689	0.0	8.7	0.412
2690	0.0	8.7	0.223
2691	0.0	8.7	0.087
2692	0.0	8.7	0.063
2693	0.0	8.7	0.190
2694	0.0	8.7	0.475
2695	0.0	8.7	1.285
2696	0.0	8.7	1.375
2697	0.0	8.7	1.381
2698	0.0	8.7	1.447
2699	0.0	8.7	1.381
2700	0.0	8.7	1.339
2701	0.0	8.7	1.240
2702	0.0	8.7	1.089
2703	0.0	8.7	0.993
2704	0.0	8.6	0.927
2705	0.0	8.6	0.963
2706	0.0	8.6	1.195
2707	0.0	8.6	1.333
2708	0.0	8.6	1.649
2709	0.0	8.6	1.694
2710	0.0	8.6	1.580
2711	0.0	8.6	0.951
2712	0.0	8.6	0.596
2713	0.0	8.6	0.412
2714	0.0	8.6	0.223
2715	0.0	8.6	0.087
2716	0.0	8.6	0.063
2717	0.0	8.6	0.190
2718	0.0	8.6	0.475
2719	0.0	8.6	1.285
2720	0.0	8.6	1.375
2721	0.0	8.6	1.381
2722	0.0	8.6	1.447
2723	0.0	8.6	1.381
2724	0.0	8.6	1.339
2725	0.0	8.6	1.240
2726	0.0	8.6	1.089
2727	0.0	8.6	0.993
2728	0.0	8.6	0.927
2729	0.0	8.6	0.963
2730	0.0	8.5	1.195
2731	0.0	8.5	1.333
2732	0.0	8.5	1.649
2733	0.0	8.5	1.694
2734	0.0	8.5	1.580
2735	0.0	8.5	0.951
2736	0.0	8.5	0.596
2737	0.0	8.5	0.412
2738	0.0	8.5	0.223
2739	0.0	8.5	0.087
2740	0.0	8.5	0.063
2741	0.0	8.5	0.190
2742	0.0	8.5	0.475
2743	0.0	8.5	1.285
2744	0.0	8.5	1.375
2745	0.0	8.5	1.381
2746	0.0	8.5	1.447
2747	0.0	8.5	1.381
2748	0.0	8.5	1.339
2749	0.0	8.5	1.240
2750	0.0	8.5	1.089
2751	0.0	8.5	0.993
2752	0.0	8.4	0.927
2753	0.0	8.4	0.963
2754	0.0	8.4	1.195
2755	0.0	8.4	1.333
2756	0.0	8.4	1.649
2757	0.0	8.4	1.694
2758	0.0	8.4	1.580
2759	0.0	8.4	0.951
2760	0.0	8.4	0.596
2761	1.6	8.4	0.412
2762	1.9	8.4	0.223
2763	2.0	8.4	0.087
2764	2.1	8.4	0.063
2765	2.3	8.4	0.190
2766	2.4	8.4	0.475
2767	2.5	8.3	1.285
2768	2.4	8.3	1.375
2769	2.1	8.3	1.381
2770	1.7	8.3	1.447
2771	1.5	8.3	1.381
2772	1.2	8.3	1.339
2773	1.0	8.3	1.240
2774	0.9	8.3	1.089
2775	1.0	8.3	0.993
2776	0.9	8.3	0.927
2777	1.2	8.3	0.963
2778	1.7	8.3	1.195
2779	2.3	8.3	1.333
2780	2.7	8.3	1.649
2781	3.0	8.3	1.694
2782	3.3	8.3	1.580
2783	3.5	8.3	0.951
2784	3.9	8.3	0.596
2785	4.0	8.3	0.412
2786	4.0	8.3	0.223
2787	4.2	8.3	0.087
2788	4.3	8.3	0.063
2789	4.3	8.2	0.190
2790	4.2	8.2	0.475
2791	4.3	8.2	1.285
2792	4.3	8.2	1.375
2793	4.1	8.2	1.381
2794	3.8	8.2	1.447
2795	3.6	8.2	1.381
2796	3.4	8.2	1.339
2797	3.3	8.2	1.240
2798	3.1	8.2	1.089
2799	3.1	8.2	0.993
2800	3.0	8.2	0.927
2801	3.3	8.2	0.963
2802	3.5	8.2	1.195
2803	3.8	8.2	1.333
2804	4.0	8.2	1.649
2805	4.2	8.2	1.694
2806	4.1	8.2	1.580
2807	4.4	8.2	0.951
2808	4.5	8.2	0.596
2809	4.7	8.2	0.412
2810	4.9	8.2	0.223
2811	4.8	8.2	0.087
2812	4.8	8.2	0.063
2813	4.7	8.2	0.190
2814	4.7	8.2	0.475
2815	4.5	8.2	1.285
2816	4.3	8.2	1.375
2817	3.9	8.1	1.381
2818	3.7	8.1	1.447
2819	3.3	8.1	1.381
2820	2.9	8.1	1.339
2821	2.5	8.1	1.240
2822	2.2	8.1	1.089
2823	2.1	8.1	0.993
2824	2.0	8.1	0.927
2825	2.1	8.1	0.963
2826	2.2	8.1	1.195
2827	2.4	8.1	1.333
2828	2.5	8.1	1.649
2829	2.6	8.1	1.694
2830	2.7	8.1	1.580
2831	2.5	8.1	0.951
2832	2.6	8.1	0.596
2833	2.6	8.1	0.412
2834	2.7	8.1	0.223
2835	2.9	8.1	0.087
2836	3.1	8.1	0.063
2837	3.0	8.1	0.190
2838	3.0	8.1	0.475
2839	3.1	8.1	1.285
2840	2.9	8.1	1.375
2841	2.5	8.1	1.381
2842	2.0	8.1	1.447
2843	1.6	8.1	1.381
2844	1.4	8.1	1.339
2845	1.2	8.0	1.240
2846	1.0	8.0	1.089
2847	0.9	8.0	0.993
2848	1.0	8.0	0.927
2849	1.3	8.0	0.963
2850	1.6	8.0	1.195
2851	2.1	8.0	1.333
2852	2.7	8.0	1.649
2853	2.8	8.0	1.694
2854	3.1	8.0	1.580
2855	3.2	8.0	0.951
2856	3.4	8.0	0.596
2857	3.7	8.0	0.412
2858	3.9	8.0	0.223
2859	3.8	8.0	0.087
2860	3.9	8.0	0.063
2861	3.9	8.0	0.190
2862	4.0	8.0	0.475
2863	3.9	8.0	1.285
2864	3.6	8.0	1.375
2865	3.4	8.0	1.381
2866	3.1	8.0	1.447
2867	2.6	8.0	1.381
2868	2.5	8.0	1.339
2869	2.2	8.0	1.240
2870	2.0	8.0	1.089
2871	1.9	8.0	0.993
2872	1.8	8.0	0.927
2873	2.0	8.0	0.963
2874	2.4	8.0	1.195
2875	2.8	8.0	1.333
2876	3.2	7.9	1.649
2877	3.7	7.9	1.694
2878	4.1	7.9	1.580
2879	4.4	7.9	0.951
2880	4.7	7.9	0.596
2881	0.0	7.9	0.412
2882	0.0	7.9	0.223
2883	0.0	7.9	0.087
2884	0.0	7.9	0.063
2885	0.0	7.9	0.190
2886	0.0	7.9	0.475
2887	0.0	7.9	1.285
2888	0.0	7.9	1.375
2889	0.0	7.9	1.381
2890	0.0	7.9	1.447
2891	0.0	7.9	1.381
2892	0.0	7.9	1.339
2893	0.0	7.9	1.240
2894	0.0	7.9	1.089
2895	0.0	7.9	0.993
2896	0.0	7.9	0.927
2897	0.0	7.9	0.963
2898	0.0	7.8	1.195
2899	0.0	7.8	1.333
2900	0.0	7.8	1.649
2901	0.0	7.8	1.694
2902	0.0	7.8	1.580
2903	0.0	7.8	0.951
2904	0.0	7.8	0.596
2905	0.0	7.8	0.412
2906	0.0	7.8	0.223
2907	0.0	7.8	0.087
2908	0.0	7.8	0.063
2909	0.0	7.8	0.190
2910	0.0	7.8	0.475
2911	0.0	7.8	1.285
2912	0.0	7.8	1.375
2913	0.0	7.8	1.381
2914	0.0	7.8	1.447
2915	0.0	7.8	1.381
2916	0.0	7.8	1.339
2917	0.0	7.8	1.240
2918	0.0	7.8	1.089
2919	0.0	7.8	0.993
2920	0.0	7.8	0.927
2921	0.0	7.8	0.963
2922	0.0	7.8	1.195
2923	0.0	7.8	1.333
2924	0.0	7.8	1.649
2925	0.0	7.8	1.694
2926	0.0	7.8	1.580
2927	0.0	7.8	0.951
2928	0.0	7.8	0.596
2929	0.0	7.8	0.412
2930	0.0	7.7	0.223
2931	0.0	7.7	0.087
2932	0.0	7.7	0.063
2933	0.0	7.7	0.190
2934	0.0	7.7	0.475
2935	0.0	7.7	1.285
2936	0.0	7.7	1.375
2937	0.0	7.7	1.381
2938	0.0	7.7	1.447
2939	0.0	7.7	1.381
2940	0.0	7.7	1.339
2941	0.0	7.7	1.240
2942	0.0	7.7	1.089
2943	0.0	7.7	0.993
2944	0.0	7.7	0.927
2945	0.0	7.7	0.963
2946	0.0	7.7	1.195
2947	0.0	7.7	1.333
2948	0.0	7.7	1.649
2949	0.0	7.7	1.694
2950	0.0	7.7	1.580
2951	0.0	7.7	0.951
2952	0.0	7.7	0.596
2953	0.0	7.7	0.412
2954	0.0	7.7	0.223
2955	0.0	7.7	0.087
2956	0.0	7.7	0.063
2957	0.0	7.7	0.190
2958	0.0	7.7	0.475
2959	0.0	7.7	1.285
2960	0.0	7.7	1.375
2961	0.0	7.7	1.381
2962	0.0	7.7	1.447
2963	0.0	7.6	1.381
2964	0.0	7.6	1.339
2965	0.0	7.6	1.240
2966	0.0	7.6	1.089
2967	0.0	7.6	0.993
2968	0.0	7.6	0.927
2969	0.0	7.6	0.963
2970	0.0	7.6	1.195
2971	0.0	7.6	1.333
2972	0.0	7.6	1.649
2973	0.0	7.6	1.694
2974	0.0	7.6	1.580
2975	0.0	7.6	0.951
2976	0.0	7.6	0.596
2977	0.0	7.6	0.412
2978	0.0	7.6	0.223
2979	0.0	7.6	0.087
2980	0.0	7.6	0.063
2981	0.0	7.6	0.190
2982	0.0	7.6	0.475
2983	0.0	7.6	1.285
2984	0.0	7.6	1.375
2985	0.0	7.6	1.381
2986	0.0	7.6	1.447
2987	0.0	7.6	1.381
2988	0.0	7.6	1.339
2989	0.0	7.6	1.240
2990	0.0	7.6	1.089
2991	0.0	7.6	0.993
2992	0.0	7.6	0.927
2993	0.0	7.6	0.963
2994	0.0	7.5	1.195
2995	0.0	7.5	1.333
2996	0.0	7.5	1.649
2997	0.0	7.5	1.694
2998	0.0	7.5	1.580
2999	0.0	7.5	0.951
3000	0.0	7.5	0.596
3001	0.0	7.5	0.412
3002	0.0	7.5	0.223
3003	0.0	7.5	0.087
3004	0.0	7.5	0.063
3005	0.0	7.5	0.190
3006	0.0	7.5	0.475
3007	0.0	7.5	1.285
3008	0.0	7.5	1.375
3009	0.0	7.5	1.381
3010	0.0	7.5	1.447
3011	0.0	7.5	1.381
3012	0.0	7.5	1.339
3013	0.0	7.5	1.240
3014	0.0	7.5	1.089
3015	0.0	7.5	0.993
3016	0.0	7.5	0.927
3017	0.0	7.5	0.963
3018	0.0	7.5	1.195
3019	0.0	7.5	1.333
3020	0.0	7.5	1.649
3021	0.0	7.5	1.694
3022	0.0	7.5	1.580
3023	0.0	7.5	0.951
3024	0.0	7.4	0.596
3025	0.0	7.4	0.412
3026	0.0	7.4	0.223
3027	0.0	7.4	0.087
3028	0.0	7.4	0.063
3029	0.0	7.4	0.190
3030	0.0	7.4	0.475
3031	0.0	7.4	1.285
3032	0.0	7.4	1.375
3033	0.0	7.4	1.381
3034	0.0	7.4	1.447
3035	0.0	7.4	1.381
3036	0.0	7.4	1.339
3037	0.0	7.4	1.240
3038	0.0	7.4	1.089
3039	0.0	7.4	0.993
3040	0.0	7.4	0.927
3041	0.0	7.4	0.963
3042	0.0	7.4	1.195
3043	0.0	7.4	1.333
3044	0.0	7.4	1.649
3045	0.0	7.4	1.694
3046	0.0	7.4	1.580
3047	0.0	7.4	0.951
3048	0.0	7.4	0.596
3049	0.0	7.4	0.412
3050	0.0	7.4	0.223
3051	0.0	7.4	0.087
3052	0.0	7.4	0.063
3053	0.0	7.4	0.190
3054	0.0	7.4	0.475
3055	0.0	7.4	1.285
3056	0.0	7.4	1.375
3057	0.0	7.4	1.381
3058	0.0	7.4	1.447
3059	0.0	7.4	1.381
3060	0.0	7.4	1.339
3061	0.0	7.4	1.240
3062	0.0	7.3	1.089
3063	0.0	7.3	0.993
3064	0.0	7.3	0.927
3065	0.0	7.3	0.963
3066	0.0	7.3	1.195
3067	0.0	7.3	1.333
3068	0.0	7.3	1.649
3069	0.0	7.3	1.694
3070	0.0	7.3	1.580
3071	0.0	7.3	0.951
3072	0.0	7.3	0.596
3073	0.0	7.3	0.412
3074	0.0	7.3	0.223
3075	0.0	7.3	0.087
3076	0.0	7.3	0.063
3077	0.0	7.3	0.190
3078	0.0	7.3	0.475
3079	0.0	7.3	1.285
3080	0.0	7.3	1.375
3081	0.0	7.3	1.381
3082	0.0	7.3	1.447
3083	0.0	7.3	1.381
3084	0.0	7.3	1.339
3085	0.0	7.3	1.240
3086	0.0	7.3	1.089
3087	0.0	7.3	0.993
3088	0.0	7.3	0.927
3089	0.0	7.3	0.963
3090	0.0	7.2	1.195
3091	0.0	7.2	1.333
3092	0.0	7.2	1.649
3093	0.0	7.2	1.694
3094	0.0	7.2	1.580
3095	0.0	7.2	0.951
3096	0.0	7.2	0.596
3097	0.0	7.2	0.412
3098	0.0	7.2	0.223
3099	0.0	7.2	0.087
3100	0.0	7.2	0.063
3101	0.0	7.2	0.190
3102	0.0	7.2	0.475
3103	0.0	7.2	1.285
3104	0.0	7.2	1.375
3105	0.0	7.2	1.381
3106	0.0	7.2	1.447
3107	0.0	7.2	1.381
3108	0.0	7.2	1.339
3109	0.0	7.2	1.240
3110	0.0	7.2	1.089
3111	0.0	7.2	0.993
3112	0.0	7.2	0.927
3113	0.0	7.2	0.963
3114	0.0	7.2	1.195
3115	0.0	7.2	1.333
3116	0.0	7.2	1.649
3117	0.0	7.2	1.694
3118	0.0	7.2	1.580
3119	0.0	7.2	0.951
3120	0.0	7.2	0.596
3121	0.0	7.2	0.412
3122	0.0	7.2	0.223
3123	0.0	7.1	0.087
3124	0.0	7.1	0.063
3125	0.0	7.1	0.190
3126	0.0	7.1	0.475
3127	0.0	7.1	1.285
3128	0.0	7.1	1.375
3129	0.0	7.1	1.381
3130	0.0	7.1	1.447
3131	0.0	7.1	1.381
3132	0.0	7.1	1.339
3133	0.0	7.1	1.240
3134	0.0	7.1	1.089
3135	0.0	7.1	0.993
3136	0.0	7.1	0.927
3137	0.0	7.1	0.963
3138	0.0	7.1	1.195
3139	0.0	7.1	1.333
3140	0.0	7.1	1.649
3141	0.0	7.1	1.694
3142	0.0	7.1	1.580
3143	0.0	7.1	0.951
3144	0.0	7.1	0.596
3145	0.0	7.1	0.412
3146	0.0	7.1	0.223
3147	0.0	7.1	0.087
3148	0.0	7.1	0.063
3149	0.0	7.1	0.190
3150	0.0	7.1	0.475
3151	0.0	7.1	1.285
3152	0.0	7.1	1.375
3153	0.0	7.1	1.381
3154	0.0	7.1	1.447
3155	0.0	7.0	1.381
3156	0.0	7.0	1.339
3157	0.0	7.0	1.240
3158	0.0	7.0	1.089
3159	0.0	7.0	0.993
3160	0.0	7.0	0.927
3161	0.0	7.0	0.963
3162	0.0	7.0	1.195
3163	0.0	7.0	1.333
3164	0.0	7.0	1.649
3165	0.0	7.0	1.694
3166	0.0	7.0	1.580
3167	0.0	7.0	0.951
3168	0.0	7.0	0.596
3169	0.0	7.0	0.412
3170	0.0	7.0	0.223
3171	0.0	7.0	0.087
3172	0.0	7.0	0.063
3173	0.0	7.0	0.190
3174	0.0	7.0	0.475
3175	0.0	7.0	1.285
3176	0.0	7.0	1.375
3177	0.0	7.0	1.381
3178	0.0	7.0	1.447
3179	0.0	7.0	1.381
3180	0.0	7.0	1.339
3181	0.0	7.0	1.240
3182	0.0	6.9	1.089
3183	0.0	6.9	0.993
3184	0.0	6.9	0.927
3185	0.0	6.9	0.963
3186	0.0	6.9	1.195
3187	0.0	6.9	1.333
3188	0.0	6.9	1.649
3189	0.0	6.9	1.694
3190	0.0	6.9	1.580
3191	0.0	6.9	0.951
3192	0.0	6.9	0.596
3193	0.0	6.9	0.412
3194	0.0	6.9	0.223
3195	0.0	6.9	0.087
3196	0.0	6.9	0.063
3197	0.0	6.9	0.190
3198	0.0	6.9	0.475
3199	0.0	6.9	1.285
3200	0.0	6.9	1.375
3201	0.0	6.9	1.381
3202	0.0	6.9	1.447
3203	0.0	6.9	1.381
3204	0.0	6.9	1.339
3205	0.0	6.9	1.240
3206	0.0	6.9	1.089
3207	0.0	6.9	0.993
3208	0.0	6.8	0.927
3209	0.0	6.8	0.963
3210	0.0	6.8	1.195
3211	0.0	6.8	1.333
3212	0.0	6.8	1.649
3213	0.0	6.8	1.694
3214	0.0	6.8	1.580
3215	0.0	6.8	0.951
3216	0.0	6.8	0.596
3217	0.0	6.8	0.412
3218	0.0	6.8	0.223
3219	0.0	6.8	0.087
3220	0.0	6.8	0.063
3221	0.0	6.8	0.190
3222	0.0	6.8	0.475
3223	0.0	6.8	1.285
3224	0.0	6.8	1.375
3225	0.0	6.8	1.381
3226	0.0	6.8	1.447
3227	0.0	6.8	1.381
3228	0.0	6.8	1.339
3229	0.0	6.7	1.240
3230	0.0	6.7	1.089
3231	0.0	6.7	0.993
3232	0.0	6.7	0.927
3233	0.0	6.7	0.963
3234	0.0	6.7	1.195
3235	0.0	6.7	1.333
3236	0.0	6.7	1.649
3237	0.0	6.7	1.694
3238	0.0	6.7	1.580
3239	0.0	6.7	0.951
3240	0.0	6.7	0.596
3241	0.0	6.7	0.412
3242	0.0	6.7	0.223
3243	0.0	6.7	0.087
3244	0.0	6.7	0.063
3245	0.0	6.7	0.190
3246	0.0	6.7	0.475
3247	0.0	6.7	1.285
3248	0.0	6.7	1.375
3249	0.0	6.7	1.381
3250	0.0	6.6	1.447
3251	0.0	6.6	1.381
3252	0.0	6.6	1.339
3253	0.0	6.6	1.240
3254	0.0	6.6	1.089
3255	0.0	6.6	0.993
3256	0.0	6.6	0.927
3257	0.0	6.6	0.963
3258	0.0	6.6	1.195
3259	0.0	6.6	1.333
3260	0.0	6.6	1.649
3261	0.0	6.6	1.694
3262	0.0	6.6	1.580
3263	0.0	6.6	0.951
3264	0.0	6.6	0.596
3265	0.0	6.6	0.412
3266	0.0	6.6	0.223
3267	0.0	6.6	0.087
3268	0.0	6.6	0.063
3269	0.0	6.6	0.190
3270	0.0	6.6	0.475
3271	0.0	6.5	1.285
3272	0.0	6.5	1.375
3273	0.0	6.5	1.381
3274	0.0	6.5	1.447
3275	0.0	6.5	1.381
3276	0.0	6.5	1.339
3277	0.0	6.5	1.240
3278	0.0	6.5	1.089
3279	0.0	6.5	0.993
3280	0.0	6.5	0.927
3281	0.0	6.5	0.963
3282	0.0	6.5	1.195
3283	0.0	6.5	1.333
3284	0.0	6.5	1.649
3285	0.0	6.5	1.694
3286	0.0	6.5	1.580
3287	0.0	6.5	0.951
3288	0.0	6.5	0.596
3289	0.0	6.5	0.412
3290	0.0	6.5	0.223
3291	0.0	6.5	0.087
3292	0.0	6.5	0.063
3293	0.0	6.5	0.190
3294	0.0	6.5	0.475
3295	0.0	6.5	1.285
3296	0.0	6.5	1.375
3297	0.0	6.5	1.381
3298	0.0	6.5	1.447
3299	0.0	6.5	1.381
3300	0.0	6.4	1.339
3301	0.0	6.4	1.240
3302	0.0	6.4	1.089
3303	0.0	6.4	0.993
3304	0.0	6.4	0.927
3305	0.0	6.4	0.963
3306	0.0	6.4	1.195
3307	0.0	6.4	1.333
3308	0.0	6.4	1.649
3309	0.0	6.4	1.694
3310	0.0	6.4	1.580
3311	0.0	6.4	0.951
3312	0.0	6.4	0.596
3313	0.0	6.4	0.412
3314	0.0	6.4	0.223
3315	0.0	6.4	0.087
3316	0.0	6.4	0.063
3317	0.0	6.4	0.190
3318	0.0	6.4	0.475
3319	0.0	6.4	1.285
3320	0.0	6.4	1.375
3321	0.0	6.4	1.381
3322	0.0	6.4	1.447
3323	0.0	6.4	1.381
3324	0.0	6.4	1.339
3325	0.0	6.4	1.240
3326	0.0	6.3	1.089
3327	0.0	6.3	0.993
3328	0.0	6.3	0.927
3329	0.0	6.3	0.963
3330	0.0	6.3	1.195
3331	0.0	6.3	1.333
3332	0.0	6.3	1.649
3333	0.0	6.3	1.694
3334	0.0	6.3	1.580
3335	0.0	6.3	0.951
3336	0.0	6.3	0.596
3337	0.0	6.3	0.412
3338	0.0	6.3	0.223
3339	0.0	6.3	0.087
3340	0.0	6.3	0.063
3341	0.0	6.3	0.190
3342	0.0	6.3	0.475
3343	0.0	6.3	1.285
3344	0.0	6.3	1.375
3345	0.0	6.3	1.381
3346	0.0	6.3	1.447
3347	0.0	6.3	1.381
3348	0.0	6.3	1.339
3349	0.0	6.3	1.240
3350	0.0	6.3	1.089
3351	0.0	6.3	0.993
3352	0.0	6.3	0.927
3353	0.0	6.2	0.963
3354	0.0	6.2	1.195
3355	0.0	6.2	1.333
3356	0.0	6.2	1.649
3357	0.0	6.2	1.694
3358	0.0	6.2	1.580
3359	0.0	6.2	0.951
3360	0.0	6.2	0.596
3361	0.0	6.2	0.412
3362	0.0	6.2	0.223
3363	0.0	6.2	0.087
3364	0.0	6.2	0.063
3365	0.0	6.2	0.190
3366	0.0	6.2	0.475
3367	0.0	6.2	1.285
3368	0.0	6.2	1.375
3369	0.0	6.2	1.381
3370	0.0	6.2	1.447
3371	0.0	6.2	1.381
3372	0.0	6.2	1.339
3373	0.0	6.2	1.240
3374	0.0	6.2	1.089
3375	0.0	6.2	0.993
3376	0.0	6.2	0.927
3377	0.0	6.2	0.963
3378	0.0	6.2	1.195
3379	0.0	6.2	1.333
3380	0.0	6.2	1.649
3381	0.0	6.2	1.694
3382	0.0	6.2	1.580
3383	0.0	6.2	0.951
3384	0.0	6.2	0.596
3385	0.0	6.1	0.412
3386	0.0	6.1	0.223
3387	0.0	6.1	0.087
3388	0.0	6.1	0.063
3389	0.0	6.1	0.190
3390	0.0	6.1	0.475
3391	0.0	6.1	1.285
3392	0.0	6.1	1.375
3393	0.0	6.1	1.381
3394	0.0	6.1	1.447
3395	0.0	6.1	1.381
3396	0.0	6.1	1.339
3397	0.0	6.1	1.240
3398	0.0	6.1	1.089
3399	0.0	6.1	0.993
3400	0.0	6.1	0.927
3401	0.0	6.1	0.963
3402	0.0	6.1	1.195
3403	0.0	6.1	1.333
3404	0.0	6.1	1.649
3405	0.0	6.1	1.694
3406	0.0	6.1	1.580
3407	0.0	6.1	0.951
3408	0.0	6.1	0.596
3409	0.0	6.1	0.412
3410	0.0	6.1	0.223
3411	0.0	6.1	0.087
3412	0.0	6.1	0.063
3413	0.0	6.1	0.190
3414	0.0	6.1	0.475
3415	0.0	6.0	1.285
3416	0.0	6.0	1.375
3417	0.0	6.0	1.381
3418	0.0	6.0	1.447
3419	0.0	6.0	1.381
3420	0.0	6.0	1.339
3421	0.0	6.0	1.240
3422	0.0	6.0	1.089
3423	0.0	6.0	0.993
3424	0.0	6.0	0.927
3425	0.0	6.0	0.963
3426	0.0	6.0	1.195
3427	0.0	6.0	1.333
3428	0.0	6.0	1.649
3429	0.0	6.0	1.694
3430	0.0	6.0	1.580
3431	0.0	6.0	0.951
3432	0.0	6.0	0.596
3433	0.0	6.0	0.412
3434	0.0	6.0	0.223
3435	0.0	6.0	0.087
3436	0.0	6.0	0.063
3437	0.0	6.0	0.190
3438	0.0	6.0	0.475
3439	0.0	5.9	1.285
3440	0.0	5.9	1.375
3441	0.0	5.9	1.381
3442	0.0	5.9	1.447
3443	0.0	5.9	1.381
3444	0.0	5.9	1.339
3445	0.0	5.9	1.240
3446	0.0	5.9	1.089
3447	0.0	5.9	0.993
3448	0.0	5.9	0.927
3449	0.0	5.9	0.963
3450	0.0	5.9	1.195
3451	0.0	5.9	1.333
3452	0.0	5.9	1.649
3453	0.0	5.9	1.694
3454	0.0	5.9	1.580
3455	0.0	5.9	0.951
3456	0.0	5.9	0.596
3457	0.0	5.9	0.412
3458	0.0	5.9	0.223
3459	0.0	5.9	0.087
3460	0.0	5.9	0.063
3461	0.0	5.9	0.190
3462	0.0	5.9	0.475
3463	0.0	5.9	1.285
3464	0.0	5.9	1.375
3465	0.0	5.9	1.381
3466	0.0	5.9	1.447
3467	0.0	5.9	1.381
3468	0.0	5.9	1.339
3469	0.0	5.9	1.240
3470	0.0	5.9	1.089
3471	0.0	5.9	0.993
3472	0.0	5.8	0.927
3473	0.0	5.8	0.963
3474	0.0	5.8	1.195
3475	0.0	5.8	1.333
3476	0.0	5.8	1.649
3477	0.0	5.8	1.694
3478	0.0	5.8	1.580
3479	0.0	5.8	0.951
3480	0.0	5.8	0.596
3481	0.0	5.8	0.412
3482	0.0	5.8	0.223
3483	0.0	5.8	0.087
3484	0.0	5.8	0.063
3485	0.0	5.8	0.190
3486	0.0	5.8	0.475
3487	0.0	5.8	1.285
3488	0.0	5.8	1.375
3489	0.0	5.8	1.381
3490	0.0	5.8	1.447
3491	0.0	5.8	1.381
3492	0.0	5.8	1.339
3493	0.0	5.8	1.240
3494	0.0	5.8	1.089
3495	0.0	5.8	0.993
3496	0.0	5.8	0.927
3497	0.0	5.8	0.963
3498	0.0	5.8	1.195
3499	0.0	5.8	1.333
3500	0.0	5.8	1.649
3501	0.0	5.8	1.694
3502	0.0	5.8	1.580
3503	0.0	5.8	0.951
3504	0.0	5.8	0.596
3505	0.0	5.8	0.412
3506	0.0	5.7	0.223
3507	0.0	5.7	0.087
3508	0.0	5.7	0.063
3509	0.0	5.7	0.190
3510	0.0	5.7	0.475
3511	0.0	5.7	1.285
3512	0.0	5.7	1.375
3513	0.0	5.7	1.381
3514	0.0	5.7	1.447
3515	0.0	5.7	1.381
3516	0.0	5.7	1.339
3517	0.0	5.7	1.240
3518	0.0	5.7	1.089
3519	0.0	5.7	0.993
3520	0.0	5.7	0.927
3521	0.0	5.7	0.963
3522	0.0	5.7	1.195
3523	0.0	5.7	1.333
3524	0.0	5.7	1.649
3525	0.0	5.7	1.694
3526	0.0	5.7	1.580
3527	0.0	5.7	0.951
3528	0.0	5.7	0.596
3529	0.0	5.6	0.412
3530	0.0	5.6	0.223
3531	0.0	5.6	0.087
3532	0.0	5.6	0.063
3533	0.0	5.6	0.190
3534	0.0	5.6	0.475
3535	0.0	5.6	1.285
3536	0.0	5.6	1.375
3537	0.0	5.6	1.381
3538	0.0	5.6	1.447
3539	0.0	5.6	1.381
3540	0.0	5.6	1.339
3541	0.0	5.6	1.240
3542	0.0	5.6	1.089
3543	0.0	5.6	0.993
3544	0.0	5.6	0.927
3545	0.0	5.6	0.963
3546	0.0	5.6	1.195
3547	0.0	5.6	1.333
3548	0.0	5.6	1.649
3549	0.0	5.6	1.694
3550	0.0	5.6	1.580
3551	0.0	5.6	0.951
3552	0.0	5.6	0.596
3553	0.0	5.6	0.412
3554	0.0	5.6	0.223
3555	0.0	5.6	0.087
3556	0.0	5.5	0.063
3557	0.0	5.5	0.190
3558	0.0	5.5	0.475
3559	0.0	5.5	1.285
3560	0.0	5.5	1.375
3561	0.0	5.5	1.381
3562	0.0	5.5	1.447
3563	0.0	5.5	1.381
3564	0.0	5.5	1.339
3565	0.0	5.5	1.240
3566	0.0	5.5	1.089
3567	0.0	5.5	0.993
3568	0.0	5.5	0.927
3569	0.0	5.5	0.963
3570	0.0	5.5	1.195
3571	0.0	5.5	1.333
3572	0.0	5.5	1.649
3573	0.0	5.5	1.694
3574	0.0	5.5	1.580
3575	0.0	5.5	0.951
3576	0.0	5.5	0.596
3577	0.0	5.5	0.412
3578	0.0	5.5	0.223
3579	0.0	5.4	0.087
3580	0.0	5.4	0.063
3581	0.0	5.4	0.190
3582	0.0	5.4	0.475
3583	0.0	5.4	1.285
3584	0.0	5.4	1.375
3585	0.0	5.4	1.381
3586	0.0	5.4	1.447
3587	0.0	5.4	1.381
3588	0.0	5.4	1.339
3589	0.0	5.4	1.240
3590	0.0	5.4	1.089
3591	0.0	5.4	0.993
3592	0.0	5.4	0.927
3593	0.0	5.4	0.963
3594	0.0	5.4	1.195
3595	0.0	5.4	1.333
3596	0.0	5.4	1.649
3597	0.0	5.4	1.694
3598	0.0	5.4	1.580
3599	0.0	5.4	0.951
3600	0.0	5.4	0.596
3601	0.0	5.4	0.412
3602	0.0	5.4	0.223
3603	0.0	5.3	0.087
3604	0.0	5.3	0.063
3605	0.0	5.3	0.190
3606	0.0	5.3	0.475
3607	0.0	5.3	1.285
3608	0.0	5.3	1.375
3609	0.0	5.3	1.381
3610	0.0	5.3	1.447
3611	0.0	5.3	1.381
3612	0.0	5.3	1.339
3613	0.0	5.3	1.240
3614	0.0	5.3	1.089
3615	0.0	5.3	0.993
3616	0.0	5.3	0.927
3617	0.0	5.3	0.963
3618	0.0	5.3	1.195
3619	0.0	5.3	1.333
3620	0.0	5.3	1.649
3621	0.0	5.3	1.694
3622	0.0	5.3	1.580
3623	0.0	5.3	0.951
3624	0.0	5.3	0.596
3625	0.0	5.3	0.412
3626	0.0	5.3	0.223
3627	0.0	5.3	0.087
3628	0.0	5.3	0.063
3629	0.0	5.2	0.190
3630	0.0	5.2	0.475
3631	0.0	5.2	1.285
3632	0.0	5.2	1.375
3633	0.0	5.2	1.381
3634	0.0	5.2	1.447
3635	0.0	5.2	1.381
3636	0.0	5.2	1.339
3637	0.0	5.2	1.240
3638	0.0	5.2	1.089
3639	0.0	5.2	0.993
3640	0.0	5.2	0.927
3641	0.0	5.2	0.963
3642	0.0	5.2	1.195
3643	0.0	5.2	1.333
3644	0.0	5.2	1.649
3645	0.0	5.2	1.694
3646	0.0	5.2	1.580
3647	0.0	5.2	0.951
3648	0.0	5.2	0.596
3649	0.0	5.2	0.412
3650	0.0	5.2	0.223
3651	0.0	5.1	0.087
3652	0.0	5.1	0.063
3653	0.0	5.1	0.190
3654	0.0	5.1	0.475
3655	0.0	5.1	1.285
3656	0.0	5.1	1.375
3657	0.0	5.1	1.381
3658	0.0	5.1	1.447
3659	0.0	5.1	1.381
3660	0.0	5.1	1.339
3661	0.0	5.1	1.240
3662	0.0	5.1	1.089
3663	0.0	5.1	0.993
3664	0.0	5.1	0.927
3665	0.0	5.1	0.963
3666	0.0	5.1	1.195
3667	0.0	5.1	1.333
3668	0.0	5.1	1.649
3669	0.0	5.1	1.694
3670	0.0	5.1	1.580
3671	0.0	5.1	0.951
3672	0.0	5.1	0.596
3673	0.0	5.1	0.412
3674	0.0	5.1	0.223
3675	0.0	5.1	0.087
3676	0.0	5.1	0.063
3677	0.0	5.0	0.190
3678	0.0	5.0	0.475
3679	0.0	5.0	1.285
3680	0.0	5.0	1.375
3681	0.0	5.0	1.381
3682	0.0	5.0	1.447
3683	0.0	5.0	1.381
3684	0.0	5.0	1.339
3685	0.0	5.0	1.240
3686	0.0	5.0	1.089
3687	0.0	5.0	0.993
3688	0.0	5.0	0.927
3689	0.0	5.0	0.963
3690	0.0	5.0	1.195
3691	0.0	5.0	1.333
3692	0.0	5.0	1.649
3693	0.0	5.0	1.694
3694	0.0	5.0	1.580
3695	0.0	5.0	0.951
3696	0.0	5.0	0.596
3697	0.0	5.0	0.412
3698	0.0	5.0	0.223
3699	0.0	5.0	0.087
3700	0.0	4.9	0.063
3701	0.0	4.9	0.190
3702	0.0	4.9	0.475
3703	0.0	4.9	1.285
3704	0.0	4.9	1.375
3705	0.0	4.9	1.381
3706	0.0	4.9	1.447
3707	0.0	4.9	1.381
3708	0.0	4.9	1.339
3709	0.0	4.9	1.240
3710	0.0	4.9	1.089
3711	0.0	4.9	0.993
3712	0.0	4.9	0.927
3713	0.0	4.9	0.963
3714	0.0	4.9	1.195
3715	0.0	4.9	1.333
3716	0.0	4.9	1.649
3717	0.0	4.9	1.694
3718	0.0	4.9	1.580
3719	0.0	4.9	0.951
3720	0.0	4.9	0.596
3721	0.0	4.9	0.412
3722	0.0	4.9	0.223
3723	0.0	4.9	0.087
3724	0.0	4.8	0.063
3725	0.0	4.8	0.190
3726	0.0	4.8	0.475
3727	0.0	4.8	1.285
3728	0.0	4.8	1.375
3729	0.0	4.8	1.381
3730	0.0	4.8	1.447
3731	0.0	4.8	1.381
3732	0.0	4.8	1.339
3733	0.0	4.8	1.240
3734	0.0	4.8	1.089
3735	0.0	4.8	0.993
3736	0.0	4.8	0.927
3737	0.0	4.8	0.963
3738	0.0	4.8	1.195
3739	0.0	4.8	1.333
3740	0.0	4.8	1.649
3741	0.0	4.8	1.694
3742	0.0	4.8	1.580
3743	0.0	4.8	0.951
3744	0.0	4.8	0.596
3745	0.0	4.8	0.412
3746	0.0	4.8	0.223
3747	0.0	4.8	0.087
3748	0.0	4.8	0.063
3749	0.0	4.8	0.190
3750	0.0	4.7	0.475
3751	0.0	4.7	1.285
3752	0.0	4.7	1.375
3753	0.0	4.7	1.381
3754	0.0	4.7	1.447
3755	0.0	4.7	1.381
3756	0.0	4.7	1.339
3757	0.0	4.7	1.240
3758	0.0	4.7	1.089
3759	0.0	4.7	0.993
3760	0.0	4.7	0.927
3761	0.0	4.7	0.963
3762	0.0	4.7	1.195
3763	0.0	4.7	1.333
3764	0.0	4.7	1.649
3765	0.0	4.7	1.694
3766	0.0	4.7	1.580
3767	0.0	4.7	0.951
3768	0.0	4.7	0.596
3769	0.0	4.7	0.412
3770	0.0	4.7	0.223
3771	0.0	4.7	0.087
3772	0.0	4.7	0.063
3773	0.0	4.7	0.190
3774	0.0	4.7	0.475
3775	0.0	4.7	1.285
3776	0.0	4.7	1.375
3777	0.0	4.7	1.381
3778	0.0	4.7	1.447
3779	0.0	4.7	1.381
3780	0.0	4.7	1.339
3781	0.0	4.7	1.240
3782	0.0	4.7	1.089
3783	0.0	4.7	0.993
3784	0.0	4.7	0.927
3785	0.0	4.7	0.963
3786	0.0	4.7	1.195
3787	0.0	4.7	1.333
3788	0.0	4.7	1.649
3789	0.0	4.6	1.694
3790	0.0	4.6	1.580
3791	0.0	4.6	0.951
3792	0.0	4.6	0.596
3793	0.0	4.6	0.412
3794	0.0	4.6	0.223
3795	0.0	4.6	0.087
3796	0.0	4.6	0.063
3797	0.0	4.6	0.190
3798	0.0	4.6	0.475
3799	0.0	4.6	1.285
3800	0.0	4.6	1.375
3801	0.0	4.6	1.381
3802	0.0	4.6	1.447
3803	0.0	4.6	1.381
3804	0.0	4.6	1.339
3805	0.0	4.6	1.240
3806	0.0	4.6	1.089
3807	0.0	4.6	0.993
3808	0.0	4.6	0.927
3809	0.0	4.6	0.963
3810	0.0	4.6	1.195
3811	0.0	4.6	1.333
3812	0.0	4.6	1.649
3813	0.0	4.6	1.694
3814	0.0	4.6	1.580
3815	0.0	4.5	0.951
3816	0.0	4.5	0.596
3817	0.0	4.5	0.412
3818	0.0	4.5	0.223
3819	0.0	4.5	0.087
3820	0.0	4.5	0.063
3821	0.0	4.5	0.190
3822	0.0	4.5	0.475
3823	0.0	4.5	1.285
3824	0.0	4.5	1.375
3825	0.0	4.5	1.381
3826	0.0	4.5	1.447
3827	0.0	4.5	1.381
3828	0.0	4.5	1.339
3829	0.0	4.5	1.240
3830	0.0	4.5	1.089
3831	0.0	4.5	0.993
3832	0.0	4.5	0.927
3833	0.0	4.5	0.963
3834	0.0	4.5	1.195
3835	0.0	4.5	1.333
3836	0.0	4.5	1.649
3837	0.0	4.5	1.694
3838	0.0	4.5	1.580
3839	0.0	4.5	0.951
3840	0.0	4.5	0.596
3841	0.0	4.5	0.412
3842	0.0	4.5	0.223
3843	0.0	4.5	0.087
3844	0.0	4.5	0.063
3845	0.0	4.5	0.190
3846	0.0	4.5	0.475
3847	0.0	4.5	1.285
3848	0.0	4.4	1.375
3849	0.0	4.4	1.381
3850	0.0	4.4	1.447
3851	0.0	4.4	1.381
3852	0.0	4.4	1.339
3853	0.0	4.4	1.240
3854	0.0	4.4	1.089
3855	0.0	4.4	0.993
3856	0.0	4.4	0.927
3857	0.0	4.4	0.963
3858	0.0	4.4	1.195
3859	0.0	4.4	1.333
3860	0.0	4.4	1.649
3861	0.0	4.4	1.694
3862	0.0	4.4	1.580
3863	0.0	4.4	0.951
3864	0.0	4.4	0.596
3865	0.0	4.4	0.412
3866	0.0	4.4	0.223
3867	0.0	4.4	0.087
3868	0.0	4.4	0.063
3869	0.0	4.4	0.190
3870	0.0	4.4	0.475
3871	0.0	4.4	1.285
3872	0.0	4.4	1.375
3873	0.0	4.4	1.381
3874	0.0	4.4	1.447
3875	0.0	4.4	1.381
3876	0.0	4.4	1.339
3877	0.0	4.4	1.240
3878	0.0	4.4	1.089
3879	0.0	4.4	0.993
3880	0.0	4.4	0.927
3881	0.0	4.4	0.963
3882	0.0	4.4	1.195
3883	0.0	4.4	1.333
3884	0.0	4.4	1.649
3885	0.0	4.4	1.694
3886	0.0	4.4	1.580
3887	0.0	4.3	0.951
3888	0.0	4.3	0.596
3889	0.0	4.3	0.412
3890	0.0	4.3	0.223
3891	0.0	4.3	0.087
3892	0.0	4.3	0.063
3893	0.0	4.3	0.190
3894	0.0	4.3	0.475
3895	0.0	4.3	1.285
3896	0.0	4.3	1.375
3897	0.0	4.3	1.381
3898	0.0	4.3	1.447
3899	0.0	4.3	1.381
3900	0.0	4.3	1.339
3901	0.0	4.3	1.240
3902	0.0	4.3	1.089
3903	0.0	4.3	0.993
3904	0.0	4.3	0.927
3905	0.0	4.3	0.963
3906	0.0	4.3	1.195
3907	0.0	4.3	1.333
3908	0.0	4.3	1.649
3909	0.0	4.3	1.694
3910	0.0	4.3	1.580
3911	0.0	4.3	0.951
3912	0.0	4.3	0.596
3913	0.0	4.3	0.412
3914	0.0	4.3	0.223
3915	0.0	4.3	0.087
3916	0.0	4.3	0.063
3917	0.0	4.3	0.190
3918	0.0	4.3	0.475
3919	0.0	4.3	1.285
3920	0.0	4.3	1.375
3921	0.0	4.3	1.381
3922	0.0	4.3	1.447
3923	0.0	4.3	1.381
3924	0.0	4.3	1.339
3925	0.0	4.3	1.240
3926	0.0	4.3	1.089
3927	0.0	4.3	0.993
3928	0.0	4.3	0.927
3929	0.0	4.3	0.963
3930	0.0	4.2	1.195
3931	0.0	4.2	1.333
3932	0.0	4.2	1.649
3933	0.0	4.2	1.694
3934	0.0	4.2	1.580
3935	0.0	4.2	0.951
3936	0.0	4.2	0.596
3937	0.0	4.2	0.412
3938	0.0	4.2	0.223
3939	0.0	4.2	0.087
3940	0.0	4.2	0.063
3941	0.0	4.2	0.190
3942	0.0	4.2	0.475
3943	0.0	4.2	1.285
3944	0.0	4.2	1.375
3945	0.0	4.2	1.381
3946	0.0	4.2	1.447
3947	0.0	4.2	1.381
3948	0.0	4.2	1.339
3949	0.0	4.2	1.240
3950	0.0	4.2	1.089
3951	0.0	4.2	0.993
3952	0.0	4.2	0.927
3953	0.0	4.2	0.963
3954	0.0	4.2	1.195
3955	0.0	4.2	1.333
3956	0.0	4.2	1.649
3957	0.0	4.2	1.694
3958	0.0	4.2	1.580
3959	0.0	4.2	0.951
3960	0.0	4.2	0.596
3961	0.0	4.2	0.412
3962	0.0	4.2	0.223
3963	0.0	4.2	0.087
3964	0.0	4.2	0.063
3965	0.0	4.2	0.190
3966	0.0	4.2	0.475
3967	0.0	4.2	1.285
3968	0.0	4.2	1.375
3969	0.0	4.2	1.381
3970	0.0	4.2	1.447
3971	0.0	4.2	1.381
3972	0.0	4.2	1.339
3973	0.0	4.2	1.240
3974	0.0	4.1	1.089
3975	0.0	4.1	0.993
3976	0.0	4.1	0.927
3977	0.0	4.1	0.963
3978	0.0	4.1	1.195
3979	0.0	4.1	1.333
3980	0.0	4.1	1.649
3981	0.0	4.1	1.694
3982	0.0	4.1	1.580
3983	0.0	4.1	0.951
3984	0.0	4.1	0.596
3985	0.0	4.1	0.412
3986	0.0	4.1	0.223
3987	0.0	4.1	0.087
3988	0.0	4.1	0.063
3989	0.0	4.1	0.190
3990	0.0	4.1	0.475
3991	0.0	4.1	1.285
3992	0.0	4.1	1.375
3993	0.0	4.1	1.381
3994	0.0	4.1	1.447
3995	0.0	4.1	1.381
3996	0.0	4.1	1.339
3997	0.0	4.1	1.240
3998	0.0	4.1	1.089
3999	0.0	4.1	0.993
4000	0.0	4.1	0.927
4001	0.0	4.1	0.963
4002	0.0	4.1	1.195
4003	0.0	4.1	1.333
4004	0.0	4.1	1.649
4005	0.0	4.1	1.694
4006	0.0	4.1	1.580
4007	0.0	4.1	0.951
4008	0.0	4.1	0.596
4009	0.0	4.0	0.412
4010	0.0	4.0	0.223
4011	0.0	4.0	0.087
4012	0.0	4.0	0.063
4013	0.0	4.0	0.190
4014	0.0	4.0	0.475
4015	0.0	4.0	1.285
4016	0.0	4.0	1.375
4017	0.0	4.0	1.381
4018	0.0	4.0	1.447
4019	0.0	4.0	1.381
4020	0.0	4.0	1.339
4021	0.0	4.0	1.240
4022	0.0	4.0	1.089
4023	0.0	4.0	0.993
4024	0.0	4.0	0.927
4025	0.0	4.0	0.963
4026	0.0	4.0	1.195
4027	0.0	4.0	1.333
4028	0.0	4.0	1.649
4029	0.0	4.0	1.694
4030	0.0	4.0	1.580
4031	0.0	4.0	0.951
4032	0.0	4.0	0.596
4033	0.0	4.0	0.412
4034	0.0	4.0	0.223
4035	0.0	4.0	0.087
4036	0.0	4.0	0.063
4037	0.0	4.0	0.190
4038	0.0	4.0	0.475
4039	0.0	4.0	1.285
4040	0.0	4.0	1.375
4041	0.0	4.0	1.381
4042	0.0	4.0	1.447
4043	0.0	4.0	1.381
4044	0.0	4.0	1.339
4045	0.0	4.0	1.240
4046	0.0	4.0	1.089
4047	0.0	4.0	0.993
4048	0.0	4.0	0.927
4049	0.0	4.0	0.963
4050	0.0	4.0	1.195
4051	0.0	4.0	1.333
4052	0.0	4.0	1.649
4053	0.0	4.0	1.694
4054	0.0	4.0	1.580
4055	0.0	4.0	0.951
4056	0.0	4.0	0.596
4057	0.0	4.0	0.412
4058	0.0	4.0	0.223
4059	0.0	4.0	0.087
4060	0.0	4.0	0.063
4061	0.0	4.0	0.190
4062	0.0	4.0	0.475
4063	0.0	4.0	1.285
4064	0.0	4.0	1.375
4065	0.0	4.0	1.381
4066	0.0	3.9	1.447
4067	0.0	3.9	1.381
4068	0.0	3.9	1.339
4069	0.0	3.9	1.240
4070	0.0	3.9	1.089
4071	0.0	3.9	0.993
4072	0.0	3.9	0.927
4073	0.0	3.9	0.963
4074	0.0	3.9	1.195
4075	0.0	3.9	1.333
4076	0.0	3.9	1.649
4077	0.0	3.9	1.694
4078	0.0	3.9	1.580
4079	0.0	3.9	0.951
4080	0.0	3.9	0.596
4081	0.0	3.9	0.412
4082	0.0	3.9	0.223
4083	0.0	3.9	0.087
4084	0.0	3.9	0.063
4085	0.0	3.9	0.190
4086	0.0	3.9	0.475
4087	0.0	3.9	1.285
4088	0.0	3.9	1.375
4089	0.0	3.9	1.381
4090	0.0	3.9	1.447
4091	0.0	3.9	1.381
4092	0.0	3.9	1.339
4093	0.0	3.9	1.240
4094	0.0	3.9	1.089
4095	0.0	3.9	0.993
4096	0.0	3.9	0.927
4097	0.0	3.9	0.963
4098	0.0	3.9	1.195
4099	0.0	3.9	1.333
4100	0.0	3.9	1.649
4101	0.0	3.9	1.694
4102	0.0	3.9	1.580
4103	0.0	3.9	0.951
4104	0.0	3.9	0.596
4105	0.0	3.9	0.412
4106	0.0	3.9	0.223
4107	0.0	3.9	0.087
4108	0.0	3.9	0.063
4109	0.0	3.9	0.190
4110	0.0	3.9	0.475
4111	0.0	3.9	1.285
4112	0.0	3.9	1.375
4113	0.0	3.9	1.381
4114	0.0	3.9	1.447
4115	0.0	3.8	1.381
4116	0.0	3.8	1.339
4117	0.0	3.8	1.240
4118	0.0	3.8	1.089
4119	0.0	3.8	0.993
4120	0.0	3.8	0.927
4121	0.0	3.8	0.963
4122	0.0	3.8	1.195
4123	0.0	3.8	1.333
4124	0.0	3.8	1.649
4125	0.0	3.8	1.694
4126	0.0	3.8	1.580
4127	0.0	3.8	0.951
4128	0.0	3.8	0.596
4129	0.0	3.8	0.412
4130	0.0	3.8	0.223
4131	0.0	3.8	0.087
4132	0.0	3.8	0.063
4133	0.0	3.8	0.190
4134	0.0	3.8	0.475
4135	0.0	3.8	1.285
4136	0.0	3.8	1.375
4137	0.0	3.8	1.381
4138	0.0	3.8	1.447
4139	0.0	3.8	1.381
4140	0.0	3.8	1.339
4141	0.0	3.8	1.240
4142	0.0	3.8	1.089
4143	0.0	3.8	0.993
4144	0.0	3.8	0.927
4145	0.0	3.8	0.963
4146	0.0	3.8	1.195
4147	0.0	3.8	1.333
4148	0.0	3.8	1.649
4149	0.0	3.8	1.694
4150	0.0	3.8	1.580
4151	0.0	3.7	0.951
4152	0.0	3.7	0.596
4153	0.0	3.7	0.412
4154	0.0	3.7	0.223
4155	0.0	3.7	0.087
4156	0.0	3.7	0.063
4157	0.0	3.7	0.190
4158	0.0	3.7	0.475
4159	0.0	3.7	1.285
4160	0.0	3.7	1.375
4161	0.0	3.7	1.381
4162	0.0	3.7	1.447
4163	0.0	3.7	1.381
4164	0.0	3.7	1.339
4165	0.0	3.7	1.240
4166	0.0	3.7	1.089
4167	0.0	3.7	0.993
4168	0.0	3.7	0.927
4169	0.0	3.7	0.963
4170	0.0	3.7	1.195
4171	0.0	3.7	1.333
4172	0.0	3.7	1.649
4173	0.0	3.7	1.694
4174	0.0	3.7	1.580
4175	0.0	3.7	0.951
4176	0.0	3.7	0.596
4177	0.0	3.7	0.412
4178	0.0	3.7	0.223
4179	0.0	3.7	0.087
4180	0.0	3.7	0.063
4181	0.0	3.7	0.190
4182	0.0	3.7	0.475
4183	0.0	3.7	1.285
4184	0.0	3.7	1.375
4185	0.0	3.7	1.381
4186	0.0	3.7	1.447
4187	0.0	3.7	1.381
4188	0.0	3.7	1.339
4189	0.0	3.7	1.240
4190	0.0	3.7	1.089
4191	0.0	3.7	0.993
4192	0.0	3.7	0.927
4193	0.0	3.7	0.963
4194	0.0	3.7	1.195
4195	0.0	3.7	1.333
4196	0.0	3.7	1.649
4197	0.0	3.7	1.694
4198	0.0	3.7	1.580
4199	0.0	3.7	0.951
4200	0.0	3.7	0.596
4201	0.0	3.7	0.412
4202	0.0	3.7	0.223
4203	0.0	3.6	0.087
4204	0.0	3.6	0.063
4205	0.0	3.6	0.190
4206	0.0	3.6	0.475
4207	0.0	3.6	1.285
4208	0.0	3.6	1.375
4209	0.0	3.6	1.381
4210	0.0	3.6	1.447
4211	0.0	3.6	1.381
4212	0.0	3.6	1.339
4213	0.0	3.6	1.240
4214	0.0	3.6	1.089
4215	0.0	3.6	0.993
4216	0.0	3.6	0.927
4217	0.0	3.6	0.963
4218	0.0	3.6	1.195
4219	0.0	3.6	1.333
4220	0.0	3.6	1.649
4221	0.0	3.6	1.694
4222	0.0	3.6	1.580
4223	0.0	3.6	0.951
4224	0.0	3.6	0.596
4225	0.0	3.6	0.412
4226	0.0	3.6	0.223
4227	0.0	3.6	0.087
4228	0.0	3.6	0.063
4229	0.0	3.6	0.190
4230	0.0	3.6	0.475
4231	0.0	3.6	1.285
4232	0.0	3.6	1.375
4233	0.0	3.6	1.381
4234	0.0	3.6	1.447
4235	0.0	3.6	1.381
4236	0.0	3.6	1.339
4237	0.0	3.6	1.240
4238	0.0	3.6	1.089
4239	0.0	3.6	0.993
4240	0.0	3.5	0.927
4241	0.0	3.5	0.963
4242	0.0	3.5	1.195
4243	0.0	3.5	1.333
4244	0.0	3.5	1.649
4245	0.0	3.5	1.694
4246	0.0	3.5	1.580
4247	0.0	3.5	0.951
4248	0.0	3.5	0.596
4249	0.0	3.5	0.412
4250	0.0	3.5	0.223
4251	0.0	3.5	0.087
4252	0.0	3.5	0.063
4253	0.0	3.5	0.190
4254	0.0	3.5	0.475
4255	0.0	3.5	1.285
4256	0.0	3.5	1.375
4257	0.0	3.5	1.381
4258	0.0	3.5	1.447
4259	0.0	3.5	1.381
4260	0.0	3.5	1.339
4261	0.0	3.5	1.240
4262	0.0	3.5	1.089
4263	0.0	3.5	0.993
4264	0.0	3.5	0.927
4265	0.0	3.5	0.963
4266	0.0	3.5	1.195
4267	0.0	3.5	1.333
4268	0.0	3.5	1.649
4269	0.0	3.5	1.694
4270	0.0	3.5	1.580
4271	0.0	3.5	0.951
4272	0.0	3.5	0.596
4273	0.0	3.5	0.412
4274	0.0	3.5	0.223
4275	0.0	3.5	0.087
4276	0.0	3.5	0.063
4277	0.0	3.5	0.190
4278	0.0	3.5	0.475
4279	0.0	3.5	1.285
4280	0.0	3.5	1.375
4281	0.0	3.5	1.381
4282	0.0	3.5	1.447
4283	0.0	3.5	1.381
4284	0.0	3.5	1.339
4285	0.0	3.5	1.240
4286	0.0	3.5	1.089
4287	0.0	3.5	0.993
4288	0.0	3.5	0.927
4289	0.0	3.4	0.963
4290	0.0	3.4	1.195
4291	0.0	3.4	1.333
4292	0.0	3.4	1.649
4293	0.0	3.4	1.694
4294	0.0	3.4	1.580
4295	0.0	3.4	0.951
4296	0.0	3.4	0.596
4297	0.0	3.4	0.412
4298	0.0	3.4	0.223
4299	0.0	3.4	0.087
4300	0.0	3.4	0.063
4301	0.0	3.4	0.190
4302	0.0	3.4	0.475
4303	0.0	3.4	1.285
4304	0.0	3.4	1.375
4305	0.0	3.4	1.381
4306	0.0	3.4	1.447
4307	0.0	3.4	1.381
4308	0.0	3.4	1.339
4309	0.0	3.4	1.240
4310	0.0	3.4	1.089
4311	0.0	3.4	0.993
4312	0.0	3.4	0.927
4313	0.0	3.4	0.963
4314	0.0	3.4	1.195
4315	0.0	3.4	1.333
4316	0.0	3.4	1.649
4317	0.0	3.4	1.694
4318	0.0	3.4	1.580
4319	0.0	3.4	0.951
4320	0.0	3.4	0.596
4321	0.0	3.4	0.412
4322	0.0	3.4	0.223
4323	0.0	3.4	0.087
4324	0.0	3.4	0.063
4325	0.0	3.4	0.190
4326	0.0	3.4	0.475
4327	0.0	3.4	1.285
4328	0.0	3.3	1.375
4329	0.0	3.3	1.381
4330	0.0	3.3	1.447
4331	0.0	3.3	1.381
4332	0.0	3.3	1.339
4333	0.0	3.3	1.240
4334	0.0	3.3	1.089
4335	0.0	3.3	0.993
4336	0.0	3.3	0.927
4337	0.0	3.3	0.963
4338	0.0	3.3	1.195
4339	0.0	3.3	1.333
4340	0.0	3.3	1.649
4341	0.0	3.3	1.694
4342	0.0	3.3	1.580
4343	0.0	3.3	0.951
4344	0.0	3.3	0.596
4345	0.0	3.3	0.412
4346	0.0	3.3	0.223
4347	0.0	3.3	0.087
4348	0.0	3.3	0.063
4349	0.0	3.3	0.190
4350	0.0	3.3	0.475
4351	0.0	3.3	1.285
4352	0.0	3.3	1.375
4353	0.0	3.3	1.381
4354	0.0	3.3	1.447
4355	0.0	3.3	1.381
4356	0.0	3.3	1.339
4357	0.0	3.3	1.240
4358	0.0	3.3	1.089
4359	0.0	3.3	0.993
4360	0.0	3.3	0.927
4361	0.0	3.3	0.963
4362	0.0	3.3	1.195
4363	0.0	3.3	1.333
4364	0.0	3.2	1.649
4365	0.0	3.2	1.694
4366	0.0	3.2	1.580
4367	0.0	3.2	0.951
4368	0.0	3.2	0.596
4369	0.0	3.2	0.412
4370	0.0	3.2	0.223
4371	0.0	3.2	0.087
4372	0.0	3.2	0.063
4373	0.0	3.2	0.190
4374	0.0	3.2	0.475
4375	0.0	3.2	1.285
4376	0.0	3.2	1.375
4377	0.0	3.2	1.381
4378	0.0	3.2	1.447
4379	0.0	3.2	1.381
4380	0.0	3.2	1.339
4381	0.0	3.2	1.240
4382	0.0	3.2	1.089
4383	0.0	3.2	0.993
4384	0.0	3.2	0.927
4385	0.0	3.2	0.963
4386	0.0	3.2	1.195
4387	0.0	3.2	1.333
4388	0.0	3.2	1.649
4389	0.0	3.2	1.694
4390	0.0	3.2	1.580
4391	0.0	3.2	0.951
4392	0.0	3.2	0.596
4393	0.0	3.2	0.412
4394	0.0	3.2	0.223
4395	0.0	3.2	0.087
4396	0.0	3.2	0.063
4397	0.0	3.2	0.190
4398	0.0	3.2	0.475
4399	0.0	3.2	1.285
4400	0.0	3.2	1.375
4401	0.0	3.2	1.381
4402	0.0	3.2	1.447
4403	0.0	3.2	1.381
4404	0.0	3.1	1.339
4405	0.0	3.1	1.240
4406	0.0	3.1	1.089
4407	0.0	3.1	0.993
4408	0.0	3.1	0.927
4409	0.0	3.1	0.963
4410	0.0	3.1	1.195
4411	0.0	3.1	1.333
4412	0.0	3.1	1.649
4413	0.0	3.1	1.694
4414	0.0	3.1	1.580
4415	0.0	3.1	0.951
4416	0.0	3.1	0.596
4417	0.0	3.1	0.412
4418	0.0	3.1	0.223
4419	0.0	3.1	0.087
4420	0.0	3.1	0.063
4421	0.0	3.1	0.190
4422	0.0	3.1	0.475
4423	0.0	3.1	1.285
4424	0.0	3.1	1.375
4425	0.0	3.1	1.381
4426	0.0	3.1	1.447
4427	0.0	3.1	1.381
4428	0.0	3.1	1.339
4429	0.0	3.1	1.240
4430	0.0	3.1	1.089
4431	0.0	3.1	0.993
4432	0.0	3.1	0.927
4433	0.0	3.1	0.963
4434	0.0	3.1	1.195
4435	0.0	3.1	1.333
4436	0.0	3.1	1.649
4437	0.0	3.1	1.694
4438	0.0	3.1	1.580
4439	0.0	3.1	0.951
4440	0.0	3.1	0.596
4441	0.0	3.0	0.412
4442	0.0	3.0	0.223
4443	0.0	3.0	0.087
4444	0.0	3.0	0.063
4445	0.0	3.0	0.190
4446	0.0	3.0	0.475
4447	0.0	3.0	1.285
4448	0.0	3.0	1.375
4449	0.0	3.0	1.381
4450	0.0	3.0	1.447
4451	0.0	3.0	1.381
4452	0.0	3.0	1.339
4453	0.0	3.0	1.240
4454	0.0	3.0	1.089
4455	0.0	3.0	0.993
4456	0.0	3.0	0.927
4457	0.0	3.0	0.963
4458	0.0	3.0	1.195
4459	0.0	3.0	1.333
4460	0.0	3.0	1.649
4461	0.0	3.0	1.694
4462	0.0	3.0	1.580
4463	0.0	3.0	0.951
4464	0.0	3.0	0.596
4465	0.0	3.0	0.412
4466	0.0	3.0	0.223
4467	0.0	3.0	0.087
4468	0.0	3.0	0.063
4469	0.0	3.0	0.190
4470	0.0	3.0	0.475
4471	0.0	3.0	1.285
4472	0.0	3.0	1.375
4473	0.0	3.0	1.381
4474	0.0	3.0	1.447
4475	0.0	3.0	1.381
4476	0.0	3.0	1.339
4477	0.0	3.0	1.240
4478	0.0	3.0	1.089
4479	0.0	3.0	0.993
4480	0.0	3.0	0.927
4481	0.0	3.0	0.963
4482	0.0	2.9	1.195
4483	0.0	2.9	1.333
4484	0.0	2.9	1.649
4485	0.0	2.9	1.694
4486	0.0	2.9	1.580
4487	0.0	2.9	0.951
4488	0.0	2.9	0.596
4489	0.0	2.9	0.412
4490	0.0	2.9	0.223
4491	0.0	2.9	0.087
4492	0.0	2.9	0.063
4493	0.0	2.9	0.190
4494	0.0	2.9	0.475
4495	0.0	2.9	1.285
4496	0.0	2.9	1.375
4497	0.0	2.9	1.381
4498	0.0	2.9	1.447
4499	0.0	2.8	1.381
4500	0.0	2.8	1.339
4501	0.0	2.8	1.240
4502	0.0	2.8	1.089
4503	0.0	2.8	0.993
4504	0.0	2.8	0.927
4505	0.0	2.8	0.963
4506	0.0	2.8	1.195
4507	0.0	2.8	1.333
4508	0.0	2.8	1.649
4509	0.0	2.8	1.694
4510	0.0	2.8	1.580
4511	0.0	2.8	0.951
4512	0.0	2.8	0.596
4513	0.0	2.8	0.412
4514	0.0	2.8	0.223
4515	0.0	2.8	0.087
4516	0.0	2.8	0.063
4517	0.0	2.8	0.190
4518	0.0	2.8	0.475
4519	0.0	2.8	1.285
4520	0.0	2.8	1.375
4521	0.0	2.8	1.381
4522	0.0	2.8	1.447
4523	0.0	2.8	1.381
4524	0.0	2.8	1.339
4525	0.0	2.8	1.240
4526	0.0	2.8	1.089
4527	0.0	2.8	0.993
4528	0.0	2.8	0.927
4529	0.0	2.8	0.963
4530	0.0	2.8	1.195
4531	0.0	2.8	1.333
4532	0.0	2.7	1.649
4533	0.0	2.7	1.694
4534	0.0	2.7	1.580
4535	0.0	2.7	0.951
4536	0.0	2.7	0.596
4537	0.0	2.7	0.412
4538	0.0	2.7	0.223
4539	0.0	2.7	0.087
4540	0.0	2.7	0.063
4541	0.0	2.7	0.190
4542	0.0	2.7	0.475
4543	0.0	2.7	1.285
4544	0.0	2.7	1.375
4545	0.0	2.7	1.381
4546	0.0	2.7	1.447
4547	0.0	2.7	1.381
4548	0.0	2.7	1.339
4549	0.0	2.7	1.240
4550	0.0	2.7	1.089
4551	0.0	2.7	0.993
4552	0.0	2.7	0.927
4553	0.0	2.7	0.963
4554	0.0	2.7	1.195
4555	0.0	2.7	1.333
4556	0.0	2.7	1.649
4557	0.0	2.7	1.694
4558	0.0	2.7	1.580
4559	0.0	2.7	0.951
4560	0.0	2.7	0.596
4561	0.0	2.7	0.412
4562	0.0	2.7	0.223
4563	0.0	2.7	0.087
4564	0.0	2.7	0.063
4565	0.0	2.7	0.190
4566	0.0	2.6	0.475
4567	0.0	2.6	1.285
4568	0.0	2.6	1.375
4569	0.0	2.6	1.381
4570	0.0	2.6	1.447
4571	0.0	2.6	1.381
4572	0.0	2.6	1.339
4573	0.0	2.6	1.240
4574	0.0	2.6	1.089
4575	0.0	2.6	0.993
4576	0.0	2.6	0.927
4577	0.0	2.6	0.963
4578	0.0	2.6	1.195
4579	0.0	2.6	1.333
4580	0.0	2.6	1.649
4581	0.0	2.6	1.694
4582	0.0	2.6	1.580
4583	0.0	2.6	0.951
4584	0.0	2.6	0.596
4585	0.0	2.6	0.412
4586	0.0	2.6	0.223
4587	0.0	2.6	0.087
4588	0.0	2.6	0.063
4589	0.0	2.6	0.190
4590	0.0	2.6	0.475
4591	0.0	2.6	1.285
4592	0.0	2.6	1.375
4593	0.0	2.6	1.381
4594	0.0	2.6	1.447
4595	0.0	2.6	1.381
4596	0.0	2.6	1.339
4597	0.0	2.6	1.240
4598	0.0	2.6	1.089
4599	0.0	2.6	0.993
4600	0.0	2.6	0.927
4601	0.0	2.6	0.963
4602	0.0	2.6	1.195
4603	0.0	2.6	1.333
4604	0.0	2.6	1.649
4605	0.0	2.6	1.694
4606	0.0	2.6	1.580
4607	0.0	2.6	0.951
4608	0.0	2.5	0.596
4609	0.0	2.5	0.412
4610	0.0	2.5	0.223
4611	0.0	2.5	0.087
4612	0.0	2.5	0.063
4613	0.0	2.5	0.190
4614	0.0	2.5	0.475
4615	0.0	2.5	1.285
4616	0.0	2.5	1.375
4617	0.0	2.5	1.381
4618	0.0	2.5	1.447
4619	0.0	2.5	1.381
4620	0.0	2.5	1.339
4621	0.0	2.5	1.240
4622	0.0	2.5	1.089
4623	0.0	2.5	0.993
4624	0.0	2.5	0.927
4625	0.0	2.5	0.963
4626	0.0	2.5	1.195
4627	0.0	2.5	1.333
4628	0.0	2.5	1.649
4629	0.0	2.5	1.694
4630	0.0	2.5	1.580
4631	0.0	2.5	0.951
4632	0.0	2.5	0.596
4633	0.0	2.5	0.412
4634	0.0	2.5	0.223
4635	0.0	2.5	0.087
4636	0.0	2.5	0.063
4637	0.0	2.5	0.190
4638	0.0	2.5	0.475
4639	0.0	2.5	1.285
4640	0.0	2.5	1.375
4641	0.0	2.5	1.381
4642	0.0	2.5	1.447
4643	0.0	2.5	1.381
4644	0.0	2.5	1.339
4645	0.0	2.5	1.240
4646	0.0	2.5	1.089
4647	0.0	2.5	0.993
4648	0.0	2.5	0.927
4649	0.0	2.5	0.963
4650	0.0	2.5	1.195
4651	0.0	2.5	1.333
4652	0.0	2.5	1.649
4653	0.0	2.4	1.694
4654	0.0	2.4	1.580
4655	0.0	2.4	0.951
4656	0.0	2.4	0.596
4657	0.0	2.4	0.412
4658	0.0	2.4	0.223
4659	0.0	2.4	0.087
4660	0.0	2.4	0.063
4661	0.0	2.4	0.190
4662	0.0	2.4	0.475
4663	0.0	2.4	1.285
4664	0.0	2.4	1.375
4665	0.0	2.4	1.381
4666	0.0	2.4	1.447
4667	0.0	2.4	1.381
4668	0.0	2.4	1.339
4669	0.0	2.4	1.240
4670	0.0	2.4	1.089
4671	0.0	2.4	0.993
4672	0.0	2.4	0.927
4673	0.0	2.4	0.963
4674	0.0	2.4	1.195
4675	0.0	2.4	1.333
4676	0.0	2.4	1.649
4677	0.0	2.4	1.694
4678	0.0	2.4	1.580
4679	0.0	2.4	0.951
4680	0.0	2.4	0.596
4681	0.0	2.4	0.412
4682	0.0	2.4	0.223
4683	0.0	2.4	0.087
4684	0.0	2.4	0.063
4685	0.0	2.4	0.190
4686	0.0	2.4	0.475
4687	0.0	2.4	1.285
4688	0.0	2.4	1.375
4689	0.0	2.4	1.381
4690	0.0	2.4	1.447
4691	0.0	2.4	1.381
4692	0.0	2.4	1.339
4693	0.0	2.4	1.240
4694	0.0	2.4	1.089
4695	0.0	2.3	0.993
4696	0.0	2.3	0.927
4697	0.0	2.3	0.963
4698	0.0	2.3	1.195
4699	0.0	2.3	1.333
4700	0.0	2.3	1.649
4701	0.0	2.3	1.694
4702	0.0	2.3	1.580
4703	0.0	2.3	0.951
4704	0.0	2.3	0.596
4705	0.0	2.3	0.412
4706	0.0	2.3	0.223
4707	0.0	2.3	0.087
4708	0.0	2.3	0.063
4709	0.0	2.3	0.190
4710	0.0	2.3	0.475
4711	0.0	2.3	1.285
4712	0.0	2.3	1.375
4713	0.0	2.3	1.381
4714	0.0	2.3	1.447
4715	0.0	2.3	1.381
4716	0.0	2.3	1.339
4717	0.0	2.3	1.240
4718	0.0	2.3	1.089
4719	0.0	2.3	0.993
4720	0.0	2.3	0.927
4721	0.0	2.3	0.963
4722	0.0	2.3	1.195
4723	0.0	2.3	1.333
4724	0.0	2.3	1.649
4725	0.0	2.3	1.694
4726	0.0	2.3	1.580
4727	0.0	2.2	0.951
4728	0.0	2.2	0.596
4729	0.0	2.2	0.412
4730	0.0	2.2	0.223
4731	0.0	2.2	0.087
4732	0.0	2.2	0.063
4733	0.0	2.2	0.190
4734	0.0	2.2	0.475
4735	0.0	2.2	1.285
4736	0.0	2.2	1.375
4737	0.0	2.2	1.381
4738	0.0	2.2	1.447
4739	0.0	2.2	1.381
4740	0.0	2.2	1.339
4741	0.0	2.2	1.240
4742	0.0	2.2	1.089
4743	0.0	2.2	0.993
4744	0.0	2.2	0.927
4745	0.0	2.2	0.963
4746	0.0	2.2	1.195
4747	0.0	2.2	1.333
4748	0.0	2.1	1.649
4749	0.0	2.1	1.694
4750	0.0	2.1	1.580
4751	0.0	2.1	0.951
4752	0.0	2.1	0.596
4753	0.0	2.1	0.412
4754	0.0	2.1	0.223
4755	0.0	2.1	0.087
4756	0.0	2.1	0.063
4757	0.0	2.1	0.190
4758	0.0	2.1	0.475
4759	0.0	2.1	1.285
4760	0.0	2.1	1.375
4761	0.0	2.1	1.381
4762	0.0	2.1	1.447
4763	0.0	2.1	1.381
4764	0.0	2.1	1.339
4765	0.0	2.1	1.240
4766	0.0	2.1	1.089
4767	0.0	2.1	0.993
4768	0.0	2.1	0.927
4769	0.0	2.1	0.963
4770	0.0	2.1	1.195
4771	0.0	2.1	1.333
4772	0.0	2.1	1.649
4773	0.0	2.1	1.694
4774	0.0	2.1	1.580
4775	0.0	2.1	0.951
4776	0.0	2.0	0.596
4777	0.0	2.0	0.412
4778	0.0	2.0	0.223
4779	0.0	2.0	0.087
4780	0.0	2.0	0.063
4781	0.0	2.0	0.190
4782	0.0	2.0	0.475
4783	0.0	2.0	1.285
4784	0.0	2.0	1.375
4785	0.0	2.0	1.381
4786	0.0	2.0	1.447
4787	0.0	2.0	1.381
4788	0.0	2.0	1.339
4789	0.0	2.0	1.240
4790	0.0	2.0	1.089
4791	0.0	2.0	0.993
4792	0.0	2.0	0.927
4793	0.0	2.0	0.963
4794	0.0	2.0	1.195
4795	0.0	2.0	1.333
4796	0.0	2.0	1.649
4797	0.0	2.0	1.694
4798	0.0	2.0	1.580
4799	0.0	1.9	0.951
4800	0.0	1.9	0.596
4801	0.0	1.9	0.412
4802	0.0	1.9	0.223
4803	0.0	1.9	0.087
4804	0.0	1.9	0.063
4805	0.0	1.9	0.190
4806	0.0	1.9	0.475
4807	0.0	1.9	1.285
4808	0.0	1.9	1.375
4809	0.0	1.9	1.381
4810	0.0	1.9	1.447
4811	0.0	1.9	1.381
4812	0.0	1.9	1.339
4813	0.0	1.9	1.240
4814	0.0	1.9	1.089
4815	0.0	1.9	0.993
4816	0.0	1.9	0.927
4817	0.0	1.9	0.963
4818	0.0	1.9	1.195
4819	0.0	1.9	1.333
4820	0.0	1.9	1.649
4821	0.0	1.9	1.694
4822	0.0	1.8	1.580
4823	0.0	1.8	0.951
4824	0.0	1.8	0.596
4825	0.0	1.8	0.412
4826	0.0	1.8	0.223
4827	0.0	1.8	0.087
4828	0.0	1.8	0.063
4829	0.0	1.8	0.190
4830	0.0	1.8	0.475
4831	0.0	1.8	1.285
4832	0.0	1.8	1.375
4833	0.0	1.8	1.381
4834	0.0	1.8	1.447
4835	0.0	1.8	1.381
4836	0.0	1.8	1.339
4837	0.0	1.8	1.240
4838	0.0	1.8	1.089
4839	0.0	1.8	0.993
4840	0.0	1.8	0.927
4841	0.0	1.8	0.963
4842	0.0	1.8	1.195
4843	0.0	1.8	1.333
4844	0.0	1.8	1.649
4845	0.0	1.8	1.694
4846	0.0	1.8	1.580
4847	0.0	1.8	0.951
4848	0.0	1.8	0.596
4849	0.0	1.8	0.412
4850	0.0	1.8	0.223
4851	0.0	1.7	0.087
4852	0.0	1.7	0.063
4853	0.0	1.7	0.190
4854	0.0	1.7	0.475
4855	0.0	1.7	1.285
4856	0.0	1.7	1.375
4857	0.0	1.7	1.381
4858	0.0	1.7	1.447
4859	0.0	1.7	1.381
4860	0.0	1.7	1.339
4861	0.0	1.7	1.240
4862	0.0	1.7	1.089
4863	0.0	1.7	0.993
4864	0.0	1.7	0.927
4865	0.0	1.7	0.963
4866	0.0	1.7	1.195
4867	0.0	1.6	1.333
4868	0.0	1.6	1.649
4869	0.0	1.6	1.694
4870	0.0	1.6	1.580
4871	0.0	1.6	0.951
4872	0.0	1.6	0.596
4873	0.0	1.6	0.412
4874	0.0	1.6	0.223
4875	0.0	1.6	0.087
4876	0.0	1.6	0.063
4877	0.0	1.6	0.190
4878	0.0	1.6	0.475
4879	0.0	1.6	1.285
4880	0.0	1.6	1.375
4881	0.0	1.6	1.381
4882	0.0	1.6	1.447
4883	0.0	1.6	1.381
4884	0.0	1.6	1.339
4885	0.0	1.5	1.240
4886	0.0	1.5	1.089
4887	0.0	1.5	0.993
4888	0.0	1.5	0.927
4889	0.0	1.5	0.963
4890	0.0	1.5	1.195
4891	0.0	1.5	1.333
4892	0.0	1.5	1.649
4893	0.0	1.5	1.694
4894	0.0	1.5	1.580
4895	0.0	1.5	0.951
4896	0.0	1.5	0.596
4897	0.0	1.5	0.412
4898	0.0	1.5	0.223
4899	0.0	1.5	0.087
4900	0.0	1.5	0.063
4901	0.0	1.4	0.190
4902	0.0	1.4	0.475
4903	0.0	1.4	1.285
4904	0.0	1.4	1.375
4905	0.0	1.4	1.381
4906	0.0	1.4	1.447
4907	0.0	1.4	1.381
4908	0.0	1.4	1.339
4909	0.0	1.4	1.240
4910	0.0	1.4	1.089
4911	0.0	1.4	0.993
4912	0.0	1.4	0.927
4913	0.0	1.4	0.963
4914	0.0	1.3	1.195
4915	0.0	1.3	1.333
4916	0.0	1.3	1.649
4917	0.0	1.3	1.694
4918	0.0	1.3	1.580
4919	0.0	1.3	0.951
4920	0.0	1.3	0.596
4921	0.0	1.3	0.412
4922	0.0	1.3	0.223
4923	0.0	1.3	0.087
4924	0.0	1.2	0.063
4925	0.0	1.2	0.190
4926	0.0	1.2	0.475
4927	0.0	1.2	1.285
4928	0.0	1.2	1.375
4929	0.0	1.2	1.381
4930	0.0	1.2	1.447
4931	0.0	1.2	1.381
4932	0.0	1.2	1.339
4933	0.0	1.2	1.240
4934	0.0	1.2	1.089
4935	0.0	1.2	0.993
4936	0.0	1.2	0.927
4937	0.0	1.1	0.963
4938	0.0	1.1	1.195
4939	0.0	1.1	1.333
4940	0.0	1.1	1.649
4941	0.0	1.1	1.694
4942	0.0	1.1	1.580
4943	0.0	1.0	0.951
4944	0.0	1.0	0.596
4945	0.0	1.0	0.412
4946	0.0	1.0	0.223
4947	0.0	1.0	0.087
4948	0.0	1.0	0.063
4949	0.0	1.0	0.190
4950	0.0	1.0	0.475
4951	0.0	0.9	1.285
4952	0.0	0.9	1.375
4953	0.0	0.9	1.381
4954	0.0	0.9	1.447
4955	0.0	0.9	1.381
4956	0.0	0.9	1.339
4957	0.0	0.9	1.240
4958	0.0	0.9	1.089
4959	0.0	0.9	0.993
4960	0.0	0.9	0.927
4961	0.0	0.8	0.963
4962	0.0	0.8	1.195
4963	0.0	0.8	1.333
4964	0.0	0.8	1.649
4965	0.0	0.7	1.694
4966	0.0	0.7	1.580
4967	0.0	0.6	0.951
4968	0.0	0.6	0.596
4969	0.0	0.0	0.412
4970	0.0	0.0	0.223
4971	0.0	0.0	0.087
4972	0.0	0.0	0.063
4973	0.0	0.0	0.190
4974	0.0	0.0	0.475
4975	0.0	0.0	1.285
4976	0.0	0.0	1.375
4977	0.0	0.0	1.381
4978	0.0	0.0	1.447
4979	0.0	0.0	1.381
4980	0.0	0.0	1.339
4981	0.0	0.0	1.240
4982	0.0	0.0	1.089
4983	0.0	0.0	0.993
4984	0.0	0.0	0.927
4985	0.0	0.0	0.963
4986	0.0	0.0	1.195
4987	0.0	0.0	1.333
4988	0.0	0.0	1.649
4989	0.0	0.0	1.694
4990	0.0	0.0	1.580
4991	0.0	0.0	0.951
4992	0.0	0.0	0.596
4993	0.0	0.0	0.412
4994	0.0	0.0	0.223
4995	0.0	0.0	0.087
4996	0.0	0.0	0.063
4997	0.0	0.0	0.190
4998	0.0	0.0	0.475
4999	0.0	0.0	1.285
5000	0.0	0.0	1.375
5001	0.0	0.0	1.381
5002	0.0	0.0	1.447
5003	0.0	0.0	1.381
5004	0.0	0.0	1.339
5005	0.0	0.0	1.240
5006	0.0	0.0	1.089
5007	0.0	0.0	0.993
5008	0.0	0.0	0.927
5009	0.0	0.0	0.963
5010	0.0	0.0	1.195
5011	0.0	0.0	1.333
5012	0.0	0.0	1.649
5013	0.0	0.0	1.694
5014	0.0	0.0	1.580
5015	0.0	0.0	0.951
5016	0.0	0.0	0.596
5017	0.0	0.0	0.412
5018	0.0	0.0	0.223
5019	0.0	0.0	0.087
5020	0.0	0.0	0.063
5021	0.0	0.0	0.190
5022	0.0	0.0	0.475
5023	0.0	0.0	1.285
5024	0.0	0.0	1.375
5025	0.0	0.0	1.381
5026	0.0	0.0	1.447
5027	0.0	0.0	1.381
5028	0.0	0.0	1.339
5029	0.0	0.0	1.240
5030	0.0	0.0	1.089
5031	0.0	0.0	0.993
5032	0.0	0.0	0.927
5033	0.0	0.0	0.963
5034	0.0	0.0	1.195
5035	0.0	0.0	1.333
5036	0.0	0.0	1.649
5037	0.0	0.0	1.694
5038	0.0	0.0	1.580
5039	0.0	0.0	0.951
5040	0.0	0.0	0.596
5041	0.0	0.0	0.412
5042	0.0	0.0	0.223
5043	0.0	0.0	0.087
5044	0.0	0.0	0.063
5045	0.0	0.0	0.190
5046	0.0	0.0	0.475
5047	0.0	0.0	1.285
5048	0.0	0.0	1.375
5049	0.0	0.0	1.381
5050	0.0	0.0	1.447
5051	0.0	0.0	1.381
5052	0.0	0.0	1.339
5053	0.0	0.0	1.240
5054	0.0	0.0	1.089
5055	0.0	0.0	0.993
5056	0.0	0.0	0.927
5057	0.0	0.0	0.963
5058	0.0	0.0	1.195
5059	0.0	0.0	1.333
5060	0.0	0.0	1.649
5061	0.0	0.0	1.694
5062	0.0	0.0	1.580
5063	0.0	0.0	0.951
5064	0.0	0.0	0.596
5065	0.0	0.0	0.412
5066	0.0	0.0	0.223
5067	0.0	0.0	0.087
5068	0.0	0.0	0.063
5069	0.0	0.0	0.190
5070	0.0	0.0	0.475
5071	0.0	0.0	1.285
5072	0.0	0.0	1.375
5073	0.0	0.0	1.381
5074	0.0	0.0	1.447
5075	0.0	0.0	1.381
5076	0.0	0.0	1.339
5077	0.0	0.0	1.240
5078	0.0	0.0	1.089
5079	0.0	0.0	0.993
5080	0.0	0.0	0.927
5081	0.0	0.0	0.963
5082	0.0	0.0	1.195
5083	0.0	0.0	1.333
5084	0.0	0.0	1.649
5085	0.0	0.0	1.694
5086	0.0	0.0	1.580
5087	0.0	0.0	0.951
5088	0.0	0.0	0.596
5089	0.0	0.0	0.412
5090	0.0	0.0	0.223
5091	0.0	0.0	0.087
5092	0.0	0.0	0.063
5093	0.0	0.0	0.190
5094	0.0	0.0	0.475
5095	0.0	0.0	1.285
5096	0.0	0.0	1.375
5097	0.0	0.0	1.381
5098	0.0	0.0	1.447
5099	0.0	0.0	1.381
5100	0.0	0.0	1.339
5101	0.0	0.0	1.240
5102	0.0	0.0	1.089
5103	0.0	0.0	0.993
5104	0.0	0.0	0.927
5105	0.0	0.0	0.963
5106	0.0	0.0	1.195
5107	0.0	0.0	1.333
5108	0.0	0.0	1.649
5109	0.0	0.0	1.694
5110	0.0	0.0	1.580
5111	0.0	0.0	0.951
5112	0.0	0.0	0.596
5113	0.0	0.0	0.412
5114	0.0	0.0	0.223
5115	0.0	0.0	0.087
5116	0.0	0.0	0.063
5117	0.0	0.0	0.190
5118	0.0	0.0	0.475
5119	0.0	0.0	1.285
5120	0.0	0.0	1.375
5121	0.0	0.0	1.381
5122	0.0	0.0	1.447
5123	0.0	0.0	1.381
5124	0.0	0.0	1.339
5125	0.0	0.0	1.240
5126	0.0	0.0	1.089
5127	0.0	0.0	0.993
5128	0.0	0.0	0.927
5129	0.0	0.0	0.963
5130	0.0	0.0	1.195
5131	0.0	0.0	1.333
5132	0.0	0.0	1.649
5133	0.0	0.0	1.694
5134	0.0	0.0	1.580
5135	0.0	0.0	0.951
5136	0.0	0.0	0.596
5137	0.0	0.0	0.412
5138	0.0	0.0	0.223
5139	0.0	0.0	0.087
5140	0.0	0.0	0.063
5141	0.0	0.0	0.190
5142	0.0	0.0	0.475
5143	0.0	0.0	1.285
5144	0.0	0.0	1.375
5145	0.0	0.0	1.381
5146	0.0	0.0	1.447
5147	0.0	0.0	1.381
5148	0.0	0.0	1.339
5149	0.0	0.0	1.240
5150	0.0	0.0	1.089
5151	0.0	0.0	0.993
5152	0.0	0.0	0.927
5153	0.0	0.0	0.963
5154	0.0	0.0	1.195
5155	0.0	0.0	1.333
5156	0.0	0.0	1.649
5157	0.0	0.0	1.694
5158	0.0	0.0	1.580
5159	0.0	0.0	0.951
5160	0.0	0.0	0.596
5161	0.0	0.0	0.412
5162	0.0	0.0	0.223
5163	0.0	0.0	0.087
5164	0.0	0.0	0.063
5165	0.0	0.0	0.190
5166	0.0	0.0	0.475
5167	0.0	0.0	1.285
5168	0.0	0.0	1.375
5169	0.0	0.0	1.381
5170	0.0	0.0	1.447
5171	0.0	0.0	1.381
5172	0.0	0.0	1.339
5173	0.0	0.0	1.240
5174	0.0	0.0	1.089
5175	0.0	0.0	0.993
5176	0.0	0.0	0.927
5177	0.0	0.0	0.963
5178	0.0	0.0	1.195
5179	0.0	0.0	1.333
5180	0.0	0.0	1.649
5181	0.0	0.0	1.694
5182	0.0	0.0	1.580
5183	0.0	0.0	0.951
5184	0.0	0.0	0.596
5185	0.0	0.0	0.412
5186	0.0	0.0	0.223
5187	0.0	0.0	0.087
5188	0.0	0.0	0.063
5189	0.0	0.0	0.190
5190	0.0	0.0	0.475
5191	0.0	0.0	1.285
5192	0.0	0.0	1.375
5193	0.0	0.0	1.381
5194	0.0	0.0	1.447
5195	0.0	0.0	1.381
5196	0.0	0.0	1.339
5197	0.0	0.0	1.240
5198	0.0	0.0	1.089
5199	0.0	0.0	0.993
5200	0.0	0.0	0.927
5201	0.0	0.0	0.963
5202	0.0	0.0	1.195
5203	0.0	0.0	1.333
5204	0.0	0.0	1.649
5205	0.0	0.0	1.694
5206	0.0	0.0	1.580
5207	0.0	0.0	0.951
5208	0.0	0.0	0.596
5209	0.0	0.0	0.412
5210	0.0	0.0	0.223
5211	0.0	0.0	0.087
5212	0.0	0.0	0.063
5213	0.0	0.0	0.190
5214	0.0	0.0	0.475
5215	0.0	0.0	1.285
5216	0.0	0.0	1.375
5217	0.0	0.0	1.381
5218	0.0	0.0	1.447
5219	0.0	0.0	1.381
5220	0.0	0.0	1.339
5221	0.0	0.0	1.240
5222	0.0	0.0	1.089
5223	0.0	0.0	0.993
5224	0.0	0.0	0.927
5225	0.0	0.0	0.963
5226	0.0	0.0	1.195
5227	0.0	0.0	1.333
5228	0.0	0.0	1.649
5229	0.0	0.0	1.694
5230	0.0	0.0	1.580
5231	0.0	0.0	0.951
5232	0.0	0.0	0.596
5233	0.0	0.0	0.412
5234	0.0	0.0	0.223
5235	0.0	0.0	0.087
5236	0.0	0.0	0.063
5237	0.0	0.0	0.190
5238	0.0	0.0	0.475
5239	0.0	0.0	1.285
5240	0.0	0.0	1.375
5241	0.0	0.0	1.381
5242	0.0	0.0	1.447
5243	0.0	0.0	1.381
5244	0.0	0.0	1.339
5245	0.0	0.0	1.240
5246	0.0	0.0	1.089
5247	0.0	0.0	0.993
5248	0.0	0.0	0.927
5249	0.0	0.0	0.963
5250	0.0	0.0	1.195
5251	0.0	0.0	1.333
5252	0.0	0.0	1.649
5253	0.0	0.0	1.694
5254	0.0	0.0	1.580
5255	0.0	0.0	0.951
5256	0.0	0.0	0.596
5257	0.0	0.0	0.412
5258	0.0	0.0	0.223
5259	0.0	0.0	0.087
5260	0.0	0.0	0.063
5261	0.0	0.0	0.190
5262	0.0	0.0	0.475
5263	0.0	0.0	1.285
5264	0.0	0.0	1.375
5265	0.0	0.0	1.381
5266	0.0	0.0	1.447
5267	0.0	0.0	1.381
5268	0.0	0.0	1.339
5269	0.0	0.0	1.240
5270	0.0	0.0	1.089
5271	0.0	0.0	0.993
5272	0.0	0.0	0.927
5273	0.0	0.0	0.963
5274	0.0	0.0	1.195
5275	0.0	0.0	1.333
5276	0.0	0.0	1.649
5277	0.0	0.0	1.694
5278	0.0	0.0	1.580
5279	0.0	0.0	0.951
5280	0.0	0.0	0.596
5281	0.0	0.0	0.412
5282	0.0	0.0	0.223
5283	0.0	0.0	0.087
5284	0.0	0.0	0.063
5285	0.0	0.0	0.190
5286	0.0	0.0	0.475
5287	0.0	0.0	1.285
5288	0.0	0.0	1.375
5289	0.0	0.0	1.381
5290	0.0	0.0	1.447
5291	0.0	0.0	1.381
5292	0.0	0.0	1.339
5293	0.0	0.0	1.240
5294	0.0	0.0	1.089
5295	0.0	0.0	0.993
5296	0.0	0.0	0.927
5297	0.0	0.0	0.963
5298	0.0	0.0	1.195
5299	0.0	0.0	1.333
5300	0.0	0.0	1.649
5301	0.0	0.0	1.694
5302	0.0	0.0	1.580
5303	0.0	0.0	0.951
5304	0.0	0.0	0.596
5305	0.0	0.0	0.412
5306	0.0	0.0	0.223
5307	0.0	0.0	0.087
5308	0.0	0.0	0.063
5309	0.0	0.0	0.190
5310	0.0	0.0	0.475
5311	0.0	0.0	1.285
5312	0.0	0.0	1.375
5313	0.0	0.0	1.381
5314	0.0	0.0	1.447
5315	0.0	0.0	1.381
5316	0.0	0.0	1.339
5317	0.0	0.0	1.240
5318	0.0	0.0	1.089
5319	0.0	0.0	0.993
5320	0.0	0.0	0.927
5321	0.0	0.0	0.963
5322	0.0	0.0	1.195
5323	0.0	0.0	1.333
5324	0.0	0.0	1.649
5325	0.0	0.0	1.694
5326	0.0	0.0	1.580
5327	0.0	0.0	0.951
5328	0.0	0.0	0.596
5329	0.0	0.0	0.412
5330	0.0	0.0	0.223
5331	0.0	0.0	0.087
5332	0.0	0.0	0.063
5333	0.0	0.0	0.190
5334	0.0	0.0	0.475
5335	0.0	0.0	1.285
5336	0.0	0.0	1.375
5337	0.0	0.0	1.381
5338	0.0	0.0	1.447
5339	0.0	0.0	1.381
5340	0.0	0.0	1.339
5341	0.0	0.0	1.240
5342	0.0	0.0	1.089
5343	0.0	0.0	0.993
5344	0.0	0.0	0.927
5345	0.0	0.0	0.963
5346	0.0	0.0	1.195
5347	0.0	0.0	1.333
5348	0.0	0.0	1.649
5349	0.0	0.0	1.694
5350	0.0	0.0	1.580
5351	0.0	0.0	0.951
5352	0.0	0.0	0.596
5353	0.0	0.0	0.412
5354	0.0	0.0	0.223
5355	0.0	0.0	0.087
5356	0.0	0.0	0.063
5357	0.0	0.0	0.190
5358	0.0	0.0	0.475
5359	0.0	0.0	1.285
5360	0.0	0.0	1.375
5361	0.0	0.0	1.381
5362	0.0	0.0	1.447
5363	0.0	0.0	1.381
5364	0.0	0.0	1.339
5365	0.0	0.0	1.240
5366	0.0	0.0	1.089
5367	0.0	0.0	0.993
5368	0.0	0.0	0.927
5369	0.0	0.0	0.963
5370	0.0	0.0	1.195
5371	0.0	0.0	1.333
5372	0.0	0.0	1.649
5373	0.0	0.0	1.694
5374	0.0	0.0	1.580
5375	0.0	0.0	0.951
5376	0.0	0.0	0.596
5377	0.0	0.0	0.412
5378	0.0	0.0	0.223
5379	0.0	0.0	0.087
5380	0.0	0.0	0.063
5381	0.0	0.0	0.190
5382	0.0	0.0	0.475
5383	0.0	0.0	1.285
5384	0.0	0.0	1.375
5385	0.0	0.0	1.381
5386	0.0	0.0	1.447
5387	0.0	0.0	1.381
5388	0.0	0.0	1.339
5389	0.0	0.0	1.240
5390	0.0	0.0	1.089
5391	0.0	0.0	0.993
5392	0.0	0.0	0.927
5393	0.0	0.0	0.963
5394	0.0	0.0	1.195
5395	0.0	0.0	1.333
5396	0.0	0.0	1.649
5397	0.0	0.0	1.694
5398	0.0	0.0	1.580
5399	0.0	0.0	0.951
5400	0.0	0.0	0.596
5401	0.0	0.0	0.412
5402	0.0	0.0	0.223
5403	0.0	0.0	0.087
5404	0.0	0.0	0.063
5405	0.0	0.0	0.190
5406	0.0	0.0	0.475
5407	0.0	0.0	1.285
5408	0.0	0.0	1.375
5409	0.0	0.0	1.381
5410	0.0	0.0	1.447
5411	0.0	0.0	1.381
5412	0.0	0.0	1.339
5413	0.0	0.0	1.240
5414	0.0	0.0	1.089
5415	0.0	0.0	0.993
5416	0.0	0.0	0.927
5417	0.0	0.0	0.963
5418	0.0	0.0	1.195
5419	0.0	0.0	1.333
5420	0.0	0.0	1.649
5421	0.0	0.0	1.694
5422	0.0	0.0	1.580
5423	0.0	0.0	0.951
5424	0.0	0.0	0.596
5425	0.0	0.0	0.412
5426	0.0	0.0	0.223
5427	0.0	0.0	0.087
5428	0.0	0.0	0.063
5429	0.0	0.0	0.190
5430	0.0	0.0	0.475
5431	0.0	0.0	1.285
5432	0.0	0.0	1.375
5433	0.0	0.0	1.381
5434	0.0	0.0	1.447
5435	0.0	0.0	1.381
5436	0.0	0.0	1.339
5437	0.0	0.0	1.240
5438	0.0	0.0	1.089
5439	0.0	0.0	0.993
5440	0.0	0.0	0.927
5441	0.0	0.0	0.963
5442	0.0	0.0	1.195
5443	0.0	0.0	1.333
5444	0.0	0.0	1.649
5445	0.0	0.0	1.694
5446	0.0	0.0	1.580
5447	0.0	0.0	0.951
5448	0.0	0.0	0.596
5449	0.0	0.0	0.412
5450	0.0	0.0	0.223
5451	0.0	0.0	0.087
5452	0.0	0.0	0.063
5453	0.0	0.0	0.190
5454	0.0	0.0	0.475
5455	0.0	0.0	1.285
5456	0.0	0.0	1.375
5457	0.0	0.0	1.381
5458	0.0	0.0	1.447
5459	0.0	0.0	1.381
5460	0.0	0.0	1.339
5461	0.0	0.0	1.240
5462	0.0	0.0	1.089
5463	0.0	0.0	0.993
5464	0.0	0.0	0.927
5465	0.0	0.0	0.963
5466	0.0	0.0	1.195
5467	0.0	0.0	1.333
5468	0.0	0.0	1.649
5469	0.0	0.0	1.694
5470	0.0	0.0	1.580
5471	0.0	0.0	0.951
5472	0.0	0.0	0.596
5473	0.0	0.0	0.412
5474	0.0	0.0	0.223
5475	0.0	0.0	0.087
5476	0.0	0.0	0.063
5477	0.0	0.0	0.190
5478	0.0	0.0	0.475
5479	0.0	0.0	1.285
5480	0.0	0.0	1.375
5481	0.0	0.0	1.381
5482	0.0	0.0	1.447
5483	0.0	0.0	1.381
5484	0.0	0.0	1.339
5485	0.0	0.0	1.240
5486	0.0	0.0	1.089
5487	0.0	0.0	0.993
5488	0.0	0.0	0.927
5489	0.0	0.0	0.963
5490	0.0	0.0	1.195
5491	0.0	0.0	1.333
5492	0.0	0.0	1.649
5493	0.0	0.0	1.694
5494	0.0	0.0	1.580
5495	0.0	0.0	0.951
5496	0.0	0.0	0.596
5497	0.0	0.0	0.412
5498	0.0	0.0	0.223
5499	0.0	0.0	0.087
5500	0.0	0.0	0.063
5501	0.0	0.0	0.190
5502	0.0	0.0	0.475
5503	0.0	0.0	1.285
5504	0.0	0.0	1.375
5505	0.0	0.0	1.381
5506	0.0	0.0	1.447
5507	0.0	0.0	1.381
5508	0.0	0.0	1.339
5509	0.0	0.0	1.240
5510	0.0	0.0	1.089
5511	0.0	0.0	0.993
5512	0.0	0.0	0.927
5513	0.0	0.0	0.963
5514	0.0	0.0	1.195
5515	0.0	0.0	1.333
5516	0.0	0.0	1.649
5517	0.0	0.0	1.694
5518	0.0	0.0	1.580
5519	0.0	0.0	0.951
5520	0.0	0.0	0.596
5521	0.0	0.0	0.412
5522	0.0	0.0	0.223
5523	0.0	0.0	0.087
5524	0.0	0.0	0.063
5525	0.0	0.0	0.190
5526	0.0	0.0	0.475
5527	0.0	0.0	1.285
5528	0.0	0.0	1.375
5529	0.0	0.0	1.381
5530	0.0	0.0	1.447
5531	0.0	0.0	1.381
5532	0.0	0.0	1.339
5533	0.0	0.0	1.240
5534	0.0	0.0	1.089
5535	0.0	0.0	0.993
5536	0.0	0.0	0.927
5537	0.0	0.0	0.963
5538	0.0	0.0	1.195
5539	0.0	0.0	1.333
5540	0.0	0.0	1.649
5541	0.0	0.0	1.694
5542	0.0	0.0	1.580
5543	0.0	0.0	0.951
5544	0.0	0.0	0.596
5545	0.0	0.0	0.412
5546	0.0	0.0	0.223
5547	0.0	0.0	0.087
5548	0.0	0.0	0.063
5549	0.0	0.0	0.190
5550	0.0	0.0	0.475
5551	0.0	0.0	1.285
5552	0.0	0.0	1.375
5553	0.0	0.0	1.381
5554	0.0	0.0	1.447
5555	0.0	0.0	1.381
5556	0.0	0.0	1.339
5557	0.0	0.0	1.240
5558	0.0	0.0	1.089
5559	0.0	0.0	0.993
5560	0.0	0.0	0.927
5561	0.0	0.0	0.963
5562	0.0	0.0	1.195
5563	0.0	0.0	1.333
5564	0.0	0.0	1.649
5565	0.0	0.0	1.694
5566	0.0	0.0	1.580
5567	0.0	0.0	0.951
5568	0.0	0.0	0.596
5569	0.0	0.0	0.412
5570	0.0	0.0	0.223
5571	0.0	0.0	0.087
5572	0.0	0.0	0.063
5573	0.0	0.0	0.190
5574	0.0	0.0	0.475
5575	0.0	0.0	1.285
5576	0.0	0.0	1.375
5577	0.0	0.0	1.381
5578	0.0	0.0	1.447
5579	0.0	0.0	1.381
5580	0.0	0.0	1.339
5581	0.0	0.0	1.240
5582	0.0	0.0	1.089
5583	0.0	0.0	0.993
5584	0.0	0.0	0.927
5585	0.0	0.0	0.963
5586	0.0	0.0	1.195
5587	0.0	0.0	1.333
5588	0.0	0.0	1.649
5589	0.0	0.0	1.694
5590	0.0	0.0	1.580
5591	0.0	0.0	0.951
5592	0.0	0.0	0.596
5593	0.0	0.0	0.412
5594	0.0	0.0	0.223
5595	0.0	0.0	0.087
5596	0.0	0.0	0.063
5597	0.0	0.0	0.190
5598	0.0	0.0	0.475
5599	0.0	0.0	1.285
5600	0.0	0.0	1.375
5601	0.0	0.0	1.381
5602	0.0	0.0	1.447
5603	0.0	0.0	1.381
5604	0.0	0.0	1.339
5605	0.0	0.0	1.240
5606	0.0	0.0	1.089
5607	0.0	0.0	0.993
5608	0.0	0.0	0.927
5609	0.0	0.0	0.963
5610	0.0	0.0	1.195
5611	0.0	0.0	1.333
5612	0.0	0.0	1.649
5613	0.0	0.0	1.694
5614	0.0	0.0	1.580
5615	0.0	0.0	0.951
5616	0.0	0.0	0.596
5617	0.0	0.0	0.412
5618	0.0	0.0	0.223
5619	0.0	0.0	0.087
5620	0.0	0.0	0.063
5621	0.0	0.0	0.190
5622	0.0	0.0	0.475
5623	0.0	0.0	1.285
5624	0.0	0.0	1.375
5625	0.0	0.0	1.381
5626	0.0	0.0	1.447
5627	0.0	0.0	1.381
5628	0.0	0.0	1.339
5629	0.0	0.0	1.240
5630	0.0	0.0	1.089
5631	0.0	0.0	0.993
5632	0.0	0.0	0.927
5633	0.0	0.0	0.963
5634	0.0	0.0	1.195
5635	0.0	0.0	1.333
5636	0.0	0.0	1.649
5637	0.0	0.0	1.694
5638	0.0	0.0	1.580
5639	0.0	0.0	0.951
5640	0.0	0.0	0.596
5641	0.0	0.0	0.412
5642	0.0	0.0	0.223
5643	0.0	0.0	0.087
5644	0.0	0.0	0.063
5645	0.0	0.0	0.190
5646	0.0	0.0	0.475
5647	0.0	0.0	1.285
5648	0.0	0.0	1.375
5649	0.0	0.0	1.381
5650	0.0	0.0	1.447
5651	0.0	0.0	1.381
5652	0.0	0.0	1.339
5653	0.0	0.0	1.240
5654	0.0	0.0	1.089
5655	0.0	0.0	0.993
5656	0.0	0.0	0.927
5657	0.0	0.0	0.963
5658	0.0	0.0	1.195
5659	0.0	0.0	1.333
5660	0.0	0.0	1.649
5661	0.0	0.0	1.694
5662	0.0	0.0	1.580
5663	0.0	0.0	0.951
5664	0.0	0.0	0.596
5665	0.0	0.0	0.412
5666	0.0	0.0	0.223
5667	0.0	0.0	0.087
5668	0.0	0.0	0.063
5669	0.0	0.0	0.190
5670	0.0	0.0	0.475
5671	0.0	0.0	1.285
5672	0.0	0.0	1.375
5673	0.0	0.0	1.381
5674	0.0	0.0	1.447
5675	0.0	0.0	1.381
5676	0.0	0.0	1.339
5677	0.0	0.0	1.240
5678	0.0	0.0	1.089
5679	0.0	0.0	0.993
5680	0.0	0.0	0.927
5681	0.0	0.0	0.963
5682	0.0	0.0	1.195
5683	0.0	0.0	1.333
5684	0.0	0.0	1.649
5685	0.0	0.0	1.694
5686	0.0	0.0	1.580
5687	0.0	0.0	0.951
5688	0.0	0.0	0.596
5689	0.0	0.0	0.412
5690	0.0	0.0	0.223
5691	0.0	0.0	0.087
5692	0.0	0.0	0.063
5693	0.0	0.0	0.190
5694	0.0	0.0	0.475
5695	0.0	0.0	1.285
5696	0.0	0.0	1.375
5697	0.0	0.0	1.381
5698	0.0	0.0	1.447
5699	0.0	0.0	1.381
5700	0.0	0.0	1.339
5701	0.0	0.0	1.240
5702	0.0	0.0	1.089
5703	0.0	0.0	0.993
5704	0.0	0.0	0.927
5705	0.0	0.0	0.963
5706	0.0	0.0	1.195
5707	0.0	0.0	1.333
5708	0.0	0.0	1.649
5709	0.0	0.0	1.694
5710	0.0	0.0	1.580
5711	0.0	0.0	0.951
5712	0.0	0.0	0.596
5713	0.0	0.0	0.412
5714	0.0	0.0	0.223
5715	0.0	0.0	0.087
5716	0.0	0.0	0.063
5717	0.0	0.0	0.190
5718	0.0	0.0	0.475
5719	0.0	0.0	1.285
5720	0.0	0.0	1.375
5721	0.0	0.0	1.381
5722	0.0	0.0	1.447
5723	0.0	0.0	1.381
5724	0.0	0.0	1.339
5725	0.0	0.0	1.240
5726	0.0	0.0	1.089
5727	0.0	0.0	0.993
5728	0.0	0.0	0.927
5729	0.0	0.0	0.963
5730	0.0	0.0	1.195
5731	0.0	0.0	1.333
5732	0.0	0.0	1.649
5733	0.0	0.0	1.694
5734	0.0	0.0	1.580
5735	0.0	0.0	0.951
5736	0.0	0.0	0.596
5737	0.0	0.0	0.412
5738	0.0	0.0	0.223
5739	0.0	0.0	0.087
5740	0.0	0.0	0.063
5741	0.0	0.0	0.190
5742	0.0	0.0	0.475
5743	0.0	0.0	1.285
5744	0.0	0.0	1.375
5745	0.0	0.0	1.381
5746	0.0	0.0	1.447
5747	0.0	0.0	1.381
5748	0.0	0.0	1.339
5749	0.0	0.0	1.240
5750	0.0	0.0	1.089
5751	0.0	0.0	0.993
5752	0.0	0.0	0.927
5753	0.0	0.0	0.963
5754	0.0	0.0	1.195
5755	0.0	0.0	1.333
5756	0.0	0.0	1.649
5757	0.0	0.0	1.694
5758	0.0	0.0	1.580
5759	0.0	0.0	0.951
5760	0.0	0.0	0.596
5761	0.0	0.0	0.412
5762	0.0	0.0	0.223
5763	0.0	0.0	0.087
5764	0.0	0.0	0.063
5765	0.0	0.0	0.190
5766	0.0	0.0	0.475
5767	0.0	0.0	1.285
5768	0.0	0.0	1.375
5769	0.0	0.0	1.381
5770	0.0	0.0	1.447
5771	0.0	0.0	1.381
5772	0.0	0.0	1.339
5773	0.0	0.0	1.240
5774	0.0	0.0	1.089
5775	0.0	0.0	0.993
5776	0.0	0.0	0.927
5777	0.0	0.0	0.963
5778	0.0	0.0	1.195
5779	0.0	0.0	1.333
5780	0.0	0.0	1.649
5781	0.0	0.0	1.694
5782	0.0	0.0	1.580
5783	0.0	0.0	0.951
5784	0.0	0.0	0.596
5785	0.0	0.0	0.412
5786	0.0	0.0	0.223
5787	0.0	0.0	0.087
5788	0.0	0.0	0.063
5789	0.0	0.0	0.190
5790	0.0	0.0	0.475
5791	0.0	0.0	1.285
5792	0.0	0.0	1.375
5793	0.0	0.0	1.381
5794	0.0	0.0	1.447
5795	0.0	0.0	1.381
5796	0.0	0.0	1.339
5797	0.0	0.0	1.240
5798	0.0	0.0	1.089
5799	0.0	0.0	0.993
5800	0.0	0.0	0.927
5801	0.0	0.0	0.963
5802	0.0	0.0	1.195
5803	0.0	0.0	1.333
5804	0.0	0.0	1.649
5805	0.0	0.0	1.694
5806	0.0	0.0	1.580
5807	0.0	0.0	0.951
5808	0.0	0.0	0.596
5809	0.0	0.0	0.412
5810	0.0	0.0	0.223
5811	0.0	0.0	0.087
5812	0.0	0.0	0.063
5813	0.0	0.0	0.190
5814	0.0	0.0	0.475
5815	0.0	0.0	1.285
5816	0.0	0.0	1.375
5817	0.0	0.0	1.381
5818	0.0	0.0	1.447
5819	0.0	0.0	1.381
5820	0.0	0.0	1.339
5821	0.0	0.0	1.240
5822	0.0	0.0	1.089
5823	0.0	0.0	0.993
5824	0.0	0.0	0.927
5825	0.0	0.0	0.963
5826	0.0	0.0	1.195
5827	0.0	0.0	1.333
5828	0.0	0.0	1.649
5829	0.0	0.0	1.694
5830	0.0	0.0	1.580
5831	0.0	0.0	0.951
5832	0.0	0.0	0.596
5833	0.0	0.0	0.412
5834	0.0	0.0	0.223
5835	0.0	0.0	0.087
5836	0.0	0.0	0.063
5837	0.0	0.0	0.190
5838	0.0	0.0	0.475
5839	0.0	0.0	1.285
5840	0.0	0.0	1.375
5841	0.0	0.0	1.381
5842	0.0	0.0	1.447
5843	0.0	0.0	1.381
5844	0.0	0.0	1.339
5845	0.0	0.0	1.240
5846	0.0	0.0	1.089
5847	0.0	0.0	0.993
5848	0.0	0.0	0.927
5849	0.0	0.0	0.963
5850	0.0	0.0	1.195
5851	0.0	0.0	1.333
5852	0.0	0.0	1.649
5853	0.0	0.0	1.694
5854	0.0	0.0	1.580
5855	0.0	0.0	0.951
5856	0.0	0.0	0.596
5857	0.0	0.0	0.412
5858	0.0	0.0	0.223
5859	0.0	0.0	0.087
5860	0.0	0.0	0.063
5861	0.0	0.0	0.190
5862	0.0	0.0	0.475
5863	0.0	0.0	1.285
5864	0.0	0.0	1.375
5865	0.0	0.0	1.381
5866	0.0	0.0	1.447
5867	0.0	0.0	1.381
5868	0.0	0.0	1.339
5869	0.0	0.0	1.240
5870	0.0	0.0	1.089
5871	0.0	0.0	0.993
5872	0.0	0.0	0.927
5873	0.0	0.0	0.963
5874	0.0	0.0	1.195
5875	0.0	0.0	1.333
5876	0.0	0.0	1.649
5877	0.0	0.0	1.694
5878	0.0	0.0	1.580
5879	0.0	0.0	0.951
5880	0.0	0.0	0.596
5881	0.0	0.0	0.412
5882	0.0	0.0	0.223
5883	0.0	0.0	0.087
5884	0.0	0.0	0.063
5885	0.0	0.0	0.190
5886	0.0	0.0	0.475
5887	0.0	0.0	1.285
5888	0.0	0.0	1.375
5889	0.0	0.0	1.381
5890	0.0	0.0	1.447
5891	0.0	0.0	1.381
5892	0.0	0.0	1.339
5893	0.0	0.0	1.240
5894	0.0	0.0	1.089
5895	0.0	0.0	0.993
5896	0.0	0.0	0.927
5897	0.0	0.0	0.963
5898	0.0	0.0	1.195
5899	0.0	0.0	1.333
5900	0.0	0.0	1.649
5901	0.0	0.0	1.694
5902	0.0	0.0	1.580
5903	0.0	0.0	0.951
5904	0.0	0.0	0.596
5905	0.0	0.0	0.412
5906	0.0	0.0	0.223
5907	0.0	0.0	0.087
5908	0.0	0.0	0.063
5909	0.0	0.0	0.190
5910	0.0	0.0	0.475
5911	0.0	0.0	1.285
5912	0.0	0.0	1.375
5913	0.0	0.0	1.381
5914	0.0	0.0	1.447
5915	0.0	0.0	1.381
5916	0.0	0.0	1.339
5917	0.0	0.0	1.240
5918	0.0	0.0	1.089
5919	0.0	0.0	0.993
5920	0.0	0.0	0.927
5921	0.0	0.0	0.963
5922	0.0	0.0	1.195
5923	0.0	0.0	1.333
5924	0.0	0.0	1.649
5925	0.0	0.0	1.694
5926	0.0	0.0	1.580
5927	0.0	0.0	0.951
5928	0.0	0.0	0.596
5929	0.0	0.0	0.412
5930	0.0	0.0	0.223
5931	0.0	0.0	0.087
5932	0.0	0.0	0.063
5933	0.0	0.0	0.190
5934	0.0	0.0	0.475
5935	0.0	0.0	1.285
5936	0.0	0.0	1.375
5937	0.0	0.0	1.381
5938	0.0	0.0	1.447
5939	0.0	0.0	1.381
5940	0.0	0.0	1.339
5941	0.0	0.0	1.240
5942	0.0	0.0	1.089
5943	0.0	0.0	0.993
5944	0.0	0.0	0.927
5945	0.0	0.0	0.963
5946	0.0	0.0	1.195
5947	0.0	0.0	1.333
5948	0.0	0.0	1.649
5949	0.0	0.0	1.694
5950	0.0	0.0	1.580
5951	0.0	0.0	0.951
5952	0.0	0.0	0.596
5953	0.0	0.0	0.412
5954	0.0	0.0	0.223
5955	0.0	0.0	0.087
5956	0.0	0.0	0.063
5957	0.0	0.0	0.190
5958	0.0	0.0	0.475
5959	0.0	0.0	1.285
5960	0.0	0.0	1.375
5961	0.0	0.0	1.381
5962	0.0	0.0	1.447
5963	0.0	0.0	1.381
5964	0.0	0.0	1.339
5965	0.0	0.0	1.240
5966	0.0	0.0	1.089
5967	0.0	0.0	0.993
5968	0.0	0.0	0.927
5969	0.0	0.0	0.963
5970	0.0	0.0	1.195
5971	0.0	0.0	1.333
5972	0.0	0.0	1.649
5973	0.0	0.0	1.694
5974	0.0	0.0	1.580
5975	0.0	0.0	0.951
5976	0.0	0.0	0.596
5977	0.0	0.0	0.412
5978	0.0	0.0	0.223
5979	0.0	0.0	0.087
5980	0.0	0.0	0.063
5981	0.0	0.0	0.190
5982	0.0	0.0	0.475
5983	0.0	0.0	1.285
5984	0.0	0.0	1.375
5985	0.0	0.0	1.381
5986	0.0	0.0	1.447
5987	0.0	0.0	1.381
5988	0.0	0.0	1.339
5989	0.0	0.0	1.240
5990	0.0	0.0	1.089
5991	0.0	0.0	0.993
5992	0.0	0.0	0.927
5993	0.0	0.0	0.963
5994	0.0	0.0	1.195
5995	0.0	0.0	1.333
5996	0.0	0.0	1.649
5997	0.0	0.0	1.694
5998	0.0	0.0	1.580
5999	0.0	0.0	0.951
6000	0.0	0.0	0.596
6001	0.0	0.0	0.412
6002	0.0	0.0	0.223
6003	0.0	0.0	0.087
6004	0.0	0.0	0.063
6005	0.0	0.0	0.190
6006	0.0	0.0	0.475
6007	0.0	0.0	1.285
6008	0.0	0.0	1.375
6009	0.0	0.0	1.381
6010	0.0	0.0	1.447
6011	0.0	0.0	1.381
6012	0.0	0.0	1.339
6013	0.0	0.0	1.240
6014	0.0	0.0	1.089
6015	0.0	0.0	0.993
6016	0.0	0.0	0.927
6017	0.0	0.0	0.963
6018	0.0	0.0	1.195
6019	0.0	0.0	1.333
6020	0.0	0.0	1.649
6021	0.0	0.0	1.694
6022	0.0	0.0	1.580
6023	0.0	0.0	0.951
6024	0.0	0.0	0.596
6025	0.0	0.0	0.412
6026	0.0	0.0	0.223
6027	0.0	0.0	0.087
6028	0.0	0.0	0.063
6029	0.0	0.0	0.190
6030	0.0	0.0	0.475
6031	0.0	0.0	1.285
6032	0.0	0.0	1.375
6033	0.0	0.0	1.381
6034	0.0	0.0	1.447
6035	0.0	0.0	1.381
6036	0.0	0.0	1.339
6037	0.0	0.0	1.240
6038	0.0	0.0	1.089
6039	0.0	0.0	0.993
6040	0.0	0.0	0.927
6041	0.0	0.0	0.963
6042	0.0	0.0	1.195
6043	0.0	0.0	1.333
6044	0.0	0.0	1.649
6045	0.0	0.0	1.694
6046	0.0	0.0	1.580
6047	0.0	0.0	0.951
6048	0.0	0.0	0.596
6049	0.0	0.0	0.412
6050	0.0	0.0	0.223
6051	0.0	0.0	0.087
6052	0.0	0.0	0.063
6053	0.0	0.0	0.190
6054	0.0	0.0	0.475
6055	0.0	0.0	1.285
6056	0.0	0.0	1.375
6057	0.0	0.0	1.381
6058	0.0	0.0	1.447
6059	0.0	0.0	1.381
6060	0.0	0.0	1.339
6061	0.0	0.0	1.240
6062	0.0	0.0	1.089
6063	0.0	0.0	0.993
6064	0.0	0.0	0.927
6065	0.0	0.0	0.963
6066	0.0	0.0	1.195
6067	0.0	0.0	1.333
6068	0.0	0.0	1.649
6069	0.0	0.0	1.694
6070	0.0	0.0	1.580
6071	0.0	0.0	0.951
6072	0.0	0.0	0.596
6073	0.0	0.0	0.412
6074	0.0	0.0	0.223
6075	0.0	0.0	0.087
6076	0.0	0.0	0.063
6077	0.0	0.0	0.190
6078	0.0	0.0	0.475
6079	0.0	0.0	1.285
6080	0.0	0.0	1.375
6081	0.0	0.0	1.381
6082	0.0	0.0	1.447
6083	0.0	0.0	1.381
6084	0.0	0.0	1.339
6085	0.0	0.0	1.240
6086	0.0	0.0	1.089
6087	0.0	0.0	0.993
6088	0.0	0.0	0.927
6089	0.0	0.0	0.963
6090	0.0	0.0	1.195
6091	0.0	0.0	1.333
6092	0.0	0.0	1.649
6093	0.0	0.0	1.694
6094	0.0	0.0	1.580
6095	0.0	0.0	0.951
6096	0.0	0.0	0.596
6097	0.0	0.0	0.412
6098	0.0	0.0	0.223
6099	0.0	0.0	0.087
6100	0.0	0.0	0.063
6101	0.0	0.0	0.190
6102	0.0	0.0	0.475
6103	0.0	0.0	1.285
6104	0.0	0.0	1.375
6105	0.0	0.0	1.381
6106	0.0	0.0	1.447
6107	0.0	0.0	1.381
6108	0.0	0.0	1.339
6109	0.0	0.0	1.240
6110	0.0	0.0	1.089
6111	0.0	0.0	0.993
6112	0.0	0.0	0.927
6113	0.0	0.0	0.963
6114	0.0	0.0	1.195
6115	0.0	0.0	1.333
6116	0.0	0.0	1.649
6117	0.0	0.0	1.694
6118	0.0	0.0	1.580
6119	0.0	0.0	0.951
6120	0.0	0.0	0.596
6121	0.0	0.0	0.412
6122	0.0	0.0	0.223
6123	0.0	0.0	0.087
6124	0.0	0.0	0.063
6125	0.0	0.0	0.190
6126	0.0	0.0	0.475
6127	0.0	0.0	1.285
6128	0.0	0.0	1.375
6129	0.0	0.0	1.381
6130	0.0	0.0	1.447
6131	0.0	0.0	1.381
6132	0.0	0.0	1.339
6133	0.0	0.0	1.240
6134	0.0	0.0	1.089
6135	0.0	0.0	0.993
6136	0.0	0.0	0.927
6137	0.0	0.0	0.963
6138	0.0	0.0	1.195
6139	0.0	0.0	1.333
6140	0.0	0.0	1.649
6141	0.0	0.0	1.694
6142	0.0	0.0	1.580
6143	0.0	0.0	0.951
6144	0.0	0.0	0.596
6145	0.0	0.0	0.412
6146	0.0	0.0	0.223
6147	0.0	0.0	0.087
6148	0.0	0.0	0.063
6149	0.0	0.0	0.190
6150	0.0	0.0	0.475
6151	0.0	0.0	1.285
6152	0.0	0.0	1.375
6153	0.0	0.0	1.381
6154	0.0	0.0	1.447
6155	0.0	0.0	1.381
6156	0.0	0.0	1.339
6157	0.0	0.0	1.240
6158	0.0	0.0	1.089
6159	0.0	0.0	0.993
6160	0.0	0.0	0.927
6161	0.0	0.0	0.963
6162	0.0	0.0	1.195
6163	0.0	0.0	1.333
6164	0.0	0.0	1.649
6165	0.0	0.0	1.694
6166	0.0	0.0	1.580
6167	0.0	0.0	0.951
6168	0.0	0.0	0.596
6169	0.0	0.0	0.412
6170	0.0	0.0	0.223
6171	0.0	0.0	0.087
6172	0.0	0.0	0.063
6173	0.0	0.0	0.190
6174	0.0	0.0	0.475
6175	0.0	0.0	1.285
6176	0.0	0.0	1.375
6177	0.0	0.0	1.381
6178	0.0	0.0	1.447
6179	0.0	0.0	1.381
6180	0.0	0.0	1.339
6181	0.0	0.0	1.240
6182	0.0	0.0	1.089
6183	0.0	0.0	0.993
6184	0.0	0.0	0.927
6185	0.0	0.0	0.963
6186	0.0	0.0	1.195
6187	0.0	0.0	1.333
6188	0.0	0.0	1.649
6189	0.0	0.0	1.694
6190	0.0	0.0	1.580
6191	0.0	0.0	0.951
6192	0.0	0.0	0.596
6193	0.0	0.0	0.412
6194	0.0	0.0	0.223
6195	0.0	0.0	0.087
6196	0.0	0.0	0.063
6197	0.0	0.0	0.190
6198	0.0	0.0	0.475
6199	0.0	0.0	1.285
6200	0.0	0.0	1.375
6201	0.0	0.0	1.381
6202	0.0	0.0	1.447
6203	0.0	0.0	1.381
6204	0.0	0.0	1.339
6205	0.0	0.0	1.240
6206	0.0	0.0	1.089
6207	0.0	0.0	0.993
6208	0.0	0.0	0.927
6209	0.0	0.0	0.963
6210	0.0	0.0	1.195
6211	0.0	0.0	1.333
6212	0.0	0.0	1.649
6213	0.0	0.0	1.694
6214	0.0	0.0	1.580
6215	0.0	0.0	0.951
6216	0.0	0.0	0.596
6217	0.0	0.0	0.412
6218	0.0	0.0	0.223
6219	0.0	0.0	0.087
6220	0.0	0.0	0.063
6221	0.0	0.0	0.190
6222	0.0	0.0	0.475
6223	0.0	0.0	1.285
6224	0.0	0.0	1.375
6225	0.0	0.0	1.381
6226	0.0	0.0	1.447
6227	0.0	0.0	1.381
6228	0.0	0.0	1.339
6229	0.0	0.0	1.240
6230	0.0	0.0	1.089
6231	0.0	0.0	0.993
6232	0.0	0.0	0.927
6233	0.0	0.0	0.963
6234	0.0	0.0	1.195
6235	0.0	0.0	1.333
6236	0.0	0.0	1.649
6237	0.0	0.0	1.694
6238	0.0	0.0	1.580
6239	0.0	0.0	0.951
6240	0.0	0.0	0.596
6241	0.0	0.0	0.412
6242	0.0	0.0	0.223
6243	0.0	0.0	0.087
6244	0.0	0.0	0.063
6245	0.0	0.0	0.190
6246	0.0	0.0	0.475
6247	0.0	0.0	1.285
6248	0.0	0.0	1.375
6249	0.0	0.0	1.381
6250	0.0	0.0	1.447
6251	0.0	0.0	1.381
6252	0.0	0.0	1.339
6253	0.0	0.0	1.240
6254	0.0	0.0	1.089
6255	0.0	0.0	0.993
6256	0.0	0.0	0.927
6257	0.0	0.0	0.963
6258	0.0	0.0	1.195
6259	0.0	0.0	1.333
6260	0.0	0.0	1.649
6261	0.0	0.0	1.694
6262	0.0	0.0	1.580
6263	0.0	0.0	0.951
6264	0.0	0.0	0.596
6265	0.0	0.0	0.412
6266	0.0	0.0	0.223
6267	0.0	0.0	0.087
6268	0.0	0.0	0.063
6269	0.0	0.0	0.190
6270	0.0	0.0	0.475
6271	0.0	0.0	1.285
6272	0.0	0.0	1.375
6273	0.0	0.0	1.381
6274	0.0	0.0	1.447
6275	0.0	0.0	1.381
6276	0.0	0.0	1.339
6277	0.0	0.0	1.240
6278	0.0	0.0	1.089
6279	0.0	0.0	0.993
6280	0.0	0.0	0.927
6281	0.0	0.0	0.963
6282	0.0	0.0	1.195
6283	0.0	0.0	1.333
6284	0.0	0.0	1.649
6285	0.0	0.0	1.694
6286	0.0	0.0	1.580
6287	0.0	0.0	0.951
6288	0.0	0.0	0.596
6289	0.0	0.0	0.412
6290	0.0	0.0	0.223
6291	0.0	0.0	0.087
6292	0.0	0.0	0.063
6293	0.0	0.0	0.190
6294	0.0	0.0	0.475
6295	0.0	0.0	1.285
6296	0.0	0.0	1.375
6297	0.0	0.0	1.381
6298	0.0	0.0	1.447
6299	0.0	0.0	1.381
6300	0.0	0.0	1.339
6301	0.0	0.0	1.240
6302	0.0	0.0	1.089
6303	0.0	0.0	0.993
6304	0.0	0.0	0.927
6305	0.0	0.0	0.963
6306	0.0	0.0	1.195
6307	0.0	0.0	1.333
6308	0.0	0.0	1.649
6309	0.0	0.0	1.694
6310	0.0	0.0	1.580
6311	0.0	0.0	0.951
6312	0.0	0.0	0.596
6313	0.0	0.0	0.412
6314	0.0	0.0	0.223
6315	0.0	0.0	0.087
6316	0.0	0.0	0.063
6317	0.0	0.0	0.190
6318	0.0	0.0	0.475
6319	0.0	0.0	1.285
6320	0.0	0.0	1.375
6321	0.0	0.0	1.381
6322	0.0	0.0	1.447
6323	0.0	0.0	1.381
6324	0.0	0.0	1.339
6325	0.0	0.0	1.240
6326	0.0	0.0	1.089
6327	0.0	0.0	0.993
6328	0.0	0.0	0.927
6329	0.0	0.0	0.963
6330	0.0	0.0	1.195
6331	0.0	0.0	1.333
6332	0.0	0.0	1.649
6333	0.0	0.0	1.694
6334	0.0	0.0	1.580
6335	0.0	0.0	0.951
6336	0.0	0.0	0.596
6337	0.0	0.0	0.412
6338	0.0	0.0	0.223
6339	0.0	0.0	0.087
6340	0.0	0.0	0.063
6341	0.0	0.0	0.190
6342	0.0	0.0	0.475
6343	0.0	0.0	1.285
6344	0.0	0.0	1.375
6345	0.0	0.0	1.381
6346	0.0	0.0	1.447
6347	0.0	0.0	1.381
6348	0.0	0.0	1.339
6349	0.0	0.0	1.240
6350	0.0	0.0	1.089
6351	0.0	0.0	0.993
6352	0.0	0.0	0.927
6353	0.0	0.0	0.963
6354	0.0	0.0	1.195
6355	0.0	0.0	1.333
6356	0.0	0.0	1.649
6357	0.0	0.0	1.694
6358	0.0	0.0	1.580
6359	0.0	0.0	0.951
6360	0.0	0.0	0.596
6361	0.0	0.0	0.412
6362	0.0	0.0	0.223
6363	0.0	0.0	0.087
6364	0.0	0.0	0.063
6365	0.0	0.0	0.190
6366	0.0	0.0	0.475
6367	0.0	0.0	1.285
6368	0.0	0.0	1.375
6369	0.0	0.0	1.381
6370	0.0	0.0	1.447
6371	0.0	0.0	1.381
6372	0.0	0.0	1.339
6373	0.0	0.0	1.240
6374	0.0	0.0	1.089
6375	0.0	0.0	0.993
6376	0.0	0.0	0.927
6377	0.0	0.0	0.963
6378	0.0	0.0	1.195
6379	0.0	0.0	1.333
6380	0.0	0.0	1.649
6381	0.0	0.0	1.694
6382	0.0	0.0	1.580
6383	0.0	0.0	0.951
6384	0.0	0.0	0.596
6385	0.0	0.0	0.412
6386	0.0	0.0	0.223
6387	0.0	0.0	0.087
6388	0.0	0.0	0.063
6389	0.0	0.0	0.190
6390	0.0	0.0	0.475
6391	0.0	0.0	1.285
6392	0.0	0.0	1.375
6393	0.0	0.0	1.381
6394	0.0	0.0	1.447
6395	0.0	0.0	1.381
6396	0.0	0.0	1.339
6397	0.0	0.0	1.240
6398	0.0	0.0	1.089
6399	0.0	0.0	0.993
6400	0.0	0.0	0.927
6401	0.0	0.0	0.963
6402	0.0	0.0	1.195
6403	0.0	0.0	1.333
6404	0.0	0.0	1.649
6405	0.0	0.0	1.694
6406	0.0	0.0	1.580
6407	0.0	0.0	0.951
6408	0.0	0.0	0.596
6409	0.0	0.0	0.412
6410	0.0	0.0	0.223
6411	0.0	0.0	0.087
6412	0.0	0.0	0.063
6413	0.0	0.0	0.190
6414	0.0	0.0	0.475
6415	0.0	0.0	1.285
6416	0.0	0.0	1.375
6417	0.0	0.0	1.381
6418	0.0	0.0	1.447
6419	0.0	0.0	1.381
6420	0.0	0.0	1.339
6421	0.0	0.0	1.240
6422	0.0	0.0	1.089
6423	0.0	0.0	0.993
6424	0.0	0.0	0.927
6425	0.0	0.0	0.963
6426	0.0	0.0	1.195
6427	0.0	0.0	1.333
6428	0.0	0.0	1.649
6429	0.0	0.0	1.694
6430	0.0	0.0	1.580
6431	0.0	0.0	0.951
6432	0.0	0.0	0.596
6433	0.0	0.0	0.412
6434	0.0	0.0	0.223
6435	0.0	0.0	0.087
6436	0.0	0.0	0.063
6437	0.0	0.0	0.190
6438	0.0	0.0	0.475
6439	0.0	0.0	1.285
6440	0.0	0.0	1.375
6441	0.0	0.0	1.381
6442	0.0	0.0	1.447
6443	0.0	0.0	1.381
6444	0.0	0.0	1.339
6445	0.0	0.0	1.240
6446	0.0	0.0	1.089
6447	0.0	0.0	0.993
6448	0.0	0.0	0.927
6449	0.0	0.0	0.963
6450	0.0	0.0	1.195
6451	0.0	0.0	1.333
6452	0.0	0.0	1.649
6453	0.0	0.0	1.694
6454	0.0	0.0	1.580
6455	0.0	0.0	0.951
6456	0.0	0.0	0.596
6457	0.0	0.0	0.412
6458	0.0	0.0	0.223
6459	0.0	0.0	0.087
6460	0.0	0.0	0.063
6461	0.0	0.0	0.190
6462	0.0	0.0	0.475
6463	0.0	0.0	1.285
6464	0.0	0.0	1.375
6465	0.0	0.0	1.381
6466	0.0	0.0	1.447
6467	0.0	0.0	1.381
6468	0.0	0.0	1.339
6469	0.0	0.0	1.240
6470	0.0	0.0	1.089
6471	0.0	0.0	0.993
6472	0.0	0.0	0.927
6473	0.0	0.0	0.963
6474	0.0	0.0	1.195
6475	0.0	0.0	1.333
6476	0.0	0.0	1.649
6477	0.0	0.0	1.694
6478	0.0	0.0	1.580
6479	0.0	0.0	0.951
6480	0.0	0.0	0.596
6481	0.0	0.0	0.412
6482	0.0	0.0	0.223
6483	0.0	0.0	0.087
6484	0.0	0.0	0.063
6485	0.0	0.0	0.190
6486	0.0	0.0	0.475
6487	0.0	0.0	1.285
6488	0.0	0.0	1.375
6489	0.0	0.0	1.381
6490	0.0	0.0	1.447
6491	0.0	0.0	1.381
6492	0.0	0.0	1.339
6493	0.0	0.0	1.240
6494	0.0	0.0	1.089
6495	0.0	0.0	0.993
6496	0.0	0.0	0.927
6497	0.0	0.0	0.963
6498	0.0	0.0	1.195
6499	0.0	0.0	1.333
6500	0.0	0.0	1.649
6501	0.0	0.0	1.694
6502	0.0	0.0	1.580
6503	0.0	0.0	0.951
6504	0.0	0.0	0.596
6505	0.0	0.0	0.412
6506	0.0	0.0	0.223
6507	0.0	0.0	0.087
6508	0.0	0.0	0.063
6509	0.0	0.0	0.190
6510	0.0	0.0	0.475
6511	0.0	0.0	1.285
6512	0.0	0.0	1.375
6513	0.0	0.0	1.381
6514	0.0	0.0	1.447
6515	0.0	0.0	1.381
6516	0.0	0.0	1.339
6517	0.0	0.0	1.240
6518	0.0	0.0	1.089
6519	0.0	0.0	0.993
6520	0.0	0.0	0.927
6521	0.0	0.0	0.963
6522	0.0	0.0	1.195
6523	0.0	0.0	1.333
6524	0.0	0.0	1.649
6525	0.0	0.0	1.694
6526	0.0	0.0	1.580
6527	0.0	0.0	0.951
6528	0.0	0.0	0.596
6529	0.0	0.0	0.412
6530	0.0	0.0	0.223
6531	0.0	0.0	0.087
6532	0.0	0.0	0.063
6533	0.0	0.0	0.190
6534	0.0	0.0	0.475
6535	0.0	0.0	1.285
6536	0.0	0.0	1.375
6537	0.0	0.0	1.381
6538	0.0	0.0	1.447
6539	0.0	0.0	1.381
6540	0.0	0.0	1.339
6541	0.0	0.0	1.240
6542	0.0	0.0	1.089
6543	0.0	0.0	0.993
6544	0.0	0.0	0.927
6545	0.0	0.0	0.963
6546	0.0	0.0	1.195
6547	0.0	0.0	1.333
6548	0.0	0.0	1.649
6549	0.0	0.0	1.694
6550	0.0	0.0	1.580
6551	0.0	0.0	0.951
6552	0.0	0.0	0.596
6553	0.0	0.0	0.412
6554	0.0	0.0	0.223
6555	0.0	0.0	0.087
6556	0.0	0.0	0.063
6557	0.0	0.0	0.190
6558	0.0	0.0	0.475
6559	0.0	0.0	1.285
6560	0.0	0.0	1.375
6561	0.0	0.0	1.381
6562	0.0	0.0	1.447
6563	0.0	0.0	1.381
6564	0.0	0.0	1.339
6565	0.0	0.0	1.240
6566	0.0	0.0	1.089
6567	0.0	0.0	0.993
6568	0.0	0.0	0.927
6569	0.0	0.0	0.963
6570	0.0	0.0	1.195
6571	0.0	0.0	1.333
6572	0.0	0.0	1.649
6573	0.0	0.0	1.694
6574	0.0	0.0	1.580
6575	0.0	0.0	0.951
6576	0.0	0.0	0.596
6577	2.0	0.0	0.412
6578	2.5	0.0	0.223
6579	2.8	0.0	0.087
6580	2.8	0.0	0.063
6581	3.1	0.0	0.190
6582	3.2	0.0	0.475
6583	3.2	0.0	1.285
6584	3.3	0.0	1.375
6585	3.1	0.0	1.381
6586	2.6	0.0	1.447
6587	2.1	0.0	1.381
6588	1.8	0.0	1.339
6589	1.5	0.0	1.240
6590	1.4	0.0	1.089
6591	0.8	0.0	0.993
6592	0.9	0.0	0.927
6593	1.2	0.0	0.963
6594	1.7	0.0	1.195
6595	2.3	0.0	1.333
6596	2.8	0.0	1.649
6597	3.0	0.0	1.694
6598	3.1	0.0	1.580
6599	3.7	0.0	0.951
6600	4.0	0.0	0.596
6601	4.5	0.0	0.412
6602	4.4	0.0	0.223
6603	4.4	0.0	0.087
6604	4.5	0.0	0.063
6605	4.9	0.0	0.190
6606	5.2	0.0	0.475
6607	4.8	0.0	1.285
6608	4.7	0.0	1.375
6609	4.3	0.0	1.381
6610	4.0	0.0	1.447
6611	3.5	0.0	1.381
6612	3.0	0.0	1.339
6613	2.8	0.0	1.240
6614	2.5	0.0	1.089
6615	2.4	0.0	0.993
6616	2.6	0.0	0.927
6617	2.6	0.0	0.963
6618	3.0	0.0	1.195
6619	3.1	0.0	1.333
6620	3.3	0.0	1.649
6621	3.3	0.0	1.694
6622	3.3	0.0	1.580
6623	3.3	0.0	0.951
6624	3.5	0.0	0.596
6625	3.3	0.0	0.412
6626	3.6	0.0	0.223
6627	3.7	0.0	0.087
6628	3.9	0.0	0.063
6629	4.0	0.0	0.190
6630	3.9	0.0	0.475
6631	3.8	0.0	1.285
6632	3.9	0.0	1.375
6633	3.8	0.0	1.381
6634	3.3	0.0	1.447
6635	2.8	0.0	1.381
6636	2.4	0.0	1.339
6637	1.9	0.0	1.240
6638	1.9	0.0	1.089
6639	1.7	0.0	0.993
6640	1.8	0.0	0.927
6641	2.1	0.0	0.963
6642	2.3	0.0	1.195
6643	2.9	0.0	1.333
6644	2.8	0.0	1.649
6645	3.3	0.0	1.694
6646	3.7	0.0	1.580
6647	4.0	0.0	0.951
6648	4.5	0.0	0.596
6649	4.7	0.0	0.412
6650	4.9	0.0	0.223
6651	4.6	0.0	0.087
6652	4.8	0.0	0.063
6653	4.8	0.0	0.190
6654	4.6	0.0	0.475
6655	4.7	0.0	1.285
6656	4.5	0.0	1.375
6657	3.9	0.0	1.381
6658	3.2	0.0	1.447
6659	2.8	0.0	1.381
6660	2.3	0.0	1.339
6661	1.9	0.0	1.240
6662	1.4	0.0	1.089
6663	1.5	0.0	0.993
6664	1.5	0.0	0.927
6665	1.8	0.0	0.963
6666	2.1	0.0	1.195
6667	2.4	0.0	1.333
6668	2.5	0.0	1.649
6669	2.7	0.0	1.694
6670	3.0	0.0	1.580
6671	3.3	0.0	0.951
6672	3.2	0.0	0.596
6673	3.3	0.0	0.412
6674	3.7	0.0	0.223
6675	4.0	0.0	0.087
6676	4.3	0.0	0.063
6677	4.5	0.0	0.190
6678	4.8	0.0	0.475
6679	4.9	0.0	1.285
6680	4.9	0.0	1.375
6681	4.7	0.0	1.381
6682	4.1	0.0	1.447
6683	3.7	0.0	1.381
6684	3.6	0.0	1.339
6685	3.3	0.0	1.240
6686	2.7	0.0	1.089
6687	2.5	0.0	0.993
6688	2.8	0.0	0.927
6689	3.0	0.0	0.963
6690	3.5	0.0	1.195
6691	3.9	0.0	1.333
6692	4.3	0.0	1.649
6693	4.5	0.0	1.694
6694	4.7	0.0	1.580
6695	5.2	0.0	0.951
6696	5.3	0.0	0.596
6697	5.9	0.0	0.412
6698	6.0	0.0	0.223
6699	6.4	0.0	0.087
6700	6.3	0.0	0.063
6701	6.3	0.0	0.190
6702	6.5	0.0	0.475
6703	6.5	0.0	1.285
6704	6.5	0.0	1.375
6705	6.6	0.0	1.381
6706	5.9	0.0	1.447
6707	5.3	0.0	1.381
6708	5.0	0.0	1.339
6709	4.9	0.0	1.240
6710	4.7	0.0	1.089
6711	4.5	0.0	0.993
6712	4.5	0.0	0.927
6713	4.7	0.0	0.963
6714	4.9	0.0	1.195
6715	5.1	0.0	1.333
6716	5.2	0.0	1.649
6717	5.4	0.0	1.694
6718	5.7	0.0	1.580
6719	5.8	0.0	0.951
6720	5.9	0.0	0.596
6721	5.9	0.0	0.412
6722	5.9	0.0	0.223
6723	6.1	0.0	0.087
6724	5.9	0.0	0.063
6725	5.9	0.0	0.190
6726	6.1	0.0	0.475
6727	6.2	0.0	1.285
6728	6.3	0.0	1.375
6729	5.8	0.0	1.381
6730	5.1	0.0	1.447
6731	4.6	0.0	1.381
6732	4.0	0.0	1.339
6733	3.6	0.0	1.240
6734	3.4	0.0	1.089
6735	3.3	0.0	0.993
6736	3.7	0.0	0.927
6737	3.9	0.0	0.963
6738	4.3	0.0	1.195
6739	4.4	0.0	1.333
6740	4.7	0.0	1.649
6741	4.9	0.0	1.694
6742	5.2	0.0	1.580
6743	5.2	0.0	0.951
6744	5.4	0.0	0.596
6745	5.4	0.0	0.412
6746	5.5	0.0	0.223
6747	5.7	0.0	0.087
6748	5.8	0.0	0.063
6749	6.0	0.0	0.190
6750	6.0	0.0	0.475
6751	6.0	0.0	1.285
6752	6.0	0.0	1.375
6753	5.7	0.0	1.381
6754	5.4	0.0	1.447
6755	5.1	0.0	1.381
6756	4.5	0.0	1.339
6757	4.7	0.0	1.240
6758	4.4	0.0	1.089
6759	4.3	0.0	0.993
6760	4.3	0.0	0.927
6761	4.6	0.0	0.963
6762	4.8	0.0	1.195
6763	5.1	0.0	1.333
6764	5.7	0.0	1.649
6765	5.9	0.0	1.694
6766	6.1	0.0	1.580
6767	6.4	0.0	0.951
6768	6.4	0.0	0.596
6769	6.3	0.0	0.412
6770	6.6	0.0	0.223
6771	6.6	0.0	0.087
6772	6.4	0.0	0.063
6773	6.5	0.0	0.190
6774	6.5	0.0	0.475
6775	6.4	0.0	1.285
6776	6.4	0.0	1.375
6777	6.1	0.0	1.381
6778	5.7	0.0	1.447
6779	5.2	0.0	1.381
6780	4.8	0.0	1.339
6781	4.0	0.0	1.240
6782	3.7	0.0	1.089
6783	3.7	0.0	0.993
6784	3.7	0.0	0.927
6785	4.0	0.0	0.963
6786	4.3	0.0	1.195
6787	4.6	0.0	1.333
6788	4.8	0.0	1.649
6789	5.0	0.0	1.694
6790	5.1	0.0	1.580
6791	5.3	0.0	0.951
6792	5.5	0.0	0.596
6793	5.6	0.0	0.412
6794	5.4	0.0	0.223
6795	5.5	0.0	0.087
6796	5.5	0.0	0.063
6797	5.7	0.0	0.190
6798	5.6	0.0	0.475
6799	5.9	0.0	1.285
6800	5.9	0.0	1.375
6801	5.8	0.0	1.381
6802	5.4	0.0	1.447
6803	5.3	0.0	1.381
6804	5.0	0.0	1.339
6805	4.6	0.0	1.240
6806	4.5	0.0	1.089
6807	4.4	0.0	0.993
6808	4.2	0.0	0.927
6809	4.3	0.0	0.963
6810	4.3	0.0	1.195
6811	4.7	0.0	1.333
6812	4.6	0.0	1.649
6813	4.8	0.0	1.694
6814	4.7	0.0	1.580
6815	4.7	0.0	0.951
6816	4.6	0.0	0.596
6817	4.4	0.0	0.412
6818	4.1	0.0	0.223
6819	4.0	0.0	0.087
6820	4.2	0.0	0.063
6821	4.3	0.0	0.190
6822	4.2	0.0	0.475
6823	4.2	0.0	1.285
6824	4.0	0.0	1.375
6825	3.9	0.0	1.381
6826	3.8	0.0	1.447
6827	3.8	0.0	1.381
6828	3.5	0.0	1.339
6829	3.2	0.0	1.240
6830	2.8	0.0	1.089
6831	2.7	0.0	0.993
6832	2.6	0.0	0.927
6833	2.4	0.0	0.963
6834	2.6	0.0	1.195
6835	2.4	0.0	1.333
6836	2.6	0.0	1.649
6837	2.5	0.0	1.694
6838	2.5	0.0	1.580
6839	2.4	0.0	0.951
6840	2.5	0.0	0.596
6841	2.4	0.0	0.412
6842	2.8	0.0	0.223
6843	3.1	0.0	0.087
6844	3.1	0.0	0.063
6845	3.5	0.0	0.190
6846	3.7	0.0	0.475
6847	3.8	0.0	1.285
6848	3.8	0.0	1.375
6849	3.8	0.0	1.381
6850	3.6	0.0	1.447
6851	3.4	0.0	1.381
6852	3.0	0.0	1.339
6853	2.7	0.0	1.240
6854	2.5	0.0	1.089
6855	2.7	0.0	0.993
6856	2.8	0.0	0.927
6857	3.1	0.0	0.963
6858	3.5	0.0	1.195
6859	4.0	0.0	1.333
6860	4.6	0.0	1.649
6861	4.9	0.0	1.694
6862	5.2	0.0	1.580
6863	5.6	0.0	0.951
6864	6.1	0.0	0.596
6865	6.4	0.0	0.412
6866	6.5	0.0	0.223
6867	6.5	0.0	0.087
6868	6.3	0.0	0.063
6869	6.2	0.0	0.190
6870	6.2	0.0	0.475
6871	6.3	0.0	1.285
6872	6.2	0.0	1.375
6873	6.2	0.0	1.381
6874	5.7	0.0	1.447
6875	5.1	0.0	1.381
6876	4.5	0.0	1.339
6877	4.0	0.0	1.240
6878	3.7	0.0	1.089
6879	3.2	0.0	0.993
6880	3.1	0.0	0.927
6881	3.2	0.0	0.963
6882	3.5	0.0	1.195
6883	3.8	0.0	1.333
6884	4.4	0.0	1.649
6885	4.7	0.0	1.694
6886	5.0	0.0	1.580
6887	5.2	0.0	0.951
6888	5.3	0.0	0.596
6889	5.3	0.0	0.412
6890	5.6	0.0	0.223
6891	5.7	0.0	0.087
6892	5.8	0.0	0.063
6893	5.8	0.0	0.190
6894	5.7	0.0	0.475
6895	5.6	0.0	1.285
6896	5.3	0.0	1.375
6897	5.0	0.0	1.381
6898	4.6	0.0	1.447
6899	4.0	0.0	1.381
6900	3.6	0.0	1.339
6901	3.0	0.0	1.240
6902	2.6	0.0	1.089
6903	2.5	0.0	0.993
6904	2.6	0.0	0.927
6905	2.6	0.0	0.963
6906	2.6	0.0	1.195
6907	3.0	0.0	1.333
6908	3.2	0.0	1.649
6909	3.4	0.0	1.694
6910	3.3	0.0	1.580
6911	3.4	0.0	0.951
6912	3.6	0.0	0.596
6913	3.5	0.0	0.412
6914	3.4	0.0	0.223
6915	3.5	0.0	0.087
6916	3.5	0.0	0.063
6917	3.6	0.0	0.190
6918	3.5	0.0	0.475
6919	3.6	0.0	1.285
6920	3.6	0.0	1.375
6921	3.2	0.0	1.381
6922	2.6	0.0	1.447
6923	2.2	0.0	1.381
6924	1.7	0.0	1.339
6925	1.4	0.0	1.240
6926	1.1	0.0	1.089
6927	1.1	0.0	0.993
6928	1.2	0.0	0.927
6929	1.2	0.0	0.963
6930	1.5	0.0	1.195
6931	1.8	0.0	1.333
6932	2.0	0.0	1.649
6933	2.3	0.0	1.694
6934	2.3	0.0	1.580
6935	2.1	0.0	0.951
6936	2.5	0.0	0.596
6937	2.5	0.0	0.412
6938	2.6	0.0	0.223
6939	2.6	0.0	0.087
6940	2.6	0.0	0.063
6941	2.7	0.0	0.190
6942	2.7	0.0	0.475
6943	2.7	0.0	1.285
6944	3.0	0.0	1.375
6945	3.1	0.0	1.381
6946	2.7	0.0	1.447
6947	2.6	0.0	1.381
6948	2.4	0.0	1.339
6949	2.4	0.0	1.240
6950	2.3	0.0	1.089
6951	2.2	0.0	0.993
6952	2.2	0.0	0.927
6953	2.4	0.0	0.963
6954	2.6	0.0	1.195
6955	2.9	0.0	1.333
6956	3.1	0.0	1.649
6957	3.0	0.0	1.694
6958	3.2	0.0	1.580
6959	3.3	0.0	0.951
6960	3.4	0.0	0.596
6961	3.4	0.0	0.412
6962	3.3	0.0	0.223
6963	3.4	0.0	0.087
6964	3.4	0.0	0.063
6965	3.4	0.0	0.190
6966	3.5	0.0	0.475
6967	3.4	0.0	1.285
6968	3.5	0.0	1.375
6969	3.5	0.0	1.381
6970	3.2	0.0	1.447
6971	3.1	0.0	1.381
6972	3.0	0.0	1.339
6973	2.7	0.0	1.240
6974	2.7	0.0	1.089
6975	2.5	0.0	0.993
6976	2.8	0.0	0.927
6977	3.0	0.0	0.963
6978	3.2	0.0	1.195
6979	3.2	0.0	1.333
6980	3.4	0.0	1.649
6981	3.4	0.0	1.694
6982	3.6	0.0	1.580
6983	3.8	0.0	0.951
6984	4.3	0.0	0.596
6985	4.4	0.0	0.412
6986	4.5	0.0	0.223
6987	4.6	0.0	0.087
6988	4.7	0.0	0.063
6989	4.9	0.0	0.190
6990	5.0	0.0	0.475
6991	4.9	0.0	1.285
6992	4.8	0.0	1.375
6993	4.4	0.0	1.381
6994	4.0	0.0	1.447
6995	3.5	0.0	1.381
6996	3.1	0.0	1.339
6997	2.6	0.0	1.240
6998	2.5	0.0	1.089
6999	1.9	0.0	0.993
7000	2.0	0.0	0.927
7001	2.1	0.0	0.963
7002	2.5	0.0	1.195
7003	2.9	0.0	1.333
7004	3.0	0.0	1.649
7005	3.2	0.0	1.694
7006	3.5	0.0	1.580
7007	3.5	0.0	0.951
7008	3.8	0.0	0.596
7009	3.8	0.0	0.412
7010	3.9	0.0	0.223
7011	3.9	0.0	0.087
7012	4.2	0.0	0.063
7013	4.1	0.0	0.190
7014	4.0	0.0	0.475
7015	4.3	0.0	1.285
7016	4.1	0.0	1.375
7017	3.7	0.0	1.381
7018	3.2	0.0	1.447
7019	2.8	0.0	1.381
7020	2.1	0.0	1.339
7021	1.7	0.0	1.240
7022	1.3	0.0	1.089
7023	1.1	0.0	0.993
7024	0.9	0.0	0.927
7025	1.1	0.0	0.963
7026	1.3	0.0	1.195
7027	1.5	0.0	1.333
7028	1.7	0.0	1.649
7029	2.1	0.0	1.694
7030	2.3	0.0	1.580
7031	2.6	0.0	0.951
7032	2.6	0.0	0.596
7033	2.7	0.0	0.412
7034	2.5	0.0	0.223
7035	2.6	0.0	0.087
7036	2.6	0.0	0.063
7037	2.5	0.0	0.190
7038	2.4	0.0	0.475
7039	2.4	0.0	1.285
7040	2.5	0.0	1.375
7041	2.3	0.0	1.381
7042	2.2	0.0	1.447
7043	1.9	0.0	1.381
7044	1.8	0.0	1.339
7045	1.4	0.0	1.240
7046	1.1	0.0	1.089
7047	0.9	0.0	0.993
7048	0.9	0.0	0.927
7049	0.8	0.0	0.963
7050	0.9	0.0	1.195
7051	1.3	0.0	1.333
7052	1.2	0.0	1.649
7053	1.4	0.0	1.694
7054	1.5	0.0	1.580
7055	1.7	0.0	0.951
7056	1.4	0.0	0.596
7057	0.0	0.0	0.412
7058	0.0	0.0	0.223
7059	0.0	0.0	0.087
7060	0.0	0.0	0.063
7061	0.0	0.0	0.190
7062	0.0	0.0	0.475
7063	0.0	0.0	1.285
7064	0.0	0.0	1.375
7065	0.0	0.0	1.381
7066	0.0	0.0	1.447
7067	0.0	0.0	1.381
7068	0.0	0.0	1.339
7069	0.0	0.0	1.240
7070	0.0	0.0	1.089
7071	0.0	0.0	0.993
7072	0.0	0.0	0.927
7073	0.0	0.0	0.963
7074	0.0	0.0	1.195
7075	0.0	0.0	1.333
7076	0.0	0.0	1.649
7077	0.0	0.0	1.694
7078	0.0	0.0	1.580
7079	0.0	0.0	0.951
7080	0.0	0.0	0.596
7081	1.9	0.0	0.412
7082	2.0	0.0	0.223
7083	2.2	0.0	0.087
7084	2.4	0.0	0.063
7085	2.3	0.0	0.190
7086	2.6	0.0	0.475
7087	2.7	0.0	1.285
7088	2.6	0.0	1.375
7089	2.4	0.0	1.381
7090	2.1	0.0	1.447
7091	1.8	0.0	1.381
7092	1.7	0.0	1.339
7093	1.5	0.0	1.240
7094	1.2	0.0	1.089
7095	1.3	0.0	0.993
7096	1.2	0.0	0.927
7097	1.8	0.0	0.963
7098	2.3	0.0	1.195
7099	2.5	0.0	1.333
7100	2.9	0.0	1.649
7101	3.2	0.0	1.694
7102	3.5	0.0	1.580
7103	3.8	0.0	0.951
7104	4.3	0.0	0.596
7105	4.4	0.0	0.412
7106	4.3	0.0	0.223
7107	4.3	0.0	0.087
7108	4.2	0.0	0.063
7109	4.1	0.0	0.190
7110	4.3	0.0	0.475
7111	4.1	0.0	1.285
7112	4.1	0.0	1.375
7113	3.6	0.0	1.381
7114	3.2	0.0	1.447
7115	2.8	0.0	1.381
7116	2.5	0.0	1.339
7117	2.3	0.0	1.240
7118	1.9	0.0	1.089
7119	1.7	0.0	0.993
7120	1.8	0.0	0.927
7121	1.8	0.0	0.963
7122	1.8	0.0	1.195
7123	2.2	0.0	1.333
7124	2.4	0.0	1.649
7125	2.3	0.0	1.694
7126	2.6	0.0	1.580
7127	2.7	0.0	0.951
7128	2.6	0.0	0.596
7129	2.6	0.0	0.412
7130	2.9	0.0	0.223
7131	2.9	0.0	0.087
7132	3.3	0.0	0.063
7133	3.7	0.0	0.190
7134	4.0	0.0	0.475
7135	4.0	0.0	1.285
7136	4.0	0.0	1.375
7137	3.9	0.0	1.381
7138	3.6	0.0	1.447
7139	3.0	0.0	1.381
7140	2.7	0.0	1.339
7141	2.2	0.0	1.240
7142	2.1	0.0	1.089
7143	2.1	0.0	0.993
7144	1.9	0.0	0.927
7145	2.4	0.0	0.963
7146	3.0	0.0	1.195
7147	3.4	0.0	1.333
7148	4.0	0.0	1.649
7149	4.3	0.0	1.694
7150	4.7	0.0	1.580
7151	5.1	0.0	0.951
7152	5.0	0.0	0.596
7153	5.4	0.0	0.412
7154	5.3	0.0	0.223
7155	5.4	0.0	0.087
7156	5.3	0.0	0.063
7157	5.2	0.0	0.190
7158	5.1	0.0	0.475
7159	5.0	0.0	1.285
7160	5.1	0.0	1.375
7161	4.7	0.0	1.381
7162	4.3	0.0	1.447
7163	4.1	0.0	1.381
7164	3.5	0.0	1.339
7165	3.6	0.0	1.240
7166	3.5	0.0	1.089
7167	3.5	0.0	0.993
7168	3.3	0.0	0.927
7169	3.3	0.0	0.963
7170	3.8	0.0	1.195
7171	3.7	0.0	1.333
7172	3.4	0.0	1.649
7173	3.5	0.0	1.694
7174	3.7	0.0	1.580
7175	4.0	0.0	0.951
7176	3.9	0.0	0.596
7177	4.0	0.0	0.412
7178	4.0	0.0	0.223
7179	3.9	0.0	0.087
7180	4.0	0.0	0.063
7181	4.3	0.0	0.190
7182	4.4	0.0	0.475
7183	4.4	0.0	1.285
7184	4.3	0.0	1.375
7185	4.4	0.0	1.381
7186	4.2	0.0	1.447
7187	4.1	0.0	1.381
7188	3.9	0.0	1.339
7189	3.7	0.0	1.240
7190	3.7	0.0	1.089
7191	3.7	0.0	0.993
7192	3.7	0.0	0.927
7193	4.0	0.0	0.963
7194	4.0	0.0	1.195
7195	4.1	0.0	1.333
7196	4.4	0.0	1.649
7197	4.5	0.0	1.694
7198	4.5	0.0	1.580
7199	4.4	0.0	0.951
7200	4.4	0.0	0.596
7201	4.3	0.0	0.412
7202	4.4	0.0	0.223
7203	4.5	0.0	0.087
7204	4.7	0.0	0.063
7205	4.8	0.0	0.190
7206	4.6	0.0	0.475
7207	4.8	0.0	1.285
7208	4.9	0.0	1.375
7209	4.9	0.0	1.381
7210	4.5	0.0	1.447
7211	4.2	0.0	1.381
7212	4.0	0.0	1.339
7213	3.7	0.0	1.240
7214	3.5	0.0	1.089
7215	3.5	0.0	0.993
7216	3.6	0.0	0.927
7217	3.7	0.0	0.963
7218	3.9	0.0	1.195
7219	4.5	0.0	1.333
7220	4.6	0.0	1.649
7221	4.9	0.0	1.694
7222	5.0	0.0	1.580
7223	4.8	0.0	0.951
7224	5.1	0.0	0.596
7225	5.2	0.0	0.412
7226	5.6	0.0	0.223
7227	5.3	0.0	0.087
7228	5.8	0.0	0.063
7229	5.8	0.0	0.190
7230	6.0	0.0	0.475
7231	5.9	0.0	1.285
7232	6.0	0.0	1.375
7233	5.8	0.0	1.381
7234	5.1	0.0	1.447
7235	4.5	0.0	1.381
7236	4.0	0.0	1.339
7237	3.6	0.0	1.240
7238	3.0	0.0	1.089
7239	3.1	0.0	0.993
7240	3.3	0.0	0.927
7241	3.7	0.0	0.963
7242	4.2	0.0	1.195
7243	4.7	0.0	1.333
7244	5.2	0.0	1.649
7245	5.4	0.0	1.694
7246	5.9	0.0	1.580
7247	6.2	0.0	0.951
7248	6.7	0.0	0.596
7249	7.0	0.0	0.412
7250	7.3	0.0	0.223
7251	7.4	0.0	0.087
7252	7.2	0.0	0.063
7253	7.2	0.0	0.190
7254	7.2	0.0	0.475
7255	7.3	0.0	1.285
7256	7.2	0.0	1.375
7257	6.9	0.0	1.381
7258	6.5	0.0	1.447
7259	5.9	0.0	1.381
7260	5.2	0.0	1.339
7261	4.8	0.0	1.240
7262	4.5	0.0	1.089
7263	4.2	0.0	0.993
7264	4.0	0.0	0.927
7265	4.2	0.0	0.963
7266	5.1	0.0	1.195
7267	5.5	0.0	1.333
7268	5.8	0.0	1.649
7269	6.0	0.0	1.694
7270	6.1	0.0	1.580
7271	6.6	0.0	0.951
7272	6.8	0.0	0.596
7273	6.9	0.0	0.412
7274	6.9	0.0	0.223
7275	6.7	0.0	0.087
7276	6.7	0.0	0.063
7277	6.8	0.0	0.190
7278	7.0	0.0	0.475
7279	7.1	0.0	1.285
7280	6.9	0.0	1.375
7281	6.4	0.0	1.381
7282	6.1	0.0	1.447
7283	5.5	0.0	1.381
7284	4.8	0.0	1.339
7285	4.2	0.0	1.240
7286	3.9	0.0	1.089
7287	3.6	0.0	0.993
7288	3.7	0.0	0.927
7289	3.7	0.0	0.963
7290	4.2	0.0	1.195
7291	4.6	0.0	1.333
7292	5.0	0.0	1.649
7293	5.3	0.0	1.694
7294	5.6	0.0	1.580
7295	6.1	0.0	0.951
7296	6.3	0.0	0.596
7297	11.3	0.0	0.412
7298	11.4	0.0	0.223
7299	11.9	0.0	0.087
7300	11.9	0.0	0.063
7301	11.9	0.0	0.190
7302	11.9	0.0	0.475
7303	11.7	0.0	1.285
7304	12.0	0.0	1.375
7305	11.6	0.0	1.381
7306	11.0	0.0	1.447
7307	9.8	0.0	1.381
7308	9.9	0.0	1.339
7309	9.3	0.0	1.240
7310	9.3	0.0	1.089
7311	9.2	0.0	0.993
7312	9.7	0.0	0.927
7313	10.1	0.0	0.963
7314	10.5	0.0	1.195
7315	10.7	0.0	1.333
7316	10.6	0.0	1.649
7317	11.1	0.0	1.694
7318	10.9	0.0	1.580
7319	10.8	0.0	0.951
7320	11.3	0.0	0.596
7321	11.7	0.0	0.412
7322	11.9	0.0	0.223
7323	11.5	0.0	0.087
7324	11.0	0.0	0.063
7325	10.8	0.0	0.190
7326	10.5	0.0	0.475
7327	10.6	0.0	1.285
7328	10.6	0.0	1.375
7329	9.8	0.0	1.381
7330	9.3	0.0	1.447
7331	8.4	0.0	1.381
7332	7.7	0.0	1.339
7333	7.2	0.0	1.240
7334	6.7	0.0	1.089
7335	6.0	0.0	0.993
7336	6.2	0.0	0.927
7337	6.6	0.0	0.963
7338	6.2	0.0	1.195
7339	6.6	0.0	1.333
7340	6.3	0.0	1.649
7341	6.3	0.0	1.694
7342	6.3	0.0	1.580
7343	6.2	0.0	0.951
7344	6.2	0.0	0.596
7345	5.9	0.0	0.412
7346	5.9	0.0	0.223
7347	5.9	0.0	0.087
7348	6.1	0.0	0.063
7349	6.9	0.0	0.190
7350	6.5	0.0	0.475
7351	6.3	0.0	1.285
7352	6.1	0.0	1.375
7353	5.6	0.0	1.381
7354	5.5	0.0	1.447
7355	4.7	0.0	1.381
7356	3.7	0.0	1.339
7357	3.4	0.0	1.240
7358	2.8	0.0	1.089
7359	3.0	0.0	0.993
7360	3.2	0.0	0.927
7361	3.5	0.0	0.963
7362	3.9	0.0	1.195
7363	3.9	0.0	1.333
7364	4.1	0.0	1.649
7365	4.0	0.0	1.694
7366	4.7	0.0	1.580
7367	4.9	0.0	0.951
7368	5.6	0.0	0.596
7369	5.7	0.0	0.412
7370	5.5	0.0	0.223
7371	5.6	0.0	0.087
7372	5.4	0.0	0.063
7373	5.4	0.0	0.190
7374	5.8	0.0	0.475
7375	5.6	0.0	1.285
7376	5.7	0.0	1.375
7377	6.2	0.0	1.381
7378	6.4	0.0	1.447
7379	6.2	0.0	1.381
7380	6.0	0.0	1.339
7381	5.8	0.0	1.240
7382	5.4	0.0	1.089
7383	5.3	0.0	0.993
7384	5.5	0.0	0.927
7385	5.8	0.0	0.963
7386	6.2	0.0	1.195
7387	6.5	0.0	1.333
7388	6.7	0.0	1.649
7389	6.7	0.0	1.694
7390	7.0	0.0	1.580
7391	7.2	0.0	0.951
7392	6.9	0.0	0.596
7393	6.9	0.0	0.412
7394	7.0	0.0	0.223
7395	7.1	0.0	0.087
7396	7.2	0.0	0.063
7397	7.7	0.0	0.190
7398	7.9	0.0	0.475
7399	8.3	0.0	1.285
7400	8.8	0.0	1.375
7401	8.8	0.0	1.381
7402	8.4	0.0	1.447
7403	7.7	0.0	1.381
7404	6.9	0.0	1.339
7405	6.4	0.0	1.240
7406	5.8	0.0	1.089
7407	5.6	0.0	0.993
7408	6.2	0.0	0.927
7409	6.8	0.0	0.963
7410	7.2	0.0	1.195
7411	7.3	0.0	1.333
7412	7.7	0.0	1.649
7413	7.5	0.0	1.694
7414	7.6	0.0	1.580
7415	7.6	0.0	0.951
7416	8.1	0.0	0.596
7417	7.7	0.0	0.412
7418	7.7	0.0	0.223
7419	8.1	0.0	0.087
7420	8.8	0.0	0.063
7421	9.1	0.0	0.190
7422	9.3	0.0	0.475
7423	9.3	0.0	1.285
7424	9.2	0.0	1.375
7425	9.1	0.0	1.381
7426	8.7	0.0	1.447
7427	8.3	0.0	1.381
7428	7.8	0.0	1.339
7429	7.7	0.0	1.240
7430	7.3	0.0	1.089
7431	7.6	0.0	0.993
7432	8.0	0.0	0.927
7433	8.1	0.0	0.963
7434	8.1	0.0	1.195
7435	8.5	0.0	1.333
7436	8.6	0.0	1.649
7437	8.6	0.0	1.694
7438	9.0	0.0	1.580
7439	9.1	0.0	0.951
7440	9.2	0.0	0.596
7441	9.6	0.0	0.412
7442	9.7	0.0	0.223
7443	10.0	0.0	0.087
7444	9.5	0.0	0.063
7445	9.2	0.0	0.190
7446	9.5	0.0	0.475
7447	9.8	0.0	1.285
7448	9.4	0.0	1.375
7449	9.2	0.0	1.381
7450	8.7	0.0	1.447
7451	7.8	0.0	1.381
7452	7.5	0.0	1.339
7453	6.5	0.0	1.240
7454	6.0	0.0	1.089
7455	6.2	0.0	0.993
7456	6.1	0.0	0.927
7457	6.9	0.0	0.963
7458	7.2	0.0	1.195
7459	7.4	0.0	1.333
7460	7.2	0.0	1.649
7461	7.2	0.0	1.694
7462	7.2	0.0	1.580
7463	7.4	0.0	0.951
7464	7.8	0.0	0.596
7465	7.7	0.0	0.412
7466	8.1	0.0	0.223
7467	8.3	0.0	0.087
7468	8.1	0.0	0.063
7469	8.2	0.0	0.190
7470	8.5	0.0	0.475
7471	9.1	0.0	1.285
7472	9.5	0.0	1.375
7473	9.1	0.0	1.381
7474	8.4	0.0	1.447
7475	7.8	0.0	1.381
7476	7.4	0.0	1.339
7477	6.7	0.0	1.240
7478	6.5	0.0	1.089
7479	6.5	0.0	0.993
7480	7.4	0.0	0.927
7481	7.4	0.0	0.963
7482	8.2	0.0	1.195
7483	8.1	0.0	1.333
7484	8.2	0.0	1.649
7485	8.7	0.0	1.694
7486	8.6	0.0	1.580
7487	8.8	0.0	0.951
7488	9.1	0.0	0.596
7489	9.4	0.0	0.412
7490	9.6	0.0	0.223
7491	9.4	0.0	0.087
7492	9.5	0.0	0.063
7493	9.5	0.0	0.190
7494	9.1	0.0	0.475
7495	8.2	0.0	1.285
7496	7.8	0.0	1.375
7497	7.0	0.0	1.381
7498	6.8	0.0	1.447
7499	6.1	0.0	1.381
7500	5.2	0.0	1.339
7501	4.6	0.0	1.240
7502	3.6	0.0	1.089
7503	3.6	0.0	0.993
7504	3.9	0.0	0.927
7505	4.1	0.0	0.963
7506	4.7	0.0	1.195
7507	5.0	0.0	1.333
7508	5.1	0.0	1.649
7509	4.8	0.0	1.694
7510	4.9	0.0	1.580
7511	5.0	0.0	0.951
7512	5.1	0.0	0.596
7513	4.9	0.0	0.412
7514	5.0	0.0	0.223
7515	5.7	0.0	0.087
7516	5.5	0.0	0.063
7517	5.3	0.0	0.190
7518	6.0	0.0	0.475
7519	6.5	0.0	1.285
7520	6.3	0.0	1.375
7521	5.8	0.0	1.381
7522	5.7	0.0	1.447
7523	5.0	0.0	1.381
7524	4.0	0.0	1.339
7525	3.1	0.0	1.240
7526	3.0	0.0	1.089
7527	2.6	0.0	0.993
7528	2.4	0.0	0.927
7529	3.0	0.0	0.963
7530	3.3	0.0	1.195
7531	3.4	0.0	1.333
7532	3.9	0.0	1.649
7533	4.3	0.0	1.694
7534	4.5	0.0	1.580
7535	4.8	0.0	0.951
7536	5.0	0.0	0.596
7537	5.5	0.0	0.412
7538	5.8	0.0	0.223
7539	6.4	0.0	0.087
7540	6.4	0.0	0.063
7541	6.6	0.0	0.190
7542	6.9	0.0	0.475
7543	6.6	0.0	1.285
7544	6.8	0.0	1.375
7545	6.8	0.0	1.381
7546	6.3	0.0	1.447
7547	6.0	0.0	1.381
7548	5.8	0.0	1.339
7549	5.2	0.0	1.240
7550	4.7	0.0	1.089
7551	4.3	0.0	0.993
7552	4.4	0.0	0.927
7553	4.8	0.0	0.963
7554	5.1	0.0	1.195
7555	5.8	0.0	1.333
7556	5.9	0.0	1.649
7557	6.3	0.0	1.694
7558	6.5	0.0	1.580
7559	6.4	0.0	0.951
7560	6.7	0.0	0.596
7561	6.5	0.0	0.412
7562	7.1	0.0	0.223
7563	7.2	0.0	0.087
7564	7.3	0.0	0.063
7565	7.0	0.0	0.190
7566	7.0	0.0	0.475
7567	7.1	0.0	1.285
7568	7.2	0.0	1.375
7569	7.6	0.0	1.381
7570	7.1	0.0	1.447
7571	6.6	0.0	1.381
7572	6.2	0.0	1.339
7573	5.7	0.0	1.240
7574	5.6	0.0	1.089
7575	5.5	0.0	0.993
7576	5.6	0.0	0.927
7577	5.1	0.0	0.963
7578	5.6	0.0	1.195
7579	6.1	0.0	1.333
7580	6.0	0.0	1.649
7581	6.0	0.0	1.694
7582	5.9	0.0	1.580
7583	5.6	0.0	0.951
7584	6.1	0.0	0.596
7585	6.4	0.0	0.412
7586	6.7	0.0	0.223
7587	6.8	0.0	0.087
7588	7.4	0.0	0.063
7589	7.5	0.0	0.190
7590	7.4	0.0	0.475
7591	7.8	0.0	1.285
7592	8.2	0.0	1.375
7593	8.2	0.0	1.381
7594	8.1	0.0	1.447
7595	7.5	0.0	1.381
7596	7.6	0.0	1.339
7597	7.5	0.0	1.240
7598	7.7	0.0	1.089
7599	8.1	0.0	0.993
7600	8.6	0.0	0.927
7601	9.1	0.0	0.963
7602	9.7	0.0	1.195
7603	10.2	0.0	1.333
7604	10.4	0.0	1.649
7605	10.3	0.0	1.694
7606	10.5	0.0	1.580
7607	11.1	0.0	0.951
7608	11.3	0.0	0.596
7609	11.2	0.0	0.412
7610	11.2	0.0	0.223
7611	11.1	0.0	0.087
7612	11.1	0.0	0.063
7613	11.3	0.0	0.190
7614	11.3	0.0	0.475
7615	11.4	0.0	1.285
7616	11.6	0.0	1.375
7617	12.1	0.0	1.381
7618	12.2	0.0	1.447
7619	12.4	0.0	1.381
7620	11.9	0.0	1.339
7621	11.6	0.0	1.240
7622	11.6	0.0	1.089
7623	11.3	0.0	0.993
7624	11.6	0.0	0.927
7625	12.0	0.0	0.963
7626	12.5	0.0	1.195
7627	13.3	0.0	1.333
7628	13.7	0.0	1.649
7629	13.7	0.0	1.694
7630	14.0	0.0	1.580
7631	14.2	0.0	0.951
7632	14.8	0.0	0.596
7633	14.8	0.0	0.412
7634	14.5	0.0	0.223
7635	14.9	0.0	0.087
7636	15.1	0.0	0.063
7637	15.5	0.0	0.190
7638	15.4	0.0	0.475
7639	15.3	0.0	1.285
7640	15.3	0.0	1.375
7641	14.9	0.0	1.381
7642	14.5	0.0	1.447
7643	13.9	0.0	1.381
7644	13.2	0.0	1.339
7645	12.4	0.0	1.240
7646	11.8	0.0	1.089
7647	11.4	0.0	0.993
7648	11.2	0.0	0.927
7649	11.7	0.0	0.963
7650	12.4	0.0	1.195
7651	13.0	0.0	1.333
7652	13.4	0.0	1.649
7653	14.1	0.0	1.694
7654	14.5	0.0	1.580
7655	14.6	0.0	0.951
7656	14.4	0.0	0.596
7657	14.4	0.0	0.412
7658	14.8	0.0	0.223
7659	15.1	0.0	0.087
7660	15.1	0.0	0.063
7661	15.1	0.0	0.190
7662	15.4	0.0	0.475
7663	15.5	0.0	1.285
7664	15.6	0.0	1.375
7665	14.9	0.0	1.381
7666	14.1	0.0	1.447
7667	13.5	0.0	1.381
7668	12.4	0.0	1.339
7669	12.1	0.0	1.240
7670	11.6	0.0	1.089
7671	11.5	0.0	0.993
7672	11.2	0.0	0.927
7673	11.6	0.0	0.963
7674	12.6	0.0	1.195
7675	13.2	0.0	1.333
7676	13.9	0.0	1.649
7677	14.4	0.0	1.694
7678	14.7	0.0	1.580
7679	14.5	0.0	0.951
7680	15.0	0.0	0.596
7681	15.2	0.0	0.412
7682	15.3	0.0	0.223
7683	15.4	0.0	0.087
7684	15.1	0.0	0.063
7685	15.3	0.0	0.190
7686	15.7	0.0	0.475
7687	15.4	0.0	1.285
7688	15.3	0.0	1.375
7689	14.9	0.0	1.381
7690	14.4	0.0	1.447
7691	13.6	0.0	1.381
7692	12.9	0.0	1.339
7693	12.2	0.0	1.240
7694	11.8	0.0	1.089
7695	11.7	0.0	0.993
7696	11.0	0.0	0.927
7697	11.2	0.0	0.963
7698	12.1	0.0	1.195
7699	12.7	0.0	1.333
7700	12.9	0.0	1.649
7701	12.9	0.0	1.694
7702	13.2	0.0	1.580
7703	13.6	0.0	0.951
7704	14.1	0.0	0.596
7705	14.2	0.0	0.412
7706	14.1	0.0	0.223
7707	14.0	0.0	0.087
7708	14.5	0.0	0.063
7709	14.6	0.0	0.190
7710	14.4	0.0	0.475
7711	14.2	0.0	1.285
7712	13.9	0.0	1.375
7713	13.6	0.0	1.381
7714	12.4	0.0	1.447
7715	11.8	0.0	1.381
7716	11.0	0.0	1.339
7717	10.2	0.0	1.240
7718	9.6	0.0	1.089
7719	9.1	0.0	0.993
7720	9.1	0.0	0.927
7721	9.0	0.0	0.963
7722	9.6	0.0	1.195
7723	9.8	0.0	1.333
7724	9.8	0.0	1.649
7725	9.9	0.0	1.694
7726	10.0	0.0	1.580
7727	10.5	0.0	0.951
7728	10.2	0.0	0.596
7729	10.1	0.0	0.412
7730	10.3	0.0	0.223
7731	11.1	0.0	0.087
7732	11.6	0.0	0.063
7733	11.5	0.0	0.190
7734	12.0	0.0	0.475
7735	11.7	0.0	1.285
7736	11.8	0.0	1.375
7737	11.4	0.0	1.381
7738	12.0	0.0	1.447
7739	12.1	0.0	1.381
7740	11.5	0.0	1.339
7741	11.1	0.0	1.240
7742	10.9	0.0	1.089
7743	10.8	0.0	0.993
7744	11.4	0.0	0.927
7745	11.7	0.0	0.963
7746	12.1	0.0	1.195
7747	12.8	0.0	1.333
7748	13.0	0.0	1.649
7749	13.1	0.0	1.694
7750	13.7	0.0	1.580
7751	13.9	0.0	0.951
7752	14.7	0.0	0.596
7753	14.9	0.0	0.412
7754	15.0	0.0	0.223
7755	15.0	0.0	0.087
7756	14.5	0.0	0.063
7757	14.6	0.0	0.190
7758	14.5	0.0	0.475
7759	14.5	0.0	1.285
7760	14.6	0.0	1.375
7761	14.6	0.0	1.381
7762	14.5	0.0	1.447
7763	13.7	0.0	1.381
7764	12.9	0.0	1.339
7765	12.3	0.0	1.240
7766	11.6	0.0	1.089
7767	11.0	0.0	0.993
7768	11.2	0.0	0.927
7769	11.5	0.0	0.963
7770	12.3	0.0	1.195
7771	13.0	0.0	1.333
7772	13.5	0.0	1.649
7773	13.7	0.0	1.694
7774	13.7	0.0	1.580
7775	14.0	0.0	0.951
7776	13.4	0.0	0.596
7777	13.8	0.0	0.412
7778	14.4	0.0	0.223
7779	14.4	0.0	0.087
7780	14.2	0.0	0.063
7781	14.5	0.0	0.190
7782	14.3	0.0	0.475
7783	14.6	0.0	1.285
7784	14.8	0.0	1.375
7785	14.3	0.0	1.381
7786	13.4	0.0	1.447
7787	12.6	0.0	1.381
7788	11.7	0.0	1.339
7789	10.5	0.0	1.240
7790	9.7	0.0	1.089
7791	10.2	0.0	0.993
7792	9.7	0.0	0.927
7793	10.4	0.0	0.963
7794	10.9	0.0	1.195
7795	11.5	0.0	1.333
7796	11.8	0.0	1.649
7797	11.7	0.0	1.694
7798	11.9	0.0	1.580
7799	12.1	0.0	0.951
7800	12.1	0.0	0.596
7801	12.4	0.0	0.412
7802	12.4	0.0	0.223
7803	12.9	0.0	0.087
7804	13.3	0.0	0.063
7805	13.9	0.0	0.190
7806	14.0	0.0	0.475
7807	14.0	0.0	1.285
7808	13.9	0.0	1.375
7809	13.7	0.0	1.381
7810	13.0	0.0	1.447
7811	12.9	0.0	1.381
7812	12.0	0.0	1.339
7813	11.6	0.0	1.240
7814	11.3	0.0	1.089
7815	11.4	0.0	0.993
7816	11.2	0.0	0.927
7817	11.3	0.0	0.963
7818	11.7	0.0	1.195
7819	12.3	0.0	1.333
7820	12.8	0.0	1.649
7821	13.7	0.0	1.694
7822	14.2	0.0	1.580
7823	14.5	0.0	0.951
7824	15.1	0.0	0.596
7825	15.2	0.0	0.412
7826	14.9	0.0	0.223
7827	15.2	0.0	0.087
7828	15.5	0.0	0.063
7829	16.1	0.0	0.190
7830	16.4	0.0	0.475
7831	16.4	0.0	1.285
7832	16.7	0.0	1.375
7833	16.5	0.0	1.381
7834	16.0	0.0	1.447
7835	15.1	0.0	1.381
7836	14.6	0.0	1.339
7837	14.3	0.0	1.240
7838	13.6	0.0	1.089
7839	13.5	0.0	0.993
7840	13.5	0.0	0.927
7841	14.0	0.0	0.963
7842	13.9	0.0	1.195
7843	14.0	0.0	1.333
7844	13.8	0.0	1.649
7845	14.3	0.0	1.694
7846	14.3	0.0	1.580
7847	15.0	0.0	0.951
7848	15.7	0.0	0.596
7849	15.8	0.0	0.412
7850	15.5	0.0	0.223
7851	15.6	0.0	0.087
7852	15.8	0.0	0.063
7853	15.7	0.0	0.190
7854	15.5	0.0	0.475
7855	15.5	0.0	1.285
7856	15.2	0.0	1.375
7857	14.8	0.0	1.381
7858	14.3	0.0	1.447
7859	13.3	0.0	1.381
7860	12.7	0.0	1.339
7861	12.0	0.0	1.240
7862	11.6	0.0	1.089
7863	11.2	0.0	0.993
7864	10.8	0.0	0.927
7865	10.4	0.0	0.963
7866	10.1	0.0	1.195
7867	10.0	0.0	1.333
7868	10.0	0.0	1.649
7869	9.6	0.0	1.694
7870	9.8	0.0	1.580
7871	9.9	0.0	0.951
7872	10.1	0.0	0.596
7873	9.8	0.0	0.412
7874	10.1	0.0	0.223
7875	10.1	0.0	0.087
7876	9.8	0.0	0.063
7877	9.8	0.0	0.190
7878	10.0	0.0	0.475
7879	9.7	0.0	1.285
7880	9.4	0.0	1.375
7881	9.2	0.0	1.381
7882	8.9	0.0	1.447
7883	8.3	0.0	1.381
7884	7.4	0.0	1.339
7885	6.9	0.0	1.240
7886	6.2	0.0	1.089
7887	6.1	0.0	0.993
7888	5.9	0.0	0.927
7889	6.3	0.0	0.963
7890	7.0	0.0	1.195
7891	7.6	0.0	1.333
7892	7.5	0.0	1.649
7893	7.4	0.0	1.694
7894	7.7	0.0	1.580
7895	8.2	0.0	0.951
7896	8.0	0.0	0.596
7897	8.0	0.0	0.412
7898	8.4	0.0	0.223
7899	8.7	0.0	0.087
7900	8.6	0.0	0.063
7901	8.5	0.0	0.190
7902	8.3	0.0	0.475
7903	8.3	0.0	1.285
7904	7.6	0.0	1.375
7905	7.4	0.0	1.381
7906	6.8	0.0	1.447
7907	6.2	0.0	1.381
7908	5.9	0.0	1.339
7909	5.4	0.0	1.240
7910	5.1	0.0	1.089
7911	4.6	0.0	0.993
7912	4.7	0.0	0.927
7913	5.2	0.0	0.963
7914	5.5	0.0	1.195
7915	5.4	0.0	1.333
7916	5.6	0.0	1.649
7917	5.6	0.0	1.694
7918	5.4	0.0	1.580
7919	5.6	0.0	0.951
7920	5.8	0.0	0.596
7921	6.0	0.0	0.412
7922	6.2	0.0	0.223
7923	6.3	0.0	0.087
7924	6.8	0.0	0.063
7925	7.0	0.0	0.190
7926	7.0	0.0	0.475
7927	7.3	0.0	1.285
7928	7.6	0.0	1.375
7929	8.0	0.0	1.381
7930	7.8	0.0	1.447
7931	7.6	0.0	1.381
7932	7.3	0.0	1.339
7933	7.1	0.0	1.240
7934	7.1	0.0	1.089
7935	7.3	0.0	0.993
7936	7.6	0.0	0.927
7937	8.0	0.0	0.963
7938	8.4	0.0	1.195
7939	8.5	0.0	1.333
7940	9.3	0.0	1.649
7941	9.5	0.0	1.694
7942	9.6	0.0	1.580
7943	9.6	0.0	0.951
7944	9.7	0.0	0.596
7945	10.0	0.0	0.412
7946	9.9	0.0	0.223
7947	10.3	0.0	0.087
7948	10.8	0.0	0.063
7949	11.0	0.0	0.190
7950	10.9	0.0	0.475
7951	10.9	0.0	1.285
7952	10.8	0.0	1.375
7953	10.6	0.0	1.381
7954	10.6	0.0	1.447
7955	10.1	0.0	1.381
7956	9.5	0.0	1.339
7957	9.1	0.0	1.240
7958	9.2	0.0	1.089
7959	9.1	0.0	0.993
7960	9.0	0.0	0.927
7961	9.9	0.0	0.963
7962	10.2	0.0	1.195
7963	11.0	0.0	1.333
7964	11.1	0.0	1.649
7965	11.5	0.0	1.694
7966	11.9	0.0	1.580
7967	11.9	0.0	0.951
7968	11.9	0.0	0.596
7969	12.1	0.0	0.412
7970	12.2	0.0	0.223
7971	12.8	0.0	0.087
7972	13.0	0.0	0.063
7973	13.2	0.0	0.190
7974	12.8	0.0	0.475
7975	13.4	0.0	1.285
7976	13.9	0.0	1.375
7977	13.9	0.0	1.381
7978	13.6	0.0	1.447
7979	13.4	0.0	1.381
7980	12.9	0.0	1.339
7981	12.6	0.0	1.240
7982	12.4	0.0	1.089
7983	12.5	0.0	0.993
7984	12.2	0.0	0.927
7985	12.9	0.0	0.963
7986	13.7	0.0	1.195
7987	14.2	0.0	1.333
7988	14.5	0.0	1.649
7989	14.6	0.0	1.694
7990	14.9	0.0	1.580
7991	15.1	0.0	0.951
7992	15.3	0.0	0.596
7993	15.7	0.0	0.412
7994	15.8	0.0	0.223
7995	15.8	0.0	0.087
7996	15.9	0.0	0.063
7997	15.6	0.0	0.190
7998	15.3	0.0	0.475
7999	15.0	0.0	1.285
8000	14.8	0.0	1.375
8001	15.1	0.0	1.381
8002	14.8	0.0	1.447
8003	14.8	0.0	1.381
8004	14.0	0.0	1.339
8005	12.8	0.0	1.240
8006	12.3	0.0	1.089
8007	11.9	0.0	0.993
8008	11.7	0.0	0.927
8009	12.1	0.0	0.963
8010	12.4	0.0	1.195
8011	12.6	0.0	1.333
8012	12.9	0.0	1.649
8013	12.7	0.0	1.694
8014	13.1	0.0	1.580
8015	13.1	0.0	0.951
8016	13.1	0.0	0.596
8017	12.7	0.0	0.412
8018	12.9	0.0	0.223
8019	12.9	0.0	0.087
8020	13.0	0.0	0.063
8021	13.3	0.0	0.190
8022	13.4	0.0	0.475
8023	12.8	0.0	1.285
8024	12.6	0.0	1.375
8025	12.4	0.0	1.381
8026	11.5	0.0	1.447
8027	10.1	0.0	1.381
8028	9.4	0.0	1.339
8029	8.8	0.0	1.240
8030	7.8	0.0	1.089
8031	8.0	0.0	0.993
8032	8.2	0.0	0.927
8033	8.3	0.0	0.963
8034	9.0	0.0	1.195
8035	8.8	0.0	1.333
8036	9.0	0.0	1.649
8037	9.5	0.0	1.694
8038	9.3	0.0	1.580
8039	9.2	0.0	0.951
8040	9.1	0.0	0.596
8041	9.3	0.0	0.412
8042	9.6	0.0	0.223
8043	10.5	0.0	0.087
8044	10.7	0.0	0.063
8045	10.8	0.0	0.190
8046	10.8	0.0	0.475
8047	11.7	0.0	1.285
8048	11.8	0.0	1.375
8049	11.4	0.0	1.381
8050	11.2	0.0	1.447
8051	11.3	0.0	1.381
8052	10.4	0.0	1.339
8053	10.2	0.0	1.240
8054	9.5	0.0	1.089
8055	9.4	0.0	0.993
8056	9.9	0.0	0.927
8057	10.6	0.0	0.963
8058	11.1	0.0	1.195
8059	11.4	0.0	1.333
8060	12.0	0.0	1.649
8061	12.5	0.0	1.694
8062	12.9	0.0	1.580
8063	13.1	0.0	0.951
8064	13.3	0.0	0.596
8065	13.8	0.0	0.412
8066	14.4	0.0	0.223
8067	14.7	0.0	0.087
8068	14.6	0.0	0.063
8069	14.3	0.0	0.190
8070	14.5	0.0	0.475
8071	14.4	0.0	1.285
8072	14.6	0.0	1.375
8073	14.6	0.0	1.381
8074	14.6	0.0	1.447
8075	14.2	0.0	1.381
8076	14.2	0.0	1.339
8077	13.7	0.0	1.240
8078	13.7	0.0	1.089
8079	13.3	0.0	0.993
8080	13.6	0.0	0.927
8081	13.5	0.0	0.963
8082	14.0	0.0	1.195
8083	14.3	0.0	1.333
8084	15.2	0.0	1.649
8085	15.7	0.0	1.694
8086	15.9	0.0	1.580
8087	16.5	0.0	0.951
8088	16.7	0.0	0.596
8089	17.1	0.0	0.412
8090	16.9	0.0	0.223
8091	16.7	0.0	0.087
8092	16.5	0.0	0.063
8093	16.3	0.0	0.190
8094	15.7	0.0	0.475
8095	15.3	0.0	1.285
8096	15.3	0.0	1.375
8097	15.1	0.0	1.381
8098	14.2	0.0	1.447
8099	13.5	0.0	1.381
8100	13.4	0.0	1.339
8101	12.8	0.0	1.240
8102	12.3	0.0	1.089
8103	11.9	0.0	0.993
8104	12.1	0.0	0.927
8105	12.0	0.0	0.963
8106	12.0	0.0	1.195
8107	12.1	0.0	1.333
8108	11.9	0.0	1.649
8109	11.3	0.0	1.694
8110	11.4	0.0	1.580
8111	11.2	0.0	0.951
8112	11.6	0.0	0.596
8113	11.8	0.0	0.412
8114	12.3	0.0	0.223
8115	12.4	0.0	0.087
8116	12.4	0.0	0.063
8117	12.2	0.0	0.190
8118	12.3	0.0	0.475
8119	12.5	0.0	1.285
8120	13.3	0.0	1.375
8121	13.5	0.0	1.381
8122	13.7	0.0	1.447
8123	13.5	0.0	1.381
8124	13.6	0.0	1.339
8125	13.3	0.0	1.240
8126	13.5	0.0	1.089
8127	13.8	0.0	0.993
8128	14.1	0.0	0.927
8129	14.6	0.0	0.963
8130	15.7	0.0	1.195
8131	16.1	0.0	1.333
8132	16.9	0.0	1.649
8133	17.4	0.0	1.694
8134	17.5	0.0	1.580
8135	18.1	0.0	0.951
8136	18.4	0.0	0.596
8137	19.3	0.0	0.412
8138	18.7	0.0	0.223
8139	18.1	0.0	0.087
8140	17.7	0.0	0.063
8141	17.4	0.0	0.190
8142	17.4	0.0	0.475
8143	17.6	0.0	1.285
8144	17.5	0.0	1.375
8145	17.2	0.0	1.381
8146	16.8	0.0	1.447
8147	15.8	0.0	1.381
8148	15.2	0.0	1.339
8149	14.3	0.0	1.240
8150	13.7	0.0	1.089
8151	13.1	0.0	0.993
8152	13.3	0.0	0.927
8153	13.6	0.0	0.963
8154	13.9	0.0	1.195
8155	14.1	0.0	1.333
8156	14.2	0.0	1.649
8157	14.4	0.0	1.694
8158	14.3	0.0	1.580
8159	14.4	0.0	0.951
8160	14.4	0.0	0.596
8161	14.3	0.0	0.412
8162	14.5	0.0	0.223
8163	14.6	0.0	0.087
8164	14.8	0.0	0.063
8165	15.3	0.0	0.190
8166	15.1	0.0	0.475
8167	15.4	0.0	1.285
8168	15.5	0.0	1.375
8169	15.6	0.0	1.381
8170	15.8	0.0	1.447
8171	15.7	0.0	1.381
8172	15.2	0.0	1.339
8173	15.5	0.0	1.240
8174	15.5	0.0	1.089
8175	15.5	0.0	0.993
8176	15.6	0.0	0.927
8177	15.5	0.0	0.963
8178	15.7	0.0	1.195
8179	15.5	0.0	1.333
8180	15.8	0.0	1.649
8181	16.6	0.0	1.694
8182	17.6	0.0	1.580
8183	18.1	0.0	0.951
8184	18.3	0.0	0.596
8185	18.4	0.0	0.412
8186	18.0	0.0	0.223
8187	17.5	0.0	0.087
8188	16.7	0.0	0.063
8189	16.7	0.0	0.190
8190	16.6	0.0	0.475
8191	16.1	0.0	1.285
8192	16.2	0.0	1.375
8193	16.0	0.0	1.381
8194	15.8	0.0	1.447
8195	15.9	0.0	1.381
8196	15.0	0.0	1.339
8197	14.0	0.0	1.240
8198	12.8	0.0	1.089
8199	12.6	0.0	0.993
8200	12.1	0.0	0.927
8201	13.0	0.0	0.963
8202	13.1	0.0	1.195
8203	13.3	0.0	1.333
8204	13.4	0.0	1.649
8205	13.2	0.0	1.694
8206	13.8	0.0	1.580
8207	13.6	0.0	0.951
8208	14.1	0.0	0.596
8209	14.4	0.0	0.412
8210	14.7	0.0	0.223
8211	14.6	0.0	0.087
8212	15.3	0.0	0.063
8213	14.4	0.0	0.190
8214	14.3	0.0	0.475
8215	14.0	0.0	1.285
8216	14.7	0.0	1.375
8217	14.4	0.0	1.381
8218	13.4	0.0	1.447
8219	12.5	0.0	1.381
8220	11.7	0.0	1.339
8221	10.8	0.0	1.240
8222	9.9	0.0	1.089
8223	9.2	0.0	0.993
8224	9.2	0.0	0.927
8225	9.3	0.0	0.963
8226	9.2	0.0	1.195
8227	9.5	0.0	1.333
8228	9.3	0.0	1.649
8229	9.5	0.0	1.694
8230	9.2	0.0	1.580
8231	9.1	0.0	0.951
8232	9.8	0.0	0.596
8233	9.6	0.0	0.412
8234	9.7	0.0	0.223
8235	9.7	0.0	0.087
8236	9.9	0.0	0.063
8237	10.3	0.0	0.190
8238	9.9	0.0	0.475
8239	10.3	0.0	1.285
8240	9.9	0.0	1.375
8241	10.4	0.0	1.381
8242	9.8	0.0	1.447
8243	9.6	0.0	1.381
8244	9.2	0.0	1.339
8245	9.1	0.0	1.240
8246	9.0	0.0	1.089
8247	9.3	0.0	0.993
8248	8.8	0.0	0.927
8249	9.4	0.0	0.963
8250	10.1	0.0	1.195
8251	10.6	0.0	1.333
8252	11.3	0.0	1.649
8253	11.6	0.0	1.694
8254	12.1	0.0	1.580
8255	12.8	0.0	0.951
8256	13.2	0.0	0.596
8257	14.0	0.0	0.412
8258	13.3	0.0	0.223
8259	13.3	0.0	0.087
8260	13.1	0.0	0.063
8261	13.1	0.0	0.190
8262	13.6	0.0	0.475
8263	13.2	0.0	1.285
8264	13.2	0.0	1.375
8265	13.1	0.0	1.381
8266	13.0	0.0	1.447
8267	12.7	0.0	1.381
8268	12.7	0.0	1.339
8269	12.7	0.0	1.240
8270	12.9	0.0	1.089
8271	12.9	0.0	0.993
8272	12.4	0.0	0.927
8273	12.3	0.0	0.963
8274	12.3	0.0	1.195
8275	12.4	0.0	1.333
8276	12.5	0.0	1.649
8277	12.6	0.0	1.694
8278	13.7	0.0	1.580
8279	13.8	0.0	0.951
8280	14.1	0.0	0.596
8281	14.0	0.0	0.412
8282	14.0	0.0	0.223
8283	14.0	0.0	0.087
8284	14.3	0.0	0.063
8285	14.6	0.0	0.190
8286	15.3	0.0	0.475
8287	15.4	0.0	1.285
8288	15.5	0.0	1.375
8289	15.8	0.0	1.381
8290	15.9	0.0	1.447
8291	16.2	0.0	1.381
8292	16.8	0.0	1.339
8293	16.7	0.0	1.240
8294	16.9	0.0	1.089
8295	16.6	0.0	0.993
8296	16.6	0.0	0.927
8297	16.9	0.0	0.963
8298	17.8	0.0	1.195
8299	17.7	0.0	1.333
8300	17.6	0.0	1.649
8301	17.4	0.0	1.694
8302	18.0	0.0	1.580
8303	18.4	0.0	0.951
8304	18.6	0.0	0.596
8305	19.4	0.0	0.412
8306	19.5	0.0	0.223
8307	19.1	0.0	0.087
8308	18.5	0.0	0.063
8309	18.4	0.0	0.190
8310	18.1	0.0	0.475
8311	17.8	0.0	1.285
8312	17.9	0.0	1.375
8313	18.1	0.0	1.381
8314	18.1	0.0	1.447
8315	17.5	0.0	1.381
8316	17.2	0.0	1.339
8317	16.8	0.0	1.240
8318	16.9	0.0	1.089
8319	17.0	0.0	0.993
8320	16.7	0.0	0.927
8321	17.1	0.0	0.963
8322	18.3	0.0	1.195
8323	18.3	0.0	1.333
8324	18.8	0.0	1.649
8325	18.5	0.0	1.694
8326	18.1	0.0	1.580
8327	19.0	0.0	0.951
8328	19.8	0.0	0.596
8329	20.1	0.0	0.412
8330	20.3	0.0	0.223
8331	20.1	0.0	0.087
8332	20.3	0.0	0.063
8333	20.6	0.0	0.190
8334	20.5	0.0	0.475
8335	20.2	0.0	1.285
8336	19.7	0.0	1.375
8337	19.8	0.0	1.381
8338	19.5	0.0	1.447
8339	19.1	0.0	1.381
8340	18.8	0.0	1.339
8341	18.2	0.0	1.240
8342	18.0	0.0	1.089
8343	17.6	0.0	0.993
8344	17.6	0.0	0.927
8345	17.6	0.0	0.963
8346	17.8	0.0	1.195
8347	17.7	0.0	1.333
8348	17.9	0.0	1.649
8349	18.5	0.0	1.694
8350	18.4	0.0	1.580
8351	18.5	0.0	0.951
8352	19.0	0.0	0.596
8353	19.3	0.0	0.412
8354	19.5	0.0	0.223
8355	19.9	0.0	0.087
8356	20.3	0.0	0.063
8357	20.2	0.0	0.190
8358	19.8	0.0	0.475
8359	19.9	0.0	1.285
8360	20.0	0.0	1.375
8361	20.1	0.0	1.381
8362	20.1	0.0	1.447
8363	19.1	0.0	1.381
8364	18.5	0.0	1.339
8365	18.3	0.0	1.240
8366	18.3	0.0	1.089
8367	18.4	0.0	0.993
8368	18.5	0.0	0.927
8369	18.6	0.0	0.963
8370	18.6	0.0	1.195
8371	18.4	0.0	1.333
8372	17.5	0.0	1.649
8373	17.8	0.0	1.694
8374	17.9	0.0	1.580
8375	18.1	0.0	0.951
8376	18.5	0.0	0.596
8377	19.1	0.0	0.412
8378	18.6	0.0	0.223
8379	18.3	0.0	0.087
8380	18.7	0.0	0.063
8381	18.9	0.0	0.190
8382	18.9	0.0	0.475
8383	18.1	0.0	1.285
8384	18.0	0.0	1.375
8385	17.6	0.0	1.381
8386	16.8	0.0	1.447
8387	16.9	0.0	1.381
8388	16.2	0.0	1.339
8389	15.5	0.0	1.240
8390	14.9	0.0	1.089
8391	14.5	0.0	0.993
8392	14.7	0.0	0.927
8393	14.9	0.0	0.963
8394	15.1	0.0	1.195
8395	14.8	0.0	1.333
8396	15.1	0.0	1.649
8397	15.3	0.0	1.694
8398	15.1	0.0	1.580
8399	15.9	0.0	0.951
8400	16.2	0.0	0.596
8401	16.3	0.0	0.412
8402	16.0	0.0	0.223
8403	15.6	0.0	0.087
8404	15.7	0.0	0.063
8405	16.1	0.0	0.190
8406	16.1	0.0	0.475
8407	16.6	0.0	1.285
8408	16.5	0.0	1.375
8409	16.6	0.0	1.381
8410	16.4	0.0	1.447
8411	16.4	0.0	1.381
8412	15.9	0.0	1.339
8413	16.1	0.0	1.240
8414	15.9	0.0	1.089
8415	16.3	0.0	0.993
8416	15.8	0.0	0.927
8417	16.4	0.0	0.963
8418	16.8	0.0	1.195
8419	16.9	0.0	1.333
8420	16.7	0.0	1.649
8421	16.6	0.0	1.694
8422	16.7	0.0	1.580
8423	16.9	0.0	0.951
8424	16.9	0.0	0.596
8425	16.7	0.0	0.412
8426	16.1	0.0	0.223
8427	16.3	0.0	0.087
8428	16.8	0.0	0.063
8429	16.7	0.0	0.190
8430	16.7	0.0	0.475
8431	16.8	0.0	1.285
8432	16.9	0.0	1.375
8433	16.6	0.0	1.381
8434	16.1	0.0	1.447
8435	15.8	0.0	1.381
8436	15.6	0.0	1.339
8437	15.3	0.0	1.240
8438	15.5	0.0	1.089
8439	15.5	0.0	0.993
8440	15.7	0.0	0.927
8441	16.0	0.0	0.963
8442	15.8	0.0	1.195
8443	15.8	0.0	1.333
8444	16.1	0.0	1.649
8445	15.9	0.0	1.694
8446	15.5	0.0	1.580
8447	15.4	0.0	0.951
8448	15.0	0.0	0.596
8449	14.5	0.0	0.412
8450	14.6	0.0	0.223
8451	14.6	0.0	0.087
8452	14.2	0.0	0.063
8453	15.1	0.0	0.190
8454	15.6	0.0	0.475
8455	15.9	0.0	1.285
8456	16.2	0.0	1.375
8457	16.5	0.0	1.381
8458	16.6	0.0	1.447
8459	16.6	0.0	1.381
8460	16.1	0.0	1.339
8461	16.6	0.0	1.240
8462	16.6	0.0	1.089
8463	17.0	0.0	0.993
8464	17.1	0.0	0.927
8465	17.1	0.0	0.963
8466	17.7	0.0	1.195
8467	17.6	0.0	1.333
8468	17.5	0.0	1.649
8469	18.0	0.0	1.694
8470	18.3	0.0	1.580
8471	18.3	0.0	0.951
8472	18.7	0.0	0.596
8473	18.9	0.0	0.412
8474	19.2	0.0	0.223
8475	19.3	0.0	0.087
8476	18.5	0.0	0.063
8477	18.5	0.0	0.190
8478	18.1	0.0	0.475
8479	17.6	0.0	1.285
8480	17.6	0.0	1.375
8481	17.2	0.0	1.381
8482	16.4	0.0	1.447
8483	15.5	0.0	1.381
8484	14.7	0.0	1.339
8485	14.7	0.0	1.240
8486	13.5	0.0	1.089
8487	12.9	0.0	0.993
8488	12.1	0.0	0.927
8489	12.5	0.0	0.963
8490	12.7	0.0	1.195
8491	13.0	0.0	1.333
8492	12.5	0.0	1.649
8493	11.9	0.0	1.694
8494	11.6	0.0	1.580
8495	11.7	0.0	0.951
8496	11.5	0.0	0.596
8497	11.0	0.0	0.412
8498	11.2	0.0	0.223
8499	10.8	0.0	0.087
8500	10.8	0.0	0.063
8501	11.3	0.0	0.190
8502	11.7	0.0	0.475
8503	12.2	0.0	1.285
8504	12.3	0.0	1.375
8505	12.4	0.0	1.381
8506	12.0	0.0	1.447
8507	11.6	0.0	1.381
8508	11.5	0.0	1.339
8509	11.4	0.0	1.240
8510	10.6	0.0	1.089
8511	10.1	0.0	0.993
8512	10.3	0.0	0.927
8513	11.3	0.0	0.963
8514	11.7	0.0	1.195
8515	12.4	0.0	1.333
8516	12.7	0.0	1.649
8517	12.6	0.0	1.694
8518	13.0	0.0	1.580
8519	13.3	0.0	0.951
8520	13.9	0.0	0.596
8521	14.7	0.0	0.412
8522	14.7	0.0	0.223
8523	15.2	0.0	0.087
8524	14.8	0.0	0.063
8525	14.4	0.0	0.190
8526	14.6	0.0	0.475
8527	14.3	0.0	1.285
8528	14.3	0.0	1.375
8529	14.2	0.0	1.381
8530	13.4	0.0	1.447
8531	13.2	0.0	1.381
8532	12.6	0.0	1.339
8533	12.0	0.0	1.240
8534	11.3	0.0	1.089
8535	11.3	0.0	0.993
8536	11.6	0.0	0.927
8537	11.6	0.0	0.963
8538	12.1	0.0	1.195
8539	12.5	0.0	1.333
8540	11.8	0.0	1.649
8541	12.0	0.0	1.694
8542	12.2	0.0	1.580
8543	11.6	0.0	0.951
8544	11.7	0.0	0.596
8545	11.3	0.0	0.412
8546	10.9	0.0	0.223
8547	10.9	0.0	0.087
8548	11.2	0.0	0.063
8549	11.4	0.0	0.190
8550	11.6	0.0	0.475
8551	11.7	0.0	1.285
8552	11.6	0.0	1.375
8553	11.7	0.0	1.381
8554	11.1	0.0	1.447
8555	10.8	0.0	1.381
8556	10.7	0.0	1.339
8557	10.7	0.0	1.240
8558	10.4	0.0	1.089
8559	10.2	0.0	0.993
8560	10.1	0.0	0.927
8561	9.9	0.0	0.963
8562	10.0	0.0	1.195
8563	9.6	0.0	1.333
8564	10.2	0.0	1.649
8565	10.3	0.0	1.694
8566	10.7	0.0	1.580
8567	10.7	0.0	0.951
8568	10.8	0.0	0.596
8569	11.3	0.0	0.412
8570	11.0	0.0	0.223
8571	10.5	0.0	0.087
8572	10.3	0.0	0.063
8573	10.4	0.0	0.190
8574	10.2	0.0	0.475
8575	10.0	0.0	1.285
8576	9.9	0.0	1.375
8577	9.8	0.0	1.381
8578	9.9	0.0	1.447
8579	9.8	0.0	1.381
8580	9.9	0.0	1.339
8581	9.5	0.0	1.240
8582	9.4	0.0	1.089
8583	9.1	0.0	0.993
8584	8.8	0.0	0.927
8585	9.2	0.0	0.963
8586	9.8	0.0	1.195
8587	9.9	0.0	1.333
8588	9.9	0.0	1.649
8589	10.3	0.0	1.694
8590	10.3	0.0	1.580
8591	10.2	0.0	0.951
8592	10.0	0.0	0.596
8593	10.2	0.0	0.412
8594	10.3	0.0	0.223
8595	10.4	0.0	0.087
8596	10.5	0.0	0.063
8597	10.6	0.0	0.190
8598	10.4	0.0	0.475
8599	10.2	0.0	1.285
8600	10.2	0.0	1.375
8601	10.3	0.0	1.381
8602	10.4	0.0	1.447
8603	10.0	0.0	1.381
8604	9.2	0.0	1.339
8605	9.2	0.0	1.240
8606	9.3	0.0	1.089
8607	8.6	0.0	0.993
8608	8.7	0.0	0.927
8609	9.2	0.0	0.963
8610	9.4	0.0	1.195
8611	9.4	0.0	1.333
8612	9.2	0.0	1.649
8613	9.6	0.0	1.694
8614	9.7	0.0	1.580
8615	9.8	0.0	0.951
8616	10.1	0.0	0.596
8617	10.1	0.0	0.412
8618	10.0	0.0	0.223
8619	9.4	0.0	0.087
8620	9.9	0.0	0.063
8621	9.8	0.0	0.190
8622	10.0	0.0	0.475
8623	10.4	0.0	1.285
8624	10.5	0.0	1.375
8625	10.1	0.0	1.381
8626	9.7	0.0	1.447
8627	9.0	0.0	1.381
8628	8.8	0.0	1.339
8629	8.7	0.0	1.240
8630	8.3	0.0	1.089
8631	8.2	0.0	0.993
8632	8.8	0.0	0.927
8633	9.6	0.0	0.963
8634	9.6	0.0	1.195
8635	9.7	0.0	1.333
8636	10.1	0.0	1.649
8637	10.4	0.0	1.694
8638	10.6	0.0	1.580
8639	10.1	0.0	0.951
8640	10.6	0.0	0.596
8641	10.8	0.0	0.412
8642	10.6	0.0	0.223
8643	10.7	0.0	0.087
8644	10.8	0.0	0.063
8645	10.9	0.0	0.190
8646	11.1	0.0	0.475
8647	11.1	0.0	1.285
8648	11.1	0.0	1.375
8649	10.7	0.0	1.381
8650	10.2	0.0	1.447
8651	10.4	0.0	1.381
8652	10.2	0.0	1.339
8653	9.6	0.0	1.240
8654	9.7	0.0	1.089
8655	9.8	0.0	0.993
8656	9.9	0.0	0.927
8657	10.3	0.0	0.963
8658	10.3	0.0	1.195
8659	10.1	0.0	1.333
8660	10.6	0.0	1.649
8661	10.9	0.0	1.694
8662	11.2	0.0	1.580
8663	11.8	0.0	0.951
8664	12.5	0.0	0.596
8665	12.3	0.0	0.412
8666	12.5	0.0	0.223
8667	12.4	0.0	0.087
8668	12.3	0.0	0.063
8669	12.3	0.0	0.190
8670	12.4	0.0	0.475
8671	12.3	0.0	1.285
8672	12.5	0.0	1.375
8673	12.4	0.0	1.381
8674	12.3	0.0	1.447
8675	12.1	0.0	1.381
8676	11.7	0.0	1.339
8677	12.3	0.0	1.240
8678	11.7	0.0	1.089
8679	11.2	0.0	0.993
8680	11.1	0.0	0.927
8681	11.5	0.0	0.963
8682	12.0	0.0	1.195
8683	11.6	0.0	1.333
8684	12.1	0.0	1.649
8685	12.2	0.0	1.694
8686	11.8	0.0	1.580
8687	12.3	0.0	0.951
8688	12.2	0.0	0.596
8689	12.2	0.0	0.412
8690	12.6	0.0	0.223
8691	12.8	0.0	0.087
8692	12.5	0.0	0.063
8693	12.6	0.0	0.190
8694	12.6	0.0	0.475
8695	12.8	0.0	1.285
8696	13.2	0.0	1.375
8697	12.9	0.0	1.381
8698	13.3	0.0	1.447
8699	13.4	0.0	1.381
8700	13.1	0.0	1.339
8701	13.0	0.0	1.240
8702	12.9	0.0	1.089
8703	12.5	0.0	0.993
8704	12.6	0.0	0.927
8705	13.3	0.0	0.963
8706	13.1	0.0	1.195
8707	13.5	0.0	1.333
8708	13.8	0.0	1.649
8709	14.3	0.0	1.694
8710	14.5	0.0	1.580
8711	15.1	0.0	0.951
8712	14.4	0.0	0.596
8713	14.4	0.0	0.412
8714	14.1	0.0	0.223
8715	14.6	0.0	0.087
8716	14.9	0.0	0.063
8717	14.6	0.0	0.190
8718	14.6	0.0	0.475
8719	14.2	0.0	1.285
8720	14.3	0.0	1.375
8721	14.2	0.0	1.381
8722	13.4	0.0	1.447
8723	13.0	0.0	1.381
8724	12.3	0.0	1.339
8725	11.7	0.0	1.240
8726	11.6	0.0	1.089
8727	11.7	0.0	0.993
8728	11.6	0.0	0.927
8729	12.1	0.0	0.963
8730	12.2	0.0	1.195
8731	12.0	0.0	1.333
8732	11.9	0.0	1.649
8733	12.2	0.0	1.694
8734	12.3	0.0	1.580
8735	12.1	0.0	0.951
8736	12.1	0.0	0.596
8737	11.4	0.0	0.412
8738	11.6	0.0	0.223
8739	11.9	0.0	0.087
8740	12.3	0.0	0.063
8741	11.7	0.0	0.190
8742	11.9	0.0	0.475
8743	11.7	0.0	1.285
8744	11.8	0.0	1.375
8745	11.3	0.0	1.381
8746	10.1	0.0	1.447
8747	9.3	0.0	1.381
8748	8.7	0.0	1.339
8749	7.9	0.0	1.240
8750	7.8	0.0	1.089
8751	8.1	0.0	0.993
8752	8.0	0.0	0.927
8753	8.1	0.0	0.963
8754	8.3	0.0	1.195
8755	8.7	0.0	1.333
8756	8.4	0.0	1.649
8757	8.5	0.0	1.694
8758	8.6	0.0	1.580
8759	9.3	0.0	0.951
8760	9.2	0.0	0.596
