# HOY	Heat Demand	Load duration curve	Dhw Demand
# [h]	[kWh / h]	[kWh / h]	[kWh / h]
1	10.4	19.7	0.301
2	10.6	19.6	0.162
3	11.2	19.0	0.064
4	11.0	18.8	0.046
5	11.2	18.8	0.138
6	11.2	18.8	0.347
7	11.0	18.7	0.937
8	13.5	18.6	1.002
9	13.6	18.5	1.007
10	12.8	18.4	1.055
11	12.9	18.4	1.007
12	12.1	18.4	0.976
13	11.7	18.3	0.904
14	11.8	18.3	0.794
15	11.8	18.3	0.724
16	12.1	18.2	0.676
17	12.9	18.1	0.702
18	13.9	18.1	0.871
19	14.9	18.1	0.972
20	15.1	18.1	1.202
21	15.3	18.1	1.235
22	15.7	18.1	1.152
23	16.1	18.1	0.693
24	16.7	18.0	0.434
25	14.6	18.0	0.301
26	14.2	17.9	0.162
27	14.3	17.9	0.064
28	14.3	17.9	0.046
29	14.1	17.9	0.138
30	13.8	17.8	0.347
31	14.1	17.8	0.937
32	17.0	17.7	1.002
33	16.5	17.7	1.007
34	16.2	17.7	1.055
35	15.7	17.7	1.007
36	15.0	17.7	0.976
37	14.7	17.7	0.904
38	14.6	17.6	0.794
39	14.0	17.6	0.724
40	14.4	17.6	0.676
41	15.0	17.6	0.702
42	15.7	17.5	0.871
43	15.8	17.5	0.972
44	15.9	17.4	1.202
45	16.1	17.4	1.235
46	16.1	17.3	1.152
47	16.1	17.3	0.693
48	16.1	17.2	0.434
49	13.5	17.2	0.301
50	13.5	17.2	0.162
51	13.6	17.1	0.064
52	13.9	17.1	0.046
53	14.1	17.1	0.138
54	13.8	17.1	0.347
55	14.3	17.1	0.937
56	16.7	17.1	1.002
57	16.6	17.1	1.007
58	16.7	17.0	1.055
59	16.2	17.0	1.007
60	16.1	17.0	0.976
61	15.4	17.0	0.904
62	15.0	16.9	0.794
63	14.7	16.9	0.724
64	14.7	16.8	0.676
65	14.9	16.8	0.702
66	15.4	16.8	0.871
67	16.0	16.7	0.972
68	16.4	16.7	1.202
69	16.8	16.7	1.235
70	17.2	16.7	1.152
71	17.6	16.7	0.693
72	17.8	16.7	0.434
73	15.4	16.6	0.301
74	15.4	16.6	0.162
75	15.2	16.6	0.064
76	15.4	16.6	0.046
77	15.3	16.5	0.138
78	15.2	16.5	0.347
79	14.9	16.5	0.937
80	16.9	16.5	1.002
81	16.4	16.5	1.007
82	15.6	16.5	1.055
83	14.2	16.4	1.007
84	13.1	16.4	0.976
85	12.1	16.4	0.904
86	11.7	16.4	0.794
87	11.8	16.4	0.724
88	11.7	16.4	0.676
89	11.9	16.4	0.702
90	12.0	16.4	0.871
91	12.0	16.3	0.972
92	11.7	16.3	1.202
93	12.1	16.3	1.235
94	12.3	16.3	1.152
95	12.4	16.3	0.693
96	12.4	16.3	0.434
97	9.8	16.3	0.301
98	9.9	16.3	0.162
99	10.4	16.2	0.064
100	10.7	16.2	0.046
101	11.1	16.2	0.138
102	11.3	16.2	0.347
103	11.8	16.2	0.937
104	14.6	16.2	1.002
105	14.9	16.2	1.007
106	14.9	16.2	1.055
107	15.1	16.1	1.007
108	15.3	16.1	0.976
109	15.3	16.1	0.904
110	15.7	16.1	0.794
111	16.5	16.1	0.724
112	16.4	16.1	0.676
113	17.1	16.1	0.702
114	17.9	16.1	0.871
115	18.0	16.1	0.972
116	17.7	16.1	1.202
117	18.1	16.1	1.235
118	18.8	16.1	1.152
119	19.6	16.1	0.693
120	19.7	16.0	0.434
121	17.5	16.0	0.301
122	17.6	16.0	0.162
123	17.1	16.0	0.064
124	17.1	16.0	0.046
125	16.2	16.0	0.138
126	15.6	16.0	0.347
127	15.4	16.0	0.937
128	17.9	16.0	1.002
129	17.7	16.0	1.007
130	17.0	16.0	1.055
131	16.0	16.0	1.007
132	15.1	16.0	0.976
133	13.9	15.9	0.904
134	13.1	15.9	0.794
135	12.6	15.9	0.724
136	12.0	15.9	0.676
137	12.1	15.9	0.702
138	12.4	15.9	0.871
139	11.9	15.8	0.972
140	11.9	15.8	1.202
141	12.0	15.8	1.235
142	12.0	15.8	1.152
143	12.0	15.8	0.693
144	11.9	15.8	0.434
145	9.1	15.7	0.301
146	9.4	15.7	0.162
147	9.4	15.7	0.064
148	9.6	15.7	0.046
149	10.1	15.7	0.138
150	9.8	15.7	0.347
151	9.9	15.7	0.937
152	12.8	15.6	1.002
153	12.6	15.6	1.007
154	11.8	15.6	1.055
155	11.5	15.6	1.007
156	10.9	15.6	0.976
157	10.4	15.6	0.904
158	9.5	15.6	0.794
159	9.2	15.6	0.724
160	9.1	15.5	0.676
161	10.0	15.5	0.702
162	10.5	15.5	0.871
163	11.4	15.5	0.972
164	11.5	15.5	1.202
165	12.2	15.5	1.235
166	12.3	15.5	1.152
167	13.1	15.5	0.693
168	13.3	15.5	0.434
169	10.9	15.4	0.301
170	10.8	15.4	0.162
171	10.9	15.4	0.064
172	10.4	15.4	0.046
173	10.3	15.4	0.138
174	9.8	15.4	0.347
175	9.8	15.4	0.937
176	12.2	15.4	1.002
177	12.2	15.4	1.007
178	11.9	15.4	1.055
179	11.2	15.4	1.007
180	10.6	15.4	0.976
181	10.9	15.4	0.904
182	10.6	15.4	0.794
183	10.8	15.4	0.724
184	10.7	15.3	0.676
185	10.6	15.3	0.702
186	10.7	15.3	0.871
187	11.0	15.3	0.972
188	10.4	15.3	1.202
189	10.0	15.3	1.235
190	10.0	15.3	1.152
191	9.5	15.3	0.693
192	9.2	15.3	0.434
193	6.0	15.3	0.301
194	6.0	15.3	0.162
195	6.4	15.3	0.064
196	6.5	15.3	0.046
197	6.1	15.2	0.138
198	5.6	15.2	0.347
199	6.0	15.2	0.937
200	8.6	15.2	1.002
201	8.8	15.2	1.007
202	8.1	15.2	1.055
203	8.0	15.2	1.007
204	8.1	15.2	0.976
205	8.0	15.2	0.904
206	7.3	15.2	0.794
207	6.6	15.2	0.724
208	6.4	15.2	0.676
209	6.5	15.2	0.702
210	6.4	15.2	0.871
211	6.4	15.2	0.972
212	6.5	15.2	1.202
213	6.4	15.1	1.235
214	6.4	15.1	1.152
215	6.3	15.1	0.693
216	5.9	15.1	0.434
217	3.4	15.1	0.301
218	3.6	15.1	0.162
219	3.9	15.1	0.064
220	4.2	15.1	0.046
221	4.5	15.1	0.138
222	4.9	15.1	0.347
223	5.4	15.0	0.937
224	8.2	15.0	1.002
225	8.1	15.0	1.007
226	8.3	15.0	1.055
227	8.4	15.0	1.007
228	8.2	15.0	0.976
229	8.0	15.0	0.904
230	8.1	15.0	0.794
231	8.0	15.0	0.724
232	8.8	15.0	0.676
233	9.3	14.9	0.702
234	10.1	14.9	0.871
235	10.1	14.9	0.972
236	10.7	14.9	1.202
237	11.4	14.9	1.235
238	12.3	14.9	1.152
239	13.0	14.9	0.693
240	13.5	14.9	0.434
241	11.3	14.9	0.301
242	11.3	14.9	0.162
243	11.4	14.9	0.064
244	11.4	14.8	0.046
245	11.3	14.8	0.138
246	11.2	14.8	0.347
247	11.2	14.8	0.937
248	13.5	14.8	1.002
249	13.8	14.8	1.007
250	13.1	14.8	1.055
251	13.2	14.8	1.007
252	12.1	14.8	0.976
253	11.8	14.8	0.904
254	11.0	14.8	0.794
255	11.2	14.7	0.724
256	11.6	14.7	0.676
257	12.6	14.7	0.702
258	12.5	14.7	0.871
259	12.7	14.7	0.972
260	13.2	14.7	1.202
261	13.5	14.7	1.235
262	14.0	14.7	1.152
263	14.0	14.7	0.693
264	14.1	14.7	0.434
265	11.5	14.7	0.301
266	11.7	14.7	0.162
267	11.6	14.7	0.064
268	11.6	14.7	0.046
269	11.3	14.6	0.138
270	11.5	14.6	0.347
271	11.3	14.6	0.937
272	14.1	14.6	1.002
273	14.1	14.6	1.007
274	13.7	14.6	1.055
275	13.2	14.6	1.007
276	12.4	14.6	0.976
277	11.8	14.6	0.904
278	11.4	14.5	0.794
279	11.0	14.5	0.724
280	11.1	14.5	0.676
281	10.9	14.5	0.702
282	11.2	14.5	0.871
283	11.2	14.5	0.972
284	11.2	14.5	1.202
285	11.6	14.5	1.235
286	11.7	14.5	1.152
287	11.7	14.5	0.693
288	11.9	14.5	0.434
289	8.8	14.5	0.301
290	8.8	14.5	0.162
291	8.8	14.5	0.064
292	8.7	14.5	0.046
293	8.9	14.4	0.138
294	9.0	14.4	0.347
295	8.7	14.4	0.937
296	11.4	14.4	1.002
297	11.3	14.4	1.007
298	11.3	14.4	1.055
299	10.7	14.4	1.007
300	10.3	14.4	0.976
301	9.8	14.4	0.904
302	9.6	14.4	0.794
303	9.5	14.4	0.724
304	9.1	14.4	0.676
305	9.6	14.4	0.702
306	9.5	14.4	0.871
307	9.6	14.3	0.972
308	9.8	14.3	1.202
309	9.8	14.3	1.235
310	10.5	14.3	1.152
311	10.4	14.3	0.693
312	10.6	14.3	0.434
313	8.2	14.3	0.301
314	8.1	14.3	0.162
315	8.1	14.3	0.064
316	7.8	14.3	0.046
317	7.5	14.2	0.138
318	7.4	14.2	0.347
319	7.6	14.2	0.937
320	10.4	14.2	1.002
321	10.5	14.2	1.007
322	10.3	14.2	1.055
323	10.1	14.2	1.007
324	10.3	14.2	0.976
325	9.9	14.2	0.904
326	9.6	14.2	0.794
327	9.0	14.2	0.724
328	8.5	14.2	0.676
329	9.0	14.2	0.702
330	9.1	14.2	0.871
331	9.5	14.2	0.972
332	9.7	14.1	1.202
333	9.8	14.1	1.235
334	9.8	14.1	1.152
335	10.1	14.1	0.693
336	9.9	14.1	0.434
337	7.4	14.1	0.301
338	7.6	14.1	0.162
339	7.9	14.1	0.064
340	8.3	14.1	0.046
341	8.4	14.1	0.138
342	8.4	14.1	0.347
343	8.4	14.1	0.937
344	11.5	14.1	1.002
345	11.6	14.1	1.007
346	11.9	14.1	1.055
347	11.5	14.1	1.007
348	11.2	14.1	0.976
349	11.1	14.1	0.904
350	11.5	14.1	0.794
351	11.5	14.1	0.724
352	11.6	14.0	0.676
353	12.0	14.0	0.702
354	12.4	14.0	0.871
355	12.5	14.0	0.972
356	13.0	14.0	1.202
357	12.9	14.0	1.235
358	13.3	14.0	1.152
359	13.3	14.0	0.693
360	13.0	14.0	0.434
361	10.2	14.0	0.301
362	10.5	14.0	0.162
363	10.8	14.0	0.064
364	10.7	14.0	0.046
365	10.5	14.0	0.138
366	11.1	14.0	0.347
367	11.2	14.0	0.937
368	14.0	13.9	1.002
369	13.9	13.9	1.007
370	14.0	13.9	1.055
371	13.1	13.9	1.007
372	12.8	13.9	0.976
373	12.5	13.9	0.904
374	12.2	13.9	0.794
375	12.4	13.9	0.724
376	12.9	13.9	0.676
377	13.8	13.9	0.702
378	14.5	13.9	0.871
379	14.8	13.9	0.972
380	15.1	13.9	1.202
381	15.4	13.9	1.235
382	16.0	13.9	1.152
383	16.6	13.8	0.693
384	17.1	13.8	0.434
385	15.3	13.8	0.301
386	15.5	13.8	0.162
387	15.6	13.8	0.064
388	15.4	13.8	0.046
389	15.4	13.8	0.138
390	15.2	13.8	0.347
391	15.1	13.8	0.937
392	17.5	13.8	1.002
393	16.8	13.8	1.007
394	16.1	13.8	1.055
395	15.3	13.8	1.007
396	14.5	13.8	0.976
397	13.4	13.8	0.904
398	12.4	13.8	0.794
399	12.6	13.8	0.724
400	12.2	13.8	0.676
401	12.1	13.8	0.702
402	12.5	13.7	0.871
403	12.3	13.7	0.972
404	12.3	13.7	1.202
405	13.0	13.7	1.235
406	12.5	13.7	1.152
407	12.6	13.7	0.693
408	12.4	13.7	0.434
409	9.0	13.7	0.301
410	9.4	13.7	0.162
411	9.8	13.7	0.064
412	9.8	13.7	0.046
413	9.9	13.7	0.138
414	9.9	13.6	0.347
415	10.4	13.6	0.937
416	13.2	13.6	1.002
417	13.0	13.6	1.007
418	12.5	13.6	1.055
419	12.5	13.6	1.007
420	12.2	13.6	0.976
421	11.8	13.6	0.904
422	11.8	13.6	0.794
423	11.9	13.6	0.724
424	12.4	13.6	0.676
425	12.6	13.6	0.702
426	12.6	13.6	0.871
427	13.2	13.6	0.972
428	13.3	13.5	1.202
429	14.0	13.5	1.235
430	14.2	13.5	1.152
431	14.1	13.5	0.693
432	14.0	13.5	0.434
433	11.6	13.5	0.301
434	11.9	13.5	0.162
435	12.4	13.5	0.064
436	12.8	13.5	0.046
437	12.4	13.5	0.138
438	12.3	13.5	0.347
439	12.1	13.5	0.937
440	14.8	13.5	1.002
441	14.5	13.5	1.007
442	14.5	13.5	1.055
443	14.7	13.5	1.007
444	14.1	13.5	0.976
445	13.8	13.5	0.904
446	13.4	13.5	0.794
447	12.7	13.4	0.724
448	13.0	13.4	0.676
449	12.9	13.4	0.702
450	12.7	13.4	0.871
451	13.2	13.4	0.972
452	13.5	13.4	1.202
453	14.0	13.4	1.235
454	14.4	13.4	1.152
455	14.1	13.4	0.693
456	13.8	13.4	0.434
457	11.4	13.4	0.301
458	11.9	13.4	0.162
459	11.9	13.4	0.064
460	12.5	13.4	0.046
461	12.4	13.4	0.138
462	12.5	13.4	0.347
463	12.5	13.4	0.937
464	15.2	13.4	1.002
465	15.2	13.3	1.007
466	14.5	13.3	1.055
467	14.1	13.3	1.007
468	13.5	13.3	0.976
469	13.0	13.3	0.904
470	12.7	13.3	0.794
471	12.3	13.3	0.724
472	12.0	13.3	0.676
473	12.2	13.3	0.702
474	12.0	13.3	0.871
475	12.2	13.3	0.972
476	12.7	13.3	1.202
477	12.5	13.3	1.235
478	12.8	13.3	1.152
479	12.9	13.3	0.693
480	12.9	13.3	0.434
481	10.3	13.3	0.301
482	11.0	13.3	0.162
483	11.0	13.2	0.064
484	11.4	13.2	0.046
485	11.4	13.2	0.138
486	11.3	13.2	0.347
487	11.5	13.2	0.937
488	14.0	13.2	1.002
489	13.7	13.2	1.007
490	13.1	13.2	1.055
491	12.7	13.2	1.007
492	11.9	13.2	0.976
493	12.1	13.2	0.904
494	11.6	13.2	0.794
495	11.5	13.2	0.724
496	11.6	13.2	0.676
497	11.6	13.2	0.702
498	12.3	13.2	0.871
499	12.4	13.2	0.972
500	13.1	13.2	1.202
501	13.0	13.2	1.235
502	13.6	13.2	1.152
503	13.8	13.2	0.693
504	14.2	13.2	0.434
505	11.8	13.2	0.301
506	11.5	13.2	0.162
507	11.4	13.2	0.064
508	11.6	13.2	0.046
509	11.9	13.1	0.138
510	12.4	13.1	0.347
511	12.7	13.1	0.937
512	15.5	13.1	1.002
513	15.2	13.1	1.007
514	14.7	13.1	1.055
515	14.2	13.1	1.007
516	13.7	13.1	0.976
517	13.6	13.1	0.904
518	13.2	13.1	0.794
519	13.2	13.1	0.724
520	13.6	13.1	0.676
521	13.8	13.1	0.702
522	13.8	13.1	0.871
523	14.1	13.1	0.972
524	14.0	13.1	1.202
525	14.0	13.1	1.235
526	14.4	13.1	1.152
527	14.8	13.1	0.693
528	15.3	13.1	0.434
529	12.9	13.1	0.301
530	12.9	13.1	0.162
531	13.4	13.1	0.064
532	13.1	13.1	0.046
533	13.2	13.0	0.138
534	12.9	13.0	0.347
535	13.3	13.0	0.937
536	16.0	13.0	1.002
537	15.5	13.0	1.007
538	14.9	13.0	1.055
539	14.2	13.0	1.007
540	13.3	13.0	0.976
541	12.8	13.0	0.904
542	11.9	13.0	0.794
543	11.8	13.0	0.724
544	12.1	13.0	0.676
545	12.3	13.0	0.702
546	12.6	13.0	0.871
547	12.8	13.0	0.972
548	13.0	13.0	1.202
549	13.2	13.0	1.235
550	13.8	13.0	1.152
551	14.1	13.0	0.693
552	14.6	13.0	0.434
553	11.9	13.0	0.301
554	11.8	13.0	0.162
555	11.9	13.0	0.064
556	11.8	13.0	0.046
557	12.4	12.9	0.138
558	12.6	12.9	0.347
559	12.4	12.9	0.937
560	14.7	12.9	1.002
561	14.3	12.9	1.007
562	13.8	12.9	1.055
563	13.5	12.9	1.007
564	13.2	12.9	0.976
565	12.8	12.9	0.904
566	12.5	12.9	0.794
567	12.2	12.9	0.724
568	12.3	12.9	0.676
569	12.5	12.9	0.702
570	12.6	12.9	0.871
571	12.8	12.9	0.972
572	13.1	12.9	1.202
573	12.9	12.9	1.235
574	13.1	12.9	1.152
575	13.0	12.9	0.693
576	12.7	12.9	0.434
577	10.1	12.9	0.301
578	10.4	12.9	0.162
579	10.6	12.9	0.064
580	9.9	12.9	0.046
581	9.7	12.9	0.138
582	9.8	12.9	0.347
583	9.7	12.9	0.937
584	11.9	12.9	1.002
585	11.7	12.8	1.007
586	11.4	12.8	1.055
587	10.8	12.8	1.007
588	10.1	12.8	0.976
589	9.6	12.8	0.904
590	9.4	12.8	0.794
591	9.0	12.8	0.724
592	8.7	12.8	0.676
593	8.8	12.8	0.702
594	8.8	12.8	0.871
595	8.8	12.8	0.972
596	8.7	12.8	1.202
597	9.0	12.8	1.235
598	9.3	12.8	1.152
599	9.6	12.8	0.693
600	9.7	12.8	0.434
601	6.9	12.8	0.301
602	7.5	12.8	0.162
603	8.0	12.8	0.064
604	8.3	12.8	0.046
605	8.7	12.8	0.138
606	8.6	12.8	0.347
607	8.6	12.8	0.937
608	11.3	12.8	1.002
609	11.5	12.8	1.007
610	11.4	12.8	1.055
611	11.2	12.8	1.007
612	11.3	12.7	0.976
613	11.4	12.7	0.904
614	11.0	12.7	0.794
615	10.9	12.7	0.724
616	10.5	12.7	0.676
617	11.2	12.7	0.702
618	11.5	12.7	0.871
619	12.1	12.7	0.972
620	12.4	12.7	1.202
621	13.2	12.7	1.235
622	13.6	12.7	1.152
623	13.7	12.7	0.693
624	13.9	12.7	0.434
625	11.9	12.7	0.301
626	12.0	12.7	0.162
627	11.8	12.7	0.064
628	11.6	12.7	0.046
629	11.6	12.7	0.138
630	11.6	12.7	0.347
631	11.2	12.7	0.937
632	13.7	12.7	1.002
633	13.4	12.7	1.007
634	13.1	12.7	1.055
635	12.2	12.6	1.007
636	11.4	12.6	0.976
637	11.3	12.6	0.904
638	11.1	12.6	0.794
639	11.1	12.6	0.724
640	11.4	12.6	0.676
641	11.2	12.6	0.702
642	11.7	12.6	0.871
643	12.2	12.6	0.972
644	12.3	12.6	1.202
645	12.4	12.6	1.235
646	11.9	12.6	1.152
647	11.8	12.6	0.693
648	11.5	12.6	0.434
649	9.0	12.6	0.301
650	9.5	12.6	0.162
651	9.5	12.6	0.064
652	9.6	12.6	0.046
653	9.9	12.6	0.138
654	10.4	12.6	0.347
655	10.2	12.6	0.937
656	12.8	12.6	1.002
657	12.8	12.6	1.007
658	12.5	12.5	1.055
659	12.2	12.5	1.007
660	12.0	12.5	0.976
661	11.9	12.5	0.904
662	11.9	12.5	0.794
663	12.0	12.5	0.724
664	11.8	12.5	0.676
665	12.5	12.5	0.702
666	12.9	12.5	0.871
667	13.5	12.5	0.972
668	14.2	12.5	1.202
669	14.7	12.5	1.235
670	15.3	12.5	1.152
671	16.0	12.5	0.693
672	16.2	12.5	0.434
673	13.7	12.5	0.301
674	13.2	12.5	0.162
675	12.9	12.5	0.064
676	12.5	12.5	0.046
677	11.4	12.5	0.138
678	10.7	12.5	0.347
679	10.4	12.5	0.937
680	13.0	12.5	1.002
681	13.1	12.5	1.007
682	12.6	12.5	1.055
683	12.1	12.5	1.007
684	11.5	12.5	0.976
685	11.3	12.5	0.904
686	11.1	12.5	0.794
687	11.0	12.4	0.724
688	9.9	12.4	0.676
689	9.4	12.4	0.702
690	9.3	12.4	0.871
691	9.0	12.4	0.972
692	8.6	12.4	1.202
693	7.9	12.4	1.235
694	7.5	12.4	1.152
695	6.9	12.4	0.693
696	6.5	12.4	0.434
697	3.8	12.4	0.301
698	3.6	12.4	0.162
699	4.0	12.4	0.064
700	4.2	12.4	0.046
701	4.4	12.4	0.138
702	4.3	12.4	0.347
703	4.5	12.4	0.937
704	7.5	12.4	1.002
705	7.3	12.4	1.007
706	7.2	12.4	1.055
707	7.2	12.4	1.007
708	6.7	12.4	0.976
709	6.4	12.4	0.904
710	6.5	12.4	0.794
711	6.8	12.4	0.724
712	6.5	12.4	0.676
713	6.4	12.4	0.702
714	6.3	12.4	0.871
715	6.3	12.4	0.972
716	6.0	12.4	1.202
717	6.2	12.4	1.235
718	5.7	12.4	1.152
719	5.9	12.4	0.693
720	6.3	12.4	0.434
721	3.8	12.4	0.301
722	3.5	12.3	0.162
723	3.3	12.3	0.064
724	3.1	12.3	0.046
725	3.0	12.3	0.138
726	3.2	12.3	0.347
727	3.3	12.3	0.937
728	6.0	12.3	1.002
729	6.2	12.3	1.007
730	5.8	12.3	1.055
731	5.1	12.3	1.007
732	4.9	12.3	0.976
733	4.4	12.3	0.904
734	4.0	12.3	0.794
735	4.3	12.3	0.724
736	4.6	12.3	0.676
737	4.9	12.3	0.702
738	5.9	12.3	0.871
739	6.7	12.3	0.972
740	7.0	12.3	1.202
741	7.1	12.3	1.235
742	7.2	12.3	1.152
743	7.7	12.3	0.693
744	8.2	12.3	0.434
745	6.1	12.3	0.301
746	6.5	12.3	0.162
747	6.6	12.3	0.064
748	6.4	12.3	0.046
749	6.4	12.2	0.138
750	6.5	12.2	0.347
751	6.2	12.2	0.937
752	9.2	12.2	1.002
753	8.9	12.2	1.007
754	8.4	12.2	1.055
755	7.7	12.2	1.007
756	7.4	12.2	0.976
757	7.2	12.2	0.904
758	6.9	12.2	0.794
759	7.0	12.2	0.724
760	7.0	12.2	0.676
761	7.2	12.2	0.702
762	7.7	12.2	0.871
763	8.3	12.2	0.972
764	8.9	12.2	1.202
765	9.6	12.2	1.235
766	10.3	12.2	1.152
767	11.0	12.2	0.693
768	11.2	12.2	0.434
769	9.1	12.2	0.301
770	8.9	12.2	0.162
771	8.9	12.2	0.064
772	9.5	12.2	0.046
773	10.0	12.2	0.138
774	10.2	12.2	0.347
775	10.5	12.2	0.937
776	13.0	12.2	1.002
777	13.0	12.1	1.007
778	12.9	12.1	1.055
779	12.7	12.1	1.007
780	12.6	12.1	0.976
781	12.3	12.1	0.904
782	12.1	12.1	0.794
783	12.2	12.1	0.724
784	12.5	12.1	0.676
785	12.8	12.1	0.702
786	13.0	12.1	0.871
787	13.8	12.1	0.972
788	14.7	12.1	1.202
789	15.2	12.1	1.235
790	15.6	12.1	1.152
791	15.9	12.1	0.693
792	16.1	12.1	0.434
793	13.9	12.1	0.301
794	14.1	12.1	0.162
795	14.1	12.1	0.064
796	14.4	12.1	0.046
797	14.7	12.1	0.138
798	14.8	12.1	0.347
799	15.2	12.1	0.937
800	17.2	12.1	1.002
801	17.1	12.1	1.007
802	16.7	12.1	1.055
803	16.1	12.1	1.007
804	15.4	12.1	0.976
805	15.2	12.1	0.904
806	14.7	12.1	0.794
807	14.5	12.1	0.724
808	14.7	12.1	0.676
809	14.9	12.1	0.702
810	15.2	12.1	0.871
811	15.7	12.0	0.972
812	15.9	12.0	1.202
813	15.6	12.0	1.235
814	16.3	12.0	1.152
815	15.9	12.0	0.693
816	15.8	12.0	0.434
817	13.8	12.0	0.301
818	13.7	12.0	0.162
819	13.5	12.0	0.064
820	13.8	12.0	0.046
821	13.2	12.0	0.138
822	12.6	12.0	0.347
823	12.4	12.0	0.937
824	14.5	12.0	1.002
825	14.2	12.0	1.007
826	14.1	12.0	1.055
827	13.3	12.0	1.007
828	12.3	12.0	0.976
829	11.7	12.0	0.904
830	11.0	12.0	0.794
831	10.8	12.0	0.724
832	10.7	12.0	0.676
833	10.6	12.0	0.702
834	10.7	12.0	0.871
835	11.3	12.0	0.972
836	11.3	12.0	1.202
837	11.5	12.0	1.235
838	11.7	12.0	1.152
839	12.0	12.0	0.693
840	11.9	12.0	0.434
841	9.6	12.0	0.301
842	9.4	11.9	0.162
843	9.2	11.9	0.064
844	9.6	11.9	0.046
845	9.6	11.9	0.138
846	9.7	11.9	0.347
847	9.8	11.9	0.937
848	12.0	11.9	1.002
849	11.7	11.9	1.007
850	11.2	11.9	1.055
851	10.9	11.9	1.007
852	10.3	11.9	0.976
853	9.6	11.9	0.904
854	9.8	11.9	0.794
855	9.7	11.9	0.724
856	10.1	11.9	0.676
857	10.3	11.9	0.702
858	10.8	11.9	0.871
859	11.3	11.9	0.972
860	11.9	11.9	1.202
861	12.1	11.9	1.235
862	12.1	11.9	1.152
863	12.2	11.9	0.693
864	12.1	11.9	0.434
865	9.6	11.9	0.301
866	9.9	11.9	0.162
867	9.8	11.9	0.064
868	9.9	11.9	0.046
869	9.3	11.9	0.138
870	9.5	11.9	0.347
871	9.7	11.9	0.937
872	11.8	11.9	1.002
873	11.9	11.9	1.007
874	11.8	11.9	1.055
875	11.2	11.9	1.007
876	11.1	11.9	0.976
877	10.5	11.9	0.904
878	10.1	11.9	0.794
879	10.1	11.9	0.724
880	9.7	11.9	0.676
881	9.8	11.9	0.702
882	10.1	11.9	0.871
883	10.7	11.9	0.972
884	11.0	11.9	1.202
885	11.3	11.8	1.235
886	11.2	11.8	1.152
887	11.8	11.8	0.693
888	11.8	11.8	0.434
889	9.4	11.8	0.301
890	9.2	11.8	0.162
891	9.1	11.8	0.064
892	8.5	11.8	0.046
893	8.9	11.8	0.138
894	8.7	11.8	0.347
895	8.7	11.8	0.937
896	10.8	11.8	1.002
897	10.7	11.8	1.007
898	10.6	11.8	1.055
899	10.2	11.8	1.007
900	10.3	11.8	0.976
901	10.5	11.8	0.904
902	10.4	11.8	0.794
903	10.3	11.8	0.724
904	10.2	11.8	0.676
905	10.1	11.8	0.702
906	9.8	11.8	0.871
907	9.7	11.8	0.972
908	9.6	11.8	1.202
909	9.8	11.8	1.235
910	9.8	11.8	1.152
911	9.9	11.8	0.693
912	9.8	11.8	0.434
913	7.4	11.8	0.301
914	7.7	11.8	0.162
915	8.0	11.8	0.064
916	8.4	11.8	0.046
917	8.4	11.8	0.138
918	9.0	11.8	0.347
919	8.8	11.8	0.937
920	10.9	11.8	1.002
921	10.9	11.8	1.007
922	10.4	11.8	1.055
923	10.4	11.8	1.007
924	9.7	11.8	0.976
925	9.6	11.7	0.904
926	9.5	11.7	0.794
927	9.3	11.7	0.724
928	9.3	11.7	0.676
929	9.2	11.7	0.702
930	9.9	11.7	0.871
931	10.3	11.7	0.972
932	10.7	11.7	1.202
933	10.9	11.7	1.235
934	11.5	11.7	1.152
935	11.8	11.7	0.693
936	11.9	11.7	0.434
937	9.3	11.7	0.301
938	9.7	11.7	0.162
939	9.5	11.7	0.064
940	9.5	11.7	0.046
941	9.6	11.7	0.138
942	9.8	11.7	0.347
943	10.1	11.7	0.937
944	12.5	11.7	1.002
945	12.5	11.7	1.007
946	12.3	11.7	1.055
947	11.9	11.7	1.007
948	11.1	11.6	0.976
949	10.7	11.6	0.904
950	10.3	11.6	0.794
951	10.8	11.6	0.724
952	11.1	11.6	0.676
953	11.0	11.6	0.702
954	11.2	11.6	0.871
955	11.4	11.6	0.972
956	12.0	11.6	1.202
957	11.9	11.6	1.235
958	11.9	11.6	1.152
959	12.2	11.6	0.693
960	12.4	11.6	0.434
961	10.2	11.6	0.301
962	10.4	11.6	0.162
963	10.5	11.6	0.064
964	10.5	11.6	0.046
965	10.6	11.6	0.138
966	10.6	11.6	0.347
967	10.5	11.6	0.937
968	13.1	11.6	1.002
969	12.5	11.6	1.007
970	12.1	11.6	1.055
971	11.8	11.6	1.007
972	11.4	11.6	0.976
973	10.5	11.6	0.904
974	10.3	11.6	0.794
975	10.1	11.6	0.724
976	10.0	11.6	0.676
977	10.3	11.6	0.702
978	10.9	11.5	0.871
979	11.9	11.5	0.972
980	12.0	11.5	1.202
981	12.7	11.5	1.235
982	13.2	11.5	1.152
983	12.8	11.5	0.693
984	13.1	11.5	0.434
985	10.9	11.5	0.301
986	10.9	11.5	0.162
987	10.8	11.5	0.064
988	11.1	11.5	0.046
989	11.0	11.5	0.138
990	10.8	11.5	0.347
991	10.7	11.5	0.937
992	13.0	11.5	1.002
993	12.8	11.5	1.007
994	12.1	11.5	1.055
995	11.8	11.5	1.007
996	11.5	11.5	0.976
997	10.9	11.5	0.904
998	10.7	11.5	0.794
999	10.6	11.5	0.724
1000	10.8	11.5	0.676
1001	10.9	11.5	0.702
1002	11.3	11.5	0.871
1003	11.6	11.5	0.972
1004	11.7	11.5	1.202
1005	11.6	11.5	1.235
1006	12.4	11.5	1.152
1007	12.3	11.5	0.693
1008	11.8	11.5	0.434
1009	9.6	11.4	0.301
1010	9.6	11.4	0.162
1011	9.9	11.4	0.064
1012	9.9	11.4	0.046
1013	9.5	11.4	0.138
1014	9.3	11.4	0.347
1015	9.2	11.4	0.937
1016	11.3	11.4	1.002
1017	11.0	11.4	1.007
1018	11.0	11.4	1.055
1019	10.4	11.4	1.007
1020	9.9	11.4	0.976
1021	9.8	11.4	0.904
1022	9.1	11.4	0.794
1023	8.5	11.4	0.724
1024	8.6	11.4	0.676
1025	8.4	11.4	0.702
1026	8.3	11.4	0.871
1027	8.7	11.4	0.972
1028	9.3	11.4	1.202
1029	9.6	11.4	1.235
1030	9.3	11.4	1.152
1031	9.6	11.4	0.693
1032	9.7	11.4	0.434
1033	7.1	11.4	0.301
1034	7.3	11.4	0.162
1035	7.5	11.4	0.064
1036	7.7	11.4	0.046
1037	7.4	11.4	0.138
1038	7.4	11.4	0.347
1039	7.5	11.4	0.937
1040	9.7	11.4	1.002
1041	9.8	11.3	1.007
1042	9.9	11.3	1.055
1043	9.9	11.3	1.007
1044	10.4	11.3	0.976
1045	10.0	11.3	0.904
1046	10.2	11.3	0.794
1047	10.0	11.3	0.724
1048	10.3	11.3	0.676
1049	10.7	11.3	0.702
1050	10.8	11.3	0.871
1051	11.0	11.3	0.972
1052	11.2	11.3	1.202
1053	11.2	11.3	1.235
1054	11.3	11.3	1.152
1055	11.2	11.3	0.693
1056	11.3	11.3	0.434
1057	8.6	11.3	0.301
1058	8.5	11.3	0.162
1059	8.4	11.3	0.064
1060	8.4	11.3	0.046
1061	8.4	11.3	0.138
1062	8.4	11.3	0.347
1063	8.4	11.3	0.937
1064	10.7	11.3	1.002
1065	10.4	11.3	1.007
1066	10.4	11.3	1.055
1067	9.9	11.3	1.007
1068	9.8	11.3	0.976
1069	9.2	11.3	0.904
1070	8.8	11.3	0.794
1071	8.6	11.3	0.724
1072	8.9	11.3	0.676
1073	8.9	11.3	0.702
1074	8.6	11.3	0.871
1075	8.6	11.3	0.972
1076	8.5	11.3	1.202
1077	8.1	11.3	1.235
1078	7.6	11.3	1.152
1079	7.7	11.3	0.693
1080	7.6	11.3	0.434
1081	5.3	11.3	0.301
1082	5.4	11.3	0.162
1083	5.1	11.2	0.064
1084	5.3	11.2	0.046
1085	5.4	11.2	0.138
1086	5.1	11.2	0.347
1087	5.0	11.2	0.937
1088	7.2	11.2	1.002
1089	6.3	11.2	1.007
1090	6.0	11.2	1.055
1091	5.6	11.2	1.007
1092	5.4	11.2	0.976
1093	5.0	11.2	0.904
1094	4.5	11.2	0.794
1095	4.2	11.2	0.724
1096	4.2	11.2	0.676
1097	4.4	11.2	0.702
1098	4.9	11.2	0.871
1099	5.5	11.2	0.972
1100	5.9	11.2	1.202
1101	5.7	11.2	1.235
1102	5.9	11.2	1.152
1103	6.3	11.2	0.693
1104	6.9	11.2	0.434
1105	4.8	11.2	0.301
1106	4.9	11.2	0.162
1107	4.9	11.2	0.064
1108	5.4	11.2	0.046
1109	5.2	11.2	0.138
1110	5.0	11.2	0.347
1111	5.4	11.2	0.937
1112	7.5	11.2	1.002
1113	7.5	11.2	1.007
1114	7.3	11.2	1.055
1115	6.9	11.2	1.007
1116	6.0	11.2	0.976
1117	5.2	11.2	0.904
1118	5.2	11.2	0.794
1119	5.7	11.2	0.724
1120	5.9	11.2	0.676
1121	6.1	11.2	0.702
1122	6.4	11.1	0.871
1123	6.9	11.1	0.972
1124	7.5	11.1	1.202
1125	7.9	11.1	1.235
1126	8.2	11.1	1.152
1127	8.8	11.1	0.693
1128	9.0	11.1	0.434
1129	7.0	11.1	0.301
1130	7.0	11.1	0.162
1131	7.6	11.1	0.064
1132	7.8	11.1	0.046
1133	8.3	11.1	0.138
1134	8.4	11.1	0.347
1135	8.4	11.1	0.937
1136	10.5	11.1	1.002
1137	10.1	11.1	1.007
1138	10.0	11.1	1.055
1139	9.7	11.1	1.007
1140	9.0	11.1	0.976
1141	8.6	11.1	0.904
1142	8.3	11.1	0.794
1143	8.1	11.1	0.724
1144	8.3	11.1	0.676
1145	8.5	11.1	0.702
1146	9.5	11.1	0.871
1147	9.6	11.1	0.972
1148	10.0	11.1	1.202
1149	10.2	11.1	1.235
1150	11.0	11.1	1.152
1151	11.2	11.1	0.693
1152	11.6	11.1	0.434
1153	9.6	11.1	0.301
1154	9.6	11.1	0.162
1155	9.9	11.1	0.064
1156	10.0	11.1	0.046
1157	10.4	11.1	0.138
1158	10.4	11.1	0.347
1159	10.3	11.1	0.937
1160	12.9	11.0	1.002
1161	13.0	11.0	1.007
1162	12.7	11.0	1.055
1163	12.5	11.0	1.007
1164	12.2	11.0	0.976
1165	11.6	11.0	0.904
1166	11.7	11.0	0.794
1167	11.4	11.0	0.724
1168	11.2	11.0	0.676
1169	11.1	11.0	0.702
1170	11.8	11.0	0.871
1171	12.4	11.0	0.972
1172	12.3	11.0	1.202
1173	12.4	11.0	1.235
1174	12.7	11.0	1.152
1175	13.3	11.0	0.693
1176	13.2	11.0	0.434
1177	10.6	11.0	0.301
1178	10.7	11.0	0.162
1179	11.1	11.0	0.064
1180	11.1	11.0	0.046
1181	11.5	11.0	0.138
1182	11.8	11.0	0.347
1183	11.7	11.0	0.937
1184	14.1	11.0	1.002
1185	13.6	11.0	1.007
1186	13.3	11.0	1.055
1187	13.2	11.0	1.007
1188	12.8	11.0	0.976
1189	12.4	11.0	0.904
1190	12.1	11.0	0.794
1191	12.1	10.9	0.724
1192	12.0	10.9	0.676
1193	12.2	10.9	0.702
1194	12.7	10.9	0.871
1195	12.8	10.9	0.972
1196	13.6	10.9	1.202
1197	14.2	10.9	1.235
1198	14.5	10.9	1.152
1199	14.3	10.9	0.693
1200	14.6	10.9	0.434
1201	12.5	10.9	0.301
1202	13.1	10.9	0.162
1203	13.1	10.9	0.064
1204	13.2	10.9	0.046
1205	12.8	10.9	0.138
1206	12.4	10.9	0.347
1207	12.5	10.9	0.937
1208	14.8	10.9	1.002
1209	14.8	10.9	1.007
1210	14.5	10.9	1.055
1211	14.2	10.9	1.007
1212	14.1	10.9	0.976
1213	14.0	10.9	0.904
1214	14.0	10.9	0.794
1215	13.7	10.9	0.724
1216	14.0	10.9	0.676
1217	14.0	10.9	0.702
1218	14.5	10.9	0.871
1219	14.8	10.9	0.972
1220	15.0	10.9	1.202
1221	15.2	10.9	1.235
1222	15.3	10.9	1.152
1223	15.2	10.9	0.693
1224	15.6	10.9	0.434
1225	13.2	10.9	0.301
1226	12.9	10.9	0.162
1227	12.8	10.9	0.064
1228	12.4	10.9	0.046
1229	11.6	10.9	0.138
1230	11.3	10.9	0.347
1231	11.2	10.9	0.937
1232	13.3	10.9	1.002
1233	13.1	10.9	1.007
1234	12.6	10.8	1.055
1235	12.0	10.8	1.007
1236	11.9	10.8	0.976
1237	11.7	10.8	0.904
1238	11.0	10.8	0.794
1239	11.0	10.8	0.724
1240	10.7	10.8	0.676
1241	10.7	10.8	0.702
1242	10.5	10.8	0.871
1243	10.1	10.8	0.972
1244	9.8	10.8	1.202
1245	9.8	10.8	1.235
1246	9.2	10.8	1.152
1247	9.0	10.8	0.693
1248	8.8	10.8	0.434
1249	6.0	10.8	0.301
1250	6.3	10.8	0.162
1251	6.2	10.8	0.064
1252	6.1	10.8	0.046
1253	6.1	10.8	0.138
1254	6.2	10.8	0.347
1255	6.3	10.8	0.937
1256	8.7	10.8	1.002
1257	8.3	10.8	1.007
1258	7.4	10.8	1.055
1259	7.1	10.8	1.007
1260	6.3	10.8	0.976
1261	6.0	10.8	0.904
1262	6.1	10.8	0.794
1263	5.8	10.8	0.724
1264	6.4	10.8	0.676
1265	6.6	10.8	0.702
1266	6.7	10.7	0.871
1267	7.4	10.7	0.972
1268	7.5	10.7	1.202
1269	7.8	10.7	1.235
1270	8.2	10.7	1.152
1271	8.5	10.7	0.693
1272	8.8	10.7	0.434
1273	6.4	10.7	0.301
1274	6.6	10.7	0.162
1275	6.7	10.7	0.064
1276	6.6	10.7	0.046
1277	6.8	10.7	0.138
1278	7.1	10.7	0.347
1279	7.0	10.7	0.937
1280	9.8	10.7	1.002
1281	9.6	10.7	1.007
1282	9.4	10.7	1.055
1283	8.6	10.7	1.007
1284	8.1	10.7	0.976
1285	7.9	10.7	0.904
1286	7.6	10.7	0.794
1287	7.2	10.7	0.724
1288	7.2	10.7	0.676
1289	7.6	10.7	0.702
1290	8.1	10.7	0.871
1291	8.7	10.7	0.972
1292	8.6	10.7	1.202
1293	8.8	10.7	1.235
1294	9.1	10.7	1.152
1295	9.0	10.7	0.693
1296	9.3	10.7	0.434
1297	6.9	10.7	0.301
1298	7.2	10.7	0.162
1299	7.4	10.7	0.064
1300	8.2	10.6	0.046
1301	8.4	10.6	0.138
1302	8.7	10.6	0.347
1303	8.9	10.6	0.937
1304	11.5	10.6	1.002
1305	11.4	10.6	1.007
1306	10.7	10.6	1.055
1307	10.1	10.6	1.007
1308	9.6	10.6	0.976
1309	9.3	10.6	0.904
1310	8.9	10.6	0.794
1311	8.6	10.6	0.724
1312	8.1	10.6	0.676
1313	8.5	10.6	0.702
1314	9.2	10.6	0.871
1315	9.8	10.6	0.972
1316	10.1	10.6	1.202
1317	10.3	10.6	1.235
1318	10.4	10.6	1.152
1319	10.6	10.6	0.693
1320	10.4	10.6	0.434
1321	8.1	10.6	0.301
1322	8.3	10.6	0.162
1323	8.5	10.6	0.064
1324	8.2	10.6	0.046
1325	8.5	10.6	0.138
1326	8.4	10.6	0.347
1327	7.9	10.6	0.937
1328	9.7	10.6	1.002
1329	9.7	10.6	1.007
1330	9.2	10.6	1.055
1331	8.2	10.6	1.007
1332	7.2	10.6	0.976
1333	6.6	10.5	0.904
1334	5.8	10.5	0.794
1335	5.7	10.5	0.724
1336	6.2	10.5	0.676
1337	6.0	10.5	0.702
1338	6.6	10.5	0.871
1339	7.2	10.5	0.972
1340	7.6	10.5	1.202
1341	7.5	10.5	1.235
1342	7.6	10.5	1.152
1343	7.7	10.5	0.693
1344	7.7	10.5	0.434
1345	5.5	10.5	0.301
1346	5.9	10.5	0.162
1347	6.4	10.5	0.064
1348	6.5	10.5	0.046
1349	6.5	10.5	0.138
1350	6.4	10.5	0.347
1351	6.6	10.5	0.937
1352	9.2	10.5	1.002
1353	9.1	10.5	1.007
1354	8.6	10.5	1.055
1355	8.3	10.5	1.007
1356	7.9	10.5	0.976
1357	7.5	10.5	0.904
1358	7.7	10.5	0.794
1359	7.5	10.5	0.724
1360	7.8	10.5	0.676
1361	8.1	10.5	0.702
1362	8.7	10.5	0.871
1363	9.7	10.5	0.972
1364	10.4	10.5	1.202
1365	10.8	10.5	1.235
1366	10.9	10.5	1.152
1367	11.8	10.5	0.693
1368	11.8	10.5	0.434
1369	10.0	10.5	0.301
1370	10.5	10.5	0.162
1371	10.0	10.4	0.064
1372	10.2	10.4	0.046
1373	10.4	10.4	0.138
1374	10.1	10.4	0.347
1375	10.1	10.4	0.937
1376	12.6	10.4	1.002
1377	12.7	10.4	1.007
1378	12.2	10.4	1.055
1379	11.6	10.4	1.007
1380	11.1	10.4	0.976
1381	10.8	10.4	0.904
1382	10.5	10.4	0.794
1383	10.2	10.4	0.724
1384	10.5	10.4	0.676
1385	10.8	10.4	0.702
1386	11.6	10.4	0.871
1387	12.8	10.4	0.972
1388	13.3	10.4	1.202
1389	13.8	10.4	1.235
1390	13.9	10.4	1.152
1391	14.4	10.4	0.693
1392	15.4	10.4	0.434
1393	13.2	10.4	0.301
1394	13.4	10.4	0.162
1395	13.3	10.4	0.064
1396	13.5	10.4	0.046
1397	13.6	10.4	0.138
1398	13.4	10.4	0.347
1399	13.4	10.4	0.937
1400	15.3	10.4	1.002
1401	15.0	10.4	1.007
1402	14.4	10.4	1.055
1403	13.8	10.4	1.007
1404	12.7	10.4	0.976
1405	11.8	10.4	0.904
1406	10.9	10.4	0.794
1407	10.6	10.4	0.724
1408	10.3	10.4	0.676
1409	10.4	10.4	0.702
1410	11.1	10.4	0.871
1411	11.9	10.4	0.972
1412	12.1	10.4	1.202
1413	12.1	10.4	1.235
1414	12.5	10.4	1.152
1415	12.6	10.4	0.693
1416	12.9	10.3	0.434
1417	7.5	10.3	0.301
1418	7.7	10.3	0.162
1419	7.7	10.3	0.064
1420	7.9	10.3	0.046
1421	7.9	10.3	0.138
1422	8.1	10.3	0.347
1423	8.1	10.3	0.937
1424	9.8	10.3	1.002
1425	9.4	10.3	1.007
1426	8.9	10.3	1.055
1427	8.2	10.3	1.007
1428	7.2	10.3	0.976
1429	6.7	10.3	0.904
1430	6.4	10.3	0.794
1431	6.2	10.3	0.724
1432	6.5	10.3	0.676
1433	6.6	10.3	0.702
1434	6.9	10.3	0.871
1435	7.2	10.3	0.972
1436	7.4	10.3	1.202
1437	7.6	10.3	1.235
1438	7.7	10.3	1.152
1439	8.1	10.3	0.693
1440	8.3	10.3	0.434
1441	6.4	10.3	0.301
1442	6.6	10.3	0.162
1443	7.2	10.3	0.064
1444	7.2	10.3	0.046
1445	7.4	10.3	0.138
1446	7.5	10.3	0.347
1447	7.5	10.3	0.937
1448	9.5	10.3	1.002
1449	9.3	10.3	1.007
1450	8.6	10.3	1.055
1451	8.2	10.3	1.007
1452	7.7	10.3	0.976
1453	7.1	10.3	0.904
1454	6.7	10.2	0.794
1455	6.8	10.2	0.724
1456	6.9	10.2	0.676
1457	6.9	10.2	0.702
1458	7.9	10.2	0.871
1459	8.4	10.2	0.972
1460	9.0	10.2	1.202
1461	9.2	10.2	1.235
1462	9.6	10.2	1.152
1463	9.9	10.2	0.693
1464	10.2	10.2	0.434
1465	8.8	10.2	0.301
1466	8.8	10.2	0.162
1467	8.8	10.2	0.064
1468	8.7	10.2	0.046
1469	8.9	10.2	0.138
1470	8.9	10.2	0.347
1471	9.1	10.2	0.937
1472	10.8	10.2	1.002
1473	10.9	10.2	1.007
1474	10.7	10.2	1.055
1475	10.3	10.2	1.007
1476	10.3	10.2	0.976
1477	10.2	10.2	0.904
1478	10.4	10.2	0.794
1479	10.4	10.2	0.724
1480	10.5	10.2	0.676
1481	10.9	10.2	0.702
1482	10.9	10.2	0.871
1483	10.9	10.2	0.972
1484	10.8	10.2	1.202
1485	10.9	10.2	1.235
1486	11.0	10.2	1.152
1487	11.1	10.2	0.693
1488	10.8	10.2	0.434
1489	8.9	10.2	0.301
1490	8.8	10.2	0.162
1491	8.9	10.2	0.064
1492	8.7	10.2	0.046
1493	8.8	10.2	0.138
1494	8.8	10.2	0.347
1495	8.6	10.2	0.937
1496	10.2	10.2	1.002
1497	9.9	10.2	1.007
1498	9.4	10.2	1.055
1499	8.8	10.2	1.007
1500	8.3	10.2	0.976
1501	7.7	10.1	0.904
1502	7.3	10.1	0.794
1503	7.4	10.1	0.724
1504	7.6	10.1	0.676
1505	8.2	10.1	0.702
1506	8.7	10.1	0.871
1507	9.1	10.1	0.972
1508	9.6	10.1	1.202
1509	9.6	10.1	1.235
1510	9.9	10.1	1.152
1511	10.1	10.1	0.693
1512	10.0	10.1	0.434
1513	8.8	10.1	0.301
1514	9.0	10.1	0.162
1515	9.0	10.1	0.064
1516	8.8	10.1	0.046
1517	8.5	10.1	0.138
1518	8.4	10.1	0.347
1519	8.3	10.1	0.937
1520	9.7	10.1	1.002
1521	9.5	10.1	1.007
1522	9.2	10.1	1.055
1523	8.6	10.1	1.007
1524	8.1	10.1	0.976
1525	7.7	10.1	0.904
1526	7.5	10.1	0.794
1527	7.4	10.1	0.724
1528	7.5	10.1	0.676
1529	7.5	10.1	0.702
1530	7.9	10.1	0.871
1531	7.7	10.1	0.972
1532	7.5	10.1	1.202
1533	7.5	10.1	1.235
1534	7.5	10.1	1.152
1535	7.4	10.1	0.693
1536	7.5	10.1	0.434
1537	5.8	10.1	0.301
1538	5.6	10.1	0.162
1539	5.9	10.1	0.064
1540	6.2	10.1	0.046
1541	6.2	10.1	0.138
1542	6.5	10.1	0.347
1543	6.4	10.1	0.937
1544	7.9	10.0	1.002
1545	7.7	10.0	1.007
1546	7.5	10.0	1.055
1547	6.7	10.0	1.007
1548	6.6	10.0	0.976
1549	6.3	10.0	0.904
1550	6.2	10.0	0.794
1551	5.7	10.0	0.724
1552	6.1	10.0	0.676
1553	6.4	10.0	0.702
1554	6.7	10.0	0.871
1555	7.4	10.0	0.972
1556	7.4	10.0	1.202
1557	7.6	10.0	1.235
1558	7.5	10.0	1.152
1559	7.7	10.0	0.693
1560	7.7	10.0	0.434
1561	6.2	10.0	0.301
1562	6.1	10.0	0.162
1563	5.8	10.0	0.064
1564	5.7	10.0	0.046
1565	5.6	10.0	0.138
1566	5.7	10.0	0.347
1567	5.8	10.0	0.937
1568	7.5	10.0	1.002
1569	7.7	10.0	1.007
1570	7.7	10.0	1.055
1571	7.6	10.0	1.007
1572	7.2	10.0	0.976
1573	7.1	10.0	0.904
1574	6.6	10.0	0.794
1575	6.5	10.0	0.724
1576	6.6	10.0	0.676
1577	6.3	9.9	0.702
1578	6.3	9.9	0.871
1579	6.4	9.9	0.972
1580	6.5	9.9	1.202
1581	6.7	9.9	1.235
1582	6.6	9.9	1.152
1583	6.7	9.9	0.693
1584	6.6	9.9	0.434
1585	4.9	9.9	0.301
1586	5.5	9.9	0.162
1587	5.5	9.9	0.064
1588	5.7	9.9	0.046
1589	5.7	9.9	0.138
1590	5.8	9.9	0.347
1591	5.8	9.9	0.937
1592	7.6	9.9	1.002
1593	7.8	9.9	1.007
1594	7.6	9.9	1.055
1595	7.2	9.9	1.007
1596	6.9	9.9	0.976
1597	6.6	9.9	0.904
1598	6.6	9.9	0.794
1599	6.4	9.9	0.724
1600	6.6	9.9	0.676
1601	6.8	9.9	0.702
1602	7.5	9.9	0.871
1603	7.7	9.9	0.972
1604	8.1	9.9	1.202
1605	8.4	9.9	1.235
1606	8.6	9.9	1.152
1607	9.0	9.9	0.693
1608	9.7	9.9	0.434
1609	8.3	9.9	0.301
1610	8.3	9.9	0.162
1611	8.5	9.9	0.064
1612	8.4	9.9	0.046
1613	8.4	9.9	0.138
1614	8.3	9.9	0.347
1615	8.3	9.9	0.937
1616	9.9	9.9	1.002
1617	9.7	9.8	1.007
1618	9.0	9.8	1.055
1619	8.5	9.8	1.007
1620	7.6	9.8	0.976
1621	6.8	9.8	0.904
1622	6.3	9.8	0.794
1623	5.9	9.8	0.724
1624	6.0	9.8	0.676
1625	6.3	9.8	0.702
1626	7.0	9.8	0.871
1627	7.6	9.8	0.972
1628	8.0	9.8	1.202
1629	8.1	9.8	1.235
1630	8.4	9.8	1.152
1631	8.6	9.8	0.693
1632	8.9	9.8	0.434
1633	7.1	9.8	0.301
1634	7.4	9.8	0.162
1635	7.4	9.8	0.064
1636	7.5	9.8	0.046
1637	7.9	9.8	0.138
1638	7.9	9.8	0.347
1639	7.9	9.8	0.937
1640	9.7	9.8	1.002
1641	9.3	9.8	1.007
1642	8.2	9.8	1.055
1643	7.5	9.8	1.007
1644	6.6	9.8	0.976
1645	6.0	9.8	0.904
1646	5.7	9.8	0.794
1647	5.4	9.8	0.724
1648	5.4	9.8	0.676
1649	5.6	9.8	0.702
1650	6.2	9.8	0.871
1651	6.8	9.8	0.972
1652	7.1	9.8	1.202
1653	7.5	9.8	1.235
1654	7.5	9.8	1.152
1655	7.5	9.8	0.693
1656	8.0	9.8	0.434
1657	6.3	9.7	0.301
1658	6.6	9.7	0.162
1659	6.6	9.7	0.064
1660	6.6	9.7	0.046
1661	6.7	9.7	0.138
1662	6.7	9.7	0.347
1663	6.7	9.7	0.937
1664	8.5	9.7	1.002
1665	8.1	9.7	1.007
1666	7.9	9.7	1.055
1667	7.5	9.7	1.007
1668	6.4	9.7	0.976
1669	5.9	9.7	0.904
1670	5.3	9.7	0.794
1671	5.0	9.7	0.724
1672	5.0	9.7	0.676
1673	5.4	9.7	0.702
1674	5.9	9.7	0.871
1675	6.5	9.7	0.972
1676	6.8	9.7	1.202
1677	7.2	9.7	1.235
1678	7.5	9.7	1.152
1679	7.8	9.7	0.693
1680	8.0	9.7	0.434
1681	6.5	9.7	0.301
1682	6.5	9.7	0.162
1683	6.5	9.7	0.064
1684	6.4	9.7	0.046
1685	6.6	9.7	0.138
1686	6.6	9.7	0.347
1687	6.2	9.7	0.937
1688	8.1	9.7	1.002
1689	7.9	9.7	1.007
1690	7.4	9.7	1.055
1691	6.4	9.7	1.007
1692	5.5	9.7	0.976
1693	5.1	9.7	0.904
1694	4.6	9.7	0.794
1695	4.2	9.7	0.724
1696	4.0	9.7	0.676
1697	4.1	9.7	0.702
1698	4.7	9.7	0.871
1699	5.0	9.6	0.972
1700	5.0	9.6	1.202
1701	5.1	9.6	1.235
1702	5.4	9.6	1.152
1703	5.5	9.6	0.693
1704	5.7	9.6	0.434
1705	4.0	9.6	0.301
1706	4.0	9.6	0.162
1707	3.8	9.6	0.064
1708	3.7	9.6	0.046
1709	3.4	9.6	0.138
1710	3.6	9.6	0.347
1711	3.5	9.6	0.937
1712	5.1	9.6	1.002
1713	4.7	9.6	1.007
1714	4.5	9.6	1.055
1715	4.1	9.6	1.007
1716	3.8	9.6	0.976
1717	3.3	9.6	0.904
1718	3.2	9.6	0.794
1719	2.8	9.6	0.724
1720	2.5	9.6	0.676
1721	3.0	9.6	0.702
1722	3.4	9.6	0.871
1723	3.9	9.6	0.972
1724	4.3	9.6	1.202
1725	4.6	9.6	1.235
1726	4.7	9.6	1.152
1727	4.6	9.6	0.693
1728	4.7	9.6	0.434
1729	2.7	9.6	0.301
1730	2.7	9.6	0.162
1731	2.8	9.6	0.064
1732	2.8	9.6	0.046
1733	3.0	9.6	0.138
1734	3.3	9.6	0.347
1735	3.4	9.6	0.937
1736	5.2	9.6	1.002
1737	4.6	9.6	1.007
1738	4.4	9.6	1.055
1739	3.8	9.6	1.007
1740	3.8	9.6	0.976
1741	3.5	9.6	0.904
1742	3.0	9.6	0.794
1743	3.0	9.6	0.724
1744	3.2	9.6	0.676
1745	3.3	9.5	0.702
1746	3.5	9.5	0.871
1747	3.8	9.5	0.972
1748	4.4	9.5	1.202
1749	4.6	9.5	1.235
1750	5.2	9.5	1.152
1751	5.1	9.5	0.693
1752	5.4	9.5	0.434
1753	3.8	9.5	0.301
1754	4.0	9.5	0.162
1755	4.2	9.5	0.064
1756	4.1	9.5	0.046
1757	4.4	9.5	0.138
1758	4.3	9.5	0.347
1759	4.4	9.5	0.937
1760	6.4	9.5	1.002
1761	6.4	9.5	1.007
1762	5.9	9.5	1.055
1763	5.2	9.5	1.007
1764	4.9	9.5	0.976
1765	4.3	9.5	0.904
1766	4.2	9.5	0.794
1767	3.7	9.5	0.724
1768	3.7	9.5	0.676
1769	4.2	9.5	0.702
1770	4.7	9.5	0.871
1771	5.4	9.5	0.972
1772	6.0	9.5	1.202
1773	6.3	9.5	1.235
1774	7.0	9.5	1.152
1775	7.4	9.5	0.693
1776	8.0	9.5	0.434
1777	6.5	9.5	0.301
1778	6.4	9.5	0.162
1779	6.3	9.5	0.064
1780	6.3	9.5	0.046
1781	6.4	9.4	0.138
1782	6.3	9.4	0.347
1783	6.3	9.4	0.937
1784	8.0	9.4	1.002
1785	8.0	9.4	1.007
1786	7.7	9.4	1.055
1787	7.1	9.4	1.007
1788	6.9	9.4	0.976
1789	6.6	9.4	0.904
1790	6.4	9.4	0.794
1791	6.2	9.4	0.724
1792	6.3	9.4	0.676
1793	6.5	9.4	0.702
1794	6.5	9.4	0.871
1795	6.8	9.4	0.972
1796	6.9	9.4	1.202
1797	7.2	9.4	1.235
1798	7.5	9.4	1.152
1799	7.7	9.4	0.693
1800	7.8	9.4	0.434
1801	6.3	9.4	0.301
1802	6.2	9.4	0.162
1803	6.1	9.4	0.064
1804	5.7	9.4	0.046
1805	6.0	9.3	0.138
1806	5.5	9.3	0.347
1807	5.2	9.3	0.937
1808	6.5	9.3	1.002
1809	6.1	9.3	1.007
1810	5.8	9.3	1.055
1811	5.6	9.3	1.007
1812	5.0	9.3	0.976
1813	4.5	9.3	0.904
1814	4.0	9.3	0.794
1815	3.9	9.3	0.724
1816	4.1	9.3	0.676
1817	4.0	9.3	0.702
1818	4.5	9.3	0.871
1819	4.7	9.3	0.972
1820	4.8	9.3	1.202
1821	4.8	9.3	1.235
1822	4.6	9.3	1.152
1823	4.6	9.3	0.693
1824	4.8	9.3	0.434
1825	2.9	9.3	0.301
1826	2.7	9.3	0.162
1827	3.0	9.3	0.064
1828	2.9	9.3	0.046
1829	2.8	9.3	0.138
1830	3.0	9.3	0.347
1831	2.8	9.3	0.937
1832	4.3	9.3	1.002
1833	4.2	9.3	1.007
1834	4.1	9.3	1.055
1835	3.6	9.2	1.007
1836	3.1	9.2	0.976
1837	2.8	9.2	0.904
1838	2.3	9.2	0.794
1839	1.9	9.2	0.724
1840	1.9	9.2	0.676
1841	2.1	9.2	0.702
1842	2.6	9.2	0.871
1843	3.0	9.2	0.972
1844	3.4	9.2	1.202
1845	3.5	9.2	1.235
1846	3.6	9.2	1.152
1847	3.8	9.2	0.693
1848	4.4	9.2	0.434
1849	2.6	9.2	0.301
1850	2.7	9.2	0.162
1851	3.0	9.2	0.064
1852	3.2	9.2	0.046
1853	3.1	9.2	0.138
1854	3.3	9.2	0.347
1855	3.5	9.2	0.937
1856	5.3	9.2	1.002
1857	4.9	9.2	1.007
1858	4.3	9.2	1.055
1859	3.8	9.2	1.007
1860	3.6	9.2	0.976
1861	3.4	9.2	0.904
1862	3.1	9.2	0.794
1863	3.2	9.2	0.724
1864	3.5	9.2	0.676
1865	3.8	9.2	0.702
1866	4.2	9.1	0.871
1867	5.0	9.1	0.972
1868	5.5	9.1	1.202
1869	5.7	9.1	1.235
1870	6.3	9.1	1.152
1871	6.8	9.1	0.693
1872	7.2	9.1	0.434
1873	5.5	9.1	0.301
1874	5.7	9.1	0.162
1875	5.8	9.1	0.064
1876	5.8	9.1	0.046
1877	5.6	9.1	0.138
1878	5.6	9.1	0.347
1879	5.6	9.1	0.937
1880	7.2	9.1	1.002
1881	6.9	9.1	1.007
1882	6.4	9.1	1.055
1883	5.8	9.1	1.007
1884	5.4	9.1	0.976
1885	5.2	9.1	0.904
1886	4.7	9.1	0.794
1887	4.7	9.1	0.724
1888	4.6	9.1	0.676
1889	4.8	9.1	0.702
1890	5.0	9.1	0.871
1891	5.5	9.1	0.972
1892	5.8	9.1	1.202
1893	5.7	9.1	1.235
1894	5.9	9.0	1.152
1895	6.2	9.0	0.693
1896	6.4	9.0	0.434
1897	4.6	9.0	0.301
1898	4.6	9.0	0.162
1899	5.0	9.0	0.064
1900	5.1	9.0	0.046
1901	5.2	9.0	0.138
1902	4.9	9.0	0.347
1903	4.9	9.0	0.937
1904	7.0	9.0	1.002
1905	6.4	9.0	1.007
1906	5.7	9.0	1.055
1907	5.1	9.0	1.007
1908	4.4	9.0	0.976
1909	3.9	9.0	0.904
1910	3.6	9.0	0.794
1911	3.7	9.0	0.724
1912	3.8	9.0	0.676
1913	3.9	9.0	0.702
1914	4.4	9.0	0.871
1915	4.8	9.0	0.972
1916	5.0	9.0	1.202
1917	5.2	9.0	1.235
1918	5.2	9.0	1.152
1919	5.4	9.0	0.693
1920	5.9	9.0	0.434
1921	4.2	9.0	0.301
1922	4.7	9.0	0.162
1923	5.3	9.0	0.064
1924	5.6	9.0	0.046
1925	5.8	9.0	0.138
1926	6.0	9.0	0.347
1927	6.0	9.0	0.937
1928	7.6	9.0	1.002
1929	7.7	9.0	1.007
1930	7.5	9.0	1.055
1931	7.0	9.0	1.007
1932	6.6	8.9	0.976
1933	6.4	8.9	0.904
1934	6.5	8.9	0.794
1935	6.5	8.9	0.724
1936	6.5	8.9	0.676
1937	6.7	8.9	0.702
1938	7.4	8.9	0.871
1939	7.9	8.9	0.972
1940	8.2	8.9	1.202
1941	8.7	8.9	1.235
1942	8.8	8.9	1.152
1943	9.2	8.9	0.693
1944	9.7	8.9	0.434
1945	8.1	8.9	0.301
1946	8.2	8.9	0.162
1947	8.2	8.9	0.064
1948	8.3	8.9	0.046
1949	8.2	8.9	0.138
1950	8.1	8.9	0.347
1951	8.2	8.9	0.937
1952	9.7	8.9	1.002
1953	9.0	8.9	1.007
1954	8.2	8.9	1.055
1955	7.3	8.9	1.007
1956	6.5	8.9	0.976
1957	5.7	8.9	0.904
1958	5.6	8.9	0.794
1959	5.5	8.9	0.724
1960	5.6	8.9	0.676
1961	5.9	8.9	0.702
1962	6.7	8.9	0.871
1963	7.4	8.9	0.972
1964	7.9	8.9	1.202
1965	7.9	8.9	1.235
1966	8.0	8.9	1.152
1967	8.2	8.9	0.693
1968	8.4	8.9	0.434
1969	6.5	8.9	0.301
1970	7.0	8.9	0.162
1971	7.4	8.8	0.064
1972	7.4	8.8	0.046
1973	7.6	8.8	0.138
1974	7.6	8.8	0.347
1975	7.6	8.8	0.937
1976	9.4	8.8	1.002
1977	9.0	8.8	1.007
1978	8.6	8.8	1.055
1979	7.9	8.8	1.007
1980	7.3	8.8	0.976
1981	6.9	8.8	0.904
1982	6.8	8.8	0.794
1983	6.5	8.8	0.724
1984	6.8	8.8	0.676
1985	7.2	8.8	0.702
1986	7.9	8.8	0.871
1987	8.5	8.8	0.972
1988	8.9	8.8	1.202
1989	9.1	8.8	1.235
1990	9.5	8.8	1.152
1991	10.1	8.8	0.693
1992	10.2	8.8	0.434
1993	8.6	8.8	0.301
1994	8.5	8.8	0.162
1995	8.5	8.8	0.064
1996	8.7	8.8	0.046
1997	8.5	8.8	0.138
1998	8.5	8.8	0.347
1999	8.5	8.8	0.937
2000	9.9	8.8	1.002
2001	9.7	8.8	1.007
2002	9.0	8.8	1.055
2003	8.1	8.8	1.007
2004	7.4	8.8	0.976
2005	6.8	8.8	0.904
2006	6.2	8.8	0.794
2007	6.0	8.7	0.724
2008	5.7	8.7	0.676
2009	5.6	8.7	0.702
2010	6.1	8.7	0.871
2011	6.4	8.7	0.972
2012	6.2	8.7	1.202
2013	6.4	8.7	1.235
2014	6.4	8.7	1.152
2015	6.6	8.7	0.693
2016	6.9	8.7	0.434
2017	5.3	8.7	0.301
2018	5.3	8.7	0.162
2019	5.1	8.7	0.064
2020	5.1	8.7	0.046
2021	5.3	8.7	0.138
2022	5.4	8.7	0.347
2023	5.0	8.7	0.937
2024	6.6	8.7	1.002
2025	6.1	8.7	1.007
2026	5.9	8.7	1.055
2027	5.6	8.7	1.007
2028	5.2	8.7	0.976
2029	5.1	8.7	0.904
2030	5.0	8.7	0.794
2031	5.0	8.7	0.724
2032	4.8	8.7	0.676
2033	4.8	8.7	0.702
2034	4.9	8.7	0.871
2035	5.1	8.7	0.972
2036	4.9	8.7	1.202
2037	5.2	8.7	1.235
2038	5.6	8.7	1.152
2039	5.5	8.7	0.693
2040	6.0	8.7	0.434
2041	4.1	8.6	0.301
2042	4.2	8.6	0.162
2043	4.2	8.6	0.064
2044	4.4	8.6	0.046
2045	4.5	8.6	0.138
2046	4.7	8.6	0.347
2047	4.9	8.6	0.937
2048	6.5	8.6	1.002
2049	6.0	8.6	1.007
2050	5.6	8.6	1.055
2051	5.3	8.6	1.007
2052	5.0	8.6	0.976
2053	4.3	8.6	0.904
2054	4.2	8.6	0.794
2055	4.0	8.6	0.724
2056	3.6	8.6	0.676
2057	3.7	8.6	0.702
2058	4.0	8.6	0.871
2059	4.4	8.6	0.972
2060	4.7	8.6	1.202
2061	4.8	8.6	1.235
2062	5.4	8.6	1.152
2063	5.4	8.6	0.693
2064	5.7	8.6	0.434
2065	4.0	8.6	0.301
2066	4.1	8.6	0.162
2067	3.8	8.6	0.064
2068	3.7	8.6	0.046
2069	3.7	8.6	0.138
2070	3.7	8.6	0.347
2071	3.6	8.6	0.937
2072	5.6	8.6	1.002
2073	5.0	8.6	1.007
2074	4.4	8.6	1.055
2075	3.8	8.6	1.007
2076	3.3	8.5	0.976
2077	3.1	8.5	0.904
2078	2.9	8.5	0.794
2079	2.8	8.5	0.724
2080	3.2	8.5	0.676
2081	3.7	8.5	0.702
2082	4.2	8.5	0.871
2083	4.8	8.5	0.972
2084	5.3	8.5	1.202
2085	5.7	8.5	1.235
2086	6.2	8.5	1.152
2087	6.6	8.5	0.693
2088	6.7	8.5	0.434
2089	5.2	8.5	0.301
2090	5.1	8.5	0.162
2091	5.2	8.5	0.064
2092	5.2	8.5	0.046
2093	5.2	8.5	0.138
2094	5.3	8.5	0.347
2095	5.3	8.5	0.937
2096	6.7	8.5	1.002
2097	6.0	8.5	1.007
2098	5.4	8.5	1.055
2099	4.6	8.5	1.007
2100	3.8	8.5	0.976
2101	3.1	8.5	0.904
2102	2.7	8.5	0.794
2103	2.5	8.5	0.724
2104	2.5	8.5	0.676
2105	3.0	8.5	0.702
2106	3.5	8.5	0.871
2107	4.0	8.5	0.972
2108	4.4	8.5	1.202
2109	4.6	8.5	1.235
2110	4.9	8.5	1.152
2111	5.1	8.5	0.693
2112	5.3	8.4	0.434
2113	4.0	8.4	0.301
2114	4.5	8.4	0.162
2115	4.3	8.4	0.064
2116	4.5	8.4	0.046
2117	4.5	8.4	0.138
2118	4.1	8.4	0.347
2119	4.0	8.4	0.937
2120	5.7	8.4	1.002
2121	5.4	8.4	1.007
2122	5.4	8.4	1.055
2123	5.1	8.4	1.007
2124	4.1	8.4	0.976
2125	3.5	8.4	0.904
2126	3.2	8.4	0.794
2127	2.7	8.4	0.724
2128	2.6	8.4	0.676
2129	2.8	8.4	0.702
2130	3.2	8.4	0.871
2131	3.9	8.4	0.972
2132	4.1	8.4	1.202
2133	4.2	8.4	1.235
2134	4.3	8.4	1.152
2135	4.8	8.4	0.693
2136	5.0	8.4	0.434
2137	3.5	8.4	0.301
2138	3.4	8.4	0.162
2139	3.6	8.4	0.064
2140	3.8	8.4	0.046
2141	3.8	8.4	0.138
2142	4.1	8.4	0.347
2143	3.8	8.4	0.937
2144	5.4	8.4	1.002
2145	5.2	8.4	1.007
2146	4.7	8.4	1.055
2147	3.8	8.4	1.007
2148	3.2	8.4	0.976
2149	2.4	8.4	0.904
2150	2.0	8.4	0.794
2151	1.5	8.4	0.724
2152	1.8	8.4	0.676
2153	2.0	8.4	0.702
2154	2.4	8.3	0.871
2155	3.0	8.3	0.972
2156	3.4	8.3	1.202
2157	3.6	8.3	1.235
2158	4.1	8.3	1.152
2159	4.2	8.3	0.693
2160	4.4	8.3	0.434
2161	1.6	8.3	0.301
2162	1.6	8.3	0.162
2163	1.7	8.3	0.064
2164	1.7	8.3	0.046
2165	1.7	8.3	0.138
2166	1.7	8.3	0.347
2167	1.7	8.3	0.937
2168	2.6	8.3	1.002
2169	2.5	8.3	1.007
2170	2.3	8.3	1.055
2171	2.0	8.3	1.007
2172	1.9	8.3	0.976
2173	2.0	8.3	0.904
2174	2.1	8.3	0.794
2175	2.2	8.3	0.724
2176	2.3	8.3	0.676
2177	2.3	8.3	0.702
2178	2.5	8.3	0.871
2179	2.6	8.3	0.972
2180	2.7	8.3	1.202
2181	2.8	8.3	1.235
2182	2.9	8.3	1.152
2183	3.0	8.3	0.693
2184	3.1	8.3	0.434
2185	2.1	8.3	0.301
2186	2.2	8.3	0.162
2187	2.2	8.3	0.064
2188	2.2	8.3	0.046
2189	2.3	8.2	0.138
2190	2.2	8.2	0.347
2191	2.2	8.2	0.937
2192	3.0	8.2	1.002
2193	2.8	8.2	1.007
2194	2.5	8.2	1.055
2195	2.3	8.2	1.007
2196	2.1	8.2	0.976
2197	2.0	8.2	0.904
2198	2.0	8.2	0.794
2199	1.9	8.2	0.724
2200	1.8	8.2	0.676
2201	1.8	8.2	0.702
2202	1.9	8.2	0.871
2203	2.1	8.2	0.972
2204	2.3	8.2	1.202
2205	2.5	8.2	1.235
2206	2.4	8.2	1.152
2207	2.4	8.2	0.693
2208	2.5	8.2	0.434
2209	1.5	8.2	0.301
2210	1.6	8.2	0.162
2211	1.6	8.2	0.064
2212	1.5	8.2	0.046
2213	1.4	8.2	0.138
2214	1.3	8.2	0.347
2215	1.2	8.2	0.937
2216	1.9	8.2	1.002
2217	1.6	8.2	1.007
2218	1.4	8.2	1.055
2219	1.2	8.2	1.007
2220	0.9	8.2	0.976
2221	0.8	8.2	0.904
2222	0.6	8.2	0.794
2223	0.4	8.2	0.724
2224	0.3	8.2	0.676
2225	0.2	8.2	0.702
2226	0.4	8.2	0.871
2227	0.5	8.1	0.972
2228	0.7	8.1	1.202
2229	0.8	8.1	1.235
2230	0.8	8.1	1.152
2231	1.0	8.1	0.693
2232	1.0	8.1	0.434
2233	0.0	8.1	0.301
2234	0.0	8.1	0.162
2235	0.0	8.1	0.064
2236	0.0	8.1	0.046
2237	0.0	8.1	0.138
2238	0.0	8.1	0.347
2239	0.0	8.1	0.937
2240	0.0	8.1	1.002
2241	0.0	8.1	1.007
2242	0.0	8.1	1.055
2243	0.0	8.1	1.007
2244	0.0	8.1	0.976
2245	0.0	8.1	0.904
2246	0.0	8.1	0.794
2247	0.0	8.1	0.724
2248	0.0	8.1	0.676
2249	0.0	8.1	0.702
2250	0.0	8.1	0.871
2251	0.0	8.1	0.972
2252	0.0	8.1	1.202
2253	0.0	8.1	1.235
2254	0.0	8.1	1.152
2255	0.0	8.1	0.693
2256	0.0	8.1	0.434
2257	0.6	8.1	0.301
2258	0.7	8.1	0.162
2259	0.7	8.1	0.064
2260	0.9	8.1	0.046
2261	0.8	8.1	0.138
2262	0.8	8.1	0.347
2263	0.7	8.1	0.937
2264	1.5	8.1	1.002
2265	1.3	8.1	1.007
2266	1.2	8.1	1.055
2267	0.9	8.1	1.007
2268	0.5	8.1	0.976
2269	0.3	8.1	0.904
2270	0.2	8.1	0.794
2271	0.1	8.1	0.724
2272	0.1	8.1	0.676
2273	0.1	8.1	0.702
2274	0.2	8.1	0.871
2275	0.4	8.1	0.972
2276	0.7	8.0	1.202
2277	0.8	8.0	1.235
2278	1.0	8.0	1.152
2279	1.2	8.0	0.693
2280	1.5	8.0	0.434
2281	0.6	8.0	0.301
2282	0.7	8.0	0.162
2283	0.7	8.0	0.064
2284	0.8	8.0	0.046
2285	0.9	8.0	0.138
2286	1.1	8.0	0.347
2287	1.0	8.0	0.937
2288	1.7	8.0	1.002
2289	1.5	8.0	1.007
2290	1.1	8.0	1.055
2291	0.7	8.0	1.007
2292	0.4	8.0	0.976
2293	0.1	8.0	0.904
2294	0.0	8.0	0.794
2295	0.0	8.0	0.724
2296	0.0	8.0	0.676
2297	0.1	8.0	0.702
2298	0.3	8.0	0.871
2299	0.6	7.9	0.972
2300	0.8	7.9	1.202
2301	1.0	7.9	1.235
2302	1.4	7.9	1.152
2303	1.6	7.9	0.693
2304	1.7	7.9	0.434
2305	0.9	7.9	0.301
2306	1.2	7.9	0.162
2307	1.3	7.9	0.064
2308	1.4	7.9	0.046
2309	1.6	7.9	0.138
2310	1.6	7.9	0.347
2311	1.7	7.9	0.937
2312	2.5	7.9	1.002
2313	2.4	7.9	1.007
2314	2.2	7.9	1.055
2315	2.0	7.9	1.007
2316	1.8	7.9	0.976
2317	1.7	7.9	0.904
2318	1.6	7.9	0.794
2319	1.4	7.9	0.724
2320	1.4	7.9	0.676
2321	1.6	7.9	0.702
2322	1.7	7.9	0.871
2323	2.1	7.9	0.972
2324	2.3	7.9	1.202
2325	2.5	7.9	1.235
2326	2.7	7.9	1.152
2327	2.8	7.9	0.693
2328	2.8	7.9	0.434
2329	2.1	7.9	0.301
2330	2.1	7.9	0.162
2331	2.3	7.9	0.064
2332	2.5	7.9	0.046
2333	2.4	7.9	0.138
2334	2.3	7.9	0.347
2335	2.2	7.9	0.937
2336	2.9	7.9	1.002
2337	2.7	7.9	1.007
2338	2.2	7.8	1.055
2339	1.9	7.8	1.007
2340	1.7	7.8	0.976
2341	1.5	7.8	0.904
2342	1.4	7.8	0.794
2343	1.2	7.8	0.724
2344	1.2	7.8	0.676
2345	1.1	7.8	0.702
2346	1.3	7.8	0.871
2347	1.5	7.8	0.972
2348	1.7	7.8	1.202
2349	1.7	7.8	1.235
2350	1.7	7.8	1.152
2351	1.6	7.8	0.693
2352	1.7	7.8	0.434
2353	0.7	7.8	0.301
2354	0.8	7.8	0.162
2355	1.0	7.8	0.064
2356	1.0	7.8	0.046
2357	1.1	7.8	0.138
2358	1.1	7.8	0.347
2359	1.1	7.8	0.937
2360	1.9	7.8	1.002
2361	1.7	7.8	1.007
2362	1.2	7.8	1.055
2363	0.8	7.8	1.007
2364	0.6	7.8	0.976
2365	0.5	7.8	0.904
2366	0.3	7.7	0.794
2367	0.2	7.7	0.724
2368	0.1	7.7	0.676
2369	0.2	7.7	0.702
2370	0.4	7.7	0.871
2371	0.7	7.7	0.972
2372	1.1	7.7	1.202
2373	1.5	7.7	1.235
2374	1.7	7.7	1.152
2375	1.9	7.7	0.693
2376	2.1	7.7	0.434
2377	1.3	7.7	0.301
2378	1.5	7.7	0.162
2379	1.5	7.7	0.064
2380	1.5	7.7	0.046
2381	1.4	7.7	0.138
2382	1.3	7.7	0.347
2383	1.2	7.7	0.937
2384	2.0	7.7	1.002
2385	1.6	7.7	1.007
2386	1.3	7.7	1.055
2387	0.9	7.7	1.007
2388	0.7	7.7	0.976
2389	0.6	7.7	0.904
2390	0.5	7.7	0.794
2391	0.2	7.7	0.724
2392	0.1	7.7	0.676
2393	0.1	7.7	0.702
2394	0.2	7.7	0.871
2395	0.5	7.7	0.972
2396	0.9	7.7	1.202
2397	1.1	7.7	1.235
2398	1.4	7.7	1.152
2399	1.5	7.7	0.693
2400	1.6	7.7	0.434
2401	0.8	7.7	0.301
2402	0.9	7.7	0.162
2403	0.9	7.7	0.064
2404	0.9	7.7	0.046
2405	1.1	7.7	0.138
2406	1.1	7.7	0.347
2407	1.2	7.7	0.937
2408	2.0	7.6	1.002
2409	1.8	7.6	1.007
2410	1.6	7.6	1.055
2411	1.3	7.6	1.007
2412	1.2	7.6	0.976
2413	1.0	7.6	0.904
2414	0.8	7.6	0.794
2415	0.7	7.6	0.724
2416	0.7	7.6	0.676
2417	0.8	7.6	0.702
2418	1.0	7.6	0.871
2419	1.2	7.6	0.972
2420	1.4	7.6	1.202
2421	1.6	7.6	1.235
2422	2.0	7.6	1.152
2423	2.1	7.6	0.693
2424	2.3	7.6	0.434
2425	1.5	7.6	0.301
2426	1.6	7.6	0.162
2427	1.6	7.6	0.064
2428	1.6	7.6	0.046
2429	1.6	7.6	0.138
2430	1.6	7.6	0.347
2431	1.5	7.6	0.937
2432	2.1	7.6	1.002
2433	1.8	7.6	1.007
2434	1.3	7.6	1.055
2435	0.9	7.6	1.007
2436	0.6	7.6	0.976
2437	0.4	7.6	0.904
2438	0.1	7.6	0.794
2439	0.1	7.6	0.724
2440	0.1	7.6	0.676
2441	0.1	7.6	0.702
2442	0.2	7.6	0.871
2443	0.2	7.5	0.972
2444	0.5	7.5	1.202
2445	0.7	7.5	1.235
2446	0.8	7.5	1.152
2447	1.0	7.5	0.693
2448	1.2	7.5	0.434
2449	0.4	7.5	0.301
2450	0.4	7.5	0.162
2451	0.3	7.5	0.064
2452	0.4	7.5	0.046
2453	0.4	7.5	0.138
2454	0.5	7.5	0.347
2455	0.7	7.5	0.937
2456	1.5	7.5	1.002
2457	1.2	7.5	1.007
2458	1.0	7.5	1.055
2459	0.6	7.5	1.007
2460	0.3	7.5	0.976
2461	0.3	7.5	0.904
2462	0.2	7.5	0.794
2463	0.2	7.5	0.724
2464	0.2	7.5	0.676
2465	0.4	7.5	0.702
2466	0.4	7.5	0.871
2467	0.8	7.5	0.972
2468	1.1	7.5	1.202
2469	1.3	7.5	1.235
2470	1.4	7.5	1.152
2471	1.6	7.5	0.693
2472	1.8	7.5	0.434
2473	1.1	7.5	0.301
2474	1.3	7.5	0.162
2475	1.3	7.5	0.064
2476	1.3	7.5	0.046
2477	1.4	7.5	0.138
2478	1.5	7.5	0.347
2479	1.6	7.5	0.937
2480	2.4	7.5	1.002
2481	2.2	7.5	1.007
2482	1.9	7.5	1.055
2483	1.4	7.5	1.007
2484	1.1	7.5	0.976
2485	0.9	7.5	0.904
2486	0.8	7.5	0.794
2487	0.7	7.5	0.724
2488	0.6	7.5	0.676
2489	0.8	7.5	0.702
2490	1.2	7.5	0.871
2491	1.5	7.5	0.972
2492	1.7	7.5	1.202
2493	2.2	7.5	1.235
2494	2.4	7.5	1.152
2495	2.7	7.5	0.693
2496	2.9	7.5	0.434
2497	2.1	7.5	0.301
2498	2.3	7.5	0.162
2499	2.6	7.4	0.064
2500	2.8	7.4	0.046
2501	3.0	7.4	0.138
2502	2.9	7.4	0.347
2503	2.9	7.4	0.937
2504	3.7	7.4	1.002
2505	3.5	7.4	1.007
2506	3.1	7.4	1.055
2507	2.7	7.4	1.007
2508	2.5	7.4	0.976
2509	2.3	7.4	0.904
2510	2.1	7.4	0.794
2511	2.0	7.4	0.724
2512	2.0	7.4	0.676
2513	2.0	7.4	0.702
2514	2.3	7.4	0.871
2515	2.7	7.4	0.972
2516	3.0	7.4	1.202
2517	3.2	7.4	1.235
2518	3.4	7.4	1.152
2519	3.7	7.4	0.693
2520	3.8	7.4	0.434
2521	3.1	7.4	0.301
2522	3.2	7.4	0.162
2523	3.3	7.4	0.064
2524	3.5	7.4	0.046
2525	3.7	7.4	0.138
2526	3.8	7.4	0.347
2527	3.7	7.4	0.937
2528	4.4	7.4	1.002
2529	4.2	7.4	1.007
2530	3.7	7.4	1.055
2531	3.4	7.4	1.007
2532	3.1	7.4	0.976
2533	2.8	7.4	0.904
2534	2.8	7.4	0.794
2535	2.8	7.4	0.724
2536	2.7	7.4	0.676
2537	2.8	7.4	0.702
2538	3.0	7.4	0.871
2539	3.3	7.4	0.972
2540	3.7	7.4	1.202
2541	3.9	7.4	1.235
2542	4.2	7.3	1.152
2543	4.4	7.3	0.693
2544	4.4	7.3	0.434
2545	3.6	7.3	0.301
2546	3.8	7.3	0.162
2547	3.8	7.3	0.064
2548	3.9	7.3	0.046
2549	3.9	7.3	0.138
2550	4.0	7.3	0.347
2551	3.9	7.3	0.937
2552	4.6	7.3	1.002
2553	4.4	7.3	1.007
2554	3.9	7.3	1.055
2555	3.6	7.3	1.007
2556	3.2	7.3	0.976
2557	2.8	7.3	0.904
2558	2.6	7.3	0.794
2559	2.4	7.3	0.724
2560	2.4	7.3	0.676
2561	2.6	7.3	0.702
2562	2.9	7.3	0.871
2563	3.2	7.3	0.972
2564	3.5	7.3	1.202
2565	3.7	7.3	1.235
2566	4.0	7.3	1.152
2567	4.3	7.3	0.693
2568	4.5	7.3	0.434
2569	3.8	7.2	0.301
2570	3.8	7.2	0.162
2571	3.9	7.2	0.064
2572	3.8	7.2	0.046
2573	3.6	7.2	0.138
2574	3.6	7.2	0.347
2575	3.5	7.2	0.937
2576	4.2	7.2	1.002
2577	4.0	7.2	1.007
2578	3.7	7.2	1.055
2579	3.1	7.2	1.007
2580	2.6	7.2	0.976
2581	2.2	7.2	0.904
2582	2.1	7.2	0.794
2583	1.9	7.2	0.724
2584	1.7	7.2	0.676
2585	1.7	7.2	0.702
2586	2.0	7.2	0.871
2587	2.2	7.2	0.972
2588	2.3	7.2	1.202
2589	2.5	7.2	1.235
2590	2.5	7.2	1.152
2591	2.5	7.2	0.693
2592	2.6	7.2	0.434
2593	1.8	7.2	0.301
2594	1.7	7.2	0.162
2595	1.8	7.2	0.064
2596	1.7	7.2	0.046
2597	1.8	7.2	0.138
2598	2.0	7.2	0.347
2599	2.0	7.2	0.937
2600	2.8	7.2	1.002
2601	2.6	7.2	1.007
2602	2.2	7.2	1.055
2603	1.8	7.2	1.007
2604	1.6	7.2	0.976
2605	1.3	7.2	0.904
2606	1.2	7.2	0.794
2607	1.1	7.2	0.724
2608	1.1	7.2	0.676
2609	1.2	7.1	0.702
2610	1.4	7.1	0.871
2611	1.7	7.1	0.972
2612	2.0	7.1	1.202
2613	2.2	7.1	1.235
2614	2.5	7.1	1.152
2615	2.6	7.1	0.693
2616	2.8	7.1	0.434
2617	2.2	7.1	0.301
2618	2.1	7.1	0.162
2619	2.0	7.1	0.064
2620	2.0	7.1	0.046
2621	2.1	7.1	0.138
2622	2.2	7.1	0.347
2623	2.2	7.1	0.937
2624	2.9	7.1	1.002
2625	2.8	7.1	1.007
2626	2.7	7.1	1.055
2627	2.4	7.1	1.007
2628	2.2	7.1	0.976
2629	2.4	7.1	0.904
2630	2.4	7.1	0.794
2631	2.3	7.1	0.724
2632	2.3	7.1	0.676
2633	2.3	7.1	0.702
2634	2.6	7.0	0.871
2635	2.8	7.0	0.972
2636	2.9	7.0	1.202
2637	3.1	7.0	1.235
2638	3.2	7.0	1.152
2639	3.4	7.0	0.693
2640	3.5	7.0	0.434
2641	2.7	7.0	0.301
2642	2.8	7.0	0.162
2643	2.9	7.0	0.064
2644	2.9	7.0	0.046
2645	2.8	7.0	0.138
2646	3.0	7.0	0.347
2647	2.9	7.0	0.937
2648	3.8	7.0	1.002
2649	3.5	7.0	1.007
2650	3.2	7.0	1.055
2651	2.9	7.0	1.007
2652	2.8	7.0	0.976
2653	2.7	7.0	0.904
2654	2.6	7.0	0.794
2655	2.7	7.0	0.724
2656	2.7	7.0	0.676
2657	2.7	7.0	0.702
2658	2.8	6.9	0.871
2659	2.9	6.9	0.972
2660	3.0	6.9	1.202
2661	3.1	6.9	1.235
2662	3.3	6.9	1.152
2663	3.7	6.9	0.693
2664	3.8	6.9	0.434
2665	2.9	6.9	0.301
2666	2.9	6.9	0.162
2667	3.0	6.9	0.064
2668	3.0	6.9	0.046
2669	3.0	6.9	0.138
2670	3.1	6.9	0.347
2671	3.2	6.9	0.937
2672	4.1	6.9	1.002
2673	3.9	6.9	1.007
2674	3.7	6.9	1.055
2675	3.5	6.9	1.007
2676	3.4	6.9	0.976
2677	3.5	6.9	0.904
2678	3.6	6.9	0.794
2679	3.5	6.9	0.724
2680	3.4	6.9	0.676
2681	3.4	6.9	0.702
2682	3.6	6.9	0.871
2683	3.8	6.9	0.972
2684	4.1	6.9	1.202
2685	4.1	6.9	1.235
2686	4.1	6.8	1.152
2687	4.3	6.8	0.693
2688	4.5	6.8	0.434
2689	3.7	6.8	0.301
2690	3.9	6.8	0.162
2691	4.0	6.8	0.064
2692	4.0	6.8	0.046
2693	3.9	6.8	0.138
2694	3.9	6.8	0.347
2695	3.8	6.8	0.937
2696	4.6	6.8	1.002
2697	4.3	6.8	1.007
2698	3.9	6.8	1.055
2699	3.4	6.8	1.007
2700	3.2	6.8	0.976
2701	3.0	6.8	0.904
2702	2.9	6.8	0.794
2703	2.8	6.8	0.724
2704	2.8	6.8	0.676
2705	2.8	6.8	0.702
2706	2.9	6.8	0.871
2707	3.1	6.8	0.972
2708	3.2	6.8	1.202
2709	3.6	6.8	1.235
2710	3.7	6.8	1.152
2711	3.7	6.7	0.693
2712	3.9	6.7	0.434
2713	3.0	6.7	0.301
2714	3.0	6.7	0.162
2715	3.0	6.7	0.064
2716	3.1	6.7	0.046
2717	3.1	6.7	0.138
2718	3.0	6.7	0.347
2719	2.9	6.7	0.937
2720	3.8	6.7	1.002
2721	3.7	6.7	1.007
2722	3.6	6.7	1.055
2723	3.4	6.7	1.007
2724	3.1	6.7	0.976
2725	2.9	6.7	0.904
2726	2.8	6.7	0.794
2727	2.8	6.7	0.724
2728	2.8	6.7	0.676
2729	3.0	6.7	0.702
2730	3.3	6.7	0.871
2731	3.5	6.7	0.972
2732	3.7	6.7	1.202
2733	3.8	6.7	1.235
2734	4.0	6.7	1.152
2735	4.3	6.7	0.693
2736	4.5	6.7	0.434
2737	3.6	6.7	0.301
2738	3.5	6.7	0.162
2739	3.5	6.7	0.064
2740	3.5	6.7	0.046
2741	3.4	6.7	0.138
2742	3.4	6.7	0.347
2743	3.4	6.7	0.937
2744	4.2	6.7	1.002
2745	4.0	6.6	1.007
2746	3.8	6.6	1.055
2747	3.4	6.6	1.007
2748	3.1	6.6	0.976
2749	2.9	6.6	0.904
2750	2.7	6.6	0.794
2751	2.5	6.6	0.724
2752	2.5	6.6	0.676
2753	2.4	6.6	0.702
2754	2.6	6.6	0.871
2755	2.9	6.6	0.972
2756	3.0	6.6	1.202
2757	3.2	6.6	1.235
2758	3.3	6.6	1.152
2759	3.4	6.6	0.693
2760	3.5	6.6	0.434
2761	2.6	6.6	0.301
2762	2.6	6.6	0.162
2763	2.6	6.6	0.064
2764	2.6	6.6	0.046
2765	2.6	6.6	0.138
2766	2.5	6.6	0.347
2767	2.4	6.6	0.937
2768	3.3	6.6	1.002
2769	3.2	6.6	1.007
2770	3.0	6.6	1.055
2771	3.0	6.6	1.007
2772	2.7	6.6	0.976
2773	2.8	6.6	0.904
2774	2.6	6.6	0.794
2775	2.6	6.6	0.724
2776	2.4	6.6	0.676
2777	2.3	6.6	0.702
2778	2.1	6.6	0.871
2779	2.2	6.6	0.972
2780	2.3	6.6	1.202
2781	2.1	6.6	1.235
2782	2.1	6.6	1.152
2783	2.1	6.6	0.693
2784	2.0	6.6	0.434
2785	1.1	6.6	0.301
2786	1.3	6.6	0.162
2787	1.4	6.5	0.064
2788	1.5	6.5	0.046
2789	1.7	6.5	0.138
2790	1.7	6.5	0.347
2791	1.7	6.5	0.937
2792	2.7	6.5	1.002
2793	2.7	6.5	1.007
2794	2.5	6.5	1.055
2795	2.5	6.5	1.007
2796	2.5	6.5	0.976
2797	2.6	6.5	0.904
2798	2.4	6.5	0.794
2799	2.4	6.5	0.724
2800	2.5	6.5	0.676
2801	2.5	6.5	0.702
2802	2.6	6.5	0.871
2803	2.7	6.5	0.972
2804	3.0	6.5	1.202
2805	3.2	6.5	1.235
2806	3.3	6.5	1.152
2807	3.4	6.5	0.693
2808	3.4	6.5	0.434
2809	2.6	6.5	0.301
2810	2.7	6.5	0.162
2811	2.6	6.5	0.064
2812	2.6	6.5	0.046
2813	2.6	6.5	0.138
2814	2.5	6.5	0.347
2815	2.6	6.5	0.937
2816	3.4	6.5	1.002
2817	3.1	6.5	1.007
2818	2.7	6.5	1.055
2819	2.3	6.5	1.007
2820	2.1	6.5	0.976
2821	1.9	6.5	0.904
2822	1.6	6.5	0.794
2823	1.4	6.5	0.724
2824	1.4	6.5	0.676
2825	1.5	6.5	0.702
2826	1.9	6.5	0.871
2827	2.2	6.5	0.972
2828	2.7	6.5	1.202
2829	2.9	6.4	1.235
2830	3.1	6.4	1.152
2831	3.2	6.4	0.693
2832	3.3	6.4	0.434
2833	2.6	6.4	0.301
2834	2.6	6.4	0.162
2835	2.7	6.4	0.064
2836	2.6	6.4	0.046
2837	2.6	6.4	0.138
2838	2.6	6.4	0.347
2839	2.5	6.4	0.937
2840	3.3	6.4	1.002
2841	3.2	6.4	1.007
2842	2.8	6.4	1.055
2843	2.3	6.4	1.007
2844	2.0	6.4	0.976
2845	1.9	6.4	0.904
2846	1.8	6.4	0.794
2847	1.7	6.4	0.724
2848	1.6	6.4	0.676
2849	1.6	6.4	0.702
2850	1.6	6.4	0.871
2851	1.8	6.4	0.972
2852	1.9	6.4	1.202
2853	2.1	6.4	1.235
2854	2.1	6.4	1.152
2855	2.1	6.4	0.693
2856	2.2	6.4	0.434
2857	1.3	6.4	0.301
2858	1.4	6.4	0.162
2859	1.4	6.4	0.064
2860	1.6	6.4	0.046
2861	1.6	6.4	0.138
2862	1.9	6.4	0.347
2863	1.8	6.4	0.937
2864	2.8	6.4	1.002
2865	2.7	6.4	1.007
2866	2.4	6.4	1.055
2867	2.2	6.4	1.007
2868	1.9	6.4	0.976
2869	1.8	6.4	0.904
2870	1.7	6.4	0.794
2871	1.7	6.4	0.724
2872	1.5	6.4	0.676
2873	1.5	6.4	0.702
2874	1.4	6.4	0.871
2875	1.6	6.4	0.972
2876	1.8	6.4	1.202
2877	1.9	6.4	1.235
2878	1.9	6.3	1.152
2879	1.9	6.3	0.693
2880	2.0	6.3	0.434
2881	0.0	6.3	0.301
2882	0.0	6.3	0.162
2883	0.0	6.3	0.064
2884	0.0	6.3	0.046
2885	0.0	6.3	0.138
2886	0.0	6.3	0.347
2887	0.0	6.3	0.937
2888	0.0	6.3	1.002
2889	0.0	6.3	1.007
2890	0.0	6.3	1.055
2891	0.0	6.3	1.007
2892	0.0	6.3	0.976
2893	0.0	6.3	0.904
2894	0.0	6.3	0.794
2895	0.0	6.3	0.724
2896	0.0	6.3	0.676
2897	0.0	6.3	0.702
2898	0.0	6.3	0.871
2899	0.0	6.3	0.972
2900	0.0	6.3	1.202
2901	0.0	6.3	1.235
2902	0.0	6.3	1.152
2903	0.0	6.3	0.693
2904	0.0	6.3	0.434
2905	0.0	6.3	0.301
2906	0.0	6.3	0.162
2907	0.0	6.3	0.064
2908	0.0	6.3	0.046
2909	0.0	6.3	0.138
2910	0.0	6.3	0.347
2911	0.0	6.3	0.937
2912	0.0	6.3	1.002
2913	0.0	6.3	1.007
2914	0.0	6.3	1.055
2915	0.0	6.3	1.007
2916	0.0	6.2	0.976
2917	0.0	6.2	0.904
2918	0.0	6.2	0.794
2919	0.0	6.2	0.724
2920	0.0	6.2	0.676
2921	0.0	6.2	0.702
2922	0.0	6.2	0.871
2923	0.0	6.2	0.972
2924	0.0	6.2	1.202
2925	0.0	6.2	1.235
2926	0.0	6.2	1.152
2927	0.0	6.2	0.693
2928	0.0	6.2	0.434
2929	0.0	6.2	0.301
2930	0.0	6.2	0.162
2931	0.0	6.2	0.064
2932	0.0	6.2	0.046
2933	0.0	6.2	0.138
2934	0.0	6.2	0.347
2935	0.0	6.2	0.937
2936	0.0	6.2	1.002
2937	0.0	6.2	1.007
2938	0.0	6.2	1.055
2939	0.0	6.2	1.007
2940	0.0	6.2	0.976
2941	0.0	6.2	0.904
2942	0.0	6.2	0.794
2943	0.0	6.2	0.724
2944	0.0	6.2	0.676
2945	0.0	6.2	0.702
2946	0.0	6.2	0.871
2947	0.0	6.2	0.972
2948	0.0	6.2	1.202
2949	0.0	6.2	1.235
2950	0.0	6.2	1.152
2951	0.0	6.1	0.693
2952	0.0	6.1	0.434
2953	0.0	6.1	0.301
2954	0.0	6.1	0.162
2955	0.0	6.1	0.064
2956	0.0	6.1	0.046
2957	0.0	6.1	0.138
2958	0.0	6.1	0.347
2959	0.0	6.1	0.937
2960	0.0	6.1	1.002
2961	0.0	6.1	1.007
2962	0.0	6.1	1.055
2963	0.0	6.1	1.007
2964	0.0	6.1	0.976
2965	0.0	6.1	0.904
2966	0.0	6.1	0.794
2967	0.0	6.1	0.724
2968	0.0	6.1	0.676
2969	0.0	6.1	0.702
2970	0.0	6.1	0.871
2971	0.0	6.1	0.972
2972	0.0	6.1	1.202
2973	0.0	6.1	1.235
2974	0.0	6.1	1.152
2975	0.0	6.0	0.693
2976	0.0	6.0	0.434
2977	0.0	6.0	0.301
2978	0.0	6.0	0.162
2979	0.0	6.0	0.064
2980	0.0	6.0	0.046
2981	0.0	6.0	0.138
2982	0.0	6.0	0.347
2983	0.0	6.0	0.937
2984	0.0	6.0	1.002
2985	0.0	6.0	1.007
2986	0.0	6.0	1.055
2987	0.0	6.0	1.007
2988	0.0	6.0	0.976
2989	0.0	6.0	0.904
2990	0.0	6.0	0.794
2991	0.0	6.0	0.724
2992	0.0	6.0	0.676
2993	0.0	6.0	0.702
2994	0.0	6.0	0.871
2995	0.0	6.0	0.972
2996	0.0	6.0	1.202
2997	0.0	6.0	1.235
2998	0.0	6.0	1.152
2999	0.0	6.0	0.693
3000	0.0	6.0	0.434
3001	0.0	6.0	0.301
3002	0.0	6.0	0.162
3003	0.0	6.0	0.064
3004	0.0	6.0	0.046
3005	0.0	6.0	0.138
3006	0.0	5.9	0.347
3007	0.0	5.9	0.937
3008	0.0	5.9	1.002
3009	0.0	5.9	1.007
3010	0.0	5.9	1.055
3011	0.0	5.9	1.007
3012	0.0	5.9	0.976
3013	0.0	5.9	0.904
3014	0.0	5.9	0.794
3015	0.0	5.9	0.724
3016	0.0	5.9	0.676
3017	0.0	5.9	0.702
3018	0.0	5.9	0.871
3019	0.0	5.9	0.972
3020	0.0	5.9	1.202
3021	0.0	5.9	1.235
3022	0.0	5.9	1.152
3023	0.0	5.9	0.693
3024	0.0	5.9	0.434
3025	0.0	5.9	0.301
3026	0.0	5.9	0.162
3027	0.0	5.9	0.064
3028	0.0	5.9	0.046
3029	0.0	5.9	0.138
3030	0.0	5.9	0.347
3031	0.0	5.9	0.937
3032	0.0	5.8	1.002
3033	0.0	5.8	1.007
3034	0.0	5.8	1.055
3035	0.0	5.8	1.007
3036	0.0	5.8	0.976
3037	0.0	5.8	0.904
3038	0.0	5.8	0.794
3039	0.0	5.8	0.724
3040	0.0	5.8	0.676
3041	0.0	5.8	0.702
3042	0.0	5.8	0.871
3043	0.0	5.8	0.972
3044	0.0	5.8	1.202
3045	0.0	5.8	1.235
3046	0.0	5.8	1.152
3047	0.0	5.8	0.693
3048	0.0	5.8	0.434
3049	0.0	5.8	0.301
3050	0.0	5.8	0.162
3051	0.0	5.8	0.064
3052	0.0	5.8	0.046
3053	0.0	5.8	0.138
3054	0.0	5.8	0.347
3055	0.0	5.8	0.937
3056	0.0	5.7	1.002
3057	0.0	5.7	1.007
3058	0.0	5.7	1.055
3059	0.0	5.7	1.007
3060	0.0	5.7	0.976
3061	0.0	5.7	0.904
3062	0.0	5.7	0.794
3063	0.0	5.7	0.724
3064	0.0	5.7	0.676
3065	0.0	5.7	0.702
3066	0.0	5.7	0.871
3067	0.0	5.7	0.972
3068	0.0	5.7	1.202
3069	0.0	5.7	1.235
3070	0.0	5.7	1.152
3071	0.0	5.7	0.693
3072	0.0	5.7	0.434
3073	0.0	5.7	0.301
3074	0.0	5.7	0.162
3075	0.0	5.7	0.064
3076	0.0	5.7	0.046
3077	0.0	5.7	0.138
3078	0.0	5.7	0.347
3079	0.0	5.7	0.937
3080	0.0	5.7	1.002
3081	0.0	5.7	1.007
3082	0.0	5.7	1.055
3083	0.0	5.7	1.007
3084	0.0	5.7	0.976
3085	0.0	5.7	0.904
3086	0.0	5.6	0.794
3087	0.0	5.6	0.724
3088	0.0	5.6	0.676
3089	0.0	5.6	0.702
3090	0.0	5.6	0.871
3091	0.0	5.6	0.972
3092	0.0	5.6	1.202
3093	0.0	5.6	1.235
3094	0.0	5.6	1.152
3095	0.0	5.6	0.693
3096	0.0	5.6	0.434
3097	0.0	5.6	0.301
3098	0.0	5.6	0.162
3099	0.0	5.6	0.064
3100	0.0	5.6	0.046
3101	0.0	5.6	0.138
3102	0.0	5.6	0.347
3103	0.0	5.6	0.937
3104	0.0	5.6	1.002
3105	0.0	5.6	1.007
3106	0.0	5.6	1.055
3107	0.0	5.6	1.007
3108	0.0	5.6	0.976
3109	0.0	5.6	0.904
3110	0.0	5.6	0.794
3111	0.0	5.6	0.724
3112	0.0	5.6	0.676
3113	0.0	5.6	0.702
3114	0.0	5.6	0.871
3115	0.0	5.6	0.972
3116	0.0	5.6	1.202
3117	0.0	5.6	1.235
3118	0.0	5.5	1.152
3119	0.0	5.5	0.693
3120	0.0	5.5	0.434
3121	0.0	5.5	0.301
3122	0.0	5.5	0.162
3123	0.0	5.5	0.064
3124	0.0	5.5	0.046
3125	0.0	5.5	0.138
3126	0.0	5.5	0.347
3127	0.0	5.5	0.937
3128	0.0	5.5	1.002
3129	0.0	5.5	1.007
3130	0.0	5.5	1.055
3131	0.0	5.5	1.007
3132	0.0	5.5	0.976
3133	0.0	5.5	0.904
3134	0.0	5.5	0.794
3135	0.0	5.5	0.724
3136	0.0	5.5	0.676
3137	0.0	5.5	0.702
3138	0.0	5.5	0.871
3139	0.0	5.5	0.972
3140	0.0	5.5	1.202
3141	0.0	5.5	1.235
3142	0.0	5.5	1.152
3143	0.0	5.5	0.693
3144	0.0	5.5	0.434
3145	0.0	5.5	0.301
3146	0.0	5.5	0.162
3147	0.0	5.4	0.064
3148	0.0	5.4	0.046
3149	0.0	5.4	0.138
3150	0.0	5.4	0.347
3151	0.0	5.4	0.937
3152	0.0	5.4	1.002
3153	0.0	5.4	1.007
3154	0.0	5.4	1.055
3155	0.0	5.4	1.007
3156	0.0	5.4	0.976
3157	0.0	5.4	0.904
3158	0.0	5.4	0.794
3159	0.0	5.4	0.724
3160	0.0	5.4	0.676
3161	0.0	5.4	0.702
3162	0.0	5.4	0.871
3163	0.0	5.4	0.972
3164	0.0	5.4	1.202
3165	0.0	5.4	1.235
3166	0.0	5.4	1.152
3167	0.0	5.4	0.693
3168	0.0	5.4	0.434
3169	0.0	5.4	0.301
3170	0.0	5.4	0.162
3171	0.0	5.4	0.064
3172	0.0	5.4	0.046
3173	0.0	5.4	0.138
3174	0.0	5.4	0.347
3175	0.0	5.4	0.937
3176	0.0	5.4	1.002
3177	0.0	5.4	1.007
3178	0.0	5.3	1.055
3179	0.0	5.3	1.007
3180	0.0	5.3	0.976
3181	0.0	5.3	0.904
3182	0.0	5.3	0.794
3183	0.0	5.3	0.724
3184	0.0	5.3	0.676
3185	0.0	5.3	0.702
3186	0.0	5.3	0.871
3187	0.0	5.3	0.972
3188	0.0	5.3	1.202
3189	0.0	5.3	1.235
3190	0.0	5.3	1.152
3191	0.0	5.3	0.693
3192	0.0	5.3	0.434
3193	0.0	5.3	0.301
3194	0.0	5.3	0.162
3195	0.0	5.3	0.064
3196	0.0	5.3	0.046
3197	0.0	5.3	0.138
3198	0.0	5.3	0.347
3199	0.0	5.3	0.937
3200	0.0	5.3	1.002
3201	0.0	5.3	1.007
3202	0.0	5.3	1.055
3203	0.0	5.3	1.007
3204	0.0	5.3	0.976
3205	0.0	5.3	0.904
3206	0.0	5.3	0.794
3207	0.0	5.3	0.724
3208	0.0	5.2	0.676
3209	0.0	5.2	0.702
3210	0.0	5.2	0.871
3211	0.0	5.2	0.972
3212	0.0	5.2	1.202
3213	0.0	5.2	1.235
3214	0.0	5.2	1.152
3215	0.0	5.2	0.693
3216	0.0	5.2	0.434
3217	0.0	5.2	0.301
3218	0.0	5.2	0.162
3219	0.0	5.2	0.064
3220	0.0	5.2	0.046
3221	0.0	5.2	0.138
3222	0.0	5.2	0.347
3223	0.0	5.2	0.937
3224	0.0	5.2	1.002
3225	0.0	5.2	1.007
3226	0.0	5.2	1.055
3227	0.0	5.2	1.007
3228	0.0	5.2	0.976
3229	0.0	5.2	0.904
3230	0.0	5.2	0.794
3231	0.0	5.2	0.724
3232	0.0	5.2	0.676
3233	0.0	5.2	0.702
3234	0.0	5.2	0.871
3235	0.0	5.2	0.972
3236	0.0	5.1	1.202
3237	0.0	5.1	1.235
3238	0.0	5.1	1.152
3239	0.0	5.1	0.693
3240	0.0	5.1	0.434
3241	0.0	5.1	0.301
3242	0.0	5.1	0.162
3243	0.0	5.1	0.064
3244	0.0	5.1	0.046
3245	0.0	5.1	0.138
3246	0.0	5.1	0.347
3247	0.0	5.1	0.937
3248	0.0	5.1	1.002
3249	0.0	5.1	1.007
3250	0.0	5.1	1.055
3251	0.0	5.1	1.007
3252	0.0	5.1	0.976
3253	0.0	5.1	0.904
3254	0.0	5.1	0.794
3255	0.0	5.1	0.724
3256	0.0	5.1	0.676
3257	0.0	5.1	0.702
3258	0.0	5.1	0.871
3259	0.0	5.1	0.972
3260	0.0	5.1	1.202
3261	0.0	5.1	1.235
3262	0.0	5.1	1.152
3263	0.0	5.1	0.693
3264	0.0	5.1	0.434
3265	0.0	5.1	0.301
3266	0.0	5.1	0.162
3267	0.0	5.1	0.064
3268	0.0	5.1	0.046
3269	0.0	5.0	0.138
3270	0.0	5.0	0.347
3271	0.0	5.0	0.937
3272	0.0	5.0	1.002
3273	0.0	5.0	1.007
3274	0.0	5.0	1.055
3275	0.0	5.0	1.007
3276	0.0	5.0	0.976
3277	0.0	5.0	0.904
3278	0.0	5.0	0.794
3279	0.0	5.0	0.724
3280	0.0	5.0	0.676
3281	0.0	5.0	0.702
3282	0.0	5.0	0.871
3283	0.0	5.0	0.972
3284	0.0	5.0	1.202
3285	0.0	5.0	1.235
3286	0.0	5.0	1.152
3287	0.0	5.0	0.693
3288	0.0	5.0	0.434
3289	0.0	5.0	0.301
3290	0.0	5.0	0.162
3291	0.0	5.0	0.064
3292	0.0	5.0	0.046
3293	0.0	5.0	0.138
3294	0.0	5.0	0.347
3295	0.0	5.0	0.937
3296	0.0	5.0	1.002
3297	0.0	5.0	1.007
3298	0.0	5.0	1.055
3299	0.0	5.0	1.007
3300	0.0	5.0	0.976
3301	0.0	5.0	0.904
3302	0.0	5.0	0.794
3303	0.0	5.0	0.724
3304	0.0	5.0	0.676
3305	0.0	5.0	0.702
3306	0.0	5.0	0.871
3307	0.0	5.0	0.972
3308	0.0	5.0	1.202
3309	0.0	5.0	1.235
3310	0.0	4.9	1.152
3311	0.0	4.9	0.693
3312	0.0	4.9	0.434
3313	0.0	4.9	0.301
3314	0.0	4.9	0.162
3315	0.0	4.9	0.064
3316	0.0	4.9	0.046
3317	0.0	4.9	0.138
3318	0.0	4.9	0.347
3319	0.0	4.9	0.937
3320	0.0	4.9	1.002
3321	0.0	4.9	1.007
3322	0.0	4.9	1.055
3323	0.0	4.9	1.007
3324	0.0	4.9	0.976
3325	0.0	4.9	0.904
3326	0.0	4.9	0.794
3327	0.0	4.9	0.724
3328	0.0	4.9	0.676
3329	0.0	4.9	0.702
3330	0.0	4.9	0.871
3331	0.0	4.9	0.972
3332	0.0	4.9	1.202
3333	0.0	4.9	1.235
3334	0.0	4.9	1.152
3335	0.0	4.9	0.693
3336	0.0	4.9	0.434
3337	0.0	4.9	0.301
3338	0.0	4.8	0.162
3339	0.0	4.8	0.064
3340	0.0	4.8	0.046
3341	0.0	4.8	0.138
3342	0.0	4.8	0.347
3343	0.0	4.8	0.937
3344	0.0	4.8	1.002
3345	0.0	4.8	1.007
3346	0.0	4.8	1.055
3347	0.0	4.8	1.007
3348	0.0	4.8	0.976
3349	0.0	4.8	0.904
3350	0.0	4.8	0.794
3351	0.0	4.8	0.724
3352	0.0	4.8	0.676
3353	0.0	4.8	0.702
3354	0.0	4.8	0.871
3355	0.0	4.8	0.972
3356	0.0	4.8	1.202
3357	0.0	4.8	1.235
3358	0.0	4.8	1.152
3359	0.0	4.8	0.693
3360	0.0	4.8	0.434
3361	0.0	4.8	0.301
3362	0.0	4.8	0.162
3363	0.0	4.8	0.064
3364	0.0	4.8	0.046
3365	0.0	4.8	0.138
3366	0.0	4.7	0.347
3367	0.0	4.7	0.937
3368	0.0	4.7	1.002
3369	0.0	4.7	1.007
3370	0.0	4.7	1.055
3371	0.0	4.7	1.007
3372	0.0	4.7	0.976
3373	0.0	4.7	0.904
3374	0.0	4.7	0.794
3375	0.0	4.7	0.724
3376	0.0	4.7	0.676
3377	0.0	4.7	0.702
3378	0.0	4.7	0.871
3379	0.0	4.7	0.972
3380	0.0	4.7	1.202
3381	0.0	4.7	1.235
3382	0.0	4.7	1.152
3383	0.0	4.7	0.693
3384	0.0	4.7	0.434
3385	0.0	4.7	0.301
3386	0.0	4.7	0.162
3387	0.0	4.7	0.064
3388	0.0	4.7	0.046
3389	0.0	4.7	0.138
3390	0.0	4.7	0.347
3391	0.0	4.7	0.937
3392	0.0	4.7	1.002
3393	0.0	4.7	1.007
3394	0.0	4.7	1.055
3395	0.0	4.7	1.007
3396	0.0	4.7	0.976
3397	0.0	4.7	0.904
3398	0.0	4.7	0.794
3399	0.0	4.7	0.724
3400	0.0	4.7	0.676
3401	0.0	4.7	0.702
3402	0.0	4.7	0.871
3403	0.0	4.6	0.972
3404	0.0	4.6	1.202
3405	0.0	4.6	1.235
3406	0.0	4.6	1.152
3407	0.0	4.6	0.693
3408	0.0	4.6	0.434
3409	0.0	4.6	0.301
3410	0.0	4.6	0.162
3411	0.0	4.6	0.064
3412	0.0	4.6	0.046
3413	0.0	4.6	0.138
3414	0.0	4.6	0.347
3415	0.0	4.6	0.937
3416	0.0	4.6	1.002
3417	0.0	4.6	1.007
3418	0.0	4.6	1.055
3419	0.0	4.6	1.007
3420	0.0	4.6	0.976
3421	0.0	4.6	0.904
3422	0.0	4.6	0.794
3423	0.0	4.6	0.724
3424	0.0	4.6	0.676
3425	0.0	4.6	0.702
3426	0.0	4.6	0.871
3427	0.0	4.6	0.972
3428	0.0	4.6	1.202
3429	0.0	4.6	1.235
3430	0.0	4.6	1.152
3431	0.0	4.6	0.693
3432	0.0	4.6	0.434
3433	0.0	4.6	0.301
3434	0.0	4.6	0.162
3435	0.0	4.6	0.064
3436	0.0	4.6	0.046
3437	0.0	4.5	0.138
3438	0.0	4.5	0.347
3439	0.0	4.5	0.937
3440	0.0	4.5	1.002
3441	0.0	4.5	1.007
3442	0.0	4.5	1.055
3443	0.0	4.5	1.007
3444	0.0	4.5	0.976
3445	0.0	4.5	0.904
3446	0.0	4.5	0.794
3447	0.0	4.5	0.724
3448	0.0	4.5	0.676
3449	0.0	4.5	0.702
3450	0.0	4.5	0.871
3451	0.0	4.5	0.972
3452	0.0	4.5	1.202
3453	0.0	4.5	1.235
3454	0.0	4.5	1.152
3455	0.0	4.5	0.693
3456	0.0	4.5	0.434
3457	0.0	4.5	0.301
3458	0.0	4.5	0.162
3459	0.0	4.5	0.064
3460	0.0	4.5	0.046
3461	0.0	4.5	0.138
3462	0.0	4.5	0.347
3463	0.0	4.5	0.937
3464	0.0	4.5	1.002
3465	0.0	4.4	1.007
3466	0.0	4.4	1.055
3467	0.0	4.4	1.007
3468	0.0	4.4	0.976
3469	0.0	4.4	0.904
3470	0.0	4.4	0.794
3471	0.0	4.4	0.724
3472	0.0	4.4	0.676
3473	0.0	4.4	0.702
3474	0.0	4.4	0.871
3475	0.0	4.4	0.972
3476	0.0	4.4	1.202
3477	0.0	4.4	1.235
3478	0.0	4.4	1.152
3479	0.0	4.4	0.693
3480	0.0	4.4	0.434
3481	0.0	4.4	0.301
3482	0.0	4.4	0.162
3483	0.0	4.4	0.064
3484	0.0	4.4	0.046
3485	0.0	4.4	0.138
3486	0.0	4.4	0.347
3487	0.0	4.4	0.937
3488	0.0	4.4	1.002
3489	0.0	4.4	1.007
3490	0.0	4.4	1.055
3491	0.0	4.4	1.007
3492	0.0	4.4	0.976
3493	0.0	4.4	0.904
3494	0.0	4.4	0.794
3495	0.0	4.4	0.724
3496	0.0	4.4	0.676
3497	0.0	4.4	0.702
3498	0.0	4.4	0.871
3499	0.0	4.4	0.972
3500	0.0	4.4	1.202
3501	0.0	4.4	1.235
3502	0.0	4.4	1.152
3503	0.0	4.4	0.693
3504	0.0	4.4	0.434
3505	0.0	4.4	0.301
3506	0.0	4.4	0.162
3507	0.0	4.4	0.064
3508	0.0	4.4	0.046
3509	0.0	4.4	0.138
3510	0.0	4.4	0.347
3511	0.0	4.4	0.937
3512	0.0	4.4	1.002
3513	0.0	4.4	1.007
3514	0.0	4.4	1.055
3515	0.0	4.4	1.007
3516	0.0	4.3	0.976
3517	0.0	4.3	0.904
3518	0.0	4.3	0.794
3519	0.0	4.3	0.724
3520	0.0	4.3	0.676
3521	0.0	4.3	0.702
3522	0.0	4.3	0.871
3523	0.0	4.3	0.972
3524	0.0	4.3	1.202
3525	0.0	4.3	1.235
3526	0.0	4.3	1.152
3527	0.0	4.3	0.693
3528	0.0	4.3	0.434
3529	0.0	4.3	0.301
3530	0.0	4.3	0.162
3531	0.0	4.3	0.064
3532	0.0	4.3	0.046
3533	0.0	4.3	0.138
3534	0.0	4.3	0.347
3535	0.0	4.3	0.937
3536	0.0	4.3	1.002
3537	0.0	4.3	1.007
3538	0.0	4.3	1.055
3539	0.0	4.3	1.007
3540	0.0	4.3	0.976
3541	0.0	4.3	0.904
3542	0.0	4.3	0.794
3543	0.0	4.3	0.724
3544	0.0	4.3	0.676
3545	0.0	4.3	0.702
3546	0.0	4.3	0.871
3547	0.0	4.3	0.972
3548	0.0	4.3	1.202
3549	0.0	4.2	1.235
3550	0.0	4.2	1.152
3551	0.0	4.2	0.693
3552	0.0	4.2	0.434
3553	0.0	4.2	0.301
3554	0.0	4.2	0.162
3555	0.0	4.2	0.064
3556	0.0	4.2	0.046
3557	0.0	4.2	0.138
3558	0.0	4.2	0.347
3559	0.0	4.2	0.937
3560	0.0	4.2	1.002
3561	0.0	4.2	1.007
3562	0.0	4.2	1.055
3563	0.0	4.2	1.007
3564	0.0	4.2	0.976
3565	0.0	4.2	0.904
3566	0.0	4.2	0.794
3567	0.0	4.2	0.724
3568	0.0	4.2	0.676
3569	0.0	4.2	0.702
3570	0.0	4.2	0.871
3571	0.0	4.2	0.972
3572	0.0	4.2	1.202
3573	0.0	4.2	1.235
3574	0.0	4.2	1.152
3575	0.0	4.2	0.693
3576	0.0	4.2	0.434
3577	0.0	4.2	0.301
3578	0.0	4.2	0.162
3579	0.0	4.2	0.064
3580	0.0	4.2	0.046
3581	0.0	4.2	0.138
3582	0.0	4.2	0.347
3583	0.0	4.2	0.937
3584	0.0	4.2	1.002
3585	0.0	4.2	1.007
3586	0.0	4.2	1.055
3587	0.0	4.2	1.007
3588	0.0	4.2	0.976
3589	0.0	4.2	0.904
3590	0.0	4.2	0.794
3591	0.0	4.1	0.724
3592	0.0	4.1	0.676
3593	0.0	4.1	0.702
3594	0.0	4.1	0.871
3595	0.0	4.1	0.972
3596	0.0	4.1	1.202
3597	0.0	4.1	1.235
3598	0.0	4.1	1.152
3599	0.0	4.1	0.693
3600	0.0	4.1	0.434
3601	0.0	4.1	0.301
3602	0.0	4.1	0.162
3603	0.0	4.1	0.064
3604	0.0	4.1	0.046
3605	0.0	4.1	0.138
3606	0.0	4.1	0.347
3607	0.0	4.1	0.937
3608	0.0	4.1	1.002
3609	0.0	4.1	1.007
3610	0.0	4.1	1.055
3611	0.0	4.1	1.007
3612	0.0	4.1	0.976
3613	0.0	4.1	0.904
3614	0.0	4.1	0.794
3615	0.0	4.1	0.724
3616	0.0	4.1	0.676
3617	0.0	4.1	0.702
3618	0.0	4.1	0.871
3619	0.0	4.1	0.972
3620	0.0	4.1	1.202
3621	0.0	4.1	1.235
3622	0.0	4.1	1.152
3623	0.0	4.1	0.693
3624	0.0	4.1	0.434
3625	0.0	4.1	0.301
3626	0.0	4.1	0.162
3627	0.0	4.1	0.064
3628	0.0	4.1	0.046
3629	0.0	4.1	0.138
3630	0.0	4.1	0.347
3631	0.0	4.1	0.937
3632	0.0	4.1	1.002
3633	0.0	4.1	1.007
3634	0.0	4.1	1.055
3635	0.0	4.1	1.007
3636	0.0	4.0	0.976
3637	0.0	4.0	0.904
3638	0.0	4.0	0.794
3639	0.0	4.0	0.724
3640	0.0	4.0	0.676
3641	0.0	4.0	0.702
3642	0.0	4.0	0.871
3643	0.0	4.0	0.972
3644	0.0	4.0	1.202
3645	0.0	4.0	1.235
3646	0.0	4.0	1.152
3647	0.0	4.0	0.693
3648	0.0	4.0	0.434
3649	0.0	4.0	0.301
3650	0.0	4.0	0.162
3651	0.0	4.0	0.064
3652	0.0	4.0	0.046
3653	0.0	4.0	0.138
3654	0.0	4.0	0.347
3655	0.0	4.0	0.937
3656	0.0	4.0	1.002
3657	0.0	4.0	1.007
3658	0.0	4.0	1.055
3659	0.0	4.0	1.007
3660	0.0	4.0	0.976
3661	0.0	4.0	0.904
3662	0.0	4.0	0.794
3663	0.0	4.0	0.724
3664	0.0	4.0	0.676
3665	0.0	4.0	0.702
3666	0.0	4.0	0.871
3667	0.0	4.0	0.972
3668	0.0	4.0	1.202
3669	0.0	4.0	1.235
3670	0.0	4.0	1.152
3671	0.0	4.0	0.693
3672	0.0	4.0	0.434
3673	0.0	4.0	0.301
3674	0.0	4.0	0.162
3675	0.0	3.9	0.064
3676	0.0	3.9	0.046
3677	0.0	3.9	0.138
3678	0.0	3.9	0.347
3679	0.0	3.9	0.937
3680	0.0	3.9	1.002
3681	0.0	3.9	1.007
3682	0.0	3.9	1.055
3683	0.0	3.9	1.007
3684	0.0	3.9	0.976
3685	0.0	3.9	0.904
3686	0.0	3.9	0.794
3687	0.0	3.9	0.724
3688	0.0	3.9	0.676
3689	0.0	3.9	0.702
3690	0.0	3.9	0.871
3691	0.0	3.9	0.972
3692	0.0	3.9	1.202
3693	0.0	3.9	1.235
3694	0.0	3.9	1.152
3695	0.0	3.9	0.693
3696	0.0	3.9	0.434
3697	0.0	3.9	0.301
3698	0.0	3.9	0.162
3699	0.0	3.9	0.064
3700	0.0	3.9	0.046
3701	0.0	3.9	0.138
3702	0.0	3.9	0.347
3703	0.0	3.9	0.937
3704	0.0	3.9	1.002
3705	0.0	3.9	1.007
3706	0.0	3.9	1.055
3707	0.0	3.9	1.007
3708	0.0	3.9	0.976
3709	0.0	3.9	0.904
3710	0.0	3.9	0.794
3711	0.0	3.9	0.724
3712	0.0	3.9	0.676
3713	0.0	3.9	0.702
3714	0.0	3.9	0.871
3715	0.0	3.9	0.972
3716	0.0	3.8	1.202
3717	0.0	3.8	1.235
3718	0.0	3.8	1.152
3719	0.0	3.8	0.693
3720	0.0	3.8	0.434
3721	0.0	3.8	0.301
3722	0.0	3.8	0.162
3723	0.0	3.8	0.064
3724	0.0	3.8	0.046
3725	0.0	3.8	0.138
3726	0.0	3.8	0.347
3727	0.0	3.8	0.937
3728	0.0	3.8	1.002
3729	0.0	3.8	1.007
3730	0.0	3.8	1.055
3731	0.0	3.8	1.007
3732	0.0	3.8	0.976
3733	0.0	3.8	0.904
3734	0.0	3.8	0.794
3735	0.0	3.8	0.724
3736	0.0	3.8	0.676
3737	0.0	3.8	0.702
3738	0.0	3.8	0.871
3739	0.0	3.8	0.972
3740	0.0	3.8	1.202
3741	0.0	3.8	1.235
3742	0.0	3.8	1.152
3743	0.0	3.8	0.693
3744	0.0	3.8	0.434
3745	0.0	3.8	0.301
3746	0.0	3.8	0.162
3747	0.0	3.8	0.064
3748	0.0	3.8	0.046
3749	0.0	3.8	0.138
3750	0.0	3.8	0.347
3751	0.0	3.8	0.937
3752	0.0	3.8	1.002
3753	0.0	3.8	1.007
3754	0.0	3.8	1.055
3755	0.0	3.8	1.007
3756	0.0	3.8	0.976
3757	0.0	3.8	0.904
3758	0.0	3.8	0.794
3759	0.0	3.8	0.724
3760	0.0	3.8	0.676
3761	0.0	3.8	0.702
3762	0.0	3.8	0.871
3763	0.0	3.8	0.972
3764	0.0	3.8	1.202
3765	0.0	3.8	1.235
3766	0.0	3.8	1.152
3767	0.0	3.7	0.693
3768	0.0	3.7	0.434
3769	0.0	3.7	0.301
3770	0.0	3.7	0.162
3771	0.0	3.7	0.064
3772	0.0	3.7	0.046
3773	0.0	3.7	0.138
3774	0.0	3.7	0.347
3775	0.0	3.7	0.937
3776	0.0	3.7	1.002
3777	0.0	3.7	1.007
3778	0.0	3.7	1.055
3779	0.0	3.7	1.007
3780	0.0	3.7	0.976
3781	0.0	3.7	0.904
3782	0.0	3.7	0.794
3783	0.0	3.7	0.724
3784	0.0	3.7	0.676
3785	0.0	3.7	0.702
3786	0.0	3.7	0.871
3787	0.0	3.7	0.972
3788	0.0	3.7	1.202
3789	0.0	3.7	1.235
3790	0.0	3.7	1.152
3791	0.0	3.7	0.693
3792	0.0	3.7	0.434
3793	0.0	3.7	0.301
3794	0.0	3.7	0.162
3795	0.0	3.7	0.064
3796	0.0	3.7	0.046
3797	0.0	3.7	0.138
3798	0.0	3.7	0.347
3799	0.0	3.7	0.937
3800	0.0	3.7	1.002
3801	0.0	3.7	1.007
3802	0.0	3.7	1.055
3803	0.0	3.7	1.007
3804	0.0	3.7	0.976
3805	0.0	3.7	0.904
3806	0.0	3.7	0.794
3807	0.0	3.7	0.724
3808	0.0	3.7	0.676
3809	0.0	3.7	0.702
3810	0.0	3.7	0.871
3811	0.0	3.7	0.972
3812	0.0	3.7	1.202
3813	0.0	3.7	1.235
3814	0.0	3.6	1.152
3815	0.0	3.6	0.693
3816	0.0	3.6	0.434
3817	0.0	3.6	0.301
3818	0.0	3.6	0.162
3819	0.0	3.6	0.064
3820	0.0	3.6	0.046
3821	0.0	3.6	0.138
3822	0.0	3.6	0.347
3823	0.0	3.6	0.937
3824	0.0	3.6	1.002
3825	0.0	3.6	1.007
3826	0.0	3.6	1.055
3827	0.0	3.6	1.007
3828	0.0	3.6	0.976
3829	0.0	3.6	0.904
3830	0.0	3.6	0.794
3831	0.0	3.6	0.724
3832	0.0	3.6	0.676
3833	0.0	3.6	0.702
3834	0.0	3.6	0.871
3835	0.0	3.6	0.972
3836	0.0	3.6	1.202
3837	0.0	3.6	1.235
3838	0.0	3.6	1.152
3839	0.0	3.6	0.693
3840	0.0	3.6	0.434
3841	0.0	3.6	0.301
3842	0.0	3.6	0.162
3843	0.0	3.6	0.064
3844	0.0	3.6	0.046
3845	0.0	3.6	0.138
3846	0.0	3.6	0.347
3847	0.0	3.6	0.937
3848	0.0	3.6	1.002
3849	0.0	3.6	1.007
3850	0.0	3.6	1.055
3851	0.0	3.6	1.007
3852	0.0	3.6	0.976
3853	0.0	3.6	0.904
3854	0.0	3.6	0.794
3855	0.0	3.6	0.724
3856	0.0	3.6	0.676
3857	0.0	3.6	0.702
3858	0.0	3.6	0.871
3859	0.0	3.5	0.972
3860	0.0	3.5	1.202
3861	0.0	3.5	1.235
3862	0.0	3.5	1.152
3863	0.0	3.5	0.693
3864	0.0	3.5	0.434
3865	0.0	3.5	0.301
3866	0.0	3.5	0.162
3867	0.0	3.5	0.064
3868	0.0	3.5	0.046
3869	0.0	3.5	0.138
3870	0.0	3.5	0.347
3871	0.0	3.5	0.937
3872	0.0	3.5	1.002
3873	0.0	3.5	1.007
3874	0.0	3.5	1.055
3875	0.0	3.5	1.007
3876	0.0	3.5	0.976
3877	0.0	3.5	0.904
3878	0.0	3.5	0.794
3879	0.0	3.5	0.724
3880	0.0	3.5	0.676
3881	0.0	3.5	0.702
3882	0.0	3.5	0.871
3883	0.0	3.5	0.972
3884	0.0	3.5	1.202
3885	0.0	3.5	1.235
3886	0.0	3.5	1.152
3887	0.0	3.5	0.693
3888	0.0	3.5	0.434
3889	0.0	3.5	0.301
3890	0.0	3.5	0.162
3891	0.0	3.5	0.064
3892	0.0	3.5	0.046
3893	0.0	3.5	0.138
3894	0.0	3.5	0.347
3895	0.0	3.5	0.937
3896	0.0	3.5	1.002
3897	0.0	3.5	1.007
3898	0.0	3.5	1.055
3899	0.0	3.5	1.007
3900	0.0	3.5	0.976
3901	0.0	3.5	0.904
3902	0.0	3.5	0.794
3903	0.0	3.5	0.724
3904	0.0	3.5	0.676
3905	0.0	3.5	0.702
3906	0.0	3.5	0.871
3907	0.0	3.4	0.972
3908	0.0	3.4	1.202
3909	0.0	3.4	1.235
3910	0.0	3.4	1.152
3911	0.0	3.4	0.693
3912	0.0	3.4	0.434
3913	0.0	3.4	0.301
3914	0.0	3.4	0.162
3915	0.0	3.4	0.064
3916	0.0	3.4	0.046
3917	0.0	3.4	0.138
3918	0.0	3.4	0.347
3919	0.0	3.4	0.937
3920	0.0	3.4	1.002
3921	0.0	3.4	1.007
3922	0.0	3.4	1.055
3923	0.0	3.4	1.007
3924	0.0	3.4	0.976
3925	0.0	3.4	0.904
3926	0.0	3.4	0.794
3927	0.0	3.4	0.724
3928	0.0	3.4	0.676
3929	0.0	3.4	0.702
3930	0.0	3.4	0.871
3931	0.0	3.4	0.972
3932	0.0	3.4	1.202
3933	0.0	3.4	1.235
3934	0.0	3.4	1.152
3935	0.0	3.4	0.693
3936	0.0	3.4	0.434
3937	0.0	3.4	0.301
3938	0.0	3.4	0.162
3939	0.0	3.4	0.064
3940	0.0	3.4	0.046
3941	0.0	3.4	0.138
3942	0.0	3.4	0.347
3943	0.0	3.4	0.937
3944	0.0	3.4	1.002
3945	0.0	3.3	1.007
3946	0.0	3.3	1.055
3947	0.0	3.3	1.007
3948	0.0	3.3	0.976
3949	0.0	3.3	0.904
3950	0.0	3.3	0.794
3951	0.0	3.3	0.724
3952	0.0	3.3	0.676
3953	0.0	3.3	0.702
3954	0.0	3.3	0.871
3955	0.0	3.3	0.972
3956	0.0	3.3	1.202
3957	0.0	3.3	1.235
3958	0.0	3.3	1.152
3959	0.0	3.3	0.693
3960	0.0	3.3	0.434
3961	0.0	3.3	0.301
3962	0.0	3.3	0.162
3963	0.0	3.3	0.064
3964	0.0	3.3	0.046
3965	0.0	3.3	0.138
3966	0.0	3.3	0.347
3967	0.0	3.3	0.937
3968	0.0	3.3	1.002
3969	0.0	3.3	1.007
3970	0.0	3.3	1.055
3971	0.0	3.3	1.007
3972	0.0	3.3	0.976
3973	0.0	3.3	0.904
3974	0.0	3.3	0.794
3975	0.0	3.3	0.724
3976	0.0	3.3	0.676
3977	0.0	3.3	0.702
3978	0.0	3.3	0.871
3979	0.0	3.2	0.972
3980	0.0	3.2	1.202
3981	0.0	3.2	1.235
3982	0.0	3.2	1.152
3983	0.0	3.2	0.693
3984	0.0	3.2	0.434
3985	0.0	3.2	0.301
3986	0.0	3.2	0.162
3987	0.0	3.2	0.064
3988	0.0	3.2	0.046
3989	0.0	3.2	0.138
3990	0.0	3.2	0.347
3991	0.0	3.2	0.937
3992	0.0	3.2	1.002
3993	0.0	3.2	1.007
3994	0.0	3.2	1.055
3995	0.0	3.2	1.007
3996	0.0	3.2	0.976
3997	0.0	3.2	0.904
3998	0.0	3.2	0.794
3999	0.0	3.2	0.724
4000	0.0	3.2	0.676
4001	0.0	3.2	0.702
4002	0.0	3.2	0.871
4003	0.0	3.2	0.972
4004	0.0	3.2	1.202
4005	0.0	3.2	1.235
4006	0.0	3.2	1.152
4007	0.0	3.2	0.693
4008	0.0	3.2	0.434
4009	0.0	3.2	0.301
4010	0.0	3.2	0.162
4011	0.0	3.2	0.064
4012	0.0	3.2	0.046
4013	0.0	3.2	0.138
4014	0.0	3.2	0.347
4015	0.0	3.2	0.937
4016	0.0	3.2	1.002
4017	0.0	3.1	1.007
4018	0.0	3.1	1.055
4019	0.0	3.1	1.007
4020	0.0	3.1	0.976
4021	0.0	3.1	0.904
4022	0.0	3.1	0.794
4023	0.0	3.1	0.724
4024	0.0	3.1	0.676
4025	0.0	3.1	0.702
4026	0.0	3.1	0.871
4027	0.0	3.1	0.972
4028	0.0	3.1	1.202
4029	0.0	3.1	1.235
4030	0.0	3.1	1.152
4031	0.0	3.1	0.693
4032	0.0	3.1	0.434
4033	0.0	3.1	0.301
4034	0.0	3.1	0.162
4035	0.0	3.1	0.064
4036	0.0	3.1	0.046
4037	0.0	3.1	0.138
4038	0.0	3.1	0.347
4039	0.0	3.1	0.937
4040	0.0	3.1	1.002
4041	0.0	3.1	1.007
4042	0.0	3.1	1.055
4043	0.0	3.1	1.007
4044	0.0	3.1	0.976
4045	0.0	3.1	0.904
4046	0.0	3.1	0.794
4047	0.0	3.1	0.724
4048	0.0	3.1	0.676
4049	0.0	3.1	0.702
4050	0.0	3.1	0.871
4051	0.0	3.1	0.972
4052	0.0	3.1	1.202
4053	0.0	3.1	1.235
4054	0.0	3.1	1.152
4055	0.0	3.1	0.693
4056	0.0	3.1	0.434
4057	0.0	3.1	0.301
4058	0.0	3.1	0.162
4059	0.0	3.1	0.064
4060	0.0	3.0	0.046
4061	0.0	3.0	0.138
4062	0.0	3.0	0.347
4063	0.0	3.0	0.937
4064	0.0	3.0	1.002
4065	0.0	3.0	1.007
4066	0.0	3.0	1.055
4067	0.0	3.0	1.007
4068	0.0	3.0	0.976
4069	0.0	3.0	0.904
4070	0.0	3.0	0.794
4071	0.0	3.0	0.724
4072	0.0	3.0	0.676
4073	0.0	3.0	0.702
4074	0.0	3.0	0.871
4075	0.0	3.0	0.972
4076	0.0	3.0	1.202
4077	0.0	3.0	1.235
4078	0.0	3.0	1.152
4079	0.0	3.0	0.693
4080	0.0	3.0	0.434
4081	0.0	3.0	0.301
4082	0.0	3.0	0.162
4083	0.0	3.0	0.064
4084	0.0	3.0	0.046
4085	0.0	3.0	0.138
4086	0.0	3.0	0.347
4087	0.0	3.0	0.937
4088	0.0	3.0	1.002
4089	0.0	3.0	1.007
4090	0.0	3.0	1.055
4091	0.0	3.0	1.007
4092	0.0	3.0	0.976
4093	0.0	3.0	0.904
4094	0.0	3.0	0.794
4095	0.0	3.0	0.724
4096	0.0	3.0	0.676
4097	0.0	3.0	0.702
4098	0.0	3.0	0.871
4099	0.0	3.0	0.972
4100	0.0	3.0	1.202
4101	0.0	3.0	1.235
4102	0.0	3.0	1.152
4103	0.0	3.0	0.693
4104	0.0	3.0	0.434
4105	0.0	3.0	0.301
4106	0.0	3.0	0.162
4107	0.0	3.0	0.064
4108	0.0	3.0	0.046
4109	0.0	3.0	0.138
4110	0.0	3.0	0.347
4111	0.0	3.0	0.937
4112	0.0	3.0	1.002
4113	0.0	3.0	1.007
4114	0.0	3.0	1.055
4115	0.0	2.9	1.007
4116	0.0	2.9	0.976
4117	0.0	2.9	0.904
4118	0.0	2.9	0.794
4119	0.0	2.9	0.724
4120	0.0	2.9	0.676
4121	0.0	2.9	0.702
4122	0.0	2.9	0.871
4123	0.0	2.9	0.972
4124	0.0	2.9	1.202
4125	0.0	2.9	1.235
4126	0.0	2.9	1.152
4127	0.0	2.9	0.693
4128	0.0	2.9	0.434
4129	0.0	2.9	0.301
4130	0.0	2.9	0.162
4131	0.0	2.9	0.064
4132	0.0	2.9	0.046
4133	0.0	2.9	0.138
4134	0.0	2.9	0.347
4135	0.0	2.9	0.937
4136	0.0	2.9	1.002
4137	0.0	2.9	1.007
4138	0.0	2.9	1.055
4139	0.0	2.9	1.007
4140	0.0	2.9	0.976
4141	0.0	2.9	0.904
4142	0.0	2.9	0.794
4143	0.0	2.9	0.724
4144	0.0	2.9	0.676
4145	0.0	2.9	0.702
4146	0.0	2.9	0.871
4147	0.0	2.9	0.972
4148	0.0	2.9	1.202
4149	0.0	2.9	1.235
4150	0.0	2.9	1.152
4151	0.0	2.9	0.693
4152	0.0	2.9	0.434
4153	0.0	2.9	0.301
4154	0.0	2.9	0.162
4155	0.0	2.9	0.064
4156	0.0	2.9	0.046
4157	0.0	2.9	0.138
4158	0.0	2.9	0.347
4159	0.0	2.8	0.937
4160	0.0	2.8	1.002
4161	0.0	2.8	1.007
4162	0.0	2.8	1.055
4163	0.0	2.8	1.007
4164	0.0	2.8	0.976
4165	0.0	2.8	0.904
4166	0.0	2.8	0.794
4167	0.0	2.8	0.724
4168	0.0	2.8	0.676
4169	0.0	2.8	0.702
4170	0.0	2.8	0.871
4171	0.0	2.8	0.972
4172	0.0	2.8	1.202
4173	0.0	2.8	1.235
4174	0.0	2.8	1.152
4175	0.0	2.8	0.693
4176	0.0	2.8	0.434
4177	0.0	2.8	0.301
4178	0.0	2.8	0.162
4179	0.0	2.8	0.064
4180	0.0	2.8	0.046
4181	0.0	2.8	0.138
4182	0.0	2.8	0.347
4183	0.0	2.8	0.937
4184	0.0	2.8	1.002
4185	0.0	2.8	1.007
4186	0.0	2.8	1.055
4187	0.0	2.8	1.007
4188	0.0	2.8	0.976
4189	0.0	2.8	0.904
4190	0.0	2.8	0.794
4191	0.0	2.8	0.724
4192	0.0	2.8	0.676
4193	0.0	2.8	0.702
4194	0.0	2.8	0.871
4195	0.0	2.8	0.972
4196	0.0	2.8	1.202
4197	0.0	2.8	1.235
4198	0.0	2.8	1.152
4199	0.0	2.8	0.693
4200	0.0	2.8	0.434
4201	0.0	2.8	0.301
4202	0.0	2.8	0.162
4203	0.0	2.8	0.064
4204	0.0	2.8	0.046
4205	0.0	2.8	0.138
4206	0.0	2.8	0.347
4207	0.0	2.8	0.937
4208	0.0	2.7	1.002
4209	0.0	2.7	1.007
4210	0.0	2.7	1.055
4211	0.0	2.7	1.007
4212	0.0	2.7	0.976
4213	0.0	2.7	0.904
4214	0.0	2.7	0.794
4215	0.0	2.7	0.724
4216	0.0	2.7	0.676
4217	0.0	2.7	0.702
4218	0.0	2.7	0.871
4219	0.0	2.7	0.972
4220	0.0	2.7	1.202
4221	0.0	2.7	1.235
4222	0.0	2.7	1.152
4223	0.0	2.7	0.693
4224	0.0	2.7	0.434
4225	0.0	2.7	0.301
4226	0.0	2.7	0.162
4227	0.0	2.7	0.064
4228	0.0	2.7	0.046
4229	0.0	2.7	0.138
4230	0.0	2.7	0.347
4231	0.0	2.7	0.937
4232	0.0	2.7	1.002
4233	0.0	2.7	1.007
4234	0.0	2.7	1.055
4235	0.0	2.7	1.007
4236	0.0	2.7	0.976
4237	0.0	2.7	0.904
4238	0.0	2.7	0.794
4239	0.0	2.7	0.724
4240	0.0	2.7	0.676
4241	0.0	2.7	0.702
4242	0.0	2.7	0.871
4243	0.0	2.7	0.972
4244	0.0	2.7	1.202
4245	0.0	2.7	1.235
4246	0.0	2.7	1.152
4247	0.0	2.7	0.693
4248	0.0	2.7	0.434
4249	0.0	2.7	0.301
4250	0.0	2.7	0.162
4251	0.0	2.7	0.064
4252	0.0	2.7	0.046
4253	0.0	2.7	0.138
4254	0.0	2.7	0.347
4255	0.0	2.7	0.937
4256	0.0	2.7	1.002
4257	0.0	2.6	1.007
4258	0.0	2.6	1.055
4259	0.0	2.6	1.007
4260	0.0	2.6	0.976
4261	0.0	2.6	0.904
4262	0.0	2.6	0.794
4263	0.0	2.6	0.724
4264	0.0	2.6	0.676
4265	0.0	2.6	0.702
4266	0.0	2.6	0.871
4267	0.0	2.6	0.972
4268	0.0	2.6	1.202
4269	0.0	2.6	1.235
4270	0.0	2.6	1.152
4271	0.0	2.6	0.693
4272	0.0	2.6	0.434
4273	0.0	2.6	0.301
4274	0.0	2.6	0.162
4275	0.0	2.6	0.064
4276	0.0	2.6	0.046
4277	0.0	2.6	0.138
4278	0.0	2.6	0.347
4279	0.0	2.6	0.937
4280	0.0	2.6	1.002
4281	0.0	2.6	1.007
4282	0.0	2.6	1.055
4283	0.0	2.6	1.007
4284	0.0	2.6	0.976
4285	0.0	2.6	0.904
4286	0.0	2.6	0.794
4287	0.0	2.6	0.724
4288	0.0	2.6	0.676
4289	0.0	2.6	0.702
4290	0.0	2.6	0.871
4291	0.0	2.6	0.972
4292	0.0	2.6	1.202
4293	0.0	2.6	1.235
4294	0.0	2.6	1.152
4295	0.0	2.6	0.693
4296	0.0	2.6	0.434
4297	0.0	2.6	0.301
4298	0.0	2.6	0.162
4299	0.0	2.6	0.064
4300	0.0	2.6	0.046
4301	0.0	2.6	0.138
4302	0.0	2.6	0.347
4303	0.0	2.6	0.937
4304	0.0	2.6	1.002
4305	0.0	2.6	1.007
4306	0.0	2.6	1.055
4307	0.0	2.6	1.007
4308	0.0	2.6	0.976
4309	0.0	2.6	0.904
4310	0.0	2.6	0.794
4311	0.0	2.6	0.724
4312	0.0	2.5	0.676
4313	0.0	2.5	0.702
4314	0.0	2.5	0.871
4315	0.0	2.5	0.972
4316	0.0	2.5	1.202
4317	0.0	2.5	1.235
4318	0.0	2.5	1.152
4319	0.0	2.5	0.693
4320	0.0	2.5	0.434
4321	0.0	2.5	0.301
4322	0.0	2.5	0.162
4323	0.0	2.5	0.064
4324	0.0	2.5	0.046
4325	0.0	2.5	0.138
4326	0.0	2.5	0.347
4327	0.0	2.5	0.937
4328	0.0	2.5	1.002
4329	0.0	2.5	1.007
4330	0.0	2.5	1.055
4331	0.0	2.5	1.007
4332	0.0	2.5	0.976
4333	0.0	2.5	0.904
4334	0.0	2.5	0.794
4335	0.0	2.5	0.724
4336	0.0	2.5	0.676
4337	0.0	2.5	0.702
4338	0.0	2.5	0.871
4339	0.0	2.5	0.972
4340	0.0	2.5	1.202
4341	0.0	2.5	1.235
4342	0.0	2.5	1.152
4343	0.0	2.5	0.693
4344	0.0	2.5	0.434
4345	0.0	2.5	0.301
4346	0.0	2.5	0.162
4347	0.0	2.5	0.064
4348	0.0	2.5	0.046
4349	0.0	2.5	0.138
4350	0.0	2.5	0.347
4351	0.0	2.5	0.937
4352	0.0	2.4	1.002
4353	0.0	2.4	1.007
4354	0.0	2.4	1.055
4355	0.0	2.4	1.007
4356	0.0	2.4	0.976
4357	0.0	2.4	0.904
4358	0.0	2.4	0.794
4359	0.0	2.4	0.724
4360	0.0	2.4	0.676
4361	0.0	2.4	0.702
4362	0.0	2.4	0.871
4363	0.0	2.4	0.972
4364	0.0	2.4	1.202
4365	0.0	2.4	1.235
4366	0.0	2.4	1.152
4367	0.0	2.4	0.693
4368	0.0	2.4	0.434
4369	0.0	2.4	0.301
4370	0.0	2.4	0.162
4371	0.0	2.4	0.064
4372	0.0	2.4	0.046
4373	0.0	2.4	0.138
4374	0.0	2.4	0.347
4375	0.0	2.4	0.937
4376	0.0	2.4	1.002
4377	0.0	2.4	1.007
4378	0.0	2.4	1.055
4379	0.0	2.4	1.007
4380	0.0	2.4	0.976
4381	0.0	2.4	0.904
4382	0.0	2.4	0.794
4383	0.0	2.4	0.724
4384	0.0	2.4	0.676
4385	0.0	2.4	0.702
4386	0.0	2.4	0.871
4387	0.0	2.3	0.972
4388	0.0	2.3	1.202
4389	0.0	2.3	1.235
4390	0.0	2.3	1.152
4391	0.0	2.3	0.693
4392	0.0	2.3	0.434
4393	0.0	2.3	0.301
4394	0.0	2.3	0.162
4395	0.0	2.3	0.064
4396	0.0	2.3	0.046
4397	0.0	2.3	0.138
4398	0.0	2.3	0.347
4399	0.0	2.3	0.937
4400	0.0	2.3	1.002
4401	0.0	2.3	1.007
4402	0.0	2.3	1.055
4403	0.0	2.3	1.007
4404	0.0	2.3	0.976
4405	0.0	2.3	0.904
4406	0.0	2.3	0.794
4407	0.0	2.3	0.724
4408	0.0	2.3	0.676
4409	0.0	2.3	0.702
4410	0.0	2.3	0.871
4411	0.0	2.3	0.972
4412	0.0	2.3	1.202
4413	0.0	2.3	1.235
4414	0.0	2.3	1.152
4415	0.0	2.3	0.693
4416	0.0	2.3	0.434
4417	0.0	2.3	0.301
4418	0.0	2.3	0.162
4419	0.0	2.2	0.064
4420	0.0	2.2	0.046
4421	0.0	2.2	0.138
4422	0.0	2.2	0.347
4423	0.0	2.2	0.937
4424	0.0	2.2	1.002
4425	0.0	2.2	1.007
4426	0.0	2.2	1.055
4427	0.0	2.2	1.007
4428	0.0	2.2	0.976
4429	0.0	2.2	0.904
4430	0.0	2.2	0.794
4431	0.0	2.2	0.724
4432	0.0	2.2	0.676
4433	0.0	2.2	0.702
4434	0.0	2.2	0.871
4435	0.0	2.2	0.972
4436	0.0	2.2	1.202
4437	0.0	2.2	1.235
4438	0.0	2.2	1.152
4439	0.0	2.2	0.693
4440	0.0	2.2	0.434
4441	0.0	2.2	0.301
4442	0.0	2.2	0.162
4443	0.0	2.2	0.064
4444	0.0	2.2	0.046
4445	0.0	2.2	0.138
4446	0.0	2.2	0.347
4447	0.0	2.2	0.937
4448	0.0	2.2	1.002
4449	0.0	2.2	1.007
4450	0.0	2.2	1.055
4451	0.0	2.2	1.007
4452	0.0	2.2	0.976
4453	0.0	2.2	0.904
4454	0.0	2.2	0.794
4455	0.0	2.2	0.724
4456	0.0	2.1	0.676
4457	0.0	2.1	0.702
4458	0.0	2.1	0.871
4459	0.0	2.1	0.972
4460	0.0	2.1	1.202
4461	0.0	2.1	1.235
4462	0.0	2.1	1.152
4463	0.0	2.1	0.693
4464	0.0	2.1	0.434
4465	0.0	2.1	0.301
4466	0.0	2.1	0.162
4467	0.0	2.1	0.064
4468	0.0	2.1	0.046
4469	0.0	2.1	0.138
4470	0.0	2.1	0.347
4471	0.0	2.1	0.937
4472	0.0	2.1	1.002
4473	0.0	2.1	1.007
4474	0.0	2.1	1.055
4475	0.0	2.1	1.007
4476	0.0	2.1	0.976
4477	0.0	2.1	0.904
4478	0.0	2.1	0.794
4479	0.0	2.1	0.724
4480	0.0	2.1	0.676
4481	0.0	2.1	0.702
4482	0.0	2.1	0.871
4483	0.0	2.1	0.972
4484	0.0	2.1	1.202
4485	0.0	2.1	1.235
4486	0.0	2.1	1.152
4487	0.0	2.1	0.693
4488	0.0	2.1	0.434
4489	0.0	2.1	0.301
4490	0.0	2.1	0.162
4491	0.0	2.1	0.064
4492	0.0	2.0	0.046
4493	0.0	2.0	0.138
4494	0.0	2.0	0.347
4495	0.0	2.0	0.937
4496	0.0	2.0	1.002
4497	0.0	2.0	1.007
4498	0.0	2.0	1.055
4499	0.0	2.0	1.007
4500	0.0	2.0	0.976
4501	0.0	2.0	0.904
4502	0.0	2.0	0.794
4503	0.0	2.0	0.724
4504	0.0	2.0	0.676
4505	0.0	2.0	0.702
4506	0.0	2.0	0.871
4507	0.0	2.0	0.972
4508	0.0	2.0	1.202
4509	0.0	2.0	1.235
4510	0.0	2.0	1.152
4511	0.0	2.0	0.693
4512	0.0	2.0	0.434
4513	0.0	2.0	0.301
4514	0.0	2.0	0.162
4515	0.0	2.0	0.064
4516	0.0	2.0	0.046
4517	0.0	2.0	0.138
4518	0.0	2.0	0.347
4519	0.0	2.0	0.937
4520	0.0	2.0	1.002
4521	0.0	2.0	1.007
4522	0.0	2.0	1.055
4523	0.0	2.0	1.007
4524	0.0	2.0	0.976
4525	0.0	2.0	0.904
4526	0.0	2.0	0.794
4527	0.0	2.0	0.724
4528	0.0	2.0	0.676
4529	0.0	2.0	0.702
4530	0.0	2.0	0.871
4531	0.0	2.0	0.972
4532	0.0	1.9	1.202
4533	0.0	1.9	1.235
4534	0.0	1.9	1.152
4535	0.0	1.9	0.693
4536	0.0	1.9	0.434
4537	0.0	1.9	0.301
4538	0.0	1.9	0.162
4539	0.0	1.9	0.064
4540	0.0	1.9	0.046
4541	0.0	1.9	0.138
4542	0.0	1.9	0.347
4543	0.0	1.9	0.937
4544	0.0	1.9	1.002
4545	0.0	1.9	1.007
4546	0.0	1.9	1.055
4547	0.0	1.9	1.007
4548	0.0	1.9	0.976
4549	0.0	1.9	0.904
4550	0.0	1.9	0.794
4551	0.0	1.9	0.724
4552	0.0	1.9	0.676
4553	0.0	1.9	0.702
4554	0.0	1.9	0.871
4555	0.0	1.9	0.972
4556	0.0	1.9	1.202
4557	0.0	1.9	1.235
4558	0.0	1.9	1.152
4559	0.0	1.9	0.693
4560	0.0	1.9	0.434
4561	0.0	1.9	0.301
4562	0.0	1.9	0.162
4563	0.0	1.9	0.064
4564	0.0	1.8	0.046
4565	0.0	1.8	0.138
4566	0.0	1.8	0.347
4567	0.0	1.8	0.937
4568	0.0	1.8	1.002
4569	0.0	1.8	1.007
4570	0.0	1.8	1.055
4571	0.0	1.8	1.007
4572	0.0	1.8	0.976
4573	0.0	1.8	0.904
4574	0.0	1.8	0.794
4575	0.0	1.8	0.724
4576	0.0	1.8	0.676
4577	0.0	1.8	0.702
4578	0.0	1.8	0.871
4579	0.0	1.8	0.972
4580	0.0	1.8	1.202
4581	0.0	1.8	1.235
4582	0.0	1.8	1.152
4583	0.0	1.8	0.693
4584	0.0	1.8	0.434
4585	0.0	1.8	0.301
4586	0.0	1.8	0.162
4587	0.0	1.8	0.064
4588	0.0	1.8	0.046
4589	0.0	1.8	0.138
4590	0.0	1.8	0.347
4591	0.0	1.8	0.937
4592	0.0	1.8	1.002
4593	0.0	1.8	1.007
4594	0.0	1.8	1.055
4595	0.0	1.8	1.007
4596	0.0	1.7	0.976
4597	0.0	1.7	0.904
4598	0.0	1.7	0.794
4599	0.0	1.7	0.724
4600	0.0	1.7	0.676
4601	0.0	1.7	0.702
4602	0.0	1.7	0.871
4603	0.0	1.7	0.972
4604	0.0	1.7	1.202
4605	0.0	1.7	1.235
4606	0.0	1.7	1.152
4607	0.0	1.7	0.693
4608	0.0	1.7	0.434
4609	0.0	1.7	0.301
4610	0.0	1.7	0.162
4611	0.0	1.7	0.064
4612	0.0	1.7	0.046
4613	0.0	1.7	0.138
4614	0.0	1.7	0.347
4615	0.0	1.7	0.937
4616	0.0	1.7	1.002
4617	0.0	1.7	1.007
4618	0.0	1.7	1.055
4619	0.0	1.7	1.007
4620	0.0	1.7	0.976
4621	0.0	1.7	0.904
4622	0.0	1.7	0.794
4623	0.0	1.7	0.724
4624	0.0	1.7	0.676
4625	0.0	1.7	0.702
4626	0.0	1.7	0.871
4627	0.0	1.7	0.972
4628	0.0	1.7	1.202
4629	0.0	1.7	1.235
4630	0.0	1.7	1.152
4631	0.0	1.7	0.693
4632	0.0	1.7	0.434
4633	0.0	1.7	0.301
4634	0.0	1.7	0.162
4635	0.0	1.7	0.064
4636	0.0	1.7	0.046
4637	0.0	1.7	0.138
4638	0.0	1.7	0.347
4639	0.0	1.7	0.937
4640	0.0	1.7	1.002
4641	0.0	1.6	1.007
4642	0.0	1.6	1.055
4643	0.0	1.6	1.007
4644	0.0	1.6	0.976
4645	0.0	1.6	0.904
4646	0.0	1.6	0.794
4647	0.0	1.6	0.724
4648	0.0	1.6	0.676
4649	0.0	1.6	0.702
4650	0.0	1.6	0.871
4651	0.0	1.6	0.972
4652	0.0	1.6	1.202
4653	0.0	1.6	1.235
4654	0.0	1.6	1.152
4655	0.0	1.6	0.693
4656	0.0	1.6	0.434
4657	0.0	1.6	0.301
4658	0.0	1.6	0.162
4659	0.0	1.6	0.064
4660	0.0	1.6	0.046
4661	0.0	1.6	0.138
4662	0.0	1.6	0.347
4663	0.0	1.6	0.937
4664	0.0	1.6	1.002
4665	0.0	1.6	1.007
4666	0.0	1.6	1.055
4667	0.0	1.6	1.007
4668	0.0	1.6	0.976
4669	0.0	1.6	0.904
4670	0.0	1.6	0.794
4671	0.0	1.6	0.724
4672	0.0	1.6	0.676
4673	0.0	1.6	0.702
4674	0.0	1.6	0.871
4675	0.0	1.6	0.972
4676	0.0	1.6	1.202
4677	0.0	1.6	1.235
4678	0.0	1.6	1.152
4679	0.0	1.6	0.693
4680	0.0	1.6	0.434
4681	0.0	1.6	0.301
4682	0.0	1.6	0.162
4683	0.0	1.6	0.064
4684	0.0	1.6	0.046
4685	0.0	1.6	0.138
4686	0.0	1.6	0.347
4687	0.0	1.6	0.937
4688	0.0	1.6	1.002
4689	0.0	1.6	1.007
4690	0.0	1.5	1.055
4691	0.0	1.5	1.007
4692	0.0	1.5	0.976
4693	0.0	1.5	0.904
4694	0.0	1.5	0.794
4695	0.0	1.5	0.724
4696	0.0	1.5	0.676
4697	0.0	1.5	0.702
4698	0.0	1.5	0.871
4699	0.0	1.5	0.972
4700	0.0	1.5	1.202
4701	0.0	1.5	1.235
4702	0.0	1.5	1.152
4703	0.0	1.5	0.693
4704	0.0	1.5	0.434
4705	0.0	1.5	0.301
4706	0.0	1.5	0.162
4707	0.0	1.5	0.064
4708	0.0	1.5	0.046
4709	0.0	1.5	0.138
4710	0.0	1.5	0.347
4711	0.0	1.5	0.937
4712	0.0	1.5	1.002
4713	0.0	1.5	1.007
4714	0.0	1.5	1.055
4715	0.0	1.5	1.007
4716	0.0	1.5	0.976
4717	0.0	1.5	0.904
4718	0.0	1.5	0.794
4719	0.0	1.5	0.724
4720	0.0	1.5	0.676
4721	0.0	1.5	0.702
4722	0.0	1.5	0.871
4723	0.0	1.5	0.972
4724	0.0	1.5	1.202
4725	0.0	1.5	1.235
4726	0.0	1.5	1.152
4727	0.0	1.5	0.693
4728	0.0	1.5	0.434
4729	0.0	1.5	0.301
4730	0.0	1.4	0.162
4731	0.0	1.4	0.064
4732	0.0	1.4	0.046
4733	0.0	1.4	0.138
4734	0.0	1.4	0.347
4735	0.0	1.4	0.937
4736	0.0	1.4	1.002
4737	0.0	1.4	1.007
4738	0.0	1.4	1.055
4739	0.0	1.4	1.007
4740	0.0	1.4	0.976
4741	0.0	1.4	0.904
4742	0.0	1.4	0.794
4743	0.0	1.4	0.724
4744	0.0	1.4	0.676
4745	0.0	1.4	0.702
4746	0.0	1.4	0.871
4747	0.0	1.4	0.972
4748	0.0	1.4	1.202
4749	0.0	1.4	1.235
4750	0.0	1.4	1.152
4751	0.0	1.4	0.693
4752	0.0	1.4	0.434
4753	0.0	1.4	0.301
4754	0.0	1.4	0.162
4755	0.0	1.4	0.064
4756	0.0	1.4	0.046
4757	0.0	1.4	0.138
4758	0.0	1.3	0.347
4759	0.0	1.3	0.937
4760	0.0	1.3	1.002
4761	0.0	1.3	1.007
4762	0.0	1.3	1.055
4763	0.0	1.3	1.007
4764	0.0	1.3	0.976
4765	0.0	1.3	0.904
4766	0.0	1.3	0.794
4767	0.0	1.3	0.724
4768	0.0	1.3	0.676
4769	0.0	1.3	0.702
4770	0.0	1.3	0.871
4771	0.0	1.3	0.972
4772	0.0	1.3	1.202
4773	0.0	1.3	1.235
4774	0.0	1.3	1.152
4775	0.0	1.3	0.693
4776	0.0	1.3	0.434
4777	0.0	1.3	0.301
4778	0.0	1.3	0.162
4779	0.0	1.3	0.064
4780	0.0	1.3	0.046
4781	0.0	1.3	0.138
4782	0.0	1.3	0.347
4783	0.0	1.3	0.937
4784	0.0	1.3	1.002
4785	0.0	1.2	1.007
4786	0.0	1.2	1.055
4787	0.0	1.2	1.007
4788	0.0	1.2	0.976
4789	0.0	1.2	0.904
4790	0.0	1.2	0.794
4791	0.0	1.2	0.724
4792	0.0	1.2	0.676
4793	0.0	1.2	0.702
4794	0.0	1.2	0.871
4795	0.0	1.2	0.972
4796	0.0	1.2	1.202
4797	0.0	1.2	1.235
4798	0.0	1.2	1.152
4799	0.0	1.2	0.693
4800	0.0	1.2	0.434
4801	0.0	1.2	0.301
4802	0.0	1.2	0.162
4803	0.0	1.2	0.064
4804	0.0	1.2	0.046
4805	0.0	1.2	0.138
4806	0.0	1.2	0.347
4807	0.0	1.2	0.937
4808	0.0	1.2	1.002
4809	0.0	1.2	1.007
4810	0.0	1.2	1.055
4811	0.0	1.2	1.007
4812	0.0	1.1	0.976
4813	0.0	1.1	0.904
4814	0.0	1.1	0.794
4815	0.0	1.1	0.724
4816	0.0	1.1	0.676
4817	0.0	1.1	0.702
4818	0.0	1.1	0.871
4819	0.0	1.1	0.972
4820	0.0	1.1	1.202
4821	0.0	1.1	1.235
4822	0.0	1.1	1.152
4823	0.0	1.1	0.693
4824	0.0	1.1	0.434
4825	0.0	1.1	0.301
4826	0.0	1.1	0.162
4827	0.0	1.1	0.064
4828	0.0	1.1	0.046
4829	0.0	1.1	0.138
4830	0.0	1.1	0.347
4831	0.0	1.1	0.937
4832	0.0	1.1	1.002
4833	0.0	1.1	1.007
4834	0.0	1.1	1.055
4835	0.0	1.1	1.007
4836	0.0	1.1	0.976
4837	0.0	1.1	0.904
4838	0.0	1.1	0.794
4839	0.0	1.1	0.724
4840	0.0	1.1	0.676
4841	0.0	1.0	0.702
4842	0.0	1.0	0.871
4843	0.0	1.0	0.972
4844	0.0	1.0	1.202
4845	0.0	1.0	1.235
4846	0.0	1.0	1.152
4847	0.0	1.0	0.693
4848	0.0	1.0	0.434
4849	0.0	1.0	0.301
4850	0.0	1.0	0.162
4851	0.0	1.0	0.064
4852	0.0	1.0	0.046
4853	0.0	1.0	0.138
4854	0.0	1.0	0.347
4855	0.0	1.0	0.937
4856	0.0	1.0	1.002
4857	0.0	0.9	1.007
4858	0.0	0.9	1.055
4859	0.0	0.9	1.007
4860	0.0	0.9	0.976
4861	0.0	0.9	0.904
4862	0.0	0.9	0.794
4863	0.0	0.9	0.724
4864	0.0	0.9	0.676
4865	0.0	0.9	0.702
4866	0.0	0.9	0.871
4867	0.0	0.9	0.972
4868	0.0	0.9	1.202
4869	0.0	0.9	1.235
4870	0.0	0.9	1.152
4871	0.0	0.8	0.693
4872	0.0	0.8	0.434
4873	0.0	0.8	0.301
4874	0.0	0.8	0.162
4875	0.0	0.8	0.064
4876	0.0	0.8	0.046
4877	0.0	0.8	0.138
4878	0.0	0.8	0.347
4879	0.0	0.8	0.937
4880	0.0	0.8	1.002
4881	0.0	0.8	1.007
4882	0.0	0.8	1.055
4883	0.0	0.8	1.007
4884	0.0	0.8	0.976
4885	0.0	0.8	0.904
4886	0.0	0.8	0.794
4887	0.0	0.8	0.724
4888	0.0	0.8	0.676
4889	0.0	0.8	0.702
4890	0.0	0.8	0.871
4891	0.0	0.8	0.972
4892	0.0	0.8	1.202
4893	0.0	0.8	1.235
4894	0.0	0.8	1.152
4895	0.0	0.8	0.693
4896	0.0	0.8	0.434
4897	0.0	0.8	0.301
4898	0.0	0.8	0.162
4899	0.0	0.8	0.064
4900	0.0	0.7	0.046
4901	0.0	0.7	0.138
4902	0.0	0.7	0.347
4903	0.0	0.7	0.937
4904	0.0	0.7	1.002
4905	0.0	0.7	1.007
4906	0.0	0.7	1.055
4907	0.0	0.7	1.007
4908	0.0	0.7	0.976
4909	0.0	0.7	0.904
4910	0.0	0.7	0.794
4911	0.0	0.7	0.724
4912	0.0	0.7	0.676
4913	0.0	0.7	0.702
4914	0.0	0.7	0.871
4915	0.0	0.7	0.972
4916	0.0	0.7	1.202
4917	0.0	0.7	1.235
4918	0.0	0.7	1.152
4919	0.0	0.7	0.693
4920	0.0	0.7	0.434
4921	0.0	0.7	0.301
4922	0.0	0.7	0.162
4923	0.0	0.7	0.064
4924	0.0	0.6	0.046
4925	0.0	0.6	0.138
4926	0.0	0.6	0.347
4927	0.0	0.6	0.937
4928	0.0	0.6	1.002
4929	0.0	0.6	1.007
4930	0.0	0.6	1.055
4931	0.0	0.6	1.007
4932	0.0	0.6	0.976
4933	0.0	0.6	0.904
4934	0.0	0.6	0.794
4935	0.0	0.6	0.724
4936	0.0	0.6	0.676
4937	0.0	0.6	0.702
4938	0.0	0.6	0.871
4939	0.0	0.6	0.972
4940	0.0	0.5	1.202
4941	0.0	0.5	1.235
4942	0.0	0.5	1.152
4943	0.0	0.5	0.693
4944	0.0	0.5	0.434
4945	0.0	0.5	0.301
4946	0.0	0.5	0.162
4947	0.0	0.5	0.064
4948	0.0	0.5	0.046
4949	0.0	0.5	0.138
4950	0.0	0.5	0.347
4951	0.0	0.5	0.937
4952	0.0	0.5	1.002
4953	0.0	0.5	1.007
4954	0.0	0.5	1.055
4955	0.0	0.5	1.007
4956	0.0	0.4	0.976
4957	0.0	0.4	0.904
4958	0.0	0.4	0.794
4959	0.0	0.4	0.724
4960	0.0	0.4	0.676
4961	0.0	0.4	0.702
4962	0.0	0.4	0.871
4963	0.0	0.4	0.972
4964	0.0	0.4	1.202
4965	0.0	0.4	1.235
4966	0.0	0.4	1.152
4967	0.0	0.4	0.693
4968	0.0	0.4	0.434
4969	0.0	0.4	0.301
4970	0.0	0.4	0.162
4971	0.0	0.3	0.064
4972	0.0	0.3	0.046
4973	0.0	0.3	0.138
4974	0.0	0.3	0.347
4975	0.0	0.3	0.937
4976	0.0	0.3	1.002
4977	0.0	0.3	1.007
4978	0.0	0.3	1.055
4979	0.0	0.3	1.007
4980	0.0	0.3	0.976
4981	0.0	0.3	0.904
4982	0.0	0.3	0.794
4983	0.0	0.2	0.724
4984	0.0	0.2	0.676
4985	0.0	0.2	0.702
4986	0.0	0.2	0.871
4987	0.0	0.2	0.972
4988	0.0	0.2	1.202
4989	0.0	0.2	1.235
4990	0.0	0.2	1.152
4991	0.0	0.2	0.693
4992	0.0	0.2	0.434
4993	0.0	0.2	0.301
4994	0.0	0.2	0.162
4995	0.0	0.2	0.064
4996	0.0	0.2	0.046
4997	0.0	0.1	0.138
4998	0.0	0.1	0.347
4999	0.0	0.1	0.937
5000	0.0	0.1	1.002
5001	0.0	0.1	1.007
5002	0.0	0.1	1.055
5003	0.0	0.1	1.007
5004	0.0	0.1	0.976
5005	0.0	0.1	0.904
5006	0.0	0.1	0.794
5007	0.0	0.1	0.724
5008	0.0	0.1	0.676
5009	0.0	0.1	0.702
5010	0.0	0.0	0.871
5011	0.0	0.0	0.972
5012	0.0	0.0	1.202
5013	0.0	0.0	1.235
5014	0.0	0.0	1.152
5015	0.0	0.0	0.693
5016	0.0	0.0	0.434
5017	0.0	0.0	0.301
5018	0.0	0.0	0.162
5019	0.0	0.0	0.064
5020	0.0	0.0	0.046
5021	0.0	0.0	0.138
5022	0.0	0.0	0.347
5023	0.0	0.0	0.937
5024	0.0	0.0	1.002
5025	0.0	0.0	1.007
5026	0.0	0.0	1.055
5027	0.0	0.0	1.007
5028	0.0	0.0	0.976
5029	0.0	0.0	0.904
5030	0.0	0.0	0.794
5031	0.0	0.0	0.724
5032	0.0	0.0	0.676
5033	0.0	0.0	0.702
5034	0.0	0.0	0.871
5035	0.0	0.0	0.972
5036	0.0	0.0	1.202
5037	0.0	0.0	1.235
5038	0.0	0.0	1.152
5039	0.0	0.0	0.693
5040	0.0	0.0	0.434
5041	0.0	0.0	0.301
5042	0.0	0.0	0.162
5043	0.0	0.0	0.064
5044	0.0	0.0	0.046
5045	0.0	0.0	0.138
5046	0.0	0.0	0.347
5047	0.0	0.0	0.937
5048	0.0	0.0	1.002
5049	0.0	0.0	1.007
5050	0.0	0.0	1.055
5051	0.0	0.0	1.007
5052	0.0	0.0	0.976
5053	0.0	0.0	0.904
5054	0.0	0.0	0.794
5055	0.0	0.0	0.724
5056	0.0	0.0	0.676
5057	0.0	0.0	0.702
5058	0.0	0.0	0.871
5059	0.0	0.0	0.972
5060	0.0	0.0	1.202
5061	0.0	0.0	1.235
5062	0.0	0.0	1.152
5063	0.0	0.0	0.693
5064	0.0	0.0	0.434
5065	0.0	0.0	0.301
5066	0.0	0.0	0.162
5067	0.0	0.0	0.064
5068	0.0	0.0	0.046
5069	0.0	0.0	0.138
5070	0.0	0.0	0.347
5071	0.0	0.0	0.937
5072	0.0	0.0	1.002
5073	0.0	0.0	1.007
5074	0.0	0.0	1.055
5075	0.0	0.0	1.007
5076	0.0	0.0	0.976
5077	0.0	0.0	0.904
5078	0.0	0.0	0.794
5079	0.0	0.0	0.724
5080	0.0	0.0	0.676
5081	0.0	0.0	0.702
5082	0.0	0.0	0.871
5083	0.0	0.0	0.972
5084	0.0	0.0	1.202
5085	0.0	0.0	1.235
5086	0.0	0.0	1.152
5087	0.0	0.0	0.693
5088	0.0	0.0	0.434
5089	0.0	0.0	0.301
5090	0.0	0.0	0.162
5091	0.0	0.0	0.064
5092	0.0	0.0	0.046
5093	0.0	0.0	0.138
5094	0.0	0.0	0.347
5095	0.0	0.0	0.937
5096	0.0	0.0	1.002
5097	0.0	0.0	1.007
5098	0.0	0.0	1.055
5099	0.0	0.0	1.007
5100	0.0	0.0	0.976
5101	0.0	0.0	0.904
5102	0.0	0.0	0.794
5103	0.0	0.0	0.724
5104	0.0	0.0	0.676
5105	0.0	0.0	0.702
5106	0.0	0.0	0.871
5107	0.0	0.0	0.972
5108	0.0	0.0	1.202
5109	0.0	0.0	1.235
5110	0.0	0.0	1.152
5111	0.0	0.0	0.693
5112	0.0	0.0	0.434
5113	0.0	0.0	0.301
5114	0.0	0.0	0.162
5115	0.0	0.0	0.064
5116	0.0	0.0	0.046
5117	0.0	0.0	0.138
5118	0.0	0.0	0.347
5119	0.0	0.0	0.937
5120	0.0	0.0	1.002
5121	0.0	0.0	1.007
5122	0.0	0.0	1.055
5123	0.0	0.0	1.007
5124	0.0	0.0	0.976
5125	0.0	0.0	0.904
5126	0.0	0.0	0.794
5127	0.0	0.0	0.724
5128	0.0	0.0	0.676
5129	0.0	0.0	0.702
5130	0.0	0.0	0.871
5131	0.0	0.0	0.972
5132	0.0	0.0	1.202
5133	0.0	0.0	1.235
5134	0.0	0.0	1.152
5135	0.0	0.0	0.693
5136	0.0	0.0	0.434
5137	0.0	0.0	0.301
5138	0.0	0.0	0.162
5139	0.0	0.0	0.064
5140	0.0	0.0	0.046
5141	0.0	0.0	0.138
5142	0.0	0.0	0.347
5143	0.0	0.0	0.937
5144	0.0	0.0	1.002
5145	0.0	0.0	1.007
5146	0.0	0.0	1.055
5147	0.0	0.0	1.007
5148	0.0	0.0	0.976
5149	0.0	0.0	0.904
5150	0.0	0.0	0.794
5151	0.0	0.0	0.724
5152	0.0	0.0	0.676
5153	0.0	0.0	0.702
5154	0.0	0.0	0.871
5155	0.0	0.0	0.972
5156	0.0	0.0	1.202
5157	0.0	0.0	1.235
5158	0.0	0.0	1.152
5159	0.0	0.0	0.693
5160	0.0	0.0	0.434
5161	0.0	0.0	0.301
5162	0.0	0.0	0.162
5163	0.0	0.0	0.064
5164	0.0	0.0	0.046
5165	0.0	0.0	0.138
5166	0.0	0.0	0.347
5167	0.0	0.0	0.937
5168	0.0	0.0	1.002
5169	0.0	0.0	1.007
5170	0.0	0.0	1.055
5171	0.0	0.0	1.007
5172	0.0	0.0	0.976
5173	0.0	0.0	0.904
5174	0.0	0.0	0.794
5175	0.0	0.0	0.724
5176	0.0	0.0	0.676
5177	0.0	0.0	0.702
5178	0.0	0.0	0.871
5179	0.0	0.0	0.972
5180	0.0	0.0	1.202
5181	0.0	0.0	1.235
5182	0.0	0.0	1.152
5183	0.0	0.0	0.693
5184	0.0	0.0	0.434
5185	0.0	0.0	0.301
5186	0.0	0.0	0.162
5187	0.0	0.0	0.064
5188	0.0	0.0	0.046
5189	0.0	0.0	0.138
5190	0.0	0.0	0.347
5191	0.0	0.0	0.937
5192	0.0	0.0	1.002
5193	0.0	0.0	1.007
5194	0.0	0.0	1.055
5195	0.0	0.0	1.007
5196	0.0	0.0	0.976
5197	0.0	0.0	0.904
5198	0.0	0.0	0.794
5199	0.0	0.0	0.724
5200	0.0	0.0	0.676
5201	0.0	0.0	0.702
5202	0.0	0.0	0.871
5203	0.0	0.0	0.972
5204	0.0	0.0	1.202
5205	0.0	0.0	1.235
5206	0.0	0.0	1.152
5207	0.0	0.0	0.693
5208	0.0	0.0	0.434
5209	0.0	0.0	0.301
5210	0.0	0.0	0.162
5211	0.0	0.0	0.064
5212	0.0	0.0	0.046
5213	0.0	0.0	0.138
5214	0.0	0.0	0.347
5215	0.0	0.0	0.937
5216	0.0	0.0	1.002
5217	0.0	0.0	1.007
5218	0.0	0.0	1.055
5219	0.0	0.0	1.007
5220	0.0	0.0	0.976
5221	0.0	0.0	0.904
5222	0.0	0.0	0.794
5223	0.0	0.0	0.724
5224	0.0	0.0	0.676
5225	0.0	0.0	0.702
5226	0.0	0.0	0.871
5227	0.0	0.0	0.972
5228	0.0	0.0	1.202
5229	0.0	0.0	1.235
5230	0.0	0.0	1.152
5231	0.0	0.0	0.693
5232	0.0	0.0	0.434
5233	0.0	0.0	0.301
5234	0.0	0.0	0.162
5235	0.0	0.0	0.064
5236	0.0	0.0	0.046
5237	0.0	0.0	0.138
5238	0.0	0.0	0.347
5239	0.0	0.0	0.937
5240	0.0	0.0	1.002
5241	0.0	0.0	1.007
5242	0.0	0.0	1.055
5243	0.0	0.0	1.007
5244	0.0	0.0	0.976
5245	0.0	0.0	0.904
5246	0.0	0.0	0.794
5247	0.0	0.0	0.724
5248	0.0	0.0	0.676
5249	0.0	0.0	0.702
5250	0.0	0.0	0.871
5251	0.0	0.0	0.972
5252	0.0	0.0	1.202
5253	0.0	0.0	1.235
5254	0.0	0.0	1.152
5255	0.0	0.0	0.693
5256	0.0	0.0	0.434
5257	0.0	0.0	0.301
5258	0.0	0.0	0.162
5259	0.0	0.0	0.064
5260	0.0	0.0	0.046
5261	0.0	0.0	0.138
5262	0.0	0.0	0.347
5263	0.0	0.0	0.937
5264	0.0	0.0	1.002
5265	0.0	0.0	1.007
5266	0.0	0.0	1.055
5267	0.0	0.0	1.007
5268	0.0	0.0	0.976
5269	0.0	0.0	0.904
5270	0.0	0.0	0.794
5271	0.0	0.0	0.724
5272	0.0	0.0	0.676
5273	0.0	0.0	0.702
5274	0.0	0.0	0.871
5275	0.0	0.0	0.972
5276	0.0	0.0	1.202
5277	0.0	0.0	1.235
5278	0.0	0.0	1.152
5279	0.0	0.0	0.693
5280	0.0	0.0	0.434
5281	0.0	0.0	0.301
5282	0.0	0.0	0.162
5283	0.0	0.0	0.064
5284	0.0	0.0	0.046
5285	0.0	0.0	0.138
5286	0.0	0.0	0.347
5287	0.0	0.0	0.937
5288	0.0	0.0	1.002
5289	0.0	0.0	1.007
5290	0.0	0.0	1.055
5291	0.0	0.0	1.007
5292	0.0	0.0	0.976
5293	0.0	0.0	0.904
5294	0.0	0.0	0.794
5295	0.0	0.0	0.724
5296	0.0	0.0	0.676
5297	0.0	0.0	0.702
5298	0.0	0.0	0.871
5299	0.0	0.0	0.972
5300	0.0	0.0	1.202
5301	0.0	0.0	1.235
5302	0.0	0.0	1.152
5303	0.0	0.0	0.693
5304	0.0	0.0	0.434
5305	0.0	0.0	0.301
5306	0.0	0.0	0.162
5307	0.0	0.0	0.064
5308	0.0	0.0	0.046
5309	0.0	0.0	0.138
5310	0.0	0.0	0.347
5311	0.0	0.0	0.937
5312	0.0	0.0	1.002
5313	0.0	0.0	1.007
5314	0.0	0.0	1.055
5315	0.0	0.0	1.007
5316	0.0	0.0	0.976
5317	0.0	0.0	0.904
5318	0.0	0.0	0.794
5319	0.0	0.0	0.724
5320	0.0	0.0	0.676
5321	0.0	0.0	0.702
5322	0.0	0.0	0.871
5323	0.0	0.0	0.972
5324	0.0	0.0	1.202
5325	0.0	0.0	1.235
5326	0.0	0.0	1.152
5327	0.0	0.0	0.693
5328	0.0	0.0	0.434
5329	0.0	0.0	0.301
5330	0.0	0.0	0.162
5331	0.0	0.0	0.064
5332	0.0	0.0	0.046
5333	0.0	0.0	0.138
5334	0.0	0.0	0.347
5335	0.0	0.0	0.937
5336	0.0	0.0	1.002
5337	0.0	0.0	1.007
5338	0.0	0.0	1.055
5339	0.0	0.0	1.007
5340	0.0	0.0	0.976
5341	0.0	0.0	0.904
5342	0.0	0.0	0.794
5343	0.0	0.0	0.724
5344	0.0	0.0	0.676
5345	0.0	0.0	0.702
5346	0.0	0.0	0.871
5347	0.0	0.0	0.972
5348	0.0	0.0	1.202
5349	0.0	0.0	1.235
5350	0.0	0.0	1.152
5351	0.0	0.0	0.693
5352	0.0	0.0	0.434
5353	0.0	0.0	0.301
5354	0.0	0.0	0.162
5355	0.0	0.0	0.064
5356	0.0	0.0	0.046
5357	0.0	0.0	0.138
5358	0.0	0.0	0.347
5359	0.0	0.0	0.937
5360	0.0	0.0	1.002
5361	0.0	0.0	1.007
5362	0.0	0.0	1.055
5363	0.0	0.0	1.007
5364	0.0	0.0	0.976
5365	0.0	0.0	0.904
5366	0.0	0.0	0.794
5367	0.0	0.0	0.724
5368	0.0	0.0	0.676
5369	0.0	0.0	0.702
5370	0.0	0.0	0.871
5371	0.0	0.0	0.972
5372	0.0	0.0	1.202
5373	0.0	0.0	1.235
5374	0.0	0.0	1.152
5375	0.0	0.0	0.693
5376	0.0	0.0	0.434
5377	0.0	0.0	0.301
5378	0.0	0.0	0.162
5379	0.0	0.0	0.064
5380	0.0	0.0	0.046
5381	0.0	0.0	0.138
5382	0.0	0.0	0.347
5383	0.0	0.0	0.937
5384	0.0	0.0	1.002
5385	0.0	0.0	1.007
5386	0.0	0.0	1.055
5387	0.0	0.0	1.007
5388	0.0	0.0	0.976
5389	0.0	0.0	0.904
5390	0.0	0.0	0.794
5391	0.0	0.0	0.724
5392	0.0	0.0	0.676
5393	0.0	0.0	0.702
5394	0.0	0.0	0.871
5395	0.0	0.0	0.972
5396	0.0	0.0	1.202
5397	0.0	0.0	1.235
5398	0.0	0.0	1.152
5399	0.0	0.0	0.693
5400	0.0	0.0	0.434
5401	0.0	0.0	0.301
5402	0.0	0.0	0.162
5403	0.0	0.0	0.064
5404	0.0	0.0	0.046
5405	0.0	0.0	0.138
5406	0.0	0.0	0.347
5407	0.0	0.0	0.937
5408	0.0	0.0	1.002
5409	0.0	0.0	1.007
5410	0.0	0.0	1.055
5411	0.0	0.0	1.007
5412	0.0	0.0	0.976
5413	0.0	0.0	0.904
5414	0.0	0.0	0.794
5415	0.0	0.0	0.724
5416	0.0	0.0	0.676
5417	0.0	0.0	0.702
5418	0.0	0.0	0.871
5419	0.0	0.0	0.972
5420	0.0	0.0	1.202
5421	0.0	0.0	1.235
5422	0.0	0.0	1.152
5423	0.0	0.0	0.693
5424	0.0	0.0	0.434
5425	0.0	0.0	0.301
5426	0.0	0.0	0.162
5427	0.0	0.0	0.064
5428	0.0	0.0	0.046
5429	0.0	0.0	0.138
5430	0.0	0.0	0.347
5431	0.0	0.0	0.937
5432	0.0	0.0	1.002
5433	0.0	0.0	1.007
5434	0.0	0.0	1.055
5435	0.0	0.0	1.007
5436	0.0	0.0	0.976
5437	0.0	0.0	0.904
5438	0.0	0.0	0.794
5439	0.0	0.0	0.724
5440	0.0	0.0	0.676
5441	0.0	0.0	0.702
5442	0.0	0.0	0.871
5443	0.0	0.0	0.972
5444	0.0	0.0	1.202
5445	0.0	0.0	1.235
5446	0.0	0.0	1.152
5447	0.0	0.0	0.693
5448	0.0	0.0	0.434
5449	0.0	0.0	0.301
5450	0.0	0.0	0.162
5451	0.0	0.0	0.064
5452	0.0	0.0	0.046
5453	0.0	0.0	0.138
5454	0.0	0.0	0.347
5455	0.0	0.0	0.937
5456	0.0	0.0	1.002
5457	0.0	0.0	1.007
5458	0.0	0.0	1.055
5459	0.0	0.0	1.007
5460	0.0	0.0	0.976
5461	0.0	0.0	0.904
5462	0.0	0.0	0.794
5463	0.0	0.0	0.724
5464	0.0	0.0	0.676
5465	0.0	0.0	0.702
5466	0.0	0.0	0.871
5467	0.0	0.0	0.972
5468	0.0	0.0	1.202
5469	0.0	0.0	1.235
5470	0.0	0.0	1.152
5471	0.0	0.0	0.693
5472	0.0	0.0	0.434
5473	0.0	0.0	0.301
5474	0.0	0.0	0.162
5475	0.0	0.0	0.064
5476	0.0	0.0	0.046
5477	0.0	0.0	0.138
5478	0.0	0.0	0.347
5479	0.0	0.0	0.937
5480	0.0	0.0	1.002
5481	0.0	0.0	1.007
5482	0.0	0.0	1.055
5483	0.0	0.0	1.007
5484	0.0	0.0	0.976
5485	0.0	0.0	0.904
5486	0.0	0.0	0.794
5487	0.0	0.0	0.724
5488	0.0	0.0	0.676
5489	0.0	0.0	0.702
5490	0.0	0.0	0.871
5491	0.0	0.0	0.972
5492	0.0	0.0	1.202
5493	0.0	0.0	1.235
5494	0.0	0.0	1.152
5495	0.0	0.0	0.693
5496	0.0	0.0	0.434
5497	0.0	0.0	0.301
5498	0.0	0.0	0.162
5499	0.0	0.0	0.064
5500	0.0	0.0	0.046
5501	0.0	0.0	0.138
5502	0.0	0.0	0.347
5503	0.0	0.0	0.937
5504	0.0	0.0	1.002
5505	0.0	0.0	1.007
5506	0.0	0.0	1.055
5507	0.0	0.0	1.007
5508	0.0	0.0	0.976
5509	0.0	0.0	0.904
5510	0.0	0.0	0.794
5511	0.0	0.0	0.724
5512	0.0	0.0	0.676
5513	0.0	0.0	0.702
5514	0.0	0.0	0.871
5515	0.0	0.0	0.972
5516	0.0	0.0	1.202
5517	0.0	0.0	1.235
5518	0.0	0.0	1.152
5519	0.0	0.0	0.693
5520	0.0	0.0	0.434
5521	0.0	0.0	0.301
5522	0.0	0.0	0.162
5523	0.0	0.0	0.064
5524	0.0	0.0	0.046
5525	0.0	0.0	0.138
5526	0.0	0.0	0.347
5527	0.0	0.0	0.937
5528	0.0	0.0	1.002
5529	0.0	0.0	1.007
5530	0.0	0.0	1.055
5531	0.0	0.0	1.007
5532	0.0	0.0	0.976
5533	0.0	0.0	0.904
5534	0.0	0.0	0.794
5535	0.0	0.0	0.724
5536	0.0	0.0	0.676
5537	0.0	0.0	0.702
5538	0.0	0.0	0.871
5539	0.0	0.0	0.972
5540	0.0	0.0	1.202
5541	0.0	0.0	1.235
5542	0.0	0.0	1.152
5543	0.0	0.0	0.693
5544	0.0	0.0	0.434
5545	0.0	0.0	0.301
5546	0.0	0.0	0.162
5547	0.0	0.0	0.064
5548	0.0	0.0	0.046
5549	0.0	0.0	0.138
5550	0.0	0.0	0.347
5551	0.0	0.0	0.937
5552	0.0	0.0	1.002
5553	0.0	0.0	1.007
5554	0.0	0.0	1.055
5555	0.0	0.0	1.007
5556	0.0	0.0	0.976
5557	0.0	0.0	0.904
5558	0.0	0.0	0.794
5559	0.0	0.0	0.724
5560	0.0	0.0	0.676
5561	0.0	0.0	0.702
5562	0.0	0.0	0.871
5563	0.0	0.0	0.972
5564	0.0	0.0	1.202
5565	0.0	0.0	1.235
5566	0.0	0.0	1.152
5567	0.0	0.0	0.693
5568	0.0	0.0	0.434
5569	0.0	0.0	0.301
5570	0.0	0.0	0.162
5571	0.0	0.0	0.064
5572	0.0	0.0	0.046
5573	0.0	0.0	0.138
5574	0.0	0.0	0.347
5575	0.0	0.0	0.937
5576	0.0	0.0	1.002
5577	0.0	0.0	1.007
5578	0.0	0.0	1.055
5579	0.0	0.0	1.007
5580	0.0	0.0	0.976
5581	0.0	0.0	0.904
5582	0.0	0.0	0.794
5583	0.0	0.0	0.724
5584	0.0	0.0	0.676
5585	0.0	0.0	0.702
5586	0.0	0.0	0.871
5587	0.0	0.0	0.972
5588	0.0	0.0	1.202
5589	0.0	0.0	1.235
5590	0.0	0.0	1.152
5591	0.0	0.0	0.693
5592	0.0	0.0	0.434
5593	0.0	0.0	0.301
5594	0.0	0.0	0.162
5595	0.0	0.0	0.064
5596	0.0	0.0	0.046
5597	0.0	0.0	0.138
5598	0.0	0.0	0.347
5599	0.0	0.0	0.937
5600	0.0	0.0	1.002
5601	0.0	0.0	1.007
5602	0.0	0.0	1.055
5603	0.0	0.0	1.007
5604	0.0	0.0	0.976
5605	0.0	0.0	0.904
5606	0.0	0.0	0.794
5607	0.0	0.0	0.724
5608	0.0	0.0	0.676
5609	0.0	0.0	0.702
5610	0.0	0.0	0.871
5611	0.0	0.0	0.972
5612	0.0	0.0	1.202
5613	0.0	0.0	1.235
5614	0.0	0.0	1.152
5615	0.0	0.0	0.693
5616	0.0	0.0	0.434
5617	0.0	0.0	0.301
5618	0.0	0.0	0.162
5619	0.0	0.0	0.064
5620	0.0	0.0	0.046
5621	0.0	0.0	0.138
5622	0.0	0.0	0.347
5623	0.0	0.0	0.937
5624	0.0	0.0	1.002
5625	0.0	0.0	1.007
5626	0.0	0.0	1.055
5627	0.0	0.0	1.007
5628	0.0	0.0	0.976
5629	0.0	0.0	0.904
5630	0.0	0.0	0.794
5631	0.0	0.0	0.724
5632	0.0	0.0	0.676
5633	0.0	0.0	0.702
5634	0.0	0.0	0.871
5635	0.0	0.0	0.972
5636	0.0	0.0	1.202
5637	0.0	0.0	1.235
5638	0.0	0.0	1.152
5639	0.0	0.0	0.693
5640	0.0	0.0	0.434
5641	0.0	0.0	0.301
5642	0.0	0.0	0.162
5643	0.0	0.0	0.064
5644	0.0	0.0	0.046
5645	0.0	0.0	0.138
5646	0.0	0.0	0.347
5647	0.0	0.0	0.937
5648	0.0	0.0	1.002
5649	0.0	0.0	1.007
5650	0.0	0.0	1.055
5651	0.0	0.0	1.007
5652	0.0	0.0	0.976
5653	0.0	0.0	0.904
5654	0.0	0.0	0.794
5655	0.0	0.0	0.724
5656	0.0	0.0	0.676
5657	0.0	0.0	0.702
5658	0.0	0.0	0.871
5659	0.0	0.0	0.972
5660	0.0	0.0	1.202
5661	0.0	0.0	1.235
5662	0.0	0.0	1.152
5663	0.0	0.0	0.693
5664	0.0	0.0	0.434
5665	0.0	0.0	0.301
5666	0.0	0.0	0.162
5667	0.0	0.0	0.064
5668	0.0	0.0	0.046
5669	0.0	0.0	0.138
5670	0.0	0.0	0.347
5671	0.0	0.0	0.937
5672	0.0	0.0	1.002
5673	0.0	0.0	1.007
5674	0.0	0.0	1.055
5675	0.0	0.0	1.007
5676	0.0	0.0	0.976
5677	0.0	0.0	0.904
5678	0.0	0.0	0.794
5679	0.0	0.0	0.724
5680	0.0	0.0	0.676
5681	0.0	0.0	0.702
5682	0.0	0.0	0.871
5683	0.0	0.0	0.972
5684	0.0	0.0	1.202
5685	0.0	0.0	1.235
5686	0.0	0.0	1.152
5687	0.0	0.0	0.693
5688	0.0	0.0	0.434
5689	0.0	0.0	0.301
5690	0.0	0.0	0.162
5691	0.0	0.0	0.064
5692	0.0	0.0	0.046
5693	0.0	0.0	0.138
5694	0.0	0.0	0.347
5695	0.0	0.0	0.937
5696	0.0	0.0	1.002
5697	0.0	0.0	1.007
5698	0.0	0.0	1.055
5699	0.0	0.0	1.007
5700	0.0	0.0	0.976
5701	0.0	0.0	0.904
5702	0.0	0.0	0.794
5703	0.0	0.0	0.724
5704	0.0	0.0	0.676
5705	0.0	0.0	0.702
5706	0.0	0.0	0.871
5707	0.0	0.0	0.972
5708	0.0	0.0	1.202
5709	0.0	0.0	1.235
5710	0.0	0.0	1.152
5711	0.0	0.0	0.693
5712	0.0	0.0	0.434
5713	0.0	0.0	0.301
5714	0.0	0.0	0.162
5715	0.0	0.0	0.064
5716	0.0	0.0	0.046
5717	0.0	0.0	0.138
5718	0.0	0.0	0.347
5719	0.0	0.0	0.937
5720	0.0	0.0	1.002
5721	0.0	0.0	1.007
5722	0.0	0.0	1.055
5723	0.0	0.0	1.007
5724	0.0	0.0	0.976
5725	0.0	0.0	0.904
5726	0.0	0.0	0.794
5727	0.0	0.0	0.724
5728	0.0	0.0	0.676
5729	0.0	0.0	0.702
5730	0.0	0.0	0.871
5731	0.0	0.0	0.972
5732	0.0	0.0	1.202
5733	0.0	0.0	1.235
5734	0.0	0.0	1.152
5735	0.0	0.0	0.693
5736	0.0	0.0	0.434
5737	0.0	0.0	0.301
5738	0.0	0.0	0.162
5739	0.0	0.0	0.064
5740	0.0	0.0	0.046
5741	0.0	0.0	0.138
5742	0.0	0.0	0.347
5743	0.0	0.0	0.937
5744	0.0	0.0	1.002
5745	0.0	0.0	1.007
5746	0.0	0.0	1.055
5747	0.0	0.0	1.007
5748	0.0	0.0	0.976
5749	0.0	0.0	0.904
5750	0.0	0.0	0.794
5751	0.0	0.0	0.724
5752	0.0	0.0	0.676
5753	0.0	0.0	0.702
5754	0.0	0.0	0.871
5755	0.0	0.0	0.972
5756	0.0	0.0	1.202
5757	0.0	0.0	1.235
5758	0.0	0.0	1.152
5759	0.0	0.0	0.693
5760	0.0	0.0	0.434
5761	0.0	0.0	0.301
5762	0.0	0.0	0.162
5763	0.0	0.0	0.064
5764	0.0	0.0	0.046
5765	0.0	0.0	0.138
5766	0.0	0.0	0.347
5767	0.0	0.0	0.937
5768	0.0	0.0	1.002
5769	0.0	0.0	1.007
5770	0.0	0.0	1.055
5771	0.0	0.0	1.007
5772	0.0	0.0	0.976
5773	0.0	0.0	0.904
5774	0.0	0.0	0.794
5775	0.0	0.0	0.724
5776	0.0	0.0	0.676
5777	0.0	0.0	0.702
5778	0.0	0.0	0.871
5779	0.0	0.0	0.972
5780	0.0	0.0	1.202
5781	0.0	0.0	1.235
5782	0.0	0.0	1.152
5783	0.0	0.0	0.693
5784	0.0	0.0	0.434
5785	0.0	0.0	0.301
5786	0.0	0.0	0.162
5787	0.0	0.0	0.064
5788	0.0	0.0	0.046
5789	0.0	0.0	0.138
5790	0.0	0.0	0.347
5791	0.0	0.0	0.937
5792	0.0	0.0	1.002
5793	0.0	0.0	1.007
5794	0.0	0.0	1.055
5795	0.0	0.0	1.007
5796	0.0	0.0	0.976
5797	0.0	0.0	0.904
5798	0.0	0.0	0.794
5799	0.0	0.0	0.724
5800	0.0	0.0	0.676
5801	0.0	0.0	0.702
5802	0.0	0.0	0.871
5803	0.0	0.0	0.972
5804	0.0	0.0	1.202
5805	0.0	0.0	1.235
5806	0.0	0.0	1.152
5807	0.0	0.0	0.693
5808	0.0	0.0	0.434
5809	0.0	0.0	0.301
5810	0.0	0.0	0.162
5811	0.0	0.0	0.064
5812	0.0	0.0	0.046
5813	0.0	0.0	0.138
5814	0.0	0.0	0.347
5815	0.0	0.0	0.937
5816	0.0	0.0	1.002
5817	0.0	0.0	1.007
5818	0.0	0.0	1.055
5819	0.0	0.0	1.007
5820	0.0	0.0	0.976
5821	0.0	0.0	0.904
5822	0.0	0.0	0.794
5823	0.0	0.0	0.724
5824	0.0	0.0	0.676
5825	0.0	0.0	0.702
5826	0.0	0.0	0.871
5827	0.0	0.0	0.972
5828	0.0	0.0	1.202
5829	0.0	0.0	1.235
5830	0.0	0.0	1.152
5831	0.0	0.0	0.693
5832	0.0	0.0	0.434
5833	0.0	0.0	0.301
5834	0.0	0.0	0.162
5835	0.0	0.0	0.064
5836	0.0	0.0	0.046
5837	0.0	0.0	0.138
5838	0.0	0.0	0.347
5839	0.0	0.0	0.937
5840	0.0	0.0	1.002
5841	0.0	0.0	1.007
5842	0.0	0.0	1.055
5843	0.0	0.0	1.007
5844	0.0	0.0	0.976
5845	0.0	0.0	0.904
5846	0.0	0.0	0.794
5847	0.0	0.0	0.724
5848	0.0	0.0	0.676
5849	0.0	0.0	0.702
5850	0.0	0.0	0.871
5851	0.0	0.0	0.972
5852	0.0	0.0	1.202
5853	0.0	0.0	1.235
5854	0.0	0.0	1.152
5855	0.0	0.0	0.693
5856	0.0	0.0	0.434
5857	0.0	0.0	0.301
5858	0.0	0.0	0.162
5859	0.0	0.0	0.064
5860	0.0	0.0	0.046
5861	0.0	0.0	0.138
5862	0.0	0.0	0.347
5863	0.0	0.0	0.937
5864	0.0	0.0	1.002
5865	0.0	0.0	1.007
5866	0.0	0.0	1.055
5867	0.0	0.0	1.007
5868	0.0	0.0	0.976
5869	0.0	0.0	0.904
5870	0.0	0.0	0.794
5871	0.0	0.0	0.724
5872	0.0	0.0	0.676
5873	0.0	0.0	0.702
5874	0.0	0.0	0.871
5875	0.0	0.0	0.972
5876	0.0	0.0	1.202
5877	0.0	0.0	1.235
5878	0.0	0.0	1.152
5879	0.0	0.0	0.693
5880	0.0	0.0	0.434
5881	0.0	0.0	0.301
5882	0.0	0.0	0.162
5883	0.0	0.0	0.064
5884	0.0	0.0	0.046
5885	0.0	0.0	0.138
5886	0.0	0.0	0.347
5887	0.0	0.0	0.937
5888	0.0	0.0	1.002
5889	0.0	0.0	1.007
5890	0.0	0.0	1.055
5891	0.0	0.0	1.007
5892	0.0	0.0	0.976
5893	0.0	0.0	0.904
5894	0.0	0.0	0.794
5895	0.0	0.0	0.724
5896	0.0	0.0	0.676
5897	0.0	0.0	0.702
5898	0.0	0.0	0.871
5899	0.0	0.0	0.972
5900	0.0	0.0	1.202
5901	0.0	0.0	1.235
5902	0.0	0.0	1.152
5903	0.0	0.0	0.693
5904	0.0	0.0	0.434
5905	0.0	0.0	0.301
5906	0.0	0.0	0.162
5907	0.0	0.0	0.064
5908	0.0	0.0	0.046
5909	0.0	0.0	0.138
5910	0.0	0.0	0.347
5911	0.0	0.0	0.937
5912	0.0	0.0	1.002
5913	0.0	0.0	1.007
5914	0.0	0.0	1.055
5915	0.0	0.0	1.007
5916	0.0	0.0	0.976
5917	0.0	0.0	0.904
5918	0.0	0.0	0.794
5919	0.0	0.0	0.724
5920	0.0	0.0	0.676
5921	0.0	0.0	0.702
5922	0.0	0.0	0.871
5923	0.0	0.0	0.972
5924	0.0	0.0	1.202
5925	0.0	0.0	1.235
5926	0.0	0.0	1.152
5927	0.0	0.0	0.693
5928	0.0	0.0	0.434
5929	0.0	0.0	0.301
5930	0.0	0.0	0.162
5931	0.0	0.0	0.064
5932	0.0	0.0	0.046
5933	0.0	0.0	0.138
5934	0.0	0.0	0.347
5935	0.0	0.0	0.937
5936	0.0	0.0	1.002
5937	0.0	0.0	1.007
5938	0.0	0.0	1.055
5939	0.0	0.0	1.007
5940	0.0	0.0	0.976
5941	0.0	0.0	0.904
5942	0.0	0.0	0.794
5943	0.0	0.0	0.724
5944	0.0	0.0	0.676
5945	0.0	0.0	0.702
5946	0.0	0.0	0.871
5947	0.0	0.0	0.972
5948	0.0	0.0	1.202
5949	0.0	0.0	1.235
5950	0.0	0.0	1.152
5951	0.0	0.0	0.693
5952	0.0	0.0	0.434
5953	0.0	0.0	0.301
5954	0.0	0.0	0.162
5955	0.0	0.0	0.064
5956	0.0	0.0	0.046
5957	0.0	0.0	0.138
5958	0.0	0.0	0.347
5959	0.0	0.0	0.937
5960	0.0	0.0	1.002
5961	0.0	0.0	1.007
5962	0.0	0.0	1.055
5963	0.0	0.0	1.007
5964	0.0	0.0	0.976
5965	0.0	0.0	0.904
5966	0.0	0.0	0.794
5967	0.0	0.0	0.724
5968	0.0	0.0	0.676
5969	0.0	0.0	0.702
5970	0.0	0.0	0.871
5971	0.0	0.0	0.972
5972	0.0	0.0	1.202
5973	0.0	0.0	1.235
5974	0.0	0.0	1.152
5975	0.0	0.0	0.693
5976	0.0	0.0	0.434
5977	0.0	0.0	0.301
5978	0.0	0.0	0.162
5979	0.0	0.0	0.064
5980	0.0	0.0	0.046
5981	0.0	0.0	0.138
5982	0.0	0.0	0.347
5983	0.0	0.0	0.937
5984	0.0	0.0	1.002
5985	0.0	0.0	1.007
5986	0.0	0.0	1.055
5987	0.0	0.0	1.007
5988	0.0	0.0	0.976
5989	0.0	0.0	0.904
5990	0.0	0.0	0.794
5991	0.0	0.0	0.724
5992	0.0	0.0	0.676
5993	0.0	0.0	0.702
5994	0.0	0.0	0.871
5995	0.0	0.0	0.972
5996	0.0	0.0	1.202
5997	0.0	0.0	1.235
5998	0.0	0.0	1.152
5999	0.0	0.0	0.693
6000	0.0	0.0	0.434
6001	0.0	0.0	0.301
6002	0.0	0.0	0.162
6003	0.0	0.0	0.064
6004	0.0	0.0	0.046
6005	0.0	0.0	0.138
6006	0.0	0.0	0.347
6007	0.0	0.0	0.937
6008	0.0	0.0	1.002
6009	0.0	0.0	1.007
6010	0.0	0.0	1.055
6011	0.0	0.0	1.007
6012	0.0	0.0	0.976
6013	0.0	0.0	0.904
6014	0.0	0.0	0.794
6015	0.0	0.0	0.724
6016	0.0	0.0	0.676
6017	0.0	0.0	0.702
6018	0.0	0.0	0.871
6019	0.0	0.0	0.972
6020	0.0	0.0	1.202
6021	0.0	0.0	1.235
6022	0.0	0.0	1.152
6023	0.0	0.0	0.693
6024	0.0	0.0	0.434
6025	0.0	0.0	0.301
6026	0.0	0.0	0.162
6027	0.0	0.0	0.064
6028	0.0	0.0	0.046
6029	0.0	0.0	0.138
6030	0.0	0.0	0.347
6031	0.0	0.0	0.937
6032	0.0	0.0	1.002
6033	0.0	0.0	1.007
6034	0.0	0.0	1.055
6035	0.0	0.0	1.007
6036	0.0	0.0	0.976
6037	0.0	0.0	0.904
6038	0.0	0.0	0.794
6039	0.0	0.0	0.724
6040	0.0	0.0	0.676
6041	0.0	0.0	0.702
6042	0.0	0.0	0.871
6043	0.0	0.0	0.972
6044	0.0	0.0	1.202
6045	0.0	0.0	1.235
6046	0.0	0.0	1.152
6047	0.0	0.0	0.693
6048	0.0	0.0	0.434
6049	0.0	0.0	0.301
6050	0.0	0.0	0.162
6051	0.0	0.0	0.064
6052	0.0	0.0	0.046
6053	0.0	0.0	0.138
6054	0.0	0.0	0.347
6055	0.0	0.0	0.937
6056	0.0	0.0	1.002
6057	0.0	0.0	1.007
6058	0.0	0.0	1.055
6059	0.0	0.0	1.007
6060	0.0	0.0	0.976
6061	0.0	0.0	0.904
6062	0.0	0.0	0.794
6063	0.0	0.0	0.724
6064	0.0	0.0	0.676
6065	0.0	0.0	0.702
6066	0.0	0.0	0.871
6067	0.0	0.0	0.972
6068	0.0	0.0	1.202
6069	0.0	0.0	1.235
6070	0.0	0.0	1.152
6071	0.0	0.0	0.693
6072	0.0	0.0	0.434
6073	0.0	0.0	0.301
6074	0.0	0.0	0.162
6075	0.0	0.0	0.064
6076	0.0	0.0	0.046
6077	0.0	0.0	0.138
6078	0.0	0.0	0.347
6079	0.0	0.0	0.937
6080	0.0	0.0	1.002
6081	0.0	0.0	1.007
6082	0.0	0.0	1.055
6083	0.0	0.0	1.007
6084	0.0	0.0	0.976
6085	0.0	0.0	0.904
6086	0.0	0.0	0.794
6087	0.0	0.0	0.724
6088	0.0	0.0	0.676
6089	0.0	0.0	0.702
6090	0.0	0.0	0.871
6091	0.0	0.0	0.972
6092	0.0	0.0	1.202
6093	0.0	0.0	1.235
6094	0.0	0.0	1.152
6095	0.0	0.0	0.693
6096	0.0	0.0	0.434
6097	0.0	0.0	0.301
6098	0.0	0.0	0.162
6099	0.0	0.0	0.064
6100	0.0	0.0	0.046
6101	0.0	0.0	0.138
6102	0.0	0.0	0.347
6103	0.0	0.0	0.937
6104	0.0	0.0	1.002
6105	0.0	0.0	1.007
6106	0.0	0.0	1.055
6107	0.0	0.0	1.007
6108	0.0	0.0	0.976
6109	0.0	0.0	0.904
6110	0.0	0.0	0.794
6111	0.0	0.0	0.724
6112	0.0	0.0	0.676
6113	0.0	0.0	0.702
6114	0.0	0.0	0.871
6115	0.0	0.0	0.972
6116	0.0	0.0	1.202
6117	0.0	0.0	1.235
6118	0.0	0.0	1.152
6119	0.0	0.0	0.693
6120	0.0	0.0	0.434
6121	0.0	0.0	0.301
6122	0.0	0.0	0.162
6123	0.0	0.0	0.064
6124	0.0	0.0	0.046
6125	0.0	0.0	0.138
6126	0.0	0.0	0.347
6127	0.0	0.0	0.937
6128	0.0	0.0	1.002
6129	0.0	0.0	1.007
6130	0.0	0.0	1.055
6131	0.0	0.0	1.007
6132	0.0	0.0	0.976
6133	0.0	0.0	0.904
6134	0.0	0.0	0.794
6135	0.0	0.0	0.724
6136	0.0	0.0	0.676
6137	0.0	0.0	0.702
6138	0.0	0.0	0.871
6139	0.0	0.0	0.972
6140	0.0	0.0	1.202
6141	0.0	0.0	1.235
6142	0.0	0.0	1.152
6143	0.0	0.0	0.693
6144	0.0	0.0	0.434
6145	0.0	0.0	0.301
6146	0.0	0.0	0.162
6147	0.0	0.0	0.064
6148	0.0	0.0	0.046
6149	0.0	0.0	0.138
6150	0.0	0.0	0.347
6151	0.0	0.0	0.937
6152	0.0	0.0	1.002
6153	0.0	0.0	1.007
6154	0.0	0.0	1.055
6155	0.0	0.0	1.007
6156	0.0	0.0	0.976
6157	0.0	0.0	0.904
6158	0.0	0.0	0.794
6159	0.0	0.0	0.724
6160	0.0	0.0	0.676
6161	0.0	0.0	0.702
6162	0.0	0.0	0.871
6163	0.0	0.0	0.972
6164	0.0	0.0	1.202
6165	0.0	0.0	1.235
6166	0.0	0.0	1.152
6167	0.0	0.0	0.693
6168	0.0	0.0	0.434
6169	0.0	0.0	0.301
6170	0.0	0.0	0.162
6171	0.0	0.0	0.064
6172	0.0	0.0	0.046
6173	0.0	0.0	0.138
6174	0.0	0.0	0.347
6175	0.0	0.0	0.937
6176	0.0	0.0	1.002
6177	0.0	0.0	1.007
6178	0.0	0.0	1.055
6179	0.0	0.0	1.007
6180	0.0	0.0	0.976
6181	0.0	0.0	0.904
6182	0.0	0.0	0.794
6183	0.0	0.0	0.724
6184	0.0	0.0	0.676
6185	0.0	0.0	0.702
6186	0.0	0.0	0.871
6187	0.0	0.0	0.972
6188	0.0	0.0	1.202
6189	0.0	0.0	1.235
6190	0.0	0.0	1.152
6191	0.0	0.0	0.693
6192	0.0	0.0	0.434
6193	0.0	0.0	0.301
6194	0.0	0.0	0.162
6195	0.0	0.0	0.064
6196	0.0	0.0	0.046
6197	0.0	0.0	0.138
6198	0.0	0.0	0.347
6199	0.0	0.0	0.937
6200	0.0	0.0	1.002
6201	0.0	0.0	1.007
6202	0.0	0.0	1.055
6203	0.0	0.0	1.007
6204	0.0	0.0	0.976
6205	0.0	0.0	0.904
6206	0.0	0.0	0.794
6207	0.0	0.0	0.724
6208	0.0	0.0	0.676
6209	0.0	0.0	0.702
6210	0.0	0.0	0.871
6211	0.0	0.0	0.972
6212	0.0	0.0	1.202
6213	0.0	0.0	1.235
6214	0.0	0.0	1.152
6215	0.0	0.0	0.693
6216	0.0	0.0	0.434
6217	0.0	0.0	0.301
6218	0.0	0.0	0.162
6219	0.0	0.0	0.064
6220	0.0	0.0	0.046
6221	0.0	0.0	0.138
6222	0.0	0.0	0.347
6223	0.0	0.0	0.937
6224	0.0	0.0	1.002
6225	0.0	0.0	1.007
6226	0.0	0.0	1.055
6227	0.0	0.0	1.007
6228	0.0	0.0	0.976
6229	0.0	0.0	0.904
6230	0.0	0.0	0.794
6231	0.0	0.0	0.724
6232	0.0	0.0	0.676
6233	0.0	0.0	0.702
6234	0.0	0.0	0.871
6235	0.0	0.0	0.972
6236	0.0	0.0	1.202
6237	0.0	0.0	1.235
6238	0.0	0.0	1.152
6239	0.0	0.0	0.693
6240	0.0	0.0	0.434
6241	0.0	0.0	0.301
6242	0.0	0.0	0.162
6243	0.0	0.0	0.064
6244	0.0	0.0	0.046
6245	0.0	0.0	0.138
6246	0.0	0.0	0.347
6247	0.0	0.0	0.937
6248	0.0	0.0	1.002
6249	0.0	0.0	1.007
6250	0.0	0.0	1.055
6251	0.0	0.0	1.007
6252	0.0	0.0	0.976
6253	0.0	0.0	0.904
6254	0.0	0.0	0.794
6255	0.0	0.0	0.724
6256	0.0	0.0	0.676
6257	0.0	0.0	0.702
6258	0.0	0.0	0.871
6259	0.0	0.0	0.972
6260	0.0	0.0	1.202
6261	0.0	0.0	1.235
6262	0.0	0.0	1.152
6263	0.0	0.0	0.693
6264	0.0	0.0	0.434
6265	0.0	0.0	0.301
6266	0.0	0.0	0.162
6267	0.0	0.0	0.064
6268	0.0	0.0	0.046
6269	0.0	0.0	0.138
6270	0.0	0.0	0.347
6271	0.0	0.0	0.937
6272	0.0	0.0	1.002
6273	0.0	0.0	1.007
6274	0.0	0.0	1.055
6275	0.0	0.0	1.007
6276	0.0	0.0	0.976
6277	0.0	0.0	0.904
6278	0.0	0.0	0.794
6279	0.0	0.0	0.724
6280	0.0	0.0	0.676
6281	0.0	0.0	0.702
6282	0.0	0.0	0.871
6283	0.0	0.0	0.972
6284	0.0	0.0	1.202
6285	0.0	0.0	1.235
6286	0.0	0.0	1.152
6287	0.0	0.0	0.693
6288	0.0	0.0	0.434
6289	0.0	0.0	0.301
6290	0.0	0.0	0.162
6291	0.0	0.0	0.064
6292	0.0	0.0	0.046
6293	0.0	0.0	0.138
6294	0.0	0.0	0.347
6295	0.0	0.0	0.937
6296	0.0	0.0	1.002
6297	0.0	0.0	1.007
6298	0.0	0.0	1.055
6299	0.0	0.0	1.007
6300	0.0	0.0	0.976
6301	0.0	0.0	0.904
6302	0.0	0.0	0.794
6303	0.0	0.0	0.724
6304	0.0	0.0	0.676
6305	0.0	0.0	0.702
6306	0.0	0.0	0.871
6307	0.0	0.0	0.972
6308	0.0	0.0	1.202
6309	0.0	0.0	1.235
6310	0.0	0.0	1.152
6311	0.0	0.0	0.693
6312	0.0	0.0	0.434
6313	0.0	0.0	0.301
6314	0.0	0.0	0.162
6315	0.0	0.0	0.064
6316	0.0	0.0	0.046
6317	0.0	0.0	0.138
6318	0.0	0.0	0.347
6319	0.0	0.0	0.937
6320	0.0	0.0	1.002
6321	0.0	0.0	1.007
6322	0.0	0.0	1.055
6323	0.0	0.0	1.007
6324	0.0	0.0	0.976
6325	0.0	0.0	0.904
6326	0.0	0.0	0.794
6327	0.0	0.0	0.724
6328	0.0	0.0	0.676
6329	0.0	0.0	0.702
6330	0.0	0.0	0.871
6331	0.0	0.0	0.972
6332	0.0	0.0	1.202
6333	0.0	0.0	1.235
6334	0.0	0.0	1.152
6335	0.0	0.0	0.693
6336	0.0	0.0	0.434
6337	0.0	0.0	0.301
6338	0.0	0.0	0.162
6339	0.0	0.0	0.064
6340	0.0	0.0	0.046
6341	0.0	0.0	0.138
6342	0.0	0.0	0.347
6343	0.0	0.0	0.937
6344	0.0	0.0	1.002
6345	0.0	0.0	1.007
6346	0.0	0.0	1.055
6347	0.0	0.0	1.007
6348	0.0	0.0	0.976
6349	0.0	0.0	0.904
6350	0.0	0.0	0.794
6351	0.0	0.0	0.724
6352	0.0	0.0	0.676
6353	0.0	0.0	0.702
6354	0.0	0.0	0.871
6355	0.0	0.0	0.972
6356	0.0	0.0	1.202
6357	0.0	0.0	1.235
6358	0.0	0.0	1.152
6359	0.0	0.0	0.693
6360	0.0	0.0	0.434
6361	0.0	0.0	0.301
6362	0.0	0.0	0.162
6363	0.0	0.0	0.064
6364	0.0	0.0	0.046
6365	0.0	0.0	0.138
6366	0.0	0.0	0.347
6367	0.0	0.0	0.937
6368	0.0	0.0	1.002
6369	0.0	0.0	1.007
6370	0.0	0.0	1.055
6371	0.0	0.0	1.007
6372	0.0	0.0	0.976
6373	0.0	0.0	0.904
6374	0.0	0.0	0.794
6375	0.0	0.0	0.724
6376	0.0	0.0	0.676
6377	0.0	0.0	0.702
6378	0.0	0.0	0.871
6379	0.0	0.0	0.972
6380	0.0	0.0	1.202
6381	0.0	0.0	1.235
6382	0.0	0.0	1.152
6383	0.0	0.0	0.693
6384	0.0	0.0	0.434
6385	0.0	0.0	0.301
6386	0.0	0.0	0.162
6387	0.0	0.0	0.064
6388	0.0	0.0	0.046
6389	0.0	0.0	0.138
6390	0.0	0.0	0.347
6391	0.0	0.0	0.937
6392	0.0	0.0	1.002
6393	0.0	0.0	1.007
6394	0.0	0.0	1.055
6395	0.0	0.0	1.007
6396	0.0	0.0	0.976
6397	0.0	0.0	0.904
6398	0.0	0.0	0.794
6399	0.0	0.0	0.724
6400	0.0	0.0	0.676
6401	0.0	0.0	0.702
6402	0.0	0.0	0.871
6403	0.0	0.0	0.972
6404	0.0	0.0	1.202
6405	0.0	0.0	1.235
6406	0.0	0.0	1.152
6407	0.0	0.0	0.693
6408	0.0	0.0	0.434
6409	0.0	0.0	0.301
6410	0.0	0.0	0.162
6411	0.0	0.0	0.064
6412	0.0	0.0	0.046
6413	0.0	0.0	0.138
6414	0.0	0.0	0.347
6415	0.0	0.0	0.937
6416	0.0	0.0	1.002
6417	0.0	0.0	1.007
6418	0.0	0.0	1.055
6419	0.0	0.0	1.007
6420	0.0	0.0	0.976
6421	0.0	0.0	0.904
6422	0.0	0.0	0.794
6423	0.0	0.0	0.724
6424	0.0	0.0	0.676
6425	0.0	0.0	0.702
6426	0.0	0.0	0.871
6427	0.0	0.0	0.972
6428	0.0	0.0	1.202
6429	0.0	0.0	1.235
6430	0.0	0.0	1.152
6431	0.0	0.0	0.693
6432	0.0	0.0	0.434
6433	0.0	0.0	0.301
6434	0.0	0.0	0.162
6435	0.0	0.0	0.064
6436	0.0	0.0	0.046
6437	0.0	0.0	0.138
6438	0.0	0.0	0.347
6439	0.0	0.0	0.937
6440	0.0	0.0	1.002
6441	0.0	0.0	1.007
6442	0.0	0.0	1.055
6443	0.0	0.0	1.007
6444	0.0	0.0	0.976
6445	0.0	0.0	0.904
6446	0.0	0.0	0.794
6447	0.0	0.0	0.724
6448	0.0	0.0	0.676
6449	0.0	0.0	0.702
6450	0.0	0.0	0.871
6451	0.0	0.0	0.972
6452	0.0	0.0	1.202
6453	0.0	0.0	1.235
6454	0.0	0.0	1.152
6455	0.0	0.0	0.693
6456	0.0	0.0	0.434
6457	0.0	0.0	0.301
6458	0.0	0.0	0.162
6459	0.0	0.0	0.064
6460	0.0	0.0	0.046
6461	0.0	0.0	0.138
6462	0.0	0.0	0.347
6463	0.0	0.0	0.937
6464	0.0	0.0	1.002
6465	0.0	0.0	1.007
6466	0.0	0.0	1.055
6467	0.0	0.0	1.007
6468	0.0	0.0	0.976
6469	0.0	0.0	0.904
6470	0.0	0.0	0.794
6471	0.0	0.0	0.724
6472	0.0	0.0	0.676
6473	0.0	0.0	0.702
6474	0.0	0.0	0.871
6475	0.0	0.0	0.972
6476	0.0	0.0	1.202
6477	0.0	0.0	1.235
6478	0.0	0.0	1.152
6479	0.0	0.0	0.693
6480	0.0	0.0	0.434
6481	0.0	0.0	0.301
6482	0.0	0.0	0.162
6483	0.0	0.0	0.064
6484	0.0	0.0	0.046
6485	0.0	0.0	0.138
6486	0.0	0.0	0.347
6487	0.0	0.0	0.937
6488	0.0	0.0	1.002
6489	0.0	0.0	1.007
6490	0.0	0.0	1.055
6491	0.0	0.0	1.007
6492	0.0	0.0	0.976
6493	0.0	0.0	0.904
6494	0.0	0.0	0.794
6495	0.0	0.0	0.724
6496	0.0	0.0	0.676
6497	0.0	0.0	0.702
6498	0.0	0.0	0.871
6499	0.0	0.0	0.972
6500	0.0	0.0	1.202
6501	0.0	0.0	1.235
6502	0.0	0.0	1.152
6503	0.0	0.0	0.693
6504	0.0	0.0	0.434
6505	0.0	0.0	0.301
6506	0.0	0.0	0.162
6507	0.0	0.0	0.064
6508	0.0	0.0	0.046
6509	0.0	0.0	0.138
6510	0.0	0.0	0.347
6511	0.0	0.0	0.937
6512	0.0	0.0	1.002
6513	0.0	0.0	1.007
6514	0.0	0.0	1.055
6515	0.0	0.0	1.007
6516	0.0	0.0	0.976
6517	0.0	0.0	0.904
6518	0.0	0.0	0.794
6519	0.0	0.0	0.724
6520	0.0	0.0	0.676
6521	0.0	0.0	0.702
6522	0.0	0.0	0.871
6523	0.0	0.0	0.972
6524	0.0	0.0	1.202
6525	0.0	0.0	1.235
6526	0.0	0.0	1.152
6527	0.0	0.0	0.693
6528	0.0	0.0	0.434
6529	0.0	0.0	0.301
6530	0.0	0.0	0.162
6531	0.0	0.0	0.064
6532	0.0	0.0	0.046
6533	0.0	0.0	0.138
6534	0.0	0.0	0.347
6535	0.0	0.0	0.937
6536	0.0	0.0	1.002
6537	0.0	0.0	1.007
6538	0.0	0.0	1.055
6539	0.0	0.0	1.007
6540	0.0	0.0	0.976
6541	0.0	0.0	0.904
6542	0.0	0.0	0.794
6543	0.0	0.0	0.724
6544	0.0	0.0	0.676
6545	0.0	0.0	0.702
6546	0.0	0.0	0.871
6547	0.0	0.0	0.972
6548	0.0	0.0	1.202
6549	0.0	0.0	1.235
6550	0.0	0.0	1.152
6551	0.0	0.0	0.693
6552	0.0	0.0	0.434
6553	0.0	0.0	0.301
6554	0.0	0.0	0.162
6555	0.0	0.0	0.064
6556	0.0	0.0	0.046
6557	0.0	0.0	0.138
6558	0.0	0.0	0.347
6559	0.0	0.0	0.937
6560	0.0	0.0	1.002
6561	0.0	0.0	1.007
6562	0.0	0.0	1.055
6563	0.0	0.0	1.007
6564	0.0	0.0	0.976
6565	0.0	0.0	0.904
6566	0.0	0.0	0.794
6567	0.0	0.0	0.724
6568	0.0	0.0	0.676
6569	0.0	0.0	0.702
6570	0.0	0.0	0.871
6571	0.0	0.0	0.972
6572	0.0	0.0	1.202
6573	0.0	0.0	1.235
6574	0.0	0.0	1.152
6575	0.0	0.0	0.693
6576	0.0	0.0	0.434
6577	0.0	0.0	0.301
6578	0.2	0.0	0.162
6579	0.2	0.0	0.064
6580	0.3	0.0	0.046
6581	0.5	0.0	0.138
6582	0.7	0.0	0.347
6583	0.8	0.0	0.937
6584	2.3	0.0	1.002
6585	2.4	0.0	1.007
6586	2.2	0.0	1.055
6587	2.1	0.0	1.007
6588	2.1	0.0	0.976
6589	1.9	0.0	0.904
6590	2.0	0.0	0.794
6591	1.8	0.0	0.724
6592	1.9	0.0	0.676
6593	2.1	0.0	0.702
6594	2.7	0.0	0.871
6595	3.1	0.0	0.972
6596	3.3	0.0	1.202
6597	3.6	0.0	1.235
6598	4.0	0.0	1.152
6599	4.2	0.0	0.693
6600	4.4	0.0	0.434
6601	3.0	0.0	0.301
6602	3.2	0.0	0.162
6603	3.3	0.0	0.064
6604	3.3	0.0	0.046
6605	3.2	0.0	0.138
6606	3.4	0.0	0.347
6607	3.6	0.0	0.937
6608	5.2	0.0	1.002
6609	5.0	0.0	1.007
6610	4.6	0.0	1.055
6611	4.4	0.0	1.007
6612	3.9	0.0	0.976
6613	3.8	0.0	0.904
6614	3.9	0.0	0.794
6615	3.9	0.0	0.724
6616	4.0	0.0	0.676
6617	4.2	0.0	0.702
6618	4.4	0.0	0.871
6619	4.6	0.0	0.972
6620	4.9	0.0	1.202
6621	5.3	0.0	1.235
6622	5.6	0.0	1.152
6623	5.5	0.0	0.693
6624	5.7	0.0	0.434
6625	4.2	0.0	0.301
6626	4.3	0.0	0.162
6627	4.3	0.0	0.064
6628	4.2	0.0	0.046
6629	4.3	0.0	0.138
6630	4.3	0.0	0.347
6631	4.3	0.0	0.937
6632	5.6	0.0	1.002
6633	5.6	0.0	1.007
6634	5.4	0.0	1.055
6635	5.0	0.0	1.007
6636	4.5	0.0	0.976
6637	4.1	0.0	0.904
6638	3.8	0.0	0.794
6639	3.6	0.0	0.724
6640	3.6	0.0	0.676
6641	4.0	0.0	0.702
6642	4.4	0.0	0.871
6643	4.8	0.0	0.972
6644	5.3	0.0	1.202
6645	5.4	0.0	1.235
6646	5.5	0.0	1.152
6647	5.6	0.0	0.693
6648	5.6	0.0	0.434
6649	4.4	0.0	0.301
6650	4.4	0.0	0.162
6651	4.4	0.0	0.064
6652	4.4	0.0	0.046
6653	4.4	0.0	0.138
6654	4.4	0.0	0.347
6655	4.1	0.0	0.937
6656	5.4	0.0	1.002
6657	5.2	0.0	1.007
6658	4.5	0.0	1.055
6659	4.0	0.0	1.007
6660	3.5	0.0	0.976
6661	3.3	0.0	0.904
6662	2.8	0.0	0.794
6663	2.7	0.0	0.724
6664	2.7	0.0	0.676
6665	2.9	0.0	0.702
6666	3.5	0.0	0.871
6667	4.1	0.0	0.972
6668	4.5	0.0	1.202
6669	5.0	0.0	1.235
6670	5.0	0.0	1.152
6671	5.3	0.0	0.693
6672	5.6	0.0	0.434
6673	4.1	0.0	0.301
6674	4.1	0.0	0.162
6675	4.1	0.0	0.064
6676	4.2	0.0	0.046
6677	4.4	0.0	0.138
6678	4.4	0.0	0.347
6679	4.5	0.0	0.937
6680	5.6	0.0	1.002
6681	5.5	0.0	1.007
6682	5.2	0.0	1.055
6683	4.7	0.0	1.007
6684	4.1	0.0	0.976
6685	3.5	0.0	0.904
6686	3.1	0.0	0.794
6687	2.9	0.0	0.724
6688	3.1	0.0	0.676
6689	3.0	0.0	0.702
6690	3.4	0.0	0.871
6691	3.8	0.0	0.972
6692	4.1	0.0	1.202
6693	4.2	0.0	1.235
6694	4.0	0.0	1.152
6695	4.3	0.0	0.693
6696	4.5	0.0	0.434
6697	3.1	0.0	0.301
6698	3.3	0.0	0.162
6699	3.3	0.0	0.064
6700	3.4	0.0	0.046
6701	3.6	0.0	0.138
6702	3.8	0.0	0.347
6703	3.7	0.0	0.937
6704	5.1	0.0	1.002
6705	5.0	0.0	1.007
6706	4.5	0.0	1.055
6707	4.2	0.0	1.007
6708	3.9	0.0	0.976
6709	3.8	0.0	0.904
6710	3.5	0.0	0.794
6711	3.6	0.0	0.724
6712	3.6	0.0	0.676
6713	3.9	0.0	0.702
6714	4.4	0.0	0.871
6715	4.9	0.0	0.972
6716	5.3	0.0	1.202
6717	5.3	0.0	1.235
6718	5.7	0.0	1.152
6719	5.9	0.0	0.693
6720	6.1	0.0	0.434
6721	4.7	0.0	0.301
6722	4.7	0.0	0.162
6723	4.7	0.0	0.064
6724	4.6	0.0	0.046
6725	4.7	0.0	0.138
6726	5.0	0.0	0.347
6727	5.0	0.0	0.937
6728	6.5	0.0	1.002
6729	6.2	0.0	1.007
6730	5.5	0.0	1.055
6731	5.2	0.0	1.007
6732	4.8	0.0	0.976
6733	4.3	0.0	0.904
6734	4.0	0.0	0.794
6735	3.7	0.0	0.724
6736	3.9	0.0	0.676
6737	3.9	0.0	0.702
6738	4.1	0.0	0.871
6739	4.5	0.0	0.972
6740	4.7	0.0	1.202
6741	4.9	0.0	1.235
6742	5.0	0.0	1.152
6743	5.1	0.0	0.693
6744	5.1	0.0	0.434
6745	3.7	0.0	0.301
6746	3.7	0.0	0.162
6747	3.6	0.0	0.064
6748	3.6	0.0	0.046
6749	3.6	0.0	0.138
6750	3.6	0.0	0.347
6751	3.7	0.0	0.937
6752	5.3	0.0	1.002
6753	5.0	0.0	1.007
6754	4.6	0.0	1.055
6755	4.1	0.0	1.007
6756	3.7	0.0	0.976
6757	3.3	0.0	0.904
6758	3.0	0.0	0.794
6759	2.8	0.0	0.724
6760	2.7	0.0	0.676
6761	2.8	0.0	0.702
6762	3.2	0.0	0.871
6763	3.6	0.0	0.972
6764	3.7	0.0	1.202
6765	3.9	0.0	1.235
6766	4.1	0.0	1.152
6767	4.4	0.0	0.693
6768	4.7	0.0	0.434
6769	3.4	0.0	0.301
6770	3.7	0.0	0.162
6771	3.8	0.0	0.064
6772	3.9	0.0	0.046
6773	4.1	0.0	0.138
6774	4.3	0.0	0.347
6775	4.4	0.0	0.937
6776	5.8	0.0	1.002
6777	5.5	0.0	1.007
6778	5.0	0.0	1.055
6779	4.4	0.0	1.007
6780	4.0	0.0	0.976
6781	3.6	0.0	0.904
6782	3.2	0.0	0.794
6783	2.9	0.0	0.724
6784	3.0	0.0	0.676
6785	3.5	0.0	0.702
6786	3.7	0.0	0.871
6787	4.4	0.0	0.972
6788	4.4	0.0	1.202
6789	4.6	0.0	1.235
6790	4.9	0.0	1.152
6791	5.0	0.0	0.693
6792	5.0	0.0	0.434
6793	3.7	0.0	0.301
6794	3.7	0.0	0.162
6795	3.5	0.0	0.064
6796	3.5	0.0	0.046
6797	3.5	0.0	0.138
6798	3.3	0.0	0.347
6799	3.5	0.0	0.937
6800	5.0	0.0	1.002
6801	4.8	0.0	1.007
6802	4.2	0.0	1.055
6803	3.9	0.0	1.007
6804	3.5	0.0	0.976
6805	3.3	0.0	0.904
6806	3.1	0.0	0.794
6807	2.9	0.0	0.724
6808	2.7	0.0	0.676
6809	2.8	0.0	0.702
6810	3.1	0.0	0.871
6811	3.5	0.0	0.972
6812	3.6	0.0	1.202
6813	3.7	0.0	1.235
6814	3.7	0.0	1.152
6815	4.0	0.0	0.693
6816	4.0	0.0	0.434
6817	2.6	0.0	0.301
6818	2.7	0.0	0.162
6819	2.7	0.0	0.064
6820	2.9	0.0	0.046
6821	2.7	0.0	0.138
6822	2.6	0.0	0.347
6823	2.6	0.0	0.937
6824	4.2	0.0	1.002
6825	4.2	0.0	1.007
6826	4.0	0.0	1.055
6827	3.7	0.0	1.007
6828	3.2	0.0	0.976
6829	3.0	0.0	0.904
6830	3.0	0.0	0.794
6831	2.5	0.0	0.724
6832	2.6	0.0	0.676
6833	2.7	0.0	0.702
6834	2.6	0.0	0.871
6835	2.7	0.0	0.972
6836	2.7	0.0	1.202
6837	3.0	0.0	1.235
6838	3.1	0.0	1.152
6839	3.1	0.0	0.693
6840	3.3	0.0	0.434
6841	2.0	0.0	0.301
6842	1.9	0.0	0.162
6843	2.0	0.0	0.064
6844	2.1	0.0	0.046
6845	2.0	0.0	0.138
6846	1.8	0.0	0.347
6847	1.7	0.0	0.937
6848	3.2	0.0	1.002
6849	2.8	0.0	1.007
6850	2.5	0.0	1.055
6851	2.2	0.0	1.007
6852	1.8	0.0	0.976
6853	1.7	0.0	0.904
6854	1.6	0.0	0.794
6855	1.7	0.0	0.724
6856	1.7	0.0	0.676
6857	1.6	0.0	0.702
6858	1.6	0.0	0.871
6859	1.5	0.0	0.972
6860	1.6	0.0	1.202
6861	1.5	0.0	1.235
6862	1.5	0.0	1.152
6863	1.5	0.0	0.693
6864	1.4	0.0	0.434
6865	0.0	0.0	0.301
6866	0.0	0.0	0.162
6867	0.0	0.0	0.064
6868	0.0	0.0	0.046
6869	0.0	0.0	0.138
6870	0.0	0.0	0.347
6871	0.0	0.0	0.937
6872	0.0	0.0	1.002
6873	0.0	0.0	1.007
6874	0.0	0.0	1.055
6875	0.0	0.0	1.007
6876	0.0	0.0	0.976
6877	0.0	0.0	0.904
6878	0.0	0.0	0.794
6879	0.0	0.0	0.724
6880	0.0	0.0	0.676
6881	0.0	0.0	0.702
6882	0.0	0.0	0.871
6883	0.0	0.0	0.972
6884	0.0	0.0	1.202
6885	0.0	0.0	1.235
6886	0.0	0.0	1.152
6887	0.0	0.0	0.693
6888	0.0	0.0	0.434
6889	1.1	0.0	0.301
6890	1.1	0.0	0.162
6891	1.2	0.0	0.064
6892	1.4	0.0	0.046
6893	1.6	0.0	0.138
6894	1.6	0.0	0.347
6895	1.8	0.0	0.937
6896	2.9	0.0	1.002
6897	2.6	0.0	1.007
6898	2.3	0.0	1.055
6899	1.9	0.0	1.007
6900	1.3	0.0	0.976
6901	1.0	0.0	0.904
6902	0.6	0.0	0.794
6903	0.4	0.0	0.724
6904	0.4	0.0	0.676
6905	0.8	0.0	0.702
6906	1.1	0.0	0.871
6907	1.5	0.0	0.972
6908	2.0	0.0	1.202
6909	2.1	0.0	1.235
6910	2.6	0.0	1.152
6911	2.8	0.0	0.693
6912	3.1	0.0	0.434
6913	1.6	0.0	0.301
6914	1.7	0.0	0.162
6915	1.8	0.0	0.064
6916	2.0	0.0	0.046
6917	1.9	0.0	0.138
6918	1.8	0.0	0.347
6919	1.7	0.0	0.937
6920	3.0	0.0	1.002
6921	2.6	0.0	1.007
6922	2.4	0.0	1.055
6923	2.2	0.0	1.007
6924	1.6	0.0	0.976
6925	1.1	0.0	0.904
6926	0.8	0.0	0.794
6927	0.8	0.0	0.724
6928	0.5	0.0	0.676
6929	0.6	0.0	0.702
6930	1.0	0.0	0.871
6931	1.3	0.0	0.972
6932	1.3	0.0	1.202
6933	1.3	0.0	1.235
6934	1.5	0.0	1.152
6935	1.5	0.0	0.693
6936	1.5	0.0	0.434
6937	0.3	0.0	0.301
6938	0.5	0.0	0.162
6939	0.5	0.0	0.064
6940	0.6	0.0	0.046
6941	0.6	0.0	0.138
6942	0.8	0.0	0.347
6943	0.8	0.0	0.937
6944	2.3	0.0	1.002
6945	2.0	0.0	1.007
6946	1.6	0.0	1.055
6947	1.1	0.0	1.007
6948	0.7	0.0	0.976
6949	0.6	0.0	0.904
6950	0.5	0.0	0.794
6951	0.6	0.0	0.724
6952	0.5	0.0	0.676
6953	0.8	0.0	0.702
6954	1.0	0.0	0.871
6955	1.3	0.0	0.972
6956	1.7	0.0	1.202
6957	2.0	0.0	1.235
6958	2.2	0.0	1.152
6959	2.4	0.0	0.693
6960	2.7	0.0	0.434
6961	1.4	0.0	0.301
6962	1.6	0.0	0.162
6963	1.8	0.0	0.064
6964	2.1	0.0	0.046
6965	2.3	0.0	0.138
6966	2.5	0.0	0.347
6967	2.7	0.0	0.937
6968	4.1	0.0	1.002
6969	4.2	0.0	1.007
6970	4.0	0.0	1.055
6971	3.5	0.0	1.007
6972	3.0	0.0	0.976
6973	2.8	0.0	0.904
6974	2.6	0.0	0.794
6975	2.9	0.0	0.724
6976	2.9	0.0	0.676
6977	3.0	0.0	0.702
6978	3.6	0.0	0.871
6979	4.1	0.0	0.972
6980	4.4	0.0	1.202
6981	4.7	0.0	1.235
6982	5.1	0.0	1.152
6983	5.3	0.0	0.693
6984	5.5	0.0	0.434
6985	4.4	0.0	0.301
6986	4.4	0.0	0.162
6987	4.6	0.0	0.064
6988	4.8	0.0	0.046
6989	5.0	0.0	0.138
6990	4.7	0.0	0.347
6991	4.6	0.0	0.937
6992	5.8	0.0	1.002
6993	5.5	0.0	1.007
6994	5.1	0.0	1.055
6995	4.6	0.0	1.007
6996	3.9	0.0	0.976
6997	3.7	0.0	0.904
6998	3.3	0.0	0.794
6999	3.0	0.0	0.724
7000	3.3	0.0	0.676
7001	3.2	0.0	0.702
7002	3.6	0.0	0.871
7003	4.1	0.0	0.972
7004	4.4	0.0	1.202
7005	4.7	0.0	1.235
7006	4.9	0.0	1.152
7007	5.1	0.0	0.693
7008	5.3	0.0	0.434
7009	4.1	0.0	0.301
7010	4.0	0.0	0.162
7011	4.3	0.0	0.064
7012	4.5	0.0	0.046
7013	4.7	0.0	0.138
7014	4.8	0.0	0.347
7015	5.1	0.0	0.937
7016	6.5	0.0	1.002
7017	6.2	0.0	1.007
7018	5.8	0.0	1.055
7019	5.4	0.0	1.007
7020	5.0	0.0	0.976
7021	4.4	0.0	0.904
7022	4.1	0.0	0.794
7023	4.0	0.0	0.724
7024	4.1	0.0	0.676
7025	4.3	0.0	0.702
7026	4.7	0.0	0.871
7027	5.0	0.0	0.972
7028	5.1	0.0	1.202
7029	5.0	0.0	1.235
7030	5.1	0.0	1.152
7031	5.5	0.0	0.693
7032	5.6	0.0	0.434
7033	3.9	0.0	0.301
7034	4.0	0.0	0.162
7035	4.1	0.0	0.064
7036	4.1	0.0	0.046
7037	4.2	0.0	0.138
7038	4.2	0.0	0.347
7039	4.1	0.0	0.937
7040	5.3	0.0	1.002
7041	5.0	0.0	1.007
7042	4.8	0.0	1.055
7043	4.5	0.0	1.007
7044	3.7	0.0	0.976
7045	3.6	0.0	0.904
7046	3.7	0.0	0.794
7047	3.5	0.0	0.724
7048	3.3	0.0	0.676
7049	3.4	0.0	0.702
7050	3.8	0.0	0.871
7051	4.2	0.0	0.972
7052	4.4	0.0	1.202
7053	4.7	0.0	1.235
7054	4.9	0.0	1.152
7055	5.1	0.0	0.693
7056	5.2	0.0	0.434
7057	3.6	0.0	0.301
7058	3.8	0.0	0.162
7059	4.1	0.0	0.064
7060	4.3	0.0	0.046
7061	4.1	0.0	0.138
7062	4.1	0.0	0.347
7063	4.0	0.0	0.937
7064	5.2	0.0	1.002
7065	5.0	0.0	1.007
7066	4.7	0.0	1.055
7067	4.4	0.0	1.007
7068	3.9	0.0	0.976
7069	3.7	0.0	0.904
7070	3.5	0.0	0.794
7071	3.4	0.0	0.724
7072	3.4	0.0	0.676
7073	3.7	0.0	0.702
7074	3.8	0.0	0.871
7075	4.3	0.0	0.972
7076	4.6	0.0	1.202
7077	4.9	0.0	1.235
7078	4.8	0.0	1.152
7079	5.3	0.0	0.693
7080	5.4	0.0	0.434
7081	4.1	0.0	0.301
7082	4.1	0.0	0.162
7083	4.3	0.0	0.064
7084	4.2	0.0	0.046
7085	4.1	0.0	0.138
7086	4.1	0.0	0.347
7087	4.3	0.0	0.937
7088	5.4	0.0	1.002
7089	4.8	0.0	1.007
7090	4.5	0.0	1.055
7091	3.9	0.0	1.007
7092	3.5	0.0	0.976
7093	3.2	0.0	0.904
7094	3.0	0.0	0.794
7095	2.8	0.0	0.724
7096	3.0	0.0	0.676
7097	3.0	0.0	0.702
7098	3.1	0.0	0.871
7099	3.3	0.0	0.972
7100	3.5	0.0	1.202
7101	3.6	0.0	1.235
7102	3.9	0.0	1.152
7103	3.9	0.0	0.693
7104	4.0	0.0	0.434
7105	2.6	0.0	0.301
7106	2.6	0.0	0.162
7107	2.9	0.0	0.064
7108	3.0	0.0	0.046
7109	3.0	0.0	0.138
7110	2.9	0.0	0.347
7111	2.9	0.0	0.937
7112	4.7	0.0	1.002
7113	4.4	0.0	1.007
7114	3.9	0.0	1.055
7115	3.5	0.0	1.007
7116	3.1	0.0	0.976
7117	2.8	0.0	0.904
7118	2.8	0.0	0.794
7119	3.0	0.0	0.724
7120	3.1	0.0	0.676
7121	3.4	0.0	0.702
7122	3.9	0.0	0.871
7123	4.2	0.0	0.972
7124	4.2	0.0	1.202
7125	4.3	0.0	1.235
7126	4.3	0.0	1.152
7127	4.2	0.0	0.693
7128	4.4	0.0	0.434
7129	3.1	0.0	0.301
7130	3.2	0.0	0.162
7131	3.2	0.0	0.064
7132	3.3	0.0	0.046
7133	3.1	0.0	0.138
7134	3.1	0.0	0.347
7135	2.9	0.0	0.937
7136	4.3	0.0	1.002
7137	4.0	0.0	1.007
7138	3.6	0.0	1.055
7139	3.2	0.0	1.007
7140	3.0	0.0	0.976
7141	2.3	0.0	0.904
7142	2.0	0.0	0.794
7143	2.1	0.0	0.724
7144	2.1	0.0	0.676
7145	2.6	0.0	0.702
7146	2.6	0.0	0.871
7147	3.0	0.0	0.972
7148	3.3	0.0	1.202
7149	3.4	0.0	1.235
7150	3.4	0.0	1.152
7151	3.7	0.0	0.693
7152	3.8	0.0	0.434
7153	2.6	0.0	0.301
7154	2.8	0.0	0.162
7155	2.9	0.0	0.064
7156	3.0	0.0	0.046
7157	3.1	0.0	0.138
7158	3.0	0.0	0.347
7159	2.9	0.0	0.937
7160	3.9	0.0	1.002
7161	3.5	0.0	1.007
7162	2.9	0.0	1.055
7163	2.5	0.0	1.007
7164	2.0	0.0	0.976
7165	1.6	0.0	0.904
7166	1.4	0.0	0.794
7167	1.4	0.0	0.724
7168	1.5	0.0	0.676
7169	1.6	0.0	0.702
7170	2.1	0.0	0.871
7171	2.4	0.0	0.972
7172	2.5	0.0	1.202
7173	2.7	0.0	1.235
7174	2.9	0.0	1.152
7175	3.0	0.0	0.693
7176	3.4	0.0	0.434
7177	2.1	0.0	0.301
7178	2.0	0.0	0.162
7179	1.9	0.0	0.064
7180	1.9	0.0	0.046
7181	1.8	0.0	0.138
7182	1.5	0.0	0.347
7183	1.5	0.0	0.937
7184	2.8	0.0	1.002
7185	2.7	0.0	1.007
7186	2.2	0.0	1.055
7187	1.6	0.0	1.007
7188	1.1	0.0	0.976
7189	0.5	0.0	0.904
7190	0.0	0.0	0.794
7191	0.0	0.0	0.724
7192	0.0	0.0	0.676
7193	0.1	0.0	0.702
7194	0.3	0.0	0.871
7195	0.7	0.0	0.972
7196	0.9	0.0	1.202
7197	1.0	0.0	1.235
7198	1.2	0.0	1.152
7199	1.6	0.0	0.693
7200	1.6	0.0	0.434
7201	0.3	0.0	0.301
7202	0.7	0.0	0.162
7203	0.6	0.0	0.064
7204	0.8	0.0	0.046
7205	0.8	0.0	0.138
7206	1.0	0.0	0.347
7207	1.2	0.0	0.937
7208	2.9	0.0	1.002
7209	2.4	0.0	1.007
7210	2.2	0.0	1.055
7211	1.9	0.0	1.007
7212	1.5	0.0	0.976
7213	1.2	0.0	0.904
7214	1.1	0.0	0.794
7215	0.7	0.0	0.724
7216	0.5	0.0	0.676
7217	0.7	0.0	0.702
7218	1.1	0.0	0.871
7219	1.8	0.0	0.972
7220	2.2	0.0	1.202
7221	2.3	0.0	1.235
7222	2.3	0.0	1.152
7223	2.7	0.0	0.693
7224	2.8	0.0	0.434
7225	1.8	0.0	0.301
7226	1.8	0.0	0.162
7227	1.7	0.0	0.064
7228	1.7	0.0	0.046
7229	1.7	0.0	0.138
7230	1.8	0.0	0.347
7231	1.7	0.0	0.937
7232	3.0	0.0	1.002
7233	2.7	0.0	1.007
7234	2.3	0.0	1.055
7235	2.2	0.0	1.007
7236	1.6	0.0	0.976
7237	1.3	0.0	0.904
7238	1.3	0.0	0.794
7239	1.3	0.0	0.724
7240	1.2	0.0	0.676
7241	1.2	0.0	0.702
7242	1.2	0.0	0.871
7243	1.4	0.0	0.972
7244	1.6	0.0	1.202
7245	1.5	0.0	1.235
7246	1.5	0.0	1.152
7247	1.7	0.0	0.693
7248	1.8	0.0	0.434
7249	0.3	0.0	0.301
7250	0.4	0.0	0.162
7251	0.5	0.0	0.064
7252	0.7	0.0	0.046
7253	0.8	0.0	0.138
7254	0.8	0.0	0.347
7255	0.8	0.0	0.937
7256	2.2	0.0	1.002
7257	2.2	0.0	1.007
7258	2.1	0.0	1.055
7259	1.8	0.0	1.007
7260	1.5	0.0	0.976
7261	1.1	0.0	0.904
7262	1.2	0.0	0.794
7263	1.3	0.0	0.724
7264	1.2	0.0	0.676
7265	1.6	0.0	0.702
7266	1.9	0.0	0.871
7267	1.9	0.0	0.972
7268	2.0	0.0	1.202
7269	2.4	0.0	1.235
7270	2.4	0.0	1.152
7271	2.4	0.0	0.693
7272	2.7	0.0	0.434
7273	1.3	0.0	0.301
7274	1.3	0.0	0.162
7275	1.1	0.0	0.064
7276	1.1	0.0	0.046
7277	0.9	0.0	0.138
7278	1.2	0.0	0.347
7279	1.1	0.0	0.937
7280	2.5	0.0	1.002
7281	2.4	0.0	1.007
7282	2.4	0.0	1.055
7283	2.5	0.0	1.007
7284	2.4	0.0	0.976
7285	2.5	0.0	0.904
7286	2.4	0.0	0.794
7287	2.5	0.0	0.724
7288	2.3	0.0	0.676
7289	2.2	0.0	0.702
7290	2.4	0.0	0.871
7291	2.6	0.0	0.972
7292	2.6	0.0	1.202
7293	2.5	0.0	1.235
7294	2.6	0.0	1.152
7295	2.6	0.0	0.693
7296	2.6	0.0	0.434
7297	1.7	0.0	0.301
7298	2.2	0.0	0.162
7299	2.5	0.0	0.064
7300	2.7	0.0	0.046
7301	3.1	0.0	0.138
7302	3.5	0.0	0.347
7303	3.8	0.0	0.937
7304	6.2	0.0	1.002
7305	6.1	0.0	1.007
7306	6.6	0.0	1.055
7307	6.4	0.0	1.007
7308	6.1	0.0	0.976
7309	6.1	0.0	0.904
7310	6.0	0.0	0.794
7311	6.3	0.0	0.724
7312	6.4	0.0	0.676
7313	6.7	0.0	0.702
7314	7.5	0.0	0.871
7315	8.1	0.0	0.972
7316	7.8	0.0	1.202
7317	7.9	0.0	1.235
7318	8.1	0.0	1.152
7319	8.3	0.0	0.693
7320	8.8	0.0	0.434
7321	6.7	0.0	0.301
7322	6.9	0.0	0.162
7323	7.1	0.0	0.064
7324	7.3	0.0	0.046
7325	7.1	0.0	0.138
7326	6.8	0.0	0.347
7327	7.0	0.0	0.937
7328	9.1	0.0	1.002
7329	8.6	0.0	1.007
7330	7.9	0.0	1.055
7331	7.2	0.0	1.007
7332	6.3	0.0	0.976
7333	6.1	0.0	0.904
7334	5.6	0.0	0.794
7335	5.3	0.0	0.724
7336	5.3	0.0	0.676
7337	5.3	0.0	0.702
7338	5.8	0.0	0.871
7339	5.8	0.0	0.972
7340	6.0	0.0	1.202
7341	6.3	0.0	1.235
7342	6.3	0.0	1.152
7343	6.8	0.0	0.693
7344	6.8	0.0	0.434
7345	4.6	0.0	0.301
7346	4.6	0.0	0.162
7347	4.8	0.0	0.064
7348	4.8	0.0	0.046
7349	4.7	0.0	0.138
7350	4.9	0.0	0.347
7351	4.9	0.0	0.937
7352	6.9	0.0	1.002
7353	6.7	0.0	1.007
7354	6.4	0.0	1.055
7355	6.2	0.0	1.007
7356	5.8	0.0	0.976
7357	5.5	0.0	0.904
7358	5.2	0.0	0.794
7359	4.8	0.0	0.724
7360	4.7	0.0	0.676
7361	4.9	0.0	0.702
7362	4.8	0.0	0.871
7363	4.6	0.0	0.972
7364	4.4	0.0	1.202
7365	4.6	0.0	1.235
7366	4.6	0.0	1.152
7367	4.5	0.0	0.693
7368	4.2	0.0	0.434
7369	1.4	0.0	0.301
7370	1.5	0.0	0.162
7371	1.8	0.0	0.064
7372	2.0	0.0	0.046
7373	2.6	0.0	0.138
7374	2.9	0.0	0.347
7375	2.5	0.0	0.937
7376	4.8	0.0	1.002
7377	5.0	0.0	1.007
7378	4.5	0.0	1.055
7379	3.8	0.0	1.007
7380	3.1	0.0	0.976
7381	2.6	0.0	0.904
7382	2.0	0.0	0.794
7383	2.2	0.0	0.724
7384	2.2	0.0	0.676
7385	2.5	0.0	0.702
7386	3.1	0.0	0.871
7387	3.6	0.0	0.972
7388	3.5	0.0	1.202
7389	3.4	0.0	1.235
7390	3.6	0.0	1.152
7391	3.8	0.0	0.693
7392	4.2	0.0	0.434
7393	1.7	0.0	0.301
7394	1.9	0.0	0.162
7395	1.7	0.0	0.064
7396	1.8	0.0	0.046
7397	2.0	0.0	0.138
7398	2.0	0.0	0.347
7399	1.7	0.0	0.937
7400	3.9	0.0	1.002
7401	3.9	0.0	1.007
7402	3.8	0.0	1.055
7403	3.9	0.0	1.007
7404	3.6	0.0	0.976
7405	2.9	0.0	0.904
7406	2.5	0.0	0.794
7407	2.4	0.0	0.724
7408	2.8	0.0	0.676
7409	3.2	0.0	0.702
7410	3.5	0.0	0.871
7411	3.7	0.0	0.972
7412	3.8	0.0	1.202
7413	3.8	0.0	1.235
7414	3.8	0.0	1.152
7415	3.6	0.0	0.693
7416	3.4	0.0	0.434
7417	0.7	0.0	0.301
7418	1.1	0.0	0.162
7419	1.5	0.0	0.064
7420	1.4	0.0	0.046
7421	1.6	0.0	0.138
7422	2.0	0.0	0.347
7423	1.5	0.0	0.937
7424	3.7	0.0	1.002
7425	3.6	0.0	1.007
7426	3.5	0.0	1.055
7427	3.5	0.0	1.007
7428	3.7	0.0	0.976
7429	3.1	0.0	0.904
7430	3.1	0.0	0.794
7431	3.0	0.0	0.724
7432	3.3	0.0	0.676
7433	3.8	0.0	0.702
7434	4.0	0.0	0.871
7435	4.2	0.0	0.972
7436	4.7	0.0	1.202
7437	5.4	0.0	1.235
7438	5.5	0.0	1.152
7439	5.4	0.0	0.693
7440	5.9	0.0	0.434
7441	3.9	0.0	0.301
7442	4.1	0.0	0.162
7443	4.4	0.0	0.064
7444	4.9	0.0	0.046
7445	5.3	0.0	0.138
7446	5.9	0.0	0.347
7447	6.3	0.0	0.937
7448	8.4	0.0	1.002
7449	8.5	0.0	1.007
7450	8.1	0.0	1.055
7451	7.4	0.0	1.007
7452	6.8	0.0	0.976
7453	6.5	0.0	0.904
7454	5.9	0.0	0.794
7455	5.9	0.0	0.724
7456	6.3	0.0	0.676
7457	6.9	0.0	0.702
7458	7.8	0.0	0.871
7459	8.1	0.0	0.972
7460	8.4	0.0	1.202
7461	8.9	0.0	1.235
7462	9.7	0.0	1.152
7463	10.1	0.0	0.693
7464	10.4	0.0	0.434
7465	8.5	0.0	0.301
7466	8.7	0.0	0.162
7467	8.9	0.0	0.064
7468	9.0	0.0	0.046
7469	9.2	0.0	0.138
7470	9.2	0.0	0.347
7471	9.2	0.0	0.937
7472	11.3	0.0	1.002
7473	11.3	0.0	1.007
7474	11.2	0.0	1.055
7475	11.0	0.0	1.007
7476	10.9	0.0	0.976
7477	10.3	0.0	0.904
7478	10.2	0.0	0.794
7479	10.0	0.0	0.724
7480	10.0	0.0	0.676
7481	10.0	0.0	0.702
7482	10.2	0.0	0.871
7483	10.2	0.0	0.972
7484	10.4	0.0	1.202
7485	10.2	0.0	1.235
7486	10.2	0.0	1.152
7487	10.4	0.0	0.693
7488	10.6	0.0	0.434
7489	8.2	0.0	0.301
7490	8.3	0.0	0.162
7491	8.3	0.0	0.064
7492	8.7	0.0	0.046
7493	8.5	0.0	0.138
7494	8.2	0.0	0.347
7495	8.1	0.0	0.937
7496	10.9	0.0	1.002
7497	10.9	0.0	1.007
7498	10.0	0.0	1.055
7499	9.7	0.0	1.007
7500	8.7	0.0	0.976
7501	8.2	0.0	0.904
7502	8.1	0.0	0.794
7503	8.0	0.0	0.724
7504	8.3	0.0	0.676
7505	8.7	0.0	0.702
7506	9.1	0.0	0.871
7507	9.6	0.0	0.972
7508	10.0	0.0	1.202
7509	10.6	0.0	1.235
7510	10.9	0.0	1.152
7511	10.9	0.0	0.693
7512	11.3	0.0	0.434
7513	9.3	0.0	0.301
7514	8.9	0.0	0.162
7515	8.9	0.0	0.064
7516	8.8	0.0	0.046
7517	9.0	0.0	0.138
7518	8.8	0.0	0.347
7519	8.9	0.0	0.937
7520	11.1	0.0	1.002
7521	10.9	0.0	1.007
7522	10.6	0.0	1.055
7523	10.4	0.0	1.007
7524	10.2	0.0	0.976
7525	10.1	0.0	0.904
7526	9.9	0.0	0.794
7527	9.4	0.0	0.724
7528	9.7	0.0	0.676
7529	10.2	0.0	0.702
7530	10.2	0.0	0.871
7531	10.2	0.0	0.972
7532	10.2	0.0	1.202
7533	10.4	0.0	1.235
7534	10.7	0.0	1.152
7535	10.4	0.0	0.693
7536	10.5	0.0	0.434
7537	7.8	0.0	0.301
7538	8.4	0.0	0.162
7539	8.7	0.0	0.064
7540	8.5	0.0	0.046
7541	8.6	0.0	0.138
7542	8.6	0.0	0.347
7543	8.5	0.0	0.937
7544	11.2	0.0	1.002
7545	11.3	0.0	1.007
7546	11.1	0.0	1.055
7547	11.1	0.0	1.007
7548	11.0	0.0	0.976
7549	10.7	0.0	0.904
7550	10.2	0.0	0.794
7551	10.2	0.0	0.724
7552	10.5	0.0	0.676
7553	10.6	0.0	0.702
7554	11.5	0.0	0.871
7555	12.0	0.0	0.972
7556	11.6	0.0	1.202
7557	11.8	0.0	1.235
7558	12.1	0.0	1.152
7559	12.5	0.0	0.693
7560	12.9	0.0	0.434
7561	10.6	0.0	0.301
7562	10.5	0.0	0.162
7563	10.7	0.0	0.064
7564	10.7	0.0	0.046
7565	11.0	0.0	0.138
7566	11.1	0.0	0.347
7567	11.3	0.0	0.937
7568	13.9	0.0	1.002
7569	13.9	0.0	1.007
7570	14.2	0.0	1.055
7571	14.5	0.0	1.007
7572	14.3	0.0	0.976
7573	14.4	0.0	0.904
7574	14.5	0.0	0.794
7575	13.9	0.0	0.724
7576	13.6	0.0	0.676
7577	14.2	0.0	0.702
7578	14.2	0.0	0.871
7579	13.8	0.0	0.972
7580	13.7	0.0	1.202
7581	14.0	0.0	1.235
7582	13.9	0.0	1.152
7583	13.9	0.0	0.693
7584	14.4	0.0	0.434
7585	12.0	0.0	0.301
7586	12.2	0.0	0.162
7587	12.3	0.0	0.064
7588	12.3	0.0	0.046
7589	12.0	0.0	0.138
7590	11.7	0.0	0.347
7591	11.3	0.0	0.937
7592	13.4	0.0	1.002
7593	13.3	0.0	1.007
7594	13.5	0.0	1.055
7595	12.9	0.0	1.007
7596	12.4	0.0	0.976
7597	12.0	0.0	0.904
7598	11.3	0.0	0.794
7599	10.9	0.0	0.724
7600	10.9	0.0	0.676
7601	10.6	0.0	0.702
7602	10.5	0.0	0.871
7603	10.7	0.0	0.972
7604	11.1	0.0	1.202
7605	11.1	0.0	1.235
7606	10.7	0.0	1.152
7607	10.6	0.0	0.693
7608	10.7	0.0	0.434
7609	8.2	0.0	0.301
7610	8.1	0.0	0.162
7611	8.1	0.0	0.064
7612	8.6	0.0	0.046
7613	9.0	0.0	0.138
7614	9.2	0.0	0.347
7615	9.2	0.0	0.937
7616	11.5	0.0	1.002
7617	11.1	0.0	1.007
7618	10.9	0.0	1.055
7619	10.0	0.0	1.007
7620	9.5	0.0	0.976
7621	9.1	0.0	0.904
7622	8.6	0.0	0.794
7623	8.2	0.0	0.724
7624	8.2	0.0	0.676
7625	8.7	0.0	0.702
7626	9.0	0.0	0.871
7627	9.1	0.0	0.972
7628	9.2	0.0	1.202
7629	9.1	0.0	1.235
7630	9.0	0.0	1.152
7631	9.2	0.0	0.693
7632	9.1	0.0	0.434
7633	6.9	0.0	0.301
7634	7.1	0.0	0.162
7635	7.1	0.0	0.064
7636	7.1	0.0	0.046
7637	6.9	0.0	0.138
7638	6.7	0.0	0.347
7639	7.0	0.0	0.937
7640	9.1	0.0	1.002
7641	8.4	0.0	1.007
7642	8.1	0.0	1.055
7643	7.5	0.0	1.007
7644	7.5	0.0	0.976
7645	7.0	0.0	0.904
7646	6.5	0.0	0.794
7647	6.4	0.0	0.724
7648	6.2	0.0	0.676
7649	6.2	0.0	0.702
7650	6.5	0.0	0.871
7651	7.3	0.0	0.972
7652	7.3	0.0	1.202
7653	7.2	0.0	1.235
7654	7.4	0.0	1.152
7655	7.2	0.0	0.693
7656	7.1	0.0	0.434
7657	4.8	0.0	0.301
7658	4.4	0.0	0.162
7659	4.7	0.0	0.064
7660	4.6	0.0	0.046
7661	4.7	0.0	0.138
7662	4.4	0.0	0.347
7663	4.7	0.0	0.937
7664	7.0	0.0	1.002
7665	6.7	0.0	1.007
7666	6.6	0.0	1.055
7667	5.9	0.0	1.007
7668	5.5	0.0	0.976
7669	5.0	0.0	0.904
7670	4.8	0.0	0.794
7671	4.3	0.0	0.724
7672	4.6	0.0	0.676
7673	4.8	0.0	0.702
7674	5.5	0.0	0.871
7675	5.5	0.0	0.972
7676	5.7	0.0	1.202
7677	5.4	0.0	1.235
7678	5.6	0.0	1.152
7679	5.5	0.0	0.693
7680	5.7	0.0	0.434
7681	3.3	0.0	0.301
7682	3.5	0.0	0.162
7683	3.1	0.0	0.064
7684	3.2	0.0	0.046
7685	3.2	0.0	0.138
7686	3.4	0.0	0.347
7687	3.2	0.0	0.937
7688	6.3	0.0	1.002
7689	6.3	0.0	1.007
7690	6.3	0.0	1.055
7691	6.4	0.0	1.007
7692	6.4	0.0	0.976
7693	6.2	0.0	0.904
7694	6.2	0.0	0.794
7695	6.2	0.0	0.724
7696	6.6	0.0	0.676
7697	6.8	0.0	0.702
7698	7.3	0.0	0.871
7699	7.3	0.0	0.972
7700	8.1	0.0	1.202
7701	7.8	0.0	1.235
7702	7.9	0.0	1.152
7703	7.9	0.0	0.693
7704	7.7	0.0	0.434
7705	5.5	0.0	0.301
7706	5.6	0.0	0.162
7707	5.5	0.0	0.064
7708	6.1	0.0	0.046
7709	5.9	0.0	0.138
7710	5.9	0.0	0.347
7711	6.0	0.0	0.937
7712	8.4	0.0	1.002
7713	8.3	0.0	1.007
7714	8.3	0.0	1.055
7715	7.9	0.0	1.007
7716	7.2	0.0	0.976
7717	6.6	0.0	0.904
7718	6.4	0.0	0.794
7719	6.8	0.0	0.724
7720	6.8	0.0	0.676
7721	7.3	0.0	0.702
7722	7.6	0.0	0.871
7723	7.9	0.0	0.972
7724	8.5	0.0	1.202
7725	8.9	0.0	1.235
7726	9.0	0.0	1.152
7727	9.1	0.0	0.693
7728	9.5	0.0	0.434
7729	7.5	0.0	0.301
7730	7.7	0.0	0.162
7731	8.2	0.0	0.064
7732	8.4	0.0	0.046
7733	8.8	0.0	0.138
7734	9.2	0.0	0.347
7735	9.5	0.0	0.937
7736	11.9	0.0	1.002
7737	11.9	0.0	1.007
7738	11.1	0.0	1.055
7739	10.9	0.0	1.007
7740	10.2	0.0	0.976
7741	9.7	0.0	0.904
7742	9.6	0.0	0.794
7743	9.9	0.0	0.724
7744	10.2	0.0	0.676
7745	10.8	0.0	0.702
7746	11.6	0.0	0.871
7747	11.6	0.0	0.972
7748	12.1	0.0	1.202
7749	12.4	0.0	1.235
7750	12.8	0.0	1.152
7751	13.4	0.0	0.693
7752	13.6	0.0	0.434
7753	11.4	0.0	0.301
7754	11.1	0.0	0.162
7755	11.3	0.0	0.064
7756	11.1	0.0	0.046
7757	10.9	0.0	0.138
7758	11.1	0.0	0.347
7759	11.5	0.0	0.937
7760	13.7	0.0	1.002
7761	13.4	0.0	1.007
7762	12.7	0.0	1.055
7763	12.0	0.0	1.007
7764	11.4	0.0	0.976
7765	10.6	0.0	0.904
7766	9.7	0.0	0.794
7767	9.7	0.0	0.724
7768	9.4	0.0	0.676
7769	9.6	0.0	0.702
7770	10.5	0.0	0.871
7771	11.1	0.0	0.972
7772	11.2	0.0	1.202
7773	11.3	0.0	1.235
7774	11.3	0.0	1.152
7775	11.4	0.0	0.693
7776	11.9	0.0	0.434
7777	9.7	0.0	0.301
7778	9.3	0.0	0.162
7779	9.5	0.0	0.064
7780	9.9	0.0	0.046
7781	10.0	0.0	0.138
7782	10.2	0.0	0.347
7783	10.0	0.0	0.937
7784	12.0	0.0	1.002
7785	11.8	0.0	1.007
7786	11.2	0.0	1.055
7787	10.2	0.0	1.007
7788	9.7	0.0	0.976
7789	9.1	0.0	0.904
7790	9.1	0.0	0.794
7791	9.0	0.0	0.724
7792	9.1	0.0	0.676
7793	9.4	0.0	0.702
7794	10.1	0.0	0.871
7795	10.5	0.0	0.972
7796	11.0	0.0	1.202
7797	10.7	0.0	1.235
7798	11.3	0.0	1.152
7799	11.5	0.0	0.693
7800	11.7	0.0	0.434
7801	9.2	0.0	0.301
7802	9.3	0.0	0.162
7803	9.1	0.0	0.064
7804	9.3	0.0	0.046
7805	9.4	0.0	0.138
7806	9.6	0.0	0.347
7807	10.0	0.0	0.937
7808	12.2	0.0	1.002
7809	11.8	0.0	1.007
7810	11.7	0.0	1.055
7811	10.9	0.0	1.007
7812	10.2	0.0	0.976
7813	9.0	0.0	0.904
7814	8.3	0.0	0.794
7815	8.1	0.0	0.724
7816	8.3	0.0	0.676
7817	8.3	0.0	0.702
7818	8.5	0.0	0.871
7819	8.4	0.0	0.972
7820	9.2	0.0	1.202
7821	9.6	0.0	1.235
7822	9.7	0.0	1.152
7823	9.6	0.0	0.693
7824	9.8	0.0	0.434
7825	7.4	0.0	0.301
7826	7.3	0.0	0.162
7827	7.3	0.0	0.064
7828	7.2	0.0	0.046
7829	7.2	0.0	0.138
7830	7.4	0.0	0.347
7831	7.2	0.0	0.937
7832	9.5	0.0	1.002
7833	9.4	0.0	1.007
7834	9.2	0.0	1.055
7835	9.0	0.0	1.007
7836	8.3	0.0	0.976
7837	7.7	0.0	0.904
7838	7.2	0.0	0.794
7839	7.0	0.0	0.724
7840	7.1	0.0	0.676
7841	6.8	0.0	0.702
7842	7.1	0.0	0.871
7843	7.0	0.0	0.972
7844	7.2	0.0	1.202
7845	7.2	0.0	1.235
7846	7.4	0.0	1.152
7847	7.0	0.0	0.693
7848	6.9	0.0	0.434
7849	4.3	0.0	0.301
7850	4.6	0.0	0.162
7851	4.8	0.0	0.064
7852	4.7	0.0	0.046
7853	5.2	0.0	0.138
7854	4.9	0.0	0.347
7855	5.1	0.0	0.937
7856	7.9	0.0	1.002
7857	7.9	0.0	1.007
7858	7.5	0.0	1.055
7859	6.8	0.0	1.007
7860	6.3	0.0	0.976
7861	6.1	0.0	0.904
7862	5.9	0.0	0.794
7863	5.7	0.0	0.724
7864	6.0	0.0	0.676
7865	6.4	0.0	0.702
7866	7.0	0.0	0.871
7867	7.4	0.0	0.972
7868	8.1	0.0	1.202
7869	8.7	0.0	1.235
7870	8.9	0.0	1.152
7871	9.6	0.0	0.693
7872	9.6	0.0	0.434
7873	7.5	0.0	0.301
7874	7.6	0.0	0.162
7875	7.7	0.0	0.064
7876	7.7	0.0	0.046
7877	7.9	0.0	0.138
7878	8.1	0.0	0.347
7879	8.1	0.0	0.937
7880	10.6	0.0	1.002
7881	10.3	0.0	1.007
7882	10.1	0.0	1.055
7883	9.7	0.0	1.007
7884	9.3	0.0	0.976
7885	9.1	0.0	0.904
7886	8.9	0.0	0.794
7887	8.8	0.0	0.724
7888	8.5	0.0	0.676
7889	8.7	0.0	0.702
7890	9.1	0.0	0.871
7891	9.4	0.0	0.972
7892	9.9	0.0	1.202
7893	10.2	0.0	1.235
7894	10.6	0.0	1.152
7895	10.5	0.0	0.693
7896	10.3	0.0	0.434
7897	7.5	0.0	0.301
7898	7.5	0.0	0.162
7899	7.6	0.0	0.064
7900	7.6	0.0	0.046
7901	7.5	0.0	0.138
7902	7.4	0.0	0.347
7903	7.6	0.0	0.937
7904	10.2	0.0	1.002
7905	9.3	0.0	1.007
7906	8.5	0.0	1.055
7907	8.0	0.0	1.007
7908	7.6	0.0	0.976
7909	6.8	0.0	0.904
7910	6.5	0.0	0.794
7911	6.7	0.0	0.724
7912	7.0	0.0	0.676
7913	7.3	0.0	0.702
7914	7.8	0.0	0.871
7915	8.0	0.0	0.972
7916	8.0	0.0	1.202
7917	7.8	0.0	1.235
7918	7.7	0.0	1.152
7919	7.9	0.0	0.693
7920	7.6	0.0	0.434
7921	5.1	0.0	0.301
7922	5.3	0.0	0.162
7923	5.4	0.0	0.064
7924	5.6	0.0	0.046
7925	6.2	0.0	0.138
7926	6.4	0.0	0.347
7927	6.6	0.0	0.937
7928	9.3	0.0	1.002
7929	8.9	0.0	1.007
7930	8.5	0.0	1.055
7931	7.8	0.0	1.007
7932	7.1	0.0	0.976
7933	6.6	0.0	0.904
7934	6.8	0.0	0.794
7935	6.6	0.0	0.724
7936	6.7	0.0	0.676
7937	6.8	0.0	0.702
7938	7.3	0.0	0.871
7939	7.1	0.0	0.972
7940	7.4	0.0	1.202
7941	7.6	0.0	1.235
7942	8.2	0.0	1.152
7943	8.2	0.0	0.693
7944	8.8	0.0	0.434
7945	6.9	0.0	0.301
7946	7.1	0.0	0.162
7947	7.3	0.0	0.064
7948	7.4	0.0	0.046
7949	7.9	0.0	0.138
7950	8.2	0.0	0.347
7951	8.1	0.0	0.937
7952	10.4	0.0	1.002
7953	10.4	0.0	1.007
7954	10.0	0.0	1.055
7955	9.3	0.0	1.007
7956	8.8	0.0	0.976
7957	8.2	0.0	0.904
7958	7.7	0.0	0.794
7959	7.5	0.0	0.724
7960	7.7	0.0	0.676
7961	8.0	0.0	0.702
7962	8.6	0.0	0.871
7963	8.7	0.0	0.972
7964	8.9	0.0	1.202
7965	8.7	0.0	1.235
7966	8.9	0.0	1.152
7967	8.7	0.0	0.693
7968	8.8	0.0	0.434
7969	7.0	0.0	0.301
7970	7.3	0.0	0.162
7971	7.3	0.0	0.064
7972	7.7	0.0	0.046
7973	7.9	0.0	0.138
7974	7.7	0.0	0.347
7975	7.8	0.0	0.937
7976	10.2	0.0	1.002
7977	9.8	0.0	1.007
7978	9.3	0.0	1.055
7979	8.1	0.0	1.007
7980	7.4	0.0	0.976
7981	6.7	0.0	0.904
7982	6.4	0.0	0.794
7983	6.7	0.0	0.724
7984	7.3	0.0	0.676
7985	7.4	0.0	0.702
7986	8.1	0.0	0.871
7987	8.7	0.0	0.972
7988	9.0	0.0	1.202
7989	9.5	0.0	1.235
7990	10.2	0.0	1.152
7991	10.3	0.0	0.693
7992	10.8	0.0	0.434
7993	8.6	0.0	0.301
7994	8.6	0.0	0.162
7995	8.7	0.0	0.064
7996	9.3	0.0	0.046
7997	9.3	0.0	0.138
7998	9.6	0.0	0.347
7999	10.0	0.0	0.937
8000	12.6	0.0	1.002
8001	12.3	0.0	1.007
8002	11.8	0.0	1.055
8003	11.3	0.0	1.007
8004	10.6	0.0	0.976
8005	10.3	0.0	0.904
8006	9.9	0.0	0.794
8007	10.2	0.0	0.724
8008	10.7	0.0	0.676
8009	11.0	0.0	0.702
8010	11.8	0.0	0.871
8011	12.7	0.0	0.972
8012	12.7	0.0	1.202
8013	12.9	0.0	1.235
8014	13.5	0.0	1.152
8015	13.9	0.0	0.693
8016	14.1	0.0	0.434
8017	12.1	0.0	0.301
8018	12.1	0.0	0.162
8019	12.4	0.0	0.064
8020	12.3	0.0	0.046
8021	12.6	0.0	0.138
8022	13.2	0.0	0.347
8023	13.7	0.0	0.937
8024	16.1	0.0	1.002
8025	16.5	0.0	1.007
8026	15.8	0.0	1.055
8027	15.5	0.0	1.007
8028	15.5	0.0	0.976
8029	15.0	0.0	0.904
8030	14.8	0.0	0.794
8031	14.6	0.0	0.724
8032	14.2	0.0	0.676
8033	14.3	0.0	0.702
8034	14.3	0.0	0.871
8035	14.4	0.0	0.972
8036	14.7	0.0	1.202
8037	15.5	0.0	1.235
8038	16.0	0.0	1.152
8039	16.2	0.0	0.693
8040	16.0	0.0	0.434
8041	13.5	0.0	0.301
8042	13.4	0.0	0.162
8043	12.9	0.0	0.064
8044	12.8	0.0	0.046
8045	12.6	0.0	0.138
8046	12.7	0.0	0.347
8047	12.3	0.0	0.937
8048	14.9	0.0	1.002
8049	14.9	0.0	1.007
8050	15.1	0.0	1.055
8051	14.5	0.0	1.007
8052	14.1	0.0	0.976
8053	13.6	0.0	0.904
8054	13.5	0.0	0.794
8055	13.2	0.0	0.724
8056	13.3	0.0	0.676
8057	13.0	0.0	0.702
8058	12.9	0.0	0.871
8059	12.9	0.0	0.972
8060	13.3	0.0	1.202
8061	13.1	0.0	1.235
8062	13.2	0.0	1.152
8063	13.4	0.0	0.693
8064	13.4	0.0	0.434
8065	10.5	0.0	0.301
8066	10.4	0.0	0.162
8067	10.3	0.0	0.064
8068	10.4	0.0	0.046
8069	10.4	0.0	0.138
8070	10.4	0.0	0.347
8071	10.0	0.0	0.937
8072	12.7	0.0	1.002
8073	12.6	0.0	1.007
8074	12.2	0.0	1.055
8075	11.4	0.0	1.007
8076	11.1	0.0	0.976
8077	10.8	0.0	0.904
8078	11.0	0.0	0.794
8079	11.0	0.0	0.724
8080	11.3	0.0	0.676
8081	11.5	0.0	0.702
8082	11.5	0.0	0.871
8083	11.9	0.0	0.972
8084	12.3	0.0	1.202
8085	11.9	0.0	1.235
8086	12.1	0.0	1.152
8087	12.0	0.0	0.693
8088	12.2	0.0	0.434
8089	9.8	0.0	0.301
8090	9.9	0.0	0.162
8091	10.4	0.0	0.064
8092	10.3	0.0	0.046
8093	10.9	0.0	0.138
8094	11.2	0.0	0.347
8095	10.6	0.0	0.937
8096	13.1	0.0	1.002
8097	13.1	0.0	1.007
8098	13.0	0.0	1.055
8099	12.4	0.0	1.007
8100	12.5	0.0	0.976
8101	12.1	0.0	0.904
8102	12.2	0.0	0.794
8103	12.9	0.0	0.724
8104	13.1	0.0	0.676
8105	13.3	0.0	0.702
8106	13.9	0.0	0.871
8107	14.3	0.0	0.972
8108	14.3	0.0	1.202
8109	14.8	0.0	1.235
8110	14.8	0.0	1.152
8111	14.9	0.0	0.693
8112	15.4	0.0	0.434
8113	12.4	0.0	0.301
8114	12.0	0.0	0.162
8115	11.6	0.0	0.064
8116	10.9	0.0	0.046
8117	10.9	0.0	0.138
8118	11.1	0.0	0.347
8119	10.6	0.0	0.937
8120	12.9	0.0	1.002
8121	12.7	0.0	1.007
8122	12.4	0.0	1.055
8123	11.9	0.0	1.007
8124	11.4	0.0	0.976
8125	11.1	0.0	0.904
8126	10.3	0.0	0.794
8127	10.1	0.0	0.724
8128	10.2	0.0	0.676
8129	10.0	0.0	0.702
8130	9.8	0.0	0.871
8131	10.0	0.0	0.972
8132	9.8	0.0	1.202
8133	9.6	0.0	1.235
8134	9.1	0.0	1.152
8135	8.9	0.0	0.693
8136	8.9	0.0	0.434
8137	6.0	0.0	0.301
8138	5.8	0.0	0.162
8139	5.7	0.0	0.064
8140	6.0	0.0	0.046
8141	6.1	0.0	0.138
8142	5.8	0.0	0.347
8143	5.8	0.0	0.937
8144	8.4	0.0	1.002
8145	8.0	0.0	1.007
8146	7.8	0.0	1.055
8147	7.5	0.0	1.007
8148	7.5	0.0	0.976
8149	7.1	0.0	0.904
8150	6.7	0.0	0.794
8151	6.1	0.0	0.724
8152	6.2	0.0	0.676
8153	6.5	0.0	0.702
8154	6.6	0.0	0.871
8155	6.2	0.0	0.972
8156	6.5	0.0	1.202
8157	7.0	0.0	1.235
8158	7.5	0.0	1.152
8159	7.8	0.0	0.693
8160	7.9	0.0	0.434
8161	5.1	0.0	0.301
8162	5.6	0.0	0.162
8163	6.0	0.0	0.064
8164	6.3	0.0	0.046
8165	6.5	0.0	0.138
8166	6.6	0.0	0.347
8167	6.6	0.0	0.937
8168	9.3	0.0	1.002
8169	9.0	0.0	1.007
8170	8.9	0.0	1.055
8171	8.6	0.0	1.007
8172	8.5	0.0	0.976
8173	8.2	0.0	0.904
8174	8.5	0.0	0.794
8175	8.2	0.0	0.724
8176	8.3	0.0	0.676
8177	8.5	0.0	0.702
8178	9.0	0.0	0.871
8179	9.1	0.0	0.972
8180	9.6	0.0	1.202
8181	9.9	0.0	1.235
8182	9.9	0.0	1.152
8183	10.1	0.0	0.693
8184	10.1	0.0	0.434
8185	7.8	0.0	0.301
8186	8.1	0.0	0.162
8187	8.4	0.0	0.064
8188	8.8	0.0	0.046
8189	9.8	0.0	0.138
8190	10.5	0.0	0.347
8191	10.8	0.0	0.937
8192	13.0	0.0	1.002
8193	12.3	0.0	1.007
8194	12.3	0.0	1.055
8195	11.9	0.0	1.007
8196	11.6	0.0	0.976
8197	11.9	0.0	0.904
8198	11.8	0.0	0.794
8199	12.1	0.0	0.724
8200	12.8	0.0	0.676
8201	13.3	0.0	0.702
8202	14.2	0.0	0.871
8203	15.1	0.0	0.972
8204	15.8	0.0	1.202
8205	16.2	0.0	1.235
8206	17.2	0.0	1.152
8207	17.9	0.0	0.693
8208	18.5	0.0	0.434
8209	16.0	0.0	0.301
8210	16.0	0.0	0.162
8211	16.4	0.0	0.064
8212	16.7	0.0	0.046
8213	16.5	0.0	0.138
8214	16.0	0.0	0.347
8215	16.4	0.0	0.937
8216	19.0	0.0	1.002
8217	18.8	0.0	1.007
8218	18.4	0.0	1.055
8219	17.9	0.0	1.007
8220	17.7	0.0	0.976
8221	17.6	0.0	0.904
8222	16.8	0.0	0.794
8223	16.5	0.0	0.724
8224	16.4	0.0	0.676
8225	16.7	0.0	0.702
8226	16.6	0.0	0.871
8227	16.6	0.0	0.972
8228	17.0	0.0	1.202
8229	17.1	0.0	1.235
8230	17.3	0.0	1.152
8231	17.4	0.0	0.693
8232	17.3	0.0	0.434
8233	15.0	0.0	0.301
8234	15.2	0.0	0.162
8235	15.1	0.0	0.064
8236	15.3	0.0	0.046
8237	15.4	0.0	0.138
8238	15.6	0.0	0.347
8239	15.7	0.0	0.937
8240	18.1	0.0	1.002
8241	18.3	0.0	1.007
8242	18.1	0.0	1.055
8243	18.3	0.0	1.007
8244	17.7	0.0	0.976
8245	18.1	0.0	0.904
8246	18.0	0.0	0.794
8247	17.8	0.0	0.724
8248	17.7	0.0	0.676
8249	18.1	0.0	0.702
8250	18.1	0.0	0.871
8251	18.2	0.0	0.972
8252	18.8	0.0	1.202
8253	18.3	0.0	1.235
8254	18.4	0.0	1.152
8255	18.7	0.0	0.693
8256	18.4	0.0	0.434
8257	16.0	0.0	0.301
8258	16.2	0.0	0.162
8259	16.0	0.0	0.064
8260	16.3	0.0	0.046
8261	16.5	0.0	0.138
8262	16.4	0.0	0.347
8263	16.3	0.0	0.937
8264	18.6	0.0	1.002
8265	18.1	0.0	1.007
8266	17.6	0.0	1.055
8267	17.1	0.0	1.007
8268	16.9	0.0	0.976
8269	16.3	0.0	0.904
8270	16.1	0.0	0.794
8271	15.8	0.0	0.724
8272	15.8	0.0	0.676
8273	16.3	0.0	0.702
8274	16.3	0.0	0.871
8275	16.1	0.0	0.972
8276	15.7	0.0	1.202
8277	15.9	0.0	1.235
8278	16.3	0.0	1.152
8279	16.1	0.0	0.693
8280	16.4	0.0	0.434
8281	13.8	0.0	0.301
8282	13.4	0.0	0.162
8283	13.1	0.0	0.064
8284	13.0	0.0	0.046
8285	13.0	0.0	0.138
8286	13.1	0.0	0.347
8287	13.2	0.0	0.937
8288	15.9	0.0	1.002
8289	16.2	0.0	1.007
8290	16.0	0.0	1.055
8291	15.5	0.0	1.007
8292	15.4	0.0	0.976
8293	15.2	0.0	0.904
8294	15.3	0.0	0.794
8295	14.9	0.0	0.724
8296	14.7	0.0	0.676
8297	14.7	0.0	0.702
8298	15.0	0.0	0.871
8299	15.0	0.0	0.972
8300	15.1	0.0	1.202
8301	15.2	0.0	1.235
8302	15.5	0.0	1.152
8303	15.4	0.0	0.693
8304	15.5	0.0	0.434
8305	12.9	0.0	0.301
8306	13.1	0.0	0.162
8307	13.5	0.0	0.064
8308	13.6	0.0	0.046
8309	13.9	0.0	0.138
8310	13.4	0.0	0.347
8311	12.9	0.0	0.937
8312	15.1	0.0	1.002
8313	15.3	0.0	1.007
8314	14.8	0.0	1.055
8315	14.1	0.0	1.007
8316	13.4	0.0	0.976
8317	12.8	0.0	0.904
8318	12.1	0.0	0.794
8319	11.9	0.0	0.724
8320	11.9	0.0	0.676
8321	12.3	0.0	0.702
8322	12.6	0.0	0.871
8323	12.7	0.0	0.972
8324	12.8	0.0	1.202
8325	13.3	0.0	1.235
8326	13.5	0.0	1.152
8327	13.4	0.0	0.693
8328	13.4	0.0	0.434
8329	10.8	0.0	0.301
8330	10.8	0.0	0.162
8331	10.3	0.0	0.064
8332	10.2	0.0	0.046
8333	10.7	0.0	0.138
8334	10.9	0.0	0.347
8335	11.3	0.0	0.937
8336	13.8	0.0	1.002
8337	13.5	0.0	1.007
8338	13.0	0.0	1.055
8339	12.4	0.0	1.007
8340	12.0	0.0	0.976
8341	11.5	0.0	0.904
8342	11.1	0.0	0.794
8343	10.9	0.0	0.724
8344	10.9	0.0	0.676
8345	11.3	0.0	0.702
8346	11.7	0.0	0.871
8347	11.8	0.0	0.972
8348	12.2	0.0	1.202
8349	12.0	0.0	1.235
8350	12.1	0.0	1.152
8351	12.1	0.0	0.693
8352	12.2	0.0	0.434
8353	9.4	0.0	0.301
8354	9.5	0.0	0.162
8355	9.4	0.0	0.064
8356	9.3	0.0	0.046
8357	9.0	0.0	0.138
8358	9.2	0.0	0.347
8359	9.9	0.0	0.937
8360	12.5	0.0	1.002
8361	12.0	0.0	1.007
8362	11.2	0.0	1.055
8363	11.0	0.0	1.007
8364	10.1	0.0	0.976
8365	9.7	0.0	0.904
8366	9.5	0.0	0.794
8367	9.3	0.0	0.724
8368	9.7	0.0	0.676
8369	10.3	0.0	0.702
8370	10.5	0.0	0.871
8371	10.8	0.0	0.972
8372	10.9	0.0	1.202
8373	11.6	0.0	1.235
8374	12.2	0.0	1.152
8375	12.5	0.0	0.693
8376	12.8	0.0	0.434
8377	10.4	0.0	0.301
8378	10.5	0.0	0.162
8379	10.3	0.0	0.064
8380	10.3	0.0	0.046
8381	10.6	0.0	0.138
8382	10.8	0.0	0.347
8383	10.8	0.0	0.937
8384	13.6	0.0	1.002
8385	13.7	0.0	1.007
8386	13.2	0.0	1.055
8387	13.0	0.0	1.007
8388	12.5	0.0	0.976
8389	12.2	0.0	0.904
8390	11.3	0.0	0.794
8391	11.2	0.0	0.724
8392	11.2	0.0	0.676
8393	11.4	0.0	0.702
8394	11.4	0.0	0.871
8395	11.8	0.0	0.972
8396	11.4	0.0	1.202
8397	11.2	0.0	1.235
8398	11.1	0.0	1.152
8399	11.2	0.0	0.693
8400	11.0	0.0	0.434
8401	8.4	0.0	0.301
8402	8.5	0.0	0.162
8403	8.7	0.0	0.064
8404	8.1	0.0	0.046
8405	8.4	0.0	0.138
8406	8.3	0.0	0.347
8407	8.4	0.0	0.937
8408	11.2	0.0	1.002
8409	11.1	0.0	1.007
8410	10.5	0.0	1.055
8411	10.0	0.0	1.007
8412	9.7	0.0	0.976
8413	9.6	0.0	0.904
8414	9.5	0.0	0.794
8415	9.3	0.0	0.724
8416	8.9	0.0	0.676
8417	9.2	0.0	0.702
8418	9.5	0.0	0.871
8419	9.3	0.0	0.972
8420	9.7	0.0	1.202
8421	9.5	0.0	1.235
8422	9.5	0.0	1.152
8423	9.6	0.0	0.693
8424	10.0	0.0	0.434
8425	6.9	0.0	0.301
8426	6.7	0.0	0.162
8427	7.2	0.0	0.064
8428	7.1	0.0	0.046
8429	7.4	0.0	0.138
8430	7.5	0.0	0.347
8431	7.2	0.0	0.937
8432	9.9	0.0	1.002
8433	9.5	0.0	1.007
8434	9.0	0.0	1.055
8435	8.5	0.0	1.007
8436	8.3	0.0	0.976
8437	8.2	0.0	0.904
8438	8.0	0.0	0.794
8439	7.8	0.0	0.724
8440	7.7	0.0	0.676
8441	7.8	0.0	0.702
8442	8.4	0.0	0.871
8443	8.6	0.0	0.972
8444	8.8	0.0	1.202
8445	9.0	0.0	1.235
8446	8.7	0.0	1.152
8447	8.4	0.0	0.693
8448	8.0	0.0	0.434
8449	5.6	0.0	0.301
8450	6.1	0.0	0.162
8451	6.0	0.0	0.064
8452	6.6	0.0	0.046
8453	6.5	0.0	0.138
8454	6.2	0.0	0.347
8455	6.3	0.0	0.937
8456	8.8	0.0	1.002
8457	8.9	0.0	1.007
8458	8.2	0.0	1.055
8459	7.6	0.0	1.007
8460	7.2	0.0	0.976
8461	6.7	0.0	0.904
8462	6.2	0.0	0.794
8463	5.9	0.0	0.724
8464	6.5	0.0	0.676
8465	6.9	0.0	0.702
8466	7.2	0.0	0.871
8467	7.4	0.0	0.972
8468	7.7	0.0	1.202
8469	7.8	0.0	1.235
8470	8.0	0.0	1.152
8471	8.1	0.0	0.693
8472	8.3	0.0	0.434
8473	6.0	0.0	0.301
8474	6.7	0.0	0.162
8475	6.7	0.0	0.064
8476	6.7	0.0	0.046
8477	7.0	0.0	0.138
8478	7.3	0.0	0.347
8479	7.7	0.0	0.937
8480	10.3	0.0	1.002
8481	10.3	0.0	1.007
8482	10.1	0.0	1.055
8483	9.9	0.0	1.007
8484	9.7	0.0	0.976
8485	9.4	0.0	0.904
8486	9.5	0.0	0.794
8487	9.5	0.0	0.724
8488	9.6	0.0	0.676
8489	10.1	0.0	0.702
8490	10.4	0.0	0.871
8491	10.8	0.0	0.972
8492	11.4	0.0	1.202
8493	11.7	0.0	1.235
8494	12.3	0.0	1.152
8495	12.4	0.0	0.693
8496	12.7	0.0	0.434
8497	10.1	0.0	0.301
8498	10.1	0.0	0.162
8499	10.1	0.0	0.064
8500	9.8	0.0	0.046
8501	10.2	0.0	0.138
8502	10.3	0.0	0.347
8503	10.1	0.0	0.937
8504	12.9	0.0	1.002
8505	12.8	0.0	1.007
8506	12.4	0.0	1.055
8507	11.5	0.0	1.007
8508	11.1	0.0	0.976
8509	10.9	0.0	0.904
8510	10.5	0.0	0.794
8511	10.5	0.0	0.724
8512	10.2	0.0	0.676
8513	10.4	0.0	0.702
8514	10.8	0.0	0.871
8515	10.7	0.0	0.972
8516	10.9	0.0	1.202
8517	10.6	0.0	1.235
8518	10.2	0.0	1.152
8519	10.1	0.0	0.693
8520	9.8	0.0	0.434
8521	7.5	0.0	0.301
8522	7.6	0.0	0.162
8523	7.7	0.0	0.064
8524	7.7	0.0	0.046
8525	7.9	0.0	0.138
8526	7.8	0.0	0.347
8527	7.8	0.0	0.937
8528	10.5	0.0	1.002
8529	10.2	0.0	1.007
8530	9.4	0.0	1.055
8531	9.5	0.0	1.007
8532	9.4	0.0	0.976
8533	9.2	0.0	0.904
8534	9.6	0.0	0.794
8535	9.5	0.0	0.724
8536	10.0	0.0	0.676
8537	9.8	0.0	0.702
8538	10.2	0.0	0.871
8539	9.9	0.0	0.972
8540	10.0	0.0	1.202
8541	10.3	0.0	1.235
8542	10.1	0.0	1.152
8543	10.2	0.0	0.693
8544	10.5	0.0	0.434
8545	8.2	0.0	0.301
8546	8.6	0.0	0.162
8547	8.6	0.0	0.064
8548	8.8	0.0	0.046
8549	9.0	0.0	0.138
8550	9.4	0.0	0.347
8551	9.5	0.0	0.937
8552	12.1	0.0	1.002
8553	11.8	0.0	1.007
8554	11.3	0.0	1.055
8555	10.6	0.0	1.007
8556	10.2	0.0	0.976
8557	10.0	0.0	0.904
8558	9.7	0.0	0.794
8559	10.4	0.0	0.724
8560	11.0	0.0	0.676
8561	11.4	0.0	0.702
8562	11.9	0.0	0.871
8563	11.6	0.0	0.972
8564	11.8	0.0	1.202
8565	11.6	0.0	1.235
8566	12.0	0.0	1.152
8567	12.1	0.0	0.693
8568	12.2	0.0	0.434
8569	9.7	0.0	0.301
8570	9.9	0.0	0.162
8571	9.9	0.0	0.064
8572	10.1	0.0	0.046
8573	9.9	0.0	0.138
8574	10.3	0.0	0.347
8575	10.5	0.0	0.937
8576	13.0	0.0	1.002
8577	12.6	0.0	1.007
8578	12.3	0.0	1.055
8579	11.7	0.0	1.007
8580	10.6	0.0	0.976
8581	10.2	0.0	0.904
8582	9.8	0.0	0.794
8583	9.2	0.0	0.724
8584	9.4	0.0	0.676
8585	9.8	0.0	0.702
8586	10.1	0.0	0.871
8587	10.5	0.0	0.972
8588	11.5	0.0	1.202
8589	11.3	0.0	1.235
8590	11.1	0.0	1.152
8591	11.3	0.0	0.693
8592	11.4	0.0	0.434
8593	8.9	0.0	0.301
8594	8.5	0.0	0.162
8595	8.4	0.0	0.064
8596	8.2	0.0	0.046
8597	8.1	0.0	0.138
8598	7.7	0.0	0.347
8599	7.8	0.0	0.937
8600	10.1	0.0	1.002
8601	9.7	0.0	1.007
8602	9.6	0.0	1.055
8603	8.9	0.0	1.007
8604	8.1	0.0	0.976
8605	7.9	0.0	0.904
8606	7.2	0.0	0.794
8607	7.3	0.0	0.724
8608	7.5	0.0	0.676
8609	7.9	0.0	0.702
8610	8.6	0.0	0.871
8611	8.9	0.0	0.972
8612	8.6	0.0	1.202
8613	8.4	0.0	1.235
8614	8.4	0.0	1.152
8615	8.7	0.0	0.693
8616	8.9	0.0	0.434
8617	6.6	0.0	0.301
8618	6.2	0.0	0.162
8619	6.0	0.0	0.064
8620	6.2	0.0	0.046
8621	6.4	0.0	0.138
8622	6.6	0.0	0.347
8623	6.3	0.0	0.937
8624	8.9	0.0	1.002
8625	8.9	0.0	1.007
8626	8.3	0.0	1.055
8627	7.4	0.0	1.007
8628	6.9	0.0	0.976
8629	6.5	0.0	0.904
8630	6.4	0.0	0.794
8631	6.0	0.0	0.724
8632	6.5	0.0	0.676
8633	6.8	0.0	0.702
8634	7.4	0.0	0.871
8635	7.9	0.0	0.972
8636	8.0	0.0	1.202
8637	8.4	0.0	1.235
8638	8.7	0.0	1.152
8639	9.2	0.0	0.693
8640	9.5	0.0	0.434
8641	7.4	0.0	0.301
8642	7.4	0.0	0.162
8643	7.3	0.0	0.064
8644	7.3	0.0	0.046
8645	7.1	0.0	0.138
8646	7.4	0.0	0.347
8647	7.5	0.0	0.937
8648	10.3	0.0	1.002
8649	10.0	0.0	1.007
8650	9.6	0.0	1.055
8651	9.0	0.0	1.007
8652	8.2	0.0	0.976
8653	7.8	0.0	0.904
8654	7.5	0.0	0.794
8655	7.0	0.0	0.724
8656	6.9	0.0	0.676
8657	7.3	0.0	0.702
8658	7.6	0.0	0.871
8659	7.7	0.0	0.972
8660	7.3	0.0	1.202
8661	7.5	0.0	1.235
8662	7.6	0.0	1.152
8663	7.6	0.0	0.693
8664	7.9	0.0	0.434
8665	5.3	0.0	0.301
8666	5.1	0.0	0.162
8667	4.7	0.0	0.064
8668	4.6	0.0	0.046
8669	4.5	0.0	0.138
8670	4.4	0.0	0.347
8671	4.5	0.0	0.937
8672	7.2	0.0	1.002
8673	7.2	0.0	1.007
8674	7.2	0.0	1.055
8675	6.7	0.0	1.007
8676	6.3	0.0	0.976
8677	6.1	0.0	0.904
8678	5.7	0.0	0.794
8679	5.7	0.0	0.724
8680	5.8	0.0	0.676
8681	5.6	0.0	0.702
8682	5.1	0.0	0.871
8683	5.1	0.0	0.972
8684	5.0	0.0	1.202
8685	4.7	0.0	1.235
8686	4.7	0.0	1.152
8687	4.6	0.0	0.693
8688	4.5	0.0	0.434
8689	2.0	0.0	0.301
8690	2.1	0.0	0.162
8691	2.4	0.0	0.064
8692	1.9	0.0	0.046
8693	2.3	0.0	0.138
8694	2.7	0.0	0.347
8695	2.4	0.0	0.937
8696	5.1	0.0	1.002
8697	5.0	0.0	1.007
8698	5.2	0.0	1.055
8699	4.9	0.0	1.007
8700	5.2	0.0	0.976
8701	5.3	0.0	0.904
8702	5.5	0.0	0.794
8703	6.1	0.0	0.724
8704	6.7	0.0	0.676
8705	7.1	0.0	0.702
8706	7.5	0.0	0.871
8707	7.8	0.0	0.972
8708	7.8	0.0	1.202
8709	7.8	0.0	1.235
8710	8.1	0.0	1.152
8711	8.3	0.0	0.693
8712	8.1	0.0	0.434
8713	5.7	0.0	0.301
8714	6.3	0.0	0.162
8715	6.4	0.0	0.064
8716	6.9	0.0	0.046
8717	7.1	0.0	0.138
8718	7.6	0.0	0.347
8719	8.1	0.0	0.937
8720	10.6	0.0	1.002
8721	10.8	0.0	1.007
8722	10.7	0.0	1.055
8723	11.2	0.0	1.007
8724	10.6	0.0	0.976
8725	10.1	0.0	0.904
8726	10.2	0.0	0.794
8727	10.1	0.0	0.724
8728	10.5	0.0	0.676
8729	10.8	0.0	0.702
8730	11.5	0.0	0.871
8731	11.8	0.0	0.972
8732	11.5	0.0	1.202
8733	12.0	0.0	1.235
8734	12.6	0.0	1.152
8735	12.8	0.0	0.693
8736	13.2	0.0	0.434
8737	10.8	0.0	0.301
8738	11.1	0.0	0.162
8739	11.3	0.0	0.064
8740	11.4	0.0	0.046
8741	11.6	0.0	0.138
8742	11.7	0.0	0.347
8743	11.9	0.0	0.937
8744	14.4	0.0	1.002
8745	15.0	0.0	1.007
8746	14.6	0.0	1.055
8747	14.4	0.0	1.007
8748	14.4	0.0	0.976
8749	14.5	0.0	0.904
8750	14.4	0.0	0.794
8751	14.5	0.0	0.724
8752	14.6	0.0	0.676
8753	14.4	0.0	0.702
8754	14.6	0.0	0.871
8755	15.2	0.0	0.972
8756	15.6	0.0	1.202
8757	16.3	0.0	1.235
8758	17.0	0.0	1.152
8759	17.4	0.0	0.693
8760	17.7	0.0	0.434
