# HOY	Heat Demand	Load duration curve	Dhw Demand
# [h]	[kWh / h]	[kWh / h]	[kWh / h]
1	15.0	28.5	0.461
2	15.4	28.4	0.249
3	16.2	27.4	0.098
4	15.9	27.3	0.071
5	16.2	27.2	0.212
6	16.2	27.2	0.532
7	15.9	27.1	1.438
8	19.6	26.9	1.539
9	19.7	26.8	1.546
10	18.5	26.7	1.620
11	18.6	26.6	1.546
12	17.5	26.6	1.499
13	17.0	26.6	1.388
14	17.1	26.4	1.219
15	17.1	26.4	1.111
16	17.6	26.4	1.037
17	18.7	26.2	1.078
18	20.2	26.2	1.337
19	21.5	26.2	1.492
20	21.9	26.2	1.846
21	22.1	26.2	1.896
22	22.8	26.2	1.768
23	23.3	26.2	1.064
24	24.2	26.0	0.667
25	21.1	26.0	0.461
26	20.5	25.9	0.249
27	20.6	25.9	0.098
28	20.7	25.9	0.071
29	20.4	25.9	0.212
30	20.0	25.8	0.532
31	20.4	25.8	1.438
32	24.6	25.7	1.539
33	23.9	25.7	1.546
34	23.5	25.6	1.620
35	22.7	25.6	1.546
36	21.8	25.6	1.499
37	21.3	25.6	1.388
38	21.1	25.5	1.219
39	20.3	25.4	1.111
40	20.8	25.4	1.037
41	21.7	25.4	1.078
42	22.7	25.4	1.337
43	22.9	25.4	1.492
44	23.0	25.3	1.846
45	23.3	25.1	1.896
46	23.3	25.1	1.768
47	23.4	25.1	1.064
48	23.4	24.9	0.667
49	19.6	24.9	0.461
50	19.5	24.8	0.249
51	19.7	24.8	0.098
52	20.1	24.8	0.071
53	20.4	24.8	0.212
54	20.0	24.7	0.532
55	20.8	24.7	1.438
56	24.2	24.7	1.539
57	24.0	24.7	1.546
58	24.1	24.6	1.620
59	23.5	24.6	1.546
60	23.3	24.6	1.499
61	22.3	24.6	1.388
62	21.7	24.5	1.219
63	21.4	24.5	1.111
64	21.3	24.4	1.037
65	21.5	24.4	1.078
66	22.4	24.3	1.337
67	23.1	24.2	1.492
68	23.7	24.2	1.846
69	24.4	24.2	1.896
70	24.9	24.1	1.768
71	25.4	24.1	1.064
72	25.8	24.1	0.667
73	22.3	24.1	0.461
74	22.3	24.0	0.249
75	22.1	24.0	0.098
76	22.2	23.9	0.071
77	22.2	23.9	0.212
78	22.0	23.9	0.532
79	21.5	23.9	1.438
80	24.5	23.9	1.539
81	23.8	23.8	1.546
82	22.5	23.8	1.620
83	20.5	23.8	1.546
84	18.9	23.8	1.499
85	17.4	23.8	1.388
86	16.9	23.7	1.219
87	17.1	23.7	1.111
88	16.9	23.7	1.037
89	17.2	23.7	1.078
90	17.4	23.7	1.337
91	17.4	23.7	1.492
92	16.9	23.6	1.846
93	17.5	23.6	1.896
94	17.8	23.6	1.768
95	18.0	23.6	1.064
96	18.0	23.5	0.667
97	14.2	23.5	0.461
98	14.3	23.5	0.249
99	15.1	23.5	0.098
100	15.5	23.5	0.071
101	16.1	23.5	0.212
102	16.4	23.5	0.532
103	17.1	23.5	1.438
104	21.1	23.4	1.539
105	21.6	23.4	1.546
106	21.5	23.4	1.620
107	21.9	23.4	1.546
108	22.1	23.4	1.499
109	22.2	23.4	1.388
110	22.7	23.4	1.219
111	23.9	23.4	1.111
112	23.7	23.3	1.037
113	24.8	23.3	1.078
114	25.9	23.3	1.337
115	26.0	23.3	1.492
116	25.6	23.3	1.846
117	26.2	23.2	1.896
118	27.2	23.2	1.768
119	28.4	23.2	1.064
120	28.5	23.2	0.667
121	25.4	23.2	0.461
122	25.4	23.2	0.249
123	24.8	23.2	0.098
124	24.7	23.2	0.071
125	23.5	23.2	0.212
126	22.7	23.1	0.532
127	22.3	23.1	1.438
128	25.9	23.1	1.539
129	25.6	23.1	1.546
130	24.6	23.1	1.620
131	23.2	23.1	1.546
132	21.9	23.1	1.499
133	20.2	23.0	1.388
134	18.9	23.0	1.219
135	18.3	23.0	1.111
136	17.4	22.9	1.037
137	17.5	22.9	1.078
138	18.0	22.9	1.337
139	17.3	22.9	1.492
140	17.2	22.9	1.846
141	17.3	22.8	1.896
142	17.3	22.8	1.768
143	17.3	22.8	1.064
144	17.3	22.8	0.667
145	13.2	22.8	0.461
146	13.6	22.7	0.249
147	13.7	22.7	0.098
148	13.9	22.7	0.071
149	14.6	22.7	0.212
150	14.2	22.7	0.532
151	14.3	22.7	1.438
152	18.5	22.6	1.539
153	18.2	22.5	1.546
154	17.0	22.5	1.620
155	16.6	22.5	1.546
156	15.7	22.5	1.499
157	15.1	22.5	1.388
158	13.8	22.5	1.219
159	13.3	22.5	1.111
160	13.2	22.4	1.037
161	14.5	22.4	1.078
162	15.3	22.4	1.337
163	16.5	22.4	1.492
164	16.7	22.4	1.846
165	17.6	22.4	1.896
166	17.8	22.4	1.768
167	19.0	22.4	1.064
168	19.2	22.4	0.667
169	15.8	22.4	0.461
170	15.6	22.4	0.249
171	15.8	22.3	0.098
172	15.1	22.3	0.071
173	14.9	22.3	0.212
174	14.1	22.3	0.532
175	14.1	22.3	1.438
176	17.7	22.3	1.539
177	17.6	22.3	1.546
178	17.2	22.3	1.620
179	16.2	22.2	1.546
180	15.4	22.2	1.499
181	15.7	22.2	1.388
182	15.3	22.2	1.219
183	15.7	22.2	1.111
184	15.5	22.2	1.037
185	15.4	22.2	1.078
186	15.6	22.2	1.337
187	16.0	22.1	1.492
188	15.1	22.1	1.846
189	14.5	22.1	1.896
190	14.5	22.1	1.768
191	13.8	22.1	1.064
192	13.3	22.1	0.667
193	8.7	22.1	0.461
194	8.7	22.1	0.249
195	9.2	22.1	0.098
196	9.3	22.1	0.071
197	8.8	22.1	0.212
198	8.1	22.0	0.532
199	8.7	22.0	1.438
200	12.4	22.0	1.539
201	12.7	22.0	1.546
202	11.7	22.0	1.620
203	11.6	22.0	1.546
204	11.7	21.9	1.499
205	11.5	21.9	1.388
206	10.6	21.9	1.219
207	9.6	21.9	1.111
208	9.3	21.9	1.037
209	9.5	21.9	1.078
210	9.2	21.9	1.337
211	9.3	21.9	1.492
212	9.4	21.9	1.846
213	9.2	21.9	1.896
214	9.3	21.9	1.768
215	9.1	21.9	1.064
216	8.5	21.9	0.667
217	4.9	21.8	0.461
218	5.2	21.8	0.249
219	5.6	21.8	0.098
220	6.1	21.8	0.071
221	6.6	21.8	0.212
222	7.1	21.8	0.532
223	7.8	21.8	1.438
224	11.9	21.7	1.539
225	11.8	21.7	1.546
226	12.1	21.7	1.620
227	12.1	21.7	1.546
228	11.9	21.7	1.499
229	11.6	21.7	1.388
230	11.8	21.7	1.219
231	11.5	21.6	1.111
232	12.7	21.6	1.037
233	13.5	21.6	1.078
234	14.6	21.6	1.337
235	14.6	21.6	1.492
236	15.5	21.5	1.846
237	16.5	21.5	1.896
238	17.9	21.5	1.768
239	18.8	21.5	1.064
240	19.5	21.5	0.667
241	16.4	21.5	0.461
242	16.4	21.5	0.249
243	16.4	21.5	0.098
244	16.5	21.5	0.071
245	16.4	21.5	0.212
246	16.2	21.5	0.532
247	16.2	21.5	1.438
248	19.6	21.4	1.539
249	19.9	21.4	1.546
250	19.0	21.4	1.620
251	19.1	21.4	1.546
252	17.5	21.3	1.499
253	17.1	21.3	1.388
254	15.9	21.3	1.219
255	16.2	21.3	1.111
256	16.7	21.3	1.037
257	18.2	21.3	1.078
258	18.1	21.3	1.337
259	18.4	21.3	1.492
260	19.2	21.3	1.846
261	19.6	21.2	1.896
262	20.3	21.2	1.768
263	20.2	21.2	1.064
264	20.4	21.2	0.667
265	16.6	21.2	0.461
266	16.9	21.2	0.249
267	16.8	21.2	0.098
268	16.7	21.1	0.071
269	16.3	21.1	0.212
270	16.6	21.1	0.532
271	16.4	21.1	1.438
272	20.4	21.1	1.539
273	20.5	21.1	1.546
274	19.8	21.1	1.620
275	19.1	21.1	1.546
276	18.0	21.0	1.499
277	17.1	21.0	1.388
278	16.5	21.0	1.219
279	16.0	21.0	1.111
280	16.0	21.0	1.037
281	15.8	21.0	1.078
282	16.2	21.0	1.337
283	16.3	20.9	1.492
284	16.2	20.9	1.846
285	16.8	20.9	1.896
286	17.0	20.9	1.768
287	16.9	20.9	1.064
288	17.2	20.9	0.667
289	12.8	20.9	0.461
290	12.8	20.9	0.249
291	12.7	20.8	0.098
292	12.7	20.8	0.071
293	12.9	20.8	0.212
294	13.1	20.8	0.532
295	12.7	20.8	1.438
296	16.5	20.8	1.539
297	16.4	20.8	1.546
298	16.3	20.8	1.620
299	15.4	20.8	1.546
300	14.9	20.8	1.499
301	14.2	20.8	1.388
302	13.9	20.8	1.219
303	13.7	20.7	1.111
304	13.2	20.7	1.037
305	13.9	20.7	1.078
306	13.7	20.7	1.337
307	13.9	20.7	1.492
308	14.1	20.7	1.846
309	14.3	20.7	1.896
310	15.2	20.7	1.768
311	15.1	20.7	1.064
312	15.4	20.7	0.667
313	11.8	20.6	0.461
314	11.7	20.6	0.249
315	11.7	20.6	0.098
316	11.2	20.6	0.071
317	10.9	20.6	0.212
318	10.7	20.6	0.532
319	11.0	20.5	1.438
320	15.0	20.5	1.539
321	15.2	20.5	1.546
322	14.9	20.5	1.620
323	14.6	20.5	1.546
324	14.9	20.5	1.499
325	14.3	20.5	1.388
326	13.9	20.5	1.219
327	13.0	20.5	1.111
328	12.4	20.5	1.037
329	13.0	20.4	1.078
330	13.2	20.4	1.337
331	13.8	20.4	1.492
332	14.1	20.4	1.846
333	14.2	20.4	1.896
334	14.2	20.4	1.768
335	14.6	20.4	1.064
336	14.3	20.4	0.667
337	10.7	20.4	0.461
338	11.0	20.4	0.249
339	11.4	20.4	0.098
340	12.0	20.3	0.071
341	12.2	20.3	0.212
342	12.2	20.3	0.532
343	12.2	20.3	1.438
344	16.7	20.3	1.539
345	16.8	20.3	1.546
346	17.2	20.3	1.620
347	16.6	20.3	1.546
348	16.3	20.3	1.499
349	16.1	20.3	1.388
350	16.6	20.3	1.219
351	16.7	20.3	1.111
352	16.8	20.3	1.037
353	17.4	20.2	1.078
354	18.0	20.2	1.337
355	18.1	20.2	1.492
356	18.8	20.2	1.846
357	18.7	20.2	1.896
358	19.3	20.2	1.768
359	19.2	20.2	1.064
360	18.8	20.2	0.667
361	14.8	20.2	0.461
362	15.1	20.2	0.249
363	15.6	20.2	0.098
364	15.4	20.2	0.071
365	15.2	20.2	0.212
366	16.0	20.1	0.532
367	16.2	20.1	1.438
368	20.3	20.1	1.539
369	20.1	20.1	1.546
370	20.3	20.1	1.620
371	19.0	20.1	1.546
372	18.5	20.0	1.499
373	18.1	20.0	1.388
374	17.6	20.0	1.219
375	17.9	20.0	1.111
376	18.7	20.0	1.037
377	20.0	20.0	1.078
378	20.9	20.0	1.337
379	21.5	20.0	1.492
380	21.9	20.0	1.846
381	22.3	20.0	1.896
382	23.2	20.0	1.768
383	24.1	20.0	1.064
384	24.8	20.0	0.667
385	22.2	20.0	0.461
386	22.4	20.0	0.249
387	22.5	20.0	0.098
388	22.2	20.0	0.071
389	22.3	20.0	0.212
390	22.0	19.9	0.532
391	21.9	19.9	1.438
392	25.4	19.9	1.539
393	24.3	19.9	1.546
394	23.2	19.9	1.620
395	22.1	19.9	1.546
396	20.9	19.9	1.499
397	19.4	19.9	1.388
398	18.0	19.9	1.219
399	18.2	19.8	1.111
400	17.6	19.8	1.037
401	17.5	19.8	1.078
402	18.1	19.8	1.337
403	17.8	19.8	1.492
404	17.7	19.8	1.846
405	18.8	19.8	1.896
406	18.2	19.8	1.768
407	18.3	19.8	1.064
408	18.0	19.8	0.667
409	13.0	19.8	0.461
410	13.7	19.7	0.249
411	14.2	19.7	0.098
412	14.2	19.7	0.071
413	14.3	19.7	0.212
414	14.4	19.7	0.532
415	15.0	19.7	1.438
416	19.1	19.7	1.539
417	18.8	19.7	1.546
418	18.1	19.7	1.620
419	18.2	19.7	1.546
420	17.6	19.6	1.499
421	17.1	19.6	1.388
422	17.2	19.6	1.219
423	17.2	19.6	1.111
424	17.9	19.6	1.037
425	18.2	19.6	1.078
426	18.2	19.6	1.337
427	19.2	19.6	1.492
428	19.3	19.6	1.846
429	20.3	19.6	1.896
430	20.6	19.6	1.768
431	20.5	19.6	1.064
432	20.2	19.6	0.667
433	16.8	19.6	0.461
434	17.3	19.6	0.249
435	18.0	19.5	0.098
436	18.6	19.5	0.071
437	18.0	19.5	0.212
438	17.8	19.5	0.532
439	17.5	19.5	1.438
440	21.5	19.5	1.539
441	21.0	19.5	1.546
442	21.0	19.5	1.620
443	21.3	19.5	1.546
444	20.3	19.4	1.499
445	20.0	19.4	1.388
446	19.4	19.4	1.219
447	18.4	19.4	1.111
448	18.8	19.4	1.037
449	18.7	19.4	1.078
450	18.4	19.4	1.337
451	19.1	19.4	1.492
452	19.6	19.4	1.846
453	20.3	19.4	1.896
454	20.8	19.4	1.768
455	20.4	19.4	1.064
456	20.0	19.4	0.667
457	16.5	19.3	0.461
458	17.3	19.3	0.249
459	17.3	19.3	0.098
460	18.1	19.3	0.071
461	17.9	19.3	0.212
462	18.1	19.3	0.532
463	18.1	19.3	1.438
464	22.0	19.3	1.539
465	22.1	19.3	1.546
466	21.0	19.3	1.620
467	20.4	19.3	1.546
468	19.6	19.2	1.499
469	18.9	19.2	1.388
470	18.4	19.2	1.219
471	17.9	19.2	1.111
472	17.4	19.2	1.037
473	17.6	19.2	1.078
474	17.4	19.2	1.337
475	17.7	19.2	1.492
476	18.3	19.2	1.846
477	18.1	19.2	1.896
478	18.5	19.2	1.768
479	18.7	19.2	1.064
480	18.7	19.1	0.667
481	14.9	19.1	0.461
482	15.9	19.1	0.249
483	15.9	19.1	0.098
484	16.6	19.1	0.071
485	16.5	19.1	0.212
486	16.4	19.1	0.532
487	16.6	19.1	1.438
488	20.2	19.1	1.539
489	19.8	19.1	1.546
490	19.0	19.1	1.620
491	18.4	19.1	1.546
492	17.2	19.1	1.499
493	17.5	19.1	1.388
494	16.8	19.1	1.219
495	16.7	19.1	1.111
496	16.8	19.1	1.037
497	16.8	19.0	1.078
498	17.7	19.0	1.337
499	18.0	19.0	1.492
500	18.9	19.0	1.846
501	18.8	19.0	1.896
502	19.7	19.0	1.768
503	20.0	19.0	1.064
504	20.6	19.0	0.667
505	17.0	19.0	0.461
506	16.6	19.0	0.249
507	16.6	19.0	0.098
508	16.8	19.0	0.071
509	17.2	19.0	0.212
510	17.9	19.0	0.532
511	18.4	19.0	1.438
512	22.4	19.0	1.539
513	22.0	19.0	1.546
514	21.3	19.0	1.620
515	20.5	19.0	1.546
516	19.9	19.0	1.499
517	19.6	19.0	1.388
518	19.1	19.0	1.219
519	19.1	18.9	1.111
520	19.7	18.9	1.037
521	19.9	18.9	1.078
522	20.0	18.9	1.337
523	20.4	18.9	1.492
524	20.2	18.9	1.846
525	20.3	18.9	1.896
526	20.9	18.9	1.768
527	21.5	18.9	1.064
528	22.2	18.9	0.667
529	18.6	18.9	0.461
530	18.6	18.9	0.249
531	19.4	18.9	0.098
532	18.9	18.9	0.071
533	19.1	18.9	0.212
534	18.7	18.9	0.532
535	19.3	18.9	1.438
536	23.1	18.9	1.539
537	22.5	18.8	1.546
538	21.6	18.8	1.620
539	20.6	18.8	1.546
540	19.3	18.8	1.499
541	18.5	18.8	1.388
542	17.3	18.8	1.219
543	17.1	18.8	1.111
544	17.6	18.8	1.037
545	17.8	18.8	1.078
546	18.3	18.8	1.337
547	18.5	18.8	1.492
548	18.8	18.8	1.846
549	19.1	18.8	1.896
550	19.9	18.8	1.768
551	20.4	18.7	1.064
552	21.2	18.7	0.667
553	17.2	18.7	0.461
554	17.1	18.7	0.249
555	17.3	18.7	0.098
556	17.2	18.7	0.071
557	18.0	18.7	0.212
558	18.3	18.7	0.532
559	17.9	18.7	1.438
560	21.3	18.7	1.539
561	20.7	18.7	1.546
562	20.0	18.7	1.620
563	19.6	18.7	1.546
564	19.2	18.7	1.499
565	18.5	18.7	1.388
566	18.0	18.7	1.219
567	17.6	18.7	1.111
568	17.7	18.7	1.037
569	18.1	18.7	1.078
570	18.3	18.7	1.337
571	18.6	18.7	1.492
572	19.0	18.6	1.846
573	18.7	18.6	1.896
574	19.0	18.6	1.768
575	18.9	18.6	1.064
576	18.4	18.6	0.667
577	14.6	18.6	0.461
578	15.1	18.6	0.249
579	15.3	18.6	0.098
580	14.4	18.6	0.071
581	14.1	18.6	0.212
582	14.2	18.6	0.532
583	14.0	18.6	1.438
584	17.3	18.6	1.539
585	16.9	18.6	1.546
586	16.4	18.6	1.620
587	15.6	18.5	1.546
588	14.6	18.5	1.499
589	13.9	18.5	1.388
590	13.6	18.5	1.219
591	13.0	18.5	1.111
592	12.7	18.5	1.037
593	12.8	18.5	1.078
594	12.8	18.5	1.337
595	12.8	18.5	1.492
596	12.6	18.5	1.846
597	13.1	18.5	1.896
598	13.5	18.5	1.768
599	13.9	18.5	1.064
600	14.0	18.5	0.667
601	10.0	18.5	0.461
602	10.8	18.4	0.249
603	11.6	18.4	0.098
604	12.1	18.4	0.071
605	12.6	18.4	0.212
606	12.5	18.4	0.532
607	12.5	18.4	1.438
608	16.4	18.4	1.539
609	16.7	18.4	1.546
610	16.6	18.4	1.620
611	16.3	18.4	1.546
612	16.4	18.4	1.499
613	16.5	18.4	1.388
614	15.9	18.4	1.219
615	15.8	18.4	1.111
616	15.2	18.4	1.037
617	16.2	18.4	1.078
618	16.6	18.4	1.337
619	17.6	18.4	1.492
620	17.9	18.4	1.846
621	19.1	18.3	1.896
622	19.7	18.3	1.768
623	19.9	18.3	1.064
624	20.2	18.3	0.667
625	17.2	18.3	0.461
626	17.4	18.3	0.249
627	17.1	18.3	0.098
628	16.8	18.3	0.071
629	16.7	18.3	0.212
630	16.8	18.3	0.532
631	16.2	18.3	1.438
632	19.9	18.3	1.539
633	19.4	18.3	1.546
634	19.0	18.3	1.620
635	17.7	18.3	1.546
636	16.5	18.2	1.499
637	16.3	18.2	1.388
638	16.0	18.2	1.219
639	16.1	18.2	1.111
640	16.5	18.2	1.037
641	16.2	18.2	1.078
642	16.9	18.2	1.337
643	17.6	18.2	1.492
644	17.8	18.2	1.846
645	17.9	18.2	1.896
646	17.3	18.2	1.768
647	17.0	18.2	1.064
648	16.7	18.2	0.667
649	13.1	18.2	0.461
650	13.7	18.2	0.249
651	13.8	18.2	0.098
652	13.9	18.2	0.071
653	14.4	18.2	0.212
654	15.0	18.1	0.532
655	14.8	18.1	1.438
656	18.6	18.1	1.539
657	18.6	18.1	1.546
658	18.1	18.1	1.620
659	17.7	18.1	1.546
660	17.3	18.1	1.499
661	17.2	18.1	1.388
662	17.2	18.1	1.219
663	17.3	18.1	1.111
664	17.1	18.1	1.037
665	18.0	18.1	1.078
666	18.7	18.1	1.337
667	19.6	18.1	1.492
668	20.5	18.1	1.846
669	21.3	18.1	1.896
670	22.1	18.1	1.768
671	23.1	18.1	1.064
672	23.5	18.1	0.667
673	19.8	18.0	0.461
674	19.1	18.0	0.249
675	18.7	18.0	0.098
676	18.1	18.0	0.071
677	16.5	18.0	0.212
678	15.5	18.0	0.532
679	15.1	18.0	1.438
680	18.9	18.0	1.539
681	18.9	18.0	1.546
682	18.3	18.0	1.620
683	17.5	18.0	1.546
684	16.6	18.0	1.499
685	16.4	18.0	1.388
686	16.1	18.0	1.219
687	15.9	18.0	1.111
688	14.3	18.0	1.037
689	13.7	18.0	1.078
690	13.4	18.0	1.337
691	13.0	18.0	1.492
692	12.4	18.0	1.846
693	11.4	18.0	1.896
694	10.8	17.9	1.768
695	9.9	17.9	1.064
696	9.4	17.9	0.667
697	5.5	17.9	0.461
698	5.3	17.9	0.249
699	5.8	17.9	0.098
700	6.1	17.9	0.071
701	6.3	17.9	0.212
702	6.2	17.9	0.532
703	6.5	17.9	1.438
704	10.9	17.9	1.539
705	10.5	17.9	1.546
706	10.4	17.9	1.620
707	10.4	17.9	1.546
708	9.7	17.9	1.499
709	9.3	17.9	1.388
710	9.4	17.9	1.219
711	9.8	17.9	1.111
712	9.4	17.9	1.037
713	9.2	17.9	1.078
714	9.1	17.9	1.337
715	9.1	17.9	1.492
716	8.6	17.8	1.846
717	8.9	17.8	1.896
718	8.3	17.8	1.768
719	8.6	17.8	1.064
720	9.1	17.8	0.667
721	5.5	17.8	0.461
722	5.1	17.8	0.249
723	4.8	17.8	0.098
724	4.5	17.8	0.071
725	4.3	17.8	0.212
726	4.6	17.8	0.532
727	4.7	17.8	1.438
728	8.7	17.8	1.539
729	9.0	17.8	1.546
730	8.4	17.8	1.620
731	7.4	17.8	1.546
732	7.1	17.7	1.499
733	6.4	17.7	1.388
734	5.8	17.7	1.219
735	6.2	17.7	1.111
736	6.7	17.7	1.037
737	7.1	17.7	1.078
738	8.5	17.7	1.337
739	9.7	17.7	1.492
740	10.2	17.7	1.846
741	10.2	17.7	1.896
742	10.4	17.7	1.768
743	11.1	17.7	1.064
744	11.8	17.7	0.667
745	8.7	17.7	0.461
746	9.3	17.7	0.249
747	9.4	17.7	0.098
748	9.1	17.7	0.071
749	9.2	17.7	0.212
750	9.3	17.7	0.532
751	9.0	17.7	1.438
752	13.2	17.7	1.539
753	12.8	17.7	1.546
754	12.0	17.6	1.620
755	11.0	17.6	1.546
756	10.6	17.6	1.499
757	10.3	17.6	1.388
758	9.9	17.6	1.219
759	10.1	17.6	1.111
760	10.0	17.6	1.037
761	10.4	17.6	1.078
762	11.0	17.6	1.337
763	11.9	17.6	1.492
764	12.7	17.6	1.846
765	13.8	17.6	1.896
766	14.8	17.6	1.768
767	15.8	17.6	1.064
768	16.1	17.6	0.667
769	13.1	17.6	0.461
770	12.7	17.6	0.249
771	12.8	17.6	0.098
772	13.6	17.6	0.071
773	14.3	17.6	0.212
774	14.6	17.6	0.532
775	15.0	17.6	1.438
776	18.7	17.6	1.539
777	18.6	17.6	1.546
778	18.5	17.6	1.620
779	18.2	17.5	1.546
780	18.1	17.5	1.499
781	17.7	17.5	1.388
782	17.3	17.5	1.219
783	17.5	17.5	1.111
784	17.9	17.5	1.037
785	18.4	17.5	1.078
786	18.7	17.5	1.337
787	19.8	17.5	1.492
788	21.0	17.5	1.846
789	21.9	17.5	1.896
790	22.4	17.5	1.768
791	22.9	17.5	1.064
792	23.1	17.5	0.667
793	19.9	17.5	0.461
794	20.2	17.5	0.249
795	20.2	17.5	0.098
796	20.7	17.5	0.071
797	21.1	17.4	0.212
798	21.2	17.4	0.532
799	21.8	17.4	1.438
800	24.7	17.4	1.539
801	24.6	17.4	1.546
802	23.9	17.4	1.620
803	23.1	17.4	1.546
804	22.1	17.4	1.499
805	21.8	17.4	1.388
806	21.0	17.4	1.219
807	20.9	17.4	1.111
808	21.1	17.4	1.037
809	21.4	17.4	1.078
810	21.8	17.4	1.337
811	22.5	17.4	1.492
812	22.8	17.4	1.846
813	22.4	17.4	1.896
814	23.4	17.4	1.768
815	22.8	17.4	1.064
816	22.7	17.3	0.667
817	19.8	17.3	0.461
818	19.7	17.3	0.249
819	19.4	17.3	0.098
820	19.8	17.3	0.071
821	18.9	17.3	0.212
822	18.1	17.3	0.532
823	17.8	17.3	1.438
824	20.8	17.3	1.539
825	20.3	17.3	1.546
826	20.2	17.3	1.620
827	19.0	17.3	1.546
828	17.6	17.3	1.499
829	16.8	17.3	1.388
830	15.7	17.3	1.219
831	15.5	17.3	1.111
832	15.4	17.3	1.037
833	15.2	17.3	1.078
834	15.3	17.3	1.337
835	16.3	17.3	1.492
836	16.2	17.3	1.846
837	16.4	17.3	1.896
838	16.7	17.3	1.768
839	17.2	17.3	1.064
840	17.1	17.3	0.667
841	13.8	17.3	0.461
842	13.5	17.3	0.249
843	13.2	17.3	0.098
844	13.8	17.3	0.071
845	13.8	17.3	0.212
846	13.9	17.3	0.532
847	14.0	17.2	1.438
848	17.2	17.2	1.539
849	16.7	17.2	1.546
850	16.1	17.2	1.620
851	15.6	17.2	1.546
852	14.8	17.2	1.499
853	13.8	17.2	1.388
854	14.1	17.2	1.219
855	14.0	17.2	1.111
856	14.4	17.2	1.037
857	14.8	17.2	1.078
858	15.5	17.2	1.337
859	16.3	17.2	1.492
860	17.1	17.2	1.846
861	17.3	17.2	1.896
862	17.3	17.2	1.768
863	17.5	17.2	1.064
864	17.3	17.2	0.667
865	13.8	17.2	0.461
866	14.3	17.2	0.249
867	14.1	17.2	0.098
868	14.2	17.2	0.071
869	13.4	17.2	0.212
870	13.7	17.2	0.532
871	13.9	17.2	1.438
872	16.9	17.1	1.539
873	17.1	17.1	1.546
874	16.9	17.1	1.620
875	16.0	17.1	1.546
876	15.9	17.1	1.499
877	15.0	17.1	1.388
878	14.6	17.1	1.219
879	14.5	17.1	1.111
880	13.9	17.1	1.037
881	14.0	17.1	1.078
882	14.5	17.1	1.337
883	15.4	17.1	1.492
884	15.7	17.1	1.846
885	16.2	17.1	1.896
886	16.1	17.1	1.768
887	17.0	17.1	1.064
888	16.9	17.1	0.667
889	13.5	17.1	0.461
890	13.2	17.1	0.249
891	13.0	17.1	0.098
892	12.2	17.1	0.071
893	12.7	17.1	0.212
894	12.5	17.1	0.532
895	12.5	17.1	1.438
896	15.4	17.0	1.539
897	15.3	17.0	1.546
898	15.3	17.0	1.620
899	14.6	17.0	1.546
900	14.8	17.0	1.499
901	15.1	17.0	1.388
902	14.9	17.0	1.219
903	14.8	17.0	1.111
904	14.6	17.0	1.037
905	14.5	17.0	1.078
906	14.1	17.0	1.337
907	13.9	17.0	1.492
908	13.7	17.0	1.846
909	14.1	17.0	1.896
910	14.0	17.0	1.768
911	14.3	17.0	1.064
912	14.0	17.0	0.667
913	10.7	17.0	0.461
914	11.0	17.0	0.249
915	11.5	17.0	0.098
916	12.0	16.9	0.071
917	12.0	16.9	0.212
918	12.9	16.9	0.532
919	12.6	16.9	1.438
920	15.6	16.9	1.539
921	15.6	16.9	1.546
922	15.0	16.9	1.620
923	14.9	16.9	1.546
924	13.9	16.9	1.499
925	13.7	16.9	1.388
926	13.7	16.9	1.219
927	13.3	16.9	1.111
928	13.3	16.9	1.037
929	13.3	16.9	1.078
930	14.2	16.9	1.337
931	14.7	16.9	1.492
932	15.4	16.9	1.846
933	15.6	16.9	1.896
934	16.5	16.9	1.768
935	16.9	16.9	1.064
936	17.0	16.9	0.667
937	13.3	16.9	0.461
938	13.9	16.8	0.249
939	13.7	16.8	0.098
940	13.6	16.8	0.071
941	13.8	16.8	0.212
942	14.0	16.8	0.532
943	14.5	16.8	1.438
944	17.9	16.8	1.539
945	17.9	16.8	1.546
946	17.7	16.8	1.620
947	17.1	16.8	1.546
948	16.0	16.8	1.499
949	15.3	16.8	1.388
950	14.8	16.8	1.219
951	15.4	16.8	1.111
952	15.9	16.8	1.037
953	15.8	16.8	1.078
954	16.1	16.8	1.337
955	16.3	16.8	1.492
956	17.1	16.7	1.846
957	17.0	16.7	1.896
958	17.0	16.7	1.768
959	17.5	16.7	1.064
960	17.8	16.7	0.667
961	14.6	16.7	0.461
962	14.9	16.7	0.249
963	15.0	16.7	0.098
964	15.1	16.7	0.071
965	15.2	16.7	0.212
966	15.2	16.7	0.532
967	15.1	16.7	1.438
968	18.8	16.7	1.539
969	18.0	16.7	1.546
970	17.4	16.7	1.620
971	16.9	16.7	1.546
972	16.3	16.7	1.499
973	15.1	16.7	1.388
974	14.8	16.7	1.219
975	14.4	16.7	1.111
976	14.4	16.7	1.037
977	14.8	16.7	1.078
978	15.6	16.7	1.337
979	17.0	16.7	1.492
980	17.3	16.7	1.846
981	18.2	16.7	1.896
982	18.9	16.7	1.768
983	18.4	16.7	1.064
984	18.8	16.6	0.667
985	15.7	16.6	0.461
986	15.6	16.6	0.249
987	15.5	16.6	0.098
988	15.9	16.6	0.071
989	15.8	16.6	0.212
990	15.5	16.6	0.532
991	15.3	16.6	1.438
992	18.6	16.6	1.539
993	18.3	16.6	1.546
994	17.3	16.6	1.620
995	17.0	16.6	1.546
996	16.6	16.6	1.499
997	15.7	16.6	1.388
998	15.3	16.6	1.219
999	15.3	16.6	1.111
1000	15.4	16.6	1.037
1001	15.6	16.6	1.078
1002	16.2	16.6	1.337
1003	16.6	16.6	1.492
1004	16.7	16.6	1.846
1005	16.7	16.6	1.896
1006	17.7	16.6	1.768
1007	17.6	16.6	1.064
1008	17.0	16.5	0.667
1009	13.8	16.5	0.461
1010	13.7	16.5	0.249
1011	14.2	16.5	0.098
1012	14.2	16.5	0.071
1013	13.7	16.5	0.212
1014	13.4	16.5	0.532
1015	13.2	16.5	1.438
1016	16.2	16.5	1.539
1017	15.8	16.5	1.546
1018	15.8	16.5	1.620
1019	14.9	16.5	1.546
1020	14.3	16.5	1.499
1021	14.1	16.5	1.388
1022	13.1	16.5	1.219
1023	12.2	16.5	1.111
1024	12.3	16.5	1.037
1025	12.0	16.5	1.078
1026	11.9	16.5	1.337
1027	12.5	16.5	1.492
1028	13.3	16.5	1.846
1029	13.8	16.5	1.896
1030	13.4	16.5	1.768
1031	13.8	16.4	1.064
1032	13.9	16.4	0.667
1033	10.3	16.4	0.461
1034	10.5	16.4	0.249
1035	10.7	16.4	0.098
1036	11.0	16.4	0.071
1037	10.7	16.4	0.212
1038	10.6	16.4	0.532
1039	10.7	16.4	1.438
1040	14.0	16.4	1.539
1041	14.0	16.4	1.546
1042	14.3	16.4	1.620
1043	14.2	16.4	1.546
1044	14.9	16.4	1.499
1045	14.3	16.4	1.388
1046	14.6	16.4	1.219
1047	14.3	16.4	1.111
1048	14.7	16.4	1.037
1049	15.4	16.4	1.078
1050	15.4	16.4	1.337
1051	15.7	16.4	1.492
1052	16.0	16.4	1.846
1053	16.1	16.4	1.896
1054	16.3	16.3	1.768
1055	16.0	16.3	1.064
1056	16.2	16.3	0.667
1057	12.3	16.3	0.461
1058	12.2	16.3	0.249
1059	12.1	16.3	0.098
1060	12.1	16.3	0.071
1061	12.1	16.3	0.212
1062	12.0	16.3	0.532
1063	12.0	16.3	1.438
1064	15.4	16.3	1.539
1065	14.9	16.3	1.546
1066	15.0	16.3	1.620
1067	14.3	16.3	1.546
1068	14.0	16.3	1.499
1069	13.3	16.3	1.388
1070	12.6	16.2	1.219
1071	12.4	16.2	1.111
1072	12.8	16.2	1.037
1073	12.7	16.2	1.078
1074	12.4	16.2	1.337
1075	12.3	16.2	1.492
1076	12.2	16.2	1.846
1077	11.6	16.2	1.896
1078	10.9	16.2	1.768
1079	11.1	16.2	1.064
1080	11.0	16.2	0.667
1081	7.6	16.2	0.461
1082	7.8	16.2	0.249
1083	7.4	16.2	0.098
1084	7.6	16.2	0.071
1085	7.8	16.2	0.212
1086	7.3	16.2	0.532
1087	7.2	16.2	1.438
1088	10.3	16.2	1.539
1089	9.1	16.2	1.546
1090	8.6	16.2	1.620
1091	8.0	16.2	1.546
1092	7.7	16.2	1.499
1093	7.2	16.2	1.388
1094	6.4	16.2	1.219
1095	6.1	16.2	1.111
1096	6.0	16.2	1.037
1097	6.3	16.2	1.078
1098	7.0	16.2	1.337
1099	7.9	16.2	1.492
1100	8.4	16.2	1.846
1101	8.2	16.2	1.896
1102	8.5	16.2	1.768
1103	9.0	16.2	1.064
1104	9.9	16.1	0.667
1105	6.9	16.1	0.461
1106	7.0	16.1	0.249
1107	7.0	16.1	0.098
1108	7.7	16.1	0.071
1109	7.5	16.1	0.212
1110	7.2	16.1	0.532
1111	7.7	16.1	1.438
1112	10.8	16.1	1.539
1113	10.7	16.1	1.546
1114	10.5	16.1	1.620
1115	9.8	16.1	1.546
1116	8.6	16.1	1.499
1117	7.5	16.1	1.388
1118	7.5	16.1	1.219
1119	8.1	16.1	1.111
1120	8.4	16.1	1.037
1121	8.7	16.1	1.078
1122	9.1	16.1	1.337
1123	10.0	16.1	1.492
1124	10.8	16.0	1.846
1125	11.3	16.0	1.896
1126	11.7	16.0	1.768
1127	12.6	16.0	1.064
1128	13.0	16.0	0.667
1129	10.1	16.0	0.461
1130	10.1	16.0	0.249
1131	10.9	16.0	0.098
1132	11.1	16.0	0.071
1133	11.9	16.0	0.212
1134	12.1	16.0	0.532
1135	12.1	16.0	1.438
1136	15.1	16.0	1.539
1137	14.4	16.0	1.546
1138	14.4	16.0	1.620
1139	13.9	16.0	1.546
1140	12.9	16.0	1.499
1141	12.3	16.0	1.388
1142	11.9	16.0	1.219
1143	11.7	16.0	1.111
1144	11.9	16.0	1.037
1145	12.2	16.0	1.078
1146	13.7	16.0	1.337
1147	13.8	16.0	1.492
1148	14.3	16.0	1.846
1149	14.7	15.9	1.896
1150	15.8	15.9	1.768
1151	16.1	15.9	1.064
1152	16.7	15.9	0.667
1153	13.7	15.9	0.461
1154	13.8	15.9	0.249
1155	14.2	15.9	0.098
1156	14.3	15.9	0.071
1157	14.9	15.9	0.212
1158	14.9	15.9	0.532
1159	14.7	15.9	1.438
1160	18.4	15.9	1.539
1161	18.6	15.9	1.546
1162	18.3	15.9	1.620
1163	17.9	15.9	1.546
1164	17.5	15.9	1.499
1165	16.7	15.9	1.388
1166	16.7	15.9	1.219
1167	16.4	15.9	1.111
1168	16.1	15.9	1.037
1169	15.9	15.9	1.078
1170	16.9	15.9	1.337
1171	17.7	15.9	1.492
1172	17.7	15.9	1.846
1173	17.7	15.8	1.896
1174	18.2	15.8	1.768
1175	19.0	15.8	1.064
1176	18.9	15.8	0.667
1177	15.2	15.8	0.461
1178	15.3	15.8	0.249
1179	16.0	15.8	0.098
1180	15.9	15.8	0.071
1181	16.5	15.8	0.212
1182	16.9	15.8	0.532
1183	16.7	15.8	1.438
1184	20.2	15.8	1.539
1185	19.5	15.8	1.546
1186	19.0	15.8	1.620
1187	19.0	15.8	1.546
1188	18.4	15.8	1.499
1189	17.8	15.8	1.388
1190	17.4	15.8	1.219
1191	17.4	15.8	1.111
1192	17.1	15.8	1.037
1193	17.5	15.8	1.078
1194	18.2	15.8	1.337
1195	18.3	15.8	1.492
1196	19.5	15.7	1.846
1197	20.4	15.7	1.896
1198	20.8	15.7	1.768
1199	20.5	15.7	1.064
1200	20.9	15.7	0.667
1201	17.9	15.7	0.461
1202	18.8	15.7	0.249
1203	18.8	15.7	0.098
1204	18.9	15.7	0.071
1205	18.3	15.7	0.212
1206	17.9	15.7	0.532
1207	17.9	15.7	1.438
1208	21.2	15.7	1.539
1209	21.2	15.7	1.546
1210	20.8	15.7	1.620
1211	20.3	15.7	1.546
1212	20.2	15.7	1.499
1213	20.0	15.7	1.388
1214	20.0	15.7	1.219
1215	19.6	15.7	1.111
1216	20.0	15.7	1.037
1217	20.1	15.7	1.078
1218	20.9	15.7	1.337
1219	21.3	15.7	1.492
1220	21.6	15.7	1.846
1221	21.7	15.6	1.896
1222	21.9	15.6	1.768
1223	21.8	15.6	1.064
1224	22.4	15.6	0.667
1225	19.0	15.6	0.461
1226	18.6	15.6	0.249
1227	18.4	15.6	0.098
1228	17.7	15.6	0.071
1229	16.7	15.6	0.212
1230	16.2	15.6	0.532
1231	16.1	15.6	1.438
1232	19.1	15.6	1.539
1233	18.9	15.6	1.546
1234	18.1	15.6	1.620
1235	17.3	15.6	1.546
1236	17.1	15.6	1.499
1237	16.8	15.6	1.388
1238	15.8	15.6	1.219
1239	15.8	15.6	1.111
1240	15.4	15.6	1.037
1241	15.3	15.6	1.078
1242	15.0	15.6	1.337
1243	14.5	15.6	1.492
1244	14.1	15.6	1.846
1245	14.0	15.6	1.896
1246	13.1	15.6	1.768
1247	12.9	15.6	1.064
1248	12.6	15.6	0.667
1249	8.6	15.5	0.461
1250	9.0	15.5	0.249
1251	8.9	15.5	0.098
1252	8.7	15.5	0.071
1253	8.7	15.5	0.212
1254	8.9	15.5	0.532
1255	9.0	15.5	1.438
1256	12.5	15.5	1.539
1257	11.8	15.5	1.546
1258	10.5	15.5	1.620
1259	10.2	15.5	1.546
1260	9.0	15.4	1.499
1261	8.6	15.4	1.388
1262	8.7	15.4	1.219
1263	8.4	15.4	1.111
1264	9.2	15.4	1.037
1265	9.5	15.4	1.078
1266	9.6	15.4	1.337
1267	10.6	15.4	1.492
1268	10.8	15.4	1.846
1269	11.2	15.4	1.896
1270	11.8	15.4	1.768
1271	12.2	15.4	1.064
1272	12.6	15.4	0.667
1273	9.2	15.4	0.461
1274	9.4	15.4	0.249
1275	9.7	15.4	0.098
1276	9.5	15.4	0.071
1277	9.8	15.4	0.212
1278	10.1	15.4	0.532
1279	10.1	15.4	1.438
1280	14.0	15.4	1.539
1281	13.8	15.4	1.546
1282	13.5	15.4	1.620
1283	12.4	15.4	1.546
1284	11.7	15.4	1.499
1285	11.4	15.4	1.388
1286	10.9	15.4	1.219
1287	10.3	15.4	1.111
1288	10.4	15.4	1.037
1289	11.0	15.4	1.078
1290	11.6	15.4	1.337
1291	12.5	15.4	1.492
1292	12.3	15.3	1.846
1293	12.6	15.3	1.896
1294	13.1	15.3	1.768
1295	12.8	15.3	1.064
1296	13.3	15.3	0.667
1297	9.9	15.3	0.461
1298	10.4	15.3	0.249
1299	10.6	15.3	0.098
1300	11.7	15.3	0.071
1301	12.0	15.3	0.212
1302	12.5	15.3	0.532
1303	12.8	15.3	1.438
1304	16.5	15.3	1.539
1305	16.3	15.3	1.546
1306	15.4	15.3	1.620
1307	14.5	15.3	1.546
1308	13.8	15.3	1.499
1309	13.3	15.3	1.388
1310	12.8	15.3	1.219
1311	12.3	15.3	1.111
1312	11.7	15.3	1.037
1313	12.3	15.3	1.078
1314	13.1	15.3	1.337
1315	14.0	15.3	1.492
1316	14.4	15.3	1.846
1317	14.8	15.3	1.896
1318	14.9	15.2	1.768
1319	15.2	15.2	1.064
1320	14.9	15.2	0.667
1321	11.6	15.2	0.461
1322	11.9	15.2	0.249
1323	12.2	15.2	0.098
1324	11.8	15.2	0.071
1325	12.2	15.2	0.212
1326	12.0	15.2	0.532
1327	11.4	15.2	1.438
1328	14.0	15.2	1.539
1329	13.9	15.2	1.546
1330	13.2	15.2	1.620
1331	11.8	15.2	1.546
1332	10.4	15.2	1.499
1333	9.5	15.2	1.388
1334	8.3	15.2	1.219
1335	8.1	15.2	1.111
1336	8.8	15.2	1.037
1337	8.7	15.2	1.078
1338	9.5	15.2	1.337
1339	10.4	15.2	1.492
1340	10.8	15.2	1.846
1341	10.7	15.2	1.896
1342	10.8	15.2	1.768
1343	11.0	15.2	1.064
1344	11.1	15.2	0.667
1345	7.9	15.2	0.461
1346	8.5	15.2	0.249
1347	9.2	15.1	0.098
1348	9.3	15.1	0.071
1349	9.3	15.1	0.212
1350	9.2	15.1	0.532
1351	9.5	15.1	1.438
1352	13.1	15.1	1.539
1353	13.1	15.1	1.546
1354	12.4	15.1	1.620
1355	11.9	15.1	1.546
1356	11.4	15.1	1.499
1357	10.8	15.1	1.388
1358	11.1	15.1	1.219
1359	10.7	15.1	1.111
1360	11.1	15.1	1.037
1361	11.6	15.1	1.078
1362	12.5	15.1	1.337
1363	13.8	15.1	1.492
1364	14.9	15.1	1.846
1365	15.6	15.1	1.896
1366	15.7	15.1	1.768
1367	16.9	15.1	1.064
1368	17.0	15.1	0.667
1369	14.4	15.1	0.461
1370	15.0	15.1	0.249
1371	14.4	15.1	0.098
1372	14.7	15.1	0.071
1373	14.9	15.1	0.212
1374	14.4	15.1	0.532
1375	14.4	15.0	1.438
1376	18.0	15.0	1.539
1377	18.2	15.0	1.546
1378	17.5	15.0	1.620
1379	16.6	15.0	1.546
1380	16.0	15.0	1.499
1381	15.6	15.0	1.388
1382	15.0	15.0	1.219
1383	14.7	15.0	1.111
1384	15.0	15.0	1.037
1385	15.6	15.0	1.078
1386	16.7	15.0	1.337
1387	18.4	15.0	1.492
1388	19.1	15.0	1.846
1389	19.8	15.0	1.896
1390	20.0	15.0	1.768
1391	20.6	15.0	1.064
1392	22.1	15.0	0.667
1393	19.0	15.0	0.461
1394	19.2	15.0	0.249
1395	19.1	14.9	0.098
1396	19.3	14.9	0.071
1397	19.5	14.9	0.212
1398	19.2	14.9	0.532
1399	19.2	14.9	1.438
1400	21.9	14.9	1.539
1401	21.5	14.9	1.546
1402	20.7	14.9	1.620
1403	19.8	14.9	1.546
1404	18.2	14.9	1.499
1405	16.9	14.9	1.388
1406	15.7	14.9	1.219
1407	15.2	14.9	1.111
1408	14.8	14.9	1.037
1409	15.0	14.9	1.078
1410	15.9	14.9	1.337
1411	17.1	14.9	1.492
1412	17.3	14.9	1.846
1413	17.4	14.9	1.896
1414	17.9	14.9	1.768
1415	18.1	14.9	1.064
1416	18.5	14.9	0.667
1417	10.6	14.9	0.461
1418	10.9	14.9	0.249
1419	10.9	14.9	0.098
1420	11.1	14.9	0.071
1421	11.2	14.9	0.212
1422	11.5	14.9	0.532
1423	11.5	14.9	1.438
1424	13.9	14.9	1.539
1425	13.3	14.9	1.546
1426	12.6	14.9	1.620
1427	11.6	14.9	1.546
1428	10.2	14.9	1.499
1429	9.5	14.8	1.388
1430	9.1	14.8	1.219
1431	8.8	14.8	1.111
1432	9.2	14.8	1.037
1433	9.3	14.8	1.078
1434	9.8	14.8	1.337
1435	10.2	14.8	1.492
1436	10.4	14.8	1.846
1437	10.7	14.8	1.896
1438	11.0	14.8	1.768
1439	11.5	14.8	1.064
1440	11.8	14.8	0.667
1441	9.1	14.8	0.461
1442	9.4	14.8	0.249
1443	10.2	14.8	0.098
1444	10.2	14.8	0.071
1445	10.5	14.8	0.212
1446	10.6	14.8	0.532
1447	10.6	14.8	1.438
1448	13.4	14.8	1.539
1449	13.2	14.7	1.546
1450	12.2	14.7	1.620
1451	11.6	14.7	1.546
1452	10.9	14.7	1.499
1453	10.0	14.7	1.388
1454	9.5	14.7	1.219
1455	9.6	14.7	1.111
1456	9.7	14.7	1.037
1457	9.7	14.7	1.078
1458	11.2	14.7	1.337
1459	11.9	14.7	1.492
1460	12.7	14.7	1.846
1461	13.0	14.7	1.896
1462	13.5	14.7	1.768
1463	14.0	14.7	1.064
1464	14.5	14.7	0.667
1465	12.4	14.7	0.461
1466	12.4	14.7	0.249
1467	12.5	14.7	0.098
1468	12.3	14.7	0.071
1469	12.5	14.7	0.212
1470	12.6	14.7	0.532
1471	12.8	14.7	1.438
1472	15.3	14.7	1.539
1473	15.4	14.7	1.546
1474	15.1	14.7	1.620
1475	14.6	14.7	1.546
1476	14.6	14.7	1.499
1477	14.4	14.7	1.388
1478	14.8	14.7	1.219
1479	14.7	14.7	1.111
1480	14.8	14.7	1.037
1481	15.4	14.6	1.078
1482	15.5	14.6	1.337
1483	15.4	14.6	1.492
1484	15.2	14.6	1.846
1485	15.4	14.6	1.896
1486	15.6	14.6	1.768
1487	15.7	14.6	1.064
1488	15.3	14.6	0.667
1489	12.6	14.6	0.461
1490	12.4	14.6	0.249
1491	12.6	14.6	0.098
1492	12.3	14.6	0.071
1493	12.5	14.6	0.212
1494	12.4	14.6	0.532
1495	12.2	14.6	1.438
1496	14.5	14.6	1.539
1497	14.0	14.6	1.546
1498	13.3	14.6	1.620
1499	12.4	14.6	1.546
1500	11.8	14.6	1.499
1501	10.8	14.6	1.388
1502	10.4	14.6	1.219
1503	10.5	14.6	1.111
1504	10.7	14.6	1.037
1505	11.7	14.6	1.078
1506	12.3	14.6	1.337
1507	12.8	14.6	1.492
1508	13.6	14.6	1.846
1509	13.6	14.6	1.896
1510	14.0	14.6	1.768
1511	14.3	14.6	1.064
1512	14.1	14.6	0.667
1513	12.5	14.6	0.461
1514	12.7	14.6	0.249
1515	12.7	14.6	0.098
1516	12.4	14.6	0.071
1517	12.0	14.6	0.212
1518	11.8	14.6	0.532
1519	11.7	14.6	1.438
1520	13.8	14.6	1.539
1521	13.4	14.6	1.546
1522	13.0	14.6	1.620
1523	12.2	14.5	1.546
1524	11.4	14.5	1.499
1525	10.9	14.5	1.388
1526	10.7	14.5	1.219
1527	10.5	14.5	1.111
1528	10.6	14.5	1.037
1529	10.6	14.5	1.078
1530	11.1	14.5	1.337
1531	11.0	14.5	1.492
1532	10.7	14.5	1.846
1533	10.6	14.5	1.896
1534	10.7	14.5	1.768
1535	10.5	14.5	1.064
1536	10.6	14.5	0.667
1537	8.2	14.5	0.461
1538	7.9	14.5	0.249
1539	8.3	14.5	0.098
1540	8.7	14.5	0.071
1541	8.8	14.5	0.212
1542	9.2	14.5	0.532
1543	9.1	14.5	1.438
1544	11.2	14.5	1.539
1545	11.0	14.4	1.546
1546	10.6	14.4	1.620
1547	9.5	14.4	1.546
1548	9.3	14.4	1.499
1549	8.9	14.4	1.388
1550	8.8	14.4	1.219
1551	8.1	14.4	1.111
1552	8.7	14.4	1.037
1553	9.1	14.4	1.078
1554	9.5	14.4	1.337
1555	10.4	14.4	1.492
1556	10.5	14.4	1.846
1557	10.8	14.4	1.896
1558	10.6	14.4	1.768
1559	10.9	14.4	1.064
1560	10.9	14.4	0.667
1561	8.8	14.4	0.461
1562	8.6	14.4	0.249
1563	8.3	14.4	0.098
1564	8.1	14.4	0.071
1565	7.9	14.4	0.212
1566	8.1	14.4	0.532
1567	8.2	14.4	1.438
1568	10.6	14.4	1.539
1569	10.8	14.4	1.546
1570	10.8	14.4	1.620
1571	10.8	14.4	1.546
1572	10.2	14.4	1.499
1573	10.0	14.3	1.388
1574	9.4	14.3	1.219
1575	9.2	14.3	1.111
1576	9.4	14.3	1.037
1577	8.9	14.3	1.078
1578	9.0	14.3	1.337
1579	9.1	14.3	1.492
1580	9.2	14.3	1.846
1581	9.5	14.3	1.896
1582	9.4	14.3	1.768
1583	9.5	14.3	1.064
1584	9.3	14.3	0.667
1585	7.0	14.3	0.461
1586	7.8	14.3	0.249
1587	7.8	14.3	0.098
1588	8.1	14.3	0.071
1589	8.0	14.3	0.212
1590	8.2	14.3	0.532
1591	8.2	14.3	1.438
1592	10.7	14.3	1.539
1593	11.0	14.3	1.546
1594	10.7	14.3	1.620
1595	10.2	14.3	1.546
1596	9.8	14.3	1.499
1597	9.3	14.3	1.388
1598	9.4	14.3	1.219
1599	9.1	14.3	1.111
1600	9.4	14.3	1.037
1601	9.7	14.2	1.078
1602	10.6	14.2	1.337
1603	10.9	14.2	1.492
1604	11.5	14.2	1.846
1605	11.8	14.2	1.896
1606	12.2	14.2	1.768
1607	12.8	14.2	1.064
1608	13.8	14.2	0.667
1609	11.7	14.2	0.461
1610	11.8	14.2	0.249
1611	12.0	14.2	0.098
1612	12.0	14.2	0.071
1613	11.9	14.2	0.212
1614	11.7	14.2	0.532
1615	11.8	14.2	1.438
1616	14.1	14.2	1.539
1617	13.8	14.2	1.546
1618	12.7	14.2	1.620
1619	12.1	14.2	1.546
1620	10.8	14.2	1.499
1621	9.7	14.2	1.388
1622	8.9	14.2	1.219
1623	8.4	14.2	1.111
1624	8.5	14.1	1.037
1625	8.9	14.1	1.078
1626	9.9	14.1	1.337
1627	10.8	14.1	1.492
1628	11.3	14.1	1.846
1629	11.5	14.1	1.896
1630	11.9	14.1	1.768
1631	12.2	14.1	1.064
1632	12.6	14.1	0.667
1633	10.1	14.1	0.461
1634	10.4	14.1	0.249
1635	10.5	14.1	0.098
1636	10.6	14.1	0.071
1637	11.2	14.1	0.212
1638	11.1	14.1	0.532
1639	11.2	14.1	1.438
1640	13.7	14.1	1.539
1641	13.2	14.1	1.546
1642	11.6	14.1	1.620
1643	10.6	14.1	1.546
1644	9.4	14.1	1.499
1645	8.5	14.1	1.388
1646	8.0	14.0	1.219
1647	7.7	14.0	1.111
1648	7.7	14.0	1.037
1649	8.0	14.0	1.078
1650	8.8	14.0	1.337
1651	9.6	14.0	1.492
1652	10.0	14.0	1.846
1653	10.6	14.0	1.896
1654	10.7	14.0	1.768
1655	10.7	14.0	1.064
1656	11.3	14.0	0.667
1657	9.0	14.0	0.461
1658	9.3	14.0	0.249
1659	9.4	14.0	0.098
1660	9.4	14.0	0.071
1661	9.4	14.0	0.212
1662	9.5	14.0	0.532
1663	9.4	14.0	1.438
1664	12.0	14.0	1.539
1665	11.4	14.0	1.546
1666	11.1	14.0	1.620
1667	10.6	14.0	1.546
1668	9.1	14.0	1.499
1669	8.3	14.0	1.388
1670	7.5	14.0	1.219
1671	7.1	14.0	1.111
1672	7.1	14.0	1.037
1673	7.7	14.0	1.078
1674	8.4	13.9	1.337
1675	9.2	13.9	1.492
1676	9.6	13.9	1.846
1677	10.2	13.9	1.896
1678	10.7	13.9	1.768
1679	11.0	13.9	1.064
1680	11.3	13.9	0.667
1681	9.2	13.9	0.461
1682	9.2	13.9	0.249
1683	9.1	13.9	0.098
1684	9.1	13.9	0.071
1685	9.4	13.9	0.212
1686	9.4	13.9	0.532
1687	8.8	13.9	1.438
1688	11.4	13.9	1.539
1689	11.2	13.9	1.546
1690	10.5	13.9	1.620
1691	9.1	13.9	1.546
1692	7.8	13.9	1.499
1693	7.2	13.9	1.388
1694	6.5	13.9	1.219
1695	5.9	13.9	1.111
1696	5.7	13.9	1.037
1697	5.8	13.9	1.078
1698	6.6	13.9	1.337
1699	7.1	13.9	1.492
1700	7.1	13.9	1.846
1701	7.2	13.9	1.896
1702	7.7	13.9	1.768
1703	7.8	13.8	1.064
1704	8.1	13.8	0.667
1705	5.7	13.8	0.461
1706	5.7	13.8	0.249
1707	5.4	13.8	0.098
1708	5.2	13.8	0.071
1709	4.8	13.8	0.212
1710	5.1	13.8	0.532
1711	4.9	13.8	1.438
1712	7.3	13.8	1.539
1713	6.7	13.8	1.546
1714	6.4	13.8	1.620
1715	5.8	13.8	1.546
1716	5.3	13.8	1.499
1717	4.7	13.8	1.388
1718	4.6	13.8	1.219
1719	4.0	13.8	1.111
1720	3.5	13.8	1.037
1721	4.2	13.8	1.078
1722	4.8	13.8	1.337
1723	5.5	13.8	1.492
1724	6.0	13.8	1.846
1725	6.5	13.8	1.896
1726	6.6	13.8	1.768
1727	6.5	13.8	1.064
1728	6.6	13.8	0.667
1729	3.8	13.8	0.461
1730	3.8	13.8	0.249
1731	3.9	13.8	0.098
1732	4.0	13.8	0.071
1733	4.2	13.8	0.212
1734	4.7	13.8	0.532
1735	4.9	13.8	1.438
1736	7.3	13.8	1.539
1737	6.6	13.8	1.546
1738	6.2	13.8	1.620
1739	5.4	13.8	1.546
1740	5.4	13.8	1.499
1741	4.9	13.7	1.388
1742	4.3	13.7	1.219
1743	4.3	13.7	1.111
1744	4.5	13.7	1.037
1745	4.7	13.7	1.078
1746	5.0	13.7	1.337
1747	5.4	13.7	1.492
1748	6.2	13.7	1.846
1749	6.5	13.7	1.896
1750	7.3	13.7	1.768
1751	7.3	13.7	1.064
1752	7.7	13.7	0.667
1753	5.3	13.7	0.461
1754	5.7	13.7	0.249
1755	5.9	13.7	0.098
1756	5.8	13.7	0.071
1757	6.3	13.7	0.212
1758	6.1	13.7	0.532
1759	6.2	13.7	1.438
1760	9.1	13.7	1.539
1761	9.1	13.7	1.546
1762	8.4	13.7	1.620
1763	7.4	13.7	1.546
1764	6.9	13.7	1.499
1765	6.1	13.7	1.388
1766	5.9	13.7	1.219
1767	5.3	13.7	1.111
1768	5.3	13.7	1.037
1769	6.0	13.7	1.078
1770	6.6	13.7	1.337
1771	7.6	13.6	1.492
1772	8.5	13.6	1.846
1773	9.0	13.6	1.896
1774	9.9	13.6	1.768
1775	10.5	13.6	1.064
1776	11.3	13.6	0.667
1777	9.2	13.6	0.461
1778	9.1	13.6	0.249
1779	8.9	13.6	0.098
1780	8.9	13.6	0.071
1781	9.0	13.6	0.212
1782	9.0	13.6	0.532
1783	8.9	13.6	1.438
1784	11.4	13.6	1.539
1785	11.3	13.6	1.546
1786	11.0	13.6	1.620
1787	10.0	13.6	1.546
1788	9.7	13.5	1.499
1789	9.3	13.5	1.388
1790	9.0	13.5	1.219
1791	8.8	13.5	1.111
1792	8.9	13.5	1.037
1793	9.2	13.5	1.078
1794	9.2	13.5	1.337
1795	9.7	13.5	1.492
1796	9.7	13.5	1.846
1797	10.2	13.5	1.896
1798	10.6	13.5	1.768
1799	10.8	13.5	1.064
1800	11.1	13.5	0.667
1801	8.9	13.5	0.461
1802	8.7	13.5	0.249
1803	8.6	13.4	0.098
1804	8.0	13.4	0.071
1805	8.5	13.4	0.212
1806	7.8	13.4	0.532
1807	7.4	13.4	1.438
1808	9.1	13.4	1.539
1809	8.7	13.4	1.546
1810	8.3	13.4	1.620
1811	8.0	13.4	1.546
1812	7.0	13.4	1.499
1813	6.4	13.4	1.388
1814	5.6	13.4	1.219
1815	5.5	13.4	1.111
1816	5.8	13.4	1.037
1817	5.7	13.3	1.078
1818	6.4	13.3	1.337
1819	6.6	13.3	1.492
1820	6.8	13.3	1.846
1821	6.8	13.3	1.896
1822	6.6	13.3	1.768
1823	6.5	13.3	1.064
1824	6.8	13.3	0.667
1825	4.1	13.3	0.461
1826	3.9	13.3	0.249
1827	4.3	13.3	0.098
1828	4.1	13.3	0.071
1829	3.9	13.3	0.212
1830	4.2	13.3	0.532
1831	4.0	13.3	1.438
1832	6.1	13.3	1.539
1833	5.9	13.3	1.546
1834	5.9	13.3	1.620
1835	5.0	13.3	1.546
1836	4.4	13.3	1.499
1837	3.9	13.3	1.388
1838	3.3	13.3	1.219
1839	2.7	13.3	1.111
1840	2.7	13.3	1.037
1841	3.0	13.3	1.078
1842	3.7	13.2	1.337
1843	4.3	13.2	1.492
1844	4.8	13.2	1.846
1845	5.0	13.2	1.896
1846	5.2	13.2	1.768
1847	5.3	13.2	1.064
1848	6.2	13.2	0.667
1849	3.7	13.2	0.461
1850	3.9	13.2	0.249
1851	4.3	13.2	0.098
1852	4.5	13.2	0.071
1853	4.4	13.2	0.212
1854	4.7	13.2	0.532
1855	5.0	13.2	1.438
1856	7.5	13.2	1.539
1857	6.9	13.2	1.546
1858	6.0	13.2	1.620
1859	5.4	13.2	1.546
1860	5.0	13.2	1.499
1861	4.8	13.2	1.388
1862	4.4	13.2	1.219
1863	4.6	13.2	1.111
1864	4.9	13.1	1.037
1865	5.3	13.1	1.078
1866	5.9	13.1	1.337
1867	7.0	13.1	1.492
1868	7.8	13.1	1.846
1869	8.1	13.1	1.896
1870	8.9	13.1	1.768
1871	9.6	13.1	1.064
1872	10.1	13.1	0.667
1873	7.8	13.1	0.461
1874	8.0	13.1	0.249
1875	8.2	13.1	0.098
1876	8.2	13.1	0.071
1877	7.9	13.1	0.212
1878	7.9	13.1	0.532
1879	7.9	13.1	1.438
1880	10.1	13.1	1.539
1881	9.8	13.1	1.546
1882	9.0	13.1	1.620
1883	8.3	13.1	1.546
1884	7.6	13.1	1.499
1885	7.3	13.1	1.388
1886	6.6	13.0	1.219
1887	6.7	13.0	1.111
1888	6.5	13.0	1.037
1889	6.8	13.0	1.078
1890	7.1	13.0	1.337
1891	7.8	13.0	1.492
1892	8.2	13.0	1.846
1893	8.1	13.0	1.896
1894	8.3	13.0	1.768
1895	8.7	13.0	1.064
1896	9.1	13.0	0.667
1897	6.5	13.0	0.461
1898	6.5	13.0	0.249
1899	7.1	13.0	0.098
1900	7.3	13.0	0.071
1901	7.3	13.0	0.212
1902	7.0	13.0	0.532
1903	6.9	13.0	1.438
1904	9.8	13.0	1.539
1905	9.0	13.0	1.546
1906	8.1	13.0	1.620
1907	7.2	13.0	1.546
1908	6.2	13.0	1.499
1909	5.6	13.0	1.388
1910	5.0	13.0	1.219
1911	5.2	12.9	1.111
1912	5.4	12.9	1.037
1913	5.6	12.9	1.078
1914	6.2	12.9	1.337
1915	6.8	12.9	1.492
1916	7.0	12.9	1.846
1917	7.4	12.9	1.896
1918	7.4	12.9	1.768
1919	7.7	12.9	1.064
1920	8.3	12.9	0.667
1921	6.0	12.9	0.461
1922	6.6	12.9	0.249
1923	7.5	12.9	0.098
1924	7.9	12.9	0.071
1925	8.2	12.9	0.212
1926	8.5	12.9	0.532
1927	8.5	12.9	1.438
1928	10.8	12.9	1.539
1929	10.9	12.9	1.546
1930	10.6	12.8	1.620
1931	9.9	12.8	1.546
1932	9.3	12.8	1.499
1933	9.1	12.8	1.388
1934	9.2	12.8	1.219
1935	9.2	12.8	1.111
1936	9.2	12.8	1.037
1937	9.5	12.8	1.078
1938	10.5	12.8	1.337
1939	11.3	12.8	1.492
1940	11.7	12.8	1.846
1941	12.3	12.8	1.896
1942	12.5	12.8	1.768
1943	13.0	12.8	1.064
1944	13.7	12.8	0.667
1945	11.4	12.8	0.461
1946	11.6	12.8	0.249
1947	11.6	12.8	0.098
1948	11.7	12.8	0.071
1949	11.5	12.8	0.212
1950	11.4	12.8	0.532
1951	11.6	12.8	1.438
1952	13.7	12.8	1.539
1953	12.7	12.8	1.546
1954	11.6	12.8	1.620
1955	10.3	12.7	1.546
1956	9.2	12.7	1.499
1957	8.1	12.7	1.388
1958	8.0	12.7	1.219
1959	7.8	12.7	1.111
1960	7.9	12.7	1.037
1961	8.4	12.7	1.078
1962	9.5	12.7	1.337
1963	10.4	12.7	1.492
1964	11.2	12.7	1.846
1965	11.2	12.7	1.896
1966	11.3	12.7	1.768
1967	11.6	12.7	1.064
1968	11.8	12.7	0.667
1969	9.3	12.7	0.461
1970	9.9	12.7	0.249
1971	10.5	12.7	0.098
1972	10.5	12.7	0.071
1973	10.7	12.7	0.212
1974	10.7	12.7	0.532
1975	10.8	12.7	1.438
1976	13.4	12.7	1.539
1977	12.8	12.7	1.546
1978	12.1	12.7	1.620
1979	11.1	12.6	1.546
1980	10.4	12.6	1.499
1981	9.8	12.6	1.388
1982	9.6	12.6	1.219
1983	9.3	12.6	1.111
1984	9.6	12.6	1.037
1985	10.2	12.6	1.078
1986	11.2	12.6	1.337
1987	12.0	12.6	1.492
1988	12.5	12.6	1.846
1989	12.9	12.6	1.896
1990	13.4	12.6	1.768
1991	14.3	12.6	1.064
1992	14.5	12.6	0.667
1993	12.2	12.6	0.461
1994	12.1	12.6	0.249
1995	12.0	12.6	0.098
1996	12.3	12.6	0.071
1997	12.1	12.6	0.212
1998	12.1	12.6	0.532
1999	12.1	12.6	1.438
2000	14.1	12.6	1.539
2001	13.7	12.6	1.546
2002	12.8	12.6	1.620
2003	11.5	12.6	1.546
2004	10.5	12.5	1.499
2005	9.7	12.5	1.388
2006	8.8	12.5	1.219
2007	8.5	12.5	1.111
2008	8.1	12.5	1.037
2009	7.9	12.5	1.078
2010	8.7	12.5	1.337
2011	9.0	12.5	1.492
2012	8.8	12.5	1.846
2013	9.1	12.5	1.896
2014	9.1	12.5	1.768
2015	9.4	12.5	1.064
2016	9.7	12.5	0.667
2017	7.5	12.5	0.461
2018	7.6	12.5	0.249
2019	7.3	12.5	0.098
2020	7.2	12.5	0.071
2021	7.5	12.5	0.212
2022	7.6	12.5	0.532
2023	7.1	12.5	1.438
2024	9.3	12.5	1.539
2025	8.6	12.5	1.546
2026	8.3	12.5	1.620
2027	7.9	12.5	1.546
2028	7.4	12.5	1.499
2029	7.2	12.5	1.388
2030	7.1	12.5	1.219
2031	7.1	12.5	1.111
2032	6.8	12.4	1.037
2033	6.8	12.4	1.078
2034	6.9	12.4	1.337
2035	7.2	12.4	1.492
2036	6.9	12.4	1.846
2037	7.4	12.4	1.896
2038	7.9	12.4	1.768
2039	7.8	12.4	1.064
2040	8.4	12.4	0.667
2041	5.8	12.4	0.461
2042	6.0	12.4	0.249
2043	5.9	12.4	0.098
2044	6.2	12.4	0.071
2045	6.3	12.4	0.212
2046	6.7	12.4	0.532
2047	6.9	12.4	1.438
2048	9.1	12.4	1.539
2049	8.5	12.4	1.546
2050	8.0	12.4	1.620
2051	7.6	12.4	1.546
2052	7.1	12.4	1.499
2053	6.1	12.4	1.388
2054	5.9	12.3	1.219
2055	5.6	12.3	1.111
2056	5.0	12.3	1.037
2057	5.3	12.3	1.078
2058	5.7	12.3	1.337
2059	6.2	12.3	1.492
2060	6.7	12.3	1.846
2061	6.9	12.3	1.896
2062	7.6	12.3	1.768
2063	7.7	12.3	1.064
2064	8.1	12.3	0.667
2065	5.7	12.3	0.461
2066	5.8	12.3	0.249
2067	5.3	12.3	0.098
2068	5.3	12.3	0.071
2069	5.2	12.3	0.212
2070	5.2	12.3	0.532
2071	5.0	12.3	1.438
2072	7.9	12.3	1.539
2073	7.0	12.3	1.546
2074	6.3	12.3	1.620
2075	5.3	12.3	1.546
2076	4.7	12.2	1.499
2077	4.3	12.2	1.388
2078	4.1	12.2	1.219
2079	4.0	12.2	1.111
2080	4.6	12.2	1.037
2081	5.2	12.2	1.078
2082	6.0	12.2	1.337
2083	6.8	12.2	1.492
2084	7.5	12.2	1.846
2085	8.0	12.2	1.896
2086	8.8	12.2	1.768
2087	9.4	12.2	1.064
2088	9.4	12.2	0.667
2089	7.3	12.2	0.461
2090	7.2	12.2	0.249
2091	7.3	12.2	0.098
2092	7.4	12.2	0.071
2093	7.3	12.2	0.212
2094	7.4	12.2	0.532
2095	7.6	12.2	1.438
2096	9.5	12.2	1.539
2097	8.5	12.2	1.546
2098	7.6	12.2	1.620
2099	6.4	12.2	1.546
2100	5.4	12.2	1.499
2101	4.4	12.2	1.388
2102	3.8	12.2	1.219
2103	3.6	12.2	1.111
2104	3.6	12.2	1.037
2105	4.2	12.2	1.078
2106	5.0	12.2	1.337
2107	5.7	12.2	1.492
2108	6.2	12.2	1.846
2109	6.5	12.2	1.896
2110	6.9	12.2	1.768
2111	7.2	12.1	1.064
2112	7.6	12.1	0.667
2113	5.7	12.1	0.461
2114	6.3	12.1	0.249
2115	6.1	12.1	0.098
2116	6.3	12.1	0.071
2117	6.3	12.1	0.212
2118	5.8	12.1	0.532
2119	5.7	12.1	1.438
2120	8.0	12.1	1.539
2121	7.6	12.1	1.546
2122	7.7	12.1	1.620
2123	7.2	12.1	1.546
2124	5.7	12.1	1.499
2125	4.9	12.1	1.388
2126	4.5	12.1	1.219
2127	3.8	12.1	1.111
2128	3.7	12.1	1.037
2129	3.9	12.1	1.078
2130	4.5	12.1	1.337
2131	5.5	12.1	1.492
2132	5.8	12.1	1.846
2133	6.0	12.1	1.896
2134	6.0	12.1	1.768
2135	6.7	12.0	1.064
2136	7.1	12.0	0.667
2137	4.9	12.0	0.461
2138	4.8	12.0	0.249
2139	5.1	12.0	0.098
2140	5.3	12.0	0.071
2141	5.4	12.0	0.212
2142	5.8	12.0	0.532
2143	5.3	12.0	1.438
2144	7.7	12.0	1.539
2145	7.4	12.0	1.546
2146	6.6	12.0	1.620
2147	5.4	12.0	1.546
2148	4.5	12.0	1.499
2149	3.3	12.0	1.388
2150	2.9	12.0	1.219
2151	2.1	12.0	1.111
2152	2.5	12.0	1.037
2153	2.9	12.0	1.078
2154	3.4	12.0	1.337
2155	4.2	12.0	1.492
2156	4.8	12.0	1.846
2157	5.1	12.0	1.896
2158	5.8	12.0	1.768
2159	6.0	12.0	1.064
2160	6.2	12.0	0.667
2161	2.3	11.9	0.461
2162	2.1	11.9	0.249
2163	2.4	11.9	0.098
2164	2.4	11.9	0.071
2165	2.4	11.9	0.212
2166	2.3	11.9	0.532
2167	2.3	11.9	1.438
2168	3.6	11.9	1.539
2169	3.4	11.9	1.546
2170	3.2	11.9	1.620
2171	2.8	11.9	1.546
2172	2.7	11.9	1.499
2173	2.8	11.9	1.388
2174	2.8	11.9	1.219
2175	3.0	11.9	1.111
2176	3.1	11.9	1.037
2177	3.2	11.9	1.078
2178	3.4	11.9	1.337
2179	3.6	11.9	1.492
2180	3.7	11.9	1.846
2181	3.9	11.9	1.896
2182	4.1	11.9	1.768
2183	4.1	11.8	1.064
2184	4.2	11.8	0.667
2185	2.8	11.8	0.461
2186	3.0	11.8	0.249
2187	3.0	11.8	0.098
2188	3.0	11.8	0.071
2189	3.2	11.8	0.212
2190	3.1	11.8	0.532
2191	3.0	11.8	1.438
2192	4.1	11.8	1.539
2193	3.8	11.8	1.546
2194	3.5	11.8	1.620
2195	3.2	11.8	1.546
2196	2.9	11.8	1.499
2197	2.8	11.8	1.388
2198	2.7	11.8	1.219
2199	2.6	11.8	1.111
2200	2.5	11.8	1.037
2201	2.5	11.8	1.078
2202	2.6	11.8	1.337
2203	2.9	11.8	1.492
2204	3.2	11.8	1.846
2205	3.4	11.8	1.896
2206	3.3	11.8	1.768
2207	3.2	11.8	1.064
2208	3.4	11.7	0.667
2209	2.1	11.7	0.461
2210	2.3	11.7	0.249
2211	2.2	11.7	0.098
2212	2.1	11.7	0.071
2213	1.9	11.7	0.212
2214	1.8	11.7	0.532
2215	1.7	11.7	1.438
2216	2.7	11.7	1.539
2217	2.2	11.7	1.546
2218	2.0	11.7	1.620
2219	1.6	11.7	1.546
2220	1.3	11.7	1.499
2221	1.1	11.7	1.388
2222	0.8	11.7	1.219
2223	0.5	11.7	1.111
2224	0.4	11.7	1.037
2225	0.3	11.7	1.078
2226	0.6	11.7	1.337
2227	0.7	11.7	1.492
2228	1.0	11.7	1.846
2229	1.2	11.7	1.896
2230	1.1	11.7	1.768
2231	1.3	11.7	1.064
2232	1.4	11.7	0.667
2233	0.0	11.7	0.461
2234	0.0	11.7	0.249
2235	0.0	11.7	0.098
2236	0.0	11.7	0.071
2237	0.0	11.7	0.212
2238	0.0	11.7	0.532
2239	0.0	11.7	1.438
2240	0.0	11.7	1.539
2241	0.0	11.6	1.546
2242	0.0	11.6	1.620
2243	0.0	11.6	1.546
2244	0.0	11.6	1.499
2245	0.0	11.6	1.388
2246	0.0	11.6	1.219
2247	0.0	11.6	1.111
2248	0.0	11.6	1.037
2249	0.0	11.6	1.078
2250	0.0	11.6	1.337
2251	0.0	11.6	1.492
2252	0.0	11.6	1.846
2253	0.0	11.6	1.896
2254	0.0	11.6	1.768
2255	0.0	11.6	1.064
2256	0.0	11.6	0.667
2257	0.8	11.6	0.461
2258	0.9	11.6	0.249
2259	1.0	11.6	0.098
2260	1.2	11.6	0.071
2261	1.1	11.6	0.212
2262	1.1	11.6	0.532
2263	0.9	11.6	1.438
2264	2.1	11.6	1.539
2265	1.8	11.6	1.546
2266	1.6	11.6	1.620
2267	1.2	11.6	1.546
2268	0.7	11.6	1.499
2269	0.5	11.6	1.388
2270	0.2	11.6	1.219
2271	0.1	11.5	1.111
2272	0.1	11.5	1.037
2273	0.1	11.5	1.078
2274	0.3	11.5	1.337
2275	0.6	11.5	1.492
2276	0.9	11.5	1.846
2277	1.2	11.5	1.896
2278	1.4	11.5	1.768
2279	1.7	11.5	1.064
2280	2.0	11.5	0.667
2281	0.8	11.5	0.461
2282	0.9	11.5	0.249
2283	0.9	11.5	0.098
2284	1.1	11.5	0.071
2285	1.3	11.5	0.212
2286	1.5	11.5	0.532
2287	1.4	11.5	1.438
2288	2.4	11.4	1.539
2289	2.1	11.4	1.546
2290	1.6	11.4	1.620
2291	1.0	11.4	1.546
2292	0.6	11.4	1.499
2293	0.2	11.4	1.388
2294	0.0	11.4	1.219
2295	0.0	11.4	1.111
2296	0.0	11.4	1.037
2297	0.1	11.4	1.078
2298	0.5	11.4	1.337
2299	0.9	11.4	1.492
2300	1.2	11.4	1.846
2301	1.3	11.4	1.896
2302	1.9	11.4	1.768
2303	2.2	11.4	1.064
2304	2.4	11.4	0.667
2305	1.3	11.4	0.461
2306	1.7	11.4	0.249
2307	1.8	11.4	0.098
2308	1.9	11.4	0.071
2309	2.2	11.4	0.212
2310	2.2	11.4	0.532
2311	2.4	11.3	1.438
2312	3.5	11.3	1.539
2313	3.4	11.3	1.546
2314	3.0	11.3	1.620
2315	2.7	11.3	1.546
2316	2.5	11.3	1.499
2317	2.3	11.3	1.388
2318	2.2	11.3	1.219
2319	2.0	11.3	1.111
2320	1.9	11.3	1.037
2321	2.2	11.3	1.078
2322	2.4	11.3	1.337
2323	2.9	11.3	1.492
2324	3.2	11.3	1.846
2325	3.5	11.3	1.896
2326	3.7	11.3	1.768
2327	3.9	11.3	1.064
2328	3.9	11.3	0.667
2329	2.9	11.3	0.461
2330	2.9	11.3	0.249
2331	3.2	11.3	0.098
2332	3.4	11.3	0.071
2333	3.3	11.3	0.212
2334	3.1	11.3	0.532
2335	3.0	11.3	1.438
2336	3.9	11.2	1.539
2337	3.6	11.2	1.546
2338	3.0	11.2	1.620
2339	2.6	11.2	1.546
2340	2.4	11.2	1.499
2341	2.0	11.2	1.388
2342	1.9	11.2	1.219
2343	1.7	11.2	1.111
2344	1.6	11.2	1.037
2345	1.6	11.2	1.078
2346	1.8	11.2	1.337
2347	2.1	11.2	1.492
2348	2.4	11.2	1.846
2349	2.4	11.2	1.896
2350	2.3	11.2	1.768
2351	2.3	11.2	1.064
2352	2.3	11.2	0.667
2353	1.0	11.2	0.461
2354	1.1	11.2	0.249
2355	1.3	11.2	0.098
2356	1.4	11.2	0.071
2357	1.5	11.2	0.212
2358	1.5	11.2	0.532
2359	1.5	11.2	1.438
2360	2.6	11.2	1.539
2361	2.3	11.1	1.546
2362	1.7	11.1	1.620
2363	1.1	11.1	1.546
2364	0.8	11.1	1.499
2365	0.7	11.1	1.388
2366	0.5	11.1	1.219
2367	0.3	11.1	1.111
2368	0.1	11.1	1.037
2369	0.2	11.1	1.078
2370	0.5	11.1	1.337
2371	0.9	11.1	1.492
2372	1.5	11.1	1.846
2373	2.1	11.1	1.896
2374	2.3	11.1	1.768
2375	2.6	11.1	1.064
2376	2.9	11.1	0.667
2377	1.7	11.1	0.461
2378	2.1	11.0	0.249
2379	2.0	11.0	0.098
2380	2.1	11.0	0.071
2381	1.9	11.0	0.212
2382	1.8	11.0	0.532
2383	1.7	11.0	1.438
2384	2.7	11.0	1.539
2385	2.2	11.0	1.546
2386	1.7	11.0	1.620
2387	1.2	11.0	1.546
2388	0.9	11.0	1.499
2389	0.8	11.0	1.388
2390	0.7	11.0	1.219
2391	0.3	11.0	1.111
2392	0.2	11.0	1.037
2393	0.1	11.0	1.078
2394	0.3	11.0	1.337
2395	0.7	11.0	1.492
2396	1.2	11.0	1.846
2397	1.4	11.0	1.896
2398	1.9	11.0	1.768
2399	2.1	11.0	1.064
2400	2.3	11.0	0.667
2401	1.2	11.0	0.461
2402	1.2	11.0	0.249
2403	1.2	11.0	0.098
2404	1.2	11.0	0.071
2405	1.5	11.0	0.212
2406	1.6	11.0	0.532
2407	1.6	11.0	1.438
2408	2.8	10.9	1.539
2409	2.5	10.9	1.546
2410	2.2	10.9	1.620
2411	1.8	10.9	1.546
2412	1.6	10.9	1.499
2413	1.4	10.9	1.388
2414	1.1	10.9	1.219
2415	1.0	10.9	1.111
2416	0.9	10.9	1.037
2417	1.1	10.9	1.078
2418	1.4	10.9	1.337
2419	1.6	10.9	1.492
2420	1.9	10.9	1.846
2421	2.3	10.9	1.896
2422	2.7	10.9	1.768
2423	2.9	10.9	1.064
2424	3.1	10.9	0.667
2425	2.1	10.9	0.461
2426	2.2	10.9	0.249
2427	2.2	10.9	0.098
2428	2.2	10.8	0.071
2429	2.2	10.8	0.212
2430	2.2	10.8	0.532
2431	2.0	10.8	1.438
2432	2.9	10.8	1.539
2433	2.4	10.8	1.546
2434	1.8	10.8	1.620
2435	1.3	10.8	1.546
2436	0.9	10.8	1.499
2437	0.5	10.8	1.388
2438	0.2	10.8	1.219
2439	0.1	10.8	1.111
2440	0.1	10.8	1.037
2441	0.2	10.8	1.078
2442	0.3	10.8	1.337
2443	0.3	10.8	1.492
2444	0.7	10.8	1.846
2445	1.0	10.8	1.896
2446	1.1	10.8	1.768
2447	1.4	10.8	1.064
2448	1.7	10.8	0.667
2449	0.5	10.8	0.461
2450	0.6	10.8	0.249
2451	0.4	10.8	0.098
2452	0.5	10.8	0.071
2453	0.5	10.8	0.212
2454	0.7	10.8	0.532
2455	0.9	10.8	1.438
2456	2.0	10.8	1.539
2457	1.7	10.8	1.546
2458	1.3	10.8	1.620
2459	0.8	10.8	1.546
2460	0.4	10.8	1.499
2461	0.4	10.7	1.388
2462	0.2	10.7	1.219
2463	0.3	10.7	1.111
2464	0.3	10.7	1.037
2465	0.5	10.7	1.078
2466	0.6	10.7	1.337
2467	1.1	10.7	1.492
2468	1.5	10.7	1.846
2469	1.8	10.7	1.896
2470	1.9	10.7	1.768
2471	2.2	10.7	1.064
2472	2.5	10.7	0.667
2473	1.5	10.7	0.461
2474	1.8	10.7	0.249
2475	1.9	10.7	0.098
2476	1.8	10.7	0.071
2477	1.9	10.7	0.212
2478	2.1	10.7	0.532
2479	2.2	10.7	1.438
2480	3.4	10.7	1.539
2481	3.0	10.7	1.546
2482	2.6	10.7	1.620
2483	2.0	10.7	1.546
2484	1.5	10.7	1.499
2485	1.2	10.7	1.388
2486	1.1	10.7	1.219
2487	1.0	10.7	1.111
2488	0.9	10.7	1.037
2489	1.1	10.7	1.078
2490	1.7	10.7	1.337
2491	2.1	10.7	1.492
2492	2.4	10.7	1.846
2493	3.0	10.7	1.896
2494	3.4	10.7	1.768
2495	3.7	10.6	1.064
2496	4.0	10.6	0.667
2497	2.9	10.6	0.461
2498	3.2	10.6	0.249
2499	3.6	10.6	0.098
2500	3.9	10.6	0.071
2501	4.1	10.6	0.212
2502	4.0	10.6	0.532
2503	4.1	10.6	1.438
2504	5.1	10.6	1.539
2505	4.8	10.6	1.546
2506	4.3	10.6	1.620
2507	3.8	10.6	1.546
2508	3.4	10.6	1.499
2509	3.1	10.6	1.388
2510	2.9	10.6	1.219
2511	2.8	10.6	1.111
2512	2.7	10.6	1.037
2513	2.8	10.6	1.078
2514	3.2	10.6	1.337
2515	3.7	10.6	1.492
2516	4.1	10.6	1.846
2517	4.4	10.6	1.896
2518	4.7	10.6	1.768
2519	5.0	10.6	1.064
2520	5.2	10.6	0.667
2521	4.3	10.6	0.461
2522	4.4	10.6	0.249
2523	4.5	10.6	0.098
2524	4.8	10.6	0.071
2525	5.0	10.6	0.212
2526	5.2	10.6	0.532
2527	5.1	10.6	1.438
2528	6.1	10.6	1.539
2529	5.7	10.6	1.546
2530	5.1	10.5	1.620
2531	4.6	10.5	1.546
2532	4.3	10.5	1.499
2533	3.9	10.5	1.388
2534	3.9	10.5	1.219
2535	3.8	10.5	1.111
2536	3.8	10.5	1.037
2537	3.9	10.5	1.078
2538	4.2	10.5	1.337
2539	4.5	10.5	1.492
2540	5.2	10.5	1.846
2541	5.4	10.5	1.896
2542	5.8	10.5	1.768
2543	6.1	10.5	1.064
2544	6.1	10.5	0.667
2545	5.0	10.5	0.461
2546	5.2	10.5	0.249
2547	5.2	10.5	0.098
2548	5.4	10.5	0.071
2549	5.4	10.5	0.212
2550	5.5	10.5	0.532
2551	5.3	10.5	1.438
2552	6.4	10.5	1.539
2553	6.1	10.5	1.546
2554	5.4	10.5	1.620
2555	4.9	10.5	1.546
2556	4.4	10.5	1.499
2557	3.9	10.5	1.388
2558	3.5	10.5	1.219
2559	3.2	10.5	1.111
2560	3.3	10.4	1.037
2561	3.6	10.4	1.078
2562	3.9	10.4	1.337
2563	4.4	10.4	1.492
2564	4.8	10.4	1.846
2565	5.1	10.4	1.896
2566	5.4	10.4	1.768
2567	5.9	10.4	1.064
2568	6.2	10.4	0.667
2569	5.2	10.4	0.461
2570	5.3	10.4	0.249
2571	5.3	10.4	0.098
2572	5.2	10.4	0.071
2573	4.9	10.4	0.212
2574	4.9	10.4	0.532
2575	4.8	10.4	1.438
2576	5.8	10.4	1.539
2577	5.6	10.4	1.546
2578	5.0	10.4	1.620
2579	4.3	10.4	1.546
2580	3.6	10.4	1.499
2581	3.1	10.4	1.388
2582	2.8	10.4	1.219
2583	2.6	10.4	1.111
2584	2.4	10.4	1.037
2585	2.4	10.4	1.078
2586	2.7	10.4	1.337
2587	3.0	10.3	1.492
2588	3.1	10.3	1.846
2589	3.5	10.3	1.896
2590	3.4	10.3	1.768
2591	3.4	10.3	1.064
2592	3.6	10.3	0.667
2593	2.5	10.3	0.461
2594	2.3	10.3	0.249
2595	2.5	10.3	0.098
2596	2.4	10.3	0.071
2597	2.5	10.3	0.212
2598	2.8	10.3	0.532
2599	2.7	10.3	1.438
2600	3.9	10.3	1.539
2601	3.6	10.3	1.546
2602	3.0	10.2	1.620
2603	2.5	10.2	1.546
2604	2.2	10.2	1.499
2605	1.7	10.2	1.388
2606	1.6	10.2	1.219
2607	1.5	10.2	1.111
2608	1.5	10.2	1.037
2609	1.7	10.2	1.078
2610	2.0	10.2	1.337
2611	2.4	10.2	1.492
2612	2.8	10.2	1.846
2613	3.0	10.2	1.896
2614	3.4	10.2	1.768
2615	3.6	10.2	1.064
2616	3.9	10.2	0.667
2617	3.0	10.2	0.461
2618	2.9	10.2	0.249
2619	2.8	10.2	0.098
2620	2.8	10.2	0.071
2621	2.9	10.2	0.212
2622	3.0	10.2	0.532
2623	3.0	10.2	1.438
2624	4.0	10.1	1.539
2625	3.9	10.1	1.546
2626	3.7	10.1	1.620
2627	3.3	10.1	1.546
2628	3.1	10.1	1.499
2629	3.2	10.1	1.388
2630	3.3	10.1	1.219
2631	3.2	10.1	1.111
2632	3.2	10.1	1.037
2633	3.2	10.1	1.078
2634	3.6	10.1	1.337
2635	3.8	10.1	1.492
2636	4.0	10.1	1.846
2637	4.2	10.1	1.896
2638	4.4	10.1	1.768
2639	4.7	10.1	1.064
2640	4.9	10.1	0.667
2641	3.7	10.1	0.461
2642	3.9	10.0	0.249
2643	4.0	10.0	0.098
2644	3.9	10.0	0.071
2645	3.8	10.0	0.212
2646	4.1	10.0	0.532
2647	4.0	10.0	1.438
2648	5.3	10.0	1.539
2649	4.8	10.0	1.546
2650	4.4	10.0	1.620
2651	4.0	10.0	1.546
2652	3.8	10.0	1.499
2653	3.7	10.0	1.388
2654	3.6	10.0	1.219
2655	3.7	10.0	1.111
2656	3.7	10.0	1.037
2657	3.7	10.0	1.078
2658	3.9	10.0	1.337
2659	4.0	9.9	1.492
2660	4.2	9.9	1.846
2661	4.3	9.9	1.896
2662	4.6	9.9	1.768
2663	5.0	9.9	1.064
2664	5.2	9.9	0.667
2665	4.1	9.9	0.461
2666	4.1	9.9	0.249
2667	4.2	9.9	0.098
2668	4.2	9.9	0.071
2669	4.1	9.9	0.212
2670	4.3	9.9	0.532
2671	4.4	9.9	1.438
2672	5.6	9.9	1.539
2673	5.4	9.9	1.546
2674	5.1	9.8	1.620
2675	4.9	9.8	1.546
2676	4.7	9.8	1.499
2677	4.8	9.8	1.388
2678	4.9	9.8	1.219
2679	4.8	9.8	1.111
2680	4.7	9.8	1.037
2681	4.7	9.8	1.078
2682	4.9	9.8	1.337
2683	5.2	9.8	1.492
2684	5.6	9.8	1.846
2685	5.7	9.8	1.896
2686	5.7	9.8	1.768
2687	5.9	9.8	1.064
2688	6.2	9.8	0.667
2689	5.1	9.8	0.461
2690	5.4	9.8	0.249
2691	5.5	9.8	0.098
2692	5.5	9.7	0.071
2693	5.4	9.7	0.212
2694	5.4	9.7	0.532
2695	5.2	9.7	1.438
2696	6.3	9.7	1.539
2697	5.9	9.7	1.546
2698	5.3	9.7	1.620
2699	4.7	9.7	1.546
2700	4.5	9.7	1.499
2701	4.2	9.7	1.388
2702	4.0	9.7	1.219
2703	3.8	9.7	1.111
2704	3.8	9.7	1.037
2705	3.8	9.7	1.078
2706	4.0	9.7	1.337
2707	4.2	9.7	1.492
2708	4.4	9.7	1.846
2709	4.9	9.7	1.896
2710	5.1	9.7	1.768
2711	5.1	9.7	1.064
2712	5.3	9.7	0.667
2713	4.2	9.7	0.461
2714	4.2	9.7	0.249
2715	4.2	9.7	0.098
2716	4.3	9.6	0.071
2717	4.2	9.6	0.212
2718	4.2	9.6	0.532
2719	4.0	9.6	1.438
2720	5.3	9.6	1.539
2721	5.2	9.6	1.546
2722	4.9	9.6	1.620
2723	4.7	9.6	1.546
2724	4.3	9.6	1.499
2725	4.0	9.6	1.388
2726	3.9	9.6	1.219
2727	3.8	9.6	1.111
2728	3.8	9.6	1.037
2729	4.2	9.6	1.078
2730	4.5	9.6	1.337
2731	4.8	9.6	1.492
2732	5.1	9.6	1.846
2733	5.3	9.6	1.896
2734	5.6	9.6	1.768
2735	5.9	9.5	1.064
2736	6.1	9.5	0.667
2737	4.9	9.5	0.461
2738	4.9	9.5	0.249
2739	4.8	9.5	0.098
2740	4.9	9.5	0.071
2741	4.6	9.5	0.212
2742	4.7	9.5	0.532
2743	4.6	9.5	1.438
2744	5.7	9.5	1.539
2745	5.5	9.5	1.546
2746	5.2	9.5	1.620
2747	4.7	9.5	1.546
2748	4.2	9.5	1.499
2749	3.9	9.5	1.388
2750	3.8	9.5	1.219
2751	3.4	9.5	1.111
2752	3.4	9.5	1.037
2753	3.4	9.5	1.078
2754	3.6	9.5	1.337
2755	3.9	9.5	1.492
2756	4.1	9.5	1.846
2757	4.4	9.5	1.896
2758	4.6	9.5	1.768
2759	4.6	9.5	1.064
2760	4.8	9.4	0.667
2761	3.6	9.4	0.461
2762	3.6	9.4	0.249
2763	3.6	9.4	0.098
2764	3.6	9.4	0.071
2765	3.6	9.4	0.212
2766	3.5	9.4	0.532
2767	3.3	9.4	1.438
2768	4.6	9.4	1.539
2769	4.5	9.4	1.546
2770	4.2	9.4	1.620
2771	4.1	9.4	1.546
2772	3.8	9.4	1.499
2773	3.8	9.4	1.388
2774	3.6	9.4	1.219
2775	3.5	9.4	1.111
2776	3.3	9.4	1.037
2777	3.1	9.4	1.078
2778	3.0	9.4	1.337
2779	3.0	9.4	1.492
2780	3.1	9.4	1.846
2781	2.9	9.4	1.896
2782	2.9	9.4	1.768
2783	3.0	9.4	1.064
2784	2.8	9.4	0.667
2785	1.5	9.4	0.461
2786	1.8	9.4	0.249
2787	1.9	9.4	0.098
2788	2.0	9.4	0.071
2789	2.3	9.4	0.212
2790	2.3	9.4	0.532
2791	2.3	9.3	1.438
2792	3.7	9.3	1.539
2793	3.7	9.3	1.546
2794	3.4	9.3	1.620
2795	3.4	9.3	1.546
2796	3.5	9.3	1.499
2797	3.5	9.3	1.388
2798	3.3	9.3	1.219
2799	3.4	9.3	1.111
2800	3.5	9.3	1.037
2801	3.5	9.3	1.078
2802	3.6	9.3	1.337
2803	3.8	9.3	1.492
2804	4.1	9.3	1.846
2805	4.4	9.3	1.896
2806	4.5	9.3	1.768
2807	4.6	9.3	1.064
2808	4.7	9.3	0.667
2809	3.6	9.3	0.461
2810	3.7	9.3	0.249
2811	3.6	9.3	0.098
2812	3.6	9.3	0.071
2813	3.6	9.3	0.212
2814	3.5	9.3	0.532
2815	3.5	9.2	1.438
2816	4.7	9.2	1.539
2817	4.3	9.2	1.546
2818	3.7	9.2	1.620
2819	3.2	9.2	1.546
2820	2.9	9.2	1.499
2821	2.6	9.2	1.388
2822	2.3	9.2	1.219
2823	1.9	9.2	1.111
2824	2.0	9.2	1.037
2825	2.1	9.2	1.078
2826	2.6	9.2	1.337
2827	3.1	9.2	1.492
2828	3.7	9.2	1.846
2829	4.0	9.2	1.896
2830	4.2	9.2	1.768
2831	4.4	9.2	1.064
2832	4.6	9.2	0.667
2833	3.5	9.2	0.461
2834	3.6	9.2	0.249
2835	3.7	9.2	0.098
2836	3.6	9.2	0.071
2837	3.6	9.2	0.212
2838	3.5	9.2	0.532
2839	3.5	9.2	1.438
2840	4.6	9.2	1.539
2841	4.3	9.2	1.546
2842	3.9	9.2	1.620
2843	3.2	9.2	1.546
2844	2.7	9.2	1.499
2845	2.6	9.2	1.388
2846	2.4	9.2	1.219
2847	2.4	9.1	1.111
2848	2.2	9.1	1.037
2849	2.2	9.1	1.078
2850	2.3	9.1	1.337
2851	2.4	9.1	1.492
2852	2.7	9.1	1.846
2853	2.9	9.1	1.896
2854	2.9	9.1	1.768
2855	2.9	9.1	1.064
2856	3.0	9.1	0.667
2857	1.9	9.1	0.461
2858	2.0	9.1	0.249
2859	2.0	9.1	0.098
2860	2.1	9.1	0.071
2861	2.3	9.1	0.212
2862	2.6	9.1	0.532
2863	2.5	9.1	1.438
2864	3.9	9.1	1.539
2865	3.8	9.1	1.546
2866	3.3	9.1	1.620
2867	3.0	9.1	1.546
2868	2.7	9.1	1.499
2869	2.5	9.1	1.388
2870	2.4	9.1	1.219
2871	2.3	9.1	1.111
2872	2.1	9.1	1.037
2873	2.0	9.1	1.078
2874	2.0	9.1	1.337
2875	2.3	9.1	1.492
2876	2.5	9.1	1.846
2877	2.6	9.1	1.896
2878	2.6	9.1	1.768
2879	2.6	9.1	1.064
2880	2.8	9.1	0.667
2881	0.0	9.1	0.461
2882	0.0	9.1	0.249
2883	0.0	9.1	0.098
2884	0.0	9.0	0.071
2885	0.0	9.0	0.212
2886	0.0	9.0	0.532
2887	0.0	9.0	1.438
2888	0.0	9.0	1.539
2889	0.0	9.0	1.546
2890	0.0	9.0	1.620
2891	0.0	9.0	1.546
2892	0.0	9.0	1.499
2893	0.0	9.0	1.388
2894	0.0	9.0	1.219
2895	0.0	9.0	1.111
2896	0.0	9.0	1.037
2897	0.0	9.0	1.078
2898	0.0	9.0	1.337
2899	0.0	9.0	1.492
2900	0.0	9.0	1.846
2901	0.0	9.0	1.896
2902	0.0	9.0	1.768
2903	0.0	9.0	1.064
2904	0.0	9.0	0.667
2905	0.0	9.0	0.461
2906	0.0	9.0	0.249
2907	0.0	9.0	0.098
2908	0.0	9.0	0.071
2909	0.0	9.0	0.212
2910	0.0	9.0	0.532
2911	0.0	8.9	1.438
2912	0.0	8.9	1.539
2913	0.0	8.9	1.546
2914	0.0	8.9	1.620
2915	0.0	8.9	1.546
2916	0.0	8.9	1.499
2917	0.0	8.9	1.388
2918	0.0	8.9	1.219
2919	0.0	8.9	1.111
2920	0.0	8.9	1.037
2921	0.0	8.9	1.078
2922	0.0	8.9	1.337
2923	0.0	8.9	1.492
2924	0.0	8.9	1.846
2925	0.0	8.9	1.896
2926	0.0	8.9	1.768
2927	0.0	8.9	1.064
2928	0.0	8.9	0.667
2929	0.0	8.9	0.461
2930	0.0	8.9	0.249
2931	0.0	8.9	0.098
2932	0.0	8.9	0.071
2933	0.0	8.9	0.212
2934	0.0	8.9	0.532
2935	0.0	8.9	1.438
2936	0.0	8.8	1.539
2937	0.0	8.8	1.546
2938	0.0	8.8	1.620
2939	0.0	8.8	1.546
2940	0.0	8.8	1.499
2941	0.0	8.8	1.388
2942	0.0	8.8	1.219
2943	0.0	8.8	1.111
2944	0.0	8.8	1.037
2945	0.0	8.8	1.078
2946	0.0	8.8	1.337
2947	0.0	8.8	1.492
2948	0.0	8.8	1.846
2949	0.0	8.8	1.896
2950	0.0	8.8	1.768
2951	0.0	8.8	1.064
2952	0.0	8.8	0.667
2953	0.0	8.8	0.461
2954	0.0	8.8	0.249
2955	0.0	8.7	0.098
2956	0.0	8.7	0.071
2957	0.0	8.7	0.212
2958	0.0	8.7	0.532
2959	0.0	8.7	1.438
2960	0.0	8.7	1.539
2961	0.0	8.7	1.546
2962	0.0	8.7	1.620
2963	0.0	8.7	1.546
2964	0.0	8.7	1.499
2965	0.0	8.7	1.388
2966	0.0	8.7	1.219
2967	0.0	8.7	1.111
2968	0.0	8.7	1.037
2969	0.0	8.7	1.078
2970	0.0	8.7	1.337
2971	0.0	8.7	1.492
2972	0.0	8.7	1.846
2973	0.0	8.7	1.896
2974	0.0	8.7	1.768
2975	0.0	8.7	1.064
2976	0.0	8.7	0.667
2977	0.0	8.7	0.461
2978	0.0	8.7	0.249
2979	0.0	8.7	0.098
2980	0.0	8.6	0.071
2981	0.0	8.6	0.212
2982	0.0	8.6	0.532
2983	0.0	8.6	1.438
2984	0.0	8.6	1.539
2985	0.0	8.6	1.546
2986	0.0	8.6	1.620
2987	0.0	8.6	1.546
2988	0.0	8.6	1.499
2989	0.0	8.6	1.388
2990	0.0	8.6	1.219
2991	0.0	8.6	1.111
2992	0.0	8.6	1.037
2993	0.0	8.6	1.078
2994	0.0	8.6	1.337
2995	0.0	8.5	1.492
2996	0.0	8.5	1.846
2997	0.0	8.5	1.896
2998	0.0	8.5	1.768
2999	0.0	8.5	1.064
3000	0.0	8.5	0.667
3001	0.0	8.5	0.461
3002	0.0	8.5	0.249
3003	0.0	8.5	0.098
3004	0.0	8.5	0.071
3005	0.0	8.5	0.212
3006	0.0	8.5	0.532
3007	0.0	8.5	1.438
3008	0.0	8.5	1.539
3009	0.0	8.5	1.546
3010	0.0	8.5	1.620
3011	0.0	8.5	1.546
3012	0.0	8.5	1.499
3013	0.0	8.5	1.388
3014	0.0	8.5	1.219
3015	0.0	8.5	1.111
3016	0.0	8.4	1.037
3017	0.0	8.4	1.078
3018	0.0	8.4	1.337
3019	0.0	8.4	1.492
3020	0.0	8.4	1.846
3021	0.0	8.4	1.896
3022	0.0	8.4	1.768
3023	0.0	8.4	1.064
3024	0.0	8.4	0.667
3025	0.0	8.4	0.461
3026	0.0	8.4	0.249
3027	0.0	8.4	0.098
3028	0.0	8.4	0.071
3029	0.0	8.3	0.212
3030	0.0	8.3	0.532
3031	0.0	8.3	1.438
3032	0.0	8.3	1.539
3033	0.0	8.3	1.546
3034	0.0	8.3	1.620
3035	0.0	8.3	1.546
3036	0.0	8.3	1.499
3037	0.0	8.3	1.388
3038	0.0	8.3	1.219
3039	0.0	8.3	1.111
3040	0.0	8.3	1.037
3041	0.0	8.3	1.078
3042	0.0	8.3	1.337
3043	0.0	8.3	1.492
3044	0.0	8.3	1.846
3045	0.0	8.3	1.896
3046	0.0	8.3	1.768
3047	0.0	8.2	1.064
3048	0.0	8.2	0.667
3049	0.0	8.2	0.461
3050	0.0	8.2	0.249
3051	0.0	8.2	0.098
3052	0.0	8.2	0.071
3053	0.0	8.2	0.212
3054	0.0	8.2	0.532
3055	0.0	8.2	1.438
3056	0.0	8.2	1.539
3057	0.0	8.2	1.546
3058	0.0	8.2	1.620
3059	0.0	8.2	1.546
3060	0.0	8.2	1.499
3061	0.0	8.1	1.388
3062	0.0	8.1	1.219
3063	0.0	8.1	1.111
3064	0.0	8.1	1.037
3065	0.0	8.1	1.078
3066	0.0	8.1	1.337
3067	0.0	8.1	1.492
3068	0.0	8.1	1.846
3069	0.0	8.1	1.896
3070	0.0	8.1	1.768
3071	0.0	8.1	1.064
3072	0.0	8.1	0.667
3073	0.0	8.1	0.461
3074	0.0	8.1	0.249
3075	0.0	8.1	0.098
3076	0.0	8.1	0.071
3077	0.0	8.1	0.212
3078	0.0	8.1	0.532
3079	0.0	8.1	1.438
3080	0.0	8.1	1.539
3081	0.0	8.0	1.546
3082	0.0	8.0	1.620
3083	0.0	8.0	1.546
3084	0.0	8.0	1.499
3085	0.0	8.0	1.388
3086	0.0	8.0	1.219
3087	0.0	8.0	1.111
3088	0.0	8.0	1.037
3089	0.0	8.0	1.078
3090	0.0	8.0	1.337
3091	0.0	8.0	1.492
3092	0.0	8.0	1.846
3093	0.0	8.0	1.896
3094	0.0	8.0	1.768
3095	0.0	8.0	1.064
3096	0.0	8.0	0.667
3097	0.0	8.0	0.461
3098	0.0	7.9	0.249
3099	0.0	7.9	0.098
3100	0.0	7.9	0.071
3101	0.0	7.9	0.212
3102	0.0	7.9	0.532
3103	0.0	7.9	1.438
3104	0.0	7.9	1.539
3105	0.0	7.9	1.546
3106	0.0	7.9	1.620
3107	0.0	7.9	1.546
3108	0.0	7.9	1.499
3109	0.0	7.9	1.388
3110	0.0	7.9	1.219
3111	0.0	7.9	1.111
3112	0.0	7.9	1.037
3113	0.0	7.9	1.078
3114	0.0	7.9	1.337
3115	0.0	7.9	1.492
3116	0.0	7.8	1.846
3117	0.0	7.8	1.896
3118	0.0	7.8	1.768
3119	0.0	7.8	1.064
3120	0.0	7.8	0.667
3121	0.0	7.8	0.461
3122	0.0	7.8	0.249
3123	0.0	7.8	0.098
3124	0.0	7.8	0.071
3125	0.0	7.8	0.212
3126	0.0	7.8	0.532
3127	0.0	7.8	1.438
3128	0.0	7.8	1.539
3129	0.0	7.8	1.546
3130	0.0	7.8	1.620
3131	0.0	7.8	1.546
3132	0.0	7.8	1.499
3133	0.0	7.8	1.388
3134	0.0	7.8	1.219
3135	0.0	7.8	1.111
3136	0.0	7.8	1.037
3137	0.0	7.8	1.078
3138	0.0	7.8	1.337
3139	0.0	7.8	1.492
3140	0.0	7.8	1.846
3141	0.0	7.8	1.896
3142	0.0	7.7	1.768
3143	0.0	7.7	1.064
3144	0.0	7.7	0.667
3145	0.0	7.7	0.461
3146	0.0	7.7	0.249
3147	0.0	7.7	0.098
3148	0.0	7.7	0.071
3149	0.0	7.7	0.212
3150	0.0	7.7	0.532
3151	0.0	7.7	1.438
3152	0.0	7.7	1.539
3153	0.0	7.7	1.546
3154	0.0	7.7	1.620
3155	0.0	7.7	1.546
3156	0.0	7.7	1.499
3157	0.0	7.7	1.388
3158	0.0	7.7	1.219
3159	0.0	7.7	1.111
3160	0.0	7.7	1.037
3161	0.0	7.7	1.078
3162	0.0	7.6	1.337
3163	0.0	7.6	1.492
3164	0.0	7.6	1.846
3165	0.0	7.6	1.896
3166	0.0	7.6	1.768
3167	0.0	7.6	1.064
3168	0.0	7.6	0.667
3169	0.0	7.6	0.461
3170	0.0	7.6	0.249
3171	0.0	7.6	0.098
3172	0.0	7.6	0.071
3173	0.0	7.6	0.212
3174	0.0	7.6	0.532
3175	0.0	7.6	1.438
3176	0.0	7.6	1.539
3177	0.0	7.6	1.546
3178	0.0	7.6	1.620
3179	0.0	7.6	1.546
3180	0.0	7.6	1.499
3181	0.0	7.6	1.388
3182	0.0	7.6	1.219
3183	0.0	7.6	1.111
3184	0.0	7.6	1.037
3185	0.0	7.5	1.078
3186	0.0	7.5	1.337
3187	0.0	7.5	1.492
3188	0.0	7.5	1.846
3189	0.0	7.5	1.896
3190	0.0	7.5	1.768
3191	0.0	7.5	1.064
3192	0.0	7.5	0.667
3193	0.0	7.5	0.461
3194	0.0	7.5	0.249
3195	0.0	7.5	0.098
3196	0.0	7.5	0.071
3197	0.0	7.5	0.212
3198	0.0	7.5	0.532
3199	0.0	7.5	1.438
3200	0.0	7.4	1.539
3201	0.0	7.4	1.546
3202	0.0	7.4	1.620
3203	0.0	7.4	1.546
3204	0.0	7.4	1.499
3205	0.0	7.4	1.388
3206	0.0	7.4	1.219
3207	0.0	7.4	1.111
3208	0.0	7.4	1.037
3209	0.0	7.4	1.078
3210	0.0	7.4	1.337
3211	0.0	7.4	1.492
3212	0.0	7.4	1.846
3213	0.0	7.4	1.896
3214	0.0	7.4	1.768
3215	0.0	7.4	1.064
3216	0.0	7.4	0.667
3217	0.0	7.4	0.461
3218	0.0	7.4	0.249
3219	0.0	7.4	0.098
3220	0.0	7.4	0.071
3221	0.0	7.4	0.212
3222	0.0	7.4	0.532
3223	0.0	7.4	1.438
3224	0.0	7.4	1.539
3225	0.0	7.3	1.546
3226	0.0	7.3	1.620
3227	0.0	7.3	1.546
3228	0.0	7.3	1.499
3229	0.0	7.3	1.388
3230	0.0	7.3	1.219
3231	0.0	7.3	1.111
3232	0.0	7.3	1.037
3233	0.0	7.3	1.078
3234	0.0	7.3	1.337
3235	0.0	7.3	1.492
3236	0.0	7.3	1.846
3237	0.0	7.3	1.896
3238	0.0	7.3	1.768
3239	0.0	7.3	1.064
3240	0.0	7.3	0.667
3241	0.0	7.3	0.461
3242	0.0	7.3	0.249
3243	0.0	7.3	0.098
3244	0.0	7.3	0.071
3245	0.0	7.2	0.212
3246	0.0	7.2	0.532
3247	0.0	7.2	1.438
3248	0.0	7.2	1.539
3249	0.0	7.2	1.546
3250	0.0	7.2	1.620
3251	0.0	7.2	1.546
3252	0.0	7.2	1.499
3253	0.0	7.2	1.388
3254	0.0	7.2	1.219
3255	0.0	7.2	1.111
3256	0.0	7.2	1.037
3257	0.0	7.2	1.078
3258	0.0	7.2	1.337
3259	0.0	7.2	1.492
3260	0.0	7.2	1.846
3261	0.0	7.2	1.896
3262	0.0	7.2	1.768
3263	0.0	7.2	1.064
3264	0.0	7.1	0.667
3265	0.0	7.1	0.461
3266	0.0	7.1	0.249
3267	0.0	7.1	0.098
3268	0.0	7.1	0.071
3269	0.0	7.1	0.212
3270	0.0	7.1	0.532
3271	0.0	7.1	1.438
3272	0.0	7.1	1.539
3273	0.0	7.1	1.546
3274	0.0	7.1	1.620
3275	0.0	7.1	1.546
3276	0.0	7.1	1.499
3277	0.0	7.1	1.388
3278	0.0	7.1	1.219
3279	0.0	7.1	1.111
3280	0.0	7.1	1.037
3281	0.0	7.1	1.078
3282	0.0	7.1	1.337
3283	0.0	7.1	1.492
3284	0.0	7.1	1.846
3285	0.0	7.1	1.896
3286	0.0	7.1	1.768
3287	0.0	7.1	1.064
3288	0.0	7.1	0.667
3289	0.0	7.1	0.461
3290	0.0	7.0	0.249
3291	0.0	7.0	0.098
3292	0.0	7.0	0.071
3293	0.0	7.0	0.212
3294	0.0	7.0	0.532
3295	0.0	7.0	1.438
3296	0.0	7.0	1.539
3297	0.0	7.0	1.546
3298	0.0	7.0	1.620
3299	0.0	7.0	1.546
3300	0.0	7.0	1.499
3301	0.0	7.0	1.388
3302	0.0	7.0	1.219
3303	0.0	7.0	1.111
3304	0.0	7.0	1.037
3305	0.0	7.0	1.078
3306	0.0	7.0	1.337
3307	0.0	7.0	1.492
3308	0.0	7.0	1.846
3309	0.0	7.0	1.896
3310	0.0	6.9	1.768
3311	0.0	6.9	1.064
3312	0.0	6.9	0.667
3313	0.0	6.9	0.461
3314	0.0	6.9	0.249
3315	0.0	6.9	0.098
3316	0.0	6.9	0.071
3317	0.0	6.9	0.212
3318	0.0	6.9	0.532
3319	0.0	6.9	1.438
3320	0.0	6.9	1.539
3321	0.0	6.9	1.546
3322	0.0	6.9	1.620
3323	0.0	6.9	1.546
3324	0.0	6.9	1.499
3325	0.0	6.9	1.388
3326	0.0	6.9	1.219
3327	0.0	6.9	1.111
3328	0.0	6.9	1.037
3329	0.0	6.9	1.078
3330	0.0	6.9	1.337
3331	0.0	6.9	1.492
3332	0.0	6.9	1.846
3333	0.0	6.9	1.896
3334	0.0	6.9	1.768
3335	0.0	6.9	1.064
3336	0.0	6.9	0.667
3337	0.0	6.9	0.461
3338	0.0	6.9	0.249
3339	0.0	6.9	0.098
3340	0.0	6.9	0.071
3341	0.0	6.8	0.212
3342	0.0	6.8	0.532
3343	0.0	6.8	1.438
3344	0.0	6.8	1.539
3345	0.0	6.8	1.546
3346	0.0	6.8	1.620
3347	0.0	6.8	1.546
3348	0.0	6.8	1.499
3349	0.0	6.8	1.388
3350	0.0	6.8	1.219
3351	0.0	6.8	1.111
3352	0.0	6.8	1.037
3353	0.0	6.8	1.078
3354	0.0	6.8	1.337
3355	0.0	6.8	1.492
3356	0.0	6.8	1.846
3357	0.0	6.8	1.896
3358	0.0	6.8	1.768
3359	0.0	6.7	1.064
3360	0.0	6.7	0.667
3361	0.0	6.7	0.461
3362	0.0	6.7	0.249
3363	0.0	6.7	0.098
3364	0.0	6.7	0.071
3365	0.0	6.7	0.212
3366	0.0	6.7	0.532
3367	0.0	6.7	1.438
3368	0.0	6.7	1.539
3369	0.0	6.7	1.546
3370	0.0	6.7	1.620
3371	0.0	6.7	1.546
3372	0.0	6.7	1.499
3373	0.0	6.7	1.388
3374	0.0	6.7	1.219
3375	0.0	6.7	1.111
3376	0.0	6.7	1.037
3377	0.0	6.7	1.078
3378	0.0	6.7	1.337
3379	0.0	6.7	1.492
3380	0.0	6.6	1.846
3381	0.0	6.6	1.896
3382	0.0	6.6	1.768
3383	0.0	6.6	1.064
3384	0.0	6.6	0.667
3385	0.0	6.6	0.461
3386	0.0	6.6	0.249
3387	0.0	6.6	0.098
3388	0.0	6.6	0.071
3389	0.0	6.6	0.212
3390	0.0	6.6	0.532
3391	0.0	6.6	1.438
3392	0.0	6.6	1.539
3393	0.0	6.6	1.546
3394	0.0	6.6	1.620
3395	0.0	6.6	1.546
3396	0.0	6.6	1.499
3397	0.0	6.6	1.388
3398	0.0	6.6	1.219
3399	0.0	6.6	1.111
3400	0.0	6.6	1.037
3401	0.0	6.6	1.078
3402	0.0	6.6	1.337
3403	0.0	6.6	1.492
3404	0.0	6.6	1.846
3405	0.0	6.5	1.896
3406	0.0	6.5	1.768
3407	0.0	6.5	1.064
3408	0.0	6.5	0.667
3409	0.0	6.5	0.461
3410	0.0	6.5	0.249
3411	0.0	6.5	0.098
3412	0.0	6.5	0.071
3413	0.0	6.5	0.212
3414	0.0	6.5	0.532
3415	0.0	6.5	1.438
3416	0.0	6.5	1.539
3417	0.0	6.5	1.546
3418	0.0	6.5	1.620
3419	0.0	6.5	1.546
3420	0.0	6.5	1.499
3421	0.0	6.5	1.388
3422	0.0	6.5	1.219
3423	0.0	6.5	1.111
3424	0.0	6.5	1.037
3425	0.0	6.5	1.078
3426	0.0	6.5	1.337
3427	0.0	6.5	1.492
3428	0.0	6.5	1.846
3429	0.0	6.5	1.896
3430	0.0	6.5	1.768
3431	0.0	6.5	1.064
3432	0.0	6.4	0.667
3433	0.0	6.4	0.461
3434	0.0	6.4	0.249
3435	0.0	6.4	0.098
3436	0.0	6.4	0.071
3437	0.0	6.4	0.212
3438	0.0	6.4	0.532
3439	0.0	6.4	1.438
3440	0.0	6.4	1.539
3441	0.0	6.4	1.546
3442	0.0	6.4	1.620
3443	0.0	6.4	1.546
3444	0.0	6.4	1.499
3445	0.0	6.4	1.388
3446	0.0	6.4	1.219
3447	0.0	6.4	1.111
3448	0.0	6.4	1.037
3449	0.0	6.3	1.078
3450	0.0	6.3	1.337
3451	0.0	6.3	1.492
3452	0.0	6.3	1.846
3453	0.0	6.3	1.896
3454	0.0	6.3	1.768
3455	0.0	6.3	1.064
3456	0.0	6.3	0.667
3457	0.0	6.3	0.461
3458	0.0	6.3	0.249
3459	0.0	6.3	0.098
3460	0.0	6.3	0.071
3461	0.0	6.3	0.212
3462	0.0	6.3	0.532
3463	0.0	6.2	1.438
3464	0.0	6.2	1.539
3465	0.0	6.2	1.546
3466	0.0	6.2	1.620
3467	0.0	6.2	1.546
3468	0.0	6.2	1.499
3469	0.0	6.2	1.388
3470	0.0	6.2	1.219
3471	0.0	6.2	1.111
3472	0.0	6.2	1.037
3473	0.0	6.2	1.078
3474	0.0	6.2	1.337
3475	0.0	6.2	1.492
3476	0.0	6.2	1.846
3477	0.0	6.2	1.896
3478	0.0	6.2	1.768
3479	0.0	6.2	1.064
3480	0.0	6.2	0.667
3481	0.0	6.2	0.461
3482	0.0	6.2	0.249
3483	0.0	6.2	0.098
3484	0.0	6.2	0.071
3485	0.0	6.2	0.212
3486	0.0	6.2	0.532
3487	0.0	6.2	1.438
3488	0.0	6.2	1.539
3489	0.0	6.2	1.546
3490	0.0	6.1	1.620
3491	0.0	6.1	1.546
3492	0.0	6.1	1.499
3493	0.0	6.1	1.388
3494	0.0	6.1	1.219
3495	0.0	6.1	1.111
3496	0.0	6.1	1.037
3497	0.0	6.1	1.078
3498	0.0	6.1	1.337
3499	0.0	6.1	1.492
3500	0.0	6.1	1.846
3501	0.0	6.1	1.896
3502	0.0	6.1	1.768
3503	0.0	6.1	1.064
3504	0.0	6.1	0.667
3505	0.0	6.1	0.461
3506	0.0	6.1	0.249
3507	0.0	6.1	0.098
3508	0.0	6.1	0.071
3509	0.0	6.1	0.212
3510	0.0	6.1	0.532
3511	0.0	6.1	1.438
3512	0.0	6.1	1.539
3513	0.0	6.1	1.546
3514	0.0	6.1	1.620
3515	0.0	6.1	1.546
3516	0.0	6.1	1.499
3517	0.0	6.1	1.388
3518	0.0	6.1	1.219
3519	0.0	6.1	1.111
3520	0.0	6.1	1.037
3521	0.0	6.1	1.078
3522	0.0	6.1	1.337
3523	0.0	6.1	1.492
3524	0.0	6.1	1.846
3525	0.0	6.0	1.896
3526	0.0	6.0	1.768
3527	0.0	6.0	1.064
3528	0.0	6.0	0.667
3529	0.0	6.0	0.461
3530	0.0	6.0	0.249
3531	0.0	6.0	0.098
3532	0.0	6.0	0.071
3533	0.0	6.0	0.212
3534	0.0	6.0	0.532
3535	0.0	6.0	1.438
3536	0.0	6.0	1.539
3537	0.0	6.0	1.546
3538	0.0	6.0	1.620
3539	0.0	6.0	1.546
3540	0.0	6.0	1.499
3541	0.0	6.0	1.388
3542	0.0	6.0	1.219
3543	0.0	6.0	1.111
3544	0.0	6.0	1.037
3545	0.0	6.0	1.078
3546	0.0	6.0	1.337
3547	0.0	6.0	1.492
3548	0.0	6.0	1.846
3549	0.0	6.0	1.896
3550	0.0	6.0	1.768
3551	0.0	6.0	1.064
3552	0.0	5.9	0.667
3553	0.0	5.9	0.461
3554	0.0	5.9	0.249
3555	0.0	5.9	0.098
3556	0.0	5.9	0.071
3557	0.0	5.9	0.212
3558	0.0	5.9	0.532
3559	0.0	5.9	1.438
3560	0.0	5.9	1.539
3561	0.0	5.9	1.546
3562	0.0	5.9	1.620
3563	0.0	5.9	1.546
3564	0.0	5.9	1.499
3565	0.0	5.9	1.388
3566	0.0	5.9	1.219
3567	0.0	5.9	1.111
3568	0.0	5.9	1.037
3569	0.0	5.9	1.078
3570	0.0	5.9	1.337
3571	0.0	5.9	1.492
3572	0.0	5.9	1.846
3573	0.0	5.8	1.896
3574	0.0	5.8	1.768
3575	0.0	5.8	1.064
3576	0.0	5.8	0.667
3577	0.0	5.8	0.461
3578	0.0	5.8	0.249
3579	0.0	5.8	0.098
3580	0.0	5.8	0.071
3581	0.0	5.8	0.212
3582	0.0	5.8	0.532
3583	0.0	5.8	1.438
3584	0.0	5.8	1.539
3585	0.0	5.8	1.546
3586	0.0	5.8	1.620
3587	0.0	5.8	1.546
3588	0.0	5.8	1.499
3589	0.0	5.8	1.388
3590	0.0	5.8	1.219
3591	0.0	5.8	1.111
3592	0.0	5.8	1.037
3593	0.0	5.8	1.078
3594	0.0	5.8	1.337
3595	0.0	5.8	1.492
3596	0.0	5.8	1.846
3597	0.0	5.8	1.896
3598	0.0	5.8	1.768
3599	0.0	5.8	1.064
3600	0.0	5.8	0.667
3601	0.0	5.8	0.461
3602	0.0	5.8	0.249
3603	0.0	5.8	0.098
3604	0.0	5.7	0.071
3605	0.0	5.7	0.212
3606	0.0	5.7	0.532
3607	0.0	5.7	1.438
3608	0.0	5.7	1.539
3609	0.0	5.7	1.546
3610	0.0	5.7	1.620
3611	0.0	5.7	1.546
3612	0.0	5.7	1.499
3613	0.0	5.7	1.388
3614	0.0	5.7	1.219
3615	0.0	5.7	1.111
3616	0.0	5.7	1.037
3617	0.0	5.7	1.078
3618	0.0	5.7	1.337
3619	0.0	5.7	1.492
3620	0.0	5.7	1.846
3621	0.0	5.7	1.896
3622	0.0	5.7	1.768
3623	0.0	5.7	1.064
3624	0.0	5.7	0.667
3625	0.0	5.7	0.461
3626	0.0	5.7	0.249
3627	0.0	5.7	0.098
3628	0.0	5.7	0.071
3629	0.0	5.7	0.212
3630	0.0	5.7	0.532
3631	0.0	5.7	1.438
3632	0.0	5.7	1.539
3633	0.0	5.7	1.546
3634	0.0	5.7	1.620
3635	0.0	5.7	1.546
3636	0.0	5.7	1.499
3637	0.0	5.7	1.388
3638	0.0	5.7	1.219
3639	0.0	5.7	1.111
3640	0.0	5.7	1.037
3641	0.0	5.7	1.078
3642	0.0	5.7	1.337
3643	0.0	5.7	1.492
3644	0.0	5.6	1.846
3645	0.0	5.6	1.896
3646	0.0	5.6	1.768
3647	0.0	5.6	1.064
3648	0.0	5.6	0.667
3649	0.0	5.6	0.461
3650	0.0	5.6	0.249
3651	0.0	5.6	0.098
3652	0.0	5.6	0.071
3653	0.0	5.6	0.212
3654	0.0	5.6	0.532
3655	0.0	5.6	1.438
3656	0.0	5.6	1.539
3657	0.0	5.6	1.546
3658	0.0	5.6	1.620
3659	0.0	5.6	1.546
3660	0.0	5.6	1.499
3661	0.0	5.6	1.388
3662	0.0	5.6	1.219
3663	0.0	5.6	1.111
3664	0.0	5.6	1.037
3665	0.0	5.6	1.078
3666	0.0	5.6	1.337
3667	0.0	5.6	1.492
3668	0.0	5.5	1.846
3669	0.0	5.5	1.896
3670	0.0	5.5	1.768
3671	0.0	5.5	1.064
3672	0.0	5.5	0.667
3673	0.0	5.5	0.461
3674	0.0	5.5	0.249
3675	0.0	5.5	0.098
3676	0.0	5.5	0.071
3677	0.0	5.5	0.212
3678	0.0	5.5	0.532
3679	0.0	5.5	1.438
3680	0.0	5.5	1.539
3681	0.0	5.5	1.546
3682	0.0	5.5	1.620
3683	0.0	5.5	1.546
3684	0.0	5.5	1.499
3685	0.0	5.5	1.388
3686	0.0	5.5	1.219
3687	0.0	5.5	1.111
3688	0.0	5.5	1.037
3689	0.0	5.5	1.078
3690	0.0	5.5	1.337
3691	0.0	5.5	1.492
3692	0.0	5.5	1.846
3693	0.0	5.5	1.896
3694	0.0	5.4	1.768
3695	0.0	5.4	1.064
3696	0.0	5.4	0.667
3697	0.0	5.4	0.461
3698	0.0	5.4	0.249
3699	0.0	5.4	0.098
3700	0.0	5.4	0.071
3701	0.0	5.4	0.212
3702	0.0	5.4	0.532
3703	0.0	5.4	1.438
3704	0.0	5.4	1.539
3705	0.0	5.4	1.546
3706	0.0	5.4	1.620
3707	0.0	5.4	1.546
3708	0.0	5.4	1.499
3709	0.0	5.4	1.388
3710	0.0	5.4	1.219
3711	0.0	5.4	1.111
3712	0.0	5.4	1.037
3713	0.0	5.4	1.078
3714	0.0	5.4	1.337
3715	0.0	5.4	1.492
3716	0.0	5.4	1.846
3717	0.0	5.4	1.896
3718	0.0	5.4	1.768
3719	0.0	5.4	1.064
3720	0.0	5.4	0.667
3721	0.0	5.4	0.461
3722	0.0	5.4	0.249
3723	0.0	5.4	0.098
3724	0.0	5.4	0.071
3725	0.0	5.4	0.212
3726	0.0	5.4	0.532
3727	0.0	5.4	1.438
3728	0.0	5.4	1.539
3729	0.0	5.3	1.546
3730	0.0	5.3	1.620
3731	0.0	5.3	1.546
3732	0.0	5.3	1.499
3733	0.0	5.3	1.388
3734	0.0	5.3	1.219
3735	0.0	5.3	1.111
3736	0.0	5.3	1.037
3737	0.0	5.3	1.078
3738	0.0	5.3	1.337
3739	0.0	5.3	1.492
3740	0.0	5.3	1.846
3741	0.0	5.3	1.896
3742	0.0	5.3	1.768
3743	0.0	5.3	1.064
3744	0.0	5.3	0.667
3745	0.0	5.3	0.461
3746	0.0	5.3	0.249
3747	0.0	5.3	0.098
3748	0.0	5.3	0.071
3749	0.0	5.3	0.212
3750	0.0	5.3	0.532
3751	0.0	5.3	1.438
3752	0.0	5.3	1.539
3753	0.0	5.3	1.546
3754	0.0	5.3	1.620
3755	0.0	5.3	1.546
3756	0.0	5.3	1.499
3757	0.0	5.3	1.388
3758	0.0	5.3	1.219
3759	0.0	5.3	1.111
3760	0.0	5.3	1.037
3761	0.0	5.2	1.078
3762	0.0	5.2	1.337
3763	0.0	5.2	1.492
3764	0.0	5.2	1.846
3765	0.0	5.2	1.896
3766	0.0	5.2	1.768
3767	0.0	5.2	1.064
3768	0.0	5.2	0.667
3769	0.0	5.2	0.461
3770	0.0	5.2	0.249
3771	0.0	5.2	0.098
3772	0.0	5.2	0.071
3773	0.0	5.2	0.212
3774	0.0	5.2	0.532
3775	0.0	5.2	1.438
3776	0.0	5.2	1.539
3777	0.0	5.2	1.546
3778	0.0	5.2	1.620
3779	0.0	5.2	1.546
3780	0.0	5.2	1.499
3781	0.0	5.2	1.388
3782	0.0	5.2	1.219
3783	0.0	5.2	1.111
3784	0.0	5.2	1.037
3785	0.0	5.2	1.078
3786	0.0	5.2	1.337
3787	0.0	5.2	1.492
3788	0.0	5.2	1.846
3789	0.0	5.2	1.896
3790	0.0	5.2	1.768
3791	0.0	5.1	1.064
3792	0.0	5.1	0.667
3793	0.0	5.1	0.461
3794	0.0	5.1	0.249
3795	0.0	5.1	0.098
3796	0.0	5.1	0.071
3797	0.0	5.1	0.212
3798	0.0	5.1	0.532
3799	0.0	5.1	1.438
3800	0.0	5.1	1.539
3801	0.0	5.1	1.546
3802	0.0	5.1	1.620
3803	0.0	5.1	1.546
3804	0.0	5.1	1.499
3805	0.0	5.1	1.388
3806	0.0	5.1	1.219
3807	0.0	5.1	1.111
3808	0.0	5.1	1.037
3809	0.0	5.1	1.078
3810	0.0	5.1	1.337
3811	0.0	5.1	1.492
3812	0.0	5.1	1.846
3813	0.0	5.1	1.896
3814	0.0	5.1	1.768
3815	0.0	5.1	1.064
3816	0.0	5.1	0.667
3817	0.0	5.1	0.461
3818	0.0	5.1	0.249
3819	0.0	5.1	0.098
3820	0.0	5.1	0.071
3821	0.0	5.1	0.212
3822	0.0	5.0	0.532
3823	0.0	5.0	1.438
3824	0.0	5.0	1.539
3825	0.0	5.0	1.546
3826	0.0	5.0	1.620
3827	0.0	5.0	1.546
3828	0.0	5.0	1.499
3829	0.0	5.0	1.388
3830	0.0	5.0	1.219
3831	0.0	5.0	1.111
3832	0.0	5.0	1.037
3833	0.0	5.0	1.078
3834	0.0	5.0	1.337
3835	0.0	5.0	1.492
3836	0.0	5.0	1.846
3837	0.0	5.0	1.896
3838	0.0	5.0	1.768
3839	0.0	5.0	1.064
3840	0.0	5.0	0.667
3841	0.0	5.0	0.461
3842	0.0	5.0	0.249
3843	0.0	5.0	0.098
3844	0.0	5.0	0.071
3845	0.0	5.0	0.212
3846	0.0	5.0	0.532
3847	0.0	5.0	1.438
3848	0.0	5.0	1.539
3849	0.0	5.0	1.546
3850	0.0	5.0	1.620
3851	0.0	5.0	1.546
3852	0.0	5.0	1.499
3853	0.0	5.0	1.388
3854	0.0	5.0	1.219
3855	0.0	5.0	1.111
3856	0.0	5.0	1.037
3857	0.0	5.0	1.078
3858	0.0	5.0	1.337
3859	0.0	5.0	1.492
3860	0.0	5.0	1.846
3861	0.0	4.9	1.896
3862	0.0	4.9	1.768
3863	0.0	4.9	1.064
3864	0.0	4.9	0.667
3865	0.0	4.9	0.461
3866	0.0	4.9	0.249
3867	0.0	4.9	0.098
3868	0.0	4.9	0.071
3869	0.0	4.9	0.212
3870	0.0	4.9	0.532
3871	0.0	4.9	1.438
3872	0.0	4.9	1.539
3873	0.0	4.9	1.546
3874	0.0	4.9	1.620
3875	0.0	4.9	1.546
3876	0.0	4.9	1.499
3877	0.0	4.9	1.388
3878	0.0	4.9	1.219
3879	0.0	4.9	1.111
3880	0.0	4.9	1.037
3881	0.0	4.9	1.078
3882	0.0	4.9	1.337
3883	0.0	4.9	1.492
3884	0.0	4.9	1.846
3885	0.0	4.9	1.896
3886	0.0	4.9	1.768
3887	0.0	4.9	1.064
3888	0.0	4.9	0.667
3889	0.0	4.9	0.461
3890	0.0	4.9	0.249
3891	0.0	4.9	0.098
3892	0.0	4.8	0.071
3893	0.0	4.8	0.212
3894	0.0	4.8	0.532
3895	0.0	4.8	1.438
3896	0.0	4.8	1.539
3897	0.0	4.8	1.546
3898	0.0	4.8	1.620
3899	0.0	4.8	1.546
3900	0.0	4.8	1.499
3901	0.0	4.8	1.388
3902	0.0	4.8	1.219
3903	0.0	4.8	1.111
3904	0.0	4.8	1.037
3905	0.0	4.8	1.078
3906	0.0	4.8	1.337
3907	0.0	4.8	1.492
3908	0.0	4.8	1.846
3909	0.0	4.8	1.896
3910	0.0	4.8	1.768
3911	0.0	4.8	1.064
3912	0.0	4.8	0.667
3913	0.0	4.8	0.461
3914	0.0	4.8	0.249
3915	0.0	4.8	0.098
3916	0.0	4.8	0.071
3917	0.0	4.8	0.212
3918	0.0	4.8	0.532
3919	0.0	4.8	1.438
3920	0.0	4.8	1.539
3921	0.0	4.8	1.546
3922	0.0	4.8	1.620
3923	0.0	4.7	1.546
3924	0.0	4.7	1.499
3925	0.0	4.7	1.388
3926	0.0	4.7	1.219
3927	0.0	4.7	1.111
3928	0.0	4.7	1.037
3929	0.0	4.7	1.078
3930	0.0	4.7	1.337
3931	0.0	4.7	1.492
3932	0.0	4.7	1.846
3933	0.0	4.7	1.896
3934	0.0	4.7	1.768
3935	0.0	4.7	1.064
3936	0.0	4.7	0.667
3937	0.0	4.7	0.461
3938	0.0	4.7	0.249
3939	0.0	4.7	0.098
3940	0.0	4.7	0.071
3941	0.0	4.7	0.212
3942	0.0	4.7	0.532
3943	0.0	4.7	1.438
3944	0.0	4.7	1.539
3945	0.0	4.7	1.546
3946	0.0	4.7	1.620
3947	0.0	4.7	1.546
3948	0.0	4.7	1.499
3949	0.0	4.6	1.388
3950	0.0	4.6	1.219
3951	0.0	4.6	1.111
3952	0.0	4.6	1.037
3953	0.0	4.6	1.078
3954	0.0	4.6	1.337
3955	0.0	4.6	1.492
3956	0.0	4.6	1.846
3957	0.0	4.6	1.896
3958	0.0	4.6	1.768
3959	0.0	4.6	1.064
3960	0.0	4.6	0.667
3961	0.0	4.6	0.461
3962	0.0	4.6	0.249
3963	0.0	4.6	0.098
3964	0.0	4.6	0.071
3965	0.0	4.6	0.212
3966	0.0	4.6	0.532
3967	0.0	4.6	1.438
3968	0.0	4.6	1.539
3969	0.0	4.6	1.546
3970	0.0	4.6	1.620
3971	0.0	4.6	1.546
3972	0.0	4.6	1.499
3973	0.0	4.6	1.388
3974	0.0	4.6	1.219
3975	0.0	4.6	1.111
3976	0.0	4.5	1.037
3977	0.0	4.5	1.078
3978	0.0	4.5	1.337
3979	0.0	4.5	1.492
3980	0.0	4.5	1.846
3981	0.0	4.5	1.896
3982	0.0	4.5	1.768
3983	0.0	4.5	1.064
3984	0.0	4.5	0.667
3985	0.0	4.5	0.461
3986	0.0	4.5	0.249
3987	0.0	4.5	0.098
3988	0.0	4.5	0.071
3989	0.0	4.5	0.212
3990	0.0	4.5	0.532
3991	0.0	4.5	1.438
3992	0.0	4.5	1.539
3993	0.0	4.5	1.546
3994	0.0	4.5	1.620
3995	0.0	4.5	1.546
3996	0.0	4.5	1.499
3997	0.0	4.5	1.388
3998	0.0	4.5	1.219
3999	0.0	4.5	1.111
4000	0.0	4.5	1.037
4001	0.0	4.5	1.078
4002	0.0	4.4	1.337
4003	0.0	4.4	1.492
4004	0.0	4.4	1.846
4005	0.0	4.4	1.896
4006	0.0	4.4	1.768
4007	0.0	4.4	1.064
4008	0.0	4.4	0.667
4009	0.0	4.4	0.461
4010	0.0	4.4	0.249
4011	0.0	4.4	0.098
4012	0.0	4.4	0.071
4013	0.0	4.4	0.212
4014	0.0	4.4	0.532
4015	0.0	4.4	1.438
4016	0.0	4.4	1.539
4017	0.0	4.4	1.546
4018	0.0	4.4	1.620
4019	0.0	4.4	1.546
4020	0.0	4.4	1.499
4021	0.0	4.4	1.388
4022	0.0	4.4	1.219
4023	0.0	4.4	1.111
4024	0.0	4.4	1.037
4025	0.0	4.4	1.078
4026	0.0	4.4	1.337
4027	0.0	4.3	1.492
4028	0.0	4.3	1.846
4029	0.0	4.3	1.896
4030	0.0	4.3	1.768
4031	0.0	4.3	1.064
4032	0.0	4.3	0.667
4033	0.0	4.3	0.461
4034	0.0	4.3	0.249
4035	0.0	4.3	0.098
4036	0.0	4.3	0.071
4037	0.0	4.3	0.212
4038	0.0	4.3	0.532
4039	0.0	4.3	1.438
4040	0.0	4.3	1.539
4041	0.0	4.3	1.546
4042	0.0	4.3	1.620
4043	0.0	4.3	1.546
4044	0.0	4.3	1.499
4045	0.0	4.3	1.388
4046	0.0	4.3	1.219
4047	0.0	4.3	1.111
4048	0.0	4.3	1.037
4049	0.0	4.3	1.078
4050	0.0	4.3	1.337
4051	0.0	4.3	1.492
4052	0.0	4.3	1.846
4053	0.0	4.3	1.896
4054	0.0	4.3	1.768
4055	0.0	4.3	1.064
4056	0.0	4.2	0.667
4057	0.0	4.2	0.461
4058	0.0	4.2	0.249
4059	0.0	4.2	0.098
4060	0.0	4.2	0.071
4061	0.0	4.2	0.212
4062	0.0	4.2	0.532
4063	0.0	4.2	1.438
4064	0.0	4.2	1.539
4065	0.0	4.2	1.546
4066	0.0	4.2	1.620
4067	0.0	4.2	1.546
4068	0.0	4.2	1.499
4069	0.0	4.2	1.388
4070	0.0	4.2	1.219
4071	0.0	4.2	1.111
4072	0.0	4.2	1.037
4073	0.0	4.2	1.078
4074	0.0	4.2	1.337
4075	0.0	4.2	1.492
4076	0.0	4.2	1.846
4077	0.0	4.2	1.896
4078	0.0	4.2	1.768
4079	0.0	4.2	1.064
4080	0.0	4.2	0.667
4081	0.0	4.2	0.461
4082	0.0	4.2	0.249
4083	0.0	4.2	0.098
4084	0.0	4.2	0.071
4085	0.0	4.2	0.212
4086	0.0	4.2	0.532
4087	0.0	4.2	1.438
4088	0.0	4.2	1.539
4089	0.0	4.2	1.546
4090	0.0	4.2	1.620
4091	0.0	4.2	1.546
4092	0.0	4.2	1.499
4093	0.0	4.2	1.388
4094	0.0	4.2	1.219
4095	0.0	4.2	1.111
4096	0.0	4.2	1.037
4097	0.0	4.2	1.078
4098	0.0	4.1	1.337
4099	0.0	4.1	1.492
4100	0.0	4.1	1.846
4101	0.0	4.1	1.896
4102	0.0	4.1	1.768
4103	0.0	4.1	1.064
4104	0.0	4.1	0.667
4105	0.0	4.1	0.461
4106	0.0	4.1	0.249
4107	0.0	4.1	0.098
4108	0.0	4.1	0.071
4109	0.0	4.1	0.212
4110	0.0	4.1	0.532
4111	0.0	4.1	1.438
4112	0.0	4.1	1.539
4113	0.0	4.1	1.546
4114	0.0	4.1	1.620
4115	0.0	4.1	1.546
4116	0.0	4.1	1.499
4117	0.0	4.1	1.388
4118	0.0	4.1	1.219
4119	0.0	4.1	1.111
4120	0.0	4.1	1.037
4121	0.0	4.1	1.078
4122	0.0	4.1	1.337
4123	0.0	4.1	1.492
4124	0.0	4.1	1.846
4125	0.0	4.1	1.896
4126	0.0	4.1	1.768
4127	0.0	4.1	1.064
4128	0.0	4.1	0.667
4129	0.0	4.1	0.461
4130	0.0	4.1	0.249
4131	0.0	4.0	0.098
4132	0.0	4.0	0.071
4133	0.0	4.0	0.212
4134	0.0	4.0	0.532
4135	0.0	4.0	1.438
4136	0.0	4.0	1.539
4137	0.0	4.0	1.546
4138	0.0	4.0	1.620
4139	0.0	4.0	1.546
4140	0.0	4.0	1.499
4141	0.0	4.0	1.388
4142	0.0	4.0	1.219
4143	0.0	4.0	1.111
4144	0.0	4.0	1.037
4145	0.0	4.0	1.078
4146	0.0	4.0	1.337
4147	0.0	4.0	1.492
4148	0.0	4.0	1.846
4149	0.0	4.0	1.896
4150	0.0	4.0	1.768
4151	0.0	4.0	1.064
4152	0.0	4.0	0.667
4153	0.0	4.0	0.461
4154	0.0	4.0	0.249
4155	0.0	4.0	0.098
4156	0.0	4.0	0.071
4157	0.0	4.0	0.212
4158	0.0	4.0	0.532
4159	0.0	3.9	1.438
4160	0.0	3.9	1.539
4161	0.0	3.9	1.546
4162	0.0	3.9	1.620
4163	0.0	3.9	1.546
4164	0.0	3.9	1.499
4165	0.0	3.9	1.388
4166	0.0	3.9	1.219
4167	0.0	3.9	1.111
4168	0.0	3.9	1.037
4169	0.0	3.9	1.078
4170	0.0	3.9	1.337
4171	0.0	3.9	1.492
4172	0.0	3.9	1.846
4173	0.0	3.9	1.896
4174	0.0	3.9	1.768
4175	0.0	3.9	1.064
4176	0.0	3.9	0.667
4177	0.0	3.9	0.461
4178	0.0	3.9	0.249
4179	0.0	3.9	0.098
4180	0.0	3.9	0.071
4181	0.0	3.9	0.212
4182	0.0	3.9	0.532
4183	0.0	3.9	1.438
4184	0.0	3.9	1.539
4185	0.0	3.9	1.546
4186	0.0	3.9	1.620
4187	0.0	3.9	1.546
4188	0.0	3.9	1.499
4189	0.0	3.9	1.388
4190	0.0	3.9	1.219
4191	0.0	3.9	1.111
4192	0.0	3.9	1.037
4193	0.0	3.9	1.078
4194	0.0	3.9	1.337
4195	0.0	3.9	1.492
4196	0.0	3.9	1.846
4197	0.0	3.9	1.896
4198	0.0	3.9	1.768
4199	0.0	3.8	1.064
4200	0.0	3.8	0.667
4201	0.0	3.8	0.461
4202	0.0	3.8	0.249
4203	0.0	3.8	0.098
4204	0.0	3.8	0.071
4205	0.0	3.8	0.212
4206	0.0	3.8	0.532
4207	0.0	3.8	1.438
4208	0.0	3.8	1.539
4209	0.0	3.8	1.546
4210	0.0	3.8	1.620
4211	0.0	3.8	1.546
4212	0.0	3.8	1.499
4213	0.0	3.8	1.388
4214	0.0	3.8	1.219
4215	0.0	3.8	1.111
4216	0.0	3.8	1.037
4217	0.0	3.8	1.078
4218	0.0	3.8	1.337
4219	0.0	3.8	1.492
4220	0.0	3.8	1.846
4221	0.0	3.8	1.896
4222	0.0	3.8	1.768
4223	0.0	3.8	1.064
4224	0.0	3.8	0.667
4225	0.0	3.8	0.461
4226	0.0	3.8	0.249
4227	0.0	3.8	0.098
4228	0.0	3.8	0.071
4229	0.0	3.7	0.212
4230	0.0	3.7	0.532
4231	0.0	3.7	1.438
4232	0.0	3.7	1.539
4233	0.0	3.7	1.546
4234	0.0	3.7	1.620
4235	0.0	3.7	1.546
4236	0.0	3.7	1.499
4237	0.0	3.7	1.388
4238	0.0	3.7	1.219
4239	0.0	3.7	1.111
4240	0.0	3.7	1.037
4241	0.0	3.7	1.078
4242	0.0	3.7	1.337
4243	0.0	3.7	1.492
4244	0.0	3.7	1.846
4245	0.0	3.7	1.896
4246	0.0	3.7	1.768
4247	0.0	3.7	1.064
4248	0.0	3.7	0.667
4249	0.0	3.7	0.461
4250	0.0	3.7	0.249
4251	0.0	3.7	0.098
4252	0.0	3.7	0.071
4253	0.0	3.7	0.212
4254	0.0	3.7	0.532
4255	0.0	3.7	1.438
4256	0.0	3.7	1.539
4257	0.0	3.7	1.546
4258	0.0	3.7	1.620
4259	0.0	3.7	1.546
4260	0.0	3.7	1.499
4261	0.0	3.7	1.388
4262	0.0	3.7	1.219
4263	0.0	3.7	1.111
4264	0.0	3.7	1.037
4265	0.0	3.7	1.078
4266	0.0	3.7	1.337
4267	0.0	3.6	1.492
4268	0.0	3.6	1.846
4269	0.0	3.6	1.896
4270	0.0	3.6	1.768
4271	0.0	3.6	1.064
4272	0.0	3.6	0.667
4273	0.0	3.6	0.461
4274	0.0	3.6	0.249
4275	0.0	3.6	0.098
4276	0.0	3.6	0.071
4277	0.0	3.6	0.212
4278	0.0	3.6	0.532
4279	0.0	3.6	1.438
4280	0.0	3.6	1.539
4281	0.0	3.6	1.546
4282	0.0	3.6	1.620
4283	0.0	3.6	1.546
4284	0.0	3.6	1.499
4285	0.0	3.6	1.388
4286	0.0	3.6	1.219
4287	0.0	3.6	1.111
4288	0.0	3.6	1.037
4289	0.0	3.6	1.078
4290	0.0	3.6	1.337
4291	0.0	3.6	1.492
4292	0.0	3.6	1.846
4293	0.0	3.6	1.896
4294	0.0	3.6	1.768
4295	0.0	3.6	1.064
4296	0.0	3.6	0.667
4297	0.0	3.6	0.461
4298	0.0	3.6	0.249
4299	0.0	3.6	0.098
4300	0.0	3.6	0.071
4301	0.0	3.6	0.212
4302	0.0	3.6	0.532
4303	0.0	3.6	1.438
4304	0.0	3.6	1.539
4305	0.0	3.6	1.546
4306	0.0	3.6	1.620
4307	0.0	3.6	1.546
4308	0.0	3.6	1.499
4309	0.0	3.6	1.388
4310	0.0	3.5	1.219
4311	0.0	3.5	1.111
4312	0.0	3.5	1.037
4313	0.0	3.5	1.078
4314	0.0	3.5	1.337
4315	0.0	3.5	1.492
4316	0.0	3.5	1.846
4317	0.0	3.5	1.896
4318	0.0	3.5	1.768
4319	0.0	3.5	1.064
4320	0.0	3.5	0.667
4321	0.0	3.5	0.461
4322	0.0	3.5	0.249
4323	0.0	3.5	0.098
4324	0.0	3.5	0.071
4325	0.0	3.5	0.212
4326	0.0	3.5	0.532
4327	0.0	3.5	1.438
4328	0.0	3.5	1.539
4329	0.0	3.5	1.546
4330	0.0	3.5	1.620
4331	0.0	3.5	1.546
4332	0.0	3.5	1.499
4333	0.0	3.5	1.388
4334	0.0	3.5	1.219
4335	0.0	3.4	1.111
4336	0.0	3.4	1.037
4337	0.0	3.4	1.078
4338	0.0	3.4	1.337
4339	0.0	3.4	1.492
4340	0.0	3.4	1.846
4341	0.0	3.4	1.896
4342	0.0	3.4	1.768
4343	0.0	3.4	1.064
4344	0.0	3.4	0.667
4345	0.0	3.4	0.461
4346	0.0	3.4	0.249
4347	0.0	3.4	0.098
4348	0.0	3.4	0.071
4349	0.0	3.4	0.212
4350	0.0	3.4	0.532
4351	0.0	3.4	1.438
4352	0.0	3.4	1.539
4353	0.0	3.4	1.546
4354	0.0	3.4	1.620
4355	0.0	3.4	1.546
4356	0.0	3.4	1.499
4357	0.0	3.4	1.388
4358	0.0	3.4	1.219
4359	0.0	3.4	1.111
4360	0.0	3.4	1.037
4361	0.0	3.4	1.078
4362	0.0	3.4	1.337
4363	0.0	3.4	1.492
4364	0.0	3.3	1.846
4365	0.0	3.3	1.896
4366	0.0	3.3	1.768
4367	0.0	3.3	1.064
4368	0.0	3.3	0.667
4369	0.0	3.3	0.461
4370	0.0	3.3	0.249
4371	0.0	3.3	0.098
4372	0.0	3.3	0.071
4373	0.0	3.3	0.212
4374	0.0	3.3	0.532
4375	0.0	3.3	1.438
4376	0.0	3.3	1.539
4377	0.0	3.3	1.546
4378	0.0	3.3	1.620
4379	0.0	3.3	1.546
4380	0.0	3.3	1.499
4381	0.0	3.3	1.388
4382	0.0	3.3	1.219
4383	0.0	3.3	1.111
4384	0.0	3.3	1.037
4385	0.0	3.3	1.078
4386	0.0	3.3	1.337
4387	0.0	3.2	1.492
4388	0.0	3.2	1.846
4389	0.0	3.2	1.896
4390	0.0	3.2	1.768
4391	0.0	3.2	1.064
4392	0.0	3.2	0.667
4393	0.0	3.2	0.461
4394	0.0	3.2	0.249
4395	0.0	3.2	0.098
4396	0.0	3.2	0.071
4397	0.0	3.2	0.212
4398	0.0	3.2	0.532
4399	0.0	3.2	1.438
4400	0.0	3.2	1.539
4401	0.0	3.2	1.546
4402	0.0	3.2	1.620
4403	0.0	3.2	1.546
4404	0.0	3.2	1.499
4405	0.0	3.2	1.388
4406	0.0	3.2	1.219
4407	0.0	3.2	1.111
4408	0.0	3.2	1.037
4409	0.0	3.2	1.078
4410	0.0	3.1	1.337
4411	0.0	3.1	1.492
4412	0.0	3.1	1.846
4413	0.0	3.1	1.896
4414	0.0	3.1	1.768
4415	0.0	3.1	1.064
4416	0.0	3.1	0.667
4417	0.0	3.1	0.461
4418	0.0	3.1	0.249
4419	0.0	3.1	0.098
4420	0.0	3.1	0.071
4421	0.0	3.1	0.212
4422	0.0	3.1	0.532
4423	0.0	3.1	1.438
4424	0.0	3.1	1.539
4425	0.0	3.1	1.546
4426	0.0	3.1	1.620
4427	0.0	3.1	1.546
4428	0.0	3.1	1.499
4429	0.0	3.1	1.388
4430	0.0	3.1	1.219
4431	0.0	3.0	1.111
4432	0.0	3.0	1.037
4433	0.0	3.0	1.078
4434	0.0	3.0	1.337
4435	0.0	3.0	1.492
4436	0.0	3.0	1.846
4437	0.0	3.0	1.896
4438	0.0	3.0	1.768
4439	0.0	3.0	1.064
4440	0.0	3.0	0.667
4441	0.0	3.0	0.461
4442	0.0	3.0	0.249
4443	0.0	3.0	0.098
4444	0.0	3.0	0.071
4445	0.0	3.0	0.212
4446	0.0	3.0	0.532
4447	0.0	3.0	1.438
4448	0.0	3.0	1.539
4449	0.0	3.0	1.546
4450	0.0	3.0	1.620
4451	0.0	3.0	1.546
4452	0.0	3.0	1.499
4453	0.0	3.0	1.388
4454	0.0	3.0	1.219
4455	0.0	3.0	1.111
4456	0.0	3.0	1.037
4457	0.0	3.0	1.078
4458	0.0	3.0	1.337
4459	0.0	3.0	1.492
4460	0.0	3.0	1.846
4461	0.0	3.0	1.896
4462	0.0	3.0	1.768
4463	0.0	2.9	1.064
4464	0.0	2.9	0.667
4465	0.0	2.9	0.461
4466	0.0	2.9	0.249
4467	0.0	2.9	0.098
4468	0.0	2.9	0.071
4469	0.0	2.9	0.212
4470	0.0	2.9	0.532
4471	0.0	2.9	1.438
4472	0.0	2.9	1.539
4473	0.0	2.9	1.546
4474	0.0	2.9	1.620
4475	0.0	2.9	1.546
4476	0.0	2.9	1.499
4477	0.0	2.9	1.388
4478	0.0	2.9	1.219
4479	0.0	2.9	1.111
4480	0.0	2.9	1.037
4481	0.0	2.9	1.078
4482	0.0	2.9	1.337
4483	0.0	2.9	1.492
4484	0.0	2.9	1.846
4485	0.0	2.9	1.896
4486	0.0	2.9	1.768
4487	0.0	2.9	1.064
4488	0.0	2.9	0.667
4489	0.0	2.9	0.461
4490	0.0	2.9	0.249
4491	0.0	2.9	0.098
4492	0.0	2.8	0.071
4493	0.0	2.8	0.212
4494	0.0	2.8	0.532
4495	0.0	2.8	1.438
4496	0.0	2.8	1.539
4497	0.0	2.8	1.546
4498	0.0	2.8	1.620
4499	0.0	2.8	1.546
4500	0.0	2.8	1.499
4501	0.0	2.8	1.388
4502	0.0	2.8	1.219
4503	0.0	2.8	1.111
4504	0.0	2.8	1.037
4505	0.0	2.8	1.078
4506	0.0	2.8	1.337
4507	0.0	2.8	1.492
4508	0.0	2.8	1.846
4509	0.0	2.8	1.896
4510	0.0	2.8	1.768
4511	0.0	2.8	1.064
4512	0.0	2.8	0.667
4513	0.0	2.8	0.461
4514	0.0	2.8	0.249
4515	0.0	2.8	0.098
4516	0.0	2.8	0.071
4517	0.0	2.8	0.212
4518	0.0	2.8	0.532
4519	0.0	2.8	1.438
4520	0.0	2.8	1.539
4521	0.0	2.8	1.546
4522	0.0	2.8	1.620
4523	0.0	2.7	1.546
4524	0.0	2.7	1.499
4525	0.0	2.7	1.388
4526	0.0	2.7	1.219
4527	0.0	2.7	1.111
4528	0.0	2.7	1.037
4529	0.0	2.7	1.078
4530	0.0	2.7	1.337
4531	0.0	2.7	1.492
4532	0.0	2.7	1.846
4533	0.0	2.7	1.896
4534	0.0	2.7	1.768
4535	0.0	2.7	1.064
4536	0.0	2.7	0.667
4537	0.0	2.7	0.461
4538	0.0	2.7	0.249
4539	0.0	2.7	0.098
4540	0.0	2.7	0.071
4541	0.0	2.7	0.212
4542	0.0	2.7	0.532
4543	0.0	2.6	1.438
4544	0.0	2.6	1.539
4545	0.0	2.6	1.546
4546	0.0	2.6	1.620
4547	0.0	2.6	1.546
4548	0.0	2.6	1.499
4549	0.0	2.6	1.388
4550	0.0	2.6	1.219
4551	0.0	2.6	1.111
4552	0.0	2.6	1.037
4553	0.0	2.6	1.078
4554	0.0	2.6	1.337
4555	0.0	2.6	1.492
4556	0.0	2.6	1.846
4557	0.0	2.6	1.896
4558	0.0	2.6	1.768
4559	0.0	2.6	1.064
4560	0.0	2.6	0.667
4561	0.0	2.6	0.461
4562	0.0	2.6	0.249
4563	0.0	2.6	0.098
4564	0.0	2.6	0.071
4565	0.0	2.5	0.212
4566	0.0	2.5	0.532
4567	0.0	2.5	1.438
4568	0.0	2.5	1.539
4569	0.0	2.5	1.546
4570	0.0	2.5	1.620
4571	0.0	2.5	1.546
4572	0.0	2.5	1.499
4573	0.0	2.5	1.388
4574	0.0	2.5	1.219
4575	0.0	2.5	1.111
4576	0.0	2.5	1.037
4577	0.0	2.5	1.078
4578	0.0	2.5	1.337
4579	0.0	2.5	1.492
4580	0.0	2.5	1.846
4581	0.0	2.5	1.896
4582	0.0	2.5	1.768
4583	0.0	2.5	1.064
4584	0.0	2.5	0.667
4585	0.0	2.5	0.461
4586	0.0	2.5	0.249
4587	0.0	2.5	0.098
4588	0.0	2.5	0.071
4589	0.0	2.5	0.212
4590	0.0	2.5	0.532
4591	0.0	2.4	1.438
4592	0.0	2.4	1.539
4593	0.0	2.4	1.546
4594	0.0	2.4	1.620
4595	0.0	2.4	1.546
4596	0.0	2.4	1.499
4597	0.0	2.4	1.388
4598	0.0	2.4	1.219
4599	0.0	2.4	1.111
4600	0.0	2.4	1.037
4601	0.0	2.4	1.078
4602	0.0	2.4	1.337
4603	0.0	2.4	1.492
4604	0.0	2.4	1.846
4605	0.0	2.4	1.896
4606	0.0	2.4	1.768
4607	0.0	2.4	1.064
4608	0.0	2.4	0.667
4609	0.0	2.4	0.461
4610	0.0	2.4	0.249
4611	0.0	2.4	0.098
4612	0.0	2.4	0.071
4613	0.0	2.4	0.212
4614	0.0	2.4	0.532
4615	0.0	2.4	1.438
4616	0.0	2.4	1.539
4617	0.0	2.4	1.546
4618	0.0	2.4	1.620
4619	0.0	2.4	1.546
4620	0.0	2.4	1.499
4621	0.0	2.4	1.388
4622	0.0	2.4	1.219
4623	0.0	2.3	1.111
4624	0.0	2.3	1.037
4625	0.0	2.3	1.078
4626	0.0	2.3	1.337
4627	0.0	2.3	1.492
4628	0.0	2.3	1.846
4629	0.0	2.3	1.896
4630	0.0	2.3	1.768
4631	0.0	2.3	1.064
4632	0.0	2.3	0.667
4633	0.0	2.3	0.461
4634	0.0	2.3	0.249
4635	0.0	2.3	0.098
4636	0.0	2.3	0.071
4637	0.0	2.3	0.212
4638	0.0	2.3	0.532
4639	0.0	2.3	1.438
4640	0.0	2.3	1.539
4641	0.0	2.3	1.546
4642	0.0	2.3	1.620
4643	0.0	2.3	1.546
4644	0.0	2.3	1.499
4645	0.0	2.3	1.388
4646	0.0	2.3	1.219
4647	0.0	2.3	1.111
4648	0.0	2.3	1.037
4649	0.0	2.3	1.078
4650	0.0	2.3	1.337
4651	0.0	2.3	1.492
4652	0.0	2.3	1.846
4653	0.0	2.3	1.896
4654	0.0	2.2	1.768
4655	0.0	2.2	1.064
4656	0.0	2.2	0.667
4657	0.0	2.2	0.461
4658	0.0	2.2	0.249
4659	0.0	2.2	0.098
4660	0.0	2.2	0.071
4661	0.0	2.2	0.212
4662	0.0	2.2	0.532
4663	0.0	2.2	1.438
4664	0.0	2.2	1.539
4665	0.0	2.2	1.546
4666	0.0	2.2	1.620
4667	0.0	2.2	1.546
4668	0.0	2.2	1.499
4669	0.0	2.2	1.388
4670	0.0	2.2	1.219
4671	0.0	2.2	1.111
4672	0.0	2.2	1.037
4673	0.0	2.2	1.078
4674	0.0	2.2	1.337
4675	0.0	2.2	1.492
4676	0.0	2.2	1.846
4677	0.0	2.2	1.896
4678	0.0	2.2	1.768
4679	0.0	2.2	1.064
4680	0.0	2.2	0.667
4681	0.0	2.2	0.461
4682	0.0	2.2	0.249
4683	0.0	2.2	0.098
4684	0.0	2.2	0.071
4685	0.0	2.2	0.212
4686	0.0	2.2	0.532
4687	0.0	2.2	1.438
4688	0.0	2.2	1.539
4689	0.0	2.1	1.546
4690	0.0	2.1	1.620
4691	0.0	2.1	1.546
4692	0.0	2.1	1.499
4693	0.0	2.1	1.388
4694	0.0	2.1	1.219
4695	0.0	2.1	1.111
4696	0.0	2.1	1.037
4697	0.0	2.1	1.078
4698	0.0	2.1	1.337
4699	0.0	2.1	1.492
4700	0.0	2.1	1.846
4701	0.0	2.1	1.896
4702	0.0	2.1	1.768
4703	0.0	2.1	1.064
4704	0.0	2.1	0.667
4705	0.0	2.1	0.461
4706	0.0	2.1	0.249
4707	0.0	2.1	0.098
4708	0.0	2.1	0.071
4709	0.0	2.1	0.212
4710	0.0	2.1	0.532
4711	0.0	2.1	1.438
4712	0.0	2.1	1.539
4713	0.0	2.1	1.546
4714	0.0	2.1	1.620
4715	0.0	2.1	1.546
4716	0.0	2.1	1.499
4717	0.0	2.1	1.388
4718	0.0	2.1	1.219
4719	0.0	2.1	1.111
4720	0.0	2.1	1.037
4721	0.0	2.0	1.078
4722	0.0	2.0	1.337
4723	0.0	2.0	1.492
4724	0.0	2.0	1.846
4725	0.0	2.0	1.896
4726	0.0	2.0	1.768
4727	0.0	2.0	1.064
4728	0.0	2.0	0.667
4729	0.0	2.0	0.461
4730	0.0	2.0	0.249
4731	0.0	2.0	0.098
4732	0.0	2.0	0.071
4733	0.0	2.0	0.212
4734	0.0	2.0	0.532
4735	0.0	2.0	1.438
4736	0.0	2.0	1.539
4737	0.0	2.0	1.546
4738	0.0	2.0	1.620
4739	0.0	2.0	1.546
4740	0.0	2.0	1.499
4741	0.0	2.0	1.388
4742	0.0	1.9	1.219
4743	0.0	1.9	1.111
4744	0.0	1.9	1.037
4745	0.0	1.9	1.078
4746	0.0	1.9	1.337
4747	0.0	1.9	1.492
4748	0.0	1.9	1.846
4749	0.0	1.9	1.896
4750	0.0	1.9	1.768
4751	0.0	1.9	1.064
4752	0.0	1.9	0.667
4753	0.0	1.9	0.461
4754	0.0	1.9	0.249
4755	0.0	1.9	0.098
4756	0.0	1.9	0.071
4757	0.0	1.9	0.212
4758	0.0	1.9	0.532
4759	0.0	1.9	1.438
4760	0.0	1.9	1.539
4761	0.0	1.9	1.546
4762	0.0	1.8	1.620
4763	0.0	1.8	1.546
4764	0.0	1.8	1.499
4765	0.0	1.8	1.388
4766	0.0	1.8	1.219
4767	0.0	1.8	1.111
4768	0.0	1.8	1.037
4769	0.0	1.8	1.078
4770	0.0	1.8	1.337
4771	0.0	1.8	1.492
4772	0.0	1.8	1.846
4773	0.0	1.8	1.896
4774	0.0	1.8	1.768
4775	0.0	1.8	1.064
4776	0.0	1.8	0.667
4777	0.0	1.8	0.461
4778	0.0	1.8	0.249
4779	0.0	1.8	0.098
4780	0.0	1.8	0.071
4781	0.0	1.7	0.212
4782	0.0	1.7	0.532
4783	0.0	1.7	1.438
4784	0.0	1.7	1.539
4785	0.0	1.7	1.546
4786	0.0	1.7	1.620
4787	0.0	1.7	1.546
4788	0.0	1.7	1.499
4789	0.0	1.7	1.388
4790	0.0	1.7	1.219
4791	0.0	1.7	1.111
4792	0.0	1.7	1.037
4793	0.0	1.7	1.078
4794	0.0	1.7	1.337
4795	0.0	1.7	1.492
4796	0.0	1.7	1.846
4797	0.0	1.7	1.896
4798	0.0	1.7	1.768
4799	0.0	1.7	1.064
4800	0.0	1.7	0.667
4801	0.0	1.7	0.461
4802	0.0	1.6	0.249
4803	0.0	1.6	0.098
4804	0.0	1.6	0.071
4805	0.0	1.6	0.212
4806	0.0	1.6	0.532
4807	0.0	1.6	1.438
4808	0.0	1.6	1.539
4809	0.0	1.6	1.546
4810	0.0	1.6	1.620
4811	0.0	1.6	1.546
4812	0.0	1.6	1.499
4813	0.0	1.6	1.388
4814	0.0	1.6	1.219
4815	0.0	1.6	1.111
4816	0.0	1.6	1.037
4817	0.0	1.6	1.078
4818	0.0	1.5	1.337
4819	0.0	1.5	1.492
4820	0.0	1.5	1.846
4821	0.0	1.5	1.896
4822	0.0	1.5	1.768
4823	0.0	1.5	1.064
4824	0.0	1.5	0.667
4825	0.0	1.5	0.461
4826	0.0	1.5	0.249
4827	0.0	1.5	0.098
4828	0.0	1.5	0.071
4829	0.0	1.5	0.212
4830	0.0	1.5	0.532
4831	0.0	1.5	1.438
4832	0.0	1.5	1.539
4833	0.0	1.5	1.546
4834	0.0	1.5	1.620
4835	0.0	1.5	1.546
4836	0.0	1.5	1.499
4837	0.0	1.5	1.388
4838	0.0	1.5	1.219
4839	0.0	1.5	1.111
4840	0.0	1.4	1.037
4841	0.0	1.4	1.078
4842	0.0	1.4	1.337
4843	0.0	1.4	1.492
4844	0.0	1.4	1.846
4845	0.0	1.4	1.896
4846	0.0	1.4	1.768
4847	0.0	1.4	1.064
4848	0.0	1.4	0.667
4849	0.0	1.4	0.461
4850	0.0	1.3	0.249
4851	0.0	1.3	0.098
4852	0.0	1.3	0.071
4853	0.0	1.3	0.212
4854	0.0	1.3	0.532
4855	0.0	1.3	1.438
4856	0.0	1.3	1.539
4857	0.0	1.3	1.546
4858	0.0	1.3	1.620
4859	0.0	1.3	1.546
4860	0.0	1.3	1.499
4861	0.0	1.3	1.388
4862	0.0	1.2	1.219
4863	0.0	1.2	1.111
4864	0.0	1.2	1.037
4865	0.0	1.2	1.078
4866	0.0	1.2	1.337
4867	0.0	1.2	1.492
4868	0.0	1.2	1.846
4869	0.0	1.2	1.896
4870	0.0	1.2	1.768
4871	0.0	1.2	1.064
4872	0.0	1.2	0.667
4873	0.0	1.2	0.461
4874	0.0	1.2	0.249
4875	0.0	1.1	0.098
4876	0.0	1.1	0.071
4877	0.0	1.1	0.212
4878	0.0	1.1	0.532
4879	0.0	1.1	1.438
4880	0.0	1.1	1.539
4881	0.0	1.1	1.546
4882	0.0	1.1	1.620
4883	0.0	1.1	1.546
4884	0.0	1.1	1.499
4885	0.0	1.1	1.388
4886	0.0	1.1	1.219
4887	0.0	1.1	1.111
4888	0.0	1.1	1.037
4889	0.0	1.1	1.078
4890	0.0	1.1	1.337
4891	0.0	1.1	1.492
4892	0.0	1.1	1.846
4893	0.0	1.1	1.896
4894	0.0	1.1	1.768
4895	0.0	1.1	1.064
4896	0.0	1.1	0.667
4897	0.0	1.1	0.461
4898	0.0	1.1	0.249
4899	0.0	1.0	0.098
4900	0.0	1.0	0.071
4901	0.0	1.0	0.212
4902	0.0	1.0	0.532
4903	0.0	1.0	1.438
4904	0.0	1.0	1.539
4905	0.0	1.0	1.546
4906	0.0	1.0	1.620
4907	0.0	1.0	1.546
4908	0.0	1.0	1.499
4909	0.0	1.0	1.388
4910	0.0	1.0	1.219
4911	0.0	0.9	1.111
4912	0.0	0.9	1.037
4913	0.0	0.9	1.078
4914	0.0	0.9	1.337
4915	0.0	0.9	1.492
4916	0.0	0.9	1.846
4917	0.0	0.9	1.896
4918	0.0	0.9	1.768
4919	0.0	0.9	1.064
4920	0.0	0.9	0.667
4921	0.0	0.9	0.461
4922	0.0	0.9	0.249
4923	0.0	0.9	0.098
4924	0.0	0.9	0.071
4925	0.0	0.9	0.212
4926	0.0	0.9	0.532
4927	0.0	0.9	1.438
4928	0.0	0.9	1.539
4929	0.0	0.8	1.546
4930	0.0	0.8	1.620
4931	0.0	0.8	1.546
4932	0.0	0.8	1.499
4933	0.0	0.8	1.388
4934	0.0	0.8	1.219
4935	0.0	0.8	1.111
4936	0.0	0.8	1.037
4937	0.0	0.8	1.078
4938	0.0	0.8	1.337
4939	0.0	0.8	1.492
4940	0.0	0.7	1.846
4941	0.0	0.7	1.896
4942	0.0	0.7	1.768
4943	0.0	0.7	1.064
4944	0.0	0.7	0.667
4945	0.0	0.7	0.461
4946	0.0	0.7	0.249
4947	0.0	0.7	0.098
4948	0.0	0.7	0.071
4949	0.0	0.7	0.212
4950	0.0	0.7	0.532
4951	0.0	0.7	1.438
4952	0.0	0.7	1.539
4953	0.0	0.7	1.546
4954	0.0	0.7	1.620
4955	0.0	0.6	1.546
4956	0.0	0.6	1.499
4957	0.0	0.6	1.388
4958	0.0	0.6	1.219
4959	0.0	0.6	1.111
4960	0.0	0.6	1.037
4961	0.0	0.6	1.078
4962	0.0	0.6	1.337
4963	0.0	0.5	1.492
4964	0.0	0.5	1.846
4965	0.0	0.5	1.896
4966	0.0	0.5	1.768
4967	0.0	0.5	1.064
4968	0.0	0.5	0.667
4969	0.0	0.5	0.461
4970	0.0	0.5	0.249
4971	0.0	0.5	0.098
4972	0.0	0.5	0.071
4973	0.0	0.5	0.212
4974	0.0	0.4	0.532
4975	0.0	0.4	1.438
4976	0.0	0.4	1.539
4977	0.0	0.4	1.546
4978	0.0	0.4	1.620
4979	0.0	0.4	1.546
4980	0.0	0.4	1.499
4981	0.0	0.4	1.388
4982	0.0	0.4	1.219
4983	0.0	0.3	1.111
4984	0.0	0.3	1.037
4985	0.0	0.3	1.078
4986	0.0	0.3	1.337
4987	0.0	0.3	1.492
4988	0.0	0.3	1.846
4989	0.0	0.3	1.896
4990	0.0	0.3	1.768
4991	0.0	0.3	1.064
4992	0.0	0.3	0.667
4993	0.0	0.3	0.461
4994	0.0	0.2	0.249
4995	0.0	0.2	0.098
4996	0.0	0.2	0.071
4997	0.0	0.2	0.212
4998	0.0	0.2	0.532
4999	0.0	0.2	1.438
5000	0.0	0.2	1.539
5001	0.0	0.1	1.546
5002	0.0	0.1	1.620
5003	0.0	0.1	1.546
5004	0.0	0.1	1.499
5005	0.0	0.1	1.388
5006	0.0	0.1	1.219
5007	0.0	0.1	1.111
5008	0.0	0.1	1.037
5009	0.0	0.1	1.078
5010	0.0	0.0	1.337
5011	0.0	0.0	1.492
5012	0.0	0.0	1.846
5013	0.0	0.0	1.896
5014	0.0	0.0	1.768
5015	0.0	0.0	1.064
5016	0.0	0.0	0.667
5017	0.0	0.0	0.461
5018	0.0	0.0	0.249
5019	0.0	0.0	0.098
5020	0.0	0.0	0.071
5021	0.0	0.0	0.212
5022	0.0	0.0	0.532
5023	0.0	0.0	1.438
5024	0.0	0.0	1.539
5025	0.0	0.0	1.546
5026	0.0	0.0	1.620
5027	0.0	0.0	1.546
5028	0.0	0.0	1.499
5029	0.0	0.0	1.388
5030	0.0	0.0	1.219
5031	0.0	0.0	1.111
5032	0.0	0.0	1.037
5033	0.0	0.0	1.078
5034	0.0	0.0	1.337
5035	0.0	0.0	1.492
5036	0.0	0.0	1.846
5037	0.0	0.0	1.896
5038	0.0	0.0	1.768
5039	0.0	0.0	1.064
5040	0.0	0.0	0.667
5041	0.0	0.0	0.461
5042	0.0	0.0	0.249
5043	0.0	0.0	0.098
5044	0.0	0.0	0.071
5045	0.0	0.0	0.212
5046	0.0	0.0	0.532
5047	0.0	0.0	1.438
5048	0.0	0.0	1.539
5049	0.0	0.0	1.546
5050	0.0	0.0	1.620
5051	0.0	0.0	1.546
5052	0.0	0.0	1.499
5053	0.0	0.0	1.388
5054	0.0	0.0	1.219
5055	0.0	0.0	1.111
5056	0.0	0.0	1.037
5057	0.0	0.0	1.078
5058	0.0	0.0	1.337
5059	0.0	0.0	1.492
5060	0.0	0.0	1.846
5061	0.0	0.0	1.896
5062	0.0	0.0	1.768
5063	0.0	0.0	1.064
5064	0.0	0.0	0.667
5065	0.0	0.0	0.461
5066	0.0	0.0	0.249
5067	0.0	0.0	0.098
5068	0.0	0.0	0.071
5069	0.0	0.0	0.212
5070	0.0	0.0	0.532
5071	0.0	0.0	1.438
5072	0.0	0.0	1.539
5073	0.0	0.0	1.546
5074	0.0	0.0	1.620
5075	0.0	0.0	1.546
5076	0.0	0.0	1.499
5077	0.0	0.0	1.388
5078	0.0	0.0	1.219
5079	0.0	0.0	1.111
5080	0.0	0.0	1.037
5081	0.0	0.0	1.078
5082	0.0	0.0	1.337
5083	0.0	0.0	1.492
5084	0.0	0.0	1.846
5085	0.0	0.0	1.896
5086	0.0	0.0	1.768
5087	0.0	0.0	1.064
5088	0.0	0.0	0.667
5089	0.0	0.0	0.461
5090	0.0	0.0	0.249
5091	0.0	0.0	0.098
5092	0.0	0.0	0.071
5093	0.0	0.0	0.212
5094	0.0	0.0	0.532
5095	0.0	0.0	1.438
5096	0.0	0.0	1.539
5097	0.0	0.0	1.546
5098	0.0	0.0	1.620
5099	0.0	0.0	1.546
5100	0.0	0.0	1.499
5101	0.0	0.0	1.388
5102	0.0	0.0	1.219
5103	0.0	0.0	1.111
5104	0.0	0.0	1.037
5105	0.0	0.0	1.078
5106	0.0	0.0	1.337
5107	0.0	0.0	1.492
5108	0.0	0.0	1.846
5109	0.0	0.0	1.896
5110	0.0	0.0	1.768
5111	0.0	0.0	1.064
5112	0.0	0.0	0.667
5113	0.0	0.0	0.461
5114	0.0	0.0	0.249
5115	0.0	0.0	0.098
5116	0.0	0.0	0.071
5117	0.0	0.0	0.212
5118	0.0	0.0	0.532
5119	0.0	0.0	1.438
5120	0.0	0.0	1.539
5121	0.0	0.0	1.546
5122	0.0	0.0	1.620
5123	0.0	0.0	1.546
5124	0.0	0.0	1.499
5125	0.0	0.0	1.388
5126	0.0	0.0	1.219
5127	0.0	0.0	1.111
5128	0.0	0.0	1.037
5129	0.0	0.0	1.078
5130	0.0	0.0	1.337
5131	0.0	0.0	1.492
5132	0.0	0.0	1.846
5133	0.0	0.0	1.896
5134	0.0	0.0	1.768
5135	0.0	0.0	1.064
5136	0.0	0.0	0.667
5137	0.0	0.0	0.461
5138	0.0	0.0	0.249
5139	0.0	0.0	0.098
5140	0.0	0.0	0.071
5141	0.0	0.0	0.212
5142	0.0	0.0	0.532
5143	0.0	0.0	1.438
5144	0.0	0.0	1.539
5145	0.0	0.0	1.546
5146	0.0	0.0	1.620
5147	0.0	0.0	1.546
5148	0.0	0.0	1.499
5149	0.0	0.0	1.388
5150	0.0	0.0	1.219
5151	0.0	0.0	1.111
5152	0.0	0.0	1.037
5153	0.0	0.0	1.078
5154	0.0	0.0	1.337
5155	0.0	0.0	1.492
5156	0.0	0.0	1.846
5157	0.0	0.0	1.896
5158	0.0	0.0	1.768
5159	0.0	0.0	1.064
5160	0.0	0.0	0.667
5161	0.0	0.0	0.461
5162	0.0	0.0	0.249
5163	0.0	0.0	0.098
5164	0.0	0.0	0.071
5165	0.0	0.0	0.212
5166	0.0	0.0	0.532
5167	0.0	0.0	1.438
5168	0.0	0.0	1.539
5169	0.0	0.0	1.546
5170	0.0	0.0	1.620
5171	0.0	0.0	1.546
5172	0.0	0.0	1.499
5173	0.0	0.0	1.388
5174	0.0	0.0	1.219
5175	0.0	0.0	1.111
5176	0.0	0.0	1.037
5177	0.0	0.0	1.078
5178	0.0	0.0	1.337
5179	0.0	0.0	1.492
5180	0.0	0.0	1.846
5181	0.0	0.0	1.896
5182	0.0	0.0	1.768
5183	0.0	0.0	1.064
5184	0.0	0.0	0.667
5185	0.0	0.0	0.461
5186	0.0	0.0	0.249
5187	0.0	0.0	0.098
5188	0.0	0.0	0.071
5189	0.0	0.0	0.212
5190	0.0	0.0	0.532
5191	0.0	0.0	1.438
5192	0.0	0.0	1.539
5193	0.0	0.0	1.546
5194	0.0	0.0	1.620
5195	0.0	0.0	1.546
5196	0.0	0.0	1.499
5197	0.0	0.0	1.388
5198	0.0	0.0	1.219
5199	0.0	0.0	1.111
5200	0.0	0.0	1.037
5201	0.0	0.0	1.078
5202	0.0	0.0	1.337
5203	0.0	0.0	1.492
5204	0.0	0.0	1.846
5205	0.0	0.0	1.896
5206	0.0	0.0	1.768
5207	0.0	0.0	1.064
5208	0.0	0.0	0.667
5209	0.0	0.0	0.461
5210	0.0	0.0	0.249
5211	0.0	0.0	0.098
5212	0.0	0.0	0.071
5213	0.0	0.0	0.212
5214	0.0	0.0	0.532
5215	0.0	0.0	1.438
5216	0.0	0.0	1.539
5217	0.0	0.0	1.546
5218	0.0	0.0	1.620
5219	0.0	0.0	1.546
5220	0.0	0.0	1.499
5221	0.0	0.0	1.388
5222	0.0	0.0	1.219
5223	0.0	0.0	1.111
5224	0.0	0.0	1.037
5225	0.0	0.0	1.078
5226	0.0	0.0	1.337
5227	0.0	0.0	1.492
5228	0.0	0.0	1.846
5229	0.0	0.0	1.896
5230	0.0	0.0	1.768
5231	0.0	0.0	1.064
5232	0.0	0.0	0.667
5233	0.0	0.0	0.461
5234	0.0	0.0	0.249
5235	0.0	0.0	0.098
5236	0.0	0.0	0.071
5237	0.0	0.0	0.212
5238	0.0	0.0	0.532
5239	0.0	0.0	1.438
5240	0.0	0.0	1.539
5241	0.0	0.0	1.546
5242	0.0	0.0	1.620
5243	0.0	0.0	1.546
5244	0.0	0.0	1.499
5245	0.0	0.0	1.388
5246	0.0	0.0	1.219
5247	0.0	0.0	1.111
5248	0.0	0.0	1.037
5249	0.0	0.0	1.078
5250	0.0	0.0	1.337
5251	0.0	0.0	1.492
5252	0.0	0.0	1.846
5253	0.0	0.0	1.896
5254	0.0	0.0	1.768
5255	0.0	0.0	1.064
5256	0.0	0.0	0.667
5257	0.0	0.0	0.461
5258	0.0	0.0	0.249
5259	0.0	0.0	0.098
5260	0.0	0.0	0.071
5261	0.0	0.0	0.212
5262	0.0	0.0	0.532
5263	0.0	0.0	1.438
5264	0.0	0.0	1.539
5265	0.0	0.0	1.546
5266	0.0	0.0	1.620
5267	0.0	0.0	1.546
5268	0.0	0.0	1.499
5269	0.0	0.0	1.388
5270	0.0	0.0	1.219
5271	0.0	0.0	1.111
5272	0.0	0.0	1.037
5273	0.0	0.0	1.078
5274	0.0	0.0	1.337
5275	0.0	0.0	1.492
5276	0.0	0.0	1.846
5277	0.0	0.0	1.896
5278	0.0	0.0	1.768
5279	0.0	0.0	1.064
5280	0.0	0.0	0.667
5281	0.0	0.0	0.461
5282	0.0	0.0	0.249
5283	0.0	0.0	0.098
5284	0.0	0.0	0.071
5285	0.0	0.0	0.212
5286	0.0	0.0	0.532
5287	0.0	0.0	1.438
5288	0.0	0.0	1.539
5289	0.0	0.0	1.546
5290	0.0	0.0	1.620
5291	0.0	0.0	1.546
5292	0.0	0.0	1.499
5293	0.0	0.0	1.388
5294	0.0	0.0	1.219
5295	0.0	0.0	1.111
5296	0.0	0.0	1.037
5297	0.0	0.0	1.078
5298	0.0	0.0	1.337
5299	0.0	0.0	1.492
5300	0.0	0.0	1.846
5301	0.0	0.0	1.896
5302	0.0	0.0	1.768
5303	0.0	0.0	1.064
5304	0.0	0.0	0.667
5305	0.0	0.0	0.461
5306	0.0	0.0	0.249
5307	0.0	0.0	0.098
5308	0.0	0.0	0.071
5309	0.0	0.0	0.212
5310	0.0	0.0	0.532
5311	0.0	0.0	1.438
5312	0.0	0.0	1.539
5313	0.0	0.0	1.546
5314	0.0	0.0	1.620
5315	0.0	0.0	1.546
5316	0.0	0.0	1.499
5317	0.0	0.0	1.388
5318	0.0	0.0	1.219
5319	0.0	0.0	1.111
5320	0.0	0.0	1.037
5321	0.0	0.0	1.078
5322	0.0	0.0	1.337
5323	0.0	0.0	1.492
5324	0.0	0.0	1.846
5325	0.0	0.0	1.896
5326	0.0	0.0	1.768
5327	0.0	0.0	1.064
5328	0.0	0.0	0.667
5329	0.0	0.0	0.461
5330	0.0	0.0	0.249
5331	0.0	0.0	0.098
5332	0.0	0.0	0.071
5333	0.0	0.0	0.212
5334	0.0	0.0	0.532
5335	0.0	0.0	1.438
5336	0.0	0.0	1.539
5337	0.0	0.0	1.546
5338	0.0	0.0	1.620
5339	0.0	0.0	1.546
5340	0.0	0.0	1.499
5341	0.0	0.0	1.388
5342	0.0	0.0	1.219
5343	0.0	0.0	1.111
5344	0.0	0.0	1.037
5345	0.0	0.0	1.078
5346	0.0	0.0	1.337
5347	0.0	0.0	1.492
5348	0.0	0.0	1.846
5349	0.0	0.0	1.896
5350	0.0	0.0	1.768
5351	0.0	0.0	1.064
5352	0.0	0.0	0.667
5353	0.0	0.0	0.461
5354	0.0	0.0	0.249
5355	0.0	0.0	0.098
5356	0.0	0.0	0.071
5357	0.0	0.0	0.212
5358	0.0	0.0	0.532
5359	0.0	0.0	1.438
5360	0.0	0.0	1.539
5361	0.0	0.0	1.546
5362	0.0	0.0	1.620
5363	0.0	0.0	1.546
5364	0.0	0.0	1.499
5365	0.0	0.0	1.388
5366	0.0	0.0	1.219
5367	0.0	0.0	1.111
5368	0.0	0.0	1.037
5369	0.0	0.0	1.078
5370	0.0	0.0	1.337
5371	0.0	0.0	1.492
5372	0.0	0.0	1.846
5373	0.0	0.0	1.896
5374	0.0	0.0	1.768
5375	0.0	0.0	1.064
5376	0.0	0.0	0.667
5377	0.0	0.0	0.461
5378	0.0	0.0	0.249
5379	0.0	0.0	0.098
5380	0.0	0.0	0.071
5381	0.0	0.0	0.212
5382	0.0	0.0	0.532
5383	0.0	0.0	1.438
5384	0.0	0.0	1.539
5385	0.0	0.0	1.546
5386	0.0	0.0	1.620
5387	0.0	0.0	1.546
5388	0.0	0.0	1.499
5389	0.0	0.0	1.388
5390	0.0	0.0	1.219
5391	0.0	0.0	1.111
5392	0.0	0.0	1.037
5393	0.0	0.0	1.078
5394	0.0	0.0	1.337
5395	0.0	0.0	1.492
5396	0.0	0.0	1.846
5397	0.0	0.0	1.896
5398	0.0	0.0	1.768
5399	0.0	0.0	1.064
5400	0.0	0.0	0.667
5401	0.0	0.0	0.461
5402	0.0	0.0	0.249
5403	0.0	0.0	0.098
5404	0.0	0.0	0.071
5405	0.0	0.0	0.212
5406	0.0	0.0	0.532
5407	0.0	0.0	1.438
5408	0.0	0.0	1.539
5409	0.0	0.0	1.546
5410	0.0	0.0	1.620
5411	0.0	0.0	1.546
5412	0.0	0.0	1.499
5413	0.0	0.0	1.388
5414	0.0	0.0	1.219
5415	0.0	0.0	1.111
5416	0.0	0.0	1.037
5417	0.0	0.0	1.078
5418	0.0	0.0	1.337
5419	0.0	0.0	1.492
5420	0.0	0.0	1.846
5421	0.0	0.0	1.896
5422	0.0	0.0	1.768
5423	0.0	0.0	1.064
5424	0.0	0.0	0.667
5425	0.0	0.0	0.461
5426	0.0	0.0	0.249
5427	0.0	0.0	0.098
5428	0.0	0.0	0.071
5429	0.0	0.0	0.212
5430	0.0	0.0	0.532
5431	0.0	0.0	1.438
5432	0.0	0.0	1.539
5433	0.0	0.0	1.546
5434	0.0	0.0	1.620
5435	0.0	0.0	1.546
5436	0.0	0.0	1.499
5437	0.0	0.0	1.388
5438	0.0	0.0	1.219
5439	0.0	0.0	1.111
5440	0.0	0.0	1.037
5441	0.0	0.0	1.078
5442	0.0	0.0	1.337
5443	0.0	0.0	1.492
5444	0.0	0.0	1.846
5445	0.0	0.0	1.896
5446	0.0	0.0	1.768
5447	0.0	0.0	1.064
5448	0.0	0.0	0.667
5449	0.0	0.0	0.461
5450	0.0	0.0	0.249
5451	0.0	0.0	0.098
5452	0.0	0.0	0.071
5453	0.0	0.0	0.212
5454	0.0	0.0	0.532
5455	0.0	0.0	1.438
5456	0.0	0.0	1.539
5457	0.0	0.0	1.546
5458	0.0	0.0	1.620
5459	0.0	0.0	1.546
5460	0.0	0.0	1.499
5461	0.0	0.0	1.388
5462	0.0	0.0	1.219
5463	0.0	0.0	1.111
5464	0.0	0.0	1.037
5465	0.0	0.0	1.078
5466	0.0	0.0	1.337
5467	0.0	0.0	1.492
5468	0.0	0.0	1.846
5469	0.0	0.0	1.896
5470	0.0	0.0	1.768
5471	0.0	0.0	1.064
5472	0.0	0.0	0.667
5473	0.0	0.0	0.461
5474	0.0	0.0	0.249
5475	0.0	0.0	0.098
5476	0.0	0.0	0.071
5477	0.0	0.0	0.212
5478	0.0	0.0	0.532
5479	0.0	0.0	1.438
5480	0.0	0.0	1.539
5481	0.0	0.0	1.546
5482	0.0	0.0	1.620
5483	0.0	0.0	1.546
5484	0.0	0.0	1.499
5485	0.0	0.0	1.388
5486	0.0	0.0	1.219
5487	0.0	0.0	1.111
5488	0.0	0.0	1.037
5489	0.0	0.0	1.078
5490	0.0	0.0	1.337
5491	0.0	0.0	1.492
5492	0.0	0.0	1.846
5493	0.0	0.0	1.896
5494	0.0	0.0	1.768
5495	0.0	0.0	1.064
5496	0.0	0.0	0.667
5497	0.0	0.0	0.461
5498	0.0	0.0	0.249
5499	0.0	0.0	0.098
5500	0.0	0.0	0.071
5501	0.0	0.0	0.212
5502	0.0	0.0	0.532
5503	0.0	0.0	1.438
5504	0.0	0.0	1.539
5505	0.0	0.0	1.546
5506	0.0	0.0	1.620
5507	0.0	0.0	1.546
5508	0.0	0.0	1.499
5509	0.0	0.0	1.388
5510	0.0	0.0	1.219
5511	0.0	0.0	1.111
5512	0.0	0.0	1.037
5513	0.0	0.0	1.078
5514	0.0	0.0	1.337
5515	0.0	0.0	1.492
5516	0.0	0.0	1.846
5517	0.0	0.0	1.896
5518	0.0	0.0	1.768
5519	0.0	0.0	1.064
5520	0.0	0.0	0.667
5521	0.0	0.0	0.461
5522	0.0	0.0	0.249
5523	0.0	0.0	0.098
5524	0.0	0.0	0.071
5525	0.0	0.0	0.212
5526	0.0	0.0	0.532
5527	0.0	0.0	1.438
5528	0.0	0.0	1.539
5529	0.0	0.0	1.546
5530	0.0	0.0	1.620
5531	0.0	0.0	1.546
5532	0.0	0.0	1.499
5533	0.0	0.0	1.388
5534	0.0	0.0	1.219
5535	0.0	0.0	1.111
5536	0.0	0.0	1.037
5537	0.0	0.0	1.078
5538	0.0	0.0	1.337
5539	0.0	0.0	1.492
5540	0.0	0.0	1.846
5541	0.0	0.0	1.896
5542	0.0	0.0	1.768
5543	0.0	0.0	1.064
5544	0.0	0.0	0.667
5545	0.0	0.0	0.461
5546	0.0	0.0	0.249
5547	0.0	0.0	0.098
5548	0.0	0.0	0.071
5549	0.0	0.0	0.212
5550	0.0	0.0	0.532
5551	0.0	0.0	1.438
5552	0.0	0.0	1.539
5553	0.0	0.0	1.546
5554	0.0	0.0	1.620
5555	0.0	0.0	1.546
5556	0.0	0.0	1.499
5557	0.0	0.0	1.388
5558	0.0	0.0	1.219
5559	0.0	0.0	1.111
5560	0.0	0.0	1.037
5561	0.0	0.0	1.078
5562	0.0	0.0	1.337
5563	0.0	0.0	1.492
5564	0.0	0.0	1.846
5565	0.0	0.0	1.896
5566	0.0	0.0	1.768
5567	0.0	0.0	1.064
5568	0.0	0.0	0.667
5569	0.0	0.0	0.461
5570	0.0	0.0	0.249
5571	0.0	0.0	0.098
5572	0.0	0.0	0.071
5573	0.0	0.0	0.212
5574	0.0	0.0	0.532
5575	0.0	0.0	1.438
5576	0.0	0.0	1.539
5577	0.0	0.0	1.546
5578	0.0	0.0	1.620
5579	0.0	0.0	1.546
5580	0.0	0.0	1.499
5581	0.0	0.0	1.388
5582	0.0	0.0	1.219
5583	0.0	0.0	1.111
5584	0.0	0.0	1.037
5585	0.0	0.0	1.078
5586	0.0	0.0	1.337
5587	0.0	0.0	1.492
5588	0.0	0.0	1.846
5589	0.0	0.0	1.896
5590	0.0	0.0	1.768
5591	0.0	0.0	1.064
5592	0.0	0.0	0.667
5593	0.0	0.0	0.461
5594	0.0	0.0	0.249
5595	0.0	0.0	0.098
5596	0.0	0.0	0.071
5597	0.0	0.0	0.212
5598	0.0	0.0	0.532
5599	0.0	0.0	1.438
5600	0.0	0.0	1.539
5601	0.0	0.0	1.546
5602	0.0	0.0	1.620
5603	0.0	0.0	1.546
5604	0.0	0.0	1.499
5605	0.0	0.0	1.388
5606	0.0	0.0	1.219
5607	0.0	0.0	1.111
5608	0.0	0.0	1.037
5609	0.0	0.0	1.078
5610	0.0	0.0	1.337
5611	0.0	0.0	1.492
5612	0.0	0.0	1.846
5613	0.0	0.0	1.896
5614	0.0	0.0	1.768
5615	0.0	0.0	1.064
5616	0.0	0.0	0.667
5617	0.0	0.0	0.461
5618	0.0	0.0	0.249
5619	0.0	0.0	0.098
5620	0.0	0.0	0.071
5621	0.0	0.0	0.212
5622	0.0	0.0	0.532
5623	0.0	0.0	1.438
5624	0.0	0.0	1.539
5625	0.0	0.0	1.546
5626	0.0	0.0	1.620
5627	0.0	0.0	1.546
5628	0.0	0.0	1.499
5629	0.0	0.0	1.388
5630	0.0	0.0	1.219
5631	0.0	0.0	1.111
5632	0.0	0.0	1.037
5633	0.0	0.0	1.078
5634	0.0	0.0	1.337
5635	0.0	0.0	1.492
5636	0.0	0.0	1.846
5637	0.0	0.0	1.896
5638	0.0	0.0	1.768
5639	0.0	0.0	1.064
5640	0.0	0.0	0.667
5641	0.0	0.0	0.461
5642	0.0	0.0	0.249
5643	0.0	0.0	0.098
5644	0.0	0.0	0.071
5645	0.0	0.0	0.212
5646	0.0	0.0	0.532
5647	0.0	0.0	1.438
5648	0.0	0.0	1.539
5649	0.0	0.0	1.546
5650	0.0	0.0	1.620
5651	0.0	0.0	1.546
5652	0.0	0.0	1.499
5653	0.0	0.0	1.388
5654	0.0	0.0	1.219
5655	0.0	0.0	1.111
5656	0.0	0.0	1.037
5657	0.0	0.0	1.078
5658	0.0	0.0	1.337
5659	0.0	0.0	1.492
5660	0.0	0.0	1.846
5661	0.0	0.0	1.896
5662	0.0	0.0	1.768
5663	0.0	0.0	1.064
5664	0.0	0.0	0.667
5665	0.0	0.0	0.461
5666	0.0	0.0	0.249
5667	0.0	0.0	0.098
5668	0.0	0.0	0.071
5669	0.0	0.0	0.212
5670	0.0	0.0	0.532
5671	0.0	0.0	1.438
5672	0.0	0.0	1.539
5673	0.0	0.0	1.546
5674	0.0	0.0	1.620
5675	0.0	0.0	1.546
5676	0.0	0.0	1.499
5677	0.0	0.0	1.388
5678	0.0	0.0	1.219
5679	0.0	0.0	1.111
5680	0.0	0.0	1.037
5681	0.0	0.0	1.078
5682	0.0	0.0	1.337
5683	0.0	0.0	1.492
5684	0.0	0.0	1.846
5685	0.0	0.0	1.896
5686	0.0	0.0	1.768
5687	0.0	0.0	1.064
5688	0.0	0.0	0.667
5689	0.0	0.0	0.461
5690	0.0	0.0	0.249
5691	0.0	0.0	0.098
5692	0.0	0.0	0.071
5693	0.0	0.0	0.212
5694	0.0	0.0	0.532
5695	0.0	0.0	1.438
5696	0.0	0.0	1.539
5697	0.0	0.0	1.546
5698	0.0	0.0	1.620
5699	0.0	0.0	1.546
5700	0.0	0.0	1.499
5701	0.0	0.0	1.388
5702	0.0	0.0	1.219
5703	0.0	0.0	1.111
5704	0.0	0.0	1.037
5705	0.0	0.0	1.078
5706	0.0	0.0	1.337
5707	0.0	0.0	1.492
5708	0.0	0.0	1.846
5709	0.0	0.0	1.896
5710	0.0	0.0	1.768
5711	0.0	0.0	1.064
5712	0.0	0.0	0.667
5713	0.0	0.0	0.461
5714	0.0	0.0	0.249
5715	0.0	0.0	0.098
5716	0.0	0.0	0.071
5717	0.0	0.0	0.212
5718	0.0	0.0	0.532
5719	0.0	0.0	1.438
5720	0.0	0.0	1.539
5721	0.0	0.0	1.546
5722	0.0	0.0	1.620
5723	0.0	0.0	1.546
5724	0.0	0.0	1.499
5725	0.0	0.0	1.388
5726	0.0	0.0	1.219
5727	0.0	0.0	1.111
5728	0.0	0.0	1.037
5729	0.0	0.0	1.078
5730	0.0	0.0	1.337
5731	0.0	0.0	1.492
5732	0.0	0.0	1.846
5733	0.0	0.0	1.896
5734	0.0	0.0	1.768
5735	0.0	0.0	1.064
5736	0.0	0.0	0.667
5737	0.0	0.0	0.461
5738	0.0	0.0	0.249
5739	0.0	0.0	0.098
5740	0.0	0.0	0.071
5741	0.0	0.0	0.212
5742	0.0	0.0	0.532
5743	0.0	0.0	1.438
5744	0.0	0.0	1.539
5745	0.0	0.0	1.546
5746	0.0	0.0	1.620
5747	0.0	0.0	1.546
5748	0.0	0.0	1.499
5749	0.0	0.0	1.388
5750	0.0	0.0	1.219
5751	0.0	0.0	1.111
5752	0.0	0.0	1.037
5753	0.0	0.0	1.078
5754	0.0	0.0	1.337
5755	0.0	0.0	1.492
5756	0.0	0.0	1.846
5757	0.0	0.0	1.896
5758	0.0	0.0	1.768
5759	0.0	0.0	1.064
5760	0.0	0.0	0.667
5761	0.0	0.0	0.461
5762	0.0	0.0	0.249
5763	0.0	0.0	0.098
5764	0.0	0.0	0.071
5765	0.0	0.0	0.212
5766	0.0	0.0	0.532
5767	0.0	0.0	1.438
5768	0.0	0.0	1.539
5769	0.0	0.0	1.546
5770	0.0	0.0	1.620
5771	0.0	0.0	1.546
5772	0.0	0.0	1.499
5773	0.0	0.0	1.388
5774	0.0	0.0	1.219
5775	0.0	0.0	1.111
5776	0.0	0.0	1.037
5777	0.0	0.0	1.078
5778	0.0	0.0	1.337
5779	0.0	0.0	1.492
5780	0.0	0.0	1.846
5781	0.0	0.0	1.896
5782	0.0	0.0	1.768
5783	0.0	0.0	1.064
5784	0.0	0.0	0.667
5785	0.0	0.0	0.461
5786	0.0	0.0	0.249
5787	0.0	0.0	0.098
5788	0.0	0.0	0.071
5789	0.0	0.0	0.212
5790	0.0	0.0	0.532
5791	0.0	0.0	1.438
5792	0.0	0.0	1.539
5793	0.0	0.0	1.546
5794	0.0	0.0	1.620
5795	0.0	0.0	1.546
5796	0.0	0.0	1.499
5797	0.0	0.0	1.388
5798	0.0	0.0	1.219
5799	0.0	0.0	1.111
5800	0.0	0.0	1.037
5801	0.0	0.0	1.078
5802	0.0	0.0	1.337
5803	0.0	0.0	1.492
5804	0.0	0.0	1.846
5805	0.0	0.0	1.896
5806	0.0	0.0	1.768
5807	0.0	0.0	1.064
5808	0.0	0.0	0.667
5809	0.0	0.0	0.461
5810	0.0	0.0	0.249
5811	0.0	0.0	0.098
5812	0.0	0.0	0.071
5813	0.0	0.0	0.212
5814	0.0	0.0	0.532
5815	0.0	0.0	1.438
5816	0.0	0.0	1.539
5817	0.0	0.0	1.546
5818	0.0	0.0	1.620
5819	0.0	0.0	1.546
5820	0.0	0.0	1.499
5821	0.0	0.0	1.388
5822	0.0	0.0	1.219
5823	0.0	0.0	1.111
5824	0.0	0.0	1.037
5825	0.0	0.0	1.078
5826	0.0	0.0	1.337
5827	0.0	0.0	1.492
5828	0.0	0.0	1.846
5829	0.0	0.0	1.896
5830	0.0	0.0	1.768
5831	0.0	0.0	1.064
5832	0.0	0.0	0.667
5833	0.0	0.0	0.461
5834	0.0	0.0	0.249
5835	0.0	0.0	0.098
5836	0.0	0.0	0.071
5837	0.0	0.0	0.212
5838	0.0	0.0	0.532
5839	0.0	0.0	1.438
5840	0.0	0.0	1.539
5841	0.0	0.0	1.546
5842	0.0	0.0	1.620
5843	0.0	0.0	1.546
5844	0.0	0.0	1.499
5845	0.0	0.0	1.388
5846	0.0	0.0	1.219
5847	0.0	0.0	1.111
5848	0.0	0.0	1.037
5849	0.0	0.0	1.078
5850	0.0	0.0	1.337
5851	0.0	0.0	1.492
5852	0.0	0.0	1.846
5853	0.0	0.0	1.896
5854	0.0	0.0	1.768
5855	0.0	0.0	1.064
5856	0.0	0.0	0.667
5857	0.0	0.0	0.461
5858	0.0	0.0	0.249
5859	0.0	0.0	0.098
5860	0.0	0.0	0.071
5861	0.0	0.0	0.212
5862	0.0	0.0	0.532
5863	0.0	0.0	1.438
5864	0.0	0.0	1.539
5865	0.0	0.0	1.546
5866	0.0	0.0	1.620
5867	0.0	0.0	1.546
5868	0.0	0.0	1.499
5869	0.0	0.0	1.388
5870	0.0	0.0	1.219
5871	0.0	0.0	1.111
5872	0.0	0.0	1.037
5873	0.0	0.0	1.078
5874	0.0	0.0	1.337
5875	0.0	0.0	1.492
5876	0.0	0.0	1.846
5877	0.0	0.0	1.896
5878	0.0	0.0	1.768
5879	0.0	0.0	1.064
5880	0.0	0.0	0.667
5881	0.0	0.0	0.461
5882	0.0	0.0	0.249
5883	0.0	0.0	0.098
5884	0.0	0.0	0.071
5885	0.0	0.0	0.212
5886	0.0	0.0	0.532
5887	0.0	0.0	1.438
5888	0.0	0.0	1.539
5889	0.0	0.0	1.546
5890	0.0	0.0	1.620
5891	0.0	0.0	1.546
5892	0.0	0.0	1.499
5893	0.0	0.0	1.388
5894	0.0	0.0	1.219
5895	0.0	0.0	1.111
5896	0.0	0.0	1.037
5897	0.0	0.0	1.078
5898	0.0	0.0	1.337
5899	0.0	0.0	1.492
5900	0.0	0.0	1.846
5901	0.0	0.0	1.896
5902	0.0	0.0	1.768
5903	0.0	0.0	1.064
5904	0.0	0.0	0.667
5905	0.0	0.0	0.461
5906	0.0	0.0	0.249
5907	0.0	0.0	0.098
5908	0.0	0.0	0.071
5909	0.0	0.0	0.212
5910	0.0	0.0	0.532
5911	0.0	0.0	1.438
5912	0.0	0.0	1.539
5913	0.0	0.0	1.546
5914	0.0	0.0	1.620
5915	0.0	0.0	1.546
5916	0.0	0.0	1.499
5917	0.0	0.0	1.388
5918	0.0	0.0	1.219
5919	0.0	0.0	1.111
5920	0.0	0.0	1.037
5921	0.0	0.0	1.078
5922	0.0	0.0	1.337
5923	0.0	0.0	1.492
5924	0.0	0.0	1.846
5925	0.0	0.0	1.896
5926	0.0	0.0	1.768
5927	0.0	0.0	1.064
5928	0.0	0.0	0.667
5929	0.0	0.0	0.461
5930	0.0	0.0	0.249
5931	0.0	0.0	0.098
5932	0.0	0.0	0.071
5933	0.0	0.0	0.212
5934	0.0	0.0	0.532
5935	0.0	0.0	1.438
5936	0.0	0.0	1.539
5937	0.0	0.0	1.546
5938	0.0	0.0	1.620
5939	0.0	0.0	1.546
5940	0.0	0.0	1.499
5941	0.0	0.0	1.388
5942	0.0	0.0	1.219
5943	0.0	0.0	1.111
5944	0.0	0.0	1.037
5945	0.0	0.0	1.078
5946	0.0	0.0	1.337
5947	0.0	0.0	1.492
5948	0.0	0.0	1.846
5949	0.0	0.0	1.896
5950	0.0	0.0	1.768
5951	0.0	0.0	1.064
5952	0.0	0.0	0.667
5953	0.0	0.0	0.461
5954	0.0	0.0	0.249
5955	0.0	0.0	0.098
5956	0.0	0.0	0.071
5957	0.0	0.0	0.212
5958	0.0	0.0	0.532
5959	0.0	0.0	1.438
5960	0.0	0.0	1.539
5961	0.0	0.0	1.546
5962	0.0	0.0	1.620
5963	0.0	0.0	1.546
5964	0.0	0.0	1.499
5965	0.0	0.0	1.388
5966	0.0	0.0	1.219
5967	0.0	0.0	1.111
5968	0.0	0.0	1.037
5969	0.0	0.0	1.078
5970	0.0	0.0	1.337
5971	0.0	0.0	1.492
5972	0.0	0.0	1.846
5973	0.0	0.0	1.896
5974	0.0	0.0	1.768
5975	0.0	0.0	1.064
5976	0.0	0.0	0.667
5977	0.0	0.0	0.461
5978	0.0	0.0	0.249
5979	0.0	0.0	0.098
5980	0.0	0.0	0.071
5981	0.0	0.0	0.212
5982	0.0	0.0	0.532
5983	0.0	0.0	1.438
5984	0.0	0.0	1.539
5985	0.0	0.0	1.546
5986	0.0	0.0	1.620
5987	0.0	0.0	1.546
5988	0.0	0.0	1.499
5989	0.0	0.0	1.388
5990	0.0	0.0	1.219
5991	0.0	0.0	1.111
5992	0.0	0.0	1.037
5993	0.0	0.0	1.078
5994	0.0	0.0	1.337
5995	0.0	0.0	1.492
5996	0.0	0.0	1.846
5997	0.0	0.0	1.896
5998	0.0	0.0	1.768
5999	0.0	0.0	1.064
6000	0.0	0.0	0.667
6001	0.0	0.0	0.461
6002	0.0	0.0	0.249
6003	0.0	0.0	0.098
6004	0.0	0.0	0.071
6005	0.0	0.0	0.212
6006	0.0	0.0	0.532
6007	0.0	0.0	1.438
6008	0.0	0.0	1.539
6009	0.0	0.0	1.546
6010	0.0	0.0	1.620
6011	0.0	0.0	1.546
6012	0.0	0.0	1.499
6013	0.0	0.0	1.388
6014	0.0	0.0	1.219
6015	0.0	0.0	1.111
6016	0.0	0.0	1.037
6017	0.0	0.0	1.078
6018	0.0	0.0	1.337
6019	0.0	0.0	1.492
6020	0.0	0.0	1.846
6021	0.0	0.0	1.896
6022	0.0	0.0	1.768
6023	0.0	0.0	1.064
6024	0.0	0.0	0.667
6025	0.0	0.0	0.461
6026	0.0	0.0	0.249
6027	0.0	0.0	0.098
6028	0.0	0.0	0.071
6029	0.0	0.0	0.212
6030	0.0	0.0	0.532
6031	0.0	0.0	1.438
6032	0.0	0.0	1.539
6033	0.0	0.0	1.546
6034	0.0	0.0	1.620
6035	0.0	0.0	1.546
6036	0.0	0.0	1.499
6037	0.0	0.0	1.388
6038	0.0	0.0	1.219
6039	0.0	0.0	1.111
6040	0.0	0.0	1.037
6041	0.0	0.0	1.078
6042	0.0	0.0	1.337
6043	0.0	0.0	1.492
6044	0.0	0.0	1.846
6045	0.0	0.0	1.896
6046	0.0	0.0	1.768
6047	0.0	0.0	1.064
6048	0.0	0.0	0.667
6049	0.0	0.0	0.461
6050	0.0	0.0	0.249
6051	0.0	0.0	0.098
6052	0.0	0.0	0.071
6053	0.0	0.0	0.212
6054	0.0	0.0	0.532
6055	0.0	0.0	1.438
6056	0.0	0.0	1.539
6057	0.0	0.0	1.546
6058	0.0	0.0	1.620
6059	0.0	0.0	1.546
6060	0.0	0.0	1.499
6061	0.0	0.0	1.388
6062	0.0	0.0	1.219
6063	0.0	0.0	1.111
6064	0.0	0.0	1.037
6065	0.0	0.0	1.078
6066	0.0	0.0	1.337
6067	0.0	0.0	1.492
6068	0.0	0.0	1.846
6069	0.0	0.0	1.896
6070	0.0	0.0	1.768
6071	0.0	0.0	1.064
6072	0.0	0.0	0.667
6073	0.0	0.0	0.461
6074	0.0	0.0	0.249
6075	0.0	0.0	0.098
6076	0.0	0.0	0.071
6077	0.0	0.0	0.212
6078	0.0	0.0	0.532
6079	0.0	0.0	1.438
6080	0.0	0.0	1.539
6081	0.0	0.0	1.546
6082	0.0	0.0	1.620
6083	0.0	0.0	1.546
6084	0.0	0.0	1.499
6085	0.0	0.0	1.388
6086	0.0	0.0	1.219
6087	0.0	0.0	1.111
6088	0.0	0.0	1.037
6089	0.0	0.0	1.078
6090	0.0	0.0	1.337
6091	0.0	0.0	1.492
6092	0.0	0.0	1.846
6093	0.0	0.0	1.896
6094	0.0	0.0	1.768
6095	0.0	0.0	1.064
6096	0.0	0.0	0.667
6097	0.0	0.0	0.461
6098	0.0	0.0	0.249
6099	0.0	0.0	0.098
6100	0.0	0.0	0.071
6101	0.0	0.0	0.212
6102	0.0	0.0	0.532
6103	0.0	0.0	1.438
6104	0.0	0.0	1.539
6105	0.0	0.0	1.546
6106	0.0	0.0	1.620
6107	0.0	0.0	1.546
6108	0.0	0.0	1.499
6109	0.0	0.0	1.388
6110	0.0	0.0	1.219
6111	0.0	0.0	1.111
6112	0.0	0.0	1.037
6113	0.0	0.0	1.078
6114	0.0	0.0	1.337
6115	0.0	0.0	1.492
6116	0.0	0.0	1.846
6117	0.0	0.0	1.896
6118	0.0	0.0	1.768
6119	0.0	0.0	1.064
6120	0.0	0.0	0.667
6121	0.0	0.0	0.461
6122	0.0	0.0	0.249
6123	0.0	0.0	0.098
6124	0.0	0.0	0.071
6125	0.0	0.0	0.212
6126	0.0	0.0	0.532
6127	0.0	0.0	1.438
6128	0.0	0.0	1.539
6129	0.0	0.0	1.546
6130	0.0	0.0	1.620
6131	0.0	0.0	1.546
6132	0.0	0.0	1.499
6133	0.0	0.0	1.388
6134	0.0	0.0	1.219
6135	0.0	0.0	1.111
6136	0.0	0.0	1.037
6137	0.0	0.0	1.078
6138	0.0	0.0	1.337
6139	0.0	0.0	1.492
6140	0.0	0.0	1.846
6141	0.0	0.0	1.896
6142	0.0	0.0	1.768
6143	0.0	0.0	1.064
6144	0.0	0.0	0.667
6145	0.0	0.0	0.461
6146	0.0	0.0	0.249
6147	0.0	0.0	0.098
6148	0.0	0.0	0.071
6149	0.0	0.0	0.212
6150	0.0	0.0	0.532
6151	0.0	0.0	1.438
6152	0.0	0.0	1.539
6153	0.0	0.0	1.546
6154	0.0	0.0	1.620
6155	0.0	0.0	1.546
6156	0.0	0.0	1.499
6157	0.0	0.0	1.388
6158	0.0	0.0	1.219
6159	0.0	0.0	1.111
6160	0.0	0.0	1.037
6161	0.0	0.0	1.078
6162	0.0	0.0	1.337
6163	0.0	0.0	1.492
6164	0.0	0.0	1.846
6165	0.0	0.0	1.896
6166	0.0	0.0	1.768
6167	0.0	0.0	1.064
6168	0.0	0.0	0.667
6169	0.0	0.0	0.461
6170	0.0	0.0	0.249
6171	0.0	0.0	0.098
6172	0.0	0.0	0.071
6173	0.0	0.0	0.212
6174	0.0	0.0	0.532
6175	0.0	0.0	1.438
6176	0.0	0.0	1.539
6177	0.0	0.0	1.546
6178	0.0	0.0	1.620
6179	0.0	0.0	1.546
6180	0.0	0.0	1.499
6181	0.0	0.0	1.388
6182	0.0	0.0	1.219
6183	0.0	0.0	1.111
6184	0.0	0.0	1.037
6185	0.0	0.0	1.078
6186	0.0	0.0	1.337
6187	0.0	0.0	1.492
6188	0.0	0.0	1.846
6189	0.0	0.0	1.896
6190	0.0	0.0	1.768
6191	0.0	0.0	1.064
6192	0.0	0.0	0.667
6193	0.0	0.0	0.461
6194	0.0	0.0	0.249
6195	0.0	0.0	0.098
6196	0.0	0.0	0.071
6197	0.0	0.0	0.212
6198	0.0	0.0	0.532
6199	0.0	0.0	1.438
6200	0.0	0.0	1.539
6201	0.0	0.0	1.546
6202	0.0	0.0	1.620
6203	0.0	0.0	1.546
6204	0.0	0.0	1.499
6205	0.0	0.0	1.388
6206	0.0	0.0	1.219
6207	0.0	0.0	1.111
6208	0.0	0.0	1.037
6209	0.0	0.0	1.078
6210	0.0	0.0	1.337
6211	0.0	0.0	1.492
6212	0.0	0.0	1.846
6213	0.0	0.0	1.896
6214	0.0	0.0	1.768
6215	0.0	0.0	1.064
6216	0.0	0.0	0.667
6217	0.0	0.0	0.461
6218	0.0	0.0	0.249
6219	0.0	0.0	0.098
6220	0.0	0.0	0.071
6221	0.0	0.0	0.212
6222	0.0	0.0	0.532
6223	0.0	0.0	1.438
6224	0.0	0.0	1.539
6225	0.0	0.0	1.546
6226	0.0	0.0	1.620
6227	0.0	0.0	1.546
6228	0.0	0.0	1.499
6229	0.0	0.0	1.388
6230	0.0	0.0	1.219
6231	0.0	0.0	1.111
6232	0.0	0.0	1.037
6233	0.0	0.0	1.078
6234	0.0	0.0	1.337
6235	0.0	0.0	1.492
6236	0.0	0.0	1.846
6237	0.0	0.0	1.896
6238	0.0	0.0	1.768
6239	0.0	0.0	1.064
6240	0.0	0.0	0.667
6241	0.0	0.0	0.461
6242	0.0	0.0	0.249
6243	0.0	0.0	0.098
6244	0.0	0.0	0.071
6245	0.0	0.0	0.212
6246	0.0	0.0	0.532
6247	0.0	0.0	1.438
6248	0.0	0.0	1.539
6249	0.0	0.0	1.546
6250	0.0	0.0	1.620
6251	0.0	0.0	1.546
6252	0.0	0.0	1.499
6253	0.0	0.0	1.388
6254	0.0	0.0	1.219
6255	0.0	0.0	1.111
6256	0.0	0.0	1.037
6257	0.0	0.0	1.078
6258	0.0	0.0	1.337
6259	0.0	0.0	1.492
6260	0.0	0.0	1.846
6261	0.0	0.0	1.896
6262	0.0	0.0	1.768
6263	0.0	0.0	1.064
6264	0.0	0.0	0.667
6265	0.0	0.0	0.461
6266	0.0	0.0	0.249
6267	0.0	0.0	0.098
6268	0.0	0.0	0.071
6269	0.0	0.0	0.212
6270	0.0	0.0	0.532
6271	0.0	0.0	1.438
6272	0.0	0.0	1.539
6273	0.0	0.0	1.546
6274	0.0	0.0	1.620
6275	0.0	0.0	1.546
6276	0.0	0.0	1.499
6277	0.0	0.0	1.388
6278	0.0	0.0	1.219
6279	0.0	0.0	1.111
6280	0.0	0.0	1.037
6281	0.0	0.0	1.078
6282	0.0	0.0	1.337
6283	0.0	0.0	1.492
6284	0.0	0.0	1.846
6285	0.0	0.0	1.896
6286	0.0	0.0	1.768
6287	0.0	0.0	1.064
6288	0.0	0.0	0.667
6289	0.0	0.0	0.461
6290	0.0	0.0	0.249
6291	0.0	0.0	0.098
6292	0.0	0.0	0.071
6293	0.0	0.0	0.212
6294	0.0	0.0	0.532
6295	0.0	0.0	1.438
6296	0.0	0.0	1.539
6297	0.0	0.0	1.546
6298	0.0	0.0	1.620
6299	0.0	0.0	1.546
6300	0.0	0.0	1.499
6301	0.0	0.0	1.388
6302	0.0	0.0	1.219
6303	0.0	0.0	1.111
6304	0.0	0.0	1.037
6305	0.0	0.0	1.078
6306	0.0	0.0	1.337
6307	0.0	0.0	1.492
6308	0.0	0.0	1.846
6309	0.0	0.0	1.896
6310	0.0	0.0	1.768
6311	0.0	0.0	1.064
6312	0.0	0.0	0.667
6313	0.0	0.0	0.461
6314	0.0	0.0	0.249
6315	0.0	0.0	0.098
6316	0.0	0.0	0.071
6317	0.0	0.0	0.212
6318	0.0	0.0	0.532
6319	0.0	0.0	1.438
6320	0.0	0.0	1.539
6321	0.0	0.0	1.546
6322	0.0	0.0	1.620
6323	0.0	0.0	1.546
6324	0.0	0.0	1.499
6325	0.0	0.0	1.388
6326	0.0	0.0	1.219
6327	0.0	0.0	1.111
6328	0.0	0.0	1.037
6329	0.0	0.0	1.078
6330	0.0	0.0	1.337
6331	0.0	0.0	1.492
6332	0.0	0.0	1.846
6333	0.0	0.0	1.896
6334	0.0	0.0	1.768
6335	0.0	0.0	1.064
6336	0.0	0.0	0.667
6337	0.0	0.0	0.461
6338	0.0	0.0	0.249
6339	0.0	0.0	0.098
6340	0.0	0.0	0.071
6341	0.0	0.0	0.212
6342	0.0	0.0	0.532
6343	0.0	0.0	1.438
6344	0.0	0.0	1.539
6345	0.0	0.0	1.546
6346	0.0	0.0	1.620
6347	0.0	0.0	1.546
6348	0.0	0.0	1.499
6349	0.0	0.0	1.388
6350	0.0	0.0	1.219
6351	0.0	0.0	1.111
6352	0.0	0.0	1.037
6353	0.0	0.0	1.078
6354	0.0	0.0	1.337
6355	0.0	0.0	1.492
6356	0.0	0.0	1.846
6357	0.0	0.0	1.896
6358	0.0	0.0	1.768
6359	0.0	0.0	1.064
6360	0.0	0.0	0.667
6361	0.0	0.0	0.461
6362	0.0	0.0	0.249
6363	0.0	0.0	0.098
6364	0.0	0.0	0.071
6365	0.0	0.0	0.212
6366	0.0	0.0	0.532
6367	0.0	0.0	1.438
6368	0.0	0.0	1.539
6369	0.0	0.0	1.546
6370	0.0	0.0	1.620
6371	0.0	0.0	1.546
6372	0.0	0.0	1.499
6373	0.0	0.0	1.388
6374	0.0	0.0	1.219
6375	0.0	0.0	1.111
6376	0.0	0.0	1.037
6377	0.0	0.0	1.078
6378	0.0	0.0	1.337
6379	0.0	0.0	1.492
6380	0.0	0.0	1.846
6381	0.0	0.0	1.896
6382	0.0	0.0	1.768
6383	0.0	0.0	1.064
6384	0.0	0.0	0.667
6385	0.0	0.0	0.461
6386	0.0	0.0	0.249
6387	0.0	0.0	0.098
6388	0.0	0.0	0.071
6389	0.0	0.0	0.212
6390	0.0	0.0	0.532
6391	0.0	0.0	1.438
6392	0.0	0.0	1.539
6393	0.0	0.0	1.546
6394	0.0	0.0	1.620
6395	0.0	0.0	1.546
6396	0.0	0.0	1.499
6397	0.0	0.0	1.388
6398	0.0	0.0	1.219
6399	0.0	0.0	1.111
6400	0.0	0.0	1.037
6401	0.0	0.0	1.078
6402	0.0	0.0	1.337
6403	0.0	0.0	1.492
6404	0.0	0.0	1.846
6405	0.0	0.0	1.896
6406	0.0	0.0	1.768
6407	0.0	0.0	1.064
6408	0.0	0.0	0.667
6409	0.0	0.0	0.461
6410	0.0	0.0	0.249
6411	0.0	0.0	0.098
6412	0.0	0.0	0.071
6413	0.0	0.0	0.212
6414	0.0	0.0	0.532
6415	0.0	0.0	1.438
6416	0.0	0.0	1.539
6417	0.0	0.0	1.546
6418	0.0	0.0	1.620
6419	0.0	0.0	1.546
6420	0.0	0.0	1.499
6421	0.0	0.0	1.388
6422	0.0	0.0	1.219
6423	0.0	0.0	1.111
6424	0.0	0.0	1.037
6425	0.0	0.0	1.078
6426	0.0	0.0	1.337
6427	0.0	0.0	1.492
6428	0.0	0.0	1.846
6429	0.0	0.0	1.896
6430	0.0	0.0	1.768
6431	0.0	0.0	1.064
6432	0.0	0.0	0.667
6433	0.0	0.0	0.461
6434	0.0	0.0	0.249
6435	0.0	0.0	0.098
6436	0.0	0.0	0.071
6437	0.0	0.0	0.212
6438	0.0	0.0	0.532
6439	0.0	0.0	1.438
6440	0.0	0.0	1.539
6441	0.0	0.0	1.546
6442	0.0	0.0	1.620
6443	0.0	0.0	1.546
6444	0.0	0.0	1.499
6445	0.0	0.0	1.388
6446	0.0	0.0	1.219
6447	0.0	0.0	1.111
6448	0.0	0.0	1.037
6449	0.0	0.0	1.078
6450	0.0	0.0	1.337
6451	0.0	0.0	1.492
6452	0.0	0.0	1.846
6453	0.0	0.0	1.896
6454	0.0	0.0	1.768
6455	0.0	0.0	1.064
6456	0.0	0.0	0.667
6457	0.0	0.0	0.461
6458	0.0	0.0	0.249
6459	0.0	0.0	0.098
6460	0.0	0.0	0.071
6461	0.0	0.0	0.212
6462	0.0	0.0	0.532
6463	0.0	0.0	1.438
6464	0.0	0.0	1.539
6465	0.0	0.0	1.546
6466	0.0	0.0	1.620
6467	0.0	0.0	1.546
6468	0.0	0.0	1.499
6469	0.0	0.0	1.388
6470	0.0	0.0	1.219
6471	0.0	0.0	1.111
6472	0.0	0.0	1.037
6473	0.0	0.0	1.078
6474	0.0	0.0	1.337
6475	0.0	0.0	1.492
6476	0.0	0.0	1.846
6477	0.0	0.0	1.896
6478	0.0	0.0	1.768
6479	0.0	0.0	1.064
6480	0.0	0.0	0.667
6481	0.0	0.0	0.461
6482	0.0	0.0	0.249
6483	0.0	0.0	0.098
6484	0.0	0.0	0.071
6485	0.0	0.0	0.212
6486	0.0	0.0	0.532
6487	0.0	0.0	1.438
6488	0.0	0.0	1.539
6489	0.0	0.0	1.546
6490	0.0	0.0	1.620
6491	0.0	0.0	1.546
6492	0.0	0.0	1.499
6493	0.0	0.0	1.388
6494	0.0	0.0	1.219
6495	0.0	0.0	1.111
6496	0.0	0.0	1.037
6497	0.0	0.0	1.078
6498	0.0	0.0	1.337
6499	0.0	0.0	1.492
6500	0.0	0.0	1.846
6501	0.0	0.0	1.896
6502	0.0	0.0	1.768
6503	0.0	0.0	1.064
6504	0.0	0.0	0.667
6505	0.0	0.0	0.461
6506	0.0	0.0	0.249
6507	0.0	0.0	0.098
6508	0.0	0.0	0.071
6509	0.0	0.0	0.212
6510	0.0	0.0	0.532
6511	0.0	0.0	1.438
6512	0.0	0.0	1.539
6513	0.0	0.0	1.546
6514	0.0	0.0	1.620
6515	0.0	0.0	1.546
6516	0.0	0.0	1.499
6517	0.0	0.0	1.388
6518	0.0	0.0	1.219
6519	0.0	0.0	1.111
6520	0.0	0.0	1.037
6521	0.0	0.0	1.078
6522	0.0	0.0	1.337
6523	0.0	0.0	1.492
6524	0.0	0.0	1.846
6525	0.0	0.0	1.896
6526	0.0	0.0	1.768
6527	0.0	0.0	1.064
6528	0.0	0.0	0.667
6529	0.0	0.0	0.461
6530	0.0	0.0	0.249
6531	0.0	0.0	0.098
6532	0.0	0.0	0.071
6533	0.0	0.0	0.212
6534	0.0	0.0	0.532
6535	0.0	0.0	1.438
6536	0.0	0.0	1.539
6537	0.0	0.0	1.546
6538	0.0	0.0	1.620
6539	0.0	0.0	1.546
6540	0.0	0.0	1.499
6541	0.0	0.0	1.388
6542	0.0	0.0	1.219
6543	0.0	0.0	1.111
6544	0.0	0.0	1.037
6545	0.0	0.0	1.078
6546	0.0	0.0	1.337
6547	0.0	0.0	1.492
6548	0.0	0.0	1.846
6549	0.0	0.0	1.896
6550	0.0	0.0	1.768
6551	0.0	0.0	1.064
6552	0.0	0.0	0.667
6553	0.0	0.0	0.461
6554	0.0	0.0	0.249
6555	0.0	0.0	0.098
6556	0.0	0.0	0.071
6557	0.0	0.0	0.212
6558	0.0	0.0	0.532
6559	0.0	0.0	1.438
6560	0.0	0.0	1.539
6561	0.0	0.0	1.546
6562	0.0	0.0	1.620
6563	0.0	0.0	1.546
6564	0.0	0.0	1.499
6565	0.0	0.0	1.388
6566	0.0	0.0	1.219
6567	0.0	0.0	1.111
6568	0.0	0.0	1.037
6569	0.0	0.0	1.078
6570	0.0	0.0	1.337
6571	0.0	0.0	1.492
6572	0.0	0.0	1.846
6573	0.0	0.0	1.896
6574	0.0	0.0	1.768
6575	0.0	0.0	1.064
6576	0.0	0.0	0.667
6577	0.0	0.0	0.461
6578	0.3	0.0	0.249
6579	0.3	0.0	0.098
6580	0.4	0.0	0.071
6581	0.7	0.0	0.212
6582	1.0	0.0	0.532
6583	1.1	0.0	1.438
6584	3.3	0.0	1.539
6585	3.3	0.0	1.546
6586	3.0	0.0	1.620
6587	3.0	0.0	1.546
6588	2.9	0.0	1.499
6589	2.7	0.0	1.388
6590	2.8	0.0	1.219
6591	2.5	0.0	1.111
6592	2.6	0.0	1.037
6593	2.9	0.0	1.078
6594	3.8	0.0	1.337
6595	4.3	0.0	1.492
6596	4.6	0.0	1.846
6597	5.0	0.0	1.896
6598	5.6	0.0	1.768
6599	5.8	0.0	1.064
6600	6.1	0.0	0.667
6601	4.2	0.0	0.461
6602	4.5	0.0	0.249
6603	4.5	0.0	0.098
6604	4.6	0.0	0.071
6605	4.5	0.0	0.212
6606	4.7	0.0	0.532
6607	5.0	0.0	1.438
6608	7.3	0.0	1.539
6609	7.0	0.0	1.546
6610	6.4	0.0	1.620
6611	6.1	0.0	1.546
6612	5.4	0.0	1.499
6613	5.3	0.0	1.388
6614	5.3	0.0	1.219
6615	5.4	0.0	1.111
6616	5.6	0.0	1.037
6617	5.8	0.0	1.078
6618	6.1	0.0	1.337
6619	6.4	0.0	1.492
6620	6.9	0.0	1.846
6621	7.3	0.0	1.896
6622	7.8	0.0	1.768
6623	7.6	0.0	1.064
6624	7.8	0.0	0.667
6625	5.9	0.0	0.461
6626	5.9	0.0	0.249
6627	6.0	0.0	0.098
6628	5.8	0.0	0.071
6629	5.9	0.0	0.212
6630	5.9	0.0	0.532
6631	6.0	0.0	1.438
6632	7.7	0.0	1.539
6633	7.7	0.0	1.546
6634	7.4	0.0	1.620
6635	6.9	0.0	1.546
6636	6.2	0.0	1.499
6637	5.7	0.0	1.388
6638	5.3	0.0	1.219
6639	5.0	0.0	1.111
6640	5.0	0.0	1.037
6641	5.5	0.0	1.078
6642	6.1	0.0	1.337
6643	6.7	0.0	1.492
6644	7.3	0.0	1.846
6645	7.5	0.0	1.896
6646	7.6	0.0	1.768
6647	7.8	0.0	1.064
6648	7.8	0.0	0.667
6649	6.0	0.0	0.461
6650	6.1	0.0	0.249
6651	6.1	0.0	0.098
6652	6.1	0.0	0.071
6653	6.0	0.0	0.212
6654	6.1	0.0	0.532
6655	5.7	0.0	1.438
6656	7.5	0.0	1.539
6657	7.2	0.0	1.546
6658	6.2	0.0	1.620
6659	5.5	0.0	1.546
6660	4.8	0.0	1.499
6661	4.6	0.0	1.388
6662	3.9	0.0	1.219
6663	3.7	0.0	1.111
6664	3.7	0.0	1.037
6665	4.1	0.0	1.078
6666	4.8	0.0	1.337
6667	5.7	0.0	1.492
6668	6.2	0.0	1.846
6669	7.0	0.0	1.896
6670	7.0	0.0	1.768
6671	7.3	0.0	1.064
6672	7.7	0.0	0.667
6673	5.7	0.0	0.461
6674	5.7	0.0	0.249
6675	5.6	0.0	0.098
6676	5.8	0.0	0.071
6677	6.1	0.0	0.212
6678	6.1	0.0	0.532
6679	6.2	0.0	1.438
6680	7.8	0.0	1.539
6681	7.6	0.0	1.546
6682	7.2	0.0	1.620
6683	6.5	0.0	1.546
6684	5.7	0.0	1.499
6685	4.8	0.0	1.388
6686	4.3	0.0	1.219
6687	4.0	0.0	1.111
6688	4.3	0.0	1.037
6689	4.1	0.0	1.078
6690	4.7	0.0	1.337
6691	5.3	0.0	1.492
6692	5.6	0.0	1.846
6693	5.8	0.0	1.896
6694	5.5	0.0	1.768
6695	6.0	0.0	1.064
6696	6.2	0.0	0.667
6697	4.3	0.0	0.461
6698	4.5	0.0	0.249
6699	4.6	0.0	0.098
6700	4.8	0.0	0.071
6701	5.0	0.0	0.212
6702	5.2	0.0	0.532
6703	5.1	0.0	1.438
6704	7.1	0.0	1.539
6705	6.9	0.0	1.546
6706	6.3	0.0	1.620
6707	5.8	0.0	1.546
6708	5.4	0.0	1.499
6709	5.3	0.0	1.388
6710	4.9	0.0	1.219
6711	5.0	0.0	1.111
6712	5.0	0.0	1.037
6713	5.4	0.0	1.078
6714	6.1	0.0	1.337
6715	6.8	0.0	1.492
6716	7.4	0.0	1.846
6717	7.4	0.0	1.896
6718	7.8	0.0	1.768
6719	8.2	0.0	1.064
6720	8.4	0.0	0.667
6721	6.5	0.0	0.461
6722	6.5	0.0	0.249
6723	6.5	0.0	0.098
6724	6.4	0.0	0.071
6725	6.6	0.0	0.212
6726	6.9	0.0	0.532
6727	6.9	0.0	1.438
6728	9.0	0.0	1.539
6729	8.5	0.0	1.546
6730	7.7	0.0	1.620
6731	7.2	0.0	1.546
6732	6.6	0.0	1.499
6733	6.0	0.0	1.388
6734	5.6	0.0	1.219
6735	5.1	0.0	1.111
6736	5.5	0.0	1.037
6737	5.4	0.0	1.078
6738	5.8	0.0	1.337
6739	6.2	0.0	1.492
6740	6.6	0.0	1.846
6741	6.8	0.0	1.896
6742	6.9	0.0	1.768
6743	7.1	0.0	1.064
6744	7.1	0.0	0.667
6745	5.1	0.0	0.461
6746	5.1	0.0	0.249
6747	5.0	0.0	0.098
6748	5.0	0.0	0.071
6749	5.0	0.0	0.212
6750	5.0	0.0	0.532
6751	5.2	0.0	1.438
6752	7.3	0.0	1.539
6753	6.9	0.0	1.546
6754	6.4	0.0	1.620
6755	5.6	0.0	1.546
6756	5.1	0.0	1.499
6757	4.5	0.0	1.388
6758	4.2	0.0	1.219
6759	3.9	0.0	1.111
6760	3.8	0.0	1.037
6761	3.9	0.0	1.078
6762	4.4	0.0	1.337
6763	5.0	0.0	1.492
6764	5.1	0.0	1.846
6765	5.4	0.0	1.896
6766	5.7	0.0	1.768
6767	6.1	0.0	1.064
6768	6.5	0.0	0.667
6769	4.7	0.0	0.461
6770	5.1	0.0	0.249
6771	5.2	0.0	0.098
6772	5.4	0.0	0.071
6773	5.7	0.0	0.212
6774	6.0	0.0	0.532
6775	6.1	0.0	1.438
6776	8.0	0.0	1.539
6777	7.6	0.0	1.546
6778	7.0	0.0	1.620
6779	6.1	0.0	1.546
6780	5.5	0.0	1.499
6781	5.0	0.0	1.388
6782	4.4	0.0	1.219
6783	4.1	0.0	1.111
6784	4.2	0.0	1.037
6785	4.8	0.0	1.078
6786	5.1	0.0	1.337
6787	6.1	0.0	1.492
6788	6.1	0.0	1.846
6789	6.4	0.0	1.896
6790	6.7	0.0	1.768
6791	6.9	0.0	1.064
6792	7.0	0.0	0.667
6793	5.1	0.0	0.461
6794	5.1	0.0	0.249
6795	4.9	0.0	0.098
6796	4.9	0.0	0.071
6797	4.8	0.0	0.212
6798	4.6	0.0	0.532
6799	4.9	0.0	1.438
6800	6.9	0.0	1.539
6801	6.6	0.0	1.546
6802	5.8	0.0	1.620
6803	5.4	0.0	1.546
6804	4.8	0.0	1.499
6805	4.5	0.0	1.388
6806	4.3	0.0	1.219
6807	4.1	0.0	1.111
6808	3.7	0.0	1.037
6809	3.9	0.0	1.078
6810	4.2	0.0	1.337
6811	4.9	0.0	1.492
6812	5.0	0.0	1.846
6813	5.1	0.0	1.896
6814	5.2	0.0	1.768
6815	5.5	0.0	1.064
6816	5.6	0.0	0.667
6817	3.7	0.0	0.461
6818	3.7	0.0	0.249
6819	3.8	0.0	0.098
6820	4.0	0.0	0.071
6821	3.7	0.0	0.212
6822	3.7	0.0	0.532
6823	3.7	0.0	1.438
6824	5.8	0.0	1.539
6825	5.8	0.0	1.546
6826	5.6	0.0	1.620
6827	5.1	0.0	1.546
6828	4.4	0.0	1.499
6829	4.2	0.0	1.388
6830	4.1	0.0	1.219
6831	3.5	0.0	1.111
6832	3.6	0.0	1.037
6833	3.7	0.0	1.078
6834	3.6	0.0	1.337
6835	3.8	0.0	1.492
6836	3.8	0.0	1.846
6837	4.1	0.0	1.896
6838	4.3	0.0	1.768
6839	4.3	0.0	1.064
6840	4.6	0.0	0.667
6841	2.8	0.0	0.461
6842	2.6	0.0	0.249
6843	2.8	0.0	0.098
6844	2.8	0.0	0.071
6845	2.8	0.0	0.212
6846	2.5	0.0	0.532
6847	2.4	0.0	1.438
6848	4.4	0.0	1.539
6849	3.9	0.0	1.546
6850	3.5	0.0	1.620
6851	3.1	0.0	1.546
6852	2.5	0.0	1.499
6853	2.4	0.0	1.388
6854	2.2	0.0	1.219
6855	2.3	0.0	1.111
6856	2.3	0.0	1.037
6857	2.2	0.0	1.078
6858	2.2	0.0	1.337
6859	2.1	0.0	1.492
6860	2.2	0.0	1.846
6861	2.1	0.0	1.896
6862	2.1	0.0	1.768
6863	2.1	0.0	1.064
6864	2.0	0.0	0.667
6865	0.0	0.0	0.461
6866	0.0	0.0	0.249
6867	0.0	0.0	0.098
6868	0.0	0.0	0.071
6869	0.0	0.0	0.212
6870	0.0	0.0	0.532
6871	0.0	0.0	1.438
6872	0.0	0.0	1.539
6873	0.0	0.0	1.546
6874	0.0	0.0	1.620
6875	0.0	0.0	1.546
6876	0.0	0.0	1.499
6877	0.0	0.0	1.388
6878	0.0	0.0	1.219
6879	0.0	0.0	1.111
6880	0.0	0.0	1.037
6881	0.0	0.0	1.078
6882	0.0	0.0	1.337
6883	0.0	0.0	1.492
6884	0.0	0.0	1.846
6885	0.0	0.0	1.896
6886	0.0	0.0	1.768
6887	0.0	0.0	1.064
6888	0.0	0.0	0.667
6889	1.6	0.0	0.461
6890	1.5	0.0	0.249
6891	1.6	0.0	0.098
6892	1.9	0.0	0.071
6893	2.3	0.0	0.212
6894	2.1	0.0	0.532
6895	2.5	0.0	1.438
6896	4.0	0.0	1.539
6897	3.7	0.0	1.546
6898	3.1	0.0	1.620
6899	2.6	0.0	1.546
6900	1.8	0.0	1.499
6901	1.3	0.0	1.388
6902	0.8	0.0	1.219
6903	0.5	0.0	1.111
6904	0.6	0.0	1.037
6905	1.1	0.0	1.078
6906	1.5	0.0	1.337
6907	2.1	0.0	1.492
6908	2.8	0.0	1.846
6909	3.0	0.0	1.896
6910	3.6	0.0	1.768
6911	3.9	0.0	1.064
6912	4.3	0.0	0.667
6913	2.2	0.0	0.461
6914	2.4	0.0	0.249
6915	2.5	0.0	0.098
6916	2.7	0.0	0.071
6917	2.6	0.0	0.212
6918	2.5	0.0	0.532
6919	2.3	0.0	1.438
6920	4.2	0.0	1.539
6921	3.6	0.0	1.546
6922	3.3	0.0	1.620
6923	3.0	0.0	1.546
6924	2.2	0.0	1.499
6925	1.5	0.0	1.388
6926	1.1	0.0	1.219
6927	1.1	0.0	1.111
6928	0.7	0.0	1.037
6929	0.8	0.0	1.078
6930	1.3	0.0	1.337
6931	1.8	0.0	1.492
6932	1.8	0.0	1.846
6933	1.8	0.0	1.896
6934	2.1	0.0	1.768
6935	2.1	0.0	1.064
6936	2.0	0.0	0.667
6937	0.4	0.0	0.461
6938	0.7	0.0	0.249
6939	0.7	0.0	0.098
6940	0.8	0.0	0.071
6941	0.9	0.0	0.212
6942	1.1	0.0	0.532
6943	1.1	0.0	1.438
6944	3.1	0.0	1.539
6945	2.8	0.0	1.546
6946	2.2	0.0	1.620
6947	1.5	0.0	1.546
6948	0.9	0.0	1.499
6949	0.8	0.0	1.388
6950	0.7	0.0	1.219
6951	0.8	0.0	1.111
6952	0.7	0.0	1.037
6953	1.1	0.0	1.078
6954	1.3	0.0	1.337
6955	1.9	0.0	1.492
6956	2.3	0.0	1.846
6957	2.7	0.0	1.896
6958	3.1	0.0	1.768
6959	3.3	0.0	1.064
6960	3.8	0.0	0.667
6961	1.9	0.0	0.461
6962	2.2	0.0	0.249
6963	2.5	0.0	0.098
6964	3.0	0.0	0.071
6965	3.2	0.0	0.212
6966	3.4	0.0	0.532
6967	3.7	0.0	1.438
6968	5.7	0.0	1.539
6969	5.8	0.0	1.546
6970	5.6	0.0	1.620
6971	4.8	0.0	1.546
6972	4.2	0.0	1.499
6973	3.9	0.0	1.388
6974	3.6	0.0	1.219
6975	4.0	0.0	1.111
6976	4.1	0.0	1.037
6977	4.2	0.0	1.078
6978	4.9	0.0	1.337
6979	5.7	0.0	1.492
6980	6.1	0.0	1.846
6981	6.5	0.0	1.896
6982	7.0	0.0	1.768
6983	7.3	0.0	1.064
6984	7.7	0.0	0.667
6985	6.0	0.0	0.461
6986	6.2	0.0	0.249
6987	6.4	0.0	0.098
6988	6.6	0.0	0.071
6989	6.9	0.0	0.212
6990	6.5	0.0	0.532
6991	6.3	0.0	1.438
6992	8.0	0.0	1.539
6993	7.6	0.0	1.546
6994	7.1	0.0	1.620
6995	6.4	0.0	1.546
6996	5.4	0.0	1.499
6997	5.2	0.0	1.388
6998	4.5	0.0	1.219
6999	4.2	0.0	1.111
7000	4.5	0.0	1.037
7001	4.5	0.0	1.078
7002	5.0	0.0	1.337
7003	5.7	0.0	1.492
7004	6.2	0.0	1.846
7005	6.5	0.0	1.896
7006	6.7	0.0	1.768
7007	7.1	0.0	1.064
7008	7.4	0.0	0.667
7009	5.7	0.0	0.461
7010	5.6	0.0	0.249
7011	6.0	0.0	0.098
7012	6.2	0.0	0.071
7013	6.5	0.0	0.212
7014	6.7	0.0	0.532
7015	7.1	0.0	1.438
7016	9.0	0.0	1.539
7017	8.7	0.0	1.546
7018	8.1	0.0	1.620
7019	7.4	0.0	1.546
7020	6.9	0.0	1.499
7021	6.1	0.0	1.388
7022	5.7	0.0	1.219
7023	5.5	0.0	1.111
7024	5.7	0.0	1.037
7025	6.0	0.0	1.078
7026	6.5	0.0	1.337
7027	6.9	0.0	1.492
7028	7.1	0.0	1.846
7029	6.9	0.0	1.896
7030	7.1	0.0	1.768
7031	7.6	0.0	1.064
7032	7.8	0.0	0.667
7033	5.4	0.0	0.461
7034	5.6	0.0	0.249
7035	5.7	0.0	0.098
7036	5.7	0.0	0.071
7037	5.8	0.0	0.212
7038	5.9	0.0	0.532
7039	5.7	0.0	1.438
7040	7.3	0.0	1.539
7041	6.9	0.0	1.546
7042	6.7	0.0	1.620
7043	6.2	0.0	1.546
7044	5.2	0.0	1.499
7045	5.0	0.0	1.388
7046	5.1	0.0	1.219
7047	4.8	0.0	1.111
7048	4.6	0.0	1.037
7049	4.7	0.0	1.078
7050	5.3	0.0	1.337
7051	5.8	0.0	1.492
7052	6.1	0.0	1.846
7053	6.5	0.0	1.896
7054	6.7	0.0	1.768
7055	7.1	0.0	1.064
7056	7.2	0.0	0.667
7057	5.0	0.0	0.461
7058	5.2	0.0	0.249
7059	5.7	0.0	0.098
7060	5.9	0.0	0.071
7061	5.7	0.0	0.212
7062	5.7	0.0	0.532
7063	5.5	0.0	1.438
7064	7.2	0.0	1.539
7065	6.9	0.0	1.546
7066	6.5	0.0	1.620
7067	6.1	0.0	1.546
7068	5.4	0.0	1.499
7069	5.1	0.0	1.388
7070	4.8	0.0	1.219
7071	4.8	0.0	1.111
7072	4.7	0.0	1.037
7073	5.2	0.0	1.078
7074	5.3	0.0	1.337
7075	6.0	0.0	1.492
7076	6.4	0.0	1.846
7077	6.8	0.0	1.896
7078	6.7	0.0	1.768
7079	7.4	0.0	1.064
7080	7.5	0.0	0.667
7081	5.7	0.0	0.461
7082	5.7	0.0	0.249
7083	6.0	0.0	0.098
7084	5.8	0.0	0.071
7085	5.7	0.0	0.212
7086	5.7	0.0	0.532
7087	5.9	0.0	1.438
7088	7.4	0.0	1.539
7089	6.7	0.0	1.546
7090	6.2	0.0	1.620
7091	5.4	0.0	1.546
7092	4.9	0.0	1.499
7093	4.4	0.0	1.388
7094	4.2	0.0	1.219
7095	3.9	0.0	1.111
7096	4.1	0.0	1.037
7097	4.2	0.0	1.078
7098	4.3	0.0	1.337
7099	4.6	0.0	1.492
7100	4.9	0.0	1.846
7101	5.0	0.0	1.896
7102	5.5	0.0	1.768
7103	5.5	0.0	1.064
7104	5.6	0.0	0.667
7105	3.6	0.0	0.461
7106	3.6	0.0	0.249
7107	4.0	0.0	0.098
7108	4.1	0.0	0.071
7109	4.2	0.0	0.212
7110	4.1	0.0	0.532
7111	4.1	0.0	1.438
7112	6.5	0.0	1.539
7113	6.1	0.0	1.546
7114	5.5	0.0	1.620
7115	4.9	0.0	1.546
7116	4.2	0.0	1.499
7117	3.8	0.0	1.388
7118	3.9	0.0	1.219
7119	4.1	0.0	1.111
7120	4.3	0.0	1.037
7121	4.7	0.0	1.078
7122	5.4	0.0	1.337
7123	5.8	0.0	1.492
7124	5.8	0.0	1.846
7125	6.0	0.0	1.896
7126	5.9	0.0	1.768
7127	5.8	0.0	1.064
7128	6.1	0.0	0.667
7129	4.2	0.0	0.461
7130	4.5	0.0	0.249
7131	4.5	0.0	0.098
7132	4.6	0.0	0.071
7133	4.3	0.0	0.212
7134	4.2	0.0	0.532
7135	4.0	0.0	1.438
7136	6.0	0.0	1.539
7137	5.6	0.0	1.546
7138	5.0	0.0	1.620
7139	4.4	0.0	1.546
7140	4.1	0.0	1.499
7141	3.1	0.0	1.388
7142	2.8	0.0	1.219
7143	2.8	0.0	1.111
7144	2.9	0.0	1.037
7145	3.6	0.0	1.078
7146	3.6	0.0	1.337
7147	4.2	0.0	1.492
7148	4.6	0.0	1.846
7149	4.7	0.0	1.896
7150	4.8	0.0	1.768
7151	5.1	0.0	1.064
7152	5.2	0.0	0.667
7153	3.6	0.0	0.461
7154	3.9	0.0	0.249
7155	4.0	0.0	0.098
7156	4.2	0.0	0.071
7157	4.2	0.0	0.212
7158	4.1	0.0	0.532
7159	4.0	0.0	1.438
7160	5.3	0.0	1.539
7161	4.9	0.0	1.546
7162	4.0	0.0	1.620
7163	3.4	0.0	1.546
7164	2.8	0.0	1.499
7165	2.2	0.0	1.388
7166	1.9	0.0	1.219
7167	2.0	0.0	1.111
7168	2.0	0.0	1.037
7169	2.2	0.0	1.078
7170	2.9	0.0	1.337
7171	3.3	0.0	1.492
7172	3.5	0.0	1.846
7173	3.8	0.0	1.896
7174	4.1	0.0	1.768
7175	4.2	0.0	1.064
7176	4.7	0.0	0.667
7177	2.9	0.0	0.461
7178	2.8	0.0	0.249
7179	2.6	0.0	0.098
7180	2.6	0.0	0.071
7181	2.4	0.0	0.212
7182	2.1	0.0	0.532
7183	2.1	0.0	1.438
7184	3.9	0.0	1.539
7185	3.7	0.0	1.546
7186	3.0	0.0	1.620
7187	2.3	0.0	1.546
7188	1.6	0.0	1.499
7189	0.6	0.0	1.388
7190	0.0	0.0	1.219
7191	0.0	0.0	1.111
7192	0.0	0.0	1.037
7193	0.1	0.0	1.078
7194	0.4	0.0	1.337
7195	0.9	0.0	1.492
7196	1.2	0.0	1.846
7197	1.4	0.0	1.896
7198	1.7	0.0	1.768
7199	2.2	0.0	1.064
7200	2.2	0.0	0.667
7201	0.4	0.0	0.461
7202	0.9	0.0	0.249
7203	0.9	0.0	0.098
7204	1.1	0.0	0.071
7205	1.1	0.0	0.212
7206	1.4	0.0	0.532
7207	1.7	0.0	1.438
7208	4.0	0.0	1.539
7209	3.3	0.0	1.546
7210	3.1	0.0	1.620
7211	2.7	0.0	1.546
7212	2.1	0.0	1.499
7213	1.7	0.0	1.388
7214	1.5	0.0	1.219
7215	1.0	0.0	1.111
7216	0.7	0.0	1.037
7217	1.0	0.0	1.078
7218	1.6	0.0	1.337
7219	2.4	0.0	1.492
7220	3.1	0.0	1.846
7221	3.2	0.0	1.896
7222	3.2	0.0	1.768
7223	3.7	0.0	1.064
7224	3.9	0.0	0.667
7225	2.5	0.0	0.461
7226	2.5	0.0	0.249
7227	2.4	0.0	0.098
7228	2.4	0.0	0.071
7229	2.4	0.0	0.212
7230	2.5	0.0	0.532
7231	2.3	0.0	1.438
7232	4.1	0.0	1.539
7233	3.7	0.0	1.546
7234	3.2	0.0	1.620
7235	3.0	0.0	1.546
7236	2.2	0.0	1.499
7237	1.9	0.0	1.388
7238	1.8	0.0	1.219
7239	1.8	0.0	1.111
7240	1.7	0.0	1.037
7241	1.6	0.0	1.078
7242	1.6	0.0	1.337
7243	1.9	0.0	1.492
7244	2.3	0.0	1.846
7245	2.0	0.0	1.896
7246	2.1	0.0	1.768
7247	2.3	0.0	1.064
7248	2.4	0.0	0.667
7249	0.4	0.0	0.461
7250	0.6	0.0	0.249
7251	0.7	0.0	0.098
7252	0.9	0.0	0.071
7253	1.1	0.0	0.212
7254	1.0	0.0	0.532
7255	1.1	0.0	1.438
7256	3.0	0.0	1.539
7257	3.0	0.0	1.546
7258	2.9	0.0	1.620
7259	2.4	0.0	1.546
7260	2.1	0.0	1.499
7261	1.5	0.0	1.388
7262	1.7	0.0	1.219
7263	1.7	0.0	1.111
7264	1.7	0.0	1.037
7265	2.2	0.0	1.078
7266	2.7	0.0	1.337
7267	2.6	0.0	1.492
7268	2.8	0.0	1.846
7269	3.3	0.0	1.896
7270	3.4	0.0	1.768
7271	3.3	0.0	1.064
7272	3.7	0.0	0.667
7273	1.8	0.0	0.461
7274	1.8	0.0	0.249
7275	1.5	0.0	0.098
7276	1.5	0.0	0.071
7277	1.3	0.0	0.212
7278	1.7	0.0	0.532
7279	1.5	0.0	1.438
7280	3.4	0.0	1.539
7281	3.4	0.0	1.546
7282	3.3	0.0	1.620
7283	3.4	0.0	1.546
7284	3.3	0.0	1.499
7285	3.5	0.0	1.388
7286	3.3	0.0	1.219
7287	3.4	0.0	1.111
7288	3.2	0.0	1.037
7289	3.0	0.0	1.078
7290	3.3	0.0	1.337
7291	3.5	0.0	1.492
7292	3.6	0.0	1.846
7293	3.4	0.0	1.896
7294	3.6	0.0	1.768
7295	3.5	0.0	1.064
7296	3.6	0.0	0.667
7297	2.4	0.0	0.461
7298	3.1	0.0	0.249
7299	3.7	0.0	0.098
7300	3.8	0.0	0.071
7301	4.4	0.0	0.212
7302	5.0	0.0	0.532
7303	5.4	0.0	1.438
7304	8.9	0.0	1.539
7305	8.8	0.0	1.546
7306	9.4	0.0	1.620
7307	9.2	0.0	1.546
7308	8.8	0.0	1.499
7309	8.7	0.0	1.388
7310	8.7	0.0	1.219
7311	9.1	0.0	1.111
7312	9.1	0.0	1.037
7313	9.6	0.0	1.078
7314	10.7	0.0	1.337
7315	11.7	0.0	1.492
7316	11.2	0.0	1.846
7317	11.3	0.0	1.896
7318	11.6	0.0	1.768
7319	12.0	0.0	1.064
7320	12.6	0.0	0.667
7321	9.7	0.0	0.461
7322	9.9	0.0	0.249
7323	10.2	0.0	0.098
7324	10.5	0.0	0.071
7325	10.2	0.0	0.212
7326	9.8	0.0	0.532
7327	10.0	0.0	1.438
7328	13.0	0.0	1.539
7329	12.3	0.0	1.546
7330	11.4	0.0	1.620
7331	10.3	0.0	1.546
7332	9.1	0.0	1.499
7333	8.8	0.0	1.388
7334	8.0	0.0	1.219
7335	7.6	0.0	1.111
7336	7.6	0.0	1.037
7337	7.7	0.0	1.078
7338	8.3	0.0	1.337
7339	8.3	0.0	1.492
7340	8.6	0.0	1.846
7341	9.0	0.0	1.896
7342	9.0	0.0	1.768
7343	9.7	0.0	1.064
7344	9.7	0.0	0.667
7345	6.7	0.0	0.461
7346	6.6	0.0	0.249
7347	6.9	0.0	0.098
7348	6.9	0.0	0.071
7349	6.7	0.0	0.212
7350	7.0	0.0	0.532
7351	7.0	0.0	1.438
7352	9.8	0.0	1.539
7353	9.6	0.0	1.546
7354	9.2	0.0	1.620
7355	8.9	0.0	1.546
7356	8.3	0.0	1.499
7357	7.8	0.0	1.388
7358	7.4	0.0	1.219
7359	6.9	0.0	1.111
7360	6.8	0.0	1.037
7361	7.0	0.0	1.078
7362	6.9	0.0	1.337
7363	6.6	0.0	1.492
7364	6.3	0.0	1.846
7365	6.6	0.0	1.896
7366	6.6	0.0	1.768
7367	6.5	0.0	1.064
7368	6.0	0.0	0.667
7369	2.1	0.0	0.461
7370	2.2	0.0	0.249
7371	2.5	0.0	0.098
7372	2.8	0.0	0.071
7373	3.7	0.0	0.212
7374	4.2	0.0	0.532
7375	3.7	0.0	1.438
7376	6.9	0.0	1.539
7377	7.1	0.0	1.546
7378	6.5	0.0	1.620
7379	5.5	0.0	1.546
7380	4.5	0.0	1.499
7381	3.7	0.0	1.388
7382	2.9	0.0	1.219
7383	3.1	0.0	1.111
7384	3.2	0.0	1.037
7385	3.6	0.0	1.078
7386	4.4	0.0	1.337
7387	5.2	0.0	1.492
7388	5.0	0.0	1.846
7389	4.9	0.0	1.896
7390	5.1	0.0	1.768
7391	5.4	0.0	1.064
7392	6.0	0.0	0.667
7393	2.5	0.0	0.461
7394	2.7	0.0	0.249
7395	2.5	0.0	0.098
7396	2.6	0.0	0.071
7397	2.8	0.0	0.212
7398	2.9	0.0	0.532
7399	2.4	0.0	1.438
7400	5.5	0.0	1.539
7401	5.6	0.0	1.546
7402	5.5	0.0	1.620
7403	5.6	0.0	1.546
7404	5.1	0.0	1.499
7405	4.1	0.0	1.388
7406	3.6	0.0	1.219
7407	3.5	0.0	1.111
7408	4.0	0.0	1.037
7409	4.6	0.0	1.078
7410	5.0	0.0	1.337
7411	5.3	0.0	1.492
7412	5.5	0.0	1.846
7413	5.5	0.0	1.896
7414	5.4	0.0	1.768
7415	5.2	0.0	1.064
7416	4.8	0.0	0.667
7417	1.0	0.0	0.461
7418	1.5	0.0	0.249
7419	2.1	0.0	0.098
7420	2.0	0.0	0.071
7421	2.3	0.0	0.212
7422	2.8	0.0	0.532
7423	2.2	0.0	1.438
7424	5.3	0.0	1.539
7425	5.1	0.0	1.546
7426	5.0	0.0	1.620
7427	5.0	0.0	1.546
7428	5.3	0.0	1.499
7429	4.4	0.0	1.388
7430	4.4	0.0	1.219
7431	4.3	0.0	1.111
7432	4.7	0.0	1.037
7433	5.4	0.0	1.078
7434	5.7	0.0	1.337
7435	6.0	0.0	1.492
7436	6.8	0.0	1.846
7437	7.7	0.0	1.896
7438	7.9	0.0	1.768
7439	7.8	0.0	1.064
7440	8.4	0.0	0.667
7441	5.5	0.0	0.461
7442	5.9	0.0	0.249
7443	6.3	0.0	0.098
7444	7.0	0.0	0.071
7445	7.6	0.0	0.212
7446	8.5	0.0	0.532
7447	9.0	0.0	1.438
7448	12.0	0.0	1.539
7449	12.2	0.0	1.546
7450	11.6	0.0	1.620
7451	10.6	0.0	1.546
7452	9.7	0.0	1.499
7453	9.3	0.0	1.388
7454	8.5	0.0	1.219
7455	8.5	0.0	1.111
7456	9.0	0.0	1.037
7457	9.9	0.0	1.078
7458	11.3	0.0	1.337
7459	11.6	0.0	1.492
7460	12.1	0.0	1.846
7461	12.7	0.0	1.896
7462	13.9	0.0	1.768
7463	14.5	0.0	1.064
7464	14.9	0.0	0.667
7465	12.2	0.0	0.461
7466	12.5	0.0	0.249
7467	12.8	0.0	0.098
7468	12.9	0.0	0.071
7469	13.2	0.0	0.212
7470	13.2	0.0	0.532
7471	13.1	0.0	1.438
7472	16.3	0.0	1.539
7473	16.2	0.0	1.546
7474	16.1	0.0	1.620
7475	15.8	0.0	1.546
7476	15.6	0.0	1.499
7477	14.7	0.0	1.388
7478	14.6	0.0	1.219
7479	14.4	0.0	1.111
7480	14.3	0.0	1.037
7481	14.4	0.0	1.078
7482	14.6	0.0	1.337
7483	14.6	0.0	1.492
7484	14.9	0.0	1.846
7485	14.7	0.0	1.896
7486	14.6	0.0	1.768
7487	14.9	0.0	1.064
7488	15.2	0.0	0.667
7489	11.8	0.0	0.461
7490	12.0	0.0	0.249
7491	11.9	0.0	0.098
7492	12.4	0.0	0.071
7493	12.2	0.0	0.212
7494	11.8	0.0	0.532
7495	11.7	0.0	1.438
7496	15.6	0.0	1.539
7497	15.7	0.0	1.546
7498	14.4	0.0	1.620
7499	13.9	0.0	1.546
7500	12.4	0.0	1.499
7501	11.8	0.0	1.388
7502	11.6	0.0	1.219
7503	11.5	0.0	1.111
7504	11.9	0.0	1.037
7505	12.5	0.0	1.078
7506	13.1	0.0	1.337
7507	13.8	0.0	1.492
7508	14.4	0.0	1.846
7509	15.2	0.0	1.896
7510	15.6	0.0	1.768
7511	15.7	0.0	1.064
7512	16.2	0.0	0.667
7513	13.3	0.0	0.461
7514	12.8	0.0	0.249
7515	12.7	0.0	0.098
7516	12.6	0.0	0.071
7517	12.9	0.0	0.212
7518	12.6	0.0	0.532
7519	12.7	0.0	1.438
7520	15.9	0.0	1.539
7521	15.7	0.0	1.546
7522	15.2	0.0	1.620
7523	14.9	0.0	1.546
7524	14.6	0.0	1.499
7525	14.5	0.0	1.388
7526	14.1	0.0	1.219
7527	13.5	0.0	1.111
7528	14.0	0.0	1.037
7529	14.7	0.0	1.078
7530	14.7	0.0	1.337
7531	14.7	0.0	1.492
7532	14.7	0.0	1.846
7533	15.0	0.0	1.896
7534	15.4	0.0	1.768
7535	14.9	0.0	1.064
7536	15.1	0.0	0.667
7537	11.2	0.0	0.461
7538	12.0	0.0	0.249
7539	12.5	0.0	0.098
7540	12.3	0.0	0.071
7541	12.3	0.0	0.212
7542	12.3	0.0	0.532
7543	12.2	0.0	1.438
7544	16.0	0.0	1.539
7545	16.2	0.0	1.546
7546	15.9	0.0	1.620
7547	15.9	0.0	1.546
7548	15.8	0.0	1.499
7549	15.3	0.0	1.388
7550	14.6	0.0	1.219
7551	14.6	0.0	1.111
7552	15.1	0.0	1.037
7553	15.2	0.0	1.078
7554	16.5	0.0	1.337
7555	17.2	0.0	1.492
7556	16.7	0.0	1.846
7557	16.9	0.0	1.896
7558	17.4	0.0	1.768
7559	17.9	0.0	1.064
7560	18.5	0.0	0.667
7561	15.2	0.0	0.461
7562	15.1	0.0	0.249
7563	15.4	0.0	0.098
7564	15.3	0.0	0.071
7565	15.7	0.0	0.212
7566	16.0	0.0	0.532
7567	16.2	0.0	1.438
7568	20.0	0.0	1.539
7569	19.9	0.0	1.546
7570	20.3	0.0	1.620
7571	20.8	0.0	1.546
7572	20.5	0.0	1.499
7573	20.7	0.0	1.388
7574	20.8	0.0	1.219
7575	20.0	0.0	1.111
7576	19.5	0.0	1.037
7577	20.3	0.0	1.078
7578	20.4	0.0	1.337
7579	19.8	0.0	1.492
7580	19.7	0.0	1.846
7581	20.1	0.0	1.896
7582	20.0	0.0	1.768
7583	20.0	0.0	1.064
7584	20.7	0.0	0.667
7585	17.2	0.0	0.461
7586	17.6	0.0	0.249
7587	17.7	0.0	0.098
7588	17.7	0.0	0.071
7589	17.3	0.0	0.212
7590	16.7	0.0	0.532
7591	16.2	0.0	1.438
7592	19.2	0.0	1.539
7593	19.1	0.0	1.546
7594	19.4	0.0	1.620
7595	18.5	0.0	1.546
7596	17.8	0.0	1.499
7597	17.2	0.0	1.388
7598	16.2	0.0	1.219
7599	15.7	0.0	1.111
7600	15.7	0.0	1.037
7601	15.2	0.0	1.078
7602	15.1	0.0	1.337
7603	15.3	0.0	1.492
7604	16.0	0.0	1.846
7605	15.9	0.0	1.896
7606	15.3	0.0	1.768
7607	15.2	0.0	1.064
7608	15.4	0.0	0.667
7609	11.7	0.0	0.461
7610	11.7	0.0	0.249
7611	11.7	0.0	0.098
7612	12.3	0.0	0.071
7613	12.9	0.0	0.212
7614	13.2	0.0	0.532
7615	13.2	0.0	1.438
7616	16.6	0.0	1.539
7617	15.9	0.0	1.546
7618	15.6	0.0	1.620
7619	14.3	0.0	1.546
7620	13.6	0.0	1.499
7621	13.1	0.0	1.388
7622	12.4	0.0	1.219
7623	11.7	0.0	1.111
7624	11.7	0.0	1.037
7625	12.5	0.0	1.078
7626	12.9	0.0	1.337
7627	13.0	0.0	1.492
7628	13.2	0.0	1.846
7629	13.0	0.0	1.896
7630	13.0	0.0	1.768
7631	13.2	0.0	1.064
7632	13.1	0.0	0.667
7633	9.9	0.0	0.461
7634	10.1	0.0	0.249
7635	10.1	0.0	0.098
7636	10.2	0.0	0.071
7637	9.9	0.0	0.212
7638	9.6	0.0	0.532
7639	10.1	0.0	1.438
7640	13.0	0.0	1.539
7641	12.0	0.0	1.546
7642	11.7	0.0	1.620
7643	10.7	0.0	1.546
7644	10.8	0.0	1.499
7645	10.0	0.0	1.388
7646	9.3	0.0	1.219
7647	9.1	0.0	1.111
7648	8.9	0.0	1.037
7649	8.9	0.0	1.078
7650	9.3	0.0	1.337
7651	10.4	0.0	1.492
7652	10.5	0.0	1.846
7653	10.3	0.0	1.896
7654	10.6	0.0	1.768
7655	10.4	0.0	1.064
7656	10.2	0.0	0.667
7657	6.8	0.0	0.461
7658	6.4	0.0	0.249
7659	6.7	0.0	0.098
7660	6.6	0.0	0.071
7661	6.7	0.0	0.212
7662	6.3	0.0	0.532
7663	6.7	0.0	1.438
7664	10.0	0.0	1.539
7665	9.6	0.0	1.546
7666	9.4	0.0	1.620
7667	8.5	0.0	1.546
7668	7.8	0.0	1.499
7669	7.1	0.0	1.388
7670	6.9	0.0	1.219
7671	6.2	0.0	1.111
7672	6.6	0.0	1.037
7673	6.9	0.0	1.078
7674	7.9	0.0	1.337
7675	7.9	0.0	1.492
7676	8.1	0.0	1.846
7677	7.8	0.0	1.896
7678	8.1	0.0	1.768
7679	8.0	0.0	1.064
7680	8.2	0.0	0.667
7681	4.8	0.0	0.461
7682	5.0	0.0	0.249
7683	4.5	0.0	0.098
7684	4.5	0.0	0.071
7685	4.6	0.0	0.212
7686	4.9	0.0	0.532
7687	4.6	0.0	1.438
7688	9.0	0.0	1.539
7689	9.0	0.0	1.546
7690	9.1	0.0	1.620
7691	9.2	0.0	1.546
7692	9.1	0.0	1.499
7693	8.9	0.0	1.388
7694	8.9	0.0	1.219
7695	8.9	0.0	1.111
7696	9.4	0.0	1.037
7697	9.7	0.0	1.078
7698	10.5	0.0	1.337
7699	10.5	0.0	1.492
7700	11.6	0.0	1.846
7701	11.2	0.0	1.896
7702	11.4	0.0	1.768
7703	11.4	0.0	1.064
7704	11.0	0.0	0.667
7705	7.8	0.0	0.461
7706	8.0	0.0	0.249
7707	7.9	0.0	0.098
7708	8.7	0.0	0.071
7709	8.5	0.0	0.212
7710	8.5	0.0	0.532
7711	8.6	0.0	1.438
7712	12.1	0.0	1.539
7713	11.9	0.0	1.546
7714	11.9	0.0	1.620
7715	11.3	0.0	1.546
7716	10.4	0.0	1.499
7717	9.5	0.0	1.388
7718	9.2	0.0	1.219
7719	9.8	0.0	1.111
7720	9.8	0.0	1.037
7721	10.5	0.0	1.078
7722	11.0	0.0	1.337
7723	11.3	0.0	1.492
7724	12.2	0.0	1.846
7725	12.7	0.0	1.896
7726	13.0	0.0	1.768
7727	13.0	0.0	1.064
7728	13.6	0.0	0.667
7729	10.7	0.0	0.461
7730	11.1	0.0	0.249
7731	11.7	0.0	0.098
7732	12.1	0.0	0.071
7733	12.6	0.0	0.212
7734	13.2	0.0	0.532
7735	13.7	0.0	1.438
7736	17.1	0.0	1.539
7737	17.0	0.0	1.546
7738	15.9	0.0	1.620
7739	15.6	0.0	1.546
7740	14.7	0.0	1.499
7741	14.0	0.0	1.388
7742	13.8	0.0	1.219
7743	14.2	0.0	1.111
7744	14.7	0.0	1.037
7745	15.5	0.0	1.078
7746	16.6	0.0	1.337
7747	16.6	0.0	1.492
7748	17.3	0.0	1.846
7749	17.7	0.0	1.896
7750	18.4	0.0	1.768
7751	19.2	0.0	1.064
7752	19.5	0.0	0.667
7753	16.4	0.0	0.461
7754	15.9	0.0	0.249
7755	16.1	0.0	0.098
7756	15.9	0.0	0.071
7757	15.7	0.0	0.212
7758	15.9	0.0	0.532
7759	16.6	0.0	1.438
7760	19.6	0.0	1.539
7761	19.3	0.0	1.546
7762	18.3	0.0	1.620
7763	17.3	0.0	1.546
7764	16.4	0.0	1.499
7765	15.3	0.0	1.388
7766	13.9	0.0	1.219
7767	13.8	0.0	1.111
7768	13.4	0.0	1.037
7769	13.7	0.0	1.078
7770	15.0	0.0	1.337
7771	16.0	0.0	1.492
7772	16.1	0.0	1.846
7773	16.2	0.0	1.896
7774	16.2	0.0	1.768
7775	16.4	0.0	1.064
7776	17.1	0.0	0.667
7777	13.9	0.0	0.461
7778	13.4	0.0	0.249
7779	13.6	0.0	0.098
7780	14.1	0.0	0.071
7781	14.3	0.0	0.212
7782	14.6	0.0	0.532
7783	14.3	0.0	1.438
7784	17.2	0.0	1.539
7785	16.9	0.0	1.546
7786	16.0	0.0	1.620
7787	14.7	0.0	1.546
7788	13.9	0.0	1.499
7789	13.1	0.0	1.388
7790	13.0	0.0	1.219
7791	12.9	0.0	1.111
7792	13.1	0.0	1.037
7793	13.5	0.0	1.078
7794	14.6	0.0	1.337
7795	15.1	0.0	1.492
7796	15.7	0.0	1.846
7797	15.4	0.0	1.896
7798	16.2	0.0	1.768
7799	16.5	0.0	1.064
7800	16.8	0.0	0.667
7801	13.2	0.0	0.461
7802	13.3	0.0	0.249
7803	13.1	0.0	0.098
7804	13.3	0.0	0.071
7805	13.5	0.0	0.212
7806	13.7	0.0	0.532
7807	14.4	0.0	1.438
7808	17.5	0.0	1.539
7809	17.0	0.0	1.546
7810	16.7	0.0	1.620
7811	15.6	0.0	1.546
7812	14.6	0.0	1.499
7813	12.9	0.0	1.388
7814	12.0	0.0	1.219
7815	11.6	0.0	1.111
7816	12.0	0.0	1.037
7817	11.9	0.0	1.078
7818	12.1	0.0	1.337
7819	12.0	0.0	1.492
7820	13.2	0.0	1.846
7821	13.7	0.0	1.896
7822	14.0	0.0	1.768
7823	13.8	0.0	1.064
7824	14.0	0.0	0.667
7825	10.6	0.0	0.461
7826	10.5	0.0	0.249
7827	10.4	0.0	0.098
7828	10.3	0.0	0.071
7829	10.3	0.0	0.212
7830	10.6	0.0	0.532
7831	10.4	0.0	1.438
7832	13.6	0.0	1.539
7833	13.5	0.0	1.546
7834	13.2	0.0	1.620
7835	12.9	0.0	1.546
7836	11.9	0.0	1.499
7837	11.0	0.0	1.388
7838	10.3	0.0	1.219
7839	10.0	0.0	1.111
7840	10.1	0.0	1.037
7841	9.8	0.0	1.078
7842	10.1	0.0	1.337
7843	10.0	0.0	1.492
7844	10.3	0.0	1.846
7845	10.3	0.0	1.896
7846	10.6	0.0	1.768
7847	10.0	0.0	1.064
7848	9.9	0.0	0.667
7849	6.2	0.0	0.461
7850	6.6	0.0	0.249
7851	6.8	0.0	0.098
7852	6.8	0.0	0.071
7853	7.5	0.0	0.212
7854	7.0	0.0	0.532
7855	7.3	0.0	1.438
7856	11.4	0.0	1.539
7857	11.3	0.0	1.546
7858	10.8	0.0	1.620
7859	9.7	0.0	1.546
7860	9.0	0.0	1.499
7861	8.7	0.0	1.388
7862	8.4	0.0	1.219
7863	8.2	0.0	1.111
7864	8.5	0.0	1.037
7865	9.2	0.0	1.078
7866	10.1	0.0	1.337
7867	10.6	0.0	1.492
7868	11.6	0.0	1.846
7869	12.4	0.0	1.896
7870	12.7	0.0	1.768
7871	13.7	0.0	1.064
7872	13.8	0.0	0.667
7873	10.7	0.0	0.461
7874	11.0	0.0	0.249
7875	11.1	0.0	0.098
7876	11.0	0.0	0.071
7877	11.4	0.0	0.212
7878	11.6	0.0	0.532
7879	11.6	0.0	1.438
7880	15.2	0.0	1.539
7881	14.7	0.0	1.546
7882	14.4	0.0	1.620
7883	13.8	0.0	1.546
7884	13.3	0.0	1.499
7885	13.0	0.0	1.388
7886	12.8	0.0	1.219
7887	12.6	0.0	1.111
7888	12.2	0.0	1.037
7889	12.5	0.0	1.078
7890	13.0	0.0	1.337
7891	13.4	0.0	1.492
7892	14.1	0.0	1.846
7893	14.7	0.0	1.896
7894	15.2	0.0	1.768
7895	15.0	0.0	1.064
7896	14.8	0.0	0.667
7897	10.8	0.0	0.461
7898	10.8	0.0	0.249
7899	10.8	0.0	0.098
7900	10.8	0.0	0.071
7901	10.7	0.0	0.212
7902	10.6	0.0	0.532
7903	10.9	0.0	1.438
7904	14.6	0.0	1.539
7905	13.4	0.0	1.546
7906	12.2	0.0	1.620
7907	11.5	0.0	1.546
7908	10.8	0.0	1.499
7909	9.8	0.0	1.388
7910	9.3	0.0	1.219
7911	9.5	0.0	1.111
7912	10.0	0.0	1.037
7913	10.5	0.0	1.078
7914	11.1	0.0	1.337
7915	11.4	0.0	1.492
7916	11.4	0.0	1.846
7917	11.2	0.0	1.896
7918	11.1	0.0	1.768
7919	11.3	0.0	1.064
7920	10.9	0.0	0.667
7921	7.4	0.0	0.461
7922	7.6	0.0	0.249
7923	7.8	0.0	0.098
7924	8.0	0.0	0.071
7925	8.9	0.0	0.212
7926	9.2	0.0	0.532
7927	9.5	0.0	1.438
7928	13.3	0.0	1.539
7929	12.8	0.0	1.546
7930	12.2	0.0	1.620
7931	11.3	0.0	1.546
7932	10.3	0.0	1.499
7933	9.5	0.0	1.388
7934	9.7	0.0	1.219
7935	9.5	0.0	1.111
7936	9.6	0.0	1.037
7937	9.8	0.0	1.078
7938	10.5	0.0	1.337
7939	10.2	0.0	1.492
7940	10.7	0.0	1.846
7941	10.9	0.0	1.896
7942	11.8	0.0	1.768
7943	11.8	0.0	1.064
7944	12.6	0.0	0.667
7945	10.0	0.0	0.461
7946	10.1	0.0	0.249
7947	10.5	0.0	0.098
7948	10.7	0.0	0.071
7949	11.3	0.0	0.212
7950	11.7	0.0	0.532
7951	11.6	0.0	1.438
7952	14.9	0.0	1.539
7953	14.9	0.0	1.546
7954	14.3	0.0	1.620
7955	13.3	0.0	1.546
7956	12.6	0.0	1.499
7957	11.8	0.0	1.388
7958	11.0	0.0	1.219
7959	10.8	0.0	1.111
7960	11.0	0.0	1.037
7961	11.5	0.0	1.078
7962	12.3	0.0	1.337
7963	12.5	0.0	1.492
7964	12.7	0.0	1.846
7965	12.5	0.0	1.896
7966	12.7	0.0	1.768
7967	12.5	0.0	1.064
7968	12.6	0.0	0.667
7969	10.1	0.0	0.461
7970	10.4	0.0	0.249
7971	10.5	0.0	0.098
7972	11.0	0.0	0.071
7973	11.4	0.0	0.212
7974	11.0	0.0	0.532
7975	11.2	0.0	1.438
7976	14.6	0.0	1.539
7977	14.1	0.0	1.546
7978	13.3	0.0	1.620
7979	11.7	0.0	1.546
7980	10.6	0.0	1.499
7981	9.6	0.0	1.388
7982	9.2	0.0	1.219
7983	9.6	0.0	1.111
7984	10.4	0.0	1.037
7985	10.6	0.0	1.078
7986	11.6	0.0	1.337
7987	12.5	0.0	1.492
7988	13.0	0.0	1.846
7989	13.6	0.0	1.896
7990	14.7	0.0	1.768
7991	14.8	0.0	1.064
7992	15.4	0.0	0.667
7993	12.3	0.0	0.461
7994	12.4	0.0	0.249
7995	12.5	0.0	0.098
7996	13.3	0.0	0.071
7997	13.4	0.0	0.212
7998	13.8	0.0	0.532
7999	14.4	0.0	1.438
8000	18.1	0.0	1.539
8001	17.6	0.0	1.546
8002	17.0	0.0	1.620
8003	16.2	0.0	1.546
8004	15.1	0.0	1.499
8005	14.7	0.0	1.388
8006	14.2	0.0	1.219
8007	14.6	0.0	1.111
8008	15.3	0.0	1.037
8009	15.8	0.0	1.078
8010	17.0	0.0	1.337
8011	18.2	0.0	1.492
8012	18.3	0.0	1.846
8013	18.5	0.0	1.896
8014	19.4	0.0	1.768
8015	19.9	0.0	1.064
8016	20.2	0.0	0.667
8017	17.5	0.0	0.461
8018	17.6	0.0	0.249
8019	18.0	0.0	0.098
8020	17.7	0.0	0.071
8021	18.2	0.0	0.212
8022	19.2	0.0	0.532
8023	19.8	0.0	1.438
8024	23.4	0.0	1.539
8025	23.9	0.0	1.546
8026	22.9	0.0	1.620
8027	22.5	0.0	1.546
8028	22.4	0.0	1.499
8029	21.8	0.0	1.388
8030	21.4	0.0	1.219
8031	21.2	0.0	1.111
8032	20.6	0.0	1.037
8033	20.7	0.0	1.078
8034	20.7	0.0	1.337
8035	20.9	0.0	1.492
8036	21.3	0.0	1.846
8037	22.4	0.0	1.896
8038	23.2	0.0	1.768
8039	23.4	0.0	1.064
8040	23.2	0.0	0.667
8041	19.6	0.0	0.461
8042	19.4	0.0	0.249
8043	18.7	0.0	0.098
8044	18.6	0.0	0.071
8045	18.2	0.0	0.212
8046	18.4	0.0	0.532
8047	17.8	0.0	1.438
8048	21.5	0.0	1.539
8049	21.6	0.0	1.546
8050	21.9	0.0	1.620
8051	21.1	0.0	1.546
8052	20.5	0.0	1.499
8053	19.7	0.0	1.388
8054	19.6	0.0	1.219
8055	19.1	0.0	1.111
8056	19.3	0.0	1.037
8057	18.8	0.0	1.078
8058	18.7	0.0	1.337
8059	18.7	0.0	1.492
8060	19.3	0.0	1.846
8061	19.0	0.0	1.896
8062	19.0	0.0	1.768
8063	19.4	0.0	1.064
8064	19.4	0.0	0.667
8065	15.2	0.0	0.461
8066	15.1	0.0	0.249
8067	14.9	0.0	0.098
8068	15.1	0.0	0.071
8069	15.1	0.0	0.212
8070	15.0	0.0	0.532
8071	14.5	0.0	1.438
8072	18.4	0.0	1.539
8073	18.2	0.0	1.546
8074	17.7	0.0	1.620
8075	16.5	0.0	1.546
8076	16.1	0.0	1.499
8077	15.7	0.0	1.388
8078	16.0	0.0	1.219
8079	16.0	0.0	1.111
8080	16.3	0.0	1.037
8081	16.6	0.0	1.078
8082	16.7	0.0	1.337
8083	17.2	0.0	1.492
8084	17.8	0.0	1.846
8085	17.2	0.0	1.896
8086	17.5	0.0	1.768
8087	17.4	0.0	1.064
8088	17.6	0.0	0.667
8089	14.1	0.0	0.461
8090	14.4	0.0	0.249
8091	15.1	0.0	0.098
8092	15.0	0.0	0.071
8093	15.8	0.0	0.212
8094	16.2	0.0	0.532
8095	15.3	0.0	1.438
8096	19.0	0.0	1.539
8097	19.0	0.0	1.546
8098	18.9	0.0	1.620
8099	17.9	0.0	1.546
8100	18.0	0.0	1.499
8101	17.6	0.0	1.388
8102	17.6	0.0	1.219
8103	18.7	0.0	1.111
8104	19.0	0.0	1.037
8105	19.3	0.0	1.078
8106	20.1	0.0	1.337
8107	20.7	0.0	1.492
8108	20.7	0.0	1.846
8109	21.4	0.0	1.896
8110	21.5	0.0	1.768
8111	21.5	0.0	1.064
8112	22.2	0.0	0.667
8113	18.0	0.0	0.461
8114	17.3	0.0	0.249
8115	16.8	0.0	0.098
8116	15.8	0.0	0.071
8117	15.8	0.0	0.212
8118	16.1	0.0	0.532
8119	15.3	0.0	1.438
8120	18.7	0.0	1.539
8121	18.4	0.0	1.546
8122	17.9	0.0	1.620
8123	17.2	0.0	1.546
8124	16.5	0.0	1.499
8125	16.0	0.0	1.388
8126	14.9	0.0	1.219
8127	14.6	0.0	1.111
8128	14.7	0.0	1.037
8129	14.5	0.0	1.078
8130	14.2	0.0	1.337
8131	14.5	0.0	1.492
8132	14.2	0.0	1.846
8133	13.9	0.0	1.896
8134	13.1	0.0	1.768
8135	12.8	0.0	1.064
8136	12.9	0.0	0.667
8137	8.7	0.0	0.461
8138	8.3	0.0	0.249
8139	8.2	0.0	0.098
8140	8.7	0.0	0.071
8141	8.8	0.0	0.212
8142	8.3	0.0	0.532
8143	8.3	0.0	1.438
8144	12.2	0.0	1.539
8145	11.6	0.0	1.546
8146	11.2	0.0	1.620
8147	10.8	0.0	1.546
8148	10.9	0.0	1.499
8149	10.2	0.0	1.388
8150	9.7	0.0	1.219
8151	8.8	0.0	1.111
8152	8.9	0.0	1.037
8153	9.5	0.0	1.078
8154	9.6	0.0	1.337
8155	9.0	0.0	1.492
8156	9.4	0.0	1.846
8157	10.2	0.0	1.896
8158	10.9	0.0	1.768
8159	11.3	0.0	1.064
8160	11.4	0.0	0.667
8161	7.4	0.0	0.461
8162	8.1	0.0	0.249
8163	8.7	0.0	0.098
8164	9.1	0.0	0.071
8165	9.4	0.0	0.212
8166	9.6	0.0	0.532
8167	9.5	0.0	1.438
8168	13.5	0.0	1.539
8169	13.1	0.0	1.546
8170	12.9	0.0	1.620
8171	12.5	0.0	1.546
8172	12.3	0.0	1.499
8173	11.9	0.0	1.388
8174	12.2	0.0	1.219
8175	11.8	0.0	1.111
8176	12.1	0.0	1.037
8177	12.3	0.0	1.078
8178	13.0	0.0	1.337
8179	13.2	0.0	1.492
8180	13.9	0.0	1.846
8181	14.3	0.0	1.896
8182	14.4	0.0	1.768
8183	14.7	0.0	1.064
8184	14.6	0.0	0.667
8185	11.3	0.0	0.461
8186	11.7	0.0	0.249
8187	12.1	0.0	0.098
8188	12.7	0.0	0.071
8189	14.2	0.0	0.212
8190	15.2	0.0	0.532
8191	15.6	0.0	1.438
8192	18.9	0.0	1.539
8193	17.9	0.0	1.546
8194	17.8	0.0	1.620
8195	17.3	0.0	1.546
8196	16.8	0.0	1.499
8197	17.3	0.0	1.388
8198	17.0	0.0	1.219
8199	17.4	0.0	1.111
8200	18.6	0.0	1.037
8201	19.3	0.0	1.078
8202	20.5	0.0	1.337
8203	21.8	0.0	1.492
8204	22.8	0.0	1.846
8205	23.4	0.0	1.896
8206	24.9	0.0	1.768
8207	25.9	0.0	1.064
8208	26.8	0.0	0.667
8209	23.1	0.0	0.461
8210	23.2	0.0	0.249
8211	23.7	0.0	0.098
8212	24.1	0.0	0.071
8213	23.8	0.0	0.212
8214	23.2	0.0	0.532
8215	23.8	0.0	1.438
8216	27.4	0.0	1.539
8217	27.3	0.0	1.546
8218	26.7	0.0	1.620
8219	25.9	0.0	1.546
8220	25.6	0.0	1.499
8221	25.4	0.0	1.388
8222	24.4	0.0	1.219
8223	23.8	0.0	1.111
8224	23.7	0.0	1.037
8225	24.2	0.0	1.078
8226	24.0	0.0	1.337
8227	24.1	0.0	1.492
8228	24.7	0.0	1.846
8229	24.7	0.0	1.896
8230	25.1	0.0	1.768
8231	25.1	0.0	1.064
8232	25.1	0.0	0.667
8233	21.7	0.0	0.461
8234	22.0	0.0	0.249
8235	21.9	0.0	0.098
8236	22.1	0.0	0.071
8237	22.3	0.0	0.212
8238	22.5	0.0	0.532
8239	22.7	0.0	1.438
8240	26.2	0.0	1.539
8241	26.6	0.0	1.546
8242	26.2	0.0	1.620
8243	26.4	0.0	1.546
8244	25.7	0.0	1.499
8245	26.2	0.0	1.388
8246	26.0	0.0	1.219
8247	25.8	0.0	1.111
8248	25.7	0.0	1.037
8249	26.2	0.0	1.078
8250	26.2	0.0	1.337
8251	26.4	0.0	1.492
8252	27.2	0.0	1.846
8253	26.4	0.0	1.896
8254	26.6	0.0	1.768
8255	27.1	0.0	1.064
8256	26.6	0.0	0.667
8257	23.2	0.0	0.461
8258	23.5	0.0	0.249
8259	23.1	0.0	0.098
8260	23.6	0.0	0.071
8261	23.9	0.0	0.212
8262	23.8	0.0	0.532
8263	23.6	0.0	1.438
8264	26.9	0.0	1.539
8265	26.2	0.0	1.546
8266	25.5	0.0	1.620
8267	24.8	0.0	1.546
8268	24.5	0.0	1.499
8269	23.7	0.0	1.388
8270	23.4	0.0	1.219
8271	22.9	0.0	1.111
8272	22.9	0.0	1.037
8273	23.6	0.0	1.078
8274	23.6	0.0	1.337
8275	23.4	0.0	1.492
8276	22.8	0.0	1.846
8277	23.0	0.0	1.896
8278	23.5	0.0	1.768
8279	23.3	0.0	1.064
8280	23.7	0.0	0.667
8281	20.0	0.0	0.461
8282	19.4	0.0	0.249
8283	19.0	0.0	0.098
8284	18.9	0.0	0.071
8285	18.9	0.0	0.212
8286	19.0	0.0	0.532
8287	19.1	0.0	1.438
8288	23.0	0.0	1.539
8289	23.5	0.0	1.546
8290	23.2	0.0	1.620
8291	22.4	0.0	1.546
8292	22.4	0.0	1.499
8293	21.9	0.0	1.388
8294	22.1	0.0	1.219
8295	21.6	0.0	1.111
8296	21.3	0.0	1.037
8297	21.2	0.0	1.078
8298	21.7	0.0	1.337
8299	21.7	0.0	1.492
8300	21.9	0.0	1.846
8301	22.1	0.0	1.896
8302	22.5	0.0	1.768
8303	22.3	0.0	1.064
8304	22.4	0.0	0.667
8305	18.7	0.0	0.461
8306	19.0	0.0	0.249
8307	19.6	0.0	0.098
8308	19.7	0.0	0.071
8309	20.1	0.0	0.212
8310	19.4	0.0	0.532
8311	18.7	0.0	1.438
8312	21.9	0.0	1.539
8313	22.2	0.0	1.546
8314	21.5	0.0	1.620
8315	20.3	0.0	1.546
8316	19.3	0.0	1.499
8317	18.5	0.0	1.388
8318	17.5	0.0	1.219
8319	17.2	0.0	1.111
8320	17.3	0.0	1.037
8321	17.8	0.0	1.078
8322	18.3	0.0	1.337
8323	18.4	0.0	1.492
8324	18.6	0.0	1.846
8325	19.2	0.0	1.896
8326	19.6	0.0	1.768
8327	19.5	0.0	1.064
8328	19.4	0.0	0.667
8329	15.6	0.0	0.461
8330	15.6	0.0	0.249
8331	14.9	0.0	0.098
8332	14.7	0.0	0.071
8333	15.4	0.0	0.212
8334	15.8	0.0	0.532
8335	16.4	0.0	1.438
8336	20.0	0.0	1.539
8337	19.5	0.0	1.546
8338	18.7	0.0	1.620
8339	18.0	0.0	1.546
8340	17.4	0.0	1.499
8341	16.6	0.0	1.388
8342	16.0	0.0	1.219
8343	15.8	0.0	1.111
8344	15.8	0.0	1.037
8345	16.4	0.0	1.078
8346	16.9	0.0	1.337
8347	17.1	0.0	1.492
8348	17.7	0.0	1.846
8349	17.4	0.0	1.896
8350	17.6	0.0	1.768
8351	17.6	0.0	1.064
8352	17.7	0.0	0.667
8353	13.6	0.0	0.461
8354	13.8	0.0	0.249
8355	13.6	0.0	0.098
8356	13.5	0.0	0.071
8357	13.1	0.0	0.212
8358	13.3	0.0	0.532
8359	14.4	0.0	1.438
8360	18.1	0.0	1.539
8361	17.3	0.0	1.546
8362	16.2	0.0	1.620
8363	15.9	0.0	1.546
8364	14.6	0.0	1.499
8365	14.0	0.0	1.388
8366	13.8	0.0	1.219
8367	13.5	0.0	1.111
8368	14.0	0.0	1.037
8369	14.8	0.0	1.078
8370	15.2	0.0	1.337
8371	15.6	0.0	1.492
8372	15.8	0.0	1.846
8373	16.7	0.0	1.896
8374	17.6	0.0	1.768
8375	18.1	0.0	1.064
8376	18.5	0.0	0.667
8377	15.0	0.0	0.461
8378	15.3	0.0	0.249
8379	14.9	0.0	0.098
8380	14.8	0.0	0.071
8381	15.3	0.0	0.212
8382	15.6	0.0	0.532
8383	15.7	0.0	1.438
8384	19.7	0.0	1.539
8385	19.8	0.0	1.546
8386	19.1	0.0	1.620
8387	18.8	0.0	1.546
8388	18.0	0.0	1.499
8389	17.7	0.0	1.388
8390	16.4	0.0	1.219
8391	16.1	0.0	1.111
8392	16.1	0.0	1.037
8393	16.6	0.0	1.078
8394	16.5	0.0	1.337
8395	17.0	0.0	1.492
8396	16.5	0.0	1.846
8397	16.3	0.0	1.896
8398	16.1	0.0	1.768
8399	16.2	0.0	1.064
8400	15.9	0.0	0.667
8401	12.2	0.0	0.461
8402	12.3	0.0	0.249
8403	12.6	0.0	0.098
8404	11.8	0.0	0.071
8405	12.1	0.0	0.212
8406	12.0	0.0	0.532
8407	12.2	0.0	1.438
8408	16.2	0.0	1.539
8409	16.0	0.0	1.546
8410	15.2	0.0	1.620
8411	14.5	0.0	1.546
8412	14.0	0.0	1.499
8413	13.8	0.0	1.388
8414	13.8	0.0	1.219
8415	13.4	0.0	1.111
8416	12.9	0.0	1.037
8417	13.3	0.0	1.078
8418	13.7	0.0	1.337
8419	13.5	0.0	1.492
8420	14.0	0.0	1.846
8421	13.8	0.0	1.896
8422	13.8	0.0	1.768
8423	13.9	0.0	1.064
8424	14.5	0.0	0.667
8425	9.9	0.0	0.461
8426	9.7	0.0	0.249
8427	10.4	0.0	0.098
8428	10.3	0.0	0.071
8429	10.7	0.0	0.212
8430	10.9	0.0	0.532
8431	10.5	0.0	1.438
8432	14.3	0.0	1.539
8433	13.7	0.0	1.546
8434	13.0	0.0	1.620
8435	12.4	0.0	1.546
8436	12.1	0.0	1.499
8437	11.8	0.0	1.388
8438	11.6	0.0	1.219
8439	11.4	0.0	1.111
8440	11.2	0.0	1.037
8441	11.3	0.0	1.078
8442	12.2	0.0	1.337
8443	12.4	0.0	1.492
8444	12.7	0.0	1.846
8445	13.1	0.0	1.896
8446	12.6	0.0	1.768
8447	12.2	0.0	1.064
8448	11.6	0.0	0.667
8449	8.1	0.0	0.461
8450	8.8	0.0	0.249
8451	8.7	0.0	0.098
8452	9.6	0.0	0.071
8453	9.4	0.0	0.212
8454	8.9	0.0	0.532
8455	9.1	0.0	1.438
8456	12.8	0.0	1.539
8457	12.8	0.0	1.546
8458	11.9	0.0	1.620
8459	11.0	0.0	1.546
8460	10.4	0.0	1.499
8461	9.6	0.0	1.388
8462	9.0	0.0	1.219
8463	8.6	0.0	1.111
8464	9.4	0.0	1.037
8465	10.0	0.0	1.078
8466	10.4	0.0	1.337
8467	10.7	0.0	1.492
8468	11.2	0.0	1.846
8469	11.3	0.0	1.896
8470	11.6	0.0	1.768
8471	11.7	0.0	1.064
8472	12.1	0.0	0.667
8473	8.6	0.0	0.461
8474	9.8	0.0	0.249
8475	9.7	0.0	0.098
8476	9.8	0.0	0.071
8477	10.1	0.0	0.212
8478	10.6	0.0	0.532
8479	11.2	0.0	1.438
8480	14.9	0.0	1.539
8481	14.9	0.0	1.546
8482	14.7	0.0	1.620
8483	14.3	0.0	1.546
8484	14.1	0.0	1.499
8485	13.5	0.0	1.388
8486	13.7	0.0	1.219
8487	13.7	0.0	1.111
8488	13.8	0.0	1.037
8489	14.7	0.0	1.078
8490	15.1	0.0	1.337
8491	15.7	0.0	1.492
8492	16.5	0.0	1.846
8493	16.9	0.0	1.896
8494	17.8	0.0	1.768
8495	18.0	0.0	1.064
8496	18.4	0.0	0.667
8497	14.6	0.0	0.461
8498	14.6	0.0	0.249
8499	14.6	0.0	0.098
8500	14.2	0.0	0.071
8501	14.7	0.0	0.212
8502	14.9	0.0	0.532
8503	14.6	0.0	1.438
8504	18.7	0.0	1.539
8505	18.6	0.0	1.546
8506	17.9	0.0	1.620
8507	16.6	0.0	1.546
8508	16.0	0.0	1.499
8509	15.7	0.0	1.388
8510	15.2	0.0	1.219
8511	15.2	0.0	1.111
8512	14.7	0.0	1.037
8513	15.1	0.0	1.078
8514	15.7	0.0	1.337
8515	15.5	0.0	1.492
8516	15.8	0.0	1.846
8517	15.4	0.0	1.896
8518	14.7	0.0	1.768
8519	14.6	0.0	1.064
8520	14.1	0.0	0.667
8521	10.8	0.0	0.461
8522	11.0	0.0	0.249
8523	11.2	0.0	0.098
8524	11.2	0.0	0.071
8525	11.5	0.0	0.212
8526	11.3	0.0	0.532
8527	11.3	0.0	1.438
8528	15.3	0.0	1.539
8529	14.8	0.0	1.546
8530	13.6	0.0	1.620
8531	13.7	0.0	1.546
8532	13.6	0.0	1.499
8533	13.3	0.0	1.388
8534	13.9	0.0	1.219
8535	13.8	0.0	1.111
8536	14.4	0.0	1.037
8537	14.2	0.0	1.078
8538	14.7	0.0	1.337
8539	14.4	0.0	1.492
8540	14.5	0.0	1.846
8541	14.9	0.0	1.896
8542	14.6	0.0	1.768
8543	14.7	0.0	1.064
8544	15.2	0.0	0.667
8545	11.9	0.0	0.461
8546	12.4	0.0	0.249
8547	12.5	0.0	0.098
8548	12.8	0.0	0.071
8549	13.0	0.0	0.212
8550	13.6	0.0	0.532
8551	13.7	0.0	1.438
8552	17.6	0.0	1.539
8553	17.1	0.0	1.546
8554	16.4	0.0	1.620
8555	15.3	0.0	1.546
8556	14.8	0.0	1.499
8557	14.5	0.0	1.388
8558	14.0	0.0	1.219
8559	15.1	0.0	1.111
8560	16.0	0.0	1.037
8561	16.5	0.0	1.078
8562	17.3	0.0	1.337
8563	16.8	0.0	1.492
8564	17.0	0.0	1.846
8565	16.7	0.0	1.896
8566	17.4	0.0	1.768
8567	17.6	0.0	1.064
8568	17.6	0.0	0.667
8569	14.0	0.0	0.461
8570	14.3	0.0	0.249
8571	14.4	0.0	0.098
8572	14.6	0.0	0.071
8573	14.4	0.0	0.212
8574	14.9	0.0	0.532
8575	15.1	0.0	1.438
8576	18.9	0.0	1.539
8577	18.3	0.0	1.546
8578	17.8	0.0	1.620
8579	16.9	0.0	1.546
8580	15.4	0.0	1.499
8581	14.7	0.0	1.388
8582	14.2	0.0	1.219
8583	13.3	0.0	1.111
8584	13.6	0.0	1.037
8585	14.2	0.0	1.078
8586	14.6	0.0	1.337
8587	15.2	0.0	1.492
8588	16.7	0.0	1.846
8589	16.3	0.0	1.896
8590	16.0	0.0	1.768
8591	16.4	0.0	1.064
8592	16.6	0.0	0.667
8593	13.0	0.0	0.461
8594	12.2	0.0	0.249
8595	12.2	0.0	0.098
8596	11.8	0.0	0.071
8597	11.7	0.0	0.212
8598	11.2	0.0	0.532
8599	11.2	0.0	1.438
8600	14.6	0.0	1.539
8601	14.1	0.0	1.546
8602	13.9	0.0	1.620
8603	12.9	0.0	1.546
8604	11.7	0.0	1.499
8605	11.4	0.0	1.388
8606	10.5	0.0	1.219
8607	10.5	0.0	1.111
8608	10.8	0.0	1.037
8609	11.5	0.0	1.078
8610	12.4	0.0	1.337
8611	12.8	0.0	1.492
8612	12.5	0.0	1.846
8613	12.1	0.0	1.896
8614	12.2	0.0	1.768
8615	12.6	0.0	1.064
8616	12.9	0.0	0.667
8617	9.5	0.0	0.461
8618	8.9	0.0	0.249
8619	8.6	0.0	0.098
8620	9.0	0.0	0.071
8621	9.3	0.0	0.212
8622	9.5	0.0	0.532
8623	9.1	0.0	1.438
8624	12.9	0.0	1.539
8625	12.9	0.0	1.546
8626	12.0	0.0	1.620
8627	10.7	0.0	1.546
8628	10.1	0.0	1.499
8629	9.4	0.0	1.388
8630	9.2	0.0	1.219
8631	8.6	0.0	1.111
8632	9.4	0.0	1.037
8633	9.8	0.0	1.078
8634	10.7	0.0	1.337
8635	11.4	0.0	1.492
8636	11.5	0.0	1.846
8637	12.2	0.0	1.896
8638	12.6	0.0	1.768
8639	13.3	0.0	1.064
8640	13.8	0.0	0.667
8641	10.7	0.0	0.461
8642	10.8	0.0	0.249
8643	10.6	0.0	0.098
8644	10.6	0.0	0.071
8645	10.3	0.0	0.212
8646	10.7	0.0	0.532
8647	10.9	0.0	1.438
8648	14.9	0.0	1.539
8649	14.5	0.0	1.546
8650	13.9	0.0	1.620
8651	13.1	0.0	1.546
8652	11.9	0.0	1.499
8653	11.3	0.0	1.388
8654	10.8	0.0	1.219
8655	10.2	0.0	1.111
8656	9.9	0.0	1.037
8657	10.6	0.0	1.078
8658	11.0	0.0	1.337
8659	11.1	0.0	1.492
8660	10.5	0.0	1.846
8661	10.8	0.0	1.896
8662	11.0	0.0	1.768
8663	11.0	0.0	1.064
8664	11.5	0.0	0.667
8665	7.7	0.0	0.461
8666	7.4	0.0	0.249
8667	6.8	0.0	0.098
8668	6.7	0.0	0.071
8669	6.5	0.0	0.212
8670	6.4	0.0	0.532
8671	6.5	0.0	1.438
8672	10.4	0.0	1.539
8673	10.4	0.0	1.546
8674	10.4	0.0	1.620
8675	9.7	0.0	1.546
8676	9.1	0.0	1.499
8677	8.8	0.0	1.388
8678	8.2	0.0	1.219
8679	8.3	0.0	1.111
8680	8.4	0.0	1.037
8681	8.1	0.0	1.078
8682	7.4	0.0	1.337
8683	7.4	0.0	1.492
8684	7.2	0.0	1.846
8685	6.7	0.0	1.896
8686	6.8	0.0	1.768
8687	6.6	0.0	1.064
8688	6.6	0.0	0.667
8689	2.9	0.0	0.461
8690	3.1	0.0	0.249
8691	3.4	0.0	0.098
8692	2.8	0.0	0.071
8693	3.4	0.0	0.212
8694	3.9	0.0	0.532
8695	3.5	0.0	1.438
8696	7.4	0.0	1.539
8697	7.2	0.0	1.546
8698	7.5	0.0	1.620
8699	7.1	0.0	1.546
8700	7.5	0.0	1.499
8701	7.6	0.0	1.388
8702	7.9	0.0	1.219
8703	8.9	0.0	1.111
8704	9.7	0.0	1.037
8705	10.2	0.0	1.078
8706	10.8	0.0	1.337
8707	11.3	0.0	1.492
8708	11.3	0.0	1.846
8709	11.2	0.0	1.896
8710	11.7	0.0	1.768
8711	12.0	0.0	1.064
8712	11.7	0.0	0.667
8713	8.3	0.0	0.461
8714	9.1	0.0	0.249
8715	9.2	0.0	0.098
8716	10.0	0.0	0.071
8717	10.2	0.0	0.212
8718	11.0	0.0	0.532
8719	11.7	0.0	1.438
8720	15.4	0.0	1.539
8721	15.6	0.0	1.546
8722	15.4	0.0	1.620
8723	16.2	0.0	1.546
8724	15.4	0.0	1.499
8725	14.6	0.0	1.388
8726	14.7	0.0	1.219
8727	14.6	0.0	1.111
8728	15.2	0.0	1.037
8729	15.6	0.0	1.078
8730	16.7	0.0	1.337
8731	17.1	0.0	1.492
8732	16.7	0.0	1.846
8733	17.4	0.0	1.896
8734	18.2	0.0	1.768
8735	18.5	0.0	1.064
8736	19.0	0.0	0.667
8737	15.7	0.0	0.461
8738	16.0	0.0	0.249
8739	16.4	0.0	0.098
8740	16.5	0.0	0.071
8741	16.8	0.0	0.212
8742	16.9	0.0	0.532
8743	17.2	0.0	1.438
8744	20.8	0.0	1.539
8745	21.7	0.0	1.546
8746	21.1	0.0	1.620
8747	20.8	0.0	1.546
8748	20.8	0.0	1.499
8749	21.0	0.0	1.388
8750	20.9	0.0	1.219
8751	21.0	0.0	1.111
8752	21.1	0.0	1.037
8753	20.8	0.0	1.078
8754	21.2	0.0	1.337
8755	22.0	0.0	1.492
8756	22.6	0.0	1.846
8757	23.5	0.0	1.896
8758	24.6	0.0	1.768
8759	25.3	0.0	1.064
8760	25.6	0.0	0.667
