# HOY	Heat Demand	Load duration curve	Dhw Demand
# [h]	[kWh / h]	[kWh / h]	[kWh / h]
1	9.5	18.1	0.238
2	9.8	18.0	0.128
3	10.3	17.4	0.050
4	10.1	17.3	0.036
5	10.3	17.3	0.109
6	10.3	17.3	0.274
7	10.1	17.1	0.741
8	12.4	17.1	0.793
9	12.5	17.0	0.796
10	11.8	16.9	0.834
11	11.8	16.9	0.796
12	11.1	16.9	0.772
13	10.8	16.8	0.715
14	10.9	16.8	0.628
15	10.8	16.8	0.572
16	11.2	16.7	0.534
17	11.9	16.7	0.555
18	12.8	16.6	0.689
19	13.7	16.6	0.768
20	13.9	16.6	0.951
21	14.0	16.6	0.977
22	14.5	16.6	0.911
23	14.8	16.6	0.548
24	15.3	16.5	0.343
25	13.4	16.5	0.238
26	13.0	16.5	0.128
27	13.1	16.4	0.050
28	13.1	16.4	0.036
29	12.9	16.4	0.109
30	12.7	16.4	0.274
31	13.0	16.3	0.741
32	15.6	16.3	0.793
33	15.2	16.3	0.796
34	14.9	16.2	0.834
35	14.4	16.2	0.796
36	13.8	16.2	0.772
37	13.5	16.2	0.715
38	13.4	16.2	0.628
39	12.9	16.2	0.572
40	13.2	16.1	0.534
41	13.8	16.1	0.555
42	14.4	16.1	0.689
43	14.5	16.1	0.768
44	14.6	16.0	0.951
45	14.8	15.9	0.977
46	14.8	15.9	0.911
47	14.8	15.9	0.548
48	14.9	15.8	0.343
49	12.4	15.8	0.238
50	12.4	15.8	0.128
51	12.5	15.7	0.050
52	12.8	15.7	0.036
53	12.9	15.7	0.109
54	12.7	15.7	0.274
55	13.2	15.7	0.741
56	15.4	15.6	0.793
57	15.2	15.6	0.796
58	15.3	15.6	0.834
59	14.9	15.6	0.796
60	14.8	15.6	0.772
61	14.2	15.5	0.715
62	13.8	15.5	0.628
63	13.6	15.5	0.572
64	13.5	15.5	0.534
65	13.7	15.4	0.555
66	14.2	15.4	0.689
67	14.7	15.4	0.768
68	15.0	15.3	0.951
69	15.5	15.3	0.977
70	15.8	15.3	0.911
71	16.2	15.3	0.548
72	16.4	15.3	0.343
73	14.2	15.2	0.238
74	14.2	15.2	0.128
75	14.0	15.2	0.050
76	14.1	15.2	0.036
77	14.1	15.2	0.109
78	14.0	15.2	0.274
79	13.7	15.1	0.741
80	15.5	15.1	0.793
81	15.1	15.1	0.796
82	14.3	15.1	0.834
83	13.0	15.1	0.796
84	12.0	15.1	0.772
85	11.1	15.1	0.715
86	10.7	15.1	0.628
87	10.8	15.0	0.572
88	10.8	15.0	0.534
89	11.0	15.0	0.555
90	11.1	15.0	0.689
91	11.0	15.0	0.768
92	10.8	15.0	0.951
93	11.1	14.9	0.977
94	11.3	14.9	0.911
95	11.4	14.9	0.548
96	11.4	14.9	0.343
97	9.0	14.9	0.238
98	9.1	14.9	0.128
99	9.6	14.9	0.050
100	9.9	14.9	0.036
101	10.2	14.9	0.109
102	10.4	14.9	0.274
103	10.9	14.9	0.741
104	13.4	14.9	0.793
105	13.7	14.8	0.796
106	13.7	14.8	0.834
107	13.9	14.8	0.796
108	14.0	14.8	0.772
109	14.1	14.8	0.715
110	14.4	14.8	0.628
111	15.2	14.8	0.572
112	15.1	14.8	0.534
113	15.8	14.8	0.555
114	16.4	14.8	0.689
115	16.5	14.8	0.768
116	16.2	14.8	0.951
117	16.7	14.8	0.977
118	17.3	14.7	0.911
119	18.0	14.7	0.548
120	18.1	14.7	0.343
121	16.1	14.7	0.238
122	16.2	14.7	0.128
123	15.7	14.7	0.050
124	15.7	14.7	0.036
125	14.9	14.7	0.109
126	14.4	14.7	0.274
127	14.2	14.7	0.741
128	16.5	14.7	0.793
129	16.2	14.7	0.796
130	15.6	14.7	0.834
131	14.7	14.6	0.796
132	13.9	14.6	0.772
133	12.8	14.6	0.715
134	12.0	14.6	0.628
135	11.6	14.6	0.572
136	11.1	14.5	0.534
137	11.1	14.5	0.555
138	11.4	14.5	0.689
139	11.0	14.5	0.768
140	10.9	14.5	0.951
141	11.0	14.5	0.977
142	11.0	14.4	0.911
143	11.0	14.4	0.548
144	11.0	14.4	0.343
145	8.4	14.4	0.238
146	8.6	14.4	0.128
147	8.7	14.4	0.050
148	8.8	14.4	0.036
149	9.3	14.4	0.109
150	9.0	14.4	0.274
151	9.1	14.3	0.741
152	11.8	14.3	0.793
153	11.6	14.3	0.796
154	10.8	14.3	0.834
155	10.5	14.3	0.796
156	10.0	14.3	0.772
157	9.6	14.3	0.715
158	8.8	14.2	0.628
159	8.5	14.2	0.572
160	8.4	14.2	0.534
161	9.2	14.2	0.555
162	9.7	14.2	0.689
163	10.5	14.2	0.768
164	10.6	14.2	0.951
165	11.2	14.2	0.977
166	11.3	14.2	0.911
167	12.0	14.2	0.548
168	12.2	14.2	0.343
169	10.0	14.2	0.238
170	9.9	14.2	0.128
171	10.1	14.2	0.050
172	9.6	14.2	0.036
173	9.5	14.2	0.109
174	9.0	14.1	0.274
175	9.0	14.1	0.741
176	11.2	14.1	0.793
177	11.2	14.1	0.796
178	10.9	14.1	0.834
179	10.3	14.1	0.796
180	9.8	14.1	0.772
181	10.0	14.1	0.715
182	9.7	14.1	0.628
183	9.9	14.1	0.572
184	9.9	14.1	0.534
185	9.8	14.1	0.555
186	9.9	14.1	0.689
187	10.1	14.0	0.768
188	9.6	14.0	0.951
189	9.2	14.0	0.977
190	9.2	14.0	0.911
191	8.8	14.0	0.548
192	8.4	14.0	0.343
193	5.5	14.0	0.238
194	5.5	14.0	0.128
195	5.9	14.0	0.050
196	5.9	14.0	0.036
197	5.6	14.0	0.109
198	5.2	14.0	0.274
199	5.5	14.0	0.741
200	7.9	13.9	0.793
201	8.1	13.9	0.796
202	7.4	13.9	0.834
203	7.3	13.9	0.796
204	7.5	13.9	0.772
205	7.3	13.9	0.715
206	6.7	13.9	0.628
207	6.1	13.9	0.572
208	5.9	13.9	0.534
209	6.0	13.9	0.555
210	5.8	13.9	0.689
211	5.9	13.9	0.768
212	6.0	13.9	0.951
213	5.9	13.9	0.977
214	5.9	13.8	0.911
215	5.8	13.8	0.548
216	5.4	13.8	0.343
217	3.1	13.8	0.238
218	3.3	13.8	0.128
219	3.6	13.8	0.050
220	3.9	13.8	0.036
221	4.2	13.8	0.109
222	4.5	13.8	0.274
223	5.0	13.8	0.741
224	7.5	13.8	0.793
225	7.5	13.8	0.796
226	7.7	13.8	0.834
227	7.7	13.8	0.796
228	7.5	13.8	0.772
229	7.3	13.7	0.715
230	7.5	13.7	0.628
231	7.3	13.7	0.572
232	8.0	13.7	0.534
233	8.6	13.7	0.555
234	9.2	13.7	0.689
235	9.3	13.7	0.768
236	9.8	13.7	0.951
237	10.5	13.7	0.977
238	11.3	13.7	0.911
239	11.9	13.6	0.548
240	12.4	13.6	0.343
241	10.4	13.6	0.238
242	10.4	13.6	0.128
243	10.4	13.6	0.050
244	10.5	13.6	0.036
245	10.4	13.6	0.109
246	10.3	13.6	0.274
247	10.3	13.6	0.741
248	12.5	13.6	0.793
249	12.7	13.6	0.796
250	12.1	13.6	0.834
251	12.1	13.6	0.796
252	11.1	13.5	0.772
253	10.9	13.5	0.715
254	10.1	13.5	0.628
255	10.3	13.5	0.572
256	10.6	13.5	0.534
257	11.5	13.5	0.555
258	11.5	13.5	0.689
259	11.7	13.5	0.768
260	12.2	13.5	0.951
261	12.5	13.4	0.977
262	12.9	13.4	0.911
263	12.8	13.4	0.548
264	12.9	13.4	0.343
265	10.5	13.4	0.238
266	10.8	13.4	0.128
267	10.7	13.4	0.050
268	10.6	13.4	0.036
269	10.4	13.4	0.109
270	10.6	13.4	0.274
271	10.4	13.4	0.741
272	13.0	13.4	0.793
273	13.0	13.4	0.796
274	12.6	13.4	0.834
275	12.2	13.3	0.796
276	11.4	13.3	0.772
277	10.8	13.3	0.715
278	10.5	13.3	0.628
279	10.1	13.3	0.572
280	10.2	13.3	0.534
281	10.0	13.3	0.555
282	10.3	13.3	0.689
283	10.3	13.3	0.768
284	10.3	13.3	0.951
285	10.7	13.3	0.977
286	10.8	13.2	0.911
287	10.8	13.2	0.548
288	10.9	13.2	0.343
289	8.1	13.2	0.238
290	8.1	13.2	0.128
291	8.1	13.2	0.050
292	8.0	13.2	0.036
293	8.2	13.2	0.109
294	8.3	13.2	0.274
295	8.0	13.2	0.741
296	10.5	13.2	0.793
297	10.4	13.2	0.796
298	10.4	13.2	0.834
299	9.8	13.2	0.796
300	9.5	13.2	0.772
301	9.0	13.1	0.715
302	8.8	13.1	0.628
303	8.7	13.1	0.572
304	8.4	13.1	0.534
305	8.8	13.1	0.555
306	8.7	13.1	0.689
307	8.8	13.1	0.768
308	9.0	13.1	0.951
309	9.1	13.1	0.977
310	9.6	13.1	0.911
311	9.6	13.1	0.548
312	9.8	13.1	0.343
313	7.5	13.1	0.238
314	7.4	13.1	0.128
315	7.4	13.1	0.050
316	7.1	13.1	0.036
317	6.9	13.0	0.109
318	6.8	13.0	0.274
319	7.0	13.0	0.741
320	9.5	13.0	0.793
321	9.6	13.0	0.796
322	9.5	13.0	0.834
323	9.3	13.0	0.796
324	9.5	13.0	0.772
325	9.1	13.0	0.715
326	8.9	13.0	0.628
327	8.3	13.0	0.572
328	7.9	13.0	0.534
329	8.3	13.0	0.555
330	8.4	13.0	0.689
331	8.7	13.0	0.768
332	8.9	12.9	0.951
333	9.0	12.9	0.977
334	9.0	12.9	0.911
335	9.3	12.9	0.548
336	9.1	12.9	0.343
337	6.8	12.9	0.238
338	7.0	12.9	0.128
339	7.2	12.9	0.050
340	7.6	12.9	0.036
341	7.7	12.9	0.109
342	7.7	12.9	0.274
343	7.7	12.9	0.741
344	10.6	12.9	0.793
345	10.7	12.9	0.796
346	10.9	12.9	0.834
347	10.6	12.9	0.796
348	10.3	12.9	0.772
349	10.2	12.9	0.715
350	10.5	12.9	0.628
351	10.6	12.8	0.572
352	10.7	12.8	0.534
353	11.0	12.8	0.555
354	11.4	12.8	0.689
355	11.5	12.8	0.768
356	12.0	12.8	0.951
357	11.9	12.8	0.977
358	12.3	12.8	0.911
359	12.2	12.8	0.548
360	11.9	12.8	0.343
361	9.4	12.8	0.238
362	9.6	12.8	0.128
363	9.9	12.7	0.050
364	9.8	12.7	0.036
365	9.7	12.7	0.109
366	10.2	12.7	0.274
367	10.3	12.7	0.741
368	12.9	12.7	0.793
369	12.8	12.7	0.796
370	12.9	12.7	0.834
371	12.0	12.7	0.796
372	11.8	12.7	0.772
373	11.5	12.7	0.715
374	11.2	12.7	0.628
375	11.4	12.7	0.572
376	11.9	12.7	0.534
377	12.7	12.7	0.555
378	13.3	12.7	0.689
379	13.6	12.7	0.768
380	13.9	12.7	0.951
381	14.1	12.7	0.977
382	14.7	12.7	0.911
383	15.3	12.7	0.548
384	15.7	12.7	0.343
385	14.1	12.7	0.238
386	14.2	12.6	0.128
387	14.3	12.6	0.050
388	14.1	12.6	0.036
389	14.2	12.6	0.109
390	14.0	12.6	0.274
391	13.9	12.6	0.741
392	16.1	12.6	0.793
393	15.4	12.6	0.796
394	14.8	12.6	0.834
395	14.0	12.6	0.796
396	13.3	12.6	0.772
397	12.3	12.6	0.715
398	11.4	12.6	0.628
399	11.6	12.6	0.572
400	11.2	12.6	0.534
401	11.1	12.6	0.555
402	11.5	12.5	0.689
403	11.3	12.5	0.768
404	11.3	12.5	0.951
405	12.0	12.5	0.977
406	11.5	12.5	0.911
407	11.6	12.5	0.548
408	11.4	12.5	0.343
409	8.3	12.5	0.238
410	8.7	12.5	0.128
411	9.0	12.5	0.050
412	9.0	12.5	0.036
413	9.1	12.5	0.109
414	9.1	12.5	0.274
415	9.5	12.5	0.741
416	12.1	12.5	0.793
417	11.9	12.5	0.796
418	11.5	12.5	0.834
419	11.5	12.5	0.796
420	11.2	12.5	0.772
421	10.9	12.5	0.715
422	10.9	12.4	0.628
423	10.9	12.4	0.572
424	11.4	12.4	0.534
425	11.6	12.4	0.555
426	11.6	12.4	0.689
427	12.2	12.4	0.768
428	12.2	12.4	0.951
429	12.9	12.4	0.977
430	13.1	12.4	0.911
431	13.0	12.4	0.548
432	12.8	12.4	0.343
433	10.7	12.4	0.238
434	11.0	12.4	0.128
435	11.4	12.4	0.050
436	11.8	12.4	0.036
437	11.4	12.4	0.109
438	11.3	12.3	0.274
439	11.1	12.3	0.741
440	13.6	12.3	0.793
441	13.3	12.3	0.796
442	13.3	12.3	0.834
443	13.5	12.3	0.796
444	12.9	12.3	0.772
445	12.7	12.3	0.715
446	12.3	12.3	0.628
447	11.7	12.3	0.572
448	11.9	12.3	0.534
449	11.9	12.3	0.555
450	11.7	12.3	0.689
451	12.1	12.3	0.768
452	12.4	12.3	0.951
453	12.9	12.3	0.977
454	13.2	12.3	0.911
455	12.9	12.3	0.548
456	12.7	12.3	0.343
457	10.5	12.3	0.238
458	11.0	12.3	0.128
459	11.0	12.2	0.050
460	11.5	12.2	0.036
461	11.4	12.2	0.109
462	11.5	12.2	0.274
463	11.5	12.2	0.741
464	14.0	12.2	0.793
465	14.0	12.2	0.796
466	13.4	12.2	0.834
467	13.0	12.2	0.796
468	12.4	12.2	0.772
469	12.0	12.2	0.715
470	11.7	12.2	0.628
471	11.3	12.2	0.572
472	11.0	12.2	0.534
473	11.2	12.2	0.555
474	11.0	12.2	0.689
475	11.3	12.2	0.768
476	11.7	12.2	0.951
477	11.5	12.1	0.977
478	11.8	12.1	0.911
479	11.9	12.1	0.548
480	11.9	12.1	0.343
481	9.5	12.1	0.238
482	10.1	12.1	0.128
483	10.1	12.1	0.050
484	10.5	12.1	0.036
485	10.5	12.1	0.109
486	10.4	12.1	0.274
487	10.6	12.1	0.741
488	12.8	12.1	0.793
489	12.6	12.1	0.796
490	12.1	12.1	0.834
491	11.7	12.1	0.796
492	10.9	12.1	0.772
493	11.1	12.1	0.715
494	10.7	12.1	0.628
495	10.6	12.1	0.572
496	10.7	12.1	0.534
497	10.7	12.1	0.555
498	11.3	12.1	0.689
499	11.4	12.1	0.768
500	12.0	12.1	0.951
501	11.9	12.1	0.977
502	12.5	12.1	0.911
503	12.7	12.1	0.548
504	13.1	12.1	0.343
505	10.8	12.1	0.238
506	10.6	12.0	0.128
507	10.5	12.0	0.050
508	10.7	12.0	0.036
509	10.9	12.0	0.109
510	11.4	12.0	0.274
511	11.7	12.0	0.741
512	14.2	12.0	0.793
513	14.0	12.0	0.796
514	13.5	12.0	0.834
515	13.1	12.0	0.796
516	12.6	12.0	0.772
517	12.5	12.0	0.715
518	12.1	12.0	0.628
519	12.1	12.0	0.572
520	12.5	12.0	0.534
521	12.7	12.0	0.555
522	12.7	12.0	0.689
523	13.0	12.0	0.768
524	12.8	12.0	0.951
525	12.9	12.0	0.977
526	13.3	12.0	0.911
527	13.6	12.0	0.548
528	14.1	12.0	0.343
529	11.8	12.0	0.238
530	11.8	12.0	0.128
531	12.3	12.0	0.050
532	12.0	12.0	0.036
533	12.1	12.0	0.109
534	11.9	12.0	0.274
535	12.3	12.0	0.741
536	14.7	11.9	0.793
537	14.3	11.9	0.796
538	13.7	11.9	0.834
539	13.1	11.9	0.796
540	12.2	11.9	0.772
541	11.7	11.9	0.715
542	11.0	11.9	0.628
543	10.9	11.9	0.572
544	11.2	11.9	0.534
545	11.3	11.9	0.555
546	11.6	11.9	0.689
547	11.8	11.9	0.768
548	11.9	11.9	0.951
549	12.2	11.9	0.977
550	12.7	11.9	0.911
551	13.0	11.9	0.548
552	13.4	11.9	0.343
553	11.0	11.9	0.238
554	10.9	11.9	0.128
555	11.0	11.9	0.050
556	10.9	11.9	0.036
557	11.4	11.9	0.109
558	11.6	11.9	0.274
559	11.4	11.9	0.741
560	13.6	11.9	0.793
561	13.2	11.9	0.796
562	12.7	11.9	0.834
563	12.4	11.9	0.796
564	12.2	11.9	0.772
565	11.7	11.9	0.715
566	11.5	11.9	0.628
567	11.2	11.8	0.572
568	11.3	11.8	0.534
569	11.5	11.8	0.555
570	11.6	11.8	0.689
571	11.8	11.8	0.768
572	12.1	11.8	0.951
573	11.9	11.8	0.977
574	12.1	11.8	0.911
575	12.0	11.8	0.548
576	11.7	11.8	0.343
577	9.3	11.8	0.238
578	9.6	11.8	0.128
579	9.7	11.8	0.050
580	9.1	11.8	0.036
581	8.9	11.8	0.109
582	9.0	11.8	0.274
583	8.9	11.8	0.741
584	11.0	11.8	0.793
585	10.7	11.8	0.796
586	10.4	11.8	0.834
587	9.9	11.8	0.796
588	9.3	11.8	0.772
589	8.8	11.8	0.715
590	8.7	11.7	0.628
591	8.3	11.7	0.572
592	8.0	11.7	0.534
593	8.1	11.7	0.555
594	8.1	11.7	0.689
595	8.1	11.7	0.768
596	8.0	11.7	0.951
597	8.3	11.7	0.977
598	8.6	11.7	0.911
599	8.9	11.7	0.548
600	8.9	11.7	0.343
601	6.4	11.7	0.238
602	6.9	11.7	0.128
603	7.4	11.7	0.050
604	7.7	11.7	0.036
605	8.0	11.7	0.109
606	7.9	11.7	0.274
607	7.9	11.7	0.741
608	10.4	11.7	0.793
609	10.6	11.7	0.796
610	10.5	11.7	0.834
611	10.3	11.7	0.796
612	10.4	11.7	0.772
613	10.5	11.7	0.715
614	10.1	11.7	0.628
615	10.0	11.6	0.572
616	9.6	11.6	0.534
617	10.3	11.6	0.555
618	10.5	11.6	0.689
619	11.2	11.6	0.768
620	11.4	11.6	0.951
621	12.1	11.6	0.977
622	12.5	11.6	0.911
623	12.6	11.6	0.548
624	12.8	11.6	0.343
625	10.9	11.6	0.238
626	11.1	11.6	0.128
627	10.9	11.6	0.050
628	10.6	11.6	0.036
629	10.6	11.6	0.109
630	10.7	11.6	0.274
631	10.3	11.6	0.741
632	12.6	11.6	0.793
633	12.3	11.6	0.796
634	12.1	11.6	0.834
635	11.3	11.6	0.796
636	10.5	11.6	0.772
637	10.4	11.5	0.715
638	10.2	11.5	0.628
639	10.2	11.5	0.572
640	10.5	11.5	0.534
641	10.3	11.5	0.555
642	10.8	11.5	0.689
643	11.2	11.5	0.768
644	11.3	11.5	0.951
645	11.4	11.5	0.977
646	11.0	11.5	0.911
647	10.8	11.5	0.548
648	10.6	11.5	0.343
649	8.3	11.5	0.238
650	8.7	11.5	0.128
651	8.7	11.5	0.050
652	8.8	11.5	0.036
653	9.1	11.5	0.109
654	9.5	11.5	0.274
655	9.4	11.5	0.741
656	11.8	11.5	0.793
657	11.8	11.5	0.796
658	11.5	11.5	0.834
659	11.3	11.5	0.796
660	11.0	11.5	0.772
661	10.9	11.5	0.715
662	10.9	11.5	0.628
663	11.0	11.5	0.572
664	10.9	11.5	0.534
665	11.5	11.5	0.555
666	11.9	11.5	0.689
667	12.5	11.5	0.768
668	13.1	11.5	0.951
669	13.5	11.5	0.977
670	14.0	11.5	0.911
671	14.7	11.4	0.548
672	14.9	11.4	0.343
673	12.6	11.4	0.238
674	12.1	11.4	0.128
675	11.9	11.4	0.050
676	11.5	11.4	0.036
677	10.5	11.4	0.109
678	9.9	11.4	0.274
679	9.6	11.4	0.741
680	12.0	11.4	0.793
681	12.0	11.4	0.796
682	11.6	11.4	0.834
683	11.1	11.4	0.796
684	10.5	11.4	0.772
685	10.4	11.4	0.715
686	10.2	11.4	0.628
687	10.1	11.4	0.572
688	9.1	11.4	0.534
689	8.7	11.4	0.555
690	8.5	11.4	0.689
691	8.3	11.4	0.768
692	7.9	11.4	0.951
693	7.2	11.4	0.977
694	6.9	11.4	0.911
695	6.3	11.4	0.548
696	6.0	11.4	0.343
697	3.5	11.4	0.238
698	3.3	11.4	0.128
699	3.7	11.4	0.050
700	3.9	11.4	0.036
701	4.0	11.4	0.109
702	3.9	11.3	0.274
703	4.2	11.3	0.741
704	6.9	11.3	0.793
705	6.7	11.3	0.796
706	6.6	11.3	0.834
707	6.6	11.3	0.796
708	6.2	11.3	0.772
709	5.9	11.3	0.715
710	6.0	11.3	0.628
711	6.2	11.3	0.572
712	6.0	11.3	0.534
713	5.9	11.3	0.555
714	5.8	11.3	0.689
715	5.8	11.3	0.768
716	5.5	11.3	0.951
717	5.7	11.3	0.977
718	5.3	11.3	0.911
719	5.5	11.3	0.548
720	5.8	11.3	0.343
721	3.5	11.3	0.238
722	3.2	11.3	0.128
723	3.1	11.3	0.050
724	2.9	11.3	0.036
725	2.7	11.3	0.109
726	2.9	11.3	0.274
727	3.0	11.3	0.741
728	5.5	11.3	0.793
729	5.7	11.3	0.796
730	5.3	11.3	0.834
731	4.7	11.3	0.796
732	4.5	11.3	0.772
733	4.1	11.3	0.715
734	3.7	11.2	0.628
735	3.9	11.2	0.572
736	4.2	11.2	0.534
737	4.5	11.2	0.555
738	5.4	11.2	0.689
739	6.1	11.2	0.768
740	6.5	11.2	0.951
741	6.5	11.2	0.977
742	6.6	11.2	0.911
743	7.1	11.2	0.548
744	7.5	11.2	0.343
745	5.5	11.2	0.238
746	5.9	11.2	0.128
747	5.9	11.2	0.050
748	5.8	11.2	0.036
749	5.8	11.2	0.109
750	5.9	11.2	0.274
751	5.7	11.2	0.741
752	8.3	11.2	0.793
753	8.1	11.2	0.796
754	7.6	11.2	0.834
755	7.0	11.2	0.796
756	6.7	11.2	0.772
757	6.5	11.2	0.715
758	6.3	11.2	0.628
759	6.4	11.2	0.572
760	6.3	11.2	0.534
761	6.5	11.2	0.555
762	6.9	11.2	0.689
763	7.5	11.2	0.768
764	8.0	11.2	0.951
765	8.7	11.2	0.977
766	9.3	11.2	0.911
767	10.0	11.2	0.548
768	10.2	11.1	0.343
769	8.2	11.1	0.238
770	8.1	11.1	0.128
771	8.1	11.1	0.050
772	8.6	11.1	0.036
773	9.0	11.1	0.109
774	9.2	11.1	0.274
775	9.5	11.1	0.741
776	11.8	11.1	0.793
777	11.8	11.1	0.796
778	11.7	11.1	0.834
779	11.5	11.1	0.796
780	11.5	11.1	0.772
781	11.2	11.1	0.715
782	11.0	11.1	0.628
783	11.1	11.1	0.572
784	11.3	11.1	0.534
785	11.6	11.1	0.555
786	11.8	11.1	0.689
787	12.5	11.1	0.768
788	13.3	11.1	0.951
789	13.8	11.1	0.977
790	14.1	11.1	0.911
791	14.4	11.1	0.548
792	14.6	11.1	0.343
793	12.5	11.1	0.238
794	12.8	11.1	0.128
795	12.7	11.1	0.050
796	13.1	11.1	0.036
797	13.3	11.1	0.109
798	13.4	11.1	0.274
799	13.8	11.1	0.741
800	15.6	11.0	0.793
801	15.5	11.0	0.796
802	15.1	11.0	0.834
803	14.6	11.0	0.796
804	13.9	11.0	0.772
805	13.8	11.0	0.715
806	13.3	11.0	0.628
807	13.2	11.0	0.572
808	13.3	11.0	0.534
809	13.5	11.0	0.555
810	13.8	11.0	0.689
811	14.2	11.0	0.768
812	14.4	11.0	0.951
813	14.1	11.0	0.977
814	14.8	11.0	0.911
815	14.4	11.0	0.548
816	14.3	11.0	0.343
817	12.5	11.0	0.238
818	12.4	11.0	0.128
819	12.3	11.0	0.050
820	12.5	11.0	0.036
821	12.0	11.0	0.109
822	11.4	11.0	0.274
823	11.2	11.0	0.741
824	13.1	11.0	0.793
825	12.9	11.0	0.796
826	12.7	11.0	0.834
827	12.0	11.0	0.796
828	11.1	11.0	0.772
829	10.6	11.0	0.715
830	9.9	11.0	0.628
831	9.8	11.0	0.572
832	9.7	11.0	0.534
833	9.6	11.0	0.555
834	9.7	11.0	0.689
835	10.3	11.0	0.768
836	10.2	11.0	0.951
837	10.4	11.0	0.977
838	10.6	10.9	0.911
839	10.9	10.9	0.548
840	10.8	10.9	0.343
841	8.7	10.9	0.238
842	8.5	10.9	0.128
843	8.4	10.9	0.050
844	8.7	10.9	0.036
845	8.7	10.9	0.109
846	8.8	10.9	0.274
847	8.8	10.9	0.741
848	10.9	10.9	0.793
849	10.6	10.9	0.796
850	10.2	10.9	0.834
851	9.8	10.9	0.796
852	9.4	10.9	0.772
853	8.7	10.9	0.715
854	8.9	10.9	0.628
855	8.8	10.9	0.572
856	9.1	10.9	0.534
857	9.3	10.9	0.555
858	9.8	10.9	0.689
859	10.3	10.9	0.768
860	10.8	10.9	0.951
861	10.9	10.9	0.977
862	10.9	10.9	0.911
863	11.1	10.9	0.548
864	10.9	10.9	0.343
865	8.7	10.9	0.238
866	9.0	10.9	0.128
867	8.9	10.9	0.050
868	9.0	10.9	0.036
869	8.5	10.9	0.109
870	8.6	10.9	0.274
871	8.8	10.9	0.741
872	10.7	10.9	0.793
873	10.8	10.9	0.796
874	10.7	10.9	0.834
875	10.1	10.9	0.796
876	10.0	10.9	0.772
877	9.5	10.9	0.715
878	9.2	10.9	0.628
879	9.1	10.8	0.572
880	8.8	10.8	0.534
881	8.8	10.8	0.555
882	9.2	10.8	0.689
883	9.7	10.8	0.768
884	9.9	10.8	0.951
885	10.2	10.8	0.977
886	10.1	10.8	0.911
887	10.7	10.8	0.548
888	10.6	10.8	0.343
889	8.5	10.8	0.238
890	8.3	10.8	0.128
891	8.2	10.8	0.050
892	7.7	10.8	0.036
893	8.1	10.8	0.109
894	7.9	10.8	0.274
895	7.9	10.8	0.741
896	9.8	10.8	0.793
897	9.7	10.8	0.796
898	9.6	10.8	0.834
899	9.3	10.8	0.796
900	9.4	10.8	0.772
901	9.5	10.8	0.715
902	9.4	10.8	0.628
903	9.4	10.8	0.572
904	9.2	10.8	0.534
905	9.1	10.8	0.555
906	8.9	10.8	0.689
907	8.8	10.8	0.768
908	8.7	10.8	0.951
909	8.9	10.8	0.977
910	8.9	10.8	0.911
911	9.0	10.8	0.548
912	8.8	10.7	0.343
913	6.7	10.7	0.238
914	7.0	10.7	0.128
915	7.3	10.7	0.050
916	7.6	10.7	0.036
917	7.6	10.7	0.109
918	8.1	10.7	0.274
919	8.0	10.7	0.741
920	9.9	10.7	0.793
921	9.9	10.7	0.796
922	9.5	10.7	0.834
923	9.4	10.7	0.796
924	8.8	10.7	0.772
925	8.7	10.7	0.715
926	8.6	10.7	0.628
927	8.4	10.7	0.572
928	8.4	10.7	0.534
929	8.4	10.7	0.555
930	9.0	10.7	0.689
931	9.3	10.7	0.768
932	9.7	10.7	0.951
933	9.9	10.7	0.977
934	10.4	10.7	0.911
935	10.7	10.7	0.548
936	10.7	10.7	0.343
937	8.4	10.7	0.238
938	8.8	10.7	0.128
939	8.6	10.7	0.050
940	8.6	10.7	0.036
941	8.7	10.7	0.109
942	8.9	10.7	0.274
943	9.1	10.7	0.741
944	11.3	10.7	0.793
945	11.3	10.7	0.796
946	11.2	10.7	0.834
947	10.8	10.7	0.796
948	10.1	10.7	0.772
949	9.7	10.6	0.715
950	9.3	10.6	0.628
951	9.7	10.6	0.572
952	10.0	10.6	0.534
953	10.0	10.6	0.555
954	10.2	10.6	0.689
955	10.3	10.6	0.768
956	10.8	10.6	0.951
957	10.8	10.6	0.977
958	10.8	10.6	0.911
959	11.1	10.6	0.548
960	11.2	10.6	0.343
961	9.2	10.6	0.238
962	9.4	10.6	0.128
963	9.5	10.6	0.050
964	9.5	10.6	0.036
965	9.6	10.6	0.109
966	9.6	10.6	0.274
967	9.5	10.6	0.741
968	11.9	10.6	0.793
969	11.4	10.6	0.796
970	11.0	10.6	0.834
971	10.7	10.6	0.796
972	10.3	10.6	0.772
973	9.5	10.6	0.715
974	9.4	10.6	0.628
975	9.1	10.6	0.572
976	9.1	10.6	0.534
977	9.4	10.6	0.555
978	9.9	10.6	0.689
979	10.8	10.6	0.768
980	10.9	10.6	0.951
981	11.5	10.6	0.977
982	12.0	10.6	0.911
983	11.6	10.6	0.548
984	11.9	10.5	0.343
985	9.9	10.5	0.238
986	9.9	10.5	0.128
987	9.8	10.5	0.050
988	10.0	10.5	0.036
989	10.0	10.5	0.109
990	9.8	10.5	0.274
991	9.7	10.5	0.741
992	11.7	10.5	0.793
993	11.6	10.5	0.796
994	10.9	10.5	0.834
995	10.7	10.5	0.796
996	10.5	10.5	0.772
997	9.9	10.5	0.715
998	9.7	10.5	0.628
999	9.6	10.5	0.572
1000	9.7	10.5	0.534
1001	9.9	10.5	0.555
1002	10.2	10.5	0.689
1003	10.5	10.5	0.768
1004	10.6	10.5	0.951
1005	10.5	10.5	0.977
1006	11.2	10.5	0.911
1007	11.1	10.5	0.548
1008	10.7	10.5	0.343
1009	8.7	10.5	0.238
1010	8.7	10.5	0.128
1011	9.0	10.5	0.050
1012	9.0	10.5	0.036
1013	8.6	10.5	0.109
1014	8.5	10.5	0.274
1015	8.3	10.5	0.741
1016	10.2	10.5	0.793
1017	10.0	10.5	0.796
1018	10.0	10.5	0.834
1019	9.4	10.4	0.796
1020	9.0	10.4	0.772
1021	8.9	10.4	0.715
1022	8.3	10.4	0.628
1023	7.7	10.4	0.572
1024	7.8	10.4	0.534
1025	7.6	10.4	0.555
1026	7.5	10.4	0.689
1027	7.9	10.4	0.768
1028	8.4	10.4	0.951
1029	8.7	10.4	0.977
1030	8.5	10.4	0.911
1031	8.7	10.4	0.548
1032	8.8	10.4	0.343
1033	6.5	10.4	0.238
1034	6.6	10.4	0.128
1035	6.8	10.4	0.050
1036	6.9	10.4	0.036
1037	6.7	10.4	0.109
1038	6.7	10.4	0.274
1039	6.8	10.4	0.741
1040	8.8	10.4	0.793
1041	8.9	10.4	0.796
1042	9.0	10.4	0.834
1043	9.0	10.4	0.796
1044	9.4	10.4	0.772
1045	9.0	10.4	0.715
1046	9.3	10.4	0.628
1047	9.0	10.4	0.572
1048	9.3	10.4	0.534
1049	9.7	10.4	0.555
1050	9.8	10.4	0.689
1051	9.9	10.4	0.768
1052	10.1	10.4	0.951
1053	10.2	10.4	0.977
1054	10.3	10.4	0.911
1055	10.1	10.3	0.548
1056	10.3	10.3	0.343
1057	7.8	10.3	0.238
1058	7.7	10.3	0.128
1059	7.6	10.3	0.050
1060	7.6	10.3	0.036
1061	7.6	10.3	0.109
1062	7.6	10.3	0.274
1063	7.6	10.3	0.741
1064	9.7	10.3	0.793
1065	9.4	10.3	0.796
1066	9.5	10.3	0.834
1067	9.0	10.3	0.796
1068	8.9	10.3	0.772
1069	8.4	10.3	0.715
1070	8.0	10.3	0.628
1071	7.8	10.3	0.572
1072	8.1	10.3	0.534
1073	8.0	10.3	0.555
1074	7.8	10.3	0.689
1075	7.8	10.3	0.768
1076	7.7	10.3	0.951
1077	7.3	10.3	0.977
1078	6.9	10.3	0.911
1079	7.0	10.3	0.548
1080	6.9	10.3	0.343
1081	4.8	10.3	0.238
1082	4.9	10.3	0.128
1083	4.6	10.3	0.050
1084	4.8	10.3	0.036
1085	4.9	10.3	0.109
1086	4.6	10.3	0.274
1087	4.6	10.2	0.741
1088	6.5	10.2	0.793
1089	5.7	10.2	0.796
1090	5.5	10.2	0.834
1091	5.1	10.2	0.796
1092	4.9	10.2	0.772
1093	4.5	10.2	0.715
1094	4.1	10.2	0.628
1095	3.8	10.2	0.572
1096	3.8	10.2	0.534
1097	4.0	10.2	0.555
1098	4.4	10.2	0.689
1099	5.0	10.2	0.768
1100	5.3	10.2	0.951
1101	5.2	10.2	0.977
1102	5.4	10.2	0.911
1103	5.7	10.2	0.548
1104	6.2	10.2	0.343
1105	4.3	10.2	0.238
1106	4.4	10.2	0.128
1107	4.4	10.2	0.050
1108	4.9	10.2	0.036
1109	4.7	10.2	0.109
1110	4.6	10.2	0.274
1111	4.9	10.2	0.741
1112	6.8	10.2	0.793
1113	6.8	10.2	0.796
1114	6.6	10.2	0.834
1115	6.2	10.2	0.796
1116	5.4	10.2	0.772
1117	4.7	10.2	0.715
1118	4.7	10.2	0.628
1119	5.1	10.2	0.572
1120	5.3	10.2	0.534
1121	5.5	10.2	0.555
1122	5.8	10.2	0.689
1123	6.3	10.2	0.768
1124	6.8	10.2	0.951
1125	7.1	10.2	0.977
1126	7.4	10.2	0.911
1127	8.0	10.1	0.548
1128	8.2	10.1	0.343
1129	6.4	10.1	0.238
1130	6.4	10.1	0.128
1131	6.9	10.1	0.050
1132	7.0	10.1	0.036
1133	7.5	10.1	0.109
1134	7.7	10.1	0.274
1135	7.6	10.1	0.741
1136	9.5	10.1	0.793
1137	9.1	10.1	0.796
1138	9.1	10.1	0.834
1139	8.8	10.1	0.796
1140	8.2	10.1	0.772
1141	7.8	10.1	0.715
1142	7.5	10.1	0.628
1143	7.4	10.1	0.572
1144	7.5	10.1	0.534
1145	7.7	10.1	0.555
1146	8.6	10.1	0.689
1147	8.7	10.1	0.768
1148	9.0	10.1	0.951
1149	9.3	10.1	0.977
1150	10.0	10.1	0.911
1151	10.2	10.1	0.548
1152	10.5	10.1	0.343
1153	8.7	10.1	0.238
1154	8.7	10.1	0.128
1155	9.0	10.1	0.050
1156	9.1	10.1	0.036
1157	9.4	10.1	0.109
1158	9.4	10.1	0.274
1159	9.3	10.1	0.741
1160	11.6	10.1	0.793
1161	11.8	10.1	0.796
1162	11.5	10.1	0.834
1163	11.3	10.0	0.796
1164	11.0	10.0	0.772
1165	10.6	10.0	0.715
1166	10.6	10.0	0.628
1167	10.4	10.0	0.572
1168	10.2	10.0	0.534
1169	10.1	10.0	0.555
1170	10.7	10.0	0.689
1171	11.2	10.0	0.768
1172	11.2	10.0	0.951
1173	11.2	10.0	0.977
1174	11.5	10.0	0.911
1175	12.0	10.0	0.548
1176	11.9	10.0	0.343
1177	9.6	10.0	0.238
1178	9.7	10.0	0.128
1179	10.1	10.0	0.050
1180	10.0	10.0	0.036
1181	10.4	10.0	0.109
1182	10.7	10.0	0.274
1183	10.6	10.0	0.741
1184	12.7	10.0	0.793
1185	12.3	10.0	0.796
1186	12.0	10.0	0.834
1187	12.0	10.0	0.796
1188	11.6	10.0	0.772
1189	11.2	10.0	0.715
1190	11.0	10.0	0.628
1191	11.0	10.0	0.572
1192	10.8	10.0	0.534
1193	11.0	10.0	0.555
1194	11.5	10.0	0.689
1195	11.6	10.0	0.768
1196	12.3	10.0	0.951
1197	12.9	10.0	0.977
1198	13.2	10.0	0.911
1199	12.9	9.9	0.548
1200	13.2	9.9	0.343
1201	11.3	9.9	0.238
1202	11.9	9.9	0.128
1203	11.9	9.9	0.050
1204	11.9	9.9	0.036
1205	11.6	9.9	0.109
1206	11.3	9.9	0.274
1207	11.3	9.9	0.741
1208	13.4	9.9	0.793
1209	13.4	9.9	0.796
1210	13.1	9.9	0.834
1211	12.9	9.9	0.796
1212	12.7	9.9	0.772
1213	12.7	9.9	0.715
1214	12.6	9.9	0.628
1215	12.4	9.9	0.572
1216	12.6	9.9	0.534
1217	12.7	9.9	0.555
1218	13.2	9.9	0.689
1219	13.4	9.9	0.768
1220	13.6	9.9	0.951
1221	13.7	9.9	0.977
1222	13.8	9.9	0.911
1223	13.8	9.9	0.548
1224	14.1	9.9	0.343
1225	12.0	9.9	0.238
1226	11.7	9.9	0.128
1227	11.6	9.9	0.050
1228	11.2	9.9	0.036
1229	10.5	9.9	0.109
1230	10.2	9.9	0.274
1231	10.2	9.9	0.741
1232	12.1	9.9	0.793
1233	11.9	9.9	0.796
1234	11.4	9.9	0.834
1235	10.9	9.9	0.796
1236	10.8	9.9	0.772
1237	10.6	9.9	0.715
1238	10.0	9.9	0.628
1239	10.0	9.9	0.572
1240	9.7	9.9	0.534
1241	9.7	9.8	0.555
1242	9.5	9.8	0.689
1243	9.2	9.8	0.768
1244	8.9	9.8	0.951
1245	8.9	9.8	0.977
1246	8.3	9.8	0.911
1247	8.1	9.8	0.548
1248	8.0	9.8	0.343
1249	5.5	9.8	0.238
1250	5.7	9.8	0.128
1251	5.6	9.8	0.050
1252	5.5	9.8	0.036
1253	5.5	9.8	0.109
1254	5.6	9.8	0.274
1255	5.7	9.8	0.741
1256	7.9	9.8	0.793
1257	7.5	9.8	0.796
1258	6.7	9.8	0.834
1259	6.5	9.8	0.796
1260	5.7	9.8	0.772
1261	5.5	9.8	0.715
1262	5.5	9.8	0.628
1263	5.3	9.8	0.572
1264	5.8	9.8	0.534
1265	6.0	9.8	0.555
1266	6.1	9.8	0.689
1267	6.7	9.8	0.768
1268	6.8	9.8	0.951
1269	7.1	9.7	0.977
1270	7.4	9.7	0.911
1271	7.7	9.7	0.548
1272	7.9	9.7	0.343
1273	5.8	9.7	0.238
1274	6.0	9.7	0.128
1275	6.1	9.7	0.050
1276	6.0	9.7	0.036
1277	6.2	9.7	0.109
1278	6.4	9.7	0.274
1279	6.4	9.7	0.741
1280	8.8	9.7	0.793
1281	8.7	9.7	0.796
1282	8.5	9.7	0.834
1283	7.8	9.7	0.796
1284	7.4	9.7	0.772
1285	7.2	9.7	0.715
1286	6.9	9.7	0.628
1287	6.5	9.7	0.572
1288	6.5	9.7	0.534
1289	6.9	9.7	0.555
1290	7.4	9.7	0.689
1291	7.9	9.7	0.768
1292	7.8	9.7	0.951
1293	8.0	9.7	0.977
1294	8.3	9.7	0.911
1295	8.1	9.7	0.548
1296	8.4	9.7	0.343
1297	6.3	9.7	0.238
1298	6.5	9.7	0.128
1299	6.7	9.7	0.050
1300	7.4	9.7	0.036
1301	7.6	9.7	0.109
1302	7.9	9.7	0.274
1303	8.1	9.7	0.741
1304	10.4	9.7	0.793
1305	10.3	9.7	0.796
1306	9.7	9.7	0.834
1307	9.1	9.7	0.796
1308	8.7	9.7	0.772
1309	8.4	9.6	0.715
1310	8.1	9.6	0.628
1311	7.8	9.6	0.572
1312	7.4	9.6	0.534
1313	7.7	9.6	0.555
1314	8.3	9.6	0.689
1315	8.9	9.6	0.768
1316	9.1	9.6	0.951
1317	9.3	9.6	0.977
1318	9.4	9.6	0.911
1319	9.6	9.6	0.548
1320	9.4	9.6	0.343
1321	7.3	9.6	0.238
1322	7.5	9.6	0.128
1323	7.7	9.6	0.050
1324	7.5	9.6	0.036
1325	7.7	9.6	0.109
1326	7.6	9.6	0.274
1327	7.2	9.6	0.741
1328	8.8	9.6	0.793
1329	8.8	9.6	0.796
1330	8.4	9.6	0.834
1331	7.5	9.6	0.796
1332	6.5	9.6	0.772
1333	6.0	9.6	0.715
1334	5.2	9.6	0.628
1335	5.1	9.6	0.572
1336	5.6	9.6	0.534
1337	5.5	9.6	0.555
1338	6.0	9.6	0.689
1339	6.6	9.6	0.768
1340	6.8	9.6	0.951
1341	6.8	9.6	0.977
1342	6.8	9.6	0.911
1343	6.9	9.6	0.548
1344	7.0	9.6	0.343
1345	5.0	9.6	0.238
1346	5.4	9.6	0.128
1347	5.8	9.6	0.050
1348	5.9	9.6	0.036
1349	5.9	9.6	0.109
1350	5.8	9.6	0.274
1351	6.0	9.6	0.741
1352	8.3	9.6	0.793
1353	8.3	9.6	0.796
1354	7.8	9.6	0.834
1355	7.5	9.6	0.796
1356	7.2	9.6	0.772
1357	6.8	9.6	0.715
1358	7.0	9.6	0.628
1359	6.8	9.5	0.572
1360	7.0	9.5	0.534
1361	7.4	9.5	0.555
1362	7.9	9.5	0.689
1363	8.7	9.5	0.768
1364	9.4	9.5	0.951
1365	9.8	9.5	0.977
1366	9.9	9.5	0.911
1367	10.7	9.5	0.548
1368	10.7	9.5	0.343
1369	9.1	9.5	0.238
1370	9.5	9.5	0.128
1371	9.1	9.5	0.050
1372	9.3	9.5	0.036
1373	9.4	9.5	0.109
1374	9.1	9.5	0.274
1375	9.1	9.5	0.741
1376	11.4	9.5	0.793
1377	11.5	9.5	0.796
1378	11.1	9.5	0.834
1379	10.5	9.5	0.796
1380	10.1	9.5	0.772
1381	9.8	9.5	0.715
1382	9.5	9.5	0.628
1383	9.3	9.5	0.572
1384	9.5	9.5	0.534
1385	9.8	9.5	0.555
1386	10.6	9.5	0.689
1387	11.6	9.5	0.768
1388	12.1	9.5	0.951
1389	12.5	9.5	0.977
1390	12.6	9.5	0.911
1391	13.0	9.5	0.548
1392	13.9	9.5	0.343
1393	12.0	9.5	0.238
1394	12.1	9.5	0.128
1395	12.1	9.5	0.050
1396	12.2	9.5	0.036
1397	12.3	9.5	0.109
1398	12.1	9.5	0.274
1399	12.2	9.5	0.741
1400	13.8	9.4	0.793
1401	13.6	9.4	0.796
1402	13.1	9.4	0.834
1403	12.5	9.4	0.796
1404	11.5	9.4	0.772
1405	10.7	9.4	0.715
1406	9.9	9.4	0.628
1407	9.6	9.4	0.572
1408	9.3	9.4	0.534
1409	9.4	9.4	0.555
1410	10.1	9.4	0.689
1411	10.8	9.4	0.768
1412	10.9	9.4	0.951
1413	11.0	9.4	0.977
1414	11.3	9.4	0.911
1415	11.4	9.4	0.548
1416	11.7	9.4	0.343
1417	6.6	9.4	0.238
1418	6.7	9.4	0.128
1419	6.7	9.4	0.050
1420	6.9	9.4	0.036
1421	7.0	9.4	0.109
1422	7.1	9.4	0.274
1423	7.1	9.4	0.741
1424	8.7	9.4	0.793
1425	8.2	9.4	0.796
1426	7.8	9.4	0.834
1427	7.2	9.4	0.796
1428	6.3	9.4	0.772
1429	5.9	9.4	0.715
1430	5.6	9.4	0.628
1431	5.4	9.4	0.572
1432	5.7	9.4	0.534
1433	5.8	9.4	0.555
1434	6.1	9.4	0.689
1435	6.3	9.4	0.768
1436	6.5	9.4	0.951
1437	6.6	9.4	0.977
1438	6.8	9.4	0.911
1439	7.2	9.4	0.548
1440	7.3	9.3	0.343
1441	5.6	9.3	0.238
1442	5.8	9.3	0.128
1443	6.4	9.3	0.050
1444	6.3	9.3	0.036
1445	6.5	9.3	0.109
1446	6.6	9.3	0.274
1447	6.6	9.3	0.741
1448	8.3	9.3	0.793
1449	8.2	9.3	0.796
1450	7.6	9.3	0.834
1451	7.2	9.3	0.796
1452	6.8	9.3	0.772
1453	6.2	9.3	0.715
1454	5.9	9.3	0.628
1455	5.9	9.3	0.572
1456	6.0	9.3	0.534
1457	6.0	9.3	0.555
1458	7.0	9.3	0.689
1459	7.4	9.3	0.768
1460	7.9	9.3	0.951
1461	8.1	9.3	0.977
1462	8.4	9.3	0.911
1463	8.7	9.3	0.548
1464	9.0	9.3	0.343
1465	7.7	9.3	0.238
1466	7.7	9.3	0.128
1467	7.8	9.3	0.050
1468	7.7	9.3	0.036
1469	7.8	9.3	0.109
1470	7.8	9.3	0.274
1471	8.0	9.3	0.741
1472	9.5	9.3	0.793
1473	9.6	9.3	0.796
1474	9.4	9.3	0.834
1475	9.1	9.3	0.796
1476	9.0	9.3	0.772
1477	9.0	9.3	0.715
1478	9.2	9.3	0.628
1479	9.2	9.3	0.572
1480	9.2	9.3	0.534
1481	9.6	9.3	0.555
1482	9.6	9.3	0.689
1483	9.6	9.3	0.768
1484	9.5	9.3	0.951
1485	9.6	9.3	0.977
1486	9.7	9.3	0.911
1487	9.7	9.3	0.548
1488	9.5	9.3	0.343
1489	7.8	9.3	0.238
1490	7.7	9.3	0.128
1491	7.8	9.3	0.050
1492	7.6	9.3	0.036
1493	7.8	9.3	0.109
1494	7.7	9.2	0.274
1495	7.6	9.2	0.741
1496	9.0	9.2	0.793
1497	8.7	9.2	0.796
1498	8.3	9.2	0.834
1499	7.7	9.2	0.796
1500	7.3	9.2	0.772
1501	6.7	9.2	0.715
1502	6.4	9.2	0.628
1503	6.5	9.2	0.572
1504	6.7	9.2	0.534
1505	7.2	9.2	0.555
1506	7.7	9.2	0.689
1507	8.0	9.2	0.768
1508	8.5	9.2	0.951
1509	8.4	9.2	0.977
1510	8.7	9.2	0.911
1511	8.9	9.2	0.548
1512	8.8	9.2	0.343
1513	7.7	9.2	0.238
1514	7.9	9.2	0.128
1515	7.9	9.2	0.050
1516	7.7	9.2	0.036
1517	7.5	9.2	0.109
1518	7.3	9.2	0.274
1519	7.3	9.2	0.741
1520	8.5	9.2	0.793
1521	8.3	9.2	0.796
1522	8.1	9.2	0.834
1523	7.6	9.2	0.796
1524	7.1	9.2	0.772
1525	6.7	9.2	0.715
1526	6.6	9.2	0.628
1527	6.5	9.2	0.572
1528	6.6	9.2	0.534
1529	6.6	9.2	0.555
1530	6.9	9.2	0.689
1531	6.8	9.2	0.768
1532	6.6	9.2	0.951
1533	6.6	9.2	0.977
1534	6.6	9.2	0.911
1535	6.5	9.1	0.548
1536	6.6	9.1	0.343
1537	5.1	9.1	0.238
1538	4.9	9.1	0.128
1539	5.1	9.1	0.050
1540	5.4	9.1	0.036
1541	5.5	9.1	0.109
1542	5.7	9.1	0.274
1543	5.6	9.1	0.741
1544	7.0	9.1	0.793
1545	6.8	9.1	0.796
1546	6.6	9.1	0.834
1547	5.9	9.1	0.796
1548	5.8	9.1	0.772
1549	5.5	9.1	0.715
1550	5.4	9.1	0.628
1551	5.0	9.1	0.572
1552	5.4	9.1	0.534
1553	5.6	9.1	0.555
1554	5.9	9.1	0.689
1555	6.5	9.1	0.768
1556	6.5	9.1	0.951
1557	6.7	9.1	0.977
1558	6.6	9.1	0.911
1559	6.8	9.1	0.548
1560	6.8	9.1	0.343
1561	5.5	9.1	0.238
1562	5.3	9.1	0.128
1563	5.1	9.1	0.050
1564	5.0	9.1	0.036
1565	4.9	9.1	0.109
1566	5.0	9.1	0.274
1567	5.1	9.1	0.741
1568	6.6	9.1	0.793
1569	6.7	9.1	0.796
1570	6.7	9.1	0.834
1571	6.7	9.1	0.796
1572	6.4	9.1	0.772
1573	6.2	9.1	0.715
1574	5.8	9.1	0.628
1575	5.7	9.1	0.572
1576	5.8	9.1	0.534
1577	5.5	9.1	0.555
1578	5.6	9.0	0.689
1579	5.6	9.0	0.768
1580	5.7	9.0	0.951
1581	5.9	9.0	0.977
1582	5.8	9.0	0.911
1583	5.9	9.0	0.548
1584	5.8	9.0	0.343
1585	4.3	9.0	0.238
1586	4.8	9.0	0.128
1587	4.9	9.0	0.050
1588	5.0	9.0	0.036
1589	5.0	9.0	0.109
1590	5.1	9.0	0.274
1591	5.1	9.0	0.741
1592	6.7	9.0	0.793
1593	6.8	9.0	0.796
1594	6.7	9.0	0.834
1595	6.3	9.0	0.796
1596	6.1	9.0	0.772
1597	5.8	9.0	0.715
1598	5.8	9.0	0.628
1599	5.6	9.0	0.572
1600	5.8	9.0	0.534
1601	6.0	9.0	0.555
1602	6.6	9.0	0.689
1603	6.7	9.0	0.768
1604	7.1	9.0	0.951
1605	7.4	9.0	0.977
1606	7.6	9.0	0.911
1607	7.9	9.0	0.548
1608	8.6	9.0	0.343
1609	7.3	9.0	0.238
1610	7.3	9.0	0.128
1611	7.5	9.0	0.050
1612	7.4	9.0	0.036
1613	7.4	9.0	0.109
1614	7.3	9.0	0.274
1615	7.3	9.0	0.741
1616	8.7	9.0	0.793
1617	8.6	9.0	0.796
1618	7.9	9.0	0.834
1619	7.5	9.0	0.796
1620	6.7	9.0	0.772
1621	6.0	9.0	0.715
1622	5.5	9.0	0.628
1623	5.2	9.0	0.572
1624	5.3	9.0	0.534
1625	5.5	9.0	0.555
1626	6.1	8.9	0.689
1627	6.7	8.9	0.768
1628	7.0	8.9	0.951
1629	7.1	8.9	0.977
1630	7.4	8.9	0.911
1631	7.6	8.9	0.548
1632	7.8	8.9	0.343
1633	6.3	8.9	0.238
1634	6.5	8.9	0.128
1635	6.5	8.9	0.050
1636	6.6	8.9	0.036
1637	7.0	8.9	0.109
1638	6.9	8.9	0.274
1639	7.0	8.9	0.741
1640	8.5	8.9	0.793
1641	8.2	8.9	0.796
1642	7.2	8.9	0.834
1643	6.6	8.9	0.796
1644	5.8	8.9	0.772
1645	5.3	8.9	0.715
1646	5.0	8.9	0.628
1647	4.8	8.9	0.572
1648	4.8	8.9	0.534
1649	5.0	8.9	0.555
1650	5.4	8.9	0.689
1651	6.0	8.9	0.768
1652	6.2	8.9	0.951
1653	6.6	8.9	0.977
1654	6.6	8.9	0.911
1655	6.6	8.9	0.548
1656	7.0	8.9	0.343
1657	5.6	8.9	0.238
1658	5.8	8.9	0.128
1659	5.8	8.8	0.050
1660	5.8	8.8	0.036
1661	5.9	8.8	0.109
1662	5.9	8.8	0.274
1663	5.9	8.8	0.741
1664	7.5	8.8	0.793
1665	7.1	8.8	0.796
1666	6.9	8.8	0.834
1667	6.6	8.8	0.796
1668	5.6	8.8	0.772
1669	5.2	8.8	0.715
1670	4.6	8.8	0.628
1671	4.4	8.8	0.572
1672	4.4	8.8	0.534
1673	4.8	8.8	0.555
1674	5.2	8.8	0.689
1675	5.7	8.8	0.768
1676	5.9	8.8	0.951
1677	6.3	8.8	0.977
1678	6.6	8.8	0.911
1679	6.8	8.8	0.548
1680	7.0	8.8	0.343
1681	5.7	8.8	0.238
1682	5.7	8.8	0.128
1683	5.7	8.8	0.050
1684	5.7	8.8	0.036
1685	5.8	8.8	0.109
1686	5.8	8.8	0.274
1687	5.5	8.8	0.741
1688	7.1	8.8	0.793
1689	7.0	8.8	0.796
1690	6.5	8.8	0.834
1691	5.6	8.8	0.796
1692	4.9	8.8	0.772
1693	4.5	8.8	0.715
1694	4.1	8.8	0.628
1695	3.6	8.8	0.572
1696	3.5	8.8	0.534
1697	3.6	8.8	0.555
1698	4.1	8.8	0.689
1699	4.4	8.8	0.768
1700	4.4	8.8	0.951
1701	4.5	8.8	0.977
1702	4.8	8.8	0.911
1703	4.8	8.7	0.548
1704	5.0	8.7	0.343
1705	3.5	8.7	0.238
1706	3.5	8.7	0.128
1707	3.3	8.7	0.050
1708	3.2	8.7	0.036
1709	3.0	8.7	0.109
1710	3.2	8.7	0.274
1711	3.0	8.7	0.741
1712	4.5	8.7	0.793
1713	4.2	8.7	0.796
1714	3.9	8.7	0.834
1715	3.6	8.7	0.796
1716	3.3	8.7	0.772
1717	2.9	8.7	0.715
1718	2.8	8.7	0.628
1719	2.5	8.7	0.572
1720	2.2	8.7	0.534
1721	2.6	8.7	0.555
1722	3.0	8.7	0.689
1723	3.4	8.7	0.768
1724	3.8	8.7	0.951
1725	4.0	8.7	0.977
1726	4.1	8.7	0.911
1727	4.0	8.7	0.548
1728	4.1	8.7	0.343
1729	2.4	8.7	0.238
1730	2.4	8.7	0.128
1731	2.4	8.7	0.050
1732	2.5	8.7	0.036
1733	2.6	8.7	0.109
1734	2.9	8.7	0.274
1735	3.0	8.7	0.741
1736	4.6	8.7	0.793
1737	4.1	8.7	0.796
1738	3.8	8.7	0.834
1739	3.4	8.7	0.796
1740	3.4	8.7	0.772
1741	3.1	8.7	0.715
1742	2.7	8.7	0.628
1743	2.7	8.7	0.572
1744	2.8	8.7	0.534
1745	2.9	8.7	0.555
1746	3.1	8.7	0.689
1747	3.4	8.7	0.768
1748	3.8	8.7	0.951
1749	4.1	8.7	0.977
1750	4.5	8.7	0.911
1751	4.5	8.7	0.548
1752	4.8	8.7	0.343
1753	3.3	8.7	0.238
1754	3.5	8.7	0.128
1755	3.7	8.7	0.050
1756	3.6	8.7	0.036
1757	3.9	8.7	0.109
1758	3.8	8.7	0.274
1759	3.8	8.6	0.741
1760	5.6	8.6	0.793
1761	5.6	8.6	0.796
1762	5.2	8.6	0.834
1763	4.6	8.6	0.796
1764	4.3	8.6	0.772
1765	3.8	8.6	0.715
1766	3.7	8.6	0.628
1767	3.3	8.6	0.572
1768	3.3	8.6	0.534
1769	3.7	8.6	0.555
1770	4.1	8.6	0.689
1771	4.7	8.6	0.768
1772	5.3	8.6	0.951
1773	5.6	8.6	0.977
1774	6.2	8.6	0.911
1775	6.5	8.6	0.548
1776	7.0	8.6	0.343
1777	5.7	8.6	0.238
1778	5.6	8.6	0.128
1779	5.6	8.6	0.050
1780	5.5	8.6	0.036
1781	5.6	8.6	0.109
1782	5.6	8.6	0.274
1783	5.5	8.6	0.741
1784	7.1	8.6	0.793
1785	7.0	8.6	0.796
1786	6.8	8.6	0.834
1787	6.2	8.5	0.796
1788	6.0	8.5	0.772
1789	5.8	8.5	0.715
1790	5.6	8.5	0.628
1791	5.5	8.5	0.572
1792	5.5	8.5	0.534
1793	5.7	8.5	0.555
1794	5.7	8.5	0.689
1795	6.0	8.5	0.768
1796	6.0	8.5	0.951
1797	6.3	8.5	0.977
1798	6.6	8.5	0.911
1799	6.7	8.5	0.548
1800	6.9	8.5	0.343
1801	5.5	8.5	0.238
1802	5.4	8.5	0.128
1803	5.3	8.5	0.050
1804	5.0	8.5	0.036
1805	5.3	8.5	0.109
1806	4.9	8.5	0.274
1807	4.6	8.5	0.741
1808	5.7	8.5	0.793
1809	5.4	8.5	0.796
1810	5.1	8.5	0.834
1811	5.0	8.4	0.796
1812	4.4	8.4	0.772
1813	4.0	8.4	0.715
1814	3.5	8.4	0.628
1815	3.4	8.4	0.572
1816	3.6	8.4	0.534
1817	3.5	8.4	0.555
1818	4.0	8.4	0.689
1819	4.1	8.4	0.768
1820	4.2	8.4	0.951
1821	4.2	8.4	0.977
1822	4.1	8.4	0.911
1823	4.1	8.4	0.548
1824	4.2	8.4	0.343
1825	2.5	8.4	0.238
1826	2.4	8.4	0.128
1827	2.7	8.4	0.050
1828	2.6	8.4	0.036
1829	2.4	8.4	0.109
1830	2.6	8.4	0.274
1831	2.5	8.4	0.741
1832	3.8	8.4	0.793
1833	3.7	8.4	0.796
1834	3.6	8.4	0.834
1835	3.1	8.4	0.796
1836	2.7	8.4	0.772
1837	2.4	8.4	0.715
1838	2.0	8.4	0.628
1839	1.7	8.4	0.572
1840	1.7	8.4	0.534
1841	1.9	8.4	0.555
1842	2.3	8.4	0.689
1843	2.7	8.3	0.768
1844	3.0	8.3	0.951
1845	3.1	8.3	0.977
1846	3.2	8.3	0.911
1847	3.3	8.3	0.548
1848	3.8	8.3	0.343
1849	2.3	8.3	0.238
1850	2.4	8.3	0.128
1851	2.7	8.3	0.050
1852	2.8	8.3	0.036
1853	2.8	8.3	0.109
1854	2.9	8.3	0.274
1855	3.1	8.3	0.741
1856	4.7	8.3	0.793
1857	4.3	8.3	0.796
1858	3.7	8.3	0.834
1859	3.4	8.3	0.796
1860	3.1	8.3	0.772
1861	3.0	8.3	0.715
1862	2.7	8.3	0.628
1863	2.8	8.3	0.572
1864	3.0	8.3	0.534
1865	3.3	8.3	0.555
1866	3.6	8.3	0.689
1867	4.4	8.3	0.768
1868	4.9	8.3	0.951
1869	5.0	8.3	0.977
1870	5.5	8.3	0.911
1871	6.0	8.3	0.548
1872	6.3	8.3	0.343
1873	4.9	8.3	0.238
1874	5.0	8.3	0.128
1875	5.1	8.3	0.050
1876	5.1	8.3	0.036
1877	4.9	8.3	0.109
1878	4.9	8.3	0.274
1879	4.9	8.3	0.741
1880	6.3	8.3	0.793
1881	6.1	8.3	0.796
1882	5.6	8.3	0.834
1883	5.1	8.3	0.796
1884	4.7	8.3	0.772
1885	4.5	8.3	0.715
1886	4.1	8.3	0.628
1887	4.1	8.2	0.572
1888	4.0	8.2	0.534
1889	4.2	8.2	0.555
1890	4.4	8.2	0.689
1891	4.8	8.2	0.768
1892	5.1	8.2	0.951
1893	5.0	8.2	0.977
1894	5.1	8.2	0.911
1895	5.4	8.2	0.548
1896	5.6	8.2	0.343
1897	4.0	8.2	0.238
1898	4.1	8.2	0.128
1899	4.4	8.2	0.050
1900	4.5	8.2	0.036
1901	4.5	8.2	0.109
1902	4.3	8.2	0.274
1903	4.3	8.2	0.741
1904	6.1	8.2	0.793
1905	5.6	8.2	0.796
1906	5.1	8.2	0.834
1907	4.4	8.2	0.796
1908	3.9	8.2	0.772
1909	3.5	8.2	0.715
1910	3.1	8.2	0.628
1911	3.2	8.2	0.572
1912	3.4	8.2	0.534
1913	3.5	8.2	0.555
1914	3.8	8.2	0.689
1915	4.2	8.2	0.768
1916	4.4	8.2	0.951
1917	4.6	8.1	0.977
1918	4.6	8.1	0.911
1919	4.8	8.1	0.548
1920	5.2	8.1	0.343
1921	3.7	8.1	0.238
1922	4.1	8.1	0.128
1923	4.7	8.1	0.050
1924	4.9	8.1	0.036
1925	5.1	8.1	0.109
1926	5.3	8.1	0.274
1927	5.3	8.1	0.741
1928	6.7	8.1	0.793
1929	6.7	8.1	0.796
1930	6.6	8.1	0.834
1931	6.2	8.1	0.796
1932	5.8	8.1	0.772
1933	5.7	8.1	0.715
1934	5.7	8.1	0.628
1935	5.7	8.1	0.572
1936	5.7	8.1	0.534
1937	5.9	8.1	0.555
1938	6.5	8.1	0.689
1939	7.0	8.1	0.768
1940	7.2	8.1	0.951
1941	7.6	8.1	0.977
1942	7.8	8.1	0.911
1943	8.1	8.1	0.548
1944	8.5	8.1	0.343
1945	7.1	8.1	0.238
1946	7.2	8.1	0.128
1947	7.2	8.1	0.050
1948	7.3	8.1	0.036
1949	7.2	8.1	0.109
1950	7.1	8.1	0.274
1951	7.2	8.1	0.741
1952	8.5	8.0	0.793
1953	7.9	8.0	0.796
1954	7.2	8.0	0.834
1955	6.4	8.0	0.796
1956	5.7	8.0	0.772
1957	5.0	8.0	0.715
1958	5.0	8.0	0.628
1959	4.9	8.0	0.572
1960	4.9	8.0	0.534
1961	5.2	8.0	0.555
1962	5.9	8.0	0.689
1963	6.5	8.0	0.768
1964	6.9	8.0	0.951
1965	7.0	8.0	0.977
1966	7.0	8.0	0.911
1967	7.2	8.0	0.548
1968	7.4	8.0	0.343
1969	5.8	8.0	0.238
1970	6.1	8.0	0.128
1971	6.5	8.0	0.050
1972	6.5	8.0	0.036
1973	6.7	8.0	0.109
1974	6.7	8.0	0.274
1975	6.7	8.0	0.741
1976	8.3	8.0	0.793
1977	7.9	8.0	0.796
1978	7.5	8.0	0.834
1979	6.9	8.0	0.796
1980	6.4	8.0	0.772
1981	6.1	8.0	0.715
1982	6.0	8.0	0.628
1983	5.8	8.0	0.572
1984	6.0	8.0	0.534
1985	6.3	8.0	0.555
1986	7.0	7.9	0.689
1987	7.5	7.9	0.768
1988	7.8	7.9	0.951
1989	8.0	7.9	0.977
1990	8.3	7.9	0.911
1991	8.9	7.9	0.548
1992	9.0	7.9	0.343
1993	7.6	7.9	0.238
1994	7.5	7.9	0.128
1995	7.4	7.9	0.050
1996	7.6	7.9	0.036
1997	7.5	7.9	0.109
1998	7.5	7.9	0.274
1999	7.5	7.9	0.741
2000	8.7	7.9	0.793
2001	8.5	7.9	0.796
2002	7.9	7.9	0.834
2003	7.1	7.9	0.796
2004	6.5	7.9	0.772
2005	6.0	7.9	0.715
2006	5.4	7.9	0.628
2007	5.3	7.9	0.572
2008	5.0	7.9	0.534
2009	4.9	7.9	0.555
2010	5.4	7.9	0.689
2011	5.6	7.9	0.768
2012	5.5	7.9	0.951
2013	5.6	7.9	0.977
2014	5.7	7.9	0.911
2015	5.8	7.9	0.548
2016	6.1	7.9	0.343
2017	4.7	7.9	0.238
2018	4.7	7.9	0.128
2019	4.5	7.9	0.050
2020	4.5	7.9	0.036
2021	4.6	7.9	0.109
2022	4.7	7.9	0.274
2023	4.4	7.9	0.741
2024	5.8	7.9	0.793
2025	5.3	7.9	0.796
2026	5.1	7.9	0.834
2027	4.9	7.8	0.796
2028	4.6	7.8	0.772
2029	4.5	7.8	0.715
2030	4.4	7.8	0.628
2031	4.4	7.8	0.572
2032	4.2	7.8	0.534
2033	4.2	7.8	0.555
2034	4.3	7.8	0.689
2035	4.5	7.8	0.768
2036	4.3	7.8	0.951
2037	4.6	7.8	0.977
2038	4.9	7.8	0.911
2039	4.9	7.8	0.548
2040	5.2	7.8	0.343
2041	3.6	7.8	0.238
2042	3.7	7.8	0.128
2043	3.7	7.8	0.050
2044	3.9	7.8	0.036
2045	3.9	7.8	0.109
2046	4.1	7.8	0.274
2047	4.3	7.8	0.741
2048	5.7	7.8	0.793
2049	5.3	7.8	0.796
2050	5.0	7.8	0.834
2051	4.7	7.8	0.796
2052	4.4	7.8	0.772
2053	3.8	7.8	0.715
2054	3.7	7.8	0.628
2055	3.5	7.8	0.572
2056	3.1	7.8	0.534
2057	3.3	7.8	0.555
2058	3.5	7.8	0.689
2059	3.8	7.8	0.768
2060	4.1	7.8	0.951
2061	4.3	7.8	0.977
2062	4.7	7.8	0.911
2063	4.8	7.8	0.548
2064	5.0	7.8	0.343
2065	3.5	7.7	0.238
2066	3.6	7.7	0.128
2067	3.3	7.7	0.050
2068	3.3	7.7	0.036
2069	3.2	7.7	0.109
2070	3.2	7.7	0.274
2071	3.1	7.7	0.741
2072	4.9	7.7	0.793
2073	4.4	7.7	0.796
2074	3.9	7.7	0.834
2075	3.3	7.7	0.796
2076	2.9	7.7	0.772
2077	2.7	7.7	0.715
2078	2.5	7.7	0.628
2079	2.5	7.7	0.572
2080	2.8	7.7	0.534
2081	3.2	7.7	0.555
2082	3.7	7.7	0.689
2083	4.2	7.7	0.768
2084	4.6	7.7	0.951
2085	5.0	7.7	0.977
2086	5.4	7.7	0.911
2087	5.8	7.7	0.548
2088	5.9	7.7	0.343
2089	4.6	7.7	0.238
2090	4.5	7.7	0.128
2091	4.5	7.7	0.050
2092	4.6	7.7	0.036
2093	4.5	7.7	0.109
2094	4.6	7.7	0.274
2095	4.7	7.7	0.741
2096	5.9	7.7	0.793
2097	5.3	7.7	0.796
2098	4.7	7.7	0.834
2099	4.0	7.7	0.796
2100	3.4	7.7	0.772
2101	2.8	7.7	0.715
2102	2.4	7.7	0.628
2103	2.2	7.7	0.572
2104	2.2	7.7	0.534
2105	2.6	7.7	0.555
2106	3.1	7.7	0.689
2107	3.6	7.7	0.768
2108	3.9	7.7	0.951
2109	4.0	7.7	0.977
2110	4.3	7.7	0.911
2111	4.5	7.7	0.548
2112	4.7	7.6	0.343
2113	3.5	7.6	0.238
2114	3.9	7.6	0.128
2115	3.8	7.6	0.050
2116	3.9	7.6	0.036
2117	3.9	7.6	0.109
2118	3.6	7.6	0.274
2119	3.5	7.6	0.741
2120	5.0	7.6	0.793
2121	4.7	7.6	0.796
2122	4.8	7.6	0.834
2123	4.4	7.6	0.796
2124	3.6	7.6	0.772
2125	3.1	7.6	0.715
2126	2.8	7.6	0.628
2127	2.4	7.6	0.572
2128	2.3	7.6	0.534
2129	2.4	7.6	0.555
2130	2.8	7.6	0.689
2131	3.4	7.6	0.768
2132	3.6	7.6	0.951
2133	3.7	7.6	0.977
2134	3.7	7.6	0.911
2135	4.2	7.6	0.548
2136	4.4	7.6	0.343
2137	3.0	7.6	0.238
2138	3.0	7.6	0.128
2139	3.1	7.6	0.050
2140	3.3	7.6	0.036
2141	3.3	7.6	0.109
2142	3.6	7.6	0.274
2143	3.3	7.6	0.741
2144	4.8	7.6	0.793
2145	4.6	7.6	0.796
2146	4.1	7.5	0.834
2147	3.3	7.5	0.796
2148	2.8	7.5	0.772
2149	2.1	7.5	0.715
2150	1.8	7.5	0.628
2151	1.3	7.5	0.572
2152	1.5	7.5	0.534
2153	1.8	7.5	0.555
2154	2.1	7.5	0.689
2155	2.6	7.5	0.768
2156	3.0	7.5	0.951
2157	3.2	7.5	0.977
2158	3.6	7.5	0.911
2159	3.7	7.5	0.548
2160	3.8	7.5	0.343
2161	1.4	7.5	0.238
2162	1.3	7.5	0.128
2163	1.5	7.5	0.050
2164	1.5	7.5	0.036
2165	1.4	7.5	0.109
2166	1.4	7.5	0.274
2167	1.4	7.5	0.741
2168	2.2	7.5	0.793
2169	2.1	7.5	0.796
2170	2.0	7.5	0.834
2171	1.7	7.5	0.796
2172	1.6	7.5	0.772
2173	1.7	7.5	0.715
2174	1.7	7.5	0.628
2175	1.8	7.5	0.572
2176	1.9	7.5	0.534
2177	2.0	7.5	0.555
2178	2.1	7.5	0.689
2179	2.2	7.5	0.768
2180	2.3	7.5	0.951
2181	2.4	7.5	0.977
2182	2.5	7.5	0.911
2183	2.5	7.5	0.548
2184	2.6	7.5	0.343
2185	1.7	7.5	0.238
2186	1.8	7.5	0.128
2187	1.9	7.5	0.050
2188	1.8	7.5	0.036
2189	2.0	7.5	0.109
2190	1.9	7.5	0.274
2191	1.8	7.5	0.741
2192	2.5	7.5	0.793
2193	2.4	7.4	0.796
2194	2.1	7.4	0.834
2195	2.0	7.4	0.796
2196	1.8	7.4	0.772
2197	1.7	7.4	0.715
2198	1.7	7.4	0.628
2199	1.6	7.4	0.572
2200	1.5	7.4	0.534
2201	1.5	7.4	0.555
2202	1.6	7.4	0.689
2203	1.8	7.4	0.768
2204	2.0	7.4	0.951
2205	2.1	7.4	0.977
2206	2.0	7.4	0.911
2207	2.0	7.4	0.548
2208	2.1	7.4	0.343
2209	1.3	7.4	0.238
2210	1.4	7.4	0.128
2211	1.3	7.4	0.050
2212	1.3	7.4	0.036
2213	1.2	7.4	0.109
2214	1.1	7.4	0.274
2215	1.1	7.4	0.741
2216	1.6	7.4	0.793
2217	1.4	7.4	0.796
2218	1.2	7.4	0.834
2219	1.0	7.4	0.796
2220	0.8	7.4	0.772
2221	0.7	7.4	0.715
2222	0.5	7.4	0.628
2223	0.3	7.4	0.572
2224	0.2	7.4	0.534
2225	0.2	7.4	0.555
2226	0.3	7.4	0.689
2227	0.4	7.4	0.768
2228	0.6	7.4	0.951
2229	0.7	7.4	0.977
2230	0.7	7.4	0.911
2231	0.8	7.4	0.548
2232	0.9	7.3	0.343
2233	0.0	7.3	0.238
2234	0.0	7.3	0.128
2235	0.0	7.3	0.050
2236	0.0	7.3	0.036
2237	0.0	7.3	0.109
2238	0.0	7.3	0.274
2239	0.0	7.3	0.741
2240	0.0	7.3	0.793
2241	0.0	7.3	0.796
2242	0.0	7.3	0.834
2243	0.0	7.3	0.796
2244	0.0	7.3	0.772
2245	0.0	7.3	0.715
2246	0.0	7.3	0.628
2247	0.0	7.3	0.572
2248	0.0	7.3	0.534
2249	0.0	7.3	0.555
2250	0.0	7.3	0.689
2251	0.0	7.3	0.768
2252	0.0	7.3	0.951
2253	0.0	7.3	0.977
2254	0.0	7.3	0.911
2255	0.0	7.3	0.548
2256	0.0	7.3	0.343
2257	0.5	7.3	0.238
2258	0.6	7.3	0.128
2259	0.6	7.3	0.050
2260	0.8	7.3	0.036
2261	0.7	7.3	0.109
2262	0.7	7.3	0.274
2263	0.6	7.3	0.741
2264	1.3	7.3	0.793
2265	1.1	7.3	0.796
2266	1.0	7.3	0.834
2267	0.8	7.3	0.796
2268	0.5	7.3	0.772
2269	0.3	7.3	0.715
2270	0.1	7.3	0.628
2271	0.1	7.2	0.572
2272	0.1	7.2	0.534
2273	0.1	7.2	0.555
2274	0.2	7.2	0.689
2275	0.3	7.2	0.768
2276	0.6	7.2	0.951
2277	0.7	7.2	0.977
2278	0.8	7.2	0.911
2279	1.0	7.2	0.548
2280	1.2	7.2	0.343
2281	0.5	7.2	0.238
2282	0.6	7.2	0.128
2283	0.6	7.2	0.050
2284	0.7	7.2	0.036
2285	0.8	7.2	0.109
2286	0.9	7.2	0.274
2287	0.9	7.2	0.741
2288	1.5	7.2	0.793
2289	1.3	7.2	0.796
2290	1.0	7.2	0.834
2291	0.6	7.2	0.796
2292	0.4	7.2	0.772
2293	0.1	7.2	0.715
2294	0.0	7.2	0.628
2295	0.0	7.2	0.572
2296	0.0	7.2	0.534
2297	0.1	7.2	0.555
2298	0.3	7.2	0.689
2299	0.5	7.2	0.768
2300	0.7	7.2	0.951
2301	0.8	7.2	0.977
2302	1.2	7.2	0.911
2303	1.3	7.2	0.548
2304	1.5	7.1	0.343
2305	0.8	7.1	0.238
2306	1.0	7.1	0.128
2307	1.1	7.1	0.050
2308	1.2	7.1	0.036
2309	1.3	7.1	0.109
2310	1.4	7.1	0.274
2311	1.5	7.1	0.741
2312	2.1	7.1	0.793
2313	2.1	7.1	0.796
2314	1.9	7.1	0.834
2315	1.7	7.1	0.796
2316	1.5	7.1	0.772
2317	1.4	7.1	0.715
2318	1.3	7.1	0.628
2319	1.2	7.1	0.572
2320	1.2	7.1	0.534
2321	1.4	7.1	0.555
2322	1.5	7.1	0.689
2323	1.8	7.1	0.768
2324	2.0	7.1	0.951
2325	2.2	7.1	0.977
2326	2.3	7.1	0.911
2327	2.4	7.1	0.548
2328	2.4	7.1	0.343
2329	1.8	7.1	0.238
2330	1.8	7.1	0.128
2331	1.9	7.1	0.050
2332	2.1	7.1	0.036
2333	2.0	7.1	0.109
2334	1.9	7.1	0.274
2335	1.8	7.1	0.741
2336	2.4	7.1	0.793
2337	2.2	7.1	0.796
2338	1.9	7.1	0.834
2339	1.6	7.1	0.796
2340	1.4	7.1	0.772
2341	1.3	7.1	0.715
2342	1.2	7.1	0.628
2343	1.0	7.1	0.572
2344	1.0	7.0	0.534
2345	1.0	7.0	0.555
2346	1.1	7.0	0.689
2347	1.3	7.0	0.768
2348	1.5	7.0	0.951
2349	1.5	7.0	0.977
2350	1.4	7.0	0.911
2351	1.4	7.0	0.548
2352	1.4	7.0	0.343
2353	0.6	7.0	0.238
2354	0.7	7.0	0.128
2355	0.8	7.0	0.050
2356	0.9	7.0	0.036
2357	0.9	7.0	0.109
2358	0.9	7.0	0.274
2359	0.9	7.0	0.741
2360	1.6	7.0	0.793
2361	1.4	7.0	0.796
2362	1.0	7.0	0.834
2363	0.7	7.0	0.796
2364	0.5	7.0	0.772
2365	0.4	7.0	0.715
2366	0.3	7.0	0.628
2367	0.2	7.0	0.572
2368	0.1	7.0	0.534
2369	0.1	7.0	0.555
2370	0.3	7.0	0.689
2371	0.6	7.0	0.768
2372	0.9	7.0	0.951
2373	1.3	7.0	0.977
2374	1.4	7.0	0.911
2375	1.6	7.0	0.548
2376	1.8	7.0	0.343
2377	1.1	7.0	0.238
2378	1.3	7.0	0.128
2379	1.2	7.0	0.050
2380	1.3	7.0	0.036
2381	1.1	6.9	0.109
2382	1.1	6.9	0.274
2383	1.0	6.9	0.741
2384	1.7	6.9	0.793
2385	1.3	6.9	0.796
2386	1.1	6.9	0.834
2387	0.7	6.9	0.796
2388	0.6	6.9	0.772
2389	0.5	6.9	0.715
2390	0.4	6.9	0.628
2391	0.2	6.9	0.572
2392	0.1	6.9	0.534
2393	0.1	6.9	0.555
2394	0.2	6.9	0.689
2395	0.5	6.9	0.768
2396	0.8	6.9	0.951
2397	0.9	6.9	0.977
2398	1.2	6.9	0.911
2399	1.3	6.9	0.548
2400	1.4	6.9	0.343
2401	0.7	6.9	0.238
2402	0.7	6.9	0.128
2403	0.7	6.9	0.050
2404	0.8	6.9	0.036
2405	0.9	6.9	0.109
2406	1.0	6.9	0.274
2407	1.0	6.9	0.741
2408	1.7	6.9	0.793
2409	1.5	6.9	0.796
2410	1.4	6.9	0.834
2411	1.1	6.9	0.796
2412	1.0	6.9	0.772
2413	0.8	6.9	0.715
2414	0.7	6.9	0.628
2415	0.6	6.9	0.572
2416	0.6	6.9	0.534
2417	0.7	6.9	0.555
2418	0.9	6.9	0.689
2419	1.0	6.9	0.768
2420	1.2	6.9	0.951
2421	1.4	6.8	0.977
2422	1.7	6.8	0.911
2423	1.8	6.8	0.548
2424	1.9	6.8	0.343
2425	1.3	6.8	0.238
2426	1.4	6.8	0.128
2427	1.4	6.8	0.050
2428	1.3	6.8	0.036
2429	1.4	6.8	0.109
2430	1.3	6.8	0.274
2431	1.3	6.8	0.741
2432	1.8	6.8	0.793
2433	1.5	6.8	0.796
2434	1.1	6.8	0.834
2435	0.8	6.8	0.796
2436	0.5	6.8	0.772
2437	0.3	6.8	0.715
2438	0.1	6.8	0.628
2439	0.1	6.8	0.572
2440	0.0	6.8	0.534
2441	0.1	6.8	0.555
2442	0.2	6.8	0.689
2443	0.2	6.8	0.768
2444	0.4	6.8	0.951
2445	0.6	6.8	0.977
2446	0.7	6.8	0.911
2447	0.9	6.8	0.548
2448	1.1	6.8	0.343
2449	0.3	6.8	0.238
2450	0.3	6.8	0.128
2451	0.2	6.8	0.050
2452	0.3	6.8	0.036
2453	0.3	6.8	0.109
2454	0.4	6.8	0.274
2455	0.6	6.8	0.741
2456	1.2	6.8	0.793
2457	1.0	6.8	0.796
2458	0.8	6.8	0.834
2459	0.5	6.8	0.796
2460	0.2	6.8	0.772
2461	0.2	6.8	0.715
2462	0.1	6.8	0.628
2463	0.2	6.8	0.572
2464	0.2	6.7	0.534
2465	0.3	6.7	0.555
2466	0.4	6.7	0.689
2467	0.7	6.7	0.768
2468	0.9	6.7	0.951
2469	1.1	6.7	0.977
2470	1.2	6.7	0.911
2471	1.4	6.7	0.548
2472	1.5	6.7	0.343
2473	0.9	6.7	0.238
2474	1.1	6.7	0.128
2475	1.1	6.7	0.050
2476	1.1	6.7	0.036
2477	1.2	6.7	0.109
2478	1.3	6.7	0.274
2479	1.4	6.7	0.741
2480	2.1	6.7	0.793
2481	1.9	6.7	0.796
2482	1.6	6.7	0.834
2483	1.2	6.7	0.796
2484	0.9	6.7	0.772
2485	0.8	6.7	0.715
2486	0.7	6.7	0.628
2487	0.6	6.7	0.572
2488	0.6	6.7	0.534
2489	0.7	6.7	0.555
2490	1.0	6.7	0.689
2491	1.3	6.7	0.768
2492	1.5	6.7	0.951
2493	1.8	6.7	0.977
2494	2.1	6.7	0.911
2495	2.3	6.7	0.548
2496	2.4	6.7	0.343
2497	1.8	6.7	0.238
2498	2.0	6.7	0.128
2499	2.2	6.7	0.050
2500	2.4	6.7	0.036
2501	2.5	6.7	0.109
2502	2.5	6.7	0.274
2503	2.5	6.7	0.741
2504	3.1	6.7	0.793
2505	2.9	6.7	0.796
2506	2.7	6.7	0.834
2507	2.3	6.7	0.796
2508	2.1	6.7	0.772
2509	1.9	6.7	0.715
2510	1.8	6.7	0.628
2511	1.7	6.6	0.572
2512	1.7	6.6	0.534
2513	1.7	6.6	0.555
2514	2.0	6.6	0.689
2515	2.3	6.6	0.768
2516	2.5	6.6	0.951
2517	2.7	6.6	0.977
2518	2.9	6.6	0.911
2519	3.1	6.6	0.548
2520	3.2	6.6	0.343
2521	2.6	6.6	0.238
2522	2.7	6.6	0.128
2523	2.8	6.6	0.050
2524	2.9	6.6	0.036
2525	3.1	6.6	0.109
2526	3.2	6.6	0.274
2527	3.1	6.6	0.741
2528	3.8	6.6	0.793
2529	3.5	6.6	0.796
2530	3.1	6.6	0.834
2531	2.8	6.6	0.796
2532	2.6	6.6	0.772
2533	2.4	6.6	0.715
2534	2.4	6.6	0.628
2535	2.3	6.6	0.572
2536	2.3	6.6	0.534
2537	2.4	6.6	0.555
2538	2.6	6.6	0.689
2539	2.8	6.6	0.768
2540	3.2	6.6	0.951
2541	3.3	6.6	0.977
2542	3.5	6.6	0.911
2543	3.7	6.6	0.548
2544	3.7	6.6	0.343
2545	3.1	6.6	0.238
2546	3.2	6.6	0.128
2547	3.2	6.6	0.050
2548	3.3	6.6	0.036
2549	3.3	6.6	0.109
2550	3.4	6.6	0.274
2551	3.3	6.6	0.741
2552	3.9	6.6	0.793
2553	3.7	6.6	0.796
2554	3.3	6.6	0.834
2555	3.0	6.6	0.796
2556	2.7	6.6	0.772
2557	2.4	6.6	0.715
2558	2.2	6.6	0.628
2559	2.0	6.6	0.572
2560	2.0	6.6	0.534
2561	2.2	6.6	0.555
2562	2.4	6.6	0.689
2563	2.7	6.5	0.768
2564	2.9	6.5	0.951
2565	3.1	6.5	0.977
2566	3.3	6.5	0.911
2567	3.6	6.5	0.548
2568	3.8	6.5	0.343
2569	3.2	6.5	0.238
2570	3.2	6.5	0.128
2571	3.3	6.5	0.050
2572	3.2	6.5	0.036
2573	3.0	6.5	0.109
2574	3.0	6.5	0.274
2575	3.0	6.5	0.741
2576	3.6	6.5	0.793
2577	3.4	6.5	0.796
2578	3.1	6.5	0.834
2579	2.6	6.5	0.796
2580	2.2	6.5	0.772
2581	1.9	6.5	0.715
2582	1.7	6.5	0.628
2583	1.6	6.5	0.572
2584	1.5	6.5	0.534
2585	1.5	6.5	0.555
2586	1.7	6.5	0.689
2587	1.8	6.5	0.768
2588	1.9	6.5	0.951
2589	2.1	6.5	0.977
2590	2.1	6.5	0.911
2591	2.1	6.5	0.548
2592	2.2	6.5	0.343
2593	1.5	6.5	0.238
2594	1.4	6.5	0.128
2595	1.5	6.5	0.050
2596	1.5	6.5	0.036
2597	1.5	6.5	0.109
2598	1.7	6.5	0.274
2599	1.7	6.5	0.741
2600	2.4	6.5	0.793
2601	2.2	6.5	0.796
2602	1.9	6.5	0.834
2603	1.5	6.5	0.796
2604	1.3	6.5	0.772
2605	1.1	6.5	0.715
2606	1.0	6.5	0.628
2607	0.9	6.4	0.572
2608	0.9	6.4	0.534
2609	1.0	6.4	0.555
2610	1.2	6.4	0.689
2611	1.5	6.4	0.768
2612	1.7	6.4	0.951
2613	1.9	6.4	0.977
2614	2.1	6.4	0.911
2615	2.2	6.4	0.548
2616	2.4	6.4	0.343
2617	1.8	6.4	0.238
2618	1.8	6.4	0.128
2619	1.7	6.4	0.050
2620	1.7	6.4	0.036
2621	1.8	6.4	0.109
2622	1.9	6.4	0.274
2623	1.8	6.4	0.741
2624	2.4	6.4	0.793
2625	2.4	6.4	0.796
2626	2.3	6.4	0.834
2627	2.0	6.4	0.796
2628	1.9	6.4	0.772
2629	2.0	6.4	0.715
2630	2.0	6.4	0.628
2631	2.0	6.4	0.572
2632	2.0	6.4	0.534
2633	2.0	6.3	0.555
2634	2.2	6.3	0.689
2635	2.4	6.3	0.768
2636	2.5	6.3	0.951
2637	2.6	6.3	0.977
2638	2.7	6.3	0.911
2639	2.9	6.3	0.548
2640	3.0	6.3	0.343
2641	2.3	6.3	0.238
2642	2.4	6.3	0.128
2643	2.5	6.3	0.050
2644	2.4	6.3	0.036
2645	2.4	6.3	0.109
2646	2.5	6.3	0.274
2647	2.5	6.3	0.741
2648	3.3	6.3	0.793
2649	3.0	6.3	0.796
2650	2.7	6.3	0.834
2651	2.5	6.3	0.796
2652	2.4	6.3	0.772
2653	2.3	6.3	0.715
2654	2.2	6.3	0.628
2655	2.3	6.3	0.572
2656	2.3	6.3	0.534
2657	2.3	6.3	0.555
2658	2.4	6.3	0.689
2659	2.5	6.3	0.768
2660	2.6	6.3	0.951
2661	2.6	6.2	0.977
2662	2.8	6.2	0.911
2663	3.1	6.2	0.548
2664	3.2	6.2	0.343
2665	2.5	6.2	0.238
2666	2.5	6.2	0.128
2667	2.6	6.2	0.050
2668	2.6	6.2	0.036
2669	2.5	6.2	0.109
2670	2.6	6.2	0.274
2671	2.7	6.2	0.741
2672	3.4	6.2	0.793
2673	3.3	6.2	0.796
2674	3.1	6.2	0.834
2675	3.0	6.2	0.796
2676	2.9	6.2	0.772
2677	3.0	6.2	0.715
2678	3.0	6.2	0.628
2679	3.0	6.2	0.572
2680	2.9	6.2	0.534
2681	2.9	6.2	0.555
2682	3.0	6.2	0.689
2683	3.2	6.2	0.768
2684	3.4	6.2	0.951
2685	3.5	6.2	0.977
2686	3.5	6.2	0.911
2687	3.6	6.2	0.548
2688	3.8	6.1	0.343
2689	3.1	6.1	0.238
2690	3.3	6.1	0.128
2691	3.4	6.1	0.050
2692	3.4	6.1	0.036
2693	3.3	6.1	0.109
2694	3.3	6.1	0.274
2695	3.2	6.1	0.741
2696	3.9	6.1	0.793
2697	3.6	6.1	0.796
2698	3.3	6.1	0.834
2699	2.9	6.1	0.796
2700	2.7	6.1	0.772
2701	2.6	6.1	0.715
2702	2.4	6.1	0.628
2703	2.3	6.1	0.572
2704	2.4	6.1	0.534
2705	2.3	6.1	0.555
2706	2.4	6.1	0.689
2707	2.6	6.1	0.768
2708	2.7	6.1	0.951
2709	3.0	6.1	0.977
2710	3.1	6.1	0.911
2711	3.1	6.1	0.548
2712	3.3	6.1	0.343
2713	2.6	6.1	0.238
2714	2.6	6.1	0.128
2715	2.6	6.1	0.050
2716	2.6	6.1	0.036
2717	2.6	6.1	0.109
2718	2.6	6.1	0.274
2719	2.4	6.0	0.741
2720	3.2	6.0	0.793
2721	3.2	6.0	0.796
2722	3.0	6.0	0.834
2723	2.9	6.0	0.796
2724	2.6	6.0	0.772
2725	2.4	6.0	0.715
2726	2.4	6.0	0.628
2727	2.4	6.0	0.572
2728	2.3	6.0	0.534
2729	2.6	6.0	0.555
2730	2.8	6.0	0.689
2731	3.0	6.0	0.768
2732	3.1	6.0	0.951
2733	3.2	6.0	0.977
2734	3.4	6.0	0.911
2735	3.6	6.0	0.548
2736	3.8	6.0	0.343
2737	3.0	6.0	0.238
2738	3.0	6.0	0.128
2739	3.0	6.0	0.050
2740	3.0	6.0	0.036
2741	2.9	6.0	0.109
2742	2.9	6.0	0.274
2743	2.8	6.0	0.741
2744	3.5	6.0	0.793
2745	3.4	6.0	0.796
2746	3.2	6.0	0.834
2747	2.9	6.0	0.796
2748	2.6	6.0	0.772
2749	2.4	6.0	0.715
2750	2.3	6.0	0.628
2751	2.1	6.0	0.572
2752	2.1	6.0	0.534
2753	2.1	6.0	0.555
2754	2.2	6.0	0.689
2755	2.4	5.9	0.768
2756	2.5	5.9	0.951
2757	2.7	5.9	0.977
2758	2.8	5.9	0.911
2759	2.9	5.9	0.548
2760	3.0	5.9	0.343
2761	2.2	5.9	0.238
2762	2.2	5.9	0.128
2763	2.2	5.9	0.050
2764	2.2	5.9	0.036
2765	2.2	5.9	0.109
2766	2.2	5.9	0.274
2767	2.0	5.9	0.741
2768	2.8	5.9	0.793
2769	2.7	5.9	0.796
2770	2.6	5.9	0.834
2771	2.5	5.9	0.796
2772	2.3	5.9	0.772
2773	2.3	5.9	0.715
2774	2.2	5.9	0.628
2775	2.2	5.9	0.572
2776	2.1	5.9	0.534
2777	1.9	5.9	0.555
2778	1.8	5.9	0.689
2779	1.9	5.9	0.768
2780	1.9	5.9	0.951
2781	1.8	5.9	0.977
2782	1.8	5.9	0.911
2783	1.8	5.9	0.548
2784	1.7	5.9	0.343
2785	0.9	5.9	0.238
2786	1.1	5.9	0.128
2787	1.2	5.9	0.050
2788	1.2	5.9	0.036
2789	1.4	5.9	0.109
2790	1.4	5.9	0.274
2791	1.4	5.9	0.741
2792	2.3	5.9	0.793
2793	2.3	5.9	0.796
2794	2.1	5.8	0.834
2795	2.1	5.8	0.796
2796	2.1	5.8	0.772
2797	2.2	5.8	0.715
2798	2.0	5.8	0.628
2799	2.1	5.8	0.572
2800	2.1	5.8	0.534
2801	2.1	5.8	0.555
2802	2.2	5.8	0.689
2803	2.3	5.8	0.768
2804	2.5	5.8	0.951
2805	2.7	5.8	0.977
2806	2.8	5.8	0.911
2807	2.9	5.8	0.548
2808	2.9	5.8	0.343
2809	2.2	5.8	0.238
2810	2.3	5.8	0.128
2811	2.2	5.8	0.050
2812	2.2	5.8	0.036
2813	2.2	5.8	0.109
2814	2.1	5.8	0.274
2815	2.2	5.8	0.741
2816	2.9	5.8	0.793
2817	2.6	5.8	0.796
2818	2.3	5.8	0.834
2819	2.0	5.8	0.796
2820	1.8	5.8	0.772
2821	1.6	5.8	0.715
2822	1.4	5.8	0.628
2823	1.1	5.8	0.572
2824	1.2	5.8	0.534
2825	1.3	5.8	0.555
2826	1.6	5.8	0.689
2827	1.9	5.8	0.768
2828	2.3	5.8	0.951
2829	2.4	5.8	0.977
2830	2.6	5.8	0.911
2831	2.7	5.8	0.548
2832	2.8	5.8	0.343
2833	2.2	5.8	0.238
2834	2.2	5.8	0.128
2835	2.3	5.8	0.050
2836	2.2	5.8	0.036
2837	2.2	5.8	0.109
2838	2.2	5.8	0.274
2839	2.2	5.8	0.741
2840	2.8	5.8	0.793
2841	2.7	5.8	0.796
2842	2.4	5.8	0.834
2843	2.0	5.8	0.796
2844	1.7	5.8	0.772
2845	1.6	5.7	0.715
2846	1.5	5.7	0.628
2847	1.5	5.7	0.572
2848	1.4	5.7	0.534
2849	1.4	5.7	0.555
2850	1.4	5.7	0.689
2851	1.5	5.7	0.768
2852	1.6	5.7	0.951
2853	1.8	5.7	0.977
2854	1.8	5.7	0.911
2855	1.8	5.7	0.548
2856	1.9	5.7	0.343
2857	1.1	5.7	0.238
2858	1.2	5.7	0.128
2859	1.2	5.7	0.050
2860	1.3	5.7	0.036
2861	1.4	5.7	0.109
2862	1.6	5.7	0.274
2863	1.5	5.7	0.741
2864	2.4	5.7	0.793
2865	2.3	5.7	0.796
2866	2.1	5.7	0.834
2867	1.9	5.7	0.796
2868	1.6	5.7	0.772
2869	1.5	5.7	0.715
2870	1.4	5.7	0.628
2871	1.4	5.7	0.572
2872	1.3	5.7	0.534
2873	1.3	5.7	0.555
2874	1.2	5.7	0.689
2875	1.4	5.7	0.768
2876	1.5	5.7	0.951
2877	1.6	5.7	0.977
2878	1.6	5.7	0.911
2879	1.6	5.7	0.548
2880	1.7	5.7	0.343
2881	0.0	5.7	0.238
2882	0.0	5.7	0.128
2883	0.0	5.7	0.050
2884	0.0	5.7	0.036
2885	0.0	5.7	0.109
2886	0.0	5.7	0.274
2887	0.0	5.7	0.741
2888	0.0	5.7	0.793
2889	0.0	5.7	0.796
2890	0.0	5.7	0.834
2891	0.0	5.6	0.796
2892	0.0	5.6	0.772
2893	0.0	5.6	0.715
2894	0.0	5.6	0.628
2895	0.0	5.6	0.572
2896	0.0	5.6	0.534
2897	0.0	5.6	0.555
2898	0.0	5.6	0.689
2899	0.0	5.6	0.768
2900	0.0	5.6	0.951
2901	0.0	5.6	0.977
2902	0.0	5.6	0.911
2903	0.0	5.6	0.548
2904	0.0	5.6	0.343
2905	0.0	5.6	0.238
2906	0.0	5.6	0.128
2907	0.0	5.6	0.050
2908	0.0	5.6	0.036
2909	0.0	5.6	0.109
2910	0.0	5.6	0.274
2911	0.0	5.6	0.741
2912	0.0	5.6	0.793
2913	0.0	5.6	0.796
2914	0.0	5.6	0.834
2915	0.0	5.6	0.796
2916	0.0	5.6	0.772
2917	0.0	5.6	0.715
2918	0.0	5.6	0.628
2919	0.0	5.6	0.572
2920	0.0	5.6	0.534
2921	0.0	5.6	0.555
2922	0.0	5.6	0.689
2923	0.0	5.6	0.768
2924	0.0	5.6	0.951
2925	0.0	5.6	0.977
2926	0.0	5.6	0.911
2927	0.0	5.6	0.548
2928	0.0	5.6	0.343
2929	0.0	5.6	0.238
2930	0.0	5.6	0.128
2931	0.0	5.5	0.050
2932	0.0	5.5	0.036
2933	0.0	5.5	0.109
2934	0.0	5.5	0.274
2935	0.0	5.5	0.741
2936	0.0	5.5	0.793
2937	0.0	5.5	0.796
2938	0.0	5.5	0.834
2939	0.0	5.5	0.796
2940	0.0	5.5	0.772
2941	0.0	5.5	0.715
2942	0.0	5.5	0.628
2943	0.0	5.5	0.572
2944	0.0	5.5	0.534
2945	0.0	5.5	0.555
2946	0.0	5.5	0.689
2947	0.0	5.5	0.768
2948	0.0	5.5	0.951
2949	0.0	5.5	0.977
2950	0.0	5.5	0.911
2951	0.0	5.5	0.548
2952	0.0	5.5	0.343
2953	0.0	5.5	0.238
2954	0.0	5.5	0.128
2955	0.0	5.5	0.050
2956	0.0	5.5	0.036
2957	0.0	5.5	0.109
2958	0.0	5.5	0.274
2959	0.0	5.5	0.741
2960	0.0	5.5	0.793
2961	0.0	5.5	0.796
2962	0.0	5.5	0.834
2963	0.0	5.5	0.796
2964	0.0	5.5	0.772
2965	0.0	5.5	0.715
2966	0.0	5.5	0.628
2967	0.0	5.5	0.572
2968	0.0	5.5	0.534
2969	0.0	5.5	0.555
2970	0.0	5.5	0.689
2971	0.0	5.5	0.768
2972	0.0	5.5	0.951
2973	0.0	5.5	0.977
2974	0.0	5.5	0.911
2975	0.0	5.4	0.548
2976	0.0	5.4	0.343
2977	0.0	5.4	0.238
2978	0.0	5.4	0.128
2979	0.0	5.4	0.050
2980	0.0	5.4	0.036
2981	0.0	5.4	0.109
2982	0.0	5.4	0.274
2983	0.0	5.4	0.741
2984	0.0	5.4	0.793
2985	0.0	5.4	0.796
2986	0.0	5.4	0.834
2987	0.0	5.4	0.796
2988	0.0	5.4	0.772
2989	0.0	5.4	0.715
2990	0.0	5.4	0.628
2991	0.0	5.4	0.572
2992	0.0	5.4	0.534
2993	0.0	5.4	0.555
2994	0.0	5.4	0.689
2995	0.0	5.4	0.768
2996	0.0	5.4	0.951
2997	0.0	5.4	0.977
2998	0.0	5.4	0.911
2999	0.0	5.3	0.548
3000	0.0	5.3	0.343
3001	0.0	5.3	0.238
3002	0.0	5.3	0.128
3003	0.0	5.3	0.050
3004	0.0	5.3	0.036
3005	0.0	5.3	0.109
3006	0.0	5.3	0.274
3007	0.0	5.3	0.741
3008	0.0	5.3	0.793
3009	0.0	5.3	0.796
3010	0.0	5.3	0.834
3011	0.0	5.3	0.796
3012	0.0	5.3	0.772
3013	0.0	5.3	0.715
3014	0.0	5.3	0.628
3015	0.0	5.3	0.572
3016	0.0	5.3	0.534
3017	0.0	5.3	0.555
3018	0.0	5.3	0.689
3019	0.0	5.3	0.768
3020	0.0	5.3	0.951
3021	0.0	5.3	0.977
3022	0.0	5.3	0.911
3023	0.0	5.3	0.548
3024	0.0	5.3	0.343
3025	0.0	5.3	0.238
3026	0.0	5.3	0.128
3027	0.0	5.2	0.050
3028	0.0	5.2	0.036
3029	0.0	5.2	0.109
3030	0.0	5.2	0.274
3031	0.0	5.2	0.741
3032	0.0	5.2	0.793
3033	0.0	5.2	0.796
3034	0.0	5.2	0.834
3035	0.0	5.2	0.796
3036	0.0	5.2	0.772
3037	0.0	5.2	0.715
3038	0.0	5.2	0.628
3039	0.0	5.2	0.572
3040	0.0	5.2	0.534
3041	0.0	5.2	0.555
3042	0.0	5.2	0.689
3043	0.0	5.2	0.768
3044	0.0	5.2	0.951
3045	0.0	5.1	0.977
3046	0.0	5.1	0.911
3047	0.0	5.1	0.548
3048	0.0	5.1	0.343
3049	0.0	5.1	0.238
3050	0.0	5.1	0.128
3051	0.0	5.1	0.050
3052	0.0	5.1	0.036
3053	0.0	5.1	0.109
3054	0.0	5.1	0.274
3055	0.0	5.1	0.741
3056	0.0	5.1	0.793
3057	0.0	5.1	0.796
3058	0.0	5.1	0.834
3059	0.0	5.1	0.796
3060	0.0	5.1	0.772
3061	0.0	5.1	0.715
3062	0.0	5.1	0.628
3063	0.0	5.1	0.572
3064	0.0	5.1	0.534
3065	0.0	5.1	0.555
3066	0.0	5.1	0.689
3067	0.0	5.1	0.768
3068	0.0	5.1	0.951
3069	0.0	5.1	0.977
3070	0.0	5.1	0.911
3071	0.0	5.1	0.548
3072	0.0	5.0	0.343
3073	0.0	5.0	0.238
3074	0.0	5.0	0.128
3075	0.0	5.0	0.050
3076	0.0	5.0	0.036
3077	0.0	5.0	0.109
3078	0.0	5.0	0.274
3079	0.0	5.0	0.741
3080	0.0	5.0	0.793
3081	0.0	5.0	0.796
3082	0.0	5.0	0.834
3083	0.0	5.0	0.796
3084	0.0	5.0	0.772
3085	0.0	5.0	0.715
3086	0.0	5.0	0.628
3087	0.0	5.0	0.572
3088	0.0	5.0	0.534
3089	0.0	5.0	0.555
3090	0.0	5.0	0.689
3091	0.0	5.0	0.768
3092	0.0	5.0	0.951
3093	0.0	5.0	0.977
3094	0.0	5.0	0.911
3095	0.0	5.0	0.548
3096	0.0	5.0	0.343
3097	0.0	5.0	0.238
3098	0.0	5.0	0.128
3099	0.0	5.0	0.050
3100	0.0	5.0	0.036
3101	0.0	5.0	0.109
3102	0.0	5.0	0.274
3103	0.0	4.9	0.741
3104	0.0	4.9	0.793
3105	0.0	4.9	0.796
3106	0.0	4.9	0.834
3107	0.0	4.9	0.796
3108	0.0	4.9	0.772
3109	0.0	4.9	0.715
3110	0.0	4.9	0.628
3111	0.0	4.9	0.572
3112	0.0	4.9	0.534
3113	0.0	4.9	0.555
3114	0.0	4.9	0.689
3115	0.0	4.9	0.768
3116	0.0	4.9	0.951
3117	0.0	4.9	0.977
3118	0.0	4.9	0.911
3119	0.0	4.9	0.548
3120	0.0	4.9	0.343
3121	0.0	4.9	0.238
3122	0.0	4.9	0.128
3123	0.0	4.9	0.050
3124	0.0	4.9	0.036
3125	0.0	4.9	0.109
3126	0.0	4.9	0.274
3127	0.0	4.9	0.741
3128	0.0	4.9	0.793
3129	0.0	4.9	0.796
3130	0.0	4.9	0.834
3131	0.0	4.9	0.796
3132	0.0	4.9	0.772
3133	0.0	4.9	0.715
3134	0.0	4.9	0.628
3135	0.0	4.8	0.572
3136	0.0	4.8	0.534
3137	0.0	4.8	0.555
3138	0.0	4.8	0.689
3139	0.0	4.8	0.768
3140	0.0	4.8	0.951
3141	0.0	4.8	0.977
3142	0.0	4.8	0.911
3143	0.0	4.8	0.548
3144	0.0	4.8	0.343
3145	0.0	4.8	0.238
3146	0.0	4.8	0.128
3147	0.0	4.8	0.050
3148	0.0	4.8	0.036
3149	0.0	4.8	0.109
3150	0.0	4.8	0.274
3151	0.0	4.8	0.741
3152	0.0	4.8	0.793
3153	0.0	4.8	0.796
3154	0.0	4.8	0.834
3155	0.0	4.8	0.796
3156	0.0	4.8	0.772
3157	0.0	4.8	0.715
3158	0.0	4.8	0.628
3159	0.0	4.7	0.572
3160	0.0	4.7	0.534
3161	0.0	4.7	0.555
3162	0.0	4.7	0.689
3163	0.0	4.7	0.768
3164	0.0	4.7	0.951
3165	0.0	4.7	0.977
3166	0.0	4.7	0.911
3167	0.0	4.7	0.548
3168	0.0	4.7	0.343
3169	0.0	4.7	0.238
3170	0.0	4.7	0.128
3171	0.0	4.7	0.050
3172	0.0	4.7	0.036
3173	0.0	4.7	0.109
3174	0.0	4.7	0.274
3175	0.0	4.7	0.741
3176	0.0	4.7	0.793
3177	0.0	4.7	0.796
3178	0.0	4.7	0.834
3179	0.0	4.7	0.796
3180	0.0	4.7	0.772
3181	0.0	4.7	0.715
3182	0.0	4.7	0.628
3183	0.0	4.7	0.572
3184	0.0	4.7	0.534
3185	0.0	4.7	0.555
3186	0.0	4.7	0.689
3187	0.0	4.7	0.768
3188	0.0	4.7	0.951
3189	0.0	4.7	0.977
3190	0.0	4.7	0.911
3191	0.0	4.7	0.548
3192	0.0	4.7	0.343
3193	0.0	4.7	0.238
3194	0.0	4.7	0.128
3195	0.0	4.6	0.050
3196	0.0	4.6	0.036
3197	0.0	4.6	0.109
3198	0.0	4.6	0.274
3199	0.0	4.6	0.741
3200	0.0	4.6	0.793
3201	0.0	4.6	0.796
3202	0.0	4.6	0.834
3203	0.0	4.6	0.796
3204	0.0	4.6	0.772
3205	0.0	4.6	0.715
3206	0.0	4.6	0.628
3207	0.0	4.6	0.572
3208	0.0	4.6	0.534
3209	0.0	4.6	0.555
3210	0.0	4.6	0.689
3211	0.0	4.6	0.768
3212	0.0	4.6	0.951
3213	0.0	4.6	0.977
3214	0.0	4.6	0.911
3215	0.0	4.6	0.548
3216	0.0	4.6	0.343
3217	0.0	4.6	0.238
3218	0.0	4.6	0.128
3219	0.0	4.6	0.050
3220	0.0	4.6	0.036
3221	0.0	4.6	0.109
3222	0.0	4.6	0.274
3223	0.0	4.6	0.741
3224	0.0	4.6	0.793
3225	0.0	4.5	0.796
3226	0.0	4.5	0.834
3227	0.0	4.5	0.796
3228	0.0	4.5	0.772
3229	0.0	4.5	0.715
3230	0.0	4.5	0.628
3231	0.0	4.5	0.572
3232	0.0	4.5	0.534
3233	0.0	4.5	0.555
3234	0.0	4.5	0.689
3235	0.0	4.5	0.768
3236	0.0	4.5	0.951
3237	0.0	4.5	0.977
3238	0.0	4.5	0.911
3239	0.0	4.5	0.548
3240	0.0	4.5	0.343
3241	0.0	4.5	0.238
3242	0.0	4.5	0.128
3243	0.0	4.5	0.050
3244	0.0	4.5	0.036
3245	0.0	4.5	0.109
3246	0.0	4.5	0.274
3247	0.0	4.5	0.741
3248	0.0	4.5	0.793
3249	0.0	4.5	0.796
3250	0.0	4.5	0.834
3251	0.0	4.5	0.796
3252	0.0	4.5	0.772
3253	0.0	4.5	0.715
3254	0.0	4.5	0.628
3255	0.0	4.5	0.572
3256	0.0	4.4	0.534
3257	0.0	4.4	0.555
3258	0.0	4.4	0.689
3259	0.0	4.4	0.768
3260	0.0	4.4	0.951
3261	0.0	4.4	0.977
3262	0.0	4.4	0.911
3263	0.0	4.4	0.548
3264	0.0	4.4	0.343
3265	0.0	4.4	0.238
3266	0.0	4.4	0.128
3267	0.0	4.4	0.050
3268	0.0	4.4	0.036
3269	0.0	4.4	0.109
3270	0.0	4.4	0.274
3271	0.0	4.4	0.741
3272	0.0	4.4	0.793
3273	0.0	4.4	0.796
3274	0.0	4.4	0.834
3275	0.0	4.4	0.796
3276	0.0	4.4	0.772
3277	0.0	4.4	0.715
3278	0.0	4.4	0.628
3279	0.0	4.4	0.572
3280	0.0	4.4	0.534
3281	0.0	4.4	0.555
3282	0.0	4.4	0.689
3283	0.0	4.4	0.768
3284	0.0	4.4	0.951
3285	0.0	4.4	0.977
3286	0.0	4.4	0.911
3287	0.0	4.4	0.548
3288	0.0	4.4	0.343
3289	0.0	4.4	0.238
3290	0.0	4.4	0.128
3291	0.0	4.4	0.050
3292	0.0	4.4	0.036
3293	0.0	4.4	0.109
3294	0.0	4.4	0.274
3295	0.0	4.4	0.741
3296	0.0	4.3	0.793
3297	0.0	4.3	0.796
3298	0.0	4.3	0.834
3299	0.0	4.3	0.796
3300	0.0	4.3	0.772
3301	0.0	4.3	0.715
3302	0.0	4.3	0.628
3303	0.0	4.3	0.572
3304	0.0	4.3	0.534
3305	0.0	4.3	0.555
3306	0.0	4.3	0.689
3307	0.0	4.3	0.768
3308	0.0	4.3	0.951
3309	0.0	4.3	0.977
3310	0.0	4.3	0.911
3311	0.0	4.3	0.548
3312	0.0	4.3	0.343
3313	0.0	4.3	0.238
3314	0.0	4.3	0.128
3315	0.0	4.3	0.050
3316	0.0	4.3	0.036
3317	0.0	4.3	0.109
3318	0.0	4.3	0.274
3319	0.0	4.3	0.741
3320	0.0	4.3	0.793
3321	0.0	4.3	0.796
3322	0.0	4.3	0.834
3323	0.0	4.3	0.796
3324	0.0	4.3	0.772
3325	0.0	4.3	0.715
3326	0.0	4.3	0.628
3327	0.0	4.3	0.572
3328	0.0	4.3	0.534
3329	0.0	4.2	0.555
3330	0.0	4.2	0.689
3331	0.0	4.2	0.768
3332	0.0	4.2	0.951
3333	0.0	4.2	0.977
3334	0.0	4.2	0.911
3335	0.0	4.2	0.548
3336	0.0	4.2	0.343
3337	0.0	4.2	0.238
3338	0.0	4.2	0.128
3339	0.0	4.2	0.050
3340	0.0	4.2	0.036
3341	0.0	4.2	0.109
3342	0.0	4.2	0.274
3343	0.0	4.2	0.741
3344	0.0	4.2	0.793
3345	0.0	4.2	0.796
3346	0.0	4.2	0.834
3347	0.0	4.2	0.796
3348	0.0	4.2	0.772
3349	0.0	4.2	0.715
3350	0.0	4.2	0.628
3351	0.0	4.2	0.572
3352	0.0	4.2	0.534
3353	0.0	4.2	0.555
3354	0.0	4.2	0.689
3355	0.0	4.2	0.768
3356	0.0	4.2	0.951
3357	0.0	4.2	0.977
3358	0.0	4.2	0.911
3359	0.0	4.2	0.548
3360	0.0	4.2	0.343
3361	0.0	4.2	0.238
3362	0.0	4.2	0.128
3363	0.0	4.2	0.050
3364	0.0	4.2	0.036
3365	0.0	4.2	0.109
3366	0.0	4.2	0.274
3367	0.0	4.2	0.741
3368	0.0	4.2	0.793
3369	0.0	4.2	0.796
3370	0.0	4.2	0.834
3371	0.0	4.2	0.796
3372	0.0	4.2	0.772
3373	0.0	4.2	0.715
3374	0.0	4.2	0.628
3375	0.0	4.1	0.572
3376	0.0	4.1	0.534
3377	0.0	4.1	0.555
3378	0.0	4.1	0.689
3379	0.0	4.1	0.768
3380	0.0	4.1	0.951
3381	0.0	4.1	0.977
3382	0.0	4.1	0.911
3383	0.0	4.1	0.548
3384	0.0	4.1	0.343
3385	0.0	4.1	0.238
3386	0.0	4.1	0.128
3387	0.0	4.1	0.050
3388	0.0	4.1	0.036
3389	0.0	4.1	0.109
3390	0.0	4.1	0.274
3391	0.0	4.1	0.741
3392	0.0	4.1	0.793
3393	0.0	4.1	0.796
3394	0.0	4.1	0.834
3395	0.0	4.1	0.796
3396	0.0	4.1	0.772
3397	0.0	4.1	0.715
3398	0.0	4.1	0.628
3399	0.0	4.1	0.572
3400	0.0	4.1	0.534
3401	0.0	4.1	0.555
3402	0.0	4.1	0.689
3403	0.0	4.1	0.768
3404	0.0	4.1	0.951
3405	0.0	4.1	0.977
3406	0.0	4.1	0.911
3407	0.0	4.1	0.548
3408	0.0	4.1	0.343
3409	0.0	4.1	0.238
3410	0.0	4.1	0.128
3411	0.0	4.0	0.050
3412	0.0	4.0	0.036
3413	0.0	4.0	0.109
3414	0.0	4.0	0.274
3415	0.0	4.0	0.741
3416	0.0	4.0	0.793
3417	0.0	4.0	0.796
3418	0.0	4.0	0.834
3419	0.0	4.0	0.796
3420	0.0	4.0	0.772
3421	0.0	4.0	0.715
3422	0.0	4.0	0.628
3423	0.0	4.0	0.572
3424	0.0	4.0	0.534
3425	0.0	4.0	0.555
3426	0.0	4.0	0.689
3427	0.0	4.0	0.768
3428	0.0	4.0	0.951
3429	0.0	4.0	0.977
3430	0.0	4.0	0.911
3431	0.0	4.0	0.548
3432	0.0	3.9	0.343
3433	0.0	3.9	0.238
3434	0.0	3.9	0.128
3435	0.0	3.9	0.050
3436	0.0	3.9	0.036
3437	0.0	3.9	0.109
3438	0.0	3.9	0.274
3439	0.0	3.9	0.741
3440	0.0	3.9	0.793
3441	0.0	3.9	0.796
3442	0.0	3.9	0.834
3443	0.0	3.9	0.796
3444	0.0	3.9	0.772
3445	0.0	3.9	0.715
3446	0.0	3.9	0.628
3447	0.0	3.9	0.572
3448	0.0	3.9	0.534
3449	0.0	3.9	0.555
3450	0.0	3.9	0.689
3451	0.0	3.9	0.768
3452	0.0	3.9	0.951
3453	0.0	3.9	0.977
3454	0.0	3.9	0.911
3455	0.0	3.9	0.548
3456	0.0	3.9	0.343
3457	0.0	3.9	0.238
3458	0.0	3.9	0.128
3459	0.0	3.9	0.050
3460	0.0	3.9	0.036
3461	0.0	3.9	0.109
3462	0.0	3.9	0.274
3463	0.0	3.9	0.741
3464	0.0	3.9	0.793
3465	0.0	3.9	0.796
3466	0.0	3.9	0.834
3467	0.0	3.9	0.796
3468	0.0	3.9	0.772
3469	0.0	3.9	0.715
3470	0.0	3.8	0.628
3471	0.0	3.8	0.572
3472	0.0	3.8	0.534
3473	0.0	3.8	0.555
3474	0.0	3.8	0.689
3475	0.0	3.8	0.768
3476	0.0	3.8	0.951
3477	0.0	3.8	0.977
3478	0.0	3.8	0.911
3479	0.0	3.8	0.548
3480	0.0	3.8	0.343
3481	0.0	3.8	0.238
3482	0.0	3.8	0.128
3483	0.0	3.8	0.050
3484	0.0	3.8	0.036
3485	0.0	3.8	0.109
3486	0.0	3.8	0.274
3487	0.0	3.8	0.741
3488	0.0	3.8	0.793
3489	0.0	3.8	0.796
3490	0.0	3.8	0.834
3491	0.0	3.8	0.796
3492	0.0	3.8	0.772
3493	0.0	3.8	0.715
3494	0.0	3.8	0.628
3495	0.0	3.8	0.572
3496	0.0	3.8	0.534
3497	0.0	3.8	0.555
3498	0.0	3.8	0.689
3499	0.0	3.8	0.768
3500	0.0	3.7	0.951
3501	0.0	3.7	0.977
3502	0.0	3.7	0.911
3503	0.0	3.7	0.548
3504	0.0	3.7	0.343
3505	0.0	3.7	0.238
3506	0.0	3.7	0.128
3507	0.0	3.7	0.050
3508	0.0	3.7	0.036
3509	0.0	3.7	0.109
3510	0.0	3.7	0.274
3511	0.0	3.7	0.741
3512	0.0	3.7	0.793
3513	0.0	3.7	0.796
3514	0.0	3.7	0.834
3515	0.0	3.7	0.796
3516	0.0	3.7	0.772
3517	0.0	3.7	0.715
3518	0.0	3.7	0.628
3519	0.0	3.7	0.572
3520	0.0	3.7	0.534
3521	0.0	3.7	0.555
3522	0.0	3.7	0.689
3523	0.0	3.7	0.768
3524	0.0	3.7	0.951
3525	0.0	3.7	0.977
3526	0.0	3.7	0.911
3527	0.0	3.7	0.548
3528	0.0	3.7	0.343
3529	0.0	3.7	0.238
3530	0.0	3.7	0.128
3531	0.0	3.7	0.050
3532	0.0	3.7	0.036
3533	0.0	3.7	0.109
3534	0.0	3.7	0.274
3535	0.0	3.7	0.741
3536	0.0	3.7	0.793
3537	0.0	3.7	0.796
3538	0.0	3.7	0.834
3539	0.0	3.7	0.796
3540	0.0	3.7	0.772
3541	0.0	3.7	0.715
3542	0.0	3.7	0.628
3543	0.0	3.7	0.572
3544	0.0	3.7	0.534
3545	0.0	3.7	0.555
3546	0.0	3.7	0.689
3547	0.0	3.7	0.768
3548	0.0	3.7	0.951
3549	0.0	3.7	0.977
3550	0.0	3.6	0.911
3551	0.0	3.6	0.548
3552	0.0	3.6	0.343
3553	0.0	3.6	0.238
3554	0.0	3.6	0.128
3555	0.0	3.6	0.050
3556	0.0	3.6	0.036
3557	0.0	3.6	0.109
3558	0.0	3.6	0.274
3559	0.0	3.6	0.741
3560	0.0	3.6	0.793
3561	0.0	3.6	0.796
3562	0.0	3.6	0.834
3563	0.0	3.6	0.796
3564	0.0	3.6	0.772
3565	0.0	3.6	0.715
3566	0.0	3.6	0.628
3567	0.0	3.6	0.572
3568	0.0	3.6	0.534
3569	0.0	3.6	0.555
3570	0.0	3.6	0.689
3571	0.0	3.6	0.768
3572	0.0	3.6	0.951
3573	0.0	3.6	0.977
3574	0.0	3.6	0.911
3575	0.0	3.6	0.548
3576	0.0	3.6	0.343
3577	0.0	3.6	0.238
3578	0.0	3.6	0.128
3579	0.0	3.6	0.050
3580	0.0	3.6	0.036
3581	0.0	3.6	0.109
3582	0.0	3.6	0.274
3583	0.0	3.6	0.741
3584	0.0	3.6	0.793
3585	0.0	3.6	0.796
3586	0.0	3.6	0.834
3587	0.0	3.6	0.796
3588	0.0	3.6	0.772
3589	0.0	3.5	0.715
3590	0.0	3.5	0.628
3591	0.0	3.5	0.572
3592	0.0	3.5	0.534
3593	0.0	3.5	0.555
3594	0.0	3.5	0.689
3595	0.0	3.5	0.768
3596	0.0	3.5	0.951
3597	0.0	3.5	0.977
3598	0.0	3.5	0.911
3599	0.0	3.5	0.548
3600	0.0	3.5	0.343
3601	0.0	3.5	0.238
3602	0.0	3.5	0.128
3603	0.0	3.5	0.050
3604	0.0	3.5	0.036
3605	0.0	3.5	0.109
3606	0.0	3.5	0.274
3607	0.0	3.5	0.741
3608	0.0	3.5	0.793
3609	0.0	3.5	0.796
3610	0.0	3.5	0.834
3611	0.0	3.5	0.796
3612	0.0	3.5	0.772
3613	0.0	3.5	0.715
3614	0.0	3.5	0.628
3615	0.0	3.5	0.572
3616	0.0	3.5	0.534
3617	0.0	3.5	0.555
3618	0.0	3.5	0.689
3619	0.0	3.5	0.768
3620	0.0	3.5	0.951
3621	0.0	3.5	0.977
3622	0.0	3.5	0.911
3623	0.0	3.5	0.548
3624	0.0	3.5	0.343
3625	0.0	3.5	0.238
3626	0.0	3.5	0.128
3627	0.0	3.5	0.050
3628	0.0	3.5	0.036
3629	0.0	3.5	0.109
3630	0.0	3.5	0.274
3631	0.0	3.5	0.741
3632	0.0	3.5	0.793
3633	0.0	3.5	0.796
3634	0.0	3.5	0.834
3635	0.0	3.5	0.796
3636	0.0	3.5	0.772
3637	0.0	3.5	0.715
3638	0.0	3.5	0.628
3639	0.0	3.5	0.572
3640	0.0	3.5	0.534
3641	0.0	3.5	0.555
3642	0.0	3.5	0.689
3643	0.0	3.5	0.768
3644	0.0	3.5	0.951
3645	0.0	3.4	0.977
3646	0.0	3.4	0.911
3647	0.0	3.4	0.548
3648	0.0	3.4	0.343
3649	0.0	3.4	0.238
3650	0.0	3.4	0.128
3651	0.0	3.4	0.050
3652	0.0	3.4	0.036
3653	0.0	3.4	0.109
3654	0.0	3.4	0.274
3655	0.0	3.4	0.741
3656	0.0	3.4	0.793
3657	0.0	3.4	0.796
3658	0.0	3.4	0.834
3659	0.0	3.4	0.796
3660	0.0	3.4	0.772
3661	0.0	3.4	0.715
3662	0.0	3.4	0.628
3663	0.0	3.4	0.572
3664	0.0	3.4	0.534
3665	0.0	3.4	0.555
3666	0.0	3.4	0.689
3667	0.0	3.4	0.768
3668	0.0	3.4	0.951
3669	0.0	3.4	0.977
3670	0.0	3.4	0.911
3671	0.0	3.4	0.548
3672	0.0	3.4	0.343
3673	0.0	3.4	0.238
3674	0.0	3.4	0.128
3675	0.0	3.4	0.050
3676	0.0	3.4	0.036
3677	0.0	3.4	0.109
3678	0.0	3.4	0.274
3679	0.0	3.4	0.741
3680	0.0	3.4	0.793
3681	0.0	3.4	0.796
3682	0.0	3.4	0.834
3683	0.0	3.4	0.796
3684	0.0	3.4	0.772
3685	0.0	3.4	0.715
3686	0.0	3.4	0.628
3687	0.0	3.4	0.572
3688	0.0	3.4	0.534
3689	0.0	3.4	0.555
3690	0.0	3.4	0.689
3691	0.0	3.4	0.768
3692	0.0	3.4	0.951
3693	0.0	3.4	0.977
3694	0.0	3.4	0.911
3695	0.0	3.4	0.548
3696	0.0	3.4	0.343
3697	0.0	3.3	0.238
3698	0.0	3.3	0.128
3699	0.0	3.3	0.050
3700	0.0	3.3	0.036
3701	0.0	3.3	0.109
3702	0.0	3.3	0.274
3703	0.0	3.3	0.741
3704	0.0	3.3	0.793
3705	0.0	3.3	0.796
3706	0.0	3.3	0.834
3707	0.0	3.3	0.796
3708	0.0	3.3	0.772
3709	0.0	3.3	0.715
3710	0.0	3.3	0.628
3711	0.0	3.3	0.572
3712	0.0	3.3	0.534
3713	0.0	3.3	0.555
3714	0.0	3.3	0.689
3715	0.0	3.3	0.768
3716	0.0	3.3	0.951
3717	0.0	3.3	0.977
3718	0.0	3.3	0.911
3719	0.0	3.3	0.548
3720	0.0	3.3	0.343
3721	0.0	3.3	0.238
3722	0.0	3.3	0.128
3723	0.0	3.3	0.050
3724	0.0	3.3	0.036
3725	0.0	3.3	0.109
3726	0.0	3.3	0.274
3727	0.0	3.3	0.741
3728	0.0	3.3	0.793
3729	0.0	3.3	0.796
3730	0.0	3.3	0.834
3731	0.0	3.3	0.796
3732	0.0	3.3	0.772
3733	0.0	3.3	0.715
3734	0.0	3.3	0.628
3735	0.0	3.3	0.572
3736	0.0	3.3	0.534
3737	0.0	3.3	0.555
3738	0.0	3.3	0.689
3739	0.0	3.3	0.768
3740	0.0	3.3	0.951
3741	0.0	3.3	0.977
3742	0.0	3.3	0.911
3743	0.0	3.3	0.548
3744	0.0	3.3	0.343
3745	0.0	3.3	0.238
3746	0.0	3.3	0.128
3747	0.0	3.3	0.050
3748	0.0	3.3	0.036
3749	0.0	3.3	0.109
3750	0.0	3.3	0.274
3751	0.0	3.2	0.741
3752	0.0	3.2	0.793
3753	0.0	3.2	0.796
3754	0.0	3.2	0.834
3755	0.0	3.2	0.796
3756	0.0	3.2	0.772
3757	0.0	3.2	0.715
3758	0.0	3.2	0.628
3759	0.0	3.2	0.572
3760	0.0	3.2	0.534
3761	0.0	3.2	0.555
3762	0.0	3.2	0.689
3763	0.0	3.2	0.768
3764	0.0	3.2	0.951
3765	0.0	3.2	0.977
3766	0.0	3.2	0.911
3767	0.0	3.2	0.548
3768	0.0	3.2	0.343
3769	0.0	3.2	0.238
3770	0.0	3.2	0.128
3771	0.0	3.2	0.050
3772	0.0	3.2	0.036
3773	0.0	3.2	0.109
3774	0.0	3.2	0.274
3775	0.0	3.2	0.741
3776	0.0	3.2	0.793
3777	0.0	3.2	0.796
3778	0.0	3.2	0.834
3779	0.0	3.2	0.796
3780	0.0	3.2	0.772
3781	0.0	3.2	0.715
3782	0.0	3.2	0.628
3783	0.0	3.2	0.572
3784	0.0	3.2	0.534
3785	0.0	3.2	0.555
3786	0.0	3.2	0.689
3787	0.0	3.2	0.768
3788	0.0	3.2	0.951
3789	0.0	3.2	0.977
3790	0.0	3.2	0.911
3791	0.0	3.2	0.548
3792	0.0	3.2	0.343
3793	0.0	3.2	0.238
3794	0.0	3.2	0.128
3795	0.0	3.2	0.050
3796	0.0	3.2	0.036
3797	0.0	3.1	0.109
3798	0.0	3.1	0.274
3799	0.0	3.1	0.741
3800	0.0	3.1	0.793
3801	0.0	3.1	0.796
3802	0.0	3.1	0.834
3803	0.0	3.1	0.796
3804	0.0	3.1	0.772
3805	0.0	3.1	0.715
3806	0.0	3.1	0.628
3807	0.0	3.1	0.572
3808	0.0	3.1	0.534
3809	0.0	3.1	0.555
3810	0.0	3.1	0.689
3811	0.0	3.1	0.768
3812	0.0	3.1	0.951
3813	0.0	3.1	0.977
3814	0.0	3.1	0.911
3815	0.0	3.1	0.548
3816	0.0	3.1	0.343
3817	0.0	3.1	0.238
3818	0.0	3.1	0.128
3819	0.0	3.1	0.050
3820	0.0	3.1	0.036
3821	0.0	3.1	0.109
3822	0.0	3.1	0.274
3823	0.0	3.1	0.741
3824	0.0	3.1	0.793
3825	0.0	3.1	0.796
3826	0.0	3.1	0.834
3827	0.0	3.1	0.796
3828	0.0	3.1	0.772
3829	0.0	3.1	0.715
3830	0.0	3.1	0.628
3831	0.0	3.1	0.572
3832	0.0	3.1	0.534
3833	0.0	3.1	0.555
3834	0.0	3.1	0.689
3835	0.0	3.1	0.768
3836	0.0	3.1	0.951
3837	0.0	3.1	0.977
3838	0.0	3.1	0.911
3839	0.0	3.1	0.548
3840	0.0	3.1	0.343
3841	0.0	3.1	0.238
3842	0.0	3.1	0.128
3843	0.0	3.1	0.050
3844	0.0	3.1	0.036
3845	0.0	3.1	0.109
3846	0.0	3.1	0.274
3847	0.0	3.1	0.741
3848	0.0	3.1	0.793
3849	0.0	3.1	0.796
3850	0.0	3.1	0.834
3851	0.0	3.0	0.796
3852	0.0	3.0	0.772
3853	0.0	3.0	0.715
3854	0.0	3.0	0.628
3855	0.0	3.0	0.572
3856	0.0	3.0	0.534
3857	0.0	3.0	0.555
3858	0.0	3.0	0.689
3859	0.0	3.0	0.768
3860	0.0	3.0	0.951
3861	0.0	3.0	0.977
3862	0.0	3.0	0.911
3863	0.0	3.0	0.548
3864	0.0	3.0	0.343
3865	0.0	3.0	0.238
3866	0.0	3.0	0.128
3867	0.0	3.0	0.050
3868	0.0	3.0	0.036
3869	0.0	3.0	0.109
3870	0.0	3.0	0.274
3871	0.0	3.0	0.741
3872	0.0	3.0	0.793
3873	0.0	3.0	0.796
3874	0.0	3.0	0.834
3875	0.0	3.0	0.796
3876	0.0	3.0	0.772
3877	0.0	3.0	0.715
3878	0.0	3.0	0.628
3879	0.0	3.0	0.572
3880	0.0	3.0	0.534
3881	0.0	3.0	0.555
3882	0.0	3.0	0.689
3883	0.0	3.0	0.768
3884	0.0	3.0	0.951
3885	0.0	3.0	0.977
3886	0.0	3.0	0.911
3887	0.0	3.0	0.548
3888	0.0	3.0	0.343
3889	0.0	3.0	0.238
3890	0.0	3.0	0.128
3891	0.0	3.0	0.050
3892	0.0	3.0	0.036
3893	0.0	3.0	0.109
3894	0.0	3.0	0.274
3895	0.0	3.0	0.741
3896	0.0	3.0	0.793
3897	0.0	3.0	0.796
3898	0.0	3.0	0.834
3899	0.0	3.0	0.796
3900	0.0	3.0	0.772
3901	0.0	3.0	0.715
3902	0.0	3.0	0.628
3903	0.0	3.0	0.572
3904	0.0	3.0	0.534
3905	0.0	3.0	0.555
3906	0.0	3.0	0.689
3907	0.0	3.0	0.768
3908	0.0	3.0	0.951
3909	0.0	2.9	0.977
3910	0.0	2.9	0.911
3911	0.0	2.9	0.548
3912	0.0	2.9	0.343
3913	0.0	2.9	0.238
3914	0.0	2.9	0.128
3915	0.0	2.9	0.050
3916	0.0	2.9	0.036
3917	0.0	2.9	0.109
3918	0.0	2.9	0.274
3919	0.0	2.9	0.741
3920	0.0	2.9	0.793
3921	0.0	2.9	0.796
3922	0.0	2.9	0.834
3923	0.0	2.9	0.796
3924	0.0	2.9	0.772
3925	0.0	2.9	0.715
3926	0.0	2.9	0.628
3927	0.0	2.9	0.572
3928	0.0	2.9	0.534
3929	0.0	2.9	0.555
3930	0.0	2.9	0.689
3931	0.0	2.9	0.768
3932	0.0	2.9	0.951
3933	0.0	2.9	0.977
3934	0.0	2.9	0.911
3935	0.0	2.9	0.548
3936	0.0	2.9	0.343
3937	0.0	2.9	0.238
3938	0.0	2.9	0.128
3939	0.0	2.9	0.050
3940	0.0	2.9	0.036
3941	0.0	2.9	0.109
3942	0.0	2.9	0.274
3943	0.0	2.9	0.741
3944	0.0	2.9	0.793
3945	0.0	2.9	0.796
3946	0.0	2.9	0.834
3947	0.0	2.9	0.796
3948	0.0	2.9	0.772
3949	0.0	2.9	0.715
3950	0.0	2.9	0.628
3951	0.0	2.9	0.572
3952	0.0	2.9	0.534
3953	0.0	2.9	0.555
3954	0.0	2.9	0.689
3955	0.0	2.9	0.768
3956	0.0	2.8	0.951
3957	0.0	2.8	0.977
3958	0.0	2.8	0.911
3959	0.0	2.8	0.548
3960	0.0	2.8	0.343
3961	0.0	2.8	0.238
3962	0.0	2.8	0.128
3963	0.0	2.8	0.050
3964	0.0	2.8	0.036
3965	0.0	2.8	0.109
3966	0.0	2.8	0.274
3967	0.0	2.8	0.741
3968	0.0	2.8	0.793
3969	0.0	2.8	0.796
3970	0.0	2.8	0.834
3971	0.0	2.8	0.796
3972	0.0	2.8	0.772
3973	0.0	2.8	0.715
3974	0.0	2.8	0.628
3975	0.0	2.8	0.572
3976	0.0	2.8	0.534
3977	0.0	2.8	0.555
3978	0.0	2.8	0.689
3979	0.0	2.8	0.768
3980	0.0	2.8	0.951
3981	0.0	2.8	0.977
3982	0.0	2.8	0.911
3983	0.0	2.8	0.548
3984	0.0	2.8	0.343
3985	0.0	2.8	0.238
3986	0.0	2.8	0.128
3987	0.0	2.8	0.050
3988	0.0	2.8	0.036
3989	0.0	2.8	0.109
3990	0.0	2.8	0.274
3991	0.0	2.8	0.741
3992	0.0	2.8	0.793
3993	0.0	2.8	0.796
3994	0.0	2.8	0.834
3995	0.0	2.8	0.796
3996	0.0	2.7	0.772
3997	0.0	2.7	0.715
3998	0.0	2.7	0.628
3999	0.0	2.7	0.572
4000	0.0	2.7	0.534
4001	0.0	2.7	0.555
4002	0.0	2.7	0.689
4003	0.0	2.7	0.768
4004	0.0	2.7	0.951
4005	0.0	2.7	0.977
4006	0.0	2.7	0.911
4007	0.0	2.7	0.548
4008	0.0	2.7	0.343
4009	0.0	2.7	0.238
4010	0.0	2.7	0.128
4011	0.0	2.7	0.050
4012	0.0	2.7	0.036
4013	0.0	2.7	0.109
4014	0.0	2.7	0.274
4015	0.0	2.7	0.741
4016	0.0	2.7	0.793
4017	0.0	2.7	0.796
4018	0.0	2.7	0.834
4019	0.0	2.7	0.796
4020	0.0	2.7	0.772
4021	0.0	2.7	0.715
4022	0.0	2.7	0.628
4023	0.0	2.7	0.572
4024	0.0	2.7	0.534
4025	0.0	2.7	0.555
4026	0.0	2.7	0.689
4027	0.0	2.7	0.768
4028	0.0	2.7	0.951
4029	0.0	2.7	0.977
4030	0.0	2.7	0.911
4031	0.0	2.7	0.548
4032	0.0	2.7	0.343
4033	0.0	2.7	0.238
4034	0.0	2.7	0.128
4035	0.0	2.7	0.050
4036	0.0	2.7	0.036
4037	0.0	2.6	0.109
4038	0.0	2.6	0.274
4039	0.0	2.6	0.741
4040	0.0	2.6	0.793
4041	0.0	2.6	0.796
4042	0.0	2.6	0.834
4043	0.0	2.6	0.796
4044	0.0	2.6	0.772
4045	0.0	2.6	0.715
4046	0.0	2.6	0.628
4047	0.0	2.6	0.572
4048	0.0	2.6	0.534
4049	0.0	2.6	0.555
4050	0.0	2.6	0.689
4051	0.0	2.6	0.768
4052	0.0	2.6	0.951
4053	0.0	2.6	0.977
4054	0.0	2.6	0.911
4055	0.0	2.6	0.548
4056	0.0	2.6	0.343
4057	0.0	2.6	0.238
4058	0.0	2.6	0.128
4059	0.0	2.6	0.050
4060	0.0	2.6	0.036
4061	0.0	2.6	0.109
4062	0.0	2.6	0.274
4063	0.0	2.6	0.741
4064	0.0	2.6	0.793
4065	0.0	2.6	0.796
4066	0.0	2.6	0.834
4067	0.0	2.6	0.796
4068	0.0	2.6	0.772
4069	0.0	2.6	0.715
4070	0.0	2.6	0.628
4071	0.0	2.6	0.572
4072	0.0	2.6	0.534
4073	0.0	2.6	0.555
4074	0.0	2.6	0.689
4075	0.0	2.6	0.768
4076	0.0	2.6	0.951
4077	0.0	2.6	0.977
4078	0.0	2.6	0.911
4079	0.0	2.6	0.548
4080	0.0	2.6	0.343
4081	0.0	2.6	0.238
4082	0.0	2.6	0.128
4083	0.0	2.6	0.050
4084	0.0	2.6	0.036
4085	0.0	2.6	0.109
4086	0.0	2.6	0.274
4087	0.0	2.6	0.741
4088	0.0	2.6	0.793
4089	0.0	2.5	0.796
4090	0.0	2.5	0.834
4091	0.0	2.5	0.796
4092	0.0	2.5	0.772
4093	0.0	2.5	0.715
4094	0.0	2.5	0.628
4095	0.0	2.5	0.572
4096	0.0	2.5	0.534
4097	0.0	2.5	0.555
4098	0.0	2.5	0.689
4099	0.0	2.5	0.768
4100	0.0	2.5	0.951
4101	0.0	2.5	0.977
4102	0.0	2.5	0.911
4103	0.0	2.5	0.548
4104	0.0	2.5	0.343
4105	0.0	2.5	0.238
4106	0.0	2.5	0.128
4107	0.0	2.5	0.050
4108	0.0	2.5	0.036
4109	0.0	2.5	0.109
4110	0.0	2.5	0.274
4111	0.0	2.5	0.741
4112	0.0	2.5	0.793
4113	0.0	2.5	0.796
4114	0.0	2.5	0.834
4115	0.0	2.5	0.796
4116	0.0	2.5	0.772
4117	0.0	2.5	0.715
4118	0.0	2.5	0.628
4119	0.0	2.5	0.572
4120	0.0	2.5	0.534
4121	0.0	2.5	0.555
4122	0.0	2.5	0.689
4123	0.0	2.5	0.768
4124	0.0	2.5	0.951
4125	0.0	2.5	0.977
4126	0.0	2.5	0.911
4127	0.0	2.5	0.548
4128	0.0	2.5	0.343
4129	0.0	2.5	0.238
4130	0.0	2.5	0.128
4131	0.0	2.5	0.050
4132	0.0	2.5	0.036
4133	0.0	2.5	0.109
4134	0.0	2.5	0.274
4135	0.0	2.5	0.741
4136	0.0	2.5	0.793
4137	0.0	2.5	0.796
4138	0.0	2.5	0.834
4139	0.0	2.5	0.796
4140	0.0	2.5	0.772
4141	0.0	2.5	0.715
4142	0.0	2.5	0.628
4143	0.0	2.5	0.572
4144	0.0	2.4	0.534
4145	0.0	2.4	0.555
4146	0.0	2.4	0.689
4147	0.0	2.4	0.768
4148	0.0	2.4	0.951
4149	0.0	2.4	0.977
4150	0.0	2.4	0.911
4151	0.0	2.4	0.548
4152	0.0	2.4	0.343
4153	0.0	2.4	0.238
4154	0.0	2.4	0.128
4155	0.0	2.4	0.050
4156	0.0	2.4	0.036
4157	0.0	2.4	0.109
4158	0.0	2.4	0.274
4159	0.0	2.4	0.741
4160	0.0	2.4	0.793
4161	0.0	2.4	0.796
4162	0.0	2.4	0.834
4163	0.0	2.4	0.796
4164	0.0	2.4	0.772
4165	0.0	2.4	0.715
4166	0.0	2.4	0.628
4167	0.0	2.4	0.572
4168	0.0	2.4	0.534
4169	0.0	2.4	0.555
4170	0.0	2.4	0.689
4171	0.0	2.4	0.768
4172	0.0	2.4	0.951
4173	0.0	2.4	0.977
4174	0.0	2.4	0.911
4175	0.0	2.4	0.548
4176	0.0	2.4	0.343
4177	0.0	2.4	0.238
4178	0.0	2.4	0.128
4179	0.0	2.4	0.050
4180	0.0	2.4	0.036
4181	0.0	2.4	0.109
4182	0.0	2.4	0.274
4183	0.0	2.4	0.741
4184	0.0	2.4	0.793
4185	0.0	2.4	0.796
4186	0.0	2.4	0.834
4187	0.0	2.4	0.796
4188	0.0	2.4	0.772
4189	0.0	2.4	0.715
4190	0.0	2.4	0.628
4191	0.0	2.4	0.572
4192	0.0	2.4	0.534
4193	0.0	2.4	0.555
4194	0.0	2.4	0.689
4195	0.0	2.4	0.768
4196	0.0	2.4	0.951
4197	0.0	2.4	0.977
4198	0.0	2.4	0.911
4199	0.0	2.4	0.548
4200	0.0	2.4	0.343
4201	0.0	2.4	0.238
4202	0.0	2.4	0.128
4203	0.0	2.4	0.050
4204	0.0	2.4	0.036
4205	0.0	2.4	0.109
4206	0.0	2.4	0.274
4207	0.0	2.4	0.741
4208	0.0	2.3	0.793
4209	0.0	2.3	0.796
4210	0.0	2.3	0.834
4211	0.0	2.3	0.796
4212	0.0	2.3	0.772
4213	0.0	2.3	0.715
4214	0.0	2.3	0.628
4215	0.0	2.3	0.572
4216	0.0	2.3	0.534
4217	0.0	2.3	0.555
4218	0.0	2.3	0.689
4219	0.0	2.3	0.768
4220	0.0	2.3	0.951
4221	0.0	2.3	0.977
4222	0.0	2.3	0.911
4223	0.0	2.3	0.548
4224	0.0	2.3	0.343
4225	0.0	2.3	0.238
4226	0.0	2.3	0.128
4227	0.0	2.3	0.050
4228	0.0	2.3	0.036
4229	0.0	2.3	0.109
4230	0.0	2.3	0.274
4231	0.0	2.3	0.741
4232	0.0	2.3	0.793
4233	0.0	2.3	0.796
4234	0.0	2.3	0.834
4235	0.0	2.3	0.796
4236	0.0	2.3	0.772
4237	0.0	2.3	0.715
4238	0.0	2.3	0.628
4239	0.0	2.3	0.572
4240	0.0	2.3	0.534
4241	0.0	2.3	0.555
4242	0.0	2.3	0.689
4243	0.0	2.3	0.768
4244	0.0	2.3	0.951
4245	0.0	2.3	0.977
4246	0.0	2.3	0.911
4247	0.0	2.3	0.548
4248	0.0	2.3	0.343
4249	0.0	2.3	0.238
4250	0.0	2.3	0.128
4251	0.0	2.3	0.050
4252	0.0	2.3	0.036
4253	0.0	2.3	0.109
4254	0.0	2.3	0.274
4255	0.0	2.3	0.741
4256	0.0	2.3	0.793
4257	0.0	2.2	0.796
4258	0.0	2.2	0.834
4259	0.0	2.2	0.796
4260	0.0	2.2	0.772
4261	0.0	2.2	0.715
4262	0.0	2.2	0.628
4263	0.0	2.2	0.572
4264	0.0	2.2	0.534
4265	0.0	2.2	0.555
4266	0.0	2.2	0.689
4267	0.0	2.2	0.768
4268	0.0	2.2	0.951
4269	0.0	2.2	0.977
4270	0.0	2.2	0.911
4271	0.0	2.2	0.548
4272	0.0	2.2	0.343
4273	0.0	2.2	0.238
4274	0.0	2.2	0.128
4275	0.0	2.2	0.050
4276	0.0	2.2	0.036
4277	0.0	2.2	0.109
4278	0.0	2.2	0.274
4279	0.0	2.2	0.741
4280	0.0	2.2	0.793
4281	0.0	2.2	0.796
4282	0.0	2.2	0.834
4283	0.0	2.2	0.796
4284	0.0	2.2	0.772
4285	0.0	2.2	0.715
4286	0.0	2.2	0.628
4287	0.0	2.2	0.572
4288	0.0	2.2	0.534
4289	0.0	2.2	0.555
4290	0.0	2.2	0.689
4291	0.0	2.2	0.768
4292	0.0	2.2	0.951
4293	0.0	2.2	0.977
4294	0.0	2.2	0.911
4295	0.0	2.2	0.548
4296	0.0	2.2	0.343
4297	0.0	2.2	0.238
4298	0.0	2.2	0.128
4299	0.0	2.2	0.050
4300	0.0	2.2	0.036
4301	0.0	2.2	0.109
4302	0.0	2.2	0.274
4303	0.0	2.2	0.741
4304	0.0	2.2	0.793
4305	0.0	2.2	0.796
4306	0.0	2.2	0.834
4307	0.0	2.2	0.796
4308	0.0	2.2	0.772
4309	0.0	2.2	0.715
4310	0.0	2.2	0.628
4311	0.0	2.2	0.572
4312	0.0	2.2	0.534
4313	0.0	2.2	0.555
4314	0.0	2.2	0.689
4315	0.0	2.2	0.768
4316	0.0	2.2	0.951
4317	0.0	2.2	0.977
4318	0.0	2.2	0.911
4319	0.0	2.2	0.548
4320	0.0	2.2	0.343
4321	0.0	2.2	0.238
4322	0.0	2.2	0.128
4323	0.0	2.2	0.050
4324	0.0	2.1	0.036
4325	0.0	2.1	0.109
4326	0.0	2.1	0.274
4327	0.0	2.1	0.741
4328	0.0	2.1	0.793
4329	0.0	2.1	0.796
4330	0.0	2.1	0.834
4331	0.0	2.1	0.796
4332	0.0	2.1	0.772
4333	0.0	2.1	0.715
4334	0.0	2.1	0.628
4335	0.0	2.1	0.572
4336	0.0	2.1	0.534
4337	0.0	2.1	0.555
4338	0.0	2.1	0.689
4339	0.0	2.1	0.768
4340	0.0	2.1	0.951
4341	0.0	2.1	0.977
4342	0.0	2.1	0.911
4343	0.0	2.1	0.548
4344	0.0	2.1	0.343
4345	0.0	2.1	0.238
4346	0.0	2.1	0.128
4347	0.0	2.1	0.050
4348	0.0	2.1	0.036
4349	0.0	2.1	0.109
4350	0.0	2.1	0.274
4351	0.0	2.1	0.741
4352	0.0	2.1	0.793
4353	0.0	2.1	0.796
4354	0.0	2.1	0.834
4355	0.0	2.1	0.796
4356	0.0	2.1	0.772
4357	0.0	2.1	0.715
4358	0.0	2.1	0.628
4359	0.0	2.1	0.572
4360	0.0	2.1	0.534
4361	0.0	2.1	0.555
4362	0.0	2.1	0.689
4363	0.0	2.1	0.768
4364	0.0	2.1	0.951
4365	0.0	2.0	0.977
4366	0.0	2.0	0.911
4367	0.0	2.0	0.548
4368	0.0	2.0	0.343
4369	0.0	2.0	0.238
4370	0.0	2.0	0.128
4371	0.0	2.0	0.050
4372	0.0	2.0	0.036
4373	0.0	2.0	0.109
4374	0.0	2.0	0.274
4375	0.0	2.0	0.741
4376	0.0	2.0	0.793
4377	0.0	2.0	0.796
4378	0.0	2.0	0.834
4379	0.0	2.0	0.796
4380	0.0	2.0	0.772
4381	0.0	2.0	0.715
4382	0.0	2.0	0.628
4383	0.0	2.0	0.572
4384	0.0	2.0	0.534
4385	0.0	2.0	0.555
4386	0.0	2.0	0.689
4387	0.0	2.0	0.768
4388	0.0	2.0	0.951
4389	0.0	2.0	0.977
4390	0.0	2.0	0.911
4391	0.0	2.0	0.548
4392	0.0	2.0	0.343
4393	0.0	2.0	0.238
4394	0.0	2.0	0.128
4395	0.0	2.0	0.050
4396	0.0	2.0	0.036
4397	0.0	2.0	0.109
4398	0.0	2.0	0.274
4399	0.0	2.0	0.741
4400	0.0	2.0	0.793
4401	0.0	2.0	0.796
4402	0.0	2.0	0.834
4403	0.0	2.0	0.796
4404	0.0	2.0	0.772
4405	0.0	2.0	0.715
4406	0.0	2.0	0.628
4407	0.0	1.9	0.572
4408	0.0	1.9	0.534
4409	0.0	1.9	0.555
4410	0.0	1.9	0.689
4411	0.0	1.9	0.768
4412	0.0	1.9	0.951
4413	0.0	1.9	0.977
4414	0.0	1.9	0.911
4415	0.0	1.9	0.548
4416	0.0	1.9	0.343
4417	0.0	1.9	0.238
4418	0.0	1.9	0.128
4419	0.0	1.9	0.050
4420	0.0	1.9	0.036
4421	0.0	1.9	0.109
4422	0.0	1.9	0.274
4423	0.0	1.9	0.741
4424	0.0	1.9	0.793
4425	0.0	1.9	0.796
4426	0.0	1.9	0.834
4427	0.0	1.9	0.796
4428	0.0	1.9	0.772
4429	0.0	1.9	0.715
4430	0.0	1.9	0.628
4431	0.0	1.9	0.572
4432	0.0	1.9	0.534
4433	0.0	1.9	0.555
4434	0.0	1.9	0.689
4435	0.0	1.9	0.768
4436	0.0	1.9	0.951
4437	0.0	1.9	0.977
4438	0.0	1.9	0.911
4439	0.0	1.9	0.548
4440	0.0	1.9	0.343
4441	0.0	1.9	0.238
4442	0.0	1.9	0.128
4443	0.0	1.8	0.050
4444	0.0	1.8	0.036
4445	0.0	1.8	0.109
4446	0.0	1.8	0.274
4447	0.0	1.8	0.741
4448	0.0	1.8	0.793
4449	0.0	1.8	0.796
4450	0.0	1.8	0.834
4451	0.0	1.8	0.796
4452	0.0	1.8	0.772
4453	0.0	1.8	0.715
4454	0.0	1.8	0.628
4455	0.0	1.8	0.572
4456	0.0	1.8	0.534
4457	0.0	1.8	0.555
4458	0.0	1.8	0.689
4459	0.0	1.8	0.768
4460	0.0	1.8	0.951
4461	0.0	1.8	0.977
4462	0.0	1.8	0.911
4463	0.0	1.8	0.548
4464	0.0	1.8	0.343
4465	0.0	1.8	0.238
4466	0.0	1.8	0.128
4467	0.0	1.8	0.050
4468	0.0	1.8	0.036
4469	0.0	1.8	0.109
4470	0.0	1.8	0.274
4471	0.0	1.8	0.741
4472	0.0	1.8	0.793
4473	0.0	1.8	0.796
4474	0.0	1.8	0.834
4475	0.0	1.8	0.796
4476	0.0	1.8	0.772
4477	0.0	1.8	0.715
4478	0.0	1.8	0.628
4479	0.0	1.8	0.572
4480	0.0	1.8	0.534
4481	0.0	1.8	0.555
4482	0.0	1.8	0.689
4483	0.0	1.8	0.768
4484	0.0	1.8	0.951
4485	0.0	1.8	0.977
4486	0.0	1.8	0.911
4487	0.0	1.8	0.548
4488	0.0	1.8	0.343
4489	0.0	1.8	0.238
4490	0.0	1.8	0.128
4491	0.0	1.8	0.050
4492	0.0	1.8	0.036
4493	0.0	1.7	0.109
4494	0.0	1.7	0.274
4495	0.0	1.7	0.741
4496	0.0	1.7	0.793
4497	0.0	1.7	0.796
4498	0.0	1.7	0.834
4499	0.0	1.7	0.796
4500	0.0	1.7	0.772
4501	0.0	1.7	0.715
4502	0.0	1.7	0.628
4503	0.0	1.7	0.572
4504	0.0	1.7	0.534
4505	0.0	1.7	0.555
4506	0.0	1.7	0.689
4507	0.0	1.7	0.768
4508	0.0	1.7	0.951
4509	0.0	1.7	0.977
4510	0.0	1.7	0.911
4511	0.0	1.7	0.548
4512	0.0	1.7	0.343
4513	0.0	1.7	0.238
4514	0.0	1.7	0.128
4515	0.0	1.7	0.050
4516	0.0	1.7	0.036
4517	0.0	1.7	0.109
4518	0.0	1.7	0.274
4519	0.0	1.7	0.741
4520	0.0	1.7	0.793
4521	0.0	1.7	0.796
4522	0.0	1.7	0.834
4523	0.0	1.7	0.796
4524	0.0	1.7	0.772
4525	0.0	1.7	0.715
4526	0.0	1.7	0.628
4527	0.0	1.7	0.572
4528	0.0	1.7	0.534
4529	0.0	1.7	0.555
4530	0.0	1.7	0.689
4531	0.0	1.7	0.768
4532	0.0	1.7	0.951
4533	0.0	1.7	0.977
4534	0.0	1.7	0.911
4535	0.0	1.7	0.548
4536	0.0	1.6	0.343
4537	0.0	1.6	0.238
4538	0.0	1.6	0.128
4539	0.0	1.6	0.050
4540	0.0	1.6	0.036
4541	0.0	1.6	0.109
4542	0.0	1.6	0.274
4543	0.0	1.6	0.741
4544	0.0	1.6	0.793
4545	0.0	1.6	0.796
4546	0.0	1.6	0.834
4547	0.0	1.6	0.796
4548	0.0	1.6	0.772
4549	0.0	1.6	0.715
4550	0.0	1.6	0.628
4551	0.0	1.6	0.572
4552	0.0	1.6	0.534
4553	0.0	1.6	0.555
4554	0.0	1.6	0.689
4555	0.0	1.6	0.768
4556	0.0	1.6	0.951
4557	0.0	1.6	0.977
4558	0.0	1.6	0.911
4559	0.0	1.6	0.548
4560	0.0	1.6	0.343
4561	0.0	1.6	0.238
4562	0.0	1.6	0.128
4563	0.0	1.6	0.050
4564	0.0	1.6	0.036
4565	0.0	1.6	0.109
4566	0.0	1.6	0.274
4567	0.0	1.6	0.741
4568	0.0	1.5	0.793
4569	0.0	1.5	0.796
4570	0.0	1.5	0.834
4571	0.0	1.5	0.796
4572	0.0	1.5	0.772
4573	0.0	1.5	0.715
4574	0.0	1.5	0.628
4575	0.0	1.5	0.572
4576	0.0	1.5	0.534
4577	0.0	1.5	0.555
4578	0.0	1.5	0.689
4579	0.0	1.5	0.768
4580	0.0	1.5	0.951
4581	0.0	1.5	0.977
4582	0.0	1.5	0.911
4583	0.0	1.5	0.548
4584	0.0	1.5	0.343
4585	0.0	1.5	0.238
4586	0.0	1.5	0.128
4587	0.0	1.5	0.050
4588	0.0	1.5	0.036
4589	0.0	1.5	0.109
4590	0.0	1.5	0.274
4591	0.0	1.5	0.741
4592	0.0	1.5	0.793
4593	0.0	1.5	0.796
4594	0.0	1.5	0.834
4595	0.0	1.5	0.796
4596	0.0	1.5	0.772
4597	0.0	1.5	0.715
4598	0.0	1.5	0.628
4599	0.0	1.5	0.572
4600	0.0	1.5	0.534
4601	0.0	1.5	0.555
4602	0.0	1.5	0.689
4603	0.0	1.5	0.768
4604	0.0	1.5	0.951
4605	0.0	1.5	0.977
4606	0.0	1.5	0.911
4607	0.0	1.5	0.548
4608	0.0	1.5	0.343
4609	0.0	1.5	0.238
4610	0.0	1.5	0.128
4611	0.0	1.5	0.050
4612	0.0	1.5	0.036
4613	0.0	1.5	0.109
4614	0.0	1.4	0.274
4615	0.0	1.4	0.741
4616	0.0	1.4	0.793
4617	0.0	1.4	0.796
4618	0.0	1.4	0.834
4619	0.0	1.4	0.796
4620	0.0	1.4	0.772
4621	0.0	1.4	0.715
4622	0.0	1.4	0.628
4623	0.0	1.4	0.572
4624	0.0	1.4	0.534
4625	0.0	1.4	0.555
4626	0.0	1.4	0.689
4627	0.0	1.4	0.768
4628	0.0	1.4	0.951
4629	0.0	1.4	0.977
4630	0.0	1.4	0.911
4631	0.0	1.4	0.548
4632	0.0	1.4	0.343
4633	0.0	1.4	0.238
4634	0.0	1.4	0.128
4635	0.0	1.4	0.050
4636	0.0	1.4	0.036
4637	0.0	1.4	0.109
4638	0.0	1.4	0.274
4639	0.0	1.4	0.741
4640	0.0	1.4	0.793
4641	0.0	1.4	0.796
4642	0.0	1.4	0.834
4643	0.0	1.4	0.796
4644	0.0	1.4	0.772
4645	0.0	1.4	0.715
4646	0.0	1.4	0.628
4647	0.0	1.4	0.572
4648	0.0	1.4	0.534
4649	0.0	1.4	0.555
4650	0.0	1.4	0.689
4651	0.0	1.4	0.768
4652	0.0	1.4	0.951
4653	0.0	1.4	0.977
4654	0.0	1.4	0.911
4655	0.0	1.4	0.548
4656	0.0	1.4	0.343
4657	0.0	1.4	0.238
4658	0.0	1.4	0.128
4659	0.0	1.4	0.050
4660	0.0	1.4	0.036
4661	0.0	1.4	0.109
4662	0.0	1.4	0.274
4663	0.0	1.4	0.741
4664	0.0	1.4	0.793
4665	0.0	1.4	0.796
4666	0.0	1.4	0.834
4667	0.0	1.4	0.796
4668	0.0	1.4	0.772
4669	0.0	1.3	0.715
4670	0.0	1.3	0.628
4671	0.0	1.3	0.572
4672	0.0	1.3	0.534
4673	0.0	1.3	0.555
4674	0.0	1.3	0.689
4675	0.0	1.3	0.768
4676	0.0	1.3	0.951
4677	0.0	1.3	0.977
4678	0.0	1.3	0.911
4679	0.0	1.3	0.548
4680	0.0	1.3	0.343
4681	0.0	1.3	0.238
4682	0.0	1.3	0.128
4683	0.0	1.3	0.050
4684	0.0	1.3	0.036
4685	0.0	1.3	0.109
4686	0.0	1.3	0.274
4687	0.0	1.3	0.741
4688	0.0	1.3	0.793
4689	0.0	1.3	0.796
4690	0.0	1.3	0.834
4691	0.0	1.3	0.796
4692	0.0	1.3	0.772
4693	0.0	1.3	0.715
4694	0.0	1.3	0.628
4695	0.0	1.3	0.572
4696	0.0	1.3	0.534
4697	0.0	1.3	0.555
4698	0.0	1.3	0.689
4699	0.0	1.3	0.768
4700	0.0	1.3	0.951
4701	0.0	1.3	0.977
4702	0.0	1.3	0.911
4703	0.0	1.3	0.548
4704	0.0	1.3	0.343
4705	0.0	1.3	0.238
4706	0.0	1.3	0.128
4707	0.0	1.3	0.050
4708	0.0	1.3	0.036
4709	0.0	1.3	0.109
4710	0.0	1.3	0.274
4711	0.0	1.3	0.741
4712	0.0	1.3	0.793
4713	0.0	1.3	0.796
4714	0.0	1.3	0.834
4715	0.0	1.3	0.796
4716	0.0	1.3	0.772
4717	0.0	1.3	0.715
4718	0.0	1.3	0.628
4719	0.0	1.3	0.572
4720	0.0	1.3	0.534
4721	0.0	1.3	0.555
4722	0.0	1.3	0.689
4723	0.0	1.2	0.768
4724	0.0	1.2	0.951
4725	0.0	1.2	0.977
4726	0.0	1.2	0.911
4727	0.0	1.2	0.548
4728	0.0	1.2	0.343
4729	0.0	1.2	0.238
4730	0.0	1.2	0.128
4731	0.0	1.2	0.050
4732	0.0	1.2	0.036
4733	0.0	1.2	0.109
4734	0.0	1.2	0.274
4735	0.0	1.2	0.741
4736	0.0	1.2	0.793
4737	0.0	1.2	0.796
4738	0.0	1.2	0.834
4739	0.0	1.2	0.796
4740	0.0	1.2	0.772
4741	0.0	1.2	0.715
4742	0.0	1.2	0.628
4743	0.0	1.2	0.572
4744	0.0	1.2	0.534
4745	0.0	1.2	0.555
4746	0.0	1.2	0.689
4747	0.0	1.2	0.768
4748	0.0	1.2	0.951
4749	0.0	1.2	0.977
4750	0.0	1.2	0.911
4751	0.0	1.2	0.548
4752	0.0	1.2	0.343
4753	0.0	1.2	0.238
4754	0.0	1.1	0.128
4755	0.0	1.1	0.050
4756	0.0	1.1	0.036
4757	0.0	1.1	0.109
4758	0.0	1.1	0.274
4759	0.0	1.1	0.741
4760	0.0	1.1	0.793
4761	0.0	1.1	0.796
4762	0.0	1.1	0.834
4763	0.0	1.1	0.796
4764	0.0	1.1	0.772
4765	0.0	1.1	0.715
4766	0.0	1.1	0.628
4767	0.0	1.1	0.572
4768	0.0	1.1	0.534
4769	0.0	1.1	0.555
4770	0.0	1.1	0.689
4771	0.0	1.1	0.768
4772	0.0	1.1	0.951
4773	0.0	1.1	0.977
4774	0.0	1.1	0.911
4775	0.0	1.1	0.548
4776	0.0	1.1	0.343
4777	0.0	1.1	0.238
4778	0.0	1.1	0.128
4779	0.0	1.1	0.050
4780	0.0	1.1	0.036
4781	0.0	1.1	0.109
4782	0.0	1.1	0.274
4783	0.0	1.1	0.741
4784	0.0	1.1	0.793
4785	0.0	1.1	0.796
4786	0.0	1.1	0.834
4787	0.0	1.0	0.796
4788	0.0	1.0	0.772
4789	0.0	1.0	0.715
4790	0.0	1.0	0.628
4791	0.0	1.0	0.572
4792	0.0	1.0	0.534
4793	0.0	1.0	0.555
4794	0.0	1.0	0.689
4795	0.0	1.0	0.768
4796	0.0	1.0	0.951
4797	0.0	1.0	0.977
4798	0.0	1.0	0.911
4799	0.0	1.0	0.548
4800	0.0	1.0	0.343
4801	0.0	1.0	0.238
4802	0.0	1.0	0.128
4803	0.0	1.0	0.050
4804	0.0	1.0	0.036
4805	0.0	1.0	0.109
4806	0.0	1.0	0.274
4807	0.0	1.0	0.741
4808	0.0	1.0	0.793
4809	0.0	1.0	0.796
4810	0.0	1.0	0.834
4811	0.0	1.0	0.796
4812	0.0	1.0	0.772
4813	0.0	1.0	0.715
4814	0.0	1.0	0.628
4815	0.0	1.0	0.572
4816	0.0	1.0	0.534
4817	0.0	1.0	0.555
4818	0.0	0.9	0.689
4819	0.0	0.9	0.768
4820	0.0	0.9	0.951
4821	0.0	0.9	0.977
4822	0.0	0.9	0.911
4823	0.0	0.9	0.548
4824	0.0	0.9	0.343
4825	0.0	0.9	0.238
4826	0.0	0.9	0.128
4827	0.0	0.9	0.050
4828	0.0	0.9	0.036
4829	0.0	0.9	0.109
4830	0.0	0.9	0.274
4831	0.0	0.9	0.741
4832	0.0	0.9	0.793
4833	0.0	0.9	0.796
4834	0.0	0.9	0.834
4835	0.0	0.9	0.796
4836	0.0	0.9	0.772
4837	0.0	0.9	0.715
4838	0.0	0.9	0.628
4839	0.0	0.9	0.572
4840	0.0	0.9	0.534
4841	0.0	0.9	0.555
4842	0.0	0.9	0.689
4843	0.0	0.9	0.768
4844	0.0	0.9	0.951
4845	0.0	0.9	0.977
4846	0.0	0.9	0.911
4847	0.0	0.9	0.548
4848	0.0	0.8	0.343
4849	0.0	0.8	0.238
4850	0.0	0.8	0.128
4851	0.0	0.8	0.050
4852	0.0	0.8	0.036
4853	0.0	0.8	0.109
4854	0.0	0.8	0.274
4855	0.0	0.8	0.741
4856	0.0	0.8	0.793
4857	0.0	0.8	0.796
4858	0.0	0.8	0.834
4859	0.0	0.8	0.796
4860	0.0	0.8	0.772
4861	0.0	0.8	0.715
4862	0.0	0.8	0.628
4863	0.0	0.8	0.572
4864	0.0	0.8	0.534
4865	0.0	0.8	0.555
4866	0.0	0.8	0.689
4867	0.0	0.7	0.768
4868	0.0	0.7	0.951
4869	0.0	0.7	0.977
4870	0.0	0.7	0.911
4871	0.0	0.7	0.548
4872	0.0	0.7	0.343
4873	0.0	0.7	0.238
4874	0.0	0.7	0.128
4875	0.0	0.7	0.050
4876	0.0	0.7	0.036
4877	0.0	0.7	0.109
4878	0.0	0.7	0.274
4879	0.0	0.7	0.741
4880	0.0	0.7	0.793
4881	0.0	0.7	0.796
4882	0.0	0.7	0.834
4883	0.0	0.7	0.796
4884	0.0	0.7	0.772
4885	0.0	0.7	0.715
4886	0.0	0.7	0.628
4887	0.0	0.7	0.572
4888	0.0	0.7	0.534
4889	0.0	0.7	0.555
4890	0.0	0.7	0.689
4891	0.0	0.7	0.768
4892	0.0	0.7	0.951
4893	0.0	0.7	0.977
4894	0.0	0.6	0.911
4895	0.0	0.6	0.548
4896	0.0	0.6	0.343
4897	0.0	0.6	0.238
4898	0.0	0.6	0.128
4899	0.0	0.6	0.050
4900	0.0	0.6	0.036
4901	0.0	0.6	0.109
4902	0.0	0.6	0.274
4903	0.0	0.6	0.741
4904	0.0	0.6	0.793
4905	0.0	0.6	0.796
4906	0.0	0.6	0.834
4907	0.0	0.6	0.796
4908	0.0	0.6	0.772
4909	0.0	0.6	0.715
4910	0.0	0.6	0.628
4911	0.0	0.6	0.572
4912	0.0	0.6	0.534
4913	0.0	0.6	0.555
4914	0.0	0.6	0.689
4915	0.0	0.6	0.768
4916	0.0	0.6	0.951
4917	0.0	0.6	0.977
4918	0.0	0.6	0.911
4919	0.0	0.6	0.548
4920	0.0	0.6	0.343
4921	0.0	0.6	0.238
4922	0.0	0.6	0.128
4923	0.0	0.6	0.050
4924	0.0	0.5	0.036
4925	0.0	0.5	0.109
4926	0.0	0.5	0.274
4927	0.0	0.5	0.741
4928	0.0	0.5	0.793
4929	0.0	0.5	0.796
4930	0.0	0.5	0.834
4931	0.0	0.5	0.796
4932	0.0	0.5	0.772
4933	0.0	0.5	0.715
4934	0.0	0.5	0.628
4935	0.0	0.5	0.572
4936	0.0	0.5	0.534
4937	0.0	0.5	0.555
4938	0.0	0.5	0.689
4939	0.0	0.5	0.768
4940	0.0	0.5	0.951
4941	0.0	0.5	0.977
4942	0.0	0.5	0.911
4943	0.0	0.4	0.548
4944	0.0	0.4	0.343
4945	0.0	0.4	0.238
4946	0.0	0.4	0.128
4947	0.0	0.4	0.050
4948	0.0	0.4	0.036
4949	0.0	0.4	0.109
4950	0.0	0.4	0.274
4951	0.0	0.4	0.741
4952	0.0	0.4	0.793
4953	0.0	0.4	0.796
4954	0.0	0.4	0.834
4955	0.0	0.4	0.796
4956	0.0	0.4	0.772
4957	0.0	0.4	0.715
4958	0.0	0.3	0.628
4959	0.0	0.3	0.572
4960	0.0	0.3	0.534
4961	0.0	0.3	0.555
4962	0.0	0.3	0.689
4963	0.0	0.3	0.768
4964	0.0	0.3	0.951
4965	0.0	0.3	0.977
4966	0.0	0.3	0.911
4967	0.0	0.3	0.548
4968	0.0	0.3	0.343
4969	0.0	0.3	0.238
4970	0.0	0.3	0.128
4971	0.0	0.3	0.050
4972	0.0	0.3	0.036
4973	0.0	0.3	0.109
4974	0.0	0.3	0.274
4975	0.0	0.2	0.741
4976	0.0	0.2	0.793
4977	0.0	0.2	0.796
4978	0.0	0.2	0.834
4979	0.0	0.2	0.796
4980	0.0	0.2	0.772
4981	0.0	0.2	0.715
4982	0.0	0.2	0.628
4983	0.0	0.2	0.572
4984	0.0	0.2	0.534
4985	0.0	0.2	0.555
4986	0.0	0.2	0.689
4987	0.0	0.2	0.768
4988	0.0	0.2	0.951
4989	0.0	0.2	0.977
4990	0.0	0.2	0.911
4991	0.0	0.2	0.548
4992	0.0	0.2	0.343
4993	0.0	0.2	0.238
4994	0.0	0.1	0.128
4995	0.0	0.1	0.050
4996	0.0	0.1	0.036
4997	0.0	0.1	0.109
4998	0.0	0.1	0.274
4999	0.0	0.1	0.741
5000	0.0	0.1	0.793
5001	0.0	0.1	0.796
5002	0.0	0.1	0.834
5003	0.0	0.1	0.796
5004	0.0	0.1	0.772
5005	0.0	0.1	0.715
5006	0.0	0.1	0.628
5007	0.0	0.1	0.572
5008	0.0	0.1	0.534
5009	0.0	0.0	0.555
5010	0.0	0.0	0.689
5011	0.0	0.0	0.768
5012	0.0	0.0	0.951
5013	0.0	0.0	0.977
5014	0.0	0.0	0.911
5015	0.0	0.0	0.548
5016	0.0	0.0	0.343
5017	0.0	0.0	0.238
5018	0.0	0.0	0.128
5019	0.0	0.0	0.050
5020	0.0	0.0	0.036
5021	0.0	0.0	0.109
5022	0.0	0.0	0.274
5023	0.0	0.0	0.741
5024	0.0	0.0	0.793
5025	0.0	0.0	0.796
5026	0.0	0.0	0.834
5027	0.0	0.0	0.796
5028	0.0	0.0	0.772
5029	0.0	0.0	0.715
5030	0.0	0.0	0.628
5031	0.0	0.0	0.572
5032	0.0	0.0	0.534
5033	0.0	0.0	0.555
5034	0.0	0.0	0.689
5035	0.0	0.0	0.768
5036	0.0	0.0	0.951
5037	0.0	0.0	0.977
5038	0.0	0.0	0.911
5039	0.0	0.0	0.548
5040	0.0	0.0	0.343
5041	0.0	0.0	0.238
5042	0.0	0.0	0.128
5043	0.0	0.0	0.050
5044	0.0	0.0	0.036
5045	0.0	0.0	0.109
5046	0.0	0.0	0.274
5047	0.0	0.0	0.741
5048	0.0	0.0	0.793
5049	0.0	0.0	0.796
5050	0.0	0.0	0.834
5051	0.0	0.0	0.796
5052	0.0	0.0	0.772
5053	0.0	0.0	0.715
5054	0.0	0.0	0.628
5055	0.0	0.0	0.572
5056	0.0	0.0	0.534
5057	0.0	0.0	0.555
5058	0.0	0.0	0.689
5059	0.0	0.0	0.768
5060	0.0	0.0	0.951
5061	0.0	0.0	0.977
5062	0.0	0.0	0.911
5063	0.0	0.0	0.548
5064	0.0	0.0	0.343
5065	0.0	0.0	0.238
5066	0.0	0.0	0.128
5067	0.0	0.0	0.050
5068	0.0	0.0	0.036
5069	0.0	0.0	0.109
5070	0.0	0.0	0.274
5071	0.0	0.0	0.741
5072	0.0	0.0	0.793
5073	0.0	0.0	0.796
5074	0.0	0.0	0.834
5075	0.0	0.0	0.796
5076	0.0	0.0	0.772
5077	0.0	0.0	0.715
5078	0.0	0.0	0.628
5079	0.0	0.0	0.572
5080	0.0	0.0	0.534
5081	0.0	0.0	0.555
5082	0.0	0.0	0.689
5083	0.0	0.0	0.768
5084	0.0	0.0	0.951
5085	0.0	0.0	0.977
5086	0.0	0.0	0.911
5087	0.0	0.0	0.548
5088	0.0	0.0	0.343
5089	0.0	0.0	0.238
5090	0.0	0.0	0.128
5091	0.0	0.0	0.050
5092	0.0	0.0	0.036
5093	0.0	0.0	0.109
5094	0.0	0.0	0.274
5095	0.0	0.0	0.741
5096	0.0	0.0	0.793
5097	0.0	0.0	0.796
5098	0.0	0.0	0.834
5099	0.0	0.0	0.796
5100	0.0	0.0	0.772
5101	0.0	0.0	0.715
5102	0.0	0.0	0.628
5103	0.0	0.0	0.572
5104	0.0	0.0	0.534
5105	0.0	0.0	0.555
5106	0.0	0.0	0.689
5107	0.0	0.0	0.768
5108	0.0	0.0	0.951
5109	0.0	0.0	0.977
5110	0.0	0.0	0.911
5111	0.0	0.0	0.548
5112	0.0	0.0	0.343
5113	0.0	0.0	0.238
5114	0.0	0.0	0.128
5115	0.0	0.0	0.050
5116	0.0	0.0	0.036
5117	0.0	0.0	0.109
5118	0.0	0.0	0.274
5119	0.0	0.0	0.741
5120	0.0	0.0	0.793
5121	0.0	0.0	0.796
5122	0.0	0.0	0.834
5123	0.0	0.0	0.796
5124	0.0	0.0	0.772
5125	0.0	0.0	0.715
5126	0.0	0.0	0.628
5127	0.0	0.0	0.572
5128	0.0	0.0	0.534
5129	0.0	0.0	0.555
5130	0.0	0.0	0.689
5131	0.0	0.0	0.768
5132	0.0	0.0	0.951
5133	0.0	0.0	0.977
5134	0.0	0.0	0.911
5135	0.0	0.0	0.548
5136	0.0	0.0	0.343
5137	0.0	0.0	0.238
5138	0.0	0.0	0.128
5139	0.0	0.0	0.050
5140	0.0	0.0	0.036
5141	0.0	0.0	0.109
5142	0.0	0.0	0.274
5143	0.0	0.0	0.741
5144	0.0	0.0	0.793
5145	0.0	0.0	0.796
5146	0.0	0.0	0.834
5147	0.0	0.0	0.796
5148	0.0	0.0	0.772
5149	0.0	0.0	0.715
5150	0.0	0.0	0.628
5151	0.0	0.0	0.572
5152	0.0	0.0	0.534
5153	0.0	0.0	0.555
5154	0.0	0.0	0.689
5155	0.0	0.0	0.768
5156	0.0	0.0	0.951
5157	0.0	0.0	0.977
5158	0.0	0.0	0.911
5159	0.0	0.0	0.548
5160	0.0	0.0	0.343
5161	0.0	0.0	0.238
5162	0.0	0.0	0.128
5163	0.0	0.0	0.050
5164	0.0	0.0	0.036
5165	0.0	0.0	0.109
5166	0.0	0.0	0.274
5167	0.0	0.0	0.741
5168	0.0	0.0	0.793
5169	0.0	0.0	0.796
5170	0.0	0.0	0.834
5171	0.0	0.0	0.796
5172	0.0	0.0	0.772
5173	0.0	0.0	0.715
5174	0.0	0.0	0.628
5175	0.0	0.0	0.572
5176	0.0	0.0	0.534
5177	0.0	0.0	0.555
5178	0.0	0.0	0.689
5179	0.0	0.0	0.768
5180	0.0	0.0	0.951
5181	0.0	0.0	0.977
5182	0.0	0.0	0.911
5183	0.0	0.0	0.548
5184	0.0	0.0	0.343
5185	0.0	0.0	0.238
5186	0.0	0.0	0.128
5187	0.0	0.0	0.050
5188	0.0	0.0	0.036
5189	0.0	0.0	0.109
5190	0.0	0.0	0.274
5191	0.0	0.0	0.741
5192	0.0	0.0	0.793
5193	0.0	0.0	0.796
5194	0.0	0.0	0.834
5195	0.0	0.0	0.796
5196	0.0	0.0	0.772
5197	0.0	0.0	0.715
5198	0.0	0.0	0.628
5199	0.0	0.0	0.572
5200	0.0	0.0	0.534
5201	0.0	0.0	0.555
5202	0.0	0.0	0.689
5203	0.0	0.0	0.768
5204	0.0	0.0	0.951
5205	0.0	0.0	0.977
5206	0.0	0.0	0.911
5207	0.0	0.0	0.548
5208	0.0	0.0	0.343
5209	0.0	0.0	0.238
5210	0.0	0.0	0.128
5211	0.0	0.0	0.050
5212	0.0	0.0	0.036
5213	0.0	0.0	0.109
5214	0.0	0.0	0.274
5215	0.0	0.0	0.741
5216	0.0	0.0	0.793
5217	0.0	0.0	0.796
5218	0.0	0.0	0.834
5219	0.0	0.0	0.796
5220	0.0	0.0	0.772
5221	0.0	0.0	0.715
5222	0.0	0.0	0.628
5223	0.0	0.0	0.572
5224	0.0	0.0	0.534
5225	0.0	0.0	0.555
5226	0.0	0.0	0.689
5227	0.0	0.0	0.768
5228	0.0	0.0	0.951
5229	0.0	0.0	0.977
5230	0.0	0.0	0.911
5231	0.0	0.0	0.548
5232	0.0	0.0	0.343
5233	0.0	0.0	0.238
5234	0.0	0.0	0.128
5235	0.0	0.0	0.050
5236	0.0	0.0	0.036
5237	0.0	0.0	0.109
5238	0.0	0.0	0.274
5239	0.0	0.0	0.741
5240	0.0	0.0	0.793
5241	0.0	0.0	0.796
5242	0.0	0.0	0.834
5243	0.0	0.0	0.796
5244	0.0	0.0	0.772
5245	0.0	0.0	0.715
5246	0.0	0.0	0.628
5247	0.0	0.0	0.572
5248	0.0	0.0	0.534
5249	0.0	0.0	0.555
5250	0.0	0.0	0.689
5251	0.0	0.0	0.768
5252	0.0	0.0	0.951
5253	0.0	0.0	0.977
5254	0.0	0.0	0.911
5255	0.0	0.0	0.548
5256	0.0	0.0	0.343
5257	0.0	0.0	0.238
5258	0.0	0.0	0.128
5259	0.0	0.0	0.050
5260	0.0	0.0	0.036
5261	0.0	0.0	0.109
5262	0.0	0.0	0.274
5263	0.0	0.0	0.741
5264	0.0	0.0	0.793
5265	0.0	0.0	0.796
5266	0.0	0.0	0.834
5267	0.0	0.0	0.796
5268	0.0	0.0	0.772
5269	0.0	0.0	0.715
5270	0.0	0.0	0.628
5271	0.0	0.0	0.572
5272	0.0	0.0	0.534
5273	0.0	0.0	0.555
5274	0.0	0.0	0.689
5275	0.0	0.0	0.768
5276	0.0	0.0	0.951
5277	0.0	0.0	0.977
5278	0.0	0.0	0.911
5279	0.0	0.0	0.548
5280	0.0	0.0	0.343
5281	0.0	0.0	0.238
5282	0.0	0.0	0.128
5283	0.0	0.0	0.050
5284	0.0	0.0	0.036
5285	0.0	0.0	0.109
5286	0.0	0.0	0.274
5287	0.0	0.0	0.741
5288	0.0	0.0	0.793
5289	0.0	0.0	0.796
5290	0.0	0.0	0.834
5291	0.0	0.0	0.796
5292	0.0	0.0	0.772
5293	0.0	0.0	0.715
5294	0.0	0.0	0.628
5295	0.0	0.0	0.572
5296	0.0	0.0	0.534
5297	0.0	0.0	0.555
5298	0.0	0.0	0.689
5299	0.0	0.0	0.768
5300	0.0	0.0	0.951
5301	0.0	0.0	0.977
5302	0.0	0.0	0.911
5303	0.0	0.0	0.548
5304	0.0	0.0	0.343
5305	0.0	0.0	0.238
5306	0.0	0.0	0.128
5307	0.0	0.0	0.050
5308	0.0	0.0	0.036
5309	0.0	0.0	0.109
5310	0.0	0.0	0.274
5311	0.0	0.0	0.741
5312	0.0	0.0	0.793
5313	0.0	0.0	0.796
5314	0.0	0.0	0.834
5315	0.0	0.0	0.796
5316	0.0	0.0	0.772
5317	0.0	0.0	0.715
5318	0.0	0.0	0.628
5319	0.0	0.0	0.572
5320	0.0	0.0	0.534
5321	0.0	0.0	0.555
5322	0.0	0.0	0.689
5323	0.0	0.0	0.768
5324	0.0	0.0	0.951
5325	0.0	0.0	0.977
5326	0.0	0.0	0.911
5327	0.0	0.0	0.548
5328	0.0	0.0	0.343
5329	0.0	0.0	0.238
5330	0.0	0.0	0.128
5331	0.0	0.0	0.050
5332	0.0	0.0	0.036
5333	0.0	0.0	0.109
5334	0.0	0.0	0.274
5335	0.0	0.0	0.741
5336	0.0	0.0	0.793
5337	0.0	0.0	0.796
5338	0.0	0.0	0.834
5339	0.0	0.0	0.796
5340	0.0	0.0	0.772
5341	0.0	0.0	0.715
5342	0.0	0.0	0.628
5343	0.0	0.0	0.572
5344	0.0	0.0	0.534
5345	0.0	0.0	0.555
5346	0.0	0.0	0.689
5347	0.0	0.0	0.768
5348	0.0	0.0	0.951
5349	0.0	0.0	0.977
5350	0.0	0.0	0.911
5351	0.0	0.0	0.548
5352	0.0	0.0	0.343
5353	0.0	0.0	0.238
5354	0.0	0.0	0.128
5355	0.0	0.0	0.050
5356	0.0	0.0	0.036
5357	0.0	0.0	0.109
5358	0.0	0.0	0.274
5359	0.0	0.0	0.741
5360	0.0	0.0	0.793
5361	0.0	0.0	0.796
5362	0.0	0.0	0.834
5363	0.0	0.0	0.796
5364	0.0	0.0	0.772
5365	0.0	0.0	0.715
5366	0.0	0.0	0.628
5367	0.0	0.0	0.572
5368	0.0	0.0	0.534
5369	0.0	0.0	0.555
5370	0.0	0.0	0.689
5371	0.0	0.0	0.768
5372	0.0	0.0	0.951
5373	0.0	0.0	0.977
5374	0.0	0.0	0.911
5375	0.0	0.0	0.548
5376	0.0	0.0	0.343
5377	0.0	0.0	0.238
5378	0.0	0.0	0.128
5379	0.0	0.0	0.050
5380	0.0	0.0	0.036
5381	0.0	0.0	0.109
5382	0.0	0.0	0.274
5383	0.0	0.0	0.741
5384	0.0	0.0	0.793
5385	0.0	0.0	0.796
5386	0.0	0.0	0.834
5387	0.0	0.0	0.796
5388	0.0	0.0	0.772
5389	0.0	0.0	0.715
5390	0.0	0.0	0.628
5391	0.0	0.0	0.572
5392	0.0	0.0	0.534
5393	0.0	0.0	0.555
5394	0.0	0.0	0.689
5395	0.0	0.0	0.768
5396	0.0	0.0	0.951
5397	0.0	0.0	0.977
5398	0.0	0.0	0.911
5399	0.0	0.0	0.548
5400	0.0	0.0	0.343
5401	0.0	0.0	0.238
5402	0.0	0.0	0.128
5403	0.0	0.0	0.050
5404	0.0	0.0	0.036
5405	0.0	0.0	0.109
5406	0.0	0.0	0.274
5407	0.0	0.0	0.741
5408	0.0	0.0	0.793
5409	0.0	0.0	0.796
5410	0.0	0.0	0.834
5411	0.0	0.0	0.796
5412	0.0	0.0	0.772
5413	0.0	0.0	0.715
5414	0.0	0.0	0.628
5415	0.0	0.0	0.572
5416	0.0	0.0	0.534
5417	0.0	0.0	0.555
5418	0.0	0.0	0.689
5419	0.0	0.0	0.768
5420	0.0	0.0	0.951
5421	0.0	0.0	0.977
5422	0.0	0.0	0.911
5423	0.0	0.0	0.548
5424	0.0	0.0	0.343
5425	0.0	0.0	0.238
5426	0.0	0.0	0.128
5427	0.0	0.0	0.050
5428	0.0	0.0	0.036
5429	0.0	0.0	0.109
5430	0.0	0.0	0.274
5431	0.0	0.0	0.741
5432	0.0	0.0	0.793
5433	0.0	0.0	0.796
5434	0.0	0.0	0.834
5435	0.0	0.0	0.796
5436	0.0	0.0	0.772
5437	0.0	0.0	0.715
5438	0.0	0.0	0.628
5439	0.0	0.0	0.572
5440	0.0	0.0	0.534
5441	0.0	0.0	0.555
5442	0.0	0.0	0.689
5443	0.0	0.0	0.768
5444	0.0	0.0	0.951
5445	0.0	0.0	0.977
5446	0.0	0.0	0.911
5447	0.0	0.0	0.548
5448	0.0	0.0	0.343
5449	0.0	0.0	0.238
5450	0.0	0.0	0.128
5451	0.0	0.0	0.050
5452	0.0	0.0	0.036
5453	0.0	0.0	0.109
5454	0.0	0.0	0.274
5455	0.0	0.0	0.741
5456	0.0	0.0	0.793
5457	0.0	0.0	0.796
5458	0.0	0.0	0.834
5459	0.0	0.0	0.796
5460	0.0	0.0	0.772
5461	0.0	0.0	0.715
5462	0.0	0.0	0.628
5463	0.0	0.0	0.572
5464	0.0	0.0	0.534
5465	0.0	0.0	0.555
5466	0.0	0.0	0.689
5467	0.0	0.0	0.768
5468	0.0	0.0	0.951
5469	0.0	0.0	0.977
5470	0.0	0.0	0.911
5471	0.0	0.0	0.548
5472	0.0	0.0	0.343
5473	0.0	0.0	0.238
5474	0.0	0.0	0.128
5475	0.0	0.0	0.050
5476	0.0	0.0	0.036
5477	0.0	0.0	0.109
5478	0.0	0.0	0.274
5479	0.0	0.0	0.741
5480	0.0	0.0	0.793
5481	0.0	0.0	0.796
5482	0.0	0.0	0.834
5483	0.0	0.0	0.796
5484	0.0	0.0	0.772
5485	0.0	0.0	0.715
5486	0.0	0.0	0.628
5487	0.0	0.0	0.572
5488	0.0	0.0	0.534
5489	0.0	0.0	0.555
5490	0.0	0.0	0.689
5491	0.0	0.0	0.768
5492	0.0	0.0	0.951
5493	0.0	0.0	0.977
5494	0.0	0.0	0.911
5495	0.0	0.0	0.548
5496	0.0	0.0	0.343
5497	0.0	0.0	0.238
5498	0.0	0.0	0.128
5499	0.0	0.0	0.050
5500	0.0	0.0	0.036
5501	0.0	0.0	0.109
5502	0.0	0.0	0.274
5503	0.0	0.0	0.741
5504	0.0	0.0	0.793
5505	0.0	0.0	0.796
5506	0.0	0.0	0.834
5507	0.0	0.0	0.796
5508	0.0	0.0	0.772
5509	0.0	0.0	0.715
5510	0.0	0.0	0.628
5511	0.0	0.0	0.572
5512	0.0	0.0	0.534
5513	0.0	0.0	0.555
5514	0.0	0.0	0.689
5515	0.0	0.0	0.768
5516	0.0	0.0	0.951
5517	0.0	0.0	0.977
5518	0.0	0.0	0.911
5519	0.0	0.0	0.548
5520	0.0	0.0	0.343
5521	0.0	0.0	0.238
5522	0.0	0.0	0.128
5523	0.0	0.0	0.050
5524	0.0	0.0	0.036
5525	0.0	0.0	0.109
5526	0.0	0.0	0.274
5527	0.0	0.0	0.741
5528	0.0	0.0	0.793
5529	0.0	0.0	0.796
5530	0.0	0.0	0.834
5531	0.0	0.0	0.796
5532	0.0	0.0	0.772
5533	0.0	0.0	0.715
5534	0.0	0.0	0.628
5535	0.0	0.0	0.572
5536	0.0	0.0	0.534
5537	0.0	0.0	0.555
5538	0.0	0.0	0.689
5539	0.0	0.0	0.768
5540	0.0	0.0	0.951
5541	0.0	0.0	0.977
5542	0.0	0.0	0.911
5543	0.0	0.0	0.548
5544	0.0	0.0	0.343
5545	0.0	0.0	0.238
5546	0.0	0.0	0.128
5547	0.0	0.0	0.050
5548	0.0	0.0	0.036
5549	0.0	0.0	0.109
5550	0.0	0.0	0.274
5551	0.0	0.0	0.741
5552	0.0	0.0	0.793
5553	0.0	0.0	0.796
5554	0.0	0.0	0.834
5555	0.0	0.0	0.796
5556	0.0	0.0	0.772
5557	0.0	0.0	0.715
5558	0.0	0.0	0.628
5559	0.0	0.0	0.572
5560	0.0	0.0	0.534
5561	0.0	0.0	0.555
5562	0.0	0.0	0.689
5563	0.0	0.0	0.768
5564	0.0	0.0	0.951
5565	0.0	0.0	0.977
5566	0.0	0.0	0.911
5567	0.0	0.0	0.548
5568	0.0	0.0	0.343
5569	0.0	0.0	0.238
5570	0.0	0.0	0.128
5571	0.0	0.0	0.050
5572	0.0	0.0	0.036
5573	0.0	0.0	0.109
5574	0.0	0.0	0.274
5575	0.0	0.0	0.741
5576	0.0	0.0	0.793
5577	0.0	0.0	0.796
5578	0.0	0.0	0.834
5579	0.0	0.0	0.796
5580	0.0	0.0	0.772
5581	0.0	0.0	0.715
5582	0.0	0.0	0.628
5583	0.0	0.0	0.572
5584	0.0	0.0	0.534
5585	0.0	0.0	0.555
5586	0.0	0.0	0.689
5587	0.0	0.0	0.768
5588	0.0	0.0	0.951
5589	0.0	0.0	0.977
5590	0.0	0.0	0.911
5591	0.0	0.0	0.548
5592	0.0	0.0	0.343
5593	0.0	0.0	0.238
5594	0.0	0.0	0.128
5595	0.0	0.0	0.050
5596	0.0	0.0	0.036
5597	0.0	0.0	0.109
5598	0.0	0.0	0.274
5599	0.0	0.0	0.741
5600	0.0	0.0	0.793
5601	0.0	0.0	0.796
5602	0.0	0.0	0.834
5603	0.0	0.0	0.796
5604	0.0	0.0	0.772
5605	0.0	0.0	0.715
5606	0.0	0.0	0.628
5607	0.0	0.0	0.572
5608	0.0	0.0	0.534
5609	0.0	0.0	0.555
5610	0.0	0.0	0.689
5611	0.0	0.0	0.768
5612	0.0	0.0	0.951
5613	0.0	0.0	0.977
5614	0.0	0.0	0.911
5615	0.0	0.0	0.548
5616	0.0	0.0	0.343
5617	0.0	0.0	0.238
5618	0.0	0.0	0.128
5619	0.0	0.0	0.050
5620	0.0	0.0	0.036
5621	0.0	0.0	0.109
5622	0.0	0.0	0.274
5623	0.0	0.0	0.741
5624	0.0	0.0	0.793
5625	0.0	0.0	0.796
5626	0.0	0.0	0.834
5627	0.0	0.0	0.796
5628	0.0	0.0	0.772
5629	0.0	0.0	0.715
5630	0.0	0.0	0.628
5631	0.0	0.0	0.572
5632	0.0	0.0	0.534
5633	0.0	0.0	0.555
5634	0.0	0.0	0.689
5635	0.0	0.0	0.768
5636	0.0	0.0	0.951
5637	0.0	0.0	0.977
5638	0.0	0.0	0.911
5639	0.0	0.0	0.548
5640	0.0	0.0	0.343
5641	0.0	0.0	0.238
5642	0.0	0.0	0.128
5643	0.0	0.0	0.050
5644	0.0	0.0	0.036
5645	0.0	0.0	0.109
5646	0.0	0.0	0.274
5647	0.0	0.0	0.741
5648	0.0	0.0	0.793
5649	0.0	0.0	0.796
5650	0.0	0.0	0.834
5651	0.0	0.0	0.796
5652	0.0	0.0	0.772
5653	0.0	0.0	0.715
5654	0.0	0.0	0.628
5655	0.0	0.0	0.572
5656	0.0	0.0	0.534
5657	0.0	0.0	0.555
5658	0.0	0.0	0.689
5659	0.0	0.0	0.768
5660	0.0	0.0	0.951
5661	0.0	0.0	0.977
5662	0.0	0.0	0.911
5663	0.0	0.0	0.548
5664	0.0	0.0	0.343
5665	0.0	0.0	0.238
5666	0.0	0.0	0.128
5667	0.0	0.0	0.050
5668	0.0	0.0	0.036
5669	0.0	0.0	0.109
5670	0.0	0.0	0.274
5671	0.0	0.0	0.741
5672	0.0	0.0	0.793
5673	0.0	0.0	0.796
5674	0.0	0.0	0.834
5675	0.0	0.0	0.796
5676	0.0	0.0	0.772
5677	0.0	0.0	0.715
5678	0.0	0.0	0.628
5679	0.0	0.0	0.572
5680	0.0	0.0	0.534
5681	0.0	0.0	0.555
5682	0.0	0.0	0.689
5683	0.0	0.0	0.768
5684	0.0	0.0	0.951
5685	0.0	0.0	0.977
5686	0.0	0.0	0.911
5687	0.0	0.0	0.548
5688	0.0	0.0	0.343
5689	0.0	0.0	0.238
5690	0.0	0.0	0.128
5691	0.0	0.0	0.050
5692	0.0	0.0	0.036
5693	0.0	0.0	0.109
5694	0.0	0.0	0.274
5695	0.0	0.0	0.741
5696	0.0	0.0	0.793
5697	0.0	0.0	0.796
5698	0.0	0.0	0.834
5699	0.0	0.0	0.796
5700	0.0	0.0	0.772
5701	0.0	0.0	0.715
5702	0.0	0.0	0.628
5703	0.0	0.0	0.572
5704	0.0	0.0	0.534
5705	0.0	0.0	0.555
5706	0.0	0.0	0.689
5707	0.0	0.0	0.768
5708	0.0	0.0	0.951
5709	0.0	0.0	0.977
5710	0.0	0.0	0.911
5711	0.0	0.0	0.548
5712	0.0	0.0	0.343
5713	0.0	0.0	0.238
5714	0.0	0.0	0.128
5715	0.0	0.0	0.050
5716	0.0	0.0	0.036
5717	0.0	0.0	0.109
5718	0.0	0.0	0.274
5719	0.0	0.0	0.741
5720	0.0	0.0	0.793
5721	0.0	0.0	0.796
5722	0.0	0.0	0.834
5723	0.0	0.0	0.796
5724	0.0	0.0	0.772
5725	0.0	0.0	0.715
5726	0.0	0.0	0.628
5727	0.0	0.0	0.572
5728	0.0	0.0	0.534
5729	0.0	0.0	0.555
5730	0.0	0.0	0.689
5731	0.0	0.0	0.768
5732	0.0	0.0	0.951
5733	0.0	0.0	0.977
5734	0.0	0.0	0.911
5735	0.0	0.0	0.548
5736	0.0	0.0	0.343
5737	0.0	0.0	0.238
5738	0.0	0.0	0.128
5739	0.0	0.0	0.050
5740	0.0	0.0	0.036
5741	0.0	0.0	0.109
5742	0.0	0.0	0.274
5743	0.0	0.0	0.741
5744	0.0	0.0	0.793
5745	0.0	0.0	0.796
5746	0.0	0.0	0.834
5747	0.0	0.0	0.796
5748	0.0	0.0	0.772
5749	0.0	0.0	0.715
5750	0.0	0.0	0.628
5751	0.0	0.0	0.572
5752	0.0	0.0	0.534
5753	0.0	0.0	0.555
5754	0.0	0.0	0.689
5755	0.0	0.0	0.768
5756	0.0	0.0	0.951
5757	0.0	0.0	0.977
5758	0.0	0.0	0.911
5759	0.0	0.0	0.548
5760	0.0	0.0	0.343
5761	0.0	0.0	0.238
5762	0.0	0.0	0.128
5763	0.0	0.0	0.050
5764	0.0	0.0	0.036
5765	0.0	0.0	0.109
5766	0.0	0.0	0.274
5767	0.0	0.0	0.741
5768	0.0	0.0	0.793
5769	0.0	0.0	0.796
5770	0.0	0.0	0.834
5771	0.0	0.0	0.796
5772	0.0	0.0	0.772
5773	0.0	0.0	0.715
5774	0.0	0.0	0.628
5775	0.0	0.0	0.572
5776	0.0	0.0	0.534
5777	0.0	0.0	0.555
5778	0.0	0.0	0.689
5779	0.0	0.0	0.768
5780	0.0	0.0	0.951
5781	0.0	0.0	0.977
5782	0.0	0.0	0.911
5783	0.0	0.0	0.548
5784	0.0	0.0	0.343
5785	0.0	0.0	0.238
5786	0.0	0.0	0.128
5787	0.0	0.0	0.050
5788	0.0	0.0	0.036
5789	0.0	0.0	0.109
5790	0.0	0.0	0.274
5791	0.0	0.0	0.741
5792	0.0	0.0	0.793
5793	0.0	0.0	0.796
5794	0.0	0.0	0.834
5795	0.0	0.0	0.796
5796	0.0	0.0	0.772
5797	0.0	0.0	0.715
5798	0.0	0.0	0.628
5799	0.0	0.0	0.572
5800	0.0	0.0	0.534
5801	0.0	0.0	0.555
5802	0.0	0.0	0.689
5803	0.0	0.0	0.768
5804	0.0	0.0	0.951
5805	0.0	0.0	0.977
5806	0.0	0.0	0.911
5807	0.0	0.0	0.548
5808	0.0	0.0	0.343
5809	0.0	0.0	0.238
5810	0.0	0.0	0.128
5811	0.0	0.0	0.050
5812	0.0	0.0	0.036
5813	0.0	0.0	0.109
5814	0.0	0.0	0.274
5815	0.0	0.0	0.741
5816	0.0	0.0	0.793
5817	0.0	0.0	0.796
5818	0.0	0.0	0.834
5819	0.0	0.0	0.796
5820	0.0	0.0	0.772
5821	0.0	0.0	0.715
5822	0.0	0.0	0.628
5823	0.0	0.0	0.572
5824	0.0	0.0	0.534
5825	0.0	0.0	0.555
5826	0.0	0.0	0.689
5827	0.0	0.0	0.768
5828	0.0	0.0	0.951
5829	0.0	0.0	0.977
5830	0.0	0.0	0.911
5831	0.0	0.0	0.548
5832	0.0	0.0	0.343
5833	0.0	0.0	0.238
5834	0.0	0.0	0.128
5835	0.0	0.0	0.050
5836	0.0	0.0	0.036
5837	0.0	0.0	0.109
5838	0.0	0.0	0.274
5839	0.0	0.0	0.741
5840	0.0	0.0	0.793
5841	0.0	0.0	0.796
5842	0.0	0.0	0.834
5843	0.0	0.0	0.796
5844	0.0	0.0	0.772
5845	0.0	0.0	0.715
5846	0.0	0.0	0.628
5847	0.0	0.0	0.572
5848	0.0	0.0	0.534
5849	0.0	0.0	0.555
5850	0.0	0.0	0.689
5851	0.0	0.0	0.768
5852	0.0	0.0	0.951
5853	0.0	0.0	0.977
5854	0.0	0.0	0.911
5855	0.0	0.0	0.548
5856	0.0	0.0	0.343
5857	0.0	0.0	0.238
5858	0.0	0.0	0.128
5859	0.0	0.0	0.050
5860	0.0	0.0	0.036
5861	0.0	0.0	0.109
5862	0.0	0.0	0.274
5863	0.0	0.0	0.741
5864	0.0	0.0	0.793
5865	0.0	0.0	0.796
5866	0.0	0.0	0.834
5867	0.0	0.0	0.796
5868	0.0	0.0	0.772
5869	0.0	0.0	0.715
5870	0.0	0.0	0.628
5871	0.0	0.0	0.572
5872	0.0	0.0	0.534
5873	0.0	0.0	0.555
5874	0.0	0.0	0.689
5875	0.0	0.0	0.768
5876	0.0	0.0	0.951
5877	0.0	0.0	0.977
5878	0.0	0.0	0.911
5879	0.0	0.0	0.548
5880	0.0	0.0	0.343
5881	0.0	0.0	0.238
5882	0.0	0.0	0.128
5883	0.0	0.0	0.050
5884	0.0	0.0	0.036
5885	0.0	0.0	0.109
5886	0.0	0.0	0.274
5887	0.0	0.0	0.741
5888	0.0	0.0	0.793
5889	0.0	0.0	0.796
5890	0.0	0.0	0.834
5891	0.0	0.0	0.796
5892	0.0	0.0	0.772
5893	0.0	0.0	0.715
5894	0.0	0.0	0.628
5895	0.0	0.0	0.572
5896	0.0	0.0	0.534
5897	0.0	0.0	0.555
5898	0.0	0.0	0.689
5899	0.0	0.0	0.768
5900	0.0	0.0	0.951
5901	0.0	0.0	0.977
5902	0.0	0.0	0.911
5903	0.0	0.0	0.548
5904	0.0	0.0	0.343
5905	0.0	0.0	0.238
5906	0.0	0.0	0.128
5907	0.0	0.0	0.050
5908	0.0	0.0	0.036
5909	0.0	0.0	0.109
5910	0.0	0.0	0.274
5911	0.0	0.0	0.741
5912	0.0	0.0	0.793
5913	0.0	0.0	0.796
5914	0.0	0.0	0.834
5915	0.0	0.0	0.796
5916	0.0	0.0	0.772
5917	0.0	0.0	0.715
5918	0.0	0.0	0.628
5919	0.0	0.0	0.572
5920	0.0	0.0	0.534
5921	0.0	0.0	0.555
5922	0.0	0.0	0.689
5923	0.0	0.0	0.768
5924	0.0	0.0	0.951
5925	0.0	0.0	0.977
5926	0.0	0.0	0.911
5927	0.0	0.0	0.548
5928	0.0	0.0	0.343
5929	0.0	0.0	0.238
5930	0.0	0.0	0.128
5931	0.0	0.0	0.050
5932	0.0	0.0	0.036
5933	0.0	0.0	0.109
5934	0.0	0.0	0.274
5935	0.0	0.0	0.741
5936	0.0	0.0	0.793
5937	0.0	0.0	0.796
5938	0.0	0.0	0.834
5939	0.0	0.0	0.796
5940	0.0	0.0	0.772
5941	0.0	0.0	0.715
5942	0.0	0.0	0.628
5943	0.0	0.0	0.572
5944	0.0	0.0	0.534
5945	0.0	0.0	0.555
5946	0.0	0.0	0.689
5947	0.0	0.0	0.768
5948	0.0	0.0	0.951
5949	0.0	0.0	0.977
5950	0.0	0.0	0.911
5951	0.0	0.0	0.548
5952	0.0	0.0	0.343
5953	0.0	0.0	0.238
5954	0.0	0.0	0.128
5955	0.0	0.0	0.050
5956	0.0	0.0	0.036
5957	0.0	0.0	0.109
5958	0.0	0.0	0.274
5959	0.0	0.0	0.741
5960	0.0	0.0	0.793
5961	0.0	0.0	0.796
5962	0.0	0.0	0.834
5963	0.0	0.0	0.796
5964	0.0	0.0	0.772
5965	0.0	0.0	0.715
5966	0.0	0.0	0.628
5967	0.0	0.0	0.572
5968	0.0	0.0	0.534
5969	0.0	0.0	0.555
5970	0.0	0.0	0.689
5971	0.0	0.0	0.768
5972	0.0	0.0	0.951
5973	0.0	0.0	0.977
5974	0.0	0.0	0.911
5975	0.0	0.0	0.548
5976	0.0	0.0	0.343
5977	0.0	0.0	0.238
5978	0.0	0.0	0.128
5979	0.0	0.0	0.050
5980	0.0	0.0	0.036
5981	0.0	0.0	0.109
5982	0.0	0.0	0.274
5983	0.0	0.0	0.741
5984	0.0	0.0	0.793
5985	0.0	0.0	0.796
5986	0.0	0.0	0.834
5987	0.0	0.0	0.796
5988	0.0	0.0	0.772
5989	0.0	0.0	0.715
5990	0.0	0.0	0.628
5991	0.0	0.0	0.572
5992	0.0	0.0	0.534
5993	0.0	0.0	0.555
5994	0.0	0.0	0.689
5995	0.0	0.0	0.768
5996	0.0	0.0	0.951
5997	0.0	0.0	0.977
5998	0.0	0.0	0.911
5999	0.0	0.0	0.548
6000	0.0	0.0	0.343
6001	0.0	0.0	0.238
6002	0.0	0.0	0.128
6003	0.0	0.0	0.050
6004	0.0	0.0	0.036
6005	0.0	0.0	0.109
6006	0.0	0.0	0.274
6007	0.0	0.0	0.741
6008	0.0	0.0	0.793
6009	0.0	0.0	0.796
6010	0.0	0.0	0.834
6011	0.0	0.0	0.796
6012	0.0	0.0	0.772
6013	0.0	0.0	0.715
6014	0.0	0.0	0.628
6015	0.0	0.0	0.572
6016	0.0	0.0	0.534
6017	0.0	0.0	0.555
6018	0.0	0.0	0.689
6019	0.0	0.0	0.768
6020	0.0	0.0	0.951
6021	0.0	0.0	0.977
6022	0.0	0.0	0.911
6023	0.0	0.0	0.548
6024	0.0	0.0	0.343
6025	0.0	0.0	0.238
6026	0.0	0.0	0.128
6027	0.0	0.0	0.050
6028	0.0	0.0	0.036
6029	0.0	0.0	0.109
6030	0.0	0.0	0.274
6031	0.0	0.0	0.741
6032	0.0	0.0	0.793
6033	0.0	0.0	0.796
6034	0.0	0.0	0.834
6035	0.0	0.0	0.796
6036	0.0	0.0	0.772
6037	0.0	0.0	0.715
6038	0.0	0.0	0.628
6039	0.0	0.0	0.572
6040	0.0	0.0	0.534
6041	0.0	0.0	0.555
6042	0.0	0.0	0.689
6043	0.0	0.0	0.768
6044	0.0	0.0	0.951
6045	0.0	0.0	0.977
6046	0.0	0.0	0.911
6047	0.0	0.0	0.548
6048	0.0	0.0	0.343
6049	0.0	0.0	0.238
6050	0.0	0.0	0.128
6051	0.0	0.0	0.050
6052	0.0	0.0	0.036
6053	0.0	0.0	0.109
6054	0.0	0.0	0.274
6055	0.0	0.0	0.741
6056	0.0	0.0	0.793
6057	0.0	0.0	0.796
6058	0.0	0.0	0.834
6059	0.0	0.0	0.796
6060	0.0	0.0	0.772
6061	0.0	0.0	0.715
6062	0.0	0.0	0.628
6063	0.0	0.0	0.572
6064	0.0	0.0	0.534
6065	0.0	0.0	0.555
6066	0.0	0.0	0.689
6067	0.0	0.0	0.768
6068	0.0	0.0	0.951
6069	0.0	0.0	0.977
6070	0.0	0.0	0.911
6071	0.0	0.0	0.548
6072	0.0	0.0	0.343
6073	0.0	0.0	0.238
6074	0.0	0.0	0.128
6075	0.0	0.0	0.050
6076	0.0	0.0	0.036
6077	0.0	0.0	0.109
6078	0.0	0.0	0.274
6079	0.0	0.0	0.741
6080	0.0	0.0	0.793
6081	0.0	0.0	0.796
6082	0.0	0.0	0.834
6083	0.0	0.0	0.796
6084	0.0	0.0	0.772
6085	0.0	0.0	0.715
6086	0.0	0.0	0.628
6087	0.0	0.0	0.572
6088	0.0	0.0	0.534
6089	0.0	0.0	0.555
6090	0.0	0.0	0.689
6091	0.0	0.0	0.768
6092	0.0	0.0	0.951
6093	0.0	0.0	0.977
6094	0.0	0.0	0.911
6095	0.0	0.0	0.548
6096	0.0	0.0	0.343
6097	0.0	0.0	0.238
6098	0.0	0.0	0.128
6099	0.0	0.0	0.050
6100	0.0	0.0	0.036
6101	0.0	0.0	0.109
6102	0.0	0.0	0.274
6103	0.0	0.0	0.741
6104	0.0	0.0	0.793
6105	0.0	0.0	0.796
6106	0.0	0.0	0.834
6107	0.0	0.0	0.796
6108	0.0	0.0	0.772
6109	0.0	0.0	0.715
6110	0.0	0.0	0.628
6111	0.0	0.0	0.572
6112	0.0	0.0	0.534
6113	0.0	0.0	0.555
6114	0.0	0.0	0.689
6115	0.0	0.0	0.768
6116	0.0	0.0	0.951
6117	0.0	0.0	0.977
6118	0.0	0.0	0.911
6119	0.0	0.0	0.548
6120	0.0	0.0	0.343
6121	0.0	0.0	0.238
6122	0.0	0.0	0.128
6123	0.0	0.0	0.050
6124	0.0	0.0	0.036
6125	0.0	0.0	0.109
6126	0.0	0.0	0.274
6127	0.0	0.0	0.741
6128	0.0	0.0	0.793
6129	0.0	0.0	0.796
6130	0.0	0.0	0.834
6131	0.0	0.0	0.796
6132	0.0	0.0	0.772
6133	0.0	0.0	0.715
6134	0.0	0.0	0.628
6135	0.0	0.0	0.572
6136	0.0	0.0	0.534
6137	0.0	0.0	0.555
6138	0.0	0.0	0.689
6139	0.0	0.0	0.768
6140	0.0	0.0	0.951
6141	0.0	0.0	0.977
6142	0.0	0.0	0.911
6143	0.0	0.0	0.548
6144	0.0	0.0	0.343
6145	0.0	0.0	0.238
6146	0.0	0.0	0.128
6147	0.0	0.0	0.050
6148	0.0	0.0	0.036
6149	0.0	0.0	0.109
6150	0.0	0.0	0.274
6151	0.0	0.0	0.741
6152	0.0	0.0	0.793
6153	0.0	0.0	0.796
6154	0.0	0.0	0.834
6155	0.0	0.0	0.796
6156	0.0	0.0	0.772
6157	0.0	0.0	0.715
6158	0.0	0.0	0.628
6159	0.0	0.0	0.572
6160	0.0	0.0	0.534
6161	0.0	0.0	0.555
6162	0.0	0.0	0.689
6163	0.0	0.0	0.768
6164	0.0	0.0	0.951
6165	0.0	0.0	0.977
6166	0.0	0.0	0.911
6167	0.0	0.0	0.548
6168	0.0	0.0	0.343
6169	0.0	0.0	0.238
6170	0.0	0.0	0.128
6171	0.0	0.0	0.050
6172	0.0	0.0	0.036
6173	0.0	0.0	0.109
6174	0.0	0.0	0.274
6175	0.0	0.0	0.741
6176	0.0	0.0	0.793
6177	0.0	0.0	0.796
6178	0.0	0.0	0.834
6179	0.0	0.0	0.796
6180	0.0	0.0	0.772
6181	0.0	0.0	0.715
6182	0.0	0.0	0.628
6183	0.0	0.0	0.572
6184	0.0	0.0	0.534
6185	0.0	0.0	0.555
6186	0.0	0.0	0.689
6187	0.0	0.0	0.768
6188	0.0	0.0	0.951
6189	0.0	0.0	0.977
6190	0.0	0.0	0.911
6191	0.0	0.0	0.548
6192	0.0	0.0	0.343
6193	0.0	0.0	0.238
6194	0.0	0.0	0.128
6195	0.0	0.0	0.050
6196	0.0	0.0	0.036
6197	0.0	0.0	0.109
6198	0.0	0.0	0.274
6199	0.0	0.0	0.741
6200	0.0	0.0	0.793
6201	0.0	0.0	0.796
6202	0.0	0.0	0.834
6203	0.0	0.0	0.796
6204	0.0	0.0	0.772
6205	0.0	0.0	0.715
6206	0.0	0.0	0.628
6207	0.0	0.0	0.572
6208	0.0	0.0	0.534
6209	0.0	0.0	0.555
6210	0.0	0.0	0.689
6211	0.0	0.0	0.768
6212	0.0	0.0	0.951
6213	0.0	0.0	0.977
6214	0.0	0.0	0.911
6215	0.0	0.0	0.548
6216	0.0	0.0	0.343
6217	0.0	0.0	0.238
6218	0.0	0.0	0.128
6219	0.0	0.0	0.050
6220	0.0	0.0	0.036
6221	0.0	0.0	0.109
6222	0.0	0.0	0.274
6223	0.0	0.0	0.741
6224	0.0	0.0	0.793
6225	0.0	0.0	0.796
6226	0.0	0.0	0.834
6227	0.0	0.0	0.796
6228	0.0	0.0	0.772
6229	0.0	0.0	0.715
6230	0.0	0.0	0.628
6231	0.0	0.0	0.572
6232	0.0	0.0	0.534
6233	0.0	0.0	0.555
6234	0.0	0.0	0.689
6235	0.0	0.0	0.768
6236	0.0	0.0	0.951
6237	0.0	0.0	0.977
6238	0.0	0.0	0.911
6239	0.0	0.0	0.548
6240	0.0	0.0	0.343
6241	0.0	0.0	0.238
6242	0.0	0.0	0.128
6243	0.0	0.0	0.050
6244	0.0	0.0	0.036
6245	0.0	0.0	0.109
6246	0.0	0.0	0.274
6247	0.0	0.0	0.741
6248	0.0	0.0	0.793
6249	0.0	0.0	0.796
6250	0.0	0.0	0.834
6251	0.0	0.0	0.796
6252	0.0	0.0	0.772
6253	0.0	0.0	0.715
6254	0.0	0.0	0.628
6255	0.0	0.0	0.572
6256	0.0	0.0	0.534
6257	0.0	0.0	0.555
6258	0.0	0.0	0.689
6259	0.0	0.0	0.768
6260	0.0	0.0	0.951
6261	0.0	0.0	0.977
6262	0.0	0.0	0.911
6263	0.0	0.0	0.548
6264	0.0	0.0	0.343
6265	0.0	0.0	0.238
6266	0.0	0.0	0.128
6267	0.0	0.0	0.050
6268	0.0	0.0	0.036
6269	0.0	0.0	0.109
6270	0.0	0.0	0.274
6271	0.0	0.0	0.741
6272	0.0	0.0	0.793
6273	0.0	0.0	0.796
6274	0.0	0.0	0.834
6275	0.0	0.0	0.796
6276	0.0	0.0	0.772
6277	0.0	0.0	0.715
6278	0.0	0.0	0.628
6279	0.0	0.0	0.572
6280	0.0	0.0	0.534
6281	0.0	0.0	0.555
6282	0.0	0.0	0.689
6283	0.0	0.0	0.768
6284	0.0	0.0	0.951
6285	0.0	0.0	0.977
6286	0.0	0.0	0.911
6287	0.0	0.0	0.548
6288	0.0	0.0	0.343
6289	0.0	0.0	0.238
6290	0.0	0.0	0.128
6291	0.0	0.0	0.050
6292	0.0	0.0	0.036
6293	0.0	0.0	0.109
6294	0.0	0.0	0.274
6295	0.0	0.0	0.741
6296	0.0	0.0	0.793
6297	0.0	0.0	0.796
6298	0.0	0.0	0.834
6299	0.0	0.0	0.796
6300	0.0	0.0	0.772
6301	0.0	0.0	0.715
6302	0.0	0.0	0.628
6303	0.0	0.0	0.572
6304	0.0	0.0	0.534
6305	0.0	0.0	0.555
6306	0.0	0.0	0.689
6307	0.0	0.0	0.768
6308	0.0	0.0	0.951
6309	0.0	0.0	0.977
6310	0.0	0.0	0.911
6311	0.0	0.0	0.548
6312	0.0	0.0	0.343
6313	0.0	0.0	0.238
6314	0.0	0.0	0.128
6315	0.0	0.0	0.050
6316	0.0	0.0	0.036
6317	0.0	0.0	0.109
6318	0.0	0.0	0.274
6319	0.0	0.0	0.741
6320	0.0	0.0	0.793
6321	0.0	0.0	0.796
6322	0.0	0.0	0.834
6323	0.0	0.0	0.796
6324	0.0	0.0	0.772
6325	0.0	0.0	0.715
6326	0.0	0.0	0.628
6327	0.0	0.0	0.572
6328	0.0	0.0	0.534
6329	0.0	0.0	0.555
6330	0.0	0.0	0.689
6331	0.0	0.0	0.768
6332	0.0	0.0	0.951
6333	0.0	0.0	0.977
6334	0.0	0.0	0.911
6335	0.0	0.0	0.548
6336	0.0	0.0	0.343
6337	0.0	0.0	0.238
6338	0.0	0.0	0.128
6339	0.0	0.0	0.050
6340	0.0	0.0	0.036
6341	0.0	0.0	0.109
6342	0.0	0.0	0.274
6343	0.0	0.0	0.741
6344	0.0	0.0	0.793
6345	0.0	0.0	0.796
6346	0.0	0.0	0.834
6347	0.0	0.0	0.796
6348	0.0	0.0	0.772
6349	0.0	0.0	0.715
6350	0.0	0.0	0.628
6351	0.0	0.0	0.572
6352	0.0	0.0	0.534
6353	0.0	0.0	0.555
6354	0.0	0.0	0.689
6355	0.0	0.0	0.768
6356	0.0	0.0	0.951
6357	0.0	0.0	0.977
6358	0.0	0.0	0.911
6359	0.0	0.0	0.548
6360	0.0	0.0	0.343
6361	0.0	0.0	0.238
6362	0.0	0.0	0.128
6363	0.0	0.0	0.050
6364	0.0	0.0	0.036
6365	0.0	0.0	0.109
6366	0.0	0.0	0.274
6367	0.0	0.0	0.741
6368	0.0	0.0	0.793
6369	0.0	0.0	0.796
6370	0.0	0.0	0.834
6371	0.0	0.0	0.796
6372	0.0	0.0	0.772
6373	0.0	0.0	0.715
6374	0.0	0.0	0.628
6375	0.0	0.0	0.572
6376	0.0	0.0	0.534
6377	0.0	0.0	0.555
6378	0.0	0.0	0.689
6379	0.0	0.0	0.768
6380	0.0	0.0	0.951
6381	0.0	0.0	0.977
6382	0.0	0.0	0.911
6383	0.0	0.0	0.548
6384	0.0	0.0	0.343
6385	0.0	0.0	0.238
6386	0.0	0.0	0.128
6387	0.0	0.0	0.050
6388	0.0	0.0	0.036
6389	0.0	0.0	0.109
6390	0.0	0.0	0.274
6391	0.0	0.0	0.741
6392	0.0	0.0	0.793
6393	0.0	0.0	0.796
6394	0.0	0.0	0.834
6395	0.0	0.0	0.796
6396	0.0	0.0	0.772
6397	0.0	0.0	0.715
6398	0.0	0.0	0.628
6399	0.0	0.0	0.572
6400	0.0	0.0	0.534
6401	0.0	0.0	0.555
6402	0.0	0.0	0.689
6403	0.0	0.0	0.768
6404	0.0	0.0	0.951
6405	0.0	0.0	0.977
6406	0.0	0.0	0.911
6407	0.0	0.0	0.548
6408	0.0	0.0	0.343
6409	0.0	0.0	0.238
6410	0.0	0.0	0.128
6411	0.0	0.0	0.050
6412	0.0	0.0	0.036
6413	0.0	0.0	0.109
6414	0.0	0.0	0.274
6415	0.0	0.0	0.741
6416	0.0	0.0	0.793
6417	0.0	0.0	0.796
6418	0.0	0.0	0.834
6419	0.0	0.0	0.796
6420	0.0	0.0	0.772
6421	0.0	0.0	0.715
6422	0.0	0.0	0.628
6423	0.0	0.0	0.572
6424	0.0	0.0	0.534
6425	0.0	0.0	0.555
6426	0.0	0.0	0.689
6427	0.0	0.0	0.768
6428	0.0	0.0	0.951
6429	0.0	0.0	0.977
6430	0.0	0.0	0.911
6431	0.0	0.0	0.548
6432	0.0	0.0	0.343
6433	0.0	0.0	0.238
6434	0.0	0.0	0.128
6435	0.0	0.0	0.050
6436	0.0	0.0	0.036
6437	0.0	0.0	0.109
6438	0.0	0.0	0.274
6439	0.0	0.0	0.741
6440	0.0	0.0	0.793
6441	0.0	0.0	0.796
6442	0.0	0.0	0.834
6443	0.0	0.0	0.796
6444	0.0	0.0	0.772
6445	0.0	0.0	0.715
6446	0.0	0.0	0.628
6447	0.0	0.0	0.572
6448	0.0	0.0	0.534
6449	0.0	0.0	0.555
6450	0.0	0.0	0.689
6451	0.0	0.0	0.768
6452	0.0	0.0	0.951
6453	0.0	0.0	0.977
6454	0.0	0.0	0.911
6455	0.0	0.0	0.548
6456	0.0	0.0	0.343
6457	0.0	0.0	0.238
6458	0.0	0.0	0.128
6459	0.0	0.0	0.050
6460	0.0	0.0	0.036
6461	0.0	0.0	0.109
6462	0.0	0.0	0.274
6463	0.0	0.0	0.741
6464	0.0	0.0	0.793
6465	0.0	0.0	0.796
6466	0.0	0.0	0.834
6467	0.0	0.0	0.796
6468	0.0	0.0	0.772
6469	0.0	0.0	0.715
6470	0.0	0.0	0.628
6471	0.0	0.0	0.572
6472	0.0	0.0	0.534
6473	0.0	0.0	0.555
6474	0.0	0.0	0.689
6475	0.0	0.0	0.768
6476	0.0	0.0	0.951
6477	0.0	0.0	0.977
6478	0.0	0.0	0.911
6479	0.0	0.0	0.548
6480	0.0	0.0	0.343
6481	0.0	0.0	0.238
6482	0.0	0.0	0.128
6483	0.0	0.0	0.050
6484	0.0	0.0	0.036
6485	0.0	0.0	0.109
6486	0.0	0.0	0.274
6487	0.0	0.0	0.741
6488	0.0	0.0	0.793
6489	0.0	0.0	0.796
6490	0.0	0.0	0.834
6491	0.0	0.0	0.796
6492	0.0	0.0	0.772
6493	0.0	0.0	0.715
6494	0.0	0.0	0.628
6495	0.0	0.0	0.572
6496	0.0	0.0	0.534
6497	0.0	0.0	0.555
6498	0.0	0.0	0.689
6499	0.0	0.0	0.768
6500	0.0	0.0	0.951
6501	0.0	0.0	0.977
6502	0.0	0.0	0.911
6503	0.0	0.0	0.548
6504	0.0	0.0	0.343
6505	0.0	0.0	0.238
6506	0.0	0.0	0.128
6507	0.0	0.0	0.050
6508	0.0	0.0	0.036
6509	0.0	0.0	0.109
6510	0.0	0.0	0.274
6511	0.0	0.0	0.741
6512	0.0	0.0	0.793
6513	0.0	0.0	0.796
6514	0.0	0.0	0.834
6515	0.0	0.0	0.796
6516	0.0	0.0	0.772
6517	0.0	0.0	0.715
6518	0.0	0.0	0.628
6519	0.0	0.0	0.572
6520	0.0	0.0	0.534
6521	0.0	0.0	0.555
6522	0.0	0.0	0.689
6523	0.0	0.0	0.768
6524	0.0	0.0	0.951
6525	0.0	0.0	0.977
6526	0.0	0.0	0.911
6527	0.0	0.0	0.548
6528	0.0	0.0	0.343
6529	0.0	0.0	0.238
6530	0.0	0.0	0.128
6531	0.0	0.0	0.050
6532	0.0	0.0	0.036
6533	0.0	0.0	0.109
6534	0.0	0.0	0.274
6535	0.0	0.0	0.741
6536	0.0	0.0	0.793
6537	0.0	0.0	0.796
6538	0.0	0.0	0.834
6539	0.0	0.0	0.796
6540	0.0	0.0	0.772
6541	0.0	0.0	0.715
6542	0.0	0.0	0.628
6543	0.0	0.0	0.572
6544	0.0	0.0	0.534
6545	0.0	0.0	0.555
6546	0.0	0.0	0.689
6547	0.0	0.0	0.768
6548	0.0	0.0	0.951
6549	0.0	0.0	0.977
6550	0.0	0.0	0.911
6551	0.0	0.0	0.548
6552	0.0	0.0	0.343
6553	0.0	0.0	0.238
6554	0.0	0.0	0.128
6555	0.0	0.0	0.050
6556	0.0	0.0	0.036
6557	0.0	0.0	0.109
6558	0.0	0.0	0.274
6559	0.0	0.0	0.741
6560	0.0	0.0	0.793
6561	0.0	0.0	0.796
6562	0.0	0.0	0.834
6563	0.0	0.0	0.796
6564	0.0	0.0	0.772
6565	0.0	0.0	0.715
6566	0.0	0.0	0.628
6567	0.0	0.0	0.572
6568	0.0	0.0	0.534
6569	0.0	0.0	0.555
6570	0.0	0.0	0.689
6571	0.0	0.0	0.768
6572	0.0	0.0	0.951
6573	0.0	0.0	0.977
6574	0.0	0.0	0.911
6575	0.0	0.0	0.548
6576	0.0	0.0	0.343
6577	0.0	0.0	0.238
6578	0.2	0.0	0.128
6579	0.2	0.0	0.050
6580	0.2	0.0	0.036
6581	0.4	0.0	0.109
6582	0.6	0.0	0.274
6583	0.7	0.0	0.741
6584	2.0	0.0	0.793
6585	2.0	0.0	0.796
6586	1.8	0.0	0.834
6587	1.8	0.0	0.796
6588	1.8	0.0	0.772
6589	1.6	0.0	0.715
6590	1.7	0.0	0.628
6591	1.5	0.0	0.572
6592	1.6	0.0	0.534
6593	1.7	0.0	0.555
6594	2.3	0.0	0.689
6595	2.6	0.0	0.768
6596	2.8	0.0	0.951
6597	3.0	0.0	0.977
6598	3.4	0.0	0.911
6599	3.5	0.0	0.548
6600	3.7	0.0	0.343
6601	2.6	0.0	0.238
6602	2.7	0.0	0.128
6603	2.7	0.0	0.050
6604	2.8	0.0	0.036
6605	2.7	0.0	0.109
6606	2.9	0.0	0.274
6607	3.0	0.0	0.741
6608	4.4	0.0	0.793
6609	4.2	0.0	0.796
6610	3.9	0.0	0.834
6611	3.7	0.0	0.796
6612	3.3	0.0	0.772
6613	3.2	0.0	0.715
6614	3.2	0.0	0.628
6615	3.2	0.0	0.572
6616	3.4	0.0	0.534
6617	3.5	0.0	0.555
6618	3.7	0.0	0.689
6619	3.9	0.0	0.768
6620	4.2	0.0	0.951
6621	4.4	0.0	0.977
6622	4.7	0.0	0.911
6623	4.6	0.0	0.548
6624	4.7	0.0	0.343
6625	3.6	0.0	0.238
6626	3.6	0.0	0.128
6627	3.6	0.0	0.050
6628	3.5	0.0	0.036
6629	3.6	0.0	0.109
6630	3.6	0.0	0.274
6631	3.6	0.0	0.741
6632	4.7	0.0	0.793
6633	4.7	0.0	0.796
6634	4.5	0.0	0.834
6635	4.2	0.0	0.796
6636	3.8	0.0	0.772
6637	3.5	0.0	0.715
6638	3.2	0.0	0.628
6639	3.0	0.0	0.572
6640	3.1	0.0	0.534
6641	3.3	0.0	0.555
6642	3.7	0.0	0.689
6643	4.1	0.0	0.768
6644	4.4	0.0	0.951
6645	4.6	0.0	0.977
6646	4.6	0.0	0.911
6647	4.7	0.0	0.548
6648	4.7	0.0	0.343
6649	3.7	0.0	0.238
6650	3.7	0.0	0.128
6651	3.7	0.0	0.050
6652	3.7	0.0	0.036
6653	3.7	0.0	0.109
6654	3.7	0.0	0.274
6655	3.5	0.0	0.741
6656	4.5	0.0	0.793
6657	4.4	0.0	0.796
6658	3.7	0.0	0.834
6659	3.3	0.0	0.796
6660	2.9	0.0	0.772
6661	2.8	0.0	0.715
6662	2.3	0.0	0.628
6663	2.2	0.0	0.572
6664	2.2	0.0	0.534
6665	2.5	0.0	0.555
6666	2.9	0.0	0.689
6667	3.4	0.0	0.768
6668	3.7	0.0	0.951
6669	4.2	0.0	0.977
6670	4.2	0.0	0.911
6671	4.4	0.0	0.548
6672	4.7	0.0	0.343
6673	3.4	0.0	0.238
6674	3.4	0.0	0.128
6675	3.4	0.0	0.050
6676	3.5	0.0	0.036
6677	3.7	0.0	0.109
6678	3.7	0.0	0.274
6679	3.8	0.0	0.741
6680	4.7	0.0	0.793
6681	4.6	0.0	0.796
6682	4.4	0.0	0.834
6683	3.9	0.0	0.796
6684	3.5	0.0	0.772
6685	2.9	0.0	0.715
6686	2.6	0.0	0.628
6687	2.5	0.0	0.572
6688	2.6	0.0	0.534
6689	2.5	0.0	0.555
6690	2.9	0.0	0.689
6691	3.2	0.0	0.768
6692	3.4	0.0	0.951
6693	3.5	0.0	0.977
6694	3.3	0.0	0.911
6695	3.6	0.0	0.548
6696	3.8	0.0	0.343
6697	2.6	0.0	0.238
6698	2.7	0.0	0.128
6699	2.8	0.0	0.050
6700	2.9	0.0	0.036
6701	3.0	0.0	0.109
6702	3.2	0.0	0.274
6703	3.1	0.0	0.741
6704	4.3	0.0	0.793
6705	4.2	0.0	0.796
6706	3.8	0.0	0.834
6707	3.5	0.0	0.796
6708	3.3	0.0	0.772
6709	3.2	0.0	0.715
6710	3.0	0.0	0.628
6711	3.0	0.0	0.572
6712	3.0	0.0	0.534
6713	3.2	0.0	0.555
6714	3.7	0.0	0.689
6715	4.1	0.0	0.768
6716	4.5	0.0	0.951
6717	4.5	0.0	0.977
6718	4.7	0.0	0.911
6719	5.0	0.0	0.548
6720	5.1	0.0	0.343
6721	3.9	0.0	0.238
6722	3.9	0.0	0.128
6723	3.9	0.0	0.050
6724	3.9	0.0	0.036
6725	4.0	0.0	0.109
6726	4.2	0.0	0.274
6727	4.2	0.0	0.741
6728	5.4	0.0	0.793
6729	5.2	0.0	0.796
6730	4.7	0.0	0.834
6731	4.3	0.0	0.796
6732	4.0	0.0	0.772
6733	3.6	0.0	0.715
6734	3.4	0.0	0.628
6735	3.1	0.0	0.572
6736	3.3	0.0	0.534
6737	3.3	0.0	0.555
6738	3.5	0.0	0.689
6739	3.8	0.0	0.768
6740	4.0	0.0	0.951
6741	4.1	0.0	0.977
6742	4.2	0.0	0.911
6743	4.3	0.0	0.548
6744	4.3	0.0	0.343
6745	3.1	0.0	0.238
6746	3.1	0.0	0.128
6747	3.0	0.0	0.050
6748	3.0	0.0	0.036
6749	3.0	0.0	0.109
6750	3.0	0.0	0.274
6751	3.1	0.0	0.741
6752	4.4	0.0	0.793
6753	4.2	0.0	0.796
6754	3.9	0.0	0.834
6755	3.4	0.0	0.796
6756	3.1	0.0	0.772
6757	2.7	0.0	0.715
6758	2.5	0.0	0.628
6759	2.3	0.0	0.572
6760	2.3	0.0	0.534
6761	2.4	0.0	0.555
6762	2.7	0.0	0.689
6763	3.0	0.0	0.768
6764	3.1	0.0	0.951
6765	3.3	0.0	0.977
6766	3.5	0.0	0.911
6767	3.7	0.0	0.548
6768	3.9	0.0	0.343
6769	2.9	0.0	0.238
6770	3.1	0.0	0.128
6771	3.2	0.0	0.050
6772	3.3	0.0	0.036
6773	3.5	0.0	0.109
6774	3.6	0.0	0.274
6775	3.7	0.0	0.741
6776	4.8	0.0	0.793
6777	4.6	0.0	0.796
6778	4.2	0.0	0.834
6779	3.7	0.0	0.796
6780	3.4	0.0	0.772
6781	3.0	0.0	0.715
6782	2.7	0.0	0.628
6783	2.5	0.0	0.572
6784	2.5	0.0	0.534
6785	2.9	0.0	0.555
6786	3.1	0.0	0.689
6787	3.7	0.0	0.768
6788	3.7	0.0	0.951
6789	3.9	0.0	0.977
6790	4.1	0.0	0.911
6791	4.2	0.0	0.548
6792	4.2	0.0	0.343
6793	3.1	0.0	0.238
6794	3.1	0.0	0.128
6795	3.0	0.0	0.050
6796	3.0	0.0	0.036
6797	2.9	0.0	0.109
6798	2.8	0.0	0.274
6799	3.0	0.0	0.741
6800	4.2	0.0	0.793
6801	4.0	0.0	0.796
6802	3.5	0.0	0.834
6803	3.3	0.0	0.796
6804	2.9	0.0	0.772
6805	2.8	0.0	0.715
6806	2.6	0.0	0.628
6807	2.5	0.0	0.572
6808	2.3	0.0	0.534
6809	2.4	0.0	0.555
6810	2.6	0.0	0.689
6811	2.9	0.0	0.768
6812	3.0	0.0	0.951
6813	3.1	0.0	0.977
6814	3.1	0.0	0.911
6815	3.4	0.0	0.548
6816	3.4	0.0	0.343
6817	2.2	0.0	0.238
6818	2.3	0.0	0.128
6819	2.3	0.0	0.050
6820	2.4	0.0	0.036
6821	2.2	0.0	0.109
6822	2.2	0.0	0.274
6823	2.2	0.0	0.741
6824	3.5	0.0	0.793
6825	3.5	0.0	0.796
6826	3.4	0.0	0.834
6827	3.1	0.0	0.796
6828	2.7	0.0	0.772
6829	2.5	0.0	0.715
6830	2.5	0.0	0.628
6831	2.1	0.0	0.572
6832	2.2	0.0	0.534
6833	2.2	0.0	0.555
6834	2.2	0.0	0.689
6835	2.3	0.0	0.768
6836	2.3	0.0	0.951
6837	2.5	0.0	0.977
6838	2.6	0.0	0.911
6839	2.6	0.0	0.548
6840	2.8	0.0	0.343
6841	1.7	0.0	0.238
6842	1.6	0.0	0.128
6843	1.7	0.0	0.050
6844	1.7	0.0	0.036
6845	1.7	0.0	0.109
6846	1.5	0.0	0.274
6847	1.4	0.0	0.741
6848	2.7	0.0	0.793
6849	2.3	0.0	0.796
6850	2.1	0.0	0.834
6851	1.9	0.0	0.796
6852	1.5	0.0	0.772
6853	1.4	0.0	0.715
6854	1.3	0.0	0.628
6855	1.4	0.0	0.572
6856	1.4	0.0	0.534
6857	1.3	0.0	0.555
6858	1.3	0.0	0.689
6859	1.3	0.0	0.768
6860	1.4	0.0	0.951
6861	1.3	0.0	0.977
6862	1.3	0.0	0.911
6863	1.2	0.0	0.548
6864	1.2	0.0	0.343
6865	0.0	0.0	0.238
6866	0.0	0.0	0.128
6867	0.0	0.0	0.050
6868	0.0	0.0	0.036
6869	0.0	0.0	0.109
6870	0.0	0.0	0.274
6871	0.0	0.0	0.741
6872	0.0	0.0	0.793
6873	0.0	0.0	0.796
6874	0.0	0.0	0.834
6875	0.0	0.0	0.796
6876	0.0	0.0	0.772
6877	0.0	0.0	0.715
6878	0.0	0.0	0.628
6879	0.0	0.0	0.572
6880	0.0	0.0	0.534
6881	0.0	0.0	0.555
6882	0.0	0.0	0.689
6883	0.0	0.0	0.768
6884	0.0	0.0	0.951
6885	0.0	0.0	0.977
6886	0.0	0.0	0.911
6887	0.0	0.0	0.548
6888	0.0	0.0	0.343
6889	1.0	0.0	0.238
6890	0.9	0.0	0.128
6891	1.0	0.0	0.050
6892	1.2	0.0	0.036
6893	1.4	0.0	0.109
6894	1.3	0.0	0.274
6895	1.5	0.0	0.741
6896	2.5	0.0	0.793
6897	2.2	0.0	0.796
6898	1.9	0.0	0.834
6899	1.6	0.0	0.796
6900	1.1	0.0	0.772
6901	0.8	0.0	0.715
6902	0.5	0.0	0.628
6903	0.3	0.0	0.572
6904	0.3	0.0	0.534
6905	0.7	0.0	0.555
6906	0.9	0.0	0.689
6907	1.3	0.0	0.768
6908	1.7	0.0	0.951
6909	1.8	0.0	0.977
6910	2.2	0.0	0.911
6911	2.4	0.0	0.548
6912	2.6	0.0	0.343
6913	1.3	0.0	0.238
6914	1.4	0.0	0.128
6915	1.5	0.0	0.050
6916	1.6	0.0	0.036
6917	1.6	0.0	0.109
6918	1.5	0.0	0.274
6919	1.4	0.0	0.741
6920	2.5	0.0	0.793
6921	2.2	0.0	0.796
6922	2.0	0.0	0.834
6923	1.8	0.0	0.796
6924	1.3	0.0	0.772
6925	0.9	0.0	0.715
6926	0.6	0.0	0.628
6927	0.6	0.0	0.572
6928	0.4	0.0	0.534
6929	0.5	0.0	0.555
6930	0.8	0.0	0.689
6931	1.1	0.0	0.768
6932	1.1	0.0	0.951
6933	1.1	0.0	0.977
6934	1.3	0.0	0.911
6935	1.3	0.0	0.548
6936	1.2	0.0	0.343
6937	0.2	0.0	0.238
6938	0.4	0.0	0.128
6939	0.4	0.0	0.050
6940	0.5	0.0	0.036
6941	0.5	0.0	0.109
6942	0.6	0.0	0.274
6943	0.7	0.0	0.741
6944	1.9	0.0	0.793
6945	1.7	0.0	0.796
6946	1.3	0.0	0.834
6947	0.9	0.0	0.796
6948	0.6	0.0	0.772
6949	0.5	0.0	0.715
6950	0.4	0.0	0.628
6951	0.5	0.0	0.572
6952	0.5	0.0	0.534
6953	0.6	0.0	0.555
6954	0.8	0.0	0.689
6955	1.1	0.0	0.768
6956	1.4	0.0	0.951
6957	1.7	0.0	0.977
6958	1.9	0.0	0.911
6959	2.0	0.0	0.548
6960	2.3	0.0	0.343
6961	1.1	0.0	0.238
6962	1.3	0.0	0.128
6963	1.5	0.0	0.050
6964	1.8	0.0	0.036
6965	1.9	0.0	0.109
6966	2.1	0.0	0.274
6967	2.2	0.0	0.741
6968	3.4	0.0	0.793
6969	3.5	0.0	0.796
6970	3.4	0.0	0.834
6971	2.9	0.0	0.796
6972	2.5	0.0	0.772
6973	2.4	0.0	0.715
6974	2.2	0.0	0.628
6975	2.4	0.0	0.572
6976	2.5	0.0	0.534
6977	2.6	0.0	0.555
6978	3.0	0.0	0.689
6979	3.4	0.0	0.768
6980	3.7	0.0	0.951
6981	3.9	0.0	0.977
6982	4.3	0.0	0.911
6983	4.4	0.0	0.548
6984	4.6	0.0	0.343
6985	3.7	0.0	0.238
6986	3.7	0.0	0.128
6987	3.9	0.0	0.050
6988	4.0	0.0	0.036
6989	4.2	0.0	0.109
6990	3.9	0.0	0.274
6991	3.8	0.0	0.741
6992	4.8	0.0	0.793
6993	4.6	0.0	0.796
6994	4.3	0.0	0.834
6995	3.9	0.0	0.796
6996	3.3	0.0	0.772
6997	3.1	0.0	0.715
6998	2.7	0.0	0.628
6999	2.6	0.0	0.572
7000	2.7	0.0	0.534
7001	2.7	0.0	0.555
7002	3.0	0.0	0.689
7003	3.4	0.0	0.768
7004	3.7	0.0	0.951
7005	3.9	0.0	0.977
7006	4.1	0.0	0.911
7007	4.3	0.0	0.548
7008	4.5	0.0	0.343
7009	3.4	0.0	0.238
7010	3.4	0.0	0.128
7011	3.6	0.0	0.050
7012	3.8	0.0	0.036
7013	3.9	0.0	0.109
7014	4.1	0.0	0.274
7015	4.3	0.0	0.741
7016	5.5	0.0	0.793
7017	5.2	0.0	0.796
7018	4.9	0.0	0.834
7019	4.5	0.0	0.796
7020	4.2	0.0	0.772
7021	3.7	0.0	0.715
7022	3.5	0.0	0.628
7023	3.3	0.0	0.572
7024	3.4	0.0	0.534
7025	3.6	0.0	0.555
7026	3.9	0.0	0.689
7027	4.2	0.0	0.768
7028	4.3	0.0	0.951
7029	4.2	0.0	0.977
7030	4.3	0.0	0.911
7031	4.6	0.0	0.548
7032	4.7	0.0	0.343
7033	3.3	0.0	0.238
7034	3.4	0.0	0.128
7035	3.4	0.0	0.050
7036	3.5	0.0	0.036
7037	3.5	0.0	0.109
7038	3.5	0.0	0.274
7039	3.5	0.0	0.741
7040	4.4	0.0	0.793
7041	4.2	0.0	0.796
7042	4.1	0.0	0.834
7043	3.7	0.0	0.796
7044	3.1	0.0	0.772
7045	3.0	0.0	0.715
7046	3.1	0.0	0.628
7047	2.9	0.0	0.572
7048	2.8	0.0	0.534
7049	2.9	0.0	0.555
7050	3.2	0.0	0.689
7051	3.5	0.0	0.768
7052	3.7	0.0	0.951
7053	3.9	0.0	0.977
7054	4.1	0.0	0.911
7055	4.3	0.0	0.548
7056	4.4	0.0	0.343
7057	3.1	0.0	0.238
7058	3.2	0.0	0.128
7059	3.4	0.0	0.050
7060	3.6	0.0	0.036
7061	3.5	0.0	0.109
7062	3.5	0.0	0.274
7063	3.4	0.0	0.741
7064	4.4	0.0	0.793
7065	4.2	0.0	0.796
7066	4.0	0.0	0.834
7067	3.7	0.0	0.796
7068	3.3	0.0	0.772
7069	3.1	0.0	0.715
7070	2.9	0.0	0.628
7071	2.9	0.0	0.572
7072	2.9	0.0	0.534
7073	3.1	0.0	0.555
7074	3.2	0.0	0.689
7075	3.6	0.0	0.768
7076	3.9	0.0	0.951
7077	4.1	0.0	0.977
7078	4.1	0.0	0.911
7079	4.5	0.0	0.548
7080	4.6	0.0	0.343
7081	3.4	0.0	0.238
7082	3.5	0.0	0.128
7083	3.6	0.0	0.050
7084	3.5	0.0	0.036
7085	3.4	0.0	0.109
7086	3.4	0.0	0.274
7087	3.6	0.0	0.741
7088	4.5	0.0	0.793
7089	4.0	0.0	0.796
7090	3.8	0.0	0.834
7091	3.3	0.0	0.796
7092	3.0	0.0	0.772
7093	2.7	0.0	0.715
7094	2.5	0.0	0.628
7095	2.4	0.0	0.572
7096	2.5	0.0	0.534
7097	2.5	0.0	0.555
7098	2.6	0.0	0.689
7099	2.8	0.0	0.768
7100	3.0	0.0	0.951
7101	3.0	0.0	0.977
7102	3.3	0.0	0.911
7103	3.3	0.0	0.548
7104	3.4	0.0	0.343
7105	2.2	0.0	0.238
7106	2.2	0.0	0.128
7107	2.4	0.0	0.050
7108	2.5	0.0	0.036
7109	2.5	0.0	0.109
7110	2.5	0.0	0.274
7111	2.5	0.0	0.741
7112	4.0	0.0	0.793
7113	3.7	0.0	0.796
7114	3.3	0.0	0.834
7115	3.0	0.0	0.796
7116	2.6	0.0	0.772
7117	2.3	0.0	0.715
7118	2.4	0.0	0.628
7119	2.5	0.0	0.572
7120	2.6	0.0	0.534
7121	2.8	0.0	0.555
7122	3.3	0.0	0.689
7123	3.5	0.0	0.768
7124	3.5	0.0	0.951
7125	3.7	0.0	0.977
7126	3.6	0.0	0.911
7127	3.5	0.0	0.548
7128	3.7	0.0	0.343
7129	2.6	0.0	0.238
7130	2.7	0.0	0.128
7131	2.7	0.0	0.050
7132	2.8	0.0	0.036
7133	2.6	0.0	0.109
7134	2.6	0.0	0.274
7135	2.4	0.0	0.741
7136	3.6	0.0	0.793
7137	3.4	0.0	0.796
7138	3.1	0.0	0.834
7139	2.7	0.0	0.796
7140	2.5	0.0	0.772
7141	1.9	0.0	0.715
7142	1.7	0.0	0.628
7143	1.7	0.0	0.572
7144	1.8	0.0	0.534
7145	2.2	0.0	0.555
7146	2.2	0.0	0.689
7147	2.5	0.0	0.768
7148	2.8	0.0	0.951
7149	2.8	0.0	0.977
7150	2.9	0.0	0.911
7151	3.1	0.0	0.548
7152	3.2	0.0	0.343
7153	2.2	0.0	0.238
7154	2.4	0.0	0.128
7155	2.4	0.0	0.050
7156	2.5	0.0	0.036
7157	2.6	0.0	0.109
7158	2.5	0.0	0.274
7159	2.4	0.0	0.741
7160	3.2	0.0	0.793
7161	3.0	0.0	0.796
7162	2.4	0.0	0.834
7163	2.1	0.0	0.796
7164	1.7	0.0	0.772
7165	1.3	0.0	0.715
7166	1.1	0.0	0.628
7167	1.2	0.0	0.572
7168	1.2	0.0	0.534
7169	1.3	0.0	0.555
7170	1.7	0.0	0.689
7171	2.0	0.0	0.768
7172	2.1	0.0	0.951
7173	2.3	0.0	0.977
7174	2.5	0.0	0.911
7175	2.5	0.0	0.548
7176	2.9	0.0	0.343
7177	1.8	0.0	0.238
7178	1.7	0.0	0.128
7179	1.6	0.0	0.050
7180	1.6	0.0	0.036
7181	1.5	0.0	0.109
7182	1.3	0.0	0.274
7183	1.3	0.0	0.741
7184	2.4	0.0	0.793
7185	2.3	0.0	0.796
7186	1.8	0.0	0.834
7187	1.4	0.0	0.796
7188	0.9	0.0	0.772
7189	0.4	0.0	0.715
7190	0.0	0.0	0.628
7191	0.0	0.0	0.572
7192	0.0	0.0	0.534
7193	0.1	0.0	0.555
7194	0.2	0.0	0.689
7195	0.5	0.0	0.768
7196	0.7	0.0	0.951
7197	0.9	0.0	0.977
7198	1.0	0.0	0.911
7199	1.3	0.0	0.548
7200	1.3	0.0	0.343
7201	0.2	0.0	0.238
7202	0.6	0.0	0.128
7203	0.5	0.0	0.050
7204	0.7	0.0	0.036
7205	0.6	0.0	0.109
7206	0.9	0.0	0.274
7207	1.0	0.0	0.741
7208	2.4	0.0	0.793
7209	2.0	0.0	0.796
7210	1.9	0.0	0.834
7211	1.6	0.0	0.796
7212	1.3	0.0	0.772
7213	1.0	0.0	0.715
7214	0.9	0.0	0.628
7215	0.6	0.0	0.572
7216	0.4	0.0	0.534
7217	0.6	0.0	0.555
7218	1.0	0.0	0.689
7219	1.5	0.0	0.768
7220	1.9	0.0	0.951
7221	2.0	0.0	0.977
7222	1.9	0.0	0.911
7223	2.2	0.0	0.548
7224	2.4	0.0	0.343
7225	1.5	0.0	0.238
7226	1.5	0.0	0.128
7227	1.4	0.0	0.050
7228	1.4	0.0	0.036
7229	1.4	0.0	0.109
7230	1.5	0.0	0.274
7231	1.4	0.0	0.741
7232	2.5	0.0	0.793
7233	2.2	0.0	0.796
7234	1.9	0.0	0.834
7235	1.8	0.0	0.796
7236	1.3	0.0	0.772
7237	1.1	0.0	0.715
7238	1.1	0.0	0.628
7239	1.1	0.0	0.572
7240	1.0	0.0	0.534
7241	1.0	0.0	0.555
7242	1.0	0.0	0.689
7243	1.2	0.0	0.768
7244	1.4	0.0	0.951
7245	1.2	0.0	0.977
7246	1.2	0.0	0.911
7247	1.4	0.0	0.548
7248	1.5	0.0	0.343
7249	0.3	0.0	0.238
7250	0.3	0.0	0.128
7251	0.4	0.0	0.050
7252	0.6	0.0	0.036
7253	0.7	0.0	0.109
7254	0.6	0.0	0.274
7255	0.6	0.0	0.741
7256	1.8	0.0	0.793
7257	1.8	0.0	0.796
7258	1.7	0.0	0.834
7259	1.5	0.0	0.796
7260	1.3	0.0	0.772
7261	0.9	0.0	0.715
7262	1.0	0.0	0.628
7263	1.1	0.0	0.572
7264	1.0	0.0	0.534
7265	1.4	0.0	0.555
7266	1.6	0.0	0.689
7267	1.6	0.0	0.768
7268	1.7	0.0	0.951
7269	2.0	0.0	0.977
7270	2.0	0.0	0.911
7271	2.0	0.0	0.548
7272	2.2	0.0	0.343
7273	1.1	0.0	0.238
7274	1.1	0.0	0.128
7275	0.9	0.0	0.050
7276	0.9	0.0	0.036
7277	0.8	0.0	0.109
7278	1.0	0.0	0.274
7279	0.9	0.0	0.741
7280	2.1	0.0	0.793
7281	2.0	0.0	0.796
7282	2.0	0.0	0.834
7283	2.1	0.0	0.796
7284	2.0	0.0	0.772
7285	2.1	0.0	0.715
7286	2.0	0.0	0.628
7287	2.1	0.0	0.572
7288	1.9	0.0	0.534
7289	1.8	0.0	0.555
7290	2.0	0.0	0.689
7291	2.1	0.0	0.768
7292	2.2	0.0	0.951
7293	2.1	0.0	0.977
7294	2.2	0.0	0.911
7295	2.1	0.0	0.548
7296	2.2	0.0	0.343
7297	1.5	0.0	0.238
7298	2.0	0.0	0.128
7299	2.3	0.0	0.050
7300	2.4	0.0	0.036
7301	2.8	0.0	0.109
7302	3.2	0.0	0.274
7303	3.4	0.0	0.741
7304	5.6	0.0	0.793
7305	5.5	0.0	0.796
7306	5.9	0.0	0.834
7307	5.8	0.0	0.796
7308	5.5	0.0	0.772
7309	5.5	0.0	0.715
7310	5.5	0.0	0.628
7311	5.7	0.0	0.572
7312	5.7	0.0	0.534
7313	6.0	0.0	0.555
7314	6.8	0.0	0.689
7315	7.4	0.0	0.768
7316	7.1	0.0	0.951
7317	7.1	0.0	0.977
7318	7.3	0.0	0.911
7319	7.5	0.0	0.548
7320	7.9	0.0	0.343
7321	6.1	0.0	0.238
7322	6.2	0.0	0.128
7323	6.4	0.0	0.050
7324	6.6	0.0	0.036
7325	6.4	0.0	0.109
7326	6.2	0.0	0.274
7327	6.3	0.0	0.741
7328	8.2	0.0	0.793
7329	7.8	0.0	0.796
7330	7.2	0.0	0.834
7331	6.5	0.0	0.796
7332	5.7	0.0	0.772
7333	5.5	0.0	0.715
7334	5.1	0.0	0.628
7335	4.8	0.0	0.572
7336	4.8	0.0	0.534
7337	4.8	0.0	0.555
7338	5.2	0.0	0.689
7339	5.2	0.0	0.768
7340	5.4	0.0	0.951
7341	5.7	0.0	0.977
7342	5.7	0.0	0.911
7343	6.1	0.0	0.548
7344	6.1	0.0	0.343
7345	4.2	0.0	0.238
7346	4.2	0.0	0.128
7347	4.3	0.0	0.050
7348	4.4	0.0	0.036
7349	4.2	0.0	0.109
7350	4.4	0.0	0.274
7351	4.4	0.0	0.741
7352	6.2	0.0	0.793
7353	6.1	0.0	0.796
7354	5.8	0.0	0.834
7355	5.6	0.0	0.796
7356	5.2	0.0	0.772
7357	4.9	0.0	0.715
7358	4.7	0.0	0.628
7359	4.3	0.0	0.572
7360	4.3	0.0	0.534
7361	4.4	0.0	0.555
7362	4.4	0.0	0.689
7363	4.2	0.0	0.768
7364	3.9	0.0	0.951
7365	4.2	0.0	0.977
7366	4.2	0.0	0.911
7367	4.1	0.0	0.548
7368	3.8	0.0	0.343
7369	1.3	0.0	0.238
7370	1.4	0.0	0.128
7371	1.6	0.0	0.050
7372	1.8	0.0	0.036
7373	2.4	0.0	0.109
7374	2.6	0.0	0.274
7375	2.3	0.0	0.741
7376	4.4	0.0	0.793
7377	4.5	0.0	0.796
7378	4.1	0.0	0.834
7379	3.5	0.0	0.796
7380	2.8	0.0	0.772
7381	2.3	0.0	0.715
7382	1.8	0.0	0.628
7383	2.0	0.0	0.572
7384	2.0	0.0	0.534
7385	2.3	0.0	0.555
7386	2.8	0.0	0.689
7387	3.3	0.0	0.768
7388	3.2	0.0	0.951
7389	3.1	0.0	0.977
7390	3.2	0.0	0.911
7391	3.4	0.0	0.548
7392	3.8	0.0	0.343
7393	1.6	0.0	0.238
7394	1.7	0.0	0.128
7395	1.6	0.0	0.050
7396	1.7	0.0	0.036
7397	1.8	0.0	0.109
7398	1.9	0.0	0.274
7399	1.5	0.0	0.741
7400	3.5	0.0	0.793
7401	3.5	0.0	0.796
7402	3.4	0.0	0.834
7403	3.5	0.0	0.796
7404	3.2	0.0	0.772
7405	2.6	0.0	0.715
7406	2.3	0.0	0.628
7407	2.2	0.0	0.572
7408	2.5	0.0	0.534
7409	2.9	0.0	0.555
7410	3.2	0.0	0.689
7411	3.3	0.0	0.768
7412	3.5	0.0	0.951
7413	3.5	0.0	0.977
7414	3.4	0.0	0.911
7415	3.3	0.0	0.548
7416	3.0	0.0	0.343
7417	0.7	0.0	0.238
7418	1.0	0.0	0.128
7419	1.3	0.0	0.050
7420	1.3	0.0	0.036
7421	1.4	0.0	0.109
7422	1.8	0.0	0.274
7423	1.4	0.0	0.741
7424	3.4	0.0	0.793
7425	3.2	0.0	0.796
7426	3.2	0.0	0.834
7427	3.1	0.0	0.796
7428	3.3	0.0	0.772
7429	2.8	0.0	0.715
7430	2.8	0.0	0.628
7431	2.7	0.0	0.572
7432	3.0	0.0	0.534
7433	3.4	0.0	0.555
7434	3.6	0.0	0.689
7435	3.8	0.0	0.768
7436	4.3	0.0	0.951
7437	4.9	0.0	0.977
7438	5.0	0.0	0.911
7439	4.9	0.0	0.548
7440	5.3	0.0	0.343
7441	3.5	0.0	0.238
7442	3.7	0.0	0.128
7443	4.0	0.0	0.050
7444	4.4	0.0	0.036
7445	4.8	0.0	0.109
7446	5.4	0.0	0.274
7447	5.7	0.0	0.741
7448	7.6	0.0	0.793
7449	7.7	0.0	0.796
7450	7.3	0.0	0.834
7451	6.7	0.0	0.796
7452	6.1	0.0	0.772
7453	5.9	0.0	0.715
7454	5.4	0.0	0.628
7455	5.3	0.0	0.572
7456	5.7	0.0	0.534
7457	6.2	0.0	0.555
7458	7.1	0.0	0.689
7459	7.3	0.0	0.768
7460	7.6	0.0	0.951
7461	8.0	0.0	0.977
7462	8.8	0.0	0.911
7463	9.1	0.0	0.548
7464	9.4	0.0	0.343
7465	7.7	0.0	0.238
7466	7.9	0.0	0.128
7467	8.1	0.0	0.050
7468	8.1	0.0	0.036
7469	8.3	0.0	0.109
7470	8.3	0.0	0.274
7471	8.3	0.0	0.741
7472	10.2	0.0	0.793
7473	10.2	0.0	0.796
7474	10.1	0.0	0.834
7475	9.9	0.0	0.796
7476	9.9	0.0	0.772
7477	9.3	0.0	0.715
7478	9.2	0.0	0.628
7479	9.1	0.0	0.572
7480	9.0	0.0	0.534
7481	9.1	0.0	0.555
7482	9.2	0.0	0.689
7483	9.2	0.0	0.768
7484	9.4	0.0	0.951
7485	9.3	0.0	0.977
7486	9.2	0.0	0.911
7487	9.4	0.0	0.548
7488	9.6	0.0	0.343
7489	7.4	0.0	0.238
7490	7.5	0.0	0.128
7491	7.5	0.0	0.050
7492	7.8	0.0	0.036
7493	7.7	0.0	0.109
7494	7.5	0.0	0.274
7495	7.4	0.0	0.741
7496	9.8	0.0	0.793
7497	9.9	0.0	0.796
7498	9.1	0.0	0.834
7499	8.8	0.0	0.796
7500	7.8	0.0	0.772
7501	7.4	0.0	0.715
7502	7.3	0.0	0.628
7503	7.3	0.0	0.572
7504	7.5	0.0	0.534
7505	7.9	0.0	0.555
7506	8.3	0.0	0.689
7507	8.7	0.0	0.768
7508	9.1	0.0	0.951
7509	9.6	0.0	0.977
7510	9.8	0.0	0.911
7511	9.9	0.0	0.548
7512	10.2	0.0	0.343
7513	8.4	0.0	0.238
7514	8.1	0.0	0.128
7515	8.0	0.0	0.050
7516	8.0	0.0	0.036
7517	8.1	0.0	0.109
7518	8.0	0.0	0.274
7519	8.0	0.0	0.741
7520	10.0	0.0	0.793
7521	9.9	0.0	0.796
7522	9.6	0.0	0.834
7523	9.4	0.0	0.796
7524	9.2	0.0	0.772
7525	9.2	0.0	0.715
7526	8.9	0.0	0.628
7527	8.5	0.0	0.572
7528	8.8	0.0	0.534
7529	9.2	0.0	0.555
7530	9.3	0.0	0.689
7531	9.2	0.0	0.768
7532	9.2	0.0	0.951
7533	9.4	0.0	0.977
7534	9.7	0.0	0.911
7535	9.4	0.0	0.548
7536	9.5	0.0	0.343
7537	7.1	0.0	0.238
7538	7.6	0.0	0.128
7539	7.9	0.0	0.050
7540	7.7	0.0	0.036
7541	7.8	0.0	0.109
7542	7.8	0.0	0.274
7543	7.7	0.0	0.741
7544	10.1	0.0	0.793
7545	10.2	0.0	0.796
7546	10.0	0.0	0.834
7547	10.1	0.0	0.796
7548	10.0	0.0	0.772
7549	9.6	0.0	0.715
7550	9.2	0.0	0.628
7551	9.2	0.0	0.572
7552	9.5	0.0	0.534
7553	9.6	0.0	0.555
7554	10.4	0.0	0.689
7555	10.8	0.0	0.768
7556	10.5	0.0	0.951
7557	10.7	0.0	0.977
7558	11.0	0.0	0.911
7559	11.3	0.0	0.548
7560	11.7	0.0	0.343
7561	9.6	0.0	0.238
7562	9.5	0.0	0.128
7563	9.7	0.0	0.050
7564	9.6	0.0	0.036
7565	9.9	0.0	0.109
7566	10.1	0.0	0.274
7567	10.2	0.0	0.741
7568	12.6	0.0	0.793
7569	12.6	0.0	0.796
7570	12.8	0.0	0.834
7571	13.1	0.0	0.796
7572	12.9	0.0	0.772
7573	13.0	0.0	0.715
7574	13.1	0.0	0.628
7575	12.6	0.0	0.572
7576	12.3	0.0	0.534
7577	12.8	0.0	0.555
7578	12.9	0.0	0.689
7579	12.5	0.0	0.768
7580	12.4	0.0	0.951
7581	12.7	0.0	0.977
7582	12.6	0.0	0.911
7583	12.6	0.0	0.548
7584	13.0	0.0	0.343
7585	10.9	0.0	0.238
7586	11.1	0.0	0.128
7587	11.2	0.0	0.050
7588	11.1	0.0	0.036
7589	10.9	0.0	0.109
7590	10.6	0.0	0.274
7591	10.2	0.0	0.741
7592	12.1	0.0	0.793
7593	12.1	0.0	0.796
7594	12.3	0.0	0.834
7595	11.7	0.0	0.796
7596	11.2	0.0	0.772
7597	10.9	0.0	0.715
7598	10.2	0.0	0.628
7599	9.9	0.0	0.572
7600	9.9	0.0	0.534
7601	9.6	0.0	0.555
7602	9.5	0.0	0.689
7603	9.7	0.0	0.768
7604	10.1	0.0	0.951
7605	10.0	0.0	0.977
7606	9.7	0.0	0.911
7607	9.6	0.0	0.548
7608	9.7	0.0	0.343
7609	7.4	0.0	0.238
7610	7.3	0.0	0.128
7611	7.4	0.0	0.050
7612	7.8	0.0	0.036
7613	8.1	0.0	0.109
7614	8.3	0.0	0.274
7615	8.3	0.0	0.741
7616	10.4	0.0	0.793
7617	10.0	0.0	0.796
7618	9.8	0.0	0.834
7619	9.0	0.0	0.796
7620	8.6	0.0	0.772
7621	8.3	0.0	0.715
7622	7.8	0.0	0.628
7623	7.4	0.0	0.572
7624	7.4	0.0	0.534
7625	7.9	0.0	0.555
7626	8.1	0.0	0.689
7627	8.2	0.0	0.768
7628	8.3	0.0	0.951
7629	8.2	0.0	0.977
7630	8.2	0.0	0.911
7631	8.3	0.0	0.548
7632	8.3	0.0	0.343
7633	6.2	0.0	0.238
7634	6.4	0.0	0.128
7635	6.4	0.0	0.050
7636	6.4	0.0	0.036
7637	6.3	0.0	0.109
7638	6.1	0.0	0.274
7639	6.4	0.0	0.741
7640	8.2	0.0	0.793
7641	7.6	0.0	0.796
7642	7.3	0.0	0.834
7643	6.8	0.0	0.796
7644	6.8	0.0	0.772
7645	6.3	0.0	0.715
7646	5.8	0.0	0.628
7647	5.8	0.0	0.572
7648	5.6	0.0	0.534
7649	5.6	0.0	0.555
7650	5.9	0.0	0.689
7651	6.6	0.0	0.768
7652	6.6	0.0	0.951
7653	6.5	0.0	0.977
7654	6.7	0.0	0.911
7655	6.5	0.0	0.548
7656	6.4	0.0	0.343
7657	4.3	0.0	0.238
7658	4.0	0.0	0.128
7659	4.2	0.0	0.050
7660	4.1	0.0	0.036
7661	4.2	0.0	0.109
7662	4.0	0.0	0.274
7663	4.2	0.0	0.741
7664	6.3	0.0	0.793
7665	6.1	0.0	0.796
7666	5.9	0.0	0.834
7667	5.3	0.0	0.796
7668	4.9	0.0	0.772
7669	4.5	0.0	0.715
7670	4.3	0.0	0.628
7671	3.9	0.0	0.572
7672	4.1	0.0	0.534
7673	4.4	0.0	0.555
7674	5.0	0.0	0.689
7675	5.0	0.0	0.768
7676	5.1	0.0	0.951
7677	4.9	0.0	0.977
7678	5.1	0.0	0.911
7679	5.0	0.0	0.548
7680	5.2	0.0	0.343
7681	3.0	0.0	0.238
7682	3.2	0.0	0.128
7683	2.8	0.0	0.050
7684	2.9	0.0	0.036
7685	2.9	0.0	0.109
7686	3.1	0.0	0.274
7687	2.9	0.0	0.741
7688	5.7	0.0	0.793
7689	5.7	0.0	0.796
7690	5.7	0.0	0.834
7691	5.8	0.0	0.796
7692	5.8	0.0	0.772
7693	5.6	0.0	0.715
7694	5.6	0.0	0.628
7695	5.6	0.0	0.572
7696	5.9	0.0	0.534
7697	6.1	0.0	0.555
7698	6.6	0.0	0.689
7699	6.6	0.0	0.768
7700	7.3	0.0	0.951
7701	7.1	0.0	0.977
7702	7.2	0.0	0.911
7703	7.2	0.0	0.548
7704	6.9	0.0	0.343
7705	4.9	0.0	0.238
7706	5.0	0.0	0.128
7707	5.0	0.0	0.050
7708	5.5	0.0	0.036
7709	5.4	0.0	0.109
7710	5.3	0.0	0.274
7711	5.4	0.0	0.741
7712	7.6	0.0	0.793
7713	7.5	0.0	0.796
7714	7.5	0.0	0.834
7715	7.1	0.0	0.796
7716	6.5	0.0	0.772
7717	6.0	0.0	0.715
7718	5.8	0.0	0.628
7719	6.2	0.0	0.572
7720	6.2	0.0	0.534
7721	6.6	0.0	0.555
7722	6.9	0.0	0.689
7723	7.1	0.0	0.768
7724	7.7	0.0	0.951
7725	8.0	0.0	0.977
7726	8.2	0.0	0.911
7727	8.2	0.0	0.548
7728	8.6	0.0	0.343
7729	6.8	0.0	0.238
7730	7.0	0.0	0.128
7731	7.4	0.0	0.050
7732	7.6	0.0	0.036
7733	7.9	0.0	0.109
7734	8.3	0.0	0.274
7735	8.6	0.0	0.741
7736	10.8	0.0	0.793
7737	10.7	0.0	0.796
7738	10.1	0.0	0.834
7739	9.8	0.0	0.796
7740	9.3	0.0	0.772
7741	8.8	0.0	0.715
7742	8.7	0.0	0.628
7743	9.0	0.0	0.572
7744	9.3	0.0	0.534
7745	9.8	0.0	0.555
7746	10.5	0.0	0.689
7747	10.5	0.0	0.768
7748	10.9	0.0	0.951
7749	11.2	0.0	0.977
7750	11.6	0.0	0.911
7751	12.1	0.0	0.548
7752	12.3	0.0	0.343
7753	10.3	0.0	0.238
7754	10.0	0.0	0.128
7755	10.2	0.0	0.050
7756	10.0	0.0	0.036
7757	9.9	0.0	0.109
7758	10.0	0.0	0.274
7759	10.4	0.0	0.741
7760	12.4	0.0	0.793
7761	12.1	0.0	0.796
7762	11.5	0.0	0.834
7763	10.9	0.0	0.796
7764	10.3	0.0	0.772
7765	9.6	0.0	0.715
7766	8.8	0.0	0.628
7767	8.7	0.0	0.572
7768	8.5	0.0	0.534
7769	8.7	0.0	0.555
7770	9.5	0.0	0.689
7771	10.1	0.0	0.768
7772	10.1	0.0	0.951
7773	10.2	0.0	0.977
7774	10.2	0.0	0.911
7775	10.4	0.0	0.548
7776	10.8	0.0	0.343
7777	8.8	0.0	0.238
7778	8.5	0.0	0.128
7779	8.6	0.0	0.050
7780	8.9	0.0	0.036
7781	9.0	0.0	0.109
7782	9.2	0.0	0.274
7783	9.0	0.0	0.741
7784	10.8	0.0	0.793
7785	10.6	0.0	0.796
7786	10.1	0.0	0.834
7787	9.2	0.0	0.796
7788	8.7	0.0	0.772
7789	8.3	0.0	0.715
7790	8.2	0.0	0.628
7791	8.2	0.0	0.572
7792	8.3	0.0	0.534
7793	8.5	0.0	0.555
7794	9.2	0.0	0.689
7795	9.5	0.0	0.768
7796	9.9	0.0	0.951
7797	9.7	0.0	0.977
7798	10.2	0.0	0.911
7799	10.4	0.0	0.548
7800	10.6	0.0	0.343
7801	8.3	0.0	0.238
7802	8.4	0.0	0.128
7803	8.3	0.0	0.050
7804	8.4	0.0	0.036
7805	8.5	0.0	0.109
7806	8.7	0.0	0.274
7807	9.1	0.0	0.741
7808	11.0	0.0	0.793
7809	10.7	0.0	0.796
7810	10.6	0.0	0.834
7811	9.8	0.0	0.796
7812	9.2	0.0	0.772
7813	8.1	0.0	0.715
7814	7.5	0.0	0.628
7815	7.3	0.0	0.572
7816	7.5	0.0	0.534
7817	7.5	0.0	0.555
7818	7.7	0.0	0.689
7819	7.6	0.0	0.768
7820	8.3	0.0	0.951
7821	8.7	0.0	0.977
7822	8.8	0.0	0.911
7823	8.7	0.0	0.548
7824	8.8	0.0	0.343
7825	6.7	0.0	0.238
7826	6.6	0.0	0.128
7827	6.6	0.0	0.050
7828	6.5	0.0	0.036
7829	6.5	0.0	0.109
7830	6.7	0.0	0.274
7831	6.6	0.0	0.741
7832	8.6	0.0	0.793
7833	8.5	0.0	0.796
7834	8.3	0.0	0.834
7835	8.1	0.0	0.796
7836	7.5	0.0	0.772
7837	6.9	0.0	0.715
7838	6.5	0.0	0.628
7839	6.3	0.0	0.572
7840	6.4	0.0	0.534
7841	6.2	0.0	0.555
7842	6.4	0.0	0.689
7843	6.3	0.0	0.768
7844	6.5	0.0	0.951
7845	6.5	0.0	0.977
7846	6.7	0.0	0.911
7847	6.3	0.0	0.548
7848	6.2	0.0	0.343
7849	3.9	0.0	0.238
7850	4.2	0.0	0.128
7851	4.3	0.0	0.050
7852	4.3	0.0	0.036
7853	4.7	0.0	0.109
7854	4.4	0.0	0.274
7855	4.6	0.0	0.741
7856	7.2	0.0	0.793
7857	7.1	0.0	0.796
7858	6.8	0.0	0.834
7859	6.1	0.0	0.796
7860	5.7	0.0	0.772
7861	5.5	0.0	0.715
7862	5.3	0.0	0.628
7863	5.1	0.0	0.572
7864	5.4	0.0	0.534
7865	5.8	0.0	0.555
7866	6.4	0.0	0.689
7867	6.7	0.0	0.768
7868	7.3	0.0	0.951
7869	7.8	0.0	0.977
7870	8.0	0.0	0.911
7871	8.7	0.0	0.548
7872	8.7	0.0	0.343
7873	6.8	0.0	0.238
7874	6.9	0.0	0.128
7875	7.0	0.0	0.050
7876	7.0	0.0	0.036
7877	7.2	0.0	0.109
7878	7.3	0.0	0.274
7879	7.3	0.0	0.741
7880	9.6	0.0	0.793
7881	9.3	0.0	0.796
7882	9.1	0.0	0.834
7883	8.7	0.0	0.796
7884	8.4	0.0	0.772
7885	8.2	0.0	0.715
7886	8.1	0.0	0.628
7887	8.0	0.0	0.572
7888	7.7	0.0	0.534
7889	7.9	0.0	0.555
7890	8.2	0.0	0.689
7891	8.5	0.0	0.768
7892	8.9	0.0	0.951
7893	9.3	0.0	0.977
7894	9.6	0.0	0.911
7895	9.5	0.0	0.548
7896	9.3	0.0	0.343
7897	6.8	0.0	0.238
7898	6.8	0.0	0.128
7899	6.8	0.0	0.050
7900	6.8	0.0	0.036
7901	6.8	0.0	0.109
7902	6.7	0.0	0.274
7903	6.9	0.0	0.741
7904	9.2	0.0	0.793
7905	8.4	0.0	0.796
7906	7.7	0.0	0.834
7907	7.3	0.0	0.796
7908	6.8	0.0	0.772
7909	6.2	0.0	0.715
7910	5.9	0.0	0.628
7911	6.0	0.0	0.572
7912	6.3	0.0	0.534
7913	6.6	0.0	0.555
7914	7.0	0.0	0.689
7915	7.2	0.0	0.768
7916	7.2	0.0	0.951
7917	7.0	0.0	0.977
7918	7.0	0.0	0.911
7919	7.1	0.0	0.548
7920	6.9	0.0	0.343
7921	4.7	0.0	0.238
7922	4.8	0.0	0.128
7923	4.9	0.0	0.050
7924	5.1	0.0	0.036
7925	5.6	0.0	0.109
7926	5.8	0.0	0.274
7927	6.0	0.0	0.741
7928	8.4	0.0	0.793
7929	8.0	0.0	0.796
7930	7.7	0.0	0.834
7931	7.1	0.0	0.796
7932	6.5	0.0	0.772
7933	6.0	0.0	0.715
7934	6.1	0.0	0.628
7935	6.0	0.0	0.572
7936	6.0	0.0	0.534
7937	6.2	0.0	0.555
7938	6.6	0.0	0.689
7939	6.4	0.0	0.768
7940	6.7	0.0	0.951
7941	6.9	0.0	0.977
7942	7.5	0.0	0.911
7943	7.4	0.0	0.548
7944	7.9	0.0	0.343
7945	6.3	0.0	0.238
7946	6.4	0.0	0.128
7947	6.6	0.0	0.050
7948	6.7	0.0	0.036
7949	7.1	0.0	0.109
7950	7.4	0.0	0.274
7951	7.3	0.0	0.741
7952	9.4	0.0	0.793
7953	9.4	0.0	0.796
7954	9.0	0.0	0.834
7955	8.4	0.0	0.796
7956	8.0	0.0	0.772
7957	7.5	0.0	0.715
7958	6.9	0.0	0.628
7959	6.8	0.0	0.572
7960	6.9	0.0	0.534
7961	7.2	0.0	0.555
7962	7.8	0.0	0.689
7963	7.9	0.0	0.768
7964	8.0	0.0	0.951
7965	7.9	0.0	0.977
7966	8.0	0.0	0.911
7967	7.9	0.0	0.548
7968	7.9	0.0	0.343
7969	6.3	0.0	0.238
7970	6.6	0.0	0.128
7971	6.6	0.0	0.050
7972	6.9	0.0	0.036
7973	7.2	0.0	0.109
7974	6.9	0.0	0.274
7975	7.0	0.0	0.741
7976	9.2	0.0	0.793
7977	8.9	0.0	0.796
7978	8.4	0.0	0.834
7979	7.4	0.0	0.796
7980	6.7	0.0	0.772
7981	6.1	0.0	0.715
7982	5.8	0.0	0.628
7983	6.1	0.0	0.572
7984	6.6	0.0	0.534
7985	6.7	0.0	0.555
7986	7.3	0.0	0.689
7987	7.9	0.0	0.768
7988	8.2	0.0	0.951
7989	8.6	0.0	0.977
7990	9.2	0.0	0.911
7991	9.3	0.0	0.548
7992	9.7	0.0	0.343
7993	7.8	0.0	0.238
7994	7.8	0.0	0.128
7995	7.9	0.0	0.050
7996	8.4	0.0	0.036
7997	8.4	0.0	0.109
7998	8.7	0.0	0.274
7999	9.1	0.0	0.741
8000	11.4	0.0	0.793
8001	11.1	0.0	0.796
8002	10.7	0.0	0.834
8003	10.2	0.0	0.796
8004	9.5	0.0	0.772
8005	9.3	0.0	0.715
8006	8.9	0.0	0.628
8007	9.2	0.0	0.572
8008	9.7	0.0	0.534
8009	10.0	0.0	0.555
8010	10.7	0.0	0.689
8011	11.5	0.0	0.768
8012	11.5	0.0	0.951
8013	11.7	0.0	0.977
8014	12.2	0.0	0.911
8015	12.5	0.0	0.548
8016	12.7	0.0	0.343
8017	11.1	0.0	0.238
8018	11.1	0.0	0.128
8019	11.4	0.0	0.050
8020	11.2	0.0	0.036
8021	11.5	0.0	0.109
8022	12.2	0.0	0.274
8023	12.6	0.0	0.741
8024	14.8	0.0	0.793
8025	15.1	0.0	0.796
8026	14.5	0.0	0.834
8027	14.2	0.0	0.796
8028	14.2	0.0	0.772
8029	13.8	0.0	0.715
8030	13.6	0.0	0.628
8031	13.4	0.0	0.572
8032	13.0	0.0	0.534
8033	13.1	0.0	0.555
8034	13.2	0.0	0.689
8035	13.2	0.0	0.768
8036	13.5	0.0	0.951
8037	14.2	0.0	0.977
8038	14.7	0.0	0.911
8039	14.8	0.0	0.548
8040	14.7	0.0	0.343
8041	12.4	0.0	0.238
8042	12.3	0.0	0.128
8043	11.9	0.0	0.050
8044	11.8	0.0	0.036
8045	11.5	0.0	0.109
8046	11.7	0.0	0.274
8047	11.3	0.0	0.741
8048	13.6	0.0	0.793
8049	13.7	0.0	0.796
8050	13.9	0.0	0.834
8051	13.4	0.0	0.796
8052	13.0	0.0	0.772
8053	12.5	0.0	0.715
8054	12.4	0.0	0.628
8055	12.1	0.0	0.572
8056	12.2	0.0	0.534
8057	11.9	0.0	0.555
8058	11.8	0.0	0.689
8059	11.9	0.0	0.768
8060	12.2	0.0	0.951
8061	12.1	0.0	0.977
8062	12.1	0.0	0.911
8063	12.3	0.0	0.548
8064	12.3	0.0	0.343
8065	9.6	0.0	0.238
8066	9.6	0.0	0.128
8067	9.5	0.0	0.050
8068	9.6	0.0	0.036
8069	9.5	0.0	0.109
8070	9.5	0.0	0.274
8071	9.2	0.0	0.741
8072	11.7	0.0	0.793
8073	11.5	0.0	0.796
8074	11.2	0.0	0.834
8075	10.4	0.0	0.796
8076	10.2	0.0	0.772
8077	9.9	0.0	0.715
8078	10.1	0.0	0.628
8079	10.1	0.0	0.572
8080	10.3	0.0	0.534
8081	10.5	0.0	0.555
8082	10.6	0.0	0.689
8083	10.9	0.0	0.768
8084	11.3	0.0	0.951
8085	10.9	0.0	0.977
8086	11.1	0.0	0.911
8087	11.0	0.0	0.548
8088	11.2	0.0	0.343
8089	9.0	0.0	0.238
8090	9.1	0.0	0.128
8091	9.6	0.0	0.050
8092	9.5	0.0	0.036
8093	10.0	0.0	0.109
8094	10.2	0.0	0.274
8095	9.7	0.0	0.741
8096	12.0	0.0	0.793
8097	12.0	0.0	0.796
8098	12.0	0.0	0.834
8099	11.3	0.0	0.796
8100	11.4	0.0	0.772
8101	11.1	0.0	0.715
8102	11.2	0.0	0.628
8103	11.8	0.0	0.572
8104	12.0	0.0	0.534
8105	12.2	0.0	0.555
8106	12.7	0.0	0.689
8107	13.1	0.0	0.768
8108	13.1	0.0	0.951
8109	13.6	0.0	0.977
8110	13.6	0.0	0.911
8111	13.6	0.0	0.548
8112	14.1	0.0	0.343
8113	11.4	0.0	0.238
8114	11.0	0.0	0.128
8115	10.7	0.0	0.050
8116	10.0	0.0	0.036
8117	10.0	0.0	0.109
8118	10.2	0.0	0.274
8119	9.7	0.0	0.741
8120	11.9	0.0	0.793
8121	11.7	0.0	0.796
8122	11.3	0.0	0.834
8123	10.9	0.0	0.796
8124	10.4	0.0	0.772
8125	10.2	0.0	0.715
8126	9.4	0.0	0.628
8127	9.3	0.0	0.572
8128	9.3	0.0	0.534
8129	9.2	0.0	0.555
8130	9.0	0.0	0.689
8131	9.2	0.0	0.768
8132	9.0	0.0	0.951
8133	8.8	0.0	0.977
8134	8.3	0.0	0.911
8135	8.1	0.0	0.548
8136	8.2	0.0	0.343
8137	5.5	0.0	0.238
8138	5.3	0.0	0.128
8139	5.2	0.0	0.050
8140	5.5	0.0	0.036
8141	5.6	0.0	0.109
8142	5.3	0.0	0.274
8143	5.3	0.0	0.741
8144	7.7	0.0	0.793
8145	7.4	0.0	0.796
8146	7.1	0.0	0.834
8147	6.8	0.0	0.796
8148	6.9	0.0	0.772
8149	6.5	0.0	0.715
8150	6.1	0.0	0.628
8151	5.6	0.0	0.572
8152	5.7	0.0	0.534
8153	6.0	0.0	0.555
8154	6.1	0.0	0.689
8155	5.7	0.0	0.768
8156	6.0	0.0	0.951
8157	6.5	0.0	0.977
8158	6.9	0.0	0.911
8159	7.2	0.0	0.548
8160	7.3	0.0	0.343
8161	4.7	0.0	0.238
8162	5.1	0.0	0.128
8163	5.5	0.0	0.050
8164	5.7	0.0	0.036
8165	5.9	0.0	0.109
8166	6.1	0.0	0.274
8167	6.0	0.0	0.741
8168	8.5	0.0	0.793
8169	8.3	0.0	0.796
8170	8.2	0.0	0.834
8171	7.9	0.0	0.796
8172	7.8	0.0	0.772
8173	7.5	0.0	0.715
8174	7.8	0.0	0.628
8175	7.5	0.0	0.572
8176	7.7	0.0	0.534
8177	7.8	0.0	0.555
8178	8.2	0.0	0.689
8179	8.4	0.0	0.768
8180	8.8	0.0	0.951
8181	9.1	0.0	0.977
8182	9.1	0.0	0.911
8183	9.3	0.0	0.548
8184	9.3	0.0	0.343
8185	7.1	0.0	0.238
8186	7.4	0.0	0.128
8187	7.7	0.0	0.050
8188	8.0	0.0	0.036
8189	9.0	0.0	0.109
8190	9.6	0.0	0.274
8191	9.9	0.0	0.741
8192	12.0	0.0	0.793
8193	11.3	0.0	0.796
8194	11.3	0.0	0.834
8195	11.0	0.0	0.796
8196	10.7	0.0	0.772
8197	11.0	0.0	0.715
8198	10.8	0.0	0.628
8199	11.1	0.0	0.572
8200	11.8	0.0	0.534
8201	12.2	0.0	0.555
8202	13.0	0.0	0.689
8203	13.8	0.0	0.768
8204	14.5	0.0	0.951
8205	14.8	0.0	0.977
8206	15.8	0.0	0.911
8207	16.4	0.0	0.548
8208	17.0	0.0	0.343
8209	14.7	0.0	0.238
8210	14.7	0.0	0.128
8211	15.0	0.0	0.050
8212	15.3	0.0	0.036
8213	15.1	0.0	0.109
8214	14.7	0.0	0.274
8215	15.1	0.0	0.741
8216	17.4	0.0	0.793
8217	17.3	0.0	0.796
8218	16.9	0.0	0.834
8219	16.4	0.0	0.796
8220	16.2	0.0	0.772
8221	16.1	0.0	0.715
8222	15.4	0.0	0.628
8223	15.1	0.0	0.572
8224	15.0	0.0	0.534
8225	15.3	0.0	0.555
8226	15.2	0.0	0.689
8227	15.2	0.0	0.768
8228	15.6	0.0	0.951
8229	15.7	0.0	0.977
8230	15.9	0.0	0.911
8231	15.9	0.0	0.548
8232	15.9	0.0	0.343
8233	13.8	0.0	0.238
8234	13.9	0.0	0.128
8235	13.9	0.0	0.050
8236	14.0	0.0	0.036
8237	14.2	0.0	0.109
8238	14.3	0.0	0.274
8239	14.4	0.0	0.741
8240	16.6	0.0	0.793
8241	16.8	0.0	0.796
8242	16.6	0.0	0.834
8243	16.8	0.0	0.796
8244	16.3	0.0	0.772
8245	16.6	0.0	0.715
8246	16.5	0.0	0.628
8247	16.3	0.0	0.572
8248	16.3	0.0	0.534
8249	16.6	0.0	0.555
8250	16.6	0.0	0.689
8251	16.7	0.0	0.768
8252	17.3	0.0	0.951
8253	16.8	0.0	0.977
8254	16.9	0.0	0.911
8255	17.1	0.0	0.548
8256	16.9	0.0	0.343
8257	14.7	0.0	0.238
8258	14.9	0.0	0.128
8259	14.7	0.0	0.050
8260	14.9	0.0	0.036
8261	15.2	0.0	0.109
8262	15.1	0.0	0.274
8263	14.9	0.0	0.741
8264	17.1	0.0	0.793
8265	16.6	0.0	0.796
8266	16.1	0.0	0.834
8267	15.7	0.0	0.796
8268	15.5	0.0	0.772
8269	15.0	0.0	0.715
8270	14.8	0.0	0.628
8271	14.5	0.0	0.572
8272	14.5	0.0	0.534
8273	15.0	0.0	0.555
8274	14.9	0.0	0.689
8275	14.8	0.0	0.768
8276	14.4	0.0	0.951
8277	14.6	0.0	0.977
8278	14.9	0.0	0.911
8279	14.8	0.0	0.548
8280	15.0	0.0	0.343
8281	12.7	0.0	0.238
8282	12.3	0.0	0.128
8283	12.0	0.0	0.050
8284	12.0	0.0	0.036
8285	12.0	0.0	0.109
8286	12.0	0.0	0.274
8287	12.1	0.0	0.741
8288	14.6	0.0	0.793
8289	14.9	0.0	0.796
8290	14.7	0.0	0.834
8291	14.2	0.0	0.796
8292	14.2	0.0	0.772
8293	13.9	0.0	0.715
8294	14.0	0.0	0.628
8295	13.7	0.0	0.572
8296	13.5	0.0	0.534
8297	13.5	0.0	0.555
8298	13.8	0.0	0.689
8299	13.7	0.0	0.768
8300	13.9	0.0	0.951
8301	14.0	0.0	0.977
8302	14.3	0.0	0.911
8303	14.1	0.0	0.548
8304	14.2	0.0	0.343
8305	11.9	0.0	0.238
8306	12.1	0.0	0.128
8307	12.4	0.0	0.050
8308	12.5	0.0	0.036
8309	12.7	0.0	0.109
8310	12.3	0.0	0.274
8311	11.9	0.0	0.741
8312	13.9	0.0	0.793
8313	14.1	0.0	0.796
8314	13.6	0.0	0.834
8315	12.9	0.0	0.796
8316	12.3	0.0	0.772
8317	11.7	0.0	0.715
8318	11.1	0.0	0.628
8319	10.9	0.0	0.572
8320	11.0	0.0	0.534
8321	11.3	0.0	0.555
8322	11.6	0.0	0.689
8323	11.7	0.0	0.768
8324	11.8	0.0	0.951
8325	12.2	0.0	0.977
8326	12.4	0.0	0.911
8327	12.3	0.0	0.548
8328	12.3	0.0	0.343
8329	9.9	0.0	0.238
8330	9.9	0.0	0.128
8331	9.4	0.0	0.050
8332	9.3	0.0	0.036
8333	9.8	0.0	0.109
8334	10.0	0.0	0.274
8335	10.4	0.0	0.741
8336	12.7	0.0	0.793
8337	12.4	0.0	0.796
8338	11.9	0.0	0.834
8339	11.4	0.0	0.796
8340	11.0	0.0	0.772
8341	10.5	0.0	0.715
8342	10.2	0.0	0.628
8343	10.0	0.0	0.572
8344	10.0	0.0	0.534
8345	10.4	0.0	0.555
8346	10.7	0.0	0.689
8347	10.8	0.0	0.768
8348	11.2	0.0	0.951
8349	11.0	0.0	0.977
8350	11.1	0.0	0.911
8351	11.1	0.0	0.548
8352	11.2	0.0	0.343
8353	8.6	0.0	0.238
8354	8.7	0.0	0.128
8355	8.6	0.0	0.050
8356	8.6	0.0	0.036
8357	8.3	0.0	0.109
8358	8.4	0.0	0.274
8359	9.1	0.0	0.741
8360	11.5	0.0	0.793
8361	11.0	0.0	0.796
8362	10.3	0.0	0.834
8363	10.1	0.0	0.796
8364	9.3	0.0	0.772
8365	8.9	0.0	0.715
8366	8.8	0.0	0.628
8367	8.6	0.0	0.572
8368	8.9	0.0	0.534
8369	9.4	0.0	0.555
8370	9.6	0.0	0.689
8371	9.9	0.0	0.768
8372	10.0	0.0	0.951
8373	10.6	0.0	0.977
8374	11.2	0.0	0.911
8375	11.5	0.0	0.548
8376	11.7	0.0	0.343
8377	9.5	0.0	0.238
8378	9.7	0.0	0.128
8379	9.4	0.0	0.050
8380	9.4	0.0	0.036
8381	9.7	0.0	0.109
8382	9.9	0.0	0.274
8383	9.9	0.0	0.741
8384	12.5	0.0	0.793
8385	12.6	0.0	0.796
8386	12.1	0.0	0.834
8387	11.9	0.0	0.796
8388	11.4	0.0	0.772
8389	11.2	0.0	0.715
8390	10.4	0.0	0.628
8391	10.2	0.0	0.572
8392	10.2	0.0	0.534
8393	10.5	0.0	0.555
8394	10.4	0.0	0.689
8395	10.8	0.0	0.768
8396	10.4	0.0	0.951
8397	10.3	0.0	0.977
8398	10.2	0.0	0.911
8399	10.3	0.0	0.548
8400	10.1	0.0	0.343
8401	7.8	0.0	0.238
8402	7.8	0.0	0.128
8403	8.0	0.0	0.050
8404	7.5	0.0	0.036
8405	7.7	0.0	0.109
8406	7.6	0.0	0.274
8407	7.7	0.0	0.741
8408	10.3	0.0	0.793
8409	10.1	0.0	0.796
8410	9.6	0.0	0.834
8411	9.2	0.0	0.796
8412	8.9	0.0	0.772
8413	8.8	0.0	0.715
8414	8.7	0.0	0.628
8415	8.5	0.0	0.572
8416	8.2	0.0	0.534
8417	8.4	0.0	0.555
8418	8.7	0.0	0.689
8419	8.6	0.0	0.768
8420	8.9	0.0	0.951
8421	8.7	0.0	0.977
8422	8.8	0.0	0.911
8423	8.8	0.0	0.548
8424	9.2	0.0	0.343
8425	6.3	0.0	0.238
8426	6.2	0.0	0.128
8427	6.6	0.0	0.050
8428	6.5	0.0	0.036
8429	6.8	0.0	0.109
8430	6.9	0.0	0.274
8431	6.6	0.0	0.741
8432	9.0	0.0	0.793
8433	8.7	0.0	0.796
8434	8.2	0.0	0.834
8435	7.8	0.0	0.796
8436	7.7	0.0	0.772
8437	7.5	0.0	0.715
8438	7.3	0.0	0.628
8439	7.2	0.0	0.572
8440	7.1	0.0	0.534
8441	7.2	0.0	0.555
8442	7.7	0.0	0.689
8443	7.9	0.0	0.768
8444	8.0	0.0	0.951
8445	8.3	0.0	0.977
8446	8.0	0.0	0.911
8447	7.7	0.0	0.548
8448	7.3	0.0	0.343
8449	5.1	0.0	0.238
8450	5.6	0.0	0.128
8451	5.5	0.0	0.050
8452	6.1	0.0	0.036
8453	5.9	0.0	0.109
8454	5.7	0.0	0.274
8455	5.8	0.0	0.741
8456	8.1	0.0	0.793
8457	8.1	0.0	0.796
8458	7.6	0.0	0.834
8459	6.9	0.0	0.796
8460	6.6	0.0	0.772
8461	6.1	0.0	0.715
8462	5.7	0.0	0.628
8463	5.4	0.0	0.572
8464	5.9	0.0	0.534
8465	6.4	0.0	0.555
8466	6.6	0.0	0.689
8467	6.8	0.0	0.768
8468	7.1	0.0	0.951
8469	7.1	0.0	0.977
8470	7.3	0.0	0.911
8471	7.4	0.0	0.548
8472	7.6	0.0	0.343
8473	5.5	0.0	0.238
8474	6.2	0.0	0.128
8475	6.1	0.0	0.050
8476	6.2	0.0	0.036
8477	6.4	0.0	0.109
8478	6.7	0.0	0.274
8479	7.1	0.0	0.741
8480	9.4	0.0	0.793
8481	9.5	0.0	0.796
8482	9.3	0.0	0.834
8483	9.1	0.0	0.796
8484	8.9	0.0	0.772
8485	8.6	0.0	0.715
8486	8.7	0.0	0.628
8487	8.7	0.0	0.572
8488	8.8	0.0	0.534
8489	9.3	0.0	0.555
8490	9.6	0.0	0.689
8491	9.9	0.0	0.768
8492	10.4	0.0	0.951
8493	10.7	0.0	0.977
8494	11.3	0.0	0.911
8495	11.4	0.0	0.548
8496	11.7	0.0	0.343
8497	9.3	0.0	0.238
8498	9.3	0.0	0.128
8499	9.3	0.0	0.050
8500	9.0	0.0	0.036
8501	9.3	0.0	0.109
8502	9.5	0.0	0.274
8503	9.2	0.0	0.741
8504	11.8	0.0	0.793
8505	11.8	0.0	0.796
8506	11.4	0.0	0.834
8507	10.5	0.0	0.796
8508	10.2	0.0	0.772
8509	10.0	0.0	0.715
8510	9.6	0.0	0.628
8511	9.6	0.0	0.572
8512	9.3	0.0	0.534
8513	9.6	0.0	0.555
8514	10.0	0.0	0.689
8515	9.8	0.0	0.768
8516	10.0	0.0	0.951
8517	9.7	0.0	0.977
8518	9.3	0.0	0.911
8519	9.3	0.0	0.548
8520	9.0	0.0	0.343
8521	6.9	0.0	0.238
8522	7.0	0.0	0.128
8523	7.1	0.0	0.050
8524	7.1	0.0	0.036
8525	7.3	0.0	0.109
8526	7.1	0.0	0.274
8527	7.1	0.0	0.741
8528	9.7	0.0	0.793
8529	9.4	0.0	0.796
8530	8.6	0.0	0.834
8531	8.7	0.0	0.796
8532	8.6	0.0	0.772
8533	8.4	0.0	0.715
8534	8.8	0.0	0.628
8535	8.7	0.0	0.572
8536	9.1	0.0	0.534
8537	9.0	0.0	0.555
8538	9.3	0.0	0.689
8539	9.1	0.0	0.768
8540	9.2	0.0	0.951
8541	9.4	0.0	0.977
8542	9.3	0.0	0.911
8543	9.3	0.0	0.548
8544	9.6	0.0	0.343
8545	7.5	0.0	0.238
8546	7.9	0.0	0.128
8547	7.9	0.0	0.050
8548	8.1	0.0	0.036
8549	8.2	0.0	0.109
8550	8.6	0.0	0.274
8551	8.7	0.0	0.741
8552	11.1	0.0	0.793
8553	10.9	0.0	0.796
8554	10.4	0.0	0.834
8555	9.7	0.0	0.796
8556	9.4	0.0	0.772
8557	9.2	0.0	0.715
8558	8.9	0.0	0.628
8559	9.6	0.0	0.572
8560	10.1	0.0	0.534
8561	10.5	0.0	0.555
8562	10.9	0.0	0.689
8563	10.6	0.0	0.768
8564	10.8	0.0	0.951
8565	10.6	0.0	0.977
8566	11.1	0.0	0.911
8567	11.1	0.0	0.548
8568	11.2	0.0	0.343
8569	8.9	0.0	0.238
8570	9.0	0.0	0.128
8571	9.1	0.0	0.050
8572	9.3	0.0	0.036
8573	9.1	0.0	0.109
8574	9.4	0.0	0.274
8575	9.6	0.0	0.741
8576	12.0	0.0	0.793
8577	11.6	0.0	0.796
8578	11.3	0.0	0.834
8579	10.7	0.0	0.796
8580	9.8	0.0	0.772
8581	9.3	0.0	0.715
8582	9.0	0.0	0.628
8583	8.5	0.0	0.572
8584	8.6	0.0	0.534
8585	9.0	0.0	0.555
8586	9.3	0.0	0.689
8587	9.7	0.0	0.768
8588	10.6	0.0	0.951
8589	10.3	0.0	0.977
8590	10.1	0.0	0.911
8591	10.4	0.0	0.548
8592	10.5	0.0	0.343
8593	8.2	0.0	0.238
8594	7.8	0.0	0.128
8595	7.7	0.0	0.050
8596	7.5	0.0	0.036
8597	7.4	0.0	0.109
8598	7.1	0.0	0.274
8599	7.1	0.0	0.741
8600	9.3	0.0	0.793
8601	8.9	0.0	0.796
8602	8.8	0.0	0.834
8603	8.2	0.0	0.796
8604	7.4	0.0	0.772
8605	7.2	0.0	0.715
8606	6.7	0.0	0.628
8607	6.7	0.0	0.572
8608	6.9	0.0	0.534
8609	7.3	0.0	0.555
8610	7.9	0.0	0.689
8611	8.1	0.0	0.768
8612	7.9	0.0	0.951
8613	7.7	0.0	0.977
8614	7.7	0.0	0.911
8615	8.0	0.0	0.548
8616	8.1	0.0	0.343
8617	6.0	0.0	0.238
8618	5.7	0.0	0.128
8619	5.5	0.0	0.050
8620	5.7	0.0	0.036
8621	5.9	0.0	0.109
8622	6.0	0.0	0.274
8623	5.8	0.0	0.741
8624	8.2	0.0	0.793
8625	8.2	0.0	0.796
8626	7.6	0.0	0.834
8627	6.8	0.0	0.796
8628	6.4	0.0	0.772
8629	6.0	0.0	0.715
8630	5.8	0.0	0.628
8631	5.5	0.0	0.572
8632	5.9	0.0	0.534
8633	6.2	0.0	0.555
8634	6.8	0.0	0.689
8635	7.2	0.0	0.768
8636	7.3	0.0	0.951
8637	7.7	0.0	0.977
8638	8.0	0.0	0.911
8639	8.4	0.0	0.548
8640	8.8	0.0	0.343
8641	6.8	0.0	0.238
8642	6.8	0.0	0.128
8643	6.7	0.0	0.050
8644	6.7	0.0	0.036
8645	6.5	0.0	0.109
8646	6.8	0.0	0.274
8647	6.9	0.0	0.741
8648	9.4	0.0	0.793
8649	9.2	0.0	0.796
8650	8.8	0.0	0.834
8651	8.3	0.0	0.796
8652	7.5	0.0	0.772
8653	7.2	0.0	0.715
8654	6.9	0.0	0.628
8655	6.5	0.0	0.572
8656	6.3	0.0	0.534
8657	6.7	0.0	0.555
8658	7.0	0.0	0.689
8659	7.0	0.0	0.768
8660	6.7	0.0	0.951
8661	6.9	0.0	0.977
8662	7.0	0.0	0.911
8663	7.0	0.0	0.548
8664	7.3	0.0	0.343
8665	4.9	0.0	0.238
8666	4.7	0.0	0.128
8667	4.3	0.0	0.050
8668	4.2	0.0	0.036
8669	4.1	0.0	0.109
8670	4.1	0.0	0.274
8671	4.1	0.0	0.741
8672	6.6	0.0	0.793
8673	6.6	0.0	0.796
8674	6.6	0.0	0.834
8675	6.1	0.0	0.796
8676	5.8	0.0	0.772
8677	5.6	0.0	0.715
8678	5.2	0.0	0.628
8679	5.3	0.0	0.572
8680	5.3	0.0	0.534
8681	5.1	0.0	0.555
8682	4.7	0.0	0.689
8683	4.7	0.0	0.768
8684	4.6	0.0	0.951
8685	4.3	0.0	0.977
8686	4.3	0.0	0.911
8687	4.2	0.0	0.548
8688	4.2	0.0	0.343
8689	1.8	0.0	0.238
8690	1.9	0.0	0.128
8691	2.2	0.0	0.050
8692	1.8	0.0	0.036
8693	2.2	0.0	0.109
8694	2.4	0.0	0.274
8695	2.2	0.0	0.741
8696	4.7	0.0	0.793
8697	4.6	0.0	0.796
8698	4.8	0.0	0.834
8699	4.5	0.0	0.796
8700	4.8	0.0	0.772
8701	4.8	0.0	0.715
8702	5.0	0.0	0.628
8703	5.6	0.0	0.572
8704	6.2	0.0	0.534
8705	6.5	0.0	0.555
8706	6.9	0.0	0.689
8707	7.1	0.0	0.768
8708	7.2	0.0	0.951
8709	7.1	0.0	0.977
8710	7.4	0.0	0.911
8711	7.6	0.0	0.548
8712	7.4	0.0	0.343
8713	5.3	0.0	0.238
8714	5.8	0.0	0.128
8715	5.8	0.0	0.050
8716	6.3	0.0	0.036
8717	6.5	0.0	0.109
8718	7.0	0.0	0.274
8719	7.4	0.0	0.741
8720	9.8	0.0	0.793
8721	9.9	0.0	0.796
8722	9.8	0.0	0.834
8723	10.3	0.0	0.796
8724	9.7	0.0	0.772
8725	9.3	0.0	0.715
8726	9.3	0.0	0.628
8727	9.3	0.0	0.572
8728	9.7	0.0	0.534
8729	9.9	0.0	0.555
8730	10.6	0.0	0.689
8731	10.8	0.0	0.768
8732	10.6	0.0	0.951
8733	11.0	0.0	0.977
8734	11.5	0.0	0.911
8735	11.7	0.0	0.548
8736	12.1	0.0	0.343
8737	9.9	0.0	0.238
8738	10.1	0.0	0.128
8739	10.4	0.0	0.050
8740	10.5	0.0	0.036
8741	10.7	0.0	0.109
8742	10.7	0.0	0.274
8743	10.9	0.0	0.741
8744	13.2	0.0	0.793
8745	13.8	0.0	0.796
8746	13.4	0.0	0.834
8747	13.2	0.0	0.796
8748	13.2	0.0	0.772
8749	13.3	0.0	0.715
8750	13.2	0.0	0.628
8751	13.3	0.0	0.572
8752	13.4	0.0	0.534
8753	13.2	0.0	0.555
8754	13.4	0.0	0.689
8755	13.9	0.0	0.768
8756	14.3	0.0	0.951
8757	14.9	0.0	0.977
8758	15.6	0.0	0.911
8759	16.0	0.0	0.548
8760	16.2	0.0	0.343
