# HOY	Heat Demand	Load duration curve	Dhw Demand
# [h]	[kWh / h]	[kWh / h]	[kWh / h]
1	0.2	0.3	0.002
2	0.2	0.3	0.001
3	0.2	0.3	0.000
4	0.2	0.3	0.000
5	0.2	0.3	0.001
6	0.2	0.3	0.002
7	0.2	0.3	0.006
8	0.2	0.3	0.007
9	0.2	0.3	0.007
10	0.2	0.3	0.007
11	0.2	0.3	0.007
12	0.2	0.3	0.006
13	0.2	0.3	0.006
14	0.2	0.3	0.005
15	0.2	0.3	0.005
16	0.2	0.3	0.004
17	0.2	0.3	0.005
18	0.2	0.3	0.006
19	0.2	0.3	0.006
20	0.2	0.3	0.008
21	0.2	0.3	0.008
22	0.2	0.3	0.008
23	0.2	0.3	0.005
24	0.3	0.3	0.003
25	0.2	0.3	0.002
26	0.2	0.3	0.001
27	0.2	0.3	0.000
28	0.2	0.3	0.000
29	0.2	0.3	0.001
30	0.2	0.3	0.002
31	0.2	0.3	0.006
32	0.3	0.3	0.007
33	0.3	0.3	0.007
34	0.2	0.3	0.007
35	0.2	0.3	0.007
36	0.2	0.3	0.006
37	0.2	0.3	0.006
38	0.2	0.3	0.005
39	0.2	0.3	0.005
40	0.2	0.3	0.004
41	0.2	0.3	0.005
42	0.2	0.3	0.006
43	0.2	0.3	0.006
44	0.2	0.3	0.008
45	0.2	0.3	0.008
46	0.2	0.3	0.008
47	0.2	0.3	0.005
48	0.2	0.3	0.003
49	0.2	0.3	0.002
50	0.2	0.3	0.001
51	0.2	0.3	0.000
52	0.2	0.3	0.000
53	0.2	0.3	0.001
54	0.2	0.3	0.002
55	0.2	0.3	0.006
56	0.3	0.3	0.007
57	0.3	0.3	0.007
58	0.3	0.3	0.007
59	0.2	0.3	0.007
60	0.2	0.3	0.006
61	0.2	0.3	0.006
62	0.2	0.3	0.005
63	0.2	0.3	0.005
64	0.2	0.3	0.004
65	0.2	0.3	0.005
66	0.2	0.3	0.006
67	0.2	0.3	0.006
68	0.2	0.3	0.008
69	0.3	0.3	0.008
70	0.3	0.3	0.008
71	0.3	0.2	0.005
72	0.3	0.2	0.003
73	0.2	0.2	0.002
74	0.2	0.2	0.001
75	0.2	0.2	0.000
76	0.2	0.2	0.000
77	0.2	0.2	0.001
78	0.2	0.2	0.002
79	0.2	0.2	0.006
80	0.3	0.2	0.007
81	0.2	0.2	0.007
82	0.2	0.2	0.007
83	0.2	0.2	0.007
84	0.2	0.2	0.006
85	0.2	0.2	0.006
86	0.2	0.2	0.005
87	0.2	0.2	0.005
88	0.2	0.2	0.004
89	0.2	0.2	0.005
90	0.2	0.2	0.006
91	0.2	0.2	0.006
92	0.2	0.2	0.008
93	0.2	0.2	0.008
94	0.2	0.2	0.008
95	0.2	0.2	0.005
96	0.2	0.2	0.003
97	0.1	0.2	0.002
98	0.1	0.2	0.001
99	0.2	0.2	0.000
100	0.2	0.2	0.000
101	0.2	0.2	0.001
102	0.2	0.2	0.002
103	0.2	0.2	0.006
104	0.2	0.2	0.007
105	0.2	0.2	0.007
106	0.2	0.2	0.007
107	0.2	0.2	0.007
108	0.2	0.2	0.006
109	0.2	0.2	0.006
110	0.2	0.2	0.005
111	0.2	0.2	0.005
112	0.2	0.2	0.004
113	0.3	0.2	0.005
114	0.3	0.2	0.006
115	0.3	0.2	0.006
116	0.3	0.2	0.008
117	0.3	0.2	0.008
118	0.3	0.2	0.008
119	0.3	0.2	0.005
120	0.3	0.2	0.003
121	0.3	0.2	0.002
122	0.3	0.2	0.001
123	0.3	0.2	0.000
124	0.3	0.2	0.000
125	0.2	0.2	0.001
126	0.2	0.2	0.002
127	0.2	0.2	0.006
128	0.3	0.2	0.007
129	0.3	0.2	0.007
130	0.3	0.2	0.007
131	0.2	0.2	0.007
132	0.2	0.2	0.006
133	0.2	0.2	0.006
134	0.2	0.2	0.005
135	0.2	0.2	0.005
136	0.2	0.2	0.004
137	0.2	0.2	0.005
138	0.2	0.2	0.006
139	0.2	0.2	0.006
140	0.2	0.2	0.008
141	0.2	0.2	0.008
142	0.2	0.2	0.008
143	0.2	0.2	0.005
144	0.2	0.2	0.003
145	0.1	0.2	0.002
146	0.1	0.2	0.001
147	0.1	0.2	0.000
148	0.1	0.2	0.000
149	0.2	0.2	0.001
150	0.1	0.2	0.002
151	0.1	0.2	0.006
152	0.2	0.2	0.007
153	0.2	0.2	0.007
154	0.2	0.2	0.007
155	0.2	0.2	0.007
156	0.2	0.2	0.006
157	0.2	0.2	0.006
158	0.1	0.2	0.005
159	0.1	0.2	0.005
160	0.1	0.2	0.004
161	0.2	0.2	0.005
162	0.2	0.2	0.006
163	0.2	0.2	0.006
164	0.2	0.2	0.008
165	0.2	0.2	0.008
166	0.2	0.2	0.008
167	0.2	0.2	0.005
168	0.2	0.2	0.003
169	0.2	0.2	0.002
170	0.2	0.2	0.001
171	0.2	0.2	0.000
172	0.2	0.2	0.000
173	0.2	0.2	0.001
174	0.1	0.2	0.002
175	0.1	0.2	0.006
176	0.2	0.2	0.007
177	0.2	0.2	0.007
178	0.2	0.2	0.007
179	0.2	0.2	0.007
180	0.2	0.2	0.006
181	0.2	0.2	0.006
182	0.2	0.2	0.005
183	0.2	0.2	0.005
184	0.2	0.2	0.004
185	0.2	0.2	0.005
186	0.2	0.2	0.006
187	0.2	0.2	0.006
188	0.2	0.2	0.008
189	0.2	0.2	0.008
190	0.2	0.2	0.008
191	0.1	0.2	0.005
192	0.1	0.2	0.003
193	0.1	0.2	0.002
194	0.1	0.2	0.001
195	0.1	0.2	0.000
196	0.1	0.2	0.000
197	0.1	0.2	0.001
198	0.1	0.2	0.002
199	0.1	0.2	0.006
200	0.1	0.2	0.007
201	0.1	0.2	0.007
202	0.1	0.2	0.007
203	0.1	0.2	0.007
204	0.1	0.2	0.006
205	0.1	0.2	0.006
206	0.1	0.2	0.005
207	0.1	0.2	0.005
208	0.1	0.2	0.004
209	0.1	0.2	0.005
210	0.1	0.2	0.006
211	0.1	0.2	0.006
212	0.1	0.2	0.008
213	0.1	0.2	0.008
214	0.1	0.2	0.008
215	0.1	0.2	0.005
216	0.1	0.2	0.003
217	0.1	0.2	0.002
218	0.1	0.2	0.001
219	0.1	0.2	0.000
220	0.1	0.2	0.000
221	0.1	0.2	0.001
222	0.1	0.2	0.002
223	0.1	0.2	0.006
224	0.1	0.2	0.007
225	0.1	0.2	0.007
226	0.1	0.2	0.007
227	0.1	0.2	0.007
228	0.1	0.2	0.006
229	0.1	0.2	0.006
230	0.1	0.2	0.005
231	0.1	0.2	0.005
232	0.1	0.2	0.004
233	0.1	0.2	0.005
234	0.2	0.2	0.006
235	0.2	0.2	0.006
236	0.2	0.2	0.008
237	0.2	0.2	0.008
238	0.2	0.2	0.008
239	0.2	0.2	0.005
240	0.2	0.2	0.003
241	0.2	0.2	0.002
242	0.2	0.2	0.001
243	0.2	0.2	0.000
244	0.2	0.2	0.000
245	0.2	0.2	0.001
246	0.2	0.2	0.002
247	0.2	0.2	0.006
248	0.2	0.2	0.007
249	0.2	0.2	0.007
250	0.2	0.2	0.007
251	0.2	0.2	0.007
252	0.2	0.2	0.006
253	0.2	0.2	0.006
254	0.2	0.2	0.005
255	0.2	0.2	0.005
256	0.2	0.2	0.004
257	0.2	0.2	0.005
258	0.2	0.2	0.006
259	0.2	0.2	0.006
260	0.2	0.2	0.008
261	0.2	0.2	0.008
262	0.2	0.2	0.008
263	0.2	0.2	0.005
264	0.2	0.2	0.003
265	0.2	0.2	0.002
266	0.2	0.2	0.001
267	0.2	0.2	0.000
268	0.2	0.2	0.000
269	0.2	0.2	0.001
270	0.2	0.2	0.002
271	0.2	0.2	0.006
272	0.2	0.2	0.007
273	0.2	0.2	0.007
274	0.2	0.2	0.007
275	0.2	0.2	0.007
276	0.2	0.2	0.006
277	0.2	0.2	0.006
278	0.2	0.2	0.005
279	0.2	0.2	0.005
280	0.2	0.2	0.004
281	0.2	0.2	0.005
282	0.2	0.2	0.006
283	0.2	0.2	0.006
284	0.2	0.2	0.008
285	0.2	0.2	0.008
286	0.2	0.2	0.008
287	0.2	0.2	0.005
288	0.2	0.2	0.003
289	0.1	0.2	0.002
290	0.1	0.2	0.001
291	0.1	0.2	0.000
292	0.1	0.2	0.000
293	0.1	0.2	0.001
294	0.1	0.2	0.002
295	0.1	0.2	0.006
296	0.2	0.2	0.007
297	0.2	0.2	0.007
298	0.2	0.2	0.007
299	0.2	0.2	0.007
300	0.2	0.2	0.006
301	0.1	0.2	0.006
302	0.1	0.2	0.005
303	0.1	0.2	0.005
304	0.1	0.2	0.004
305	0.1	0.2	0.005
306	0.1	0.2	0.006
307	0.1	0.2	0.006
308	0.1	0.2	0.008
309	0.1	0.2	0.008
310	0.2	0.2	0.008
311	0.2	0.2	0.005
312	0.2	0.2	0.003
313	0.1	0.2	0.002
314	0.1	0.2	0.001
315	0.1	0.2	0.000
316	0.1	0.2	0.000
317	0.1	0.2	0.001
318	0.1	0.2	0.002
319	0.1	0.2	0.006
320	0.2	0.2	0.007
321	0.2	0.2	0.007
322	0.2	0.2	0.007
323	0.2	0.2	0.007
324	0.2	0.2	0.006
325	0.1	0.2	0.006
326	0.1	0.2	0.005
327	0.1	0.2	0.005
328	0.1	0.2	0.004
329	0.1	0.2	0.005
330	0.1	0.2	0.006
331	0.1	0.2	0.006
332	0.1	0.2	0.008
333	0.1	0.2	0.008
334	0.1	0.2	0.008
335	0.2	0.2	0.005
336	0.1	0.2	0.003
337	0.1	0.2	0.002
338	0.1	0.2	0.001
339	0.1	0.2	0.000
340	0.1	0.2	0.000
341	0.1	0.2	0.001
342	0.1	0.2	0.002
343	0.1	0.2	0.006
344	0.2	0.2	0.007
345	0.2	0.2	0.007
346	0.2	0.2	0.007
347	0.2	0.2	0.007
348	0.2	0.2	0.006
349	0.2	0.2	0.006
350	0.2	0.2	0.005
351	0.2	0.2	0.005
352	0.2	0.2	0.004
353	0.2	0.2	0.005
354	0.2	0.2	0.006
355	0.2	0.2	0.006
356	0.2	0.2	0.008
357	0.2	0.2	0.008
358	0.2	0.2	0.008
359	0.2	0.2	0.005
360	0.2	0.2	0.003
361	0.2	0.2	0.002
362	0.2	0.2	0.001
363	0.2	0.2	0.000
364	0.2	0.2	0.000
365	0.2	0.2	0.001
366	0.2	0.2	0.002
367	0.2	0.2	0.006
368	0.2	0.2	0.007
369	0.2	0.2	0.007
370	0.2	0.2	0.007
371	0.2	0.2	0.007
372	0.2	0.2	0.006
373	0.2	0.2	0.006
374	0.2	0.2	0.005
375	0.2	0.2	0.005
376	0.2	0.2	0.004
377	0.2	0.2	0.005
378	0.2	0.2	0.006
379	0.2	0.2	0.006
380	0.2	0.2	0.008
381	0.2	0.2	0.008
382	0.2	0.2	0.008
383	0.3	0.2	0.005
384	0.3	0.2	0.003
385	0.2	0.2	0.002
386	0.2	0.2	0.001
387	0.2	0.2	0.000
388	0.2	0.2	0.000
389	0.2	0.2	0.001
390	0.2	0.2	0.002
391	0.2	0.2	0.006
392	0.3	0.2	0.007
393	0.3	0.2	0.007
394	0.2	0.2	0.007
395	0.2	0.2	0.007
396	0.2	0.2	0.006
397	0.2	0.2	0.006
398	0.2	0.2	0.005
399	0.2	0.2	0.005
400	0.2	0.2	0.004
401	0.2	0.2	0.005
402	0.2	0.2	0.006
403	0.2	0.2	0.006
404	0.2	0.2	0.008
405	0.2	0.2	0.008
406	0.2	0.2	0.008
407	0.2	0.2	0.005
408	0.2	0.2	0.003
409	0.1	0.2	0.002
410	0.1	0.2	0.001
411	0.1	0.2	0.000
412	0.1	0.2	0.000
413	0.1	0.2	0.001
414	0.2	0.2	0.002
415	0.2	0.2	0.006
416	0.2	0.2	0.007
417	0.2	0.2	0.007
418	0.2	0.2	0.007
419	0.2	0.2	0.007
420	0.2	0.2	0.006
421	0.2	0.2	0.006
422	0.2	0.2	0.005
423	0.2	0.2	0.005
424	0.2	0.2	0.004
425	0.2	0.2	0.005
426	0.2	0.2	0.006
427	0.2	0.2	0.006
428	0.2	0.2	0.008
429	0.2	0.2	0.008
430	0.2	0.2	0.008
431	0.2	0.2	0.005
432	0.2	0.2	0.003
433	0.2	0.2	0.002
434	0.2	0.2	0.001
435	0.2	0.2	0.000
436	0.2	0.2	0.000
437	0.2	0.2	0.001
438	0.2	0.2	0.002
439	0.2	0.2	0.006
440	0.2	0.2	0.007
441	0.2	0.2	0.007
442	0.2	0.2	0.007
443	0.2	0.2	0.007
444	0.2	0.2	0.006
445	0.2	0.2	0.006
446	0.2	0.2	0.005
447	0.2	0.2	0.005
448	0.2	0.2	0.004
449	0.2	0.2	0.005
450	0.2	0.2	0.006
451	0.2	0.2	0.006
452	0.2	0.2	0.008
453	0.2	0.2	0.008
454	0.2	0.2	0.008
455	0.2	0.2	0.005
456	0.2	0.2	0.003
457	0.2	0.2	0.002
458	0.2	0.2	0.001
459	0.2	0.2	0.000
460	0.2	0.2	0.000
461	0.2	0.2	0.001
462	0.2	0.2	0.002
463	0.2	0.2	0.006
464	0.2	0.2	0.007
465	0.2	0.2	0.007
466	0.2	0.2	0.007
467	0.2	0.2	0.007
468	0.2	0.2	0.006
469	0.2	0.2	0.006
470	0.2	0.2	0.005
471	0.2	0.2	0.005
472	0.2	0.2	0.004
473	0.2	0.2	0.005
474	0.2	0.2	0.006
475	0.2	0.2	0.006
476	0.2	0.2	0.008
477	0.2	0.2	0.008
478	0.2	0.2	0.008
479	0.2	0.2	0.005
480	0.2	0.2	0.003
481	0.2	0.2	0.002
482	0.2	0.2	0.001
483	0.2	0.2	0.000
484	0.2	0.2	0.000
485	0.2	0.2	0.001
486	0.2	0.2	0.002
487	0.2	0.2	0.006
488	0.2	0.2	0.007
489	0.2	0.2	0.007
490	0.2	0.2	0.007
491	0.2	0.2	0.007
492	0.2	0.2	0.006
493	0.2	0.2	0.006
494	0.2	0.2	0.005
495	0.2	0.2	0.005
496	0.2	0.2	0.004
497	0.2	0.2	0.005
498	0.2	0.2	0.006
499	0.2	0.2	0.006
500	0.2	0.2	0.008
501	0.2	0.2	0.008
502	0.2	0.2	0.008
503	0.2	0.2	0.005
504	0.2	0.2	0.003
505	0.2	0.2	0.002
506	0.2	0.2	0.001
507	0.2	0.2	0.000
508	0.2	0.2	0.000
509	0.2	0.2	0.001
510	0.2	0.2	0.002
511	0.2	0.2	0.006
512	0.2	0.2	0.007
513	0.2	0.2	0.007
514	0.2	0.2	0.007
515	0.2	0.2	0.007
516	0.2	0.2	0.006
517	0.2	0.2	0.006
518	0.2	0.2	0.005
519	0.2	0.2	0.005
520	0.2	0.2	0.004
521	0.2	0.2	0.005
522	0.2	0.2	0.006
523	0.2	0.2	0.006
524	0.2	0.2	0.008
525	0.2	0.2	0.008
526	0.2	0.2	0.008
527	0.2	0.2	0.005
528	0.2	0.2	0.003
529	0.2	0.2	0.002
530	0.2	0.2	0.001
531	0.2	0.2	0.000
532	0.2	0.2	0.000
533	0.2	0.2	0.001
534	0.2	0.2	0.002
535	0.2	0.2	0.006
536	0.2	0.2	0.007
537	0.2	0.2	0.007
538	0.2	0.2	0.007
539	0.2	0.2	0.007
540	0.2	0.2	0.006
541	0.2	0.2	0.006
542	0.2	0.2	0.005
543	0.2	0.2	0.005
544	0.2	0.2	0.004
545	0.2	0.2	0.005
546	0.2	0.2	0.006
547	0.2	0.2	0.006
548	0.2	0.2	0.008
549	0.2	0.2	0.008
550	0.2	0.2	0.008
551	0.2	0.2	0.005
552	0.2	0.2	0.003
553	0.2	0.2	0.002
554	0.2	0.2	0.001
555	0.2	0.2	0.000
556	0.2	0.2	0.000
557	0.2	0.2	0.001
558	0.2	0.2	0.002
559	0.2	0.2	0.006
560	0.2	0.2	0.007
561	0.2	0.2	0.007
562	0.2	0.2	0.007
563	0.2	0.2	0.007
564	0.2	0.2	0.006
565	0.2	0.2	0.006
566	0.2	0.2	0.005
567	0.2	0.2	0.005
568	0.2	0.2	0.004
569	0.2	0.2	0.005
570	0.2	0.2	0.006
571	0.2	0.2	0.006
572	0.2	0.2	0.008
573	0.2	0.2	0.008
574	0.2	0.2	0.008
575	0.2	0.2	0.005
576	0.2	0.2	0.003
577	0.2	0.2	0.002
578	0.2	0.2	0.001
579	0.2	0.2	0.000
580	0.2	0.2	0.000
581	0.1	0.2	0.001
582	0.1	0.2	0.002
583	0.1	0.2	0.006
584	0.2	0.2	0.007
585	0.2	0.2	0.007
586	0.2	0.2	0.007
587	0.2	0.2	0.007
588	0.2	0.2	0.006
589	0.1	0.2	0.006
590	0.1	0.2	0.005
591	0.1	0.2	0.005
592	0.1	0.2	0.004
593	0.1	0.2	0.005
594	0.1	0.2	0.006
595	0.1	0.2	0.006
596	0.1	0.2	0.008
597	0.1	0.2	0.008
598	0.1	0.2	0.008
599	0.1	0.2	0.005
600	0.1	0.2	0.003
601	0.1	0.2	0.002
602	0.1	0.2	0.001
603	0.1	0.2	0.000
604	0.1	0.2	0.000
605	0.1	0.2	0.001
606	0.1	0.2	0.002
607	0.1	0.2	0.006
608	0.2	0.2	0.007
609	0.2	0.2	0.007
610	0.2	0.2	0.007
611	0.2	0.2	0.007
612	0.2	0.2	0.006
613	0.2	0.2	0.006
614	0.2	0.2	0.005
615	0.2	0.2	0.005
616	0.2	0.2	0.004
617	0.2	0.2	0.005
618	0.2	0.2	0.006
619	0.2	0.2	0.006
620	0.2	0.2	0.008
621	0.2	0.2	0.008
622	0.2	0.2	0.008
623	0.2	0.2	0.005
624	0.2	0.2	0.003
625	0.2	0.2	0.002
626	0.2	0.2	0.001
627	0.2	0.2	0.000
628	0.2	0.2	0.000
629	0.2	0.2	0.001
630	0.2	0.2	0.002
631	0.2	0.2	0.006
632	0.2	0.2	0.007
633	0.2	0.2	0.007
634	0.2	0.2	0.007
635	0.2	0.2	0.007
636	0.2	0.2	0.006
637	0.2	0.2	0.006
638	0.2	0.2	0.005
639	0.2	0.2	0.005
640	0.2	0.2	0.004
641	0.2	0.2	0.005
642	0.2	0.2	0.006
643	0.2	0.2	0.006
644	0.2	0.2	0.008
645	0.2	0.2	0.008
646	0.2	0.2	0.008
647	0.2	0.2	0.005
648	0.2	0.2	0.003
649	0.1	0.2	0.002
650	0.1	0.2	0.001
651	0.1	0.2	0.000
652	0.1	0.2	0.000
653	0.2	0.2	0.001
654	0.2	0.2	0.002
655	0.2	0.2	0.006
656	0.2	0.2	0.007
657	0.2	0.2	0.007
658	0.2	0.2	0.007
659	0.2	0.2	0.007
660	0.2	0.2	0.006
661	0.2	0.2	0.006
662	0.2	0.2	0.005
663	0.2	0.2	0.005
664	0.2	0.2	0.004
665	0.2	0.2	0.005
666	0.2	0.2	0.006
667	0.2	0.2	0.006
668	0.2	0.2	0.008
669	0.2	0.2	0.008
670	0.2	0.2	0.008
671	0.2	0.2	0.005
672	0.2	0.2	0.003
673	0.2	0.2	0.002
674	0.2	0.2	0.001
675	0.2	0.2	0.000
676	0.2	0.2	0.000
677	0.2	0.2	0.001
678	0.2	0.2	0.002
679	0.2	0.2	0.006
680	0.2	0.2	0.007
681	0.2	0.2	0.007
682	0.2	0.2	0.007
683	0.2	0.2	0.007
684	0.2	0.2	0.006
685	0.2	0.2	0.006
686	0.2	0.2	0.005
687	0.2	0.2	0.005
688	0.1	0.2	0.004
689	0.1	0.2	0.005
690	0.1	0.2	0.006
691	0.1	0.2	0.006
692	0.1	0.2	0.008
693	0.1	0.2	0.008
694	0.1	0.2	0.008
695	0.1	0.2	0.005
696	0.1	0.2	0.003
697	0.1	0.2	0.002
698	0.1	0.2	0.001
699	0.1	0.2	0.000
700	0.1	0.2	0.000
701	0.1	0.2	0.001
702	0.1	0.2	0.002
703	0.1	0.2	0.006
704	0.1	0.2	0.007
705	0.1	0.2	0.007
706	0.1	0.2	0.007
707	0.1	0.2	0.007
708	0.1	0.2	0.006
709	0.1	0.2	0.006
710	0.1	0.2	0.005
711	0.1	0.2	0.005
712	0.1	0.2	0.004
713	0.1	0.2	0.005
714	0.1	0.2	0.006
715	0.1	0.2	0.006
716	0.1	0.2	0.008
717	0.1	0.2	0.008
718	0.1	0.2	0.008
719	0.1	0.2	0.005
720	0.1	0.2	0.003
721	0.1	0.2	0.002
722	0.1	0.2	0.001
723	0.1	0.2	0.000
724	0.0	0.2	0.000
725	0.0	0.2	0.001
726	0.0	0.2	0.002
727	0.0	0.2	0.006
728	0.1	0.2	0.007
729	0.1	0.2	0.007
730	0.1	0.2	0.007
731	0.1	0.2	0.007
732	0.1	0.2	0.006
733	0.1	0.2	0.006
734	0.1	0.2	0.005
735	0.1	0.2	0.005
736	0.1	0.2	0.004
737	0.1	0.2	0.005
738	0.1	0.2	0.006
739	0.1	0.2	0.006
740	0.1	0.2	0.008
741	0.1	0.2	0.008
742	0.1	0.2	0.008
743	0.1	0.2	0.005
744	0.1	0.2	0.003
745	0.1	0.2	0.002
746	0.1	0.2	0.001
747	0.1	0.2	0.000
748	0.1	0.2	0.000
749	0.1	0.2	0.001
750	0.1	0.2	0.002
751	0.1	0.2	0.006
752	0.1	0.2	0.007
753	0.1	0.2	0.007
754	0.1	0.2	0.007
755	0.1	0.2	0.007
756	0.1	0.2	0.006
757	0.1	0.2	0.006
758	0.1	0.2	0.005
759	0.1	0.2	0.005
760	0.1	0.2	0.004
761	0.1	0.2	0.005
762	0.1	0.2	0.006
763	0.1	0.2	0.006
764	0.1	0.2	0.008
765	0.1	0.2	0.008
766	0.1	0.2	0.008
767	0.2	0.2	0.005
768	0.2	0.2	0.003
769	0.1	0.2	0.002
770	0.1	0.2	0.001
771	0.1	0.2	0.000
772	0.1	0.2	0.000
773	0.1	0.2	0.001
774	0.1	0.2	0.002
775	0.1	0.2	0.006
776	0.2	0.2	0.007
777	0.2	0.2	0.007
778	0.2	0.2	0.007
779	0.2	0.2	0.007
780	0.2	0.2	0.006
781	0.2	0.2	0.006
782	0.2	0.2	0.005
783	0.2	0.2	0.005
784	0.2	0.2	0.004
785	0.2	0.2	0.005
786	0.2	0.2	0.006
787	0.2	0.2	0.006
788	0.2	0.2	0.008
789	0.2	0.2	0.008
790	0.2	0.2	0.008
791	0.2	0.2	0.005
792	0.2	0.2	0.003
793	0.2	0.2	0.002
794	0.2	0.2	0.001
795	0.2	0.2	0.000
796	0.2	0.2	0.000
797	0.2	0.2	0.001
798	0.2	0.2	0.002
799	0.2	0.2	0.006
800	0.2	0.2	0.007
801	0.2	0.2	0.007
802	0.2	0.2	0.007
803	0.2	0.2	0.007
804	0.2	0.2	0.006
805	0.2	0.2	0.006
806	0.2	0.2	0.005
807	0.2	0.2	0.005
808	0.2	0.2	0.004
809	0.2	0.2	0.005
810	0.2	0.2	0.006
811	0.2	0.2	0.006
812	0.2	0.2	0.008
813	0.2	0.2	0.008
814	0.2	0.2	0.008
815	0.2	0.2	0.005
816	0.2	0.2	0.003
817	0.2	0.2	0.002
818	0.2	0.2	0.001
819	0.2	0.2	0.000
820	0.2	0.2	0.000
821	0.2	0.2	0.001
822	0.2	0.2	0.002
823	0.2	0.2	0.006
824	0.2	0.2	0.007
825	0.2	0.2	0.007
826	0.2	0.2	0.007
827	0.2	0.2	0.007
828	0.2	0.2	0.006
829	0.2	0.2	0.006
830	0.2	0.2	0.005
831	0.2	0.2	0.005
832	0.2	0.2	0.004
833	0.1	0.2	0.005
834	0.2	0.2	0.006
835	0.2	0.2	0.006
836	0.2	0.2	0.008
837	0.2	0.2	0.008
838	0.2	0.2	0.008
839	0.2	0.2	0.005
840	0.2	0.2	0.003
841	0.1	0.2	0.002
842	0.1	0.2	0.001
843	0.1	0.2	0.000
844	0.1	0.2	0.000
845	0.1	0.2	0.001
846	0.1	0.2	0.002
847	0.1	0.2	0.006
848	0.2	0.2	0.007
849	0.2	0.2	0.007
850	0.2	0.2	0.007
851	0.2	0.2	0.007
852	0.1	0.2	0.006
853	0.1	0.2	0.006
854	0.1	0.2	0.005
855	0.1	0.2	0.005
856	0.1	0.2	0.004
857	0.1	0.2	0.005
858	0.2	0.2	0.006
859	0.2	0.2	0.006
860	0.2	0.2	0.008
861	0.2	0.2	0.008
862	0.2	0.2	0.008
863	0.2	0.2	0.005
864	0.2	0.2	0.003
865	0.1	0.2	0.002
866	0.1	0.2	0.001
867	0.1	0.2	0.000
868	0.1	0.2	0.000
869	0.1	0.2	0.001
870	0.1	0.2	0.002
871	0.1	0.2	0.006
872	0.2	0.2	0.007
873	0.2	0.2	0.007
874	0.2	0.2	0.007
875	0.2	0.2	0.007
876	0.2	0.2	0.006
877	0.1	0.2	0.006
878	0.1	0.2	0.005
879	0.1	0.2	0.005
880	0.1	0.2	0.004
881	0.1	0.2	0.005
882	0.1	0.2	0.006
883	0.2	0.2	0.006
884	0.2	0.2	0.008
885	0.2	0.2	0.008
886	0.2	0.2	0.008
887	0.2	0.2	0.005
888	0.2	0.2	0.003
889	0.1	0.2	0.002
890	0.1	0.2	0.001
891	0.1	0.2	0.000
892	0.1	0.2	0.000
893	0.1	0.2	0.001
894	0.1	0.2	0.002
895	0.1	0.2	0.006
896	0.2	0.2	0.007
897	0.2	0.2	0.007
898	0.2	0.2	0.007
899	0.1	0.2	0.007
900	0.1	0.2	0.006
901	0.1	0.2	0.006
902	0.1	0.2	0.005
903	0.1	0.2	0.005
904	0.1	0.2	0.004
905	0.1	0.2	0.005
906	0.1	0.2	0.006
907	0.1	0.2	0.006
908	0.1	0.2	0.008
909	0.1	0.2	0.008
910	0.1	0.2	0.008
911	0.1	0.2	0.005
912	0.1	0.2	0.003
913	0.1	0.2	0.002
914	0.1	0.2	0.001
915	0.1	0.2	0.000
916	0.1	0.2	0.000
917	0.1	0.2	0.001
918	0.1	0.2	0.002
919	0.1	0.2	0.006
920	0.2	0.2	0.007
921	0.2	0.2	0.007
922	0.1	0.2	0.007
923	0.1	0.2	0.007
924	0.1	0.2	0.006
925	0.1	0.2	0.006
926	0.1	0.2	0.005
927	0.1	0.2	0.005
928	0.1	0.2	0.004
929	0.1	0.2	0.005
930	0.1	0.2	0.006
931	0.1	0.2	0.006
932	0.2	0.2	0.008
933	0.2	0.2	0.008
934	0.2	0.2	0.008
935	0.2	0.2	0.005
936	0.2	0.2	0.003
937	0.1	0.2	0.002
938	0.1	0.2	0.001
939	0.1	0.2	0.000
940	0.1	0.2	0.000
941	0.1	0.2	0.001
942	0.1	0.2	0.002
943	0.1	0.2	0.006
944	0.2	0.2	0.007
945	0.2	0.2	0.007
946	0.2	0.2	0.007
947	0.2	0.2	0.007
948	0.2	0.2	0.006
949	0.2	0.2	0.006
950	0.1	0.2	0.005
951	0.2	0.2	0.005
952	0.2	0.2	0.004
953	0.2	0.2	0.005
954	0.2	0.2	0.006
955	0.2	0.2	0.006
956	0.2	0.2	0.008
957	0.2	0.2	0.008
958	0.2	0.2	0.008
959	0.2	0.2	0.005
960	0.2	0.2	0.003
961	0.1	0.2	0.002
962	0.1	0.2	0.001
963	0.1	0.2	0.000
964	0.1	0.2	0.000
965	0.1	0.2	0.001
966	0.1	0.2	0.002
967	0.1	0.2	0.006
968	0.2	0.2	0.007
969	0.2	0.2	0.007
970	0.2	0.2	0.007
971	0.2	0.2	0.007
972	0.2	0.2	0.006
973	0.1	0.2	0.006
974	0.1	0.2	0.005
975	0.1	0.2	0.005
976	0.1	0.2	0.004
977	0.1	0.2	0.005
978	0.2	0.2	0.006
979	0.2	0.2	0.006
980	0.2	0.2	0.008
981	0.2	0.2	0.008
982	0.2	0.2	0.008
983	0.2	0.2	0.005
984	0.2	0.2	0.003
985	0.2	0.2	0.002
986	0.2	0.2	0.001
987	0.2	0.2	0.000
988	0.2	0.2	0.000
989	0.2	0.2	0.001
990	0.2	0.2	0.002
991	0.2	0.2	0.006
992	0.2	0.2	0.007
993	0.2	0.2	0.007
994	0.2	0.2	0.007
995	0.2	0.2	0.007
996	0.2	0.2	0.006
997	0.2	0.2	0.006
998	0.2	0.2	0.005
999	0.2	0.2	0.005
1000	0.2	0.2	0.004
1001	0.2	0.2	0.005
1002	0.2	0.2	0.006
1003	0.2	0.2	0.006
1004	0.2	0.2	0.008
1005	0.2	0.2	0.008
1006	0.2	0.2	0.008
1007	0.2	0.2	0.005
1008	0.2	0.2	0.003
1009	0.1	0.2	0.002
1010	0.1	0.2	0.001
1011	0.1	0.2	0.000
1012	0.1	0.2	0.000
1013	0.1	0.2	0.001
1014	0.1	0.2	0.002
1015	0.1	0.2	0.006
1016	0.2	0.2	0.007
1017	0.2	0.2	0.007
1018	0.2	0.2	0.007
1019	0.1	0.2	0.007
1020	0.1	0.2	0.006
1021	0.1	0.2	0.006
1022	0.1	0.2	0.005
1023	0.1	0.2	0.005
1024	0.1	0.2	0.004
1025	0.1	0.2	0.005
1026	0.1	0.2	0.006
1027	0.1	0.2	0.006
1028	0.1	0.2	0.008
1029	0.1	0.2	0.008
1030	0.1	0.2	0.008
1031	0.1	0.2	0.005
1032	0.1	0.2	0.003
1033	0.1	0.2	0.002
1034	0.1	0.2	0.001
1035	0.1	0.2	0.000
1036	0.1	0.2	0.000
1037	0.1	0.2	0.001
1038	0.1	0.2	0.002
1039	0.1	0.2	0.006
1040	0.1	0.2	0.007
1041	0.1	0.2	0.007
1042	0.1	0.2	0.007
1043	0.1	0.2	0.007
1044	0.1	0.2	0.006
1045	0.1	0.2	0.006
1046	0.1	0.2	0.005
1047	0.1	0.2	0.005
1048	0.1	0.2	0.004
1049	0.2	0.2	0.005
1050	0.2	0.2	0.006
1051	0.2	0.2	0.006
1052	0.2	0.2	0.008
1053	0.2	0.2	0.008
1054	0.2	0.2	0.008
1055	0.2	0.2	0.005
1056	0.2	0.2	0.003
1057	0.1	0.2	0.002
1058	0.1	0.2	0.001
1059	0.1	0.2	0.000
1060	0.1	0.2	0.000
1061	0.1	0.2	0.001
1062	0.1	0.2	0.002
1063	0.1	0.2	0.006
1064	0.2	0.2	0.007
1065	0.1	0.2	0.007
1066	0.1	0.2	0.007
1067	0.1	0.2	0.007
1068	0.1	0.2	0.006
1069	0.1	0.2	0.006
1070	0.1	0.2	0.005
1071	0.1	0.2	0.005
1072	0.1	0.2	0.004
1073	0.1	0.2	0.005
1074	0.1	0.2	0.006
1075	0.1	0.2	0.006
1076	0.1	0.2	0.008
1077	0.1	0.2	0.008
1078	0.1	0.2	0.008
1079	0.1	0.2	0.005
1080	0.1	0.2	0.003
1081	0.1	0.2	0.002
1082	0.1	0.2	0.001
1083	0.1	0.2	0.000
1084	0.1	0.2	0.000
1085	0.1	0.2	0.001
1086	0.1	0.2	0.002
1087	0.1	0.2	0.006
1088	0.1	0.2	0.007
1089	0.1	0.2	0.007
1090	0.1	0.2	0.007
1091	0.1	0.2	0.007
1092	0.1	0.2	0.006
1093	0.1	0.2	0.006
1094	0.1	0.2	0.005
1095	0.1	0.2	0.005
1096	0.1	0.2	0.004
1097	0.1	0.2	0.005
1098	0.1	0.2	0.006
1099	0.1	0.2	0.006
1100	0.1	0.2	0.008
1101	0.1	0.2	0.008
1102	0.1	0.2	0.008
1103	0.1	0.2	0.005
1104	0.1	0.2	0.003
1105	0.1	0.2	0.002
1106	0.1	0.2	0.001
1107	0.1	0.2	0.000
1108	0.1	0.2	0.000
1109	0.1	0.2	0.001
1110	0.1	0.2	0.002
1111	0.1	0.2	0.006
1112	0.1	0.2	0.007
1113	0.1	0.2	0.007
1114	0.1	0.2	0.007
1115	0.1	0.2	0.007
1116	0.1	0.2	0.006
1117	0.1	0.2	0.006
1118	0.1	0.2	0.005
1119	0.1	0.2	0.005
1120	0.1	0.2	0.004
1121	0.1	0.2	0.005
1122	0.1	0.2	0.006
1123	0.1	0.2	0.006
1124	0.1	0.2	0.008
1125	0.1	0.2	0.008
1126	0.1	0.2	0.008
1127	0.1	0.2	0.005
1128	0.1	0.2	0.003
1129	0.1	0.2	0.002
1130	0.1	0.2	0.001
1131	0.1	0.2	0.000
1132	0.1	0.2	0.000
1133	0.1	0.2	0.001
1134	0.1	0.2	0.002
1135	0.1	0.2	0.006
1136	0.1	0.2	0.007
1137	0.1	0.2	0.007
1138	0.1	0.2	0.007
1139	0.1	0.2	0.007
1140	0.1	0.2	0.006
1141	0.1	0.2	0.006
1142	0.1	0.2	0.005
1143	0.1	0.2	0.005
1144	0.1	0.2	0.004
1145	0.1	0.2	0.005
1146	0.1	0.2	0.006
1147	0.1	0.2	0.006
1148	0.1	0.2	0.008
1149	0.1	0.2	0.008
1150	0.2	0.2	0.008
1151	0.2	0.2	0.005
1152	0.2	0.2	0.003
1153	0.1	0.2	0.002
1154	0.1	0.2	0.001
1155	0.1	0.2	0.000
1156	0.1	0.2	0.000
1157	0.1	0.2	0.001
1158	0.1	0.2	0.002
1159	0.1	0.2	0.006
1160	0.2	0.2	0.007
1161	0.2	0.2	0.007
1162	0.2	0.2	0.007
1163	0.2	0.2	0.007
1164	0.2	0.2	0.006
1165	0.2	0.2	0.006
1166	0.2	0.2	0.005
1167	0.2	0.2	0.005
1168	0.2	0.2	0.004
1169	0.2	0.2	0.005
1170	0.2	0.2	0.006
1171	0.2	0.2	0.006
1172	0.2	0.2	0.008
1173	0.2	0.2	0.008
1174	0.2	0.2	0.008
1175	0.2	0.2	0.005
1176	0.2	0.2	0.003
1177	0.1	0.2	0.002
1178	0.2	0.2	0.001
1179	0.2	0.2	0.000
1180	0.2	0.2	0.000
1181	0.2	0.2	0.001
1182	0.2	0.2	0.002
1183	0.2	0.2	0.006
1184	0.2	0.2	0.007
1185	0.2	0.2	0.007
1186	0.2	0.2	0.007
1187	0.2	0.2	0.007
1188	0.2	0.2	0.006
1189	0.2	0.2	0.006
1190	0.2	0.2	0.005
1191	0.2	0.2	0.005
1192	0.2	0.2	0.004
1193	0.2	0.2	0.005
1194	0.2	0.2	0.006
1195	0.2	0.2	0.006
1196	0.2	0.2	0.008
1197	0.2	0.2	0.008
1198	0.2	0.2	0.008
1199	0.2	0.2	0.005
1200	0.2	0.2	0.003
1201	0.2	0.2	0.002
1202	0.2	0.2	0.001
1203	0.2	0.2	0.000
1204	0.2	0.2	0.000
1205	0.2	0.2	0.001
1206	0.2	0.2	0.002
1207	0.2	0.2	0.006
1208	0.2	0.2	0.007
1209	0.2	0.2	0.007
1210	0.2	0.2	0.007
1211	0.2	0.2	0.007
1212	0.2	0.2	0.006
1213	0.2	0.2	0.006
1214	0.2	0.2	0.005
1215	0.2	0.2	0.005
1216	0.2	0.2	0.004
1217	0.2	0.2	0.005
1218	0.2	0.2	0.006
1219	0.2	0.2	0.006
1220	0.2	0.2	0.008
1221	0.2	0.2	0.008
1222	0.2	0.2	0.008
1223	0.2	0.2	0.005
1224	0.2	0.2	0.003
1225	0.2	0.2	0.002
1226	0.2	0.2	0.001
1227	0.2	0.2	0.000
1228	0.2	0.2	0.000
1229	0.2	0.2	0.001
1230	0.2	0.2	0.002
1231	0.2	0.2	0.006
1232	0.2	0.2	0.007
1233	0.2	0.2	0.007
1234	0.2	0.2	0.007
1235	0.2	0.2	0.007
1236	0.2	0.2	0.006
1237	0.2	0.2	0.006
1238	0.2	0.2	0.005
1239	0.2	0.2	0.005
1240	0.2	0.2	0.004
1241	0.2	0.2	0.005
1242	0.1	0.2	0.006
1243	0.1	0.2	0.006
1244	0.1	0.2	0.008
1245	0.1	0.2	0.008
1246	0.1	0.2	0.008
1247	0.1	0.2	0.005
1248	0.1	0.2	0.003
1249	0.1	0.2	0.002
1250	0.1	0.2	0.001
1251	0.1	0.2	0.000
1252	0.1	0.2	0.000
1253	0.1	0.2	0.001
1254	0.1	0.2	0.002
1255	0.1	0.2	0.006
1256	0.1	0.2	0.007
1257	0.1	0.2	0.007
1258	0.1	0.2	0.007
1259	0.1	0.2	0.007
1260	0.1	0.2	0.006
1261	0.1	0.2	0.006
1262	0.1	0.2	0.005
1263	0.1	0.2	0.005
1264	0.1	0.2	0.004
1265	0.1	0.2	0.005
1266	0.1	0.2	0.006
1267	0.1	0.2	0.006
1268	0.1	0.2	0.008
1269	0.1	0.2	0.008
1270	0.1	0.2	0.008
1271	0.1	0.2	0.005
1272	0.1	0.2	0.003
1273	0.1	0.2	0.002
1274	0.1	0.2	0.001
1275	0.1	0.2	0.000
1276	0.1	0.2	0.000
1277	0.1	0.2	0.001
1278	0.1	0.2	0.002
1279	0.1	0.2	0.006
1280	0.1	0.2	0.007
1281	0.1	0.2	0.007
1282	0.1	0.2	0.007
1283	0.1	0.2	0.007
1284	0.1	0.2	0.006
1285	0.1	0.2	0.006
1286	0.1	0.2	0.005
1287	0.1	0.2	0.005
1288	0.1	0.2	0.004
1289	0.1	0.2	0.005
1290	0.1	0.2	0.006
1291	0.1	0.2	0.006
1292	0.1	0.2	0.008
1293	0.1	0.2	0.008
1294	0.1	0.2	0.008
1295	0.1	0.2	0.005
1296	0.1	0.2	0.003
1297	0.1	0.2	0.002
1298	0.1	0.2	0.001
1299	0.1	0.2	0.000
1300	0.1	0.2	0.000
1301	0.1	0.2	0.001
1302	0.1	0.2	0.002
1303	0.1	0.2	0.006
1304	0.2	0.2	0.007
1305	0.2	0.2	0.007
1306	0.2	0.2	0.007
1307	0.1	0.2	0.007
1308	0.1	0.2	0.006
1309	0.1	0.2	0.006
1310	0.1	0.2	0.005
1311	0.1	0.2	0.005
1312	0.1	0.2	0.004
1313	0.1	0.2	0.005
1314	0.1	0.2	0.006
1315	0.1	0.2	0.006
1316	0.1	0.2	0.008
1317	0.1	0.2	0.008
1318	0.1	0.2	0.008
1319	0.1	0.2	0.005
1320	0.1	0.2	0.003
1321	0.1	0.2	0.002
1322	0.1	0.2	0.001
1323	0.1	0.2	0.000
1324	0.1	0.2	0.000
1325	0.1	0.2	0.001
1326	0.1	0.2	0.002
1327	0.1	0.2	0.006
1328	0.1	0.2	0.007
1329	0.1	0.2	0.007
1330	0.1	0.2	0.007
1331	0.1	0.2	0.007
1332	0.1	0.2	0.006
1333	0.1	0.2	0.006
1334	0.1	0.2	0.005
1335	0.1	0.2	0.005
1336	0.1	0.2	0.004
1337	0.1	0.2	0.005
1338	0.1	0.2	0.006
1339	0.1	0.2	0.006
1340	0.1	0.2	0.008
1341	0.1	0.2	0.008
1342	0.1	0.2	0.008
1343	0.1	0.2	0.005
1344	0.1	0.2	0.003
1345	0.1	0.2	0.002
1346	0.1	0.2	0.001
1347	0.1	0.2	0.000
1348	0.1	0.2	0.000
1349	0.1	0.2	0.001
1350	0.1	0.2	0.002
1351	0.1	0.2	0.006
1352	0.1	0.2	0.007
1353	0.1	0.2	0.007
1354	0.1	0.2	0.007
1355	0.1	0.2	0.007
1356	0.1	0.2	0.006
1357	0.1	0.2	0.006
1358	0.1	0.2	0.005
1359	0.1	0.2	0.005
1360	0.1	0.2	0.004
1361	0.1	0.2	0.005
1362	0.1	0.2	0.006
1363	0.1	0.2	0.006
1364	0.1	0.1	0.008
1365	0.2	0.1	0.008
1366	0.2	0.1	0.008
1367	0.2	0.1	0.005
1368	0.2	0.1	0.003
1369	0.1	0.1	0.002
1370	0.1	0.1	0.001
1371	0.1	0.1	0.000
1372	0.1	0.1	0.000
1373	0.1	0.1	0.001
1374	0.1	0.1	0.002
1375	0.1	0.1	0.006
1376	0.2	0.1	0.007
1377	0.2	0.1	0.007
1378	0.2	0.1	0.007
1379	0.2	0.1	0.007
1380	0.2	0.1	0.006
1381	0.2	0.1	0.006
1382	0.1	0.1	0.005
1383	0.1	0.1	0.005
1384	0.1	0.1	0.004
1385	0.2	0.1	0.005
1386	0.2	0.1	0.006
1387	0.2	0.1	0.006
1388	0.2	0.1	0.008
1389	0.2	0.1	0.008
1390	0.2	0.1	0.008
1391	0.2	0.1	0.005
1392	0.2	0.1	0.003
1393	0.2	0.1	0.002
1394	0.2	0.1	0.001
1395	0.2	0.1	0.000
1396	0.2	0.1	0.000
1397	0.2	0.1	0.001
1398	0.2	0.1	0.002
1399	0.2	0.1	0.006
1400	0.2	0.1	0.007
1401	0.2	0.1	0.007
1402	0.2	0.1	0.007
1403	0.2	0.1	0.007
1404	0.2	0.1	0.006
1405	0.2	0.1	0.006
1406	0.2	0.1	0.005
1407	0.2	0.1	0.005
1408	0.1	0.1	0.004
1409	0.1	0.1	0.005
1410	0.2	0.1	0.006
1411	0.2	0.1	0.006
1412	0.2	0.1	0.008
1413	0.2	0.1	0.008
1414	0.2	0.1	0.008
1415	0.2	0.1	0.005
1416	0.2	0.1	0.003
1417	0.1	0.1	0.002
1418	0.1	0.1	0.001
1419	0.1	0.1	0.000
1420	0.1	0.1	0.000
1421	0.1	0.1	0.001
1422	0.1	0.1	0.002
1423	0.1	0.1	0.006
1424	0.1	0.1	0.007
1425	0.1	0.1	0.007
1426	0.1	0.1	0.007
1427	0.1	0.1	0.007
1428	0.1	0.1	0.006
1429	0.1	0.1	0.006
1430	0.1	0.1	0.005
1431	0.1	0.1	0.005
1432	0.1	0.1	0.004
1433	0.1	0.1	0.005
1434	0.1	0.1	0.006
1435	0.1	0.1	0.006
1436	0.1	0.1	0.008
1437	0.1	0.1	0.008
1438	0.1	0.1	0.008
1439	0.1	0.1	0.005
1440	0.1	0.1	0.003
1441	0.1	0.1	0.002
1442	0.1	0.1	0.001
1443	0.1	0.1	0.000
1444	0.1	0.1	0.000
1445	0.1	0.1	0.001
1446	0.1	0.1	0.002
1447	0.1	0.1	0.006
1448	0.1	0.1	0.007
1449	0.1	0.1	0.007
1450	0.1	0.1	0.007
1451	0.1	0.1	0.007
1452	0.1	0.1	0.006
1453	0.1	0.1	0.006
1454	0.1	0.1	0.005
1455	0.1	0.1	0.005
1456	0.1	0.1	0.004
1457	0.1	0.1	0.005
1458	0.1	0.1	0.006
1459	0.1	0.1	0.006
1460	0.1	0.1	0.008
1461	0.1	0.1	0.008
1462	0.1	0.1	0.008
1463	0.1	0.1	0.005
1464	0.1	0.1	0.003
1465	0.1	0.1	0.002
1466	0.1	0.1	0.001
1467	0.1	0.1	0.000
1468	0.1	0.1	0.000
1469	0.1	0.1	0.001
1470	0.1	0.1	0.002
1471	0.1	0.1	0.006
1472	0.1	0.1	0.007
1473	0.1	0.1	0.007
1474	0.1	0.1	0.007
1475	0.1	0.1	0.007
1476	0.1	0.1	0.006
1477	0.1	0.1	0.006
1478	0.1	0.1	0.005
1479	0.1	0.1	0.005
1480	0.1	0.1	0.004
1481	0.1	0.1	0.005
1482	0.1	0.1	0.006
1483	0.1	0.1	0.006
1484	0.1	0.1	0.008
1485	0.1	0.1	0.008
1486	0.1	0.1	0.008
1487	0.1	0.1	0.005
1488	0.1	0.1	0.003
1489	0.1	0.1	0.002
1490	0.1	0.1	0.001
1491	0.1	0.1	0.000
1492	0.1	0.1	0.000
1493	0.1	0.1	0.001
1494	0.1	0.1	0.002
1495	0.1	0.1	0.006
1496	0.1	0.1	0.007
1497	0.1	0.1	0.007
1498	0.1	0.1	0.007
1499	0.1	0.1	0.007
1500	0.1	0.1	0.006
1501	0.1	0.1	0.006
1502	0.1	0.1	0.005
1503	0.1	0.1	0.005
1504	0.1	0.1	0.004
1505	0.1	0.1	0.005
1506	0.1	0.1	0.006
1507	0.1	0.1	0.006
1508	0.1	0.1	0.008
1509	0.1	0.1	0.008
1510	0.1	0.1	0.008
1511	0.1	0.1	0.005
1512	0.1	0.1	0.003
1513	0.1	0.1	0.002
1514	0.1	0.1	0.001
1515	0.1	0.1	0.000
1516	0.1	0.1	0.000
1517	0.1	0.1	0.001
1518	0.1	0.1	0.002
1519	0.1	0.1	0.006
1520	0.1	0.1	0.007
1521	0.1	0.1	0.007
1522	0.1	0.1	0.007
1523	0.1	0.1	0.007
1524	0.1	0.1	0.006
1525	0.1	0.1	0.006
1526	0.1	0.1	0.005
1527	0.1	0.1	0.005
1528	0.1	0.1	0.004
1529	0.1	0.1	0.005
1530	0.1	0.1	0.006
1531	0.1	0.1	0.006
1532	0.1	0.1	0.008
1533	0.1	0.1	0.008
1534	0.1	0.1	0.008
1535	0.1	0.1	0.005
1536	0.1	0.1	0.003
1537	0.1	0.1	0.002
1538	0.1	0.1	0.001
1539	0.1	0.1	0.000
1540	0.1	0.1	0.000
1541	0.1	0.1	0.001
1542	0.1	0.1	0.002
1543	0.1	0.1	0.006
1544	0.1	0.1	0.007
1545	0.1	0.1	0.007
1546	0.1	0.1	0.007
1547	0.1	0.1	0.007
1548	0.1	0.1	0.006
1549	0.1	0.1	0.006
1550	0.1	0.1	0.005
1551	0.1	0.1	0.005
1552	0.1	0.1	0.004
1553	0.1	0.1	0.005
1554	0.1	0.1	0.006
1555	0.1	0.1	0.006
1556	0.1	0.1	0.008
1557	0.1	0.1	0.008
1558	0.1	0.1	0.008
1559	0.1	0.1	0.005
1560	0.1	0.1	0.003
1561	0.1	0.1	0.002
1562	0.1	0.1	0.001
1563	0.1	0.1	0.000
1564	0.1	0.1	0.000
1565	0.1	0.1	0.001
1566	0.1	0.1	0.002
1567	0.1	0.1	0.006
1568	0.1	0.1	0.007
1569	0.1	0.1	0.007
1570	0.1	0.1	0.007
1571	0.1	0.1	0.007
1572	0.1	0.1	0.006
1573	0.1	0.1	0.006
1574	0.1	0.1	0.005
1575	0.1	0.1	0.005
1576	0.1	0.1	0.004
1577	0.1	0.1	0.005
1578	0.1	0.1	0.006
1579	0.1	0.1	0.006
1580	0.1	0.1	0.008
1581	0.1	0.1	0.008
1582	0.1	0.1	0.008
1583	0.1	0.1	0.005
1584	0.1	0.1	0.003
1585	0.1	0.1	0.002
1586	0.1	0.1	0.001
1587	0.1	0.1	0.000
1588	0.1	0.1	0.000
1589	0.1	0.1	0.001
1590	0.1	0.1	0.002
1591	0.1	0.1	0.006
1592	0.1	0.1	0.007
1593	0.1	0.1	0.007
1594	0.1	0.1	0.007
1595	0.1	0.1	0.007
1596	0.1	0.1	0.006
1597	0.1	0.1	0.006
1598	0.1	0.1	0.005
1599	0.1	0.1	0.005
1600	0.1	0.1	0.004
1601	0.1	0.1	0.005
1602	0.1	0.1	0.006
1603	0.1	0.1	0.006
1604	0.1	0.1	0.008
1605	0.1	0.1	0.008
1606	0.1	0.1	0.008
1607	0.1	0.1	0.005
1608	0.1	0.1	0.003
1609	0.1	0.1	0.002
1610	0.1	0.1	0.001
1611	0.1	0.1	0.000
1612	0.1	0.1	0.000
1613	0.1	0.1	0.001
1614	0.1	0.1	0.002
1615	0.1	0.1	0.006
1616	0.1	0.1	0.007
1617	0.1	0.1	0.007
1618	0.1	0.1	0.007
1619	0.1	0.1	0.007
1620	0.1	0.1	0.006
1621	0.1	0.1	0.006
1622	0.1	0.1	0.005
1623	0.1	0.1	0.005
1624	0.1	0.1	0.004
1625	0.1	0.1	0.005
1626	0.1	0.1	0.006
1627	0.1	0.1	0.006
1628	0.1	0.1	0.008
1629	0.1	0.1	0.008
1630	0.1	0.1	0.008
1631	0.1	0.1	0.005
1632	0.1	0.1	0.003
1633	0.1	0.1	0.002
1634	0.1	0.1	0.001
1635	0.1	0.1	0.000
1636	0.1	0.1	0.000
1637	0.1	0.1	0.001
1638	0.1	0.1	0.002
1639	0.1	0.1	0.006
1640	0.1	0.1	0.007
1641	0.1	0.1	0.007
1642	0.1	0.1	0.007
1643	0.1	0.1	0.007
1644	0.1	0.1	0.006
1645	0.1	0.1	0.006
1646	0.1	0.1	0.005
1647	0.1	0.1	0.005
1648	0.1	0.1	0.004
1649	0.1	0.1	0.005
1650	0.1	0.1	0.006
1651	0.1	0.1	0.006
1652	0.1	0.1	0.008
1653	0.1	0.1	0.008
1654	0.1	0.1	0.008
1655	0.1	0.1	0.005
1656	0.1	0.1	0.003
1657	0.1	0.1	0.002
1658	0.1	0.1	0.001
1659	0.1	0.1	0.000
1660	0.1	0.1	0.000
1661	0.1	0.1	0.001
1662	0.1	0.1	0.002
1663	0.1	0.1	0.006
1664	0.1	0.1	0.007
1665	0.1	0.1	0.007
1666	0.1	0.1	0.007
1667	0.1	0.1	0.007
1668	0.1	0.1	0.006
1669	0.1	0.1	0.006
1670	0.1	0.1	0.005
1671	0.1	0.1	0.005
1672	0.1	0.1	0.004
1673	0.1	0.1	0.005
1674	0.1	0.1	0.006
1675	0.1	0.1	0.006
1676	0.1	0.1	0.008
1677	0.1	0.1	0.008
1678	0.1	0.1	0.008
1679	0.1	0.1	0.005
1680	0.1	0.1	0.003
1681	0.1	0.1	0.002
1682	0.1	0.1	0.001
1683	0.1	0.1	0.000
1684	0.1	0.1	0.000
1685	0.1	0.1	0.001
1686	0.1	0.1	0.002
1687	0.1	0.1	0.006
1688	0.1	0.1	0.007
1689	0.1	0.1	0.007
1690	0.1	0.1	0.007
1691	0.1	0.1	0.007
1692	0.1	0.1	0.006
1693	0.1	0.1	0.006
1694	0.1	0.1	0.005
1695	0.0	0.1	0.005
1696	0.0	0.1	0.004
1697	0.0	0.1	0.005
1698	0.1	0.1	0.006
1699	0.1	0.1	0.006
1700	0.1	0.1	0.008
1701	0.1	0.1	0.008
1702	0.1	0.1	0.008
1703	0.1	0.1	0.005
1704	0.1	0.1	0.003
1705	0.0	0.1	0.002
1706	0.0	0.1	0.001
1707	0.0	0.1	0.000
1708	0.0	0.1	0.000
1709	0.0	0.1	0.001
1710	0.0	0.1	0.002
1711	0.0	0.1	0.006
1712	0.1	0.1	0.007
1713	0.1	0.1	0.007
1714	0.1	0.1	0.007
1715	0.0	0.1	0.007
1716	0.0	0.1	0.006
1717	0.0	0.1	0.006
1718	0.0	0.1	0.005
1719	0.0	0.1	0.005
1720	0.0	0.1	0.004
1721	0.0	0.1	0.005
1722	0.0	0.1	0.006
1723	0.0	0.1	0.006
1724	0.0	0.1	0.008
1725	0.1	0.1	0.008
1726	0.1	0.1	0.008
1727	0.1	0.1	0.005
1728	0.1	0.1	0.003
1729	0.0	0.1	0.002
1730	0.0	0.1	0.001
1731	0.0	0.1	0.000
1732	0.0	0.1	0.000
1733	0.0	0.1	0.001
1734	0.0	0.1	0.002
1735	0.0	0.1	0.006
1736	0.1	0.1	0.007
1737	0.1	0.1	0.007
1738	0.1	0.1	0.007
1739	0.0	0.1	0.007
1740	0.0	0.1	0.006
1741	0.0	0.1	0.006
1742	0.0	0.1	0.005
1743	0.0	0.1	0.005
1744	0.0	0.1	0.004
1745	0.0	0.1	0.005
1746	0.0	0.1	0.006
1747	0.0	0.1	0.006
1748	0.1	0.1	0.008
1749	0.1	0.1	0.008
1750	0.1	0.1	0.008
1751	0.1	0.1	0.005
1752	0.1	0.1	0.003
1753	0.0	0.1	0.002
1754	0.0	0.1	0.001
1755	0.0	0.1	0.000
1756	0.0	0.1	0.000
1757	0.1	0.1	0.001
1758	0.0	0.1	0.002
1759	0.1	0.1	0.006
1760	0.1	0.1	0.007
1761	0.1	0.1	0.007
1762	0.1	0.1	0.007
1763	0.1	0.1	0.007
1764	0.1	0.1	0.006
1765	0.0	0.1	0.006
1766	0.0	0.1	0.005
1767	0.0	0.1	0.005
1768	0.0	0.1	0.004
1769	0.0	0.1	0.005
1770	0.1	0.1	0.006
1771	0.1	0.1	0.006
1772	0.1	0.1	0.008
1773	0.1	0.1	0.008
1774	0.1	0.1	0.008
1775	0.1	0.1	0.005
1776	0.1	0.1	0.003
1777	0.1	0.1	0.002
1778	0.1	0.1	0.001
1779	0.1	0.1	0.000
1780	0.1	0.1	0.000
1781	0.1	0.1	0.001
1782	0.1	0.1	0.002
1783	0.1	0.1	0.006
1784	0.1	0.1	0.007
1785	0.1	0.1	0.007
1786	0.1	0.1	0.007
1787	0.1	0.1	0.007
1788	0.1	0.1	0.006
1789	0.1	0.1	0.006
1790	0.1	0.1	0.005
1791	0.1	0.1	0.005
1792	0.1	0.1	0.004
1793	0.1	0.1	0.005
1794	0.1	0.1	0.006
1795	0.1	0.1	0.006
1796	0.1	0.1	0.008
1797	0.1	0.1	0.008
1798	0.1	0.1	0.008
1799	0.1	0.1	0.005
1800	0.1	0.1	0.003
1801	0.1	0.1	0.002
1802	0.1	0.1	0.001
1803	0.1	0.1	0.000
1804	0.1	0.1	0.000
1805	0.1	0.1	0.001
1806	0.1	0.1	0.002
1807	0.1	0.1	0.006
1808	0.1	0.1	0.007
1809	0.1	0.1	0.007
1810	0.1	0.1	0.007
1811	0.1	0.1	0.007
1812	0.1	0.1	0.006
1813	0.1	0.1	0.006
1814	0.0	0.1	0.005
1815	0.0	0.1	0.005
1816	0.0	0.1	0.004
1817	0.0	0.1	0.005
1818	0.1	0.1	0.006
1819	0.1	0.1	0.006
1820	0.1	0.1	0.008
1821	0.1	0.1	0.008
1822	0.1	0.1	0.008
1823	0.1	0.1	0.005
1824	0.1	0.1	0.003
1825	0.0	0.1	0.002
1826	0.0	0.1	0.001
1827	0.0	0.1	0.000
1828	0.0	0.1	0.000
1829	0.0	0.1	0.001
1830	0.0	0.1	0.002
1831	0.0	0.1	0.006
1832	0.0	0.1	0.007
1833	0.0	0.1	0.007
1834	0.0	0.1	0.007
1835	0.0	0.1	0.007
1836	0.0	0.1	0.006
1837	0.0	0.1	0.006
1838	0.0	0.1	0.005
1839	0.0	0.1	0.005
1840	0.0	0.1	0.004
1841	0.0	0.1	0.005
1842	0.0	0.1	0.006
1843	0.0	0.1	0.006
1844	0.0	0.1	0.008
1845	0.0	0.1	0.008
1846	0.0	0.1	0.008
1847	0.0	0.1	0.005
1848	0.1	0.1	0.003
1849	0.0	0.1	0.002
1850	0.0	0.1	0.001
1851	0.0	0.1	0.000
1852	0.0	0.1	0.000
1853	0.0	0.1	0.001
1854	0.0	0.1	0.002
1855	0.0	0.1	0.006
1856	0.1	0.1	0.007
1857	0.1	0.1	0.007
1858	0.0	0.1	0.007
1859	0.0	0.1	0.007
1860	0.0	0.1	0.006
1861	0.0	0.1	0.006
1862	0.0	0.1	0.005
1863	0.0	0.1	0.005
1864	0.0	0.1	0.004
1865	0.0	0.1	0.005
1866	0.0	0.1	0.006
1867	0.1	0.1	0.006
1868	0.1	0.1	0.008
1869	0.1	0.1	0.008
1870	0.1	0.1	0.008
1871	0.1	0.1	0.005
1872	0.1	0.1	0.003
1873	0.1	0.1	0.002
1874	0.1	0.1	0.001
1875	0.1	0.1	0.000
1876	0.1	0.1	0.000
1877	0.1	0.1	0.001
1878	0.1	0.1	0.002
1879	0.1	0.1	0.006
1880	0.1	0.1	0.007
1881	0.1	0.1	0.007
1882	0.1	0.1	0.007
1883	0.1	0.1	0.007
1884	0.1	0.1	0.006
1885	0.1	0.1	0.006
1886	0.1	0.1	0.005
1887	0.1	0.1	0.005
1888	0.1	0.1	0.004
1889	0.1	0.1	0.005
1890	0.1	0.1	0.006
1891	0.1	0.1	0.006
1892	0.1	0.1	0.008
1893	0.1	0.1	0.008
1894	0.1	0.1	0.008
1895	0.1	0.1	0.005
1896	0.1	0.1	0.003
1897	0.1	0.1	0.002
1898	0.1	0.1	0.001
1899	0.1	0.1	0.000
1900	0.1	0.1	0.000
1901	0.1	0.1	0.001
1902	0.1	0.1	0.002
1903	0.1	0.1	0.006
1904	0.1	0.1	0.007
1905	0.1	0.1	0.007
1906	0.1	0.1	0.007
1907	0.1	0.1	0.007
1908	0.1	0.1	0.006
1909	0.0	0.1	0.006
1910	0.0	0.1	0.005
1911	0.0	0.1	0.005
1912	0.0	0.1	0.004
1913	0.0	0.1	0.005
1914	0.1	0.1	0.006
1915	0.1	0.1	0.006
1916	0.1	0.1	0.008
1917	0.1	0.1	0.008
1918	0.1	0.1	0.008
1919	0.1	0.1	0.005
1920	0.1	0.1	0.003
1921	0.0	0.1	0.002
1922	0.1	0.1	0.001
1923	0.1	0.1	0.000
1924	0.1	0.1	0.000
1925	0.1	0.1	0.001
1926	0.1	0.1	0.002
1927	0.1	0.1	0.006
1928	0.1	0.1	0.007
1929	0.1	0.1	0.007
1930	0.1	0.1	0.007
1931	0.1	0.1	0.007
1932	0.1	0.1	0.006
1933	0.1	0.1	0.006
1934	0.1	0.1	0.005
1935	0.1	0.1	0.005
1936	0.1	0.1	0.004
1937	0.1	0.1	0.005
1938	0.1	0.1	0.006
1939	0.1	0.1	0.006
1940	0.1	0.1	0.008
1941	0.1	0.1	0.008
1942	0.1	0.1	0.008
1943	0.1	0.1	0.005
1944	0.1	0.1	0.003
1945	0.1	0.1	0.002
1946	0.1	0.1	0.001
1947	0.1	0.1	0.000
1948	0.1	0.1	0.000
1949	0.1	0.1	0.001
1950	0.1	0.1	0.002
1951	0.1	0.1	0.006
1952	0.1	0.1	0.007
1953	0.1	0.1	0.007
1954	0.1	0.1	0.007
1955	0.1	0.1	0.007
1956	0.1	0.1	0.006
1957	0.1	0.1	0.006
1958	0.1	0.1	0.005
1959	0.1	0.1	0.005
1960	0.1	0.1	0.004
1961	0.1	0.1	0.005
1962	0.1	0.1	0.006
1963	0.1	0.1	0.006
1964	0.1	0.1	0.008
1965	0.1	0.1	0.008
1966	0.1	0.1	0.008
1967	0.1	0.1	0.005
1968	0.1	0.1	0.003
1969	0.1	0.1	0.002
1970	0.1	0.1	0.001
1971	0.1	0.1	0.000
1972	0.1	0.1	0.000
1973	0.1	0.1	0.001
1974	0.1	0.1	0.002
1975	0.1	0.1	0.006
1976	0.1	0.1	0.007
1977	0.1	0.1	0.007
1978	0.1	0.1	0.007
1979	0.1	0.1	0.007
1980	0.1	0.1	0.006
1981	0.1	0.1	0.006
1982	0.1	0.1	0.005
1983	0.1	0.1	0.005
1984	0.1	0.1	0.004
1985	0.1	0.1	0.005
1986	0.1	0.1	0.006
1987	0.1	0.1	0.006
1988	0.1	0.1	0.008
1989	0.1	0.1	0.008
1990	0.1	0.1	0.008
1991	0.1	0.1	0.005
1992	0.1	0.1	0.003
1993	0.1	0.1	0.002
1994	0.1	0.1	0.001
1995	0.1	0.1	0.000
1996	0.1	0.1	0.000
1997	0.1	0.1	0.001
1998	0.1	0.1	0.002
1999	0.1	0.1	0.006
2000	0.1	0.1	0.007
2001	0.1	0.1	0.007
2002	0.1	0.1	0.007
2003	0.1	0.1	0.007
2004	0.1	0.1	0.006
2005	0.1	0.1	0.006
2006	0.1	0.1	0.005
2007	0.1	0.1	0.005
2008	0.1	0.1	0.004
2009	0.1	0.1	0.005
2010	0.1	0.1	0.006
2011	0.1	0.1	0.006
2012	0.1	0.1	0.008
2013	0.1	0.1	0.008
2014	0.1	0.1	0.008
2015	0.1	0.1	0.005
2016	0.1	0.1	0.003
2017	0.1	0.1	0.002
2018	0.1	0.1	0.001
2019	0.1	0.1	0.000
2020	0.1	0.1	0.000
2021	0.1	0.1	0.001
2022	0.1	0.1	0.002
2023	0.1	0.1	0.006
2024	0.1	0.1	0.007
2025	0.1	0.1	0.007
2026	0.1	0.1	0.007
2027	0.1	0.1	0.007
2028	0.1	0.1	0.006
2029	0.1	0.1	0.006
2030	0.1	0.1	0.005
2031	0.1	0.1	0.005
2032	0.1	0.1	0.004
2033	0.1	0.1	0.005
2034	0.1	0.1	0.006
2035	0.1	0.1	0.006
2036	0.1	0.1	0.008
2037	0.1	0.1	0.008
2038	0.1	0.1	0.008
2039	0.1	0.1	0.005
2040	0.1	0.1	0.003
2041	0.0	0.1	0.002
2042	0.0	0.1	0.001
2043	0.0	0.1	0.000
2044	0.1	0.1	0.000
2045	0.1	0.1	0.001
2046	0.1	0.1	0.002
2047	0.1	0.1	0.006
2048	0.1	0.1	0.007
2049	0.1	0.1	0.007
2050	0.1	0.1	0.007
2051	0.1	0.1	0.007
2052	0.1	0.1	0.006
2053	0.0	0.1	0.006
2054	0.0	0.1	0.005
2055	0.0	0.1	0.005
2056	0.0	0.1	0.004
2057	0.0	0.1	0.005
2058	0.0	0.1	0.006
2059	0.1	0.1	0.006
2060	0.1	0.1	0.008
2061	0.1	0.1	0.008
2062	0.1	0.1	0.008
2063	0.1	0.1	0.005
2064	0.1	0.1	0.003
2065	0.0	0.1	0.002
2066	0.0	0.1	0.001
2067	0.0	0.1	0.000
2068	0.0	0.1	0.000
2069	0.0	0.1	0.001
2070	0.0	0.1	0.002
2071	0.0	0.1	0.006
2072	0.1	0.1	0.007
2073	0.1	0.1	0.007
2074	0.1	0.1	0.007
2075	0.0	0.1	0.007
2076	0.0	0.1	0.006
2077	0.0	0.1	0.006
2078	0.0	0.1	0.005
2079	0.0	0.1	0.005
2080	0.0	0.1	0.004
2081	0.0	0.1	0.005
2082	0.0	0.1	0.006
2083	0.1	0.1	0.006
2084	0.1	0.1	0.008
2085	0.1	0.1	0.008
2086	0.1	0.1	0.008
2087	0.1	0.1	0.005
2088	0.1	0.1	0.003
2089	0.1	0.1	0.002
2090	0.1	0.1	0.001
2091	0.1	0.1	0.000
2092	0.1	0.1	0.000
2093	0.1	0.1	0.001
2094	0.1	0.1	0.002
2095	0.1	0.1	0.006
2096	0.1	0.1	0.007
2097	0.1	0.1	0.007
2098	0.1	0.1	0.007
2099	0.1	0.1	0.007
2100	0.0	0.1	0.006
2101	0.0	0.1	0.006
2102	0.0	0.1	0.005
2103	0.0	0.1	0.005
2104	0.0	0.1	0.004
2105	0.0	0.1	0.005
2106	0.0	0.1	0.006
2107	0.0	0.1	0.006
2108	0.1	0.1	0.008
2109	0.1	0.1	0.008
2110	0.1	0.1	0.008
2111	0.1	0.1	0.005
2112	0.1	0.1	0.003
2113	0.0	0.1	0.002
2114	0.1	0.1	0.001
2115	0.0	0.1	0.000
2116	0.1	0.1	0.000
2117	0.1	0.1	0.001
2118	0.0	0.1	0.002
2119	0.0	0.1	0.006
2120	0.1	0.1	0.007
2121	0.1	0.1	0.007
2122	0.1	0.1	0.007
2123	0.1	0.1	0.007
2124	0.0	0.1	0.006
2125	0.0	0.1	0.006
2126	0.0	0.1	0.005
2127	0.0	0.1	0.005
2128	0.0	0.1	0.004
2129	0.0	0.1	0.005
2130	0.0	0.1	0.006
2131	0.0	0.1	0.006
2132	0.0	0.1	0.008
2133	0.0	0.1	0.008
2134	0.0	0.1	0.008
2135	0.1	0.1	0.005
2136	0.1	0.1	0.003
2137	0.0	0.1	0.002
2138	0.0	0.1	0.001
2139	0.0	0.1	0.000
2140	0.0	0.1	0.000
2141	0.0	0.1	0.001
2142	0.0	0.1	0.002
2143	0.0	0.1	0.006
2144	0.1	0.1	0.007
2145	0.1	0.1	0.007
2146	0.1	0.1	0.007
2147	0.0	0.1	0.007
2148	0.0	0.1	0.006
2149	0.0	0.1	0.006
2150	0.0	0.1	0.005
2151	0.0	0.1	0.005
2152	0.0	0.1	0.004
2153	0.0	0.1	0.005
2154	0.0	0.1	0.006
2155	0.0	0.1	0.006
2156	0.0	0.1	0.008
2157	0.0	0.1	0.008
2158	0.0	0.1	0.008
2159	0.0	0.1	0.005
2160	0.1	0.1	0.003
2161	0.0	0.1	0.002
2162	0.0	0.1	0.001
2163	0.0	0.1	0.000
2164	0.0	0.1	0.000
2165	0.0	0.1	0.001
2166	0.0	0.1	0.002
2167	0.0	0.1	0.006
2168	0.0	0.1	0.007
2169	0.0	0.1	0.007
2170	0.0	0.1	0.007
2171	0.0	0.1	0.007
2172	0.0	0.1	0.006
2173	0.0	0.1	0.006
2174	0.0	0.1	0.005
2175	0.0	0.1	0.005
2176	0.0	0.1	0.004
2177	0.0	0.1	0.005
2178	0.0	0.1	0.006
2179	0.0	0.1	0.006
2180	0.0	0.1	0.008
2181	0.0	0.1	0.008
2182	0.0	0.1	0.008
2183	0.0	0.1	0.005
2184	0.0	0.1	0.003
2185	0.0	0.1	0.002
2186	0.0	0.1	0.001
2187	0.0	0.1	0.000
2188	0.0	0.1	0.000
2189	0.0	0.1	0.001
2190	0.0	0.1	0.002
2191	0.0	0.1	0.006
2192	0.0	0.1	0.007
2193	0.0	0.1	0.007
2194	0.0	0.1	0.007
2195	0.0	0.1	0.007
2196	0.0	0.1	0.006
2197	0.0	0.1	0.006
2198	0.0	0.1	0.005
2199	0.0	0.1	0.005
2200	0.0	0.1	0.004
2201	0.0	0.1	0.005
2202	0.0	0.1	0.006
2203	0.0	0.1	0.006
2204	0.0	0.1	0.008
2205	0.0	0.1	0.008
2206	0.0	0.1	0.008
2207	0.0	0.1	0.005
2208	0.0	0.1	0.003
2209	0.0	0.1	0.002
2210	0.0	0.1	0.001
2211	0.0	0.1	0.000
2212	0.0	0.1	0.000
2213	0.0	0.1	0.001
2214	0.0	0.1	0.002
2215	0.0	0.1	0.006
2216	0.0	0.1	0.007
2217	0.0	0.1	0.007
2218	0.0	0.1	0.007
2219	0.0	0.1	0.007
2220	0.0	0.1	0.006
2221	0.0	0.1	0.006
2222	0.0	0.1	0.005
2223	0.0	0.1	0.005
2224	0.0	0.1	0.004
2225	0.0	0.1	0.005
2226	0.0	0.1	0.006
2227	0.0	0.1	0.006
2228	0.0	0.1	0.008
2229	0.0	0.1	0.008
2230	0.0	0.1	0.008
2231	0.0	0.1	0.005
2232	0.0	0.1	0.003
2233	0.0	0.1	0.002
2234	0.0	0.1	0.001
2235	0.0	0.1	0.000
2236	0.0	0.1	0.000
2237	0.0	0.1	0.001
2238	0.0	0.1	0.002
2239	0.0	0.1	0.006
2240	0.0	0.1	0.007
2241	0.0	0.1	0.007
2242	0.0	0.1	0.007
2243	0.0	0.1	0.007
2244	0.0	0.1	0.006
2245	0.0	0.1	0.006
2246	0.0	0.1	0.005
2247	0.0	0.1	0.005
2248	0.0	0.1	0.004
2249	0.0	0.1	0.005
2250	0.0	0.1	0.006
2251	0.0	0.1	0.006
2252	0.0	0.1	0.008
2253	0.0	0.1	0.008
2254	0.0	0.1	0.008
2255	0.0	0.1	0.005
2256	0.0	0.1	0.003
2257	0.0	0.1	0.002
2258	0.0	0.1	0.001
2259	0.0	0.1	0.000
2260	0.0	0.1	0.000
2261	0.0	0.1	0.001
2262	0.0	0.1	0.002
2263	0.0	0.1	0.006
2264	0.0	0.1	0.007
2265	0.0	0.1	0.007
2266	0.0	0.1	0.007
2267	0.0	0.1	0.007
2268	0.0	0.1	0.006
2269	0.0	0.1	0.006
2270	0.0	0.1	0.005
2271	0.0	0.1	0.005
2272	0.0	0.1	0.004
2273	0.0	0.1	0.005
2274	0.0	0.1	0.006
2275	0.0	0.1	0.006
2276	0.0	0.1	0.008
2277	0.0	0.1	0.008
2278	0.0	0.1	0.008
2279	0.0	0.1	0.005
2280	0.0	0.1	0.003
2281	0.0	0.1	0.002
2282	0.0	0.1	0.001
2283	0.0	0.1	0.000
2284	0.0	0.1	0.000
2285	0.0	0.1	0.001
2286	0.0	0.1	0.002
2287	0.0	0.1	0.006
2288	0.0	0.1	0.007
2289	0.0	0.1	0.007
2290	0.0	0.1	0.007
2291	0.0	0.1	0.007
2292	0.0	0.1	0.006
2293	0.0	0.1	0.006
2294	0.0	0.1	0.005
2295	0.0	0.1	0.005
2296	0.0	0.1	0.004
2297	0.0	0.1	0.005
2298	0.0	0.1	0.006
2299	0.0	0.1	0.006
2300	0.0	0.1	0.008
2301	0.0	0.1	0.008
2302	0.0	0.1	0.008
2303	0.0	0.1	0.005
2304	0.0	0.1	0.003
2305	0.0	0.1	0.002
2306	0.0	0.1	0.001
2307	0.0	0.1	0.000
2308	0.0	0.1	0.000
2309	0.0	0.1	0.001
2310	0.0	0.1	0.002
2311	0.0	0.1	0.006
2312	0.0	0.1	0.007
2313	0.0	0.1	0.007
2314	0.0	0.1	0.007
2315	0.0	0.1	0.007
2316	0.0	0.1	0.006
2317	0.0	0.1	0.006
2318	0.0	0.1	0.005
2319	0.0	0.1	0.005
2320	0.0	0.1	0.004
2321	0.0	0.1	0.005
2322	0.0	0.1	0.006
2323	0.0	0.1	0.006
2324	0.0	0.1	0.008
2325	0.0	0.1	0.008
2326	0.0	0.1	0.008
2327	0.0	0.1	0.005
2328	0.0	0.1	0.003
2329	0.0	0.1	0.002
2330	0.0	0.1	0.001
2331	0.0	0.1	0.000
2332	0.0	0.1	0.000
2333	0.0	0.1	0.001
2334	0.0	0.1	0.002
2335	0.0	0.1	0.006
2336	0.0	0.1	0.007
2337	0.0	0.1	0.007
2338	0.0	0.1	0.007
2339	0.0	0.1	0.007
2340	0.0	0.1	0.006
2341	0.0	0.1	0.006
2342	0.0	0.1	0.005
2343	0.0	0.1	0.005
2344	0.0	0.1	0.004
2345	0.0	0.1	0.005
2346	0.0	0.1	0.006
2347	0.0	0.1	0.006
2348	0.0	0.1	0.008
2349	0.0	0.1	0.008
2350	0.0	0.1	0.008
2351	0.0	0.1	0.005
2352	0.0	0.1	0.003
2353	0.0	0.1	0.002
2354	0.0	0.1	0.001
2355	0.0	0.1	0.000
2356	0.0	0.1	0.000
2357	0.0	0.1	0.001
2358	0.0	0.1	0.002
2359	0.0	0.1	0.006
2360	0.0	0.1	0.007
2361	0.0	0.1	0.007
2362	0.0	0.1	0.007
2363	0.0	0.1	0.007
2364	0.0	0.1	0.006
2365	0.0	0.1	0.006
2366	0.0	0.1	0.005
2367	0.0	0.1	0.005
2368	0.0	0.1	0.004
2369	0.0	0.1	0.005
2370	0.0	0.1	0.006
2371	0.0	0.1	0.006
2372	0.0	0.1	0.008
2373	0.0	0.1	0.008
2374	0.0	0.1	0.008
2375	0.0	0.1	0.005
2376	0.0	0.1	0.003
2377	0.0	0.1	0.002
2378	0.0	0.1	0.001
2379	0.0	0.1	0.000
2380	0.0	0.1	0.000
2381	0.0	0.1	0.001
2382	0.0	0.1	0.002
2383	0.0	0.1	0.006
2384	0.0	0.1	0.007
2385	0.0	0.1	0.007
2386	0.0	0.1	0.007
2387	0.0	0.1	0.007
2388	0.0	0.1	0.006
2389	0.0	0.1	0.006
2390	0.0	0.1	0.005
2391	0.0	0.1	0.005
2392	0.0	0.1	0.004
2393	0.0	0.1	0.005
2394	0.0	0.1	0.006
2395	0.0	0.1	0.006
2396	0.0	0.1	0.008
2397	0.0	0.1	0.008
2398	0.0	0.1	0.008
2399	0.0	0.1	0.005
2400	0.0	0.1	0.003
2401	0.0	0.1	0.002
2402	0.0	0.1	0.001
2403	0.0	0.1	0.000
2404	0.0	0.1	0.000
2405	0.0	0.1	0.001
2406	0.0	0.1	0.002
2407	0.0	0.1	0.006
2408	0.0	0.1	0.007
2409	0.0	0.1	0.007
2410	0.0	0.1	0.007
2411	0.0	0.1	0.007
2412	0.0	0.1	0.006
2413	0.0	0.1	0.006
2414	0.0	0.1	0.005
2415	0.0	0.1	0.005
2416	0.0	0.1	0.004
2417	0.0	0.1	0.005
2418	0.0	0.1	0.006
2419	0.0	0.1	0.006
2420	0.0	0.1	0.008
2421	0.0	0.1	0.008
2422	0.0	0.1	0.008
2423	0.0	0.1	0.005
2424	0.0	0.1	0.003
2425	0.0	0.1	0.002
2426	0.0	0.1	0.001
2427	0.0	0.1	0.000
2428	0.0	0.1	0.000
2429	0.0	0.1	0.001
2430	0.0	0.1	0.002
2431	0.0	0.1	0.006
2432	0.0	0.1	0.007
2433	0.0	0.1	0.007
2434	0.0	0.1	0.007
2435	0.0	0.1	0.007
2436	0.0	0.1	0.006
2437	0.0	0.1	0.006
2438	0.0	0.1	0.005
2439	0.0	0.1	0.005
2440	0.0	0.1	0.004
2441	0.0	0.1	0.005
2442	0.0	0.1	0.006
2443	0.0	0.1	0.006
2444	0.0	0.1	0.008
2445	0.0	0.1	0.008
2446	0.0	0.1	0.008
2447	0.0	0.1	0.005
2448	0.0	0.1	0.003
2449	0.0	0.1	0.002
2450	0.0	0.1	0.001
2451	0.0	0.1	0.000
2452	0.0	0.1	0.000
2453	0.0	0.1	0.001
2454	0.0	0.1	0.002
2455	0.0	0.1	0.006
2456	0.0	0.1	0.007
2457	0.0	0.1	0.007
2458	0.0	0.1	0.007
2459	0.0	0.1	0.007
2460	0.0	0.1	0.006
2461	0.0	0.1	0.006
2462	0.0	0.1	0.005
2463	0.0	0.1	0.005
2464	0.0	0.1	0.004
2465	0.0	0.1	0.005
2466	0.0	0.1	0.006
2467	0.0	0.1	0.006
2468	0.0	0.1	0.008
2469	0.0	0.1	0.008
2470	0.0	0.1	0.008
2471	0.0	0.1	0.005
2472	0.0	0.1	0.003
2473	0.0	0.1	0.002
2474	0.0	0.1	0.001
2475	0.0	0.1	0.000
2476	0.0	0.1	0.000
2477	0.0	0.1	0.001
2478	0.0	0.1	0.002
2479	0.0	0.1	0.006
2480	0.0	0.1	0.007
2481	0.0	0.1	0.007
2482	0.0	0.1	0.007
2483	0.0	0.1	0.007
2484	0.0	0.1	0.006
2485	0.0	0.1	0.006
2486	0.0	0.1	0.005
2487	0.0	0.1	0.005
2488	0.0	0.1	0.004
2489	0.0	0.1	0.005
2490	0.0	0.1	0.006
2491	0.0	0.1	0.006
2492	0.0	0.1	0.008
2493	0.0	0.1	0.008
2494	0.0	0.1	0.008
2495	0.0	0.1	0.005
2496	0.0	0.1	0.003
2497	0.0	0.1	0.002
2498	0.0	0.1	0.001
2499	0.0	0.1	0.000
2500	0.0	0.1	0.000
2501	0.0	0.1	0.001
2502	0.0	0.1	0.002
2503	0.0	0.1	0.006
2504	0.0	0.1	0.007
2505	0.0	0.1	0.007
2506	0.0	0.1	0.007
2507	0.0	0.1	0.007
2508	0.0	0.1	0.006
2509	0.0	0.1	0.006
2510	0.0	0.1	0.005
2511	0.0	0.1	0.005
2512	0.0	0.1	0.004
2513	0.0	0.1	0.005
2514	0.0	0.1	0.006
2515	0.0	0.1	0.006
2516	0.0	0.1	0.008
2517	0.0	0.1	0.008
2518	0.0	0.1	0.008
2519	0.0	0.1	0.005
2520	0.0	0.1	0.003
2521	0.0	0.1	0.002
2522	0.0	0.1	0.001
2523	0.0	0.1	0.000
2524	0.0	0.1	0.000
2525	0.0	0.1	0.001
2526	0.0	0.1	0.002
2527	0.0	0.1	0.006
2528	0.0	0.1	0.007
2529	0.0	0.1	0.007
2530	0.0	0.1	0.007
2531	0.0	0.1	0.007
2532	0.0	0.1	0.006
2533	0.0	0.1	0.006
2534	0.0	0.1	0.005
2535	0.0	0.1	0.005
2536	0.0	0.1	0.004
2537	0.0	0.1	0.005
2538	0.0	0.1	0.006
2539	0.0	0.1	0.006
2540	0.0	0.1	0.008
2541	0.0	0.1	0.008
2542	0.0	0.1	0.008
2543	0.0	0.1	0.005
2544	0.0	0.1	0.003
2545	0.0	0.1	0.002
2546	0.0	0.1	0.001
2547	0.0	0.1	0.000
2548	0.0	0.1	0.000
2549	0.0	0.1	0.001
2550	0.0	0.1	0.002
2551	0.0	0.1	0.006
2552	0.0	0.1	0.007
2553	0.0	0.1	0.007
2554	0.0	0.1	0.007
2555	0.0	0.1	0.007
2556	0.0	0.1	0.006
2557	0.0	0.1	0.006
2558	0.0	0.1	0.005
2559	0.0	0.1	0.005
2560	0.0	0.1	0.004
2561	0.0	0.1	0.005
2562	0.0	0.1	0.006
2563	0.0	0.1	0.006
2564	0.0	0.1	0.008
2565	0.0	0.1	0.008
2566	0.0	0.1	0.008
2567	0.0	0.1	0.005
2568	0.0	0.1	0.003
2569	0.0	0.1	0.002
2570	0.0	0.1	0.001
2571	0.0	0.1	0.000
2572	0.0	0.1	0.000
2573	0.0	0.1	0.001
2574	0.0	0.1	0.002
2575	0.0	0.1	0.006
2576	0.0	0.1	0.007
2577	0.0	0.1	0.007
2578	0.0	0.1	0.007
2579	0.0	0.1	0.007
2580	0.0	0.1	0.006
2581	0.0	0.1	0.006
2582	0.0	0.1	0.005
2583	0.0	0.1	0.005
2584	0.0	0.1	0.004
2585	0.0	0.1	0.005
2586	0.0	0.1	0.006
2587	0.0	0.1	0.006
2588	0.0	0.1	0.008
2589	0.0	0.1	0.008
2590	0.0	0.1	0.008
2591	0.0	0.1	0.005
2592	0.0	0.1	0.003
2593	0.0	0.1	0.002
2594	0.0	0.1	0.001
2595	0.0	0.1	0.000
2596	0.0	0.1	0.000
2597	0.0	0.1	0.001
2598	0.0	0.1	0.002
2599	0.0	0.1	0.006
2600	0.0	0.1	0.007
2601	0.0	0.1	0.007
2602	0.0	0.1	0.007
2603	0.0	0.1	0.007
2604	0.0	0.1	0.006
2605	0.0	0.1	0.006
2606	0.0	0.1	0.005
2607	0.0	0.1	0.005
2608	0.0	0.1	0.004
2609	0.0	0.1	0.005
2610	0.0	0.1	0.006
2611	0.0	0.1	0.006
2612	0.0	0.1	0.008
2613	0.0	0.1	0.008
2614	0.0	0.1	0.008
2615	0.0	0.1	0.005
2616	0.0	0.1	0.003
2617	0.0	0.1	0.002
2618	0.0	0.1	0.001
2619	0.0	0.1	0.000
2620	0.0	0.1	0.000
2621	0.0	0.1	0.001
2622	0.0	0.1	0.002
2623	0.0	0.1	0.006
2624	0.0	0.1	0.007
2625	0.0	0.1	0.007
2626	0.0	0.1	0.007
2627	0.0	0.1	0.007
2628	0.0	0.1	0.006
2629	0.0	0.1	0.006
2630	0.0	0.1	0.005
2631	0.0	0.1	0.005
2632	0.0	0.1	0.004
2633	0.0	0.1	0.005
2634	0.0	0.1	0.006
2635	0.0	0.1	0.006
2636	0.0	0.1	0.008
2637	0.0	0.1	0.008
2638	0.0	0.1	0.008
2639	0.0	0.1	0.005
2640	0.0	0.1	0.003
2641	0.0	0.1	0.002
2642	0.0	0.1	0.001
2643	0.0	0.1	0.000
2644	0.0	0.1	0.000
2645	0.0	0.1	0.001
2646	0.0	0.1	0.002
2647	0.0	0.1	0.006
2648	0.0	0.1	0.007
2649	0.0	0.1	0.007
2650	0.0	0.1	0.007
2651	0.0	0.1	0.007
2652	0.0	0.1	0.006
2653	0.0	0.1	0.006
2654	0.0	0.1	0.005
2655	0.0	0.1	0.005
2656	0.0	0.1	0.004
2657	0.0	0.1	0.005
2658	0.0	0.1	0.006
2659	0.0	0.1	0.006
2660	0.0	0.1	0.008
2661	0.0	0.1	0.008
2662	0.0	0.1	0.008
2663	0.0	0.1	0.005
2664	0.0	0.1	0.003
2665	0.0	0.1	0.002
2666	0.0	0.1	0.001
2667	0.0	0.1	0.000
2668	0.0	0.1	0.000
2669	0.0	0.1	0.001
2670	0.0	0.1	0.002
2671	0.0	0.1	0.006
2672	0.0	0.1	0.007
2673	0.0	0.1	0.007
2674	0.0	0.1	0.007
2675	0.0	0.1	0.007
2676	0.0	0.1	0.006
2677	0.0	0.1	0.006
2678	0.0	0.1	0.005
2679	0.0	0.1	0.005
2680	0.0	0.1	0.004
2681	0.0	0.1	0.005
2682	0.0	0.1	0.006
2683	0.0	0.1	0.006
2684	0.0	0.1	0.008
2685	0.0	0.1	0.008
2686	0.0	0.1	0.008
2687	0.0	0.1	0.005
2688	0.0	0.1	0.003
2689	0.0	0.1	0.002
2690	0.0	0.1	0.001
2691	0.0	0.1	0.000
2692	0.0	0.1	0.000
2693	0.0	0.1	0.001
2694	0.0	0.1	0.002
2695	0.0	0.1	0.006
2696	0.0	0.1	0.007
2697	0.0	0.1	0.007
2698	0.0	0.1	0.007
2699	0.0	0.1	0.007
2700	0.0	0.1	0.006
2701	0.0	0.1	0.006
2702	0.0	0.1	0.005
2703	0.0	0.1	0.005
2704	0.0	0.1	0.004
2705	0.0	0.1	0.005
2706	0.0	0.1	0.006
2707	0.0	0.1	0.006
2708	0.0	0.1	0.008
2709	0.0	0.1	0.008
2710	0.0	0.1	0.008
2711	0.0	0.1	0.005
2712	0.0	0.1	0.003
2713	0.0	0.1	0.002
2714	0.0	0.1	0.001
2715	0.0	0.1	0.000
2716	0.0	0.1	0.000
2717	0.0	0.1	0.001
2718	0.0	0.1	0.002
2719	0.0	0.1	0.006
2720	0.0	0.1	0.007
2721	0.0	0.1	0.007
2722	0.0	0.1	0.007
2723	0.0	0.1	0.007
2724	0.0	0.1	0.006
2725	0.0	0.1	0.006
2726	0.0	0.1	0.005
2727	0.0	0.1	0.005
2728	0.0	0.1	0.004
2729	0.0	0.1	0.005
2730	0.0	0.1	0.006
2731	0.0	0.1	0.006
2732	0.0	0.1	0.008
2733	0.0	0.1	0.008
2734	0.0	0.1	0.008
2735	0.0	0.1	0.005
2736	0.0	0.1	0.003
2737	0.0	0.1	0.002
2738	0.0	0.1	0.001
2739	0.0	0.1	0.000
2740	0.0	0.1	0.000
2741	0.0	0.1	0.001
2742	0.0	0.1	0.002
2743	0.0	0.1	0.006
2744	0.0	0.1	0.007
2745	0.0	0.1	0.007
2746	0.0	0.1	0.007
2747	0.0	0.1	0.007
2748	0.0	0.1	0.006
2749	0.0	0.1	0.006
2750	0.0	0.1	0.005
2751	0.0	0.1	0.005
2752	0.0	0.1	0.004
2753	0.0	0.1	0.005
2754	0.0	0.1	0.006
2755	0.0	0.1	0.006
2756	0.0	0.1	0.008
2757	0.0	0.1	0.008
2758	0.0	0.1	0.008
2759	0.0	0.1	0.005
2760	0.0	0.1	0.003
2761	0.0	0.1	0.002
2762	0.0	0.1	0.001
2763	0.0	0.1	0.000
2764	0.0	0.1	0.000
2765	0.0	0.1	0.001
2766	0.0	0.1	0.002
2767	0.0	0.1	0.006
2768	0.0	0.1	0.007
2769	0.0	0.1	0.007
2770	0.0	0.1	0.007
2771	0.0	0.1	0.007
2772	0.0	0.1	0.006
2773	0.0	0.1	0.006
2774	0.0	0.1	0.005
2775	0.0	0.1	0.005
2776	0.0	0.1	0.004
2777	0.0	0.1	0.005
2778	0.0	0.1	0.006
2779	0.0	0.1	0.006
2780	0.0	0.1	0.008
2781	0.0	0.1	0.008
2782	0.0	0.1	0.008
2783	0.0	0.1	0.005
2784	0.0	0.1	0.003
2785	0.0	0.1	0.002
2786	0.0	0.1	0.001
2787	0.0	0.1	0.000
2788	0.0	0.1	0.000
2789	0.0	0.1	0.001
2790	0.0	0.1	0.002
2791	0.0	0.1	0.006
2792	0.0	0.1	0.007
2793	0.0	0.1	0.007
2794	0.0	0.1	0.007
2795	0.0	0.1	0.007
2796	0.0	0.1	0.006
2797	0.0	0.1	0.006
2798	0.0	0.1	0.005
2799	0.0	0.1	0.005
2800	0.0	0.1	0.004
2801	0.0	0.1	0.005
2802	0.0	0.1	0.006
2803	0.0	0.1	0.006
2804	0.0	0.1	0.008
2805	0.0	0.1	0.008
2806	0.0	0.1	0.008
2807	0.0	0.1	0.005
2808	0.0	0.1	0.003
2809	0.0	0.1	0.002
2810	0.0	0.1	0.001
2811	0.0	0.1	0.000
2812	0.0	0.1	0.000
2813	0.0	0.1	0.001
2814	0.0	0.1	0.002
2815	0.0	0.1	0.006
2816	0.0	0.1	0.007
2817	0.0	0.1	0.007
2818	0.0	0.1	0.007
2819	0.0	0.1	0.007
2820	0.0	0.1	0.006
2821	0.0	0.1	0.006
2822	0.0	0.1	0.005
2823	0.0	0.1	0.005
2824	0.0	0.1	0.004
2825	0.0	0.1	0.005
2826	0.0	0.1	0.006
2827	0.0	0.1	0.006
2828	0.0	0.1	0.008
2829	0.0	0.1	0.008
2830	0.0	0.1	0.008
2831	0.0	0.1	0.005
2832	0.0	0.1	0.003
2833	0.0	0.1	0.002
2834	0.0	0.1	0.001
2835	0.0	0.1	0.000
2836	0.0	0.1	0.000
2837	0.0	0.1	0.001
2838	0.0	0.1	0.002
2839	0.0	0.1	0.006
2840	0.0	0.1	0.007
2841	0.0	0.1	0.007
2842	0.0	0.1	0.007
2843	0.0	0.1	0.007
2844	0.0	0.1	0.006
2845	0.0	0.1	0.006
2846	0.0	0.1	0.005
2847	0.0	0.1	0.005
2848	0.0	0.1	0.004
2849	0.0	0.1	0.005
2850	0.0	0.1	0.006
2851	0.0	0.1	0.006
2852	0.0	0.1	0.008
2853	0.0	0.1	0.008
2854	0.0	0.1	0.008
2855	0.0	0.1	0.005
2856	0.0	0.1	0.003
2857	0.0	0.1	0.002
2858	0.0	0.1	0.001
2859	0.0	0.1	0.000
2860	0.0	0.1	0.000
2861	0.0	0.1	0.001
2862	0.0	0.1	0.002
2863	0.0	0.1	0.006
2864	0.0	0.1	0.007
2865	0.0	0.1	0.007
2866	0.0	0.1	0.007
2867	0.0	0.1	0.007
2868	0.0	0.1	0.006
2869	0.0	0.1	0.006
2870	0.0	0.1	0.005
2871	0.0	0.1	0.005
2872	0.0	0.1	0.004
2873	0.0	0.1	0.005
2874	0.0	0.1	0.006
2875	0.0	0.1	0.006
2876	0.0	0.1	0.008
2877	0.0	0.1	0.008
2878	0.0	0.1	0.008
2879	0.0	0.1	0.005
2880	0.0	0.1	0.003
2881	0.0	0.1	0.002
2882	0.0	0.1	0.001
2883	0.0	0.1	0.000
2884	0.0	0.1	0.000
2885	0.0	0.1	0.001
2886	0.0	0.1	0.002
2887	0.0	0.1	0.006
2888	0.0	0.1	0.007
2889	0.0	0.1	0.007
2890	0.0	0.1	0.007
2891	0.0	0.1	0.007
2892	0.0	0.1	0.006
2893	0.0	0.1	0.006
2894	0.0	0.1	0.005
2895	0.0	0.1	0.005
2896	0.0	0.1	0.004
2897	0.0	0.1	0.005
2898	0.0	0.1	0.006
2899	0.0	0.1	0.006
2900	0.0	0.1	0.008
2901	0.0	0.1	0.008
2902	0.0	0.1	0.008
2903	0.0	0.1	0.005
2904	0.0	0.1	0.003
2905	0.0	0.1	0.002
2906	0.0	0.1	0.001
2907	0.0	0.1	0.000
2908	0.0	0.1	0.000
2909	0.0	0.1	0.001
2910	0.0	0.1	0.002
2911	0.0	0.1	0.006
2912	0.0	0.1	0.007
2913	0.0	0.1	0.007
2914	0.0	0.1	0.007
2915	0.0	0.1	0.007
2916	0.0	0.1	0.006
2917	0.0	0.1	0.006
2918	0.0	0.1	0.005
2919	0.0	0.1	0.005
2920	0.0	0.1	0.004
2921	0.0	0.1	0.005
2922	0.0	0.1	0.006
2923	0.0	0.1	0.006
2924	0.0	0.1	0.008
2925	0.0	0.1	0.008
2926	0.0	0.1	0.008
2927	0.0	0.1	0.005
2928	0.0	0.1	0.003
2929	0.0	0.1	0.002
2930	0.0	0.1	0.001
2931	0.0	0.1	0.000
2932	0.0	0.1	0.000
2933	0.0	0.1	0.001
2934	0.0	0.1	0.002
2935	0.0	0.1	0.006
2936	0.0	0.1	0.007
2937	0.0	0.1	0.007
2938	0.0	0.1	0.007
2939	0.0	0.1	0.007
2940	0.0	0.1	0.006
2941	0.0	0.1	0.006
2942	0.0	0.1	0.005
2943	0.0	0.1	0.005
2944	0.0	0.1	0.004
2945	0.0	0.1	0.005
2946	0.0	0.1	0.006
2947	0.0	0.1	0.006
2948	0.0	0.1	0.008
2949	0.0	0.1	0.008
2950	0.0	0.1	0.008
2951	0.0	0.1	0.005
2952	0.0	0.1	0.003
2953	0.0	0.1	0.002
2954	0.0	0.1	0.001
2955	0.0	0.1	0.000
2956	0.0	0.1	0.000
2957	0.0	0.1	0.001
2958	0.0	0.1	0.002
2959	0.0	0.1	0.006
2960	0.0	0.1	0.007
2961	0.0	0.1	0.007
2962	0.0	0.1	0.007
2963	0.0	0.1	0.007
2964	0.0	0.1	0.006
2965	0.0	0.1	0.006
2966	0.0	0.1	0.005
2967	0.0	0.1	0.005
2968	0.0	0.1	0.004
2969	0.0	0.1	0.005
2970	0.0	0.1	0.006
2971	0.0	0.1	0.006
2972	0.0	0.1	0.008
2973	0.0	0.1	0.008
2974	0.0	0.1	0.008
2975	0.0	0.1	0.005
2976	0.0	0.1	0.003
2977	0.0	0.1	0.002
2978	0.0	0.1	0.001
2979	0.0	0.1	0.000
2980	0.0	0.1	0.000
2981	0.0	0.1	0.001
2982	0.0	0.1	0.002
2983	0.0	0.1	0.006
2984	0.0	0.1	0.007
2985	0.0	0.1	0.007
2986	0.0	0.1	0.007
2987	0.0	0.1	0.007
2988	0.0	0.1	0.006
2989	0.0	0.1	0.006
2990	0.0	0.1	0.005
2991	0.0	0.1	0.005
2992	0.0	0.1	0.004
2993	0.0	0.1	0.005
2994	0.0	0.1	0.006
2995	0.0	0.1	0.006
2996	0.0	0.1	0.008
2997	0.0	0.1	0.008
2998	0.0	0.1	0.008
2999	0.0	0.1	0.005
3000	0.0	0.1	0.003
3001	0.0	0.1	0.002
3002	0.0	0.1	0.001
3003	0.0	0.1	0.000
3004	0.0	0.1	0.000
3005	0.0	0.1	0.001
3006	0.0	0.1	0.002
3007	0.0	0.1	0.006
3008	0.0	0.1	0.007
3009	0.0	0.1	0.007
3010	0.0	0.1	0.007
3011	0.0	0.1	0.007
3012	0.0	0.1	0.006
3013	0.0	0.1	0.006
3014	0.0	0.1	0.005
3015	0.0	0.1	0.005
3016	0.0	0.1	0.004
3017	0.0	0.1	0.005
3018	0.0	0.1	0.006
3019	0.0	0.1	0.006
3020	0.0	0.1	0.008
3021	0.0	0.1	0.008
3022	0.0	0.1	0.008
3023	0.0	0.1	0.005
3024	0.0	0.1	0.003
3025	0.0	0.1	0.002
3026	0.0	0.1	0.001
3027	0.0	0.1	0.000
3028	0.0	0.1	0.000
3029	0.0	0.1	0.001
3030	0.0	0.1	0.002
3031	0.0	0.1	0.006
3032	0.0	0.1	0.007
3033	0.0	0.1	0.007
3034	0.0	0.1	0.007
3035	0.0	0.1	0.007
3036	0.0	0.1	0.006
3037	0.0	0.1	0.006
3038	0.0	0.1	0.005
3039	0.0	0.1	0.005
3040	0.0	0.1	0.004
3041	0.0	0.1	0.005
3042	0.0	0.1	0.006
3043	0.0	0.1	0.006
3044	0.0	0.1	0.008
3045	0.0	0.1	0.008
3046	0.0	0.1	0.008
3047	0.0	0.1	0.005
3048	0.0	0.1	0.003
3049	0.0	0.1	0.002
3050	0.0	0.1	0.001
3051	0.0	0.1	0.000
3052	0.0	0.1	0.000
3053	0.0	0.1	0.001
3054	0.0	0.1	0.002
3055	0.0	0.1	0.006
3056	0.0	0.1	0.007
3057	0.0	0.1	0.007
3058	0.0	0.1	0.007
3059	0.0	0.1	0.007
3060	0.0	0.1	0.006
3061	0.0	0.1	0.006
3062	0.0	0.1	0.005
3063	0.0	0.1	0.005
3064	0.0	0.1	0.004
3065	0.0	0.1	0.005
3066	0.0	0.1	0.006
3067	0.0	0.1	0.006
3068	0.0	0.1	0.008
3069	0.0	0.1	0.008
3070	0.0	0.1	0.008
3071	0.0	0.1	0.005
3072	0.0	0.1	0.003
3073	0.0	0.1	0.002
3074	0.0	0.1	0.001
3075	0.0	0.1	0.000
3076	0.0	0.1	0.000
3077	0.0	0.1	0.001
3078	0.0	0.1	0.002
3079	0.0	0.1	0.006
3080	0.0	0.1	0.007
3081	0.0	0.1	0.007
3082	0.0	0.1	0.007
3083	0.0	0.1	0.007
3084	0.0	0.1	0.006
3085	0.0	0.1	0.006
3086	0.0	0.1	0.005
3087	0.0	0.1	0.005
3088	0.0	0.1	0.004
3089	0.0	0.1	0.005
3090	0.0	0.1	0.006
3091	0.0	0.1	0.006
3092	0.0	0.1	0.008
3093	0.0	0.1	0.008
3094	0.0	0.1	0.008
3095	0.0	0.1	0.005
3096	0.0	0.1	0.003
3097	0.0	0.1	0.002
3098	0.0	0.1	0.001
3099	0.0	0.1	0.000
3100	0.0	0.1	0.000
3101	0.0	0.1	0.001
3102	0.0	0.1	0.002
3103	0.0	0.1	0.006
3104	0.0	0.1	0.007
3105	0.0	0.1	0.007
3106	0.0	0.1	0.007
3107	0.0	0.1	0.007
3108	0.0	0.1	0.006
3109	0.0	0.1	0.006
3110	0.0	0.1	0.005
3111	0.0	0.1	0.005
3112	0.0	0.1	0.004
3113	0.0	0.1	0.005
3114	0.0	0.1	0.006
3115	0.0	0.1	0.006
3116	0.0	0.1	0.008
3117	0.0	0.1	0.008
3118	0.0	0.1	0.008
3119	0.0	0.1	0.005
3120	0.0	0.1	0.003
3121	0.0	0.1	0.002
3122	0.0	0.1	0.001
3123	0.0	0.1	0.000
3124	0.0	0.1	0.000
3125	0.0	0.1	0.001
3126	0.0	0.1	0.002
3127	0.0	0.1	0.006
3128	0.0	0.1	0.007
3129	0.0	0.1	0.007
3130	0.0	0.1	0.007
3131	0.0	0.1	0.007
3132	0.0	0.1	0.006
3133	0.0	0.1	0.006
3134	0.0	0.1	0.005
3135	0.0	0.1	0.005
3136	0.0	0.1	0.004
3137	0.0	0.1	0.005
3138	0.0	0.1	0.006
3139	0.0	0.1	0.006
3140	0.0	0.1	0.008
3141	0.0	0.1	0.008
3142	0.0	0.1	0.008
3143	0.0	0.1	0.005
3144	0.0	0.1	0.003
3145	0.0	0.1	0.002
3146	0.0	0.1	0.001
3147	0.0	0.1	0.000
3148	0.0	0.1	0.000
3149	0.0	0.1	0.001
3150	0.0	0.1	0.002
3151	0.0	0.1	0.006
3152	0.0	0.1	0.007
3153	0.0	0.1	0.007
3154	0.0	0.1	0.007
3155	0.0	0.1	0.007
3156	0.0	0.1	0.006
3157	0.0	0.1	0.006
3158	0.0	0.1	0.005
3159	0.0	0.1	0.005
3160	0.0	0.1	0.004
3161	0.0	0.1	0.005
3162	0.0	0.1	0.006
3163	0.0	0.1	0.006
3164	0.0	0.1	0.008
3165	0.0	0.1	0.008
3166	0.0	0.1	0.008
3167	0.0	0.1	0.005
3168	0.0	0.1	0.003
3169	0.0	0.1	0.002
3170	0.0	0.1	0.001
3171	0.0	0.1	0.000
3172	0.0	0.1	0.000
3173	0.0	0.1	0.001
3174	0.0	0.1	0.002
3175	0.0	0.1	0.006
3176	0.0	0.1	0.007
3177	0.0	0.1	0.007
3178	0.0	0.1	0.007
3179	0.0	0.1	0.007
3180	0.0	0.1	0.006
3181	0.0	0.1	0.006
3182	0.0	0.1	0.005
3183	0.0	0.1	0.005
3184	0.0	0.1	0.004
3185	0.0	0.1	0.005
3186	0.0	0.1	0.006
3187	0.0	0.1	0.006
3188	0.0	0.1	0.008
3189	0.0	0.1	0.008
3190	0.0	0.1	0.008
3191	0.0	0.1	0.005
3192	0.0	0.1	0.003
3193	0.0	0.1	0.002
3194	0.0	0.1	0.001
3195	0.0	0.1	0.000
3196	0.0	0.1	0.000
3197	0.0	0.1	0.001
3198	0.0	0.1	0.002
3199	0.0	0.1	0.006
3200	0.0	0.1	0.007
3201	0.0	0.1	0.007
3202	0.0	0.1	0.007
3203	0.0	0.1	0.007
3204	0.0	0.1	0.006
3205	0.0	0.1	0.006
3206	0.0	0.1	0.005
3207	0.0	0.1	0.005
3208	0.0	0.1	0.004
3209	0.0	0.1	0.005
3210	0.0	0.1	0.006
3211	0.0	0.1	0.006
3212	0.0	0.1	0.008
3213	0.0	0.1	0.008
3214	0.0	0.1	0.008
3215	0.0	0.1	0.005
3216	0.0	0.1	0.003
3217	0.0	0.1	0.002
3218	0.0	0.1	0.001
3219	0.0	0.1	0.000
3220	0.0	0.1	0.000
3221	0.0	0.1	0.001
3222	0.0	0.1	0.002
3223	0.0	0.1	0.006
3224	0.0	0.1	0.007
3225	0.0	0.1	0.007
3226	0.0	0.1	0.007
3227	0.0	0.1	0.007
3228	0.0	0.1	0.006
3229	0.0	0.1	0.006
3230	0.0	0.1	0.005
3231	0.0	0.1	0.005
3232	0.0	0.1	0.004
3233	0.0	0.1	0.005
3234	0.0	0.1	0.006
3235	0.0	0.1	0.006
3236	0.0	0.1	0.008
3237	0.0	0.1	0.008
3238	0.0	0.1	0.008
3239	0.0	0.1	0.005
3240	0.0	0.1	0.003
3241	0.0	0.1	0.002
3242	0.0	0.1	0.001
3243	0.0	0.1	0.000
3244	0.0	0.1	0.000
3245	0.0	0.1	0.001
3246	0.0	0.1	0.002
3247	0.0	0.1	0.006
3248	0.0	0.1	0.007
3249	0.0	0.1	0.007
3250	0.0	0.1	0.007
3251	0.0	0.1	0.007
3252	0.0	0.1	0.006
3253	0.0	0.1	0.006
3254	0.0	0.1	0.005
3255	0.0	0.1	0.005
3256	0.0	0.1	0.004
3257	0.0	0.1	0.005
3258	0.0	0.1	0.006
3259	0.0	0.1	0.006
3260	0.0	0.1	0.008
3261	0.0	0.1	0.008
3262	0.0	0.1	0.008
3263	0.0	0.1	0.005
3264	0.0	0.1	0.003
3265	0.0	0.1	0.002
3266	0.0	0.1	0.001
3267	0.0	0.1	0.000
3268	0.0	0.1	0.000
3269	0.0	0.1	0.001
3270	0.0	0.1	0.002
3271	0.0	0.1	0.006
3272	0.0	0.1	0.007
3273	0.0	0.1	0.007
3274	0.0	0.1	0.007
3275	0.0	0.1	0.007
3276	0.0	0.1	0.006
3277	0.0	0.1	0.006
3278	0.0	0.1	0.005
3279	0.0	0.1	0.005
3280	0.0	0.1	0.004
3281	0.0	0.1	0.005
3282	0.0	0.1	0.006
3283	0.0	0.1	0.006
3284	0.0	0.1	0.008
3285	0.0	0.1	0.008
3286	0.0	0.1	0.008
3287	0.0	0.1	0.005
3288	0.0	0.1	0.003
3289	0.0	0.1	0.002
3290	0.0	0.1	0.001
3291	0.0	0.1	0.000
3292	0.0	0.1	0.000
3293	0.0	0.1	0.001
3294	0.0	0.1	0.002
3295	0.0	0.1	0.006
3296	0.0	0.1	0.007
3297	0.0	0.1	0.007
3298	0.0	0.1	0.007
3299	0.0	0.1	0.007
3300	0.0	0.1	0.006
3301	0.0	0.1	0.006
3302	0.0	0.1	0.005
3303	0.0	0.1	0.005
3304	0.0	0.1	0.004
3305	0.0	0.1	0.005
3306	0.0	0.1	0.006
3307	0.0	0.1	0.006
3308	0.0	0.1	0.008
3309	0.0	0.1	0.008
3310	0.0	0.1	0.008
3311	0.0	0.1	0.005
3312	0.0	0.1	0.003
3313	0.0	0.1	0.002
3314	0.0	0.1	0.001
3315	0.0	0.1	0.000
3316	0.0	0.1	0.000
3317	0.0	0.1	0.001
3318	0.0	0.1	0.002
3319	0.0	0.1	0.006
3320	0.0	0.1	0.007
3321	0.0	0.1	0.007
3322	0.0	0.1	0.007
3323	0.0	0.1	0.007
3324	0.0	0.1	0.006
3325	0.0	0.1	0.006
3326	0.0	0.1	0.005
3327	0.0	0.1	0.005
3328	0.0	0.1	0.004
3329	0.0	0.1	0.005
3330	0.0	0.1	0.006
3331	0.0	0.1	0.006
3332	0.0	0.1	0.008
3333	0.0	0.1	0.008
3334	0.0	0.1	0.008
3335	0.0	0.1	0.005
3336	0.0	0.1	0.003
3337	0.0	0.1	0.002
3338	0.0	0.1	0.001
3339	0.0	0.1	0.000
3340	0.0	0.1	0.000
3341	0.0	0.1	0.001
3342	0.0	0.1	0.002
3343	0.0	0.1	0.006
3344	0.0	0.1	0.007
3345	0.0	0.1	0.007
3346	0.0	0.1	0.007
3347	0.0	0.1	0.007
3348	0.0	0.1	0.006
3349	0.0	0.1	0.006
3350	0.0	0.1	0.005
3351	0.0	0.1	0.005
3352	0.0	0.1	0.004
3353	0.0	0.1	0.005
3354	0.0	0.1	0.006
3355	0.0	0.1	0.006
3356	0.0	0.1	0.008
3357	0.0	0.1	0.008
3358	0.0	0.1	0.008
3359	0.0	0.1	0.005
3360	0.0	0.1	0.003
3361	0.0	0.1	0.002
3362	0.0	0.1	0.001
3363	0.0	0.1	0.000
3364	0.0	0.1	0.000
3365	0.0	0.1	0.001
3366	0.0	0.1	0.002
3367	0.0	0.1	0.006
3368	0.0	0.1	0.007
3369	0.0	0.1	0.007
3370	0.0	0.1	0.007
3371	0.0	0.1	0.007
3372	0.0	0.1	0.006
3373	0.0	0.1	0.006
3374	0.0	0.1	0.005
3375	0.0	0.1	0.005
3376	0.0	0.1	0.004
3377	0.0	0.1	0.005
3378	0.0	0.1	0.006
3379	0.0	0.1	0.006
3380	0.0	0.1	0.008
3381	0.0	0.1	0.008
3382	0.0	0.1	0.008
3383	0.0	0.1	0.005
3384	0.0	0.1	0.003
3385	0.0	0.1	0.002
3386	0.0	0.1	0.001
3387	0.0	0.1	0.000
3388	0.0	0.1	0.000
3389	0.0	0.1	0.001
3390	0.0	0.1	0.002
3391	0.0	0.0	0.006
3392	0.0	0.0	0.007
3393	0.0	0.0	0.007
3394	0.0	0.0	0.007
3395	0.0	0.0	0.007
3396	0.0	0.0	0.006
3397	0.0	0.0	0.006
3398	0.0	0.0	0.005
3399	0.0	0.0	0.005
3400	0.0	0.0	0.004
3401	0.0	0.0	0.005
3402	0.0	0.0	0.006
3403	0.0	0.0	0.006
3404	0.0	0.0	0.008
3405	0.0	0.0	0.008
3406	0.0	0.0	0.008
3407	0.0	0.0	0.005
3408	0.0	0.0	0.003
3409	0.0	0.0	0.002
3410	0.0	0.0	0.001
3411	0.0	0.0	0.000
3412	0.0	0.0	0.000
3413	0.0	0.0	0.001
3414	0.0	0.0	0.002
3415	0.0	0.0	0.006
3416	0.0	0.0	0.007
3417	0.0	0.0	0.007
3418	0.0	0.0	0.007
3419	0.0	0.0	0.007
3420	0.0	0.0	0.006
3421	0.0	0.0	0.006
3422	0.0	0.0	0.005
3423	0.0	0.0	0.005
3424	0.0	0.0	0.004
3425	0.0	0.0	0.005
3426	0.0	0.0	0.006
3427	0.0	0.0	0.006
3428	0.0	0.0	0.008
3429	0.0	0.0	0.008
3430	0.0	0.0	0.008
3431	0.0	0.0	0.005
3432	0.0	0.0	0.003
3433	0.0	0.0	0.002
3434	0.0	0.0	0.001
3435	0.0	0.0	0.000
3436	0.0	0.0	0.000
3437	0.0	0.0	0.001
3438	0.0	0.0	0.002
3439	0.0	0.0	0.006
3440	0.0	0.0	0.007
3441	0.0	0.0	0.007
3442	0.0	0.0	0.007
3443	0.0	0.0	0.007
3444	0.0	0.0	0.006
3445	0.0	0.0	0.006
3446	0.0	0.0	0.005
3447	0.0	0.0	0.005
3448	0.0	0.0	0.004
3449	0.0	0.0	0.005
3450	0.0	0.0	0.006
3451	0.0	0.0	0.006
3452	0.0	0.0	0.008
3453	0.0	0.0	0.008
3454	0.0	0.0	0.008
3455	0.0	0.0	0.005
3456	0.0	0.0	0.003
3457	0.0	0.0	0.002
3458	0.0	0.0	0.001
3459	0.0	0.0	0.000
3460	0.0	0.0	0.000
3461	0.0	0.0	0.001
3462	0.0	0.0	0.002
3463	0.0	0.0	0.006
3464	0.0	0.0	0.007
3465	0.0	0.0	0.007
3466	0.0	0.0	0.007
3467	0.0	0.0	0.007
3468	0.0	0.0	0.006
3469	0.0	0.0	0.006
3470	0.0	0.0	0.005
3471	0.0	0.0	0.005
3472	0.0	0.0	0.004
3473	0.0	0.0	0.005
3474	0.0	0.0	0.006
3475	0.0	0.0	0.006
3476	0.0	0.0	0.008
3477	0.0	0.0	0.008
3478	0.0	0.0	0.008
3479	0.0	0.0	0.005
3480	0.0	0.0	0.003
3481	0.0	0.0	0.002
3482	0.0	0.0	0.001
3483	0.0	0.0	0.000
3484	0.0	0.0	0.000
3485	0.0	0.0	0.001
3486	0.0	0.0	0.002
3487	0.0	0.0	0.006
3488	0.0	0.0	0.007
3489	0.0	0.0	0.007
3490	0.0	0.0	0.007
3491	0.0	0.0	0.007
3492	0.0	0.0	0.006
3493	0.0	0.0	0.006
3494	0.0	0.0	0.005
3495	0.0	0.0	0.005
3496	0.0	0.0	0.004
3497	0.0	0.0	0.005
3498	0.0	0.0	0.006
3499	0.0	0.0	0.006
3500	0.0	0.0	0.008
3501	0.0	0.0	0.008
3502	0.0	0.0	0.008
3503	0.0	0.0	0.005
3504	0.0	0.0	0.003
3505	0.0	0.0	0.002
3506	0.0	0.0	0.001
3507	0.0	0.0	0.000
3508	0.0	0.0	0.000
3509	0.0	0.0	0.001
3510	0.0	0.0	0.002
3511	0.0	0.0	0.006
3512	0.0	0.0	0.007
3513	0.0	0.0	0.007
3514	0.0	0.0	0.007
3515	0.0	0.0	0.007
3516	0.0	0.0	0.006
3517	0.0	0.0	0.006
3518	0.0	0.0	0.005
3519	0.0	0.0	0.005
3520	0.0	0.0	0.004
3521	0.0	0.0	0.005
3522	0.0	0.0	0.006
3523	0.0	0.0	0.006
3524	0.0	0.0	0.008
3525	0.0	0.0	0.008
3526	0.0	0.0	0.008
3527	0.0	0.0	0.005
3528	0.0	0.0	0.003
3529	0.0	0.0	0.002
3530	0.0	0.0	0.001
3531	0.0	0.0	0.000
3532	0.0	0.0	0.000
3533	0.0	0.0	0.001
3534	0.0	0.0	0.002
3535	0.0	0.0	0.006
3536	0.0	0.0	0.007
3537	0.0	0.0	0.007
3538	0.0	0.0	0.007
3539	0.0	0.0	0.007
3540	0.0	0.0	0.006
3541	0.0	0.0	0.006
3542	0.0	0.0	0.005
3543	0.0	0.0	0.005
3544	0.0	0.0	0.004
3545	0.0	0.0	0.005
3546	0.0	0.0	0.006
3547	0.0	0.0	0.006
3548	0.0	0.0	0.008
3549	0.0	0.0	0.008
3550	0.0	0.0	0.008
3551	0.0	0.0	0.005
3552	0.0	0.0	0.003
3553	0.0	0.0	0.002
3554	0.0	0.0	0.001
3555	0.0	0.0	0.000
3556	0.0	0.0	0.000
3557	0.0	0.0	0.001
3558	0.0	0.0	0.002
3559	0.0	0.0	0.006
3560	0.0	0.0	0.007
3561	0.0	0.0	0.007
3562	0.0	0.0	0.007
3563	0.0	0.0	0.007
3564	0.0	0.0	0.006
3565	0.0	0.0	0.006
3566	0.0	0.0	0.005
3567	0.0	0.0	0.005
3568	0.0	0.0	0.004
3569	0.0	0.0	0.005
3570	0.0	0.0	0.006
3571	0.0	0.0	0.006
3572	0.0	0.0	0.008
3573	0.0	0.0	0.008
3574	0.0	0.0	0.008
3575	0.0	0.0	0.005
3576	0.0	0.0	0.003
3577	0.0	0.0	0.002
3578	0.0	0.0	0.001
3579	0.0	0.0	0.000
3580	0.0	0.0	0.000
3581	0.0	0.0	0.001
3582	0.0	0.0	0.002
3583	0.0	0.0	0.006
3584	0.0	0.0	0.007
3585	0.0	0.0	0.007
3586	0.0	0.0	0.007
3587	0.0	0.0	0.007
3588	0.0	0.0	0.006
3589	0.0	0.0	0.006
3590	0.0	0.0	0.005
3591	0.0	0.0	0.005
3592	0.0	0.0	0.004
3593	0.0	0.0	0.005
3594	0.0	0.0	0.006
3595	0.0	0.0	0.006
3596	0.0	0.0	0.008
3597	0.0	0.0	0.008
3598	0.0	0.0	0.008
3599	0.0	0.0	0.005
3600	0.0	0.0	0.003
3601	0.0	0.0	0.002
3602	0.0	0.0	0.001
3603	0.0	0.0	0.000
3604	0.0	0.0	0.000
3605	0.0	0.0	0.001
3606	0.0	0.0	0.002
3607	0.0	0.0	0.006
3608	0.0	0.0	0.007
3609	0.0	0.0	0.007
3610	0.0	0.0	0.007
3611	0.0	0.0	0.007
3612	0.0	0.0	0.006
3613	0.0	0.0	0.006
3614	0.0	0.0	0.005
3615	0.0	0.0	0.005
3616	0.0	0.0	0.004
3617	0.0	0.0	0.005
3618	0.0	0.0	0.006
3619	0.0	0.0	0.006
3620	0.0	0.0	0.008
3621	0.0	0.0	0.008
3622	0.0	0.0	0.008
3623	0.0	0.0	0.005
3624	0.0	0.0	0.003
3625	0.0	0.0	0.002
3626	0.0	0.0	0.001
3627	0.0	0.0	0.000
3628	0.0	0.0	0.000
3629	0.0	0.0	0.001
3630	0.0	0.0	0.002
3631	0.0	0.0	0.006
3632	0.0	0.0	0.007
3633	0.0	0.0	0.007
3634	0.0	0.0	0.007
3635	0.0	0.0	0.007
3636	0.0	0.0	0.006
3637	0.0	0.0	0.006
3638	0.0	0.0	0.005
3639	0.0	0.0	0.005
3640	0.0	0.0	0.004
3641	0.0	0.0	0.005
3642	0.0	0.0	0.006
3643	0.0	0.0	0.006
3644	0.0	0.0	0.008
3645	0.0	0.0	0.008
3646	0.0	0.0	0.008
3647	0.0	0.0	0.005
3648	0.0	0.0	0.003
3649	0.0	0.0	0.002
3650	0.0	0.0	0.001
3651	0.0	0.0	0.000
3652	0.0	0.0	0.000
3653	0.0	0.0	0.001
3654	0.0	0.0	0.002
3655	0.0	0.0	0.006
3656	0.0	0.0	0.007
3657	0.0	0.0	0.007
3658	0.0	0.0	0.007
3659	0.0	0.0	0.007
3660	0.0	0.0	0.006
3661	0.0	0.0	0.006
3662	0.0	0.0	0.005
3663	0.0	0.0	0.005
3664	0.0	0.0	0.004
3665	0.0	0.0	0.005
3666	0.0	0.0	0.006
3667	0.0	0.0	0.006
3668	0.0	0.0	0.008
3669	0.0	0.0	0.008
3670	0.0	0.0	0.008
3671	0.0	0.0	0.005
3672	0.0	0.0	0.003
3673	0.0	0.0	0.002
3674	0.0	0.0	0.001
3675	0.0	0.0	0.000
3676	0.0	0.0	0.000
3677	0.0	0.0	0.001
3678	0.0	0.0	0.002
3679	0.0	0.0	0.006
3680	0.0	0.0	0.007
3681	0.0	0.0	0.007
3682	0.0	0.0	0.007
3683	0.0	0.0	0.007
3684	0.0	0.0	0.006
3685	0.0	0.0	0.006
3686	0.0	0.0	0.005
3687	0.0	0.0	0.005
3688	0.0	0.0	0.004
3689	0.0	0.0	0.005
3690	0.0	0.0	0.006
3691	0.0	0.0	0.006
3692	0.0	0.0	0.008
3693	0.0	0.0	0.008
3694	0.0	0.0	0.008
3695	0.0	0.0	0.005
3696	0.0	0.0	0.003
3697	0.0	0.0	0.002
3698	0.0	0.0	0.001
3699	0.0	0.0	0.000
3700	0.0	0.0	0.000
3701	0.0	0.0	0.001
3702	0.0	0.0	0.002
3703	0.0	0.0	0.006
3704	0.0	0.0	0.007
3705	0.0	0.0	0.007
3706	0.0	0.0	0.007
3707	0.0	0.0	0.007
3708	0.0	0.0	0.006
3709	0.0	0.0	0.006
3710	0.0	0.0	0.005
3711	0.0	0.0	0.005
3712	0.0	0.0	0.004
3713	0.0	0.0	0.005
3714	0.0	0.0	0.006
3715	0.0	0.0	0.006
3716	0.0	0.0	0.008
3717	0.0	0.0	0.008
3718	0.0	0.0	0.008
3719	0.0	0.0	0.005
3720	0.0	0.0	0.003
3721	0.0	0.0	0.002
3722	0.0	0.0	0.001
3723	0.0	0.0	0.000
3724	0.0	0.0	0.000
3725	0.0	0.0	0.001
3726	0.0	0.0	0.002
3727	0.0	0.0	0.006
3728	0.0	0.0	0.007
3729	0.0	0.0	0.007
3730	0.0	0.0	0.007
3731	0.0	0.0	0.007
3732	0.0	0.0	0.006
3733	0.0	0.0	0.006
3734	0.0	0.0	0.005
3735	0.0	0.0	0.005
3736	0.0	0.0	0.004
3737	0.0	0.0	0.005
3738	0.0	0.0	0.006
3739	0.0	0.0	0.006
3740	0.0	0.0	0.008
3741	0.0	0.0	0.008
3742	0.0	0.0	0.008
3743	0.0	0.0	0.005
3744	0.0	0.0	0.003
3745	0.0	0.0	0.002
3746	0.0	0.0	0.001
3747	0.0	0.0	0.000
3748	0.0	0.0	0.000
3749	0.0	0.0	0.001
3750	0.0	0.0	0.002
3751	0.0	0.0	0.006
3752	0.0	0.0	0.007
3753	0.0	0.0	0.007
3754	0.0	0.0	0.007
3755	0.0	0.0	0.007
3756	0.0	0.0	0.006
3757	0.0	0.0	0.006
3758	0.0	0.0	0.005
3759	0.0	0.0	0.005
3760	0.0	0.0	0.004
3761	0.0	0.0	0.005
3762	0.0	0.0	0.006
3763	0.0	0.0	0.006
3764	0.0	0.0	0.008
3765	0.0	0.0	0.008
3766	0.0	0.0	0.008
3767	0.0	0.0	0.005
3768	0.0	0.0	0.003
3769	0.0	0.0	0.002
3770	0.0	0.0	0.001
3771	0.0	0.0	0.000
3772	0.0	0.0	0.000
3773	0.0	0.0	0.001
3774	0.0	0.0	0.002
3775	0.0	0.0	0.006
3776	0.0	0.0	0.007
3777	0.0	0.0	0.007
3778	0.0	0.0	0.007
3779	0.0	0.0	0.007
3780	0.0	0.0	0.006
3781	0.0	0.0	0.006
3782	0.0	0.0	0.005
3783	0.0	0.0	0.005
3784	0.0	0.0	0.004
3785	0.0	0.0	0.005
3786	0.0	0.0	0.006
3787	0.0	0.0	0.006
3788	0.0	0.0	0.008
3789	0.0	0.0	0.008
3790	0.0	0.0	0.008
3791	0.0	0.0	0.005
3792	0.0	0.0	0.003
3793	0.0	0.0	0.002
3794	0.0	0.0	0.001
3795	0.0	0.0	0.000
3796	0.0	0.0	0.000
3797	0.0	0.0	0.001
3798	0.0	0.0	0.002
3799	0.0	0.0	0.006
3800	0.0	0.0	0.007
3801	0.0	0.0	0.007
3802	0.0	0.0	0.007
3803	0.0	0.0	0.007
3804	0.0	0.0	0.006
3805	0.0	0.0	0.006
3806	0.0	0.0	0.005
3807	0.0	0.0	0.005
3808	0.0	0.0	0.004
3809	0.0	0.0	0.005
3810	0.0	0.0	0.006
3811	0.0	0.0	0.006
3812	0.0	0.0	0.008
3813	0.0	0.0	0.008
3814	0.0	0.0	0.008
3815	0.0	0.0	0.005
3816	0.0	0.0	0.003
3817	0.0	0.0	0.002
3818	0.0	0.0	0.001
3819	0.0	0.0	0.000
3820	0.0	0.0	0.000
3821	0.0	0.0	0.001
3822	0.0	0.0	0.002
3823	0.0	0.0	0.006
3824	0.0	0.0	0.007
3825	0.0	0.0	0.007
3826	0.0	0.0	0.007
3827	0.0	0.0	0.007
3828	0.0	0.0	0.006
3829	0.0	0.0	0.006
3830	0.0	0.0	0.005
3831	0.0	0.0	0.005
3832	0.0	0.0	0.004
3833	0.0	0.0	0.005
3834	0.0	0.0	0.006
3835	0.0	0.0	0.006
3836	0.0	0.0	0.008
3837	0.0	0.0	0.008
3838	0.0	0.0	0.008
3839	0.0	0.0	0.005
3840	0.0	0.0	0.003
3841	0.0	0.0	0.002
3842	0.0	0.0	0.001
3843	0.0	0.0	0.000
3844	0.0	0.0	0.000
3845	0.0	0.0	0.001
3846	0.0	0.0	0.002
3847	0.0	0.0	0.006
3848	0.0	0.0	0.007
3849	0.0	0.0	0.007
3850	0.0	0.0	0.007
3851	0.0	0.0	0.007
3852	0.0	0.0	0.006
3853	0.0	0.0	0.006
3854	0.0	0.0	0.005
3855	0.0	0.0	0.005
3856	0.0	0.0	0.004
3857	0.0	0.0	0.005
3858	0.0	0.0	0.006
3859	0.0	0.0	0.006
3860	0.0	0.0	0.008
3861	0.0	0.0	0.008
3862	0.0	0.0	0.008
3863	0.0	0.0	0.005
3864	0.0	0.0	0.003
3865	0.0	0.0	0.002
3866	0.0	0.0	0.001
3867	0.0	0.0	0.000
3868	0.0	0.0	0.000
3869	0.0	0.0	0.001
3870	0.0	0.0	0.002
3871	0.0	0.0	0.006
3872	0.0	0.0	0.007
3873	0.0	0.0	0.007
3874	0.0	0.0	0.007
3875	0.0	0.0	0.007
3876	0.0	0.0	0.006
3877	0.0	0.0	0.006
3878	0.0	0.0	0.005
3879	0.0	0.0	0.005
3880	0.0	0.0	0.004
3881	0.0	0.0	0.005
3882	0.0	0.0	0.006
3883	0.0	0.0	0.006
3884	0.0	0.0	0.008
3885	0.0	0.0	0.008
3886	0.0	0.0	0.008
3887	0.0	0.0	0.005
3888	0.0	0.0	0.003
3889	0.0	0.0	0.002
3890	0.0	0.0	0.001
3891	0.0	0.0	0.000
3892	0.0	0.0	0.000
3893	0.0	0.0	0.001
3894	0.0	0.0	0.002
3895	0.0	0.0	0.006
3896	0.0	0.0	0.007
3897	0.0	0.0	0.007
3898	0.0	0.0	0.007
3899	0.0	0.0	0.007
3900	0.0	0.0	0.006
3901	0.0	0.0	0.006
3902	0.0	0.0	0.005
3903	0.0	0.0	0.005
3904	0.0	0.0	0.004
3905	0.0	0.0	0.005
3906	0.0	0.0	0.006
3907	0.0	0.0	0.006
3908	0.0	0.0	0.008
3909	0.0	0.0	0.008
3910	0.0	0.0	0.008
3911	0.0	0.0	0.005
3912	0.0	0.0	0.003
3913	0.0	0.0	0.002
3914	0.0	0.0	0.001
3915	0.0	0.0	0.000
3916	0.0	0.0	0.000
3917	0.0	0.0	0.001
3918	0.0	0.0	0.002
3919	0.0	0.0	0.006
3920	0.0	0.0	0.007
3921	0.0	0.0	0.007
3922	0.0	0.0	0.007
3923	0.0	0.0	0.007
3924	0.0	0.0	0.006
3925	0.0	0.0	0.006
3926	0.0	0.0	0.005
3927	0.0	0.0	0.005
3928	0.0	0.0	0.004
3929	0.0	0.0	0.005
3930	0.0	0.0	0.006
3931	0.0	0.0	0.006
3932	0.0	0.0	0.008
3933	0.0	0.0	0.008
3934	0.0	0.0	0.008
3935	0.0	0.0	0.005
3936	0.0	0.0	0.003
3937	0.0	0.0	0.002
3938	0.0	0.0	0.001
3939	0.0	0.0	0.000
3940	0.0	0.0	0.000
3941	0.0	0.0	0.001
3942	0.0	0.0	0.002
3943	0.0	0.0	0.006
3944	0.0	0.0	0.007
3945	0.0	0.0	0.007
3946	0.0	0.0	0.007
3947	0.0	0.0	0.007
3948	0.0	0.0	0.006
3949	0.0	0.0	0.006
3950	0.0	0.0	0.005
3951	0.0	0.0	0.005
3952	0.0	0.0	0.004
3953	0.0	0.0	0.005
3954	0.0	0.0	0.006
3955	0.0	0.0	0.006
3956	0.0	0.0	0.008
3957	0.0	0.0	0.008
3958	0.0	0.0	0.008
3959	0.0	0.0	0.005
3960	0.0	0.0	0.003
3961	0.0	0.0	0.002
3962	0.0	0.0	0.001
3963	0.0	0.0	0.000
3964	0.0	0.0	0.000
3965	0.0	0.0	0.001
3966	0.0	0.0	0.002
3967	0.0	0.0	0.006
3968	0.0	0.0	0.007
3969	0.0	0.0	0.007
3970	0.0	0.0	0.007
3971	0.0	0.0	0.007
3972	0.0	0.0	0.006
3973	0.0	0.0	0.006
3974	0.0	0.0	0.005
3975	0.0	0.0	0.005
3976	0.0	0.0	0.004
3977	0.0	0.0	0.005
3978	0.0	0.0	0.006
3979	0.0	0.0	0.006
3980	0.0	0.0	0.008
3981	0.0	0.0	0.008
3982	0.0	0.0	0.008
3983	0.0	0.0	0.005
3984	0.0	0.0	0.003
3985	0.0	0.0	0.002
3986	0.0	0.0	0.001
3987	0.0	0.0	0.000
3988	0.0	0.0	0.000
3989	0.0	0.0	0.001
3990	0.0	0.0	0.002
3991	0.0	0.0	0.006
3992	0.0	0.0	0.007
3993	0.0	0.0	0.007
3994	0.0	0.0	0.007
3995	0.0	0.0	0.007
3996	0.0	0.0	0.006
3997	0.0	0.0	0.006
3998	0.0	0.0	0.005
3999	0.0	0.0	0.005
4000	0.0	0.0	0.004
4001	0.0	0.0	0.005
4002	0.0	0.0	0.006
4003	0.0	0.0	0.006
4004	0.0	0.0	0.008
4005	0.0	0.0	0.008
4006	0.0	0.0	0.008
4007	0.0	0.0	0.005
4008	0.0	0.0	0.003
4009	0.0	0.0	0.002
4010	0.0	0.0	0.001
4011	0.0	0.0	0.000
4012	0.0	0.0	0.000
4013	0.0	0.0	0.001
4014	0.0	0.0	0.002
4015	0.0	0.0	0.006
4016	0.0	0.0	0.007
4017	0.0	0.0	0.007
4018	0.0	0.0	0.007
4019	0.0	0.0	0.007
4020	0.0	0.0	0.006
4021	0.0	0.0	0.006
4022	0.0	0.0	0.005
4023	0.0	0.0	0.005
4024	0.0	0.0	0.004
4025	0.0	0.0	0.005
4026	0.0	0.0	0.006
4027	0.0	0.0	0.006
4028	0.0	0.0	0.008
4029	0.0	0.0	0.008
4030	0.0	0.0	0.008
4031	0.0	0.0	0.005
4032	0.0	0.0	0.003
4033	0.0	0.0	0.002
4034	0.0	0.0	0.001
4035	0.0	0.0	0.000
4036	0.0	0.0	0.000
4037	0.0	0.0	0.001
4038	0.0	0.0	0.002
4039	0.0	0.0	0.006
4040	0.0	0.0	0.007
4041	0.0	0.0	0.007
4042	0.0	0.0	0.007
4043	0.0	0.0	0.007
4044	0.0	0.0	0.006
4045	0.0	0.0	0.006
4046	0.0	0.0	0.005
4047	0.0	0.0	0.005
4048	0.0	0.0	0.004
4049	0.0	0.0	0.005
4050	0.0	0.0	0.006
4051	0.0	0.0	0.006
4052	0.0	0.0	0.008
4053	0.0	0.0	0.008
4054	0.0	0.0	0.008
4055	0.0	0.0	0.005
4056	0.0	0.0	0.003
4057	0.0	0.0	0.002
4058	0.0	0.0	0.001
4059	0.0	0.0	0.000
4060	0.0	0.0	0.000
4061	0.0	0.0	0.001
4062	0.0	0.0	0.002
4063	0.0	0.0	0.006
4064	0.0	0.0	0.007
4065	0.0	0.0	0.007
4066	0.0	0.0	0.007
4067	0.0	0.0	0.007
4068	0.0	0.0	0.006
4069	0.0	0.0	0.006
4070	0.0	0.0	0.005
4071	0.0	0.0	0.005
4072	0.0	0.0	0.004
4073	0.0	0.0	0.005
4074	0.0	0.0	0.006
4075	0.0	0.0	0.006
4076	0.0	0.0	0.008
4077	0.0	0.0	0.008
4078	0.0	0.0	0.008
4079	0.0	0.0	0.005
4080	0.0	0.0	0.003
4081	0.0	0.0	0.002
4082	0.0	0.0	0.001
4083	0.0	0.0	0.000
4084	0.0	0.0	0.000
4085	0.0	0.0	0.001
4086	0.0	0.0	0.002
4087	0.0	0.0	0.006
4088	0.0	0.0	0.007
4089	0.0	0.0	0.007
4090	0.0	0.0	0.007
4091	0.0	0.0	0.007
4092	0.0	0.0	0.006
4093	0.0	0.0	0.006
4094	0.0	0.0	0.005
4095	0.0	0.0	0.005
4096	0.0	0.0	0.004
4097	0.0	0.0	0.005
4098	0.0	0.0	0.006
4099	0.0	0.0	0.006
4100	0.0	0.0	0.008
4101	0.0	0.0	0.008
4102	0.0	0.0	0.008
4103	0.0	0.0	0.005
4104	0.0	0.0	0.003
4105	0.0	0.0	0.002
4106	0.0	0.0	0.001
4107	0.0	0.0	0.000
4108	0.0	0.0	0.000
4109	0.0	0.0	0.001
4110	0.0	0.0	0.002
4111	0.0	0.0	0.006
4112	0.0	0.0	0.007
4113	0.0	0.0	0.007
4114	0.0	0.0	0.007
4115	0.0	0.0	0.007
4116	0.0	0.0	0.006
4117	0.0	0.0	0.006
4118	0.0	0.0	0.005
4119	0.0	0.0	0.005
4120	0.0	0.0	0.004
4121	0.0	0.0	0.005
4122	0.0	0.0	0.006
4123	0.0	0.0	0.006
4124	0.0	0.0	0.008
4125	0.0	0.0	0.008
4126	0.0	0.0	0.008
4127	0.0	0.0	0.005
4128	0.0	0.0	0.003
4129	0.0	0.0	0.002
4130	0.0	0.0	0.001
4131	0.0	0.0	0.000
4132	0.0	0.0	0.000
4133	0.0	0.0	0.001
4134	0.0	0.0	0.002
4135	0.0	0.0	0.006
4136	0.0	0.0	0.007
4137	0.0	0.0	0.007
4138	0.0	0.0	0.007
4139	0.0	0.0	0.007
4140	0.0	0.0	0.006
4141	0.0	0.0	0.006
4142	0.0	0.0	0.005
4143	0.0	0.0	0.005
4144	0.0	0.0	0.004
4145	0.0	0.0	0.005
4146	0.0	0.0	0.006
4147	0.0	0.0	0.006
4148	0.0	0.0	0.008
4149	0.0	0.0	0.008
4150	0.0	0.0	0.008
4151	0.0	0.0	0.005
4152	0.0	0.0	0.003
4153	0.0	0.0	0.002
4154	0.0	0.0	0.001
4155	0.0	0.0	0.000
4156	0.0	0.0	0.000
4157	0.0	0.0	0.001
4158	0.0	0.0	0.002
4159	0.0	0.0	0.006
4160	0.0	0.0	0.007
4161	0.0	0.0	0.007
4162	0.0	0.0	0.007
4163	0.0	0.0	0.007
4164	0.0	0.0	0.006
4165	0.0	0.0	0.006
4166	0.0	0.0	0.005
4167	0.0	0.0	0.005
4168	0.0	0.0	0.004
4169	0.0	0.0	0.005
4170	0.0	0.0	0.006
4171	0.0	0.0	0.006
4172	0.0	0.0	0.008
4173	0.0	0.0	0.008
4174	0.0	0.0	0.008
4175	0.0	0.0	0.005
4176	0.0	0.0	0.003
4177	0.0	0.0	0.002
4178	0.0	0.0	0.001
4179	0.0	0.0	0.000
4180	0.0	0.0	0.000
4181	0.0	0.0	0.001
4182	0.0	0.0	0.002
4183	0.0	0.0	0.006
4184	0.0	0.0	0.007
4185	0.0	0.0	0.007
4186	0.0	0.0	0.007
4187	0.0	0.0	0.007
4188	0.0	0.0	0.006
4189	0.0	0.0	0.006
4190	0.0	0.0	0.005
4191	0.0	0.0	0.005
4192	0.0	0.0	0.004
4193	0.0	0.0	0.005
4194	0.0	0.0	0.006
4195	0.0	0.0	0.006
4196	0.0	0.0	0.008
4197	0.0	0.0	0.008
4198	0.0	0.0	0.008
4199	0.0	0.0	0.005
4200	0.0	0.0	0.003
4201	0.0	0.0	0.002
4202	0.0	0.0	0.001
4203	0.0	0.0	0.000
4204	0.0	0.0	0.000
4205	0.0	0.0	0.001
4206	0.0	0.0	0.002
4207	0.0	0.0	0.006
4208	0.0	0.0	0.007
4209	0.0	0.0	0.007
4210	0.0	0.0	0.007
4211	0.0	0.0	0.007
4212	0.0	0.0	0.006
4213	0.0	0.0	0.006
4214	0.0	0.0	0.005
4215	0.0	0.0	0.005
4216	0.0	0.0	0.004
4217	0.0	0.0	0.005
4218	0.0	0.0	0.006
4219	0.0	0.0	0.006
4220	0.0	0.0	0.008
4221	0.0	0.0	0.008
4222	0.0	0.0	0.008
4223	0.0	0.0	0.005
4224	0.0	0.0	0.003
4225	0.0	0.0	0.002
4226	0.0	0.0	0.001
4227	0.0	0.0	0.000
4228	0.0	0.0	0.000
4229	0.0	0.0	0.001
4230	0.0	0.0	0.002
4231	0.0	0.0	0.006
4232	0.0	0.0	0.007
4233	0.0	0.0	0.007
4234	0.0	0.0	0.007
4235	0.0	0.0	0.007
4236	0.0	0.0	0.006
4237	0.0	0.0	0.006
4238	0.0	0.0	0.005
4239	0.0	0.0	0.005
4240	0.0	0.0	0.004
4241	0.0	0.0	0.005
4242	0.0	0.0	0.006
4243	0.0	0.0	0.006
4244	0.0	0.0	0.008
4245	0.0	0.0	0.008
4246	0.0	0.0	0.008
4247	0.0	0.0	0.005
4248	0.0	0.0	0.003
4249	0.0	0.0	0.002
4250	0.0	0.0	0.001
4251	0.0	0.0	0.000
4252	0.0	0.0	0.000
4253	0.0	0.0	0.001
4254	0.0	0.0	0.002
4255	0.0	0.0	0.006
4256	0.0	0.0	0.007
4257	0.0	0.0	0.007
4258	0.0	0.0	0.007
4259	0.0	0.0	0.007
4260	0.0	0.0	0.006
4261	0.0	0.0	0.006
4262	0.0	0.0	0.005
4263	0.0	0.0	0.005
4264	0.0	0.0	0.004
4265	0.0	0.0	0.005
4266	0.0	0.0	0.006
4267	0.0	0.0	0.006
4268	0.0	0.0	0.008
4269	0.0	0.0	0.008
4270	0.0	0.0	0.008
4271	0.0	0.0	0.005
4272	0.0	0.0	0.003
4273	0.0	0.0	0.002
4274	0.0	0.0	0.001
4275	0.0	0.0	0.000
4276	0.0	0.0	0.000
4277	0.0	0.0	0.001
4278	0.0	0.0	0.002
4279	0.0	0.0	0.006
4280	0.0	0.0	0.007
4281	0.0	0.0	0.007
4282	0.0	0.0	0.007
4283	0.0	0.0	0.007
4284	0.0	0.0	0.006
4285	0.0	0.0	0.006
4286	0.0	0.0	0.005
4287	0.0	0.0	0.005
4288	0.0	0.0	0.004
4289	0.0	0.0	0.005
4290	0.0	0.0	0.006
4291	0.0	0.0	0.006
4292	0.0	0.0	0.008
4293	0.0	0.0	0.008
4294	0.0	0.0	0.008
4295	0.0	0.0	0.005
4296	0.0	0.0	0.003
4297	0.0	0.0	0.002
4298	0.0	0.0	0.001
4299	0.0	0.0	0.000
4300	0.0	0.0	0.000
4301	0.0	0.0	0.001
4302	0.0	0.0	0.002
4303	0.0	0.0	0.006
4304	0.0	0.0	0.007
4305	0.0	0.0	0.007
4306	0.0	0.0	0.007
4307	0.0	0.0	0.007
4308	0.0	0.0	0.006
4309	0.0	0.0	0.006
4310	0.0	0.0	0.005
4311	0.0	0.0	0.005
4312	0.0	0.0	0.004
4313	0.0	0.0	0.005
4314	0.0	0.0	0.006
4315	0.0	0.0	0.006
4316	0.0	0.0	0.008
4317	0.0	0.0	0.008
4318	0.0	0.0	0.008
4319	0.0	0.0	0.005
4320	0.0	0.0	0.003
4321	0.0	0.0	0.002
4322	0.0	0.0	0.001
4323	0.0	0.0	0.000
4324	0.0	0.0	0.000
4325	0.0	0.0	0.001
4326	0.0	0.0	0.002
4327	0.0	0.0	0.006
4328	0.0	0.0	0.007
4329	0.0	0.0	0.007
4330	0.0	0.0	0.007
4331	0.0	0.0	0.007
4332	0.0	0.0	0.006
4333	0.0	0.0	0.006
4334	0.0	0.0	0.005
4335	0.0	0.0	0.005
4336	0.0	0.0	0.004
4337	0.0	0.0	0.005
4338	0.0	0.0	0.006
4339	0.0	0.0	0.006
4340	0.0	0.0	0.008
4341	0.0	0.0	0.008
4342	0.0	0.0	0.008
4343	0.0	0.0	0.005
4344	0.0	0.0	0.003
4345	0.0	0.0	0.002
4346	0.0	0.0	0.001
4347	0.0	0.0	0.000
4348	0.0	0.0	0.000
4349	0.0	0.0	0.001
4350	0.0	0.0	0.002
4351	0.0	0.0	0.006
4352	0.0	0.0	0.007
4353	0.0	0.0	0.007
4354	0.0	0.0	0.007
4355	0.0	0.0	0.007
4356	0.0	0.0	0.006
4357	0.0	0.0	0.006
4358	0.0	0.0	0.005
4359	0.0	0.0	0.005
4360	0.0	0.0	0.004
4361	0.0	0.0	0.005
4362	0.0	0.0	0.006
4363	0.0	0.0	0.006
4364	0.0	0.0	0.008
4365	0.0	0.0	0.008
4366	0.0	0.0	0.008
4367	0.0	0.0	0.005
4368	0.0	0.0	0.003
4369	0.0	0.0	0.002
4370	0.0	0.0	0.001
4371	0.0	0.0	0.000
4372	0.0	0.0	0.000
4373	0.0	0.0	0.001
4374	0.0	0.0	0.002
4375	0.0	0.0	0.006
4376	0.0	0.0	0.007
4377	0.0	0.0	0.007
4378	0.0	0.0	0.007
4379	0.0	0.0	0.007
4380	0.0	0.0	0.006
4381	0.0	0.0	0.006
4382	0.0	0.0	0.005
4383	0.0	0.0	0.005
4384	0.0	0.0	0.004
4385	0.0	0.0	0.005
4386	0.0	0.0	0.006
4387	0.0	0.0	0.006
4388	0.0	0.0	0.008
4389	0.0	0.0	0.008
4390	0.0	0.0	0.008
4391	0.0	0.0	0.005
4392	0.0	0.0	0.003
4393	0.0	0.0	0.002
4394	0.0	0.0	0.001
4395	0.0	0.0	0.000
4396	0.0	0.0	0.000
4397	0.0	0.0	0.001
4398	0.0	0.0	0.002
4399	0.0	0.0	0.006
4400	0.0	0.0	0.007
4401	0.0	0.0	0.007
4402	0.0	0.0	0.007
4403	0.0	0.0	0.007
4404	0.0	0.0	0.006
4405	0.0	0.0	0.006
4406	0.0	0.0	0.005
4407	0.0	0.0	0.005
4408	0.0	0.0	0.004
4409	0.0	0.0	0.005
4410	0.0	0.0	0.006
4411	0.0	0.0	0.006
4412	0.0	0.0	0.008
4413	0.0	0.0	0.008
4414	0.0	0.0	0.008
4415	0.0	0.0	0.005
4416	0.0	0.0	0.003
4417	0.0	0.0	0.002
4418	0.0	0.0	0.001
4419	0.0	0.0	0.000
4420	0.0	0.0	0.000
4421	0.0	0.0	0.001
4422	0.0	0.0	0.002
4423	0.0	0.0	0.006
4424	0.0	0.0	0.007
4425	0.0	0.0	0.007
4426	0.0	0.0	0.007
4427	0.0	0.0	0.007
4428	0.0	0.0	0.006
4429	0.0	0.0	0.006
4430	0.0	0.0	0.005
4431	0.0	0.0	0.005
4432	0.0	0.0	0.004
4433	0.0	0.0	0.005
4434	0.0	0.0	0.006
4435	0.0	0.0	0.006
4436	0.0	0.0	0.008
4437	0.0	0.0	0.008
4438	0.0	0.0	0.008
4439	0.0	0.0	0.005
4440	0.0	0.0	0.003
4441	0.0	0.0	0.002
4442	0.0	0.0	0.001
4443	0.0	0.0	0.000
4444	0.0	0.0	0.000
4445	0.0	0.0	0.001
4446	0.0	0.0	0.002
4447	0.0	0.0	0.006
4448	0.0	0.0	0.007
4449	0.0	0.0	0.007
4450	0.0	0.0	0.007
4451	0.0	0.0	0.007
4452	0.0	0.0	0.006
4453	0.0	0.0	0.006
4454	0.0	0.0	0.005
4455	0.0	0.0	0.005
4456	0.0	0.0	0.004
4457	0.0	0.0	0.005
4458	0.0	0.0	0.006
4459	0.0	0.0	0.006
4460	0.0	0.0	0.008
4461	0.0	0.0	0.008
4462	0.0	0.0	0.008
4463	0.0	0.0	0.005
4464	0.0	0.0	0.003
4465	0.0	0.0	0.002
4466	0.0	0.0	0.001
4467	0.0	0.0	0.000
4468	0.0	0.0	0.000
4469	0.0	0.0	0.001
4470	0.0	0.0	0.002
4471	0.0	0.0	0.006
4472	0.0	0.0	0.007
4473	0.0	0.0	0.007
4474	0.0	0.0	0.007
4475	0.0	0.0	0.007
4476	0.0	0.0	0.006
4477	0.0	0.0	0.006
4478	0.0	0.0	0.005
4479	0.0	0.0	0.005
4480	0.0	0.0	0.004
4481	0.0	0.0	0.005
4482	0.0	0.0	0.006
4483	0.0	0.0	0.006
4484	0.0	0.0	0.008
4485	0.0	0.0	0.008
4486	0.0	0.0	0.008
4487	0.0	0.0	0.005
4488	0.0	0.0	0.003
4489	0.0	0.0	0.002
4490	0.0	0.0	0.001
4491	0.0	0.0	0.000
4492	0.0	0.0	0.000
4493	0.0	0.0	0.001
4494	0.0	0.0	0.002
4495	0.0	0.0	0.006
4496	0.0	0.0	0.007
4497	0.0	0.0	0.007
4498	0.0	0.0	0.007
4499	0.0	0.0	0.007
4500	0.0	0.0	0.006
4501	0.0	0.0	0.006
4502	0.0	0.0	0.005
4503	0.0	0.0	0.005
4504	0.0	0.0	0.004
4505	0.0	0.0	0.005
4506	0.0	0.0	0.006
4507	0.0	0.0	0.006
4508	0.0	0.0	0.008
4509	0.0	0.0	0.008
4510	0.0	0.0	0.008
4511	0.0	0.0	0.005
4512	0.0	0.0	0.003
4513	0.0	0.0	0.002
4514	0.0	0.0	0.001
4515	0.0	0.0	0.000
4516	0.0	0.0	0.000
4517	0.0	0.0	0.001
4518	0.0	0.0	0.002
4519	0.0	0.0	0.006
4520	0.0	0.0	0.007
4521	0.0	0.0	0.007
4522	0.0	0.0	0.007
4523	0.0	0.0	0.007
4524	0.0	0.0	0.006
4525	0.0	0.0	0.006
4526	0.0	0.0	0.005
4527	0.0	0.0	0.005
4528	0.0	0.0	0.004
4529	0.0	0.0	0.005
4530	0.0	0.0	0.006
4531	0.0	0.0	0.006
4532	0.0	0.0	0.008
4533	0.0	0.0	0.008
4534	0.0	0.0	0.008
4535	0.0	0.0	0.005
4536	0.0	0.0	0.003
4537	0.0	0.0	0.002
4538	0.0	0.0	0.001
4539	0.0	0.0	0.000
4540	0.0	0.0	0.000
4541	0.0	0.0	0.001
4542	0.0	0.0	0.002
4543	0.0	0.0	0.006
4544	0.0	0.0	0.007
4545	0.0	0.0	0.007
4546	0.0	0.0	0.007
4547	0.0	0.0	0.007
4548	0.0	0.0	0.006
4549	0.0	0.0	0.006
4550	0.0	0.0	0.005
4551	0.0	0.0	0.005
4552	0.0	0.0	0.004
4553	0.0	0.0	0.005
4554	0.0	0.0	0.006
4555	0.0	0.0	0.006
4556	0.0	0.0	0.008
4557	0.0	0.0	0.008
4558	0.0	0.0	0.008
4559	0.0	0.0	0.005
4560	0.0	0.0	0.003
4561	0.0	0.0	0.002
4562	0.0	0.0	0.001
4563	0.0	0.0	0.000
4564	0.0	0.0	0.000
4565	0.0	0.0	0.001
4566	0.0	0.0	0.002
4567	0.0	0.0	0.006
4568	0.0	0.0	0.007
4569	0.0	0.0	0.007
4570	0.0	0.0	0.007
4571	0.0	0.0	0.007
4572	0.0	0.0	0.006
4573	0.0	0.0	0.006
4574	0.0	0.0	0.005
4575	0.0	0.0	0.005
4576	0.0	0.0	0.004
4577	0.0	0.0	0.005
4578	0.0	0.0	0.006
4579	0.0	0.0	0.006
4580	0.0	0.0	0.008
4581	0.0	0.0	0.008
4582	0.0	0.0	0.008
4583	0.0	0.0	0.005
4584	0.0	0.0	0.003
4585	0.0	0.0	0.002
4586	0.0	0.0	0.001
4587	0.0	0.0	0.000
4588	0.0	0.0	0.000
4589	0.0	0.0	0.001
4590	0.0	0.0	0.002
4591	0.0	0.0	0.006
4592	0.0	0.0	0.007
4593	0.0	0.0	0.007
4594	0.0	0.0	0.007
4595	0.0	0.0	0.007
4596	0.0	0.0	0.006
4597	0.0	0.0	0.006
4598	0.0	0.0	0.005
4599	0.0	0.0	0.005
4600	0.0	0.0	0.004
4601	0.0	0.0	0.005
4602	0.0	0.0	0.006
4603	0.0	0.0	0.006
4604	0.0	0.0	0.008
4605	0.0	0.0	0.008
4606	0.0	0.0	0.008
4607	0.0	0.0	0.005
4608	0.0	0.0	0.003
4609	0.0	0.0	0.002
4610	0.0	0.0	0.001
4611	0.0	0.0	0.000
4612	0.0	0.0	0.000
4613	0.0	0.0	0.001
4614	0.0	0.0	0.002
4615	0.0	0.0	0.006
4616	0.0	0.0	0.007
4617	0.0	0.0	0.007
4618	0.0	0.0	0.007
4619	0.0	0.0	0.007
4620	0.0	0.0	0.006
4621	0.0	0.0	0.006
4622	0.0	0.0	0.005
4623	0.0	0.0	0.005
4624	0.0	0.0	0.004
4625	0.0	0.0	0.005
4626	0.0	0.0	0.006
4627	0.0	0.0	0.006
4628	0.0	0.0	0.008
4629	0.0	0.0	0.008
4630	0.0	0.0	0.008
4631	0.0	0.0	0.005
4632	0.0	0.0	0.003
4633	0.0	0.0	0.002
4634	0.0	0.0	0.001
4635	0.0	0.0	0.000
4636	0.0	0.0	0.000
4637	0.0	0.0	0.001
4638	0.0	0.0	0.002
4639	0.0	0.0	0.006
4640	0.0	0.0	0.007
4641	0.0	0.0	0.007
4642	0.0	0.0	0.007
4643	0.0	0.0	0.007
4644	0.0	0.0	0.006
4645	0.0	0.0	0.006
4646	0.0	0.0	0.005
4647	0.0	0.0	0.005
4648	0.0	0.0	0.004
4649	0.0	0.0	0.005
4650	0.0	0.0	0.006
4651	0.0	0.0	0.006
4652	0.0	0.0	0.008
4653	0.0	0.0	0.008
4654	0.0	0.0	0.008
4655	0.0	0.0	0.005
4656	0.0	0.0	0.003
4657	0.0	0.0	0.002
4658	0.0	0.0	0.001
4659	0.0	0.0	0.000
4660	0.0	0.0	0.000
4661	0.0	0.0	0.001
4662	0.0	0.0	0.002
4663	0.0	0.0	0.006
4664	0.0	0.0	0.007
4665	0.0	0.0	0.007
4666	0.0	0.0	0.007
4667	0.0	0.0	0.007
4668	0.0	0.0	0.006
4669	0.0	0.0	0.006
4670	0.0	0.0	0.005
4671	0.0	0.0	0.005
4672	0.0	0.0	0.004
4673	0.0	0.0	0.005
4674	0.0	0.0	0.006
4675	0.0	0.0	0.006
4676	0.0	0.0	0.008
4677	0.0	0.0	0.008
4678	0.0	0.0	0.008
4679	0.0	0.0	0.005
4680	0.0	0.0	0.003
4681	0.0	0.0	0.002
4682	0.0	0.0	0.001
4683	0.0	0.0	0.000
4684	0.0	0.0	0.000
4685	0.0	0.0	0.001
4686	0.0	0.0	0.002
4687	0.0	0.0	0.006
4688	0.0	0.0	0.007
4689	0.0	0.0	0.007
4690	0.0	0.0	0.007
4691	0.0	0.0	0.007
4692	0.0	0.0	0.006
4693	0.0	0.0	0.006
4694	0.0	0.0	0.005
4695	0.0	0.0	0.005
4696	0.0	0.0	0.004
4697	0.0	0.0	0.005
4698	0.0	0.0	0.006
4699	0.0	0.0	0.006
4700	0.0	0.0	0.008
4701	0.0	0.0	0.008
4702	0.0	0.0	0.008
4703	0.0	0.0	0.005
4704	0.0	0.0	0.003
4705	0.0	0.0	0.002
4706	0.0	0.0	0.001
4707	0.0	0.0	0.000
4708	0.0	0.0	0.000
4709	0.0	0.0	0.001
4710	0.0	0.0	0.002
4711	0.0	0.0	0.006
4712	0.0	0.0	0.007
4713	0.0	0.0	0.007
4714	0.0	0.0	0.007
4715	0.0	0.0	0.007
4716	0.0	0.0	0.006
4717	0.0	0.0	0.006
4718	0.0	0.0	0.005
4719	0.0	0.0	0.005
4720	0.0	0.0	0.004
4721	0.0	0.0	0.005
4722	0.0	0.0	0.006
4723	0.0	0.0	0.006
4724	0.0	0.0	0.008
4725	0.0	0.0	0.008
4726	0.0	0.0	0.008
4727	0.0	0.0	0.005
4728	0.0	0.0	0.003
4729	0.0	0.0	0.002
4730	0.0	0.0	0.001
4731	0.0	0.0	0.000
4732	0.0	0.0	0.000
4733	0.0	0.0	0.001
4734	0.0	0.0	0.002
4735	0.0	0.0	0.006
4736	0.0	0.0	0.007
4737	0.0	0.0	0.007
4738	0.0	0.0	0.007
4739	0.0	0.0	0.007
4740	0.0	0.0	0.006
4741	0.0	0.0	0.006
4742	0.0	0.0	0.005
4743	0.0	0.0	0.005
4744	0.0	0.0	0.004
4745	0.0	0.0	0.005
4746	0.0	0.0	0.006
4747	0.0	0.0	0.006
4748	0.0	0.0	0.008
4749	0.0	0.0	0.008
4750	0.0	0.0	0.008
4751	0.0	0.0	0.005
4752	0.0	0.0	0.003
4753	0.0	0.0	0.002
4754	0.0	0.0	0.001
4755	0.0	0.0	0.000
4756	0.0	0.0	0.000
4757	0.0	0.0	0.001
4758	0.0	0.0	0.002
4759	0.0	0.0	0.006
4760	0.0	0.0	0.007
4761	0.0	0.0	0.007
4762	0.0	0.0	0.007
4763	0.0	0.0	0.007
4764	0.0	0.0	0.006
4765	0.0	0.0	0.006
4766	0.0	0.0	0.005
4767	0.0	0.0	0.005
4768	0.0	0.0	0.004
4769	0.0	0.0	0.005
4770	0.0	0.0	0.006
4771	0.0	0.0	0.006
4772	0.0	0.0	0.008
4773	0.0	0.0	0.008
4774	0.0	0.0	0.008
4775	0.0	0.0	0.005
4776	0.0	0.0	0.003
4777	0.0	0.0	0.002
4778	0.0	0.0	0.001
4779	0.0	0.0	0.000
4780	0.0	0.0	0.000
4781	0.0	0.0	0.001
4782	0.0	0.0	0.002
4783	0.0	0.0	0.006
4784	0.0	0.0	0.007
4785	0.0	0.0	0.007
4786	0.0	0.0	0.007
4787	0.0	0.0	0.007
4788	0.0	0.0	0.006
4789	0.0	0.0	0.006
4790	0.0	0.0	0.005
4791	0.0	0.0	0.005
4792	0.0	0.0	0.004
4793	0.0	0.0	0.005
4794	0.0	0.0	0.006
4795	0.0	0.0	0.006
4796	0.0	0.0	0.008
4797	0.0	0.0	0.008
4798	0.0	0.0	0.008
4799	0.0	0.0	0.005
4800	0.0	0.0	0.003
4801	0.0	0.0	0.002
4802	0.0	0.0	0.001
4803	0.0	0.0	0.000
4804	0.0	0.0	0.000
4805	0.0	0.0	0.001
4806	0.0	0.0	0.002
4807	0.0	0.0	0.006
4808	0.0	0.0	0.007
4809	0.0	0.0	0.007
4810	0.0	0.0	0.007
4811	0.0	0.0	0.007
4812	0.0	0.0	0.006
4813	0.0	0.0	0.006
4814	0.0	0.0	0.005
4815	0.0	0.0	0.005
4816	0.0	0.0	0.004
4817	0.0	0.0	0.005
4818	0.0	0.0	0.006
4819	0.0	0.0	0.006
4820	0.0	0.0	0.008
4821	0.0	0.0	0.008
4822	0.0	0.0	0.008
4823	0.0	0.0	0.005
4824	0.0	0.0	0.003
4825	0.0	0.0	0.002
4826	0.0	0.0	0.001
4827	0.0	0.0	0.000
4828	0.0	0.0	0.000
4829	0.0	0.0	0.001
4830	0.0	0.0	0.002
4831	0.0	0.0	0.006
4832	0.0	0.0	0.007
4833	0.0	0.0	0.007
4834	0.0	0.0	0.007
4835	0.0	0.0	0.007
4836	0.0	0.0	0.006
4837	0.0	0.0	0.006
4838	0.0	0.0	0.005
4839	0.0	0.0	0.005
4840	0.0	0.0	0.004
4841	0.0	0.0	0.005
4842	0.0	0.0	0.006
4843	0.0	0.0	0.006
4844	0.0	0.0	0.008
4845	0.0	0.0	0.008
4846	0.0	0.0	0.008
4847	0.0	0.0	0.005
4848	0.0	0.0	0.003
4849	0.0	0.0	0.002
4850	0.0	0.0	0.001
4851	0.0	0.0	0.000
4852	0.0	0.0	0.000
4853	0.0	0.0	0.001
4854	0.0	0.0	0.002
4855	0.0	0.0	0.006
4856	0.0	0.0	0.007
4857	0.0	0.0	0.007
4858	0.0	0.0	0.007
4859	0.0	0.0	0.007
4860	0.0	0.0	0.006
4861	0.0	0.0	0.006
4862	0.0	0.0	0.005
4863	0.0	0.0	0.005
4864	0.0	0.0	0.004
4865	0.0	0.0	0.005
4866	0.0	0.0	0.006
4867	0.0	0.0	0.006
4868	0.0	0.0	0.008
4869	0.0	0.0	0.008
4870	0.0	0.0	0.008
4871	0.0	0.0	0.005
4872	0.0	0.0	0.003
4873	0.0	0.0	0.002
4874	0.0	0.0	0.001
4875	0.0	0.0	0.000
4876	0.0	0.0	0.000
4877	0.0	0.0	0.001
4878	0.0	0.0	0.002
4879	0.0	0.0	0.006
4880	0.0	0.0	0.007
4881	0.0	0.0	0.007
4882	0.0	0.0	0.007
4883	0.0	0.0	0.007
4884	0.0	0.0	0.006
4885	0.0	0.0	0.006
4886	0.0	0.0	0.005
4887	0.0	0.0	0.005
4888	0.0	0.0	0.004
4889	0.0	0.0	0.005
4890	0.0	0.0	0.006
4891	0.0	0.0	0.006
4892	0.0	0.0	0.008
4893	0.0	0.0	0.008
4894	0.0	0.0	0.008
4895	0.0	0.0	0.005
4896	0.0	0.0	0.003
4897	0.0	0.0	0.002
4898	0.0	0.0	0.001
4899	0.0	0.0	0.000
4900	0.0	0.0	0.000
4901	0.0	0.0	0.001
4902	0.0	0.0	0.002
4903	0.0	0.0	0.006
4904	0.0	0.0	0.007
4905	0.0	0.0	0.007
4906	0.0	0.0	0.007
4907	0.0	0.0	0.007
4908	0.0	0.0	0.006
4909	0.0	0.0	0.006
4910	0.0	0.0	0.005
4911	0.0	0.0	0.005
4912	0.0	0.0	0.004
4913	0.0	0.0	0.005
4914	0.0	0.0	0.006
4915	0.0	0.0	0.006
4916	0.0	0.0	0.008
4917	0.0	0.0	0.008
4918	0.0	0.0	0.008
4919	0.0	0.0	0.005
4920	0.0	0.0	0.003
4921	0.0	0.0	0.002
4922	0.0	0.0	0.001
4923	0.0	0.0	0.000
4924	0.0	0.0	0.000
4925	0.0	0.0	0.001
4926	0.0	0.0	0.002
4927	0.0	0.0	0.006
4928	0.0	0.0	0.007
4929	0.0	0.0	0.007
4930	0.0	0.0	0.007
4931	0.0	0.0	0.007
4932	0.0	0.0	0.006
4933	0.0	0.0	0.006
4934	0.0	0.0	0.005
4935	0.0	0.0	0.005
4936	0.0	0.0	0.004
4937	0.0	0.0	0.005
4938	0.0	0.0	0.006
4939	0.0	0.0	0.006
4940	0.0	0.0	0.008
4941	0.0	0.0	0.008
4942	0.0	0.0	0.008
4943	0.0	0.0	0.005
4944	0.0	0.0	0.003
4945	0.0	0.0	0.002
4946	0.0	0.0	0.001
4947	0.0	0.0	0.000
4948	0.0	0.0	0.000
4949	0.0	0.0	0.001
4950	0.0	0.0	0.002
4951	0.0	0.0	0.006
4952	0.0	0.0	0.007
4953	0.0	0.0	0.007
4954	0.0	0.0	0.007
4955	0.0	0.0	0.007
4956	0.0	0.0	0.006
4957	0.0	0.0	0.006
4958	0.0	0.0	0.005
4959	0.0	0.0	0.005
4960	0.0	0.0	0.004
4961	0.0	0.0	0.005
4962	0.0	0.0	0.006
4963	0.0	0.0	0.006
4964	0.0	0.0	0.008
4965	0.0	0.0	0.008
4966	0.0	0.0	0.008
4967	0.0	0.0	0.005
4968	0.0	0.0	0.003
4969	0.0	0.0	0.002
4970	0.0	0.0	0.001
4971	0.0	0.0	0.000
4972	0.0	0.0	0.000
4973	0.0	0.0	0.001
4974	0.0	0.0	0.002
4975	0.0	0.0	0.006
4976	0.0	0.0	0.007
4977	0.0	0.0	0.007
4978	0.0	0.0	0.007
4979	0.0	0.0	0.007
4980	0.0	0.0	0.006
4981	0.0	0.0	0.006
4982	0.0	0.0	0.005
4983	0.0	0.0	0.005
4984	0.0	0.0	0.004
4985	0.0	0.0	0.005
4986	0.0	0.0	0.006
4987	0.0	0.0	0.006
4988	0.0	0.0	0.008
4989	0.0	0.0	0.008
4990	0.0	0.0	0.008
4991	0.0	0.0	0.005
4992	0.0	0.0	0.003
4993	0.0	0.0	0.002
4994	0.0	0.0	0.001
4995	0.0	0.0	0.000
4996	0.0	0.0	0.000
4997	0.0	0.0	0.001
4998	0.0	0.0	0.002
4999	0.0	0.0	0.006
5000	0.0	0.0	0.007
5001	0.0	0.0	0.007
5002	0.0	0.0	0.007
5003	0.0	0.0	0.007
5004	0.0	0.0	0.006
5005	0.0	0.0	0.006
5006	0.0	0.0	0.005
5007	0.0	0.0	0.005
5008	0.0	0.0	0.004
5009	0.0	0.0	0.005
5010	0.0	0.0	0.006
5011	0.0	0.0	0.006
5012	0.0	0.0	0.008
5013	0.0	0.0	0.008
5014	0.0	0.0	0.008
5015	0.0	0.0	0.005
5016	0.0	0.0	0.003
5017	0.0	0.0	0.002
5018	0.0	0.0	0.001
5019	0.0	0.0	0.000
5020	0.0	0.0	0.000
5021	0.0	0.0	0.001
5022	0.0	0.0	0.002
5023	0.0	0.0	0.006
5024	0.0	0.0	0.007
5025	0.0	0.0	0.007
5026	0.0	0.0	0.007
5027	0.0	0.0	0.007
5028	0.0	0.0	0.006
5029	0.0	0.0	0.006
5030	0.0	0.0	0.005
5031	0.0	0.0	0.005
5032	0.0	0.0	0.004
5033	0.0	0.0	0.005
5034	0.0	0.0	0.006
5035	0.0	0.0	0.006
5036	0.0	0.0	0.008
5037	0.0	0.0	0.008
5038	0.0	0.0	0.008
5039	0.0	0.0	0.005
5040	0.0	0.0	0.003
5041	0.0	0.0	0.002
5042	0.0	0.0	0.001
5043	0.0	0.0	0.000
5044	0.0	0.0	0.000
5045	0.0	0.0	0.001
5046	0.0	0.0	0.002
5047	0.0	0.0	0.006
5048	0.0	0.0	0.007
5049	0.0	0.0	0.007
5050	0.0	0.0	0.007
5051	0.0	0.0	0.007
5052	0.0	0.0	0.006
5053	0.0	0.0	0.006
5054	0.0	0.0	0.005
5055	0.0	0.0	0.005
5056	0.0	0.0	0.004
5057	0.0	0.0	0.005
5058	0.0	0.0	0.006
5059	0.0	0.0	0.006
5060	0.0	0.0	0.008
5061	0.0	0.0	0.008
5062	0.0	0.0	0.008
5063	0.0	0.0	0.005
5064	0.0	0.0	0.003
5065	0.0	0.0	0.002
5066	0.0	0.0	0.001
5067	0.0	0.0	0.000
5068	0.0	0.0	0.000
5069	0.0	0.0	0.001
5070	0.0	0.0	0.002
5071	0.0	0.0	0.006
5072	0.0	0.0	0.007
5073	0.0	0.0	0.007
5074	0.0	0.0	0.007
5075	0.0	0.0	0.007
5076	0.0	0.0	0.006
5077	0.0	0.0	0.006
5078	0.0	0.0	0.005
5079	0.0	0.0	0.005
5080	0.0	0.0	0.004
5081	0.0	0.0	0.005
5082	0.0	0.0	0.006
5083	0.0	0.0	0.006
5084	0.0	0.0	0.008
5085	0.0	0.0	0.008
5086	0.0	0.0	0.008
5087	0.0	0.0	0.005
5088	0.0	0.0	0.003
5089	0.0	0.0	0.002
5090	0.0	0.0	0.001
5091	0.0	0.0	0.000
5092	0.0	0.0	0.000
5093	0.0	0.0	0.001
5094	0.0	0.0	0.002
5095	0.0	0.0	0.006
5096	0.0	0.0	0.007
5097	0.0	0.0	0.007
5098	0.0	0.0	0.007
5099	0.0	0.0	0.007
5100	0.0	0.0	0.006
5101	0.0	0.0	0.006
5102	0.0	0.0	0.005
5103	0.0	0.0	0.005
5104	0.0	0.0	0.004
5105	0.0	0.0	0.005
5106	0.0	0.0	0.006
5107	0.0	0.0	0.006
5108	0.0	0.0	0.008
5109	0.0	0.0	0.008
5110	0.0	0.0	0.008
5111	0.0	0.0	0.005
5112	0.0	0.0	0.003
5113	0.0	0.0	0.002
5114	0.0	0.0	0.001
5115	0.0	0.0	0.000
5116	0.0	0.0	0.000
5117	0.0	0.0	0.001
5118	0.0	0.0	0.002
5119	0.0	0.0	0.006
5120	0.0	0.0	0.007
5121	0.0	0.0	0.007
5122	0.0	0.0	0.007
5123	0.0	0.0	0.007
5124	0.0	0.0	0.006
5125	0.0	0.0	0.006
5126	0.0	0.0	0.005
5127	0.0	0.0	0.005
5128	0.0	0.0	0.004
5129	0.0	0.0	0.005
5130	0.0	0.0	0.006
5131	0.0	0.0	0.006
5132	0.0	0.0	0.008
5133	0.0	0.0	0.008
5134	0.0	0.0	0.008
5135	0.0	0.0	0.005
5136	0.0	0.0	0.003
5137	0.0	0.0	0.002
5138	0.0	0.0	0.001
5139	0.0	0.0	0.000
5140	0.0	0.0	0.000
5141	0.0	0.0	0.001
5142	0.0	0.0	0.002
5143	0.0	0.0	0.006
5144	0.0	0.0	0.007
5145	0.0	0.0	0.007
5146	0.0	0.0	0.007
5147	0.0	0.0	0.007
5148	0.0	0.0	0.006
5149	0.0	0.0	0.006
5150	0.0	0.0	0.005
5151	0.0	0.0	0.005
5152	0.0	0.0	0.004
5153	0.0	0.0	0.005
5154	0.0	0.0	0.006
5155	0.0	0.0	0.006
5156	0.0	0.0	0.008
5157	0.0	0.0	0.008
5158	0.0	0.0	0.008
5159	0.0	0.0	0.005
5160	0.0	0.0	0.003
5161	0.0	0.0	0.002
5162	0.0	0.0	0.001
5163	0.0	0.0	0.000
5164	0.0	0.0	0.000
5165	0.0	0.0	0.001
5166	0.0	0.0	0.002
5167	0.0	0.0	0.006
5168	0.0	0.0	0.007
5169	0.0	0.0	0.007
5170	0.0	0.0	0.007
5171	0.0	0.0	0.007
5172	0.0	0.0	0.006
5173	0.0	0.0	0.006
5174	0.0	0.0	0.005
5175	0.0	0.0	0.005
5176	0.0	0.0	0.004
5177	0.0	0.0	0.005
5178	0.0	0.0	0.006
5179	0.0	0.0	0.006
5180	0.0	0.0	0.008
5181	0.0	0.0	0.008
5182	0.0	0.0	0.008
5183	0.0	0.0	0.005
5184	0.0	0.0	0.003
5185	0.0	0.0	0.002
5186	0.0	0.0	0.001
5187	0.0	0.0	0.000
5188	0.0	0.0	0.000
5189	0.0	0.0	0.001
5190	0.0	0.0	0.002
5191	0.0	0.0	0.006
5192	0.0	0.0	0.007
5193	0.0	0.0	0.007
5194	0.0	0.0	0.007
5195	0.0	0.0	0.007
5196	0.0	0.0	0.006
5197	0.0	0.0	0.006
5198	0.0	0.0	0.005
5199	0.0	0.0	0.005
5200	0.0	0.0	0.004
5201	0.0	0.0	0.005
5202	0.0	0.0	0.006
5203	0.0	0.0	0.006
5204	0.0	0.0	0.008
5205	0.0	0.0	0.008
5206	0.0	0.0	0.008
5207	0.0	0.0	0.005
5208	0.0	0.0	0.003
5209	0.0	0.0	0.002
5210	0.0	0.0	0.001
5211	0.0	0.0	0.000
5212	0.0	0.0	0.000
5213	0.0	0.0	0.001
5214	0.0	0.0	0.002
5215	0.0	0.0	0.006
5216	0.0	0.0	0.007
5217	0.0	0.0	0.007
5218	0.0	0.0	0.007
5219	0.0	0.0	0.007
5220	0.0	0.0	0.006
5221	0.0	0.0	0.006
5222	0.0	0.0	0.005
5223	0.0	0.0	0.005
5224	0.0	0.0	0.004
5225	0.0	0.0	0.005
5226	0.0	0.0	0.006
5227	0.0	0.0	0.006
5228	0.0	0.0	0.008
5229	0.0	0.0	0.008
5230	0.0	0.0	0.008
5231	0.0	0.0	0.005
5232	0.0	0.0	0.003
5233	0.0	0.0	0.002
5234	0.0	0.0	0.001
5235	0.0	0.0	0.000
5236	0.0	0.0	0.000
5237	0.0	0.0	0.001
5238	0.0	0.0	0.002
5239	0.0	0.0	0.006
5240	0.0	0.0	0.007
5241	0.0	0.0	0.007
5242	0.0	0.0	0.007
5243	0.0	0.0	0.007
5244	0.0	0.0	0.006
5245	0.0	0.0	0.006
5246	0.0	0.0	0.005
5247	0.0	0.0	0.005
5248	0.0	0.0	0.004
5249	0.0	0.0	0.005
5250	0.0	0.0	0.006
5251	0.0	0.0	0.006
5252	0.0	0.0	0.008
5253	0.0	0.0	0.008
5254	0.0	0.0	0.008
5255	0.0	0.0	0.005
5256	0.0	0.0	0.003
5257	0.0	0.0	0.002
5258	0.0	0.0	0.001
5259	0.0	0.0	0.000
5260	0.0	0.0	0.000
5261	0.0	0.0	0.001
5262	0.0	0.0	0.002
5263	0.0	0.0	0.006
5264	0.0	0.0	0.007
5265	0.0	0.0	0.007
5266	0.0	0.0	0.007
5267	0.0	0.0	0.007
5268	0.0	0.0	0.006
5269	0.0	0.0	0.006
5270	0.0	0.0	0.005
5271	0.0	0.0	0.005
5272	0.0	0.0	0.004
5273	0.0	0.0	0.005
5274	0.0	0.0	0.006
5275	0.0	0.0	0.006
5276	0.0	0.0	0.008
5277	0.0	0.0	0.008
5278	0.0	0.0	0.008
5279	0.0	0.0	0.005
5280	0.0	0.0	0.003
5281	0.0	0.0	0.002
5282	0.0	0.0	0.001
5283	0.0	0.0	0.000
5284	0.0	0.0	0.000
5285	0.0	0.0	0.001
5286	0.0	0.0	0.002
5287	0.0	0.0	0.006
5288	0.0	0.0	0.007
5289	0.0	0.0	0.007
5290	0.0	0.0	0.007
5291	0.0	0.0	0.007
5292	0.0	0.0	0.006
5293	0.0	0.0	0.006
5294	0.0	0.0	0.005
5295	0.0	0.0	0.005
5296	0.0	0.0	0.004
5297	0.0	0.0	0.005
5298	0.0	0.0	0.006
5299	0.0	0.0	0.006
5300	0.0	0.0	0.008
5301	0.0	0.0	0.008
5302	0.0	0.0	0.008
5303	0.0	0.0	0.005
5304	0.0	0.0	0.003
5305	0.0	0.0	0.002
5306	0.0	0.0	0.001
5307	0.0	0.0	0.000
5308	0.0	0.0	0.000
5309	0.0	0.0	0.001
5310	0.0	0.0	0.002
5311	0.0	0.0	0.006
5312	0.0	0.0	0.007
5313	0.0	0.0	0.007
5314	0.0	0.0	0.007
5315	0.0	0.0	0.007
5316	0.0	0.0	0.006
5317	0.0	0.0	0.006
5318	0.0	0.0	0.005
5319	0.0	0.0	0.005
5320	0.0	0.0	0.004
5321	0.0	0.0	0.005
5322	0.0	0.0	0.006
5323	0.0	0.0	0.006
5324	0.0	0.0	0.008
5325	0.0	0.0	0.008
5326	0.0	0.0	0.008
5327	0.0	0.0	0.005
5328	0.0	0.0	0.003
5329	0.0	0.0	0.002
5330	0.0	0.0	0.001
5331	0.0	0.0	0.000
5332	0.0	0.0	0.000
5333	0.0	0.0	0.001
5334	0.0	0.0	0.002
5335	0.0	0.0	0.006
5336	0.0	0.0	0.007
5337	0.0	0.0	0.007
5338	0.0	0.0	0.007
5339	0.0	0.0	0.007
5340	0.0	0.0	0.006
5341	0.0	0.0	0.006
5342	0.0	0.0	0.005
5343	0.0	0.0	0.005
5344	0.0	0.0	0.004
5345	0.0	0.0	0.005
5346	0.0	0.0	0.006
5347	0.0	0.0	0.006
5348	0.0	0.0	0.008
5349	0.0	0.0	0.008
5350	0.0	0.0	0.008
5351	0.0	0.0	0.005
5352	0.0	0.0	0.003
5353	0.0	0.0	0.002
5354	0.0	0.0	0.001
5355	0.0	0.0	0.000
5356	0.0	0.0	0.000
5357	0.0	0.0	0.001
5358	0.0	0.0	0.002
5359	0.0	0.0	0.006
5360	0.0	0.0	0.007
5361	0.0	0.0	0.007
5362	0.0	0.0	0.007
5363	0.0	0.0	0.007
5364	0.0	0.0	0.006
5365	0.0	0.0	0.006
5366	0.0	0.0	0.005
5367	0.0	0.0	0.005
5368	0.0	0.0	0.004
5369	0.0	0.0	0.005
5370	0.0	0.0	0.006
5371	0.0	0.0	0.006
5372	0.0	0.0	0.008
5373	0.0	0.0	0.008
5374	0.0	0.0	0.008
5375	0.0	0.0	0.005
5376	0.0	0.0	0.003
5377	0.0	0.0	0.002
5378	0.0	0.0	0.001
5379	0.0	0.0	0.000
5380	0.0	0.0	0.000
5381	0.0	0.0	0.001
5382	0.0	0.0	0.002
5383	0.0	0.0	0.006
5384	0.0	0.0	0.007
5385	0.0	0.0	0.007
5386	0.0	0.0	0.007
5387	0.0	0.0	0.007
5388	0.0	0.0	0.006
5389	0.0	0.0	0.006
5390	0.0	0.0	0.005
5391	0.0	0.0	0.005
5392	0.0	0.0	0.004
5393	0.0	0.0	0.005
5394	0.0	0.0	0.006
5395	0.0	0.0	0.006
5396	0.0	0.0	0.008
5397	0.0	0.0	0.008
5398	0.0	0.0	0.008
5399	0.0	0.0	0.005
5400	0.0	0.0	0.003
5401	0.0	0.0	0.002
5402	0.0	0.0	0.001
5403	0.0	0.0	0.000
5404	0.0	0.0	0.000
5405	0.0	0.0	0.001
5406	0.0	0.0	0.002
5407	0.0	0.0	0.006
5408	0.0	0.0	0.007
5409	0.0	0.0	0.007
5410	0.0	0.0	0.007
5411	0.0	0.0	0.007
5412	0.0	0.0	0.006
5413	0.0	0.0	0.006
5414	0.0	0.0	0.005
5415	0.0	0.0	0.005
5416	0.0	0.0	0.004
5417	0.0	0.0	0.005
5418	0.0	0.0	0.006
5419	0.0	0.0	0.006
5420	0.0	0.0	0.008
5421	0.0	0.0	0.008
5422	0.0	0.0	0.008
5423	0.0	0.0	0.005
5424	0.0	0.0	0.003
5425	0.0	0.0	0.002
5426	0.0	0.0	0.001
5427	0.0	0.0	0.000
5428	0.0	0.0	0.000
5429	0.0	0.0	0.001
5430	0.0	0.0	0.002
5431	0.0	0.0	0.006
5432	0.0	0.0	0.007
5433	0.0	0.0	0.007
5434	0.0	0.0	0.007
5435	0.0	0.0	0.007
5436	0.0	0.0	0.006
5437	0.0	0.0	0.006
5438	0.0	0.0	0.005
5439	0.0	0.0	0.005
5440	0.0	0.0	0.004
5441	0.0	0.0	0.005
5442	0.0	0.0	0.006
5443	0.0	0.0	0.006
5444	0.0	0.0	0.008
5445	0.0	0.0	0.008
5446	0.0	0.0	0.008
5447	0.0	0.0	0.005
5448	0.0	0.0	0.003
5449	0.0	0.0	0.002
5450	0.0	0.0	0.001
5451	0.0	0.0	0.000
5452	0.0	0.0	0.000
5453	0.0	0.0	0.001
5454	0.0	0.0	0.002
5455	0.0	0.0	0.006
5456	0.0	0.0	0.007
5457	0.0	0.0	0.007
5458	0.0	0.0	0.007
5459	0.0	0.0	0.007
5460	0.0	0.0	0.006
5461	0.0	0.0	0.006
5462	0.0	0.0	0.005
5463	0.0	0.0	0.005
5464	0.0	0.0	0.004
5465	0.0	0.0	0.005
5466	0.0	0.0	0.006
5467	0.0	0.0	0.006
5468	0.0	0.0	0.008
5469	0.0	0.0	0.008
5470	0.0	0.0	0.008
5471	0.0	0.0	0.005
5472	0.0	0.0	0.003
5473	0.0	0.0	0.002
5474	0.0	0.0	0.001
5475	0.0	0.0	0.000
5476	0.0	0.0	0.000
5477	0.0	0.0	0.001
5478	0.0	0.0	0.002
5479	0.0	0.0	0.006
5480	0.0	0.0	0.007
5481	0.0	0.0	0.007
5482	0.0	0.0	0.007
5483	0.0	0.0	0.007
5484	0.0	0.0	0.006
5485	0.0	0.0	0.006
5486	0.0	0.0	0.005
5487	0.0	0.0	0.005
5488	0.0	0.0	0.004
5489	0.0	0.0	0.005
5490	0.0	0.0	0.006
5491	0.0	0.0	0.006
5492	0.0	0.0	0.008
5493	0.0	0.0	0.008
5494	0.0	0.0	0.008
5495	0.0	0.0	0.005
5496	0.0	0.0	0.003
5497	0.0	0.0	0.002
5498	0.0	0.0	0.001
5499	0.0	0.0	0.000
5500	0.0	0.0	0.000
5501	0.0	0.0	0.001
5502	0.0	0.0	0.002
5503	0.0	0.0	0.006
5504	0.0	0.0	0.007
5505	0.0	0.0	0.007
5506	0.0	0.0	0.007
5507	0.0	0.0	0.007
5508	0.0	0.0	0.006
5509	0.0	0.0	0.006
5510	0.0	0.0	0.005
5511	0.0	0.0	0.005
5512	0.0	0.0	0.004
5513	0.0	0.0	0.005
5514	0.0	0.0	0.006
5515	0.0	0.0	0.006
5516	0.0	0.0	0.008
5517	0.0	0.0	0.008
5518	0.0	0.0	0.008
5519	0.0	0.0	0.005
5520	0.0	0.0	0.003
5521	0.0	0.0	0.002
5522	0.0	0.0	0.001
5523	0.0	0.0	0.000
5524	0.0	0.0	0.000
5525	0.0	0.0	0.001
5526	0.0	0.0	0.002
5527	0.0	0.0	0.006
5528	0.0	0.0	0.007
5529	0.0	0.0	0.007
5530	0.0	0.0	0.007
5531	0.0	0.0	0.007
5532	0.0	0.0	0.006
5533	0.0	0.0	0.006
5534	0.0	0.0	0.005
5535	0.0	0.0	0.005
5536	0.0	0.0	0.004
5537	0.0	0.0	0.005
5538	0.0	0.0	0.006
5539	0.0	0.0	0.006
5540	0.0	0.0	0.008
5541	0.0	0.0	0.008
5542	0.0	0.0	0.008
5543	0.0	0.0	0.005
5544	0.0	0.0	0.003
5545	0.0	0.0	0.002
5546	0.0	0.0	0.001
5547	0.0	0.0	0.000
5548	0.0	0.0	0.000
5549	0.0	0.0	0.001
5550	0.0	0.0	0.002
5551	0.0	0.0	0.006
5552	0.0	0.0	0.007
5553	0.0	0.0	0.007
5554	0.0	0.0	0.007
5555	0.0	0.0	0.007
5556	0.0	0.0	0.006
5557	0.0	0.0	0.006
5558	0.0	0.0	0.005
5559	0.0	0.0	0.005
5560	0.0	0.0	0.004
5561	0.0	0.0	0.005
5562	0.0	0.0	0.006
5563	0.0	0.0	0.006
5564	0.0	0.0	0.008
5565	0.0	0.0	0.008
5566	0.0	0.0	0.008
5567	0.0	0.0	0.005
5568	0.0	0.0	0.003
5569	0.0	0.0	0.002
5570	0.0	0.0	0.001
5571	0.0	0.0	0.000
5572	0.0	0.0	0.000
5573	0.0	0.0	0.001
5574	0.0	0.0	0.002
5575	0.0	0.0	0.006
5576	0.0	0.0	0.007
5577	0.0	0.0	0.007
5578	0.0	0.0	0.007
5579	0.0	0.0	0.007
5580	0.0	0.0	0.006
5581	0.0	0.0	0.006
5582	0.0	0.0	0.005
5583	0.0	0.0	0.005
5584	0.0	0.0	0.004
5585	0.0	0.0	0.005
5586	0.0	0.0	0.006
5587	0.0	0.0	0.006
5588	0.0	0.0	0.008
5589	0.0	0.0	0.008
5590	0.0	0.0	0.008
5591	0.0	0.0	0.005
5592	0.0	0.0	0.003
5593	0.0	0.0	0.002
5594	0.0	0.0	0.001
5595	0.0	0.0	0.000
5596	0.0	0.0	0.000
5597	0.0	0.0	0.001
5598	0.0	0.0	0.002
5599	0.0	0.0	0.006
5600	0.0	0.0	0.007
5601	0.0	0.0	0.007
5602	0.0	0.0	0.007
5603	0.0	0.0	0.007
5604	0.0	0.0	0.006
5605	0.0	0.0	0.006
5606	0.0	0.0	0.005
5607	0.0	0.0	0.005
5608	0.0	0.0	0.004
5609	0.0	0.0	0.005
5610	0.0	0.0	0.006
5611	0.0	0.0	0.006
5612	0.0	0.0	0.008
5613	0.0	0.0	0.008
5614	0.0	0.0	0.008
5615	0.0	0.0	0.005
5616	0.0	0.0	0.003
5617	0.0	0.0	0.002
5618	0.0	0.0	0.001
5619	0.0	0.0	0.000
5620	0.0	0.0	0.000
5621	0.0	0.0	0.001
5622	0.0	0.0	0.002
5623	0.0	0.0	0.006
5624	0.0	0.0	0.007
5625	0.0	0.0	0.007
5626	0.0	0.0	0.007
5627	0.0	0.0	0.007
5628	0.0	0.0	0.006
5629	0.0	0.0	0.006
5630	0.0	0.0	0.005
5631	0.0	0.0	0.005
5632	0.0	0.0	0.004
5633	0.0	0.0	0.005
5634	0.0	0.0	0.006
5635	0.0	0.0	0.006
5636	0.0	0.0	0.008
5637	0.0	0.0	0.008
5638	0.0	0.0	0.008
5639	0.0	0.0	0.005
5640	0.0	0.0	0.003
5641	0.0	0.0	0.002
5642	0.0	0.0	0.001
5643	0.0	0.0	0.000
5644	0.0	0.0	0.000
5645	0.0	0.0	0.001
5646	0.0	0.0	0.002
5647	0.0	0.0	0.006
5648	0.0	0.0	0.007
5649	0.0	0.0	0.007
5650	0.0	0.0	0.007
5651	0.0	0.0	0.007
5652	0.0	0.0	0.006
5653	0.0	0.0	0.006
5654	0.0	0.0	0.005
5655	0.0	0.0	0.005
5656	0.0	0.0	0.004
5657	0.0	0.0	0.005
5658	0.0	0.0	0.006
5659	0.0	0.0	0.006
5660	0.0	0.0	0.008
5661	0.0	0.0	0.008
5662	0.0	0.0	0.008
5663	0.0	0.0	0.005
5664	0.0	0.0	0.003
5665	0.0	0.0	0.002
5666	0.0	0.0	0.001
5667	0.0	0.0	0.000
5668	0.0	0.0	0.000
5669	0.0	0.0	0.001
5670	0.0	0.0	0.002
5671	0.0	0.0	0.006
5672	0.0	0.0	0.007
5673	0.0	0.0	0.007
5674	0.0	0.0	0.007
5675	0.0	0.0	0.007
5676	0.0	0.0	0.006
5677	0.0	0.0	0.006
5678	0.0	0.0	0.005
5679	0.0	0.0	0.005
5680	0.0	0.0	0.004
5681	0.0	0.0	0.005
5682	0.0	0.0	0.006
5683	0.0	0.0	0.006
5684	0.0	0.0	0.008
5685	0.0	0.0	0.008
5686	0.0	0.0	0.008
5687	0.0	0.0	0.005
5688	0.0	0.0	0.003
5689	0.0	0.0	0.002
5690	0.0	0.0	0.001
5691	0.0	0.0	0.000
5692	0.0	0.0	0.000
5693	0.0	0.0	0.001
5694	0.0	0.0	0.002
5695	0.0	0.0	0.006
5696	0.0	0.0	0.007
5697	0.0	0.0	0.007
5698	0.0	0.0	0.007
5699	0.0	0.0	0.007
5700	0.0	0.0	0.006
5701	0.0	0.0	0.006
5702	0.0	0.0	0.005
5703	0.0	0.0	0.005
5704	0.0	0.0	0.004
5705	0.0	0.0	0.005
5706	0.0	0.0	0.006
5707	0.0	0.0	0.006
5708	0.0	0.0	0.008
5709	0.0	0.0	0.008
5710	0.0	0.0	0.008
5711	0.0	0.0	0.005
5712	0.0	0.0	0.003
5713	0.0	0.0	0.002
5714	0.0	0.0	0.001
5715	0.0	0.0	0.000
5716	0.0	0.0	0.000
5717	0.0	0.0	0.001
5718	0.0	0.0	0.002
5719	0.0	0.0	0.006
5720	0.0	0.0	0.007
5721	0.0	0.0	0.007
5722	0.0	0.0	0.007
5723	0.0	0.0	0.007
5724	0.0	0.0	0.006
5725	0.0	0.0	0.006
5726	0.0	0.0	0.005
5727	0.0	0.0	0.005
5728	0.0	0.0	0.004
5729	0.0	0.0	0.005
5730	0.0	0.0	0.006
5731	0.0	0.0	0.006
5732	0.0	0.0	0.008
5733	0.0	0.0	0.008
5734	0.0	0.0	0.008
5735	0.0	0.0	0.005
5736	0.0	0.0	0.003
5737	0.0	0.0	0.002
5738	0.0	0.0	0.001
5739	0.0	0.0	0.000
5740	0.0	0.0	0.000
5741	0.0	0.0	0.001
5742	0.0	0.0	0.002
5743	0.0	0.0	0.006
5744	0.0	0.0	0.007
5745	0.0	0.0	0.007
5746	0.0	0.0	0.007
5747	0.0	0.0	0.007
5748	0.0	0.0	0.006
5749	0.0	0.0	0.006
5750	0.0	0.0	0.005
5751	0.0	0.0	0.005
5752	0.0	0.0	0.004
5753	0.0	0.0	0.005
5754	0.0	0.0	0.006
5755	0.0	0.0	0.006
5756	0.0	0.0	0.008
5757	0.0	0.0	0.008
5758	0.0	0.0	0.008
5759	0.0	0.0	0.005
5760	0.0	0.0	0.003
5761	0.0	0.0	0.002
5762	0.0	0.0	0.001
5763	0.0	0.0	0.000
5764	0.0	0.0	0.000
5765	0.0	0.0	0.001
5766	0.0	0.0	0.002
5767	0.0	0.0	0.006
5768	0.0	0.0	0.007
5769	0.0	0.0	0.007
5770	0.0	0.0	0.007
5771	0.0	0.0	0.007
5772	0.0	0.0	0.006
5773	0.0	0.0	0.006
5774	0.0	0.0	0.005
5775	0.0	0.0	0.005
5776	0.0	0.0	0.004
5777	0.0	0.0	0.005
5778	0.0	0.0	0.006
5779	0.0	0.0	0.006
5780	0.0	0.0	0.008
5781	0.0	0.0	0.008
5782	0.0	0.0	0.008
5783	0.0	0.0	0.005
5784	0.0	0.0	0.003
5785	0.0	0.0	0.002
5786	0.0	0.0	0.001
5787	0.0	0.0	0.000
5788	0.0	0.0	0.000
5789	0.0	0.0	0.001
5790	0.0	0.0	0.002
5791	0.0	0.0	0.006
5792	0.0	0.0	0.007
5793	0.0	0.0	0.007
5794	0.0	0.0	0.007
5795	0.0	0.0	0.007
5796	0.0	0.0	0.006
5797	0.0	0.0	0.006
5798	0.0	0.0	0.005
5799	0.0	0.0	0.005
5800	0.0	0.0	0.004
5801	0.0	0.0	0.005
5802	0.0	0.0	0.006
5803	0.0	0.0	0.006
5804	0.0	0.0	0.008
5805	0.0	0.0	0.008
5806	0.0	0.0	0.008
5807	0.0	0.0	0.005
5808	0.0	0.0	0.003
5809	0.0	0.0	0.002
5810	0.0	0.0	0.001
5811	0.0	0.0	0.000
5812	0.0	0.0	0.000
5813	0.0	0.0	0.001
5814	0.0	0.0	0.002
5815	0.0	0.0	0.006
5816	0.0	0.0	0.007
5817	0.0	0.0	0.007
5818	0.0	0.0	0.007
5819	0.0	0.0	0.007
5820	0.0	0.0	0.006
5821	0.0	0.0	0.006
5822	0.0	0.0	0.005
5823	0.0	0.0	0.005
5824	0.0	0.0	0.004
5825	0.0	0.0	0.005
5826	0.0	0.0	0.006
5827	0.0	0.0	0.006
5828	0.0	0.0	0.008
5829	0.0	0.0	0.008
5830	0.0	0.0	0.008
5831	0.0	0.0	0.005
5832	0.0	0.0	0.003
5833	0.0	0.0	0.002
5834	0.0	0.0	0.001
5835	0.0	0.0	0.000
5836	0.0	0.0	0.000
5837	0.0	0.0	0.001
5838	0.0	0.0	0.002
5839	0.0	0.0	0.006
5840	0.0	0.0	0.007
5841	0.0	0.0	0.007
5842	0.0	0.0	0.007
5843	0.0	0.0	0.007
5844	0.0	0.0	0.006
5845	0.0	0.0	0.006
5846	0.0	0.0	0.005
5847	0.0	0.0	0.005
5848	0.0	0.0	0.004
5849	0.0	0.0	0.005
5850	0.0	0.0	0.006
5851	0.0	0.0	0.006
5852	0.0	0.0	0.008
5853	0.0	0.0	0.008
5854	0.0	0.0	0.008
5855	0.0	0.0	0.005
5856	0.0	0.0	0.003
5857	0.0	0.0	0.002
5858	0.0	0.0	0.001
5859	0.0	0.0	0.000
5860	0.0	0.0	0.000
5861	0.0	0.0	0.001
5862	0.0	0.0	0.002
5863	0.0	0.0	0.006
5864	0.0	0.0	0.007
5865	0.0	0.0	0.007
5866	0.0	0.0	0.007
5867	0.0	0.0	0.007
5868	0.0	0.0	0.006
5869	0.0	0.0	0.006
5870	0.0	0.0	0.005
5871	0.0	0.0	0.005
5872	0.0	0.0	0.004
5873	0.0	0.0	0.005
5874	0.0	0.0	0.006
5875	0.0	0.0	0.006
5876	0.0	0.0	0.008
5877	0.0	0.0	0.008
5878	0.0	0.0	0.008
5879	0.0	0.0	0.005
5880	0.0	0.0	0.003
5881	0.0	0.0	0.002
5882	0.0	0.0	0.001
5883	0.0	0.0	0.000
5884	0.0	0.0	0.000
5885	0.0	0.0	0.001
5886	0.0	0.0	0.002
5887	0.0	0.0	0.006
5888	0.0	0.0	0.007
5889	0.0	0.0	0.007
5890	0.0	0.0	0.007
5891	0.0	0.0	0.007
5892	0.0	0.0	0.006
5893	0.0	0.0	0.006
5894	0.0	0.0	0.005
5895	0.0	0.0	0.005
5896	0.0	0.0	0.004
5897	0.0	0.0	0.005
5898	0.0	0.0	0.006
5899	0.0	0.0	0.006
5900	0.0	0.0	0.008
5901	0.0	0.0	0.008
5902	0.0	0.0	0.008
5903	0.0	0.0	0.005
5904	0.0	0.0	0.003
5905	0.0	0.0	0.002
5906	0.0	0.0	0.001
5907	0.0	0.0	0.000
5908	0.0	0.0	0.000
5909	0.0	0.0	0.001
5910	0.0	0.0	0.002
5911	0.0	0.0	0.006
5912	0.0	0.0	0.007
5913	0.0	0.0	0.007
5914	0.0	0.0	0.007
5915	0.0	0.0	0.007
5916	0.0	0.0	0.006
5917	0.0	0.0	0.006
5918	0.0	0.0	0.005
5919	0.0	0.0	0.005
5920	0.0	0.0	0.004
5921	0.0	0.0	0.005
5922	0.0	0.0	0.006
5923	0.0	0.0	0.006
5924	0.0	0.0	0.008
5925	0.0	0.0	0.008
5926	0.0	0.0	0.008
5927	0.0	0.0	0.005
5928	0.0	0.0	0.003
5929	0.0	0.0	0.002
5930	0.0	0.0	0.001
5931	0.0	0.0	0.000
5932	0.0	0.0	0.000
5933	0.0	0.0	0.001
5934	0.0	0.0	0.002
5935	0.0	0.0	0.006
5936	0.0	0.0	0.007
5937	0.0	0.0	0.007
5938	0.0	0.0	0.007
5939	0.0	0.0	0.007
5940	0.0	0.0	0.006
5941	0.0	0.0	0.006
5942	0.0	0.0	0.005
5943	0.0	0.0	0.005
5944	0.0	0.0	0.004
5945	0.0	0.0	0.005
5946	0.0	0.0	0.006
5947	0.0	0.0	0.006
5948	0.0	0.0	0.008
5949	0.0	0.0	0.008
5950	0.0	0.0	0.008
5951	0.0	0.0	0.005
5952	0.0	0.0	0.003
5953	0.0	0.0	0.002
5954	0.0	0.0	0.001
5955	0.0	0.0	0.000
5956	0.0	0.0	0.000
5957	0.0	0.0	0.001
5958	0.0	0.0	0.002
5959	0.0	0.0	0.006
5960	0.0	0.0	0.007
5961	0.0	0.0	0.007
5962	0.0	0.0	0.007
5963	0.0	0.0	0.007
5964	0.0	0.0	0.006
5965	0.0	0.0	0.006
5966	0.0	0.0	0.005
5967	0.0	0.0	0.005
5968	0.0	0.0	0.004
5969	0.0	0.0	0.005
5970	0.0	0.0	0.006
5971	0.0	0.0	0.006
5972	0.0	0.0	0.008
5973	0.0	0.0	0.008
5974	0.0	0.0	0.008
5975	0.0	0.0	0.005
5976	0.0	0.0	0.003
5977	0.0	0.0	0.002
5978	0.0	0.0	0.001
5979	0.0	0.0	0.000
5980	0.0	0.0	0.000
5981	0.0	0.0	0.001
5982	0.0	0.0	0.002
5983	0.0	0.0	0.006
5984	0.0	0.0	0.007
5985	0.0	0.0	0.007
5986	0.0	0.0	0.007
5987	0.0	0.0	0.007
5988	0.0	0.0	0.006
5989	0.0	0.0	0.006
5990	0.0	0.0	0.005
5991	0.0	0.0	0.005
5992	0.0	0.0	0.004
5993	0.0	0.0	0.005
5994	0.0	0.0	0.006
5995	0.0	0.0	0.006
5996	0.0	0.0	0.008
5997	0.0	0.0	0.008
5998	0.0	0.0	0.008
5999	0.0	0.0	0.005
6000	0.0	0.0	0.003
6001	0.0	0.0	0.002
6002	0.0	0.0	0.001
6003	0.0	0.0	0.000
6004	0.0	0.0	0.000
6005	0.0	0.0	0.001
6006	0.0	0.0	0.002
6007	0.0	0.0	0.006
6008	0.0	0.0	0.007
6009	0.0	0.0	0.007
6010	0.0	0.0	0.007
6011	0.0	0.0	0.007
6012	0.0	0.0	0.006
6013	0.0	0.0	0.006
6014	0.0	0.0	0.005
6015	0.0	0.0	0.005
6016	0.0	0.0	0.004
6017	0.0	0.0	0.005
6018	0.0	0.0	0.006
6019	0.0	0.0	0.006
6020	0.0	0.0	0.008
6021	0.0	0.0	0.008
6022	0.0	0.0	0.008
6023	0.0	0.0	0.005
6024	0.0	0.0	0.003
6025	0.0	0.0	0.002
6026	0.0	0.0	0.001
6027	0.0	0.0	0.000
6028	0.0	0.0	0.000
6029	0.0	0.0	0.001
6030	0.0	0.0	0.002
6031	0.0	0.0	0.006
6032	0.0	0.0	0.007
6033	0.0	0.0	0.007
6034	0.0	0.0	0.007
6035	0.0	0.0	0.007
6036	0.0	0.0	0.006
6037	0.0	0.0	0.006
6038	0.0	0.0	0.005
6039	0.0	0.0	0.005
6040	0.0	0.0	0.004
6041	0.0	0.0	0.005
6042	0.0	0.0	0.006
6043	0.0	0.0	0.006
6044	0.0	0.0	0.008
6045	0.0	0.0	0.008
6046	0.0	0.0	0.008
6047	0.0	0.0	0.005
6048	0.0	0.0	0.003
6049	0.0	0.0	0.002
6050	0.0	0.0	0.001
6051	0.0	0.0	0.000
6052	0.0	0.0	0.000
6053	0.0	0.0	0.001
6054	0.0	0.0	0.002
6055	0.0	0.0	0.006
6056	0.0	0.0	0.007
6057	0.0	0.0	0.007
6058	0.0	0.0	0.007
6059	0.0	0.0	0.007
6060	0.0	0.0	0.006
6061	0.0	0.0	0.006
6062	0.0	0.0	0.005
6063	0.0	0.0	0.005
6064	0.0	0.0	0.004
6065	0.0	0.0	0.005
6066	0.0	0.0	0.006
6067	0.0	0.0	0.006
6068	0.0	0.0	0.008
6069	0.0	0.0	0.008
6070	0.0	0.0	0.008
6071	0.0	0.0	0.005
6072	0.0	0.0	0.003
6073	0.0	0.0	0.002
6074	0.0	0.0	0.001
6075	0.0	0.0	0.000
6076	0.0	0.0	0.000
6077	0.0	0.0	0.001
6078	0.0	0.0	0.002
6079	0.0	0.0	0.006
6080	0.0	0.0	0.007
6081	0.0	0.0	0.007
6082	0.0	0.0	0.007
6083	0.0	0.0	0.007
6084	0.0	0.0	0.006
6085	0.0	0.0	0.006
6086	0.0	0.0	0.005
6087	0.0	0.0	0.005
6088	0.0	0.0	0.004
6089	0.0	0.0	0.005
6090	0.0	0.0	0.006
6091	0.0	0.0	0.006
6092	0.0	0.0	0.008
6093	0.0	0.0	0.008
6094	0.0	0.0	0.008
6095	0.0	0.0	0.005
6096	0.0	0.0	0.003
6097	0.0	0.0	0.002
6098	0.0	0.0	0.001
6099	0.0	0.0	0.000
6100	0.0	0.0	0.000
6101	0.0	0.0	0.001
6102	0.0	0.0	0.002
6103	0.0	0.0	0.006
6104	0.0	0.0	0.007
6105	0.0	0.0	0.007
6106	0.0	0.0	0.007
6107	0.0	0.0	0.007
6108	0.0	0.0	0.006
6109	0.0	0.0	0.006
6110	0.0	0.0	0.005
6111	0.0	0.0	0.005
6112	0.0	0.0	0.004
6113	0.0	0.0	0.005
6114	0.0	0.0	0.006
6115	0.0	0.0	0.006
6116	0.0	0.0	0.008
6117	0.0	0.0	0.008
6118	0.0	0.0	0.008
6119	0.0	0.0	0.005
6120	0.0	0.0	0.003
6121	0.0	0.0	0.002
6122	0.0	0.0	0.001
6123	0.0	0.0	0.000
6124	0.0	0.0	0.000
6125	0.0	0.0	0.001
6126	0.0	0.0	0.002
6127	0.0	0.0	0.006
6128	0.0	0.0	0.007
6129	0.0	0.0	0.007
6130	0.0	0.0	0.007
6131	0.0	0.0	0.007
6132	0.0	0.0	0.006
6133	0.0	0.0	0.006
6134	0.0	0.0	0.005
6135	0.0	0.0	0.005
6136	0.0	0.0	0.004
6137	0.0	0.0	0.005
6138	0.0	0.0	0.006
6139	0.0	0.0	0.006
6140	0.0	0.0	0.008
6141	0.0	0.0	0.008
6142	0.0	0.0	0.008
6143	0.0	0.0	0.005
6144	0.0	0.0	0.003
6145	0.0	0.0	0.002
6146	0.0	0.0	0.001
6147	0.0	0.0	0.000
6148	0.0	0.0	0.000
6149	0.0	0.0	0.001
6150	0.0	0.0	0.002
6151	0.0	0.0	0.006
6152	0.0	0.0	0.007
6153	0.0	0.0	0.007
6154	0.0	0.0	0.007
6155	0.0	0.0	0.007
6156	0.0	0.0	0.006
6157	0.0	0.0	0.006
6158	0.0	0.0	0.005
6159	0.0	0.0	0.005
6160	0.0	0.0	0.004
6161	0.0	0.0	0.005
6162	0.0	0.0	0.006
6163	0.0	0.0	0.006
6164	0.0	0.0	0.008
6165	0.0	0.0	0.008
6166	0.0	0.0	0.008
6167	0.0	0.0	0.005
6168	0.0	0.0	0.003
6169	0.0	0.0	0.002
6170	0.0	0.0	0.001
6171	0.0	0.0	0.000
6172	0.0	0.0	0.000
6173	0.0	0.0	0.001
6174	0.0	0.0	0.002
6175	0.0	0.0	0.006
6176	0.0	0.0	0.007
6177	0.0	0.0	0.007
6178	0.0	0.0	0.007
6179	0.0	0.0	0.007
6180	0.0	0.0	0.006
6181	0.0	0.0	0.006
6182	0.0	0.0	0.005
6183	0.0	0.0	0.005
6184	0.0	0.0	0.004
6185	0.0	0.0	0.005
6186	0.0	0.0	0.006
6187	0.0	0.0	0.006
6188	0.0	0.0	0.008
6189	0.0	0.0	0.008
6190	0.0	0.0	0.008
6191	0.0	0.0	0.005
6192	0.0	0.0	0.003
6193	0.0	0.0	0.002
6194	0.0	0.0	0.001
6195	0.0	0.0	0.000
6196	0.0	0.0	0.000
6197	0.0	0.0	0.001
6198	0.0	0.0	0.002
6199	0.0	0.0	0.006
6200	0.0	0.0	0.007
6201	0.0	0.0	0.007
6202	0.0	0.0	0.007
6203	0.0	0.0	0.007
6204	0.0	0.0	0.006
6205	0.0	0.0	0.006
6206	0.0	0.0	0.005
6207	0.0	0.0	0.005
6208	0.0	0.0	0.004
6209	0.0	0.0	0.005
6210	0.0	0.0	0.006
6211	0.0	0.0	0.006
6212	0.0	0.0	0.008
6213	0.0	0.0	0.008
6214	0.0	0.0	0.008
6215	0.0	0.0	0.005
6216	0.0	0.0	0.003
6217	0.0	0.0	0.002
6218	0.0	0.0	0.001
6219	0.0	0.0	0.000
6220	0.0	0.0	0.000
6221	0.0	0.0	0.001
6222	0.0	0.0	0.002
6223	0.0	0.0	0.006
6224	0.0	0.0	0.007
6225	0.0	0.0	0.007
6226	0.0	0.0	0.007
6227	0.0	0.0	0.007
6228	0.0	0.0	0.006
6229	0.0	0.0	0.006
6230	0.0	0.0	0.005
6231	0.0	0.0	0.005
6232	0.0	0.0	0.004
6233	0.0	0.0	0.005
6234	0.0	0.0	0.006
6235	0.0	0.0	0.006
6236	0.0	0.0	0.008
6237	0.0	0.0	0.008
6238	0.0	0.0	0.008
6239	0.0	0.0	0.005
6240	0.0	0.0	0.003
6241	0.0	0.0	0.002
6242	0.0	0.0	0.001
6243	0.0	0.0	0.000
6244	0.0	0.0	0.000
6245	0.0	0.0	0.001
6246	0.0	0.0	0.002
6247	0.0	0.0	0.006
6248	0.0	0.0	0.007
6249	0.0	0.0	0.007
6250	0.0	0.0	0.007
6251	0.0	0.0	0.007
6252	0.0	0.0	0.006
6253	0.0	0.0	0.006
6254	0.0	0.0	0.005
6255	0.0	0.0	0.005
6256	0.0	0.0	0.004
6257	0.0	0.0	0.005
6258	0.0	0.0	0.006
6259	0.0	0.0	0.006
6260	0.0	0.0	0.008
6261	0.0	0.0	0.008
6262	0.0	0.0	0.008
6263	0.0	0.0	0.005
6264	0.0	0.0	0.003
6265	0.0	0.0	0.002
6266	0.0	0.0	0.001
6267	0.0	0.0	0.000
6268	0.0	0.0	0.000
6269	0.0	0.0	0.001
6270	0.0	0.0	0.002
6271	0.0	0.0	0.006
6272	0.0	0.0	0.007
6273	0.0	0.0	0.007
6274	0.0	0.0	0.007
6275	0.0	0.0	0.007
6276	0.0	0.0	0.006
6277	0.0	0.0	0.006
6278	0.0	0.0	0.005
6279	0.0	0.0	0.005
6280	0.0	0.0	0.004
6281	0.0	0.0	0.005
6282	0.0	0.0	0.006
6283	0.0	0.0	0.006
6284	0.0	0.0	0.008
6285	0.0	0.0	0.008
6286	0.0	0.0	0.008
6287	0.0	0.0	0.005
6288	0.0	0.0	0.003
6289	0.0	0.0	0.002
6290	0.0	0.0	0.001
6291	0.0	0.0	0.000
6292	0.0	0.0	0.000
6293	0.0	0.0	0.001
6294	0.0	0.0	0.002
6295	0.0	0.0	0.006
6296	0.0	0.0	0.007
6297	0.0	0.0	0.007
6298	0.0	0.0	0.007
6299	0.0	0.0	0.007
6300	0.0	0.0	0.006
6301	0.0	0.0	0.006
6302	0.0	0.0	0.005
6303	0.0	0.0	0.005
6304	0.0	0.0	0.004
6305	0.0	0.0	0.005
6306	0.0	0.0	0.006
6307	0.0	0.0	0.006
6308	0.0	0.0	0.008
6309	0.0	0.0	0.008
6310	0.0	0.0	0.008
6311	0.0	0.0	0.005
6312	0.0	0.0	0.003
6313	0.0	0.0	0.002
6314	0.0	0.0	0.001
6315	0.0	0.0	0.000
6316	0.0	0.0	0.000
6317	0.0	0.0	0.001
6318	0.0	0.0	0.002
6319	0.0	0.0	0.006
6320	0.0	0.0	0.007
6321	0.0	0.0	0.007
6322	0.0	0.0	0.007
6323	0.0	0.0	0.007
6324	0.0	0.0	0.006
6325	0.0	0.0	0.006
6326	0.0	0.0	0.005
6327	0.0	0.0	0.005
6328	0.0	0.0	0.004
6329	0.0	0.0	0.005
6330	0.0	0.0	0.006
6331	0.0	0.0	0.006
6332	0.0	0.0	0.008
6333	0.0	0.0	0.008
6334	0.0	0.0	0.008
6335	0.0	0.0	0.005
6336	0.0	0.0	0.003
6337	0.0	0.0	0.002
6338	0.0	0.0	0.001
6339	0.0	0.0	0.000
6340	0.0	0.0	0.000
6341	0.0	0.0	0.001
6342	0.0	0.0	0.002
6343	0.0	0.0	0.006
6344	0.0	0.0	0.007
6345	0.0	0.0	0.007
6346	0.0	0.0	0.007
6347	0.0	0.0	0.007
6348	0.0	0.0	0.006
6349	0.0	0.0	0.006
6350	0.0	0.0	0.005
6351	0.0	0.0	0.005
6352	0.0	0.0	0.004
6353	0.0	0.0	0.005
6354	0.0	0.0	0.006
6355	0.0	0.0	0.006
6356	0.0	0.0	0.008
6357	0.0	0.0	0.008
6358	0.0	0.0	0.008
6359	0.0	0.0	0.005
6360	0.0	0.0	0.003
6361	0.0	0.0	0.002
6362	0.0	0.0	0.001
6363	0.0	0.0	0.000
6364	0.0	0.0	0.000
6365	0.0	0.0	0.001
6366	0.0	0.0	0.002
6367	0.0	0.0	0.006
6368	0.0	0.0	0.007
6369	0.0	0.0	0.007
6370	0.0	0.0	0.007
6371	0.0	0.0	0.007
6372	0.0	0.0	0.006
6373	0.0	0.0	0.006
6374	0.0	0.0	0.005
6375	0.0	0.0	0.005
6376	0.0	0.0	0.004
6377	0.0	0.0	0.005
6378	0.0	0.0	0.006
6379	0.0	0.0	0.006
6380	0.0	0.0	0.008
6381	0.0	0.0	0.008
6382	0.0	0.0	0.008
6383	0.0	0.0	0.005
6384	0.0	0.0	0.003
6385	0.0	0.0	0.002
6386	0.0	0.0	0.001
6387	0.0	0.0	0.000
6388	0.0	0.0	0.000
6389	0.0	0.0	0.001
6390	0.0	0.0	0.002
6391	0.0	0.0	0.006
6392	0.0	0.0	0.007
6393	0.0	0.0	0.007
6394	0.0	0.0	0.007
6395	0.0	0.0	0.007
6396	0.0	0.0	0.006
6397	0.0	0.0	0.006
6398	0.0	0.0	0.005
6399	0.0	0.0	0.005
6400	0.0	0.0	0.004
6401	0.0	0.0	0.005
6402	0.0	0.0	0.006
6403	0.0	0.0	0.006
6404	0.0	0.0	0.008
6405	0.0	0.0	0.008
6406	0.0	0.0	0.008
6407	0.0	0.0	0.005
6408	0.0	0.0	0.003
6409	0.0	0.0	0.002
6410	0.0	0.0	0.001
6411	0.0	0.0	0.000
6412	0.0	0.0	0.000
6413	0.0	0.0	0.001
6414	0.0	0.0	0.002
6415	0.0	0.0	0.006
6416	0.0	0.0	0.007
6417	0.0	0.0	0.007
6418	0.0	0.0	0.007
6419	0.0	0.0	0.007
6420	0.0	0.0	0.006
6421	0.0	0.0	0.006
6422	0.0	0.0	0.005
6423	0.0	0.0	0.005
6424	0.0	0.0	0.004
6425	0.0	0.0	0.005
6426	0.0	0.0	0.006
6427	0.0	0.0	0.006
6428	0.0	0.0	0.008
6429	0.0	0.0	0.008
6430	0.0	0.0	0.008
6431	0.0	0.0	0.005
6432	0.0	0.0	0.003
6433	0.0	0.0	0.002
6434	0.0	0.0	0.001
6435	0.0	0.0	0.000
6436	0.0	0.0	0.000
6437	0.0	0.0	0.001
6438	0.0	0.0	0.002
6439	0.0	0.0	0.006
6440	0.0	0.0	0.007
6441	0.0	0.0	0.007
6442	0.0	0.0	0.007
6443	0.0	0.0	0.007
6444	0.0	0.0	0.006
6445	0.0	0.0	0.006
6446	0.0	0.0	0.005
6447	0.0	0.0	0.005
6448	0.0	0.0	0.004
6449	0.0	0.0	0.005
6450	0.0	0.0	0.006
6451	0.0	0.0	0.006
6452	0.0	0.0	0.008
6453	0.0	0.0	0.008
6454	0.0	0.0	0.008
6455	0.0	0.0	0.005
6456	0.0	0.0	0.003
6457	0.0	0.0	0.002
6458	0.0	0.0	0.001
6459	0.0	0.0	0.000
6460	0.0	0.0	0.000
6461	0.0	0.0	0.001
6462	0.0	0.0	0.002
6463	0.0	0.0	0.006
6464	0.0	0.0	0.007
6465	0.0	0.0	0.007
6466	0.0	0.0	0.007
6467	0.0	0.0	0.007
6468	0.0	0.0	0.006
6469	0.0	0.0	0.006
6470	0.0	0.0	0.005
6471	0.0	0.0	0.005
6472	0.0	0.0	0.004
6473	0.0	0.0	0.005
6474	0.0	0.0	0.006
6475	0.0	0.0	0.006
6476	0.0	0.0	0.008
6477	0.0	0.0	0.008
6478	0.0	0.0	0.008
6479	0.0	0.0	0.005
6480	0.0	0.0	0.003
6481	0.0	0.0	0.002
6482	0.0	0.0	0.001
6483	0.0	0.0	0.000
6484	0.0	0.0	0.000
6485	0.0	0.0	0.001
6486	0.0	0.0	0.002
6487	0.0	0.0	0.006
6488	0.0	0.0	0.007
6489	0.0	0.0	0.007
6490	0.0	0.0	0.007
6491	0.0	0.0	0.007
6492	0.0	0.0	0.006
6493	0.0	0.0	0.006
6494	0.0	0.0	0.005
6495	0.0	0.0	0.005
6496	0.0	0.0	0.004
6497	0.0	0.0	0.005
6498	0.0	0.0	0.006
6499	0.0	0.0	0.006
6500	0.0	0.0	0.008
6501	0.0	0.0	0.008
6502	0.0	0.0	0.008
6503	0.0	0.0	0.005
6504	0.0	0.0	0.003
6505	0.0	0.0	0.002
6506	0.0	0.0	0.001
6507	0.0	0.0	0.000
6508	0.0	0.0	0.000
6509	0.0	0.0	0.001
6510	0.0	0.0	0.002
6511	0.0	0.0	0.006
6512	0.0	0.0	0.007
6513	0.0	0.0	0.007
6514	0.0	0.0	0.007
6515	0.0	0.0	0.007
6516	0.0	0.0	0.006
6517	0.0	0.0	0.006
6518	0.0	0.0	0.005
6519	0.0	0.0	0.005
6520	0.0	0.0	0.004
6521	0.0	0.0	0.005
6522	0.0	0.0	0.006
6523	0.0	0.0	0.006
6524	0.0	0.0	0.008
6525	0.0	0.0	0.008
6526	0.0	0.0	0.008
6527	0.0	0.0	0.005
6528	0.0	0.0	0.003
6529	0.0	0.0	0.002
6530	0.0	0.0	0.001
6531	0.0	0.0	0.000
6532	0.0	0.0	0.000
6533	0.0	0.0	0.001
6534	0.0	0.0	0.002
6535	0.0	0.0	0.006
6536	0.0	0.0	0.007
6537	0.0	0.0	0.007
6538	0.0	0.0	0.007
6539	0.0	0.0	0.007
6540	0.0	0.0	0.006
6541	0.0	0.0	0.006
6542	0.0	0.0	0.005
6543	0.0	0.0	0.005
6544	0.0	0.0	0.004
6545	0.0	0.0	0.005
6546	0.0	0.0	0.006
6547	0.0	0.0	0.006
6548	0.0	0.0	0.008
6549	0.0	0.0	0.008
6550	0.0	0.0	0.008
6551	0.0	0.0	0.005
6552	0.0	0.0	0.003
6553	0.0	0.0	0.002
6554	0.0	0.0	0.001
6555	0.0	0.0	0.000
6556	0.0	0.0	0.000
6557	0.0	0.0	0.001
6558	0.0	0.0	0.002
6559	0.0	0.0	0.006
6560	0.0	0.0	0.007
6561	0.0	0.0	0.007
6562	0.0	0.0	0.007
6563	0.0	0.0	0.007
6564	0.0	0.0	0.006
6565	0.0	0.0	0.006
6566	0.0	0.0	0.005
6567	0.0	0.0	0.005
6568	0.0	0.0	0.004
6569	0.0	0.0	0.005
6570	0.0	0.0	0.006
6571	0.0	0.0	0.006
6572	0.0	0.0	0.008
6573	0.0	0.0	0.008
6574	0.0	0.0	0.008
6575	0.0	0.0	0.005
6576	0.0	0.0	0.003
6577	0.0	0.0	0.002
6578	0.0	0.0	0.001
6579	0.0	0.0	0.000
6580	0.0	0.0	0.000
6581	0.0	0.0	0.001
6582	0.0	0.0	0.002
6583	0.0	0.0	0.006
6584	0.0	0.0	0.007
6585	0.0	0.0	0.007
6586	0.0	0.0	0.007
6587	0.0	0.0	0.007
6588	0.0	0.0	0.006
6589	0.0	0.0	0.006
6590	0.0	0.0	0.005
6591	0.0	0.0	0.005
6592	0.0	0.0	0.004
6593	0.0	0.0	0.005
6594	0.0	0.0	0.006
6595	0.0	0.0	0.006
6596	0.0	0.0	0.008
6597	0.0	0.0	0.008
6598	0.0	0.0	0.008
6599	0.0	0.0	0.005
6600	0.0	0.0	0.003
6601	0.0	0.0	0.002
6602	0.0	0.0	0.001
6603	0.0	0.0	0.000
6604	0.0	0.0	0.000
6605	0.0	0.0	0.001
6606	0.0	0.0	0.002
6607	0.0	0.0	0.006
6608	0.0	0.0	0.007
6609	0.0	0.0	0.007
6610	0.0	0.0	0.007
6611	0.0	0.0	0.007
6612	0.0	0.0	0.006
6613	0.0	0.0	0.006
6614	0.0	0.0	0.005
6615	0.0	0.0	0.005
6616	0.0	0.0	0.004
6617	0.0	0.0	0.005
6618	0.0	0.0	0.006
6619	0.0	0.0	0.006
6620	0.0	0.0	0.008
6621	0.0	0.0	0.008
6622	0.0	0.0	0.008
6623	0.0	0.0	0.005
6624	0.0	0.0	0.003
6625	0.0	0.0	0.002
6626	0.0	0.0	0.001
6627	0.0	0.0	0.000
6628	0.0	0.0	0.000
6629	0.0	0.0	0.001
6630	0.0	0.0	0.002
6631	0.0	0.0	0.006
6632	0.0	0.0	0.007
6633	0.0	0.0	0.007
6634	0.0	0.0	0.007
6635	0.0	0.0	0.007
6636	0.0	0.0	0.006
6637	0.0	0.0	0.006
6638	0.0	0.0	0.005
6639	0.0	0.0	0.005
6640	0.0	0.0	0.004
6641	0.0	0.0	0.005
6642	0.0	0.0	0.006
6643	0.0	0.0	0.006
6644	0.0	0.0	0.008
6645	0.0	0.0	0.008
6646	0.0	0.0	0.008
6647	0.0	0.0	0.005
6648	0.0	0.0	0.003
6649	0.0	0.0	0.002
6650	0.0	0.0	0.001
6651	0.0	0.0	0.000
6652	0.0	0.0	0.000
6653	0.0	0.0	0.001
6654	0.0	0.0	0.002
6655	0.0	0.0	0.006
6656	0.0	0.0	0.007
6657	0.0	0.0	0.007
6658	0.0	0.0	0.007
6659	0.0	0.0	0.007
6660	0.0	0.0	0.006
6661	0.0	0.0	0.006
6662	0.0	0.0	0.005
6663	0.0	0.0	0.005
6664	0.0	0.0	0.004
6665	0.0	0.0	0.005
6666	0.0	0.0	0.006
6667	0.0	0.0	0.006
6668	0.0	0.0	0.008
6669	0.0	0.0	0.008
6670	0.0	0.0	0.008
6671	0.0	0.0	0.005
6672	0.0	0.0	0.003
6673	0.0	0.0	0.002
6674	0.0	0.0	0.001
6675	0.0	0.0	0.000
6676	0.0	0.0	0.000
6677	0.0	0.0	0.001
6678	0.0	0.0	0.002
6679	0.0	0.0	0.006
6680	0.0	0.0	0.007
6681	0.0	0.0	0.007
6682	0.0	0.0	0.007
6683	0.0	0.0	0.007
6684	0.0	0.0	0.006
6685	0.0	0.0	0.006
6686	0.0	0.0	0.005
6687	0.0	0.0	0.005
6688	0.0	0.0	0.004
6689	0.0	0.0	0.005
6690	0.0	0.0	0.006
6691	0.0	0.0	0.006
6692	0.0	0.0	0.008
6693	0.0	0.0	0.008
6694	0.0	0.0	0.008
6695	0.0	0.0	0.005
6696	0.0	0.0	0.003
6697	0.0	0.0	0.002
6698	0.0	0.0	0.001
6699	0.0	0.0	0.000
6700	0.0	0.0	0.000
6701	0.0	0.0	0.001
6702	0.0	0.0	0.002
6703	0.0	0.0	0.006
6704	0.0	0.0	0.007
6705	0.0	0.0	0.007
6706	0.0	0.0	0.007
6707	0.0	0.0	0.007
6708	0.0	0.0	0.006
6709	0.0	0.0	0.006
6710	0.0	0.0	0.005
6711	0.0	0.0	0.005
6712	0.0	0.0	0.004
6713	0.0	0.0	0.005
6714	0.0	0.0	0.006
6715	0.0	0.0	0.006
6716	0.0	0.0	0.008
6717	0.0	0.0	0.008
6718	0.0	0.0	0.008
6719	0.0	0.0	0.005
6720	0.0	0.0	0.003
6721	0.0	0.0	0.002
6722	0.0	0.0	0.001
6723	0.0	0.0	0.000
6724	0.0	0.0	0.000
6725	0.0	0.0	0.001
6726	0.0	0.0	0.002
6727	0.0	0.0	0.006
6728	0.1	0.0	0.007
6729	0.0	0.0	0.007
6730	0.0	0.0	0.007
6731	0.0	0.0	0.007
6732	0.0	0.0	0.006
6733	0.0	0.0	0.006
6734	0.0	0.0	0.005
6735	0.0	0.0	0.005
6736	0.0	0.0	0.004
6737	0.0	0.0	0.005
6738	0.0	0.0	0.006
6739	0.0	0.0	0.006
6740	0.0	0.0	0.008
6741	0.0	0.0	0.008
6742	0.0	0.0	0.008
6743	0.0	0.0	0.005
6744	0.0	0.0	0.003
6745	0.0	0.0	0.002
6746	0.0	0.0	0.001
6747	0.0	0.0	0.000
6748	0.0	0.0	0.000
6749	0.0	0.0	0.001
6750	0.0	0.0	0.002
6751	0.0	0.0	0.006
6752	0.0	0.0	0.007
6753	0.0	0.0	0.007
6754	0.0	0.0	0.007
6755	0.0	0.0	0.007
6756	0.0	0.0	0.006
6757	0.0	0.0	0.006
6758	0.0	0.0	0.005
6759	0.0	0.0	0.005
6760	0.0	0.0	0.004
6761	0.0	0.0	0.005
6762	0.0	0.0	0.006
6763	0.0	0.0	0.006
6764	0.0	0.0	0.008
6765	0.0	0.0	0.008
6766	0.0	0.0	0.008
6767	0.0	0.0	0.005
6768	0.0	0.0	0.003
6769	0.0	0.0	0.002
6770	0.0	0.0	0.001
6771	0.0	0.0	0.000
6772	0.0	0.0	0.000
6773	0.0	0.0	0.001
6774	0.0	0.0	0.002
6775	0.0	0.0	0.006
6776	0.0	0.0	0.007
6777	0.0	0.0	0.007
6778	0.0	0.0	0.007
6779	0.0	0.0	0.007
6780	0.0	0.0	0.006
6781	0.0	0.0	0.006
6782	0.0	0.0	0.005
6783	0.0	0.0	0.005
6784	0.0	0.0	0.004
6785	0.0	0.0	0.005
6786	0.0	0.0	0.006
6787	0.0	0.0	0.006
6788	0.0	0.0	0.008
6789	0.0	0.0	0.008
6790	0.0	0.0	0.008
6791	0.0	0.0	0.005
6792	0.0	0.0	0.003
6793	0.0	0.0	0.002
6794	0.0	0.0	0.001
6795	0.0	0.0	0.000
6796	0.0	0.0	0.000
6797	0.0	0.0	0.001
6798	0.0	0.0	0.002
6799	0.0	0.0	0.006
6800	0.0	0.0	0.007
6801	0.0	0.0	0.007
6802	0.0	0.0	0.007
6803	0.0	0.0	0.007
6804	0.0	0.0	0.006
6805	0.0	0.0	0.006
6806	0.0	0.0	0.005
6807	0.0	0.0	0.005
6808	0.0	0.0	0.004
6809	0.0	0.0	0.005
6810	0.0	0.0	0.006
6811	0.0	0.0	0.006
6812	0.0	0.0	0.008
6813	0.0	0.0	0.008
6814	0.0	0.0	0.008
6815	0.0	0.0	0.005
6816	0.0	0.0	0.003
6817	0.0	0.0	0.002
6818	0.0	0.0	0.001
6819	0.0	0.0	0.000
6820	0.0	0.0	0.000
6821	0.0	0.0	0.001
6822	0.0	0.0	0.002
6823	0.0	0.0	0.006
6824	0.0	0.0	0.007
6825	0.0	0.0	0.007
6826	0.0	0.0	0.007
6827	0.0	0.0	0.007
6828	0.0	0.0	0.006
6829	0.0	0.0	0.006
6830	0.0	0.0	0.005
6831	0.0	0.0	0.005
6832	0.0	0.0	0.004
6833	0.0	0.0	0.005
6834	0.0	0.0	0.006
6835	0.0	0.0	0.006
6836	0.0	0.0	0.008
6837	0.0	0.0	0.008
6838	0.0	0.0	0.008
6839	0.0	0.0	0.005
6840	0.0	0.0	0.003
6841	0.0	0.0	0.002
6842	0.0	0.0	0.001
6843	0.0	0.0	0.000
6844	0.0	0.0	0.000
6845	0.0	0.0	0.001
6846	0.0	0.0	0.002
6847	0.0	0.0	0.006
6848	0.0	0.0	0.007
6849	0.0	0.0	0.007
6850	0.0	0.0	0.007
6851	0.0	0.0	0.007
6852	0.0	0.0	0.006
6853	0.0	0.0	0.006
6854	0.0	0.0	0.005
6855	0.0	0.0	0.005
6856	0.0	0.0	0.004
6857	0.0	0.0	0.005
6858	0.0	0.0	0.006
6859	0.0	0.0	0.006
6860	0.0	0.0	0.008
6861	0.0	0.0	0.008
6862	0.0	0.0	0.008
6863	0.0	0.0	0.005
6864	0.0	0.0	0.003
6865	0.0	0.0	0.002
6866	0.0	0.0	0.001
6867	0.0	0.0	0.000
6868	0.0	0.0	0.000
6869	0.0	0.0	0.001
6870	0.0	0.0	0.002
6871	0.0	0.0	0.006
6872	0.0	0.0	0.007
6873	0.0	0.0	0.007
6874	0.0	0.0	0.007
6875	0.0	0.0	0.007
6876	0.0	0.0	0.006
6877	0.0	0.0	0.006
6878	0.0	0.0	0.005
6879	0.0	0.0	0.005
6880	0.0	0.0	0.004
6881	0.0	0.0	0.005
6882	0.0	0.0	0.006
6883	0.0	0.0	0.006
6884	0.0	0.0	0.008
6885	0.0	0.0	0.008
6886	0.0	0.0	0.008
6887	0.0	0.0	0.005
6888	0.0	0.0	0.003
6889	0.0	0.0	0.002
6890	0.0	0.0	0.001
6891	0.0	0.0	0.000
6892	0.0	0.0	0.000
6893	0.0	0.0	0.001
6894	0.0	0.0	0.002
6895	0.0	0.0	0.006
6896	0.0	0.0	0.007
6897	0.0	0.0	0.007
6898	0.0	0.0	0.007
6899	0.0	0.0	0.007
6900	0.0	0.0	0.006
6901	0.0	0.0	0.006
6902	0.0	0.0	0.005
6903	0.0	0.0	0.005
6904	0.0	0.0	0.004
6905	0.0	0.0	0.005
6906	0.0	0.0	0.006
6907	0.0	0.0	0.006
6908	0.0	0.0	0.008
6909	0.0	0.0	0.008
6910	0.0	0.0	0.008
6911	0.0	0.0	0.005
6912	0.0	0.0	0.003
6913	0.0	0.0	0.002
6914	0.0	0.0	0.001
6915	0.0	0.0	0.000
6916	0.0	0.0	0.000
6917	0.0	0.0	0.001
6918	0.0	0.0	0.002
6919	0.0	0.0	0.006
6920	0.0	0.0	0.007
6921	0.0	0.0	0.007
6922	0.0	0.0	0.007
6923	0.0	0.0	0.007
6924	0.0	0.0	0.006
6925	0.0	0.0	0.006
6926	0.0	0.0	0.005
6927	0.0	0.0	0.005
6928	0.0	0.0	0.004
6929	0.0	0.0	0.005
6930	0.0	0.0	0.006
6931	0.0	0.0	0.006
6932	0.0	0.0	0.008
6933	0.0	0.0	0.008
6934	0.0	0.0	0.008
6935	0.0	0.0	0.005
6936	0.0	0.0	0.003
6937	0.0	0.0	0.002
6938	0.0	0.0	0.001
6939	0.0	0.0	0.000
6940	0.0	0.0	0.000
6941	0.0	0.0	0.001
6942	0.0	0.0	0.002
6943	0.0	0.0	0.006
6944	0.0	0.0	0.007
6945	0.0	0.0	0.007
6946	0.0	0.0	0.007
6947	0.0	0.0	0.007
6948	0.0	0.0	0.006
6949	0.0	0.0	0.006
6950	0.0	0.0	0.005
6951	0.0	0.0	0.005
6952	0.0	0.0	0.004
6953	0.0	0.0	0.005
6954	0.0	0.0	0.006
6955	0.0	0.0	0.006
6956	0.0	0.0	0.008
6957	0.0	0.0	0.008
6958	0.0	0.0	0.008
6959	0.0	0.0	0.005
6960	0.0	0.0	0.003
6961	0.0	0.0	0.002
6962	0.0	0.0	0.001
6963	0.0	0.0	0.000
6964	0.0	0.0	0.000
6965	0.0	0.0	0.001
6966	0.0	0.0	0.002
6967	0.0	0.0	0.006
6968	0.0	0.0	0.007
6969	0.0	0.0	0.007
6970	0.0	0.0	0.007
6971	0.0	0.0	0.007
6972	0.0	0.0	0.006
6973	0.0	0.0	0.006
6974	0.0	0.0	0.005
6975	0.0	0.0	0.005
6976	0.0	0.0	0.004
6977	0.0	0.0	0.005
6978	0.0	0.0	0.006
6979	0.0	0.0	0.006
6980	0.0	0.0	0.008
6981	0.0	0.0	0.008
6982	0.0	0.0	0.008
6983	0.0	0.0	0.005
6984	0.0	0.0	0.003
6985	0.0	0.0	0.002
6986	0.0	0.0	0.001
6987	0.0	0.0	0.000
6988	0.0	0.0	0.000
6989	0.0	0.0	0.001
6990	0.0	0.0	0.002
6991	0.0	0.0	0.006
6992	0.0	0.0	0.007
6993	0.0	0.0	0.007
6994	0.0	0.0	0.007
6995	0.0	0.0	0.007
6996	0.0	0.0	0.006
6997	0.0	0.0	0.006
6998	0.0	0.0	0.005
6999	0.0	0.0	0.005
7000	0.0	0.0	0.004
7001	0.0	0.0	0.005
7002	0.0	0.0	0.006
7003	0.0	0.0	0.006
7004	0.0	0.0	0.008
7005	0.0	0.0	0.008
7006	0.0	0.0	0.008
7007	0.0	0.0	0.005
7008	0.0	0.0	0.003
7009	0.0	0.0	0.002
7010	0.0	0.0	0.001
7011	0.0	0.0	0.000
7012	0.0	0.0	0.000
7013	0.0	0.0	0.001
7014	0.0	0.0	0.002
7015	0.0	0.0	0.006
7016	0.1	0.0	0.007
7017	0.1	0.0	0.007
7018	0.0	0.0	0.007
7019	0.0	0.0	0.007
7020	0.0	0.0	0.006
7021	0.0	0.0	0.006
7022	0.0	0.0	0.005
7023	0.0	0.0	0.005
7024	0.0	0.0	0.004
7025	0.0	0.0	0.005
7026	0.0	0.0	0.006
7027	0.0	0.0	0.006
7028	0.0	0.0	0.008
7029	0.0	0.0	0.008
7030	0.0	0.0	0.008
7031	0.0	0.0	0.005
7032	0.0	0.0	0.003
7033	0.0	0.0	0.002
7034	0.0	0.0	0.001
7035	0.0	0.0	0.000
7036	0.0	0.0	0.000
7037	0.0	0.0	0.001
7038	0.0	0.0	0.002
7039	0.0	0.0	0.006
7040	0.0	0.0	0.007
7041	0.0	0.0	0.007
7042	0.0	0.0	0.007
7043	0.0	0.0	0.007
7044	0.0	0.0	0.006
7045	0.0	0.0	0.006
7046	0.0	0.0	0.005
7047	0.0	0.0	0.005
7048	0.0	0.0	0.004
7049	0.0	0.0	0.005
7050	0.0	0.0	0.006
7051	0.0	0.0	0.006
7052	0.0	0.0	0.008
7053	0.0	0.0	0.008
7054	0.0	0.0	0.008
7055	0.0	0.0	0.005
7056	0.0	0.0	0.003
7057	0.0	0.0	0.002
7058	0.0	0.0	0.001
7059	0.0	0.0	0.000
7060	0.0	0.0	0.000
7061	0.0	0.0	0.001
7062	0.0	0.0	0.002
7063	0.0	0.0	0.006
7064	0.0	0.0	0.007
7065	0.0	0.0	0.007
7066	0.0	0.0	0.007
7067	0.0	0.0	0.007
7068	0.0	0.0	0.006
7069	0.0	0.0	0.006
7070	0.0	0.0	0.005
7071	0.0	0.0	0.005
7072	0.0	0.0	0.004
7073	0.0	0.0	0.005
7074	0.0	0.0	0.006
7075	0.0	0.0	0.006
7076	0.0	0.0	0.008
7077	0.0	0.0	0.008
7078	0.0	0.0	0.008
7079	0.0	0.0	0.005
7080	0.0	0.0	0.003
7081	0.0	0.0	0.002
7082	0.0	0.0	0.001
7083	0.0	0.0	0.000
7084	0.0	0.0	0.000
7085	0.0	0.0	0.001
7086	0.0	0.0	0.002
7087	0.0	0.0	0.006
7088	0.0	0.0	0.007
7089	0.0	0.0	0.007
7090	0.0	0.0	0.007
7091	0.0	0.0	0.007
7092	0.0	0.0	0.006
7093	0.0	0.0	0.006
7094	0.0	0.0	0.005
7095	0.0	0.0	0.005
7096	0.0	0.0	0.004
7097	0.0	0.0	0.005
7098	0.0	0.0	0.006
7099	0.0	0.0	0.006
7100	0.0	0.0	0.008
7101	0.0	0.0	0.008
7102	0.0	0.0	0.008
7103	0.0	0.0	0.005
7104	0.0	0.0	0.003
7105	0.0	0.0	0.002
7106	0.0	0.0	0.001
7107	0.0	0.0	0.000
7108	0.0	0.0	0.000
7109	0.0	0.0	0.001
7110	0.0	0.0	0.002
7111	0.0	0.0	0.006
7112	0.0	0.0	0.007
7113	0.0	0.0	0.007
7114	0.0	0.0	0.007
7115	0.0	0.0	0.007
7116	0.0	0.0	0.006
7117	0.0	0.0	0.006
7118	0.0	0.0	0.005
7119	0.0	0.0	0.005
7120	0.0	0.0	0.004
7121	0.0	0.0	0.005
7122	0.0	0.0	0.006
7123	0.0	0.0	0.006
7124	0.0	0.0	0.008
7125	0.0	0.0	0.008
7126	0.0	0.0	0.008
7127	0.0	0.0	0.005
7128	0.0	0.0	0.003
7129	0.0	0.0	0.002
7130	0.0	0.0	0.001
7131	0.0	0.0	0.000
7132	0.0	0.0	0.000
7133	0.0	0.0	0.001
7134	0.0	0.0	0.002
7135	0.0	0.0	0.006
7136	0.0	0.0	0.007
7137	0.0	0.0	0.007
7138	0.0	0.0	0.007
7139	0.0	0.0	0.007
7140	0.0	0.0	0.006
7141	0.0	0.0	0.006
7142	0.0	0.0	0.005
7143	0.0	0.0	0.005
7144	0.0	0.0	0.004
7145	0.0	0.0	0.005
7146	0.0	0.0	0.006
7147	0.0	0.0	0.006
7148	0.0	0.0	0.008
7149	0.0	0.0	0.008
7150	0.0	0.0	0.008
7151	0.0	0.0	0.005
7152	0.0	0.0	0.003
7153	0.0	0.0	0.002
7154	0.0	0.0	0.001
7155	0.0	0.0	0.000
7156	0.0	0.0	0.000
7157	0.0	0.0	0.001
7158	0.0	0.0	0.002
7159	0.0	0.0	0.006
7160	0.0	0.0	0.007
7161	0.0	0.0	0.007
7162	0.0	0.0	0.007
7163	0.0	0.0	0.007
7164	0.0	0.0	0.006
7165	0.0	0.0	0.006
7166	0.0	0.0	0.005
7167	0.0	0.0	0.005
7168	0.0	0.0	0.004
7169	0.0	0.0	0.005
7170	0.0	0.0	0.006
7171	0.0	0.0	0.006
7172	0.0	0.0	0.008
7173	0.0	0.0	0.008
7174	0.0	0.0	0.008
7175	0.0	0.0	0.005
7176	0.0	0.0	0.003
7177	0.0	0.0	0.002
7178	0.0	0.0	0.001
7179	0.0	0.0	0.000
7180	0.0	0.0	0.000
7181	0.0	0.0	0.001
7182	0.0	0.0	0.002
7183	0.0	0.0	0.006
7184	0.0	0.0	0.007
7185	0.0	0.0	0.007
7186	0.0	0.0	0.007
7187	0.0	0.0	0.007
7188	0.0	0.0	0.006
7189	0.0	0.0	0.006
7190	0.0	0.0	0.005
7191	0.0	0.0	0.005
7192	0.0	0.0	0.004
7193	0.0	0.0	0.005
7194	0.0	0.0	0.006
7195	0.0	0.0	0.006
7196	0.0	0.0	0.008
7197	0.0	0.0	0.008
7198	0.0	0.0	0.008
7199	0.0	0.0	0.005
7200	0.0	0.0	0.003
7201	0.0	0.0	0.002
7202	0.0	0.0	0.001
7203	0.0	0.0	0.000
7204	0.0	0.0	0.000
7205	0.0	0.0	0.001
7206	0.0	0.0	0.002
7207	0.0	0.0	0.006
7208	0.0	0.0	0.007
7209	0.0	0.0	0.007
7210	0.0	0.0	0.007
7211	0.0	0.0	0.007
7212	0.0	0.0	0.006
7213	0.0	0.0	0.006
7214	0.0	0.0	0.005
7215	0.0	0.0	0.005
7216	0.0	0.0	0.004
7217	0.0	0.0	0.005
7218	0.0	0.0	0.006
7219	0.0	0.0	0.006
7220	0.0	0.0	0.008
7221	0.0	0.0	0.008
7222	0.0	0.0	0.008
7223	0.0	0.0	0.005
7224	0.0	0.0	0.003
7225	0.0	0.0	0.002
7226	0.0	0.0	0.001
7227	0.0	0.0	0.000
7228	0.0	0.0	0.000
7229	0.0	0.0	0.001
7230	0.0	0.0	0.002
7231	0.0	0.0	0.006
7232	0.0	0.0	0.007
7233	0.0	0.0	0.007
7234	0.0	0.0	0.007
7235	0.0	0.0	0.007
7236	0.0	0.0	0.006
7237	0.0	0.0	0.006
7238	0.0	0.0	0.005
7239	0.0	0.0	0.005
7240	0.0	0.0	0.004
7241	0.0	0.0	0.005
7242	0.0	0.0	0.006
7243	0.0	0.0	0.006
7244	0.0	0.0	0.008
7245	0.0	0.0	0.008
7246	0.0	0.0	0.008
7247	0.0	0.0	0.005
7248	0.0	0.0	0.003
7249	0.0	0.0	0.002
7250	0.0	0.0	0.001
7251	0.0	0.0	0.000
7252	0.0	0.0	0.000
7253	0.0	0.0	0.001
7254	0.0	0.0	0.002
7255	0.0	0.0	0.006
7256	0.0	0.0	0.007
7257	0.0	0.0	0.007
7258	0.0	0.0	0.007
7259	0.0	0.0	0.007
7260	0.0	0.0	0.006
7261	0.0	0.0	0.006
7262	0.0	0.0	0.005
7263	0.0	0.0	0.005
7264	0.0	0.0	0.004
7265	0.0	0.0	0.005
7266	0.0	0.0	0.006
7267	0.0	0.0	0.006
7268	0.0	0.0	0.008
7269	0.0	0.0	0.008
7270	0.0	0.0	0.008
7271	0.0	0.0	0.005
7272	0.0	0.0	0.003
7273	0.0	0.0	0.002
7274	0.0	0.0	0.001
7275	0.0	0.0	0.000
7276	0.0	0.0	0.000
7277	0.0	0.0	0.001
7278	0.0	0.0	0.002
7279	0.0	0.0	0.006
7280	0.0	0.0	0.007
7281	0.0	0.0	0.007
7282	0.0	0.0	0.007
7283	0.0	0.0	0.007
7284	0.0	0.0	0.006
7285	0.0	0.0	0.006
7286	0.0	0.0	0.005
7287	0.0	0.0	0.005
7288	0.0	0.0	0.004
7289	0.0	0.0	0.005
7290	0.0	0.0	0.006
7291	0.0	0.0	0.006
7292	0.0	0.0	0.008
7293	0.0	0.0	0.008
7294	0.0	0.0	0.008
7295	0.0	0.0	0.005
7296	0.0	0.0	0.003
7297	0.0	0.0	0.002
7298	0.0	0.0	0.001
7299	0.0	0.0	0.000
7300	0.0	0.0	0.000
7301	0.0	0.0	0.001
7302	0.0	0.0	0.002
7303	0.1	0.0	0.006
7304	0.1	0.0	0.007
7305	0.1	0.0	0.007
7306	0.1	0.0	0.007
7307	0.1	0.0	0.007
7308	0.1	0.0	0.006
7309	0.1	0.0	0.006
7310	0.1	0.0	0.005
7311	0.1	0.0	0.005
7312	0.1	0.0	0.004
7313	0.1	0.0	0.005
7314	0.1	0.0	0.006
7315	0.1	0.0	0.006
7316	0.1	0.0	0.008
7317	0.1	0.0	0.008
7318	0.1	0.0	0.008
7319	0.1	0.0	0.005
7320	0.1	0.0	0.003
7321	0.1	0.0	0.002
7322	0.1	0.0	0.001
7323	0.1	0.0	0.000
7324	0.1	0.0	0.000
7325	0.1	0.0	0.001
7326	0.1	0.0	0.002
7327	0.1	0.0	0.006
7328	0.1	0.0	0.007
7329	0.1	0.0	0.007
7330	0.1	0.0	0.007
7331	0.1	0.0	0.007
7332	0.1	0.0	0.006
7333	0.1	0.0	0.006
7334	0.1	0.0	0.005
7335	0.1	0.0	0.005
7336	0.1	0.0	0.004
7337	0.1	0.0	0.005
7338	0.1	0.0	0.006
7339	0.1	0.0	0.006
7340	0.1	0.0	0.008
7341	0.1	0.0	0.008
7342	0.1	0.0	0.008
7343	0.1	0.0	0.005
7344	0.1	0.0	0.003
7345	0.1	0.0	0.002
7346	0.1	0.0	0.001
7347	0.1	0.0	0.000
7348	0.1	0.0	0.000
7349	0.1	0.0	0.001
7350	0.1	0.0	0.002
7351	0.1	0.0	0.006
7352	0.1	0.0	0.007
7353	0.1	0.0	0.007
7354	0.1	0.0	0.007
7355	0.1	0.0	0.007
7356	0.1	0.0	0.006
7357	0.1	0.0	0.006
7358	0.1	0.0	0.005
7359	0.1	0.0	0.005
7360	0.1	0.0	0.004
7361	0.1	0.0	0.005
7362	0.1	0.0	0.006
7363	0.1	0.0	0.006
7364	0.1	0.0	0.008
7365	0.1	0.0	0.008
7366	0.1	0.0	0.008
7367	0.1	0.0	0.005
7368	0.1	0.0	0.003
7369	0.0	0.0	0.002
7370	0.0	0.0	0.001
7371	0.0	0.0	0.000
7372	0.0	0.0	0.000
7373	0.0	0.0	0.001
7374	0.0	0.0	0.002
7375	0.0	0.0	0.006
7376	0.1	0.0	0.007
7377	0.1	0.0	0.007
7378	0.1	0.0	0.007
7379	0.1	0.0	0.007
7380	0.0	0.0	0.006
7381	0.0	0.0	0.006
7382	0.0	0.0	0.005
7383	0.0	0.0	0.005
7384	0.0	0.0	0.004
7385	0.0	0.0	0.005
7386	0.0	0.0	0.006
7387	0.0	0.0	0.006
7388	0.0	0.0	0.008
7389	0.0	0.0	0.008
7390	0.0	0.0	0.008
7391	0.1	0.0	0.005
7392	0.1	0.0	0.003
7393	0.0	0.0	0.002
7394	0.0	0.0	0.001
7395	0.0	0.0	0.000
7396	0.0	0.0	0.000
7397	0.0	0.0	0.001
7398	0.0	0.0	0.002
7399	0.0	0.0	0.006
7400	0.1	0.0	0.007
7401	0.1	0.0	0.007
7402	0.1	0.0	0.007
7403	0.1	0.0	0.007
7404	0.0	0.0	0.006
7405	0.0	0.0	0.006
7406	0.0	0.0	0.005
7407	0.0	0.0	0.005
7408	0.0	0.0	0.004
7409	0.0	0.0	0.005
7410	0.0	0.0	0.006
7411	0.0	0.0	0.006
7412	0.1	0.0	0.008
7413	0.1	0.0	0.008
7414	0.1	0.0	0.008
7415	0.0	0.0	0.005
7416	0.0	0.0	0.003
7417	0.0	0.0	0.002
7418	0.0	0.0	0.001
7419	0.0	0.0	0.000
7420	0.0	0.0	0.000
7421	0.0	0.0	0.001
7422	0.0	0.0	0.002
7423	0.0	0.0	0.006
7424	0.0	0.0	0.007
7425	0.0	0.0	0.007
7426	0.0	0.0	0.007
7427	0.0	0.0	0.007
7428	0.0	0.0	0.006
7429	0.0	0.0	0.006
7430	0.0	0.0	0.005
7431	0.0	0.0	0.005
7432	0.0	0.0	0.004
7433	0.1	0.0	0.005
7434	0.1	0.0	0.006
7435	0.1	0.0	0.006
7436	0.1	0.0	0.008
7437	0.1	0.0	0.008
7438	0.1	0.0	0.008
7439	0.1	0.0	0.005
7440	0.1	0.0	0.003
7441	0.1	0.0	0.002
7442	0.1	0.0	0.001
7443	0.1	0.0	0.000
7444	0.1	0.0	0.000
7445	0.1	0.0	0.001
7446	0.1	0.0	0.002
7447	0.1	0.0	0.006
7448	0.1	0.0	0.007
7449	0.1	0.0	0.007
7450	0.1	0.0	0.007
7451	0.1	0.0	0.007
7452	0.1	0.0	0.006
7453	0.1	0.0	0.006
7454	0.1	0.0	0.005
7455	0.1	0.0	0.005
7456	0.1	0.0	0.004
7457	0.1	0.0	0.005
7458	0.1	0.0	0.006
7459	0.1	0.0	0.006
7460	0.1	0.0	0.008
7461	0.1	0.0	0.008
7462	0.1	0.0	0.008
7463	0.1	0.0	0.005
7464	0.1	0.0	0.003
7465	0.1	0.0	0.002
7466	0.1	0.0	0.001
7467	0.1	0.0	0.000
7468	0.1	0.0	0.000
7469	0.1	0.0	0.001
7470	0.1	0.0	0.002
7471	0.1	0.0	0.006
7472	0.2	0.0	0.007
7473	0.2	0.0	0.007
7474	0.2	0.0	0.007
7475	0.1	0.0	0.007
7476	0.1	0.0	0.006
7477	0.1	0.0	0.006
7478	0.1	0.0	0.005
7479	0.1	0.0	0.005
7480	0.1	0.0	0.004
7481	0.1	0.0	0.005
7482	0.1	0.0	0.006
7483	0.1	0.0	0.006
7484	0.1	0.0	0.008
7485	0.1	0.0	0.008
7486	0.1	0.0	0.008
7487	0.1	0.0	0.005
7488	0.1	0.0	0.003
7489	0.1	0.0	0.002
7490	0.1	0.0	0.001
7491	0.1	0.0	0.000
7492	0.1	0.0	0.000
7493	0.1	0.0	0.001
7494	0.1	0.0	0.002
7495	0.1	0.0	0.006
7496	0.1	0.0	0.007
7497	0.1	0.0	0.007
7498	0.1	0.0	0.007
7499	0.1	0.0	0.007
7500	0.1	0.0	0.006
7501	0.1	0.0	0.006
7502	0.1	0.0	0.005
7503	0.1	0.0	0.005
7504	0.1	0.0	0.004
7505	0.1	0.0	0.005
7506	0.1	0.0	0.006
7507	0.1	0.0	0.006
7508	0.1	0.0	0.008
7509	0.1	0.0	0.008
7510	0.1	0.0	0.008
7511	0.1	0.0	0.005
7512	0.2	0.0	0.003
7513	0.1	0.0	0.002
7514	0.1	0.0	0.001
7515	0.1	0.0	0.000
7516	0.1	0.0	0.000
7517	0.1	0.0	0.001
7518	0.1	0.0	0.002
7519	0.1	0.0	0.006
7520	0.1	0.0	0.007
7521	0.1	0.0	0.007
7522	0.1	0.0	0.007
7523	0.1	0.0	0.007
7524	0.1	0.0	0.006
7525	0.1	0.0	0.006
7526	0.1	0.0	0.005
7527	0.1	0.0	0.005
7528	0.1	0.0	0.004
7529	0.1	0.0	0.005
7530	0.1	0.0	0.006
7531	0.1	0.0	0.006
7532	0.1	0.0	0.008
7533	0.1	0.0	0.008
7534	0.1	0.0	0.008
7535	0.1	0.0	0.005
7536	0.1	0.0	0.003
7537	0.1	0.0	0.002
7538	0.1	0.0	0.001
7539	0.1	0.0	0.000
7540	0.1	0.0	0.000
7541	0.1	0.0	0.001
7542	0.1	0.0	0.002
7543	0.1	0.0	0.006
7544	0.1	0.0	0.007
7545	0.2	0.0	0.007
7546	0.1	0.0	0.007
7547	0.1	0.0	0.007
7548	0.1	0.0	0.006
7549	0.1	0.0	0.006
7550	0.1	0.0	0.005
7551	0.1	0.0	0.005
7552	0.1	0.0	0.004
7553	0.1	0.0	0.005
7554	0.2	0.0	0.006
7555	0.2	0.0	0.006
7556	0.2	0.0	0.008
7557	0.2	0.0	0.008
7558	0.2	0.0	0.008
7559	0.2	0.0	0.005
7560	0.2	0.0	0.003
7561	0.1	0.0	0.002
7562	0.1	0.0	0.001
7563	0.1	0.0	0.000
7564	0.1	0.0	0.000
7565	0.1	0.0	0.001
7566	0.1	0.0	0.002
7567	0.2	0.0	0.006
7568	0.2	0.0	0.007
7569	0.2	0.0	0.007
7570	0.2	0.0	0.007
7571	0.2	0.0	0.007
7572	0.2	0.0	0.006
7573	0.2	0.0	0.006
7574	0.2	0.0	0.005
7575	0.2	0.0	0.005
7576	0.2	0.0	0.004
7577	0.2	0.0	0.005
7578	0.2	0.0	0.006
7579	0.2	0.0	0.006
7580	0.2	0.0	0.008
7581	0.2	0.0	0.008
7582	0.2	0.0	0.008
7583	0.2	0.0	0.005
7584	0.2	0.0	0.003
7585	0.2	0.0	0.002
7586	0.2	0.0	0.001
7587	0.2	0.0	0.000
7588	0.2	0.0	0.000
7589	0.2	0.0	0.001
7590	0.2	0.0	0.002
7591	0.2	0.0	0.006
7592	0.2	0.0	0.007
7593	0.2	0.0	0.007
7594	0.2	0.0	0.007
7595	0.2	0.0	0.007
7596	0.2	0.0	0.006
7597	0.2	0.0	0.006
7598	0.2	0.0	0.005
7599	0.1	0.0	0.005
7600	0.1	0.0	0.004
7601	0.1	0.0	0.005
7602	0.1	0.0	0.006
7603	0.1	0.0	0.006
7604	0.1	0.0	0.008
7605	0.1	0.0	0.008
7606	0.1	0.0	0.008
7607	0.1	0.0	0.005
7608	0.1	0.0	0.003
7609	0.1	0.0	0.002
7610	0.1	0.0	0.001
7611	0.1	0.0	0.000
7612	0.1	0.0	0.000
7613	0.1	0.0	0.001
7614	0.1	0.0	0.002
7615	0.1	0.0	0.006
7616	0.2	0.0	0.007
7617	0.1	0.0	0.007
7618	0.1	0.0	0.007
7619	0.1	0.0	0.007
7620	0.1	0.0	0.006
7621	0.1	0.0	0.006
7622	0.1	0.0	0.005
7623	0.1	0.0	0.005
7624	0.1	0.0	0.004
7625	0.1	0.0	0.005
7626	0.1	0.0	0.006
7627	0.1	0.0	0.006
7628	0.1	0.0	0.008
7629	0.1	0.0	0.008
7630	0.1	0.0	0.008
7631	0.1	0.0	0.005
7632	0.1	0.0	0.003
7633	0.1	0.0	0.002
7634	0.1	0.0	0.001
7635	0.1	0.0	0.000
7636	0.1	0.0	0.000
7637	0.1	0.0	0.001
7638	0.1	0.0	0.002
7639	0.1	0.0	0.006
7640	0.1	0.0	0.007
7641	0.1	0.0	0.007
7642	0.1	0.0	0.007
7643	0.1	0.0	0.007
7644	0.1	0.0	0.006
7645	0.1	0.0	0.006
7646	0.1	0.0	0.005
7647	0.1	0.0	0.005
7648	0.1	0.0	0.004
7649	0.1	0.0	0.005
7650	0.1	0.0	0.006
7651	0.1	0.0	0.006
7652	0.1	0.0	0.008
7653	0.1	0.0	0.008
7654	0.1	0.0	0.008
7655	0.1	0.0	0.005
7656	0.1	0.0	0.003
7657	0.1	0.0	0.002
7658	0.1	0.0	0.001
7659	0.1	0.0	0.000
7660	0.1	0.0	0.000
7661	0.1	0.0	0.001
7662	0.1	0.0	0.002
7663	0.1	0.0	0.006
7664	0.1	0.0	0.007
7665	0.1	0.0	0.007
7666	0.1	0.0	0.007
7667	0.1	0.0	0.007
7668	0.1	0.0	0.006
7669	0.1	0.0	0.006
7670	0.1	0.0	0.005
7671	0.1	0.0	0.005
7672	0.1	0.0	0.004
7673	0.1	0.0	0.005
7674	0.1	0.0	0.006
7675	0.1	0.0	0.006
7676	0.1	0.0	0.008
7677	0.1	0.0	0.008
7678	0.1	0.0	0.008
7679	0.1	0.0	0.005
7680	0.1	0.0	0.003
7681	0.0	0.0	0.002
7682	0.0	0.0	0.001
7683	0.0	0.0	0.000
7684	0.0	0.0	0.000
7685	0.0	0.0	0.001
7686	0.0	0.0	0.002
7687	0.0	0.0	0.006
7688	0.1	0.0	0.007
7689	0.1	0.0	0.007
7690	0.1	0.0	0.007
7691	0.1	0.0	0.007
7692	0.1	0.0	0.006
7693	0.1	0.0	0.006
7694	0.1	0.0	0.005
7695	0.1	0.0	0.005
7696	0.1	0.0	0.004
7697	0.1	0.0	0.005
7698	0.1	0.0	0.006
7699	0.1	0.0	0.006
7700	0.1	0.0	0.008
7701	0.1	0.0	0.008
7702	0.1	0.0	0.008
7703	0.1	0.0	0.005
7704	0.1	0.0	0.003
7705	0.1	0.0	0.002
7706	0.1	0.0	0.001
7707	0.1	0.0	0.000
7708	0.1	0.0	0.000
7709	0.1	0.0	0.001
7710	0.1	0.0	0.002
7711	0.1	0.0	0.006
7712	0.1	0.0	0.007
7713	0.1	0.0	0.007
7714	0.1	0.0	0.007
7715	0.1	0.0	0.007
7716	0.1	0.0	0.006
7717	0.1	0.0	0.006
7718	0.1	0.0	0.005
7719	0.1	0.0	0.005
7720	0.1	0.0	0.004
7721	0.1	0.0	0.005
7722	0.1	0.0	0.006
7723	0.1	0.0	0.006
7724	0.1	0.0	0.008
7725	0.1	0.0	0.008
7726	0.1	0.0	0.008
7727	0.1	0.0	0.005
7728	0.1	0.0	0.003
7729	0.1	0.0	0.002
7730	0.1	0.0	0.001
7731	0.1	0.0	0.000
7732	0.1	0.0	0.000
7733	0.1	0.0	0.001
7734	0.1	0.0	0.002
7735	0.1	0.0	0.006
7736	0.2	0.0	0.007
7737	0.2	0.0	0.007
7738	0.1	0.0	0.007
7739	0.1	0.0	0.007
7740	0.1	0.0	0.006
7741	0.1	0.0	0.006
7742	0.1	0.0	0.005
7743	0.1	0.0	0.005
7744	0.1	0.0	0.004
7745	0.1	0.0	0.005
7746	0.2	0.0	0.006
7747	0.2	0.0	0.006
7748	0.2	0.0	0.008
7749	0.2	0.0	0.008
7750	0.2	0.0	0.008
7751	0.2	0.0	0.005
7752	0.2	0.0	0.003
7753	0.2	0.0	0.002
7754	0.1	0.0	0.001
7755	0.2	0.0	0.000
7756	0.1	0.0	0.000
7757	0.1	0.0	0.001
7758	0.1	0.0	0.002
7759	0.2	0.0	0.006
7760	0.2	0.0	0.007
7761	0.2	0.0	0.007
7762	0.2	0.0	0.007
7763	0.2	0.0	0.007
7764	0.2	0.0	0.006
7765	0.1	0.0	0.006
7766	0.1	0.0	0.005
7767	0.1	0.0	0.005
7768	0.1	0.0	0.004
7769	0.1	0.0	0.005
7770	0.1	0.0	0.006
7771	0.1	0.0	0.006
7772	0.2	0.0	0.008
7773	0.2	0.0	0.008
7774	0.2	0.0	0.008
7775	0.2	0.0	0.005
7776	0.2	0.0	0.003
7777	0.1	0.0	0.002
7778	0.1	0.0	0.001
7779	0.1	0.0	0.000
7780	0.1	0.0	0.000
7781	0.1	0.0	0.001
7782	0.1	0.0	0.002
7783	0.1	0.0	0.006
7784	0.2	0.0	0.007
7785	0.2	0.0	0.007
7786	0.1	0.0	0.007
7787	0.1	0.0	0.007
7788	0.1	0.0	0.006
7789	0.1	0.0	0.006
7790	0.1	0.0	0.005
7791	0.1	0.0	0.005
7792	0.1	0.0	0.004
7793	0.1	0.0	0.005
7794	0.1	0.0	0.006
7795	0.1	0.0	0.006
7796	0.1	0.0	0.008
7797	0.1	0.0	0.008
7798	0.2	0.0	0.008
7799	0.2	0.0	0.005
7800	0.2	0.0	0.003
7801	0.1	0.0	0.002
7802	0.1	0.0	0.001
7803	0.1	0.0	0.000
7804	0.1	0.0	0.000
7805	0.1	0.0	0.001
7806	0.1	0.0	0.002
7807	0.1	0.0	0.006
7808	0.2	0.0	0.007
7809	0.2	0.0	0.007
7810	0.2	0.0	0.007
7811	0.1	0.0	0.007
7812	0.1	0.0	0.006
7813	0.1	0.0	0.006
7814	0.1	0.0	0.005
7815	0.1	0.0	0.005
7816	0.1	0.0	0.004
7817	0.1	0.0	0.005
7818	0.1	0.0	0.006
7819	0.1	0.0	0.006
7820	0.1	0.0	0.008
7821	0.1	0.0	0.008
7822	0.1	0.0	0.008
7823	0.1	0.0	0.005
7824	0.1	0.0	0.003
7825	0.1	0.0	0.002
7826	0.1	0.0	0.001
7827	0.1	0.0	0.000
7828	0.1	0.0	0.000
7829	0.1	0.0	0.001
7830	0.1	0.0	0.002
7831	0.1	0.0	0.006
7832	0.1	0.0	0.007
7833	0.1	0.0	0.007
7834	0.1	0.0	0.007
7835	0.1	0.0	0.007
7836	0.1	0.0	0.006
7837	0.1	0.0	0.006
7838	0.1	0.0	0.005
7839	0.1	0.0	0.005
7840	0.1	0.0	0.004
7841	0.1	0.0	0.005
7842	0.1	0.0	0.006
7843	0.1	0.0	0.006
7844	0.1	0.0	0.008
7845	0.1	0.0	0.008
7846	0.1	0.0	0.008
7847	0.1	0.0	0.005
7848	0.1	0.0	0.003
7849	0.1	0.0	0.002
7850	0.1	0.0	0.001
7851	0.1	0.0	0.000
7852	0.1	0.0	0.000
7853	0.1	0.0	0.001
7854	0.1	0.0	0.002
7855	0.1	0.0	0.006
7856	0.1	0.0	0.007
7857	0.1	0.0	0.007
7858	0.1	0.0	0.007
7859	0.1	0.0	0.007
7860	0.1	0.0	0.006
7861	0.1	0.0	0.006
7862	0.1	0.0	0.005
7863	0.1	0.0	0.005
7864	0.1	0.0	0.004
7865	0.1	0.0	0.005
7866	0.1	0.0	0.006
7867	0.1	0.0	0.006
7868	0.1	0.0	0.008
7869	0.1	0.0	0.008
7870	0.1	0.0	0.008
7871	0.1	0.0	0.005
7872	0.1	0.0	0.003
7873	0.1	0.0	0.002
7874	0.1	0.0	0.001
7875	0.1	0.0	0.000
7876	0.1	0.0	0.000
7877	0.1	0.0	0.001
7878	0.1	0.0	0.002
7879	0.1	0.0	0.006
7880	0.1	0.0	0.007
7881	0.1	0.0	0.007
7882	0.1	0.0	0.007
7883	0.1	0.0	0.007
7884	0.1	0.0	0.006
7885	0.1	0.0	0.006
7886	0.1	0.0	0.005
7887	0.1	0.0	0.005
7888	0.1	0.0	0.004
7889	0.1	0.0	0.005
7890	0.1	0.0	0.006
7891	0.1	0.0	0.006
7892	0.1	0.0	0.008
7893	0.1	0.0	0.008
7894	0.1	0.0	0.008
7895	0.1	0.0	0.005
7896	0.1	0.0	0.003
7897	0.1	0.0	0.002
7898	0.1	0.0	0.001
7899	0.1	0.0	0.000
7900	0.1	0.0	0.000
7901	0.1	0.0	0.001
7902	0.1	0.0	0.002
7903	0.1	0.0	0.006
7904	0.1	0.0	0.007
7905	0.1	0.0	0.007
7906	0.1	0.0	0.007
7907	0.1	0.0	0.007
7908	0.1	0.0	0.006
7909	0.1	0.0	0.006
7910	0.1	0.0	0.005
7911	0.1	0.0	0.005
7912	0.1	0.0	0.004
7913	0.1	0.0	0.005
7914	0.1	0.0	0.006
7915	0.1	0.0	0.006
7916	0.1	0.0	0.008
7917	0.1	0.0	0.008
7918	0.1	0.0	0.008
7919	0.1	0.0	0.005
7920	0.1	0.0	0.003
7921	0.1	0.0	0.002
7922	0.1	0.0	0.001
7923	0.1	0.0	0.000
7924	0.1	0.0	0.000
7925	0.1	0.0	0.001
7926	0.1	0.0	0.002
7927	0.1	0.0	0.006
7928	0.1	0.0	0.007
7929	0.1	0.0	0.007
7930	0.1	0.0	0.007
7931	0.1	0.0	0.007
7932	0.1	0.0	0.006
7933	0.1	0.0	0.006
7934	0.1	0.0	0.005
7935	0.1	0.0	0.005
7936	0.1	0.0	0.004
7937	0.1	0.0	0.005
7938	0.1	0.0	0.006
7939	0.1	0.0	0.006
7940	0.1	0.0	0.008
7941	0.1	0.0	0.008
7942	0.1	0.0	0.008
7943	0.1	0.0	0.005
7944	0.1	0.0	0.003
7945	0.1	0.0	0.002
7946	0.1	0.0	0.001
7947	0.1	0.0	0.000
7948	0.1	0.0	0.000
7949	0.1	0.0	0.001
7950	0.1	0.0	0.002
7951	0.1	0.0	0.006
7952	0.1	0.0	0.007
7953	0.1	0.0	0.007
7954	0.1	0.0	0.007
7955	0.1	0.0	0.007
7956	0.1	0.0	0.006
7957	0.1	0.0	0.006
7958	0.1	0.0	0.005
7959	0.1	0.0	0.005
7960	0.1	0.0	0.004
7961	0.1	0.0	0.005
7962	0.1	0.0	0.006
7963	0.1	0.0	0.006
7964	0.1	0.0	0.008
7965	0.1	0.0	0.008
7966	0.1	0.0	0.008
7967	0.1	0.0	0.005
7968	0.1	0.0	0.003
7969	0.1	0.0	0.002
7970	0.1	0.0	0.001
7971	0.1	0.0	0.000
7972	0.1	0.0	0.000
7973	0.1	0.0	0.001
7974	0.1	0.0	0.002
7975	0.1	0.0	0.006
7976	0.1	0.0	0.007
7977	0.1	0.0	0.007
7978	0.1	0.0	0.007
7979	0.1	0.0	0.007
7980	0.1	0.0	0.006
7981	0.1	0.0	0.006
7982	0.1	0.0	0.005
7983	0.1	0.0	0.005
7984	0.1	0.0	0.004
7985	0.1	0.0	0.005
7986	0.1	0.0	0.006
7987	0.1	0.0	0.006
7988	0.1	0.0	0.008
7989	0.1	0.0	0.008
7990	0.1	0.0	0.008
7991	0.1	0.0	0.005
7992	0.1	0.0	0.003
7993	0.1	0.0	0.002
7994	0.1	0.0	0.001
7995	0.1	0.0	0.000
7996	0.1	0.0	0.000
7997	0.1	0.0	0.001
7998	0.1	0.0	0.002
7999	0.1	0.0	0.006
8000	0.2	0.0	0.007
8001	0.2	0.0	0.007
8002	0.2	0.0	0.007
8003	0.2	0.0	0.007
8004	0.1	0.0	0.006
8005	0.1	0.0	0.006
8006	0.1	0.0	0.005
8007	0.1	0.0	0.005
8008	0.1	0.0	0.004
8009	0.1	0.0	0.005
8010	0.2	0.0	0.006
8011	0.2	0.0	0.006
8012	0.2	0.0	0.008
8013	0.2	0.0	0.008
8014	0.2	0.0	0.008
8015	0.2	0.0	0.005
8016	0.2	0.0	0.003
8017	0.2	0.0	0.002
8018	0.2	0.0	0.001
8019	0.2	0.0	0.000
8020	0.2	0.0	0.000
8021	0.2	0.0	0.001
8022	0.2	0.0	0.002
8023	0.2	0.0	0.006
8024	0.2	0.0	0.007
8025	0.2	0.0	0.007
8026	0.2	0.0	0.007
8027	0.2	0.0	0.007
8028	0.2	0.0	0.006
8029	0.2	0.0	0.006
8030	0.2	0.0	0.005
8031	0.2	0.0	0.005
8032	0.2	0.0	0.004
8033	0.2	0.0	0.005
8034	0.2	0.0	0.006
8035	0.2	0.0	0.006
8036	0.2	0.0	0.008
8037	0.2	0.0	0.008
8038	0.2	0.0	0.008
8039	0.2	0.0	0.005
8040	0.2	0.0	0.003
8041	0.2	0.0	0.002
8042	0.2	0.0	0.001
8043	0.2	0.0	0.000
8044	0.2	0.0	0.000
8045	0.2	0.0	0.001
8046	0.2	0.0	0.002
8047	0.2	0.0	0.006
8048	0.2	0.0	0.007
8049	0.2	0.0	0.007
8050	0.2	0.0	0.007
8051	0.2	0.0	0.007
8052	0.2	0.0	0.006
8053	0.2	0.0	0.006
8054	0.2	0.0	0.005
8055	0.2	0.0	0.005
8056	0.2	0.0	0.004
8057	0.2	0.0	0.005
8058	0.2	0.0	0.006
8059	0.2	0.0	0.006
8060	0.2	0.0	0.008
8061	0.2	0.0	0.008
8062	0.2	0.0	0.008
8063	0.2	0.0	0.005
8064	0.2	0.0	0.003
8065	0.2	0.0	0.002
8066	0.2	0.0	0.001
8067	0.2	0.0	0.000
8068	0.2	0.0	0.000
8069	0.2	0.0	0.001
8070	0.2	0.0	0.002
8071	0.1	0.0	0.006
8072	0.2	0.0	0.007
8073	0.2	0.0	0.007
8074	0.2	0.0	0.007
8075	0.2	0.0	0.007
8076	0.2	0.0	0.006
8077	0.2	0.0	0.006
8078	0.2	0.0	0.005
8079	0.2	0.0	0.005
8080	0.2	0.0	0.004
8081	0.2	0.0	0.005
8082	0.2	0.0	0.006
8083	0.2	0.0	0.006
8084	0.2	0.0	0.008
8085	0.2	0.0	0.008
8086	0.2	0.0	0.008
8087	0.2	0.0	0.005
8088	0.2	0.0	0.003
8089	0.1	0.0	0.002
8090	0.1	0.0	0.001
8091	0.2	0.0	0.000
8092	0.2	0.0	0.000
8093	0.2	0.0	0.001
8094	0.2	0.0	0.002
8095	0.2	0.0	0.006
8096	0.2	0.0	0.007
8097	0.2	0.0	0.007
8098	0.2	0.0	0.007
8099	0.2	0.0	0.007
8100	0.2	0.0	0.006
8101	0.2	0.0	0.006
8102	0.2	0.0	0.005
8103	0.2	0.0	0.005
8104	0.2	0.0	0.004
8105	0.2	0.0	0.005
8106	0.2	0.0	0.006
8107	0.2	0.0	0.006
8108	0.2	0.0	0.008
8109	0.2	0.0	0.008
8110	0.2	0.0	0.008
8111	0.2	0.0	0.005
8112	0.2	0.0	0.003
8113	0.2	0.0	0.002
8114	0.2	0.0	0.001
8115	0.2	0.0	0.000
8116	0.2	0.0	0.000
8117	0.2	0.0	0.001
8118	0.2	0.0	0.002
8119	0.2	0.0	0.006
8120	0.2	0.0	0.007
8121	0.2	0.0	0.007
8122	0.2	0.0	0.007
8123	0.2	0.0	0.007
8124	0.2	0.0	0.006
8125	0.2	0.0	0.006
8126	0.2	0.0	0.005
8127	0.2	0.0	0.005
8128	0.2	0.0	0.004
8129	0.2	0.0	0.005
8130	0.1	0.0	0.006
8131	0.1	0.0	0.006
8132	0.1	0.0	0.008
8133	0.1	0.0	0.008
8134	0.1	0.0	0.008
8135	0.1	0.0	0.005
8136	0.1	0.0	0.003
8137	0.1	0.0	0.002
8138	0.1	0.0	0.001
8139	0.1	0.0	0.000
8140	0.1	0.0	0.000
8141	0.1	0.0	0.001
8142	0.1	0.0	0.002
8143	0.1	0.0	0.006
8144	0.1	0.0	0.007
8145	0.1	0.0	0.007
8146	0.1	0.0	0.007
8147	0.1	0.0	0.007
8148	0.1	0.0	0.006
8149	0.1	0.0	0.006
8150	0.1	0.0	0.005
8151	0.1	0.0	0.005
8152	0.1	0.0	0.004
8153	0.1	0.0	0.005
8154	0.1	0.0	0.006
8155	0.1	0.0	0.006
8156	0.1	0.0	0.008
8157	0.1	0.0	0.008
8158	0.1	0.0	0.008
8159	0.1	0.0	0.005
8160	0.1	0.0	0.003
8161	0.1	0.0	0.002
8162	0.1	0.0	0.001
8163	0.1	0.0	0.000
8164	0.1	0.0	0.000
8165	0.1	0.0	0.001
8166	0.1	0.0	0.002
8167	0.1	0.0	0.006
8168	0.1	0.0	0.007
8169	0.1	0.0	0.007
8170	0.1	0.0	0.007
8171	0.1	0.0	0.007
8172	0.1	0.0	0.006
8173	0.1	0.0	0.006
8174	0.1	0.0	0.005
8175	0.1	0.0	0.005
8176	0.1	0.0	0.004
8177	0.1	0.0	0.005
8178	0.1	0.0	0.006
8179	0.1	0.0	0.006
8180	0.1	0.0	0.008
8181	0.1	0.0	0.008
8182	0.1	0.0	0.008
8183	0.2	0.0	0.005
8184	0.2	0.0	0.003
8185	0.1	0.0	0.002
8186	0.1	0.0	0.001
8187	0.1	0.0	0.000
8188	0.1	0.0	0.000
8189	0.1	0.0	0.001
8190	0.2	0.0	0.002
8191	0.2	0.0	0.006
8192	0.2	0.0	0.007
8193	0.2	0.0	0.007
8194	0.2	0.0	0.007
8195	0.2	0.0	0.007
8196	0.2	0.0	0.006
8197	0.2	0.0	0.006
8198	0.2	0.0	0.005
8199	0.2	0.0	0.005
8200	0.2	0.0	0.004
8201	0.2	0.0	0.005
8202	0.2	0.0	0.006
8203	0.2	0.0	0.006
8204	0.2	0.0	0.008
8205	0.2	0.0	0.008
8206	0.3	0.0	0.008
8207	0.3	0.0	0.005
8208	0.3	0.0	0.003
8209	0.2	0.0	0.002
8210	0.2	0.0	0.001
8211	0.2	0.0	0.000
8212	0.2	0.0	0.000
8213	0.2	0.0	0.001
8214	0.2	0.0	0.002
8215	0.2	0.0	0.006
8216	0.3	0.0	0.007
8217	0.3	0.0	0.007
8218	0.3	0.0	0.007
8219	0.3	0.0	0.007
8220	0.3	0.0	0.006
8221	0.3	0.0	0.006
8222	0.3	0.0	0.005
8223	0.2	0.0	0.005
8224	0.2	0.0	0.004
8225	0.2	0.0	0.005
8226	0.2	0.0	0.006
8227	0.2	0.0	0.006
8228	0.3	0.0	0.008
8229	0.3	0.0	0.008
8230	0.3	0.0	0.008
8231	0.3	0.0	0.005
8232	0.3	0.0	0.003
8233	0.2	0.0	0.002
8234	0.2	0.0	0.001
8235	0.2	0.0	0.000
8236	0.2	0.0	0.000
8237	0.2	0.0	0.001
8238	0.2	0.0	0.002
8239	0.2	0.0	0.006
8240	0.3	0.0	0.007
8241	0.3	0.0	0.007
8242	0.3	0.0	0.007
8243	0.3	0.0	0.007
8244	0.3	0.0	0.006
8245	0.3	0.0	0.006
8246	0.3	0.0	0.005
8247	0.3	0.0	0.005
8248	0.3	0.0	0.004
8249	0.3	0.0	0.005
8250	0.3	0.0	0.006
8251	0.3	0.0	0.006
8252	0.3	0.0	0.008
8253	0.3	0.0	0.008
8254	0.3	0.0	0.008
8255	0.3	0.0	0.005
8256	0.3	0.0	0.003
8257	0.2	0.0	0.002
8258	0.2	0.0	0.001
8259	0.2	0.0	0.000
8260	0.2	0.0	0.000
8261	0.2	0.0	0.001
8262	0.2	0.0	0.002
8263	0.2	0.0	0.006
8264	0.3	0.0	0.007
8265	0.3	0.0	0.007
8266	0.3	0.0	0.007
8267	0.3	0.0	0.007
8268	0.3	0.0	0.006
8269	0.2	0.0	0.006
8270	0.2	0.0	0.005
8271	0.2	0.0	0.005
8272	0.2	0.0	0.004
8273	0.2	0.0	0.005
8274	0.2	0.0	0.006
8275	0.2	0.0	0.006
8276	0.2	0.0	0.008
8277	0.2	0.0	0.008
8278	0.2	0.0	0.008
8279	0.2	0.0	0.005
8280	0.2	0.0	0.003
8281	0.2	0.0	0.002
8282	0.2	0.0	0.001
8283	0.2	0.0	0.000
8284	0.2	0.0	0.000
8285	0.2	0.0	0.001
8286	0.2	0.0	0.002
8287	0.2	0.0	0.006
8288	0.2	0.0	0.007
8289	0.2	0.0	0.007
8290	0.2	0.0	0.007
8291	0.2	0.0	0.007
8292	0.2	0.0	0.006
8293	0.2	0.0	0.006
8294	0.2	0.0	0.005
8295	0.2	0.0	0.005
8296	0.2	0.0	0.004
8297	0.2	0.0	0.005
8298	0.2	0.0	0.006
8299	0.2	0.0	0.006
8300	0.2	0.0	0.008
8301	0.2	0.0	0.008
8302	0.2	0.0	0.008
8303	0.2	0.0	0.005
8304	0.2	0.0	0.003
8305	0.2	0.0	0.002
8306	0.2	0.0	0.001
8307	0.2	0.0	0.000
8308	0.2	0.0	0.000
8309	0.2	0.0	0.001
8310	0.2	0.0	0.002
8311	0.2	0.0	0.006
8312	0.2	0.0	0.007
8313	0.2	0.0	0.007
8314	0.2	0.0	0.007
8315	0.2	0.0	0.007
8316	0.2	0.0	0.006
8317	0.2	0.0	0.006
8318	0.2	0.0	0.005
8319	0.2	0.0	0.005
8320	0.2	0.0	0.004
8321	0.2	0.0	0.005
8322	0.2	0.0	0.006
8323	0.2	0.0	0.006
8324	0.2	0.0	0.008
8325	0.2	0.0	0.008
8326	0.2	0.0	0.008
8327	0.2	0.0	0.005
8328	0.2	0.0	0.003
8329	0.2	0.0	0.002
8330	0.2	0.0	0.001
8331	0.2	0.0	0.000
8332	0.2	0.0	0.000
8333	0.2	0.0	0.001
8334	0.2	0.0	0.002
8335	0.2	0.0	0.006
8336	0.2	0.0	0.007
8337	0.2	0.0	0.007
8338	0.2	0.0	0.007
8339	0.2	0.0	0.007
8340	0.2	0.0	0.006
8341	0.2	0.0	0.006
8342	0.2	0.0	0.005
8343	0.2	0.0	0.005
8344	0.2	0.0	0.004
8345	0.2	0.0	0.005
8346	0.2	0.0	0.006
8347	0.2	0.0	0.006
8348	0.2	0.0	0.008
8349	0.2	0.0	0.008
8350	0.2	0.0	0.008
8351	0.2	0.0	0.005
8352	0.2	0.0	0.003
8353	0.1	0.0	0.002
8354	0.1	0.0	0.001
8355	0.1	0.0	0.000
8356	0.1	0.0	0.000
8357	0.1	0.0	0.001
8358	0.1	0.0	0.002
8359	0.1	0.0	0.006
8360	0.2	0.0	0.007
8361	0.2	0.0	0.007
8362	0.2	0.0	0.007
8363	0.2	0.0	0.007
8364	0.2	0.0	0.006
8365	0.1	0.0	0.006
8366	0.1	0.0	0.005
8367	0.1	0.0	0.005
8368	0.1	0.0	0.004
8369	0.2	0.0	0.005
8370	0.2	0.0	0.006
8371	0.2	0.0	0.006
8372	0.2	0.0	0.008
8373	0.2	0.0	0.008
8374	0.2	0.0	0.008
8375	0.2	0.0	0.005
8376	0.2	0.0	0.003
8377	0.2	0.0	0.002
8378	0.2	0.0	0.001
8379	0.2	0.0	0.000
8380	0.2	0.0	0.000
8381	0.2	0.0	0.001
8382	0.2	0.0	0.002
8383	0.2	0.0	0.006
8384	0.2	0.0	0.007
8385	0.2	0.0	0.007
8386	0.2	0.0	0.007
8387	0.2	0.0	0.007
8388	0.2	0.0	0.006
8389	0.2	0.0	0.006
8390	0.2	0.0	0.005
8391	0.2	0.0	0.005
8392	0.2	0.0	0.004
8393	0.2	0.0	0.005
8394	0.2	0.0	0.006
8395	0.2	0.0	0.006
8396	0.2	0.0	0.008
8397	0.2	0.0	0.008
8398	0.2	0.0	0.008
8399	0.2	0.0	0.005
8400	0.2	0.0	0.003
8401	0.1	0.0	0.002
8402	0.1	0.0	0.001
8403	0.1	0.0	0.000
8404	0.1	0.0	0.000
8405	0.1	0.0	0.001
8406	0.1	0.0	0.002
8407	0.1	0.0	0.006
8408	0.2	0.0	0.007
8409	0.2	0.0	0.007
8410	0.2	0.0	0.007
8411	0.1	0.0	0.007
8412	0.1	0.0	0.006
8413	0.1	0.0	0.006
8414	0.1	0.0	0.005
8415	0.1	0.0	0.005
8416	0.1	0.0	0.004
8417	0.1	0.0	0.005
8418	0.1	0.0	0.006
8419	0.1	0.0	0.006
8420	0.1	0.0	0.008
8421	0.1	0.0	0.008
8422	0.1	0.0	0.008
8423	0.1	0.0	0.005
8424	0.1	0.0	0.003
8425	0.1	0.0	0.002
8426	0.1	0.0	0.001
8427	0.1	0.0	0.000
8428	0.1	0.0	0.000
8429	0.1	0.0	0.001
8430	0.1	0.0	0.002
8431	0.1	0.0	0.006
8432	0.1	0.0	0.007
8433	0.1	0.0	0.007
8434	0.1	0.0	0.007
8435	0.1	0.0	0.007
8436	0.1	0.0	0.006
8437	0.1	0.0	0.006
8438	0.1	0.0	0.005
8439	0.1	0.0	0.005
8440	0.1	0.0	0.004
8441	0.1	0.0	0.005
8442	0.1	0.0	0.006
8443	0.1	0.0	0.006
8444	0.1	0.0	0.008
8445	0.1	0.0	0.008
8446	0.1	0.0	0.008
8447	0.1	0.0	0.005
8448	0.1	0.0	0.003
8449	0.1	0.0	0.002
8450	0.1	0.0	0.001
8451	0.1	0.0	0.000
8452	0.1	0.0	0.000
8453	0.1	0.0	0.001
8454	0.1	0.0	0.002
8455	0.1	0.0	0.006
8456	0.1	0.0	0.007
8457	0.1	0.0	0.007
8458	0.1	0.0	0.007
8459	0.1	0.0	0.007
8460	0.1	0.0	0.006
8461	0.1	0.0	0.006
8462	0.1	0.0	0.005
8463	0.1	0.0	0.005
8464	0.1	0.0	0.004
8465	0.1	0.0	0.005
8466	0.1	0.0	0.006
8467	0.1	0.0	0.006
8468	0.1	0.0	0.008
8469	0.1	0.0	0.008
8470	0.1	0.0	0.008
8471	0.1	0.0	0.005
8472	0.1	0.0	0.003
8473	0.1	0.0	0.002
8474	0.1	0.0	0.001
8475	0.1	0.0	0.000
8476	0.1	0.0	0.000
8477	0.1	0.0	0.001
8478	0.1	0.0	0.002
8479	0.1	0.0	0.006
8480	0.2	0.0	0.007
8481	0.2	0.0	0.007
8482	0.2	0.0	0.007
8483	0.1	0.0	0.007
8484	0.1	0.0	0.006
8485	0.1	0.0	0.006
8486	0.1	0.0	0.005
8487	0.1	0.0	0.005
8488	0.1	0.0	0.004
8489	0.2	0.0	0.005
8490	0.2	0.0	0.006
8491	0.2	0.0	0.006
8492	0.2	0.0	0.008
8493	0.2	0.0	0.008
8494	0.2	0.0	0.008
8495	0.2	0.0	0.005
8496	0.2	0.0	0.003
8497	0.2	0.0	0.002
8498	0.2	0.0	0.001
8499	0.2	0.0	0.000
8500	0.1	0.0	0.000
8501	0.2	0.0	0.001
8502	0.2	0.0	0.002
8503	0.2	0.0	0.006
8504	0.2	0.0	0.007
8505	0.2	0.0	0.007
8506	0.2	0.0	0.007
8507	0.2	0.0	0.007
8508	0.2	0.0	0.006
8509	0.2	0.0	0.006
8510	0.2	0.0	0.005
8511	0.2	0.0	0.005
8512	0.2	0.0	0.004
8513	0.2	0.0	0.005
8514	0.2	0.0	0.006
8515	0.2	0.0	0.006
8516	0.2	0.0	0.008
8517	0.2	0.0	0.008
8518	0.2	0.0	0.008
8519	0.2	0.0	0.005
8520	0.1	0.0	0.003
8521	0.1	0.0	0.002
8522	0.1	0.0	0.001
8523	0.1	0.0	0.000
8524	0.1	0.0	0.000
8525	0.1	0.0	0.001
8526	0.1	0.0	0.002
8527	0.1	0.0	0.006
8528	0.2	0.0	0.007
8529	0.2	0.0	0.007
8530	0.1	0.0	0.007
8531	0.1	0.0	0.007
8532	0.1	0.0	0.006
8533	0.1	0.0	0.006
8534	0.1	0.0	0.005
8535	0.1	0.0	0.005
8536	0.1	0.0	0.004
8537	0.1	0.0	0.005
8538	0.2	0.0	0.006
8539	0.1	0.0	0.006
8540	0.1	0.0	0.008
8541	0.2	0.0	0.008
8542	0.2	0.0	0.008
8543	0.2	0.0	0.005
8544	0.2	0.0	0.003
8545	0.1	0.0	0.002
8546	0.1	0.0	0.001
8547	0.1	0.0	0.000
8548	0.1	0.0	0.000
8549	0.1	0.0	0.001
8550	0.1	0.0	0.002
8551	0.1	0.0	0.006
8552	0.2	0.0	0.007
8553	0.2	0.0	0.007
8554	0.2	0.0	0.007
8555	0.2	0.0	0.007
8556	0.2	0.0	0.006
8557	0.1	0.0	0.006
8558	0.1	0.0	0.005
8559	0.2	0.0	0.005
8560	0.2	0.0	0.004
8561	0.2	0.0	0.005
8562	0.2	0.0	0.006
8563	0.2	0.0	0.006
8564	0.2	0.0	0.008
8565	0.2	0.0	0.008
8566	0.2	0.0	0.008
8567	0.2	0.0	0.005
8568	0.2	0.0	0.003
8569	0.1	0.0	0.002
8570	0.1	0.0	0.001
8571	0.1	0.0	0.000
8572	0.2	0.0	0.000
8573	0.1	0.0	0.001
8574	0.2	0.0	0.002
8575	0.2	0.0	0.006
8576	0.2	0.0	0.007
8577	0.2	0.0	0.007
8578	0.2	0.0	0.007
8579	0.2	0.0	0.007
8580	0.2	0.0	0.006
8581	0.2	0.0	0.006
8582	0.1	0.0	0.005
8583	0.1	0.0	0.005
8584	0.1	0.0	0.004
8585	0.1	0.0	0.005
8586	0.2	0.0	0.006
8587	0.2	0.0	0.006
8588	0.2	0.0	0.008
8589	0.2	0.0	0.008
8590	0.2	0.0	0.008
8591	0.2	0.0	0.005
8592	0.2	0.0	0.003
8593	0.1	0.0	0.002
8594	0.1	0.0	0.001
8595	0.1	0.0	0.000
8596	0.1	0.0	0.000
8597	0.1	0.0	0.001
8598	0.1	0.0	0.002
8599	0.1	0.0	0.006
8600	0.2	0.0	0.007
8601	0.1	0.0	0.007
8602	0.1	0.0	0.007
8603	0.1	0.0	0.007
8604	0.1	0.0	0.006
8605	0.1	0.0	0.006
8606	0.1	0.0	0.005
8607	0.1	0.0	0.005
8608	0.1	0.0	0.004
8609	0.1	0.0	0.005
8610	0.1	0.0	0.006
8611	0.1	0.0	0.006
8612	0.1	0.0	0.008
8613	0.1	0.0	0.008
8614	0.1	0.0	0.008
8615	0.1	0.0	0.005
8616	0.1	0.0	0.003
8617	0.1	0.0	0.002
8618	0.1	0.0	0.001
8619	0.1	0.0	0.000
8620	0.1	0.0	0.000
8621	0.1	0.0	0.001
8622	0.1	0.0	0.002
8623	0.1	0.0	0.006
8624	0.1	0.0	0.007
8625	0.1	0.0	0.007
8626	0.1	0.0	0.007
8627	0.1	0.0	0.007
8628	0.1	0.0	0.006
8629	0.1	0.0	0.006
8630	0.1	0.0	0.005
8631	0.1	0.0	0.005
8632	0.1	0.0	0.004
8633	0.1	0.0	0.005
8634	0.1	0.0	0.006
8635	0.1	0.0	0.006
8636	0.1	0.0	0.008
8637	0.1	0.0	0.008
8638	0.1	0.0	0.008
8639	0.1	0.0	0.005
8640	0.1	0.0	0.003
8641	0.1	0.0	0.002
8642	0.1	0.0	0.001
8643	0.1	0.0	0.000
8644	0.1	0.0	0.000
8645	0.1	0.0	0.001
8646	0.1	0.0	0.002
8647	0.1	0.0	0.006
8648	0.2	0.0	0.007
8649	0.1	0.0	0.007
8650	0.1	0.0	0.007
8651	0.1	0.0	0.007
8652	0.1	0.0	0.006
8653	0.1	0.0	0.006
8654	0.1	0.0	0.005
8655	0.1	0.0	0.005
8656	0.1	0.0	0.004
8657	0.1	0.0	0.005
8658	0.1	0.0	0.006
8659	0.1	0.0	0.006
8660	0.1	0.0	0.008
8661	0.1	0.0	0.008
8662	0.1	0.0	0.008
8663	0.1	0.0	0.005
8664	0.1	0.0	0.003
8665	0.1	0.0	0.002
8666	0.1	0.0	0.001
8667	0.1	0.0	0.000
8668	0.1	0.0	0.000
8669	0.1	0.0	0.001
8670	0.1	0.0	0.002
8671	0.1	0.0	0.006
8672	0.1	0.0	0.007
8673	0.1	0.0	0.007
8674	0.1	0.0	0.007
8675	0.1	0.0	0.007
8676	0.1	0.0	0.006
8677	0.1	0.0	0.006
8678	0.1	0.0	0.005
8679	0.1	0.0	0.005
8680	0.1	0.0	0.004
8681	0.1	0.0	0.005
8682	0.1	0.0	0.006
8683	0.1	0.0	0.006
8684	0.1	0.0	0.008
8685	0.1	0.0	0.008
8686	0.1	0.0	0.008
8687	0.1	0.0	0.005
8688	0.1	0.0	0.003
8689	0.0	0.0	0.002
8690	0.0	0.0	0.001
8691	0.0	0.0	0.000
8692	0.0	0.0	0.000
8693	0.0	0.0	0.001
8694	0.0	0.0	0.002
8695	0.0	0.0	0.006
8696	0.1	0.0	0.007
8697	0.1	0.0	0.007
8698	0.1	0.0	0.007
8699	0.1	0.0	0.007
8700	0.1	0.0	0.006
8701	0.1	0.0	0.006
8702	0.1	0.0	0.005
8703	0.1	0.0	0.005
8704	0.1	0.0	0.004
8705	0.1	0.0	0.005
8706	0.1	0.0	0.006
8707	0.1	0.0	0.006
8708	0.1	0.0	0.008
8709	0.1	0.0	0.008
8710	0.1	0.0	0.008
8711	0.1	0.0	0.005
8712	0.1	0.0	0.003
8713	0.1	0.0	0.002
8714	0.1	0.0	0.001
8715	0.1	0.0	0.000
8716	0.1	0.0	0.000
8717	0.1	0.0	0.001
8718	0.1	0.0	0.002
8719	0.1	0.0	0.006
8720	0.2	0.0	0.007
8721	0.2	0.0	0.007
8722	0.2	0.0	0.007
8723	0.2	0.0	0.007
8724	0.2	0.0	0.006
8725	0.2	0.0	0.006
8726	0.2	0.0	0.005
8727	0.2	0.0	0.005
8728	0.2	0.0	0.004
8729	0.2	0.0	0.005
8730	0.2	0.0	0.006
8731	0.2	0.0	0.006
8732	0.2	0.0	0.008
8733	0.2	0.0	0.008
8734	0.2	0.0	0.008
8735	0.2	0.0	0.005
8736	0.2	0.0	0.003
8737	0.2	0.0	0.002
8738	0.2	0.0	0.001
8739	0.2	0.0	0.000
8740	0.2	0.0	0.000
8741	0.2	0.0	0.001
8742	0.2	0.0	0.002
8743	0.2	0.0	0.006
8744	0.2	0.0	0.007
8745	0.2	0.0	0.007
8746	0.2	0.0	0.007
8747	0.2	0.0	0.007
8748	0.2	0.0	0.006
8749	0.2	0.0	0.006
8750	0.2	0.0	0.005
8751	0.2	0.0	0.005
8752	0.2	0.0	0.004
8753	0.2	0.0	0.005
8754	0.2	0.0	0.006
8755	0.2	0.0	0.006
8756	0.2	0.0	0.008
8757	0.2	0.0	0.008
8758	0.3	0.0	0.008
8759	0.3	0.0	0.005
8760	0.3	0.0	0.003
