# HOY	Heat Demand	Load duration curve	Dhw Demand
# [h]	[kWh / h]	[kWh / h]	[kWh / h]
1	10.8	20.5	0.311
2	11.1	20.4	0.168
3	11.6	19.7	0.066
4	11.4	19.6	0.048
5	11.6	19.6	0.143
6	11.7	19.6	0.358
7	11.4	19.4	0.969
8	14.1	19.3	1.037
9	14.2	19.2	1.041
10	13.3	19.2	1.091
11	13.4	19.1	1.041
12	12.6	19.1	1.010
13	12.2	19.1	0.935
14	12.3	19.0	0.821
15	12.3	19.0	0.749
16	12.6	19.0	0.699
17	13.4	18.9	0.726
18	14.5	18.8	0.901
19	15.5	18.8	1.005
20	15.7	18.8	1.243
21	15.9	18.8	1.277
22	16.4	18.8	1.191
23	16.8	18.8	0.717
24	17.4	18.7	0.449
25	15.2	18.7	0.311
26	14.7	18.7	0.168
27	14.9	18.6	0.066
28	14.9	18.6	0.048
29	14.7	18.6	0.143
30	14.4	18.6	0.358
31	14.7	18.5	0.969
32	17.7	18.4	1.037
33	17.2	18.4	1.041
34	16.9	18.4	1.091
35	16.3	18.4	1.041
36	15.7	18.4	1.010
37	15.3	18.4	0.935
38	15.2	18.3	0.821
39	14.6	18.3	0.749
40	15.0	18.3	0.699
41	15.6	18.3	0.726
42	16.3	18.3	0.901
43	16.5	18.3	1.005
44	16.5	18.1	1.243
45	16.7	18.1	1.277
46	16.8	18.0	1.191
47	16.8	18.0	0.717
48	16.8	17.9	0.449
49	14.1	17.9	0.311
50	14.0	17.9	0.168
51	14.2	17.8	0.066
52	14.5	17.8	0.048
53	14.6	17.8	0.143
54	14.4	17.8	0.358
55	14.9	17.8	0.969
56	17.4	17.7	1.037
57	17.3	17.7	1.041
58	17.4	17.7	1.091
59	16.9	17.7	1.041
60	16.7	17.7	1.010
61	16.0	17.6	0.935
62	15.6	17.6	0.821
63	15.4	17.6	0.749
64	15.3	17.6	0.699
65	15.5	17.5	0.726
66	16.1	17.5	0.901
67	16.6	17.4	1.005
68	17.0	17.4	1.243
69	17.6	17.4	1.277
70	17.9	17.4	1.191
71	18.3	17.3	0.717
72	18.6	17.3	0.449
73	16.0	17.3	0.311
74	16.0	17.3	0.168
75	15.9	17.2	0.066
76	16.0	17.2	0.048
77	16.0	17.2	0.143
78	15.9	17.2	0.358
79	15.5	17.2	0.969
80	17.6	17.1	1.037
81	17.1	17.1	1.041
82	16.2	17.1	1.091
83	14.7	17.1	1.041
84	13.6	17.1	1.010
85	12.6	17.1	0.935
86	12.1	17.1	0.821
87	12.3	17.0	0.749
88	12.2	17.0	0.699
89	12.4	17.0	0.726
90	12.5	17.0	0.901
91	12.5	17.0	1.005
92	12.2	17.0	1.243
93	12.6	16.9	1.277
94	12.8	16.9	1.191
95	12.9	16.9	0.717
96	13.0	16.9	0.449
97	10.2	16.9	0.311
98	10.3	16.9	0.168
99	10.9	16.9	0.066
100	11.2	16.9	0.048
101	11.6	16.9	0.143
102	11.8	16.9	0.358
103	12.3	16.9	0.969
104	15.2	16.9	1.037
105	15.5	16.8	1.041
106	15.5	16.8	1.091
107	15.8	16.8	1.041
108	15.9	16.8	1.010
109	15.9	16.8	0.935
110	16.3	16.8	0.821
111	17.2	16.8	0.749
112	17.1	16.8	0.699
113	17.9	16.8	0.726
114	18.6	16.7	0.901
115	18.7	16.7	1.005
116	18.4	16.7	1.243
117	18.9	16.7	1.277
118	19.6	16.7	1.191
119	20.4	16.7	0.717
120	20.5	16.7	0.449
121	18.3	16.7	0.311
122	18.3	16.7	0.168
123	17.8	16.6	0.066
124	17.8	16.6	0.048
125	16.9	16.6	0.143
126	16.3	16.6	0.358
127	16.1	16.6	0.969
128	18.7	16.6	1.037
129	18.4	16.6	1.041
130	17.7	16.6	1.091
131	16.7	16.6	1.041
132	15.8	16.6	1.010
133	14.5	16.5	0.935
134	13.6	16.5	0.821
135	13.2	16.5	0.749
136	12.5	16.5	0.699
137	12.6	16.5	0.726
138	13.0	16.5	0.901
139	12.4	16.5	1.005
140	12.4	16.4	1.243
141	12.5	16.4	1.277
142	12.5	16.4	1.191
143	12.5	16.4	0.717
144	12.4	16.4	0.449
145	9.5	16.4	0.311
146	9.8	16.4	0.168
147	9.8	16.3	0.066
148	10.0	16.3	0.048
149	10.5	16.3	0.143
150	10.2	16.3	0.358
151	10.3	16.3	0.969
152	13.3	16.2	1.037
153	13.1	16.2	1.041
154	12.3	16.2	1.091
155	11.9	16.2	1.041
156	11.3	16.2	1.010
157	10.9	16.2	0.935
158	9.9	16.2	0.821
159	9.6	16.1	0.749
160	9.5	16.1	0.699
161	10.4	16.1	0.726
162	11.0	16.1	0.901
163	11.8	16.1	1.005
164	12.0	16.1	1.243
165	12.7	16.1	1.277
166	12.8	16.1	1.191
167	13.6	16.1	0.717
168	13.8	16.1	0.449
169	11.4	16.1	0.311
170	11.3	16.1	0.168
171	11.4	16.0	0.066
172	10.9	16.0	0.048
173	10.7	16.0	0.143
174	10.2	16.0	0.358
175	10.2	16.0	0.969
176	12.7	16.0	1.037
177	12.7	16.0	1.041
178	12.4	16.0	1.091
179	11.7	16.0	1.041
180	11.1	16.0	1.010
181	11.3	16.0	0.935
182	11.0	16.0	0.821
183	11.3	16.0	0.749
184	11.2	16.0	0.699
185	11.1	15.9	0.726
186	11.2	15.9	0.901
187	11.5	15.9	1.005
188	10.8	15.9	1.243
189	10.5	15.9	1.277
190	10.4	15.9	1.191
191	9.9	15.9	0.717
192	9.6	15.9	0.449
193	6.2	15.9	0.311
194	6.3	15.9	0.168
195	6.6	15.9	0.066
196	6.7	15.9	0.048
197	6.3	15.9	0.143
198	5.9	15.8	0.358
199	6.3	15.8	0.969
200	8.9	15.8	1.037
201	9.1	15.8	1.041
202	8.4	15.8	1.091
203	8.3	15.8	1.041
204	8.4	15.8	1.010
205	8.3	15.8	0.935
206	7.6	15.8	0.821
207	6.9	15.8	0.749
208	6.7	15.8	0.699
209	6.8	15.8	0.726
210	6.6	15.7	0.901
211	6.7	15.7	1.005
212	6.7	15.7	1.243
213	6.7	15.7	1.277
214	6.7	15.7	1.191
215	6.5	15.7	0.717
216	6.1	15.7	0.449
217	3.5	15.7	0.311
218	3.8	15.7	0.168
219	4.0	15.7	0.066
220	4.4	15.7	0.048
221	4.7	15.7	0.143
222	5.1	15.7	0.358
223	5.6	15.7	0.969
224	8.5	15.6	1.037
225	8.5	15.6	1.041
226	8.7	15.6	1.091
227	8.7	15.6	1.041
228	8.5	15.6	1.010
229	8.3	15.6	0.935
230	8.5	15.6	0.821
231	8.3	15.6	0.749
232	9.1	15.5	0.699
233	9.7	15.5	0.726
234	10.5	15.5	0.901
235	10.5	15.5	1.005
236	11.1	15.5	1.243
237	11.9	15.5	1.277
238	12.8	15.5	1.191
239	13.5	15.5	0.717
240	14.0	15.5	0.449
241	11.8	15.5	0.311
242	11.8	15.4	0.168
243	11.8	15.4	0.066
244	11.9	15.4	0.048
245	11.8	15.4	0.143
246	11.7	15.4	0.358
247	11.6	15.4	0.969
248	14.1	15.4	1.037
249	14.3	15.4	1.041
250	13.7	15.4	1.091
251	13.7	15.4	1.041
252	12.6	15.4	1.010
253	12.3	15.3	0.935
254	11.5	15.3	0.821
255	11.6	15.3	0.749
256	12.0	15.3	0.699
257	13.1	15.3	0.726
258	13.0	15.3	0.901
259	13.2	15.3	1.005
260	13.8	15.3	1.243
261	14.1	15.3	1.277
262	14.6	15.3	1.191
263	14.5	15.2	0.717
264	14.7	15.2	0.449
265	11.9	15.2	0.311
266	12.2	15.2	0.168
267	12.1	15.2	0.066
268	12.0	15.2	0.048
269	11.7	15.2	0.143
270	12.0	15.2	0.358
271	11.8	15.2	0.969
272	14.7	15.2	1.037
273	14.7	15.2	1.041
274	14.3	15.2	1.091
275	13.8	15.1	1.041
276	12.9	15.1	1.010
277	12.3	15.1	0.935
278	11.8	15.1	0.821
279	11.5	15.1	0.749
280	11.5	15.1	0.699
281	11.4	15.1	0.726
282	11.6	15.1	0.901
283	11.7	15.1	1.005
284	11.6	15.1	1.243
285	12.1	15.1	1.277
286	12.2	15.0	1.191
287	12.2	15.0	0.717
288	12.4	15.0	0.449
289	9.2	15.0	0.311
290	9.2	15.0	0.168
291	9.1	15.0	0.066
292	9.1	15.0	0.048
293	9.3	15.0	0.143
294	9.4	15.0	0.358
295	9.1	15.0	0.969
296	11.8	15.0	1.037
297	11.8	15.0	1.041
298	11.8	15.0	1.091
299	11.1	14.9	1.041
300	10.7	14.9	1.010
301	10.2	14.9	0.935
302	10.0	14.9	0.821
303	9.9	14.9	0.749
304	9.5	14.9	0.699
305	10.0	14.9	0.726
306	9.9	14.9	0.901
307	10.0	14.9	1.005
308	10.2	14.9	1.243
309	10.3	14.9	1.277
310	10.9	14.9	1.191
311	10.8	14.9	0.717
312	11.1	14.9	0.449
313	8.5	14.8	0.311
314	8.4	14.8	0.168
315	8.4	14.8	0.066
316	8.1	14.8	0.048
317	7.9	14.8	0.143
318	7.7	14.8	0.358
319	7.9	14.8	0.969
320	10.8	14.8	1.037
321	10.9	14.7	1.041
322	10.7	14.7	1.091
323	10.5	14.7	1.041
324	10.7	14.7	1.010
325	10.3	14.7	0.935
326	10.0	14.7	0.821
327	9.4	14.7	0.749
328	8.9	14.7	0.699
329	9.4	14.7	0.726
330	9.5	14.7	0.901
331	9.9	14.7	1.005
332	10.1	14.7	1.243
333	10.2	14.7	1.277
334	10.2	14.7	1.191
335	10.5	14.7	0.717
336	10.3	14.7	0.449
337	7.7	14.7	0.311
338	7.9	14.7	0.168
339	8.2	14.7	0.066
340	8.6	14.7	0.048
341	8.8	14.6	0.143
342	8.8	14.6	0.358
343	8.8	14.6	0.969
344	12.0	14.6	1.037
345	12.1	14.6	1.041
346	12.4	14.6	1.091
347	12.0	14.6	1.041
348	11.7	14.6	1.010
349	11.6	14.6	0.935
350	11.9	14.6	0.821
351	12.0	14.6	0.749
352	12.1	14.6	0.699
353	12.5	14.6	0.726
354	12.9	14.6	0.901
355	13.0	14.6	1.005
356	13.5	14.5	1.243
357	13.5	14.5	1.277
358	13.9	14.5	1.191
359	13.8	14.5	0.717
360	13.5	14.5	0.449
361	10.7	14.5	0.311
362	10.9	14.5	0.168
363	11.3	14.5	0.066
364	11.1	14.5	0.048
365	11.0	14.5	0.143
366	11.5	14.5	0.358
367	11.7	14.5	0.969
368	14.6	14.5	1.037
369	14.5	14.4	1.041
370	14.6	14.4	1.091
371	13.6	14.4	1.041
372	13.3	14.4	1.010
373	13.0	14.4	0.935
374	12.7	14.4	0.821
375	12.9	14.4	0.749
376	13.5	14.4	0.699
377	14.4	14.4	0.726
378	15.1	14.4	0.901
379	15.5	14.4	1.005
380	15.7	14.4	1.243
381	16.0	14.4	1.277
382	16.7	14.4	1.191
383	17.3	14.4	0.717
384	17.8	14.4	0.449
385	16.0	14.4	0.311
386	16.1	14.4	0.168
387	16.2	14.4	0.066
388	16.0	14.3	0.048
389	16.0	14.3	0.143
390	15.8	14.3	0.358
391	15.7	14.3	0.969
392	18.3	14.3	1.037
393	17.5	14.3	1.041
394	16.7	14.3	1.091
395	15.9	14.3	1.041
396	15.1	14.3	1.010
397	13.9	14.3	0.935
398	12.9	14.3	0.821
399	13.1	14.3	0.749
400	12.7	14.3	0.699
401	12.6	14.3	0.726
402	13.0	14.3	0.901
403	12.8	14.3	1.005
404	12.8	14.3	1.243
405	13.6	14.2	1.277
406	13.1	14.2	1.191
407	13.1	14.2	0.717
408	12.9	14.2	0.449
409	9.4	14.2	0.311
410	9.8	14.2	0.168
411	10.2	14.2	0.066
412	10.2	14.2	0.048
413	10.3	14.2	0.143
414	10.4	14.2	0.358
415	10.8	14.2	0.969
416	13.7	14.2	1.037
417	13.5	14.1	1.041
418	13.0	14.1	1.091
419	13.1	14.1	1.041
420	12.7	14.1	1.010
421	12.3	14.1	0.935
422	12.3	14.1	0.821
423	12.4	14.1	0.749
424	12.9	14.1	0.699
425	13.1	14.1	0.726
426	13.1	14.1	0.901
427	13.8	14.1	1.005
428	13.9	14.1	1.243
429	14.6	14.1	1.277
430	14.8	14.1	1.191
431	14.7	14.1	0.717
432	14.6	14.1	0.449
433	12.1	14.1	0.311
434	12.4	14.1	0.168
435	13.0	14.0	0.066
436	13.4	14.0	0.048
437	13.0	14.0	0.143
438	12.8	14.0	0.358
439	12.6	14.0	0.969
440	15.4	14.0	1.037
441	15.1	14.0	1.041
442	15.1	14.0	1.091
443	15.3	14.0	1.041
444	14.6	14.0	1.010
445	14.4	14.0	0.935
446	13.9	14.0	0.821
447	13.3	13.9	0.749
448	13.5	13.9	0.699
449	13.5	13.9	0.726
450	13.2	13.9	0.901
451	13.7	13.9	1.005
452	14.1	13.9	1.243
453	14.6	13.9	1.277
454	15.0	13.9	1.191
455	14.7	13.9	0.717
456	14.4	13.9	0.449
457	11.9	13.9	0.311
458	12.4	13.9	0.168
459	12.4	13.9	0.066
460	13.0	13.9	0.048
461	12.9	13.9	0.143
462	13.0	13.9	0.358
463	13.0	13.9	0.969
464	15.8	13.9	1.037
465	15.9	13.8	1.041
466	15.1	13.8	1.091
467	14.7	13.8	1.041
468	14.1	13.8	1.010
469	13.6	13.8	0.935
470	13.2	13.8	0.821
471	12.8	13.8	0.749
472	12.5	13.8	0.699
473	12.7	13.8	0.726
474	12.5	13.8	0.901
475	12.7	13.8	1.005
476	13.2	13.8	1.243
477	13.0	13.8	1.277
478	13.3	13.8	1.191
479	13.4	13.8	0.717
480	13.5	13.8	0.449
481	10.7	13.8	0.311
482	11.4	13.8	0.168
483	11.4	13.8	0.066
484	11.9	13.8	0.048
485	11.9	13.8	0.143
486	11.8	13.8	0.358
487	12.0	13.7	0.969
488	14.6	13.7	1.037
489	14.2	13.7	1.041
490	13.7	13.7	1.091
491	13.2	13.7	1.041
492	12.4	13.7	1.010
493	12.6	13.7	0.935
494	12.1	13.7	0.821
495	12.0	13.7	0.749
496	12.1	13.7	0.699
497	12.1	13.7	0.726
498	12.8	13.7	0.901
499	12.9	13.7	1.005
500	13.6	13.7	1.243
501	13.5	13.7	1.277
502	14.2	13.7	1.191
503	14.4	13.7	0.717
504	14.8	13.7	0.449
505	12.2	13.7	0.311
506	12.0	13.7	0.168
507	11.9	13.7	0.066
508	12.1	13.7	0.048
509	12.4	13.7	0.143
510	12.9	13.7	0.358
511	13.2	13.7	0.969
512	16.1	13.7	1.037
513	15.8	13.6	1.041
514	15.3	13.6	1.091
515	14.8	13.6	1.041
516	14.3	13.6	1.010
517	14.1	13.6	0.935
518	13.7	13.6	0.821
519	13.7	13.6	0.749
520	14.2	13.6	0.699
521	14.3	13.6	0.726
522	14.4	13.6	0.901
523	14.7	13.6	1.005
524	14.5	13.6	1.243
525	14.6	13.6	1.277
526	15.0	13.6	1.191
527	15.4	13.6	0.717
528	16.0	13.6	0.449
529	13.4	13.6	0.311
530	13.4	13.6	0.168
531	13.9	13.6	0.066
532	13.6	13.6	0.048
533	13.8	13.6	0.143
534	13.5	13.6	0.358
535	13.9	13.6	0.969
536	16.6	13.6	1.037
537	16.2	13.6	1.041
538	15.6	13.6	1.091
539	14.8	13.6	1.041
540	13.9	13.5	1.010
541	13.3	13.5	0.935
542	12.4	13.5	0.821
543	12.3	13.5	0.749
544	12.7	13.5	0.699
545	12.8	13.5	0.726
546	13.2	13.5	0.901
547	13.3	13.5	1.005
548	13.5	13.5	1.243
549	13.8	13.5	1.277
550	14.4	13.5	1.191
551	14.7	13.5	0.717
552	15.2	13.5	0.449
553	12.4	13.5	0.311
554	12.3	13.5	0.168
555	12.4	13.5	0.066
556	12.3	13.5	0.048
557	13.0	13.5	0.143
558	13.2	13.5	0.358
559	12.9	13.5	0.969
560	15.4	13.5	1.037
561	14.9	13.5	1.041
562	14.4	13.5	1.091
563	14.1	13.4	1.041
564	13.8	13.4	1.010
565	13.3	13.4	0.935
566	13.0	13.4	0.821
567	12.7	13.4	0.749
568	12.8	13.4	0.699
569	13.0	13.4	0.726
570	13.2	13.4	0.901
571	13.4	13.4	1.005
572	13.7	13.4	1.243
573	13.4	13.4	1.277
574	13.7	13.4	1.191
575	13.6	13.4	0.717
576	13.3	13.4	0.449
577	10.5	13.4	0.311
578	10.9	13.4	0.168
579	11.0	13.4	0.066
580	10.4	13.4	0.048
581	10.1	13.4	0.143
582	10.2	13.4	0.358
583	10.1	13.4	0.969
584	12.4	13.3	1.037
585	12.2	13.3	1.041
586	11.8	13.3	1.091
587	11.2	13.3	1.041
588	10.5	13.3	1.010
589	10.0	13.3	0.935
590	9.8	13.3	0.821
591	9.4	13.3	0.749
592	9.1	13.3	0.699
593	9.2	13.3	0.726
594	9.2	13.3	0.901
595	9.2	13.3	1.005
596	9.0	13.3	1.243
597	9.4	13.3	1.277
598	9.7	13.3	1.191
599	10.0	13.3	0.717
600	10.1	13.3	0.449
601	7.2	13.3	0.311
602	7.8	13.3	0.168
603	8.3	13.3	0.066
604	8.7	13.3	0.048
605	9.1	13.3	0.143
606	9.0	13.3	0.358
607	9.0	13.3	0.969
608	11.8	13.2	1.037
609	12.0	13.2	1.041
610	11.9	13.2	1.091
611	11.7	13.2	1.041
612	11.8	13.2	1.010
613	11.8	13.2	0.935
614	11.4	13.2	0.821
615	11.4	13.2	0.749
616	10.9	13.2	0.699
617	11.6	13.2	0.726
618	11.9	13.2	0.901
619	12.6	13.2	1.005
620	12.9	13.2	1.243
621	13.7	13.2	1.277
622	14.2	13.2	1.191
623	14.3	13.2	0.717
624	14.5	13.2	0.449
625	12.4	13.2	0.311
626	12.5	13.2	0.168
627	12.3	13.2	0.066
628	12.1	13.2	0.048
629	12.1	13.2	0.143
630	12.1	13.2	0.358
631	11.7	13.2	0.969
632	14.3	13.1	1.037
633	13.9	13.1	1.041
634	13.7	13.1	1.091
635	12.8	13.1	1.041
636	11.9	13.1	1.010
637	11.7	13.1	0.935
638	11.5	13.1	0.821
639	11.6	13.1	0.749
640	11.9	13.1	0.699
641	11.7	13.1	0.726
642	12.2	13.1	0.901
643	12.7	13.1	1.005
644	12.8	13.1	1.243
645	12.9	13.1	1.277
646	12.4	13.1	1.191
647	12.2	13.1	0.717
648	12.0	13.1	0.449
649	9.4	13.1	0.311
650	9.9	13.1	0.168
651	9.9	13.1	0.066
652	10.0	13.1	0.048
653	10.3	13.1	0.143
654	10.8	13.1	0.358
655	10.6	13.0	0.969
656	13.4	13.0	1.037
657	13.4	13.0	1.041
658	13.0	13.0	1.091
659	12.7	13.0	1.041
660	12.5	13.0	1.010
661	12.4	13.0	0.935
662	12.4	13.0	0.821
663	12.5	13.0	0.749
664	12.3	13.0	0.699
665	13.0	13.0	0.726
666	13.5	13.0	0.901
667	14.1	13.0	1.005
668	14.8	13.0	1.243
669	15.3	13.0	1.277
670	15.9	13.0	1.191
671	16.6	13.0	0.717
672	16.9	13.0	0.449
673	14.3	13.0	0.311
674	13.8	13.0	0.168
675	13.5	13.0	0.066
676	13.0	13.0	0.048
677	11.9	13.0	0.143
678	11.2	13.0	0.358
679	10.9	13.0	0.969
680	13.6	13.0	1.037
681	13.6	13.0	1.041
682	13.2	13.0	1.091
683	12.6	13.0	1.041
684	11.9	12.9	1.010
685	11.8	12.9	0.935
686	11.6	12.9	0.821
687	11.4	12.9	0.749
688	10.3	12.9	0.699
689	9.8	12.9	0.726
690	9.6	12.9	0.901
691	9.4	12.9	1.005
692	9.0	12.9	1.243
693	8.2	12.9	1.277
694	7.8	12.9	1.191
695	7.1	12.9	0.717
696	6.8	12.9	0.449
697	3.9	12.9	0.311
698	3.8	12.9	0.168
699	4.2	12.9	0.066
700	4.4	12.9	0.048
701	4.6	12.9	0.143
702	4.5	12.9	0.358
703	4.7	12.9	0.969
704	7.8	12.9	1.037
705	7.6	12.9	1.041
706	7.5	12.9	1.091
707	7.5	12.9	1.041
708	7.0	12.9	1.010
709	6.7	12.9	0.935
710	6.8	12.9	0.821
711	7.0	12.9	0.749
712	6.8	12.8	0.699
713	6.6	12.8	0.726
714	6.6	12.8	0.901
715	6.5	12.8	1.005
716	6.2	12.8	1.243
717	6.4	12.8	1.277
718	6.0	12.8	1.191
719	6.2	12.8	0.717
720	6.6	12.8	0.449
721	3.9	12.8	0.311
722	3.6	12.8	0.168
723	3.5	12.8	0.066
724	3.3	12.8	0.048
725	3.1	12.8	0.143
726	3.3	12.8	0.358
727	3.4	12.8	0.969
728	6.2	12.8	1.037
729	6.5	12.8	1.041
730	6.0	12.8	1.091
731	5.3	12.8	1.041
732	5.1	12.8	1.010
733	4.6	12.8	0.935
734	4.2	12.8	0.821
735	4.5	12.8	0.749
736	4.8	12.8	0.699
737	5.1	12.8	0.726
738	6.1	12.8	0.901
739	7.0	12.8	1.005
740	7.3	12.8	1.243
741	7.4	12.7	1.277
742	7.5	12.7	1.191
743	8.0	12.7	0.717
744	8.5	12.7	0.449
745	6.3	12.7	0.311
746	6.7	12.7	0.168
747	6.8	12.7	0.066
748	6.6	12.7	0.048
749	6.7	12.7	0.143
750	6.7	12.7	0.358
751	6.5	12.7	0.969
752	9.5	12.7	1.037
753	9.2	12.7	1.041
754	8.7	12.7	1.091
755	8.0	12.7	1.041
756	7.7	12.7	1.010
757	7.5	12.7	0.935
758	7.2	12.7	0.821
759	7.3	12.7	0.749
760	7.2	12.7	0.699
761	7.5	12.7	0.726
762	7.9	12.7	0.901
763	8.5	12.7	1.005
764	9.2	12.7	1.243
765	10.0	12.7	1.277
766	10.7	12.6	1.191
767	11.4	12.6	0.717
768	11.6	12.6	0.449
769	9.4	12.6	0.311
770	9.2	12.6	0.168
771	9.2	12.6	0.066
772	9.8	12.6	0.048
773	10.3	12.6	0.143
774	10.5	12.6	0.358
775	10.8	12.6	0.969
776	13.5	12.6	1.037
777	13.4	12.6	1.041
778	13.4	12.6	1.091
779	13.2	12.6	1.041
780	13.1	12.6	1.010
781	12.8	12.6	0.935
782	12.5	12.6	0.821
783	12.6	12.6	0.749
784	12.9	12.6	0.699
785	13.2	12.6	0.726
786	13.4	12.6	0.901
787	14.3	12.6	1.005
788	15.2	12.6	1.243
789	15.8	12.6	1.277
790	16.1	12.6	1.191
791	16.5	12.6	0.717
792	16.6	12.6	0.449
793	14.3	12.6	0.311
794	14.6	12.6	0.168
795	14.5	12.5	0.066
796	14.9	12.5	0.048
797	15.2	12.5	0.143
798	15.3	12.5	0.358
799	15.7	12.5	0.969
800	17.8	12.5	1.037
801	17.7	12.5	1.041
802	17.2	12.5	1.091
803	16.6	12.5	1.041
804	15.9	12.5	1.010
805	15.7	12.5	0.935
806	15.2	12.5	0.821
807	15.0	12.5	0.749
808	15.2	12.5	0.699
809	15.4	12.5	0.726
810	15.7	12.5	0.901
811	16.2	12.5	1.005
812	16.5	12.5	1.243
813	16.1	12.5	1.277
814	16.9	12.5	1.191
815	16.4	12.5	0.717
816	16.4	12.5	0.449
817	14.3	12.5	0.311
818	14.2	12.5	0.168
819	14.0	12.5	0.066
820	14.3	12.5	0.048
821	13.7	12.5	0.143
822	13.1	12.5	0.358
823	12.8	12.5	0.969
824	15.0	12.5	1.037
825	14.7	12.5	1.041
826	14.5	12.5	1.091
827	13.7	12.4	1.041
828	12.7	12.4	1.010
829	12.1	12.4	0.935
830	11.3	12.4	0.821
831	11.1	12.4	0.749
832	11.1	12.4	0.699
833	11.0	12.4	0.726
834	11.0	12.4	0.901
835	11.7	12.4	1.005
836	11.7	12.4	1.243
837	11.8	12.4	1.277
838	12.1	12.4	1.191
839	12.4	12.4	0.717
840	12.3	12.4	0.449
841	9.9	12.4	0.311
842	9.7	12.4	0.168
843	9.5	12.4	0.066
844	9.9	12.4	0.048
845	9.9	12.4	0.143
846	10.0	12.4	0.358
847	10.1	12.4	0.969
848	12.4	12.4	1.037
849	12.1	12.4	1.041
850	11.6	12.4	1.091
851	11.2	12.4	1.041
852	10.7	12.4	1.010
853	9.9	12.4	0.935
854	10.2	12.4	0.821
855	10.1	12.4	0.749
856	10.4	12.4	0.699
857	10.6	12.4	0.726
858	11.2	12.4	0.901
859	11.7	12.4	1.005
860	12.3	12.4	1.243
861	12.5	12.4	1.277
862	12.5	12.4	1.191
863	12.6	12.4	0.717
864	12.5	12.4	0.449
865	9.9	12.4	0.311
866	10.3	12.4	0.168
867	10.1	12.3	0.066
868	10.2	12.3	0.048
869	9.7	12.3	0.143
870	9.9	12.3	0.358
871	10.1	12.3	0.969
872	12.2	12.3	1.037
873	12.3	12.3	1.041
874	12.2	12.3	1.091
875	11.6	12.3	1.041
876	11.4	12.3	1.010
877	10.8	12.3	0.935
878	10.5	12.3	0.821
879	10.4	12.3	0.749
880	10.0	12.3	0.699
881	10.1	12.3	0.726
882	10.5	12.3	0.901
883	11.1	12.3	1.005
884	11.3	12.3	1.243
885	11.6	12.3	1.277
886	11.6	12.3	1.191
887	12.2	12.3	0.717
888	12.2	12.3	0.449
889	9.7	12.3	0.311
890	9.5	12.3	0.168
891	9.4	12.3	0.066
892	8.8	12.3	0.048
893	9.2	12.3	0.143
894	9.0	12.3	0.358
895	9.0	12.3	0.969
896	11.1	12.3	1.037
897	11.1	12.3	1.041
898	11.0	12.3	1.091
899	10.6	12.2	1.041
900	10.7	12.2	1.010
901	10.9	12.2	0.935
902	10.8	12.2	0.821
903	10.7	12.2	0.749
904	10.5	12.2	0.699
905	10.4	12.2	0.726
906	10.1	12.2	0.901
907	10.0	12.2	1.005
908	9.9	12.2	1.243
909	10.1	12.2	1.277
910	10.1	12.2	1.191
911	10.3	12.2	0.717
912	10.1	12.2	0.449
913	7.7	12.2	0.311
914	7.9	12.2	0.168
915	8.3	12.2	0.066
916	8.7	12.2	0.048
917	8.7	12.2	0.143
918	9.3	12.2	0.358
919	9.1	12.2	0.969
920	11.3	12.2	1.037
921	11.3	12.2	1.041
922	10.8	12.2	1.091
923	10.7	12.2	1.041
924	10.0	12.2	1.010
925	9.9	12.2	0.935
926	9.9	12.2	0.821
927	9.6	12.2	0.749
928	9.6	12.2	0.699
929	9.6	12.2	0.726
930	10.3	12.2	0.901
931	10.6	12.2	1.005
932	11.1	12.1	1.243
933	11.3	12.1	1.277
934	11.9	12.1	1.191
935	12.2	12.1	0.717
936	12.3	12.1	0.449
937	9.6	12.1	0.311
938	10.0	12.1	0.168
939	9.9	12.1	0.066
940	9.8	12.1	0.048
941	9.9	12.1	0.143
942	10.1	12.1	0.358
943	10.4	12.1	0.969
944	12.9	12.1	1.037
945	12.9	12.1	1.041
946	12.8	12.1	1.091
947	12.3	12.1	1.041
948	11.5	12.1	1.010
949	11.0	12.1	0.935
950	10.6	12.1	0.821
951	11.1	12.1	0.749
952	11.4	12.1	0.699
953	11.4	12.1	0.726
954	11.6	12.1	0.901
955	11.7	12.1	1.005
956	12.4	12.1	1.243
957	12.3	12.1	1.277
958	12.3	12.1	1.191
959	12.6	12.1	0.717
960	12.8	12.1	0.449
961	10.5	12.0	0.311
962	10.7	12.0	0.168
963	10.8	12.0	0.066
964	10.9	12.0	0.048
965	11.0	12.0	0.143
966	10.9	12.0	0.358
967	10.9	12.0	0.969
968	13.5	12.0	1.037
969	13.0	12.0	1.041
970	12.5	12.0	1.091
971	12.2	12.0	1.041
972	11.8	12.0	1.010
973	10.9	12.0	0.935
974	10.7	12.0	0.821
975	10.4	12.0	0.749
976	10.4	12.0	0.699
977	10.7	12.0	0.726
978	11.3	12.0	0.901
979	12.3	12.0	1.005
980	12.4	12.0	1.243
981	13.1	12.0	1.277
982	13.6	12.0	1.191
983	13.3	12.0	0.717
984	13.6	12.0	0.449
985	11.3	12.0	0.311
986	11.3	12.0	0.168
987	11.2	12.0	0.066
988	11.5	11.9	0.048
989	11.4	11.9	0.143
990	11.2	11.9	0.358
991	11.0	11.9	0.969
992	13.4	11.9	1.037
993	13.2	11.9	1.041
994	12.5	11.9	1.091
995	12.2	11.9	1.041
996	11.9	11.9	1.010
997	11.3	11.9	0.935
998	11.0	11.9	0.821
999	11.0	11.9	0.749
1000	11.1	11.9	0.699
1001	11.3	11.9	0.726
1002	11.7	11.9	0.901
1003	11.9	11.9	1.005
1004	12.1	11.9	1.243
1005	12.0	11.9	1.277
1006	12.8	11.9	1.191
1007	12.7	11.9	0.717
1008	12.2	11.9	0.449
1009	9.9	11.9	0.311
1010	9.9	11.9	0.168
1011	10.2	11.9	0.066
1012	10.3	11.9	0.048
1013	9.8	11.9	0.143
1014	9.6	11.9	0.358
1015	9.5	11.9	0.969
1016	11.7	11.9	1.037
1017	11.4	11.9	1.041
1018	11.4	11.9	1.091
1019	10.8	11.9	1.041
1020	10.3	11.9	1.010
1021	10.2	11.8	0.935
1022	9.5	11.8	0.821
1023	8.8	11.8	0.749
1024	8.9	11.8	0.699
1025	8.6	11.8	0.726
1026	8.6	11.8	0.901
1027	9.0	11.8	1.005
1028	9.6	11.8	1.243
1029	10.0	11.8	1.277
1030	9.7	11.8	1.191
1031	10.0	11.8	0.717
1032	10.0	11.8	0.449
1033	7.4	11.8	0.311
1034	7.6	11.8	0.168
1035	7.7	11.8	0.066
1036	7.9	11.8	0.048
1037	7.7	11.8	0.143
1038	7.6	11.8	0.358
1039	7.7	11.8	0.969
1040	10.1	11.8	1.037
1041	10.1	11.8	1.041
1042	10.3	11.8	1.091
1043	10.2	11.8	1.041
1044	10.7	11.8	1.010
1045	10.3	11.8	0.935
1046	10.6	11.8	0.821
1047	10.3	11.8	0.749
1048	10.6	11.8	0.699
1049	11.1	11.8	0.726
1050	11.1	11.8	0.901
1051	11.3	11.8	1.005
1052	11.5	11.8	1.243
1053	11.6	11.8	1.277
1054	11.7	11.7	1.191
1055	11.6	11.7	0.717
1056	11.7	11.7	0.449
1057	8.9	11.7	0.311
1058	8.8	11.7	0.168
1059	8.7	11.7	0.066
1060	8.7	11.7	0.048
1061	8.7	11.7	0.143
1062	8.6	11.7	0.358
1063	8.7	11.7	0.969
1064	11.1	11.7	1.037
1065	10.7	11.7	1.041
1066	10.8	11.7	1.091
1067	10.3	11.7	1.041
1068	10.1	11.7	1.010
1069	9.6	11.7	0.935
1070	9.1	11.7	0.821
1071	8.9	11.7	0.749
1072	9.2	11.7	0.699
1073	9.2	11.7	0.726
1074	8.9	11.7	0.901
1075	8.9	11.7	1.005
1076	8.8	11.7	1.243
1077	8.4	11.7	1.277
1078	7.9	11.7	1.191
1079	8.0	11.7	0.717
1080	7.9	11.7	0.449
1081	5.5	11.7	0.311
1082	5.6	11.7	0.168
1083	5.3	11.7	0.066
1084	5.5	11.7	0.048
1085	5.6	11.7	0.143
1086	5.2	11.6	0.358
1087	5.2	11.6	0.969
1088	7.4	11.6	1.037
1089	6.5	11.6	1.041
1090	6.2	11.6	1.091
1091	5.8	11.6	1.041
1092	5.6	11.6	1.010
1093	5.2	11.6	0.935
1094	4.6	11.6	0.821
1095	4.4	11.6	0.749
1096	4.3	11.6	0.699
1097	4.5	11.6	0.726
1098	5.1	11.6	0.901
1099	5.7	11.6	1.005
1100	6.1	11.6	1.243
1101	5.9	11.6	1.277
1102	6.1	11.6	1.191
1103	6.5	11.6	0.717
1104	7.1	11.6	0.449
1105	5.0	11.6	0.311
1106	5.0	11.6	0.168
1107	5.0	11.6	0.066
1108	5.5	11.6	0.048
1109	5.4	11.6	0.143
1110	5.2	11.6	0.358
1111	5.6	11.6	0.969
1112	7.8	11.6	1.037
1113	7.7	11.6	1.041
1114	7.6	11.6	1.091
1115	7.1	11.6	1.041
1116	6.2	11.6	1.010
1117	5.4	11.6	0.935
1118	5.4	11.6	0.821
1119	5.9	11.6	0.749
1120	6.1	11.6	0.699
1121	6.3	11.6	0.726
1122	6.6	11.6	0.901
1123	7.2	11.5	1.005
1124	7.8	11.5	1.243
1125	8.1	11.5	1.277
1126	8.5	11.5	1.191
1127	9.1	11.5	0.717
1128	9.3	11.5	0.449
1129	7.3	11.5	0.311
1130	7.3	11.5	0.168
1131	7.8	11.5	0.066
1132	8.0	11.5	0.048
1133	8.6	11.5	0.143
1134	8.7	11.5	0.358
1135	8.7	11.5	0.969
1136	10.9	11.5	1.037
1137	10.4	11.5	1.041
1138	10.4	11.5	1.091
1139	10.0	11.5	1.041
1140	9.3	11.5	1.010
1141	8.8	11.5	0.935
1142	8.6	11.5	0.821
1143	8.4	11.5	0.749
1144	8.6	11.5	0.699
1145	8.8	11.5	0.726
1146	9.9	11.5	0.901
1147	10.0	11.5	1.005
1148	10.3	11.5	1.243
1149	10.6	11.5	1.277
1150	11.4	11.5	1.191
1151	11.6	11.5	0.717
1152	12.0	11.5	0.449
1153	9.9	11.4	0.311
1154	9.9	11.4	0.168
1155	10.3	11.4	0.066
1156	10.3	11.4	0.048
1157	10.8	11.4	0.143
1158	10.7	11.4	0.358
1159	10.6	11.4	0.969
1160	13.3	11.4	1.037
1161	13.4	11.4	1.041
1162	13.2	11.4	1.091
1163	12.9	11.4	1.041
1164	12.6	11.4	1.010
1165	12.0	11.4	0.935
1166	12.1	11.4	0.821
1167	11.8	11.4	0.749
1168	11.6	11.4	0.699
1169	11.5	11.4	0.726
1170	12.2	11.4	0.901
1171	12.8	11.4	1.005
1172	12.7	11.4	1.243
1173	12.8	11.4	1.277
1174	13.1	11.4	1.191
1175	13.7	11.4	0.717
1176	13.6	11.4	0.449
1177	11.0	11.4	0.311
1178	11.0	11.4	0.168
1179	11.5	11.4	0.066
1180	11.4	11.4	0.048
1181	11.9	11.4	0.143
1182	12.2	11.4	0.358
1183	12.1	11.4	0.969
1184	14.5	11.4	1.037
1185	14.1	11.4	1.041
1186	13.7	11.4	1.091
1187	13.7	11.4	1.041
1188	13.2	11.4	1.010
1189	12.8	11.4	0.935
1190	12.5	11.4	0.821
1191	12.5	11.4	0.749
1192	12.4	11.4	0.699
1193	12.6	11.4	0.726
1194	13.1	11.3	0.901
1195	13.2	11.3	1.005
1196	14.1	11.3	1.243
1197	14.7	11.3	1.277
1198	15.0	11.3	1.191
1199	14.7	11.3	0.717
1200	15.1	11.3	0.449
1201	12.9	11.3	0.311
1202	13.6	11.3	0.168
1203	13.6	11.3	0.066
1204	13.6	11.3	0.048
1205	13.2	11.3	0.143
1206	12.9	11.3	0.358
1207	12.9	11.3	0.969
1208	15.2	11.3	1.037
1209	15.3	11.3	1.041
1210	15.0	11.3	1.091
1211	14.7	11.3	1.041
1212	14.5	11.3	1.010
1213	14.4	11.3	0.935
1214	14.4	11.3	0.821
1215	14.1	11.3	0.749
1216	14.4	11.3	0.699
1217	14.5	11.3	0.726
1218	15.0	11.3	0.901
1219	15.3	11.3	1.005
1220	15.5	11.3	1.243
1221	15.7	11.3	1.277
1222	15.8	11.3	1.191
1223	15.7	11.3	0.717
1224	16.1	11.3	0.449
1225	13.7	11.3	0.311
1226	13.4	11.2	0.168
1227	13.3	11.2	0.066
1228	12.8	11.2	0.048
1229	12.0	11.2	0.143
1230	11.7	11.2	0.358
1231	11.6	11.2	0.969
1232	13.8	11.2	1.037
1233	13.6	11.2	1.041
1234	13.0	11.2	1.091
1235	12.4	11.2	1.041
1236	12.3	11.2	1.010
1237	12.1	11.2	0.935
1238	11.4	11.2	0.821
1239	11.4	11.2	0.749
1240	11.1	11.2	0.699
1241	11.0	11.2	0.726
1242	10.8	11.2	0.901
1243	10.5	11.2	1.005
1244	10.2	11.2	1.243
1245	10.1	11.2	1.277
1246	9.5	11.2	1.191
1247	9.3	11.2	0.717
1248	9.1	11.2	0.449
1249	6.2	11.2	0.311
1250	6.5	11.2	0.168
1251	6.4	11.2	0.066
1252	6.3	11.2	0.048
1253	6.3	11.2	0.143
1254	6.4	11.2	0.358
1255	6.5	11.2	0.969
1256	9.0	11.2	1.037
1257	8.5	11.2	1.041
1258	7.6	11.2	1.091
1259	7.4	11.2	1.041
1260	6.5	11.2	1.010
1261	6.2	11.1	0.935
1262	6.3	11.1	0.821
1263	6.0	11.1	0.749
1264	6.6	11.1	0.699
1265	6.8	11.1	0.726
1266	6.9	11.1	0.901
1267	7.7	11.1	1.005
1268	7.8	11.1	1.243
1269	8.0	11.1	1.277
1270	8.5	11.1	1.191
1271	8.8	11.1	0.717
1272	9.1	11.1	0.449
1273	6.6	11.1	0.311
1274	6.8	11.1	0.168
1275	7.0	11.1	0.066
1276	6.8	11.1	0.048
1277	7.0	11.1	0.143
1278	7.3	11.1	0.358
1279	7.2	11.1	0.969
1280	10.1	11.1	1.037
1281	9.9	11.1	1.041
1282	9.7	11.1	1.091
1283	8.9	11.1	1.041
1284	8.4	11.1	1.010
1285	8.2	11.1	0.935
1286	7.9	11.1	0.821
1287	7.4	11.1	0.749
1288	7.5	11.1	0.699
1289	7.9	11.1	0.726
1290	8.4	11.1	0.901
1291	9.0	11.0	1.005
1292	8.9	11.0	1.243
1293	9.1	11.0	1.277
1294	9.4	11.0	1.191
1295	9.3	11.0	0.717
1296	9.6	11.0	0.449
1297	7.2	11.0	0.311
1298	7.5	11.0	0.168
1299	7.7	11.0	0.066
1300	8.5	11.0	0.048
1301	8.7	11.0	0.143
1302	9.0	11.0	0.358
1303	9.2	11.0	0.969
1304	11.9	11.0	1.037
1305	11.7	11.0	1.041
1306	11.1	11.0	1.091
1307	10.4	11.0	1.041
1308	9.9	11.0	1.010
1309	9.6	11.0	0.935
1310	9.2	11.0	0.821
1311	8.9	11.0	0.749
1312	8.4	11.0	0.699
1313	8.8	11.0	0.726
1314	9.5	11.0	0.901
1315	10.1	11.0	1.005
1316	10.4	11.0	1.243
1317	10.6	11.0	1.277
1318	10.7	11.0	1.191
1319	11.0	11.0	0.717
1320	10.7	11.0	0.449
1321	8.4	11.0	0.311
1322	8.6	11.0	0.168
1323	8.8	11.0	0.066
1324	8.5	11.0	0.048
1325	8.8	11.0	0.143
1326	8.6	10.9	0.358
1327	8.2	10.9	0.969
1328	10.1	10.9	1.037
1329	10.0	10.9	1.041
1330	9.5	10.9	1.091
1331	8.5	10.9	1.041
1332	7.5	10.9	1.010
1333	6.9	10.9	0.935
1334	6.0	10.9	0.821
1335	5.8	10.9	0.749
1336	6.4	10.9	0.699
1337	6.2	10.9	0.726
1338	6.8	10.9	0.901
1339	7.5	10.9	1.005
1340	7.8	10.9	1.243
1341	7.7	10.9	1.277
1342	7.8	10.9	1.191
1343	7.9	10.9	0.717
1344	8.0	10.9	0.449
1345	5.7	10.9	0.311
1346	6.1	10.9	0.168
1347	6.6	10.9	0.066
1348	6.7	10.9	0.048
1349	6.7	10.9	0.143
1350	6.7	10.9	0.358
1351	6.8	10.9	0.969
1352	9.5	10.9	1.037
1353	9.4	10.9	1.041
1354	8.9	10.9	1.091
1355	8.6	10.9	1.041
1356	8.2	10.9	1.010
1357	7.8	10.9	0.935
1358	8.0	10.9	0.821
1359	7.7	10.9	0.749
1360	8.0	10.9	0.699
1361	8.4	10.9	0.726
1362	9.0	10.9	0.901
1363	10.0	10.8	1.005
1364	10.8	10.8	1.243
1365	11.2	10.8	1.277
1366	11.3	10.8	1.191
1367	12.2	10.8	0.717
1368	12.2	10.8	0.449
1369	10.3	10.8	0.311
1370	10.8	10.8	0.168
1371	10.4	10.8	0.066
1372	10.6	10.8	0.048
1373	10.7	10.8	0.143
1374	10.4	10.8	0.358
1375	10.4	10.8	0.969
1376	13.0	10.8	1.037
1377	13.1	10.8	1.041
1378	12.6	10.8	1.091
1379	11.9	10.8	1.041
1380	11.5	10.8	1.010
1381	11.2	10.8	0.935
1382	10.8	10.8	0.821
1383	10.6	10.8	0.749
1384	10.8	10.8	0.699
1385	11.2	10.8	0.726
1386	12.0	10.8	0.901
1387	13.3	10.8	1.005
1388	13.8	10.8	1.243
1389	14.3	10.8	1.277
1390	14.4	10.8	1.191
1391	14.9	10.8	0.717
1392	15.9	10.8	0.449
1393	13.7	10.8	0.311
1394	13.8	10.8	0.168
1395	13.8	10.8	0.066
1396	13.9	10.8	0.048
1397	14.0	10.8	0.143
1398	13.8	10.8	0.358
1399	13.9	10.7	0.969
1400	15.8	10.7	1.037
1401	15.5	10.7	1.041
1402	14.9	10.7	1.091
1403	14.2	10.7	1.041
1404	13.1	10.7	1.010
1405	12.2	10.7	0.935
1406	11.3	10.7	0.821
1407	11.0	10.7	0.749
1408	10.7	10.7	0.699
1409	10.8	10.7	0.726
1410	11.5	10.7	0.901
1411	12.3	10.7	1.005
1412	12.5	10.7	1.243
1413	12.5	10.7	1.277
1414	12.9	10.7	1.191
1415	13.0	10.7	0.717
1416	13.3	10.7	0.449
1417	7.7	10.7	0.311
1418	7.9	10.7	0.168
1419	7.9	10.7	0.066
1420	8.1	10.7	0.048
1421	8.2	10.7	0.143
1422	8.4	10.7	0.358
1423	8.4	10.7	0.969
1424	10.2	10.7	1.037
1425	9.7	10.7	1.041
1426	9.2	10.7	1.091
1427	8.5	10.7	1.041
1428	7.4	10.7	1.010
1429	6.9	10.7	0.935
1430	6.6	10.7	0.821
1431	6.4	10.7	0.749
1432	6.7	10.7	0.699
1433	6.8	10.7	0.726
1434	7.1	10.7	0.901
1435	7.4	10.7	1.005
1436	7.6	10.7	1.243
1437	7.8	10.7	1.277
1438	8.0	10.7	1.191
1439	8.4	10.7	0.717
1440	8.6	10.7	0.449
1441	6.6	10.7	0.311
1442	6.8	10.7	0.168
1443	7.5	10.7	0.066
1444	7.5	10.6	0.048
1445	7.7	10.6	0.143
1446	7.7	10.6	0.358
1447	7.7	10.6	0.969
1448	9.8	10.6	1.037
1449	9.6	10.6	1.041
1450	8.9	10.6	1.091
1451	8.4	10.6	1.041
1452	7.9	10.6	1.010
1453	7.3	10.6	0.935
1454	6.9	10.6	0.821
1455	7.0	10.6	0.749
1456	7.1	10.6	0.699
1457	7.1	10.6	0.726
1458	8.2	10.6	0.901
1459	8.7	10.6	1.005
1460	9.3	10.6	1.243
1461	9.5	10.6	1.277
1462	9.9	10.6	1.191
1463	10.2	10.6	0.717
1464	10.6	10.6	0.449
1465	9.1	10.6	0.311
1466	9.1	10.6	0.168
1467	9.1	10.6	0.066
1468	9.0	10.6	0.048
1469	9.1	10.6	0.143
1470	9.2	10.6	0.358
1471	9.3	10.6	0.969
1472	11.1	10.6	1.037
1473	11.2	10.6	1.041
1474	11.0	10.6	1.091
1475	10.7	10.6	1.041
1476	10.6	10.6	1.010
1477	10.5	10.5	0.935
1478	10.8	10.5	0.821
1479	10.7	10.5	0.749
1480	10.8	10.5	0.699
1481	11.3	10.5	0.726
1482	11.3	10.5	0.901
1483	11.3	10.5	1.005
1484	11.1	10.5	1.243
1485	11.2	10.5	1.277
1486	11.4	10.5	1.191
1487	11.4	10.5	0.717
1488	11.1	10.5	0.449
1489	9.2	10.5	0.311
1490	9.1	10.5	0.168
1491	9.2	10.5	0.066
1492	9.0	10.5	0.048
1493	9.1	10.5	0.143
1494	9.1	10.5	0.358
1495	8.9	10.5	0.969
1496	10.6	10.5	1.037
1497	10.2	10.5	1.041
1498	9.7	10.5	1.091
1499	9.0	10.5	1.041
1500	8.6	10.5	1.010
1501	7.9	10.5	0.935
1502	7.6	10.5	0.821
1503	7.7	10.5	0.749
1504	7.8	10.5	0.699
1505	8.5	10.5	0.726
1506	9.0	10.5	0.901
1507	9.3	10.5	1.005
1508	10.0	10.5	1.243
1509	9.9	10.5	1.277
1510	10.2	10.5	1.191
1511	10.4	10.5	0.717
1512	10.3	10.5	0.449
1513	9.1	10.5	0.311
1514	9.3	10.5	0.168
1515	9.3	10.5	0.066
1516	9.0	10.5	0.048
1517	8.8	10.5	0.143
1518	8.6	10.5	0.358
1519	8.6	10.5	0.969
1520	10.0	10.5	1.037
1521	9.8	10.5	1.041
1522	9.5	10.5	1.091
1523	8.9	10.5	1.041
1524	8.3	10.5	1.010
1525	7.9	10.5	0.935
1526	7.8	10.5	0.821
1527	7.7	10.5	0.749
1528	7.8	10.5	0.699
1529	7.7	10.4	0.726
1530	8.1	10.4	0.901
1531	8.0	10.4	1.005
1532	7.8	10.4	1.243
1533	7.8	10.4	1.277
1534	7.8	10.4	1.191
1535	7.7	10.4	0.717
1536	7.7	10.4	0.449
1537	6.0	10.4	0.311
1538	5.8	10.4	0.168
1539	6.0	10.4	0.066
1540	6.4	10.4	0.048
1541	6.4	10.4	0.143
1542	6.7	10.4	0.358
1543	6.6	10.4	0.969
1544	8.2	10.4	1.037
1545	8.0	10.4	1.041
1546	7.7	10.4	1.091
1547	7.0	10.4	1.041
1548	6.8	10.4	1.010
1549	6.5	10.4	0.935
1550	6.4	10.4	0.821
1551	5.9	10.4	0.749
1552	6.3	10.4	0.699
1553	6.6	10.4	0.726
1554	6.9	10.4	0.901
1555	7.6	10.4	1.005
1556	7.7	10.4	1.243
1557	7.8	10.4	1.277
1558	7.7	10.4	1.191
1559	7.9	10.4	0.717
1560	8.0	10.4	0.449
1561	6.4	10.3	0.311
1562	6.3	10.3	0.168
1563	6.0	10.3	0.066
1564	5.9	10.3	0.048
1565	5.8	10.3	0.143
1566	5.9	10.3	0.358
1567	6.0	10.3	0.969
1568	7.7	10.3	1.037
1569	7.9	10.3	1.041
1570	7.9	10.3	1.091
1571	7.8	10.3	1.041
1572	7.5	10.3	1.010
1573	7.3	10.3	0.935
1574	6.9	10.3	0.821
1575	6.7	10.3	0.749
1576	6.9	10.3	0.699
1577	6.5	10.3	0.726
1578	6.5	10.3	0.901
1579	6.6	10.3	1.005
1580	6.7	10.3	1.243
1581	6.9	10.3	1.277
1582	6.8	10.3	1.191
1583	6.9	10.3	0.717
1584	6.8	10.3	0.449
1585	5.1	10.3	0.311
1586	5.7	10.3	0.168
1587	5.7	10.3	0.066
1588	5.9	10.3	0.048
1589	5.9	10.3	0.143
1590	6.0	10.3	0.358
1591	6.0	10.3	0.969
1592	7.8	10.3	1.037
1593	8.0	10.3	1.041
1594	7.8	10.3	1.091
1595	7.4	10.3	1.041
1596	7.2	10.3	1.010
1597	6.8	10.3	0.935
1598	6.8	10.3	0.821
1599	6.6	10.3	0.749
1600	6.9	10.3	0.699
1601	7.1	10.3	0.726
1602	7.7	10.3	0.901
1603	7.9	10.3	1.005
1604	8.4	10.3	1.243
1605	8.6	10.3	1.277
1606	8.9	10.2	1.191
1607	9.3	10.2	0.717
1608	10.1	10.2	0.449
1609	8.5	10.2	0.311
1610	8.6	10.2	0.168
1611	8.8	10.2	0.066
1612	8.7	10.2	0.048
1613	8.7	10.2	0.143
1614	8.5	10.2	0.358
1615	8.6	10.2	0.969
1616	10.3	10.2	1.037
1617	10.0	10.2	1.041
1618	9.3	10.2	1.091
1619	8.8	10.2	1.041
1620	7.9	10.2	1.010
1621	7.1	10.2	0.935
1622	6.5	10.2	0.821
1623	6.1	10.2	0.749
1624	6.2	10.2	0.699
1625	6.5	10.2	0.726
1626	7.2	10.2	0.901
1627	7.9	10.2	1.005
1628	8.2	10.2	1.243
1629	8.4	10.2	1.277
1630	8.7	10.2	1.191
1631	8.9	10.2	0.717
1632	9.2	10.2	0.449
1633	7.3	10.2	0.311
1634	7.6	10.2	0.168
1635	7.7	10.2	0.066
1636	7.7	10.2	0.048
1637	8.2	10.2	0.143
1638	8.1	10.2	0.358
1639	8.2	10.2	0.969
1640	10.0	10.2	1.037
1641	9.6	10.2	1.041
1642	8.5	10.1	1.091
1643	7.8	10.1	1.041
1644	6.9	10.1	1.010
1645	6.2	10.1	0.935
1646	5.8	10.1	0.821
1647	5.6	10.1	0.749
1648	5.6	10.1	0.699
1649	5.8	10.1	0.726
1650	6.4	10.1	0.901
1651	7.0	10.1	1.005
1652	7.3	10.1	1.243
1653	7.7	10.1	1.277
1654	7.8	10.1	1.191
1655	7.8	10.1	0.717
1656	8.2	10.1	0.449
1657	6.5	10.1	0.311
1658	6.8	10.1	0.168
1659	6.8	10.1	0.066
1660	6.8	10.1	0.048
1661	6.9	10.1	0.143
1662	6.9	10.1	0.358
1663	6.9	10.1	0.969
1664	8.8	10.1	1.037
1665	8.3	10.1	1.041
1666	8.1	10.1	1.091
1667	7.7	10.1	1.041
1668	6.6	10.1	1.010
1669	6.1	10.1	0.935
1670	5.5	10.1	0.821
1671	5.2	10.1	0.749
1672	5.2	10.1	0.699
1673	5.6	10.0	0.726
1674	6.1	10.0	0.901
1675	6.7	10.0	1.005
1676	7.0	10.0	1.243
1677	7.4	10.0	1.277
1678	7.8	10.0	1.191
1679	8.0	10.0	0.717
1680	8.2	10.0	0.449
1681	6.7	10.0	0.311
1682	6.7	10.0	0.168
1683	6.7	10.0	0.066
1684	6.6	10.0	0.048
1685	6.8	10.0	0.143
1686	6.8	10.0	0.358
1687	6.4	10.0	0.969
1688	8.3	10.0	1.037
1689	8.2	10.0	1.041
1690	7.6	10.0	1.091
1691	6.6	10.0	1.041
1692	5.7	10.0	1.010
1693	5.3	10.0	0.935
1694	4.8	10.0	0.821
1695	4.3	10.0	0.749
1696	4.1	10.0	0.699
1697	4.2	10.0	0.726
1698	4.8	10.0	0.901
1699	5.2	10.0	1.005
1700	5.2	10.0	1.243
1701	5.3	10.0	1.277
1702	5.6	10.0	1.191
1703	5.7	10.0	0.717
1704	5.9	10.0	0.449
1705	4.1	10.0	0.311
1706	4.2	10.0	0.168
1707	3.9	10.0	0.066
1708	3.8	10.0	0.048
1709	3.5	10.0	0.143
1710	3.7	10.0	0.358
1711	3.6	10.0	0.969
1712	5.3	10.0	1.037
1713	4.9	10.0	1.041
1714	4.6	10.0	1.091
1715	4.2	9.9	1.041
1716	3.9	9.9	1.010
1717	3.4	9.9	0.935
1718	3.3	9.9	0.821
1719	2.9	9.9	0.749
1720	2.5	9.9	0.699
1721	3.1	9.9	0.726
1722	3.5	9.9	0.901
1723	4.0	9.9	1.005
1724	4.4	9.9	1.243
1725	4.7	9.9	1.277
1726	4.8	9.9	1.191
1727	4.7	9.9	0.717
1728	4.8	9.9	0.449
1729	2.8	9.9	0.311
1730	2.8	9.9	0.168
1731	2.9	9.9	0.066
1732	2.9	9.9	0.048
1733	3.1	9.9	0.143
1734	3.4	9.9	0.358
1735	3.5	9.9	0.969
1736	5.4	9.9	1.037
1737	4.8	9.9	1.041
1738	4.5	9.9	1.091
1739	4.0	9.9	1.041
1740	4.0	9.9	1.010
1741	3.6	9.9	0.935
1742	3.1	9.9	0.821
1743	3.1	9.9	0.749
1744	3.3	9.9	0.699
1745	3.4	9.9	0.726
1746	3.7	9.9	0.901
1747	4.0	9.9	1.005
1748	4.5	9.9	1.243
1749	4.8	9.9	1.277
1750	5.3	9.9	1.191
1751	5.3	9.9	0.717
1752	5.6	9.9	0.449
1753	3.9	9.9	0.311
1754	4.1	9.9	0.168
1755	4.3	9.9	0.066
1756	4.2	9.9	0.048
1757	4.6	9.9	0.143
1758	4.4	9.9	0.358
1759	4.5	9.9	0.969
1760	6.6	9.9	1.037
1761	6.6	9.9	1.041
1762	6.1	9.9	1.091
1763	5.4	9.9	1.041
1764	5.0	9.8	1.010
1765	4.5	9.8	0.935
1766	4.3	9.8	0.821
1767	3.8	9.8	0.749
1768	3.8	9.8	0.699
1769	4.3	9.8	0.726
1770	4.8	9.8	0.901
1771	5.5	9.8	1.005
1772	6.2	9.8	1.243
1773	6.5	9.8	1.277
1774	7.3	9.8	1.191
1775	7.7	9.8	0.717
1776	8.2	9.8	0.449
1777	6.7	9.8	0.311
1778	6.6	9.8	0.168
1779	6.5	9.8	0.066
1780	6.5	9.8	0.048
1781	6.6	9.8	0.143
1782	6.5	9.8	0.358
1783	6.5	9.8	0.969
1784	8.3	9.8	1.037
1785	8.2	9.8	1.041
1786	8.0	9.8	1.091
1787	7.3	9.8	1.041
1788	7.1	9.7	1.010
1789	6.8	9.7	0.935
1790	6.6	9.7	0.821
1791	6.4	9.7	0.749
1792	6.5	9.7	0.699
1793	6.7	9.7	0.726
1794	6.7	9.7	0.901
1795	7.1	9.7	1.005
1796	7.1	9.7	1.243
1797	7.4	9.7	1.277
1798	7.7	9.7	1.191
1799	7.9	9.7	0.717
1800	8.1	9.7	0.449
1801	6.5	9.7	0.311
1802	6.4	9.7	0.168
1803	6.2	9.7	0.066
1804	5.9	9.7	0.048
1805	6.2	9.7	0.143
1806	5.7	9.7	0.358
1807	5.4	9.7	0.969
1808	6.7	9.7	1.037
1809	6.3	9.7	1.041
1810	6.0	9.7	1.091
1811	5.8	9.7	1.041
1812	5.1	9.7	1.010
1813	4.7	9.6	0.935
1814	4.1	9.6	0.821
1815	4.0	9.6	0.749
1816	4.3	9.6	0.699
1817	4.1	9.6	0.726
1818	4.7	9.6	0.901
1819	4.8	9.6	1.005
1820	5.0	9.6	1.243
1821	4.9	9.6	1.277
1822	4.8	9.6	1.191
1823	4.8	9.6	0.717
1824	4.9	9.6	0.449
1825	3.0	9.6	0.311
1826	2.8	9.6	0.168
1827	3.1	9.6	0.066
1828	3.0	9.6	0.048
1829	2.9	9.6	0.143
1830	3.1	9.6	0.358
1831	2.9	9.6	0.969
1832	4.5	9.6	1.037
1833	4.3	9.6	1.041
1834	4.3	9.6	1.091
1835	3.7	9.6	1.041
1836	3.2	9.6	1.010
1837	2.9	9.6	0.935
1838	2.4	9.6	0.821
1839	2.0	9.6	0.749
1840	2.0	9.5	0.699
1841	2.2	9.5	0.726
1842	2.7	9.5	0.901
1843	3.1	9.5	1.005
1844	3.5	9.5	1.243
1845	3.7	9.5	1.277
1846	3.8	9.5	1.191
1847	3.9	9.5	0.717
1848	4.5	9.5	0.449
1849	2.7	9.5	0.311
1850	2.8	9.5	0.168
1851	3.1	9.5	0.066
1852	3.3	9.5	0.048
1853	3.2	9.5	0.143
1854	3.4	9.5	0.358
1855	3.6	9.5	0.969
1856	5.5	9.5	1.037
1857	5.0	9.5	1.041
1858	4.4	9.5	1.091
1859	3.9	9.5	1.041
1860	3.7	9.5	1.010
1861	3.5	9.5	0.935
1862	3.2	9.5	0.821
1863	3.3	9.5	0.749
1864	3.6	9.5	0.699
1865	3.9	9.5	0.726
1866	4.3	9.5	0.901
1867	5.1	9.5	1.005
1868	5.7	9.5	1.243
1869	5.9	9.4	1.277
1870	6.5	9.4	1.191
1871	7.0	9.4	0.717
1872	7.4	9.4	0.449
1873	5.7	9.4	0.311
1874	5.9	9.4	0.168
1875	6.0	9.4	0.066
1876	6.0	9.4	0.048
1877	5.8	9.4	0.143
1878	5.8	9.4	0.358
1879	5.8	9.4	0.969
1880	7.4	9.4	1.037
1881	7.2	9.4	1.041
1882	6.6	9.4	1.091
1883	6.0	9.4	1.041
1884	5.6	9.4	1.010
1885	5.3	9.4	0.935
1886	4.8	9.4	0.821
1887	4.9	9.4	0.749
1888	4.7	9.4	0.699
1889	5.0	9.4	0.726
1890	5.2	9.4	0.901
1891	5.7	9.4	1.005
1892	6.0	9.4	1.243
1893	5.9	9.4	1.277
1894	6.0	9.4	1.191
1895	6.4	9.4	0.717
1896	6.6	9.4	0.449
1897	4.7	9.4	0.311
1898	4.8	9.4	0.168
1899	5.2	9.4	0.066
1900	5.3	9.3	0.048
1901	5.3	9.3	0.143
1902	5.1	9.3	0.358
1903	5.0	9.3	0.969
1904	7.2	9.3	1.037
1905	6.6	9.3	1.041
1906	5.9	9.3	1.091
1907	5.2	9.3	1.041
1908	4.6	9.3	1.010
1909	4.1	9.3	0.935
1910	3.7	9.3	0.821
1911	3.8	9.3	0.749
1912	4.0	9.3	0.699
1913	4.1	9.3	0.726
1914	4.5	9.3	0.901
1915	4.9	9.3	1.005
1916	5.1	9.3	1.243
1917	5.4	9.3	1.277
1918	5.4	9.3	1.191
1919	5.6	9.3	0.717
1920	6.1	9.3	0.449
1921	4.4	9.3	0.311
1922	4.8	9.3	0.168
1923	5.5	9.3	0.066
1924	5.8	9.3	0.048
1925	6.0	9.3	0.143
1926	6.2	9.3	0.358
1927	6.2	9.3	0.969
1928	7.9	9.3	1.037
1929	7.9	9.3	1.041
1930	7.7	9.3	1.091
1931	7.2	9.3	1.041
1932	6.8	9.3	1.010
1933	6.6	9.2	0.935
1934	6.7	9.2	0.821
1935	6.7	9.2	0.749
1936	6.7	9.2	0.699
1937	7.0	9.2	0.726
1938	7.7	9.2	0.901
1939	8.2	9.2	1.005
1940	8.5	9.2	1.243
1941	9.0	9.2	1.277
1942	9.1	9.2	1.191
1943	9.5	9.2	0.717
1944	10.0	9.2	0.449
1945	8.3	9.2	0.311
1946	8.4	9.2	0.168
1947	8.5	9.2	0.066
1948	8.5	9.2	0.048
1949	8.4	9.2	0.143
1950	8.3	9.2	0.358
1951	8.4	9.2	0.969
1952	10.0	9.2	1.037
1953	9.2	9.2	1.041
1954	8.4	9.2	1.091
1955	7.5	9.2	1.041
1956	6.7	9.2	1.010
1957	5.9	9.2	0.935
1958	5.8	9.2	0.821
1959	5.7	9.2	0.749
1960	5.8	9.2	0.699
1961	6.1	9.2	0.726
1962	6.9	9.2	0.901
1963	7.6	9.2	1.005
1964	8.2	9.2	1.243
1965	8.2	9.2	1.277
1966	8.2	9.2	1.191
1967	8.5	9.2	0.717
1968	8.6	9.2	0.449
1969	6.8	9.1	0.311
1970	7.2	9.1	0.168
1971	7.7	9.1	0.066
1972	7.7	9.1	0.048
1973	7.8	9.1	0.143
1974	7.8	9.1	0.358
1975	7.9	9.1	0.969
1976	9.7	9.1	1.037
1977	9.3	9.1	1.041
1978	8.8	9.1	1.091
1979	8.1	9.1	1.041
1980	7.6	9.1	1.010
1981	7.2	9.1	0.935
1982	7.0	9.1	0.821
1983	6.8	9.1	0.749
1984	7.0	9.1	0.699
1985	7.4	9.1	0.726
1986	8.2	9.1	0.901
1987	8.8	9.1	1.005
1988	9.1	9.1	1.243
1989	9.4	9.1	1.277
1990	9.8	9.1	1.191
1991	10.5	9.1	0.717
1992	10.6	9.1	0.449
1993	8.9	9.1	0.311
1994	8.8	9.1	0.168
1995	8.7	9.1	0.066
1996	8.9	9.1	0.048
1997	8.8	9.1	0.143
1998	8.8	9.1	0.358
1999	8.8	9.1	0.969
2000	10.3	9.1	1.037
2001	10.0	9.1	1.041
2002	9.3	9.1	1.091
2003	8.4	9.1	1.041
2004	7.7	9.1	1.010
2005	7.1	9.1	0.935
2006	6.4	9.0	0.821
2007	6.2	9.0	0.749
2008	5.9	9.0	0.699
2009	5.7	9.0	0.726
2010	6.3	9.0	0.901
2011	6.6	9.0	1.005
2012	6.4	9.0	1.243
2013	6.6	9.0	1.277
2014	6.6	9.0	1.191
2015	6.8	9.0	0.717
2016	7.1	9.0	0.449
2017	5.5	9.0	0.311
2018	5.5	9.0	0.168
2019	5.3	9.0	0.066
2020	5.3	9.0	0.048
2021	5.5	9.0	0.143
2022	5.6	9.0	0.358
2023	5.2	9.0	0.969
2024	6.8	9.0	1.037
2025	6.3	9.0	1.041
2026	6.0	9.0	1.091
2027	5.8	9.0	1.041
2028	5.4	9.0	1.010
2029	5.3	9.0	0.935
2030	5.2	9.0	0.821
2031	5.2	9.0	0.749
2032	4.9	9.0	0.699
2033	5.0	9.0	0.726
2034	5.0	9.0	0.901
2035	5.3	9.0	1.005
2036	5.1	9.0	1.243
2037	5.4	9.0	1.277
2038	5.7	9.0	1.191
2039	5.7	9.0	0.717
2040	6.1	8.9	0.449
2041	4.2	8.9	0.311
2042	4.4	8.9	0.168
2043	4.3	8.9	0.066
2044	4.5	8.9	0.048
2045	4.6	8.9	0.143
2046	4.9	8.9	0.358
2047	5.0	8.9	0.969
2048	6.7	8.9	1.037
2049	6.2	8.9	1.041
2050	5.8	8.9	1.091
2051	5.5	8.9	1.041
2052	5.1	8.9	1.010
2053	4.5	8.9	0.935
2054	4.3	8.9	0.821
2055	4.1	8.9	0.749
2056	3.7	8.9	0.699
2057	3.9	8.9	0.726
2058	4.1	8.9	0.901
2059	4.5	8.9	1.005
2060	4.9	8.9	1.243
2061	5.0	8.9	1.277
2062	5.5	8.9	1.191
2063	5.6	8.9	0.717
2064	5.9	8.9	0.449
2065	4.2	8.9	0.311
2066	4.2	8.9	0.168
2067	3.9	8.9	0.066
2068	3.9	8.9	0.048
2069	3.8	8.9	0.143
2070	3.8	8.9	0.358
2071	3.7	8.9	0.969
2072	5.8	8.9	1.037
2073	5.1	8.9	1.041
2074	4.6	8.8	1.091
2075	3.9	8.8	1.041
2076	3.4	8.8	1.010
2077	3.2	8.8	0.935
2078	3.0	8.8	0.821
2079	2.9	8.8	0.749
2080	3.3	8.8	0.699
2081	3.8	8.8	0.726
2082	4.4	8.8	0.901
2083	5.0	8.8	1.005
2084	5.4	8.8	1.243
2085	5.9	8.8	1.277
2086	6.4	8.8	1.191
2087	6.8	8.8	0.717
2088	6.9	8.8	0.449
2089	5.3	8.8	0.311
2090	5.2	8.8	0.168
2091	5.3	8.8	0.066
2092	5.4	8.8	0.048
2093	5.3	8.8	0.143
2094	5.4	8.8	0.358
2095	5.5	8.8	0.969
2096	6.9	8.8	1.037
2097	6.2	8.8	1.041
2098	5.6	8.8	1.091
2099	4.7	8.8	1.041
2100	4.0	8.8	1.010
2101	3.2	8.8	0.935
2102	2.8	8.8	0.821
2103	2.6	8.8	0.749
2104	2.6	8.8	0.699
2105	3.1	8.8	0.726
2106	3.7	8.8	0.901
2107	4.2	8.8	1.005
2108	4.5	8.8	1.243
2109	4.7	8.8	1.277
2110	5.0	8.8	1.191
2111	5.3	8.8	0.717
2112	5.5	8.8	0.449
2113	4.2	8.8	0.311
2114	4.6	8.8	0.168
2115	4.5	8.8	0.066
2116	4.6	8.7	0.048
2117	4.6	8.7	0.143
2118	4.3	8.7	0.358
2119	4.1	8.7	0.969
2120	5.8	8.7	1.037
2121	5.5	8.7	1.041
2122	5.6	8.7	1.091
2123	5.2	8.7	1.041
2124	4.2	8.7	1.010
2125	3.6	8.7	0.935
2126	3.3	8.7	0.821
2127	2.8	8.7	0.749
2128	2.7	8.7	0.699
2129	2.9	8.7	0.726
2130	3.3	8.7	0.901
2131	4.0	8.7	1.005
2132	4.3	8.7	1.243
2133	4.4	8.7	1.277
2134	4.4	8.7	1.191
2135	4.9	8.7	0.717
2136	5.2	8.7	0.449
2137	3.6	8.7	0.311
2138	3.5	8.7	0.168
2139	3.7	8.7	0.066
2140	3.9	8.7	0.048
2141	3.9	8.7	0.143
2142	4.2	8.7	0.358
2143	3.9	8.7	0.969
2144	5.6	8.7	1.037
2145	5.4	8.7	1.041
2146	4.8	8.7	1.091
2147	3.9	8.7	1.041
2148	3.3	8.7	1.010
2149	2.4	8.6	0.935
2150	2.1	8.6	0.821
2151	1.6	8.6	0.749
2152	1.8	8.6	0.699
2153	2.1	8.6	0.726
2154	2.5	8.6	0.901
2155	3.1	8.6	1.005
2156	3.5	8.6	1.243
2157	3.7	8.6	1.277
2158	4.2	8.6	1.191
2159	4.4	8.6	0.717
2160	4.5	8.6	0.449
2161	1.7	8.6	0.311
2162	1.6	8.6	0.168
2163	1.8	8.6	0.066
2164	1.8	8.6	0.048
2165	1.8	8.6	0.143
2166	1.7	8.6	0.358
2167	1.8	8.6	0.969
2168	2.7	8.6	1.037
2169	2.6	8.6	1.041
2170	2.4	8.6	1.091
2171	2.1	8.6	1.041
2172	2.0	8.6	1.010
2173	2.1	8.6	0.935
2174	2.1	8.6	0.821
2175	2.3	8.6	0.749
2176	2.4	8.6	0.699
2177	2.4	8.6	0.726
2178	2.6	8.6	0.901
2179	2.7	8.6	1.005
2180	2.8	8.6	1.243
2181	2.9	8.5	1.277
2182	3.1	8.5	1.191
2183	3.1	8.5	0.717
2184	3.2	8.5	0.449
2185	2.2	8.5	0.311
2186	2.3	8.5	0.168
2187	2.3	8.5	0.066
2188	2.3	8.5	0.048
2189	2.4	8.5	0.143
2190	2.3	8.5	0.358
2191	2.3	8.5	0.969
2192	3.1	8.5	1.037
2193	2.9	8.5	1.041
2194	2.6	8.5	1.091
2195	2.4	8.5	1.041
2196	2.2	8.5	1.010
2197	2.1	8.5	0.935
2198	2.1	8.5	0.821
2199	2.0	8.5	0.749
2200	1.9	8.5	0.699
2201	1.9	8.5	0.726
2202	2.0	8.5	0.901
2203	2.2	8.5	1.005
2204	2.4	8.5	1.243
2205	2.6	8.5	1.277
2206	2.5	8.5	1.191
2207	2.5	8.5	0.717
2208	2.6	8.5	0.449
2209	1.6	8.5	0.311
2210	1.7	8.5	0.168
2211	1.6	8.5	0.066
2212	1.6	8.5	0.048
2213	1.4	8.5	0.143
2214	1.3	8.5	0.358
2215	1.3	8.5	0.969
2216	2.0	8.5	1.037
2217	1.7	8.5	1.041
2218	1.5	8.4	1.091
2219	1.2	8.4	1.041
2220	1.0	8.4	1.010
2221	0.8	8.4	0.935
2222	0.6	8.4	0.821
2223	0.4	8.4	0.749
2224	0.3	8.4	0.699
2225	0.2	8.4	0.726
2226	0.4	8.4	0.901
2227	0.5	8.4	1.005
2228	0.7	8.4	1.243
2229	0.9	8.4	1.277
2230	0.9	8.4	1.191
2231	1.0	8.4	0.717
2232	1.1	8.4	0.449
2233	0.0	8.4	0.311
2234	0.0	8.4	0.168
2235	0.0	8.4	0.066
2236	0.0	8.4	0.048
2237	0.0	8.4	0.143
2238	0.0	8.4	0.358
2239	0.0	8.4	0.969
2240	0.0	8.4	1.037
2241	0.0	8.4	1.041
2242	0.0	8.4	1.091
2243	0.0	8.4	1.041
2244	0.0	8.4	1.010
2245	0.0	8.4	0.935
2246	0.0	8.4	0.821
2247	0.0	8.4	0.749
2248	0.0	8.4	0.699
2249	0.0	8.4	0.726
2250	0.0	8.4	0.901
2251	0.0	8.4	1.005
2252	0.0	8.4	1.243
2253	0.0	8.4	1.277
2254	0.0	8.4	1.191
2255	0.0	8.4	0.717
2256	0.0	8.4	0.449
2257	0.6	8.4	0.311
2258	0.7	8.4	0.168
2259	0.8	8.4	0.066
2260	0.9	8.4	0.048
2261	0.9	8.4	0.143
2262	0.8	8.4	0.358
2263	0.7	8.3	0.969
2264	1.6	8.3	1.037
2265	1.4	8.3	1.041
2266	1.2	8.3	1.091
2267	0.9	8.3	1.041
2268	0.6	8.3	1.010
2269	0.3	8.3	0.935
2270	0.2	8.3	0.821
2271	0.1	8.3	0.749
2272	0.1	8.3	0.699
2273	0.1	8.3	0.726
2274	0.2	8.3	0.901
2275	0.4	8.3	1.005
2276	0.7	8.3	1.243
2277	0.9	8.3	1.277
2278	1.0	8.3	1.191
2279	1.3	8.3	0.717
2280	1.5	8.3	0.449
2281	0.6	8.3	0.311
2282	0.7	8.3	0.168
2283	0.7	8.3	0.066
2284	0.8	8.3	0.048
2285	1.0	8.3	0.143
2286	1.1	8.3	0.358
2287	1.1	8.3	0.969
2288	1.8	8.3	1.037
2289	1.6	8.3	1.041
2290	1.2	8.3	1.091
2291	0.8	8.2	1.041
2292	0.4	8.2	1.010
2293	0.1	8.2	0.935
2294	0.0	8.2	0.821
2295	0.0	8.2	0.749
2296	0.0	8.2	0.699
2297	0.1	8.2	0.726
2298	0.3	8.2	0.901
2299	0.6	8.2	1.005
2300	0.9	8.2	1.243
2301	1.0	8.2	1.277
2302	1.4	8.2	1.191
2303	1.6	8.2	0.717
2304	1.8	8.2	0.449
2305	1.0	8.2	0.311
2306	1.3	8.2	0.168
2307	1.3	8.2	0.066
2308	1.5	8.2	0.048
2309	1.6	8.2	0.143
2310	1.7	8.2	0.358
2311	1.8	8.2	0.969
2312	2.6	8.2	1.037
2313	2.5	8.2	1.041
2314	2.3	8.2	1.091
2315	2.1	8.2	1.041
2316	1.9	8.2	1.010
2317	1.8	8.2	0.935
2318	1.6	8.2	0.821
2319	1.5	8.2	0.749
2320	1.5	8.2	0.699
2321	1.7	8.2	0.726
2322	1.8	8.2	0.901
2323	2.2	8.2	1.005
2324	2.4	8.2	1.243
2325	2.7	8.2	1.277
2326	2.8	8.2	1.191
2327	2.9	8.1	0.717
2328	3.0	8.1	0.449
2329	2.2	8.1	0.311
2330	2.2	8.1	0.168
2331	2.4	8.1	0.066
2332	2.6	8.1	0.048
2333	2.5	8.1	0.143
2334	2.4	8.1	0.358
2335	2.2	8.1	0.969
2336	3.0	8.1	1.037
2337	2.8	8.1	1.041
2338	2.3	8.1	1.091
2339	2.0	8.1	1.041
2340	1.8	8.1	1.010
2341	1.5	8.1	0.935
2342	1.4	8.1	0.821
2343	1.3	8.1	0.749
2344	1.2	8.1	0.699
2345	1.2	8.1	0.726
2346	1.4	8.1	0.901
2347	1.6	8.1	1.005
2348	1.8	8.1	1.243
2349	1.8	8.1	1.277
2350	1.7	8.1	1.191
2351	1.7	8.1	0.717
2352	1.8	8.1	0.449
2353	0.7	8.1	0.311
2354	0.8	8.1	0.168
2355	1.0	8.1	0.066
2356	1.1	8.1	0.048
2357	1.1	8.0	0.143
2358	1.1	8.0	0.358
2359	1.1	8.0	0.969
2360	2.0	8.0	1.037
2361	1.7	8.0	1.041
2362	1.3	8.0	1.091
2363	0.9	8.0	1.041
2364	0.6	8.0	1.010
2365	0.5	8.0	0.935
2366	0.3	8.0	0.821
2367	0.2	8.0	0.749
2368	0.1	8.0	0.699
2369	0.2	8.0	0.726
2370	0.4	8.0	0.901
2371	0.7	8.0	1.005
2372	1.1	8.0	1.243
2373	1.6	8.0	1.277
2374	1.8	8.0	1.191
2375	2.0	8.0	0.717
2376	2.2	8.0	0.449
2377	1.3	8.0	0.311
2378	1.6	8.0	0.168
2379	1.5	8.0	0.066
2380	1.6	8.0	0.048
2381	1.4	8.0	0.143
2382	1.4	8.0	0.358
2383	1.3	8.0	0.969
2384	2.1	8.0	1.037
2385	1.6	7.9	1.041
2386	1.3	7.9	1.091
2387	0.9	7.9	1.041
2388	0.7	7.9	1.010
2389	0.6	7.9	0.935
2390	0.5	7.9	0.821
2391	0.2	7.9	0.749
2392	0.1	7.9	0.699
2393	0.1	7.9	0.726
2394	0.2	7.9	0.901
2395	0.6	7.9	1.005
2396	0.9	7.9	1.243
2397	1.1	7.9	1.277
2398	1.4	7.9	1.191
2399	1.6	7.9	0.717
2400	1.7	7.9	0.449
2401	0.9	7.9	0.311
2402	0.9	7.9	0.168
2403	0.9	7.9	0.066
2404	0.9	7.9	0.048
2405	1.2	7.9	0.143
2406	1.2	7.9	0.358
2407	1.2	7.9	0.969
2408	2.1	7.9	1.037
2409	1.9	7.9	1.041
2410	1.7	7.9	1.091
2411	1.4	7.9	1.041
2412	1.2	7.9	1.010
2413	1.0	7.9	0.935
2414	0.8	7.9	0.821
2415	0.7	7.9	0.749
2416	0.7	7.9	0.699
2417	0.8	7.9	0.726
2418	1.1	7.9	0.901
2419	1.2	7.9	1.005
2420	1.5	7.9	1.243
2421	1.7	7.9	1.277
2422	2.0	7.9	1.191
2423	2.2	7.9	0.717
2424	2.4	7.9	0.449
2425	1.6	7.9	0.311
2426	1.7	7.9	0.168
2427	1.7	7.8	0.066
2428	1.6	7.8	0.048
2429	1.7	7.8	0.143
2430	1.7	7.8	0.358
2431	1.5	7.8	0.969
2432	2.2	7.8	1.037
2433	1.8	7.8	1.041
2434	1.3	7.8	1.091
2435	1.0	7.8	1.041
2436	0.7	7.8	1.010
2437	0.4	7.8	0.935
2438	0.1	7.8	0.821
2439	0.1	7.8	0.749
2440	0.1	7.8	0.699
2441	0.1	7.8	0.726
2442	0.2	7.8	0.901
2443	0.2	7.8	1.005
2444	0.5	7.8	1.243
2445	0.7	7.8	1.277
2446	0.8	7.8	1.191
2447	1.1	7.8	0.717
2448	1.3	7.8	0.449
2449	0.4	7.8	0.311
2450	0.4	7.8	0.168
2451	0.3	7.8	0.066
2452	0.4	7.8	0.048
2453	0.4	7.8	0.143
2454	0.5	7.8	0.358
2455	0.7	7.8	0.969
2456	1.5	7.8	1.037
2457	1.3	7.8	1.041
2458	1.0	7.8	1.091
2459	0.6	7.8	1.041
2460	0.3	7.8	1.010
2461	0.3	7.8	0.935
2462	0.2	7.8	0.821
2463	0.2	7.8	0.749
2464	0.2	7.8	0.699
2465	0.4	7.8	0.726
2466	0.4	7.8	0.901
2467	0.9	7.8	1.005
2468	1.1	7.8	1.243
2469	1.4	7.8	1.277
2470	1.5	7.8	1.191
2471	1.7	7.7	0.717
2472	1.9	7.7	0.449
2473	1.1	7.7	0.311
2474	1.4	7.7	0.168
2475	1.4	7.7	0.066
2476	1.4	7.7	0.048
2477	1.5	7.7	0.143
2478	1.6	7.7	0.358
2479	1.7	7.7	0.969
2480	2.5	7.7	1.037
2481	2.3	7.7	1.041
2482	2.0	7.7	1.091
2483	1.5	7.7	1.041
2484	1.2	7.7	1.010
2485	0.9	7.7	0.935
2486	0.8	7.7	0.821
2487	0.7	7.7	0.749
2488	0.7	7.7	0.699
2489	0.8	7.7	0.726
2490	1.3	7.7	0.901
2491	1.6	7.7	1.005
2492	1.8	7.7	1.243
2493	2.3	7.7	1.277
2494	2.5	7.7	1.191
2495	2.8	7.7	0.717
2496	3.0	7.7	0.449
2497	2.2	7.7	0.311
2498	2.4	7.7	0.168
2499	2.7	7.7	0.066
2500	2.9	7.7	0.048
2501	3.1	7.7	0.143
2502	3.1	7.7	0.358
2503	3.1	7.7	0.969
2504	3.9	7.7	1.037
2505	3.6	7.7	1.041
2506	3.3	7.7	1.091
2507	2.8	7.7	1.041
2508	2.6	7.7	1.010
2509	2.4	7.7	0.935
2510	2.2	7.7	0.821
2511	2.1	7.7	0.749
2512	2.1	7.7	0.699
2513	2.1	7.7	0.726
2514	2.4	7.7	0.901
2515	2.8	7.7	1.005
2516	3.1	7.7	1.243
2517	3.3	7.7	1.277
2518	3.6	7.7	1.191
2519	3.8	7.7	0.717
2520	4.0	7.7	0.449
2521	3.2	7.7	0.311
2522	3.3	7.7	0.168
2523	3.4	7.7	0.066
2524	3.6	7.7	0.048
2525	3.8	7.7	0.143
2526	3.9	7.6	0.358
2527	3.8	7.6	0.969
2528	4.6	7.6	1.037
2529	4.3	7.6	1.041
2530	3.9	7.6	1.091
2531	3.5	7.6	1.041
2532	3.2	7.6	1.010
2533	2.9	7.6	0.935
2534	2.9	7.6	0.821
2535	2.9	7.6	0.749
2536	2.8	7.6	0.699
2537	2.9	7.6	0.726
2538	3.1	7.6	0.901
2539	3.4	7.6	1.005
2540	3.9	7.6	1.243
2541	4.1	7.6	1.277
2542	4.3	7.6	1.191
2543	4.6	7.6	0.717
2544	4.6	7.6	0.449
2545	3.8	7.6	0.311
2546	3.9	7.6	0.168
2547	4.0	7.6	0.066
2548	4.1	7.6	0.048
2549	4.1	7.6	0.143
2550	4.2	7.6	0.358
2551	4.0	7.6	0.969
2552	4.8	7.6	1.037
2553	4.6	7.6	1.041
2554	4.1	7.6	1.091
2555	3.7	7.6	1.041
2556	3.3	7.6	1.010
2557	2.9	7.5	0.935
2558	2.7	7.5	0.821
2559	2.5	7.5	0.749
2560	2.5	7.5	0.699
2561	2.7	7.5	0.726
2562	3.0	7.5	0.901
2563	3.3	7.5	1.005
2564	3.6	7.5	1.243
2565	3.9	7.5	1.277
2566	4.1	7.5	1.191
2567	4.5	7.5	0.717
2568	4.7	7.5	0.449
2569	3.9	7.5	0.311
2570	4.0	7.5	0.168
2571	4.0	7.5	0.066
2572	3.9	7.5	0.048
2573	3.7	7.5	0.143
2574	3.7	7.5	0.358
2575	3.6	7.5	0.969
2576	4.4	7.5	1.037
2577	4.2	7.5	1.041
2578	3.8	7.5	1.091
2579	3.2	7.5	1.041
2580	2.7	7.5	1.010
2581	2.3	7.5	0.935
2582	2.1	7.5	0.821
2583	2.0	7.5	0.749
2584	1.8	7.5	0.699
2585	1.8	7.5	0.726
2586	2.0	7.5	0.901
2587	2.3	7.5	1.005
2588	2.4	7.5	1.243
2589	2.6	7.5	1.277
2590	2.6	7.4	1.191
2591	2.6	7.4	0.717
2592	2.7	7.4	0.449
2593	1.9	7.4	0.311
2594	1.8	7.4	0.168
2595	1.9	7.4	0.066
2596	1.8	7.4	0.048
2597	1.9	7.4	0.143
2598	2.1	7.4	0.358
2599	2.0	7.4	0.969
2600	3.0	7.4	1.037
2601	2.7	7.4	1.041
2602	2.3	7.4	1.091
2603	1.9	7.4	1.041
2604	1.6	7.4	1.010
2605	1.3	7.4	0.935
2606	1.2	7.4	0.821
2607	1.2	7.4	0.749
2608	1.2	7.4	0.699
2609	1.2	7.4	0.726
2610	1.5	7.4	0.901
2611	1.8	7.4	1.005
2612	2.1	7.4	1.243
2613	2.3	7.4	1.277
2614	2.6	7.4	1.191
2615	2.7	7.3	0.717
2616	3.0	7.3	0.449
2617	2.2	7.3	0.311
2618	2.2	7.3	0.168
2619	2.1	7.3	0.066
2620	2.1	7.3	0.048
2621	2.2	7.3	0.143
2622	2.3	7.3	0.358
2623	2.3	7.3	0.969
2624	3.0	7.3	1.037
2625	2.9	7.3	1.041
2626	2.8	7.3	1.091
2627	2.5	7.3	1.041
2628	2.3	7.3	1.010
2629	2.5	7.3	0.935
2630	2.5	7.3	0.821
2631	2.4	7.3	0.749
2632	2.4	7.3	0.699
2633	2.4	7.3	0.726
2634	2.7	7.3	0.901
2635	2.9	7.3	1.005
2636	3.0	7.3	1.243
2637	3.2	7.3	1.277
2638	3.3	7.3	1.191
2639	3.5	7.3	0.717
2640	3.7	7.3	0.449
2641	2.8	7.3	0.311
2642	2.9	7.2	0.168
2643	3.1	7.2	0.066
2644	3.0	7.2	0.048
2645	2.9	7.2	0.143
2646	3.1	7.2	0.358
2647	3.0	7.2	0.969
2648	4.0	7.2	1.037
2649	3.6	7.2	1.041
2650	3.3	7.2	1.091
2651	3.0	7.2	1.041
2652	2.9	7.2	1.010
2653	2.8	7.2	0.935
2654	2.7	7.2	0.821
2655	2.8	7.2	0.749
2656	2.8	7.2	0.699
2657	2.8	7.2	0.726
2658	2.9	7.2	0.901
2659	3.1	7.2	1.005
2660	3.2	7.2	1.243
2661	3.2	7.2	1.277
2662	3.5	7.2	1.191
2663	3.8	7.2	0.717
2664	3.9	7.2	0.449
2665	3.1	7.2	0.311
2666	3.1	7.2	0.168
2667	3.2	7.2	0.066
2668	3.2	7.2	0.048
2669	3.1	7.1	0.143
2670	3.2	7.1	0.358
2671	3.3	7.1	0.969
2672	4.2	7.1	1.037
2673	4.1	7.1	1.041
2674	3.9	7.1	1.091
2675	3.7	7.1	1.041
2676	3.6	7.1	1.010
2677	3.6	7.1	0.935
2678	3.7	7.1	0.821
2679	3.7	7.1	0.749
2680	3.6	7.1	0.699
2681	3.5	7.1	0.726
2682	3.7	7.1	0.901
2683	3.9	7.1	1.005
2684	4.2	7.1	1.243
2685	4.3	7.1	1.277
2686	4.3	7.1	1.191
2687	4.5	7.1	0.717
2688	4.7	7.1	0.449
2689	3.8	7.1	0.311
2690	4.1	7.0	0.168
2691	4.2	7.0	0.066
2692	4.2	7.0	0.048
2693	4.1	7.0	0.143
2694	4.1	7.0	0.358
2695	3.9	7.0	0.969
2696	4.8	7.0	1.037
2697	4.5	7.0	1.041
2698	4.0	7.0	1.091
2699	3.6	7.0	1.041
2700	3.4	7.0	1.010
2701	3.2	7.0	0.935
2702	3.0	7.0	0.821
2703	2.9	7.0	0.749
2704	2.9	7.0	0.699
2705	2.9	7.0	0.726
2706	3.0	7.0	0.901
2707	3.2	7.0	1.005
2708	3.3	7.0	1.243
2709	3.7	7.0	1.277
2710	3.9	7.0	1.191
2711	3.8	7.0	0.717
2712	4.0	7.0	0.449
2713	3.2	7.0	0.311
2714	3.2	7.0	0.168
2715	3.2	7.0	0.066
2716	3.2	7.0	0.048
2717	3.2	7.0	0.143
2718	3.2	7.0	0.358
2719	3.0	7.0	0.969
2720	4.0	6.9	1.037
2721	3.9	6.9	1.041
2722	3.7	6.9	1.091
2723	3.5	6.9	1.041
2724	3.2	6.9	1.010
2725	3.0	6.9	0.935
2726	2.9	6.9	0.821
2727	2.9	6.9	0.749
2728	2.9	6.9	0.699
2729	3.2	6.9	0.726
2730	3.4	6.9	0.901
2731	3.6	6.9	1.005
2732	3.8	6.9	1.243
2733	4.0	6.9	1.277
2734	4.2	6.9	1.191
2735	4.5	6.9	0.717
2736	4.6	6.9	0.449
2737	3.7	6.9	0.311
2738	3.7	6.9	0.168
2739	3.6	6.9	0.066
2740	3.7	6.9	0.048
2741	3.5	6.9	0.143
2742	3.5	6.9	0.358
2743	3.5	6.9	0.969
2744	4.3	6.9	1.037
2745	4.1	6.9	1.041
2746	3.9	6.9	1.091
2747	3.5	6.9	1.041
2748	3.2	6.9	1.010
2749	3.0	6.9	0.935
2750	2.8	6.9	0.821
2751	2.6	6.9	0.749
2752	2.6	6.9	0.699
2753	2.5	6.9	0.726
2754	2.7	6.8	0.901
2755	3.0	6.8	1.005
2756	3.1	6.8	1.243
2757	3.3	6.8	1.277
2758	3.5	6.8	1.191
2759	3.5	6.8	0.717
2760	3.6	6.8	0.449
2761	2.7	6.8	0.311
2762	2.7	6.8	0.168
2763	2.7	6.8	0.066
2764	2.7	6.8	0.048
2765	2.8	6.8	0.143
2766	2.7	6.8	0.358
2767	2.5	6.8	0.969
2768	3.5	6.8	1.037
2769	3.4	6.8	1.041
2770	3.2	6.8	1.091
2771	3.1	6.8	1.041
2772	2.9	6.8	1.010
2773	2.9	6.8	0.935
2774	2.7	6.8	0.821
2775	2.7	6.8	0.749
2776	2.5	6.8	0.699
2777	2.4	6.8	0.726
2778	2.2	6.8	0.901
2779	2.3	6.8	1.005
2780	2.3	6.8	1.243
2781	2.2	6.8	1.277
2782	2.2	6.8	1.191
2783	2.2	6.8	0.717
2784	2.1	6.8	0.449
2785	1.2	6.8	0.311
2786	1.4	6.8	0.168
2787	1.4	6.8	0.066
2788	1.5	6.8	0.048
2789	1.8	6.8	0.143
2790	1.8	6.8	0.358
2791	1.8	6.8	0.969
2792	2.8	6.8	1.037
2793	2.8	6.8	1.041
2794	2.6	6.8	1.091
2795	2.6	6.8	1.041
2796	2.6	6.7	1.010
2797	2.7	6.7	0.935
2798	2.5	6.7	0.821
2799	2.5	6.7	0.749
2800	2.6	6.7	0.699
2801	2.6	6.7	0.726
2802	2.8	6.7	0.901
2803	2.9	6.7	1.005
2804	3.1	6.7	1.243
2805	3.3	6.7	1.277
2806	3.4	6.7	1.191
2807	3.5	6.7	0.717
2808	3.5	6.7	0.449
2809	2.7	6.7	0.311
2810	2.8	6.7	0.168
2811	2.7	6.7	0.066
2812	2.7	6.7	0.048
2813	2.7	6.7	0.143
2814	2.6	6.7	0.358
2815	2.7	6.7	0.969
2816	3.5	6.7	1.037
2817	3.2	6.7	1.041
2818	2.8	6.7	1.091
2819	2.4	6.7	1.041
2820	2.2	6.7	1.010
2821	2.0	6.7	0.935
2822	1.7	6.7	0.821
2823	1.4	6.7	0.749
2824	1.5	6.7	0.699
2825	1.6	6.7	0.726
2826	1.9	6.7	0.901
2827	2.3	6.7	1.005
2828	2.8	6.7	1.243
2829	3.0	6.7	1.277
2830	3.2	6.7	1.191
2831	3.3	6.7	0.717
2832	3.5	6.7	0.449
2833	2.7	6.7	0.311
2834	2.7	6.6	0.168
2835	2.8	6.6	0.066
2836	2.7	6.6	0.048
2837	2.7	6.6	0.143
2838	2.7	6.6	0.358
2839	2.7	6.6	0.969
2840	3.5	6.6	1.037
2841	3.3	6.6	1.041
2842	3.0	6.6	1.091
2843	2.4	6.6	1.041
2844	2.0	6.6	1.010
2845	2.0	6.6	0.935
2846	1.8	6.6	0.821
2847	1.8	6.6	0.749
2848	1.7	6.6	0.699
2849	1.7	6.6	0.726
2850	1.7	6.6	0.901
2851	1.8	6.6	1.005
2852	2.0	6.6	1.243
2853	2.2	6.6	1.277
2854	2.2	6.6	1.191
2855	2.2	6.6	0.717
2856	2.3	6.6	0.449
2857	1.4	6.6	0.311
2858	1.5	6.6	0.168
2859	1.5	6.6	0.066
2860	1.6	6.6	0.048
2861	1.7	6.6	0.143
2862	2.0	6.6	0.358
2863	1.9	6.6	0.969
2864	2.9	6.6	1.037
2865	2.8	6.6	1.041
2866	2.5	6.6	1.091
2867	2.3	6.6	1.041
2868	2.0	6.6	1.010
2869	1.9	6.6	0.935
2870	1.8	6.6	0.821
2871	1.7	6.6	0.749
2872	1.6	6.6	0.699
2873	1.5	6.6	0.726
2874	1.5	6.6	0.901
2875	1.7	6.6	1.005
2876	1.9	6.6	1.243
2877	1.9	6.6	1.277
2878	2.0	6.5	1.191
2879	2.0	6.5	0.717
2880	2.1	6.5	0.449
2881	0.0	6.5	0.311
2882	0.0	6.5	0.168
2883	0.0	6.5	0.066
2884	0.0	6.5	0.048
2885	0.0	6.5	0.143
2886	0.0	6.5	0.358
2887	0.0	6.5	0.969
2888	0.0	6.5	1.037
2889	0.0	6.5	1.041
2890	0.0	6.5	1.091
2891	0.0	6.5	1.041
2892	0.0	6.5	1.010
2893	0.0	6.5	0.935
2894	0.0	6.5	0.821
2895	0.0	6.5	0.749
2896	0.0	6.5	0.699
2897	0.0	6.5	0.726
2898	0.0	6.5	0.901
2899	0.0	6.5	1.005
2900	0.0	6.5	1.243
2901	0.0	6.5	1.277
2902	0.0	6.5	1.191
2903	0.0	6.5	0.717
2904	0.0	6.5	0.449
2905	0.0	6.5	0.311
2906	0.0	6.5	0.168
2907	0.0	6.5	0.066
2908	0.0	6.5	0.048
2909	0.0	6.5	0.143
2910	0.0	6.5	0.358
2911	0.0	6.5	0.969
2912	0.0	6.5	1.037
2913	0.0	6.5	1.041
2914	0.0	6.5	1.091
2915	0.0	6.5	1.041
2916	0.0	6.5	1.010
2917	0.0	6.5	0.935
2918	0.0	6.5	0.821
2919	0.0	6.5	0.749
2920	0.0	6.5	0.699
2921	0.0	6.4	0.726
2922	0.0	6.4	0.901
2923	0.0	6.4	1.005
2924	0.0	6.4	1.243
2925	0.0	6.4	1.277
2926	0.0	6.4	1.191
2927	0.0	6.4	0.717
2928	0.0	6.4	0.449
2929	0.0	6.4	0.311
2930	0.0	6.4	0.168
2931	0.0	6.4	0.066
2932	0.0	6.4	0.048
2933	0.0	6.4	0.143
2934	0.0	6.4	0.358
2935	0.0	6.4	0.969
2936	0.0	6.4	1.037
2937	0.0	6.4	1.041
2938	0.0	6.4	1.091
2939	0.0	6.4	1.041
2940	0.0	6.4	1.010
2941	0.0	6.4	0.935
2942	0.0	6.4	0.821
2943	0.0	6.4	0.749
2944	0.0	6.4	0.699
2945	0.0	6.4	0.726
2946	0.0	6.4	0.901
2947	0.0	6.4	1.005
2948	0.0	6.4	1.243
2949	0.0	6.4	1.277
2950	0.0	6.3	1.191
2951	0.0	6.3	0.717
2952	0.0	6.3	0.449
2953	0.0	6.3	0.311
2954	0.0	6.3	0.168
2955	0.0	6.3	0.066
2956	0.0	6.3	0.048
2957	0.0	6.3	0.143
2958	0.0	6.3	0.358
2959	0.0	6.3	0.969
2960	0.0	6.3	1.037
2961	0.0	6.3	1.041
2962	0.0	6.3	1.091
2963	0.0	6.3	1.041
2964	0.0	6.3	1.010
2965	0.0	6.3	0.935
2966	0.0	6.3	0.821
2967	0.0	6.3	0.749
2968	0.0	6.3	0.699
2969	0.0	6.3	0.726
2970	0.0	6.3	0.901
2971	0.0	6.3	1.005
2972	0.0	6.2	1.243
2973	0.0	6.2	1.277
2974	0.0	6.2	1.191
2975	0.0	6.2	0.717
2976	0.0	6.2	0.449
2977	0.0	6.2	0.311
2978	0.0	6.2	0.168
2979	0.0	6.2	0.066
2980	0.0	6.2	0.048
2981	0.0	6.2	0.143
2982	0.0	6.2	0.358
2983	0.0	6.2	0.969
2984	0.0	6.2	1.037
2985	0.0	6.2	1.041
2986	0.0	6.2	1.091
2987	0.0	6.2	1.041
2988	0.0	6.2	1.010
2989	0.0	6.2	0.935
2990	0.0	6.2	0.821
2991	0.0	6.2	0.749
2992	0.0	6.2	0.699
2993	0.0	6.2	0.726
2994	0.0	6.2	0.901
2995	0.0	6.2	1.005
2996	0.0	6.2	1.243
2997	0.0	6.2	1.277
2998	0.0	6.2	1.191
2999	0.0	6.2	0.717
3000	0.0	6.2	0.449
3001	0.0	6.2	0.311
3002	0.0	6.2	0.168
3003	0.0	6.2	0.066
3004	0.0	6.1	0.048
3005	0.0	6.1	0.143
3006	0.0	6.1	0.358
3007	0.0	6.1	0.969
3008	0.0	6.1	1.037
3009	0.0	6.1	1.041
3010	0.0	6.1	1.091
3011	0.0	6.1	1.041
3012	0.0	6.1	1.010
3013	0.0	6.1	0.935
3014	0.0	6.1	0.821
3015	0.0	6.1	0.749
3016	0.0	6.1	0.699
3017	0.0	6.1	0.726
3018	0.0	6.1	0.901
3019	0.0	6.1	1.005
3020	0.0	6.1	1.243
3021	0.0	6.1	1.277
3022	0.0	6.1	1.191
3023	0.0	6.1	0.717
3024	0.0	6.1	0.449
3025	0.0	6.1	0.311
3026	0.0	6.0	0.168
3027	0.0	6.0	0.066
3028	0.0	6.0	0.048
3029	0.0	6.0	0.143
3030	0.0	6.0	0.358
3031	0.0	6.0	0.969
3032	0.0	6.0	1.037
3033	0.0	6.0	1.041
3034	0.0	6.0	1.091
3035	0.0	6.0	1.041
3036	0.0	6.0	1.010
3037	0.0	6.0	0.935
3038	0.0	6.0	0.821
3039	0.0	6.0	0.749
3040	0.0	6.0	0.699
3041	0.0	6.0	0.726
3042	0.0	6.0	0.901
3043	0.0	6.0	1.005
3044	0.0	6.0	1.243
3045	0.0	6.0	1.277
3046	0.0	6.0	1.191
3047	0.0	6.0	0.717
3048	0.0	6.0	0.449
3049	0.0	6.0	0.311
3050	0.0	6.0	0.168
3051	0.0	6.0	0.066
3052	0.0	6.0	0.048
3053	0.0	6.0	0.143
3054	0.0	5.9	0.358
3055	0.0	5.9	0.969
3056	0.0	5.9	1.037
3057	0.0	5.9	1.041
3058	0.0	5.9	1.091
3059	0.0	5.9	1.041
3060	0.0	5.9	1.010
3061	0.0	5.9	0.935
3062	0.0	5.9	0.821
3063	0.0	5.9	0.749
3064	0.0	5.9	0.699
3065	0.0	5.9	0.726
3066	0.0	5.9	0.901
3067	0.0	5.9	1.005
3068	0.0	5.9	1.243
3069	0.0	5.9	1.277
3070	0.0	5.9	1.191
3071	0.0	5.9	0.717
3072	0.0	5.9	0.449
3073	0.0	5.9	0.311
3074	0.0	5.9	0.168
3075	0.0	5.9	0.066
3076	0.0	5.9	0.048
3077	0.0	5.9	0.143
3078	0.0	5.9	0.358
3079	0.0	5.8	0.969
3080	0.0	5.8	1.037
3081	0.0	5.8	1.041
3082	0.0	5.8	1.091
3083	0.0	5.8	1.041
3084	0.0	5.8	1.010
3085	0.0	5.8	0.935
3086	0.0	5.8	0.821
3087	0.0	5.8	0.749
3088	0.0	5.8	0.699
3089	0.0	5.8	0.726
3090	0.0	5.8	0.901
3091	0.0	5.8	1.005
3092	0.0	5.8	1.243
3093	0.0	5.8	1.277
3094	0.0	5.8	1.191
3095	0.0	5.8	0.717
3096	0.0	5.8	0.449
3097	0.0	5.8	0.311
3098	0.0	5.8	0.168
3099	0.0	5.8	0.066
3100	0.0	5.8	0.048
3101	0.0	5.8	0.143
3102	0.0	5.8	0.358
3103	0.0	5.8	0.969
3104	0.0	5.8	1.037
3105	0.0	5.7	1.041
3106	0.0	5.7	1.091
3107	0.0	5.7	1.041
3108	0.0	5.7	1.010
3109	0.0	5.7	0.935
3110	0.0	5.7	0.821
3111	0.0	5.7	0.749
3112	0.0	5.7	0.699
3113	0.0	5.7	0.726
3114	0.0	5.7	0.901
3115	0.0	5.7	1.005
3116	0.0	5.7	1.243
3117	0.0	5.7	1.277
3118	0.0	5.7	1.191
3119	0.0	5.7	0.717
3120	0.0	5.7	0.449
3121	0.0	5.7	0.311
3122	0.0	5.7	0.168
3123	0.0	5.7	0.066
3124	0.0	5.7	0.048
3125	0.0	5.7	0.143
3126	0.0	5.7	0.358
3127	0.0	5.7	0.969
3128	0.0	5.6	1.037
3129	0.0	5.6	1.041
3130	0.0	5.6	1.091
3131	0.0	5.6	1.041
3132	0.0	5.6	1.010
3133	0.0	5.6	0.935
3134	0.0	5.6	0.821
3135	0.0	5.6	0.749
3136	0.0	5.6	0.699
3137	0.0	5.6	0.726
3138	0.0	5.6	0.901
3139	0.0	5.6	1.005
3140	0.0	5.6	1.243
3141	0.0	5.6	1.277
3142	0.0	5.6	1.191
3143	0.0	5.6	0.717
3144	0.0	5.6	0.449
3145	0.0	5.6	0.311
3146	0.0	5.6	0.168
3147	0.0	5.6	0.066
3148	0.0	5.6	0.048
3149	0.0	5.6	0.143
3150	0.0	5.6	0.358
3151	0.0	5.6	0.969
3152	0.0	5.6	1.037
3153	0.0	5.6	1.041
3154	0.0	5.6	1.091
3155	0.0	5.6	1.041
3156	0.0	5.6	1.010
3157	0.0	5.6	0.935
3158	0.0	5.6	0.821
3159	0.0	5.6	0.749
3160	0.0	5.5	0.699
3161	0.0	5.5	0.726
3162	0.0	5.5	0.901
3163	0.0	5.5	1.005
3164	0.0	5.5	1.243
3165	0.0	5.5	1.277
3166	0.0	5.5	1.191
3167	0.0	5.5	0.717
3168	0.0	5.5	0.449
3169	0.0	5.5	0.311
3170	0.0	5.5	0.168
3171	0.0	5.5	0.066
3172	0.0	5.5	0.048
3173	0.0	5.5	0.143
3174	0.0	5.5	0.358
3175	0.0	5.5	0.969
3176	0.0	5.5	1.037
3177	0.0	5.5	1.041
3178	0.0	5.5	1.091
3179	0.0	5.5	1.041
3180	0.0	5.5	1.010
3181	0.0	5.5	0.935
3182	0.0	5.5	0.821
3183	0.0	5.5	0.749
3184	0.0	5.5	0.699
3185	0.0	5.5	0.726
3186	0.0	5.5	0.901
3187	0.0	5.5	1.005
3188	0.0	5.4	1.243
3189	0.0	5.4	1.277
3190	0.0	5.4	1.191
3191	0.0	5.4	0.717
3192	0.0	5.4	0.449
3193	0.0	5.4	0.311
3194	0.0	5.4	0.168
3195	0.0	5.4	0.066
3196	0.0	5.4	0.048
3197	0.0	5.4	0.143
3198	0.0	5.4	0.358
3199	0.0	5.4	0.969
3200	0.0	5.4	1.037
3201	0.0	5.4	1.041
3202	0.0	5.4	1.091
3203	0.0	5.4	1.041
3204	0.0	5.4	1.010
3205	0.0	5.4	0.935
3206	0.0	5.4	0.821
3207	0.0	5.4	0.749
3208	0.0	5.4	0.699
3209	0.0	5.4	0.726
3210	0.0	5.4	0.901
3211	0.0	5.4	1.005
3212	0.0	5.3	1.243
3213	0.0	5.3	1.277
3214	0.0	5.3	1.191
3215	0.0	5.3	0.717
3216	0.0	5.3	0.449
3217	0.0	5.3	0.311
3218	0.0	5.3	0.168
3219	0.0	5.3	0.066
3220	0.0	5.3	0.048
3221	0.0	5.3	0.143
3222	0.0	5.3	0.358
3223	0.0	5.3	0.969
3224	0.0	5.3	1.037
3225	0.0	5.3	1.041
3226	0.0	5.3	1.091
3227	0.0	5.3	1.041
3228	0.0	5.3	1.010
3229	0.0	5.3	0.935
3230	0.0	5.3	0.821
3231	0.0	5.3	0.749
3232	0.0	5.3	0.699
3233	0.0	5.3	0.726
3234	0.0	5.3	0.901
3235	0.0	5.3	1.005
3236	0.0	5.3	1.243
3237	0.0	5.3	1.277
3238	0.0	5.3	1.191
3239	0.0	5.3	0.717
3240	0.0	5.3	0.449
3241	0.0	5.3	0.311
3242	0.0	5.3	0.168
3243	0.0	5.3	0.066
3244	0.0	5.3	0.048
3245	0.0	5.3	0.143
3246	0.0	5.3	0.358
3247	0.0	5.3	0.969
3248	0.0	5.3	1.037
3249	0.0	5.3	1.041
3250	0.0	5.2	1.091
3251	0.0	5.2	1.041
3252	0.0	5.2	1.010
3253	0.0	5.2	0.935
3254	0.0	5.2	0.821
3255	0.0	5.2	0.749
3256	0.0	5.2	0.699
3257	0.0	5.2	0.726
3258	0.0	5.2	0.901
3259	0.0	5.2	1.005
3260	0.0	5.2	1.243
3261	0.0	5.2	1.277
3262	0.0	5.2	1.191
3263	0.0	5.2	0.717
3264	0.0	5.2	0.449
3265	0.0	5.2	0.311
3266	0.0	5.2	0.168
3267	0.0	5.2	0.066
3268	0.0	5.2	0.048
3269	0.0	5.2	0.143
3270	0.0	5.2	0.358
3271	0.0	5.2	0.969
3272	0.0	5.2	1.037
3273	0.0	5.2	1.041
3274	0.0	5.2	1.091
3275	0.0	5.1	1.041
3276	0.0	5.1	1.010
3277	0.0	5.1	0.935
3278	0.0	5.1	0.821
3279	0.0	5.1	0.749
3280	0.0	5.1	0.699
3281	0.0	5.1	0.726
3282	0.0	5.1	0.901
3283	0.0	5.1	1.005
3284	0.0	5.1	1.243
3285	0.0	5.1	1.277
3286	0.0	5.1	1.191
3287	0.0	5.1	0.717
3288	0.0	5.1	0.449
3289	0.0	5.1	0.311
3290	0.0	5.1	0.168
3291	0.0	5.1	0.066
3292	0.0	5.1	0.048
3293	0.0	5.1	0.143
3294	0.0	5.1	0.358
3295	0.0	5.1	0.969
3296	0.0	5.1	1.037
3297	0.0	5.1	1.041
3298	0.0	5.1	1.091
3299	0.0	5.1	1.041
3300	0.0	5.1	1.010
3301	0.0	5.0	0.935
3302	0.0	5.0	0.821
3303	0.0	5.0	0.749
3304	0.0	5.0	0.699
3305	0.0	5.0	0.726
3306	0.0	5.0	0.901
3307	0.0	5.0	1.005
3308	0.0	5.0	1.243
3309	0.0	5.0	1.277
3310	0.0	5.0	1.191
3311	0.0	5.0	0.717
3312	0.0	5.0	0.449
3313	0.0	5.0	0.311
3314	0.0	5.0	0.168
3315	0.0	5.0	0.066
3316	0.0	5.0	0.048
3317	0.0	5.0	0.143
3318	0.0	5.0	0.358
3319	0.0	5.0	0.969
3320	0.0	5.0	1.037
3321	0.0	5.0	1.041
3322	0.0	5.0	1.091
3323	0.0	5.0	1.041
3324	0.0	5.0	1.010
3325	0.0	5.0	0.935
3326	0.0	5.0	0.821
3327	0.0	5.0	0.749
3328	0.0	5.0	0.699
3329	0.0	5.0	0.726
3330	0.0	5.0	0.901
3331	0.0	5.0	1.005
3332	0.0	5.0	1.243
3333	0.0	5.0	1.277
3334	0.0	5.0	1.191
3335	0.0	5.0	0.717
3336	0.0	5.0	0.449
3337	0.0	5.0	0.311
3338	0.0	5.0	0.168
3339	0.0	5.0	0.066
3340	0.0	5.0	0.048
3341	0.0	5.0	0.143
3342	0.0	5.0	0.358
3343	0.0	4.9	0.969
3344	0.0	4.9	1.037
3345	0.0	4.9	1.041
3346	0.0	4.9	1.091
3347	0.0	4.9	1.041
3348	0.0	4.9	1.010
3349	0.0	4.9	0.935
3350	0.0	4.9	0.821
3351	0.0	4.9	0.749
3352	0.0	4.9	0.699
3353	0.0	4.9	0.726
3354	0.0	4.9	0.901
3355	0.0	4.9	1.005
3356	0.0	4.9	1.243
3357	0.0	4.9	1.277
3358	0.0	4.9	1.191
3359	0.0	4.9	0.717
3360	0.0	4.9	0.449
3361	0.0	4.9	0.311
3362	0.0	4.9	0.168
3363	0.0	4.9	0.066
3364	0.0	4.9	0.048
3365	0.0	4.9	0.143
3366	0.0	4.9	0.358
3367	0.0	4.9	0.969
3368	0.0	4.8	1.037
3369	0.0	4.8	1.041
3370	0.0	4.8	1.091
3371	0.0	4.8	1.041
3372	0.0	4.8	1.010
3373	0.0	4.8	0.935
3374	0.0	4.8	0.821
3375	0.0	4.8	0.749
3376	0.0	4.8	0.699
3377	0.0	4.8	0.726
3378	0.0	4.8	0.901
3379	0.0	4.8	1.005
3380	0.0	4.8	1.243
3381	0.0	4.8	1.277
3382	0.0	4.8	1.191
3383	0.0	4.8	0.717
3384	0.0	4.8	0.449
3385	0.0	4.8	0.311
3386	0.0	4.8	0.168
3387	0.0	4.8	0.066
3388	0.0	4.8	0.048
3389	0.0	4.8	0.143
3390	0.0	4.8	0.358
3391	0.0	4.8	0.969
3392	0.0	4.8	1.037
3393	0.0	4.8	1.041
3394	0.0	4.8	1.091
3395	0.0	4.8	1.041
3396	0.0	4.8	1.010
3397	0.0	4.8	0.935
3398	0.0	4.8	0.821
3399	0.0	4.8	0.749
3400	0.0	4.8	0.699
3401	0.0	4.8	0.726
3402	0.0	4.8	0.901
3403	0.0	4.8	1.005
3404	0.0	4.7	1.243
3405	0.0	4.7	1.277
3406	0.0	4.7	1.191
3407	0.0	4.7	0.717
3408	0.0	4.7	0.449
3409	0.0	4.7	0.311
3410	0.0	4.7	0.168
3411	0.0	4.7	0.066
3412	0.0	4.7	0.048
3413	0.0	4.7	0.143
3414	0.0	4.7	0.358
3415	0.0	4.7	0.969
3416	0.0	4.7	1.037
3417	0.0	4.7	1.041
3418	0.0	4.7	1.091
3419	0.0	4.7	1.041
3420	0.0	4.7	1.010
3421	0.0	4.7	0.935
3422	0.0	4.7	0.821
3423	0.0	4.7	0.749
3424	0.0	4.7	0.699
3425	0.0	4.7	0.726
3426	0.0	4.7	0.901
3427	0.0	4.7	1.005
3428	0.0	4.7	1.243
3429	0.0	4.7	1.277
3430	0.0	4.7	1.191
3431	0.0	4.7	0.717
3432	0.0	4.7	0.449
3433	0.0	4.7	0.311
3434	0.0	4.7	0.168
3435	0.0	4.7	0.066
3436	0.0	4.7	0.048
3437	0.0	4.7	0.143
3438	0.0	4.7	0.358
3439	0.0	4.7	0.969
3440	0.0	4.6	1.037
3441	0.0	4.6	1.041
3442	0.0	4.6	1.091
3443	0.0	4.6	1.041
3444	0.0	4.6	1.010
3445	0.0	4.6	0.935
3446	0.0	4.6	0.821
3447	0.0	4.6	0.749
3448	0.0	4.6	0.699
3449	0.0	4.6	0.726
3450	0.0	4.6	0.901
3451	0.0	4.6	1.005
3452	0.0	4.6	1.243
3453	0.0	4.6	1.277
3454	0.0	4.6	1.191
3455	0.0	4.6	0.717
3456	0.0	4.6	0.449
3457	0.0	4.6	0.311
3458	0.0	4.6	0.168
3459	0.0	4.6	0.066
3460	0.0	4.6	0.048
3461	0.0	4.6	0.143
3462	0.0	4.6	0.358
3463	0.0	4.6	0.969
3464	0.0	4.6	1.037
3465	0.0	4.6	1.041
3466	0.0	4.5	1.091
3467	0.0	4.5	1.041
3468	0.0	4.5	1.010
3469	0.0	4.5	0.935
3470	0.0	4.5	0.821
3471	0.0	4.5	0.749
3472	0.0	4.5	0.699
3473	0.0	4.5	0.726
3474	0.0	4.5	0.901
3475	0.0	4.5	1.005
3476	0.0	4.5	1.243
3477	0.0	4.5	1.277
3478	0.0	4.5	1.191
3479	0.0	4.5	0.717
3480	0.0	4.5	0.449
3481	0.0	4.5	0.311
3482	0.0	4.5	0.168
3483	0.0	4.5	0.066
3484	0.0	4.5	0.048
3485	0.0	4.5	0.143
3486	0.0	4.5	0.358
3487	0.0	4.5	0.969
3488	0.0	4.5	1.037
3489	0.0	4.5	1.041
3490	0.0	4.5	1.091
3491	0.0	4.5	1.041
3492	0.0	4.5	1.010
3493	0.0	4.5	0.935
3494	0.0	4.5	0.821
3495	0.0	4.5	0.749
3496	0.0	4.5	0.699
3497	0.0	4.5	0.726
3498	0.0	4.5	0.901
3499	0.0	4.5	1.005
3500	0.0	4.5	1.243
3501	0.0	4.5	1.277
3502	0.0	4.4	1.191
3503	0.0	4.4	0.717
3504	0.0	4.4	0.449
3505	0.0	4.4	0.311
3506	0.0	4.4	0.168
3507	0.0	4.4	0.066
3508	0.0	4.4	0.048
3509	0.0	4.4	0.143
3510	0.0	4.4	0.358
3511	0.0	4.4	0.969
3512	0.0	4.4	1.037
3513	0.0	4.4	1.041
3514	0.0	4.4	1.091
3515	0.0	4.4	1.041
3516	0.0	4.4	1.010
3517	0.0	4.4	0.935
3518	0.0	4.4	0.821
3519	0.0	4.4	0.749
3520	0.0	4.4	0.699
3521	0.0	4.4	0.726
3522	0.0	4.4	0.901
3523	0.0	4.4	1.005
3524	0.0	4.4	1.243
3525	0.0	4.4	1.277
3526	0.0	4.4	1.191
3527	0.0	4.4	0.717
3528	0.0	4.4	0.449
3529	0.0	4.4	0.311
3530	0.0	4.4	0.168
3531	0.0	4.4	0.066
3532	0.0	4.4	0.048
3533	0.0	4.4	0.143
3534	0.0	4.4	0.358
3535	0.0	4.4	0.969
3536	0.0	4.4	1.037
3537	0.0	4.4	1.041
3538	0.0	4.4	1.091
3539	0.0	4.4	1.041
3540	0.0	4.4	1.010
3541	0.0	4.4	0.935
3542	0.0	4.3	0.821
3543	0.0	4.3	0.749
3544	0.0	4.3	0.699
3545	0.0	4.3	0.726
3546	0.0	4.3	0.901
3547	0.0	4.3	1.005
3548	0.0	4.3	1.243
3549	0.0	4.3	1.277
3550	0.0	4.3	1.191
3551	0.0	4.3	0.717
3552	0.0	4.3	0.449
3553	0.0	4.3	0.311
3554	0.0	4.3	0.168
3555	0.0	4.3	0.066
3556	0.0	4.3	0.048
3557	0.0	4.3	0.143
3558	0.0	4.3	0.358
3559	0.0	4.3	0.969
3560	0.0	4.3	1.037
3561	0.0	4.3	1.041
3562	0.0	4.3	1.091
3563	0.0	4.3	1.041
3564	0.0	4.3	1.010
3565	0.0	4.3	0.935
3566	0.0	4.3	0.821
3567	0.0	4.3	0.749
3568	0.0	4.3	0.699
3569	0.0	4.3	0.726
3570	0.0	4.3	0.901
3571	0.0	4.3	1.005
3572	0.0	4.3	1.243
3573	0.0	4.3	1.277
3574	0.0	4.3	1.191
3575	0.0	4.3	0.717
3576	0.0	4.3	0.449
3577	0.0	4.3	0.311
3578	0.0	4.3	0.168
3579	0.0	4.3	0.066
3580	0.0	4.2	0.048
3581	0.0	4.2	0.143
3582	0.0	4.2	0.358
3583	0.0	4.2	0.969
3584	0.0	4.2	1.037
3585	0.0	4.2	1.041
3586	0.0	4.2	1.091
3587	0.0	4.2	1.041
3588	0.0	4.2	1.010
3589	0.0	4.2	0.935
3590	0.0	4.2	0.821
3591	0.0	4.2	0.749
3592	0.0	4.2	0.699
3593	0.0	4.2	0.726
3594	0.0	4.2	0.901
3595	0.0	4.2	1.005
3596	0.0	4.2	1.243
3597	0.0	4.2	1.277
3598	0.0	4.2	1.191
3599	0.0	4.2	0.717
3600	0.0	4.2	0.449
3601	0.0	4.2	0.311
3602	0.0	4.2	0.168
3603	0.0	4.2	0.066
3604	0.0	4.2	0.048
3605	0.0	4.2	0.143
3606	0.0	4.2	0.358
3607	0.0	4.2	0.969
3608	0.0	4.2	1.037
3609	0.0	4.2	1.041
3610	0.0	4.2	1.091
3611	0.0	4.2	1.041
3612	0.0	4.2	1.010
3613	0.0	4.2	0.935
3614	0.0	4.2	0.821
3615	0.0	4.2	0.749
3616	0.0	4.2	0.699
3617	0.0	4.2	0.726
3618	0.0	4.2	0.901
3619	0.0	4.2	1.005
3620	0.0	4.2	1.243
3621	0.0	4.2	1.277
3622	0.0	4.1	1.191
3623	0.0	4.1	0.717
3624	0.0	4.1	0.449
3625	0.0	4.1	0.311
3626	0.0	4.1	0.168
3627	0.0	4.1	0.066
3628	0.0	4.1	0.048
3629	0.0	4.1	0.143
3630	0.0	4.1	0.358
3631	0.0	4.1	0.969
3632	0.0	4.1	1.037
3633	0.0	4.1	1.041
3634	0.0	4.1	1.091
3635	0.0	4.1	1.041
3636	0.0	4.1	1.010
3637	0.0	4.1	0.935
3638	0.0	4.1	0.821
3639	0.0	4.1	0.749
3640	0.0	4.1	0.699
3641	0.0	4.1	0.726
3642	0.0	4.1	0.901
3643	0.0	4.1	1.005
3644	0.0	4.1	1.243
3645	0.0	4.1	1.277
3646	0.0	4.1	1.191
3647	0.0	4.1	0.717
3648	0.0	4.1	0.449
3649	0.0	4.1	0.311
3650	0.0	4.1	0.168
3651	0.0	4.1	0.066
3652	0.0	4.1	0.048
3653	0.0	4.1	0.143
3654	0.0	4.1	0.358
3655	0.0	4.1	0.969
3656	0.0	4.1	1.037
3657	0.0	4.1	1.041
3658	0.0	4.1	1.091
3659	0.0	4.1	1.041
3660	0.0	4.1	1.010
3661	0.0	4.1	0.935
3662	0.0	4.1	0.821
3663	0.0	4.1	0.749
3664	0.0	4.1	0.699
3665	0.0	4.1	0.726
3666	0.0	4.1	0.901
3667	0.0	4.1	1.005
3668	0.0	4.1	1.243
3669	0.0	4.1	1.277
3670	0.0	4.0	1.191
3671	0.0	4.0	0.717
3672	0.0	4.0	0.449
3673	0.0	4.0	0.311
3674	0.0	4.0	0.168
3675	0.0	4.0	0.066
3676	0.0	4.0	0.048
3677	0.0	4.0	0.143
3678	0.0	4.0	0.358
3679	0.0	4.0	0.969
3680	0.0	4.0	1.037
3681	0.0	4.0	1.041
3682	0.0	4.0	1.091
3683	0.0	4.0	1.041
3684	0.0	4.0	1.010
3685	0.0	4.0	0.935
3686	0.0	4.0	0.821
3687	0.0	4.0	0.749
3688	0.0	4.0	0.699
3689	0.0	4.0	0.726
3690	0.0	4.0	0.901
3691	0.0	4.0	1.005
3692	0.0	4.0	1.243
3693	0.0	4.0	1.277
3694	0.0	4.0	1.191
3695	0.0	4.0	0.717
3696	0.0	4.0	0.449
3697	0.0	4.0	0.311
3698	0.0	4.0	0.168
3699	0.0	4.0	0.066
3700	0.0	4.0	0.048
3701	0.0	4.0	0.143
3702	0.0	4.0	0.358
3703	0.0	4.0	0.969
3704	0.0	4.0	1.037
3705	0.0	4.0	1.041
3706	0.0	4.0	1.091
3707	0.0	4.0	1.041
3708	0.0	4.0	1.010
3709	0.0	3.9	0.935
3710	0.0	3.9	0.821
3711	0.0	3.9	0.749
3712	0.0	3.9	0.699
3713	0.0	3.9	0.726
3714	0.0	3.9	0.901
3715	0.0	3.9	1.005
3716	0.0	3.9	1.243
3717	0.0	3.9	1.277
3718	0.0	3.9	1.191
3719	0.0	3.9	0.717
3720	0.0	3.9	0.449
3721	0.0	3.9	0.311
3722	0.0	3.9	0.168
3723	0.0	3.9	0.066
3724	0.0	3.9	0.048
3725	0.0	3.9	0.143
3726	0.0	3.9	0.358
3727	0.0	3.9	0.969
3728	0.0	3.9	1.037
3729	0.0	3.9	1.041
3730	0.0	3.9	1.091
3731	0.0	3.9	1.041
3732	0.0	3.9	1.010
3733	0.0	3.9	0.935
3734	0.0	3.9	0.821
3735	0.0	3.9	0.749
3736	0.0	3.9	0.699
3737	0.0	3.9	0.726
3738	0.0	3.9	0.901
3739	0.0	3.9	1.005
3740	0.0	3.9	1.243
3741	0.0	3.9	1.277
3742	0.0	3.9	1.191
3743	0.0	3.9	0.717
3744	0.0	3.9	0.449
3745	0.0	3.9	0.311
3746	0.0	3.9	0.168
3747	0.0	3.9	0.066
3748	0.0	3.9	0.048
3749	0.0	3.9	0.143
3750	0.0	3.9	0.358
3751	0.0	3.9	0.969
3752	0.0	3.9	1.037
3753	0.0	3.9	1.041
3754	0.0	3.9	1.091
3755	0.0	3.9	1.041
3756	0.0	3.9	1.010
3757	0.0	3.9	0.935
3758	0.0	3.9	0.821
3759	0.0	3.9	0.749
3760	0.0	3.9	0.699
3761	0.0	3.9	0.726
3762	0.0	3.9	0.901
3763	0.0	3.9	1.005
3764	0.0	3.9	1.243
3765	0.0	3.9	1.277
3766	0.0	3.9	1.191
3767	0.0	3.9	0.717
3768	0.0	3.8	0.449
3769	0.0	3.8	0.311
3770	0.0	3.8	0.168
3771	0.0	3.8	0.066
3772	0.0	3.8	0.048
3773	0.0	3.8	0.143
3774	0.0	3.8	0.358
3775	0.0	3.8	0.969
3776	0.0	3.8	1.037
3777	0.0	3.8	1.041
3778	0.0	3.8	1.091
3779	0.0	3.8	1.041
3780	0.0	3.8	1.010
3781	0.0	3.8	0.935
3782	0.0	3.8	0.821
3783	0.0	3.8	0.749
3784	0.0	3.8	0.699
3785	0.0	3.8	0.726
3786	0.0	3.8	0.901
3787	0.0	3.8	1.005
3788	0.0	3.8	1.243
3789	0.0	3.8	1.277
3790	0.0	3.8	1.191
3791	0.0	3.8	0.717
3792	0.0	3.8	0.449
3793	0.0	3.8	0.311
3794	0.0	3.8	0.168
3795	0.0	3.8	0.066
3796	0.0	3.8	0.048
3797	0.0	3.8	0.143
3798	0.0	3.8	0.358
3799	0.0	3.8	0.969
3800	0.0	3.8	1.037
3801	0.0	3.8	1.041
3802	0.0	3.7	1.091
3803	0.0	3.7	1.041
3804	0.0	3.7	1.010
3805	0.0	3.7	0.935
3806	0.0	3.7	0.821
3807	0.0	3.7	0.749
3808	0.0	3.7	0.699
3809	0.0	3.7	0.726
3810	0.0	3.7	0.901
3811	0.0	3.7	1.005
3812	0.0	3.7	1.243
3813	0.0	3.7	1.277
3814	0.0	3.7	1.191
3815	0.0	3.7	0.717
3816	0.0	3.7	0.449
3817	0.0	3.7	0.311
3818	0.0	3.7	0.168
3819	0.0	3.7	0.066
3820	0.0	3.7	0.048
3821	0.0	3.7	0.143
3822	0.0	3.7	0.358
3823	0.0	3.7	0.969
3824	0.0	3.7	1.037
3825	0.0	3.7	1.041
3826	0.0	3.7	1.091
3827	0.0	3.7	1.041
3828	0.0	3.7	1.010
3829	0.0	3.7	0.935
3830	0.0	3.7	0.821
3831	0.0	3.7	0.749
3832	0.0	3.7	0.699
3833	0.0	3.7	0.726
3834	0.0	3.7	0.901
3835	0.0	3.7	1.005
3836	0.0	3.7	1.243
3837	0.0	3.7	1.277
3838	0.0	3.7	1.191
3839	0.0	3.7	0.717
3840	0.0	3.7	0.449
3841	0.0	3.7	0.311
3842	0.0	3.7	0.168
3843	0.0	3.7	0.066
3844	0.0	3.7	0.048
3845	0.0	3.7	0.143
3846	0.0	3.7	0.358
3847	0.0	3.7	0.969
3848	0.0	3.6	1.037
3849	0.0	3.6	1.041
3850	0.0	3.6	1.091
3851	0.0	3.6	1.041
3852	0.0	3.6	1.010
3853	0.0	3.6	0.935
3854	0.0	3.6	0.821
3855	0.0	3.6	0.749
3856	0.0	3.6	0.699
3857	0.0	3.6	0.726
3858	0.0	3.6	0.901
3859	0.0	3.6	1.005
3860	0.0	3.6	1.243
3861	0.0	3.6	1.277
3862	0.0	3.6	1.191
3863	0.0	3.6	0.717
3864	0.0	3.6	0.449
3865	0.0	3.6	0.311
3866	0.0	3.6	0.168
3867	0.0	3.6	0.066
3868	0.0	3.6	0.048
3869	0.0	3.6	0.143
3870	0.0	3.6	0.358
3871	0.0	3.6	0.969
3872	0.0	3.6	1.037
3873	0.0	3.6	1.041
3874	0.0	3.6	1.091
3875	0.0	3.6	1.041
3876	0.0	3.6	1.010
3877	0.0	3.6	0.935
3878	0.0	3.6	0.821
3879	0.0	3.6	0.749
3880	0.0	3.6	0.699
3881	0.0	3.6	0.726
3882	0.0	3.6	0.901
3883	0.0	3.6	1.005
3884	0.0	3.6	1.243
3885	0.0	3.6	1.277
3886	0.0	3.6	1.191
3887	0.0	3.6	0.717
3888	0.0	3.6	0.449
3889	0.0	3.6	0.311
3890	0.0	3.6	0.168
3891	0.0	3.6	0.066
3892	0.0	3.6	0.048
3893	0.0	3.6	0.143
3894	0.0	3.6	0.358
3895	0.0	3.6	0.969
3896	0.0	3.5	1.037
3897	0.0	3.5	1.041
3898	0.0	3.5	1.091
3899	0.0	3.5	1.041
3900	0.0	3.5	1.010
3901	0.0	3.5	0.935
3902	0.0	3.5	0.821
3903	0.0	3.5	0.749
3904	0.0	3.5	0.699
3905	0.0	3.5	0.726
3906	0.0	3.5	0.901
3907	0.0	3.5	1.005
3908	0.0	3.5	1.243
3909	0.0	3.5	1.277
3910	0.0	3.5	1.191
3911	0.0	3.5	0.717
3912	0.0	3.5	0.449
3913	0.0	3.5	0.311
3914	0.0	3.5	0.168
3915	0.0	3.5	0.066
3916	0.0	3.5	0.048
3917	0.0	3.5	0.143
3918	0.0	3.5	0.358
3919	0.0	3.5	0.969
3920	0.0	3.5	1.037
3921	0.0	3.5	1.041
3922	0.0	3.5	1.091
3923	0.0	3.5	1.041
3924	0.0	3.5	1.010
3925	0.0	3.5	0.935
3926	0.0	3.5	0.821
3927	0.0	3.5	0.749
3928	0.0	3.5	0.699
3929	0.0	3.5	0.726
3930	0.0	3.5	0.901
3931	0.0	3.5	1.005
3932	0.0	3.5	1.243
3933	0.0	3.5	1.277
3934	0.0	3.5	1.191
3935	0.0	3.5	0.717
3936	0.0	3.5	0.449
3937	0.0	3.5	0.311
3938	0.0	3.5	0.168
3939	0.0	3.5	0.066
3940	0.0	3.5	0.048
3941	0.0	3.4	0.143
3942	0.0	3.4	0.358
3943	0.0	3.4	0.969
3944	0.0	3.4	1.037
3945	0.0	3.4	1.041
3946	0.0	3.4	1.091
3947	0.0	3.4	1.041
3948	0.0	3.4	1.010
3949	0.0	3.4	0.935
3950	0.0	3.4	0.821
3951	0.0	3.4	0.749
3952	0.0	3.4	0.699
3953	0.0	3.4	0.726
3954	0.0	3.4	0.901
3955	0.0	3.4	1.005
3956	0.0	3.4	1.243
3957	0.0	3.4	1.277
3958	0.0	3.4	1.191
3959	0.0	3.4	0.717
3960	0.0	3.4	0.449
3961	0.0	3.4	0.311
3962	0.0	3.4	0.168
3963	0.0	3.4	0.066
3964	0.0	3.4	0.048
3965	0.0	3.4	0.143
3966	0.0	3.4	0.358
3967	0.0	3.3	0.969
3968	0.0	3.3	1.037
3969	0.0	3.3	1.041
3970	0.0	3.3	1.091
3971	0.0	3.3	1.041
3972	0.0	3.3	1.010
3973	0.0	3.3	0.935
3974	0.0	3.3	0.821
3975	0.0	3.3	0.749
3976	0.0	3.3	0.699
3977	0.0	3.3	0.726
3978	0.0	3.3	0.901
3979	0.0	3.3	1.005
3980	0.0	3.3	1.243
3981	0.0	3.3	1.277
3982	0.0	3.3	1.191
3983	0.0	3.3	0.717
3984	0.0	3.3	0.449
3985	0.0	3.3	0.311
3986	0.0	3.3	0.168
3987	0.0	3.3	0.066
3988	0.0	3.3	0.048
3989	0.0	3.3	0.143
3990	0.0	3.3	0.358
3991	0.0	3.3	0.969
3992	0.0	3.3	1.037
3993	0.0	3.3	1.041
3994	0.0	3.3	1.091
3995	0.0	3.3	1.041
3996	0.0	3.3	1.010
3997	0.0	3.3	0.935
3998	0.0	3.3	0.821
3999	0.0	3.3	0.749
4000	0.0	3.3	0.699
4001	0.0	3.3	0.726
4002	0.0	3.3	0.901
4003	0.0	3.3	1.005
4004	0.0	3.3	1.243
4005	0.0	3.3	1.277
4006	0.0	3.3	1.191
4007	0.0	3.3	0.717
4008	0.0	3.3	0.449
4009	0.0	3.2	0.311
4010	0.0	3.2	0.168
4011	0.0	3.2	0.066
4012	0.0	3.2	0.048
4013	0.0	3.2	0.143
4014	0.0	3.2	0.358
4015	0.0	3.2	0.969
4016	0.0	3.2	1.037
4017	0.0	3.2	1.041
4018	0.0	3.2	1.091
4019	0.0	3.2	1.041
4020	0.0	3.2	1.010
4021	0.0	3.2	0.935
4022	0.0	3.2	0.821
4023	0.0	3.2	0.749
4024	0.0	3.2	0.699
4025	0.0	3.2	0.726
4026	0.0	3.2	0.901
4027	0.0	3.2	1.005
4028	0.0	3.2	1.243
4029	0.0	3.2	1.277
4030	0.0	3.2	1.191
4031	0.0	3.2	0.717
4032	0.0	3.2	0.449
4033	0.0	3.2	0.311
4034	0.0	3.2	0.168
4035	0.0	3.2	0.066
4036	0.0	3.2	0.048
4037	0.0	3.2	0.143
4038	0.0	3.2	0.358
4039	0.0	3.2	0.969
4040	0.0	3.2	1.037
4041	0.0	3.2	1.041
4042	0.0	3.2	1.091
4043	0.0	3.2	1.041
4044	0.0	3.2	1.010
4045	0.0	3.2	0.935
4046	0.0	3.2	0.821
4047	0.0	3.2	0.749
4048	0.0	3.2	0.699
4049	0.0	3.2	0.726
4050	0.0	3.2	0.901
4051	0.0	3.2	1.005
4052	0.0	3.2	1.243
4053	0.0	3.2	1.277
4054	0.0	3.1	1.191
4055	0.0	3.1	0.717
4056	0.0	3.1	0.449
4057	0.0	3.1	0.311
4058	0.0	3.1	0.168
4059	0.0	3.1	0.066
4060	0.0	3.1	0.048
4061	0.0	3.1	0.143
4062	0.0	3.1	0.358
4063	0.0	3.1	0.969
4064	0.0	3.1	1.037
4065	0.0	3.1	1.041
4066	0.0	3.1	1.091
4067	0.0	3.1	1.041
4068	0.0	3.1	1.010
4069	0.0	3.1	0.935
4070	0.0	3.1	0.821
4071	0.0	3.1	0.749
4072	0.0	3.1	0.699
4073	0.0	3.1	0.726
4074	0.0	3.1	0.901
4075	0.0	3.1	1.005
4076	0.0	3.1	1.243
4077	0.0	3.1	1.277
4078	0.0	3.1	1.191
4079	0.0	3.1	0.717
4080	0.0	3.1	0.449
4081	0.0	3.1	0.311
4082	0.0	3.1	0.168
4083	0.0	3.1	0.066
4084	0.0	3.1	0.048
4085	0.0	3.1	0.143
4086	0.0	3.1	0.358
4087	0.0	3.1	0.969
4088	0.0	3.1	1.037
4089	0.0	3.1	1.041
4090	0.0	3.1	1.091
4091	0.0	3.1	1.041
4092	0.0	3.1	1.010
4093	0.0	3.1	0.935
4094	0.0	3.1	0.821
4095	0.0	3.1	0.749
4096	0.0	3.1	0.699
4097	0.0	3.1	0.726
4098	0.0	3.1	0.901
4099	0.0	3.1	1.005
4100	0.0	3.1	1.243
4101	0.0	3.1	1.277
4102	0.0	3.0	1.191
4103	0.0	3.0	0.717
4104	0.0	3.0	0.449
4105	0.0	3.0	0.311
4106	0.0	3.0	0.168
4107	0.0	3.0	0.066
4108	0.0	3.0	0.048
4109	0.0	3.0	0.143
4110	0.0	3.0	0.358
4111	0.0	3.0	0.969
4112	0.0	3.0	1.037
4113	0.0	3.0	1.041
4114	0.0	3.0	1.091
4115	0.0	3.0	1.041
4116	0.0	3.0	1.010
4117	0.0	3.0	0.935
4118	0.0	3.0	0.821
4119	0.0	3.0	0.749
4120	0.0	3.0	0.699
4121	0.0	3.0	0.726
4122	0.0	3.0	0.901
4123	0.0	3.0	1.005
4124	0.0	3.0	1.243
4125	0.0	3.0	1.277
4126	0.0	3.0	1.191
4127	0.0	3.0	0.717
4128	0.0	3.0	0.449
4129	0.0	3.0	0.311
4130	0.0	3.0	0.168
4131	0.0	3.0	0.066
4132	0.0	3.0	0.048
4133	0.0	3.0	0.143
4134	0.0	3.0	0.358
4135	0.0	3.0	0.969
4136	0.0	3.0	1.037
4137	0.0	3.0	1.041
4138	0.0	3.0	1.091
4139	0.0	3.0	1.041
4140	0.0	3.0	1.010
4141	0.0	3.0	0.935
4142	0.0	3.0	0.821
4143	0.0	3.0	0.749
4144	0.0	3.0	0.699
4145	0.0	3.0	0.726
4146	0.0	2.9	0.901
4147	0.0	2.9	1.005
4148	0.0	2.9	1.243
4149	0.0	2.9	1.277
4150	0.0	2.9	1.191
4151	0.0	2.9	0.717
4152	0.0	2.9	0.449
4153	0.0	2.9	0.311
4154	0.0	2.9	0.168
4155	0.0	2.9	0.066
4156	0.0	2.9	0.048
4157	0.0	2.9	0.143
4158	0.0	2.9	0.358
4159	0.0	2.9	0.969
4160	0.0	2.9	1.037
4161	0.0	2.9	1.041
4162	0.0	2.9	1.091
4163	0.0	2.9	1.041
4164	0.0	2.9	1.010
4165	0.0	2.9	0.935
4166	0.0	2.9	0.821
4167	0.0	2.9	0.749
4168	0.0	2.9	0.699
4169	0.0	2.9	0.726
4170	0.0	2.9	0.901
4171	0.0	2.9	1.005
4172	0.0	2.9	1.243
4173	0.0	2.9	1.277
4174	0.0	2.9	1.191
4175	0.0	2.9	0.717
4176	0.0	2.9	0.449
4177	0.0	2.9	0.311
4178	0.0	2.9	0.168
4179	0.0	2.9	0.066
4180	0.0	2.9	0.048
4181	0.0	2.9	0.143
4182	0.0	2.9	0.358
4183	0.0	2.9	0.969
4184	0.0	2.9	1.037
4185	0.0	2.9	1.041
4186	0.0	2.9	1.091
4187	0.0	2.9	1.041
4188	0.0	2.9	1.010
4189	0.0	2.9	0.935
4190	0.0	2.9	0.821
4191	0.0	2.9	0.749
4192	0.0	2.9	0.699
4193	0.0	2.9	0.726
4194	0.0	2.9	0.901
4195	0.0	2.9	1.005
4196	0.0	2.9	1.243
4197	0.0	2.9	1.277
4198	0.0	2.8	1.191
4199	0.0	2.8	0.717
4200	0.0	2.8	0.449
4201	0.0	2.8	0.311
4202	0.0	2.8	0.168
4203	0.0	2.8	0.066
4204	0.0	2.8	0.048
4205	0.0	2.8	0.143
4206	0.0	2.8	0.358
4207	0.0	2.8	0.969
4208	0.0	2.8	1.037
4209	0.0	2.8	1.041
4210	0.0	2.8	1.091
4211	0.0	2.8	1.041
4212	0.0	2.8	1.010
4213	0.0	2.8	0.935
4214	0.0	2.8	0.821
4215	0.0	2.8	0.749
4216	0.0	2.8	0.699
4217	0.0	2.8	0.726
4218	0.0	2.8	0.901
4219	0.0	2.8	1.005
4220	0.0	2.8	1.243
4221	0.0	2.8	1.277
4222	0.0	2.8	1.191
4223	0.0	2.8	0.717
4224	0.0	2.8	0.449
4225	0.0	2.8	0.311
4226	0.0	2.8	0.168
4227	0.0	2.8	0.066
4228	0.0	2.8	0.048
4229	0.0	2.8	0.143
4230	0.0	2.8	0.358
4231	0.0	2.8	0.969
4232	0.0	2.8	1.037
4233	0.0	2.8	1.041
4234	0.0	2.8	1.091
4235	0.0	2.8	1.041
4236	0.0	2.8	1.010
4237	0.0	2.8	0.935
4238	0.0	2.8	0.821
4239	0.0	2.8	0.749
4240	0.0	2.8	0.699
4241	0.0	2.8	0.726
4242	0.0	2.7	0.901
4243	0.0	2.7	1.005
4244	0.0	2.7	1.243
4245	0.0	2.7	1.277
4246	0.0	2.7	1.191
4247	0.0	2.7	0.717
4248	0.0	2.7	0.449
4249	0.0	2.7	0.311
4250	0.0	2.7	0.168
4251	0.0	2.7	0.066
4252	0.0	2.7	0.048
4253	0.0	2.7	0.143
4254	0.0	2.7	0.358
4255	0.0	2.7	0.969
4256	0.0	2.7	1.037
4257	0.0	2.7	1.041
4258	0.0	2.7	1.091
4259	0.0	2.7	1.041
4260	0.0	2.7	1.010
4261	0.0	2.7	0.935
4262	0.0	2.7	0.821
4263	0.0	2.7	0.749
4264	0.0	2.7	0.699
4265	0.0	2.7	0.726
4266	0.0	2.7	0.901
4267	0.0	2.7	1.005
4268	0.0	2.7	1.243
4269	0.0	2.7	1.277
4270	0.0	2.7	1.191
4271	0.0	2.7	0.717
4272	0.0	2.7	0.449
4273	0.0	2.7	0.311
4274	0.0	2.7	0.168
4275	0.0	2.7	0.066
4276	0.0	2.7	0.048
4277	0.0	2.7	0.143
4278	0.0	2.7	0.358
4279	0.0	2.7	0.969
4280	0.0	2.7	1.037
4281	0.0	2.7	1.041
4282	0.0	2.7	1.091
4283	0.0	2.7	1.041
4284	0.0	2.7	1.010
4285	0.0	2.7	0.935
4286	0.0	2.7	0.821
4287	0.0	2.7	0.749
4288	0.0	2.7	0.699
4289	0.0	2.7	0.726
4290	0.0	2.7	0.901
4291	0.0	2.7	1.005
4292	0.0	2.7	1.243
4293	0.0	2.7	1.277
4294	0.0	2.7	1.191
4295	0.0	2.7	0.717
4296	0.0	2.7	0.449
4297	0.0	2.6	0.311
4298	0.0	2.6	0.168
4299	0.0	2.6	0.066
4300	0.0	2.6	0.048
4301	0.0	2.6	0.143
4302	0.0	2.6	0.358
4303	0.0	2.6	0.969
4304	0.0	2.6	1.037
4305	0.0	2.6	1.041
4306	0.0	2.6	1.091
4307	0.0	2.6	1.041
4308	0.0	2.6	1.010
4309	0.0	2.6	0.935
4310	0.0	2.6	0.821
4311	0.0	2.6	0.749
4312	0.0	2.6	0.699
4313	0.0	2.6	0.726
4314	0.0	2.6	0.901
4315	0.0	2.6	1.005
4316	0.0	2.6	1.243
4317	0.0	2.6	1.277
4318	0.0	2.6	1.191
4319	0.0	2.6	0.717
4320	0.0	2.6	0.449
4321	0.0	2.6	0.311
4322	0.0	2.6	0.168
4323	0.0	2.6	0.066
4324	0.0	2.6	0.048
4325	0.0	2.6	0.143
4326	0.0	2.6	0.358
4327	0.0	2.6	0.969
4328	0.0	2.6	1.037
4329	0.0	2.6	1.041
4330	0.0	2.6	1.091
4331	0.0	2.6	1.041
4332	0.0	2.6	1.010
4333	0.0	2.6	0.935
4334	0.0	2.6	0.821
4335	0.0	2.6	0.749
4336	0.0	2.6	0.699
4337	0.0	2.6	0.726
4338	0.0	2.6	0.901
4339	0.0	2.6	1.005
4340	0.0	2.6	1.243
4341	0.0	2.5	1.277
4342	0.0	2.5	1.191
4343	0.0	2.5	0.717
4344	0.0	2.5	0.449
4345	0.0	2.5	0.311
4346	0.0	2.5	0.168
4347	0.0	2.5	0.066
4348	0.0	2.5	0.048
4349	0.0	2.5	0.143
4350	0.0	2.5	0.358
4351	0.0	2.5	0.969
4352	0.0	2.5	1.037
4353	0.0	2.5	1.041
4354	0.0	2.5	1.091
4355	0.0	2.5	1.041
4356	0.0	2.5	1.010
4357	0.0	2.5	0.935
4358	0.0	2.5	0.821
4359	0.0	2.5	0.749
4360	0.0	2.5	0.699
4361	0.0	2.5	0.726
4362	0.0	2.5	0.901
4363	0.0	2.5	1.005
4364	0.0	2.5	1.243
4365	0.0	2.5	1.277
4366	0.0	2.5	1.191
4367	0.0	2.5	0.717
4368	0.0	2.5	0.449
4369	0.0	2.5	0.311
4370	0.0	2.5	0.168
4371	0.0	2.5	0.066
4372	0.0	2.5	0.048
4373	0.0	2.4	0.143
4374	0.0	2.4	0.358
4375	0.0	2.4	0.969
4376	0.0	2.4	1.037
4377	0.0	2.4	1.041
4378	0.0	2.4	1.091
4379	0.0	2.4	1.041
4380	0.0	2.4	1.010
4381	0.0	2.4	0.935
4382	0.0	2.4	0.821
4383	0.0	2.4	0.749
4384	0.0	2.4	0.699
4385	0.0	2.4	0.726
4386	0.0	2.4	0.901
4387	0.0	2.4	1.005
4388	0.0	2.4	1.243
4389	0.0	2.4	1.277
4390	0.0	2.4	1.191
4391	0.0	2.4	0.717
4392	0.0	2.4	0.449
4393	0.0	2.4	0.311
4394	0.0	2.4	0.168
4395	0.0	2.4	0.066
4396	0.0	2.4	0.048
4397	0.0	2.4	0.143
4398	0.0	2.4	0.358
4399	0.0	2.4	0.969
4400	0.0	2.4	1.037
4401	0.0	2.4	1.041
4402	0.0	2.4	1.091
4403	0.0	2.4	1.041
4404	0.0	2.4	1.010
4405	0.0	2.4	0.935
4406	0.0	2.4	0.821
4407	0.0	2.4	0.749
4408	0.0	2.4	0.699
4409	0.0	2.4	0.726
4410	0.0	2.3	0.901
4411	0.0	2.3	1.005
4412	0.0	2.3	1.243
4413	0.0	2.3	1.277
4414	0.0	2.3	1.191
4415	0.0	2.3	0.717
4416	0.0	2.3	0.449
4417	0.0	2.3	0.311
4418	0.0	2.3	0.168
4419	0.0	2.3	0.066
4420	0.0	2.3	0.048
4421	0.0	2.3	0.143
4422	0.0	2.3	0.358
4423	0.0	2.3	0.969
4424	0.0	2.3	1.037
4425	0.0	2.3	1.041
4426	0.0	2.3	1.091
4427	0.0	2.3	1.041
4428	0.0	2.3	1.010
4429	0.0	2.3	0.935
4430	0.0	2.3	0.821
4431	0.0	2.3	0.749
4432	0.0	2.3	0.699
4433	0.0	2.3	0.726
4434	0.0	2.3	0.901
4435	0.0	2.3	1.005
4436	0.0	2.3	1.243
4437	0.0	2.3	1.277
4438	0.0	2.3	1.191
4439	0.0	2.3	0.717
4440	0.0	2.3	0.449
4441	0.0	2.3	0.311
4442	0.0	2.2	0.168
4443	0.0	2.2	0.066
4444	0.0	2.2	0.048
4445	0.0	2.2	0.143
4446	0.0	2.2	0.358
4447	0.0	2.2	0.969
4448	0.0	2.2	1.037
4449	0.0	2.2	1.041
4450	0.0	2.2	1.091
4451	0.0	2.2	1.041
4452	0.0	2.2	1.010
4453	0.0	2.2	0.935
4454	0.0	2.2	0.821
4455	0.0	2.2	0.749
4456	0.0	2.2	0.699
4457	0.0	2.2	0.726
4458	0.0	2.2	0.901
4459	0.0	2.2	1.005
4460	0.0	2.2	1.243
4461	0.0	2.2	1.277
4462	0.0	2.2	1.191
4463	0.0	2.2	0.717
4464	0.0	2.2	0.449
4465	0.0	2.2	0.311
4466	0.0	2.2	0.168
4467	0.0	2.2	0.066
4468	0.0	2.2	0.048
4469	0.0	2.2	0.143
4470	0.0	2.2	0.358
4471	0.0	2.2	0.969
4472	0.0	2.2	1.037
4473	0.0	2.2	1.041
4474	0.0	2.2	1.091
4475	0.0	2.2	1.041
4476	0.0	2.2	1.010
4477	0.0	2.2	0.935
4478	0.0	2.2	0.821
4479	0.0	2.1	0.749
4480	0.0	2.1	0.699
4481	0.0	2.1	0.726
4482	0.0	2.1	0.901
4483	0.0	2.1	1.005
4484	0.0	2.1	1.243
4485	0.0	2.1	1.277
4486	0.0	2.1	1.191
4487	0.0	2.1	0.717
4488	0.0	2.1	0.449
4489	0.0	2.1	0.311
4490	0.0	2.1	0.168
4491	0.0	2.1	0.066
4492	0.0	2.1	0.048
4493	0.0	2.1	0.143
4494	0.0	2.1	0.358
4495	0.0	2.1	0.969
4496	0.0	2.1	1.037
4497	0.0	2.1	1.041
4498	0.0	2.1	1.091
4499	0.0	2.1	1.041
4500	0.0	2.1	1.010
4501	0.0	2.1	0.935
4502	0.0	2.1	0.821
4503	0.0	2.1	0.749
4504	0.0	2.1	0.699
4505	0.0	2.1	0.726
4506	0.0	2.1	0.901
4507	0.0	2.1	1.005
4508	0.0	2.1	1.243
4509	0.0	2.1	1.277
4510	0.0	2.1	1.191
4511	0.0	2.1	0.717
4512	0.0	2.1	0.449
4513	0.0	2.0	0.311
4514	0.0	2.0	0.168
4515	0.0	2.0	0.066
4516	0.0	2.0	0.048
4517	0.0	2.0	0.143
4518	0.0	2.0	0.358
4519	0.0	2.0	0.969
4520	0.0	2.0	1.037
4521	0.0	2.0	1.041
4522	0.0	2.0	1.091
4523	0.0	2.0	1.041
4524	0.0	2.0	1.010
4525	0.0	2.0	0.935
4526	0.0	2.0	0.821
4527	0.0	2.0	0.749
4528	0.0	2.0	0.699
4529	0.0	2.0	0.726
4530	0.0	2.0	0.901
4531	0.0	2.0	1.005
4532	0.0	2.0	1.243
4533	0.0	2.0	1.277
4534	0.0	2.0	1.191
4535	0.0	2.0	0.717
4536	0.0	2.0	0.449
4537	0.0	2.0	0.311
4538	0.0	2.0	0.168
4539	0.0	2.0	0.066
4540	0.0	2.0	0.048
4541	0.0	2.0	0.143
4542	0.0	2.0	0.358
4543	0.0	2.0	0.969
4544	0.0	2.0	1.037
4545	0.0	2.0	1.041
4546	0.0	2.0	1.091
4547	0.0	2.0	1.041
4548	0.0	2.0	1.010
4549	0.0	2.0	0.935
4550	0.0	2.0	0.821
4551	0.0	1.9	0.749
4552	0.0	1.9	0.699
4553	0.0	1.9	0.726
4554	0.0	1.9	0.901
4555	0.0	1.9	1.005
4556	0.0	1.9	1.243
4557	0.0	1.9	1.277
4558	0.0	1.9	1.191
4559	0.0	1.9	0.717
4560	0.0	1.9	0.449
4561	0.0	1.9	0.311
4562	0.0	1.9	0.168
4563	0.0	1.9	0.066
4564	0.0	1.9	0.048
4565	0.0	1.9	0.143
4566	0.0	1.9	0.358
4567	0.0	1.9	0.969
4568	0.0	1.9	1.037
4569	0.0	1.9	1.041
4570	0.0	1.9	1.091
4571	0.0	1.9	1.041
4572	0.0	1.9	1.010
4573	0.0	1.9	0.935
4574	0.0	1.9	0.821
4575	0.0	1.9	0.749
4576	0.0	1.9	0.699
4577	0.0	1.8	0.726
4578	0.0	1.8	0.901
4579	0.0	1.8	1.005
4580	0.0	1.8	1.243
4581	0.0	1.8	1.277
4582	0.0	1.8	1.191
4583	0.0	1.8	0.717
4584	0.0	1.8	0.449
4585	0.0	1.8	0.311
4586	0.0	1.8	0.168
4587	0.0	1.8	0.066
4588	0.0	1.8	0.048
4589	0.0	1.8	0.143
4590	0.0	1.8	0.358
4591	0.0	1.8	0.969
4592	0.0	1.8	1.037
4593	0.0	1.8	1.041
4594	0.0	1.8	1.091
4595	0.0	1.8	1.041
4596	0.0	1.8	1.010
4597	0.0	1.8	0.935
4598	0.0	1.8	0.821
4599	0.0	1.8	0.749
4600	0.0	1.8	0.699
4601	0.0	1.8	0.726
4602	0.0	1.8	0.901
4603	0.0	1.8	1.005
4604	0.0	1.8	1.243
4605	0.0	1.8	1.277
4606	0.0	1.8	1.191
4607	0.0	1.8	0.717
4608	0.0	1.8	0.449
4609	0.0	1.8	0.311
4610	0.0	1.8	0.168
4611	0.0	1.8	0.066
4612	0.0	1.8	0.048
4613	0.0	1.8	0.143
4614	0.0	1.8	0.358
4615	0.0	1.8	0.969
4616	0.0	1.8	1.037
4617	0.0	1.8	1.041
4618	0.0	1.8	1.091
4619	0.0	1.8	1.041
4620	0.0	1.8	1.010
4621	0.0	1.8	0.935
4622	0.0	1.8	0.821
4623	0.0	1.7	0.749
4624	0.0	1.7	0.699
4625	0.0	1.7	0.726
4626	0.0	1.7	0.901
4627	0.0	1.7	1.005
4628	0.0	1.7	1.243
4629	0.0	1.7	1.277
4630	0.0	1.7	1.191
4631	0.0	1.7	0.717
4632	0.0	1.7	0.449
4633	0.0	1.7	0.311
4634	0.0	1.7	0.168
4635	0.0	1.7	0.066
4636	0.0	1.7	0.048
4637	0.0	1.7	0.143
4638	0.0	1.7	0.358
4639	0.0	1.7	0.969
4640	0.0	1.7	1.037
4641	0.0	1.7	1.041
4642	0.0	1.7	1.091
4643	0.0	1.7	1.041
4644	0.0	1.7	1.010
4645	0.0	1.7	0.935
4646	0.0	1.7	0.821
4647	0.0	1.7	0.749
4648	0.0	1.7	0.699
4649	0.0	1.7	0.726
4650	0.0	1.7	0.901
4651	0.0	1.7	1.005
4652	0.0	1.7	1.243
4653	0.0	1.7	1.277
4654	0.0	1.7	1.191
4655	0.0	1.7	0.717
4656	0.0	1.7	0.449
4657	0.0	1.7	0.311
4658	0.0	1.7	0.168
4659	0.0	1.7	0.066
4660	0.0	1.7	0.048
4661	0.0	1.7	0.143
4662	0.0	1.6	0.358
4663	0.0	1.6	0.969
4664	0.0	1.6	1.037
4665	0.0	1.6	1.041
4666	0.0	1.6	1.091
4667	0.0	1.6	1.041
4668	0.0	1.6	1.010
4669	0.0	1.6	0.935
4670	0.0	1.6	0.821
4671	0.0	1.6	0.749
4672	0.0	1.6	0.699
4673	0.0	1.6	0.726
4674	0.0	1.6	0.901
4675	0.0	1.6	1.005
4676	0.0	1.6	1.243
4677	0.0	1.6	1.277
4678	0.0	1.6	1.191
4679	0.0	1.6	0.717
4680	0.0	1.6	0.449
4681	0.0	1.6	0.311
4682	0.0	1.6	0.168
4683	0.0	1.6	0.066
4684	0.0	1.6	0.048
4685	0.0	1.6	0.143
4686	0.0	1.6	0.358
4687	0.0	1.6	0.969
4688	0.0	1.6	1.037
4689	0.0	1.6	1.041
4690	0.0	1.6	1.091
4691	0.0	1.6	1.041
4692	0.0	1.6	1.010
4693	0.0	1.6	0.935
4694	0.0	1.6	0.821
4695	0.0	1.6	0.749
4696	0.0	1.6	0.699
4697	0.0	1.6	0.726
4698	0.0	1.6	0.901
4699	0.0	1.6	1.005
4700	0.0	1.6	1.243
4701	0.0	1.6	1.277
4702	0.0	1.6	1.191
4703	0.0	1.6	0.717
4704	0.0	1.6	0.449
4705	0.0	1.6	0.311
4706	0.0	1.5	0.168
4707	0.0	1.5	0.066
4708	0.0	1.5	0.048
4709	0.0	1.5	0.143
4710	0.0	1.5	0.358
4711	0.0	1.5	0.969
4712	0.0	1.5	1.037
4713	0.0	1.5	1.041
4714	0.0	1.5	1.091
4715	0.0	1.5	1.041
4716	0.0	1.5	1.010
4717	0.0	1.5	0.935
4718	0.0	1.5	0.821
4719	0.0	1.5	0.749
4720	0.0	1.5	0.699
4721	0.0	1.5	0.726
4722	0.0	1.5	0.901
4723	0.0	1.5	1.005
4724	0.0	1.5	1.243
4725	0.0	1.5	1.277
4726	0.0	1.5	1.191
4727	0.0	1.5	0.717
4728	0.0	1.5	0.449
4729	0.0	1.5	0.311
4730	0.0	1.5	0.168
4731	0.0	1.5	0.066
4732	0.0	1.5	0.048
4733	0.0	1.5	0.143
4734	0.0	1.5	0.358
4735	0.0	1.5	0.969
4736	0.0	1.5	1.037
4737	0.0	1.5	1.041
4738	0.0	1.5	1.091
4739	0.0	1.5	1.041
4740	0.0	1.5	1.010
4741	0.0	1.5	0.935
4742	0.0	1.5	0.821
4743	0.0	1.5	0.749
4744	0.0	1.5	0.699
4745	0.0	1.4	0.726
4746	0.0	1.4	0.901
4747	0.0	1.4	1.005
4748	0.0	1.4	1.243
4749	0.0	1.4	1.277
4750	0.0	1.4	1.191
4751	0.0	1.4	0.717
4752	0.0	1.4	0.449
4753	0.0	1.4	0.311
4754	0.0	1.4	0.168
4755	0.0	1.4	0.066
4756	0.0	1.4	0.048
4757	0.0	1.4	0.143
4758	0.0	1.4	0.358
4759	0.0	1.4	0.969
4760	0.0	1.4	1.037
4761	0.0	1.4	1.041
4762	0.0	1.4	1.091
4763	0.0	1.4	1.041
4764	0.0	1.4	1.010
4765	0.0	1.4	0.935
4766	0.0	1.4	0.821
4767	0.0	1.4	0.749
4768	0.0	1.3	0.699
4769	0.0	1.3	0.726
4770	0.0	1.3	0.901
4771	0.0	1.3	1.005
4772	0.0	1.3	1.243
4773	0.0	1.3	1.277
4774	0.0	1.3	1.191
4775	0.0	1.3	0.717
4776	0.0	1.3	0.449
4777	0.0	1.3	0.311
4778	0.0	1.3	0.168
4779	0.0	1.3	0.066
4780	0.0	1.3	0.048
4781	0.0	1.3	0.143
4782	0.0	1.3	0.358
4783	0.0	1.3	0.969
4784	0.0	1.3	1.037
4785	0.0	1.3	1.041
4786	0.0	1.3	1.091
4787	0.0	1.3	1.041
4788	0.0	1.3	1.010
4789	0.0	1.3	0.935
4790	0.0	1.3	0.821
4791	0.0	1.3	0.749
4792	0.0	1.3	0.699
4793	0.0	1.3	0.726
4794	0.0	1.3	0.901
4795	0.0	1.2	1.005
4796	0.0	1.2	1.243
4797	0.0	1.2	1.277
4798	0.0	1.2	1.191
4799	0.0	1.2	0.717
4800	0.0	1.2	0.449
4801	0.0	1.2	0.311
4802	0.0	1.2	0.168
4803	0.0	1.2	0.066
4804	0.0	1.2	0.048
4805	0.0	1.2	0.143
4806	0.0	1.2	0.358
4807	0.0	1.2	0.969
4808	0.0	1.2	1.037
4809	0.0	1.2	1.041
4810	0.0	1.2	1.091
4811	0.0	1.2	1.041
4812	0.0	1.2	1.010
4813	0.0	1.2	0.935
4814	0.0	1.2	0.821
4815	0.0	1.2	0.749
4816	0.0	1.2	0.699
4817	0.0	1.2	0.726
4818	0.0	1.2	0.901
4819	0.0	1.2	1.005
4820	0.0	1.1	1.243
4821	0.0	1.1	1.277
4822	0.0	1.1	1.191
4823	0.0	1.1	0.717
4824	0.0	1.1	0.449
4825	0.0	1.1	0.311
4826	0.0	1.1	0.168
4827	0.0	1.1	0.066
4828	0.0	1.1	0.048
4829	0.0	1.1	0.143
4830	0.0	1.1	0.358
4831	0.0	1.1	0.969
4832	0.0	1.1	1.037
4833	0.0	1.1	1.041
4834	0.0	1.1	1.091
4835	0.0	1.1	1.041
4836	0.0	1.1	1.010
4837	0.0	1.1	0.935
4838	0.0	1.1	0.821
4839	0.0	1.1	0.749
4840	0.0	1.1	0.699
4841	0.0	1.1	0.726
4842	0.0	1.1	0.901
4843	0.0	1.1	1.005
4844	0.0	1.1	1.243
4845	0.0	1.1	1.277
4846	0.0	1.0	1.191
4847	0.0	1.0	0.717
4848	0.0	1.0	0.449
4849	0.0	1.0	0.311
4850	0.0	1.0	0.168
4851	0.0	1.0	0.066
4852	0.0	1.0	0.048
4853	0.0	1.0	0.143
4854	0.0	1.0	0.358
4855	0.0	1.0	0.969
4856	0.0	1.0	1.037
4857	0.0	1.0	1.041
4858	0.0	1.0	1.091
4859	0.0	1.0	1.041
4860	0.0	1.0	1.010
4861	0.0	0.9	0.935
4862	0.0	0.9	0.821
4863	0.0	0.9	0.749
4864	0.0	0.9	0.699
4865	0.0	0.9	0.726
4866	0.0	0.9	0.901
4867	0.0	0.9	1.005
4868	0.0	0.9	1.243
4869	0.0	0.9	1.277
4870	0.0	0.9	1.191
4871	0.0	0.9	0.717
4872	0.0	0.9	0.449
4873	0.0	0.9	0.311
4874	0.0	0.9	0.168
4875	0.0	0.9	0.066
4876	0.0	0.9	0.048
4877	0.0	0.9	0.143
4878	0.0	0.9	0.358
4879	0.0	0.8	0.969
4880	0.0	0.8	1.037
4881	0.0	0.8	1.041
4882	0.0	0.8	1.091
4883	0.0	0.8	1.041
4884	0.0	0.8	1.010
4885	0.0	0.8	0.935
4886	0.0	0.8	0.821
4887	0.0	0.8	0.749
4888	0.0	0.8	0.699
4889	0.0	0.8	0.726
4890	0.0	0.8	0.901
4891	0.0	0.8	1.005
4892	0.0	0.8	1.243
4893	0.0	0.8	1.277
4894	0.0	0.8	1.191
4895	0.0	0.8	0.717
4896	0.0	0.8	0.449
4897	0.0	0.8	0.311
4898	0.0	0.8	0.168
4899	0.0	0.8	0.066
4900	0.0	0.8	0.048
4901	0.0	0.8	0.143
4902	0.0	0.7	0.358
4903	0.0	0.7	0.969
4904	0.0	0.7	1.037
4905	0.0	0.7	1.041
4906	0.0	0.7	1.091
4907	0.0	0.7	1.041
4908	0.0	0.7	1.010
4909	0.0	0.7	0.935
4910	0.0	0.7	0.821
4911	0.0	0.7	0.749
4912	0.0	0.7	0.699
4913	0.0	0.7	0.726
4914	0.0	0.7	0.901
4915	0.0	0.7	1.005
4916	0.0	0.7	1.243
4917	0.0	0.7	1.277
4918	0.0	0.7	1.191
4919	0.0	0.7	0.717
4920	0.0	0.7	0.449
4921	0.0	0.7	0.311
4922	0.0	0.7	0.168
4923	0.0	0.7	0.066
4924	0.0	0.7	0.048
4925	0.0	0.7	0.143
4926	0.0	0.6	0.358
4927	0.0	0.6	0.969
4928	0.0	0.6	1.037
4929	0.0	0.6	1.041
4930	0.0	0.6	1.091
4931	0.0	0.6	1.041
4932	0.0	0.6	1.010
4933	0.0	0.6	0.935
4934	0.0	0.6	0.821
4935	0.0	0.6	0.749
4936	0.0	0.6	0.699
4937	0.0	0.6	0.726
4938	0.0	0.6	0.901
4939	0.0	0.6	1.005
4940	0.0	0.6	1.243
4941	0.0	0.6	1.277
4942	0.0	0.5	1.191
4943	0.0	0.5	0.717
4944	0.0	0.5	0.449
4945	0.0	0.5	0.311
4946	0.0	0.5	0.168
4947	0.0	0.5	0.066
4948	0.0	0.5	0.048
4949	0.0	0.5	0.143
4950	0.0	0.5	0.358
4951	0.0	0.5	0.969
4952	0.0	0.5	1.037
4953	0.0	0.5	1.041
4954	0.0	0.5	1.091
4955	0.0	0.5	1.041
4956	0.0	0.4	1.010
4957	0.0	0.4	0.935
4958	0.0	0.4	0.821
4959	0.0	0.4	0.749
4960	0.0	0.4	0.699
4961	0.0	0.4	0.726
4962	0.0	0.4	0.901
4963	0.0	0.4	1.005
4964	0.0	0.4	1.243
4965	0.0	0.4	1.277
4966	0.0	0.4	1.191
4967	0.0	0.4	0.717
4968	0.0	0.4	0.449
4969	0.0	0.4	0.311
4970	0.0	0.4	0.168
4971	0.0	0.3	0.066
4972	0.0	0.3	0.048
4973	0.0	0.3	0.143
4974	0.0	0.3	0.358
4975	0.0	0.3	0.969
4976	0.0	0.3	1.037
4977	0.0	0.3	1.041
4978	0.0	0.3	1.091
4979	0.0	0.3	1.041
4980	0.0	0.3	1.010
4981	0.0	0.3	0.935
4982	0.0	0.3	0.821
4983	0.0	0.2	0.749
4984	0.0	0.2	0.699
4985	0.0	0.2	0.726
4986	0.0	0.2	0.901
4987	0.0	0.2	1.005
4988	0.0	0.2	1.243
4989	0.0	0.2	1.277
4990	0.0	0.2	1.191
4991	0.0	0.2	0.717
4992	0.0	0.2	0.449
4993	0.0	0.2	0.311
4994	0.0	0.2	0.168
4995	0.0	0.2	0.066
4996	0.0	0.2	0.048
4997	0.0	0.1	0.143
4998	0.0	0.1	0.358
4999	0.0	0.1	0.969
5000	0.0	0.1	1.037
5001	0.0	0.1	1.041
5002	0.0	0.1	1.091
5003	0.0	0.1	1.041
5004	0.0	0.1	1.010
5005	0.0	0.1	0.935
5006	0.0	0.1	0.821
5007	0.0	0.1	0.749
5008	0.0	0.1	0.699
5009	0.0	0.1	0.726
5010	0.0	0.0	0.901
5011	0.0	0.0	1.005
5012	0.0	0.0	1.243
5013	0.0	0.0	1.277
5014	0.0	0.0	1.191
5015	0.0	0.0	0.717
5016	0.0	0.0	0.449
5017	0.0	0.0	0.311
5018	0.0	0.0	0.168
5019	0.0	0.0	0.066
5020	0.0	0.0	0.048
5021	0.0	0.0	0.143
5022	0.0	0.0	0.358
5023	0.0	0.0	0.969
5024	0.0	0.0	1.037
5025	0.0	0.0	1.041
5026	0.0	0.0	1.091
5027	0.0	0.0	1.041
5028	0.0	0.0	1.010
5029	0.0	0.0	0.935
5030	0.0	0.0	0.821
5031	0.0	0.0	0.749
5032	0.0	0.0	0.699
5033	0.0	0.0	0.726
5034	0.0	0.0	0.901
5035	0.0	0.0	1.005
5036	0.0	0.0	1.243
5037	0.0	0.0	1.277
5038	0.0	0.0	1.191
5039	0.0	0.0	0.717
5040	0.0	0.0	0.449
5041	0.0	0.0	0.311
5042	0.0	0.0	0.168
5043	0.0	0.0	0.066
5044	0.0	0.0	0.048
5045	0.0	0.0	0.143
5046	0.0	0.0	0.358
5047	0.0	0.0	0.969
5048	0.0	0.0	1.037
5049	0.0	0.0	1.041
5050	0.0	0.0	1.091
5051	0.0	0.0	1.041
5052	0.0	0.0	1.010
5053	0.0	0.0	0.935
5054	0.0	0.0	0.821
5055	0.0	0.0	0.749
5056	0.0	0.0	0.699
5057	0.0	0.0	0.726
5058	0.0	0.0	0.901
5059	0.0	0.0	1.005
5060	0.0	0.0	1.243
5061	0.0	0.0	1.277
5062	0.0	0.0	1.191
5063	0.0	0.0	0.717
5064	0.0	0.0	0.449
5065	0.0	0.0	0.311
5066	0.0	0.0	0.168
5067	0.0	0.0	0.066
5068	0.0	0.0	0.048
5069	0.0	0.0	0.143
5070	0.0	0.0	0.358
5071	0.0	0.0	0.969
5072	0.0	0.0	1.037
5073	0.0	0.0	1.041
5074	0.0	0.0	1.091
5075	0.0	0.0	1.041
5076	0.0	0.0	1.010
5077	0.0	0.0	0.935
5078	0.0	0.0	0.821
5079	0.0	0.0	0.749
5080	0.0	0.0	0.699
5081	0.0	0.0	0.726
5082	0.0	0.0	0.901
5083	0.0	0.0	1.005
5084	0.0	0.0	1.243
5085	0.0	0.0	1.277
5086	0.0	0.0	1.191
5087	0.0	0.0	0.717
5088	0.0	0.0	0.449
5089	0.0	0.0	0.311
5090	0.0	0.0	0.168
5091	0.0	0.0	0.066
5092	0.0	0.0	0.048
5093	0.0	0.0	0.143
5094	0.0	0.0	0.358
5095	0.0	0.0	0.969
5096	0.0	0.0	1.037
5097	0.0	0.0	1.041
5098	0.0	0.0	1.091
5099	0.0	0.0	1.041
5100	0.0	0.0	1.010
5101	0.0	0.0	0.935
5102	0.0	0.0	0.821
5103	0.0	0.0	0.749
5104	0.0	0.0	0.699
5105	0.0	0.0	0.726
5106	0.0	0.0	0.901
5107	0.0	0.0	1.005
5108	0.0	0.0	1.243
5109	0.0	0.0	1.277
5110	0.0	0.0	1.191
5111	0.0	0.0	0.717
5112	0.0	0.0	0.449
5113	0.0	0.0	0.311
5114	0.0	0.0	0.168
5115	0.0	0.0	0.066
5116	0.0	0.0	0.048
5117	0.0	0.0	0.143
5118	0.0	0.0	0.358
5119	0.0	0.0	0.969
5120	0.0	0.0	1.037
5121	0.0	0.0	1.041
5122	0.0	0.0	1.091
5123	0.0	0.0	1.041
5124	0.0	0.0	1.010
5125	0.0	0.0	0.935
5126	0.0	0.0	0.821
5127	0.0	0.0	0.749
5128	0.0	0.0	0.699
5129	0.0	0.0	0.726
5130	0.0	0.0	0.901
5131	0.0	0.0	1.005
5132	0.0	0.0	1.243
5133	0.0	0.0	1.277
5134	0.0	0.0	1.191
5135	0.0	0.0	0.717
5136	0.0	0.0	0.449
5137	0.0	0.0	0.311
5138	0.0	0.0	0.168
5139	0.0	0.0	0.066
5140	0.0	0.0	0.048
5141	0.0	0.0	0.143
5142	0.0	0.0	0.358
5143	0.0	0.0	0.969
5144	0.0	0.0	1.037
5145	0.0	0.0	1.041
5146	0.0	0.0	1.091
5147	0.0	0.0	1.041
5148	0.0	0.0	1.010
5149	0.0	0.0	0.935
5150	0.0	0.0	0.821
5151	0.0	0.0	0.749
5152	0.0	0.0	0.699
5153	0.0	0.0	0.726
5154	0.0	0.0	0.901
5155	0.0	0.0	1.005
5156	0.0	0.0	1.243
5157	0.0	0.0	1.277
5158	0.0	0.0	1.191
5159	0.0	0.0	0.717
5160	0.0	0.0	0.449
5161	0.0	0.0	0.311
5162	0.0	0.0	0.168
5163	0.0	0.0	0.066
5164	0.0	0.0	0.048
5165	0.0	0.0	0.143
5166	0.0	0.0	0.358
5167	0.0	0.0	0.969
5168	0.0	0.0	1.037
5169	0.0	0.0	1.041
5170	0.0	0.0	1.091
5171	0.0	0.0	1.041
5172	0.0	0.0	1.010
5173	0.0	0.0	0.935
5174	0.0	0.0	0.821
5175	0.0	0.0	0.749
5176	0.0	0.0	0.699
5177	0.0	0.0	0.726
5178	0.0	0.0	0.901
5179	0.0	0.0	1.005
5180	0.0	0.0	1.243
5181	0.0	0.0	1.277
5182	0.0	0.0	1.191
5183	0.0	0.0	0.717
5184	0.0	0.0	0.449
5185	0.0	0.0	0.311
5186	0.0	0.0	0.168
5187	0.0	0.0	0.066
5188	0.0	0.0	0.048
5189	0.0	0.0	0.143
5190	0.0	0.0	0.358
5191	0.0	0.0	0.969
5192	0.0	0.0	1.037
5193	0.0	0.0	1.041
5194	0.0	0.0	1.091
5195	0.0	0.0	1.041
5196	0.0	0.0	1.010
5197	0.0	0.0	0.935
5198	0.0	0.0	0.821
5199	0.0	0.0	0.749
5200	0.0	0.0	0.699
5201	0.0	0.0	0.726
5202	0.0	0.0	0.901
5203	0.0	0.0	1.005
5204	0.0	0.0	1.243
5205	0.0	0.0	1.277
5206	0.0	0.0	1.191
5207	0.0	0.0	0.717
5208	0.0	0.0	0.449
5209	0.0	0.0	0.311
5210	0.0	0.0	0.168
5211	0.0	0.0	0.066
5212	0.0	0.0	0.048
5213	0.0	0.0	0.143
5214	0.0	0.0	0.358
5215	0.0	0.0	0.969
5216	0.0	0.0	1.037
5217	0.0	0.0	1.041
5218	0.0	0.0	1.091
5219	0.0	0.0	1.041
5220	0.0	0.0	1.010
5221	0.0	0.0	0.935
5222	0.0	0.0	0.821
5223	0.0	0.0	0.749
5224	0.0	0.0	0.699
5225	0.0	0.0	0.726
5226	0.0	0.0	0.901
5227	0.0	0.0	1.005
5228	0.0	0.0	1.243
5229	0.0	0.0	1.277
5230	0.0	0.0	1.191
5231	0.0	0.0	0.717
5232	0.0	0.0	0.449
5233	0.0	0.0	0.311
5234	0.0	0.0	0.168
5235	0.0	0.0	0.066
5236	0.0	0.0	0.048
5237	0.0	0.0	0.143
5238	0.0	0.0	0.358
5239	0.0	0.0	0.969
5240	0.0	0.0	1.037
5241	0.0	0.0	1.041
5242	0.0	0.0	1.091
5243	0.0	0.0	1.041
5244	0.0	0.0	1.010
5245	0.0	0.0	0.935
5246	0.0	0.0	0.821
5247	0.0	0.0	0.749
5248	0.0	0.0	0.699
5249	0.0	0.0	0.726
5250	0.0	0.0	0.901
5251	0.0	0.0	1.005
5252	0.0	0.0	1.243
5253	0.0	0.0	1.277
5254	0.0	0.0	1.191
5255	0.0	0.0	0.717
5256	0.0	0.0	0.449
5257	0.0	0.0	0.311
5258	0.0	0.0	0.168
5259	0.0	0.0	0.066
5260	0.0	0.0	0.048
5261	0.0	0.0	0.143
5262	0.0	0.0	0.358
5263	0.0	0.0	0.969
5264	0.0	0.0	1.037
5265	0.0	0.0	1.041
5266	0.0	0.0	1.091
5267	0.0	0.0	1.041
5268	0.0	0.0	1.010
5269	0.0	0.0	0.935
5270	0.0	0.0	0.821
5271	0.0	0.0	0.749
5272	0.0	0.0	0.699
5273	0.0	0.0	0.726
5274	0.0	0.0	0.901
5275	0.0	0.0	1.005
5276	0.0	0.0	1.243
5277	0.0	0.0	1.277
5278	0.0	0.0	1.191
5279	0.0	0.0	0.717
5280	0.0	0.0	0.449
5281	0.0	0.0	0.311
5282	0.0	0.0	0.168
5283	0.0	0.0	0.066
5284	0.0	0.0	0.048
5285	0.0	0.0	0.143
5286	0.0	0.0	0.358
5287	0.0	0.0	0.969
5288	0.0	0.0	1.037
5289	0.0	0.0	1.041
5290	0.0	0.0	1.091
5291	0.0	0.0	1.041
5292	0.0	0.0	1.010
5293	0.0	0.0	0.935
5294	0.0	0.0	0.821
5295	0.0	0.0	0.749
5296	0.0	0.0	0.699
5297	0.0	0.0	0.726
5298	0.0	0.0	0.901
5299	0.0	0.0	1.005
5300	0.0	0.0	1.243
5301	0.0	0.0	1.277
5302	0.0	0.0	1.191
5303	0.0	0.0	0.717
5304	0.0	0.0	0.449
5305	0.0	0.0	0.311
5306	0.0	0.0	0.168
5307	0.0	0.0	0.066
5308	0.0	0.0	0.048
5309	0.0	0.0	0.143
5310	0.0	0.0	0.358
5311	0.0	0.0	0.969
5312	0.0	0.0	1.037
5313	0.0	0.0	1.041
5314	0.0	0.0	1.091
5315	0.0	0.0	1.041
5316	0.0	0.0	1.010
5317	0.0	0.0	0.935
5318	0.0	0.0	0.821
5319	0.0	0.0	0.749
5320	0.0	0.0	0.699
5321	0.0	0.0	0.726
5322	0.0	0.0	0.901
5323	0.0	0.0	1.005
5324	0.0	0.0	1.243
5325	0.0	0.0	1.277
5326	0.0	0.0	1.191
5327	0.0	0.0	0.717
5328	0.0	0.0	0.449
5329	0.0	0.0	0.311
5330	0.0	0.0	0.168
5331	0.0	0.0	0.066
5332	0.0	0.0	0.048
5333	0.0	0.0	0.143
5334	0.0	0.0	0.358
5335	0.0	0.0	0.969
5336	0.0	0.0	1.037
5337	0.0	0.0	1.041
5338	0.0	0.0	1.091
5339	0.0	0.0	1.041
5340	0.0	0.0	1.010
5341	0.0	0.0	0.935
5342	0.0	0.0	0.821
5343	0.0	0.0	0.749
5344	0.0	0.0	0.699
5345	0.0	0.0	0.726
5346	0.0	0.0	0.901
5347	0.0	0.0	1.005
5348	0.0	0.0	1.243
5349	0.0	0.0	1.277
5350	0.0	0.0	1.191
5351	0.0	0.0	0.717
5352	0.0	0.0	0.449
5353	0.0	0.0	0.311
5354	0.0	0.0	0.168
5355	0.0	0.0	0.066
5356	0.0	0.0	0.048
5357	0.0	0.0	0.143
5358	0.0	0.0	0.358
5359	0.0	0.0	0.969
5360	0.0	0.0	1.037
5361	0.0	0.0	1.041
5362	0.0	0.0	1.091
5363	0.0	0.0	1.041
5364	0.0	0.0	1.010
5365	0.0	0.0	0.935
5366	0.0	0.0	0.821
5367	0.0	0.0	0.749
5368	0.0	0.0	0.699
5369	0.0	0.0	0.726
5370	0.0	0.0	0.901
5371	0.0	0.0	1.005
5372	0.0	0.0	1.243
5373	0.0	0.0	1.277
5374	0.0	0.0	1.191
5375	0.0	0.0	0.717
5376	0.0	0.0	0.449
5377	0.0	0.0	0.311
5378	0.0	0.0	0.168
5379	0.0	0.0	0.066
5380	0.0	0.0	0.048
5381	0.0	0.0	0.143
5382	0.0	0.0	0.358
5383	0.0	0.0	0.969
5384	0.0	0.0	1.037
5385	0.0	0.0	1.041
5386	0.0	0.0	1.091
5387	0.0	0.0	1.041
5388	0.0	0.0	1.010
5389	0.0	0.0	0.935
5390	0.0	0.0	0.821
5391	0.0	0.0	0.749
5392	0.0	0.0	0.699
5393	0.0	0.0	0.726
5394	0.0	0.0	0.901
5395	0.0	0.0	1.005
5396	0.0	0.0	1.243
5397	0.0	0.0	1.277
5398	0.0	0.0	1.191
5399	0.0	0.0	0.717
5400	0.0	0.0	0.449
5401	0.0	0.0	0.311
5402	0.0	0.0	0.168
5403	0.0	0.0	0.066
5404	0.0	0.0	0.048
5405	0.0	0.0	0.143
5406	0.0	0.0	0.358
5407	0.0	0.0	0.969
5408	0.0	0.0	1.037
5409	0.0	0.0	1.041
5410	0.0	0.0	1.091
5411	0.0	0.0	1.041
5412	0.0	0.0	1.010
5413	0.0	0.0	0.935
5414	0.0	0.0	0.821
5415	0.0	0.0	0.749
5416	0.0	0.0	0.699
5417	0.0	0.0	0.726
5418	0.0	0.0	0.901
5419	0.0	0.0	1.005
5420	0.0	0.0	1.243
5421	0.0	0.0	1.277
5422	0.0	0.0	1.191
5423	0.0	0.0	0.717
5424	0.0	0.0	0.449
5425	0.0	0.0	0.311
5426	0.0	0.0	0.168
5427	0.0	0.0	0.066
5428	0.0	0.0	0.048
5429	0.0	0.0	0.143
5430	0.0	0.0	0.358
5431	0.0	0.0	0.969
5432	0.0	0.0	1.037
5433	0.0	0.0	1.041
5434	0.0	0.0	1.091
5435	0.0	0.0	1.041
5436	0.0	0.0	1.010
5437	0.0	0.0	0.935
5438	0.0	0.0	0.821
5439	0.0	0.0	0.749
5440	0.0	0.0	0.699
5441	0.0	0.0	0.726
5442	0.0	0.0	0.901
5443	0.0	0.0	1.005
5444	0.0	0.0	1.243
5445	0.0	0.0	1.277
5446	0.0	0.0	1.191
5447	0.0	0.0	0.717
5448	0.0	0.0	0.449
5449	0.0	0.0	0.311
5450	0.0	0.0	0.168
5451	0.0	0.0	0.066
5452	0.0	0.0	0.048
5453	0.0	0.0	0.143
5454	0.0	0.0	0.358
5455	0.0	0.0	0.969
5456	0.0	0.0	1.037
5457	0.0	0.0	1.041
5458	0.0	0.0	1.091
5459	0.0	0.0	1.041
5460	0.0	0.0	1.010
5461	0.0	0.0	0.935
5462	0.0	0.0	0.821
5463	0.0	0.0	0.749
5464	0.0	0.0	0.699
5465	0.0	0.0	0.726
5466	0.0	0.0	0.901
5467	0.0	0.0	1.005
5468	0.0	0.0	1.243
5469	0.0	0.0	1.277
5470	0.0	0.0	1.191
5471	0.0	0.0	0.717
5472	0.0	0.0	0.449
5473	0.0	0.0	0.311
5474	0.0	0.0	0.168
5475	0.0	0.0	0.066
5476	0.0	0.0	0.048
5477	0.0	0.0	0.143
5478	0.0	0.0	0.358
5479	0.0	0.0	0.969
5480	0.0	0.0	1.037
5481	0.0	0.0	1.041
5482	0.0	0.0	1.091
5483	0.0	0.0	1.041
5484	0.0	0.0	1.010
5485	0.0	0.0	0.935
5486	0.0	0.0	0.821
5487	0.0	0.0	0.749
5488	0.0	0.0	0.699
5489	0.0	0.0	0.726
5490	0.0	0.0	0.901
5491	0.0	0.0	1.005
5492	0.0	0.0	1.243
5493	0.0	0.0	1.277
5494	0.0	0.0	1.191
5495	0.0	0.0	0.717
5496	0.0	0.0	0.449
5497	0.0	0.0	0.311
5498	0.0	0.0	0.168
5499	0.0	0.0	0.066
5500	0.0	0.0	0.048
5501	0.0	0.0	0.143
5502	0.0	0.0	0.358
5503	0.0	0.0	0.969
5504	0.0	0.0	1.037
5505	0.0	0.0	1.041
5506	0.0	0.0	1.091
5507	0.0	0.0	1.041
5508	0.0	0.0	1.010
5509	0.0	0.0	0.935
5510	0.0	0.0	0.821
5511	0.0	0.0	0.749
5512	0.0	0.0	0.699
5513	0.0	0.0	0.726
5514	0.0	0.0	0.901
5515	0.0	0.0	1.005
5516	0.0	0.0	1.243
5517	0.0	0.0	1.277
5518	0.0	0.0	1.191
5519	0.0	0.0	0.717
5520	0.0	0.0	0.449
5521	0.0	0.0	0.311
5522	0.0	0.0	0.168
5523	0.0	0.0	0.066
5524	0.0	0.0	0.048
5525	0.0	0.0	0.143
5526	0.0	0.0	0.358
5527	0.0	0.0	0.969
5528	0.0	0.0	1.037
5529	0.0	0.0	1.041
5530	0.0	0.0	1.091
5531	0.0	0.0	1.041
5532	0.0	0.0	1.010
5533	0.0	0.0	0.935
5534	0.0	0.0	0.821
5535	0.0	0.0	0.749
5536	0.0	0.0	0.699
5537	0.0	0.0	0.726
5538	0.0	0.0	0.901
5539	0.0	0.0	1.005
5540	0.0	0.0	1.243
5541	0.0	0.0	1.277
5542	0.0	0.0	1.191
5543	0.0	0.0	0.717
5544	0.0	0.0	0.449
5545	0.0	0.0	0.311
5546	0.0	0.0	0.168
5547	0.0	0.0	0.066
5548	0.0	0.0	0.048
5549	0.0	0.0	0.143
5550	0.0	0.0	0.358
5551	0.0	0.0	0.969
5552	0.0	0.0	1.037
5553	0.0	0.0	1.041
5554	0.0	0.0	1.091
5555	0.0	0.0	1.041
5556	0.0	0.0	1.010
5557	0.0	0.0	0.935
5558	0.0	0.0	0.821
5559	0.0	0.0	0.749
5560	0.0	0.0	0.699
5561	0.0	0.0	0.726
5562	0.0	0.0	0.901
5563	0.0	0.0	1.005
5564	0.0	0.0	1.243
5565	0.0	0.0	1.277
5566	0.0	0.0	1.191
5567	0.0	0.0	0.717
5568	0.0	0.0	0.449
5569	0.0	0.0	0.311
5570	0.0	0.0	0.168
5571	0.0	0.0	0.066
5572	0.0	0.0	0.048
5573	0.0	0.0	0.143
5574	0.0	0.0	0.358
5575	0.0	0.0	0.969
5576	0.0	0.0	1.037
5577	0.0	0.0	1.041
5578	0.0	0.0	1.091
5579	0.0	0.0	1.041
5580	0.0	0.0	1.010
5581	0.0	0.0	0.935
5582	0.0	0.0	0.821
5583	0.0	0.0	0.749
5584	0.0	0.0	0.699
5585	0.0	0.0	0.726
5586	0.0	0.0	0.901
5587	0.0	0.0	1.005
5588	0.0	0.0	1.243
5589	0.0	0.0	1.277
5590	0.0	0.0	1.191
5591	0.0	0.0	0.717
5592	0.0	0.0	0.449
5593	0.0	0.0	0.311
5594	0.0	0.0	0.168
5595	0.0	0.0	0.066
5596	0.0	0.0	0.048
5597	0.0	0.0	0.143
5598	0.0	0.0	0.358
5599	0.0	0.0	0.969
5600	0.0	0.0	1.037
5601	0.0	0.0	1.041
5602	0.0	0.0	1.091
5603	0.0	0.0	1.041
5604	0.0	0.0	1.010
5605	0.0	0.0	0.935
5606	0.0	0.0	0.821
5607	0.0	0.0	0.749
5608	0.0	0.0	0.699
5609	0.0	0.0	0.726
5610	0.0	0.0	0.901
5611	0.0	0.0	1.005
5612	0.0	0.0	1.243
5613	0.0	0.0	1.277
5614	0.0	0.0	1.191
5615	0.0	0.0	0.717
5616	0.0	0.0	0.449
5617	0.0	0.0	0.311
5618	0.0	0.0	0.168
5619	0.0	0.0	0.066
5620	0.0	0.0	0.048
5621	0.0	0.0	0.143
5622	0.0	0.0	0.358
5623	0.0	0.0	0.969
5624	0.0	0.0	1.037
5625	0.0	0.0	1.041
5626	0.0	0.0	1.091
5627	0.0	0.0	1.041
5628	0.0	0.0	1.010
5629	0.0	0.0	0.935
5630	0.0	0.0	0.821
5631	0.0	0.0	0.749
5632	0.0	0.0	0.699
5633	0.0	0.0	0.726
5634	0.0	0.0	0.901
5635	0.0	0.0	1.005
5636	0.0	0.0	1.243
5637	0.0	0.0	1.277
5638	0.0	0.0	1.191
5639	0.0	0.0	0.717
5640	0.0	0.0	0.449
5641	0.0	0.0	0.311
5642	0.0	0.0	0.168
5643	0.0	0.0	0.066
5644	0.0	0.0	0.048
5645	0.0	0.0	0.143
5646	0.0	0.0	0.358
5647	0.0	0.0	0.969
5648	0.0	0.0	1.037
5649	0.0	0.0	1.041
5650	0.0	0.0	1.091
5651	0.0	0.0	1.041
5652	0.0	0.0	1.010
5653	0.0	0.0	0.935
5654	0.0	0.0	0.821
5655	0.0	0.0	0.749
5656	0.0	0.0	0.699
5657	0.0	0.0	0.726
5658	0.0	0.0	0.901
5659	0.0	0.0	1.005
5660	0.0	0.0	1.243
5661	0.0	0.0	1.277
5662	0.0	0.0	1.191
5663	0.0	0.0	0.717
5664	0.0	0.0	0.449
5665	0.0	0.0	0.311
5666	0.0	0.0	0.168
5667	0.0	0.0	0.066
5668	0.0	0.0	0.048
5669	0.0	0.0	0.143
5670	0.0	0.0	0.358
5671	0.0	0.0	0.969
5672	0.0	0.0	1.037
5673	0.0	0.0	1.041
5674	0.0	0.0	1.091
5675	0.0	0.0	1.041
5676	0.0	0.0	1.010
5677	0.0	0.0	0.935
5678	0.0	0.0	0.821
5679	0.0	0.0	0.749
5680	0.0	0.0	0.699
5681	0.0	0.0	0.726
5682	0.0	0.0	0.901
5683	0.0	0.0	1.005
5684	0.0	0.0	1.243
5685	0.0	0.0	1.277
5686	0.0	0.0	1.191
5687	0.0	0.0	0.717
5688	0.0	0.0	0.449
5689	0.0	0.0	0.311
5690	0.0	0.0	0.168
5691	0.0	0.0	0.066
5692	0.0	0.0	0.048
5693	0.0	0.0	0.143
5694	0.0	0.0	0.358
5695	0.0	0.0	0.969
5696	0.0	0.0	1.037
5697	0.0	0.0	1.041
5698	0.0	0.0	1.091
5699	0.0	0.0	1.041
5700	0.0	0.0	1.010
5701	0.0	0.0	0.935
5702	0.0	0.0	0.821
5703	0.0	0.0	0.749
5704	0.0	0.0	0.699
5705	0.0	0.0	0.726
5706	0.0	0.0	0.901
5707	0.0	0.0	1.005
5708	0.0	0.0	1.243
5709	0.0	0.0	1.277
5710	0.0	0.0	1.191
5711	0.0	0.0	0.717
5712	0.0	0.0	0.449
5713	0.0	0.0	0.311
5714	0.0	0.0	0.168
5715	0.0	0.0	0.066
5716	0.0	0.0	0.048
5717	0.0	0.0	0.143
5718	0.0	0.0	0.358
5719	0.0	0.0	0.969
5720	0.0	0.0	1.037
5721	0.0	0.0	1.041
5722	0.0	0.0	1.091
5723	0.0	0.0	1.041
5724	0.0	0.0	1.010
5725	0.0	0.0	0.935
5726	0.0	0.0	0.821
5727	0.0	0.0	0.749
5728	0.0	0.0	0.699
5729	0.0	0.0	0.726
5730	0.0	0.0	0.901
5731	0.0	0.0	1.005
5732	0.0	0.0	1.243
5733	0.0	0.0	1.277
5734	0.0	0.0	1.191
5735	0.0	0.0	0.717
5736	0.0	0.0	0.449
5737	0.0	0.0	0.311
5738	0.0	0.0	0.168
5739	0.0	0.0	0.066
5740	0.0	0.0	0.048
5741	0.0	0.0	0.143
5742	0.0	0.0	0.358
5743	0.0	0.0	0.969
5744	0.0	0.0	1.037
5745	0.0	0.0	1.041
5746	0.0	0.0	1.091
5747	0.0	0.0	1.041
5748	0.0	0.0	1.010
5749	0.0	0.0	0.935
5750	0.0	0.0	0.821
5751	0.0	0.0	0.749
5752	0.0	0.0	0.699
5753	0.0	0.0	0.726
5754	0.0	0.0	0.901
5755	0.0	0.0	1.005
5756	0.0	0.0	1.243
5757	0.0	0.0	1.277
5758	0.0	0.0	1.191
5759	0.0	0.0	0.717
5760	0.0	0.0	0.449
5761	0.0	0.0	0.311
5762	0.0	0.0	0.168
5763	0.0	0.0	0.066
5764	0.0	0.0	0.048
5765	0.0	0.0	0.143
5766	0.0	0.0	0.358
5767	0.0	0.0	0.969
5768	0.0	0.0	1.037
5769	0.0	0.0	1.041
5770	0.0	0.0	1.091
5771	0.0	0.0	1.041
5772	0.0	0.0	1.010
5773	0.0	0.0	0.935
5774	0.0	0.0	0.821
5775	0.0	0.0	0.749
5776	0.0	0.0	0.699
5777	0.0	0.0	0.726
5778	0.0	0.0	0.901
5779	0.0	0.0	1.005
5780	0.0	0.0	1.243
5781	0.0	0.0	1.277
5782	0.0	0.0	1.191
5783	0.0	0.0	0.717
5784	0.0	0.0	0.449
5785	0.0	0.0	0.311
5786	0.0	0.0	0.168
5787	0.0	0.0	0.066
5788	0.0	0.0	0.048
5789	0.0	0.0	0.143
5790	0.0	0.0	0.358
5791	0.0	0.0	0.969
5792	0.0	0.0	1.037
5793	0.0	0.0	1.041
5794	0.0	0.0	1.091
5795	0.0	0.0	1.041
5796	0.0	0.0	1.010
5797	0.0	0.0	0.935
5798	0.0	0.0	0.821
5799	0.0	0.0	0.749
5800	0.0	0.0	0.699
5801	0.0	0.0	0.726
5802	0.0	0.0	0.901
5803	0.0	0.0	1.005
5804	0.0	0.0	1.243
5805	0.0	0.0	1.277
5806	0.0	0.0	1.191
5807	0.0	0.0	0.717
5808	0.0	0.0	0.449
5809	0.0	0.0	0.311
5810	0.0	0.0	0.168
5811	0.0	0.0	0.066
5812	0.0	0.0	0.048
5813	0.0	0.0	0.143
5814	0.0	0.0	0.358
5815	0.0	0.0	0.969
5816	0.0	0.0	1.037
5817	0.0	0.0	1.041
5818	0.0	0.0	1.091
5819	0.0	0.0	1.041
5820	0.0	0.0	1.010
5821	0.0	0.0	0.935
5822	0.0	0.0	0.821
5823	0.0	0.0	0.749
5824	0.0	0.0	0.699
5825	0.0	0.0	0.726
5826	0.0	0.0	0.901
5827	0.0	0.0	1.005
5828	0.0	0.0	1.243
5829	0.0	0.0	1.277
5830	0.0	0.0	1.191
5831	0.0	0.0	0.717
5832	0.0	0.0	0.449
5833	0.0	0.0	0.311
5834	0.0	0.0	0.168
5835	0.0	0.0	0.066
5836	0.0	0.0	0.048
5837	0.0	0.0	0.143
5838	0.0	0.0	0.358
5839	0.0	0.0	0.969
5840	0.0	0.0	1.037
5841	0.0	0.0	1.041
5842	0.0	0.0	1.091
5843	0.0	0.0	1.041
5844	0.0	0.0	1.010
5845	0.0	0.0	0.935
5846	0.0	0.0	0.821
5847	0.0	0.0	0.749
5848	0.0	0.0	0.699
5849	0.0	0.0	0.726
5850	0.0	0.0	0.901
5851	0.0	0.0	1.005
5852	0.0	0.0	1.243
5853	0.0	0.0	1.277
5854	0.0	0.0	1.191
5855	0.0	0.0	0.717
5856	0.0	0.0	0.449
5857	0.0	0.0	0.311
5858	0.0	0.0	0.168
5859	0.0	0.0	0.066
5860	0.0	0.0	0.048
5861	0.0	0.0	0.143
5862	0.0	0.0	0.358
5863	0.0	0.0	0.969
5864	0.0	0.0	1.037
5865	0.0	0.0	1.041
5866	0.0	0.0	1.091
5867	0.0	0.0	1.041
5868	0.0	0.0	1.010
5869	0.0	0.0	0.935
5870	0.0	0.0	0.821
5871	0.0	0.0	0.749
5872	0.0	0.0	0.699
5873	0.0	0.0	0.726
5874	0.0	0.0	0.901
5875	0.0	0.0	1.005
5876	0.0	0.0	1.243
5877	0.0	0.0	1.277
5878	0.0	0.0	1.191
5879	0.0	0.0	0.717
5880	0.0	0.0	0.449
5881	0.0	0.0	0.311
5882	0.0	0.0	0.168
5883	0.0	0.0	0.066
5884	0.0	0.0	0.048
5885	0.0	0.0	0.143
5886	0.0	0.0	0.358
5887	0.0	0.0	0.969
5888	0.0	0.0	1.037
5889	0.0	0.0	1.041
5890	0.0	0.0	1.091
5891	0.0	0.0	1.041
5892	0.0	0.0	1.010
5893	0.0	0.0	0.935
5894	0.0	0.0	0.821
5895	0.0	0.0	0.749
5896	0.0	0.0	0.699
5897	0.0	0.0	0.726
5898	0.0	0.0	0.901
5899	0.0	0.0	1.005
5900	0.0	0.0	1.243
5901	0.0	0.0	1.277
5902	0.0	0.0	1.191
5903	0.0	0.0	0.717
5904	0.0	0.0	0.449
5905	0.0	0.0	0.311
5906	0.0	0.0	0.168
5907	0.0	0.0	0.066
5908	0.0	0.0	0.048
5909	0.0	0.0	0.143
5910	0.0	0.0	0.358
5911	0.0	0.0	0.969
5912	0.0	0.0	1.037
5913	0.0	0.0	1.041
5914	0.0	0.0	1.091
5915	0.0	0.0	1.041
5916	0.0	0.0	1.010
5917	0.0	0.0	0.935
5918	0.0	0.0	0.821
5919	0.0	0.0	0.749
5920	0.0	0.0	0.699
5921	0.0	0.0	0.726
5922	0.0	0.0	0.901
5923	0.0	0.0	1.005
5924	0.0	0.0	1.243
5925	0.0	0.0	1.277
5926	0.0	0.0	1.191
5927	0.0	0.0	0.717
5928	0.0	0.0	0.449
5929	0.0	0.0	0.311
5930	0.0	0.0	0.168
5931	0.0	0.0	0.066
5932	0.0	0.0	0.048
5933	0.0	0.0	0.143
5934	0.0	0.0	0.358
5935	0.0	0.0	0.969
5936	0.0	0.0	1.037
5937	0.0	0.0	1.041
5938	0.0	0.0	1.091
5939	0.0	0.0	1.041
5940	0.0	0.0	1.010
5941	0.0	0.0	0.935
5942	0.0	0.0	0.821
5943	0.0	0.0	0.749
5944	0.0	0.0	0.699
5945	0.0	0.0	0.726
5946	0.0	0.0	0.901
5947	0.0	0.0	1.005
5948	0.0	0.0	1.243
5949	0.0	0.0	1.277
5950	0.0	0.0	1.191
5951	0.0	0.0	0.717
5952	0.0	0.0	0.449
5953	0.0	0.0	0.311
5954	0.0	0.0	0.168
5955	0.0	0.0	0.066
5956	0.0	0.0	0.048
5957	0.0	0.0	0.143
5958	0.0	0.0	0.358
5959	0.0	0.0	0.969
5960	0.0	0.0	1.037
5961	0.0	0.0	1.041
5962	0.0	0.0	1.091
5963	0.0	0.0	1.041
5964	0.0	0.0	1.010
5965	0.0	0.0	0.935
5966	0.0	0.0	0.821
5967	0.0	0.0	0.749
5968	0.0	0.0	0.699
5969	0.0	0.0	0.726
5970	0.0	0.0	0.901
5971	0.0	0.0	1.005
5972	0.0	0.0	1.243
5973	0.0	0.0	1.277
5974	0.0	0.0	1.191
5975	0.0	0.0	0.717
5976	0.0	0.0	0.449
5977	0.0	0.0	0.311
5978	0.0	0.0	0.168
5979	0.0	0.0	0.066
5980	0.0	0.0	0.048
5981	0.0	0.0	0.143
5982	0.0	0.0	0.358
5983	0.0	0.0	0.969
5984	0.0	0.0	1.037
5985	0.0	0.0	1.041
5986	0.0	0.0	1.091
5987	0.0	0.0	1.041
5988	0.0	0.0	1.010
5989	0.0	0.0	0.935
5990	0.0	0.0	0.821
5991	0.0	0.0	0.749
5992	0.0	0.0	0.699
5993	0.0	0.0	0.726
5994	0.0	0.0	0.901
5995	0.0	0.0	1.005
5996	0.0	0.0	1.243
5997	0.0	0.0	1.277
5998	0.0	0.0	1.191
5999	0.0	0.0	0.717
6000	0.0	0.0	0.449
6001	0.0	0.0	0.311
6002	0.0	0.0	0.168
6003	0.0	0.0	0.066
6004	0.0	0.0	0.048
6005	0.0	0.0	0.143
6006	0.0	0.0	0.358
6007	0.0	0.0	0.969
6008	0.0	0.0	1.037
6009	0.0	0.0	1.041
6010	0.0	0.0	1.091
6011	0.0	0.0	1.041
6012	0.0	0.0	1.010
6013	0.0	0.0	0.935
6014	0.0	0.0	0.821
6015	0.0	0.0	0.749
6016	0.0	0.0	0.699
6017	0.0	0.0	0.726
6018	0.0	0.0	0.901
6019	0.0	0.0	1.005
6020	0.0	0.0	1.243
6021	0.0	0.0	1.277
6022	0.0	0.0	1.191
6023	0.0	0.0	0.717
6024	0.0	0.0	0.449
6025	0.0	0.0	0.311
6026	0.0	0.0	0.168
6027	0.0	0.0	0.066
6028	0.0	0.0	0.048
6029	0.0	0.0	0.143
6030	0.0	0.0	0.358
6031	0.0	0.0	0.969
6032	0.0	0.0	1.037
6033	0.0	0.0	1.041
6034	0.0	0.0	1.091
6035	0.0	0.0	1.041
6036	0.0	0.0	1.010
6037	0.0	0.0	0.935
6038	0.0	0.0	0.821
6039	0.0	0.0	0.749
6040	0.0	0.0	0.699
6041	0.0	0.0	0.726
6042	0.0	0.0	0.901
6043	0.0	0.0	1.005
6044	0.0	0.0	1.243
6045	0.0	0.0	1.277
6046	0.0	0.0	1.191
6047	0.0	0.0	0.717
6048	0.0	0.0	0.449
6049	0.0	0.0	0.311
6050	0.0	0.0	0.168
6051	0.0	0.0	0.066
6052	0.0	0.0	0.048
6053	0.0	0.0	0.143
6054	0.0	0.0	0.358
6055	0.0	0.0	0.969
6056	0.0	0.0	1.037
6057	0.0	0.0	1.041
6058	0.0	0.0	1.091
6059	0.0	0.0	1.041
6060	0.0	0.0	1.010
6061	0.0	0.0	0.935
6062	0.0	0.0	0.821
6063	0.0	0.0	0.749
6064	0.0	0.0	0.699
6065	0.0	0.0	0.726
6066	0.0	0.0	0.901
6067	0.0	0.0	1.005
6068	0.0	0.0	1.243
6069	0.0	0.0	1.277
6070	0.0	0.0	1.191
6071	0.0	0.0	0.717
6072	0.0	0.0	0.449
6073	0.0	0.0	0.311
6074	0.0	0.0	0.168
6075	0.0	0.0	0.066
6076	0.0	0.0	0.048
6077	0.0	0.0	0.143
6078	0.0	0.0	0.358
6079	0.0	0.0	0.969
6080	0.0	0.0	1.037
6081	0.0	0.0	1.041
6082	0.0	0.0	1.091
6083	0.0	0.0	1.041
6084	0.0	0.0	1.010
6085	0.0	0.0	0.935
6086	0.0	0.0	0.821
6087	0.0	0.0	0.749
6088	0.0	0.0	0.699
6089	0.0	0.0	0.726
6090	0.0	0.0	0.901
6091	0.0	0.0	1.005
6092	0.0	0.0	1.243
6093	0.0	0.0	1.277
6094	0.0	0.0	1.191
6095	0.0	0.0	0.717
6096	0.0	0.0	0.449
6097	0.0	0.0	0.311
6098	0.0	0.0	0.168
6099	0.0	0.0	0.066
6100	0.0	0.0	0.048
6101	0.0	0.0	0.143
6102	0.0	0.0	0.358
6103	0.0	0.0	0.969
6104	0.0	0.0	1.037
6105	0.0	0.0	1.041
6106	0.0	0.0	1.091
6107	0.0	0.0	1.041
6108	0.0	0.0	1.010
6109	0.0	0.0	0.935
6110	0.0	0.0	0.821
6111	0.0	0.0	0.749
6112	0.0	0.0	0.699
6113	0.0	0.0	0.726
6114	0.0	0.0	0.901
6115	0.0	0.0	1.005
6116	0.0	0.0	1.243
6117	0.0	0.0	1.277
6118	0.0	0.0	1.191
6119	0.0	0.0	0.717
6120	0.0	0.0	0.449
6121	0.0	0.0	0.311
6122	0.0	0.0	0.168
6123	0.0	0.0	0.066
6124	0.0	0.0	0.048
6125	0.0	0.0	0.143
6126	0.0	0.0	0.358
6127	0.0	0.0	0.969
6128	0.0	0.0	1.037
6129	0.0	0.0	1.041
6130	0.0	0.0	1.091
6131	0.0	0.0	1.041
6132	0.0	0.0	1.010
6133	0.0	0.0	0.935
6134	0.0	0.0	0.821
6135	0.0	0.0	0.749
6136	0.0	0.0	0.699
6137	0.0	0.0	0.726
6138	0.0	0.0	0.901
6139	0.0	0.0	1.005
6140	0.0	0.0	1.243
6141	0.0	0.0	1.277
6142	0.0	0.0	1.191
6143	0.0	0.0	0.717
6144	0.0	0.0	0.449
6145	0.0	0.0	0.311
6146	0.0	0.0	0.168
6147	0.0	0.0	0.066
6148	0.0	0.0	0.048
6149	0.0	0.0	0.143
6150	0.0	0.0	0.358
6151	0.0	0.0	0.969
6152	0.0	0.0	1.037
6153	0.0	0.0	1.041
6154	0.0	0.0	1.091
6155	0.0	0.0	1.041
6156	0.0	0.0	1.010
6157	0.0	0.0	0.935
6158	0.0	0.0	0.821
6159	0.0	0.0	0.749
6160	0.0	0.0	0.699
6161	0.0	0.0	0.726
6162	0.0	0.0	0.901
6163	0.0	0.0	1.005
6164	0.0	0.0	1.243
6165	0.0	0.0	1.277
6166	0.0	0.0	1.191
6167	0.0	0.0	0.717
6168	0.0	0.0	0.449
6169	0.0	0.0	0.311
6170	0.0	0.0	0.168
6171	0.0	0.0	0.066
6172	0.0	0.0	0.048
6173	0.0	0.0	0.143
6174	0.0	0.0	0.358
6175	0.0	0.0	0.969
6176	0.0	0.0	1.037
6177	0.0	0.0	1.041
6178	0.0	0.0	1.091
6179	0.0	0.0	1.041
6180	0.0	0.0	1.010
6181	0.0	0.0	0.935
6182	0.0	0.0	0.821
6183	0.0	0.0	0.749
6184	0.0	0.0	0.699
6185	0.0	0.0	0.726
6186	0.0	0.0	0.901
6187	0.0	0.0	1.005
6188	0.0	0.0	1.243
6189	0.0	0.0	1.277
6190	0.0	0.0	1.191
6191	0.0	0.0	0.717
6192	0.0	0.0	0.449
6193	0.0	0.0	0.311
6194	0.0	0.0	0.168
6195	0.0	0.0	0.066
6196	0.0	0.0	0.048
6197	0.0	0.0	0.143
6198	0.0	0.0	0.358
6199	0.0	0.0	0.969
6200	0.0	0.0	1.037
6201	0.0	0.0	1.041
6202	0.0	0.0	1.091
6203	0.0	0.0	1.041
6204	0.0	0.0	1.010
6205	0.0	0.0	0.935
6206	0.0	0.0	0.821
6207	0.0	0.0	0.749
6208	0.0	0.0	0.699
6209	0.0	0.0	0.726
6210	0.0	0.0	0.901
6211	0.0	0.0	1.005
6212	0.0	0.0	1.243
6213	0.0	0.0	1.277
6214	0.0	0.0	1.191
6215	0.0	0.0	0.717
6216	0.0	0.0	0.449
6217	0.0	0.0	0.311
6218	0.0	0.0	0.168
6219	0.0	0.0	0.066
6220	0.0	0.0	0.048
6221	0.0	0.0	0.143
6222	0.0	0.0	0.358
6223	0.0	0.0	0.969
6224	0.0	0.0	1.037
6225	0.0	0.0	1.041
6226	0.0	0.0	1.091
6227	0.0	0.0	1.041
6228	0.0	0.0	1.010
6229	0.0	0.0	0.935
6230	0.0	0.0	0.821
6231	0.0	0.0	0.749
6232	0.0	0.0	0.699
6233	0.0	0.0	0.726
6234	0.0	0.0	0.901
6235	0.0	0.0	1.005
6236	0.0	0.0	1.243
6237	0.0	0.0	1.277
6238	0.0	0.0	1.191
6239	0.0	0.0	0.717
6240	0.0	0.0	0.449
6241	0.0	0.0	0.311
6242	0.0	0.0	0.168
6243	0.0	0.0	0.066
6244	0.0	0.0	0.048
6245	0.0	0.0	0.143
6246	0.0	0.0	0.358
6247	0.0	0.0	0.969
6248	0.0	0.0	1.037
6249	0.0	0.0	1.041
6250	0.0	0.0	1.091
6251	0.0	0.0	1.041
6252	0.0	0.0	1.010
6253	0.0	0.0	0.935
6254	0.0	0.0	0.821
6255	0.0	0.0	0.749
6256	0.0	0.0	0.699
6257	0.0	0.0	0.726
6258	0.0	0.0	0.901
6259	0.0	0.0	1.005
6260	0.0	0.0	1.243
6261	0.0	0.0	1.277
6262	0.0	0.0	1.191
6263	0.0	0.0	0.717
6264	0.0	0.0	0.449
6265	0.0	0.0	0.311
6266	0.0	0.0	0.168
6267	0.0	0.0	0.066
6268	0.0	0.0	0.048
6269	0.0	0.0	0.143
6270	0.0	0.0	0.358
6271	0.0	0.0	0.969
6272	0.0	0.0	1.037
6273	0.0	0.0	1.041
6274	0.0	0.0	1.091
6275	0.0	0.0	1.041
6276	0.0	0.0	1.010
6277	0.0	0.0	0.935
6278	0.0	0.0	0.821
6279	0.0	0.0	0.749
6280	0.0	0.0	0.699
6281	0.0	0.0	0.726
6282	0.0	0.0	0.901
6283	0.0	0.0	1.005
6284	0.0	0.0	1.243
6285	0.0	0.0	1.277
6286	0.0	0.0	1.191
6287	0.0	0.0	0.717
6288	0.0	0.0	0.449
6289	0.0	0.0	0.311
6290	0.0	0.0	0.168
6291	0.0	0.0	0.066
6292	0.0	0.0	0.048
6293	0.0	0.0	0.143
6294	0.0	0.0	0.358
6295	0.0	0.0	0.969
6296	0.0	0.0	1.037
6297	0.0	0.0	1.041
6298	0.0	0.0	1.091
6299	0.0	0.0	1.041
6300	0.0	0.0	1.010
6301	0.0	0.0	0.935
6302	0.0	0.0	0.821
6303	0.0	0.0	0.749
6304	0.0	0.0	0.699
6305	0.0	0.0	0.726
6306	0.0	0.0	0.901
6307	0.0	0.0	1.005
6308	0.0	0.0	1.243
6309	0.0	0.0	1.277
6310	0.0	0.0	1.191
6311	0.0	0.0	0.717
6312	0.0	0.0	0.449
6313	0.0	0.0	0.311
6314	0.0	0.0	0.168
6315	0.0	0.0	0.066
6316	0.0	0.0	0.048
6317	0.0	0.0	0.143
6318	0.0	0.0	0.358
6319	0.0	0.0	0.969
6320	0.0	0.0	1.037
6321	0.0	0.0	1.041
6322	0.0	0.0	1.091
6323	0.0	0.0	1.041
6324	0.0	0.0	1.010
6325	0.0	0.0	0.935
6326	0.0	0.0	0.821
6327	0.0	0.0	0.749
6328	0.0	0.0	0.699
6329	0.0	0.0	0.726
6330	0.0	0.0	0.901
6331	0.0	0.0	1.005
6332	0.0	0.0	1.243
6333	0.0	0.0	1.277
6334	0.0	0.0	1.191
6335	0.0	0.0	0.717
6336	0.0	0.0	0.449
6337	0.0	0.0	0.311
6338	0.0	0.0	0.168
6339	0.0	0.0	0.066
6340	0.0	0.0	0.048
6341	0.0	0.0	0.143
6342	0.0	0.0	0.358
6343	0.0	0.0	0.969
6344	0.0	0.0	1.037
6345	0.0	0.0	1.041
6346	0.0	0.0	1.091
6347	0.0	0.0	1.041
6348	0.0	0.0	1.010
6349	0.0	0.0	0.935
6350	0.0	0.0	0.821
6351	0.0	0.0	0.749
6352	0.0	0.0	0.699
6353	0.0	0.0	0.726
6354	0.0	0.0	0.901
6355	0.0	0.0	1.005
6356	0.0	0.0	1.243
6357	0.0	0.0	1.277
6358	0.0	0.0	1.191
6359	0.0	0.0	0.717
6360	0.0	0.0	0.449
6361	0.0	0.0	0.311
6362	0.0	0.0	0.168
6363	0.0	0.0	0.066
6364	0.0	0.0	0.048
6365	0.0	0.0	0.143
6366	0.0	0.0	0.358
6367	0.0	0.0	0.969
6368	0.0	0.0	1.037
6369	0.0	0.0	1.041
6370	0.0	0.0	1.091
6371	0.0	0.0	1.041
6372	0.0	0.0	1.010
6373	0.0	0.0	0.935
6374	0.0	0.0	0.821
6375	0.0	0.0	0.749
6376	0.0	0.0	0.699
6377	0.0	0.0	0.726
6378	0.0	0.0	0.901
6379	0.0	0.0	1.005
6380	0.0	0.0	1.243
6381	0.0	0.0	1.277
6382	0.0	0.0	1.191
6383	0.0	0.0	0.717
6384	0.0	0.0	0.449
6385	0.0	0.0	0.311
6386	0.0	0.0	0.168
6387	0.0	0.0	0.066
6388	0.0	0.0	0.048
6389	0.0	0.0	0.143
6390	0.0	0.0	0.358
6391	0.0	0.0	0.969
6392	0.0	0.0	1.037
6393	0.0	0.0	1.041
6394	0.0	0.0	1.091
6395	0.0	0.0	1.041
6396	0.0	0.0	1.010
6397	0.0	0.0	0.935
6398	0.0	0.0	0.821
6399	0.0	0.0	0.749
6400	0.0	0.0	0.699
6401	0.0	0.0	0.726
6402	0.0	0.0	0.901
6403	0.0	0.0	1.005
6404	0.0	0.0	1.243
6405	0.0	0.0	1.277
6406	0.0	0.0	1.191
6407	0.0	0.0	0.717
6408	0.0	0.0	0.449
6409	0.0	0.0	0.311
6410	0.0	0.0	0.168
6411	0.0	0.0	0.066
6412	0.0	0.0	0.048
6413	0.0	0.0	0.143
6414	0.0	0.0	0.358
6415	0.0	0.0	0.969
6416	0.0	0.0	1.037
6417	0.0	0.0	1.041
6418	0.0	0.0	1.091
6419	0.0	0.0	1.041
6420	0.0	0.0	1.010
6421	0.0	0.0	0.935
6422	0.0	0.0	0.821
6423	0.0	0.0	0.749
6424	0.0	0.0	0.699
6425	0.0	0.0	0.726
6426	0.0	0.0	0.901
6427	0.0	0.0	1.005
6428	0.0	0.0	1.243
6429	0.0	0.0	1.277
6430	0.0	0.0	1.191
6431	0.0	0.0	0.717
6432	0.0	0.0	0.449
6433	0.0	0.0	0.311
6434	0.0	0.0	0.168
6435	0.0	0.0	0.066
6436	0.0	0.0	0.048
6437	0.0	0.0	0.143
6438	0.0	0.0	0.358
6439	0.0	0.0	0.969
6440	0.0	0.0	1.037
6441	0.0	0.0	1.041
6442	0.0	0.0	1.091
6443	0.0	0.0	1.041
6444	0.0	0.0	1.010
6445	0.0	0.0	0.935
6446	0.0	0.0	0.821
6447	0.0	0.0	0.749
6448	0.0	0.0	0.699
6449	0.0	0.0	0.726
6450	0.0	0.0	0.901
6451	0.0	0.0	1.005
6452	0.0	0.0	1.243
6453	0.0	0.0	1.277
6454	0.0	0.0	1.191
6455	0.0	0.0	0.717
6456	0.0	0.0	0.449
6457	0.0	0.0	0.311
6458	0.0	0.0	0.168
6459	0.0	0.0	0.066
6460	0.0	0.0	0.048
6461	0.0	0.0	0.143
6462	0.0	0.0	0.358
6463	0.0	0.0	0.969
6464	0.0	0.0	1.037
6465	0.0	0.0	1.041
6466	0.0	0.0	1.091
6467	0.0	0.0	1.041
6468	0.0	0.0	1.010
6469	0.0	0.0	0.935
6470	0.0	0.0	0.821
6471	0.0	0.0	0.749
6472	0.0	0.0	0.699
6473	0.0	0.0	0.726
6474	0.0	0.0	0.901
6475	0.0	0.0	1.005
6476	0.0	0.0	1.243
6477	0.0	0.0	1.277
6478	0.0	0.0	1.191
6479	0.0	0.0	0.717
6480	0.0	0.0	0.449
6481	0.0	0.0	0.311
6482	0.0	0.0	0.168
6483	0.0	0.0	0.066
6484	0.0	0.0	0.048
6485	0.0	0.0	0.143
6486	0.0	0.0	0.358
6487	0.0	0.0	0.969
6488	0.0	0.0	1.037
6489	0.0	0.0	1.041
6490	0.0	0.0	1.091
6491	0.0	0.0	1.041
6492	0.0	0.0	1.010
6493	0.0	0.0	0.935
6494	0.0	0.0	0.821
6495	0.0	0.0	0.749
6496	0.0	0.0	0.699
6497	0.0	0.0	0.726
6498	0.0	0.0	0.901
6499	0.0	0.0	1.005
6500	0.0	0.0	1.243
6501	0.0	0.0	1.277
6502	0.0	0.0	1.191
6503	0.0	0.0	0.717
6504	0.0	0.0	0.449
6505	0.0	0.0	0.311
6506	0.0	0.0	0.168
6507	0.0	0.0	0.066
6508	0.0	0.0	0.048
6509	0.0	0.0	0.143
6510	0.0	0.0	0.358
6511	0.0	0.0	0.969
6512	0.0	0.0	1.037
6513	0.0	0.0	1.041
6514	0.0	0.0	1.091
6515	0.0	0.0	1.041
6516	0.0	0.0	1.010
6517	0.0	0.0	0.935
6518	0.0	0.0	0.821
6519	0.0	0.0	0.749
6520	0.0	0.0	0.699
6521	0.0	0.0	0.726
6522	0.0	0.0	0.901
6523	0.0	0.0	1.005
6524	0.0	0.0	1.243
6525	0.0	0.0	1.277
6526	0.0	0.0	1.191
6527	0.0	0.0	0.717
6528	0.0	0.0	0.449
6529	0.0	0.0	0.311
6530	0.0	0.0	0.168
6531	0.0	0.0	0.066
6532	0.0	0.0	0.048
6533	0.0	0.0	0.143
6534	0.0	0.0	0.358
6535	0.0	0.0	0.969
6536	0.0	0.0	1.037
6537	0.0	0.0	1.041
6538	0.0	0.0	1.091
6539	0.0	0.0	1.041
6540	0.0	0.0	1.010
6541	0.0	0.0	0.935
6542	0.0	0.0	0.821
6543	0.0	0.0	0.749
6544	0.0	0.0	0.699
6545	0.0	0.0	0.726
6546	0.0	0.0	0.901
6547	0.0	0.0	1.005
6548	0.0	0.0	1.243
6549	0.0	0.0	1.277
6550	0.0	0.0	1.191
6551	0.0	0.0	0.717
6552	0.0	0.0	0.449
6553	0.0	0.0	0.311
6554	0.0	0.0	0.168
6555	0.0	0.0	0.066
6556	0.0	0.0	0.048
6557	0.0	0.0	0.143
6558	0.0	0.0	0.358
6559	0.0	0.0	0.969
6560	0.0	0.0	1.037
6561	0.0	0.0	1.041
6562	0.0	0.0	1.091
6563	0.0	0.0	1.041
6564	0.0	0.0	1.010
6565	0.0	0.0	0.935
6566	0.0	0.0	0.821
6567	0.0	0.0	0.749
6568	0.0	0.0	0.699
6569	0.0	0.0	0.726
6570	0.0	0.0	0.901
6571	0.0	0.0	1.005
6572	0.0	0.0	1.243
6573	0.0	0.0	1.277
6574	0.0	0.0	1.191
6575	0.0	0.0	0.717
6576	0.0	0.0	0.449
6577	0.0	0.0	0.311
6578	0.2	0.0	0.168
6579	0.2	0.0	0.066
6580	0.3	0.0	0.048
6581	0.5	0.0	0.143
6582	0.7	0.0	0.358
6583	0.8	0.0	0.969
6584	2.4	0.0	1.037
6585	2.4	0.0	1.041
6586	2.2	0.0	1.091
6587	2.1	0.0	1.041
6588	2.1	0.0	1.010
6589	1.9	0.0	0.935
6590	2.0	0.0	0.821
6591	1.8	0.0	0.749
6592	1.9	0.0	0.699
6593	2.1	0.0	0.726
6594	2.7	0.0	0.901
6595	3.1	0.0	1.005
6596	3.3	0.0	1.243
6597	3.6	0.0	1.277
6598	4.0	0.0	1.191
6599	4.2	0.0	0.717
6600	4.4	0.0	0.449
6601	3.1	0.0	0.311
6602	3.3	0.0	0.168
6603	3.3	0.0	0.066
6604	3.3	0.0	0.048
6605	3.3	0.0	0.143
6606	3.4	0.0	0.358
6607	3.6	0.0	0.969
6608	5.3	0.0	1.037
6609	5.0	0.0	1.041
6610	4.6	0.0	1.091
6611	4.4	0.0	1.041
6612	3.9	0.0	1.010
6613	3.9	0.0	0.935
6614	3.9	0.0	0.821
6615	3.9	0.0	0.749
6616	4.0	0.0	0.699
6617	4.2	0.0	0.726
6618	4.4	0.0	0.901
6619	4.6	0.0	1.005
6620	5.0	0.0	1.243
6621	5.3	0.0	1.277
6622	5.6	0.0	1.191
6623	5.5	0.0	0.717
6624	5.7	0.0	0.449
6625	4.2	0.0	0.311
6626	4.3	0.0	0.168
6627	4.3	0.0	0.066
6628	4.2	0.0	0.048
6629	4.3	0.0	0.143
6630	4.3	0.0	0.358
6631	4.3	0.0	0.969
6632	5.6	0.0	1.037
6633	5.6	0.0	1.041
6634	5.4	0.0	1.091
6635	5.0	0.0	1.041
6636	4.5	0.0	1.010
6637	4.1	0.0	0.935
6638	3.8	0.0	0.821
6639	3.6	0.0	0.749
6640	3.6	0.0	0.699
6641	4.0	0.0	0.726
6642	4.4	0.0	0.901
6643	4.9	0.0	1.005
6644	5.3	0.0	1.243
6645	5.4	0.0	1.277
6646	5.5	0.0	1.191
6647	5.6	0.0	0.717
6648	5.6	0.0	0.449
6649	4.4	0.0	0.311
6650	4.4	0.0	0.168
6651	4.4	0.0	0.066
6652	4.4	0.0	0.048
6653	4.4	0.0	0.143
6654	4.4	0.0	0.358
6655	4.1	0.0	0.969
6656	5.4	0.0	1.037
6657	5.2	0.0	1.041
6658	4.5	0.0	1.091
6659	4.0	0.0	1.041
6660	3.5	0.0	1.010
6661	3.3	0.0	0.935
6662	2.8	0.0	0.821
6663	2.7	0.0	0.749
6664	2.7	0.0	0.699
6665	2.9	0.0	0.726
6666	3.5	0.0	0.901
6667	4.1	0.0	1.005
6668	4.5	0.0	1.243
6669	5.1	0.0	1.277
6670	5.1	0.0	1.191
6671	5.3	0.0	0.717
6672	5.6	0.0	0.449
6673	4.1	0.0	0.311
6674	4.1	0.0	0.168
6675	4.1	0.0	0.066
6676	4.2	0.0	0.048
6677	4.4	0.0	0.143
6678	4.4	0.0	0.358
6679	4.5	0.0	0.969
6680	5.6	0.0	1.037
6681	5.5	0.0	1.041
6682	5.2	0.0	1.091
6683	4.7	0.0	1.041
6684	4.1	0.0	1.010
6685	3.5	0.0	0.935
6686	3.1	0.0	0.821
6687	2.9	0.0	0.749
6688	3.1	0.0	0.699
6689	3.0	0.0	0.726
6690	3.4	0.0	0.901
6691	3.8	0.0	1.005
6692	4.1	0.0	1.243
6693	4.2	0.0	1.277
6694	4.0	0.0	1.191
6695	4.3	0.0	0.717
6696	4.5	0.0	0.449
6697	3.1	0.0	0.311
6698	3.3	0.0	0.168
6699	3.3	0.0	0.066
6700	3.4	0.0	0.048
6701	3.6	0.0	0.143
6702	3.8	0.0	0.358
6703	3.7	0.0	0.969
6704	5.1	0.0	1.037
6705	5.0	0.0	1.041
6706	4.5	0.0	1.091
6707	4.2	0.0	1.041
6708	3.9	0.0	1.010
6709	3.8	0.0	0.935
6710	3.5	0.0	0.821
6711	3.6	0.0	0.749
6712	3.6	0.0	0.699
6713	3.9	0.0	0.726
6714	4.4	0.0	0.901
6715	4.9	0.0	1.005
6716	5.3	0.0	1.243
6717	5.3	0.0	1.277
6718	5.7	0.0	1.191
6719	5.9	0.0	0.717
6720	6.1	0.0	0.449
6721	4.7	0.0	0.311
6722	4.7	0.0	0.168
6723	4.7	0.0	0.066
6724	4.7	0.0	0.048
6725	4.8	0.0	0.143
6726	5.0	0.0	0.358
6727	5.0	0.0	0.969
6728	6.5	0.0	1.037
6729	6.2	0.0	1.041
6730	5.6	0.0	1.091
6731	5.2	0.0	1.041
6732	4.8	0.0	1.010
6733	4.3	0.0	0.935
6734	4.0	0.0	0.821
6735	3.7	0.0	0.749
6736	3.9	0.0	0.699
6737	3.9	0.0	0.726
6738	4.2	0.0	0.901
6739	4.5	0.0	1.005
6740	4.8	0.0	1.243
6741	4.9	0.0	1.277
6742	5.0	0.0	1.191
6743	5.1	0.0	0.717
6744	5.1	0.0	0.449
6745	3.7	0.0	0.311
6746	3.7	0.0	0.168
6747	3.6	0.0	0.066
6748	3.6	0.0	0.048
6749	3.6	0.0	0.143
6750	3.6	0.0	0.358
6751	3.7	0.0	0.969
6752	5.3	0.0	1.037
6753	5.0	0.0	1.041
6754	4.6	0.0	1.091
6755	4.1	0.0	1.041
6756	3.7	0.0	1.010
6757	3.3	0.0	0.935
6758	3.0	0.0	0.821
6759	2.8	0.0	0.749
6760	2.7	0.0	0.699
6761	2.9	0.0	0.726
6762	3.2	0.0	0.901
6763	3.6	0.0	1.005
6764	3.7	0.0	1.243
6765	3.9	0.0	1.277
6766	4.1	0.0	1.191
6767	4.4	0.0	0.717
6768	4.7	0.0	0.449
6769	3.4	0.0	0.311
6770	3.7	0.0	0.168
6771	3.8	0.0	0.066
6772	3.9	0.0	0.048
6773	4.1	0.0	0.143
6774	4.3	0.0	0.358
6775	4.4	0.0	0.969
6776	5.8	0.0	1.037
6777	5.5	0.0	1.041
6778	5.0	0.0	1.091
6779	4.4	0.0	1.041
6780	4.0	0.0	1.010
6781	3.6	0.0	0.935
6782	3.2	0.0	0.821
6783	2.9	0.0	0.749
6784	3.0	0.0	0.699
6785	3.5	0.0	0.726
6786	3.7	0.0	0.901
6787	4.4	0.0	1.005
6788	4.4	0.0	1.243
6789	4.7	0.0	1.277
6790	4.9	0.0	1.191
6791	5.0	0.0	0.717
6792	5.0	0.0	0.449
6793	3.7	0.0	0.311
6794	3.7	0.0	0.168
6795	3.5	0.0	0.066
6796	3.5	0.0	0.048
6797	3.5	0.0	0.143
6798	3.3	0.0	0.358
6799	3.6	0.0	0.969
6800	5.0	0.0	1.037
6801	4.8	0.0	1.041
6802	4.2	0.0	1.091
6803	3.9	0.0	1.041
6804	3.5	0.0	1.010
6805	3.3	0.0	0.935
6806	3.1	0.0	0.821
6807	2.9	0.0	0.749
6808	2.7	0.0	0.699
6809	2.8	0.0	0.726
6810	3.1	0.0	0.901
6811	3.5	0.0	1.005
6812	3.6	0.0	1.243
6813	3.7	0.0	1.277
6814	3.8	0.0	1.191
6815	4.0	0.0	0.717
6816	4.1	0.0	0.449
6817	2.6	0.0	0.311
6818	2.7	0.0	0.168
6819	2.7	0.0	0.066
6820	2.9	0.0	0.048
6821	2.7	0.0	0.143
6822	2.7	0.0	0.358
6823	2.6	0.0	0.969
6824	4.2	0.0	1.037
6825	4.2	0.0	1.041
6826	4.1	0.0	1.091
6827	3.7	0.0	1.041
6828	3.2	0.0	1.010
6829	3.0	0.0	0.935
6830	3.0	0.0	0.821
6831	2.5	0.0	0.749
6832	2.6	0.0	0.699
6833	2.7	0.0	0.726
6834	2.6	0.0	0.901
6835	2.7	0.0	1.005
6836	2.7	0.0	1.243
6837	3.0	0.0	1.277
6838	3.1	0.0	1.191
6839	3.1	0.0	0.717
6840	3.3	0.0	0.449
6841	2.0	0.0	0.311
6842	1.9	0.0	0.168
6843	2.0	0.0	0.066
6844	2.1	0.0	0.048
6845	2.0	0.0	0.143
6846	1.8	0.0	0.358
6847	1.7	0.0	0.969
6848	3.2	0.0	1.037
6849	2.8	0.0	1.041
6850	2.5	0.0	1.091
6851	2.2	0.0	1.041
6852	1.8	0.0	1.010
6853	1.7	0.0	0.935
6854	1.6	0.0	0.821
6855	1.7	0.0	0.749
6856	1.7	0.0	0.699
6857	1.6	0.0	0.726
6858	1.6	0.0	0.901
6859	1.5	0.0	1.005
6860	1.6	0.0	1.243
6861	1.5	0.0	1.277
6862	1.5	0.0	1.191
6863	1.5	0.0	0.717
6864	1.4	0.0	0.449
6865	0.0	0.0	0.311
6866	0.0	0.0	0.168
6867	0.0	0.0	0.066
6868	0.0	0.0	0.048
6869	0.0	0.0	0.143
6870	0.0	0.0	0.358
6871	0.0	0.0	0.969
6872	0.0	0.0	1.037
6873	0.0	0.0	1.041
6874	0.0	0.0	1.091
6875	0.0	0.0	1.041
6876	0.0	0.0	1.010
6877	0.0	0.0	0.935
6878	0.0	0.0	0.821
6879	0.0	0.0	0.749
6880	0.0	0.0	0.699
6881	0.0	0.0	0.726
6882	0.0	0.0	0.901
6883	0.0	0.0	1.005
6884	0.0	0.0	1.243
6885	0.0	0.0	1.277
6886	0.0	0.0	1.191
6887	0.0	0.0	0.717
6888	0.0	0.0	0.449
6889	1.1	0.0	0.311
6890	1.1	0.0	0.168
6891	1.2	0.0	0.066
6892	1.4	0.0	0.048
6893	1.6	0.0	0.143
6894	1.6	0.0	0.358
6895	1.8	0.0	0.969
6896	2.9	0.0	1.037
6897	2.6	0.0	1.041
6898	2.3	0.0	1.091
6899	1.9	0.0	1.041
6900	1.3	0.0	1.010
6901	1.0	0.0	0.935
6902	0.6	0.0	0.821
6903	0.4	0.0	0.749
6904	0.4	0.0	0.699
6905	0.8	0.0	0.726
6906	1.1	0.0	0.901
6907	1.5	0.0	1.005
6908	2.0	0.0	1.243
6909	2.1	0.0	1.277
6910	2.6	0.0	1.191
6911	2.8	0.0	0.717
6912	3.1	0.0	0.449
6913	1.6	0.0	0.311
6914	1.7	0.0	0.168
6915	1.8	0.0	0.066
6916	2.0	0.0	0.048
6917	1.9	0.0	0.143
6918	1.8	0.0	0.358
6919	1.7	0.0	0.969
6920	3.0	0.0	1.037
6921	2.6	0.0	1.041
6922	2.4	0.0	1.091
6923	2.2	0.0	1.041
6924	1.6	0.0	1.010
6925	1.1	0.0	0.935
6926	0.8	0.0	0.821
6927	0.8	0.0	0.749
6928	0.5	0.0	0.699
6929	0.6	0.0	0.726
6930	1.0	0.0	0.901
6931	1.3	0.0	1.005
6932	1.3	0.0	1.243
6933	1.3	0.0	1.277
6934	1.5	0.0	1.191
6935	1.5	0.0	0.717
6936	1.5	0.0	0.449
6937	0.3	0.0	0.311
6938	0.5	0.0	0.168
6939	0.5	0.0	0.066
6940	0.6	0.0	0.048
6941	0.6	0.0	0.143
6942	0.8	0.0	0.358
6943	0.8	0.0	0.969
6944	2.3	0.0	1.037
6945	2.0	0.0	1.041
6946	1.6	0.0	1.091
6947	1.1	0.0	1.041
6948	0.7	0.0	1.010
6949	0.6	0.0	0.935
6950	0.5	0.0	0.821
6951	0.6	0.0	0.749
6952	0.5	0.0	0.699
6953	0.8	0.0	0.726
6954	1.0	0.0	0.901
6955	1.3	0.0	1.005
6956	1.7	0.0	1.243
6957	2.0	0.0	1.277
6958	2.2	0.0	1.191
6959	2.4	0.0	0.717
6960	2.8	0.0	0.449
6961	1.4	0.0	0.311
6962	1.6	0.0	0.168
6963	1.8	0.0	0.066
6964	2.1	0.0	0.048
6965	2.3	0.0	0.143
6966	2.5	0.0	0.358
6967	2.7	0.0	0.969
6968	4.1	0.0	1.037
6969	4.2	0.0	1.041
6970	4.0	0.0	1.091
6971	3.5	0.0	1.041
6972	3.0	0.0	1.010
6973	2.8	0.0	0.935
6974	2.6	0.0	0.821
6975	2.9	0.0	0.749
6976	2.9	0.0	0.699
6977	3.1	0.0	0.726
6978	3.6	0.0	0.901
6979	4.1	0.0	1.005
6980	4.4	0.0	1.243
6981	4.7	0.0	1.277
6982	5.1	0.0	1.191
6983	5.3	0.0	0.717
6984	5.5	0.0	0.449
6985	4.4	0.0	0.311
6986	4.5	0.0	0.168
6987	4.6	0.0	0.066
6988	4.8	0.0	0.048
6989	5.0	0.0	0.143
6990	4.7	0.0	0.358
6991	4.6	0.0	0.969
6992	5.8	0.0	1.037
6993	5.5	0.0	1.041
6994	5.2	0.0	1.091
6995	4.6	0.0	1.041
6996	3.9	0.0	1.010
6997	3.8	0.0	0.935
6998	3.3	0.0	0.821
6999	3.1	0.0	0.749
7000	3.3	0.0	0.699
7001	3.2	0.0	0.726
7002	3.6	0.0	0.901
7003	4.1	0.0	1.005
7004	4.5	0.0	1.243
7005	4.7	0.0	1.277
7006	4.9	0.0	1.191
7007	5.1	0.0	0.717
7008	5.3	0.0	0.449
7009	4.1	0.0	0.311
7010	4.0	0.0	0.168
7011	4.3	0.0	0.066
7012	4.5	0.0	0.048
7013	4.7	0.0	0.143
7014	4.8	0.0	0.358
7015	5.1	0.0	0.969
7016	6.5	0.0	1.037
7017	6.3	0.0	1.041
7018	5.9	0.0	1.091
7019	5.4	0.0	1.041
7020	5.0	0.0	1.010
7021	4.4	0.0	0.935
7022	4.1	0.0	0.821
7023	4.0	0.0	0.749
7024	4.1	0.0	0.699
7025	4.3	0.0	0.726
7026	4.7	0.0	0.901
7027	5.0	0.0	1.005
7028	5.1	0.0	1.243
7029	5.0	0.0	1.277
7030	5.1	0.0	1.191
7031	5.5	0.0	0.717
7032	5.7	0.0	0.449
7033	3.9	0.0	0.311
7034	4.0	0.0	0.168
7035	4.1	0.0	0.066
7036	4.1	0.0	0.048
7037	4.2	0.0	0.143
7038	4.2	0.0	0.358
7039	4.1	0.0	0.969
7040	5.3	0.0	1.037
7041	5.0	0.0	1.041
7042	4.8	0.0	1.091
7043	4.5	0.0	1.041
7044	3.8	0.0	1.010
7045	3.6	0.0	0.935
7046	3.7	0.0	0.821
7047	3.5	0.0	0.749
7048	3.4	0.0	0.699
7049	3.4	0.0	0.726
7050	3.8	0.0	0.901
7051	4.2	0.0	1.005
7052	4.4	0.0	1.243
7053	4.7	0.0	1.277
7054	4.9	0.0	1.191
7055	5.1	0.0	0.717
7056	5.2	0.0	0.449
7057	3.7	0.0	0.311
7058	3.8	0.0	0.168
7059	4.1	0.0	0.066
7060	4.3	0.0	0.048
7061	4.1	0.0	0.143
7062	4.2	0.0	0.358
7063	4.0	0.0	0.969
7064	5.2	0.0	1.037
7065	5.0	0.0	1.041
7066	4.7	0.0	1.091
7067	4.4	0.0	1.041
7068	3.9	0.0	1.010
7069	3.7	0.0	0.935
7070	3.5	0.0	0.821
7071	3.5	0.0	0.749
7072	3.4	0.0	0.699
7073	3.7	0.0	0.726
7074	3.9	0.0	0.901
7075	4.3	0.0	1.005
7076	4.6	0.0	1.243
7077	4.9	0.0	1.277
7078	4.8	0.0	1.191
7079	5.3	0.0	0.717
7080	5.4	0.0	0.449
7081	4.1	0.0	0.311
7082	4.2	0.0	0.168
7083	4.3	0.0	0.066
7084	4.2	0.0	0.048
7085	4.1	0.0	0.143
7086	4.1	0.0	0.358
7087	4.3	0.0	0.969
7088	5.4	0.0	1.037
7089	4.8	0.0	1.041
7090	4.5	0.0	1.091
7091	3.9	0.0	1.041
7092	3.5	0.0	1.010
7093	3.2	0.0	0.935
7094	3.0	0.0	0.821
7095	2.8	0.0	0.749
7096	3.0	0.0	0.699
7097	3.0	0.0	0.726
7098	3.1	0.0	0.901
7099	3.4	0.0	1.005
7100	3.5	0.0	1.243
7101	3.6	0.0	1.277
7102	3.9	0.0	1.191
7103	3.9	0.0	0.717
7104	4.0	0.0	0.449
7105	2.6	0.0	0.311
7106	2.6	0.0	0.168
7107	2.9	0.0	0.066
7108	3.0	0.0	0.048
7109	3.0	0.0	0.143
7110	2.9	0.0	0.358
7111	2.9	0.0	0.969
7112	4.7	0.0	1.037
7113	4.4	0.0	1.041
7114	3.9	0.0	1.091
7115	3.6	0.0	1.041
7116	3.1	0.0	1.010
7117	2.8	0.0	0.935
7118	2.8	0.0	0.821
7119	3.0	0.0	0.749
7120	3.1	0.0	0.699
7121	3.4	0.0	0.726
7122	3.9	0.0	0.901
7123	4.2	0.0	1.005
7124	4.2	0.0	1.243
7125	4.4	0.0	1.277
7126	4.3	0.0	1.191
7127	4.2	0.0	0.717
7128	4.4	0.0	0.449
7129	3.1	0.0	0.311
7130	3.2	0.0	0.168
7131	3.2	0.0	0.066
7132	3.3	0.0	0.048
7133	3.1	0.0	0.143
7134	3.1	0.0	0.358
7135	2.9	0.0	0.969
7136	4.3	0.0	1.037
7137	4.0	0.0	1.041
7138	3.6	0.0	1.091
7139	3.2	0.0	1.041
7140	3.0	0.0	1.010
7141	2.3	0.0	0.935
7142	2.0	0.0	0.821
7143	2.1	0.0	0.749
7144	2.1	0.0	0.699
7145	2.6	0.0	0.726
7146	2.6	0.0	0.901
7147	3.0	0.0	1.005
7148	3.3	0.0	1.243
7149	3.4	0.0	1.277
7150	3.4	0.0	1.191
7151	3.7	0.0	0.717
7152	3.8	0.0	0.449
7153	2.6	0.0	0.311
7154	2.8	0.0	0.168
7155	2.9	0.0	0.066
7156	3.0	0.0	0.048
7157	3.1	0.0	0.143
7158	3.0	0.0	0.358
7159	2.9	0.0	0.969
7160	3.9	0.0	1.037
7161	3.6	0.0	1.041
7162	2.9	0.0	1.091
7163	2.5	0.0	1.041
7164	2.0	0.0	1.010
7165	1.6	0.0	0.935
7166	1.4	0.0	0.821
7167	1.4	0.0	0.749
7168	1.5	0.0	0.699
7169	1.6	0.0	0.726
7170	2.1	0.0	0.901
7171	2.4	0.0	1.005
7172	2.5	0.0	1.243
7173	2.8	0.0	1.277
7174	2.9	0.0	1.191
7175	3.0	0.0	0.717
7176	3.4	0.0	0.449
7177	2.1	0.0	0.311
7178	2.0	0.0	0.168
7179	1.9	0.0	0.066
7180	1.9	0.0	0.048
7181	1.8	0.0	0.143
7182	1.5	0.0	0.358
7183	1.5	0.0	0.969
7184	2.8	0.0	1.037
7185	2.7	0.0	1.041
7186	2.2	0.0	1.091
7187	1.6	0.0	1.041
7188	1.1	0.0	1.010
7189	0.5	0.0	0.935
7190	0.0	0.0	0.821
7191	0.0	0.0	0.749
7192	0.0	0.0	0.699
7193	0.1	0.0	0.726
7194	0.3	0.0	0.901
7195	0.7	0.0	1.005
7196	0.9	0.0	1.243
7197	1.0	0.0	1.277
7198	1.3	0.0	1.191
7199	1.6	0.0	0.717
7200	1.6	0.0	0.449
7201	0.3	0.0	0.311
7202	0.7	0.0	0.168
7203	0.6	0.0	0.066
7204	0.8	0.0	0.048
7205	0.8	0.0	0.143
7206	1.0	0.0	0.358
7207	1.2	0.0	0.969
7208	2.9	0.0	1.037
7209	2.4	0.0	1.041
7210	2.2	0.0	1.091
7211	1.9	0.0	1.041
7212	1.5	0.0	1.010
7213	1.2	0.0	0.935
7214	1.1	0.0	0.821
7215	0.7	0.0	0.749
7216	0.5	0.0	0.699
7217	0.7	0.0	0.726
7218	1.1	0.0	0.901
7219	1.8	0.0	1.005
7220	2.2	0.0	1.243
7221	2.3	0.0	1.277
7222	2.3	0.0	1.191
7223	2.7	0.0	0.717
7224	2.8	0.0	0.449
7225	1.8	0.0	0.311
7226	1.8	0.0	0.168
7227	1.7	0.0	0.066
7228	1.7	0.0	0.048
7229	1.7	0.0	0.143
7230	1.8	0.0	0.358
7231	1.7	0.0	0.969
7232	3.0	0.0	1.037
7233	2.7	0.0	1.041
7234	2.3	0.0	1.091
7235	2.2	0.0	1.041
7236	1.6	0.0	1.010
7237	1.3	0.0	0.935
7238	1.3	0.0	0.821
7239	1.3	0.0	0.749
7240	1.2	0.0	0.699
7241	1.2	0.0	0.726
7242	1.2	0.0	0.901
7243	1.4	0.0	1.005
7244	1.6	0.0	1.243
7245	1.5	0.0	1.277
7246	1.5	0.0	1.191
7247	1.7	0.0	0.717
7248	1.8	0.0	0.449
7249	0.3	0.0	0.311
7250	0.4	0.0	0.168
7251	0.5	0.0	0.066
7252	0.7	0.0	0.048
7253	0.8	0.0	0.143
7254	0.8	0.0	0.358
7255	0.8	0.0	0.969
7256	2.2	0.0	1.037
7257	2.2	0.0	1.041
7258	2.1	0.0	1.091
7259	1.8	0.0	1.041
7260	1.5	0.0	1.010
7261	1.1	0.0	0.935
7262	1.2	0.0	0.821
7263	1.3	0.0	0.749
7264	1.2	0.0	0.699
7265	1.6	0.0	0.726
7266	1.9	0.0	0.901
7267	1.9	0.0	1.005
7268	2.0	0.0	1.243
7269	2.4	0.0	1.277
7270	2.4	0.0	1.191
7271	2.4	0.0	0.717
7272	2.7	0.0	0.449
7273	1.3	0.0	0.311
7274	1.3	0.0	0.168
7275	1.1	0.0	0.066
7276	1.1	0.0	0.048
7277	0.9	0.0	0.143
7278	1.2	0.0	0.358
7279	1.1	0.0	0.969
7280	2.5	0.0	1.037
7281	2.4	0.0	1.041
7282	2.4	0.0	1.091
7283	2.5	0.0	1.041
7284	2.4	0.0	1.010
7285	2.5	0.0	0.935
7286	2.4	0.0	0.821
7287	2.5	0.0	0.749
7288	2.3	0.0	0.699
7289	2.2	0.0	0.726
7290	2.4	0.0	0.901
7291	2.6	0.0	1.005
7292	2.6	0.0	1.243
7293	2.5	0.0	1.277
7294	2.6	0.0	1.191
7295	2.6	0.0	0.717
7296	2.6	0.0	0.449
7297	1.7	0.0	0.311
7298	2.3	0.0	0.168
7299	2.6	0.0	0.066
7300	2.7	0.0	0.048
7301	3.2	0.0	0.143
7302	3.6	0.0	0.358
7303	3.9	0.0	0.969
7304	6.4	0.0	1.037
7305	6.3	0.0	1.041
7306	6.8	0.0	1.091
7307	6.6	0.0	1.041
7308	6.3	0.0	1.010
7309	6.2	0.0	0.935
7310	6.2	0.0	0.821
7311	6.5	0.0	0.749
7312	6.5	0.0	0.699
7313	6.9	0.0	0.726
7314	7.7	0.0	0.901
7315	8.4	0.0	1.005
7316	8.1	0.0	1.243
7317	8.1	0.0	1.277
7318	8.3	0.0	1.191
7319	8.6	0.0	0.717
7320	9.0	0.0	0.449
7321	6.9	0.0	0.311
7322	7.1	0.0	0.168
7323	7.3	0.0	0.066
7324	7.5	0.0	0.048
7325	7.3	0.0	0.143
7326	7.0	0.0	0.358
7327	7.2	0.0	0.969
7328	9.3	0.0	1.037
7329	8.9	0.0	1.041
7330	8.2	0.0	1.091
7331	7.4	0.0	1.041
7332	6.5	0.0	1.010
7333	6.3	0.0	0.935
7334	5.8	0.0	0.821
7335	5.5	0.0	0.749
7336	5.5	0.0	0.699
7337	5.5	0.0	0.726
7338	5.9	0.0	0.901
7339	6.0	0.0	1.005
7340	6.2	0.0	1.243
7341	6.5	0.0	1.277
7342	6.5	0.0	1.191
7343	7.0	0.0	0.717
7344	7.0	0.0	0.449
7345	4.8	0.0	0.311
7346	4.8	0.0	0.168
7347	5.0	0.0	0.066
7348	5.0	0.0	0.048
7349	4.8	0.0	0.143
7350	5.0	0.0	0.358
7351	5.0	0.0	0.969
7352	7.1	0.0	1.037
7353	6.9	0.0	1.041
7354	6.6	0.0	1.091
7355	6.4	0.0	1.041
7356	6.0	0.0	1.010
7357	5.6	0.0	0.935
7358	5.3	0.0	0.821
7359	4.9	0.0	0.749
7360	4.9	0.0	0.699
7361	5.0	0.0	0.726
7362	5.0	0.0	0.901
7363	4.8	0.0	1.005
7364	4.5	0.0	1.243
7365	4.7	0.0	1.277
7366	4.8	0.0	1.191
7367	4.7	0.0	0.717
7368	4.3	0.0	0.449
7369	1.5	0.0	0.311
7370	1.6	0.0	0.168
7371	1.8	0.0	0.066
7372	2.0	0.0	0.048
7373	2.7	0.0	0.143
7374	3.0	0.0	0.358
7375	2.6	0.0	0.969
7376	5.0	0.0	1.037
7377	5.1	0.0	1.041
7378	4.7	0.0	1.091
7379	3.9	0.0	1.041
7380	3.2	0.0	1.010
7381	2.7	0.0	0.935
7382	2.1	0.0	0.821
7383	2.2	0.0	0.749
7384	2.3	0.0	0.699
7385	2.6	0.0	0.726
7386	3.2	0.0	0.901
7387	3.7	0.0	1.005
7388	3.6	0.0	1.243
7389	3.5	0.0	1.277
7390	3.7	0.0	1.191
7391	3.9	0.0	0.717
7392	4.3	0.0	0.449
7393	1.8	0.0	0.311
7394	1.9	0.0	0.168
7395	1.8	0.0	0.066
7396	1.9	0.0	0.048
7397	2.0	0.0	0.143
7398	2.1	0.0	0.358
7399	1.7	0.0	0.969
7400	4.0	0.0	1.037
7401	4.0	0.0	1.041
7402	3.9	0.0	1.091
7403	4.0	0.0	1.041
7404	3.7	0.0	1.010
7405	3.0	0.0	0.935
7406	2.6	0.0	0.821
7407	2.5	0.0	0.749
7408	2.9	0.0	0.699
7409	3.3	0.0	0.726
7410	3.6	0.0	0.901
7411	3.8	0.0	1.005
7412	4.0	0.0	1.243
7413	3.9	0.0	1.277
7414	3.9	0.0	1.191
7415	3.8	0.0	0.717
7416	3.5	0.0	0.449
7417	0.7	0.0	0.311
7418	1.1	0.0	0.168
7419	1.5	0.0	0.066
7420	1.5	0.0	0.048
7421	1.6	0.0	0.143
7422	2.0	0.0	0.358
7423	1.5	0.0	0.969
7424	3.8	0.0	1.037
7425	3.7	0.0	1.041
7426	3.6	0.0	1.091
7427	3.6	0.0	1.041
7428	3.8	0.0	1.010
7429	3.2	0.0	0.935
7430	3.2	0.0	0.821
7431	3.1	0.0	0.749
7432	3.4	0.0	0.699
7433	3.9	0.0	0.726
7434	4.1	0.0	0.901
7435	4.3	0.0	1.005
7436	4.9	0.0	1.243
7437	5.5	0.0	1.277
7438	5.7	0.0	1.191
7439	5.6	0.0	0.717
7440	6.0	0.0	0.449
7441	4.0	0.0	0.311
7442	4.3	0.0	0.168
7443	4.5	0.0	0.066
7444	5.0	0.0	0.048
7445	5.4	0.0	0.143
7446	6.1	0.0	0.358
7447	6.5	0.0	0.969
7448	8.6	0.0	1.037
7449	8.7	0.0	1.041
7450	8.3	0.0	1.091
7451	7.6	0.0	1.041
7452	7.0	0.0	1.010
7453	6.7	0.0	0.935
7454	6.1	0.0	0.821
7455	6.1	0.0	0.749
7456	6.5	0.0	0.699
7457	7.1	0.0	0.726
7458	8.1	0.0	0.901
7459	8.3	0.0	1.005
7460	8.7	0.0	1.243
7461	9.1	0.0	1.277
7462	10.0	0.0	1.191
7463	10.4	0.0	0.717
7464	10.7	0.0	0.449
7465	8.8	0.0	0.311
7466	9.0	0.0	0.168
7467	9.2	0.0	0.066
7468	9.3	0.0	0.048
7469	9.5	0.0	0.143
7470	9.5	0.0	0.358
7471	9.4	0.0	0.969
7472	11.7	0.0	1.037
7473	11.6	0.0	1.041
7474	11.5	0.0	1.091
7475	11.3	0.0	1.041
7476	11.2	0.0	1.010
7477	10.6	0.0	0.935
7478	10.5	0.0	0.821
7479	10.3	0.0	0.749
7480	10.3	0.0	0.699
7481	10.3	0.0	0.726
7482	10.5	0.0	0.901
7483	10.5	0.0	1.005
7484	10.7	0.0	1.243
7485	10.5	0.0	1.277
7486	10.5	0.0	1.191
7487	10.7	0.0	0.717
7488	10.9	0.0	0.449
7489	8.5	0.0	0.311
7490	8.6	0.0	0.168
7491	8.5	0.0	0.066
7492	8.9	0.0	0.048
7493	8.8	0.0	0.143
7494	8.5	0.0	0.358
7495	8.4	0.0	0.969
7496	11.2	0.0	1.037
7497	11.3	0.0	1.041
7498	10.3	0.0	1.091
7499	10.0	0.0	1.041
7500	8.9	0.0	1.010
7501	8.5	0.0	0.935
7502	8.3	0.0	0.821
7503	8.3	0.0	0.749
7504	8.5	0.0	0.699
7505	8.9	0.0	0.726
7506	9.4	0.0	0.901
7507	9.9	0.0	1.005
7508	10.3	0.0	1.243
7509	10.9	0.0	1.277
7510	11.2	0.0	1.191
7511	11.2	0.0	0.717
7512	11.6	0.0	0.449
7513	9.5	0.0	0.311
7514	9.2	0.0	0.168
7515	9.1	0.0	0.066
7516	9.1	0.0	0.048
7517	9.2	0.0	0.143
7518	9.1	0.0	0.358
7519	9.1	0.0	0.969
7520	11.4	0.0	1.037
7521	11.2	0.0	1.041
7522	10.9	0.0	1.091
7523	10.7	0.0	1.041
7524	10.5	0.0	1.010
7525	10.4	0.0	0.935
7526	10.2	0.0	0.821
7527	9.7	0.0	0.749
7528	10.0	0.0	0.699
7529	10.5	0.0	0.726
7530	10.5	0.0	0.901
7531	10.5	0.0	1.005
7532	10.5	0.0	1.243
7533	10.7	0.0	1.277
7534	11.0	0.0	1.191
7535	10.7	0.0	0.717
7536	10.9	0.0	0.449
7537	8.1	0.0	0.311
7538	8.6	0.0	0.168
7539	9.0	0.0	0.066
7540	8.8	0.0	0.048
7541	8.9	0.0	0.143
7542	8.9	0.0	0.358
7543	8.8	0.0	0.969
7544	11.5	0.0	1.037
7545	11.7	0.0	1.041
7546	11.4	0.0	1.091
7547	11.4	0.0	1.041
7548	11.3	0.0	1.010
7549	11.0	0.0	0.935
7550	10.5	0.0	0.821
7551	10.5	0.0	0.749
7552	10.9	0.0	0.699
7553	10.9	0.0	0.726
7554	11.9	0.0	0.901
7555	12.3	0.0	1.005
7556	12.0	0.0	1.243
7557	12.1	0.0	1.277
7558	12.5	0.0	1.191
7559	12.9	0.0	0.717
7560	13.3	0.0	0.449
7561	10.9	0.0	0.311
7562	10.8	0.0	0.168
7563	11.1	0.0	0.066
7564	11.0	0.0	0.048
7565	11.3	0.0	0.143
7566	11.5	0.0	0.358
7567	11.7	0.0	0.969
7568	14.3	0.0	1.037
7569	14.3	0.0	1.041
7570	14.6	0.0	1.091
7571	14.9	0.0	1.041
7572	14.7	0.0	1.010
7573	14.8	0.0	0.935
7574	14.9	0.0	0.821
7575	14.4	0.0	0.749
7576	14.0	0.0	0.699
7577	14.6	0.0	0.726
7578	14.7	0.0	0.901
7579	14.2	0.0	1.005
7580	14.1	0.0	1.243
7581	14.4	0.0	1.277
7582	14.4	0.0	1.191
7583	14.3	0.0	0.717
7584	14.8	0.0	0.449
7585	12.4	0.0	0.311
7586	12.6	0.0	0.168
7587	12.7	0.0	0.066
7588	12.7	0.0	0.048
7589	12.4	0.0	0.143
7590	12.0	0.0	0.358
7591	11.7	0.0	0.969
7592	13.8	0.0	1.037
7593	13.7	0.0	1.041
7594	14.0	0.0	1.091
7595	13.3	0.0	1.041
7596	12.8	0.0	1.010
7597	12.4	0.0	0.935
7598	11.7	0.0	0.821
7599	11.3	0.0	0.749
7600	11.3	0.0	0.699
7601	10.9	0.0	0.726
7602	10.8	0.0	0.901
7603	11.0	0.0	1.005
7604	11.5	0.0	1.243
7605	11.4	0.0	1.277
7606	11.0	0.0	1.191
7607	10.9	0.0	0.717
7608	11.1	0.0	0.449
7609	8.4	0.0	0.311
7610	8.4	0.0	0.168
7611	8.4	0.0	0.066
7612	8.8	0.0	0.048
7613	9.3	0.0	0.143
7614	9.5	0.0	0.358
7615	9.5	0.0	0.969
7616	11.9	0.0	1.037
7617	11.4	0.0	1.041
7618	11.2	0.0	1.091
7619	10.3	0.0	1.041
7620	9.8	0.0	1.010
7621	9.4	0.0	0.935
7622	8.9	0.0	0.821
7623	8.4	0.0	0.749
7624	8.4	0.0	0.699
7625	9.0	0.0	0.726
7626	9.2	0.0	0.901
7627	9.3	0.0	1.005
7628	9.5	0.0	1.243
7629	9.4	0.0	1.277
7630	9.3	0.0	1.191
7631	9.5	0.0	0.717
7632	9.4	0.0	0.449
7633	7.1	0.0	0.311
7634	7.3	0.0	0.168
7635	7.3	0.0	0.066
7636	7.3	0.0	0.048
7637	7.1	0.0	0.143
7638	6.9	0.0	0.358
7639	7.2	0.0	0.969
7640	9.3	0.0	1.037
7641	8.6	0.0	1.041
7642	8.4	0.0	1.091
7643	7.7	0.0	1.041
7644	7.7	0.0	1.010
7645	7.2	0.0	0.935
7646	6.6	0.0	0.821
7647	6.6	0.0	0.749
7648	6.4	0.0	0.699
7649	6.4	0.0	0.726
7650	6.7	0.0	0.901
7651	7.5	0.0	1.005
7652	7.6	0.0	1.243
7653	7.4	0.0	1.277
7654	7.6	0.0	1.191
7655	7.5	0.0	0.717
7656	7.3	0.0	0.449
7657	4.9	0.0	0.311
7658	4.6	0.0	0.168
7659	4.8	0.0	0.066
7660	4.7	0.0	0.048
7661	4.8	0.0	0.143
7662	4.5	0.0	0.358
7663	4.8	0.0	0.969
7664	7.2	0.0	1.037
7665	6.9	0.0	1.041
7666	6.8	0.0	1.091
7667	6.1	0.0	1.041
7668	5.6	0.0	1.010
7669	5.1	0.0	0.935
7670	4.9	0.0	0.821
7671	4.5	0.0	0.749
7672	4.7	0.0	0.699
7673	5.0	0.0	0.726
7674	5.6	0.0	0.901
7675	5.7	0.0	1.005
7676	5.8	0.0	1.243
7677	5.6	0.0	1.277
7678	5.8	0.0	1.191
7679	5.7	0.0	0.717
7680	5.9	0.0	0.449
7681	3.4	0.0	0.311
7682	3.6	0.0	0.168
7683	3.2	0.0	0.066
7684	3.2	0.0	0.048
7685	3.3	0.0	0.143
7686	3.5	0.0	0.358
7687	3.3	0.0	0.969
7688	6.5	0.0	1.037
7689	6.5	0.0	1.041
7690	6.5	0.0	1.091
7691	6.6	0.0	1.041
7692	6.6	0.0	1.010
7693	6.4	0.0	0.935
7694	6.4	0.0	0.821
7695	6.4	0.0	0.749
7696	6.8	0.0	0.699
7697	7.0	0.0	0.726
7698	7.5	0.0	0.901
7699	7.6	0.0	1.005
7700	8.4	0.0	1.243
7701	8.0	0.0	1.277
7702	8.2	0.0	1.191
7703	8.2	0.0	0.717
7704	7.9	0.0	0.449
7705	5.6	0.0	0.311
7706	5.7	0.0	0.168
7707	5.7	0.0	0.066
7708	6.3	0.0	0.048
7709	6.1	0.0	0.143
7710	6.1	0.0	0.358
7711	6.1	0.0	0.969
7712	8.7	0.0	1.037
7713	8.6	0.0	1.041
7714	8.5	0.0	1.091
7715	8.1	0.0	1.041
7716	7.4	0.0	1.010
7717	6.8	0.0	0.935
7718	6.6	0.0	0.821
7719	7.0	0.0	0.749
7720	7.0	0.0	0.699
7721	7.6	0.0	0.726
7722	7.9	0.0	0.901
7723	8.1	0.0	1.005
7724	8.8	0.0	1.243
7725	9.1	0.0	1.277
7726	9.3	0.0	1.191
7727	9.4	0.0	0.717
7728	9.8	0.0	0.449
7729	7.7	0.0	0.311
7730	7.9	0.0	0.168
7731	8.4	0.0	0.066
7732	8.7	0.0	0.048
7733	9.0	0.0	0.143
7734	9.5	0.0	0.358
7735	9.8	0.0	0.969
7736	12.3	0.0	1.037
7737	12.2	0.0	1.041
7738	11.4	0.0	1.091
7739	11.2	0.0	1.041
7740	10.6	0.0	1.010
7741	10.0	0.0	0.935
7742	9.9	0.0	0.821
7743	10.2	0.0	0.749
7744	10.5	0.0	0.699
7745	11.2	0.0	0.726
7746	11.9	0.0	0.901
7747	11.9	0.0	1.005
7748	12.4	0.0	1.243
7749	12.7	0.0	1.277
7750	13.2	0.0	1.191
7751	13.8	0.0	0.717
7752	14.0	0.0	0.449
7753	11.8	0.0	0.311
7754	11.4	0.0	0.168
7755	11.6	0.0	0.066
7756	11.4	0.0	0.048
7757	11.2	0.0	0.143
7758	11.4	0.0	0.358
7759	11.9	0.0	0.969
7760	14.1	0.0	1.037
7761	13.8	0.0	1.041
7762	13.1	0.0	1.091
7763	12.4	0.0	1.041
7764	11.8	0.0	1.010
7765	11.0	0.0	0.935
7766	10.0	0.0	0.821
7767	9.9	0.0	0.749
7768	9.6	0.0	0.699
7769	9.9	0.0	0.726
7770	10.8	0.0	0.901
7771	11.5	0.0	1.005
7772	11.5	0.0	1.243
7773	11.6	0.0	1.277
7774	11.6	0.0	1.191
7775	11.8	0.0	0.717
7776	12.2	0.0	0.449
7777	10.0	0.0	0.311
7778	9.6	0.0	0.168
7779	9.8	0.0	0.066
7780	10.2	0.0	0.048
7781	10.3	0.0	0.143
7782	10.5	0.0	0.358
7783	10.3	0.0	0.969
7784	12.3	0.0	1.037
7785	12.1	0.0	1.041
7786	11.5	0.0	1.091
7787	10.5	0.0	1.041
7788	10.0	0.0	1.010
7789	9.4	0.0	0.935
7790	9.4	0.0	0.821
7791	9.3	0.0	0.749
7792	9.4	0.0	0.699
7793	9.7	0.0	0.726
7794	10.4	0.0	0.901
7795	10.8	0.0	1.005
7796	11.3	0.0	1.243
7797	11.0	0.0	1.277
7798	11.6	0.0	1.191
7799	11.8	0.0	0.717
7800	12.1	0.0	0.449
7801	9.4	0.0	0.311
7802	9.6	0.0	0.168
7803	9.4	0.0	0.066
7804	9.5	0.0	0.048
7805	9.7	0.0	0.143
7806	9.9	0.0	0.358
7807	10.3	0.0	0.969
7808	12.5	0.0	1.037
7809	12.2	0.0	1.041
7810	12.0	0.0	1.091
7811	11.2	0.0	1.041
7812	10.5	0.0	1.010
7813	9.2	0.0	0.935
7814	8.6	0.0	0.821
7815	8.4	0.0	0.749
7816	8.6	0.0	0.699
7817	8.6	0.0	0.726
7818	8.7	0.0	0.901
7819	8.6	0.0	1.005
7820	9.4	0.0	1.243
7821	9.9	0.0	1.277
7822	10.0	0.0	1.191
7823	9.9	0.0	0.717
7824	10.1	0.0	0.449
7825	7.6	0.0	0.311
7826	7.5	0.0	0.168
7827	7.5	0.0	0.066
7828	7.4	0.0	0.048
7829	7.4	0.0	0.143
7830	7.6	0.0	0.358
7831	7.5	0.0	0.969
7832	9.7	0.0	1.037
7833	9.7	0.0	1.041
7834	9.5	0.0	1.091
7835	9.3	0.0	1.041
7836	8.5	0.0	1.010
7837	7.9	0.0	0.935
7838	7.4	0.0	0.821
7839	7.2	0.0	0.749
7840	7.3	0.0	0.699
7841	7.0	0.0	0.726
7842	7.3	0.0	0.901
7843	7.2	0.0	1.005
7844	7.4	0.0	1.243
7845	7.4	0.0	1.277
7846	7.6	0.0	1.191
7847	7.2	0.0	0.717
7848	7.1	0.0	0.449
7849	4.4	0.0	0.311
7850	4.7	0.0	0.168
7851	4.9	0.0	0.066
7852	4.9	0.0	0.048
7853	5.3	0.0	0.143
7854	5.0	0.0	0.358
7855	5.3	0.0	0.969
7856	8.2	0.0	1.037
7857	8.1	0.0	1.041
7858	7.8	0.0	1.091
7859	7.0	0.0	1.041
7860	6.5	0.0	1.010
7861	6.2	0.0	0.935
7862	6.0	0.0	0.821
7863	5.9	0.0	0.749
7864	6.1	0.0	0.699
7865	6.6	0.0	0.726
7866	7.3	0.0	0.901
7867	7.6	0.0	1.005
7868	8.3	0.0	1.243
7869	8.9	0.0	1.277
7870	9.1	0.0	1.191
7871	9.9	0.0	0.717
7872	9.9	0.0	0.449
7873	7.7	0.0	0.311
7874	7.9	0.0	0.168
7875	8.0	0.0	0.066
7876	7.9	0.0	0.048
7877	8.2	0.0	0.143
7878	8.3	0.0	0.358
7879	8.3	0.0	0.969
7880	10.9	0.0	1.037
7881	10.6	0.0	1.041
7882	10.4	0.0	1.091
7883	9.9	0.0	1.041
7884	9.6	0.0	1.010
7885	9.3	0.0	0.935
7886	9.2	0.0	0.821
7887	9.1	0.0	0.749
7888	8.8	0.0	0.699
7889	9.0	0.0	0.726
7890	9.4	0.0	0.901
7891	9.7	0.0	1.005
7892	10.2	0.0	1.243
7893	10.6	0.0	1.277
7894	10.9	0.0	1.191
7895	10.8	0.0	0.717
7896	10.6	0.0	0.449
7897	7.7	0.0	0.311
7898	7.7	0.0	0.168
7899	7.8	0.0	0.066
7900	7.8	0.0	0.048
7901	7.7	0.0	0.143
7902	7.6	0.0	0.358
7903	7.8	0.0	0.969
7904	10.5	0.0	1.037
7905	9.6	0.0	1.041
7906	8.8	0.0	1.091
7907	8.3	0.0	1.041
7908	7.8	0.0	1.010
7909	7.0	0.0	0.935
7910	6.7	0.0	0.821
7911	6.9	0.0	0.749
7912	7.2	0.0	0.699
7913	7.5	0.0	0.726
7914	8.0	0.0	0.901
7915	8.2	0.0	1.005
7916	8.2	0.0	1.243
7917	8.0	0.0	1.277
7918	8.0	0.0	1.191
7919	8.1	0.0	0.717
7920	7.8	0.0	0.449
7921	5.3	0.0	0.311
7922	5.4	0.0	0.168
7923	5.6	0.0	0.066
7924	5.8	0.0	0.048
7925	6.4	0.0	0.143
7926	6.6	0.0	0.358
7927	6.8	0.0	0.969
7928	9.6	0.0	1.037
7929	9.2	0.0	1.041
7930	8.8	0.0	1.091
7931	8.1	0.0	1.041
7932	7.4	0.0	1.010
7933	6.8	0.0	0.935
7934	7.0	0.0	0.821
7935	6.8	0.0	0.749
7936	6.9	0.0	0.699
7937	7.0	0.0	0.726
7938	7.5	0.0	0.901
7939	7.3	0.0	1.005
7940	7.7	0.0	1.243
7941	7.8	0.0	1.277
7942	8.5	0.0	1.191
7943	8.4	0.0	0.717
7944	9.0	0.0	0.449
7945	7.2	0.0	0.311
7946	7.3	0.0	0.168
7947	7.5	0.0	0.066
7948	7.7	0.0	0.048
7949	8.1	0.0	0.143
7950	8.4	0.0	0.358
7951	8.4	0.0	0.969
7952	10.7	0.0	1.037
7953	10.7	0.0	1.041
7954	10.3	0.0	1.091
7955	9.6	0.0	1.041
7956	9.1	0.0	1.010
7957	8.5	0.0	0.935
7958	7.9	0.0	0.821
7959	7.7	0.0	0.749
7960	7.9	0.0	0.699
7961	8.2	0.0	0.726
7962	8.9	0.0	0.901
7963	9.0	0.0	1.005
7964	9.1	0.0	1.243
7965	9.0	0.0	1.277
7966	9.1	0.0	1.191
7967	9.0	0.0	0.717
7968	9.0	0.0	0.449
7969	7.2	0.0	0.311
7970	7.5	0.0	0.168
7971	7.6	0.0	0.066
7972	7.9	0.0	0.048
7973	8.2	0.0	0.143
7974	7.9	0.0	0.358
7975	8.0	0.0	0.969
7976	10.5	0.0	1.037
7977	10.1	0.0	1.041
7978	9.6	0.0	1.091
7979	8.4	0.0	1.041
7980	7.6	0.0	1.010
7981	6.9	0.0	0.935
7982	6.6	0.0	0.821
7983	6.9	0.0	0.749
7984	7.5	0.0	0.699
7985	7.6	0.0	0.726
7986	8.3	0.0	0.901
7987	9.0	0.0	1.005
7988	9.3	0.0	1.243
7989	9.8	0.0	1.277
7990	10.5	0.0	1.191
7991	10.6	0.0	0.717
7992	11.1	0.0	0.449
7993	8.8	0.0	0.311
7994	8.9	0.0	0.168
7995	8.9	0.0	0.066
7996	9.6	0.0	0.048
7997	9.6	0.0	0.143
7998	9.9	0.0	0.358
7999	10.3	0.0	0.969
8000	13.0	0.0	1.037
8001	12.6	0.0	1.041
8002	12.2	0.0	1.091
8003	11.6	0.0	1.041
8004	10.9	0.0	1.010
8005	10.6	0.0	0.935
8006	10.2	0.0	0.821
8007	10.5	0.0	0.749
8008	11.0	0.0	0.699
8009	11.3	0.0	0.726
8010	12.2	0.0	0.901
8011	13.0	0.0	1.005
8012	13.1	0.0	1.243
8013	13.3	0.0	1.277
8014	13.9	0.0	1.191
8015	14.3	0.0	0.717
8016	14.5	0.0	0.449
8017	12.5	0.0	0.311
8018	12.6	0.0	0.168
8019	12.9	0.0	0.066
8020	12.7	0.0	0.048
8021	13.1	0.0	0.143
8022	13.8	0.0	0.358
8023	14.2	0.0	0.969
8024	16.8	0.0	1.037
8025	17.1	0.0	1.041
8026	16.5	0.0	1.091
8027	16.1	0.0	1.041
8028	16.1	0.0	1.010
8029	15.6	0.0	0.935
8030	15.4	0.0	0.821
8031	15.2	0.0	0.749
8032	14.8	0.0	0.699
8033	14.9	0.0	0.726
8034	14.9	0.0	0.901
8035	15.0	0.0	1.005
8036	15.3	0.0	1.243
8037	16.1	0.0	1.277
8038	16.7	0.0	1.191
8039	16.8	0.0	0.717
8040	16.6	0.0	0.449
8041	14.0	0.0	0.311
8042	13.9	0.0	0.168
8043	13.4	0.0	0.066
8044	13.3	0.0	0.048
8045	13.1	0.0	0.143
8046	13.2	0.0	0.358
8047	12.8	0.0	0.969
8048	15.4	0.0	1.037
8049	15.5	0.0	1.041
8050	15.7	0.0	1.091
8051	15.1	0.0	1.041
8052	14.7	0.0	1.010
8053	14.1	0.0	0.935
8054	14.1	0.0	0.821
8055	13.7	0.0	0.749
8056	13.8	0.0	0.699
8057	13.5	0.0	0.726
8058	13.4	0.0	0.901
8059	13.5	0.0	1.005
8060	13.8	0.0	1.243
8061	13.7	0.0	1.277
8062	13.7	0.0	1.191
8063	13.9	0.0	0.717
8064	13.9	0.0	0.449
8065	10.9	0.0	0.311
8066	10.8	0.0	0.168
8067	10.7	0.0	0.066
8068	10.8	0.0	0.048
8069	10.8	0.0	0.143
8070	10.8	0.0	0.358
8071	10.4	0.0	0.969
8072	13.2	0.0	1.037
8073	13.1	0.0	1.041
8074	12.7	0.0	1.091
8075	11.8	0.0	1.041
8076	11.5	0.0	1.010
8077	11.2	0.0	0.935
8078	11.5	0.0	0.821
8079	11.5	0.0	0.749
8080	11.7	0.0	0.699
8081	11.9	0.0	0.726
8082	12.0	0.0	0.901
8083	12.3	0.0	1.005
8084	12.8	0.0	1.243
8085	12.4	0.0	1.277
8086	12.6	0.0	1.191
8087	12.5	0.0	0.717
8088	12.6	0.0	0.449
8089	10.2	0.0	0.311
8090	10.3	0.0	0.168
8091	10.8	0.0	0.066
8092	10.7	0.0	0.048
8093	11.4	0.0	0.143
8094	11.6	0.0	0.358
8095	11.0	0.0	0.969
8096	13.6	0.0	1.037
8097	13.6	0.0	1.041
8098	13.6	0.0	1.091
8099	12.8	0.0	1.041
8100	13.0	0.0	1.010
8101	12.6	0.0	0.935
8102	12.6	0.0	0.821
8103	13.4	0.0	0.749
8104	13.6	0.0	0.699
8105	13.9	0.0	0.726
8106	14.4	0.0	0.901
8107	14.9	0.0	1.005
8108	14.9	0.0	1.243
8109	15.4	0.0	1.277
8110	15.4	0.0	1.191
8111	15.4	0.0	0.717
8112	16.0	0.0	0.449
8113	12.9	0.0	0.311
8114	12.4	0.0	0.168
8115	12.1	0.0	0.066
8116	11.3	0.0	0.048
8117	11.4	0.0	0.143
8118	11.6	0.0	0.358
8119	11.0	0.0	0.969
8120	13.5	0.0	1.037
8121	13.2	0.0	1.041
8122	12.9	0.0	1.091
8123	12.3	0.0	1.041
8124	11.8	0.0	1.010
8125	11.5	0.0	0.935
8126	10.7	0.0	0.821
8127	10.5	0.0	0.749
8128	10.6	0.0	0.699
8129	10.4	0.0	0.726
8130	10.2	0.0	0.901
8131	10.4	0.0	1.005
8132	10.2	0.0	1.243
8133	10.0	0.0	1.277
8134	9.4	0.0	1.191
8135	9.2	0.0	0.717
8136	9.2	0.0	0.449
8137	6.2	0.0	0.311
8138	6.0	0.0	0.168
8139	5.9	0.0	0.066
8140	6.2	0.0	0.048
8141	6.3	0.0	0.143
8142	6.0	0.0	0.358
8143	6.0	0.0	0.969
8144	8.7	0.0	1.037
8145	8.3	0.0	1.041
8146	8.1	0.0	1.091
8147	7.8	0.0	1.041
8148	7.8	0.0	1.010
8149	7.3	0.0	0.935
8150	6.9	0.0	0.821
8151	6.3	0.0	0.749
8152	6.4	0.0	0.699
8153	6.8	0.0	0.726
8154	6.9	0.0	0.901
8155	6.5	0.0	1.005
8156	6.8	0.0	1.243
8157	7.3	0.0	1.277
8158	7.8	0.0	1.191
8159	8.1	0.0	0.717
8160	8.2	0.0	0.449
8161	5.3	0.0	0.311
8162	5.8	0.0	0.168
8163	6.2	0.0	0.066
8164	6.5	0.0	0.048
8165	6.7	0.0	0.143
8166	6.9	0.0	0.358
8167	6.8	0.0	0.969
8168	9.7	0.0	1.037
8169	9.4	0.0	1.041
8170	9.3	0.0	1.091
8171	8.9	0.0	1.041
8172	8.8	0.0	1.010
8173	8.5	0.0	0.935
8174	8.8	0.0	0.821
8175	8.5	0.0	0.749
8176	8.7	0.0	0.699
8177	8.8	0.0	0.726
8178	9.3	0.0	0.901
8179	9.5	0.0	1.005
8180	10.0	0.0	1.243
8181	10.3	0.0	1.277
8182	10.3	0.0	1.191
8183	10.5	0.0	0.717
8184	10.5	0.0	0.449
8185	8.1	0.0	0.311
8186	8.4	0.0	0.168
8187	8.7	0.0	0.066
8188	9.1	0.0	0.048
8189	10.2	0.0	0.143
8190	10.9	0.0	0.358
8191	11.2	0.0	0.969
8192	13.6	0.0	1.037
8193	12.8	0.0	1.041
8194	12.8	0.0	1.091
8195	12.4	0.0	1.041
8196	12.1	0.0	1.010
8197	12.4	0.0	0.935
8198	12.2	0.0	0.821
8199	12.5	0.0	0.749
8200	13.3	0.0	0.699
8201	13.8	0.0	0.726
8202	14.7	0.0	0.901
8203	15.7	0.0	1.005
8204	16.4	0.0	1.243
8205	16.8	0.0	1.277
8206	17.9	0.0	1.191
8207	18.6	0.0	0.717
8208	19.2	0.0	0.449
8209	16.6	0.0	0.311
8210	16.7	0.0	0.168
8211	17.0	0.0	0.066
8212	17.3	0.0	0.048
8213	17.1	0.0	0.143
8214	16.6	0.0	0.358
8215	17.1	0.0	0.969
8216	19.7	0.0	1.037
8217	19.6	0.0	1.041
8218	19.2	0.0	1.091
8219	18.6	0.0	1.041
8220	18.4	0.0	1.010
8221	18.3	0.0	0.935
8222	17.5	0.0	0.821
8223	17.1	0.0	0.749
8224	17.0	0.0	0.699
8225	17.4	0.0	0.726
8226	17.2	0.0	0.901
8227	17.3	0.0	1.005
8228	17.7	0.0	1.243
8229	17.7	0.0	1.277
8230	18.0	0.0	1.191
8231	18.1	0.0	0.717
8232	18.0	0.0	0.449
8233	15.6	0.0	0.311
8234	15.8	0.0	0.168
8235	15.7	0.0	0.066
8236	15.9	0.0	0.048
8237	16.0	0.0	0.143
8238	16.2	0.0	0.358
8239	16.3	0.0	0.969
8240	18.8	0.0	1.037
8241	19.1	0.0	1.041
8242	18.8	0.0	1.091
8243	19.0	0.0	1.041
8244	18.4	0.0	1.010
8245	18.8	0.0	0.935
8246	18.7	0.0	0.821
8247	18.5	0.0	0.749
8248	18.4	0.0	0.699
8249	18.8	0.0	0.726
8250	18.8	0.0	0.901
8251	19.0	0.0	1.005
8252	19.6	0.0	1.243
8253	19.0	0.0	1.277
8254	19.1	0.0	1.191
8255	19.4	0.0	0.717
8256	19.1	0.0	0.449
8257	16.6	0.0	0.311
8258	16.9	0.0	0.168
8259	16.6	0.0	0.066
8260	16.9	0.0	0.048
8261	17.2	0.0	0.143
8262	17.1	0.0	0.358
8263	16.9	0.0	0.969
8264	19.3	0.0	1.037
8265	18.8	0.0	1.041
8266	18.3	0.0	1.091
8267	17.8	0.0	1.041
8268	17.6	0.0	1.010
8269	17.0	0.0	0.935
8270	16.8	0.0	0.821
8271	16.4	0.0	0.749
8272	16.4	0.0	0.699
8273	17.0	0.0	0.726
8274	16.9	0.0	0.901
8275	16.8	0.0	1.005
8276	16.4	0.0	1.243
8277	16.5	0.0	1.277
8278	16.9	0.0	1.191
8279	16.7	0.0	0.717
8280	17.0	0.0	0.449
8281	14.3	0.0	0.311
8282	13.9	0.0	0.168
8283	13.6	0.0	0.066
8284	13.6	0.0	0.048
8285	13.6	0.0	0.143
8286	13.6	0.0	0.358
8287	13.7	0.0	0.969
8288	16.5	0.0	1.037
8289	16.9	0.0	1.041
8290	16.7	0.0	1.091
8291	16.1	0.0	1.041
8292	16.0	0.0	1.010
8293	15.8	0.0	0.935
8294	15.9	0.0	0.821
8295	15.5	0.0	0.749
8296	15.3	0.0	0.699
8297	15.2	0.0	0.726
8298	15.6	0.0	0.901
8299	15.6	0.0	1.005
8300	15.7	0.0	1.243
8301	15.8	0.0	1.277
8302	16.2	0.0	1.191
8303	16.0	0.0	0.717
8304	16.1	0.0	0.449
8305	13.4	0.0	0.311
8306	13.7	0.0	0.168
8307	14.1	0.0	0.066
8308	14.1	0.0	0.048
8309	14.4	0.0	0.143
8310	13.9	0.0	0.358
8311	13.5	0.0	0.969
8312	15.7	0.0	1.037
8313	15.9	0.0	1.041
8314	15.4	0.0	1.091
8315	14.6	0.0	1.041
8316	13.9	0.0	1.010
8317	13.3	0.0	0.935
8318	12.5	0.0	0.821
8319	12.3	0.0	0.749
8320	12.4	0.0	0.699
8321	12.8	0.0	0.726
8322	13.1	0.0	0.901
8323	13.2	0.0	1.005
8324	13.3	0.0	1.243
8325	13.8	0.0	1.277
8326	14.0	0.0	1.191
8327	14.0	0.0	0.717
8328	14.0	0.0	0.449
8329	11.2	0.0	0.311
8330	11.2	0.0	0.168
8331	10.7	0.0	0.066
8332	10.6	0.0	0.048
8333	11.1	0.0	0.143
8334	11.4	0.0	0.358
8335	11.7	0.0	0.969
8336	14.4	0.0	1.037
8337	14.0	0.0	1.041
8338	13.5	0.0	1.091
8339	12.9	0.0	1.041
8340	12.5	0.0	1.010
8341	11.9	0.0	0.935
8342	11.5	0.0	0.821
8343	11.4	0.0	0.749
8344	11.4	0.0	0.699
8345	11.8	0.0	0.726
8346	12.1	0.0	0.901
8347	12.2	0.0	1.005
8348	12.7	0.0	1.243
8349	12.5	0.0	1.277
8350	12.6	0.0	1.191
8351	12.6	0.0	0.717
8352	12.7	0.0	0.449
8353	9.8	0.0	0.311
8354	9.9	0.0	0.168
8355	9.7	0.0	0.066
8356	9.7	0.0	0.048
8357	9.4	0.0	0.143
8358	9.6	0.0	0.358
8359	10.3	0.0	0.969
8360	13.0	0.0	1.037
8361	12.4	0.0	1.041
8362	11.6	0.0	1.091
8363	11.4	0.0	1.041
8364	10.5	0.0	1.010
8365	10.1	0.0	0.935
8366	9.9	0.0	0.821
8367	9.7	0.0	0.749
8368	10.1	0.0	0.699
8369	10.7	0.0	0.726
8370	10.9	0.0	0.901
8371	11.2	0.0	1.005
8372	11.4	0.0	1.243
8373	12.0	0.0	1.277
8374	12.6	0.0	1.191
8375	13.0	0.0	0.717
8376	13.3	0.0	0.449
8377	10.8	0.0	0.311
8378	11.0	0.0	0.168
8379	10.7	0.0	0.066
8380	10.7	0.0	0.048
8381	11.0	0.0	0.143
8382	11.2	0.0	0.358
8383	11.2	0.0	0.969
8384	14.2	0.0	1.037
8385	14.2	0.0	1.041
8386	13.7	0.0	1.091
8387	13.5	0.0	1.041
8388	13.0	0.0	1.010
8389	12.7	0.0	0.935
8390	11.8	0.0	0.821
8391	11.6	0.0	0.749
8392	11.6	0.0	0.699
8393	11.9	0.0	0.726
8394	11.8	0.0	0.901
8395	12.2	0.0	1.005
8396	11.8	0.0	1.243
8397	11.7	0.0	1.277
8398	11.6	0.0	1.191
8399	11.7	0.0	0.717
8400	11.4	0.0	0.449
8401	8.8	0.0	0.311
8402	8.8	0.0	0.168
8403	9.0	0.0	0.066
8404	8.4	0.0	0.048
8405	8.7	0.0	0.143
8406	8.6	0.0	0.358
8407	8.7	0.0	0.969
8408	11.6	0.0	1.037
8409	11.5	0.0	1.041
8410	10.9	0.0	1.091
8411	10.4	0.0	1.041
8412	10.1	0.0	1.010
8413	9.9	0.0	0.935
8414	9.9	0.0	0.821
8415	9.7	0.0	0.749
8416	9.3	0.0	0.699
8417	9.5	0.0	0.726
8418	9.8	0.0	0.901
8419	9.7	0.0	1.005
8420	10.0	0.0	1.243
8421	9.9	0.0	1.277
8422	9.9	0.0	1.191
8423	10.0	0.0	0.717
8424	10.4	0.0	0.449
8425	7.1	0.0	0.311
8426	7.0	0.0	0.168
8427	7.4	0.0	0.066
8428	7.4	0.0	0.048
8429	7.7	0.0	0.143
8430	7.8	0.0	0.358
8431	7.5	0.0	0.969
8432	10.3	0.0	1.037
8433	9.8	0.0	1.041
8434	9.3	0.0	1.091
8435	8.9	0.0	1.041
8436	8.7	0.0	1.010
8437	8.5	0.0	0.935
8438	8.3	0.0	0.821
8439	8.2	0.0	0.749
8440	8.0	0.0	0.699
8441	8.1	0.0	0.726
8442	8.7	0.0	0.901
8443	8.9	0.0	1.005
8444	9.1	0.0	1.243
8445	9.4	0.0	1.277
8446	9.0	0.0	1.191
8447	8.7	0.0	0.717
8448	8.3	0.0	0.449
8449	5.8	0.0	0.311
8450	6.3	0.0	0.168
8451	6.2	0.0	0.066
8452	6.9	0.0	0.048
8453	6.7	0.0	0.143
8454	6.4	0.0	0.358
8455	6.5	0.0	0.969
8456	9.2	0.0	1.037
8457	9.2	0.0	1.041
8458	8.6	0.0	1.091
8459	7.9	0.0	1.041
8460	7.5	0.0	1.010
8461	6.9	0.0	0.935
8462	6.5	0.0	0.821
8463	6.2	0.0	0.749
8464	6.7	0.0	0.699
8465	7.2	0.0	0.726
8466	7.5	0.0	0.901
8467	7.7	0.0	1.005
8468	8.0	0.0	1.243
8469	8.1	0.0	1.277
8470	8.3	0.0	1.191
8471	8.4	0.0	0.717
8472	8.7	0.0	0.449
8473	6.2	0.0	0.311
8474	7.0	0.0	0.168
8475	6.9	0.0	0.066
8476	7.0	0.0	0.048
8477	7.2	0.0	0.143
8478	7.6	0.0	0.358
8479	8.0	0.0	0.969
8480	10.7	0.0	1.037
8481	10.7	0.0	1.041
8482	10.5	0.0	1.091
8483	10.3	0.0	1.041
8484	10.1	0.0	1.010
8485	9.7	0.0	0.935
8486	9.9	0.0	0.821
8487	9.8	0.0	0.749
8488	9.9	0.0	0.699
8489	10.5	0.0	0.726
8490	10.8	0.0	0.901
8491	11.2	0.0	1.005
8492	11.8	0.0	1.243
8493	12.1	0.0	1.277
8494	12.8	0.0	1.191
8495	12.9	0.0	0.717
8496	13.2	0.0	0.449
8497	10.5	0.0	0.311
8498	10.5	0.0	0.168
8499	10.5	0.0	0.066
8500	10.2	0.0	0.048
8501	10.6	0.0	0.143
8502	10.7	0.0	0.358
8503	10.4	0.0	0.969
8504	13.4	0.0	1.037
8505	13.3	0.0	1.041
8506	12.9	0.0	1.091
8507	11.9	0.0	1.041
8508	11.5	0.0	1.010
8509	11.3	0.0	0.935
8510	10.9	0.0	0.821
8511	10.9	0.0	0.749
8512	10.6	0.0	0.699
8513	10.8	0.0	0.726
8514	11.3	0.0	0.901
8515	11.1	0.0	1.005
8516	11.4	0.0	1.243
8517	11.0	0.0	1.277
8518	10.6	0.0	1.191
8519	10.5	0.0	0.717
8520	10.2	0.0	0.449
8521	7.8	0.0	0.311
8522	7.9	0.0	0.168
8523	8.0	0.0	0.066
8524	8.0	0.0	0.048
8525	8.3	0.0	0.143
8526	8.1	0.0	0.358
8527	8.1	0.0	0.969
8528	11.0	0.0	1.037
8529	10.6	0.0	1.041
8530	9.8	0.0	1.091
8531	9.8	0.0	1.041
8532	9.8	0.0	1.010
8533	9.5	0.0	0.935
8534	9.9	0.0	0.821
8535	9.9	0.0	0.749
8536	10.4	0.0	0.699
8537	10.2	0.0	0.726
8538	10.6	0.0	0.901
8539	10.3	0.0	1.005
8540	10.4	0.0	1.243
8541	10.7	0.0	1.277
8542	10.5	0.0	1.191
8543	10.6	0.0	0.717
8544	10.9	0.0	0.449
8545	8.5	0.0	0.311
8546	8.9	0.0	0.168
8547	9.0	0.0	0.066
8548	9.2	0.0	0.048
8549	9.3	0.0	0.143
8550	9.7	0.0	0.358
8551	9.8	0.0	0.969
8552	12.6	0.0	1.037
8553	12.3	0.0	1.041
8554	11.8	0.0	1.091
8555	11.0	0.0	1.041
8556	10.7	0.0	1.010
8557	10.4	0.0	0.935
8558	10.1	0.0	0.821
8559	10.8	0.0	0.749
8560	11.5	0.0	0.699
8561	11.9	0.0	0.726
8562	12.4	0.0	0.901
8563	12.0	0.0	1.005
8564	12.2	0.0	1.243
8565	12.0	0.0	1.277
8566	12.5	0.0	1.191
8567	12.6	0.0	0.717
8568	12.7	0.0	0.449
8569	10.1	0.0	0.311
8570	10.2	0.0	0.168
8571	10.3	0.0	0.066
8572	10.5	0.0	0.048
8573	10.3	0.0	0.143
8574	10.7	0.0	0.358
8575	10.9	0.0	0.969
8576	13.5	0.0	1.037
8577	13.1	0.0	1.041
8578	12.7	0.0	1.091
8579	12.2	0.0	1.041
8580	11.1	0.0	1.010
8581	10.6	0.0	0.935
8582	10.2	0.0	0.821
8583	9.6	0.0	0.749
8584	9.7	0.0	0.699
8585	10.2	0.0	0.726
8586	10.5	0.0	0.901
8587	10.9	0.0	1.005
8588	12.0	0.0	1.243
8589	11.7	0.0	1.277
8590	11.5	0.0	1.191
8591	11.8	0.0	0.717
8592	11.9	0.0	0.449
8593	9.3	0.0	0.311
8594	8.8	0.0	0.168
8595	8.8	0.0	0.066
8596	8.5	0.0	0.048
8597	8.4	0.0	0.143
8598	8.0	0.0	0.358
8599	8.1	0.0	0.969
8600	10.5	0.0	1.037
8601	10.1	0.0	1.041
8602	10.0	0.0	1.091
8603	9.2	0.0	1.041
8604	8.4	0.0	1.010
8605	8.2	0.0	0.935
8606	7.5	0.0	0.821
8607	7.6	0.0	0.749
8608	7.8	0.0	0.699
8609	8.2	0.0	0.726
8610	8.9	0.0	0.901
8611	9.2	0.0	1.005
8612	9.0	0.0	1.243
8613	8.7	0.0	1.277
8614	8.8	0.0	1.191
8615	9.1	0.0	0.717
8616	9.2	0.0	0.449
8617	6.8	0.0	0.311
8618	6.4	0.0	0.168
8619	6.2	0.0	0.066
8620	6.5	0.0	0.048
8621	6.7	0.0	0.143
8622	6.8	0.0	0.358
8623	6.6	0.0	0.969
8624	9.2	0.0	1.037
8625	9.3	0.0	1.041
8626	8.6	0.0	1.091
8627	7.7	0.0	1.041
8628	7.2	0.0	1.010
8629	6.8	0.0	0.935
8630	6.6	0.0	0.821
8631	6.2	0.0	0.749
8632	6.7	0.0	0.699
8633	7.0	0.0	0.726
8634	7.7	0.0	0.901
8635	8.2	0.0	1.005
8636	8.3	0.0	1.243
8637	8.8	0.0	1.277
8638	9.0	0.0	1.191
8639	9.6	0.0	0.717
8640	9.9	0.0	0.449
8641	7.7	0.0	0.311
8642	7.7	0.0	0.168
8643	7.6	0.0	0.066
8644	7.6	0.0	0.048
8645	7.4	0.0	0.143
8646	7.7	0.0	0.358
8647	7.8	0.0	0.969
8648	10.7	0.0	1.037
8649	10.4	0.0	1.041
8650	10.0	0.0	1.091
8651	9.4	0.0	1.041
8652	8.5	0.0	1.010
8653	8.1	0.0	0.935
8654	7.8	0.0	0.821
8655	7.3	0.0	0.749
8656	7.1	0.0	0.699
8657	7.6	0.0	0.726
8658	7.9	0.0	0.901
8659	8.0	0.0	1.005
8660	7.5	0.0	1.243
8661	7.8	0.0	1.277
8662	7.9	0.0	1.191
8663	7.9	0.0	0.717
8664	8.2	0.0	0.449
8665	5.5	0.0	0.311
8666	5.3	0.0	0.168
8667	4.9	0.0	0.066
8668	4.8	0.0	0.048
8669	4.6	0.0	0.143
8670	4.6	0.0	0.358
8671	4.7	0.0	0.969
8672	7.5	0.0	1.037
8673	7.5	0.0	1.041
8674	7.5	0.0	1.091
8675	6.9	0.0	1.041
8676	6.5	0.0	1.010
8677	6.3	0.0	0.935
8678	5.9	0.0	0.821
8679	6.0	0.0	0.749
8680	6.0	0.0	0.699
8681	5.8	0.0	0.726
8682	5.3	0.0	0.901
8683	5.3	0.0	1.005
8684	5.2	0.0	1.243
8685	4.8	0.0	1.277
8686	4.9	0.0	1.191
8687	4.7	0.0	0.717
8688	4.7	0.0	0.449
8689	2.1	0.0	0.311
8690	2.2	0.0	0.168
8691	2.5	0.0	0.066
8692	2.0	0.0	0.048
8693	2.4	0.0	0.143
8694	2.8	0.0	0.358
8695	2.5	0.0	0.969
8696	5.3	0.0	1.037
8697	5.2	0.0	1.041
8698	5.4	0.0	1.091
8699	5.1	0.0	1.041
8700	5.4	0.0	1.010
8701	5.5	0.0	0.935
8702	5.7	0.0	0.821
8703	6.4	0.0	0.749
8704	7.0	0.0	0.699
8705	7.3	0.0	0.726
8706	7.8	0.0	0.901
8707	8.1	0.0	1.005
8708	8.1	0.0	1.243
8709	8.1	0.0	1.277
8710	8.4	0.0	1.191
8711	8.6	0.0	0.717
8712	8.4	0.0	0.449
8713	6.0	0.0	0.311
8714	6.5	0.0	0.168
8715	6.6	0.0	0.066
8716	7.2	0.0	0.048
8717	7.3	0.0	0.143
8718	7.9	0.0	0.358
8719	8.4	0.0	0.969
8720	11.0	0.0	1.037
8721	11.2	0.0	1.041
8722	11.1	0.0	1.091
8723	11.6	0.0	1.041
8724	11.0	0.0	1.010
8725	10.5	0.0	0.935
8726	10.6	0.0	0.821
8727	10.5	0.0	0.749
8728	10.9	0.0	0.699
8729	11.2	0.0	0.726
8730	12.0	0.0	0.901
8731	12.3	0.0	1.005
8732	12.0	0.0	1.243
8733	12.5	0.0	1.277
8734	13.1	0.0	1.191
8735	13.3	0.0	0.717
8736	13.7	0.0	0.449
8737	11.2	0.0	0.311
8738	11.5	0.0	0.168
8739	11.7	0.0	0.066
8740	11.9	0.0	0.048
8741	12.1	0.0	0.143
8742	12.1	0.0	0.358
8743	12.4	0.0	0.969
8744	15.0	0.0	1.037
8745	15.6	0.0	1.041
8746	15.1	0.0	1.091
8747	15.0	0.0	1.041
8748	15.0	0.0	1.010
8749	15.1	0.0	0.935
8750	15.0	0.0	0.821
8751	15.1	0.0	0.749
8752	15.1	0.0	0.699
8753	14.9	0.0	0.726
8754	15.2	0.0	0.901
8755	15.8	0.0	1.005
8756	16.2	0.0	1.243
8757	16.9	0.0	1.277
8758	17.6	0.0	1.191
8759	18.1	0.0	0.717
8760	18.4	0.0	0.449
