# HOY	Heat Demand	Load duration curve	Dhw Demand
# [h]	[kWh / h]	[kWh / h]	[kWh / h]
1	11.7	18.2	0.289
2	12.0	18.2	0.156
3	12.5	17.8	0.061
4	12.3	17.8	0.044
5	12.5	17.8	0.133
6	12.5	17.7	0.333
7	12.3	17.0	0.900
8	12.2	17.0	0.963
9	12.3	16.5	0.967
10	11.6	16.4	1.013
11	11.6	16.4	0.967
12	11.0	16.3	0.938
13	10.6	16.3	0.868
14	10.7	16.3	0.763
15	10.7	16.3	0.695
16	11.0	16.3	0.649
17	11.7	16.3	0.674
18	12.6	16.2	0.836
19	13.4	16.2	0.933
20	13.7	16.2	1.155
21	13.8	16.2	1.186
22	14.2	16.2	1.106
23	14.6	16.1	0.666
24	15.1	16.1	0.417
25	15.6	16.1	0.289
26	15.2	16.1	0.156
27	15.3	16.1	0.061
28	15.3	16.0	0.044
29	15.1	16.0	0.133
30	14.8	15.9	0.333
31	15.1	15.9	0.900
32	15.3	15.9	0.963
33	14.9	15.9	0.967
34	14.6	15.8	1.013
35	14.2	15.8	0.967
36	13.6	15.8	0.938
37	13.3	15.7	0.868
38	13.1	15.6	0.763
39	12.7	15.6	0.695
40	13.0	15.6	0.649
41	13.6	15.6	0.674
42	14.2	15.6	0.836
43	14.3	15.6	0.933
44	14.3	15.6	1.155
45	14.5	15.6	1.186
46	14.5	15.5	1.106
47	14.6	15.5	0.666
48	14.6	15.5	0.417
49	14.6	15.5	0.289
50	14.5	15.5	0.156
51	14.6	15.4	0.061
52	14.9	15.4	0.044
53	15.1	15.4	0.133
54	14.9	15.4	0.333
55	15.3	15.3	0.900
56	15.1	15.3	0.963
57	15.0	15.3	0.967
58	15.1	15.3	1.013
59	14.7	15.3	0.967
60	14.5	15.3	0.938
61	13.9	15.3	0.868
62	13.6	15.3	0.763
63	13.3	15.3	0.695
64	13.3	15.2	0.649
65	13.4	15.2	0.674
66	14.0	15.2	0.836
67	14.4	15.2	0.933
68	14.8	15.2	1.155
69	15.2	15.2	1.186
70	15.6	15.1	1.106
71	15.9	15.1	0.666
72	16.1	15.1	0.417
73	16.3	15.1	0.289
74	16.3	15.1	0.156
75	16.1	15.1	0.061
76	16.2	15.1	0.044
77	16.2	15.1	0.133
78	16.1	15.0	0.333
79	15.8	15.0	0.900
80	15.3	15.0	0.963
81	14.8	15.0	0.967
82	14.1	15.0	1.013
83	12.8	14.9	0.967
84	11.8	14.9	0.938
85	10.9	14.9	0.868
86	10.5	14.9	0.763
87	10.7	14.9	0.695
88	10.6	14.9	0.649
89	10.8	14.9	0.674
90	10.9	14.9	0.836
91	10.9	14.8	0.933
92	10.6	14.8	1.155
93	10.9	14.8	1.186
94	11.1	14.8	1.106
95	11.2	14.8	0.666
96	11.2	14.8	0.417
97	11.2	14.8	0.289
98	11.3	14.8	0.156
99	11.8	14.8	0.061
100	12.1	14.7	0.044
101	12.4	14.7	0.133
102	12.6	14.7	0.333
103	13.1	14.7	0.900
104	13.2	14.7	0.963
105	13.5	14.7	0.967
106	13.4	14.7	1.013
107	13.7	14.7	0.967
108	13.8	14.7	0.938
109	13.8	14.6	0.868
110	14.1	14.6	0.763
111	14.9	14.6	0.695
112	14.8	14.6	0.649
113	15.5	14.6	0.674
114	16.1	14.6	0.836
115	16.2	14.6	0.933
116	15.9	14.6	1.155
117	16.4	14.6	1.186
118	17.0	14.6	1.106
119	17.7	14.6	0.666
120	17.8	14.6	0.417
121	18.2	14.5	0.289
122	18.2	14.5	0.156
123	17.8	14.5	0.061
124	17.8	14.5	0.044
125	17.0	14.5	0.133
126	16.5	14.5	0.333
127	16.3	14.5	0.900
128	16.2	14.5	0.963
129	15.9	14.5	0.967
130	15.3	14.5	1.013
131	14.5	14.5	0.967
132	13.7	14.5	0.938
133	12.7	14.4	0.868
134	11.9	14.4	0.763
135	11.5	14.4	0.695
136	11.0	14.4	0.649
137	11.0	14.4	0.674
138	11.3	14.4	0.836
139	10.8	14.4	0.933
140	10.8	14.4	1.155
141	10.9	14.4	1.186
142	10.8	14.4	1.106
143	10.9	14.4	0.666
144	10.8	14.4	0.417
145	10.6	14.4	0.289
146	10.9	14.4	0.156
147	10.9	14.3	0.061
148	11.1	14.3	0.044
149	11.5	14.3	0.133
150	11.3	14.3	0.333
151	11.3	14.3	0.900
152	11.6	14.3	0.963
153	11.4	14.3	0.967
154	10.6	14.3	1.013
155	10.4	14.3	0.967
156	9.8	14.3	0.938
157	9.4	14.3	0.868
158	8.6	14.3	0.763
159	8.3	14.3	0.695
160	8.2	14.3	0.649
161	9.0	14.3	0.674
162	9.5	14.3	0.836
163	10.3	14.3	0.933
164	10.4	14.3	1.155
165	11.0	14.2	1.186
166	11.1	14.2	1.106
167	11.8	14.2	0.666
168	12.0	14.2	0.417
169	12.2	14.2	0.289
170	12.1	14.2	0.156
171	12.3	14.2	0.061
172	11.8	14.2	0.044
173	11.7	14.2	0.133
174	11.2	14.2	0.333
175	11.2	14.2	0.900
176	11.0	14.2	0.963
177	11.0	14.2	0.967
178	10.7	14.2	1.013
179	10.2	14.2	0.967
180	9.6	14.2	0.938
181	9.8	14.1	0.868
182	9.6	14.1	0.763
183	9.8	14.1	0.695
184	9.7	14.1	0.649
185	9.6	14.1	0.674
186	9.7	14.1	0.836
187	10.0	14.1	0.933
188	9.4	14.1	1.155
189	9.1	14.1	1.186
190	9.1	14.1	1.106
191	8.6	14.1	0.666
192	8.3	14.1	0.417
193	7.8	14.1	0.289
194	7.8	14.1	0.156
195	8.2	14.1	0.061
196	8.2	14.1	0.044
197	7.9	14.1	0.133
198	7.5	14.1	0.333
199	7.8	14.1	0.900
200	7.8	14.1	0.963
201	7.9	14.0	0.967
202	7.3	14.0	1.013
203	7.2	14.0	0.967
204	7.3	14.0	0.938
205	7.2	14.0	0.868
206	6.6	14.0	0.763
207	6.0	14.0	0.695
208	5.8	14.0	0.649
209	5.9	14.0	0.674
210	5.8	14.0	0.836
211	5.8	14.0	0.933
212	5.9	14.0	1.155
213	5.8	14.0	1.186
214	5.8	13.9	1.106
215	5.7	13.9	0.666
216	5.3	13.9	0.417
217	5.5	13.9	0.289
218	5.7	13.9	0.156
219	5.9	13.9	0.061
220	6.2	13.9	0.044
221	6.5	13.9	0.133
222	6.8	13.9	0.333
223	7.3	13.9	0.900
224	7.4	13.9	0.963
225	7.4	13.9	0.967
226	7.6	13.9	1.013
227	7.6	13.9	0.967
228	7.4	13.9	0.938
229	7.3	13.8	0.868
230	7.4	13.8	0.763
231	7.2	13.8	0.695
232	7.9	13.8	0.649
233	8.4	13.8	0.674
234	9.1	13.8	0.836
235	9.2	13.8	0.933
236	9.7	13.8	1.155
237	10.3	13.8	1.186
238	11.2	13.8	1.106
239	11.8	13.8	0.666
240	12.2	13.8	0.417
241	12.6	13.8	0.289
242	12.6	13.8	0.156
243	12.6	13.8	0.061
244	12.7	13.8	0.044
245	12.6	13.8	0.133
246	12.5	13.8	0.333
247	12.5	13.7	0.900
248	12.2	13.7	0.963
249	12.4	13.7	0.967
250	11.9	13.7	1.013
251	11.9	13.7	0.967
252	10.9	13.7	0.938
253	10.7	13.7	0.868
254	10.0	13.7	0.763
255	10.1	13.7	0.695
256	10.5	13.7	0.649
257	11.4	13.7	0.674
258	11.3	13.7	0.836
259	11.5	13.7	0.933
260	12.0	13.7	1.155
261	12.3	13.7	1.186
262	12.7	13.7	1.106
263	12.6	13.6	0.666
264	12.7	13.6	0.417
265	12.7	13.6	0.289
266	13.0	13.6	0.156
267	12.9	13.6	0.061
268	12.8	13.6	0.044
269	12.6	13.6	0.133
270	12.8	13.6	0.333
271	12.6	13.6	0.900
272	12.8	13.6	0.963
273	12.8	13.6	0.967
274	12.4	13.6	1.013
275	11.9	13.6	0.967
276	11.2	13.6	0.938
277	10.6	13.6	0.868
278	10.2	13.6	0.763
279	9.9	13.6	0.695
280	9.9	13.6	0.649
281	9.8	13.6	0.674
282	10.1	13.6	0.836
283	10.1	13.6	0.933
284	10.1	13.6	1.155
285	10.5	13.5	1.186
286	10.6	13.5	1.106
287	10.6	13.5	0.666
288	10.8	13.5	0.417
289	10.4	13.5	0.289
290	10.4	13.5	0.156
291	10.3	13.5	0.061
292	10.3	13.5	0.044
293	10.4	13.5	0.133
294	10.5	13.5	0.333
295	10.3	13.5	0.900
296	10.3	13.5	0.963
297	10.2	13.5	0.967
298	10.2	13.4	1.013
299	9.6	13.4	0.967
300	9.3	13.4	0.938
301	8.9	13.4	0.868
302	8.7	13.4	0.763
303	8.6	13.4	0.695
304	8.3	13.4	0.649
305	8.7	13.4	0.674
306	8.6	13.4	0.836
307	8.7	13.4	0.933
308	8.8	13.4	1.155
309	8.9	13.4	1.186
310	9.5	13.4	1.106
311	9.4	13.4	0.666
312	9.6	13.4	0.417
313	9.8	13.4	0.289
314	9.7	13.4	0.156
315	9.7	13.4	0.061
316	9.4	13.4	0.044
317	9.2	13.3	0.133
318	9.1	13.3	0.333
319	9.3	13.3	0.900
320	9.4	13.3	0.963
321	9.5	13.3	0.967
322	9.3	13.3	1.013
323	9.2	13.3	0.967
324	9.3	13.3	0.938
325	9.0	13.3	0.868
326	8.8	13.3	0.763
327	8.2	13.3	0.695
328	7.8	13.3	0.649
329	8.2	13.2	0.674
330	8.3	13.2	0.836
331	8.6	13.2	0.933
332	8.8	13.2	1.155
333	8.9	13.2	1.186
334	8.9	13.2	1.106
335	9.2	13.2	0.666
336	8.9	13.2	0.417
337	9.1	13.2	0.289
338	9.2	13.2	0.156
339	9.5	13.2	0.061
340	9.9	13.2	0.044
341	10.0	13.2	0.133
342	10.0	13.1	0.333
343	10.0	13.1	0.900
344	10.4	13.1	0.963
345	10.5	13.1	0.967
346	10.7	13.1	1.013
347	10.4	13.1	0.967
348	10.1	13.1	0.938
349	10.0	13.1	0.868
350	10.3	13.1	0.763
351	10.4	13.1	0.695
352	10.5	13.1	0.649
353	10.8	13.1	0.674
354	11.2	13.1	0.836
355	11.3	13.1	0.933
356	11.7	13.1	1.155
357	11.7	13.1	1.186
358	12.1	13.1	1.106
359	12.0	13.1	0.666
360	11.7	13.1	0.417
361	11.6	13.1	0.289
362	11.8	13.1	0.156
363	12.1	13.1	0.061
364	12.0	13.0	0.044
365	11.9	13.0	0.133
366	12.4	13.0	0.333
367	12.5	13.0	0.900
368	12.6	13.0	0.963
369	12.6	13.0	0.967
370	12.7	13.0	1.013
371	11.9	13.0	0.967
372	11.6	13.0	0.938
373	11.3	13.0	0.868
374	11.1	13.0	0.763
375	11.2	13.0	0.695
376	11.7	13.0	0.649
377	12.5	13.0	0.674
378	13.1	13.0	0.836
379	13.4	13.0	0.933
380	13.7	13.0	1.155
381	13.9	12.9	1.186
382	14.5	12.9	1.106
383	15.0	12.9	0.666
384	15.4	12.9	0.417
385	16.2	12.9	0.289
386	16.3	12.9	0.156
387	16.4	12.9	0.061
388	16.3	12.9	0.044
389	16.3	12.9	0.133
390	16.1	12.9	0.333
391	16.0	12.9	0.900
392	15.8	12.9	0.963
393	15.2	12.9	0.967
394	14.5	12.9	1.013
395	13.8	12.9	0.967
396	13.1	12.9	0.938
397	12.1	12.9	0.868
398	11.2	12.9	0.763
399	11.4	12.9	0.695
400	11.0	12.9	0.649
401	10.9	12.9	0.674
402	11.3	12.9	0.836
403	11.1	12.9	0.933
404	11.1	12.9	1.155
405	11.8	12.9	1.186
406	11.4	12.9	1.106
407	11.4	12.9	0.666
408	11.2	12.8	0.417
409	10.5	12.8	0.289
410	10.9	12.8	0.156
411	11.2	12.8	0.061
412	11.3	12.8	0.044
413	11.3	12.8	0.133
414	11.4	12.8	0.333
415	11.7	12.8	0.900
416	11.9	12.8	0.963
417	11.7	12.8	0.967
418	11.3	12.8	1.013
419	11.3	12.8	0.967
420	11.0	12.8	0.938
421	10.7	12.8	0.868
422	10.7	12.8	0.763
423	10.7	12.8	0.695
424	11.2	12.8	0.649
425	11.4	12.8	0.674
426	11.4	12.8	0.836
427	12.0	12.8	0.933
428	12.0	12.8	1.155
429	12.6	12.8	1.186
430	12.8	12.8	1.106
431	12.8	12.8	0.666
432	12.6	12.8	0.417
433	12.9	12.8	0.289
434	13.1	12.8	0.156
435	13.6	12.8	0.061
436	14.0	12.8	0.044
437	13.6	12.8	0.133
438	13.5	12.8	0.333
439	13.3	12.7	0.900
440	13.4	12.7	0.963
441	13.1	12.7	0.967
442	13.1	12.7	1.013
443	13.3	12.7	0.967
444	12.7	12.7	0.938
445	12.5	12.7	0.868
446	12.1	12.7	0.763
447	11.5	12.7	0.695
448	11.7	12.7	0.649
449	11.7	12.7	0.674
450	11.5	12.7	0.836
451	11.9	12.7	0.933
452	12.2	12.7	1.155
453	12.7	12.7	1.186
454	13.0	12.7	1.106
455	12.7	12.7	0.666
456	12.5	12.7	0.417
457	12.7	12.7	0.289
458	13.1	12.7	0.156
459	13.2	12.7	0.061
460	13.6	12.7	0.044
461	13.6	12.7	0.133
462	13.7	12.7	0.333
463	13.7	12.7	0.900
464	13.7	12.7	0.963
465	13.8	12.7	0.967
466	13.1	12.7	1.013
467	12.8	12.7	0.967
468	12.3	12.7	0.938
469	11.8	12.7	0.868
470	11.5	12.7	0.763
471	11.2	12.7	0.695
472	10.9	12.7	0.649
473	11.1	12.6	0.674
474	10.9	12.6	0.836
475	11.1	12.6	0.933
476	11.5	12.6	1.155
477	11.3	12.6	1.186
478	11.6	12.6	1.106
479	11.7	12.6	0.666
480	11.7	12.6	0.417
481	11.7	12.6	0.289
482	12.3	12.6	0.156
483	12.3	12.6	0.061
484	12.7	12.6	0.044
485	12.7	12.6	0.133
486	12.6	12.6	0.333
487	12.8	12.6	0.900
488	12.6	12.6	0.963
489	12.4	12.6	0.967
490	11.9	12.6	1.013
491	11.5	12.6	0.967
492	10.8	12.6	0.938
493	11.0	12.6	0.868
494	10.5	12.6	0.763
495	10.5	12.6	0.695
496	10.6	12.6	0.649
497	10.6	12.6	0.674
498	11.1	12.6	0.836
499	11.2	12.6	0.933
500	11.8	12.5	1.155
501	11.7	12.5	1.186
502	12.3	12.5	1.106
503	12.5	12.5	0.666
504	12.9	12.5	0.417
505	13.0	12.5	0.289
506	12.8	12.5	0.156
507	12.7	12.5	0.061
508	12.9	12.5	0.044
509	13.1	12.5	0.133
510	13.6	12.5	0.333
511	13.9	12.5	0.900
512	14.0	12.5	0.963
513	13.7	12.5	0.967
514	13.3	12.5	1.013
515	12.8	12.5	0.967
516	12.4	12.5	0.938
517	12.3	12.5	0.868
518	11.9	12.5	0.763
519	11.9	12.5	0.695
520	12.3	12.4	0.649
521	12.4	12.4	0.674
522	12.5	12.4	0.836
523	12.7	12.4	0.933
524	12.6	12.4	1.155
525	12.7	12.4	1.186
526	13.0	12.4	1.106
527	13.4	12.4	0.666
528	13.9	12.4	0.417
529	14.0	12.4	0.289
530	14.0	12.4	0.156
531	14.5	12.4	0.061
532	14.2	12.4	0.044
533	14.3	12.4	0.133
534	14.1	12.4	0.333
535	14.4	12.4	0.900
536	14.4	12.4	0.963
537	14.0	12.4	0.967
538	13.5	12.4	1.013
539	12.9	12.4	0.967
540	12.0	12.4	0.938
541	11.6	12.4	0.868
542	10.8	12.4	0.763
543	10.7	12.3	0.695
544	11.0	12.3	0.649
545	11.1	12.3	0.674
546	11.4	12.3	0.836
547	11.6	12.3	0.933
548	11.7	12.3	1.155
549	12.0	12.3	1.186
550	12.5	12.3	1.106
551	12.7	12.3	0.666
552	13.2	12.3	0.417
553	13.1	12.3	0.289
554	13.1	12.3	0.156
555	13.2	12.3	0.061
556	13.1	12.3	0.044
557	13.6	12.3	0.133
558	13.8	12.3	0.333
559	13.6	12.3	0.900
560	13.3	12.3	0.963
561	12.9	12.3	0.967
562	12.5	12.3	1.013
563	12.2	12.3	0.967
564	12.0	12.3	0.938
565	11.5	12.3	0.868
566	11.3	12.2	0.763
567	11.0	12.2	0.695
568	11.1	12.2	0.649
569	11.3	12.2	0.674
570	11.4	12.2	0.836
571	11.6	12.2	0.933
572	11.9	12.2	1.155
573	11.7	12.2	1.186
574	11.9	12.2	1.106
575	11.8	12.2	0.666
576	11.5	12.2	0.417
577	11.5	12.2	0.289
578	11.8	12.2	0.156
579	11.9	12.2	0.061
580	11.4	12.2	0.044
581	11.2	12.2	0.133
582	11.2	12.2	0.333
583	11.1	12.2	0.900
584	10.8	12.2	0.963
585	10.6	12.2	0.967
586	10.3	12.2	1.013
587	9.7	12.2	0.967
588	9.1	12.2	0.938
589	8.7	12.2	0.868
590	8.5	12.1	0.763
591	8.2	12.1	0.695
592	7.9	12.1	0.649
593	8.0	12.1	0.674
594	8.0	12.1	0.836
595	8.0	12.1	0.933
596	7.9	12.1	1.155
597	8.2	12.1	1.186
598	8.4	12.1	1.106
599	8.7	12.1	0.666
600	8.8	12.1	0.417
601	8.7	12.1	0.289
602	9.1	12.1	0.156
603	9.6	12.1	0.061
604	9.9	12.1	0.044
605	10.3	12.1	0.133
606	10.2	12.1	0.333
607	10.2	12.1	0.900
608	10.2	12.1	0.963
609	10.4	12.1	0.967
610	10.3	12.1	1.013
611	10.2	12.1	0.967
612	10.3	12.1	0.938
613	10.3	12.1	0.868
614	9.9	12.1	0.763
615	9.9	12.1	0.695
616	9.5	12.1	0.649
617	10.1	12.1	0.674
618	10.4	12.1	0.836
619	11.0	12.1	0.933
620	11.2	12.1	1.155
621	11.9	12.0	1.186
622	12.3	12.0	1.106
623	12.4	12.0	0.666
624	12.6	12.0	0.417
625	13.1	12.0	0.289
626	13.3	12.0	0.156
627	13.1	12.0	0.061
628	12.8	12.0	0.044
629	12.8	12.0	0.133
630	12.9	12.0	0.333
631	12.5	12.0	0.900
632	12.4	12.0	0.963
633	12.1	12.0	0.967
634	11.9	12.0	1.013
635	11.1	12.0	0.967
636	10.3	12.0	0.938
637	10.2	12.0	0.868
638	10.0	12.0	0.763
639	10.0	12.0	0.695
640	10.3	12.0	0.649
641	10.1	12.0	0.674
642	10.6	12.0	0.836
643	11.0	12.0	0.933
644	11.1	12.0	1.155
645	11.2	12.0	1.186
646	10.8	12.0	1.106
647	10.6	12.0	0.666
648	10.4	12.0	0.417
649	10.5	12.0	0.289
650	11.0	12.0	0.156
651	11.0	12.0	0.061
652	11.0	12.0	0.044
653	11.3	12.0	0.133
654	11.8	12.0	0.333
655	11.6	11.9	0.900
656	11.6	11.9	0.963
657	11.6	11.9	0.967
658	11.3	11.9	1.013
659	11.1	11.9	0.967
660	10.8	11.9	0.938
661	10.7	11.9	0.868
662	10.8	11.9	0.763
663	10.8	11.9	0.695
664	10.7	11.9	0.649
665	11.3	11.9	0.674
666	11.7	11.9	0.836
667	12.2	11.9	0.933
668	12.8	11.9	1.155
669	13.3	11.9	1.186
670	13.8	11.9	1.106
671	14.4	11.9	0.666
672	14.7	11.9	0.417
673	14.8	11.9	0.289
674	14.3	11.9	0.156
675	14.1	11.9	0.061
676	13.7	11.9	0.044
677	12.7	11.9	0.133
678	12.1	11.9	0.333
679	11.8	11.9	0.900
680	11.8	11.9	0.963
681	11.8	11.9	0.967
682	11.4	11.9	1.013
683	10.9	11.9	0.967
684	10.4	11.9	0.938
685	10.3	11.9	0.868
686	10.1	11.9	0.763
687	9.9	11.8	0.695
688	9.0	11.8	0.649
689	8.5	11.8	0.674
690	8.4	11.8	0.836
691	8.2	11.8	0.933
692	7.8	11.8	1.155
693	7.1	11.8	1.186
694	6.8	11.8	1.106
695	6.2	11.8	0.666
696	5.9	11.8	0.417
697	5.8	11.8	0.289
698	5.7	11.8	0.156
699	6.0	11.8	0.061
700	6.2	11.8	0.044
701	6.4	11.8	0.133
702	6.3	11.8	0.333
703	6.5	11.8	0.900
704	6.8	11.8	0.963
705	6.6	11.8	0.967
706	6.5	11.8	1.013
707	6.5	11.8	0.967
708	6.1	11.8	0.938
709	5.8	11.8	0.868
710	5.9	11.8	0.763
711	6.1	11.8	0.695
712	5.9	11.8	0.649
713	5.8	11.8	0.674
714	5.7	11.8	0.836
715	5.7	11.8	0.933
716	5.4	11.8	1.155
717	5.6	11.8	1.186
718	5.2	11.8	1.106
719	5.4	11.8	0.666
720	5.7	11.8	0.417
721	5.8	11.8	0.289
722	5.6	11.8	0.156
723	5.4	11.8	0.061
724	5.2	11.8	0.044
725	5.1	11.7	0.133
726	5.3	11.7	0.333
727	5.3	11.7	0.900
728	5.4	11.7	0.963
729	5.7	11.7	0.967
730	5.3	11.7	1.013
731	4.7	11.7	0.967
732	4.5	11.7	0.938
733	4.1	11.7	0.868
734	3.7	11.7	0.763
735	3.9	11.7	0.695
736	4.2	11.7	0.649
737	4.4	11.7	0.674
738	5.3	11.7	0.836
739	6.1	11.7	0.933
740	6.4	11.7	1.155
741	6.4	11.7	1.186
742	6.5	11.7	1.106
743	7.0	11.7	0.666
744	7.4	11.7	0.417
745	7.7	11.7	0.289
746	8.1	11.7	0.156
747	8.1	11.7	0.061
748	7.9	11.7	0.044
749	8.0	11.7	0.133
750	8.0	11.7	0.333
751	7.8	11.7	0.900
752	8.3	11.7	0.963
753	8.1	11.7	0.967
754	7.6	11.7	1.013
755	7.0	11.7	0.967
756	6.7	11.7	0.938
757	6.5	11.7	0.868
758	6.3	11.7	0.763
759	6.4	11.7	0.695
760	6.3	11.7	0.649
761	6.6	11.7	0.674
762	7.0	11.7	0.836
763	7.5	11.7	0.933
764	8.0	11.7	1.155
765	8.7	11.7	1.186
766	9.3	11.7	1.106
767	10.0	11.7	0.666
768	10.2	11.7	0.417
769	10.4	11.7	0.289
770	10.2	11.7	0.156
771	10.2	11.6	0.061
772	10.8	11.6	0.044
773	11.2	11.6	0.133
774	11.4	11.6	0.333
775	11.6	11.6	0.900
776	11.8	11.6	0.963
777	11.8	11.6	0.967
778	11.7	11.6	1.013
779	11.6	11.6	0.967
780	11.5	11.6	0.938
781	11.3	11.6	0.868
782	11.0	11.6	0.763
783	11.1	11.6	0.695
784	11.4	11.6	0.649
785	11.7	11.6	0.674
786	11.8	11.6	0.836
787	12.6	11.6	0.933
788	13.3	11.6	1.155
789	13.8	11.6	1.186
790	14.2	11.6	1.106
791	14.5	11.6	0.666
792	14.6	11.6	0.417
793	14.7	11.6	0.289
794	14.9	11.6	0.156
795	14.9	11.6	0.061
796	15.2	11.6	0.044
797	15.5	11.6	0.133
798	15.6	11.6	0.333
799	16.0	11.6	0.900
800	15.6	11.6	0.963
801	15.5	11.6	0.967
802	15.1	11.6	1.013
803	14.5	11.6	0.967
804	13.9	11.6	0.938
805	13.7	11.6	0.868
806	13.2	11.6	0.763
807	13.1	11.6	0.695
808	13.2	11.6	0.649
809	13.4	11.5	0.674
810	13.7	11.5	0.836
811	14.2	11.5	0.933
812	14.4	11.5	1.155
813	14.1	11.5	1.186
814	14.8	11.5	1.106
815	14.4	11.5	0.666
816	14.3	11.5	0.417
817	14.7	11.5	0.289
818	14.6	11.5	0.156
819	14.4	11.5	0.061
820	14.7	11.5	0.044
821	14.1	11.5	0.133
822	13.6	11.5	0.333
823	13.4	11.5	0.900
824	13.1	11.5	0.963
825	12.9	11.5	0.967
826	12.8	11.5	1.013
827	12.0	11.5	0.967
828	11.2	11.5	0.938
829	10.7	11.5	0.868
830	10.0	11.5	0.763
831	9.8	11.5	0.695
832	9.8	11.5	0.649
833	9.7	11.5	0.674
834	9.7	11.5	0.836
835	10.3	11.5	0.933
836	10.3	11.5	1.155
837	10.4	11.5	1.186
838	10.6	11.4	1.106
839	10.9	11.4	0.666
840	10.8	11.4	0.417
841	10.9	11.4	0.289
842	10.7	11.4	0.156
843	10.5	11.4	0.061
844	10.9	11.4	0.044
845	10.8	11.4	0.133
846	10.9	11.4	0.333
847	11.0	11.4	0.900
848	10.9	11.4	0.963
849	10.6	11.4	0.967
850	10.2	11.4	1.013
851	9.9	11.4	0.967
852	9.4	11.4	0.938
853	8.8	11.4	0.868
854	9.0	11.4	0.763
855	8.9	11.4	0.695
856	9.2	11.4	0.649
857	9.4	11.4	0.674
858	9.9	11.4	0.836
859	10.3	11.4	0.933
860	10.9	11.4	1.155
861	11.0	11.4	1.186
862	11.0	11.4	1.106
863	11.1	11.4	0.666
864	11.0	11.4	0.417
865	10.9	11.4	0.289
866	11.2	11.4	0.156
867	11.1	11.3	0.061
868	11.1	11.3	0.044
869	10.6	11.3	0.133
870	10.8	11.3	0.333
871	11.0	11.3	0.900
872	10.7	11.3	0.963
873	10.8	11.3	0.967
874	10.7	11.3	1.013
875	10.2	11.3	0.967
876	10.0	11.3	0.938
877	9.5	11.3	0.868
878	9.2	11.3	0.763
879	9.1	11.3	0.695
880	8.8	11.3	0.649
881	8.9	11.3	0.674
882	9.2	11.3	0.836
883	9.7	11.3	0.933
884	9.9	11.3	1.155
885	10.2	11.3	1.186
886	10.2	11.3	1.106
887	10.7	11.3	0.666
888	10.7	11.3	0.417
889	10.7	11.3	0.289
890	10.5	11.3	0.156
891	10.4	11.3	0.061
892	9.9	11.3	0.044
893	10.2	11.3	0.133
894	10.1	11.3	0.333
895	10.1	11.3	0.900
896	9.8	11.3	0.963
897	9.7	11.3	0.967
898	9.7	11.3	1.013
899	9.3	11.3	0.967
900	9.4	11.3	0.938
901	9.5	11.3	0.868
902	9.5	11.3	0.763
903	9.4	11.3	0.695
904	9.3	11.3	0.649
905	9.2	11.3	0.674
906	8.9	11.3	0.836
907	8.8	11.3	0.933
908	8.7	11.3	1.155
909	8.9	11.3	1.186
910	8.9	11.3	1.106
911	9.0	11.3	0.666
912	8.9	11.3	0.417
913	8.9	11.3	0.289
914	9.1	11.3	0.156
915	9.5	11.3	0.061
916	9.8	11.3	0.044
917	9.8	11.3	0.133
918	10.3	11.3	0.333
919	10.1	11.3	0.900
920	9.9	11.2	0.963
921	9.9	11.2	0.967
922	9.5	11.2	1.013
923	9.4	11.2	0.967
924	8.8	11.2	0.938
925	8.7	11.2	0.868
926	8.7	11.2	0.763
927	8.4	11.2	0.695
928	8.4	11.2	0.649
929	8.4	11.2	0.674
930	9.0	11.2	0.836
931	9.3	11.2	0.933
932	9.7	11.2	1.155
933	9.9	11.2	1.186
934	10.4	11.2	1.106
935	10.7	11.2	0.666
936	10.8	11.2	0.417
937	10.6	11.2	0.289
938	10.9	11.2	0.156
939	10.8	11.2	0.061
940	10.7	11.2	0.044
941	10.9	11.2	0.133
942	11.0	11.2	0.333
943	11.3	11.2	0.900
944	11.3	11.2	0.963
945	11.3	11.2	0.967
946	11.2	11.2	1.013
947	10.8	11.2	0.967
948	10.1	11.2	0.938
949	9.7	11.2	0.868
950	9.4	11.2	0.763
951	9.8	11.2	0.695
952	10.0	11.2	0.649
953	10.0	11.2	0.674
954	10.2	11.2	0.836
955	10.3	11.2	0.933
956	10.9	11.2	1.155
957	10.8	11.2	1.186
958	10.8	11.2	1.106
959	11.1	11.2	0.666
960	11.2	11.2	0.417
961	11.4	11.2	0.289
962	11.6	11.2	0.156
963	11.7	11.2	0.061
964	11.7	11.2	0.044
965	11.8	11.2	0.133
966	11.7	11.2	0.333
967	11.7	11.2	0.900
968	11.9	11.2	0.963
969	11.4	11.2	0.967
970	11.0	11.2	1.013
971	10.7	11.2	0.967
972	10.3	11.2	0.938
973	9.6	11.2	0.868
974	9.4	11.2	0.763
975	9.1	11.2	0.695
976	9.1	11.2	0.649
977	9.4	11.2	0.674
978	9.9	11.2	0.836
979	10.8	11.2	0.933
980	10.9	11.2	1.155
981	11.5	11.2	1.186
982	12.0	11.1	1.106
983	11.6	11.1	0.666
984	11.9	11.1	0.417
985	12.1	11.1	0.289
986	12.1	11.1	0.156
987	12.0	11.1	0.061
988	12.2	11.1	0.044
989	12.2	11.1	0.133
990	12.0	11.1	0.333
991	11.9	11.1	0.900
992	11.8	11.1	0.963
993	11.6	11.1	0.967
994	11.0	11.1	1.013
995	10.7	11.1	0.967
996	10.5	11.1	0.938
997	9.9	11.1	0.868
998	9.7	11.1	0.763
999	9.7	11.1	0.695
1000	9.8	11.1	0.649
1001	9.9	11.1	0.674
1002	10.2	11.1	0.836
1003	10.5	11.1	0.933
1004	10.6	11.1	1.155
1005	10.6	11.1	1.186
1006	11.2	11.1	1.106
1007	11.2	11.1	0.666
1008	10.7	11.1	0.417
1009	10.9	11.1	0.289
1010	10.9	11.1	0.156
1011	11.2	11.1	0.061
1012	11.2	11.1	0.044
1013	10.8	11.1	0.133
1014	10.6	11.1	0.333
1015	10.5	11.1	0.900
1016	10.3	11.1	0.963
1017	10.0	11.1	0.967
1018	10.0	11.1	1.013
1019	9.5	11.1	0.967
1020	9.0	11.1	0.938
1021	8.9	11.1	0.868
1022	8.3	11.1	0.763
1023	7.8	11.0	0.695
1024	7.8	11.0	0.649
1025	7.6	11.0	0.674
1026	7.5	11.0	0.836
1027	7.9	11.0	0.933
1028	8.4	11.0	1.155
1029	8.8	11.0	1.186
1030	8.5	11.0	1.106
1031	8.8	11.0	0.666
1032	8.8	11.0	0.417
1033	8.7	11.0	0.289
1034	8.8	11.0	0.156
1035	9.0	11.0	0.061
1036	9.1	11.0	0.044
1037	8.9	11.0	0.133
1038	8.9	11.0	0.333
1039	9.0	11.0	0.900
1040	8.9	11.0	0.963
1041	8.9	11.0	0.967
1042	9.0	11.0	1.013
1043	9.0	11.0	0.967
1044	9.4	11.0	0.938
1045	9.1	11.0	0.868
1046	9.3	11.0	0.763
1047	9.1	11.0	0.695
1048	9.3	11.0	0.649
1049	9.7	11.0	0.674
1050	9.8	11.0	0.836
1051	10.0	11.0	0.933
1052	10.1	11.0	1.155
1053	10.2	11.0	1.186
1054	10.3	11.0	1.106
1055	10.2	11.0	0.666
1056	10.3	11.0	0.417
1057	10.0	11.0	0.289
1058	9.9	11.0	0.156
1059	9.8	11.0	0.061
1060	9.8	11.0	0.044
1061	9.8	11.0	0.133
1062	9.8	11.0	0.333
1063	9.8	11.0	0.900
1064	9.8	11.0	0.963
1065	9.4	11.0	0.967
1066	9.5	11.0	1.013
1067	9.0	11.0	0.967
1068	8.9	11.0	0.938
1069	8.4	11.0	0.868
1070	8.0	11.0	0.763
1071	7.8	11.0	0.695
1072	8.1	11.0	0.649
1073	8.1	11.0	0.674
1074	7.8	11.0	0.836
1075	7.8	11.0	0.933
1076	7.7	11.0	1.155
1077	7.4	11.0	1.186
1078	6.9	10.9	1.106
1079	7.0	10.9	0.666
1080	7.0	10.9	0.417
1081	7.0	10.9	0.289
1082	7.1	10.9	0.156
1083	6.8	10.9	0.061
1084	7.0	10.9	0.044
1085	7.1	10.9	0.133
1086	6.8	10.9	0.333
1087	6.8	10.9	0.900
1088	6.5	10.9	0.963
1089	5.8	10.9	0.967
1090	5.5	10.9	1.013
1091	5.1	10.9	0.967
1092	4.9	10.9	0.938
1093	4.6	10.9	0.868
1094	4.1	10.9	0.763
1095	3.9	10.9	0.695
1096	3.8	10.9	0.649
1097	4.0	10.9	0.674
1098	4.5	10.9	0.836
1099	5.0	10.9	0.933
1100	5.4	10.9	1.155
1101	5.2	10.9	1.186
1102	5.4	10.9	1.106
1103	5.7	10.9	0.666
1104	6.3	10.9	0.417
1105	6.5	10.9	0.289
1106	6.6	10.9	0.156
1107	6.6	10.9	0.061
1108	7.1	10.9	0.044
1109	6.9	10.9	0.133
1110	6.8	10.9	0.333
1111	7.1	10.9	0.900
1112	6.8	10.9	0.963
1113	6.8	10.9	0.967
1114	6.7	10.9	1.013
1115	6.2	10.9	0.967
1116	5.5	10.9	0.938
1117	4.8	10.9	0.868
1118	4.8	10.9	0.763
1119	5.2	10.9	0.695
1120	5.4	10.9	0.649
1121	5.5	10.9	0.674
1122	5.8	10.8	0.836
1123	6.3	10.8	0.933
1124	6.9	10.8	1.155
1125	7.2	10.8	1.186
1126	7.4	10.8	1.106
1127	8.0	10.8	0.666
1128	8.2	10.8	0.417
1129	8.6	10.8	0.289
1130	8.6	10.8	0.156
1131	9.1	10.8	0.061
1132	9.2	10.8	0.044
1133	9.7	10.8	0.133
1134	9.8	10.8	0.333
1135	9.8	10.8	0.900
1136	9.6	10.8	0.963
1137	9.1	10.8	0.967
1138	9.1	10.8	1.013
1139	8.8	10.8	0.967
1140	8.2	10.8	0.938
1141	7.8	10.8	0.868
1142	7.6	10.8	0.763
1143	7.4	10.8	0.695
1144	7.6	10.8	0.649
1145	7.8	10.8	0.674
1146	8.7	10.8	0.836
1147	8.8	10.8	0.933
1148	9.1	10.8	1.155
1149	9.3	10.8	1.186
1150	10.0	10.8	1.106
1151	10.2	10.8	0.666
1152	10.6	10.8	0.417
1153	10.9	10.8	0.289
1154	10.9	10.8	0.156
1155	11.2	10.8	0.061
1156	11.2	10.8	0.044
1157	11.6	10.8	0.133
1158	11.6	10.8	0.333
1159	11.5	10.8	0.900
1160	11.7	10.8	0.963
1161	11.8	10.8	0.967
1162	11.6	10.8	1.013
1163	11.3	10.8	0.967
1164	11.1	10.8	0.938
1165	10.6	10.8	0.868
1166	10.6	10.8	0.763
1167	10.4	10.8	0.695
1168	10.2	10.8	0.649
1169	10.1	10.8	0.674
1170	10.7	10.8	0.836
1171	11.2	10.8	0.933
1172	11.2	10.8	1.155
1173	11.2	10.8	1.186
1174	11.5	10.7	1.106
1175	12.1	10.7	0.666
1176	12.0	10.7	0.417
1177	11.8	10.7	0.289
1178	11.8	10.7	0.156
1179	12.3	10.7	0.061
1180	12.2	10.7	0.044
1181	12.6	10.7	0.133
1182	12.9	10.7	0.333
1183	12.8	10.7	0.900
1184	12.8	10.7	0.963
1185	12.4	10.7	0.967
1186	12.1	10.7	1.013
1187	12.0	10.7	0.967
1188	11.6	10.7	0.938
1189	11.3	10.7	0.868
1190	11.0	10.7	0.763
1191	11.0	10.7	0.695
1192	10.9	10.7	0.649
1193	11.1	10.7	0.674
1194	11.5	10.7	0.836
1195	11.6	10.7	0.933
1196	12.3	10.7	1.155
1197	12.9	10.7	1.186
1198	13.2	10.7	1.106
1199	12.9	10.7	0.666
1200	13.2	10.7	0.417
1201	13.5	10.7	0.289
1202	14.1	10.7	0.156
1203	14.1	10.7	0.061
1204	14.1	10.7	0.044
1205	13.8	10.7	0.133
1206	13.5	10.7	0.333
1207	13.5	10.7	0.900
1208	13.4	10.7	0.963
1209	13.4	10.7	0.967
1210	13.1	10.6	1.013
1211	12.9	10.6	0.967
1212	12.7	10.6	0.938
1213	12.7	10.6	0.868
1214	12.7	10.6	0.763
1215	12.4	10.6	0.695
1216	12.7	10.6	0.649
1217	12.7	10.6	0.674
1218	13.2	10.6	0.836
1219	13.4	10.6	0.933
1220	13.6	10.6	1.155
1221	13.8	10.6	1.186
1222	13.9	10.6	1.106
1223	13.8	10.6	0.666
1224	14.1	10.6	0.417
1225	14.2	10.6	0.289
1226	13.9	10.6	0.156
1227	13.8	10.6	0.061
1228	13.4	10.6	0.044
1229	12.7	10.6	0.133
1230	12.4	10.6	0.333
1231	12.3	10.6	0.900
1232	12.1	10.6	0.963
1233	11.9	10.6	0.967
1234	11.5	10.6	1.013
1235	11.0	10.6	0.967
1236	10.9	10.6	0.938
1237	10.6	10.6	0.868
1238	10.1	10.6	0.763
1239	10.0	10.6	0.695
1240	9.8	10.6	0.649
1241	9.7	10.6	0.674
1242	9.5	10.6	0.836
1243	9.2	10.6	0.933
1244	9.0	10.6	1.155
1245	8.9	10.6	1.186
1246	8.3	10.6	1.106
1247	8.2	10.6	0.666
1248	8.0	10.6	0.417
1249	7.7	10.6	0.289
1250	7.9	10.6	0.156
1251	7.8	10.5	0.061
1252	7.7	10.5	0.044
1253	7.7	10.5	0.133
1254	7.8	10.5	0.333
1255	7.9	10.5	0.900
1256	8.0	10.5	0.963
1257	7.5	10.5	0.967
1258	6.7	10.5	1.013
1259	6.5	10.5	0.967
1260	5.8	10.5	0.938
1261	5.6	10.5	0.868
1262	5.7	10.5	0.763
1263	5.4	10.5	0.695
1264	5.9	10.5	0.649
1265	6.1	10.5	0.674
1266	6.2	10.5	0.836
1267	6.8	10.5	0.933
1268	6.9	10.5	1.155
1269	7.1	10.5	1.186
1270	7.5	10.5	1.106
1271	7.8	10.5	0.666
1272	8.0	10.5	0.417
1273	8.0	10.5	0.289
1274	8.2	10.5	0.156
1275	8.3	10.5	0.061
1276	8.2	10.5	0.044
1277	8.4	10.5	0.133
1278	8.6	10.5	0.333
1279	8.5	10.5	0.900
1280	8.9	10.5	0.963
1281	8.7	10.4	0.967
1282	8.6	10.4	1.013
1283	7.9	10.4	0.967
1284	7.5	10.4	0.938
1285	7.3	10.4	0.868
1286	7.0	10.4	0.763
1287	6.7	10.4	0.695
1288	6.7	10.4	0.649
1289	7.0	10.4	0.674
1290	7.5	10.4	0.836
1291	8.0	10.4	0.933
1292	7.9	10.4	1.155
1293	8.1	10.4	1.186
1294	8.3	10.4	1.106
1295	8.2	10.4	0.666
1296	8.5	10.4	0.417
1297	8.5	10.4	0.289
1298	8.7	10.4	0.156
1299	8.9	10.4	0.061
1300	9.6	10.4	0.044
1301	9.8	10.4	0.133
1302	10.1	10.4	0.333
1303	10.3	10.4	0.900
1304	10.5	10.4	0.963
1305	10.3	10.4	0.967
1306	9.8	10.4	1.013
1307	9.2	10.4	0.967
1308	8.7	10.4	0.938
1309	8.5	10.4	0.868
1310	8.1	10.4	0.763
1311	7.8	10.4	0.695
1312	7.4	10.4	0.649
1313	7.8	10.4	0.674
1314	8.4	10.4	0.836
1315	8.9	10.3	0.933
1316	9.2	10.3	1.155
1317	9.4	10.3	1.186
1318	9.5	10.3	1.106
1319	9.6	10.3	0.666
1320	9.4	10.3	0.417
1321	9.5	10.3	0.289
1322	9.7	10.3	0.156
1323	9.9	10.3	0.061
1324	9.7	10.3	0.044
1325	9.9	10.3	0.133
1326	9.8	10.3	0.333
1327	9.4	10.3	0.900
1328	8.9	10.3	0.963
1329	8.8	10.3	0.967
1330	8.4	10.3	1.013
1331	7.5	10.3	0.967
1332	6.6	10.3	0.938
1333	6.0	10.3	0.868
1334	5.3	10.3	0.763
1335	5.1	10.3	0.695
1336	5.6	10.3	0.649
1337	5.5	10.3	0.674
1338	6.0	10.3	0.836
1339	6.6	10.3	0.933
1340	6.9	10.3	1.155
1341	6.8	10.3	1.186
1342	6.9	10.3	1.106
1343	7.0	10.3	0.666
1344	7.0	10.3	0.417
1345	7.2	10.3	0.289
1346	7.6	10.3	0.156
1347	8.0	10.3	0.061
1348	8.1	10.3	0.044
1349	8.1	10.3	0.133
1350	8.0	10.3	0.333
1351	8.2	10.3	0.900
1352	8.3	10.3	0.963
1353	8.3	10.3	0.967
1354	7.9	10.3	1.013
1355	7.6	10.3	0.967
1356	7.2	10.3	0.938
1357	6.9	10.3	0.868
1358	7.0	10.2	0.763
1359	6.8	10.2	0.695
1360	7.1	10.2	0.649
1361	7.4	10.2	0.674
1362	8.0	10.2	0.836
1363	8.8	10.2	0.933
1364	9.5	10.2	1.155
1365	9.9	10.2	1.186
1366	9.9	10.2	1.106
1367	10.7	10.2	0.666
1368	10.8	10.2	0.417
1369	11.3	10.2	0.289
1370	11.7	10.2	0.156
1371	11.3	10.2	0.061
1372	11.4	10.2	0.044
1373	11.6	10.2	0.133
1374	11.3	10.2	0.333
1375	11.3	10.2	0.900
1376	11.4	10.2	0.963
1377	11.6	10.2	0.967
1378	11.1	10.2	1.013
1379	10.5	10.2	0.967
1380	10.2	10.2	0.938
1381	9.9	10.2	0.868
1382	9.6	10.2	0.763
1383	9.4	10.2	0.695
1384	9.6	10.2	0.649
1385	9.9	10.2	0.674
1386	10.6	10.2	0.836
1387	11.7	10.2	0.933
1388	12.1	10.2	1.155
1389	12.6	10.2	1.186
1390	12.7	10.2	1.106
1391	13.1	10.2	0.666
1392	14.0	10.2	0.417
1393	14.2	10.2	0.289
1394	14.3	10.2	0.156
1395	14.3	10.1	0.061
1396	14.4	10.1	0.044
1397	14.5	10.1	0.133
1398	14.3	10.1	0.333
1399	14.4	10.1	0.900
1400	13.9	10.1	0.963
1401	13.6	10.1	0.967
1402	13.1	10.1	1.013
1403	12.5	10.1	0.967
1404	11.5	10.1	0.938
1405	10.6	10.1	0.868
1406	9.9	10.1	0.763
1407	9.6	10.1	0.695
1408	9.3	10.1	0.649
1409	9.4	10.1	0.674
1410	10.0	10.1	0.836
1411	10.8	10.1	0.933
1412	11.0	10.1	1.155
1413	11.0	10.1	1.186
1414	11.3	10.1	1.106
1415	11.4	10.1	0.666
1416	11.7	10.1	0.417
1417	7.7	10.1	0.289
1418	7.8	10.1	0.156
1419	7.7	10.1	0.061
1420	7.8	10.1	0.044
1421	7.7	10.1	0.133
1422	7.9	10.1	0.333
1423	7.7	10.1	0.900
1424	7.7	10.1	0.963
1425	7.4	10.1	0.967
1426	6.9	10.1	1.013
1427	6.7	10.1	0.967
1428	6.4	10.1	0.938
1429	6.3	10.1	0.868
1430	6.0	10.1	0.763
1431	5.7	10.1	0.695
1432	5.8	10.0	0.649
1433	6.1	10.0	0.674
1434	6.3	10.0	0.836
1435	6.7	10.0	0.933
1436	6.9	10.0	1.155
1437	7.1	10.0	1.186
1438	7.4	10.0	1.106
1439	7.9	10.0	0.666
1440	8.1	10.0	0.417
1441	8.3	10.0	0.289
1442	8.3	10.0	0.156
1443	8.4	10.0	0.061
1444	8.4	10.0	0.044
1445	8.2	10.0	0.133
1446	8.2	10.0	0.333
1447	8.3	10.0	0.900
1448	8.1	10.0	0.963
1449	8.0	10.0	0.967
1450	7.5	10.0	1.013
1451	6.8	10.0	0.967
1452	5.9	10.0	0.938
1453	5.6	10.0	0.868
1454	5.0	10.0	0.763
1455	4.8	10.0	0.695
1456	5.0	10.0	0.649
1457	5.1	10.0	0.674
1458	5.6	10.0	0.836
1459	5.9	10.0	0.933
1460	6.0	10.0	1.155
1461	6.2	10.0	1.186
1462	6.5	10.0	1.106
1463	6.4	10.0	0.666
1464	6.5	10.0	0.417
1465	6.7	10.0	0.289
1466	6.9	10.0	0.156
1467	7.3	10.0	0.061
1468	7.6	10.0	0.044
1469	7.6	9.9	0.133
1470	7.5	9.9	0.333
1471	7.3	9.9	0.900
1472	7.1	9.9	0.963
1473	7.0	9.9	0.967
1474	6.7	9.9	1.013
1475	6.3	9.9	0.967
1476	6.1	9.9	0.938
1477	5.8	9.9	0.868
1478	5.6	9.9	0.763
1479	5.4	9.9	0.695
1480	5.5	9.9	0.649
1481	5.8	9.9	0.674
1482	5.7	9.9	0.836
1483	5.8	9.9	0.933
1484	6.0	9.9	1.155
1485	6.0	9.9	1.186
1486	5.9	9.9	1.106
1487	5.8	9.9	0.666
1488	5.9	9.9	0.417
1489	5.9	9.9	0.289
1490	5.9	9.9	0.156
1491	5.9	9.9	0.061
1492	6.1	9.9	0.044
1493	5.8	9.9	0.133
1494	6.0	9.9	0.333
1495	6.0	9.9	0.900
1496	6.0	9.9	0.963
1497	5.9	9.9	0.967
1498	5.9	9.9	1.013
1499	5.6	9.9	0.967
1500	5.2	9.9	0.938
1501	5.1	9.9	0.868
1502	4.9	9.9	0.763
1503	5.3	9.9	0.695
1504	5.4	9.9	0.649
1505	5.4	9.9	0.674
1506	6.0	9.9	0.836
1507	6.3	9.9	0.933
1508	6.3	9.9	1.155
1509	6.4	9.9	1.186
1510	6.9	9.9	1.106
1511	7.4	9.9	0.666
1512	7.7	9.9	0.417
1513	7.7	9.9	0.289
1514	7.8	9.8	0.156
1515	8.0	9.8	0.061
1516	8.3	9.8	0.044
1517	8.8	9.8	0.133
1518	8.8	9.8	0.333
1519	8.5	9.8	0.900
1520	8.5	9.8	0.963
1521	8.0	9.8	0.967
1522	7.5	9.8	1.013
1523	7.1	9.8	0.967
1524	6.4	9.8	0.938
1525	5.9	9.8	0.868
1526	5.7	9.8	0.763
1527	5.5	9.8	0.695
1528	5.5	9.8	0.649
1529	5.8	9.8	0.674
1530	6.1	9.8	0.836
1531	6.4	9.8	0.933
1532	6.9	9.8	1.155
1533	6.8	9.8	1.186
1534	7.0	9.8	1.106
1535	7.2	9.8	0.666
1536	7.5	9.8	0.417
1537	7.7	9.8	0.289
1538	7.8	9.8	0.156
1539	7.9	9.8	0.061
1540	8.1	9.8	0.044
1541	7.6	9.8	0.133
1542	8.0	9.8	0.333
1543	7.9	9.8	0.900
1544	7.8	9.8	0.963
1545	7.6	9.8	0.967
1546	7.1	9.8	1.013
1547	6.6	9.8	0.967
1548	5.7	9.8	0.938
1549	5.3	9.8	0.868
1550	5.1	9.8	0.763
1551	4.9	9.7	0.695
1552	4.8	9.7	0.649
1553	4.8	9.7	0.674
1554	5.2	9.7	0.836
1555	5.6	9.7	0.933
1556	5.8	9.7	1.155
1557	6.3	9.7	1.186
1558	6.8	9.7	1.106
1559	6.9	9.7	0.666
1560	7.0	9.7	0.417
1561	7.1	9.7	0.289
1562	7.1	9.7	0.156
1563	7.1	9.7	0.061
1564	7.4	9.7	0.044
1565	7.5	9.7	0.133
1566	7.5	9.7	0.333
1567	7.1	9.7	0.900
1568	7.1	9.7	0.963
1569	6.8	9.7	0.967
1570	6.3	9.7	1.013
1571	5.8	9.7	0.967
1572	5.3	9.7	0.938
1573	5.0	9.7	0.868
1574	4.8	9.7	0.763
1575	4.5	9.7	0.695
1576	4.4	9.7	0.649
1577	4.5	9.7	0.674
1578	4.8	9.7	0.836
1579	5.2	9.7	0.933
1580	5.8	9.7	1.155
1581	5.8	9.7	1.186
1582	5.9	9.7	1.106
1583	6.0	9.7	0.666
1584	5.8	9.7	0.417
1585	5.8	9.7	0.289
1586	6.1	9.7	0.156
1587	6.1	9.7	0.061
1588	6.0	9.6	0.044
1589	6.1	9.6	0.133
1590	6.4	9.6	0.333
1591	6.3	9.6	0.900
1592	6.1	9.6	0.963
1593	5.3	9.6	0.967
1594	4.7	9.6	1.013
1595	3.9	9.6	0.967
1596	3.5	9.6	0.938
1597	3.2	9.6	0.868
1598	2.7	9.6	0.763
1599	2.4	9.6	0.695
1600	2.6	9.6	0.649
1601	3.0	9.6	0.674
1602	3.2	9.6	0.836
1603	3.3	9.6	0.933
1604	3.6	9.6	1.155
1605	4.0	9.6	1.186
1606	4.2	9.6	1.106
1607	4.3	9.6	0.666
1608	4.5	9.6	0.417
1609	4.7	9.6	0.289
1610	4.6	9.6	0.156
1611	5.0	9.6	0.061
1612	5.1	9.6	0.044
1613	5.0	9.6	0.133
1614	5.1	9.6	0.333
1615	5.0	9.6	0.900
1616	5.2	9.6	0.963
1617	4.9	9.6	0.967
1618	4.5	9.6	1.013
1619	4.1	9.6	0.967
1620	3.4	9.6	0.938
1621	3.1	9.6	0.868
1622	2.9	9.6	0.763
1623	2.8	9.6	0.695
1624	2.8	9.6	0.649
1625	3.2	9.6	0.674
1626	3.9	9.6	0.836
1627	4.5	9.6	0.933
1628	5.1	9.6	1.155
1629	5.5	9.5	1.186
1630	5.6	9.5	1.106
1631	5.9	9.5	0.666
1632	6.1	9.5	0.417
1633	6.2	9.5	0.289
1634	6.1	9.5	0.156
1635	6.3	9.5	0.061
1636	6.3	9.5	0.044
1637	6.4	9.5	0.133
1638	6.5	9.5	0.333
1639	6.5	9.5	0.900
1640	6.4	9.5	0.963
1641	5.6	9.5	0.967
1642	5.1	9.5	1.013
1643	4.4	9.5	0.967
1644	3.4	9.5	0.938
1645	2.6	9.5	0.868
1646	2.1	9.5	0.763
1647	1.8	9.5	0.695
1648	1.9	9.5	0.649
1649	2.2	9.5	0.674
1650	2.8	9.5	0.836
1651	3.3	9.5	0.933
1652	3.4	9.5	1.155
1653	3.9	9.5	1.186
1654	4.2	9.5	1.106
1655	4.2	9.5	0.666
1656	4.6	9.5	0.417
1657	4.5	9.5	0.289
1658	4.8	9.5	0.156
1659	4.9	9.5	0.061
1660	5.0	9.5	0.044
1661	5.1	9.5	0.133
1662	5.1	9.5	0.333
1663	5.1	9.5	0.900
1664	5.2	9.5	0.963
1665	4.8	9.5	0.967
1666	4.2	9.5	1.013
1667	3.4	9.5	0.967
1668	2.6	9.5	0.938
1669	1.8	9.5	0.868
1670	1.7	9.5	0.763
1671	1.8	9.5	0.695
1672	1.7	9.5	0.649
1673	1.9	9.5	0.674
1674	2.3	9.5	0.836
1675	2.7	9.5	0.933
1676	3.3	9.5	1.155
1677	3.3	9.4	1.186
1678	3.3	9.4	1.106
1679	3.6	9.4	0.666
1680	4.0	9.4	0.417
1681	4.4	9.4	0.289
1682	4.6	9.4	0.156
1683	4.7	9.4	0.061
1684	4.6	9.4	0.044
1685	4.5	9.4	0.133
1686	4.7	9.4	0.333
1687	4.8	9.4	0.900
1688	4.8	9.4	0.963
1689	4.6	9.4	0.967
1690	4.2	9.4	1.013
1691	3.7	9.4	0.967
1692	3.6	9.4	0.938
1693	3.3	9.4	0.868
1694	3.0	9.4	0.763
1695	2.7	9.4	0.695
1696	2.9	9.4	0.649
1697	3.5	9.4	0.674
1698	3.9	9.4	0.836
1699	4.2	9.4	0.933
1700	4.4	9.4	1.155
1701	4.7	9.4	1.186
1702	5.2	9.4	1.106
1703	5.6	9.4	0.666
1704	5.6	9.4	0.417
1705	5.9	9.4	0.289
1706	5.8	9.4	0.156
1707	5.8	9.4	0.061
1708	6.1	9.4	0.044
1709	6.2	9.4	0.133
1710	6.1	9.4	0.333
1711	6.1	9.4	0.900
1712	6.0	9.4	0.963
1713	5.7	9.4	0.967
1714	5.4	9.4	1.013
1715	4.8	9.4	0.967
1716	4.5	9.4	0.938
1717	4.2	9.3	0.868
1718	4.1	9.3	0.763
1719	4.0	9.3	0.695
1720	4.2	9.3	0.649
1721	4.4	9.3	0.674
1722	4.4	9.3	0.836
1723	4.7	9.3	0.933
1724	5.0	9.3	1.155
1725	5.2	9.3	1.186
1726	5.3	9.3	1.106
1727	5.4	9.3	0.666
1728	5.6	9.3	0.417
1729	5.7	9.3	0.289
1730	5.9	9.3	0.156
1731	6.1	9.3	0.061
1732	6.0	9.3	0.044
1733	6.2	9.3	0.133
1734	6.4	9.3	0.333
1735	6.5	9.3	0.900
1736	6.6	9.3	0.963
1737	6.2	9.3	0.967
1738	6.0	9.3	1.013
1739	5.7	9.3	0.967
1740	5.4	9.3	0.938
1741	5.1	9.3	0.868
1742	4.9	9.3	0.763
1743	4.9	9.3	0.695
1744	4.9	9.3	0.649
1745	5.4	9.3	0.674
1746	5.7	9.3	0.836
1747	6.1	9.3	0.933
1748	6.1	9.3	1.155
1749	6.3	9.3	1.186
1750	6.3	9.3	1.106
1751	6.5	9.3	0.666
1752	6.7	9.3	0.417
1753	6.9	9.3	0.289
1754	7.2	9.3	0.156
1755	7.4	9.3	0.061
1756	7.3	9.3	0.044
1757	7.4	9.2	0.133
1758	7.3	9.2	0.333
1759	7.3	9.2	0.900
1760	7.1	9.2	0.963
1761	6.6	9.2	0.967
1762	6.1	9.2	1.013
1763	5.6	9.2	0.967
1764	4.9	9.2	0.938
1765	4.4	9.2	0.868
1766	4.3	9.2	0.763
1767	4.1	9.2	0.695
1768	4.1	9.2	0.649
1769	4.4	9.2	0.674
1770	4.8	9.2	0.836
1771	5.2	9.2	0.933
1772	5.6	9.2	1.155
1773	5.6	9.2	1.186
1774	5.7	9.2	1.106
1775	6.0	9.2	0.666
1776	6.1	9.2	0.417
1777	6.3	9.2	0.289
1778	6.7	9.2	0.156
1779	7.2	9.2	0.061
1780	7.3	9.2	0.044
1781	7.4	9.2	0.133
1782	7.5	9.2	0.333
1783	7.6	9.2	0.900
1784	7.7	9.2	0.963
1785	7.4	9.2	0.967
1786	6.8	9.2	1.013
1787	6.2	9.2	0.967
1788	5.6	9.2	0.938
1789	5.3	9.2	0.868
1790	5.3	9.1	0.763
1791	5.2	9.1	0.695
1792	5.4	9.1	0.649
1793	5.9	9.1	0.674
1794	6.7	9.1	0.836
1795	7.4	9.1	0.933
1796	8.2	9.1	1.155
1797	8.5	9.1	1.186
1798	8.7	9.1	1.106
1799	9.2	9.1	0.666
1800	9.7	9.1	0.417
1801	9.9	9.1	0.289
1802	9.9	9.1	0.156
1803	9.7	9.1	0.061
1804	9.7	9.1	0.044
1805	9.6	9.1	0.133
1806	9.5	9.1	0.333
1807	9.3	9.1	0.900
1808	8.9	9.1	0.963
1809	8.6	9.1	0.967
1810	8.0	9.1	1.013
1811	7.1	9.1	0.967
1812	6.5	9.1	0.938
1813	5.8	9.1	0.868
1814	5.7	9.1	0.763
1815	5.4	9.1	0.695
1816	5.5	9.1	0.649
1817	5.6	9.1	0.674
1818	6.2	9.1	0.836
1819	6.5	9.1	0.933
1820	6.7	9.1	1.155
1821	6.8	9.1	1.186
1822	7.0	9.1	1.106
1823	6.9	9.1	0.666
1824	6.8	9.1	0.417
1825	6.7	9.1	0.289
1826	6.6	9.1	0.156
1827	6.7	9.1	0.061
1828	6.8	9.0	0.044
1829	7.0	9.0	0.133
1830	6.8	9.0	0.333
1831	6.9	9.0	0.900
1832	6.7	9.0	0.963
1833	6.3	9.0	0.967
1834	5.4	9.0	1.013
1835	4.7	9.0	0.967
1836	4.3	9.0	0.938
1837	3.8	9.0	0.868
1838	3.1	9.0	0.763
1839	2.9	9.0	0.695
1840	2.6	9.0	0.649
1841	2.7	9.0	0.674
1842	2.9	9.0	0.836
1843	3.3	9.0	0.933
1844	3.5	9.0	1.155
1845	3.7	9.0	1.186
1846	4.0	9.0	1.106
1847	4.3	9.0	0.666
1848	4.2	9.0	0.417
1849	4.3	9.0	0.289
1850	4.5	9.0	0.156
1851	4.4	9.0	0.061
1852	4.5	9.0	0.044
1853	4.5	9.0	0.133
1854	4.6	9.0	0.333
1855	4.6	9.0	0.900
1856	4.6	9.0	0.963
1857	4.7	9.0	0.967
1858	4.4	9.0	1.013
1859	4.1	9.0	0.967
1860	3.8	9.0	0.938
1861	4.0	9.0	0.868
1862	4.0	9.0	0.763
1863	3.8	9.0	0.695
1864	4.0	9.0	0.649
1865	4.2	9.0	0.674
1866	4.2	9.0	0.836
1867	4.6	9.0	0.933
1868	5.0	9.0	1.155
1869	5.1	9.0	1.186
1870	5.2	9.0	1.106
1871	5.6	9.0	0.666
1872	5.6	9.0	0.417
1873	5.6	9.0	0.289
1874	5.8	9.0	0.156
1875	6.3	9.0	0.061
1876	6.3	8.9	0.044
1877	6.3	8.9	0.133
1878	6.0	8.9	0.333
1879	6.2	8.9	0.900
1880	6.4	8.9	0.963
1881	6.2	8.9	0.967
1882	6.2	8.9	1.013
1883	6.0	8.9	0.967
1884	5.6	8.9	0.938
1885	5.0	8.9	0.868
1886	4.8	8.9	0.763
1887	4.8	8.9	0.695
1888	5.0	8.9	0.649
1889	5.3	8.9	0.674
1890	5.3	8.9	0.836
1891	5.6	8.9	0.933
1892	5.7	8.9	1.155
1893	5.7	8.9	1.186
1894	6.1	8.9	1.106
1895	6.4	8.9	0.666
1896	6.4	8.9	0.417
1897	6.5	8.9	0.289
1898	6.5	8.9	0.156
1899	6.5	8.9	0.061
1900	6.5	8.9	0.044
1901	6.4	8.9	0.133
1902	6.4	8.9	0.333
1903	6.5	8.9	0.900
1904	6.4	8.9	0.963
1905	6.1	8.9	0.967
1906	5.9	8.9	1.013
1907	5.5	8.9	0.967
1908	5.3	8.9	0.938
1909	4.9	8.9	0.868
1910	4.8	8.9	0.763
1911	4.8	8.9	0.695
1912	4.6	8.9	0.649
1913	5.2	8.9	0.674
1914	5.4	8.9	0.836
1915	5.5	8.9	0.933
1916	5.5	8.9	1.155
1917	5.6	8.9	1.186
1918	5.8	8.9	1.106
1919	5.8	8.9	0.666
1920	5.7	8.9	0.417
1921	5.8	8.9	0.289
1922	5.9	8.9	0.156
1923	5.9	8.9	0.061
1924	6.1	8.9	0.044
1925	6.1	8.8	0.133
1926	6.2	8.8	0.333
1927	6.2	8.8	0.900
1928	6.2	8.8	0.963
1929	6.3	8.8	0.967
1930	6.2	8.8	1.013
1931	6.0	8.8	0.967
1932	6.2	8.8	0.938
1933	6.3	8.8	0.868
1934	6.3	8.8	0.763
1935	6.2	8.8	0.695
1936	6.1	8.8	0.649
1937	6.0	8.8	0.674
1938	6.2	8.8	0.836
1939	6.2	8.8	0.933
1940	6.4	8.8	1.155
1941	6.2	8.8	1.186
1942	6.1	8.8	1.106
1943	5.9	8.8	0.666
1944	5.6	8.8	0.417
1945	5.5	8.8	0.289
1946	5.6	8.8	0.156
1947	5.7	8.8	0.061
1948	5.8	8.8	0.044
1949	5.6	8.8	0.133
1950	5.6	8.8	0.333
1951	5.5	8.8	0.900
1952	5.1	8.8	0.963
1953	4.5	8.8	0.967
1954	4.1	8.8	1.013
1955	3.4	8.8	0.967
1956	3.1	8.8	0.938
1957	2.7	8.8	0.868
1958	2.3	8.8	0.763
1959	2.1	8.8	0.695
1960	2.2	8.8	0.649
1961	2.1	8.8	0.674
1962	2.4	8.8	0.836
1963	3.0	8.8	0.933
1964	3.2	8.8	1.155
1965	3.4	8.8	1.186
1966	3.4	8.8	1.106
1967	3.4	8.7	0.666
1968	3.7	8.7	0.417
1969	3.7	8.7	0.289
1970	4.0	8.7	0.156
1971	4.6	8.7	0.061
1972	4.5	8.7	0.044
1973	4.8	8.7	0.133
1974	5.1	8.7	0.333
1975	5.4	8.7	0.900
1976	5.8	8.7	0.963
1977	5.7	8.7	0.967
1978	4.9	8.7	1.013
1979	4.6	8.7	0.967
1980	4.1	8.7	0.938
1981	3.9	8.7	0.868
1982	3.4	8.7	0.763
1983	3.6	8.7	0.695
1984	3.9	8.7	0.649
1985	4.5	8.7	0.674
1986	5.3	8.7	0.836
1987	5.8	8.7	0.933
1988	6.3	8.7	1.155
1989	6.8	8.7	1.186
1990	7.3	8.7	1.106
1991	7.7	8.7	0.666
1992	8.2	8.7	0.417
1993	8.7	8.7	0.289
1994	8.9	8.7	0.156
1995	9.1	8.7	0.061
1996	9.0	8.7	0.044
1997	9.0	8.7	0.133
1998	8.7	8.7	0.333
1999	8.8	8.7	0.900
2000	8.8	8.7	0.963
2001	8.3	8.7	0.967
2002	8.0	8.7	1.013
2003	7.6	8.7	0.967
2004	6.9	8.7	0.938
2005	6.2	8.7	0.868
2006	5.9	8.7	0.763
2007	6.0	8.7	0.695
2008	6.2	8.7	0.649
2009	6.4	8.7	0.674
2010	6.7	8.7	0.836
2011	7.3	8.6	0.933
2012	7.4	8.6	1.155
2013	7.6	8.6	1.186
2014	7.7	8.6	1.106
2015	7.8	8.6	0.666
2016	8.1	8.6	0.417
2017	8.2	8.6	0.289
2018	8.1	8.6	0.156
2019	8.2	8.6	0.061
2020	8.5	8.6	0.044
2021	8.5	8.6	0.133
2022	8.7	8.6	0.333
2023	8.8	8.6	0.900
2024	8.7	8.6	0.963
2025	8.8	8.6	0.967
2026	8.4	8.6	1.013
2027	7.7	8.6	0.967
2028	7.2	8.6	0.938
2029	6.7	8.6	0.868
2030	6.8	8.6	0.763
2031	6.7	8.6	0.695
2032	6.8	8.6	0.649
2033	6.9	8.6	0.674
2034	7.0	8.6	0.836
2035	7.4	8.6	0.933
2036	7.3	8.6	1.155
2037	7.7	8.6	1.186
2038	7.6	8.5	1.106
2039	7.9	8.5	0.666
2040	8.3	8.5	0.417
2041	8.4	8.5	0.289
2042	8.6	8.5	0.156
2043	8.3	8.5	0.061
2044	8.0	8.5	0.044
2045	8.0	8.5	0.133
2046	8.4	8.5	0.333
2047	8.3	8.5	0.900
2048	8.0	8.5	0.963
2049	7.7	8.5	0.967
2050	7.4	8.5	1.013
2051	6.9	8.5	0.967
2052	6.4	8.5	0.938
2053	5.7	8.5	0.868
2054	5.5	8.5	0.763
2055	5.6	8.5	0.695
2056	5.8	8.5	0.649
2057	5.7	8.5	0.674
2058	6.1	8.5	0.836
2059	6.3	8.5	0.933
2060	6.5	8.5	1.155
2061	6.8	8.5	1.186
2062	7.2	8.5	1.106
2063	7.2	8.5	0.666
2064	7.1	8.4	0.417
2065	7.4	8.4	0.289
2066	7.8	8.4	0.156
2067	8.0	8.4	0.061
2068	8.3	8.4	0.044
2069	8.7	8.4	0.133
2070	8.7	8.4	0.333
2071	8.7	8.4	0.900
2072	8.8	8.4	0.963
2073	9.0	8.4	0.967
2074	8.5	8.4	1.013
2075	8.2	8.4	0.967
2076	7.8	8.4	0.938
2077	7.4	8.4	0.868
2078	7.3	8.4	0.763
2079	7.1	8.4	0.695
2080	7.4	8.4	0.649
2081	7.6	8.4	0.674
2082	8.0	8.4	0.836
2083	8.7	8.4	0.933
2084	9.2	8.4	1.155
2085	9.6	8.4	1.186
2086	9.7	8.4	1.106
2087	10.1	8.4	0.666
2088	10.3	8.4	0.417
2089	10.6	8.4	0.289
2090	10.8	8.4	0.156
2091	10.8	8.4	0.061
2092	10.8	8.4	0.044
2093	11.2	8.4	0.133
2094	11.2	8.3	0.333
2095	11.2	8.3	0.900
2096	10.8	8.3	0.963
2097	10.2	8.3	0.967
2098	9.3	8.3	1.013
2099	8.5	8.3	0.967
2100	7.5	8.3	0.938
2101	6.9	8.3	0.868
2102	6.1	8.3	0.763
2103	5.7	8.3	0.695
2104	5.5	8.3	0.649
2105	5.6	8.3	0.674
2106	6.1	8.3	0.836
2107	6.7	8.3	0.933
2108	7.0	8.3	1.155
2109	7.3	8.3	1.186
2110	7.5	8.3	1.106
2111	7.5	8.3	0.666
2112	7.4	8.3	0.417
2113	7.9	8.3	0.289
2114	7.8	8.3	0.156
2115	8.1	8.3	0.061
2116	8.1	8.3	0.044
2117	8.1	8.3	0.133
2118	8.2	8.3	0.333
2119	8.2	8.3	0.900
2120	8.2	8.3	0.963
2121	7.7	8.3	0.967
2122	7.0	8.3	1.013
2123	6.4	8.3	0.967
2124	5.7	8.3	0.938
2125	5.1	8.3	0.868
2126	4.6	8.3	0.763
2127	4.7	8.3	0.695
2128	5.0	8.3	0.649
2129	5.5	8.3	0.674
2130	6.1	8.3	0.836
2131	6.6	8.3	0.933
2132	6.8	8.2	1.155
2133	7.1	8.2	1.186
2134	7.7	8.2	1.106
2135	8.2	8.2	0.666
2136	8.4	8.2	0.417
2137	8.9	8.2	0.289
2138	9.3	8.2	0.156
2139	9.5	8.2	0.061
2140	9.5	8.2	0.044
2141	9.5	8.2	0.133
2142	9.4	8.2	0.333
2143	9.5	8.2	0.900
2144	9.4	8.2	0.963
2145	9.1	8.2	0.967
2146	8.8	8.2	1.013
2147	8.3	8.2	0.967
2148	7.8	8.2	0.938
2149	7.0	8.2	0.868
2150	6.8	8.2	0.763
2151	6.9	8.2	0.695
2152	7.1	8.2	0.649
2153	7.4	8.2	0.674
2154	7.8	8.2	0.836
2155	8.0	8.2	0.933
2156	8.2	8.2	1.155
2157	8.8	8.2	1.186
2158	9.0	8.2	1.106
2159	9.4	8.2	0.666
2160	9.6	8.2	0.417
2161	4.9	8.2	0.289
2162	5.0	8.2	0.156
2163	5.1	8.2	0.061
2164	5.1	8.2	0.044
2165	5.1	8.2	0.133
2166	5.1	8.2	0.333
2167	5.1	8.2	0.900
2168	4.9	8.2	0.963
2169	4.8	8.2	0.967
2170	4.4	8.2	1.013
2171	4.1	8.2	0.967
2172	3.8	8.2	0.938
2173	3.6	8.1	0.868
2174	3.5	8.1	0.763
2175	3.3	8.1	0.695
2176	3.4	8.1	0.649
2177	3.4	8.1	0.674
2178	3.6	8.1	0.836
2179	3.9	8.1	0.933
2180	4.2	8.1	1.155
2181	4.4	8.1	1.186
2182	4.5	8.1	1.106
2183	4.6	8.1	0.666
2184	4.5	8.1	0.417
2185	4.6	8.1	0.289
2186	4.5	8.1	0.156
2187	4.6	8.1	0.061
2188	4.5	8.1	0.044
2189	4.4	8.1	0.133
2190	4.3	8.1	0.333
2191	4.3	8.1	0.900
2192	4.1	8.1	0.963
2193	3.6	8.1	0.967
2194	3.2	8.1	1.013
2195	2.8	8.1	0.967
2196	2.3	8.1	0.938
2197	2.1	8.1	0.868
2198	2.0	8.1	0.763
2199	1.8	8.1	0.695
2200	1.6	8.1	0.649
2201	1.6	8.0	0.674
2202	1.6	8.0	0.836
2203	2.0	8.0	0.933
2204	2.1	8.0	1.155
2205	2.3	8.0	1.186
2206	2.5	8.0	1.106
2207	2.5	8.0	0.666
2208	2.5	8.0	0.417
2209	2.6	8.0	0.289
2210	2.8	8.0	0.156
2211	2.9	8.0	0.061
2212	2.9	8.0	0.044
2213	2.9	8.0	0.133
2214	2.7	8.0	0.333
2215	2.6	8.0	0.900
2216	2.6	8.0	0.963
2217	2.3	8.0	0.967
2218	1.9	8.0	1.013
2219	1.5	8.0	0.967
2220	1.3	8.0	0.938
2221	1.1	8.0	0.868
2222	0.8	8.0	0.763
2223	0.7	8.0	0.695
2224	0.6	8.0	0.649
2225	0.9	8.0	0.674
2226	1.2	8.0	0.836
2227	1.6	8.0	0.933
2228	1.9	8.0	1.155
2229	2.2	8.0	1.186
2230	2.5	8.0	1.106
2231	2.9	8.0	0.666
2232	3.1	8.0	0.417
2233	3.3	8.0	0.289
2234	3.5	8.0	0.156
2235	3.5	8.0	0.061
2236	3.5	8.0	0.044
2237	3.5	8.0	0.133
2238	3.5	8.0	0.333
2239	3.4	8.0	0.900
2240	3.2	8.0	0.963
2241	3.0	8.0	0.967
2242	2.5	8.0	1.013
2243	2.2	8.0	0.967
2244	2.0	8.0	0.938
2245	1.7	7.9	0.868
2246	1.5	7.9	0.763
2247	1.5	7.9	0.695
2248	1.5	7.9	0.649
2249	1.6	7.9	0.674
2250	1.9	7.9	0.836
2251	2.2	7.9	0.933
2252	2.4	7.9	1.155
2253	2.6	7.9	1.186
2254	2.7	7.9	1.106
2255	2.8	7.9	0.666
2256	2.9	7.9	0.417
2257	3.2	7.9	0.289
2258	3.1	7.9	0.156
2259	3.1	7.9	0.061
2260	3.2	7.9	0.044
2261	3.2	7.9	0.133
2262	3.3	7.9	0.333
2263	3.3	7.9	0.900
2264	3.3	7.9	0.963
2265	3.0	7.9	0.967
2266	2.7	7.9	1.013
2267	2.5	7.9	0.967
2268	2.2	7.9	0.938
2269	2.0	7.9	0.868
2270	1.9	7.9	0.763
2271	1.8	7.9	0.695
2272	1.6	7.9	0.649
2273	1.9	7.9	0.674
2274	2.1	7.9	0.836
2275	2.2	7.9	0.933
2276	2.6	7.9	1.155
2277	2.8	7.9	1.186
2278	2.9	7.9	1.106
2279	2.9	7.9	0.666
2280	3.0	7.9	0.417
2281	3.3	7.9	0.289
2282	3.4	7.9	0.156
2283	3.4	7.8	0.061
2284	3.5	7.8	0.044
2285	3.4	7.8	0.133
2286	3.4	7.8	0.333
2287	3.3	7.8	0.900
2288	3.2	7.8	0.963
2289	3.0	7.8	0.967
2290	2.8	7.8	1.013
2291	2.2	7.8	0.967
2292	2.0	7.8	0.938
2293	1.7	7.8	0.868
2294	1.4	7.8	0.763
2295	1.5	7.8	0.695
2296	1.6	7.8	0.649
2297	1.6	7.8	0.674
2298	1.6	7.8	0.836
2299	2.0	7.8	0.933
2300	2.2	7.8	1.155
2301	2.4	7.8	1.186
2302	2.6	7.8	1.106
2303	2.9	7.8	0.666
2304	2.9	7.8	0.417
2305	3.1	7.8	0.289
2306	3.0	7.8	0.156
2307	3.1	7.8	0.061
2308	3.1	7.8	0.044
2309	3.1	7.8	0.133
2310	3.2	7.8	0.333
2311	3.2	7.8	0.900
2312	2.8	7.8	0.963
2313	2.8	7.8	0.967
2314	2.5	7.8	1.013
2315	2.1	7.8	0.967
2316	1.8	7.8	0.938
2317	1.7	7.8	0.868
2318	1.4	7.8	0.763
2319	1.3	7.8	0.695
2320	1.3	7.8	0.649
2321	1.2	7.8	0.674
2322	1.3	7.8	0.836
2323	1.4	7.8	0.933
2324	1.5	7.8	1.155
2325	1.5	7.8	1.186
2326	1.5	7.8	1.106
2327	1.4	7.8	0.666
2328	1.4	7.8	0.417
2329	1.5	7.8	0.289
2330	1.5	7.8	0.156
2331	1.6	7.8	0.061
2332	1.7	7.8	0.044
2333	1.7	7.8	0.133
2334	1.8	7.8	0.333
2335	1.7	7.7	0.900
2336	1.6	7.7	0.963
2337	1.5	7.7	0.967
2338	1.2	7.7	1.013
2339	0.8	7.7	0.967
2340	0.7	7.7	0.938
2341	0.5	7.7	0.868
2342	0.5	7.7	0.763
2343	0.5	7.7	0.695
2344	0.6	7.7	0.649
2345	0.8	7.7	0.674
2346	1.2	7.7	0.836
2347	1.5	7.7	0.933
2348	1.8	7.7	1.155
2349	2.0	7.7	1.186
2350	2.4	7.7	1.106
2351	2.6	7.7	0.666
2352	3.0	7.7	0.417
2353	3.2	7.7	0.289
2354	3.3	7.7	0.156
2355	3.4	7.7	0.061
2356	3.3	7.7	0.044
2357	3.4	7.7	0.133
2358	3.3	7.7	0.333
2359	3.3	7.7	0.900
2360	3.1	7.7	0.963
2361	2.8	7.7	0.967
2362	2.5	7.7	1.013
2363	2.2	7.7	0.967
2364	1.8	7.7	0.938
2365	1.6	7.7	0.868
2366	1.6	7.7	0.763
2367	1.4	7.7	0.695
2368	1.5	7.7	0.649
2369	1.5	7.7	0.674
2370	1.9	7.7	0.836
2371	2.3	7.7	0.933
2372	2.4	7.7	1.155
2373	2.7	7.7	1.186
2374	2.9	7.6	1.106
2375	3.0	7.6	0.666
2376	3.1	7.6	0.417
2377	3.2	7.6	0.289
2378	3.2	7.6	0.156
2379	3.3	7.6	0.061
2380	3.2	7.6	0.044
2381	3.3	7.6	0.133
2382	3.2	7.6	0.333
2383	3.2	7.6	0.900
2384	3.2	7.6	0.963
2385	3.0	7.6	0.967
2386	2.8	7.6	1.013
2387	2.5	7.6	0.967
2388	2.3	7.6	0.938
2389	2.0	7.6	0.868
2390	1.9	7.6	0.763
2391	1.9	7.6	0.695
2392	1.9	7.6	0.649
2393	2.0	7.6	0.674
2394	2.0	7.6	0.836
2395	2.0	7.6	0.933
2396	2.2	7.6	1.155
2397	2.3	7.6	1.186
2398	2.5	7.6	1.106
2399	2.4	7.6	0.666
2400	2.5	7.6	0.417
2401	2.5	7.6	0.289
2402	2.5	7.6	0.156
2403	2.4	7.6	0.061
2404	2.6	7.6	0.044
2405	2.5	7.6	0.133
2406	2.6	7.6	0.333
2407	2.6	7.6	0.900
2408	2.6	7.6	0.963
2409	2.4	7.6	0.967
2410	2.0	7.6	1.013
2411	1.7	7.6	0.967
2412	1.3	7.6	0.938
2413	1.2	7.6	0.868
2414	1.1	7.6	0.763
2415	1.0	7.6	0.695
2416	1.0	7.5	0.649
2417	1.3	7.5	0.674
2418	1.5	7.5	0.836
2419	1.8	7.5	0.933
2420	2.1	7.5	1.155
2421	2.1	7.5	1.186
2422	2.2	7.5	1.106
2423	2.5	7.5	0.666
2424	2.8	7.5	0.417
2425	2.9	7.5	0.289
2426	3.0	7.5	0.156
2427	3.0	7.5	0.061
2428	3.3	7.5	0.044
2429	3.2	7.5	0.133
2430	3.3	7.5	0.333
2431	3.2	7.5	0.900
2432	3.1	7.5	0.963
2433	2.9	7.5	0.967
2434	2.8	7.5	1.013
2435	2.8	7.5	0.967
2436	2.6	7.5	0.938
2437	2.5	7.5	0.868
2438	2.5	7.5	0.763
2439	2.6	7.5	0.695
2440	2.6	7.5	0.649
2441	2.6	7.5	0.674
2442	2.6	7.5	0.836
2443	2.8	7.5	0.933
2444	2.9	7.5	1.155
2445	3.0	7.5	1.186
2446	3.1	7.5	1.106
2447	3.1	7.5	0.666
2448	3.3	7.5	0.417
2449	3.5	7.5	0.289
2450	3.4	7.5	0.156
2451	3.5	7.5	0.061
2452	3.6	7.5	0.044
2453	3.6	7.5	0.133
2454	3.6	7.4	0.333
2455	3.4	7.4	0.900
2456	3.3	7.4	0.963
2457	3.1	7.4	0.967
2458	2.6	7.4	1.013
2459	2.4	7.4	0.967
2460	2.2	7.4	0.938
2461	1.9	7.4	0.868
2462	1.9	7.4	0.763
2463	1.9	7.4	0.695
2464	1.9	7.4	0.649
2465	2.0	7.4	0.674
2466	2.1	7.4	0.836
2467	2.2	7.4	0.933
2468	2.5	7.4	1.155
2469	2.6	7.4	1.186
2470	2.8	7.4	1.106
2471	3.0	7.4	0.666
2472	3.1	7.4	0.417
2473	3.1	7.4	0.289
2474	3.3	7.4	0.156
2475	3.4	7.4	0.061
2476	3.6	7.4	0.044
2477	3.6	7.4	0.133
2478	3.6	7.4	0.333
2479	3.7	7.4	0.900
2480	3.6	7.4	0.963
2481	3.5	7.4	0.967
2482	3.5	7.4	1.013
2483	3.3	7.4	0.967
2484	3.1	7.4	0.938
2485	3.0	7.4	0.868
2486	3.0	7.4	0.763
2487	3.0	7.4	0.695
2488	3.0	7.4	0.649
2489	2.9	7.4	0.674
2490	3.1	7.4	0.836
2491	3.3	7.4	0.933
2492	3.6	7.4	1.155
2493	3.7	7.4	1.186
2494	3.7	7.4	1.106
2495	3.7	7.4	0.666
2496	3.8	7.4	0.417
2497	3.8	7.3	0.289
2498	3.8	7.3	0.156
2499	3.8	7.3	0.061
2500	3.7	7.3	0.044
2501	3.7	7.3	0.133
2502	3.7	7.3	0.333
2503	3.8	7.3	0.900
2504	3.6	7.3	0.963
2505	3.6	7.3	0.967
2506	3.4	7.3	1.013
2507	3.0	7.3	0.967
2508	2.9	7.3	0.938
2509	2.9	7.3	0.868
2510	2.8	7.3	0.763
2511	2.6	7.3	0.695
2512	2.5	7.3	0.649
2513	2.7	7.3	0.674
2514	2.8	7.3	0.836
2515	2.9	7.3	0.933
2516	3.0	7.3	1.155
2517	2.9	7.3	1.186
2518	3.2	7.3	1.106
2519	3.4	7.3	0.666
2520	3.5	7.3	0.417
2521	3.6	7.3	0.289
2522	3.7	7.3	0.156
2523	3.9	7.3	0.061
2524	3.9	7.3	0.044
2525	3.9	7.3	0.133
2526	4.0	7.3	0.333
2527	4.0	7.2	0.900
2528	3.9	7.2	0.963
2529	3.7	7.2	0.967
2530	3.4	7.2	1.013
2531	3.4	7.2	0.967
2532	3.3	7.2	0.938
2533	3.1	7.2	0.868
2534	2.9	7.2	0.763
2535	2.9	7.2	0.695
2536	3.0	7.2	0.649
2537	2.9	7.2	0.674
2538	3.0	7.2	0.836
2539	3.2	7.2	0.933
2540	3.3	7.2	1.155
2541	3.4	7.2	1.186
2542	3.4	7.2	1.106
2543	3.5	7.2	0.666
2544	3.6	7.2	0.417
2545	3.6	7.2	0.289
2546	3.7	7.2	0.156
2547	3.7	7.2	0.061
2548	3.8	7.2	0.044
2549	3.9	7.2	0.133
2550	3.8	7.2	0.333
2551	3.7	7.2	0.900
2552	3.5	7.2	0.963
2553	3.0	7.2	0.967
2554	2.7	7.2	1.013
2555	2.4	7.2	0.967
2556	2.1	7.2	0.938
2557	1.9	7.2	0.868
2558	1.7	7.2	0.763
2559	1.5	7.2	0.695
2560	1.4	7.2	0.649
2561	1.4	7.1	0.674
2562	1.5	7.1	0.836
2563	1.7	7.1	0.933
2564	1.9	7.1	1.155
2565	2.0	7.1	1.186
2566	2.2	7.1	1.106
2567	2.2	7.1	0.666
2568	2.3	7.1	0.417
2569	2.4	7.1	0.289
2570	2.5	7.1	0.156
2571	2.6	7.1	0.061
2572	2.7	7.1	0.044
2573	2.7	7.1	0.133
2574	2.8	7.1	0.333
2575	2.8	7.1	0.900
2576	2.8	7.1	0.963
2577	2.7	7.1	0.967
2578	2.4	7.1	1.013
2579	2.2	7.1	0.967
2580	1.8	7.1	0.938
2581	1.5	7.1	0.868
2582	1.5	7.1	0.763
2583	1.3	7.1	0.695
2584	1.2	7.1	0.649
2585	1.4	7.1	0.674
2586	1.6	7.1	0.836
2587	2.0	7.1	0.933
2588	2.2	7.1	1.155
2589	2.6	7.1	1.186
2590	2.8	7.1	1.106
2591	3.0	7.1	0.666
2592	3.2	7.1	0.417
2593	3.4	7.1	0.289
2594	3.4	7.1	0.156
2595	3.3	7.1	0.061
2596	3.2	7.1	0.044
2597	3.2	7.1	0.133
2598	3.1	7.1	0.333
2599	3.1	7.1	0.900
2600	3.0	7.1	0.963
2601	2.8	7.1	0.967
2602	2.8	7.1	1.013
2603	2.5	7.1	0.967
2604	2.5	7.1	0.938
2605	2.3	7.0	0.868
2606	2.1	7.0	0.763
2607	2.0	7.0	0.695
2608	2.1	7.0	0.649
2609	2.0	7.0	0.674
2610	2.0	7.0	0.836
2611	2.0	7.0	0.933
2612	2.0	7.0	1.155
2613	2.0	7.0	1.186
2614	2.0	7.0	1.106
2615	2.1	7.0	0.666
2616	2.0	7.0	0.417
2617	2.0	7.0	0.289
2618	2.0	7.0	0.156
2619	1.9	7.0	0.061
2620	2.0	7.0	0.044
2621	2.0	7.0	0.133
2622	2.0	7.0	0.333
2623	2.1	7.0	0.900
2624	2.0	7.0	0.963
2625	1.8	7.0	0.967
2626	1.7	7.0	1.013
2627	1.6	7.0	0.967
2628	1.3	7.0	0.938
2629	1.3	7.0	0.868
2630	1.3	7.0	0.763
2631	1.3	7.0	0.695
2632	1.2	7.0	0.649
2633	1.2	7.0	0.674
2634	1.2	7.0	0.836
2635	1.3	7.0	0.933
2636	1.5	7.0	1.155
2637	1.6	7.0	1.186
2638	1.7	7.0	1.106
2639	1.8	7.0	0.666
2640	1.7	7.0	0.417
2641	1.7	7.0	0.289
2642	2.0	6.9	0.156
2643	2.1	6.9	0.061
2644	2.3	6.9	0.044
2645	2.3	6.9	0.133
2646	2.3	6.9	0.333
2647	2.4	6.9	0.900
2648	2.3	6.9	0.963
2649	2.1	6.9	0.967
2650	1.9	6.9	1.013
2651	1.7	6.9	0.967
2652	1.5	6.9	0.938
2653	1.3	6.9	0.868
2654	1.1	6.9	0.763
2655	1.1	6.9	0.695
2656	1.1	6.9	0.649
2657	1.3	6.9	0.674
2658	1.6	6.9	0.836
2659	2.0	6.9	0.933
2660	2.3	6.9	1.155
2661	2.5	6.9	1.186
2662	2.8	6.9	1.106
2663	3.1	6.9	0.666
2664	3.2	6.9	0.417
2665	3.4	6.9	0.289
2666	3.4	6.8	0.156
2667	3.4	6.8	0.061
2668	3.4	6.8	0.044
2669	3.4	6.8	0.133
2670	3.3	6.8	0.333
2671	3.1	6.8	0.900
2672	3.0	6.8	0.963
2673	2.6	6.8	0.967
2674	2.4	6.8	1.013
2675	2.1	6.8	0.967
2676	1.7	6.8	0.938
2677	1.4	6.8	0.868
2678	1.1	6.8	0.763
2679	1.0	6.8	0.695
2680	1.0	6.8	0.649
2681	0.8	6.8	0.674
2682	0.8	6.8	0.836
2683	0.9	6.8	0.933
2684	1.0	6.8	1.155
2685	1.2	6.8	1.186
2686	1.3	6.8	1.106
2687	1.3	6.8	0.666
2688	1.4	6.8	0.417
2689	0.0	6.8	0.289
2690	0.0	6.8	0.156
2691	0.0	6.8	0.061
2692	0.0	6.8	0.044
2693	0.0	6.8	0.133
2694	0.0	6.8	0.333
2695	0.0	6.8	0.900
2696	0.0	6.8	0.963
2697	0.0	6.8	0.967
2698	0.0	6.8	1.013
2699	0.0	6.8	0.967
2700	0.0	6.8	0.938
2701	0.0	6.8	0.868
2702	0.0	6.8	0.763
2703	0.0	6.7	0.695
2704	0.0	6.7	0.649
2705	0.0	6.7	0.674
2706	0.0	6.7	0.836
2707	0.0	6.7	0.933
2708	0.0	6.7	1.155
2709	0.0	6.7	1.186
2710	0.0	6.7	1.106
2711	0.0	6.7	0.666
2712	0.0	6.7	0.417
2713	0.0	6.7	0.289
2714	0.0	6.7	0.156
2715	0.0	6.7	0.061
2716	0.0	6.7	0.044
2717	0.0	6.7	0.133
2718	0.0	6.7	0.333
2719	0.0	6.7	0.900
2720	0.0	6.7	0.963
2721	0.0	6.7	0.967
2722	0.0	6.7	1.013
2723	0.0	6.7	0.967
2724	0.0	6.7	0.938
2725	0.0	6.7	0.868
2726	0.0	6.7	0.763
2727	0.0	6.7	0.695
2728	0.0	6.7	0.649
2729	0.0	6.7	0.674
2730	0.0	6.7	0.836
2731	0.0	6.7	0.933
2732	0.0	6.7	1.155
2733	0.0	6.7	1.186
2734	0.0	6.7	1.106
2735	0.0	6.6	0.666
2736	0.0	6.6	0.417
2737	0.0	6.6	0.289
2738	0.0	6.6	0.156
2739	0.0	6.6	0.061
2740	0.0	6.6	0.044
2741	0.0	6.6	0.133
2742	0.0	6.6	0.333
2743	0.0	6.6	0.900
2744	0.0	6.6	0.963
2745	0.0	6.6	0.967
2746	0.0	6.6	1.013
2747	0.0	6.6	0.967
2748	0.0	6.6	0.938
2749	0.0	6.6	0.868
2750	0.0	6.6	0.763
2751	0.0	6.6	0.695
2752	0.0	6.6	0.649
2753	0.0	6.6	0.674
2754	0.0	6.5	0.836
2755	0.0	6.5	0.933
2756	0.0	6.5	1.155
2757	0.0	6.5	1.186
2758	0.0	6.5	1.106
2759	0.0	6.5	0.666
2760	0.0	6.5	0.417
2761	1.3	6.5	0.289
2762	1.5	6.5	0.156
2763	1.6	6.5	0.061
2764	1.7	6.5	0.044
2765	1.9	6.5	0.133
2766	2.0	6.5	0.333
2767	2.0	6.5	0.900
2768	2.0	6.5	0.963
2769	1.7	6.5	0.967
2770	1.4	6.5	1.013
2771	1.2	6.5	0.967
2772	1.0	6.5	0.938
2773	0.8	6.5	0.868
2774	0.7	6.5	0.763
2775	0.8	6.5	0.695
2776	0.8	6.5	0.649
2777	1.0	6.5	0.674
2778	1.4	6.5	0.836
2779	1.8	6.5	0.933
2780	2.2	6.5	1.155
2781	2.4	6.5	1.186
2782	2.7	6.5	1.106
2783	2.9	6.5	0.666
2784	3.1	6.5	0.417
2785	3.3	6.4	0.289
2786	3.2	6.4	0.156
2787	3.4	6.4	0.061
2788	3.5	6.4	0.044
2789	3.5	6.4	0.133
2790	3.4	6.4	0.333
2791	3.5	6.4	0.900
2792	3.5	6.4	0.963
2793	3.3	6.4	0.967
2794	3.1	6.4	1.013
2795	3.0	6.4	0.967
2796	2.8	6.4	0.938
2797	2.7	6.4	0.868
2798	2.5	6.4	0.763
2799	2.5	6.4	0.695
2800	2.4	6.4	0.649
2801	2.7	6.4	0.674
2802	2.8	6.4	0.836
2803	3.1	6.4	0.933
2804	3.3	6.4	1.155
2805	3.4	6.4	1.186
2806	3.4	6.4	1.106
2807	3.6	6.4	0.666
2808	3.7	6.4	0.417
2809	3.8	6.4	0.289
2810	4.0	6.4	0.156
2811	3.9	6.4	0.061
2812	3.9	6.4	0.044
2813	3.9	6.4	0.133
2814	3.8	6.4	0.333
2815	3.7	6.4	0.900
2816	3.5	6.4	0.963
2817	3.2	6.4	0.967
2818	3.0	6.3	1.013
2819	2.7	6.3	0.967
2820	2.3	6.3	0.938
2821	2.0	6.3	0.868
2822	1.8	6.3	0.763
2823	1.7	6.3	0.695
2824	1.6	6.3	0.649
2825	1.7	6.3	0.674
2826	1.8	6.3	0.836
2827	1.9	6.3	0.933
2828	2.0	6.3	1.155
2829	2.2	6.3	1.186
2830	2.2	6.3	1.106
2831	2.1	6.3	0.666
2832	2.1	6.3	0.417
2833	2.2	6.3	0.289
2834	2.2	6.3	0.156
2835	2.4	6.3	0.061
2836	2.5	6.3	0.044
2837	2.5	6.3	0.133
2838	2.5	6.3	0.333
2839	2.5	6.3	0.900
2840	2.4	6.3	0.963
2841	2.1	6.3	0.967
2842	1.6	6.3	1.013
2843	1.3	6.3	0.967
2844	1.2	6.3	0.938
2845	1.0	6.3	0.868
2846	0.8	6.3	0.763
2847	0.7	6.3	0.695
2848	0.8	6.3	0.649
2849	1.0	6.3	0.674
2850	1.3	6.3	0.836
2851	1.7	6.3	0.933
2852	2.2	6.3	1.155
2853	2.3	6.3	1.186
2854	2.5	6.3	1.106
2855	2.6	6.3	0.666
2856	2.8	6.3	0.417
2857	3.0	6.3	0.289
2858	3.2	6.3	0.156
2859	3.1	6.2	0.061
2860	3.2	6.2	0.044
2861	3.2	6.2	0.133
2862	3.2	6.2	0.333
2863	3.2	6.2	0.900
2864	3.0	6.2	0.963
2865	2.8	6.2	0.967
2866	2.5	6.2	1.013
2867	2.1	6.2	0.967
2868	2.0	6.2	0.938
2869	1.8	6.2	0.868
2870	1.6	6.2	0.763
2871	1.6	6.2	0.695
2872	1.5	6.2	0.649
2873	1.6	6.2	0.674
2874	2.0	6.2	0.836
2875	2.3	6.2	0.933
2876	2.6	6.2	1.155
2877	3.0	6.2	1.186
2878	3.3	6.2	1.106
2879	3.6	6.2	0.666
2880	3.8	6.2	0.417
2881	0.0	6.2	0.289
2882	0.0	6.2	0.156
2883	0.0	6.2	0.061
2884	0.0	6.2	0.044
2885	0.0	6.2	0.133
2886	0.0	6.2	0.333
2887	0.0	6.2	0.900
2888	0.0	6.2	0.963
2889	0.0	6.2	0.967
2890	0.0	6.2	1.013
2891	0.0	6.2	0.967
2892	0.0	6.2	0.938
2893	0.0	6.2	0.868
2894	0.0	6.1	0.763
2895	0.0	6.1	0.695
2896	0.0	6.1	0.649
2897	0.0	6.1	0.674
2898	0.0	6.1	0.836
2899	0.0	6.1	0.933
2900	0.0	6.1	1.155
2901	0.0	6.1	1.186
2902	0.0	6.1	1.106
2903	0.0	6.1	0.666
2904	0.0	6.1	0.417
2905	0.0	6.1	0.289
2906	0.0	6.1	0.156
2907	0.0	6.1	0.061
2908	0.0	6.1	0.044
2909	0.0	6.1	0.133
2910	0.0	6.1	0.333
2911	0.0	6.1	0.900
2912	0.0	6.1	0.963
2913	0.0	6.1	0.967
2914	0.0	6.1	1.013
2915	0.0	6.1	0.967
2916	0.0	6.1	0.938
2917	0.0	6.1	0.868
2918	0.0	6.1	0.763
2919	0.0	6.1	0.695
2920	0.0	6.1	0.649
2921	0.0	6.1	0.674
2922	0.0	6.1	0.836
2923	0.0	6.1	0.933
2924	0.0	6.1	1.155
2925	0.0	6.1	1.186
2926	0.0	6.1	1.106
2927	0.0	6.1	0.666
2928	0.0	6.1	0.417
2929	0.0	6.1	0.289
2930	0.0	6.1	0.156
2931	0.0	6.1	0.061
2932	0.0	6.1	0.044
2933	0.0	6.0	0.133
2934	0.0	6.0	0.333
2935	0.0	6.0	0.900
2936	0.0	6.0	0.963
2937	0.0	6.0	0.967
2938	0.0	6.0	1.013
2939	0.0	6.0	0.967
2940	0.0	6.0	0.938
2941	0.0	6.0	0.868
2942	0.0	6.0	0.763
2943	0.0	6.0	0.695
2944	0.0	6.0	0.649
2945	0.0	6.0	0.674
2946	0.0	6.0	0.836
2947	0.0	6.0	0.933
2948	0.0	6.0	1.155
2949	0.0	6.0	1.186
2950	0.0	6.0	1.106
2951	0.0	6.0	0.666
2952	0.0	6.0	0.417
2953	0.0	6.0	0.289
2954	0.0	6.0	0.156
2955	0.0	6.0	0.061
2956	0.0	6.0	0.044
2957	0.0	6.0	0.133
2958	0.0	6.0	0.333
2959	0.0	6.0	0.900
2960	0.0	6.0	0.963
2961	0.0	6.0	0.967
2962	0.0	6.0	1.013
2963	0.0	6.0	0.967
2964	0.0	6.0	0.938
2965	0.0	6.0	0.868
2966	0.0	6.0	0.763
2967	0.0	6.0	0.695
2968	0.0	6.0	0.649
2969	0.0	6.0	0.674
2970	0.0	5.9	0.836
2971	0.0	5.9	0.933
2972	0.0	5.9	1.155
2973	0.0	5.9	1.186
2974	0.0	5.9	1.106
2975	0.0	5.9	0.666
2976	0.0	5.9	0.417
2977	0.0	5.9	0.289
2978	0.0	5.9	0.156
2979	0.0	5.9	0.061
2980	0.0	5.9	0.044
2981	0.0	5.9	0.133
2982	0.0	5.9	0.333
2983	0.0	5.9	0.900
2984	0.0	5.9	0.963
2985	0.0	5.9	0.967
2986	0.0	5.9	1.013
2987	0.0	5.9	0.967
2988	0.0	5.9	0.938
2989	0.0	5.9	0.868
2990	0.0	5.9	0.763
2991	0.0	5.9	0.695
2992	0.0	5.9	0.649
2993	0.0	5.9	0.674
2994	0.0	5.9	0.836
2995	0.0	5.9	0.933
2996	0.0	5.9	1.155
2997	0.0	5.9	1.186
2998	0.0	5.9	1.106
2999	0.0	5.9	0.666
3000	0.0	5.9	0.417
3001	0.0	5.9	0.289
3002	0.0	5.9	0.156
3003	0.0	5.9	0.061
3004	0.0	5.9	0.044
3005	0.0	5.9	0.133
3006	0.0	5.9	0.333
3007	0.0	5.9	0.900
3008	0.0	5.9	0.963
3009	0.0	5.8	0.967
3010	0.0	5.8	1.013
3011	0.0	5.8	0.967
3012	0.0	5.8	0.938
3013	0.0	5.8	0.868
3014	0.0	5.8	0.763
3015	0.0	5.8	0.695
3016	0.0	5.8	0.649
3017	0.0	5.8	0.674
3018	0.0	5.8	0.836
3019	0.0	5.8	0.933
3020	0.0	5.8	1.155
3021	0.0	5.8	1.186
3022	0.0	5.8	1.106
3023	0.0	5.8	0.666
3024	0.0	5.8	0.417
3025	0.0	5.8	0.289
3026	0.0	5.8	0.156
3027	0.0	5.8	0.061
3028	0.0	5.8	0.044
3029	0.0	5.8	0.133
3030	0.0	5.8	0.333
3031	0.0	5.8	0.900
3032	0.0	5.8	0.963
3033	0.0	5.8	0.967
3034	0.0	5.8	1.013
3035	0.0	5.8	0.967
3036	0.0	5.8	0.938
3037	0.0	5.8	0.868
3038	0.0	5.8	0.763
3039	0.0	5.8	0.695
3040	0.0	5.8	0.649
3041	0.0	5.8	0.674
3042	0.0	5.8	0.836
3043	0.0	5.8	0.933
3044	0.0	5.8	1.155
3045	0.0	5.8	1.186
3046	0.0	5.8	1.106
3047	0.0	5.8	0.666
3048	0.0	5.8	0.417
3049	0.0	5.8	0.289
3050	0.0	5.8	0.156
3051	0.0	5.8	0.061
3052	0.0	5.8	0.044
3053	0.0	5.8	0.133
3054	0.0	5.8	0.333
3055	0.0	5.8	0.900
3056	0.0	5.8	0.963
3057	0.0	5.7	0.967
3058	0.0	5.7	1.013
3059	0.0	5.7	0.967
3060	0.0	5.7	0.938
3061	0.0	5.7	0.868
3062	0.0	5.7	0.763
3063	0.0	5.7	0.695
3064	0.0	5.7	0.649
3065	0.0	5.7	0.674
3066	0.0	5.7	0.836
3067	0.0	5.7	0.933
3068	0.0	5.7	1.155
3069	0.0	5.7	1.186
3070	0.0	5.7	1.106
3071	0.0	5.7	0.666
3072	0.0	5.7	0.417
3073	0.0	5.7	0.289
3074	0.0	5.7	0.156
3075	0.0	5.7	0.061
3076	0.0	5.7	0.044
3077	0.0	5.7	0.133
3078	0.0	5.7	0.333
3079	0.0	5.7	0.900
3080	0.0	5.7	0.963
3081	0.0	5.7	0.967
3082	0.0	5.7	1.013
3083	0.0	5.7	0.967
3084	0.0	5.7	0.938
3085	0.0	5.7	0.868
3086	0.0	5.7	0.763
3087	0.0	5.7	0.695
3088	0.0	5.7	0.649
3089	0.0	5.7	0.674
3090	0.0	5.7	0.836
3091	0.0	5.7	0.933
3092	0.0	5.7	1.155
3093	0.0	5.7	1.186
3094	0.0	5.7	1.106
3095	0.0	5.7	0.666
3096	0.0	5.7	0.417
3097	0.0	5.7	0.289
3098	0.0	5.7	0.156
3099	0.0	5.7	0.061
3100	0.0	5.7	0.044
3101	0.0	5.6	0.133
3102	0.0	5.6	0.333
3103	0.0	5.6	0.900
3104	0.0	5.6	0.963
3105	0.0	5.6	0.967
3106	0.0	5.6	1.013
3107	0.0	5.6	0.967
3108	0.0	5.6	0.938
3109	0.0	5.6	0.868
3110	0.0	5.6	0.763
3111	0.0	5.6	0.695
3112	0.0	5.6	0.649
3113	0.0	5.6	0.674
3114	0.0	5.6	0.836
3115	0.0	5.6	0.933
3116	0.0	5.6	1.155
3117	0.0	5.6	1.186
3118	0.0	5.6	1.106
3119	0.0	5.6	0.666
3120	0.0	5.6	0.417
3121	0.0	5.6	0.289
3122	0.0	5.6	0.156
3123	0.0	5.6	0.061
3124	0.0	5.6	0.044
3125	0.0	5.6	0.133
3126	0.0	5.6	0.333
3127	0.0	5.6	0.900
3128	0.0	5.6	0.963
3129	0.0	5.6	0.967
3130	0.0	5.6	1.013
3131	0.0	5.6	0.967
3132	0.0	5.6	0.938
3133	0.0	5.6	0.868
3134	0.0	5.6	0.763
3135	0.0	5.6	0.695
3136	0.0	5.6	0.649
3137	0.0	5.6	0.674
3138	0.0	5.6	0.836
3139	0.0	5.6	0.933
3140	0.0	5.6	1.155
3141	0.0	5.6	1.186
3142	0.0	5.6	1.106
3143	0.0	5.5	0.666
3144	0.0	5.5	0.417
3145	0.0	5.5	0.289
3146	0.0	5.5	0.156
3147	0.0	5.5	0.061
3148	0.0	5.5	0.044
3149	0.0	5.5	0.133
3150	0.0	5.5	0.333
3151	0.0	5.5	0.900
3152	0.0	5.5	0.963
3153	0.0	5.5	0.967
3154	0.0	5.5	1.013
3155	0.0	5.5	0.967
3156	0.0	5.5	0.938
3157	0.0	5.5	0.868
3158	0.0	5.5	0.763
3159	0.0	5.5	0.695
3160	0.0	5.5	0.649
3161	0.0	5.5	0.674
3162	0.0	5.5	0.836
3163	0.0	5.5	0.933
3164	0.0	5.5	1.155
3165	0.0	5.5	1.186
3166	0.0	5.5	1.106
3167	0.0	5.5	0.666
3168	0.0	5.5	0.417
3169	0.0	5.5	0.289
3170	0.0	5.5	0.156
3171	0.0	5.5	0.061
3172	0.0	5.5	0.044
3173	0.0	5.5	0.133
3174	0.0	5.5	0.333
3175	0.0	5.4	0.900
3176	0.0	5.4	0.963
3177	0.0	5.4	0.967
3178	0.0	5.4	1.013
3179	0.0	5.4	0.967
3180	0.0	5.4	0.938
3181	0.0	5.4	0.868
3182	0.0	5.4	0.763
3183	0.0	5.4	0.695
3184	0.0	5.4	0.649
3185	0.0	5.4	0.674
3186	0.0	5.4	0.836
3187	0.0	5.4	0.933
3188	0.0	5.4	1.155
3189	0.0	5.4	1.186
3190	0.0	5.4	1.106
3191	0.0	5.4	0.666
3192	0.0	5.4	0.417
3193	0.0	5.4	0.289
3194	0.0	5.4	0.156
3195	0.0	5.4	0.061
3196	0.0	5.4	0.044
3197	0.0	5.4	0.133
3198	0.0	5.4	0.333
3199	0.0	5.4	0.900
3200	0.0	5.4	0.963
3201	0.0	5.4	0.967
3202	0.0	5.4	1.013
3203	0.0	5.4	0.967
3204	0.0	5.4	0.938
3205	0.0	5.4	0.868
3206	0.0	5.4	0.763
3207	0.0	5.3	0.695
3208	0.0	5.3	0.649
3209	0.0	5.3	0.674
3210	0.0	5.3	0.836
3211	0.0	5.3	0.933
3212	0.0	5.3	1.155
3213	0.0	5.3	1.186
3214	0.0	5.3	1.106
3215	0.0	5.3	0.666
3216	0.0	5.3	0.417
3217	0.0	5.3	0.289
3218	0.0	5.3	0.156
3219	0.0	5.3	0.061
3220	0.0	5.3	0.044
3221	0.0	5.3	0.133
3222	0.0	5.3	0.333
3223	0.0	5.3	0.900
3224	0.0	5.3	0.963
3225	0.0	5.3	0.967
3226	0.0	5.3	1.013
3227	0.0	5.3	0.967
3228	0.0	5.3	0.938
3229	0.0	5.3	0.868
3230	0.0	5.3	0.763
3231	0.0	5.3	0.695
3232	0.0	5.3	0.649
3233	0.0	5.3	0.674
3234	0.0	5.3	0.836
3235	0.0	5.3	0.933
3236	0.0	5.3	1.155
3237	0.0	5.3	1.186
3238	0.0	5.3	1.106
3239	0.0	5.2	0.666
3240	0.0	5.2	0.417
3241	0.0	5.2	0.289
3242	0.0	5.2	0.156
3243	0.0	5.2	0.061
3244	0.0	5.2	0.044
3245	0.0	5.2	0.133
3246	0.0	5.2	0.333
3247	0.0	5.2	0.900
3248	0.0	5.2	0.963
3249	0.0	5.2	0.967
3250	0.0	5.2	1.013
3251	0.0	5.2	0.967
3252	0.0	5.2	0.938
3253	0.0	5.2	0.868
3254	0.0	5.2	0.763
3255	0.0	5.2	0.695
3256	0.0	5.2	0.649
3257	0.0	5.2	0.674
3258	0.0	5.2	0.836
3259	0.0	5.2	0.933
3260	0.0	5.2	1.155
3261	0.0	5.2	1.186
3262	0.0	5.2	1.106
3263	0.0	5.2	0.666
3264	0.0	5.2	0.417
3265	0.0	5.2	0.289
3266	0.0	5.2	0.156
3267	0.0	5.2	0.061
3268	0.0	5.1	0.044
3269	0.0	5.1	0.133
3270	0.0	5.1	0.333
3271	0.0	5.1	0.900
3272	0.0	5.1	0.963
3273	0.0	5.1	0.967
3274	0.0	5.1	1.013
3275	0.0	5.1	0.967
3276	0.0	5.1	0.938
3277	0.0	5.1	0.868
3278	0.0	5.1	0.763
3279	0.0	5.1	0.695
3280	0.0	5.1	0.649
3281	0.0	5.1	0.674
3282	0.0	5.1	0.836
3283	0.0	5.1	0.933
3284	0.0	5.1	1.155
3285	0.0	5.1	1.186
3286	0.0	5.1	1.106
3287	0.0	5.1	0.666
3288	0.0	5.1	0.417
3289	0.0	5.1	0.289
3290	0.0	5.1	0.156
3291	0.0	5.1	0.061
3292	0.0	5.1	0.044
3293	0.0	5.1	0.133
3294	0.0	5.1	0.333
3295	0.0	5.1	0.900
3296	0.0	5.1	0.963
3297	0.0	5.1	0.967
3298	0.0	5.1	1.013
3299	0.0	5.1	0.967
3300	0.0	5.1	0.938
3301	0.0	5.1	0.868
3302	0.0	5.1	0.763
3303	0.0	5.1	0.695
3304	0.0	5.1	0.649
3305	0.0	5.1	0.674
3306	0.0	5.1	0.836
3307	0.0	5.0	0.933
3308	0.0	5.0	1.155
3309	0.0	5.0	1.186
3310	0.0	5.0	1.106
3311	0.0	5.0	0.666
3312	0.0	5.0	0.417
3313	0.0	5.0	0.289
3314	0.0	5.0	0.156
3315	0.0	5.0	0.061
3316	0.0	5.0	0.044
3317	0.0	5.0	0.133
3318	0.0	5.0	0.333
3319	0.0	5.0	0.900
3320	0.0	5.0	0.963
3321	0.0	5.0	0.967
3322	0.0	5.0	1.013
3323	0.0	5.0	0.967
3324	0.0	5.0	0.938
3325	0.0	5.0	0.868
3326	0.0	5.0	0.763
3327	0.0	5.0	0.695
3328	0.0	5.0	0.649
3329	0.0	5.0	0.674
3330	0.0	5.0	0.836
3331	0.0	5.0	0.933
3332	0.0	5.0	1.155
3333	0.0	5.0	1.186
3334	0.0	5.0	1.106
3335	0.0	5.0	0.666
3336	0.0	5.0	0.417
3337	0.0	5.0	0.289
3338	0.0	5.0	0.156
3339	0.0	5.0	0.061
3340	0.0	5.0	0.044
3341	0.0	5.0	0.133
3342	0.0	4.9	0.333
3343	0.0	4.9	0.900
3344	0.0	4.9	0.963
3345	0.0	4.9	0.967
3346	0.0	4.9	1.013
3347	0.0	4.9	0.967
3348	0.0	4.9	0.938
3349	0.0	4.9	0.868
3350	0.0	4.9	0.763
3351	0.0	4.9	0.695
3352	0.0	4.9	0.649
3353	0.0	4.9	0.674
3354	0.0	4.9	0.836
3355	0.0	4.9	0.933
3356	0.0	4.9	1.155
3357	0.0	4.9	1.186
3358	0.0	4.9	1.106
3359	0.0	4.9	0.666
3360	0.0	4.9	0.417
3361	0.0	4.9	0.289
3362	0.0	4.9	0.156
3363	0.0	4.9	0.061
3364	0.0	4.9	0.044
3365	0.0	4.9	0.133
3366	0.0	4.9	0.333
3367	0.0	4.9	0.900
3368	0.0	4.9	0.963
3369	0.0	4.9	0.967
3370	0.0	4.9	1.013
3371	0.0	4.9	0.967
3372	0.0	4.8	0.938
3373	0.0	4.8	0.868
3374	0.0	4.8	0.763
3375	0.0	4.8	0.695
3376	0.0	4.8	0.649
3377	0.0	4.8	0.674
3378	0.0	4.8	0.836
3379	0.0	4.8	0.933
3380	0.0	4.8	1.155
3381	0.0	4.8	1.186
3382	0.0	4.8	1.106
3383	0.0	4.8	0.666
3384	0.0	4.8	0.417
3385	0.0	4.8	0.289
3386	0.0	4.8	0.156
3387	0.0	4.8	0.061
3388	0.0	4.8	0.044
3389	0.0	4.8	0.133
3390	0.0	4.8	0.333
3391	0.0	4.8	0.900
3392	0.0	4.8	0.963
3393	0.0	4.8	0.967
3394	0.0	4.8	1.013
3395	0.0	4.8	0.967
3396	0.0	4.8	0.938
3397	0.0	4.8	0.868
3398	0.0	4.8	0.763
3399	0.0	4.8	0.695
3400	0.0	4.8	0.649
3401	0.0	4.8	0.674
3402	0.0	4.8	0.836
3403	0.0	4.8	0.933
3404	0.0	4.8	1.155
3405	0.0	4.8	1.186
3406	0.0	4.8	1.106
3407	0.0	4.8	0.666
3408	0.0	4.8	0.417
3409	0.0	4.8	0.289
3410	0.0	4.8	0.156
3411	0.0	4.8	0.061
3412	0.0	4.8	0.044
3413	0.0	4.8	0.133
3414	0.0	4.8	0.333
3415	0.0	4.8	0.900
3416	0.0	4.7	0.963
3417	0.0	4.7	0.967
3418	0.0	4.7	1.013
3419	0.0	4.7	0.967
3420	0.0	4.7	0.938
3421	0.0	4.7	0.868
3422	0.0	4.7	0.763
3423	0.0	4.7	0.695
3424	0.0	4.7	0.649
3425	0.0	4.7	0.674
3426	0.0	4.7	0.836
3427	0.0	4.7	0.933
3428	0.0	4.7	1.155
3429	0.0	4.7	1.186
3430	0.0	4.7	1.106
3431	0.0	4.7	0.666
3432	0.0	4.7	0.417
3433	0.0	4.7	0.289
3434	0.0	4.7	0.156
3435	0.0	4.7	0.061
3436	0.0	4.7	0.044
3437	0.0	4.7	0.133
3438	0.0	4.7	0.333
3439	0.0	4.7	0.900
3440	0.0	4.7	0.963
3441	0.0	4.7	0.967
3442	0.0	4.7	1.013
3443	0.0	4.7	0.967
3444	0.0	4.7	0.938
3445	0.0	4.7	0.868
3446	0.0	4.7	0.763
3447	0.0	4.7	0.695
3448	0.0	4.7	0.649
3449	0.0	4.7	0.674
3450	0.0	4.7	0.836
3451	0.0	4.7	0.933
3452	0.0	4.6	1.155
3453	0.0	4.6	1.186
3454	0.0	4.6	1.106
3455	0.0	4.6	0.666
3456	0.0	4.6	0.417
3457	0.0	4.6	0.289
3458	0.0	4.6	0.156
3459	0.0	4.6	0.061
3460	0.0	4.6	0.044
3461	0.0	4.6	0.133
3462	0.0	4.6	0.333
3463	0.0	4.6	0.900
3464	0.0	4.6	0.963
3465	0.0	4.6	0.967
3466	0.0	4.6	1.013
3467	0.0	4.6	0.967
3468	0.0	4.6	0.938
3469	0.0	4.6	0.868
3470	0.0	4.6	0.763
3471	0.0	4.6	0.695
3472	0.0	4.6	0.649
3473	0.0	4.6	0.674
3474	0.0	4.6	0.836
3475	0.0	4.6	0.933
3476	0.0	4.6	1.155
3477	0.0	4.6	1.186
3478	0.0	4.6	1.106
3479	0.0	4.6	0.666
3480	0.0	4.6	0.417
3481	0.0	4.6	0.289
3482	0.0	4.6	0.156
3483	0.0	4.6	0.061
3484	0.0	4.6	0.044
3485	0.0	4.6	0.133
3486	0.0	4.6	0.333
3487	0.0	4.6	0.900
3488	0.0	4.6	0.963
3489	0.0	4.5	0.967
3490	0.0	4.5	1.013
3491	0.0	4.5	0.967
3492	0.0	4.5	0.938
3493	0.0	4.5	0.868
3494	0.0	4.5	0.763
3495	0.0	4.5	0.695
3496	0.0	4.5	0.649
3497	0.0	4.5	0.674
3498	0.0	4.5	0.836
3499	0.0	4.5	0.933
3500	0.0	4.5	1.155
3501	0.0	4.5	1.186
3502	0.0	4.5	1.106
3503	0.0	4.5	0.666
3504	0.0	4.5	0.417
3505	0.0	4.5	0.289
3506	0.0	4.5	0.156
3507	0.0	4.5	0.061
3508	0.0	4.5	0.044
3509	0.0	4.5	0.133
3510	0.0	4.5	0.333
3511	0.0	4.5	0.900
3512	0.0	4.5	0.963
3513	0.0	4.5	0.967
3514	0.0	4.5	1.013
3515	0.0	4.5	0.967
3516	0.0	4.5	0.938
3517	0.0	4.5	0.868
3518	0.0	4.5	0.763
3519	0.0	4.5	0.695
3520	0.0	4.5	0.649
3521	0.0	4.5	0.674
3522	0.0	4.5	0.836
3523	0.0	4.5	0.933
3524	0.0	4.5	1.155
3525	0.0	4.5	1.186
3526	0.0	4.5	1.106
3527	0.0	4.5	0.666
3528	0.0	4.5	0.417
3529	0.0	4.5	0.289
3530	0.0	4.5	0.156
3531	0.0	4.5	0.061
3532	0.0	4.4	0.044
3533	0.0	4.4	0.133
3534	0.0	4.4	0.333
3535	0.0	4.4	0.900
3536	0.0	4.4	0.963
3537	0.0	4.4	0.967
3538	0.0	4.4	1.013
3539	0.0	4.4	0.967
3540	0.0	4.4	0.938
3541	0.0	4.4	0.868
3542	0.0	4.4	0.763
3543	0.0	4.4	0.695
3544	0.0	4.4	0.649
3545	0.0	4.4	0.674
3546	0.0	4.4	0.836
3547	0.0	4.4	0.933
3548	0.0	4.4	1.155
3549	0.0	4.4	1.186
3550	0.0	4.4	1.106
3551	0.0	4.4	0.666
3552	0.0	4.4	0.417
3553	0.0	4.4	0.289
3554	0.0	4.4	0.156
3555	0.0	4.4	0.061
3556	0.0	4.4	0.044
3557	0.0	4.4	0.133
3558	0.0	4.4	0.333
3559	0.0	4.4	0.900
3560	0.0	4.4	0.963
3561	0.0	4.4	0.967
3562	0.0	4.4	1.013
3563	0.0	4.4	0.967
3564	0.0	4.4	0.938
3565	0.0	4.3	0.868
3566	0.0	4.3	0.763
3567	0.0	4.3	0.695
3568	0.0	4.3	0.649
3569	0.0	4.3	0.674
3570	0.0	4.3	0.836
3571	0.0	4.3	0.933
3572	0.0	4.3	1.155
3573	0.0	4.3	1.186
3574	0.0	4.3	1.106
3575	0.0	4.3	0.666
3576	0.0	4.3	0.417
3577	0.0	4.3	0.289
3578	0.0	4.3	0.156
3579	0.0	4.3	0.061
3580	0.0	4.3	0.044
3581	0.0	4.3	0.133
3582	0.0	4.3	0.333
3583	0.0	4.3	0.900
3584	0.0	4.3	0.963
3585	0.0	4.3	0.967
3586	0.0	4.3	1.013
3587	0.0	4.3	0.967
3588	0.0	4.3	0.938
3589	0.0	4.3	0.868
3590	0.0	4.3	0.763
3591	0.0	4.3	0.695
3592	0.0	4.3	0.649
3593	0.0	4.2	0.674
3594	0.0	4.2	0.836
3595	0.0	4.2	0.933
3596	0.0	4.2	1.155
3597	0.0	4.2	1.186
3598	0.0	4.2	1.106
3599	0.0	4.2	0.666
3600	0.0	4.2	0.417
3601	0.0	4.2	0.289
3602	0.0	4.2	0.156
3603	0.0	4.2	0.061
3604	0.0	4.2	0.044
3605	0.0	4.2	0.133
3606	0.0	4.2	0.333
3607	0.0	4.2	0.900
3608	0.0	4.2	0.963
3609	0.0	4.2	0.967
3610	0.0	4.2	1.013
3611	0.0	4.2	0.967
3612	0.0	4.2	0.938
3613	0.0	4.2	0.868
3614	0.0	4.2	0.763
3615	0.0	4.2	0.695
3616	0.0	4.2	0.649
3617	0.0	4.2	0.674
3618	0.0	4.2	0.836
3619	0.0	4.2	0.933
3620	0.0	4.2	1.155
3621	0.0	4.2	1.186
3622	0.0	4.2	1.106
3623	0.0	4.2	0.666
3624	0.0	4.2	0.417
3625	0.0	4.1	0.289
3626	0.0	4.1	0.156
3627	0.0	4.1	0.061
3628	0.0	4.1	0.044
3629	0.0	4.1	0.133
3630	0.0	4.1	0.333
3631	0.0	4.1	0.900
3632	0.0	4.1	0.963
3633	0.0	4.1	0.967
3634	0.0	4.1	1.013
3635	0.0	4.1	0.967
3636	0.0	4.1	0.938
3637	0.0	4.1	0.868
3638	0.0	4.1	0.763
3639	0.0	4.1	0.695
3640	0.0	4.1	0.649
3641	0.0	4.1	0.674
3642	0.0	4.1	0.836
3643	0.0	4.1	0.933
3644	0.0	4.1	1.155
3645	0.0	4.1	1.186
3646	0.0	4.1	1.106
3647	0.0	4.1	0.666
3648	0.0	4.1	0.417
3649	0.0	4.1	0.289
3650	0.0	4.1	0.156
3651	0.0	4.1	0.061
3652	0.0	4.1	0.044
3653	0.0	4.1	0.133
3654	0.0	4.1	0.333
3655	0.0	4.0	0.900
3656	0.0	4.0	0.963
3657	0.0	4.0	0.967
3658	0.0	4.0	1.013
3659	0.0	4.0	0.967
3660	0.0	4.0	0.938
3661	0.0	4.0	0.868
3662	0.0	4.0	0.763
3663	0.0	4.0	0.695
3664	0.0	4.0	0.649
3665	0.0	4.0	0.674
3666	0.0	4.0	0.836
3667	0.0	4.0	0.933
3668	0.0	4.0	1.155
3669	0.0	4.0	1.186
3670	0.0	4.0	1.106
3671	0.0	4.0	0.666
3672	0.0	4.0	0.417
3673	0.0	4.0	0.289
3674	0.0	4.0	0.156
3675	0.0	4.0	0.061
3676	0.0	4.0	0.044
3677	0.0	4.0	0.133
3678	0.0	4.0	0.333
3679	0.0	4.0	0.900
3680	0.0	4.0	0.963
3681	0.0	4.0	0.967
3682	0.0	4.0	1.013
3683	0.0	4.0	0.967
3684	0.0	4.0	0.938
3685	0.0	4.0	0.868
3686	0.0	4.0	0.763
3687	0.0	3.9	0.695
3688	0.0	3.9	0.649
3689	0.0	3.9	0.674
3690	0.0	3.9	0.836
3691	0.0	3.9	0.933
3692	0.0	3.9	1.155
3693	0.0	3.9	1.186
3694	0.0	3.9	1.106
3695	0.0	3.9	0.666
3696	0.0	3.9	0.417
3697	0.0	3.9	0.289
3698	0.0	3.9	0.156
3699	0.0	3.9	0.061
3700	0.0	3.9	0.044
3701	0.0	3.9	0.133
3702	0.0	3.9	0.333
3703	0.0	3.9	0.900
3704	0.0	3.9	0.963
3705	0.0	3.9	0.967
3706	0.0	3.9	1.013
3707	0.0	3.9	0.967
3708	0.0	3.9	0.938
3709	0.0	3.9	0.868
3710	0.0	3.9	0.763
3711	0.0	3.9	0.695
3712	0.0	3.9	0.649
3713	0.0	3.9	0.674
3714	0.0	3.9	0.836
3715	0.0	3.9	0.933
3716	0.0	3.9	1.155
3717	0.0	3.9	1.186
3718	0.0	3.9	1.106
3719	0.0	3.9	0.666
3720	0.0	3.9	0.417
3721	0.0	3.9	0.289
3722	0.0	3.9	0.156
3723	0.0	3.9	0.061
3724	0.0	3.9	0.044
3725	0.0	3.9	0.133
3726	0.0	3.8	0.333
3727	0.0	3.8	0.900
3728	0.0	3.8	0.963
3729	0.0	3.8	0.967
3730	0.0	3.8	1.013
3731	0.0	3.8	0.967
3732	0.0	3.8	0.938
3733	0.0	3.8	0.868
3734	0.0	3.8	0.763
3735	0.0	3.8	0.695
3736	0.0	3.8	0.649
3737	0.0	3.8	0.674
3738	0.0	3.8	0.836
3739	0.0	3.8	0.933
3740	0.0	3.8	1.155
3741	0.0	3.8	1.186
3742	0.0	3.8	1.106
3743	0.0	3.8	0.666
3744	0.0	3.8	0.417
3745	0.0	3.8	0.289
3746	0.0	3.8	0.156
3747	0.0	3.8	0.061
3748	0.0	3.8	0.044
3749	0.0	3.8	0.133
3750	0.0	3.8	0.333
3751	0.0	3.8	0.900
3752	0.0	3.8	0.963
3753	0.0	3.8	0.967
3754	0.0	3.8	1.013
3755	0.0	3.8	0.967
3756	0.0	3.8	0.938
3757	0.0	3.8	0.868
3758	0.0	3.8	0.763
3759	0.0	3.8	0.695
3760	0.0	3.8	0.649
3761	0.0	3.8	0.674
3762	0.0	3.8	0.836
3763	0.0	3.8	0.933
3764	0.0	3.8	1.155
3765	0.0	3.7	1.186
3766	0.0	3.7	1.106
3767	0.0	3.7	0.666
3768	0.0	3.7	0.417
3769	0.0	3.7	0.289
3770	0.0	3.7	0.156
3771	0.0	3.7	0.061
3772	0.0	3.7	0.044
3773	0.0	3.7	0.133
3774	0.0	3.7	0.333
3775	0.0	3.7	0.900
3776	0.0	3.7	0.963
3777	0.0	3.7	0.967
3778	0.0	3.7	1.013
3779	0.0	3.7	0.967
3780	0.0	3.7	0.938
3781	0.0	3.7	0.868
3782	0.0	3.7	0.763
3783	0.0	3.7	0.695
3784	0.0	3.7	0.649
3785	0.0	3.7	0.674
3786	0.0	3.7	0.836
3787	0.0	3.7	0.933
3788	0.0	3.7	1.155
3789	0.0	3.7	1.186
3790	0.0	3.7	1.106
3791	0.0	3.7	0.666
3792	0.0	3.7	0.417
3793	0.0	3.7	0.289
3794	0.0	3.7	0.156
3795	0.0	3.7	0.061
3796	0.0	3.7	0.044
3797	0.0	3.7	0.133
3798	0.0	3.7	0.333
3799	0.0	3.7	0.900
3800	0.0	3.7	0.963
3801	0.0	3.7	0.967
3802	0.0	3.7	1.013
3803	0.0	3.7	0.967
3804	0.0	3.7	0.938
3805	0.0	3.7	0.868
3806	0.0	3.7	0.763
3807	0.0	3.7	0.695
3808	0.0	3.7	0.649
3809	0.0	3.7	0.674
3810	0.0	3.7	0.836
3811	0.0	3.7	0.933
3812	0.0	3.7	1.155
3813	0.0	3.7	1.186
3814	0.0	3.6	1.106
3815	0.0	3.6	0.666
3816	0.0	3.6	0.417
3817	0.0	3.6	0.289
3818	0.0	3.6	0.156
3819	0.0	3.6	0.061
3820	0.0	3.6	0.044
3821	0.0	3.6	0.133
3822	0.0	3.6	0.333
3823	0.0	3.6	0.900
3824	0.0	3.6	0.963
3825	0.0	3.6	0.967
3826	0.0	3.6	1.013
3827	0.0	3.6	0.967
3828	0.0	3.6	0.938
3829	0.0	3.6	0.868
3830	0.0	3.6	0.763
3831	0.0	3.6	0.695
3832	0.0	3.6	0.649
3833	0.0	3.6	0.674
3834	0.0	3.6	0.836
3835	0.0	3.6	0.933
3836	0.0	3.6	1.155
3837	0.0	3.6	1.186
3838	0.0	3.6	1.106
3839	0.0	3.6	0.666
3840	0.0	3.6	0.417
3841	0.0	3.6	0.289
3842	0.0	3.6	0.156
3843	0.0	3.6	0.061
3844	0.0	3.6	0.044
3845	0.0	3.6	0.133
3846	0.0	3.6	0.333
3847	0.0	3.6	0.900
3848	0.0	3.6	0.963
3849	0.0	3.6	0.967
3850	0.0	3.6	1.013
3851	0.0	3.6	0.967
3852	0.0	3.6	0.938
3853	0.0	3.6	0.868
3854	0.0	3.6	0.763
3855	0.0	3.6	0.695
3856	0.0	3.5	0.649
3857	0.0	3.5	0.674
3858	0.0	3.5	0.836
3859	0.0	3.5	0.933
3860	0.0	3.5	1.155
3861	0.0	3.5	1.186
3862	0.0	3.5	1.106
3863	0.0	3.5	0.666
3864	0.0	3.5	0.417
3865	0.0	3.5	0.289
3866	0.0	3.5	0.156
3867	0.0	3.5	0.061
3868	0.0	3.5	0.044
3869	0.0	3.5	0.133
3870	0.0	3.5	0.333
3871	0.0	3.5	0.900
3872	0.0	3.5	0.963
3873	0.0	3.5	0.967
3874	0.0	3.5	1.013
3875	0.0	3.5	0.967
3876	0.0	3.5	0.938
3877	0.0	3.5	0.868
3878	0.0	3.5	0.763
3879	0.0	3.5	0.695
3880	0.0	3.5	0.649
3881	0.0	3.5	0.674
3882	0.0	3.5	0.836
3883	0.0	3.5	0.933
3884	0.0	3.5	1.155
3885	0.0	3.5	1.186
3886	0.0	3.5	1.106
3887	0.0	3.5	0.666
3888	0.0	3.5	0.417
3889	0.0	3.5	0.289
3890	0.0	3.5	0.156
3891	0.0	3.5	0.061
3892	0.0	3.5	0.044
3893	0.0	3.5	0.133
3894	0.0	3.5	0.333
3895	0.0	3.5	0.900
3896	0.0	3.5	0.963
3897	0.0	3.5	0.967
3898	0.0	3.5	1.013
3899	0.0	3.5	0.967
3900	0.0	3.5	0.938
3901	0.0	3.4	0.868
3902	0.0	3.4	0.763
3903	0.0	3.4	0.695
3904	0.0	3.4	0.649
3905	0.0	3.4	0.674
3906	0.0	3.4	0.836
3907	0.0	3.4	0.933
3908	0.0	3.4	1.155
3909	0.0	3.4	1.186
3910	0.0	3.4	1.106
3911	0.0	3.4	0.666
3912	0.0	3.4	0.417
3913	0.0	3.4	0.289
3914	0.0	3.4	0.156
3915	0.0	3.4	0.061
3916	0.0	3.4	0.044
3917	0.0	3.4	0.133
3918	0.0	3.4	0.333
3919	0.0	3.4	0.900
3920	0.0	3.4	0.963
3921	0.0	3.4	0.967
3922	0.0	3.4	1.013
3923	0.0	3.4	0.967
3924	0.0	3.4	0.938
3925	0.0	3.4	0.868
3926	0.0	3.4	0.763
3927	0.0	3.4	0.695
3928	0.0	3.4	0.649
3929	0.0	3.4	0.674
3930	0.0	3.4	0.836
3931	0.0	3.4	0.933
3932	0.0	3.4	1.155
3933	0.0	3.4	1.186
3934	0.0	3.4	1.106
3935	0.0	3.4	0.666
3936	0.0	3.4	0.417
3937	0.0	3.4	0.289
3938	0.0	3.4	0.156
3939	0.0	3.4	0.061
3940	0.0	3.4	0.044
3941	0.0	3.4	0.133
3942	0.0	3.4	0.333
3943	0.0	3.4	0.900
3944	0.0	3.4	0.963
3945	0.0	3.4	0.967
3946	0.0	3.4	1.013
3947	0.0	3.4	0.967
3948	0.0	3.4	0.938
3949	0.0	3.4	0.868
3950	0.0	3.4	0.763
3951	0.0	3.4	0.695
3952	0.0	3.4	0.649
3953	0.0	3.4	0.674
3954	0.0	3.4	0.836
3955	0.0	3.4	0.933
3956	0.0	3.4	1.155
3957	0.0	3.4	1.186
3958	0.0	3.4	1.106
3959	0.0	3.4	0.666
3960	0.0	3.4	0.417
3961	0.0	3.4	0.289
3962	0.0	3.4	0.156
3963	0.0	3.3	0.061
3964	0.0	3.3	0.044
3965	0.0	3.3	0.133
3966	0.0	3.3	0.333
3967	0.0	3.3	0.900
3968	0.0	3.3	0.963
3969	0.0	3.3	0.967
3970	0.0	3.3	1.013
3971	0.0	3.3	0.967
3972	0.0	3.3	0.938
3973	0.0	3.3	0.868
3974	0.0	3.3	0.763
3975	0.0	3.3	0.695
3976	0.0	3.3	0.649
3977	0.0	3.3	0.674
3978	0.0	3.3	0.836
3979	0.0	3.3	0.933
3980	0.0	3.3	1.155
3981	0.0	3.3	1.186
3982	0.0	3.3	1.106
3983	0.0	3.3	0.666
3984	0.0	3.3	0.417
3985	0.0	3.3	0.289
3986	0.0	3.3	0.156
3987	0.0	3.3	0.061
3988	0.0	3.3	0.044
3989	0.0	3.3	0.133
3990	0.0	3.3	0.333
3991	0.0	3.3	0.900
3992	0.0	3.3	0.963
3993	0.0	3.3	0.967
3994	0.0	3.3	1.013
3995	0.0	3.3	0.967
3996	0.0	3.3	0.938
3997	0.0	3.3	0.868
3998	0.0	3.3	0.763
3999	0.0	3.3	0.695
4000	0.0	3.3	0.649
4001	0.0	3.3	0.674
4002	0.0	3.3	0.836
4003	0.0	3.3	0.933
4004	0.0	3.3	1.155
4005	0.0	3.3	1.186
4006	0.0	3.3	1.106
4007	0.0	3.3	0.666
4008	0.0	3.3	0.417
4009	0.0	3.3	0.289
4010	0.0	3.3	0.156
4011	0.0	3.3	0.061
4012	0.0	3.3	0.044
4013	0.0	3.3	0.133
4014	0.0	3.3	0.333
4015	0.0	3.3	0.900
4016	0.0	3.2	0.963
4017	0.0	3.2	0.967
4018	0.0	3.2	1.013
4019	0.0	3.2	0.967
4020	0.0	3.2	0.938
4021	0.0	3.2	0.868
4022	0.0	3.2	0.763
4023	0.0	3.2	0.695
4024	0.0	3.2	0.649
4025	0.0	3.2	0.674
4026	0.0	3.2	0.836
4027	0.0	3.2	0.933
4028	0.0	3.2	1.155
4029	0.0	3.2	1.186
4030	0.0	3.2	1.106
4031	0.0	3.2	0.666
4032	0.0	3.2	0.417
4033	0.0	3.2	0.289
4034	0.0	3.2	0.156
4035	0.0	3.2	0.061
4036	0.0	3.2	0.044
4037	0.0	3.2	0.133
4038	0.0	3.2	0.333
4039	0.0	3.2	0.900
4040	0.0	3.2	0.963
4041	0.0	3.2	0.967
4042	0.0	3.2	1.013
4043	0.0	3.2	0.967
4044	0.0	3.2	0.938
4045	0.0	3.2	0.868
4046	0.0	3.2	0.763
4047	0.0	3.2	0.695
4048	0.0	3.2	0.649
4049	0.0	3.2	0.674
4050	0.0	3.2	0.836
4051	0.0	3.2	0.933
4052	0.0	3.2	1.155
4053	0.0	3.2	1.186
4054	0.0	3.2	1.106
4055	0.0	3.2	0.666
4056	0.0	3.2	0.417
4057	0.0	3.2	0.289
4058	0.0	3.2	0.156
4059	0.0	3.2	0.061
4060	0.0	3.2	0.044
4061	0.0	3.2	0.133
4062	0.0	3.2	0.333
4063	0.0	3.2	0.900
4064	0.0	3.2	0.963
4065	0.0	3.2	0.967
4066	0.0	3.2	1.013
4067	0.0	3.2	0.967
4068	0.0	3.2	0.938
4069	0.0	3.2	0.868
4070	0.0	3.2	0.763
4071	0.0	3.2	0.695
4072	0.0	3.2	0.649
4073	0.0	3.2	0.674
4074	0.0	3.2	0.836
4075	0.0	3.2	0.933
4076	0.0	3.2	1.155
4077	0.0	3.2	1.186
4078	0.0	3.2	1.106
4079	0.0	3.1	0.666
4080	0.0	3.1	0.417
4081	0.0	3.1	0.289
4082	0.0	3.1	0.156
4083	0.0	3.1	0.061
4084	0.0	3.1	0.044
4085	0.0	3.1	0.133
4086	0.0	3.1	0.333
4087	0.0	3.1	0.900
4088	0.0	3.1	0.963
4089	0.0	3.1	0.967
4090	0.0	3.1	1.013
4091	0.0	3.1	0.967
4092	0.0	3.1	0.938
4093	0.0	3.1	0.868
4094	0.0	3.1	0.763
4095	0.0	3.1	0.695
4096	0.0	3.1	0.649
4097	0.0	3.1	0.674
4098	0.0	3.1	0.836
4099	0.0	3.1	0.933
4100	0.0	3.1	1.155
4101	0.0	3.1	1.186
4102	0.0	3.1	1.106
4103	0.0	3.1	0.666
4104	0.0	3.1	0.417
4105	0.0	3.1	0.289
4106	0.0	3.1	0.156
4107	0.0	3.1	0.061
4108	0.0	3.1	0.044
4109	0.0	3.1	0.133
4110	0.0	3.1	0.333
4111	0.0	3.1	0.900
4112	0.0	3.1	0.963
4113	0.0	3.1	0.967
4114	0.0	3.1	1.013
4115	0.0	3.1	0.967
4116	0.0	3.1	0.938
4117	0.0	3.1	0.868
4118	0.0	3.1	0.763
4119	0.0	3.1	0.695
4120	0.0	3.1	0.649
4121	0.0	3.1	0.674
4122	0.0	3.1	0.836
4123	0.0	3.1	0.933
4124	0.0	3.1	1.155
4125	0.0	3.1	1.186
4126	0.0	3.1	1.106
4127	0.0	3.1	0.666
4128	0.0	3.1	0.417
4129	0.0	3.1	0.289
4130	0.0	3.1	0.156
4131	0.0	3.1	0.061
4132	0.0	3.1	0.044
4133	0.0	3.1	0.133
4134	0.0	3.1	0.333
4135	0.0	3.1	0.900
4136	0.0	3.1	0.963
4137	0.0	3.0	0.967
4138	0.0	3.0	1.013
4139	0.0	3.0	0.967
4140	0.0	3.0	0.938
4141	0.0	3.0	0.868
4142	0.0	3.0	0.763
4143	0.0	3.0	0.695
4144	0.0	3.0	0.649
4145	0.0	3.0	0.674
4146	0.0	3.0	0.836
4147	0.0	3.0	0.933
4148	0.0	3.0	1.155
4149	0.0	3.0	1.186
4150	0.0	3.0	1.106
4151	0.0	3.0	0.666
4152	0.0	3.0	0.417
4153	0.0	3.0	0.289
4154	0.0	3.0	0.156
4155	0.0	3.0	0.061
4156	0.0	3.0	0.044
4157	0.0	3.0	0.133
4158	0.0	3.0	0.333
4159	0.0	3.0	0.900
4160	0.0	3.0	0.963
4161	0.0	3.0	0.967
4162	0.0	3.0	1.013
4163	0.0	3.0	0.967
4164	0.0	3.0	0.938
4165	0.0	3.0	0.868
4166	0.0	3.0	0.763
4167	0.0	3.0	0.695
4168	0.0	3.0	0.649
4169	0.0	3.0	0.674
4170	0.0	3.0	0.836
4171	0.0	3.0	0.933
4172	0.0	3.0	1.155
4173	0.0	3.0	1.186
4174	0.0	3.0	1.106
4175	0.0	3.0	0.666
4176	0.0	3.0	0.417
4177	0.0	3.0	0.289
4178	0.0	3.0	0.156
4179	0.0	3.0	0.061
4180	0.0	3.0	0.044
4181	0.0	3.0	0.133
4182	0.0	3.0	0.333
4183	0.0	3.0	0.900
4184	0.0	3.0	0.963
4185	0.0	3.0	0.967
4186	0.0	2.9	1.013
4187	0.0	2.9	0.967
4188	0.0	2.9	0.938
4189	0.0	2.9	0.868
4190	0.0	2.9	0.763
4191	0.0	2.9	0.695
4192	0.0	2.9	0.649
4193	0.0	2.9	0.674
4194	0.0	2.9	0.836
4195	0.0	2.9	0.933
4196	0.0	2.9	1.155
4197	0.0	2.9	1.186
4198	0.0	2.9	1.106
4199	0.0	2.9	0.666
4200	0.0	2.9	0.417
4201	0.0	2.9	0.289
4202	0.0	2.9	0.156
4203	0.0	2.9	0.061
4204	0.0	2.9	0.044
4205	0.0	2.9	0.133
4206	0.0	2.9	0.333
4207	0.0	2.9	0.900
4208	0.0	2.9	0.963
4209	0.0	2.9	0.967
4210	0.0	2.9	1.013
4211	0.0	2.9	0.967
4212	0.0	2.9	0.938
4213	0.0	2.9	0.868
4214	0.0	2.9	0.763
4215	0.0	2.9	0.695
4216	0.0	2.9	0.649
4217	0.0	2.9	0.674
4218	0.0	2.9	0.836
4219	0.0	2.9	0.933
4220	0.0	2.9	1.155
4221	0.0	2.9	1.186
4222	0.0	2.9	1.106
4223	0.0	2.9	0.666
4224	0.0	2.9	0.417
4225	0.0	2.9	0.289
4226	0.0	2.9	0.156
4227	0.0	2.9	0.061
4228	0.0	2.9	0.044
4229	0.0	2.9	0.133
4230	0.0	2.9	0.333
4231	0.0	2.9	0.900
4232	0.0	2.9	0.963
4233	0.0	2.9	0.967
4234	0.0	2.9	1.013
4235	0.0	2.9	0.967
4236	0.0	2.9	0.938
4237	0.0	2.9	0.868
4238	0.0	2.9	0.763
4239	0.0	2.8	0.695
4240	0.0	2.8	0.649
4241	0.0	2.8	0.674
4242	0.0	2.8	0.836
4243	0.0	2.8	0.933
4244	0.0	2.8	1.155
4245	0.0	2.8	1.186
4246	0.0	2.8	1.106
4247	0.0	2.8	0.666
4248	0.0	2.8	0.417
4249	0.0	2.8	0.289
4250	0.0	2.8	0.156
4251	0.0	2.8	0.061
4252	0.0	2.8	0.044
4253	0.0	2.8	0.133
4254	0.0	2.8	0.333
4255	0.0	2.8	0.900
4256	0.0	2.8	0.963
4257	0.0	2.8	0.967
4258	0.0	2.8	1.013
4259	0.0	2.8	0.967
4260	0.0	2.8	0.938
4261	0.0	2.8	0.868
4262	0.0	2.8	0.763
4263	0.0	2.8	0.695
4264	0.0	2.8	0.649
4265	0.0	2.8	0.674
4266	0.0	2.8	0.836
4267	0.0	2.8	0.933
4268	0.0	2.8	1.155
4269	0.0	2.8	1.186
4270	0.0	2.8	1.106
4271	0.0	2.8	0.666
4272	0.0	2.8	0.417
4273	0.0	2.8	0.289
4274	0.0	2.8	0.156
4275	0.0	2.8	0.061
4276	0.0	2.8	0.044
4277	0.0	2.8	0.133
4278	0.0	2.8	0.333
4279	0.0	2.8	0.900
4280	0.0	2.8	0.963
4281	0.0	2.8	0.967
4282	0.0	2.8	1.013
4283	0.0	2.8	0.967
4284	0.0	2.8	0.938
4285	0.0	2.8	0.868
4286	0.0	2.8	0.763
4287	0.0	2.8	0.695
4288	0.0	2.8	0.649
4289	0.0	2.8	0.674
4290	0.0	2.8	0.836
4291	0.0	2.8	0.933
4292	0.0	2.8	1.155
4293	0.0	2.8	1.186
4294	0.0	2.8	1.106
4295	0.0	2.8	0.666
4296	0.0	2.8	0.417
4297	0.0	2.8	0.289
4298	0.0	2.8	0.156
4299	0.0	2.8	0.061
4300	0.0	2.8	0.044
4301	0.0	2.8	0.133
4302	0.0	2.8	0.333
4303	0.0	2.7	0.900
4304	0.0	2.7	0.963
4305	0.0	2.7	0.967
4306	0.0	2.7	1.013
4307	0.0	2.7	0.967
4308	0.0	2.7	0.938
4309	0.0	2.7	0.868
4310	0.0	2.7	0.763
4311	0.0	2.7	0.695
4312	0.0	2.7	0.649
4313	0.0	2.7	0.674
4314	0.0	2.7	0.836
4315	0.0	2.7	0.933
4316	0.0	2.7	1.155
4317	0.0	2.7	1.186
4318	0.0	2.7	1.106
4319	0.0	2.7	0.666
4320	0.0	2.7	0.417
4321	0.0	2.7	0.289
4322	0.0	2.7	0.156
4323	0.0	2.7	0.061
4324	0.0	2.7	0.044
4325	0.0	2.7	0.133
4326	0.0	2.7	0.333
4327	0.0	2.7	0.900
4328	0.0	2.7	0.963
4329	0.0	2.7	0.967
4330	0.0	2.7	1.013
4331	0.0	2.7	0.967
4332	0.0	2.7	0.938
4333	0.0	2.7	0.868
4334	0.0	2.7	0.763
4335	0.0	2.7	0.695
4336	0.0	2.7	0.649
4337	0.0	2.7	0.674
4338	0.0	2.7	0.836
4339	0.0	2.6	0.933
4340	0.0	2.6	1.155
4341	0.0	2.6	1.186
4342	0.0	2.6	1.106
4343	0.0	2.6	0.666
4344	0.0	2.6	0.417
4345	0.0	2.6	0.289
4346	0.0	2.6	0.156
4347	0.0	2.6	0.061
4348	0.0	2.6	0.044
4349	0.0	2.6	0.133
4350	0.0	2.6	0.333
4351	0.0	2.6	0.900
4352	0.0	2.6	0.963
4353	0.0	2.6	0.967
4354	0.0	2.6	1.013
4355	0.0	2.6	0.967
4356	0.0	2.6	0.938
4357	0.0	2.6	0.868
4358	0.0	2.6	0.763
4359	0.0	2.6	0.695
4360	0.0	2.6	0.649
4361	0.0	2.6	0.674
4362	0.0	2.6	0.836
4363	0.0	2.6	0.933
4364	0.0	2.6	1.155
4365	0.0	2.6	1.186
4366	0.0	2.6	1.106
4367	0.0	2.6	0.666
4368	0.0	2.6	0.417
4369	0.0	2.6	0.289
4370	0.0	2.6	0.156
4371	0.0	2.6	0.061
4372	0.0	2.6	0.044
4373	0.0	2.6	0.133
4374	0.0	2.6	0.333
4375	0.0	2.6	0.900
4376	0.0	2.6	0.963
4377	0.0	2.6	0.967
4378	0.0	2.6	1.013
4379	0.0	2.6	0.967
4380	0.0	2.6	0.938
4381	0.0	2.6	0.868
4382	0.0	2.6	0.763
4383	0.0	2.6	0.695
4384	0.0	2.6	0.649
4385	0.0	2.6	0.674
4386	0.0	2.6	0.836
4387	0.0	2.6	0.933
4388	0.0	2.6	1.155
4389	0.0	2.6	1.186
4390	0.0	2.6	1.106
4391	0.0	2.6	0.666
4392	0.0	2.5	0.417
4393	0.0	2.5	0.289
4394	0.0	2.5	0.156
4395	0.0	2.5	0.061
4396	0.0	2.5	0.044
4397	0.0	2.5	0.133
4398	0.0	2.5	0.333
4399	0.0	2.5	0.900
4400	0.0	2.5	0.963
4401	0.0	2.5	0.967
4402	0.0	2.5	1.013
4403	0.0	2.5	0.967
4404	0.0	2.5	0.938
4405	0.0	2.5	0.868
4406	0.0	2.5	0.763
4407	0.0	2.5	0.695
4408	0.0	2.5	0.649
4409	0.0	2.5	0.674
4410	0.0	2.5	0.836
4411	0.0	2.5	0.933
4412	0.0	2.5	1.155
4413	0.0	2.5	1.186
4414	0.0	2.5	1.106
4415	0.0	2.5	0.666
4416	0.0	2.5	0.417
4417	0.0	2.5	0.289
4418	0.0	2.5	0.156
4419	0.0	2.5	0.061
4420	0.0	2.5	0.044
4421	0.0	2.5	0.133
4422	0.0	2.5	0.333
4423	0.0	2.5	0.900
4424	0.0	2.5	0.963
4425	0.0	2.5	0.967
4426	0.0	2.5	1.013
4427	0.0	2.5	0.967
4428	0.0	2.5	0.938
4429	0.0	2.5	0.868
4430	0.0	2.5	0.763
4431	0.0	2.5	0.695
4432	0.0	2.5	0.649
4433	0.0	2.5	0.674
4434	0.0	2.5	0.836
4435	0.0	2.5	0.933
4436	0.0	2.5	1.155
4437	0.0	2.5	1.186
4438	0.0	2.5	1.106
4439	0.0	2.5	0.666
4440	0.0	2.5	0.417
4441	0.0	2.5	0.289
4442	0.0	2.4	0.156
4443	0.0	2.4	0.061
4444	0.0	2.4	0.044
4445	0.0	2.4	0.133
4446	0.0	2.4	0.333
4447	0.0	2.4	0.900
4448	0.0	2.4	0.963
4449	0.0	2.4	0.967
4450	0.0	2.4	1.013
4451	0.0	2.4	0.967
4452	0.0	2.4	0.938
4453	0.0	2.4	0.868
4454	0.0	2.4	0.763
4455	0.0	2.4	0.695
4456	0.0	2.4	0.649
4457	0.0	2.4	0.674
4458	0.0	2.4	0.836
4459	0.0	2.4	0.933
4460	0.0	2.4	1.155
4461	0.0	2.4	1.186
4462	0.0	2.4	1.106
4463	0.0	2.4	0.666
4464	0.0	2.4	0.417
4465	0.0	2.4	0.289
4466	0.0	2.4	0.156
4467	0.0	2.4	0.061
4468	0.0	2.4	0.044
4469	0.0	2.4	0.133
4470	0.0	2.4	0.333
4471	0.0	2.4	0.900
4472	0.0	2.4	0.963
4473	0.0	2.4	0.967
4474	0.0	2.4	1.013
4475	0.0	2.4	0.967
4476	0.0	2.4	0.938
4477	0.0	2.4	0.868
4478	0.0	2.4	0.763
4479	0.0	2.4	0.695
4480	0.0	2.4	0.649
4481	0.0	2.4	0.674
4482	0.0	2.4	0.836
4483	0.0	2.4	0.933
4484	0.0	2.4	1.155
4485	0.0	2.3	1.186
4486	0.0	2.3	1.106
4487	0.0	2.3	0.666
4488	0.0	2.3	0.417
4489	0.0	2.3	0.289
4490	0.0	2.3	0.156
4491	0.0	2.3	0.061
4492	0.0	2.3	0.044
4493	0.0	2.3	0.133
4494	0.0	2.3	0.333
4495	0.0	2.3	0.900
4496	0.0	2.3	0.963
4497	0.0	2.3	0.967
4498	0.0	2.3	1.013
4499	0.0	2.3	0.967
4500	0.0	2.3	0.938
4501	0.0	2.3	0.868
4502	0.0	2.3	0.763
4503	0.0	2.3	0.695
4504	0.0	2.3	0.649
4505	0.0	2.3	0.674
4506	0.0	2.3	0.836
4507	0.0	2.3	0.933
4508	0.0	2.3	1.155
4509	0.0	2.3	1.186
4510	0.0	2.3	1.106
4511	0.0	2.3	0.666
4512	0.0	2.3	0.417
4513	0.0	2.3	0.289
4514	0.0	2.3	0.156
4515	0.0	2.2	0.061
4516	0.0	2.2	0.044
4517	0.0	2.2	0.133
4518	0.0	2.2	0.333
4519	0.0	2.2	0.900
4520	0.0	2.2	0.963
4521	0.0	2.2	0.967
4522	0.0	2.2	1.013
4523	0.0	2.2	0.967
4524	0.0	2.2	0.938
4525	0.0	2.2	0.868
4526	0.0	2.2	0.763
4527	0.0	2.2	0.695
4528	0.0	2.2	0.649
4529	0.0	2.2	0.674
4530	0.0	2.2	0.836
4531	0.0	2.2	0.933
4532	0.0	2.2	1.155
4533	0.0	2.2	1.186
4534	0.0	2.2	1.106
4535	0.0	2.2	0.666
4536	0.0	2.2	0.417
4537	0.0	2.2	0.289
4538	0.0	2.2	0.156
4539	0.0	2.2	0.061
4540	0.0	2.2	0.044
4541	0.0	2.2	0.133
4542	0.0	2.2	0.333
4543	0.0	2.2	0.900
4544	0.0	2.2	0.963
4545	0.0	2.2	0.967
4546	0.0	2.2	1.013
4547	0.0	2.2	0.967
4548	0.0	2.2	0.938
4549	0.0	2.2	0.868
4550	0.0	2.2	0.763
4551	0.0	2.2	0.695
4552	0.0	2.2	0.649
4553	0.0	2.2	0.674
4554	0.0	2.2	0.836
4555	0.0	2.2	0.933
4556	0.0	2.1	1.155
4557	0.0	2.1	1.186
4558	0.0	2.1	1.106
4559	0.0	2.1	0.666
4560	0.0	2.1	0.417
4561	0.0	2.1	0.289
4562	0.0	2.1	0.156
4563	0.0	2.1	0.061
4564	0.0	2.1	0.044
4565	0.0	2.1	0.133
4566	0.0	2.1	0.333
4567	0.0	2.1	0.900
4568	0.0	2.1	0.963
4569	0.0	2.1	0.967
4570	0.0	2.1	1.013
4571	0.0	2.1	0.967
4572	0.0	2.1	0.938
4573	0.0	2.1	0.868
4574	0.0	2.1	0.763
4575	0.0	2.1	0.695
4576	0.0	2.1	0.649
4577	0.0	2.1	0.674
4578	0.0	2.1	0.836
4579	0.0	2.1	0.933
4580	0.0	2.1	1.155
4581	0.0	2.1	1.186
4582	0.0	2.1	1.106
4583	0.0	2.1	0.666
4584	0.0	2.1	0.417
4585	0.0	2.1	0.289
4586	0.0	2.1	0.156
4587	0.0	2.1	0.061
4588	0.0	2.1	0.044
4589	0.0	2.1	0.133
4590	0.0	2.1	0.333
4591	0.0	2.1	0.900
4592	0.0	2.1	0.963
4593	0.0	2.1	0.967
4594	0.0	2.1	1.013
4595	0.0	2.1	0.967
4596	0.0	2.1	0.938
4597	0.0	2.1	0.868
4598	0.0	2.1	0.763
4599	0.0	2.1	0.695
4600	0.0	2.1	0.649
4601	0.0	2.1	0.674
4602	0.0	2.1	0.836
4603	0.0	2.1	0.933
4604	0.0	2.1	1.155
4605	0.0	2.0	1.186
4606	0.0	2.0	1.106
4607	0.0	2.0	0.666
4608	0.0	2.0	0.417
4609	0.0	2.0	0.289
4610	0.0	2.0	0.156
4611	0.0	2.0	0.061
4612	0.0	2.0	0.044
4613	0.0	2.0	0.133
4614	0.0	2.0	0.333
4615	0.0	2.0	0.900
4616	0.0	2.0	0.963
4617	0.0	2.0	0.967
4618	0.0	2.0	1.013
4619	0.0	2.0	0.967
4620	0.0	2.0	0.938
4621	0.0	2.0	0.868
4622	0.0	2.0	0.763
4623	0.0	2.0	0.695
4624	0.0	2.0	0.649
4625	0.0	2.0	0.674
4626	0.0	2.0	0.836
4627	0.0	2.0	0.933
4628	0.0	2.0	1.155
4629	0.0	2.0	1.186
4630	0.0	2.0	1.106
4631	0.0	2.0	0.666
4632	0.0	2.0	0.417
4633	0.0	2.0	0.289
4634	0.0	2.0	0.156
4635	0.0	2.0	0.061
4636	0.0	2.0	0.044
4637	0.0	2.0	0.133
4638	0.0	2.0	0.333
4639	0.0	2.0	0.900
4640	0.0	2.0	0.963
4641	0.0	2.0	0.967
4642	0.0	2.0	1.013
4643	0.0	2.0	0.967
4644	0.0	2.0	0.938
4645	0.0	2.0	0.868
4646	0.0	2.0	0.763
4647	0.0	2.0	0.695
4648	0.0	2.0	0.649
4649	0.0	2.0	0.674
4650	0.0	2.0	0.836
4651	0.0	2.0	0.933
4652	0.0	2.0	1.155
4653	0.0	2.0	1.186
4654	0.0	2.0	1.106
4655	0.0	2.0	0.666
4656	0.0	2.0	0.417
4657	0.0	2.0	0.289
4658	0.0	2.0	0.156
4659	0.0	2.0	0.061
4660	0.0	2.0	0.044
4661	0.0	2.0	0.133
4662	0.0	2.0	0.333
4663	0.0	2.0	0.900
4664	0.0	2.0	0.963
4665	0.0	2.0	0.967
4666	0.0	2.0	1.013
4667	0.0	2.0	0.967
4668	0.0	2.0	0.938
4669	0.0	2.0	0.868
4670	0.0	1.9	0.763
4671	0.0	1.9	0.695
4672	0.0	1.9	0.649
4673	0.0	1.9	0.674
4674	0.0	1.9	0.836
4675	0.0	1.9	0.933
4676	0.0	1.9	1.155
4677	0.0	1.9	1.186
4678	0.0	1.9	1.106
4679	0.0	1.9	0.666
4680	0.0	1.9	0.417
4681	0.0	1.9	0.289
4682	0.0	1.9	0.156
4683	0.0	1.9	0.061
4684	0.0	1.9	0.044
4685	0.0	1.9	0.133
4686	0.0	1.9	0.333
4687	0.0	1.9	0.900
4688	0.0	1.9	0.963
4689	0.0	1.9	0.967
4690	0.0	1.9	1.013
4691	0.0	1.9	0.967
4692	0.0	1.9	0.938
4693	0.0	1.9	0.868
4694	0.0	1.9	0.763
4695	0.0	1.9	0.695
4696	0.0	1.9	0.649
4697	0.0	1.9	0.674
4698	0.0	1.9	0.836
4699	0.0	1.9	0.933
4700	0.0	1.9	1.155
4701	0.0	1.9	1.186
4702	0.0	1.9	1.106
4703	0.0	1.9	0.666
4704	0.0	1.9	0.417
4705	0.0	1.9	0.289
4706	0.0	1.9	0.156
4707	0.0	1.9	0.061
4708	0.0	1.9	0.044
4709	0.0	1.9	0.133
4710	0.0	1.9	0.333
4711	0.0	1.9	0.900
4712	0.0	1.9	0.963
4713	0.0	1.8	0.967
4714	0.0	1.8	1.013
4715	0.0	1.8	0.967
4716	0.0	1.8	0.938
4717	0.0	1.8	0.868
4718	0.0	1.8	0.763
4719	0.0	1.8	0.695
4720	0.0	1.8	0.649
4721	0.0	1.8	0.674
4722	0.0	1.8	0.836
4723	0.0	1.8	0.933
4724	0.0	1.8	1.155
4725	0.0	1.8	1.186
4726	0.0	1.8	1.106
4727	0.0	1.8	0.666
4728	0.0	1.8	0.417
4729	0.0	1.8	0.289
4730	0.0	1.8	0.156
4731	0.0	1.8	0.061
4732	0.0	1.8	0.044
4733	0.0	1.8	0.133
4734	0.0	1.8	0.333
4735	0.0	1.8	0.900
4736	0.0	1.8	0.963
4737	0.0	1.8	0.967
4738	0.0	1.8	1.013
4739	0.0	1.8	0.967
4740	0.0	1.8	0.938
4741	0.0	1.8	0.868
4742	0.0	1.7	0.763
4743	0.0	1.7	0.695
4744	0.0	1.7	0.649
4745	0.0	1.7	0.674
4746	0.0	1.7	0.836
4747	0.0	1.7	0.933
4748	0.0	1.7	1.155
4749	0.0	1.7	1.186
4750	0.0	1.7	1.106
4751	0.0	1.7	0.666
4752	0.0	1.7	0.417
4753	0.0	1.7	0.289
4754	0.0	1.7	0.156
4755	0.0	1.7	0.061
4756	0.0	1.7	0.044
4757	0.0	1.7	0.133
4758	0.0	1.7	0.333
4759	0.0	1.7	0.900
4760	0.0	1.7	0.963
4761	0.0	1.7	0.967
4762	0.0	1.7	1.013
4763	0.0	1.7	0.967
4764	0.0	1.7	0.938
4765	0.0	1.7	0.868
4766	0.0	1.7	0.763
4767	0.0	1.7	0.695
4768	0.0	1.7	0.649
4769	0.0	1.7	0.674
4770	0.0	1.7	0.836
4771	0.0	1.7	0.933
4772	0.0	1.7	1.155
4773	0.0	1.7	1.186
4774	0.0	1.7	1.106
4775	0.0	1.7	0.666
4776	0.0	1.7	0.417
4777	0.0	1.6	0.289
4778	0.0	1.6	0.156
4779	0.0	1.6	0.061
4780	0.0	1.6	0.044
4781	0.0	1.6	0.133
4782	0.0	1.6	0.333
4783	0.0	1.6	0.900
4784	0.0	1.6	0.963
4785	0.0	1.6	0.967
4786	0.0	1.6	1.013
4787	0.0	1.6	0.967
4788	0.0	1.6	0.938
4789	0.0	1.6	0.868
4790	0.0	1.6	0.763
4791	0.0	1.6	0.695
4792	0.0	1.6	0.649
4793	0.0	1.6	0.674
4794	0.0	1.6	0.836
4795	0.0	1.6	0.933
4796	0.0	1.6	1.155
4797	0.0	1.6	1.186
4798	0.0	1.6	1.106
4799	0.0	1.6	0.666
4800	0.0	1.6	0.417
4801	0.0	1.6	0.289
4802	0.0	1.6	0.156
4803	0.0	1.6	0.061
4804	0.0	1.6	0.044
4805	0.0	1.5	0.133
4806	0.0	1.5	0.333
4807	0.0	1.5	0.900
4808	0.0	1.5	0.963
4809	0.0	1.5	0.967
4810	0.0	1.5	1.013
4811	0.0	1.5	0.967
4812	0.0	1.5	0.938
4813	0.0	1.5	0.868
4814	0.0	1.5	0.763
4815	0.0	1.5	0.695
4816	0.0	1.5	0.649
4817	0.0	1.5	0.674
4818	0.0	1.5	0.836
4819	0.0	1.5	0.933
4820	0.0	1.5	1.155
4821	0.0	1.5	1.186
4822	0.0	1.5	1.106
4823	0.0	1.5	0.666
4824	0.0	1.5	0.417
4825	0.0	1.5	0.289
4826	0.0	1.5	0.156
4827	0.0	1.5	0.061
4828	0.0	1.5	0.044
4829	0.0	1.5	0.133
4830	0.0	1.5	0.333
4831	0.0	1.5	0.900
4832	0.0	1.5	0.963
4833	0.0	1.5	0.967
4834	0.0	1.5	1.013
4835	0.0	1.5	0.967
4836	0.0	1.5	0.938
4837	0.0	1.4	0.868
4838	0.0	1.4	0.763
4839	0.0	1.4	0.695
4840	0.0	1.4	0.649
4841	0.0	1.4	0.674
4842	0.0	1.4	0.836
4843	0.0	1.4	0.933
4844	0.0	1.4	1.155
4845	0.0	1.4	1.186
4846	0.0	1.4	1.106
4847	0.0	1.4	0.666
4848	0.0	1.4	0.417
4849	0.0	1.4	0.289
4850	0.0	1.4	0.156
4851	0.0	1.4	0.061
4852	0.0	1.4	0.044
4853	0.0	1.4	0.133
4854	0.0	1.4	0.333
4855	0.0	1.4	0.900
4856	0.0	1.4	0.963
4857	0.0	1.4	0.967
4858	0.0	1.4	1.013
4859	0.0	1.4	0.967
4860	0.0	1.4	0.938
4861	0.0	1.4	0.868
4862	0.0	1.4	0.763
4863	0.0	1.4	0.695
4864	0.0	1.3	0.649
4865	0.0	1.3	0.674
4866	0.0	1.3	0.836
4867	0.0	1.3	0.933
4868	0.0	1.3	1.155
4869	0.0	1.3	1.186
4870	0.0	1.3	1.106
4871	0.0	1.3	0.666
4872	0.0	1.3	0.417
4873	0.0	1.3	0.289
4874	0.0	1.3	0.156
4875	0.0	1.3	0.061
4876	0.0	1.3	0.044
4877	0.0	1.3	0.133
4878	0.0	1.3	0.333
4879	0.0	1.3	0.900
4880	0.0	1.3	0.963
4881	0.0	1.3	0.967
4882	0.0	1.3	1.013
4883	0.0	1.3	0.967
4884	0.0	1.3	0.938
4885	0.0	1.3	0.868
4886	0.0	1.2	0.763
4887	0.0	1.2	0.695
4888	0.0	1.2	0.649
4889	0.0	1.2	0.674
4890	0.0	1.2	0.836
4891	0.0	1.2	0.933
4892	0.0	1.2	1.155
4893	0.0	1.2	1.186
4894	0.0	1.2	1.106
4895	0.0	1.2	0.666
4896	0.0	1.2	0.417
4897	0.0	1.2	0.289
4898	0.0	1.2	0.156
4899	0.0	1.2	0.061
4900	0.0	1.2	0.044
4901	0.0	1.2	0.133
4902	0.0	1.2	0.333
4903	0.0	1.2	0.900
4904	0.0	1.2	0.963
4905	0.0	1.1	0.967
4906	0.0	1.1	1.013
4907	0.0	1.1	0.967
4908	0.0	1.1	0.938
4909	0.0	1.1	0.868
4910	0.0	1.1	0.763
4911	0.0	1.1	0.695
4912	0.0	1.1	0.649
4913	0.0	1.1	0.674
4914	0.0	1.1	0.836
4915	0.0	1.1	0.933
4916	0.0	1.1	1.155
4917	0.0	1.1	1.186
4918	0.0	1.0	1.106
4919	0.0	1.0	0.666
4920	0.0	1.0	0.417
4921	0.0	1.0	0.289
4922	0.0	1.0	0.156
4923	0.0	1.0	0.061
4924	0.0	1.0	0.044
4925	0.0	1.0	0.133
4926	0.0	1.0	0.333
4927	0.0	1.0	0.900
4928	0.0	1.0	0.963
4929	0.0	1.0	0.967
4930	0.0	1.0	1.013
4931	0.0	1.0	0.967
4932	0.0	1.0	0.938
4933	0.0	1.0	0.868
4934	0.0	1.0	0.763
4935	0.0	0.9	0.695
4936	0.0	0.9	0.649
4937	0.0	0.9	0.674
4938	0.0	0.9	0.836
4939	0.0	0.9	0.933
4940	0.0	0.9	1.155
4941	0.0	0.9	1.186
4942	0.0	0.8	1.106
4943	0.0	0.8	0.666
4944	0.0	0.8	0.417
4945	0.0	0.8	0.289
4946	0.0	0.8	0.156
4947	0.0	0.8	0.061
4948	0.0	0.8	0.044
4949	0.0	0.8	0.133
4950	0.0	0.8	0.333
4951	0.0	0.8	0.900
4952	0.0	0.8	0.963
4953	0.0	0.7	0.967
4954	0.0	0.7	1.013
4955	0.0	0.7	0.967
4956	0.0	0.7	0.938
4957	0.0	0.7	0.868
4958	0.0	0.7	0.763
4959	0.0	0.7	0.695
4960	0.0	0.7	0.649
4961	0.0	0.7	0.674
4962	0.0	0.6	0.836
4963	0.0	0.6	0.933
4964	0.0	0.6	1.155
4965	0.0	0.6	1.186
4966	0.0	0.5	1.106
4967	0.0	0.5	0.666
4968	0.0	0.5	0.417
4969	0.0	0.0	0.289
4970	0.0	0.0	0.156
4971	0.0	0.0	0.061
4972	0.0	0.0	0.044
4973	0.0	0.0	0.133
4974	0.0	0.0	0.333
4975	0.0	0.0	0.900
4976	0.0	0.0	0.963
4977	0.0	0.0	0.967
4978	0.0	0.0	1.013
4979	0.0	0.0	0.967
4980	0.0	0.0	0.938
4981	0.0	0.0	0.868
4982	0.0	0.0	0.763
4983	0.0	0.0	0.695
4984	0.0	0.0	0.649
4985	0.0	0.0	0.674
4986	0.0	0.0	0.836
4987	0.0	0.0	0.933
4988	0.0	0.0	1.155
4989	0.0	0.0	1.186
4990	0.0	0.0	1.106
4991	0.0	0.0	0.666
4992	0.0	0.0	0.417
4993	0.0	0.0	0.289
4994	0.0	0.0	0.156
4995	0.0	0.0	0.061
4996	0.0	0.0	0.044
4997	0.0	0.0	0.133
4998	0.0	0.0	0.333
4999	0.0	0.0	0.900
5000	0.0	0.0	0.963
5001	0.0	0.0	0.967
5002	0.0	0.0	1.013
5003	0.0	0.0	0.967
5004	0.0	0.0	0.938
5005	0.0	0.0	0.868
5006	0.0	0.0	0.763
5007	0.0	0.0	0.695
5008	0.0	0.0	0.649
5009	0.0	0.0	0.674
5010	0.0	0.0	0.836
5011	0.0	0.0	0.933
5012	0.0	0.0	1.155
5013	0.0	0.0	1.186
5014	0.0	0.0	1.106
5015	0.0	0.0	0.666
5016	0.0	0.0	0.417
5017	0.0	0.0	0.289
5018	0.0	0.0	0.156
5019	0.0	0.0	0.061
5020	0.0	0.0	0.044
5021	0.0	0.0	0.133
5022	0.0	0.0	0.333
5023	0.0	0.0	0.900
5024	0.0	0.0	0.963
5025	0.0	0.0	0.967
5026	0.0	0.0	1.013
5027	0.0	0.0	0.967
5028	0.0	0.0	0.938
5029	0.0	0.0	0.868
5030	0.0	0.0	0.763
5031	0.0	0.0	0.695
5032	0.0	0.0	0.649
5033	0.0	0.0	0.674
5034	0.0	0.0	0.836
5035	0.0	0.0	0.933
5036	0.0	0.0	1.155
5037	0.0	0.0	1.186
5038	0.0	0.0	1.106
5039	0.0	0.0	0.666
5040	0.0	0.0	0.417
5041	0.0	0.0	0.289
5042	0.0	0.0	0.156
5043	0.0	0.0	0.061
5044	0.0	0.0	0.044
5045	0.0	0.0	0.133
5046	0.0	0.0	0.333
5047	0.0	0.0	0.900
5048	0.0	0.0	0.963
5049	0.0	0.0	0.967
5050	0.0	0.0	1.013
5051	0.0	0.0	0.967
5052	0.0	0.0	0.938
5053	0.0	0.0	0.868
5054	0.0	0.0	0.763
5055	0.0	0.0	0.695
5056	0.0	0.0	0.649
5057	0.0	0.0	0.674
5058	0.0	0.0	0.836
5059	0.0	0.0	0.933
5060	0.0	0.0	1.155
5061	0.0	0.0	1.186
5062	0.0	0.0	1.106
5063	0.0	0.0	0.666
5064	0.0	0.0	0.417
5065	0.0	0.0	0.289
5066	0.0	0.0	0.156
5067	0.0	0.0	0.061
5068	0.0	0.0	0.044
5069	0.0	0.0	0.133
5070	0.0	0.0	0.333
5071	0.0	0.0	0.900
5072	0.0	0.0	0.963
5073	0.0	0.0	0.967
5074	0.0	0.0	1.013
5075	0.0	0.0	0.967
5076	0.0	0.0	0.938
5077	0.0	0.0	0.868
5078	0.0	0.0	0.763
5079	0.0	0.0	0.695
5080	0.0	0.0	0.649
5081	0.0	0.0	0.674
5082	0.0	0.0	0.836
5083	0.0	0.0	0.933
5084	0.0	0.0	1.155
5085	0.0	0.0	1.186
5086	0.0	0.0	1.106
5087	0.0	0.0	0.666
5088	0.0	0.0	0.417
5089	0.0	0.0	0.289
5090	0.0	0.0	0.156
5091	0.0	0.0	0.061
5092	0.0	0.0	0.044
5093	0.0	0.0	0.133
5094	0.0	0.0	0.333
5095	0.0	0.0	0.900
5096	0.0	0.0	0.963
5097	0.0	0.0	0.967
5098	0.0	0.0	1.013
5099	0.0	0.0	0.967
5100	0.0	0.0	0.938
5101	0.0	0.0	0.868
5102	0.0	0.0	0.763
5103	0.0	0.0	0.695
5104	0.0	0.0	0.649
5105	0.0	0.0	0.674
5106	0.0	0.0	0.836
5107	0.0	0.0	0.933
5108	0.0	0.0	1.155
5109	0.0	0.0	1.186
5110	0.0	0.0	1.106
5111	0.0	0.0	0.666
5112	0.0	0.0	0.417
5113	0.0	0.0	0.289
5114	0.0	0.0	0.156
5115	0.0	0.0	0.061
5116	0.0	0.0	0.044
5117	0.0	0.0	0.133
5118	0.0	0.0	0.333
5119	0.0	0.0	0.900
5120	0.0	0.0	0.963
5121	0.0	0.0	0.967
5122	0.0	0.0	1.013
5123	0.0	0.0	0.967
5124	0.0	0.0	0.938
5125	0.0	0.0	0.868
5126	0.0	0.0	0.763
5127	0.0	0.0	0.695
5128	0.0	0.0	0.649
5129	0.0	0.0	0.674
5130	0.0	0.0	0.836
5131	0.0	0.0	0.933
5132	0.0	0.0	1.155
5133	0.0	0.0	1.186
5134	0.0	0.0	1.106
5135	0.0	0.0	0.666
5136	0.0	0.0	0.417
5137	0.0	0.0	0.289
5138	0.0	0.0	0.156
5139	0.0	0.0	0.061
5140	0.0	0.0	0.044
5141	0.0	0.0	0.133
5142	0.0	0.0	0.333
5143	0.0	0.0	0.900
5144	0.0	0.0	0.963
5145	0.0	0.0	0.967
5146	0.0	0.0	1.013
5147	0.0	0.0	0.967
5148	0.0	0.0	0.938
5149	0.0	0.0	0.868
5150	0.0	0.0	0.763
5151	0.0	0.0	0.695
5152	0.0	0.0	0.649
5153	0.0	0.0	0.674
5154	0.0	0.0	0.836
5155	0.0	0.0	0.933
5156	0.0	0.0	1.155
5157	0.0	0.0	1.186
5158	0.0	0.0	1.106
5159	0.0	0.0	0.666
5160	0.0	0.0	0.417
5161	0.0	0.0	0.289
5162	0.0	0.0	0.156
5163	0.0	0.0	0.061
5164	0.0	0.0	0.044
5165	0.0	0.0	0.133
5166	0.0	0.0	0.333
5167	0.0	0.0	0.900
5168	0.0	0.0	0.963
5169	0.0	0.0	0.967
5170	0.0	0.0	1.013
5171	0.0	0.0	0.967
5172	0.0	0.0	0.938
5173	0.0	0.0	0.868
5174	0.0	0.0	0.763
5175	0.0	0.0	0.695
5176	0.0	0.0	0.649
5177	0.0	0.0	0.674
5178	0.0	0.0	0.836
5179	0.0	0.0	0.933
5180	0.0	0.0	1.155
5181	0.0	0.0	1.186
5182	0.0	0.0	1.106
5183	0.0	0.0	0.666
5184	0.0	0.0	0.417
5185	0.0	0.0	0.289
5186	0.0	0.0	0.156
5187	0.0	0.0	0.061
5188	0.0	0.0	0.044
5189	0.0	0.0	0.133
5190	0.0	0.0	0.333
5191	0.0	0.0	0.900
5192	0.0	0.0	0.963
5193	0.0	0.0	0.967
5194	0.0	0.0	1.013
5195	0.0	0.0	0.967
5196	0.0	0.0	0.938
5197	0.0	0.0	0.868
5198	0.0	0.0	0.763
5199	0.0	0.0	0.695
5200	0.0	0.0	0.649
5201	0.0	0.0	0.674
5202	0.0	0.0	0.836
5203	0.0	0.0	0.933
5204	0.0	0.0	1.155
5205	0.0	0.0	1.186
5206	0.0	0.0	1.106
5207	0.0	0.0	0.666
5208	0.0	0.0	0.417
5209	0.0	0.0	0.289
5210	0.0	0.0	0.156
5211	0.0	0.0	0.061
5212	0.0	0.0	0.044
5213	0.0	0.0	0.133
5214	0.0	0.0	0.333
5215	0.0	0.0	0.900
5216	0.0	0.0	0.963
5217	0.0	0.0	0.967
5218	0.0	0.0	1.013
5219	0.0	0.0	0.967
5220	0.0	0.0	0.938
5221	0.0	0.0	0.868
5222	0.0	0.0	0.763
5223	0.0	0.0	0.695
5224	0.0	0.0	0.649
5225	0.0	0.0	0.674
5226	0.0	0.0	0.836
5227	0.0	0.0	0.933
5228	0.0	0.0	1.155
5229	0.0	0.0	1.186
5230	0.0	0.0	1.106
5231	0.0	0.0	0.666
5232	0.0	0.0	0.417
5233	0.0	0.0	0.289
5234	0.0	0.0	0.156
5235	0.0	0.0	0.061
5236	0.0	0.0	0.044
5237	0.0	0.0	0.133
5238	0.0	0.0	0.333
5239	0.0	0.0	0.900
5240	0.0	0.0	0.963
5241	0.0	0.0	0.967
5242	0.0	0.0	1.013
5243	0.0	0.0	0.967
5244	0.0	0.0	0.938
5245	0.0	0.0	0.868
5246	0.0	0.0	0.763
5247	0.0	0.0	0.695
5248	0.0	0.0	0.649
5249	0.0	0.0	0.674
5250	0.0	0.0	0.836
5251	0.0	0.0	0.933
5252	0.0	0.0	1.155
5253	0.0	0.0	1.186
5254	0.0	0.0	1.106
5255	0.0	0.0	0.666
5256	0.0	0.0	0.417
5257	0.0	0.0	0.289
5258	0.0	0.0	0.156
5259	0.0	0.0	0.061
5260	0.0	0.0	0.044
5261	0.0	0.0	0.133
5262	0.0	0.0	0.333
5263	0.0	0.0	0.900
5264	0.0	0.0	0.963
5265	0.0	0.0	0.967
5266	0.0	0.0	1.013
5267	0.0	0.0	0.967
5268	0.0	0.0	0.938
5269	0.0	0.0	0.868
5270	0.0	0.0	0.763
5271	0.0	0.0	0.695
5272	0.0	0.0	0.649
5273	0.0	0.0	0.674
5274	0.0	0.0	0.836
5275	0.0	0.0	0.933
5276	0.0	0.0	1.155
5277	0.0	0.0	1.186
5278	0.0	0.0	1.106
5279	0.0	0.0	0.666
5280	0.0	0.0	0.417
5281	0.0	0.0	0.289
5282	0.0	0.0	0.156
5283	0.0	0.0	0.061
5284	0.0	0.0	0.044
5285	0.0	0.0	0.133
5286	0.0	0.0	0.333
5287	0.0	0.0	0.900
5288	0.0	0.0	0.963
5289	0.0	0.0	0.967
5290	0.0	0.0	1.013
5291	0.0	0.0	0.967
5292	0.0	0.0	0.938
5293	0.0	0.0	0.868
5294	0.0	0.0	0.763
5295	0.0	0.0	0.695
5296	0.0	0.0	0.649
5297	0.0	0.0	0.674
5298	0.0	0.0	0.836
5299	0.0	0.0	0.933
5300	0.0	0.0	1.155
5301	0.0	0.0	1.186
5302	0.0	0.0	1.106
5303	0.0	0.0	0.666
5304	0.0	0.0	0.417
5305	0.0	0.0	0.289
5306	0.0	0.0	0.156
5307	0.0	0.0	0.061
5308	0.0	0.0	0.044
5309	0.0	0.0	0.133
5310	0.0	0.0	0.333
5311	0.0	0.0	0.900
5312	0.0	0.0	0.963
5313	0.0	0.0	0.967
5314	0.0	0.0	1.013
5315	0.0	0.0	0.967
5316	0.0	0.0	0.938
5317	0.0	0.0	0.868
5318	0.0	0.0	0.763
5319	0.0	0.0	0.695
5320	0.0	0.0	0.649
5321	0.0	0.0	0.674
5322	0.0	0.0	0.836
5323	0.0	0.0	0.933
5324	0.0	0.0	1.155
5325	0.0	0.0	1.186
5326	0.0	0.0	1.106
5327	0.0	0.0	0.666
5328	0.0	0.0	0.417
5329	0.0	0.0	0.289
5330	0.0	0.0	0.156
5331	0.0	0.0	0.061
5332	0.0	0.0	0.044
5333	0.0	0.0	0.133
5334	0.0	0.0	0.333
5335	0.0	0.0	0.900
5336	0.0	0.0	0.963
5337	0.0	0.0	0.967
5338	0.0	0.0	1.013
5339	0.0	0.0	0.967
5340	0.0	0.0	0.938
5341	0.0	0.0	0.868
5342	0.0	0.0	0.763
5343	0.0	0.0	0.695
5344	0.0	0.0	0.649
5345	0.0	0.0	0.674
5346	0.0	0.0	0.836
5347	0.0	0.0	0.933
5348	0.0	0.0	1.155
5349	0.0	0.0	1.186
5350	0.0	0.0	1.106
5351	0.0	0.0	0.666
5352	0.0	0.0	0.417
5353	0.0	0.0	0.289
5354	0.0	0.0	0.156
5355	0.0	0.0	0.061
5356	0.0	0.0	0.044
5357	0.0	0.0	0.133
5358	0.0	0.0	0.333
5359	0.0	0.0	0.900
5360	0.0	0.0	0.963
5361	0.0	0.0	0.967
5362	0.0	0.0	1.013
5363	0.0	0.0	0.967
5364	0.0	0.0	0.938
5365	0.0	0.0	0.868
5366	0.0	0.0	0.763
5367	0.0	0.0	0.695
5368	0.0	0.0	0.649
5369	0.0	0.0	0.674
5370	0.0	0.0	0.836
5371	0.0	0.0	0.933
5372	0.0	0.0	1.155
5373	0.0	0.0	1.186
5374	0.0	0.0	1.106
5375	0.0	0.0	0.666
5376	0.0	0.0	0.417
5377	0.0	0.0	0.289
5378	0.0	0.0	0.156
5379	0.0	0.0	0.061
5380	0.0	0.0	0.044
5381	0.0	0.0	0.133
5382	0.0	0.0	0.333
5383	0.0	0.0	0.900
5384	0.0	0.0	0.963
5385	0.0	0.0	0.967
5386	0.0	0.0	1.013
5387	0.0	0.0	0.967
5388	0.0	0.0	0.938
5389	0.0	0.0	0.868
5390	0.0	0.0	0.763
5391	0.0	0.0	0.695
5392	0.0	0.0	0.649
5393	0.0	0.0	0.674
5394	0.0	0.0	0.836
5395	0.0	0.0	0.933
5396	0.0	0.0	1.155
5397	0.0	0.0	1.186
5398	0.0	0.0	1.106
5399	0.0	0.0	0.666
5400	0.0	0.0	0.417
5401	0.0	0.0	0.289
5402	0.0	0.0	0.156
5403	0.0	0.0	0.061
5404	0.0	0.0	0.044
5405	0.0	0.0	0.133
5406	0.0	0.0	0.333
5407	0.0	0.0	0.900
5408	0.0	0.0	0.963
5409	0.0	0.0	0.967
5410	0.0	0.0	1.013
5411	0.0	0.0	0.967
5412	0.0	0.0	0.938
5413	0.0	0.0	0.868
5414	0.0	0.0	0.763
5415	0.0	0.0	0.695
5416	0.0	0.0	0.649
5417	0.0	0.0	0.674
5418	0.0	0.0	0.836
5419	0.0	0.0	0.933
5420	0.0	0.0	1.155
5421	0.0	0.0	1.186
5422	0.0	0.0	1.106
5423	0.0	0.0	0.666
5424	0.0	0.0	0.417
5425	0.0	0.0	0.289
5426	0.0	0.0	0.156
5427	0.0	0.0	0.061
5428	0.0	0.0	0.044
5429	0.0	0.0	0.133
5430	0.0	0.0	0.333
5431	0.0	0.0	0.900
5432	0.0	0.0	0.963
5433	0.0	0.0	0.967
5434	0.0	0.0	1.013
5435	0.0	0.0	0.967
5436	0.0	0.0	0.938
5437	0.0	0.0	0.868
5438	0.0	0.0	0.763
5439	0.0	0.0	0.695
5440	0.0	0.0	0.649
5441	0.0	0.0	0.674
5442	0.0	0.0	0.836
5443	0.0	0.0	0.933
5444	0.0	0.0	1.155
5445	0.0	0.0	1.186
5446	0.0	0.0	1.106
5447	0.0	0.0	0.666
5448	0.0	0.0	0.417
5449	0.0	0.0	0.289
5450	0.0	0.0	0.156
5451	0.0	0.0	0.061
5452	0.0	0.0	0.044
5453	0.0	0.0	0.133
5454	0.0	0.0	0.333
5455	0.0	0.0	0.900
5456	0.0	0.0	0.963
5457	0.0	0.0	0.967
5458	0.0	0.0	1.013
5459	0.0	0.0	0.967
5460	0.0	0.0	0.938
5461	0.0	0.0	0.868
5462	0.0	0.0	0.763
5463	0.0	0.0	0.695
5464	0.0	0.0	0.649
5465	0.0	0.0	0.674
5466	0.0	0.0	0.836
5467	0.0	0.0	0.933
5468	0.0	0.0	1.155
5469	0.0	0.0	1.186
5470	0.0	0.0	1.106
5471	0.0	0.0	0.666
5472	0.0	0.0	0.417
5473	0.0	0.0	0.289
5474	0.0	0.0	0.156
5475	0.0	0.0	0.061
5476	0.0	0.0	0.044
5477	0.0	0.0	0.133
5478	0.0	0.0	0.333
5479	0.0	0.0	0.900
5480	0.0	0.0	0.963
5481	0.0	0.0	0.967
5482	0.0	0.0	1.013
5483	0.0	0.0	0.967
5484	0.0	0.0	0.938
5485	0.0	0.0	0.868
5486	0.0	0.0	0.763
5487	0.0	0.0	0.695
5488	0.0	0.0	0.649
5489	0.0	0.0	0.674
5490	0.0	0.0	0.836
5491	0.0	0.0	0.933
5492	0.0	0.0	1.155
5493	0.0	0.0	1.186
5494	0.0	0.0	1.106
5495	0.0	0.0	0.666
5496	0.0	0.0	0.417
5497	0.0	0.0	0.289
5498	0.0	0.0	0.156
5499	0.0	0.0	0.061
5500	0.0	0.0	0.044
5501	0.0	0.0	0.133
5502	0.0	0.0	0.333
5503	0.0	0.0	0.900
5504	0.0	0.0	0.963
5505	0.0	0.0	0.967
5506	0.0	0.0	1.013
5507	0.0	0.0	0.967
5508	0.0	0.0	0.938
5509	0.0	0.0	0.868
5510	0.0	0.0	0.763
5511	0.0	0.0	0.695
5512	0.0	0.0	0.649
5513	0.0	0.0	0.674
5514	0.0	0.0	0.836
5515	0.0	0.0	0.933
5516	0.0	0.0	1.155
5517	0.0	0.0	1.186
5518	0.0	0.0	1.106
5519	0.0	0.0	0.666
5520	0.0	0.0	0.417
5521	0.0	0.0	0.289
5522	0.0	0.0	0.156
5523	0.0	0.0	0.061
5524	0.0	0.0	0.044
5525	0.0	0.0	0.133
5526	0.0	0.0	0.333
5527	0.0	0.0	0.900
5528	0.0	0.0	0.963
5529	0.0	0.0	0.967
5530	0.0	0.0	1.013
5531	0.0	0.0	0.967
5532	0.0	0.0	0.938
5533	0.0	0.0	0.868
5534	0.0	0.0	0.763
5535	0.0	0.0	0.695
5536	0.0	0.0	0.649
5537	0.0	0.0	0.674
5538	0.0	0.0	0.836
5539	0.0	0.0	0.933
5540	0.0	0.0	1.155
5541	0.0	0.0	1.186
5542	0.0	0.0	1.106
5543	0.0	0.0	0.666
5544	0.0	0.0	0.417
5545	0.0	0.0	0.289
5546	0.0	0.0	0.156
5547	0.0	0.0	0.061
5548	0.0	0.0	0.044
5549	0.0	0.0	0.133
5550	0.0	0.0	0.333
5551	0.0	0.0	0.900
5552	0.0	0.0	0.963
5553	0.0	0.0	0.967
5554	0.0	0.0	1.013
5555	0.0	0.0	0.967
5556	0.0	0.0	0.938
5557	0.0	0.0	0.868
5558	0.0	0.0	0.763
5559	0.0	0.0	0.695
5560	0.0	0.0	0.649
5561	0.0	0.0	0.674
5562	0.0	0.0	0.836
5563	0.0	0.0	0.933
5564	0.0	0.0	1.155
5565	0.0	0.0	1.186
5566	0.0	0.0	1.106
5567	0.0	0.0	0.666
5568	0.0	0.0	0.417
5569	0.0	0.0	0.289
5570	0.0	0.0	0.156
5571	0.0	0.0	0.061
5572	0.0	0.0	0.044
5573	0.0	0.0	0.133
5574	0.0	0.0	0.333
5575	0.0	0.0	0.900
5576	0.0	0.0	0.963
5577	0.0	0.0	0.967
5578	0.0	0.0	1.013
5579	0.0	0.0	0.967
5580	0.0	0.0	0.938
5581	0.0	0.0	0.868
5582	0.0	0.0	0.763
5583	0.0	0.0	0.695
5584	0.0	0.0	0.649
5585	0.0	0.0	0.674
5586	0.0	0.0	0.836
5587	0.0	0.0	0.933
5588	0.0	0.0	1.155
5589	0.0	0.0	1.186
5590	0.0	0.0	1.106
5591	0.0	0.0	0.666
5592	0.0	0.0	0.417
5593	0.0	0.0	0.289
5594	0.0	0.0	0.156
5595	0.0	0.0	0.061
5596	0.0	0.0	0.044
5597	0.0	0.0	0.133
5598	0.0	0.0	0.333
5599	0.0	0.0	0.900
5600	0.0	0.0	0.963
5601	0.0	0.0	0.967
5602	0.0	0.0	1.013
5603	0.0	0.0	0.967
5604	0.0	0.0	0.938
5605	0.0	0.0	0.868
5606	0.0	0.0	0.763
5607	0.0	0.0	0.695
5608	0.0	0.0	0.649
5609	0.0	0.0	0.674
5610	0.0	0.0	0.836
5611	0.0	0.0	0.933
5612	0.0	0.0	1.155
5613	0.0	0.0	1.186
5614	0.0	0.0	1.106
5615	0.0	0.0	0.666
5616	0.0	0.0	0.417
5617	0.0	0.0	0.289
5618	0.0	0.0	0.156
5619	0.0	0.0	0.061
5620	0.0	0.0	0.044
5621	0.0	0.0	0.133
5622	0.0	0.0	0.333
5623	0.0	0.0	0.900
5624	0.0	0.0	0.963
5625	0.0	0.0	0.967
5626	0.0	0.0	1.013
5627	0.0	0.0	0.967
5628	0.0	0.0	0.938
5629	0.0	0.0	0.868
5630	0.0	0.0	0.763
5631	0.0	0.0	0.695
5632	0.0	0.0	0.649
5633	0.0	0.0	0.674
5634	0.0	0.0	0.836
5635	0.0	0.0	0.933
5636	0.0	0.0	1.155
5637	0.0	0.0	1.186
5638	0.0	0.0	1.106
5639	0.0	0.0	0.666
5640	0.0	0.0	0.417
5641	0.0	0.0	0.289
5642	0.0	0.0	0.156
5643	0.0	0.0	0.061
5644	0.0	0.0	0.044
5645	0.0	0.0	0.133
5646	0.0	0.0	0.333
5647	0.0	0.0	0.900
5648	0.0	0.0	0.963
5649	0.0	0.0	0.967
5650	0.0	0.0	1.013
5651	0.0	0.0	0.967
5652	0.0	0.0	0.938
5653	0.0	0.0	0.868
5654	0.0	0.0	0.763
5655	0.0	0.0	0.695
5656	0.0	0.0	0.649
5657	0.0	0.0	0.674
5658	0.0	0.0	0.836
5659	0.0	0.0	0.933
5660	0.0	0.0	1.155
5661	0.0	0.0	1.186
5662	0.0	0.0	1.106
5663	0.0	0.0	0.666
5664	0.0	0.0	0.417
5665	0.0	0.0	0.289
5666	0.0	0.0	0.156
5667	0.0	0.0	0.061
5668	0.0	0.0	0.044
5669	0.0	0.0	0.133
5670	0.0	0.0	0.333
5671	0.0	0.0	0.900
5672	0.0	0.0	0.963
5673	0.0	0.0	0.967
5674	0.0	0.0	1.013
5675	0.0	0.0	0.967
5676	0.0	0.0	0.938
5677	0.0	0.0	0.868
5678	0.0	0.0	0.763
5679	0.0	0.0	0.695
5680	0.0	0.0	0.649
5681	0.0	0.0	0.674
5682	0.0	0.0	0.836
5683	0.0	0.0	0.933
5684	0.0	0.0	1.155
5685	0.0	0.0	1.186
5686	0.0	0.0	1.106
5687	0.0	0.0	0.666
5688	0.0	0.0	0.417
5689	0.0	0.0	0.289
5690	0.0	0.0	0.156
5691	0.0	0.0	0.061
5692	0.0	0.0	0.044
5693	0.0	0.0	0.133
5694	0.0	0.0	0.333
5695	0.0	0.0	0.900
5696	0.0	0.0	0.963
5697	0.0	0.0	0.967
5698	0.0	0.0	1.013
5699	0.0	0.0	0.967
5700	0.0	0.0	0.938
5701	0.0	0.0	0.868
5702	0.0	0.0	0.763
5703	0.0	0.0	0.695
5704	0.0	0.0	0.649
5705	0.0	0.0	0.674
5706	0.0	0.0	0.836
5707	0.0	0.0	0.933
5708	0.0	0.0	1.155
5709	0.0	0.0	1.186
5710	0.0	0.0	1.106
5711	0.0	0.0	0.666
5712	0.0	0.0	0.417
5713	0.0	0.0	0.289
5714	0.0	0.0	0.156
5715	0.0	0.0	0.061
5716	0.0	0.0	0.044
5717	0.0	0.0	0.133
5718	0.0	0.0	0.333
5719	0.0	0.0	0.900
5720	0.0	0.0	0.963
5721	0.0	0.0	0.967
5722	0.0	0.0	1.013
5723	0.0	0.0	0.967
5724	0.0	0.0	0.938
5725	0.0	0.0	0.868
5726	0.0	0.0	0.763
5727	0.0	0.0	0.695
5728	0.0	0.0	0.649
5729	0.0	0.0	0.674
5730	0.0	0.0	0.836
5731	0.0	0.0	0.933
5732	0.0	0.0	1.155
5733	0.0	0.0	1.186
5734	0.0	0.0	1.106
5735	0.0	0.0	0.666
5736	0.0	0.0	0.417
5737	0.0	0.0	0.289
5738	0.0	0.0	0.156
5739	0.0	0.0	0.061
5740	0.0	0.0	0.044
5741	0.0	0.0	0.133
5742	0.0	0.0	0.333
5743	0.0	0.0	0.900
5744	0.0	0.0	0.963
5745	0.0	0.0	0.967
5746	0.0	0.0	1.013
5747	0.0	0.0	0.967
5748	0.0	0.0	0.938
5749	0.0	0.0	0.868
5750	0.0	0.0	0.763
5751	0.0	0.0	0.695
5752	0.0	0.0	0.649
5753	0.0	0.0	0.674
5754	0.0	0.0	0.836
5755	0.0	0.0	0.933
5756	0.0	0.0	1.155
5757	0.0	0.0	1.186
5758	0.0	0.0	1.106
5759	0.0	0.0	0.666
5760	0.0	0.0	0.417
5761	0.0	0.0	0.289
5762	0.0	0.0	0.156
5763	0.0	0.0	0.061
5764	0.0	0.0	0.044
5765	0.0	0.0	0.133
5766	0.0	0.0	0.333
5767	0.0	0.0	0.900
5768	0.0	0.0	0.963
5769	0.0	0.0	0.967
5770	0.0	0.0	1.013
5771	0.0	0.0	0.967
5772	0.0	0.0	0.938
5773	0.0	0.0	0.868
5774	0.0	0.0	0.763
5775	0.0	0.0	0.695
5776	0.0	0.0	0.649
5777	0.0	0.0	0.674
5778	0.0	0.0	0.836
5779	0.0	0.0	0.933
5780	0.0	0.0	1.155
5781	0.0	0.0	1.186
5782	0.0	0.0	1.106
5783	0.0	0.0	0.666
5784	0.0	0.0	0.417
5785	0.0	0.0	0.289
5786	0.0	0.0	0.156
5787	0.0	0.0	0.061
5788	0.0	0.0	0.044
5789	0.0	0.0	0.133
5790	0.0	0.0	0.333
5791	0.0	0.0	0.900
5792	0.0	0.0	0.963
5793	0.0	0.0	0.967
5794	0.0	0.0	1.013
5795	0.0	0.0	0.967
5796	0.0	0.0	0.938
5797	0.0	0.0	0.868
5798	0.0	0.0	0.763
5799	0.0	0.0	0.695
5800	0.0	0.0	0.649
5801	0.0	0.0	0.674
5802	0.0	0.0	0.836
5803	0.0	0.0	0.933
5804	0.0	0.0	1.155
5805	0.0	0.0	1.186
5806	0.0	0.0	1.106
5807	0.0	0.0	0.666
5808	0.0	0.0	0.417
5809	0.0	0.0	0.289
5810	0.0	0.0	0.156
5811	0.0	0.0	0.061
5812	0.0	0.0	0.044
5813	0.0	0.0	0.133
5814	0.0	0.0	0.333
5815	0.0	0.0	0.900
5816	0.0	0.0	0.963
5817	0.0	0.0	0.967
5818	0.0	0.0	1.013
5819	0.0	0.0	0.967
5820	0.0	0.0	0.938
5821	0.0	0.0	0.868
5822	0.0	0.0	0.763
5823	0.0	0.0	0.695
5824	0.0	0.0	0.649
5825	0.0	0.0	0.674
5826	0.0	0.0	0.836
5827	0.0	0.0	0.933
5828	0.0	0.0	1.155
5829	0.0	0.0	1.186
5830	0.0	0.0	1.106
5831	0.0	0.0	0.666
5832	0.0	0.0	0.417
5833	0.0	0.0	0.289
5834	0.0	0.0	0.156
5835	0.0	0.0	0.061
5836	0.0	0.0	0.044
5837	0.0	0.0	0.133
5838	0.0	0.0	0.333
5839	0.0	0.0	0.900
5840	0.0	0.0	0.963
5841	0.0	0.0	0.967
5842	0.0	0.0	1.013
5843	0.0	0.0	0.967
5844	0.0	0.0	0.938
5845	0.0	0.0	0.868
5846	0.0	0.0	0.763
5847	0.0	0.0	0.695
5848	0.0	0.0	0.649
5849	0.0	0.0	0.674
5850	0.0	0.0	0.836
5851	0.0	0.0	0.933
5852	0.0	0.0	1.155
5853	0.0	0.0	1.186
5854	0.0	0.0	1.106
5855	0.0	0.0	0.666
5856	0.0	0.0	0.417
5857	0.0	0.0	0.289
5858	0.0	0.0	0.156
5859	0.0	0.0	0.061
5860	0.0	0.0	0.044
5861	0.0	0.0	0.133
5862	0.0	0.0	0.333
5863	0.0	0.0	0.900
5864	0.0	0.0	0.963
5865	0.0	0.0	0.967
5866	0.0	0.0	1.013
5867	0.0	0.0	0.967
5868	0.0	0.0	0.938
5869	0.0	0.0	0.868
5870	0.0	0.0	0.763
5871	0.0	0.0	0.695
5872	0.0	0.0	0.649
5873	0.0	0.0	0.674
5874	0.0	0.0	0.836
5875	0.0	0.0	0.933
5876	0.0	0.0	1.155
5877	0.0	0.0	1.186
5878	0.0	0.0	1.106
5879	0.0	0.0	0.666
5880	0.0	0.0	0.417
5881	0.0	0.0	0.289
5882	0.0	0.0	0.156
5883	0.0	0.0	0.061
5884	0.0	0.0	0.044
5885	0.0	0.0	0.133
5886	0.0	0.0	0.333
5887	0.0	0.0	0.900
5888	0.0	0.0	0.963
5889	0.0	0.0	0.967
5890	0.0	0.0	1.013
5891	0.0	0.0	0.967
5892	0.0	0.0	0.938
5893	0.0	0.0	0.868
5894	0.0	0.0	0.763
5895	0.0	0.0	0.695
5896	0.0	0.0	0.649
5897	0.0	0.0	0.674
5898	0.0	0.0	0.836
5899	0.0	0.0	0.933
5900	0.0	0.0	1.155
5901	0.0	0.0	1.186
5902	0.0	0.0	1.106
5903	0.0	0.0	0.666
5904	0.0	0.0	0.417
5905	0.0	0.0	0.289
5906	0.0	0.0	0.156
5907	0.0	0.0	0.061
5908	0.0	0.0	0.044
5909	0.0	0.0	0.133
5910	0.0	0.0	0.333
5911	0.0	0.0	0.900
5912	0.0	0.0	0.963
5913	0.0	0.0	0.967
5914	0.0	0.0	1.013
5915	0.0	0.0	0.967
5916	0.0	0.0	0.938
5917	0.0	0.0	0.868
5918	0.0	0.0	0.763
5919	0.0	0.0	0.695
5920	0.0	0.0	0.649
5921	0.0	0.0	0.674
5922	0.0	0.0	0.836
5923	0.0	0.0	0.933
5924	0.0	0.0	1.155
5925	0.0	0.0	1.186
5926	0.0	0.0	1.106
5927	0.0	0.0	0.666
5928	0.0	0.0	0.417
5929	0.0	0.0	0.289
5930	0.0	0.0	0.156
5931	0.0	0.0	0.061
5932	0.0	0.0	0.044
5933	0.0	0.0	0.133
5934	0.0	0.0	0.333
5935	0.0	0.0	0.900
5936	0.0	0.0	0.963
5937	0.0	0.0	0.967
5938	0.0	0.0	1.013
5939	0.0	0.0	0.967
5940	0.0	0.0	0.938
5941	0.0	0.0	0.868
5942	0.0	0.0	0.763
5943	0.0	0.0	0.695
5944	0.0	0.0	0.649
5945	0.0	0.0	0.674
5946	0.0	0.0	0.836
5947	0.0	0.0	0.933
5948	0.0	0.0	1.155
5949	0.0	0.0	1.186
5950	0.0	0.0	1.106
5951	0.0	0.0	0.666
5952	0.0	0.0	0.417
5953	0.0	0.0	0.289
5954	0.0	0.0	0.156
5955	0.0	0.0	0.061
5956	0.0	0.0	0.044
5957	0.0	0.0	0.133
5958	0.0	0.0	0.333
5959	0.0	0.0	0.900
5960	0.0	0.0	0.963
5961	0.0	0.0	0.967
5962	0.0	0.0	1.013
5963	0.0	0.0	0.967
5964	0.0	0.0	0.938
5965	0.0	0.0	0.868
5966	0.0	0.0	0.763
5967	0.0	0.0	0.695
5968	0.0	0.0	0.649
5969	0.0	0.0	0.674
5970	0.0	0.0	0.836
5971	0.0	0.0	0.933
5972	0.0	0.0	1.155
5973	0.0	0.0	1.186
5974	0.0	0.0	1.106
5975	0.0	0.0	0.666
5976	0.0	0.0	0.417
5977	0.0	0.0	0.289
5978	0.0	0.0	0.156
5979	0.0	0.0	0.061
5980	0.0	0.0	0.044
5981	0.0	0.0	0.133
5982	0.0	0.0	0.333
5983	0.0	0.0	0.900
5984	0.0	0.0	0.963
5985	0.0	0.0	0.967
5986	0.0	0.0	1.013
5987	0.0	0.0	0.967
5988	0.0	0.0	0.938
5989	0.0	0.0	0.868
5990	0.0	0.0	0.763
5991	0.0	0.0	0.695
5992	0.0	0.0	0.649
5993	0.0	0.0	0.674
5994	0.0	0.0	0.836
5995	0.0	0.0	0.933
5996	0.0	0.0	1.155
5997	0.0	0.0	1.186
5998	0.0	0.0	1.106
5999	0.0	0.0	0.666
6000	0.0	0.0	0.417
6001	0.0	0.0	0.289
6002	0.0	0.0	0.156
6003	0.0	0.0	0.061
6004	0.0	0.0	0.044
6005	0.0	0.0	0.133
6006	0.0	0.0	0.333
6007	0.0	0.0	0.900
6008	0.0	0.0	0.963
6009	0.0	0.0	0.967
6010	0.0	0.0	1.013
6011	0.0	0.0	0.967
6012	0.0	0.0	0.938
6013	0.0	0.0	0.868
6014	0.0	0.0	0.763
6015	0.0	0.0	0.695
6016	0.0	0.0	0.649
6017	0.0	0.0	0.674
6018	0.0	0.0	0.836
6019	0.0	0.0	0.933
6020	0.0	0.0	1.155
6021	0.0	0.0	1.186
6022	0.0	0.0	1.106
6023	0.0	0.0	0.666
6024	0.0	0.0	0.417
6025	0.0	0.0	0.289
6026	0.0	0.0	0.156
6027	0.0	0.0	0.061
6028	0.0	0.0	0.044
6029	0.0	0.0	0.133
6030	0.0	0.0	0.333
6031	0.0	0.0	0.900
6032	0.0	0.0	0.963
6033	0.0	0.0	0.967
6034	0.0	0.0	1.013
6035	0.0	0.0	0.967
6036	0.0	0.0	0.938
6037	0.0	0.0	0.868
6038	0.0	0.0	0.763
6039	0.0	0.0	0.695
6040	0.0	0.0	0.649
6041	0.0	0.0	0.674
6042	0.0	0.0	0.836
6043	0.0	0.0	0.933
6044	0.0	0.0	1.155
6045	0.0	0.0	1.186
6046	0.0	0.0	1.106
6047	0.0	0.0	0.666
6048	0.0	0.0	0.417
6049	0.0	0.0	0.289
6050	0.0	0.0	0.156
6051	0.0	0.0	0.061
6052	0.0	0.0	0.044
6053	0.0	0.0	0.133
6054	0.0	0.0	0.333
6055	0.0	0.0	0.900
6056	0.0	0.0	0.963
6057	0.0	0.0	0.967
6058	0.0	0.0	1.013
6059	0.0	0.0	0.967
6060	0.0	0.0	0.938
6061	0.0	0.0	0.868
6062	0.0	0.0	0.763
6063	0.0	0.0	0.695
6064	0.0	0.0	0.649
6065	0.0	0.0	0.674
6066	0.0	0.0	0.836
6067	0.0	0.0	0.933
6068	0.0	0.0	1.155
6069	0.0	0.0	1.186
6070	0.0	0.0	1.106
6071	0.0	0.0	0.666
6072	0.0	0.0	0.417
6073	0.0	0.0	0.289
6074	0.0	0.0	0.156
6075	0.0	0.0	0.061
6076	0.0	0.0	0.044
6077	0.0	0.0	0.133
6078	0.0	0.0	0.333
6079	0.0	0.0	0.900
6080	0.0	0.0	0.963
6081	0.0	0.0	0.967
6082	0.0	0.0	1.013
6083	0.0	0.0	0.967
6084	0.0	0.0	0.938
6085	0.0	0.0	0.868
6086	0.0	0.0	0.763
6087	0.0	0.0	0.695
6088	0.0	0.0	0.649
6089	0.0	0.0	0.674
6090	0.0	0.0	0.836
6091	0.0	0.0	0.933
6092	0.0	0.0	1.155
6093	0.0	0.0	1.186
6094	0.0	0.0	1.106
6095	0.0	0.0	0.666
6096	0.0	0.0	0.417
6097	0.0	0.0	0.289
6098	0.0	0.0	0.156
6099	0.0	0.0	0.061
6100	0.0	0.0	0.044
6101	0.0	0.0	0.133
6102	0.0	0.0	0.333
6103	0.0	0.0	0.900
6104	0.0	0.0	0.963
6105	0.0	0.0	0.967
6106	0.0	0.0	1.013
6107	0.0	0.0	0.967
6108	0.0	0.0	0.938
6109	0.0	0.0	0.868
6110	0.0	0.0	0.763
6111	0.0	0.0	0.695
6112	0.0	0.0	0.649
6113	0.0	0.0	0.674
6114	0.0	0.0	0.836
6115	0.0	0.0	0.933
6116	0.0	0.0	1.155
6117	0.0	0.0	1.186
6118	0.0	0.0	1.106
6119	0.0	0.0	0.666
6120	0.0	0.0	0.417
6121	0.0	0.0	0.289
6122	0.0	0.0	0.156
6123	0.0	0.0	0.061
6124	0.0	0.0	0.044
6125	0.0	0.0	0.133
6126	0.0	0.0	0.333
6127	0.0	0.0	0.900
6128	0.0	0.0	0.963
6129	0.0	0.0	0.967
6130	0.0	0.0	1.013
6131	0.0	0.0	0.967
6132	0.0	0.0	0.938
6133	0.0	0.0	0.868
6134	0.0	0.0	0.763
6135	0.0	0.0	0.695
6136	0.0	0.0	0.649
6137	0.0	0.0	0.674
6138	0.0	0.0	0.836
6139	0.0	0.0	0.933
6140	0.0	0.0	1.155
6141	0.0	0.0	1.186
6142	0.0	0.0	1.106
6143	0.0	0.0	0.666
6144	0.0	0.0	0.417
6145	0.0	0.0	0.289
6146	0.0	0.0	0.156
6147	0.0	0.0	0.061
6148	0.0	0.0	0.044
6149	0.0	0.0	0.133
6150	0.0	0.0	0.333
6151	0.0	0.0	0.900
6152	0.0	0.0	0.963
6153	0.0	0.0	0.967
6154	0.0	0.0	1.013
6155	0.0	0.0	0.967
6156	0.0	0.0	0.938
6157	0.0	0.0	0.868
6158	0.0	0.0	0.763
6159	0.0	0.0	0.695
6160	0.0	0.0	0.649
6161	0.0	0.0	0.674
6162	0.0	0.0	0.836
6163	0.0	0.0	0.933
6164	0.0	0.0	1.155
6165	0.0	0.0	1.186
6166	0.0	0.0	1.106
6167	0.0	0.0	0.666
6168	0.0	0.0	0.417
6169	0.0	0.0	0.289
6170	0.0	0.0	0.156
6171	0.0	0.0	0.061
6172	0.0	0.0	0.044
6173	0.0	0.0	0.133
6174	0.0	0.0	0.333
6175	0.0	0.0	0.900
6176	0.0	0.0	0.963
6177	0.0	0.0	0.967
6178	0.0	0.0	1.013
6179	0.0	0.0	0.967
6180	0.0	0.0	0.938
6181	0.0	0.0	0.868
6182	0.0	0.0	0.763
6183	0.0	0.0	0.695
6184	0.0	0.0	0.649
6185	0.0	0.0	0.674
6186	0.0	0.0	0.836
6187	0.0	0.0	0.933
6188	0.0	0.0	1.155
6189	0.0	0.0	1.186
6190	0.0	0.0	1.106
6191	0.0	0.0	0.666
6192	0.0	0.0	0.417
6193	0.0	0.0	0.289
6194	0.0	0.0	0.156
6195	0.0	0.0	0.061
6196	0.0	0.0	0.044
6197	0.0	0.0	0.133
6198	0.0	0.0	0.333
6199	0.0	0.0	0.900
6200	0.0	0.0	0.963
6201	0.0	0.0	0.967
6202	0.0	0.0	1.013
6203	0.0	0.0	0.967
6204	0.0	0.0	0.938
6205	0.0	0.0	0.868
6206	0.0	0.0	0.763
6207	0.0	0.0	0.695
6208	0.0	0.0	0.649
6209	0.0	0.0	0.674
6210	0.0	0.0	0.836
6211	0.0	0.0	0.933
6212	0.0	0.0	1.155
6213	0.0	0.0	1.186
6214	0.0	0.0	1.106
6215	0.0	0.0	0.666
6216	0.0	0.0	0.417
6217	0.0	0.0	0.289
6218	0.0	0.0	0.156
6219	0.0	0.0	0.061
6220	0.0	0.0	0.044
6221	0.0	0.0	0.133
6222	0.0	0.0	0.333
6223	0.0	0.0	0.900
6224	0.0	0.0	0.963
6225	0.0	0.0	0.967
6226	0.0	0.0	1.013
6227	0.0	0.0	0.967
6228	0.0	0.0	0.938
6229	0.0	0.0	0.868
6230	0.0	0.0	0.763
6231	0.0	0.0	0.695
6232	0.0	0.0	0.649
6233	0.0	0.0	0.674
6234	0.0	0.0	0.836
6235	0.0	0.0	0.933
6236	0.0	0.0	1.155
6237	0.0	0.0	1.186
6238	0.0	0.0	1.106
6239	0.0	0.0	0.666
6240	0.0	0.0	0.417
6241	0.0	0.0	0.289
6242	0.0	0.0	0.156
6243	0.0	0.0	0.061
6244	0.0	0.0	0.044
6245	0.0	0.0	0.133
6246	0.0	0.0	0.333
6247	0.0	0.0	0.900
6248	0.0	0.0	0.963
6249	0.0	0.0	0.967
6250	0.0	0.0	1.013
6251	0.0	0.0	0.967
6252	0.0	0.0	0.938
6253	0.0	0.0	0.868
6254	0.0	0.0	0.763
6255	0.0	0.0	0.695
6256	0.0	0.0	0.649
6257	0.0	0.0	0.674
6258	0.0	0.0	0.836
6259	0.0	0.0	0.933
6260	0.0	0.0	1.155
6261	0.0	0.0	1.186
6262	0.0	0.0	1.106
6263	0.0	0.0	0.666
6264	0.0	0.0	0.417
6265	0.0	0.0	0.289
6266	0.0	0.0	0.156
6267	0.0	0.0	0.061
6268	0.0	0.0	0.044
6269	0.0	0.0	0.133
6270	0.0	0.0	0.333
6271	0.0	0.0	0.900
6272	0.0	0.0	0.963
6273	0.0	0.0	0.967
6274	0.0	0.0	1.013
6275	0.0	0.0	0.967
6276	0.0	0.0	0.938
6277	0.0	0.0	0.868
6278	0.0	0.0	0.763
6279	0.0	0.0	0.695
6280	0.0	0.0	0.649
6281	0.0	0.0	0.674
6282	0.0	0.0	0.836
6283	0.0	0.0	0.933
6284	0.0	0.0	1.155
6285	0.0	0.0	1.186
6286	0.0	0.0	1.106
6287	0.0	0.0	0.666
6288	0.0	0.0	0.417
6289	0.0	0.0	0.289
6290	0.0	0.0	0.156
6291	0.0	0.0	0.061
6292	0.0	0.0	0.044
6293	0.0	0.0	0.133
6294	0.0	0.0	0.333
6295	0.0	0.0	0.900
6296	0.0	0.0	0.963
6297	0.0	0.0	0.967
6298	0.0	0.0	1.013
6299	0.0	0.0	0.967
6300	0.0	0.0	0.938
6301	0.0	0.0	0.868
6302	0.0	0.0	0.763
6303	0.0	0.0	0.695
6304	0.0	0.0	0.649
6305	0.0	0.0	0.674
6306	0.0	0.0	0.836
6307	0.0	0.0	0.933
6308	0.0	0.0	1.155
6309	0.0	0.0	1.186
6310	0.0	0.0	1.106
6311	0.0	0.0	0.666
6312	0.0	0.0	0.417
6313	0.0	0.0	0.289
6314	0.0	0.0	0.156
6315	0.0	0.0	0.061
6316	0.0	0.0	0.044
6317	0.0	0.0	0.133
6318	0.0	0.0	0.333
6319	0.0	0.0	0.900
6320	0.0	0.0	0.963
6321	0.0	0.0	0.967
6322	0.0	0.0	1.013
6323	0.0	0.0	0.967
6324	0.0	0.0	0.938
6325	0.0	0.0	0.868
6326	0.0	0.0	0.763
6327	0.0	0.0	0.695
6328	0.0	0.0	0.649
6329	0.0	0.0	0.674
6330	0.0	0.0	0.836
6331	0.0	0.0	0.933
6332	0.0	0.0	1.155
6333	0.0	0.0	1.186
6334	0.0	0.0	1.106
6335	0.0	0.0	0.666
6336	0.0	0.0	0.417
6337	0.0	0.0	0.289
6338	0.0	0.0	0.156
6339	0.0	0.0	0.061
6340	0.0	0.0	0.044
6341	0.0	0.0	0.133
6342	0.0	0.0	0.333
6343	0.0	0.0	0.900
6344	0.0	0.0	0.963
6345	0.0	0.0	0.967
6346	0.0	0.0	1.013
6347	0.0	0.0	0.967
6348	0.0	0.0	0.938
6349	0.0	0.0	0.868
6350	0.0	0.0	0.763
6351	0.0	0.0	0.695
6352	0.0	0.0	0.649
6353	0.0	0.0	0.674
6354	0.0	0.0	0.836
6355	0.0	0.0	0.933
6356	0.0	0.0	1.155
6357	0.0	0.0	1.186
6358	0.0	0.0	1.106
6359	0.0	0.0	0.666
6360	0.0	0.0	0.417
6361	0.0	0.0	0.289
6362	0.0	0.0	0.156
6363	0.0	0.0	0.061
6364	0.0	0.0	0.044
6365	0.0	0.0	0.133
6366	0.0	0.0	0.333
6367	0.0	0.0	0.900
6368	0.0	0.0	0.963
6369	0.0	0.0	0.967
6370	0.0	0.0	1.013
6371	0.0	0.0	0.967
6372	0.0	0.0	0.938
6373	0.0	0.0	0.868
6374	0.0	0.0	0.763
6375	0.0	0.0	0.695
6376	0.0	0.0	0.649
6377	0.0	0.0	0.674
6378	0.0	0.0	0.836
6379	0.0	0.0	0.933
6380	0.0	0.0	1.155
6381	0.0	0.0	1.186
6382	0.0	0.0	1.106
6383	0.0	0.0	0.666
6384	0.0	0.0	0.417
6385	0.0	0.0	0.289
6386	0.0	0.0	0.156
6387	0.0	0.0	0.061
6388	0.0	0.0	0.044
6389	0.0	0.0	0.133
6390	0.0	0.0	0.333
6391	0.0	0.0	0.900
6392	0.0	0.0	0.963
6393	0.0	0.0	0.967
6394	0.0	0.0	1.013
6395	0.0	0.0	0.967
6396	0.0	0.0	0.938
6397	0.0	0.0	0.868
6398	0.0	0.0	0.763
6399	0.0	0.0	0.695
6400	0.0	0.0	0.649
6401	0.0	0.0	0.674
6402	0.0	0.0	0.836
6403	0.0	0.0	0.933
6404	0.0	0.0	1.155
6405	0.0	0.0	1.186
6406	0.0	0.0	1.106
6407	0.0	0.0	0.666
6408	0.0	0.0	0.417
6409	0.0	0.0	0.289
6410	0.0	0.0	0.156
6411	0.0	0.0	0.061
6412	0.0	0.0	0.044
6413	0.0	0.0	0.133
6414	0.0	0.0	0.333
6415	0.0	0.0	0.900
6416	0.0	0.0	0.963
6417	0.0	0.0	0.967
6418	0.0	0.0	1.013
6419	0.0	0.0	0.967
6420	0.0	0.0	0.938
6421	0.0	0.0	0.868
6422	0.0	0.0	0.763
6423	0.0	0.0	0.695
6424	0.0	0.0	0.649
6425	0.0	0.0	0.674
6426	0.0	0.0	0.836
6427	0.0	0.0	0.933
6428	0.0	0.0	1.155
6429	0.0	0.0	1.186
6430	0.0	0.0	1.106
6431	0.0	0.0	0.666
6432	0.0	0.0	0.417
6433	0.0	0.0	0.289
6434	0.0	0.0	0.156
6435	0.0	0.0	0.061
6436	0.0	0.0	0.044
6437	0.0	0.0	0.133
6438	0.0	0.0	0.333
6439	0.0	0.0	0.900
6440	0.0	0.0	0.963
6441	0.0	0.0	0.967
6442	0.0	0.0	1.013
6443	0.0	0.0	0.967
6444	0.0	0.0	0.938
6445	0.0	0.0	0.868
6446	0.0	0.0	0.763
6447	0.0	0.0	0.695
6448	0.0	0.0	0.649
6449	0.0	0.0	0.674
6450	0.0	0.0	0.836
6451	0.0	0.0	0.933
6452	0.0	0.0	1.155
6453	0.0	0.0	1.186
6454	0.0	0.0	1.106
6455	0.0	0.0	0.666
6456	0.0	0.0	0.417
6457	0.0	0.0	0.289
6458	0.0	0.0	0.156
6459	0.0	0.0	0.061
6460	0.0	0.0	0.044
6461	0.0	0.0	0.133
6462	0.0	0.0	0.333
6463	0.0	0.0	0.900
6464	0.0	0.0	0.963
6465	0.0	0.0	0.967
6466	0.0	0.0	1.013
6467	0.0	0.0	0.967
6468	0.0	0.0	0.938
6469	0.0	0.0	0.868
6470	0.0	0.0	0.763
6471	0.0	0.0	0.695
6472	0.0	0.0	0.649
6473	0.0	0.0	0.674
6474	0.0	0.0	0.836
6475	0.0	0.0	0.933
6476	0.0	0.0	1.155
6477	0.0	0.0	1.186
6478	0.0	0.0	1.106
6479	0.0	0.0	0.666
6480	0.0	0.0	0.417
6481	0.0	0.0	0.289
6482	0.0	0.0	0.156
6483	0.0	0.0	0.061
6484	0.0	0.0	0.044
6485	0.0	0.0	0.133
6486	0.0	0.0	0.333
6487	0.0	0.0	0.900
6488	0.0	0.0	0.963
6489	0.0	0.0	0.967
6490	0.0	0.0	1.013
6491	0.0	0.0	0.967
6492	0.0	0.0	0.938
6493	0.0	0.0	0.868
6494	0.0	0.0	0.763
6495	0.0	0.0	0.695
6496	0.0	0.0	0.649
6497	0.0	0.0	0.674
6498	0.0	0.0	0.836
6499	0.0	0.0	0.933
6500	0.0	0.0	1.155
6501	0.0	0.0	1.186
6502	0.0	0.0	1.106
6503	0.0	0.0	0.666
6504	0.0	0.0	0.417
6505	0.0	0.0	0.289
6506	0.0	0.0	0.156
6507	0.0	0.0	0.061
6508	0.0	0.0	0.044
6509	0.0	0.0	0.133
6510	0.0	0.0	0.333
6511	0.0	0.0	0.900
6512	0.0	0.0	0.963
6513	0.0	0.0	0.967
6514	0.0	0.0	1.013
6515	0.0	0.0	0.967
6516	0.0	0.0	0.938
6517	0.0	0.0	0.868
6518	0.0	0.0	0.763
6519	0.0	0.0	0.695
6520	0.0	0.0	0.649
6521	0.0	0.0	0.674
6522	0.0	0.0	0.836
6523	0.0	0.0	0.933
6524	0.0	0.0	1.155
6525	0.0	0.0	1.186
6526	0.0	0.0	1.106
6527	0.0	0.0	0.666
6528	0.0	0.0	0.417
6529	0.0	0.0	0.289
6530	0.0	0.0	0.156
6531	0.0	0.0	0.061
6532	0.0	0.0	0.044
6533	0.0	0.0	0.133
6534	0.0	0.0	0.333
6535	0.0	0.0	0.900
6536	0.0	0.0	0.963
6537	0.0	0.0	0.967
6538	0.0	0.0	1.013
6539	0.0	0.0	0.967
6540	0.0	0.0	0.938
6541	0.0	0.0	0.868
6542	0.0	0.0	0.763
6543	0.0	0.0	0.695
6544	0.0	0.0	0.649
6545	0.0	0.0	0.674
6546	0.0	0.0	0.836
6547	0.0	0.0	0.933
6548	0.0	0.0	1.155
6549	0.0	0.0	1.186
6550	0.0	0.0	1.106
6551	0.0	0.0	0.666
6552	0.0	0.0	0.417
6553	0.0	0.0	0.289
6554	0.0	0.0	0.156
6555	0.0	0.0	0.061
6556	0.0	0.0	0.044
6557	0.0	0.0	0.133
6558	0.0	0.0	0.333
6559	0.0	0.0	0.900
6560	0.0	0.0	0.963
6561	0.0	0.0	0.967
6562	0.0	0.0	1.013
6563	0.0	0.0	0.967
6564	0.0	0.0	0.938
6565	0.0	0.0	0.868
6566	0.0	0.0	0.763
6567	0.0	0.0	0.695
6568	0.0	0.0	0.649
6569	0.0	0.0	0.674
6570	0.0	0.0	0.836
6571	0.0	0.0	0.933
6572	0.0	0.0	1.155
6573	0.0	0.0	1.186
6574	0.0	0.0	1.106
6575	0.0	0.0	0.666
6576	0.0	0.0	0.417
6577	1.6	0.0	0.289
6578	2.0	0.0	0.156
6579	2.2	0.0	0.061
6580	2.3	0.0	0.044
6581	2.5	0.0	0.133
6582	2.5	0.0	0.333
6583	2.5	0.0	0.900
6584	2.6	0.0	0.963
6585	2.4	0.0	0.967
6586	2.1	0.0	1.013
6587	1.7	0.0	0.967
6588	1.4	0.0	0.938
6589	1.2	0.0	0.868
6590	1.1	0.0	0.763
6591	0.6	0.0	0.695
6592	0.7	0.0	0.649
6593	0.9	0.0	0.674
6594	1.4	0.0	0.836
6595	1.8	0.0	0.933
6596	2.2	0.0	1.155
6597	2.4	0.0	1.186
6598	2.5	0.0	1.106
6599	2.9	0.0	0.666
6600	3.2	0.0	0.417
6601	3.6	0.0	0.289
6602	3.5	0.0	0.156
6603	3.5	0.0	0.061
6604	3.6	0.0	0.044
6605	3.9	0.0	0.133
6606	4.1	0.0	0.333
6607	3.8	0.0	0.900
6608	3.7	0.0	0.963
6609	3.4	0.0	0.967
6610	3.1	0.0	1.013
6611	2.8	0.0	0.967
6612	2.4	0.0	0.938
6613	2.2	0.0	0.868
6614	2.0	0.0	0.763
6615	1.9	0.0	0.695
6616	2.1	0.0	0.649
6617	2.1	0.0	0.674
6618	2.4	0.0	0.836
6619	2.4	0.0	0.933
6620	2.6	0.0	1.155
6621	2.7	0.0	1.186
6622	2.6	0.0	1.106
6623	2.6	0.0	0.666
6624	2.8	0.0	0.417
6625	2.6	0.0	0.289
6626	2.8	0.0	0.156
6627	2.9	0.0	0.061
6628	3.1	0.0	0.044
6629	3.2	0.0	0.133
6630	3.1	0.0	0.333
6631	3.0	0.0	0.900
6632	3.1	0.0	0.963
6633	3.0	0.0	0.967
6634	2.6	0.0	1.013
6635	2.2	0.0	0.967
6636	1.9	0.0	0.938
6637	1.5	0.0	0.868
6638	1.5	0.0	0.763
6639	1.4	0.0	0.695
6640	1.4	0.0	0.649
6641	1.7	0.0	0.674
6642	1.8	0.0	0.836
6643	2.3	0.0	0.933
6644	2.2	0.0	1.155
6645	2.7	0.0	1.186
6646	2.9	0.0	1.106
6647	3.2	0.0	0.666
6648	3.6	0.0	0.417
6649	3.7	0.0	0.289
6650	3.9	0.0	0.156
6651	3.7	0.0	0.061
6652	3.8	0.0	0.044
6653	3.8	0.0	0.133
6654	3.7	0.0	0.333
6655	3.7	0.0	0.900
6656	3.6	0.0	0.963
6657	3.1	0.0	0.967
6658	2.6	0.0	1.013
6659	2.3	0.0	0.967
6660	1.9	0.0	0.938
6661	1.5	0.0	0.868
6662	1.1	0.0	0.763
6663	1.2	0.0	0.695
6664	1.2	0.0	0.649
6665	1.4	0.0	0.674
6666	1.7	0.0	0.836
6667	1.9	0.0	0.933
6668	2.0	0.0	1.155
6669	2.2	0.0	1.186
6670	2.4	0.0	1.106
6671	2.6	0.0	0.666
6672	2.5	0.0	0.417
6673	2.6	0.0	0.289
6674	2.9	0.0	0.156
6675	3.2	0.0	0.061
6676	3.4	0.0	0.044
6677	3.6	0.0	0.133
6678	3.8	0.0	0.333
6679	3.9	0.0	0.900
6680	3.9	0.0	0.963
6681	3.7	0.0	0.967
6682	3.2	0.0	1.013
6683	2.9	0.0	0.967
6684	2.8	0.0	0.938
6685	2.6	0.0	0.868
6686	2.2	0.0	0.763
6687	2.0	0.0	0.695
6688	2.2	0.0	0.649
6689	2.4	0.0	0.674
6690	2.8	0.0	0.836
6691	3.1	0.0	0.933
6692	3.4	0.0	1.155
6693	3.6	0.0	1.186
6694	3.8	0.0	1.106
6695	4.1	0.0	0.666
6696	4.2	0.0	0.417
6697	4.7	0.0	0.289
6698	4.8	0.0	0.156
6699	5.1	0.0	0.061
6700	5.0	0.0	0.044
6701	5.0	0.0	0.133
6702	5.2	0.0	0.333
6703	5.1	0.0	0.900
6704	5.2	0.0	0.963
6705	5.2	0.0	0.967
6706	4.7	0.0	1.013
6707	4.2	0.0	0.967
6708	4.0	0.0	0.938
6709	3.9	0.0	0.868
6710	3.7	0.0	0.763
6711	3.6	0.0	0.695
6712	3.6	0.0	0.649
6713	3.7	0.0	0.674
6714	3.9	0.0	0.836
6715	4.1	0.0	0.933
6716	4.1	0.0	1.155
6717	4.3	0.0	1.186
6718	4.5	0.0	1.106
6719	4.6	0.0	0.666
6720	4.7	0.0	0.417
6721	4.7	0.0	0.289
6722	4.7	0.0	0.156
6723	4.8	0.0	0.061
6724	4.7	0.0	0.044
6725	4.7	0.0	0.133
6726	4.8	0.0	0.333
6727	4.9	0.0	0.900
6728	5.0	0.0	0.963
6729	4.6	0.0	0.967
6730	4.1	0.0	1.013
6731	3.6	0.0	0.967
6732	3.2	0.0	0.938
6733	2.9	0.0	0.868
6734	2.7	0.0	0.763
6735	2.6	0.0	0.695
6736	2.9	0.0	0.649
6737	3.1	0.0	0.674
6738	3.4	0.0	0.836
6739	3.5	0.0	0.933
6740	3.8	0.0	1.155
6741	3.9	0.0	1.186
6742	4.1	0.0	1.106
6743	4.1	0.0	0.666
6744	4.3	0.0	0.417
6745	4.3	0.0	0.289
6746	4.4	0.0	0.156
6747	4.5	0.0	0.061
6748	4.6	0.0	0.044
6749	4.7	0.0	0.133
6750	4.7	0.0	0.333
6751	4.8	0.0	0.900
6752	4.7	0.0	0.963
6753	4.5	0.0	0.967
6754	4.3	0.0	1.013
6755	4.1	0.0	0.967
6756	3.6	0.0	0.938
6757	3.7	0.0	0.868
6758	3.5	0.0	0.763
6759	3.4	0.0	0.695
6760	3.4	0.0	0.649
6761	3.7	0.0	0.674
6762	3.8	0.0	0.836
6763	4.1	0.0	0.933
6764	4.5	0.0	1.155
6765	4.7	0.0	1.186
6766	4.8	0.0	1.106
6767	5.0	0.0	0.666
6768	5.1	0.0	0.417
6769	5.0	0.0	0.289
6770	5.3	0.0	0.156
6771	5.2	0.0	0.061
6772	5.1	0.0	0.044
6773	5.1	0.0	0.133
6774	5.2	0.0	0.333
6775	5.1	0.0	0.900
6776	5.1	0.0	0.963
6777	4.8	0.0	0.967
6778	4.5	0.0	1.013
6779	4.1	0.0	0.967
6780	3.8	0.0	0.938
6781	3.2	0.0	0.868
6782	2.9	0.0	0.763
6783	2.9	0.0	0.695
6784	3.0	0.0	0.649
6785	3.2	0.0	0.674
6786	3.4	0.0	0.836
6787	3.6	0.0	0.933
6788	3.8	0.0	1.155
6789	4.0	0.0	1.186
6790	4.0	0.0	1.106
6791	4.2	0.0	0.666
6792	4.4	0.0	0.417
6793	4.4	0.0	0.289
6794	4.3	0.0	0.156
6795	4.4	0.0	0.061
6796	4.4	0.0	0.044
6797	4.5	0.0	0.133
6798	4.5	0.0	0.333
6799	4.7	0.0	0.900
6800	4.7	0.0	0.963
6801	4.6	0.0	0.967
6802	4.3	0.0	1.013
6803	4.2	0.0	0.967
6804	4.0	0.0	0.938
6805	3.7	0.0	0.868
6806	3.5	0.0	0.763
6807	3.5	0.0	0.695
6808	3.3	0.0	0.649
6809	3.4	0.0	0.674
6810	3.4	0.0	0.836
6811	3.7	0.0	0.933
6812	3.7	0.0	1.155
6813	3.8	0.0	1.186
6814	3.7	0.0	1.106
6815	3.7	0.0	0.666
6816	3.7	0.0	0.417
6817	3.5	0.0	0.289
6818	3.2	0.0	0.156
6819	3.2	0.0	0.061
6820	3.4	0.0	0.044
6821	3.4	0.0	0.133
6822	3.3	0.0	0.333
6823	3.4	0.0	0.900
6824	3.2	0.0	0.963
6825	3.1	0.0	0.967
6826	3.0	0.0	1.013
6827	3.0	0.0	0.967
6828	2.8	0.0	0.938
6829	2.5	0.0	0.868
6830	2.2	0.0	0.763
6831	2.2	0.0	0.695
6832	2.1	0.0	0.649
6833	1.9	0.0	0.674
6834	2.0	0.0	0.836
6835	1.9	0.0	0.933
6836	2.0	0.0	1.155
6837	2.0	0.0	1.186
6838	2.0	0.0	1.106
6839	1.9	0.0	0.666
6840	1.9	0.0	0.417
6841	1.9	0.0	0.289
6842	2.2	0.0	0.156
6843	2.5	0.0	0.061
6844	2.5	0.0	0.044
6845	2.8	0.0	0.133
6846	2.9	0.0	0.333
6847	3.1	0.0	0.900
6848	3.0	0.0	0.963
6849	3.1	0.0	0.967
6850	2.9	0.0	1.013
6851	2.7	0.0	0.967
6852	2.4	0.0	0.938
6853	2.1	0.0	0.868
6854	2.0	0.0	0.763
6855	2.1	0.0	0.695
6856	2.2	0.0	0.649
6857	2.5	0.0	0.674
6858	2.8	0.0	0.836
6859	3.2	0.0	0.933
6860	3.7	0.0	1.155
6861	3.9	0.0	1.186
6862	4.1	0.0	1.106
6863	4.5	0.0	0.666
6864	4.8	0.0	0.417
6865	5.1	0.0	0.289
6866	5.1	0.0	0.156
6867	5.2	0.0	0.061
6868	5.0	0.0	0.044
6869	4.9	0.0	0.133
6870	4.9	0.0	0.333
6871	5.0	0.0	0.900
6872	5.0	0.0	0.963
6873	4.9	0.0	0.967
6874	4.6	0.0	1.013
6875	4.0	0.0	0.967
6876	3.6	0.0	0.938
6877	3.2	0.0	0.868
6878	3.0	0.0	0.763
6879	2.6	0.0	0.695
6880	2.4	0.0	0.649
6881	2.5	0.0	0.674
6882	2.8	0.0	0.836
6883	3.1	0.0	0.933
6884	3.5	0.0	1.155
6885	3.7	0.0	1.186
6886	3.9	0.0	1.106
6887	4.1	0.0	0.666
6888	4.2	0.0	0.417
6889	4.2	0.0	0.289
6890	4.4	0.0	0.156
6891	4.5	0.0	0.061
6892	4.6	0.0	0.044
6893	4.6	0.0	0.133
6894	4.5	0.0	0.333
6895	4.5	0.0	0.900
6896	4.2	0.0	0.963
6897	4.0	0.0	0.967
6898	3.6	0.0	1.013
6899	3.2	0.0	0.967
6900	2.9	0.0	0.938
6901	2.4	0.0	0.868
6902	2.1	0.0	0.763
6903	2.0	0.0	0.695
6904	2.0	0.0	0.649
6905	2.0	0.0	0.674
6906	2.1	0.0	0.836
6907	2.4	0.0	0.933
6908	2.6	0.0	1.155
6909	2.7	0.0	1.186
6910	2.6	0.0	1.106
6911	2.7	0.0	0.666
6912	2.8	0.0	0.417
6913	2.8	0.0	0.289
6914	2.7	0.0	0.156
6915	2.8	0.0	0.061
6916	2.8	0.0	0.044
6917	2.8	0.0	0.133
6918	2.8	0.0	0.333
6919	2.8	0.0	0.900
6920	2.9	0.0	0.963
6921	2.5	0.0	0.967
6922	2.1	0.0	1.013
6923	1.7	0.0	0.967
6924	1.4	0.0	0.938
6925	1.1	0.0	0.868
6926	0.9	0.0	0.763
6927	0.9	0.0	0.695
6928	1.0	0.0	0.649
6929	1.0	0.0	0.674
6930	1.2	0.0	0.836
6931	1.4	0.0	0.933
6932	1.6	0.0	1.155
6933	1.9	0.0	1.186
6934	1.8	0.0	1.106
6935	1.7	0.0	0.666
6936	2.0	0.0	0.417
6937	2.0	0.0	0.289
6938	2.1	0.0	0.156
6939	2.1	0.0	0.061
6940	2.0	0.0	0.044
6941	2.1	0.0	0.133
6942	2.1	0.0	0.333
6943	2.1	0.0	0.900
6944	2.4	0.0	0.963
6945	2.4	0.0	0.967
6946	2.1	0.0	1.013
6947	2.0	0.0	0.967
6948	1.9	0.0	0.938
6949	1.9	0.0	0.868
6950	1.8	0.0	0.763
6951	1.7	0.0	0.695
6952	1.7	0.0	0.649
6953	1.9	0.0	0.674
6954	2.1	0.0	0.836
6955	2.3	0.0	0.933
6956	2.5	0.0	1.155
6957	2.4	0.0	1.186
6958	2.5	0.0	1.106
6959	2.6	0.0	0.666
6960	2.7	0.0	0.417
6961	2.7	0.0	0.289
6962	2.6	0.0	0.156
6963	2.7	0.0	0.061
6964	2.7	0.0	0.044
6965	2.7	0.0	0.133
6966	2.8	0.0	0.333
6967	2.7	0.0	0.900
6968	2.8	0.0	0.963
6969	2.8	0.0	0.967
6970	2.6	0.0	1.013
6971	2.4	0.0	0.967
6972	2.4	0.0	0.938
6973	2.1	0.0	0.868
6974	2.1	0.0	0.763
6975	1.9	0.0	0.695
6976	2.2	0.0	0.649
6977	2.4	0.0	0.674
6978	2.6	0.0	0.836
6979	2.5	0.0	0.933
6980	2.7	0.0	1.155
6981	2.7	0.0	1.186
6982	2.9	0.0	1.106
6983	3.1	0.0	0.666
6984	3.4	0.0	0.417
6985	3.5	0.0	0.289
6986	3.5	0.0	0.156
6987	3.7	0.0	0.061
6988	3.8	0.0	0.044
6989	3.9	0.0	0.133
6990	4.0	0.0	0.333
6991	3.9	0.0	0.900
6992	3.8	0.0	0.963
6993	3.5	0.0	0.967
6994	3.2	0.0	1.013
6995	2.8	0.0	0.967
6996	2.5	0.0	0.938
6997	2.0	0.0	0.868
6998	2.0	0.0	0.763
6999	1.5	0.0	0.695
7000	1.6	0.0	0.649
7001	1.7	0.0	0.674
7002	2.0	0.0	0.836
7003	2.3	0.0	0.933
7004	2.3	0.0	1.155
7005	2.6	0.0	1.186
7006	2.8	0.0	1.106
7007	2.8	0.0	0.666
7008	3.0	0.0	0.417
7009	3.0	0.0	0.289
7010	3.1	0.0	0.156
7011	3.1	0.0	0.061
7012	3.3	0.0	0.044
7013	3.2	0.0	0.133
7014	3.2	0.0	0.333
7015	3.4	0.0	0.900
7016	3.3	0.0	0.963
7017	2.9	0.0	0.967
7018	2.5	0.0	1.013
7019	2.2	0.0	0.967
7020	1.7	0.0	0.938
7021	1.3	0.0	0.868
7022	1.0	0.0	0.763
7023	0.8	0.0	0.695
7024	0.7	0.0	0.649
7025	0.9	0.0	0.674
7026	1.0	0.0	0.836
7027	1.2	0.0	0.933
7028	1.4	0.0	1.155
7029	1.6	0.0	1.186
7030	1.8	0.0	1.106
7031	2.0	0.0	0.666
7032	2.1	0.0	0.417
7033	2.2	0.0	0.289
7034	2.0	0.0	0.156
7035	2.1	0.0	0.061
7036	2.1	0.0	0.044
7037	2.0	0.0	0.133
7038	1.9	0.0	0.333
7039	1.9	0.0	0.900
7040	2.0	0.0	0.963
7041	1.8	0.0	0.967
7042	1.8	0.0	1.013
7043	1.5	0.0	0.967
7044	1.5	0.0	0.938
7045	1.1	0.0	0.868
7046	0.9	0.0	0.763
7047	0.7	0.0	0.695
7048	0.7	0.0	0.649
7049	0.6	0.0	0.674
7050	0.7	0.0	0.836
7051	1.0	0.0	0.933
7052	1.0	0.0	1.155
7053	1.1	0.0	1.186
7054	1.2	0.0	1.106
7055	1.3	0.0	0.666
7056	1.1	0.0	0.417
7057	0.0	0.0	0.289
7058	0.0	0.0	0.156
7059	0.0	0.0	0.061
7060	0.0	0.0	0.044
7061	0.0	0.0	0.133
7062	0.0	0.0	0.333
7063	0.0	0.0	0.900
7064	0.0	0.0	0.963
7065	0.0	0.0	0.967
7066	0.0	0.0	1.013
7067	0.0	0.0	0.967
7068	0.0	0.0	0.938
7069	0.0	0.0	0.868
7070	0.0	0.0	0.763
7071	0.0	0.0	0.695
7072	0.0	0.0	0.649
7073	0.0	0.0	0.674
7074	0.0	0.0	0.836
7075	0.0	0.0	0.933
7076	0.0	0.0	1.155
7077	0.0	0.0	1.186
7078	0.0	0.0	1.106
7079	0.0	0.0	0.666
7080	0.0	0.0	0.417
7081	1.5	0.0	0.289
7082	1.6	0.0	0.156
7083	1.7	0.0	0.061
7084	1.9	0.0	0.044
7085	1.8	0.0	0.133
7086	2.0	0.0	0.333
7087	2.1	0.0	0.900
7088	2.1	0.0	0.963
7089	1.9	0.0	0.967
7090	1.7	0.0	1.013
7091	1.4	0.0	0.967
7092	1.3	0.0	0.938
7093	1.2	0.0	0.868
7094	1.0	0.0	0.763
7095	1.1	0.0	0.695
7096	1.0	0.0	0.649
7097	1.4	0.0	0.674
7098	1.8	0.0	0.836
7099	2.0	0.0	0.933
7100	2.3	0.0	1.155
7101	2.5	0.0	1.186
7102	2.8	0.0	1.106
7103	3.0	0.0	0.666
7104	3.4	0.0	0.417
7105	3.5	0.0	0.289
7106	3.4	0.0	0.156
7107	3.4	0.0	0.061
7108	3.3	0.0	0.044
7109	3.3	0.0	0.133
7110	3.4	0.0	0.333
7111	3.3	0.0	0.900
7112	3.2	0.0	0.963
7113	2.9	0.0	0.967
7114	2.5	0.0	1.013
7115	2.3	0.0	0.967
7116	2.0	0.0	0.938
7117	1.8	0.0	0.868
7118	1.5	0.0	0.763
7119	1.4	0.0	0.695
7120	1.4	0.0	0.649
7121	1.4	0.0	0.674
7122	1.4	0.0	0.836
7123	1.8	0.0	0.933
7124	1.9	0.0	1.155
7125	1.9	0.0	1.186
7126	2.1	0.0	1.106
7127	2.2	0.0	0.666
7128	2.1	0.0	0.417
7129	2.0	0.0	0.289
7130	2.3	0.0	0.156
7131	2.3	0.0	0.061
7132	2.6	0.0	0.044
7133	3.0	0.0	0.133
7134	3.2	0.0	0.333
7135	3.2	0.0	0.900
7136	3.2	0.0	0.963
7137	3.1	0.0	0.967
7138	2.8	0.0	1.013
7139	2.4	0.0	0.967
7140	2.1	0.0	0.938
7141	1.8	0.0	0.868
7142	1.7	0.0	0.763
7143	1.7	0.0	0.695
7144	1.5	0.0	0.649
7145	1.9	0.0	0.674
7146	2.4	0.0	0.836
7147	2.7	0.0	0.933
7148	3.2	0.0	1.155
7149	3.4	0.0	1.186
7150	3.8	0.0	1.106
7151	4.0	0.0	0.666
7152	3.9	0.0	0.417
7153	4.3	0.0	0.289
7154	4.2	0.0	0.156
7155	4.3	0.0	0.061
7156	4.2	0.0	0.044
7157	4.1	0.0	0.133
7158	4.0	0.0	0.333
7159	4.0	0.0	0.900
7160	4.0	0.0	0.963
7161	3.7	0.0	0.967
7162	3.4	0.0	1.013
7163	3.2	0.0	0.967
7164	2.8	0.0	0.938
7165	2.8	0.0	0.868
7166	2.8	0.0	0.763
7167	2.8	0.0	0.695
7168	2.6	0.0	0.649
7169	2.6	0.0	0.674
7170	3.0	0.0	0.836
7171	2.9	0.0	0.933
7172	2.7	0.0	1.155
7173	2.8	0.0	1.186
7174	2.9	0.0	1.106
7175	3.1	0.0	0.666
7176	3.1	0.0	0.417
7177	3.1	0.0	0.289
7178	3.1	0.0	0.156
7179	3.1	0.0	0.061
7180	3.2	0.0	0.044
7181	3.4	0.0	0.133
7182	3.5	0.0	0.333
7183	3.5	0.0	0.900
7184	3.4	0.0	0.963
7185	3.5	0.0	0.967
7186	3.3	0.0	1.013
7187	3.3	0.0	0.967
7188	3.1	0.0	0.938
7189	3.0	0.0	0.868
7190	2.9	0.0	0.763
7191	2.9	0.0	0.695
7192	2.9	0.0	0.649
7193	3.2	0.0	0.674
7194	3.2	0.0	0.836
7195	3.3	0.0	0.933
7196	3.5	0.0	1.155
7197	3.6	0.0	1.186
7198	3.6	0.0	1.106
7199	3.5	0.0	0.666
7200	3.5	0.0	0.417
7201	3.4	0.0	0.289
7202	3.5	0.0	0.156
7203	3.6	0.0	0.061
7204	3.8	0.0	0.044
7205	3.8	0.0	0.133
7206	3.7	0.0	0.333
7207	3.8	0.0	0.900
7208	3.9	0.0	0.963
7209	3.9	0.0	0.967
7210	3.5	0.0	1.013
7211	3.3	0.0	0.967
7212	3.1	0.0	0.938
7213	3.0	0.0	0.868
7214	2.8	0.0	0.763
7215	2.8	0.0	0.695
7216	2.8	0.0	0.649
7217	2.9	0.0	0.674
7218	3.1	0.0	0.836
7219	3.5	0.0	0.933
7220	3.7	0.0	1.155
7221	3.9	0.0	1.186
7222	3.9	0.0	1.106
7223	3.8	0.0	0.666
7224	4.0	0.0	0.417
7225	4.1	0.0	0.289
7226	4.4	0.0	0.156
7227	4.2	0.0	0.061
7228	4.6	0.0	0.044
7229	4.6	0.0	0.133
7230	4.8	0.0	0.333
7231	4.7	0.0	0.900
7232	4.8	0.0	0.963
7233	4.6	0.0	0.967
7234	4.0	0.0	1.013
7235	3.6	0.0	0.967
7236	3.2	0.0	0.938
7237	2.9	0.0	0.868
7238	2.4	0.0	0.763
7239	2.4	0.0	0.695
7240	2.6	0.0	0.649
7241	3.0	0.0	0.674
7242	3.3	0.0	0.836
7243	3.8	0.0	0.933
7244	4.1	0.0	1.155
7245	4.3	0.0	1.186
7246	4.7	0.0	1.106
7247	4.9	0.0	0.666
7248	5.3	0.0	0.417
7249	5.5	0.0	0.289
7250	5.8	0.0	0.156
7251	5.8	0.0	0.061
7252	5.7	0.0	0.044
7253	5.7	0.0	0.133
7254	5.7	0.0	0.333
7255	5.8	0.0	0.900
7256	5.7	0.0	0.963
7257	5.5	0.0	0.967
7258	5.2	0.0	1.013
7259	4.7	0.0	0.967
7260	4.1	0.0	0.938
7261	3.8	0.0	0.868
7262	3.5	0.0	0.763
7263	3.3	0.0	0.695
7264	3.2	0.0	0.649
7265	3.3	0.0	0.674
7266	4.0	0.0	0.836
7267	4.4	0.0	0.933
7268	4.6	0.0	1.155
7269	4.8	0.0	1.186
7270	4.9	0.0	1.106
7271	5.2	0.0	0.666
7272	5.4	0.0	0.417
7273	5.5	0.0	0.289
7274	5.5	0.0	0.156
7275	5.3	0.0	0.061
7276	5.3	0.0	0.044
7277	5.4	0.0	0.133
7278	5.5	0.0	0.333
7279	5.7	0.0	0.900
7280	5.5	0.0	0.963
7281	5.1	0.0	0.967
7282	4.9	0.0	1.013
7283	4.4	0.0	0.967
7284	3.8	0.0	0.938
7285	3.3	0.0	0.868
7286	3.1	0.0	0.763
7287	2.9	0.0	0.695
7288	2.9	0.0	0.649
7289	2.9	0.0	0.674
7290	3.3	0.0	0.836
7291	3.7	0.0	0.933
7292	4.0	0.0	1.155
7293	4.2	0.0	1.186
7294	4.5	0.0	1.106
7295	4.8	0.0	0.666
7296	5.0	0.0	0.417
7297	8.7	0.0	0.289
7298	8.8	0.0	0.156
7299	9.2	0.0	0.061
7300	9.2	0.0	0.044
7301	9.2	0.0	0.133
7302	9.2	0.0	0.333
7303	9.1	0.0	0.900
7304	9.3	0.0	0.963
7305	9.0	0.0	0.967
7306	8.5	0.0	1.013
7307	7.6	0.0	0.967
7308	7.7	0.0	0.938
7309	7.2	0.0	0.868
7310	7.2	0.0	0.763
7311	7.1	0.0	0.695
7312	7.5	0.0	0.649
7313	7.8	0.0	0.674
7314	8.1	0.0	0.836
7315	8.3	0.0	0.933
7316	8.2	0.0	1.155
7317	8.6	0.0	1.186
7318	8.4	0.0	1.106
7319	8.4	0.0	0.666
7320	8.8	0.0	0.417
7321	9.0	0.0	0.289
7322	9.2	0.0	0.156
7323	8.9	0.0	0.061
7324	8.5	0.0	0.044
7325	8.4	0.0	0.133
7326	8.2	0.0	0.333
7327	8.2	0.0	0.900
7328	8.2	0.0	0.963
7329	7.6	0.0	0.967
7330	7.2	0.0	1.013
7331	6.5	0.0	0.967
7332	6.0	0.0	0.938
7333	5.6	0.0	0.868
7334	5.2	0.0	0.763
7335	4.7	0.0	0.695
7336	4.8	0.0	0.649
7337	5.1	0.0	0.674
7338	4.8	0.0	0.836
7339	5.1	0.0	0.933
7340	4.9	0.0	1.155
7341	4.9	0.0	1.186
7342	4.9	0.0	1.106
7343	4.8	0.0	0.666
7344	4.8	0.0	0.417
7345	4.5	0.0	0.289
7346	4.6	0.0	0.156
7347	4.6	0.0	0.061
7348	4.7	0.0	0.044
7349	5.3	0.0	0.133
7350	5.0	0.0	0.333
7351	4.9	0.0	0.900
7352	4.7	0.0	0.963
7353	4.4	0.0	0.967
7354	4.2	0.0	1.013
7355	3.7	0.0	0.967
7356	2.9	0.0	0.938
7357	2.6	0.0	0.868
7358	2.2	0.0	0.763
7359	2.3	0.0	0.695
7360	2.4	0.0	0.649
7361	2.7	0.0	0.674
7362	3.1	0.0	0.836
7363	3.0	0.0	0.933
7364	3.1	0.0	1.155
7365	3.1	0.0	1.186
7366	3.7	0.0	1.106
7367	3.8	0.0	0.666
7368	4.3	0.0	0.417
7369	4.4	0.0	0.289
7370	4.2	0.0	0.156
7371	4.4	0.0	0.061
7372	4.2	0.0	0.044
7373	4.2	0.0	0.133
7374	4.5	0.0	0.333
7375	4.3	0.0	0.900
7376	4.4	0.0	0.963
7377	4.8	0.0	0.967
7378	5.0	0.0	1.013
7379	4.8	0.0	0.967
7380	4.6	0.0	0.938
7381	4.5	0.0	0.868
7382	4.2	0.0	0.763
7383	4.1	0.0	0.695
7384	4.3	0.0	0.649
7385	4.5	0.0	0.674
7386	4.8	0.0	0.836
7387	5.1	0.0	0.933
7388	5.2	0.0	1.155
7389	5.2	0.0	1.186
7390	5.4	0.0	1.106
7391	5.6	0.0	0.666
7392	5.4	0.0	0.417
7393	5.3	0.0	0.289
7394	5.4	0.0	0.156
7395	5.5	0.0	0.061
7396	5.6	0.0	0.044
7397	5.9	0.0	0.133
7398	6.1	0.0	0.333
7399	6.4	0.0	0.900
7400	6.8	0.0	0.963
7401	6.8	0.0	0.967
7402	6.5	0.0	1.013
7403	5.9	0.0	0.967
7404	5.3	0.0	0.938
7405	5.0	0.0	0.868
7406	4.5	0.0	0.763
7407	4.4	0.0	0.695
7408	4.8	0.0	0.649
7409	5.3	0.0	0.674
7410	5.6	0.0	0.836
7411	5.6	0.0	0.933
7412	6.0	0.0	1.155
7413	5.8	0.0	1.186
7414	5.9	0.0	1.106
7415	5.9	0.0	0.666
7416	6.3	0.0	0.417
7417	6.0	0.0	0.289
7418	6.0	0.0	0.156
7419	6.3	0.0	0.061
7420	6.8	0.0	0.044
7421	7.0	0.0	0.133
7422	7.2	0.0	0.333
7423	7.2	0.0	0.900
7424	7.1	0.0	0.963
7425	7.0	0.0	0.967
7426	6.8	0.0	1.013
7427	6.5	0.0	0.967
7428	6.0	0.0	0.938
7429	6.0	0.0	0.868
7430	5.7	0.0	0.763
7431	5.9	0.0	0.695
7432	6.2	0.0	0.649
7433	6.2	0.0	0.674
7434	6.2	0.0	0.836
7435	6.6	0.0	0.933
7436	6.6	0.0	1.155
7437	6.7	0.0	1.186
7438	7.0	0.0	1.106
7439	7.1	0.0	0.666
7440	7.2	0.0	0.417
7441	7.4	0.0	0.289
7442	7.5	0.0	0.156
7443	7.7	0.0	0.061
7444	7.4	0.0	0.044
7445	7.2	0.0	0.133
7446	7.4	0.0	0.333
7447	7.6	0.0	0.900
7448	7.3	0.0	0.963
7449	7.1	0.0	0.967
7450	6.7	0.0	1.013
7451	6.1	0.0	0.967
7452	5.8	0.0	0.938
7453	5.0	0.0	0.868
7454	4.6	0.0	0.763
7455	4.8	0.0	0.695
7456	4.7	0.0	0.649
7457	5.4	0.0	0.674
7458	5.6	0.0	0.836
7459	5.8	0.0	0.933
7460	5.6	0.0	1.155
7461	5.6	0.0	1.186
7462	5.6	0.0	1.106
7463	5.7	0.0	0.666
7464	6.1	0.0	0.417
7465	6.0	0.0	0.289
7466	6.3	0.0	0.156
7467	6.4	0.0	0.061
7468	6.3	0.0	0.044
7469	6.3	0.0	0.133
7470	6.6	0.0	0.333
7471	7.1	0.0	0.900
7472	7.3	0.0	0.963
7473	7.1	0.0	0.967
7474	6.5	0.0	1.013
7475	6.0	0.0	0.967
7476	5.7	0.0	0.938
7477	5.2	0.0	0.868
7478	5.0	0.0	0.763
7479	5.0	0.0	0.695
7480	5.7	0.0	0.649
7481	5.7	0.0	0.674
7482	6.3	0.0	0.836
7483	6.3	0.0	0.933
7484	6.4	0.0	1.155
7485	6.7	0.0	1.186
7486	6.7	0.0	1.106
7487	6.8	0.0	0.666
7488	7.0	0.0	0.417
7489	7.3	0.0	0.289
7490	7.4	0.0	0.156
7491	7.3	0.0	0.061
7492	7.3	0.0	0.044
7493	7.4	0.0	0.133
7494	7.1	0.0	0.333
7495	6.4	0.0	0.900
7496	6.1	0.0	0.963
7497	5.5	0.0	0.967
7498	5.3	0.0	1.013
7499	4.8	0.0	0.967
7500	4.1	0.0	0.938
7501	3.6	0.0	0.868
7502	2.8	0.0	0.763
7503	2.8	0.0	0.695
7504	3.0	0.0	0.649
7505	3.2	0.0	0.674
7506	3.7	0.0	0.836
7507	3.9	0.0	0.933
7508	4.0	0.0	1.155
7509	3.7	0.0	1.186
7510	3.8	0.0	1.106
7511	3.9	0.0	0.666
7512	4.0	0.0	0.417
7513	3.8	0.0	0.289
7514	3.9	0.0	0.156
7515	4.4	0.0	0.061
7516	4.3	0.0	0.044
7517	4.1	0.0	0.133
7518	4.6	0.0	0.333
7519	5.0	0.0	0.900
7520	4.9	0.0	0.963
7521	4.5	0.0	0.967
7522	4.4	0.0	1.013
7523	3.8	0.0	0.967
7524	3.1	0.0	0.938
7525	2.4	0.0	0.868
7526	2.4	0.0	0.763
7527	2.1	0.0	0.695
7528	1.9	0.0	0.649
7529	2.3	0.0	0.674
7530	2.5	0.0	0.836
7531	2.6	0.0	0.933
7532	3.1	0.0	1.155
7533	3.3	0.0	1.186
7534	3.5	0.0	1.106
7535	3.7	0.0	0.666
7536	3.9	0.0	0.417
7537	4.3	0.0	0.289
7538	4.5	0.0	0.156
7539	5.0	0.0	0.061
7540	5.0	0.0	0.044
7541	5.1	0.0	0.133
7542	5.4	0.0	0.333
7543	5.1	0.0	0.900
7544	5.3	0.0	0.963
7545	5.3	0.0	0.967
7546	4.9	0.0	1.013
7547	4.7	0.0	0.967
7548	4.5	0.0	0.938
7549	4.0	0.0	0.868
7550	3.7	0.0	0.763
7551	3.3	0.0	0.695
7552	3.4	0.0	0.649
7553	3.7	0.0	0.674
7554	4.0	0.0	0.836
7555	4.5	0.0	0.933
7556	4.6	0.0	1.155
7557	4.9	0.0	1.186
7558	5.0	0.0	1.106
7559	5.0	0.0	0.666
7560	5.2	0.0	0.417
7561	5.0	0.0	0.289
7562	5.5	0.0	0.156
7563	5.5	0.0	0.061
7564	5.6	0.0	0.044
7565	5.4	0.0	0.133
7566	5.4	0.0	0.333
7567	5.5	0.0	0.900
7568	5.6	0.0	0.963
7569	5.9	0.0	0.967
7570	5.5	0.0	1.013
7571	5.1	0.0	0.967
7572	4.8	0.0	0.938
7573	4.4	0.0	0.868
7574	4.3	0.0	0.763
7575	4.3	0.0	0.695
7576	4.3	0.0	0.649
7577	3.9	0.0	0.674
7578	4.4	0.0	0.836
7579	4.7	0.0	0.933
7580	4.6	0.0	1.155
7581	4.7	0.0	1.186
7582	4.6	0.0	1.106
7583	4.3	0.0	0.666
7584	4.7	0.0	0.417
7585	4.9	0.0	0.289
7586	5.2	0.0	0.156
7587	5.3	0.0	0.061
7588	5.8	0.0	0.044
7589	5.8	0.0	0.133
7590	5.7	0.0	0.333
7591	6.0	0.0	0.900
7592	6.3	0.0	0.963
7593	6.3	0.0	0.967
7594	6.3	0.0	1.013
7595	5.8	0.0	0.967
7596	5.9	0.0	0.938
7597	5.8	0.0	0.868
7598	6.0	0.0	0.763
7599	6.3	0.0	0.695
7600	6.7	0.0	0.649
7601	7.0	0.0	0.674
7602	7.5	0.0	0.836
7603	7.9	0.0	0.933
7604	8.0	0.0	1.155
7605	8.0	0.0	1.186
7606	8.1	0.0	1.106
7607	8.6	0.0	0.666
7608	8.8	0.0	0.417
7609	8.7	0.0	0.289
7610	8.6	0.0	0.156
7611	8.6	0.0	0.061
7612	8.6	0.0	0.044
7613	8.8	0.0	0.133
7614	8.7	0.0	0.333
7615	8.9	0.0	0.900
7616	9.0	0.0	0.963
7617	9.3	0.0	0.967
7618	9.5	0.0	1.013
7619	9.6	0.0	0.967
7620	9.2	0.0	0.938
7621	9.0	0.0	0.868
7622	9.0	0.0	0.763
7623	8.8	0.0	0.695
7624	9.0	0.0	0.649
7625	9.3	0.0	0.674
7626	9.7	0.0	0.836
7627	10.3	0.0	0.933
7628	10.6	0.0	1.155
7629	10.6	0.0	1.186
7630	10.8	0.0	1.106
7631	11.0	0.0	0.666
7632	11.4	0.0	0.417
7633	11.5	0.0	0.289
7634	11.3	0.0	0.156
7635	11.5	0.0	0.061
7636	11.7	0.0	0.044
7637	12.0	0.0	0.133
7638	12.0	0.0	0.333
7639	11.8	0.0	0.900
7640	11.8	0.0	0.963
7641	11.5	0.0	0.967
7642	11.2	0.0	1.013
7643	10.8	0.0	0.967
7644	10.3	0.0	0.938
7645	9.6	0.0	0.868
7646	9.1	0.0	0.763
7647	8.8	0.0	0.695
7648	8.7	0.0	0.649
7649	9.0	0.0	0.674
7650	9.6	0.0	0.836
7651	10.1	0.0	0.933
7652	10.4	0.0	1.155
7653	11.0	0.0	1.186
7654	11.2	0.0	1.106
7655	11.3	0.0	0.666
7656	11.1	0.0	0.417
7657	11.2	0.0	0.289
7658	11.4	0.0	0.156
7659	11.7	0.0	0.061
7660	11.7	0.0	0.044
7661	11.7	0.0	0.133
7662	12.0	0.0	0.333
7663	12.0	0.0	0.900
7664	12.1	0.0	0.963
7665	11.6	0.0	0.967
7666	11.0	0.0	1.013
7667	10.4	0.0	0.967
7668	9.6	0.0	0.938
7669	9.4	0.0	0.868
7670	9.0	0.0	0.763
7671	8.9	0.0	0.695
7672	8.7	0.0	0.649
7673	9.0	0.0	0.674
7674	9.8	0.0	0.836
7675	10.2	0.0	0.933
7676	10.7	0.0	1.155
7677	11.2	0.0	1.186
7678	11.4	0.0	1.106
7679	11.2	0.0	0.666
7680	11.7	0.0	0.417
7681	11.7	0.0	0.289
7682	11.9	0.0	0.156
7683	12.0	0.0	0.061
7684	11.7	0.0	0.044
7685	11.9	0.0	0.133
7686	12.2	0.0	0.333
7687	11.9	0.0	0.900
7688	11.8	0.0	0.963
7689	11.5	0.0	0.967
7690	11.2	0.0	1.013
7691	10.5	0.0	0.967
7692	10.0	0.0	0.938
7693	9.5	0.0	0.868
7694	9.2	0.0	0.763
7695	9.1	0.0	0.695
7696	8.5	0.0	0.649
7697	8.7	0.0	0.674
7698	9.4	0.0	0.836
7699	9.9	0.0	0.933
7700	10.0	0.0	1.155
7701	10.0	0.0	1.186
7702	10.3	0.0	1.106
7703	10.5	0.0	0.666
7704	10.9	0.0	0.417
7705	11.0	0.0	0.289
7706	10.9	0.0	0.156
7707	10.8	0.0	0.061
7708	11.3	0.0	0.044
7709	11.3	0.0	0.133
7710	11.2	0.0	0.333
7711	11.0	0.0	0.900
7712	10.8	0.0	0.963
7713	10.5	0.0	0.967
7714	9.6	0.0	1.013
7715	9.1	0.0	0.967
7716	8.5	0.0	0.938
7717	7.9	0.0	0.868
7718	7.4	0.0	0.763
7719	7.0	0.0	0.695
7720	7.0	0.0	0.649
7721	7.0	0.0	0.674
7722	7.5	0.0	0.836
7723	7.6	0.0	0.933
7724	7.6	0.0	1.155
7725	7.7	0.0	1.186
7726	7.8	0.0	1.106
7727	8.1	0.0	0.666
7728	7.9	0.0	0.417
7729	7.8	0.0	0.289
7730	8.0	0.0	0.156
7731	8.6	0.0	0.061
7732	9.0	0.0	0.044
7733	8.9	0.0	0.133
7734	9.3	0.0	0.333
7735	9.1	0.0	0.900
7736	9.2	0.0	0.963
7737	8.9	0.0	0.967
7738	9.3	0.0	1.013
7739	9.4	0.0	0.967
7740	8.9	0.0	0.938
7741	8.6	0.0	0.868
7742	8.4	0.0	0.763
7743	8.4	0.0	0.695
7744	8.8	0.0	0.649
7745	9.1	0.0	0.674
7746	9.4	0.0	0.836
7747	9.9	0.0	0.933
7748	10.1	0.0	1.155
7749	10.1	0.0	1.186
7750	10.6	0.0	1.106
7751	10.7	0.0	0.666
7752	11.4	0.0	0.417
7753	11.6	0.0	0.289
7754	11.6	0.0	0.156
7755	11.6	0.0	0.061
7756	11.2	0.0	0.044
7757	11.3	0.0	0.133
7758	11.3	0.0	0.333
7759	11.2	0.0	0.900
7760	11.3	0.0	0.963
7761	11.3	0.0	0.967
7762	11.3	0.0	1.013
7763	10.6	0.0	0.967
7764	10.0	0.0	0.938
7765	9.5	0.0	0.868
7766	8.9	0.0	0.763
7767	8.5	0.0	0.695
7768	8.7	0.0	0.649
7769	8.9	0.0	0.674
7770	9.5	0.0	0.836
7771	10.1	0.0	0.933
7772	10.4	0.0	1.155
7773	10.6	0.0	1.186
7774	10.6	0.0	1.106
7775	10.8	0.0	0.666
7776	10.4	0.0	0.417
7777	10.7	0.0	0.289
7778	11.1	0.0	0.156
7779	11.1	0.0	0.061
7780	11.0	0.0	0.044
7781	11.2	0.0	0.133
7782	11.0	0.0	0.333
7783	11.3	0.0	0.900
7784	11.4	0.0	0.963
7785	11.0	0.0	0.967
7786	10.4	0.0	1.013
7787	9.8	0.0	0.967
7788	9.0	0.0	0.938
7789	8.2	0.0	0.868
7790	7.5	0.0	0.763
7791	7.9	0.0	0.695
7792	7.6	0.0	0.649
7793	8.0	0.0	0.674
7794	8.4	0.0	0.836
7795	8.9	0.0	0.933
7796	9.1	0.0	1.155
7797	9.0	0.0	1.186
7798	9.2	0.0	1.106
7799	9.4	0.0	0.666
7800	9.4	0.0	0.417
7801	9.6	0.0	0.289
7802	9.6	0.0	0.156
7803	10.0	0.0	0.061
7804	10.3	0.0	0.044
7805	10.7	0.0	0.133
7806	10.8	0.0	0.333
7807	10.9	0.0	0.900
7808	10.8	0.0	0.963
7809	10.6	0.0	0.967
7810	10.1	0.0	1.013
7811	10.0	0.0	0.967
7812	9.3	0.0	0.938
7813	8.9	0.0	0.868
7814	8.8	0.0	0.763
7815	8.9	0.0	0.695
7816	8.7	0.0	0.649
7817	8.8	0.0	0.674
7818	9.1	0.0	0.836
7819	9.5	0.0	0.933
7820	9.9	0.0	1.155
7821	10.6	0.0	1.186
7822	11.0	0.0	1.106
7823	11.2	0.0	0.666
7824	11.7	0.0	0.417
7825	11.8	0.0	0.289
7826	11.5	0.0	0.156
7827	11.8	0.0	0.061
7828	12.0	0.0	0.044
7829	12.5	0.0	0.133
7830	12.7	0.0	0.333
7831	12.7	0.0	0.900
7832	12.9	0.0	0.963
7833	12.8	0.0	0.967
7834	12.4	0.0	1.013
7835	11.7	0.0	0.967
7836	11.3	0.0	0.938
7837	11.0	0.0	0.868
7838	10.6	0.0	0.763
7839	10.4	0.0	0.695
7840	10.4	0.0	0.649
7841	10.8	0.0	0.674
7842	10.8	0.0	0.836
7843	10.8	0.0	0.933
7844	10.7	0.0	1.155
7845	11.1	0.0	1.186
7846	11.1	0.0	1.106
7847	11.6	0.0	0.666
7848	12.1	0.0	0.417
7849	12.2	0.0	0.289
7850	12.0	0.0	0.156
7851	12.1	0.0	0.061
7852	12.2	0.0	0.044
7853	12.2	0.0	0.133
7854	12.0	0.0	0.333
7855	12.0	0.0	0.900
7856	11.7	0.0	0.963
7857	11.5	0.0	0.967
7858	11.1	0.0	1.013
7859	10.3	0.0	0.967
7860	9.8	0.0	0.938
7861	9.3	0.0	0.868
7862	9.0	0.0	0.763
7863	8.7	0.0	0.695
7864	8.4	0.0	0.649
7865	8.1	0.0	0.674
7866	7.9	0.0	0.836
7867	7.7	0.0	0.933
7868	7.8	0.0	1.155
7869	7.5	0.0	1.186
7870	7.6	0.0	1.106
7871	7.7	0.0	0.666
7872	7.8	0.0	0.417
7873	7.6	0.0	0.289
7874	7.8	0.0	0.156
7875	7.8	0.0	0.061
7876	7.6	0.0	0.044
7877	7.6	0.0	0.133
7878	7.7	0.0	0.333
7879	7.5	0.0	0.900
7880	7.3	0.0	0.963
7881	7.1	0.0	0.967
7882	6.9	0.0	1.013
7883	6.4	0.0	0.967
7884	5.7	0.0	0.938
7885	5.3	0.0	0.868
7886	4.8	0.0	0.763
7887	4.7	0.0	0.695
7888	4.5	0.0	0.649
7889	4.9	0.0	0.674
7890	5.4	0.0	0.836
7891	5.9	0.0	0.933
7892	5.8	0.0	1.155
7893	5.7	0.0	1.186
7894	6.0	0.0	1.106
7895	6.3	0.0	0.666
7896	6.2	0.0	0.417
7897	6.2	0.0	0.289
7898	6.5	0.0	0.156
7899	6.7	0.0	0.061
7900	6.7	0.0	0.044
7901	6.6	0.0	0.133
7902	6.4	0.0	0.333
7903	6.4	0.0	0.900
7904	5.9	0.0	0.963
7905	5.8	0.0	0.967
7906	5.3	0.0	1.013
7907	4.8	0.0	0.967
7908	4.6	0.0	0.938
7909	4.2	0.0	0.868
7910	3.9	0.0	0.763
7911	3.6	0.0	0.695
7912	3.6	0.0	0.649
7913	4.0	0.0	0.674
7914	4.3	0.0	0.836
7915	4.2	0.0	0.933
7916	4.3	0.0	1.155
7917	4.4	0.0	1.186
7918	4.2	0.0	1.106
7919	4.3	0.0	0.666
7920	4.5	0.0	0.417
7921	4.7	0.0	0.289
7922	4.8	0.0	0.156
7923	4.9	0.0	0.061
7924	5.3	0.0	0.044
7925	5.4	0.0	0.133
7926	5.4	0.0	0.333
7927	5.7	0.0	0.900
7928	5.9	0.0	0.963
7929	6.2	0.0	0.967
7930	6.0	0.0	1.013
7931	5.9	0.0	0.967
7932	5.7	0.0	0.938
7933	5.5	0.0	0.868
7934	5.5	0.0	0.763
7935	5.7	0.0	0.695
7936	5.9	0.0	0.649
7937	6.2	0.0	0.674
7938	6.5	0.0	0.836
7939	6.6	0.0	0.933
7940	7.2	0.0	1.155
7941	7.3	0.0	1.186
7942	7.5	0.0	1.106
7943	7.5	0.0	0.666
7944	7.5	0.0	0.417
7945	7.7	0.0	0.289
7946	7.7	0.0	0.156
7947	8.0	0.0	0.061
7948	8.3	0.0	0.044
7949	8.5	0.0	0.133
7950	8.4	0.0	0.333
7951	8.4	0.0	0.900
7952	8.3	0.0	0.963
7953	8.2	0.0	0.967
7954	8.2	0.0	1.013
7955	7.9	0.0	0.967
7956	7.3	0.0	0.938
7957	7.1	0.0	0.868
7958	7.2	0.0	0.763
7959	7.0	0.0	0.695
7960	7.0	0.0	0.649
7961	7.7	0.0	0.674
7962	7.9	0.0	0.836
7963	8.5	0.0	0.933
7964	8.6	0.0	1.155
7965	8.9	0.0	1.186
7966	9.2	0.0	1.106
7967	9.2	0.0	0.666
7968	9.2	0.0	0.417
7969	9.3	0.0	0.289
7970	9.5	0.0	0.156
7971	9.9	0.0	0.061
7972	10.1	0.0	0.044
7973	10.2	0.0	0.133
7974	9.9	0.0	0.333
7975	10.4	0.0	0.900
7976	10.8	0.0	0.963
7977	10.7	0.0	0.967
7978	10.5	0.0	1.013
7979	10.4	0.0	0.967
7980	10.0	0.0	0.938
7981	9.8	0.0	0.868
7982	9.6	0.0	0.763
7983	9.6	0.0	0.695
7984	9.5	0.0	0.649
7985	10.0	0.0	0.674
7986	10.6	0.0	0.836
7987	11.0	0.0	0.933
7988	11.3	0.0	1.155
7989	11.3	0.0	1.186
7990	11.6	0.0	1.106
7991	11.7	0.0	0.666
7992	11.8	0.0	0.417
7993	12.1	0.0	0.289
7994	12.2	0.0	0.156
7995	12.2	0.0	0.061
7996	12.3	0.0	0.044
7997	12.1	0.0	0.133
7998	11.8	0.0	0.333
7999	11.6	0.0	0.900
8000	11.5	0.0	0.963
8001	11.7	0.0	0.967
8002	11.4	0.0	1.013
8003	11.5	0.0	0.967
8004	10.8	0.0	0.938
8005	9.9	0.0	0.868
8006	9.6	0.0	0.763
8007	9.2	0.0	0.695
8008	9.1	0.0	0.649
8009	9.4	0.0	0.674
8010	9.6	0.0	0.836
8011	9.8	0.0	0.933
8012	10.0	0.0	1.155
8013	9.8	0.0	1.186
8014	10.1	0.0	1.106
8015	10.2	0.0	0.666
8016	10.1	0.0	0.417
8017	9.8	0.0	0.289
8018	9.9	0.0	0.156
8019	9.9	0.0	0.061
8020	10.0	0.0	0.044
8021	10.3	0.0	0.133
8022	10.3	0.0	0.333
8023	9.9	0.0	0.900
8024	9.7	0.0	0.963
8025	9.6	0.0	0.967
8026	8.8	0.0	1.013
8027	7.8	0.0	0.967
8028	7.3	0.0	0.938
8029	6.8	0.0	0.868
8030	6.0	0.0	0.763
8031	6.1	0.0	0.695
8032	6.3	0.0	0.649
8033	6.4	0.0	0.674
8034	6.9	0.0	0.836
8035	6.8	0.0	0.933
8036	7.0	0.0	1.155
8037	7.3	0.0	1.186
8038	7.1	0.0	1.106
8039	7.1	0.0	0.666
8040	7.0	0.0	0.417
8041	7.2	0.0	0.289
8042	7.4	0.0	0.156
8043	8.1	0.0	0.061
8044	8.3	0.0	0.044
8045	8.3	0.0	0.133
8046	8.3	0.0	0.333
8047	9.0	0.0	0.900
8048	9.1	0.0	0.963
8049	8.8	0.0	0.967
8050	8.7	0.0	1.013
8051	8.7	0.0	0.967
8052	8.0	0.0	0.938
8053	7.8	0.0	0.868
8054	7.3	0.0	0.763
8055	7.2	0.0	0.695
8056	7.6	0.0	0.649
8057	8.1	0.0	0.674
8058	8.5	0.0	0.836
8059	8.8	0.0	0.933
8060	9.3	0.0	1.155
8061	9.6	0.0	1.186
8062	9.9	0.0	1.106
8063	10.1	0.0	0.666
8064	10.2	0.0	0.417
8065	10.7	0.0	0.289
8066	11.1	0.0	0.156
8067	11.3	0.0	0.061
8068	11.2	0.0	0.044
8069	11.0	0.0	0.133
8070	11.2	0.0	0.333
8071	11.1	0.0	0.900
8072	11.2	0.0	0.963
8073	11.2	0.0	0.967
8074	11.2	0.0	1.013
8075	10.9	0.0	0.967
8076	10.9	0.0	0.938
8077	10.5	0.0	0.868
8078	10.5	0.0	0.763
8079	10.3	0.0	0.695
8080	10.5	0.0	0.649
8081	10.4	0.0	0.674
8082	10.8	0.0	0.836
8083	11.0	0.0	0.933
8084	11.7	0.0	1.155
8085	12.1	0.0	1.186
8086	12.2	0.0	1.106
8087	12.7	0.0	0.666
8088	12.9	0.0	0.417
8089	13.2	0.0	0.289
8090	13.0	0.0	0.156
8091	12.9	0.0	0.061
8092	12.7	0.0	0.044
8093	12.6	0.0	0.133
8094	12.1	0.0	0.333
8095	11.8	0.0	0.900
8096	11.8	0.0	0.963
8097	11.6	0.0	0.967
8098	10.9	0.0	1.013
8099	10.4	0.0	0.967
8100	10.3	0.0	0.938
8101	9.9	0.0	0.868
8102	9.5	0.0	0.763
8103	9.1	0.0	0.695
8104	9.3	0.0	0.649
8105	9.2	0.0	0.674
8106	9.3	0.0	0.836
8107	9.3	0.0	0.933
8108	9.2	0.0	1.155
8109	8.7	0.0	1.186
8110	8.8	0.0	1.106
8111	8.6	0.0	0.666
8112	8.9	0.0	0.417
8113	9.1	0.0	0.289
8114	9.5	0.0	0.156
8115	9.5	0.0	0.061
8116	9.6	0.0	0.044
8117	9.4	0.0	0.133
8118	9.4	0.0	0.333
8119	9.6	0.0	0.900
8120	10.2	0.0	0.963
8121	10.4	0.0	0.967
8122	10.5	0.0	1.013
8123	10.4	0.0	0.967
8124	10.5	0.0	0.938
8125	10.2	0.0	0.868
8126	10.4	0.0	0.763
8127	10.6	0.0	0.695
8128	10.9	0.0	0.649
8129	11.2	0.0	0.674
8130	12.1	0.0	0.836
8131	12.4	0.0	0.933
8132	13.0	0.0	1.155
8133	13.4	0.0	1.186
8134	13.4	0.0	1.106
8135	13.9	0.0	0.666
8136	14.2	0.0	0.417
8137	14.8	0.0	0.289
8138	14.4	0.0	0.156
8139	13.9	0.0	0.061
8140	13.6	0.0	0.044
8141	13.4	0.0	0.133
8142	13.4	0.0	0.333
8143	13.5	0.0	0.900
8144	13.5	0.0	0.963
8145	13.3	0.0	0.967
8146	12.9	0.0	1.013
8147	12.1	0.0	0.967
8148	11.7	0.0	0.938
8149	11.0	0.0	0.868
8150	10.5	0.0	0.763
8151	10.1	0.0	0.695
8152	10.2	0.0	0.649
8153	10.5	0.0	0.674
8154	10.7	0.0	0.836
8155	10.9	0.0	0.933
8156	11.0	0.0	1.155
8157	11.1	0.0	1.186
8158	11.0	0.0	1.106
8159	11.1	0.0	0.666
8160	11.1	0.0	0.417
8161	11.0	0.0	0.289
8162	11.1	0.0	0.156
8163	11.2	0.0	0.061
8164	11.4	0.0	0.044
8165	11.8	0.0	0.133
8166	11.6	0.0	0.333
8167	11.8	0.0	0.900
8168	12.0	0.0	0.963
8169	12.0	0.0	0.967
8170	12.1	0.0	1.013
8171	12.1	0.0	0.967
8172	11.7	0.0	0.938
8173	11.9	0.0	0.868
8174	11.9	0.0	0.763
8175	11.9	0.0	0.695
8176	12.0	0.0	0.649
8177	11.9	0.0	0.674
8178	12.1	0.0	0.836
8179	12.0	0.0	0.933
8180	12.2	0.0	1.155
8181	12.8	0.0	1.186
8182	13.5	0.0	1.106
8183	13.9	0.0	0.666
8184	14.1	0.0	0.417
8185	14.2	0.0	0.289
8186	13.9	0.0	0.156
8187	13.4	0.0	0.061
8188	12.8	0.0	0.044
8189	12.9	0.0	0.133
8190	12.8	0.0	0.333
8191	12.4	0.0	0.900
8192	12.5	0.0	0.963
8193	12.3	0.0	0.967
8194	12.1	0.0	1.013
8195	12.2	0.0	0.967
8196	11.6	0.0	0.938
8197	10.8	0.0	0.868
8198	9.9	0.0	0.763
8199	9.7	0.0	0.695
8200	9.3	0.0	0.649
8201	10.0	0.0	0.674
8202	10.1	0.0	0.836
8203	10.3	0.0	0.933
8204	10.3	0.0	1.155
8205	10.1	0.0	1.186
8206	10.7	0.0	1.106
8207	10.5	0.0	0.666
8208	10.9	0.0	0.417
8209	11.1	0.0	0.289
8210	11.3	0.0	0.156
8211	11.3	0.0	0.061
8212	11.8	0.0	0.044
8213	11.1	0.0	0.133
8214	11.0	0.0	0.333
8215	10.8	0.0	0.900
8216	11.3	0.0	0.963
8217	11.1	0.0	0.967
8218	10.3	0.0	1.013
8219	9.6	0.0	0.967
8220	9.0	0.0	0.938
8221	8.3	0.0	0.868
8222	7.6	0.0	0.763
8223	7.1	0.0	0.695
8224	7.1	0.0	0.649
8225	7.2	0.0	0.674
8226	7.1	0.0	0.836
8227	7.3	0.0	0.933
8228	7.2	0.0	1.155
8229	7.3	0.0	1.186
8230	7.1	0.0	1.106
8231	7.0	0.0	0.666
8232	7.5	0.0	0.417
8233	7.4	0.0	0.289
8234	7.4	0.0	0.156
8235	7.5	0.0	0.061
8236	7.6	0.0	0.044
8237	7.9	0.0	0.133
8238	7.6	0.0	0.333
8239	7.9	0.0	0.900
8240	7.6	0.0	0.963
8241	8.0	0.0	0.967
8242	7.5	0.0	1.013
8243	7.4	0.0	0.967
8244	7.1	0.0	0.938
8245	7.0	0.0	0.868
8246	6.9	0.0	0.763
8247	7.2	0.0	0.695
8248	6.8	0.0	0.649
8249	7.2	0.0	0.674
8250	7.8	0.0	0.836
8251	8.2	0.0	0.933
8252	8.7	0.0	1.155
8253	9.0	0.0	1.186
8254	9.3	0.0	1.106
8255	9.9	0.0	0.666
8256	10.2	0.0	0.417
8257	10.8	0.0	0.289
8258	10.3	0.0	0.156
8259	10.2	0.0	0.061
8260	10.1	0.0	0.044
8261	10.1	0.0	0.133
8262	10.5	0.0	0.333
8263	10.2	0.0	0.900
8264	10.1	0.0	0.963
8265	10.1	0.0	0.967
8266	10.0	0.0	1.013
8267	9.8	0.0	0.967
8268	9.7	0.0	0.938
8269	9.8	0.0	0.868
8270	10.0	0.0	0.763
8271	9.9	0.0	0.695
8272	9.5	0.0	0.649
8273	9.5	0.0	0.674
8274	9.5	0.0	0.836
8275	9.5	0.0	0.933
8276	9.7	0.0	1.155
8277	9.7	0.0	1.186
8278	10.6	0.0	1.106
8279	10.6	0.0	0.666
8280	10.8	0.0	0.417
8281	10.8	0.0	0.289
8282	10.8	0.0	0.156
8283	10.8	0.0	0.061
8284	11.0	0.0	0.044
8285	11.2	0.0	0.133
8286	11.7	0.0	0.333
8287	11.9	0.0	0.900
8288	12.0	0.0	0.963
8289	12.2	0.0	0.967
8290	12.3	0.0	1.013
8291	12.5	0.0	0.967
8292	12.9	0.0	0.938
8293	12.8	0.0	0.868
8294	13.0	0.0	0.763
8295	12.8	0.0	0.695
8296	12.7	0.0	0.649
8297	13.0	0.0	0.674
8298	13.7	0.0	0.836
8299	13.6	0.0	0.933
8300	13.6	0.0	1.155
8301	13.4	0.0	1.186
8302	13.8	0.0	1.106
8303	14.2	0.0	0.666
8304	14.3	0.0	0.417
8305	14.9	0.0	0.289
8306	15.0	0.0	0.156
8307	14.7	0.0	0.061
8308	14.3	0.0	0.044
8309	14.2	0.0	0.133
8310	13.9	0.0	0.333
8311	13.7	0.0	0.900
8312	13.8	0.0	0.963
8313	14.0	0.0	0.967
8314	14.0	0.0	1.013
8315	13.4	0.0	0.967
8316	13.2	0.0	0.938
8317	13.0	0.0	0.868
8318	13.0	0.0	0.763
8319	13.0	0.0	0.695
8320	12.9	0.0	0.649
8321	13.2	0.0	0.674
8322	14.1	0.0	0.836
8323	14.1	0.0	0.933
8324	14.4	0.0	1.155
8325	14.2	0.0	1.186
8326	14.0	0.0	1.106
8327	14.6	0.0	0.666
8328	15.3	0.0	0.417
8329	15.4	0.0	0.289
8330	15.6	0.0	0.156
8331	15.5	0.0	0.061
8332	15.7	0.0	0.044
8333	15.9	0.0	0.133
8334	15.8	0.0	0.333
8335	15.6	0.0	0.900
8336	15.1	0.0	0.963
8337	15.2	0.0	0.967
8338	15.0	0.0	1.013
8339	14.7	0.0	0.967
8340	14.4	0.0	0.938
8341	14.0	0.0	0.868
8342	13.8	0.0	0.763
8343	13.5	0.0	0.695
8344	13.6	0.0	0.649
8345	13.6	0.0	0.674
8346	13.7	0.0	0.836
8347	13.7	0.0	0.933
8348	13.8	0.0	1.155
8349	14.3	0.0	1.186
8350	14.2	0.0	1.106
8351	14.3	0.0	0.666
8352	14.6	0.0	0.417
8353	14.9	0.0	0.289
8354	15.0	0.0	0.156
8355	15.3	0.0	0.061
8356	15.6	0.0	0.044
8357	15.6	0.0	0.133
8358	15.2	0.0	0.333
8359	15.3	0.0	0.900
8360	15.4	0.0	0.963
8361	15.4	0.0	0.967
8362	15.5	0.0	1.013
8363	14.7	0.0	0.967
8364	14.3	0.0	0.938
8365	14.1	0.0	0.868
8366	14.1	0.0	0.763
8367	14.1	0.0	0.695
8368	14.3	0.0	0.649
8369	14.3	0.0	0.674
8370	14.3	0.0	0.836
8371	14.1	0.0	0.933
8372	13.5	0.0	1.155
8373	13.7	0.0	1.186
8374	13.8	0.0	1.106
8375	13.9	0.0	0.666
8376	14.2	0.0	0.417
8377	14.7	0.0	0.289
8378	14.3	0.0	0.156
8379	14.1	0.0	0.061
8380	14.4	0.0	0.044
8381	14.6	0.0	0.133
8382	14.5	0.0	0.333
8383	14.0	0.0	0.900
8384	13.9	0.0	0.963
8385	13.6	0.0	0.967
8386	12.9	0.0	1.013
8387	13.0	0.0	0.967
8388	12.5	0.0	0.938
8389	11.9	0.0	0.868
8390	11.5	0.0	0.763
8391	11.2	0.0	0.695
8392	11.3	0.0	0.649
8393	11.4	0.0	0.674
8394	11.6	0.0	0.836
8395	11.4	0.0	0.933
8396	11.6	0.0	1.155
8397	11.8	0.0	1.186
8398	11.6	0.0	1.106
8399	12.2	0.0	0.666
8400	12.4	0.0	0.417
8401	12.6	0.0	0.289
8402	12.3	0.0	0.156
8403	12.0	0.0	0.061
8404	12.1	0.0	0.044
8405	12.4	0.0	0.133
8406	12.4	0.0	0.333
8407	12.8	0.0	0.900
8408	12.7	0.0	0.963
8409	12.7	0.0	0.967
8410	12.6	0.0	1.013
8411	12.6	0.0	0.967
8412	12.3	0.0	0.938
8413	12.4	0.0	0.868
8414	12.3	0.0	0.763
8415	12.6	0.0	0.695
8416	12.2	0.0	0.649
8417	12.6	0.0	0.674
8418	12.9	0.0	0.836
8419	13.0	0.0	0.933
8420	12.9	0.0	1.155
8421	12.8	0.0	1.186
8422	12.9	0.0	1.106
8423	13.0	0.0	0.666
8424	13.0	0.0	0.417
8425	12.8	0.0	0.289
8426	12.4	0.0	0.156
8427	12.6	0.0	0.061
8428	12.9	0.0	0.044
8429	12.9	0.0	0.133
8430	12.9	0.0	0.333
8431	12.9	0.0	0.900
8432	13.0	0.0	0.963
8433	12.8	0.0	0.967
8434	12.4	0.0	1.013
8435	12.1	0.0	0.967
8436	12.0	0.0	0.938
8437	11.8	0.0	0.868
8438	11.9	0.0	0.763
8439	12.0	0.0	0.695
8440	12.1	0.0	0.649
8441	12.3	0.0	0.674
8442	12.1	0.0	0.836
8443	12.2	0.0	0.933
8444	12.4	0.0	1.155
8445	12.2	0.0	1.186
8446	11.9	0.0	1.106
8447	11.8	0.0	0.666
8448	11.5	0.0	0.417
8449	11.2	0.0	0.289
8450	11.2	0.0	0.156
8451	11.3	0.0	0.061
8452	11.0	0.0	0.044
8453	11.7	0.0	0.133
8454	12.0	0.0	0.333
8455	12.3	0.0	0.900
8456	12.5	0.0	0.963
8457	12.7	0.0	0.967
8458	12.8	0.0	1.013
8459	12.8	0.0	0.967
8460	12.4	0.0	0.938
8461	12.8	0.0	0.868
8462	12.8	0.0	0.763
8463	13.1	0.0	0.695
8464	13.2	0.0	0.649
8465	13.1	0.0	0.674
8466	13.6	0.0	0.836
8467	13.6	0.0	0.933
8468	13.5	0.0	1.155
8469	13.8	0.0	1.186
8470	14.1	0.0	1.106
8471	14.1	0.0	0.666
8472	14.4	0.0	0.417
8473	14.6	0.0	0.289
8474	14.8	0.0	0.156
8475	14.8	0.0	0.061
8476	14.3	0.0	0.044
8477	14.2	0.0	0.133
8478	14.0	0.0	0.333
8479	13.6	0.0	0.900
8480	13.5	0.0	0.963
8481	13.3	0.0	0.967
8482	12.7	0.0	1.013
8483	11.9	0.0	0.967
8484	11.3	0.0	0.938
8485	11.3	0.0	0.868
8486	10.4	0.0	0.763
8487	9.9	0.0	0.695
8488	9.3	0.0	0.649
8489	9.6	0.0	0.674
8490	9.8	0.0	0.836
8491	10.0	0.0	0.933
8492	9.6	0.0	1.155
8493	9.2	0.0	1.186
8494	8.9	0.0	1.106
8495	9.0	0.0	0.666
8496	8.8	0.0	0.417
8497	8.5	0.0	0.289
8498	8.6	0.0	0.156
8499	8.3	0.0	0.061
8500	8.3	0.0	0.044
8501	8.7	0.0	0.133
8502	9.0	0.0	0.333
8503	9.4	0.0	0.900
8504	9.5	0.0	0.963
8505	9.6	0.0	0.967
8506	9.3	0.0	1.013
8507	8.9	0.0	0.967
8508	8.9	0.0	0.938
8509	8.8	0.0	0.868
8510	8.2	0.0	0.763
8511	7.7	0.0	0.695
8512	7.9	0.0	0.649
8513	8.7	0.0	0.674
8514	9.0	0.0	0.836
8515	9.6	0.0	0.933
8516	9.8	0.0	1.155
8517	9.7	0.0	1.186
8518	10.0	0.0	1.106
8519	10.2	0.0	0.666
8520	10.7	0.0	0.417
8521	11.3	0.0	0.289
8522	11.3	0.0	0.156
8523	11.7	0.0	0.061
8524	11.4	0.0	0.044
8525	11.1	0.0	0.133
8526	11.3	0.0	0.333
8527	11.0	0.0	0.900
8528	11.0	0.0	0.963
8529	10.9	0.0	0.967
8530	10.3	0.0	1.013
8531	10.1	0.0	0.967
8532	9.7	0.0	0.938
8533	9.3	0.0	0.868
8534	8.7	0.0	0.763
8535	8.7	0.0	0.695
8536	9.0	0.0	0.649
8537	8.9	0.0	0.674
8538	9.3	0.0	0.836
8539	9.6	0.0	0.933
8540	9.1	0.0	1.155
8541	9.3	0.0	1.186
8542	9.4	0.0	1.106
8543	8.9	0.0	0.666
8544	9.0	0.0	0.417
8545	8.7	0.0	0.289
8546	8.4	0.0	0.156
8547	8.4	0.0	0.061
8548	8.6	0.0	0.044
8549	8.8	0.0	0.133
8550	8.9	0.0	0.333
8551	9.0	0.0	0.900
8552	9.0	0.0	0.963
8553	9.0	0.0	0.967
8554	8.6	0.0	1.013
8555	8.3	0.0	0.967
8556	8.2	0.0	0.938
8557	8.3	0.0	0.868
8558	8.0	0.0	0.763
8559	7.8	0.0	0.695
8560	7.8	0.0	0.649
8561	7.6	0.0	0.674
8562	7.7	0.0	0.836
8563	7.4	0.0	0.933
8564	7.8	0.0	1.155
8565	7.9	0.0	1.186
8566	8.3	0.0	1.106
8567	8.2	0.0	0.666
8568	8.3	0.0	0.417
8569	8.7	0.0	0.289
8570	8.5	0.0	0.156
8571	8.1	0.0	0.061
8572	8.0	0.0	0.044
8573	8.0	0.0	0.133
8574	7.9	0.0	0.333
8575	7.7	0.0	0.900
8576	7.6	0.0	0.963
8577	7.6	0.0	0.967
8578	7.6	0.0	1.013
8579	7.5	0.0	0.967
8580	7.6	0.0	0.938
8581	7.3	0.0	0.868
8582	7.2	0.0	0.763
8583	7.0	0.0	0.695
8584	6.7	0.0	0.649
8585	7.1	0.0	0.674
8586	7.5	0.0	0.836
8587	7.6	0.0	0.933
8588	7.6	0.0	1.155
8589	7.9	0.0	1.186
8590	7.9	0.0	1.106
8591	7.8	0.0	0.666
8592	7.7	0.0	0.417
8593	7.8	0.0	0.289
8594	7.9	0.0	0.156
8595	8.0	0.0	0.061
8596	8.1	0.0	0.044
8597	8.1	0.0	0.133
8598	8.0	0.0	0.333
8599	7.8	0.0	0.900
8600	7.9	0.0	0.963
8601	7.9	0.0	0.967
8602	8.0	0.0	1.013
8603	7.7	0.0	0.967
8604	7.1	0.0	0.938
8605	7.1	0.0	0.868
8606	7.2	0.0	0.763
8607	6.6	0.0	0.695
8608	6.7	0.0	0.649
8609	7.1	0.0	0.674
8610	7.2	0.0	0.836
8611	7.2	0.0	0.933
8612	7.1	0.0	1.155
8613	7.4	0.0	1.186
8614	7.5	0.0	1.106
8615	7.5	0.0	0.666
8616	7.8	0.0	0.417
8617	7.8	0.0	0.289
8618	7.7	0.0	0.156
8619	7.2	0.0	0.061
8620	7.6	0.0	0.044
8621	7.5	0.0	0.133
8622	7.7	0.0	0.333
8623	8.0	0.0	0.900
8624	8.1	0.0	0.963
8625	7.8	0.0	0.967
8626	7.5	0.0	1.013
8627	7.0	0.0	0.967
8628	6.8	0.0	0.938
8629	6.7	0.0	0.868
8630	6.4	0.0	0.763
8631	6.3	0.0	0.695
8632	6.8	0.0	0.649
8633	7.4	0.0	0.674
8634	7.4	0.0	0.836
8635	7.5	0.0	0.933
8636	7.8	0.0	1.155
8637	8.0	0.0	1.186
8638	8.1	0.0	1.106
8639	7.7	0.0	0.666
8640	8.2	0.0	0.417
8641	8.3	0.0	0.289
8642	8.2	0.0	0.156
8643	8.3	0.0	0.061
8644	8.3	0.0	0.044
8645	8.4	0.0	0.133
8646	8.6	0.0	0.333
8647	8.6	0.0	0.900
8648	8.5	0.0	0.963
8649	8.3	0.0	0.967
8650	7.8	0.0	1.013
8651	8.0	0.0	0.967
8652	7.9	0.0	0.938
8653	7.4	0.0	0.868
8654	7.4	0.0	0.763
8655	7.6	0.0	0.695
8656	7.6	0.0	0.649
8657	7.9	0.0	0.674
8658	7.9	0.0	0.836
8659	7.8	0.0	0.933
8660	8.2	0.0	1.155
8661	8.4	0.0	1.186
8662	8.6	0.0	1.106
8663	9.1	0.0	0.666
8664	9.6	0.0	0.417
8665	9.4	0.0	0.289
8666	9.6	0.0	0.156
8667	9.5	0.0	0.061
8668	9.5	0.0	0.044
8669	9.5	0.0	0.133
8670	9.5	0.0	0.333
8671	9.5	0.0	0.900
8672	9.6	0.0	0.963
8673	9.5	0.0	0.967
8674	9.5	0.0	1.013
8675	9.3	0.0	0.967
8676	9.0	0.0	0.938
8677	9.5	0.0	0.868
8678	9.0	0.0	0.763
8679	8.6	0.0	0.695
8680	8.5	0.0	0.649
8681	8.9	0.0	0.674
8682	9.2	0.0	0.836
8683	9.0	0.0	0.933
8684	9.3	0.0	1.155
8685	9.4	0.0	1.186
8686	9.1	0.0	1.106
8687	9.5	0.0	0.666
8688	9.4	0.0	0.417
8689	9.4	0.0	0.289
8690	9.7	0.0	0.156
8691	9.8	0.0	0.061
8692	9.6	0.0	0.044
8693	9.7	0.0	0.133
8694	9.7	0.0	0.333
8695	9.9	0.0	0.900
8696	10.1	0.0	0.963
8697	9.9	0.0	0.967
8698	10.3	0.0	1.013
8699	10.4	0.0	0.967
8700	10.1	0.0	0.938
8701	10.0	0.0	0.868
8702	9.9	0.0	0.763
8703	9.7	0.0	0.695
8704	9.7	0.0	0.649
8705	10.2	0.0	0.674
8706	10.1	0.0	0.836
8707	10.4	0.0	0.933
8708	10.6	0.0	1.155
8709	11.0	0.0	1.186
8710	11.2	0.0	1.106
8711	11.6	0.0	0.666
8712	11.1	0.0	0.417
8713	11.1	0.0	0.289
8714	10.9	0.0	0.156
8715	11.2	0.0	0.061
8716	11.5	0.0	0.044
8717	11.2	0.0	0.133
8718	11.2	0.0	0.333
8719	10.9	0.0	0.900
8720	11.0	0.0	0.963
8721	10.9	0.0	0.967
8722	10.3	0.0	1.013
8723	10.0	0.0	0.967
8724	9.5	0.0	0.938
8725	9.0	0.0	0.868
8726	8.9	0.0	0.763
8727	9.0	0.0	0.695
8728	8.9	0.0	0.649
8729	9.3	0.0	0.674
8730	9.4	0.0	0.836
8731	9.3	0.0	0.933
8732	9.2	0.0	1.155
8733	9.4	0.0	1.186
8734	9.5	0.0	1.106
8735	9.3	0.0	0.666
8736	9.3	0.0	0.417
8737	8.8	0.0	0.289
8738	8.9	0.0	0.156
8739	9.1	0.0	0.061
8740	9.5	0.0	0.044
8741	9.0	0.0	0.133
8742	9.1	0.0	0.333
8743	9.0	0.0	0.900
8744	9.1	0.0	0.963
8745	8.7	0.0	0.967
8746	7.7	0.0	1.013
8747	7.2	0.0	0.967
8748	6.7	0.0	0.938
8749	6.1	0.0	0.868
8750	6.0	0.0	0.763
8751	6.2	0.0	0.695
8752	6.1	0.0	0.649
8753	6.2	0.0	0.674
8754	6.4	0.0	0.836
8755	6.7	0.0	0.933
8756	6.5	0.0	1.155
8757	6.5	0.0	1.186
8758	6.6	0.0	1.106
8759	7.2	0.0	0.666
8760	7.1	0.0	0.417
