# HOY	Heat Demand	Load duration curve	Dhw Demand
# [h]	[kWh / h]	[kWh / h]	[kWh / h]
1	17.6	27.3	0.451
2	18.0	27.3	0.244
3	18.7	26.7	0.095
4	18.4	26.7	0.069
5	18.7	26.6	0.207
6	18.7	26.5	0.520
7	18.4	25.5	1.405
8	18.3	25.4	1.504
9	18.4	24.7	1.511
10	17.4	24.6	1.583
11	17.4	24.5	1.511
12	16.4	24.5	1.465
13	15.9	24.4	1.356
14	16.0	24.4	1.191
15	16.0	24.4	1.086
16	16.5	24.4	1.014
17	17.5	24.3	1.053
18	18.9	24.3	1.307
19	20.1	24.3	1.458
20	20.5	24.3	1.804
21	20.7	24.3	1.853
22	21.3	24.2	1.728
23	21.8	24.2	1.040
24	22.6	24.2	0.652
25	23.3	24.2	0.451
26	22.7	24.1	0.244
27	22.9	24.1	0.095
28	22.9	24.0	0.069
29	22.6	23.9	0.207
30	22.2	23.9	0.520
31	22.7	23.8	1.405
32	23.0	23.8	1.504
33	22.4	23.8	1.511
34	21.9	23.7	1.583
35	21.2	23.7	1.511
36	20.4	23.6	1.465
37	19.9	23.4	1.356
38	19.7	23.4	1.191
39	19.0	23.4	1.086
40	19.4	23.3	1.014
41	20.3	23.3	1.053
42	21.2	23.3	1.307
43	21.4	23.3	1.458
44	21.5	23.2	1.804
45	21.7	23.2	1.853
46	21.8	23.2	1.728
47	21.8	23.2	1.040
48	21.9	23.1	0.652
49	21.8	23.1	0.451
50	21.8	23.1	0.244
51	21.9	23.1	0.095
52	22.4	23.1	0.069
53	22.6	23.1	0.207
54	22.3	23.0	0.520
55	23.0	23.0	1.405
56	22.6	23.0	1.504
57	22.4	23.0	1.511
58	22.6	22.9	1.583
59	22.0	22.9	1.511
60	21.8	22.9	1.465
61	20.8	22.9	1.356
62	20.3	22.9	1.191
63	20.0	22.8	1.086
64	19.9	22.8	1.014
65	20.1	22.8	1.053
66	20.9	22.8	1.307
67	21.6	22.7	1.458
68	22.1	22.7	1.804
69	22.8	22.7	1.853
70	23.3	22.7	1.728
71	23.8	22.6	1.040
72	24.1	22.6	0.652
73	24.4	22.6	0.451
74	24.4	22.6	0.244
75	24.2	22.6	0.095
76	24.3	22.6	0.069
77	24.3	22.5	0.207
78	24.2	22.5	0.520
79	23.7	22.4	1.405
80	22.9	22.4	1.504
81	22.2	22.4	1.511
82	21.1	22.4	1.583
83	19.2	22.4	1.511
84	17.7	22.4	1.465
85	16.3	22.3	1.356
86	15.8	22.3	1.191
87	16.0	22.3	1.086
88	15.9	22.3	1.014
89	16.1	22.2	1.053
90	16.3	22.2	1.307
91	16.3	22.2	1.458
92	15.9	22.2	1.804
93	16.4	22.2	1.853
94	16.6	22.2	1.728
95	16.8	22.2	1.040
96	16.8	22.1	0.652
97	16.8	22.1	0.451
98	17.0	22.1	0.244
99	17.7	22.1	0.095
100	18.1	22.0	0.069
101	18.6	22.0	0.207
102	18.9	22.0	0.520
103	19.6	22.0	1.405
104	19.8	22.0	1.504
105	20.2	22.0	1.511
106	20.1	21.9	1.583
107	20.5	21.9	1.511
108	20.6	21.9	1.465
109	20.7	21.9	1.356
110	21.2	21.9	1.191
111	22.3	21.9	1.086
112	22.2	21.9	1.014
113	23.2	21.8	1.053
114	24.2	21.8	1.307
115	24.3	21.8	1.458
116	23.9	21.8	1.804
117	24.5	21.8	1.853
118	25.4	21.8	1.728
119	26.5	21.8	1.040
120	26.7	21.8	0.652
121	27.3	21.8	0.451
122	27.3	21.8	0.244
123	26.7	21.7	0.095
124	26.6	21.7	0.069
125	25.5	21.7	0.207
126	24.7	21.7	0.520
127	24.4	21.7	1.405
128	24.2	21.7	1.504
129	23.9	21.7	1.511
130	23.0	21.6	1.583
131	21.7	21.6	1.511
132	20.6	21.6	1.465
133	19.0	21.6	1.356
134	17.8	21.6	1.191
135	17.3	21.6	1.086
136	16.5	21.6	1.014
137	16.5	21.6	1.053
138	16.9	21.6	1.307
139	16.2	21.6	1.458
140	16.1	21.5	1.804
141	16.3	21.5	1.853
142	16.2	21.5	1.728
143	16.3	21.5	1.040
144	16.2	21.4	0.652
145	15.9	21.4	0.451
146	16.3	21.4	0.244
147	16.4	21.4	0.095
148	16.6	21.4	0.069
149	17.2	21.4	0.207
150	16.9	21.4	0.520
151	17.0	21.4	1.405
152	17.3	21.4	1.504
153	17.1	21.4	1.511
154	15.9	21.4	1.583
155	15.5	21.4	1.511
156	14.7	21.4	1.465
157	14.1	21.3	1.356
158	12.9	21.3	1.191
159	12.4	21.3	1.086
160	12.3	21.3	1.014
161	13.5	21.3	1.053
162	14.2	21.3	1.307
163	15.4	21.3	1.458
164	15.6	21.3	1.804
165	16.5	21.3	1.853
166	16.6	21.3	1.728
167	17.7	21.3	1.040
168	18.0	21.3	0.652
169	18.3	21.2	0.451
170	18.2	21.2	0.244
171	18.4	21.2	0.095
172	17.7	21.2	0.069
173	17.5	21.2	0.207
174	16.8	21.2	0.520
175	16.8	21.2	1.405
176	16.5	21.2	1.504
177	16.5	21.2	1.511
178	16.1	21.2	1.583
179	15.2	21.2	1.511
180	14.4	21.1	1.465
181	14.7	21.1	1.356
182	14.3	21.1	1.191
183	14.7	21.1	1.086
184	14.6	21.1	1.014
185	14.4	21.1	1.053
186	14.6	21.1	1.307
187	15.0	21.1	1.458
188	14.1	21.1	1.804
189	13.6	21.1	1.853
190	13.6	21.1	1.728
191	12.9	21.1	1.040
192	12.5	21.1	0.652
193	11.7	21.1	0.451
194	11.7	21.1	0.244
195	12.2	21.1	0.095
196	12.3	21.0	0.069
197	11.8	21.0	0.207
198	11.2	21.0	0.520
199	11.7	21.0	1.405
200	11.6	21.0	1.504
201	11.9	21.0	1.511
202	11.0	21.0	1.583
203	10.8	21.0	1.511
204	11.0	20.9	1.465
205	10.8	20.9	1.356
206	9.9	20.9	1.191
207	9.0	20.9	1.086
208	8.7	20.9	1.014
209	8.9	20.9	1.053
210	8.6	20.9	1.307
211	8.7	20.9	1.458
212	8.8	20.9	1.804
213	8.7	20.9	1.853
214	8.7	20.9	1.728
215	8.5	20.8	1.040
216	8.0	20.8	0.652
217	8.2	20.8	0.451
218	8.5	20.8	0.244
219	8.8	20.8	0.095
220	9.3	20.8	0.069
221	9.7	20.8	0.207
222	10.3	20.8	0.520
223	10.9	20.7	1.405
224	11.1	20.7	1.504
225	11.1	20.7	1.511
226	11.3	20.7	1.583
227	11.4	20.7	1.511
228	11.2	20.7	1.465
229	10.9	20.7	1.356
230	11.1	20.7	1.191
231	10.9	20.7	1.086
232	11.9	20.7	1.014
233	12.6	20.7	1.053
234	13.7	20.7	1.307
235	13.7	20.7	1.458
236	14.5	20.6	1.804
237	15.5	20.6	1.853
238	16.7	20.6	1.728
239	17.6	20.6	1.040
240	18.2	20.6	0.652
241	18.9	20.6	0.451
242	18.9	20.6	0.244
243	18.9	20.6	0.095
244	19.0	20.6	0.069
245	18.9	20.6	0.207
246	18.7	20.6	0.520
247	18.7	20.6	1.405
248	18.3	20.6	1.504
249	18.6	20.6	1.511
250	17.8	20.5	1.583
251	17.8	20.5	1.511
252	16.4	20.5	1.465
253	16.0	20.5	1.356
254	14.9	20.5	1.191
255	15.2	20.5	1.086
256	15.7	20.5	1.014
257	17.0	20.5	1.053
258	16.9	20.5	1.307
259	17.2	20.5	1.458
260	17.9	20.4	1.804
261	18.4	20.4	1.853
262	19.0	20.4	1.728
263	18.9	20.4	1.040
264	19.1	20.4	0.652
265	19.1	20.4	0.451
266	19.4	20.4	0.244
267	19.3	20.4	0.095
268	19.2	20.4	0.069
269	18.8	20.4	0.207
270	19.1	20.4	0.520
271	18.9	20.3	1.405
272	19.1	20.3	1.504
273	19.2	20.3	1.511
274	18.5	20.3	1.583
275	17.9	20.3	1.511
276	16.8	20.3	1.465
277	15.9	20.3	1.356
278	15.3	20.3	1.191
279	14.8	20.3	1.086
280	14.9	20.3	1.014
281	14.7	20.3	1.053
282	15.1	20.3	1.307
283	15.2	20.3	1.458
284	15.1	20.3	1.804
285	15.7	20.3	1.853
286	15.8	20.2	1.728
287	15.9	20.2	1.040
288	16.1	20.2	0.652
289	15.5	20.2	0.451
290	15.5	20.2	0.244
291	15.4	20.2	0.095
292	15.4	20.2	0.069
293	15.6	20.2	0.207
294	15.8	20.1	0.520
295	15.4	20.1	1.405
296	15.4	20.1	1.504
297	15.3	20.1	1.511
298	15.3	20.1	1.583
299	14.4	20.1	1.511
300	13.9	20.1	1.465
301	13.3	20.1	1.356
302	13.0	20.1	1.191
303	12.9	20.1	1.086
304	12.4	20.1	1.014
305	13.0	20.1	1.053
306	12.9	20.1	1.307
307	13.0	20.0	1.458
308	13.2	20.0	1.804
309	13.3	20.0	1.853
310	14.2	20.0	1.728
311	14.1	20.0	1.040
312	14.4	20.0	0.652
313	14.6	20.0	0.451
314	14.5	20.0	0.244
315	14.5	20.0	0.095
316	14.1	19.9	0.069
317	13.8	19.9	0.207
318	13.6	19.9	0.520
319	13.9	19.9	1.405
320	14.1	19.9	1.504
321	14.2	19.9	1.511
322	13.9	19.9	1.583
323	13.7	19.9	1.511
324	14.0	19.9	1.465
325	13.4	19.9	1.356
326	13.1	19.9	1.191
327	12.2	19.8	1.086
328	11.6	19.8	1.014
329	12.2	19.8	1.053
330	12.4	19.8	1.307
331	12.9	19.8	1.458
332	13.2	19.7	1.804
333	13.3	19.7	1.853
334	13.4	19.7	1.728
335	13.7	19.7	1.040
336	13.4	19.7	0.652
337	13.6	19.7	0.451
338	13.9	19.7	0.244
339	14.2	19.7	0.095
340	14.8	19.7	0.069
341	15.0	19.7	0.207
342	15.0	19.7	0.520
343	15.0	19.7	1.405
344	15.6	19.6	1.504
345	15.8	19.6	1.511
346	16.1	19.6	1.583
347	15.6	19.6	1.511
348	15.2	19.6	1.465
349	15.0	19.6	1.356
350	15.5	19.6	1.191
351	15.6	19.6	1.086
352	15.7	19.6	1.014
353	16.2	19.6	1.053
354	16.8	19.6	1.307
355	16.9	19.6	1.458
356	17.6	19.6	1.804
357	17.5	19.6	1.853
358	18.1	19.6	1.728
359	18.0	19.6	1.040
360	17.5	19.5	0.652
361	17.4	19.5	0.451
362	17.7	19.5	0.244
363	18.2	19.5	0.095
364	18.0	19.5	0.069
365	17.8	19.5	0.207
366	18.6	19.5	0.520
367	18.7	19.5	1.405
368	18.9	19.5	1.504
369	18.8	19.5	1.511
370	19.0	19.5	1.583
371	17.8	19.5	1.511
372	17.4	19.5	1.465
373	17.0	19.5	1.356
374	16.6	19.5	1.191
375	16.8	19.4	1.086
376	17.6	19.4	1.014
377	18.8	19.4	1.053
378	19.6	19.4	1.307
379	20.1	19.4	1.458
380	20.5	19.4	1.804
381	20.8	19.4	1.853
382	21.7	19.4	1.728
383	22.5	19.4	1.040
384	23.1	19.3	0.652
385	24.3	19.3	0.451
386	24.5	19.3	0.244
387	24.6	19.3	0.095
388	24.3	19.3	0.069
389	24.4	19.3	0.207
390	24.1	19.3	0.520
391	24.0	19.3	1.405
392	23.7	19.3	1.504
393	22.7	19.3	1.511
394	21.7	19.3	1.583
395	20.7	19.3	1.511
396	19.6	19.3	1.465
397	18.1	19.3	1.356
398	16.8	19.3	1.191
399	17.0	19.3	1.086
400	16.5	19.3	1.014
401	16.4	19.3	1.053
402	17.0	19.2	1.307
403	16.6	19.2	1.458
404	16.6	19.2	1.804
405	17.6	19.2	1.853
406	17.0	19.2	1.728
407	17.1	19.2	1.040
408	16.8	19.2	0.652
409	15.8	19.2	0.451
410	16.4	19.2	0.244
411	16.8	19.2	0.095
412	16.9	19.2	0.069
413	16.9	19.2	0.207
414	17.0	19.2	0.520
415	17.6	19.2	1.405
416	17.9	19.2	1.504
417	17.6	19.2	1.511
418	17.0	19.2	1.583
419	17.0	19.1	1.511
420	16.5	19.1	1.465
421	16.0	19.1	1.356
422	16.0	19.1	1.191
423	16.1	19.1	1.086
424	16.8	19.1	1.014
425	17.0	19.1	1.053
426	17.1	19.1	1.307
427	17.9	19.1	1.458
428	18.0	19.1	1.804
429	18.9	19.1	1.853
430	19.2	19.1	1.728
431	19.1	19.1	1.040
432	18.9	19.1	0.652
433	19.3	19.1	0.451
434	19.7	19.1	0.244
435	20.4	19.1	0.095
436	20.9	19.1	0.069
437	20.4	19.1	0.207
438	20.2	19.1	0.520
439	19.9	19.1	1.405
440	20.1	19.1	1.504
441	19.6	19.1	1.511
442	19.6	19.1	1.583
443	19.9	19.0	1.511
444	19.0	19.0	1.465
445	18.7	19.0	1.356
446	18.1	19.0	1.191
447	17.3	19.0	1.086
448	17.6	19.0	1.014
449	17.5	19.0	1.053
450	17.2	19.0	1.307
451	17.9	19.0	1.458
452	18.3	19.0	1.804
453	19.0	19.0	1.853
454	19.5	19.0	1.728
455	19.1	19.0	1.040
456	18.7	19.0	0.652
457	19.0	19.0	0.451
458	19.7	19.0	0.244
459	19.7	19.0	0.095
460	20.4	19.0	0.069
461	20.3	19.0	0.207
462	20.5	19.0	0.520
463	20.5	19.0	1.405
464	20.6	18.9	1.504
465	20.6	18.9	1.511
466	19.7	18.9	1.583
467	19.1	18.9	1.511
468	18.3	18.9	1.465
469	17.7	18.9	1.356
470	17.3	18.9	1.191
471	16.8	18.9	1.086
472	16.3	18.9	1.014
473	16.6	18.9	1.053
474	16.3	18.9	1.307
475	16.6	18.9	1.458
476	17.2	18.9	1.804
477	17.0	18.9	1.853
478	17.3	18.9	1.728
479	17.5	18.9	1.040
480	17.5	18.9	0.652
481	17.5	18.9	0.451
482	18.4	18.9	0.244
483	18.4	18.9	0.095
484	19.0	18.9	0.069
485	19.0	18.9	0.207
486	18.9	18.9	0.520
487	19.1	18.9	1.405
488	18.9	18.8	1.504
489	18.5	18.8	1.511
490	17.8	18.8	1.583
491	17.2	18.8	1.511
492	16.2	18.8	1.465
493	16.5	18.8	1.356
494	15.8	18.8	1.191
495	15.7	18.8	1.086
496	15.8	18.8	1.014
497	15.8	18.8	1.053
498	16.6	18.8	1.307
499	16.8	18.7	1.458
500	17.7	18.7	1.804
501	17.6	18.7	1.853
502	18.4	18.7	1.728
503	18.7	18.7	1.040
504	19.3	18.7	0.652
505	19.5	18.7	0.451
506	19.1	18.7	0.244
507	19.1	18.7	0.095
508	19.3	18.7	0.069
509	19.6	18.7	0.207
510	20.3	18.7	0.520
511	20.8	18.7	1.405
512	20.9	18.7	1.504
513	20.6	18.7	1.511
514	19.9	18.7	1.583
515	19.2	18.7	1.511
516	18.6	18.7	1.465
517	18.4	18.6	1.356
518	17.8	18.6	1.191
519	17.8	18.6	1.086
520	18.4	18.6	1.014
521	18.6	18.6	1.053
522	18.7	18.6	1.307
523	19.1	18.6	1.458
524	18.9	18.6	1.804
525	19.0	18.6	1.853
526	19.5	18.6	1.728
527	20.1	18.6	1.040
528	20.8	18.6	0.652
529	21.0	18.6	0.451
530	21.0	18.6	0.244
531	21.7	18.6	0.095
532	21.2	18.5	0.069
533	21.4	18.5	0.207
534	21.1	18.5	0.520
535	21.6	18.5	1.405
536	21.6	18.5	1.504
537	21.0	18.5	1.511
538	20.2	18.5	1.583
539	19.3	18.5	1.511
540	18.0	18.5	1.465
541	17.3	18.5	1.356
542	16.2	18.5	1.191
543	16.1	18.4	1.086
544	16.5	18.4	1.014
545	16.7	18.4	1.053
546	17.1	18.4	1.307
547	17.3	18.4	1.458
548	17.6	18.4	1.804
549	17.9	18.4	1.853
550	18.7	18.4	1.728
551	19.1	18.4	1.040
552	19.8	18.4	0.652
553	19.7	18.4	0.451
554	19.6	18.4	0.244
555	19.7	18.4	0.095
556	19.6	18.4	0.069
557	20.4	18.4	0.207
558	20.7	18.4	0.520
559	20.3	18.4	1.405
560	20.0	18.4	1.504
561	19.4	18.3	1.511
562	18.7	18.3	1.583
563	18.3	18.3	1.511
564	17.9	18.3	1.465
565	17.3	18.3	1.356
566	16.9	18.3	1.191
567	16.5	18.3	1.086
568	16.6	18.3	1.014
569	16.9	18.3	1.053
570	17.1	18.3	1.307
571	17.4	18.3	1.458
572	17.8	18.3	1.804
573	17.5	18.3	1.853
574	17.8	18.3	1.728
575	17.7	18.3	1.040
576	17.2	18.2	0.652
577	17.2	18.2	0.451
578	17.7	18.2	0.244
579	17.9	18.2	0.095
580	17.0	18.2	0.069
581	16.7	18.2	0.207
582	16.8	18.2	0.520
583	16.7	18.2	1.405
584	16.2	18.2	1.504
585	15.8	18.2	1.511
586	15.4	18.2	1.583
587	14.6	18.2	1.511
588	13.7	18.2	1.465
589	13.0	18.2	1.356
590	12.8	18.2	1.191
591	12.2	18.2	1.086
592	11.9	18.2	1.014
593	12.0	18.1	1.053
594	12.0	18.1	1.307
595	12.0	18.1	1.458
596	11.8	18.1	1.804
597	12.2	18.1	1.853
598	12.7	18.1	1.728
599	13.1	18.1	1.040
600	13.1	18.1	0.652
601	13.0	18.1	0.451
602	13.7	18.1	0.244
603	14.4	18.1	0.095
604	14.9	18.1	0.069
605	15.4	18.1	0.207
606	15.3	18.1	0.520
607	15.3	18.0	1.405
608	15.3	18.0	1.504
609	15.6	18.0	1.511
610	15.5	18.0	1.583
611	15.2	18.0	1.511
612	15.4	18.0	1.465
613	15.4	18.0	1.356
614	14.9	18.0	1.191
615	14.8	18.0	1.086
616	14.2	18.0	1.014
617	15.1	18.0	1.053
618	15.5	18.0	1.307
619	16.4	18.0	1.458
620	16.7	18.0	1.804
621	17.9	18.0	1.853
622	18.4	18.0	1.728
623	18.6	18.0	1.040
624	18.9	18.0	0.652
625	19.6	18.0	0.451
626	19.9	18.0	0.244
627	19.6	17.9	0.095
628	19.2	17.9	0.069
629	19.2	17.9	0.207
630	19.3	17.9	0.520
631	18.7	17.9	1.405
632	18.6	17.9	1.504
633	18.1	17.9	1.511
634	17.8	17.9	1.583
635	16.6	17.9	1.511
636	15.5	17.9	1.465
637	15.3	17.9	1.356
638	15.0	17.9	1.191
639	15.0	17.9	1.086
640	15.4	17.9	1.014
641	15.2	17.9	1.053
642	15.9	17.9	1.307
643	16.5	17.9	1.458
644	16.6	17.9	1.804
645	16.7	17.9	1.853
646	16.2	17.9	1.728
647	15.9	17.9	1.040
648	15.6	17.9	0.652
649	15.8	17.9	0.451
650	16.4	17.9	0.244
651	16.4	17.9	0.095
652	16.5	17.9	0.069
653	17.0	17.9	0.207
654	17.6	17.9	0.520
655	17.4	17.9	1.405
656	17.4	17.9	1.504
657	17.4	17.8	1.511
658	16.9	17.8	1.583
659	16.6	17.8	1.511
660	16.2	17.8	1.465
661	16.1	17.8	1.356
662	16.1	17.8	1.191
663	16.2	17.8	1.086
664	16.0	17.8	1.014
665	16.9	17.8	1.053
666	17.5	17.8	1.307
667	18.3	17.8	1.458
668	19.2	17.8	1.804
669	19.9	17.8	1.853
670	20.7	17.8	1.728
671	21.6	17.8	1.040
672	22.0	17.8	0.652
673	22.1	17.8	0.451
674	21.4	17.8	0.244
675	21.1	17.8	0.095
676	20.5	17.8	0.069
677	19.0	17.8	0.207
678	18.1	17.8	0.520
679	17.7	17.8	1.405
680	17.7	17.8	1.504
681	17.7	17.7	1.511
682	17.1	17.7	1.583
683	16.4	17.7	1.511
684	15.5	17.7	1.465
685	15.4	17.7	1.356
686	15.1	17.7	1.191
687	14.8	17.7	1.086
688	13.4	17.7	1.014
689	12.8	17.7	1.053
690	12.5	17.7	1.307
691	12.2	17.7	1.458
692	11.7	17.7	1.804
693	10.7	17.7	1.853
694	10.2	17.7	1.728
695	9.3	17.7	1.040
696	8.9	17.7	0.652
697	8.7	17.7	0.451
698	8.5	17.7	0.244
699	9.0	17.7	0.095
700	9.3	17.6	0.069
701	9.5	17.6	0.207
702	9.4	17.6	0.520
703	9.7	17.6	1.405
704	10.2	17.6	1.504
705	9.9	17.6	1.511
706	9.7	17.6	1.583
707	9.8	17.6	1.511
708	9.1	17.6	1.465
709	8.7	17.6	1.356
710	8.8	17.6	1.191
711	9.2	17.6	1.086
712	8.8	17.6	1.014
713	8.7	17.6	1.053
714	8.6	17.6	1.307
715	8.5	17.6	1.458
716	8.1	17.6	1.804
717	8.4	17.6	1.853
718	7.8	17.6	1.728
719	8.1	17.6	1.040
720	8.6	17.6	0.652
721	8.7	17.6	0.451
722	8.3	17.6	0.244
723	8.1	17.6	0.095
724	7.8	17.6	0.069
725	7.6	17.6	0.207
726	7.9	17.6	0.520
727	8.0	17.6	1.405
728	8.1	17.6	1.504
729	8.5	17.5	1.511
730	7.9	17.5	1.583
731	7.0	17.5	1.511
732	6.7	17.5	1.465
733	6.1	17.5	1.356
734	5.5	17.5	1.191
735	5.9	17.5	1.086
736	6.3	17.5	1.014
737	6.7	17.5	1.053
738	8.0	17.5	1.307
739	9.1	17.5	1.458
740	9.6	17.5	1.804
741	9.6	17.5	1.853
742	9.7	17.5	1.728
743	10.4	17.5	1.040
744	11.1	17.5	0.652
745	11.4	17.5	0.451
746	12.0	17.5	0.244
747	12.1	17.5	0.095
748	11.8	17.5	0.069
749	11.9	17.5	0.207
750	12.0	17.5	0.520
751	11.6	17.5	1.405
752	12.4	17.4	1.504
753	12.0	17.4	1.511
754	11.3	17.4	1.583
755	10.4	17.4	1.511
756	10.0	17.4	1.465
757	9.7	17.4	1.356
758	9.3	17.4	1.191
759	9.5	17.4	1.086
760	9.4	17.4	1.014
761	9.8	17.4	1.053
762	10.4	17.4	1.307
763	11.2	17.4	1.458
764	12.0	17.4	1.804
765	13.0	17.4	1.853
766	13.9	17.4	1.728
767	14.9	17.4	1.040
768	15.2	17.4	0.652
769	15.5	17.4	0.451
770	15.2	17.4	0.244
771	15.3	17.4	0.095
772	16.0	17.4	0.069
773	16.6	17.4	0.207
774	17.0	17.4	0.520
775	17.3	17.4	1.405
776	17.6	17.4	1.504
777	17.5	17.4	1.511
778	17.5	17.4	1.583
779	17.2	17.4	1.511
780	17.1	17.4	1.465
781	16.7	17.4	1.356
782	16.4	17.3	1.191
783	16.6	17.3	1.086
784	16.9	17.3	1.014
785	17.4	17.3	1.053
786	17.6	17.3	1.307
787	18.7	17.3	1.458
788	19.8	17.3	1.804
789	20.6	17.3	1.853
790	21.1	17.3	1.728
791	21.5	17.3	1.040
792	21.7	17.3	0.652
793	21.9	17.3	0.451
794	22.2	17.3	0.244
795	22.2	17.3	0.095
796	22.7	17.3	0.069
797	23.1	17.3	0.207
798	23.1	17.3	0.520
799	23.8	17.3	1.405
800	23.2	17.3	1.504
801	23.1	17.2	1.511
802	22.4	17.2	1.583
803	21.6	17.2	1.511
804	20.7	17.2	1.465
805	20.4	17.2	1.356
806	19.6	17.2	1.191
807	19.5	17.2	1.086
808	19.7	17.2	1.014
809	20.0	17.2	1.053
810	20.4	17.2	1.307
811	21.1	17.2	1.458
812	21.4	17.2	1.804
813	21.0	17.2	1.853
814	22.0	17.2	1.728
815	21.4	17.2	1.040
816	21.3	17.2	0.652
817	21.9	17.2	0.451
818	21.7	17.2	0.244
819	21.5	17.2	0.095
820	21.8	17.2	0.069
821	21.0	17.2	0.207
822	20.2	17.2	0.520
823	19.9	17.2	1.405
824	19.5	17.1	1.504
825	19.1	17.1	1.511
826	19.0	17.1	1.583
827	17.9	17.1	1.511
828	16.6	17.1	1.465
829	15.9	17.1	1.356
830	14.9	17.1	1.191
831	14.6	17.1	1.086
832	14.6	17.1	1.014
833	14.4	17.1	1.053
834	14.5	17.1	1.307
835	15.4	17.1	1.458
836	15.3	17.1	1.804
837	15.5	17.1	1.853
838	15.8	17.1	1.728
839	16.2	17.1	1.040
840	16.1	17.1	0.652
841	16.2	17.1	0.451
842	15.9	17.0	0.244
843	15.7	17.0	0.095
844	16.2	17.0	0.069
845	16.1	17.0	0.207
846	16.3	17.0	0.520
847	16.4	17.0	1.405
848	16.2	17.0	1.504
849	15.8	17.0	1.511
850	15.2	17.0	1.583
851	14.7	17.0	1.511
852	14.0	17.0	1.465
853	13.1	17.0	1.356
854	13.4	17.0	1.191
855	13.2	17.0	1.086
856	13.7	17.0	1.014
857	14.0	17.0	1.053
858	14.7	17.0	1.307
859	15.4	17.0	1.458
860	16.2	17.0	1.804
861	16.3	17.0	1.853
862	16.3	17.0	1.728
863	16.5	17.0	1.040
864	16.3	17.0	0.652
865	16.2	17.0	0.451
866	16.6	17.0	0.244
867	16.5	17.0	0.095
868	16.6	17.0	0.069
869	15.8	17.0	0.207
870	16.1	17.0	0.520
871	16.3	17.0	1.405
872	15.9	16.9	1.504
873	16.1	16.9	1.511
874	15.9	16.9	1.583
875	15.1	16.9	1.511
876	14.9	16.9	1.465
877	14.1	16.9	1.356
878	13.7	16.9	1.191
879	13.6	16.9	1.086
880	13.1	16.9	1.014
881	13.2	16.9	1.053
882	13.7	16.9	1.307
883	14.5	16.9	1.458
884	14.8	16.9	1.804
885	15.2	16.9	1.853
886	15.1	16.9	1.728
887	16.0	16.9	1.040
888	15.9	16.9	0.652
889	15.9	16.9	0.451
890	15.7	16.9	0.244
891	15.5	16.9	0.095
892	14.7	16.9	0.069
893	15.2	16.9	0.207
894	15.0	16.9	0.520
895	15.0	16.9	1.405
896	14.5	16.9	1.504
897	14.4	16.8	1.511
898	14.4	16.8	1.583
899	13.8	16.8	1.511
900	13.9	16.8	1.465
901	14.2	16.8	1.356
902	14.1	16.8	1.191
903	14.0	16.8	1.086
904	13.8	16.8	1.014
905	13.6	16.8	1.053
906	13.3	16.8	1.307
907	13.1	16.8	1.458
908	12.9	16.8	1.804
909	13.2	16.8	1.853
910	13.2	16.8	1.728
911	13.4	16.8	1.040
912	13.2	16.8	0.652
913	13.3	16.8	0.451
914	13.6	16.8	0.244
915	14.1	16.8	0.095
916	14.5	16.8	0.069
917	14.5	16.8	0.207
918	15.4	16.8	0.520
919	15.1	16.8	1.405
920	14.7	16.8	1.504
921	14.7	16.8	1.511
922	14.1	16.8	1.583
923	14.0	16.8	1.511
924	13.1	16.8	1.465
925	12.9	16.8	1.356
926	12.9	16.8	1.191
927	12.5	16.8	1.086
928	12.5	16.8	1.014
929	12.5	16.8	1.053
930	13.4	16.8	1.307
931	13.9	16.8	1.458
932	14.5	16.8	1.804
933	14.7	16.8	1.853
934	15.5	16.8	1.728
935	15.9	16.8	1.040
936	16.0	16.8	0.652
937	15.8	16.8	0.451
938	16.3	16.8	0.244
939	16.1	16.8	0.095
940	16.0	16.7	0.069
941	16.2	16.7	0.207
942	16.4	16.7	0.520
943	16.8	16.7	1.405
944	16.9	16.7	1.504
945	16.8	16.7	1.511
946	16.7	16.7	1.583
947	16.1	16.7	1.511
948	15.0	16.7	1.465
949	14.4	16.7	1.356
950	13.9	16.7	1.191
951	14.5	16.7	1.086
952	15.0	16.7	1.014
953	14.9	16.7	1.053
954	15.2	16.7	1.307
955	15.3	16.7	1.458
956	16.2	16.7	1.804
957	16.0	16.7	1.853
958	16.0	16.7	1.728
959	16.5	16.7	1.040
960	16.7	16.7	0.652
961	17.0	16.7	0.451
962	17.2	16.7	0.244
963	17.4	16.7	0.095
964	17.4	16.7	0.069
965	17.5	16.7	0.207
966	17.5	16.7	0.520
967	17.4	16.7	1.405
968	17.7	16.7	1.504
969	16.9	16.7	1.511
970	16.4	16.6	1.583
971	16.0	16.6	1.511
972	15.4	16.6	1.465
973	14.2	16.6	1.356
974	14.0	16.6	1.191
975	13.6	16.6	1.086
976	13.6	16.6	1.014
977	14.0	16.6	1.053
978	14.7	16.6	1.307
979	16.0	16.6	1.458
980	16.3	16.6	1.804
981	17.1	16.6	1.853
982	17.8	16.6	1.728
983	17.3	16.6	1.040
984	17.7	16.6	0.652
985	18.0	16.6	0.451
986	17.9	16.6	0.244
987	17.8	16.6	0.095
988	18.2	16.6	0.069
989	18.1	16.6	0.207
990	17.8	16.6	0.520
991	17.6	16.6	1.405
992	17.5	16.6	1.504
993	17.3	16.6	1.511
994	16.3	16.6	1.583
995	16.0	16.6	1.511
996	15.6	16.6	1.465
997	14.8	16.6	1.356
998	14.4	16.6	1.191
999	14.4	16.6	1.086
1000	14.5	16.6	1.014
1001	14.7	16.6	1.053
1002	15.2	16.6	1.307
1003	15.6	16.6	1.458
1004	15.8	16.6	1.804
1005	15.7	16.6	1.853
1006	16.7	16.6	1.728
1007	16.6	16.6	1.040
1008	16.0	16.6	0.652
1009	16.2	16.6	0.451
1010	16.2	16.5	0.244
1011	16.6	16.5	0.095
1012	16.6	16.5	0.069
1013	16.1	16.5	0.207
1014	15.8	16.5	0.520
1015	15.6	16.5	1.405
1016	15.3	16.5	1.504
1017	14.9	16.5	1.511
1018	14.9	16.5	1.583
1019	14.1	16.5	1.511
1020	13.5	16.5	1.465
1021	13.3	16.5	1.356
1022	12.4	16.5	1.191
1023	11.5	16.5	1.086
1024	11.6	16.5	1.014
1025	11.3	16.5	1.053
1026	11.2	16.5	1.307
1027	11.8	16.5	1.458
1028	12.5	16.5	1.804
1029	13.0	16.5	1.853
1030	12.6	16.5	1.728
1031	13.0	16.5	1.040
1032	13.1	16.5	0.652
1033	12.9	16.5	0.451
1034	13.1	16.5	0.244
1035	13.3	16.5	0.095
1036	13.6	16.5	0.069
1037	13.3	16.5	0.207
1038	13.2	16.4	0.520
1039	13.4	16.4	1.405
1040	13.2	16.4	1.504
1041	13.2	16.4	1.511
1042	13.4	16.4	1.583
1043	13.4	16.4	1.511
1044	14.0	16.4	1.465
1045	13.5	16.4	1.356
1046	13.8	16.4	1.191
1047	13.5	16.4	1.086
1048	13.9	16.4	1.014
1049	14.5	16.4	1.053
1050	14.6	16.4	1.307
1051	14.8	16.4	1.458
1052	15.1	16.4	1.804
1053	15.2	16.4	1.853
1054	15.3	16.4	1.728
1055	15.1	16.4	1.040
1056	15.3	16.4	0.652
1057	14.8	16.4	0.451
1058	14.7	16.4	0.244
1059	14.6	16.4	0.095
1060	14.6	16.4	0.069
1061	14.6	16.4	0.207
1062	14.5	16.4	0.520
1063	14.6	16.4	1.405
1064	14.5	16.4	1.504
1065	14.1	16.4	1.511
1066	14.1	16.4	1.583
1067	13.4	16.4	1.511
1068	13.2	16.4	1.465
1069	12.5	16.4	1.356
1070	11.9	16.4	1.191
1071	11.7	16.4	1.086
1072	12.1	16.3	1.014
1073	12.0	16.3	1.053
1074	11.7	16.3	1.307
1075	11.6	16.3	1.458
1076	11.5	16.3	1.804
1077	11.0	16.3	1.853
1078	10.3	16.3	1.728
1079	10.4	16.3	1.040
1080	10.4	16.3	0.652
1081	10.4	16.3	0.451
1082	10.6	16.3	0.244
1083	10.2	16.3	0.095
1084	10.4	16.3	0.069
1085	10.6	16.3	0.207
1086	10.1	16.3	0.520
1087	10.1	16.3	1.405
1088	9.7	16.3	1.504
1089	8.6	16.3	1.511
1090	8.2	16.3	1.583
1091	7.6	16.3	1.511
1092	7.3	16.3	1.465
1093	6.8	16.3	1.356
1094	6.1	16.3	1.191
1095	5.8	16.3	1.086
1096	5.7	16.3	1.014
1097	5.9	16.3	1.053
1098	6.7	16.3	1.307
1099	7.5	16.3	1.458
1100	8.0	16.3	1.804
1101	7.7	16.3	1.853
1102	8.1	16.3	1.728
1103	8.5	16.3	1.040
1104	9.3	16.3	0.652
1105	9.7	16.3	0.451
1106	9.8	16.3	0.244
1107	9.8	16.2	0.095
1108	10.5	16.2	0.069
1109	10.3	16.2	0.207
1110	10.1	16.2	0.520
1111	10.5	16.2	1.405
1112	10.2	16.2	1.504
1113	10.1	16.2	1.511
1114	9.9	16.2	1.583
1115	9.3	16.2	1.511
1116	8.2	16.2	1.465
1117	7.1	16.2	1.356
1118	7.1	16.2	1.191
1119	7.7	16.2	1.086
1120	8.0	16.2	1.014
1121	8.2	16.2	1.053
1122	8.6	16.2	1.307
1123	9.4	16.2	1.458
1124	10.2	16.2	1.804
1125	10.7	16.2	1.853
1126	11.1	16.2	1.728
1127	11.9	16.2	1.040
1128	12.2	16.2	0.652
1129	12.7	16.2	0.451
1130	12.7	16.2	0.244
1131	13.5	16.2	0.095
1132	13.7	16.2	0.069
1133	14.5	16.2	0.207
1134	14.6	16.2	0.520
1135	14.6	16.1	1.405
1136	14.2	16.1	1.504
1137	13.6	16.1	1.511
1138	13.6	16.1	1.583
1139	13.1	16.1	1.511
1140	12.2	16.1	1.465
1141	11.6	16.1	1.356
1142	11.2	16.1	1.191
1143	11.0	16.1	1.086
1144	11.3	16.1	1.014
1145	11.6	16.1	1.053
1146	12.9	16.1	1.307
1147	13.0	16.1	1.458
1148	13.5	16.1	1.804
1149	13.8	16.1	1.853
1150	14.9	16.1	1.728
1151	15.2	16.1	1.040
1152	15.7	16.1	0.652
1153	16.2	16.1	0.451
1154	16.2	16.1	0.244
1155	16.6	16.1	0.095
1156	16.7	16.1	0.069
1157	17.3	16.1	0.207
1158	17.2	16.1	0.520
1159	17.1	16.1	1.405
1160	17.4	16.1	1.504
1161	17.5	16.1	1.511
1162	17.2	16.1	1.583
1163	16.9	16.1	1.511
1164	16.5	16.0	1.465
1165	15.8	16.0	1.356
1166	15.8	16.0	1.191
1167	15.5	16.0	1.086
1168	15.2	16.0	1.014
1169	15.0	16.0	1.053
1170	15.9	16.0	1.307
1171	16.7	16.0	1.458
1172	16.7	16.0	1.804
1173	16.7	16.0	1.853
1174	17.1	16.0	1.728
1175	17.9	16.0	1.040
1176	17.8	16.0	0.652
1177	17.5	16.0	0.451
1178	17.6	16.0	0.244
1179	18.3	16.0	0.095
1180	18.2	16.0	0.069
1181	18.8	16.0	0.207
1182	19.1	16.0	0.520
1183	19.0	16.0	1.405
1184	19.0	16.0	1.504
1185	18.4	16.0	1.511
1186	17.9	16.0	1.583
1187	17.9	16.0	1.511
1188	17.3	16.0	1.465
1189	16.8	16.0	1.356
1190	16.4	16.0	1.191
1191	16.4	16.0	1.086
1192	16.2	16.0	1.014
1193	16.5	15.9	1.053
1194	17.1	15.9	1.307
1195	17.2	15.9	1.458
1196	18.4	15.9	1.804
1197	19.2	15.9	1.853
1198	19.6	15.9	1.728
1199	19.3	15.9	1.040
1200	19.7	15.9	0.652
1201	20.1	15.9	0.451
1202	20.9	15.9	0.244
1203	21.0	15.9	0.095
1204	21.0	15.9	0.069
1205	20.5	15.9	0.207
1206	20.0	15.9	0.520
1207	20.1	15.9	1.405
1208	19.9	15.9	1.504
1209	20.0	15.9	1.511
1210	19.6	15.9	1.583
1211	19.2	15.9	1.511
1212	19.0	15.9	1.465
1213	18.9	15.9	1.356
1214	18.8	15.9	1.191
1215	18.5	15.9	1.086
1216	18.8	15.9	1.014
1217	18.9	15.9	1.053
1218	19.6	15.8	1.307
1219	20.0	15.8	1.458
1220	20.3	15.8	1.804
1221	20.5	15.8	1.853
1222	20.6	15.8	1.728
1223	20.6	15.8	1.040
1224	21.1	15.8	0.652
1225	21.1	15.8	0.451
1226	20.7	15.8	0.244
1227	20.6	15.8	0.095
1228	19.9	15.8	0.069
1229	18.9	15.8	0.207
1230	18.5	15.8	0.520
1231	18.4	15.8	1.405
1232	18.0	15.8	1.504
1233	17.8	15.8	1.511
1234	17.0	15.8	1.583
1235	16.3	15.8	1.511
1236	16.2	15.8	1.465
1237	15.8	15.8	1.356
1238	15.0	15.8	1.191
1239	14.9	15.8	1.086
1240	14.6	15.8	1.014
1241	14.5	15.8	1.053
1242	14.2	15.8	1.307
1243	13.8	15.8	1.458
1244	13.3	15.8	1.804
1245	13.3	15.8	1.853
1246	12.4	15.8	1.728
1247	12.2	15.8	1.040
1248	11.9	15.8	0.652
1249	11.4	15.8	0.451
1250	11.8	15.8	0.244
1251	11.7	15.8	0.095
1252	11.4	15.7	0.069
1253	11.4	15.7	0.207
1254	11.6	15.7	0.520
1255	11.7	15.7	1.405
1256	11.8	15.7	1.504
1257	11.2	15.7	1.511
1258	10.0	15.7	1.583
1259	9.7	15.7	1.511
1260	8.6	15.7	1.465
1261	8.3	15.7	1.356
1262	8.4	15.7	1.191
1263	8.1	15.7	1.086
1264	8.8	15.7	1.014
1265	9.1	15.7	1.053
1266	9.2	15.7	1.307
1267	10.1	15.7	1.458
1268	10.3	15.7	1.804
1269	10.6	15.7	1.853
1270	11.2	15.7	1.728
1271	11.6	15.7	1.040
1272	11.9	15.7	0.652
1273	11.9	15.6	0.451
1274	12.1	15.6	0.244
1275	12.3	15.6	0.095
1276	12.2	15.6	0.069
1277	12.4	15.6	0.207
1278	12.8	15.6	0.520
1279	12.7	15.6	1.405
1280	13.2	15.6	1.504
1281	13.0	15.6	1.511
1282	12.8	15.6	1.583
1283	11.7	15.6	1.511
1284	11.1	15.6	1.465
1285	10.9	15.6	1.356
1286	10.5	15.6	1.191
1287	9.9	15.6	1.086
1288	9.9	15.6	1.014
1289	10.5	15.5	1.053
1290	11.1	15.5	1.307
1291	11.9	15.5	1.458
1292	11.7	15.5	1.804
1293	12.0	15.5	1.853
1294	12.4	15.5	1.728
1295	12.2	15.5	1.040
1296	12.6	15.5	0.652
1297	12.6	15.5	0.451
1298	13.0	15.5	0.244
1299	13.3	15.5	0.095
1300	14.3	15.5	0.069
1301	14.6	15.5	0.207
1302	15.0	15.5	0.520
1303	15.3	15.5	1.405
1304	15.6	15.5	1.504
1305	15.4	15.5	1.511
1306	14.5	15.5	1.583
1307	13.7	15.5	1.511
1308	13.0	15.5	1.465
1309	12.6	15.5	1.356
1310	12.1	15.5	1.191
1311	11.7	15.5	1.086
1312	11.0	15.5	1.014
1313	11.6	15.5	1.053
1314	12.4	15.5	1.307
1315	13.2	15.5	1.458
1316	13.6	15.4	1.804
1317	13.9	15.4	1.853
1318	14.1	15.4	1.728
1319	14.4	15.4	1.040
1320	14.0	15.4	0.652
1321	14.2	15.4	0.451
1322	14.5	15.4	0.244
1323	14.8	15.4	0.095
1324	14.4	15.4	0.069
1325	14.7	15.4	0.207
1326	14.6	15.4	0.520
1327	14.0	15.4	1.405
1328	13.2	15.4	1.504
1329	13.1	15.4	1.511
1330	12.5	15.4	1.583
1331	11.2	15.4	1.511
1332	9.8	15.4	1.465
1333	9.0	15.4	1.356
1334	7.8	15.4	1.191
1335	7.6	15.4	1.086
1336	8.3	15.4	1.014
1337	8.2	15.4	1.053
1338	8.9	15.4	1.307
1339	9.8	15.4	1.458
1340	10.2	15.4	1.804
1341	10.2	15.4	1.853
1342	10.2	15.4	1.728
1343	10.4	15.4	1.040
1344	10.5	15.4	0.652
1345	10.8	15.3	0.451
1346	11.3	15.3	0.244
1347	12.0	15.3	0.095
1348	12.0	15.3	0.069
1349	12.0	15.3	0.207
1350	12.0	15.3	0.520
1351	12.2	15.3	1.405
1352	12.4	15.3	1.504
1353	12.4	15.3	1.511
1354	11.7	15.3	1.583
1355	11.3	15.3	1.511
1356	10.8	15.3	1.465
1357	10.2	15.3	1.356
1358	10.5	15.3	1.191
1359	10.2	15.3	1.086
1360	10.5	15.3	1.014
1361	11.0	15.3	1.053
1362	11.9	15.3	1.307
1363	13.1	15.3	1.458
1364	14.1	15.3	1.804
1365	14.7	15.3	1.853
1366	14.8	15.3	1.728
1367	15.9	15.3	1.040
1368	16.0	15.3	0.652
1369	16.8	15.3	0.451
1370	17.4	15.2	0.244
1371	16.8	15.2	0.095
1372	17.0	15.2	0.069
1373	17.3	15.2	0.207
1374	16.8	15.2	0.520
1375	16.8	15.2	1.405
1376	17.0	15.2	1.504
1377	17.2	15.2	1.511
1378	16.6	15.2	1.583
1379	15.7	15.2	1.511
1380	15.1	15.2	1.465
1381	14.8	15.2	1.356
1382	14.3	15.2	1.191
1383	14.0	15.2	1.086
1384	14.3	15.2	1.014
1385	14.8	15.2	1.053
1386	15.8	15.2	1.307
1387	17.4	15.2	1.458
1388	18.0	15.2	1.804
1389	18.7	15.2	1.853
1390	18.8	15.2	1.728
1391	19.5	15.2	1.040
1392	20.8	15.2	0.652
1393	21.1	15.2	0.451
1394	21.3	15.2	0.244
1395	21.3	15.2	0.095
1396	21.4	15.1	0.069
1397	21.6	15.1	0.207
1398	21.3	15.1	0.520
1399	21.4	15.1	1.405
1400	20.7	15.1	1.504
1401	20.3	15.1	1.511
1402	19.5	15.1	1.583
1403	18.6	15.1	1.511
1404	17.1	15.1	1.465
1405	15.8	15.1	1.356
1406	14.7	15.1	1.191
1407	14.3	15.1	1.086
1408	13.9	15.1	1.014
1409	14.0	15.1	1.053
1410	14.9	15.1	1.307
1411	16.1	15.1	1.458
1412	16.3	15.1	1.804
1413	16.4	15.1	1.853
1414	16.8	15.1	1.728
1415	17.0	15.1	1.040
1416	17.4	15.0	0.652
1417	11.3	15.0	0.451
1418	11.4	15.0	0.244
1419	11.2	15.0	0.095
1420	11.4	15.0	0.069
1421	11.2	15.0	0.207
1422	11.5	15.0	0.520
1423	11.3	15.0	1.405
1424	11.3	15.0	1.504
1425	10.8	15.0	1.511
1426	10.1	15.0	1.583
1427	9.7	15.0	1.511
1428	9.3	15.0	1.465
1429	9.1	15.0	1.356
1430	8.7	15.0	1.191
1431	8.3	15.0	1.086
1432	8.5	15.0	1.014
1433	8.9	15.0	1.053
1434	9.1	15.0	1.307
1435	9.8	15.0	1.458
1436	10.1	15.0	1.804
1437	10.4	15.0	1.853
1438	10.8	15.0	1.728
1439	11.6	15.0	1.040
1440	11.8	15.0	0.652
1441	12.1	15.0	0.451
1442	12.1	15.0	0.244
1443	12.3	15.0	0.095
1444	12.3	14.9	0.069
1445	12.0	14.9	0.207
1446	12.0	14.9	0.520
1447	12.1	14.9	1.405
1448	11.9	14.9	1.504
1449	11.6	14.9	1.511
1450	10.9	14.9	1.583
1451	9.9	14.9	1.511
1452	8.5	14.9	1.465
1453	8.1	14.9	1.356
1454	7.4	14.9	1.191
1455	7.0	14.9	1.086
1456	7.2	14.9	1.014
1457	7.4	14.9	1.053
1458	8.1	14.9	1.307
1459	8.6	14.9	1.458
1460	8.8	14.9	1.804
1461	9.1	14.9	1.853
1462	9.4	14.9	1.728
1463	9.3	14.9	1.040
1464	9.4	14.9	0.652
1465	9.8	14.9	0.451
1466	10.1	14.8	0.244
1467	10.6	14.8	0.095
1468	11.0	14.8	0.069
1469	11.1	14.8	0.207
1470	10.9	14.8	0.520
1471	10.6	14.8	1.405
1472	10.3	14.8	1.504
1473	10.2	14.8	1.511
1474	9.8	14.8	1.583
1475	9.2	14.8	1.511
1476	8.8	14.8	1.465
1477	8.5	14.8	1.356
1478	8.1	14.8	1.191
1479	7.9	14.8	1.086
1480	8.1	14.8	1.014
1481	8.4	14.8	1.053
1482	8.2	14.8	1.307
1483	8.4	14.8	1.458
1484	8.7	14.8	1.804
1485	8.7	14.8	1.853
1486	8.6	14.8	1.728
1487	8.4	14.8	1.040
1488	8.6	14.8	0.652
1489	8.6	14.8	0.451
1490	8.6	14.8	0.244
1491	8.6	14.8	0.095
1492	8.9	14.8	0.069
1493	8.4	14.8	0.207
1494	8.7	14.8	0.520
1495	8.8	14.7	1.405
1496	8.8	14.7	1.504
1497	8.5	14.7	1.511
1498	8.6	14.7	1.583
1499	8.2	14.7	1.511
1500	7.6	14.7	1.465
1501	7.5	14.7	1.356
1502	7.1	14.7	1.191
1503	7.7	14.7	1.086
1504	7.8	14.7	1.014
1505	7.9	14.7	1.053
1506	8.7	14.7	1.307
1507	9.1	14.7	1.458
1508	9.1	14.7	1.804
1509	9.3	14.7	1.853
1510	10.0	14.7	1.728
1511	10.8	14.7	1.040
1512	11.2	14.7	0.652
1513	11.2	14.7	0.451
1514	11.4	14.7	0.244
1515	11.6	14.7	0.095
1516	12.0	14.7	0.069
1517	12.8	14.6	0.207
1518	12.8	14.6	0.520
1519	12.4	14.6	1.405
1520	12.4	14.6	1.504
1521	11.6	14.6	1.511
1522	11.0	14.6	1.583
1523	10.3	14.6	1.511
1524	9.3	14.6	1.465
1525	8.6	14.6	1.356
1526	8.3	14.6	1.191
1527	8.0	14.6	1.086
1528	8.0	14.6	1.014
1529	8.4	14.6	1.053
1530	8.9	14.6	1.307
1531	9.4	14.6	1.458
1532	10.0	14.6	1.804
1533	10.0	14.6	1.853
1534	10.1	14.6	1.728
1535	10.5	14.6	1.040
1536	11.0	14.6	0.652
1537	11.3	14.6	0.451
1538	11.4	14.6	0.244
1539	11.6	14.6	0.095
1540	11.8	14.6	0.069
1541	11.1	14.6	0.207
1542	11.6	14.5	0.520
1543	11.6	14.5	1.405
1544	11.3	14.5	1.504
1545	11.1	14.5	1.511
1546	10.3	14.5	1.583
1547	9.7	14.5	1.511
1548	8.3	14.5	1.465
1549	7.7	14.5	1.356
1550	7.5	14.5	1.191
1551	7.1	14.5	1.086
1552	7.1	14.5	1.014
1553	7.0	14.5	1.053
1554	7.5	14.5	1.307
1555	8.2	14.5	1.458
1556	8.5	14.5	1.804
1557	9.1	14.5	1.853
1558	9.9	14.5	1.728
1559	10.0	14.5	1.040
1560	10.2	14.5	0.652
1561	10.4	14.5	0.451
1562	10.3	14.5	0.244
1563	10.3	14.5	0.095
1564	10.8	14.5	0.069
1565	11.0	14.5	0.207
1566	11.0	14.5	0.520
1567	10.4	14.5	1.405
1568	10.3	14.5	1.504
1569	9.9	14.5	1.511
1570	9.2	14.5	1.583
1571	8.4	14.5	1.511
1572	7.7	14.5	1.465
1573	7.4	14.4	1.356
1574	7.1	14.4	1.191
1575	6.5	14.4	1.086
1576	6.4	14.4	1.014
1577	6.5	14.4	1.053
1578	7.0	14.4	1.307
1579	7.6	14.4	1.458
1580	8.5	14.4	1.804
1581	8.4	14.4	1.853
1582	8.6	14.4	1.728
1583	8.7	14.4	1.040
1584	8.4	14.4	0.652
1585	8.5	14.4	0.451
1586	8.9	14.4	0.244
1587	8.8	14.4	0.095
1588	8.7	14.4	0.069
1589	8.9	14.4	0.207
1590	9.3	14.4	0.520
1591	9.2	14.4	1.405
1592	9.0	14.4	1.504
1593	7.8	14.4	1.511
1594	6.8	14.4	1.583
1595	5.7	14.4	1.511
1596	5.2	14.4	1.465
1597	4.7	14.4	1.356
1598	4.0	14.4	1.191
1599	3.5	14.4	1.086
1600	3.8	14.3	1.014
1601	4.4	14.3	1.053
1602	4.7	14.3	1.307
1603	4.9	14.3	1.458
1604	5.2	14.3	1.804
1605	5.9	14.3	1.853
1606	6.1	14.3	1.728
1607	6.3	14.3	1.040
1608	6.6	14.3	0.652
1609	6.9	14.3	0.451
1610	6.8	14.3	0.244
1611	7.3	14.3	0.095
1612	7.4	14.3	0.069
1613	7.3	14.3	0.207
1614	7.4	14.3	0.520
1615	7.3	14.3	1.405
1616	7.6	14.3	1.504
1617	7.2	14.3	1.511
1618	6.6	14.3	1.583
1619	6.0	14.3	1.511
1620	5.0	14.3	1.465
1621	4.5	14.2	1.356
1622	4.2	14.2	1.191
1623	4.1	14.2	1.086
1624	4.1	14.2	1.014
1625	4.6	14.2	1.053
1626	5.7	14.2	1.307
1627	6.6	14.2	1.458
1628	7.4	14.2	1.804
1629	8.0	14.2	1.853
1630	8.2	14.2	1.728
1631	8.6	14.2	1.040
1632	8.9	14.2	0.652
1633	9.0	14.2	0.451
1634	8.9	14.2	0.244
1635	9.2	14.2	0.095
1636	9.2	14.2	0.069
1637	9.3	14.2	0.207
1638	9.5	14.2	0.520
1639	9.5	14.2	1.405
1640	9.4	14.2	1.504
1641	8.2	14.2	1.511
1642	7.4	14.2	1.583
1643	6.4	14.2	1.511
1644	5.0	14.2	1.465
1645	3.8	14.2	1.356
1646	3.1	14.2	1.191
1647	2.6	14.2	1.086
1648	2.7	14.2	1.014
1649	3.2	14.2	1.053
1650	4.1	14.1	1.307
1651	4.8	14.1	1.458
1652	5.0	14.1	1.804
1653	5.6	14.1	1.853
1654	6.1	14.1	1.728
1655	6.1	14.1	1.040
1656	6.6	14.1	0.652
1657	6.6	14.1	0.451
1658	6.9	14.1	0.244
1659	7.2	14.1	0.095
1660	7.3	14.1	0.069
1661	7.4	14.1	0.207
1662	7.4	14.1	0.520
1663	7.5	14.1	1.405
1664	7.6	14.1	1.504
1665	7.0	14.1	1.511
1666	6.1	14.1	1.583
1667	4.9	14.1	1.511
1668	3.9	14.1	1.465
1669	2.6	14.1	1.356
1670	2.5	14.1	1.191
1671	2.6	14.1	1.086
1672	2.5	14.1	1.014
1673	2.8	14.1	1.053
1674	3.4	14.1	1.307
1675	4.0	14.1	1.458
1676	4.8	14.1	1.804
1677	4.8	14.1	1.853
1678	4.9	14.1	1.728
1679	5.3	14.1	1.040
1680	5.8	14.1	0.652
1681	6.3	14.1	0.451
1682	6.7	14.0	0.244
1683	6.8	14.0	0.095
1684	6.7	14.0	0.069
1685	6.6	14.0	0.207
1686	6.9	14.0	0.520
1687	7.0	14.0	1.405
1688	7.0	14.0	1.504
1689	6.7	14.0	1.511
1690	6.2	14.0	1.583
1691	5.4	14.0	1.511
1692	5.3	14.0	1.465
1693	4.9	14.0	1.356
1694	4.4	14.0	1.191
1695	4.0	14.0	1.086
1696	4.3	14.0	1.014
1697	5.1	14.0	1.053
1698	5.8	14.0	1.307
1699	6.1	14.0	1.458
1700	6.4	14.0	1.804
1701	6.8	14.0	1.853
1702	7.6	14.0	1.728
1703	8.2	14.0	1.040
1704	8.1	14.0	0.652
1705	8.6	14.0	0.451
1706	8.4	14.0	0.244
1707	8.5	13.9	0.095
1708	8.9	13.9	0.069
1709	9.1	13.9	0.207
1710	9.0	13.9	0.520
1711	8.9	13.9	1.405
1712	8.8	13.9	1.504
1713	8.3	13.9	1.511
1714	7.8	13.9	1.583
1715	7.1	13.9	1.511
1716	6.5	13.9	1.465
1717	6.2	13.9	1.356
1718	5.9	13.9	1.191
1719	5.8	13.9	1.086
1720	6.1	13.9	1.014
1721	6.4	13.9	1.053
1722	6.5	13.9	1.307
1723	6.9	13.9	1.458
1724	7.3	13.9	1.804
1725	7.6	13.9	1.853
1726	7.8	13.9	1.728
1727	7.8	13.9	1.040
1728	8.1	13.9	0.652
1729	8.3	13.9	0.451
1730	8.6	13.9	0.244
1731	8.9	13.9	0.095
1732	8.8	13.9	0.069
1733	9.1	13.9	0.207
1734	9.4	13.9	0.520
1735	9.5	13.9	1.405
1736	9.6	13.9	1.504
1737	9.1	13.9	1.511
1738	8.7	13.9	1.583
1739	8.4	13.9	1.511
1740	7.9	13.8	1.465
1741	7.4	13.8	1.356
1742	7.1	13.8	1.191
1743	7.1	13.8	1.086
1744	7.1	13.8	1.014
1745	7.9	13.8	1.053
1746	8.3	13.8	1.307
1747	8.9	13.8	1.458
1748	8.8	13.8	1.804
1749	9.2	13.8	1.853
1750	9.2	13.8	1.728
1751	9.5	13.8	1.040
1752	9.8	13.8	0.652
1753	10.0	13.8	0.451
1754	10.4	13.8	0.244
1755	10.7	13.8	0.095
1756	10.6	13.7	0.069
1757	10.8	13.7	0.207
1758	10.7	13.7	0.520
1759	10.6	13.7	1.405
1760	10.4	13.7	1.504
1761	9.6	13.7	1.511
1762	8.9	13.7	1.583
1763	8.1	13.7	1.511
1764	7.1	13.7	1.465
1765	6.4	13.7	1.356
1766	6.2	13.7	1.191
1767	6.0	13.7	1.086
1768	6.0	13.7	1.014
1769	6.5	13.7	1.053
1770	7.0	13.7	1.307
1771	7.6	13.7	1.458
1772	8.1	13.7	1.804
1773	8.2	13.7	1.853
1774	8.4	13.7	1.728
1775	8.7	13.7	1.040
1776	8.9	13.7	0.652
1777	9.1	13.7	0.451
1778	9.8	13.7	0.244
1779	10.5	13.7	0.095
1780	10.6	13.7	0.069
1781	10.8	13.7	0.207
1782	10.9	13.7	0.520
1783	11.1	13.7	1.405
1784	11.3	13.7	1.504
1785	10.8	13.7	1.511
1786	9.9	13.6	1.583
1787	9.1	13.6	1.511
1788	8.2	13.6	1.465
1789	7.8	13.6	1.356
1790	7.7	13.6	1.191
1791	7.5	13.6	1.086
1792	7.9	13.6	1.014
1793	8.6	13.6	1.053
1794	9.8	13.6	1.307
1795	10.8	13.6	1.458
1796	11.9	13.6	1.804
1797	12.3	13.6	1.853
1798	12.6	13.6	1.728
1799	13.4	13.6	1.040
1800	14.1	13.6	0.652
1801	14.4	13.6	0.451
1802	14.4	13.6	0.244
1803	14.1	13.6	0.095
1804	14.1	13.6	0.069
1805	14.1	13.6	0.207
1806	13.8	13.6	0.520
1807	13.5	13.6	1.405
1808	13.0	13.6	1.504
1809	12.5	13.5	1.511
1810	11.7	13.5	1.583
1811	10.3	13.5	1.511
1812	9.5	13.5	1.465
1813	8.5	13.5	1.356
1814	8.3	13.5	1.191
1815	7.9	13.5	1.086
1816	8.0	13.5	1.014
1817	8.2	13.5	1.053
1818	9.1	13.5	1.307
1819	9.4	13.5	1.458
1820	9.7	13.5	1.804
1821	9.9	13.5	1.853
1822	10.2	13.5	1.728
1823	10.0	13.5	1.040
1824	9.9	13.5	0.652
1825	9.8	13.5	0.451
1826	9.6	13.5	0.244
1827	9.8	13.5	0.095
1828	10.0	13.5	0.069
1829	10.1	13.5	0.207
1830	10.0	13.5	0.520
1831	10.1	13.5	1.405
1832	9.8	13.5	1.504
1833	9.2	13.5	1.511
1834	7.8	13.5	1.583
1835	6.9	13.5	1.511
1836	6.2	13.4	1.465
1837	5.6	13.4	1.356
1838	4.5	13.4	1.191
1839	4.2	13.4	1.086
1840	3.8	13.4	1.014
1841	4.0	13.4	1.053
1842	4.2	13.4	1.307
1843	4.8	13.4	1.458
1844	5.1	13.4	1.804
1845	5.4	13.4	1.853
1846	5.8	13.4	1.728
1847	6.3	13.4	1.040
1848	6.1	13.4	0.652
1849	6.3	13.4	0.451
1850	6.5	13.4	0.244
1851	6.4	13.4	0.095
1852	6.5	13.4	0.069
1853	6.6	13.4	0.207
1854	6.8	13.4	0.520
1855	6.7	13.4	1.405
1856	6.8	13.4	1.504
1857	6.8	13.4	1.511
1858	6.3	13.4	1.583
1859	6.0	13.4	1.511
1860	5.6	13.4	1.465
1861	5.8	13.4	1.356
1862	5.8	13.4	1.191
1863	5.6	13.4	1.086
1864	5.8	13.4	1.014
1865	6.1	13.4	1.053
1866	6.2	13.4	1.307
1867	6.7	13.4	1.458
1868	7.3	13.4	1.804
1869	7.4	13.4	1.853
1870	7.6	13.4	1.728
1871	8.1	13.4	1.040
1872	8.1	13.3	0.652
1873	8.2	13.3	0.451
1874	8.4	13.3	0.244
1875	9.2	13.3	0.095
1876	9.2	13.3	0.069
1877	9.2	13.3	0.207
1878	8.8	13.3	0.520
1879	9.1	13.3	1.405
1880	9.3	13.3	1.504
1881	9.0	13.3	1.511
1882	9.1	13.3	1.583
1883	8.8	13.3	1.511
1884	8.2	13.3	1.465
1885	7.3	13.3	1.356
1886	7.0	13.3	1.191
1887	6.9	13.3	1.086
1888	7.3	13.3	1.014
1889	7.7	13.3	1.053
1890	7.7	13.3	1.307
1891	8.2	13.3	1.458
1892	8.3	13.3	1.804
1893	8.3	13.3	1.853
1894	8.9	13.3	1.728
1895	9.3	13.3	1.040
1896	9.4	13.2	0.652
1897	9.4	13.2	0.451
1898	9.5	13.2	0.244
1899	9.5	13.2	0.095
1900	9.4	13.2	0.069
1901	9.4	13.2	0.207
1902	9.4	13.2	0.520
1903	9.4	13.2	1.405
1904	9.4	13.2	1.504
1905	8.9	13.2	1.511
1906	8.6	13.2	1.583
1907	8.0	13.2	1.511
1908	7.7	13.2	1.465
1909	7.2	13.2	1.356
1910	6.9	13.2	1.191
1911	7.0	13.2	1.086
1912	6.8	13.2	1.014
1913	7.5	13.2	1.053
1914	7.9	13.2	1.307
1915	8.0	13.2	1.458
1916	8.0	13.2	1.804
1917	8.2	13.2	1.853
1918	8.4	13.2	1.728
1919	8.5	13.2	1.040
1920	8.4	13.2	0.652
1921	8.5	13.2	0.451
1922	8.6	13.2	0.244
1923	8.7	13.2	0.095
1924	8.9	13.2	0.069
1925	8.8	13.1	0.207
1926	9.1	13.1	0.520
1927	9.0	13.1	1.405
1928	9.0	13.1	1.504
1929	9.2	13.1	1.511
1930	9.0	13.1	1.583
1931	8.7	13.1	1.511
1932	9.0	13.1	1.465
1933	9.2	13.1	1.356
1934	9.2	13.1	1.191
1935	9.0	13.1	1.086
1936	8.9	13.1	1.014
1937	8.8	13.1	1.053
1938	9.1	13.1	1.307
1939	9.1	13.1	1.458
1940	9.3	13.1	1.804
1941	9.1	13.1	1.853
1942	8.9	13.1	1.728
1943	8.6	13.1	1.040
1944	8.1	13.1	0.652
1945	8.1	13.1	0.451
1946	8.1	13.1	0.244
1947	8.4	13.1	0.095
1948	8.4	13.1	0.069
1949	8.1	13.1	0.207
1950	8.2	13.1	0.520
1951	8.0	13.1	1.405
1952	7.5	13.0	1.504
1953	6.6	13.0	1.511
1954	6.0	13.0	1.583
1955	5.0	13.0	1.511
1956	4.6	13.0	1.465
1957	4.0	13.0	1.356
1958	3.3	13.0	1.191
1959	3.0	13.0	1.086
1960	3.2	13.0	1.014
1961	3.1	13.0	1.053
1962	3.5	13.0	1.307
1963	4.4	13.0	1.458
1964	4.7	13.0	1.804
1965	5.0	13.0	1.853
1966	5.0	13.0	1.728
1967	4.9	13.0	1.040
1968	5.4	13.0	0.652
1969	5.4	13.0	0.451
1970	5.9	13.0	0.244
1971	6.7	13.0	0.095
1972	6.6	13.0	0.069
1973	7.1	13.0	0.207
1974	7.4	13.0	0.520
1975	7.9	13.0	1.405
1976	8.4	13.0	1.504
1977	8.3	13.0	1.511
1978	7.2	13.0	1.583
1979	6.8	13.0	1.511
1980	5.9	13.0	1.465
1981	5.7	13.0	1.356
1982	5.0	12.9	1.191
1983	5.2	12.9	1.086
1984	5.7	12.9	1.014
1985	6.6	12.9	1.053
1986	7.7	12.9	1.307
1987	8.4	12.9	1.458
1988	9.2	12.9	1.804
1989	9.9	12.9	1.853
1990	10.6	12.9	1.728
1991	11.2	12.9	1.040
1992	12.0	12.9	0.652
1993	12.6	12.9	0.451
1994	13.0	12.9	0.244
1995	13.3	12.9	0.095
1996	13.1	12.9	0.069
1997	13.1	12.9	0.207
1998	12.8	12.9	0.520
1999	12.8	12.9	1.405
2000	12.8	12.9	1.504
2001	12.1	12.9	1.511
2002	11.7	12.9	1.583
2003	11.1	12.9	1.511
2004	10.1	12.9	1.465
2005	9.0	12.8	1.356
2006	8.7	12.8	1.191
2007	8.7	12.8	1.086
2008	9.1	12.8	1.014
2009	9.3	12.8	1.053
2010	9.8	12.8	1.307
2011	10.6	12.8	1.458
2012	10.8	12.8	1.804
2013	11.1	12.8	1.853
2014	11.2	12.8	1.728
2015	11.4	12.8	1.040
2016	11.8	12.8	0.652
2017	12.0	12.8	0.451
2018	11.9	12.8	0.244
2019	12.0	12.8	0.095
2020	12.4	12.8	0.069
2021	12.4	12.8	0.207
2022	12.7	12.8	0.520
2023	12.8	12.8	1.405
2024	12.7	12.8	1.504
2025	12.9	12.8	1.511
2026	12.2	12.8	1.583
2027	11.2	12.8	1.511
2028	10.5	12.8	1.465
2029	9.8	12.8	1.356
2030	9.9	12.7	1.191
2031	9.7	12.7	1.086
2032	10.0	12.7	1.014
2033	10.1	12.7	1.053
2034	10.2	12.7	1.307
2035	10.7	12.7	1.458
2036	10.6	12.7	1.804
2037	11.2	12.7	1.853
2038	11.1	12.7	1.728
2039	11.5	12.7	1.040
2040	12.1	12.7	0.652
2041	12.2	12.7	0.451
2042	12.5	12.7	0.244
2043	12.1	12.7	0.095
2044	11.7	12.7	0.069
2045	11.6	12.7	0.207
2046	12.2	12.7	0.520
2047	12.1	12.6	1.405
2048	11.7	12.6	1.504
2049	11.2	12.6	1.511
2050	10.8	12.6	1.583
2051	10.1	12.6	1.511
2052	9.3	12.6	1.465
2053	8.4	12.6	1.356
2054	8.0	12.6	1.191
2055	8.2	12.6	1.086
2056	8.4	12.6	1.014
2057	8.3	12.6	1.053
2058	8.9	12.6	1.307
2059	9.2	12.6	1.458
2060	9.5	12.6	1.804
2061	9.9	12.5	1.853
2062	10.5	12.5	1.728
2063	10.5	12.5	1.040
2064	10.4	12.5	0.652
2065	10.8	12.5	0.451
2066	11.4	12.5	0.244
2067	11.6	12.5	0.095
2068	12.2	12.5	0.069
2069	12.7	12.5	0.207
2070	12.7	12.5	0.520
2071	12.7	12.5	1.405
2072	12.8	12.5	1.504
2073	13.2	12.5	1.511
2074	12.4	12.5	1.583
2075	11.9	12.5	1.511
2076	11.4	12.5	1.465
2077	10.9	12.5	1.356
2078	10.7	12.5	1.191
2079	10.4	12.4	1.086
2080	10.7	12.4	1.014
2081	11.1	12.4	1.053
2082	11.7	12.4	1.307
2083	12.6	12.4	1.458
2084	13.4	12.4	1.804
2085	13.9	12.4	1.853
2086	14.1	12.4	1.728
2087	14.7	12.4	1.040
2088	15.0	12.4	0.652
2089	15.4	12.4	0.451
2090	15.7	12.4	0.244
2091	15.7	12.4	0.095
2092	15.8	12.4	0.069
2093	16.3	12.4	0.207
2094	16.3	12.4	0.520
2095	16.3	12.4	1.405
2096	15.7	12.4	1.504
2097	14.8	12.4	1.511
2098	13.6	12.4	1.583
2099	12.3	12.4	1.511
2100	10.9	12.4	1.465
2101	10.0	12.4	1.356
2102	8.9	12.4	1.191
2103	8.3	12.4	1.086
2104	7.9	12.4	1.014
2105	8.2	12.4	1.053
2106	8.9	12.4	1.307
2107	9.7	12.4	1.458
2108	10.2	12.4	1.804
2109	10.6	12.4	1.853
2110	11.0	12.4	1.728
2111	10.9	12.4	1.040
2112	10.9	12.3	0.652
2113	11.5	12.3	0.451
2114	11.4	12.3	0.244
2115	11.8	12.3	0.095
2116	11.9	12.3	0.069
2117	11.8	12.3	0.207
2118	12.0	12.3	0.520
2119	11.9	12.3	1.405
2120	11.9	12.3	1.504
2121	11.3	12.3	1.511
2122	10.2	12.3	1.583
2123	9.3	12.3	1.511
2124	8.3	12.3	1.465
2125	7.5	12.2	1.356
2126	6.7	12.2	1.191
2127	6.9	12.2	1.086
2128	7.3	12.2	1.014
2129	8.1	12.2	1.053
2130	8.9	12.2	1.307
2131	9.6	12.2	1.458
2132	9.9	12.2	1.804
2133	10.4	12.2	1.853
2134	11.2	12.2	1.728
2135	11.9	12.2	1.040
2136	12.3	12.2	0.652
2137	13.0	12.2	0.451
2138	13.5	12.2	0.244
2139	13.9	12.2	0.095
2140	13.8	12.2	0.069
2141	13.9	12.2	0.207
2142	13.7	12.2	0.520
2143	13.8	12.2	1.405
2144	13.7	12.2	1.504
2145	13.2	12.2	1.511
2146	12.8	12.2	1.583
2147	12.1	12.2	1.511
2148	11.3	12.2	1.465
2149	10.2	12.2	1.356
2150	9.9	12.2	1.191
2151	10.1	12.2	1.086
2152	10.3	12.1	1.014
2153	10.8	12.1	1.053
2154	11.3	12.1	1.307
2155	11.6	12.1	1.458
2156	12.0	12.1	1.804
2157	12.8	12.1	1.853
2158	13.2	12.1	1.728
2159	13.6	12.1	1.040
2160	14.0	12.1	0.652
2161	6.9	12.1	0.451
2162	7.0	12.1	0.244
2163	7.1	12.1	0.095
2164	7.2	12.1	0.069
2165	7.1	12.1	0.207
2166	7.1	12.1	0.520
2167	7.1	12.1	1.405
2168	6.9	12.1	1.504
2169	6.7	12.1	1.511
2170	6.2	12.1	1.583
2171	5.7	12.1	1.511
2172	5.3	12.0	1.465
2173	5.0	12.0	1.356
2174	4.8	12.0	1.191
2175	4.7	12.0	1.086
2176	4.8	12.0	1.014
2177	4.8	12.0	1.053
2178	5.0	12.0	1.307
2179	5.5	12.0	1.458
2180	5.9	12.0	1.804
2181	6.1	12.0	1.853
2182	6.3	12.0	1.728
2183	6.4	12.0	1.040
2184	6.3	12.0	0.652
2185	6.5	12.0	0.451
2186	6.3	12.0	0.244
2187	6.5	12.0	0.095
2188	6.2	12.0	0.069
2189	6.2	12.0	0.207
2190	6.1	12.0	0.520
2191	6.0	12.0	1.405
2192	5.8	12.0	1.504
2193	5.1	12.0	1.511
2194	4.5	12.0	1.583
2195	3.9	12.0	1.511
2196	3.3	12.0	1.465
2197	3.0	12.0	1.356
2198	2.8	12.0	1.191
2199	2.4	12.0	1.086
2200	2.2	12.0	1.014
2201	2.2	12.0	1.053
2202	2.3	11.9	1.307
2203	2.8	11.9	1.458
2204	2.9	11.9	1.804
2205	3.2	11.9	1.853
2206	3.5	11.9	1.728
2207	3.4	11.9	1.040
2208	3.5	11.9	0.652
2209	3.7	11.9	0.451
2210	3.8	11.9	0.244
2211	4.0	11.9	0.095
2212	4.1	11.9	0.069
2213	4.0	11.9	0.207
2214	3.8	11.9	0.520
2215	3.7	11.9	1.405
2216	3.6	11.9	1.504
2217	3.2	11.9	1.511
2218	2.7	11.9	1.583
2219	2.1	11.9	1.511
2220	1.8	11.9	1.465
2221	1.5	11.9	1.356
2222	1.1	11.9	1.191
2223	0.9	11.9	1.086
2224	0.9	11.9	1.014
2225	1.3	11.9	1.053
2226	1.7	11.9	1.307
2227	2.3	11.9	1.458
2228	2.6	11.9	1.804
2229	3.1	11.9	1.853
2230	3.5	11.9	1.728
2231	4.1	11.9	1.040
2232	4.3	11.9	0.652
2233	4.6	11.9	0.451
2234	4.8	11.9	0.244
2235	4.8	11.8	0.095
2236	4.9	11.8	0.069
2237	4.8	11.8	0.207
2238	4.9	11.8	0.520
2239	4.8	11.8	1.405
2240	4.5	11.8	1.504
2241	4.2	11.8	1.511
2242	3.5	11.8	1.583
2243	3.1	11.8	1.511
2244	2.8	11.8	1.465
2245	2.4	11.8	1.356
2246	2.1	11.8	1.191
2247	2.0	11.8	1.086
2248	2.1	11.8	1.014
2249	2.3	11.8	1.053
2250	2.6	11.8	1.307
2251	3.1	11.8	1.458
2252	3.4	11.8	1.804
2253	3.7	11.8	1.853
2254	3.8	11.8	1.728
2255	3.9	11.7	1.040
2256	4.1	11.7	0.652
2257	4.5	11.7	0.451
2258	4.3	11.7	0.244
2259	4.3	11.7	0.095
2260	4.4	11.7	0.069
2261	4.5	11.7	0.207
2262	4.6	11.7	0.520
2263	4.5	11.7	1.405
2264	4.5	11.7	1.504
2265	4.2	11.7	1.511
2266	3.8	11.7	1.583
2267	3.4	11.7	1.511
2268	3.1	11.7	1.465
2269	2.8	11.7	1.356
2270	2.6	11.7	1.191
2271	2.5	11.7	1.086
2272	2.3	11.7	1.014
2273	2.6	11.7	1.053
2274	2.9	11.7	1.307
2275	3.1	11.7	1.458
2276	3.6	11.7	1.804
2277	3.9	11.7	1.853
2278	4.0	11.7	1.728
2279	4.1	11.7	1.040
2280	4.3	11.7	0.652
2281	4.6	11.7	0.451
2282	4.7	11.7	0.244
2283	4.7	11.7	0.095
2284	4.8	11.7	0.069
2285	4.8	11.7	0.207
2286	4.7	11.7	0.520
2287	4.6	11.7	1.405
2288	4.4	11.7	1.504
2289	4.2	11.7	1.511
2290	3.9	11.6	1.583
2291	3.1	11.6	1.511
2292	2.8	11.6	1.465
2293	2.3	11.6	1.356
2294	2.0	11.6	1.191
2295	2.0	11.6	1.086
2296	2.2	11.6	1.014
2297	2.2	11.6	1.053
2298	2.2	11.6	1.307
2299	2.8	11.6	1.458
2300	3.1	11.6	1.804
2301	3.4	11.6	1.853
2302	3.6	11.6	1.728
2303	4.0	11.6	1.040
2304	4.1	11.6	0.652
2305	4.3	11.6	0.451
2306	4.2	11.6	0.244
2307	4.3	11.6	0.095
2308	4.3	11.6	0.069
2309	4.4	11.6	0.207
2310	4.4	11.6	0.520
2311	4.4	11.6	1.405
2312	4.0	11.6	1.504
2313	3.9	11.6	1.511
2314	3.5	11.6	1.583
2315	2.9	11.6	1.511
2316	2.5	11.6	1.465
2317	2.3	11.6	1.356
2318	2.0	11.6	1.191
2319	1.8	11.6	1.086
2320	1.8	11.6	1.014
2321	1.7	11.6	1.053
2322	1.8	11.6	1.307
2323	2.0	11.5	1.458
2324	2.1	11.5	1.804
2325	2.2	11.5	1.853
2326	2.0	11.5	1.728
2327	2.0	11.5	1.040
2328	2.0	11.5	0.652
2329	2.1	11.5	0.451
2330	2.1	11.5	0.244
2331	2.3	11.5	0.095
2332	2.4	11.5	0.069
2333	2.4	11.5	0.207
2334	2.5	11.5	0.520
2335	2.4	11.5	1.405
2336	2.3	11.5	1.504
2337	2.1	11.5	1.511
2338	1.6	11.4	1.583
2339	1.2	11.4	1.511
2340	1.0	11.4	1.465
2341	0.7	11.4	1.356
2342	0.7	11.4	1.191
2343	0.7	11.4	1.086
2344	0.8	11.4	1.014
2345	1.2	11.4	1.053
2346	1.7	11.4	1.307
2347	2.1	11.4	1.458
2348	2.5	11.4	1.804
2349	2.8	11.4	1.853
2350	3.4	11.4	1.728
2351	3.7	11.4	1.040
2352	4.2	11.4	0.652
2353	4.4	11.4	0.451
2354	4.6	11.4	0.244
2355	4.7	11.4	0.095
2356	4.6	11.4	0.069
2357	4.7	11.4	0.207
2358	4.6	11.4	0.520
2359	4.7	11.4	1.405
2360	4.3	11.4	1.504
2361	3.9	11.4	1.511
2362	3.5	11.4	1.583
2363	3.0	11.4	1.511
2364	2.5	11.4	1.465
2365	2.3	11.4	1.356
2366	2.2	11.4	1.191
2367	1.9	11.4	1.086
2368	2.1	11.4	1.014
2369	2.1	11.3	1.053
2370	2.6	11.3	1.307
2371	3.2	11.3	1.458
2372	3.4	11.3	1.804
2373	3.8	11.3	1.853
2374	4.1	11.3	1.728
2375	4.2	11.3	1.040
2376	4.3	11.3	0.652
2377	4.4	11.3	0.451
2378	4.5	11.3	0.244
2379	4.6	11.3	0.095
2380	4.5	11.3	0.069
2381	4.6	11.3	0.207
2382	4.5	11.3	0.520
2383	4.4	11.3	1.405
2384	4.5	11.3	1.504
2385	4.1	11.3	1.511
2386	3.9	11.3	1.583
2387	3.5	11.3	1.511
2388	3.2	11.3	1.465
2389	2.8	11.3	1.356
2390	2.6	11.3	1.191
2391	2.6	11.3	1.086
2392	2.6	11.3	1.014
2393	2.8	11.3	1.053
2394	2.8	11.3	1.307
2395	2.7	11.3	1.458
2396	3.0	11.3	1.804
2397	3.2	11.3	1.853
2398	3.4	11.3	1.728
2399	3.4	11.2	1.040
2400	3.4	11.2	0.652
2401	3.4	11.2	0.451
2402	3.5	11.2	0.244
2403	3.3	11.2	0.095
2404	3.6	11.2	0.069
2405	3.5	11.2	0.207
2406	3.7	11.2	0.520
2407	3.7	11.2	1.405
2408	3.6	11.2	1.504
2409	3.4	11.2	1.511
2410	2.8	11.2	1.583
2411	2.4	11.2	1.511
2412	1.9	11.2	1.465
2413	1.7	11.2	1.356
2414	1.6	11.2	1.191
2415	1.3	11.2	1.086
2416	1.4	11.2	1.014
2417	1.8	11.2	1.053
2418	2.0	11.2	1.307
2419	2.6	11.2	1.458
2420	3.0	11.2	1.804
2421	3.0	11.2	1.853
2422	3.1	11.2	1.728
2423	3.5	11.2	1.040
2424	3.8	11.2	0.652
2425	4.0	11.2	0.451
2426	4.2	11.1	0.244
2427	4.3	11.1	0.095
2428	4.6	11.1	0.069
2429	4.5	11.1	0.207
2430	4.5	11.1	0.520
2431	4.5	11.1	1.405
2432	4.3	11.1	1.504
2433	4.1	11.1	1.511
2434	4.0	11.1	1.583
2435	3.9	11.1	1.511
2436	3.6	11.1	1.465
2437	3.5	11.1	1.356
2438	3.5	11.1	1.191
2439	3.6	11.1	1.086
2440	3.7	11.1	1.014
2441	3.6	11.1	1.053
2442	3.6	11.1	1.307
2443	4.0	11.1	1.458
2444	4.0	11.1	1.804
2445	4.2	11.1	1.853
2446	4.4	11.1	1.728
2447	4.4	11.1	1.040
2448	4.5	11.1	0.652
2449	4.9	11.1	0.451
2450	4.8	11.1	0.244
2451	4.9	11.1	0.095
2452	5.0	11.1	0.069
2453	5.0	11.1	0.207
2454	5.0	11.1	0.520
2455	4.7	11.1	1.405
2456	4.6	11.1	1.504
2457	4.3	11.1	1.511
2458	3.7	11.0	1.583
2459	3.3	11.0	1.511
2460	3.0	11.0	1.465
2461	2.7	11.0	1.356
2462	2.6	11.0	1.191
2463	2.7	11.0	1.086
2464	2.7	11.0	1.014
2465	2.7	11.0	1.053
2466	3.0	11.0	1.307
2467	3.1	11.0	1.458
2468	3.5	11.0	1.804
2469	3.7	11.0	1.853
2470	3.9	11.0	1.728
2471	4.2	11.0	1.040
2472	4.4	11.0	0.652
2473	4.4	11.0	0.451
2474	4.5	11.0	0.244
2475	4.8	11.0	0.095
2476	5.0	11.0	0.069
2477	5.0	11.0	0.207
2478	5.0	11.0	0.520
2479	5.1	10.9	1.405
2480	5.0	10.9	1.504
2481	4.9	10.9	1.511
2482	4.8	10.9	1.583
2483	4.6	10.9	1.511
2484	4.3	10.9	1.465
2485	4.2	10.9	1.356
2486	4.2	10.9	1.191
2487	4.2	10.9	1.086
2488	4.2	10.9	1.014
2489	4.1	10.9	1.053
2490	4.3	10.9	1.307
2491	4.6	10.9	1.458
2492	5.0	10.9	1.804
2493	5.1	10.9	1.853
2494	5.2	10.9	1.728
2495	5.2	10.9	1.040
2496	5.3	10.9	0.652
2497	5.4	10.9	0.451
2498	5.3	10.9	0.244
2499	5.3	10.9	0.095
2500	5.1	10.9	0.069
2501	5.2	10.8	0.207
2502	5.2	10.8	0.520
2503	5.3	10.8	1.405
2504	5.0	10.8	1.504
2505	5.0	10.8	1.511
2506	4.8	10.8	1.583
2507	4.3	10.8	1.511
2508	4.0	10.8	1.465
2509	4.0	10.8	1.356
2510	3.9	10.8	1.191
2511	3.7	10.8	1.086
2512	3.5	10.8	1.014
2513	3.7	10.8	1.053
2514	3.9	10.8	1.307
2515	4.1	10.8	1.458
2516	4.2	10.8	1.804
2517	4.1	10.8	1.853
2518	4.4	10.8	1.728
2519	4.7	10.8	1.040
2520	5.0	10.8	0.652
2521	5.1	10.8	0.451
2522	5.1	10.8	0.244
2523	5.4	10.8	0.095
2524	5.4	10.8	0.069
2525	5.5	10.7	0.207
2526	5.6	10.7	0.520
2527	5.6	10.7	1.405
2528	5.5	10.7	1.504
2529	5.2	10.7	1.511
2530	4.8	10.7	1.583
2531	4.7	10.7	1.511
2532	4.6	10.7	1.465
2533	4.4	10.7	1.356
2534	4.0	10.7	1.191
2535	4.0	10.7	1.086
2536	4.2	10.7	1.014
2537	4.1	10.7	1.053
2538	4.2	10.7	1.307
2539	4.4	10.7	1.458
2540	4.6	10.7	1.804
2541	4.8	10.7	1.853
2542	4.8	10.7	1.728
2543	4.8	10.7	1.040
2544	5.0	10.7	0.652
2545	5.0	10.7	0.451
2546	5.2	10.6	0.244
2547	5.2	10.6	0.095
2548	5.4	10.6	0.069
2549	5.4	10.6	0.207
2550	5.3	10.6	0.520
2551	5.2	10.6	1.405
2552	4.8	10.6	1.504
2553	4.2	10.6	1.511
2554	3.7	10.6	1.583
2555	3.3	10.6	1.511
2556	3.0	10.6	1.465
2557	2.6	10.6	1.356
2558	2.3	10.6	1.191
2559	2.1	10.6	1.086
2560	2.0	10.6	1.014
2561	2.0	10.6	1.053
2562	2.1	10.6	1.307
2563	2.3	10.6	1.458
2564	2.6	10.6	1.804
2565	2.8	10.6	1.853
2566	3.1	10.6	1.728
2567	3.0	10.6	1.040
2568	3.2	10.6	0.652
2569	3.3	10.6	0.451
2570	3.6	10.6	0.244
2571	3.6	10.6	0.095
2572	3.8	10.6	0.069
2573	3.7	10.6	0.207
2574	3.9	10.5	0.520
2575	3.9	10.5	1.405
2576	3.9	10.5	1.504
2577	3.8	10.5	1.511
2578	3.4	10.5	1.583
2579	3.1	10.5	1.511
2580	2.5	10.5	1.465
2581	2.2	10.5	1.356
2582	2.1	10.5	1.191
2583	1.8	10.5	1.086
2584	1.7	10.5	1.014
2585	2.0	10.5	1.053
2586	2.3	10.5	1.307
2587	2.7	10.5	1.458
2588	3.1	10.5	1.804
2589	3.6	10.5	1.853
2590	3.9	10.5	1.728
2591	4.2	10.5	1.040
2592	4.4	10.5	0.652
2593	4.7	10.5	0.451
2594	4.7	10.5	0.244
2595	4.6	10.5	0.095
2596	4.5	10.5	0.069
2597	4.5	10.5	0.207
2598	4.3	10.5	0.520
2599	4.3	10.4	1.405
2600	4.1	10.4	1.504
2601	4.0	10.4	1.511
2602	3.9	10.4	1.583
2603	3.4	10.4	1.511
2604	3.5	10.4	1.465
2605	3.1	10.4	1.356
2606	2.9	10.4	1.191
2607	2.8	10.4	1.086
2608	2.9	10.4	1.014
2609	2.8	10.4	1.053
2610	2.8	10.4	1.307
2611	2.8	10.4	1.458
2612	2.8	10.4	1.804
2613	2.8	10.4	1.853
2614	2.8	10.4	1.728
2615	2.9	10.4	1.040
2616	2.8	10.4	0.652
2617	2.8	10.4	0.451
2618	2.8	10.4	0.244
2619	2.7	10.4	0.095
2620	2.9	10.4	0.069
2621	2.8	10.4	0.207
2622	2.9	10.4	0.520
2623	2.9	10.4	1.405
2624	2.8	10.4	1.504
2625	2.6	10.3	1.511
2626	2.4	10.3	1.583
2627	2.2	10.3	1.511
2628	1.9	10.3	1.465
2629	1.8	10.3	1.356
2630	1.8	10.3	1.191
2631	1.8	10.3	1.086
2632	1.6	10.3	1.014
2633	1.6	10.3	1.053
2634	1.7	10.3	1.307
2635	1.9	10.3	1.458
2636	2.1	10.3	1.804
2637	2.3	10.3	1.853
2638	2.4	10.3	1.728
2639	2.5	10.3	1.040
2640	2.3	10.2	0.652
2641	2.4	10.2	0.451
2642	2.7	10.2	0.244
2643	3.0	10.2	0.095
2644	3.2	10.2	0.069
2645	3.2	10.2	0.207
2646	3.2	10.2	0.520
2647	3.4	10.2	1.405
2648	3.3	10.2	1.504
2649	3.0	10.2	1.511
2650	2.6	10.2	1.583
2651	2.4	10.2	1.511
2652	2.1	10.2	1.465
2653	1.8	10.2	1.356
2654	1.5	10.2	1.191
2655	1.5	10.2	1.086
2656	1.6	10.2	1.014
2657	1.8	10.2	1.053
2658	2.3	10.2	1.307
2659	2.8	10.2	1.458
2660	3.2	10.1	1.804
2661	3.6	10.1	1.853
2662	4.0	10.1	1.728
2663	4.3	10.1	1.040
2664	4.5	10.1	0.652
2665	4.8	10.1	0.451
2666	4.7	10.1	0.244
2667	4.8	10.1	0.095
2668	4.8	10.1	0.069
2669	4.7	10.1	0.207
2670	4.6	10.1	0.520
2671	4.4	10.1	1.405
2672	4.2	10.1	1.504
2673	3.6	10.1	1.511
2674	3.4	10.1	1.583
2675	2.9	10.1	1.511
2676	2.4	10.1	1.465
2677	1.9	10.1	1.356
2678	1.6	10.1	1.191
2679	1.5	10.1	1.086
2680	1.4	10.1	1.014
2681	1.1	10.1	1.053
2682	1.1	10.1	1.307
2683	1.3	10.0	1.458
2684	1.5	10.0	1.804
2685	1.7	10.0	1.853
2686	1.9	10.0	1.728
2687	1.8	10.0	1.040
2688	1.9	10.0	0.652
2689	0.0	10.0	0.451
2690	0.0	10.0	0.244
2691	0.0	10.0	0.095
2692	0.0	10.0	0.069
2693	0.0	10.0	0.207
2694	0.0	10.0	0.520
2695	0.0	10.0	1.405
2696	0.0	10.0	1.504
2697	0.0	10.0	1.511
2698	0.0	10.0	1.583
2699	0.0	10.0	1.511
2700	0.0	10.0	1.465
2701	0.0	10.0	1.356
2702	0.0	9.9	1.191
2703	0.0	9.9	1.086
2704	0.0	9.9	1.014
2705	0.0	9.9	1.053
2706	0.0	9.9	1.307
2707	0.0	9.9	1.458
2708	0.0	9.9	1.804
2709	0.0	9.9	1.853
2710	0.0	9.9	1.728
2711	0.0	9.9	1.040
2712	0.0	9.9	0.652
2713	0.0	9.9	0.451
2714	0.0	9.9	0.244
2715	0.0	9.9	0.095
2716	0.0	9.9	0.069
2717	0.0	9.9	0.207
2718	0.0	9.9	0.520
2719	0.0	9.9	1.405
2720	0.0	9.9	1.504
2721	0.0	9.9	1.511
2722	0.0	9.9	1.583
2723	0.0	9.9	1.511
2724	0.0	9.9	1.465
2725	0.0	9.8	1.356
2726	0.0	9.8	1.191
2727	0.0	9.8	1.086
2728	0.0	9.8	1.014
2729	0.0	9.8	1.053
2730	0.0	9.8	1.307
2731	0.0	9.8	1.458
2732	0.0	9.8	1.804
2733	0.0	9.8	1.853
2734	0.0	9.8	1.728
2735	0.0	9.8	1.040
2736	0.0	9.8	0.652
2737	0.0	9.8	0.451
2738	0.0	9.8	0.244
2739	0.0	9.8	0.095
2740	0.0	9.8	0.069
2741	0.0	9.8	0.207
2742	0.0	9.8	0.520
2743	0.0	9.8	1.405
2744	0.0	9.8	1.504
2745	0.0	9.7	1.511
2746	0.0	9.7	1.583
2747	0.0	9.7	1.511
2748	0.0	9.7	1.465
2749	0.0	9.7	1.356
2750	0.0	9.7	1.191
2751	0.0	9.7	1.086
2752	0.0	9.7	1.014
2753	0.0	9.7	1.053
2754	0.0	9.7	1.307
2755	0.0	9.7	1.458
2756	0.0	9.7	1.804
2757	0.0	9.7	1.853
2758	0.0	9.7	1.728
2759	0.0	9.7	1.040
2760	0.0	9.7	0.652
2761	1.8	9.7	0.451
2762	2.1	9.7	0.244
2763	2.2	9.7	0.095
2764	2.4	9.6	0.069
2765	2.6	9.6	0.207
2766	2.8	9.6	0.520
2767	2.8	9.6	1.405
2768	2.8	9.6	1.504
2769	2.4	9.6	1.511
2770	2.0	9.6	1.583
2771	1.7	9.6	1.511
2772	1.4	9.6	1.465
2773	1.1	9.6	1.356
2774	1.0	9.6	1.191
2775	1.1	9.6	1.086
2776	1.1	9.5	1.014
2777	1.4	9.5	1.053
2778	1.9	9.5	1.307
2779	2.6	9.5	1.458
2780	3.1	9.5	1.804
2781	3.4	9.5	1.853
2782	3.8	9.5	1.728
2783	4.0	9.5	1.040
2784	4.4	9.5	0.652
2785	4.6	9.5	0.451
2786	4.5	9.5	0.244
2787	4.8	9.5	0.095
2788	4.9	9.5	0.069
2789	4.9	9.5	0.207
2790	4.8	9.5	0.520
2791	4.9	9.5	1.405
2792	4.9	9.5	1.504
2793	4.7	9.5	1.511
2794	4.4	9.5	1.583
2795	4.1	9.4	1.511
2796	3.9	9.4	1.465
2797	3.8	9.4	1.356
2798	3.5	9.4	1.191
2799	3.5	9.4	1.086
2800	3.4	9.4	1.014
2801	3.7	9.4	1.053
2802	3.9	9.4	1.307
2803	4.3	9.4	1.458
2804	4.6	9.4	1.804
2805	4.8	9.4	1.853
2806	4.7	9.4	1.728
2807	5.0	9.4	1.040
2808	5.2	9.4	0.652
2809	5.4	9.4	0.451
2810	5.6	9.4	0.244
2811	5.4	9.4	0.095
2812	5.4	9.4	0.069
2813	5.4	9.4	0.207
2814	5.3	9.4	0.520
2815	5.1	9.4	1.405
2816	4.9	9.4	1.504
2817	4.4	9.4	1.511
2818	4.2	9.4	1.583
2819	3.7	9.3	1.511
2820	3.3	9.3	1.465
2821	2.8	9.3	1.356
2822	2.5	9.3	1.191
2823	2.4	9.3	1.086
2824	2.3	9.3	1.014
2825	2.4	9.3	1.053
2826	2.5	9.3	1.307
2827	2.7	9.3	1.458
2828	2.8	9.3	1.804
2829	3.0	9.3	1.853
2830	3.1	9.3	1.728
2831	2.9	9.3	1.040
2832	3.0	9.3	0.652
2833	3.0	9.3	0.451
2834	3.1	9.3	0.244
2835	3.3	9.3	0.095
2836	3.5	9.3	0.069
2837	3.4	9.3	0.207
2838	3.5	9.3	0.520
2839	3.5	9.3	1.405
2840	3.3	9.3	1.504
2841	2.9	9.3	1.511
2842	2.3	9.3	1.583
2843	1.8	9.3	1.511
2844	1.6	9.3	1.465
2845	1.4	9.3	1.356
2846	1.2	9.2	1.191
2847	1.0	9.2	1.086
2848	1.1	9.2	1.014
2849	1.4	9.2	1.053
2850	1.8	9.2	1.307
2851	2.4	9.2	1.458
2852	3.0	9.2	1.804
2853	3.2	9.2	1.853
2854	3.5	9.2	1.728
2855	3.7	9.2	1.040
2856	3.9	9.2	0.652
2857	4.2	9.2	0.451
2858	4.5	9.2	0.244
2859	4.3	9.2	0.095
2860	4.4	9.2	0.069
2861	4.4	9.2	0.207
2862	4.5	9.2	0.520
2863	4.4	9.2	1.405
2864	4.1	9.2	1.504
2865	3.9	9.2	1.511
2866	3.5	9.2	1.583
2867	3.0	9.2	1.511
2868	2.8	9.2	1.465
2869	2.5	9.2	1.356
2870	2.3	9.1	1.191
2871	2.2	9.1	1.086
2872	2.1	9.1	1.014
2873	2.3	9.1	1.053
2874	2.7	9.1	1.307
2875	3.2	9.1	1.458
2876	3.6	9.1	1.804
2877	4.2	9.1	1.853
2878	4.6	9.1	1.728
2879	5.0	9.1	1.040
2880	5.3	9.1	0.652
2881	0.0	9.1	0.451
2882	0.0	9.1	0.244
2883	0.0	9.1	0.095
2884	0.0	9.1	0.069
2885	0.0	9.1	0.207
2886	0.0	9.1	0.520
2887	0.0	9.1	1.405
2888	0.0	9.1	1.504
2889	0.0	9.1	1.511
2890	0.0	9.1	1.583
2891	0.0	9.1	1.511
2892	0.0	9.1	1.465
2893	0.0	9.1	1.356
2894	0.0	9.0	1.191
2895	0.0	9.0	1.086
2896	0.0	9.0	1.014
2897	0.0	9.0	1.053
2898	0.0	9.0	1.307
2899	0.0	9.0	1.458
2900	0.0	9.0	1.804
2901	0.0	9.0	1.853
2902	0.0	9.0	1.728
2903	0.0	9.0	1.040
2904	0.0	9.0	0.652
2905	0.0	9.0	0.451
2906	0.0	9.0	0.244
2907	0.0	9.0	0.095
2908	0.0	9.0	0.069
2909	0.0	9.0	0.207
2910	0.0	9.0	0.520
2911	0.0	9.0	1.405
2912	0.0	9.0	1.504
2913	0.0	8.9	1.511
2914	0.0	8.9	1.583
2915	0.0	8.9	1.511
2916	0.0	8.9	1.465
2917	0.0	8.9	1.356
2918	0.0	8.9	1.191
2919	0.0	8.9	1.086
2920	0.0	8.9	1.014
2921	0.0	8.9	1.053
2922	0.0	8.9	1.307
2923	0.0	8.9	1.458
2924	0.0	8.9	1.804
2925	0.0	8.9	1.853
2926	0.0	8.9	1.728
2927	0.0	8.9	1.040
2928	0.0	8.9	0.652
2929	0.0	8.9	0.451
2930	0.0	8.9	0.244
2931	0.0	8.9	0.095
2932	0.0	8.9	0.069
2933	0.0	8.9	0.207
2934	0.0	8.9	0.520
2935	0.0	8.9	1.405
2936	0.0	8.9	1.504
2937	0.0	8.9	1.511
2938	0.0	8.9	1.583
2939	0.0	8.9	1.511
2940	0.0	8.9	1.465
2941	0.0	8.9	1.356
2942	0.0	8.9	1.191
2943	0.0	8.9	1.086
2944	0.0	8.9	1.014
2945	0.0	8.9	1.053
2946	0.0	8.9	1.307
2947	0.0	8.9	1.458
2948	0.0	8.9	1.804
2949	0.0	8.8	1.853
2950	0.0	8.8	1.728
2951	0.0	8.8	1.040
2952	0.0	8.8	0.652
2953	0.0	8.8	0.451
2954	0.0	8.8	0.244
2955	0.0	8.8	0.095
2956	0.0	8.8	0.069
2957	0.0	8.8	0.207
2958	0.0	8.8	0.520
2959	0.0	8.8	1.405
2960	0.0	8.8	1.504
2961	0.0	8.8	1.511
2962	0.0	8.8	1.583
2963	0.0	8.8	1.511
2964	0.0	8.8	1.465
2965	0.0	8.8	1.356
2966	0.0	8.8	1.191
2967	0.0	8.8	1.086
2968	0.0	8.8	1.014
2969	0.0	8.8	1.053
2970	0.0	8.8	1.307
2971	0.0	8.7	1.458
2972	0.0	8.7	1.804
2973	0.0	8.7	1.853
2974	0.0	8.7	1.728
2975	0.0	8.7	1.040
2976	0.0	8.7	0.652
2977	0.0	8.7	0.451
2978	0.0	8.7	0.244
2979	0.0	8.7	0.095
2980	0.0	8.7	0.069
2981	0.0	8.7	0.207
2982	0.0	8.7	0.520
2983	0.0	8.7	1.405
2984	0.0	8.7	1.504
2985	0.0	8.7	1.511
2986	0.0	8.7	1.583
2987	0.0	8.7	1.511
2988	0.0	8.7	1.465
2989	0.0	8.7	1.356
2990	0.0	8.7	1.191
2991	0.0	8.7	1.086
2992	0.0	8.7	1.014
2993	0.0	8.7	1.053
2994	0.0	8.7	1.307
2995	0.0	8.7	1.458
2996	0.0	8.7	1.804
2997	0.0	8.7	1.853
2998	0.0	8.7	1.728
2999	0.0	8.7	1.040
3000	0.0	8.7	0.652
3001	0.0	8.6	0.451
3002	0.0	8.6	0.244
3003	0.0	8.6	0.095
3004	0.0	8.6	0.069
3005	0.0	8.6	0.207
3006	0.0	8.6	0.520
3007	0.0	8.6	1.405
3008	0.0	8.6	1.504
3009	0.0	8.6	1.511
3010	0.0	8.6	1.583
3011	0.0	8.6	1.511
3012	0.0	8.6	1.465
3013	0.0	8.6	1.356
3014	0.0	8.6	1.191
3015	0.0	8.6	1.086
3016	0.0	8.6	1.014
3017	0.0	8.6	1.053
3018	0.0	8.6	1.307
3019	0.0	8.6	1.458
3020	0.0	8.6	1.804
3021	0.0	8.6	1.853
3022	0.0	8.6	1.728
3023	0.0	8.6	1.040
3024	0.0	8.6	0.652
3025	0.0	8.6	0.451
3026	0.0	8.6	0.244
3027	0.0	8.6	0.095
3028	0.0	8.6	0.069
3029	0.0	8.6	0.207
3030	0.0	8.5	0.520
3031	0.0	8.5	1.405
3032	0.0	8.5	1.504
3033	0.0	8.5	1.511
3034	0.0	8.5	1.583
3035	0.0	8.5	1.511
3036	0.0	8.5	1.465
3037	0.0	8.5	1.356
3038	0.0	8.5	1.191
3039	0.0	8.5	1.086
3040	0.0	8.5	1.014
3041	0.0	8.5	1.053
3042	0.0	8.5	1.307
3043	0.0	8.5	1.458
3044	0.0	8.5	1.804
3045	0.0	8.5	1.853
3046	0.0	8.5	1.728
3047	0.0	8.5	1.040
3048	0.0	8.5	0.652
3049	0.0	8.5	0.451
3050	0.0	8.5	0.244
3051	0.0	8.5	0.095
3052	0.0	8.5	0.069
3053	0.0	8.5	0.207
3054	0.0	8.5	0.520
3055	0.0	8.4	1.405
3056	0.0	8.4	1.504
3057	0.0	8.4	1.511
3058	0.0	8.4	1.583
3059	0.0	8.4	1.511
3060	0.0	8.4	1.465
3061	0.0	8.4	1.356
3062	0.0	8.4	1.191
3063	0.0	8.4	1.086
3064	0.0	8.4	1.014
3065	0.0	8.4	1.053
3066	0.0	8.4	1.307
3067	0.0	8.4	1.458
3068	0.0	8.4	1.804
3069	0.0	8.4	1.853
3070	0.0	8.4	1.728
3071	0.0	8.4	1.040
3072	0.0	8.4	0.652
3073	0.0	8.4	0.451
3074	0.0	8.4	0.244
3075	0.0	8.4	0.095
3076	0.0	8.4	0.069
3077	0.0	8.4	0.207
3078	0.0	8.4	0.520
3079	0.0	8.4	1.405
3080	0.0	8.4	1.504
3081	0.0	8.4	1.511
3082	0.0	8.4	1.583
3083	0.0	8.3	1.511
3084	0.0	8.3	1.465
3085	0.0	8.3	1.356
3086	0.0	8.3	1.191
3087	0.0	8.3	1.086
3088	0.0	8.3	1.014
3089	0.0	8.3	1.053
3090	0.0	8.3	1.307
3091	0.0	8.3	1.458
3092	0.0	8.3	1.804
3093	0.0	8.3	1.853
3094	0.0	8.3	1.728
3095	0.0	8.3	1.040
3096	0.0	8.3	0.652
3097	0.0	8.3	0.451
3098	0.0	8.3	0.244
3099	0.0	8.3	0.095
3100	0.0	8.3	0.069
3101	0.0	8.3	0.207
3102	0.0	8.3	0.520
3103	0.0	8.3	1.405
3104	0.0	8.3	1.504
3105	0.0	8.3	1.511
3106	0.0	8.3	1.583
3107	0.0	8.3	1.511
3108	0.0	8.3	1.465
3109	0.0	8.3	1.356
3110	0.0	8.3	1.191
3111	0.0	8.2	1.086
3112	0.0	8.2	1.014
3113	0.0	8.2	1.053
3114	0.0	8.2	1.307
3115	0.0	8.2	1.458
3116	0.0	8.2	1.804
3117	0.0	8.2	1.853
3118	0.0	8.2	1.728
3119	0.0	8.2	1.040
3120	0.0	8.2	0.652
3121	0.0	8.2	0.451
3122	0.0	8.2	0.244
3123	0.0	8.2	0.095
3124	0.0	8.2	0.069
3125	0.0	8.2	0.207
3126	0.0	8.2	0.520
3127	0.0	8.2	1.405
3128	0.0	8.2	1.504
3129	0.0	8.2	1.511
3130	0.0	8.2	1.583
3131	0.0	8.2	1.511
3132	0.0	8.2	1.465
3133	0.0	8.2	1.356
3134	0.0	8.2	1.191
3135	0.0	8.2	1.086
3136	0.0	8.2	1.014
3137	0.0	8.2	1.053
3138	0.0	8.2	1.307
3139	0.0	8.1	1.458
3140	0.0	8.1	1.804
3141	0.0	8.1	1.853
3142	0.0	8.1	1.728
3143	0.0	8.1	1.040
3144	0.0	8.1	0.652
3145	0.0	8.1	0.451
3146	0.0	8.1	0.244
3147	0.0	8.1	0.095
3148	0.0	8.1	0.069
3149	0.0	8.1	0.207
3150	0.0	8.1	0.520
3151	0.0	8.1	1.405
3152	0.0	8.1	1.504
3153	0.0	8.1	1.511
3154	0.0	8.1	1.583
3155	0.0	8.1	1.511
3156	0.0	8.1	1.465
3157	0.0	8.1	1.356
3158	0.0	8.1	1.191
3159	0.0	8.1	1.086
3160	0.0	8.1	1.014
3161	0.0	8.1	1.053
3162	0.0	8.1	1.307
3163	0.0	8.1	1.458
3164	0.0	8.1	1.804
3165	0.0	8.1	1.853
3166	0.0	8.1	1.728
3167	0.0	8.0	1.040
3168	0.0	8.0	0.652
3169	0.0	8.0	0.451
3170	0.0	8.0	0.244
3171	0.0	8.0	0.095
3172	0.0	8.0	0.069
3173	0.0	8.0	0.207
3174	0.0	8.0	0.520
3175	0.0	8.0	1.405
3176	0.0	8.0	1.504
3177	0.0	8.0	1.511
3178	0.0	8.0	1.583
3179	0.0	8.0	1.511
3180	0.0	8.0	1.465
3181	0.0	8.0	1.356
3182	0.0	8.0	1.191
3183	0.0	8.0	1.086
3184	0.0	8.0	1.014
3185	0.0	8.0	1.053
3186	0.0	8.0	1.307
3187	0.0	8.0	1.458
3188	0.0	8.0	1.804
3189	0.0	8.0	1.853
3190	0.0	8.0	1.728
3191	0.0	7.9	1.040
3192	0.0	7.9	0.652
3193	0.0	7.9	0.451
3194	0.0	7.9	0.244
3195	0.0	7.9	0.095
3196	0.0	7.9	0.069
3197	0.0	7.9	0.207
3198	0.0	7.9	0.520
3199	0.0	7.9	1.405
3200	0.0	7.9	1.504
3201	0.0	7.9	1.511
3202	0.0	7.9	1.583
3203	0.0	7.9	1.511
3204	0.0	7.9	1.465
3205	0.0	7.9	1.356
3206	0.0	7.9	1.191
3207	0.0	7.9	1.086
3208	0.0	7.9	1.014
3209	0.0	7.9	1.053
3210	0.0	7.9	1.307
3211	0.0	7.9	1.458
3212	0.0	7.9	1.804
3213	0.0	7.8	1.853
3214	0.0	7.8	1.728
3215	0.0	7.8	1.040
3216	0.0	7.8	0.652
3217	0.0	7.8	0.451
3218	0.0	7.8	0.244
3219	0.0	7.8	0.095
3220	0.0	7.8	0.069
3221	0.0	7.8	0.207
3222	0.0	7.8	0.520
3223	0.0	7.8	1.405
3224	0.0	7.8	1.504
3225	0.0	7.8	1.511
3226	0.0	7.8	1.583
3227	0.0	7.8	1.511
3228	0.0	7.8	1.465
3229	0.0	7.7	1.356
3230	0.0	7.7	1.191
3231	0.0	7.7	1.086
3232	0.0	7.7	1.014
3233	0.0	7.7	1.053
3234	0.0	7.7	1.307
3235	0.0	7.7	1.458
3236	0.0	7.7	1.804
3237	0.0	7.7	1.853
3238	0.0	7.7	1.728
3239	0.0	7.7	1.040
3240	0.0	7.7	0.652
3241	0.0	7.7	0.451
3242	0.0	7.7	0.244
3243	0.0	7.7	0.095
3244	0.0	7.7	0.069
3245	0.0	7.7	0.207
3246	0.0	7.7	0.520
3247	0.0	7.6	1.405
3248	0.0	7.6	1.504
3249	0.0	7.6	1.511
3250	0.0	7.6	1.583
3251	0.0	7.6	1.511
3252	0.0	7.6	1.465
3253	0.0	7.6	1.356
3254	0.0	7.6	1.191
3255	0.0	7.6	1.086
3256	0.0	7.6	1.014
3257	0.0	7.6	1.053
3258	0.0	7.6	1.307
3259	0.0	7.6	1.458
3260	0.0	7.6	1.804
3261	0.0	7.6	1.853
3262	0.0	7.6	1.728
3263	0.0	7.6	1.040
3264	0.0	7.5	0.652
3265	0.0	7.5	0.451
3266	0.0	7.5	0.244
3267	0.0	7.5	0.095
3268	0.0	7.5	0.069
3269	0.0	7.5	0.207
3270	0.0	7.5	0.520
3271	0.0	7.5	1.405
3272	0.0	7.5	1.504
3273	0.0	7.5	1.511
3274	0.0	7.5	1.583
3275	0.0	7.5	1.511
3276	0.0	7.5	1.465
3277	0.0	7.5	1.356
3278	0.0	7.5	1.191
3279	0.0	7.5	1.086
3280	0.0	7.5	1.014
3281	0.0	7.5	1.053
3282	0.0	7.5	1.307
3283	0.0	7.5	1.458
3284	0.0	7.5	1.804
3285	0.0	7.5	1.853
3286	0.0	7.4	1.728
3287	0.0	7.4	1.040
3288	0.0	7.4	0.652
3289	0.0	7.4	0.451
3290	0.0	7.4	0.244
3291	0.0	7.4	0.095
3292	0.0	7.4	0.069
3293	0.0	7.4	0.207
3294	0.0	7.4	0.520
3295	0.0	7.4	1.405
3296	0.0	7.4	1.504
3297	0.0	7.4	1.511
3298	0.0	7.4	1.583
3299	0.0	7.4	1.511
3300	0.0	7.4	1.465
3301	0.0	7.4	1.356
3302	0.0	7.4	1.191
3303	0.0	7.4	1.086
3304	0.0	7.4	1.014
3305	0.0	7.4	1.053
3306	0.0	7.4	1.307
3307	0.0	7.4	1.458
3308	0.0	7.4	1.804
3309	0.0	7.4	1.853
3310	0.0	7.4	1.728
3311	0.0	7.4	1.040
3312	0.0	7.3	0.652
3313	0.0	7.3	0.451
3314	0.0	7.3	0.244
3315	0.0	7.3	0.095
3316	0.0	7.3	0.069
3317	0.0	7.3	0.207
3318	0.0	7.3	0.520
3319	0.0	7.3	1.405
3320	0.0	7.3	1.504
3321	0.0	7.3	1.511
3322	0.0	7.3	1.583
3323	0.0	7.3	1.511
3324	0.0	7.3	1.465
3325	0.0	7.3	1.356
3326	0.0	7.3	1.191
3327	0.0	7.3	1.086
3328	0.0	7.3	1.014
3329	0.0	7.3	1.053
3330	0.0	7.3	1.307
3331	0.0	7.3	1.458
3332	0.0	7.3	1.804
3333	0.0	7.3	1.853
3334	0.0	7.3	1.728
3335	0.0	7.3	1.040
3336	0.0	7.3	0.652
3337	0.0	7.2	0.451
3338	0.0	7.2	0.244
3339	0.0	7.2	0.095
3340	0.0	7.2	0.069
3341	0.0	7.2	0.207
3342	0.0	7.2	0.520
3343	0.0	7.2	1.405
3344	0.0	7.2	1.504
3345	0.0	7.2	1.511
3346	0.0	7.2	1.583
3347	0.0	7.2	1.511
3348	0.0	7.2	1.465
3349	0.0	7.2	1.356
3350	0.0	7.2	1.191
3351	0.0	7.2	1.086
3352	0.0	7.2	1.014
3353	0.0	7.2	1.053
3354	0.0	7.2	1.307
3355	0.0	7.2	1.458
3356	0.0	7.1	1.804
3357	0.0	7.1	1.853
3358	0.0	7.1	1.728
3359	0.0	7.1	1.040
3360	0.0	7.1	0.652
3361	0.0	7.1	0.451
3362	0.0	7.1	0.244
3363	0.0	7.1	0.095
3364	0.0	7.1	0.069
3365	0.0	7.1	0.207
3366	0.0	7.1	0.520
3367	0.0	7.1	1.405
3368	0.0	7.1	1.504
3369	0.0	7.1	1.511
3370	0.0	7.1	1.583
3371	0.0	7.1	1.511
3372	0.0	7.1	1.465
3373	0.0	7.1	1.356
3374	0.0	7.1	1.191
3375	0.0	7.1	1.086
3376	0.0	7.1	1.014
3377	0.0	7.1	1.053
3378	0.0	7.1	1.307
3379	0.0	7.1	1.458
3380	0.0	7.1	1.804
3381	0.0	7.1	1.853
3382	0.0	7.1	1.728
3383	0.0	7.1	1.040
3384	0.0	7.1	0.652
3385	0.0	7.1	0.451
3386	0.0	7.1	0.244
3387	0.0	7.0	0.095
3388	0.0	7.0	0.069
3389	0.0	7.0	0.207
3390	0.0	7.0	0.520
3391	0.0	7.0	1.405
3392	0.0	7.0	1.504
3393	0.0	7.0	1.511
3394	0.0	7.0	1.583
3395	0.0	7.0	1.511
3396	0.0	7.0	1.465
3397	0.0	7.0	1.356
3398	0.0	7.0	1.191
3399	0.0	7.0	1.086
3400	0.0	7.0	1.014
3401	0.0	7.0	1.053
3402	0.0	7.0	1.307
3403	0.0	7.0	1.458
3404	0.0	7.0	1.804
3405	0.0	7.0	1.853
3406	0.0	7.0	1.728
3407	0.0	7.0	1.040
3408	0.0	7.0	0.652
3409	0.0	7.0	0.451
3410	0.0	7.0	0.244
3411	0.0	7.0	0.095
3412	0.0	7.0	0.069
3413	0.0	6.9	0.207
3414	0.0	6.9	0.520
3415	0.0	6.9	1.405
3416	0.0	6.9	1.504
3417	0.0	6.9	1.511
3418	0.0	6.9	1.583
3419	0.0	6.9	1.511
3420	0.0	6.9	1.465
3421	0.0	6.9	1.356
3422	0.0	6.9	1.191
3423	0.0	6.9	1.086
3424	0.0	6.9	1.014
3425	0.0	6.9	1.053
3426	0.0	6.9	1.307
3427	0.0	6.9	1.458
3428	0.0	6.9	1.804
3429	0.0	6.9	1.853
3430	0.0	6.9	1.728
3431	0.0	6.9	1.040
3432	0.0	6.9	0.652
3433	0.0	6.9	0.451
3434	0.0	6.9	0.244
3435	0.0	6.8	0.095
3436	0.0	6.8	0.069
3437	0.0	6.8	0.207
3438	0.0	6.8	0.520
3439	0.0	6.8	1.405
3440	0.0	6.8	1.504
3441	0.0	6.8	1.511
3442	0.0	6.8	1.583
3443	0.0	6.8	1.511
3444	0.0	6.8	1.465
3445	0.0	6.8	1.356
3446	0.0	6.8	1.191
3447	0.0	6.8	1.086
3448	0.0	6.8	1.014
3449	0.0	6.8	1.053
3450	0.0	6.8	1.307
3451	0.0	6.8	1.458
3452	0.0	6.8	1.804
3453	0.0	6.8	1.853
3454	0.0	6.8	1.728
3455	0.0	6.8	1.040
3456	0.0	6.8	0.652
3457	0.0	6.8	0.451
3458	0.0	6.8	0.244
3459	0.0	6.8	0.095
3460	0.0	6.8	0.069
3461	0.0	6.8	0.207
3462	0.0	6.7	0.520
3463	0.0	6.7	1.405
3464	0.0	6.7	1.504
3465	0.0	6.7	1.511
3466	0.0	6.7	1.583
3467	0.0	6.7	1.511
3468	0.0	6.7	1.465
3469	0.0	6.7	1.356
3470	0.0	6.7	1.191
3471	0.0	6.7	1.086
3472	0.0	6.7	1.014
3473	0.0	6.7	1.053
3474	0.0	6.7	1.307
3475	0.0	6.7	1.458
3476	0.0	6.7	1.804
3477	0.0	6.7	1.853
3478	0.0	6.7	1.728
3479	0.0	6.7	1.040
3480	0.0	6.7	0.652
3481	0.0	6.7	0.451
3482	0.0	6.7	0.244
3483	0.0	6.7	0.095
3484	0.0	6.7	0.069
3485	0.0	6.7	0.207
3486	0.0	6.7	0.520
3487	0.0	6.7	1.405
3488	0.0	6.7	1.504
3489	0.0	6.6	1.511
3490	0.0	6.6	1.583
3491	0.0	6.6	1.511
3492	0.0	6.6	1.465
3493	0.0	6.6	1.356
3494	0.0	6.6	1.191
3495	0.0	6.6	1.086
3496	0.0	6.6	1.014
3497	0.0	6.6	1.053
3498	0.0	6.6	1.307
3499	0.0	6.6	1.458
3500	0.0	6.6	1.804
3501	0.0	6.6	1.853
3502	0.0	6.6	1.728
3503	0.0	6.6	1.040
3504	0.0	6.6	0.652
3505	0.0	6.6	0.451
3506	0.0	6.6	0.244
3507	0.0	6.6	0.095
3508	0.0	6.6	0.069
3509	0.0	6.6	0.207
3510	0.0	6.6	0.520
3511	0.0	6.6	1.405
3512	0.0	6.5	1.504
3513	0.0	6.5	1.511
3514	0.0	6.5	1.583
3515	0.0	6.5	1.511
3516	0.0	6.5	1.465
3517	0.0	6.5	1.356
3518	0.0	6.5	1.191
3519	0.0	6.5	1.086
3520	0.0	6.5	1.014
3521	0.0	6.5	1.053
3522	0.0	6.5	1.307
3523	0.0	6.5	1.458
3524	0.0	6.5	1.804
3525	0.0	6.5	1.853
3526	0.0	6.5	1.728
3527	0.0	6.5	1.040
3528	0.0	6.5	0.652
3529	0.0	6.5	0.451
3530	0.0	6.5	0.244
3531	0.0	6.5	0.095
3532	0.0	6.5	0.069
3533	0.0	6.5	0.207
3534	0.0	6.5	0.520
3535	0.0	6.5	1.405
3536	0.0	6.5	1.504
3537	0.0	6.5	1.511
3538	0.0	6.5	1.583
3539	0.0	6.5	1.511
3540	0.0	6.5	1.465
3541	0.0	6.4	1.356
3542	0.0	6.4	1.191
3543	0.0	6.4	1.086
3544	0.0	6.4	1.014
3545	0.0	6.4	1.053
3546	0.0	6.4	1.307
3547	0.0	6.4	1.458
3548	0.0	6.4	1.804
3549	0.0	6.4	1.853
3550	0.0	6.4	1.728
3551	0.0	6.4	1.040
3552	0.0	6.4	0.652
3553	0.0	6.4	0.451
3554	0.0	6.4	0.244
3555	0.0	6.4	0.095
3556	0.0	6.4	0.069
3557	0.0	6.4	0.207
3558	0.0	6.4	0.520
3559	0.0	6.4	1.405
3560	0.0	6.3	1.504
3561	0.0	6.3	1.511
3562	0.0	6.3	1.583
3563	0.0	6.3	1.511
3564	0.0	6.3	1.465
3565	0.0	6.3	1.356
3566	0.0	6.3	1.191
3567	0.0	6.3	1.086
3568	0.0	6.3	1.014
3569	0.0	6.3	1.053
3570	0.0	6.3	1.307
3571	0.0	6.3	1.458
3572	0.0	6.3	1.804
3573	0.0	6.3	1.853
3574	0.0	6.3	1.728
3575	0.0	6.3	1.040
3576	0.0	6.3	0.652
3577	0.0	6.3	0.451
3578	0.0	6.3	0.244
3579	0.0	6.3	0.095
3580	0.0	6.2	0.069
3581	0.0	6.2	0.207
3582	0.0	6.2	0.520
3583	0.0	6.2	1.405
3584	0.0	6.2	1.504
3585	0.0	6.2	1.511
3586	0.0	6.2	1.583
3587	0.0	6.2	1.511
3588	0.0	6.2	1.465
3589	0.0	6.2	1.356
3590	0.0	6.2	1.191
3591	0.0	6.2	1.086
3592	0.0	6.2	1.014
3593	0.0	6.2	1.053
3594	0.0	6.2	1.307
3595	0.0	6.2	1.458
3596	0.0	6.2	1.804
3597	0.0	6.2	1.853
3598	0.0	6.1	1.728
3599	0.0	6.1	1.040
3600	0.0	6.1	0.652
3601	0.0	6.1	0.451
3602	0.0	6.1	0.244
3603	0.0	6.1	0.095
3604	0.0	6.1	0.069
3605	0.0	6.1	0.207
3606	0.0	6.1	0.520
3607	0.0	6.1	1.405
3608	0.0	6.1	1.504
3609	0.0	6.1	1.511
3610	0.0	6.1	1.583
3611	0.0	6.1	1.511
3612	0.0	6.1	1.465
3613	0.0	6.1	1.356
3614	0.0	6.1	1.191
3615	0.0	6.1	1.086
3616	0.0	6.1	1.014
3617	0.0	6.1	1.053
3618	0.0	6.1	1.307
3619	0.0	6.1	1.458
3620	0.0	6.1	1.804
3621	0.0	6.1	1.853
3622	0.0	6.1	1.728
3623	0.0	6.1	1.040
3624	0.0	6.0	0.652
3625	0.0	6.0	0.451
3626	0.0	6.0	0.244
3627	0.0	6.0	0.095
3628	0.0	6.0	0.069
3629	0.0	6.0	0.207
3630	0.0	6.0	0.520
3631	0.0	6.0	1.405
3632	0.0	6.0	1.504
3633	0.0	6.0	1.511
3634	0.0	6.0	1.583
3635	0.0	6.0	1.511
3636	0.0	6.0	1.465
3637	0.0	6.0	1.356
3638	0.0	6.0	1.191
3639	0.0	6.0	1.086
3640	0.0	6.0	1.014
3641	0.0	6.0	1.053
3642	0.0	5.9	1.307
3643	0.0	5.9	1.458
3644	0.0	5.9	1.804
3645	0.0	5.9	1.853
3646	0.0	5.9	1.728
3647	0.0	5.9	1.040
3648	0.0	5.9	0.652
3649	0.0	5.9	0.451
3650	0.0	5.9	0.244
3651	0.0	5.9	0.095
3652	0.0	5.9	0.069
3653	0.0	5.9	0.207
3654	0.0	5.9	0.520
3655	0.0	5.9	1.405
3656	0.0	5.9	1.504
3657	0.0	5.9	1.511
3658	0.0	5.9	1.583
3659	0.0	5.9	1.511
3660	0.0	5.9	1.465
3661	0.0	5.8	1.356
3662	0.0	5.8	1.191
3663	0.0	5.8	1.086
3664	0.0	5.8	1.014
3665	0.0	5.8	1.053
3666	0.0	5.8	1.307
3667	0.0	5.8	1.458
3668	0.0	5.8	1.804
3669	0.0	5.8	1.853
3670	0.0	5.8	1.728
3671	0.0	5.8	1.040
3672	0.0	5.8	0.652
3673	0.0	5.8	0.451
3674	0.0	5.8	0.244
3675	0.0	5.8	0.095
3676	0.0	5.8	0.069
3677	0.0	5.8	0.207
3678	0.0	5.8	0.520
3679	0.0	5.8	1.405
3680	0.0	5.8	1.504
3681	0.0	5.8	1.511
3682	0.0	5.8	1.583
3683	0.0	5.7	1.511
3684	0.0	5.7	1.465
3685	0.0	5.7	1.356
3686	0.0	5.7	1.191
3687	0.0	5.7	1.086
3688	0.0	5.7	1.014
3689	0.0	5.7	1.053
3690	0.0	5.7	1.307
3691	0.0	5.7	1.458
3692	0.0	5.7	1.804
3693	0.0	5.7	1.853
3694	0.0	5.7	1.728
3695	0.0	5.7	1.040
3696	0.0	5.7	0.652
3697	0.0	5.7	0.451
3698	0.0	5.7	0.244
3699	0.0	5.7	0.095
3700	0.0	5.7	0.069
3701	0.0	5.7	0.207
3702	0.0	5.7	0.520
3703	0.0	5.6	1.405
3704	0.0	5.6	1.504
3705	0.0	5.6	1.511
3706	0.0	5.6	1.583
3707	0.0	5.6	1.511
3708	0.0	5.6	1.465
3709	0.0	5.6	1.356
3710	0.0	5.6	1.191
3711	0.0	5.6	1.086
3712	0.0	5.6	1.014
3713	0.0	5.6	1.053
3714	0.0	5.6	1.307
3715	0.0	5.6	1.458
3716	0.0	5.6	1.804
3717	0.0	5.6	1.853
3718	0.0	5.6	1.728
3719	0.0	5.6	1.040
3720	0.0	5.6	0.652
3721	0.0	5.6	0.451
3722	0.0	5.6	0.244
3723	0.0	5.6	0.095
3724	0.0	5.6	0.069
3725	0.0	5.5	0.207
3726	0.0	5.5	0.520
3727	0.0	5.5	1.405
3728	0.0	5.5	1.504
3729	0.0	5.5	1.511
3730	0.0	5.5	1.583
3731	0.0	5.5	1.511
3732	0.0	5.5	1.465
3733	0.0	5.5	1.356
3734	0.0	5.5	1.191
3735	0.0	5.5	1.086
3736	0.0	5.5	1.014
3737	0.0	5.5	1.053
3738	0.0	5.5	1.307
3739	0.0	5.5	1.458
3740	0.0	5.5	1.804
3741	0.0	5.5	1.853
3742	0.0	5.5	1.728
3743	0.0	5.5	1.040
3744	0.0	5.5	0.652
3745	0.0	5.5	0.451
3746	0.0	5.4	0.244
3747	0.0	5.4	0.095
3748	0.0	5.4	0.069
3749	0.0	5.4	0.207
3750	0.0	5.4	0.520
3751	0.0	5.4	1.405
3752	0.0	5.4	1.504
3753	0.0	5.4	1.511
3754	0.0	5.4	1.583
3755	0.0	5.4	1.511
3756	0.0	5.4	1.465
3757	0.0	5.4	1.356
3758	0.0	5.4	1.191
3759	0.0	5.4	1.086
3760	0.0	5.4	1.014
3761	0.0	5.4	1.053
3762	0.0	5.4	1.307
3763	0.0	5.4	1.458
3764	0.0	5.4	1.804
3765	0.0	5.4	1.853
3766	0.0	5.4	1.728
3767	0.0	5.4	1.040
3768	0.0	5.4	0.652
3769	0.0	5.4	0.451
3770	0.0	5.4	0.244
3771	0.0	5.4	0.095
3772	0.0	5.4	0.069
3773	0.0	5.4	0.207
3774	0.0	5.4	0.520
3775	0.0	5.4	1.405
3776	0.0	5.3	1.504
3777	0.0	5.3	1.511
3778	0.0	5.3	1.583
3779	0.0	5.3	1.511
3780	0.0	5.3	1.465
3781	0.0	5.3	1.356
3782	0.0	5.3	1.191
3783	0.0	5.3	1.086
3784	0.0	5.3	1.014
3785	0.0	5.3	1.053
3786	0.0	5.3	1.307
3787	0.0	5.3	1.458
3788	0.0	5.3	1.804
3789	0.0	5.3	1.853
3790	0.0	5.3	1.728
3791	0.0	5.3	1.040
3792	0.0	5.3	0.652
3793	0.0	5.3	0.451
3794	0.0	5.3	0.244
3795	0.0	5.3	0.095
3796	0.0	5.3	0.069
3797	0.0	5.3	0.207
3798	0.0	5.3	0.520
3799	0.0	5.3	1.405
3800	0.0	5.3	1.504
3801	0.0	5.3	1.511
3802	0.0	5.3	1.583
3803	0.0	5.3	1.511
3804	0.0	5.3	1.465
3805	0.0	5.3	1.356
3806	0.0	5.2	1.191
3807	0.0	5.2	1.086
3808	0.0	5.2	1.014
3809	0.0	5.2	1.053
3810	0.0	5.2	1.307
3811	0.0	5.2	1.458
3812	0.0	5.2	1.804
3813	0.0	5.2	1.853
3814	0.0	5.2	1.728
3815	0.0	5.2	1.040
3816	0.0	5.2	0.652
3817	0.0	5.2	0.451
3818	0.0	5.2	0.244
3819	0.0	5.2	0.095
3820	0.0	5.2	0.069
3821	0.0	5.2	0.207
3822	0.0	5.2	0.520
3823	0.0	5.2	1.405
3824	0.0	5.2	1.504
3825	0.0	5.2	1.511
3826	0.0	5.2	1.583
3827	0.0	5.2	1.511
3828	0.0	5.1	1.465
3829	0.0	5.1	1.356
3830	0.0	5.1	1.191
3831	0.0	5.1	1.086
3832	0.0	5.1	1.014
3833	0.0	5.1	1.053
3834	0.0	5.1	1.307
3835	0.0	5.1	1.458
3836	0.0	5.1	1.804
3837	0.0	5.1	1.853
3838	0.0	5.1	1.728
3839	0.0	5.1	1.040
3840	0.0	5.1	0.652
3841	0.0	5.1	0.451
3842	0.0	5.1	0.244
3843	0.0	5.1	0.095
3844	0.0	5.1	0.069
3845	0.0	5.1	0.207
3846	0.0	5.1	0.520
3847	0.0	5.1	1.405
3848	0.0	5.1	1.504
3849	0.0	5.1	1.511
3850	0.0	5.1	1.583
3851	0.0	5.1	1.511
3852	0.0	5.1	1.465
3853	0.0	5.1	1.356
3854	0.0	5.1	1.191
3855	0.0	5.1	1.086
3856	0.0	5.1	1.014
3857	0.0	5.1	1.053
3858	0.0	5.0	1.307
3859	0.0	5.0	1.458
3860	0.0	5.0	1.804
3861	0.0	5.0	1.853
3862	0.0	5.0	1.728
3863	0.0	5.0	1.040
3864	0.0	5.0	0.652
3865	0.0	5.0	0.451
3866	0.0	5.0	0.244
3867	0.0	5.0	0.095
3868	0.0	5.0	0.069
3869	0.0	5.0	0.207
3870	0.0	5.0	0.520
3871	0.0	5.0	1.405
3872	0.0	5.0	1.504
3873	0.0	5.0	1.511
3874	0.0	5.0	1.583
3875	0.0	5.0	1.511
3876	0.0	5.0	1.465
3877	0.0	5.0	1.356
3878	0.0	5.0	1.191
3879	0.0	5.0	1.086
3880	0.0	5.0	1.014
3881	0.0	5.0	1.053
3882	0.0	5.0	1.307
3883	0.0	5.0	1.458
3884	0.0	5.0	1.804
3885	0.0	5.0	1.853
3886	0.0	5.0	1.728
3887	0.0	5.0	1.040
3888	0.0	5.0	0.652
3889	0.0	5.0	0.451
3890	0.0	5.0	0.244
3891	0.0	5.0	0.095
3892	0.0	5.0	0.069
3893	0.0	5.0	0.207
3894	0.0	4.9	0.520
3895	0.0	4.9	1.405
3896	0.0	4.9	1.504
3897	0.0	4.9	1.511
3898	0.0	4.9	1.583
3899	0.0	4.9	1.511
3900	0.0	4.9	1.465
3901	0.0	4.9	1.356
3902	0.0	4.9	1.191
3903	0.0	4.9	1.086
3904	0.0	4.9	1.014
3905	0.0	4.9	1.053
3906	0.0	4.9	1.307
3907	0.0	4.9	1.458
3908	0.0	4.9	1.804
3909	0.0	4.9	1.853
3910	0.0	4.9	1.728
3911	0.0	4.9	1.040
3912	0.0	4.9	0.652
3913	0.0	4.9	0.451
3914	0.0	4.9	0.244
3915	0.0	4.9	0.095
3916	0.0	4.9	0.069
3917	0.0	4.9	0.207
3918	0.0	4.9	0.520
3919	0.0	4.9	1.405
3920	0.0	4.9	1.504
3921	0.0	4.9	1.511
3922	0.0	4.9	1.583
3923	0.0	4.9	1.511
3924	0.0	4.9	1.465
3925	0.0	4.9	1.356
3926	0.0	4.9	1.191
3927	0.0	4.9	1.086
3928	0.0	4.9	1.014
3929	0.0	4.9	1.053
3930	0.0	4.8	1.307
3931	0.0	4.8	1.458
3932	0.0	4.8	1.804
3933	0.0	4.8	1.853
3934	0.0	4.8	1.728
3935	0.0	4.8	1.040
3936	0.0	4.8	0.652
3937	0.0	4.8	0.451
3938	0.0	4.8	0.244
3939	0.0	4.8	0.095
3940	0.0	4.8	0.069
3941	0.0	4.8	0.207
3942	0.0	4.8	0.520
3943	0.0	4.8	1.405
3944	0.0	4.8	1.504
3945	0.0	4.8	1.511
3946	0.0	4.8	1.583
3947	0.0	4.8	1.511
3948	0.0	4.8	1.465
3949	0.0	4.8	1.356
3950	0.0	4.8	1.191
3951	0.0	4.8	1.086
3952	0.0	4.8	1.014
3953	0.0	4.8	1.053
3954	0.0	4.8	1.307
3955	0.0	4.8	1.458
3956	0.0	4.8	1.804
3957	0.0	4.8	1.853
3958	0.0	4.8	1.728
3959	0.0	4.8	1.040
3960	0.0	4.8	0.652
3961	0.0	4.8	0.451
3962	0.0	4.8	0.244
3963	0.0	4.8	0.095
3964	0.0	4.8	0.069
3965	0.0	4.8	0.207
3966	0.0	4.8	0.520
3967	0.0	4.8	1.405
3968	0.0	4.8	1.504
3969	0.0	4.8	1.511
3970	0.0	4.7	1.583
3971	0.0	4.7	1.511
3972	0.0	4.7	1.465
3973	0.0	4.7	1.356
3974	0.0	4.7	1.191
3975	0.0	4.7	1.086
3976	0.0	4.7	1.014
3977	0.0	4.7	1.053
3978	0.0	4.7	1.307
3979	0.0	4.7	1.458
3980	0.0	4.7	1.804
3981	0.0	4.7	1.853
3982	0.0	4.7	1.728
3983	0.0	4.7	1.040
3984	0.0	4.7	0.652
3985	0.0	4.7	0.451
3986	0.0	4.7	0.244
3987	0.0	4.7	0.095
3988	0.0	4.7	0.069
3989	0.0	4.7	0.207
3990	0.0	4.7	0.520
3991	0.0	4.7	1.405
3992	0.0	4.7	1.504
3993	0.0	4.7	1.511
3994	0.0	4.7	1.583
3995	0.0	4.7	1.511
3996	0.0	4.7	1.465
3997	0.0	4.7	1.356
3998	0.0	4.7	1.191
3999	0.0	4.6	1.086
4000	0.0	4.6	1.014
4001	0.0	4.6	1.053
4002	0.0	4.6	1.307
4003	0.0	4.6	1.458
4004	0.0	4.6	1.804
4005	0.0	4.6	1.853
4006	0.0	4.6	1.728
4007	0.0	4.6	1.040
4008	0.0	4.6	0.652
4009	0.0	4.6	0.451
4010	0.0	4.6	0.244
4011	0.0	4.6	0.095
4012	0.0	4.6	0.069
4013	0.0	4.6	0.207
4014	0.0	4.6	0.520
4015	0.0	4.6	1.405
4016	0.0	4.6	1.504
4017	0.0	4.6	1.511
4018	0.0	4.6	1.583
4019	0.0	4.6	1.511
4020	0.0	4.6	1.465
4021	0.0	4.6	1.356
4022	0.0	4.6	1.191
4023	0.0	4.6	1.086
4024	0.0	4.6	1.014
4025	0.0	4.6	1.053
4026	0.0	4.6	1.307
4027	0.0	4.6	1.458
4028	0.0	4.6	1.804
4029	0.0	4.6	1.853
4030	0.0	4.6	1.728
4031	0.0	4.6	1.040
4032	0.0	4.6	0.652
4033	0.0	4.6	0.451
4034	0.0	4.6	0.244
4035	0.0	4.6	0.095
4036	0.0	4.6	0.069
4037	0.0	4.6	0.207
4038	0.0	4.6	0.520
4039	0.0	4.6	1.405
4040	0.0	4.6	1.504
4041	0.0	4.6	1.511
4042	0.0	4.6	1.583
4043	0.0	4.6	1.511
4044	0.0	4.6	1.465
4045	0.0	4.6	1.356
4046	0.0	4.6	1.191
4047	0.0	4.6	1.086
4048	0.0	4.5	1.014
4049	0.0	4.5	1.053
4050	0.0	4.5	1.307
4051	0.0	4.5	1.458
4052	0.0	4.5	1.804
4053	0.0	4.5	1.853
4054	0.0	4.5	1.728
4055	0.0	4.5	1.040
4056	0.0	4.5	0.652
4057	0.0	4.5	0.451
4058	0.0	4.5	0.244
4059	0.0	4.5	0.095
4060	0.0	4.5	0.069
4061	0.0	4.5	0.207
4062	0.0	4.5	0.520
4063	0.0	4.5	1.405
4064	0.0	4.5	1.504
4065	0.0	4.5	1.511
4066	0.0	4.5	1.583
4067	0.0	4.5	1.511
4068	0.0	4.5	1.465
4069	0.0	4.5	1.356
4070	0.0	4.5	1.191
4071	0.0	4.5	1.086
4072	0.0	4.5	1.014
4073	0.0	4.5	1.053
4074	0.0	4.5	1.307
4075	0.0	4.5	1.458
4076	0.0	4.5	1.804
4077	0.0	4.5	1.853
4078	0.0	4.5	1.728
4079	0.0	4.5	1.040
4080	0.0	4.5	0.652
4081	0.0	4.5	0.451
4082	0.0	4.5	0.244
4083	0.0	4.5	0.095
4084	0.0	4.5	0.069
4085	0.0	4.5	0.207
4086	0.0	4.5	0.520
4087	0.0	4.5	1.405
4088	0.0	4.5	1.504
4089	0.0	4.4	1.511
4090	0.0	4.4	1.583
4091	0.0	4.4	1.511
4092	0.0	4.4	1.465
4093	0.0	4.4	1.356
4094	0.0	4.4	1.191
4095	0.0	4.4	1.086
4096	0.0	4.4	1.014
4097	0.0	4.4	1.053
4098	0.0	4.4	1.307
4099	0.0	4.4	1.458
4100	0.0	4.4	1.804
4101	0.0	4.4	1.853
4102	0.0	4.4	1.728
4103	0.0	4.4	1.040
4104	0.0	4.4	0.652
4105	0.0	4.4	0.451
4106	0.0	4.4	0.244
4107	0.0	4.4	0.095
4108	0.0	4.4	0.069
4109	0.0	4.4	0.207
4110	0.0	4.4	0.520
4111	0.0	4.4	1.405
4112	0.0	4.4	1.504
4113	0.0	4.4	1.511
4114	0.0	4.4	1.583
4115	0.0	4.4	1.511
4116	0.0	4.4	1.465
4117	0.0	4.4	1.356
4118	0.0	4.4	1.191
4119	0.0	4.4	1.086
4120	0.0	4.4	1.014
4121	0.0	4.4	1.053
4122	0.0	4.4	1.307
4123	0.0	4.4	1.458
4124	0.0	4.4	1.804
4125	0.0	4.4	1.853
4126	0.0	4.4	1.728
4127	0.0	4.4	1.040
4128	0.0	4.3	0.652
4129	0.0	4.3	0.451
4130	0.0	4.3	0.244
4131	0.0	4.3	0.095
4132	0.0	4.3	0.069
4133	0.0	4.3	0.207
4134	0.0	4.3	0.520
4135	0.0	4.3	1.405
4136	0.0	4.3	1.504
4137	0.0	4.3	1.511
4138	0.0	4.3	1.583
4139	0.0	4.3	1.511
4140	0.0	4.3	1.465
4141	0.0	4.3	1.356
4142	0.0	4.3	1.191
4143	0.0	4.3	1.086
4144	0.0	4.3	1.014
4145	0.0	4.3	1.053
4146	0.0	4.3	1.307
4147	0.0	4.3	1.458
4148	0.0	4.3	1.804
4149	0.0	4.3	1.853
4150	0.0	4.3	1.728
4151	0.0	4.3	1.040
4152	0.0	4.3	0.652
4153	0.0	4.3	0.451
4154	0.0	4.3	0.244
4155	0.0	4.3	0.095
4156	0.0	4.3	0.069
4157	0.0	4.3	0.207
4158	0.0	4.3	0.520
4159	0.0	4.3	1.405
4160	0.0	4.3	1.504
4161	0.0	4.3	1.511
4162	0.0	4.3	1.583
4163	0.0	4.2	1.511
4164	0.0	4.2	1.465
4165	0.0	4.2	1.356
4166	0.0	4.2	1.191
4167	0.0	4.2	1.086
4168	0.0	4.2	1.014
4169	0.0	4.2	1.053
4170	0.0	4.2	1.307
4171	0.0	4.2	1.458
4172	0.0	4.2	1.804
4173	0.0	4.2	1.853
4174	0.0	4.2	1.728
4175	0.0	4.2	1.040
4176	0.0	4.2	0.652
4177	0.0	4.2	0.451
4178	0.0	4.2	0.244
4179	0.0	4.2	0.095
4180	0.0	4.2	0.069
4181	0.0	4.2	0.207
4182	0.0	4.2	0.520
4183	0.0	4.2	1.405
4184	0.0	4.2	1.504
4185	0.0	4.2	1.511
4186	0.0	4.2	1.583
4187	0.0	4.2	1.511
4188	0.0	4.2	1.465
4189	0.0	4.2	1.356
4190	0.0	4.2	1.191
4191	0.0	4.2	1.086
4192	0.0	4.2	1.014
4193	0.0	4.2	1.053
4194	0.0	4.2	1.307
4195	0.0	4.2	1.458
4196	0.0	4.2	1.804
4197	0.0	4.2	1.853
4198	0.0	4.2	1.728
4199	0.0	4.2	1.040
4200	0.0	4.2	0.652
4201	0.0	4.2	0.451
4202	0.0	4.2	0.244
4203	0.0	4.2	0.095
4204	0.0	4.2	0.069
4205	0.0	4.2	0.207
4206	0.0	4.2	0.520
4207	0.0	4.2	1.405
4208	0.0	4.2	1.504
4209	0.0	4.1	1.511
4210	0.0	4.1	1.583
4211	0.0	4.1	1.511
4212	0.0	4.1	1.465
4213	0.0	4.1	1.356
4214	0.0	4.1	1.191
4215	0.0	4.1	1.086
4216	0.0	4.1	1.014
4217	0.0	4.1	1.053
4218	0.0	4.1	1.307
4219	0.0	4.1	1.458
4220	0.0	4.1	1.804
4221	0.0	4.1	1.853
4222	0.0	4.1	1.728
4223	0.0	4.1	1.040
4224	0.0	4.1	0.652
4225	0.0	4.1	0.451
4226	0.0	4.1	0.244
4227	0.0	4.1	0.095
4228	0.0	4.1	0.069
4229	0.0	4.1	0.207
4230	0.0	4.1	0.520
4231	0.0	4.1	1.405
4232	0.0	4.1	1.504
4233	0.0	4.1	1.511
4234	0.0	4.1	1.583
4235	0.0	4.1	1.511
4236	0.0	4.1	1.465
4237	0.0	4.1	1.356
4238	0.0	4.1	1.191
4239	0.0	4.1	1.086
4240	0.0	4.1	1.014
4241	0.0	4.1	1.053
4242	0.0	4.1	1.307
4243	0.0	4.1	1.458
4244	0.0	4.1	1.804
4245	0.0	4.1	1.853
4246	0.0	4.0	1.728
4247	0.0	4.0	1.040
4248	0.0	4.0	0.652
4249	0.0	4.0	0.451
4250	0.0	4.0	0.244
4251	0.0	4.0	0.095
4252	0.0	4.0	0.069
4253	0.0	4.0	0.207
4254	0.0	4.0	0.520
4255	0.0	4.0	1.405
4256	0.0	4.0	1.504
4257	0.0	4.0	1.511
4258	0.0	4.0	1.583
4259	0.0	4.0	1.511
4260	0.0	4.0	1.465
4261	0.0	4.0	1.356
4262	0.0	4.0	1.191
4263	0.0	4.0	1.086
4264	0.0	4.0	1.014
4265	0.0	4.0	1.053
4266	0.0	4.0	1.307
4267	0.0	4.0	1.458
4268	0.0	4.0	1.804
4269	0.0	4.0	1.853
4270	0.0	4.0	1.728
4271	0.0	4.0	1.040
4272	0.0	4.0	0.652
4273	0.0	4.0	0.451
4274	0.0	4.0	0.244
4275	0.0	4.0	0.095
4276	0.0	4.0	0.069
4277	0.0	4.0	0.207
4278	0.0	4.0	0.520
4279	0.0	4.0	1.405
4280	0.0	4.0	1.504
4281	0.0	4.0	1.511
4282	0.0	4.0	1.583
4283	0.0	4.0	1.511
4284	0.0	4.0	1.465
4285	0.0	4.0	1.356
4286	0.0	4.0	1.191
4287	0.0	3.9	1.086
4288	0.0	3.9	1.014
4289	0.0	3.9	1.053
4290	0.0	3.9	1.307
4291	0.0	3.9	1.458
4292	0.0	3.9	1.804
4293	0.0	3.9	1.853
4294	0.0	3.9	1.728
4295	0.0	3.9	1.040
4296	0.0	3.9	0.652
4297	0.0	3.9	0.451
4298	0.0	3.9	0.244
4299	0.0	3.9	0.095
4300	0.0	3.9	0.069
4301	0.0	3.9	0.207
4302	0.0	3.9	0.520
4303	0.0	3.9	1.405
4304	0.0	3.9	1.504
4305	0.0	3.9	1.511
4306	0.0	3.9	1.583
4307	0.0	3.9	1.511
4308	0.0	3.9	1.465
4309	0.0	3.9	1.356
4310	0.0	3.9	1.191
4311	0.0	3.9	1.086
4312	0.0	3.9	1.014
4313	0.0	3.9	1.053
4314	0.0	3.9	1.307
4315	0.0	3.9	1.458
4316	0.0	3.9	1.804
4317	0.0	3.9	1.853
4318	0.0	3.9	1.728
4319	0.0	3.9	1.040
4320	0.0	3.9	0.652
4321	0.0	3.9	0.451
4322	0.0	3.9	0.244
4323	0.0	3.9	0.095
4324	0.0	3.8	0.069
4325	0.0	3.8	0.207
4326	0.0	3.8	0.520
4327	0.0	3.8	1.405
4328	0.0	3.8	1.504
4329	0.0	3.8	1.511
4330	0.0	3.8	1.583
4331	0.0	3.8	1.511
4332	0.0	3.8	1.465
4333	0.0	3.8	1.356
4334	0.0	3.8	1.191
4335	0.0	3.8	1.086
4336	0.0	3.8	1.014
4337	0.0	3.8	1.053
4338	0.0	3.8	1.307
4339	0.0	3.8	1.458
4340	0.0	3.8	1.804
4341	0.0	3.8	1.853
4342	0.0	3.8	1.728
4343	0.0	3.8	1.040
4344	0.0	3.8	0.652
4345	0.0	3.8	0.451
4346	0.0	3.8	0.244
4347	0.0	3.8	0.095
4348	0.0	3.8	0.069
4349	0.0	3.8	0.207
4350	0.0	3.7	0.520
4351	0.0	3.7	1.405
4352	0.0	3.7	1.504
4353	0.0	3.7	1.511
4354	0.0	3.7	1.583
4355	0.0	3.7	1.511
4356	0.0	3.7	1.465
4357	0.0	3.7	1.356
4358	0.0	3.7	1.191
4359	0.0	3.7	1.086
4360	0.0	3.7	1.014
4361	0.0	3.7	1.053
4362	0.0	3.7	1.307
4363	0.0	3.7	1.458
4364	0.0	3.7	1.804
4365	0.0	3.7	1.853
4366	0.0	3.7	1.728
4367	0.0	3.7	1.040
4368	0.0	3.7	0.652
4369	0.0	3.7	0.451
4370	0.0	3.7	0.244
4371	0.0	3.7	0.095
4372	0.0	3.7	0.069
4373	0.0	3.7	0.207
4374	0.0	3.7	0.520
4375	0.0	3.7	1.405
4376	0.0	3.7	1.504
4377	0.0	3.7	1.511
4378	0.0	3.7	1.583
4379	0.0	3.7	1.511
4380	0.0	3.7	1.465
4381	0.0	3.7	1.356
4382	0.0	3.7	1.191
4383	0.0	3.7	1.086
4384	0.0	3.6	1.014
4385	0.0	3.6	1.053
4386	0.0	3.6	1.307
4387	0.0	3.6	1.458
4388	0.0	3.6	1.804
4389	0.0	3.6	1.853
4390	0.0	3.6	1.728
4391	0.0	3.6	1.040
4392	0.0	3.6	0.652
4393	0.0	3.6	0.451
4394	0.0	3.6	0.244
4395	0.0	3.6	0.095
4396	0.0	3.6	0.069
4397	0.0	3.6	0.207
4398	0.0	3.6	0.520
4399	0.0	3.6	1.405
4400	0.0	3.6	1.504
4401	0.0	3.6	1.511
4402	0.0	3.6	1.583
4403	0.0	3.6	1.511
4404	0.0	3.6	1.465
4405	0.0	3.6	1.356
4406	0.0	3.6	1.191
4407	0.0	3.6	1.086
4408	0.0	3.6	1.014
4409	0.0	3.6	1.053
4410	0.0	3.6	1.307
4411	0.0	3.6	1.458
4412	0.0	3.6	1.804
4413	0.0	3.5	1.853
4414	0.0	3.5	1.728
4415	0.0	3.5	1.040
4416	0.0	3.5	0.652
4417	0.0	3.5	0.451
4418	0.0	3.5	0.244
4419	0.0	3.5	0.095
4420	0.0	3.5	0.069
4421	0.0	3.5	0.207
4422	0.0	3.5	0.520
4423	0.0	3.5	1.405
4424	0.0	3.5	1.504
4425	0.0	3.5	1.511
4426	0.0	3.5	1.583
4427	0.0	3.5	1.511
4428	0.0	3.5	1.465
4429	0.0	3.5	1.356
4430	0.0	3.5	1.191
4431	0.0	3.5	1.086
4432	0.0	3.5	1.014
4433	0.0	3.5	1.053
4434	0.0	3.5	1.307
4435	0.0	3.5	1.458
4436	0.0	3.5	1.804
4437	0.0	3.5	1.853
4438	0.0	3.5	1.728
4439	0.0	3.5	1.040
4440	0.0	3.5	0.652
4441	0.0	3.5	0.451
4442	0.0	3.5	0.244
4443	0.0	3.5	0.095
4444	0.0	3.5	0.069
4445	0.0	3.5	0.207
4446	0.0	3.5	0.520
4447	0.0	3.5	1.405
4448	0.0	3.5	1.504
4449	0.0	3.5	1.511
4450	0.0	3.4	1.583
4451	0.0	3.4	1.511
4452	0.0	3.4	1.465
4453	0.0	3.4	1.356
4454	0.0	3.4	1.191
4455	0.0	3.4	1.086
4456	0.0	3.4	1.014
4457	0.0	3.4	1.053
4458	0.0	3.4	1.307
4459	0.0	3.4	1.458
4460	0.0	3.4	1.804
4461	0.0	3.4	1.853
4462	0.0	3.4	1.728
4463	0.0	3.4	1.040
4464	0.0	3.4	0.652
4465	0.0	3.4	0.451
4466	0.0	3.4	0.244
4467	0.0	3.4	0.095
4468	0.0	3.4	0.069
4469	0.0	3.4	0.207
4470	0.0	3.4	0.520
4471	0.0	3.4	1.405
4472	0.0	3.4	1.504
4473	0.0	3.4	1.511
4474	0.0	3.4	1.583
4475	0.0	3.4	1.511
4476	0.0	3.4	1.465
4477	0.0	3.4	1.356
4478	0.0	3.4	1.191
4479	0.0	3.4	1.086
4480	0.0	3.4	1.014
4481	0.0	3.4	1.053
4482	0.0	3.4	1.307
4483	0.0	3.4	1.458
4484	0.0	3.4	1.804
4485	0.0	3.3	1.853
4486	0.0	3.3	1.728
4487	0.0	3.3	1.040
4488	0.0	3.3	0.652
4489	0.0	3.3	0.451
4490	0.0	3.3	0.244
4491	0.0	3.3	0.095
4492	0.0	3.3	0.069
4493	0.0	3.3	0.207
4494	0.0	3.3	0.520
4495	0.0	3.3	1.405
4496	0.0	3.3	1.504
4497	0.0	3.3	1.511
4498	0.0	3.3	1.583
4499	0.0	3.3	1.511
4500	0.0	3.3	1.465
4501	0.0	3.3	1.356
4502	0.0	3.2	1.191
4503	0.0	3.2	1.086
4504	0.0	3.2	1.014
4505	0.0	3.2	1.053
4506	0.0	3.2	1.307
4507	0.0	3.2	1.458
4508	0.0	3.2	1.804
4509	0.0	3.2	1.853
4510	0.0	3.2	1.728
4511	0.0	3.2	1.040
4512	0.0	3.2	0.652
4513	0.0	3.2	0.451
4514	0.0	3.2	0.244
4515	0.0	3.2	0.095
4516	0.0	3.2	0.069
4517	0.0	3.2	0.207
4518	0.0	3.2	0.520
4519	0.0	3.2	1.405
4520	0.0	3.2	1.504
4521	0.0	3.2	1.511
4522	0.0	3.2	1.583
4523	0.0	3.2	1.511
4524	0.0	3.2	1.465
4525	0.0	3.2	1.356
4526	0.0	3.2	1.191
4527	0.0	3.1	1.086
4528	0.0	3.1	1.014
4529	0.0	3.1	1.053
4530	0.0	3.1	1.307
4531	0.0	3.1	1.458
4532	0.0	3.1	1.804
4533	0.0	3.1	1.853
4534	0.0	3.1	1.728
4535	0.0	3.1	1.040
4536	0.0	3.1	0.652
4537	0.0	3.1	0.451
4538	0.0	3.1	0.244
4539	0.0	3.1	0.095
4540	0.0	3.1	0.069
4541	0.0	3.1	0.207
4542	0.0	3.1	0.520
4543	0.0	3.1	1.405
4544	0.0	3.1	1.504
4545	0.0	3.1	1.511
4546	0.0	3.1	1.583
4547	0.0	3.1	1.511
4548	0.0	3.1	1.465
4549	0.0	3.1	1.356
4550	0.0	3.1	1.191
4551	0.0	3.1	1.086
4552	0.0	3.1	1.014
4553	0.0	3.1	1.053
4554	0.0	3.1	1.307
4555	0.0	3.1	1.458
4556	0.0	3.1	1.804
4557	0.0	3.1	1.853
4558	0.0	3.0	1.728
4559	0.0	3.0	1.040
4560	0.0	3.0	0.652
4561	0.0	3.0	0.451
4562	0.0	3.0	0.244
4563	0.0	3.0	0.095
4564	0.0	3.0	0.069
4565	0.0	3.0	0.207
4566	0.0	3.0	0.520
4567	0.0	3.0	1.405
4568	0.0	3.0	1.504
4569	0.0	3.0	1.511
4570	0.0	3.0	1.583
4571	0.0	3.0	1.511
4572	0.0	3.0	1.465
4573	0.0	3.0	1.356
4574	0.0	3.0	1.191
4575	0.0	3.0	1.086
4576	0.0	3.0	1.014
4577	0.0	3.0	1.053
4578	0.0	3.0	1.307
4579	0.0	3.0	1.458
4580	0.0	3.0	1.804
4581	0.0	3.0	1.853
4582	0.0	3.0	1.728
4583	0.0	3.0	1.040
4584	0.0	3.0	0.652
4585	0.0	3.0	0.451
4586	0.0	3.0	0.244
4587	0.0	3.0	0.095
4588	0.0	3.0	0.069
4589	0.0	3.0	0.207
4590	0.0	3.0	0.520
4591	0.0	3.0	1.405
4592	0.0	3.0	1.504
4593	0.0	3.0	1.511
4594	0.0	3.0	1.583
4595	0.0	3.0	1.511
4596	0.0	3.0	1.465
4597	0.0	3.0	1.356
4598	0.0	3.0	1.191
4599	0.0	3.0	1.086
4600	0.0	2.9	1.014
4601	0.0	2.9	1.053
4602	0.0	2.9	1.307
4603	0.0	2.9	1.458
4604	0.0	2.9	1.804
4605	0.0	2.9	1.853
4606	0.0	2.9	1.728
4607	0.0	2.9	1.040
4608	0.0	2.9	0.652
4609	0.0	2.9	0.451
4610	0.0	2.9	0.244
4611	0.0	2.9	0.095
4612	0.0	2.9	0.069
4613	0.0	2.9	0.207
4614	0.0	2.9	0.520
4615	0.0	2.9	1.405
4616	0.0	2.9	1.504
4617	0.0	2.9	1.511
4618	0.0	2.9	1.583
4619	0.0	2.9	1.511
4620	0.0	2.9	1.465
4621	0.0	2.9	1.356
4622	0.0	2.9	1.191
4623	0.0	2.9	1.086
4624	0.0	2.9	1.014
4625	0.0	2.9	1.053
4626	0.0	2.9	1.307
4627	0.0	2.9	1.458
4628	0.0	2.9	1.804
4629	0.0	2.9	1.853
4630	0.0	2.9	1.728
4631	0.0	2.8	1.040
4632	0.0	2.8	0.652
4633	0.0	2.8	0.451
4634	0.0	2.8	0.244
4635	0.0	2.8	0.095
4636	0.0	2.8	0.069
4637	0.0	2.8	0.207
4638	0.0	2.8	0.520
4639	0.0	2.8	1.405
4640	0.0	2.8	1.504
4641	0.0	2.8	1.511
4642	0.0	2.8	1.583
4643	0.0	2.8	1.511
4644	0.0	2.8	1.465
4645	0.0	2.8	1.356
4646	0.0	2.8	1.191
4647	0.0	2.8	1.086
4648	0.0	2.8	1.014
4649	0.0	2.8	1.053
4650	0.0	2.8	1.307
4651	0.0	2.8	1.458
4652	0.0	2.8	1.804
4653	0.0	2.8	1.853
4654	0.0	2.8	1.728
4655	0.0	2.8	1.040
4656	0.0	2.8	0.652
4657	0.0	2.8	0.451
4658	0.0	2.8	0.244
4659	0.0	2.8	0.095
4660	0.0	2.8	0.069
4661	0.0	2.8	0.207
4662	0.0	2.8	0.520
4663	0.0	2.8	1.405
4664	0.0	2.8	1.504
4665	0.0	2.8	1.511
4666	0.0	2.8	1.583
4667	0.0	2.8	1.511
4668	0.0	2.8	1.465
4669	0.0	2.8	1.356
4670	0.0	2.8	1.191
4671	0.0	2.8	1.086
4672	0.0	2.8	1.014
4673	0.0	2.8	1.053
4674	0.0	2.8	1.307
4675	0.0	2.8	1.458
4676	0.0	2.8	1.804
4677	0.0	2.8	1.853
4678	0.0	2.7	1.728
4679	0.0	2.7	1.040
4680	0.0	2.7	0.652
4681	0.0	2.7	0.451
4682	0.0	2.7	0.244
4683	0.0	2.7	0.095
4684	0.0	2.7	0.069
4685	0.0	2.7	0.207
4686	0.0	2.7	0.520
4687	0.0	2.7	1.405
4688	0.0	2.7	1.504
4689	0.0	2.7	1.511
4690	0.0	2.7	1.583
4691	0.0	2.7	1.511
4692	0.0	2.7	1.465
4693	0.0	2.7	1.356
4694	0.0	2.7	1.191
4695	0.0	2.7	1.086
4696	0.0	2.7	1.014
4697	0.0	2.7	1.053
4698	0.0	2.7	1.307
4699	0.0	2.7	1.458
4700	0.0	2.7	1.804
4701	0.0	2.6	1.853
4702	0.0	2.6	1.728
4703	0.0	2.6	1.040
4704	0.0	2.6	0.652
4705	0.0	2.6	0.451
4706	0.0	2.6	0.244
4707	0.0	2.6	0.095
4708	0.0	2.6	0.069
4709	0.0	2.6	0.207
4710	0.0	2.6	0.520
4711	0.0	2.6	1.405
4712	0.0	2.6	1.504
4713	0.0	2.6	1.511
4714	0.0	2.6	1.583
4715	0.0	2.6	1.511
4716	0.0	2.6	1.465
4717	0.0	2.6	1.356
4718	0.0	2.6	1.191
4719	0.0	2.6	1.086
4720	0.0	2.6	1.014
4721	0.0	2.6	1.053
4722	0.0	2.6	1.307
4723	0.0	2.6	1.458
4724	0.0	2.6	1.804
4725	0.0	2.6	1.853
4726	0.0	2.6	1.728
4727	0.0	2.6	1.040
4728	0.0	2.6	0.652
4729	0.0	2.6	0.451
4730	0.0	2.5	0.244
4731	0.0	2.5	0.095
4732	0.0	2.5	0.069
4733	0.0	2.5	0.207
4734	0.0	2.5	0.520
4735	0.0	2.5	1.405
4736	0.0	2.5	1.504
4737	0.0	2.5	1.511
4738	0.0	2.5	1.583
4739	0.0	2.5	1.511
4740	0.0	2.5	1.465
4741	0.0	2.5	1.356
4742	0.0	2.5	1.191
4743	0.0	2.5	1.086
4744	0.0	2.5	1.014
4745	0.0	2.5	1.053
4746	0.0	2.5	1.307
4747	0.0	2.5	1.458
4748	0.0	2.5	1.804
4749	0.0	2.5	1.853
4750	0.0	2.4	1.728
4751	0.0	2.4	1.040
4752	0.0	2.4	0.652
4753	0.0	2.4	0.451
4754	0.0	2.4	0.244
4755	0.0	2.4	0.095
4756	0.0	2.4	0.069
4757	0.0	2.4	0.207
4758	0.0	2.4	0.520
4759	0.0	2.4	1.405
4760	0.0	2.4	1.504
4761	0.0	2.4	1.511
4762	0.0	2.4	1.583
4763	0.0	2.4	1.511
4764	0.0	2.4	1.465
4765	0.0	2.4	1.356
4766	0.0	2.4	1.191
4767	0.0	2.4	1.086
4768	0.0	2.4	1.014
4769	0.0	2.4	1.053
4770	0.0	2.4	1.307
4771	0.0	2.4	1.458
4772	0.0	2.4	1.804
4773	0.0	2.3	1.853
4774	0.0	2.3	1.728
4775	0.0	2.3	1.040
4776	0.0	2.3	0.652
4777	0.0	2.3	0.451
4778	0.0	2.3	0.244
4779	0.0	2.3	0.095
4780	0.0	2.3	0.069
4781	0.0	2.3	0.207
4782	0.0	2.3	0.520
4783	0.0	2.3	1.405
4784	0.0	2.3	1.504
4785	0.0	2.3	1.511
4786	0.0	2.3	1.583
4787	0.0	2.3	1.511
4788	0.0	2.3	1.465
4789	0.0	2.3	1.356
4790	0.0	2.3	1.191
4791	0.0	2.3	1.086
4792	0.0	2.3	1.014
4793	0.0	2.3	1.053
4794	0.0	2.3	1.307
4795	0.0	2.3	1.458
4796	0.0	2.2	1.804
4797	0.0	2.2	1.853
4798	0.0	2.2	1.728
4799	0.0	2.2	1.040
4800	0.0	2.2	0.652
4801	0.0	2.2	0.451
4802	0.0	2.2	0.244
4803	0.0	2.2	0.095
4804	0.0	2.2	0.069
4805	0.0	2.2	0.207
4806	0.0	2.2	0.520
4807	0.0	2.2	1.405
4808	0.0	2.2	1.504
4809	0.0	2.2	1.511
4810	0.0	2.2	1.583
4811	0.0	2.2	1.511
4812	0.0	2.2	1.465
4813	0.0	2.2	1.356
4814	0.0	2.1	1.191
4815	0.0	2.1	1.086
4816	0.0	2.1	1.014
4817	0.0	2.1	1.053
4818	0.0	2.1	1.307
4819	0.0	2.1	1.458
4820	0.0	2.1	1.804
4821	0.0	2.1	1.853
4822	0.0	2.1	1.728
4823	0.0	2.1	1.040
4824	0.0	2.1	0.652
4825	0.0	2.1	0.451
4826	0.0	2.1	0.244
4827	0.0	2.1	0.095
4828	0.0	2.1	0.069
4829	0.0	2.1	0.207
4830	0.0	2.1	0.520
4831	0.0	2.1	1.405
4832	0.0	2.1	1.504
4833	0.0	2.1	1.511
4834	0.0	2.1	1.583
4835	0.0	2.1	1.511
4836	0.0	2.1	1.465
4837	0.0	2.0	1.356
4838	0.0	2.0	1.191
4839	0.0	2.0	1.086
4840	0.0	2.0	1.014
4841	0.0	2.0	1.053
4842	0.0	2.0	1.307
4843	0.0	2.0	1.458
4844	0.0	2.0	1.804
4845	0.0	2.0	1.853
4846	0.0	2.0	1.728
4847	0.0	2.0	1.040
4848	0.0	2.0	0.652
4849	0.0	2.0	0.451
4850	0.0	2.0	0.244
4851	0.0	2.0	0.095
4852	0.0	2.0	0.069
4853	0.0	2.0	0.207
4854	0.0	2.0	0.520
4855	0.0	2.0	1.405
4856	0.0	2.0	1.504
4857	0.0	2.0	1.511
4858	0.0	2.0	1.583
4859	0.0	2.0	1.511
4860	0.0	1.9	1.465
4861	0.0	1.9	1.356
4862	0.0	1.9	1.191
4863	0.0	1.9	1.086
4864	0.0	1.9	1.014
4865	0.0	1.9	1.053
4866	0.0	1.9	1.307
4867	0.0	1.9	1.458
4868	0.0	1.9	1.804
4869	0.0	1.9	1.853
4870	0.0	1.9	1.728
4871	0.0	1.8	1.040
4872	0.0	1.8	0.652
4873	0.0	1.8	0.451
4874	0.0	1.8	0.244
4875	0.0	1.8	0.095
4876	0.0	1.8	0.069
4877	0.0	1.8	0.207
4878	0.0	1.8	0.520
4879	0.0	1.8	1.405
4880	0.0	1.8	1.504
4881	0.0	1.8	1.511
4882	0.0	1.8	1.583
4883	0.0	1.8	1.511
4884	0.0	1.8	1.465
4885	0.0	1.8	1.356
4886	0.0	1.8	1.191
4887	0.0	1.8	1.086
4888	0.0	1.7	1.014
4889	0.0	1.7	1.053
4890	0.0	1.7	1.307
4891	0.0	1.7	1.458
4892	0.0	1.7	1.804
4893	0.0	1.7	1.853
4894	0.0	1.7	1.728
4895	0.0	1.7	1.040
4896	0.0	1.7	0.652
4897	0.0	1.7	0.451
4898	0.0	1.7	0.244
4899	0.0	1.7	0.095
4900	0.0	1.7	0.069
4901	0.0	1.7	0.207
4902	0.0	1.6	0.520
4903	0.0	1.6	1.405
4904	0.0	1.6	1.504
4905	0.0	1.6	1.511
4906	0.0	1.6	1.583
4907	0.0	1.6	1.511
4908	0.0	1.6	1.465
4909	0.0	1.6	1.356
4910	0.0	1.6	1.191
4911	0.0	1.6	1.086
4912	0.0	1.6	1.014
4913	0.0	1.6	1.053
4914	0.0	1.5	1.307
4915	0.0	1.5	1.458
4916	0.0	1.5	1.804
4917	0.0	1.5	1.853
4918	0.0	1.5	1.728
4919	0.0	1.5	1.040
4920	0.0	1.5	0.652
4921	0.0	1.5	0.451
4922	0.0	1.5	0.244
4923	0.0	1.4	0.095
4924	0.0	1.4	0.069
4925	0.0	1.4	0.207
4926	0.0	1.4	0.520
4927	0.0	1.4	1.405
4928	0.0	1.4	1.504
4929	0.0	1.4	1.511
4930	0.0	1.4	1.583
4931	0.0	1.4	1.511
4932	0.0	1.4	1.465
4933	0.0	1.4	1.356
4934	0.0	1.3	1.191
4935	0.0	1.3	1.086
4936	0.0	1.3	1.014
4937	0.0	1.3	1.053
4938	0.0	1.3	1.307
4939	0.0	1.3	1.458
4940	0.0	1.3	1.804
4941	0.0	1.2	1.853
4942	0.0	1.2	1.728
4943	0.0	1.2	1.040
4944	0.0	1.2	0.652
4945	0.0	1.2	0.451
4946	0.0	1.1	0.244
4947	0.0	1.1	0.095
4948	0.0	1.1	0.069
4949	0.0	1.1	0.207
4950	0.0	1.1	0.520
4951	0.0	1.1	1.405
4952	0.0	1.1	1.504
4953	0.0	1.1	1.511
4954	0.0	1.1	1.583
4955	0.0	1.0	1.511
4956	0.0	1.0	1.465
4957	0.0	1.0	1.356
4958	0.0	1.0	1.191
4959	0.0	1.0	1.086
4960	0.0	1.0	1.014
4961	0.0	0.9	1.053
4962	0.0	0.9	1.307
4963	0.0	0.9	1.458
4964	0.0	0.9	1.804
4965	0.0	0.8	1.853
4966	0.0	0.7	1.728
4967	0.0	0.7	1.040
4968	0.0	0.7	0.652
4969	0.0	0.0	0.451
4970	0.0	0.0	0.244
4971	0.0	0.0	0.095
4972	0.0	0.0	0.069
4973	0.0	0.0	0.207
4974	0.0	0.0	0.520
4975	0.0	0.0	1.405
4976	0.0	0.0	1.504
4977	0.0	0.0	1.511
4978	0.0	0.0	1.583
4979	0.0	0.0	1.511
4980	0.0	0.0	1.465
4981	0.0	0.0	1.356
4982	0.0	0.0	1.191
4983	0.0	0.0	1.086
4984	0.0	0.0	1.014
4985	0.0	0.0	1.053
4986	0.0	0.0	1.307
4987	0.0	0.0	1.458
4988	0.0	0.0	1.804
4989	0.0	0.0	1.853
4990	0.0	0.0	1.728
4991	0.0	0.0	1.040
4992	0.0	0.0	0.652
4993	0.0	0.0	0.451
4994	0.0	0.0	0.244
4995	0.0	0.0	0.095
4996	0.0	0.0	0.069
4997	0.0	0.0	0.207
4998	0.0	0.0	0.520
4999	0.0	0.0	1.405
5000	0.0	0.0	1.504
5001	0.0	0.0	1.511
5002	0.0	0.0	1.583
5003	0.0	0.0	1.511
5004	0.0	0.0	1.465
5005	0.0	0.0	1.356
5006	0.0	0.0	1.191
5007	0.0	0.0	1.086
5008	0.0	0.0	1.014
5009	0.0	0.0	1.053
5010	0.0	0.0	1.307
5011	0.0	0.0	1.458
5012	0.0	0.0	1.804
5013	0.0	0.0	1.853
5014	0.0	0.0	1.728
5015	0.0	0.0	1.040
5016	0.0	0.0	0.652
5017	0.0	0.0	0.451
5018	0.0	0.0	0.244
5019	0.0	0.0	0.095
5020	0.0	0.0	0.069
5021	0.0	0.0	0.207
5022	0.0	0.0	0.520
5023	0.0	0.0	1.405
5024	0.0	0.0	1.504
5025	0.0	0.0	1.511
5026	0.0	0.0	1.583
5027	0.0	0.0	1.511
5028	0.0	0.0	1.465
5029	0.0	0.0	1.356
5030	0.0	0.0	1.191
5031	0.0	0.0	1.086
5032	0.0	0.0	1.014
5033	0.0	0.0	1.053
5034	0.0	0.0	1.307
5035	0.0	0.0	1.458
5036	0.0	0.0	1.804
5037	0.0	0.0	1.853
5038	0.0	0.0	1.728
5039	0.0	0.0	1.040
5040	0.0	0.0	0.652
5041	0.0	0.0	0.451
5042	0.0	0.0	0.244
5043	0.0	0.0	0.095
5044	0.0	0.0	0.069
5045	0.0	0.0	0.207
5046	0.0	0.0	0.520
5047	0.0	0.0	1.405
5048	0.0	0.0	1.504
5049	0.0	0.0	1.511
5050	0.0	0.0	1.583
5051	0.0	0.0	1.511
5052	0.0	0.0	1.465
5053	0.0	0.0	1.356
5054	0.0	0.0	1.191
5055	0.0	0.0	1.086
5056	0.0	0.0	1.014
5057	0.0	0.0	1.053
5058	0.0	0.0	1.307
5059	0.0	0.0	1.458
5060	0.0	0.0	1.804
5061	0.0	0.0	1.853
5062	0.0	0.0	1.728
5063	0.0	0.0	1.040
5064	0.0	0.0	0.652
5065	0.0	0.0	0.451
5066	0.0	0.0	0.244
5067	0.0	0.0	0.095
5068	0.0	0.0	0.069
5069	0.0	0.0	0.207
5070	0.0	0.0	0.520
5071	0.0	0.0	1.405
5072	0.0	0.0	1.504
5073	0.0	0.0	1.511
5074	0.0	0.0	1.583
5075	0.0	0.0	1.511
5076	0.0	0.0	1.465
5077	0.0	0.0	1.356
5078	0.0	0.0	1.191
5079	0.0	0.0	1.086
5080	0.0	0.0	1.014
5081	0.0	0.0	1.053
5082	0.0	0.0	1.307
5083	0.0	0.0	1.458
5084	0.0	0.0	1.804
5085	0.0	0.0	1.853
5086	0.0	0.0	1.728
5087	0.0	0.0	1.040
5088	0.0	0.0	0.652
5089	0.0	0.0	0.451
5090	0.0	0.0	0.244
5091	0.0	0.0	0.095
5092	0.0	0.0	0.069
5093	0.0	0.0	0.207
5094	0.0	0.0	0.520
5095	0.0	0.0	1.405
5096	0.0	0.0	1.504
5097	0.0	0.0	1.511
5098	0.0	0.0	1.583
5099	0.0	0.0	1.511
5100	0.0	0.0	1.465
5101	0.0	0.0	1.356
5102	0.0	0.0	1.191
5103	0.0	0.0	1.086
5104	0.0	0.0	1.014
5105	0.0	0.0	1.053
5106	0.0	0.0	1.307
5107	0.0	0.0	1.458
5108	0.0	0.0	1.804
5109	0.0	0.0	1.853
5110	0.0	0.0	1.728
5111	0.0	0.0	1.040
5112	0.0	0.0	0.652
5113	0.0	0.0	0.451
5114	0.0	0.0	0.244
5115	0.0	0.0	0.095
5116	0.0	0.0	0.069
5117	0.0	0.0	0.207
5118	0.0	0.0	0.520
5119	0.0	0.0	1.405
5120	0.0	0.0	1.504
5121	0.0	0.0	1.511
5122	0.0	0.0	1.583
5123	0.0	0.0	1.511
5124	0.0	0.0	1.465
5125	0.0	0.0	1.356
5126	0.0	0.0	1.191
5127	0.0	0.0	1.086
5128	0.0	0.0	1.014
5129	0.0	0.0	1.053
5130	0.0	0.0	1.307
5131	0.0	0.0	1.458
5132	0.0	0.0	1.804
5133	0.0	0.0	1.853
5134	0.0	0.0	1.728
5135	0.0	0.0	1.040
5136	0.0	0.0	0.652
5137	0.0	0.0	0.451
5138	0.0	0.0	0.244
5139	0.0	0.0	0.095
5140	0.0	0.0	0.069
5141	0.0	0.0	0.207
5142	0.0	0.0	0.520
5143	0.0	0.0	1.405
5144	0.0	0.0	1.504
5145	0.0	0.0	1.511
5146	0.0	0.0	1.583
5147	0.0	0.0	1.511
5148	0.0	0.0	1.465
5149	0.0	0.0	1.356
5150	0.0	0.0	1.191
5151	0.0	0.0	1.086
5152	0.0	0.0	1.014
5153	0.0	0.0	1.053
5154	0.0	0.0	1.307
5155	0.0	0.0	1.458
5156	0.0	0.0	1.804
5157	0.0	0.0	1.853
5158	0.0	0.0	1.728
5159	0.0	0.0	1.040
5160	0.0	0.0	0.652
5161	0.0	0.0	0.451
5162	0.0	0.0	0.244
5163	0.0	0.0	0.095
5164	0.0	0.0	0.069
5165	0.0	0.0	0.207
5166	0.0	0.0	0.520
5167	0.0	0.0	1.405
5168	0.0	0.0	1.504
5169	0.0	0.0	1.511
5170	0.0	0.0	1.583
5171	0.0	0.0	1.511
5172	0.0	0.0	1.465
5173	0.0	0.0	1.356
5174	0.0	0.0	1.191
5175	0.0	0.0	1.086
5176	0.0	0.0	1.014
5177	0.0	0.0	1.053
5178	0.0	0.0	1.307
5179	0.0	0.0	1.458
5180	0.0	0.0	1.804
5181	0.0	0.0	1.853
5182	0.0	0.0	1.728
5183	0.0	0.0	1.040
5184	0.0	0.0	0.652
5185	0.0	0.0	0.451
5186	0.0	0.0	0.244
5187	0.0	0.0	0.095
5188	0.0	0.0	0.069
5189	0.0	0.0	0.207
5190	0.0	0.0	0.520
5191	0.0	0.0	1.405
5192	0.0	0.0	1.504
5193	0.0	0.0	1.511
5194	0.0	0.0	1.583
5195	0.0	0.0	1.511
5196	0.0	0.0	1.465
5197	0.0	0.0	1.356
5198	0.0	0.0	1.191
5199	0.0	0.0	1.086
5200	0.0	0.0	1.014
5201	0.0	0.0	1.053
5202	0.0	0.0	1.307
5203	0.0	0.0	1.458
5204	0.0	0.0	1.804
5205	0.0	0.0	1.853
5206	0.0	0.0	1.728
5207	0.0	0.0	1.040
5208	0.0	0.0	0.652
5209	0.0	0.0	0.451
5210	0.0	0.0	0.244
5211	0.0	0.0	0.095
5212	0.0	0.0	0.069
5213	0.0	0.0	0.207
5214	0.0	0.0	0.520
5215	0.0	0.0	1.405
5216	0.0	0.0	1.504
5217	0.0	0.0	1.511
5218	0.0	0.0	1.583
5219	0.0	0.0	1.511
5220	0.0	0.0	1.465
5221	0.0	0.0	1.356
5222	0.0	0.0	1.191
5223	0.0	0.0	1.086
5224	0.0	0.0	1.014
5225	0.0	0.0	1.053
5226	0.0	0.0	1.307
5227	0.0	0.0	1.458
5228	0.0	0.0	1.804
5229	0.0	0.0	1.853
5230	0.0	0.0	1.728
5231	0.0	0.0	1.040
5232	0.0	0.0	0.652
5233	0.0	0.0	0.451
5234	0.0	0.0	0.244
5235	0.0	0.0	0.095
5236	0.0	0.0	0.069
5237	0.0	0.0	0.207
5238	0.0	0.0	0.520
5239	0.0	0.0	1.405
5240	0.0	0.0	1.504
5241	0.0	0.0	1.511
5242	0.0	0.0	1.583
5243	0.0	0.0	1.511
5244	0.0	0.0	1.465
5245	0.0	0.0	1.356
5246	0.0	0.0	1.191
5247	0.0	0.0	1.086
5248	0.0	0.0	1.014
5249	0.0	0.0	1.053
5250	0.0	0.0	1.307
5251	0.0	0.0	1.458
5252	0.0	0.0	1.804
5253	0.0	0.0	1.853
5254	0.0	0.0	1.728
5255	0.0	0.0	1.040
5256	0.0	0.0	0.652
5257	0.0	0.0	0.451
5258	0.0	0.0	0.244
5259	0.0	0.0	0.095
5260	0.0	0.0	0.069
5261	0.0	0.0	0.207
5262	0.0	0.0	0.520
5263	0.0	0.0	1.405
5264	0.0	0.0	1.504
5265	0.0	0.0	1.511
5266	0.0	0.0	1.583
5267	0.0	0.0	1.511
5268	0.0	0.0	1.465
5269	0.0	0.0	1.356
5270	0.0	0.0	1.191
5271	0.0	0.0	1.086
5272	0.0	0.0	1.014
5273	0.0	0.0	1.053
5274	0.0	0.0	1.307
5275	0.0	0.0	1.458
5276	0.0	0.0	1.804
5277	0.0	0.0	1.853
5278	0.0	0.0	1.728
5279	0.0	0.0	1.040
5280	0.0	0.0	0.652
5281	0.0	0.0	0.451
5282	0.0	0.0	0.244
5283	0.0	0.0	0.095
5284	0.0	0.0	0.069
5285	0.0	0.0	0.207
5286	0.0	0.0	0.520
5287	0.0	0.0	1.405
5288	0.0	0.0	1.504
5289	0.0	0.0	1.511
5290	0.0	0.0	1.583
5291	0.0	0.0	1.511
5292	0.0	0.0	1.465
5293	0.0	0.0	1.356
5294	0.0	0.0	1.191
5295	0.0	0.0	1.086
5296	0.0	0.0	1.014
5297	0.0	0.0	1.053
5298	0.0	0.0	1.307
5299	0.0	0.0	1.458
5300	0.0	0.0	1.804
5301	0.0	0.0	1.853
5302	0.0	0.0	1.728
5303	0.0	0.0	1.040
5304	0.0	0.0	0.652
5305	0.0	0.0	0.451
5306	0.0	0.0	0.244
5307	0.0	0.0	0.095
5308	0.0	0.0	0.069
5309	0.0	0.0	0.207
5310	0.0	0.0	0.520
5311	0.0	0.0	1.405
5312	0.0	0.0	1.504
5313	0.0	0.0	1.511
5314	0.0	0.0	1.583
5315	0.0	0.0	1.511
5316	0.0	0.0	1.465
5317	0.0	0.0	1.356
5318	0.0	0.0	1.191
5319	0.0	0.0	1.086
5320	0.0	0.0	1.014
5321	0.0	0.0	1.053
5322	0.0	0.0	1.307
5323	0.0	0.0	1.458
5324	0.0	0.0	1.804
5325	0.0	0.0	1.853
5326	0.0	0.0	1.728
5327	0.0	0.0	1.040
5328	0.0	0.0	0.652
5329	0.0	0.0	0.451
5330	0.0	0.0	0.244
5331	0.0	0.0	0.095
5332	0.0	0.0	0.069
5333	0.0	0.0	0.207
5334	0.0	0.0	0.520
5335	0.0	0.0	1.405
5336	0.0	0.0	1.504
5337	0.0	0.0	1.511
5338	0.0	0.0	1.583
5339	0.0	0.0	1.511
5340	0.0	0.0	1.465
5341	0.0	0.0	1.356
5342	0.0	0.0	1.191
5343	0.0	0.0	1.086
5344	0.0	0.0	1.014
5345	0.0	0.0	1.053
5346	0.0	0.0	1.307
5347	0.0	0.0	1.458
5348	0.0	0.0	1.804
5349	0.0	0.0	1.853
5350	0.0	0.0	1.728
5351	0.0	0.0	1.040
5352	0.0	0.0	0.652
5353	0.0	0.0	0.451
5354	0.0	0.0	0.244
5355	0.0	0.0	0.095
5356	0.0	0.0	0.069
5357	0.0	0.0	0.207
5358	0.0	0.0	0.520
5359	0.0	0.0	1.405
5360	0.0	0.0	1.504
5361	0.0	0.0	1.511
5362	0.0	0.0	1.583
5363	0.0	0.0	1.511
5364	0.0	0.0	1.465
5365	0.0	0.0	1.356
5366	0.0	0.0	1.191
5367	0.0	0.0	1.086
5368	0.0	0.0	1.014
5369	0.0	0.0	1.053
5370	0.0	0.0	1.307
5371	0.0	0.0	1.458
5372	0.0	0.0	1.804
5373	0.0	0.0	1.853
5374	0.0	0.0	1.728
5375	0.0	0.0	1.040
5376	0.0	0.0	0.652
5377	0.0	0.0	0.451
5378	0.0	0.0	0.244
5379	0.0	0.0	0.095
5380	0.0	0.0	0.069
5381	0.0	0.0	0.207
5382	0.0	0.0	0.520
5383	0.0	0.0	1.405
5384	0.0	0.0	1.504
5385	0.0	0.0	1.511
5386	0.0	0.0	1.583
5387	0.0	0.0	1.511
5388	0.0	0.0	1.465
5389	0.0	0.0	1.356
5390	0.0	0.0	1.191
5391	0.0	0.0	1.086
5392	0.0	0.0	1.014
5393	0.0	0.0	1.053
5394	0.0	0.0	1.307
5395	0.0	0.0	1.458
5396	0.0	0.0	1.804
5397	0.0	0.0	1.853
5398	0.0	0.0	1.728
5399	0.0	0.0	1.040
5400	0.0	0.0	0.652
5401	0.0	0.0	0.451
5402	0.0	0.0	0.244
5403	0.0	0.0	0.095
5404	0.0	0.0	0.069
5405	0.0	0.0	0.207
5406	0.0	0.0	0.520
5407	0.0	0.0	1.405
5408	0.0	0.0	1.504
5409	0.0	0.0	1.511
5410	0.0	0.0	1.583
5411	0.0	0.0	1.511
5412	0.0	0.0	1.465
5413	0.0	0.0	1.356
5414	0.0	0.0	1.191
5415	0.0	0.0	1.086
5416	0.0	0.0	1.014
5417	0.0	0.0	1.053
5418	0.0	0.0	1.307
5419	0.0	0.0	1.458
5420	0.0	0.0	1.804
5421	0.0	0.0	1.853
5422	0.0	0.0	1.728
5423	0.0	0.0	1.040
5424	0.0	0.0	0.652
5425	0.0	0.0	0.451
5426	0.0	0.0	0.244
5427	0.0	0.0	0.095
5428	0.0	0.0	0.069
5429	0.0	0.0	0.207
5430	0.0	0.0	0.520
5431	0.0	0.0	1.405
5432	0.0	0.0	1.504
5433	0.0	0.0	1.511
5434	0.0	0.0	1.583
5435	0.0	0.0	1.511
5436	0.0	0.0	1.465
5437	0.0	0.0	1.356
5438	0.0	0.0	1.191
5439	0.0	0.0	1.086
5440	0.0	0.0	1.014
5441	0.0	0.0	1.053
5442	0.0	0.0	1.307
5443	0.0	0.0	1.458
5444	0.0	0.0	1.804
5445	0.0	0.0	1.853
5446	0.0	0.0	1.728
5447	0.0	0.0	1.040
5448	0.0	0.0	0.652
5449	0.0	0.0	0.451
5450	0.0	0.0	0.244
5451	0.0	0.0	0.095
5452	0.0	0.0	0.069
5453	0.0	0.0	0.207
5454	0.0	0.0	0.520
5455	0.0	0.0	1.405
5456	0.0	0.0	1.504
5457	0.0	0.0	1.511
5458	0.0	0.0	1.583
5459	0.0	0.0	1.511
5460	0.0	0.0	1.465
5461	0.0	0.0	1.356
5462	0.0	0.0	1.191
5463	0.0	0.0	1.086
5464	0.0	0.0	1.014
5465	0.0	0.0	1.053
5466	0.0	0.0	1.307
5467	0.0	0.0	1.458
5468	0.0	0.0	1.804
5469	0.0	0.0	1.853
5470	0.0	0.0	1.728
5471	0.0	0.0	1.040
5472	0.0	0.0	0.652
5473	0.0	0.0	0.451
5474	0.0	0.0	0.244
5475	0.0	0.0	0.095
5476	0.0	0.0	0.069
5477	0.0	0.0	0.207
5478	0.0	0.0	0.520
5479	0.0	0.0	1.405
5480	0.0	0.0	1.504
5481	0.0	0.0	1.511
5482	0.0	0.0	1.583
5483	0.0	0.0	1.511
5484	0.0	0.0	1.465
5485	0.0	0.0	1.356
5486	0.0	0.0	1.191
5487	0.0	0.0	1.086
5488	0.0	0.0	1.014
5489	0.0	0.0	1.053
5490	0.0	0.0	1.307
5491	0.0	0.0	1.458
5492	0.0	0.0	1.804
5493	0.0	0.0	1.853
5494	0.0	0.0	1.728
5495	0.0	0.0	1.040
5496	0.0	0.0	0.652
5497	0.0	0.0	0.451
5498	0.0	0.0	0.244
5499	0.0	0.0	0.095
5500	0.0	0.0	0.069
5501	0.0	0.0	0.207
5502	0.0	0.0	0.520
5503	0.0	0.0	1.405
5504	0.0	0.0	1.504
5505	0.0	0.0	1.511
5506	0.0	0.0	1.583
5507	0.0	0.0	1.511
5508	0.0	0.0	1.465
5509	0.0	0.0	1.356
5510	0.0	0.0	1.191
5511	0.0	0.0	1.086
5512	0.0	0.0	1.014
5513	0.0	0.0	1.053
5514	0.0	0.0	1.307
5515	0.0	0.0	1.458
5516	0.0	0.0	1.804
5517	0.0	0.0	1.853
5518	0.0	0.0	1.728
5519	0.0	0.0	1.040
5520	0.0	0.0	0.652
5521	0.0	0.0	0.451
5522	0.0	0.0	0.244
5523	0.0	0.0	0.095
5524	0.0	0.0	0.069
5525	0.0	0.0	0.207
5526	0.0	0.0	0.520
5527	0.0	0.0	1.405
5528	0.0	0.0	1.504
5529	0.0	0.0	1.511
5530	0.0	0.0	1.583
5531	0.0	0.0	1.511
5532	0.0	0.0	1.465
5533	0.0	0.0	1.356
5534	0.0	0.0	1.191
5535	0.0	0.0	1.086
5536	0.0	0.0	1.014
5537	0.0	0.0	1.053
5538	0.0	0.0	1.307
5539	0.0	0.0	1.458
5540	0.0	0.0	1.804
5541	0.0	0.0	1.853
5542	0.0	0.0	1.728
5543	0.0	0.0	1.040
5544	0.0	0.0	0.652
5545	0.0	0.0	0.451
5546	0.0	0.0	0.244
5547	0.0	0.0	0.095
5548	0.0	0.0	0.069
5549	0.0	0.0	0.207
5550	0.0	0.0	0.520
5551	0.0	0.0	1.405
5552	0.0	0.0	1.504
5553	0.0	0.0	1.511
5554	0.0	0.0	1.583
5555	0.0	0.0	1.511
5556	0.0	0.0	1.465
5557	0.0	0.0	1.356
5558	0.0	0.0	1.191
5559	0.0	0.0	1.086
5560	0.0	0.0	1.014
5561	0.0	0.0	1.053
5562	0.0	0.0	1.307
5563	0.0	0.0	1.458
5564	0.0	0.0	1.804
5565	0.0	0.0	1.853
5566	0.0	0.0	1.728
5567	0.0	0.0	1.040
5568	0.0	0.0	0.652
5569	0.0	0.0	0.451
5570	0.0	0.0	0.244
5571	0.0	0.0	0.095
5572	0.0	0.0	0.069
5573	0.0	0.0	0.207
5574	0.0	0.0	0.520
5575	0.0	0.0	1.405
5576	0.0	0.0	1.504
5577	0.0	0.0	1.511
5578	0.0	0.0	1.583
5579	0.0	0.0	1.511
5580	0.0	0.0	1.465
5581	0.0	0.0	1.356
5582	0.0	0.0	1.191
5583	0.0	0.0	1.086
5584	0.0	0.0	1.014
5585	0.0	0.0	1.053
5586	0.0	0.0	1.307
5587	0.0	0.0	1.458
5588	0.0	0.0	1.804
5589	0.0	0.0	1.853
5590	0.0	0.0	1.728
5591	0.0	0.0	1.040
5592	0.0	0.0	0.652
5593	0.0	0.0	0.451
5594	0.0	0.0	0.244
5595	0.0	0.0	0.095
5596	0.0	0.0	0.069
5597	0.0	0.0	0.207
5598	0.0	0.0	0.520
5599	0.0	0.0	1.405
5600	0.0	0.0	1.504
5601	0.0	0.0	1.511
5602	0.0	0.0	1.583
5603	0.0	0.0	1.511
5604	0.0	0.0	1.465
5605	0.0	0.0	1.356
5606	0.0	0.0	1.191
5607	0.0	0.0	1.086
5608	0.0	0.0	1.014
5609	0.0	0.0	1.053
5610	0.0	0.0	1.307
5611	0.0	0.0	1.458
5612	0.0	0.0	1.804
5613	0.0	0.0	1.853
5614	0.0	0.0	1.728
5615	0.0	0.0	1.040
5616	0.0	0.0	0.652
5617	0.0	0.0	0.451
5618	0.0	0.0	0.244
5619	0.0	0.0	0.095
5620	0.0	0.0	0.069
5621	0.0	0.0	0.207
5622	0.0	0.0	0.520
5623	0.0	0.0	1.405
5624	0.0	0.0	1.504
5625	0.0	0.0	1.511
5626	0.0	0.0	1.583
5627	0.0	0.0	1.511
5628	0.0	0.0	1.465
5629	0.0	0.0	1.356
5630	0.0	0.0	1.191
5631	0.0	0.0	1.086
5632	0.0	0.0	1.014
5633	0.0	0.0	1.053
5634	0.0	0.0	1.307
5635	0.0	0.0	1.458
5636	0.0	0.0	1.804
5637	0.0	0.0	1.853
5638	0.0	0.0	1.728
5639	0.0	0.0	1.040
5640	0.0	0.0	0.652
5641	0.0	0.0	0.451
5642	0.0	0.0	0.244
5643	0.0	0.0	0.095
5644	0.0	0.0	0.069
5645	0.0	0.0	0.207
5646	0.0	0.0	0.520
5647	0.0	0.0	1.405
5648	0.0	0.0	1.504
5649	0.0	0.0	1.511
5650	0.0	0.0	1.583
5651	0.0	0.0	1.511
5652	0.0	0.0	1.465
5653	0.0	0.0	1.356
5654	0.0	0.0	1.191
5655	0.0	0.0	1.086
5656	0.0	0.0	1.014
5657	0.0	0.0	1.053
5658	0.0	0.0	1.307
5659	0.0	0.0	1.458
5660	0.0	0.0	1.804
5661	0.0	0.0	1.853
5662	0.0	0.0	1.728
5663	0.0	0.0	1.040
5664	0.0	0.0	0.652
5665	0.0	0.0	0.451
5666	0.0	0.0	0.244
5667	0.0	0.0	0.095
5668	0.0	0.0	0.069
5669	0.0	0.0	0.207
5670	0.0	0.0	0.520
5671	0.0	0.0	1.405
5672	0.0	0.0	1.504
5673	0.0	0.0	1.511
5674	0.0	0.0	1.583
5675	0.0	0.0	1.511
5676	0.0	0.0	1.465
5677	0.0	0.0	1.356
5678	0.0	0.0	1.191
5679	0.0	0.0	1.086
5680	0.0	0.0	1.014
5681	0.0	0.0	1.053
5682	0.0	0.0	1.307
5683	0.0	0.0	1.458
5684	0.0	0.0	1.804
5685	0.0	0.0	1.853
5686	0.0	0.0	1.728
5687	0.0	0.0	1.040
5688	0.0	0.0	0.652
5689	0.0	0.0	0.451
5690	0.0	0.0	0.244
5691	0.0	0.0	0.095
5692	0.0	0.0	0.069
5693	0.0	0.0	0.207
5694	0.0	0.0	0.520
5695	0.0	0.0	1.405
5696	0.0	0.0	1.504
5697	0.0	0.0	1.511
5698	0.0	0.0	1.583
5699	0.0	0.0	1.511
5700	0.0	0.0	1.465
5701	0.0	0.0	1.356
5702	0.0	0.0	1.191
5703	0.0	0.0	1.086
5704	0.0	0.0	1.014
5705	0.0	0.0	1.053
5706	0.0	0.0	1.307
5707	0.0	0.0	1.458
5708	0.0	0.0	1.804
5709	0.0	0.0	1.853
5710	0.0	0.0	1.728
5711	0.0	0.0	1.040
5712	0.0	0.0	0.652
5713	0.0	0.0	0.451
5714	0.0	0.0	0.244
5715	0.0	0.0	0.095
5716	0.0	0.0	0.069
5717	0.0	0.0	0.207
5718	0.0	0.0	0.520
5719	0.0	0.0	1.405
5720	0.0	0.0	1.504
5721	0.0	0.0	1.511
5722	0.0	0.0	1.583
5723	0.0	0.0	1.511
5724	0.0	0.0	1.465
5725	0.0	0.0	1.356
5726	0.0	0.0	1.191
5727	0.0	0.0	1.086
5728	0.0	0.0	1.014
5729	0.0	0.0	1.053
5730	0.0	0.0	1.307
5731	0.0	0.0	1.458
5732	0.0	0.0	1.804
5733	0.0	0.0	1.853
5734	0.0	0.0	1.728
5735	0.0	0.0	1.040
5736	0.0	0.0	0.652
5737	0.0	0.0	0.451
5738	0.0	0.0	0.244
5739	0.0	0.0	0.095
5740	0.0	0.0	0.069
5741	0.0	0.0	0.207
5742	0.0	0.0	0.520
5743	0.0	0.0	1.405
5744	0.0	0.0	1.504
5745	0.0	0.0	1.511
5746	0.0	0.0	1.583
5747	0.0	0.0	1.511
5748	0.0	0.0	1.465
5749	0.0	0.0	1.356
5750	0.0	0.0	1.191
5751	0.0	0.0	1.086
5752	0.0	0.0	1.014
5753	0.0	0.0	1.053
5754	0.0	0.0	1.307
5755	0.0	0.0	1.458
5756	0.0	0.0	1.804
5757	0.0	0.0	1.853
5758	0.0	0.0	1.728
5759	0.0	0.0	1.040
5760	0.0	0.0	0.652
5761	0.0	0.0	0.451
5762	0.0	0.0	0.244
5763	0.0	0.0	0.095
5764	0.0	0.0	0.069
5765	0.0	0.0	0.207
5766	0.0	0.0	0.520
5767	0.0	0.0	1.405
5768	0.0	0.0	1.504
5769	0.0	0.0	1.511
5770	0.0	0.0	1.583
5771	0.0	0.0	1.511
5772	0.0	0.0	1.465
5773	0.0	0.0	1.356
5774	0.0	0.0	1.191
5775	0.0	0.0	1.086
5776	0.0	0.0	1.014
5777	0.0	0.0	1.053
5778	0.0	0.0	1.307
5779	0.0	0.0	1.458
5780	0.0	0.0	1.804
5781	0.0	0.0	1.853
5782	0.0	0.0	1.728
5783	0.0	0.0	1.040
5784	0.0	0.0	0.652
5785	0.0	0.0	0.451
5786	0.0	0.0	0.244
5787	0.0	0.0	0.095
5788	0.0	0.0	0.069
5789	0.0	0.0	0.207
5790	0.0	0.0	0.520
5791	0.0	0.0	1.405
5792	0.0	0.0	1.504
5793	0.0	0.0	1.511
5794	0.0	0.0	1.583
5795	0.0	0.0	1.511
5796	0.0	0.0	1.465
5797	0.0	0.0	1.356
5798	0.0	0.0	1.191
5799	0.0	0.0	1.086
5800	0.0	0.0	1.014
5801	0.0	0.0	1.053
5802	0.0	0.0	1.307
5803	0.0	0.0	1.458
5804	0.0	0.0	1.804
5805	0.0	0.0	1.853
5806	0.0	0.0	1.728
5807	0.0	0.0	1.040
5808	0.0	0.0	0.652
5809	0.0	0.0	0.451
5810	0.0	0.0	0.244
5811	0.0	0.0	0.095
5812	0.0	0.0	0.069
5813	0.0	0.0	0.207
5814	0.0	0.0	0.520
5815	0.0	0.0	1.405
5816	0.0	0.0	1.504
5817	0.0	0.0	1.511
5818	0.0	0.0	1.583
5819	0.0	0.0	1.511
5820	0.0	0.0	1.465
5821	0.0	0.0	1.356
5822	0.0	0.0	1.191
5823	0.0	0.0	1.086
5824	0.0	0.0	1.014
5825	0.0	0.0	1.053
5826	0.0	0.0	1.307
5827	0.0	0.0	1.458
5828	0.0	0.0	1.804
5829	0.0	0.0	1.853
5830	0.0	0.0	1.728
5831	0.0	0.0	1.040
5832	0.0	0.0	0.652
5833	0.0	0.0	0.451
5834	0.0	0.0	0.244
5835	0.0	0.0	0.095
5836	0.0	0.0	0.069
5837	0.0	0.0	0.207
5838	0.0	0.0	0.520
5839	0.0	0.0	1.405
5840	0.0	0.0	1.504
5841	0.0	0.0	1.511
5842	0.0	0.0	1.583
5843	0.0	0.0	1.511
5844	0.0	0.0	1.465
5845	0.0	0.0	1.356
5846	0.0	0.0	1.191
5847	0.0	0.0	1.086
5848	0.0	0.0	1.014
5849	0.0	0.0	1.053
5850	0.0	0.0	1.307
5851	0.0	0.0	1.458
5852	0.0	0.0	1.804
5853	0.0	0.0	1.853
5854	0.0	0.0	1.728
5855	0.0	0.0	1.040
5856	0.0	0.0	0.652
5857	0.0	0.0	0.451
5858	0.0	0.0	0.244
5859	0.0	0.0	0.095
5860	0.0	0.0	0.069
5861	0.0	0.0	0.207
5862	0.0	0.0	0.520
5863	0.0	0.0	1.405
5864	0.0	0.0	1.504
5865	0.0	0.0	1.511
5866	0.0	0.0	1.583
5867	0.0	0.0	1.511
5868	0.0	0.0	1.465
5869	0.0	0.0	1.356
5870	0.0	0.0	1.191
5871	0.0	0.0	1.086
5872	0.0	0.0	1.014
5873	0.0	0.0	1.053
5874	0.0	0.0	1.307
5875	0.0	0.0	1.458
5876	0.0	0.0	1.804
5877	0.0	0.0	1.853
5878	0.0	0.0	1.728
5879	0.0	0.0	1.040
5880	0.0	0.0	0.652
5881	0.0	0.0	0.451
5882	0.0	0.0	0.244
5883	0.0	0.0	0.095
5884	0.0	0.0	0.069
5885	0.0	0.0	0.207
5886	0.0	0.0	0.520
5887	0.0	0.0	1.405
5888	0.0	0.0	1.504
5889	0.0	0.0	1.511
5890	0.0	0.0	1.583
5891	0.0	0.0	1.511
5892	0.0	0.0	1.465
5893	0.0	0.0	1.356
5894	0.0	0.0	1.191
5895	0.0	0.0	1.086
5896	0.0	0.0	1.014
5897	0.0	0.0	1.053
5898	0.0	0.0	1.307
5899	0.0	0.0	1.458
5900	0.0	0.0	1.804
5901	0.0	0.0	1.853
5902	0.0	0.0	1.728
5903	0.0	0.0	1.040
5904	0.0	0.0	0.652
5905	0.0	0.0	0.451
5906	0.0	0.0	0.244
5907	0.0	0.0	0.095
5908	0.0	0.0	0.069
5909	0.0	0.0	0.207
5910	0.0	0.0	0.520
5911	0.0	0.0	1.405
5912	0.0	0.0	1.504
5913	0.0	0.0	1.511
5914	0.0	0.0	1.583
5915	0.0	0.0	1.511
5916	0.0	0.0	1.465
5917	0.0	0.0	1.356
5918	0.0	0.0	1.191
5919	0.0	0.0	1.086
5920	0.0	0.0	1.014
5921	0.0	0.0	1.053
5922	0.0	0.0	1.307
5923	0.0	0.0	1.458
5924	0.0	0.0	1.804
5925	0.0	0.0	1.853
5926	0.0	0.0	1.728
5927	0.0	0.0	1.040
5928	0.0	0.0	0.652
5929	0.0	0.0	0.451
5930	0.0	0.0	0.244
5931	0.0	0.0	0.095
5932	0.0	0.0	0.069
5933	0.0	0.0	0.207
5934	0.0	0.0	0.520
5935	0.0	0.0	1.405
5936	0.0	0.0	1.504
5937	0.0	0.0	1.511
5938	0.0	0.0	1.583
5939	0.0	0.0	1.511
5940	0.0	0.0	1.465
5941	0.0	0.0	1.356
5942	0.0	0.0	1.191
5943	0.0	0.0	1.086
5944	0.0	0.0	1.014
5945	0.0	0.0	1.053
5946	0.0	0.0	1.307
5947	0.0	0.0	1.458
5948	0.0	0.0	1.804
5949	0.0	0.0	1.853
5950	0.0	0.0	1.728
5951	0.0	0.0	1.040
5952	0.0	0.0	0.652
5953	0.0	0.0	0.451
5954	0.0	0.0	0.244
5955	0.0	0.0	0.095
5956	0.0	0.0	0.069
5957	0.0	0.0	0.207
5958	0.0	0.0	0.520
5959	0.0	0.0	1.405
5960	0.0	0.0	1.504
5961	0.0	0.0	1.511
5962	0.0	0.0	1.583
5963	0.0	0.0	1.511
5964	0.0	0.0	1.465
5965	0.0	0.0	1.356
5966	0.0	0.0	1.191
5967	0.0	0.0	1.086
5968	0.0	0.0	1.014
5969	0.0	0.0	1.053
5970	0.0	0.0	1.307
5971	0.0	0.0	1.458
5972	0.0	0.0	1.804
5973	0.0	0.0	1.853
5974	0.0	0.0	1.728
5975	0.0	0.0	1.040
5976	0.0	0.0	0.652
5977	0.0	0.0	0.451
5978	0.0	0.0	0.244
5979	0.0	0.0	0.095
5980	0.0	0.0	0.069
5981	0.0	0.0	0.207
5982	0.0	0.0	0.520
5983	0.0	0.0	1.405
5984	0.0	0.0	1.504
5985	0.0	0.0	1.511
5986	0.0	0.0	1.583
5987	0.0	0.0	1.511
5988	0.0	0.0	1.465
5989	0.0	0.0	1.356
5990	0.0	0.0	1.191
5991	0.0	0.0	1.086
5992	0.0	0.0	1.014
5993	0.0	0.0	1.053
5994	0.0	0.0	1.307
5995	0.0	0.0	1.458
5996	0.0	0.0	1.804
5997	0.0	0.0	1.853
5998	0.0	0.0	1.728
5999	0.0	0.0	1.040
6000	0.0	0.0	0.652
6001	0.0	0.0	0.451
6002	0.0	0.0	0.244
6003	0.0	0.0	0.095
6004	0.0	0.0	0.069
6005	0.0	0.0	0.207
6006	0.0	0.0	0.520
6007	0.0	0.0	1.405
6008	0.0	0.0	1.504
6009	0.0	0.0	1.511
6010	0.0	0.0	1.583
6011	0.0	0.0	1.511
6012	0.0	0.0	1.465
6013	0.0	0.0	1.356
6014	0.0	0.0	1.191
6015	0.0	0.0	1.086
6016	0.0	0.0	1.014
6017	0.0	0.0	1.053
6018	0.0	0.0	1.307
6019	0.0	0.0	1.458
6020	0.0	0.0	1.804
6021	0.0	0.0	1.853
6022	0.0	0.0	1.728
6023	0.0	0.0	1.040
6024	0.0	0.0	0.652
6025	0.0	0.0	0.451
6026	0.0	0.0	0.244
6027	0.0	0.0	0.095
6028	0.0	0.0	0.069
6029	0.0	0.0	0.207
6030	0.0	0.0	0.520
6031	0.0	0.0	1.405
6032	0.0	0.0	1.504
6033	0.0	0.0	1.511
6034	0.0	0.0	1.583
6035	0.0	0.0	1.511
6036	0.0	0.0	1.465
6037	0.0	0.0	1.356
6038	0.0	0.0	1.191
6039	0.0	0.0	1.086
6040	0.0	0.0	1.014
6041	0.0	0.0	1.053
6042	0.0	0.0	1.307
6043	0.0	0.0	1.458
6044	0.0	0.0	1.804
6045	0.0	0.0	1.853
6046	0.0	0.0	1.728
6047	0.0	0.0	1.040
6048	0.0	0.0	0.652
6049	0.0	0.0	0.451
6050	0.0	0.0	0.244
6051	0.0	0.0	0.095
6052	0.0	0.0	0.069
6053	0.0	0.0	0.207
6054	0.0	0.0	0.520
6055	0.0	0.0	1.405
6056	0.0	0.0	1.504
6057	0.0	0.0	1.511
6058	0.0	0.0	1.583
6059	0.0	0.0	1.511
6060	0.0	0.0	1.465
6061	0.0	0.0	1.356
6062	0.0	0.0	1.191
6063	0.0	0.0	1.086
6064	0.0	0.0	1.014
6065	0.0	0.0	1.053
6066	0.0	0.0	1.307
6067	0.0	0.0	1.458
6068	0.0	0.0	1.804
6069	0.0	0.0	1.853
6070	0.0	0.0	1.728
6071	0.0	0.0	1.040
6072	0.0	0.0	0.652
6073	0.0	0.0	0.451
6074	0.0	0.0	0.244
6075	0.0	0.0	0.095
6076	0.0	0.0	0.069
6077	0.0	0.0	0.207
6078	0.0	0.0	0.520
6079	0.0	0.0	1.405
6080	0.0	0.0	1.504
6081	0.0	0.0	1.511
6082	0.0	0.0	1.583
6083	0.0	0.0	1.511
6084	0.0	0.0	1.465
6085	0.0	0.0	1.356
6086	0.0	0.0	1.191
6087	0.0	0.0	1.086
6088	0.0	0.0	1.014
6089	0.0	0.0	1.053
6090	0.0	0.0	1.307
6091	0.0	0.0	1.458
6092	0.0	0.0	1.804
6093	0.0	0.0	1.853
6094	0.0	0.0	1.728
6095	0.0	0.0	1.040
6096	0.0	0.0	0.652
6097	0.0	0.0	0.451
6098	0.0	0.0	0.244
6099	0.0	0.0	0.095
6100	0.0	0.0	0.069
6101	0.0	0.0	0.207
6102	0.0	0.0	0.520
6103	0.0	0.0	1.405
6104	0.0	0.0	1.504
6105	0.0	0.0	1.511
6106	0.0	0.0	1.583
6107	0.0	0.0	1.511
6108	0.0	0.0	1.465
6109	0.0	0.0	1.356
6110	0.0	0.0	1.191
6111	0.0	0.0	1.086
6112	0.0	0.0	1.014
6113	0.0	0.0	1.053
6114	0.0	0.0	1.307
6115	0.0	0.0	1.458
6116	0.0	0.0	1.804
6117	0.0	0.0	1.853
6118	0.0	0.0	1.728
6119	0.0	0.0	1.040
6120	0.0	0.0	0.652
6121	0.0	0.0	0.451
6122	0.0	0.0	0.244
6123	0.0	0.0	0.095
6124	0.0	0.0	0.069
6125	0.0	0.0	0.207
6126	0.0	0.0	0.520
6127	0.0	0.0	1.405
6128	0.0	0.0	1.504
6129	0.0	0.0	1.511
6130	0.0	0.0	1.583
6131	0.0	0.0	1.511
6132	0.0	0.0	1.465
6133	0.0	0.0	1.356
6134	0.0	0.0	1.191
6135	0.0	0.0	1.086
6136	0.0	0.0	1.014
6137	0.0	0.0	1.053
6138	0.0	0.0	1.307
6139	0.0	0.0	1.458
6140	0.0	0.0	1.804
6141	0.0	0.0	1.853
6142	0.0	0.0	1.728
6143	0.0	0.0	1.040
6144	0.0	0.0	0.652
6145	0.0	0.0	0.451
6146	0.0	0.0	0.244
6147	0.0	0.0	0.095
6148	0.0	0.0	0.069
6149	0.0	0.0	0.207
6150	0.0	0.0	0.520
6151	0.0	0.0	1.405
6152	0.0	0.0	1.504
6153	0.0	0.0	1.511
6154	0.0	0.0	1.583
6155	0.0	0.0	1.511
6156	0.0	0.0	1.465
6157	0.0	0.0	1.356
6158	0.0	0.0	1.191
6159	0.0	0.0	1.086
6160	0.0	0.0	1.014
6161	0.0	0.0	1.053
6162	0.0	0.0	1.307
6163	0.0	0.0	1.458
6164	0.0	0.0	1.804
6165	0.0	0.0	1.853
6166	0.0	0.0	1.728
6167	0.0	0.0	1.040
6168	0.0	0.0	0.652
6169	0.0	0.0	0.451
6170	0.0	0.0	0.244
6171	0.0	0.0	0.095
6172	0.0	0.0	0.069
6173	0.0	0.0	0.207
6174	0.0	0.0	0.520
6175	0.0	0.0	1.405
6176	0.0	0.0	1.504
6177	0.0	0.0	1.511
6178	0.0	0.0	1.583
6179	0.0	0.0	1.511
6180	0.0	0.0	1.465
6181	0.0	0.0	1.356
6182	0.0	0.0	1.191
6183	0.0	0.0	1.086
6184	0.0	0.0	1.014
6185	0.0	0.0	1.053
6186	0.0	0.0	1.307
6187	0.0	0.0	1.458
6188	0.0	0.0	1.804
6189	0.0	0.0	1.853
6190	0.0	0.0	1.728
6191	0.0	0.0	1.040
6192	0.0	0.0	0.652
6193	0.0	0.0	0.451
6194	0.0	0.0	0.244
6195	0.0	0.0	0.095
6196	0.0	0.0	0.069
6197	0.0	0.0	0.207
6198	0.0	0.0	0.520
6199	0.0	0.0	1.405
6200	0.0	0.0	1.504
6201	0.0	0.0	1.511
6202	0.0	0.0	1.583
6203	0.0	0.0	1.511
6204	0.0	0.0	1.465
6205	0.0	0.0	1.356
6206	0.0	0.0	1.191
6207	0.0	0.0	1.086
6208	0.0	0.0	1.014
6209	0.0	0.0	1.053
6210	0.0	0.0	1.307
6211	0.0	0.0	1.458
6212	0.0	0.0	1.804
6213	0.0	0.0	1.853
6214	0.0	0.0	1.728
6215	0.0	0.0	1.040
6216	0.0	0.0	0.652
6217	0.0	0.0	0.451
6218	0.0	0.0	0.244
6219	0.0	0.0	0.095
6220	0.0	0.0	0.069
6221	0.0	0.0	0.207
6222	0.0	0.0	0.520
6223	0.0	0.0	1.405
6224	0.0	0.0	1.504
6225	0.0	0.0	1.511
6226	0.0	0.0	1.583
6227	0.0	0.0	1.511
6228	0.0	0.0	1.465
6229	0.0	0.0	1.356
6230	0.0	0.0	1.191
6231	0.0	0.0	1.086
6232	0.0	0.0	1.014
6233	0.0	0.0	1.053
6234	0.0	0.0	1.307
6235	0.0	0.0	1.458
6236	0.0	0.0	1.804
6237	0.0	0.0	1.853
6238	0.0	0.0	1.728
6239	0.0	0.0	1.040
6240	0.0	0.0	0.652
6241	0.0	0.0	0.451
6242	0.0	0.0	0.244
6243	0.0	0.0	0.095
6244	0.0	0.0	0.069
6245	0.0	0.0	0.207
6246	0.0	0.0	0.520
6247	0.0	0.0	1.405
6248	0.0	0.0	1.504
6249	0.0	0.0	1.511
6250	0.0	0.0	1.583
6251	0.0	0.0	1.511
6252	0.0	0.0	1.465
6253	0.0	0.0	1.356
6254	0.0	0.0	1.191
6255	0.0	0.0	1.086
6256	0.0	0.0	1.014
6257	0.0	0.0	1.053
6258	0.0	0.0	1.307
6259	0.0	0.0	1.458
6260	0.0	0.0	1.804
6261	0.0	0.0	1.853
6262	0.0	0.0	1.728
6263	0.0	0.0	1.040
6264	0.0	0.0	0.652
6265	0.0	0.0	0.451
6266	0.0	0.0	0.244
6267	0.0	0.0	0.095
6268	0.0	0.0	0.069
6269	0.0	0.0	0.207
6270	0.0	0.0	0.520
6271	0.0	0.0	1.405
6272	0.0	0.0	1.504
6273	0.0	0.0	1.511
6274	0.0	0.0	1.583
6275	0.0	0.0	1.511
6276	0.0	0.0	1.465
6277	0.0	0.0	1.356
6278	0.0	0.0	1.191
6279	0.0	0.0	1.086
6280	0.0	0.0	1.014
6281	0.0	0.0	1.053
6282	0.0	0.0	1.307
6283	0.0	0.0	1.458
6284	0.0	0.0	1.804
6285	0.0	0.0	1.853
6286	0.0	0.0	1.728
6287	0.0	0.0	1.040
6288	0.0	0.0	0.652
6289	0.0	0.0	0.451
6290	0.0	0.0	0.244
6291	0.0	0.0	0.095
6292	0.0	0.0	0.069
6293	0.0	0.0	0.207
6294	0.0	0.0	0.520
6295	0.0	0.0	1.405
6296	0.0	0.0	1.504
6297	0.0	0.0	1.511
6298	0.0	0.0	1.583
6299	0.0	0.0	1.511
6300	0.0	0.0	1.465
6301	0.0	0.0	1.356
6302	0.0	0.0	1.191
6303	0.0	0.0	1.086
6304	0.0	0.0	1.014
6305	0.0	0.0	1.053
6306	0.0	0.0	1.307
6307	0.0	0.0	1.458
6308	0.0	0.0	1.804
6309	0.0	0.0	1.853
6310	0.0	0.0	1.728
6311	0.0	0.0	1.040
6312	0.0	0.0	0.652
6313	0.0	0.0	0.451
6314	0.0	0.0	0.244
6315	0.0	0.0	0.095
6316	0.0	0.0	0.069
6317	0.0	0.0	0.207
6318	0.0	0.0	0.520
6319	0.0	0.0	1.405
6320	0.0	0.0	1.504
6321	0.0	0.0	1.511
6322	0.0	0.0	1.583
6323	0.0	0.0	1.511
6324	0.0	0.0	1.465
6325	0.0	0.0	1.356
6326	0.0	0.0	1.191
6327	0.0	0.0	1.086
6328	0.0	0.0	1.014
6329	0.0	0.0	1.053
6330	0.0	0.0	1.307
6331	0.0	0.0	1.458
6332	0.0	0.0	1.804
6333	0.0	0.0	1.853
6334	0.0	0.0	1.728
6335	0.0	0.0	1.040
6336	0.0	0.0	0.652
6337	0.0	0.0	0.451
6338	0.0	0.0	0.244
6339	0.0	0.0	0.095
6340	0.0	0.0	0.069
6341	0.0	0.0	0.207
6342	0.0	0.0	0.520
6343	0.0	0.0	1.405
6344	0.0	0.0	1.504
6345	0.0	0.0	1.511
6346	0.0	0.0	1.583
6347	0.0	0.0	1.511
6348	0.0	0.0	1.465
6349	0.0	0.0	1.356
6350	0.0	0.0	1.191
6351	0.0	0.0	1.086
6352	0.0	0.0	1.014
6353	0.0	0.0	1.053
6354	0.0	0.0	1.307
6355	0.0	0.0	1.458
6356	0.0	0.0	1.804
6357	0.0	0.0	1.853
6358	0.0	0.0	1.728
6359	0.0	0.0	1.040
6360	0.0	0.0	0.652
6361	0.0	0.0	0.451
6362	0.0	0.0	0.244
6363	0.0	0.0	0.095
6364	0.0	0.0	0.069
6365	0.0	0.0	0.207
6366	0.0	0.0	0.520
6367	0.0	0.0	1.405
6368	0.0	0.0	1.504
6369	0.0	0.0	1.511
6370	0.0	0.0	1.583
6371	0.0	0.0	1.511
6372	0.0	0.0	1.465
6373	0.0	0.0	1.356
6374	0.0	0.0	1.191
6375	0.0	0.0	1.086
6376	0.0	0.0	1.014
6377	0.0	0.0	1.053
6378	0.0	0.0	1.307
6379	0.0	0.0	1.458
6380	0.0	0.0	1.804
6381	0.0	0.0	1.853
6382	0.0	0.0	1.728
6383	0.0	0.0	1.040
6384	0.0	0.0	0.652
6385	0.0	0.0	0.451
6386	0.0	0.0	0.244
6387	0.0	0.0	0.095
6388	0.0	0.0	0.069
6389	0.0	0.0	0.207
6390	0.0	0.0	0.520
6391	0.0	0.0	1.405
6392	0.0	0.0	1.504
6393	0.0	0.0	1.511
6394	0.0	0.0	1.583
6395	0.0	0.0	1.511
6396	0.0	0.0	1.465
6397	0.0	0.0	1.356
6398	0.0	0.0	1.191
6399	0.0	0.0	1.086
6400	0.0	0.0	1.014
6401	0.0	0.0	1.053
6402	0.0	0.0	1.307
6403	0.0	0.0	1.458
6404	0.0	0.0	1.804
6405	0.0	0.0	1.853
6406	0.0	0.0	1.728
6407	0.0	0.0	1.040
6408	0.0	0.0	0.652
6409	0.0	0.0	0.451
6410	0.0	0.0	0.244
6411	0.0	0.0	0.095
6412	0.0	0.0	0.069
6413	0.0	0.0	0.207
6414	0.0	0.0	0.520
6415	0.0	0.0	1.405
6416	0.0	0.0	1.504
6417	0.0	0.0	1.511
6418	0.0	0.0	1.583
6419	0.0	0.0	1.511
6420	0.0	0.0	1.465
6421	0.0	0.0	1.356
6422	0.0	0.0	1.191
6423	0.0	0.0	1.086
6424	0.0	0.0	1.014
6425	0.0	0.0	1.053
6426	0.0	0.0	1.307
6427	0.0	0.0	1.458
6428	0.0	0.0	1.804
6429	0.0	0.0	1.853
6430	0.0	0.0	1.728
6431	0.0	0.0	1.040
6432	0.0	0.0	0.652
6433	0.0	0.0	0.451
6434	0.0	0.0	0.244
6435	0.0	0.0	0.095
6436	0.0	0.0	0.069
6437	0.0	0.0	0.207
6438	0.0	0.0	0.520
6439	0.0	0.0	1.405
6440	0.0	0.0	1.504
6441	0.0	0.0	1.511
6442	0.0	0.0	1.583
6443	0.0	0.0	1.511
6444	0.0	0.0	1.465
6445	0.0	0.0	1.356
6446	0.0	0.0	1.191
6447	0.0	0.0	1.086
6448	0.0	0.0	1.014
6449	0.0	0.0	1.053
6450	0.0	0.0	1.307
6451	0.0	0.0	1.458
6452	0.0	0.0	1.804
6453	0.0	0.0	1.853
6454	0.0	0.0	1.728
6455	0.0	0.0	1.040
6456	0.0	0.0	0.652
6457	0.0	0.0	0.451
6458	0.0	0.0	0.244
6459	0.0	0.0	0.095
6460	0.0	0.0	0.069
6461	0.0	0.0	0.207
6462	0.0	0.0	0.520
6463	0.0	0.0	1.405
6464	0.0	0.0	1.504
6465	0.0	0.0	1.511
6466	0.0	0.0	1.583
6467	0.0	0.0	1.511
6468	0.0	0.0	1.465
6469	0.0	0.0	1.356
6470	0.0	0.0	1.191
6471	0.0	0.0	1.086
6472	0.0	0.0	1.014
6473	0.0	0.0	1.053
6474	0.0	0.0	1.307
6475	0.0	0.0	1.458
6476	0.0	0.0	1.804
6477	0.0	0.0	1.853
6478	0.0	0.0	1.728
6479	0.0	0.0	1.040
6480	0.0	0.0	0.652
6481	0.0	0.0	0.451
6482	0.0	0.0	0.244
6483	0.0	0.0	0.095
6484	0.0	0.0	0.069
6485	0.0	0.0	0.207
6486	0.0	0.0	0.520
6487	0.0	0.0	1.405
6488	0.0	0.0	1.504
6489	0.0	0.0	1.511
6490	0.0	0.0	1.583
6491	0.0	0.0	1.511
6492	0.0	0.0	1.465
6493	0.0	0.0	1.356
6494	0.0	0.0	1.191
6495	0.0	0.0	1.086
6496	0.0	0.0	1.014
6497	0.0	0.0	1.053
6498	0.0	0.0	1.307
6499	0.0	0.0	1.458
6500	0.0	0.0	1.804
6501	0.0	0.0	1.853
6502	0.0	0.0	1.728
6503	0.0	0.0	1.040
6504	0.0	0.0	0.652
6505	0.0	0.0	0.451
6506	0.0	0.0	0.244
6507	0.0	0.0	0.095
6508	0.0	0.0	0.069
6509	0.0	0.0	0.207
6510	0.0	0.0	0.520
6511	0.0	0.0	1.405
6512	0.0	0.0	1.504
6513	0.0	0.0	1.511
6514	0.0	0.0	1.583
6515	0.0	0.0	1.511
6516	0.0	0.0	1.465
6517	0.0	0.0	1.356
6518	0.0	0.0	1.191
6519	0.0	0.0	1.086
6520	0.0	0.0	1.014
6521	0.0	0.0	1.053
6522	0.0	0.0	1.307
6523	0.0	0.0	1.458
6524	0.0	0.0	1.804
6525	0.0	0.0	1.853
6526	0.0	0.0	1.728
6527	0.0	0.0	1.040
6528	0.0	0.0	0.652
6529	0.0	0.0	0.451
6530	0.0	0.0	0.244
6531	0.0	0.0	0.095
6532	0.0	0.0	0.069
6533	0.0	0.0	0.207
6534	0.0	0.0	0.520
6535	0.0	0.0	1.405
6536	0.0	0.0	1.504
6537	0.0	0.0	1.511
6538	0.0	0.0	1.583
6539	0.0	0.0	1.511
6540	0.0	0.0	1.465
6541	0.0	0.0	1.356
6542	0.0	0.0	1.191
6543	0.0	0.0	1.086
6544	0.0	0.0	1.014
6545	0.0	0.0	1.053
6546	0.0	0.0	1.307
6547	0.0	0.0	1.458
6548	0.0	0.0	1.804
6549	0.0	0.0	1.853
6550	0.0	0.0	1.728
6551	0.0	0.0	1.040
6552	0.0	0.0	0.652
6553	0.0	0.0	0.451
6554	0.0	0.0	0.244
6555	0.0	0.0	0.095
6556	0.0	0.0	0.069
6557	0.0	0.0	0.207
6558	0.0	0.0	0.520
6559	0.0	0.0	1.405
6560	0.0	0.0	1.504
6561	0.0	0.0	1.511
6562	0.0	0.0	1.583
6563	0.0	0.0	1.511
6564	0.0	0.0	1.465
6565	0.0	0.0	1.356
6566	0.0	0.0	1.191
6567	0.0	0.0	1.086
6568	0.0	0.0	1.014
6569	0.0	0.0	1.053
6570	0.0	0.0	1.307
6571	0.0	0.0	1.458
6572	0.0	0.0	1.804
6573	0.0	0.0	1.853
6574	0.0	0.0	1.728
6575	0.0	0.0	1.040
6576	0.0	0.0	0.652
6577	2.3	0.0	0.451
6578	2.9	0.0	0.244
6579	3.2	0.0	0.095
6580	3.3	0.0	0.069
6581	3.5	0.0	0.207
6582	3.6	0.0	0.520
6583	3.6	0.0	1.405
6584	3.7	0.0	1.504
6585	3.5	0.0	1.511
6586	3.0	0.0	1.583
6587	2.4	0.0	1.511
6588	2.0	0.0	1.465
6589	1.8	0.0	1.356
6590	1.6	0.0	1.191
6591	0.9	0.0	1.086
6592	1.1	0.0	1.014
6593	1.3	0.0	1.053
6594	2.0	0.0	1.307
6595	2.6	0.0	1.458
6596	3.2	0.0	1.804
6597	3.4	0.0	1.853
6598	3.6	0.0	1.728
6599	4.2	0.0	1.040
6600	4.6	0.0	0.652
6601	5.1	0.0	0.451
6602	5.0	0.0	0.244
6603	5.1	0.0	0.095
6604	5.2	0.0	0.069
6605	5.6	0.0	0.207
6606	6.0	0.0	0.520
6607	5.5	0.0	1.405
6608	5.4	0.0	1.504
6609	4.9	0.0	1.511
6610	4.5	0.0	1.583
6611	4.0	0.0	1.511
6612	3.5	0.0	1.465
6613	3.2	0.0	1.356
6614	2.9	0.0	1.191
6615	2.8	0.0	1.086
6616	3.0	0.0	1.014
6617	3.0	0.0	1.053
6618	3.4	0.0	1.307
6619	3.5	0.0	1.458
6620	3.7	0.0	1.804
6621	3.8	0.0	1.853
6622	3.7	0.0	1.728
6623	3.8	0.0	1.040
6624	4.0	0.0	0.652
6625	3.8	0.0	0.451
6626	4.1	0.0	0.244
6627	4.2	0.0	0.095
6628	4.5	0.0	0.069
6629	4.6	0.0	0.207
6630	4.5	0.0	0.520
6631	4.3	0.0	1.405
6632	4.5	0.0	1.504
6633	4.3	0.0	1.511
6634	3.7	0.0	1.583
6635	3.1	0.0	1.511
6636	2.7	0.0	1.465
6637	2.2	0.0	1.356
6638	2.2	0.0	1.191
6639	2.0	0.0	1.086
6640	2.0	0.0	1.014
6641	2.5	0.0	1.053
6642	2.6	0.0	1.307
6643	3.3	0.0	1.458
6644	3.2	0.0	1.804
6645	3.8	0.0	1.853
6646	4.2	0.0	1.728
6647	4.6	0.0	1.040
6648	5.1	0.0	0.652
6649	5.4	0.0	0.451
6650	5.6	0.0	0.244
6651	5.3	0.0	0.095
6652	5.5	0.0	0.069
6653	5.4	0.0	0.207
6654	5.3	0.0	0.520
6655	5.3	0.0	1.405
6656	5.1	0.0	1.504
6657	4.4	0.0	1.511
6658	3.7	0.0	1.583
6659	3.3	0.0	1.511
6660	2.7	0.0	1.465
6661	2.2	0.0	1.356
6662	1.6	0.0	1.191
6663	1.7	0.0	1.086
6664	1.7	0.0	1.014
6665	2.0	0.0	1.053
6666	2.4	0.0	1.307
6667	2.8	0.0	1.458
6668	2.9	0.0	1.804
6669	3.1	0.0	1.853
6670	3.5	0.0	1.728
6671	3.8	0.0	1.040
6672	3.6	0.0	0.652
6673	3.7	0.0	0.451
6674	4.2	0.0	0.244
6675	4.6	0.0	0.095
6676	4.9	0.0	0.069
6677	5.2	0.0	0.207
6678	5.5	0.0	0.520
6679	5.6	0.0	1.405
6680	5.6	0.0	1.504
6681	5.3	0.0	1.511
6682	4.7	0.0	1.583
6683	4.2	0.0	1.511
6684	4.1	0.0	1.465
6685	3.7	0.0	1.356
6686	3.1	0.0	1.191
6687	2.9	0.0	1.086
6688	3.2	0.0	1.014
6689	3.4	0.0	1.053
6690	4.1	0.0	1.307
6691	4.4	0.0	1.458
6692	4.9	0.0	1.804
6693	5.2	0.0	1.853
6694	5.4	0.0	1.728
6695	5.9	0.0	1.040
6696	6.1	0.0	0.652
6697	6.7	0.0	0.451
6698	6.9	0.0	0.244
6699	7.3	0.0	0.095
6700	7.2	0.0	0.069
6701	7.2	0.0	0.207
6702	7.4	0.0	0.520
6703	7.4	0.0	1.405
6704	7.5	0.0	1.504
6705	7.5	0.0	1.511
6706	6.8	0.0	1.583
6707	6.1	0.0	1.511
6708	5.7	0.0	1.465
6709	5.6	0.0	1.356
6710	5.3	0.0	1.191
6711	5.1	0.0	1.086
6712	5.2	0.0	1.014
6713	5.4	0.0	1.053
6714	5.6	0.0	1.307
6715	5.9	0.0	1.458
6716	5.9	0.0	1.804
6717	6.1	0.0	1.853
6718	6.5	0.0	1.728
6719	6.7	0.0	1.040
6720	6.8	0.0	0.652
6721	6.7	0.0	0.451
6722	6.8	0.0	0.244
6723	6.9	0.0	0.095
6724	6.7	0.0	0.069
6725	6.8	0.0	0.207
6726	7.0	0.0	0.520
6727	7.1	0.0	1.405
6728	7.2	0.0	1.504
6729	6.6	0.0	1.511
6730	5.9	0.0	1.583
6731	5.2	0.0	1.511
6732	4.6	0.0	1.465
6733	4.1	0.0	1.356
6734	3.9	0.0	1.191
6735	3.8	0.0	1.086
6736	4.3	0.0	1.014
6737	4.5	0.0	1.053
6738	4.9	0.0	1.307
6739	5.1	0.0	1.458
6740	5.4	0.0	1.804
6741	5.6	0.0	1.853
6742	6.0	0.0	1.728
6743	5.9	0.0	1.040
6744	6.1	0.0	0.652
6745	6.2	0.0	0.451
6746	6.3	0.0	0.244
6747	6.5	0.0	0.095
6748	6.6	0.0	0.069
6749	6.8	0.0	0.207
6750	6.8	0.0	0.520
6751	6.9	0.0	1.405
6752	6.8	0.0	1.504
6753	6.5	0.0	1.511
6754	6.1	0.0	1.583
6755	5.8	0.0	1.511
6756	5.2	0.0	1.465
6757	5.3	0.0	1.356
6758	5.1	0.0	1.191
6759	4.9	0.0	1.086
6760	4.9	0.0	1.014
6761	5.3	0.0	1.053
6762	5.5	0.0	1.307
6763	5.9	0.0	1.458
6764	6.5	0.0	1.804
6765	6.7	0.0	1.853
6766	7.0	0.0	1.728
6767	7.3	0.0	1.040
6768	7.3	0.0	0.652
6769	7.3	0.0	0.451
6770	7.6	0.0	0.244
6771	7.6	0.0	0.095
6772	7.4	0.0	0.069
6773	7.4	0.0	0.207
6774	7.5	0.0	0.520
6775	7.3	0.0	1.405
6776	7.3	0.0	1.504
6777	7.0	0.0	1.511
6778	6.5	0.0	1.583
6779	5.9	0.0	1.511
6780	5.5	0.0	1.465
6781	4.6	0.0	1.356
6782	4.2	0.0	1.191
6783	4.2	0.0	1.086
6784	4.3	0.0	1.014
6785	4.6	0.0	1.053
6786	4.9	0.0	1.307
6787	5.3	0.0	1.458
6788	5.5	0.0	1.804
6789	5.7	0.0	1.853
6790	5.8	0.0	1.728
6791	6.0	0.0	1.040
6792	6.3	0.0	0.652
6793	6.4	0.0	0.451
6794	6.2	0.0	0.244
6795	6.3	0.0	0.095
6796	6.3	0.0	0.069
6797	6.5	0.0	0.207
6798	6.5	0.0	0.520
6799	6.7	0.0	1.405
6800	6.8	0.0	1.504
6801	6.6	0.0	1.511
6802	6.2	0.0	1.583
6803	6.1	0.0	1.511
6804	5.7	0.0	1.465
6805	5.3	0.0	1.356
6806	5.1	0.0	1.191
6807	5.0	0.0	1.086
6808	4.8	0.0	1.014
6809	4.9	0.0	1.053
6810	4.9	0.0	1.307
6811	5.4	0.0	1.458
6812	5.3	0.0	1.804
6813	5.5	0.0	1.853
6814	5.3	0.0	1.728
6815	5.4	0.0	1.040
6816	5.3	0.0	0.652
6817	5.1	0.0	0.451
6818	4.7	0.0	0.244
6819	4.6	0.0	0.095
6820	4.9	0.0	0.069
6821	4.9	0.0	0.207
6822	4.8	0.0	0.520
6823	4.8	0.0	1.405
6824	4.6	0.0	1.504
6825	4.4	0.0	1.511
6826	4.3	0.0	1.583
6827	4.3	0.0	1.511
6828	4.0	0.0	1.465
6829	3.6	0.0	1.356
6830	3.2	0.0	1.191
6831	3.1	0.0	1.086
6832	3.0	0.0	1.014
6833	2.7	0.0	1.053
6834	2.9	0.0	1.307
6835	2.8	0.0	1.458
6836	3.0	0.0	1.804
6837	2.9	0.0	1.853
6838	2.9	0.0	1.728
6839	2.8	0.0	1.040
6840	2.8	0.0	0.652
6841	2.8	0.0	0.451
6842	3.2	0.0	0.244
6843	3.5	0.0	0.095
6844	3.6	0.0	0.069
6845	4.0	0.0	0.207
6846	4.2	0.0	0.520
6847	4.4	0.0	1.405
6848	4.4	0.0	1.504
6849	4.4	0.0	1.511
6850	4.1	0.0	1.583
6851	3.8	0.0	1.511
6852	3.4	0.0	1.465
6853	3.0	0.0	1.356
6854	2.8	0.0	1.191
6855	3.1	0.0	1.086
6856	3.2	0.0	1.014
6857	3.6	0.0	1.053
6858	4.0	0.0	1.307
6859	4.6	0.0	1.458
6860	5.3	0.0	1.804
6861	5.6	0.0	1.853
6862	6.0	0.0	1.728
6863	6.4	0.0	1.040
6864	6.9	0.0	0.652
6865	7.3	0.0	0.451
6866	7.4	0.0	0.244
6867	7.4	0.0	0.095
6868	7.2	0.0	0.069
6869	7.1	0.0	0.207
6870	7.1	0.0	0.520
6871	7.3	0.0	1.405
6872	7.1	0.0	1.504
6873	7.1	0.0	1.511
6874	6.6	0.0	1.583
6875	5.8	0.0	1.511
6876	5.2	0.0	1.465
6877	4.6	0.0	1.356
6878	4.3	0.0	1.191
6879	3.7	0.0	1.086
6880	3.5	0.0	1.014
6881	3.6	0.0	1.053
6882	4.0	0.0	1.307
6883	4.4	0.0	1.458
6884	5.0	0.0	1.804
6885	5.3	0.0	1.853
6886	5.7	0.0	1.728
6887	5.9	0.0	1.040
6888	6.0	0.0	0.652
6889	6.1	0.0	0.451
6890	6.4	0.0	0.244
6891	6.5	0.0	0.095
6892	6.7	0.0	0.069
6893	6.7	0.0	0.207
6894	6.5	0.0	0.520
6895	6.5	0.0	1.405
6896	6.1	0.0	1.504
6897	5.7	0.0	1.511
6898	5.2	0.0	1.583
6899	4.6	0.0	1.511
6900	4.2	0.0	1.465
6901	3.5	0.0	1.356
6902	3.0	0.0	1.191
6903	2.9	0.0	1.086
6904	3.0	0.0	1.014
6905	3.0	0.0	1.053
6906	3.0	0.0	1.307
6907	3.4	0.0	1.458
6908	3.7	0.0	1.804
6909	3.9	0.0	1.853
6910	3.8	0.0	1.728
6911	3.9	0.0	1.040
6912	4.1	0.0	0.652
6913	4.0	0.0	0.451
6914	3.9	0.0	0.244
6915	4.0	0.0	0.095
6916	4.1	0.0	0.069
6917	4.1	0.0	0.207
6918	4.1	0.0	0.520
6919	4.1	0.0	1.405
6920	4.2	0.0	1.504
6921	3.6	0.0	1.511
6922	3.0	0.0	1.583
6923	2.5	0.0	1.511
6924	2.0	0.0	1.465
6925	1.6	0.0	1.356
6926	1.3	0.0	1.191
6927	1.3	0.0	1.086
6928	1.4	0.0	1.014
6929	1.4	0.0	1.053
6930	1.7	0.0	1.307
6931	2.1	0.0	1.458
6932	2.3	0.0	1.804
6933	2.7	0.0	1.853
6934	2.6	0.0	1.728
6935	2.5	0.0	1.040
6936	2.9	0.0	0.652
6937	2.9	0.0	0.451
6938	3.0	0.0	0.244
6939	3.0	0.0	0.095
6940	2.9	0.0	0.069
6941	3.0	0.0	0.207
6942	3.1	0.0	0.520
6943	3.1	0.0	1.405
6944	3.4	0.0	1.504
6945	3.5	0.0	1.511
6946	3.1	0.0	1.583
6947	2.9	0.0	1.511
6948	2.7	0.0	1.465
6949	2.8	0.0	1.356
6950	2.6	0.0	1.191
6951	2.5	0.0	1.086
6952	2.5	0.0	1.014
6953	2.7	0.0	1.053
6954	3.0	0.0	1.307
6955	3.3	0.0	1.458
6956	3.6	0.0	1.804
6957	3.4	0.0	1.853
6958	3.7	0.0	1.728
6959	3.7	0.0	1.040
6960	3.9	0.0	0.652
6961	3.9	0.0	0.451
6962	3.8	0.0	0.244
6963	3.9	0.0	0.095
6964	3.9	0.0	0.069
6965	3.9	0.0	0.207
6966	4.0	0.0	0.520
6967	3.9	0.0	1.405
6968	4.0	0.0	1.504
6969	4.0	0.0	1.511
6970	3.7	0.0	1.583
6971	3.5	0.0	1.511
6972	3.4	0.0	1.465
6973	3.1	0.0	1.356
6974	3.0	0.0	1.191
6975	2.8	0.0	1.086
6976	3.2	0.0	1.014
6977	3.4	0.0	1.053
6978	3.7	0.0	1.307
6979	3.6	0.0	1.458
6980	3.9	0.0	1.804
6981	3.9	0.0	1.853
6982	4.1	0.0	1.728
6983	4.4	0.0	1.040
6984	4.9	0.0	0.652
6985	5.0	0.0	0.451
6986	5.1	0.0	0.244
6987	5.3	0.0	0.095
6988	5.4	0.0	0.069
6989	5.6	0.0	0.207
6990	5.7	0.0	0.520
6991	5.6	0.0	1.405
6992	5.5	0.0	1.504
6993	5.1	0.0	1.511
6994	4.6	0.0	1.583
6995	4.0	0.0	1.511
6996	3.6	0.0	1.465
6997	3.0	0.0	1.356
6998	2.8	0.0	1.191
6999	2.2	0.0	1.086
7000	2.3	0.0	1.014
7001	2.5	0.0	1.053
7002	2.9	0.0	1.307
7003	3.3	0.0	1.458
7004	3.4	0.0	1.804
7005	3.7	0.0	1.853
7006	4.0	0.0	1.728
7007	4.1	0.0	1.040
7008	4.4	0.0	0.652
7009	4.3	0.0	0.451
7010	4.5	0.0	0.244
7011	4.5	0.0	0.095
7012	4.8	0.0	0.069
7013	4.7	0.0	0.207
7014	4.6	0.0	0.520
7015	4.9	0.0	1.405
7016	4.7	0.0	1.504
7017	4.2	0.0	1.511
7018	3.7	0.0	1.583
7019	3.2	0.0	1.511
7020	2.4	0.0	1.465
7021	1.9	0.0	1.356
7022	1.5	0.0	1.191
7023	1.2	0.0	1.086
7024	1.0	0.0	1.014
7025	1.2	0.0	1.053
7026	1.5	0.0	1.307
7027	1.7	0.0	1.458
7028	2.0	0.0	1.804
7029	2.4	0.0	1.853
7030	2.6	0.0	1.728
7031	2.9	0.0	1.040
7032	3.0	0.0	0.652
7033	3.1	0.0	0.451
7034	2.9	0.0	0.244
7035	3.0	0.0	0.095
7036	3.0	0.0	0.069
7037	2.9	0.0	0.207
7038	2.8	0.0	0.520
7039	2.8	0.0	1.405
7040	2.8	0.0	1.504
7041	2.6	0.0	1.511
7042	2.6	0.0	1.583
7043	2.2	0.0	1.511
7044	2.1	0.0	1.465
7045	1.6	0.0	1.356
7046	1.3	0.0	1.191
7047	1.0	0.0	1.086
7048	1.0	0.0	1.014
7049	0.9	0.0	1.053
7050	1.1	0.0	1.307
7051	1.5	0.0	1.458
7052	1.4	0.0	1.804
7053	1.6	0.0	1.853
7054	1.8	0.0	1.728
7055	1.9	0.0	1.040
7056	1.7	0.0	0.652
7057	0.0	0.0	0.451
7058	0.0	0.0	0.244
7059	0.0	0.0	0.095
7060	0.0	0.0	0.069
7061	0.0	0.0	0.207
7062	0.0	0.0	0.520
7063	0.0	0.0	1.405
7064	0.0	0.0	1.504
7065	0.0	0.0	1.511
7066	0.0	0.0	1.583
7067	0.0	0.0	1.511
7068	0.0	0.0	1.465
7069	0.0	0.0	1.356
7070	0.0	0.0	1.191
7071	0.0	0.0	1.086
7072	0.0	0.0	1.014
7073	0.0	0.0	1.053
7074	0.0	0.0	1.307
7075	0.0	0.0	1.458
7076	0.0	0.0	1.804
7077	0.0	0.0	1.853
7078	0.0	0.0	1.728
7079	0.0	0.0	1.040
7080	0.0	0.0	0.652
7081	2.2	0.0	0.451
7082	2.3	0.0	0.244
7083	2.5	0.0	0.095
7084	2.8	0.0	0.069
7085	2.6	0.0	0.207
7086	2.9	0.0	0.520
7087	3.1	0.0	1.405
7088	3.0	0.0	1.504
7089	2.7	0.0	1.511
7090	2.4	0.0	1.583
7091	2.0	0.0	1.511
7092	1.9	0.0	1.465
7093	1.7	0.0	1.356
7094	1.4	0.0	1.191
7095	1.5	0.0	1.086
7096	1.4	0.0	1.014
7097	2.0	0.0	1.053
7098	2.7	0.0	1.307
7099	2.9	0.0	1.458
7100	3.4	0.0	1.804
7101	3.7	0.0	1.853
7102	4.0	0.0	1.728
7103	4.4	0.0	1.040
7104	4.9	0.0	0.652
7105	5.1	0.0	0.451
7106	5.0	0.0	0.244
7107	5.0	0.0	0.095
7108	4.8	0.0	0.069
7109	4.7	0.0	0.207
7110	5.0	0.0	0.520
7111	4.7	0.0	1.405
7112	4.6	0.0	1.504
7113	4.2	0.0	1.511
7114	3.7	0.0	1.583
7115	3.3	0.0	1.511
7116	2.9	0.0	1.465
7117	2.6	0.0	1.356
7118	2.1	0.0	1.191
7119	2.0	0.0	1.086
7120	2.1	0.0	1.014
7121	2.1	0.0	1.053
7122	2.1	0.0	1.307
7123	2.6	0.0	1.458
7124	2.7	0.0	1.804
7125	2.7	0.0	1.853
7126	3.0	0.0	1.728
7127	3.1	0.0	1.040
7128	3.0	0.0	0.652
7129	3.0	0.0	0.451
7130	3.3	0.0	0.244
7131	3.4	0.0	0.095
7132	3.8	0.0	0.069
7133	4.3	0.0	0.207
7134	4.6	0.0	0.520
7135	4.6	0.0	1.405
7136	4.6	0.0	1.504
7137	4.4	0.0	1.511
7138	4.1	0.0	1.583
7139	3.5	0.0	1.511
7140	3.1	0.0	1.465
7141	2.5	0.0	1.356
7142	2.4	0.0	1.191
7143	2.4	0.0	1.086
7144	2.2	0.0	1.014
7145	2.7	0.0	1.053
7146	3.4	0.0	1.307
7147	3.9	0.0	1.458
7148	4.6	0.0	1.804
7149	4.9	0.0	1.853
7150	5.4	0.0	1.728
7151	5.8	0.0	1.040
7152	5.7	0.0	0.652
7153	6.2	0.0	0.451
7154	6.0	0.0	0.244
7155	6.2	0.0	0.095
7156	6.1	0.0	0.069
7157	6.0	0.0	0.207
7158	5.8	0.0	0.520
7159	5.7	0.0	1.405
7160	5.8	0.0	1.504
7161	5.4	0.0	1.511
7162	4.9	0.0	1.583
7163	4.6	0.0	1.511
7164	4.0	0.0	1.465
7165	4.1	0.0	1.356
7166	4.0	0.0	1.191
7167	4.0	0.0	1.086
7168	3.8	0.0	1.014
7169	3.7	0.0	1.053
7170	4.3	0.0	1.307
7171	4.2	0.0	1.458
7172	3.9	0.0	1.804
7173	4.0	0.0	1.853
7174	4.2	0.0	1.728
7175	4.5	0.0	1.040
7176	4.5	0.0	0.652
7177	4.5	0.0	0.451
7178	4.5	0.0	0.244
7179	4.5	0.0	0.095
7180	4.6	0.0	0.069
7181	4.9	0.0	0.207
7182	5.1	0.0	0.520
7183	5.0	0.0	1.405
7184	4.9	0.0	1.504
7185	5.0	0.0	1.511
7186	4.8	0.0	1.583
7187	4.7	0.0	1.511
7188	4.5	0.0	1.465
7189	4.3	0.0	1.356
7190	4.2	0.0	1.191
7191	4.2	0.0	1.086
7192	4.2	0.0	1.014
7193	4.6	0.0	1.053
7194	4.6	0.0	1.307
7195	4.7	0.0	1.458
7196	5.0	0.0	1.804
7197	5.2	0.0	1.853
7198	5.1	0.0	1.728
7199	5.1	0.0	1.040
7200	5.0	0.0	0.652
7201	4.9	0.0	0.451
7202	5.0	0.0	0.244
7203	5.1	0.0	0.095
7204	5.4	0.0	0.069
7205	5.5	0.0	0.207
7206	5.3	0.0	0.520
7207	5.4	0.0	1.405
7208	5.6	0.0	1.504
7209	5.6	0.0	1.511
7210	5.1	0.0	1.583
7211	4.8	0.0	1.511
7212	4.5	0.0	1.465
7213	4.3	0.0	1.356
7214	4.0	0.0	1.191
7215	4.1	0.0	1.086
7216	4.1	0.0	1.014
7217	4.2	0.0	1.053
7218	4.4	0.0	1.307
7219	5.1	0.0	1.458
7220	5.3	0.0	1.804
7221	5.6	0.0	1.853
7222	5.7	0.0	1.728
7223	5.5	0.0	1.040
7224	5.8	0.0	0.652
7225	6.0	0.0	0.451
7226	6.4	0.0	0.244
7227	6.1	0.0	0.095
7228	6.6	0.0	0.069
7229	6.7	0.0	0.207
7230	6.9	0.0	0.520
7231	6.8	0.0	1.405
7232	6.9	0.0	1.504
7233	6.7	0.0	1.511
7234	5.8	0.0	1.583
7235	5.1	0.0	1.511
7236	4.6	0.0	1.465
7237	4.1	0.0	1.356
7238	3.4	0.0	1.191
7239	3.5	0.0	1.086
7240	3.8	0.0	1.014
7241	4.3	0.0	1.053
7242	4.8	0.0	1.307
7243	5.4	0.0	1.458
7244	5.9	0.0	1.804
7245	6.1	0.0	1.853
7246	6.8	0.0	1.728
7247	7.1	0.0	1.040
7248	7.6	0.0	0.652
7249	8.0	0.0	0.451
7250	8.3	0.0	0.244
7251	8.4	0.0	0.095
7252	8.2	0.0	0.069
7253	8.2	0.0	0.207
7254	8.3	0.0	0.520
7255	8.4	0.0	1.405
7256	8.2	0.0	1.504
7257	7.9	0.0	1.511
7258	7.5	0.0	1.583
7259	6.8	0.0	1.511
7260	6.0	0.0	1.465
7261	5.5	0.0	1.356
7262	5.1	0.0	1.191
7263	4.8	0.0	1.086
7264	4.6	0.0	1.014
7265	4.8	0.0	1.053
7266	5.8	0.0	1.307
7267	6.3	0.0	1.458
7268	6.6	0.0	1.804
7269	6.9	0.0	1.853
7270	7.0	0.0	1.728
7271	7.5	0.0	1.040
7272	7.8	0.0	0.652
7273	7.9	0.0	0.451
7274	7.9	0.0	0.244
7275	7.7	0.0	0.095
7276	7.7	0.0	0.069
7277	7.7	0.0	0.207
7278	8.0	0.0	0.520
7279	8.2	0.0	1.405
7280	7.9	0.0	1.504
7281	7.4	0.0	1.511
7282	7.0	0.0	1.583
7283	6.3	0.0	1.511
7284	5.5	0.0	1.465
7285	4.8	0.0	1.356
7286	4.4	0.0	1.191
7287	4.1	0.0	1.086
7288	4.2	0.0	1.014
7289	4.2	0.0	1.053
7290	4.8	0.0	1.307
7291	5.3	0.0	1.458
7292	5.7	0.0	1.804
7293	6.1	0.0	1.853
7294	6.4	0.0	1.728
7295	7.0	0.0	1.040
7296	7.2	0.0	0.652
7297	13.0	0.0	0.451
7298	13.1	0.0	0.244
7299	13.7	0.0	0.095
7300	13.7	0.0	0.069
7301	13.7	0.0	0.207
7302	13.7	0.0	0.520
7303	13.5	0.0	1.405
7304	13.8	0.0	1.504
7305	13.4	0.0	1.511
7306	12.7	0.0	1.583
7307	11.3	0.0	1.511
7308	11.4	0.0	1.465
7309	10.7	0.0	1.356
7310	10.7	0.0	1.191
7311	10.5	0.0	1.086
7312	11.1	0.0	1.014
7313	11.6	0.0	1.053
7314	12.1	0.0	1.307
7315	12.3	0.0	1.458
7316	12.2	0.0	1.804
7317	12.8	0.0	1.853
7318	12.5	0.0	1.728
7319	12.4	0.0	1.040
7320	13.0	0.0	0.652
7321	13.4	0.0	0.451
7322	13.7	0.0	0.244
7323	13.3	0.0	0.095
7324	12.7	0.0	0.069
7325	12.5	0.0	0.207
7326	12.1	0.0	0.520
7327	12.2	0.0	1.405
7328	12.2	0.0	1.504
7329	11.2	0.0	1.511
7330	10.7	0.0	1.583
7331	9.6	0.0	1.511
7332	8.9	0.0	1.465
7333	8.3	0.0	1.356
7334	7.7	0.0	1.191
7335	7.0	0.0	1.086
7336	7.2	0.0	1.014
7337	7.6	0.0	1.053
7338	7.1	0.0	1.307
7339	7.6	0.0	1.458
7340	7.3	0.0	1.804
7341	7.3	0.0	1.853
7342	7.3	0.0	1.728
7343	7.1	0.0	1.040
7344	7.1	0.0	0.652
7345	6.8	0.0	0.451
7346	6.8	0.0	0.244
7347	6.8	0.0	0.095
7348	7.0	0.0	0.069
7349	7.9	0.0	0.207
7350	7.5	0.0	0.520
7351	7.2	0.0	1.405
7352	7.0	0.0	1.504
7353	6.5	0.0	1.511
7354	6.3	0.0	1.583
7355	5.4	0.0	1.511
7356	4.3	0.0	1.465
7357	3.9	0.0	1.356
7358	3.2	0.0	1.191
7359	3.4	0.0	1.086
7360	3.6	0.0	1.014
7361	4.0	0.0	1.053
7362	4.5	0.0	1.307
7363	4.5	0.0	1.458
7364	4.7	0.0	1.804
7365	4.6	0.0	1.853
7366	5.5	0.0	1.728
7367	5.6	0.0	1.040
7368	6.4	0.0	0.652
7369	6.6	0.0	0.451
7370	6.3	0.0	0.244
7371	6.5	0.0	0.095
7372	6.2	0.0	0.069
7373	6.2	0.0	0.207
7374	6.7	0.0	0.520
7375	6.5	0.0	1.405
7376	6.6	0.0	1.504
7377	7.1	0.0	1.511
7378	7.4	0.0	1.583
7379	7.2	0.0	1.511
7380	6.9	0.0	1.465
7381	6.6	0.0	1.356
7382	6.2	0.0	1.191
7383	6.1	0.0	1.086
7384	6.3	0.0	1.014
7385	6.7	0.0	1.053
7386	7.1	0.0	1.307
7387	7.5	0.0	1.458
7388	7.7	0.0	1.804
7389	7.8	0.0	1.853
7390	8.0	0.0	1.728
7391	8.3	0.0	1.040
7392	8.0	0.0	0.652
7393	7.9	0.0	0.451
7394	8.0	0.0	0.244
7395	8.1	0.0	0.095
7396	8.3	0.0	0.069
7397	8.8	0.0	0.207
7398	9.1	0.0	0.520
7399	9.6	0.0	1.405
7400	10.1	0.0	1.504
7401	10.1	0.0	1.511
7402	9.7	0.0	1.583
7403	8.8	0.0	1.511
7404	7.9	0.0	1.465
7405	7.4	0.0	1.356
7406	6.6	0.0	1.191
7407	6.5	0.0	1.086
7408	7.2	0.0	1.014
7409	7.8	0.0	1.053
7410	8.3	0.0	1.307
7411	8.4	0.0	1.458
7412	8.9	0.0	1.804
7413	8.7	0.0	1.853
7414	8.7	0.0	1.728
7415	8.8	0.0	1.040
7416	9.3	0.0	0.652
7417	8.9	0.0	0.451
7418	8.9	0.0	0.244
7419	9.4	0.0	0.095
7420	10.2	0.0	0.069
7421	10.4	0.0	0.207
7422	10.7	0.0	0.520
7423	10.7	0.0	1.405
7424	10.6	0.0	1.504
7425	10.5	0.0	1.511
7426	10.1	0.0	1.583
7427	9.6	0.0	1.511
7428	8.9	0.0	1.465
7429	8.9	0.0	1.356
7430	8.4	0.0	1.191
7431	8.7	0.0	1.086
7432	9.2	0.0	1.014
7433	9.3	0.0	1.053
7434	9.3	0.0	1.307
7435	9.8	0.0	1.458
7436	9.9	0.0	1.804
7437	9.9	0.0	1.853
7438	10.4	0.0	1.728
7439	10.5	0.0	1.040
7440	10.6	0.0	0.652
7441	11.0	0.0	0.451
7442	11.1	0.0	0.244
7443	11.5	0.0	0.095
7444	11.0	0.0	0.069
7445	10.6	0.0	0.207
7446	11.0	0.0	0.520
7447	11.3	0.0	1.405
7448	10.8	0.0	1.504
7449	10.5	0.0	1.511
7450	10.0	0.0	1.583
7451	9.0	0.0	1.511
7452	8.6	0.0	1.465
7453	7.4	0.0	1.356
7454	6.9	0.0	1.191
7455	7.1	0.0	1.086
7456	7.0	0.0	1.014
7457	8.0	0.0	1.053
7458	8.3	0.0	1.307
7459	8.6	0.0	1.458
7460	8.3	0.0	1.804
7461	8.3	0.0	1.853
7462	8.3	0.0	1.728
7463	8.5	0.0	1.040
7464	9.0	0.0	0.652
7465	8.9	0.0	0.451
7466	9.4	0.0	0.244
7467	9.6	0.0	0.095
7468	9.3	0.0	0.069
7469	9.4	0.0	0.207
7470	9.8	0.0	0.520
7471	10.5	0.0	1.405
7472	10.9	0.0	1.504
7473	10.5	0.0	1.511
7474	9.7	0.0	1.583
7475	8.9	0.0	1.511
7476	8.5	0.0	1.465
7477	7.7	0.0	1.356
7478	7.5	0.0	1.191
7479	7.5	0.0	1.086
7480	8.5	0.0	1.014
7481	8.5	0.0	1.053
7482	9.4	0.0	1.307
7483	9.4	0.0	1.458
7484	9.5	0.0	1.804
7485	10.0	0.0	1.853
7486	9.9	0.0	1.728
7487	10.1	0.0	1.040
7488	10.5	0.0	0.652
7489	10.9	0.0	0.451
7490	11.0	0.0	0.244
7491	10.9	0.0	0.095
7492	10.9	0.0	0.069
7493	11.0	0.0	0.207
7494	10.5	0.0	0.520
7495	9.5	0.0	1.405
7496	9.0	0.0	1.504
7497	8.1	0.0	1.511
7498	7.9	0.0	1.583
7499	7.1	0.0	1.511
7500	6.0	0.0	1.465
7501	5.3	0.0	1.356
7502	4.2	0.0	1.191
7503	4.1	0.0	1.086
7504	4.5	0.0	1.014
7505	4.7	0.0	1.053
7506	5.4	0.0	1.307
7507	5.7	0.0	1.458
7508	5.9	0.0	1.804
7509	5.5	0.0	1.853
7510	5.6	0.0	1.728
7511	5.8	0.0	1.040
7512	5.9	0.0	0.652
7513	5.7	0.0	0.451
7514	5.7	0.0	0.244
7515	6.5	0.0	0.095
7516	6.3	0.0	0.069
7517	6.1	0.0	0.207
7518	6.9	0.0	0.520
7519	7.4	0.0	1.405
7520	7.3	0.0	1.504
7521	6.7	0.0	1.511
7522	6.5	0.0	1.583
7523	5.7	0.0	1.511
7524	4.6	0.0	1.465
7525	3.6	0.0	1.356
7526	3.5	0.0	1.191
7527	3.0	0.0	1.086
7528	2.8	0.0	1.014
7529	3.4	0.0	1.053
7530	3.8	0.0	1.307
7531	3.9	0.0	1.458
7532	4.5	0.0	1.804
7533	4.9	0.0	1.853
7534	5.2	0.0	1.728
7535	5.5	0.0	1.040
7536	5.8	0.0	0.652
7537	6.4	0.0	0.451
7538	6.6	0.0	0.244
7539	7.4	0.0	0.095
7540	7.4	0.0	0.069
7541	7.5	0.0	0.207
7542	8.0	0.0	0.520
7543	7.6	0.0	1.405
7544	7.9	0.0	1.504
7545	7.8	0.0	1.511
7546	7.3	0.0	1.583
7547	7.0	0.0	1.511
7548	6.6	0.0	1.465
7549	6.0	0.0	1.356
7550	5.5	0.0	1.191
7551	4.9	0.0	1.086
7552	5.1	0.0	1.014
7553	5.5	0.0	1.053
7554	5.9	0.0	1.307
7555	6.7	0.0	1.458
7556	6.8	0.0	1.804
7557	7.3	0.0	1.853
7558	7.5	0.0	1.728
7559	7.4	0.0	1.040
7560	7.7	0.0	0.652
7561	7.5	0.0	0.451
7562	8.1	0.0	0.244
7563	8.2	0.0	0.095
7564	8.3	0.0	0.069
7565	8.0	0.0	0.207
7566	8.1	0.0	0.520
7567	8.1	0.0	1.405
7568	8.3	0.0	1.504
7569	8.7	0.0	1.511
7570	8.2	0.0	1.583
7571	7.5	0.0	1.511
7572	7.1	0.0	1.465
7573	6.6	0.0	1.356
7574	6.5	0.0	1.191
7575	6.4	0.0	1.086
7576	6.4	0.0	1.014
7577	5.8	0.0	1.053
7578	6.5	0.0	1.307
7579	7.0	0.0	1.458
7580	6.9	0.0	1.804
7581	6.9	0.0	1.853
7582	6.8	0.0	1.728
7583	6.5	0.0	1.040
7584	7.0	0.0	0.652
7585	7.3	0.0	0.451
7586	7.7	0.0	0.244
7587	7.8	0.0	0.095
7588	8.6	0.0	0.069
7589	8.6	0.0	0.207
7590	8.5	0.0	0.520
7591	8.9	0.0	1.405
7592	9.4	0.0	1.504
7593	9.4	0.0	1.511
7594	9.3	0.0	1.583
7595	8.6	0.0	1.511
7596	8.7	0.0	1.465
7597	8.6	0.0	1.356
7598	8.9	0.0	1.191
7599	9.3	0.0	1.086
7600	9.9	0.0	1.014
7601	10.4	0.0	1.053
7602	11.2	0.0	1.307
7603	11.8	0.0	1.458
7604	11.9	0.0	1.804
7605	11.9	0.0	1.853
7606	12.0	0.0	1.728
7607	12.8	0.0	1.040
7608	13.1	0.0	0.652
7609	12.9	0.0	0.451
7610	12.9	0.0	0.244
7611	12.8	0.0	0.095
7612	12.8	0.0	0.069
7613	13.0	0.0	0.207
7614	13.0	0.0	0.520
7615	13.2	0.0	1.405
7616	13.3	0.0	1.504
7617	13.9	0.0	1.511
7618	14.1	0.0	1.583
7619	14.2	0.0	1.511
7620	13.7	0.0	1.465
7621	13.4	0.0	1.356
7622	13.4	0.0	1.191
7623	13.0	0.0	1.086
7624	13.4	0.0	1.014
7625	13.8	0.0	1.053
7626	14.4	0.0	1.307
7627	15.3	0.0	1.458
7628	15.8	0.0	1.804
7629	15.7	0.0	1.853
7630	16.1	0.0	1.728
7631	16.4	0.0	1.040
7632	17.0	0.0	0.652
7633	17.1	0.0	0.451
7634	16.7	0.0	0.244
7635	17.1	0.0	0.095
7636	17.4	0.0	0.069
7637	17.8	0.0	0.207
7638	17.8	0.0	0.520
7639	17.6	0.0	1.405
7640	17.6	0.0	1.504
7641	17.2	0.0	1.511
7642	16.7	0.0	1.583
7643	16.0	0.0	1.511
7644	15.2	0.0	1.465
7645	14.3	0.0	1.356
7646	13.5	0.0	1.191
7647	13.1	0.0	1.086
7648	13.0	0.0	1.014
7649	13.4	0.0	1.053
7650	14.2	0.0	1.307
7651	15.0	0.0	1.458
7652	15.4	0.0	1.804
7653	16.3	0.0	1.853
7654	16.7	0.0	1.728
7655	16.8	0.0	1.040
7656	16.6	0.0	0.652
7657	16.6	0.0	0.451
7658	17.0	0.0	0.244
7659	17.4	0.0	0.095
7660	17.4	0.0	0.069
7661	17.4	0.0	0.207
7662	17.8	0.0	0.520
7663	17.8	0.0	1.405
7664	18.0	0.0	1.504
7665	17.2	0.0	1.511
7666	16.3	0.0	1.583
7667	15.5	0.0	1.511
7668	14.3	0.0	1.465
7669	13.9	0.0	1.356
7670	13.3	0.0	1.191
7671	13.2	0.0	1.086
7672	12.9	0.0	1.014
7673	13.3	0.0	1.053
7674	14.5	0.0	1.307
7675	15.2	0.0	1.458
7676	16.0	0.0	1.804
7677	16.6	0.0	1.853
7678	16.9	0.0	1.728
7679	16.7	0.0	1.040
7680	17.3	0.0	0.652
7681	17.5	0.0	0.451
7682	17.6	0.0	0.244
7683	17.8	0.0	0.095
7684	17.3	0.0	0.069
7685	17.6	0.0	0.207
7686	18.1	0.0	0.520
7687	17.7	0.0	1.405
7688	17.6	0.0	1.504
7689	17.1	0.0	1.511
7690	16.6	0.0	1.583
7691	15.6	0.0	1.511
7692	14.8	0.0	1.465
7693	14.1	0.0	1.356
7694	13.6	0.0	1.191
7695	13.5	0.0	1.086
7696	12.7	0.0	1.014
7697	12.9	0.0	1.053
7698	14.0	0.0	1.307
7699	14.7	0.0	1.458
7700	14.9	0.0	1.804
7701	14.9	0.0	1.853
7702	15.2	0.0	1.728
7703	15.7	0.0	1.040
7704	16.3	0.0	0.652
7705	16.3	0.0	0.451
7706	16.3	0.0	0.244
7707	16.1	0.0	0.095
7708	16.7	0.0	0.069
7709	16.8	0.0	0.207
7710	16.6	0.0	0.520
7711	16.3	0.0	1.405
7712	16.0	0.0	1.504
7713	15.6	0.0	1.511
7714	14.3	0.0	1.583
7715	13.5	0.0	1.511
7716	12.6	0.0	1.465
7717	11.8	0.0	1.356
7718	11.1	0.0	1.191
7719	10.4	0.0	1.086
7720	10.4	0.0	1.014
7721	10.4	0.0	1.053
7722	11.1	0.0	1.307
7723	11.3	0.0	1.458
7724	11.3	0.0	1.804
7725	11.4	0.0	1.853
7726	11.6	0.0	1.728
7727	12.1	0.0	1.040
7728	11.7	0.0	0.652
7729	11.6	0.0	0.451
7730	11.8	0.0	0.244
7731	12.8	0.0	0.095
7732	13.4	0.0	0.069
7733	13.2	0.0	0.207
7734	13.9	0.0	0.520
7735	13.5	0.0	1.405
7736	13.6	0.0	1.504
7737	13.2	0.0	1.511
7738	13.8	0.0	1.583
7739	14.0	0.0	1.511
7740	13.2	0.0	1.465
7741	12.8	0.0	1.356
7742	12.5	0.0	1.191
7743	12.5	0.0	1.086
7744	13.1	0.0	1.014
7745	13.5	0.0	1.053
7746	14.0	0.0	1.307
7747	14.8	0.0	1.458
7748	15.0	0.0	1.804
7749	15.0	0.0	1.853
7750	15.8	0.0	1.728
7751	16.0	0.0	1.040
7752	16.9	0.0	0.652
7753	17.2	0.0	0.451
7754	17.2	0.0	0.244
7755	17.3	0.0	0.095
7756	16.7	0.0	0.069
7757	16.8	0.0	0.207
7758	16.7	0.0	0.520
7759	16.6	0.0	1.405
7760	16.8	0.0	1.504
7761	16.8	0.0	1.511
7762	16.7	0.0	1.583
7763	15.8	0.0	1.511
7764	14.9	0.0	1.465
7765	14.2	0.0	1.356
7766	13.3	0.0	1.191
7767	12.7	0.0	1.086
7768	12.9	0.0	1.014
7769	13.2	0.0	1.053
7770	14.1	0.0	1.307
7771	15.0	0.0	1.458
7772	15.5	0.0	1.804
7773	15.8	0.0	1.853
7774	15.8	0.0	1.728
7775	16.1	0.0	1.040
7776	15.5	0.0	0.652
7777	15.9	0.0	0.451
7778	16.6	0.0	0.244
7779	16.6	0.0	0.095
7780	16.3	0.0	0.069
7781	16.7	0.0	0.207
7782	16.4	0.0	0.520
7783	16.8	0.0	1.405
7784	17.0	0.0	1.504
7785	16.4	0.0	1.511
7786	15.4	0.0	1.583
7787	14.5	0.0	1.511
7788	13.4	0.0	1.465
7789	12.1	0.0	1.356
7790	11.2	0.0	1.191
7791	11.7	0.0	1.086
7792	11.2	0.0	1.014
7793	11.9	0.0	1.053
7794	12.6	0.0	1.307
7795	13.2	0.0	1.458
7796	13.6	0.0	1.804
7797	13.4	0.0	1.853
7798	13.7	0.0	1.728
7799	14.0	0.0	1.040
7800	13.9	0.0	0.652
7801	14.3	0.0	0.451
7802	14.3	0.0	0.244
7803	14.8	0.0	0.095
7804	15.3	0.0	0.069
7805	16.0	0.0	0.207
7806	16.1	0.0	0.520
7807	16.1	0.0	1.405
7808	16.0	0.0	1.504
7809	15.8	0.0	1.511
7810	15.0	0.0	1.583
7811	14.8	0.0	1.511
7812	13.8	0.0	1.465
7813	13.3	0.0	1.356
7814	13.0	0.0	1.191
7815	13.2	0.0	1.086
7816	12.9	0.0	1.014
7817	13.1	0.0	1.053
7818	13.5	0.0	1.307
7819	14.1	0.0	1.458
7820	14.7	0.0	1.804
7821	15.8	0.0	1.853
7822	16.4	0.0	1.728
7823	16.7	0.0	1.040
7824	17.3	0.0	0.652
7825	17.5	0.0	0.451
7826	17.1	0.0	0.244
7827	17.5	0.0	0.095
7828	17.9	0.0	0.069
7829	18.5	0.0	0.207
7830	18.9	0.0	0.520
7831	18.9	0.0	1.405
7832	19.2	0.0	1.504
7833	19.0	0.0	1.511
7834	18.4	0.0	1.583
7835	17.4	0.0	1.511
7836	16.8	0.0	1.465
7837	16.4	0.0	1.356
7838	15.7	0.0	1.191
7839	15.5	0.0	1.086
7840	15.5	0.0	1.014
7841	16.1	0.0	1.053
7842	16.0	0.0	1.307
7843	16.1	0.0	1.458
7844	15.9	0.0	1.804
7845	16.5	0.0	1.853
7846	16.5	0.0	1.728
7847	17.2	0.0	1.040
7848	18.0	0.0	0.652
7849	18.2	0.0	0.451
7850	17.9	0.0	0.244
7851	18.0	0.0	0.095
7852	18.2	0.0	0.069
7853	18.1	0.0	0.207
7854	17.8	0.0	0.520
7855	17.9	0.0	1.405
7856	17.5	0.0	1.504
7857	17.0	0.0	1.511
7858	16.4	0.0	1.583
7859	15.3	0.0	1.511
7860	14.6	0.0	1.465
7861	13.8	0.0	1.356
7862	13.4	0.0	1.191
7863	12.9	0.0	1.086
7864	12.4	0.0	1.014
7865	12.0	0.0	1.053
7866	11.7	0.0	1.307
7867	11.5	0.0	1.458
7868	11.5	0.0	1.804
7869	11.1	0.0	1.853
7870	11.3	0.0	1.728
7871	11.4	0.0	1.040
7872	11.6	0.0	0.652
7873	11.3	0.0	0.451
7874	11.7	0.0	0.244
7875	11.7	0.0	0.095
7876	11.3	0.0	0.069
7877	11.3	0.0	0.207
7878	11.5	0.0	0.520
7879	11.1	0.0	1.405
7880	10.9	0.0	1.504
7881	10.6	0.0	1.511
7882	10.3	0.0	1.583
7883	9.5	0.0	1.511
7884	8.5	0.0	1.465
7885	7.9	0.0	1.356
7886	7.2	0.0	1.191
7887	7.0	0.0	1.086
7888	6.7	0.0	1.014
7889	7.2	0.0	1.053
7890	8.1	0.0	1.307
7891	8.7	0.0	1.458
7892	8.7	0.0	1.804
7893	8.5	0.0	1.853
7894	8.9	0.0	1.728
7895	9.4	0.0	1.040
7896	9.2	0.0	0.652
7897	9.2	0.0	0.451
7898	9.6	0.0	0.244
7899	10.0	0.0	0.095
7900	9.9	0.0	0.069
7901	9.7	0.0	0.207
7902	9.5	0.0	0.520
7903	9.5	0.0	1.405
7904	8.8	0.0	1.504
7905	8.6	0.0	1.511
7906	7.8	0.0	1.583
7907	7.2	0.0	1.511
7908	6.8	0.0	1.465
7909	6.2	0.0	1.356
7910	5.8	0.0	1.191
7911	5.3	0.0	1.086
7912	5.4	0.0	1.014
7913	6.0	0.0	1.053
7914	6.4	0.0	1.307
7915	6.2	0.0	1.458
7916	6.4	0.0	1.804
7917	6.5	0.0	1.853
7918	6.3	0.0	1.728
7919	6.4	0.0	1.040
7920	6.7	0.0	0.652
7921	7.0	0.0	0.451
7922	7.1	0.0	0.244
7923	7.2	0.0	0.095
7924	7.9	0.0	0.069
7925	8.0	0.0	0.207
7926	8.0	0.0	0.520
7927	8.5	0.0	1.405
7928	8.8	0.0	1.504
7929	9.2	0.0	1.511
7930	9.0	0.0	1.583
7931	8.7	0.0	1.511
7932	8.4	0.0	1.465
7933	8.1	0.0	1.356
7934	8.2	0.0	1.191
7935	8.4	0.0	1.086
7936	8.7	0.0	1.014
7937	9.3	0.0	1.053
7938	9.7	0.0	1.307
7939	9.8	0.0	1.458
7940	10.7	0.0	1.804
7941	10.9	0.0	1.853
7942	11.1	0.0	1.728
7943	11.1	0.0	1.040
7944	11.1	0.0	0.652
7945	11.5	0.0	0.451
7946	11.4	0.0	0.244
7947	11.9	0.0	0.095
7948	12.4	0.0	0.069
7949	12.6	0.0	0.207
7950	12.5	0.0	0.520
7951	12.5	0.0	1.405
7952	12.4	0.0	1.504
7953	12.2	0.0	1.511
7954	12.3	0.0	1.583
7955	11.7	0.0	1.511
7956	10.9	0.0	1.465
7957	10.5	0.0	1.356
7958	10.6	0.0	1.191
7959	10.4	0.0	1.086
7960	10.4	0.0	1.014
7961	11.4	0.0	1.053
7962	11.7	0.0	1.307
7963	12.7	0.0	1.458
7964	12.8	0.0	1.804
7965	13.2	0.0	1.853
7966	13.7	0.0	1.728
7967	13.7	0.0	1.040
7968	13.7	0.0	0.652
7969	13.9	0.0	0.451
7970	14.1	0.0	0.244
7971	14.7	0.0	0.095
7972	15.0	0.0	0.069
7973	15.2	0.0	0.207
7974	14.8	0.0	0.520
7975	15.4	0.0	1.405
7976	16.0	0.0	1.504
7977	16.0	0.0	1.511
7978	15.6	0.0	1.583
7979	15.4	0.0	1.511
7980	14.8	0.0	1.465
7981	14.5	0.0	1.356
7982	14.3	0.0	1.191
7983	14.3	0.0	1.086
7984	14.1	0.0	1.014
7985	14.9	0.0	1.053
7986	15.8	0.0	1.307
7987	16.4	0.0	1.458
7988	16.7	0.0	1.804
7989	16.8	0.0	1.853
7990	17.2	0.0	1.728
7991	17.4	0.0	1.040
7992	17.6	0.0	0.652
7993	18.0	0.0	0.451
7994	18.2	0.0	0.244
7995	18.2	0.0	0.095
7996	18.3	0.0	0.069
7997	18.0	0.0	0.207
7998	17.6	0.0	0.520
7999	17.2	0.0	1.405
8000	17.0	0.0	1.504
8001	17.4	0.0	1.511
8002	17.0	0.0	1.583
8003	17.0	0.0	1.511
8004	16.1	0.0	1.465
8005	14.7	0.0	1.356
8006	14.2	0.0	1.191
8007	13.7	0.0	1.086
8008	13.5	0.0	1.014
8009	14.0	0.0	1.053
8010	14.2	0.0	1.307
8011	14.5	0.0	1.458
8012	14.8	0.0	1.804
8013	14.6	0.0	1.853
8014	15.1	0.0	1.728
8015	15.1	0.0	1.040
8016	15.0	0.0	0.652
8017	14.6	0.0	0.451
8018	14.9	0.0	0.244
8019	14.8	0.0	0.095
8020	15.0	0.0	0.069
8021	15.3	0.0	0.207
8022	15.5	0.0	0.520
8023	14.8	0.0	1.405
8024	14.5	0.0	1.504
8025	14.3	0.0	1.511
8026	13.2	0.0	1.583
8027	11.6	0.0	1.511
8028	10.9	0.0	1.465
8029	10.2	0.0	1.356
8030	9.0	0.0	1.191
8031	9.2	0.0	1.086
8032	9.5	0.0	1.014
8033	9.5	0.0	1.053
8034	10.3	0.0	1.307
8035	10.2	0.0	1.458
8036	10.4	0.0	1.804
8037	10.9	0.0	1.853
8038	10.7	0.0	1.728
8039	10.6	0.0	1.040
8040	10.5	0.0	0.652
8041	10.7	0.0	0.451
8042	11.0	0.0	0.244
8043	12.1	0.0	0.095
8044	12.4	0.0	0.069
8045	12.4	0.0	0.207
8046	12.4	0.0	0.520
8047	13.5	0.0	1.405
8048	13.6	0.0	1.504
8049	13.1	0.0	1.511
8050	13.0	0.0	1.583
8051	13.0	0.0	1.511
8052	11.9	0.0	1.465
8053	11.7	0.0	1.356
8054	10.9	0.0	1.191
8055	10.8	0.0	1.086
8056	11.4	0.0	1.014
8057	12.2	0.0	1.053
8058	12.7	0.0	1.307
8059	13.2	0.0	1.458
8060	13.9	0.0	1.804
8061	14.4	0.0	1.853
8062	14.8	0.0	1.728
8063	15.1	0.0	1.040
8064	15.3	0.0	0.652
8065	15.9	0.0	0.451
8066	16.5	0.0	0.244
8067	17.0	0.0	0.095
8068	16.8	0.0	0.069
8069	16.5	0.0	0.207
8070	16.7	0.0	0.520
8071	16.5	0.0	1.405
8072	16.8	0.0	1.504
8073	16.8	0.0	1.511
8074	16.8	0.0	1.583
8075	16.4	0.0	1.511
8076	16.3	0.0	1.465
8077	15.7	0.0	1.356
8078	15.8	0.0	1.191
8079	15.4	0.0	1.086
8080	15.7	0.0	1.014
8081	15.6	0.0	1.053
8082	16.1	0.0	1.307
8083	16.4	0.0	1.458
8084	17.6	0.0	1.804
8085	18.1	0.0	1.853
8086	18.3	0.0	1.728
8087	19.0	0.0	1.040
8088	19.3	0.0	0.652
8089	19.7	0.0	0.451
8090	19.5	0.0	0.244
8091	19.3	0.0	0.095
8092	19.0	0.0	0.069
8093	18.8	0.0	0.207
8094	18.1	0.0	0.520
8095	17.6	0.0	1.405
8096	17.7	0.0	1.504
8097	17.4	0.0	1.511
8098	16.4	0.0	1.583
8099	15.5	0.0	1.511
8100	15.4	0.0	1.465
8101	14.8	0.0	1.356
8102	14.2	0.0	1.191
8103	13.7	0.0	1.086
8104	13.9	0.0	1.014
8105	13.8	0.0	1.053
8106	13.9	0.0	1.307
8107	13.9	0.0	1.458
8108	13.7	0.0	1.804
8109	13.1	0.0	1.853
8110	13.1	0.0	1.728
8111	12.9	0.0	1.040
8112	13.4	0.0	0.652
8113	13.6	0.0	0.451
8114	14.2	0.0	0.244
8115	14.2	0.0	0.095
8116	14.3	0.0	0.069
8117	14.0	0.0	0.207
8118	14.1	0.0	0.520
8119	14.4	0.0	1.405
8120	15.3	0.0	1.504
8121	15.5	0.0	1.511
8122	15.8	0.0	1.583
8123	15.5	0.0	1.511
8124	15.7	0.0	1.465
8125	15.3	0.0	1.356
8126	15.6	0.0	1.191
8127	15.9	0.0	1.086
8128	16.3	0.0	1.014
8129	16.8	0.0	1.053
8130	18.0	0.0	1.307
8131	18.6	0.0	1.458
8132	19.4	0.0	1.804
8133	20.0	0.0	1.853
8134	20.1	0.0	1.728
8135	20.8	0.0	1.040
8136	21.2	0.0	0.652
8137	22.2	0.0	0.451
8138	21.6	0.0	0.244
8139	20.9	0.0	0.095
8140	20.4	0.0	0.069
8141	20.1	0.0	0.207
8142	20.0	0.0	0.520
8143	20.2	0.0	1.405
8144	20.1	0.0	1.504
8145	19.9	0.0	1.511
8146	19.3	0.0	1.583
8147	18.2	0.0	1.511
8148	17.6	0.0	1.465
8149	16.4	0.0	1.356
8150	15.8	0.0	1.191
8151	15.1	0.0	1.086
8152	15.3	0.0	1.014
8153	15.7	0.0	1.053
8154	16.0	0.0	1.307
8155	16.3	0.0	1.458
8156	16.4	0.0	1.804
8157	16.6	0.0	1.853
8158	16.5	0.0	1.728
8159	16.6	0.0	1.040
8160	16.6	0.0	0.652
8161	16.4	0.0	0.451
8162	16.7	0.0	0.244
8163	16.8	0.0	0.095
8164	17.0	0.0	0.069
8165	17.6	0.0	0.207
8166	17.4	0.0	0.520
8167	17.7	0.0	1.405
8168	17.9	0.0	1.504
8169	17.9	0.0	1.511
8170	18.2	0.0	1.583
8171	18.0	0.0	1.511
8172	17.5	0.0	1.465
8173	17.9	0.0	1.356
8174	17.9	0.0	1.191
8175	17.9	0.0	1.086
8176	17.9	0.0	1.014
8177	17.9	0.0	1.053
8178	18.1	0.0	1.307
8179	17.9	0.0	1.458
8180	18.2	0.0	1.804
8181	19.2	0.0	1.853
8182	20.3	0.0	1.728
8183	20.9	0.0	1.040
8184	21.1	0.0	0.652
8185	21.2	0.0	0.451
8186	20.7	0.0	0.244
8187	20.1	0.0	0.095
8188	19.2	0.0	0.069
8189	19.3	0.0	0.207
8190	19.1	0.0	0.520
8191	18.6	0.0	1.405
8192	18.6	0.0	1.504
8193	18.5	0.0	1.511
8194	18.2	0.0	1.583
8195	18.3	0.0	1.511
8196	17.3	0.0	1.465
8197	16.1	0.0	1.356
8198	14.8	0.0	1.191
8199	14.5	0.0	1.086
8200	13.9	0.0	1.014
8201	14.9	0.0	1.053
8202	15.1	0.0	1.307
8203	15.4	0.0	1.458
8204	15.4	0.0	1.804
8205	15.2	0.0	1.853
8206	15.9	0.0	1.728
8207	15.7	0.0	1.040
8208	16.3	0.0	0.652
8209	16.6	0.0	0.451
8210	16.9	0.0	0.244
8211	16.9	0.0	0.095
8212	17.7	0.0	0.069
8213	16.6	0.0	0.207
8214	16.5	0.0	0.520
8215	16.2	0.0	1.405
8216	16.9	0.0	1.504
8217	16.6	0.0	1.511
8218	15.5	0.0	1.583
8219	14.4	0.0	1.511
8220	13.5	0.0	1.465
8221	12.4	0.0	1.356
8222	11.4	0.0	1.191
8223	10.6	0.0	1.086
8224	10.6	0.0	1.014
8225	10.7	0.0	1.053
8226	10.6	0.0	1.307
8227	10.9	0.0	1.458
8228	10.7	0.0	1.804
8229	11.0	0.0	1.853
8230	10.6	0.0	1.728
8231	10.5	0.0	1.040
8232	11.3	0.0	0.652
8233	11.1	0.0	0.451
8234	11.1	0.0	0.244
8235	11.2	0.0	0.095
8236	11.4	0.0	0.069
8237	11.9	0.0	0.207
8238	11.4	0.0	0.520
8239	11.8	0.0	1.405
8240	11.4	0.0	1.504
8241	12.0	0.0	1.511
8242	11.3	0.0	1.583
8243	11.1	0.0	1.511
8244	10.7	0.0	1.465
8245	10.5	0.0	1.356
8246	10.3	0.0	1.191
8247	10.8	0.0	1.086
8248	10.1	0.0	1.014
8249	10.8	0.0	1.053
8250	11.6	0.0	1.307
8251	12.2	0.0	1.458
8252	13.0	0.0	1.804
8253	13.4	0.0	1.853
8254	14.0	0.0	1.728
8255	14.8	0.0	1.040
8256	15.2	0.0	0.652
8257	16.1	0.0	0.451
8258	15.4	0.0	0.244
8259	15.3	0.0	0.095
8260	15.1	0.0	0.069
8261	15.1	0.0	0.207
8262	15.7	0.0	0.520
8263	15.2	0.0	1.405
8264	15.2	0.0	1.504
8265	15.1	0.0	1.511
8266	15.0	0.0	1.583
8267	14.6	0.0	1.511
8268	14.6	0.0	1.465
8269	14.6	0.0	1.356
8270	14.9	0.0	1.191
8271	14.8	0.0	1.086
8272	14.3	0.0	1.014
8273	14.2	0.0	1.053
8274	14.2	0.0	1.307
8275	14.3	0.0	1.458
8276	14.5	0.0	1.804
8277	14.5	0.0	1.853
8278	15.8	0.0	1.728
8279	15.9	0.0	1.040
8280	16.2	0.0	0.652
8281	16.1	0.0	0.451
8282	16.2	0.0	0.244
8283	16.2	0.0	0.095
8284	16.5	0.0	0.069
8285	16.8	0.0	0.207
8286	17.6	0.0	0.520
8287	17.8	0.0	1.405
8288	17.9	0.0	1.504
8289	18.2	0.0	1.511
8290	18.3	0.0	1.583
8291	18.7	0.0	1.511
8292	19.3	0.0	1.465
8293	19.2	0.0	1.356
8294	19.4	0.0	1.191
8295	19.1	0.0	1.086
8296	19.1	0.0	1.014
8297	19.5	0.0	1.053
8298	20.5	0.0	1.307
8299	20.4	0.0	1.458
8300	20.3	0.0	1.804
8301	20.0	0.0	1.853
8302	20.7	0.0	1.728
8303	21.2	0.0	1.040
8304	21.4	0.0	0.652
8305	22.3	0.0	0.451
8306	22.4	0.0	0.244
8307	22.0	0.0	0.095
8308	21.3	0.0	0.069
8309	21.2	0.0	0.207
8310	20.8	0.0	0.520
8311	20.6	0.0	1.405
8312	20.6	0.0	1.504
8313	20.9	0.0	1.511
8314	20.9	0.0	1.583
8315	20.1	0.0	1.511
8316	19.8	0.0	1.465
8317	19.4	0.0	1.356
8318	19.5	0.0	1.191
8319	19.5	0.0	1.086
8320	19.3	0.0	1.014
8321	19.7	0.0	1.053
8322	21.1	0.0	1.307
8323	21.1	0.0	1.458
8324	21.6	0.0	1.804
8325	21.3	0.0	1.853
8326	20.9	0.0	1.728
8327	21.9	0.0	1.040
8328	22.8	0.0	0.652
8329	23.1	0.0	0.451
8330	23.4	0.0	0.244
8331	23.2	0.0	0.095
8332	23.4	0.0	0.069
8333	23.8	0.0	0.207
8334	23.6	0.0	0.520
8335	23.3	0.0	1.405
8336	22.6	0.0	1.504
8337	22.8	0.0	1.511
8338	22.5	0.0	1.583
8339	22.1	0.0	1.511
8340	21.6	0.0	1.465
8341	21.0	0.0	1.356
8342	20.7	0.0	1.191
8343	20.2	0.0	1.086
8344	20.3	0.0	1.014
8345	20.3	0.0	1.053
8346	20.5	0.0	1.307
8347	20.4	0.0	1.458
8348	20.6	0.0	1.804
8349	21.3	0.0	1.853
8350	21.2	0.0	1.728
8351	21.4	0.0	1.040
8352	21.9	0.0	0.652
8353	22.3	0.0	0.451
8354	22.4	0.0	0.244
8355	22.9	0.0	0.095
8356	23.4	0.0	0.069
8357	23.3	0.0	0.207
8358	22.8	0.0	0.520
8359	22.9	0.0	1.405
8360	23.0	0.0	1.504
8361	23.1	0.0	1.511
8362	23.2	0.0	1.583
8363	22.0	0.0	1.511
8364	21.3	0.0	1.465
8365	21.1	0.0	1.356
8366	21.1	0.0	1.191
8367	21.2	0.0	1.086
8368	21.3	0.0	1.014
8369	21.4	0.0	1.053
8370	21.4	0.0	1.307
8371	21.2	0.0	1.458
8372	20.2	0.0	1.804
8373	20.6	0.0	1.853
8374	20.6	0.0	1.728
8375	20.8	0.0	1.040
8376	21.3	0.0	0.652
8377	22.0	0.0	0.451
8378	21.4	0.0	0.244
8379	21.1	0.0	0.095
8380	21.5	0.0	0.069
8381	21.8	0.0	0.207
8382	21.8	0.0	0.520
8383	20.9	0.0	1.405
8384	20.7	0.0	1.504
8385	20.3	0.0	1.511
8386	19.4	0.0	1.583
8387	19.4	0.0	1.511
8388	18.7	0.0	1.465
8389	17.9	0.0	1.356
8390	17.2	0.0	1.191
8391	16.7	0.0	1.086
8392	16.9	0.0	1.014
8393	17.1	0.0	1.053
8394	17.4	0.0	1.307
8395	17.0	0.0	1.458
8396	17.4	0.0	1.804
8397	17.6	0.0	1.853
8398	17.4	0.0	1.728
8399	18.3	0.0	1.040
8400	18.6	0.0	0.652
8401	18.8	0.0	0.451
8402	18.5	0.0	0.244
8403	18.0	0.0	0.095
8404	18.1	0.0	0.069
8405	18.5	0.0	0.207
8406	18.5	0.0	0.520
8407	19.1	0.0	1.405
8408	19.0	0.0	1.504
8409	19.1	0.0	1.511
8410	18.9	0.0	1.583
8411	18.9	0.0	1.511
8412	18.3	0.0	1.465
8413	18.5	0.0	1.356
8414	18.4	0.0	1.191
8415	18.8	0.0	1.086
8416	18.2	0.0	1.014
8417	18.9	0.0	1.053
8418	19.3	0.0	1.307
8419	19.5	0.0	1.458
8420	19.3	0.0	1.804
8421	19.1	0.0	1.853
8422	19.3	0.0	1.728
8423	19.5	0.0	1.040
8424	19.5	0.0	0.652
8425	19.2	0.0	0.451
8426	18.6	0.0	0.244
8427	18.8	0.0	0.095
8428	19.3	0.0	0.069
8429	19.3	0.0	0.207
8430	19.2	0.0	0.520
8431	19.4	0.0	1.405
8432	19.5	0.0	1.504
8433	19.1	0.0	1.511
8434	18.5	0.0	1.583
8435	18.2	0.0	1.511
8436	18.0	0.0	1.465
8437	17.6	0.0	1.356
8438	17.8	0.0	1.191
8439	17.9	0.0	1.086
8440	18.0	0.0	1.014
8441	18.4	0.0	1.053
8442	18.1	0.0	1.307
8443	18.2	0.0	1.458
8444	18.6	0.0	1.804
8445	18.3	0.0	1.853
8446	17.9	0.0	1.728
8447	17.7	0.0	1.040
8448	17.2	0.0	0.652
8449	16.7	0.0	0.451
8450	16.8	0.0	0.244
8451	16.9	0.0	0.095
8452	16.4	0.0	0.069
8453	17.4	0.0	0.207
8454	18.0	0.0	0.520
8455	18.4	0.0	1.405
8456	18.7	0.0	1.504
8457	19.0	0.0	1.511
8458	19.1	0.0	1.583
8459	19.1	0.0	1.511
8460	18.6	0.0	1.465
8461	19.1	0.0	1.356
8462	19.2	0.0	1.191
8463	19.6	0.0	1.086
8464	19.7	0.0	1.014
8465	19.6	0.0	1.053
8466	20.4	0.0	1.307
8467	20.3	0.0	1.458
8468	20.2	0.0	1.804
8469	20.7	0.0	1.853
8470	21.1	0.0	1.728
8471	21.1	0.0	1.040
8472	21.6	0.0	0.652
8473	21.8	0.0	0.451
8474	22.1	0.0	0.244
8475	22.2	0.0	0.095
8476	21.4	0.0	0.069
8477	21.3	0.0	0.207
8478	20.9	0.0	0.520
8479	20.3	0.0	1.405
8480	20.3	0.0	1.504
8481	19.8	0.0	1.511
8482	18.9	0.0	1.583
8483	17.9	0.0	1.511
8484	16.9	0.0	1.465
8485	16.9	0.0	1.356
8486	15.5	0.0	1.191
8487	14.8	0.0	1.086
8488	14.0	0.0	1.014
8489	14.4	0.0	1.053
8490	14.6	0.0	1.307
8491	15.0	0.0	1.458
8492	14.4	0.0	1.804
8493	13.7	0.0	1.853
8494	13.4	0.0	1.728
8495	13.5	0.0	1.040
8496	13.2	0.0	0.652
8497	12.7	0.0	0.451
8498	12.9	0.0	0.244
8499	12.4	0.0	0.095
8500	12.4	0.0	0.069
8501	13.0	0.0	0.207
8502	13.5	0.0	0.520
8503	14.0	0.0	1.405
8504	14.2	0.0	1.504
8505	14.3	0.0	1.511
8506	13.9	0.0	1.583
8507	13.4	0.0	1.511
8508	13.3	0.0	1.465
8509	13.1	0.0	1.356
8510	12.2	0.0	1.191
8511	11.6	0.0	1.086
8512	11.9	0.0	1.014
8513	13.0	0.0	1.053
8514	13.4	0.0	1.307
8515	14.3	0.0	1.458
8516	14.6	0.0	1.804
8517	14.5	0.0	1.853
8518	15.0	0.0	1.728
8519	15.3	0.0	1.040
8520	16.0	0.0	0.652
8521	16.9	0.0	0.451
8522	16.9	0.0	0.244
8523	17.5	0.0	0.095
8524	17.1	0.0	0.069
8525	16.6	0.0	0.207
8526	16.8	0.0	0.520
8527	16.4	0.0	1.405
8528	16.4	0.0	1.504
8529	16.3	0.0	1.511
8530	15.4	0.0	1.583
8531	15.2	0.0	1.511
8532	14.5	0.0	1.465
8533	13.9	0.0	1.356
8534	13.1	0.0	1.191
8535	13.0	0.0	1.086
8536	13.4	0.0	1.014
8537	13.4	0.0	1.053
8538	13.9	0.0	1.307
8539	14.4	0.0	1.458
8540	13.6	0.0	1.804
8541	13.9	0.0	1.853
8542	14.1	0.0	1.728
8543	13.3	0.0	1.040
8544	13.4	0.0	0.652
8545	13.0	0.0	0.451
8546	12.5	0.0	0.244
8547	12.6	0.0	0.095
8548	12.9	0.0	0.069
8549	13.1	0.0	0.207
8550	13.4	0.0	0.520
8551	13.5	0.0	1.405
8552	13.4	0.0	1.504
8553	13.4	0.0	1.511
8554	12.8	0.0	1.583
8555	12.4	0.0	1.511
8556	12.3	0.0	1.465
8557	12.4	0.0	1.356
8558	12.0	0.0	1.191
8559	11.7	0.0	1.086
8560	11.7	0.0	1.014
8561	11.4	0.0	1.053
8562	11.5	0.0	1.307
8563	11.1	0.0	1.458
8564	11.7	0.0	1.804
8565	11.8	0.0	1.853
8566	12.4	0.0	1.728
8567	12.3	0.0	1.040
8568	12.5	0.0	0.652
8569	13.0	0.0	0.451
8570	12.7	0.0	0.244
8571	12.1	0.0	0.095
8572	11.9	0.0	0.069
8573	11.9	0.0	0.207
8574	11.8	0.0	0.520
8575	11.5	0.0	1.405
8576	11.4	0.0	1.504
8577	11.3	0.0	1.511
8578	11.4	0.0	1.583
8579	11.2	0.0	1.511
8580	11.4	0.0	1.465
8581	11.0	0.0	1.356
8582	10.8	0.0	1.191
8583	10.5	0.0	1.086
8584	10.1	0.0	1.014
8585	10.6	0.0	1.053
8586	11.3	0.0	1.307
8587	11.4	0.0	1.458
8588	11.4	0.0	1.804
8589	11.9	0.0	1.853
8590	11.9	0.0	1.728
8591	11.7	0.0	1.040
8592	11.5	0.0	0.652
8593	11.7	0.0	0.451
8594	11.8	0.0	0.244
8595	11.9	0.0	0.095
8596	12.1	0.0	0.069
8597	12.2	0.0	0.207
8598	12.0	0.0	0.520
8599	11.7	0.0	1.405
8600	11.8	0.0	1.504
8601	11.8	0.0	1.511
8602	12.0	0.0	1.583
8603	11.5	0.0	1.511
8604	10.6	0.0	1.465
8605	10.6	0.0	1.356
8606	10.7	0.0	1.191
8607	9.9	0.0	1.086
8608	10.0	0.0	1.014
8609	10.6	0.0	1.053
8610	10.8	0.0	1.307
8611	10.8	0.0	1.458
8612	10.6	0.0	1.804
8613	11.1	0.0	1.853
8614	11.2	0.0	1.728
8615	11.3	0.0	1.040
8616	11.6	0.0	0.652
8617	11.6	0.0	0.451
8618	11.5	0.0	0.244
8619	10.8	0.0	0.095
8620	11.4	0.0	0.069
8621	11.3	0.0	0.207
8622	11.6	0.0	0.520
8623	12.0	0.0	1.405
8624	12.1	0.0	1.504
8625	11.6	0.0	1.511
8626	11.2	0.0	1.583
8627	10.4	0.0	1.511
8628	10.1	0.0	1.465
8629	10.0	0.0	1.356
8630	9.5	0.0	1.191
8631	9.5	0.0	1.086
8632	10.1	0.0	1.014
8633	11.0	0.0	1.053
8634	11.1	0.0	1.307
8635	11.2	0.0	1.458
8636	11.7	0.0	1.804
8637	12.0	0.0	1.853
8638	12.2	0.0	1.728
8639	11.6	0.0	1.040
8640	12.2	0.0	0.652
8641	12.4	0.0	0.451
8642	12.2	0.0	0.244
8643	12.4	0.0	0.095
8644	12.4	0.0	0.069
8645	12.6	0.0	0.207
8646	12.8	0.0	0.520
8647	12.8	0.0	1.405
8648	12.8	0.0	1.504
8649	12.4	0.0	1.511
8650	11.7	0.0	1.583
8651	12.0	0.0	1.511
8652	11.7	0.0	1.465
8653	11.1	0.0	1.356
8654	11.1	0.0	1.191
8655	11.3	0.0	1.086
8656	11.4	0.0	1.014
8657	11.9	0.0	1.053
8658	11.9	0.0	1.307
8659	11.7	0.0	1.458
8660	12.3	0.0	1.804
8661	12.6	0.0	1.853
8662	12.9	0.0	1.728
8663	13.5	0.0	1.040
8664	14.4	0.0	0.652
8665	14.1	0.0	0.451
8666	14.4	0.0	0.244
8667	14.3	0.0	0.095
8668	14.2	0.0	0.069
8669	14.2	0.0	0.207
8670	14.3	0.0	0.520
8671	14.1	0.0	1.405
8672	14.4	0.0	1.504
8673	14.3	0.0	1.511
8674	14.2	0.0	1.583
8675	13.9	0.0	1.511
8676	13.5	0.0	1.465
8677	14.2	0.0	1.356
8678	13.5	0.0	1.191
8679	12.9	0.0	1.086
8680	12.8	0.0	1.014
8681	13.3	0.0	1.053
8682	13.8	0.0	1.307
8683	13.4	0.0	1.458
8684	13.9	0.0	1.804
8685	14.1	0.0	1.853
8686	13.6	0.0	1.728
8687	14.2	0.0	1.040
8688	14.1	0.0	0.652
8689	14.1	0.0	0.451
8690	14.5	0.0	0.244
8691	14.7	0.0	0.095
8692	14.4	0.0	0.069
8693	14.6	0.0	0.207
8694	14.5	0.0	0.520
8695	14.8	0.0	1.405
8696	15.2	0.0	1.504
8697	14.9	0.0	1.511
8698	15.4	0.0	1.583
8699	15.5	0.0	1.511
8700	15.1	0.0	1.465
8701	15.0	0.0	1.356
8702	14.9	0.0	1.191
8703	14.4	0.0	1.086
8704	14.5	0.0	1.014
8705	15.3	0.0	1.053
8706	15.1	0.0	1.307
8707	15.5	0.0	1.458
8708	15.9	0.0	1.804
8709	16.5	0.0	1.853
8710	16.7	0.0	1.728
8711	17.4	0.0	1.040
8712	16.6	0.0	0.652
8713	16.6	0.0	0.451
8714	16.3	0.0	0.244
8715	16.8	0.0	0.095
8716	17.2	0.0	0.069
8717	16.8	0.0	0.207
8718	16.8	0.0	0.520
8719	16.3	0.0	1.405
8720	16.5	0.0	1.504
8721	16.4	0.0	1.511
8722	15.4	0.0	1.583
8723	15.0	0.0	1.511
8724	14.2	0.0	1.465
8725	13.4	0.0	1.356
8726	13.3	0.0	1.191
8727	13.5	0.0	1.086
8728	13.3	0.0	1.014
8729	13.9	0.0	1.053
8730	14.0	0.0	1.307
8731	13.9	0.0	1.458
8732	13.7	0.0	1.804
8733	14.0	0.0	1.853
8734	14.2	0.0	1.728
8735	14.0	0.0	1.040
8736	13.9	0.0	0.652
8737	13.1	0.0	0.451
8738	13.3	0.0	0.244
8739	13.7	0.0	0.095
8740	14.2	0.0	0.069
8741	13.5	0.0	0.207
8742	13.7	0.0	0.520
8743	13.5	0.0	1.405
8744	13.6	0.0	1.504
8745	13.1	0.0	1.511
8746	11.6	0.0	1.583
8747	10.7	0.0	1.511
8748	10.0	0.0	1.465
8749	9.1	0.0	1.356
8750	9.0	0.0	1.191
8751	9.3	0.0	1.086
8752	9.2	0.0	1.014
8753	9.3	0.0	1.053
8754	9.6	0.0	1.307
8755	10.0	0.0	1.458
8756	9.7	0.0	1.804
8757	9.7	0.0	1.853
8758	9.9	0.0	1.728
8759	10.7	0.0	1.040
8760	10.6	0.0	0.652
