# HOY	Heat Demand	Load duration curve	Dhw Demand
# [h]	[kWh / h]	[kWh / h]	[kWh / h]
1	13.3	20.6	0.334
2	13.5	20.6	0.180
3	14.1	20.1	0.071
4	13.9	20.1	0.051
5	14.1	20.1	0.153
6	14.1	20.0	0.385
7	13.9	19.2	1.040
8	13.8	19.2	1.113
9	13.9	18.6	1.118
10	13.1	18.5	1.171
11	13.1	18.5	1.118
12	12.4	18.5	1.083
13	12.0	18.4	1.003
14	12.1	18.4	0.881
15	12.1	18.4	0.803
16	12.4	18.4	0.750
17	13.2	18.4	0.779
18	14.2	18.3	0.967
19	15.2	18.3	1.079
20	15.4	18.3	1.334
21	15.6	18.3	1.371
22	16.1	18.3	1.278
23	16.4	18.2	0.769
24	17.0	18.2	0.482
25	17.6	18.2	0.334
26	17.1	18.2	0.180
27	17.2	18.2	0.071
28	17.2	18.1	0.051
29	17.0	18.0	0.153
30	16.8	18.0	0.385
31	17.1	18.0	1.040
32	17.3	17.9	1.113
33	16.9	17.9	1.118
34	16.5	17.9	1.171
35	16.0	17.8	1.118
36	15.4	17.8	1.083
37	15.0	17.7	1.003
38	14.9	17.7	0.881
39	14.3	17.7	0.803
40	14.7	17.6	0.750
41	15.3	17.6	0.779
42	16.0	17.6	0.967
43	16.1	17.6	1.079
44	16.2	17.6	1.334
45	16.4	17.5	1.371
46	16.4	17.5	1.278
47	16.5	17.5	0.769
48	16.5	17.5	0.482
49	16.5	17.5	0.334
50	16.4	17.4	0.180
51	16.5	17.4	0.071
52	16.9	17.4	0.051
53	17.0	17.4	0.153
54	16.8	17.4	0.385
55	17.3	17.3	1.040
56	17.1	17.3	1.113
57	16.9	17.3	1.118
58	17.0	17.3	1.171
59	16.6	17.3	1.118
60	16.4	17.3	1.083
61	15.7	17.2	1.003
62	15.3	17.2	0.881
63	15.1	17.2	0.803
64	15.0	17.2	0.750
65	15.2	17.2	0.779
66	15.8	17.2	0.967
67	16.3	17.1	1.079
68	16.7	17.1	1.334
69	17.2	17.1	1.371
70	17.6	17.1	1.278
71	17.9	17.1	0.769
72	18.2	17.1	0.482
73	18.4	17.0	0.334
74	18.4	17.0	0.180
75	18.2	17.0	0.071
76	18.3	17.0	0.051
77	18.3	17.0	0.153
78	18.2	17.0	0.385
79	17.8	17.0	1.040
80	17.3	16.9	1.113
81	16.7	16.9	1.118
82	15.9	16.9	1.171
83	14.5	16.9	1.118
84	13.3	16.9	1.083
85	12.3	16.8	1.003
86	11.9	16.8	0.881
87	12.0	16.8	0.803
88	12.0	16.8	0.750
89	12.2	16.8	0.779
90	12.3	16.8	0.967
91	12.3	16.8	1.079
92	12.0	16.7	1.334
93	12.3	16.7	1.371
94	12.6	16.7	1.278
95	12.7	16.7	0.769
96	12.7	16.7	0.482
97	12.7	16.7	0.334
98	12.8	16.7	0.180
99	13.3	16.6	0.071
100	13.7	16.6	0.051
101	14.0	16.6	0.153
102	14.2	16.6	0.385
103	14.7	16.6	1.040
104	14.9	16.6	1.113
105	15.2	16.6	1.118
106	15.2	16.5	1.171
107	15.4	16.5	1.118
108	15.6	16.5	1.083
109	15.6	16.5	1.003
110	16.0	16.5	0.881
111	16.8	16.5	0.803
112	16.7	16.5	0.750
113	17.5	16.5	0.779
114	18.2	16.5	0.967
115	18.3	16.5	1.079
116	18.0	16.4	1.334
117	18.5	16.4	1.371
118	19.2	16.4	1.278
119	20.0	16.4	0.769
120	20.1	16.4	0.482
121	20.6	16.4	0.334
122	20.6	16.4	0.180
123	20.1	16.4	0.071
124	20.1	16.4	0.051
125	19.2	16.4	0.153
126	18.6	16.4	0.385
127	18.4	16.4	1.040
128	18.3	16.4	1.113
129	18.0	16.4	1.118
130	17.3	16.3	1.171
131	16.4	16.3	1.118
132	15.5	16.3	1.083
133	14.3	16.3	1.003
134	13.4	16.3	0.881
135	13.0	16.3	0.803
136	12.4	16.3	0.750
137	12.4	16.3	0.779
138	12.8	16.3	0.967
139	12.3	16.3	1.079
140	12.2	16.3	1.334
141	12.3	16.2	1.371
142	12.3	16.2	1.278
143	12.3	16.2	0.769
144	12.2	16.2	0.482
145	12.0	16.2	0.334
146	12.3	16.2	0.180
147	12.3	16.2	0.071
148	12.5	16.2	0.051
149	13.0	16.2	0.153
150	12.7	16.2	0.385
151	12.8	16.1	1.040
152	13.1	16.1	1.113
153	12.9	16.1	1.118
154	12.0	16.1	1.171
155	11.7	16.1	1.118
156	11.1	16.1	1.083
157	10.6	16.1	1.003
158	9.7	16.1	0.881
159	9.3	16.1	0.803
160	9.3	16.1	0.750
161	10.2	16.1	0.779
162	10.7	16.1	0.967
163	11.6	16.1	1.079
164	11.7	16.1	1.334
165	12.4	16.1	1.371
166	12.5	16.0	1.278
167	13.4	16.0	0.769
168	13.5	16.0	0.482
169	13.8	16.0	0.334
170	13.7	16.0	0.180
171	13.8	16.0	0.071
172	13.3	16.0	0.051
173	13.2	16.0	0.153
174	12.7	16.0	0.385
175	12.7	16.0	1.040
176	12.5	16.0	1.113
177	12.4	16.0	1.118
178	12.1	16.0	1.171
179	11.5	16.0	1.118
180	10.9	16.0	1.083
181	11.1	16.0	1.003
182	10.8	15.9	0.881
183	11.1	15.9	0.803
184	11.0	15.9	0.750
185	10.9	15.9	0.779
186	11.0	15.9	0.967
187	11.3	15.9	1.079
188	10.6	15.9	1.334
189	10.3	15.9	1.371
190	10.2	15.9	1.278
191	9.8	15.9	0.769
192	9.4	15.9	0.482
193	8.8	15.9	0.334
194	8.9	15.9	0.180
195	9.2	15.9	0.071
196	9.3	15.9	0.051
197	8.9	15.9	0.153
198	8.5	15.9	0.385
199	8.9	15.9	1.040
200	8.8	15.8	1.113
201	9.0	15.8	1.118
202	8.3	15.8	1.171
203	8.2	15.8	1.118
204	8.3	15.8	1.083
205	8.1	15.8	1.003
206	7.5	15.8	0.881
207	6.8	15.8	0.803
208	6.6	15.8	0.750
209	6.7	15.8	0.779
210	6.5	15.8	0.967
211	6.6	15.7	1.079
212	6.6	15.7	1.334
213	6.5	15.7	1.371
214	6.6	15.7	1.278
215	6.4	15.7	0.769
216	6.0	15.7	0.482
217	6.2	15.7	0.334
218	6.4	15.7	0.180
219	6.7	15.7	0.071
220	7.0	15.7	0.051
221	7.4	15.6	0.153
222	7.7	15.6	0.385
223	8.2	15.6	1.040
224	8.4	15.6	1.113
225	8.3	15.6	1.118
226	8.5	15.6	1.171
227	8.6	15.6	1.118
228	8.4	15.6	1.083
229	8.2	15.6	1.003
230	8.3	15.6	0.881
231	8.2	15.6	0.803
232	9.0	15.6	0.750
233	9.5	15.6	0.779
234	10.3	15.6	0.967
235	10.3	15.6	1.079
236	10.9	15.6	1.334
237	11.7	15.6	1.371
238	12.6	15.6	1.278
239	13.3	15.6	0.769
240	13.7	15.6	0.482
241	14.2	15.6	0.334
242	14.3	15.6	0.180
243	14.3	15.5	0.071
244	14.3	15.5	0.051
245	14.2	15.5	0.153
246	14.1	15.5	0.385
247	14.1	15.5	1.040
248	13.8	15.5	1.113
249	14.1	15.5	1.118
250	13.4	15.5	1.171
251	13.5	15.5	1.118
252	12.3	15.5	1.083
253	12.1	15.5	1.003
254	11.3	15.5	0.881
255	11.4	15.4	0.803
256	11.8	15.4	0.750
257	12.8	15.4	0.779
258	12.8	15.4	0.967
259	13.0	15.4	1.079
260	13.5	15.4	1.334
261	13.8	15.4	1.371
262	14.3	15.4	1.278
263	14.3	15.4	0.769
264	14.4	15.4	0.482
265	14.4	15.4	0.334
266	14.6	15.4	0.180
267	14.5	15.4	0.071
268	14.5	15.4	0.051
269	14.2	15.4	0.153
270	14.4	15.4	0.385
271	14.2	15.3	1.040
272	14.4	15.3	1.113
273	14.4	15.3	1.118
274	14.0	15.3	1.171
275	13.5	15.3	1.118
276	12.6	15.3	1.083
277	12.0	15.3	1.003
278	11.5	15.3	0.881
279	11.2	15.3	0.803
280	11.2	15.3	0.750
281	11.1	15.3	0.779
282	11.4	15.3	0.967
283	11.4	15.3	1.079
284	11.4	15.3	1.334
285	11.9	15.3	1.371
286	11.9	15.3	1.278
287	12.0	15.3	0.769
288	12.1	15.3	0.482
289	11.7	15.2	0.334
290	11.7	15.2	0.180
291	11.6	15.2	0.071
292	11.6	15.2	0.051
293	11.8	15.2	0.153
294	11.9	15.2	0.385
295	11.6	15.2	1.040
296	11.6	15.2	1.113
297	11.6	15.2	1.118
298	11.5	15.2	1.171
299	10.9	15.2	1.118
300	10.5	15.2	1.083
301	10.0	15.2	1.003
302	9.8	15.2	0.881
303	9.7	15.2	0.803
304	9.3	15.1	0.750
305	9.8	15.1	0.779
306	9.7	15.1	0.967
307	9.8	15.1	1.079
308	10.0	15.1	1.334
309	10.1	15.1	1.371
310	10.7	15.1	1.278
311	10.6	15.1	0.769
312	10.9	15.1	0.482
313	11.0	15.1	0.334
314	10.9	15.1	0.180
315	10.9	15.1	0.071
316	10.6	15.1	0.051
317	10.4	15.1	0.153
318	10.2	15.0	0.385
319	10.5	15.0	1.040
320	10.6	15.0	1.113
321	10.7	15.0	1.118
322	10.5	15.0	1.171
323	10.3	15.0	1.118
324	10.5	15.0	1.083
325	10.1	15.0	1.003
326	9.9	15.0	0.881
327	9.2	15.0	0.803
328	8.8	15.0	0.750
329	9.2	14.9	0.779
330	9.3	14.9	0.967
331	9.7	14.9	1.079
332	10.0	14.9	1.334
333	10.0	14.9	1.371
334	10.1	14.9	1.278
335	10.3	14.9	0.769
336	10.1	14.9	0.482
337	10.2	14.9	0.334
338	10.4	14.9	0.180
339	10.7	14.9	0.071
340	11.1	14.8	0.051
341	11.3	14.8	0.153
342	11.3	14.8	0.385
343	11.3	14.8	1.040
344	11.8	14.8	1.113
345	11.9	14.8	1.118
346	12.1	14.8	1.171
347	11.7	14.8	1.118
348	11.5	14.8	1.083
349	11.3	14.8	1.003
350	11.7	14.8	0.881
351	11.8	14.8	0.803
352	11.9	14.8	0.750
353	12.2	14.8	0.779
354	12.7	14.8	0.967
355	12.8	14.8	1.079
356	13.3	14.8	1.334
357	13.2	14.8	1.371
358	13.6	14.8	1.278
359	13.5	14.8	0.769
360	13.2	14.8	0.482
361	13.1	14.7	0.334
362	13.4	14.7	0.180
363	13.7	14.7	0.071
364	13.6	14.7	0.051
365	13.4	14.7	0.153
366	14.0	14.7	0.385
367	14.1	14.7	1.040
368	14.3	14.7	1.113
369	14.2	14.7	1.118
370	14.3	14.7	1.171
371	13.4	14.7	1.118
372	13.1	14.7	1.083
373	12.8	14.7	1.003
374	12.5	14.7	0.881
375	12.7	14.7	0.803
376	13.3	14.7	0.750
377	14.2	14.7	0.779
378	14.8	14.7	0.967
379	15.2	14.6	1.079
380	15.5	14.6	1.334
381	15.7	14.6	1.371
382	16.4	14.6	1.278
383	17.0	14.6	0.769
384	17.4	14.6	0.482
385	18.3	14.6	0.334
386	18.5	14.6	0.180
387	18.5	14.6	0.071
388	18.4	14.6	0.051
389	18.4	14.6	0.153
390	18.2	14.5	0.385
391	18.1	14.5	1.040
392	17.9	14.5	1.113
393	17.1	14.5	1.118
394	16.4	14.5	1.171
395	15.6	14.5	1.118
396	14.8	14.5	1.083
397	13.7	14.5	1.003
398	12.7	14.5	0.881
399	12.8	14.5	0.803
400	12.5	14.5	0.750
401	12.3	14.5	0.779
402	12.8	14.5	0.967
403	12.6	14.5	1.079
404	12.5	14.5	1.334
405	13.3	14.5	1.371
406	12.8	14.5	1.278
407	12.9	14.5	0.769
408	12.7	14.5	0.482
409	11.9	14.5	0.334
410	12.3	14.5	0.180
411	12.7	14.5	0.071
412	12.7	14.5	0.051
413	12.8	14.5	0.153
414	12.8	14.5	0.385
415	13.3	14.5	1.040
416	13.5	14.5	1.113
417	13.2	14.5	1.118
418	12.8	14.5	1.171
419	12.8	14.4	1.118
420	12.4	14.4	1.083
421	12.1	14.4	1.003
422	12.1	14.4	0.881
423	12.1	14.4	0.803
424	12.6	14.4	0.750
425	12.8	14.4	0.779
426	12.9	14.4	0.967
427	13.5	14.4	1.079
428	13.6	14.4	1.334
429	14.3	14.4	1.371
430	14.5	14.4	1.278
431	14.4	14.4	0.769
432	14.3	14.4	0.482
433	14.5	14.4	0.334
434	14.8	14.4	0.180
435	15.4	14.4	0.071
436	15.8	14.4	0.051
437	15.4	14.4	0.153
438	15.2	14.4	0.385
439	15.0	14.4	1.040
440	15.1	14.4	1.113
441	14.8	14.4	1.118
442	14.8	14.4	1.171
443	15.0	14.4	1.118
444	14.4	14.4	1.083
445	14.1	14.4	1.003
446	13.7	14.4	0.881
447	13.0	14.4	0.803
448	13.2	14.3	0.750
449	13.2	14.3	0.779
450	13.0	14.3	0.967
451	13.5	14.3	1.079
452	13.8	14.3	1.334
453	14.3	14.3	1.371
454	14.7	14.3	1.278
455	14.4	14.3	0.769
456	14.1	14.3	0.482
457	14.3	14.3	0.334
458	14.8	14.3	0.180
459	14.9	14.3	0.071
460	15.4	14.3	0.051
461	15.3	14.3	0.153
462	15.4	14.3	0.385
463	15.4	14.3	1.040
464	15.5	14.3	1.113
465	15.6	14.3	1.118
466	14.8	14.3	1.171
467	14.4	14.3	1.118
468	13.8	14.3	1.083
469	13.3	14.3	1.003
470	13.0	14.3	0.881
471	12.6	14.3	0.803
472	12.3	14.3	0.750
473	12.5	14.3	0.779
474	12.3	14.3	0.967
475	12.5	14.3	1.079
476	13.0	14.3	1.334
477	12.8	14.2	1.371
478	13.1	14.2	1.278
479	13.2	14.2	0.769
480	13.2	14.2	0.482
481	13.2	14.2	0.334
482	13.9	14.2	0.180
483	13.9	14.2	0.071
484	14.3	14.2	0.051
485	14.3	14.2	0.153
486	14.2	14.2	0.385
487	14.4	14.2	1.040
488	14.3	14.2	1.113
489	14.0	14.2	1.118
490	13.4	14.2	1.171
491	13.0	14.2	1.118
492	12.2	14.2	1.083
493	12.4	14.2	1.003
494	11.9	14.2	0.881
495	11.9	14.2	0.803
496	11.9	14.2	0.750
497	11.9	14.2	0.779
498	12.5	14.2	0.967
499	12.7	14.1	1.079
500	13.4	14.1	1.334
501	13.3	14.1	1.371
502	13.9	14.1	1.278
503	14.1	14.1	0.769
504	14.5	14.1	0.482
505	14.7	14.1	0.334
506	14.4	14.1	0.180
507	14.4	14.1	0.071
508	14.5	14.1	0.051
509	14.8	14.1	0.153
510	15.3	14.1	0.385
511	15.6	14.1	1.040
512	15.8	14.1	1.113
513	15.5	14.1	1.118
514	15.0	14.1	1.171
515	14.5	14.1	1.118
516	14.0	14.1	1.083
517	13.8	14.1	1.003
518	13.5	14.1	0.881
519	13.4	14.0	0.803
520	13.9	14.0	0.750
521	14.0	14.0	0.779
522	14.1	14.0	0.967
523	14.4	14.0	1.079
524	14.2	14.0	1.334
525	14.3	14.0	1.371
526	14.7	14.0	1.278
527	15.1	14.0	0.769
528	15.6	14.0	0.482
529	15.8	14.0	0.334
530	15.8	14.0	0.180
531	16.3	14.0	0.071
532	16.0	14.0	0.051
533	16.2	14.0	0.153
534	15.9	14.0	0.385
535	16.3	14.0	1.040
536	16.3	14.0	1.113
537	15.9	14.0	1.118
538	15.2	14.0	1.171
539	14.5	14.0	1.118
540	13.6	13.9	1.083
541	13.1	13.9	1.003
542	12.2	13.9	0.881
543	12.1	13.9	0.803
544	12.4	13.9	0.750
545	12.6	13.9	0.779
546	12.9	13.9	0.967
547	13.1	13.9	1.079
548	13.3	13.9	1.334
549	13.5	13.9	1.371
550	14.1	13.9	1.278
551	14.4	13.9	0.769
552	14.9	13.9	0.482
553	14.8	13.9	0.334
554	14.8	13.9	0.180
555	14.9	13.9	0.071
556	14.8	13.9	0.051
557	15.4	13.9	0.153
558	15.6	13.8	0.385
559	15.3	13.8	1.040
560	15.1	13.8	1.113
561	14.6	13.8	1.118
562	14.1	13.8	1.171
563	13.8	13.8	1.118
564	13.5	13.8	1.083
565	13.0	13.8	1.003
566	12.7	13.8	0.881
567	12.4	13.8	0.803
568	12.5	13.8	0.750
569	12.8	13.8	0.779
570	12.9	13.8	0.967
571	13.1	13.8	1.079
572	13.4	13.8	1.334
573	13.2	13.8	1.371
574	13.4	13.8	1.278
575	13.3	13.8	0.769
576	13.0	13.8	0.482
577	13.0	13.8	0.334
578	13.3	13.8	0.180
579	13.5	13.7	0.071
580	12.8	13.7	0.051
581	12.6	13.7	0.153
582	12.7	13.7	0.385
583	12.6	13.7	1.040
584	12.2	13.7	1.113
585	11.9	13.7	1.118
586	11.6	13.7	1.171
587	11.0	13.7	1.118
588	10.3	13.7	1.083
589	9.8	13.7	1.003
590	9.6	13.7	0.881
591	9.2	13.7	0.803
592	8.9	13.7	0.750
593	9.0	13.7	0.779
594	9.0	13.7	0.967
595	9.1	13.7	1.079
596	8.9	13.7	1.334
597	9.2	13.7	1.371
598	9.5	13.7	1.278
599	9.8	13.7	0.769
600	9.9	13.7	0.482
601	9.8	13.7	0.334
602	10.3	13.6	0.180
603	10.9	13.6	0.071
604	11.2	13.6	0.051
605	11.6	13.6	0.153
606	11.5	13.6	0.385
607	11.5	13.6	1.040
608	11.5	13.6	1.113
609	11.8	13.6	1.118
610	11.7	13.6	1.171
611	11.5	13.6	1.118
612	11.6	13.6	1.083
613	11.6	13.6	1.003
614	11.2	13.6	0.881
615	11.1	13.6	0.803
616	10.7	13.6	0.750
617	11.4	13.6	0.779
618	11.7	13.6	0.967
619	12.4	13.6	1.079
620	12.6	13.6	1.334
621	13.5	13.6	1.371
622	13.9	13.6	1.278
623	14.0	13.6	0.769
624	14.2	13.6	0.482
625	14.8	13.6	0.334
626	15.0	13.6	0.180
627	14.8	13.5	0.071
628	14.5	13.5	0.051
629	14.5	13.5	0.153
630	14.6	13.5	0.385
631	14.1	13.5	1.040
632	14.0	13.5	1.113
633	13.7	13.5	1.118
634	13.4	13.5	1.171
635	12.5	13.5	1.118
636	11.7	13.5	1.083
637	11.5	13.5	1.003
638	11.3	13.5	0.881
639	11.3	13.5	0.803
640	11.6	13.5	0.750
641	11.4	13.5	0.779
642	12.0	13.5	0.967
643	12.5	13.5	1.079
644	12.5	13.5	1.334
645	12.6	13.5	1.371
646	12.2	13.5	1.278
647	12.0	13.5	0.769
648	11.8	13.5	0.482
649	11.9	13.5	0.334
650	12.4	13.5	0.180
651	12.4	13.5	0.071
652	12.5	13.5	0.051
653	12.8	13.5	0.153
654	13.3	13.5	0.385
655	13.1	13.5	1.040
656	13.1	13.5	1.113
657	13.1	13.5	1.118
658	12.8	13.5	1.171
659	12.5	13.5	1.118
660	12.2	13.5	1.083
661	12.1	13.5	1.003
662	12.1	13.5	0.881
663	12.2	13.5	0.803
664	12.1	13.5	0.750
665	12.7	13.4	0.779
666	13.2	13.4	0.967
667	13.8	13.4	1.079
668	14.5	13.4	1.334
669	15.0	13.4	1.371
670	15.6	13.4	1.278
671	16.3	13.4	0.769
672	16.6	13.4	0.482
673	16.7	13.4	0.334
674	16.2	13.4	0.180
675	15.9	13.4	0.071
676	15.5	13.4	0.051
677	14.4	13.4	0.153
678	13.6	13.4	0.385
679	13.4	13.4	1.040
680	13.3	13.4	1.113
681	13.3	13.4	1.118
682	12.9	13.4	1.171
683	12.4	13.4	1.118
684	11.7	13.4	1.083
685	11.6	13.4	1.003
686	11.4	13.4	0.881
687	11.2	13.4	0.803
688	10.1	13.4	0.750
689	9.6	13.3	0.779
690	9.5	13.3	0.967
691	9.2	13.3	1.079
692	8.8	13.3	1.334
693	8.1	13.3	1.371
694	7.7	13.3	1.278
695	7.0	13.3	0.769
696	6.7	13.3	0.482
697	6.6	13.3	0.334
698	6.4	13.3	0.180
699	6.8	13.3	0.071
700	7.0	13.3	0.051
701	7.2	13.3	0.153
702	7.1	13.3	0.385
703	7.3	13.3	1.040
704	7.7	13.3	1.113
705	7.5	13.3	1.118
706	7.3	13.3	1.171
707	7.4	13.3	1.118
708	6.9	13.3	1.083
709	6.5	13.3	1.003
710	6.6	13.3	0.881
711	6.9	13.3	0.803
712	6.6	13.3	0.750
713	6.5	13.3	0.779
714	6.5	13.3	0.967
715	6.4	13.3	1.079
716	6.1	13.3	1.334
717	6.3	13.3	1.371
718	5.9	13.3	1.278
719	6.1	13.3	0.769
720	6.5	13.3	0.482
721	6.6	13.3	0.334
722	6.3	13.3	0.180
723	6.1	13.3	0.071
724	5.9	13.3	0.051
725	5.7	13.3	0.153
726	5.9	13.3	0.385
727	6.0	13.2	1.040
728	6.1	13.2	1.113
729	6.4	13.2	1.118
730	5.9	13.2	1.171
731	5.3	13.2	1.118
732	5.0	13.2	1.083
733	4.6	13.2	1.003
734	4.2	13.2	0.881
735	4.4	13.2	0.803
736	4.7	13.2	0.750
737	5.0	13.2	0.779
738	6.0	13.2	0.967
739	6.9	13.2	1.079
740	7.2	13.2	1.334
741	7.3	13.2	1.371
742	7.3	13.2	1.278
743	7.9	13.2	0.769
744	8.4	13.2	0.482
745	8.6	13.2	0.334
746	9.1	13.2	0.180
747	9.1	13.2	0.071
748	8.9	13.2	0.051
749	9.0	13.2	0.153
750	9.0	13.2	0.385
751	8.8	13.2	1.040
752	9.4	13.2	1.113
753	9.1	13.2	1.118
754	8.6	13.2	1.171
755	7.9	13.2	1.118
756	7.6	13.2	1.083
757	7.4	13.2	1.003
758	7.1	13.2	0.881
759	7.2	13.2	0.803
760	7.1	13.1	0.750
761	7.4	13.1	0.779
762	7.8	13.1	0.967
763	8.4	13.1	1.079
764	9.0	13.1	1.334
765	9.8	13.1	1.371
766	10.5	13.1	1.278
767	11.3	13.1	0.769
768	11.5	13.1	0.482
769	11.7	13.1	0.334
770	11.5	13.1	0.180
771	11.5	13.1	0.071
772	12.1	13.1	0.051
773	12.6	13.1	0.153
774	12.8	13.1	0.385
775	13.1	13.1	1.040
776	13.3	13.1	1.113
777	13.2	13.1	1.118
778	13.2	13.1	1.171
779	13.0	13.1	1.118
780	12.9	13.1	1.083
781	12.7	13.1	1.003
782	12.4	13.1	0.881
783	12.5	13.1	0.803
784	12.8	13.1	0.750
785	13.1	13.1	0.779
786	13.3	13.1	0.967
787	14.1	13.1	1.079
788	15.0	13.1	1.334
789	15.6	13.1	1.371
790	15.9	13.1	1.278
791	16.3	13.1	0.769
792	16.4	13.1	0.482
793	16.5	13.1	0.334
794	16.8	13.1	0.180
795	16.8	13.0	0.071
796	17.1	13.0	0.051
797	17.4	13.0	0.153
798	17.5	13.0	0.385
799	18.0	13.0	1.040
800	17.6	13.0	1.113
801	17.5	13.0	1.118
802	17.0	13.0	1.171
803	16.4	13.0	1.118
804	15.6	13.0	1.083
805	15.4	13.0	1.003
806	14.8	13.0	0.881
807	14.7	13.0	0.803
808	14.9	13.0	0.750
809	15.1	13.0	0.779
810	15.4	13.0	0.967
811	16.0	13.0	1.079
812	16.2	13.0	1.334
813	15.9	13.0	1.371
814	16.6	13.0	1.278
815	16.2	13.0	0.769
816	16.1	13.0	0.482
817	16.5	13.0	0.334
818	16.4	13.0	0.180
819	16.2	13.0	0.071
820	16.5	13.0	0.051
821	15.9	13.0	0.153
822	15.3	13.0	0.385
823	15.1	12.9	1.040
824	14.8	12.9	1.113
825	14.5	12.9	1.118
826	14.3	12.9	1.171
827	13.5	12.9	1.118
828	12.6	12.9	1.083
829	12.0	12.9	1.003
830	11.2	12.9	0.881
831	11.1	12.9	0.803
832	11.0	12.9	0.750
833	10.9	12.9	0.779
834	10.9	12.9	0.967
835	11.6	12.9	1.079
836	11.6	12.9	1.334
837	11.7	12.9	1.371
838	11.9	12.9	1.278
839	12.3	12.9	0.769
840	12.1	12.9	0.482
841	12.2	12.9	0.334
842	12.0	12.9	0.180
843	11.9	12.9	0.071
844	12.2	12.9	0.051
845	12.2	12.9	0.153
846	12.3	12.8	0.385
847	12.4	12.8	1.040
848	12.2	12.8	1.113
849	11.9	12.8	1.118
850	11.5	12.8	1.171
851	11.1	12.8	1.118
852	10.6	12.8	1.083
853	9.9	12.8	1.003
854	10.1	12.8	0.881
855	10.0	12.8	0.803
856	10.3	12.8	0.750
857	10.6	12.8	0.779
858	11.1	12.8	0.967
859	11.6	12.8	1.079
860	12.2	12.8	1.334
861	12.3	12.8	1.371
862	12.3	12.8	1.278
863	12.5	12.8	0.769
864	12.3	12.8	0.482
865	12.2	12.8	0.334
866	12.6	12.8	0.180
867	12.4	12.8	0.071
868	12.5	12.8	0.051
869	12.0	12.8	0.153
870	12.2	12.8	0.385
871	12.4	12.8	1.040
872	12.1	12.8	1.113
873	12.2	12.8	1.118
874	12.1	12.8	1.171
875	11.4	12.8	1.118
876	11.3	12.8	1.083
877	10.7	12.8	1.003
878	10.4	12.8	0.881
879	10.3	12.8	0.803
880	9.9	12.8	0.750
881	10.0	12.8	0.779
882	10.3	12.8	0.967
883	11.0	12.8	1.079
884	11.2	12.8	1.334
885	11.5	12.8	1.371
886	11.4	12.7	1.278
887	12.1	12.7	0.769
888	12.0	12.7	0.482
889	12.0	12.7	0.334
890	11.8	12.7	0.180
891	11.7	12.7	0.071
892	11.1	12.7	0.051
893	11.5	12.7	0.153
894	11.3	12.7	0.385
895	11.3	12.7	1.040
896	11.0	12.7	1.113
897	10.9	12.7	1.118
898	10.9	12.7	1.171
899	10.4	12.7	1.118
900	10.5	12.7	1.083
901	10.7	12.7	1.003
902	10.6	12.7	0.881
903	10.6	12.7	0.803
904	10.4	12.7	0.750
905	10.3	12.7	0.779
906	10.0	12.7	0.967
907	9.9	12.7	1.079
908	9.8	12.7	1.334
909	10.0	12.7	1.371
910	10.0	12.7	1.278
911	10.2	12.7	0.769
912	10.0	12.7	0.482
913	10.0	12.7	0.334
914	10.3	12.7	0.180
915	10.6	12.7	0.071
916	11.0	12.7	0.051
917	11.0	12.7	0.153
918	11.6	12.7	0.385
919	11.4	12.7	1.040
920	11.1	12.7	1.113
921	11.1	12.7	1.118
922	10.7	12.7	1.171
923	10.6	12.7	1.118
924	9.9	12.7	1.083
925	9.8	12.7	1.003
926	9.7	12.7	0.881
927	9.5	12.7	0.803
928	9.5	12.7	0.750
929	9.4	12.7	0.779
930	10.1	12.7	0.967
931	10.5	12.7	1.079
932	11.0	12.7	1.334
933	11.1	12.7	1.371
934	11.7	12.7	1.278
935	12.0	12.7	0.769
936	12.1	12.6	0.482
937	11.9	12.6	0.334
938	12.3	12.6	0.180
939	12.2	12.6	0.071
940	12.1	12.6	0.051
941	12.2	12.6	0.153
942	12.4	12.6	0.385
943	12.7	12.6	1.040
944	12.7	12.6	1.113
945	12.7	12.6	1.118
946	12.6	12.6	1.171
947	12.2	12.6	1.118
948	11.4	12.6	1.083
949	10.9	12.6	1.003
950	10.5	12.6	0.881
951	11.0	12.6	0.803
952	11.3	12.6	0.750
953	11.3	12.6	0.779
954	11.5	12.6	0.967
955	11.6	12.6	1.079
956	12.2	12.6	1.334
957	12.1	12.6	1.371
958	12.1	12.6	1.278
959	12.5	12.6	0.769
960	12.6	12.6	0.482
961	12.8	12.6	0.334
962	13.0	12.6	0.180
963	13.1	12.6	0.071
964	13.2	12.6	0.051
965	13.3	12.6	0.153
966	13.2	12.6	0.385
967	13.2	12.6	1.040
968	13.4	12.6	1.113
969	12.8	12.6	1.118
970	12.4	12.6	1.171
971	12.1	12.6	1.118
972	11.6	12.6	1.083
973	10.8	12.6	1.003
974	10.6	12.6	0.881
975	10.3	12.6	0.803
976	10.2	12.6	0.750
977	10.6	12.6	0.779
978	11.1	12.6	0.967
979	12.1	12.6	1.079
980	12.3	12.6	1.334
981	12.9	12.5	1.371
982	13.5	12.5	1.278
983	13.1	12.5	0.769
984	13.4	12.5	0.482
985	13.6	12.5	0.334
986	13.6	12.5	0.180
987	13.5	12.5	0.071
988	13.7	12.5	0.051
989	13.7	12.5	0.153
990	13.5	12.5	0.385
991	13.3	12.5	1.040
992	13.2	12.5	1.113
993	13.0	12.5	1.118
994	12.3	12.5	1.171
995	12.1	12.5	1.118
996	11.8	12.5	1.083
997	11.2	12.5	1.003
998	10.9	12.5	0.881
999	10.9	12.5	0.803
1000	11.0	12.5	0.750
1001	11.1	12.5	0.779
1002	11.5	12.5	0.967
1003	11.8	12.5	1.079
1004	11.9	12.5	1.334
1005	11.9	12.5	1.371
1006	12.6	12.5	1.278
1007	12.6	12.5	0.769
1008	12.1	12.5	0.482
1009	12.2	12.5	0.334
1010	12.2	12.5	0.180
1011	12.6	12.5	0.071
1012	12.6	12.5	0.051
1013	12.2	12.5	0.153
1014	12.0	12.5	0.385
1015	11.8	12.5	1.040
1016	11.6	12.5	1.113
1017	11.3	12.5	1.118
1018	11.3	12.5	1.171
1019	10.6	12.5	1.118
1020	10.2	12.5	1.083
1021	10.1	12.5	1.003
1022	9.4	12.5	0.881
1023	8.7	12.5	0.803
1024	8.8	12.5	0.750
1025	8.6	12.4	0.779
1026	8.5	12.4	0.967
1027	8.9	12.4	1.079
1028	9.5	12.4	1.334
1029	9.9	12.4	1.371
1030	9.5	12.4	1.278
1031	9.9	12.4	0.769
1032	9.9	12.4	0.482
1033	9.7	12.4	0.334
1034	9.9	12.4	0.180
1035	10.1	12.4	0.071
1036	10.3	12.4	0.051
1037	10.1	12.4	0.153
1038	10.0	12.4	0.385
1039	10.1	12.4	1.040
1040	10.0	12.4	1.113
1041	10.0	12.4	1.118
1042	10.2	12.4	1.171
1043	10.1	12.4	1.118
1044	10.6	12.4	1.083
1045	10.2	12.4	1.003
1046	10.4	12.4	0.881
1047	10.2	12.4	0.803
1048	10.5	12.4	0.750
1049	10.9	12.4	0.779
1050	11.0	12.4	0.967
1051	11.2	12.4	1.079
1052	11.4	12.4	1.334
1053	11.5	12.4	1.371
1054	11.6	12.4	1.278
1055	11.4	12.4	0.769
1056	11.6	12.4	0.482
1057	11.2	12.4	0.334
1058	11.2	12.4	0.180
1059	11.1	12.4	0.071
1060	11.0	12.4	0.051
1061	11.0	12.4	0.153
1062	11.0	12.4	0.385
1063	11.0	12.4	1.040
1064	11.0	12.4	1.113
1065	10.6	12.4	1.118
1066	10.7	12.4	1.171
1067	10.2	12.4	1.118
1068	10.0	12.4	1.083
1069	9.5	12.4	1.003
1070	9.0	12.3	0.881
1071	8.8	12.3	0.803
1072	9.1	12.3	0.750
1073	9.1	12.3	0.779
1074	8.8	12.3	0.967
1075	8.8	12.3	1.079
1076	8.7	12.3	1.334
1077	8.3	12.3	1.371
1078	7.8	12.3	1.278
1079	7.9	12.3	0.769
1080	7.8	12.3	0.482
1081	7.9	12.3	0.334
1082	8.0	12.3	0.180
1083	7.7	12.3	0.071
1084	7.9	12.3	0.051
1085	8.0	12.3	0.153
1086	7.6	12.3	0.385
1087	7.6	12.3	1.040
1088	7.3	12.3	1.113
1089	6.5	12.3	1.118
1090	6.2	12.3	1.171
1091	5.7	12.3	1.118
1092	5.5	12.3	1.083
1093	5.1	12.3	1.003
1094	4.6	12.3	0.881
1095	4.4	12.3	0.803
1096	4.3	12.3	0.750
1097	4.5	12.3	0.779
1098	5.0	12.3	0.967
1099	5.6	12.3	1.079
1100	6.0	12.3	1.334
1101	5.8	12.3	1.371
1102	6.1	12.3	1.278
1103	6.5	12.3	0.769
1104	7.1	12.3	0.482
1105	7.4	12.3	0.334
1106	7.4	12.3	0.180
1107	7.4	12.3	0.071
1108	7.9	12.3	0.051
1109	7.8	12.3	0.153
1110	7.6	12.2	0.385
1111	8.0	12.2	1.040
1112	7.7	12.2	1.113
1113	7.7	12.2	1.118
1114	7.5	12.2	1.171
1115	7.0	12.2	1.118
1116	6.2	12.2	1.083
1117	5.4	12.2	1.003
1118	5.3	12.2	0.881
1119	5.8	12.2	0.803
1120	6.0	12.2	0.750
1121	6.2	12.2	0.779
1122	6.5	12.2	0.967
1123	7.1	12.2	1.079
1124	7.7	12.2	1.334
1125	8.1	12.2	1.371
1126	8.4	12.2	1.278
1127	9.0	12.2	0.769
1128	9.2	12.2	0.482
1129	9.6	12.2	0.334
1130	9.6	12.2	0.180
1131	10.2	12.2	0.071
1132	10.4	12.2	0.051
1133	10.9	12.2	0.153
1134	11.1	12.2	0.385
1135	11.0	12.2	1.040
1136	10.8	12.2	1.113
1137	10.3	12.2	1.118
1138	10.3	12.2	1.171
1139	9.9	12.2	1.118
1140	9.2	12.2	1.083
1141	8.8	12.2	1.003
1142	8.5	12.2	0.881
1143	8.3	12.2	0.803
1144	8.5	12.2	0.750
1145	8.7	12.2	0.779
1146	9.8	12.2	0.967
1147	9.9	12.2	1.079
1148	10.2	12.2	1.334
1149	10.5	12.1	1.371
1150	11.3	12.1	1.278
1151	11.5	12.1	0.769
1152	11.9	12.1	0.482
1153	12.2	12.1	0.334
1154	12.2	12.1	0.180
1155	12.6	12.1	0.071
1156	12.7	12.1	0.051
1157	13.1	12.1	0.153
1158	13.0	12.1	0.385
1159	12.9	12.1	1.040
1160	13.1	12.1	1.113
1161	13.3	12.1	1.118
1162	13.0	12.1	1.171
1163	12.7	12.1	1.118
1164	12.4	12.1	1.083
1165	11.9	12.1	1.003
1166	11.9	12.1	0.881
1167	11.7	12.1	0.803
1168	11.5	12.1	0.750
1169	11.4	12.1	0.779
1170	12.1	12.1	0.967
1171	12.6	12.1	1.079
1172	12.6	12.1	1.334
1173	12.6	12.1	1.371
1174	12.9	12.1	1.278
1175	13.6	12.1	0.769
1176	13.5	12.1	0.482
1177	13.3	12.1	0.334
1178	13.3	12.1	0.180
1179	13.8	12.1	0.071
1180	13.7	12.1	0.051
1181	14.2	12.1	0.153
1182	14.5	12.1	0.385
1183	14.4	12.1	1.040
1184	14.4	12.1	1.113
1185	13.9	12.1	1.118
1186	13.6	12.1	1.171
1187	13.5	12.1	1.118
1188	13.1	12.1	1.083
1189	12.7	12.1	1.003
1190	12.4	12.1	0.881
1191	12.4	12.1	0.803
1192	12.2	12.1	0.750
1193	12.5	12.1	0.779
1194	12.9	12.1	0.967
1195	13.0	12.0	1.079
1196	13.9	12.0	1.334
1197	14.5	12.0	1.371
1198	14.8	12.0	1.278
1199	14.6	12.0	0.769
1200	14.9	12.0	0.482
1201	15.2	12.0	0.334
1202	15.8	12.0	0.180
1203	15.8	12.0	0.071
1204	15.9	12.0	0.051
1205	15.5	12.0	0.153
1206	15.1	12.0	0.385
1207	15.2	12.0	1.040
1208	15.1	12.0	1.113
1209	15.1	12.0	1.118
1210	14.8	12.0	1.171
1211	14.5	12.0	1.118
1212	14.3	12.0	1.083
1213	14.3	12.0	1.003
1214	14.2	12.0	0.881
1215	13.9	12.0	0.803
1216	14.2	12.0	0.750
1217	14.3	12.0	0.779
1218	14.8	12.0	0.967
1219	15.1	12.0	1.079
1220	15.3	12.0	1.334
1221	15.5	12.0	1.371
1222	15.6	12.0	1.278
1223	15.5	12.0	0.769
1224	15.9	12.0	0.482
1225	15.9	12.0	0.334
1226	15.6	12.0	0.180
1227	15.5	11.9	0.071
1228	15.0	11.9	0.051
1229	14.3	11.9	0.153
1230	14.0	11.9	0.385
1231	13.9	11.9	1.040
1232	13.6	11.9	1.113
1233	13.4	11.9	1.118
1234	12.9	11.9	1.171
1235	12.3	11.9	1.118
1236	12.2	11.9	1.083
1237	12.0	11.9	1.003
1238	11.3	11.9	0.881
1239	11.3	11.9	0.803
1240	11.0	11.9	0.750
1241	11.0	11.9	0.779
1242	10.7	11.9	0.967
1243	10.4	11.9	1.079
1244	10.1	11.9	1.334
1245	10.0	11.9	1.371
1246	9.4	11.9	1.278
1247	9.2	11.9	0.769
1248	9.0	11.9	0.482
1249	8.6	11.9	0.334
1250	8.9	11.9	0.180
1251	8.8	11.9	0.071
1252	8.6	11.9	0.051
1253	8.6	11.9	0.153
1254	8.8	11.9	0.385
1255	8.9	11.9	1.040
1256	8.9	11.9	1.113
1257	8.5	11.9	1.118
1258	7.6	11.9	1.171
1259	7.4	11.9	1.118
1260	6.5	11.9	1.083
1261	6.3	11.9	1.003
1262	6.4	11.9	0.881
1263	6.1	11.9	0.803
1264	6.7	11.9	0.750
1265	6.9	11.9	0.779
1266	7.0	11.8	0.967
1267	7.7	11.8	1.079
1268	7.8	11.8	1.334
1269	8.0	11.8	1.371
1270	8.4	11.8	1.278
1271	8.7	11.8	0.769
1272	9.0	11.8	0.482
1273	9.0	11.8	0.334
1274	9.2	11.8	0.180
1275	9.3	11.8	0.071
1276	9.2	11.8	0.051
1277	9.4	11.8	0.153
1278	9.7	11.8	0.385
1279	9.6	11.8	1.040
1280	10.0	11.8	1.113
1281	9.8	11.8	1.118
1282	9.7	11.8	1.171
1283	8.9	11.8	1.118
1284	8.4	11.8	1.083
1285	8.2	11.8	1.003
1286	7.9	11.8	0.881
1287	7.5	11.7	0.803
1288	7.5	11.7	0.750
1289	7.9	11.7	0.779
1290	8.4	11.7	0.967
1291	9.0	11.7	1.079
1292	8.8	11.7	1.334
1293	9.1	11.7	1.371
1294	9.4	11.7	1.278
1295	9.2	11.7	0.769
1296	9.5	11.7	0.482
1297	9.5	11.7	0.334
1298	9.8	11.7	0.180
1299	10.0	11.7	0.071
1300	10.8	11.7	0.051
1301	11.0	11.7	0.153
1302	11.4	11.7	0.385
1303	11.6	11.7	1.040
1304	11.8	11.7	1.113
1305	11.6	11.7	1.118
1306	11.0	11.7	1.171
1307	10.3	11.7	1.118
1308	9.8	11.7	1.083
1309	9.5	11.7	1.003
1310	9.1	11.7	0.881
1311	8.8	11.7	0.803
1312	8.4	11.7	0.750
1313	8.8	11.7	0.779
1314	9.4	11.7	0.967
1315	10.0	11.7	1.079
1316	10.3	11.7	1.334
1317	10.5	11.6	1.371
1318	10.6	11.6	1.278
1319	10.9	11.6	0.769
1320	10.6	11.6	0.482
1321	10.7	11.6	0.334
1322	10.9	11.6	0.180
1323	11.2	11.6	0.071
1324	10.9	11.6	0.051
1325	11.1	11.6	0.153
1326	11.0	11.6	0.385
1327	10.6	11.6	1.040
1328	10.0	11.6	1.113
1329	9.9	11.6	1.118
1330	9.5	11.6	1.171
1331	8.4	11.6	1.118
1332	7.4	11.6	1.083
1333	6.8	11.6	1.003
1334	5.9	11.6	0.881
1335	5.8	11.6	0.803
1336	6.3	11.6	0.750
1337	6.2	11.6	0.779
1338	6.7	11.6	0.967
1339	7.4	11.6	1.079
1340	7.7	11.6	1.334
1341	7.7	11.6	1.371
1342	7.7	11.6	1.278
1343	7.9	11.6	0.769
1344	7.9	11.6	0.482
1345	8.1	11.6	0.334
1346	8.5	11.6	0.180
1347	9.0	11.6	0.071
1348	9.1	11.6	0.051
1349	9.1	11.6	0.153
1350	9.1	11.6	0.385
1351	9.2	11.6	1.040
1352	9.4	11.6	1.113
1353	9.3	11.6	1.118
1354	8.9	11.6	1.171
1355	8.5	11.6	1.118
1356	8.1	11.5	1.083
1357	7.7	11.5	1.003
1358	7.9	11.5	0.881
1359	7.7	11.5	0.803
1360	8.0	11.5	0.750
1361	8.3	11.5	0.779
1362	9.0	11.5	0.967
1363	9.9	11.5	1.079
1364	10.7	11.5	1.334
1365	11.1	11.5	1.371
1366	11.2	11.5	1.278
1367	12.1	11.5	0.769
1368	12.1	11.5	0.482
1369	12.7	11.5	0.334
1370	13.2	11.5	0.180
1371	12.7	11.5	0.071
1372	12.9	11.5	0.051
1373	13.1	11.5	0.153
1374	12.7	11.5	0.385
1375	12.7	11.5	1.040
1376	12.8	11.5	1.113
1377	13.0	11.5	1.118
1378	12.5	11.5	1.171
1379	11.9	11.5	1.118
1380	11.4	11.5	1.083
1381	11.2	11.5	1.003
1382	10.8	11.5	0.881
1383	10.6	11.5	0.803
1384	10.8	11.5	0.750
1385	11.2	11.5	0.779
1386	12.0	11.5	0.967
1387	13.2	11.5	1.079
1388	13.6	11.5	1.334
1389	14.1	11.4	1.371
1390	14.2	11.4	1.278
1391	14.7	11.4	0.769
1392	15.7	11.4	0.482
1393	16.0	11.4	0.334
1394	16.1	11.4	0.180
1395	16.1	11.4	0.071
1396	16.2	11.4	0.051
1397	16.3	11.4	0.153
1398	16.1	11.4	0.385
1399	16.2	11.4	1.040
1400	15.6	11.4	1.113
1401	15.3	11.4	1.118
1402	14.8	11.4	1.171
1403	14.0	11.4	1.118
1404	12.9	11.4	1.083
1405	12.0	11.4	1.003
1406	11.1	11.4	0.881
1407	10.8	11.4	0.803
1408	10.5	11.4	0.750
1409	10.6	11.4	0.779
1410	11.3	11.4	0.967
1411	12.1	11.4	1.079
1412	12.3	11.4	1.334
1413	12.4	11.4	1.371
1414	12.7	11.4	1.278
1415	12.9	11.4	0.769
1416	13.2	11.4	0.482
1417	8.7	11.4	0.334
1418	8.7	11.4	0.180
1419	8.6	11.4	0.071
1420	8.7	11.4	0.051
1421	8.6	11.3	0.153
1422	8.8	11.3	0.385
1423	8.6	11.3	1.040
1424	8.6	11.3	1.113
1425	8.3	11.3	1.118
1426	7.7	11.3	1.171
1427	7.5	11.3	1.118
1428	7.2	11.3	1.083
1429	7.0	11.3	1.003
1430	6.7	11.3	0.881
1431	6.4	11.3	0.803
1432	6.5	11.3	0.750
1433	6.8	11.3	0.779
1434	7.0	11.3	0.967
1435	7.5	11.3	1.079
1436	7.7	11.3	1.334
1437	8.0	11.3	1.371
1438	8.2	11.3	1.278
1439	8.9	11.3	0.769
1440	9.0	11.3	0.482
1441	9.2	11.3	0.334
1442	9.3	11.3	0.180
1443	9.4	11.3	0.071
1444	9.4	11.3	0.051
1445	9.2	11.3	0.153
1446	9.2	11.3	0.385
1447	9.3	11.3	1.040
1448	9.1	11.3	1.113
1449	8.9	11.3	1.118
1450	8.3	11.3	1.171
1451	7.6	11.3	1.118
1452	6.5	11.3	1.083
1453	6.2	11.3	1.003
1454	5.6	11.3	0.881
1455	5.4	11.3	0.803
1456	5.5	11.2	0.750
1457	5.7	11.2	0.779
1458	6.2	11.2	0.967
1459	6.6	11.2	1.079
1460	6.7	11.2	1.334
1461	7.0	11.2	1.371
1462	7.2	11.2	1.278
1463	7.1	11.2	0.769
1464	7.2	11.2	0.482
1465	7.5	11.2	0.334
1466	7.7	11.2	0.180
1467	8.1	11.2	0.071
1468	8.5	11.2	0.051
1469	8.5	11.2	0.153
1470	8.4	11.2	0.385
1471	8.1	11.2	1.040
1472	7.9	11.2	1.113
1473	7.8	11.2	1.118
1474	7.5	11.2	1.171
1475	7.0	11.2	1.118
1476	6.8	11.2	1.083
1477	6.5	11.2	1.003
1478	6.2	11.2	0.881
1479	6.0	11.2	0.803
1480	6.2	11.2	0.750
1481	6.4	11.2	0.779
1482	6.3	11.2	0.967
1483	6.5	11.2	1.079
1484	6.7	11.2	1.334
1485	6.7	11.2	1.371
1486	6.6	11.2	1.278
1487	6.5	11.2	0.769
1488	6.6	11.2	0.482
1489	6.6	11.2	0.334
1490	6.6	11.2	0.180
1491	6.6	11.1	0.071
1492	6.8	11.1	0.051
1493	6.5	11.1	0.153
1494	6.7	11.1	0.385
1495	6.7	11.1	1.040
1496	6.7	11.1	1.113
1497	6.5	11.1	1.118
1498	6.6	11.1	1.171
1499	6.3	11.1	1.118
1500	5.9	11.1	1.083
1501	5.7	11.1	1.003
1502	5.4	11.1	0.881
1503	5.9	11.1	0.803
1504	6.0	11.1	0.750
1505	6.1	11.1	0.779
1506	6.7	11.1	0.967
1507	7.0	11.1	1.079
1508	7.0	11.1	1.334
1509	7.1	11.1	1.371
1510	7.7	11.1	1.278
1511	8.3	11.1	0.769
1512	8.6	11.1	0.482
1513	8.6	11.1	0.334
1514	8.7	11.1	0.180
1515	8.9	11.1	0.071
1516	9.2	11.1	0.051
1517	9.8	11.1	0.153
1518	9.8	11.1	0.385
1519	9.5	11.1	1.040
1520	9.5	11.0	1.113
1521	8.9	11.0	1.118
1522	8.4	11.0	1.171
1523	7.9	11.0	1.118
1524	7.1	11.0	1.083
1525	6.6	11.0	1.003
1526	6.4	11.0	0.881
1527	6.1	11.0	0.803
1528	6.1	11.0	0.750
1529	6.4	11.0	0.779
1530	6.8	11.0	0.967
1531	7.2	11.0	1.079
1532	7.7	11.0	1.334
1533	7.6	11.0	1.371
1534	7.8	11.0	1.278
1535	8.0	11.0	0.769
1536	8.4	11.0	0.482
1537	8.6	11.0	0.334
1538	8.8	11.0	0.180
1539	8.9	11.0	0.071
1540	9.0	11.0	0.051
1541	8.5	11.0	0.153
1542	8.9	11.0	0.385
1543	8.9	11.0	1.040
1544	8.7	11.0	1.113
1545	8.5	11.0	1.118
1546	7.9	11.0	1.171
1547	7.4	11.0	1.118
1548	6.4	11.0	1.083
1549	5.9	11.0	1.003
1550	5.7	11.0	0.881
1551	5.4	11.0	0.803
1552	5.4	11.0	0.750
1553	5.4	11.0	0.779
1554	5.8	11.0	0.967
1555	6.3	11.0	1.079
1556	6.5	11.0	1.334
1557	7.0	11.0	1.371
1558	7.6	11.0	1.278
1559	7.7	11.0	0.769
1560	7.8	11.0	0.482
1561	7.9	10.9	0.334
1562	7.9	10.9	0.180
1563	7.9	10.9	0.071
1564	8.3	10.9	0.051
1565	8.4	10.9	0.153
1566	8.4	10.9	0.385
1567	8.0	10.9	1.040
1568	7.9	10.9	1.113
1569	7.6	10.9	1.118
1570	7.0	10.9	1.171
1571	6.5	10.9	1.118
1572	5.9	10.9	1.083
1573	5.6	10.9	1.003
1574	5.4	10.9	0.881
1575	5.0	10.9	0.803
1576	4.9	10.9	0.750
1577	5.0	10.9	0.779
1578	5.4	10.9	0.967
1579	5.8	10.9	1.079
1580	6.5	10.9	1.334
1581	6.4	10.9	1.371
1582	6.6	10.9	1.278
1583	6.7	10.9	0.769
1584	6.4	10.9	0.482
1585	6.5	10.9	0.334
1586	6.8	10.9	0.180
1587	6.8	10.9	0.071
1588	6.6	10.9	0.051
1589	6.8	10.9	0.153
1590	7.2	10.9	0.385
1591	7.0	10.9	1.040
1592	6.9	10.9	1.113
1593	5.9	10.9	1.118
1594	5.2	10.9	1.171
1595	4.4	10.9	1.118
1596	3.9	10.9	1.083
1597	3.6	10.9	1.003
1598	3.1	10.9	0.881
1599	2.7	10.8	0.803
1600	2.9	10.8	0.750
1601	3.4	10.8	0.779
1602	3.6	10.8	0.967
1603	3.7	10.8	1.079
1604	4.0	10.8	1.334
1605	4.5	10.8	1.371
1606	4.7	10.8	1.278
1607	4.8	10.8	0.769
1608	5.1	10.8	0.482
1609	5.3	10.8	0.334
1610	5.2	10.8	0.180
1611	5.6	10.8	0.071
1612	5.7	10.8	0.051
1613	5.6	10.8	0.153
1614	5.7	10.8	0.385
1615	5.6	10.8	1.040
1616	5.8	10.8	1.113
1617	5.5	10.8	1.118
1618	5.0	10.8	1.171
1619	4.6	10.8	1.118
1620	3.8	10.8	1.083
1621	3.5	10.8	1.003
1622	3.2	10.8	0.881
1623	3.2	10.8	0.803
1624	3.1	10.8	0.750
1625	3.6	10.8	0.779
1626	4.3	10.8	0.967
1627	5.1	10.8	1.079
1628	5.7	10.7	1.334
1629	6.1	10.7	1.371
1630	6.3	10.7	1.278
1631	6.6	10.7	0.769
1632	6.8	10.7	0.482
1633	6.9	10.7	0.334
1634	6.8	10.7	0.180
1635	7.0	10.7	0.071
1636	7.1	10.7	0.051
1637	7.2	10.7	0.153
1638	7.3	10.7	0.385
1639	7.3	10.7	1.040
1640	7.2	10.7	1.113
1641	6.3	10.7	1.118
1642	5.6	10.7	1.171
1643	4.9	10.7	1.118
1644	3.8	10.7	1.083
1645	2.9	10.7	1.003
1646	2.3	10.7	0.881
1647	2.0	10.7	0.803
1648	2.1	10.7	0.750
1649	2.5	10.7	0.779
1650	3.1	10.7	0.967
1651	3.7	10.7	1.079
1652	3.9	10.7	1.334
1653	4.3	10.7	1.371
1654	4.6	10.7	1.278
1655	4.6	10.7	0.769
1656	5.1	10.7	0.482
1657	5.1	10.7	0.334
1658	5.3	10.7	0.180
1659	5.5	10.7	0.071
1660	5.6	10.7	0.051
1661	5.7	10.7	0.153
1662	5.7	10.7	0.385
1663	5.7	10.7	1.040
1664	5.8	10.7	1.113
1665	5.4	10.6	1.118
1666	4.6	10.6	1.171
1667	3.8	10.6	1.118
1668	3.0	10.6	1.083
1669	2.0	10.6	1.003
1670	1.9	10.6	0.881
1671	2.0	10.6	0.803
1672	1.9	10.6	0.750
1673	2.2	10.6	0.779
1674	2.6	10.6	0.967
1675	3.0	10.6	1.079
1676	3.7	10.6	1.334
1677	3.7	10.6	1.371
1678	3.7	10.6	1.278
1679	4.1	10.6	0.769
1680	4.4	10.6	0.482
1681	4.9	10.6	0.334
1682	5.1	10.6	0.180
1683	5.2	10.6	0.071
1684	5.1	10.6	0.051
1685	5.1	10.6	0.153
1686	5.3	10.6	0.385
1687	5.4	10.6	1.040
1688	5.4	10.6	1.113
1689	5.1	10.6	1.118
1690	4.7	10.6	1.171
1691	4.1	10.6	1.118
1692	4.1	10.6	1.083
1693	3.7	10.6	1.003
1694	3.3	10.6	0.881
1695	3.0	10.6	0.803
1696	3.3	10.6	0.750
1697	3.9	10.6	0.779
1698	4.4	10.6	0.967
1699	4.6	10.6	1.079
1700	4.9	10.6	1.334
1701	5.2	10.6	1.371
1702	5.8	10.6	1.278
1703	6.3	10.6	0.769
1704	6.2	10.5	0.482
1705	6.6	10.5	0.334
1706	6.5	10.5	0.180
1707	6.5	10.5	0.071
1708	6.8	10.5	0.051
1709	7.0	10.5	0.153
1710	6.9	10.5	0.385
1711	6.8	10.5	1.040
1712	6.7	10.5	1.113
1713	6.3	10.5	1.118
1714	6.0	10.5	1.171
1715	5.4	10.5	1.118
1716	5.0	10.5	1.083
1717	4.7	10.5	1.003
1718	4.6	10.5	0.881
1719	4.5	10.5	0.803
1720	4.6	10.5	0.750
1721	4.9	10.5	0.779
1722	4.9	10.5	0.967
1723	5.3	10.5	1.079
1724	5.6	10.5	1.334
1725	5.8	10.5	1.371
1726	5.9	10.5	1.278
1727	6.0	10.5	0.769
1728	6.2	10.5	0.482
1729	6.3	10.5	0.334
1730	6.6	10.5	0.180
1731	6.9	10.5	0.071
1732	6.7	10.5	0.051
1733	6.9	10.5	0.153
1734	7.2	10.5	0.385
1735	7.3	10.5	1.040
1736	7.4	10.5	1.113
1737	7.0	10.5	1.118
1738	6.7	10.5	1.171
1739	6.4	10.5	1.118
1740	6.1	10.5	1.083
1741	5.7	10.5	1.003
1742	5.4	10.5	0.881
1743	5.5	10.4	0.803
1744	5.4	10.4	0.750
1745	6.1	10.4	0.779
1746	6.4	10.4	0.967
1747	6.8	10.4	1.079
1748	6.8	10.4	1.334
1749	7.0	10.4	1.371
1750	7.1	10.4	1.278
1751	7.3	10.4	0.769
1752	7.5	10.4	0.482
1753	7.7	10.4	0.334
1754	8.0	10.4	0.180
1755	8.2	10.4	0.071
1756	8.1	10.4	0.051
1757	8.3	10.4	0.153
1758	8.2	10.4	0.385
1759	8.2	10.4	1.040
1760	7.9	10.4	1.113
1761	7.3	10.4	1.118
1762	6.8	10.4	1.171
1763	6.2	10.4	1.118
1764	5.5	10.4	1.083
1765	4.9	10.4	1.003
1766	4.8	10.3	0.881
1767	4.6	10.3	0.803
1768	4.6	10.3	0.750
1769	4.9	10.3	0.779
1770	5.3	10.3	0.967
1771	5.8	10.3	1.079
1772	6.2	10.3	1.334
1773	6.3	10.3	1.371
1774	6.4	10.3	1.278
1775	6.7	10.3	0.769
1776	6.8	10.3	0.482
1777	7.0	10.3	0.334
1778	7.5	10.3	0.180
1779	8.0	10.3	0.071
1780	8.1	10.3	0.051
1781	8.3	10.3	0.153
1782	8.4	10.3	0.385
1783	8.5	10.3	1.040
1784	8.6	10.3	1.113
1785	8.3	10.3	1.118
1786	7.6	10.3	1.171
1787	6.9	10.3	1.118
1788	6.3	10.3	1.083
1789	6.0	10.3	1.003
1790	5.9	10.3	0.881
1791	5.8	10.3	0.803
1792	6.0	10.3	0.750
1793	6.6	10.3	0.779
1794	7.5	10.3	0.967
1795	8.2	10.3	1.079
1796	9.1	10.3	1.334
1797	9.4	10.3	1.371
1798	9.7	10.3	1.278
1799	10.3	10.3	0.769
1800	10.8	10.3	0.482
1801	11.0	10.3	0.334
1802	11.0	10.3	0.180
1803	10.8	10.3	0.071
1804	10.8	10.3	0.051
1805	10.8	10.2	0.153
1806	10.6	10.2	0.385
1807	10.3	10.2	1.040
1808	9.9	10.2	1.113
1809	9.6	10.2	1.118
1810	9.0	10.2	1.171
1811	7.9	10.2	1.118
1812	7.3	10.2	1.083
1813	6.5	10.2	1.003
1814	6.3	10.2	0.881
1815	6.0	10.2	0.803
1816	6.1	10.2	0.750
1817	6.3	10.2	0.779
1818	7.0	10.2	0.967
1819	7.2	10.2	1.079
1820	7.4	10.2	1.334
1821	7.5	10.2	1.371
1822	7.8	10.2	1.278
1823	7.7	10.2	0.769
1824	7.6	10.2	0.482
1825	7.5	10.2	0.334
1826	7.3	10.2	0.180
1827	7.5	10.2	0.071
1828	7.6	10.2	0.051
1829	7.8	10.2	0.153
1830	7.6	10.2	0.385
1831	7.8	10.2	1.040
1832	7.5	10.2	1.113
1833	7.0	10.2	1.118
1834	6.0	10.2	1.171
1835	5.3	10.2	1.118
1836	4.8	10.2	1.083
1837	4.3	10.2	1.003
1838	3.4	10.2	0.881
1839	3.2	10.2	0.803
1840	2.9	10.1	0.750
1841	3.1	10.1	0.779
1842	3.3	10.1	0.967
1843	3.7	10.1	1.079
1844	3.9	10.1	1.334
1845	4.1	10.1	1.371
1846	4.4	10.1	1.278
1847	4.8	10.1	0.769
1848	4.7	10.1	0.482
1849	4.8	10.1	0.334
1850	5.0	10.1	0.180
1851	4.9	10.1	0.071
1852	5.0	10.1	0.051
1853	5.0	10.1	0.153
1854	5.2	10.1	0.385
1855	5.1	10.1	1.040
1856	5.2	10.1	1.113
1857	5.2	10.1	1.118
1858	4.9	10.1	1.171
1859	4.6	10.1	1.118
1860	4.3	10.1	1.083
1861	4.5	10.1	1.003
1862	4.4	10.1	0.881
1863	4.3	10.1	0.803
1864	4.5	10.1	0.750
1865	4.7	10.1	0.779
1866	4.7	10.1	0.967
1867	5.1	10.1	1.079
1868	5.6	10.1	1.334
1869	5.7	10.1	1.371
1870	5.9	10.1	1.278
1871	6.2	10.1	0.769
1872	6.2	10.1	0.482
1873	6.2	10.1	0.334
1874	6.4	10.1	0.180
1875	7.0	10.1	0.071
1876	7.0	10.1	0.051
1877	7.1	10.1	0.153
1878	6.7	10.1	0.385
1879	7.0	10.1	1.040
1880	7.2	10.1	1.113
1881	6.9	10.1	1.118
1882	7.0	10.1	1.171
1883	6.7	10.1	1.118
1884	6.3	10.1	1.083
1885	5.6	10.1	1.003
1886	5.4	10.0	0.881
1887	5.3	10.0	0.803
1888	5.6	10.0	0.750
1889	5.9	10.0	0.779
1890	5.9	10.0	0.967
1891	6.3	10.0	1.079
1892	6.4	10.0	1.334
1893	6.3	10.0	1.371
1894	6.9	10.0	1.278
1895	7.2	10.0	0.769
1896	7.2	10.0	0.482
1897	7.2	10.0	0.334
1898	7.3	10.0	0.180
1899	7.2	10.0	0.071
1900	7.2	10.0	0.051
1901	7.2	10.0	0.153
1902	7.2	10.0	0.385
1903	7.2	10.0	1.040
1904	7.2	10.0	1.113
1905	6.8	10.0	1.118
1906	6.6	10.0	1.171
1907	6.1	10.0	1.118
1908	5.9	10.0	1.083
1909	5.5	10.0	1.003
1910	5.3	10.0	0.881
1911	5.3	10.0	0.803
1912	5.2	10.0	0.750
1913	5.8	10.0	0.779
1914	6.0	10.0	0.967
1915	6.1	10.0	1.079
1916	6.2	10.0	1.334
1917	6.3	10.0	1.371
1918	6.5	10.0	1.278
1919	6.5	10.0	0.769
1920	6.4	10.0	0.482
1921	6.5	10.0	0.334
1922	6.6	10.0	0.180
1923	6.6	10.0	0.071
1924	6.8	9.9	0.051
1925	6.8	9.9	0.153
1926	6.9	9.9	0.385
1927	6.9	9.9	1.040
1928	6.9	9.9	1.113
1929	7.1	9.9	1.118
1930	6.9	9.9	1.171
1931	6.7	9.9	1.118
1932	6.9	9.9	1.083
1933	7.0	9.9	1.003
1934	7.0	9.9	0.881
1935	6.9	9.9	0.803
1936	6.8	9.9	0.750
1937	6.7	9.9	0.779
1938	7.0	9.9	0.967
1939	7.0	9.9	1.079
1940	7.1	9.9	1.334
1941	7.0	9.9	1.371
1942	6.8	9.9	1.278
1943	6.6	9.9	0.769
1944	6.2	9.9	0.482
1945	6.2	9.9	0.334
1946	6.2	9.9	0.180
1947	6.4	9.9	0.071
1948	6.4	9.9	0.051
1949	6.2	9.9	0.153
1950	6.3	9.9	0.385
1951	6.1	9.9	1.040
1952	5.7	9.9	1.113
1953	5.1	9.9	1.118
1954	4.6	9.9	1.171
1955	3.8	9.9	1.118
1956	3.5	9.9	1.083
1957	3.0	9.8	1.003
1958	2.5	9.8	0.881
1959	2.3	9.8	0.803
1960	2.4	9.8	0.750
1961	2.4	9.8	0.779
1962	2.6	9.8	0.967
1963	3.4	9.8	1.079
1964	3.6	9.8	1.334
1965	3.8	9.8	1.371
1966	3.9	9.8	1.278
1967	3.8	9.8	0.769
1968	4.1	9.8	0.482
1969	4.2	9.8	0.334
1970	4.5	9.8	0.180
1971	5.2	9.8	0.071
1972	5.1	9.8	0.051
1973	5.4	9.8	0.153
1974	5.7	9.8	0.385
1975	6.1	9.8	1.040
1976	6.4	9.8	1.113
1977	6.4	9.8	1.118
1978	5.5	9.8	1.171
1979	5.2	9.8	1.118
1980	4.5	9.8	1.083
1981	4.3	9.8	1.003
1982	3.8	9.8	0.881
1983	4.0	9.8	0.803
1984	4.4	9.8	0.750
1985	5.1	9.8	0.779
1986	5.9	9.8	0.967
1987	6.5	9.8	1.079
1988	7.0	9.8	1.334
1989	7.6	9.8	1.371
1990	8.1	9.8	1.278
1991	8.6	9.8	0.769
1992	9.2	9.8	0.482
1993	9.7	9.8	0.334
1994	10.0	9.8	0.180
1995	10.2	9.8	0.071
1996	10.0	9.8	0.051
1997	10.0	9.8	0.153
1998	9.8	9.8	0.385
1999	9.8	9.8	1.040
2000	9.8	9.8	1.113
2001	9.3	9.7	1.118
2002	8.9	9.7	1.171
2003	8.5	9.7	1.118
2004	7.7	9.7	1.083
2005	6.9	9.7	1.003
2006	6.6	9.7	0.881
2007	6.7	9.7	0.803
2008	7.0	9.7	0.750
2009	7.1	9.7	0.779
2010	7.5	9.7	0.967
2011	8.1	9.7	1.079
2012	8.3	9.7	1.334
2013	8.5	9.7	1.371
2014	8.6	9.7	1.278
2015	8.8	9.7	0.769
2016	9.1	9.7	0.482
2017	9.2	9.7	0.334
2018	9.1	9.7	0.180
2019	9.2	9.7	0.071
2020	9.5	9.7	0.051
2021	9.5	9.7	0.153
2022	9.7	9.7	0.385
2023	9.8	9.7	1.040
2024	9.7	9.7	1.113
2025	9.9	9.7	1.118
2026	9.4	9.7	1.171
2027	8.6	9.7	1.118
2028	8.1	9.6	1.083
2029	7.5	9.6	1.003
2030	7.6	9.6	0.881
2031	7.4	9.6	0.803
2032	7.6	9.6	0.750
2033	7.7	9.6	0.779
2034	7.8	9.6	0.967
2035	8.2	9.6	1.079
2036	8.1	9.6	1.334
2037	8.6	9.6	1.371
2038	8.5	9.6	1.278
2039	8.8	9.6	0.769
2040	9.3	9.6	0.482
2041	9.4	9.6	0.334
2042	9.6	9.6	0.180
2043	9.3	9.6	0.071
2044	9.0	9.6	0.051
2045	8.9	9.6	0.153
2046	9.3	9.6	0.385
2047	9.3	9.6	1.040
2048	9.0	9.6	1.113
2049	8.6	9.6	1.118
2050	8.2	9.5	1.171
2051	7.7	9.5	1.118
2052	7.1	9.5	1.083
2053	6.4	9.5	1.003
2054	6.1	9.5	0.881
2055	6.3	9.5	0.803
2056	6.5	9.5	0.750
2057	6.3	9.5	0.779
2058	6.8	9.5	0.967
2059	7.0	9.5	1.079
2060	7.3	9.5	1.334
2061	7.6	9.5	1.371
2062	8.0	9.5	1.278
2063	8.0	9.5	0.769
2064	7.9	9.5	0.482
2065	8.2	9.5	0.334
2066	8.7	9.5	0.180
2067	8.9	9.5	0.071
2068	9.3	9.5	0.051
2069	9.7	9.5	0.153
2070	9.7	9.5	0.385
2071	9.7	9.5	1.040
2072	9.8	9.5	1.113
2073	10.1	9.5	1.118
2074	9.5	9.5	1.171
2075	9.1	9.5	1.118
2076	8.7	9.5	1.083
2077	8.3	9.4	1.003
2078	8.2	9.4	0.881
2079	8.0	9.4	0.803
2080	8.2	9.4	0.750
2081	8.5	9.4	0.779
2082	8.9	9.4	0.967
2083	9.7	9.4	1.079
2084	10.2	9.4	1.334
2085	10.7	9.4	1.371
2086	10.8	9.4	1.278
2087	11.3	9.4	0.769
2088	11.5	9.4	0.482
2089	11.8	9.4	0.334
2090	12.1	9.4	0.180
2091	12.1	9.4	0.071
2092	12.1	9.4	0.051
2093	12.5	9.4	0.153
2094	12.5	9.4	0.385
2095	12.5	9.4	1.040
2096	12.0	9.4	1.113
2097	11.4	9.4	1.118
2098	10.4	9.4	1.171
2099	9.4	9.4	1.118
2100	8.4	9.4	1.083
2101	7.7	9.4	1.003
2102	6.8	9.4	0.881
2103	6.3	9.4	0.803
2104	6.1	9.4	0.750
2105	6.3	9.3	0.779
2106	6.8	9.3	0.967
2107	7.5	9.3	1.079
2108	7.8	9.3	1.334
2109	8.1	9.3	1.371
2110	8.4	9.3	1.278
2111	8.3	9.3	0.769
2112	8.3	9.3	0.482
2113	8.8	9.3	0.334
2114	8.7	9.3	0.180
2115	9.1	9.3	0.071
2116	9.1	9.3	0.051
2117	9.0	9.3	0.153
2118	9.2	9.3	0.385
2119	9.1	9.3	1.040
2120	9.2	9.3	1.113
2121	8.6	9.3	1.118
2122	7.8	9.3	1.171
2123	7.2	9.3	1.118
2124	6.3	9.3	1.083
2125	5.7	9.3	1.003
2126	5.2	9.3	0.881
2127	5.3	9.3	0.803
2128	5.6	9.3	0.750
2129	6.2	9.3	0.779
2130	6.8	9.3	0.967
2131	7.3	9.3	1.079
2132	7.6	9.3	1.334
2133	7.9	9.3	1.371
2134	8.6	9.2	1.278
2135	9.1	9.2	0.769
2136	9.4	9.2	0.482
2137	9.9	9.2	0.334
2138	10.3	9.2	0.180
2139	10.6	9.2	0.071
2140	10.6	9.2	0.051
2141	10.6	9.2	0.153
2142	10.5	9.2	0.385
2143	10.6	9.2	1.040
2144	10.5	9.2	1.113
2145	10.1	9.2	1.118
2146	9.8	9.2	1.171
2147	9.3	9.2	1.118
2148	8.7	9.2	1.083
2149	7.8	9.2	1.003
2150	7.6	9.2	0.881
2151	7.7	9.2	0.803
2152	7.9	9.2	0.750
2153	8.3	9.2	0.779
2154	8.7	9.2	0.967
2155	8.9	9.2	1.079
2156	9.2	9.2	1.334
2157	9.8	9.2	1.371
2158	10.1	9.2	1.278
2159	10.4	9.2	0.769
2160	10.7	9.2	0.482
2161	5.5	9.2	0.334
2162	5.6	9.2	0.180
2163	5.6	9.2	0.071
2164	5.7	9.2	0.051
2165	5.7	9.2	0.153
2166	5.7	9.2	0.385
2167	5.6	9.2	1.040
2168	5.5	9.2	1.113
2169	5.3	9.2	1.118
2170	4.9	9.1	1.171
2171	4.5	9.1	1.118
2172	4.2	9.1	1.083
2173	4.0	9.1	1.003
2174	3.8	9.1	0.881
2175	3.7	9.1	0.803
2176	3.8	9.1	0.750
2177	3.8	9.1	0.779
2178	4.0	9.1	0.967
2179	4.4	9.1	1.079
2180	4.7	9.1	1.334
2181	4.8	9.1	1.371
2182	5.0	9.1	1.278
2183	5.1	9.1	0.769
2184	5.0	9.1	0.482
2185	5.1	9.1	0.334
2186	5.0	9.1	0.180
2187	5.1	9.1	0.071
2188	5.0	9.1	0.051
2189	4.9	9.1	0.153
2190	4.8	9.1	0.385
2191	4.8	9.1	1.040
2192	4.6	9.1	1.113
2193	4.0	9.1	1.118
2194	3.6	9.1	1.171
2195	3.1	9.1	1.118
2196	2.6	9.1	1.083
2197	2.4	9.1	1.003
2198	2.3	9.1	0.881
2199	1.9	9.1	0.803
2200	1.8	9.1	0.750
2201	1.7	9.1	0.779
2202	1.8	9.1	0.967
2203	2.2	9.0	1.079
2204	2.3	9.0	1.334
2205	2.6	9.0	1.371
2206	2.8	9.0	1.278
2207	2.7	9.0	0.769
2208	2.8	9.0	0.482
2209	2.9	9.0	0.334
2210	3.1	9.0	0.180
2211	3.2	9.0	0.071
2212	3.3	9.0	0.051
2213	3.2	9.0	0.153
2214	3.0	9.0	0.385
2215	2.9	9.0	1.040
2216	2.9	9.0	1.113
2217	2.6	9.0	1.118
2218	2.1	9.0	1.171
2219	1.7	9.0	1.118
2220	1.4	9.0	1.083
2221	1.2	9.0	1.003
2222	0.9	9.0	0.881
2223	0.7	9.0	0.803
2224	0.7	9.0	0.750
2225	1.0	9.0	0.779
2226	1.4	9.0	0.967
2227	1.8	9.0	1.079
2228	2.1	9.0	1.334
2229	2.5	9.0	1.371
2230	2.8	9.0	1.278
2231	3.2	9.0	0.769
2232	3.4	9.0	0.482
2233	3.7	9.0	0.334
2234	3.9	9.0	0.180
2235	3.9	9.0	0.071
2236	3.9	9.0	0.051
2237	3.8	9.0	0.153
2238	3.9	9.0	0.385
2239	3.8	9.0	1.040
2240	3.5	8.9	1.113
2241	3.3	8.9	1.118
2242	2.8	8.9	1.171
2243	2.5	8.9	1.118
2244	2.2	8.9	1.083
2245	1.9	8.9	1.003
2246	1.7	8.9	0.881
2247	1.6	8.9	0.803
2248	1.7	8.9	0.750
2249	1.8	8.9	0.779
2250	2.1	8.9	0.967
2251	2.5	8.9	1.079
2252	2.7	8.9	1.334
2253	2.9	8.9	1.371
2254	3.0	8.9	1.278
2255	3.1	8.9	0.769
2256	3.3	8.9	0.482
2257	3.5	8.9	0.334
2258	3.4	8.9	0.180
2259	3.4	8.9	0.071
2260	3.5	8.9	0.051
2261	3.6	8.9	0.153
2262	3.6	8.9	0.385
2263	3.6	8.9	1.040
2264	3.6	8.9	1.113
2265	3.4	8.9	1.118
2266	3.0	8.9	1.171
2267	2.7	8.9	1.118
2268	2.4	8.9	1.083
2269	2.2	8.9	1.003
2270	2.1	8.9	0.881
2271	2.0	8.9	0.803
2272	1.8	8.9	0.750
2273	2.1	8.9	0.779
2274	2.3	8.9	0.967
2275	2.5	8.9	1.079
2276	2.9	8.9	1.334
2277	3.1	8.9	1.371
2278	3.2	8.9	1.278
2279	3.2	8.9	0.769
2280	3.4	8.8	0.482
2281	3.6	8.8	0.334
2282	3.7	8.8	0.180
2283	3.7	8.8	0.071
2284	3.8	8.8	0.051
2285	3.8	8.8	0.153
2286	3.8	8.8	0.385
2287	3.7	8.8	1.040
2288	3.5	8.8	1.113
2289	3.4	8.8	1.118
2290	3.1	8.8	1.171
2291	2.5	8.8	1.118
2292	2.2	8.8	1.083
2293	1.9	8.8	1.003
2294	1.6	8.8	0.881
2295	1.6	8.8	0.803
2296	1.8	8.8	0.750
2297	1.8	8.8	0.779
2298	1.8	8.8	0.967
2299	2.2	8.8	1.079
2300	2.5	8.8	1.334
2301	2.7	8.8	1.371
2302	2.9	8.8	1.278
2303	3.2	8.8	0.769
2304	3.3	8.8	0.482
2305	3.4	8.8	0.334
2306	3.3	8.8	0.180
2307	3.4	8.8	0.071
2308	3.4	8.8	0.051
2309	3.5	8.8	0.153
2310	3.5	8.8	0.385
2311	3.5	8.8	1.040
2312	3.2	8.8	1.113
2313	3.1	8.8	1.118
2314	2.8	8.8	1.171
2315	2.3	8.8	1.118
2316	2.0	8.8	1.083
2317	1.9	8.8	1.003
2318	1.6	8.8	0.881
2319	1.5	8.8	0.803
2320	1.4	8.7	0.750
2321	1.3	8.7	0.779
2322	1.5	8.7	0.967
2323	1.6	8.7	1.079
2324	1.7	8.7	1.334
2325	1.7	8.7	1.371
2326	1.6	8.7	1.278
2327	1.6	8.7	0.769
2328	1.6	8.7	0.482
2329	1.6	8.7	0.334
2330	1.6	8.7	0.180
2331	1.8	8.7	0.071
2332	1.9	8.7	0.051
2333	1.9	8.7	0.153
2334	2.0	8.7	0.385
2335	1.9	8.7	1.040
2336	1.8	8.7	1.113
2337	1.7	8.7	1.118
2338	1.3	8.7	1.171
2339	0.9	8.7	1.118
2340	0.8	8.7	1.083
2341	0.5	8.7	1.003
2342	0.5	8.7	0.881
2343	0.6	8.7	0.803
2344	0.6	8.7	0.750
2345	0.9	8.7	0.779
2346	1.4	8.6	0.967
2347	1.7	8.6	1.079
2348	2.0	8.6	1.334
2349	2.3	8.6	1.371
2350	2.7	8.6	1.278
2351	2.9	8.6	0.769
2352	3.3	8.6	0.482
2353	3.5	8.6	0.334
2354	3.7	8.6	0.180
2355	3.8	8.6	0.071
2356	3.7	8.6	0.051
2357	3.7	8.6	0.153
2358	3.7	8.6	0.385
2359	3.7	8.6	1.040
2360	3.5	8.6	1.113
2361	3.1	8.6	1.118
2362	2.8	8.6	1.171
2363	2.4	8.6	1.118
2364	2.0	8.6	1.083
2365	1.8	8.6	1.003
2366	1.8	8.6	0.881
2367	1.5	8.6	0.803
2368	1.6	8.6	0.750
2369	1.7	8.6	0.779
2370	2.1	8.6	0.967
2371	2.5	8.6	1.079
2372	2.7	8.6	1.334
2373	3.0	8.6	1.371
2374	3.2	8.6	1.278
2375	3.3	8.6	0.769
2376	3.5	8.6	0.482
2377	3.5	8.6	0.334
2378	3.5	8.6	0.180
2379	3.6	8.6	0.071
2380	3.6	8.6	0.051
2381	3.6	8.6	0.153
2382	3.6	8.6	0.385
2383	3.5	8.6	1.040
2384	3.6	8.6	1.113
2385	3.3	8.6	1.118
2386	3.1	8.6	1.171
2387	2.8	8.6	1.118
2388	2.6	8.6	1.083
2389	2.2	8.6	1.003
2390	2.1	8.6	0.881
2391	2.1	8.5	0.803
2392	2.1	8.5	0.750
2393	2.3	8.5	0.779
2394	2.2	8.5	0.967
2395	2.2	8.5	1.079
2396	2.4	8.5	1.334
2397	2.6	8.5	1.371
2398	2.7	8.5	1.278
2399	2.7	8.5	0.769
2400	2.7	8.5	0.482
2401	2.7	8.5	0.334
2402	2.8	8.5	0.180
2403	2.7	8.5	0.071
2404	2.9	8.5	0.051
2405	2.8	8.5	0.153
2406	2.9	8.5	0.385
2407	2.9	8.5	1.040
2408	2.9	8.5	1.113
2409	2.7	8.5	1.118
2410	2.2	8.5	1.171
2411	1.9	8.5	1.118
2412	1.5	8.5	1.083
2413	1.4	8.5	1.003
2414	1.2	8.5	0.881
2415	1.1	8.5	0.803
2416	1.1	8.5	0.750
2417	1.4	8.5	0.779
2418	1.6	8.5	0.967
2419	2.0	8.5	1.079
2420	2.4	8.5	1.334
2421	2.4	8.5	1.371
2422	2.5	8.5	1.278
2423	2.8	8.5	0.769
2424	3.1	8.5	0.482
2425	3.2	8.5	0.334
2426	3.4	8.5	0.180
2427	3.4	8.5	0.071
2428	3.6	8.4	0.051
2429	3.6	8.4	0.153
2430	3.6	8.4	0.385
2431	3.6	8.4	1.040
2432	3.4	8.4	1.113
2433	3.2	8.4	1.118
2434	3.2	8.4	1.171
2435	3.1	8.4	1.118
2436	2.9	8.4	1.083
2437	2.8	8.4	1.003
2438	2.8	8.4	0.881
2439	2.9	8.4	0.803
2440	2.9	8.4	0.750
2441	2.8	8.4	0.779
2442	2.9	8.4	0.967
2443	3.2	8.4	1.079
2444	3.2	8.4	1.334
2445	3.3	8.4	1.371
2446	3.5	8.4	1.278
2447	3.5	8.4	0.769
2448	3.6	8.4	0.482
2449	3.9	8.4	0.334
2450	3.8	8.4	0.180
2451	3.9	8.4	0.071
2452	3.9	8.4	0.051
2453	4.0	8.4	0.153
2454	4.0	8.4	0.385
2455	3.8	8.4	1.040
2456	3.7	8.4	1.113
2457	3.4	8.4	1.118
2458	2.9	8.4	1.171
2459	2.6	8.4	1.118
2460	2.4	8.4	1.083
2461	2.1	8.4	1.003
2462	2.1	8.4	0.881
2463	2.2	8.4	0.803
2464	2.1	8.3	0.750
2465	2.2	8.3	0.779
2466	2.4	8.3	0.967
2467	2.5	8.3	1.079
2468	2.8	8.3	1.334
2469	2.9	8.3	1.371
2470	3.1	8.3	1.278
2471	3.3	8.3	0.769
2472	3.5	8.3	0.482
2473	3.5	8.3	0.334
2474	3.6	8.3	0.180
2475	3.8	8.3	0.071
2476	4.0	8.3	0.051
2477	3.9	8.3	0.153
2478	3.9	8.3	0.385
2479	4.1	8.3	1.040
2480	4.0	8.3	1.113
2481	3.9	8.3	1.118
2482	3.8	8.3	1.171
2483	3.7	8.3	1.118
2484	3.4	8.3	1.083
2485	3.3	8.3	1.003
2486	3.4	8.3	0.881
2487	3.3	8.3	0.803
2488	3.4	8.3	0.750
2489	3.3	8.3	0.779
2490	3.5	8.3	0.967
2491	3.7	8.3	1.079
2492	4.0	8.3	1.334
2493	4.1	8.3	1.371
2494	4.2	8.2	1.278
2495	4.1	8.2	0.769
2496	4.2	8.2	0.482
2497	4.3	8.2	0.334
2498	4.2	8.2	0.180
2499	4.2	8.2	0.071
2500	4.1	8.2	0.051
2501	4.2	8.2	0.153
2502	4.1	8.2	0.385
2503	4.2	8.2	1.040
2504	4.0	8.2	1.113
2505	4.0	8.2	1.118
2506	3.8	8.2	1.171
2507	3.4	8.2	1.118
2508	3.2	8.2	1.083
2509	3.2	8.2	1.003
2510	3.1	8.2	0.881
2511	2.9	8.2	0.803
2512	2.8	8.2	0.750
2513	3.0	8.2	0.779
2514	3.1	8.2	0.967
2515	3.3	8.2	1.079
2516	3.4	8.2	1.334
2517	3.3	8.2	1.371
2518	3.5	8.2	1.278
2519	3.7	8.2	0.769
2520	3.9	8.2	0.482
2521	4.0	8.2	0.334
2522	4.1	8.2	0.180
2523	4.3	8.2	0.071
2524	4.3	8.2	0.051
2525	4.4	8.1	0.153
2526	4.4	8.1	0.385
2527	4.4	8.1	1.040
2528	4.4	8.1	1.113
2529	4.2	8.1	1.118
2530	3.8	8.1	1.171
2531	3.7	8.1	1.118
2532	3.6	8.1	1.083
2533	3.5	8.1	1.003
2534	3.2	8.1	0.881
2535	3.2	8.1	0.803
2536	3.3	8.1	0.750
2537	3.2	8.1	0.779
2538	3.4	8.1	0.967
2539	3.5	8.1	1.079
2540	3.7	8.1	1.334
2541	3.8	8.1	1.371
2542	3.8	8.1	1.278
2543	3.8	8.1	0.769
2544	4.0	8.1	0.482
2545	4.0	8.1	0.334
2546	4.1	8.1	0.180
2547	4.1	8.1	0.071
2548	4.3	8.1	0.051
2549	4.3	8.1	0.153
2550	4.2	8.1	0.385
2551	4.2	8.1	1.040
2552	3.8	8.0	1.113
2553	3.4	8.0	1.118
2554	3.0	8.0	1.171
2555	2.6	8.0	1.118
2556	2.4	8.0	1.083
2557	2.1	8.0	1.003
2558	1.8	8.0	0.881
2559	1.6	8.0	0.803
2560	1.6	8.0	0.750
2561	1.6	8.0	0.779
2562	1.7	8.0	0.967
2563	1.9	8.0	1.079
2564	2.1	8.0	1.334
2565	2.3	8.0	1.371
2566	2.4	8.0	1.278
2567	2.4	8.0	0.769
2568	2.6	8.0	0.482
2569	2.7	8.0	0.334
2570	2.8	8.0	0.180
2571	2.9	8.0	0.071
2572	3.0	8.0	0.051
2573	3.0	8.0	0.153
2574	3.1	8.0	0.385
2575	3.1	8.0	1.040
2576	3.1	8.0	1.113
2577	3.0	8.0	1.118
2578	2.7	8.0	1.171
2579	2.5	8.0	1.118
2580	2.0	8.0	1.083
2581	1.7	8.0	1.003
2582	1.7	8.0	0.881
2583	1.4	8.0	0.803
2584	1.4	8.0	0.750
2585	1.6	8.0	0.779
2586	1.8	7.9	0.967
2587	2.2	7.9	1.079
2588	2.5	7.9	1.334
2589	2.9	7.9	1.371
2590	3.1	7.9	1.278
2591	3.3	7.9	0.769
2592	3.5	7.9	0.482
2593	3.7	7.9	0.334
2594	3.8	7.9	0.180
2595	3.7	7.9	0.071
2596	3.6	7.9	0.051
2597	3.6	7.9	0.153
2598	3.5	7.9	0.385
2599	3.5	7.9	1.040
2600	3.3	7.9	1.113
2601	3.2	7.9	1.118
2602	3.1	7.9	1.171
2603	2.7	7.9	1.118
2604	2.8	7.9	1.083
2605	2.5	7.9	1.003
2606	2.3	7.9	0.881
2607	2.2	7.9	0.803
2608	2.3	7.9	0.750
2609	2.2	7.9	0.779
2610	2.2	7.9	0.967
2611	2.3	7.9	1.079
2612	2.2	7.9	1.334
2613	2.2	7.9	1.371
2614	2.3	7.9	1.278
2615	2.3	7.9	0.769
2616	2.2	7.9	0.482
2617	2.2	7.9	0.334
2618	2.2	7.9	0.180
2619	2.2	7.9	0.071
2620	2.3	7.9	0.051
2621	2.2	7.9	0.153
2622	2.3	7.9	0.385
2623	2.3	7.9	1.040
2624	2.2	7.9	1.113
2625	2.0	7.9	1.118
2626	1.9	7.9	1.171
2627	1.8	7.9	1.118
2628	1.5	7.8	1.083
2629	1.4	7.8	1.003
2630	1.4	7.8	0.881
2631	1.4	7.8	0.803
2632	1.3	7.8	0.750
2633	1.3	7.8	0.779
2634	1.3	7.8	0.967
2635	1.5	7.8	1.079
2636	1.7	7.8	1.334
2637	1.8	7.8	1.371
2638	1.9	7.8	1.278
2639	2.0	7.8	0.769
2640	1.8	7.8	0.482
2641	1.9	7.8	0.334
2642	2.2	7.8	0.180
2643	2.4	7.8	0.071
2644	2.5	7.8	0.051
2645	2.6	7.8	0.153
2646	2.5	7.8	0.385
2647	2.7	7.8	1.040
2648	2.6	7.7	1.113
2649	2.4	7.7	1.118
2650	2.1	7.7	1.171
2651	1.9	7.7	1.118
2652	1.7	7.7	1.083
2653	1.4	7.7	1.003
2654	1.2	7.7	0.881
2655	1.2	7.7	0.803
2656	1.2	7.7	0.750
2657	1.5	7.7	0.779
2658	1.8	7.7	0.967
2659	2.2	7.7	1.079
2660	2.5	7.7	1.334
2661	2.8	7.7	1.371
2662	3.2	7.7	1.278
2663	3.4	7.7	0.769
2664	3.6	7.7	0.482
2665	3.8	7.7	0.334
2666	3.8	7.7	0.180
2667	3.8	7.7	0.071
2668	3.8	7.7	0.051
2669	3.7	7.7	0.153
2670	3.6	7.7	0.385
2671	3.5	7.7	1.040
2672	3.3	7.7	1.113
2673	2.9	7.7	1.118
2674	2.7	7.7	1.171
2675	2.3	7.7	1.118
2676	1.9	7.7	1.083
2677	1.5	7.7	1.003
2678	1.2	7.7	0.881
2679	1.2	7.6	0.803
2680	1.1	7.6	0.750
2681	0.9	7.6	0.779
2682	0.8	7.6	0.967
2683	1.0	7.6	1.079
2684	1.2	7.6	1.334
2685	1.4	7.6	1.371
2686	1.5	7.6	1.278
2687	1.4	7.6	0.769
2688	1.5	7.6	0.482
2689	0.0	7.6	0.334
2690	0.0	7.6	0.180
2691	0.0	7.6	0.071
2692	0.0	7.6	0.051
2693	0.0	7.6	0.153
2694	0.0	7.6	0.385
2695	0.0	7.6	1.040
2696	0.0	7.6	1.113
2697	0.0	7.6	1.118
2698	0.0	7.6	1.171
2699	0.0	7.6	1.118
2700	0.0	7.6	1.083
2701	0.0	7.6	1.003
2702	0.0	7.6	0.881
2703	0.0	7.6	0.803
2704	0.0	7.6	0.750
2705	0.0	7.6	0.779
2706	0.0	7.6	0.967
2707	0.0	7.6	1.079
2708	0.0	7.6	1.334
2709	0.0	7.5	1.371
2710	0.0	7.5	1.278
2711	0.0	7.5	0.769
2712	0.0	7.5	0.482
2713	0.0	7.5	0.334
2714	0.0	7.5	0.180
2715	0.0	7.5	0.071
2716	0.0	7.5	0.051
2717	0.0	7.5	0.153
2718	0.0	7.5	0.385
2719	0.0	7.5	1.040
2720	0.0	7.5	1.113
2721	0.0	7.5	1.118
2722	0.0	7.5	1.171
2723	0.0	7.5	1.118
2724	0.0	7.5	1.083
2725	0.0	7.5	1.003
2726	0.0	7.5	0.881
2727	0.0	7.5	0.803
2728	0.0	7.5	0.750
2729	0.0	7.5	0.779
2730	0.0	7.5	0.967
2731	0.0	7.5	1.079
2732	0.0	7.5	1.334
2733	0.0	7.5	1.371
2734	0.0	7.5	1.278
2735	0.0	7.5	0.769
2736	0.0	7.4	0.482
2737	0.0	7.4	0.334
2738	0.0	7.4	0.180
2739	0.0	7.4	0.071
2740	0.0	7.4	0.051
2741	0.0	7.4	0.153
2742	0.0	7.4	0.385
2743	0.0	7.4	1.040
2744	0.0	7.4	1.113
2745	0.0	7.4	1.118
2746	0.0	7.4	1.171
2747	0.0	7.4	1.118
2748	0.0	7.4	1.083
2749	0.0	7.4	1.003
2750	0.0	7.4	0.881
2751	0.0	7.4	0.803
2752	0.0	7.4	0.750
2753	0.0	7.4	0.779
2754	0.0	7.4	0.967
2755	0.0	7.4	1.079
2756	0.0	7.3	1.334
2757	0.0	7.3	1.371
2758	0.0	7.3	1.278
2759	0.0	7.3	0.769
2760	0.0	7.3	0.482
2761	1.4	7.3	0.334
2762	1.7	7.3	0.180
2763	1.8	7.3	0.071
2764	1.9	7.3	0.051
2765	2.1	7.3	0.153
2766	2.2	7.3	0.385
2767	2.2	7.3	1.040
2768	2.2	7.3	1.113
2769	1.9	7.3	1.118
2770	1.6	7.3	1.171
2771	1.4	7.3	1.118
2772	1.1	7.3	1.083
2773	0.9	7.3	1.003
2774	0.8	7.3	0.881
2775	0.9	7.3	0.803
2776	0.9	7.3	0.750
2777	1.1	7.3	0.779
2778	1.5	7.2	0.967
2779	2.0	7.2	1.079
2780	2.5	7.2	1.334
2781	2.7	7.2	1.371
2782	3.0	7.2	1.278
2783	3.2	7.2	0.769
2784	3.5	7.2	0.482
2785	3.6	7.2	0.334
2786	3.6	7.2	0.180
2787	3.8	7.2	0.071
2788	3.9	7.2	0.051
2789	3.9	7.2	0.153
2790	3.8	7.2	0.385
2791	3.9	7.2	1.040
2792	3.9	7.2	1.113
2793	3.7	7.2	1.118
2794	3.5	7.2	1.171
2795	3.3	7.2	1.118
2796	3.1	7.2	1.083
2797	3.0	7.2	1.003
2798	2.8	7.2	0.881
2799	2.8	7.2	0.803
2800	2.7	7.2	0.750
2801	3.0	7.2	0.779
2802	3.1	7.2	0.967
2803	3.4	7.2	1.079
2804	3.6	7.2	1.334
2805	3.8	7.2	1.371
2806	3.7	7.2	1.278
2807	4.0	7.2	0.769
2808	4.1	7.2	0.482
2809	4.3	7.2	0.334
2810	4.4	7.2	0.180
2811	4.3	7.2	0.071
2812	4.3	7.2	0.051
2813	4.3	7.1	0.153
2814	4.2	7.1	0.385
2815	4.1	7.1	1.040
2816	3.9	7.1	1.113
2817	3.5	7.1	1.118
2818	3.3	7.1	1.171
2819	3.0	7.1	1.118
2820	2.6	7.1	1.083
2821	2.2	7.1	1.003
2822	2.0	7.1	0.881
2823	1.9	7.1	0.803
2824	1.8	7.1	0.750
2825	1.9	7.1	0.779
2826	2.0	7.1	0.967
2827	2.1	7.1	1.079
2828	2.2	7.1	1.334
2829	2.4	7.1	1.371
2830	2.4	7.1	1.278
2831	2.3	7.1	0.769
2832	2.4	7.1	0.482
2833	2.4	7.1	0.334
2834	2.5	7.1	0.180
2835	2.6	7.1	0.071
2836	2.8	7.1	0.051
2837	2.7	7.1	0.153
2838	2.7	7.0	0.385
2839	2.8	7.0	1.040
2840	2.6	7.0	1.113
2841	2.3	7.0	1.118
2842	1.8	7.0	1.171
2843	1.4	7.0	1.118
2844	1.3	7.0	1.083
2845	1.1	7.0	1.003
2846	0.9	7.0	0.881
2847	0.8	7.0	0.803
2848	0.9	7.0	0.750
2849	1.1	7.0	0.779
2850	1.4	7.0	0.967
2851	1.9	7.0	1.079
2852	2.4	7.0	1.334
2853	2.5	7.0	1.371
2854	2.8	7.0	1.278
2855	2.9	7.0	0.769
2856	3.1	7.0	0.482
2857	3.4	7.0	0.334
2858	3.6	7.0	0.180
2859	3.4	7.0	0.071
2860	3.5	7.0	0.051
2861	3.5	7.0	0.153
2862	3.6	7.0	0.385
2863	3.5	7.0	1.040
2864	3.3	7.0	1.113
2865	3.1	7.0	1.118
2866	2.8	7.0	1.171
2867	2.4	7.0	1.118
2868	2.2	7.0	1.083
2869	2.0	7.0	1.003
2870	1.8	7.0	0.881
2871	1.7	7.0	0.803
2872	1.6	7.0	0.750
2873	1.8	7.0	0.779
2874	2.2	7.0	0.967
2875	2.5	7.0	1.079
2876	2.9	7.0	1.334
2877	3.3	7.0	1.371
2878	3.7	7.0	1.278
2879	4.0	7.0	0.769
2880	4.2	6.9	0.482
2881	0.0	6.9	0.334
2882	0.0	6.9	0.180
2883	0.0	6.9	0.071
2884	0.0	6.9	0.051
2885	0.0	6.9	0.153
2886	0.0	6.9	0.385
2887	0.0	6.9	1.040
2888	0.0	6.9	1.113
2889	0.0	6.9	1.118
2890	0.0	6.9	1.171
2891	0.0	6.9	1.118
2892	0.0	6.9	1.083
2893	0.0	6.9	1.003
2894	0.0	6.9	0.881
2895	0.0	6.9	0.803
2896	0.0	6.9	0.750
2897	0.0	6.9	0.779
2898	0.0	6.9	0.967
2899	0.0	6.9	1.079
2900	0.0	6.9	1.334
2901	0.0	6.9	1.371
2902	0.0	6.9	1.278
2903	0.0	6.9	0.769
2904	0.0	6.9	0.482
2905	0.0	6.9	0.334
2906	0.0	6.8	0.180
2907	0.0	6.8	0.071
2908	0.0	6.8	0.051
2909	0.0	6.8	0.153
2910	0.0	6.8	0.385
2911	0.0	6.8	1.040
2912	0.0	6.8	1.113
2913	0.0	6.8	1.118
2914	0.0	6.8	1.171
2915	0.0	6.8	1.118
2916	0.0	6.8	1.083
2917	0.0	6.8	1.003
2918	0.0	6.8	0.881
2919	0.0	6.8	0.803
2920	0.0	6.8	0.750
2921	0.0	6.8	0.779
2922	0.0	6.8	0.967
2923	0.0	6.8	1.079
2924	0.0	6.8	1.334
2925	0.0	6.8	1.371
2926	0.0	6.8	1.278
2927	0.0	6.8	0.769
2928	0.0	6.8	0.482
2929	0.0	6.8	0.334
2930	0.0	6.8	0.180
2931	0.0	6.8	0.071
2932	0.0	6.8	0.051
2933	0.0	6.8	0.153
2934	0.0	6.8	0.385
2935	0.0	6.8	1.040
2936	0.0	6.8	1.113
2937	0.0	6.8	1.118
2938	0.0	6.8	1.171
2939	0.0	6.8	1.118
2940	0.0	6.7	1.083
2941	0.0	6.7	1.003
2942	0.0	6.7	0.881
2943	0.0	6.7	0.803
2944	0.0	6.7	0.750
2945	0.0	6.7	0.779
2946	0.0	6.7	0.967
2947	0.0	6.7	1.079
2948	0.0	6.7	1.334
2949	0.0	6.7	1.371
2950	0.0	6.7	1.278
2951	0.0	6.7	0.769
2952	0.0	6.7	0.482
2953	0.0	6.7	0.334
2954	0.0	6.7	0.180
2955	0.0	6.7	0.071
2956	0.0	6.7	0.051
2957	0.0	6.7	0.153
2958	0.0	6.7	0.385
2959	0.0	6.7	1.040
2960	0.0	6.7	1.113
2961	0.0	6.7	1.118
2962	0.0	6.7	1.171
2963	0.0	6.7	1.118
2964	0.0	6.7	1.083
2965	0.0	6.7	1.003
2966	0.0	6.7	0.881
2967	0.0	6.7	0.803
2968	0.0	6.7	0.750
2969	0.0	6.7	0.779
2970	0.0	6.7	0.967
2971	0.0	6.7	1.079
2972	0.0	6.7	1.334
2973	0.0	6.7	1.371
2974	0.0	6.7	1.278
2975	0.0	6.6	0.769
2976	0.0	6.6	0.482
2977	0.0	6.6	0.334
2978	0.0	6.6	0.180
2979	0.0	6.6	0.071
2980	0.0	6.6	0.051
2981	0.0	6.6	0.153
2982	0.0	6.6	0.385
2983	0.0	6.6	1.040
2984	0.0	6.6	1.113
2985	0.0	6.6	1.118
2986	0.0	6.6	1.171
2987	0.0	6.6	1.118
2988	0.0	6.6	1.083
2989	0.0	6.6	1.003
2990	0.0	6.6	0.881
2991	0.0	6.6	0.803
2992	0.0	6.6	0.750
2993	0.0	6.6	0.779
2994	0.0	6.6	0.967
2995	0.0	6.6	1.079
2996	0.0	6.6	1.334
2997	0.0	6.6	1.371
2998	0.0	6.6	1.278
2999	0.0	6.6	0.769
3000	0.0	6.6	0.482
3001	0.0	6.6	0.334
3002	0.0	6.6	0.180
3003	0.0	6.6	0.071
3004	0.0	6.6	0.051
3005	0.0	6.6	0.153
3006	0.0	6.6	0.385
3007	0.0	6.6	1.040
3008	0.0	6.6	1.113
3009	0.0	6.6	1.118
3010	0.0	6.6	1.171
3011	0.0	6.6	1.118
3012	0.0	6.5	1.083
3013	0.0	6.5	1.003
3014	0.0	6.5	0.881
3015	0.0	6.5	0.803
3016	0.0	6.5	0.750
3017	0.0	6.5	0.779
3018	0.0	6.5	0.967
3019	0.0	6.5	1.079
3020	0.0	6.5	1.334
3021	0.0	6.5	1.371
3022	0.0	6.5	1.278
3023	0.0	6.5	0.769
3024	0.0	6.5	0.482
3025	0.0	6.5	0.334
3026	0.0	6.5	0.180
3027	0.0	6.5	0.071
3028	0.0	6.5	0.051
3029	0.0	6.5	0.153
3030	0.0	6.5	0.385
3031	0.0	6.5	1.040
3032	0.0	6.5	1.113
3033	0.0	6.5	1.118
3034	0.0	6.5	1.171
3035	0.0	6.5	1.118
3036	0.0	6.5	1.083
3037	0.0	6.5	1.003
3038	0.0	6.5	0.881
3039	0.0	6.5	0.803
3040	0.0	6.5	0.750
3041	0.0	6.5	0.779
3042	0.0	6.5	0.967
3043	0.0	6.5	1.079
3044	0.0	6.5	1.334
3045	0.0	6.5	1.371
3046	0.0	6.5	1.278
3047	0.0	6.5	0.769
3048	0.0	6.5	0.482
3049	0.0	6.5	0.334
3050	0.0	6.4	0.180
3051	0.0	6.4	0.071
3052	0.0	6.4	0.051
3053	0.0	6.4	0.153
3054	0.0	6.4	0.385
3055	0.0	6.4	1.040
3056	0.0	6.4	1.113
3057	0.0	6.4	1.118
3058	0.0	6.4	1.171
3059	0.0	6.4	1.118
3060	0.0	6.4	1.083
3061	0.0	6.4	1.003
3062	0.0	6.4	0.881
3063	0.0	6.4	0.803
3064	0.0	6.4	0.750
3065	0.0	6.4	0.779
3066	0.0	6.4	0.967
3067	0.0	6.4	1.079
3068	0.0	6.4	1.334
3069	0.0	6.4	1.371
3070	0.0	6.4	1.278
3071	0.0	6.4	0.769
3072	0.0	6.4	0.482
3073	0.0	6.4	0.334
3074	0.0	6.4	0.180
3075	0.0	6.4	0.071
3076	0.0	6.4	0.051
3077	0.0	6.4	0.153
3078	0.0	6.4	0.385
3079	0.0	6.4	1.040
3080	0.0	6.4	1.113
3081	0.0	6.4	1.118
3082	0.0	6.3	1.171
3083	0.0	6.3	1.118
3084	0.0	6.3	1.083
3085	0.0	6.3	1.003
3086	0.0	6.3	0.881
3087	0.0	6.3	0.803
3088	0.0	6.3	0.750
3089	0.0	6.3	0.779
3090	0.0	6.3	0.967
3091	0.0	6.3	1.079
3092	0.0	6.3	1.334
3093	0.0	6.3	1.371
3094	0.0	6.3	1.278
3095	0.0	6.3	0.769
3096	0.0	6.3	0.482
3097	0.0	6.3	0.334
3098	0.0	6.3	0.180
3099	0.0	6.3	0.071
3100	0.0	6.3	0.051
3101	0.0	6.3	0.153
3102	0.0	6.3	0.385
3103	0.0	6.3	1.040
3104	0.0	6.3	1.113
3105	0.0	6.3	1.118
3106	0.0	6.3	1.171
3107	0.0	6.3	1.118
3108	0.0	6.3	1.083
3109	0.0	6.3	1.003
3110	0.0	6.3	0.881
3111	0.0	6.3	0.803
3112	0.0	6.3	0.750
3113	0.0	6.3	0.779
3114	0.0	6.3	0.967
3115	0.0	6.3	1.079
3116	0.0	6.3	1.334
3117	0.0	6.3	1.371
3118	0.0	6.3	1.278
3119	0.0	6.2	0.769
3120	0.0	6.2	0.482
3121	0.0	6.2	0.334
3122	0.0	6.2	0.180
3123	0.0	6.2	0.071
3124	0.0	6.2	0.051
3125	0.0	6.2	0.153
3126	0.0	6.2	0.385
3127	0.0	6.2	1.040
3128	0.0	6.2	1.113
3129	0.0	6.2	1.118
3130	0.0	6.2	1.171
3131	0.0	6.2	1.118
3132	0.0	6.2	1.083
3133	0.0	6.2	1.003
3134	0.0	6.2	0.881
3135	0.0	6.2	0.803
3136	0.0	6.2	0.750
3137	0.0	6.2	0.779
3138	0.0	6.2	0.967
3139	0.0	6.2	1.079
3140	0.0	6.2	1.334
3141	0.0	6.2	1.371
3142	0.0	6.2	1.278
3143	0.0	6.2	0.769
3144	0.0	6.2	0.482
3145	0.0	6.2	0.334
3146	0.0	6.2	0.180
3147	0.0	6.2	0.071
3148	0.0	6.2	0.051
3149	0.0	6.2	0.153
3150	0.0	6.2	0.385
3151	0.0	6.2	1.040
3152	0.0	6.2	1.113
3153	0.0	6.2	1.118
3154	0.0	6.1	1.171
3155	0.0	6.1	1.118
3156	0.0	6.1	1.083
3157	0.0	6.1	1.003
3158	0.0	6.1	0.881
3159	0.0	6.1	0.803
3160	0.0	6.1	0.750
3161	0.0	6.1	0.779
3162	0.0	6.1	0.967
3163	0.0	6.1	1.079
3164	0.0	6.1	1.334
3165	0.0	6.1	1.371
3166	0.0	6.1	1.278
3167	0.0	6.1	0.769
3168	0.0	6.1	0.482
3169	0.0	6.1	0.334
3170	0.0	6.1	0.180
3171	0.0	6.1	0.071
3172	0.0	6.1	0.051
3173	0.0	6.1	0.153
3174	0.0	6.1	0.385
3175	0.0	6.1	1.040
3176	0.0	6.1	1.113
3177	0.0	6.1	1.118
3178	0.0	6.1	1.171
3179	0.0	6.1	1.118
3180	0.0	6.1	1.083
3181	0.0	6.1	1.003
3182	0.0	6.1	0.881
3183	0.0	6.1	0.803
3184	0.0	6.1	0.750
3185	0.0	6.0	0.779
3186	0.0	6.0	0.967
3187	0.0	6.0	1.079
3188	0.0	6.0	1.334
3189	0.0	6.0	1.371
3190	0.0	6.0	1.278
3191	0.0	6.0	0.769
3192	0.0	6.0	0.482
3193	0.0	6.0	0.334
3194	0.0	6.0	0.180
3195	0.0	6.0	0.071
3196	0.0	6.0	0.051
3197	0.0	6.0	0.153
3198	0.0	6.0	0.385
3199	0.0	6.0	1.040
3200	0.0	6.0	1.113
3201	0.0	6.0	1.118
3202	0.0	6.0	1.171
3203	0.0	6.0	1.118
3204	0.0	6.0	1.083
3205	0.0	6.0	1.003
3206	0.0	6.0	0.881
3207	0.0	6.0	0.803
3208	0.0	6.0	0.750
3209	0.0	5.9	0.779
3210	0.0	5.9	0.967
3211	0.0	5.9	1.079
3212	0.0	5.9	1.334
3213	0.0	5.9	1.371
3214	0.0	5.9	1.278
3215	0.0	5.9	0.769
3216	0.0	5.9	0.482
3217	0.0	5.9	0.334
3218	0.0	5.9	0.180
3219	0.0	5.9	0.071
3220	0.0	5.9	0.051
3221	0.0	5.9	0.153
3222	0.0	5.9	0.385
3223	0.0	5.9	1.040
3224	0.0	5.9	1.113
3225	0.0	5.9	1.118
3226	0.0	5.9	1.171
3227	0.0	5.9	1.118
3228	0.0	5.9	1.083
3229	0.0	5.9	1.003
3230	0.0	5.9	0.881
3231	0.0	5.9	0.803
3232	0.0	5.9	0.750
3233	0.0	5.9	0.779
3234	0.0	5.9	0.967
3235	0.0	5.9	1.079
3236	0.0	5.9	1.334
3237	0.0	5.9	1.371
3238	0.0	5.9	1.278
3239	0.0	5.8	0.769
3240	0.0	5.8	0.482
3241	0.0	5.8	0.334
3242	0.0	5.8	0.180
3243	0.0	5.8	0.071
3244	0.0	5.8	0.051
3245	0.0	5.8	0.153
3246	0.0	5.8	0.385
3247	0.0	5.8	1.040
3248	0.0	5.8	1.113
3249	0.0	5.8	1.118
3250	0.0	5.8	1.171
3251	0.0	5.8	1.118
3252	0.0	5.8	1.083
3253	0.0	5.8	1.003
3254	0.0	5.8	0.881
3255	0.0	5.8	0.803
3256	0.0	5.8	0.750
3257	0.0	5.8	0.779
3258	0.0	5.8	0.967
3259	0.0	5.7	1.079
3260	0.0	5.7	1.334
3261	0.0	5.7	1.371
3262	0.0	5.7	1.278
3263	0.0	5.7	0.769
3264	0.0	5.7	0.482
3265	0.0	5.7	0.334
3266	0.0	5.7	0.180
3267	0.0	5.7	0.071
3268	0.0	5.7	0.051
3269	0.0	5.7	0.153
3270	0.0	5.7	0.385
3271	0.0	5.7	1.040
3272	0.0	5.7	1.113
3273	0.0	5.7	1.118
3274	0.0	5.7	1.171
3275	0.0	5.7	1.118
3276	0.0	5.7	1.083
3277	0.0	5.7	1.003
3278	0.0	5.7	0.881
3279	0.0	5.7	0.803
3280	0.0	5.7	0.750
3281	0.0	5.7	0.779
3282	0.0	5.7	0.967
3283	0.0	5.7	1.079
3284	0.0	5.7	1.334
3285	0.0	5.7	1.371
3286	0.0	5.7	1.278
3287	0.0	5.7	0.769
3288	0.0	5.7	0.482
3289	0.0	5.6	0.334
3290	0.0	5.6	0.180
3291	0.0	5.6	0.071
3292	0.0	5.6	0.051
3293	0.0	5.6	0.153
3294	0.0	5.6	0.385
3295	0.0	5.6	1.040
3296	0.0	5.6	1.113
3297	0.0	5.6	1.118
3298	0.0	5.6	1.171
3299	0.0	5.6	1.118
3300	0.0	5.6	1.083
3301	0.0	5.6	1.003
3302	0.0	5.6	0.881
3303	0.0	5.6	0.803
3304	0.0	5.6	0.750
3305	0.0	5.6	0.779
3306	0.0	5.6	0.967
3307	0.0	5.6	1.079
3308	0.0	5.6	1.334
3309	0.0	5.6	1.371
3310	0.0	5.6	1.278
3311	0.0	5.6	0.769
3312	0.0	5.6	0.482
3313	0.0	5.6	0.334
3314	0.0	5.6	0.180
3315	0.0	5.6	0.071
3316	0.0	5.6	0.051
3317	0.0	5.6	0.153
3318	0.0	5.6	0.385
3319	0.0	5.6	1.040
3320	0.0	5.6	1.113
3321	0.0	5.6	1.118
3322	0.0	5.6	1.171
3323	0.0	5.6	1.118
3324	0.0	5.6	1.083
3325	0.0	5.5	1.003
3326	0.0	5.5	0.881
3327	0.0	5.5	0.803
3328	0.0	5.5	0.750
3329	0.0	5.5	0.779
3330	0.0	5.5	0.967
3331	0.0	5.5	1.079
3332	0.0	5.5	1.334
3333	0.0	5.5	1.371
3334	0.0	5.5	1.278
3335	0.0	5.5	0.769
3336	0.0	5.5	0.482
3337	0.0	5.5	0.334
3338	0.0	5.5	0.180
3339	0.0	5.5	0.071
3340	0.0	5.5	0.051
3341	0.0	5.5	0.153
3342	0.0	5.5	0.385
3343	0.0	5.5	1.040
3344	0.0	5.5	1.113
3345	0.0	5.5	1.118
3346	0.0	5.5	1.171
3347	0.0	5.5	1.118
3348	0.0	5.5	1.083
3349	0.0	5.5	1.003
3350	0.0	5.5	0.881
3351	0.0	5.5	0.803
3352	0.0	5.4	0.750
3353	0.0	5.4	0.779
3354	0.0	5.4	0.967
3355	0.0	5.4	1.079
3356	0.0	5.4	1.334
3357	0.0	5.4	1.371
3358	0.0	5.4	1.278
3359	0.0	5.4	0.769
3360	0.0	5.4	0.482
3361	0.0	5.4	0.334
3362	0.0	5.4	0.180
3363	0.0	5.4	0.071
3364	0.0	5.4	0.051
3365	0.0	5.4	0.153
3366	0.0	5.4	0.385
3367	0.0	5.4	1.040
3368	0.0	5.4	1.113
3369	0.0	5.4	1.118
3370	0.0	5.4	1.171
3371	0.0	5.4	1.118
3372	0.0	5.4	1.083
3373	0.0	5.4	1.003
3374	0.0	5.4	0.881
3375	0.0	5.4	0.803
3376	0.0	5.4	0.750
3377	0.0	5.4	0.779
3378	0.0	5.4	0.967
3379	0.0	5.4	1.079
3380	0.0	5.4	1.334
3381	0.0	5.4	1.371
3382	0.0	5.4	1.278
3383	0.0	5.4	0.769
3384	0.0	5.4	0.482
3385	0.0	5.4	0.334
3386	0.0	5.4	0.180
3387	0.0	5.4	0.071
3388	0.0	5.4	0.051
3389	0.0	5.4	0.153
3390	0.0	5.3	0.385
3391	0.0	5.3	1.040
3392	0.0	5.3	1.113
3393	0.0	5.3	1.118
3394	0.0	5.3	1.171
3395	0.0	5.3	1.118
3396	0.0	5.3	1.083
3397	0.0	5.3	1.003
3398	0.0	5.3	0.881
3399	0.0	5.3	0.803
3400	0.0	5.3	0.750
3401	0.0	5.3	0.779
3402	0.0	5.3	0.967
3403	0.0	5.3	1.079
3404	0.0	5.3	1.334
3405	0.0	5.3	1.371
3406	0.0	5.3	1.278
3407	0.0	5.3	0.769
3408	0.0	5.3	0.482
3409	0.0	5.3	0.334
3410	0.0	5.3	0.180
3411	0.0	5.3	0.071
3412	0.0	5.3	0.051
3413	0.0	5.3	0.153
3414	0.0	5.3	0.385
3415	0.0	5.3	1.040
3416	0.0	5.3	1.113
3417	0.0	5.3	1.118
3418	0.0	5.3	1.171
3419	0.0	5.2	1.118
3420	0.0	5.2	1.083
3421	0.0	5.2	1.003
3422	0.0	5.2	0.881
3423	0.0	5.2	0.803
3424	0.0	5.2	0.750
3425	0.0	5.2	0.779
3426	0.0	5.2	0.967
3427	0.0	5.2	1.079
3428	0.0	5.2	1.334
3429	0.0	5.2	1.371
3430	0.0	5.2	1.278
3431	0.0	5.2	0.769
3432	0.0	5.2	0.482
3433	0.0	5.2	0.334
3434	0.0	5.2	0.180
3435	0.0	5.2	0.071
3436	0.0	5.2	0.051
3437	0.0	5.2	0.153
3438	0.0	5.2	0.385
3439	0.0	5.2	1.040
3440	0.0	5.2	1.113
3441	0.0	5.2	1.118
3442	0.0	5.2	1.171
3443	0.0	5.2	1.118
3444	0.0	5.2	1.083
3445	0.0	5.2	1.003
3446	0.0	5.2	0.881
3447	0.0	5.2	0.803
3448	0.0	5.1	0.750
3449	0.0	5.1	0.779
3450	0.0	5.1	0.967
3451	0.0	5.1	1.079
3452	0.0	5.1	1.334
3453	0.0	5.1	1.371
3454	0.0	5.1	1.278
3455	0.0	5.1	0.769
3456	0.0	5.1	0.482
3457	0.0	5.1	0.334
3458	0.0	5.1	0.180
3459	0.0	5.1	0.071
3460	0.0	5.1	0.051
3461	0.0	5.1	0.153
3462	0.0	5.1	0.385
3463	0.0	5.1	1.040
3464	0.0	5.1	1.113
3465	0.0	5.1	1.118
3466	0.0	5.1	1.171
3467	0.0	5.1	1.118
3468	0.0	5.1	1.083
3469	0.0	5.1	1.003
3470	0.0	5.1	0.881
3471	0.0	5.1	0.803
3472	0.0	5.1	0.750
3473	0.0	5.1	0.779
3474	0.0	5.1	0.967
3475	0.0	5.1	1.079
3476	0.0	5.1	1.334
3477	0.0	5.1	1.371
3478	0.0	5.1	1.278
3479	0.0	5.1	0.769
3480	0.0	5.1	0.482
3481	0.0	5.1	0.334
3482	0.0	5.1	0.180
3483	0.0	5.1	0.071
3484	0.0	5.1	0.051
3485	0.0	5.1	0.153
3486	0.0	5.1	0.385
3487	0.0	5.0	1.040
3488	0.0	5.0	1.113
3489	0.0	5.0	1.118
3490	0.0	5.0	1.171
3491	0.0	5.0	1.118
3492	0.0	5.0	1.083
3493	0.0	5.0	1.003
3494	0.0	5.0	0.881
3495	0.0	5.0	0.803
3496	0.0	5.0	0.750
3497	0.0	5.0	0.779
3498	0.0	5.0	0.967
3499	0.0	5.0	1.079
3500	0.0	5.0	1.334
3501	0.0	5.0	1.371
3502	0.0	5.0	1.278
3503	0.0	5.0	0.769
3504	0.0	5.0	0.482
3505	0.0	5.0	0.334
3506	0.0	5.0	0.180
3507	0.0	5.0	0.071
3508	0.0	5.0	0.051
3509	0.0	5.0	0.153
3510	0.0	5.0	0.385
3511	0.0	5.0	1.040
3512	0.0	5.0	1.113
3513	0.0	5.0	1.118
3514	0.0	5.0	1.171
3515	0.0	5.0	1.118
3516	0.0	5.0	1.083
3517	0.0	5.0	1.003
3518	0.0	5.0	0.881
3519	0.0	5.0	0.803
3520	0.0	5.0	0.750
3521	0.0	5.0	0.779
3522	0.0	4.9	0.967
3523	0.0	4.9	1.079
3524	0.0	4.9	1.334
3525	0.0	4.9	1.371
3526	0.0	4.9	1.278
3527	0.0	4.9	0.769
3528	0.0	4.9	0.482
3529	0.0	4.9	0.334
3530	0.0	4.9	0.180
3531	0.0	4.9	0.071
3532	0.0	4.9	0.051
3533	0.0	4.9	0.153
3534	0.0	4.9	0.385
3535	0.0	4.9	1.040
3536	0.0	4.9	1.113
3537	0.0	4.9	1.118
3538	0.0	4.9	1.171
3539	0.0	4.9	1.118
3540	0.0	4.9	1.083
3541	0.0	4.9	1.003
3542	0.0	4.9	0.881
3543	0.0	4.9	0.803
3544	0.0	4.9	0.750
3545	0.0	4.9	0.779
3546	0.0	4.9	0.967
3547	0.0	4.9	1.079
3548	0.0	4.9	1.334
3549	0.0	4.9	1.371
3550	0.0	4.9	1.278
3551	0.0	4.9	0.769
3552	0.0	4.9	0.482
3553	0.0	4.9	0.334
3554	0.0	4.9	0.180
3555	0.0	4.9	0.071
3556	0.0	4.9	0.051
3557	0.0	4.8	0.153
3558	0.0	4.8	0.385
3559	0.0	4.8	1.040
3560	0.0	4.8	1.113
3561	0.0	4.8	1.118
3562	0.0	4.8	1.171
3563	0.0	4.8	1.118
3564	0.0	4.8	1.083
3565	0.0	4.8	1.003
3566	0.0	4.8	0.881
3567	0.0	4.8	0.803
3568	0.0	4.8	0.750
3569	0.0	4.8	0.779
3570	0.0	4.8	0.967
3571	0.0	4.8	1.079
3572	0.0	4.8	1.334
3573	0.0	4.8	1.371
3574	0.0	4.8	1.278
3575	0.0	4.8	0.769
3576	0.0	4.8	0.482
3577	0.0	4.8	0.334
3578	0.0	4.8	0.180
3579	0.0	4.8	0.071
3580	0.0	4.8	0.051
3581	0.0	4.7	0.153
3582	0.0	4.7	0.385
3583	0.0	4.7	1.040
3584	0.0	4.7	1.113
3585	0.0	4.7	1.118
3586	0.0	4.7	1.171
3587	0.0	4.7	1.118
3588	0.0	4.7	1.083
3589	0.0	4.7	1.003
3590	0.0	4.7	0.881
3591	0.0	4.7	0.803
3592	0.0	4.7	0.750
3593	0.0	4.7	0.779
3594	0.0	4.7	0.967
3595	0.0	4.7	1.079
3596	0.0	4.7	1.334
3597	0.0	4.7	1.371
3598	0.0	4.7	1.278
3599	0.0	4.7	0.769
3600	0.0	4.7	0.482
3601	0.0	4.7	0.334
3602	0.0	4.7	0.180
3603	0.0	4.7	0.071
3604	0.0	4.6	0.051
3605	0.0	4.6	0.153
3606	0.0	4.6	0.385
3607	0.0	4.6	1.040
3608	0.0	4.6	1.113
3609	0.0	4.6	1.118
3610	0.0	4.6	1.171
3611	0.0	4.6	1.118
3612	0.0	4.6	1.083
3613	0.0	4.6	1.003
3614	0.0	4.6	0.881
3615	0.0	4.6	0.803
3616	0.0	4.6	0.750
3617	0.0	4.6	0.779
3618	0.0	4.6	0.967
3619	0.0	4.6	1.079
3620	0.0	4.6	1.334
3621	0.0	4.6	1.371
3622	0.0	4.6	1.278
3623	0.0	4.6	0.769
3624	0.0	4.6	0.482
3625	0.0	4.6	0.334
3626	0.0	4.6	0.180
3627	0.0	4.6	0.071
3628	0.0	4.6	0.051
3629	0.0	4.6	0.153
3630	0.0	4.6	0.385
3631	0.0	4.6	1.040
3632	0.0	4.6	1.113
3633	0.0	4.5	1.118
3634	0.0	4.5	1.171
3635	0.0	4.5	1.118
3636	0.0	4.5	1.083
3637	0.0	4.5	1.003
3638	0.0	4.5	0.881
3639	0.0	4.5	0.803
3640	0.0	4.5	0.750
3641	0.0	4.5	0.779
3642	0.0	4.5	0.967
3643	0.0	4.5	1.079
3644	0.0	4.5	1.334
3645	0.0	4.5	1.371
3646	0.0	4.5	1.278
3647	0.0	4.5	0.769
3648	0.0	4.5	0.482
3649	0.0	4.5	0.334
3650	0.0	4.5	0.180
3651	0.0	4.5	0.071
3652	0.0	4.5	0.051
3653	0.0	4.5	0.153
3654	0.0	4.5	0.385
3655	0.0	4.5	1.040
3656	0.0	4.5	1.113
3657	0.0	4.4	1.118
3658	0.0	4.4	1.171
3659	0.0	4.4	1.118
3660	0.0	4.4	1.083
3661	0.0	4.4	1.003
3662	0.0	4.4	0.881
3663	0.0	4.4	0.803
3664	0.0	4.4	0.750
3665	0.0	4.4	0.779
3666	0.0	4.4	0.967
3667	0.0	4.4	1.079
3668	0.0	4.4	1.334
3669	0.0	4.4	1.371
3670	0.0	4.4	1.278
3671	0.0	4.4	0.769
3672	0.0	4.4	0.482
3673	0.0	4.4	0.334
3674	0.0	4.4	0.180
3675	0.0	4.4	0.071
3676	0.0	4.4	0.051
3677	0.0	4.4	0.153
3678	0.0	4.4	0.385
3679	0.0	4.4	1.040
3680	0.0	4.4	1.113
3681	0.0	4.4	1.118
3682	0.0	4.4	1.171
3683	0.0	4.4	1.118
3684	0.0	4.4	1.083
3685	0.0	4.4	1.003
3686	0.0	4.4	0.881
3687	0.0	4.4	0.803
3688	0.0	4.4	0.750
3689	0.0	4.4	0.779
3690	0.0	4.3	0.967
3691	0.0	4.3	1.079
3692	0.0	4.3	1.334
3693	0.0	4.3	1.371
3694	0.0	4.3	1.278
3695	0.0	4.3	0.769
3696	0.0	4.3	0.482
3697	0.0	4.3	0.334
3698	0.0	4.3	0.180
3699	0.0	4.3	0.071
3700	0.0	4.3	0.051
3701	0.0	4.3	0.153
3702	0.0	4.3	0.385
3703	0.0	4.3	1.040
3704	0.0	4.3	1.113
3705	0.0	4.3	1.118
3706	0.0	4.3	1.171
3707	0.0	4.3	1.118
3708	0.0	4.3	1.083
3709	0.0	4.3	1.003
3710	0.0	4.3	0.881
3711	0.0	4.3	0.803
3712	0.0	4.3	0.750
3713	0.0	4.3	0.779
3714	0.0	4.3	0.967
3715	0.0	4.3	1.079
3716	0.0	4.3	1.334
3717	0.0	4.3	1.371
3718	0.0	4.3	1.278
3719	0.0	4.3	0.769
3720	0.0	4.3	0.482
3721	0.0	4.3	0.334
3722	0.0	4.3	0.180
3723	0.0	4.2	0.071
3724	0.0	4.2	0.051
3725	0.0	4.2	0.153
3726	0.0	4.2	0.385
3727	0.0	4.2	1.040
3728	0.0	4.2	1.113
3729	0.0	4.2	1.118
3730	0.0	4.2	1.171
3731	0.0	4.2	1.118
3732	0.0	4.2	1.083
3733	0.0	4.2	1.003
3734	0.0	4.2	0.881
3735	0.0	4.2	0.803
3736	0.0	4.2	0.750
3737	0.0	4.2	0.779
3738	0.0	4.2	0.967
3739	0.0	4.2	1.079
3740	0.0	4.2	1.334
3741	0.0	4.2	1.371
3742	0.0	4.2	1.278
3743	0.0	4.2	0.769
3744	0.0	4.2	0.482
3745	0.0	4.2	0.334
3746	0.0	4.2	0.180
3747	0.0	4.2	0.071
3748	0.0	4.2	0.051
3749	0.0	4.2	0.153
3750	0.0	4.2	0.385
3751	0.0	4.2	1.040
3752	0.0	4.2	1.113
3753	0.0	4.2	1.118
3754	0.0	4.2	1.171
3755	0.0	4.2	1.118
3756	0.0	4.1	1.083
3757	0.0	4.1	1.003
3758	0.0	4.1	0.881
3759	0.0	4.1	0.803
3760	0.0	4.1	0.750
3761	0.0	4.1	0.779
3762	0.0	4.1	0.967
3763	0.0	4.1	1.079
3764	0.0	4.1	1.334
3765	0.0	4.1	1.371
3766	0.0	4.1	1.278
3767	0.0	4.1	0.769
3768	0.0	4.1	0.482
3769	0.0	4.1	0.334
3770	0.0	4.1	0.180
3771	0.0	4.1	0.071
3772	0.0	4.1	0.051
3773	0.0	4.1	0.153
3774	0.0	4.1	0.385
3775	0.0	4.1	1.040
3776	0.0	4.1	1.113
3777	0.0	4.1	1.118
3778	0.0	4.1	1.171
3779	0.0	4.1	1.118
3780	0.0	4.1	1.083
3781	0.0	4.1	1.003
3782	0.0	4.1	0.881
3783	0.0	4.1	0.803
3784	0.0	4.1	0.750
3785	0.0	4.1	0.779
3786	0.0	4.1	0.967
3787	0.0	4.1	1.079
3788	0.0	4.1	1.334
3789	0.0	4.1	1.371
3790	0.0	4.1	1.278
3791	0.0	4.1	0.769
3792	0.0	4.1	0.482
3793	0.0	4.1	0.334
3794	0.0	4.1	0.180
3795	0.0	4.0	0.071
3796	0.0	4.0	0.051
3797	0.0	4.0	0.153
3798	0.0	4.0	0.385
3799	0.0	4.0	1.040
3800	0.0	4.0	1.113
3801	0.0	4.0	1.118
3802	0.0	4.0	1.171
3803	0.0	4.0	1.118
3804	0.0	4.0	1.083
3805	0.0	4.0	1.003
3806	0.0	4.0	0.881
3807	0.0	4.0	0.803
3808	0.0	4.0	0.750
3809	0.0	4.0	0.779
3810	0.0	4.0	0.967
3811	0.0	4.0	1.079
3812	0.0	4.0	1.334
3813	0.0	4.0	1.371
3814	0.0	4.0	1.278
3815	0.0	4.0	0.769
3816	0.0	4.0	0.482
3817	0.0	4.0	0.334
3818	0.0	4.0	0.180
3819	0.0	4.0	0.071
3820	0.0	4.0	0.051
3821	0.0	4.0	0.153
3822	0.0	4.0	0.385
3823	0.0	4.0	1.040
3824	0.0	4.0	1.113
3825	0.0	4.0	1.118
3826	0.0	4.0	1.171
3827	0.0	4.0	1.118
3828	0.0	4.0	1.083
3829	0.0	4.0	1.003
3830	0.0	4.0	0.881
3831	0.0	4.0	0.803
3832	0.0	4.0	0.750
3833	0.0	4.0	0.779
3834	0.0	4.0	0.967
3835	0.0	4.0	1.079
3836	0.0	3.9	1.334
3837	0.0	3.9	1.371
3838	0.0	3.9	1.278
3839	0.0	3.9	0.769
3840	0.0	3.9	0.482
3841	0.0	3.9	0.334
3842	0.0	3.9	0.180
3843	0.0	3.9	0.071
3844	0.0	3.9	0.051
3845	0.0	3.9	0.153
3846	0.0	3.9	0.385
3847	0.0	3.9	1.040
3848	0.0	3.9	1.113
3849	0.0	3.9	1.118
3850	0.0	3.9	1.171
3851	0.0	3.9	1.118
3852	0.0	3.9	1.083
3853	0.0	3.9	1.003
3854	0.0	3.9	0.881
3855	0.0	3.9	0.803
3856	0.0	3.9	0.750
3857	0.0	3.9	0.779
3858	0.0	3.9	0.967
3859	0.0	3.9	1.079
3860	0.0	3.9	1.334
3861	0.0	3.9	1.371
3862	0.0	3.9	1.278
3863	0.0	3.9	0.769
3864	0.0	3.9	0.482
3865	0.0	3.9	0.334
3866	0.0	3.9	0.180
3867	0.0	3.9	0.071
3868	0.0	3.9	0.051
3869	0.0	3.9	0.153
3870	0.0	3.9	0.385
3871	0.0	3.9	1.040
3872	0.0	3.9	1.113
3873	0.0	3.8	1.118
3874	0.0	3.8	1.171
3875	0.0	3.8	1.118
3876	0.0	3.8	1.083
3877	0.0	3.8	1.003
3878	0.0	3.8	0.881
3879	0.0	3.8	0.803
3880	0.0	3.8	0.750
3881	0.0	3.8	0.779
3882	0.0	3.8	0.967
3883	0.0	3.8	1.079
3884	0.0	3.8	1.334
3885	0.0	3.8	1.371
3886	0.0	3.8	1.278
3887	0.0	3.8	0.769
3888	0.0	3.8	0.482
3889	0.0	3.8	0.334
3890	0.0	3.8	0.180
3891	0.0	3.8	0.071
3892	0.0	3.8	0.051
3893	0.0	3.8	0.153
3894	0.0	3.8	0.385
3895	0.0	3.8	1.040
3896	0.0	3.8	1.113
3897	0.0	3.8	1.118
3898	0.0	3.8	1.171
3899	0.0	3.8	1.118
3900	0.0	3.8	1.083
3901	0.0	3.8	1.003
3902	0.0	3.8	0.881
3903	0.0	3.8	0.803
3904	0.0	3.8	0.750
3905	0.0	3.8	0.779
3906	0.0	3.8	0.967
3907	0.0	3.8	1.079
3908	0.0	3.8	1.334
3909	0.0	3.8	1.371
3910	0.0	3.8	1.278
3911	0.0	3.8	0.769
3912	0.0	3.8	0.482
3913	0.0	3.8	0.334
3914	0.0	3.8	0.180
3915	0.0	3.8	0.071
3916	0.0	3.8	0.051
3917	0.0	3.8	0.153
3918	0.0	3.8	0.385
3919	0.0	3.8	1.040
3920	0.0	3.8	1.113
3921	0.0	3.8	1.118
3922	0.0	3.8	1.171
3923	0.0	3.8	1.118
3924	0.0	3.8	1.083
3925	0.0	3.8	1.003
3926	0.0	3.8	0.881
3927	0.0	3.8	0.803
3928	0.0	3.8	0.750
3929	0.0	3.8	0.779
3930	0.0	3.7	0.967
3931	0.0	3.7	1.079
3932	0.0	3.7	1.334
3933	0.0	3.7	1.371
3934	0.0	3.7	1.278
3935	0.0	3.7	0.769
3936	0.0	3.7	0.482
3937	0.0	3.7	0.334
3938	0.0	3.7	0.180
3939	0.0	3.7	0.071
3940	0.0	3.7	0.051
3941	0.0	3.7	0.153
3942	0.0	3.7	0.385
3943	0.0	3.7	1.040
3944	0.0	3.7	1.113
3945	0.0	3.7	1.118
3946	0.0	3.7	1.171
3947	0.0	3.7	1.118
3948	0.0	3.7	1.083
3949	0.0	3.7	1.003
3950	0.0	3.7	0.881
3951	0.0	3.7	0.803
3952	0.0	3.7	0.750
3953	0.0	3.7	0.779
3954	0.0	3.7	0.967
3955	0.0	3.7	1.079
3956	0.0	3.7	1.334
3957	0.0	3.7	1.371
3958	0.0	3.7	1.278
3959	0.0	3.7	0.769
3960	0.0	3.7	0.482
3961	0.0	3.7	0.334
3962	0.0	3.7	0.180
3963	0.0	3.7	0.071
3964	0.0	3.7	0.051
3965	0.0	3.7	0.153
3966	0.0	3.7	0.385
3967	0.0	3.7	1.040
3968	0.0	3.7	1.113
3969	0.0	3.7	1.118
3970	0.0	3.7	1.171
3971	0.0	3.7	1.118
3972	0.0	3.7	1.083
3973	0.0	3.7	1.003
3974	0.0	3.7	0.881
3975	0.0	3.7	0.803
3976	0.0	3.7	0.750
3977	0.0	3.7	0.779
3978	0.0	3.7	0.967
3979	0.0	3.7	1.079
3980	0.0	3.7	1.334
3981	0.0	3.7	1.371
3982	0.0	3.7	1.278
3983	0.0	3.7	0.769
3984	0.0	3.6	0.482
3985	0.0	3.6	0.334
3986	0.0	3.6	0.180
3987	0.0	3.6	0.071
3988	0.0	3.6	0.051
3989	0.0	3.6	0.153
3990	0.0	3.6	0.385
3991	0.0	3.6	1.040
3992	0.0	3.6	1.113
3993	0.0	3.6	1.118
3994	0.0	3.6	1.171
3995	0.0	3.6	1.118
3996	0.0	3.6	1.083
3997	0.0	3.6	1.003
3998	0.0	3.6	0.881
3999	0.0	3.6	0.803
4000	0.0	3.6	0.750
4001	0.0	3.6	0.779
4002	0.0	3.6	0.967
4003	0.0	3.6	1.079
4004	0.0	3.6	1.334
4005	0.0	3.6	1.371
4006	0.0	3.6	1.278
4007	0.0	3.6	0.769
4008	0.0	3.6	0.482
4009	0.0	3.6	0.334
4010	0.0	3.6	0.180
4011	0.0	3.6	0.071
4012	0.0	3.6	0.051
4013	0.0	3.6	0.153
4014	0.0	3.6	0.385
4015	0.0	3.6	1.040
4016	0.0	3.6	1.113
4017	0.0	3.6	1.118
4018	0.0	3.6	1.171
4019	0.0	3.6	1.118
4020	0.0	3.6	1.083
4021	0.0	3.6	1.003
4022	0.0	3.6	0.881
4023	0.0	3.6	0.803
4024	0.0	3.6	0.750
4025	0.0	3.6	0.779
4026	0.0	3.6	0.967
4027	0.0	3.6	1.079
4028	0.0	3.6	1.334
4029	0.0	3.6	1.371
4030	0.0	3.6	1.278
4031	0.0	3.5	0.769
4032	0.0	3.5	0.482
4033	0.0	3.5	0.334
4034	0.0	3.5	0.180
4035	0.0	3.5	0.071
4036	0.0	3.5	0.051
4037	0.0	3.5	0.153
4038	0.0	3.5	0.385
4039	0.0	3.5	1.040
4040	0.0	3.5	1.113
4041	0.0	3.5	1.118
4042	0.0	3.5	1.171
4043	0.0	3.5	1.118
4044	0.0	3.5	1.083
4045	0.0	3.5	1.003
4046	0.0	3.5	0.881
4047	0.0	3.5	0.803
4048	0.0	3.5	0.750
4049	0.0	3.5	0.779
4050	0.0	3.5	0.967
4051	0.0	3.5	1.079
4052	0.0	3.5	1.334
4053	0.0	3.5	1.371
4054	0.0	3.5	1.278
4055	0.0	3.5	0.769
4056	0.0	3.5	0.482
4057	0.0	3.5	0.334
4058	0.0	3.5	0.180
4059	0.0	3.5	0.071
4060	0.0	3.5	0.051
4061	0.0	3.5	0.153
4062	0.0	3.5	0.385
4063	0.0	3.5	1.040
4064	0.0	3.5	1.113
4065	0.0	3.5	1.118
4066	0.0	3.5	1.171
4067	0.0	3.5	1.118
4068	0.0	3.5	1.083
4069	0.0	3.5	1.003
4070	0.0	3.5	0.881
4071	0.0	3.5	0.803
4072	0.0	3.5	0.750
4073	0.0	3.5	0.779
4074	0.0	3.5	0.967
4075	0.0	3.5	1.079
4076	0.0	3.5	1.334
4077	0.0	3.5	1.371
4078	0.0	3.5	1.278
4079	0.0	3.4	0.769
4080	0.0	3.4	0.482
4081	0.0	3.4	0.334
4082	0.0	3.4	0.180
4083	0.0	3.4	0.071
4084	0.0	3.4	0.051
4085	0.0	3.4	0.153
4086	0.0	3.4	0.385
4087	0.0	3.4	1.040
4088	0.0	3.4	1.113
4089	0.0	3.4	1.118
4090	0.0	3.4	1.171
4091	0.0	3.4	1.118
4092	0.0	3.4	1.083
4093	0.0	3.4	1.003
4094	0.0	3.4	0.881
4095	0.0	3.4	0.803
4096	0.0	3.4	0.750
4097	0.0	3.4	0.779
4098	0.0	3.4	0.967
4099	0.0	3.4	1.079
4100	0.0	3.4	1.334
4101	0.0	3.4	1.371
4102	0.0	3.4	1.278
4103	0.0	3.4	0.769
4104	0.0	3.4	0.482
4105	0.0	3.4	0.334
4106	0.0	3.4	0.180
4107	0.0	3.4	0.071
4108	0.0	3.4	0.051
4109	0.0	3.4	0.153
4110	0.0	3.4	0.385
4111	0.0	3.4	1.040
4112	0.0	3.4	1.113
4113	0.0	3.4	1.118
4114	0.0	3.4	1.171
4115	0.0	3.4	1.118
4116	0.0	3.4	1.083
4117	0.0	3.4	1.003
4118	0.0	3.4	0.881
4119	0.0	3.4	0.803
4120	0.0	3.4	0.750
4121	0.0	3.4	0.779
4122	0.0	3.4	0.967
4123	0.0	3.4	1.079
4124	0.0	3.4	1.334
4125	0.0	3.4	1.371
4126	0.0	3.4	1.278
4127	0.0	3.4	0.769
4128	0.0	3.4	0.482
4129	0.0	3.4	0.334
4130	0.0	3.4	0.180
4131	0.0	3.4	0.071
4132	0.0	3.4	0.051
4133	0.0	3.4	0.153
4134	0.0	3.4	0.385
4135	0.0	3.4	1.040
4136	0.0	3.4	1.113
4137	0.0	3.4	1.118
4138	0.0	3.4	1.171
4139	0.0	3.4	1.118
4140	0.0	3.4	1.083
4141	0.0	3.4	1.003
4142	0.0	3.3	0.881
4143	0.0	3.3	0.803
4144	0.0	3.3	0.750
4145	0.0	3.3	0.779
4146	0.0	3.3	0.967
4147	0.0	3.3	1.079
4148	0.0	3.3	1.334
4149	0.0	3.3	1.371
4150	0.0	3.3	1.278
4151	0.0	3.3	0.769
4152	0.0	3.3	0.482
4153	0.0	3.3	0.334
4154	0.0	3.3	0.180
4155	0.0	3.3	0.071
4156	0.0	3.3	0.051
4157	0.0	3.3	0.153
4158	0.0	3.3	0.385
4159	0.0	3.3	1.040
4160	0.0	3.3	1.113
4161	0.0	3.3	1.118
4162	0.0	3.3	1.171
4163	0.0	3.3	1.118
4164	0.0	3.3	1.083
4165	0.0	3.3	1.003
4166	0.0	3.3	0.881
4167	0.0	3.3	0.803
4168	0.0	3.3	0.750
4169	0.0	3.3	0.779
4170	0.0	3.3	0.967
4171	0.0	3.3	1.079
4172	0.0	3.3	1.334
4173	0.0	3.3	1.371
4174	0.0	3.3	1.278
4175	0.0	3.3	0.769
4176	0.0	3.3	0.482
4177	0.0	3.3	0.334
4178	0.0	3.3	0.180
4179	0.0	3.3	0.071
4180	0.0	3.3	0.051
4181	0.0	3.3	0.153
4182	0.0	3.3	0.385
4183	0.0	3.3	1.040
4184	0.0	3.2	1.113
4185	0.0	3.2	1.118
4186	0.0	3.2	1.171
4187	0.0	3.2	1.118
4188	0.0	3.2	1.083
4189	0.0	3.2	1.003
4190	0.0	3.2	0.881
4191	0.0	3.2	0.803
4192	0.0	3.2	0.750
4193	0.0	3.2	0.779
4194	0.0	3.2	0.967
4195	0.0	3.2	1.079
4196	0.0	3.2	1.334
4197	0.0	3.2	1.371
4198	0.0	3.2	1.278
4199	0.0	3.2	0.769
4200	0.0	3.2	0.482
4201	0.0	3.2	0.334
4202	0.0	3.2	0.180
4203	0.0	3.2	0.071
4204	0.0	3.2	0.051
4205	0.0	3.2	0.153
4206	0.0	3.2	0.385
4207	0.0	3.2	1.040
4208	0.0	3.2	1.113
4209	0.0	3.2	1.118
4210	0.0	3.2	1.171
4211	0.0	3.2	1.118
4212	0.0	3.2	1.083
4213	0.0	3.2	1.003
4214	0.0	3.2	0.881
4215	0.0	3.2	0.803
4216	0.0	3.2	0.750
4217	0.0	3.2	0.779
4218	0.0	3.2	0.967
4219	0.0	3.2	1.079
4220	0.0	3.2	1.334
4221	0.0	3.2	1.371
4222	0.0	3.2	1.278
4223	0.0	3.2	0.769
4224	0.0	3.2	0.482
4225	0.0	3.2	0.334
4226	0.0	3.2	0.180
4227	0.0	3.2	0.071
4228	0.0	3.2	0.051
4229	0.0	3.2	0.153
4230	0.0	3.2	0.385
4231	0.0	3.2	1.040
4232	0.0	3.2	1.113
4233	0.0	3.1	1.118
4234	0.0	3.1	1.171
4235	0.0	3.1	1.118
4236	0.0	3.1	1.083
4237	0.0	3.1	1.003
4238	0.0	3.1	0.881
4239	0.0	3.1	0.803
4240	0.0	3.1	0.750
4241	0.0	3.1	0.779
4242	0.0	3.1	0.967
4243	0.0	3.1	1.079
4244	0.0	3.1	1.334
4245	0.0	3.1	1.371
4246	0.0	3.1	1.278
4247	0.0	3.1	0.769
4248	0.0	3.1	0.482
4249	0.0	3.1	0.334
4250	0.0	3.1	0.180
4251	0.0	3.1	0.071
4252	0.0	3.1	0.051
4253	0.0	3.1	0.153
4254	0.0	3.1	0.385
4255	0.0	3.1	1.040
4256	0.0	3.1	1.113
4257	0.0	3.1	1.118
4258	0.0	3.1	1.171
4259	0.0	3.1	1.118
4260	0.0	3.1	1.083
4261	0.0	3.1	1.003
4262	0.0	3.1	0.881
4263	0.0	3.1	0.803
4264	0.0	3.1	0.750
4265	0.0	3.1	0.779
4266	0.0	3.1	0.967
4267	0.0	3.1	1.079
4268	0.0	3.1	1.334
4269	0.0	3.1	1.371
4270	0.0	3.1	1.278
4271	0.0	3.1	0.769
4272	0.0	3.1	0.482
4273	0.0	3.1	0.334
4274	0.0	3.1	0.180
4275	0.0	3.1	0.071
4276	0.0	3.1	0.051
4277	0.0	3.1	0.153
4278	0.0	3.1	0.385
4279	0.0	3.1	1.040
4280	0.0	3.1	1.113
4281	0.0	3.0	1.118
4282	0.0	3.0	1.171
4283	0.0	3.0	1.118
4284	0.0	3.0	1.083
4285	0.0	3.0	1.003
4286	0.0	3.0	0.881
4287	0.0	3.0	0.803
4288	0.0	3.0	0.750
4289	0.0	3.0	0.779
4290	0.0	3.0	0.967
4291	0.0	3.0	1.079
4292	0.0	3.0	1.334
4293	0.0	3.0	1.371
4294	0.0	3.0	1.278
4295	0.0	3.0	0.769
4296	0.0	3.0	0.482
4297	0.0	3.0	0.334
4298	0.0	3.0	0.180
4299	0.0	3.0	0.071
4300	0.0	3.0	0.051
4301	0.0	3.0	0.153
4302	0.0	3.0	0.385
4303	0.0	3.0	1.040
4304	0.0	3.0	1.113
4305	0.0	3.0	1.118
4306	0.0	3.0	1.171
4307	0.0	3.0	1.118
4308	0.0	3.0	1.083
4309	0.0	3.0	1.003
4310	0.0	3.0	0.881
4311	0.0	3.0	0.803
4312	0.0	3.0	0.750
4313	0.0	3.0	0.779
4314	0.0	3.0	0.967
4315	0.0	3.0	1.079
4316	0.0	3.0	1.334
4317	0.0	3.0	1.371
4318	0.0	3.0	1.278
4319	0.0	3.0	0.769
4320	0.0	3.0	0.482
4321	0.0	3.0	0.334
4322	0.0	3.0	0.180
4323	0.0	3.0	0.071
4324	0.0	3.0	0.051
4325	0.0	3.0	0.153
4326	0.0	3.0	0.385
4327	0.0	2.9	1.040
4328	0.0	2.9	1.113
4329	0.0	2.9	1.118
4330	0.0	2.9	1.171
4331	0.0	2.9	1.118
4332	0.0	2.9	1.083
4333	0.0	2.9	1.003
4334	0.0	2.9	0.881
4335	0.0	2.9	0.803
4336	0.0	2.9	0.750
4337	0.0	2.9	0.779
4338	0.0	2.9	0.967
4339	0.0	2.9	1.079
4340	0.0	2.9	1.334
4341	0.0	2.9	1.371
4342	0.0	2.9	1.278
4343	0.0	2.9	0.769
4344	0.0	2.9	0.482
4345	0.0	2.9	0.334
4346	0.0	2.9	0.180
4347	0.0	2.9	0.071
4348	0.0	2.9	0.051
4349	0.0	2.9	0.153
4350	0.0	2.9	0.385
4351	0.0	2.9	1.040
4352	0.0	2.9	1.113
4353	0.0	2.9	1.118
4354	0.0	2.9	1.171
4355	0.0	2.9	1.118
4356	0.0	2.9	1.083
4357	0.0	2.9	1.003
4358	0.0	2.9	0.881
4359	0.0	2.9	0.803
4360	0.0	2.9	0.750
4361	0.0	2.9	0.779
4362	0.0	2.9	0.967
4363	0.0	2.9	1.079
4364	0.0	2.9	1.334
4365	0.0	2.9	1.371
4366	0.0	2.9	1.278
4367	0.0	2.9	0.769
4368	0.0	2.9	0.482
4369	0.0	2.9	0.334
4370	0.0	2.9	0.180
4371	0.0	2.9	0.071
4372	0.0	2.9	0.051
4373	0.0	2.8	0.153
4374	0.0	2.8	0.385
4375	0.0	2.8	1.040
4376	0.0	2.8	1.113
4377	0.0	2.8	1.118
4378	0.0	2.8	1.171
4379	0.0	2.8	1.118
4380	0.0	2.8	1.083
4381	0.0	2.8	1.003
4382	0.0	2.8	0.881
4383	0.0	2.8	0.803
4384	0.0	2.8	0.750
4385	0.0	2.8	0.779
4386	0.0	2.8	0.967
4387	0.0	2.8	1.079
4388	0.0	2.8	1.334
4389	0.0	2.8	1.371
4390	0.0	2.8	1.278
4391	0.0	2.8	0.769
4392	0.0	2.8	0.482
4393	0.0	2.8	0.334
4394	0.0	2.8	0.180
4395	0.0	2.8	0.071
4396	0.0	2.8	0.051
4397	0.0	2.8	0.153
4398	0.0	2.8	0.385
4399	0.0	2.8	1.040
4400	0.0	2.8	1.113
4401	0.0	2.8	1.118
4402	0.0	2.8	1.171
4403	0.0	2.8	1.118
4404	0.0	2.8	1.083
4405	0.0	2.8	1.003
4406	0.0	2.8	0.881
4407	0.0	2.8	0.803
4408	0.0	2.8	0.750
4409	0.0	2.8	0.779
4410	0.0	2.8	0.967
4411	0.0	2.8	1.079
4412	0.0	2.8	1.334
4413	0.0	2.8	1.371
4414	0.0	2.8	1.278
4415	0.0	2.8	0.769
4416	0.0	2.8	0.482
4417	0.0	2.7	0.334
4418	0.0	2.7	0.180
4419	0.0	2.7	0.071
4420	0.0	2.7	0.051
4421	0.0	2.7	0.153
4422	0.0	2.7	0.385
4423	0.0	2.7	1.040
4424	0.0	2.7	1.113
4425	0.0	2.7	1.118
4426	0.0	2.7	1.171
4427	0.0	2.7	1.118
4428	0.0	2.7	1.083
4429	0.0	2.7	1.003
4430	0.0	2.7	0.881
4431	0.0	2.7	0.803
4432	0.0	2.7	0.750
4433	0.0	2.7	0.779
4434	0.0	2.7	0.967
4435	0.0	2.7	1.079
4436	0.0	2.7	1.334
4437	0.0	2.7	1.371
4438	0.0	2.7	1.278
4439	0.0	2.7	0.769
4440	0.0	2.7	0.482
4441	0.0	2.7	0.334
4442	0.0	2.7	0.180
4443	0.0	2.7	0.071
4444	0.0	2.7	0.051
4445	0.0	2.7	0.153
4446	0.0	2.7	0.385
4447	0.0	2.7	1.040
4448	0.0	2.7	1.113
4449	0.0	2.7	1.118
4450	0.0	2.7	1.171
4451	0.0	2.7	1.118
4452	0.0	2.7	1.083
4453	0.0	2.7	1.003
4454	0.0	2.7	0.881
4455	0.0	2.7	0.803
4456	0.0	2.7	0.750
4457	0.0	2.7	0.779
4458	0.0	2.7	0.967
4459	0.0	2.6	1.079
4460	0.0	2.6	1.334
4461	0.0	2.6	1.371
4462	0.0	2.6	1.278
4463	0.0	2.6	0.769
4464	0.0	2.6	0.482
4465	0.0	2.6	0.334
4466	0.0	2.6	0.180
4467	0.0	2.6	0.071
4468	0.0	2.6	0.051
4469	0.0	2.6	0.153
4470	0.0	2.6	0.385
4471	0.0	2.6	1.040
4472	0.0	2.6	1.113
4473	0.0	2.6	1.118
4474	0.0	2.6	1.171
4475	0.0	2.6	1.118
4476	0.0	2.6	1.083
4477	0.0	2.6	1.003
4478	0.0	2.6	0.881
4479	0.0	2.6	0.803
4480	0.0	2.6	0.750
4481	0.0	2.6	0.779
4482	0.0	2.6	0.967
4483	0.0	2.6	1.079
4484	0.0	2.6	1.334
4485	0.0	2.6	1.371
4486	0.0	2.6	1.278
4487	0.0	2.6	0.769
4488	0.0	2.6	0.482
4489	0.0	2.6	0.334
4490	0.0	2.6	0.180
4491	0.0	2.6	0.071
4492	0.0	2.6	0.051
4493	0.0	2.5	0.153
4494	0.0	2.5	0.385
4495	0.0	2.5	1.040
4496	0.0	2.5	1.113
4497	0.0	2.5	1.118
4498	0.0	2.5	1.171
4499	0.0	2.5	1.118
4500	0.0	2.5	1.083
4501	0.0	2.5	1.003
4502	0.0	2.5	0.881
4503	0.0	2.5	0.803
4504	0.0	2.5	0.750
4505	0.0	2.5	0.779
4506	0.0	2.5	0.967
4507	0.0	2.5	1.079
4508	0.0	2.5	1.334
4509	0.0	2.5	1.371
4510	0.0	2.5	1.278
4511	0.0	2.5	0.769
4512	0.0	2.5	0.482
4513	0.0	2.5	0.334
4514	0.0	2.5	0.180
4515	0.0	2.5	0.071
4516	0.0	2.5	0.051
4517	0.0	2.5	0.153
4518	0.0	2.5	0.385
4519	0.0	2.5	1.040
4520	0.0	2.5	1.113
4521	0.0	2.5	1.118
4522	0.0	2.5	1.171
4523	0.0	2.5	1.118
4524	0.0	2.5	1.083
4525	0.0	2.4	1.003
4526	0.0	2.4	0.881
4527	0.0	2.4	0.803
4528	0.0	2.4	0.750
4529	0.0	2.4	0.779
4530	0.0	2.4	0.967
4531	0.0	2.4	1.079
4532	0.0	2.4	1.334
4533	0.0	2.4	1.371
4534	0.0	2.4	1.278
4535	0.0	2.4	0.769
4536	0.0	2.4	0.482
4537	0.0	2.4	0.334
4538	0.0	2.4	0.180
4539	0.0	2.4	0.071
4540	0.0	2.4	0.051
4541	0.0	2.4	0.153
4542	0.0	2.4	0.385
4543	0.0	2.4	1.040
4544	0.0	2.4	1.113
4545	0.0	2.4	1.118
4546	0.0	2.4	1.171
4547	0.0	2.4	1.118
4548	0.0	2.4	1.083
4549	0.0	2.4	1.003
4550	0.0	2.4	0.881
4551	0.0	2.4	0.803
4552	0.0	2.4	0.750
4553	0.0	2.4	0.779
4554	0.0	2.4	0.967
4555	0.0	2.4	1.079
4556	0.0	2.4	1.334
4557	0.0	2.4	1.371
4558	0.0	2.4	1.278
4559	0.0	2.4	0.769
4560	0.0	2.4	0.482
4561	0.0	2.4	0.334
4562	0.0	2.3	0.180
4563	0.0	2.3	0.071
4564	0.0	2.3	0.051
4565	0.0	2.3	0.153
4566	0.0	2.3	0.385
4567	0.0	2.3	1.040
4568	0.0	2.3	1.113
4569	0.0	2.3	1.118
4570	0.0	2.3	1.171
4571	0.0	2.3	1.118
4572	0.0	2.3	1.083
4573	0.0	2.3	1.003
4574	0.0	2.3	0.881
4575	0.0	2.3	0.803
4576	0.0	2.3	0.750
4577	0.0	2.3	0.779
4578	0.0	2.3	0.967
4579	0.0	2.3	1.079
4580	0.0	2.3	1.334
4581	0.0	2.3	1.371
4582	0.0	2.3	1.278
4583	0.0	2.3	0.769
4584	0.0	2.3	0.482
4585	0.0	2.3	0.334
4586	0.0	2.3	0.180
4587	0.0	2.3	0.071
4588	0.0	2.3	0.051
4589	0.0	2.3	0.153
4590	0.0	2.3	0.385
4591	0.0	2.3	1.040
4592	0.0	2.3	1.113
4593	0.0	2.3	1.118
4594	0.0	2.3	1.171
4595	0.0	2.3	1.118
4596	0.0	2.3	1.083
4597	0.0	2.3	1.003
4598	0.0	2.3	0.881
4599	0.0	2.3	0.803
4600	0.0	2.3	0.750
4601	0.0	2.2	0.779
4602	0.0	2.2	0.967
4603	0.0	2.2	1.079
4604	0.0	2.2	1.334
4605	0.0	2.2	1.371
4606	0.0	2.2	1.278
4607	0.0	2.2	0.769
4608	0.0	2.2	0.482
4609	0.0	2.2	0.334
4610	0.0	2.2	0.180
4611	0.0	2.2	0.071
4612	0.0	2.2	0.051
4613	0.0	2.2	0.153
4614	0.0	2.2	0.385
4615	0.0	2.2	1.040
4616	0.0	2.2	1.113
4617	0.0	2.2	1.118
4618	0.0	2.2	1.171
4619	0.0	2.2	1.118
4620	0.0	2.2	1.083
4621	0.0	2.2	1.003
4622	0.0	2.2	0.881
4623	0.0	2.2	0.803
4624	0.0	2.2	0.750
4625	0.0	2.2	0.779
4626	0.0	2.2	0.967
4627	0.0	2.2	1.079
4628	0.0	2.2	1.334
4629	0.0	2.2	1.371
4630	0.0	2.2	1.278
4631	0.0	2.2	0.769
4632	0.0	2.2	0.482
4633	0.0	2.2	0.334
4634	0.0	2.2	0.180
4635	0.0	2.2	0.071
4636	0.0	2.2	0.051
4637	0.0	2.2	0.153
4638	0.0	2.2	0.385
4639	0.0	2.2	1.040
4640	0.0	2.2	1.113
4641	0.0	2.2	1.118
4642	0.0	2.2	1.171
4643	0.0	2.2	1.118
4644	0.0	2.2	1.083
4645	0.0	2.2	1.003
4646	0.0	2.2	0.881
4647	0.0	2.2	0.803
4648	0.0	2.2	0.750
4649	0.0	2.2	0.779
4650	0.0	2.2	0.967
4651	0.0	2.2	1.079
4652	0.0	2.2	1.334
4653	0.0	2.2	1.371
4654	0.0	2.2	1.278
4655	0.0	2.2	0.769
4656	0.0	2.2	0.482
4657	0.0	2.2	0.334
4658	0.0	2.2	0.180
4659	0.0	2.2	0.071
4660	0.0	2.2	0.051
4661	0.0	2.2	0.153
4662	0.0	2.2	0.385
4663	0.0	2.2	1.040
4664	0.0	2.2	1.113
4665	0.0	2.2	1.118
4666	0.0	2.1	1.171
4667	0.0	2.1	1.118
4668	0.0	2.1	1.083
4669	0.0	2.1	1.003
4670	0.0	2.1	0.881
4671	0.0	2.1	0.803
4672	0.0	2.1	0.750
4673	0.0	2.1	0.779
4674	0.0	2.1	0.967
4675	0.0	2.1	1.079
4676	0.0	2.1	1.334
4677	0.0	2.1	1.371
4678	0.0	2.1	1.278
4679	0.0	2.1	0.769
4680	0.0	2.1	0.482
4681	0.0	2.1	0.334
4682	0.0	2.1	0.180
4683	0.0	2.1	0.071
4684	0.0	2.1	0.051
4685	0.0	2.1	0.153
4686	0.0	2.1	0.385
4687	0.0	2.1	1.040
4688	0.0	2.1	1.113
4689	0.0	2.1	1.118
4690	0.0	2.1	1.171
4691	0.0	2.1	1.118
4692	0.0	2.1	1.083
4693	0.0	2.1	1.003
4694	0.0	2.1	0.881
4695	0.0	2.1	0.803
4696	0.0	2.1	0.750
4697	0.0	2.1	0.779
4698	0.0	2.1	0.967
4699	0.0	2.1	1.079
4700	0.0	2.1	1.334
4701	0.0	2.1	1.371
4702	0.0	2.1	1.278
4703	0.0	2.1	0.769
4704	0.0	2.1	0.482
4705	0.0	2.1	0.334
4706	0.0	2.1	0.180
4707	0.0	2.0	0.071
4708	0.0	2.0	0.051
4709	0.0	2.0	0.153
4710	0.0	2.0	0.385
4711	0.0	2.0	1.040
4712	0.0	2.0	1.113
4713	0.0	2.0	1.118
4714	0.0	2.0	1.171
4715	0.0	2.0	1.118
4716	0.0	2.0	1.083
4717	0.0	2.0	1.003
4718	0.0	2.0	0.881
4719	0.0	2.0	0.803
4720	0.0	2.0	0.750
4721	0.0	2.0	0.779
4722	0.0	2.0	0.967
4723	0.0	2.0	1.079
4724	0.0	2.0	1.334
4725	0.0	2.0	1.371
4726	0.0	2.0	1.278
4727	0.0	2.0	0.769
4728	0.0	2.0	0.482
4729	0.0	2.0	0.334
4730	0.0	2.0	0.180
4731	0.0	2.0	0.071
4732	0.0	2.0	0.051
4733	0.0	2.0	0.153
4734	0.0	2.0	0.385
4735	0.0	1.9	1.040
4736	0.0	1.9	1.113
4737	0.0	1.9	1.118
4738	0.0	1.9	1.171
4739	0.0	1.9	1.118
4740	0.0	1.9	1.083
4741	0.0	1.9	1.003
4742	0.0	1.9	0.881
4743	0.0	1.9	0.803
4744	0.0	1.9	0.750
4745	0.0	1.9	0.779
4746	0.0	1.9	0.967
4747	0.0	1.9	1.079
4748	0.0	1.9	1.334
4749	0.0	1.9	1.371
4750	0.0	1.9	1.278
4751	0.0	1.9	0.769
4752	0.0	1.9	0.482
4753	0.0	1.9	0.334
4754	0.0	1.9	0.180
4755	0.0	1.9	0.071
4756	0.0	1.9	0.051
4757	0.0	1.9	0.153
4758	0.0	1.9	0.385
4759	0.0	1.9	1.040
4760	0.0	1.9	1.113
4761	0.0	1.9	1.118
4762	0.0	1.9	1.171
4763	0.0	1.9	1.118
4764	0.0	1.9	1.083
4765	0.0	1.9	1.003
4766	0.0	1.8	0.881
4767	0.0	1.8	0.803
4768	0.0	1.8	0.750
4769	0.0	1.8	0.779
4770	0.0	1.8	0.967
4771	0.0	1.8	1.079
4772	0.0	1.8	1.334
4773	0.0	1.8	1.371
4774	0.0	1.8	1.278
4775	0.0	1.8	0.769
4776	0.0	1.8	0.482
4777	0.0	1.8	0.334
4778	0.0	1.8	0.180
4779	0.0	1.8	0.071
4780	0.0	1.8	0.051
4781	0.0	1.8	0.153
4782	0.0	1.8	0.385
4783	0.0	1.8	1.040
4784	0.0	1.8	1.113
4785	0.0	1.8	1.118
4786	0.0	1.8	1.171
4787	0.0	1.8	1.118
4788	0.0	1.8	1.083
4789	0.0	1.8	1.003
4790	0.0	1.8	0.881
4791	0.0	1.8	0.803
4792	0.0	1.8	0.750
4793	0.0	1.8	0.779
4794	0.0	1.8	0.967
4795	0.0	1.8	1.079
4796	0.0	1.8	1.334
4797	0.0	1.8	1.371
4798	0.0	1.8	1.278
4799	0.0	1.8	0.769
4800	0.0	1.8	0.482
4801	0.0	1.7	0.334
4802	0.0	1.7	0.180
4803	0.0	1.7	0.071
4804	0.0	1.7	0.051
4805	0.0	1.7	0.153
4806	0.0	1.7	0.385
4807	0.0	1.7	1.040
4808	0.0	1.7	1.113
4809	0.0	1.7	1.118
4810	0.0	1.7	1.171
4811	0.0	1.7	1.118
4812	0.0	1.7	1.083
4813	0.0	1.7	1.003
4814	0.0	1.7	0.881
4815	0.0	1.7	0.803
4816	0.0	1.7	0.750
4817	0.0	1.7	0.779
4818	0.0	1.7	0.967
4819	0.0	1.7	1.079
4820	0.0	1.7	1.334
4821	0.0	1.7	1.371
4822	0.0	1.6	1.278
4823	0.0	1.6	0.769
4824	0.0	1.6	0.482
4825	0.0	1.6	0.334
4826	0.0	1.6	0.180
4827	0.0	1.6	0.071
4828	0.0	1.6	0.051
4829	0.0	1.6	0.153
4830	0.0	1.6	0.385
4831	0.0	1.6	1.040
4832	0.0	1.6	1.113
4833	0.0	1.6	1.118
4834	0.0	1.6	1.171
4835	0.0	1.6	1.118
4836	0.0	1.6	1.083
4837	0.0	1.6	1.003
4838	0.0	1.6	0.881
4839	0.0	1.6	0.803
4840	0.0	1.6	0.750
4841	0.0	1.6	0.779
4842	0.0	1.6	0.967
4843	0.0	1.6	1.079
4844	0.0	1.6	1.334
4845	0.0	1.6	1.371
4846	0.0	1.6	1.278
4847	0.0	1.6	0.769
4848	0.0	1.6	0.482
4849	0.0	1.5	0.334
4850	0.0	1.5	0.180
4851	0.0	1.5	0.071
4852	0.0	1.5	0.051
4853	0.0	1.5	0.153
4854	0.0	1.5	0.385
4855	0.0	1.5	1.040
4856	0.0	1.5	1.113
4857	0.0	1.5	1.118
4858	0.0	1.5	1.171
4859	0.0	1.5	1.118
4860	0.0	1.5	1.083
4861	0.0	1.5	1.003
4862	0.0	1.5	0.881
4863	0.0	1.5	0.803
4864	0.0	1.5	0.750
4865	0.0	1.5	0.779
4866	0.0	1.5	0.967
4867	0.0	1.5	1.079
4868	0.0	1.5	1.334
4869	0.0	1.5	1.371
4870	0.0	1.5	1.278
4871	0.0	1.5	0.769
4872	0.0	1.4	0.482
4873	0.0	1.4	0.334
4874	0.0	1.4	0.180
4875	0.0	1.4	0.071
4876	0.0	1.4	0.051
4877	0.0	1.4	0.153
4878	0.0	1.4	0.385
4879	0.0	1.4	1.040
4880	0.0	1.4	1.113
4881	0.0	1.4	1.118
4882	0.0	1.4	1.171
4883	0.0	1.4	1.118
4884	0.0	1.4	1.083
4885	0.0	1.4	1.003
4886	0.0	1.4	0.881
4887	0.0	1.4	0.803
4888	0.0	1.4	0.750
4889	0.0	1.4	0.779
4890	0.0	1.4	0.967
4891	0.0	1.4	1.079
4892	0.0	1.3	1.334
4893	0.0	1.3	1.371
4894	0.0	1.3	1.278
4895	0.0	1.3	0.769
4896	0.0	1.3	0.482
4897	0.0	1.3	0.334
4898	0.0	1.3	0.180
4899	0.0	1.3	0.071
4900	0.0	1.3	0.051
4901	0.0	1.3	0.153
4902	0.0	1.3	0.385
4903	0.0	1.3	1.040
4904	0.0	1.3	1.113
4905	0.0	1.2	1.118
4906	0.0	1.2	1.171
4907	0.0	1.2	1.118
4908	0.0	1.2	1.083
4909	0.0	1.2	1.003
4910	0.0	1.2	0.881
4911	0.0	1.2	0.803
4912	0.0	1.2	0.750
4913	0.0	1.2	0.779
4914	0.0	1.2	0.967
4915	0.0	1.2	1.079
4916	0.0	1.2	1.334
4917	0.0	1.2	1.371
4918	0.0	1.2	1.278
4919	0.0	1.1	0.769
4920	0.0	1.1	0.482
4921	0.0	1.1	0.334
4922	0.0	1.1	0.180
4923	0.0	1.1	0.071
4924	0.0	1.1	0.051
4925	0.0	1.1	0.153
4926	0.0	1.1	0.385
4927	0.0	1.1	1.040
4928	0.0	1.1	1.113
4929	0.0	1.1	1.118
4930	0.0	1.1	1.171
4931	0.0	1.1	1.118
4932	0.0	1.1	1.083
4933	0.0	1.1	1.003
4934	0.0	1.0	0.881
4935	0.0	1.0	0.803
4936	0.0	1.0	0.750
4937	0.0	1.0	0.779
4938	0.0	1.0	0.967
4939	0.0	1.0	1.079
4940	0.0	1.0	1.334
4941	0.0	0.9	1.371
4942	0.0	0.9	1.278
4943	0.0	0.9	0.769
4944	0.0	0.9	0.482
4945	0.0	0.9	0.334
4946	0.0	0.9	0.180
4947	0.0	0.9	0.071
4948	0.0	0.9	0.051
4949	0.0	0.9	0.153
4950	0.0	0.9	0.385
4951	0.0	0.9	1.040
4952	0.0	0.8	1.113
4953	0.0	0.8	1.118
4954	0.0	0.8	1.171
4955	0.0	0.8	1.118
4956	0.0	0.8	1.083
4957	0.0	0.8	1.003
4958	0.0	0.8	0.881
4959	0.0	0.8	0.803
4960	0.0	0.8	0.750
4961	0.0	0.7	0.779
4962	0.0	0.7	0.967
4963	0.0	0.7	1.079
4964	0.0	0.7	1.334
4965	0.0	0.6	1.371
4966	0.0	0.6	1.278
4967	0.0	0.5	0.769
4968	0.0	0.5	0.482
4969	0.0	0.0	0.334
4970	0.0	0.0	0.180
4971	0.0	0.0	0.071
4972	0.0	0.0	0.051
4973	0.0	0.0	0.153
4974	0.0	0.0	0.385
4975	0.0	0.0	1.040
4976	0.0	0.0	1.113
4977	0.0	0.0	1.118
4978	0.0	0.0	1.171
4979	0.0	0.0	1.118
4980	0.0	0.0	1.083
4981	0.0	0.0	1.003
4982	0.0	0.0	0.881
4983	0.0	0.0	0.803
4984	0.0	0.0	0.750
4985	0.0	0.0	0.779
4986	0.0	0.0	0.967
4987	0.0	0.0	1.079
4988	0.0	0.0	1.334
4989	0.0	0.0	1.371
4990	0.0	0.0	1.278
4991	0.0	0.0	0.769
4992	0.0	0.0	0.482
4993	0.0	0.0	0.334
4994	0.0	0.0	0.180
4995	0.0	0.0	0.071
4996	0.0	0.0	0.051
4997	0.0	0.0	0.153
4998	0.0	0.0	0.385
4999	0.0	0.0	1.040
5000	0.0	0.0	1.113
5001	0.0	0.0	1.118
5002	0.0	0.0	1.171
5003	0.0	0.0	1.118
5004	0.0	0.0	1.083
5005	0.0	0.0	1.003
5006	0.0	0.0	0.881
5007	0.0	0.0	0.803
5008	0.0	0.0	0.750
5009	0.0	0.0	0.779
5010	0.0	0.0	0.967
5011	0.0	0.0	1.079
5012	0.0	0.0	1.334
5013	0.0	0.0	1.371
5014	0.0	0.0	1.278
5015	0.0	0.0	0.769
5016	0.0	0.0	0.482
5017	0.0	0.0	0.334
5018	0.0	0.0	0.180
5019	0.0	0.0	0.071
5020	0.0	0.0	0.051
5021	0.0	0.0	0.153
5022	0.0	0.0	0.385
5023	0.0	0.0	1.040
5024	0.0	0.0	1.113
5025	0.0	0.0	1.118
5026	0.0	0.0	1.171
5027	0.0	0.0	1.118
5028	0.0	0.0	1.083
5029	0.0	0.0	1.003
5030	0.0	0.0	0.881
5031	0.0	0.0	0.803
5032	0.0	0.0	0.750
5033	0.0	0.0	0.779
5034	0.0	0.0	0.967
5035	0.0	0.0	1.079
5036	0.0	0.0	1.334
5037	0.0	0.0	1.371
5038	0.0	0.0	1.278
5039	0.0	0.0	0.769
5040	0.0	0.0	0.482
5041	0.0	0.0	0.334
5042	0.0	0.0	0.180
5043	0.0	0.0	0.071
5044	0.0	0.0	0.051
5045	0.0	0.0	0.153
5046	0.0	0.0	0.385
5047	0.0	0.0	1.040
5048	0.0	0.0	1.113
5049	0.0	0.0	1.118
5050	0.0	0.0	1.171
5051	0.0	0.0	1.118
5052	0.0	0.0	1.083
5053	0.0	0.0	1.003
5054	0.0	0.0	0.881
5055	0.0	0.0	0.803
5056	0.0	0.0	0.750
5057	0.0	0.0	0.779
5058	0.0	0.0	0.967
5059	0.0	0.0	1.079
5060	0.0	0.0	1.334
5061	0.0	0.0	1.371
5062	0.0	0.0	1.278
5063	0.0	0.0	0.769
5064	0.0	0.0	0.482
5065	0.0	0.0	0.334
5066	0.0	0.0	0.180
5067	0.0	0.0	0.071
5068	0.0	0.0	0.051
5069	0.0	0.0	0.153
5070	0.0	0.0	0.385
5071	0.0	0.0	1.040
5072	0.0	0.0	1.113
5073	0.0	0.0	1.118
5074	0.0	0.0	1.171
5075	0.0	0.0	1.118
5076	0.0	0.0	1.083
5077	0.0	0.0	1.003
5078	0.0	0.0	0.881
5079	0.0	0.0	0.803
5080	0.0	0.0	0.750
5081	0.0	0.0	0.779
5082	0.0	0.0	0.967
5083	0.0	0.0	1.079
5084	0.0	0.0	1.334
5085	0.0	0.0	1.371
5086	0.0	0.0	1.278
5087	0.0	0.0	0.769
5088	0.0	0.0	0.482
5089	0.0	0.0	0.334
5090	0.0	0.0	0.180
5091	0.0	0.0	0.071
5092	0.0	0.0	0.051
5093	0.0	0.0	0.153
5094	0.0	0.0	0.385
5095	0.0	0.0	1.040
5096	0.0	0.0	1.113
5097	0.0	0.0	1.118
5098	0.0	0.0	1.171
5099	0.0	0.0	1.118
5100	0.0	0.0	1.083
5101	0.0	0.0	1.003
5102	0.0	0.0	0.881
5103	0.0	0.0	0.803
5104	0.0	0.0	0.750
5105	0.0	0.0	0.779
5106	0.0	0.0	0.967
5107	0.0	0.0	1.079
5108	0.0	0.0	1.334
5109	0.0	0.0	1.371
5110	0.0	0.0	1.278
5111	0.0	0.0	0.769
5112	0.0	0.0	0.482
5113	0.0	0.0	0.334
5114	0.0	0.0	0.180
5115	0.0	0.0	0.071
5116	0.0	0.0	0.051
5117	0.0	0.0	0.153
5118	0.0	0.0	0.385
5119	0.0	0.0	1.040
5120	0.0	0.0	1.113
5121	0.0	0.0	1.118
5122	0.0	0.0	1.171
5123	0.0	0.0	1.118
5124	0.0	0.0	1.083
5125	0.0	0.0	1.003
5126	0.0	0.0	0.881
5127	0.0	0.0	0.803
5128	0.0	0.0	0.750
5129	0.0	0.0	0.779
5130	0.0	0.0	0.967
5131	0.0	0.0	1.079
5132	0.0	0.0	1.334
5133	0.0	0.0	1.371
5134	0.0	0.0	1.278
5135	0.0	0.0	0.769
5136	0.0	0.0	0.482
5137	0.0	0.0	0.334
5138	0.0	0.0	0.180
5139	0.0	0.0	0.071
5140	0.0	0.0	0.051
5141	0.0	0.0	0.153
5142	0.0	0.0	0.385
5143	0.0	0.0	1.040
5144	0.0	0.0	1.113
5145	0.0	0.0	1.118
5146	0.0	0.0	1.171
5147	0.0	0.0	1.118
5148	0.0	0.0	1.083
5149	0.0	0.0	1.003
5150	0.0	0.0	0.881
5151	0.0	0.0	0.803
5152	0.0	0.0	0.750
5153	0.0	0.0	0.779
5154	0.0	0.0	0.967
5155	0.0	0.0	1.079
5156	0.0	0.0	1.334
5157	0.0	0.0	1.371
5158	0.0	0.0	1.278
5159	0.0	0.0	0.769
5160	0.0	0.0	0.482
5161	0.0	0.0	0.334
5162	0.0	0.0	0.180
5163	0.0	0.0	0.071
5164	0.0	0.0	0.051
5165	0.0	0.0	0.153
5166	0.0	0.0	0.385
5167	0.0	0.0	1.040
5168	0.0	0.0	1.113
5169	0.0	0.0	1.118
5170	0.0	0.0	1.171
5171	0.0	0.0	1.118
5172	0.0	0.0	1.083
5173	0.0	0.0	1.003
5174	0.0	0.0	0.881
5175	0.0	0.0	0.803
5176	0.0	0.0	0.750
5177	0.0	0.0	0.779
5178	0.0	0.0	0.967
5179	0.0	0.0	1.079
5180	0.0	0.0	1.334
5181	0.0	0.0	1.371
5182	0.0	0.0	1.278
5183	0.0	0.0	0.769
5184	0.0	0.0	0.482
5185	0.0	0.0	0.334
5186	0.0	0.0	0.180
5187	0.0	0.0	0.071
5188	0.0	0.0	0.051
5189	0.0	0.0	0.153
5190	0.0	0.0	0.385
5191	0.0	0.0	1.040
5192	0.0	0.0	1.113
5193	0.0	0.0	1.118
5194	0.0	0.0	1.171
5195	0.0	0.0	1.118
5196	0.0	0.0	1.083
5197	0.0	0.0	1.003
5198	0.0	0.0	0.881
5199	0.0	0.0	0.803
5200	0.0	0.0	0.750
5201	0.0	0.0	0.779
5202	0.0	0.0	0.967
5203	0.0	0.0	1.079
5204	0.0	0.0	1.334
5205	0.0	0.0	1.371
5206	0.0	0.0	1.278
5207	0.0	0.0	0.769
5208	0.0	0.0	0.482
5209	0.0	0.0	0.334
5210	0.0	0.0	0.180
5211	0.0	0.0	0.071
5212	0.0	0.0	0.051
5213	0.0	0.0	0.153
5214	0.0	0.0	0.385
5215	0.0	0.0	1.040
5216	0.0	0.0	1.113
5217	0.0	0.0	1.118
5218	0.0	0.0	1.171
5219	0.0	0.0	1.118
5220	0.0	0.0	1.083
5221	0.0	0.0	1.003
5222	0.0	0.0	0.881
5223	0.0	0.0	0.803
5224	0.0	0.0	0.750
5225	0.0	0.0	0.779
5226	0.0	0.0	0.967
5227	0.0	0.0	1.079
5228	0.0	0.0	1.334
5229	0.0	0.0	1.371
5230	0.0	0.0	1.278
5231	0.0	0.0	0.769
5232	0.0	0.0	0.482
5233	0.0	0.0	0.334
5234	0.0	0.0	0.180
5235	0.0	0.0	0.071
5236	0.0	0.0	0.051
5237	0.0	0.0	0.153
5238	0.0	0.0	0.385
5239	0.0	0.0	1.040
5240	0.0	0.0	1.113
5241	0.0	0.0	1.118
5242	0.0	0.0	1.171
5243	0.0	0.0	1.118
5244	0.0	0.0	1.083
5245	0.0	0.0	1.003
5246	0.0	0.0	0.881
5247	0.0	0.0	0.803
5248	0.0	0.0	0.750
5249	0.0	0.0	0.779
5250	0.0	0.0	0.967
5251	0.0	0.0	1.079
5252	0.0	0.0	1.334
5253	0.0	0.0	1.371
5254	0.0	0.0	1.278
5255	0.0	0.0	0.769
5256	0.0	0.0	0.482
5257	0.0	0.0	0.334
5258	0.0	0.0	0.180
5259	0.0	0.0	0.071
5260	0.0	0.0	0.051
5261	0.0	0.0	0.153
5262	0.0	0.0	0.385
5263	0.0	0.0	1.040
5264	0.0	0.0	1.113
5265	0.0	0.0	1.118
5266	0.0	0.0	1.171
5267	0.0	0.0	1.118
5268	0.0	0.0	1.083
5269	0.0	0.0	1.003
5270	0.0	0.0	0.881
5271	0.0	0.0	0.803
5272	0.0	0.0	0.750
5273	0.0	0.0	0.779
5274	0.0	0.0	0.967
5275	0.0	0.0	1.079
5276	0.0	0.0	1.334
5277	0.0	0.0	1.371
5278	0.0	0.0	1.278
5279	0.0	0.0	0.769
5280	0.0	0.0	0.482
5281	0.0	0.0	0.334
5282	0.0	0.0	0.180
5283	0.0	0.0	0.071
5284	0.0	0.0	0.051
5285	0.0	0.0	0.153
5286	0.0	0.0	0.385
5287	0.0	0.0	1.040
5288	0.0	0.0	1.113
5289	0.0	0.0	1.118
5290	0.0	0.0	1.171
5291	0.0	0.0	1.118
5292	0.0	0.0	1.083
5293	0.0	0.0	1.003
5294	0.0	0.0	0.881
5295	0.0	0.0	0.803
5296	0.0	0.0	0.750
5297	0.0	0.0	0.779
5298	0.0	0.0	0.967
5299	0.0	0.0	1.079
5300	0.0	0.0	1.334
5301	0.0	0.0	1.371
5302	0.0	0.0	1.278
5303	0.0	0.0	0.769
5304	0.0	0.0	0.482
5305	0.0	0.0	0.334
5306	0.0	0.0	0.180
5307	0.0	0.0	0.071
5308	0.0	0.0	0.051
5309	0.0	0.0	0.153
5310	0.0	0.0	0.385
5311	0.0	0.0	1.040
5312	0.0	0.0	1.113
5313	0.0	0.0	1.118
5314	0.0	0.0	1.171
5315	0.0	0.0	1.118
5316	0.0	0.0	1.083
5317	0.0	0.0	1.003
5318	0.0	0.0	0.881
5319	0.0	0.0	0.803
5320	0.0	0.0	0.750
5321	0.0	0.0	0.779
5322	0.0	0.0	0.967
5323	0.0	0.0	1.079
5324	0.0	0.0	1.334
5325	0.0	0.0	1.371
5326	0.0	0.0	1.278
5327	0.0	0.0	0.769
5328	0.0	0.0	0.482
5329	0.0	0.0	0.334
5330	0.0	0.0	0.180
5331	0.0	0.0	0.071
5332	0.0	0.0	0.051
5333	0.0	0.0	0.153
5334	0.0	0.0	0.385
5335	0.0	0.0	1.040
5336	0.0	0.0	1.113
5337	0.0	0.0	1.118
5338	0.0	0.0	1.171
5339	0.0	0.0	1.118
5340	0.0	0.0	1.083
5341	0.0	0.0	1.003
5342	0.0	0.0	0.881
5343	0.0	0.0	0.803
5344	0.0	0.0	0.750
5345	0.0	0.0	0.779
5346	0.0	0.0	0.967
5347	0.0	0.0	1.079
5348	0.0	0.0	1.334
5349	0.0	0.0	1.371
5350	0.0	0.0	1.278
5351	0.0	0.0	0.769
5352	0.0	0.0	0.482
5353	0.0	0.0	0.334
5354	0.0	0.0	0.180
5355	0.0	0.0	0.071
5356	0.0	0.0	0.051
5357	0.0	0.0	0.153
5358	0.0	0.0	0.385
5359	0.0	0.0	1.040
5360	0.0	0.0	1.113
5361	0.0	0.0	1.118
5362	0.0	0.0	1.171
5363	0.0	0.0	1.118
5364	0.0	0.0	1.083
5365	0.0	0.0	1.003
5366	0.0	0.0	0.881
5367	0.0	0.0	0.803
5368	0.0	0.0	0.750
5369	0.0	0.0	0.779
5370	0.0	0.0	0.967
5371	0.0	0.0	1.079
5372	0.0	0.0	1.334
5373	0.0	0.0	1.371
5374	0.0	0.0	1.278
5375	0.0	0.0	0.769
5376	0.0	0.0	0.482
5377	0.0	0.0	0.334
5378	0.0	0.0	0.180
5379	0.0	0.0	0.071
5380	0.0	0.0	0.051
5381	0.0	0.0	0.153
5382	0.0	0.0	0.385
5383	0.0	0.0	1.040
5384	0.0	0.0	1.113
5385	0.0	0.0	1.118
5386	0.0	0.0	1.171
5387	0.0	0.0	1.118
5388	0.0	0.0	1.083
5389	0.0	0.0	1.003
5390	0.0	0.0	0.881
5391	0.0	0.0	0.803
5392	0.0	0.0	0.750
5393	0.0	0.0	0.779
5394	0.0	0.0	0.967
5395	0.0	0.0	1.079
5396	0.0	0.0	1.334
5397	0.0	0.0	1.371
5398	0.0	0.0	1.278
5399	0.0	0.0	0.769
5400	0.0	0.0	0.482
5401	0.0	0.0	0.334
5402	0.0	0.0	0.180
5403	0.0	0.0	0.071
5404	0.0	0.0	0.051
5405	0.0	0.0	0.153
5406	0.0	0.0	0.385
5407	0.0	0.0	1.040
5408	0.0	0.0	1.113
5409	0.0	0.0	1.118
5410	0.0	0.0	1.171
5411	0.0	0.0	1.118
5412	0.0	0.0	1.083
5413	0.0	0.0	1.003
5414	0.0	0.0	0.881
5415	0.0	0.0	0.803
5416	0.0	0.0	0.750
5417	0.0	0.0	0.779
5418	0.0	0.0	0.967
5419	0.0	0.0	1.079
5420	0.0	0.0	1.334
5421	0.0	0.0	1.371
5422	0.0	0.0	1.278
5423	0.0	0.0	0.769
5424	0.0	0.0	0.482
5425	0.0	0.0	0.334
5426	0.0	0.0	0.180
5427	0.0	0.0	0.071
5428	0.0	0.0	0.051
5429	0.0	0.0	0.153
5430	0.0	0.0	0.385
5431	0.0	0.0	1.040
5432	0.0	0.0	1.113
5433	0.0	0.0	1.118
5434	0.0	0.0	1.171
5435	0.0	0.0	1.118
5436	0.0	0.0	1.083
5437	0.0	0.0	1.003
5438	0.0	0.0	0.881
5439	0.0	0.0	0.803
5440	0.0	0.0	0.750
5441	0.0	0.0	0.779
5442	0.0	0.0	0.967
5443	0.0	0.0	1.079
5444	0.0	0.0	1.334
5445	0.0	0.0	1.371
5446	0.0	0.0	1.278
5447	0.0	0.0	0.769
5448	0.0	0.0	0.482
5449	0.0	0.0	0.334
5450	0.0	0.0	0.180
5451	0.0	0.0	0.071
5452	0.0	0.0	0.051
5453	0.0	0.0	0.153
5454	0.0	0.0	0.385
5455	0.0	0.0	1.040
5456	0.0	0.0	1.113
5457	0.0	0.0	1.118
5458	0.0	0.0	1.171
5459	0.0	0.0	1.118
5460	0.0	0.0	1.083
5461	0.0	0.0	1.003
5462	0.0	0.0	0.881
5463	0.0	0.0	0.803
5464	0.0	0.0	0.750
5465	0.0	0.0	0.779
5466	0.0	0.0	0.967
5467	0.0	0.0	1.079
5468	0.0	0.0	1.334
5469	0.0	0.0	1.371
5470	0.0	0.0	1.278
5471	0.0	0.0	0.769
5472	0.0	0.0	0.482
5473	0.0	0.0	0.334
5474	0.0	0.0	0.180
5475	0.0	0.0	0.071
5476	0.0	0.0	0.051
5477	0.0	0.0	0.153
5478	0.0	0.0	0.385
5479	0.0	0.0	1.040
5480	0.0	0.0	1.113
5481	0.0	0.0	1.118
5482	0.0	0.0	1.171
5483	0.0	0.0	1.118
5484	0.0	0.0	1.083
5485	0.0	0.0	1.003
5486	0.0	0.0	0.881
5487	0.0	0.0	0.803
5488	0.0	0.0	0.750
5489	0.0	0.0	0.779
5490	0.0	0.0	0.967
5491	0.0	0.0	1.079
5492	0.0	0.0	1.334
5493	0.0	0.0	1.371
5494	0.0	0.0	1.278
5495	0.0	0.0	0.769
5496	0.0	0.0	0.482
5497	0.0	0.0	0.334
5498	0.0	0.0	0.180
5499	0.0	0.0	0.071
5500	0.0	0.0	0.051
5501	0.0	0.0	0.153
5502	0.0	0.0	0.385
5503	0.0	0.0	1.040
5504	0.0	0.0	1.113
5505	0.0	0.0	1.118
5506	0.0	0.0	1.171
5507	0.0	0.0	1.118
5508	0.0	0.0	1.083
5509	0.0	0.0	1.003
5510	0.0	0.0	0.881
5511	0.0	0.0	0.803
5512	0.0	0.0	0.750
5513	0.0	0.0	0.779
5514	0.0	0.0	0.967
5515	0.0	0.0	1.079
5516	0.0	0.0	1.334
5517	0.0	0.0	1.371
5518	0.0	0.0	1.278
5519	0.0	0.0	0.769
5520	0.0	0.0	0.482
5521	0.0	0.0	0.334
5522	0.0	0.0	0.180
5523	0.0	0.0	0.071
5524	0.0	0.0	0.051
5525	0.0	0.0	0.153
5526	0.0	0.0	0.385
5527	0.0	0.0	1.040
5528	0.0	0.0	1.113
5529	0.0	0.0	1.118
5530	0.0	0.0	1.171
5531	0.0	0.0	1.118
5532	0.0	0.0	1.083
5533	0.0	0.0	1.003
5534	0.0	0.0	0.881
5535	0.0	0.0	0.803
5536	0.0	0.0	0.750
5537	0.0	0.0	0.779
5538	0.0	0.0	0.967
5539	0.0	0.0	1.079
5540	0.0	0.0	1.334
5541	0.0	0.0	1.371
5542	0.0	0.0	1.278
5543	0.0	0.0	0.769
5544	0.0	0.0	0.482
5545	0.0	0.0	0.334
5546	0.0	0.0	0.180
5547	0.0	0.0	0.071
5548	0.0	0.0	0.051
5549	0.0	0.0	0.153
5550	0.0	0.0	0.385
5551	0.0	0.0	1.040
5552	0.0	0.0	1.113
5553	0.0	0.0	1.118
5554	0.0	0.0	1.171
5555	0.0	0.0	1.118
5556	0.0	0.0	1.083
5557	0.0	0.0	1.003
5558	0.0	0.0	0.881
5559	0.0	0.0	0.803
5560	0.0	0.0	0.750
5561	0.0	0.0	0.779
5562	0.0	0.0	0.967
5563	0.0	0.0	1.079
5564	0.0	0.0	1.334
5565	0.0	0.0	1.371
5566	0.0	0.0	1.278
5567	0.0	0.0	0.769
5568	0.0	0.0	0.482
5569	0.0	0.0	0.334
5570	0.0	0.0	0.180
5571	0.0	0.0	0.071
5572	0.0	0.0	0.051
5573	0.0	0.0	0.153
5574	0.0	0.0	0.385
5575	0.0	0.0	1.040
5576	0.0	0.0	1.113
5577	0.0	0.0	1.118
5578	0.0	0.0	1.171
5579	0.0	0.0	1.118
5580	0.0	0.0	1.083
5581	0.0	0.0	1.003
5582	0.0	0.0	0.881
5583	0.0	0.0	0.803
5584	0.0	0.0	0.750
5585	0.0	0.0	0.779
5586	0.0	0.0	0.967
5587	0.0	0.0	1.079
5588	0.0	0.0	1.334
5589	0.0	0.0	1.371
5590	0.0	0.0	1.278
5591	0.0	0.0	0.769
5592	0.0	0.0	0.482
5593	0.0	0.0	0.334
5594	0.0	0.0	0.180
5595	0.0	0.0	0.071
5596	0.0	0.0	0.051
5597	0.0	0.0	0.153
5598	0.0	0.0	0.385
5599	0.0	0.0	1.040
5600	0.0	0.0	1.113
5601	0.0	0.0	1.118
5602	0.0	0.0	1.171
5603	0.0	0.0	1.118
5604	0.0	0.0	1.083
5605	0.0	0.0	1.003
5606	0.0	0.0	0.881
5607	0.0	0.0	0.803
5608	0.0	0.0	0.750
5609	0.0	0.0	0.779
5610	0.0	0.0	0.967
5611	0.0	0.0	1.079
5612	0.0	0.0	1.334
5613	0.0	0.0	1.371
5614	0.0	0.0	1.278
5615	0.0	0.0	0.769
5616	0.0	0.0	0.482
5617	0.0	0.0	0.334
5618	0.0	0.0	0.180
5619	0.0	0.0	0.071
5620	0.0	0.0	0.051
5621	0.0	0.0	0.153
5622	0.0	0.0	0.385
5623	0.0	0.0	1.040
5624	0.0	0.0	1.113
5625	0.0	0.0	1.118
5626	0.0	0.0	1.171
5627	0.0	0.0	1.118
5628	0.0	0.0	1.083
5629	0.0	0.0	1.003
5630	0.0	0.0	0.881
5631	0.0	0.0	0.803
5632	0.0	0.0	0.750
5633	0.0	0.0	0.779
5634	0.0	0.0	0.967
5635	0.0	0.0	1.079
5636	0.0	0.0	1.334
5637	0.0	0.0	1.371
5638	0.0	0.0	1.278
5639	0.0	0.0	0.769
5640	0.0	0.0	0.482
5641	0.0	0.0	0.334
5642	0.0	0.0	0.180
5643	0.0	0.0	0.071
5644	0.0	0.0	0.051
5645	0.0	0.0	0.153
5646	0.0	0.0	0.385
5647	0.0	0.0	1.040
5648	0.0	0.0	1.113
5649	0.0	0.0	1.118
5650	0.0	0.0	1.171
5651	0.0	0.0	1.118
5652	0.0	0.0	1.083
5653	0.0	0.0	1.003
5654	0.0	0.0	0.881
5655	0.0	0.0	0.803
5656	0.0	0.0	0.750
5657	0.0	0.0	0.779
5658	0.0	0.0	0.967
5659	0.0	0.0	1.079
5660	0.0	0.0	1.334
5661	0.0	0.0	1.371
5662	0.0	0.0	1.278
5663	0.0	0.0	0.769
5664	0.0	0.0	0.482
5665	0.0	0.0	0.334
5666	0.0	0.0	0.180
5667	0.0	0.0	0.071
5668	0.0	0.0	0.051
5669	0.0	0.0	0.153
5670	0.0	0.0	0.385
5671	0.0	0.0	1.040
5672	0.0	0.0	1.113
5673	0.0	0.0	1.118
5674	0.0	0.0	1.171
5675	0.0	0.0	1.118
5676	0.0	0.0	1.083
5677	0.0	0.0	1.003
5678	0.0	0.0	0.881
5679	0.0	0.0	0.803
5680	0.0	0.0	0.750
5681	0.0	0.0	0.779
5682	0.0	0.0	0.967
5683	0.0	0.0	1.079
5684	0.0	0.0	1.334
5685	0.0	0.0	1.371
5686	0.0	0.0	1.278
5687	0.0	0.0	0.769
5688	0.0	0.0	0.482
5689	0.0	0.0	0.334
5690	0.0	0.0	0.180
5691	0.0	0.0	0.071
5692	0.0	0.0	0.051
5693	0.0	0.0	0.153
5694	0.0	0.0	0.385
5695	0.0	0.0	1.040
5696	0.0	0.0	1.113
5697	0.0	0.0	1.118
5698	0.0	0.0	1.171
5699	0.0	0.0	1.118
5700	0.0	0.0	1.083
5701	0.0	0.0	1.003
5702	0.0	0.0	0.881
5703	0.0	0.0	0.803
5704	0.0	0.0	0.750
5705	0.0	0.0	0.779
5706	0.0	0.0	0.967
5707	0.0	0.0	1.079
5708	0.0	0.0	1.334
5709	0.0	0.0	1.371
5710	0.0	0.0	1.278
5711	0.0	0.0	0.769
5712	0.0	0.0	0.482
5713	0.0	0.0	0.334
5714	0.0	0.0	0.180
5715	0.0	0.0	0.071
5716	0.0	0.0	0.051
5717	0.0	0.0	0.153
5718	0.0	0.0	0.385
5719	0.0	0.0	1.040
5720	0.0	0.0	1.113
5721	0.0	0.0	1.118
5722	0.0	0.0	1.171
5723	0.0	0.0	1.118
5724	0.0	0.0	1.083
5725	0.0	0.0	1.003
5726	0.0	0.0	0.881
5727	0.0	0.0	0.803
5728	0.0	0.0	0.750
5729	0.0	0.0	0.779
5730	0.0	0.0	0.967
5731	0.0	0.0	1.079
5732	0.0	0.0	1.334
5733	0.0	0.0	1.371
5734	0.0	0.0	1.278
5735	0.0	0.0	0.769
5736	0.0	0.0	0.482
5737	0.0	0.0	0.334
5738	0.0	0.0	0.180
5739	0.0	0.0	0.071
5740	0.0	0.0	0.051
5741	0.0	0.0	0.153
5742	0.0	0.0	0.385
5743	0.0	0.0	1.040
5744	0.0	0.0	1.113
5745	0.0	0.0	1.118
5746	0.0	0.0	1.171
5747	0.0	0.0	1.118
5748	0.0	0.0	1.083
5749	0.0	0.0	1.003
5750	0.0	0.0	0.881
5751	0.0	0.0	0.803
5752	0.0	0.0	0.750
5753	0.0	0.0	0.779
5754	0.0	0.0	0.967
5755	0.0	0.0	1.079
5756	0.0	0.0	1.334
5757	0.0	0.0	1.371
5758	0.0	0.0	1.278
5759	0.0	0.0	0.769
5760	0.0	0.0	0.482
5761	0.0	0.0	0.334
5762	0.0	0.0	0.180
5763	0.0	0.0	0.071
5764	0.0	0.0	0.051
5765	0.0	0.0	0.153
5766	0.0	0.0	0.385
5767	0.0	0.0	1.040
5768	0.0	0.0	1.113
5769	0.0	0.0	1.118
5770	0.0	0.0	1.171
5771	0.0	0.0	1.118
5772	0.0	0.0	1.083
5773	0.0	0.0	1.003
5774	0.0	0.0	0.881
5775	0.0	0.0	0.803
5776	0.0	0.0	0.750
5777	0.0	0.0	0.779
5778	0.0	0.0	0.967
5779	0.0	0.0	1.079
5780	0.0	0.0	1.334
5781	0.0	0.0	1.371
5782	0.0	0.0	1.278
5783	0.0	0.0	0.769
5784	0.0	0.0	0.482
5785	0.0	0.0	0.334
5786	0.0	0.0	0.180
5787	0.0	0.0	0.071
5788	0.0	0.0	0.051
5789	0.0	0.0	0.153
5790	0.0	0.0	0.385
5791	0.0	0.0	1.040
5792	0.0	0.0	1.113
5793	0.0	0.0	1.118
5794	0.0	0.0	1.171
5795	0.0	0.0	1.118
5796	0.0	0.0	1.083
5797	0.0	0.0	1.003
5798	0.0	0.0	0.881
5799	0.0	0.0	0.803
5800	0.0	0.0	0.750
5801	0.0	0.0	0.779
5802	0.0	0.0	0.967
5803	0.0	0.0	1.079
5804	0.0	0.0	1.334
5805	0.0	0.0	1.371
5806	0.0	0.0	1.278
5807	0.0	0.0	0.769
5808	0.0	0.0	0.482
5809	0.0	0.0	0.334
5810	0.0	0.0	0.180
5811	0.0	0.0	0.071
5812	0.0	0.0	0.051
5813	0.0	0.0	0.153
5814	0.0	0.0	0.385
5815	0.0	0.0	1.040
5816	0.0	0.0	1.113
5817	0.0	0.0	1.118
5818	0.0	0.0	1.171
5819	0.0	0.0	1.118
5820	0.0	0.0	1.083
5821	0.0	0.0	1.003
5822	0.0	0.0	0.881
5823	0.0	0.0	0.803
5824	0.0	0.0	0.750
5825	0.0	0.0	0.779
5826	0.0	0.0	0.967
5827	0.0	0.0	1.079
5828	0.0	0.0	1.334
5829	0.0	0.0	1.371
5830	0.0	0.0	1.278
5831	0.0	0.0	0.769
5832	0.0	0.0	0.482
5833	0.0	0.0	0.334
5834	0.0	0.0	0.180
5835	0.0	0.0	0.071
5836	0.0	0.0	0.051
5837	0.0	0.0	0.153
5838	0.0	0.0	0.385
5839	0.0	0.0	1.040
5840	0.0	0.0	1.113
5841	0.0	0.0	1.118
5842	0.0	0.0	1.171
5843	0.0	0.0	1.118
5844	0.0	0.0	1.083
5845	0.0	0.0	1.003
5846	0.0	0.0	0.881
5847	0.0	0.0	0.803
5848	0.0	0.0	0.750
5849	0.0	0.0	0.779
5850	0.0	0.0	0.967
5851	0.0	0.0	1.079
5852	0.0	0.0	1.334
5853	0.0	0.0	1.371
5854	0.0	0.0	1.278
5855	0.0	0.0	0.769
5856	0.0	0.0	0.482
5857	0.0	0.0	0.334
5858	0.0	0.0	0.180
5859	0.0	0.0	0.071
5860	0.0	0.0	0.051
5861	0.0	0.0	0.153
5862	0.0	0.0	0.385
5863	0.0	0.0	1.040
5864	0.0	0.0	1.113
5865	0.0	0.0	1.118
5866	0.0	0.0	1.171
5867	0.0	0.0	1.118
5868	0.0	0.0	1.083
5869	0.0	0.0	1.003
5870	0.0	0.0	0.881
5871	0.0	0.0	0.803
5872	0.0	0.0	0.750
5873	0.0	0.0	0.779
5874	0.0	0.0	0.967
5875	0.0	0.0	1.079
5876	0.0	0.0	1.334
5877	0.0	0.0	1.371
5878	0.0	0.0	1.278
5879	0.0	0.0	0.769
5880	0.0	0.0	0.482
5881	0.0	0.0	0.334
5882	0.0	0.0	0.180
5883	0.0	0.0	0.071
5884	0.0	0.0	0.051
5885	0.0	0.0	0.153
5886	0.0	0.0	0.385
5887	0.0	0.0	1.040
5888	0.0	0.0	1.113
5889	0.0	0.0	1.118
5890	0.0	0.0	1.171
5891	0.0	0.0	1.118
5892	0.0	0.0	1.083
5893	0.0	0.0	1.003
5894	0.0	0.0	0.881
5895	0.0	0.0	0.803
5896	0.0	0.0	0.750
5897	0.0	0.0	0.779
5898	0.0	0.0	0.967
5899	0.0	0.0	1.079
5900	0.0	0.0	1.334
5901	0.0	0.0	1.371
5902	0.0	0.0	1.278
5903	0.0	0.0	0.769
5904	0.0	0.0	0.482
5905	0.0	0.0	0.334
5906	0.0	0.0	0.180
5907	0.0	0.0	0.071
5908	0.0	0.0	0.051
5909	0.0	0.0	0.153
5910	0.0	0.0	0.385
5911	0.0	0.0	1.040
5912	0.0	0.0	1.113
5913	0.0	0.0	1.118
5914	0.0	0.0	1.171
5915	0.0	0.0	1.118
5916	0.0	0.0	1.083
5917	0.0	0.0	1.003
5918	0.0	0.0	0.881
5919	0.0	0.0	0.803
5920	0.0	0.0	0.750
5921	0.0	0.0	0.779
5922	0.0	0.0	0.967
5923	0.0	0.0	1.079
5924	0.0	0.0	1.334
5925	0.0	0.0	1.371
5926	0.0	0.0	1.278
5927	0.0	0.0	0.769
5928	0.0	0.0	0.482
5929	0.0	0.0	0.334
5930	0.0	0.0	0.180
5931	0.0	0.0	0.071
5932	0.0	0.0	0.051
5933	0.0	0.0	0.153
5934	0.0	0.0	0.385
5935	0.0	0.0	1.040
5936	0.0	0.0	1.113
5937	0.0	0.0	1.118
5938	0.0	0.0	1.171
5939	0.0	0.0	1.118
5940	0.0	0.0	1.083
5941	0.0	0.0	1.003
5942	0.0	0.0	0.881
5943	0.0	0.0	0.803
5944	0.0	0.0	0.750
5945	0.0	0.0	0.779
5946	0.0	0.0	0.967
5947	0.0	0.0	1.079
5948	0.0	0.0	1.334
5949	0.0	0.0	1.371
5950	0.0	0.0	1.278
5951	0.0	0.0	0.769
5952	0.0	0.0	0.482
5953	0.0	0.0	0.334
5954	0.0	0.0	0.180
5955	0.0	0.0	0.071
5956	0.0	0.0	0.051
5957	0.0	0.0	0.153
5958	0.0	0.0	0.385
5959	0.0	0.0	1.040
5960	0.0	0.0	1.113
5961	0.0	0.0	1.118
5962	0.0	0.0	1.171
5963	0.0	0.0	1.118
5964	0.0	0.0	1.083
5965	0.0	0.0	1.003
5966	0.0	0.0	0.881
5967	0.0	0.0	0.803
5968	0.0	0.0	0.750
5969	0.0	0.0	0.779
5970	0.0	0.0	0.967
5971	0.0	0.0	1.079
5972	0.0	0.0	1.334
5973	0.0	0.0	1.371
5974	0.0	0.0	1.278
5975	0.0	0.0	0.769
5976	0.0	0.0	0.482
5977	0.0	0.0	0.334
5978	0.0	0.0	0.180
5979	0.0	0.0	0.071
5980	0.0	0.0	0.051
5981	0.0	0.0	0.153
5982	0.0	0.0	0.385
5983	0.0	0.0	1.040
5984	0.0	0.0	1.113
5985	0.0	0.0	1.118
5986	0.0	0.0	1.171
5987	0.0	0.0	1.118
5988	0.0	0.0	1.083
5989	0.0	0.0	1.003
5990	0.0	0.0	0.881
5991	0.0	0.0	0.803
5992	0.0	0.0	0.750
5993	0.0	0.0	0.779
5994	0.0	0.0	0.967
5995	0.0	0.0	1.079
5996	0.0	0.0	1.334
5997	0.0	0.0	1.371
5998	0.0	0.0	1.278
5999	0.0	0.0	0.769
6000	0.0	0.0	0.482
6001	0.0	0.0	0.334
6002	0.0	0.0	0.180
6003	0.0	0.0	0.071
6004	0.0	0.0	0.051
6005	0.0	0.0	0.153
6006	0.0	0.0	0.385
6007	0.0	0.0	1.040
6008	0.0	0.0	1.113
6009	0.0	0.0	1.118
6010	0.0	0.0	1.171
6011	0.0	0.0	1.118
6012	0.0	0.0	1.083
6013	0.0	0.0	1.003
6014	0.0	0.0	0.881
6015	0.0	0.0	0.803
6016	0.0	0.0	0.750
6017	0.0	0.0	0.779
6018	0.0	0.0	0.967
6019	0.0	0.0	1.079
6020	0.0	0.0	1.334
6021	0.0	0.0	1.371
6022	0.0	0.0	1.278
6023	0.0	0.0	0.769
6024	0.0	0.0	0.482
6025	0.0	0.0	0.334
6026	0.0	0.0	0.180
6027	0.0	0.0	0.071
6028	0.0	0.0	0.051
6029	0.0	0.0	0.153
6030	0.0	0.0	0.385
6031	0.0	0.0	1.040
6032	0.0	0.0	1.113
6033	0.0	0.0	1.118
6034	0.0	0.0	1.171
6035	0.0	0.0	1.118
6036	0.0	0.0	1.083
6037	0.0	0.0	1.003
6038	0.0	0.0	0.881
6039	0.0	0.0	0.803
6040	0.0	0.0	0.750
6041	0.0	0.0	0.779
6042	0.0	0.0	0.967
6043	0.0	0.0	1.079
6044	0.0	0.0	1.334
6045	0.0	0.0	1.371
6046	0.0	0.0	1.278
6047	0.0	0.0	0.769
6048	0.0	0.0	0.482
6049	0.0	0.0	0.334
6050	0.0	0.0	0.180
6051	0.0	0.0	0.071
6052	0.0	0.0	0.051
6053	0.0	0.0	0.153
6054	0.0	0.0	0.385
6055	0.0	0.0	1.040
6056	0.0	0.0	1.113
6057	0.0	0.0	1.118
6058	0.0	0.0	1.171
6059	0.0	0.0	1.118
6060	0.0	0.0	1.083
6061	0.0	0.0	1.003
6062	0.0	0.0	0.881
6063	0.0	0.0	0.803
6064	0.0	0.0	0.750
6065	0.0	0.0	0.779
6066	0.0	0.0	0.967
6067	0.0	0.0	1.079
6068	0.0	0.0	1.334
6069	0.0	0.0	1.371
6070	0.0	0.0	1.278
6071	0.0	0.0	0.769
6072	0.0	0.0	0.482
6073	0.0	0.0	0.334
6074	0.0	0.0	0.180
6075	0.0	0.0	0.071
6076	0.0	0.0	0.051
6077	0.0	0.0	0.153
6078	0.0	0.0	0.385
6079	0.0	0.0	1.040
6080	0.0	0.0	1.113
6081	0.0	0.0	1.118
6082	0.0	0.0	1.171
6083	0.0	0.0	1.118
6084	0.0	0.0	1.083
6085	0.0	0.0	1.003
6086	0.0	0.0	0.881
6087	0.0	0.0	0.803
6088	0.0	0.0	0.750
6089	0.0	0.0	0.779
6090	0.0	0.0	0.967
6091	0.0	0.0	1.079
6092	0.0	0.0	1.334
6093	0.0	0.0	1.371
6094	0.0	0.0	1.278
6095	0.0	0.0	0.769
6096	0.0	0.0	0.482
6097	0.0	0.0	0.334
6098	0.0	0.0	0.180
6099	0.0	0.0	0.071
6100	0.0	0.0	0.051
6101	0.0	0.0	0.153
6102	0.0	0.0	0.385
6103	0.0	0.0	1.040
6104	0.0	0.0	1.113
6105	0.0	0.0	1.118
6106	0.0	0.0	1.171
6107	0.0	0.0	1.118
6108	0.0	0.0	1.083
6109	0.0	0.0	1.003
6110	0.0	0.0	0.881
6111	0.0	0.0	0.803
6112	0.0	0.0	0.750
6113	0.0	0.0	0.779
6114	0.0	0.0	0.967
6115	0.0	0.0	1.079
6116	0.0	0.0	1.334
6117	0.0	0.0	1.371
6118	0.0	0.0	1.278
6119	0.0	0.0	0.769
6120	0.0	0.0	0.482
6121	0.0	0.0	0.334
6122	0.0	0.0	0.180
6123	0.0	0.0	0.071
6124	0.0	0.0	0.051
6125	0.0	0.0	0.153
6126	0.0	0.0	0.385
6127	0.0	0.0	1.040
6128	0.0	0.0	1.113
6129	0.0	0.0	1.118
6130	0.0	0.0	1.171
6131	0.0	0.0	1.118
6132	0.0	0.0	1.083
6133	0.0	0.0	1.003
6134	0.0	0.0	0.881
6135	0.0	0.0	0.803
6136	0.0	0.0	0.750
6137	0.0	0.0	0.779
6138	0.0	0.0	0.967
6139	0.0	0.0	1.079
6140	0.0	0.0	1.334
6141	0.0	0.0	1.371
6142	0.0	0.0	1.278
6143	0.0	0.0	0.769
6144	0.0	0.0	0.482
6145	0.0	0.0	0.334
6146	0.0	0.0	0.180
6147	0.0	0.0	0.071
6148	0.0	0.0	0.051
6149	0.0	0.0	0.153
6150	0.0	0.0	0.385
6151	0.0	0.0	1.040
6152	0.0	0.0	1.113
6153	0.0	0.0	1.118
6154	0.0	0.0	1.171
6155	0.0	0.0	1.118
6156	0.0	0.0	1.083
6157	0.0	0.0	1.003
6158	0.0	0.0	0.881
6159	0.0	0.0	0.803
6160	0.0	0.0	0.750
6161	0.0	0.0	0.779
6162	0.0	0.0	0.967
6163	0.0	0.0	1.079
6164	0.0	0.0	1.334
6165	0.0	0.0	1.371
6166	0.0	0.0	1.278
6167	0.0	0.0	0.769
6168	0.0	0.0	0.482
6169	0.0	0.0	0.334
6170	0.0	0.0	0.180
6171	0.0	0.0	0.071
6172	0.0	0.0	0.051
6173	0.0	0.0	0.153
6174	0.0	0.0	0.385
6175	0.0	0.0	1.040
6176	0.0	0.0	1.113
6177	0.0	0.0	1.118
6178	0.0	0.0	1.171
6179	0.0	0.0	1.118
6180	0.0	0.0	1.083
6181	0.0	0.0	1.003
6182	0.0	0.0	0.881
6183	0.0	0.0	0.803
6184	0.0	0.0	0.750
6185	0.0	0.0	0.779
6186	0.0	0.0	0.967
6187	0.0	0.0	1.079
6188	0.0	0.0	1.334
6189	0.0	0.0	1.371
6190	0.0	0.0	1.278
6191	0.0	0.0	0.769
6192	0.0	0.0	0.482
6193	0.0	0.0	0.334
6194	0.0	0.0	0.180
6195	0.0	0.0	0.071
6196	0.0	0.0	0.051
6197	0.0	0.0	0.153
6198	0.0	0.0	0.385
6199	0.0	0.0	1.040
6200	0.0	0.0	1.113
6201	0.0	0.0	1.118
6202	0.0	0.0	1.171
6203	0.0	0.0	1.118
6204	0.0	0.0	1.083
6205	0.0	0.0	1.003
6206	0.0	0.0	0.881
6207	0.0	0.0	0.803
6208	0.0	0.0	0.750
6209	0.0	0.0	0.779
6210	0.0	0.0	0.967
6211	0.0	0.0	1.079
6212	0.0	0.0	1.334
6213	0.0	0.0	1.371
6214	0.0	0.0	1.278
6215	0.0	0.0	0.769
6216	0.0	0.0	0.482
6217	0.0	0.0	0.334
6218	0.0	0.0	0.180
6219	0.0	0.0	0.071
6220	0.0	0.0	0.051
6221	0.0	0.0	0.153
6222	0.0	0.0	0.385
6223	0.0	0.0	1.040
6224	0.0	0.0	1.113
6225	0.0	0.0	1.118
6226	0.0	0.0	1.171
6227	0.0	0.0	1.118
6228	0.0	0.0	1.083
6229	0.0	0.0	1.003
6230	0.0	0.0	0.881
6231	0.0	0.0	0.803
6232	0.0	0.0	0.750
6233	0.0	0.0	0.779
6234	0.0	0.0	0.967
6235	0.0	0.0	1.079
6236	0.0	0.0	1.334
6237	0.0	0.0	1.371
6238	0.0	0.0	1.278
6239	0.0	0.0	0.769
6240	0.0	0.0	0.482
6241	0.0	0.0	0.334
6242	0.0	0.0	0.180
6243	0.0	0.0	0.071
6244	0.0	0.0	0.051
6245	0.0	0.0	0.153
6246	0.0	0.0	0.385
6247	0.0	0.0	1.040
6248	0.0	0.0	1.113
6249	0.0	0.0	1.118
6250	0.0	0.0	1.171
6251	0.0	0.0	1.118
6252	0.0	0.0	1.083
6253	0.0	0.0	1.003
6254	0.0	0.0	0.881
6255	0.0	0.0	0.803
6256	0.0	0.0	0.750
6257	0.0	0.0	0.779
6258	0.0	0.0	0.967
6259	0.0	0.0	1.079
6260	0.0	0.0	1.334
6261	0.0	0.0	1.371
6262	0.0	0.0	1.278
6263	0.0	0.0	0.769
6264	0.0	0.0	0.482
6265	0.0	0.0	0.334
6266	0.0	0.0	0.180
6267	0.0	0.0	0.071
6268	0.0	0.0	0.051
6269	0.0	0.0	0.153
6270	0.0	0.0	0.385
6271	0.0	0.0	1.040
6272	0.0	0.0	1.113
6273	0.0	0.0	1.118
6274	0.0	0.0	1.171
6275	0.0	0.0	1.118
6276	0.0	0.0	1.083
6277	0.0	0.0	1.003
6278	0.0	0.0	0.881
6279	0.0	0.0	0.803
6280	0.0	0.0	0.750
6281	0.0	0.0	0.779
6282	0.0	0.0	0.967
6283	0.0	0.0	1.079
6284	0.0	0.0	1.334
6285	0.0	0.0	1.371
6286	0.0	0.0	1.278
6287	0.0	0.0	0.769
6288	0.0	0.0	0.482
6289	0.0	0.0	0.334
6290	0.0	0.0	0.180
6291	0.0	0.0	0.071
6292	0.0	0.0	0.051
6293	0.0	0.0	0.153
6294	0.0	0.0	0.385
6295	0.0	0.0	1.040
6296	0.0	0.0	1.113
6297	0.0	0.0	1.118
6298	0.0	0.0	1.171
6299	0.0	0.0	1.118
6300	0.0	0.0	1.083
6301	0.0	0.0	1.003
6302	0.0	0.0	0.881
6303	0.0	0.0	0.803
6304	0.0	0.0	0.750
6305	0.0	0.0	0.779
6306	0.0	0.0	0.967
6307	0.0	0.0	1.079
6308	0.0	0.0	1.334
6309	0.0	0.0	1.371
6310	0.0	0.0	1.278
6311	0.0	0.0	0.769
6312	0.0	0.0	0.482
6313	0.0	0.0	0.334
6314	0.0	0.0	0.180
6315	0.0	0.0	0.071
6316	0.0	0.0	0.051
6317	0.0	0.0	0.153
6318	0.0	0.0	0.385
6319	0.0	0.0	1.040
6320	0.0	0.0	1.113
6321	0.0	0.0	1.118
6322	0.0	0.0	1.171
6323	0.0	0.0	1.118
6324	0.0	0.0	1.083
6325	0.0	0.0	1.003
6326	0.0	0.0	0.881
6327	0.0	0.0	0.803
6328	0.0	0.0	0.750
6329	0.0	0.0	0.779
6330	0.0	0.0	0.967
6331	0.0	0.0	1.079
6332	0.0	0.0	1.334
6333	0.0	0.0	1.371
6334	0.0	0.0	1.278
6335	0.0	0.0	0.769
6336	0.0	0.0	0.482
6337	0.0	0.0	0.334
6338	0.0	0.0	0.180
6339	0.0	0.0	0.071
6340	0.0	0.0	0.051
6341	0.0	0.0	0.153
6342	0.0	0.0	0.385
6343	0.0	0.0	1.040
6344	0.0	0.0	1.113
6345	0.0	0.0	1.118
6346	0.0	0.0	1.171
6347	0.0	0.0	1.118
6348	0.0	0.0	1.083
6349	0.0	0.0	1.003
6350	0.0	0.0	0.881
6351	0.0	0.0	0.803
6352	0.0	0.0	0.750
6353	0.0	0.0	0.779
6354	0.0	0.0	0.967
6355	0.0	0.0	1.079
6356	0.0	0.0	1.334
6357	0.0	0.0	1.371
6358	0.0	0.0	1.278
6359	0.0	0.0	0.769
6360	0.0	0.0	0.482
6361	0.0	0.0	0.334
6362	0.0	0.0	0.180
6363	0.0	0.0	0.071
6364	0.0	0.0	0.051
6365	0.0	0.0	0.153
6366	0.0	0.0	0.385
6367	0.0	0.0	1.040
6368	0.0	0.0	1.113
6369	0.0	0.0	1.118
6370	0.0	0.0	1.171
6371	0.0	0.0	1.118
6372	0.0	0.0	1.083
6373	0.0	0.0	1.003
6374	0.0	0.0	0.881
6375	0.0	0.0	0.803
6376	0.0	0.0	0.750
6377	0.0	0.0	0.779
6378	0.0	0.0	0.967
6379	0.0	0.0	1.079
6380	0.0	0.0	1.334
6381	0.0	0.0	1.371
6382	0.0	0.0	1.278
6383	0.0	0.0	0.769
6384	0.0	0.0	0.482
6385	0.0	0.0	0.334
6386	0.0	0.0	0.180
6387	0.0	0.0	0.071
6388	0.0	0.0	0.051
6389	0.0	0.0	0.153
6390	0.0	0.0	0.385
6391	0.0	0.0	1.040
6392	0.0	0.0	1.113
6393	0.0	0.0	1.118
6394	0.0	0.0	1.171
6395	0.0	0.0	1.118
6396	0.0	0.0	1.083
6397	0.0	0.0	1.003
6398	0.0	0.0	0.881
6399	0.0	0.0	0.803
6400	0.0	0.0	0.750
6401	0.0	0.0	0.779
6402	0.0	0.0	0.967
6403	0.0	0.0	1.079
6404	0.0	0.0	1.334
6405	0.0	0.0	1.371
6406	0.0	0.0	1.278
6407	0.0	0.0	0.769
6408	0.0	0.0	0.482
6409	0.0	0.0	0.334
6410	0.0	0.0	0.180
6411	0.0	0.0	0.071
6412	0.0	0.0	0.051
6413	0.0	0.0	0.153
6414	0.0	0.0	0.385
6415	0.0	0.0	1.040
6416	0.0	0.0	1.113
6417	0.0	0.0	1.118
6418	0.0	0.0	1.171
6419	0.0	0.0	1.118
6420	0.0	0.0	1.083
6421	0.0	0.0	1.003
6422	0.0	0.0	0.881
6423	0.0	0.0	0.803
6424	0.0	0.0	0.750
6425	0.0	0.0	0.779
6426	0.0	0.0	0.967
6427	0.0	0.0	1.079
6428	0.0	0.0	1.334
6429	0.0	0.0	1.371
6430	0.0	0.0	1.278
6431	0.0	0.0	0.769
6432	0.0	0.0	0.482
6433	0.0	0.0	0.334
6434	0.0	0.0	0.180
6435	0.0	0.0	0.071
6436	0.0	0.0	0.051
6437	0.0	0.0	0.153
6438	0.0	0.0	0.385
6439	0.0	0.0	1.040
6440	0.0	0.0	1.113
6441	0.0	0.0	1.118
6442	0.0	0.0	1.171
6443	0.0	0.0	1.118
6444	0.0	0.0	1.083
6445	0.0	0.0	1.003
6446	0.0	0.0	0.881
6447	0.0	0.0	0.803
6448	0.0	0.0	0.750
6449	0.0	0.0	0.779
6450	0.0	0.0	0.967
6451	0.0	0.0	1.079
6452	0.0	0.0	1.334
6453	0.0	0.0	1.371
6454	0.0	0.0	1.278
6455	0.0	0.0	0.769
6456	0.0	0.0	0.482
6457	0.0	0.0	0.334
6458	0.0	0.0	0.180
6459	0.0	0.0	0.071
6460	0.0	0.0	0.051
6461	0.0	0.0	0.153
6462	0.0	0.0	0.385
6463	0.0	0.0	1.040
6464	0.0	0.0	1.113
6465	0.0	0.0	1.118
6466	0.0	0.0	1.171
6467	0.0	0.0	1.118
6468	0.0	0.0	1.083
6469	0.0	0.0	1.003
6470	0.0	0.0	0.881
6471	0.0	0.0	0.803
6472	0.0	0.0	0.750
6473	0.0	0.0	0.779
6474	0.0	0.0	0.967
6475	0.0	0.0	1.079
6476	0.0	0.0	1.334
6477	0.0	0.0	1.371
6478	0.0	0.0	1.278
6479	0.0	0.0	0.769
6480	0.0	0.0	0.482
6481	0.0	0.0	0.334
6482	0.0	0.0	0.180
6483	0.0	0.0	0.071
6484	0.0	0.0	0.051
6485	0.0	0.0	0.153
6486	0.0	0.0	0.385
6487	0.0	0.0	1.040
6488	0.0	0.0	1.113
6489	0.0	0.0	1.118
6490	0.0	0.0	1.171
6491	0.0	0.0	1.118
6492	0.0	0.0	1.083
6493	0.0	0.0	1.003
6494	0.0	0.0	0.881
6495	0.0	0.0	0.803
6496	0.0	0.0	0.750
6497	0.0	0.0	0.779
6498	0.0	0.0	0.967
6499	0.0	0.0	1.079
6500	0.0	0.0	1.334
6501	0.0	0.0	1.371
6502	0.0	0.0	1.278
6503	0.0	0.0	0.769
6504	0.0	0.0	0.482
6505	0.0	0.0	0.334
6506	0.0	0.0	0.180
6507	0.0	0.0	0.071
6508	0.0	0.0	0.051
6509	0.0	0.0	0.153
6510	0.0	0.0	0.385
6511	0.0	0.0	1.040
6512	0.0	0.0	1.113
6513	0.0	0.0	1.118
6514	0.0	0.0	1.171
6515	0.0	0.0	1.118
6516	0.0	0.0	1.083
6517	0.0	0.0	1.003
6518	0.0	0.0	0.881
6519	0.0	0.0	0.803
6520	0.0	0.0	0.750
6521	0.0	0.0	0.779
6522	0.0	0.0	0.967
6523	0.0	0.0	1.079
6524	0.0	0.0	1.334
6525	0.0	0.0	1.371
6526	0.0	0.0	1.278
6527	0.0	0.0	0.769
6528	0.0	0.0	0.482
6529	0.0	0.0	0.334
6530	0.0	0.0	0.180
6531	0.0	0.0	0.071
6532	0.0	0.0	0.051
6533	0.0	0.0	0.153
6534	0.0	0.0	0.385
6535	0.0	0.0	1.040
6536	0.0	0.0	1.113
6537	0.0	0.0	1.118
6538	0.0	0.0	1.171
6539	0.0	0.0	1.118
6540	0.0	0.0	1.083
6541	0.0	0.0	1.003
6542	0.0	0.0	0.881
6543	0.0	0.0	0.803
6544	0.0	0.0	0.750
6545	0.0	0.0	0.779
6546	0.0	0.0	0.967
6547	0.0	0.0	1.079
6548	0.0	0.0	1.334
6549	0.0	0.0	1.371
6550	0.0	0.0	1.278
6551	0.0	0.0	0.769
6552	0.0	0.0	0.482
6553	0.0	0.0	0.334
6554	0.0	0.0	0.180
6555	0.0	0.0	0.071
6556	0.0	0.0	0.051
6557	0.0	0.0	0.153
6558	0.0	0.0	0.385
6559	0.0	0.0	1.040
6560	0.0	0.0	1.113
6561	0.0	0.0	1.118
6562	0.0	0.0	1.171
6563	0.0	0.0	1.118
6564	0.0	0.0	1.083
6565	0.0	0.0	1.003
6566	0.0	0.0	0.881
6567	0.0	0.0	0.803
6568	0.0	0.0	0.750
6569	0.0	0.0	0.779
6570	0.0	0.0	0.967
6571	0.0	0.0	1.079
6572	0.0	0.0	1.334
6573	0.0	0.0	1.371
6574	0.0	0.0	1.278
6575	0.0	0.0	0.769
6576	0.0	0.0	0.482
6577	1.8	0.0	0.334
6578	2.2	0.0	0.180
6579	2.4	0.0	0.071
6580	2.4	0.0	0.051
6581	2.7	0.0	0.153
6582	2.7	0.0	0.385
6583	2.7	0.0	1.040
6584	2.8	0.0	1.113
6585	2.7	0.0	1.118
6586	2.3	0.0	1.171
6587	1.8	0.0	1.118
6588	1.5	0.0	1.083
6589	1.3	0.0	1.003
6590	1.2	0.0	0.881
6591	0.7	0.0	0.803
6592	0.8	0.0	0.750
6593	1.0	0.0	0.779
6594	1.5	0.0	0.967
6595	1.9	0.0	1.079
6596	2.4	0.0	1.334
6597	2.5	0.0	1.371
6598	2.7	0.0	1.278
6599	3.2	0.0	0.769
6600	3.4	0.0	0.482
6601	3.9	0.0	0.334
6602	3.8	0.0	0.180
6603	3.8	0.0	0.071
6604	3.9	0.0	0.051
6605	4.2	0.0	0.153
6606	4.5	0.0	0.385
6607	4.1	0.0	1.040
6608	4.0	0.0	1.113
6609	3.7	0.0	1.118
6610	3.4	0.0	1.171
6611	3.0	0.0	1.118
6612	2.6	0.0	1.083
6613	2.4	0.0	1.003
6614	2.2	0.0	0.881
6615	2.1	0.0	0.803
6616	2.2	0.0	0.750
6617	2.2	0.0	0.779
6618	2.6	0.0	0.967
6619	2.6	0.0	1.079
6620	2.8	0.0	1.334
6621	2.9	0.0	1.371
6622	2.8	0.0	1.278
6623	2.8	0.0	0.769
6624	3.0	0.0	0.482
6625	2.9	0.0	0.334
6626	3.1	0.0	0.180
6627	3.2	0.0	0.071
6628	3.4	0.0	0.051
6629	3.4	0.0	0.153
6630	3.4	0.0	0.385
6631	3.2	0.0	1.040
6632	3.4	0.0	1.113
6633	3.2	0.0	1.118
6634	2.8	0.0	1.171
6635	2.4	0.0	1.118
6636	2.0	0.0	1.083
6637	1.7	0.0	1.003
6638	1.7	0.0	0.881
6639	1.5	0.0	0.803
6640	1.5	0.0	0.750
6641	1.8	0.0	0.779
6642	1.9	0.0	0.967
6643	2.5	0.0	1.079
6644	2.4	0.0	1.334
6645	2.9	0.0	1.371
6646	3.2	0.0	1.278
6647	3.4	0.0	0.769
6648	3.8	0.0	0.482
6649	4.0	0.0	0.334
6650	4.2	0.0	0.180
6651	4.0	0.0	0.071
6652	4.1	0.0	0.051
6653	4.1	0.0	0.153
6654	4.0	0.0	0.385
6655	4.0	0.0	1.040
6656	3.9	0.0	1.113
6657	3.3	0.0	1.118
6658	2.8	0.0	1.171
6659	2.4	0.0	1.118
6660	2.0	0.0	1.083
6661	1.6	0.0	1.003
6662	1.2	0.0	0.881
6663	1.3	0.0	0.803
6664	1.3	0.0	0.750
6665	1.5	0.0	0.779
6666	1.8	0.0	0.967
6667	2.1	0.0	1.079
6668	2.2	0.0	1.334
6669	2.3	0.0	1.371
6670	2.6	0.0	1.278
6671	2.8	0.0	0.769
6672	2.7	0.0	0.482
6673	2.8	0.0	0.334
6674	3.2	0.0	0.180
6675	3.4	0.0	0.071
6676	3.7	0.0	0.051
6677	3.9	0.0	0.153
6678	4.1	0.0	0.385
6679	4.2	0.0	1.040
6680	4.2	0.0	1.113
6681	4.0	0.0	1.118
6682	3.5	0.0	1.171
6683	3.2	0.0	1.118
6684	3.1	0.0	1.083
6685	2.8	0.0	1.003
6686	2.3	0.0	0.881
6687	2.1	0.0	0.803
6688	2.4	0.0	0.750
6689	2.6	0.0	0.779
6690	3.0	0.0	0.967
6691	3.3	0.0	1.079
6692	3.7	0.0	1.334
6693	3.9	0.0	1.371
6694	4.1	0.0	1.278
6695	4.5	0.0	0.769
6696	4.6	0.0	0.482
6697	5.0	0.0	0.334
6698	5.2	0.0	0.180
6699	5.5	0.0	0.071
6700	5.4	0.0	0.051
6701	5.4	0.0	0.153
6702	5.6	0.0	0.385
6703	5.6	0.0	1.040
6704	5.6	0.0	1.113
6705	5.7	0.0	1.118
6706	5.1	0.0	1.171
6707	4.6	0.0	1.118
6708	4.3	0.0	1.083
6709	4.2	0.0	1.003
6710	4.0	0.0	0.881
6711	3.9	0.0	0.803
6712	3.9	0.0	0.750
6713	4.1	0.0	0.779
6714	4.2	0.0	0.967
6715	4.4	0.0	1.079
6716	4.4	0.0	1.334
6717	4.6	0.0	1.371
6718	4.9	0.0	1.278
6719	5.0	0.0	0.769
6720	5.1	0.0	0.482
6721	5.1	0.0	0.334
6722	5.1	0.0	0.180
6723	5.2	0.0	0.071
6724	5.1	0.0	0.051
6725	5.1	0.0	0.153
6726	5.2	0.0	0.385
6727	5.3	0.0	1.040
6728	5.4	0.0	1.113
6729	4.9	0.0	1.118
6730	4.4	0.0	1.171
6731	3.9	0.0	1.118
6732	3.4	0.0	1.083
6733	3.1	0.0	1.003
6734	2.9	0.0	0.881
6735	2.8	0.0	0.803
6736	3.2	0.0	0.750
6737	3.4	0.0	0.779
6738	3.7	0.0	0.967
6739	3.8	0.0	1.079
6740	4.1	0.0	1.334
6741	4.2	0.0	1.371
6742	4.5	0.0	1.278
6743	4.4	0.0	0.769
6744	4.6	0.0	0.482
6745	4.7	0.0	0.334
6746	4.7	0.0	0.180
6747	4.9	0.0	0.071
6748	5.0	0.0	0.051
6749	5.1	0.0	0.153
6750	5.1	0.0	0.385
6751	5.2	0.0	1.040
6752	5.1	0.0	1.113
6753	4.9	0.0	1.118
6754	4.6	0.0	1.171
6755	4.4	0.0	1.118
6756	3.9	0.0	1.083
6757	4.0	0.0	1.003
6758	3.8	0.0	0.881
6759	3.7	0.0	0.803
6760	3.7	0.0	0.750
6761	4.0	0.0	0.779
6762	4.2	0.0	0.967
6763	4.4	0.0	1.079
6764	4.9	0.0	1.334
6765	5.1	0.0	1.371
6766	5.2	0.0	1.278
6767	5.5	0.0	0.769
6768	5.5	0.0	0.482
6769	5.4	0.0	0.334
6770	5.7	0.0	0.180
6771	5.7	0.0	0.071
6772	5.5	0.0	0.051
6773	5.6	0.0	0.153
6774	5.6	0.0	0.385
6775	5.5	0.0	1.040
6776	5.5	0.0	1.113
6777	5.2	0.0	1.118
6778	4.9	0.0	1.171
6779	4.4	0.0	1.118
6780	4.1	0.0	1.083
6781	3.4	0.0	1.003
6782	3.1	0.0	0.881
6783	3.2	0.0	0.803
6784	3.2	0.0	0.750
6785	3.4	0.0	0.779
6786	3.7	0.0	0.967
6787	3.9	0.0	1.079
6788	4.1	0.0	1.334
6789	4.3	0.0	1.371
6790	4.4	0.0	1.278
6791	4.5	0.0	0.769
6792	4.8	0.0	0.482
6793	4.8	0.0	0.334
6794	4.7	0.0	0.180
6795	4.8	0.0	0.071
6796	4.7	0.0	0.051
6797	4.9	0.0	0.153
6798	4.8	0.0	0.385
6799	5.0	0.0	1.040
6800	5.1	0.0	1.113
6801	5.0	0.0	1.118
6802	4.6	0.0	1.171
6803	4.6	0.0	1.118
6804	4.3	0.0	1.083
6805	4.0	0.0	1.003
6806	3.8	0.0	0.881
6807	3.8	0.0	0.803
6808	3.6	0.0	0.750
6809	3.7	0.0	0.779
6810	3.7	0.0	0.967
6811	4.0	0.0	1.079
6812	4.0	0.0	1.334
6813	4.1	0.0	1.371
6814	4.0	0.0	1.278
6815	4.0	0.0	0.769
6816	4.0	0.0	0.482
6817	3.8	0.0	0.334
6818	3.5	0.0	0.180
6819	3.4	0.0	0.071
6820	3.6	0.0	0.051
6821	3.7	0.0	0.153
6822	3.6	0.0	0.385
6823	3.6	0.0	1.040
6824	3.4	0.0	1.113
6825	3.3	0.0	1.118
6826	3.3	0.0	1.171
6827	3.2	0.0	1.118
6828	3.0	0.0	1.083
6829	2.7	0.0	1.003
6830	2.4	0.0	0.881
6831	2.3	0.0	0.803
6832	2.2	0.0	0.750
6833	2.0	0.0	0.779
6834	2.2	0.0	0.967
6835	2.1	0.0	1.079
6836	2.2	0.0	1.334
6837	2.2	0.0	1.371
6838	2.1	0.0	1.278
6839	2.1	0.0	0.769
6840	2.1	0.0	0.482
6841	2.1	0.0	0.334
6842	2.4	0.0	0.180
6843	2.7	0.0	0.071
6844	2.7	0.0	0.051
6845	3.0	0.0	0.153
6846	3.1	0.0	0.385
6847	3.3	0.0	1.040
6848	3.3	0.0	1.113
6849	3.3	0.0	1.118
6850	3.1	0.0	1.171
6851	2.9	0.0	1.118
6852	2.5	0.0	1.083
6853	2.3	0.0	1.003
6854	2.1	0.0	0.881
6855	2.3	0.0	0.803
6856	2.4	0.0	0.750
6857	2.7	0.0	0.779
6858	3.0	0.0	0.967
6859	3.4	0.0	1.079
6860	4.0	0.0	1.334
6861	4.2	0.0	1.371
6862	4.5	0.0	1.278
6863	4.8	0.0	0.769
6864	5.2	0.0	0.482
6865	5.5	0.0	0.334
6866	5.6	0.0	0.180
6867	5.6	0.0	0.071
6868	5.4	0.0	0.051
6869	5.3	0.0	0.153
6870	5.3	0.0	0.385
6871	5.5	0.0	1.040
6872	5.4	0.0	1.113
6873	5.3	0.0	1.118
6874	4.9	0.0	1.171
6875	4.4	0.0	1.118
6876	3.9	0.0	1.083
6877	3.4	0.0	1.003
6878	3.2	0.0	0.881
6879	2.8	0.0	0.803
6880	2.6	0.0	0.750
6881	2.7	0.0	0.779
6882	3.0	0.0	0.967
6883	3.3	0.0	1.079
6884	3.8	0.0	1.334
6885	4.0	0.0	1.371
6886	4.3	0.0	1.278
6887	4.4	0.0	0.769
6888	4.5	0.0	0.482
6889	4.6	0.0	0.334
6890	4.8	0.0	0.180
6891	4.9	0.0	0.071
6892	5.0	0.0	0.051
6893	5.0	0.0	0.153
6894	4.9	0.0	0.385
6895	4.9	0.0	1.040
6896	4.6	0.0	1.113
6897	4.3	0.0	1.118
6898	3.9	0.0	1.171
6899	3.4	0.0	1.118
6900	3.1	0.0	1.083
6901	2.6	0.0	1.003
6902	2.3	0.0	0.881
6903	2.2	0.0	0.803
6904	2.2	0.0	0.750
6905	2.2	0.0	0.779
6906	2.2	0.0	0.967
6907	2.6	0.0	1.079
6908	2.8	0.0	1.334
6909	3.0	0.0	1.371
6910	2.9	0.0	1.278
6911	2.9	0.0	0.769
6912	3.1	0.0	0.482
6913	3.0	0.0	0.334
6914	2.9	0.0	0.180
6915	3.0	0.0	0.071
6916	3.0	0.0	0.051
6917	3.1	0.0	0.153
6918	3.0	0.0	0.385
6919	3.1	0.0	1.040
6920	3.1	0.0	1.113
6921	2.7	0.0	1.118
6922	2.2	0.0	1.171
6923	1.9	0.0	1.118
6924	1.5	0.0	1.083
6925	1.2	0.0	1.003
6926	1.0	0.0	0.881
6927	1.0	0.0	0.803
6928	1.1	0.0	0.750
6929	1.0	0.0	0.779
6930	1.3	0.0	0.967
6931	1.6	0.0	1.079
6932	1.8	0.0	1.334
6933	2.0	0.0	1.371
6934	2.0	0.0	1.278
6935	1.8	0.0	0.769
6936	2.1	0.0	0.482
6937	2.2	0.0	0.334
6938	2.3	0.0	0.180
6939	2.3	0.0	0.071
6940	2.2	0.0	0.051
6941	2.3	0.0	0.153
6942	2.3	0.0	0.385
6943	2.3	0.0	1.040
6944	2.6	0.0	1.113
6945	2.6	0.0	1.118
6946	2.3	0.0	1.171
6947	2.2	0.0	1.118
6948	2.1	0.0	1.083
6949	2.1	0.0	1.003
6950	2.0	0.0	0.881
6951	1.9	0.0	0.803
6952	1.9	0.0	0.750
6953	2.1	0.0	0.779
6954	2.2	0.0	0.967
6955	2.5	0.0	1.079
6956	2.7	0.0	1.334
6957	2.6	0.0	1.371
6958	2.7	0.0	1.278
6959	2.8	0.0	0.769
6960	2.9	0.0	0.482
6961	2.9	0.0	0.334
6962	2.9	0.0	0.180
6963	2.9	0.0	0.071
6964	3.0	0.0	0.051
6965	2.9	0.0	0.153
6966	3.0	0.0	0.385
6967	2.9	0.0	1.040
6968	3.0	0.0	1.113
6969	3.0	0.0	1.118
6970	2.8	0.0	1.171
6971	2.6	0.0	1.118
6972	2.6	0.0	1.083
6973	2.3	0.0	1.003
6974	2.3	0.0	0.881
6975	2.1	0.0	0.803
6976	2.4	0.0	0.750
6977	2.5	0.0	0.779
6978	2.8	0.0	0.967
6979	2.7	0.0	1.079
6980	3.0	0.0	1.334
6981	2.9	0.0	1.371
6982	3.1	0.0	1.278
6983	3.3	0.0	0.769
6984	3.7	0.0	0.482
6985	3.7	0.0	0.334
6986	3.8	0.0	0.180
6987	4.0	0.0	0.071
6988	4.1	0.0	0.051
6989	4.2	0.0	0.153
6990	4.3	0.0	0.385
6991	4.2	0.0	1.040
6992	4.2	0.0	1.113
6993	3.8	0.0	1.118
6994	3.4	0.0	1.171
6995	3.0	0.0	1.118
6996	2.7	0.0	1.083
6997	2.2	0.0	1.003
6998	2.1	0.0	0.881
6999	1.7	0.0	0.803
7000	1.7	0.0	0.750
7001	1.8	0.0	0.779
7002	2.2	0.0	0.967
7003	2.5	0.0	1.079
7004	2.5	0.0	1.334
7005	2.8	0.0	1.371
7006	3.0	0.0	1.278
7007	3.0	0.0	0.769
7008	3.3	0.0	0.482
7009	3.3	0.0	0.334
7010	3.3	0.0	0.180
7011	3.4	0.0	0.071
7012	3.6	0.0	0.051
7013	3.5	0.0	0.153
7014	3.5	0.0	0.385
7015	3.7	0.0	1.040
7016	3.5	0.0	1.113
7017	3.1	0.0	1.118
7018	2.7	0.0	1.171
7019	2.4	0.0	1.118
7020	1.8	0.0	1.083
7021	1.4	0.0	1.003
7022	1.1	0.0	0.881
7023	0.9	0.0	0.803
7024	0.8	0.0	0.750
7025	0.9	0.0	0.779
7026	1.1	0.0	0.967
7027	1.3	0.0	1.079
7028	1.5	0.0	1.334
7029	1.8	0.0	1.371
7030	2.0	0.0	1.278
7031	2.2	0.0	0.769
7032	2.2	0.0	0.482
7033	2.4	0.0	0.334
7034	2.1	0.0	0.180
7035	2.2	0.0	0.071
7036	2.2	0.0	0.051
7037	2.2	0.0	0.153
7038	2.1	0.0	0.385
7039	2.1	0.0	1.040
7040	2.1	0.0	1.113
7041	1.9	0.0	1.118
7042	1.9	0.0	1.171
7043	1.6	0.0	1.118
7044	1.6	0.0	1.083
7045	1.2	0.0	1.003
7046	1.0	0.0	0.881
7047	0.8	0.0	0.803
7048	0.8	0.0	0.750
7049	0.7	0.0	0.779
7050	0.8	0.0	0.967
7051	1.1	0.0	1.079
7052	1.1	0.0	1.334
7053	1.2	0.0	1.371
7054	1.3	0.0	1.278
7055	1.4	0.0	0.769
7056	1.2	0.0	0.482
7057	0.0	0.0	0.334
7058	0.0	0.0	0.180
7059	0.0	0.0	0.071
7060	0.0	0.0	0.051
7061	0.0	0.0	0.153
7062	0.0	0.0	0.385
7063	0.0	0.0	1.040
7064	0.0	0.0	1.113
7065	0.0	0.0	1.118
7066	0.0	0.0	1.171
7067	0.0	0.0	1.118
7068	0.0	0.0	1.083
7069	0.0	0.0	1.003
7070	0.0	0.0	0.881
7071	0.0	0.0	0.803
7072	0.0	0.0	0.750
7073	0.0	0.0	0.779
7074	0.0	0.0	0.967
7075	0.0	0.0	1.079
7076	0.0	0.0	1.334
7077	0.0	0.0	1.371
7078	0.0	0.0	1.278
7079	0.0	0.0	0.769
7080	0.0	0.0	0.482
7081	1.6	0.0	0.334
7082	1.7	0.0	0.180
7083	1.9	0.0	0.071
7084	2.1	0.0	0.051
7085	2.0	0.0	0.153
7086	2.2	0.0	0.385
7087	2.3	0.0	1.040
7088	2.2	0.0	1.113
7089	2.1	0.0	1.118
7090	1.8	0.0	1.171
7091	1.5	0.0	1.118
7092	1.5	0.0	1.083
7093	1.3	0.0	1.003
7094	1.1	0.0	0.881
7095	1.1	0.0	0.803
7096	1.1	0.0	0.750
7097	1.5	0.0	0.779
7098	2.0	0.0	0.967
7099	2.2	0.0	1.079
7100	2.5	0.0	1.334
7101	2.7	0.0	1.371
7102	3.0	0.0	1.278
7103	3.3	0.0	0.769
7104	3.7	0.0	0.482
7105	3.8	0.0	0.334
7106	3.7	0.0	0.180
7107	3.7	0.0	0.071
7108	3.6	0.0	0.051
7109	3.6	0.0	0.153
7110	3.7	0.0	0.385
7111	3.6	0.0	1.040
7112	3.5	0.0	1.113
7113	3.1	0.0	1.118
7114	2.8	0.0	1.171
7115	2.4	0.0	1.118
7116	2.2	0.0	1.083
7117	2.0	0.0	1.003
7118	1.6	0.0	0.881
7119	1.5	0.0	0.803
7120	1.6	0.0	0.750
7121	1.6	0.0	0.779
7122	1.5	0.0	0.967
7123	1.9	0.0	1.079
7124	2.0	0.0	1.334
7125	2.0	0.0	1.371
7126	2.2	0.0	1.278
7127	2.3	0.0	0.769
7128	2.2	0.0	0.482
7129	2.2	0.0	0.334
7130	2.5	0.0	0.180
7131	2.5	0.0	0.071
7132	2.8	0.0	0.051
7133	3.2	0.0	0.153
7134	3.4	0.0	0.385
7135	3.5	0.0	1.040
7136	3.5	0.0	1.113
7137	3.3	0.0	1.118
7138	3.1	0.0	1.171
7139	2.6	0.0	1.118
7140	2.3	0.0	1.083
7141	1.9	0.0	1.003
7142	1.8	0.0	0.881
7143	1.8	0.0	0.803
7144	1.6	0.0	0.750
7145	2.1	0.0	0.779
7146	2.5	0.0	0.967
7147	3.0	0.0	1.079
7148	3.4	0.0	1.334
7149	3.7	0.0	1.371
7150	4.1	0.0	1.278
7151	4.3	0.0	0.769
7152	4.3	0.0	0.482
7153	4.7	0.0	0.334
7154	4.5	0.0	0.180
7155	4.7	0.0	0.071
7156	4.6	0.0	0.051
7157	4.5	0.0	0.153
7158	4.4	0.0	0.385
7159	4.3	0.0	1.040
7160	4.4	0.0	1.113
7161	4.0	0.0	1.118
7162	3.7	0.0	1.171
7163	3.5	0.0	1.118
7164	3.0	0.0	1.083
7165	3.1	0.0	1.003
7166	3.0	0.0	0.881
7167	3.0	0.0	0.803
7168	2.9	0.0	0.750
7169	2.8	0.0	0.779
7170	3.2	0.0	0.967
7171	3.2	0.0	1.079
7172	2.9	0.0	1.334
7173	3.0	0.0	1.371
7174	3.2	0.0	1.278
7175	3.4	0.0	0.769
7176	3.4	0.0	0.482
7177	3.4	0.0	0.334
7178	3.4	0.0	0.180
7179	3.4	0.0	0.071
7180	3.4	0.0	0.051
7181	3.7	0.0	0.153
7182	3.8	0.0	0.385
7183	3.8	0.0	1.040
7184	3.7	0.0	1.113
7185	3.8	0.0	1.118
7186	3.6	0.0	1.171
7187	3.5	0.0	1.118
7188	3.4	0.0	1.083
7189	3.2	0.0	1.003
7190	3.2	0.0	0.881
7191	3.1	0.0	0.803
7192	3.1	0.0	0.750
7193	3.4	0.0	0.779
7194	3.5	0.0	0.967
7195	3.6	0.0	1.079
7196	3.7	0.0	1.334
7197	3.9	0.0	1.371
7198	3.9	0.0	1.278
7199	3.8	0.0	0.769
7200	3.8	0.0	0.482
7201	3.7	0.0	0.334
7202	3.8	0.0	0.180
7203	3.8	0.0	0.071
7204	4.1	0.0	0.051
7205	4.1	0.0	0.153
7206	4.0	0.0	0.385
7207	4.1	0.0	1.040
7208	4.2	0.0	1.113
7209	4.2	0.0	1.118
7210	3.8	0.0	1.171
7211	3.6	0.0	1.118
7212	3.4	0.0	1.083
7213	3.2	0.0	1.003
7214	3.0	0.0	0.881
7215	3.0	0.0	0.803
7216	3.1	0.0	0.750
7217	3.2	0.0	0.779
7218	3.3	0.0	0.967
7219	3.8	0.0	1.079
7220	4.0	0.0	1.334
7221	4.2	0.0	1.371
7222	4.3	0.0	1.278
7223	4.2	0.0	0.769
7224	4.4	0.0	0.482
7225	4.5	0.0	0.334
7226	4.8	0.0	0.180
7227	4.6	0.0	0.071
7228	5.0	0.0	0.051
7229	5.0	0.0	0.153
7230	5.1	0.0	0.385
7231	5.1	0.0	1.040
7232	5.2	0.0	1.113
7233	5.0	0.0	1.118
7234	4.4	0.0	1.171
7235	3.9	0.0	1.118
7236	3.4	0.0	1.083
7237	3.1	0.0	1.003
7238	2.6	0.0	0.881
7239	2.6	0.0	0.803
7240	2.8	0.0	0.750
7241	3.2	0.0	0.779
7242	3.6	0.0	0.967
7243	4.1	0.0	1.079
7244	4.4	0.0	1.334
7245	4.6	0.0	1.371
7246	5.1	0.0	1.278
7247	5.3	0.0	0.769
7248	5.7	0.0	0.482
7249	6.0	0.0	0.334
7250	6.2	0.0	0.180
7251	6.3	0.0	0.071
7252	6.2	0.0	0.051
7253	6.2	0.0	0.153
7254	6.2	0.0	0.385
7255	6.3	0.0	1.040
7256	6.2	0.0	1.113
7257	6.0	0.0	1.118
7258	5.6	0.0	1.171
7259	5.1	0.0	1.118
7260	4.5	0.0	1.083
7261	4.1	0.0	1.003
7262	3.8	0.0	0.881
7263	3.6	0.0	0.803
7264	3.4	0.0	0.750
7265	3.6	0.0	0.779
7266	4.3	0.0	0.967
7267	4.7	0.0	1.079
7268	5.0	0.0	1.334
7269	5.2	0.0	1.371
7270	5.3	0.0	1.278
7271	5.6	0.0	0.769
7272	5.9	0.0	0.482
7273	5.9	0.0	0.334
7274	5.9	0.0	0.180
7275	5.8	0.0	0.071
7276	5.8	0.0	0.051
7277	5.8	0.0	0.153
7278	6.0	0.0	0.385
7279	6.1	0.0	1.040
7280	5.9	0.0	1.113
7281	5.5	0.0	1.118
7282	5.3	0.0	1.171
7283	4.7	0.0	1.118
7284	4.1	0.0	1.083
7285	3.6	0.0	1.003
7286	3.3	0.0	0.881
7287	3.1	0.0	0.803
7288	3.2	0.0	0.750
7289	3.2	0.0	0.779
7290	3.6	0.0	0.967
7291	4.0	0.0	1.079
7292	4.3	0.0	1.334
7293	4.6	0.0	1.371
7294	4.8	0.0	1.278
7295	5.2	0.0	0.769
7296	5.4	0.0	0.482
7297	9.8	0.0	0.334
7298	9.9	0.0	0.180
7299	10.3	0.0	0.071
7300	10.4	0.0	0.051
7301	10.3	0.0	0.153
7302	10.3	0.0	0.385
7303	10.2	0.0	1.040
7304	10.4	0.0	1.113
7305	10.1	0.0	1.118
7306	9.6	0.0	1.171
7307	8.5	0.0	1.118
7308	8.6	0.0	1.083
7309	8.0	0.0	1.003
7310	8.1	0.0	0.881
7311	7.9	0.0	0.803
7312	8.4	0.0	0.750
7313	8.8	0.0	0.779
7314	9.1	0.0	0.967
7315	9.3	0.0	1.079
7316	9.2	0.0	1.334
7317	9.6	0.0	1.371
7318	9.4	0.0	1.278
7319	9.4	0.0	0.769
7320	9.8	0.0	0.482
7321	10.1	0.0	0.334
7322	10.3	0.0	0.180
7323	10.0	0.0	0.071
7324	9.5	0.0	0.051
7325	9.4	0.0	0.153
7326	9.1	0.0	0.385
7327	9.2	0.0	1.040
7328	9.2	0.0	1.113
7329	8.5	0.0	1.118
7330	8.1	0.0	1.171
7331	7.3	0.0	1.118
7332	6.7	0.0	1.083
7333	6.2	0.0	1.003
7334	5.8	0.0	0.881
7335	5.3	0.0	0.803
7336	5.4	0.0	0.750
7337	5.7	0.0	0.779
7338	5.4	0.0	0.967
7339	5.7	0.0	1.079
7340	5.5	0.0	1.334
7341	5.5	0.0	1.371
7342	5.5	0.0	1.278
7343	5.4	0.0	0.769
7344	5.4	0.0	0.482
7345	5.1	0.0	0.334
7346	5.1	0.0	0.180
7347	5.1	0.0	0.071
7348	5.3	0.0	0.051
7349	6.0	0.0	0.153
7350	5.6	0.0	0.385
7351	5.4	0.0	1.040
7352	5.3	0.0	1.113
7353	4.9	0.0	1.118
7354	4.7	0.0	1.171
7355	4.1	0.0	1.118
7356	3.2	0.0	1.083
7357	2.9	0.0	1.003
7358	2.4	0.0	0.881
7359	2.6	0.0	0.803
7360	2.7	0.0	0.750
7361	3.0	0.0	0.779
7362	3.4	0.0	0.967
7363	3.4	0.0	1.079
7364	3.5	0.0	1.334
7365	3.5	0.0	1.371
7366	4.1	0.0	1.278
7367	4.3	0.0	0.769
7368	4.8	0.0	0.482
7369	5.0	0.0	0.334
7370	4.8	0.0	0.180
7371	4.9	0.0	0.071
7372	4.7	0.0	0.051
7373	4.7	0.0	0.153
7374	5.1	0.0	0.385
7375	4.9	0.0	1.040
7376	5.0	0.0	1.113
7377	5.4	0.0	1.118
7378	5.6	0.0	1.171
7379	5.4	0.0	1.118
7380	5.2	0.0	1.083
7381	5.0	0.0	1.003
7382	4.7	0.0	0.881
7383	4.6	0.0	0.803
7384	4.8	0.0	0.750
7385	5.0	0.0	0.779
7386	5.4	0.0	0.967
7387	5.7	0.0	1.079
7388	5.8	0.0	1.334
7389	5.9	0.0	1.371
7390	6.1	0.0	1.278
7391	6.2	0.0	0.769
7392	6.0	0.0	0.482
7393	5.9	0.0	0.334
7394	6.1	0.0	0.180
7395	6.1	0.0	0.071
7396	6.2	0.0	0.051
7397	6.7	0.0	0.153
7398	6.9	0.0	0.385
7399	7.2	0.0	1.040
7400	7.6	0.0	1.113
7401	7.6	0.0	1.118
7402	7.3	0.0	1.171
7403	6.7	0.0	1.118
7404	6.0	0.0	1.083
7405	5.6	0.0	1.003
7406	5.0	0.0	0.881
7407	4.9	0.0	0.803
7408	5.4	0.0	0.750
7409	5.9	0.0	0.779
7410	6.2	0.0	0.967
7411	6.3	0.0	1.079
7412	6.7	0.0	1.334
7413	6.5	0.0	1.371
7414	6.6	0.0	1.278
7415	6.6	0.0	0.769
7416	7.1	0.0	0.482
7417	6.7	0.0	0.334
7418	6.7	0.0	0.180
7419	7.1	0.0	0.071
7420	7.7	0.0	0.051
7421	7.9	0.0	0.153
7422	8.0	0.0	0.385
7423	8.0	0.0	1.040
7424	8.0	0.0	1.113
7425	7.9	0.0	1.118
7426	7.6	0.0	1.171
7427	7.2	0.0	1.118
7428	6.7	0.0	1.083
7429	6.7	0.0	1.003
7430	6.3	0.0	0.881
7431	6.6	0.0	0.803
7432	6.9	0.0	0.750
7433	7.0	0.0	0.779
7434	7.0	0.0	0.967
7435	7.4	0.0	1.079
7436	7.4	0.0	1.334
7437	7.5	0.0	1.371
7438	7.8	0.0	1.278
7439	7.9	0.0	0.769
7440	8.0	0.0	0.482
7441	8.3	0.0	0.334
7442	8.4	0.0	0.180
7443	8.7	0.0	0.071
7444	8.3	0.0	0.051
7445	8.0	0.0	0.153
7446	8.3	0.0	0.385
7447	8.5	0.0	1.040
7448	8.1	0.0	1.113
7449	8.0	0.0	1.118
7450	7.6	0.0	1.171
7451	6.8	0.0	1.118
7452	6.5	0.0	1.083
7453	5.6	0.0	1.003
7454	5.2	0.0	0.881
7455	5.4	0.0	0.803
7456	5.3	0.0	0.750
7457	6.0	0.0	0.779
7458	6.3	0.0	0.967
7459	6.5	0.0	1.079
7460	6.3	0.0	1.334
7461	6.3	0.0	1.371
7462	6.3	0.0	1.278
7463	6.4	0.0	0.769
7464	6.8	0.0	0.482
7465	6.7	0.0	0.334
7466	7.1	0.0	0.180
7467	7.2	0.0	0.071
7468	7.0	0.0	0.051
7469	7.1	0.0	0.153
7470	7.4	0.0	0.385
7471	7.9	0.0	1.040
7472	8.2	0.0	1.113
7473	7.9	0.0	1.118
7474	7.3	0.0	1.171
7475	6.8	0.0	1.118
7476	6.4	0.0	1.083
7477	5.8	0.0	1.003
7478	5.7	0.0	0.881
7479	5.6	0.0	0.803
7480	6.4	0.0	0.750
7481	6.4	0.0	0.779
7482	7.1	0.0	0.967
7483	7.1	0.0	1.079
7484	7.2	0.0	1.334
7485	7.5	0.0	1.371
7486	7.5	0.0	1.278
7487	7.6	0.0	0.769
7488	7.9	0.0	0.482
7489	8.2	0.0	0.334
7490	8.3	0.0	0.180
7491	8.2	0.0	0.071
7492	8.2	0.0	0.051
7493	8.3	0.0	0.153
7494	7.9	0.0	0.385
7495	7.1	0.0	1.040
7496	6.8	0.0	1.113
7497	6.1	0.0	1.118
7498	5.9	0.0	1.171
7499	5.3	0.0	1.118
7500	4.5	0.0	1.083
7501	4.0	0.0	1.003
7502	3.2	0.0	0.881
7503	3.1	0.0	0.803
7504	3.4	0.0	0.750
7505	3.5	0.0	0.779
7506	4.1	0.0	0.967
7507	4.3	0.0	1.079
7508	4.5	0.0	1.334
7509	4.1	0.0	1.371
7510	4.2	0.0	1.278
7511	4.4	0.0	0.769
7512	4.5	0.0	0.482
7513	4.3	0.0	0.334
7514	4.3	0.0	0.180
7515	4.9	0.0	0.071
7516	4.8	0.0	0.051
7517	4.6	0.0	0.153
7518	5.2	0.0	0.385
7519	5.6	0.0	1.040
7520	5.5	0.0	1.113
7521	5.1	0.0	1.118
7522	4.9	0.0	1.171
7523	4.3	0.0	1.118
7524	3.5	0.0	1.083
7525	2.7	0.0	1.003
7526	2.6	0.0	0.881
7527	2.3	0.0	0.803
7528	2.1	0.0	0.750
7529	2.6	0.0	0.779
7530	2.9	0.0	0.967
7531	2.9	0.0	1.079
7532	3.4	0.0	1.334
7533	3.7	0.0	1.371
7534	3.9	0.0	1.278
7535	4.2	0.0	0.769
7536	4.4	0.0	0.482
7537	4.8	0.0	0.334
7538	5.0	0.0	0.180
7539	5.6	0.0	0.071
7540	5.6	0.0	0.051
7541	5.7	0.0	0.153
7542	6.0	0.0	0.385
7543	5.7	0.0	1.040
7544	5.9	0.0	1.113
7545	5.9	0.0	1.118
7546	5.5	0.0	1.171
7547	5.3	0.0	1.118
7548	5.0	0.0	1.083
7549	4.5	0.0	1.003
7550	4.1	0.0	0.881
7551	3.7	0.0	0.803
7552	3.8	0.0	0.750
7553	4.2	0.0	0.779
7554	4.5	0.0	0.967
7555	5.0	0.0	1.079
7556	5.2	0.0	1.334
7557	5.5	0.0	1.371
7558	5.6	0.0	1.278
7559	5.6	0.0	0.769
7560	5.8	0.0	0.482
7561	5.6	0.0	0.334
7562	6.1	0.0	0.180
7563	6.2	0.0	0.071
7564	6.3	0.0	0.051
7565	6.0	0.0	0.153
7566	6.1	0.0	0.385
7567	6.1	0.0	1.040
7568	6.2	0.0	1.113
7569	6.6	0.0	1.118
7570	6.2	0.0	1.171
7571	5.7	0.0	1.118
7572	5.4	0.0	1.083
7573	5.0	0.0	1.003
7574	4.9	0.0	0.881
7575	4.8	0.0	0.803
7576	4.9	0.0	0.750
7577	4.4	0.0	0.779
7578	4.9	0.0	0.967
7579	5.3	0.0	1.079
7580	5.2	0.0	1.334
7581	5.2	0.0	1.371
7582	5.1	0.0	1.278
7583	4.9	0.0	0.769
7584	5.3	0.0	0.482
7585	5.5	0.0	0.334
7586	5.8	0.0	0.180
7587	5.9	0.0	0.071
7588	6.5	0.0	0.051
7589	6.5	0.0	0.153
7590	6.4	0.0	0.385
7591	6.7	0.0	1.040
7592	7.1	0.0	1.113
7593	7.1	0.0	1.118
7594	7.0	0.0	1.171
7595	6.5	0.0	1.118
7596	6.6	0.0	1.083
7597	6.5	0.0	1.003
7598	6.7	0.0	0.881
7599	7.0	0.0	0.803
7600	7.5	0.0	0.750
7601	7.9	0.0	0.779
7602	8.4	0.0	0.967
7603	8.9	0.0	1.079
7604	9.0	0.0	1.334
7605	9.0	0.0	1.371
7606	9.1	0.0	1.278
7607	9.6	0.0	0.769
7608	9.9	0.0	0.482
7609	9.7	0.0	0.334
7610	9.7	0.0	0.180
7611	9.6	0.0	0.071
7612	9.6	0.0	0.051
7613	9.8	0.0	0.153
7614	9.8	0.0	0.385
7615	9.9	0.0	1.040
7616	10.1	0.0	1.113
7617	10.5	0.0	1.118
7618	10.6	0.0	1.171
7619	10.7	0.0	1.118
7620	10.3	0.0	1.083
7621	10.1	0.0	1.003
7622	10.1	0.0	0.881
7623	9.8	0.0	0.803
7624	10.1	0.0	0.750
7625	10.4	0.0	0.779
7626	10.9	0.0	0.967
7627	11.6	0.0	1.079
7628	11.9	0.0	1.334
7629	11.9	0.0	1.371
7630	12.1	0.0	1.278
7631	12.4	0.0	0.769
7632	12.8	0.0	0.482
7633	12.9	0.0	0.334
7634	12.6	0.0	0.180
7635	12.9	0.0	0.071
7636	13.1	0.0	0.051
7637	13.5	0.0	0.153
7638	13.4	0.0	0.385
7639	13.3	0.0	1.040
7640	13.3	0.0	1.113
7641	12.9	0.0	1.118
7642	12.6	0.0	1.171
7643	12.1	0.0	1.118
7644	11.5	0.0	1.083
7645	10.8	0.0	1.003
7646	10.2	0.0	0.881
7647	9.9	0.0	0.803
7648	9.8	0.0	0.750
7649	10.1	0.0	0.779
7650	10.7	0.0	0.967
7651	11.3	0.0	1.079
7652	11.6	0.0	1.334
7653	12.3	0.0	1.371
7654	12.6	0.0	1.278
7655	12.7	0.0	0.769
7656	12.5	0.0	0.482
7657	12.5	0.0	0.334
7658	12.8	0.0	0.180
7659	13.1	0.0	0.071
7660	13.1	0.0	0.051
7661	13.2	0.0	0.153
7662	13.4	0.0	0.385
7663	13.4	0.0	1.040
7664	13.6	0.0	1.113
7665	13.0	0.0	1.118
7666	12.3	0.0	1.171
7667	11.7	0.0	1.118
7668	10.8	0.0	1.083
7669	10.5	0.0	1.003
7670	10.0	0.0	0.881
7671	10.0	0.0	0.803
7672	9.7	0.0	0.750
7673	10.1	0.0	0.779
7674	11.0	0.0	0.967
7675	11.4	0.0	1.079
7676	12.0	0.0	1.334
7677	12.5	0.0	1.371
7678	12.8	0.0	1.278
7679	12.6	0.0	0.769
7680	13.1	0.0	0.482
7681	13.2	0.0	0.334
7682	13.3	0.0	0.180
7683	13.4	0.0	0.071
7684	13.1	0.0	0.051
7685	13.3	0.0	0.153
7686	13.6	0.0	0.385
7687	13.4	0.0	1.040
7688	13.3	0.0	1.113
7689	12.9	0.0	1.118
7690	12.5	0.0	1.171
7691	11.8	0.0	1.118
7692	11.2	0.0	1.083
7693	10.6	0.0	1.003
7694	10.3	0.0	0.881
7695	10.2	0.0	0.803
7696	9.6	0.0	0.750
7697	9.8	0.0	0.779
7698	10.5	0.0	0.967
7699	11.1	0.0	1.079
7700	11.2	0.0	1.334
7701	11.2	0.0	1.371
7702	11.5	0.0	1.278
7703	11.8	0.0	0.769
7704	12.3	0.0	0.482
7705	12.3	0.0	0.334
7706	12.3	0.0	0.180
7707	12.1	0.0	0.071
7708	12.6	0.0	0.051
7709	12.7	0.0	0.153
7710	12.5	0.0	0.385
7711	12.3	0.0	1.040
7712	12.1	0.0	1.113
7713	11.8	0.0	1.118
7714	10.8	0.0	1.171
7715	10.2	0.0	1.118
7716	9.5	0.0	1.083
7717	8.9	0.0	1.003
7718	8.3	0.0	0.881
7719	7.9	0.0	0.803
7720	7.9	0.0	0.750
7721	7.8	0.0	0.779
7722	8.4	0.0	0.967
7723	8.5	0.0	1.079
7724	8.5	0.0	1.334
7725	8.6	0.0	1.371
7726	8.7	0.0	1.278
7727	9.1	0.0	0.769
7728	8.9	0.0	0.482
7729	8.7	0.0	0.334
7730	8.9	0.0	0.180
7731	9.6	0.0	0.071
7732	10.1	0.0	0.051
7733	10.0	0.0	0.153
7734	10.4	0.0	0.385
7735	10.2	0.0	1.040
7736	10.3	0.0	1.113
7737	9.9	0.0	1.118
7738	10.4	0.0	1.171
7739	10.5	0.0	1.118
7740	10.0	0.0	1.083
7741	9.6	0.0	1.003
7742	9.4	0.0	0.881
7743	9.4	0.0	0.803
7744	9.9	0.0	0.750
7745	10.1	0.0	0.779
7746	10.5	0.0	0.967
7747	11.1	0.0	1.079
7748	11.3	0.0	1.334
7749	11.3	0.0	1.371
7750	11.9	0.0	1.278
7751	12.0	0.0	0.769
7752	12.8	0.0	0.482
7753	13.0	0.0	0.334
7754	13.0	0.0	0.180
7755	13.0	0.0	0.071
7756	12.6	0.0	0.051
7757	12.7	0.0	0.153
7758	12.6	0.0	0.385
7759	12.6	0.0	1.040
7760	12.7	0.0	1.113
7761	12.7	0.0	1.118
7762	12.6	0.0	1.171
7763	11.9	0.0	1.118
7764	11.2	0.0	1.083
7765	10.7	0.0	1.003
7766	10.0	0.0	0.881
7767	9.6	0.0	0.803
7768	9.7	0.0	0.750
7769	10.0	0.0	0.779
7770	10.7	0.0	0.967
7771	11.3	0.0	1.079
7772	11.7	0.0	1.334
7773	11.9	0.0	1.371
7774	11.9	0.0	1.278
7775	12.2	0.0	0.769
7776	11.7	0.0	0.482
7777	12.0	0.0	0.334
7778	12.5	0.0	0.180
7779	12.5	0.0	0.071
7780	12.3	0.0	0.051
7781	12.6	0.0	0.153
7782	12.4	0.0	0.385
7783	12.7	0.0	1.040
7784	12.8	0.0	1.113
7785	12.4	0.0	1.118
7786	11.6	0.0	1.171
7787	11.0	0.0	1.118
7788	10.1	0.0	1.083
7789	9.1	0.0	1.003
7790	8.5	0.0	0.881
7791	8.8	0.0	0.803
7792	8.5	0.0	0.750
7793	9.0	0.0	0.779
7794	9.5	0.0	0.967
7795	10.0	0.0	1.079
7796	10.2	0.0	1.334
7797	10.1	0.0	1.371
7798	10.4	0.0	1.278
7799	10.5	0.0	0.769
7800	10.5	0.0	0.482
7801	10.8	0.0	0.334
7802	10.8	0.0	0.180
7803	11.2	0.0	0.071
7804	11.5	0.0	0.051
7805	12.0	0.0	0.153
7806	12.1	0.0	0.385
7807	12.2	0.0	1.040
7808	12.1	0.0	1.113
7809	11.9	0.0	1.118
7810	11.3	0.0	1.171
7811	11.2	0.0	1.118
7812	10.4	0.0	1.083
7813	10.0	0.0	1.003
7814	9.8	0.0	0.881
7815	9.9	0.0	0.803
7816	9.7	0.0	0.750
7817	9.9	0.0	0.779
7818	10.2	0.0	0.967
7819	10.7	0.0	1.079
7820	11.1	0.0	1.334
7821	11.9	0.0	1.371
7822	12.4	0.0	1.278
7823	12.6	0.0	0.769
7824	13.1	0.0	0.482
7825	13.2	0.0	0.334
7826	12.9	0.0	0.180
7827	13.2	0.0	0.071
7828	13.5	0.0	0.051
7829	14.0	0.0	0.153
7830	14.3	0.0	0.385
7831	14.3	0.0	1.040
7832	14.5	0.0	1.113
7833	14.3	0.0	1.118
7834	13.9	0.0	1.171
7835	13.1	0.0	1.118
7836	12.7	0.0	1.083
7837	12.4	0.0	1.003
7838	11.8	0.0	0.881
7839	11.7	0.0	0.803
7840	11.7	0.0	0.750
7841	12.1	0.0	0.779
7842	12.1	0.0	0.967
7843	12.1	0.0	1.079
7844	12.0	0.0	1.334
7845	12.4	0.0	1.371
7846	12.5	0.0	1.278
7847	13.0	0.0	0.769
7848	13.6	0.0	0.482
7849	13.7	0.0	0.334
7850	13.5	0.0	0.180
7851	13.6	0.0	0.071
7852	13.7	0.0	0.051
7853	13.6	0.0	0.153
7854	13.5	0.0	0.385
7855	13.5	0.0	1.040
7856	13.2	0.0	1.113
7857	12.8	0.0	1.118
7858	12.4	0.0	1.171
7859	11.5	0.0	1.118
7860	11.0	0.0	1.083
7861	10.4	0.0	1.003
7862	10.1	0.0	0.881
7863	9.8	0.0	0.803
7864	9.4	0.0	0.750
7865	9.1	0.0	0.779
7866	8.8	0.0	0.967
7867	8.6	0.0	1.079
7868	8.7	0.0	1.334
7869	8.4	0.0	1.371
7870	8.5	0.0	1.278
7871	8.6	0.0	0.769
7872	8.8	0.0	0.482
7873	8.5	0.0	0.334
7874	8.8	0.0	0.180
7875	8.8	0.0	0.071
7876	8.6	0.0	0.051
7877	8.5	0.0	0.153
7878	8.6	0.0	0.385
7879	8.4	0.0	1.040
7880	8.2	0.0	1.113
7881	8.0	0.0	1.118
7882	7.7	0.0	1.171
7883	7.2	0.0	1.118
7884	6.4	0.0	1.083
7885	6.0	0.0	1.003
7886	5.4	0.0	0.881
7887	5.3	0.0	0.803
7888	5.1	0.0	0.750
7889	5.5	0.0	0.779
7890	6.1	0.0	0.967
7891	6.6	0.0	1.079
7892	6.5	0.0	1.334
7893	6.4	0.0	1.371
7894	6.7	0.0	1.278
7895	7.1	0.0	0.769
7896	7.0	0.0	0.482
7897	6.9	0.0	0.334
7898	7.3	0.0	0.180
7899	7.5	0.0	0.071
7900	7.5	0.0	0.051
7901	7.4	0.0	0.153
7902	7.2	0.0	0.385
7903	7.2	0.0	1.040
7904	6.6	0.0	1.113
7905	6.5	0.0	1.118
7906	5.9	0.0	1.171
7907	5.4	0.0	1.118
7908	5.2	0.0	1.083
7909	4.7	0.0	1.003
7910	4.4	0.0	0.881
7911	4.0	0.0	0.803
7912	4.1	0.0	0.750
7913	4.5	0.0	0.779
7914	4.8	0.0	0.967
7915	4.7	0.0	1.079
7916	4.8	0.0	1.334
7917	4.9	0.0	1.371
7918	4.7	0.0	1.278
7919	4.9	0.0	0.769
7920	5.0	0.0	0.482
7921	5.2	0.0	0.334
7922	5.4	0.0	0.180
7923	5.4	0.0	0.071
7924	5.9	0.0	0.051
7925	6.1	0.0	0.153
7926	6.1	0.0	0.385
7927	6.4	0.0	1.040
7928	6.6	0.0	1.113
7929	6.9	0.0	1.118
7930	6.8	0.0	1.171
7931	6.6	0.0	1.118
7932	6.3	0.0	1.083
7933	6.1	0.0	1.003
7934	6.2	0.0	0.881
7935	6.3	0.0	0.803
7936	6.6	0.0	0.750
7937	7.0	0.0	0.779
7938	7.3	0.0	0.967
7939	7.4	0.0	1.079
7940	8.1	0.0	1.334
7941	8.2	0.0	1.371
7942	8.4	0.0	1.278
7943	8.4	0.0	0.769
7944	8.4	0.0	0.482
7945	8.7	0.0	0.334
7946	8.6	0.0	0.180
7947	9.0	0.0	0.071
7948	9.3	0.0	0.051
7949	9.5	0.0	0.153
7950	9.5	0.0	0.385
7951	9.5	0.0	1.040
7952	9.3	0.0	1.113
7953	9.2	0.0	1.118
7954	9.2	0.0	1.171
7955	8.8	0.0	1.118
7956	8.2	0.0	1.083
7957	7.9	0.0	1.003
7958	8.0	0.0	0.881
7959	7.9	0.0	0.803
7960	7.8	0.0	0.750
7961	8.6	0.0	0.779
7962	8.8	0.0	0.967
7963	9.6	0.0	1.079
7964	9.7	0.0	1.334
7965	10.0	0.0	1.371
7966	10.3	0.0	1.278
7967	10.3	0.0	0.769
7968	10.3	0.0	0.482
7969	10.5	0.0	0.334
7970	10.6	0.0	0.180
7971	11.1	0.0	0.071
7972	11.3	0.0	0.051
7973	11.5	0.0	0.153
7974	11.1	0.0	0.385
7975	11.6	0.0	1.040
7976	12.1	0.0	1.113
7977	12.0	0.0	1.118
7978	11.8	0.0	1.171
7979	11.6	0.0	1.118
7980	11.2	0.0	1.083
7981	11.0	0.0	1.003
7982	10.8	0.0	0.881
7983	10.8	0.0	0.803
7984	10.6	0.0	0.750
7985	11.2	0.0	0.779
7986	11.9	0.0	0.967
7987	12.4	0.0	1.079
7988	12.6	0.0	1.334
7989	12.7	0.0	1.371
7990	13.0	0.0	1.278
7991	13.2	0.0	0.769
7992	13.2	0.0	0.482
7993	13.6	0.0	0.334
7994	13.7	0.0	0.180
7995	13.7	0.0	0.071
7996	13.8	0.0	0.051
7997	13.6	0.0	0.153
7998	13.3	0.0	0.385
7999	13.0	0.0	1.040
8000	12.8	0.0	1.113
8001	13.1	0.0	1.118
8002	12.8	0.0	1.171
8003	12.9	0.0	1.118
8004	12.1	0.0	1.083
8005	11.1	0.0	1.003
8006	10.7	0.0	0.881
8007	10.3	0.0	0.803
8008	10.2	0.0	0.750
8009	10.5	0.0	0.779
8010	10.7	0.0	0.967
8011	11.0	0.0	1.079
8012	11.2	0.0	1.334
8013	11.0	0.0	1.371
8014	11.4	0.0	1.278
8015	11.4	0.0	0.769
8016	11.3	0.0	0.482
8017	11.0	0.0	0.334
8018	11.2	0.0	0.180
8019	11.2	0.0	0.071
8020	11.3	0.0	0.051
8021	11.6	0.0	0.153
8022	11.7	0.0	0.385
8023	11.1	0.0	1.040
8024	10.9	0.0	1.113
8025	10.8	0.0	1.118
8026	10.0	0.0	1.171
8027	8.8	0.0	1.118
8028	8.2	0.0	1.083
8029	7.7	0.0	1.003
8030	6.8	0.0	0.881
8031	6.9	0.0	0.803
8032	7.2	0.0	0.750
8033	7.2	0.0	0.779
8034	7.8	0.0	0.967
8035	7.7	0.0	1.079
8036	7.9	0.0	1.334
8037	8.2	0.0	1.371
8038	8.1	0.0	1.278
8039	8.0	0.0	0.769
8040	7.9	0.0	0.482
8041	8.1	0.0	0.334
8042	8.3	0.0	0.180
8043	9.1	0.0	0.071
8044	9.3	0.0	0.051
8045	9.3	0.0	0.153
8046	9.4	0.0	0.385
8047	10.2	0.0	1.040
8048	10.2	0.0	1.113
8049	9.9	0.0	1.118
8050	9.8	0.0	1.171
8051	9.8	0.0	1.118
8052	9.0	0.0	1.083
8053	8.8	0.0	1.003
8054	8.2	0.0	0.881
8055	8.2	0.0	0.803
8056	8.6	0.0	0.750
8057	9.2	0.0	0.779
8058	9.6	0.0	0.967
8059	9.9	0.0	1.079
8060	10.5	0.0	1.334
8061	10.9	0.0	1.371
8062	11.2	0.0	1.278
8063	11.4	0.0	0.769
8064	11.5	0.0	0.482
8065	12.0	0.0	0.334
8066	12.5	0.0	0.180
8067	12.8	0.0	0.071
8068	12.7	0.0	0.051
8069	12.4	0.0	0.153
8070	12.6	0.0	0.385
8071	12.5	0.0	1.040
8072	12.7	0.0	1.113
8073	12.7	0.0	1.118
8074	12.6	0.0	1.171
8075	12.4	0.0	1.118
8076	12.3	0.0	1.083
8077	11.9	0.0	1.003
8078	11.9	0.0	0.881
8079	11.6	0.0	0.803
8080	11.8	0.0	0.750
8081	11.8	0.0	0.779
8082	12.2	0.0	0.967
8083	12.4	0.0	1.079
8084	13.2	0.0	1.334
8085	13.7	0.0	1.371
8086	13.8	0.0	1.278
8087	14.3	0.0	0.769
8088	14.5	0.0	0.482
8089	14.9	0.0	0.334
8090	14.7	0.0	0.180
8091	14.5	0.0	0.071
8092	14.4	0.0	0.051
8093	14.2	0.0	0.153
8094	13.6	0.0	0.385
8095	13.3	0.0	1.040
8096	13.3	0.0	1.113
8097	13.1	0.0	1.118
8098	12.4	0.0	1.171
8099	11.7	0.0	1.118
8100	11.6	0.0	1.083
8101	11.2	0.0	1.003
8102	10.7	0.0	0.881
8103	10.3	0.0	0.803
8104	10.5	0.0	0.750
8105	10.4	0.0	0.779
8106	10.4	0.0	0.967
8107	10.5	0.0	1.079
8108	10.4	0.0	1.334
8109	9.9	0.0	1.371
8110	9.9	0.0	1.278
8111	9.8	0.0	0.769
8112	10.1	0.0	0.482
8113	10.2	0.0	0.334
8114	10.7	0.0	0.180
8115	10.7	0.0	0.071
8116	10.8	0.0	0.051
8117	10.6	0.0	0.153
8118	10.7	0.0	0.385
8119	10.9	0.0	1.040
8120	11.5	0.0	1.113
8121	11.7	0.0	1.118
8122	11.9	0.0	1.171
8123	11.7	0.0	1.118
8124	11.8	0.0	1.083
8125	11.5	0.0	1.003
8126	11.7	0.0	0.881
8127	12.0	0.0	0.803
8128	12.3	0.0	0.750
8129	12.7	0.0	0.779
8130	13.6	0.0	0.967
8131	14.0	0.0	1.079
8132	14.7	0.0	1.334
8133	15.1	0.0	1.371
8134	15.2	0.0	1.278
8135	15.7	0.0	0.769
8136	16.0	0.0	0.482
8137	16.7	0.0	0.334
8138	16.3	0.0	0.180
8139	15.7	0.0	0.071
8140	15.4	0.0	0.051
8141	15.1	0.0	0.153
8142	15.1	0.0	0.385
8143	15.3	0.0	1.040
8144	15.2	0.0	1.113
8145	15.0	0.0	1.118
8146	14.6	0.0	1.171
8147	13.7	0.0	1.118
8148	13.2	0.0	1.083
8149	12.4	0.0	1.003
8150	11.9	0.0	0.881
8151	11.4	0.0	0.803
8152	11.6	0.0	0.750
8153	11.9	0.0	0.779
8154	12.1	0.0	0.967
8155	12.3	0.0	1.079
8156	12.4	0.0	1.334
8157	12.5	0.0	1.371
8158	12.5	0.0	1.278
8159	12.5	0.0	0.769
8160	12.5	0.0	0.482
8161	12.4	0.0	0.334
8162	12.6	0.0	0.180
8163	12.7	0.0	0.071
8164	12.8	0.0	0.051
8165	13.3	0.0	0.153
8166	13.1	0.0	0.385
8167	13.3	0.0	1.040
8168	13.5	0.0	1.113
8169	13.5	0.0	1.118
8170	13.7	0.0	1.171
8171	13.6	0.0	1.118
8172	13.2	0.0	1.083
8173	13.5	0.0	1.003
8174	13.5	0.0	0.881
8175	13.5	0.0	0.803
8176	13.5	0.0	0.750
8177	13.5	0.0	0.779
8178	13.7	0.0	0.967
8179	13.5	0.0	1.079
8180	13.8	0.0	1.334
8181	14.4	0.0	1.371
8182	15.3	0.0	1.278
8183	15.7	0.0	0.769
8184	15.9	0.0	0.482
8185	16.0	0.0	0.334
8186	15.6	0.0	0.180
8187	15.2	0.0	0.071
8188	14.5	0.0	0.051
8189	14.5	0.0	0.153
8190	14.4	0.0	0.385
8191	14.0	0.0	1.040
8192	14.1	0.0	1.113
8193	13.9	0.0	1.118
8194	13.7	0.0	1.171
8195	13.8	0.0	1.118
8196	13.1	0.0	1.083
8197	12.2	0.0	1.003
8198	11.2	0.0	0.881
8199	10.9	0.0	0.803
8200	10.5	0.0	0.750
8201	11.3	0.0	0.779
8202	11.4	0.0	0.967
8203	11.6	0.0	1.079
8204	11.6	0.0	1.334
8205	11.4	0.0	1.371
8206	12.0	0.0	1.278
8207	11.8	0.0	0.769
8208	12.3	0.0	0.482
8209	12.5	0.0	0.334
8210	12.8	0.0	0.180
8211	12.7	0.0	0.071
8212	13.3	0.0	0.051
8213	12.5	0.0	0.153
8214	12.5	0.0	0.385
8215	12.2	0.0	1.040
8216	12.8	0.0	1.113
8217	12.5	0.0	1.118
8218	11.7	0.0	1.171
8219	10.9	0.0	1.118
8220	10.2	0.0	1.083
8221	9.4	0.0	1.003
8222	8.6	0.0	0.881
8223	8.0	0.0	0.803
8224	8.0	0.0	0.750
8225	8.1	0.0	0.779
8226	8.0	0.0	0.967
8227	8.2	0.0	1.079
8228	8.1	0.0	1.334
8229	8.3	0.0	1.371
8230	8.0	0.0	1.278
8231	7.9	0.0	0.769
8232	8.5	0.0	0.482
8233	8.4	0.0	0.334
8234	8.4	0.0	0.180
8235	8.5	0.0	0.071
8236	8.6	0.0	0.051
8237	9.0	0.0	0.153
8238	8.6	0.0	0.385
8239	8.9	0.0	1.040
8240	8.6	0.0	1.113
8241	9.1	0.0	1.118
8242	8.5	0.0	1.171
8243	8.4	0.0	1.118
8244	8.0	0.0	1.083
8245	7.9	0.0	1.003
8246	7.8	0.0	0.881
8247	8.1	0.0	0.803
8248	7.6	0.0	0.750
8249	8.2	0.0	0.779
8250	8.8	0.0	0.967
8251	9.2	0.0	1.079
8252	9.8	0.0	1.334
8253	10.1	0.0	1.371
8254	10.5	0.0	1.278
8255	11.2	0.0	0.769
8256	11.5	0.0	0.482
8257	12.2	0.0	0.334
8258	11.6	0.0	0.180
8259	11.6	0.0	0.071
8260	11.4	0.0	0.051
8261	11.4	0.0	0.153
8262	11.9	0.0	0.385
8263	11.5	0.0	1.040
8264	11.4	0.0	1.113
8265	11.4	0.0	1.118
8266	11.3	0.0	1.171
8267	11.0	0.0	1.118
8268	11.0	0.0	1.083
8269	11.0	0.0	1.003
8270	11.2	0.0	0.881
8271	11.2	0.0	0.803
8272	10.8	0.0	0.750
8273	10.7	0.0	0.779
8274	10.7	0.0	0.967
8275	10.8	0.0	1.079
8276	10.9	0.0	1.334
8277	11.0	0.0	1.371
8278	11.9	0.0	1.278
8279	12.0	0.0	0.769
8280	12.2	0.0	0.482
8281	12.2	0.0	0.334
8282	12.2	0.0	0.180
8283	12.2	0.0	0.071
8284	12.4	0.0	0.051
8285	12.7	0.0	0.153
8286	13.3	0.0	0.385
8287	13.4	0.0	1.040
8288	13.5	0.0	1.113
8289	13.7	0.0	1.118
8290	13.8	0.0	1.171
8291	14.1	0.0	1.118
8292	14.6	0.0	1.083
8293	14.5	0.0	1.003
8294	14.7	0.0	0.881
8295	14.4	0.0	0.803
8296	14.4	0.0	0.750
8297	14.7	0.0	0.779
8298	15.4	0.0	0.967
8299	15.4	0.0	1.079
8300	15.3	0.0	1.334
8301	15.1	0.0	1.371
8302	15.6	0.0	1.278
8303	16.0	0.0	0.769
8304	16.1	0.0	0.482
8305	16.8	0.0	0.334
8306	16.9	0.0	0.180
8307	16.6	0.0	0.071
8308	16.1	0.0	0.051
8309	16.0	0.0	0.153
8310	15.7	0.0	0.385
8311	15.5	0.0	1.040
8312	15.6	0.0	1.113
8313	15.7	0.0	1.118
8314	15.7	0.0	1.171
8315	15.2	0.0	1.118
8316	14.9	0.0	1.083
8317	14.6	0.0	1.003
8318	14.7	0.0	0.881
8319	14.7	0.0	0.803
8320	14.5	0.0	0.750
8321	14.9	0.0	0.779
8322	15.9	0.0	0.967
8323	15.9	0.0	1.079
8324	16.3	0.0	1.334
8325	16.0	0.0	1.371
8326	15.8	0.0	1.278
8327	16.5	0.0	0.769
8328	17.2	0.0	0.482
8329	17.4	0.0	0.334
8330	17.7	0.0	0.180
8331	17.5	0.0	0.071
8332	17.7	0.0	0.051
8333	17.9	0.0	0.153
8334	17.8	0.0	0.385
8335	17.6	0.0	1.040
8336	17.1	0.0	1.113
8337	17.2	0.0	1.118
8338	17.0	0.0	1.171
8339	16.6	0.0	1.118
8340	16.3	0.0	1.083
8341	15.8	0.0	1.003
8342	15.6	0.0	0.881
8343	15.3	0.0	0.803
8344	15.3	0.0	0.750
8345	15.3	0.0	0.779
8346	15.5	0.0	0.967
8347	15.4	0.0	1.079
8348	15.6	0.0	1.334
8349	16.1	0.0	1.371
8350	16.0	0.0	1.278
8351	16.1	0.0	0.769
8352	16.5	0.0	0.482
8353	16.8	0.0	0.334
8354	16.9	0.0	0.180
8355	17.3	0.0	0.071
8356	17.7	0.0	0.051
8357	17.6	0.0	0.153
8358	17.2	0.0	0.385
8359	17.3	0.0	1.040
8360	17.4	0.0	1.113
8361	17.4	0.0	1.118
8362	17.5	0.0	1.171
8363	16.6	0.0	1.118
8364	16.1	0.0	1.083
8365	15.9	0.0	1.003
8366	15.9	0.0	0.881
8367	16.0	0.0	0.803
8368	16.1	0.0	0.750
8369	16.1	0.0	0.779
8370	16.2	0.0	0.967
8371	16.0	0.0	1.079
8372	15.2	0.0	1.334
8373	15.5	0.0	1.371
8374	15.6	0.0	1.278
8375	15.7	0.0	0.769
8376	16.0	0.0	0.482
8377	16.6	0.0	0.334
8378	16.1	0.0	0.180
8379	15.9	0.0	0.071
8380	16.2	0.0	0.051
8381	16.4	0.0	0.153
8382	16.4	0.0	0.385
8383	15.8	0.0	1.040
8384	15.6	0.0	1.113
8385	15.3	0.0	1.118
8386	14.6	0.0	1.171
8387	14.7	0.0	1.118
8388	14.1	0.0	1.083
8389	13.5	0.0	1.003
8390	13.0	0.0	0.881
8391	12.6	0.0	0.803
8392	12.8	0.0	0.750
8393	12.9	0.0	0.779
8394	13.1	0.0	0.967
8395	12.8	0.0	1.079
8396	13.1	0.0	1.334
8397	13.3	0.0	1.371
8398	13.1	0.0	1.278
8399	13.8	0.0	0.769
8400	14.0	0.0	0.482
8401	14.2	0.0	0.334
8402	13.9	0.0	0.180
8403	13.6	0.0	0.071
8404	13.7	0.0	0.051
8405	14.0	0.0	0.153
8406	14.0	0.0	0.385
8407	14.4	0.0	1.040
8408	14.3	0.0	1.113
8409	14.4	0.0	1.118
8410	14.2	0.0	1.171
8411	14.2	0.0	1.118
8412	13.8	0.0	1.083
8413	14.0	0.0	1.003
8414	13.9	0.0	0.881
8415	14.2	0.0	0.803
8416	13.8	0.0	0.750
8417	14.2	0.0	0.779
8418	14.6	0.0	0.967
8419	14.7	0.0	1.079
8420	14.5	0.0	1.334
8421	14.4	0.0	1.371
8422	14.5	0.0	1.278
8423	14.7	0.0	0.769
8424	14.7	0.0	0.482
8425	14.5	0.0	0.334
8426	14.0	0.0	0.180
8427	14.2	0.0	0.071
8428	14.6	0.0	0.051
8429	14.5	0.0	0.153
8430	14.5	0.0	0.385
8431	14.6	0.0	1.040
8432	14.7	0.0	1.113
8433	14.4	0.0	1.118
8434	14.0	0.0	1.171
8435	13.7	0.0	1.118
8436	13.6	0.0	1.083
8437	13.3	0.0	1.003
8438	13.4	0.0	0.881
8439	13.5	0.0	0.803
8440	13.6	0.0	0.750
8441	13.9	0.0	0.779
8442	13.7	0.0	0.967
8443	13.8	0.0	1.079
8444	14.0	0.0	1.334
8445	13.8	0.0	1.371
8446	13.5	0.0	1.278
8447	13.4	0.0	0.769
8448	13.0	0.0	0.482
8449	12.6	0.0	0.334
8450	12.6	0.0	0.180
8451	12.7	0.0	0.071
8452	12.4	0.0	0.051
8453	13.2	0.0	0.153
8454	13.6	0.0	0.385
8455	13.9	0.0	1.040
8456	14.1	0.0	1.113
8457	14.3	0.0	1.118
8458	14.4	0.0	1.171
8459	14.4	0.0	1.118
8460	14.0	0.0	1.083
8461	14.4	0.0	1.003
8462	14.5	0.0	0.881
8463	14.8	0.0	0.803
8464	14.9	0.0	0.750
8465	14.8	0.0	0.779
8466	15.4	0.0	0.967
8467	15.3	0.0	1.079
8468	15.2	0.0	1.334
8469	15.6	0.0	1.371
8470	15.9	0.0	1.278
8471	15.9	0.0	0.769
8472	16.3	0.0	0.482
8473	16.4	0.0	0.334
8474	16.7	0.0	0.180
8475	16.7	0.0	0.071
8476	16.1	0.0	0.051
8477	16.0	0.0	0.153
8478	15.8	0.0	0.385
8479	15.3	0.0	1.040
8480	15.3	0.0	1.113
8481	15.0	0.0	1.118
8482	14.3	0.0	1.171
8483	13.5	0.0	1.118
8484	12.7	0.0	1.083
8485	12.7	0.0	1.003
8486	11.7	0.0	0.881
8487	11.2	0.0	0.803
8488	10.5	0.0	0.750
8489	10.9	0.0	0.779
8490	11.0	0.0	0.967
8491	11.3	0.0	1.079
8492	10.9	0.0	1.334
8493	10.4	0.0	1.371
8494	10.1	0.0	1.278
8495	10.2	0.0	0.769
8496	10.0	0.0	0.482
8497	9.6	0.0	0.334
8498	9.8	0.0	0.180
8499	9.4	0.0	0.071
8500	9.4	0.0	0.051
8501	9.8	0.0	0.153
8502	10.2	0.0	0.385
8503	10.6	0.0	1.040
8504	10.7	0.0	1.113
8505	10.8	0.0	1.118
8506	10.5	0.0	1.171
8507	10.1	0.0	1.118
8508	10.0	0.0	1.083
8509	9.9	0.0	1.003
8510	9.2	0.0	0.881
8511	8.7	0.0	0.803
8512	9.0	0.0	0.750
8513	9.8	0.0	0.779
8514	10.1	0.0	0.967
8515	10.8	0.0	1.079
8516	11.0	0.0	1.334
8517	10.9	0.0	1.371
8518	11.3	0.0	1.278
8519	11.5	0.0	0.769
8520	12.1	0.0	0.482
8521	12.7	0.0	0.334
8522	12.8	0.0	0.180
8523	13.2	0.0	0.071
8524	12.9	0.0	0.051
8525	12.5	0.0	0.153
8526	12.7	0.0	0.385
8527	12.4	0.0	1.040
8528	12.4	0.0	1.113
8529	12.3	0.0	1.118
8530	11.6	0.0	1.171
8531	11.4	0.0	1.118
8532	11.0	0.0	1.083
8533	10.5	0.0	1.003
8534	9.9	0.0	0.881
8535	9.8	0.0	0.803
8536	10.1	0.0	0.750
8537	10.1	0.0	0.779
8538	10.5	0.0	0.967
8539	10.8	0.0	1.079
8540	10.3	0.0	1.334
8541	10.5	0.0	1.371
8542	10.6	0.0	1.278
8543	10.1	0.0	0.769
8544	10.1	0.0	0.482
8545	9.8	0.0	0.334
8546	9.5	0.0	0.180
8547	9.5	0.0	0.071
8548	9.7	0.0	0.051
8549	9.9	0.0	0.153
8550	10.1	0.0	0.385
8551	10.2	0.0	1.040
8552	10.1	0.0	1.113
8553	10.1	0.0	1.118
8554	9.7	0.0	1.171
8555	9.3	0.0	1.118
8556	9.3	0.0	1.083
8557	9.3	0.0	1.003
8558	9.1	0.0	0.881
8559	8.8	0.0	0.803
8560	8.8	0.0	0.750
8561	8.6	0.0	0.779
8562	8.7	0.0	0.967
8563	8.4	0.0	1.079
8564	8.8	0.0	1.334
8565	8.9	0.0	1.371
8566	9.3	0.0	1.278
8567	9.3	0.0	0.769
8568	9.4	0.0	0.482
8569	9.8	0.0	0.334
8570	9.6	0.0	0.180
8571	9.1	0.0	0.071
8572	9.0	0.0	0.051
8573	9.0	0.0	0.153
8574	8.9	0.0	0.385
8575	8.7	0.0	1.040
8576	8.6	0.0	1.113
8577	8.5	0.0	1.118
8578	8.6	0.0	1.171
8579	8.5	0.0	1.118
8580	8.6	0.0	1.083
8581	8.3	0.0	1.003
8582	8.1	0.0	0.881
8583	7.9	0.0	0.803
8584	7.6	0.0	0.750
8585	8.0	0.0	0.779
8586	8.5	0.0	0.967
8587	8.6	0.0	1.079
8588	8.6	0.0	1.334
8589	8.9	0.0	1.371
8590	8.9	0.0	1.278
8591	8.9	0.0	0.769
8592	8.6	0.0	0.482
8593	8.9	0.0	0.334
8594	8.9	0.0	0.180
8595	9.0	0.0	0.071
8596	9.1	0.0	0.051
8597	9.2	0.0	0.153
8598	9.0	0.0	0.385
8599	8.9	0.0	1.040
8600	8.9	0.0	1.113
8601	8.9	0.0	1.118
8602	9.1	0.0	1.171
8603	8.7	0.0	1.118
8604	8.0	0.0	1.083
8605	8.0	0.0	1.003
8606	8.1	0.0	0.881
8607	7.4	0.0	0.803
8608	7.6	0.0	0.750
8609	8.0	0.0	0.779
8610	8.2	0.0	0.967
8611	8.2	0.0	1.079
8612	8.0	0.0	1.334
8613	8.4	0.0	1.371
8614	8.4	0.0	1.278
8615	8.5	0.0	0.769
8616	8.8	0.0	0.482
8617	8.8	0.0	0.334
8618	8.6	0.0	0.180
8619	8.2	0.0	0.071
8620	8.6	0.0	0.051
8621	8.5	0.0	0.153
8622	8.7	0.0	0.385
8623	9.0	0.0	1.040
8624	9.1	0.0	1.113
8625	8.8	0.0	1.118
8626	8.4	0.0	1.171
8627	7.9	0.0	1.118
8628	7.7	0.0	1.083
8629	7.5	0.0	1.003
8630	7.2	0.0	0.881
8631	7.2	0.0	0.803
8632	7.6	0.0	0.750
8633	8.3	0.0	0.779
8634	8.3	0.0	0.967
8635	8.5	0.0	1.079
8636	8.8	0.0	1.334
8637	9.0	0.0	1.371
8638	9.2	0.0	1.278
8639	8.7	0.0	0.769
8640	9.2	0.0	0.482
8641	9.3	0.0	0.334
8642	9.2	0.0	0.180
8643	9.3	0.0	0.071
8644	9.4	0.0	0.051
8645	9.5	0.0	0.153
8646	9.7	0.0	0.385
8647	9.7	0.0	1.040
8648	9.6	0.0	1.113
8649	9.3	0.0	1.118
8650	8.8	0.0	1.171
8651	9.0	0.0	1.118
8652	8.9	0.0	1.083
8653	8.4	0.0	1.003
8654	8.4	0.0	0.881
8655	8.5	0.0	0.803
8656	8.6	0.0	0.750
8657	9.0	0.0	0.779
8658	9.0	0.0	0.967
8659	8.8	0.0	1.079
8660	9.2	0.0	1.334
8661	9.5	0.0	1.371
8662	9.8	0.0	1.278
8663	10.2	0.0	0.769
8664	10.9	0.0	0.482
8665	10.6	0.0	0.334
8666	10.9	0.0	0.180
8667	10.8	0.0	0.071
8668	10.7	0.0	0.051
8669	10.7	0.0	0.153
8670	10.8	0.0	0.385
8671	10.7	0.0	1.040
8672	10.9	0.0	1.113
8673	10.8	0.0	1.118
8674	10.7	0.0	1.171
8675	10.5	0.0	1.118
8676	10.1	0.0	1.083
8677	10.7	0.0	1.003
8678	10.2	0.0	0.881
8679	9.7	0.0	0.803
8680	9.6	0.0	0.750
8681	10.0	0.0	0.779
8682	10.4	0.0	0.967
8683	10.1	0.0	1.079
8684	10.5	0.0	1.334
8685	10.6	0.0	1.371
8686	10.3	0.0	1.278
8687	10.7	0.0	0.769
8688	10.6	0.0	0.482
8689	10.6	0.0	0.334
8690	10.9	0.0	0.180
8691	11.1	0.0	0.071
8692	10.9	0.0	0.051
8693	11.0	0.0	0.153
8694	10.9	0.0	0.385
8695	11.1	0.0	1.040
8696	11.4	0.0	1.113
8697	11.2	0.0	1.118
8698	11.6	0.0	1.171
8699	11.7	0.0	1.118
8700	11.4	0.0	1.083
8701	11.3	0.0	1.003
8702	11.2	0.0	0.881
8703	10.9	0.0	0.803
8704	10.9	0.0	0.750
8705	11.5	0.0	0.779
8706	11.4	0.0	0.967
8707	11.7	0.0	1.079
8708	12.0	0.0	1.334
8709	12.4	0.0	1.371
8710	12.6	0.0	1.278
8711	13.1	0.0	0.769
8712	12.6	0.0	0.482
8713	12.5	0.0	0.334
8714	12.3	0.0	0.180
8715	12.7	0.0	0.071
8716	13.0	0.0	0.051
8717	12.6	0.0	0.153
8718	12.7	0.0	0.385
8719	12.3	0.0	1.040
8720	12.4	0.0	1.113
8721	12.3	0.0	1.118
8722	11.6	0.0	1.171
8723	11.3	0.0	1.118
8724	10.7	0.0	1.083
8725	10.1	0.0	1.003
8726	10.1	0.0	0.881
8727	10.2	0.0	0.803
8728	10.0	0.0	0.750
8729	10.5	0.0	0.779
8730	10.6	0.0	0.967
8731	10.5	0.0	1.079
8732	10.3	0.0	1.334
8733	10.6	0.0	1.371
8734	10.7	0.0	1.278
8735	10.5	0.0	0.769
8736	10.5	0.0	0.482
8737	9.9	0.0	0.334
8738	10.1	0.0	0.180
8739	10.3	0.0	0.071
8740	10.7	0.0	0.051
8741	10.2	0.0	0.153
8742	10.3	0.0	0.385
8743	10.2	0.0	1.040
8744	10.3	0.0	1.113
8745	9.8	0.0	1.118
8746	8.7	0.0	1.171
8747	8.1	0.0	1.118
8748	7.6	0.0	1.083
8749	6.9	0.0	1.003
8750	6.8	0.0	0.881
8751	7.0	0.0	0.803
8752	6.9	0.0	0.750
8753	7.0	0.0	0.779
8754	7.2	0.0	0.967
8755	7.6	0.0	1.079
8756	7.3	0.0	1.334
8757	7.3	0.0	1.371
8758	7.5	0.0	1.278
8759	8.1	0.0	0.769
8760	8.0	0.0	0.482
