# HOY	Heat Demand	Load duration curve	Dhw Demand
# [h]	[kWh / h]	[kWh / h]	[kWh / h]
1	5.2	8.1	0.350
2	5.3	8.1	0.189
3	5.5	7.9	0.074
4	5.5	7.9	0.054
5	5.5	7.9	0.161
6	5.5	7.9	0.403
7	5.5	7.6	1.090
8	5.4	7.6	1.167
9	5.4	7.6	1.172
10	5.1	7.6	1.228
11	5.2	7.5	1.172
12	4.9	7.5	1.136
13	4.7	7.5	1.052
14	4.7	7.5	0.924
15	4.7	7.5	0.843
16	4.9	7.5	0.786
17	5.2	7.5	0.817
18	5.6	7.5	1.014
19	6.0	7.5	1.131
20	6.1	7.4	1.399
21	6.1	7.4	1.437
22	6.3	7.4	1.340
23	6.5	7.4	0.807
24	6.7	7.4	0.506
25	6.9	7.4	0.350
26	6.7	7.4	0.189
27	6.8	7.4	0.074
28	6.8	7.3	0.054
29	6.7	7.3	0.161
30	6.6	7.3	0.403
31	6.7	7.3	1.090
32	6.8	7.3	1.167
33	6.6	7.3	1.172
34	6.5	7.3	1.228
35	6.3	7.3	1.172
36	6.0	7.2	1.136
37	5.9	7.2	1.052
38	5.8	7.2	0.924
39	5.6	7.2	0.843
40	5.8	7.2	0.786
41	6.0	7.2	0.817
42	6.3	7.2	1.014
43	6.3	7.2	1.131
44	6.4	7.2	1.399
45	6.4	7.2	1.437
46	6.4	7.2	1.340
47	6.5	7.2	0.807
48	6.5	7.2	0.506
49	6.5	7.2	0.350
50	6.5	7.2	0.189
51	6.5	7.2	0.074
52	6.6	7.2	0.054
53	6.7	7.2	0.161
54	6.6	7.2	0.403
55	6.8	7.2	1.090
56	6.7	7.2	1.167
57	6.6	7.2	1.172
58	6.7	7.2	1.228
59	6.5	7.2	1.172
60	6.4	7.2	1.136
61	6.2	7.1	1.052
62	6.0	7.1	0.924
63	5.9	7.1	0.843
64	5.9	7.1	0.786
65	6.0	7.1	0.817
66	6.2	7.1	1.014
67	6.4	7.1	1.131
68	6.6	7.1	1.399
69	6.8	7.1	1.437
70	6.9	7.1	1.340
71	7.0	7.0	0.807
72	7.1	7.0	0.506
73	7.2	7.0	0.350
74	7.2	7.0	0.189
75	7.2	7.0	0.074
76	7.2	7.0	0.054
77	7.2	7.0	0.161
78	7.2	7.0	0.403
79	7.0	7.0	1.090
80	6.8	7.0	1.167
81	6.6	7.0	1.172
82	6.2	7.0	1.228
83	5.7	7.0	1.172
84	5.2	6.9	1.136
85	4.8	6.9	1.052
86	4.7	6.9	0.924
87	4.7	6.9	0.843
88	4.7	6.9	0.786
89	4.8	6.9	0.817
90	4.8	6.9	1.014
91	4.8	6.8	1.131
92	4.7	6.8	1.399
93	4.8	6.8	1.437
94	4.9	6.8	1.340
95	5.0	6.8	0.807
96	5.0	6.8	0.506
97	5.0	6.8	0.350
98	5.0	6.8	0.189
99	5.2	6.8	0.074
100	5.4	6.8	0.054
101	5.5	6.7	0.161
102	5.6	6.7	0.403
103	5.8	6.7	1.090
104	5.9	6.7	1.167
105	6.0	6.7	1.172
106	6.0	6.7	1.228
107	6.1	6.7	1.172
108	6.1	6.7	1.136
109	6.1	6.7	1.052
110	6.3	6.7	0.924
111	6.6	6.7	0.843
112	6.6	6.7	0.786
113	6.9	6.7	0.817
114	7.2	6.7	1.014
115	7.2	6.6	1.131
116	7.1	6.6	1.399
117	7.3	6.6	1.437
118	7.5	6.6	1.340
119	7.9	6.6	0.807
120	7.9	6.6	0.506
121	8.1	6.6	0.350
122	8.1	6.6	0.189
123	7.9	6.6	0.074
124	7.9	6.6	0.054
125	7.6	6.6	0.161
126	7.3	6.6	0.403
127	7.2	6.5	1.090
128	7.2	6.5	1.167
129	7.1	6.5	1.172
130	6.8	6.5	1.228
131	6.4	6.5	1.172
132	6.1	6.5	1.136
133	5.6	6.5	1.052
134	5.2	6.5	0.924
135	5.1	6.5	0.843
136	4.8	6.5	0.786
137	4.8	6.5	0.817
138	5.0	6.5	1.014
139	4.8	6.5	1.131
140	4.8	6.5	1.399
141	4.8	6.5	1.437
142	4.8	6.5	1.340
143	4.8	6.5	0.807
144	4.8	6.5	0.506
145	4.7	6.5	0.350
146	4.8	6.5	0.189
147	4.8	6.4	0.074
148	4.9	6.4	0.054
149	5.1	6.4	0.161
150	5.0	6.4	0.403
151	5.0	6.4	1.090
152	5.1	6.4	1.167
153	5.0	6.4	1.172
154	4.7	6.4	1.228
155	4.6	6.4	1.172
156	4.4	6.4	1.136
157	4.2	6.4	1.052
158	3.8	6.4	0.924
159	3.7	6.4	0.843
160	3.7	6.4	0.786
161	4.0	6.4	0.817
162	4.2	6.4	1.014
163	4.6	6.4	1.131
164	4.6	6.4	1.399
165	4.9	6.4	1.437
166	4.9	6.4	1.340
167	5.2	6.4	0.807
168	5.3	6.4	0.506
169	5.4	6.4	0.350
170	5.4	6.4	0.189
171	5.4	6.4	0.074
172	5.2	6.4	0.054
173	5.2	6.4	0.161
174	5.0	6.4	0.403
175	5.0	6.3	1.090
176	4.9	6.3	1.167
177	4.9	6.3	1.172
178	4.8	6.3	1.228
179	4.5	6.3	1.172
180	4.3	6.3	1.136
181	4.3	6.3	1.052
182	4.2	6.3	0.924
183	4.3	6.3	0.843
184	4.3	6.3	0.786
185	4.3	6.3	0.817
186	4.3	6.3	1.014
187	4.4	6.3	1.131
188	4.2	6.3	1.399
189	4.0	6.3	1.437
190	4.0	6.3	1.340
191	3.8	6.3	0.807
192	3.7	6.3	0.506
193	3.5	6.3	0.350
194	3.5	6.3	0.189
195	3.6	6.3	0.074
196	3.6	6.3	0.054
197	3.5	6.2	0.161
198	3.3	6.2	0.403
199	3.5	6.2	1.090
200	3.4	6.2	1.167
201	3.5	6.2	1.172
202	3.2	6.2	1.228
203	3.2	6.2	1.172
204	3.3	6.2	1.136
205	3.2	6.2	1.052
206	2.9	6.2	0.924
207	2.7	6.2	0.843
208	2.6	6.2	0.786
209	2.6	6.2	0.817
210	2.5	6.2	1.014
211	2.6	6.2	1.131
212	2.6	6.2	1.399
213	2.6	6.2	1.437
214	2.6	6.2	1.340
215	2.5	6.2	0.807
216	2.3	6.2	0.506
217	2.4	6.2	0.350
218	2.5	6.2	0.189
219	2.6	6.2	0.074
220	2.7	6.2	0.054
221	2.9	6.1	0.161
222	3.0	6.1	0.403
223	3.2	6.1	1.090
224	3.3	6.1	1.167
225	3.3	6.1	1.172
226	3.3	6.1	1.228
227	3.4	6.1	1.172
228	3.3	6.1	1.136
229	3.2	6.1	1.052
230	3.3	6.1	0.924
231	3.2	6.1	0.843
232	3.5	6.1	0.786
233	3.7	6.1	0.817
234	4.0	6.1	1.014
235	4.0	6.1	1.131
236	4.3	6.1	1.399
237	4.6	6.1	1.437
238	4.9	6.1	1.340
239	5.2	6.1	0.807
240	5.4	6.1	0.506
241	5.6	6.1	0.350
242	5.6	6.1	0.189
243	5.6	6.1	0.074
244	5.6	6.1	0.054
245	5.6	6.1	0.161
246	5.5	6.1	0.403
247	5.5	6.1	1.090
248	5.4	6.1	1.167
249	5.5	6.1	1.172
250	5.3	6.1	1.228
251	5.3	6.1	1.172
252	4.8	6.1	1.136
253	4.7	6.1	1.052
254	4.4	6.1	0.924
255	4.5	6.0	0.843
256	4.6	6.0	0.786
257	5.0	6.0	0.817
258	5.0	6.0	1.014
259	5.1	6.0	1.131
260	5.3	6.0	1.399
261	5.4	6.0	1.437
262	5.6	6.0	1.340
263	5.6	6.0	0.807
264	5.6	6.0	0.506
265	5.6	6.0	0.350
266	5.7	6.0	0.189
267	5.7	6.0	0.074
268	5.7	6.0	0.054
269	5.6	6.0	0.161
270	5.7	6.0	0.403
271	5.6	6.0	1.090
272	5.6	6.0	1.167
273	5.7	6.0	1.172
274	5.5	6.0	1.228
275	5.3	6.0	1.172
276	5.0	6.0	1.136
277	4.7	6.0	1.052
278	4.6	6.0	0.924
279	4.4	6.0	0.843
280	4.4	6.0	0.786
281	4.4	6.0	0.817
282	4.5	6.0	1.014
283	4.5	6.0	1.131
284	4.5	6.0	1.399
285	4.7	6.0	1.437
286	4.7	6.0	1.340
287	4.7	6.0	0.807
288	4.8	6.0	0.506
289	4.6	5.9	0.350
290	4.6	5.9	0.189
291	4.6	5.9	0.074
292	4.6	5.9	0.054
293	4.6	5.9	0.161
294	4.7	5.9	0.403
295	4.6	5.9	1.090
296	4.6	5.9	1.167
297	4.5	5.9	1.172
298	4.5	5.9	1.228
299	4.3	5.9	1.172
300	4.1	5.9	1.136
301	3.9	5.9	1.052
302	3.8	5.9	0.924
303	3.8	5.9	0.843
304	3.7	5.9	0.786
305	3.8	5.9	0.817
306	3.8	5.9	1.014
307	3.8	5.9	1.131
308	3.9	5.9	1.399
309	3.9	5.9	1.437
310	4.2	5.9	1.340
311	4.2	5.9	0.807
312	4.3	5.9	0.506
313	4.3	5.9	0.350
314	4.3	5.9	0.189
315	4.3	5.9	0.074
316	4.2	5.9	0.054
317	4.1	5.9	0.161
318	4.0	5.9	0.403
319	4.1	5.9	1.090
320	4.2	5.9	1.167
321	4.2	5.9	1.172
322	4.1	5.8	1.228
323	4.0	5.8	1.172
324	4.1	5.8	1.136
325	4.0	5.8	1.052
326	3.9	5.8	0.924
327	3.6	5.8	0.843
328	3.4	5.8	0.786
329	3.6	5.8	0.817
330	3.6	5.8	1.014
331	3.8	5.8	1.131
332	3.9	5.8	1.399
333	3.9	5.8	1.437
334	3.9	5.8	1.340
335	4.1	5.8	0.807
336	4.0	5.8	0.506
337	4.0	5.8	0.350
338	4.1	5.8	0.189
339	4.2	5.8	0.074
340	4.4	5.8	0.054
341	4.4	5.8	0.161
342	4.4	5.8	0.403
343	4.4	5.8	1.090
344	4.6	5.8	1.167
345	4.7	5.8	1.172
346	4.8	5.8	1.228
347	4.6	5.8	1.172
348	4.5	5.8	1.136
349	4.5	5.8	1.052
350	4.6	5.8	0.924
351	4.6	5.8	0.843
352	4.7	5.8	0.786
353	4.8	5.8	0.817
354	5.0	5.8	1.014
355	5.0	5.8	1.131
356	5.2	5.8	1.399
357	5.2	5.8	1.437
358	5.3	5.8	1.340
359	5.3	5.8	0.807
360	5.2	5.8	0.506
361	5.2	5.8	0.350
362	5.2	5.8	0.189
363	5.4	5.8	0.074
364	5.3	5.8	0.054
365	5.3	5.8	0.161
366	5.5	5.8	0.403
367	5.5	5.8	1.090
368	5.6	5.8	1.167
369	5.6	5.8	1.172
370	5.6	5.7	1.228
371	5.2	5.7	1.172
372	5.1	5.7	1.136
373	5.0	5.7	1.052
374	4.9	5.7	0.924
375	5.0	5.7	0.843
376	5.2	5.7	0.786
377	5.5	5.7	0.817
378	5.8	5.7	1.014
379	5.9	5.7	1.131
380	6.1	5.7	1.399
381	6.2	5.7	1.437
382	6.4	5.7	1.340
383	6.7	5.7	0.807
384	6.9	5.7	0.506
385	7.2	5.7	0.350
386	7.2	5.7	0.189
387	7.3	5.7	0.074
388	7.2	5.7	0.054
389	7.2	5.7	0.161
390	7.1	5.7	0.403
391	7.1	5.7	1.090
392	7.0	5.7	1.167
393	6.7	5.7	1.172
394	6.4	5.7	1.228
395	6.1	5.7	1.172
396	5.8	5.7	1.136
397	5.4	5.7	1.052
398	5.0	5.7	0.924
399	5.0	5.7	0.843
400	4.9	5.7	0.786
401	4.8	5.7	0.817
402	5.0	5.7	1.014
403	4.9	5.7	1.131
404	4.9	5.7	1.399
405	5.2	5.7	1.437
406	5.0	5.7	1.340
407	5.1	5.7	0.807
408	5.0	5.7	0.506
409	4.7	5.7	0.350
410	4.8	5.7	0.189
411	5.0	5.7	0.074
412	5.0	5.6	0.054
413	5.0	5.6	0.161
414	5.0	5.6	0.403
415	5.2	5.6	1.090
416	5.3	5.6	1.167
417	5.2	5.6	1.172
418	5.0	5.6	1.228
419	5.0	5.6	1.172
420	4.9	5.6	1.136
421	4.7	5.6	1.052
422	4.7	5.6	0.924
423	4.8	5.6	0.843
424	5.0	5.6	0.786
425	5.0	5.6	0.817
426	5.1	5.6	1.014
427	5.3	5.6	1.131
428	5.3	5.6	1.399
429	5.6	5.6	1.437
430	5.7	5.6	1.340
431	5.7	5.6	0.807
432	5.6	5.6	0.506
433	5.7	5.6	0.350
434	5.8	5.6	0.189
435	6.0	5.6	0.074
436	6.2	5.6	0.054
437	6.0	5.6	0.161
438	6.0	5.6	0.403
439	5.9	5.6	1.090
440	5.9	5.6	1.167
441	5.8	5.6	1.172
442	5.8	5.6	1.228
443	5.9	5.6	1.172
444	5.6	5.6	1.136
445	5.5	5.6	1.052
446	5.4	5.6	0.924
447	5.1	5.6	0.843
448	5.2	5.6	0.786
449	5.2	5.6	0.817
450	5.1	5.6	1.014
451	5.3	5.6	1.131
452	5.4	5.6	1.399
453	5.6	5.6	1.437
454	5.8	5.6	1.340
455	5.6	5.6	0.807
456	5.5	5.6	0.506
457	5.6	5.6	0.350
458	5.8	5.6	0.189
459	5.8	5.6	0.074
460	6.1	5.6	0.054
461	6.0	5.6	0.161
462	6.1	5.5	0.403
463	6.1	5.5	1.090
464	6.1	5.5	1.167
465	6.1	5.5	1.172
466	5.8	5.5	1.228
467	5.7	5.5	1.172
468	5.4	5.5	1.136
469	5.2	5.5	1.052
470	5.1	5.5	0.924
471	4.9	5.5	0.843
472	4.8	5.5	0.786
473	4.9	5.5	0.817
474	4.8	5.5	1.014
475	4.9	5.5	1.131
476	5.1	5.5	1.399
477	5.0	5.5	1.437
478	5.1	5.5	1.340
479	5.2	5.5	0.807
480	5.2	5.5	0.506
481	5.2	5.5	0.350
482	5.5	5.5	0.189
483	5.5	5.5	0.074
484	5.6	5.5	0.054
485	5.6	5.5	0.161
486	5.6	5.5	0.403
487	5.7	5.5	1.090
488	5.6	5.5	1.167
489	5.5	5.5	1.172
490	5.3	5.5	1.228
491	5.1	5.5	1.172
492	4.8	5.5	1.136
493	4.9	5.5	1.052
494	4.6	5.5	0.924
495	4.6	5.5	0.843
496	4.7	5.5	0.786
497	4.7	5.5	0.817
498	4.9	5.5	1.014
499	5.0	5.5	1.131
500	5.2	5.5	1.399
501	5.2	5.5	1.437
502	5.5	5.5	1.340
503	5.5	5.5	0.807
504	5.7	5.5	0.506
505	5.8	5.5	0.350
506	5.7	5.4	0.189
507	5.6	5.4	0.074
508	5.7	5.4	0.054
509	5.8	5.4	0.161
510	6.0	5.4	0.403
511	6.1	5.4	1.090
512	6.2	5.4	1.167
513	6.1	5.4	1.172
514	5.9	5.4	1.228
515	5.7	5.4	1.172
516	5.5	5.4	1.136
517	5.4	5.4	1.052
518	5.3	5.4	0.924
519	5.3	5.4	0.843
520	5.5	5.4	0.786
521	5.5	5.4	0.817
522	5.5	5.4	1.014
523	5.7	5.4	1.131
524	5.6	5.4	1.399
525	5.6	5.4	1.437
526	5.8	5.4	1.340
527	5.9	5.4	0.807
528	6.1	5.4	0.506
529	6.2	5.4	0.350
530	6.2	5.4	0.189
531	6.4	5.4	0.074
532	6.3	5.4	0.054
533	6.3	5.4	0.161
534	6.2	5.4	0.403
535	6.4	5.4	1.090
536	6.4	5.4	1.167
537	6.2	5.4	1.172
538	6.0	5.4	1.228
539	5.7	5.4	1.172
540	5.3	5.4	1.136
541	5.1	5.4	1.052
542	4.8	5.4	0.924
543	4.7	5.4	0.843
544	4.9	5.3	0.786
545	4.9	5.3	0.817
546	5.1	5.3	1.014
547	5.1	5.3	1.131
548	5.2	5.3	1.399
549	5.3	5.3	1.437
550	5.5	5.3	1.340
551	5.6	5.3	0.807
552	5.9	5.3	0.506
553	5.8	5.3	0.350
554	5.8	5.3	0.189
555	5.8	5.3	0.074
556	5.8	5.3	0.054
557	6.0	5.3	0.161
558	6.1	5.3	0.403
559	6.0	5.3	1.090
560	5.9	5.3	1.167
561	5.7	5.3	1.172
562	5.5	5.3	1.228
563	5.4	5.3	1.172
564	5.3	5.3	1.136
565	5.1	5.3	1.052
566	5.0	5.3	0.924
567	4.9	5.3	0.843
568	4.9	5.3	0.786
569	5.0	5.3	0.817
570	5.1	5.3	1.014
571	5.1	5.3	1.131
572	5.3	5.3	1.399
573	5.2	5.3	1.437
574	5.3	5.3	1.340
575	5.2	5.3	0.807
576	5.1	5.3	0.506
577	5.1	5.3	0.350
578	5.2	5.3	0.189
579	5.3	5.3	0.074
580	5.0	5.3	0.054
581	4.9	5.3	0.161
582	5.0	5.3	0.403
583	4.9	5.3	1.090
584	4.8	5.3	1.167
585	4.7	5.3	1.172
586	4.6	5.3	1.228
587	4.3	5.3	1.172
588	4.0	5.3	1.136
589	3.9	5.3	1.052
590	3.8	5.3	0.924
591	3.6	5.3	0.843
592	3.5	5.3	0.786
593	3.5	5.3	0.817
594	3.5	5.3	1.014
595	3.5	5.2	1.131
596	3.5	5.2	1.399
597	3.6	5.2	1.437
598	3.7	5.2	1.340
599	3.9	5.2	0.807
600	3.9	5.2	0.506
601	3.8	5.2	0.350
602	4.0	5.2	0.189
603	4.3	5.2	0.074
604	4.4	5.2	0.054
605	4.6	5.2	0.161
606	4.5	5.2	0.403
607	4.5	5.2	1.090
608	4.5	5.2	1.167
609	4.6	5.2	1.172
610	4.6	5.2	1.228
611	4.5	5.2	1.172
612	4.5	5.2	1.136
613	4.6	5.2	1.052
614	4.4	5.2	0.924
615	4.4	5.2	0.843
616	4.2	5.2	0.786
617	4.5	5.2	0.817
618	4.6	5.2	1.014
619	4.9	5.2	1.131
620	5.0	5.2	1.399
621	5.3	5.2	1.437
622	5.4	5.2	1.340
623	5.5	5.2	0.807
624	5.6	5.2	0.506
625	5.8	5.2	0.350
626	5.9	5.2	0.189
627	5.8	5.2	0.074
628	5.7	5.2	0.054
629	5.7	5.2	0.161
630	5.7	5.2	0.403
631	5.5	5.2	1.090
632	5.5	5.2	1.167
633	5.4	5.2	1.172
634	5.3	5.2	1.228
635	4.9	5.2	1.172
636	4.6	5.2	1.136
637	4.5	5.2	1.052
638	4.4	5.2	0.924
639	4.4	5.2	0.843
640	4.6	5.2	0.786
641	4.5	5.2	0.817
642	4.7	5.2	1.014
643	4.9	5.2	1.131
644	4.9	5.2	1.399
645	5.0	5.2	1.437
646	4.8	5.2	1.340
647	4.7	5.2	0.807
648	4.6	5.2	0.506
649	4.7	5.2	0.350
650	4.9	5.2	0.189
651	4.9	5.2	0.074
652	4.9	5.2	0.054
653	5.0	5.2	0.161
654	5.2	5.2	0.403
655	5.1	5.2	1.090
656	5.1	5.2	1.167
657	5.1	5.2	1.172
658	5.0	5.2	1.228
659	4.9	5.2	1.172
660	4.8	5.2	1.136
661	4.8	5.2	1.052
662	4.8	5.2	0.924
663	4.8	5.2	0.843
664	4.7	5.2	0.786
665	5.0	5.2	0.817
666	5.2	5.2	1.014
667	5.4	5.2	1.131
668	5.7	5.1	1.399
669	5.9	5.1	1.437
670	6.1	5.1	1.340
671	6.4	5.1	0.807
672	6.5	5.1	0.506
673	6.5	5.1	0.350
674	6.3	5.1	0.189
675	6.2	5.1	0.074
676	6.1	5.1	0.054
677	5.6	5.1	0.161
678	5.4	5.1	0.403
679	5.2	5.1	1.090
680	5.2	5.1	1.167
681	5.2	5.1	1.172
682	5.1	5.1	1.228
683	4.8	5.1	1.172
684	4.6	5.1	1.136
685	4.5	5.1	1.052
686	4.5	5.1	0.924
687	4.4	5.1	0.843
688	4.0	5.1	0.786
689	3.8	5.1	0.817
690	3.7	5.1	1.014
691	3.6	5.1	1.131
692	3.4	5.1	1.399
693	3.2	5.1	1.437
694	3.0	5.1	1.340
695	2.7	5.1	0.807
696	2.6	5.1	0.506
697	2.6	5.1	0.350
698	2.5	5.1	0.189
699	2.7	5.1	0.074
700	2.7	5.1	0.054
701	2.8	5.1	0.161
702	2.8	5.1	0.403
703	2.9	5.1	1.090
704	3.0	5.1	1.167
705	2.9	5.1	1.172
706	2.9	5.1	1.228
707	2.9	5.1	1.172
708	2.7	5.1	1.136
709	2.6	5.1	1.052
710	2.6	5.1	0.924
711	2.7	5.1	0.843
712	2.6	5.1	0.786
713	2.6	5.1	0.817
714	2.5	5.1	1.014
715	2.5	5.1	1.131
716	2.4	5.1	1.399
717	2.5	5.1	1.437
718	2.3	5.1	1.340
719	2.4	5.1	0.807
720	2.5	5.1	0.506
721	2.6	5.1	0.350
722	2.5	5.1	0.189
723	2.4	5.1	0.074
724	2.3	5.1	0.054
725	2.2	5.1	0.161
726	2.3	5.1	0.403
727	2.4	5.1	1.090
728	2.4	5.1	1.167
729	2.5	5.1	1.172
730	2.3	5.1	1.228
731	2.1	5.1	1.172
732	2.0	5.0	1.136
733	1.8	5.0	1.052
734	1.6	5.0	0.924
735	1.7	5.0	0.843
736	1.8	5.0	0.786
737	2.0	5.0	0.817
738	2.3	5.0	1.014
739	2.7	5.0	1.131
740	2.8	5.0	1.399
741	2.8	5.0	1.437
742	2.9	5.0	1.340
743	3.1	5.0	0.807
744	3.3	5.0	0.506
745	3.1	5.0	0.350
746	3.3	5.0	0.189
747	3.3	5.0	0.074
748	3.2	5.0	0.054
749	3.3	5.0	0.161
750	3.3	5.0	0.403
751	3.2	5.0	1.090
752	3.4	5.0	1.167
753	3.3	5.0	1.172
754	3.1	5.0	1.228
755	2.9	5.0	1.172
756	2.8	5.0	1.136
757	2.7	5.0	1.052
758	2.6	5.0	0.924
759	2.6	5.0	0.843
760	2.6	5.0	0.786
761	2.7	5.0	0.817
762	2.8	5.0	1.014
763	3.1	5.0	1.131
764	3.3	5.0	1.399
765	3.6	5.0	1.437
766	3.8	5.0	1.340
767	4.1	5.0	0.807
768	4.2	5.0	0.506
769	4.3	5.0	0.350
770	4.2	5.0	0.189
771	4.2	5.0	0.074
772	4.4	5.0	0.054
773	4.6	5.0	0.161
774	4.7	5.0	0.403
775	4.8	5.0	1.090
776	4.8	5.0	1.167
777	4.8	5.0	1.172
778	4.8	5.0	1.228
779	4.7	5.0	1.172
780	4.7	5.0	1.136
781	4.6	5.0	1.052
782	4.5	5.0	0.924
783	4.5	5.0	0.843
784	4.6	5.0	0.786
785	4.8	5.0	0.817
786	4.8	5.0	1.014
787	5.1	5.0	1.131
788	5.4	5.0	1.399
789	5.7	5.0	1.437
790	5.8	5.0	1.340
791	5.9	5.0	0.807
792	6.0	5.0	0.506
793	6.0	5.0	0.350
794	6.1	5.0	0.189
795	6.1	5.0	0.074
796	6.2	5.0	0.054
797	6.3	5.0	0.161
798	6.4	5.0	0.403
799	6.5	5.0	1.090
800	6.4	5.0	1.167
801	6.4	5.0	1.172
802	6.2	5.0	1.228
803	6.0	5.0	1.172
804	5.7	4.9	1.136
805	5.6	4.9	1.052
806	5.4	4.9	0.924
807	5.4	4.9	0.843
808	5.5	4.9	0.786
809	5.5	4.9	0.817
810	5.6	4.9	1.014
811	5.8	4.9	1.131
812	5.9	4.9	1.399
813	5.8	4.9	1.437
814	6.1	4.9	1.340
815	5.9	4.9	0.807
816	5.9	4.9	0.506
817	6.0	4.9	0.350
818	6.0	4.9	0.189
819	5.9	4.9	0.074
820	6.0	4.9	0.054
821	5.8	4.9	0.161
822	5.6	4.9	0.403
823	5.5	4.9	1.090
824	5.4	4.9	1.167
825	5.3	4.9	1.172
826	5.2	4.9	1.228
827	4.9	4.9	1.172
828	4.6	4.9	1.136
829	4.3	4.9	1.052
830	4.1	4.9	0.924
831	4.0	4.9	0.843
832	4.0	4.9	0.786
833	3.9	4.9	0.817
834	4.0	4.9	1.014
835	4.2	4.9	1.131
836	4.2	4.9	1.399
837	4.3	4.9	1.437
838	4.3	4.9	1.340
839	4.5	4.9	0.807
840	4.4	4.9	0.506
841	4.4	4.9	0.350
842	4.4	4.9	0.189
843	4.3	4.9	0.074
844	4.5	4.9	0.054
845	4.4	4.9	0.161
846	4.5	4.9	0.403
847	4.5	4.9	1.090
848	4.5	4.9	1.167
849	4.3	4.9	1.172
850	4.2	4.9	1.228
851	4.0	4.9	1.172
852	3.8	4.9	1.136
853	3.6	4.9	1.052
854	3.7	4.9	0.924
855	3.6	4.9	0.843
856	3.7	4.9	0.786
857	3.8	4.9	0.817
858	4.0	4.9	1.014
859	4.2	4.9	1.131
860	4.4	4.9	1.399
861	4.5	4.9	1.437
862	4.5	4.9	1.340
863	4.5	4.9	0.807
864	4.5	4.9	0.506
865	4.4	4.9	0.350
866	4.6	4.9	0.189
867	4.5	4.9	0.074
868	4.6	4.9	0.054
869	4.4	4.9	0.161
870	4.4	4.9	0.403
871	4.5	4.9	1.090
872	4.4	4.9	1.167
873	4.4	4.9	1.172
874	4.4	4.9	1.228
875	4.2	4.9	1.172
876	4.1	4.9	1.136
877	3.9	4.9	1.052
878	3.8	4.9	0.924
879	3.7	4.9	0.843
880	3.6	4.9	0.786
881	3.6	4.8	0.817
882	3.8	4.8	1.014
883	4.0	4.8	1.131
884	4.1	4.8	1.399
885	4.2	4.8	1.437
886	4.2	4.8	1.340
887	4.4	4.8	0.807
888	4.4	4.8	0.506
889	4.4	4.8	0.350
890	4.3	4.8	0.189
891	4.3	4.8	0.074
892	4.0	4.8	0.054
893	4.2	4.8	0.161
894	4.1	4.8	0.403
895	4.1	4.8	1.090
896	4.0	4.8	1.167
897	4.0	4.8	1.172
898	3.9	4.8	1.228
899	3.8	4.8	1.172
900	3.8	4.8	1.136
901	3.9	4.8	1.052
902	3.9	4.8	0.924
903	3.8	4.8	0.843
904	3.8	4.8	0.786
905	3.7	4.8	0.817
906	3.6	4.8	1.014
907	3.6	4.8	1.131
908	3.6	4.8	1.399
909	3.6	4.8	1.437
910	3.6	4.8	1.340
911	3.7	4.8	0.807
912	3.6	4.8	0.506
913	3.6	4.8	0.350
914	3.7	4.8	0.189
915	3.9	4.8	0.074
916	4.0	4.8	0.054
917	4.0	4.8	0.161
918	4.2	4.8	0.403
919	4.1	4.8	1.090
920	4.0	4.8	1.167
921	4.0	4.8	1.172
922	3.9	4.8	1.228
923	3.9	4.8	1.172
924	3.6	4.8	1.136
925	3.6	4.8	1.052
926	3.5	4.8	0.924
927	3.4	4.8	0.843
928	3.4	4.8	0.786
929	3.4	4.8	0.817
930	3.7	4.8	1.014
931	3.8	4.8	1.131
932	4.0	4.8	1.399
933	4.0	4.8	1.437
934	4.3	4.8	1.340
935	4.4	4.8	0.807
936	4.4	4.8	0.506
937	4.3	4.8	0.350
938	4.5	4.8	0.189
939	4.4	4.8	0.074
940	4.4	4.8	0.054
941	4.4	4.8	0.161
942	4.5	4.8	0.403
943	4.6	4.8	1.090
944	4.6	4.8	1.167
945	4.6	4.8	1.172
946	4.6	4.8	1.228
947	4.4	4.8	1.172
948	4.1	4.8	1.136
949	4.0	4.8	1.052
950	3.8	4.8	0.924
951	4.0	4.8	0.843
952	4.1	4.8	0.786
953	4.1	4.8	0.817
954	4.2	4.8	1.014
955	4.2	4.8	1.131
956	4.4	4.8	1.399
957	4.4	4.8	1.437
958	4.4	4.8	1.340
959	4.5	4.8	0.807
960	4.6	4.8	0.506
961	4.7	4.8	0.350
962	4.7	4.8	0.189
963	4.8	4.8	0.074
964	4.8	4.8	0.054
965	4.8	4.8	0.161
966	4.8	4.8	0.403
967	4.8	4.8	1.090
968	4.9	4.8	1.167
969	4.7	4.8	1.172
970	4.5	4.8	1.228
971	4.4	4.8	1.172
972	4.2	4.7	1.136
973	3.9	4.7	1.052
974	3.8	4.7	0.924
975	3.7	4.7	0.843
976	3.7	4.7	0.786
977	3.8	4.7	0.817
978	4.0	4.7	1.014
979	4.4	4.7	1.131
980	4.5	4.7	1.399
981	4.7	4.7	1.437
982	4.9	4.7	1.340
983	4.8	4.7	0.807
984	4.9	4.7	0.506
985	4.9	4.7	0.350
986	4.9	4.7	0.189
987	4.9	4.7	0.074
988	5.0	4.7	0.054
989	5.0	4.7	0.161
990	4.9	4.7	0.403
991	4.8	4.7	1.090
992	4.8	4.7	1.167
993	4.7	4.7	1.172
994	4.5	4.7	1.228
995	4.4	4.7	1.172
996	4.3	4.7	1.136
997	4.1	4.7	1.052
998	4.0	4.7	0.924
999	3.9	4.7	0.843
1000	4.0	4.7	0.786
1001	4.0	4.7	0.817
1002	4.2	4.7	1.014
1003	4.3	4.7	1.131
1004	4.3	4.7	1.399
1005	4.3	4.7	1.437
1006	4.6	4.7	1.340
1007	4.6	4.7	0.807
1008	4.4	4.7	0.506
1009	4.4	4.7	0.350
1010	4.4	4.7	0.189
1011	4.6	4.7	0.074
1012	4.6	4.7	0.054
1013	4.4	4.7	0.161
1014	4.3	4.7	0.403
1015	4.3	4.7	1.090
1016	4.2	4.7	1.167
1017	4.1	4.7	1.172
1018	4.1	4.7	1.228
1019	3.9	4.7	1.172
1020	3.7	4.7	1.136
1021	3.7	4.7	1.052
1022	3.4	4.7	0.924
1023	3.2	4.7	0.843
1024	3.2	4.7	0.786
1025	3.1	4.7	0.817
1026	3.1	4.7	1.014
1027	3.2	4.7	1.131
1028	3.4	4.7	1.399
1029	3.6	4.7	1.437
1030	3.5	4.7	1.340
1031	3.6	4.7	0.807
1032	3.6	4.7	0.506
1033	3.5	4.7	0.350
1034	3.6	4.7	0.189
1035	3.7	4.7	0.074
1036	3.7	4.7	0.054
1037	3.6	4.7	0.161
1038	3.6	4.7	0.403
1039	3.7	4.7	1.090
1040	3.6	4.7	1.167
1041	3.6	4.7	1.172
1042	3.7	4.7	1.228
1043	3.7	4.7	1.172
1044	3.8	4.7	1.136
1045	3.7	4.7	1.052
1046	3.8	4.7	0.924
1047	3.7	4.7	0.843
1048	3.8	4.6	0.786
1049	4.0	4.6	0.817
1050	4.0	4.6	1.014
1051	4.1	4.6	1.131
1052	4.1	4.6	1.399
1053	4.2	4.6	1.437
1054	4.2	4.6	1.340
1055	4.1	4.6	0.807
1056	4.2	4.6	0.506
1057	4.1	4.6	0.350
1058	4.0	4.6	0.189
1059	4.0	4.6	0.074
1060	4.0	4.6	0.054
1061	4.0	4.6	0.161
1062	4.0	4.6	0.403
1063	4.0	4.6	1.090
1064	4.0	4.6	1.167
1065	3.9	4.6	1.172
1066	3.9	4.6	1.228
1067	3.7	4.6	1.172
1068	3.6	4.6	1.136
1069	3.4	4.6	1.052
1070	3.3	4.6	0.924
1071	3.2	4.6	0.843
1072	3.3	4.6	0.786
1073	3.3	4.6	0.817
1074	3.2	4.6	1.014
1075	3.2	4.6	1.131
1076	3.2	4.6	1.399
1077	3.0	4.6	1.437
1078	2.8	4.6	1.340
1079	2.9	4.6	0.807
1080	2.8	4.6	0.506
1081	2.9	4.6	0.350
1082	2.9	4.6	0.189
1083	2.8	4.6	0.074
1084	2.8	4.6	0.054
1085	2.9	4.6	0.161
1086	2.8	4.6	0.403
1087	2.8	4.6	1.090
1088	2.7	4.6	1.167
1089	2.3	4.6	1.172
1090	2.2	4.6	1.228
1091	2.1	4.6	1.172
1092	2.0	4.6	1.136
1093	1.9	4.6	1.052
1094	1.7	4.6	0.924
1095	1.6	4.6	0.843
1096	1.5	4.6	0.786
1097	1.6	4.6	0.817
1098	1.8	4.6	1.014
1099	2.0	4.6	1.131
1100	2.2	4.6	1.399
1101	2.1	4.6	1.437
1102	2.2	4.6	1.340
1103	2.3	4.6	0.807
1104	2.6	4.6	0.506
1105	2.7	4.6	0.350
1106	2.7	4.6	0.189
1107	2.7	4.6	0.074
1108	2.9	4.6	0.054
1109	2.8	4.6	0.161
1110	2.8	4.6	0.403
1111	2.9	4.6	1.090
1112	2.8	4.6	1.167
1113	2.8	4.6	1.172
1114	2.7	4.6	1.228
1115	2.5	4.6	1.172
1116	2.2	4.6	1.136
1117	1.9	4.6	1.052
1118	1.9	4.6	0.924
1119	2.1	4.6	0.843
1120	2.2	4.6	0.786
1121	2.2	4.6	0.817
1122	2.4	4.6	1.014
1123	2.6	4.6	1.131
1124	2.8	4.6	1.399
1125	2.9	4.5	1.437
1126	3.0	4.5	1.340
1127	3.3	4.5	0.807
1128	3.4	4.5	0.506
1129	3.5	4.5	0.350
1130	3.5	4.5	0.189
1131	3.7	4.5	0.074
1132	3.8	4.5	0.054
1133	4.0	4.5	0.161
1134	4.0	4.5	0.403
1135	4.0	4.5	1.090
1136	3.9	4.5	1.167
1137	3.7	4.5	1.172
1138	3.7	4.5	1.228
1139	3.6	4.5	1.172
1140	3.3	4.5	1.136
1141	3.2	4.5	1.052
1142	3.1	4.5	0.924
1143	3.0	4.5	0.843
1144	3.1	4.5	0.786
1145	3.2	4.5	0.817
1146	3.5	4.5	1.014
1147	3.6	4.5	1.131
1148	3.7	4.5	1.399
1149	3.8	4.5	1.437
1150	4.1	4.5	1.340
1151	4.2	4.5	0.807
1152	4.3	4.5	0.506
1153	4.4	4.5	0.350
1154	4.4	4.5	0.189
1155	4.6	4.5	0.074
1156	4.6	4.5	0.054
1157	4.7	4.5	0.161
1158	4.7	4.5	0.403
1159	4.7	4.5	1.090
1160	4.8	4.5	1.167
1161	4.8	4.5	1.172
1162	4.7	4.5	1.228
1163	4.6	4.5	1.172
1164	4.5	4.5	1.136
1165	4.3	4.5	1.052
1166	4.3	4.5	0.924
1167	4.2	4.5	0.843
1168	4.2	4.5	0.786
1169	4.1	4.5	0.817
1170	4.4	4.5	1.014
1171	4.6	4.5	1.131
1172	4.6	4.5	1.399
1173	4.6	4.5	1.437
1174	4.7	4.5	1.340
1175	4.9	4.5	0.807
1176	4.9	4.5	0.506
1177	4.8	4.5	0.350
1178	4.8	4.5	0.189
1179	5.0	4.5	0.074
1180	5.0	4.5	0.054
1181	5.2	4.5	0.161
1182	5.3	4.5	0.403
1183	5.2	4.5	1.090
1184	5.2	4.5	1.167
1185	5.1	4.5	1.172
1186	4.9	4.5	1.228
1187	4.9	4.5	1.172
1188	4.7	4.5	1.136
1189	4.6	4.5	1.052
1190	4.5	4.5	0.924
1191	4.5	4.5	0.843
1192	4.4	4.5	0.786
1193	4.5	4.5	0.817
1194	4.7	4.5	1.014
1195	4.7	4.5	1.131
1196	5.0	4.5	1.399
1197	5.3	4.4	1.437
1198	5.4	4.4	1.340
1199	5.3	4.4	0.807
1200	5.4	4.4	0.506
1201	5.5	4.4	0.350
1202	5.8	4.4	0.189
1203	5.8	4.4	0.074
1204	5.8	4.4	0.054
1205	5.6	4.4	0.161
1206	5.5	4.4	0.403
1207	5.5	4.4	1.090
1208	5.5	4.4	1.167
1209	5.5	4.4	1.172
1210	5.4	4.4	1.228
1211	5.3	4.4	1.172
1212	5.2	4.4	1.136
1213	5.2	4.4	1.052
1214	5.2	4.4	0.924
1215	5.1	4.4	0.843
1216	5.2	4.4	0.786
1217	5.2	4.4	0.817
1218	5.4	4.4	1.014
1219	5.5	4.4	1.131
1220	5.6	4.4	1.399
1221	5.6	4.4	1.437
1222	5.7	4.4	1.340
1223	5.6	4.4	0.807
1224	5.8	4.4	0.506
1225	5.8	4.4	0.350
1226	5.7	4.4	0.189
1227	5.7	4.4	0.074
1228	5.5	4.4	0.054
1229	5.2	4.4	0.161
1230	5.1	4.4	0.403
1231	5.0	4.4	1.090
1232	4.9	4.4	1.167
1233	4.9	4.4	1.172
1234	4.7	4.4	1.228
1235	4.5	4.4	1.172
1236	4.4	4.4	1.136
1237	4.3	4.4	1.052
1238	4.1	4.4	0.924
1239	4.1	4.4	0.843
1240	4.0	4.4	0.786
1241	4.0	4.4	0.817
1242	3.9	4.4	1.014
1243	3.8	4.4	1.131
1244	3.6	4.4	1.399
1245	3.6	4.4	1.437
1246	3.4	4.4	1.340
1247	3.3	4.4	0.807
1248	3.3	4.4	0.506
1249	3.1	4.4	0.350
1250	3.2	4.4	0.189
1251	3.2	4.4	0.074
1252	3.1	4.4	0.054
1253	3.1	4.4	0.161
1254	3.2	4.4	0.403
1255	3.2	4.4	1.090
1256	3.2	4.4	1.167
1257	3.1	4.4	1.172
1258	2.7	4.4	1.228
1259	2.6	4.4	1.172
1260	2.3	4.4	1.136
1261	2.2	4.4	1.052
1262	2.3	4.4	0.924
1263	2.2	4.4	0.843
1264	2.4	4.4	0.786
1265	2.4	4.4	0.817
1266	2.5	4.4	1.014
1267	2.8	4.4	1.131
1268	2.8	4.4	1.399
1269	2.9	4.4	1.437
1270	3.0	4.4	1.340
1271	3.2	4.4	0.807
1272	3.3	4.4	0.506
1273	3.3	4.4	0.350
1274	3.3	4.4	0.189
1275	3.4	4.4	0.074
1276	3.3	4.4	0.054
1277	3.4	4.4	0.161
1278	3.5	4.4	0.403
1279	3.5	4.4	1.090
1280	3.6	4.4	1.167
1281	3.6	4.4	1.172
1282	3.5	4.4	1.228
1283	3.2	4.4	1.172
1284	3.0	4.4	1.136
1285	2.9	4.4	1.052
1286	2.8	4.3	0.924
1287	2.7	4.3	0.843
1288	2.7	4.3	0.786
1289	2.8	4.3	0.817
1290	3.0	4.3	1.014
1291	3.2	4.3	1.131
1292	3.2	4.3	1.399
1293	3.3	4.3	1.437
1294	3.4	4.3	1.340
1295	3.3	4.3	0.807
1296	3.5	4.3	0.506
1297	3.5	4.3	0.350
1298	3.6	4.3	0.189
1299	3.6	4.3	0.074
1300	3.9	4.3	0.054
1301	4.0	4.3	0.161
1302	4.1	4.3	0.403
1303	4.2	4.3	1.090
1304	4.3	4.3	1.167
1305	4.2	4.3	1.172
1306	4.0	4.3	1.228
1307	3.7	4.3	1.172
1308	3.6	4.3	1.136
1309	3.4	4.3	1.052
1310	3.3	4.3	0.924
1311	3.2	4.3	0.843
1312	3.0	4.3	0.786
1313	3.2	4.3	0.817
1314	3.4	4.3	1.014
1315	3.6	4.3	1.131
1316	3.7	4.3	1.399
1317	3.8	4.3	1.437
1318	3.9	4.3	1.340
1319	3.9	4.3	0.807
1320	3.8	4.3	0.506
1321	3.9	4.3	0.350
1322	4.0	4.3	0.189
1323	4.0	4.3	0.074
1324	3.9	4.3	0.054
1325	4.0	4.3	0.161
1326	4.0	4.3	0.403
1327	3.8	4.3	1.090
1328	3.6	4.3	1.167
1329	3.6	4.3	1.172
1330	3.4	4.3	1.228
1331	3.1	4.3	1.172
1332	2.7	4.3	1.136
1333	2.5	4.3	1.052
1334	2.1	4.3	0.924
1335	2.1	4.3	0.843
1336	2.3	4.3	0.786
1337	2.2	4.3	0.817
1338	2.4	4.3	1.014
1339	2.7	4.3	1.131
1340	2.8	4.3	1.399
1341	2.8	4.3	1.437
1342	2.8	4.3	1.340
1343	2.8	4.3	0.807
1344	2.9	4.3	0.506
1345	2.9	4.3	0.350
1346	3.1	4.3	0.189
1347	3.3	4.3	0.074
1348	3.3	4.3	0.054
1349	3.3	4.2	0.161
1350	3.3	4.2	0.403
1351	3.3	4.2	1.090
1352	3.4	4.2	1.167
1353	3.4	4.2	1.172
1354	3.2	4.2	1.228
1355	3.1	4.2	1.172
1356	2.9	4.2	1.136
1357	2.8	4.2	1.052
1358	2.9	4.2	0.924
1359	2.8	4.2	0.843
1360	2.9	4.2	0.786
1361	3.0	4.2	0.817
1362	3.2	4.2	1.014
1363	3.6	4.2	1.131
1364	3.9	4.2	1.399
1365	4.0	4.2	1.437
1366	4.0	4.2	1.340
1367	4.4	4.2	0.807
1368	4.4	4.2	0.506
1369	4.6	4.2	0.350
1370	4.8	4.2	0.189
1371	4.6	4.2	0.074
1372	4.7	4.2	0.054
1373	4.7	4.2	0.161
1374	4.6	4.2	0.403
1375	4.6	4.2	1.090
1376	4.7	4.2	1.167
1377	4.7	4.2	1.172
1378	4.5	4.2	1.228
1379	4.3	4.2	1.172
1380	4.1	4.2	1.136
1381	4.0	4.2	1.052
1382	3.9	4.2	0.924
1383	3.8	4.2	0.843
1384	3.9	4.2	0.786
1385	4.0	4.2	0.817
1386	4.3	4.2	1.014
1387	4.8	4.2	1.131
1388	4.9	4.2	1.399
1389	5.1	4.2	1.437
1390	5.2	4.2	1.340
1391	5.3	4.2	0.807
1392	5.7	4.2	0.506
1393	5.8	4.2	0.350
1394	5.8	4.2	0.189
1395	5.8	4.2	0.074
1396	5.9	4.2	0.054
1397	5.9	4.2	0.161
1398	5.8	4.2	0.403
1399	5.9	4.2	1.090
1400	5.7	4.2	1.167
1401	5.6	4.2	1.172
1402	5.4	4.2	1.228
1403	5.1	4.2	1.172
1404	4.7	4.2	1.136
1405	4.4	4.2	1.052
1406	4.1	4.2	0.924
1407	3.9	4.2	0.843
1408	3.8	4.2	0.786
1409	3.9	4.2	0.817
1410	4.1	4.2	1.014
1411	4.4	4.2	1.131
1412	4.5	4.2	1.399
1413	4.5	4.2	1.437
1414	4.6	4.2	1.340
1415	4.7	4.2	0.807
1416	4.8	4.2	0.506
1417	2.5	4.1	0.350
1418	2.6	4.1	0.189
1419	2.6	4.1	0.074
1420	2.6	4.1	0.054
1421	2.7	4.1	0.161
1422	2.7	4.1	0.403
1423	2.7	4.1	1.090
1424	2.7	4.1	1.167
1425	2.6	4.1	1.172
1426	2.4	4.1	1.228
1427	2.2	4.1	1.172
1428	2.0	4.1	1.136
1429	1.8	4.1	1.052
1430	1.8	4.1	0.924
1431	1.7	4.1	0.843
1432	1.8	4.1	0.786
1433	1.8	4.1	0.817
1434	1.9	4.1	1.014
1435	2.0	4.1	1.131
1436	2.0	4.1	1.399
1437	2.1	4.1	1.437
1438	2.1	4.1	1.340
1439	2.2	4.1	0.807
1440	2.3	4.1	0.506
1441	2.3	4.1	0.350
1442	2.3	4.1	0.189
1443	2.5	4.1	0.074
1444	2.5	4.1	0.054
1445	2.5	4.1	0.161
1446	2.5	4.1	0.403
1447	2.5	4.1	1.090
1448	2.6	4.1	1.167
1449	2.6	4.1	1.172
1450	2.4	4.1	1.228
1451	2.2	4.1	1.172
1452	2.1	4.1	1.136
1453	1.9	4.1	1.052
1454	1.8	4.1	0.924
1455	1.9	4.1	0.843
1456	1.9	4.1	0.786
1457	1.9	4.1	0.817
1458	2.2	4.1	1.014
1459	2.3	4.1	1.131
1460	2.5	4.1	1.399
1461	2.5	4.1	1.437
1462	2.6	4.1	1.340
1463	2.7	4.1	0.807
1464	2.8	4.1	0.506
1465	2.9	4.1	0.350
1466	2.9	4.1	0.189
1467	2.9	4.1	0.074
1468	2.9	4.1	0.054
1469	2.9	4.1	0.161
1470	2.9	4.1	0.403
1471	3.0	4.1	1.090
1472	3.0	4.1	1.167
1473	3.0	4.1	1.172
1474	2.9	4.1	1.228
1475	2.8	4.1	1.172
1476	2.8	4.1	1.136
1477	2.8	4.1	1.052
1478	2.9	4.1	0.924
1479	2.9	4.1	0.843
1480	2.9	4.1	0.786
1481	3.0	4.1	0.817
1482	3.0	4.1	1.014
1483	3.0	4.1	1.131
1484	2.9	4.1	1.399
1485	3.0	4.1	1.437
1486	3.0	4.1	1.340
1487	3.0	4.1	0.807
1488	3.0	4.1	0.506
1489	2.9	4.1	0.350
1490	2.9	4.1	0.189
1491	2.9	4.1	0.074
1492	2.9	4.0	0.054
1493	2.9	4.0	0.161
1494	2.9	4.0	0.403
1495	2.8	4.0	1.090
1496	2.8	4.0	1.167
1497	2.7	4.0	1.172
1498	2.6	4.0	1.228
1499	2.4	4.0	1.172
1500	2.3	4.0	1.136
1501	2.1	4.0	1.052
1502	2.0	4.0	0.924
1503	2.0	4.0	0.843
1504	2.1	4.0	0.786
1505	2.3	4.0	0.817
1506	2.4	4.0	1.014
1507	2.5	4.0	1.131
1508	2.6	4.0	1.399
1509	2.6	4.0	1.437
1510	2.7	4.0	1.340
1511	2.8	4.0	0.807
1512	2.7	4.0	0.506
1513	2.9	4.0	0.350
1514	3.0	4.0	0.189
1515	2.9	4.0	0.074
1516	2.9	4.0	0.054
1517	2.8	4.0	0.161
1518	2.8	4.0	0.403
1519	2.8	4.0	1.090
1520	2.7	4.0	1.167
1521	2.6	4.0	1.172
1522	2.5	4.0	1.228
1523	2.4	4.0	1.172
1524	2.2	4.0	1.136
1525	2.1	4.0	1.052
1526	2.1	4.0	0.924
1527	2.0	4.0	0.843
1528	2.1	4.0	0.786
1529	2.1	4.0	0.817
1530	2.2	4.0	1.014
1531	2.1	4.0	1.131
1532	2.1	4.0	1.399
1533	2.1	4.0	1.437
1534	2.1	4.0	1.340
1535	2.0	4.0	0.807
1536	2.1	4.0	0.506
1537	2.1	4.0	0.350
1538	2.0	4.0	0.189
1539	2.1	4.0	0.074
1540	2.2	4.0	0.054
1541	2.2	4.0	0.161
1542	2.3	4.0	0.403
1543	2.2	4.0	1.090
1544	2.2	4.0	1.167
1545	2.1	4.0	1.172
1546	2.1	4.0	1.228
1547	1.8	4.0	1.172
1548	1.8	4.0	1.136
1549	1.7	4.0	1.052
1550	1.7	4.0	0.924
1551	1.6	4.0	0.843
1552	1.7	4.0	0.786
1553	1.8	4.0	0.817
1554	1.8	4.0	1.014
1555	2.0	4.0	1.131
1556	2.0	4.0	1.399
1557	2.1	4.0	1.437
1558	2.0	4.0	1.340
1559	2.1	4.0	0.807
1560	2.1	4.0	0.506
1561	2.2	4.0	0.350
1562	2.2	4.0	0.189
1563	2.1	4.0	0.074
1564	2.1	4.0	0.054
1565	2.0	4.0	0.161
1566	2.1	4.0	0.403
1567	2.1	4.0	1.090
1568	2.0	4.0	1.167
1569	2.1	4.0	1.172
1570	2.1	4.0	1.228
1571	2.1	4.0	1.172
1572	2.0	4.0	1.136
1573	1.9	4.0	1.052
1574	1.8	4.0	0.924
1575	1.8	4.0	0.843
1576	1.8	4.0	0.786
1577	1.7	4.0	0.817
1578	1.7	4.0	1.014
1579	1.8	4.0	1.131
1580	1.8	4.0	1.399
1581	1.8	4.0	1.437
1582	1.8	4.0	1.340
1583	1.8	4.0	0.807
1584	1.8	4.0	0.506
1585	1.8	4.0	0.350
1586	2.0	4.0	0.189
1587	2.0	4.0	0.074
1588	2.1	4.0	0.054
1589	2.1	4.0	0.161
1590	2.1	4.0	0.403
1591	2.1	4.0	1.090
1592	2.1	4.0	1.167
1593	2.1	4.0	1.172
1594	2.1	4.0	1.228
1595	2.0	4.0	1.172
1596	1.9	4.0	1.136
1597	1.8	4.0	1.052
1598	1.8	4.0	0.924
1599	1.8	4.0	0.843
1600	1.8	4.0	0.786
1601	1.9	4.0	0.817
1602	2.0	4.0	1.014
1603	2.1	4.0	1.131
1604	2.2	4.0	1.399
1605	2.3	4.0	1.437
1606	2.4	4.0	1.340
1607	2.5	4.0	0.807
1608	2.7	3.9	0.506
1609	2.8	3.9	0.350
1610	2.8	3.9	0.189
1611	2.8	3.9	0.074
1612	2.8	3.9	0.054
1613	2.8	3.9	0.161
1614	2.8	3.9	0.403
1615	2.8	3.9	1.090
1616	2.7	3.9	1.167
1617	2.7	3.9	1.172
1618	2.5	3.9	1.228
1619	2.3	3.9	1.172
1620	2.1	3.9	1.136
1621	1.9	3.9	1.052
1622	1.7	3.9	0.924
1623	1.6	3.9	0.843
1624	1.7	3.9	0.786
1625	1.7	3.9	0.817
1626	1.9	3.9	1.014
1627	2.1	3.9	1.131
1628	2.2	3.9	1.399
1629	2.2	3.9	1.437
1630	2.3	3.9	1.340
1631	2.4	3.9	0.807
1632	2.4	3.9	0.506
1633	2.4	3.9	0.350
1634	2.5	3.9	0.189
1635	2.5	3.9	0.074
1636	2.5	3.9	0.054
1637	2.7	3.9	0.161
1638	2.6	3.9	0.403
1639	2.7	3.9	1.090
1640	2.7	3.9	1.167
1641	2.6	3.9	1.172
1642	2.2	3.9	1.228
1643	2.1	3.9	1.172
1644	1.8	3.9	1.136
1645	1.6	3.9	1.052
1646	1.5	3.9	0.924
1647	1.5	3.9	0.843
1648	1.5	3.9	0.786
1649	1.5	3.9	0.817
1650	1.7	3.9	1.014
1651	1.9	3.9	1.131
1652	1.9	3.9	1.399
1653	2.0	3.9	1.437
1654	2.1	3.9	1.340
1655	2.1	3.9	0.807
1656	2.2	3.9	0.506
1657	2.2	3.9	0.350
1658	2.3	3.9	0.189
1659	2.3	3.9	0.074
1660	2.3	3.9	0.054
1661	2.3	3.9	0.161
1662	2.3	3.9	0.403
1663	2.3	3.9	1.090
1664	2.3	3.9	1.167
1665	2.2	3.9	1.172
1666	2.2	3.9	1.228
1667	2.0	3.9	1.172
1668	1.8	3.9	1.136
1669	1.6	3.9	1.052
1670	1.4	3.9	0.924
1671	1.4	3.9	0.843
1672	1.4	3.9	0.786
1673	1.5	3.9	0.817
1674	1.6	3.9	1.014
1675	1.8	3.9	1.131
1676	1.8	3.9	1.399
1677	2.0	3.9	1.437
1678	2.1	3.9	1.340
1679	2.1	3.9	0.807
1680	2.2	3.9	0.506
1681	2.3	3.9	0.350
1682	2.3	3.9	0.189
1683	2.3	3.9	0.074
1684	2.3	3.9	0.054
1685	2.3	3.9	0.161
1686	2.3	3.9	0.403
1687	2.2	3.9	1.090
1688	2.2	3.9	1.167
1689	2.2	3.9	1.172
1690	2.0	3.9	1.228
1691	1.8	3.9	1.172
1692	1.5	3.9	1.136
1693	1.4	3.8	1.052
1694	1.3	3.8	0.924
1695	1.1	3.8	0.843
1696	1.1	3.8	0.786
1697	1.1	3.8	0.817
1698	1.3	3.8	1.014
1699	1.4	3.8	1.131
1700	1.4	3.8	1.399
1701	1.4	3.8	1.437
1702	1.5	3.8	1.340
1703	1.5	3.8	0.807
1704	1.6	3.8	0.506
1705	1.6	3.8	0.350
1706	1.6	3.8	0.189
1707	1.5	3.8	0.074
1708	1.5	3.8	0.054
1709	1.4	3.8	0.161
1710	1.5	3.8	0.403
1711	1.4	3.8	1.090
1712	1.4	3.8	1.167
1713	1.3	3.8	1.172
1714	1.2	3.8	1.228
1715	1.1	3.8	1.172
1716	1.0	3.8	1.136
1717	0.9	3.8	1.052
1718	0.9	3.8	0.924
1719	0.8	3.8	0.843
1720	0.7	3.8	0.786
1721	0.8	3.8	0.817
1722	0.9	3.8	1.014
1723	1.1	3.8	1.131
1724	1.2	3.8	1.399
1725	1.3	3.8	1.437
1726	1.3	3.8	1.340
1727	1.3	3.8	0.807
1728	1.3	3.8	0.506
1729	1.2	3.8	0.350
1730	1.2	3.8	0.189
1731	1.3	3.8	0.074
1732	1.3	3.8	0.054
1733	1.3	3.8	0.161
1734	1.4	3.8	0.403
1735	1.4	3.8	1.090
1736	1.4	3.8	1.167
1737	1.3	3.8	1.172
1738	1.2	3.8	1.228
1739	1.1	3.8	1.172
1740	1.1	3.8	1.136
1741	1.0	3.8	1.052
1742	0.8	3.8	0.924
1743	0.8	3.8	0.843
1744	0.9	3.8	0.786
1745	0.9	3.8	0.817
1746	1.0	3.8	1.014
1747	1.0	3.8	1.131
1748	1.2	3.8	1.399
1749	1.3	3.8	1.437
1750	1.4	3.8	1.340
1751	1.4	3.8	0.807
1752	1.5	3.8	0.506
1753	1.5	3.8	0.350
1754	1.6	3.8	0.189
1755	1.6	3.8	0.074
1756	1.6	3.8	0.054
1757	1.7	3.8	0.161
1758	1.7	3.8	0.403
1759	1.7	3.8	1.090
1760	1.8	3.8	1.167
1761	1.8	3.8	1.172
1762	1.6	3.8	1.228
1763	1.4	3.8	1.172
1764	1.3	3.8	1.136
1765	1.2	3.8	1.052
1766	1.1	3.8	0.924
1767	1.0	3.8	0.843
1768	1.0	3.8	0.786
1769	1.2	3.8	0.817
1770	1.3	3.8	1.014
1771	1.5	3.8	1.131
1772	1.6	3.8	1.399
1773	1.7	3.8	1.437
1774	1.9	3.8	1.340
1775	2.0	3.8	0.807
1776	2.2	3.8	0.506
1777	2.3	3.8	0.350
1778	2.2	3.8	0.189
1779	2.2	3.8	0.074
1780	2.2	3.8	0.054
1781	2.2	3.8	0.161
1782	2.2	3.7	0.403
1783	2.2	3.7	1.090
1784	2.2	3.7	1.167
1785	2.2	3.7	1.172
1786	2.1	3.7	1.228
1787	1.9	3.7	1.172
1788	1.9	3.7	1.136
1789	1.8	3.7	1.052
1790	1.7	3.7	0.924
1791	1.7	3.7	0.843
1792	1.7	3.7	0.786
1793	1.8	3.7	0.817
1794	1.8	3.7	1.014
1795	1.9	3.7	1.131
1796	1.9	3.7	1.399
1797	2.0	3.7	1.437
1798	2.1	3.7	1.340
1799	2.1	3.7	0.807
1800	2.1	3.7	0.506
1801	2.2	3.7	0.350
1802	2.2	3.7	0.189
1803	2.2	3.7	0.074
1804	2.0	3.7	0.054
1805	2.1	3.7	0.161
1806	2.0	3.7	0.403
1807	1.9	3.7	1.090
1808	1.8	3.7	1.167
1809	1.7	3.7	1.172
1810	1.6	3.7	1.228
1811	1.5	3.7	1.172
1812	1.4	3.7	1.136
1813	1.2	3.7	1.052
1814	1.1	3.7	0.924
1815	1.1	3.7	0.843
1816	1.1	3.7	0.786
1817	1.1	3.7	0.817
1818	1.2	3.7	1.014
1819	1.3	3.7	1.131
1820	1.3	3.7	1.399
1821	1.3	3.7	1.437
1822	1.3	3.7	1.340
1823	1.3	3.7	0.807
1824	1.3	3.7	0.506
1825	1.3	3.7	0.350
1826	1.2	3.7	0.189
1827	1.3	3.7	0.074
1828	1.3	3.7	0.054
1829	1.3	3.7	0.161
1830	1.3	3.7	0.403
1831	1.3	3.7	1.090
1832	1.2	3.7	1.167
1833	1.1	3.7	1.172
1834	1.1	3.7	1.228
1835	1.0	3.7	1.172
1836	0.8	3.7	1.136
1837	0.8	3.7	1.052
1838	0.6	3.7	0.924
1839	0.5	3.7	0.843
1840	0.5	3.7	0.786
1841	0.6	3.7	0.817
1842	0.7	3.7	1.014
1843	0.8	3.7	1.131
1844	0.9	3.7	1.399
1845	1.0	3.7	1.437
1846	1.0	3.7	1.340
1847	1.0	3.7	0.807
1848	1.2	3.7	0.506
1849	1.2	3.7	0.350
1850	1.2	3.7	0.189
1851	1.3	3.7	0.074
1852	1.4	3.7	0.054
1853	1.4	3.7	0.161
1854	1.4	3.7	0.403
1855	1.5	3.7	1.090
1856	1.5	3.7	1.167
1857	1.3	3.7	1.172
1858	1.2	3.6	1.228
1859	1.0	3.6	1.172
1860	1.0	3.6	1.136
1861	0.9	3.6	1.052
1862	0.8	3.6	0.924
1863	0.9	3.6	0.843
1864	0.9	3.6	0.786
1865	1.0	3.6	0.817
1866	1.1	3.6	1.014
1867	1.4	3.6	1.131
1868	1.5	3.6	1.399
1869	1.6	3.6	1.437
1870	1.7	3.6	1.340
1871	1.9	3.6	0.807
1872	2.0	3.6	0.506
1873	2.0	3.6	0.350
1874	2.0	3.6	0.189
1875	2.1	3.6	0.074
1876	2.1	3.6	0.054
1877	2.0	3.6	0.161
1878	2.0	3.6	0.403
1879	2.0	3.6	1.090
1880	2.0	3.6	1.167
1881	1.9	3.6	1.172
1882	1.7	3.6	1.228
1883	1.6	3.6	1.172
1884	1.5	3.6	1.136
1885	1.4	3.6	1.052
1886	1.3	3.6	0.924
1887	1.3	3.6	0.843
1888	1.3	3.6	0.786
1889	1.3	3.6	0.817
1890	1.4	3.6	1.014
1891	1.5	3.6	1.131
1892	1.6	3.6	1.399
1893	1.6	3.6	1.437
1894	1.6	3.6	1.340
1895	1.7	3.6	0.807
1896	1.8	3.6	0.506
1897	1.7	3.6	0.350
1898	1.8	3.6	0.189
1899	1.9	3.6	0.074
1900	1.9	3.6	0.054
1901	1.9	3.6	0.161
1902	1.8	3.6	0.403
1903	1.8	3.6	1.090
1904	1.9	3.6	1.167
1905	1.7	3.6	1.172
1906	1.6	3.6	1.228
1907	1.4	3.6	1.172
1908	1.2	3.6	1.136
1909	1.1	3.6	1.052
1910	1.0	3.6	0.924
1911	1.0	3.6	0.843
1912	1.1	3.6	0.786
1913	1.1	3.6	0.817
1914	1.2	3.6	1.014
1915	1.3	3.6	1.131
1916	1.4	3.6	1.399
1917	1.4	3.6	1.437
1918	1.4	3.6	1.340
1919	1.5	3.6	0.807
1920	1.6	3.6	0.506
1921	1.7	3.6	0.350
1922	1.8	3.6	0.189
1923	1.9	3.6	0.074
1924	2.0	3.6	0.054
1925	2.1	3.6	0.161
1926	2.1	3.6	0.403
1927	2.1	3.6	1.090
1928	2.1	3.6	1.167
1929	2.1	3.6	1.172
1930	2.1	3.6	1.228
1931	1.9	3.6	1.172
1932	1.8	3.6	1.136
1933	1.8	3.6	1.052
1934	1.8	3.6	0.924
1935	1.8	3.6	0.843
1936	1.8	3.6	0.786
1937	1.8	3.6	0.817
1938	2.0	3.6	1.014
1939	2.2	3.6	1.131
1940	2.3	3.6	1.399
1941	2.4	3.6	1.437
1942	2.4	3.6	1.340
1943	2.5	3.6	0.807
1944	2.6	3.6	0.506
1945	2.7	3.6	0.350
1946	2.7	3.6	0.189
1947	2.7	3.6	0.074
1948	2.8	3.6	0.054
1949	2.7	3.6	0.161
1950	2.7	3.6	0.403
1951	2.7	3.6	1.090
1952	2.6	3.6	1.167
1953	2.5	3.6	1.172
1954	2.2	3.6	1.228
1955	2.0	3.6	1.172
1956	1.8	3.6	1.136
1957	1.6	3.6	1.052
1958	1.5	3.5	0.924
1959	1.5	3.5	0.843
1960	1.5	3.5	0.786
1961	1.6	3.5	0.817
1962	1.8	3.5	1.014
1963	2.0	3.5	1.131
1964	2.2	3.5	1.399
1965	2.2	3.5	1.437
1966	2.2	3.5	1.340
1967	2.2	3.5	0.807
1968	2.3	3.5	0.506
1969	2.3	3.5	0.350
1970	2.4	3.5	0.189
1971	2.5	3.5	0.074
1972	2.5	3.5	0.054
1973	2.6	3.5	0.161
1974	2.6	3.5	0.403
1975	2.6	3.5	1.090
1976	2.6	3.5	1.167
1977	2.5	3.5	1.172
1978	2.3	3.5	1.228
1979	2.2	3.5	1.172
1980	2.0	3.5	1.136
1981	1.9	3.5	1.052
1982	1.9	3.5	0.924
1983	1.8	3.5	0.843
1984	1.9	3.5	0.786
1985	2.0	3.5	0.817
1986	2.2	3.5	1.014
1987	2.3	3.5	1.131
1988	2.4	3.5	1.399
1989	2.5	3.5	1.437
1990	2.6	3.5	1.340
1991	2.8	3.5	0.807
1992	2.8	3.5	0.506
1993	2.9	3.5	0.350
1994	2.8	3.5	0.189
1995	2.8	3.5	0.074
1996	2.9	3.5	0.054
1997	2.8	3.5	0.161
1998	2.8	3.5	0.403
1999	2.8	3.5	1.090
2000	2.7	3.5	1.167
2001	2.7	3.5	1.172
2002	2.5	3.5	1.228
2003	2.2	3.5	1.172
2004	2.0	3.5	1.136
2005	1.9	3.5	1.052
2006	1.7	3.5	0.924
2007	1.6	3.5	0.843
2008	1.6	3.5	0.786
2009	1.5	3.5	0.817
2010	1.7	3.5	1.014
2011	1.7	3.5	1.131
2012	1.7	3.5	1.399
2013	1.8	3.5	1.437
2014	1.8	3.5	1.340
2015	1.8	3.5	0.807
2016	1.9	3.5	0.506
2017	1.9	3.5	0.350
2018	2.0	3.5	0.189
2019	1.9	3.5	0.074
2020	1.9	3.5	0.054
2021	1.9	3.5	0.161
2022	2.0	3.5	0.403
2023	1.9	3.5	1.090
2024	1.8	3.5	1.167
2025	1.7	3.5	1.172
2026	1.6	3.5	1.228
2027	1.5	3.4	1.172
2028	1.4	3.4	1.136
2029	1.4	3.4	1.052
2030	1.4	3.4	0.924
2031	1.4	3.4	0.843
2032	1.3	3.4	0.786
2033	1.3	3.4	0.817
2034	1.3	3.4	1.014
2035	1.4	3.4	1.131
2036	1.3	3.4	1.399
2037	1.4	3.4	1.437
2038	1.5	3.4	1.340
2039	1.5	3.4	0.807
2040	1.6	3.4	0.506
2041	1.6	3.4	0.350
2042	1.7	3.4	0.189
2043	1.6	3.4	0.074
2044	1.7	3.4	0.054
2045	1.7	3.4	0.161
2046	1.8	3.4	0.403
2047	1.8	3.4	1.090
2048	1.8	3.4	1.167
2049	1.6	3.4	1.172
2050	1.5	3.4	1.228
2051	1.5	3.4	1.172
2052	1.4	3.4	1.136
2053	1.2	3.4	1.052
2054	1.1	3.4	0.924
2055	1.1	3.4	0.843
2056	1.0	3.4	0.786
2057	1.0	3.4	0.817
2058	1.1	3.4	1.014
2059	1.2	3.4	1.131
2060	1.3	3.4	1.399
2061	1.3	3.4	1.437
2062	1.5	3.4	1.340
2063	1.5	3.4	0.807
2064	1.6	3.4	0.506
2065	1.6	3.4	0.350
2066	1.6	3.4	0.189
2067	1.5	3.4	0.074
2068	1.5	3.4	0.054
2069	1.5	3.4	0.161
2070	1.5	3.4	0.403
2071	1.5	3.4	1.090
2072	1.5	3.4	1.167
2073	1.4	3.4	1.172
2074	1.2	3.4	1.228
2075	1.0	3.4	1.172
2076	0.9	3.4	1.136
2077	0.8	3.4	1.052
2078	0.8	3.4	0.924
2079	0.8	3.4	0.843
2080	0.9	3.4	0.786
2081	1.0	3.4	0.817
2082	1.2	3.4	1.014
2083	1.3	3.4	1.131
2084	1.4	3.4	1.399
2085	1.6	3.4	1.437
2086	1.7	3.4	1.340
2087	1.8	3.4	0.807
2088	1.8	3.4	0.506
2089	1.9	3.4	0.350
2090	1.9	3.4	0.189
2091	1.9	3.4	0.074
2092	1.9	3.4	0.054
2093	1.9	3.4	0.161
2094	1.9	3.4	0.403
2095	2.0	3.4	1.090
2096	1.8	3.4	1.167
2097	1.6	3.3	1.172
2098	1.5	3.3	1.228
2099	1.2	3.3	1.172
2100	1.1	3.3	1.136
2101	0.9	3.3	1.052
2102	0.7	3.3	0.924
2103	0.7	3.3	0.843
2104	0.7	3.3	0.786
2105	0.8	3.3	0.817
2106	1.0	3.3	1.014
2107	1.1	3.3	1.131
2108	1.2	3.3	1.399
2109	1.3	3.3	1.437
2110	1.3	3.3	1.340
2111	1.4	3.3	0.807
2112	1.5	3.3	0.506
2113	1.6	3.3	0.350
2114	1.7	3.3	0.189
2115	1.7	3.3	0.074
2116	1.7	3.3	0.054
2117	1.7	3.3	0.161
2118	1.6	3.3	0.403
2119	1.6	3.3	1.090
2120	1.6	3.3	1.167
2121	1.5	3.3	1.172
2122	1.5	3.3	1.228
2123	1.4	3.3	1.172
2124	1.1	3.3	1.136
2125	1.0	3.3	1.052
2126	0.9	3.3	0.924
2127	0.7	3.3	0.843
2128	0.7	3.3	0.786
2129	0.8	3.3	0.817
2130	0.9	3.3	1.014
2131	1.1	3.3	1.131
2132	1.1	3.3	1.399
2133	1.2	3.3	1.437
2134	1.2	3.3	1.340
2135	1.3	3.3	0.807
2136	1.4	3.3	0.506
2137	1.4	3.3	0.350
2138	1.4	3.3	0.189
2139	1.5	3.3	0.074
2140	1.5	3.3	0.054
2141	1.5	3.3	0.161
2142	1.6	3.3	0.403
2143	1.5	3.3	1.090
2144	1.5	3.3	1.167
2145	1.4	3.3	1.172
2146	1.3	3.3	1.228
2147	1.0	3.3	1.172
2148	0.9	3.3	1.136
2149	0.6	3.3	1.052
2150	0.6	3.3	0.924
2151	0.4	3.3	0.843
2152	0.5	3.3	0.786
2153	0.6	3.3	0.817
2154	0.7	3.3	1.014
2155	0.8	3.3	1.131
2156	0.9	3.3	1.399
2157	1.0	3.3	1.437
2158	1.1	3.3	1.340
2159	1.2	3.3	0.807
2160	1.2	3.3	0.506
2161	0.3	3.3	0.350
2162	0.2	3.3	0.189
2163	0.3	3.3	0.074
2164	0.3	3.3	0.054
2165	0.3	3.3	0.161
2166	0.3	3.3	0.403
2167	0.3	3.3	1.090
2168	0.3	3.3	1.167
2169	0.2	3.3	1.172
2170	0.2	3.3	1.228
2171	0.2	3.3	1.172
2172	0.2	3.3	1.136
2173	0.2	3.3	1.052
2174	0.2	3.2	0.924
2175	0.2	3.2	0.843
2176	0.2	3.2	0.786
2177	0.2	3.2	0.817
2178	0.2	3.2	1.014
2179	0.3	3.2	1.131
2180	0.3	3.2	1.399
2181	0.3	3.2	1.437
2182	0.3	3.2	1.340
2183	0.3	3.2	0.807
2184	0.3	3.2	0.506
2185	0.3	3.2	0.350
2186	0.3	3.2	0.189
2187	0.3	3.2	0.074
2188	0.3	3.2	0.054
2189	0.3	3.2	0.161
2190	0.3	3.2	0.403
2191	0.3	3.2	1.090
2192	0.3	3.2	1.167
2193	0.3	3.2	1.172
2194	0.2	3.2	1.228
2195	0.2	3.2	1.172
2196	0.2	3.2	1.136
2197	0.2	3.2	1.052
2198	0.2	3.2	0.924
2199	0.2	3.2	0.843
2200	0.2	3.2	0.786
2201	0.2	3.2	0.817
2202	0.2	3.2	1.014
2203	0.2	3.2	1.131
2204	0.2	3.2	1.399
2205	0.2	3.2	1.437
2206	0.2	3.2	1.340
2207	0.2	3.2	0.807
2208	0.2	3.2	0.506
2209	0.2	3.2	0.350
2210	0.3	3.2	0.189
2211	0.2	3.2	0.074
2212	0.2	3.2	0.054
2213	0.2	3.2	0.161
2214	0.2	3.2	0.403
2215	0.2	3.2	1.090
2216	0.2	3.2	1.167
2217	0.2	3.2	1.172
2218	0.1	3.2	1.228
2219	0.1	3.2	1.172
2220	0.1	3.2	1.136
2221	0.1	3.2	1.052
2222	0.1	3.2	0.924
2223	0.0	3.2	0.843
2224	0.0	3.2	0.786
2225	0.0	3.2	0.817
2226	0.0	3.2	1.014
2227	0.0	3.2	1.131
2228	0.1	3.2	1.399
2229	0.1	3.2	1.437
2230	0.1	3.2	1.340
2231	0.1	3.2	0.807
2232	0.1	3.2	0.506
2233	0.0	3.2	0.350
2234	0.0	3.2	0.189
2235	0.0	3.2	0.074
2236	0.0	3.2	0.054
2237	0.0	3.2	0.161
2238	0.0	3.2	0.403
2239	0.0	3.2	1.090
2240	0.0	3.2	1.167
2241	0.0	3.2	1.172
2242	0.0	3.2	1.228
2243	0.0	3.2	1.172
2244	0.0	3.1	1.136
2245	0.0	3.1	1.052
2246	0.0	3.1	0.924
2247	0.0	3.1	0.843
2248	0.0	3.1	0.786
2249	0.0	3.1	0.817
2250	0.0	3.1	1.014
2251	0.0	3.1	1.131
2252	0.0	3.1	1.399
2253	0.0	3.1	1.437
2254	0.0	3.1	1.340
2255	0.0	3.1	0.807
2256	0.0	3.1	0.506
2257	0.1	3.1	0.350
2258	0.2	3.1	0.189
2259	0.2	3.1	0.074
2260	0.2	3.1	0.054
2261	0.2	3.1	0.161
2262	0.2	3.1	0.403
2263	0.2	3.1	1.090
2264	0.1	3.1	1.167
2265	0.1	3.1	1.172
2266	0.1	3.1	1.228
2267	0.1	3.1	1.172
2268	0.1	3.1	1.136
2269	0.0	3.1	1.052
2270	0.0	3.1	0.924
2271	0.0	3.1	0.843
2272	0.0	3.1	0.786
2273	0.0	3.1	0.817
2274	0.0	3.1	1.014
2275	0.0	3.1	1.131
2276	0.1	3.1	1.399
2277	0.1	3.1	1.437
2278	0.1	3.1	1.340
2279	0.1	3.1	0.807
2280	0.1	3.1	0.506
2281	0.1	3.1	0.350
2282	0.2	3.1	0.189
2283	0.2	3.1	0.074
2284	0.2	3.1	0.054
2285	0.2	3.1	0.161
2286	0.2	3.1	0.403
2287	0.2	3.1	1.090
2288	0.2	3.1	1.167
2289	0.2	3.1	1.172
2290	0.1	3.1	1.228
2291	0.1	3.1	1.172
2292	0.0	3.1	1.136
2293	0.0	3.1	1.052
2294	0.0	3.1	0.924
2295	0.0	3.1	0.843
2296	0.0	3.1	0.786
2297	0.0	3.1	0.817
2298	0.0	3.1	1.014
2299	0.1	3.1	1.131
2300	0.1	3.1	1.399
2301	0.1	3.0	1.437
2302	0.1	3.0	1.340
2303	0.2	3.0	0.807
2304	0.2	3.0	0.506
2305	0.2	3.0	0.350
2306	0.2	3.0	0.189
2307	0.2	3.0	0.074
2308	0.2	3.0	0.054
2309	0.2	3.0	0.161
2310	0.2	3.0	0.403
2311	0.3	3.0	1.090
2312	0.2	3.0	1.167
2313	0.2	3.0	1.172
2314	0.2	3.0	1.228
2315	0.2	3.0	1.172
2316	0.2	3.0	1.136
2317	0.2	3.0	1.052
2318	0.2	3.0	0.924
2319	0.1	3.0	0.843
2320	0.1	3.0	0.786
2321	0.2	3.0	0.817
2322	0.2	3.0	1.014
2323	0.2	3.0	1.131
2324	0.2	3.0	1.399
2325	0.3	3.0	1.437
2326	0.3	3.0	1.340
2327	0.3	3.0	0.807
2328	0.3	3.0	0.506
2329	0.3	3.0	0.350
2330	0.3	3.0	0.189
2331	0.3	3.0	0.074
2332	0.3	3.0	0.054
2333	0.3	3.0	0.161
2334	0.3	3.0	0.403
2335	0.3	3.0	1.090
2336	0.3	3.0	1.167
2337	0.3	3.0	1.172
2338	0.2	3.0	1.228
2339	0.2	3.0	1.172
2340	0.2	3.0	1.136
2341	0.1	3.0	1.052
2342	0.1	3.0	0.924
2343	0.1	3.0	0.843
2344	0.1	3.0	0.786
2345	0.1	3.0	0.817
2346	0.1	3.0	1.014
2347	0.2	3.0	1.131
2348	0.2	3.0	1.399
2349	0.2	3.0	1.437
2350	0.2	3.0	1.340
2351	0.2	3.0	0.807
2352	0.2	3.0	0.506
2353	0.2	3.0	0.350
2354	0.2	2.9	0.189
2355	0.2	2.9	0.074
2356	0.2	2.9	0.054
2357	0.2	2.9	0.161
2358	0.2	2.9	0.403
2359	0.2	2.9	1.090
2360	0.2	2.9	1.167
2361	0.2	2.9	1.172
2362	0.1	2.9	1.228
2363	0.1	2.9	1.172
2364	0.1	2.9	1.136
2365	0.0	2.9	1.052
2366	0.0	2.9	0.924
2367	0.0	2.9	0.843
2368	0.0	2.9	0.786
2369	0.0	2.9	0.817
2370	0.0	2.9	1.014
2371	0.1	2.9	1.131
2372	0.1	2.9	1.399
2373	0.2	2.9	1.437
2374	0.2	2.9	1.340
2375	0.2	2.9	0.807
2376	0.2	2.9	0.506
2377	0.2	2.9	0.350
2378	0.2	2.9	0.189
2379	0.2	2.9	0.074
2380	0.2	2.9	0.054
2381	0.2	2.9	0.161
2382	0.2	2.9	0.403
2383	0.2	2.9	1.090
2384	0.2	2.9	1.167
2385	0.2	2.9	1.172
2386	0.1	2.9	1.228
2387	0.1	2.9	1.172
2388	0.1	2.9	1.136
2389	0.1	2.9	1.052
2390	0.0	2.9	0.924
2391	0.0	2.9	0.843
2392	0.0	2.9	0.786
2393	0.0	2.9	0.817
2394	0.0	2.9	1.014
2395	0.1	2.9	1.131
2396	0.1	2.9	1.399
2397	0.1	2.9	1.437
2398	0.1	2.9	1.340
2399	0.1	2.9	0.807
2400	0.2	2.9	0.506
2401	0.2	2.9	0.350
2402	0.2	2.9	0.189
2403	0.2	2.9	0.074
2404	0.2	2.9	0.054
2405	0.2	2.9	0.161
2406	0.2	2.9	0.403
2407	0.2	2.9	1.090
2408	0.2	2.9	1.167
2409	0.2	2.9	1.172
2410	0.2	2.9	1.228
2411	0.1	2.9	1.172
2412	0.1	2.9	1.136
2413	0.1	2.9	1.052
2414	0.1	2.9	0.924
2415	0.1	2.9	0.843
2416	0.1	2.9	0.786
2417	0.1	2.9	0.817
2418	0.1	2.9	1.014
2419	0.1	2.9	1.131
2420	0.1	2.9	1.399
2421	0.2	2.9	1.437
2422	0.2	2.9	1.340
2423	0.2	2.9	0.807
2424	0.2	2.9	0.506
2425	0.2	2.9	0.350
2426	0.2	2.9	0.189
2427	0.2	2.9	0.074
2428	0.2	2.9	0.054
2429	0.2	2.9	0.161
2430	0.2	2.9	0.403
2431	0.2	2.9	1.090
2432	0.2	2.8	1.167
2433	0.2	2.8	1.172
2434	0.1	2.8	1.228
2435	0.1	2.8	1.172
2436	0.1	2.8	1.136
2437	0.0	2.8	1.052
2438	0.0	2.8	0.924
2439	0.0	2.8	0.843
2440	0.0	2.8	0.786
2441	0.0	2.8	0.817
2442	0.0	2.8	1.014
2443	0.0	2.8	1.131
2444	0.0	2.8	1.399
2445	0.1	2.8	1.437
2446	0.1	2.8	1.340
2447	0.1	2.8	0.807
2448	0.1	2.8	0.506
2449	0.1	2.8	0.350
2450	0.1	2.8	0.189
2451	0.1	2.8	0.074
2452	0.1	2.8	0.054
2453	0.1	2.8	0.161
2454	0.1	2.8	0.403
2455	0.2	2.8	1.090
2456	0.1	2.8	1.167
2457	0.1	2.8	1.172
2458	0.1	2.8	1.228
2459	0.1	2.8	1.172
2460	0.0	2.8	1.136
2461	0.0	2.8	1.052
2462	0.0	2.8	0.924
2463	0.0	2.8	0.843
2464	0.0	2.8	0.786
2465	0.0	2.8	0.817
2466	0.0	2.8	1.014
2467	0.1	2.8	1.131
2468	0.1	2.8	1.399
2469	0.1	2.8	1.437
2470	0.1	2.8	1.340
2471	0.2	2.8	0.807
2472	0.2	2.8	0.506
2473	0.2	2.8	0.350
2474	0.2	2.8	0.189
2475	0.2	2.8	0.074
2476	0.2	2.8	0.054
2477	0.2	2.8	0.161
2478	0.2	2.8	0.403
2479	0.2	2.8	1.090
2480	0.2	2.8	1.167
2481	0.2	2.8	1.172
2482	0.2	2.8	1.228
2483	0.1	2.8	1.172
2484	0.1	2.8	1.136
2485	0.1	2.8	1.052
2486	0.1	2.8	0.924
2487	0.1	2.8	0.843
2488	0.1	2.8	0.786
2489	0.1	2.8	0.817
2490	0.1	2.8	1.014
2491	0.2	2.8	1.131
2492	0.2	2.8	1.399
2493	0.2	2.8	1.437
2494	0.2	2.8	1.340
2495	0.3	2.8	0.807
2496	0.3	2.8	0.506
2497	0.3	2.8	0.350
2498	0.3	2.8	0.189
2499	0.3	2.8	0.074
2500	0.4	2.8	0.054
2501	0.4	2.8	0.161
2502	0.4	2.8	0.403
2503	0.4	2.8	1.090
2504	0.4	2.8	1.167
2505	0.3	2.8	1.172
2506	0.3	2.8	1.228
2507	0.3	2.8	1.172
2508	0.2	2.8	1.136
2509	0.2	2.8	1.052
2510	0.2	2.8	0.924
2511	0.2	2.8	0.843
2512	0.2	2.8	0.786
2513	0.2	2.8	0.817
2514	0.2	2.8	1.014
2515	0.3	2.8	1.131
2516	0.3	2.8	1.399
2517	0.3	2.8	1.437
2518	0.3	2.8	1.340
2519	0.4	2.8	0.807
2520	0.4	2.8	0.506
2521	0.4	2.7	0.350
2522	0.4	2.7	0.189
2523	0.4	2.7	0.074
2524	0.4	2.7	0.054
2525	0.4	2.7	0.161
2526	0.5	2.7	0.403
2527	0.5	2.7	1.090
2528	0.4	2.7	1.167
2529	0.4	2.7	1.172
2530	0.4	2.7	1.228
2531	0.3	2.7	1.172
2532	0.3	2.7	1.136
2533	0.3	2.7	1.052
2534	0.3	2.7	0.924
2535	0.3	2.7	0.843
2536	0.3	2.7	0.786
2537	0.3	2.7	0.817
2538	0.3	2.7	1.014
2539	0.3	2.7	1.131
2540	0.4	2.7	1.399
2541	0.4	2.7	1.437
2542	0.4	2.7	1.340
2543	0.4	2.7	0.807
2544	0.4	2.7	0.506
2545	0.4	2.7	0.350
2546	0.5	2.7	0.189
2547	0.5	2.7	0.074
2548	0.5	2.7	0.054
2549	0.5	2.7	0.161
2550	0.5	2.7	0.403
2551	0.5	2.7	1.090
2552	0.5	2.7	1.167
2553	0.4	2.7	1.172
2554	0.4	2.7	1.228
2555	0.4	2.7	1.172
2556	0.3	2.7	1.136
2557	0.3	2.7	1.052
2558	0.3	2.7	0.924
2559	0.2	2.7	0.843
2560	0.2	2.7	0.786
2561	0.3	2.7	0.817
2562	0.3	2.7	1.014
2563	0.3	2.7	1.131
2564	0.3	2.7	1.399
2565	0.4	2.7	1.437
2566	0.4	2.7	1.340
2567	0.4	2.7	0.807
2568	0.4	2.7	0.506
2569	0.5	2.7	0.350
2570	0.5	2.7	0.189
2571	0.5	2.7	0.074
2572	0.5	2.7	0.054
2573	0.4	2.7	0.161
2574	0.4	2.7	0.403
2575	0.4	2.7	1.090
2576	0.4	2.7	1.167
2577	0.4	2.7	1.172
2578	0.4	2.7	1.228
2579	0.3	2.7	1.172
2580	0.3	2.7	1.136
2581	0.2	2.7	1.052
2582	0.2	2.7	0.924
2583	0.2	2.7	0.843
2584	0.2	2.7	0.786
2585	0.2	2.7	0.817
2586	0.2	2.6	1.014
2587	0.2	2.6	1.131
2588	0.2	2.6	1.399
2589	0.2	2.6	1.437
2590	0.2	2.6	1.340
2591	0.2	2.6	0.807
2592	0.3	2.6	0.506
2593	0.3	2.6	0.350
2594	0.3	2.6	0.189
2595	0.3	2.6	0.074
2596	0.3	2.6	0.054
2597	0.3	2.6	0.161
2598	0.3	2.6	0.403
2599	0.3	2.6	1.090
2600	0.3	2.6	1.167
2601	0.3	2.6	1.172
2602	0.2	2.6	1.228
2603	0.2	2.6	1.172
2604	0.2	2.6	1.136
2605	0.1	2.6	1.052
2606	0.1	2.6	0.924
2607	0.1	2.6	0.843
2608	0.1	2.6	0.786
2609	0.1	2.6	0.817
2610	0.1	2.6	1.014
2611	0.2	2.6	1.131
2612	0.2	2.6	1.399
2613	0.2	2.6	1.437
2614	0.2	2.6	1.340
2615	0.3	2.6	0.807
2616	0.3	2.6	0.506
2617	0.3	2.6	0.350
2618	0.3	2.6	0.189
2619	0.3	2.6	0.074
2620	0.3	2.6	0.054
2621	0.3	2.6	0.161
2622	0.3	2.6	0.403
2623	0.3	2.6	1.090
2624	0.3	2.6	1.167
2625	0.3	2.6	1.172
2626	0.3	2.6	1.228
2627	0.2	2.6	1.172
2628	0.2	2.6	1.136
2629	0.2	2.6	1.052
2630	0.2	2.6	0.924
2631	0.2	2.6	0.843
2632	0.2	2.6	0.786
2633	0.2	2.6	0.817
2634	0.3	2.6	1.014
2635	0.3	2.6	1.131
2636	0.3	2.6	1.399
2637	0.3	2.6	1.437
2638	0.3	2.6	1.340
2639	0.3	2.6	0.807
2640	0.3	2.6	0.506
2641	0.4	2.6	0.350
2642	0.4	2.6	0.189
2643	0.4	2.6	0.074
2644	0.4	2.6	0.054
2645	0.4	2.6	0.161
2646	0.4	2.6	0.403
2647	0.4	2.6	1.090
2648	0.4	2.6	1.167
2649	0.3	2.6	1.172
2650	0.3	2.6	1.228
2651	0.3	2.6	1.172
2652	0.3	2.6	1.136
2653	0.3	2.6	1.052
2654	0.3	2.6	0.924
2655	0.3	2.6	0.843
2656	0.3	2.6	0.786
2657	0.3	2.6	0.817
2658	0.3	2.5	1.014
2659	0.3	2.5	1.131
2660	0.3	2.5	1.399
2661	0.3	2.5	1.437
2662	0.3	2.5	1.340
2663	0.4	2.5	0.807
2664	0.4	2.5	0.506
2665	0.4	2.5	0.350
2666	0.4	2.5	0.189
2667	0.4	2.5	0.074
2668	0.4	2.5	0.054
2669	0.4	2.5	0.161
2670	0.4	2.5	0.403
2671	0.4	2.5	1.090
2672	0.4	2.5	1.167
2673	0.4	2.5	1.172
2674	0.4	2.5	1.228
2675	0.3	2.5	1.172
2676	0.3	2.5	1.136
2677	0.3	2.5	1.052
2678	0.3	2.5	0.924
2679	0.3	2.5	0.843
2680	0.3	2.5	0.786
2681	0.3	2.5	0.817
2682	0.4	2.5	1.014
2683	0.4	2.5	1.131
2684	0.4	2.5	1.399
2685	0.4	2.5	1.437
2686	0.4	2.5	1.340
2687	0.4	2.5	0.807
2688	0.4	2.5	0.506
2689	0.5	2.5	0.350
2690	0.5	2.5	0.189
2691	0.5	2.5	0.074
2692	0.5	2.5	0.054
2693	0.5	2.5	0.161
2694	0.5	2.5	0.403
2695	0.5	2.5	1.090
2696	0.5	2.5	1.167
2697	0.4	2.5	1.172
2698	0.4	2.5	1.228
2699	0.3	2.5	1.172
2700	0.3	2.5	1.136
2701	0.3	2.5	1.052
2702	0.3	2.5	0.924
2703	0.3	2.5	0.843
2704	0.3	2.5	0.786
2705	0.3	2.5	0.817
2706	0.3	2.5	1.014
2707	0.3	2.5	1.131
2708	0.3	2.5	1.399
2709	0.4	2.5	1.437
2710	0.4	2.5	1.340
2711	0.4	2.5	0.807
2712	0.4	2.5	0.506
2713	0.4	2.5	0.350
2714	0.4	2.5	0.189
2715	0.4	2.5	0.074
2716	0.4	2.5	0.054
2717	0.4	2.5	0.161
2718	0.4	2.5	0.403
2719	0.4	2.5	1.090
2720	0.4	2.5	1.167
2721	0.4	2.5	1.172
2722	0.4	2.5	1.228
2723	0.3	2.5	1.172
2724	0.3	2.5	1.136
2725	0.3	2.5	1.052
2726	0.3	2.5	0.924
2727	0.3	2.4	0.843
2728	0.3	2.4	0.786
2729	0.3	2.4	0.817
2730	0.3	2.4	1.014
2731	0.3	2.4	1.131
2732	0.4	2.4	1.399
2733	0.4	2.4	1.437
2734	0.4	2.4	1.340
2735	0.4	2.4	0.807
2736	0.4	2.4	0.506
2737	0.4	2.4	0.350
2738	0.4	2.4	0.189
2739	0.4	2.4	0.074
2740	0.4	2.4	0.054
2741	0.4	2.4	0.161
2742	0.4	2.4	0.403
2743	0.4	2.4	1.090
2744	0.4	2.4	1.167
2745	0.4	2.4	1.172
2746	0.4	2.4	1.228
2747	0.3	2.4	1.172
2748	0.3	2.4	1.136
2749	0.3	2.4	1.052
2750	0.3	2.4	0.924
2751	0.2	2.4	0.843
2752	0.2	2.4	0.786
2753	0.2	2.4	0.817
2754	0.3	2.4	1.014
2755	0.3	2.4	1.131
2756	0.3	2.4	1.399
2757	0.3	2.4	1.437
2758	0.3	2.4	1.340
2759	0.3	2.4	0.807
2760	0.3	2.4	0.506
2761	0.3	2.4	0.350
2762	0.3	2.4	0.189
2763	0.3	2.4	0.074
2764	0.3	2.4	0.054
2765	0.4	2.4	0.161
2766	0.3	2.4	0.403
2767	0.3	2.4	1.090
2768	0.3	2.4	1.167
2769	0.3	2.4	1.172
2770	0.3	2.4	1.228
2771	0.3	2.4	1.172
2772	0.3	2.4	1.136
2773	0.3	2.4	1.052
2774	0.3	2.4	0.924
2775	0.3	2.4	0.843
2776	0.2	2.4	0.786
2777	0.2	2.4	0.817
2778	0.2	2.4	1.014
2779	0.2	2.4	1.131
2780	0.2	2.4	1.399
2781	0.2	2.3	1.437
2782	0.2	2.3	1.340
2783	0.2	2.3	0.807
2784	0.2	2.3	0.506
2785	0.2	2.3	0.350
2786	0.2	2.3	0.189
2787	0.2	2.3	0.074
2788	0.2	2.3	0.054
2789	0.3	2.3	0.161
2790	0.3	2.3	0.403
2791	0.3	2.3	1.090
2792	0.3	2.3	1.167
2793	0.3	2.3	1.172
2794	0.2	2.3	1.228
2795	0.2	2.3	1.172
2796	0.2	2.3	1.136
2797	0.3	2.3	1.052
2798	0.2	2.3	0.924
2799	0.2	2.3	0.843
2800	0.2	2.3	0.786
2801	0.2	2.3	0.817
2802	0.3	2.3	1.014
2803	0.3	2.3	1.131
2804	0.3	2.3	1.399
2805	0.3	2.3	1.437
2806	0.3	2.3	1.340
2807	0.3	2.3	0.807
2808	0.3	2.3	0.506
2809	0.3	2.3	0.350
2810	0.4	2.3	0.189
2811	0.3	2.3	0.074
2812	0.3	2.3	0.054
2813	0.3	2.3	0.161
2814	0.3	2.3	0.403
2815	0.3	2.3	1.090
2816	0.3	2.3	1.167
2817	0.3	2.3	1.172
2818	0.3	2.3	1.228
2819	0.2	2.3	1.172
2820	0.2	2.3	1.136
2821	0.2	2.3	1.052
2822	0.2	2.3	0.924
2823	0.1	2.3	0.843
2824	0.1	2.3	0.786
2825	0.2	2.3	0.817
2826	0.2	2.3	1.014
2827	0.2	2.3	1.131
2828	0.3	2.3	1.399
2829	0.3	2.3	1.437
2830	0.3	2.3	1.340
2831	0.3	2.3	0.807
2832	0.3	2.3	0.506
2833	0.3	2.3	0.350
2834	0.3	2.3	0.189
2835	0.4	2.3	0.074
2836	0.3	2.3	0.054
2837	0.3	2.3	0.161
2838	0.3	2.3	0.403
2839	0.3	2.3	1.090
2840	0.3	2.3	1.167
2841	0.3	2.3	1.172
2842	0.3	2.2	1.228
2843	0.2	2.2	1.172
2844	0.2	2.2	1.136
2845	0.2	2.2	1.052
2846	0.2	2.2	0.924
2847	0.2	2.2	0.843
2848	0.2	2.2	0.786
2849	0.2	2.2	0.817
2850	0.2	2.2	1.014
2851	0.2	2.2	1.131
2852	0.2	2.2	1.399
2853	0.2	2.2	1.437
2854	0.2	2.2	1.340
2855	0.2	2.2	0.807
2856	0.2	2.2	0.506
2857	0.2	2.2	0.350
2858	0.2	2.2	0.189
2859	0.2	2.2	0.074
2860	0.2	2.2	0.054
2861	0.3	2.2	0.161
2862	0.3	2.2	0.403
2863	0.3	2.2	1.090
2864	0.3	2.2	1.167
2865	0.3	2.2	1.172
2866	0.2	2.2	1.228
2867	0.2	2.2	1.172
2868	0.2	2.2	1.136
2869	0.2	2.2	1.052
2870	0.2	2.2	0.924
2871	0.2	2.2	0.843
2872	0.1	2.2	0.786
2873	0.1	2.2	0.817
2874	0.1	2.2	1.014
2875	0.2	2.2	1.131
2876	0.2	2.2	1.399
2877	0.2	2.2	1.437
2878	0.2	2.2	1.340
2879	0.2	2.2	0.807
2880	0.2	2.2	0.506
2881	0.0	2.2	0.350
2882	0.0	2.2	0.189
2883	0.0	2.2	0.074
2884	0.0	2.2	0.054
2885	0.0	2.2	0.161
2886	0.0	2.2	0.403
2887	0.0	2.2	1.090
2888	0.0	2.2	1.167
2889	0.0	2.2	1.172
2890	0.0	2.2	1.228
2891	0.0	2.2	1.172
2892	0.0	2.2	1.136
2893	0.0	2.2	1.052
2894	0.0	2.2	0.924
2895	0.0	2.2	0.843
2896	0.0	2.2	0.786
2897	0.0	2.2	0.817
2898	0.0	2.2	1.014
2899	0.0	2.2	1.131
2900	0.0	2.2	1.399
2901	0.0	2.2	1.437
2902	0.0	2.2	1.340
2903	0.0	2.2	0.807
2904	0.0	2.2	0.506
2905	0.0	2.2	0.350
2906	0.0	2.2	0.189
2907	0.0	2.2	0.074
2908	0.0	2.2	0.054
2909	0.0	2.2	0.161
2910	0.0	2.2	0.403
2911	0.0	2.2	1.090
2912	0.0	2.2	1.167
2913	0.0	2.2	1.172
2914	0.0	2.2	1.228
2915	0.0	2.2	1.172
2916	0.0	2.2	1.136
2917	0.0	2.2	1.052
2918	0.0	2.2	0.924
2919	0.0	2.2	0.843
2920	0.0	2.2	0.786
2921	0.0	2.2	0.817
2922	0.0	2.1	1.014
2923	0.0	2.1	1.131
2924	0.0	2.1	1.399
2925	0.0	2.1	1.437
2926	0.0	2.1	1.340
2927	0.0	2.1	0.807
2928	0.0	2.1	0.506
2929	0.0	2.1	0.350
2930	0.0	2.1	0.189
2931	0.0	2.1	0.074
2932	0.0	2.1	0.054
2933	0.0	2.1	0.161
2934	0.0	2.1	0.403
2935	0.0	2.1	1.090
2936	0.0	2.1	1.167
2937	0.0	2.1	1.172
2938	0.0	2.1	1.228
2939	0.0	2.1	1.172
2940	0.0	2.1	1.136
2941	0.0	2.1	1.052
2942	0.0	2.1	0.924
2943	0.0	2.1	0.843
2944	0.0	2.1	0.786
2945	0.0	2.1	0.817
2946	0.0	2.1	1.014
2947	0.0	2.1	1.131
2948	0.0	2.1	1.399
2949	0.0	2.1	1.437
2950	0.0	2.1	1.340
2951	0.0	2.1	0.807
2952	0.0	2.1	0.506
2953	0.0	2.1	0.350
2954	0.0	2.1	0.189
2955	0.0	2.1	0.074
2956	0.0	2.1	0.054
2957	0.0	2.1	0.161
2958	0.0	2.1	0.403
2959	0.0	2.1	1.090
2960	0.0	2.1	1.167
2961	0.0	2.1	1.172
2962	0.0	2.1	1.228
2963	0.0	2.1	1.172
2964	0.0	2.1	1.136
2965	0.0	2.1	1.052
2966	0.0	2.1	0.924
2967	0.0	2.1	0.843
2968	0.0	2.1	0.786
2969	0.0	2.1	0.817
2970	0.0	2.1	1.014
2971	0.0	2.1	1.131
2972	0.0	2.1	1.399
2973	0.0	2.1	1.437
2974	0.0	2.1	1.340
2975	0.0	2.1	0.807
2976	0.0	2.1	0.506
2977	0.0	2.1	0.350
2978	0.0	2.1	0.189
2979	0.0	2.1	0.074
2980	0.0	2.1	0.054
2981	0.0	2.1	0.161
2982	0.0	2.1	0.403
2983	0.0	2.1	1.090
2984	0.0	2.1	1.167
2985	0.0	2.1	1.172
2986	0.0	2.1	1.228
2987	0.0	2.1	1.172
2988	0.0	2.1	1.136
2989	0.0	2.1	1.052
2990	0.0	2.1	0.924
2991	0.0	2.1	0.843
2992	0.0	2.1	0.786
2993	0.0	2.1	0.817
2994	0.0	2.1	1.014
2995	0.0	2.1	1.131
2996	0.0	2.1	1.399
2997	0.0	2.1	1.437
2998	0.0	2.1	1.340
2999	0.0	2.1	0.807
3000	0.0	2.1	0.506
3001	0.0	2.0	0.350
3002	0.0	2.0	0.189
3003	0.0	2.0	0.074
3004	0.0	2.0	0.054
3005	0.0	2.0	0.161
3006	0.0	2.0	0.403
3007	0.0	2.0	1.090
3008	0.0	2.0	1.167
3009	0.0	2.0	1.172
3010	0.0	2.0	1.228
3011	0.0	2.0	1.172
3012	0.0	2.0	1.136
3013	0.0	2.0	1.052
3014	0.0	2.0	0.924
3015	0.0	2.0	0.843
3016	0.0	2.0	0.786
3017	0.0	2.0	0.817
3018	0.0	2.0	1.014
3019	0.0	2.0	1.131
3020	0.0	2.0	1.399
3021	0.0	2.0	1.437
3022	0.0	2.0	1.340
3023	0.0	2.0	0.807
3024	0.0	2.0	0.506
3025	0.0	2.0	0.350
3026	0.0	2.0	0.189
3027	0.0	2.0	0.074
3028	0.0	2.0	0.054
3029	0.0	2.0	0.161
3030	0.0	2.0	0.403
3031	0.0	2.0	1.090
3032	0.0	2.0	1.167
3033	0.0	2.0	1.172
3034	0.0	2.0	1.228
3035	0.0	2.0	1.172
3036	0.0	2.0	1.136
3037	0.0	2.0	1.052
3038	0.0	2.0	0.924
3039	0.0	2.0	0.843
3040	0.0	2.0	0.786
3041	0.0	2.0	0.817
3042	0.0	2.0	1.014
3043	0.0	2.0	1.131
3044	0.0	2.0	1.399
3045	0.0	2.0	1.437
3046	0.0	2.0	1.340
3047	0.0	2.0	0.807
3048	0.0	2.0	0.506
3049	0.0	2.0	0.350
3050	0.0	2.0	0.189
3051	0.0	2.0	0.074
3052	0.0	2.0	0.054
3053	0.0	2.0	0.161
3054	0.0	2.0	0.403
3055	0.0	2.0	1.090
3056	0.0	2.0	1.167
3057	0.0	2.0	1.172
3058	0.0	2.0	1.228
3059	0.0	2.0	1.172
3060	0.0	2.0	1.136
3061	0.0	2.0	1.052
3062	0.0	2.0	0.924
3063	0.0	2.0	0.843
3064	0.0	2.0	0.786
3065	0.0	2.0	0.817
3066	0.0	2.0	1.014
3067	0.0	2.0	1.131
3068	0.0	2.0	1.399
3069	0.0	2.0	1.437
3070	0.0	1.9	1.340
3071	0.0	1.9	0.807
3072	0.0	1.9	0.506
3073	0.0	1.9	0.350
3074	0.0	1.9	0.189
3075	0.0	1.9	0.074
3076	0.0	1.9	0.054
3077	0.0	1.9	0.161
3078	0.0	1.9	0.403
3079	0.0	1.9	1.090
3080	0.0	1.9	1.167
3081	0.0	1.9	1.172
3082	0.0	1.9	1.228
3083	0.0	1.9	1.172
3084	0.0	1.9	1.136
3085	0.0	1.9	1.052
3086	0.0	1.9	0.924
3087	0.0	1.9	0.843
3088	0.0	1.9	0.786
3089	0.0	1.9	0.817
3090	0.0	1.9	1.014
3091	0.0	1.9	1.131
3092	0.0	1.9	1.399
3093	0.0	1.9	1.437
3094	0.0	1.9	1.340
3095	0.0	1.9	0.807
3096	0.0	1.9	0.506
3097	0.0	1.9	0.350
3098	0.0	1.9	0.189
3099	0.0	1.9	0.074
3100	0.0	1.9	0.054
3101	0.0	1.9	0.161
3102	0.0	1.9	0.403
3103	0.0	1.9	1.090
3104	0.0	1.9	1.167
3105	0.0	1.9	1.172
3106	0.0	1.9	1.228
3107	0.0	1.9	1.172
3108	0.0	1.9	1.136
3109	0.0	1.9	1.052
3110	0.0	1.9	0.924
3111	0.0	1.9	0.843
3112	0.0	1.9	0.786
3113	0.0	1.9	0.817
3114	0.0	1.9	1.014
3115	0.0	1.9	1.131
3116	0.0	1.9	1.399
3117	0.0	1.9	1.437
3118	0.0	1.9	1.340
3119	0.0	1.9	0.807
3120	0.0	1.9	0.506
3121	0.0	1.9	0.350
3122	0.0	1.9	0.189
3123	0.0	1.9	0.074
3124	0.0	1.9	0.054
3125	0.0	1.9	0.161
3126	0.0	1.9	0.403
3127	0.0	1.9	1.090
3128	0.0	1.9	1.167
3129	0.0	1.9	1.172
3130	0.0	1.8	1.228
3131	0.0	1.8	1.172
3132	0.0	1.8	1.136
3133	0.0	1.8	1.052
3134	0.0	1.8	0.924
3135	0.0	1.8	0.843
3136	0.0	1.8	0.786
3137	0.0	1.8	0.817
3138	0.0	1.8	1.014
3139	0.0	1.8	1.131
3140	0.0	1.8	1.399
3141	0.0	1.8	1.437
3142	0.0	1.8	1.340
3143	0.0	1.8	0.807
3144	0.0	1.8	0.506
3145	0.0	1.8	0.350
3146	0.0	1.8	0.189
3147	0.0	1.8	0.074
3148	0.0	1.8	0.054
3149	0.0	1.8	0.161
3150	0.0	1.8	0.403
3151	0.0	1.8	1.090
3152	0.0	1.8	1.167
3153	0.0	1.8	1.172
3154	0.0	1.8	1.228
3155	0.0	1.8	1.172
3156	0.0	1.8	1.136
3157	0.0	1.8	1.052
3158	0.0	1.8	0.924
3159	0.0	1.8	0.843
3160	0.0	1.8	0.786
3161	0.0	1.8	0.817
3162	0.0	1.8	1.014
3163	0.0	1.8	1.131
3164	0.0	1.8	1.399
3165	0.0	1.8	1.437
3166	0.0	1.8	1.340
3167	0.0	1.8	0.807
3168	0.0	1.8	0.506
3169	0.0	1.8	0.350
3170	0.0	1.8	0.189
3171	0.0	1.8	0.074
3172	0.0	1.8	0.054
3173	0.0	1.8	0.161
3174	0.0	1.8	0.403
3175	0.0	1.8	1.090
3176	0.0	1.8	1.167
3177	0.0	1.8	1.172
3178	0.0	1.8	1.228
3179	0.0	1.8	1.172
3180	0.0	1.8	1.136
3181	0.0	1.8	1.052
3182	0.0	1.8	0.924
3183	0.0	1.8	0.843
3184	0.0	1.8	0.786
3185	0.0	1.8	0.817
3186	0.0	1.8	1.014
3187	0.0	1.8	1.131
3188	0.0	1.8	1.399
3189	0.0	1.8	1.437
3190	0.0	1.8	1.340
3191	0.0	1.8	0.807
3192	0.0	1.8	0.506
3193	0.0	1.8	0.350
3194	0.0	1.8	0.189
3195	0.0	1.8	0.074
3196	0.0	1.8	0.054
3197	0.0	1.8	0.161
3198	0.0	1.8	0.403
3199	0.0	1.8	1.090
3200	0.0	1.8	1.167
3201	0.0	1.8	1.172
3202	0.0	1.7	1.228
3203	0.0	1.7	1.172
3204	0.0	1.7	1.136
3205	0.0	1.7	1.052
3206	0.0	1.7	0.924
3207	0.0	1.7	0.843
3208	0.0	1.7	0.786
3209	0.0	1.7	0.817
3210	0.0	1.7	1.014
3211	0.0	1.7	1.131
3212	0.0	1.7	1.399
3213	0.0	1.7	1.437
3214	0.0	1.7	1.340
3215	0.0	1.7	0.807
3216	0.0	1.7	0.506
3217	0.0	1.7	0.350
3218	0.0	1.7	0.189
3219	0.0	1.7	0.074
3220	0.0	1.7	0.054
3221	0.0	1.7	0.161
3222	0.0	1.7	0.403
3223	0.0	1.7	1.090
3224	0.0	1.7	1.167
3225	0.0	1.7	1.172
3226	0.0	1.7	1.228
3227	0.0	1.7	1.172
3228	0.0	1.7	1.136
3229	0.0	1.7	1.052
3230	0.0	1.7	0.924
3231	0.0	1.7	0.843
3232	0.0	1.7	0.786
3233	0.0	1.7	0.817
3234	0.0	1.7	1.014
3235	0.0	1.7	1.131
3236	0.0	1.7	1.399
3237	0.0	1.7	1.437
3238	0.0	1.7	1.340
3239	0.0	1.7	0.807
3240	0.0	1.7	0.506
3241	0.0	1.7	0.350
3242	0.0	1.7	0.189
3243	0.0	1.7	0.074
3244	0.0	1.7	0.054
3245	0.0	1.7	0.161
3246	0.0	1.7	0.403
3247	0.0	1.7	1.090
3248	0.0	1.7	1.167
3249	0.0	1.7	1.172
3250	0.0	1.7	1.228
3251	0.0	1.6	1.172
3252	0.0	1.6	1.136
3253	0.0	1.6	1.052
3254	0.0	1.6	0.924
3255	0.0	1.6	0.843
3256	0.0	1.6	0.786
3257	0.0	1.6	0.817
3258	0.0	1.6	1.014
3259	0.0	1.6	1.131
3260	0.0	1.6	1.399
3261	0.0	1.6	1.437
3262	0.0	1.6	1.340
3263	0.0	1.6	0.807
3264	0.0	1.6	0.506
3265	0.0	1.6	0.350
3266	0.0	1.6	0.189
3267	0.0	1.6	0.074
3268	0.0	1.6	0.054
3269	0.0	1.6	0.161
3270	0.0	1.6	0.403
3271	0.0	1.6	1.090
3272	0.0	1.6	1.167
3273	0.0	1.6	1.172
3274	0.0	1.6	1.228
3275	0.0	1.6	1.172
3276	0.0	1.6	1.136
3277	0.0	1.6	1.052
3278	0.0	1.6	0.924
3279	0.0	1.6	0.843
3280	0.0	1.6	0.786
3281	0.0	1.6	0.817
3282	0.0	1.6	1.014
3283	0.0	1.6	1.131
3284	0.0	1.6	1.399
3285	0.0	1.6	1.437
3286	0.0	1.6	1.340
3287	0.0	1.6	0.807
3288	0.0	1.6	0.506
3289	0.0	1.6	0.350
3290	0.0	1.6	0.189
3291	0.0	1.6	0.074
3292	0.0	1.6	0.054
3293	0.0	1.6	0.161
3294	0.0	1.6	0.403
3295	0.0	1.6	1.090
3296	0.0	1.6	1.167
3297	0.0	1.6	1.172
3298	0.0	1.6	1.228
3299	0.0	1.6	1.172
3300	0.0	1.6	1.136
3301	0.0	1.6	1.052
3302	0.0	1.5	0.924
3303	0.0	1.5	0.843
3304	0.0	1.5	0.786
3305	0.0	1.5	0.817
3306	0.0	1.5	1.014
3307	0.0	1.5	1.131
3308	0.0	1.5	1.399
3309	0.0	1.5	1.437
3310	0.0	1.5	1.340
3311	0.0	1.5	0.807
3312	0.0	1.5	0.506
3313	0.0	1.5	0.350
3314	0.0	1.5	0.189
3315	0.0	1.5	0.074
3316	0.0	1.5	0.054
3317	0.0	1.5	0.161
3318	0.0	1.5	0.403
3319	0.0	1.5	1.090
3320	0.0	1.5	1.167
3321	0.0	1.5	1.172
3322	0.0	1.5	1.228
3323	0.0	1.5	1.172
3324	0.0	1.5	1.136
3325	0.0	1.5	1.052
3326	0.0	1.5	0.924
3327	0.0	1.5	0.843
3328	0.0	1.5	0.786
3329	0.0	1.5	0.817
3330	0.0	1.5	1.014
3331	0.0	1.5	1.131
3332	0.0	1.5	1.399
3333	0.0	1.5	1.437
3334	0.0	1.5	1.340
3335	0.0	1.5	0.807
3336	0.0	1.5	0.506
3337	0.0	1.5	0.350
3338	0.0	1.5	0.189
3339	0.0	1.5	0.074
3340	0.0	1.5	0.054
3341	0.0	1.5	0.161
3342	0.0	1.5	0.403
3343	0.0	1.5	1.090
3344	0.0	1.5	1.167
3345	0.0	1.5	1.172
3346	0.0	1.5	1.228
3347	0.0	1.5	1.172
3348	0.0	1.5	1.136
3349	0.0	1.5	1.052
3350	0.0	1.5	0.924
3351	0.0	1.5	0.843
3352	0.0	1.5	0.786
3353	0.0	1.5	0.817
3354	0.0	1.5	1.014
3355	0.0	1.5	1.131
3356	0.0	1.5	1.399
3357	0.0	1.5	1.437
3358	0.0	1.5	1.340
3359	0.0	1.5	0.807
3360	0.0	1.5	0.506
3361	0.0	1.5	0.350
3362	0.0	1.4	0.189
3363	0.0	1.4	0.074
3364	0.0	1.4	0.054
3365	0.0	1.4	0.161
3366	0.0	1.4	0.403
3367	0.0	1.4	1.090
3368	0.0	1.4	1.167
3369	0.0	1.4	1.172
3370	0.0	1.4	1.228
3371	0.0	1.4	1.172
3372	0.0	1.4	1.136
3373	0.0	1.4	1.052
3374	0.0	1.4	0.924
3375	0.0	1.4	0.843
3376	0.0	1.4	0.786
3377	0.0	1.4	0.817
3378	0.0	1.4	1.014
3379	0.0	1.4	1.131
3380	0.0	1.4	1.399
3381	0.0	1.4	1.437
3382	0.0	1.4	1.340
3383	0.0	1.4	0.807
3384	0.0	1.4	0.506
3385	0.0	1.4	0.350
3386	0.0	1.4	0.189
3387	0.0	1.4	0.074
3388	0.0	1.4	0.054
3389	0.0	1.4	0.161
3390	0.0	1.4	0.403
3391	0.0	1.4	1.090
3392	0.0	1.4	1.167
3393	0.0	1.4	1.172
3394	0.0	1.4	1.228
3395	0.0	1.4	1.172
3396	0.0	1.4	1.136
3397	0.0	1.4	1.052
3398	0.0	1.4	0.924
3399	0.0	1.4	0.843
3400	0.0	1.4	0.786
3401	0.0	1.4	0.817
3402	0.0	1.4	1.014
3403	0.0	1.4	1.131
3404	0.0	1.4	1.399
3405	0.0	1.4	1.437
3406	0.0	1.4	1.340
3407	0.0	1.4	0.807
3408	0.0	1.4	0.506
3409	0.0	1.4	0.350
3410	0.0	1.4	0.189
3411	0.0	1.4	0.074
3412	0.0	1.4	0.054
3413	0.0	1.4	0.161
3414	0.0	1.4	0.403
3415	0.0	1.4	1.090
3416	0.0	1.4	1.167
3417	0.0	1.4	1.172
3418	0.0	1.3	1.228
3419	0.0	1.3	1.172
3420	0.0	1.3	1.136
3421	0.0	1.3	1.052
3422	0.0	1.3	0.924
3423	0.0	1.3	0.843
3424	0.0	1.3	0.786
3425	0.0	1.3	0.817
3426	0.0	1.3	1.014
3427	0.0	1.3	1.131
3428	0.0	1.3	1.399
3429	0.0	1.3	1.437
3430	0.0	1.3	1.340
3431	0.0	1.3	0.807
3432	0.0	1.3	0.506
3433	0.0	1.3	0.350
3434	0.0	1.3	0.189
3435	0.0	1.3	0.074
3436	0.0	1.3	0.054
3437	0.0	1.3	0.161
3438	0.0	1.3	0.403
3439	0.0	1.3	1.090
3440	0.0	1.3	1.167
3441	0.0	1.3	1.172
3442	0.0	1.3	1.228
3443	0.0	1.3	1.172
3444	0.0	1.3	1.136
3445	0.0	1.3	1.052
3446	0.0	1.3	0.924
3447	0.0	1.3	0.843
3448	0.0	1.3	0.786
3449	0.0	1.3	0.817
3450	0.0	1.3	1.014
3451	0.0	1.3	1.131
3452	0.0	1.3	1.399
3453	0.0	1.3	1.437
3454	0.0	1.3	1.340
3455	0.0	1.3	0.807
3456	0.0	1.3	0.506
3457	0.0	1.3	0.350
3458	0.0	1.3	0.189
3459	0.0	1.3	0.074
3460	0.0	1.3	0.054
3461	0.0	1.3	0.161
3462	0.0	1.3	0.403
3463	0.0	1.3	1.090
3464	0.0	1.3	1.167
3465	0.0	1.3	1.172
3466	0.0	1.3	1.228
3467	0.0	1.3	1.172
3468	0.0	1.3	1.136
3469	0.0	1.3	1.052
3470	0.0	1.3	0.924
3471	0.0	1.3	0.843
3472	0.0	1.3	0.786
3473	0.0	1.3	0.817
3474	0.0	1.3	1.014
3475	0.0	1.3	1.131
3476	0.0	1.2	1.399
3477	0.0	1.2	1.437
3478	0.0	1.2	1.340
3479	0.0	1.2	0.807
3480	0.0	1.2	0.506
3481	0.0	1.2	0.350
3482	0.0	1.2	0.189
3483	0.0	1.2	0.074
3484	0.0	1.2	0.054
3485	0.0	1.2	0.161
3486	0.0	1.2	0.403
3487	0.0	1.2	1.090
3488	0.0	1.2	1.167
3489	0.0	1.2	1.172
3490	0.0	1.2	1.228
3491	0.0	1.2	1.172
3492	0.0	1.2	1.136
3493	0.0	1.2	1.052
3494	0.0	1.2	0.924
3495	0.0	1.2	0.843
3496	0.0	1.2	0.786
3497	0.0	1.2	0.817
3498	0.0	1.2	1.014
3499	0.0	1.2	1.131
3500	0.0	1.2	1.399
3501	0.0	1.2	1.437
3502	0.0	1.2	1.340
3503	0.0	1.2	0.807
3504	0.0	1.2	0.506
3505	0.0	1.2	0.350
3506	0.0	1.2	0.189
3507	0.0	1.2	0.074
3508	0.0	1.2	0.054
3509	0.0	1.2	0.161
3510	0.0	1.2	0.403
3511	0.0	1.2	1.090
3512	0.0	1.1	1.167
3513	0.0	1.1	1.172
3514	0.0	1.1	1.228
3515	0.0	1.1	1.172
3516	0.0	1.1	1.136
3517	0.0	1.1	1.052
3518	0.0	1.1	0.924
3519	0.0	1.1	0.843
3520	0.0	1.1	0.786
3521	0.0	1.1	0.817
3522	0.0	1.1	1.014
3523	0.0	1.1	1.131
3524	0.0	1.1	1.399
3525	0.0	1.1	1.437
3526	0.0	1.1	1.340
3527	0.0	1.1	0.807
3528	0.0	1.1	0.506
3529	0.0	1.1	0.350
3530	0.0	1.1	0.189
3531	0.0	1.1	0.074
3532	0.0	1.1	0.054
3533	0.0	1.1	0.161
3534	0.0	1.1	0.403
3535	0.0	1.1	1.090
3536	0.0	1.1	1.167
3537	0.0	1.1	1.172
3538	0.0	1.1	1.228
3539	0.0	1.1	1.172
3540	0.0	1.1	1.136
3541	0.0	1.1	1.052
3542	0.0	1.1	0.924
3543	0.0	1.1	0.843
3544	0.0	1.1	0.786
3545	0.0	1.1	0.817
3546	0.0	1.1	1.014
3547	0.0	1.1	1.131
3548	0.0	1.1	1.399
3549	0.0	1.1	1.437
3550	0.0	1.1	1.340
3551	0.0	1.1	0.807
3552	0.0	1.1	0.506
3553	0.0	1.1	0.350
3554	0.0	1.1	0.189
3555	0.0	1.1	0.074
3556	0.0	1.1	0.054
3557	0.0	1.1	0.161
3558	0.0	1.1	0.403
3559	0.0	1.1	1.090
3560	0.0	1.1	1.167
3561	0.0	1.1	1.172
3562	0.0	1.1	1.228
3563	0.0	1.1	1.172
3564	0.0	1.1	1.136
3565	0.0	1.0	1.052
3566	0.0	1.0	0.924
3567	0.0	1.0	0.843
3568	0.0	1.0	0.786
3569	0.0	1.0	0.817
3570	0.0	1.0	1.014
3571	0.0	1.0	1.131
3572	0.0	1.0	1.399
3573	0.0	1.0	1.437
3574	0.0	1.0	1.340
3575	0.0	1.0	0.807
3576	0.0	1.0	0.506
3577	0.0	1.0	0.350
3578	0.0	1.0	0.189
3579	0.0	1.0	0.074
3580	0.0	1.0	0.054
3581	0.0	1.0	0.161
3582	0.0	1.0	0.403
3583	0.0	1.0	1.090
3584	0.0	1.0	1.167
3585	0.0	1.0	1.172
3586	0.0	1.0	1.228
3587	0.0	1.0	1.172
3588	0.0	1.0	1.136
3589	0.0	1.0	1.052
3590	0.0	1.0	0.924
3591	0.0	1.0	0.843
3592	0.0	1.0	0.786
3593	0.0	1.0	0.817
3594	0.0	1.0	1.014
3595	0.0	1.0	1.131
3596	0.0	1.0	1.399
3597	0.0	1.0	1.437
3598	0.0	1.0	1.340
3599	0.0	1.0	0.807
3600	0.0	1.0	0.506
3601	0.0	1.0	0.350
3602	0.0	1.0	0.189
3603	0.0	1.0	0.074
3604	0.0	1.0	0.054
3605	0.0	1.0	0.161
3606	0.0	1.0	0.403
3607	0.0	1.0	1.090
3608	0.0	1.0	1.167
3609	0.0	1.0	1.172
3610	0.0	1.0	1.228
3611	0.0	1.0	1.172
3612	0.0	1.0	1.136
3613	0.0	1.0	1.052
3614	0.0	1.0	0.924
3615	0.0	1.0	0.843
3616	0.0	1.0	0.786
3617	0.0	1.0	0.817
3618	0.0	1.0	1.014
3619	0.0	1.0	1.131
3620	0.0	1.0	1.399
3621	0.0	1.0	1.437
3622	0.0	1.0	1.340
3623	0.0	1.0	0.807
3624	0.0	1.0	0.506
3625	0.0	1.0	0.350
3626	0.0	1.0	0.189
3627	0.0	1.0	0.074
3628	0.0	1.0	0.054
3629	0.0	1.0	0.161
3630	0.0	1.0	0.403
3631	0.0	1.0	1.090
3632	0.0	1.0	1.167
3633	0.0	1.0	1.172
3634	0.0	1.0	1.228
3635	0.0	1.0	1.172
3636	0.0	1.0	1.136
3637	0.0	1.0	1.052
3638	0.0	1.0	0.924
3639	0.0	1.0	0.843
3640	0.0	1.0	0.786
3641	0.0	1.0	0.817
3642	0.0	1.0	1.014
3643	0.0	1.0	1.131
3644	0.0	1.0	1.399
3645	0.0	1.0	1.437
3646	0.0	1.0	1.340
3647	0.0	1.0	0.807
3648	0.0	1.0	0.506
3649	0.0	1.0	0.350
3650	0.0	1.0	0.189
3651	0.0	1.0	0.074
3652	0.0	1.0	0.054
3653	0.0	1.0	0.161
3654	0.0	1.0	0.403
3655	0.0	1.0	1.090
3656	0.0	1.0	1.167
3657	0.0	1.0	1.172
3658	0.0	0.9	1.228
3659	0.0	0.9	1.172
3660	0.0	0.9	1.136
3661	0.0	0.9	1.052
3662	0.0	0.9	0.924
3663	0.0	0.9	0.843
3664	0.0	0.9	0.786
3665	0.0	0.9	0.817
3666	0.0	0.9	1.014
3667	0.0	0.9	1.131
3668	0.0	0.9	1.399
3669	0.0	0.9	1.437
3670	0.0	0.9	1.340
3671	0.0	0.9	0.807
3672	0.0	0.9	0.506
3673	0.0	0.9	0.350
3674	0.0	0.9	0.189
3675	0.0	0.9	0.074
3676	0.0	0.9	0.054
3677	0.0	0.9	0.161
3678	0.0	0.9	0.403
3679	0.0	0.9	1.090
3680	0.0	0.9	1.167
3681	0.0	0.9	1.172
3682	0.0	0.9	1.228
3683	0.0	0.9	1.172
3684	0.0	0.9	1.136
3685	0.0	0.9	1.052
3686	0.0	0.9	0.924
3687	0.0	0.9	0.843
3688	0.0	0.9	0.786
3689	0.0	0.9	0.817
3690	0.0	0.9	1.014
3691	0.0	0.9	1.131
3692	0.0	0.9	1.399
3693	0.0	0.9	1.437
3694	0.0	0.9	1.340
3695	0.0	0.9	0.807
3696	0.0	0.9	0.506
3697	0.0	0.9	0.350
3698	0.0	0.9	0.189
3699	0.0	0.9	0.074
3700	0.0	0.9	0.054
3701	0.0	0.9	0.161
3702	0.0	0.9	0.403
3703	0.0	0.9	1.090
3704	0.0	0.9	1.167
3705	0.0	0.9	1.172
3706	0.0	0.9	1.228
3707	0.0	0.9	1.172
3708	0.0	0.9	1.136
3709	0.0	0.9	1.052
3710	0.0	0.9	0.924
3711	0.0	0.9	0.843
3712	0.0	0.9	0.786
3713	0.0	0.9	0.817
3714	0.0	0.9	1.014
3715	0.0	0.9	1.131
3716	0.0	0.9	1.399
3717	0.0	0.9	1.437
3718	0.0	0.9	1.340
3719	0.0	0.9	0.807
3720	0.0	0.9	0.506
3721	0.0	0.9	0.350
3722	0.0	0.9	0.189
3723	0.0	0.9	0.074
3724	0.0	0.9	0.054
3725	0.0	0.9	0.161
3726	0.0	0.9	0.403
3727	0.0	0.9	1.090
3728	0.0	0.9	1.167
3729	0.0	0.9	1.172
3730	0.0	0.9	1.228
3731	0.0	0.9	1.172
3732	0.0	0.9	1.136
3733	0.0	0.9	1.052
3734	0.0	0.9	0.924
3735	0.0	0.9	0.843
3736	0.0	0.9	0.786
3737	0.0	0.9	0.817
3738	0.0	0.9	1.014
3739	0.0	0.9	1.131
3740	0.0	0.9	1.399
3741	0.0	0.9	1.437
3742	0.0	0.9	1.340
3743	0.0	0.9	0.807
3744	0.0	0.9	0.506
3745	0.0	0.9	0.350
3746	0.0	0.9	0.189
3747	0.0	0.9	0.074
3748	0.0	0.9	0.054
3749	0.0	0.9	0.161
3750	0.0	0.9	0.403
3751	0.0	0.9	1.090
3752	0.0	0.8	1.167
3753	0.0	0.8	1.172
3754	0.0	0.8	1.228
3755	0.0	0.8	1.172
3756	0.0	0.8	1.136
3757	0.0	0.8	1.052
3758	0.0	0.8	0.924
3759	0.0	0.8	0.843
3760	0.0	0.8	0.786
3761	0.0	0.8	0.817
3762	0.0	0.8	1.014
3763	0.0	0.8	1.131
3764	0.0	0.8	1.399
3765	0.0	0.8	1.437
3766	0.0	0.8	1.340
3767	0.0	0.8	0.807
3768	0.0	0.8	0.506
3769	0.0	0.8	0.350
3770	0.0	0.8	0.189
3771	0.0	0.8	0.074
3772	0.0	0.8	0.054
3773	0.0	0.8	0.161
3774	0.0	0.8	0.403
3775	0.0	0.8	1.090
3776	0.0	0.8	1.167
3777	0.0	0.8	1.172
3778	0.0	0.8	1.228
3779	0.0	0.8	1.172
3780	0.0	0.8	1.136
3781	0.0	0.8	1.052
3782	0.0	0.8	0.924
3783	0.0	0.8	0.843
3784	0.0	0.8	0.786
3785	0.0	0.8	0.817
3786	0.0	0.8	1.014
3787	0.0	0.8	1.131
3788	0.0	0.8	1.399
3789	0.0	0.8	1.437
3790	0.0	0.8	1.340
3791	0.0	0.8	0.807
3792	0.0	0.8	0.506
3793	0.0	0.8	0.350
3794	0.0	0.8	0.189
3795	0.0	0.8	0.074
3796	0.0	0.8	0.054
3797	0.0	0.8	0.161
3798	0.0	0.8	0.403
3799	0.0	0.8	1.090
3800	0.0	0.8	1.167
3801	0.0	0.8	1.172
3802	0.0	0.8	1.228
3803	0.0	0.8	1.172
3804	0.0	0.8	1.136
3805	0.0	0.8	1.052
3806	0.0	0.8	0.924
3807	0.0	0.8	0.843
3808	0.0	0.8	0.786
3809	0.0	0.8	0.817
3810	0.0	0.8	1.014
3811	0.0	0.8	1.131
3812	0.0	0.8	1.399
3813	0.0	0.8	1.437
3814	0.0	0.8	1.340
3815	0.0	0.8	0.807
3816	0.0	0.8	0.506
3817	0.0	0.8	0.350
3818	0.0	0.8	0.189
3819	0.0	0.8	0.074
3820	0.0	0.8	0.054
3821	0.0	0.8	0.161
3822	0.0	0.8	0.403
3823	0.0	0.8	1.090
3824	0.0	0.8	1.167
3825	0.0	0.8	1.172
3826	0.0	0.8	1.228
3827	0.0	0.8	1.172
3828	0.0	0.8	1.136
3829	0.0	0.8	1.052
3830	0.0	0.8	0.924
3831	0.0	0.8	0.843
3832	0.0	0.8	0.786
3833	0.0	0.8	0.817
3834	0.0	0.8	1.014
3835	0.0	0.8	1.131
3836	0.0	0.8	1.399
3837	0.0	0.8	1.437
3838	0.0	0.8	1.340
3839	0.0	0.8	0.807
3840	0.0	0.8	0.506
3841	0.0	0.8	0.350
3842	0.0	0.8	0.189
3843	0.0	0.8	0.074
3844	0.0	0.8	0.054
3845	0.0	0.8	0.161
3846	0.0	0.8	0.403
3847	0.0	0.8	1.090
3848	0.0	0.8	1.167
3849	0.0	0.8	1.172
3850	0.0	0.8	1.228
3851	0.0	0.7	1.172
3852	0.0	0.7	1.136
3853	0.0	0.7	1.052
3854	0.0	0.7	0.924
3855	0.0	0.7	0.843
3856	0.0	0.7	0.786
3857	0.0	0.7	0.817
3858	0.0	0.7	1.014
3859	0.0	0.7	1.131
3860	0.0	0.7	1.399
3861	0.0	0.7	1.437
3862	0.0	0.7	1.340
3863	0.0	0.7	0.807
3864	0.0	0.7	0.506
3865	0.0	0.7	0.350
3866	0.0	0.7	0.189
3867	0.0	0.7	0.074
3868	0.0	0.7	0.054
3869	0.0	0.7	0.161
3870	0.0	0.7	0.403
3871	0.0	0.7	1.090
3872	0.0	0.7	1.167
3873	0.0	0.7	1.172
3874	0.0	0.7	1.228
3875	0.0	0.7	1.172
3876	0.0	0.7	1.136
3877	0.0	0.7	1.052
3878	0.0	0.7	0.924
3879	0.0	0.7	0.843
3880	0.0	0.7	0.786
3881	0.0	0.7	0.817
3882	0.0	0.7	1.014
3883	0.0	0.7	1.131
3884	0.0	0.7	1.399
3885	0.0	0.7	1.437
3886	0.0	0.7	1.340
3887	0.0	0.7	0.807
3888	0.0	0.7	0.506
3889	0.0	0.7	0.350
3890	0.0	0.7	0.189
3891	0.0	0.7	0.074
3892	0.0	0.7	0.054
3893	0.0	0.7	0.161
3894	0.0	0.7	0.403
3895	0.0	0.7	1.090
3896	0.0	0.7	1.167
3897	0.0	0.7	1.172
3898	0.0	0.7	1.228
3899	0.0	0.7	1.172
3900	0.0	0.7	1.136
3901	0.0	0.7	1.052
3902	0.0	0.7	0.924
3903	0.0	0.7	0.843
3904	0.0	0.7	0.786
3905	0.0	0.7	0.817
3906	0.0	0.7	1.014
3907	0.0	0.7	1.131
3908	0.0	0.7	1.399
3909	0.0	0.7	1.437
3910	0.0	0.7	1.340
3911	0.0	0.7	0.807
3912	0.0	0.7	0.506
3913	0.0	0.7	0.350
3914	0.0	0.7	0.189
3915	0.0	0.7	0.074
3916	0.0	0.7	0.054
3917	0.0	0.7	0.161
3918	0.0	0.7	0.403
3919	0.0	0.7	1.090
3920	0.0	0.7	1.167
3921	0.0	0.7	1.172
3922	0.0	0.7	1.228
3923	0.0	0.7	1.172
3924	0.0	0.7	1.136
3925	0.0	0.7	1.052
3926	0.0	0.7	0.924
3927	0.0	0.7	0.843
3928	0.0	0.7	0.786
3929	0.0	0.7	0.817
3930	0.0	0.7	1.014
3931	0.0	0.7	1.131
3932	0.0	0.7	1.399
3933	0.0	0.7	1.437
3934	0.0	0.7	1.340
3935	0.0	0.7	0.807
3936	0.0	0.7	0.506
3937	0.0	0.7	0.350
3938	0.0	0.7	0.189
3939	0.0	0.7	0.074
3940	0.0	0.7	0.054
3941	0.0	0.6	0.161
3942	0.0	0.6	0.403
3943	0.0	0.6	1.090
3944	0.0	0.6	1.167
3945	0.0	0.6	1.172
3946	0.0	0.6	1.228
3947	0.0	0.6	1.172
3948	0.0	0.6	1.136
3949	0.0	0.6	1.052
3950	0.0	0.6	0.924
3951	0.0	0.6	0.843
3952	0.0	0.6	0.786
3953	0.0	0.6	0.817
3954	0.0	0.6	1.014
3955	0.0	0.6	1.131
3956	0.0	0.6	1.399
3957	0.0	0.6	1.437
3958	0.0	0.6	1.340
3959	0.0	0.6	0.807
3960	0.0	0.6	0.506
3961	0.0	0.6	0.350
3962	0.0	0.6	0.189
3963	0.0	0.6	0.074
3964	0.0	0.6	0.054
3965	0.0	0.6	0.161
3966	0.0	0.6	0.403
3967	0.0	0.6	1.090
3968	0.0	0.6	1.167
3969	0.0	0.6	1.172
3970	0.0	0.6	1.228
3971	0.0	0.6	1.172
3972	0.0	0.6	1.136
3973	0.0	0.6	1.052
3974	0.0	0.6	0.924
3975	0.0	0.6	0.843
3976	0.0	0.6	0.786
3977	0.0	0.6	0.817
3978	0.0	0.6	1.014
3979	0.0	0.6	1.131
3980	0.0	0.6	1.399
3981	0.0	0.6	1.437
3982	0.0	0.6	1.340
3983	0.0	0.6	0.807
3984	0.0	0.6	0.506
3985	0.0	0.6	0.350
3986	0.0	0.6	0.189
3987	0.0	0.6	0.074
3988	0.0	0.6	0.054
3989	0.0	0.6	0.161
3990	0.0	0.6	0.403
3991	0.0	0.6	1.090
3992	0.0	0.6	1.167
3993	0.0	0.6	1.172
3994	0.0	0.6	1.228
3995	0.0	0.6	1.172
3996	0.0	0.6	1.136
3997	0.0	0.6	1.052
3998	0.0	0.6	0.924
3999	0.0	0.6	0.843
4000	0.0	0.6	0.786
4001	0.0	0.6	0.817
4002	0.0	0.6	1.014
4003	0.0	0.6	1.131
4004	0.0	0.6	1.399
4005	0.0	0.6	1.437
4006	0.0	0.6	1.340
4007	0.0	0.6	0.807
4008	0.0	0.6	0.506
4009	0.0	0.6	0.350
4010	0.0	0.6	0.189
4011	0.0	0.6	0.074
4012	0.0	0.6	0.054
4013	0.0	0.6	0.161
4014	0.0	0.6	0.403
4015	0.0	0.6	1.090
4016	0.0	0.6	1.167
4017	0.0	0.6	1.172
4018	0.0	0.6	1.228
4019	0.0	0.6	1.172
4020	0.0	0.6	1.136
4021	0.0	0.6	1.052
4022	0.0	0.6	0.924
4023	0.0	0.6	0.843
4024	0.0	0.6	0.786
4025	0.0	0.6	0.817
4026	0.0	0.6	1.014
4027	0.0	0.6	1.131
4028	0.0	0.6	1.399
4029	0.0	0.6	1.437
4030	0.0	0.6	1.340
4031	0.0	0.5	0.807
4032	0.0	0.5	0.506
4033	0.0	0.5	0.350
4034	0.0	0.5	0.189
4035	0.0	0.5	0.074
4036	0.0	0.5	0.054
4037	0.0	0.5	0.161
4038	0.0	0.5	0.403
4039	0.0	0.5	1.090
4040	0.0	0.5	1.167
4041	0.0	0.5	1.172
4042	0.0	0.5	1.228
4043	0.0	0.5	1.172
4044	0.0	0.5	1.136
4045	0.0	0.5	1.052
4046	0.0	0.5	0.924
4047	0.0	0.5	0.843
4048	0.0	0.5	0.786
4049	0.0	0.5	0.817
4050	0.0	0.5	1.014
4051	0.0	0.5	1.131
4052	0.0	0.5	1.399
4053	0.0	0.5	1.437
4054	0.0	0.5	1.340
4055	0.0	0.5	0.807
4056	0.0	0.5	0.506
4057	0.0	0.5	0.350
4058	0.0	0.5	0.189
4059	0.0	0.5	0.074
4060	0.0	0.5	0.054
4061	0.0	0.5	0.161
4062	0.0	0.5	0.403
4063	0.0	0.5	1.090
4064	0.0	0.5	1.167
4065	0.0	0.5	1.172
4066	0.0	0.5	1.228
4067	0.0	0.5	1.172
4068	0.0	0.5	1.136
4069	0.0	0.5	1.052
4070	0.0	0.5	0.924
4071	0.0	0.5	0.843
4072	0.0	0.5	0.786
4073	0.0	0.5	0.817
4074	0.0	0.5	1.014
4075	0.0	0.5	1.131
4076	0.0	0.5	1.399
4077	0.0	0.5	1.437
4078	0.0	0.5	1.340
4079	0.0	0.5	0.807
4080	0.0	0.5	0.506
4081	0.0	0.5	0.350
4082	0.0	0.5	0.189
4083	0.0	0.5	0.074
4084	0.0	0.5	0.054
4085	0.0	0.5	0.161
4086	0.0	0.5	0.403
4087	0.0	0.5	1.090
4088	0.0	0.5	1.167
4089	0.0	0.5	1.172
4090	0.0	0.5	1.228
4091	0.0	0.5	1.172
4092	0.0	0.5	1.136
4093	0.0	0.5	1.052
4094	0.0	0.5	0.924
4095	0.0	0.5	0.843
4096	0.0	0.5	0.786
4097	0.0	0.5	0.817
4098	0.0	0.5	1.014
4099	0.0	0.5	1.131
4100	0.0	0.5	1.399
4101	0.0	0.5	1.437
4102	0.0	0.5	1.340
4103	0.0	0.5	0.807
4104	0.0	0.5	0.506
4105	0.0	0.5	0.350
4106	0.0	0.5	0.189
4107	0.0	0.5	0.074
4108	0.0	0.5	0.054
4109	0.0	0.5	0.161
4110	0.0	0.5	0.403
4111	0.0	0.5	1.090
4112	0.0	0.5	1.167
4113	0.0	0.5	1.172
4114	0.0	0.5	1.228
4115	0.0	0.5	1.172
4116	0.0	0.5	1.136
4117	0.0	0.5	1.052
4118	0.0	0.5	0.924
4119	0.0	0.5	0.843
4120	0.0	0.5	0.786
4121	0.0	0.5	0.817
4122	0.0	0.5	1.014
4123	0.0	0.5	1.131
4124	0.0	0.5	1.399
4125	0.0	0.5	1.437
4126	0.0	0.5	1.340
4127	0.0	0.5	0.807
4128	0.0	0.5	0.506
4129	0.0	0.5	0.350
4130	0.0	0.5	0.189
4131	0.0	0.5	0.074
4132	0.0	0.5	0.054
4133	0.0	0.5	0.161
4134	0.0	0.5	0.403
4135	0.0	0.5	1.090
4136	0.0	0.5	1.167
4137	0.0	0.5	1.172
4138	0.0	0.5	1.228
4139	0.0	0.5	1.172
4140	0.0	0.5	1.136
4141	0.0	0.5	1.052
4142	0.0	0.5	0.924
4143	0.0	0.5	0.843
4144	0.0	0.5	0.786
4145	0.0	0.5	0.817
4146	0.0	0.5	1.014
4147	0.0	0.5	1.131
4148	0.0	0.4	1.399
4149	0.0	0.4	1.437
4150	0.0	0.4	1.340
4151	0.0	0.4	0.807
4152	0.0	0.4	0.506
4153	0.0	0.4	0.350
4154	0.0	0.4	0.189
4155	0.0	0.4	0.074
4156	0.0	0.4	0.054
4157	0.0	0.4	0.161
4158	0.0	0.4	0.403
4159	0.0	0.4	1.090
4160	0.0	0.4	1.167
4161	0.0	0.4	1.172
4162	0.0	0.4	1.228
4163	0.0	0.4	1.172
4164	0.0	0.4	1.136
4165	0.0	0.4	1.052
4166	0.0	0.4	0.924
4167	0.0	0.4	0.843
4168	0.0	0.4	0.786
4169	0.0	0.4	0.817
4170	0.0	0.4	1.014
4171	0.0	0.4	1.131
4172	0.0	0.4	1.399
4173	0.0	0.4	1.437
4174	0.0	0.4	1.340
4175	0.0	0.4	0.807
4176	0.0	0.4	0.506
4177	0.0	0.4	0.350
4178	0.0	0.4	0.189
4179	0.0	0.4	0.074
4180	0.0	0.4	0.054
4181	0.0	0.4	0.161
4182	0.0	0.4	0.403
4183	0.0	0.4	1.090
4184	0.0	0.4	1.167
4185	0.0	0.4	1.172
4186	0.0	0.4	1.228
4187	0.0	0.4	1.172
4188	0.0	0.4	1.136
4189	0.0	0.4	1.052
4190	0.0	0.4	0.924
4191	0.0	0.4	0.843
4192	0.0	0.4	0.786
4193	0.0	0.4	0.817
4194	0.0	0.4	1.014
4195	0.0	0.4	1.131
4196	0.0	0.4	1.399
4197	0.0	0.4	1.437
4198	0.0	0.4	1.340
4199	0.0	0.4	0.807
4200	0.0	0.4	0.506
4201	0.0	0.4	0.350
4202	0.0	0.4	0.189
4203	0.0	0.4	0.074
4204	0.0	0.4	0.054
4205	0.0	0.4	0.161
4206	0.0	0.4	0.403
4207	0.0	0.4	1.090
4208	0.0	0.4	1.167
4209	0.0	0.4	1.172
4210	0.0	0.4	1.228
4211	0.0	0.4	1.172
4212	0.0	0.4	1.136
4213	0.0	0.4	1.052
4214	0.0	0.4	0.924
4215	0.0	0.4	0.843
4216	0.0	0.4	0.786
4217	0.0	0.4	0.817
4218	0.0	0.4	1.014
4219	0.0	0.4	1.131
4220	0.0	0.4	1.399
4221	0.0	0.4	1.437
4222	0.0	0.4	1.340
4223	0.0	0.4	0.807
4224	0.0	0.4	0.506
4225	0.0	0.4	0.350
4226	0.0	0.4	0.189
4227	0.0	0.4	0.074
4228	0.0	0.4	0.054
4229	0.0	0.4	0.161
4230	0.0	0.4	0.403
4231	0.0	0.4	1.090
4232	0.0	0.4	1.167
4233	0.0	0.4	1.172
4234	0.0	0.4	1.228
4235	0.0	0.4	1.172
4236	0.0	0.4	1.136
4237	0.0	0.4	1.052
4238	0.0	0.4	0.924
4239	0.0	0.4	0.843
4240	0.0	0.4	0.786
4241	0.0	0.4	0.817
4242	0.0	0.4	1.014
4243	0.0	0.4	1.131
4244	0.0	0.4	1.399
4245	0.0	0.4	1.437
4246	0.0	0.4	1.340
4247	0.0	0.4	0.807
4248	0.0	0.4	0.506
4249	0.0	0.4	0.350
4250	0.0	0.4	0.189
4251	0.0	0.4	0.074
4252	0.0	0.4	0.054
4253	0.0	0.4	0.161
4254	0.0	0.4	0.403
4255	0.0	0.4	1.090
4256	0.0	0.4	1.167
4257	0.0	0.4	1.172
4258	0.0	0.4	1.228
4259	0.0	0.4	1.172
4260	0.0	0.4	1.136
4261	0.0	0.4	1.052
4262	0.0	0.4	0.924
4263	0.0	0.4	0.843
4264	0.0	0.4	0.786
4265	0.0	0.4	0.817
4266	0.0	0.4	1.014
4267	0.0	0.4	1.131
4268	0.0	0.4	1.399
4269	0.0	0.4	1.437
4270	0.0	0.4	1.340
4271	0.0	0.4	0.807
4272	0.0	0.4	0.506
4273	0.0	0.4	0.350
4274	0.0	0.4	0.189
4275	0.0	0.4	0.074
4276	0.0	0.4	0.054
4277	0.0	0.4	0.161
4278	0.0	0.4	0.403
4279	0.0	0.4	1.090
4280	0.0	0.4	1.167
4281	0.0	0.4	1.172
4282	0.0	0.4	1.228
4283	0.0	0.4	1.172
4284	0.0	0.4	1.136
4285	0.0	0.4	1.052
4286	0.0	0.4	0.924
4287	0.0	0.4	0.843
4288	0.0	0.4	0.786
4289	0.0	0.4	0.817
4290	0.0	0.4	1.014
4291	0.0	0.4	1.131
4292	0.0	0.4	1.399
4293	0.0	0.4	1.437
4294	0.0	0.4	1.340
4295	0.0	0.4	0.807
4296	0.0	0.4	0.506
4297	0.0	0.4	0.350
4298	0.0	0.4	0.189
4299	0.0	0.4	0.074
4300	0.0	0.4	0.054
4301	0.0	0.4	0.161
4302	0.0	0.4	0.403
4303	0.0	0.4	1.090
4304	0.0	0.4	1.167
4305	0.0	0.4	1.172
4306	0.0	0.4	1.228
4307	0.0	0.4	1.172
4308	0.0	0.4	1.136
4309	0.0	0.4	1.052
4310	0.0	0.4	0.924
4311	0.0	0.4	0.843
4312	0.0	0.4	0.786
4313	0.0	0.4	0.817
4314	0.0	0.4	1.014
4315	0.0	0.4	1.131
4316	0.0	0.4	1.399
4317	0.0	0.4	1.437
4318	0.0	0.4	1.340
4319	0.0	0.4	0.807
4320	0.0	0.3	0.506
4321	0.0	0.3	0.350
4322	0.0	0.3	0.189
4323	0.0	0.3	0.074
4324	0.0	0.3	0.054
4325	0.0	0.3	0.161
4326	0.0	0.3	0.403
4327	0.0	0.3	1.090
4328	0.0	0.3	1.167
4329	0.0	0.3	1.172
4330	0.0	0.3	1.228
4331	0.0	0.3	1.172
4332	0.0	0.3	1.136
4333	0.0	0.3	1.052
4334	0.0	0.3	0.924
4335	0.0	0.3	0.843
4336	0.0	0.3	0.786
4337	0.0	0.3	0.817
4338	0.0	0.3	1.014
4339	0.0	0.3	1.131
4340	0.0	0.3	1.399
4341	0.0	0.3	1.437
4342	0.0	0.3	1.340
4343	0.0	0.3	0.807
4344	0.0	0.3	0.506
4345	0.0	0.3	0.350
4346	0.0	0.3	0.189
4347	0.0	0.3	0.074
4348	0.0	0.3	0.054
4349	0.0	0.3	0.161
4350	0.0	0.3	0.403
4351	0.0	0.3	1.090
4352	0.0	0.3	1.167
4353	0.0	0.3	1.172
4354	0.0	0.3	1.228
4355	0.0	0.3	1.172
4356	0.0	0.3	1.136
4357	0.0	0.3	1.052
4358	0.0	0.3	0.924
4359	0.0	0.3	0.843
4360	0.0	0.3	0.786
4361	0.0	0.3	0.817
4362	0.0	0.3	1.014
4363	0.0	0.3	1.131
4364	0.0	0.3	1.399
4365	0.0	0.3	1.437
4366	0.0	0.3	1.340
4367	0.0	0.3	0.807
4368	0.0	0.3	0.506
4369	0.0	0.3	0.350
4370	0.0	0.3	0.189
4371	0.0	0.3	0.074
4372	0.0	0.3	0.054
4373	0.0	0.3	0.161
4374	0.0	0.3	0.403
4375	0.0	0.3	1.090
4376	0.0	0.3	1.167
4377	0.0	0.3	1.172
4378	0.0	0.3	1.228
4379	0.0	0.3	1.172
4380	0.0	0.3	1.136
4381	0.0	0.3	1.052
4382	0.0	0.3	0.924
4383	0.0	0.3	0.843
4384	0.0	0.3	0.786
4385	0.0	0.3	0.817
4386	0.0	0.3	1.014
4387	0.0	0.3	1.131
4388	0.0	0.3	1.399
4389	0.0	0.3	1.437
4390	0.0	0.3	1.340
4391	0.0	0.3	0.807
4392	0.0	0.3	0.506
4393	0.0	0.3	0.350
4394	0.0	0.3	0.189
4395	0.0	0.3	0.074
4396	0.0	0.3	0.054
4397	0.0	0.3	0.161
4398	0.0	0.3	0.403
4399	0.0	0.3	1.090
4400	0.0	0.3	1.167
4401	0.0	0.3	1.172
4402	0.0	0.3	1.228
4403	0.0	0.3	1.172
4404	0.0	0.3	1.136
4405	0.0	0.3	1.052
4406	0.0	0.3	0.924
4407	0.0	0.3	0.843
4408	0.0	0.3	0.786
4409	0.0	0.3	0.817
4410	0.0	0.3	1.014
4411	0.0	0.3	1.131
4412	0.0	0.3	1.399
4413	0.0	0.3	1.437
4414	0.0	0.3	1.340
4415	0.0	0.3	0.807
4416	0.0	0.3	0.506
4417	0.0	0.3	0.350
4418	0.0	0.3	0.189
4419	0.0	0.3	0.074
4420	0.0	0.3	0.054
4421	0.0	0.3	0.161
4422	0.0	0.3	0.403
4423	0.0	0.3	1.090
4424	0.0	0.3	1.167
4425	0.0	0.3	1.172
4426	0.0	0.3	1.228
4427	0.0	0.3	1.172
4428	0.0	0.3	1.136
4429	0.0	0.3	1.052
4430	0.0	0.3	0.924
4431	0.0	0.3	0.843
4432	0.0	0.3	0.786
4433	0.0	0.3	0.817
4434	0.0	0.3	1.014
4435	0.0	0.3	1.131
4436	0.0	0.3	1.399
4437	0.0	0.3	1.437
4438	0.0	0.3	1.340
4439	0.0	0.3	0.807
4440	0.0	0.3	0.506
4441	0.0	0.3	0.350
4442	0.0	0.3	0.189
4443	0.0	0.3	0.074
4444	0.0	0.3	0.054
4445	0.0	0.3	0.161
4446	0.0	0.3	0.403
4447	0.0	0.3	1.090
4448	0.0	0.3	1.167
4449	0.0	0.3	1.172
4450	0.0	0.3	1.228
4451	0.0	0.3	1.172
4452	0.0	0.3	1.136
4453	0.0	0.3	1.052
4454	0.0	0.3	0.924
4455	0.0	0.3	0.843
4456	0.0	0.3	0.786
4457	0.0	0.3	0.817
4458	0.0	0.3	1.014
4459	0.0	0.3	1.131
4460	0.0	0.3	1.399
4461	0.0	0.3	1.437
4462	0.0	0.3	1.340
4463	0.0	0.3	0.807
4464	0.0	0.3	0.506
4465	0.0	0.3	0.350
4466	0.0	0.3	0.189
4467	0.0	0.3	0.074
4468	0.0	0.3	0.054
4469	0.0	0.3	0.161
4470	0.0	0.3	0.403
4471	0.0	0.3	1.090
4472	0.0	0.3	1.167
4473	0.0	0.3	1.172
4474	0.0	0.3	1.228
4475	0.0	0.3	1.172
4476	0.0	0.3	1.136
4477	0.0	0.3	1.052
4478	0.0	0.3	0.924
4479	0.0	0.3	0.843
4480	0.0	0.3	0.786
4481	0.0	0.3	0.817
4482	0.0	0.3	1.014
4483	0.0	0.3	1.131
4484	0.0	0.3	1.399
4485	0.0	0.3	1.437
4486	0.0	0.3	1.340
4487	0.0	0.3	0.807
4488	0.0	0.3	0.506
4489	0.0	0.3	0.350
4490	0.0	0.3	0.189
4491	0.0	0.3	0.074
4492	0.0	0.3	0.054
4493	0.0	0.3	0.161
4494	0.0	0.3	0.403
4495	0.0	0.3	1.090
4496	0.0	0.3	1.167
4497	0.0	0.3	1.172
4498	0.0	0.3	1.228
4499	0.0	0.3	1.172
4500	0.0	0.3	1.136
4501	0.0	0.3	1.052
4502	0.0	0.3	0.924
4503	0.0	0.3	0.843
4504	0.0	0.3	0.786
4505	0.0	0.3	0.817
4506	0.0	0.3	1.014
4507	0.0	0.3	1.131
4508	0.0	0.3	1.399
4509	0.0	0.3	1.437
4510	0.0	0.3	1.340
4511	0.0	0.3	0.807
4512	0.0	0.3	0.506
4513	0.0	0.3	0.350
4514	0.0	0.3	0.189
4515	0.0	0.3	0.074
4516	0.0	0.3	0.054
4517	0.0	0.3	0.161
4518	0.0	0.3	0.403
4519	0.0	0.3	1.090
4520	0.0	0.3	1.167
4521	0.0	0.3	1.172
4522	0.0	0.3	1.228
4523	0.0	0.3	1.172
4524	0.0	0.3	1.136
4525	0.0	0.3	1.052
4526	0.0	0.3	0.924
4527	0.0	0.3	0.843
4528	0.0	0.3	0.786
4529	0.0	0.3	0.817
4530	0.0	0.3	1.014
4531	0.0	0.3	1.131
4532	0.0	0.3	1.399
4533	0.0	0.3	1.437
4534	0.0	0.3	1.340
4535	0.0	0.3	0.807
4536	0.0	0.3	0.506
4537	0.0	0.3	0.350
4538	0.0	0.3	0.189
4539	0.0	0.3	0.074
4540	0.0	0.3	0.054
4541	0.0	0.3	0.161
4542	0.0	0.3	0.403
4543	0.0	0.3	1.090
4544	0.0	0.3	1.167
4545	0.0	0.3	1.172
4546	0.0	0.3	1.228
4547	0.0	0.3	1.172
4548	0.0	0.3	1.136
4549	0.0	0.3	1.052
4550	0.0	0.3	0.924
4551	0.0	0.3	0.843
4552	0.0	0.3	0.786
4553	0.0	0.3	0.817
4554	0.0	0.3	1.014
4555	0.0	0.3	1.131
4556	0.0	0.3	1.399
4557	0.0	0.3	1.437
4558	0.0	0.3	1.340
4559	0.0	0.3	0.807
4560	0.0	0.3	0.506
4561	0.0	0.3	0.350
4562	0.0	0.3	0.189
4563	0.0	0.3	0.074
4564	0.0	0.3	0.054
4565	0.0	0.3	0.161
4566	0.0	0.3	0.403
4567	0.0	0.3	1.090
4568	0.0	0.3	1.167
4569	0.0	0.3	1.172
4570	0.0	0.3	1.228
4571	0.0	0.3	1.172
4572	0.0	0.3	1.136
4573	0.0	0.3	1.052
4574	0.0	0.3	0.924
4575	0.0	0.3	0.843
4576	0.0	0.3	0.786
4577	0.0	0.3	0.817
4578	0.0	0.3	1.014
4579	0.0	0.3	1.131
4580	0.0	0.3	1.399
4581	0.0	0.3	1.437
4582	0.0	0.3	1.340
4583	0.0	0.2	0.807
4584	0.0	0.2	0.506
4585	0.0	0.2	0.350
4586	0.0	0.2	0.189
4587	0.0	0.2	0.074
4588	0.0	0.2	0.054
4589	0.0	0.2	0.161
4590	0.0	0.2	0.403
4591	0.0	0.2	1.090
4592	0.0	0.2	1.167
4593	0.0	0.2	1.172
4594	0.0	0.2	1.228
4595	0.0	0.2	1.172
4596	0.0	0.2	1.136
4597	0.0	0.2	1.052
4598	0.0	0.2	0.924
4599	0.0	0.2	0.843
4600	0.0	0.2	0.786
4601	0.0	0.2	0.817
4602	0.0	0.2	1.014
4603	0.0	0.2	1.131
4604	0.0	0.2	1.399
4605	0.0	0.2	1.437
4606	0.0	0.2	1.340
4607	0.0	0.2	0.807
4608	0.0	0.2	0.506
4609	0.0	0.2	0.350
4610	0.0	0.2	0.189
4611	0.0	0.2	0.074
4612	0.0	0.2	0.054
4613	0.0	0.2	0.161
4614	0.0	0.2	0.403
4615	0.0	0.2	1.090
4616	0.0	0.2	1.167
4617	0.0	0.2	1.172
4618	0.0	0.2	1.228
4619	0.0	0.2	1.172
4620	0.0	0.2	1.136
4621	0.0	0.2	1.052
4622	0.0	0.2	0.924
4623	0.0	0.2	0.843
4624	0.0	0.2	0.786
4625	0.0	0.2	0.817
4626	0.0	0.2	1.014
4627	0.0	0.2	1.131
4628	0.0	0.2	1.399
4629	0.0	0.2	1.437
4630	0.0	0.2	1.340
4631	0.0	0.2	0.807
4632	0.0	0.2	0.506
4633	0.0	0.2	0.350
4634	0.0	0.2	0.189
4635	0.0	0.2	0.074
4636	0.0	0.2	0.054
4637	0.0	0.2	0.161
4638	0.0	0.2	0.403
4639	0.0	0.2	1.090
4640	0.0	0.2	1.167
4641	0.0	0.2	1.172
4642	0.0	0.2	1.228
4643	0.0	0.2	1.172
4644	0.0	0.2	1.136
4645	0.0	0.2	1.052
4646	0.0	0.2	0.924
4647	0.0	0.2	0.843
4648	0.0	0.2	0.786
4649	0.0	0.2	0.817
4650	0.0	0.2	1.014
4651	0.0	0.2	1.131
4652	0.0	0.2	1.399
4653	0.0	0.2	1.437
4654	0.0	0.2	1.340
4655	0.0	0.2	0.807
4656	0.0	0.2	0.506
4657	0.0	0.2	0.350
4658	0.0	0.2	0.189
4659	0.0	0.2	0.074
4660	0.0	0.2	0.054
4661	0.0	0.2	0.161
4662	0.0	0.2	0.403
4663	0.0	0.2	1.090
4664	0.0	0.2	1.167
4665	0.0	0.2	1.172
4666	0.0	0.2	1.228
4667	0.0	0.2	1.172
4668	0.0	0.2	1.136
4669	0.0	0.2	1.052
4670	0.0	0.2	0.924
4671	0.0	0.2	0.843
4672	0.0	0.2	0.786
4673	0.0	0.2	0.817
4674	0.0	0.2	1.014
4675	0.0	0.2	1.131
4676	0.0	0.2	1.399
4677	0.0	0.2	1.437
4678	0.0	0.2	1.340
4679	0.0	0.2	0.807
4680	0.0	0.2	0.506
4681	0.0	0.2	0.350
4682	0.0	0.2	0.189
4683	0.0	0.2	0.074
4684	0.0	0.2	0.054
4685	0.0	0.2	0.161
4686	0.0	0.2	0.403
4687	0.0	0.2	1.090
4688	0.0	0.2	1.167
4689	0.0	0.2	1.172
4690	0.0	0.2	1.228
4691	0.0	0.2	1.172
4692	0.0	0.2	1.136
4693	0.0	0.2	1.052
4694	0.0	0.2	0.924
4695	0.0	0.2	0.843
4696	0.0	0.2	0.786
4697	0.0	0.2	0.817
4698	0.0	0.2	1.014
4699	0.0	0.2	1.131
4700	0.0	0.2	1.399
4701	0.0	0.2	1.437
4702	0.0	0.2	1.340
4703	0.0	0.2	0.807
4704	0.0	0.2	0.506
4705	0.0	0.2	0.350
4706	0.0	0.2	0.189
4707	0.0	0.2	0.074
4708	0.0	0.2	0.054
4709	0.0	0.2	0.161
4710	0.0	0.2	0.403
4711	0.0	0.2	1.090
4712	0.0	0.2	1.167
4713	0.0	0.2	1.172
4714	0.0	0.2	1.228
4715	0.0	0.2	1.172
4716	0.0	0.2	1.136
4717	0.0	0.2	1.052
4718	0.0	0.2	0.924
4719	0.0	0.2	0.843
4720	0.0	0.2	0.786
4721	0.0	0.2	0.817
4722	0.0	0.2	1.014
4723	0.0	0.2	1.131
4724	0.0	0.2	1.399
4725	0.0	0.2	1.437
4726	0.0	0.2	1.340
4727	0.0	0.2	0.807
4728	0.0	0.2	0.506
4729	0.0	0.2	0.350
4730	0.0	0.2	0.189
4731	0.0	0.2	0.074
4732	0.0	0.2	0.054
4733	0.0	0.2	0.161
4734	0.0	0.2	0.403
4735	0.0	0.2	1.090
4736	0.0	0.2	1.167
4737	0.0	0.2	1.172
4738	0.0	0.2	1.228
4739	0.0	0.2	1.172
4740	0.0	0.2	1.136
4741	0.0	0.2	1.052
4742	0.0	0.2	0.924
4743	0.0	0.2	0.843
4744	0.0	0.2	0.786
4745	0.0	0.2	0.817
4746	0.0	0.2	1.014
4747	0.0	0.2	1.131
4748	0.0	0.2	1.399
4749	0.0	0.2	1.437
4750	0.0	0.2	1.340
4751	0.0	0.2	0.807
4752	0.0	0.2	0.506
4753	0.0	0.2	0.350
4754	0.0	0.2	0.189
4755	0.0	0.2	0.074
4756	0.0	0.2	0.054
4757	0.0	0.2	0.161
4758	0.0	0.2	0.403
4759	0.0	0.2	1.090
4760	0.0	0.2	1.167
4761	0.0	0.2	1.172
4762	0.0	0.2	1.228
4763	0.0	0.2	1.172
4764	0.0	0.2	1.136
4765	0.0	0.2	1.052
4766	0.0	0.2	0.924
4767	0.0	0.2	0.843
4768	0.0	0.2	0.786
4769	0.0	0.2	0.817
4770	0.0	0.2	1.014
4771	0.0	0.2	1.131
4772	0.0	0.2	1.399
4773	0.0	0.2	1.437
4774	0.0	0.2	1.340
4775	0.0	0.2	0.807
4776	0.0	0.2	0.506
4777	0.0	0.2	0.350
4778	0.0	0.2	0.189
4779	0.0	0.2	0.074
4780	0.0	0.2	0.054
4781	0.0	0.2	0.161
4782	0.0	0.2	0.403
4783	0.0	0.2	1.090
4784	0.0	0.2	1.167
4785	0.0	0.2	1.172
4786	0.0	0.2	1.228
4787	0.0	0.2	1.172
4788	0.0	0.2	1.136
4789	0.0	0.2	1.052
4790	0.0	0.2	0.924
4791	0.0	0.2	0.843
4792	0.0	0.2	0.786
4793	0.0	0.2	0.817
4794	0.0	0.2	1.014
4795	0.0	0.2	1.131
4796	0.0	0.2	1.399
4797	0.0	0.2	1.437
4798	0.0	0.2	1.340
4799	0.0	0.2	0.807
4800	0.0	0.2	0.506
4801	0.0	0.2	0.350
4802	0.0	0.2	0.189
4803	0.0	0.2	0.074
4804	0.0	0.2	0.054
4805	0.0	0.2	0.161
4806	0.0	0.2	0.403
4807	0.0	0.2	1.090
4808	0.0	0.2	1.167
4809	0.0	0.2	1.172
4810	0.0	0.2	1.228
4811	0.0	0.2	1.172
4812	0.0	0.2	1.136
4813	0.0	0.2	1.052
4814	0.0	0.2	0.924
4815	0.0	0.2	0.843
4816	0.0	0.2	0.786
4817	0.0	0.2	0.817
4818	0.0	0.2	1.014
4819	0.0	0.2	1.131
4820	0.0	0.2	1.399
4821	0.0	0.2	1.437
4822	0.0	0.2	1.340
4823	0.0	0.2	0.807
4824	0.0	0.2	0.506
4825	0.0	0.2	0.350
4826	0.0	0.2	0.189
4827	0.0	0.2	0.074
4828	0.0	0.2	0.054
4829	0.0	0.2	0.161
4830	0.0	0.2	0.403
4831	0.0	0.2	1.090
4832	0.0	0.2	1.167
4833	0.0	0.2	1.172
4834	0.0	0.2	1.228
4835	0.0	0.2	1.172
4836	0.0	0.2	1.136
4837	0.0	0.2	1.052
4838	0.0	0.2	0.924
4839	0.0	0.2	0.843
4840	0.0	0.2	0.786
4841	0.0	0.2	0.817
4842	0.0	0.2	1.014
4843	0.0	0.2	1.131
4844	0.0	0.2	1.399
4845	0.0	0.2	1.437
4846	0.0	0.2	1.340
4847	0.0	0.2	0.807
4848	0.0	0.1	0.506
4849	0.0	0.1	0.350
4850	0.0	0.1	0.189
4851	0.0	0.1	0.074
4852	0.0	0.1	0.054
4853	0.0	0.1	0.161
4854	0.0	0.1	0.403
4855	0.0	0.1	1.090
4856	0.0	0.1	1.167
4857	0.0	0.1	1.172
4858	0.0	0.1	1.228
4859	0.0	0.1	1.172
4860	0.0	0.1	1.136
4861	0.0	0.1	1.052
4862	0.0	0.1	0.924
4863	0.0	0.1	0.843
4864	0.0	0.1	0.786
4865	0.0	0.1	0.817
4866	0.0	0.1	1.014
4867	0.0	0.1	1.131
4868	0.0	0.1	1.399
4869	0.0	0.1	1.437
4870	0.0	0.1	1.340
4871	0.0	0.1	0.807
4872	0.0	0.1	0.506
4873	0.0	0.1	0.350
4874	0.0	0.1	0.189
4875	0.0	0.1	0.074
4876	0.0	0.1	0.054
4877	0.0	0.1	0.161
4878	0.0	0.1	0.403
4879	0.0	0.1	1.090
4880	0.0	0.1	1.167
4881	0.0	0.1	1.172
4882	0.0	0.1	1.228
4883	0.0	0.1	1.172
4884	0.0	0.1	1.136
4885	0.0	0.1	1.052
4886	0.0	0.1	0.924
4887	0.0	0.1	0.843
4888	0.0	0.1	0.786
4889	0.0	0.1	0.817
4890	0.0	0.1	1.014
4891	0.0	0.1	1.131
4892	0.0	0.1	1.399
4893	0.0	0.1	1.437
4894	0.0	0.1	1.340
4895	0.0	0.1	0.807
4896	0.0	0.1	0.506
4897	0.0	0.1	0.350
4898	0.0	0.1	0.189
4899	0.0	0.1	0.074
4900	0.0	0.1	0.054
4901	0.0	0.1	0.161
4902	0.0	0.1	0.403
4903	0.0	0.1	1.090
4904	0.0	0.1	1.167
4905	0.0	0.1	1.172
4906	0.0	0.1	1.228
4907	0.0	0.1	1.172
4908	0.0	0.1	1.136
4909	0.0	0.1	1.052
4910	0.0	0.1	0.924
4911	0.0	0.1	0.843
4912	0.0	0.1	0.786
4913	0.0	0.1	0.817
4914	0.0	0.1	1.014
4915	0.0	0.1	1.131
4916	0.0	0.1	1.399
4917	0.0	0.1	1.437
4918	0.0	0.1	1.340
4919	0.0	0.1	0.807
4920	0.0	0.1	0.506
4921	0.0	0.1	0.350
4922	0.0	0.1	0.189
4923	0.0	0.1	0.074
4924	0.0	0.1	0.054
4925	0.0	0.1	0.161
4926	0.0	0.1	0.403
4927	0.0	0.1	1.090
4928	0.0	0.1	1.167
4929	0.0	0.1	1.172
4930	0.0	0.1	1.228
4931	0.0	0.1	1.172
4932	0.0	0.1	1.136
4933	0.0	0.1	1.052
4934	0.0	0.1	0.924
4935	0.0	0.1	0.843
4936	0.0	0.1	0.786
4937	0.0	0.1	0.817
4938	0.0	0.1	1.014
4939	0.0	0.1	1.131
4940	0.0	0.1	1.399
4941	0.0	0.1	1.437
4942	0.0	0.1	1.340
4943	0.0	0.1	0.807
4944	0.0	0.1	0.506
4945	0.0	0.1	0.350
4946	0.0	0.1	0.189
4947	0.0	0.1	0.074
4948	0.0	0.1	0.054
4949	0.0	0.1	0.161
4950	0.0	0.1	0.403
4951	0.0	0.1	1.090
4952	0.0	0.1	1.167
4953	0.0	0.1	1.172
4954	0.0	0.1	1.228
4955	0.0	0.1	1.172
4956	0.0	0.1	1.136
4957	0.0	0.1	1.052
4958	0.0	0.1	0.924
4959	0.0	0.1	0.843
4960	0.0	0.1	0.786
4961	0.0	0.1	0.817
4962	0.0	0.1	1.014
4963	0.0	0.1	1.131
4964	0.0	0.1	1.399
4965	0.0	0.1	1.437
4966	0.0	0.1	1.340
4967	0.0	0.0	0.807
4968	0.0	0.0	0.506
4969	0.0	0.0	0.350
4970	0.0	0.0	0.189
4971	0.0	0.0	0.074
4972	0.0	0.0	0.054
4973	0.0	0.0	0.161
4974	0.0	0.0	0.403
4975	0.0	0.0	1.090
4976	0.0	0.0	1.167
4977	0.0	0.0	1.172
4978	0.0	0.0	1.228
4979	0.0	0.0	1.172
4980	0.0	0.0	1.136
4981	0.0	0.0	1.052
4982	0.0	0.0	0.924
4983	0.0	0.0	0.843
4984	0.0	0.0	0.786
4985	0.0	0.0	0.817
4986	0.0	0.0	1.014
4987	0.0	0.0	1.131
4988	0.0	0.0	1.399
4989	0.0	0.0	1.437
4990	0.0	0.0	1.340
4991	0.0	0.0	0.807
4992	0.0	0.0	0.506
4993	0.0	0.0	0.350
4994	0.0	0.0	0.189
4995	0.0	0.0	0.074
4996	0.0	0.0	0.054
4997	0.0	0.0	0.161
4998	0.0	0.0	0.403
4999	0.0	0.0	1.090
5000	0.0	0.0	1.167
5001	0.0	0.0	1.172
5002	0.0	0.0	1.228
5003	0.0	0.0	1.172
5004	0.0	0.0	1.136
5005	0.0	0.0	1.052
5006	0.0	0.0	0.924
5007	0.0	0.0	0.843
5008	0.0	0.0	0.786
5009	0.0	0.0	0.817
5010	0.0	0.0	1.014
5011	0.0	0.0	1.131
5012	0.0	0.0	1.399
5013	0.0	0.0	1.437
5014	0.0	0.0	1.340
5015	0.0	0.0	0.807
5016	0.0	0.0	0.506
5017	0.0	0.0	0.350
5018	0.0	0.0	0.189
5019	0.0	0.0	0.074
5020	0.0	0.0	0.054
5021	0.0	0.0	0.161
5022	0.0	0.0	0.403
5023	0.0	0.0	1.090
5024	0.0	0.0	1.167
5025	0.0	0.0	1.172
5026	0.0	0.0	1.228
5027	0.0	0.0	1.172
5028	0.0	0.0	1.136
5029	0.0	0.0	1.052
5030	0.0	0.0	0.924
5031	0.0	0.0	0.843
5032	0.0	0.0	0.786
5033	0.0	0.0	0.817
5034	0.0	0.0	1.014
5035	0.0	0.0	1.131
5036	0.0	0.0	1.399
5037	0.0	0.0	1.437
5038	0.0	0.0	1.340
5039	0.0	0.0	0.807
5040	0.0	0.0	0.506
5041	0.0	0.0	0.350
5042	0.0	0.0	0.189
5043	0.0	0.0	0.074
5044	0.0	0.0	0.054
5045	0.0	0.0	0.161
5046	0.0	0.0	0.403
5047	0.0	0.0	1.090
5048	0.0	0.0	1.167
5049	0.0	0.0	1.172
5050	0.0	0.0	1.228
5051	0.0	0.0	1.172
5052	0.0	0.0	1.136
5053	0.0	0.0	1.052
5054	0.0	0.0	0.924
5055	0.0	0.0	0.843
5056	0.0	0.0	0.786
5057	0.0	0.0	0.817
5058	0.0	0.0	1.014
5059	0.0	0.0	1.131
5060	0.0	0.0	1.399
5061	0.0	0.0	1.437
5062	0.0	0.0	1.340
5063	0.0	0.0	0.807
5064	0.0	0.0	0.506
5065	0.0	0.0	0.350
5066	0.0	0.0	0.189
5067	0.0	0.0	0.074
5068	0.0	0.0	0.054
5069	0.0	0.0	0.161
5070	0.0	0.0	0.403
5071	0.0	0.0	1.090
5072	0.0	0.0	1.167
5073	0.0	0.0	1.172
5074	0.0	0.0	1.228
5075	0.0	0.0	1.172
5076	0.0	0.0	1.136
5077	0.0	0.0	1.052
5078	0.0	0.0	0.924
5079	0.0	0.0	0.843
5080	0.0	0.0	0.786
5081	0.0	0.0	0.817
5082	0.0	0.0	1.014
5083	0.0	0.0	1.131
5084	0.0	0.0	1.399
5085	0.0	0.0	1.437
5086	0.0	0.0	1.340
5087	0.0	0.0	0.807
5088	0.0	0.0	0.506
5089	0.0	0.0	0.350
5090	0.0	0.0	0.189
5091	0.0	0.0	0.074
5092	0.0	0.0	0.054
5093	0.0	0.0	0.161
5094	0.0	0.0	0.403
5095	0.0	0.0	1.090
5096	0.0	0.0	1.167
5097	0.0	0.0	1.172
5098	0.0	0.0	1.228
5099	0.0	0.0	1.172
5100	0.0	0.0	1.136
5101	0.0	0.0	1.052
5102	0.0	0.0	0.924
5103	0.0	0.0	0.843
5104	0.0	0.0	0.786
5105	0.0	0.0	0.817
5106	0.0	0.0	1.014
5107	0.0	0.0	1.131
5108	0.0	0.0	1.399
5109	0.0	0.0	1.437
5110	0.0	0.0	1.340
5111	0.0	0.0	0.807
5112	0.0	0.0	0.506
5113	0.0	0.0	0.350
5114	0.0	0.0	0.189
5115	0.0	0.0	0.074
5116	0.0	0.0	0.054
5117	0.0	0.0	0.161
5118	0.0	0.0	0.403
5119	0.0	0.0	1.090
5120	0.0	0.0	1.167
5121	0.0	0.0	1.172
5122	0.0	0.0	1.228
5123	0.0	0.0	1.172
5124	0.0	0.0	1.136
5125	0.0	0.0	1.052
5126	0.0	0.0	0.924
5127	0.0	0.0	0.843
5128	0.0	0.0	0.786
5129	0.0	0.0	0.817
5130	0.0	0.0	1.014
5131	0.0	0.0	1.131
5132	0.0	0.0	1.399
5133	0.0	0.0	1.437
5134	0.0	0.0	1.340
5135	0.0	0.0	0.807
5136	0.0	0.0	0.506
5137	0.0	0.0	0.350
5138	0.0	0.0	0.189
5139	0.0	0.0	0.074
5140	0.0	0.0	0.054
5141	0.0	0.0	0.161
5142	0.0	0.0	0.403
5143	0.0	0.0	1.090
5144	0.0	0.0	1.167
5145	0.0	0.0	1.172
5146	0.0	0.0	1.228
5147	0.0	0.0	1.172
5148	0.0	0.0	1.136
5149	0.0	0.0	1.052
5150	0.0	0.0	0.924
5151	0.0	0.0	0.843
5152	0.0	0.0	0.786
5153	0.0	0.0	0.817
5154	0.0	0.0	1.014
5155	0.0	0.0	1.131
5156	0.0	0.0	1.399
5157	0.0	0.0	1.437
5158	0.0	0.0	1.340
5159	0.0	0.0	0.807
5160	0.0	0.0	0.506
5161	0.0	0.0	0.350
5162	0.0	0.0	0.189
5163	0.0	0.0	0.074
5164	0.0	0.0	0.054
5165	0.0	0.0	0.161
5166	0.0	0.0	0.403
5167	0.0	0.0	1.090
5168	0.0	0.0	1.167
5169	0.0	0.0	1.172
5170	0.0	0.0	1.228
5171	0.0	0.0	1.172
5172	0.0	0.0	1.136
5173	0.0	0.0	1.052
5174	0.0	0.0	0.924
5175	0.0	0.0	0.843
5176	0.0	0.0	0.786
5177	0.0	0.0	0.817
5178	0.0	0.0	1.014
5179	0.0	0.0	1.131
5180	0.0	0.0	1.399
5181	0.0	0.0	1.437
5182	0.0	0.0	1.340
5183	0.0	0.0	0.807
5184	0.0	0.0	0.506
5185	0.0	0.0	0.350
5186	0.0	0.0	0.189
5187	0.0	0.0	0.074
5188	0.0	0.0	0.054
5189	0.0	0.0	0.161
5190	0.0	0.0	0.403
5191	0.0	0.0	1.090
5192	0.0	0.0	1.167
5193	0.0	0.0	1.172
5194	0.0	0.0	1.228
5195	0.0	0.0	1.172
5196	0.0	0.0	1.136
5197	0.0	0.0	1.052
5198	0.0	0.0	0.924
5199	0.0	0.0	0.843
5200	0.0	0.0	0.786
5201	0.0	0.0	0.817
5202	0.0	0.0	1.014
5203	0.0	0.0	1.131
5204	0.0	0.0	1.399
5205	0.0	0.0	1.437
5206	0.0	0.0	1.340
5207	0.0	0.0	0.807
5208	0.0	0.0	0.506
5209	0.0	0.0	0.350
5210	0.0	0.0	0.189
5211	0.0	0.0	0.074
5212	0.0	0.0	0.054
5213	0.0	0.0	0.161
5214	0.0	0.0	0.403
5215	0.0	0.0	1.090
5216	0.0	0.0	1.167
5217	0.0	0.0	1.172
5218	0.0	0.0	1.228
5219	0.0	0.0	1.172
5220	0.0	0.0	1.136
5221	0.0	0.0	1.052
5222	0.0	0.0	0.924
5223	0.0	0.0	0.843
5224	0.0	0.0	0.786
5225	0.0	0.0	0.817
5226	0.0	0.0	1.014
5227	0.0	0.0	1.131
5228	0.0	0.0	1.399
5229	0.0	0.0	1.437
5230	0.0	0.0	1.340
5231	0.0	0.0	0.807
5232	0.0	0.0	0.506
5233	0.0	0.0	0.350
5234	0.0	0.0	0.189
5235	0.0	0.0	0.074
5236	0.0	0.0	0.054
5237	0.0	0.0	0.161
5238	0.0	0.0	0.403
5239	0.0	0.0	1.090
5240	0.0	0.0	1.167
5241	0.0	0.0	1.172
5242	0.0	0.0	1.228
5243	0.0	0.0	1.172
5244	0.0	0.0	1.136
5245	0.0	0.0	1.052
5246	0.0	0.0	0.924
5247	0.0	0.0	0.843
5248	0.0	0.0	0.786
5249	0.0	0.0	0.817
5250	0.0	0.0	1.014
5251	0.0	0.0	1.131
5252	0.0	0.0	1.399
5253	0.0	0.0	1.437
5254	0.0	0.0	1.340
5255	0.0	0.0	0.807
5256	0.0	0.0	0.506
5257	0.0	0.0	0.350
5258	0.0	0.0	0.189
5259	0.0	0.0	0.074
5260	0.0	0.0	0.054
5261	0.0	0.0	0.161
5262	0.0	0.0	0.403
5263	0.0	0.0	1.090
5264	0.0	0.0	1.167
5265	0.0	0.0	1.172
5266	0.0	0.0	1.228
5267	0.0	0.0	1.172
5268	0.0	0.0	1.136
5269	0.0	0.0	1.052
5270	0.0	0.0	0.924
5271	0.0	0.0	0.843
5272	0.0	0.0	0.786
5273	0.0	0.0	0.817
5274	0.0	0.0	1.014
5275	0.0	0.0	1.131
5276	0.0	0.0	1.399
5277	0.0	0.0	1.437
5278	0.0	0.0	1.340
5279	0.0	0.0	0.807
5280	0.0	0.0	0.506
5281	0.0	0.0	0.350
5282	0.0	0.0	0.189
5283	0.0	0.0	0.074
5284	0.0	0.0	0.054
5285	0.0	0.0	0.161
5286	0.0	0.0	0.403
5287	0.0	0.0	1.090
5288	0.0	0.0	1.167
5289	0.0	0.0	1.172
5290	0.0	0.0	1.228
5291	0.0	0.0	1.172
5292	0.0	0.0	1.136
5293	0.0	0.0	1.052
5294	0.0	0.0	0.924
5295	0.0	0.0	0.843
5296	0.0	0.0	0.786
5297	0.0	0.0	0.817
5298	0.0	0.0	1.014
5299	0.0	0.0	1.131
5300	0.0	0.0	1.399
5301	0.0	0.0	1.437
5302	0.0	0.0	1.340
5303	0.0	0.0	0.807
5304	0.0	0.0	0.506
5305	0.0	0.0	0.350
5306	0.0	0.0	0.189
5307	0.0	0.0	0.074
5308	0.0	0.0	0.054
5309	0.0	0.0	0.161
5310	0.0	0.0	0.403
5311	0.0	0.0	1.090
5312	0.0	0.0	1.167
5313	0.0	0.0	1.172
5314	0.0	0.0	1.228
5315	0.0	0.0	1.172
5316	0.0	0.0	1.136
5317	0.0	0.0	1.052
5318	0.0	0.0	0.924
5319	0.0	0.0	0.843
5320	0.0	0.0	0.786
5321	0.0	0.0	0.817
5322	0.0	0.0	1.014
5323	0.0	0.0	1.131
5324	0.0	0.0	1.399
5325	0.0	0.0	1.437
5326	0.0	0.0	1.340
5327	0.0	0.0	0.807
5328	0.0	0.0	0.506
5329	0.0	0.0	0.350
5330	0.0	0.0	0.189
5331	0.0	0.0	0.074
5332	0.0	0.0	0.054
5333	0.0	0.0	0.161
5334	0.0	0.0	0.403
5335	0.0	0.0	1.090
5336	0.0	0.0	1.167
5337	0.0	0.0	1.172
5338	0.0	0.0	1.228
5339	0.0	0.0	1.172
5340	0.0	0.0	1.136
5341	0.0	0.0	1.052
5342	0.0	0.0	0.924
5343	0.0	0.0	0.843
5344	0.0	0.0	0.786
5345	0.0	0.0	0.817
5346	0.0	0.0	1.014
5347	0.0	0.0	1.131
5348	0.0	0.0	1.399
5349	0.0	0.0	1.437
5350	0.0	0.0	1.340
5351	0.0	0.0	0.807
5352	0.0	0.0	0.506
5353	0.0	0.0	0.350
5354	0.0	0.0	0.189
5355	0.0	0.0	0.074
5356	0.0	0.0	0.054
5357	0.0	0.0	0.161
5358	0.0	0.0	0.403
5359	0.0	0.0	1.090
5360	0.0	0.0	1.167
5361	0.0	0.0	1.172
5362	0.0	0.0	1.228
5363	0.0	0.0	1.172
5364	0.0	0.0	1.136
5365	0.0	0.0	1.052
5366	0.0	0.0	0.924
5367	0.0	0.0	0.843
5368	0.0	0.0	0.786
5369	0.0	0.0	0.817
5370	0.0	0.0	1.014
5371	0.0	0.0	1.131
5372	0.0	0.0	1.399
5373	0.0	0.0	1.437
5374	0.0	0.0	1.340
5375	0.0	0.0	0.807
5376	0.0	0.0	0.506
5377	0.0	0.0	0.350
5378	0.0	0.0	0.189
5379	0.0	0.0	0.074
5380	0.0	0.0	0.054
5381	0.0	0.0	0.161
5382	0.0	0.0	0.403
5383	0.0	0.0	1.090
5384	0.0	0.0	1.167
5385	0.0	0.0	1.172
5386	0.0	0.0	1.228
5387	0.0	0.0	1.172
5388	0.0	0.0	1.136
5389	0.0	0.0	1.052
5390	0.0	0.0	0.924
5391	0.0	0.0	0.843
5392	0.0	0.0	0.786
5393	0.0	0.0	0.817
5394	0.0	0.0	1.014
5395	0.0	0.0	1.131
5396	0.0	0.0	1.399
5397	0.0	0.0	1.437
5398	0.0	0.0	1.340
5399	0.0	0.0	0.807
5400	0.0	0.0	0.506
5401	0.0	0.0	0.350
5402	0.0	0.0	0.189
5403	0.0	0.0	0.074
5404	0.0	0.0	0.054
5405	0.0	0.0	0.161
5406	0.0	0.0	0.403
5407	0.0	0.0	1.090
5408	0.0	0.0	1.167
5409	0.0	0.0	1.172
5410	0.0	0.0	1.228
5411	0.0	0.0	1.172
5412	0.0	0.0	1.136
5413	0.0	0.0	1.052
5414	0.0	0.0	0.924
5415	0.0	0.0	0.843
5416	0.0	0.0	0.786
5417	0.0	0.0	0.817
5418	0.0	0.0	1.014
5419	0.0	0.0	1.131
5420	0.0	0.0	1.399
5421	0.0	0.0	1.437
5422	0.0	0.0	1.340
5423	0.0	0.0	0.807
5424	0.0	0.0	0.506
5425	0.0	0.0	0.350
5426	0.0	0.0	0.189
5427	0.0	0.0	0.074
5428	0.0	0.0	0.054
5429	0.0	0.0	0.161
5430	0.0	0.0	0.403
5431	0.0	0.0	1.090
5432	0.0	0.0	1.167
5433	0.0	0.0	1.172
5434	0.0	0.0	1.228
5435	0.0	0.0	1.172
5436	0.0	0.0	1.136
5437	0.0	0.0	1.052
5438	0.0	0.0	0.924
5439	0.0	0.0	0.843
5440	0.0	0.0	0.786
5441	0.0	0.0	0.817
5442	0.0	0.0	1.014
5443	0.0	0.0	1.131
5444	0.0	0.0	1.399
5445	0.0	0.0	1.437
5446	0.0	0.0	1.340
5447	0.0	0.0	0.807
5448	0.0	0.0	0.506
5449	0.0	0.0	0.350
5450	0.0	0.0	0.189
5451	0.0	0.0	0.074
5452	0.0	0.0	0.054
5453	0.0	0.0	0.161
5454	0.0	0.0	0.403
5455	0.0	0.0	1.090
5456	0.0	0.0	1.167
5457	0.0	0.0	1.172
5458	0.0	0.0	1.228
5459	0.0	0.0	1.172
5460	0.0	0.0	1.136
5461	0.0	0.0	1.052
5462	0.0	0.0	0.924
5463	0.0	0.0	0.843
5464	0.0	0.0	0.786
5465	0.0	0.0	0.817
5466	0.0	0.0	1.014
5467	0.0	0.0	1.131
5468	0.0	0.0	1.399
5469	0.0	0.0	1.437
5470	0.0	0.0	1.340
5471	0.0	0.0	0.807
5472	0.0	0.0	0.506
5473	0.0	0.0	0.350
5474	0.0	0.0	0.189
5475	0.0	0.0	0.074
5476	0.0	0.0	0.054
5477	0.0	0.0	0.161
5478	0.0	0.0	0.403
5479	0.0	0.0	1.090
5480	0.0	0.0	1.167
5481	0.0	0.0	1.172
5482	0.0	0.0	1.228
5483	0.0	0.0	1.172
5484	0.0	0.0	1.136
5485	0.0	0.0	1.052
5486	0.0	0.0	0.924
5487	0.0	0.0	0.843
5488	0.0	0.0	0.786
5489	0.0	0.0	0.817
5490	0.0	0.0	1.014
5491	0.0	0.0	1.131
5492	0.0	0.0	1.399
5493	0.0	0.0	1.437
5494	0.0	0.0	1.340
5495	0.0	0.0	0.807
5496	0.0	0.0	0.506
5497	0.0	0.0	0.350
5498	0.0	0.0	0.189
5499	0.0	0.0	0.074
5500	0.0	0.0	0.054
5501	0.0	0.0	0.161
5502	0.0	0.0	0.403
5503	0.0	0.0	1.090
5504	0.0	0.0	1.167
5505	0.0	0.0	1.172
5506	0.0	0.0	1.228
5507	0.0	0.0	1.172
5508	0.0	0.0	1.136
5509	0.0	0.0	1.052
5510	0.0	0.0	0.924
5511	0.0	0.0	0.843
5512	0.0	0.0	0.786
5513	0.0	0.0	0.817
5514	0.0	0.0	1.014
5515	0.0	0.0	1.131
5516	0.0	0.0	1.399
5517	0.0	0.0	1.437
5518	0.0	0.0	1.340
5519	0.0	0.0	0.807
5520	0.0	0.0	0.506
5521	0.0	0.0	0.350
5522	0.0	0.0	0.189
5523	0.0	0.0	0.074
5524	0.0	0.0	0.054
5525	0.0	0.0	0.161
5526	0.0	0.0	0.403
5527	0.0	0.0	1.090
5528	0.0	0.0	1.167
5529	0.0	0.0	1.172
5530	0.0	0.0	1.228
5531	0.0	0.0	1.172
5532	0.0	0.0	1.136
5533	0.0	0.0	1.052
5534	0.0	0.0	0.924
5535	0.0	0.0	0.843
5536	0.0	0.0	0.786
5537	0.0	0.0	0.817
5538	0.0	0.0	1.014
5539	0.0	0.0	1.131
5540	0.0	0.0	1.399
5541	0.0	0.0	1.437
5542	0.0	0.0	1.340
5543	0.0	0.0	0.807
5544	0.0	0.0	0.506
5545	0.0	0.0	0.350
5546	0.0	0.0	0.189
5547	0.0	0.0	0.074
5548	0.0	0.0	0.054
5549	0.0	0.0	0.161
5550	0.0	0.0	0.403
5551	0.0	0.0	1.090
5552	0.0	0.0	1.167
5553	0.0	0.0	1.172
5554	0.0	0.0	1.228
5555	0.0	0.0	1.172
5556	0.0	0.0	1.136
5557	0.0	0.0	1.052
5558	0.0	0.0	0.924
5559	0.0	0.0	0.843
5560	0.0	0.0	0.786
5561	0.0	0.0	0.817
5562	0.0	0.0	1.014
5563	0.0	0.0	1.131
5564	0.0	0.0	1.399
5565	0.0	0.0	1.437
5566	0.0	0.0	1.340
5567	0.0	0.0	0.807
5568	0.0	0.0	0.506
5569	0.0	0.0	0.350
5570	0.0	0.0	0.189
5571	0.0	0.0	0.074
5572	0.0	0.0	0.054
5573	0.0	0.0	0.161
5574	0.0	0.0	0.403
5575	0.0	0.0	1.090
5576	0.0	0.0	1.167
5577	0.0	0.0	1.172
5578	0.0	0.0	1.228
5579	0.0	0.0	1.172
5580	0.0	0.0	1.136
5581	0.0	0.0	1.052
5582	0.0	0.0	0.924
5583	0.0	0.0	0.843
5584	0.0	0.0	0.786
5585	0.0	0.0	0.817
5586	0.0	0.0	1.014
5587	0.0	0.0	1.131
5588	0.0	0.0	1.399
5589	0.0	0.0	1.437
5590	0.0	0.0	1.340
5591	0.0	0.0	0.807
5592	0.0	0.0	0.506
5593	0.0	0.0	0.350
5594	0.0	0.0	0.189
5595	0.0	0.0	0.074
5596	0.0	0.0	0.054
5597	0.0	0.0	0.161
5598	0.0	0.0	0.403
5599	0.0	0.0	1.090
5600	0.0	0.0	1.167
5601	0.0	0.0	1.172
5602	0.0	0.0	1.228
5603	0.0	0.0	1.172
5604	0.0	0.0	1.136
5605	0.0	0.0	1.052
5606	0.0	0.0	0.924
5607	0.0	0.0	0.843
5608	0.0	0.0	0.786
5609	0.0	0.0	0.817
5610	0.0	0.0	1.014
5611	0.0	0.0	1.131
5612	0.0	0.0	1.399
5613	0.0	0.0	1.437
5614	0.0	0.0	1.340
5615	0.0	0.0	0.807
5616	0.0	0.0	0.506
5617	0.0	0.0	0.350
5618	0.0	0.0	0.189
5619	0.0	0.0	0.074
5620	0.0	0.0	0.054
5621	0.0	0.0	0.161
5622	0.0	0.0	0.403
5623	0.0	0.0	1.090
5624	0.0	0.0	1.167
5625	0.0	0.0	1.172
5626	0.0	0.0	1.228
5627	0.0	0.0	1.172
5628	0.0	0.0	1.136
5629	0.0	0.0	1.052
5630	0.0	0.0	0.924
5631	0.0	0.0	0.843
5632	0.0	0.0	0.786
5633	0.0	0.0	0.817
5634	0.0	0.0	1.014
5635	0.0	0.0	1.131
5636	0.0	0.0	1.399
5637	0.0	0.0	1.437
5638	0.0	0.0	1.340
5639	0.0	0.0	0.807
5640	0.0	0.0	0.506
5641	0.0	0.0	0.350
5642	0.0	0.0	0.189
5643	0.0	0.0	0.074
5644	0.0	0.0	0.054
5645	0.0	0.0	0.161
5646	0.0	0.0	0.403
5647	0.0	0.0	1.090
5648	0.0	0.0	1.167
5649	0.0	0.0	1.172
5650	0.0	0.0	1.228
5651	0.0	0.0	1.172
5652	0.0	0.0	1.136
5653	0.0	0.0	1.052
5654	0.0	0.0	0.924
5655	0.0	0.0	0.843
5656	0.0	0.0	0.786
5657	0.0	0.0	0.817
5658	0.0	0.0	1.014
5659	0.0	0.0	1.131
5660	0.0	0.0	1.399
5661	0.0	0.0	1.437
5662	0.0	0.0	1.340
5663	0.0	0.0	0.807
5664	0.0	0.0	0.506
5665	0.0	0.0	0.350
5666	0.0	0.0	0.189
5667	0.0	0.0	0.074
5668	0.0	0.0	0.054
5669	0.0	0.0	0.161
5670	0.0	0.0	0.403
5671	0.0	0.0	1.090
5672	0.0	0.0	1.167
5673	0.0	0.0	1.172
5674	0.0	0.0	1.228
5675	0.0	0.0	1.172
5676	0.0	0.0	1.136
5677	0.0	0.0	1.052
5678	0.0	0.0	0.924
5679	0.0	0.0	0.843
5680	0.0	0.0	0.786
5681	0.0	0.0	0.817
5682	0.0	0.0	1.014
5683	0.0	0.0	1.131
5684	0.0	0.0	1.399
5685	0.0	0.0	1.437
5686	0.0	0.0	1.340
5687	0.0	0.0	0.807
5688	0.0	0.0	0.506
5689	0.0	0.0	0.350
5690	0.0	0.0	0.189
5691	0.0	0.0	0.074
5692	0.0	0.0	0.054
5693	0.0	0.0	0.161
5694	0.0	0.0	0.403
5695	0.0	0.0	1.090
5696	0.0	0.0	1.167
5697	0.0	0.0	1.172
5698	0.0	0.0	1.228
5699	0.0	0.0	1.172
5700	0.0	0.0	1.136
5701	0.0	0.0	1.052
5702	0.0	0.0	0.924
5703	0.0	0.0	0.843
5704	0.0	0.0	0.786
5705	0.0	0.0	0.817
5706	0.0	0.0	1.014
5707	0.0	0.0	1.131
5708	0.0	0.0	1.399
5709	0.0	0.0	1.437
5710	0.0	0.0	1.340
5711	0.0	0.0	0.807
5712	0.0	0.0	0.506
5713	0.0	0.0	0.350
5714	0.0	0.0	0.189
5715	0.0	0.0	0.074
5716	0.0	0.0	0.054
5717	0.0	0.0	0.161
5718	0.0	0.0	0.403
5719	0.0	0.0	1.090
5720	0.0	0.0	1.167
5721	0.0	0.0	1.172
5722	0.0	0.0	1.228
5723	0.0	0.0	1.172
5724	0.0	0.0	1.136
5725	0.0	0.0	1.052
5726	0.0	0.0	0.924
5727	0.0	0.0	0.843
5728	0.0	0.0	0.786
5729	0.0	0.0	0.817
5730	0.0	0.0	1.014
5731	0.0	0.0	1.131
5732	0.0	0.0	1.399
5733	0.0	0.0	1.437
5734	0.0	0.0	1.340
5735	0.0	0.0	0.807
5736	0.0	0.0	0.506
5737	0.0	0.0	0.350
5738	0.0	0.0	0.189
5739	0.0	0.0	0.074
5740	0.0	0.0	0.054
5741	0.0	0.0	0.161
5742	0.0	0.0	0.403
5743	0.0	0.0	1.090
5744	0.0	0.0	1.167
5745	0.0	0.0	1.172
5746	0.0	0.0	1.228
5747	0.0	0.0	1.172
5748	0.0	0.0	1.136
5749	0.0	0.0	1.052
5750	0.0	0.0	0.924
5751	0.0	0.0	0.843
5752	0.0	0.0	0.786
5753	0.0	0.0	0.817
5754	0.0	0.0	1.014
5755	0.0	0.0	1.131
5756	0.0	0.0	1.399
5757	0.0	0.0	1.437
5758	0.0	0.0	1.340
5759	0.0	0.0	0.807
5760	0.0	0.0	0.506
5761	0.0	0.0	0.350
5762	0.0	0.0	0.189
5763	0.0	0.0	0.074
5764	0.0	0.0	0.054
5765	0.0	0.0	0.161
5766	0.0	0.0	0.403
5767	0.0	0.0	1.090
5768	0.0	0.0	1.167
5769	0.0	0.0	1.172
5770	0.0	0.0	1.228
5771	0.0	0.0	1.172
5772	0.0	0.0	1.136
5773	0.0	0.0	1.052
5774	0.0	0.0	0.924
5775	0.0	0.0	0.843
5776	0.0	0.0	0.786
5777	0.0	0.0	0.817
5778	0.0	0.0	1.014
5779	0.0	0.0	1.131
5780	0.0	0.0	1.399
5781	0.0	0.0	1.437
5782	0.0	0.0	1.340
5783	0.0	0.0	0.807
5784	0.0	0.0	0.506
5785	0.0	0.0	0.350
5786	0.0	0.0	0.189
5787	0.0	0.0	0.074
5788	0.0	0.0	0.054
5789	0.0	0.0	0.161
5790	0.0	0.0	0.403
5791	0.0	0.0	1.090
5792	0.0	0.0	1.167
5793	0.0	0.0	1.172
5794	0.0	0.0	1.228
5795	0.0	0.0	1.172
5796	0.0	0.0	1.136
5797	0.0	0.0	1.052
5798	0.0	0.0	0.924
5799	0.0	0.0	0.843
5800	0.0	0.0	0.786
5801	0.0	0.0	0.817
5802	0.0	0.0	1.014
5803	0.0	0.0	1.131
5804	0.0	0.0	1.399
5805	0.0	0.0	1.437
5806	0.0	0.0	1.340
5807	0.0	0.0	0.807
5808	0.0	0.0	0.506
5809	0.0	0.0	0.350
5810	0.0	0.0	0.189
5811	0.0	0.0	0.074
5812	0.0	0.0	0.054
5813	0.0	0.0	0.161
5814	0.0	0.0	0.403
5815	0.0	0.0	1.090
5816	0.0	0.0	1.167
5817	0.0	0.0	1.172
5818	0.0	0.0	1.228
5819	0.0	0.0	1.172
5820	0.0	0.0	1.136
5821	0.0	0.0	1.052
5822	0.0	0.0	0.924
5823	0.0	0.0	0.843
5824	0.0	0.0	0.786
5825	0.0	0.0	0.817
5826	0.0	0.0	1.014
5827	0.0	0.0	1.131
5828	0.0	0.0	1.399
5829	0.0	0.0	1.437
5830	0.0	0.0	1.340
5831	0.0	0.0	0.807
5832	0.0	0.0	0.506
5833	0.0	0.0	0.350
5834	0.0	0.0	0.189
5835	0.0	0.0	0.074
5836	0.0	0.0	0.054
5837	0.0	0.0	0.161
5838	0.0	0.0	0.403
5839	0.0	0.0	1.090
5840	0.0	0.0	1.167
5841	0.0	0.0	1.172
5842	0.0	0.0	1.228
5843	0.0	0.0	1.172
5844	0.0	0.0	1.136
5845	0.0	0.0	1.052
5846	0.0	0.0	0.924
5847	0.0	0.0	0.843
5848	0.0	0.0	0.786
5849	0.0	0.0	0.817
5850	0.0	0.0	1.014
5851	0.0	0.0	1.131
5852	0.0	0.0	1.399
5853	0.0	0.0	1.437
5854	0.0	0.0	1.340
5855	0.0	0.0	0.807
5856	0.0	0.0	0.506
5857	0.0	0.0	0.350
5858	0.0	0.0	0.189
5859	0.0	0.0	0.074
5860	0.0	0.0	0.054
5861	0.0	0.0	0.161
5862	0.0	0.0	0.403
5863	0.0	0.0	1.090
5864	0.0	0.0	1.167
5865	0.0	0.0	1.172
5866	0.0	0.0	1.228
5867	0.0	0.0	1.172
5868	0.0	0.0	1.136
5869	0.0	0.0	1.052
5870	0.0	0.0	0.924
5871	0.0	0.0	0.843
5872	0.0	0.0	0.786
5873	0.0	0.0	0.817
5874	0.0	0.0	1.014
5875	0.0	0.0	1.131
5876	0.0	0.0	1.399
5877	0.0	0.0	1.437
5878	0.0	0.0	1.340
5879	0.0	0.0	0.807
5880	0.0	0.0	0.506
5881	0.0	0.0	0.350
5882	0.0	0.0	0.189
5883	0.0	0.0	0.074
5884	0.0	0.0	0.054
5885	0.0	0.0	0.161
5886	0.0	0.0	0.403
5887	0.0	0.0	1.090
5888	0.0	0.0	1.167
5889	0.0	0.0	1.172
5890	0.0	0.0	1.228
5891	0.0	0.0	1.172
5892	0.0	0.0	1.136
5893	0.0	0.0	1.052
5894	0.0	0.0	0.924
5895	0.0	0.0	0.843
5896	0.0	0.0	0.786
5897	0.0	0.0	0.817
5898	0.0	0.0	1.014
5899	0.0	0.0	1.131
5900	0.0	0.0	1.399
5901	0.0	0.0	1.437
5902	0.0	0.0	1.340
5903	0.0	0.0	0.807
5904	0.0	0.0	0.506
5905	0.0	0.0	0.350
5906	0.0	0.0	0.189
5907	0.0	0.0	0.074
5908	0.0	0.0	0.054
5909	0.0	0.0	0.161
5910	0.0	0.0	0.403
5911	0.0	0.0	1.090
5912	0.0	0.0	1.167
5913	0.0	0.0	1.172
5914	0.0	0.0	1.228
5915	0.0	0.0	1.172
5916	0.0	0.0	1.136
5917	0.0	0.0	1.052
5918	0.0	0.0	0.924
5919	0.0	0.0	0.843
5920	0.0	0.0	0.786
5921	0.0	0.0	0.817
5922	0.0	0.0	1.014
5923	0.0	0.0	1.131
5924	0.0	0.0	1.399
5925	0.0	0.0	1.437
5926	0.0	0.0	1.340
5927	0.0	0.0	0.807
5928	0.0	0.0	0.506
5929	0.0	0.0	0.350
5930	0.0	0.0	0.189
5931	0.0	0.0	0.074
5932	0.0	0.0	0.054
5933	0.0	0.0	0.161
5934	0.0	0.0	0.403
5935	0.0	0.0	1.090
5936	0.0	0.0	1.167
5937	0.0	0.0	1.172
5938	0.0	0.0	1.228
5939	0.0	0.0	1.172
5940	0.0	0.0	1.136
5941	0.0	0.0	1.052
5942	0.0	0.0	0.924
5943	0.0	0.0	0.843
5944	0.0	0.0	0.786
5945	0.0	0.0	0.817
5946	0.0	0.0	1.014
5947	0.0	0.0	1.131
5948	0.0	0.0	1.399
5949	0.0	0.0	1.437
5950	0.0	0.0	1.340
5951	0.0	0.0	0.807
5952	0.0	0.0	0.506
5953	0.0	0.0	0.350
5954	0.0	0.0	0.189
5955	0.0	0.0	0.074
5956	0.0	0.0	0.054
5957	0.0	0.0	0.161
5958	0.0	0.0	0.403
5959	0.0	0.0	1.090
5960	0.0	0.0	1.167
5961	0.0	0.0	1.172
5962	0.0	0.0	1.228
5963	0.0	0.0	1.172
5964	0.0	0.0	1.136
5965	0.0	0.0	1.052
5966	0.0	0.0	0.924
5967	0.0	0.0	0.843
5968	0.0	0.0	0.786
5969	0.0	0.0	0.817
5970	0.0	0.0	1.014
5971	0.0	0.0	1.131
5972	0.0	0.0	1.399
5973	0.0	0.0	1.437
5974	0.0	0.0	1.340
5975	0.0	0.0	0.807
5976	0.0	0.0	0.506
5977	0.0	0.0	0.350
5978	0.0	0.0	0.189
5979	0.0	0.0	0.074
5980	0.0	0.0	0.054
5981	0.0	0.0	0.161
5982	0.0	0.0	0.403
5983	0.0	0.0	1.090
5984	0.0	0.0	1.167
5985	0.0	0.0	1.172
5986	0.0	0.0	1.228
5987	0.0	0.0	1.172
5988	0.0	0.0	1.136
5989	0.0	0.0	1.052
5990	0.0	0.0	0.924
5991	0.0	0.0	0.843
5992	0.0	0.0	0.786
5993	0.0	0.0	0.817
5994	0.0	0.0	1.014
5995	0.0	0.0	1.131
5996	0.0	0.0	1.399
5997	0.0	0.0	1.437
5998	0.0	0.0	1.340
5999	0.0	0.0	0.807
6000	0.0	0.0	0.506
6001	0.0	0.0	0.350
6002	0.0	0.0	0.189
6003	0.0	0.0	0.074
6004	0.0	0.0	0.054
6005	0.0	0.0	0.161
6006	0.0	0.0	0.403
6007	0.0	0.0	1.090
6008	0.0	0.0	1.167
6009	0.0	0.0	1.172
6010	0.0	0.0	1.228
6011	0.0	0.0	1.172
6012	0.0	0.0	1.136
6013	0.0	0.0	1.052
6014	0.0	0.0	0.924
6015	0.0	0.0	0.843
6016	0.0	0.0	0.786
6017	0.0	0.0	0.817
6018	0.0	0.0	1.014
6019	0.0	0.0	1.131
6020	0.0	0.0	1.399
6021	0.0	0.0	1.437
6022	0.0	0.0	1.340
6023	0.0	0.0	0.807
6024	0.0	0.0	0.506
6025	0.0	0.0	0.350
6026	0.0	0.0	0.189
6027	0.0	0.0	0.074
6028	0.0	0.0	0.054
6029	0.0	0.0	0.161
6030	0.0	0.0	0.403
6031	0.0	0.0	1.090
6032	0.0	0.0	1.167
6033	0.0	0.0	1.172
6034	0.0	0.0	1.228
6035	0.0	0.0	1.172
6036	0.0	0.0	1.136
6037	0.0	0.0	1.052
6038	0.0	0.0	0.924
6039	0.0	0.0	0.843
6040	0.0	0.0	0.786
6041	0.0	0.0	0.817
6042	0.0	0.0	1.014
6043	0.0	0.0	1.131
6044	0.0	0.0	1.399
6045	0.0	0.0	1.437
6046	0.0	0.0	1.340
6047	0.0	0.0	0.807
6048	0.0	0.0	0.506
6049	0.0	0.0	0.350
6050	0.0	0.0	0.189
6051	0.0	0.0	0.074
6052	0.0	0.0	0.054
6053	0.0	0.0	0.161
6054	0.0	0.0	0.403
6055	0.0	0.0	1.090
6056	0.0	0.0	1.167
6057	0.0	0.0	1.172
6058	0.0	0.0	1.228
6059	0.0	0.0	1.172
6060	0.0	0.0	1.136
6061	0.0	0.0	1.052
6062	0.0	0.0	0.924
6063	0.0	0.0	0.843
6064	0.0	0.0	0.786
6065	0.0	0.0	0.817
6066	0.0	0.0	1.014
6067	0.0	0.0	1.131
6068	0.0	0.0	1.399
6069	0.0	0.0	1.437
6070	0.0	0.0	1.340
6071	0.0	0.0	0.807
6072	0.0	0.0	0.506
6073	0.0	0.0	0.350
6074	0.0	0.0	0.189
6075	0.0	0.0	0.074
6076	0.0	0.0	0.054
6077	0.0	0.0	0.161
6078	0.0	0.0	0.403
6079	0.0	0.0	1.090
6080	0.0	0.0	1.167
6081	0.0	0.0	1.172
6082	0.0	0.0	1.228
6083	0.0	0.0	1.172
6084	0.0	0.0	1.136
6085	0.0	0.0	1.052
6086	0.0	0.0	0.924
6087	0.0	0.0	0.843
6088	0.0	0.0	0.786
6089	0.0	0.0	0.817
6090	0.0	0.0	1.014
6091	0.0	0.0	1.131
6092	0.0	0.0	1.399
6093	0.0	0.0	1.437
6094	0.0	0.0	1.340
6095	0.0	0.0	0.807
6096	0.0	0.0	0.506
6097	0.0	0.0	0.350
6098	0.0	0.0	0.189
6099	0.0	0.0	0.074
6100	0.0	0.0	0.054
6101	0.0	0.0	0.161
6102	0.0	0.0	0.403
6103	0.0	0.0	1.090
6104	0.0	0.0	1.167
6105	0.0	0.0	1.172
6106	0.0	0.0	1.228
6107	0.0	0.0	1.172
6108	0.0	0.0	1.136
6109	0.0	0.0	1.052
6110	0.0	0.0	0.924
6111	0.0	0.0	0.843
6112	0.0	0.0	0.786
6113	0.0	0.0	0.817
6114	0.0	0.0	1.014
6115	0.0	0.0	1.131
6116	0.0	0.0	1.399
6117	0.0	0.0	1.437
6118	0.0	0.0	1.340
6119	0.0	0.0	0.807
6120	0.0	0.0	0.506
6121	0.0	0.0	0.350
6122	0.0	0.0	0.189
6123	0.0	0.0	0.074
6124	0.0	0.0	0.054
6125	0.0	0.0	0.161
6126	0.0	0.0	0.403
6127	0.0	0.0	1.090
6128	0.0	0.0	1.167
6129	0.0	0.0	1.172
6130	0.0	0.0	1.228
6131	0.0	0.0	1.172
6132	0.0	0.0	1.136
6133	0.0	0.0	1.052
6134	0.0	0.0	0.924
6135	0.0	0.0	0.843
6136	0.0	0.0	0.786
6137	0.0	0.0	0.817
6138	0.0	0.0	1.014
6139	0.0	0.0	1.131
6140	0.0	0.0	1.399
6141	0.0	0.0	1.437
6142	0.0	0.0	1.340
6143	0.0	0.0	0.807
6144	0.0	0.0	0.506
6145	0.0	0.0	0.350
6146	0.0	0.0	0.189
6147	0.0	0.0	0.074
6148	0.0	0.0	0.054
6149	0.0	0.0	0.161
6150	0.0	0.0	0.403
6151	0.0	0.0	1.090
6152	0.0	0.0	1.167
6153	0.0	0.0	1.172
6154	0.0	0.0	1.228
6155	0.0	0.0	1.172
6156	0.0	0.0	1.136
6157	0.0	0.0	1.052
6158	0.0	0.0	0.924
6159	0.0	0.0	0.843
6160	0.0	0.0	0.786
6161	0.0	0.0	0.817
6162	0.0	0.0	1.014
6163	0.0	0.0	1.131
6164	0.0	0.0	1.399
6165	0.0	0.0	1.437
6166	0.0	0.0	1.340
6167	0.0	0.0	0.807
6168	0.0	0.0	0.506
6169	0.0	0.0	0.350
6170	0.0	0.0	0.189
6171	0.0	0.0	0.074
6172	0.0	0.0	0.054
6173	0.0	0.0	0.161
6174	0.0	0.0	0.403
6175	0.0	0.0	1.090
6176	0.0	0.0	1.167
6177	0.0	0.0	1.172
6178	0.0	0.0	1.228
6179	0.0	0.0	1.172
6180	0.0	0.0	1.136
6181	0.0	0.0	1.052
6182	0.0	0.0	0.924
6183	0.0	0.0	0.843
6184	0.0	0.0	0.786
6185	0.0	0.0	0.817
6186	0.0	0.0	1.014
6187	0.0	0.0	1.131
6188	0.0	0.0	1.399
6189	0.0	0.0	1.437
6190	0.0	0.0	1.340
6191	0.0	0.0	0.807
6192	0.0	0.0	0.506
6193	0.0	0.0	0.350
6194	0.0	0.0	0.189
6195	0.0	0.0	0.074
6196	0.0	0.0	0.054
6197	0.0	0.0	0.161
6198	0.0	0.0	0.403
6199	0.0	0.0	1.090
6200	0.0	0.0	1.167
6201	0.0	0.0	1.172
6202	0.0	0.0	1.228
6203	0.0	0.0	1.172
6204	0.0	0.0	1.136
6205	0.0	0.0	1.052
6206	0.0	0.0	0.924
6207	0.0	0.0	0.843
6208	0.0	0.0	0.786
6209	0.0	0.0	0.817
6210	0.0	0.0	1.014
6211	0.0	0.0	1.131
6212	0.0	0.0	1.399
6213	0.0	0.0	1.437
6214	0.0	0.0	1.340
6215	0.0	0.0	0.807
6216	0.0	0.0	0.506
6217	0.0	0.0	0.350
6218	0.0	0.0	0.189
6219	0.0	0.0	0.074
6220	0.0	0.0	0.054
6221	0.0	0.0	0.161
6222	0.0	0.0	0.403
6223	0.0	0.0	1.090
6224	0.0	0.0	1.167
6225	0.0	0.0	1.172
6226	0.0	0.0	1.228
6227	0.0	0.0	1.172
6228	0.0	0.0	1.136
6229	0.0	0.0	1.052
6230	0.0	0.0	0.924
6231	0.0	0.0	0.843
6232	0.0	0.0	0.786
6233	0.0	0.0	0.817
6234	0.0	0.0	1.014
6235	0.0	0.0	1.131
6236	0.0	0.0	1.399
6237	0.0	0.0	1.437
6238	0.0	0.0	1.340
6239	0.0	0.0	0.807
6240	0.0	0.0	0.506
6241	0.0	0.0	0.350
6242	0.0	0.0	0.189
6243	0.0	0.0	0.074
6244	0.0	0.0	0.054
6245	0.0	0.0	0.161
6246	0.0	0.0	0.403
6247	0.0	0.0	1.090
6248	0.0	0.0	1.167
6249	0.0	0.0	1.172
6250	0.0	0.0	1.228
6251	0.0	0.0	1.172
6252	0.0	0.0	1.136
6253	0.0	0.0	1.052
6254	0.0	0.0	0.924
6255	0.0	0.0	0.843
6256	0.0	0.0	0.786
6257	0.0	0.0	0.817
6258	0.0	0.0	1.014
6259	0.0	0.0	1.131
6260	0.0	0.0	1.399
6261	0.0	0.0	1.437
6262	0.0	0.0	1.340
6263	0.0	0.0	0.807
6264	0.0	0.0	0.506
6265	0.0	0.0	0.350
6266	0.0	0.0	0.189
6267	0.0	0.0	0.074
6268	0.0	0.0	0.054
6269	0.0	0.0	0.161
6270	0.0	0.0	0.403
6271	0.0	0.0	1.090
6272	0.0	0.0	1.167
6273	0.0	0.0	1.172
6274	0.0	0.0	1.228
6275	0.0	0.0	1.172
6276	0.0	0.0	1.136
6277	0.0	0.0	1.052
6278	0.0	0.0	0.924
6279	0.0	0.0	0.843
6280	0.0	0.0	0.786
6281	0.0	0.0	0.817
6282	0.0	0.0	1.014
6283	0.0	0.0	1.131
6284	0.0	0.0	1.399
6285	0.0	0.0	1.437
6286	0.0	0.0	1.340
6287	0.0	0.0	0.807
6288	0.0	0.0	0.506
6289	0.0	0.0	0.350
6290	0.0	0.0	0.189
6291	0.0	0.0	0.074
6292	0.0	0.0	0.054
6293	0.0	0.0	0.161
6294	0.0	0.0	0.403
6295	0.0	0.0	1.090
6296	0.0	0.0	1.167
6297	0.0	0.0	1.172
6298	0.0	0.0	1.228
6299	0.0	0.0	1.172
6300	0.0	0.0	1.136
6301	0.0	0.0	1.052
6302	0.0	0.0	0.924
6303	0.0	0.0	0.843
6304	0.0	0.0	0.786
6305	0.0	0.0	0.817
6306	0.0	0.0	1.014
6307	0.0	0.0	1.131
6308	0.0	0.0	1.399
6309	0.0	0.0	1.437
6310	0.0	0.0	1.340
6311	0.0	0.0	0.807
6312	0.0	0.0	0.506
6313	0.0	0.0	0.350
6314	0.0	0.0	0.189
6315	0.0	0.0	0.074
6316	0.0	0.0	0.054
6317	0.0	0.0	0.161
6318	0.0	0.0	0.403
6319	0.0	0.0	1.090
6320	0.0	0.0	1.167
6321	0.0	0.0	1.172
6322	0.0	0.0	1.228
6323	0.0	0.0	1.172
6324	0.0	0.0	1.136
6325	0.0	0.0	1.052
6326	0.0	0.0	0.924
6327	0.0	0.0	0.843
6328	0.0	0.0	0.786
6329	0.0	0.0	0.817
6330	0.0	0.0	1.014
6331	0.0	0.0	1.131
6332	0.0	0.0	1.399
6333	0.0	0.0	1.437
6334	0.0	0.0	1.340
6335	0.0	0.0	0.807
6336	0.0	0.0	0.506
6337	0.0	0.0	0.350
6338	0.0	0.0	0.189
6339	0.0	0.0	0.074
6340	0.0	0.0	0.054
6341	0.0	0.0	0.161
6342	0.0	0.0	0.403
6343	0.0	0.0	1.090
6344	0.0	0.0	1.167
6345	0.0	0.0	1.172
6346	0.0	0.0	1.228
6347	0.0	0.0	1.172
6348	0.0	0.0	1.136
6349	0.0	0.0	1.052
6350	0.0	0.0	0.924
6351	0.0	0.0	0.843
6352	0.0	0.0	0.786
6353	0.0	0.0	0.817
6354	0.0	0.0	1.014
6355	0.0	0.0	1.131
6356	0.0	0.0	1.399
6357	0.0	0.0	1.437
6358	0.0	0.0	1.340
6359	0.0	0.0	0.807
6360	0.0	0.0	0.506
6361	0.0	0.0	0.350
6362	0.0	0.0	0.189
6363	0.0	0.0	0.074
6364	0.0	0.0	0.054
6365	0.0	0.0	0.161
6366	0.0	0.0	0.403
6367	0.0	0.0	1.090
6368	0.0	0.0	1.167
6369	0.0	0.0	1.172
6370	0.0	0.0	1.228
6371	0.0	0.0	1.172
6372	0.0	0.0	1.136
6373	0.0	0.0	1.052
6374	0.0	0.0	0.924
6375	0.0	0.0	0.843
6376	0.0	0.0	0.786
6377	0.0	0.0	0.817
6378	0.0	0.0	1.014
6379	0.0	0.0	1.131
6380	0.0	0.0	1.399
6381	0.0	0.0	1.437
6382	0.0	0.0	1.340
6383	0.0	0.0	0.807
6384	0.0	0.0	0.506
6385	0.0	0.0	0.350
6386	0.0	0.0	0.189
6387	0.0	0.0	0.074
6388	0.0	0.0	0.054
6389	0.0	0.0	0.161
6390	0.0	0.0	0.403
6391	0.0	0.0	1.090
6392	0.0	0.0	1.167
6393	0.0	0.0	1.172
6394	0.0	0.0	1.228
6395	0.0	0.0	1.172
6396	0.0	0.0	1.136
6397	0.0	0.0	1.052
6398	0.0	0.0	0.924
6399	0.0	0.0	0.843
6400	0.0	0.0	0.786
6401	0.0	0.0	0.817
6402	0.0	0.0	1.014
6403	0.0	0.0	1.131
6404	0.0	0.0	1.399
6405	0.0	0.0	1.437
6406	0.0	0.0	1.340
6407	0.0	0.0	0.807
6408	0.0	0.0	0.506
6409	0.0	0.0	0.350
6410	0.0	0.0	0.189
6411	0.0	0.0	0.074
6412	0.0	0.0	0.054
6413	0.0	0.0	0.161
6414	0.0	0.0	0.403
6415	0.0	0.0	1.090
6416	0.0	0.0	1.167
6417	0.0	0.0	1.172
6418	0.0	0.0	1.228
6419	0.0	0.0	1.172
6420	0.0	0.0	1.136
6421	0.0	0.0	1.052
6422	0.0	0.0	0.924
6423	0.0	0.0	0.843
6424	0.0	0.0	0.786
6425	0.0	0.0	0.817
6426	0.0	0.0	1.014
6427	0.0	0.0	1.131
6428	0.0	0.0	1.399
6429	0.0	0.0	1.437
6430	0.0	0.0	1.340
6431	0.0	0.0	0.807
6432	0.0	0.0	0.506
6433	0.0	0.0	0.350
6434	0.0	0.0	0.189
6435	0.0	0.0	0.074
6436	0.0	0.0	0.054
6437	0.0	0.0	0.161
6438	0.0	0.0	0.403
6439	0.0	0.0	1.090
6440	0.0	0.0	1.167
6441	0.0	0.0	1.172
6442	0.0	0.0	1.228
6443	0.0	0.0	1.172
6444	0.0	0.0	1.136
6445	0.0	0.0	1.052
6446	0.0	0.0	0.924
6447	0.0	0.0	0.843
6448	0.0	0.0	0.786
6449	0.0	0.0	0.817
6450	0.0	0.0	1.014
6451	0.0	0.0	1.131
6452	0.0	0.0	1.399
6453	0.0	0.0	1.437
6454	0.0	0.0	1.340
6455	0.0	0.0	0.807
6456	0.0	0.0	0.506
6457	0.0	0.0	0.350
6458	0.0	0.0	0.189
6459	0.0	0.0	0.074
6460	0.0	0.0	0.054
6461	0.0	0.0	0.161
6462	0.0	0.0	0.403
6463	0.0	0.0	1.090
6464	0.0	0.0	1.167
6465	0.0	0.0	1.172
6466	0.0	0.0	1.228
6467	0.0	0.0	1.172
6468	0.0	0.0	1.136
6469	0.0	0.0	1.052
6470	0.0	0.0	0.924
6471	0.0	0.0	0.843
6472	0.0	0.0	0.786
6473	0.0	0.0	0.817
6474	0.0	0.0	1.014
6475	0.0	0.0	1.131
6476	0.0	0.0	1.399
6477	0.0	0.0	1.437
6478	0.0	0.0	1.340
6479	0.0	0.0	0.807
6480	0.0	0.0	0.506
6481	0.0	0.0	0.350
6482	0.0	0.0	0.189
6483	0.0	0.0	0.074
6484	0.0	0.0	0.054
6485	0.0	0.0	0.161
6486	0.0	0.0	0.403
6487	0.0	0.0	1.090
6488	0.0	0.0	1.167
6489	0.0	0.0	1.172
6490	0.0	0.0	1.228
6491	0.0	0.0	1.172
6492	0.0	0.0	1.136
6493	0.0	0.0	1.052
6494	0.0	0.0	0.924
6495	0.0	0.0	0.843
6496	0.0	0.0	0.786
6497	0.0	0.0	0.817
6498	0.0	0.0	1.014
6499	0.0	0.0	1.131
6500	0.0	0.0	1.399
6501	0.0	0.0	1.437
6502	0.0	0.0	1.340
6503	0.0	0.0	0.807
6504	0.0	0.0	0.506
6505	0.0	0.0	0.350
6506	0.0	0.0	0.189
6507	0.0	0.0	0.074
6508	0.0	0.0	0.054
6509	0.0	0.0	0.161
6510	0.0	0.0	0.403
6511	0.0	0.0	1.090
6512	0.0	0.0	1.167
6513	0.0	0.0	1.172
6514	0.0	0.0	1.228
6515	0.0	0.0	1.172
6516	0.0	0.0	1.136
6517	0.0	0.0	1.052
6518	0.0	0.0	0.924
6519	0.0	0.0	0.843
6520	0.0	0.0	0.786
6521	0.0	0.0	0.817
6522	0.0	0.0	1.014
6523	0.0	0.0	1.131
6524	0.0	0.0	1.399
6525	0.0	0.0	1.437
6526	0.0	0.0	1.340
6527	0.0	0.0	0.807
6528	0.0	0.0	0.506
6529	0.0	0.0	0.350
6530	0.0	0.0	0.189
6531	0.0	0.0	0.074
6532	0.0	0.0	0.054
6533	0.0	0.0	0.161
6534	0.0	0.0	0.403
6535	0.0	0.0	1.090
6536	0.0	0.0	1.167
6537	0.0	0.0	1.172
6538	0.0	0.0	1.228
6539	0.0	0.0	1.172
6540	0.0	0.0	1.136
6541	0.0	0.0	1.052
6542	0.0	0.0	0.924
6543	0.0	0.0	0.843
6544	0.0	0.0	0.786
6545	0.0	0.0	0.817
6546	0.0	0.0	1.014
6547	0.0	0.0	1.131
6548	0.0	0.0	1.399
6549	0.0	0.0	1.437
6550	0.0	0.0	1.340
6551	0.0	0.0	0.807
6552	0.0	0.0	0.506
6553	0.0	0.0	0.350
6554	0.0	0.0	0.189
6555	0.0	0.0	0.074
6556	0.0	0.0	0.054
6557	0.0	0.0	0.161
6558	0.0	0.0	0.403
6559	0.0	0.0	1.090
6560	0.0	0.0	1.167
6561	0.0	0.0	1.172
6562	0.0	0.0	1.228
6563	0.0	0.0	1.172
6564	0.0	0.0	1.136
6565	0.0	0.0	1.052
6566	0.0	0.0	0.924
6567	0.0	0.0	0.843
6568	0.0	0.0	0.786
6569	0.0	0.0	0.817
6570	0.0	0.0	1.014
6571	0.0	0.0	1.131
6572	0.0	0.0	1.399
6573	0.0	0.0	1.437
6574	0.0	0.0	1.340
6575	0.0	0.0	0.807
6576	0.0	0.0	0.506
6577	0.3	0.0	0.350
6578	0.3	0.0	0.189
6579	0.3	0.0	0.074
6580	0.3	0.0	0.054
6581	0.3	0.0	0.161
6582	0.4	0.0	0.403
6583	0.4	0.0	1.090
6584	0.4	0.0	1.167
6585	0.4	0.0	1.172
6586	0.4	0.0	1.228
6587	0.4	0.0	1.172
6588	0.4	0.0	1.136
6589	0.3	0.0	1.052
6590	0.3	0.0	0.924
6591	0.3	0.0	0.843
6592	0.3	0.0	0.786
6593	0.4	0.0	0.817
6594	0.5	0.0	1.014
6595	0.5	0.0	1.131
6596	0.6	0.0	1.399
6597	0.6	0.0	1.437
6598	0.7	0.0	1.340
6599	0.7	0.0	0.807
6600	0.8	0.0	0.506
6601	0.8	0.0	0.350
6602	0.8	0.0	0.189
6603	0.8	0.0	0.074
6604	0.8	0.0	0.054
6605	0.8	0.0	0.161
6606	0.8	0.0	0.403
6607	0.9	0.0	1.090
6608	0.9	0.0	1.167
6609	0.9	0.0	1.172
6610	0.8	0.0	1.228
6611	0.8	0.0	1.172
6612	0.7	0.0	1.136
6613	0.7	0.0	1.052
6614	0.7	0.0	0.924
6615	0.7	0.0	0.843
6616	0.7	0.0	0.786
6617	0.7	0.0	0.817
6618	0.8	0.0	1.014
6619	0.8	0.0	1.131
6620	0.9	0.0	1.399
6621	0.9	0.0	1.437
6622	1.0	0.0	1.340
6623	1.0	0.0	0.807
6624	1.0	0.0	0.506
6625	1.0	0.0	0.350
6626	1.0	0.0	0.189
6627	1.0	0.0	0.074
6628	1.0	0.0	0.054
6629	1.0	0.0	0.161
6630	1.0	0.0	0.403
6631	1.0	0.0	1.090
6632	1.0	0.0	1.167
6633	1.0	0.0	1.172
6634	0.9	0.0	1.228
6635	0.9	0.0	1.172
6636	0.8	0.0	1.136
6637	0.7	0.0	1.052
6638	0.7	0.0	0.924
6639	0.6	0.0	0.843
6640	0.6	0.0	0.786
6641	0.7	0.0	0.817
6642	0.8	0.0	1.014
6643	0.8	0.0	1.131
6644	0.9	0.0	1.399
6645	0.9	0.0	1.437
6646	0.9	0.0	1.340
6647	1.0	0.0	0.807
6648	1.0	0.0	0.506
6649	1.0	0.0	0.350
6650	1.0	0.0	0.189
6651	1.0	0.0	0.074
6652	1.0	0.0	0.054
6653	1.0	0.0	0.161
6654	1.0	0.0	0.403
6655	1.0	0.0	1.090
6656	0.9	0.0	1.167
6657	0.9	0.0	1.172
6658	0.8	0.0	1.228
6659	0.7	0.0	1.172
6660	0.6	0.0	1.136
6661	0.6	0.0	1.052
6662	0.5	0.0	0.924
6663	0.5	0.0	0.843
6664	0.5	0.0	0.786
6665	0.5	0.0	0.817
6666	0.6	0.0	1.014
6667	0.7	0.0	1.131
6668	0.8	0.0	1.399
6669	0.9	0.0	1.437
6670	0.9	0.0	1.340
6671	0.9	0.0	0.807
6672	1.0	0.0	0.506
6673	1.0	0.0	0.350
6674	1.0	0.0	0.189
6675	1.0	0.0	0.074
6676	1.0	0.0	0.054
6677	1.0	0.0	0.161
6678	1.0	0.0	0.403
6679	1.0	0.0	1.090
6680	1.0	0.0	1.167
6681	1.0	0.0	1.172
6682	0.9	0.0	1.228
6683	0.8	0.0	1.172
6684	0.7	0.0	1.136
6685	0.6	0.0	1.052
6686	0.5	0.0	0.924
6687	0.5	0.0	0.843
6688	0.5	0.0	0.786
6689	0.5	0.0	0.817
6690	0.6	0.0	1.014
6691	0.7	0.0	1.131
6692	0.7	0.0	1.399
6693	0.7	0.0	1.437
6694	0.7	0.0	1.340
6695	0.7	0.0	0.807
6696	0.8	0.0	0.506
6697	0.8	0.0	0.350
6698	0.8	0.0	0.189
6699	0.8	0.0	0.074
6700	0.8	0.0	0.054
6701	0.9	0.0	0.161
6702	0.9	0.0	0.403
6703	0.9	0.0	1.090
6704	0.9	0.0	1.167
6705	0.9	0.0	1.172
6706	0.8	0.0	1.228
6707	0.7	0.0	1.172
6708	0.7	0.0	1.136
6709	0.7	0.0	1.052
6710	0.6	0.0	0.924
6711	0.6	0.0	0.843
6712	0.6	0.0	0.786
6713	0.7	0.0	0.817
6714	0.8	0.0	1.014
6715	0.8	0.0	1.131
6716	0.9	0.0	1.399
6717	0.9	0.0	1.437
6718	1.0	0.0	1.340
6719	1.0	0.0	0.807
6720	1.1	0.0	0.506
6721	1.1	0.0	0.350
6722	1.1	0.0	0.189
6723	1.1	0.0	0.074
6724	1.1	0.0	0.054
6725	1.1	0.0	0.161
6726	1.1	0.0	0.403
6727	1.1	0.0	1.090
6728	1.1	0.0	1.167
6729	1.1	0.0	1.172
6730	1.0	0.0	1.228
6731	0.9	0.0	1.172
6732	0.8	0.0	1.136
6733	0.8	0.0	1.052
6734	0.7	0.0	0.924
6735	0.6	0.0	0.843
6736	0.7	0.0	0.786
6737	0.7	0.0	0.817
6738	0.7	0.0	1.014
6739	0.8	0.0	1.131
6740	0.8	0.0	1.399
6741	0.8	0.0	1.437
6742	0.9	0.0	1.340
6743	0.9	0.0	0.807
6744	0.9	0.0	0.506
6745	0.9	0.0	0.350
6746	0.9	0.0	0.189
6747	0.9	0.0	0.074
6748	0.9	0.0	0.054
6749	0.9	0.0	0.161
6750	0.9	0.0	0.403
6751	0.9	0.0	1.090
6752	0.9	0.0	1.167
6753	0.9	0.0	1.172
6754	0.8	0.0	1.228
6755	0.7	0.0	1.172
6756	0.6	0.0	1.136
6757	0.6	0.0	1.052
6758	0.5	0.0	0.924
6759	0.5	0.0	0.843
6760	0.5	0.0	0.786
6761	0.5	0.0	0.817
6762	0.6	0.0	1.014
6763	0.6	0.0	1.131
6764	0.6	0.0	1.399
6765	0.7	0.0	1.437
6766	0.7	0.0	1.340
6767	0.8	0.0	0.807
6768	0.8	0.0	0.506
6769	0.8	0.0	0.350
6770	0.9	0.0	0.189
6771	0.9	0.0	0.074
6772	0.9	0.0	0.054
6773	1.0	0.0	0.161
6774	1.0	0.0	0.403
6775	1.0	0.0	1.090
6776	1.0	0.0	1.167
6777	0.9	0.0	1.172
6778	0.9	0.0	1.228
6779	0.8	0.0	1.172
6780	0.7	0.0	1.136
6781	0.6	0.0	1.052
6782	0.5	0.0	0.924
6783	0.5	0.0	0.843
6784	0.5	0.0	0.786
6785	0.6	0.0	0.817
6786	0.6	0.0	1.014
6787	0.8	0.0	1.131
6788	0.8	0.0	1.399
6789	0.8	0.0	1.437
6790	0.8	0.0	1.340
6791	0.9	0.0	0.807
6792	0.9	0.0	0.506
6793	0.9	0.0	0.350
6794	0.9	0.0	0.189
6795	0.9	0.0	0.074
6796	0.9	0.0	0.054
6797	0.9	0.0	0.161
6798	0.8	0.0	0.403
6799	0.9	0.0	1.090
6800	0.9	0.0	1.167
6801	0.8	0.0	1.172
6802	0.7	0.0	1.228
6803	0.7	0.0	1.172
6804	0.6	0.0	1.136
6805	0.6	0.0	1.052
6806	0.5	0.0	0.924
6807	0.5	0.0	0.843
6808	0.5	0.0	0.786
6809	0.5	0.0	0.817
6810	0.5	0.0	1.014
6811	0.6	0.0	1.131
6812	0.6	0.0	1.399
6813	0.6	0.0	1.437
6814	0.6	0.0	1.340
6815	0.7	0.0	0.807
6816	0.7	0.0	0.506
6817	0.7	0.0	0.350
6818	0.7	0.0	0.189
6819	0.7	0.0	0.074
6820	0.8	0.0	0.054
6821	0.7	0.0	0.161
6822	0.7	0.0	0.403
6823	0.7	0.0	1.090
6824	0.7	0.0	1.167
6825	0.7	0.0	1.172
6826	0.7	0.0	1.228
6827	0.6	0.0	1.172
6828	0.6	0.0	1.136
6829	0.5	0.0	1.052
6830	0.5	0.0	0.924
6831	0.4	0.0	0.843
6832	0.5	0.0	0.786
6833	0.5	0.0	0.817
6834	0.5	0.0	1.014
6835	0.5	0.0	1.131
6836	0.5	0.0	1.399
6837	0.5	0.0	1.437
6838	0.5	0.0	1.340
6839	0.5	0.0	0.807
6840	0.6	0.0	0.506
6841	0.6	0.0	0.350
6842	0.6	0.0	0.189
6843	0.6	0.0	0.074
6844	0.6	0.0	0.054
6845	0.6	0.0	0.161
6846	0.6	0.0	0.403
6847	0.5	0.0	1.090
6848	0.6	0.0	1.167
6849	0.5	0.0	1.172
6850	0.4	0.0	1.228
6851	0.4	0.0	1.172
6852	0.3	0.0	1.136
6853	0.3	0.0	1.052
6854	0.3	0.0	0.924
6855	0.3	0.0	0.843
6856	0.3	0.0	0.786
6857	0.3	0.0	0.817
6858	0.3	0.0	1.014
6859	0.3	0.0	1.131
6860	0.3	0.0	1.399
6861	0.3	0.0	1.437
6862	0.3	0.0	1.340
6863	0.3	0.0	0.807
6864	0.2	0.0	0.506
6865	0.0	0.0	0.350
6866	0.0	0.0	0.189
6867	0.0	0.0	0.074
6868	0.0	0.0	0.054
6869	0.0	0.0	0.161
6870	0.0	0.0	0.403
6871	0.0	0.0	1.090
6872	0.0	0.0	1.167
6873	0.0	0.0	1.172
6874	0.0	0.0	1.228
6875	0.0	0.0	1.172
6876	0.0	0.0	1.136
6877	0.0	0.0	1.052
6878	0.0	0.0	0.924
6879	0.0	0.0	0.843
6880	0.0	0.0	0.786
6881	0.0	0.0	0.817
6882	0.0	0.0	1.014
6883	0.0	0.0	1.131
6884	0.0	0.0	1.399
6885	0.0	0.0	1.437
6886	0.0	0.0	1.340
6887	0.0	0.0	0.807
6888	0.0	0.0	0.506
6889	0.5	0.0	0.350
6890	0.4	0.0	0.189
6891	0.5	0.0	0.074
6892	0.5	0.0	0.054
6893	0.5	0.0	0.161
6894	0.5	0.0	0.403
6895	0.6	0.0	1.090
6896	0.5	0.0	1.167
6897	0.5	0.0	1.172
6898	0.4	0.0	1.228
6899	0.3	0.0	1.172
6900	0.2	0.0	1.136
6901	0.2	0.0	1.052
6902	0.1	0.0	0.924
6903	0.1	0.0	0.843
6904	0.1	0.0	0.786
6905	0.1	0.0	0.817
6906	0.2	0.0	1.014
6907	0.3	0.0	1.131
6908	0.3	0.0	1.399
6909	0.4	0.0	1.437
6910	0.4	0.0	1.340
6911	0.5	0.0	0.807
6912	0.5	0.0	0.506
6913	0.5	0.0	0.350
6914	0.5	0.0	0.189
6915	0.6	0.0	0.074
6916	0.6	0.0	0.054
6917	0.6	0.0	0.161
6918	0.6	0.0	0.403
6919	0.5	0.0	1.090
6920	0.5	0.0	1.167
6921	0.5	0.0	1.172
6922	0.4	0.0	1.228
6923	0.4	0.0	1.172
6924	0.3	0.0	1.136
6925	0.2	0.0	1.052
6926	0.1	0.0	0.924
6927	0.1	0.0	0.843
6928	0.1	0.0	0.786
6929	0.1	0.0	0.817
6930	0.2	0.0	1.014
6931	0.2	0.0	1.131
6932	0.2	0.0	1.399
6933	0.2	0.0	1.437
6934	0.3	0.0	1.340
6935	0.3	0.0	0.807
6936	0.3	0.0	0.506
6937	0.3	0.0	0.350
6938	0.3	0.0	0.189
6939	0.3	0.0	0.074
6940	0.4	0.0	0.054
6941	0.4	0.0	0.161
6942	0.4	0.0	0.403
6943	0.4	0.0	1.090
6944	0.4	0.0	1.167
6945	0.4	0.0	1.172
6946	0.3	0.0	1.228
6947	0.2	0.0	1.172
6948	0.1	0.0	1.136
6949	0.1	0.0	1.052
6950	0.1	0.0	0.924
6951	0.1	0.0	0.843
6952	0.1	0.0	0.786
6953	0.1	0.0	0.817
6954	0.2	0.0	1.014
6955	0.2	0.0	1.131
6956	0.3	0.0	1.399
6957	0.3	0.0	1.437
6958	0.4	0.0	1.340
6959	0.4	0.0	0.807
6960	0.5	0.0	0.506
6961	0.5	0.0	0.350
6962	0.5	0.0	0.189
6963	0.6	0.0	0.074
6964	0.6	0.0	0.054
6965	0.7	0.0	0.161
6966	0.7	0.0	0.403
6967	0.7	0.0	1.090
6968	0.7	0.0	1.167
6969	0.7	0.0	1.172
6970	0.7	0.0	1.228
6971	0.6	0.0	1.172
6972	0.5	0.0	1.136
6973	0.5	0.0	1.052
6974	0.5	0.0	0.924
6975	0.5	0.0	0.843
6976	0.5	0.0	0.786
6977	0.5	0.0	0.817
6978	0.6	0.0	1.014
6979	0.7	0.0	1.131
6980	0.8	0.0	1.399
6981	0.8	0.0	1.437
6982	0.9	0.0	1.340
6983	0.9	0.0	0.807
6984	1.0	0.0	0.506
6985	1.0	0.0	0.350
6986	1.0	0.0	0.189
6987	1.1	0.0	0.074
6988	1.1	0.0	0.054
6989	1.1	0.0	0.161
6990	1.1	0.0	0.403
6991	1.0	0.0	1.090
6992	1.0	0.0	1.167
6993	1.0	0.0	1.172
6994	0.9	0.0	1.228
6995	0.8	0.0	1.172
6996	0.7	0.0	1.136
6997	0.6	0.0	1.052
6998	0.6	0.0	0.924
6999	0.5	0.0	0.843
7000	0.6	0.0	0.786
7001	0.6	0.0	0.817
7002	0.6	0.0	1.014
7003	0.7	0.0	1.131
7004	0.8	0.0	1.399
7005	0.8	0.0	1.437
7006	0.8	0.0	1.340
7007	0.9	0.0	0.807
7008	0.9	0.0	0.506
7009	1.0	0.0	0.350
7010	1.0	0.0	0.189
7011	1.0	0.0	0.074
7012	1.0	0.0	0.054
7013	1.1	0.0	0.161
7014	1.1	0.0	0.403
7015	1.1	0.0	1.090
7016	1.1	0.0	1.167
7017	1.1	0.0	1.172
7018	1.0	0.0	1.228
7019	0.9	0.0	1.172
7020	0.9	0.0	1.136
7021	0.8	0.0	1.052
7022	0.7	0.0	0.924
7023	0.7	0.0	0.843
7024	0.7	0.0	0.786
7025	0.8	0.0	0.817
7026	0.8	0.0	1.014
7027	0.9	0.0	1.131
7028	0.9	0.0	1.399
7029	0.9	0.0	1.437
7030	0.9	0.0	1.340
7031	1.0	0.0	0.807
7032	1.0	0.0	0.506
7033	0.9	0.0	0.350
7034	1.0	0.0	0.189
7035	1.0	0.0	0.074
7036	1.0	0.0	0.054
7037	1.0	0.0	0.161
7038	1.0	0.0	0.403
7039	1.0	0.0	1.090
7040	0.9	0.0	1.167
7041	0.9	0.0	1.172
7042	0.8	0.0	1.228
7043	0.8	0.0	1.172
7044	0.7	0.0	1.136
7045	0.6	0.0	1.052
7046	0.6	0.0	0.924
7047	0.6	0.0	0.843
7048	0.6	0.0	0.786
7049	0.6	0.0	0.817
7050	0.7	0.0	1.014
7051	0.7	0.0	1.131
7052	0.8	0.0	1.399
7053	0.8	0.0	1.437
7054	0.8	0.0	1.340
7055	0.9	0.0	0.807
7056	0.9	0.0	0.506
7057	0.9	0.0	0.350
7058	0.9	0.0	0.189
7059	1.0	0.0	0.074
7060	1.0	0.0	0.054
7061	1.0	0.0	0.161
7062	1.0	0.0	0.403
7063	0.9	0.0	1.090
7064	0.9	0.0	1.167
7065	0.9	0.0	1.172
7066	0.8	0.0	1.228
7067	0.8	0.0	1.172
7068	0.7	0.0	1.136
7069	0.6	0.0	1.052
7070	0.6	0.0	0.924
7071	0.6	0.0	0.843
7072	0.6	0.0	0.786
7073	0.6	0.0	0.817
7074	0.7	0.0	1.014
7075	0.7	0.0	1.131
7076	0.8	0.0	1.399
7077	0.8	0.0	1.437
7078	0.8	0.0	1.340
7079	0.9	0.0	0.807
7080	0.9	0.0	0.506
7081	1.0	0.0	0.350
7082	1.0	0.0	0.189
7083	1.0	0.0	0.074
7084	1.0	0.0	0.054
7085	1.0	0.0	0.161
7086	1.0	0.0	0.403
7087	1.0	0.0	1.090
7088	0.9	0.0	1.167
7089	0.8	0.0	1.172
7090	0.8	0.0	1.228
7091	0.7	0.0	1.172
7092	0.6	0.0	1.136
7093	0.6	0.0	1.052
7094	0.5	0.0	0.924
7095	0.5	0.0	0.843
7096	0.5	0.0	0.786
7097	0.5	0.0	0.817
7098	0.5	0.0	1.014
7099	0.6	0.0	1.131
7100	0.6	0.0	1.399
7101	0.6	0.0	1.437
7102	0.7	0.0	1.340
7103	0.7	0.0	0.807
7104	0.7	0.0	0.506
7105	0.7	0.0	0.350
7106	0.7	0.0	0.189
7107	0.7	0.0	0.074
7108	0.8	0.0	0.054
7109	0.8	0.0	0.161
7110	0.8	0.0	0.403
7111	0.8	0.0	1.090
7112	0.8	0.0	1.167
7113	0.8	0.0	1.172
7114	0.7	0.0	1.228
7115	0.6	0.0	1.172
7116	0.5	0.0	1.136
7117	0.5	0.0	1.052
7118	0.5	0.0	0.924
7119	0.5	0.0	0.843
7120	0.5	0.0	0.786
7121	0.6	0.0	0.817
7122	0.7	0.0	1.014
7123	0.7	0.0	1.131
7124	0.7	0.0	1.399
7125	0.8	0.0	1.437
7126	0.7	0.0	1.340
7127	0.7	0.0	0.807
7128	0.8	0.0	0.506
7129	0.8	0.0	0.350
7130	0.8	0.0	0.189
7131	0.8	0.0	0.074
7132	0.8	0.0	0.054
7133	0.8	0.0	0.161
7134	0.8	0.0	0.403
7135	0.8	0.0	1.090
7136	0.7	0.0	1.167
7137	0.7	0.0	1.172
7138	0.6	0.0	1.228
7139	0.6	0.0	1.172
7140	0.5	0.0	1.136
7141	0.4	0.0	1.052
7142	0.3	0.0	0.924
7143	0.4	0.0	0.843
7144	0.4	0.0	0.786
7145	0.4	0.0	0.817
7146	0.5	0.0	1.014
7147	0.5	0.0	1.131
7148	0.6	0.0	1.399
7149	0.6	0.0	1.437
7150	0.6	0.0	1.340
7151	0.6	0.0	0.807
7152	0.7	0.0	0.506
7153	0.7	0.0	0.350
7154	0.7	0.0	0.189
7155	0.8	0.0	0.074
7156	0.8	0.0	0.054
7157	0.8	0.0	0.161
7158	0.8	0.0	0.403
7159	0.8	0.0	1.090
7160	0.7	0.0	1.167
7161	0.6	0.0	1.172
7162	0.5	0.0	1.228
7163	0.4	0.0	1.172
7164	0.3	0.0	1.136
7165	0.3	0.0	1.052
7166	0.2	0.0	0.924
7167	0.2	0.0	0.843
7168	0.3	0.0	0.786
7169	0.3	0.0	0.817
7170	0.4	0.0	1.014
7171	0.4	0.0	1.131
7172	0.4	0.0	1.399
7173	0.5	0.0	1.437
7174	0.5	0.0	1.340
7175	0.5	0.0	0.807
7176	0.6	0.0	0.506
7177	0.6	0.0	0.350
7178	0.6	0.0	0.189
7179	0.6	0.0	0.074
7180	0.6	0.0	0.054
7181	0.6	0.0	0.161
7182	0.5	0.0	0.403
7183	0.5	0.0	1.090
7184	0.5	0.0	1.167
7185	0.5	0.0	1.172
7186	0.4	0.0	1.228
7187	0.3	0.0	1.172
7188	0.2	0.0	1.136
7189	0.1	0.0	1.052
7190	0.0	0.0	0.924
7191	0.0	0.0	0.843
7192	0.0	0.0	0.786
7193	0.0	0.0	0.817
7194	0.0	0.0	1.014
7195	0.1	0.0	1.131
7196	0.2	0.0	1.399
7197	0.2	0.0	1.437
7198	0.2	0.0	1.340
7199	0.3	0.0	0.807
7200	0.3	0.0	0.506
7201	0.3	0.0	0.350
7202	0.4	0.0	0.189
7203	0.4	0.0	0.074
7204	0.4	0.0	0.054
7205	0.4	0.0	0.161
7206	0.4	0.0	0.403
7207	0.5	0.0	1.090
7208	0.5	0.0	1.167
7209	0.4	0.0	1.172
7210	0.4	0.0	1.228
7211	0.3	0.0	1.172
7212	0.3	0.0	1.136
7213	0.2	0.0	1.052
7214	0.2	0.0	0.924
7215	0.1	0.0	0.843
7216	0.1	0.0	0.786
7217	0.1	0.0	0.817
7218	0.2	0.0	1.014
7219	0.3	0.0	1.131
7220	0.4	0.0	1.399
7221	0.4	0.0	1.437
7222	0.4	0.0	1.340
7223	0.5	0.0	0.807
7224	0.5	0.0	0.506
7225	0.6	0.0	0.350
7226	0.6	0.0	0.189
7227	0.6	0.0	0.074
7228	0.5	0.0	0.054
7229	0.5	0.0	0.161
7230	0.6	0.0	0.403
7231	0.5	0.0	1.090
7232	0.5	0.0	1.167
7233	0.5	0.0	1.172
7234	0.4	0.0	1.228
7235	0.4	0.0	1.172
7236	0.3	0.0	1.136
7237	0.2	0.0	1.052
7238	0.2	0.0	0.924
7239	0.2	0.0	0.843
7240	0.2	0.0	0.786
7241	0.2	0.0	0.817
7242	0.2	0.0	1.014
7243	0.2	0.0	1.131
7244	0.3	0.0	1.399
7245	0.3	0.0	1.437
7246	0.3	0.0	1.340
7247	0.3	0.0	0.807
7248	0.3	0.0	0.506
7249	0.3	0.0	0.350
7250	0.3	0.0	0.189
7251	0.3	0.0	0.074
7252	0.4	0.0	0.054
7253	0.4	0.0	0.161
7254	0.4	0.0	0.403
7255	0.4	0.0	1.090
7256	0.4	0.0	1.167
7257	0.4	0.0	1.172
7258	0.4	0.0	1.228
7259	0.3	0.0	1.172
7260	0.3	0.0	1.136
7261	0.2	0.0	1.052
7262	0.2	0.0	0.924
7263	0.2	0.0	0.843
7264	0.2	0.0	0.786
7265	0.3	0.0	0.817
7266	0.3	0.0	1.014
7267	0.3	0.0	1.131
7268	0.3	0.0	1.399
7269	0.4	0.0	1.437
7270	0.4	0.0	1.340
7271	0.4	0.0	0.807
7272	0.5	0.0	0.506
7273	0.5	0.0	0.350
7274	0.5	0.0	0.189
7275	0.4	0.0	0.074
7276	0.4	0.0	0.054
7277	0.4	0.0	0.161
7278	0.5	0.0	0.403
7279	0.4	0.0	1.090
7280	0.4	0.0	1.167
7281	0.4	0.0	1.172
7282	0.4	0.0	1.228
7283	0.4	0.0	1.172
7284	0.4	0.0	1.136
7285	0.4	0.0	1.052
7286	0.4	0.0	0.924
7287	0.4	0.0	0.843
7288	0.4	0.0	0.786
7289	0.4	0.0	0.817
7290	0.4	0.0	1.014
7291	0.4	0.0	1.131
7292	0.4	0.0	1.399
7293	0.4	0.0	1.437
7294	0.5	0.0	1.340
7295	0.4	0.0	0.807
7296	0.4	0.0	0.506
7297	1.4	0.0	0.350
7298	1.6	0.0	0.189
7299	1.7	0.0	0.074
7300	1.8	0.0	0.054
7301	1.9	0.0	0.161
7302	2.1	0.0	0.403
7303	2.2	0.0	1.090
7304	2.2	0.0	1.167
7305	2.2	0.0	1.172
7306	2.3	0.0	1.228
7307	2.3	0.0	1.172
7308	2.2	0.0	1.136
7309	2.1	0.0	1.052
7310	2.1	0.0	0.924
7311	2.2	0.0	0.843
7312	2.2	0.0	0.786
7313	2.4	0.0	0.817
7314	2.7	0.0	1.014
7315	2.9	0.0	1.131
7316	2.8	0.0	1.399
7317	2.8	0.0	1.437
7318	2.9	0.0	1.340
7319	3.0	0.0	0.807
7320	3.1	0.0	0.506
7321	3.2	0.0	0.350
7322	3.3	0.0	0.189
7323	3.4	0.0	0.074
7324	3.4	0.0	0.054
7325	3.4	0.0	0.161
7326	3.2	0.0	0.403
7327	3.3	0.0	1.090
7328	3.2	0.0	1.167
7329	3.0	0.0	1.172
7330	2.8	0.0	1.228
7331	2.5	0.0	1.172
7332	2.2	0.0	1.136
7333	2.2	0.0	1.052
7334	2.0	0.0	0.924
7335	1.9	0.0	0.843
7336	1.9	0.0	0.786
7337	1.9	0.0	0.817
7338	2.0	0.0	1.014
7339	2.1	0.0	1.131
7340	2.1	0.0	1.399
7341	2.2	0.0	1.437
7342	2.2	0.0	1.340
7343	2.4	0.0	0.807
7344	2.4	0.0	0.506
7345	2.5	0.0	0.350
7346	2.5	0.0	0.189
7347	2.5	0.0	0.074
7348	2.5	0.0	0.054
7349	2.5	0.0	0.161
7350	2.6	0.0	0.403
7351	2.6	0.0	1.090
7352	2.4	0.0	1.167
7353	2.4	0.0	1.172
7354	2.3	0.0	1.228
7355	2.2	0.0	1.172
7356	2.0	0.0	1.136
7357	1.9	0.0	1.052
7358	1.8	0.0	0.924
7359	1.7	0.0	0.843
7360	1.7	0.0	0.786
7361	1.7	0.0	0.817
7362	1.7	0.0	1.014
7363	1.6	0.0	1.131
7364	1.5	0.0	1.399
7365	1.6	0.0	1.437
7366	1.6	0.0	1.340
7367	1.6	0.0	0.807
7368	1.5	0.0	0.506
7369	1.3	0.0	0.350
7370	1.4	0.0	0.189
7371	1.5	0.0	0.074
7372	1.5	0.0	0.054
7373	1.8	0.0	0.161
7374	1.9	0.0	0.403
7375	1.7	0.0	1.090
7376	1.7	0.0	1.167
7377	1.8	0.0	1.172
7378	1.6	0.0	1.228
7379	1.4	0.0	1.172
7380	1.1	0.0	1.136
7381	0.9	0.0	1.052
7382	0.7	0.0	0.924
7383	0.8	0.0	0.843
7384	0.8	0.0	0.786
7385	0.9	0.0	0.817
7386	1.1	0.0	1.014
7387	1.3	0.0	1.131
7388	1.2	0.0	1.399
7389	1.2	0.0	1.437
7390	1.3	0.0	1.340
7391	1.3	0.0	0.807
7392	1.5	0.0	0.506
7393	1.4	0.0	0.350
7394	1.5	0.0	0.189
7395	1.5	0.0	0.074
7396	1.5	0.0	0.054
7397	1.5	0.0	0.161
7398	1.6	0.0	0.403
7399	1.4	0.0	1.090
7400	1.4	0.0	1.167
7401	1.4	0.0	1.172
7402	1.3	0.0	1.228
7403	1.4	0.0	1.172
7404	1.3	0.0	1.136
7405	1.0	0.0	1.052
7406	0.9	0.0	0.924
7407	0.9	0.0	0.843
7408	1.0	0.0	0.786
7409	1.1	0.0	0.817
7410	1.2	0.0	1.014
7411	1.3	0.0	1.131
7412	1.4	0.0	1.399
7413	1.4	0.0	1.437
7414	1.3	0.0	1.340
7415	1.3	0.0	0.807
7416	1.2	0.0	0.506
7417	1.1	0.0	0.350
7418	1.2	0.0	0.189
7419	1.4	0.0	0.074
7420	1.3	0.0	0.054
7421	1.4	0.0	0.161
7422	1.5	0.0	0.403
7423	1.4	0.0	1.090
7424	1.3	0.0	1.167
7425	1.3	0.0	1.172
7426	1.2	0.0	1.228
7427	1.2	0.0	1.172
7428	1.3	0.0	1.136
7429	1.1	0.0	1.052
7430	1.1	0.0	0.924
7431	1.1	0.0	0.843
7432	1.2	0.0	0.786
7433	1.3	0.0	0.817
7434	1.4	0.0	1.014
7435	1.5	0.0	1.131
7436	1.7	0.0	1.399
7437	1.9	0.0	1.437
7438	2.0	0.0	1.340
7439	1.9	0.0	0.807
7440	2.1	0.0	0.506
7441	2.2	0.0	0.350
7442	2.3	0.0	0.189
7443	2.4	0.0	0.074
7444	2.6	0.0	0.054
7445	2.7	0.0	0.161
7446	2.9	0.0	0.403
7447	3.1	0.0	1.090
7448	3.0	0.0	1.167
7449	3.0	0.0	1.172
7450	2.9	0.0	1.228
7451	2.6	0.0	1.172
7452	2.4	0.0	1.136
7453	2.3	0.0	1.052
7454	2.1	0.0	0.924
7455	2.1	0.0	0.843
7456	2.2	0.0	0.786
7457	2.4	0.0	0.817
7458	2.8	0.0	1.014
7459	2.9	0.0	1.131
7460	3.0	0.0	1.399
7461	3.1	0.0	1.437
7462	3.4	0.0	1.340
7463	3.6	0.0	0.807
7464	3.7	0.0	0.506
7465	3.9	0.0	0.350
7466	3.9	0.0	0.189
7467	4.0	0.0	0.074
7468	4.0	0.0	0.054
7469	4.1	0.0	0.161
7470	4.1	0.0	0.403
7471	4.1	0.0	1.090
7472	4.0	0.0	1.167
7473	4.0	0.0	1.172
7474	4.0	0.0	1.228
7475	3.9	0.0	1.172
7476	3.9	0.0	1.136
7477	3.6	0.0	1.052
7478	3.6	0.0	0.924
7479	3.5	0.0	0.843
7480	3.5	0.0	0.786
7481	3.5	0.0	0.817
7482	3.6	0.0	1.014
7483	3.6	0.0	1.131
7484	3.7	0.0	1.399
7485	3.6	0.0	1.437
7486	3.6	0.0	1.340
7487	3.7	0.0	0.807
7488	3.8	0.0	0.506
7489	3.8	0.0	0.350
7490	3.8	0.0	0.189
7491	3.8	0.0	0.074
7492	3.9	0.0	0.054
7493	3.9	0.0	0.161
7494	3.8	0.0	0.403
7495	3.7	0.0	1.090
7496	3.9	0.0	1.167
7497	3.9	0.0	1.172
7498	3.5	0.0	1.228
7499	3.4	0.0	1.172
7500	3.1	0.0	1.136
7501	2.9	0.0	1.052
7502	2.9	0.0	0.924
7503	2.8	0.0	0.843
7504	2.9	0.0	0.786
7505	3.1	0.0	0.817
7506	3.2	0.0	1.014
7507	3.4	0.0	1.131
7508	3.5	0.0	1.399
7509	3.8	0.0	1.437
7510	3.8	0.0	1.340
7511	3.9	0.0	0.807
7512	4.0	0.0	0.506
7513	4.1	0.0	0.350
7514	4.0	0.0	0.189
7515	4.0	0.0	0.074
7516	4.0	0.0	0.054
7517	4.0	0.0	0.161
7518	4.0	0.0	0.403
7519	4.0	0.0	1.090
7520	3.9	0.0	1.167
7521	3.9	0.0	1.172
7522	3.8	0.0	1.228
7523	3.7	0.0	1.172
7524	3.6	0.0	1.136
7525	3.6	0.0	1.052
7526	3.5	0.0	0.924
7527	3.3	0.0	0.843
7528	3.4	0.0	0.786
7529	3.6	0.0	0.817
7530	3.6	0.0	1.014
7531	3.6	0.0	1.131
7532	3.6	0.0	1.399
7533	3.7	0.0	1.437
7534	3.8	0.0	1.340
7535	3.7	0.0	0.807
7536	3.7	0.0	0.506
7537	3.6	0.0	0.350
7538	3.8	0.0	0.189
7539	3.9	0.0	0.074
7540	3.9	0.0	0.054
7541	3.9	0.0	0.161
7542	3.9	0.0	0.403
7543	3.8	0.0	1.090
7544	4.0	0.0	1.167
7545	4.0	0.0	1.172
7546	3.9	0.0	1.228
7547	3.9	0.0	1.172
7548	3.9	0.0	1.136
7549	3.8	0.0	1.052
7550	3.6	0.0	0.924
7551	3.6	0.0	0.843
7552	3.7	0.0	0.786
7553	3.7	0.0	0.817
7554	4.1	0.0	1.014
7555	4.2	0.0	1.131
7556	4.1	0.0	1.399
7557	4.2	0.0	1.437
7558	4.3	0.0	1.340
7559	4.4	0.0	0.807
7560	4.6	0.0	0.506
7561	4.6	0.0	0.350
7562	4.6	0.0	0.189
7563	4.6	0.0	0.074
7564	4.6	0.0	0.054
7565	4.7	0.0	0.161
7566	4.8	0.0	0.403
7567	4.8	0.0	1.090
7568	4.9	0.0	1.167
7569	4.9	0.0	1.172
7570	5.0	0.0	1.228
7571	5.1	0.0	1.172
7572	5.1	0.0	1.136
7573	5.1	0.0	1.052
7574	5.1	0.0	0.924
7575	4.9	0.0	0.843
7576	4.8	0.0	0.786
7577	5.0	0.0	0.817
7578	5.0	0.0	1.014
7579	4.9	0.0	1.131
7580	4.9	0.0	1.399
7581	5.0	0.0	1.437
7582	4.9	0.0	1.340
7583	4.9	0.0	0.807
7584	5.1	0.0	0.506
7585	5.1	0.0	0.350
7586	5.2	0.0	0.189
7587	5.2	0.0	0.074
7588	5.2	0.0	0.054
7589	5.1	0.0	0.161
7590	5.0	0.0	0.403
7591	4.8	0.0	1.090
7592	4.8	0.0	1.167
7593	4.7	0.0	1.172
7594	4.8	0.0	1.228
7595	4.6	0.0	1.172
7596	4.4	0.0	1.136
7597	4.3	0.0	1.052
7598	4.0	0.0	0.924
7599	3.9	0.0	0.843
7600	3.9	0.0	0.786
7601	3.8	0.0	0.817
7602	3.7	0.0	1.014
7603	3.8	0.0	1.131
7604	3.9	0.0	1.399
7605	3.9	0.0	1.437
7606	3.8	0.0	1.340
7607	3.7	0.0	0.807
7608	3.8	0.0	0.506
7609	3.7	0.0	0.350
7610	3.7	0.0	0.189
7611	3.7	0.0	0.074
7612	3.9	0.0	0.054
7613	4.0	0.0	0.161
7614	4.1	0.0	0.403
7615	4.1	0.0	1.090
7616	4.1	0.0	1.167
7617	3.9	0.0	1.172
7618	3.8	0.0	1.228
7619	3.5	0.0	1.172
7620	3.4	0.0	1.136
7621	3.2	0.0	1.052
7622	3.1	0.0	0.924
7623	2.9	0.0	0.843
7624	2.9	0.0	0.786
7625	3.1	0.0	0.817
7626	3.2	0.0	1.014
7627	3.2	0.0	1.131
7628	3.3	0.0	1.399
7629	3.2	0.0	1.437
7630	3.2	0.0	1.340
7631	3.3	0.0	0.807
7632	3.2	0.0	0.506
7633	3.3	0.0	0.350
7634	3.3	0.0	0.189
7635	3.3	0.0	0.074
7636	3.4	0.0	0.054
7637	3.3	0.0	0.161
7638	3.2	0.0	0.403
7639	3.3	0.0	1.090
7640	3.2	0.0	1.167
7641	3.0	0.0	1.172
7642	2.9	0.0	1.228
7643	2.6	0.0	1.172
7644	2.7	0.0	1.136
7645	2.5	0.0	1.052
7646	2.3	0.0	0.924
7647	2.3	0.0	0.843
7648	2.2	0.0	0.786
7649	2.2	0.0	0.817
7650	2.3	0.0	1.014
7651	2.6	0.0	1.131
7652	2.6	0.0	1.399
7653	2.5	0.0	1.437
7654	2.6	0.0	1.340
7655	2.6	0.0	0.807
7656	2.5	0.0	0.506
7657	2.5	0.0	0.350
7658	2.4	0.0	0.189
7659	2.5	0.0	0.074
7660	2.5	0.0	0.054
7661	2.5	0.0	0.161
7662	2.4	0.0	0.403
7663	2.5	0.0	1.090
7664	2.5	0.0	1.167
7665	2.4	0.0	1.172
7666	2.3	0.0	1.228
7667	2.1	0.0	1.172
7668	1.9	0.0	1.136
7669	1.8	0.0	1.052
7670	1.7	0.0	0.924
7671	1.5	0.0	0.843
7672	1.6	0.0	0.786
7673	1.7	0.0	0.817
7674	1.9	0.0	1.014
7675	1.9	0.0	1.131
7676	2.0	0.0	1.399
7677	1.9	0.0	1.437
7678	2.0	0.0	1.340
7679	2.0	0.0	0.807
7680	2.0	0.0	0.506
7681	2.0	0.0	0.350
7682	2.1	0.0	0.189
7683	1.9	0.0	0.074
7684	2.0	0.0	0.054
7685	2.0	0.0	0.161
7686	2.0	0.0	0.403
7687	2.0	0.0	1.090
7688	2.2	0.0	1.167
7689	2.2	0.0	1.172
7690	2.2	0.0	1.228
7691	2.3	0.0	1.172
7692	2.3	0.0	1.136
7693	2.2	0.0	1.052
7694	2.2	0.0	0.924
7695	2.2	0.0	0.843
7696	2.3	0.0	0.786
7697	2.4	0.0	0.817
7698	2.6	0.0	1.014
7699	2.6	0.0	1.131
7700	2.9	0.0	1.399
7701	2.8	0.0	1.437
7702	2.8	0.0	1.340
7703	2.8	0.0	0.807
7704	2.7	0.0	0.506
7705	2.8	0.0	0.350
7706	2.8	0.0	0.189
7707	2.8	0.0	0.074
7708	3.0	0.0	0.054
7709	2.9	0.0	0.161
7710	2.9	0.0	0.403
7711	3.0	0.0	1.090
7712	3.0	0.0	1.167
7713	2.9	0.0	1.172
7714	2.9	0.0	1.228
7715	2.8	0.0	1.172
7716	2.6	0.0	1.136
7717	2.3	0.0	1.052
7718	2.3	0.0	0.924
7719	2.4	0.0	0.843
7720	2.4	0.0	0.786
7721	2.6	0.0	0.817
7722	2.7	0.0	1.014
7723	2.8	0.0	1.131
7724	3.0	0.0	1.399
7725	3.1	0.0	1.437
7726	3.2	0.0	1.340
7727	3.2	0.0	0.807
7728	3.4	0.0	0.506
7729	3.5	0.0	0.350
7730	3.6	0.0	0.189
7731	3.7	0.0	0.074
7732	3.8	0.0	0.054
7733	3.9	0.0	0.161
7734	4.1	0.0	0.403
7735	4.2	0.0	1.090
7736	4.2	0.0	1.167
7737	4.2	0.0	1.172
7738	3.9	0.0	1.228
7739	3.8	0.0	1.172
7740	3.6	0.0	1.136
7741	3.5	0.0	1.052
7742	3.4	0.0	0.924
7743	3.5	0.0	0.843
7744	3.6	0.0	0.786
7745	3.8	0.0	0.817
7746	4.1	0.0	1.014
7747	4.1	0.0	1.131
7748	4.3	0.0	1.399
7749	4.4	0.0	1.437
7750	4.5	0.0	1.340
7751	4.7	0.0	0.807
7752	4.8	0.0	0.506
7753	4.9	0.0	0.350
7754	4.8	0.0	0.189
7755	4.8	0.0	0.074
7756	4.8	0.0	0.054
7757	4.7	0.0	0.161
7758	4.8	0.0	0.403
7759	4.9	0.0	1.090
7760	4.8	0.0	1.167
7761	4.8	0.0	1.172
7762	4.5	0.0	1.228
7763	4.3	0.0	1.172
7764	4.0	0.0	1.136
7765	3.8	0.0	1.052
7766	3.4	0.0	0.924
7767	3.4	0.0	0.843
7768	3.3	0.0	0.786
7769	3.4	0.0	0.817
7770	3.7	0.0	1.014
7771	3.9	0.0	1.131
7772	4.0	0.0	1.399
7773	4.0	0.0	1.437
7774	4.0	0.0	1.340
7775	4.1	0.0	0.807
7776	4.2	0.0	0.506
7777	4.3	0.0	0.350
7778	4.1	0.0	0.189
7779	4.2	0.0	0.074
7780	4.3	0.0	0.054
7781	4.4	0.0	0.161
7782	4.4	0.0	0.403
7783	4.4	0.0	1.090
7784	4.2	0.0	1.167
7785	4.2	0.0	1.172
7786	4.0	0.0	1.228
7787	3.6	0.0	1.172
7788	3.4	0.0	1.136
7789	3.2	0.0	1.052
7790	3.2	0.0	0.924
7791	3.2	0.0	0.843
7792	3.2	0.0	0.786
7793	3.3	0.0	0.817
7794	3.6	0.0	1.014
7795	3.7	0.0	1.131
7796	3.9	0.0	1.399
7797	3.8	0.0	1.437
7798	4.0	0.0	1.340
7799	4.1	0.0	0.807
7800	4.2	0.0	0.506
7801	4.1	0.0	0.350
7802	4.1	0.0	0.189
7803	4.1	0.0	0.074
7804	4.1	0.0	0.054
7805	4.2	0.0	0.161
7806	4.2	0.0	0.403
7807	4.4	0.0	1.090
7808	4.3	0.0	1.167
7809	4.2	0.0	1.172
7810	4.1	0.0	1.228
7811	3.8	0.0	1.172
7812	3.6	0.0	1.136
7813	3.2	0.0	1.052
7814	3.0	0.0	0.924
7815	2.9	0.0	0.843
7816	3.0	0.0	0.786
7817	2.9	0.0	0.817
7818	3.0	0.0	1.014
7819	3.0	0.0	1.131
7820	3.2	0.0	1.399
7821	3.4	0.0	1.437
7822	3.4	0.0	1.340
7823	3.4	0.0	0.807
7824	3.5	0.0	0.506
7825	3.4	0.0	0.350
7826	3.4	0.0	0.189
7827	3.4	0.0	0.074
7828	3.4	0.0	0.054
7829	3.4	0.0	0.161
7830	3.4	0.0	0.403
7831	3.4	0.0	1.090
7832	3.4	0.0	1.167
7833	3.3	0.0	1.172
7834	3.3	0.0	1.228
7835	3.2	0.0	1.172
7836	2.9	0.0	1.136
7837	2.7	0.0	1.052
7838	2.5	0.0	0.924
7839	2.5	0.0	0.843
7840	2.5	0.0	0.786
7841	2.4	0.0	0.817
7842	2.5	0.0	1.014
7843	2.5	0.0	1.131
7844	2.5	0.0	1.399
7845	2.5	0.0	1.437
7846	2.6	0.0	1.340
7847	2.5	0.0	0.807
7848	2.4	0.0	0.506
7849	2.4	0.0	0.350
7850	2.5	0.0	0.189
7851	2.5	0.0	0.074
7852	2.5	0.0	0.054
7853	2.7	0.0	0.161
7854	2.6	0.0	0.403
7855	2.6	0.0	1.090
7856	2.8	0.0	1.167
7857	2.8	0.0	1.172
7858	2.7	0.0	1.228
7859	2.4	0.0	1.172
7860	2.2	0.0	1.136
7861	2.1	0.0	1.052
7862	2.1	0.0	0.924
7863	2.0	0.0	0.843
7864	2.1	0.0	0.786
7865	2.3	0.0	0.817
7866	2.5	0.0	1.014
7867	2.6	0.0	1.131
7868	2.9	0.0	1.399
7869	3.1	0.0	1.437
7870	3.1	0.0	1.340
7871	3.4	0.0	0.807
7872	3.4	0.0	0.506
7873	3.5	0.0	0.350
7874	3.5	0.0	0.189
7875	3.6	0.0	0.074
7876	3.6	0.0	0.054
7877	3.6	0.0	0.161
7878	3.7	0.0	0.403
7879	3.7	0.0	1.090
7880	3.8	0.0	1.167
7881	3.6	0.0	1.172
7882	3.6	0.0	1.228
7883	3.4	0.0	1.172
7884	3.3	0.0	1.136
7885	3.2	0.0	1.052
7886	3.2	0.0	0.924
7887	3.1	0.0	0.843
7888	3.0	0.0	0.786
7889	3.1	0.0	0.817
7890	3.2	0.0	1.014
7891	3.3	0.0	1.131
7892	3.5	0.0	1.399
7893	3.6	0.0	1.437
7894	3.8	0.0	1.340
7895	3.7	0.0	0.807
7896	3.7	0.0	0.506
7897	3.5	0.0	0.350
7898	3.5	0.0	0.189
7899	3.5	0.0	0.074
7900	3.5	0.0	0.054
7901	3.5	0.0	0.161
7902	3.5	0.0	0.403
7903	3.5	0.0	1.090
7904	3.6	0.0	1.167
7905	3.3	0.0	1.172
7906	3.0	0.0	1.228
7907	2.8	0.0	1.172
7908	2.7	0.0	1.136
7909	2.4	0.0	1.052
7910	2.3	0.0	0.924
7911	2.4	0.0	0.843
7912	2.5	0.0	0.786
7913	2.6	0.0	0.817
7914	2.8	0.0	1.014
7915	2.8	0.0	1.131
7916	2.8	0.0	1.399
7917	2.8	0.0	1.437
7918	2.7	0.0	1.340
7919	2.8	0.0	0.807
7920	2.7	0.0	0.506
7921	2.7	0.0	0.350
7922	2.7	0.0	0.189
7923	2.8	0.0	0.074
7924	2.8	0.0	0.054
7925	3.0	0.0	0.161
7926	3.1	0.0	0.403
7927	3.2	0.0	1.090
7928	3.3	0.0	1.167
7929	3.1	0.0	1.172
7930	3.0	0.0	1.228
7931	2.8	0.0	1.172
7932	2.5	0.0	1.136
7933	2.3	0.0	1.052
7934	2.4	0.0	0.924
7935	2.4	0.0	0.843
7936	2.4	0.0	0.786
7937	2.4	0.0	0.817
7938	2.6	0.0	1.014
7939	2.5	0.0	1.131
7940	2.6	0.0	1.399
7941	2.7	0.0	1.437
7942	2.9	0.0	1.340
7943	2.9	0.0	0.807
7944	3.1	0.0	0.506
7945	3.3	0.0	0.350
7946	3.3	0.0	0.189
7947	3.4	0.0	0.074
7948	3.5	0.0	0.054
7949	3.6	0.0	0.161
7950	3.7	0.0	0.403
7951	3.7	0.0	1.090
7952	3.7	0.0	1.167
7953	3.7	0.0	1.172
7954	3.5	0.0	1.228
7955	3.3	0.0	1.172
7956	3.1	0.0	1.136
7957	2.9	0.0	1.052
7958	2.7	0.0	0.924
7959	2.7	0.0	0.843
7960	2.7	0.0	0.786
7961	2.8	0.0	0.817
7962	3.0	0.0	1.014
7963	3.1	0.0	1.131
7964	3.1	0.0	1.399
7965	3.1	0.0	1.437
7966	3.1	0.0	1.340
7967	3.1	0.0	0.807
7968	3.1	0.0	0.506
7969	3.3	0.0	0.350
7970	3.4	0.0	0.189
7971	3.4	0.0	0.074
7972	3.5	0.0	0.054
7973	3.6	0.0	0.161
7974	3.5	0.0	0.403
7975	3.6	0.0	1.090
7976	3.6	0.0	1.167
7977	3.5	0.0	1.172
7978	3.3	0.0	1.228
7979	2.9	0.0	1.172
7980	2.6	0.0	1.136
7981	2.4	0.0	1.052
7982	2.3	0.0	0.924
7983	2.4	0.0	0.843
7984	2.6	0.0	0.786
7985	2.6	0.0	0.817
7986	2.9	0.0	1.014
7987	3.1	0.0	1.131
7988	3.2	0.0	1.399
7989	3.4	0.0	1.437
7990	3.6	0.0	1.340
7991	3.6	0.0	0.807
7992	3.8	0.0	0.506
7993	3.9	0.0	0.350
7994	3.9	0.0	0.189
7995	3.9	0.0	0.074
7996	4.1	0.0	0.054
7997	4.1	0.0	0.161
7998	4.3	0.0	0.403
7999	4.4	0.0	1.090
8000	4.5	0.0	1.167
8001	4.3	0.0	1.172
8002	4.2	0.0	1.228
8003	4.0	0.0	1.172
8004	3.7	0.0	1.136
8005	3.6	0.0	1.052
8006	3.5	0.0	0.924
8007	3.6	0.0	0.843
8008	3.8	0.0	0.786
8009	3.9	0.0	0.817
8010	4.2	0.0	1.014
8011	4.5	0.0	1.131
8012	4.5	0.0	1.399
8013	4.6	0.0	1.437
8014	4.8	0.0	1.340
8015	4.9	0.0	0.807
8016	5.0	0.0	0.506
8017	5.8	0.0	0.350
8018	5.8	0.0	0.189
8019	6.0	0.0	0.074
8020	5.9	0.0	0.054
8021	6.0	0.0	0.161
8022	6.3	0.0	0.403
8023	6.5	0.0	1.090
8024	6.4	0.0	1.167
8025	6.5	0.0	1.172
8026	6.3	0.0	1.228
8027	6.1	0.0	1.172
8028	6.1	0.0	1.136
8029	6.0	0.0	1.052
8030	5.8	0.0	0.924
8031	5.8	0.0	0.843
8032	5.6	0.0	0.786
8033	5.7	0.0	0.817
8034	5.7	0.0	1.014
8035	5.7	0.0	1.131
8036	5.8	0.0	1.399
8037	6.1	0.0	1.437
8038	6.3	0.0	1.340
8039	6.4	0.0	0.807
8040	6.3	0.0	0.506
8041	6.4	0.0	0.350
8042	6.3	0.0	0.189
8043	6.2	0.0	0.074
8044	6.1	0.0	0.054
8045	6.0	0.0	0.161
8046	6.1	0.0	0.403
8047	5.9	0.0	1.090
8048	5.9	0.0	1.167
8049	5.9	0.0	1.172
8050	6.0	0.0	1.228
8051	5.8	0.0	1.172
8052	5.6	0.0	1.136
8053	5.4	0.0	1.052
8054	5.4	0.0	0.924
8055	5.2	0.0	0.843
8056	5.3	0.0	0.786
8057	5.1	0.0	0.817
8058	5.1	0.0	1.014
8059	5.1	0.0	1.131
8060	5.3	0.0	1.399
8061	5.2	0.0	1.437
8062	5.2	0.0	1.340
8063	5.3	0.0	0.807
8064	5.3	0.0	0.506
8065	5.2	0.0	0.350
8066	5.2	0.0	0.189
8067	5.1	0.0	0.074
8068	5.2	0.0	0.054
8069	5.2	0.0	0.161
8070	5.1	0.0	0.403
8071	5.0	0.0	1.090
8072	5.0	0.0	1.167
8073	5.0	0.0	1.172
8074	4.8	0.0	1.228
8075	4.5	0.0	1.172
8076	4.4	0.0	1.136
8077	4.3	0.0	1.052
8078	4.4	0.0	0.924
8079	4.4	0.0	0.843
8080	4.5	0.0	0.786
8081	4.5	0.0	0.817
8082	4.6	0.0	1.014
8083	4.7	0.0	1.131
8084	4.9	0.0	1.399
8085	4.7	0.0	1.437
8086	4.8	0.0	1.340
8087	4.8	0.0	0.807
8088	4.8	0.0	0.506
8089	4.9	0.0	0.350
8090	5.0	0.0	0.189
8091	5.2	0.0	0.074
8092	5.1	0.0	0.054
8093	5.4	0.0	0.161
8094	5.5	0.0	0.403
8095	5.2	0.0	1.090
8096	5.2	0.0	1.167
8097	5.2	0.0	1.172
8098	5.2	0.0	1.228
8099	4.9	0.0	1.172
8100	4.9	0.0	1.136
8101	4.8	0.0	1.052
8102	4.8	0.0	0.924
8103	5.1	0.0	0.843
8104	5.2	0.0	0.786
8105	5.3	0.0	0.817
8106	5.5	0.0	1.014
8107	5.7	0.0	1.131
8108	5.7	0.0	1.399
8109	5.8	0.0	1.437
8110	5.9	0.0	1.340
8111	5.9	0.0	0.807
8112	6.1	0.0	0.506
8113	6.0	0.0	0.350
8114	5.8	0.0	0.189
8115	5.6	0.0	0.074
8116	5.3	0.0	0.054
8117	5.4	0.0	0.161
8118	5.4	0.0	0.403
8119	5.2	0.0	1.090
8120	5.1	0.0	1.167
8121	5.0	0.0	1.172
8122	4.9	0.0	1.228
8123	4.7	0.0	1.172
8124	4.5	0.0	1.136
8125	4.4	0.0	1.052
8126	4.1	0.0	0.924
8127	4.0	0.0	0.843
8128	4.0	0.0	0.786
8129	4.0	0.0	0.817
8130	3.9	0.0	1.014
8131	4.0	0.0	1.131
8132	3.9	0.0	1.399
8133	3.8	0.0	1.437
8134	3.6	0.0	1.340
8135	3.5	0.0	0.807
8136	3.5	0.0	0.506
8137	3.4	0.0	0.350
8138	3.3	0.0	0.189
8139	3.3	0.0	0.074
8140	3.4	0.0	0.054
8141	3.4	0.0	0.161
8142	3.3	0.0	0.403
8143	3.3	0.0	1.090
8144	3.3	0.0	1.167
8145	3.2	0.0	1.172
8146	3.1	0.0	1.228
8147	3.0	0.0	1.172
8148	3.0	0.0	1.136
8149	2.8	0.0	1.052
8150	2.6	0.0	0.924
8151	2.4	0.0	0.843
8152	2.4	0.0	0.786
8153	2.6	0.0	0.817
8154	2.6	0.0	1.014
8155	2.5	0.0	1.131
8156	2.6	0.0	1.399
8157	2.8	0.0	1.437
8158	3.0	0.0	1.340
8159	3.1	0.0	0.807
8160	3.1	0.0	0.506
8161	3.1	0.0	0.350
8162	3.2	0.0	0.189
8163	3.4	0.0	0.074
8164	3.5	0.0	0.054
8165	3.6	0.0	0.161
8166	3.6	0.0	0.403
8167	3.6	0.0	1.090
8168	3.7	0.0	1.167
8169	3.6	0.0	1.172
8170	3.5	0.0	1.228
8171	3.4	0.0	1.172
8172	3.3	0.0	1.136
8173	3.2	0.0	1.052
8174	3.3	0.0	0.924
8175	3.2	0.0	0.843
8176	3.3	0.0	0.786
8177	3.4	0.0	0.817
8178	3.6	0.0	1.014
8179	3.6	0.0	1.131
8180	3.8	0.0	1.399
8181	3.9	0.0	1.437
8182	3.9	0.0	1.340
8183	4.0	0.0	0.807
8184	4.0	0.0	0.506
8185	4.1	0.0	0.350
8186	4.2	0.0	0.189
8187	4.3	0.0	0.074
8188	4.5	0.0	0.054
8189	4.9	0.0	0.161
8190	5.2	0.0	0.403
8191	5.3	0.0	1.090
8192	5.2	0.0	1.167
8193	4.9	0.0	1.172
8194	4.9	0.0	1.228
8195	4.7	0.0	1.172
8196	4.6	0.0	1.136
8197	4.7	0.0	1.052
8198	4.7	0.0	0.924
8199	4.8	0.0	0.843
8200	5.1	0.0	0.786
8201	5.3	0.0	0.817
8202	5.6	0.0	1.014
8203	6.0	0.0	1.131
8204	6.2	0.0	1.399
8205	6.4	0.0	1.437
8206	6.8	0.0	1.340
8207	7.1	0.0	0.807
8208	7.3	0.0	0.506
8209	7.4	0.0	0.350
8210	7.4	0.0	0.189
8211	7.5	0.0	0.074
8212	7.6	0.0	0.054
8213	7.6	0.0	0.161
8214	7.4	0.0	0.403
8215	7.5	0.0	1.090
8216	7.5	0.0	1.167
8217	7.5	0.0	1.172
8218	7.3	0.0	1.228
8219	7.1	0.0	1.172
8220	7.0	0.0	1.136
8221	7.0	0.0	1.052
8222	6.7	0.0	0.924
8223	6.5	0.0	0.843
8224	6.5	0.0	0.786
8225	6.6	0.0	0.817
8226	6.6	0.0	1.014
8227	6.6	0.0	1.131
8228	6.7	0.0	1.399
8229	6.7	0.0	1.437
8230	6.8	0.0	1.340
8231	6.9	0.0	0.807
8232	6.9	0.0	0.506
8233	7.0	0.0	0.350
8234	7.0	0.0	0.189
8235	7.0	0.0	0.074
8236	7.1	0.0	0.054
8237	7.1	0.0	0.161
8238	7.2	0.0	0.403
8239	7.2	0.0	1.090
8240	7.2	0.0	1.167
8241	7.3	0.0	1.172
8242	7.2	0.0	1.228
8243	7.2	0.0	1.172
8244	7.0	0.0	1.136
8245	7.2	0.0	1.052
8246	7.1	0.0	0.924
8247	7.0	0.0	0.843
8248	7.0	0.0	0.786
8249	7.2	0.0	0.817
8250	7.2	0.0	1.014
8251	7.2	0.0	1.131
8252	7.4	0.0	1.399
8253	7.2	0.0	1.437
8254	7.3	0.0	1.340
8255	7.4	0.0	0.807
8256	7.3	0.0	0.506
8257	7.4	0.0	0.350
8258	7.5	0.0	0.189
8259	7.4	0.0	0.074
8260	7.5	0.0	0.054
8261	7.6	0.0	0.161
8262	7.5	0.0	0.403
8263	7.5	0.0	1.090
8264	7.4	0.0	1.167
8265	7.2	0.0	1.172
8266	7.0	0.0	1.228
8267	6.8	0.0	1.172
8268	6.7	0.0	1.136
8269	6.5	0.0	1.052
8270	6.4	0.0	0.924
8271	6.3	0.0	0.843
8272	6.3	0.0	0.786
8273	6.5	0.0	0.817
8274	6.4	0.0	1.014
8275	6.4	0.0	1.131
8276	6.2	0.0	1.399
8277	6.3	0.0	1.437
8278	6.4	0.0	1.340
8279	6.4	0.0	0.807
8280	6.5	0.0	0.506
8281	6.5	0.0	0.350
8282	6.3	0.0	0.189
8283	6.2	0.0	0.074
8284	6.2	0.0	0.054
8285	6.2	0.0	0.161
8286	6.2	0.0	0.403
8287	6.3	0.0	1.090
8288	6.3	0.0	1.167
8289	6.4	0.0	1.172
8290	6.3	0.0	1.228
8291	6.1	0.0	1.172
8292	6.1	0.0	1.136
8293	6.0	0.0	1.052
8294	6.0	0.0	0.924
8295	5.9	0.0	0.843
8296	5.8	0.0	0.786
8297	5.8	0.0	0.817
8298	5.9	0.0	1.014
8299	5.9	0.0	1.131
8300	6.0	0.0	1.399
8301	6.0	0.0	1.437
8302	6.1	0.0	1.340
8303	6.1	0.0	0.807
8304	6.1	0.0	0.506
8305	6.2	0.0	0.350
8306	6.2	0.0	0.189
8307	6.4	0.0	0.074
8308	6.4	0.0	0.054
8309	6.5	0.0	0.161
8310	6.3	0.0	0.403
8311	6.2	0.0	1.090
8312	6.0	0.0	1.167
8313	6.1	0.0	1.172
8314	5.9	0.0	1.228
8315	5.6	0.0	1.172
8316	5.3	0.0	1.136
8317	5.1	0.0	1.052
8318	4.8	0.0	0.924
8319	4.7	0.0	0.843
8320	4.7	0.0	0.786
8321	4.9	0.0	0.817
8322	5.0	0.0	1.014
8323	5.0	0.0	1.131
8324	5.1	0.0	1.399
8325	5.3	0.0	1.437
8326	5.3	0.0	1.340
8327	5.3	0.0	0.807
8328	5.3	0.0	0.506
8329	5.3	0.0	0.350
8330	5.3	0.0	0.189
8331	5.1	0.0	0.074
8332	5.1	0.0	0.054
8333	5.3	0.0	0.161
8334	5.4	0.0	0.403
8335	5.5	0.0	1.090
8336	5.5	0.0	1.167
8337	5.3	0.0	1.172
8338	5.1	0.0	1.228
8339	4.9	0.0	1.172
8340	4.8	0.0	1.136
8341	4.5	0.0	1.052
8342	4.4	0.0	0.924
8343	4.3	0.0	0.843
8344	4.3	0.0	0.786
8345	4.5	0.0	0.817
8346	4.6	0.0	1.014
8347	4.7	0.0	1.131
8348	4.8	0.0	1.399
8349	4.7	0.0	1.437
8350	4.8	0.0	1.340
8351	4.8	0.0	0.807
8352	4.8	0.0	0.506
8353	4.7	0.0	0.350
8354	4.8	0.0	0.189
8355	4.7	0.0	0.074
8356	4.7	0.0	0.054
8357	4.6	0.0	0.161
8358	4.7	0.0	0.403
8359	5.0	0.0	1.090
8360	5.0	0.0	1.167
8361	4.7	0.0	1.172
8362	4.4	0.0	1.228
8363	4.4	0.0	1.172
8364	4.0	0.0	1.136
8365	3.8	0.0	1.052
8366	3.8	0.0	0.924
8367	3.7	0.0	0.843
8368	3.8	0.0	0.786
8369	4.1	0.0	0.817
8370	4.2	0.0	1.014
8371	4.3	0.0	1.131
8372	4.3	0.0	1.399
8373	4.6	0.0	1.437
8374	4.8	0.0	1.340
8375	4.9	0.0	0.807
8376	5.1	0.0	0.506
8377	5.1	0.0	0.350
8378	5.2	0.0	0.189
8379	5.1	0.0	0.074
8380	5.1	0.0	0.054
8381	5.2	0.0	0.161
8382	5.3	0.0	0.403
8383	5.3	0.0	1.090
8384	5.4	0.0	1.167
8385	5.4	0.0	1.172
8386	5.2	0.0	1.228
8387	5.1	0.0	1.172
8388	4.9	0.0	1.136
8389	4.8	0.0	1.052
8390	4.5	0.0	0.924
8391	4.4	0.0	0.843
8392	4.4	0.0	0.786
8393	4.5	0.0	0.817
8394	4.5	0.0	1.014
8395	4.7	0.0	1.131
8396	4.5	0.0	1.399
8397	4.5	0.0	1.437
8398	4.4	0.0	1.340
8399	4.4	0.0	0.807
8400	4.3	0.0	0.506
8401	4.4	0.0	0.350
8402	4.4	0.0	0.189
8403	4.5	0.0	0.074
8404	4.3	0.0	0.054
8405	4.4	0.0	0.161
8406	4.3	0.0	0.403
8407	4.4	0.0	1.090
8408	4.4	0.0	1.167
8409	4.4	0.0	1.172
8410	4.1	0.0	1.228
8411	4.0	0.0	1.172
8412	3.8	0.0	1.136
8413	3.8	0.0	1.052
8414	3.8	0.0	0.924
8415	3.7	0.0	0.843
8416	3.5	0.0	0.786
8417	3.6	0.0	0.817
8418	3.7	0.0	1.014
8419	3.7	0.0	1.131
8420	3.8	0.0	1.399
8421	3.8	0.0	1.437
8422	3.8	0.0	1.340
8423	3.8	0.0	0.807
8424	4.0	0.0	0.506
8425	3.8	0.0	0.350
8426	3.7	0.0	0.189
8427	3.9	0.0	0.074
8428	3.8	0.0	0.054
8429	4.0	0.0	0.161
8430	4.0	0.0	0.403
8431	3.9	0.0	1.090
8432	3.9	0.0	1.167
8433	3.7	0.0	1.172
8434	3.6	0.0	1.228
8435	3.4	0.0	1.172
8436	3.3	0.0	1.136
8437	3.2	0.0	1.052
8438	3.2	0.0	0.924
8439	3.1	0.0	0.843
8440	3.1	0.0	0.786
8441	3.1	0.0	0.817
8442	3.3	0.0	1.014
8443	3.4	0.0	1.131
8444	3.5	0.0	1.399
8445	3.6	0.0	1.437
8446	3.4	0.0	1.340
8447	3.3	0.0	0.807
8448	3.2	0.0	0.506
8449	3.3	0.0	0.350
8450	3.4	0.0	0.189
8451	3.4	0.0	0.074
8452	3.7	0.0	0.054
8453	3.6	0.0	0.161
8454	3.5	0.0	0.403
8455	3.5	0.0	1.090
8456	3.5	0.0	1.167
8457	3.5	0.0	1.172
8458	3.3	0.0	1.228
8459	3.0	0.0	1.172
8460	2.8	0.0	1.136
8461	2.6	0.0	1.052
8462	2.5	0.0	0.924
8463	2.3	0.0	0.843
8464	2.6	0.0	0.786
8465	2.7	0.0	0.817
8466	2.8	0.0	1.014
8467	2.9	0.0	1.131
8468	3.1	0.0	1.399
8469	3.1	0.0	1.437
8470	3.2	0.0	1.340
8471	3.2	0.0	0.807
8472	3.3	0.0	0.506
8473	3.4	0.0	0.350
8474	3.7	0.0	0.189
8475	3.7	0.0	0.074
8476	3.7	0.0	0.054
8477	3.8	0.0	0.161
8478	3.9	0.0	0.403
8479	4.1	0.0	1.090
8480	4.1	0.0	1.167
8481	4.1	0.0	1.172
8482	4.0	0.0	1.228
8483	3.9	0.0	1.172
8484	3.9	0.0	1.136
8485	3.7	0.0	1.052
8486	3.8	0.0	0.924
8487	3.7	0.0	0.843
8488	3.8	0.0	0.786
8489	4.0	0.0	0.817
8490	4.1	0.0	1.014
8491	4.3	0.0	1.131
8492	4.5	0.0	1.399
8493	4.6	0.0	1.437
8494	4.9	0.0	1.340
8495	4.9	0.0	0.807
8496	5.0	0.0	0.506
8497	5.0	0.0	0.350
8498	5.0	0.0	0.189
8499	5.0	0.0	0.074
8500	4.9	0.0	0.054
8501	5.1	0.0	0.161
8502	5.1	0.0	0.403
8503	5.0	0.0	1.090
8504	5.1	0.0	1.167
8505	5.1	0.0	1.172
8506	4.9	0.0	1.228
8507	4.5	0.0	1.172
8508	4.4	0.0	1.136
8509	4.3	0.0	1.052
8510	4.1	0.0	0.924
8511	4.2	0.0	0.843
8512	4.0	0.0	0.786
8513	4.1	0.0	0.817
8514	4.3	0.0	1.014
8515	4.2	0.0	1.131
8516	4.3	0.0	1.399
8517	4.2	0.0	1.437
8518	4.0	0.0	1.340
8519	4.0	0.0	0.807
8520	3.9	0.0	0.506
8521	4.0	0.0	0.350
8522	4.1	0.0	0.189
8523	4.1	0.0	0.074
8524	4.1	0.0	0.054
8525	4.2	0.0	0.161
8526	4.1	0.0	0.403
8527	4.1	0.0	1.090
8528	4.2	0.0	1.167
8529	4.0	0.0	1.172
8530	3.7	0.0	1.228
8531	3.7	0.0	1.172
8532	3.7	0.0	1.136
8533	3.6	0.0	1.052
8534	3.8	0.0	0.924
8535	3.8	0.0	0.843
8536	3.9	0.0	0.786
8537	3.9	0.0	0.817
8538	4.0	0.0	1.014
8539	3.9	0.0	1.131
8540	4.0	0.0	1.399
8541	4.1	0.0	1.437
8542	4.0	0.0	1.340
8543	4.0	0.0	0.807
8544	4.2	0.0	0.506
8545	4.3	0.0	0.350
8546	4.4	0.0	0.189
8547	4.4	0.0	0.074
8548	4.5	0.0	0.054
8549	4.6	0.0	0.161
8550	4.7	0.0	0.403
8551	4.8	0.0	1.090
8552	4.8	0.0	1.167
8553	4.7	0.0	1.172
8554	4.5	0.0	1.228
8555	4.2	0.0	1.172
8556	4.1	0.0	1.136
8557	4.0	0.0	1.052
8558	3.8	0.0	0.924
8559	4.1	0.0	0.843
8560	4.4	0.0	0.786
8561	4.5	0.0	0.817
8562	4.7	0.0	1.014
8563	4.6	0.0	1.131
8564	4.7	0.0	1.399
8565	4.6	0.0	1.437
8566	4.8	0.0	1.340
8567	4.8	0.0	0.807
8568	4.8	0.0	0.506
8569	4.9	0.0	0.350
8570	4.9	0.0	0.189
8571	5.0	0.0	0.074
8572	5.0	0.0	0.054
8573	5.0	0.0	0.161
8574	5.1	0.0	0.403
8575	5.2	0.0	1.090
8576	5.2	0.0	1.167
8577	5.0	0.0	1.172
8578	4.9	0.0	1.228
8579	4.6	0.0	1.172
8580	4.2	0.0	1.136
8581	4.0	0.0	1.052
8582	3.9	0.0	0.924
8583	3.6	0.0	0.843
8584	3.7	0.0	0.786
8585	3.9	0.0	0.817
8586	4.0	0.0	1.014
8587	4.2	0.0	1.131
8588	4.6	0.0	1.399
8589	4.5	0.0	1.437
8590	4.4	0.0	1.340
8591	4.5	0.0	0.807
8592	4.5	0.0	0.506
8593	4.6	0.0	0.350
8594	4.4	0.0	0.189
8595	4.4	0.0	0.074
8596	4.3	0.0	0.054
8597	4.2	0.0	0.161
8598	4.1	0.0	0.403
8599	4.1	0.0	1.090
8600	4.0	0.0	1.167
8601	3.8	0.0	1.172
8602	3.8	0.0	1.228
8603	3.5	0.0	1.172
8604	3.2	0.0	1.136
8605	3.1	0.0	1.052
8606	2.9	0.0	0.924
8607	2.9	0.0	0.843
8608	3.0	0.0	0.786
8609	3.1	0.0	0.817
8610	3.4	0.0	1.014
8611	3.5	0.0	1.131
8612	3.4	0.0	1.399
8613	3.3	0.0	1.437
8614	3.3	0.0	1.340
8615	3.5	0.0	0.807
8616	3.5	0.0	0.506
8617	3.6	0.0	0.350
8618	3.5	0.0	0.189
8619	3.4	0.0	0.074
8620	3.5	0.0	0.054
8621	3.6	0.0	0.161
8622	3.6	0.0	0.403
8623	3.5	0.0	1.090
8624	3.5	0.0	1.167
8625	3.5	0.0	1.172
8626	3.3	0.0	1.228
8627	2.9	0.0	1.172
8628	2.7	0.0	1.136
8629	2.6	0.0	1.052
8630	2.5	0.0	0.924
8631	2.4	0.0	0.843
8632	2.6	0.0	0.786
8633	2.7	0.0	0.817
8634	2.9	0.0	1.014
8635	3.1	0.0	1.131
8636	3.2	0.0	1.399
8637	3.3	0.0	1.437
8638	3.4	0.0	1.340
8639	3.6	0.0	0.807
8640	3.8	0.0	0.506
8641	4.0	0.0	0.350
8642	4.0	0.0	0.189
8643	3.9	0.0	0.074
8644	3.9	0.0	0.054
8645	3.8	0.0	0.161
8646	4.0	0.0	0.403
8647	4.0	0.0	1.090
8648	4.1	0.0	1.167
8649	4.0	0.0	1.172
8650	3.8	0.0	1.228
8651	3.6	0.0	1.172
8652	3.3	0.0	1.136
8653	3.1	0.0	1.052
8654	3.0	0.0	0.924
8655	2.8	0.0	0.843
8656	2.7	0.0	0.786
8657	2.9	0.0	0.817
8658	3.0	0.0	1.014
8659	3.0	0.0	1.131
8660	2.9	0.0	1.399
8661	3.0	0.0	1.437
8662	3.0	0.0	1.340
8663	3.0	0.0	0.807
8664	3.1	0.0	0.506
8665	3.1	0.0	0.350
8666	3.1	0.0	0.189
8667	2.9	0.0	0.074
8668	2.9	0.0	0.054
8669	2.8	0.0	0.161
8670	2.8	0.0	0.403
8671	2.8	0.0	1.090
8672	2.8	0.0	1.167
8673	2.8	0.0	1.172
8674	2.8	0.0	1.228
8675	2.6	0.0	1.172
8676	2.5	0.0	1.136
8677	2.4	0.0	1.052
8678	2.2	0.0	0.924
8679	2.3	0.0	0.843
8680	2.3	0.0	0.786
8681	2.2	0.0	0.817
8682	2.0	0.0	1.014
8683	2.0	0.0	1.131
8684	2.0	0.0	1.399
8685	1.8	0.0	1.437
8686	1.8	0.0	1.340
8687	1.8	0.0	0.807
8688	1.8	0.0	0.506
8689	1.8	0.0	0.350
8690	1.9	0.0	0.189
8691	2.0	0.0	0.074
8692	1.8	0.0	0.054
8693	2.0	0.0	0.161
8694	2.1	0.0	0.403
8695	2.0	0.0	1.090
8696	2.0	0.0	1.167
8697	2.0	0.0	1.172
8698	2.1	0.0	1.228
8699	1.9	0.0	1.172
8700	2.1	0.0	1.136
8701	2.1	0.0	1.052
8702	2.2	0.0	0.924
8703	2.4	0.0	0.843
8704	2.7	0.0	0.786
8705	2.8	0.0	0.817
8706	3.0	0.0	1.014
8707	3.1	0.0	1.131
8708	3.1	0.0	1.399
8709	3.1	0.0	1.437
8710	3.2	0.0	1.340
8711	3.3	0.0	0.807
8712	3.2	0.0	0.506
8713	3.3	0.0	0.350
8714	3.5	0.0	0.189
8715	3.6	0.0	0.074
8716	3.8	0.0	0.054
8717	3.8	0.0	0.161
8718	4.0	0.0	0.403
8719	4.2	0.0	1.090
8720	4.2	0.0	1.167
8721	4.3	0.0	1.172
8722	4.2	0.0	1.228
8723	4.4	0.0	1.172
8724	4.2	0.0	1.136
8725	4.0	0.0	1.052
8726	4.0	0.0	0.924
8727	4.0	0.0	0.843
8728	4.2	0.0	0.786
8729	4.3	0.0	0.817
8730	4.6	0.0	1.014
8731	4.7	0.0	1.131
8732	4.6	0.0	1.399
8733	4.8	0.0	1.437
8734	5.0	0.0	1.340
8735	5.1	0.0	0.807
8736	5.2	0.0	0.506
8737	5.3	0.0	0.350
8738	5.4	0.0	0.189
8739	5.5	0.0	0.074
8740	5.6	0.0	0.054
8741	5.6	0.0	0.161
8742	5.7	0.0	0.403
8743	5.8	0.0	1.090
8744	5.7	0.0	1.167
8745	5.9	0.0	1.172
8746	5.8	0.0	1.228
8747	5.7	0.0	1.172
8748	5.7	0.0	1.136
8749	5.7	0.0	1.052
8750	5.7	0.0	0.924
8751	5.7	0.0	0.843
8752	5.8	0.0	0.786
8753	5.7	0.0	0.817
8754	5.8	0.0	1.014
8755	6.0	0.0	1.131
8756	6.2	0.0	1.399
8757	6.4	0.0	1.437
8758	6.7	0.0	1.340
8759	6.9	0.0	0.807
8760	7.0	0.0	0.506
