# HOY	Heat Demand	Load duration curve	Dhw Demand
# [h]	[kWh / h]	[kWh / h]	[kWh / h]
1	0.6	1.0	0.033
2	0.6	1.0	0.018
3	0.7	1.0	0.007
4	0.7	0.9	0.005
5	0.7	0.9	0.015
6	0.7	0.9	0.038
7	0.7	0.9	0.104
8	0.7	0.9	0.111
9	0.7	0.9	0.111
10	0.6	0.9	0.117
11	0.6	0.9	0.111
12	0.6	0.9	0.108
13	0.6	0.9	0.100
14	0.6	0.9	0.088
15	0.6	0.9	0.080
16	0.6	0.9	0.075
17	0.6	0.9	0.078
18	0.7	0.9	0.096
19	0.7	0.9	0.107
20	0.7	0.9	0.133
21	0.7	0.9	0.137
22	0.8	0.9	0.127
23	0.8	0.9	0.077
24	0.8	0.9	0.048
25	0.8	0.9	0.033
26	0.8	0.9	0.018
27	0.8	0.9	0.007
28	0.8	0.9	0.005
29	0.8	0.9	0.015
30	0.8	0.9	0.038
31	0.8	0.9	0.104
32	0.8	0.9	0.111
33	0.8	0.9	0.111
34	0.8	0.9	0.117
35	0.8	0.9	0.111
36	0.7	0.9	0.108
37	0.7	0.9	0.100
38	0.7	0.9	0.088
39	0.7	0.9	0.080
40	0.7	0.9	0.075
41	0.7	0.9	0.078
42	0.8	0.9	0.096
43	0.8	0.9	0.107
44	0.8	0.9	0.133
45	0.8	0.9	0.137
46	0.8	0.9	0.127
47	0.8	0.9	0.077
48	0.8	0.9	0.048
49	0.8	0.9	0.033
50	0.8	0.9	0.018
51	0.8	0.9	0.007
52	0.8	0.9	0.005
53	0.8	0.9	0.015
54	0.8	0.9	0.038
55	0.8	0.9	0.104
56	0.8	0.9	0.111
57	0.8	0.9	0.111
58	0.8	0.9	0.117
59	0.8	0.9	0.111
60	0.8	0.9	0.108
61	0.7	0.9	0.100
62	0.7	0.9	0.088
63	0.7	0.9	0.080
64	0.7	0.9	0.075
65	0.7	0.9	0.078
66	0.7	0.9	0.096
67	0.8	0.9	0.107
68	0.8	0.9	0.133
69	0.8	0.9	0.137
70	0.8	0.9	0.127
71	0.8	0.8	0.077
72	0.9	0.8	0.048
73	0.9	0.8	0.033
74	0.9	0.8	0.018
75	0.9	0.8	0.007
76	0.9	0.8	0.005
77	0.9	0.8	0.015
78	0.9	0.8	0.038
79	0.8	0.8	0.104
80	0.8	0.8	0.111
81	0.8	0.8	0.111
82	0.8	0.8	0.117
83	0.7	0.8	0.111
84	0.6	0.8	0.108
85	0.6	0.8	0.100
86	0.6	0.8	0.088
87	0.6	0.8	0.080
88	0.6	0.8	0.075
89	0.6	0.8	0.078
90	0.6	0.8	0.096
91	0.6	0.8	0.107
92	0.6	0.8	0.133
93	0.6	0.8	0.137
94	0.6	0.8	0.127
95	0.6	0.8	0.077
96	0.6	0.8	0.048
97	0.6	0.8	0.033
98	0.6	0.8	0.018
99	0.6	0.8	0.007
100	0.6	0.8	0.005
101	0.7	0.8	0.015
102	0.7	0.8	0.038
103	0.7	0.8	0.104
104	0.7	0.8	0.111
105	0.7	0.8	0.111
106	0.7	0.8	0.117
107	0.7	0.8	0.111
108	0.7	0.8	0.108
109	0.7	0.8	0.100
110	0.8	0.8	0.088
111	0.8	0.8	0.080
112	0.8	0.8	0.075
113	0.8	0.8	0.078
114	0.9	0.8	0.096
115	0.9	0.8	0.107
116	0.9	0.8	0.133
117	0.9	0.8	0.137
118	0.9	0.8	0.127
119	0.9	0.8	0.077
120	0.9	0.8	0.048
121	1.0	0.8	0.033
122	1.0	0.8	0.018
123	1.0	0.8	0.007
124	0.9	0.8	0.005
125	0.9	0.8	0.015
126	0.9	0.8	0.038
127	0.9	0.8	0.104
128	0.9	0.8	0.111
129	0.9	0.8	0.111
130	0.8	0.8	0.117
131	0.8	0.8	0.111
132	0.7	0.8	0.108
133	0.7	0.8	0.100
134	0.6	0.8	0.088
135	0.6	0.8	0.080
136	0.6	0.8	0.075
137	0.6	0.8	0.078
138	0.6	0.8	0.096
139	0.6	0.8	0.107
140	0.6	0.8	0.133
141	0.6	0.8	0.137
142	0.6	0.8	0.127
143	0.6	0.8	0.077
144	0.6	0.8	0.048
145	0.6	0.8	0.033
146	0.6	0.8	0.018
147	0.6	0.8	0.007
148	0.6	0.8	0.005
149	0.6	0.8	0.015
150	0.6	0.8	0.038
151	0.6	0.8	0.104
152	0.6	0.8	0.111
153	0.6	0.8	0.111
154	0.6	0.8	0.117
155	0.6	0.8	0.111
156	0.5	0.8	0.108
157	0.5	0.8	0.100
158	0.5	0.8	0.088
159	0.4	0.8	0.080
160	0.4	0.8	0.075
161	0.5	0.8	0.078
162	0.5	0.8	0.096
163	0.5	0.8	0.107
164	0.6	0.8	0.133
165	0.6	0.8	0.137
166	0.6	0.8	0.127
167	0.6	0.8	0.077
168	0.6	0.8	0.048
169	0.7	0.8	0.033
170	0.6	0.8	0.018
171	0.7	0.8	0.007
172	0.6	0.8	0.005
173	0.6	0.8	0.015
174	0.6	0.8	0.038
175	0.6	0.8	0.104
176	0.6	0.8	0.111
177	0.6	0.8	0.111
178	0.6	0.8	0.117
179	0.5	0.8	0.111
180	0.5	0.8	0.108
181	0.5	0.8	0.100
182	0.5	0.8	0.088
183	0.5	0.8	0.080
184	0.5	0.8	0.075
185	0.5	0.8	0.078
186	0.5	0.8	0.096
187	0.5	0.8	0.107
188	0.5	0.8	0.133
189	0.5	0.8	0.137
190	0.5	0.8	0.127
191	0.5	0.8	0.077
192	0.4	0.8	0.048
193	0.4	0.8	0.033
194	0.4	0.8	0.018
195	0.4	0.8	0.007
196	0.4	0.8	0.005
197	0.4	0.7	0.015
198	0.4	0.7	0.038
199	0.4	0.7	0.104
200	0.4	0.7	0.111
201	0.4	0.7	0.111
202	0.4	0.7	0.117
203	0.4	0.7	0.111
204	0.4	0.7	0.108
205	0.4	0.7	0.100
206	0.4	0.7	0.088
207	0.3	0.7	0.080
208	0.3	0.7	0.075
209	0.3	0.7	0.078
210	0.3	0.7	0.096
211	0.3	0.7	0.107
212	0.3	0.7	0.133
213	0.3	0.7	0.137
214	0.3	0.7	0.127
215	0.3	0.7	0.077
216	0.3	0.7	0.048
217	0.3	0.7	0.033
218	0.3	0.7	0.018
219	0.3	0.7	0.007
220	0.3	0.7	0.005
221	0.3	0.7	0.015
222	0.4	0.7	0.038
223	0.4	0.7	0.104
224	0.4	0.7	0.111
225	0.4	0.7	0.111
226	0.4	0.7	0.117
227	0.4	0.7	0.111
228	0.4	0.7	0.108
229	0.4	0.7	0.100
230	0.4	0.7	0.088
231	0.4	0.7	0.080
232	0.4	0.7	0.075
233	0.4	0.7	0.078
234	0.5	0.7	0.096
235	0.5	0.7	0.107
236	0.5	0.7	0.133
237	0.6	0.7	0.137
238	0.6	0.7	0.127
239	0.6	0.7	0.077
240	0.6	0.7	0.048
241	0.7	0.7	0.033
242	0.7	0.7	0.018
243	0.7	0.7	0.007
244	0.7	0.7	0.005
245	0.7	0.7	0.015
246	0.7	0.7	0.038
247	0.7	0.7	0.104
248	0.7	0.7	0.111
249	0.7	0.7	0.111
250	0.6	0.7	0.117
251	0.6	0.7	0.111
252	0.6	0.7	0.108
253	0.6	0.7	0.100
254	0.5	0.7	0.088
255	0.5	0.7	0.080
256	0.6	0.7	0.075
257	0.6	0.7	0.078
258	0.6	0.7	0.096
259	0.6	0.7	0.107
260	0.6	0.7	0.133
261	0.7	0.7	0.137
262	0.7	0.7	0.127
263	0.7	0.7	0.077
264	0.7	0.7	0.048
265	0.7	0.7	0.033
266	0.7	0.7	0.018
267	0.7	0.7	0.007
268	0.7	0.7	0.005
269	0.7	0.7	0.015
270	0.7	0.7	0.038
271	0.7	0.7	0.104
272	0.7	0.7	0.111
273	0.7	0.7	0.111
274	0.7	0.7	0.117
275	0.6	0.7	0.111
276	0.6	0.7	0.108
277	0.6	0.7	0.100
278	0.5	0.7	0.088
279	0.5	0.7	0.080
280	0.5	0.7	0.075
281	0.5	0.7	0.078
282	0.5	0.7	0.096
283	0.5	0.7	0.107
284	0.5	0.7	0.133
285	0.6	0.7	0.137
286	0.6	0.7	0.127
287	0.6	0.7	0.077
288	0.6	0.7	0.048
289	0.6	0.7	0.033
290	0.6	0.7	0.018
291	0.5	0.7	0.007
292	0.5	0.7	0.005
293	0.6	0.7	0.015
294	0.6	0.7	0.038
295	0.5	0.7	0.104
296	0.5	0.7	0.111
297	0.5	0.7	0.111
298	0.5	0.7	0.117
299	0.5	0.7	0.111
300	0.5	0.7	0.108
301	0.5	0.7	0.100
302	0.5	0.7	0.088
303	0.5	0.7	0.080
304	0.4	0.7	0.075
305	0.5	0.7	0.078
306	0.5	0.7	0.096
307	0.5	0.7	0.107
308	0.5	0.7	0.133
309	0.5	0.7	0.137
310	0.5	0.7	0.127
311	0.5	0.7	0.077
312	0.5	0.7	0.048
313	0.5	0.7	0.033
314	0.5	0.7	0.018
315	0.5	0.7	0.007
316	0.5	0.7	0.005
317	0.5	0.7	0.015
318	0.5	0.7	0.038
319	0.5	0.7	0.104
320	0.5	0.7	0.111
321	0.5	0.7	0.111
322	0.5	0.7	0.117
323	0.5	0.7	0.111
324	0.5	0.7	0.108
325	0.5	0.7	0.100
326	0.5	0.7	0.088
327	0.4	0.7	0.080
328	0.4	0.7	0.075
329	0.4	0.7	0.078
330	0.4	0.7	0.096
331	0.5	0.7	0.107
332	0.5	0.7	0.133
333	0.5	0.7	0.137
334	0.5	0.7	0.127
335	0.5	0.7	0.077
336	0.5	0.7	0.048
337	0.5	0.7	0.033
338	0.5	0.7	0.018
339	0.5	0.7	0.007
340	0.5	0.7	0.005
341	0.5	0.7	0.015
342	0.5	0.7	0.038
343	0.5	0.7	0.104
344	0.6	0.7	0.111
345	0.6	0.7	0.111
346	0.6	0.7	0.117
347	0.6	0.7	0.111
348	0.5	0.7	0.108
349	0.5	0.7	0.100
350	0.6	0.7	0.088
351	0.6	0.7	0.080
352	0.6	0.7	0.075
353	0.6	0.7	0.078
354	0.6	0.7	0.096
355	0.6	0.7	0.107
356	0.6	0.7	0.133
357	0.6	0.7	0.137
358	0.6	0.7	0.127
359	0.6	0.7	0.077
360	0.6	0.7	0.048
361	0.6	0.7	0.033
362	0.6	0.7	0.018
363	0.6	0.7	0.007
364	0.6	0.7	0.005
365	0.6	0.7	0.015
366	0.7	0.7	0.038
367	0.7	0.7	0.104
368	0.7	0.7	0.111
369	0.7	0.7	0.111
370	0.7	0.7	0.117
371	0.6	0.7	0.111
372	0.6	0.7	0.108
373	0.6	0.7	0.100
374	0.6	0.7	0.088
375	0.6	0.7	0.080
376	0.6	0.7	0.075
377	0.7	0.7	0.078
378	0.7	0.7	0.096
379	0.7	0.7	0.107
380	0.7	0.7	0.133
381	0.7	0.7	0.137
382	0.8	0.7	0.127
383	0.8	0.7	0.077
384	0.8	0.7	0.048
385	0.9	0.7	0.033
386	0.9	0.7	0.018
387	0.9	0.7	0.007
388	0.9	0.7	0.005
389	0.9	0.7	0.015
390	0.9	0.7	0.038
391	0.9	0.7	0.104
392	0.8	0.7	0.111
393	0.8	0.7	0.111
394	0.8	0.7	0.117
395	0.7	0.7	0.111
396	0.7	0.7	0.108
397	0.6	0.7	0.100
398	0.6	0.7	0.088
399	0.6	0.7	0.080
400	0.6	0.7	0.075
401	0.6	0.7	0.078
402	0.6	0.7	0.096
403	0.6	0.7	0.107
404	0.6	0.7	0.133
405	0.6	0.7	0.137
406	0.6	0.7	0.127
407	0.6	0.7	0.077
408	0.6	0.7	0.048
409	0.6	0.7	0.033
410	0.6	0.7	0.018
411	0.6	0.7	0.007
412	0.6	0.7	0.005
413	0.6	0.7	0.015
414	0.6	0.7	0.038
415	0.6	0.7	0.104
416	0.6	0.7	0.111
417	0.6	0.7	0.111
418	0.6	0.7	0.117
419	0.6	0.7	0.111
420	0.6	0.7	0.108
421	0.6	0.7	0.100
422	0.6	0.7	0.088
423	0.6	0.7	0.080
424	0.6	0.7	0.075
425	0.6	0.7	0.078
426	0.6	0.7	0.096
427	0.6	0.7	0.107
428	0.6	0.7	0.133
429	0.7	0.7	0.137
430	0.7	0.7	0.127
431	0.7	0.7	0.077
432	0.7	0.7	0.048
433	0.7	0.7	0.033
434	0.7	0.7	0.018
435	0.7	0.7	0.007
436	0.7	0.7	0.005
437	0.7	0.7	0.015
438	0.7	0.7	0.038
439	0.7	0.7	0.104
440	0.7	0.7	0.111
441	0.7	0.7	0.111
442	0.7	0.7	0.117
443	0.7	0.7	0.111
444	0.7	0.7	0.108
445	0.7	0.7	0.100
446	0.6	0.7	0.088
447	0.6	0.7	0.080
448	0.6	0.7	0.075
449	0.6	0.7	0.078
450	0.6	0.7	0.096
451	0.6	0.7	0.107
452	0.7	0.7	0.133
453	0.7	0.7	0.137
454	0.7	0.7	0.127
455	0.7	0.7	0.077
456	0.7	0.7	0.048
457	0.7	0.7	0.033
458	0.7	0.7	0.018
459	0.7	0.6	0.007
460	0.7	0.6	0.005
461	0.7	0.6	0.015
462	0.7	0.6	0.038
463	0.7	0.6	0.104
464	0.7	0.6	0.111
465	0.7	0.6	0.111
466	0.7	0.6	0.117
467	0.7	0.6	0.111
468	0.7	0.6	0.108
469	0.6	0.6	0.100
470	0.6	0.6	0.088
471	0.6	0.6	0.080
472	0.6	0.6	0.075
473	0.6	0.6	0.078
474	0.6	0.6	0.096
475	0.6	0.6	0.107
476	0.6	0.6	0.133
477	0.6	0.6	0.137
478	0.6	0.6	0.127
479	0.6	0.6	0.077
480	0.6	0.6	0.048
481	0.6	0.6	0.033
482	0.7	0.6	0.018
483	0.7	0.6	0.007
484	0.7	0.6	0.005
485	0.7	0.6	0.015
486	0.7	0.6	0.038
487	0.7	0.6	0.104
488	0.7	0.6	0.111
489	0.7	0.6	0.111
490	0.6	0.6	0.117
491	0.6	0.6	0.111
492	0.6	0.6	0.108
493	0.6	0.6	0.100
494	0.6	0.6	0.088
495	0.6	0.6	0.080
496	0.6	0.6	0.075
497	0.6	0.6	0.078
498	0.6	0.6	0.096
499	0.6	0.6	0.107
500	0.6	0.6	0.133
501	0.6	0.6	0.137
502	0.7	0.6	0.127
503	0.7	0.6	0.077
504	0.7	0.6	0.048
505	0.7	0.6	0.033
506	0.7	0.6	0.018
507	0.7	0.6	0.007
508	0.7	0.6	0.005
509	0.7	0.6	0.015
510	0.7	0.6	0.038
511	0.7	0.6	0.104
512	0.7	0.6	0.111
513	0.7	0.6	0.111
514	0.7	0.6	0.117
515	0.7	0.6	0.111
516	0.7	0.6	0.108
517	0.7	0.6	0.100
518	0.6	0.6	0.088
519	0.6	0.6	0.080
520	0.7	0.6	0.075
521	0.7	0.6	0.078
522	0.7	0.6	0.096
523	0.7	0.6	0.107
524	0.7	0.6	0.133
525	0.7	0.6	0.137
526	0.7	0.6	0.127
527	0.7	0.6	0.077
528	0.7	0.6	0.048
529	0.7	0.6	0.033
530	0.7	0.6	0.018
531	0.8	0.6	0.007
532	0.8	0.6	0.005
533	0.8	0.6	0.015
534	0.7	0.6	0.038
535	0.8	0.6	0.104
536	0.8	0.6	0.111
537	0.7	0.6	0.111
538	0.7	0.6	0.117
539	0.7	0.6	0.111
540	0.6	0.6	0.108
541	0.6	0.6	0.100
542	0.6	0.6	0.088
543	0.6	0.6	0.080
544	0.6	0.6	0.075
545	0.6	0.6	0.078
546	0.6	0.6	0.096
547	0.6	0.6	0.107
548	0.6	0.6	0.133
549	0.6	0.6	0.137
550	0.7	0.6	0.127
551	0.7	0.6	0.077
552	0.7	0.6	0.048
553	0.7	0.6	0.033
554	0.7	0.6	0.018
555	0.7	0.6	0.007
556	0.7	0.6	0.005
557	0.7	0.6	0.015
558	0.7	0.6	0.038
559	0.7	0.6	0.104
560	0.7	0.6	0.111
561	0.7	0.6	0.111
562	0.7	0.6	0.117
563	0.7	0.6	0.111
564	0.6	0.6	0.108
565	0.6	0.6	0.100
566	0.6	0.6	0.088
567	0.6	0.6	0.080
568	0.6	0.6	0.075
569	0.6	0.6	0.078
570	0.6	0.6	0.096
571	0.6	0.6	0.107
572	0.6	0.6	0.133
573	0.6	0.6	0.137
574	0.6	0.6	0.127
575	0.6	0.6	0.077
576	0.6	0.6	0.048
577	0.6	0.6	0.033
578	0.6	0.6	0.018
579	0.6	0.6	0.007
580	0.6	0.6	0.005
581	0.6	0.6	0.015
582	0.6	0.6	0.038
583	0.6	0.6	0.104
584	0.6	0.6	0.111
585	0.6	0.6	0.111
586	0.5	0.6	0.117
587	0.5	0.6	0.111
588	0.5	0.6	0.108
589	0.5	0.6	0.100
590	0.5	0.6	0.088
591	0.4	0.6	0.080
592	0.4	0.6	0.075
593	0.4	0.6	0.078
594	0.4	0.6	0.096
595	0.4	0.6	0.107
596	0.4	0.6	0.133
597	0.4	0.6	0.137
598	0.4	0.6	0.127
599	0.5	0.6	0.077
600	0.5	0.6	0.048
601	0.5	0.6	0.033
602	0.5	0.6	0.018
603	0.5	0.6	0.007
604	0.5	0.6	0.005
605	0.5	0.6	0.015
606	0.5	0.6	0.038
607	0.5	0.6	0.104
608	0.5	0.6	0.111
609	0.6	0.6	0.111
610	0.6	0.6	0.117
611	0.5	0.6	0.111
612	0.5	0.6	0.108
613	0.5	0.6	0.100
614	0.5	0.6	0.088
615	0.5	0.6	0.080
616	0.5	0.6	0.075
617	0.5	0.6	0.078
618	0.6	0.6	0.096
619	0.6	0.6	0.107
620	0.6	0.6	0.133
621	0.6	0.6	0.137
622	0.7	0.6	0.127
623	0.7	0.6	0.077
624	0.7	0.6	0.048
625	0.7	0.6	0.033
626	0.7	0.6	0.018
627	0.7	0.6	0.007
628	0.7	0.6	0.005
629	0.7	0.6	0.015
630	0.7	0.6	0.038
631	0.7	0.6	0.104
632	0.7	0.6	0.111
633	0.6	0.6	0.111
634	0.6	0.6	0.117
635	0.6	0.6	0.111
636	0.5	0.6	0.108
637	0.5	0.6	0.100
638	0.5	0.6	0.088
639	0.5	0.6	0.080
640	0.5	0.6	0.075
641	0.5	0.6	0.078
642	0.6	0.6	0.096
643	0.6	0.6	0.107
644	0.6	0.6	0.133
645	0.6	0.6	0.137
646	0.6	0.6	0.127
647	0.6	0.6	0.077
648	0.6	0.6	0.048
649	0.6	0.6	0.033
650	0.6	0.6	0.018
651	0.6	0.6	0.007
652	0.6	0.6	0.005
653	0.6	0.6	0.015
654	0.6	0.6	0.038
655	0.6	0.6	0.104
656	0.6	0.6	0.111
657	0.6	0.6	0.111
658	0.6	0.6	0.117
659	0.6	0.6	0.111
660	0.6	0.6	0.108
661	0.6	0.6	0.100
662	0.6	0.6	0.088
663	0.6	0.6	0.080
664	0.6	0.6	0.075
665	0.6	0.6	0.078
666	0.6	0.6	0.096
667	0.7	0.6	0.107
668	0.7	0.6	0.133
669	0.7	0.6	0.137
670	0.7	0.6	0.127
671	0.8	0.6	0.077
672	0.8	0.6	0.048
673	0.8	0.6	0.033
674	0.8	0.6	0.018
675	0.7	0.6	0.007
676	0.7	0.6	0.005
677	0.7	0.6	0.015
678	0.6	0.6	0.038
679	0.6	0.6	0.104
680	0.6	0.6	0.111
681	0.6	0.6	0.111
682	0.6	0.6	0.117
683	0.6	0.6	0.111
684	0.6	0.6	0.108
685	0.5	0.6	0.100
686	0.5	0.6	0.088
687	0.5	0.6	0.080
688	0.5	0.6	0.075
689	0.5	0.6	0.078
690	0.4	0.6	0.096
691	0.4	0.6	0.107
692	0.4	0.6	0.133
693	0.4	0.6	0.137
694	0.4	0.6	0.127
695	0.3	0.6	0.077
696	0.3	0.6	0.048
697	0.3	0.6	0.033
698	0.3	0.6	0.018
699	0.3	0.6	0.007
700	0.3	0.6	0.005
701	0.3	0.6	0.015
702	0.3	0.6	0.038
703	0.3	0.6	0.104
704	0.4	0.6	0.111
705	0.4	0.6	0.111
706	0.3	0.6	0.117
707	0.3	0.6	0.111
708	0.3	0.6	0.108
709	0.3	0.6	0.100
710	0.3	0.6	0.088
711	0.3	0.6	0.080
712	0.3	0.6	0.075
713	0.3	0.6	0.078
714	0.3	0.6	0.096
715	0.3	0.6	0.107
716	0.3	0.6	0.133
717	0.3	0.6	0.137
718	0.3	0.6	0.127
719	0.3	0.6	0.077
720	0.3	0.6	0.048
721	0.3	0.6	0.033
722	0.3	0.6	0.018
723	0.3	0.6	0.007
724	0.3	0.6	0.005
725	0.3	0.6	0.015
726	0.3	0.6	0.038
727	0.3	0.6	0.104
728	0.3	0.6	0.111
729	0.3	0.6	0.111
730	0.3	0.6	0.117
731	0.2	0.6	0.111
732	0.2	0.6	0.108
733	0.2	0.6	0.100
734	0.2	0.6	0.088
735	0.2	0.6	0.080
736	0.2	0.6	0.075
737	0.2	0.6	0.078
738	0.3	0.6	0.096
739	0.3	0.6	0.107
740	0.3	0.6	0.133
741	0.3	0.6	0.137
742	0.3	0.6	0.127
743	0.4	0.6	0.077
744	0.4	0.6	0.048
745	0.3	0.6	0.033
746	0.3	0.6	0.018
747	0.3	0.6	0.007
748	0.3	0.6	0.005
749	0.3	0.6	0.015
750	0.3	0.6	0.038
751	0.3	0.6	0.104
752	0.3	0.6	0.111
753	0.3	0.6	0.111
754	0.3	0.6	0.117
755	0.3	0.6	0.111
756	0.3	0.6	0.108
757	0.3	0.6	0.100
758	0.3	0.6	0.088
759	0.3	0.6	0.080
760	0.3	0.6	0.075
761	0.3	0.6	0.078
762	0.3	0.6	0.096
763	0.3	0.6	0.107
764	0.3	0.6	0.133
765	0.4	0.6	0.137
766	0.4	0.6	0.127
767	0.4	0.6	0.077
768	0.4	0.6	0.048
769	0.4	0.6	0.033
770	0.4	0.6	0.018
771	0.4	0.6	0.007
772	0.4	0.6	0.005
773	0.5	0.6	0.015
774	0.5	0.6	0.038
775	0.5	0.6	0.104
776	0.5	0.6	0.111
777	0.5	0.6	0.111
778	0.5	0.6	0.117
779	0.5	0.6	0.111
780	0.5	0.6	0.108
781	0.5	0.6	0.100
782	0.4	0.6	0.088
783	0.5	0.6	0.080
784	0.5	0.6	0.075
785	0.5	0.6	0.078
786	0.5	0.6	0.096
787	0.5	0.6	0.107
788	0.5	0.6	0.133
789	0.6	0.6	0.137
790	0.6	0.6	0.127
791	0.6	0.6	0.077
792	0.6	0.6	0.048
793	0.6	0.6	0.033
794	0.6	0.6	0.018
795	0.6	0.6	0.007
796	0.6	0.6	0.005
797	0.6	0.6	0.015
798	0.6	0.6	0.038
799	0.6	0.6	0.104
800	0.6	0.6	0.111
801	0.6	0.6	0.111
802	0.6	0.6	0.117
803	0.6	0.6	0.111
804	0.6	0.6	0.108
805	0.6	0.6	0.100
806	0.5	0.6	0.088
807	0.5	0.6	0.080
808	0.5	0.6	0.075
809	0.6	0.6	0.078
810	0.6	0.6	0.096
811	0.6	0.6	0.107
812	0.6	0.6	0.133
813	0.6	0.6	0.137
814	0.6	0.6	0.127
815	0.6	0.6	0.077
816	0.6	0.6	0.048
817	0.6	0.6	0.033
818	0.6	0.6	0.018
819	0.6	0.6	0.007
820	0.6	0.6	0.005
821	0.6	0.6	0.015
822	0.6	0.6	0.038
823	0.5	0.6	0.104
824	0.5	0.6	0.111
825	0.5	0.6	0.111
826	0.5	0.6	0.117
827	0.5	0.6	0.111
828	0.5	0.6	0.108
829	0.4	0.6	0.100
830	0.4	0.6	0.088
831	0.4	0.6	0.080
832	0.4	0.6	0.075
833	0.4	0.6	0.078
834	0.4	0.6	0.096
835	0.4	0.6	0.107
836	0.4	0.6	0.133
837	0.4	0.6	0.137
838	0.4	0.6	0.127
839	0.4	0.6	0.077
840	0.4	0.6	0.048
841	0.4	0.6	0.033
842	0.4	0.6	0.018
843	0.4	0.6	0.007
844	0.4	0.6	0.005
845	0.4	0.6	0.015
846	0.4	0.6	0.038
847	0.4	0.6	0.104
848	0.4	0.6	0.111
849	0.4	0.6	0.111
850	0.4	0.6	0.117
851	0.4	0.6	0.111
852	0.4	0.6	0.108
853	0.4	0.6	0.100
854	0.4	0.6	0.088
855	0.4	0.6	0.080
856	0.4	0.6	0.075
857	0.4	0.6	0.078
858	0.4	0.6	0.096
859	0.4	0.6	0.107
860	0.4	0.6	0.133
861	0.4	0.6	0.137
862	0.4	0.6	0.127
863	0.5	0.6	0.077
864	0.4	0.6	0.048
865	0.4	0.6	0.033
866	0.5	0.6	0.018
867	0.4	0.6	0.007
868	0.5	0.6	0.005
869	0.4	0.6	0.015
870	0.4	0.6	0.038
871	0.4	0.6	0.104
872	0.4	0.6	0.111
873	0.4	0.6	0.111
874	0.4	0.6	0.117
875	0.4	0.6	0.111
876	0.4	0.6	0.108
877	0.4	0.6	0.100
878	0.4	0.6	0.088
879	0.4	0.6	0.080
880	0.4	0.6	0.075
881	0.4	0.6	0.078
882	0.4	0.6	0.096
883	0.4	0.6	0.107
884	0.4	0.6	0.133
885	0.4	0.6	0.137
886	0.4	0.6	0.127
887	0.4	0.6	0.077
888	0.4	0.6	0.048
889	0.4	0.6	0.033
890	0.4	0.6	0.018
891	0.4	0.6	0.007
892	0.4	0.6	0.005
893	0.4	0.6	0.015
894	0.4	0.6	0.038
895	0.4	0.6	0.104
896	0.4	0.6	0.111
897	0.4	0.6	0.111
898	0.4	0.6	0.117
899	0.4	0.6	0.111
900	0.4	0.6	0.108
901	0.4	0.6	0.100
902	0.4	0.6	0.088
903	0.4	0.6	0.080
904	0.4	0.6	0.075
905	0.4	0.6	0.078
906	0.4	0.6	0.096
907	0.4	0.6	0.107
908	0.4	0.6	0.133
909	0.4	0.6	0.137
910	0.4	0.6	0.127
911	0.4	0.6	0.077
912	0.4	0.6	0.048
913	0.4	0.6	0.033
914	0.4	0.6	0.018
915	0.4	0.6	0.007
916	0.4	0.6	0.005
917	0.4	0.6	0.015
918	0.4	0.6	0.038
919	0.4	0.6	0.104
920	0.4	0.6	0.111
921	0.4	0.6	0.111
922	0.4	0.6	0.117
923	0.4	0.6	0.111
924	0.4	0.6	0.108
925	0.4	0.6	0.100
926	0.4	0.6	0.088
927	0.3	0.5	0.080
928	0.3	0.5	0.075
929	0.3	0.5	0.078
930	0.4	0.5	0.096
931	0.4	0.5	0.107
932	0.4	0.5	0.133
933	0.4	0.5	0.137
934	0.4	0.5	0.127
935	0.4	0.5	0.077
936	0.4	0.5	0.048
937	0.4	0.5	0.033
938	0.4	0.5	0.018
939	0.4	0.5	0.007
940	0.4	0.5	0.005
941	0.4	0.5	0.015
942	0.4	0.5	0.038
943	0.5	0.5	0.104
944	0.5	0.5	0.111
945	0.5	0.5	0.111
946	0.5	0.5	0.117
947	0.4	0.5	0.111
948	0.4	0.5	0.108
949	0.4	0.5	0.100
950	0.4	0.5	0.088
951	0.4	0.5	0.080
952	0.4	0.5	0.075
953	0.4	0.5	0.078
954	0.4	0.5	0.096
955	0.4	0.5	0.107
956	0.4	0.5	0.133
957	0.4	0.5	0.137
958	0.4	0.5	0.127
959	0.5	0.5	0.077
960	0.5	0.5	0.048
961	0.5	0.5	0.033
962	0.5	0.5	0.018
963	0.5	0.5	0.007
964	0.5	0.5	0.005
965	0.5	0.5	0.015
966	0.5	0.5	0.038
967	0.5	0.5	0.104
968	0.5	0.5	0.111
969	0.5	0.5	0.111
970	0.4	0.5	0.117
971	0.4	0.5	0.111
972	0.4	0.5	0.108
973	0.4	0.5	0.100
974	0.4	0.5	0.088
975	0.4	0.5	0.080
976	0.4	0.5	0.075
977	0.4	0.5	0.078
978	0.4	0.5	0.096
979	0.4	0.5	0.107
980	0.4	0.5	0.133
981	0.5	0.5	0.137
982	0.5	0.5	0.127
983	0.5	0.5	0.077
984	0.5	0.5	0.048
985	0.5	0.5	0.033
986	0.5	0.5	0.018
987	0.5	0.5	0.007
988	0.5	0.5	0.005
989	0.5	0.5	0.015
990	0.5	0.5	0.038
991	0.5	0.5	0.104
992	0.5	0.5	0.111
993	0.5	0.5	0.111
994	0.4	0.5	0.117
995	0.4	0.5	0.111
996	0.4	0.5	0.108
997	0.4	0.5	0.100
998	0.4	0.5	0.088
999	0.4	0.5	0.080
1000	0.4	0.5	0.075
1001	0.4	0.5	0.078
1002	0.4	0.5	0.096
1003	0.4	0.5	0.107
1004	0.4	0.5	0.133
1005	0.4	0.5	0.137
1006	0.5	0.5	0.127
1007	0.5	0.5	0.077
1008	0.4	0.5	0.048
1009	0.4	0.5	0.033
1010	0.4	0.5	0.018
1011	0.5	0.5	0.007
1012	0.5	0.5	0.005
1013	0.4	0.5	0.015
1014	0.4	0.5	0.038
1015	0.4	0.5	0.104
1016	0.4	0.5	0.111
1017	0.4	0.5	0.111
1018	0.4	0.5	0.117
1019	0.4	0.5	0.111
1020	0.4	0.5	0.108
1021	0.4	0.5	0.100
1022	0.3	0.5	0.088
1023	0.3	0.5	0.080
1024	0.3	0.5	0.075
1025	0.3	0.5	0.078
1026	0.3	0.5	0.096
1027	0.3	0.5	0.107
1028	0.3	0.5	0.133
1029	0.4	0.5	0.137
1030	0.3	0.5	0.127
1031	0.4	0.5	0.077
1032	0.4	0.5	0.048
1033	0.4	0.5	0.033
1034	0.4	0.5	0.018
1035	0.4	0.5	0.007
1036	0.4	0.5	0.005
1037	0.4	0.5	0.015
1038	0.4	0.5	0.038
1039	0.4	0.5	0.104
1040	0.4	0.5	0.111
1041	0.4	0.5	0.111
1042	0.4	0.5	0.117
1043	0.4	0.5	0.111
1044	0.4	0.5	0.108
1045	0.4	0.5	0.100
1046	0.4	0.5	0.088
1047	0.4	0.5	0.080
1048	0.4	0.5	0.075
1049	0.4	0.5	0.078
1050	0.4	0.5	0.096
1051	0.4	0.5	0.107
1052	0.4	0.5	0.133
1053	0.4	0.5	0.137
1054	0.4	0.5	0.127
1055	0.4	0.5	0.077
1056	0.4	0.5	0.048
1057	0.4	0.5	0.033
1058	0.4	0.5	0.018
1059	0.4	0.5	0.007
1060	0.4	0.5	0.005
1061	0.4	0.5	0.015
1062	0.4	0.5	0.038
1063	0.4	0.5	0.104
1064	0.4	0.5	0.111
1065	0.4	0.5	0.111
1066	0.4	0.5	0.117
1067	0.4	0.5	0.111
1068	0.4	0.5	0.108
1069	0.3	0.5	0.100
1070	0.3	0.5	0.088
1071	0.3	0.5	0.080
1072	0.3	0.5	0.075
1073	0.3	0.5	0.078
1074	0.3	0.5	0.096
1075	0.3	0.5	0.107
1076	0.3	0.5	0.133
1077	0.3	0.5	0.137
1078	0.3	0.5	0.127
1079	0.3	0.5	0.077
1080	0.3	0.5	0.048
1081	0.3	0.5	0.033
1082	0.3	0.5	0.018
1083	0.3	0.5	0.007
1084	0.3	0.5	0.005
1085	0.3	0.5	0.015
1086	0.3	0.5	0.038
1087	0.3	0.5	0.104
1088	0.3	0.5	0.111
1089	0.2	0.5	0.111
1090	0.2	0.5	0.117
1091	0.2	0.5	0.111
1092	0.2	0.5	0.108
1093	0.2	0.5	0.100
1094	0.2	0.5	0.088
1095	0.2	0.5	0.080
1096	0.2	0.5	0.075
1097	0.2	0.5	0.078
1098	0.2	0.5	0.096
1099	0.2	0.5	0.107
1100	0.2	0.5	0.133
1101	0.2	0.5	0.137
1102	0.2	0.5	0.127
1103	0.2	0.5	0.077
1104	0.3	0.5	0.048
1105	0.3	0.5	0.033
1106	0.3	0.5	0.018
1107	0.3	0.5	0.007
1108	0.3	0.5	0.005
1109	0.3	0.5	0.015
1110	0.3	0.5	0.038
1111	0.3	0.5	0.104
1112	0.3	0.5	0.111
1113	0.3	0.5	0.111
1114	0.3	0.5	0.117
1115	0.3	0.5	0.111
1116	0.2	0.5	0.108
1117	0.2	0.5	0.100
1118	0.2	0.5	0.088
1119	0.2	0.5	0.080
1120	0.2	0.5	0.075
1121	0.2	0.5	0.078
1122	0.2	0.5	0.096
1123	0.3	0.5	0.107
1124	0.3	0.5	0.133
1125	0.3	0.5	0.137
1126	0.3	0.5	0.127
1127	0.3	0.5	0.077
1128	0.3	0.5	0.048
1129	0.3	0.5	0.033
1130	0.3	0.5	0.018
1131	0.4	0.5	0.007
1132	0.4	0.5	0.005
1133	0.4	0.5	0.015
1134	0.4	0.5	0.038
1135	0.4	0.5	0.104
1136	0.4	0.5	0.111
1137	0.4	0.5	0.111
1138	0.4	0.5	0.117
1139	0.4	0.5	0.111
1140	0.3	0.5	0.108
1141	0.3	0.5	0.100
1142	0.3	0.5	0.088
1143	0.3	0.5	0.080
1144	0.3	0.5	0.075
1145	0.3	0.5	0.078
1146	0.4	0.5	0.096
1147	0.4	0.5	0.107
1148	0.4	0.5	0.133
1149	0.4	0.5	0.137
1150	0.4	0.5	0.127
1151	0.4	0.5	0.077
1152	0.4	0.5	0.048
1153	0.4	0.5	0.033
1154	0.4	0.5	0.018
1155	0.5	0.5	0.007
1156	0.5	0.5	0.005
1157	0.5	0.5	0.015
1158	0.5	0.5	0.038
1159	0.5	0.5	0.104
1160	0.5	0.5	0.111
1161	0.5	0.5	0.111
1162	0.5	0.5	0.117
1163	0.5	0.5	0.111
1164	0.4	0.5	0.108
1165	0.4	0.5	0.100
1166	0.4	0.5	0.088
1167	0.4	0.5	0.080
1168	0.4	0.5	0.075
1169	0.4	0.5	0.078
1170	0.4	0.5	0.096
1171	0.5	0.5	0.107
1172	0.5	0.5	0.133
1173	0.5	0.5	0.137
1174	0.5	0.5	0.127
1175	0.5	0.5	0.077
1176	0.5	0.5	0.048
1177	0.5	0.5	0.033
1178	0.5	0.5	0.018
1179	0.5	0.5	0.007
1180	0.5	0.5	0.005
1181	0.5	0.5	0.015
1182	0.5	0.5	0.038
1183	0.5	0.5	0.104
1184	0.5	0.5	0.111
1185	0.5	0.5	0.111
1186	0.5	0.5	0.117
1187	0.5	0.5	0.111
1188	0.5	0.5	0.108
1189	0.5	0.5	0.100
1190	0.4	0.5	0.088
1191	0.4	0.5	0.080
1192	0.4	0.5	0.075
1193	0.4	0.5	0.078
1194	0.5	0.5	0.096
1195	0.5	0.5	0.107
1196	0.5	0.5	0.133
1197	0.5	0.5	0.137
1198	0.5	0.5	0.127
1199	0.5	0.5	0.077
1200	0.5	0.5	0.048
1201	0.5	0.5	0.033
1202	0.6	0.5	0.018
1203	0.6	0.5	0.007
1204	0.6	0.5	0.005
1205	0.6	0.5	0.015
1206	0.5	0.5	0.038
1207	0.5	0.5	0.104
1208	0.5	0.5	0.111
1209	0.5	0.5	0.111
1210	0.5	0.5	0.117
1211	0.5	0.5	0.111
1212	0.5	0.5	0.108
1213	0.5	0.5	0.100
1214	0.5	0.5	0.088
1215	0.5	0.5	0.080
1216	0.5	0.5	0.075
1217	0.5	0.5	0.078
1218	0.5	0.5	0.096
1219	0.5	0.5	0.107
1220	0.6	0.5	0.133
1221	0.6	0.5	0.137
1222	0.6	0.5	0.127
1223	0.6	0.5	0.077
1224	0.6	0.5	0.048
1225	0.6	0.5	0.033
1226	0.6	0.5	0.018
1227	0.6	0.5	0.007
1228	0.5	0.5	0.005
1229	0.5	0.5	0.015
1230	0.5	0.5	0.038
1231	0.5	0.5	0.104
1232	0.5	0.5	0.111
1233	0.5	0.5	0.111
1234	0.5	0.5	0.117
1235	0.4	0.5	0.111
1236	0.4	0.5	0.108
1237	0.4	0.5	0.100
1238	0.4	0.5	0.088
1239	0.4	0.5	0.080
1240	0.4	0.5	0.075
1241	0.4	0.5	0.078
1242	0.4	0.5	0.096
1243	0.4	0.5	0.107
1244	0.4	0.5	0.133
1245	0.4	0.5	0.137
1246	0.3	0.5	0.127
1247	0.3	0.5	0.077
1248	0.3	0.5	0.048
1249	0.3	0.5	0.033
1250	0.3	0.5	0.018
1251	0.3	0.5	0.007
1252	0.3	0.5	0.005
1253	0.3	0.5	0.015
1254	0.3	0.5	0.038
1255	0.3	0.5	0.104
1256	0.3	0.5	0.111
1257	0.3	0.5	0.111
1258	0.3	0.5	0.117
1259	0.3	0.5	0.111
1260	0.2	0.5	0.108
1261	0.2	0.5	0.100
1262	0.2	0.5	0.088
1263	0.2	0.5	0.080
1264	0.2	0.5	0.075
1265	0.2	0.5	0.078
1266	0.2	0.5	0.096
1267	0.3	0.5	0.107
1268	0.3	0.5	0.133
1269	0.3	0.5	0.137
1270	0.3	0.5	0.127
1271	0.3	0.5	0.077
1272	0.3	0.5	0.048
1273	0.3	0.5	0.033
1274	0.3	0.5	0.018
1275	0.3	0.5	0.007
1276	0.3	0.5	0.005
1277	0.3	0.5	0.015
1278	0.3	0.5	0.038
1279	0.3	0.5	0.104
1280	0.4	0.5	0.111
1281	0.4	0.5	0.111
1282	0.3	0.5	0.117
1283	0.3	0.5	0.111
1284	0.3	0.5	0.108
1285	0.3	0.5	0.100
1286	0.3	0.5	0.088
1287	0.3	0.5	0.080
1288	0.3	0.5	0.075
1289	0.3	0.5	0.078
1290	0.3	0.5	0.096
1291	0.3	0.5	0.107
1292	0.3	0.5	0.133
1293	0.3	0.5	0.137
1294	0.3	0.5	0.127
1295	0.3	0.5	0.077
1296	0.3	0.5	0.048
1297	0.3	0.5	0.033
1298	0.4	0.5	0.018
1299	0.4	0.5	0.007
1300	0.4	0.5	0.005
1301	0.4	0.5	0.015
1302	0.4	0.5	0.038
1303	0.4	0.5	0.104
1304	0.4	0.5	0.111
1305	0.4	0.5	0.111
1306	0.4	0.5	0.117
1307	0.4	0.5	0.111
1308	0.4	0.5	0.108
1309	0.3	0.5	0.100
1310	0.3	0.5	0.088
1311	0.3	0.5	0.080
1312	0.3	0.5	0.075
1313	0.3	0.5	0.078
1314	0.3	0.5	0.096
1315	0.4	0.5	0.107
1316	0.4	0.5	0.133
1317	0.4	0.5	0.137
1318	0.4	0.5	0.127
1319	0.4	0.5	0.077
1320	0.4	0.5	0.048
1321	0.4	0.5	0.033
1322	0.4	0.5	0.018
1323	0.4	0.5	0.007
1324	0.4	0.5	0.005
1325	0.4	0.5	0.015
1326	0.4	0.5	0.038
1327	0.4	0.5	0.104
1328	0.4	0.5	0.111
1329	0.4	0.5	0.111
1330	0.3	0.5	0.117
1331	0.3	0.5	0.111
1332	0.3	0.5	0.108
1333	0.2	0.5	0.100
1334	0.2	0.5	0.088
1335	0.2	0.5	0.080
1336	0.2	0.5	0.075
1337	0.2	0.5	0.078
1338	0.2	0.5	0.096
1339	0.3	0.5	0.107
1340	0.3	0.5	0.133
1341	0.3	0.5	0.137
1342	0.3	0.5	0.127
1343	0.3	0.5	0.077
1344	0.3	0.5	0.048
1345	0.3	0.5	0.033
1346	0.3	0.5	0.018
1347	0.3	0.5	0.007
1348	0.3	0.5	0.005
1349	0.3	0.5	0.015
1350	0.3	0.5	0.038
1351	0.3	0.5	0.104
1352	0.3	0.5	0.111
1353	0.3	0.5	0.111
1354	0.3	0.5	0.117
1355	0.3	0.5	0.111
1356	0.3	0.5	0.108
1357	0.3	0.5	0.100
1358	0.3	0.5	0.088
1359	0.3	0.5	0.080
1360	0.3	0.5	0.075
1361	0.3	0.5	0.078
1362	0.3	0.5	0.096
1363	0.4	0.5	0.107
1364	0.4	0.5	0.133
1365	0.4	0.5	0.137
1366	0.4	0.5	0.127
1367	0.4	0.5	0.077
1368	0.4	0.5	0.048
1369	0.5	0.5	0.033
1370	0.5	0.5	0.018
1371	0.5	0.5	0.007
1372	0.5	0.5	0.005
1373	0.5	0.5	0.015
1374	0.5	0.5	0.038
1375	0.5	0.5	0.104
1376	0.5	0.5	0.111
1377	0.5	0.5	0.111
1378	0.5	0.5	0.117
1379	0.4	0.5	0.111
1380	0.4	0.5	0.108
1381	0.4	0.5	0.100
1382	0.4	0.5	0.088
1383	0.4	0.5	0.080
1384	0.4	0.5	0.075
1385	0.4	0.5	0.078
1386	0.4	0.5	0.096
1387	0.5	0.5	0.107
1388	0.5	0.5	0.133
1389	0.5	0.5	0.137
1390	0.5	0.5	0.127
1391	0.5	0.5	0.077
1392	0.6	0.5	0.048
1393	0.6	0.5	0.033
1394	0.6	0.5	0.018
1395	0.6	0.5	0.007
1396	0.6	0.5	0.005
1397	0.6	0.5	0.015
1398	0.6	0.5	0.038
1399	0.6	0.5	0.104
1400	0.6	0.5	0.111
1401	0.6	0.5	0.111
1402	0.5	0.5	0.117
1403	0.5	0.5	0.111
1404	0.5	0.5	0.108
1405	0.4	0.5	0.100
1406	0.4	0.5	0.088
1407	0.4	0.5	0.080
1408	0.4	0.5	0.075
1409	0.4	0.5	0.078
1410	0.4	0.5	0.096
1411	0.4	0.5	0.107
1412	0.4	0.5	0.133
1413	0.4	0.5	0.137
1414	0.5	0.5	0.127
1415	0.5	0.5	0.077
1416	0.5	0.5	0.048
1417	0.2	0.5	0.033
1418	0.2	0.5	0.018
1419	0.2	0.5	0.007
1420	0.2	0.5	0.005
1421	0.2	0.5	0.015
1422	0.2	0.4	0.038
1423	0.2	0.4	0.104
1424	0.2	0.4	0.111
1425	0.2	0.4	0.111
1426	0.2	0.4	0.117
1427	0.1	0.4	0.111
1428	0.1	0.4	0.108
1429	0.1	0.4	0.100
1430	0.1	0.4	0.088
1431	0.1	0.4	0.080
1432	0.1	0.4	0.075
1433	0.1	0.4	0.078
1434	0.1	0.4	0.096
1435	0.1	0.4	0.107
1436	0.1	0.4	0.133
1437	0.1	0.4	0.137
1438	0.1	0.4	0.127
1439	0.1	0.4	0.077
1440	0.1	0.4	0.048
1441	0.1	0.4	0.033
1442	0.1	0.4	0.018
1443	0.2	0.4	0.007
1444	0.2	0.4	0.005
1445	0.2	0.4	0.015
1446	0.2	0.4	0.038
1447	0.2	0.4	0.104
1448	0.2	0.4	0.111
1449	0.2	0.4	0.111
1450	0.1	0.4	0.117
1451	0.1	0.4	0.111
1452	0.1	0.4	0.108
1453	0.1	0.4	0.100
1454	0.1	0.4	0.088
1455	0.1	0.4	0.080
1456	0.1	0.4	0.075
1457	0.1	0.4	0.078
1458	0.1	0.4	0.096
1459	0.1	0.4	0.107
1460	0.2	0.4	0.133
1461	0.2	0.4	0.137
1462	0.2	0.4	0.127
1463	0.2	0.4	0.077
1464	0.2	0.4	0.048
1465	0.2	0.4	0.033
1466	0.2	0.4	0.018
1467	0.2	0.4	0.007
1468	0.2	0.4	0.005
1469	0.2	0.4	0.015
1470	0.2	0.4	0.038
1471	0.2	0.4	0.104
1472	0.2	0.4	0.111
1473	0.2	0.4	0.111
1474	0.2	0.4	0.117
1475	0.2	0.4	0.111
1476	0.2	0.4	0.108
1477	0.2	0.4	0.100
1478	0.2	0.4	0.088
1479	0.2	0.4	0.080
1480	0.2	0.4	0.075
1481	0.2	0.4	0.078
1482	0.2	0.4	0.096
1483	0.2	0.4	0.107
1484	0.2	0.4	0.133
1485	0.2	0.4	0.137
1486	0.2	0.4	0.127
1487	0.2	0.4	0.077
1488	0.2	0.4	0.048
1489	0.2	0.4	0.033
1490	0.2	0.4	0.018
1491	0.2	0.4	0.007
1492	0.2	0.4	0.005
1493	0.2	0.4	0.015
1494	0.2	0.4	0.038
1495	0.2	0.4	0.104
1496	0.2	0.4	0.111
1497	0.2	0.4	0.111
1498	0.2	0.4	0.117
1499	0.1	0.4	0.111
1500	0.1	0.4	0.108
1501	0.1	0.4	0.100
1502	0.1	0.4	0.088
1503	0.1	0.4	0.080
1504	0.1	0.4	0.075
1505	0.1	0.4	0.078
1506	0.1	0.4	0.096
1507	0.2	0.4	0.107
1508	0.2	0.4	0.133
1509	0.2	0.4	0.137
1510	0.2	0.4	0.127
1511	0.2	0.4	0.077
1512	0.2	0.4	0.048
1513	0.2	0.4	0.033
1514	0.2	0.4	0.018
1515	0.2	0.4	0.007
1516	0.2	0.4	0.005
1517	0.2	0.4	0.015
1518	0.2	0.4	0.038
1519	0.2	0.4	0.104
1520	0.2	0.4	0.111
1521	0.2	0.4	0.111
1522	0.2	0.4	0.117
1523	0.1	0.4	0.111
1524	0.1	0.4	0.108
1525	0.1	0.4	0.100
1526	0.1	0.4	0.088
1527	0.1	0.4	0.080
1528	0.1	0.4	0.075
1529	0.1	0.4	0.078
1530	0.1	0.4	0.096
1531	0.1	0.4	0.107
1532	0.1	0.4	0.133
1533	0.1	0.4	0.137
1534	0.1	0.4	0.127
1535	0.1	0.4	0.077
1536	0.1	0.4	0.048
1537	0.1	0.4	0.033
1538	0.1	0.4	0.018
1539	0.1	0.4	0.007
1540	0.1	0.4	0.005
1541	0.1	0.4	0.015
1542	0.1	0.4	0.038
1543	0.1	0.4	0.104
1544	0.1	0.4	0.111
1545	0.1	0.4	0.111
1546	0.1	0.4	0.117
1547	0.1	0.4	0.111
1548	0.1	0.4	0.108
1549	0.1	0.4	0.100
1550	0.1	0.4	0.088
1551	0.1	0.4	0.080
1552	0.1	0.4	0.075
1553	0.1	0.4	0.078
1554	0.1	0.4	0.096
1555	0.1	0.4	0.107
1556	0.1	0.4	0.133
1557	0.1	0.4	0.137
1558	0.1	0.4	0.127
1559	0.1	0.4	0.077
1560	0.1	0.4	0.048
1561	0.1	0.4	0.033
1562	0.1	0.4	0.018
1563	0.1	0.4	0.007
1564	0.1	0.4	0.005
1565	0.1	0.4	0.015
1566	0.1	0.4	0.038
1567	0.1	0.4	0.104
1568	0.1	0.4	0.111
1569	0.1	0.4	0.111
1570	0.1	0.4	0.117
1571	0.1	0.4	0.111
1572	0.1	0.4	0.108
1573	0.1	0.4	0.100
1574	0.1	0.4	0.088
1575	0.1	0.4	0.080
1576	0.1	0.4	0.075
1577	0.1	0.4	0.078
1578	0.1	0.4	0.096
1579	0.1	0.4	0.107
1580	0.1	0.4	0.133
1581	0.1	0.4	0.137
1582	0.1	0.4	0.127
1583	0.1	0.4	0.077
1584	0.1	0.4	0.048
1585	0.1	0.4	0.033
1586	0.1	0.4	0.018
1587	0.1	0.4	0.007
1588	0.1	0.4	0.005
1589	0.1	0.4	0.015
1590	0.1	0.4	0.038
1591	0.1	0.4	0.104
1592	0.1	0.4	0.111
1593	0.1	0.4	0.111
1594	0.1	0.4	0.117
1595	0.1	0.4	0.111
1596	0.1	0.4	0.108
1597	0.1	0.4	0.100
1598	0.1	0.4	0.088
1599	0.1	0.4	0.080
1600	0.1	0.4	0.075
1601	0.1	0.4	0.078
1602	0.1	0.4	0.096
1603	0.1	0.4	0.107
1604	0.1	0.4	0.133
1605	0.1	0.4	0.137
1606	0.1	0.4	0.127
1607	0.2	0.4	0.077
1608	0.2	0.4	0.048
1609	0.2	0.4	0.033
1610	0.2	0.4	0.018
1611	0.2	0.4	0.007
1612	0.2	0.4	0.005
1613	0.2	0.4	0.015
1614	0.2	0.4	0.038
1615	0.2	0.4	0.104
1616	0.2	0.4	0.111
1617	0.2	0.4	0.111
1618	0.2	0.4	0.117
1619	0.1	0.4	0.111
1620	0.1	0.4	0.108
1621	0.1	0.4	0.100
1622	0.1	0.4	0.088
1623	0.1	0.4	0.080
1624	0.1	0.4	0.075
1625	0.1	0.4	0.078
1626	0.1	0.4	0.096
1627	0.1	0.4	0.107
1628	0.1	0.4	0.133
1629	0.1	0.4	0.137
1630	0.1	0.4	0.127
1631	0.1	0.4	0.077
1632	0.2	0.4	0.048
1633	0.2	0.4	0.033
1634	0.2	0.4	0.018
1635	0.2	0.4	0.007
1636	0.2	0.4	0.005
1637	0.2	0.4	0.015
1638	0.2	0.4	0.038
1639	0.2	0.4	0.104
1640	0.2	0.4	0.111
1641	0.2	0.4	0.111
1642	0.1	0.4	0.117
1643	0.1	0.4	0.111
1644	0.1	0.4	0.108
1645	0.1	0.4	0.100
1646	0.1	0.4	0.088
1647	0.1	0.4	0.080
1648	0.1	0.4	0.075
1649	0.1	0.4	0.078
1650	0.1	0.4	0.096
1651	0.1	0.4	0.107
1652	0.1	0.4	0.133
1653	0.1	0.4	0.137
1654	0.1	0.4	0.127
1655	0.1	0.4	0.077
1656	0.1	0.4	0.048
1657	0.1	0.4	0.033
1658	0.1	0.4	0.018
1659	0.1	0.4	0.007
1660	0.1	0.4	0.005
1661	0.1	0.4	0.015
1662	0.1	0.4	0.038
1663	0.1	0.4	0.104
1664	0.1	0.4	0.111
1665	0.1	0.4	0.111
1666	0.1	0.4	0.117
1667	0.1	0.4	0.111
1668	0.1	0.4	0.108
1669	0.1	0.4	0.100
1670	0.1	0.4	0.088
1671	0.1	0.4	0.080
1672	0.1	0.4	0.075
1673	0.1	0.4	0.078
1674	0.1	0.4	0.096
1675	0.1	0.4	0.107
1676	0.1	0.4	0.133
1677	0.1	0.4	0.137
1678	0.1	0.4	0.127
1679	0.1	0.4	0.077
1680	0.1	0.4	0.048
1681	0.1	0.4	0.033
1682	0.1	0.4	0.018
1683	0.1	0.4	0.007
1684	0.1	0.4	0.005
1685	0.1	0.4	0.015
1686	0.1	0.4	0.038
1687	0.1	0.4	0.104
1688	0.1	0.4	0.111
1689	0.1	0.4	0.111
1690	0.1	0.4	0.117
1691	0.1	0.4	0.111
1692	0.1	0.4	0.108
1693	0.1	0.4	0.100
1694	0.1	0.4	0.088
1695	0.1	0.4	0.080
1696	0.1	0.4	0.075
1697	0.1	0.4	0.078
1698	0.1	0.4	0.096
1699	0.1	0.4	0.107
1700	0.1	0.4	0.133
1701	0.1	0.4	0.137
1702	0.1	0.4	0.127
1703	0.1	0.4	0.077
1704	0.1	0.4	0.048
1705	0.1	0.4	0.033
1706	0.1	0.4	0.018
1707	0.1	0.4	0.007
1708	0.1	0.4	0.005
1709	0.1	0.4	0.015
1710	0.1	0.4	0.038
1711	0.1	0.4	0.104
1712	0.1	0.4	0.111
1713	0.1	0.4	0.111
1714	0.1	0.4	0.117
1715	0.1	0.4	0.111
1716	0.1	0.4	0.108
1717	0.1	0.4	0.100
1718	0.1	0.4	0.088
1719	0.0	0.4	0.080
1720	0.0	0.4	0.075
1721	0.1	0.4	0.078
1722	0.1	0.4	0.096
1723	0.1	0.4	0.107
1724	0.1	0.4	0.133
1725	0.1	0.4	0.137
1726	0.1	0.4	0.127
1727	0.1	0.4	0.077
1728	0.1	0.4	0.048
1729	0.1	0.4	0.033
1730	0.1	0.4	0.018
1731	0.1	0.4	0.007
1732	0.1	0.4	0.005
1733	0.1	0.4	0.015
1734	0.1	0.4	0.038
1735	0.1	0.4	0.104
1736	0.1	0.4	0.111
1737	0.1	0.4	0.111
1738	0.1	0.4	0.117
1739	0.1	0.4	0.111
1740	0.1	0.4	0.108
1741	0.1	0.4	0.100
1742	0.1	0.4	0.088
1743	0.1	0.4	0.080
1744	0.1	0.4	0.075
1745	0.1	0.4	0.078
1746	0.1	0.4	0.096
1747	0.1	0.4	0.107
1748	0.1	0.4	0.133
1749	0.1	0.4	0.137
1750	0.1	0.4	0.127
1751	0.1	0.4	0.077
1752	0.1	0.4	0.048
1753	0.1	0.4	0.033
1754	0.1	0.4	0.018
1755	0.1	0.4	0.007
1756	0.1	0.4	0.005
1757	0.1	0.4	0.015
1758	0.1	0.4	0.038
1759	0.1	0.4	0.104
1760	0.1	0.4	0.111
1761	0.1	0.4	0.111
1762	0.1	0.4	0.117
1763	0.1	0.4	0.111
1764	0.1	0.4	0.108
1765	0.1	0.4	0.100
1766	0.1	0.4	0.088
1767	0.1	0.4	0.080
1768	0.1	0.4	0.075
1769	0.1	0.4	0.078
1770	0.1	0.4	0.096
1771	0.1	0.4	0.107
1772	0.1	0.4	0.133
1773	0.1	0.4	0.137
1774	0.1	0.4	0.127
1775	0.1	0.4	0.077
1776	0.1	0.4	0.048
1777	0.1	0.4	0.033
1778	0.1	0.4	0.018
1779	0.1	0.4	0.007
1780	0.1	0.4	0.005
1781	0.1	0.4	0.015
1782	0.1	0.4	0.038
1783	0.1	0.4	0.104
1784	0.1	0.4	0.111
1785	0.1	0.4	0.111
1786	0.1	0.4	0.117
1787	0.1	0.4	0.111
1788	0.1	0.4	0.108
1789	0.1	0.4	0.100
1790	0.1	0.4	0.088
1791	0.1	0.4	0.080
1792	0.1	0.4	0.075
1793	0.1	0.4	0.078
1794	0.1	0.4	0.096
1795	0.1	0.4	0.107
1796	0.1	0.4	0.133
1797	0.1	0.4	0.137
1798	0.1	0.4	0.127
1799	0.1	0.4	0.077
1800	0.1	0.4	0.048
1801	0.1	0.4	0.033
1802	0.1	0.4	0.018
1803	0.1	0.4	0.007
1804	0.1	0.4	0.005
1805	0.1	0.4	0.015
1806	0.1	0.4	0.038
1807	0.1	0.4	0.104
1808	0.1	0.4	0.111
1809	0.1	0.4	0.111
1810	0.1	0.4	0.117
1811	0.1	0.4	0.111
1812	0.1	0.4	0.108
1813	0.1	0.4	0.100
1814	0.1	0.4	0.088
1815	0.1	0.4	0.080
1816	0.1	0.4	0.075
1817	0.1	0.4	0.078
1818	0.1	0.4	0.096
1819	0.1	0.4	0.107
1820	0.1	0.4	0.133
1821	0.1	0.4	0.137
1822	0.1	0.4	0.127
1823	0.1	0.4	0.077
1824	0.1	0.4	0.048
1825	0.1	0.4	0.033
1826	0.1	0.4	0.018
1827	0.1	0.4	0.007
1828	0.1	0.4	0.005
1829	0.1	0.4	0.015
1830	0.1	0.4	0.038
1831	0.1	0.4	0.104
1832	0.1	0.4	0.111
1833	0.1	0.4	0.111
1834	0.1	0.4	0.117
1835	0.1	0.4	0.111
1836	0.1	0.4	0.108
1837	0.0	0.4	0.100
1838	0.0	0.4	0.088
1839	0.0	0.4	0.080
1840	0.0	0.4	0.075
1841	0.0	0.4	0.078
1842	0.0	0.4	0.096
1843	0.1	0.4	0.107
1844	0.1	0.4	0.133
1845	0.1	0.4	0.137
1846	0.1	0.4	0.127
1847	0.1	0.4	0.077
1848	0.1	0.4	0.048
1849	0.1	0.4	0.033
1850	0.1	0.4	0.018
1851	0.1	0.4	0.007
1852	0.1	0.4	0.005
1853	0.1	0.4	0.015
1854	0.1	0.4	0.038
1855	0.1	0.4	0.104
1856	0.1	0.4	0.111
1857	0.1	0.4	0.111
1858	0.1	0.4	0.117
1859	0.1	0.4	0.111
1860	0.1	0.4	0.108
1861	0.1	0.4	0.100
1862	0.1	0.4	0.088
1863	0.1	0.4	0.080
1864	0.1	0.4	0.075
1865	0.1	0.4	0.078
1866	0.1	0.4	0.096
1867	0.1	0.4	0.107
1868	0.1	0.4	0.133
1869	0.1	0.4	0.137
1870	0.1	0.4	0.127
1871	0.1	0.4	0.077
1872	0.1	0.4	0.048
1873	0.1	0.4	0.033
1874	0.1	0.4	0.018
1875	0.1	0.4	0.007
1876	0.1	0.4	0.005
1877	0.1	0.4	0.015
1878	0.1	0.4	0.038
1879	0.1	0.4	0.104
1880	0.1	0.4	0.111
1881	0.1	0.4	0.111
1882	0.1	0.4	0.117
1883	0.1	0.4	0.111
1884	0.1	0.4	0.108
1885	0.1	0.4	0.100
1886	0.1	0.4	0.088
1887	0.1	0.4	0.080
1888	0.1	0.4	0.075
1889	0.1	0.4	0.078
1890	0.1	0.4	0.096
1891	0.1	0.4	0.107
1892	0.1	0.4	0.133
1893	0.1	0.4	0.137
1894	0.1	0.4	0.127
1895	0.1	0.4	0.077
1896	0.1	0.4	0.048
1897	0.1	0.4	0.033
1898	0.1	0.4	0.018
1899	0.1	0.4	0.007
1900	0.1	0.4	0.005
1901	0.1	0.4	0.015
1902	0.1	0.4	0.038
1903	0.1	0.4	0.104
1904	0.1	0.4	0.111
1905	0.1	0.4	0.111
1906	0.1	0.4	0.117
1907	0.1	0.4	0.111
1908	0.1	0.4	0.108
1909	0.1	0.4	0.100
1910	0.1	0.4	0.088
1911	0.1	0.4	0.080
1912	0.1	0.4	0.075
1913	0.1	0.4	0.078
1914	0.1	0.4	0.096
1915	0.1	0.4	0.107
1916	0.1	0.4	0.133
1917	0.1	0.4	0.137
1918	0.1	0.4	0.127
1919	0.1	0.4	0.077
1920	0.1	0.4	0.048
1921	0.1	0.4	0.033
1922	0.1	0.4	0.018
1923	0.1	0.4	0.007
1924	0.1	0.4	0.005
1925	0.1	0.4	0.015
1926	0.1	0.4	0.038
1927	0.1	0.4	0.104
1928	0.1	0.4	0.111
1929	0.1	0.4	0.111
1930	0.1	0.4	0.117
1931	0.1	0.4	0.111
1932	0.1	0.4	0.108
1933	0.1	0.4	0.100
1934	0.1	0.4	0.088
1935	0.1	0.4	0.080
1936	0.1	0.4	0.075
1937	0.1	0.4	0.078
1938	0.1	0.4	0.096
1939	0.1	0.4	0.107
1940	0.1	0.4	0.133
1941	0.1	0.4	0.137
1942	0.1	0.4	0.127
1943	0.2	0.4	0.077
1944	0.2	0.4	0.048
1945	0.2	0.4	0.033
1946	0.2	0.4	0.018
1947	0.2	0.4	0.007
1948	0.2	0.4	0.005
1949	0.2	0.4	0.015
1950	0.2	0.4	0.038
1951	0.2	0.4	0.104
1952	0.2	0.4	0.111
1953	0.2	0.4	0.111
1954	0.1	0.4	0.117
1955	0.1	0.4	0.111
1956	0.1	0.4	0.108
1957	0.1	0.4	0.100
1958	0.1	0.4	0.088
1959	0.1	0.4	0.080
1960	0.1	0.4	0.075
1961	0.1	0.4	0.078
1962	0.1	0.4	0.096
1963	0.1	0.4	0.107
1964	0.1	0.4	0.133
1965	0.1	0.4	0.137
1966	0.1	0.4	0.127
1967	0.1	0.4	0.077
1968	0.1	0.4	0.048
1969	0.1	0.4	0.033
1970	0.1	0.4	0.018
1971	0.2	0.4	0.007
1972	0.2	0.4	0.005
1973	0.2	0.4	0.015
1974	0.2	0.4	0.038
1975	0.2	0.4	0.104
1976	0.2	0.4	0.111
1977	0.2	0.4	0.111
1978	0.1	0.4	0.117
1979	0.1	0.4	0.111
1980	0.1	0.4	0.108
1981	0.1	0.4	0.100
1982	0.1	0.4	0.088
1983	0.1	0.4	0.080
1984	0.1	0.4	0.075
1985	0.1	0.4	0.078
1986	0.1	0.4	0.096
1987	0.1	0.4	0.107
1988	0.1	0.4	0.133
1989	0.2	0.4	0.137
1990	0.2	0.4	0.127
1991	0.2	0.4	0.077
1992	0.2	0.4	0.048
1993	0.2	0.4	0.033
1994	0.2	0.4	0.018
1995	0.2	0.4	0.007
1996	0.2	0.4	0.005
1997	0.2	0.4	0.015
1998	0.2	0.4	0.038
1999	0.2	0.4	0.104
2000	0.2	0.4	0.111
2001	0.2	0.4	0.111
2002	0.2	0.4	0.117
2003	0.1	0.4	0.111
2004	0.1	0.4	0.108
2005	0.1	0.4	0.100
2006	0.1	0.4	0.088
2007	0.1	0.4	0.080
2008	0.1	0.4	0.075
2009	0.1	0.4	0.078
2010	0.1	0.4	0.096
2011	0.1	0.4	0.107
2012	0.1	0.4	0.133
2013	0.1	0.4	0.137
2014	0.1	0.4	0.127
2015	0.1	0.4	0.077
2016	0.1	0.4	0.048
2017	0.1	0.4	0.033
2018	0.1	0.4	0.018
2019	0.1	0.4	0.007
2020	0.1	0.4	0.005
2021	0.1	0.4	0.015
2022	0.1	0.4	0.038
2023	0.1	0.4	0.104
2024	0.1	0.4	0.111
2025	0.1	0.4	0.111
2026	0.1	0.4	0.117
2027	0.1	0.4	0.111
2028	0.1	0.4	0.108
2029	0.1	0.4	0.100
2030	0.1	0.4	0.088
2031	0.1	0.4	0.080
2032	0.1	0.4	0.075
2033	0.1	0.4	0.078
2034	0.1	0.4	0.096
2035	0.1	0.4	0.107
2036	0.1	0.4	0.133
2037	0.1	0.4	0.137
2038	0.1	0.4	0.127
2039	0.1	0.4	0.077
2040	0.1	0.4	0.048
2041	0.1	0.4	0.033
2042	0.1	0.4	0.018
2043	0.1	0.4	0.007
2044	0.1	0.4	0.005
2045	0.1	0.4	0.015
2046	0.1	0.4	0.038
2047	0.1	0.4	0.104
2048	0.1	0.4	0.111
2049	0.1	0.4	0.111
2050	0.1	0.4	0.117
2051	0.1	0.4	0.111
2052	0.1	0.4	0.108
2053	0.1	0.4	0.100
2054	0.1	0.4	0.088
2055	0.1	0.4	0.080
2056	0.1	0.4	0.075
2057	0.1	0.4	0.078
2058	0.1	0.4	0.096
2059	0.1	0.4	0.107
2060	0.1	0.4	0.133
2061	0.1	0.4	0.137
2062	0.1	0.4	0.127
2063	0.1	0.4	0.077
2064	0.1	0.4	0.048
2065	0.1	0.4	0.033
2066	0.1	0.4	0.018
2067	0.1	0.4	0.007
2068	0.1	0.4	0.005
2069	0.1	0.4	0.015
2070	0.1	0.4	0.038
2071	0.1	0.4	0.104
2072	0.1	0.4	0.111
2073	0.1	0.4	0.111
2074	0.1	0.4	0.117
2075	0.1	0.4	0.111
2076	0.1	0.4	0.108
2077	0.1	0.4	0.100
2078	0.0	0.4	0.088
2079	0.0	0.4	0.080
2080	0.1	0.4	0.075
2081	0.1	0.4	0.078
2082	0.1	0.4	0.096
2083	0.1	0.4	0.107
2084	0.1	0.4	0.133
2085	0.1	0.4	0.137
2086	0.1	0.4	0.127
2087	0.1	0.4	0.077
2088	0.1	0.4	0.048
2089	0.1	0.4	0.033
2090	0.1	0.4	0.018
2091	0.1	0.4	0.007
2092	0.1	0.4	0.005
2093	0.1	0.4	0.015
2094	0.1	0.4	0.038
2095	0.1	0.4	0.104
2096	0.1	0.4	0.111
2097	0.1	0.4	0.111
2098	0.1	0.4	0.117
2099	0.1	0.4	0.111
2100	0.1	0.4	0.108
2101	0.1	0.4	0.100
2102	0.0	0.4	0.088
2103	0.0	0.4	0.080
2104	0.0	0.4	0.075
2105	0.1	0.4	0.078
2106	0.1	0.4	0.096
2107	0.1	0.4	0.107
2108	0.1	0.4	0.133
2109	0.1	0.4	0.137
2110	0.1	0.4	0.127
2111	0.1	0.4	0.077
2112	0.1	0.4	0.048
2113	0.1	0.4	0.033
2114	0.1	0.4	0.018
2115	0.1	0.4	0.007
2116	0.1	0.4	0.005
2117	0.1	0.4	0.015
2118	0.1	0.4	0.038
2119	0.1	0.4	0.104
2120	0.1	0.4	0.111
2121	0.1	0.4	0.111
2122	0.1	0.4	0.117
2123	0.1	0.4	0.111
2124	0.1	0.4	0.108
2125	0.1	0.4	0.100
2126	0.1	0.4	0.088
2127	0.0	0.4	0.080
2128	0.0	0.4	0.075
2129	0.0	0.4	0.078
2130	0.1	0.4	0.096
2131	0.1	0.4	0.107
2132	0.1	0.4	0.133
2133	0.1	0.4	0.137
2134	0.1	0.4	0.127
2135	0.1	0.4	0.077
2136	0.1	0.4	0.048
2137	0.1	0.4	0.033
2138	0.1	0.3	0.018
2139	0.1	0.3	0.007
2140	0.1	0.3	0.005
2141	0.1	0.3	0.015
2142	0.1	0.3	0.038
2143	0.1	0.3	0.104
2144	0.1	0.3	0.111
2145	0.1	0.3	0.111
2146	0.1	0.3	0.117
2147	0.1	0.3	0.111
2148	0.1	0.3	0.108
2149	0.0	0.3	0.100
2150	0.0	0.3	0.088
2151	0.0	0.3	0.080
2152	0.0	0.3	0.075
2153	0.0	0.3	0.078
2154	0.0	0.3	0.096
2155	0.1	0.3	0.107
2156	0.1	0.3	0.133
2157	0.1	0.3	0.137
2158	0.1	0.3	0.127
2159	0.1	0.3	0.077
2160	0.1	0.3	0.048
2161	0.0	0.3	0.033
2162	0.0	0.3	0.018
2163	0.0	0.3	0.007
2164	0.0	0.3	0.005
2165	0.0	0.3	0.015
2166	0.0	0.3	0.038
2167	0.0	0.3	0.104
2168	0.0	0.3	0.111
2169	0.0	0.3	0.111
2170	0.0	0.3	0.117
2171	0.0	0.3	0.111
2172	0.0	0.3	0.108
2173	0.0	0.3	0.100
2174	0.0	0.3	0.088
2175	0.0	0.3	0.080
2176	0.0	0.3	0.075
2177	0.0	0.3	0.078
2178	0.0	0.3	0.096
2179	0.0	0.3	0.107
2180	0.0	0.3	0.133
2181	0.0	0.3	0.137
2182	0.0	0.3	0.127
2183	0.0	0.3	0.077
2184	0.0	0.3	0.048
2185	0.0	0.3	0.033
2186	0.0	0.3	0.018
2187	0.0	0.3	0.007
2188	0.0	0.3	0.005
2189	0.0	0.3	0.015
2190	0.0	0.3	0.038
2191	0.0	0.3	0.104
2192	0.0	0.3	0.111
2193	0.0	0.3	0.111
2194	0.0	0.3	0.117
2195	0.0	0.3	0.111
2196	0.0	0.3	0.108
2197	0.0	0.3	0.100
2198	0.0	0.3	0.088
2199	0.0	0.3	0.080
2200	0.0	0.3	0.075
2201	0.0	0.3	0.078
2202	0.0	0.3	0.096
2203	0.0	0.3	0.107
2204	0.0	0.3	0.133
2205	0.0	0.3	0.137
2206	0.0	0.3	0.127
2207	0.0	0.3	0.077
2208	0.0	0.3	0.048
2209	0.0	0.3	0.033
2210	0.0	0.3	0.018
2211	0.0	0.3	0.007
2212	0.0	0.3	0.005
2213	0.0	0.3	0.015
2214	0.0	0.3	0.038
2215	0.0	0.3	0.104
2216	0.0	0.3	0.111
2217	0.0	0.3	0.111
2218	0.0	0.3	0.117
2219	0.0	0.3	0.111
2220	0.0	0.3	0.108
2221	0.0	0.3	0.100
2222	0.0	0.3	0.088
2223	0.0	0.3	0.080
2224	0.0	0.3	0.075
2225	0.0	0.3	0.078
2226	0.0	0.3	0.096
2227	0.0	0.3	0.107
2228	0.0	0.3	0.133
2229	0.0	0.3	0.137
2230	0.0	0.3	0.127
2231	0.0	0.3	0.077
2232	0.0	0.3	0.048
2233	0.0	0.3	0.033
2234	0.0	0.3	0.018
2235	0.0	0.3	0.007
2236	0.0	0.3	0.005
2237	0.0	0.3	0.015
2238	0.0	0.3	0.038
2239	0.0	0.3	0.104
2240	0.0	0.3	0.111
2241	0.0	0.3	0.111
2242	0.0	0.3	0.117
2243	0.0	0.3	0.111
2244	0.0	0.3	0.108
2245	0.0	0.3	0.100
2246	0.0	0.3	0.088
2247	0.0	0.3	0.080
2248	0.0	0.3	0.075
2249	0.0	0.3	0.078
2250	0.0	0.3	0.096
2251	0.0	0.3	0.107
2252	0.0	0.3	0.133
2253	0.0	0.3	0.137
2254	0.0	0.3	0.127
2255	0.0	0.3	0.077
2256	0.0	0.3	0.048
2257	0.0	0.3	0.033
2258	0.0	0.3	0.018
2259	0.0	0.3	0.007
2260	0.0	0.3	0.005
2261	0.0	0.3	0.015
2262	0.0	0.3	0.038
2263	0.0	0.3	0.104
2264	0.0	0.3	0.111
2265	0.0	0.3	0.111
2266	0.0	0.3	0.117
2267	0.0	0.3	0.111
2268	0.0	0.3	0.108
2269	0.0	0.3	0.100
2270	0.0	0.3	0.088
2271	0.0	0.3	0.080
2272	0.0	0.3	0.075
2273	0.0	0.3	0.078
2274	0.0	0.3	0.096
2275	0.0	0.3	0.107
2276	0.0	0.3	0.133
2277	0.0	0.3	0.137
2278	0.0	0.3	0.127
2279	0.0	0.3	0.077
2280	0.0	0.3	0.048
2281	0.0	0.3	0.033
2282	0.0	0.3	0.018
2283	0.0	0.3	0.007
2284	0.0	0.3	0.005
2285	0.0	0.3	0.015
2286	0.0	0.3	0.038
2287	0.0	0.3	0.104
2288	0.0	0.3	0.111
2289	0.0	0.3	0.111
2290	0.0	0.3	0.117
2291	0.0	0.3	0.111
2292	0.0	0.3	0.108
2293	0.0	0.3	0.100
2294	0.0	0.3	0.088
2295	0.0	0.3	0.080
2296	0.0	0.3	0.075
2297	0.0	0.3	0.078
2298	0.0	0.3	0.096
2299	0.0	0.3	0.107
2300	0.0	0.3	0.133
2301	0.0	0.3	0.137
2302	0.0	0.3	0.127
2303	0.0	0.3	0.077
2304	0.0	0.3	0.048
2305	0.0	0.3	0.033
2306	0.0	0.3	0.018
2307	0.0	0.3	0.007
2308	0.0	0.3	0.005
2309	0.0	0.3	0.015
2310	0.0	0.3	0.038
2311	0.0	0.3	0.104
2312	0.0	0.3	0.111
2313	0.0	0.3	0.111
2314	0.0	0.3	0.117
2315	0.0	0.3	0.111
2316	0.0	0.3	0.108
2317	0.0	0.3	0.100
2318	0.0	0.3	0.088
2319	0.0	0.3	0.080
2320	0.0	0.3	0.075
2321	0.0	0.3	0.078
2322	0.0	0.3	0.096
2323	0.0	0.3	0.107
2324	0.0	0.3	0.133
2325	0.0	0.3	0.137
2326	0.0	0.3	0.127
2327	0.0	0.3	0.077
2328	0.0	0.3	0.048
2329	0.0	0.3	0.033
2330	0.0	0.3	0.018
2331	0.0	0.3	0.007
2332	0.0	0.3	0.005
2333	0.0	0.3	0.015
2334	0.0	0.3	0.038
2335	0.0	0.3	0.104
2336	0.0	0.3	0.111
2337	0.0	0.3	0.111
2338	0.0	0.3	0.117
2339	0.0	0.3	0.111
2340	0.0	0.3	0.108
2341	0.0	0.3	0.100
2342	0.0	0.3	0.088
2343	0.0	0.3	0.080
2344	0.0	0.3	0.075
2345	0.0	0.3	0.078
2346	0.0	0.3	0.096
2347	0.0	0.3	0.107
2348	0.0	0.3	0.133
2349	0.0	0.3	0.137
2350	0.0	0.3	0.127
2351	0.0	0.3	0.077
2352	0.0	0.3	0.048
2353	0.0	0.3	0.033
2354	0.0	0.3	0.018
2355	0.0	0.3	0.007
2356	0.0	0.3	0.005
2357	0.0	0.3	0.015
2358	0.0	0.3	0.038
2359	0.0	0.3	0.104
2360	0.0	0.3	0.111
2361	0.0	0.3	0.111
2362	0.0	0.3	0.117
2363	0.0	0.3	0.111
2364	0.0	0.3	0.108
2365	0.0	0.3	0.100
2366	0.0	0.3	0.088
2367	0.0	0.3	0.080
2368	0.0	0.3	0.075
2369	0.0	0.3	0.078
2370	0.0	0.3	0.096
2371	0.0	0.3	0.107
2372	0.0	0.3	0.133
2373	0.0	0.3	0.137
2374	0.0	0.3	0.127
2375	0.0	0.3	0.077
2376	0.0	0.3	0.048
2377	0.0	0.3	0.033
2378	0.0	0.3	0.018
2379	0.0	0.3	0.007
2380	0.0	0.3	0.005
2381	0.0	0.3	0.015
2382	0.0	0.3	0.038
2383	0.0	0.3	0.104
2384	0.0	0.3	0.111
2385	0.0	0.3	0.111
2386	0.0	0.3	0.117
2387	0.0	0.3	0.111
2388	0.0	0.3	0.108
2389	0.0	0.3	0.100
2390	0.0	0.3	0.088
2391	0.0	0.3	0.080
2392	0.0	0.3	0.075
2393	0.0	0.3	0.078
2394	0.0	0.3	0.096
2395	0.0	0.3	0.107
2396	0.0	0.3	0.133
2397	0.0	0.3	0.137
2398	0.0	0.3	0.127
2399	0.0	0.3	0.077
2400	0.0	0.3	0.048
2401	0.0	0.3	0.033
2402	0.0	0.3	0.018
2403	0.0	0.3	0.007
2404	0.0	0.3	0.005
2405	0.0	0.3	0.015
2406	0.0	0.3	0.038
2407	0.0	0.3	0.104
2408	0.0	0.3	0.111
2409	0.0	0.3	0.111
2410	0.0	0.3	0.117
2411	0.0	0.3	0.111
2412	0.0	0.3	0.108
2413	0.0	0.3	0.100
2414	0.0	0.3	0.088
2415	0.0	0.3	0.080
2416	0.0	0.3	0.075
2417	0.0	0.3	0.078
2418	0.0	0.3	0.096
2419	0.0	0.3	0.107
2420	0.0	0.3	0.133
2421	0.0	0.3	0.137
2422	0.0	0.3	0.127
2423	0.0	0.3	0.077
2424	0.0	0.3	0.048
2425	0.0	0.3	0.033
2426	0.0	0.3	0.018
2427	0.0	0.3	0.007
2428	0.0	0.3	0.005
2429	0.0	0.3	0.015
2430	0.0	0.3	0.038
2431	0.0	0.3	0.104
2432	0.0	0.3	0.111
2433	0.0	0.3	0.111
2434	0.0	0.3	0.117
2435	0.0	0.3	0.111
2436	0.0	0.3	0.108
2437	0.0	0.3	0.100
2438	0.0	0.3	0.088
2439	0.0	0.3	0.080
2440	0.0	0.3	0.075
2441	0.0	0.3	0.078
2442	0.0	0.3	0.096
2443	0.0	0.3	0.107
2444	0.0	0.3	0.133
2445	0.0	0.3	0.137
2446	0.0	0.3	0.127
2447	0.0	0.3	0.077
2448	0.0	0.3	0.048
2449	0.0	0.3	0.033
2450	0.0	0.3	0.018
2451	0.0	0.3	0.007
2452	0.0	0.3	0.005
2453	0.0	0.3	0.015
2454	0.0	0.3	0.038
2455	0.0	0.3	0.104
2456	0.0	0.3	0.111
2457	0.0	0.3	0.111
2458	0.0	0.3	0.117
2459	0.0	0.3	0.111
2460	0.0	0.3	0.108
2461	0.0	0.3	0.100
2462	0.0	0.3	0.088
2463	0.0	0.3	0.080
2464	0.0	0.3	0.075
2465	0.0	0.3	0.078
2466	0.0	0.3	0.096
2467	0.0	0.3	0.107
2468	0.0	0.3	0.133
2469	0.0	0.3	0.137
2470	0.0	0.3	0.127
2471	0.0	0.3	0.077
2472	0.0	0.3	0.048
2473	0.0	0.3	0.033
2474	0.0	0.3	0.018
2475	0.0	0.3	0.007
2476	0.0	0.3	0.005
2477	0.0	0.3	0.015
2478	0.0	0.3	0.038
2479	0.0	0.3	0.104
2480	0.0	0.3	0.111
2481	0.0	0.3	0.111
2482	0.0	0.3	0.117
2483	0.0	0.3	0.111
2484	0.0	0.3	0.108
2485	0.0	0.3	0.100
2486	0.0	0.3	0.088
2487	0.0	0.3	0.080
2488	0.0	0.3	0.075
2489	0.0	0.3	0.078
2490	0.0	0.3	0.096
2491	0.0	0.3	0.107
2492	0.0	0.3	0.133
2493	0.0	0.3	0.137
2494	0.0	0.3	0.127
2495	0.0	0.3	0.077
2496	0.0	0.3	0.048
2497	0.0	0.3	0.033
2498	0.0	0.3	0.018
2499	0.0	0.3	0.007
2500	0.0	0.3	0.005
2501	0.0	0.3	0.015
2502	0.0	0.3	0.038
2503	0.0	0.3	0.104
2504	0.0	0.3	0.111
2505	0.0	0.3	0.111
2506	0.0	0.3	0.117
2507	0.0	0.3	0.111
2508	0.0	0.3	0.108
2509	0.0	0.3	0.100
2510	0.0	0.3	0.088
2511	0.0	0.3	0.080
2512	0.0	0.3	0.075
2513	0.0	0.3	0.078
2514	0.0	0.3	0.096
2515	0.0	0.3	0.107
2516	0.0	0.3	0.133
2517	0.0	0.3	0.137
2518	0.0	0.3	0.127
2519	0.0	0.3	0.077
2520	0.0	0.3	0.048
2521	0.0	0.3	0.033
2522	0.0	0.3	0.018
2523	0.0	0.3	0.007
2524	0.0	0.3	0.005
2525	0.0	0.3	0.015
2526	0.0	0.3	0.038
2527	0.0	0.3	0.104
2528	0.0	0.3	0.111
2529	0.0	0.3	0.111
2530	0.0	0.3	0.117
2531	0.0	0.3	0.111
2532	0.0	0.3	0.108
2533	0.0	0.3	0.100
2534	0.0	0.3	0.088
2535	0.0	0.3	0.080
2536	0.0	0.3	0.075
2537	0.0	0.3	0.078
2538	0.0	0.3	0.096
2539	0.0	0.3	0.107
2540	0.0	0.3	0.133
2541	0.0	0.3	0.137
2542	0.0	0.3	0.127
2543	0.0	0.3	0.077
2544	0.0	0.3	0.048
2545	0.0	0.3	0.033
2546	0.0	0.3	0.018
2547	0.0	0.3	0.007
2548	0.0	0.3	0.005
2549	0.0	0.3	0.015
2550	0.0	0.3	0.038
2551	0.0	0.3	0.104
2552	0.0	0.3	0.111
2553	0.0	0.3	0.111
2554	0.0	0.3	0.117
2555	0.0	0.3	0.111
2556	0.0	0.3	0.108
2557	0.0	0.3	0.100
2558	0.0	0.3	0.088
2559	0.0	0.3	0.080
2560	0.0	0.3	0.075
2561	0.0	0.3	0.078
2562	0.0	0.3	0.096
2563	0.0	0.3	0.107
2564	0.0	0.3	0.133
2565	0.0	0.3	0.137
2566	0.0	0.3	0.127
2567	0.0	0.3	0.077
2568	0.0	0.3	0.048
2569	0.0	0.3	0.033
2570	0.0	0.3	0.018
2571	0.0	0.3	0.007
2572	0.0	0.3	0.005
2573	0.0	0.3	0.015
2574	0.0	0.3	0.038
2575	0.0	0.3	0.104
2576	0.0	0.3	0.111
2577	0.0	0.3	0.111
2578	0.0	0.3	0.117
2579	0.0	0.3	0.111
2580	0.0	0.3	0.108
2581	0.0	0.3	0.100
2582	0.0	0.3	0.088
2583	0.0	0.3	0.080
2584	0.0	0.3	0.075
2585	0.0	0.3	0.078
2586	0.0	0.3	0.096
2587	0.0	0.3	0.107
2588	0.0	0.3	0.133
2589	0.0	0.3	0.137
2590	0.0	0.3	0.127
2591	0.0	0.3	0.077
2592	0.0	0.3	0.048
2593	0.0	0.3	0.033
2594	0.0	0.3	0.018
2595	0.0	0.3	0.007
2596	0.0	0.3	0.005
2597	0.0	0.3	0.015
2598	0.0	0.3	0.038
2599	0.0	0.3	0.104
2600	0.0	0.3	0.111
2601	0.0	0.3	0.111
2602	0.0	0.3	0.117
2603	0.0	0.3	0.111
2604	0.0	0.3	0.108
2605	0.0	0.3	0.100
2606	0.0	0.3	0.088
2607	0.0	0.3	0.080
2608	0.0	0.3	0.075
2609	0.0	0.3	0.078
2610	0.0	0.3	0.096
2611	0.0	0.3	0.107
2612	0.0	0.3	0.133
2613	0.0	0.3	0.137
2614	0.0	0.3	0.127
2615	0.0	0.3	0.077
2616	0.0	0.3	0.048
2617	0.0	0.3	0.033
2618	0.0	0.3	0.018
2619	0.0	0.3	0.007
2620	0.0	0.3	0.005
2621	0.0	0.3	0.015
2622	0.0	0.3	0.038
2623	0.0	0.3	0.104
2624	0.0	0.3	0.111
2625	0.0	0.3	0.111
2626	0.0	0.3	0.117
2627	0.0	0.3	0.111
2628	0.0	0.3	0.108
2629	0.0	0.2	0.100
2630	0.0	0.2	0.088
2631	0.0	0.2	0.080
2632	0.0	0.2	0.075
2633	0.0	0.2	0.078
2634	0.0	0.2	0.096
2635	0.0	0.2	0.107
2636	0.0	0.2	0.133
2637	0.0	0.2	0.137
2638	0.0	0.2	0.127
2639	0.0	0.2	0.077
2640	0.0	0.2	0.048
2641	0.0	0.2	0.033
2642	0.0	0.2	0.018
2643	0.0	0.2	0.007
2644	0.0	0.2	0.005
2645	0.0	0.2	0.015
2646	0.0	0.2	0.038
2647	0.0	0.2	0.104
2648	0.0	0.2	0.111
2649	0.0	0.2	0.111
2650	0.0	0.2	0.117
2651	0.0	0.2	0.111
2652	0.0	0.2	0.108
2653	0.0	0.2	0.100
2654	0.0	0.2	0.088
2655	0.0	0.2	0.080
2656	0.0	0.2	0.075
2657	0.0	0.2	0.078
2658	0.0	0.2	0.096
2659	0.0	0.2	0.107
2660	0.0	0.2	0.133
2661	0.0	0.2	0.137
2662	0.0	0.2	0.127
2663	0.0	0.2	0.077
2664	0.0	0.2	0.048
2665	0.0	0.2	0.033
2666	0.0	0.2	0.018
2667	0.0	0.2	0.007
2668	0.0	0.2	0.005
2669	0.0	0.2	0.015
2670	0.0	0.2	0.038
2671	0.0	0.2	0.104
2672	0.0	0.2	0.111
2673	0.0	0.2	0.111
2674	0.0	0.2	0.117
2675	0.0	0.2	0.111
2676	0.0	0.2	0.108
2677	0.0	0.2	0.100
2678	0.0	0.2	0.088
2679	0.0	0.2	0.080
2680	0.0	0.2	0.075
2681	0.0	0.2	0.078
2682	0.0	0.2	0.096
2683	0.0	0.2	0.107
2684	0.0	0.2	0.133
2685	0.0	0.2	0.137
2686	0.0	0.2	0.127
2687	0.0	0.2	0.077
2688	0.0	0.2	0.048
2689	0.0	0.2	0.033
2690	0.0	0.2	0.018
2691	0.0	0.2	0.007
2692	0.0	0.2	0.005
2693	0.0	0.2	0.015
2694	0.0	0.2	0.038
2695	0.0	0.2	0.104
2696	0.0	0.2	0.111
2697	0.0	0.2	0.111
2698	0.0	0.2	0.117
2699	0.0	0.2	0.111
2700	0.0	0.2	0.108
2701	0.0	0.2	0.100
2702	0.0	0.2	0.088
2703	0.0	0.2	0.080
2704	0.0	0.2	0.075
2705	0.0	0.2	0.078
2706	0.0	0.2	0.096
2707	0.0	0.2	0.107
2708	0.0	0.2	0.133
2709	0.0	0.2	0.137
2710	0.0	0.2	0.127
2711	0.0	0.2	0.077
2712	0.0	0.2	0.048
2713	0.0	0.2	0.033
2714	0.0	0.2	0.018
2715	0.0	0.2	0.007
2716	0.0	0.2	0.005
2717	0.0	0.2	0.015
2718	0.0	0.2	0.038
2719	0.0	0.2	0.104
2720	0.0	0.2	0.111
2721	0.0	0.2	0.111
2722	0.0	0.2	0.117
2723	0.0	0.2	0.111
2724	0.0	0.2	0.108
2725	0.0	0.2	0.100
2726	0.0	0.2	0.088
2727	0.0	0.2	0.080
2728	0.0	0.2	0.075
2729	0.0	0.2	0.078
2730	0.0	0.2	0.096
2731	0.0	0.2	0.107
2732	0.0	0.2	0.133
2733	0.0	0.2	0.137
2734	0.0	0.2	0.127
2735	0.0	0.2	0.077
2736	0.0	0.2	0.048
2737	0.0	0.2	0.033
2738	0.0	0.2	0.018
2739	0.0	0.2	0.007
2740	0.0	0.2	0.005
2741	0.0	0.2	0.015
2742	0.0	0.2	0.038
2743	0.0	0.2	0.104
2744	0.0	0.2	0.111
2745	0.0	0.2	0.111
2746	0.0	0.2	0.117
2747	0.0	0.2	0.111
2748	0.0	0.2	0.108
2749	0.0	0.2	0.100
2750	0.0	0.2	0.088
2751	0.0	0.2	0.080
2752	0.0	0.2	0.075
2753	0.0	0.2	0.078
2754	0.0	0.2	0.096
2755	0.0	0.2	0.107
2756	0.0	0.2	0.133
2757	0.0	0.2	0.137
2758	0.0	0.2	0.127
2759	0.0	0.2	0.077
2760	0.0	0.2	0.048
2761	0.0	0.2	0.033
2762	0.0	0.2	0.018
2763	0.0	0.2	0.007
2764	0.0	0.2	0.005
2765	0.0	0.2	0.015
2766	0.0	0.2	0.038
2767	0.0	0.2	0.104
2768	0.0	0.2	0.111
2769	0.0	0.2	0.111
2770	0.0	0.2	0.117
2771	0.0	0.2	0.111
2772	0.0	0.2	0.108
2773	0.0	0.2	0.100
2774	0.0	0.2	0.088
2775	0.0	0.2	0.080
2776	0.0	0.2	0.075
2777	0.0	0.2	0.078
2778	0.0	0.2	0.096
2779	0.0	0.2	0.107
2780	0.0	0.2	0.133
2781	0.0	0.2	0.137
2782	0.0	0.2	0.127
2783	0.0	0.2	0.077
2784	0.0	0.2	0.048
2785	0.0	0.2	0.033
2786	0.0	0.2	0.018
2787	0.0	0.2	0.007
2788	0.0	0.2	0.005
2789	0.0	0.2	0.015
2790	0.0	0.2	0.038
2791	0.0	0.2	0.104
2792	0.0	0.2	0.111
2793	0.0	0.2	0.111
2794	0.0	0.2	0.117
2795	0.0	0.2	0.111
2796	0.0	0.2	0.108
2797	0.0	0.2	0.100
2798	0.0	0.2	0.088
2799	0.0	0.2	0.080
2800	0.0	0.2	0.075
2801	0.0	0.2	0.078
2802	0.0	0.2	0.096
2803	0.0	0.2	0.107
2804	0.0	0.2	0.133
2805	0.0	0.2	0.137
2806	0.0	0.2	0.127
2807	0.0	0.2	0.077
2808	0.0	0.2	0.048
2809	0.0	0.2	0.033
2810	0.0	0.2	0.018
2811	0.0	0.2	0.007
2812	0.0	0.2	0.005
2813	0.0	0.2	0.015
2814	0.0	0.2	0.038
2815	0.0	0.2	0.104
2816	0.0	0.2	0.111
2817	0.0	0.2	0.111
2818	0.0	0.2	0.117
2819	0.0	0.2	0.111
2820	0.0	0.2	0.108
2821	0.0	0.2	0.100
2822	0.0	0.2	0.088
2823	0.0	0.2	0.080
2824	0.0	0.2	0.075
2825	0.0	0.2	0.078
2826	0.0	0.2	0.096
2827	0.0	0.2	0.107
2828	0.0	0.2	0.133
2829	0.0	0.2	0.137
2830	0.0	0.2	0.127
2831	0.0	0.2	0.077
2832	0.0	0.2	0.048
2833	0.0	0.2	0.033
2834	0.0	0.2	0.018
2835	0.0	0.2	0.007
2836	0.0	0.2	0.005
2837	0.0	0.2	0.015
2838	0.0	0.2	0.038
2839	0.0	0.2	0.104
2840	0.0	0.2	0.111
2841	0.0	0.2	0.111
2842	0.0	0.2	0.117
2843	0.0	0.2	0.111
2844	0.0	0.2	0.108
2845	0.0	0.2	0.100
2846	0.0	0.2	0.088
2847	0.0	0.2	0.080
2848	0.0	0.2	0.075
2849	0.0	0.2	0.078
2850	0.0	0.2	0.096
2851	0.0	0.2	0.107
2852	0.0	0.2	0.133
2853	0.0	0.2	0.137
2854	0.0	0.2	0.127
2855	0.0	0.2	0.077
2856	0.0	0.2	0.048
2857	0.0	0.2	0.033
2858	0.0	0.2	0.018
2859	0.0	0.2	0.007
2860	0.0	0.2	0.005
2861	0.0	0.2	0.015
2862	0.0	0.2	0.038
2863	0.0	0.2	0.104
2864	0.0	0.2	0.111
2865	0.0	0.2	0.111
2866	0.0	0.2	0.117
2867	0.0	0.2	0.111
2868	0.0	0.2	0.108
2869	0.0	0.2	0.100
2870	0.0	0.2	0.088
2871	0.0	0.2	0.080
2872	0.0	0.2	0.075
2873	0.0	0.2	0.078
2874	0.0	0.2	0.096
2875	0.0	0.2	0.107
2876	0.0	0.2	0.133
2877	0.0	0.2	0.137
2878	0.0	0.2	0.127
2879	0.0	0.2	0.077
2880	0.0	0.2	0.048
2881	0.0	0.2	0.033
2882	0.0	0.2	0.018
2883	0.0	0.2	0.007
2884	0.0	0.2	0.005
2885	0.0	0.2	0.015
2886	0.0	0.2	0.038
2887	0.0	0.2	0.104
2888	0.0	0.2	0.111
2889	0.0	0.2	0.111
2890	0.0	0.2	0.117
2891	0.0	0.2	0.111
2892	0.0	0.2	0.108
2893	0.0	0.2	0.100
2894	0.0	0.2	0.088
2895	0.0	0.2	0.080
2896	0.0	0.2	0.075
2897	0.0	0.2	0.078
2898	0.0	0.2	0.096
2899	0.0	0.2	0.107
2900	0.0	0.2	0.133
2901	0.0	0.2	0.137
2902	0.0	0.2	0.127
2903	0.0	0.2	0.077
2904	0.0	0.2	0.048
2905	0.0	0.2	0.033
2906	0.0	0.2	0.018
2907	0.0	0.2	0.007
2908	0.0	0.2	0.005
2909	0.0	0.2	0.015
2910	0.0	0.2	0.038
2911	0.0	0.2	0.104
2912	0.0	0.2	0.111
2913	0.0	0.2	0.111
2914	0.0	0.2	0.117
2915	0.0	0.2	0.111
2916	0.0	0.2	0.108
2917	0.0	0.2	0.100
2918	0.0	0.2	0.088
2919	0.0	0.2	0.080
2920	0.0	0.2	0.075
2921	0.0	0.2	0.078
2922	0.0	0.2	0.096
2923	0.0	0.2	0.107
2924	0.0	0.2	0.133
2925	0.0	0.2	0.137
2926	0.0	0.2	0.127
2927	0.0	0.2	0.077
2928	0.0	0.2	0.048
2929	0.0	0.2	0.033
2930	0.0	0.2	0.018
2931	0.0	0.2	0.007
2932	0.0	0.2	0.005
2933	0.0	0.2	0.015
2934	0.0	0.2	0.038
2935	0.0	0.2	0.104
2936	0.0	0.2	0.111
2937	0.0	0.2	0.111
2938	0.0	0.2	0.117
2939	0.0	0.2	0.111
2940	0.0	0.2	0.108
2941	0.0	0.2	0.100
2942	0.0	0.2	0.088
2943	0.0	0.2	0.080
2944	0.0	0.2	0.075
2945	0.0	0.2	0.078
2946	0.0	0.2	0.096
2947	0.0	0.2	0.107
2948	0.0	0.2	0.133
2949	0.0	0.2	0.137
2950	0.0	0.2	0.127
2951	0.0	0.2	0.077
2952	0.0	0.2	0.048
2953	0.0	0.1	0.033
2954	0.0	0.1	0.018
2955	0.0	0.1	0.007
2956	0.0	0.1	0.005
2957	0.0	0.1	0.015
2958	0.0	0.1	0.038
2959	0.0	0.1	0.104
2960	0.0	0.1	0.111
2961	0.0	0.1	0.111
2962	0.0	0.1	0.117
2963	0.0	0.1	0.111
2964	0.0	0.1	0.108
2965	0.0	0.1	0.100
2966	0.0	0.1	0.088
2967	0.0	0.1	0.080
2968	0.0	0.1	0.075
2969	0.0	0.1	0.078
2970	0.0	0.1	0.096
2971	0.0	0.1	0.107
2972	0.0	0.1	0.133
2973	0.0	0.1	0.137
2974	0.0	0.1	0.127
2975	0.0	0.1	0.077
2976	0.0	0.1	0.048
2977	0.0	0.1	0.033
2978	0.0	0.1	0.018
2979	0.0	0.1	0.007
2980	0.0	0.1	0.005
2981	0.0	0.1	0.015
2982	0.0	0.1	0.038
2983	0.0	0.1	0.104
2984	0.0	0.1	0.111
2985	0.0	0.1	0.111
2986	0.0	0.1	0.117
2987	0.0	0.1	0.111
2988	0.0	0.1	0.108
2989	0.0	0.1	0.100
2990	0.0	0.1	0.088
2991	0.0	0.1	0.080
2992	0.0	0.1	0.075
2993	0.0	0.1	0.078
2994	0.0	0.1	0.096
2995	0.0	0.1	0.107
2996	0.0	0.1	0.133
2997	0.0	0.1	0.137
2998	0.0	0.1	0.127
2999	0.0	0.1	0.077
3000	0.0	0.1	0.048
3001	0.0	0.1	0.033
3002	0.0	0.1	0.018
3003	0.0	0.1	0.007
3004	0.0	0.1	0.005
3005	0.0	0.1	0.015
3006	0.0	0.1	0.038
3007	0.0	0.1	0.104
3008	0.0	0.1	0.111
3009	0.0	0.1	0.111
3010	0.0	0.1	0.117
3011	0.0	0.1	0.111
3012	0.0	0.1	0.108
3013	0.0	0.1	0.100
3014	0.0	0.1	0.088
3015	0.0	0.1	0.080
3016	0.0	0.1	0.075
3017	0.0	0.1	0.078
3018	0.0	0.1	0.096
3019	0.0	0.1	0.107
3020	0.0	0.1	0.133
3021	0.0	0.1	0.137
3022	0.0	0.1	0.127
3023	0.0	0.1	0.077
3024	0.0	0.1	0.048
3025	0.0	0.1	0.033
3026	0.0	0.1	0.018
3027	0.0	0.1	0.007
3028	0.0	0.1	0.005
3029	0.0	0.1	0.015
3030	0.0	0.1	0.038
3031	0.0	0.1	0.104
3032	0.0	0.1	0.111
3033	0.0	0.1	0.111
3034	0.0	0.1	0.117
3035	0.0	0.1	0.111
3036	0.0	0.1	0.108
3037	0.0	0.1	0.100
3038	0.0	0.1	0.088
3039	0.0	0.1	0.080
3040	0.0	0.1	0.075
3041	0.0	0.1	0.078
3042	0.0	0.1	0.096
3043	0.0	0.1	0.107
3044	0.0	0.1	0.133
3045	0.0	0.1	0.137
3046	0.0	0.1	0.127
3047	0.0	0.1	0.077
3048	0.0	0.1	0.048
3049	0.0	0.1	0.033
3050	0.0	0.1	0.018
3051	0.0	0.1	0.007
3052	0.0	0.1	0.005
3053	0.0	0.1	0.015
3054	0.0	0.1	0.038
3055	0.0	0.1	0.104
3056	0.0	0.1	0.111
3057	0.0	0.1	0.111
3058	0.0	0.1	0.117
3059	0.0	0.1	0.111
3060	0.0	0.1	0.108
3061	0.0	0.1	0.100
3062	0.0	0.1	0.088
3063	0.0	0.1	0.080
3064	0.0	0.1	0.075
3065	0.0	0.1	0.078
3066	0.0	0.1	0.096
3067	0.0	0.1	0.107
3068	0.0	0.1	0.133
3069	0.0	0.1	0.137
3070	0.0	0.1	0.127
3071	0.0	0.1	0.077
3072	0.0	0.1	0.048
3073	0.0	0.1	0.033
3074	0.0	0.1	0.018
3075	0.0	0.1	0.007
3076	0.0	0.1	0.005
3077	0.0	0.1	0.015
3078	0.0	0.1	0.038
3079	0.0	0.1	0.104
3080	0.0	0.1	0.111
3081	0.0	0.1	0.111
3082	0.0	0.1	0.117
3083	0.0	0.1	0.111
3084	0.0	0.1	0.108
3085	0.0	0.1	0.100
3086	0.0	0.1	0.088
3087	0.0	0.1	0.080
3088	0.0	0.1	0.075
3089	0.0	0.1	0.078
3090	0.0	0.1	0.096
3091	0.0	0.1	0.107
3092	0.0	0.1	0.133
3093	0.0	0.1	0.137
3094	0.0	0.1	0.127
3095	0.0	0.1	0.077
3096	0.0	0.1	0.048
3097	0.0	0.1	0.033
3098	0.0	0.1	0.018
3099	0.0	0.1	0.007
3100	0.0	0.1	0.005
3101	0.0	0.1	0.015
3102	0.0	0.1	0.038
3103	0.0	0.1	0.104
3104	0.0	0.1	0.111
3105	0.0	0.1	0.111
3106	0.0	0.1	0.117
3107	0.0	0.1	0.111
3108	0.0	0.1	0.108
3109	0.0	0.1	0.100
3110	0.0	0.1	0.088
3111	0.0	0.1	0.080
3112	0.0	0.1	0.075
3113	0.0	0.1	0.078
3114	0.0	0.1	0.096
3115	0.0	0.1	0.107
3116	0.0	0.1	0.133
3117	0.0	0.1	0.137
3118	0.0	0.1	0.127
3119	0.0	0.1	0.077
3120	0.0	0.1	0.048
3121	0.0	0.1	0.033
3122	0.0	0.1	0.018
3123	0.0	0.1	0.007
3124	0.0	0.1	0.005
3125	0.0	0.1	0.015
3126	0.0	0.1	0.038
3127	0.0	0.1	0.104
3128	0.0	0.1	0.111
3129	0.0	0.1	0.111
3130	0.0	0.1	0.117
3131	0.0	0.1	0.111
3132	0.0	0.1	0.108
3133	0.0	0.1	0.100
3134	0.0	0.1	0.088
3135	0.0	0.1	0.080
3136	0.0	0.1	0.075
3137	0.0	0.1	0.078
3138	0.0	0.1	0.096
3139	0.0	0.1	0.107
3140	0.0	0.1	0.133
3141	0.0	0.1	0.137
3142	0.0	0.1	0.127
3143	0.0	0.1	0.077
3144	0.0	0.1	0.048
3145	0.0	0.1	0.033
3146	0.0	0.1	0.018
3147	0.0	0.1	0.007
3148	0.0	0.1	0.005
3149	0.0	0.1	0.015
3150	0.0	0.1	0.038
3151	0.0	0.1	0.104
3152	0.0	0.1	0.111
3153	0.0	0.1	0.111
3154	0.0	0.1	0.117
3155	0.0	0.1	0.111
3156	0.0	0.1	0.108
3157	0.0	0.1	0.100
3158	0.0	0.1	0.088
3159	0.0	0.1	0.080
3160	0.0	0.1	0.075
3161	0.0	0.1	0.078
3162	0.0	0.1	0.096
3163	0.0	0.1	0.107
3164	0.0	0.1	0.133
3165	0.0	0.1	0.137
3166	0.0	0.1	0.127
3167	0.0	0.1	0.077
3168	0.0	0.1	0.048
3169	0.0	0.1	0.033
3170	0.0	0.1	0.018
3171	0.0	0.1	0.007
3172	0.0	0.1	0.005
3173	0.0	0.1	0.015
3174	0.0	0.1	0.038
3175	0.0	0.1	0.104
3176	0.0	0.1	0.111
3177	0.0	0.1	0.111
3178	0.0	0.1	0.117
3179	0.0	0.1	0.111
3180	0.0	0.1	0.108
3181	0.0	0.1	0.100
3182	0.0	0.1	0.088
3183	0.0	0.1	0.080
3184	0.0	0.1	0.075
3185	0.0	0.1	0.078
3186	0.0	0.1	0.096
3187	0.0	0.1	0.107
3188	0.0	0.1	0.133
3189	0.0	0.1	0.137
3190	0.0	0.1	0.127
3191	0.0	0.1	0.077
3192	0.0	0.1	0.048
3193	0.0	0.1	0.033
3194	0.0	0.1	0.018
3195	0.0	0.1	0.007
3196	0.0	0.1	0.005
3197	0.0	0.1	0.015
3198	0.0	0.1	0.038
3199	0.0	0.1	0.104
3200	0.0	0.1	0.111
3201	0.0	0.1	0.111
3202	0.0	0.1	0.117
3203	0.0	0.1	0.111
3204	0.0	0.1	0.108
3205	0.0	0.1	0.100
3206	0.0	0.1	0.088
3207	0.0	0.1	0.080
3208	0.0	0.1	0.075
3209	0.0	0.1	0.078
3210	0.0	0.1	0.096
3211	0.0	0.1	0.107
3212	0.0	0.1	0.133
3213	0.0	0.1	0.137
3214	0.0	0.1	0.127
3215	0.0	0.1	0.077
3216	0.0	0.1	0.048
3217	0.0	0.1	0.033
3218	0.0	0.1	0.018
3219	0.0	0.1	0.007
3220	0.0	0.1	0.005
3221	0.0	0.1	0.015
3222	0.0	0.1	0.038
3223	0.0	0.1	0.104
3224	0.0	0.1	0.111
3225	0.0	0.1	0.111
3226	0.0	0.1	0.117
3227	0.0	0.1	0.111
3228	0.0	0.1	0.108
3229	0.0	0.1	0.100
3230	0.0	0.1	0.088
3231	0.0	0.1	0.080
3232	0.0	0.1	0.075
3233	0.0	0.1	0.078
3234	0.0	0.1	0.096
3235	0.0	0.1	0.107
3236	0.0	0.1	0.133
3237	0.0	0.1	0.137
3238	0.0	0.1	0.127
3239	0.0	0.1	0.077
3240	0.0	0.1	0.048
3241	0.0	0.1	0.033
3242	0.0	0.1	0.018
3243	0.0	0.1	0.007
3244	0.0	0.1	0.005
3245	0.0	0.1	0.015
3246	0.0	0.1	0.038
3247	0.0	0.1	0.104
3248	0.0	0.1	0.111
3249	0.0	0.1	0.111
3250	0.0	0.1	0.117
3251	0.0	0.1	0.111
3252	0.0	0.1	0.108
3253	0.0	0.1	0.100
3254	0.0	0.1	0.088
3255	0.0	0.1	0.080
3256	0.0	0.1	0.075
3257	0.0	0.1	0.078
3258	0.0	0.1	0.096
3259	0.0	0.1	0.107
3260	0.0	0.1	0.133
3261	0.0	0.1	0.137
3262	0.0	0.1	0.127
3263	0.0	0.1	0.077
3264	0.0	0.1	0.048
3265	0.0	0.1	0.033
3266	0.0	0.1	0.018
3267	0.0	0.1	0.007
3268	0.0	0.1	0.005
3269	0.0	0.1	0.015
3270	0.0	0.1	0.038
3271	0.0	0.1	0.104
3272	0.0	0.1	0.111
3273	0.0	0.1	0.111
3274	0.0	0.1	0.117
3275	0.0	0.1	0.111
3276	0.0	0.1	0.108
3277	0.0	0.1	0.100
3278	0.0	0.1	0.088
3279	0.0	0.1	0.080
3280	0.0	0.1	0.075
3281	0.0	0.1	0.078
3282	0.0	0.1	0.096
3283	0.0	0.1	0.107
3284	0.0	0.1	0.133
3285	0.0	0.1	0.137
3286	0.0	0.1	0.127
3287	0.0	0.1	0.077
3288	0.0	0.1	0.048
3289	0.0	0.1	0.033
3290	0.0	0.1	0.018
3291	0.0	0.1	0.007
3292	0.0	0.1	0.005
3293	0.0	0.1	0.015
3294	0.0	0.1	0.038
3295	0.0	0.1	0.104
3296	0.0	0.1	0.111
3297	0.0	0.1	0.111
3298	0.0	0.1	0.117
3299	0.0	0.1	0.111
3300	0.0	0.1	0.108
3301	0.0	0.1	0.100
3302	0.0	0.1	0.088
3303	0.0	0.1	0.080
3304	0.0	0.1	0.075
3305	0.0	0.1	0.078
3306	0.0	0.1	0.096
3307	0.0	0.1	0.107
3308	0.0	0.1	0.133
3309	0.0	0.1	0.137
3310	0.0	0.1	0.127
3311	0.0	0.1	0.077
3312	0.0	0.1	0.048
3313	0.0	0.1	0.033
3314	0.0	0.1	0.018
3315	0.0	0.1	0.007
3316	0.0	0.1	0.005
3317	0.0	0.1	0.015
3318	0.0	0.1	0.038
3319	0.0	0.1	0.104
3320	0.0	0.1	0.111
3321	0.0	0.1	0.111
3322	0.0	0.1	0.117
3323	0.0	0.1	0.111
3324	0.0	0.1	0.108
3325	0.0	0.1	0.100
3326	0.0	0.1	0.088
3327	0.0	0.1	0.080
3328	0.0	0.1	0.075
3329	0.0	0.1	0.078
3330	0.0	0.1	0.096
3331	0.0	0.1	0.107
3332	0.0	0.1	0.133
3333	0.0	0.1	0.137
3334	0.0	0.1	0.127
3335	0.0	0.1	0.077
3336	0.0	0.1	0.048
3337	0.0	0.1	0.033
3338	0.0	0.1	0.018
3339	0.0	0.1	0.007
3340	0.0	0.1	0.005
3341	0.0	0.1	0.015
3342	0.0	0.1	0.038
3343	0.0	0.1	0.104
3344	0.0	0.1	0.111
3345	0.0	0.1	0.111
3346	0.0	0.1	0.117
3347	0.0	0.1	0.111
3348	0.0	0.1	0.108
3349	0.0	0.1	0.100
3350	0.0	0.1	0.088
3351	0.0	0.1	0.080
3352	0.0	0.1	0.075
3353	0.0	0.1	0.078
3354	0.0	0.1	0.096
3355	0.0	0.1	0.107
3356	0.0	0.1	0.133
3357	0.0	0.1	0.137
3358	0.0	0.1	0.127
3359	0.0	0.1	0.077
3360	0.0	0.1	0.048
3361	0.0	0.1	0.033
3362	0.0	0.1	0.018
3363	0.0	0.1	0.007
3364	0.0	0.1	0.005
3365	0.0	0.1	0.015
3366	0.0	0.1	0.038
3367	0.0	0.1	0.104
3368	0.0	0.1	0.111
3369	0.0	0.1	0.111
3370	0.0	0.1	0.117
3371	0.0	0.1	0.111
3372	0.0	0.1	0.108
3373	0.0	0.1	0.100
3374	0.0	0.1	0.088
3375	0.0	0.1	0.080
3376	0.0	0.1	0.075
3377	0.0	0.1	0.078
3378	0.0	0.1	0.096
3379	0.0	0.1	0.107
3380	0.0	0.1	0.133
3381	0.0	0.1	0.137
3382	0.0	0.1	0.127
3383	0.0	0.1	0.077
3384	0.0	0.1	0.048
3385	0.0	0.1	0.033
3386	0.0	0.1	0.018
3387	0.0	0.1	0.007
3388	0.0	0.1	0.005
3389	0.0	0.1	0.015
3390	0.0	0.1	0.038
3391	0.0	0.1	0.104
3392	0.0	0.1	0.111
3393	0.0	0.1	0.111
3394	0.0	0.1	0.117
3395	0.0	0.1	0.111
3396	0.0	0.1	0.108
3397	0.0	0.1	0.100
3398	0.0	0.1	0.088
3399	0.0	0.1	0.080
3400	0.0	0.1	0.075
3401	0.0	0.1	0.078
3402	0.0	0.1	0.096
3403	0.0	0.1	0.107
3404	0.0	0.1	0.133
3405	0.0	0.1	0.137
3406	0.0	0.1	0.127
3407	0.0	0.1	0.077
3408	0.0	0.1	0.048
3409	0.0	0.1	0.033
3410	0.0	0.1	0.018
3411	0.0	0.1	0.007
3412	0.0	0.1	0.005
3413	0.0	0.1	0.015
3414	0.0	0.1	0.038
3415	0.0	0.1	0.104
3416	0.0	0.1	0.111
3417	0.0	0.1	0.111
3418	0.0	0.1	0.117
3419	0.0	0.1	0.111
3420	0.0	0.1	0.108
3421	0.0	0.1	0.100
3422	0.0	0.1	0.088
3423	0.0	0.1	0.080
3424	0.0	0.1	0.075
3425	0.0	0.1	0.078
3426	0.0	0.1	0.096
3427	0.0	0.1	0.107
3428	0.0	0.1	0.133
3429	0.0	0.1	0.137
3430	0.0	0.1	0.127
3431	0.0	0.1	0.077
3432	0.0	0.1	0.048
3433	0.0	0.1	0.033
3434	0.0	0.1	0.018
3435	0.0	0.1	0.007
3436	0.0	0.1	0.005
3437	0.0	0.1	0.015
3438	0.0	0.1	0.038
3439	0.0	0.1	0.104
3440	0.0	0.1	0.111
3441	0.0	0.1	0.111
3442	0.0	0.1	0.117
3443	0.0	0.1	0.111
3444	0.0	0.1	0.108
3445	0.0	0.1	0.100
3446	0.0	0.1	0.088
3447	0.0	0.1	0.080
3448	0.0	0.1	0.075
3449	0.0	0.1	0.078
3450	0.0	0.1	0.096
3451	0.0	0.1	0.107
3452	0.0	0.1	0.133
3453	0.0	0.1	0.137
3454	0.0	0.1	0.127
3455	0.0	0.1	0.077
3456	0.0	0.1	0.048
3457	0.0	0.1	0.033
3458	0.0	0.1	0.018
3459	0.0	0.1	0.007
3460	0.0	0.1	0.005
3461	0.0	0.1	0.015
3462	0.0	0.1	0.038
3463	0.0	0.1	0.104
3464	0.0	0.1	0.111
3465	0.0	0.1	0.111
3466	0.0	0.1	0.117
3467	0.0	0.1	0.111
3468	0.0	0.1	0.108
3469	0.0	0.1	0.100
3470	0.0	0.1	0.088
3471	0.0	0.1	0.080
3472	0.0	0.1	0.075
3473	0.0	0.1	0.078
3474	0.0	0.1	0.096
3475	0.0	0.1	0.107
3476	0.0	0.1	0.133
3477	0.0	0.1	0.137
3478	0.0	0.1	0.127
3479	0.0	0.1	0.077
3480	0.0	0.1	0.048
3481	0.0	0.1	0.033
3482	0.0	0.1	0.018
3483	0.0	0.1	0.007
3484	0.0	0.1	0.005
3485	0.0	0.1	0.015
3486	0.0	0.1	0.038
3487	0.0	0.1	0.104
3488	0.0	0.1	0.111
3489	0.0	0.1	0.111
3490	0.0	0.1	0.117
3491	0.0	0.1	0.111
3492	0.0	0.1	0.108
3493	0.0	0.1	0.100
3494	0.0	0.1	0.088
3495	0.0	0.1	0.080
3496	0.0	0.1	0.075
3497	0.0	0.1	0.078
3498	0.0	0.1	0.096
3499	0.0	0.1	0.107
3500	0.0	0.1	0.133
3501	0.0	0.1	0.137
3502	0.0	0.1	0.127
3503	0.0	0.1	0.077
3504	0.0	0.1	0.048
3505	0.0	0.1	0.033
3506	0.0	0.1	0.018
3507	0.0	0.1	0.007
3508	0.0	0.1	0.005
3509	0.0	0.1	0.015
3510	0.0	0.1	0.038
3511	0.0	0.1	0.104
3512	0.0	0.1	0.111
3513	0.0	0.1	0.111
3514	0.0	0.1	0.117
3515	0.0	0.1	0.111
3516	0.0	0.1	0.108
3517	0.0	0.1	0.100
3518	0.0	0.1	0.088
3519	0.0	0.1	0.080
3520	0.0	0.1	0.075
3521	0.0	0.1	0.078
3522	0.0	0.1	0.096
3523	0.0	0.1	0.107
3524	0.0	0.1	0.133
3525	0.0	0.1	0.137
3526	0.0	0.1	0.127
3527	0.0	0.1	0.077
3528	0.0	0.1	0.048
3529	0.0	0.1	0.033
3530	0.0	0.1	0.018
3531	0.0	0.1	0.007
3532	0.0	0.1	0.005
3533	0.0	0.1	0.015
3534	0.0	0.1	0.038
3535	0.0	0.1	0.104
3536	0.0	0.1	0.111
3537	0.0	0.1	0.111
3538	0.0	0.1	0.117
3539	0.0	0.1	0.111
3540	0.0	0.1	0.108
3541	0.0	0.1	0.100
3542	0.0	0.1	0.088
3543	0.0	0.1	0.080
3544	0.0	0.1	0.075
3545	0.0	0.1	0.078
3546	0.0	0.1	0.096
3547	0.0	0.1	0.107
3548	0.0	0.1	0.133
3549	0.0	0.1	0.137
3550	0.0	0.1	0.127
3551	0.0	0.1	0.077
3552	0.0	0.1	0.048
3553	0.0	0.1	0.033
3554	0.0	0.1	0.018
3555	0.0	0.1	0.007
3556	0.0	0.1	0.005
3557	0.0	0.1	0.015
3558	0.0	0.1	0.038
3559	0.0	0.1	0.104
3560	0.0	0.1	0.111
3561	0.0	0.1	0.111
3562	0.0	0.1	0.117
3563	0.0	0.1	0.111
3564	0.0	0.1	0.108
3565	0.0	0.1	0.100
3566	0.0	0.1	0.088
3567	0.0	0.1	0.080
3568	0.0	0.1	0.075
3569	0.0	0.1	0.078
3570	0.0	0.1	0.096
3571	0.0	0.1	0.107
3572	0.0	0.1	0.133
3573	0.0	0.1	0.137
3574	0.0	0.1	0.127
3575	0.0	0.1	0.077
3576	0.0	0.1	0.048
3577	0.0	0.1	0.033
3578	0.0	0.1	0.018
3579	0.0	0.1	0.007
3580	0.0	0.1	0.005
3581	0.0	0.1	0.015
3582	0.0	0.1	0.038
3583	0.0	0.1	0.104
3584	0.0	0.1	0.111
3585	0.0	0.1	0.111
3586	0.0	0.1	0.117
3587	0.0	0.1	0.111
3588	0.0	0.1	0.108
3589	0.0	0.1	0.100
3590	0.0	0.1	0.088
3591	0.0	0.1	0.080
3592	0.0	0.1	0.075
3593	0.0	0.1	0.078
3594	0.0	0.1	0.096
3595	0.0	0.1	0.107
3596	0.0	0.1	0.133
3597	0.0	0.1	0.137
3598	0.0	0.1	0.127
3599	0.0	0.1	0.077
3600	0.0	0.1	0.048
3601	0.0	0.1	0.033
3602	0.0	0.1	0.018
3603	0.0	0.1	0.007
3604	0.0	0.1	0.005
3605	0.0	0.1	0.015
3606	0.0	0.1	0.038
3607	0.0	0.1	0.104
3608	0.0	0.1	0.111
3609	0.0	0.1	0.111
3610	0.0	0.1	0.117
3611	0.0	0.1	0.111
3612	0.0	0.1	0.108
3613	0.0	0.1	0.100
3614	0.0	0.1	0.088
3615	0.0	0.1	0.080
3616	0.0	0.1	0.075
3617	0.0	0.1	0.078
3618	0.0	0.1	0.096
3619	0.0	0.1	0.107
3620	0.0	0.1	0.133
3621	0.0	0.1	0.137
3622	0.0	0.1	0.127
3623	0.0	0.1	0.077
3624	0.0	0.1	0.048
3625	0.0	0.1	0.033
3626	0.0	0.1	0.018
3627	0.0	0.1	0.007
3628	0.0	0.1	0.005
3629	0.0	0.1	0.015
3630	0.0	0.1	0.038
3631	0.0	0.1	0.104
3632	0.0	0.1	0.111
3633	0.0	0.1	0.111
3634	0.0	0.1	0.117
3635	0.0	0.1	0.111
3636	0.0	0.1	0.108
3637	0.0	0.1	0.100
3638	0.0	0.1	0.088
3639	0.0	0.1	0.080
3640	0.0	0.1	0.075
3641	0.0	0.1	0.078
3642	0.0	0.1	0.096
3643	0.0	0.1	0.107
3644	0.0	0.1	0.133
3645	0.0	0.1	0.137
3646	0.0	0.1	0.127
3647	0.0	0.1	0.077
3648	0.0	0.1	0.048
3649	0.0	0.1	0.033
3650	0.0	0.1	0.018
3651	0.0	0.1	0.007
3652	0.0	0.1	0.005
3653	0.0	0.1	0.015
3654	0.0	0.1	0.038
3655	0.0	0.1	0.104
3656	0.0	0.1	0.111
3657	0.0	0.1	0.111
3658	0.0	0.1	0.117
3659	0.0	0.1	0.111
3660	0.0	0.1	0.108
3661	0.0	0.1	0.100
3662	0.0	0.1	0.088
3663	0.0	0.1	0.080
3664	0.0	0.1	0.075
3665	0.0	0.1	0.078
3666	0.0	0.1	0.096
3667	0.0	0.1	0.107
3668	0.0	0.1	0.133
3669	0.0	0.1	0.137
3670	0.0	0.1	0.127
3671	0.0	0.1	0.077
3672	0.0	0.1	0.048
3673	0.0	0.1	0.033
3674	0.0	0.1	0.018
3675	0.0	0.1	0.007
3676	0.0	0.1	0.005
3677	0.0	0.1	0.015
3678	0.0	0.1	0.038
3679	0.0	0.1	0.104
3680	0.0	0.1	0.111
3681	0.0	0.1	0.111
3682	0.0	0.1	0.117
3683	0.0	0.1	0.111
3684	0.0	0.0	0.108
3685	0.0	0.0	0.100
3686	0.0	0.0	0.088
3687	0.0	0.0	0.080
3688	0.0	0.0	0.075
3689	0.0	0.0	0.078
3690	0.0	0.0	0.096
3691	0.0	0.0	0.107
3692	0.0	0.0	0.133
3693	0.0	0.0	0.137
3694	0.0	0.0	0.127
3695	0.0	0.0	0.077
3696	0.0	0.0	0.048
3697	0.0	0.0	0.033
3698	0.0	0.0	0.018
3699	0.0	0.0	0.007
3700	0.0	0.0	0.005
3701	0.0	0.0	0.015
3702	0.0	0.0	0.038
3703	0.0	0.0	0.104
3704	0.0	0.0	0.111
3705	0.0	0.0	0.111
3706	0.0	0.0	0.117
3707	0.0	0.0	0.111
3708	0.0	0.0	0.108
3709	0.0	0.0	0.100
3710	0.0	0.0	0.088
3711	0.0	0.0	0.080
3712	0.0	0.0	0.075
3713	0.0	0.0	0.078
3714	0.0	0.0	0.096
3715	0.0	0.0	0.107
3716	0.0	0.0	0.133
3717	0.0	0.0	0.137
3718	0.0	0.0	0.127
3719	0.0	0.0	0.077
3720	0.0	0.0	0.048
3721	0.0	0.0	0.033
3722	0.0	0.0	0.018
3723	0.0	0.0	0.007
3724	0.0	0.0	0.005
3725	0.0	0.0	0.015
3726	0.0	0.0	0.038
3727	0.0	0.0	0.104
3728	0.0	0.0	0.111
3729	0.0	0.0	0.111
3730	0.0	0.0	0.117
3731	0.0	0.0	0.111
3732	0.0	0.0	0.108
3733	0.0	0.0	0.100
3734	0.0	0.0	0.088
3735	0.0	0.0	0.080
3736	0.0	0.0	0.075
3737	0.0	0.0	0.078
3738	0.0	0.0	0.096
3739	0.0	0.0	0.107
3740	0.0	0.0	0.133
3741	0.0	0.0	0.137
3742	0.0	0.0	0.127
3743	0.0	0.0	0.077
3744	0.0	0.0	0.048
3745	0.0	0.0	0.033
3746	0.0	0.0	0.018
3747	0.0	0.0	0.007
3748	0.0	0.0	0.005
3749	0.0	0.0	0.015
3750	0.0	0.0	0.038
3751	0.0	0.0	0.104
3752	0.0	0.0	0.111
3753	0.0	0.0	0.111
3754	0.0	0.0	0.117
3755	0.0	0.0	0.111
3756	0.0	0.0	0.108
3757	0.0	0.0	0.100
3758	0.0	0.0	0.088
3759	0.0	0.0	0.080
3760	0.0	0.0	0.075
3761	0.0	0.0	0.078
3762	0.0	0.0	0.096
3763	0.0	0.0	0.107
3764	0.0	0.0	0.133
3765	0.0	0.0	0.137
3766	0.0	0.0	0.127
3767	0.0	0.0	0.077
3768	0.0	0.0	0.048
3769	0.0	0.0	0.033
3770	0.0	0.0	0.018
3771	0.0	0.0	0.007
3772	0.0	0.0	0.005
3773	0.0	0.0	0.015
3774	0.0	0.0	0.038
3775	0.0	0.0	0.104
3776	0.0	0.0	0.111
3777	0.0	0.0	0.111
3778	0.0	0.0	0.117
3779	0.0	0.0	0.111
3780	0.0	0.0	0.108
3781	0.0	0.0	0.100
3782	0.0	0.0	0.088
3783	0.0	0.0	0.080
3784	0.0	0.0	0.075
3785	0.0	0.0	0.078
3786	0.0	0.0	0.096
3787	0.0	0.0	0.107
3788	0.0	0.0	0.133
3789	0.0	0.0	0.137
3790	0.0	0.0	0.127
3791	0.0	0.0	0.077
3792	0.0	0.0	0.048
3793	0.0	0.0	0.033
3794	0.0	0.0	0.018
3795	0.0	0.0	0.007
3796	0.0	0.0	0.005
3797	0.0	0.0	0.015
3798	0.0	0.0	0.038
3799	0.0	0.0	0.104
3800	0.0	0.0	0.111
3801	0.0	0.0	0.111
3802	0.0	0.0	0.117
3803	0.0	0.0	0.111
3804	0.0	0.0	0.108
3805	0.0	0.0	0.100
3806	0.0	0.0	0.088
3807	0.0	0.0	0.080
3808	0.0	0.0	0.075
3809	0.0	0.0	0.078
3810	0.0	0.0	0.096
3811	0.0	0.0	0.107
3812	0.0	0.0	0.133
3813	0.0	0.0	0.137
3814	0.0	0.0	0.127
3815	0.0	0.0	0.077
3816	0.0	0.0	0.048
3817	0.0	0.0	0.033
3818	0.0	0.0	0.018
3819	0.0	0.0	0.007
3820	0.0	0.0	0.005
3821	0.0	0.0	0.015
3822	0.0	0.0	0.038
3823	0.0	0.0	0.104
3824	0.0	0.0	0.111
3825	0.0	0.0	0.111
3826	0.0	0.0	0.117
3827	0.0	0.0	0.111
3828	0.0	0.0	0.108
3829	0.0	0.0	0.100
3830	0.0	0.0	0.088
3831	0.0	0.0	0.080
3832	0.0	0.0	0.075
3833	0.0	0.0	0.078
3834	0.0	0.0	0.096
3835	0.0	0.0	0.107
3836	0.0	0.0	0.133
3837	0.0	0.0	0.137
3838	0.0	0.0	0.127
3839	0.0	0.0	0.077
3840	0.0	0.0	0.048
3841	0.0	0.0	0.033
3842	0.0	0.0	0.018
3843	0.0	0.0	0.007
3844	0.0	0.0	0.005
3845	0.0	0.0	0.015
3846	0.0	0.0	0.038
3847	0.0	0.0	0.104
3848	0.0	0.0	0.111
3849	0.0	0.0	0.111
3850	0.0	0.0	0.117
3851	0.0	0.0	0.111
3852	0.0	0.0	0.108
3853	0.0	0.0	0.100
3854	0.0	0.0	0.088
3855	0.0	0.0	0.080
3856	0.0	0.0	0.075
3857	0.0	0.0	0.078
3858	0.0	0.0	0.096
3859	0.0	0.0	0.107
3860	0.0	0.0	0.133
3861	0.0	0.0	0.137
3862	0.0	0.0	0.127
3863	0.0	0.0	0.077
3864	0.0	0.0	0.048
3865	0.0	0.0	0.033
3866	0.0	0.0	0.018
3867	0.0	0.0	0.007
3868	0.0	0.0	0.005
3869	0.0	0.0	0.015
3870	0.0	0.0	0.038
3871	0.0	0.0	0.104
3872	0.0	0.0	0.111
3873	0.0	0.0	0.111
3874	0.0	0.0	0.117
3875	0.0	0.0	0.111
3876	0.0	0.0	0.108
3877	0.0	0.0	0.100
3878	0.0	0.0	0.088
3879	0.0	0.0	0.080
3880	0.0	0.0	0.075
3881	0.0	0.0	0.078
3882	0.0	0.0	0.096
3883	0.0	0.0	0.107
3884	0.0	0.0	0.133
3885	0.0	0.0	0.137
3886	0.0	0.0	0.127
3887	0.0	0.0	0.077
3888	0.0	0.0	0.048
3889	0.0	0.0	0.033
3890	0.0	0.0	0.018
3891	0.0	0.0	0.007
3892	0.0	0.0	0.005
3893	0.0	0.0	0.015
3894	0.0	0.0	0.038
3895	0.0	0.0	0.104
3896	0.0	0.0	0.111
3897	0.0	0.0	0.111
3898	0.0	0.0	0.117
3899	0.0	0.0	0.111
3900	0.0	0.0	0.108
3901	0.0	0.0	0.100
3902	0.0	0.0	0.088
3903	0.0	0.0	0.080
3904	0.0	0.0	0.075
3905	0.0	0.0	0.078
3906	0.0	0.0	0.096
3907	0.0	0.0	0.107
3908	0.0	0.0	0.133
3909	0.0	0.0	0.137
3910	0.0	0.0	0.127
3911	0.0	0.0	0.077
3912	0.0	0.0	0.048
3913	0.0	0.0	0.033
3914	0.0	0.0	0.018
3915	0.0	0.0	0.007
3916	0.0	0.0	0.005
3917	0.0	0.0	0.015
3918	0.0	0.0	0.038
3919	0.0	0.0	0.104
3920	0.0	0.0	0.111
3921	0.0	0.0	0.111
3922	0.0	0.0	0.117
3923	0.0	0.0	0.111
3924	0.0	0.0	0.108
3925	0.0	0.0	0.100
3926	0.0	0.0	0.088
3927	0.0	0.0	0.080
3928	0.0	0.0	0.075
3929	0.0	0.0	0.078
3930	0.0	0.0	0.096
3931	0.0	0.0	0.107
3932	0.0	0.0	0.133
3933	0.0	0.0	0.137
3934	0.0	0.0	0.127
3935	0.0	0.0	0.077
3936	0.0	0.0	0.048
3937	0.0	0.0	0.033
3938	0.0	0.0	0.018
3939	0.0	0.0	0.007
3940	0.0	0.0	0.005
3941	0.0	0.0	0.015
3942	0.0	0.0	0.038
3943	0.0	0.0	0.104
3944	0.0	0.0	0.111
3945	0.0	0.0	0.111
3946	0.0	0.0	0.117
3947	0.0	0.0	0.111
3948	0.0	0.0	0.108
3949	0.0	0.0	0.100
3950	0.0	0.0	0.088
3951	0.0	0.0	0.080
3952	0.0	0.0	0.075
3953	0.0	0.0	0.078
3954	0.0	0.0	0.096
3955	0.0	0.0	0.107
3956	0.0	0.0	0.133
3957	0.0	0.0	0.137
3958	0.0	0.0	0.127
3959	0.0	0.0	0.077
3960	0.0	0.0	0.048
3961	0.0	0.0	0.033
3962	0.0	0.0	0.018
3963	0.0	0.0	0.007
3964	0.0	0.0	0.005
3965	0.0	0.0	0.015
3966	0.0	0.0	0.038
3967	0.0	0.0	0.104
3968	0.0	0.0	0.111
3969	0.0	0.0	0.111
3970	0.0	0.0	0.117
3971	0.0	0.0	0.111
3972	0.0	0.0	0.108
3973	0.0	0.0	0.100
3974	0.0	0.0	0.088
3975	0.0	0.0	0.080
3976	0.0	0.0	0.075
3977	0.0	0.0	0.078
3978	0.0	0.0	0.096
3979	0.0	0.0	0.107
3980	0.0	0.0	0.133
3981	0.0	0.0	0.137
3982	0.0	0.0	0.127
3983	0.0	0.0	0.077
3984	0.0	0.0	0.048
3985	0.0	0.0	0.033
3986	0.0	0.0	0.018
3987	0.0	0.0	0.007
3988	0.0	0.0	0.005
3989	0.0	0.0	0.015
3990	0.0	0.0	0.038
3991	0.0	0.0	0.104
3992	0.0	0.0	0.111
3993	0.0	0.0	0.111
3994	0.0	0.0	0.117
3995	0.0	0.0	0.111
3996	0.0	0.0	0.108
3997	0.0	0.0	0.100
3998	0.0	0.0	0.088
3999	0.0	0.0	0.080
4000	0.0	0.0	0.075
4001	0.0	0.0	0.078
4002	0.0	0.0	0.096
4003	0.0	0.0	0.107
4004	0.0	0.0	0.133
4005	0.0	0.0	0.137
4006	0.0	0.0	0.127
4007	0.0	0.0	0.077
4008	0.0	0.0	0.048
4009	0.0	0.0	0.033
4010	0.0	0.0	0.018
4011	0.0	0.0	0.007
4012	0.0	0.0	0.005
4013	0.0	0.0	0.015
4014	0.0	0.0	0.038
4015	0.0	0.0	0.104
4016	0.0	0.0	0.111
4017	0.0	0.0	0.111
4018	0.0	0.0	0.117
4019	0.0	0.0	0.111
4020	0.0	0.0	0.108
4021	0.0	0.0	0.100
4022	0.0	0.0	0.088
4023	0.0	0.0	0.080
4024	0.0	0.0	0.075
4025	0.0	0.0	0.078
4026	0.0	0.0	0.096
4027	0.0	0.0	0.107
4028	0.0	0.0	0.133
4029	0.0	0.0	0.137
4030	0.0	0.0	0.127
4031	0.0	0.0	0.077
4032	0.0	0.0	0.048
4033	0.0	0.0	0.033
4034	0.0	0.0	0.018
4035	0.0	0.0	0.007
4036	0.0	0.0	0.005
4037	0.0	0.0	0.015
4038	0.0	0.0	0.038
4039	0.0	0.0	0.104
4040	0.0	0.0	0.111
4041	0.0	0.0	0.111
4042	0.0	0.0	0.117
4043	0.0	0.0	0.111
4044	0.0	0.0	0.108
4045	0.0	0.0	0.100
4046	0.0	0.0	0.088
4047	0.0	0.0	0.080
4048	0.0	0.0	0.075
4049	0.0	0.0	0.078
4050	0.0	0.0	0.096
4051	0.0	0.0	0.107
4052	0.0	0.0	0.133
4053	0.0	0.0	0.137
4054	0.0	0.0	0.127
4055	0.0	0.0	0.077
4056	0.0	0.0	0.048
4057	0.0	0.0	0.033
4058	0.0	0.0	0.018
4059	0.0	0.0	0.007
4060	0.0	0.0	0.005
4061	0.0	0.0	0.015
4062	0.0	0.0	0.038
4063	0.0	0.0	0.104
4064	0.0	0.0	0.111
4065	0.0	0.0	0.111
4066	0.0	0.0	0.117
4067	0.0	0.0	0.111
4068	0.0	0.0	0.108
4069	0.0	0.0	0.100
4070	0.0	0.0	0.088
4071	0.0	0.0	0.080
4072	0.0	0.0	0.075
4073	0.0	0.0	0.078
4074	0.0	0.0	0.096
4075	0.0	0.0	0.107
4076	0.0	0.0	0.133
4077	0.0	0.0	0.137
4078	0.0	0.0	0.127
4079	0.0	0.0	0.077
4080	0.0	0.0	0.048
4081	0.0	0.0	0.033
4082	0.0	0.0	0.018
4083	0.0	0.0	0.007
4084	0.0	0.0	0.005
4085	0.0	0.0	0.015
4086	0.0	0.0	0.038
4087	0.0	0.0	0.104
4088	0.0	0.0	0.111
4089	0.0	0.0	0.111
4090	0.0	0.0	0.117
4091	0.0	0.0	0.111
4092	0.0	0.0	0.108
4093	0.0	0.0	0.100
4094	0.0	0.0	0.088
4095	0.0	0.0	0.080
4096	0.0	0.0	0.075
4097	0.0	0.0	0.078
4098	0.0	0.0	0.096
4099	0.0	0.0	0.107
4100	0.0	0.0	0.133
4101	0.0	0.0	0.137
4102	0.0	0.0	0.127
4103	0.0	0.0	0.077
4104	0.0	0.0	0.048
4105	0.0	0.0	0.033
4106	0.0	0.0	0.018
4107	0.0	0.0	0.007
4108	0.0	0.0	0.005
4109	0.0	0.0	0.015
4110	0.0	0.0	0.038
4111	0.0	0.0	0.104
4112	0.0	0.0	0.111
4113	0.0	0.0	0.111
4114	0.0	0.0	0.117
4115	0.0	0.0	0.111
4116	0.0	0.0	0.108
4117	0.0	0.0	0.100
4118	0.0	0.0	0.088
4119	0.0	0.0	0.080
4120	0.0	0.0	0.075
4121	0.0	0.0	0.078
4122	0.0	0.0	0.096
4123	0.0	0.0	0.107
4124	0.0	0.0	0.133
4125	0.0	0.0	0.137
4126	0.0	0.0	0.127
4127	0.0	0.0	0.077
4128	0.0	0.0	0.048
4129	0.0	0.0	0.033
4130	0.0	0.0	0.018
4131	0.0	0.0	0.007
4132	0.0	0.0	0.005
4133	0.0	0.0	0.015
4134	0.0	0.0	0.038
4135	0.0	0.0	0.104
4136	0.0	0.0	0.111
4137	0.0	0.0	0.111
4138	0.0	0.0	0.117
4139	0.0	0.0	0.111
4140	0.0	0.0	0.108
4141	0.0	0.0	0.100
4142	0.0	0.0	0.088
4143	0.0	0.0	0.080
4144	0.0	0.0	0.075
4145	0.0	0.0	0.078
4146	0.0	0.0	0.096
4147	0.0	0.0	0.107
4148	0.0	0.0	0.133
4149	0.0	0.0	0.137
4150	0.0	0.0	0.127
4151	0.0	0.0	0.077
4152	0.0	0.0	0.048
4153	0.0	0.0	0.033
4154	0.0	0.0	0.018
4155	0.0	0.0	0.007
4156	0.0	0.0	0.005
4157	0.0	0.0	0.015
4158	0.0	0.0	0.038
4159	0.0	0.0	0.104
4160	0.0	0.0	0.111
4161	0.0	0.0	0.111
4162	0.0	0.0	0.117
4163	0.0	0.0	0.111
4164	0.0	0.0	0.108
4165	0.0	0.0	0.100
4166	0.0	0.0	0.088
4167	0.0	0.0	0.080
4168	0.0	0.0	0.075
4169	0.0	0.0	0.078
4170	0.0	0.0	0.096
4171	0.0	0.0	0.107
4172	0.0	0.0	0.133
4173	0.0	0.0	0.137
4174	0.0	0.0	0.127
4175	0.0	0.0	0.077
4176	0.0	0.0	0.048
4177	0.0	0.0	0.033
4178	0.0	0.0	0.018
4179	0.0	0.0	0.007
4180	0.0	0.0	0.005
4181	0.0	0.0	0.015
4182	0.0	0.0	0.038
4183	0.0	0.0	0.104
4184	0.0	0.0	0.111
4185	0.0	0.0	0.111
4186	0.0	0.0	0.117
4187	0.0	0.0	0.111
4188	0.0	0.0	0.108
4189	0.0	0.0	0.100
4190	0.0	0.0	0.088
4191	0.0	0.0	0.080
4192	0.0	0.0	0.075
4193	0.0	0.0	0.078
4194	0.0	0.0	0.096
4195	0.0	0.0	0.107
4196	0.0	0.0	0.133
4197	0.0	0.0	0.137
4198	0.0	0.0	0.127
4199	0.0	0.0	0.077
4200	0.0	0.0	0.048
4201	0.0	0.0	0.033
4202	0.0	0.0	0.018
4203	0.0	0.0	0.007
4204	0.0	0.0	0.005
4205	0.0	0.0	0.015
4206	0.0	0.0	0.038
4207	0.0	0.0	0.104
4208	0.0	0.0	0.111
4209	0.0	0.0	0.111
4210	0.0	0.0	0.117
4211	0.0	0.0	0.111
4212	0.0	0.0	0.108
4213	0.0	0.0	0.100
4214	0.0	0.0	0.088
4215	0.0	0.0	0.080
4216	0.0	0.0	0.075
4217	0.0	0.0	0.078
4218	0.0	0.0	0.096
4219	0.0	0.0	0.107
4220	0.0	0.0	0.133
4221	0.0	0.0	0.137
4222	0.0	0.0	0.127
4223	0.0	0.0	0.077
4224	0.0	0.0	0.048
4225	0.0	0.0	0.033
4226	0.0	0.0	0.018
4227	0.0	0.0	0.007
4228	0.0	0.0	0.005
4229	0.0	0.0	0.015
4230	0.0	0.0	0.038
4231	0.0	0.0	0.104
4232	0.0	0.0	0.111
4233	0.0	0.0	0.111
4234	0.0	0.0	0.117
4235	0.0	0.0	0.111
4236	0.0	0.0	0.108
4237	0.0	0.0	0.100
4238	0.0	0.0	0.088
4239	0.0	0.0	0.080
4240	0.0	0.0	0.075
4241	0.0	0.0	0.078
4242	0.0	0.0	0.096
4243	0.0	0.0	0.107
4244	0.0	0.0	0.133
4245	0.0	0.0	0.137
4246	0.0	0.0	0.127
4247	0.0	0.0	0.077
4248	0.0	0.0	0.048
4249	0.0	0.0	0.033
4250	0.0	0.0	0.018
4251	0.0	0.0	0.007
4252	0.0	0.0	0.005
4253	0.0	0.0	0.015
4254	0.0	0.0	0.038
4255	0.0	0.0	0.104
4256	0.0	0.0	0.111
4257	0.0	0.0	0.111
4258	0.0	0.0	0.117
4259	0.0	0.0	0.111
4260	0.0	0.0	0.108
4261	0.0	0.0	0.100
4262	0.0	0.0	0.088
4263	0.0	0.0	0.080
4264	0.0	0.0	0.075
4265	0.0	0.0	0.078
4266	0.0	0.0	0.096
4267	0.0	0.0	0.107
4268	0.0	0.0	0.133
4269	0.0	0.0	0.137
4270	0.0	0.0	0.127
4271	0.0	0.0	0.077
4272	0.0	0.0	0.048
4273	0.0	0.0	0.033
4274	0.0	0.0	0.018
4275	0.0	0.0	0.007
4276	0.0	0.0	0.005
4277	0.0	0.0	0.015
4278	0.0	0.0	0.038
4279	0.0	0.0	0.104
4280	0.0	0.0	0.111
4281	0.0	0.0	0.111
4282	0.0	0.0	0.117
4283	0.0	0.0	0.111
4284	0.0	0.0	0.108
4285	0.0	0.0	0.100
4286	0.0	0.0	0.088
4287	0.0	0.0	0.080
4288	0.0	0.0	0.075
4289	0.0	0.0	0.078
4290	0.0	0.0	0.096
4291	0.0	0.0	0.107
4292	0.0	0.0	0.133
4293	0.0	0.0	0.137
4294	0.0	0.0	0.127
4295	0.0	0.0	0.077
4296	0.0	0.0	0.048
4297	0.0	0.0	0.033
4298	0.0	0.0	0.018
4299	0.0	0.0	0.007
4300	0.0	0.0	0.005
4301	0.0	0.0	0.015
4302	0.0	0.0	0.038
4303	0.0	0.0	0.104
4304	0.0	0.0	0.111
4305	0.0	0.0	0.111
4306	0.0	0.0	0.117
4307	0.0	0.0	0.111
4308	0.0	0.0	0.108
4309	0.0	0.0	0.100
4310	0.0	0.0	0.088
4311	0.0	0.0	0.080
4312	0.0	0.0	0.075
4313	0.0	0.0	0.078
4314	0.0	0.0	0.096
4315	0.0	0.0	0.107
4316	0.0	0.0	0.133
4317	0.0	0.0	0.137
4318	0.0	0.0	0.127
4319	0.0	0.0	0.077
4320	0.0	0.0	0.048
4321	0.0	0.0	0.033
4322	0.0	0.0	0.018
4323	0.0	0.0	0.007
4324	0.0	0.0	0.005
4325	0.0	0.0	0.015
4326	0.0	0.0	0.038
4327	0.0	0.0	0.104
4328	0.0	0.0	0.111
4329	0.0	0.0	0.111
4330	0.0	0.0	0.117
4331	0.0	0.0	0.111
4332	0.0	0.0	0.108
4333	0.0	0.0	0.100
4334	0.0	0.0	0.088
4335	0.0	0.0	0.080
4336	0.0	0.0	0.075
4337	0.0	0.0	0.078
4338	0.0	0.0	0.096
4339	0.0	0.0	0.107
4340	0.0	0.0	0.133
4341	0.0	0.0	0.137
4342	0.0	0.0	0.127
4343	0.0	0.0	0.077
4344	0.0	0.0	0.048
4345	0.0	0.0	0.033
4346	0.0	0.0	0.018
4347	0.0	0.0	0.007
4348	0.0	0.0	0.005
4349	0.0	0.0	0.015
4350	0.0	0.0	0.038
4351	0.0	0.0	0.104
4352	0.0	0.0	0.111
4353	0.0	0.0	0.111
4354	0.0	0.0	0.117
4355	0.0	0.0	0.111
4356	0.0	0.0	0.108
4357	0.0	0.0	0.100
4358	0.0	0.0	0.088
4359	0.0	0.0	0.080
4360	0.0	0.0	0.075
4361	0.0	0.0	0.078
4362	0.0	0.0	0.096
4363	0.0	0.0	0.107
4364	0.0	0.0	0.133
4365	0.0	0.0	0.137
4366	0.0	0.0	0.127
4367	0.0	0.0	0.077
4368	0.0	0.0	0.048
4369	0.0	0.0	0.033
4370	0.0	0.0	0.018
4371	0.0	0.0	0.007
4372	0.0	0.0	0.005
4373	0.0	0.0	0.015
4374	0.0	0.0	0.038
4375	0.0	0.0	0.104
4376	0.0	0.0	0.111
4377	0.0	0.0	0.111
4378	0.0	0.0	0.117
4379	0.0	0.0	0.111
4380	0.0	0.0	0.108
4381	0.0	0.0	0.100
4382	0.0	0.0	0.088
4383	0.0	0.0	0.080
4384	0.0	0.0	0.075
4385	0.0	0.0	0.078
4386	0.0	0.0	0.096
4387	0.0	0.0	0.107
4388	0.0	0.0	0.133
4389	0.0	0.0	0.137
4390	0.0	0.0	0.127
4391	0.0	0.0	0.077
4392	0.0	0.0	0.048
4393	0.0	0.0	0.033
4394	0.0	0.0	0.018
4395	0.0	0.0	0.007
4396	0.0	0.0	0.005
4397	0.0	0.0	0.015
4398	0.0	0.0	0.038
4399	0.0	0.0	0.104
4400	0.0	0.0	0.111
4401	0.0	0.0	0.111
4402	0.0	0.0	0.117
4403	0.0	0.0	0.111
4404	0.0	0.0	0.108
4405	0.0	0.0	0.100
4406	0.0	0.0	0.088
4407	0.0	0.0	0.080
4408	0.0	0.0	0.075
4409	0.0	0.0	0.078
4410	0.0	0.0	0.096
4411	0.0	0.0	0.107
4412	0.0	0.0	0.133
4413	0.0	0.0	0.137
4414	0.0	0.0	0.127
4415	0.0	0.0	0.077
4416	0.0	0.0	0.048
4417	0.0	0.0	0.033
4418	0.0	0.0	0.018
4419	0.0	0.0	0.007
4420	0.0	0.0	0.005
4421	0.0	0.0	0.015
4422	0.0	0.0	0.038
4423	0.0	0.0	0.104
4424	0.0	0.0	0.111
4425	0.0	0.0	0.111
4426	0.0	0.0	0.117
4427	0.0	0.0	0.111
4428	0.0	0.0	0.108
4429	0.0	0.0	0.100
4430	0.0	0.0	0.088
4431	0.0	0.0	0.080
4432	0.0	0.0	0.075
4433	0.0	0.0	0.078
4434	0.0	0.0	0.096
4435	0.0	0.0	0.107
4436	0.0	0.0	0.133
4437	0.0	0.0	0.137
4438	0.0	0.0	0.127
4439	0.0	0.0	0.077
4440	0.0	0.0	0.048
4441	0.0	0.0	0.033
4442	0.0	0.0	0.018
4443	0.0	0.0	0.007
4444	0.0	0.0	0.005
4445	0.0	0.0	0.015
4446	0.0	0.0	0.038
4447	0.0	0.0	0.104
4448	0.0	0.0	0.111
4449	0.0	0.0	0.111
4450	0.0	0.0	0.117
4451	0.0	0.0	0.111
4452	0.0	0.0	0.108
4453	0.0	0.0	0.100
4454	0.0	0.0	0.088
4455	0.0	0.0	0.080
4456	0.0	0.0	0.075
4457	0.0	0.0	0.078
4458	0.0	0.0	0.096
4459	0.0	0.0	0.107
4460	0.0	0.0	0.133
4461	0.0	0.0	0.137
4462	0.0	0.0	0.127
4463	0.0	0.0	0.077
4464	0.0	0.0	0.048
4465	0.0	0.0	0.033
4466	0.0	0.0	0.018
4467	0.0	0.0	0.007
4468	0.0	0.0	0.005
4469	0.0	0.0	0.015
4470	0.0	0.0	0.038
4471	0.0	0.0	0.104
4472	0.0	0.0	0.111
4473	0.0	0.0	0.111
4474	0.0	0.0	0.117
4475	0.0	0.0	0.111
4476	0.0	0.0	0.108
4477	0.0	0.0	0.100
4478	0.0	0.0	0.088
4479	0.0	0.0	0.080
4480	0.0	0.0	0.075
4481	0.0	0.0	0.078
4482	0.0	0.0	0.096
4483	0.0	0.0	0.107
4484	0.0	0.0	0.133
4485	0.0	0.0	0.137
4486	0.0	0.0	0.127
4487	0.0	0.0	0.077
4488	0.0	0.0	0.048
4489	0.0	0.0	0.033
4490	0.0	0.0	0.018
4491	0.0	0.0	0.007
4492	0.0	0.0	0.005
4493	0.0	0.0	0.015
4494	0.0	0.0	0.038
4495	0.0	0.0	0.104
4496	0.0	0.0	0.111
4497	0.0	0.0	0.111
4498	0.0	0.0	0.117
4499	0.0	0.0	0.111
4500	0.0	0.0	0.108
4501	0.0	0.0	0.100
4502	0.0	0.0	0.088
4503	0.0	0.0	0.080
4504	0.0	0.0	0.075
4505	0.0	0.0	0.078
4506	0.0	0.0	0.096
4507	0.0	0.0	0.107
4508	0.0	0.0	0.133
4509	0.0	0.0	0.137
4510	0.0	0.0	0.127
4511	0.0	0.0	0.077
4512	0.0	0.0	0.048
4513	0.0	0.0	0.033
4514	0.0	0.0	0.018
4515	0.0	0.0	0.007
4516	0.0	0.0	0.005
4517	0.0	0.0	0.015
4518	0.0	0.0	0.038
4519	0.0	0.0	0.104
4520	0.0	0.0	0.111
4521	0.0	0.0	0.111
4522	0.0	0.0	0.117
4523	0.0	0.0	0.111
4524	0.0	0.0	0.108
4525	0.0	0.0	0.100
4526	0.0	0.0	0.088
4527	0.0	0.0	0.080
4528	0.0	0.0	0.075
4529	0.0	0.0	0.078
4530	0.0	0.0	0.096
4531	0.0	0.0	0.107
4532	0.0	0.0	0.133
4533	0.0	0.0	0.137
4534	0.0	0.0	0.127
4535	0.0	0.0	0.077
4536	0.0	0.0	0.048
4537	0.0	0.0	0.033
4538	0.0	0.0	0.018
4539	0.0	0.0	0.007
4540	0.0	0.0	0.005
4541	0.0	0.0	0.015
4542	0.0	0.0	0.038
4543	0.0	0.0	0.104
4544	0.0	0.0	0.111
4545	0.0	0.0	0.111
4546	0.0	0.0	0.117
4547	0.0	0.0	0.111
4548	0.0	0.0	0.108
4549	0.0	0.0	0.100
4550	0.0	0.0	0.088
4551	0.0	0.0	0.080
4552	0.0	0.0	0.075
4553	0.0	0.0	0.078
4554	0.0	0.0	0.096
4555	0.0	0.0	0.107
4556	0.0	0.0	0.133
4557	0.0	0.0	0.137
4558	0.0	0.0	0.127
4559	0.0	0.0	0.077
4560	0.0	0.0	0.048
4561	0.0	0.0	0.033
4562	0.0	0.0	0.018
4563	0.0	0.0	0.007
4564	0.0	0.0	0.005
4565	0.0	0.0	0.015
4566	0.0	0.0	0.038
4567	0.0	0.0	0.104
4568	0.0	0.0	0.111
4569	0.0	0.0	0.111
4570	0.0	0.0	0.117
4571	0.0	0.0	0.111
4572	0.0	0.0	0.108
4573	0.0	0.0	0.100
4574	0.0	0.0	0.088
4575	0.0	0.0	0.080
4576	0.0	0.0	0.075
4577	0.0	0.0	0.078
4578	0.0	0.0	0.096
4579	0.0	0.0	0.107
4580	0.0	0.0	0.133
4581	0.0	0.0	0.137
4582	0.0	0.0	0.127
4583	0.0	0.0	0.077
4584	0.0	0.0	0.048
4585	0.0	0.0	0.033
4586	0.0	0.0	0.018
4587	0.0	0.0	0.007
4588	0.0	0.0	0.005
4589	0.0	0.0	0.015
4590	0.0	0.0	0.038
4591	0.0	0.0	0.104
4592	0.0	0.0	0.111
4593	0.0	0.0	0.111
4594	0.0	0.0	0.117
4595	0.0	0.0	0.111
4596	0.0	0.0	0.108
4597	0.0	0.0	0.100
4598	0.0	0.0	0.088
4599	0.0	0.0	0.080
4600	0.0	0.0	0.075
4601	0.0	0.0	0.078
4602	0.0	0.0	0.096
4603	0.0	0.0	0.107
4604	0.0	0.0	0.133
4605	0.0	0.0	0.137
4606	0.0	0.0	0.127
4607	0.0	0.0	0.077
4608	0.0	0.0	0.048
4609	0.0	0.0	0.033
4610	0.0	0.0	0.018
4611	0.0	0.0	0.007
4612	0.0	0.0	0.005
4613	0.0	0.0	0.015
4614	0.0	0.0	0.038
4615	0.0	0.0	0.104
4616	0.0	0.0	0.111
4617	0.0	0.0	0.111
4618	0.0	0.0	0.117
4619	0.0	0.0	0.111
4620	0.0	0.0	0.108
4621	0.0	0.0	0.100
4622	0.0	0.0	0.088
4623	0.0	0.0	0.080
4624	0.0	0.0	0.075
4625	0.0	0.0	0.078
4626	0.0	0.0	0.096
4627	0.0	0.0	0.107
4628	0.0	0.0	0.133
4629	0.0	0.0	0.137
4630	0.0	0.0	0.127
4631	0.0	0.0	0.077
4632	0.0	0.0	0.048
4633	0.0	0.0	0.033
4634	0.0	0.0	0.018
4635	0.0	0.0	0.007
4636	0.0	0.0	0.005
4637	0.0	0.0	0.015
4638	0.0	0.0	0.038
4639	0.0	0.0	0.104
4640	0.0	0.0	0.111
4641	0.0	0.0	0.111
4642	0.0	0.0	0.117
4643	0.0	0.0	0.111
4644	0.0	0.0	0.108
4645	0.0	0.0	0.100
4646	0.0	0.0	0.088
4647	0.0	0.0	0.080
4648	0.0	0.0	0.075
4649	0.0	0.0	0.078
4650	0.0	0.0	0.096
4651	0.0	0.0	0.107
4652	0.0	0.0	0.133
4653	0.0	0.0	0.137
4654	0.0	0.0	0.127
4655	0.0	0.0	0.077
4656	0.0	0.0	0.048
4657	0.0	0.0	0.033
4658	0.0	0.0	0.018
4659	0.0	0.0	0.007
4660	0.0	0.0	0.005
4661	0.0	0.0	0.015
4662	0.0	0.0	0.038
4663	0.0	0.0	0.104
4664	0.0	0.0	0.111
4665	0.0	0.0	0.111
4666	0.0	0.0	0.117
4667	0.0	0.0	0.111
4668	0.0	0.0	0.108
4669	0.0	0.0	0.100
4670	0.0	0.0	0.088
4671	0.0	0.0	0.080
4672	0.0	0.0	0.075
4673	0.0	0.0	0.078
4674	0.0	0.0	0.096
4675	0.0	0.0	0.107
4676	0.0	0.0	0.133
4677	0.0	0.0	0.137
4678	0.0	0.0	0.127
4679	0.0	0.0	0.077
4680	0.0	0.0	0.048
4681	0.0	0.0	0.033
4682	0.0	0.0	0.018
4683	0.0	0.0	0.007
4684	0.0	0.0	0.005
4685	0.0	0.0	0.015
4686	0.0	0.0	0.038
4687	0.0	0.0	0.104
4688	0.0	0.0	0.111
4689	0.0	0.0	0.111
4690	0.0	0.0	0.117
4691	0.0	0.0	0.111
4692	0.0	0.0	0.108
4693	0.0	0.0	0.100
4694	0.0	0.0	0.088
4695	0.0	0.0	0.080
4696	0.0	0.0	0.075
4697	0.0	0.0	0.078
4698	0.0	0.0	0.096
4699	0.0	0.0	0.107
4700	0.0	0.0	0.133
4701	0.0	0.0	0.137
4702	0.0	0.0	0.127
4703	0.0	0.0	0.077
4704	0.0	0.0	0.048
4705	0.0	0.0	0.033
4706	0.0	0.0	0.018
4707	0.0	0.0	0.007
4708	0.0	0.0	0.005
4709	0.0	0.0	0.015
4710	0.0	0.0	0.038
4711	0.0	0.0	0.104
4712	0.0	0.0	0.111
4713	0.0	0.0	0.111
4714	0.0	0.0	0.117
4715	0.0	0.0	0.111
4716	0.0	0.0	0.108
4717	0.0	0.0	0.100
4718	0.0	0.0	0.088
4719	0.0	0.0	0.080
4720	0.0	0.0	0.075
4721	0.0	0.0	0.078
4722	0.0	0.0	0.096
4723	0.0	0.0	0.107
4724	0.0	0.0	0.133
4725	0.0	0.0	0.137
4726	0.0	0.0	0.127
4727	0.0	0.0	0.077
4728	0.0	0.0	0.048
4729	0.0	0.0	0.033
4730	0.0	0.0	0.018
4731	0.0	0.0	0.007
4732	0.0	0.0	0.005
4733	0.0	0.0	0.015
4734	0.0	0.0	0.038
4735	0.0	0.0	0.104
4736	0.0	0.0	0.111
4737	0.0	0.0	0.111
4738	0.0	0.0	0.117
4739	0.0	0.0	0.111
4740	0.0	0.0	0.108
4741	0.0	0.0	0.100
4742	0.0	0.0	0.088
4743	0.0	0.0	0.080
4744	0.0	0.0	0.075
4745	0.0	0.0	0.078
4746	0.0	0.0	0.096
4747	0.0	0.0	0.107
4748	0.0	0.0	0.133
4749	0.0	0.0	0.137
4750	0.0	0.0	0.127
4751	0.0	0.0	0.077
4752	0.0	0.0	0.048
4753	0.0	0.0	0.033
4754	0.0	0.0	0.018
4755	0.0	0.0	0.007
4756	0.0	0.0	0.005
4757	0.0	0.0	0.015
4758	0.0	0.0	0.038
4759	0.0	0.0	0.104
4760	0.0	0.0	0.111
4761	0.0	0.0	0.111
4762	0.0	0.0	0.117
4763	0.0	0.0	0.111
4764	0.0	0.0	0.108
4765	0.0	0.0	0.100
4766	0.0	0.0	0.088
4767	0.0	0.0	0.080
4768	0.0	0.0	0.075
4769	0.0	0.0	0.078
4770	0.0	0.0	0.096
4771	0.0	0.0	0.107
4772	0.0	0.0	0.133
4773	0.0	0.0	0.137
4774	0.0	0.0	0.127
4775	0.0	0.0	0.077
4776	0.0	0.0	0.048
4777	0.0	0.0	0.033
4778	0.0	0.0	0.018
4779	0.0	0.0	0.007
4780	0.0	0.0	0.005
4781	0.0	0.0	0.015
4782	0.0	0.0	0.038
4783	0.0	0.0	0.104
4784	0.0	0.0	0.111
4785	0.0	0.0	0.111
4786	0.0	0.0	0.117
4787	0.0	0.0	0.111
4788	0.0	0.0	0.108
4789	0.0	0.0	0.100
4790	0.0	0.0	0.088
4791	0.0	0.0	0.080
4792	0.0	0.0	0.075
4793	0.0	0.0	0.078
4794	0.0	0.0	0.096
4795	0.0	0.0	0.107
4796	0.0	0.0	0.133
4797	0.0	0.0	0.137
4798	0.0	0.0	0.127
4799	0.0	0.0	0.077
4800	0.0	0.0	0.048
4801	0.0	0.0	0.033
4802	0.0	0.0	0.018
4803	0.0	0.0	0.007
4804	0.0	0.0	0.005
4805	0.0	0.0	0.015
4806	0.0	0.0	0.038
4807	0.0	0.0	0.104
4808	0.0	0.0	0.111
4809	0.0	0.0	0.111
4810	0.0	0.0	0.117
4811	0.0	0.0	0.111
4812	0.0	0.0	0.108
4813	0.0	0.0	0.100
4814	0.0	0.0	0.088
4815	0.0	0.0	0.080
4816	0.0	0.0	0.075
4817	0.0	0.0	0.078
4818	0.0	0.0	0.096
4819	0.0	0.0	0.107
4820	0.0	0.0	0.133
4821	0.0	0.0	0.137
4822	0.0	0.0	0.127
4823	0.0	0.0	0.077
4824	0.0	0.0	0.048
4825	0.0	0.0	0.033
4826	0.0	0.0	0.018
4827	0.0	0.0	0.007
4828	0.0	0.0	0.005
4829	0.0	0.0	0.015
4830	0.0	0.0	0.038
4831	0.0	0.0	0.104
4832	0.0	0.0	0.111
4833	0.0	0.0	0.111
4834	0.0	0.0	0.117
4835	0.0	0.0	0.111
4836	0.0	0.0	0.108
4837	0.0	0.0	0.100
4838	0.0	0.0	0.088
4839	0.0	0.0	0.080
4840	0.0	0.0	0.075
4841	0.0	0.0	0.078
4842	0.0	0.0	0.096
4843	0.0	0.0	0.107
4844	0.0	0.0	0.133
4845	0.0	0.0	0.137
4846	0.0	0.0	0.127
4847	0.0	0.0	0.077
4848	0.0	0.0	0.048
4849	0.0	0.0	0.033
4850	0.0	0.0	0.018
4851	0.0	0.0	0.007
4852	0.0	0.0	0.005
4853	0.0	0.0	0.015
4854	0.0	0.0	0.038
4855	0.0	0.0	0.104
4856	0.0	0.0	0.111
4857	0.0	0.0	0.111
4858	0.0	0.0	0.117
4859	0.0	0.0	0.111
4860	0.0	0.0	0.108
4861	0.0	0.0	0.100
4862	0.0	0.0	0.088
4863	0.0	0.0	0.080
4864	0.0	0.0	0.075
4865	0.0	0.0	0.078
4866	0.0	0.0	0.096
4867	0.0	0.0	0.107
4868	0.0	0.0	0.133
4869	0.0	0.0	0.137
4870	0.0	0.0	0.127
4871	0.0	0.0	0.077
4872	0.0	0.0	0.048
4873	0.0	0.0	0.033
4874	0.0	0.0	0.018
4875	0.0	0.0	0.007
4876	0.0	0.0	0.005
4877	0.0	0.0	0.015
4878	0.0	0.0	0.038
4879	0.0	0.0	0.104
4880	0.0	0.0	0.111
4881	0.0	0.0	0.111
4882	0.0	0.0	0.117
4883	0.0	0.0	0.111
4884	0.0	0.0	0.108
4885	0.0	0.0	0.100
4886	0.0	0.0	0.088
4887	0.0	0.0	0.080
4888	0.0	0.0	0.075
4889	0.0	0.0	0.078
4890	0.0	0.0	0.096
4891	0.0	0.0	0.107
4892	0.0	0.0	0.133
4893	0.0	0.0	0.137
4894	0.0	0.0	0.127
4895	0.0	0.0	0.077
4896	0.0	0.0	0.048
4897	0.0	0.0	0.033
4898	0.0	0.0	0.018
4899	0.0	0.0	0.007
4900	0.0	0.0	0.005
4901	0.0	0.0	0.015
4902	0.0	0.0	0.038
4903	0.0	0.0	0.104
4904	0.0	0.0	0.111
4905	0.0	0.0	0.111
4906	0.0	0.0	0.117
4907	0.0	0.0	0.111
4908	0.0	0.0	0.108
4909	0.0	0.0	0.100
4910	0.0	0.0	0.088
4911	0.0	0.0	0.080
4912	0.0	0.0	0.075
4913	0.0	0.0	0.078
4914	0.0	0.0	0.096
4915	0.0	0.0	0.107
4916	0.0	0.0	0.133
4917	0.0	0.0	0.137
4918	0.0	0.0	0.127
4919	0.0	0.0	0.077
4920	0.0	0.0	0.048
4921	0.0	0.0	0.033
4922	0.0	0.0	0.018
4923	0.0	0.0	0.007
4924	0.0	0.0	0.005
4925	0.0	0.0	0.015
4926	0.0	0.0	0.038
4927	0.0	0.0	0.104
4928	0.0	0.0	0.111
4929	0.0	0.0	0.111
4930	0.0	0.0	0.117
4931	0.0	0.0	0.111
4932	0.0	0.0	0.108
4933	0.0	0.0	0.100
4934	0.0	0.0	0.088
4935	0.0	0.0	0.080
4936	0.0	0.0	0.075
4937	0.0	0.0	0.078
4938	0.0	0.0	0.096
4939	0.0	0.0	0.107
4940	0.0	0.0	0.133
4941	0.0	0.0	0.137
4942	0.0	0.0	0.127
4943	0.0	0.0	0.077
4944	0.0	0.0	0.048
4945	0.0	0.0	0.033
4946	0.0	0.0	0.018
4947	0.0	0.0	0.007
4948	0.0	0.0	0.005
4949	0.0	0.0	0.015
4950	0.0	0.0	0.038
4951	0.0	0.0	0.104
4952	0.0	0.0	0.111
4953	0.0	0.0	0.111
4954	0.0	0.0	0.117
4955	0.0	0.0	0.111
4956	0.0	0.0	0.108
4957	0.0	0.0	0.100
4958	0.0	0.0	0.088
4959	0.0	0.0	0.080
4960	0.0	0.0	0.075
4961	0.0	0.0	0.078
4962	0.0	0.0	0.096
4963	0.0	0.0	0.107
4964	0.0	0.0	0.133
4965	0.0	0.0	0.137
4966	0.0	0.0	0.127
4967	0.0	0.0	0.077
4968	0.0	0.0	0.048
4969	0.0	0.0	0.033
4970	0.0	0.0	0.018
4971	0.0	0.0	0.007
4972	0.0	0.0	0.005
4973	0.0	0.0	0.015
4974	0.0	0.0	0.038
4975	0.0	0.0	0.104
4976	0.0	0.0	0.111
4977	0.0	0.0	0.111
4978	0.0	0.0	0.117
4979	0.0	0.0	0.111
4980	0.0	0.0	0.108
4981	0.0	0.0	0.100
4982	0.0	0.0	0.088
4983	0.0	0.0	0.080
4984	0.0	0.0	0.075
4985	0.0	0.0	0.078
4986	0.0	0.0	0.096
4987	0.0	0.0	0.107
4988	0.0	0.0	0.133
4989	0.0	0.0	0.137
4990	0.0	0.0	0.127
4991	0.0	0.0	0.077
4992	0.0	0.0	0.048
4993	0.0	0.0	0.033
4994	0.0	0.0	0.018
4995	0.0	0.0	0.007
4996	0.0	0.0	0.005
4997	0.0	0.0	0.015
4998	0.0	0.0	0.038
4999	0.0	0.0	0.104
5000	0.0	0.0	0.111
5001	0.0	0.0	0.111
5002	0.0	0.0	0.117
5003	0.0	0.0	0.111
5004	0.0	0.0	0.108
5005	0.0	0.0	0.100
5006	0.0	0.0	0.088
5007	0.0	0.0	0.080
5008	0.0	0.0	0.075
5009	0.0	0.0	0.078
5010	0.0	0.0	0.096
5011	0.0	0.0	0.107
5012	0.0	0.0	0.133
5013	0.0	0.0	0.137
5014	0.0	0.0	0.127
5015	0.0	0.0	0.077
5016	0.0	0.0	0.048
5017	0.0	0.0	0.033
5018	0.0	0.0	0.018
5019	0.0	0.0	0.007
5020	0.0	0.0	0.005
5021	0.0	0.0	0.015
5022	0.0	0.0	0.038
5023	0.0	0.0	0.104
5024	0.0	0.0	0.111
5025	0.0	0.0	0.111
5026	0.0	0.0	0.117
5027	0.0	0.0	0.111
5028	0.0	0.0	0.108
5029	0.0	0.0	0.100
5030	0.0	0.0	0.088
5031	0.0	0.0	0.080
5032	0.0	0.0	0.075
5033	0.0	0.0	0.078
5034	0.0	0.0	0.096
5035	0.0	0.0	0.107
5036	0.0	0.0	0.133
5037	0.0	0.0	0.137
5038	0.0	0.0	0.127
5039	0.0	0.0	0.077
5040	0.0	0.0	0.048
5041	0.0	0.0	0.033
5042	0.0	0.0	0.018
5043	0.0	0.0	0.007
5044	0.0	0.0	0.005
5045	0.0	0.0	0.015
5046	0.0	0.0	0.038
5047	0.0	0.0	0.104
5048	0.0	0.0	0.111
5049	0.0	0.0	0.111
5050	0.0	0.0	0.117
5051	0.0	0.0	0.111
5052	0.0	0.0	0.108
5053	0.0	0.0	0.100
5054	0.0	0.0	0.088
5055	0.0	0.0	0.080
5056	0.0	0.0	0.075
5057	0.0	0.0	0.078
5058	0.0	0.0	0.096
5059	0.0	0.0	0.107
5060	0.0	0.0	0.133
5061	0.0	0.0	0.137
5062	0.0	0.0	0.127
5063	0.0	0.0	0.077
5064	0.0	0.0	0.048
5065	0.0	0.0	0.033
5066	0.0	0.0	0.018
5067	0.0	0.0	0.007
5068	0.0	0.0	0.005
5069	0.0	0.0	0.015
5070	0.0	0.0	0.038
5071	0.0	0.0	0.104
5072	0.0	0.0	0.111
5073	0.0	0.0	0.111
5074	0.0	0.0	0.117
5075	0.0	0.0	0.111
5076	0.0	0.0	0.108
5077	0.0	0.0	0.100
5078	0.0	0.0	0.088
5079	0.0	0.0	0.080
5080	0.0	0.0	0.075
5081	0.0	0.0	0.078
5082	0.0	0.0	0.096
5083	0.0	0.0	0.107
5084	0.0	0.0	0.133
5085	0.0	0.0	0.137
5086	0.0	0.0	0.127
5087	0.0	0.0	0.077
5088	0.0	0.0	0.048
5089	0.0	0.0	0.033
5090	0.0	0.0	0.018
5091	0.0	0.0	0.007
5092	0.0	0.0	0.005
5093	0.0	0.0	0.015
5094	0.0	0.0	0.038
5095	0.0	0.0	0.104
5096	0.0	0.0	0.111
5097	0.0	0.0	0.111
5098	0.0	0.0	0.117
5099	0.0	0.0	0.111
5100	0.0	0.0	0.108
5101	0.0	0.0	0.100
5102	0.0	0.0	0.088
5103	0.0	0.0	0.080
5104	0.0	0.0	0.075
5105	0.0	0.0	0.078
5106	0.0	0.0	0.096
5107	0.0	0.0	0.107
5108	0.0	0.0	0.133
5109	0.0	0.0	0.137
5110	0.0	0.0	0.127
5111	0.0	0.0	0.077
5112	0.0	0.0	0.048
5113	0.0	0.0	0.033
5114	0.0	0.0	0.018
5115	0.0	0.0	0.007
5116	0.0	0.0	0.005
5117	0.0	0.0	0.015
5118	0.0	0.0	0.038
5119	0.0	0.0	0.104
5120	0.0	0.0	0.111
5121	0.0	0.0	0.111
5122	0.0	0.0	0.117
5123	0.0	0.0	0.111
5124	0.0	0.0	0.108
5125	0.0	0.0	0.100
5126	0.0	0.0	0.088
5127	0.0	0.0	0.080
5128	0.0	0.0	0.075
5129	0.0	0.0	0.078
5130	0.0	0.0	0.096
5131	0.0	0.0	0.107
5132	0.0	0.0	0.133
5133	0.0	0.0	0.137
5134	0.0	0.0	0.127
5135	0.0	0.0	0.077
5136	0.0	0.0	0.048
5137	0.0	0.0	0.033
5138	0.0	0.0	0.018
5139	0.0	0.0	0.007
5140	0.0	0.0	0.005
5141	0.0	0.0	0.015
5142	0.0	0.0	0.038
5143	0.0	0.0	0.104
5144	0.0	0.0	0.111
5145	0.0	0.0	0.111
5146	0.0	0.0	0.117
5147	0.0	0.0	0.111
5148	0.0	0.0	0.108
5149	0.0	0.0	0.100
5150	0.0	0.0	0.088
5151	0.0	0.0	0.080
5152	0.0	0.0	0.075
5153	0.0	0.0	0.078
5154	0.0	0.0	0.096
5155	0.0	0.0	0.107
5156	0.0	0.0	0.133
5157	0.0	0.0	0.137
5158	0.0	0.0	0.127
5159	0.0	0.0	0.077
5160	0.0	0.0	0.048
5161	0.0	0.0	0.033
5162	0.0	0.0	0.018
5163	0.0	0.0	0.007
5164	0.0	0.0	0.005
5165	0.0	0.0	0.015
5166	0.0	0.0	0.038
5167	0.0	0.0	0.104
5168	0.0	0.0	0.111
5169	0.0	0.0	0.111
5170	0.0	0.0	0.117
5171	0.0	0.0	0.111
5172	0.0	0.0	0.108
5173	0.0	0.0	0.100
5174	0.0	0.0	0.088
5175	0.0	0.0	0.080
5176	0.0	0.0	0.075
5177	0.0	0.0	0.078
5178	0.0	0.0	0.096
5179	0.0	0.0	0.107
5180	0.0	0.0	0.133
5181	0.0	0.0	0.137
5182	0.0	0.0	0.127
5183	0.0	0.0	0.077
5184	0.0	0.0	0.048
5185	0.0	0.0	0.033
5186	0.0	0.0	0.018
5187	0.0	0.0	0.007
5188	0.0	0.0	0.005
5189	0.0	0.0	0.015
5190	0.0	0.0	0.038
5191	0.0	0.0	0.104
5192	0.0	0.0	0.111
5193	0.0	0.0	0.111
5194	0.0	0.0	0.117
5195	0.0	0.0	0.111
5196	0.0	0.0	0.108
5197	0.0	0.0	0.100
5198	0.0	0.0	0.088
5199	0.0	0.0	0.080
5200	0.0	0.0	0.075
5201	0.0	0.0	0.078
5202	0.0	0.0	0.096
5203	0.0	0.0	0.107
5204	0.0	0.0	0.133
5205	0.0	0.0	0.137
5206	0.0	0.0	0.127
5207	0.0	0.0	0.077
5208	0.0	0.0	0.048
5209	0.0	0.0	0.033
5210	0.0	0.0	0.018
5211	0.0	0.0	0.007
5212	0.0	0.0	0.005
5213	0.0	0.0	0.015
5214	0.0	0.0	0.038
5215	0.0	0.0	0.104
5216	0.0	0.0	0.111
5217	0.0	0.0	0.111
5218	0.0	0.0	0.117
5219	0.0	0.0	0.111
5220	0.0	0.0	0.108
5221	0.0	0.0	0.100
5222	0.0	0.0	0.088
5223	0.0	0.0	0.080
5224	0.0	0.0	0.075
5225	0.0	0.0	0.078
5226	0.0	0.0	0.096
5227	0.0	0.0	0.107
5228	0.0	0.0	0.133
5229	0.0	0.0	0.137
5230	0.0	0.0	0.127
5231	0.0	0.0	0.077
5232	0.0	0.0	0.048
5233	0.0	0.0	0.033
5234	0.0	0.0	0.018
5235	0.0	0.0	0.007
5236	0.0	0.0	0.005
5237	0.0	0.0	0.015
5238	0.0	0.0	0.038
5239	0.0	0.0	0.104
5240	0.0	0.0	0.111
5241	0.0	0.0	0.111
5242	0.0	0.0	0.117
5243	0.0	0.0	0.111
5244	0.0	0.0	0.108
5245	0.0	0.0	0.100
5246	0.0	0.0	0.088
5247	0.0	0.0	0.080
5248	0.0	0.0	0.075
5249	0.0	0.0	0.078
5250	0.0	0.0	0.096
5251	0.0	0.0	0.107
5252	0.0	0.0	0.133
5253	0.0	0.0	0.137
5254	0.0	0.0	0.127
5255	0.0	0.0	0.077
5256	0.0	0.0	0.048
5257	0.0	0.0	0.033
5258	0.0	0.0	0.018
5259	0.0	0.0	0.007
5260	0.0	0.0	0.005
5261	0.0	0.0	0.015
5262	0.0	0.0	0.038
5263	0.0	0.0	0.104
5264	0.0	0.0	0.111
5265	0.0	0.0	0.111
5266	0.0	0.0	0.117
5267	0.0	0.0	0.111
5268	0.0	0.0	0.108
5269	0.0	0.0	0.100
5270	0.0	0.0	0.088
5271	0.0	0.0	0.080
5272	0.0	0.0	0.075
5273	0.0	0.0	0.078
5274	0.0	0.0	0.096
5275	0.0	0.0	0.107
5276	0.0	0.0	0.133
5277	0.0	0.0	0.137
5278	0.0	0.0	0.127
5279	0.0	0.0	0.077
5280	0.0	0.0	0.048
5281	0.0	0.0	0.033
5282	0.0	0.0	0.018
5283	0.0	0.0	0.007
5284	0.0	0.0	0.005
5285	0.0	0.0	0.015
5286	0.0	0.0	0.038
5287	0.0	0.0	0.104
5288	0.0	0.0	0.111
5289	0.0	0.0	0.111
5290	0.0	0.0	0.117
5291	0.0	0.0	0.111
5292	0.0	0.0	0.108
5293	0.0	0.0	0.100
5294	0.0	0.0	0.088
5295	0.0	0.0	0.080
5296	0.0	0.0	0.075
5297	0.0	0.0	0.078
5298	0.0	0.0	0.096
5299	0.0	0.0	0.107
5300	0.0	0.0	0.133
5301	0.0	0.0	0.137
5302	0.0	0.0	0.127
5303	0.0	0.0	0.077
5304	0.0	0.0	0.048
5305	0.0	0.0	0.033
5306	0.0	0.0	0.018
5307	0.0	0.0	0.007
5308	0.0	0.0	0.005
5309	0.0	0.0	0.015
5310	0.0	0.0	0.038
5311	0.0	0.0	0.104
5312	0.0	0.0	0.111
5313	0.0	0.0	0.111
5314	0.0	0.0	0.117
5315	0.0	0.0	0.111
5316	0.0	0.0	0.108
5317	0.0	0.0	0.100
5318	0.0	0.0	0.088
5319	0.0	0.0	0.080
5320	0.0	0.0	0.075
5321	0.0	0.0	0.078
5322	0.0	0.0	0.096
5323	0.0	0.0	0.107
5324	0.0	0.0	0.133
5325	0.0	0.0	0.137
5326	0.0	0.0	0.127
5327	0.0	0.0	0.077
5328	0.0	0.0	0.048
5329	0.0	0.0	0.033
5330	0.0	0.0	0.018
5331	0.0	0.0	0.007
5332	0.0	0.0	0.005
5333	0.0	0.0	0.015
5334	0.0	0.0	0.038
5335	0.0	0.0	0.104
5336	0.0	0.0	0.111
5337	0.0	0.0	0.111
5338	0.0	0.0	0.117
5339	0.0	0.0	0.111
5340	0.0	0.0	0.108
5341	0.0	0.0	0.100
5342	0.0	0.0	0.088
5343	0.0	0.0	0.080
5344	0.0	0.0	0.075
5345	0.0	0.0	0.078
5346	0.0	0.0	0.096
5347	0.0	0.0	0.107
5348	0.0	0.0	0.133
5349	0.0	0.0	0.137
5350	0.0	0.0	0.127
5351	0.0	0.0	0.077
5352	0.0	0.0	0.048
5353	0.0	0.0	0.033
5354	0.0	0.0	0.018
5355	0.0	0.0	0.007
5356	0.0	0.0	0.005
5357	0.0	0.0	0.015
5358	0.0	0.0	0.038
5359	0.0	0.0	0.104
5360	0.0	0.0	0.111
5361	0.0	0.0	0.111
5362	0.0	0.0	0.117
5363	0.0	0.0	0.111
5364	0.0	0.0	0.108
5365	0.0	0.0	0.100
5366	0.0	0.0	0.088
5367	0.0	0.0	0.080
5368	0.0	0.0	0.075
5369	0.0	0.0	0.078
5370	0.0	0.0	0.096
5371	0.0	0.0	0.107
5372	0.0	0.0	0.133
5373	0.0	0.0	0.137
5374	0.0	0.0	0.127
5375	0.0	0.0	0.077
5376	0.0	0.0	0.048
5377	0.0	0.0	0.033
5378	0.0	0.0	0.018
5379	0.0	0.0	0.007
5380	0.0	0.0	0.005
5381	0.0	0.0	0.015
5382	0.0	0.0	0.038
5383	0.0	0.0	0.104
5384	0.0	0.0	0.111
5385	0.0	0.0	0.111
5386	0.0	0.0	0.117
5387	0.0	0.0	0.111
5388	0.0	0.0	0.108
5389	0.0	0.0	0.100
5390	0.0	0.0	0.088
5391	0.0	0.0	0.080
5392	0.0	0.0	0.075
5393	0.0	0.0	0.078
5394	0.0	0.0	0.096
5395	0.0	0.0	0.107
5396	0.0	0.0	0.133
5397	0.0	0.0	0.137
5398	0.0	0.0	0.127
5399	0.0	0.0	0.077
5400	0.0	0.0	0.048
5401	0.0	0.0	0.033
5402	0.0	0.0	0.018
5403	0.0	0.0	0.007
5404	0.0	0.0	0.005
5405	0.0	0.0	0.015
5406	0.0	0.0	0.038
5407	0.0	0.0	0.104
5408	0.0	0.0	0.111
5409	0.0	0.0	0.111
5410	0.0	0.0	0.117
5411	0.0	0.0	0.111
5412	0.0	0.0	0.108
5413	0.0	0.0	0.100
5414	0.0	0.0	0.088
5415	0.0	0.0	0.080
5416	0.0	0.0	0.075
5417	0.0	0.0	0.078
5418	0.0	0.0	0.096
5419	0.0	0.0	0.107
5420	0.0	0.0	0.133
5421	0.0	0.0	0.137
5422	0.0	0.0	0.127
5423	0.0	0.0	0.077
5424	0.0	0.0	0.048
5425	0.0	0.0	0.033
5426	0.0	0.0	0.018
5427	0.0	0.0	0.007
5428	0.0	0.0	0.005
5429	0.0	0.0	0.015
5430	0.0	0.0	0.038
5431	0.0	0.0	0.104
5432	0.0	0.0	0.111
5433	0.0	0.0	0.111
5434	0.0	0.0	0.117
5435	0.0	0.0	0.111
5436	0.0	0.0	0.108
5437	0.0	0.0	0.100
5438	0.0	0.0	0.088
5439	0.0	0.0	0.080
5440	0.0	0.0	0.075
5441	0.0	0.0	0.078
5442	0.0	0.0	0.096
5443	0.0	0.0	0.107
5444	0.0	0.0	0.133
5445	0.0	0.0	0.137
5446	0.0	0.0	0.127
5447	0.0	0.0	0.077
5448	0.0	0.0	0.048
5449	0.0	0.0	0.033
5450	0.0	0.0	0.018
5451	0.0	0.0	0.007
5452	0.0	0.0	0.005
5453	0.0	0.0	0.015
5454	0.0	0.0	0.038
5455	0.0	0.0	0.104
5456	0.0	0.0	0.111
5457	0.0	0.0	0.111
5458	0.0	0.0	0.117
5459	0.0	0.0	0.111
5460	0.0	0.0	0.108
5461	0.0	0.0	0.100
5462	0.0	0.0	0.088
5463	0.0	0.0	0.080
5464	0.0	0.0	0.075
5465	0.0	0.0	0.078
5466	0.0	0.0	0.096
5467	0.0	0.0	0.107
5468	0.0	0.0	0.133
5469	0.0	0.0	0.137
5470	0.0	0.0	0.127
5471	0.0	0.0	0.077
5472	0.0	0.0	0.048
5473	0.0	0.0	0.033
5474	0.0	0.0	0.018
5475	0.0	0.0	0.007
5476	0.0	0.0	0.005
5477	0.0	0.0	0.015
5478	0.0	0.0	0.038
5479	0.0	0.0	0.104
5480	0.0	0.0	0.111
5481	0.0	0.0	0.111
5482	0.0	0.0	0.117
5483	0.0	0.0	0.111
5484	0.0	0.0	0.108
5485	0.0	0.0	0.100
5486	0.0	0.0	0.088
5487	0.0	0.0	0.080
5488	0.0	0.0	0.075
5489	0.0	0.0	0.078
5490	0.0	0.0	0.096
5491	0.0	0.0	0.107
5492	0.0	0.0	0.133
5493	0.0	0.0	0.137
5494	0.0	0.0	0.127
5495	0.0	0.0	0.077
5496	0.0	0.0	0.048
5497	0.0	0.0	0.033
5498	0.0	0.0	0.018
5499	0.0	0.0	0.007
5500	0.0	0.0	0.005
5501	0.0	0.0	0.015
5502	0.0	0.0	0.038
5503	0.0	0.0	0.104
5504	0.0	0.0	0.111
5505	0.0	0.0	0.111
5506	0.0	0.0	0.117
5507	0.0	0.0	0.111
5508	0.0	0.0	0.108
5509	0.0	0.0	0.100
5510	0.0	0.0	0.088
5511	0.0	0.0	0.080
5512	0.0	0.0	0.075
5513	0.0	0.0	0.078
5514	0.0	0.0	0.096
5515	0.0	0.0	0.107
5516	0.0	0.0	0.133
5517	0.0	0.0	0.137
5518	0.0	0.0	0.127
5519	0.0	0.0	0.077
5520	0.0	0.0	0.048
5521	0.0	0.0	0.033
5522	0.0	0.0	0.018
5523	0.0	0.0	0.007
5524	0.0	0.0	0.005
5525	0.0	0.0	0.015
5526	0.0	0.0	0.038
5527	0.0	0.0	0.104
5528	0.0	0.0	0.111
5529	0.0	0.0	0.111
5530	0.0	0.0	0.117
5531	0.0	0.0	0.111
5532	0.0	0.0	0.108
5533	0.0	0.0	0.100
5534	0.0	0.0	0.088
5535	0.0	0.0	0.080
5536	0.0	0.0	0.075
5537	0.0	0.0	0.078
5538	0.0	0.0	0.096
5539	0.0	0.0	0.107
5540	0.0	0.0	0.133
5541	0.0	0.0	0.137
5542	0.0	0.0	0.127
5543	0.0	0.0	0.077
5544	0.0	0.0	0.048
5545	0.0	0.0	0.033
5546	0.0	0.0	0.018
5547	0.0	0.0	0.007
5548	0.0	0.0	0.005
5549	0.0	0.0	0.015
5550	0.0	0.0	0.038
5551	0.0	0.0	0.104
5552	0.0	0.0	0.111
5553	0.0	0.0	0.111
5554	0.0	0.0	0.117
5555	0.0	0.0	0.111
5556	0.0	0.0	0.108
5557	0.0	0.0	0.100
5558	0.0	0.0	0.088
5559	0.0	0.0	0.080
5560	0.0	0.0	0.075
5561	0.0	0.0	0.078
5562	0.0	0.0	0.096
5563	0.0	0.0	0.107
5564	0.0	0.0	0.133
5565	0.0	0.0	0.137
5566	0.0	0.0	0.127
5567	0.0	0.0	0.077
5568	0.0	0.0	0.048
5569	0.0	0.0	0.033
5570	0.0	0.0	0.018
5571	0.0	0.0	0.007
5572	0.0	0.0	0.005
5573	0.0	0.0	0.015
5574	0.0	0.0	0.038
5575	0.0	0.0	0.104
5576	0.0	0.0	0.111
5577	0.0	0.0	0.111
5578	0.0	0.0	0.117
5579	0.0	0.0	0.111
5580	0.0	0.0	0.108
5581	0.0	0.0	0.100
5582	0.0	0.0	0.088
5583	0.0	0.0	0.080
5584	0.0	0.0	0.075
5585	0.0	0.0	0.078
5586	0.0	0.0	0.096
5587	0.0	0.0	0.107
5588	0.0	0.0	0.133
5589	0.0	0.0	0.137
5590	0.0	0.0	0.127
5591	0.0	0.0	0.077
5592	0.0	0.0	0.048
5593	0.0	0.0	0.033
5594	0.0	0.0	0.018
5595	0.0	0.0	0.007
5596	0.0	0.0	0.005
5597	0.0	0.0	0.015
5598	0.0	0.0	0.038
5599	0.0	0.0	0.104
5600	0.0	0.0	0.111
5601	0.0	0.0	0.111
5602	0.0	0.0	0.117
5603	0.0	0.0	0.111
5604	0.0	0.0	0.108
5605	0.0	0.0	0.100
5606	0.0	0.0	0.088
5607	0.0	0.0	0.080
5608	0.0	0.0	0.075
5609	0.0	0.0	0.078
5610	0.0	0.0	0.096
5611	0.0	0.0	0.107
5612	0.0	0.0	0.133
5613	0.0	0.0	0.137
5614	0.0	0.0	0.127
5615	0.0	0.0	0.077
5616	0.0	0.0	0.048
5617	0.0	0.0	0.033
5618	0.0	0.0	0.018
5619	0.0	0.0	0.007
5620	0.0	0.0	0.005
5621	0.0	0.0	0.015
5622	0.0	0.0	0.038
5623	0.0	0.0	0.104
5624	0.0	0.0	0.111
5625	0.0	0.0	0.111
5626	0.0	0.0	0.117
5627	0.0	0.0	0.111
5628	0.0	0.0	0.108
5629	0.0	0.0	0.100
5630	0.0	0.0	0.088
5631	0.0	0.0	0.080
5632	0.0	0.0	0.075
5633	0.0	0.0	0.078
5634	0.0	0.0	0.096
5635	0.0	0.0	0.107
5636	0.0	0.0	0.133
5637	0.0	0.0	0.137
5638	0.0	0.0	0.127
5639	0.0	0.0	0.077
5640	0.0	0.0	0.048
5641	0.0	0.0	0.033
5642	0.0	0.0	0.018
5643	0.0	0.0	0.007
5644	0.0	0.0	0.005
5645	0.0	0.0	0.015
5646	0.0	0.0	0.038
5647	0.0	0.0	0.104
5648	0.0	0.0	0.111
5649	0.0	0.0	0.111
5650	0.0	0.0	0.117
5651	0.0	0.0	0.111
5652	0.0	0.0	0.108
5653	0.0	0.0	0.100
5654	0.0	0.0	0.088
5655	0.0	0.0	0.080
5656	0.0	0.0	0.075
5657	0.0	0.0	0.078
5658	0.0	0.0	0.096
5659	0.0	0.0	0.107
5660	0.0	0.0	0.133
5661	0.0	0.0	0.137
5662	0.0	0.0	0.127
5663	0.0	0.0	0.077
5664	0.0	0.0	0.048
5665	0.0	0.0	0.033
5666	0.0	0.0	0.018
5667	0.0	0.0	0.007
5668	0.0	0.0	0.005
5669	0.0	0.0	0.015
5670	0.0	0.0	0.038
5671	0.0	0.0	0.104
5672	0.0	0.0	0.111
5673	0.0	0.0	0.111
5674	0.0	0.0	0.117
5675	0.0	0.0	0.111
5676	0.0	0.0	0.108
5677	0.0	0.0	0.100
5678	0.0	0.0	0.088
5679	0.0	0.0	0.080
5680	0.0	0.0	0.075
5681	0.0	0.0	0.078
5682	0.0	0.0	0.096
5683	0.0	0.0	0.107
5684	0.0	0.0	0.133
5685	0.0	0.0	0.137
5686	0.0	0.0	0.127
5687	0.0	0.0	0.077
5688	0.0	0.0	0.048
5689	0.0	0.0	0.033
5690	0.0	0.0	0.018
5691	0.0	0.0	0.007
5692	0.0	0.0	0.005
5693	0.0	0.0	0.015
5694	0.0	0.0	0.038
5695	0.0	0.0	0.104
5696	0.0	0.0	0.111
5697	0.0	0.0	0.111
5698	0.0	0.0	0.117
5699	0.0	0.0	0.111
5700	0.0	0.0	0.108
5701	0.0	0.0	0.100
5702	0.0	0.0	0.088
5703	0.0	0.0	0.080
5704	0.0	0.0	0.075
5705	0.0	0.0	0.078
5706	0.0	0.0	0.096
5707	0.0	0.0	0.107
5708	0.0	0.0	0.133
5709	0.0	0.0	0.137
5710	0.0	0.0	0.127
5711	0.0	0.0	0.077
5712	0.0	0.0	0.048
5713	0.0	0.0	0.033
5714	0.0	0.0	0.018
5715	0.0	0.0	0.007
5716	0.0	0.0	0.005
5717	0.0	0.0	0.015
5718	0.0	0.0	0.038
5719	0.0	0.0	0.104
5720	0.0	0.0	0.111
5721	0.0	0.0	0.111
5722	0.0	0.0	0.117
5723	0.0	0.0	0.111
5724	0.0	0.0	0.108
5725	0.0	0.0	0.100
5726	0.0	0.0	0.088
5727	0.0	0.0	0.080
5728	0.0	0.0	0.075
5729	0.0	0.0	0.078
5730	0.0	0.0	0.096
5731	0.0	0.0	0.107
5732	0.0	0.0	0.133
5733	0.0	0.0	0.137
5734	0.0	0.0	0.127
5735	0.0	0.0	0.077
5736	0.0	0.0	0.048
5737	0.0	0.0	0.033
5738	0.0	0.0	0.018
5739	0.0	0.0	0.007
5740	0.0	0.0	0.005
5741	0.0	0.0	0.015
5742	0.0	0.0	0.038
5743	0.0	0.0	0.104
5744	0.0	0.0	0.111
5745	0.0	0.0	0.111
5746	0.0	0.0	0.117
5747	0.0	0.0	0.111
5748	0.0	0.0	0.108
5749	0.0	0.0	0.100
5750	0.0	0.0	0.088
5751	0.0	0.0	0.080
5752	0.0	0.0	0.075
5753	0.0	0.0	0.078
5754	0.0	0.0	0.096
5755	0.0	0.0	0.107
5756	0.0	0.0	0.133
5757	0.0	0.0	0.137
5758	0.0	0.0	0.127
5759	0.0	0.0	0.077
5760	0.0	0.0	0.048
5761	0.0	0.0	0.033
5762	0.0	0.0	0.018
5763	0.0	0.0	0.007
5764	0.0	0.0	0.005
5765	0.0	0.0	0.015
5766	0.0	0.0	0.038
5767	0.0	0.0	0.104
5768	0.0	0.0	0.111
5769	0.0	0.0	0.111
5770	0.0	0.0	0.117
5771	0.0	0.0	0.111
5772	0.0	0.0	0.108
5773	0.0	0.0	0.100
5774	0.0	0.0	0.088
5775	0.0	0.0	0.080
5776	0.0	0.0	0.075
5777	0.0	0.0	0.078
5778	0.0	0.0	0.096
5779	0.0	0.0	0.107
5780	0.0	0.0	0.133
5781	0.0	0.0	0.137
5782	0.0	0.0	0.127
5783	0.0	0.0	0.077
5784	0.0	0.0	0.048
5785	0.0	0.0	0.033
5786	0.0	0.0	0.018
5787	0.0	0.0	0.007
5788	0.0	0.0	0.005
5789	0.0	0.0	0.015
5790	0.0	0.0	0.038
5791	0.0	0.0	0.104
5792	0.0	0.0	0.111
5793	0.0	0.0	0.111
5794	0.0	0.0	0.117
5795	0.0	0.0	0.111
5796	0.0	0.0	0.108
5797	0.0	0.0	0.100
5798	0.0	0.0	0.088
5799	0.0	0.0	0.080
5800	0.0	0.0	0.075
5801	0.0	0.0	0.078
5802	0.0	0.0	0.096
5803	0.0	0.0	0.107
5804	0.0	0.0	0.133
5805	0.0	0.0	0.137
5806	0.0	0.0	0.127
5807	0.0	0.0	0.077
5808	0.0	0.0	0.048
5809	0.0	0.0	0.033
5810	0.0	0.0	0.018
5811	0.0	0.0	0.007
5812	0.0	0.0	0.005
5813	0.0	0.0	0.015
5814	0.0	0.0	0.038
5815	0.0	0.0	0.104
5816	0.0	0.0	0.111
5817	0.0	0.0	0.111
5818	0.0	0.0	0.117
5819	0.0	0.0	0.111
5820	0.0	0.0	0.108
5821	0.0	0.0	0.100
5822	0.0	0.0	0.088
5823	0.0	0.0	0.080
5824	0.0	0.0	0.075
5825	0.0	0.0	0.078
5826	0.0	0.0	0.096
5827	0.0	0.0	0.107
5828	0.0	0.0	0.133
5829	0.0	0.0	0.137
5830	0.0	0.0	0.127
5831	0.0	0.0	0.077
5832	0.0	0.0	0.048
5833	0.0	0.0	0.033
5834	0.0	0.0	0.018
5835	0.0	0.0	0.007
5836	0.0	0.0	0.005
5837	0.0	0.0	0.015
5838	0.0	0.0	0.038
5839	0.0	0.0	0.104
5840	0.0	0.0	0.111
5841	0.0	0.0	0.111
5842	0.0	0.0	0.117
5843	0.0	0.0	0.111
5844	0.0	0.0	0.108
5845	0.0	0.0	0.100
5846	0.0	0.0	0.088
5847	0.0	0.0	0.080
5848	0.0	0.0	0.075
5849	0.0	0.0	0.078
5850	0.0	0.0	0.096
5851	0.0	0.0	0.107
5852	0.0	0.0	0.133
5853	0.0	0.0	0.137
5854	0.0	0.0	0.127
5855	0.0	0.0	0.077
5856	0.0	0.0	0.048
5857	0.0	0.0	0.033
5858	0.0	0.0	0.018
5859	0.0	0.0	0.007
5860	0.0	0.0	0.005
5861	0.0	0.0	0.015
5862	0.0	0.0	0.038
5863	0.0	0.0	0.104
5864	0.0	0.0	0.111
5865	0.0	0.0	0.111
5866	0.0	0.0	0.117
5867	0.0	0.0	0.111
5868	0.0	0.0	0.108
5869	0.0	0.0	0.100
5870	0.0	0.0	0.088
5871	0.0	0.0	0.080
5872	0.0	0.0	0.075
5873	0.0	0.0	0.078
5874	0.0	0.0	0.096
5875	0.0	0.0	0.107
5876	0.0	0.0	0.133
5877	0.0	0.0	0.137
5878	0.0	0.0	0.127
5879	0.0	0.0	0.077
5880	0.0	0.0	0.048
5881	0.0	0.0	0.033
5882	0.0	0.0	0.018
5883	0.0	0.0	0.007
5884	0.0	0.0	0.005
5885	0.0	0.0	0.015
5886	0.0	0.0	0.038
5887	0.0	0.0	0.104
5888	0.0	0.0	0.111
5889	0.0	0.0	0.111
5890	0.0	0.0	0.117
5891	0.0	0.0	0.111
5892	0.0	0.0	0.108
5893	0.0	0.0	0.100
5894	0.0	0.0	0.088
5895	0.0	0.0	0.080
5896	0.0	0.0	0.075
5897	0.0	0.0	0.078
5898	0.0	0.0	0.096
5899	0.0	0.0	0.107
5900	0.0	0.0	0.133
5901	0.0	0.0	0.137
5902	0.0	0.0	0.127
5903	0.0	0.0	0.077
5904	0.0	0.0	0.048
5905	0.0	0.0	0.033
5906	0.0	0.0	0.018
5907	0.0	0.0	0.007
5908	0.0	0.0	0.005
5909	0.0	0.0	0.015
5910	0.0	0.0	0.038
5911	0.0	0.0	0.104
5912	0.0	0.0	0.111
5913	0.0	0.0	0.111
5914	0.0	0.0	0.117
5915	0.0	0.0	0.111
5916	0.0	0.0	0.108
5917	0.0	0.0	0.100
5918	0.0	0.0	0.088
5919	0.0	0.0	0.080
5920	0.0	0.0	0.075
5921	0.0	0.0	0.078
5922	0.0	0.0	0.096
5923	0.0	0.0	0.107
5924	0.0	0.0	0.133
5925	0.0	0.0	0.137
5926	0.0	0.0	0.127
5927	0.0	0.0	0.077
5928	0.0	0.0	0.048
5929	0.0	0.0	0.033
5930	0.0	0.0	0.018
5931	0.0	0.0	0.007
5932	0.0	0.0	0.005
5933	0.0	0.0	0.015
5934	0.0	0.0	0.038
5935	0.0	0.0	0.104
5936	0.0	0.0	0.111
5937	0.0	0.0	0.111
5938	0.0	0.0	0.117
5939	0.0	0.0	0.111
5940	0.0	0.0	0.108
5941	0.0	0.0	0.100
5942	0.0	0.0	0.088
5943	0.0	0.0	0.080
5944	0.0	0.0	0.075
5945	0.0	0.0	0.078
5946	0.0	0.0	0.096
5947	0.0	0.0	0.107
5948	0.0	0.0	0.133
5949	0.0	0.0	0.137
5950	0.0	0.0	0.127
5951	0.0	0.0	0.077
5952	0.0	0.0	0.048
5953	0.0	0.0	0.033
5954	0.0	0.0	0.018
5955	0.0	0.0	0.007
5956	0.0	0.0	0.005
5957	0.0	0.0	0.015
5958	0.0	0.0	0.038
5959	0.0	0.0	0.104
5960	0.0	0.0	0.111
5961	0.0	0.0	0.111
5962	0.0	0.0	0.117
5963	0.0	0.0	0.111
5964	0.0	0.0	0.108
5965	0.0	0.0	0.100
5966	0.0	0.0	0.088
5967	0.0	0.0	0.080
5968	0.0	0.0	0.075
5969	0.0	0.0	0.078
5970	0.0	0.0	0.096
5971	0.0	0.0	0.107
5972	0.0	0.0	0.133
5973	0.0	0.0	0.137
5974	0.0	0.0	0.127
5975	0.0	0.0	0.077
5976	0.0	0.0	0.048
5977	0.0	0.0	0.033
5978	0.0	0.0	0.018
5979	0.0	0.0	0.007
5980	0.0	0.0	0.005
5981	0.0	0.0	0.015
5982	0.0	0.0	0.038
5983	0.0	0.0	0.104
5984	0.0	0.0	0.111
5985	0.0	0.0	0.111
5986	0.0	0.0	0.117
5987	0.0	0.0	0.111
5988	0.0	0.0	0.108
5989	0.0	0.0	0.100
5990	0.0	0.0	0.088
5991	0.0	0.0	0.080
5992	0.0	0.0	0.075
5993	0.0	0.0	0.078
5994	0.0	0.0	0.096
5995	0.0	0.0	0.107
5996	0.0	0.0	0.133
5997	0.0	0.0	0.137
5998	0.0	0.0	0.127
5999	0.0	0.0	0.077
6000	0.0	0.0	0.048
6001	0.0	0.0	0.033
6002	0.0	0.0	0.018
6003	0.0	0.0	0.007
6004	0.0	0.0	0.005
6005	0.0	0.0	0.015
6006	0.0	0.0	0.038
6007	0.0	0.0	0.104
6008	0.0	0.0	0.111
6009	0.0	0.0	0.111
6010	0.0	0.0	0.117
6011	0.0	0.0	0.111
6012	0.0	0.0	0.108
6013	0.0	0.0	0.100
6014	0.0	0.0	0.088
6015	0.0	0.0	0.080
6016	0.0	0.0	0.075
6017	0.0	0.0	0.078
6018	0.0	0.0	0.096
6019	0.0	0.0	0.107
6020	0.0	0.0	0.133
6021	0.0	0.0	0.137
6022	0.0	0.0	0.127
6023	0.0	0.0	0.077
6024	0.0	0.0	0.048
6025	0.0	0.0	0.033
6026	0.0	0.0	0.018
6027	0.0	0.0	0.007
6028	0.0	0.0	0.005
6029	0.0	0.0	0.015
6030	0.0	0.0	0.038
6031	0.0	0.0	0.104
6032	0.0	0.0	0.111
6033	0.0	0.0	0.111
6034	0.0	0.0	0.117
6035	0.0	0.0	0.111
6036	0.0	0.0	0.108
6037	0.0	0.0	0.100
6038	0.0	0.0	0.088
6039	0.0	0.0	0.080
6040	0.0	0.0	0.075
6041	0.0	0.0	0.078
6042	0.0	0.0	0.096
6043	0.0	0.0	0.107
6044	0.0	0.0	0.133
6045	0.0	0.0	0.137
6046	0.0	0.0	0.127
6047	0.0	0.0	0.077
6048	0.0	0.0	0.048
6049	0.0	0.0	0.033
6050	0.0	0.0	0.018
6051	0.0	0.0	0.007
6052	0.0	0.0	0.005
6053	0.0	0.0	0.015
6054	0.0	0.0	0.038
6055	0.0	0.0	0.104
6056	0.0	0.0	0.111
6057	0.0	0.0	0.111
6058	0.0	0.0	0.117
6059	0.0	0.0	0.111
6060	0.0	0.0	0.108
6061	0.0	0.0	0.100
6062	0.0	0.0	0.088
6063	0.0	0.0	0.080
6064	0.0	0.0	0.075
6065	0.0	0.0	0.078
6066	0.0	0.0	0.096
6067	0.0	0.0	0.107
6068	0.0	0.0	0.133
6069	0.0	0.0	0.137
6070	0.0	0.0	0.127
6071	0.0	0.0	0.077
6072	0.0	0.0	0.048
6073	0.0	0.0	0.033
6074	0.0	0.0	0.018
6075	0.0	0.0	0.007
6076	0.0	0.0	0.005
6077	0.0	0.0	0.015
6078	0.0	0.0	0.038
6079	0.0	0.0	0.104
6080	0.0	0.0	0.111
6081	0.0	0.0	0.111
6082	0.0	0.0	0.117
6083	0.0	0.0	0.111
6084	0.0	0.0	0.108
6085	0.0	0.0	0.100
6086	0.0	0.0	0.088
6087	0.0	0.0	0.080
6088	0.0	0.0	0.075
6089	0.0	0.0	0.078
6090	0.0	0.0	0.096
6091	0.0	0.0	0.107
6092	0.0	0.0	0.133
6093	0.0	0.0	0.137
6094	0.0	0.0	0.127
6095	0.0	0.0	0.077
6096	0.0	0.0	0.048
6097	0.0	0.0	0.033
6098	0.0	0.0	0.018
6099	0.0	0.0	0.007
6100	0.0	0.0	0.005
6101	0.0	0.0	0.015
6102	0.0	0.0	0.038
6103	0.0	0.0	0.104
6104	0.0	0.0	0.111
6105	0.0	0.0	0.111
6106	0.0	0.0	0.117
6107	0.0	0.0	0.111
6108	0.0	0.0	0.108
6109	0.0	0.0	0.100
6110	0.0	0.0	0.088
6111	0.0	0.0	0.080
6112	0.0	0.0	0.075
6113	0.0	0.0	0.078
6114	0.0	0.0	0.096
6115	0.0	0.0	0.107
6116	0.0	0.0	0.133
6117	0.0	0.0	0.137
6118	0.0	0.0	0.127
6119	0.0	0.0	0.077
6120	0.0	0.0	0.048
6121	0.0	0.0	0.033
6122	0.0	0.0	0.018
6123	0.0	0.0	0.007
6124	0.0	0.0	0.005
6125	0.0	0.0	0.015
6126	0.0	0.0	0.038
6127	0.0	0.0	0.104
6128	0.0	0.0	0.111
6129	0.0	0.0	0.111
6130	0.0	0.0	0.117
6131	0.0	0.0	0.111
6132	0.0	0.0	0.108
6133	0.0	0.0	0.100
6134	0.0	0.0	0.088
6135	0.0	0.0	0.080
6136	0.0	0.0	0.075
6137	0.0	0.0	0.078
6138	0.0	0.0	0.096
6139	0.0	0.0	0.107
6140	0.0	0.0	0.133
6141	0.0	0.0	0.137
6142	0.0	0.0	0.127
6143	0.0	0.0	0.077
6144	0.0	0.0	0.048
6145	0.0	0.0	0.033
6146	0.0	0.0	0.018
6147	0.0	0.0	0.007
6148	0.0	0.0	0.005
6149	0.0	0.0	0.015
6150	0.0	0.0	0.038
6151	0.0	0.0	0.104
6152	0.0	0.0	0.111
6153	0.0	0.0	0.111
6154	0.0	0.0	0.117
6155	0.0	0.0	0.111
6156	0.0	0.0	0.108
6157	0.0	0.0	0.100
6158	0.0	0.0	0.088
6159	0.0	0.0	0.080
6160	0.0	0.0	0.075
6161	0.0	0.0	0.078
6162	0.0	0.0	0.096
6163	0.0	0.0	0.107
6164	0.0	0.0	0.133
6165	0.0	0.0	0.137
6166	0.0	0.0	0.127
6167	0.0	0.0	0.077
6168	0.0	0.0	0.048
6169	0.0	0.0	0.033
6170	0.0	0.0	0.018
6171	0.0	0.0	0.007
6172	0.0	0.0	0.005
6173	0.0	0.0	0.015
6174	0.0	0.0	0.038
6175	0.0	0.0	0.104
6176	0.0	0.0	0.111
6177	0.0	0.0	0.111
6178	0.0	0.0	0.117
6179	0.0	0.0	0.111
6180	0.0	0.0	0.108
6181	0.0	0.0	0.100
6182	0.0	0.0	0.088
6183	0.0	0.0	0.080
6184	0.0	0.0	0.075
6185	0.0	0.0	0.078
6186	0.0	0.0	0.096
6187	0.0	0.0	0.107
6188	0.0	0.0	0.133
6189	0.0	0.0	0.137
6190	0.0	0.0	0.127
6191	0.0	0.0	0.077
6192	0.0	0.0	0.048
6193	0.0	0.0	0.033
6194	0.0	0.0	0.018
6195	0.0	0.0	0.007
6196	0.0	0.0	0.005
6197	0.0	0.0	0.015
6198	0.0	0.0	0.038
6199	0.0	0.0	0.104
6200	0.0	0.0	0.111
6201	0.0	0.0	0.111
6202	0.0	0.0	0.117
6203	0.0	0.0	0.111
6204	0.0	0.0	0.108
6205	0.0	0.0	0.100
6206	0.0	0.0	0.088
6207	0.0	0.0	0.080
6208	0.0	0.0	0.075
6209	0.0	0.0	0.078
6210	0.0	0.0	0.096
6211	0.0	0.0	0.107
6212	0.0	0.0	0.133
6213	0.0	0.0	0.137
6214	0.0	0.0	0.127
6215	0.0	0.0	0.077
6216	0.0	0.0	0.048
6217	0.0	0.0	0.033
6218	0.0	0.0	0.018
6219	0.0	0.0	0.007
6220	0.0	0.0	0.005
6221	0.0	0.0	0.015
6222	0.0	0.0	0.038
6223	0.0	0.0	0.104
6224	0.0	0.0	0.111
6225	0.0	0.0	0.111
6226	0.0	0.0	0.117
6227	0.0	0.0	0.111
6228	0.0	0.0	0.108
6229	0.0	0.0	0.100
6230	0.0	0.0	0.088
6231	0.0	0.0	0.080
6232	0.0	0.0	0.075
6233	0.0	0.0	0.078
6234	0.0	0.0	0.096
6235	0.0	0.0	0.107
6236	0.0	0.0	0.133
6237	0.0	0.0	0.137
6238	0.0	0.0	0.127
6239	0.0	0.0	0.077
6240	0.0	0.0	0.048
6241	0.0	0.0	0.033
6242	0.0	0.0	0.018
6243	0.0	0.0	0.007
6244	0.0	0.0	0.005
6245	0.0	0.0	0.015
6246	0.0	0.0	0.038
6247	0.0	0.0	0.104
6248	0.0	0.0	0.111
6249	0.0	0.0	0.111
6250	0.0	0.0	0.117
6251	0.0	0.0	0.111
6252	0.0	0.0	0.108
6253	0.0	0.0	0.100
6254	0.0	0.0	0.088
6255	0.0	0.0	0.080
6256	0.0	0.0	0.075
6257	0.0	0.0	0.078
6258	0.0	0.0	0.096
6259	0.0	0.0	0.107
6260	0.0	0.0	0.133
6261	0.0	0.0	0.137
6262	0.0	0.0	0.127
6263	0.0	0.0	0.077
6264	0.0	0.0	0.048
6265	0.0	0.0	0.033
6266	0.0	0.0	0.018
6267	0.0	0.0	0.007
6268	0.0	0.0	0.005
6269	0.0	0.0	0.015
6270	0.0	0.0	0.038
6271	0.0	0.0	0.104
6272	0.0	0.0	0.111
6273	0.0	0.0	0.111
6274	0.0	0.0	0.117
6275	0.0	0.0	0.111
6276	0.0	0.0	0.108
6277	0.0	0.0	0.100
6278	0.0	0.0	0.088
6279	0.0	0.0	0.080
6280	0.0	0.0	0.075
6281	0.0	0.0	0.078
6282	0.0	0.0	0.096
6283	0.0	0.0	0.107
6284	0.0	0.0	0.133
6285	0.0	0.0	0.137
6286	0.0	0.0	0.127
6287	0.0	0.0	0.077
6288	0.0	0.0	0.048
6289	0.0	0.0	0.033
6290	0.0	0.0	0.018
6291	0.0	0.0	0.007
6292	0.0	0.0	0.005
6293	0.0	0.0	0.015
6294	0.0	0.0	0.038
6295	0.0	0.0	0.104
6296	0.0	0.0	0.111
6297	0.0	0.0	0.111
6298	0.0	0.0	0.117
6299	0.0	0.0	0.111
6300	0.0	0.0	0.108
6301	0.0	0.0	0.100
6302	0.0	0.0	0.088
6303	0.0	0.0	0.080
6304	0.0	0.0	0.075
6305	0.0	0.0	0.078
6306	0.0	0.0	0.096
6307	0.0	0.0	0.107
6308	0.0	0.0	0.133
6309	0.0	0.0	0.137
6310	0.0	0.0	0.127
6311	0.0	0.0	0.077
6312	0.0	0.0	0.048
6313	0.0	0.0	0.033
6314	0.0	0.0	0.018
6315	0.0	0.0	0.007
6316	0.0	0.0	0.005
6317	0.0	0.0	0.015
6318	0.0	0.0	0.038
6319	0.0	0.0	0.104
6320	0.0	0.0	0.111
6321	0.0	0.0	0.111
6322	0.0	0.0	0.117
6323	0.0	0.0	0.111
6324	0.0	0.0	0.108
6325	0.0	0.0	0.100
6326	0.0	0.0	0.088
6327	0.0	0.0	0.080
6328	0.0	0.0	0.075
6329	0.0	0.0	0.078
6330	0.0	0.0	0.096
6331	0.0	0.0	0.107
6332	0.0	0.0	0.133
6333	0.0	0.0	0.137
6334	0.0	0.0	0.127
6335	0.0	0.0	0.077
6336	0.0	0.0	0.048
6337	0.0	0.0	0.033
6338	0.0	0.0	0.018
6339	0.0	0.0	0.007
6340	0.0	0.0	0.005
6341	0.0	0.0	0.015
6342	0.0	0.0	0.038
6343	0.0	0.0	0.104
6344	0.0	0.0	0.111
6345	0.0	0.0	0.111
6346	0.0	0.0	0.117
6347	0.0	0.0	0.111
6348	0.0	0.0	0.108
6349	0.0	0.0	0.100
6350	0.0	0.0	0.088
6351	0.0	0.0	0.080
6352	0.0	0.0	0.075
6353	0.0	0.0	0.078
6354	0.0	0.0	0.096
6355	0.0	0.0	0.107
6356	0.0	0.0	0.133
6357	0.0	0.0	0.137
6358	0.0	0.0	0.127
6359	0.0	0.0	0.077
6360	0.0	0.0	0.048
6361	0.0	0.0	0.033
6362	0.0	0.0	0.018
6363	0.0	0.0	0.007
6364	0.0	0.0	0.005
6365	0.0	0.0	0.015
6366	0.0	0.0	0.038
6367	0.0	0.0	0.104
6368	0.0	0.0	0.111
6369	0.0	0.0	0.111
6370	0.0	0.0	0.117
6371	0.0	0.0	0.111
6372	0.0	0.0	0.108
6373	0.0	0.0	0.100
6374	0.0	0.0	0.088
6375	0.0	0.0	0.080
6376	0.0	0.0	0.075
6377	0.0	0.0	0.078
6378	0.0	0.0	0.096
6379	0.0	0.0	0.107
6380	0.0	0.0	0.133
6381	0.0	0.0	0.137
6382	0.0	0.0	0.127
6383	0.0	0.0	0.077
6384	0.0	0.0	0.048
6385	0.0	0.0	0.033
6386	0.0	0.0	0.018
6387	0.0	0.0	0.007
6388	0.0	0.0	0.005
6389	0.0	0.0	0.015
6390	0.0	0.0	0.038
6391	0.0	0.0	0.104
6392	0.0	0.0	0.111
6393	0.0	0.0	0.111
6394	0.0	0.0	0.117
6395	0.0	0.0	0.111
6396	0.0	0.0	0.108
6397	0.0	0.0	0.100
6398	0.0	0.0	0.088
6399	0.0	0.0	0.080
6400	0.0	0.0	0.075
6401	0.0	0.0	0.078
6402	0.0	0.0	0.096
6403	0.0	0.0	0.107
6404	0.0	0.0	0.133
6405	0.0	0.0	0.137
6406	0.0	0.0	0.127
6407	0.0	0.0	0.077
6408	0.0	0.0	0.048
6409	0.0	0.0	0.033
6410	0.0	0.0	0.018
6411	0.0	0.0	0.007
6412	0.0	0.0	0.005
6413	0.0	0.0	0.015
6414	0.0	0.0	0.038
6415	0.0	0.0	0.104
6416	0.0	0.0	0.111
6417	0.0	0.0	0.111
6418	0.0	0.0	0.117
6419	0.0	0.0	0.111
6420	0.0	0.0	0.108
6421	0.0	0.0	0.100
6422	0.0	0.0	0.088
6423	0.0	0.0	0.080
6424	0.0	0.0	0.075
6425	0.0	0.0	0.078
6426	0.0	0.0	0.096
6427	0.0	0.0	0.107
6428	0.0	0.0	0.133
6429	0.0	0.0	0.137
6430	0.0	0.0	0.127
6431	0.0	0.0	0.077
6432	0.0	0.0	0.048
6433	0.0	0.0	0.033
6434	0.0	0.0	0.018
6435	0.0	0.0	0.007
6436	0.0	0.0	0.005
6437	0.0	0.0	0.015
6438	0.0	0.0	0.038
6439	0.0	0.0	0.104
6440	0.0	0.0	0.111
6441	0.0	0.0	0.111
6442	0.0	0.0	0.117
6443	0.0	0.0	0.111
6444	0.0	0.0	0.108
6445	0.0	0.0	0.100
6446	0.0	0.0	0.088
6447	0.0	0.0	0.080
6448	0.0	0.0	0.075
6449	0.0	0.0	0.078
6450	0.0	0.0	0.096
6451	0.0	0.0	0.107
6452	0.0	0.0	0.133
6453	0.0	0.0	0.137
6454	0.0	0.0	0.127
6455	0.0	0.0	0.077
6456	0.0	0.0	0.048
6457	0.0	0.0	0.033
6458	0.0	0.0	0.018
6459	0.0	0.0	0.007
6460	0.0	0.0	0.005
6461	0.0	0.0	0.015
6462	0.0	0.0	0.038
6463	0.0	0.0	0.104
6464	0.0	0.0	0.111
6465	0.0	0.0	0.111
6466	0.0	0.0	0.117
6467	0.0	0.0	0.111
6468	0.0	0.0	0.108
6469	0.0	0.0	0.100
6470	0.0	0.0	0.088
6471	0.0	0.0	0.080
6472	0.0	0.0	0.075
6473	0.0	0.0	0.078
6474	0.0	0.0	0.096
6475	0.0	0.0	0.107
6476	0.0	0.0	0.133
6477	0.0	0.0	0.137
6478	0.0	0.0	0.127
6479	0.0	0.0	0.077
6480	0.0	0.0	0.048
6481	0.0	0.0	0.033
6482	0.0	0.0	0.018
6483	0.0	0.0	0.007
6484	0.0	0.0	0.005
6485	0.0	0.0	0.015
6486	0.0	0.0	0.038
6487	0.0	0.0	0.104
6488	0.0	0.0	0.111
6489	0.0	0.0	0.111
6490	0.0	0.0	0.117
6491	0.0	0.0	0.111
6492	0.0	0.0	0.108
6493	0.0	0.0	0.100
6494	0.0	0.0	0.088
6495	0.0	0.0	0.080
6496	0.0	0.0	0.075
6497	0.0	0.0	0.078
6498	0.0	0.0	0.096
6499	0.0	0.0	0.107
6500	0.0	0.0	0.133
6501	0.0	0.0	0.137
6502	0.0	0.0	0.127
6503	0.0	0.0	0.077
6504	0.0	0.0	0.048
6505	0.0	0.0	0.033
6506	0.0	0.0	0.018
6507	0.0	0.0	0.007
6508	0.0	0.0	0.005
6509	0.0	0.0	0.015
6510	0.0	0.0	0.038
6511	0.0	0.0	0.104
6512	0.0	0.0	0.111
6513	0.0	0.0	0.111
6514	0.0	0.0	0.117
6515	0.0	0.0	0.111
6516	0.0	0.0	0.108
6517	0.0	0.0	0.100
6518	0.0	0.0	0.088
6519	0.0	0.0	0.080
6520	0.0	0.0	0.075
6521	0.0	0.0	0.078
6522	0.0	0.0	0.096
6523	0.0	0.0	0.107
6524	0.0	0.0	0.133
6525	0.0	0.0	0.137
6526	0.0	0.0	0.127
6527	0.0	0.0	0.077
6528	0.0	0.0	0.048
6529	0.0	0.0	0.033
6530	0.0	0.0	0.018
6531	0.0	0.0	0.007
6532	0.0	0.0	0.005
6533	0.0	0.0	0.015
6534	0.0	0.0	0.038
6535	0.0	0.0	0.104
6536	0.0	0.0	0.111
6537	0.0	0.0	0.111
6538	0.0	0.0	0.117
6539	0.0	0.0	0.111
6540	0.0	0.0	0.108
6541	0.0	0.0	0.100
6542	0.0	0.0	0.088
6543	0.0	0.0	0.080
6544	0.0	0.0	0.075
6545	0.0	0.0	0.078
6546	0.0	0.0	0.096
6547	0.0	0.0	0.107
6548	0.0	0.0	0.133
6549	0.0	0.0	0.137
6550	0.0	0.0	0.127
6551	0.0	0.0	0.077
6552	0.0	0.0	0.048
6553	0.0	0.0	0.033
6554	0.0	0.0	0.018
6555	0.0	0.0	0.007
6556	0.0	0.0	0.005
6557	0.0	0.0	0.015
6558	0.0	0.0	0.038
6559	0.0	0.0	0.104
6560	0.0	0.0	0.111
6561	0.0	0.0	0.111
6562	0.0	0.0	0.117
6563	0.0	0.0	0.111
6564	0.0	0.0	0.108
6565	0.0	0.0	0.100
6566	0.0	0.0	0.088
6567	0.0	0.0	0.080
6568	0.0	0.0	0.075
6569	0.0	0.0	0.078
6570	0.0	0.0	0.096
6571	0.0	0.0	0.107
6572	0.0	0.0	0.133
6573	0.0	0.0	0.137
6574	0.0	0.0	0.127
6575	0.0	0.0	0.077
6576	0.0	0.0	0.048
6577	0.0	0.0	0.033
6578	0.0	0.0	0.018
6579	0.0	0.0	0.007
6580	0.0	0.0	0.005
6581	0.0	0.0	0.015
6582	0.0	0.0	0.038
6583	0.0	0.0	0.104
6584	0.0	0.0	0.111
6585	0.0	0.0	0.111
6586	0.0	0.0	0.117
6587	0.0	0.0	0.111
6588	0.0	0.0	0.108
6589	0.0	0.0	0.100
6590	0.0	0.0	0.088
6591	0.0	0.0	0.080
6592	0.0	0.0	0.075
6593	0.0	0.0	0.078
6594	0.0	0.0	0.096
6595	0.0	0.0	0.107
6596	0.0	0.0	0.133
6597	0.0	0.0	0.137
6598	0.0	0.0	0.127
6599	0.0	0.0	0.077
6600	0.0	0.0	0.048
6601	0.0	0.0	0.033
6602	0.0	0.0	0.018
6603	0.0	0.0	0.007
6604	0.0	0.0	0.005
6605	0.0	0.0	0.015
6606	0.0	0.0	0.038
6607	0.0	0.0	0.104
6608	0.0	0.0	0.111
6609	0.0	0.0	0.111
6610	0.0	0.0	0.117
6611	0.0	0.0	0.111
6612	0.0	0.0	0.108
6613	0.0	0.0	0.100
6614	0.0	0.0	0.088
6615	0.0	0.0	0.080
6616	0.0	0.0	0.075
6617	0.0	0.0	0.078
6618	0.0	0.0	0.096
6619	0.0	0.0	0.107
6620	0.0	0.0	0.133
6621	0.0	0.0	0.137
6622	0.1	0.0	0.127
6623	0.0	0.0	0.077
6624	0.1	0.0	0.048
6625	0.1	0.0	0.033
6626	0.1	0.0	0.018
6627	0.1	0.0	0.007
6628	0.1	0.0	0.005
6629	0.1	0.0	0.015
6630	0.1	0.0	0.038
6631	0.1	0.0	0.104
6632	0.1	0.0	0.111
6633	0.1	0.0	0.111
6634	0.0	0.0	0.117
6635	0.0	0.0	0.111
6636	0.0	0.0	0.108
6637	0.0	0.0	0.100
6638	0.0	0.0	0.088
6639	0.0	0.0	0.080
6640	0.0	0.0	0.075
6641	0.0	0.0	0.078
6642	0.0	0.0	0.096
6643	0.0	0.0	0.107
6644	0.0	0.0	0.133
6645	0.0	0.0	0.137
6646	0.0	0.0	0.127
6647	0.1	0.0	0.077
6648	0.1	0.0	0.048
6649	0.1	0.0	0.033
6650	0.1	0.0	0.018
6651	0.1	0.0	0.007
6652	0.1	0.0	0.005
6653	0.1	0.0	0.015
6654	0.1	0.0	0.038
6655	0.1	0.0	0.104
6656	0.0	0.0	0.111
6657	0.0	0.0	0.111
6658	0.0	0.0	0.117
6659	0.0	0.0	0.111
6660	0.0	0.0	0.108
6661	0.0	0.0	0.100
6662	0.0	0.0	0.088
6663	0.0	0.0	0.080
6664	0.0	0.0	0.075
6665	0.0	0.0	0.078
6666	0.0	0.0	0.096
6667	0.0	0.0	0.107
6668	0.0	0.0	0.133
6669	0.0	0.0	0.137
6670	0.0	0.0	0.127
6671	0.0	0.0	0.077
6672	0.1	0.0	0.048
6673	0.1	0.0	0.033
6674	0.1	0.0	0.018
6675	0.1	0.0	0.007
6676	0.1	0.0	0.005
6677	0.1	0.0	0.015
6678	0.1	0.0	0.038
6679	0.1	0.0	0.104
6680	0.1	0.0	0.111
6681	0.0	0.0	0.111
6682	0.0	0.0	0.117
6683	0.0	0.0	0.111
6684	0.0	0.0	0.108
6685	0.0	0.0	0.100
6686	0.0	0.0	0.088
6687	0.0	0.0	0.080
6688	0.0	0.0	0.075
6689	0.0	0.0	0.078
6690	0.0	0.0	0.096
6691	0.0	0.0	0.107
6692	0.0	0.0	0.133
6693	0.0	0.0	0.137
6694	0.0	0.0	0.127
6695	0.0	0.0	0.077
6696	0.0	0.0	0.048
6697	0.0	0.0	0.033
6698	0.0	0.0	0.018
6699	0.0	0.0	0.007
6700	0.0	0.0	0.005
6701	0.0	0.0	0.015
6702	0.0	0.0	0.038
6703	0.0	0.0	0.104
6704	0.0	0.0	0.111
6705	0.0	0.0	0.111
6706	0.0	0.0	0.117
6707	0.0	0.0	0.111
6708	0.0	0.0	0.108
6709	0.0	0.0	0.100
6710	0.0	0.0	0.088
6711	0.0	0.0	0.080
6712	0.0	0.0	0.075
6713	0.0	0.0	0.078
6714	0.0	0.0	0.096
6715	0.0	0.0	0.107
6716	0.0	0.0	0.133
6717	0.0	0.0	0.137
6718	0.1	0.0	0.127
6719	0.1	0.0	0.077
6720	0.1	0.0	0.048
6721	0.1	0.0	0.033
6722	0.1	0.0	0.018
6723	0.1	0.0	0.007
6724	0.1	0.0	0.005
6725	0.1	0.0	0.015
6726	0.1	0.0	0.038
6727	0.1	0.0	0.104
6728	0.1	0.0	0.111
6729	0.1	0.0	0.111
6730	0.1	0.0	0.117
6731	0.0	0.0	0.111
6732	0.0	0.0	0.108
6733	0.0	0.0	0.100
6734	0.0	0.0	0.088
6735	0.0	0.0	0.080
6736	0.0	0.0	0.075
6737	0.0	0.0	0.078
6738	0.0	0.0	0.096
6739	0.0	0.0	0.107
6740	0.0	0.0	0.133
6741	0.0	0.0	0.137
6742	0.0	0.0	0.127
6743	0.0	0.0	0.077
6744	0.0	0.0	0.048
6745	0.0	0.0	0.033
6746	0.0	0.0	0.018
6747	0.0	0.0	0.007
6748	0.0	0.0	0.005
6749	0.0	0.0	0.015
6750	0.0	0.0	0.038
6751	0.0	0.0	0.104
6752	0.0	0.0	0.111
6753	0.0	0.0	0.111
6754	0.0	0.0	0.117
6755	0.0	0.0	0.111
6756	0.0	0.0	0.108
6757	0.0	0.0	0.100
6758	0.0	0.0	0.088
6759	0.0	0.0	0.080
6760	0.0	0.0	0.075
6761	0.0	0.0	0.078
6762	0.0	0.0	0.096
6763	0.0	0.0	0.107
6764	0.0	0.0	0.133
6765	0.0	0.0	0.137
6766	0.0	0.0	0.127
6767	0.0	0.0	0.077
6768	0.0	0.0	0.048
6769	0.0	0.0	0.033
6770	0.0	0.0	0.018
6771	0.0	0.0	0.007
6772	0.0	0.0	0.005
6773	0.1	0.0	0.015
6774	0.1	0.0	0.038
6775	0.1	0.0	0.104
6776	0.1	0.0	0.111
6777	0.0	0.0	0.111
6778	0.0	0.0	0.117
6779	0.0	0.0	0.111
6780	0.0	0.0	0.108
6781	0.0	0.0	0.100
6782	0.0	0.0	0.088
6783	0.0	0.0	0.080
6784	0.0	0.0	0.075
6785	0.0	0.0	0.078
6786	0.0	0.0	0.096
6787	0.0	0.0	0.107
6788	0.0	0.0	0.133
6789	0.0	0.0	0.137
6790	0.0	0.0	0.127
6791	0.0	0.0	0.077
6792	0.0	0.0	0.048
6793	0.0	0.0	0.033
6794	0.0	0.0	0.018
6795	0.0	0.0	0.007
6796	0.0	0.0	0.005
6797	0.0	0.0	0.015
6798	0.0	0.0	0.038
6799	0.0	0.0	0.104
6800	0.0	0.0	0.111
6801	0.0	0.0	0.111
6802	0.0	0.0	0.117
6803	0.0	0.0	0.111
6804	0.0	0.0	0.108
6805	0.0	0.0	0.100
6806	0.0	0.0	0.088
6807	0.0	0.0	0.080
6808	0.0	0.0	0.075
6809	0.0	0.0	0.078
6810	0.0	0.0	0.096
6811	0.0	0.0	0.107
6812	0.0	0.0	0.133
6813	0.0	0.0	0.137
6814	0.0	0.0	0.127
6815	0.0	0.0	0.077
6816	0.0	0.0	0.048
6817	0.0	0.0	0.033
6818	0.0	0.0	0.018
6819	0.0	0.0	0.007
6820	0.0	0.0	0.005
6821	0.0	0.0	0.015
6822	0.0	0.0	0.038
6823	0.0	0.0	0.104
6824	0.0	0.0	0.111
6825	0.0	0.0	0.111
6826	0.0	0.0	0.117
6827	0.0	0.0	0.111
6828	0.0	0.0	0.108
6829	0.0	0.0	0.100
6830	0.0	0.0	0.088
6831	0.0	0.0	0.080
6832	0.0	0.0	0.075
6833	0.0	0.0	0.078
6834	0.0	0.0	0.096
6835	0.0	0.0	0.107
6836	0.0	0.0	0.133
6837	0.0	0.0	0.137
6838	0.0	0.0	0.127
6839	0.0	0.0	0.077
6840	0.0	0.0	0.048
6841	0.0	0.0	0.033
6842	0.0	0.0	0.018
6843	0.0	0.0	0.007
6844	0.0	0.0	0.005
6845	0.0	0.0	0.015
6846	0.0	0.0	0.038
6847	0.0	0.0	0.104
6848	0.0	0.0	0.111
6849	0.0	0.0	0.111
6850	0.0	0.0	0.117
6851	0.0	0.0	0.111
6852	0.0	0.0	0.108
6853	0.0	0.0	0.100
6854	0.0	0.0	0.088
6855	0.0	0.0	0.080
6856	0.0	0.0	0.075
6857	0.0	0.0	0.078
6858	0.0	0.0	0.096
6859	0.0	0.0	0.107
6860	0.0	0.0	0.133
6861	0.0	0.0	0.137
6862	0.0	0.0	0.127
6863	0.0	0.0	0.077
6864	0.0	0.0	0.048
6865	0.0	0.0	0.033
6866	0.0	0.0	0.018
6867	0.0	0.0	0.007
6868	0.0	0.0	0.005
6869	0.0	0.0	0.015
6870	0.0	0.0	0.038
6871	0.0	0.0	0.104
6872	0.0	0.0	0.111
6873	0.0	0.0	0.111
6874	0.0	0.0	0.117
6875	0.0	0.0	0.111
6876	0.0	0.0	0.108
6877	0.0	0.0	0.100
6878	0.0	0.0	0.088
6879	0.0	0.0	0.080
6880	0.0	0.0	0.075
6881	0.0	0.0	0.078
6882	0.0	0.0	0.096
6883	0.0	0.0	0.107
6884	0.0	0.0	0.133
6885	0.0	0.0	0.137
6886	0.0	0.0	0.127
6887	0.0	0.0	0.077
6888	0.0	0.0	0.048
6889	0.0	0.0	0.033
6890	0.0	0.0	0.018
6891	0.0	0.0	0.007
6892	0.0	0.0	0.005
6893	0.0	0.0	0.015
6894	0.0	0.0	0.038
6895	0.0	0.0	0.104
6896	0.0	0.0	0.111
6897	0.0	0.0	0.111
6898	0.0	0.0	0.117
6899	0.0	0.0	0.111
6900	0.0	0.0	0.108
6901	0.0	0.0	0.100
6902	0.0	0.0	0.088
6903	0.0	0.0	0.080
6904	0.0	0.0	0.075
6905	0.0	0.0	0.078
6906	0.0	0.0	0.096
6907	0.0	0.0	0.107
6908	0.0	0.0	0.133
6909	0.0	0.0	0.137
6910	0.0	0.0	0.127
6911	0.0	0.0	0.077
6912	0.0	0.0	0.048
6913	0.0	0.0	0.033
6914	0.0	0.0	0.018
6915	0.0	0.0	0.007
6916	0.0	0.0	0.005
6917	0.0	0.0	0.015
6918	0.0	0.0	0.038
6919	0.0	0.0	0.104
6920	0.0	0.0	0.111
6921	0.0	0.0	0.111
6922	0.0	0.0	0.117
6923	0.0	0.0	0.111
6924	0.0	0.0	0.108
6925	0.0	0.0	0.100
6926	0.0	0.0	0.088
6927	0.0	0.0	0.080
6928	0.0	0.0	0.075
6929	0.0	0.0	0.078
6930	0.0	0.0	0.096
6931	0.0	0.0	0.107
6932	0.0	0.0	0.133
6933	0.0	0.0	0.137
6934	0.0	0.0	0.127
6935	0.0	0.0	0.077
6936	0.0	0.0	0.048
6937	0.0	0.0	0.033
6938	0.0	0.0	0.018
6939	0.0	0.0	0.007
6940	0.0	0.0	0.005
6941	0.0	0.0	0.015
6942	0.0	0.0	0.038
6943	0.0	0.0	0.104
6944	0.0	0.0	0.111
6945	0.0	0.0	0.111
6946	0.0	0.0	0.117
6947	0.0	0.0	0.111
6948	0.0	0.0	0.108
6949	0.0	0.0	0.100
6950	0.0	0.0	0.088
6951	0.0	0.0	0.080
6952	0.0	0.0	0.075
6953	0.0	0.0	0.078
6954	0.0	0.0	0.096
6955	0.0	0.0	0.107
6956	0.0	0.0	0.133
6957	0.0	0.0	0.137
6958	0.0	0.0	0.127
6959	0.0	0.0	0.077
6960	0.0	0.0	0.048
6961	0.0	0.0	0.033
6962	0.0	0.0	0.018
6963	0.0	0.0	0.007
6964	0.0	0.0	0.005
6965	0.0	0.0	0.015
6966	0.0	0.0	0.038
6967	0.0	0.0	0.104
6968	0.0	0.0	0.111
6969	0.0	0.0	0.111
6970	0.0	0.0	0.117
6971	0.0	0.0	0.111
6972	0.0	0.0	0.108
6973	0.0	0.0	0.100
6974	0.0	0.0	0.088
6975	0.0	0.0	0.080
6976	0.0	0.0	0.075
6977	0.0	0.0	0.078
6978	0.0	0.0	0.096
6979	0.0	0.0	0.107
6980	0.0	0.0	0.133
6981	0.0	0.0	0.137
6982	0.0	0.0	0.127
6983	0.0	0.0	0.077
6984	0.1	0.0	0.048
6985	0.1	0.0	0.033
6986	0.1	0.0	0.018
6987	0.1	0.0	0.007
6988	0.1	0.0	0.005
6989	0.1	0.0	0.015
6990	0.1	0.0	0.038
6991	0.1	0.0	0.104
6992	0.1	0.0	0.111
6993	0.0	0.0	0.111
6994	0.0	0.0	0.117
6995	0.0	0.0	0.111
6996	0.0	0.0	0.108
6997	0.0	0.0	0.100
6998	0.0	0.0	0.088
6999	0.0	0.0	0.080
7000	0.0	0.0	0.075
7001	0.0	0.0	0.078
7002	0.0	0.0	0.096
7003	0.0	0.0	0.107
7004	0.0	0.0	0.133
7005	0.0	0.0	0.137
7006	0.0	0.0	0.127
7007	0.0	0.0	0.077
7008	0.0	0.0	0.048
7009	0.1	0.0	0.033
7010	0.0	0.0	0.018
7011	0.1	0.0	0.007
7012	0.1	0.0	0.005
7013	0.1	0.0	0.015
7014	0.1	0.0	0.038
7015	0.1	0.0	0.104
7016	0.1	0.0	0.111
7017	0.1	0.0	0.111
7018	0.1	0.0	0.117
7019	0.0	0.0	0.111
7020	0.0	0.0	0.108
7021	0.0	0.0	0.100
7022	0.0	0.0	0.088
7023	0.0	0.0	0.080
7024	0.0	0.0	0.075
7025	0.0	0.0	0.078
7026	0.0	0.0	0.096
7027	0.0	0.0	0.107
7028	0.0	0.0	0.133
7029	0.0	0.0	0.137
7030	0.0	0.0	0.127
7031	0.0	0.0	0.077
7032	0.1	0.0	0.048
7033	0.0	0.0	0.033
7034	0.0	0.0	0.018
7035	0.1	0.0	0.007
7036	0.1	0.0	0.005
7037	0.1	0.0	0.015
7038	0.1	0.0	0.038
7039	0.1	0.0	0.104
7040	0.0	0.0	0.111
7041	0.0	0.0	0.111
7042	0.0	0.0	0.117
7043	0.0	0.0	0.111
7044	0.0	0.0	0.108
7045	0.0	0.0	0.100
7046	0.0	0.0	0.088
7047	0.0	0.0	0.080
7048	0.0	0.0	0.075
7049	0.0	0.0	0.078
7050	0.0	0.0	0.096
7051	0.0	0.0	0.107
7052	0.0	0.0	0.133
7053	0.0	0.0	0.137
7054	0.0	0.0	0.127
7055	0.0	0.0	0.077
7056	0.0	0.0	0.048
7057	0.0	0.0	0.033
7058	0.0	0.0	0.018
7059	0.1	0.0	0.007
7060	0.1	0.0	0.005
7061	0.1	0.0	0.015
7062	0.1	0.0	0.038
7063	0.0	0.0	0.104
7064	0.0	0.0	0.111
7065	0.0	0.0	0.111
7066	0.0	0.0	0.117
7067	0.0	0.0	0.111
7068	0.0	0.0	0.108
7069	0.0	0.0	0.100
7070	0.0	0.0	0.088
7071	0.0	0.0	0.080
7072	0.0	0.0	0.075
7073	0.0	0.0	0.078
7074	0.0	0.0	0.096
7075	0.0	0.0	0.107
7076	0.0	0.0	0.133
7077	0.0	0.0	0.137
7078	0.0	0.0	0.127
7079	0.0	0.0	0.077
7080	0.0	0.0	0.048
7081	0.1	0.0	0.033
7082	0.1	0.0	0.018
7083	0.1	0.0	0.007
7084	0.1	0.0	0.005
7085	0.1	0.0	0.015
7086	0.1	0.0	0.038
7087	0.1	0.0	0.104
7088	0.0	0.0	0.111
7089	0.0	0.0	0.111
7090	0.0	0.0	0.117
7091	0.0	0.0	0.111
7092	0.0	0.0	0.108
7093	0.0	0.0	0.100
7094	0.0	0.0	0.088
7095	0.0	0.0	0.080
7096	0.0	0.0	0.075
7097	0.0	0.0	0.078
7098	0.0	0.0	0.096
7099	0.0	0.0	0.107
7100	0.0	0.0	0.133
7101	0.0	0.0	0.137
7102	0.0	0.0	0.127
7103	0.0	0.0	0.077
7104	0.0	0.0	0.048
7105	0.0	0.0	0.033
7106	0.0	0.0	0.018
7107	0.0	0.0	0.007
7108	0.0	0.0	0.005
7109	0.0	0.0	0.015
7110	0.0	0.0	0.038
7111	0.0	0.0	0.104
7112	0.0	0.0	0.111
7113	0.0	0.0	0.111
7114	0.0	0.0	0.117
7115	0.0	0.0	0.111
7116	0.0	0.0	0.108
7117	0.0	0.0	0.100
7118	0.0	0.0	0.088
7119	0.0	0.0	0.080
7120	0.0	0.0	0.075
7121	0.0	0.0	0.078
7122	0.0	0.0	0.096
7123	0.0	0.0	0.107
7124	0.0	0.0	0.133
7125	0.0	0.0	0.137
7126	0.0	0.0	0.127
7127	0.0	0.0	0.077
7128	0.0	0.0	0.048
7129	0.0	0.0	0.033
7130	0.0	0.0	0.018
7131	0.0	0.0	0.007
7132	0.0	0.0	0.005
7133	0.0	0.0	0.015
7134	0.0	0.0	0.038
7135	0.0	0.0	0.104
7136	0.0	0.0	0.111
7137	0.0	0.0	0.111
7138	0.0	0.0	0.117
7139	0.0	0.0	0.111
7140	0.0	0.0	0.108
7141	0.0	0.0	0.100
7142	0.0	0.0	0.088
7143	0.0	0.0	0.080
7144	0.0	0.0	0.075
7145	0.0	0.0	0.078
7146	0.0	0.0	0.096
7147	0.0	0.0	0.107
7148	0.0	0.0	0.133
7149	0.0	0.0	0.137
7150	0.0	0.0	0.127
7151	0.0	0.0	0.077
7152	0.0	0.0	0.048
7153	0.0	0.0	0.033
7154	0.0	0.0	0.018
7155	0.0	0.0	0.007
7156	0.0	0.0	0.005
7157	0.0	0.0	0.015
7158	0.0	0.0	0.038
7159	0.0	0.0	0.104
7160	0.0	0.0	0.111
7161	0.0	0.0	0.111
7162	0.0	0.0	0.117
7163	0.0	0.0	0.111
7164	0.0	0.0	0.108
7165	0.0	0.0	0.100
7166	0.0	0.0	0.088
7167	0.0	0.0	0.080
7168	0.0	0.0	0.075
7169	0.0	0.0	0.078
7170	0.0	0.0	0.096
7171	0.0	0.0	0.107
7172	0.0	0.0	0.133
7173	0.0	0.0	0.137
7174	0.0	0.0	0.127
7175	0.0	0.0	0.077
7176	0.0	0.0	0.048
7177	0.0	0.0	0.033
7178	0.0	0.0	0.018
7179	0.0	0.0	0.007
7180	0.0	0.0	0.005
7181	0.0	0.0	0.015
7182	0.0	0.0	0.038
7183	0.0	0.0	0.104
7184	0.0	0.0	0.111
7185	0.0	0.0	0.111
7186	0.0	0.0	0.117
7187	0.0	0.0	0.111
7188	0.0	0.0	0.108
7189	0.0	0.0	0.100
7190	0.0	0.0	0.088
7191	0.0	0.0	0.080
7192	0.0	0.0	0.075
7193	0.0	0.0	0.078
7194	0.0	0.0	0.096
7195	0.0	0.0	0.107
7196	0.0	0.0	0.133
7197	0.0	0.0	0.137
7198	0.0	0.0	0.127
7199	0.0	0.0	0.077
7200	0.0	0.0	0.048
7201	0.0	0.0	0.033
7202	0.0	0.0	0.018
7203	0.0	0.0	0.007
7204	0.0	0.0	0.005
7205	0.0	0.0	0.015
7206	0.0	0.0	0.038
7207	0.0	0.0	0.104
7208	0.0	0.0	0.111
7209	0.0	0.0	0.111
7210	0.0	0.0	0.117
7211	0.0	0.0	0.111
7212	0.0	0.0	0.108
7213	0.0	0.0	0.100
7214	0.0	0.0	0.088
7215	0.0	0.0	0.080
7216	0.0	0.0	0.075
7217	0.0	0.0	0.078
7218	0.0	0.0	0.096
7219	0.0	0.0	0.107
7220	0.0	0.0	0.133
7221	0.0	0.0	0.137
7222	0.0	0.0	0.127
7223	0.0	0.0	0.077
7224	0.0	0.0	0.048
7225	0.0	0.0	0.033
7226	0.0	0.0	0.018
7227	0.0	0.0	0.007
7228	0.0	0.0	0.005
7229	0.0	0.0	0.015
7230	0.0	0.0	0.038
7231	0.0	0.0	0.104
7232	0.0	0.0	0.111
7233	0.0	0.0	0.111
7234	0.0	0.0	0.117
7235	0.0	0.0	0.111
7236	0.0	0.0	0.108
7237	0.0	0.0	0.100
7238	0.0	0.0	0.088
7239	0.0	0.0	0.080
7240	0.0	0.0	0.075
7241	0.0	0.0	0.078
7242	0.0	0.0	0.096
7243	0.0	0.0	0.107
7244	0.0	0.0	0.133
7245	0.0	0.0	0.137
7246	0.0	0.0	0.127
7247	0.0	0.0	0.077
7248	0.0	0.0	0.048
7249	0.0	0.0	0.033
7250	0.0	0.0	0.018
7251	0.0	0.0	0.007
7252	0.0	0.0	0.005
7253	0.0	0.0	0.015
7254	0.0	0.0	0.038
7255	0.0	0.0	0.104
7256	0.0	0.0	0.111
7257	0.0	0.0	0.111
7258	0.0	0.0	0.117
7259	0.0	0.0	0.111
7260	0.0	0.0	0.108
7261	0.0	0.0	0.100
7262	0.0	0.0	0.088
7263	0.0	0.0	0.080
7264	0.0	0.0	0.075
7265	0.0	0.0	0.078
7266	0.0	0.0	0.096
7267	0.0	0.0	0.107
7268	0.0	0.0	0.133
7269	0.0	0.0	0.137
7270	0.0	0.0	0.127
7271	0.0	0.0	0.077
7272	0.0	0.0	0.048
7273	0.0	0.0	0.033
7274	0.0	0.0	0.018
7275	0.0	0.0	0.007
7276	0.0	0.0	0.005
7277	0.0	0.0	0.015
7278	0.0	0.0	0.038
7279	0.0	0.0	0.104
7280	0.0	0.0	0.111
7281	0.0	0.0	0.111
7282	0.0	0.0	0.117
7283	0.0	0.0	0.111
7284	0.0	0.0	0.108
7285	0.0	0.0	0.100
7286	0.0	0.0	0.088
7287	0.0	0.0	0.080
7288	0.0	0.0	0.075
7289	0.0	0.0	0.078
7290	0.0	0.0	0.096
7291	0.0	0.0	0.107
7292	0.0	0.0	0.133
7293	0.0	0.0	0.137
7294	0.0	0.0	0.127
7295	0.0	0.0	0.077
7296	0.0	0.0	0.048
7297	0.1	0.0	0.033
7298	0.2	0.0	0.018
7299	0.2	0.0	0.007
7300	0.2	0.0	0.005
7301	0.2	0.0	0.015
7302	0.2	0.0	0.038
7303	0.2	0.0	0.104
7304	0.2	0.0	0.111
7305	0.2	0.0	0.111
7306	0.2	0.0	0.117
7307	0.2	0.0	0.111
7308	0.2	0.0	0.108
7309	0.2	0.0	0.100
7310	0.2	0.0	0.088
7311	0.2	0.0	0.080
7312	0.2	0.0	0.075
7313	0.2	0.0	0.078
7314	0.3	0.0	0.096
7315	0.3	0.0	0.107
7316	0.3	0.0	0.133
7317	0.3	0.0	0.137
7318	0.3	0.0	0.127
7319	0.3	0.0	0.077
7320	0.3	0.0	0.048
7321	0.3	0.0	0.033
7322	0.3	0.0	0.018
7323	0.3	0.0	0.007
7324	0.3	0.0	0.005
7325	0.3	0.0	0.015
7326	0.3	0.0	0.038
7327	0.3	0.0	0.104
7328	0.3	0.0	0.111
7329	0.3	0.0	0.111
7330	0.3	0.0	0.117
7331	0.3	0.0	0.111
7332	0.2	0.0	0.108
7333	0.2	0.0	0.100
7334	0.2	0.0	0.088
7335	0.2	0.0	0.080
7336	0.2	0.0	0.075
7337	0.2	0.0	0.078
7338	0.2	0.0	0.096
7339	0.2	0.0	0.107
7340	0.2	0.0	0.133
7341	0.2	0.0	0.137
7342	0.2	0.0	0.127
7343	0.2	0.0	0.077
7344	0.2	0.0	0.048
7345	0.3	0.0	0.033
7346	0.3	0.0	0.018
7347	0.3	0.0	0.007
7348	0.3	0.0	0.005
7349	0.3	0.0	0.015
7350	0.3	0.0	0.038
7351	0.3	0.0	0.104
7352	0.2	0.0	0.111
7353	0.2	0.0	0.111
7354	0.2	0.0	0.117
7355	0.2	0.0	0.111
7356	0.2	0.0	0.108
7357	0.2	0.0	0.100
7358	0.2	0.0	0.088
7359	0.2	0.0	0.080
7360	0.2	0.0	0.075
7361	0.2	0.0	0.078
7362	0.2	0.0	0.096
7363	0.2	0.0	0.107
7364	0.2	0.0	0.133
7365	0.2	0.0	0.137
7366	0.2	0.0	0.127
7367	0.2	0.0	0.077
7368	0.2	0.0	0.048
7369	0.1	0.0	0.033
7370	0.1	0.0	0.018
7371	0.1	0.0	0.007
7372	0.2	0.0	0.005
7373	0.2	0.0	0.015
7374	0.2	0.0	0.038
7375	0.2	0.0	0.104
7376	0.2	0.0	0.111
7377	0.2	0.0	0.111
7378	0.2	0.0	0.117
7379	0.1	0.0	0.111
7380	0.1	0.0	0.108
7381	0.1	0.0	0.100
7382	0.1	0.0	0.088
7383	0.1	0.0	0.080
7384	0.1	0.0	0.075
7385	0.1	0.0	0.078
7386	0.1	0.0	0.096
7387	0.1	0.0	0.107
7388	0.1	0.0	0.133
7389	0.1	0.0	0.137
7390	0.1	0.0	0.127
7391	0.1	0.0	0.077
7392	0.2	0.0	0.048
7393	0.1	0.0	0.033
7394	0.2	0.0	0.018
7395	0.1	0.0	0.007
7396	0.2	0.0	0.005
7397	0.2	0.0	0.015
7398	0.2	0.0	0.038
7399	0.1	0.0	0.104
7400	0.1	0.0	0.111
7401	0.1	0.0	0.111
7402	0.1	0.0	0.117
7403	0.1	0.0	0.111
7404	0.1	0.0	0.108
7405	0.1	0.0	0.100
7406	0.1	0.0	0.088
7407	0.1	0.0	0.080
7408	0.1	0.0	0.075
7409	0.1	0.0	0.078
7410	0.1	0.0	0.096
7411	0.1	0.0	0.107
7412	0.1	0.0	0.133
7413	0.1	0.0	0.137
7414	0.1	0.0	0.127
7415	0.1	0.0	0.077
7416	0.1	0.0	0.048
7417	0.1	0.0	0.033
7418	0.1	0.0	0.018
7419	0.1	0.0	0.007
7420	0.1	0.0	0.005
7421	0.1	0.0	0.015
7422	0.2	0.0	0.038
7423	0.1	0.0	0.104
7424	0.1	0.0	0.111
7425	0.1	0.0	0.111
7426	0.1	0.0	0.117
7427	0.1	0.0	0.111
7428	0.1	0.0	0.108
7429	0.1	0.0	0.100
7430	0.1	0.0	0.088
7431	0.1	0.0	0.080
7432	0.1	0.0	0.075
7433	0.1	0.0	0.078
7434	0.1	0.0	0.096
7435	0.2	0.0	0.107
7436	0.2	0.0	0.133
7437	0.2	0.0	0.137
7438	0.2	0.0	0.127
7439	0.2	0.0	0.077
7440	0.2	0.0	0.048
7441	0.2	0.0	0.033
7442	0.2	0.0	0.018
7443	0.2	0.0	0.007
7444	0.3	0.0	0.005
7445	0.3	0.0	0.015
7446	0.3	0.0	0.038
7447	0.3	0.0	0.104
7448	0.3	0.0	0.111
7449	0.3	0.0	0.111
7450	0.3	0.0	0.117
7451	0.3	0.0	0.111
7452	0.2	0.0	0.108
7453	0.2	0.0	0.100
7454	0.2	0.0	0.088
7455	0.2	0.0	0.080
7456	0.2	0.0	0.075
7457	0.3	0.0	0.078
7458	0.3	0.0	0.096
7459	0.3	0.0	0.107
7460	0.3	0.0	0.133
7461	0.3	0.0	0.137
7462	0.4	0.0	0.127
7463	0.4	0.0	0.077
7464	0.4	0.0	0.048
7465	0.4	0.0	0.033
7466	0.4	0.0	0.018
7467	0.4	0.0	0.007
7468	0.4	0.0	0.005
7469	0.4	0.0	0.015
7470	0.4	0.0	0.038
7471	0.4	0.0	0.104
7472	0.4	0.0	0.111
7473	0.4	0.0	0.111
7474	0.4	0.0	0.117
7475	0.4	0.0	0.111
7476	0.4	0.0	0.108
7477	0.4	0.0	0.100
7478	0.4	0.0	0.088
7479	0.4	0.0	0.080
7480	0.4	0.0	0.075
7481	0.4	0.0	0.078
7482	0.4	0.0	0.096
7483	0.4	0.0	0.107
7484	0.4	0.0	0.133
7485	0.4	0.0	0.137
7486	0.4	0.0	0.127
7487	0.4	0.0	0.077
7488	0.4	0.0	0.048
7489	0.4	0.0	0.033
7490	0.4	0.0	0.018
7491	0.4	0.0	0.007
7492	0.4	0.0	0.005
7493	0.4	0.0	0.015
7494	0.4	0.0	0.038
7495	0.4	0.0	0.104
7496	0.4	0.0	0.111
7497	0.4	0.0	0.111
7498	0.4	0.0	0.117
7499	0.4	0.0	0.111
7500	0.3	0.0	0.108
7501	0.3	0.0	0.100
7502	0.3	0.0	0.088
7503	0.3	0.0	0.080
7504	0.3	0.0	0.075
7505	0.3	0.0	0.078
7506	0.3	0.0	0.096
7507	0.3	0.0	0.107
7508	0.4	0.0	0.133
7509	0.4	0.0	0.137
7510	0.4	0.0	0.127
7511	0.4	0.0	0.077
7512	0.4	0.0	0.048
7513	0.4	0.0	0.033
7514	0.4	0.0	0.018
7515	0.4	0.0	0.007
7516	0.4	0.0	0.005
7517	0.4	0.0	0.015
7518	0.4	0.0	0.038
7519	0.4	0.0	0.104
7520	0.4	0.0	0.111
7521	0.4	0.0	0.111
7522	0.4	0.0	0.117
7523	0.4	0.0	0.111
7524	0.4	0.0	0.108
7525	0.4	0.0	0.100
7526	0.4	0.0	0.088
7527	0.3	0.0	0.080
7528	0.4	0.0	0.075
7529	0.4	0.0	0.078
7530	0.4	0.0	0.096
7531	0.4	0.0	0.107
7532	0.4	0.0	0.133
7533	0.4	0.0	0.137
7534	0.4	0.0	0.127
7535	0.4	0.0	0.077
7536	0.4	0.0	0.048
7537	0.4	0.0	0.033
7538	0.4	0.0	0.018
7539	0.4	0.0	0.007
7540	0.4	0.0	0.005
7541	0.4	0.0	0.015
7542	0.4	0.0	0.038
7543	0.4	0.0	0.104
7544	0.4	0.0	0.111
7545	0.4	0.0	0.111
7546	0.4	0.0	0.117
7547	0.4	0.0	0.111
7548	0.4	0.0	0.108
7549	0.4	0.0	0.100
7550	0.4	0.0	0.088
7551	0.4	0.0	0.080
7552	0.4	0.0	0.075
7553	0.4	0.0	0.078
7554	0.4	0.0	0.096
7555	0.4	0.0	0.107
7556	0.4	0.0	0.133
7557	0.4	0.0	0.137
7558	0.4	0.0	0.127
7559	0.5	0.0	0.077
7560	0.5	0.0	0.048
7561	0.5	0.0	0.033
7562	0.5	0.0	0.018
7563	0.5	0.0	0.007
7564	0.5	0.0	0.005
7565	0.5	0.0	0.015
7566	0.5	0.0	0.038
7567	0.5	0.0	0.104
7568	0.5	0.0	0.111
7569	0.5	0.0	0.111
7570	0.5	0.0	0.117
7571	0.5	0.0	0.111
7572	0.5	0.0	0.108
7573	0.5	0.0	0.100
7574	0.5	0.0	0.088
7575	0.5	0.0	0.080
7576	0.5	0.0	0.075
7577	0.5	0.0	0.078
7578	0.5	0.0	0.096
7579	0.5	0.0	0.107
7580	0.5	0.0	0.133
7581	0.5	0.0	0.137
7582	0.5	0.0	0.127
7583	0.5	0.0	0.077
7584	0.5	0.0	0.048
7585	0.5	0.0	0.033
7586	0.5	0.0	0.018
7587	0.5	0.0	0.007
7588	0.5	0.0	0.005
7589	0.5	0.0	0.015
7590	0.5	0.0	0.038
7591	0.5	0.0	0.104
7592	0.5	0.0	0.111
7593	0.5	0.0	0.111
7594	0.5	0.0	0.117
7595	0.5	0.0	0.111
7596	0.4	0.0	0.108
7597	0.4	0.0	0.100
7598	0.4	0.0	0.088
7599	0.4	0.0	0.080
7600	0.4	0.0	0.075
7601	0.4	0.0	0.078
7602	0.4	0.0	0.096
7603	0.4	0.0	0.107
7604	0.4	0.0	0.133
7605	0.4	0.0	0.137
7606	0.4	0.0	0.127
7607	0.4	0.0	0.077
7608	0.4	0.0	0.048
7609	0.4	0.0	0.033
7610	0.4	0.0	0.018
7611	0.4	0.0	0.007
7612	0.4	0.0	0.005
7613	0.4	0.0	0.015
7614	0.4	0.0	0.038
7615	0.4	0.0	0.104
7616	0.4	0.0	0.111
7617	0.4	0.0	0.111
7618	0.4	0.0	0.117
7619	0.4	0.0	0.111
7620	0.3	0.0	0.108
7621	0.3	0.0	0.100
7622	0.3	0.0	0.088
7623	0.3	0.0	0.080
7624	0.3	0.0	0.075
7625	0.3	0.0	0.078
7626	0.3	0.0	0.096
7627	0.3	0.0	0.107
7628	0.3	0.0	0.133
7629	0.3	0.0	0.137
7630	0.3	0.0	0.127
7631	0.3	0.0	0.077
7632	0.3	0.0	0.048
7633	0.3	0.0	0.033
7634	0.3	0.0	0.018
7635	0.3	0.0	0.007
7636	0.3	0.0	0.005
7637	0.3	0.0	0.015
7638	0.3	0.0	0.038
7639	0.3	0.0	0.104
7640	0.3	0.0	0.111
7641	0.3	0.0	0.111
7642	0.3	0.0	0.117
7643	0.3	0.0	0.111
7644	0.3	0.0	0.108
7645	0.3	0.0	0.100
7646	0.2	0.0	0.088
7647	0.2	0.0	0.080
7648	0.2	0.0	0.075
7649	0.2	0.0	0.078
7650	0.2	0.0	0.096
7651	0.3	0.0	0.107
7652	0.3	0.0	0.133
7653	0.3	0.0	0.137
7654	0.3	0.0	0.127
7655	0.3	0.0	0.077
7656	0.3	0.0	0.048
7657	0.3	0.0	0.033
7658	0.2	0.0	0.018
7659	0.3	0.0	0.007
7660	0.3	0.0	0.005
7661	0.3	0.0	0.015
7662	0.2	0.0	0.038
7663	0.3	0.0	0.104
7664	0.3	0.0	0.111
7665	0.2	0.0	0.111
7666	0.2	0.0	0.117
7667	0.2	0.0	0.111
7668	0.2	0.0	0.108
7669	0.2	0.0	0.100
7670	0.2	0.0	0.088
7671	0.2	0.0	0.080
7672	0.2	0.0	0.075
7673	0.2	0.0	0.078
7674	0.2	0.0	0.096
7675	0.2	0.0	0.107
7676	0.2	0.0	0.133
7677	0.2	0.0	0.137
7678	0.2	0.0	0.127
7679	0.2	0.0	0.077
7680	0.2	0.0	0.048
7681	0.2	0.0	0.033
7682	0.2	0.0	0.018
7683	0.2	0.0	0.007
7684	0.2	0.0	0.005
7685	0.2	0.0	0.015
7686	0.2	0.0	0.038
7687	0.2	0.0	0.104
7688	0.2	0.0	0.111
7689	0.2	0.0	0.111
7690	0.2	0.0	0.117
7691	0.2	0.0	0.111
7692	0.2	0.0	0.108
7693	0.2	0.0	0.100
7694	0.2	0.0	0.088
7695	0.2	0.0	0.080
7696	0.2	0.0	0.075
7697	0.2	0.0	0.078
7698	0.3	0.0	0.096
7699	0.3	0.0	0.107
7700	0.3	0.0	0.133
7701	0.3	0.0	0.137
7702	0.3	0.0	0.127
7703	0.3	0.0	0.077
7704	0.3	0.0	0.048
7705	0.3	0.0	0.033
7706	0.3	0.0	0.018
7707	0.3	0.0	0.007
7708	0.3	0.0	0.005
7709	0.3	0.0	0.015
7710	0.3	0.0	0.038
7711	0.3	0.0	0.104
7712	0.3	0.0	0.111
7713	0.3	0.0	0.111
7714	0.3	0.0	0.117
7715	0.3	0.0	0.111
7716	0.3	0.0	0.108
7717	0.2	0.0	0.100
7718	0.2	0.0	0.088
7719	0.2	0.0	0.080
7720	0.2	0.0	0.075
7721	0.3	0.0	0.078
7722	0.3	0.0	0.096
7723	0.3	0.0	0.107
7724	0.3	0.0	0.133
7725	0.3	0.0	0.137
7726	0.3	0.0	0.127
7727	0.3	0.0	0.077
7728	0.3	0.0	0.048
7729	0.4	0.0	0.033
7730	0.4	0.0	0.018
7731	0.4	0.0	0.007
7732	0.4	0.0	0.005
7733	0.4	0.0	0.015
7734	0.4	0.0	0.038
7735	0.4	0.0	0.104
7736	0.4	0.0	0.111
7737	0.4	0.0	0.111
7738	0.4	0.0	0.117
7739	0.4	0.0	0.111
7740	0.4	0.0	0.108
7741	0.4	0.0	0.100
7742	0.3	0.0	0.088
7743	0.4	0.0	0.080
7744	0.4	0.0	0.075
7745	0.4	0.0	0.078
7746	0.4	0.0	0.096
7747	0.4	0.0	0.107
7748	0.4	0.0	0.133
7749	0.4	0.0	0.137
7750	0.5	0.0	0.127
7751	0.5	0.0	0.077
7752	0.5	0.0	0.048
7753	0.5	0.0	0.033
7754	0.5	0.0	0.018
7755	0.5	0.0	0.007
7756	0.5	0.0	0.005
7757	0.5	0.0	0.015
7758	0.5	0.0	0.038
7759	0.5	0.0	0.104
7760	0.5	0.0	0.111
7761	0.5	0.0	0.111
7762	0.5	0.0	0.117
7763	0.4	0.0	0.111
7764	0.4	0.0	0.108
7765	0.4	0.0	0.100
7766	0.4	0.0	0.088
7767	0.3	0.0	0.080
7768	0.3	0.0	0.075
7769	0.3	0.0	0.078
7770	0.4	0.0	0.096
7771	0.4	0.0	0.107
7772	0.4	0.0	0.133
7773	0.4	0.0	0.137
7774	0.4	0.0	0.127
7775	0.4	0.0	0.077
7776	0.4	0.0	0.048
7777	0.4	0.0	0.033
7778	0.4	0.0	0.018
7779	0.4	0.0	0.007
7780	0.4	0.0	0.005
7781	0.4	0.0	0.015
7782	0.5	0.0	0.038
7783	0.4	0.0	0.104
7784	0.4	0.0	0.111
7785	0.4	0.0	0.111
7786	0.4	0.0	0.117
7787	0.4	0.0	0.111
7788	0.4	0.0	0.108
7789	0.3	0.0	0.100
7790	0.3	0.0	0.088
7791	0.3	0.0	0.080
7792	0.3	0.0	0.075
7793	0.3	0.0	0.078
7794	0.4	0.0	0.096
7795	0.4	0.0	0.107
7796	0.4	0.0	0.133
7797	0.4	0.0	0.137
7798	0.4	0.0	0.127
7799	0.4	0.0	0.077
7800	0.4	0.0	0.048
7801	0.4	0.0	0.033
7802	0.4	0.0	0.018
7803	0.4	0.0	0.007
7804	0.4	0.0	0.005
7805	0.4	0.0	0.015
7806	0.4	0.0	0.038
7807	0.4	0.0	0.104
7808	0.4	0.0	0.111
7809	0.4	0.0	0.111
7810	0.4	0.0	0.117
7811	0.4	0.0	0.111
7812	0.4	0.0	0.108
7813	0.3	0.0	0.100
7814	0.3	0.0	0.088
7815	0.3	0.0	0.080
7816	0.3	0.0	0.075
7817	0.3	0.0	0.078
7818	0.3	0.0	0.096
7819	0.3	0.0	0.107
7820	0.3	0.0	0.133
7821	0.3	0.0	0.137
7822	0.4	0.0	0.127
7823	0.3	0.0	0.077
7824	0.4	0.0	0.048
7825	0.4	0.0	0.033
7826	0.4	0.0	0.018
7827	0.3	0.0	0.007
7828	0.3	0.0	0.005
7829	0.3	0.0	0.015
7830	0.4	0.0	0.038
7831	0.3	0.0	0.104
7832	0.3	0.0	0.111
7833	0.3	0.0	0.111
7834	0.3	0.0	0.117
7835	0.3	0.0	0.111
7836	0.3	0.0	0.108
7837	0.3	0.0	0.100
7838	0.3	0.0	0.088
7839	0.3	0.0	0.080
7840	0.3	0.0	0.075
7841	0.2	0.0	0.078
7842	0.3	0.0	0.096
7843	0.3	0.0	0.107
7844	0.3	0.0	0.133
7845	0.3	0.0	0.137
7846	0.3	0.0	0.127
7847	0.3	0.0	0.077
7848	0.2	0.0	0.048
7849	0.2	0.0	0.033
7850	0.3	0.0	0.018
7851	0.3	0.0	0.007
7852	0.3	0.0	0.005
7853	0.3	0.0	0.015
7854	0.3	0.0	0.038
7855	0.3	0.0	0.104
7856	0.3	0.0	0.111
7857	0.3	0.0	0.111
7858	0.3	0.0	0.117
7859	0.2	0.0	0.111
7860	0.2	0.0	0.108
7861	0.2	0.0	0.100
7862	0.2	0.0	0.088
7863	0.2	0.0	0.080
7864	0.2	0.0	0.075
7865	0.2	0.0	0.078
7866	0.3	0.0	0.096
7867	0.3	0.0	0.107
7868	0.3	0.0	0.133
7869	0.3	0.0	0.137
7870	0.3	0.0	0.127
7871	0.3	0.0	0.077
7872	0.3	0.0	0.048
7873	0.4	0.0	0.033
7874	0.4	0.0	0.018
7875	0.4	0.0	0.007
7876	0.4	0.0	0.005
7877	0.4	0.0	0.015
7878	0.4	0.0	0.038
7879	0.4	0.0	0.104
7880	0.4	0.0	0.111
7881	0.4	0.0	0.111
7882	0.4	0.0	0.117
7883	0.3	0.0	0.111
7884	0.3	0.0	0.108
7885	0.3	0.0	0.100
7886	0.3	0.0	0.088
7887	0.3	0.0	0.080
7888	0.3	0.0	0.075
7889	0.3	0.0	0.078
7890	0.3	0.0	0.096
7891	0.3	0.0	0.107
7892	0.4	0.0	0.133
7893	0.4	0.0	0.137
7894	0.4	0.0	0.127
7895	0.4	0.0	0.077
7896	0.4	0.0	0.048
7897	0.4	0.0	0.033
7898	0.4	0.0	0.018
7899	0.4	0.0	0.007
7900	0.4	0.0	0.005
7901	0.4	0.0	0.015
7902	0.4	0.0	0.038
7903	0.4	0.0	0.104
7904	0.4	0.0	0.111
7905	0.3	0.0	0.111
7906	0.3	0.0	0.117
7907	0.3	0.0	0.111
7908	0.3	0.0	0.108
7909	0.2	0.0	0.100
7910	0.2	0.0	0.088
7911	0.2	0.0	0.080
7912	0.3	0.0	0.075
7913	0.3	0.0	0.078
7914	0.3	0.0	0.096
7915	0.3	0.0	0.107
7916	0.3	0.0	0.133
7917	0.3	0.0	0.137
7918	0.3	0.0	0.127
7919	0.3	0.0	0.077
7920	0.3	0.0	0.048
7921	0.3	0.0	0.033
7922	0.3	0.0	0.018
7923	0.3	0.0	0.007
7924	0.3	0.0	0.005
7925	0.3	0.0	0.015
7926	0.3	0.0	0.038
7927	0.3	0.0	0.104
7928	0.3	0.0	0.111
7929	0.3	0.0	0.111
7930	0.3	0.0	0.117
7931	0.3	0.0	0.111
7932	0.3	0.0	0.108
7933	0.2	0.0	0.100
7934	0.2	0.0	0.088
7935	0.2	0.0	0.080
7936	0.2	0.0	0.075
7937	0.2	0.0	0.078
7938	0.3	0.0	0.096
7939	0.3	0.0	0.107
7940	0.3	0.0	0.133
7941	0.3	0.0	0.137
7942	0.3	0.0	0.127
7943	0.3	0.0	0.077
7944	0.3	0.0	0.048
7945	0.3	0.0	0.033
7946	0.3	0.0	0.018
7947	0.3	0.0	0.007
7948	0.4	0.0	0.005
7949	0.4	0.0	0.015
7950	0.4	0.0	0.038
7951	0.4	0.0	0.104
7952	0.4	0.0	0.111
7953	0.4	0.0	0.111
7954	0.4	0.0	0.117
7955	0.3	0.0	0.111
7956	0.3	0.0	0.108
7957	0.3	0.0	0.100
7958	0.3	0.0	0.088
7959	0.3	0.0	0.080
7960	0.3	0.0	0.075
7961	0.3	0.0	0.078
7962	0.3	0.0	0.096
7963	0.3	0.0	0.107
7964	0.3	0.0	0.133
7965	0.3	0.0	0.137
7966	0.3	0.0	0.127
7967	0.3	0.0	0.077
7968	0.3	0.0	0.048
7969	0.3	0.0	0.033
7970	0.3	0.0	0.018
7971	0.4	0.0	0.007
7972	0.4	0.0	0.005
7973	0.4	0.0	0.015
7974	0.4	0.0	0.038
7975	0.4	0.0	0.104
7976	0.4	0.0	0.111
7977	0.4	0.0	0.111
7978	0.3	0.0	0.117
7979	0.3	0.0	0.111
7980	0.3	0.0	0.108
7981	0.2	0.0	0.100
7982	0.2	0.0	0.088
7983	0.2	0.0	0.080
7984	0.3	0.0	0.075
7985	0.3	0.0	0.078
7986	0.3	0.0	0.096
7987	0.3	0.0	0.107
7988	0.3	0.0	0.133
7989	0.3	0.0	0.137
7990	0.4	0.0	0.127
7991	0.4	0.0	0.077
7992	0.4	0.0	0.048
7993	0.4	0.0	0.033
7994	0.4	0.0	0.018
7995	0.4	0.0	0.007
7996	0.4	0.0	0.005
7997	0.4	0.0	0.015
7998	0.4	0.0	0.038
7999	0.4	0.0	0.104
8000	0.5	0.0	0.111
8001	0.4	0.0	0.111
8002	0.4	0.0	0.117
8003	0.4	0.0	0.111
8004	0.4	0.0	0.108
8005	0.4	0.0	0.100
8006	0.4	0.0	0.088
8007	0.4	0.0	0.080
8008	0.4	0.0	0.075
8009	0.4	0.0	0.078
8010	0.4	0.0	0.096
8011	0.5	0.0	0.107
8012	0.5	0.0	0.133
8013	0.5	0.0	0.137
8014	0.5	0.0	0.127
8015	0.5	0.0	0.077
8016	0.5	0.0	0.048
8017	0.7	0.0	0.033
8018	0.7	0.0	0.018
8019	0.7	0.0	0.007
8020	0.7	0.0	0.005
8021	0.7	0.0	0.015
8022	0.8	0.0	0.038
8023	0.8	0.0	0.104
8024	0.8	0.0	0.111
8025	0.8	0.0	0.111
8026	0.8	0.0	0.117
8027	0.7	0.0	0.111
8028	0.7	0.0	0.108
8029	0.7	0.0	0.100
8030	0.7	0.0	0.088
8031	0.7	0.0	0.080
8032	0.7	0.0	0.075
8033	0.7	0.0	0.078
8034	0.7	0.0	0.096
8035	0.7	0.0	0.107
8036	0.7	0.0	0.133
8037	0.7	0.0	0.137
8038	0.8	0.0	0.127
8039	0.8	0.0	0.077
8040	0.8	0.0	0.048
8041	0.8	0.0	0.033
8042	0.8	0.0	0.018
8043	0.7	0.0	0.007
8044	0.7	0.0	0.005
8045	0.7	0.0	0.015
8046	0.7	0.0	0.038
8047	0.7	0.0	0.104
8048	0.7	0.0	0.111
8049	0.7	0.0	0.111
8050	0.7	0.0	0.117
8051	0.7	0.0	0.111
8052	0.7	0.0	0.108
8053	0.6	0.0	0.100
8054	0.6	0.0	0.088
8055	0.6	0.0	0.080
8056	0.6	0.0	0.075
8057	0.6	0.0	0.078
8058	0.6	0.0	0.096
8059	0.6	0.0	0.107
8060	0.6	0.0	0.133
8061	0.6	0.0	0.137
8062	0.6	0.0	0.127
8063	0.6	0.0	0.077
8064	0.6	0.0	0.048
8065	0.6	0.0	0.033
8066	0.6	0.0	0.018
8067	0.6	0.0	0.007
8068	0.6	0.0	0.005
8069	0.6	0.0	0.015
8070	0.6	0.0	0.038
8071	0.6	0.0	0.104
8072	0.6	0.0	0.111
8073	0.6	0.0	0.111
8074	0.6	0.0	0.117
8075	0.5	0.0	0.111
8076	0.5	0.0	0.108
8077	0.5	0.0	0.100
8078	0.5	0.0	0.088
8079	0.5	0.0	0.080
8080	0.5	0.0	0.075
8081	0.5	0.0	0.078
8082	0.6	0.0	0.096
8083	0.6	0.0	0.107
8084	0.6	0.0	0.133
8085	0.6	0.0	0.137
8086	0.6	0.0	0.127
8087	0.6	0.0	0.077
8088	0.6	0.0	0.048
8089	0.6	0.0	0.033
8090	0.6	0.0	0.018
8091	0.6	0.0	0.007
8092	0.6	0.0	0.005
8093	0.6	0.0	0.015
8094	0.7	0.0	0.038
8095	0.6	0.0	0.104
8096	0.6	0.0	0.111
8097	0.6	0.0	0.111
8098	0.6	0.0	0.117
8099	0.6	0.0	0.111
8100	0.6	0.0	0.108
8101	0.6	0.0	0.100
8102	0.6	0.0	0.088
8103	0.6	0.0	0.080
8104	0.6	0.0	0.075
8105	0.6	0.0	0.078
8106	0.7	0.0	0.096
8107	0.7	0.0	0.107
8108	0.7	0.0	0.133
8109	0.7	0.0	0.137
8110	0.7	0.0	0.127
8111	0.7	0.0	0.077
8112	0.7	0.0	0.048
8113	0.7	0.0	0.033
8114	0.7	0.0	0.018
8115	0.7	0.0	0.007
8116	0.6	0.0	0.005
8117	0.6	0.0	0.015
8118	0.7	0.0	0.038
8119	0.6	0.0	0.104
8120	0.6	0.0	0.111
8121	0.6	0.0	0.111
8122	0.6	0.0	0.117
8123	0.6	0.0	0.111
8124	0.5	0.0	0.108
8125	0.5	0.0	0.100
8126	0.5	0.0	0.088
8127	0.5	0.0	0.080
8128	0.5	0.0	0.075
8129	0.5	0.0	0.078
8130	0.5	0.0	0.096
8131	0.5	0.0	0.107
8132	0.5	0.0	0.133
8133	0.5	0.0	0.137
8134	0.4	0.0	0.127
8135	0.4	0.0	0.077
8136	0.4	0.0	0.048
8137	0.4	0.0	0.033
8138	0.4	0.0	0.018
8139	0.4	0.0	0.007
8140	0.4	0.0	0.005
8141	0.4	0.0	0.015
8142	0.4	0.0	0.038
8143	0.4	0.0	0.104
8144	0.4	0.0	0.111
8145	0.4	0.0	0.111
8146	0.4	0.0	0.117
8147	0.4	0.0	0.111
8148	0.4	0.0	0.108
8149	0.3	0.0	0.100
8150	0.3	0.0	0.088
8151	0.3	0.0	0.080
8152	0.3	0.0	0.075
8153	0.3	0.0	0.078
8154	0.3	0.0	0.096
8155	0.3	0.0	0.107
8156	0.3	0.0	0.133
8157	0.3	0.0	0.137
8158	0.4	0.0	0.127
8159	0.4	0.0	0.077
8160	0.4	0.0	0.048
8161	0.4	0.0	0.033
8162	0.4	0.0	0.018
8163	0.4	0.0	0.007
8164	0.4	0.0	0.005
8165	0.4	0.0	0.015
8166	0.4	0.0	0.038
8167	0.4	0.0	0.104
8168	0.4	0.0	0.111
8169	0.4	0.0	0.111
8170	0.4	0.0	0.117
8171	0.4	0.0	0.111
8172	0.4	0.0	0.108
8173	0.4	0.0	0.100
8174	0.4	0.0	0.088
8175	0.4	0.0	0.080
8176	0.4	0.0	0.075
8177	0.4	0.0	0.078
8178	0.4	0.0	0.096
8179	0.4	0.0	0.107
8180	0.5	0.0	0.133
8181	0.5	0.0	0.137
8182	0.5	0.0	0.127
8183	0.5	0.0	0.077
8184	0.5	0.0	0.048
8185	0.5	0.0	0.033
8186	0.5	0.0	0.018
8187	0.5	0.0	0.007
8188	0.5	0.0	0.005
8189	0.6	0.0	0.015
8190	0.6	0.0	0.038
8191	0.6	0.0	0.104
8192	0.6	0.0	0.111
8193	0.6	0.0	0.111
8194	0.6	0.0	0.117
8195	0.6	0.0	0.111
8196	0.6	0.0	0.108
8197	0.6	0.0	0.100
8198	0.6	0.0	0.088
8199	0.6	0.0	0.080
8200	0.6	0.0	0.075
8201	0.6	0.0	0.078
8202	0.7	0.0	0.096
8203	0.7	0.0	0.107
8204	0.8	0.0	0.133
8205	0.8	0.0	0.137
8206	0.8	0.0	0.127
8207	0.9	0.0	0.077
8208	0.9	0.0	0.048
8209	0.9	0.0	0.033
8210	0.9	0.0	0.018
8211	0.9	0.0	0.007
8212	0.9	0.0	0.005
8213	0.9	0.0	0.015
8214	0.9	0.0	0.038
8215	0.9	0.0	0.104
8216	0.9	0.0	0.111
8217	0.9	0.0	0.111
8218	0.9	0.0	0.117
8219	0.9	0.0	0.111
8220	0.8	0.0	0.108
8221	0.8	0.0	0.100
8222	0.8	0.0	0.088
8223	0.8	0.0	0.080
8224	0.8	0.0	0.075
8225	0.8	0.0	0.078
8226	0.8	0.0	0.096
8227	0.8	0.0	0.107
8228	0.8	0.0	0.133
8229	0.8	0.0	0.137
8230	0.8	0.0	0.127
8231	0.8	0.0	0.077
8232	0.8	0.0	0.048
8233	0.8	0.0	0.033
8234	0.8	0.0	0.018
8235	0.8	0.0	0.007
8236	0.9	0.0	0.005
8237	0.9	0.0	0.015
8238	0.9	0.0	0.038
8239	0.9	0.0	0.104
8240	0.9	0.0	0.111
8241	0.9	0.0	0.111
8242	0.9	0.0	0.117
8243	0.9	0.0	0.111
8244	0.8	0.0	0.108
8245	0.9	0.0	0.100
8246	0.9	0.0	0.088
8247	0.8	0.0	0.080
8248	0.8	0.0	0.075
8249	0.9	0.0	0.078
8250	0.9	0.0	0.096
8251	0.9	0.0	0.107
8252	0.9	0.0	0.133
8253	0.9	0.0	0.137
8254	0.9	0.0	0.127
8255	0.9	0.0	0.077
8256	0.9	0.0	0.048
8257	0.9	0.0	0.033
8258	0.9	0.0	0.018
8259	0.9	0.0	0.007
8260	0.9	0.0	0.005
8261	0.9	0.0	0.015
8262	0.9	0.0	0.038
8263	0.9	0.0	0.104
8264	0.9	0.0	0.111
8265	0.9	0.0	0.111
8266	0.8	0.0	0.117
8267	0.8	0.0	0.111
8268	0.8	0.0	0.108
8269	0.8	0.0	0.100
8270	0.8	0.0	0.088
8271	0.8	0.0	0.080
8272	0.8	0.0	0.075
8273	0.8	0.0	0.078
8274	0.8	0.0	0.096
8275	0.8	0.0	0.107
8276	0.8	0.0	0.133
8277	0.8	0.0	0.137
8278	0.8	0.0	0.127
8279	0.8	0.0	0.077
8280	0.8	0.0	0.048
8281	0.8	0.0	0.033
8282	0.8	0.0	0.018
8283	0.7	0.0	0.007
8284	0.7	0.0	0.005
8285	0.7	0.0	0.015
8286	0.8	0.0	0.038
8287	0.8	0.0	0.104
8288	0.8	0.0	0.111
8289	0.8	0.0	0.111
8290	0.8	0.0	0.117
8291	0.7	0.0	0.111
8292	0.7	0.0	0.108
8293	0.7	0.0	0.100
8294	0.7	0.0	0.088
8295	0.7	0.0	0.080
8296	0.7	0.0	0.075
8297	0.7	0.0	0.078
8298	0.7	0.0	0.096
8299	0.7	0.0	0.107
8300	0.7	0.0	0.133
8301	0.7	0.0	0.137
8302	0.7	0.0	0.127
8303	0.7	0.0	0.077
8304	0.7	0.0	0.048
8305	0.7	0.0	0.033
8306	0.8	0.0	0.018
8307	0.8	0.0	0.007
8308	0.8	0.0	0.005
8309	0.8	0.0	0.015
8310	0.8	0.0	0.038
8311	0.7	0.0	0.104
8312	0.7	0.0	0.111
8313	0.7	0.0	0.111
8314	0.7	0.0	0.117
8315	0.7	0.0	0.111
8316	0.6	0.0	0.108
8317	0.6	0.0	0.100
8318	0.6	0.0	0.088
8319	0.6	0.0	0.080
8320	0.6	0.0	0.075
8321	0.6	0.0	0.078
8322	0.6	0.0	0.096
8323	0.6	0.0	0.107
8324	0.6	0.0	0.133
8325	0.6	0.0	0.137
8326	0.6	0.0	0.127
8327	0.6	0.0	0.077
8328	0.6	0.0	0.048
8329	0.6	0.0	0.033
8330	0.6	0.0	0.018
8331	0.6	0.0	0.007
8332	0.6	0.0	0.005
8333	0.6	0.0	0.015
8334	0.6	0.0	0.038
8335	0.7	0.0	0.104
8336	0.7	0.0	0.111
8337	0.6	0.0	0.111
8338	0.6	0.0	0.117
8339	0.6	0.0	0.111
8340	0.6	0.0	0.108
8341	0.5	0.0	0.100
8342	0.5	0.0	0.088
8343	0.5	0.0	0.080
8344	0.5	0.0	0.075
8345	0.5	0.0	0.078
8346	0.6	0.0	0.096
8347	0.6	0.0	0.107
8348	0.6	0.0	0.133
8349	0.6	0.0	0.137
8350	0.6	0.0	0.127
8351	0.6	0.0	0.077
8352	0.6	0.0	0.048
8353	0.6	0.0	0.033
8354	0.6	0.0	0.018
8355	0.6	0.0	0.007
8356	0.6	0.0	0.005
8357	0.6	0.0	0.015
8358	0.6	0.0	0.038
8359	0.6	0.0	0.104
8360	0.6	0.0	0.111
8361	0.6	0.0	0.111
8362	0.5	0.0	0.117
8363	0.5	0.0	0.111
8364	0.5	0.0	0.108
8365	0.5	0.0	0.100
8366	0.5	0.0	0.088
8367	0.4	0.0	0.080
8368	0.5	0.0	0.075
8369	0.5	0.0	0.078
8370	0.5	0.0	0.096
8371	0.5	0.0	0.107
8372	0.5	0.0	0.133
8373	0.6	0.0	0.137
8374	0.6	0.0	0.127
8375	0.6	0.0	0.077
8376	0.6	0.0	0.048
8377	0.6	0.0	0.033
8378	0.6	0.0	0.018
8379	0.6	0.0	0.007
8380	0.6	0.0	0.005
8381	0.6	0.0	0.015
8382	0.6	0.0	0.038
8383	0.6	0.0	0.104
8384	0.6	0.0	0.111
8385	0.7	0.0	0.111
8386	0.6	0.0	0.117
8387	0.6	0.0	0.111
8388	0.6	0.0	0.108
8389	0.6	0.0	0.100
8390	0.5	0.0	0.088
8391	0.5	0.0	0.080
8392	0.5	0.0	0.075
8393	0.5	0.0	0.078
8394	0.5	0.0	0.096
8395	0.6	0.0	0.107
8396	0.5	0.0	0.133
8397	0.5	0.0	0.137
8398	0.5	0.0	0.127
8399	0.5	0.0	0.077
8400	0.5	0.0	0.048
8401	0.5	0.0	0.033
8402	0.5	0.0	0.018
8403	0.5	0.0	0.007
8404	0.5	0.0	0.005
8405	0.5	0.0	0.015
8406	0.5	0.0	0.038
8407	0.5	0.0	0.104
8408	0.5	0.0	0.111
8409	0.5	0.0	0.111
8410	0.5	0.0	0.117
8411	0.5	0.0	0.111
8412	0.5	0.0	0.108
8413	0.5	0.0	0.100
8414	0.5	0.0	0.088
8415	0.4	0.0	0.080
8416	0.4	0.0	0.075
8417	0.4	0.0	0.078
8418	0.5	0.0	0.096
8419	0.4	0.0	0.107
8420	0.5	0.0	0.133
8421	0.5	0.0	0.137
8422	0.5	0.0	0.127
8423	0.5	0.0	0.077
8424	0.5	0.0	0.048
8425	0.5	0.0	0.033
8426	0.4	0.0	0.018
8427	0.5	0.0	0.007
8428	0.5	0.0	0.005
8429	0.5	0.0	0.015
8430	0.5	0.0	0.038
8431	0.5	0.0	0.104
8432	0.5	0.0	0.111
8433	0.5	0.0	0.111
8434	0.4	0.0	0.117
8435	0.4	0.0	0.111
8436	0.4	0.0	0.108
8437	0.4	0.0	0.100
8438	0.4	0.0	0.088
8439	0.4	0.0	0.080
8440	0.4	0.0	0.075
8441	0.4	0.0	0.078
8442	0.4	0.0	0.096
8443	0.4	0.0	0.107
8444	0.4	0.0	0.133
8445	0.4	0.0	0.137
8446	0.4	0.0	0.127
8447	0.4	0.0	0.077
8448	0.4	0.0	0.048
8449	0.4	0.0	0.033
8450	0.4	0.0	0.018
8451	0.4	0.0	0.007
8452	0.4	0.0	0.005
8453	0.4	0.0	0.015
8454	0.4	0.0	0.038
8455	0.4	0.0	0.104
8456	0.4	0.0	0.111
8457	0.4	0.0	0.111
8458	0.4	0.0	0.117
8459	0.4	0.0	0.111
8460	0.3	0.0	0.108
8461	0.3	0.0	0.100
8462	0.3	0.0	0.088
8463	0.3	0.0	0.080
8464	0.3	0.0	0.075
8465	0.3	0.0	0.078
8466	0.3	0.0	0.096
8467	0.4	0.0	0.107
8468	0.4	0.0	0.133
8469	0.4	0.0	0.137
8470	0.4	0.0	0.127
8471	0.4	0.0	0.077
8472	0.4	0.0	0.048
8473	0.4	0.0	0.033
8474	0.4	0.0	0.018
8475	0.4	0.0	0.007
8476	0.4	0.0	0.005
8477	0.5	0.0	0.015
8478	0.5	0.0	0.038
8479	0.5	0.0	0.104
8480	0.5	0.0	0.111
8481	0.5	0.0	0.111
8482	0.5	0.0	0.117
8483	0.5	0.0	0.111
8484	0.5	0.0	0.108
8485	0.4	0.0	0.100
8486	0.5	0.0	0.088
8487	0.5	0.0	0.080
8488	0.5	0.0	0.075
8489	0.5	0.0	0.078
8490	0.5	0.0	0.096
8491	0.5	0.0	0.107
8492	0.5	0.0	0.133
8493	0.6	0.0	0.137
8494	0.6	0.0	0.127
8495	0.6	0.0	0.077
8496	0.6	0.0	0.048
8497	0.6	0.0	0.033
8498	0.6	0.0	0.018
8499	0.6	0.0	0.007
8500	0.6	0.0	0.005
8501	0.6	0.0	0.015
8502	0.6	0.0	0.038
8503	0.6	0.0	0.104
8504	0.6	0.0	0.111
8505	0.6	0.0	0.111
8506	0.6	0.0	0.117
8507	0.5	0.0	0.111
8508	0.5	0.0	0.108
8509	0.5	0.0	0.100
8510	0.5	0.0	0.088
8511	0.5	0.0	0.080
8512	0.5	0.0	0.075
8513	0.5	0.0	0.078
8514	0.5	0.0	0.096
8515	0.5	0.0	0.107
8516	0.5	0.0	0.133
8517	0.5	0.0	0.137
8518	0.5	0.0	0.127
8519	0.5	0.0	0.077
8520	0.5	0.0	0.048
8521	0.5	0.0	0.033
8522	0.5	0.0	0.018
8523	0.5	0.0	0.007
8524	0.5	0.0	0.005
8525	0.5	0.0	0.015
8526	0.5	0.0	0.038
8527	0.5	0.0	0.104
8528	0.5	0.0	0.111
8529	0.5	0.0	0.111
8530	0.4	0.0	0.117
8531	0.5	0.0	0.111
8532	0.4	0.0	0.108
8533	0.4	0.0	0.100
8534	0.5	0.0	0.088
8535	0.5	0.0	0.080
8536	0.5	0.0	0.075
8537	0.5	0.0	0.078
8538	0.5	0.0	0.096
8539	0.5	0.0	0.107
8540	0.5	0.0	0.133
8541	0.5	0.0	0.137
8542	0.5	0.0	0.127
8543	0.5	0.0	0.077
8544	0.5	0.0	0.048
8545	0.5	0.0	0.033
8546	0.5	0.0	0.018
8547	0.5	0.0	0.007
8548	0.5	0.0	0.005
8549	0.6	0.0	0.015
8550	0.6	0.0	0.038
8551	0.6	0.0	0.104
8552	0.6	0.0	0.111
8553	0.6	0.0	0.111
8554	0.5	0.0	0.117
8555	0.5	0.0	0.111
8556	0.5	0.0	0.108
8557	0.5	0.0	0.100
8558	0.5	0.0	0.088
8559	0.5	0.0	0.080
8560	0.5	0.0	0.075
8561	0.5	0.0	0.078
8562	0.6	0.0	0.096
8563	0.6	0.0	0.107
8564	0.6	0.0	0.133
8565	0.6	0.0	0.137
8566	0.6	0.0	0.127
8567	0.6	0.0	0.077
8568	0.6	0.0	0.048
8569	0.6	0.0	0.033
8570	0.6	0.0	0.018
8571	0.6	0.0	0.007
8572	0.6	0.0	0.005
8573	0.6	0.0	0.015
8574	0.6	0.0	0.038
8575	0.6	0.0	0.104
8576	0.6	0.0	0.111
8577	0.6	0.0	0.111
8578	0.6	0.0	0.117
8579	0.6	0.0	0.111
8580	0.5	0.0	0.108
8581	0.5	0.0	0.100
8582	0.5	0.0	0.088
8583	0.4	0.0	0.080
8584	0.4	0.0	0.075
8585	0.5	0.0	0.078
8586	0.5	0.0	0.096
8587	0.5	0.0	0.107
8588	0.5	0.0	0.133
8589	0.5	0.0	0.137
8590	0.5	0.0	0.127
8591	0.5	0.0	0.077
8592	0.5	0.0	0.048
8593	0.6	0.0	0.033
8594	0.5	0.0	0.018
8595	0.5	0.0	0.007
8596	0.5	0.0	0.005
8597	0.5	0.0	0.015
8598	0.5	0.0	0.038
8599	0.5	0.0	0.104
8600	0.5	0.0	0.111
8601	0.5	0.0	0.111
8602	0.5	0.0	0.117
8603	0.4	0.0	0.111
8604	0.4	0.0	0.108
8605	0.4	0.0	0.100
8606	0.3	0.0	0.088
8607	0.3	0.0	0.080
8608	0.4	0.0	0.075
8609	0.4	0.0	0.078
8610	0.4	0.0	0.096
8611	0.4	0.0	0.107
8612	0.4	0.0	0.133
8613	0.4	0.0	0.137
8614	0.4	0.0	0.127
8615	0.4	0.0	0.077
8616	0.4	0.0	0.048
8617	0.4	0.0	0.033
8618	0.4	0.0	0.018
8619	0.4	0.0	0.007
8620	0.4	0.0	0.005
8621	0.4	0.0	0.015
8622	0.4	0.0	0.038
8623	0.4	0.0	0.104
8624	0.4	0.0	0.111
8625	0.4	0.0	0.111
8626	0.4	0.0	0.117
8627	0.4	0.0	0.111
8628	0.3	0.0	0.108
8629	0.3	0.0	0.100
8630	0.3	0.0	0.088
8631	0.3	0.0	0.080
8632	0.3	0.0	0.075
8633	0.3	0.0	0.078
8634	0.4	0.0	0.096
8635	0.4	0.0	0.107
8636	0.4	0.0	0.133
8637	0.4	0.0	0.137
8638	0.4	0.0	0.127
8639	0.4	0.0	0.077
8640	0.5	0.0	0.048
8641	0.5	0.0	0.033
8642	0.5	0.0	0.018
8643	0.5	0.0	0.007
8644	0.5	0.0	0.005
8645	0.5	0.0	0.015
8646	0.5	0.0	0.038
8647	0.5	0.0	0.104
8648	0.5	0.0	0.111
8649	0.5	0.0	0.111
8650	0.5	0.0	0.117
8651	0.4	0.0	0.111
8652	0.4	0.0	0.108
8653	0.4	0.0	0.100
8654	0.4	0.0	0.088
8655	0.3	0.0	0.080
8656	0.3	0.0	0.075
8657	0.3	0.0	0.078
8658	0.4	0.0	0.096
8659	0.4	0.0	0.107
8660	0.3	0.0	0.133
8661	0.4	0.0	0.137
8662	0.4	0.0	0.127
8663	0.4	0.0	0.077
8664	0.4	0.0	0.048
8665	0.4	0.0	0.033
8666	0.4	0.0	0.018
8667	0.3	0.0	0.007
8668	0.3	0.0	0.005
8669	0.3	0.0	0.015
8670	0.3	0.0	0.038
8671	0.3	0.0	0.104
8672	0.3	0.0	0.111
8673	0.3	0.0	0.111
8674	0.3	0.0	0.117
8675	0.3	0.0	0.111
8676	0.3	0.0	0.108
8677	0.3	0.0	0.100
8678	0.3	0.0	0.088
8679	0.3	0.0	0.080
8680	0.3	0.0	0.075
8681	0.3	0.0	0.078
8682	0.2	0.0	0.096
8683	0.2	0.0	0.107
8684	0.2	0.0	0.133
8685	0.2	0.0	0.137
8686	0.2	0.0	0.127
8687	0.2	0.0	0.077
8688	0.2	0.0	0.048
8689	0.2	0.0	0.033
8690	0.2	0.0	0.018
8691	0.2	0.0	0.007
8692	0.2	0.0	0.005
8693	0.2	0.0	0.015
8694	0.3	0.0	0.038
8695	0.2	0.0	0.104
8696	0.2	0.0	0.111
8697	0.2	0.0	0.111
8698	0.2	0.0	0.117
8699	0.2	0.0	0.111
8700	0.2	0.0	0.108
8701	0.3	0.0	0.100
8702	0.3	0.0	0.088
8703	0.3	0.0	0.080
8704	0.3	0.0	0.075
8705	0.3	0.0	0.078
8706	0.4	0.0	0.096
8707	0.4	0.0	0.107
8708	0.4	0.0	0.133
8709	0.4	0.0	0.137
8710	0.4	0.0	0.127
8711	0.4	0.0	0.077
8712	0.4	0.0	0.048
8713	0.4	0.0	0.033
8714	0.4	0.0	0.018
8715	0.4	0.0	0.007
8716	0.5	0.0	0.005
8717	0.5	0.0	0.015
8718	0.5	0.0	0.038
8719	0.5	0.0	0.104
8720	0.5	0.0	0.111
8721	0.5	0.0	0.111
8722	0.5	0.0	0.117
8723	0.5	0.0	0.111
8724	0.5	0.0	0.108
8725	0.5	0.0	0.100
8726	0.5	0.0	0.088
8727	0.5	0.0	0.080
8728	0.5	0.0	0.075
8729	0.5	0.0	0.078
8730	0.5	0.0	0.096
8731	0.6	0.0	0.107
8732	0.5	0.0	0.133
8733	0.6	0.0	0.137
8734	0.6	0.0	0.127
8735	0.6	0.0	0.077
8736	0.6	0.0	0.048
8737	0.6	0.0	0.033
8738	0.7	0.0	0.018
8739	0.7	0.0	0.007
8740	0.7	0.0	0.005
8741	0.7	0.0	0.015
8742	0.7	0.0	0.038
8743	0.7	0.0	0.104
8744	0.7	0.0	0.111
8745	0.7	0.0	0.111
8746	0.7	0.0	0.117
8747	0.7	0.0	0.111
8748	0.7	0.0	0.108
8749	0.7	0.0	0.100
8750	0.7	0.0	0.088
8751	0.7	0.0	0.080
8752	0.7	0.0	0.075
8753	0.7	0.0	0.078
8754	0.7	0.0	0.096
8755	0.7	0.0	0.107
8756	0.7	0.0	0.133
8757	0.8	0.0	0.137
8758	0.8	0.0	0.127
8759	0.8	0.0	0.077
8760	0.8	0.0	0.048
