# HOY	Heat Demand	Load duration curve	Dhw Demand
# [h]	[kWh / h]	[kWh / h]	[kWh / h]
1	19.8	30.8	0.666
2	20.2	30.7	0.360
3	21.1	30.1	0.141
4	20.8	30.0	0.102
5	21.0	30.0	0.306
6	21.1	29.9	0.768
7	20.8	28.7	2.076
8	20.6	28.7	2.222
9	20.7	27.8	2.232
10	19.6	27.7	2.339
11	19.6	27.6	2.232
12	18.5	27.6	2.164
13	18.0	27.5	2.003
14	18.1	27.5	1.760
15	18.0	27.5	1.604
16	18.6	27.5	1.497
17	19.7	27.4	1.556
18	21.3	27.4	1.930
19	22.7	27.4	2.154
20	23.1	27.4	2.664
21	23.3	27.4	2.737
22	24.0	27.3	2.552
23	24.6	27.2	1.536
24	25.4	27.2	0.963
25	26.2	27.2	0.666
26	25.6	27.2	0.360
27	25.7	27.2	0.141
28	25.8	27.0	0.102
29	25.5	26.9	0.306
30	25.0	26.9	0.768
31	25.5	26.8	2.076
32	25.9	26.8	2.222
33	25.2	26.7	2.232
34	24.7	26.7	2.339
35	23.9	26.6	2.232
36	22.9	26.4	2.164
37	22.4	26.4	2.003
38	22.2	26.4	1.760
39	21.4	26.3	1.604
40	21.9	26.3	1.497
41	22.9	26.2	1.556
42	23.9	26.2	1.930
43	24.1	26.1	2.154
44	24.2	26.1	2.664
45	24.5	26.1	2.737
46	24.5	26.1	2.552
47	24.6	26.0	1.536
48	24.6	26.0	0.963
49	24.6	26.0	0.666
50	24.5	25.9	0.360
51	24.7	25.9	0.141
52	25.2	25.9	0.102
53	25.4	25.9	0.306
54	25.1	25.8	0.768
55	25.9	25.8	2.076
56	25.5	25.8	2.222
57	25.3	25.8	2.232
58	25.4	25.7	2.339
59	24.7	25.7	2.232
60	24.5	25.7	2.164
61	23.5	25.7	2.003
62	22.9	25.7	1.760
63	22.5	25.6	1.604
64	22.4	25.6	1.497
65	22.7	25.5	1.556
66	23.6	25.5	1.930
67	24.4	25.5	2.154
68	24.9	25.5	2.664
69	25.7	25.4	2.737
70	26.3	25.4	2.552
71	26.8	25.4	1.536
72	27.2	25.4	0.963
73	27.5	25.4	0.666
74	27.5	25.3	0.360
75	27.2	25.3	0.141
76	27.4	25.3	0.102
77	27.4	25.3	0.306
78	27.2	25.3	0.768
79	26.7	25.3	2.076
80	25.8	25.2	2.222
81	25.0	25.2	2.232
82	23.7	25.2	2.339
83	21.6	25.1	2.232
84	19.9	25.1	2.164
85	18.4	25.1	2.003
86	17.8	25.1	1.760
87	18.0	25.0	1.604
88	17.9	25.0	1.497
89	18.2	25.0	1.556
90	18.4	25.0	1.930
91	18.3	25.0	2.154
92	17.9	24.9	2.664
93	18.4	24.9	2.737
94	18.8	24.9	2.552
95	18.9	24.8	1.536
96	19.0	24.8	0.963
97	19.0	24.8	0.666
98	19.1	24.8	0.360
99	19.9	24.8	0.141
100	20.4	24.7	0.102
101	21.0	24.7	0.306
102	21.3	24.7	0.768
103	22.0	24.7	2.076
104	22.3	24.6	2.222
105	22.7	24.6	2.232
106	22.7	24.6	2.339
107	23.1	24.6	2.232
108	23.2	24.6	2.164
109	23.3	24.6	2.003
110	23.9	24.6	1.760
111	25.1	24.6	1.604
112	25.0	24.5	1.497
113	26.1	24.5	1.556
114	27.2	24.5	1.930
115	27.4	24.5	2.154
116	26.9	24.5	2.664
117	27.6	24.5	2.737
118	28.7	24.5	2.552
119	29.9	24.5	1.536
120	30.0	24.4	0.963
121	30.7	24.4	0.666
122	30.8	24.4	0.360
123	30.1	24.4	0.141
124	30.0	24.4	0.102
125	28.7	24.4	0.306
126	27.8	24.4	0.768
127	27.5	24.3	2.076
128	27.3	24.3	2.222
129	26.9	24.3	2.232
130	25.9	24.3	2.339
131	24.4	24.3	2.232
132	23.2	24.2	2.164
133	21.4	24.2	2.003
134	20.1	24.1	1.760
135	19.5	24.1	1.604
136	18.6	24.1	1.497
137	18.5	24.1	1.556
138	19.1	24.1	1.930
139	18.3	24.1	2.154
140	18.2	24.1	2.664
141	18.3	24.1	2.737
142	18.3	24.1	2.552
143	18.3	24.1	1.536
144	18.2	24.0	0.963
145	17.9	24.0	0.666
146	18.3	24.0	0.360
147	18.4	24.0	0.141
148	18.7	24.0	0.102
149	19.4	24.0	0.306
150	19.0	24.0	0.768
151	19.1	24.0	2.076
152	19.5	24.0	2.222
153	19.2	23.9	2.232
154	18.0	23.9	2.339
155	17.5	23.9	2.232
156	16.6	23.9	2.164
157	15.9	23.9	2.003
158	14.5	23.9	1.760
159	14.0	23.9	1.604
160	13.9	23.9	1.497
161	15.2	23.9	1.556
162	16.0	23.9	1.930
163	17.3	23.9	2.154
164	17.5	23.8	2.664
165	18.5	23.8	2.737
166	18.7	23.8	2.552
167	20.0	23.8	1.536
168	20.2	23.8	0.963
169	20.6	23.8	0.666
170	20.5	23.8	0.360
171	20.7	23.8	0.141
172	19.9	23.8	0.102
173	19.7	23.8	0.306
174	18.9	23.8	0.768
175	18.9	23.7	2.076
176	18.6	23.7	2.222
177	18.6	23.7	2.232
178	18.1	23.7	2.339
179	17.1	23.7	2.232
180	16.3	23.7	2.164
181	16.6	23.7	2.003
182	16.1	23.7	1.760
183	16.5	23.6	1.604
184	16.4	23.6	1.497
185	16.2	23.6	1.556
186	16.4	23.6	1.930
187	16.8	23.6	2.154
188	15.9	23.6	2.664
189	15.3	23.6	2.737
190	15.3	23.6	2.552
191	14.6	23.5	1.536
192	14.0	23.5	0.963
193	13.2	23.5	0.666
194	13.2	23.5	0.360
195	13.8	23.5	0.141
196	13.9	23.5	0.102
197	13.3	23.5	0.306
198	12.6	23.5	0.768
199	13.2	23.5	2.076
200	13.1	23.5	2.222
201	13.4	23.5	2.232
202	12.4	23.5	2.339
203	12.2	23.4	2.232
204	12.4	23.4	2.164
205	12.2	23.4	2.003
206	11.1	23.4	1.760
207	10.2	23.4	1.604
208	9.9	23.4	1.497
209	10.0	23.4	1.556
210	9.7	23.4	1.930
211	9.8	23.3	2.154
212	9.9	23.3	2.664
213	9.8	23.3	2.737
214	9.8	23.3	2.552
215	9.6	23.3	1.536
216	9.0	23.3	0.963
217	9.2	23.3	0.666
218	9.6	23.3	0.360
219	10.0	23.3	0.141
220	10.5	23.3	0.102
221	11.0	23.3	0.306
222	11.6	23.3	0.768
223	12.3	23.3	2.076
224	12.5	23.3	2.222
225	12.5	23.2	2.232
226	12.8	23.2	2.339
227	12.8	23.2	2.232
228	12.6	23.2	2.164
229	12.2	23.2	2.003
230	12.5	23.2	1.760
231	12.2	23.2	1.604
232	13.4	23.1	1.497
233	14.2	23.1	1.556
234	15.4	23.1	1.930
235	15.5	23.1	2.154
236	16.3	23.1	2.664
237	17.4	23.1	2.737
238	18.8	23.1	2.552
239	19.8	23.1	1.536
240	20.5	23.1	0.963
241	21.3	23.1	0.666
242	21.3	23.1	0.360
243	21.3	23.1	0.141
244	21.4	23.1	0.102
245	21.3	23.0	0.306
246	21.1	23.0	0.768
247	21.0	23.0	2.076
248	20.7	23.0	2.222
249	21.0	23.0	2.232
250	20.1	23.0	2.339
251	20.1	23.0	2.232
252	18.4	23.0	2.164
253	18.1	23.0	2.003
254	16.8	23.0	1.760
255	17.1	23.0	1.604
256	17.7	23.0	1.497
257	19.2	22.9	1.556
258	19.1	22.9	1.930
259	19.4	22.9	2.154
260	20.2	22.9	2.664
261	20.7	22.9	2.737
262	21.4	22.9	2.552
263	21.3	22.9	1.536
264	21.5	22.9	0.963
265	21.5	22.9	0.666
266	21.9	22.9	0.360
267	21.7	22.9	0.141
268	21.7	22.9	0.102
269	21.2	22.9	0.306
270	21.6	22.8	0.768
271	21.3	22.8	2.076
272	21.5	22.8	2.222
273	21.6	22.8	2.232
274	20.9	22.8	2.339
275	20.1	22.8	2.232
276	18.9	22.8	2.164
277	17.9	22.8	2.003
278	17.2	22.7	1.760
279	16.7	22.7	1.604
280	16.8	22.7	1.497
281	16.6	22.7	1.556
282	17.0	22.7	1.930
283	17.1	22.7	2.154
284	17.0	22.7	2.664
285	17.7	22.7	2.737
286	17.9	22.7	2.552
287	17.9	22.7	1.536
288	18.1	22.7	0.963
289	17.5	22.6	0.666
290	17.5	22.6	0.360
291	17.4	22.6	0.141
292	17.4	22.6	0.102
293	17.6	22.6	0.306
294	17.8	22.6	0.768
295	17.4	22.6	2.076
296	17.4	22.6	2.222
297	17.3	22.5	2.232
298	17.2	22.5	2.339
299	16.3	22.5	2.232
300	15.7	22.5	2.164
301	15.0	22.5	2.003
302	14.6	22.5	1.760
303	14.5	22.4	1.604
304	13.9	22.4	1.497
305	14.7	22.4	1.556
306	14.5	22.4	1.930
307	14.6	22.4	2.154
308	14.9	22.4	2.664
309	15.0	22.4	2.737
310	16.0	22.4	2.552
311	15.9	22.4	1.536
312	16.2	22.4	0.963
313	16.5	22.4	0.666
314	16.3	22.3	0.360
315	16.4	22.3	0.141
316	15.9	22.3	0.102
317	15.5	22.3	0.306
318	15.3	22.3	0.768
319	15.6	22.2	2.076
320	15.8	22.2	2.222
321	16.0	22.2	2.232
322	15.7	22.2	2.339
323	15.4	22.2	2.232
324	15.7	22.2	2.164
325	15.2	22.2	2.003
326	14.8	22.2	1.760
327	13.8	22.2	1.604
328	13.1	22.2	1.497
329	13.8	22.2	1.556
330	13.9	22.2	1.930
331	14.6	22.2	2.154
332	14.9	22.1	2.664
333	15.0	22.1	2.737
334	15.0	22.1	2.552
335	15.5	22.1	1.536
336	15.1	22.1	0.963
337	15.3	22.1	0.666
338	15.6	22.1	0.360
339	16.0	22.1	0.141
340	16.7	22.1	0.102
341	16.9	22.1	0.306
342	16.9	22.1	0.768
343	16.9	22.0	2.076
344	17.6	22.0	2.222
345	17.8	22.0	2.232
346	18.1	22.0	2.339
347	17.5	22.0	2.232
348	17.1	22.0	2.164
349	16.9	22.0	2.003
350	17.5	22.0	1.760
351	17.6	22.0	1.604
352	17.7	22.0	1.497
353	18.3	21.9	1.556
354	18.9	21.9	1.930
355	19.1	21.9	2.154
356	19.8	21.9	2.664
357	19.7	21.9	2.737
358	20.3	21.9	2.552
359	20.2	21.9	1.536
360	19.8	21.9	0.963
361	19.6	21.9	0.666
362	20.0	21.9	0.360
363	20.5	21.9	0.141
364	20.3	21.9	0.102
365	20.0	21.9	0.306
366	20.9	21.9	0.768
367	21.1	21.8	2.076
368	21.3	21.8	2.222
369	21.2	21.8	2.232
370	21.4	21.8	2.339
371	20.0	21.8	2.232
372	19.6	21.8	2.164
373	19.1	21.8	2.003
374	18.7	21.8	1.760
375	19.0	21.8	1.604
376	19.8	21.8	1.497
377	21.2	21.7	1.556
378	22.1	21.7	1.930
379	22.7	21.7	2.154
380	23.1	21.7	2.664
381	23.5	21.7	2.737
382	24.5	21.7	2.552
383	25.4	21.7	1.536
384	26.1	21.7	0.963
385	27.4	21.7	0.666
386	27.6	21.7	0.360
387	27.7	21.7	0.141
388	27.4	21.7	0.102
389	27.5	21.7	0.306
390	27.2	21.7	0.768
391	27.0	21.7	2.076
392	26.7	21.7	2.222
393	25.6	21.7	2.232
394	24.5	21.7	2.339
395	23.3	21.7	2.232
396	22.1	21.7	2.164
397	20.4	21.7	2.003
398	19.0	21.6	1.760
399	19.2	21.6	1.604
400	18.6	21.6	1.497
401	18.4	21.6	1.556
402	19.1	21.6	1.930
403	18.8	21.6	2.154
404	18.7	21.6	2.664
405	19.9	21.6	2.737
406	19.2	21.6	2.552
407	19.3	21.6	1.536
408	18.9	21.6	0.963
409	17.7	21.6	0.666
410	18.4	21.6	0.360
411	19.0	21.5	0.141
412	19.0	21.5	0.102
413	19.1	21.5	0.306
414	19.2	21.5	0.768
415	19.8	21.5	2.076
416	20.1	21.5	2.222
417	19.8	21.5	2.232
418	19.1	21.5	2.339
419	19.1	21.5	2.232
420	18.6	21.5	2.164
421	18.0	21.5	2.003
422	18.1	21.5	1.760
423	18.1	21.5	1.604
424	18.9	21.5	1.497
425	19.2	21.5	1.556
426	19.2	21.5	1.930
427	20.2	21.5	2.154
428	20.3	21.5	2.664
429	21.3	21.5	2.737
430	21.7	21.5	2.552
431	21.6	21.5	1.536
432	21.3	21.5	0.963
433	21.7	21.5	0.666
434	22.2	21.4	0.360
435	23.0	21.4	0.141
436	23.6	21.4	0.102
437	23.0	21.4	0.306
438	22.8	21.4	0.768
439	22.4	21.4	2.076
440	22.6	21.4	2.222
441	22.1	21.4	2.232
442	22.1	21.4	2.339
443	22.4	21.4	2.232
444	21.5	21.4	2.164
445	21.0	21.4	2.003
446	20.4	21.4	1.760
447	19.4	21.4	1.604
448	19.8	21.4	1.497
449	19.7	21.4	1.556
450	19.4	21.4	1.930
451	20.1	21.3	2.154
452	20.6	21.3	2.664
453	21.4	21.3	2.737
454	21.9	21.3	2.552
455	21.5	21.3	1.536
456	21.1	21.3	0.963
457	21.4	21.3	0.666
458	22.2	21.3	0.360
459	22.2	21.3	0.141
460	23.0	21.3	0.102
461	22.9	21.3	0.306
462	23.1	21.3	0.768
463	23.1	21.3	2.076
464	23.2	21.3	2.222
465	23.2	21.3	2.232
466	22.2	21.3	2.339
467	21.5	21.3	2.232
468	20.7	21.3	2.164
469	19.9	21.3	2.003
470	19.4	21.2	1.760
471	18.9	21.2	1.604
472	18.4	21.2	1.497
473	18.7	21.2	1.556
474	18.4	21.2	1.930
475	18.7	21.2	2.154
476	19.4	21.2	2.664
477	19.1	21.2	2.737
478	19.5	21.2	2.552
479	19.7	21.1	1.536
480	19.7	21.1	0.963
481	19.7	21.1	0.666
482	20.8	21.1	0.360
483	20.8	21.1	0.141
484	21.4	21.1	0.102
485	21.4	21.1	0.306
486	21.2	21.1	0.768
487	21.5	21.1	2.076
488	21.3	21.1	2.222
489	20.9	21.0	2.232
490	20.1	21.0	2.339
491	19.4	21.0	2.232
492	18.2	21.0	2.164
493	18.6	21.0	2.003
494	17.8	21.0	1.760
495	17.7	21.0	1.604
496	17.8	21.0	1.497
497	17.8	21.0	1.556
498	18.7	21.0	1.930
499	19.0	21.0	2.154
500	20.0	21.0	2.664
501	19.8	21.0	2.737
502	20.8	21.0	2.552
503	21.0	21.0	1.536
504	21.7	21.0	0.963
505	21.9	21.0	0.666
506	21.5	21.0	0.360
507	21.5	20.9	0.141
508	21.7	20.9	0.102
509	22.1	20.9	0.306
510	22.9	20.9	0.768
511	23.4	20.9	2.076
512	23.6	20.9	2.222
513	23.2	20.9	2.232
514	22.4	20.9	2.339
515	21.6	20.9	2.232
516	20.9	20.9	2.164
517	20.7	20.9	2.003
518	20.1	20.9	1.760
519	20.1	20.9	1.604
520	20.7	20.9	1.497
521	21.0	20.8	1.556
522	21.0	20.8	1.930
523	21.5	20.8	2.154
524	21.3	20.8	2.664
525	21.4	20.8	2.737
526	22.0	20.8	2.552
527	22.6	20.8	1.536
528	23.4	20.8	0.963
529	23.6	20.8	0.666
530	23.6	20.8	0.360
531	24.4	20.8	0.141
532	23.9	20.8	0.102
533	24.1	20.8	0.306
534	23.7	20.8	0.768
535	24.3	20.8	2.076
536	24.3	20.7	2.222
537	23.7	20.7	2.232
538	22.8	20.7	2.339
539	21.7	20.7	2.232
540	20.3	20.7	2.164
541	19.5	20.7	2.003
542	18.2	20.7	1.760
543	18.1	20.7	1.604
544	18.6	20.7	1.497
545	18.8	20.7	1.556
546	19.3	20.7	1.930
547	19.5	20.7	2.154
548	19.8	20.7	2.664
549	20.2	20.7	2.737
550	21.0	20.7	2.552
551	21.5	20.7	1.536
552	22.3	20.6	0.963
553	22.2	20.6	0.666
554	22.1	20.6	0.360
555	22.2	20.6	0.141
556	22.1	20.6	0.102
557	23.0	20.6	0.306
558	23.3	20.6	0.768
559	22.9	20.6	2.076
560	22.5	20.6	2.222
561	21.8	20.6	2.232
562	21.0	20.6	2.339
563	20.6	20.6	2.232
564	20.2	20.5	2.164
565	19.5	20.5	2.003
566	19.0	20.5	1.760
567	18.6	20.5	1.604
568	18.7	20.5	1.497
569	19.1	20.5	1.556
570	19.3	20.5	1.930
571	19.6	20.5	2.154
572	20.1	20.5	2.664
573	19.7	20.5	2.737
574	20.0	20.5	2.552
575	19.9	20.5	1.536
576	19.4	20.5	0.963
577	19.4	20.4	0.666
578	19.9	20.4	0.360
579	20.1	20.4	0.141
580	19.2	20.4	0.102
581	18.8	20.4	0.306
582	19.0	20.4	0.768
583	18.8	20.4	2.076
584	18.2	20.4	2.222
585	17.8	20.4	2.232
586	17.3	20.4	2.339
587	16.4	20.4	2.232
588	15.4	20.4	2.164
589	14.7	20.3	2.003
590	14.4	20.3	1.760
591	13.8	20.3	1.604
592	13.4	20.3	1.497
593	13.5	20.3	1.556
594	13.5	20.3	1.930
595	13.5	20.3	2.154
596	13.3	20.3	2.664
597	13.8	20.3	2.737
598	14.3	20.3	2.552
599	14.7	20.2	1.536
600	14.8	20.2	0.963
601	14.6	20.2	0.666
602	15.4	20.2	0.360
603	16.3	20.2	0.141
604	16.7	20.2	0.102
605	17.3	20.2	0.306
606	17.2	20.2	0.768
607	17.2	20.2	2.076
608	17.3	20.2	2.222
609	17.6	20.2	2.232
610	17.5	20.2	2.339
611	17.2	20.2	2.232
612	17.3	20.2	2.164
613	17.3	20.2	2.003
614	16.7	20.2	1.760
615	16.6	20.1	1.604
616	16.0	20.1	1.497
617	17.0	20.1	1.556
618	17.5	20.1	1.930
619	18.5	20.1	2.154
620	18.9	20.1	2.664
621	20.1	20.1	2.737
622	20.7	20.1	2.552
623	20.9	20.1	1.536
624	21.3	20.1	0.963
625	22.1	20.1	0.666
626	22.4	20.1	0.360
627	22.1	20.1	0.141
628	21.7	20.1	0.102
629	21.7	20.1	0.306
630	21.7	20.1	0.768
631	21.1	20.1	2.076
632	20.9	20.1	2.222
633	20.4	20.1	2.232
634	20.0	20.1	2.339
635	18.7	20.1	2.232
636	17.4	20.1	2.164
637	17.2	20.1	2.003
638	16.9	20.1	1.760
639	16.9	20.0	1.604
640	17.4	20.0	1.497
641	17.1	20.0	1.556
642	17.9	20.0	1.930
643	18.6	20.0	2.154
644	18.7	20.0	2.664
645	18.9	20.0	2.737
646	18.2	20.0	2.552
647	17.9	20.0	1.536
648	17.6	20.0	0.963
649	17.8	20.0	0.666
650	18.5	20.0	0.360
651	18.5	20.0	0.141
652	18.6	20.0	0.102
653	19.1	20.0	0.306
654	19.8	19.9	0.768
655	19.6	19.9	2.076
656	19.6	19.9	2.222
657	19.6	19.9	2.232
658	19.1	19.9	2.339
659	18.7	19.9	2.232
660	18.3	19.9	2.164
661	18.1	19.9	2.003
662	18.1	19.9	1.760
663	18.2	19.9	1.604
664	18.1	19.9	1.497
665	19.0	19.9	1.556
666	19.7	19.9	1.930
667	20.7	19.9	2.154
668	21.6	19.9	2.664
669	22.4	19.9	2.737
670	23.3	19.9	2.552
671	24.4	19.9	1.536
672	24.8	19.9	0.963
673	24.9	19.8	0.666
674	24.1	19.8	0.360
675	23.7	19.8	0.141
676	23.1	19.8	0.102
677	21.4	19.8	0.306
678	20.4	19.8	0.768
679	20.0	19.8	2.076
680	19.9	19.8	2.222
681	19.9	19.8	2.232
682	19.3	19.8	2.339
683	18.5	19.8	2.232
684	17.5	19.8	2.164
685	17.3	19.8	2.003
686	17.0	19.8	1.760
687	16.7	19.8	1.604
688	15.1	19.8	1.497
689	14.4	19.8	1.556
690	14.1	19.8	1.930
691	13.8	19.8	2.154
692	13.1	19.8	2.664
693	12.0	19.8	2.737
694	11.4	19.8	2.552
695	10.5	19.8	1.536
696	10.0	19.7	0.963
697	9.8	19.7	0.666
698	9.6	19.7	0.360
699	10.2	19.7	0.141
700	10.5	19.7	0.102
701	10.7	19.7	0.306
702	10.6	19.7	0.768
703	10.9	19.7	2.076
704	11.5	19.7	2.222
705	11.1	19.7	2.232
706	11.0	19.7	2.339
707	11.0	19.7	2.232
708	10.2	19.7	2.164
709	9.8	19.7	2.003
710	9.9	19.7	1.760
711	10.3	19.7	1.604
712	9.9	19.7	1.497
713	9.8	19.6	1.556
714	9.7	19.6	1.930
715	9.6	19.6	2.154
716	9.1	19.6	2.664
717	9.4	19.6	2.737
718	8.8	19.6	2.552
719	9.1	19.6	1.536
720	9.7	19.6	0.963
721	9.8	19.6	0.666
722	9.4	19.6	0.360
723	9.1	19.6	0.141
724	8.8	19.6	0.102
725	8.6	19.6	0.306
726	8.9	19.6	0.768
727	9.0	19.6	2.076
728	9.2	19.6	2.222
729	9.5	19.6	2.232
730	8.9	19.6	2.339
731	7.9	19.6	2.232
732	7.5	19.6	2.164
733	6.8	19.6	2.003
734	6.2	19.5	1.760
735	6.6	19.5	1.604
736	7.1	19.5	1.497
737	7.5	19.5	1.556
738	9.0	19.5	1.930
739	10.2	19.5	2.154
740	10.8	19.5	2.664
741	10.8	19.5	2.737
742	11.0	19.5	2.552
743	11.8	19.5	1.536
744	12.5	19.5	0.963
745	12.5	19.5	0.666
746	13.1	19.5	0.360
747	13.2	19.5	0.141
748	12.9	19.5	0.102
749	13.0	19.5	0.306
750	13.1	19.4	0.768
751	12.8	19.4	2.076
752	13.6	19.4	2.222
753	13.2	19.4	2.232
754	12.4	19.4	2.339
755	11.4	19.4	2.232
756	11.0	19.4	2.164
757	10.7	19.4	2.003
758	10.2	19.4	1.760
759	10.4	19.4	1.604
760	10.3	19.4	1.497
761	10.7	19.4	1.556
762	11.3	19.4	1.930
763	12.2	19.4	2.154
764	13.1	19.4	2.664
765	14.3	19.3	2.737
766	15.2	19.3	2.552
767	16.3	19.3	1.536
768	16.6	19.3	0.963
769	17.0	19.3	0.666
770	16.7	19.3	0.360
771	16.7	19.3	0.141
772	17.6	19.3	0.102
773	18.2	19.3	0.306
774	18.6	19.3	0.768
775	19.0	19.3	2.076
776	19.3	19.3	2.222
777	19.2	19.3	2.232
778	19.1	19.3	2.339
779	18.8	19.3	2.232
780	18.8	19.3	2.164
781	18.3	19.3	2.003
782	18.0	19.2	1.760
783	18.2	19.2	1.604
784	18.5	19.2	1.497
785	19.0	19.2	1.556
786	19.3	19.2	1.930
787	20.5	19.2	2.154
788	21.7	19.2	2.664
789	22.5	19.2	2.737
790	23.1	19.2	2.552
791	23.6	19.2	1.536
792	23.8	19.2	0.963
793	24.0	19.2	0.666
794	24.4	19.2	0.360
795	24.3	19.2	0.141
796	24.8	19.2	0.102
797	25.3	19.2	0.306
798	25.3	19.2	0.768
799	26.0	19.2	2.076
800	25.4	19.2	2.222
801	25.3	19.2	2.232
802	24.6	19.2	2.339
803	23.7	19.2	2.232
804	22.6	19.1	2.164
805	22.3	19.1	2.003
806	21.5	19.1	1.760
807	21.3	19.1	1.604
808	21.6	19.1	1.497
809	21.9	19.1	1.556
810	22.3	19.1	1.930
811	23.1	19.1	2.154
812	23.4	19.1	2.664
813	23.0	19.1	2.737
814	24.1	19.1	2.552
815	23.5	19.1	1.536
816	23.4	19.1	0.963
817	23.9	19.1	0.666
818	23.8	19.1	0.360
819	23.5	19.1	0.141
820	23.9	19.1	0.102
821	23.0	19.1	0.306
822	22.2	19.1	0.768
823	21.8	19.1	2.076
824	21.4	19.1	2.222
825	21.0	19.1	2.232
826	20.8	19.1	2.339
827	19.6	19.1	2.232
828	18.2	19.1	2.164
829	17.4	19.1	2.003
830	16.3	19.1	1.760
831	16.0	19.1	1.604
832	16.0	19.1	1.497
833	15.8	19.1	1.556
834	15.9	19.1	1.930
835	16.8	19.0	2.154
836	16.7	19.0	2.664
837	17.0	19.0	2.737
838	17.3	19.0	2.552
839	17.8	19.0	1.536
840	17.6	19.0	0.963
841	17.7	19.0	0.666
842	17.4	19.0	0.360
843	17.2	19.0	0.141
844	17.7	19.0	0.102
845	17.7	19.0	0.306
846	17.8	19.0	0.768
847	17.9	19.0	2.076
848	17.7	19.0	2.222
849	17.3	19.0	2.232
850	16.6	19.0	2.339
851	16.1	19.0	2.232
852	15.3	19.0	2.164
853	14.3	19.0	2.003
854	14.7	19.0	1.760
855	14.5	19.0	1.604
856	15.0	19.0	1.497
857	15.3	19.0	1.556
858	16.1	19.0	1.930
859	16.8	19.0	2.154
860	17.7	19.0	2.664
861	17.9	18.9	2.737
862	17.9	18.9	2.552
863	18.1	18.9	1.536
864	17.9	18.9	0.963
865	17.7	18.9	0.666
866	18.2	18.9	0.360
867	18.0	18.9	0.141
868	18.1	18.9	0.102
869	17.3	18.9	0.306
870	17.6	18.9	0.768
871	17.9	18.9	2.076
872	17.5	18.9	2.222
873	17.6	18.9	2.232
874	17.5	18.9	2.339
875	16.5	18.9	2.232
876	16.3	18.9	2.164
877	15.5	18.9	2.003
878	15.0	18.9	1.760
879	14.9	18.9	1.604
880	14.3	18.9	1.497
881	14.4	18.9	1.556
882	15.0	18.9	1.930
883	15.9	18.9	2.154
884	16.2	18.9	2.664
885	16.7	18.9	2.737
886	16.6	18.9	2.552
887	17.5	18.9	1.536
888	17.4	18.9	0.963
889	17.4	18.9	0.666
890	17.1	18.9	0.360
891	17.0	18.9	0.141
892	16.1	18.9	0.102
893	16.7	18.9	0.306
894	16.4	18.9	0.768
895	16.4	18.8	2.076
896	15.9	18.8	2.222
897	15.8	18.8	2.232
898	15.7	18.8	2.339
899	15.1	18.8	2.232
900	15.3	18.8	2.164
901	15.6	18.8	2.003
902	15.4	18.8	1.760
903	15.3	18.8	1.604
904	15.1	18.8	1.497
905	14.9	18.8	1.556
906	14.5	18.8	1.930
907	14.4	18.8	2.154
908	14.2	18.8	2.664
909	14.5	18.8	2.737
910	14.5	18.8	2.552
911	14.7	18.8	1.536
912	14.5	18.8	0.963
913	14.5	18.8	0.666
914	14.9	18.7	0.360
915	15.4	18.7	0.141
916	15.9	18.7	0.102
917	15.9	18.7	0.306
918	16.8	18.7	0.768
919	16.5	18.7	2.076
920	16.1	18.7	2.222
921	16.1	18.7	2.232
922	15.4	18.7	2.339
923	15.4	18.7	2.232
924	14.4	18.7	2.164
925	14.2	18.7	2.003
926	14.1	18.7	1.760
927	13.7	18.7	1.604
928	13.7	18.7	1.497
929	13.7	18.7	1.556
930	14.7	18.7	1.930
931	15.2	18.7	2.154
932	15.9	18.7	2.664
933	16.1	18.7	2.737
934	17.0	18.7	2.552
935	17.4	18.7	1.536
936	17.5	18.7	0.963
937	17.3	18.7	0.666
938	17.8	18.7	0.360
939	17.6	18.7	0.141
940	17.5	18.7	0.102
941	17.7	18.7	0.306
942	18.0	18.7	0.768
943	18.4	18.7	2.076
944	18.5	18.7	2.222
945	18.4	18.7	2.232
946	18.2	18.7	2.339
947	17.6	18.6	2.232
948	16.5	18.6	2.164
949	15.8	18.6	2.003
950	15.3	18.6	1.760
951	15.9	18.6	1.604
952	16.4	18.6	1.497
953	16.3	18.6	1.556
954	16.6	18.6	1.930
955	16.8	18.6	2.154
956	17.7	18.6	2.664
957	17.6	18.6	2.737
958	17.6	18.6	2.552
959	18.1	18.6	1.536
960	18.3	18.6	0.963
961	18.6	18.6	0.666
962	18.9	18.6	0.360
963	19.0	18.6	0.141
964	19.1	18.6	0.102
965	19.2	18.6	0.306
966	19.2	18.6	0.768
967	19.1	18.6	2.076
968	19.4	18.6	2.222
969	18.5	18.6	2.232
970	18.0	18.6	2.339
971	17.5	18.5	2.232
972	16.8	18.5	2.164
973	15.6	18.5	2.003
974	15.3	18.5	1.760
975	14.9	18.5	1.604
976	14.8	18.5	1.497
977	15.3	18.5	1.556
978	16.1	18.5	1.930
979	17.6	18.5	2.154
980	17.8	18.5	2.664
981	18.7	18.5	2.737
982	19.5	18.5	2.552
983	19.0	18.5	1.536
984	19.4	18.5	0.963
985	19.7	18.5	0.666
986	19.6	18.5	0.360
987	19.5	18.5	0.141
988	19.9	18.5	0.102
989	19.8	18.5	0.306
990	19.5	18.5	0.768
991	19.3	18.5	2.076
992	19.2	18.5	2.222
993	18.9	18.5	2.232
994	17.8	18.5	2.339
995	17.5	18.5	2.232
996	17.1	18.5	2.164
997	16.2	18.5	2.003
998	15.8	18.5	1.760
999	15.7	18.4	1.604
1000	15.9	18.4	1.497
1001	16.1	18.4	1.556
1002	16.7	18.4	1.930
1003	17.1	18.4	2.154
1004	17.3	18.4	2.664
1005	17.2	18.4	2.737
1006	18.3	18.4	2.552
1007	18.2	18.4	1.536
1008	17.5	18.4	0.963
1009	17.7	18.4	0.666
1010	17.7	18.4	0.360
1011	18.2	18.4	0.141
1012	18.2	18.4	0.102
1013	17.6	18.4	0.306
1014	17.3	18.4	0.768
1015	17.1	18.4	2.076
1016	16.7	18.4	2.222
1017	16.3	18.4	2.232
1018	16.3	18.4	2.339
1019	15.4	18.4	2.232
1020	14.7	18.4	2.164
1021	14.6	18.4	2.003
1022	13.5	18.4	1.760
1023	12.6	18.4	1.604
1024	12.7	18.4	1.497
1025	12.4	18.4	1.556
1026	12.3	18.4	1.930
1027	12.9	18.4	2.154
1028	13.7	18.4	2.664
1029	14.3	18.4	2.737
1030	13.8	18.3	2.552
1031	14.3	18.3	1.536
1032	14.4	18.3	0.963
1033	14.1	18.3	0.666
1034	14.4	18.3	0.360
1035	14.6	18.3	0.141
1036	14.9	18.3	0.102
1037	14.6	18.3	0.306
1038	14.5	18.3	0.768
1039	14.6	18.3	2.076
1040	14.4	18.3	2.222
1041	14.5	18.3	2.232
1042	14.7	18.3	2.339
1043	14.6	18.3	2.232
1044	15.3	18.3	2.164
1045	14.8	18.3	2.003
1046	15.1	18.3	1.760
1047	14.8	18.3	1.604
1048	15.2	18.3	1.497
1049	15.9	18.3	1.556
1050	15.9	18.3	1.930
1051	16.2	18.3	2.154
1052	16.5	18.3	2.664
1053	16.6	18.3	2.737
1054	16.8	18.2	2.552
1055	16.6	18.2	1.536
1056	16.8	18.2	0.963
1057	16.2	18.2	0.666
1058	16.2	18.2	0.360
1059	16.0	18.2	0.141
1060	16.0	18.2	0.102
1061	16.0	18.2	0.306
1062	15.9	18.2	0.768
1063	15.9	18.2	2.076
1064	15.9	18.2	2.222
1065	15.4	18.2	2.232
1066	15.5	18.2	2.339
1067	14.7	18.2	2.232
1068	14.5	18.2	2.164
1069	13.7	18.2	2.003
1070	13.0	18.2	1.760
1071	12.8	18.2	1.604
1072	13.2	18.2	1.497
1073	13.2	18.2	1.556
1074	12.8	18.2	1.930
1075	12.7	18.2	2.154
1076	12.6	18.2	2.664
1077	12.0	18.2	2.737
1078	11.3	18.2	2.552
1079	11.4	18.2	1.536
1080	11.3	18.2	0.963
1081	11.4	18.2	0.666
1082	11.6	18.2	0.360
1083	11.2	18.2	0.141
1084	11.4	18.2	0.102
1085	11.6	18.1	0.306
1086	11.0	18.1	0.768
1087	11.0	18.1	2.076
1088	10.6	18.1	2.222
1089	9.4	18.1	2.232
1090	8.9	18.1	2.339
1091	8.3	18.1	2.232
1092	8.0	18.1	2.164
1093	7.4	18.1	2.003
1094	6.7	18.1	1.760
1095	6.3	18.1	1.604
1096	6.2	18.1	1.497
1097	6.5	18.1	1.556
1098	7.3	18.1	1.930
1099	8.2	18.1	2.154
1100	8.8	18.1	2.664
1101	8.5	18.1	2.737
1102	8.8	18.1	2.552
1103	9.4	18.0	1.536
1104	10.2	18.0	0.963
1105	10.7	18.0	0.666
1106	10.8	18.0	0.360
1107	10.7	18.0	0.141
1108	11.5	18.0	0.102
1109	11.3	18.0	0.306
1110	11.0	18.0	0.768
1111	11.5	18.0	2.076
1112	11.2	18.0	2.222
1113	11.1	18.0	2.232
1114	10.8	18.0	2.339
1115	10.2	18.0	2.232
1116	8.9	18.0	2.164
1117	7.8	18.0	2.003
1118	7.7	18.0	1.760
1119	8.4	18.0	1.604
1120	8.8	18.0	1.497
1121	9.0	18.0	1.556
1122	9.4	18.0	1.930
1123	10.3	18.0	2.154
1124	11.2	18.0	2.664
1125	11.7	18.0	2.737
1126	12.1	17.9	2.552
1127	13.1	17.9	1.536
1128	13.4	17.9	0.963
1129	13.9	17.9	0.666
1130	14.0	17.9	0.360
1131	14.8	17.9	0.141
1132	15.0	17.9	0.102
1133	15.8	17.9	0.306
1134	16.0	17.9	0.768
1135	16.0	17.9	2.076
1136	15.6	17.9	2.222
1137	14.9	17.9	2.232
1138	14.9	17.9	2.339
1139	14.4	17.9	2.232
1140	13.4	17.9	2.164
1141	12.7	17.9	2.003
1142	12.3	17.9	1.760
1143	12.1	17.9	1.604
1144	12.3	17.9	1.497
1145	12.7	17.9	1.556
1146	14.2	17.9	1.930
1147	14.3	17.9	2.154
1148	14.8	17.9	2.664
1149	15.2	17.9	2.737
1150	16.3	17.9	2.552
1151	16.7	17.8	1.536
1152	17.2	17.8	0.963
1153	17.7	17.8	0.666
1154	17.7	17.8	0.360
1155	18.2	17.8	0.141
1156	18.3	17.8	0.102
1157	18.9	17.8	0.306
1158	18.9	17.8	0.768
1159	18.7	17.8	2.076
1160	19.0	17.8	2.222
1161	19.2	17.8	2.232
1162	18.9	17.8	2.339
1163	18.5	17.8	2.232
1164	18.0	17.8	2.164
1165	17.3	17.8	2.003
1166	17.3	17.8	1.760
1167	17.0	17.7	1.604
1168	16.6	17.7	1.497
1169	16.4	17.7	1.556
1170	17.5	17.7	1.930
1171	18.3	17.7	2.154
1172	18.2	17.7	2.664
1173	18.3	17.7	2.737
1174	18.7	17.7	2.552
1175	19.7	17.7	1.536
1176	19.5	17.7	0.963
1177	19.2	17.7	0.666
1178	19.3	17.7	0.360
1179	20.0	17.7	0.141
1180	19.9	17.7	0.102
1181	20.5	17.7	0.306
1182	21.0	17.7	0.768
1183	20.8	17.7	2.076
1184	20.8	17.7	2.222
1185	20.1	17.7	2.232
1186	19.7	17.7	2.339
1187	19.6	17.7	2.232
1188	18.9	17.7	2.164
1189	18.4	17.7	2.003
1190	17.9	17.7	1.760
1191	18.0	17.7	1.604
1192	17.7	17.7	1.497
1193	18.1	17.7	1.556
1194	18.8	17.7	1.930
1195	18.9	17.7	2.154
1196	20.1	17.7	2.664
1197	21.0	17.7	2.737
1198	21.5	17.7	2.552
1199	21.1	17.7	1.536
1200	21.6	17.7	0.963
1201	22.0	17.6	0.666
1202	22.9	17.6	0.360
1203	23.0	17.6	0.141
1204	23.0	17.6	0.102
1205	22.4	17.6	0.306
1206	21.9	17.6	0.768
1207	22.0	17.6	2.076
1208	21.8	17.6	2.222
1209	21.9	17.6	2.232
1210	21.4	17.6	2.339
1211	21.0	17.6	2.232
1212	20.8	17.6	2.164
1213	20.6	17.6	2.003
1214	20.6	17.6	1.760
1215	20.2	17.6	1.604
1216	20.6	17.6	1.497
1217	20.7	17.6	1.556
1218	21.5	17.6	1.930
1219	21.9	17.6	2.154
1220	22.2	17.6	2.664
1221	22.4	17.6	2.737
1222	22.6	17.6	2.552
1223	22.5	17.6	1.536
1224	23.1	17.6	0.963
1225	23.1	17.5	0.666
1226	22.7	17.5	0.360
1227	22.5	17.5	0.141
1228	21.8	17.5	0.102
1229	20.8	17.5	0.306
1230	20.2	17.5	0.768
1231	20.1	17.5	2.076
1232	19.7	17.5	2.222
1233	19.5	17.5	2.232
1234	18.7	17.5	2.339
1235	17.9	17.5	2.232
1236	17.7	17.5	2.164
1237	17.4	17.5	2.003
1238	16.4	17.5	1.760
1239	16.3	17.5	1.604
1240	16.0	17.5	1.497
1241	15.9	17.5	1.556
1242	15.6	17.5	1.930
1243	15.1	17.5	2.154
1244	14.6	17.5	2.664
1245	14.5	17.5	2.737
1246	13.6	17.5	2.552
1247	13.4	17.5	1.536
1248	13.1	17.5	0.963
1249	12.5	17.5	0.666
1250	12.9	17.5	0.360
1251	12.8	17.5	0.141
1252	12.5	17.5	0.102
1253	12.5	17.5	0.306
1254	12.7	17.5	0.768
1255	12.9	17.4	2.076
1256	13.0	17.4	2.222
1257	12.3	17.4	2.232
1258	11.0	17.4	2.339
1259	10.7	17.4	2.232
1260	9.4	17.4	2.164
1261	9.1	17.4	2.003
1262	9.2	17.4	1.760
1263	8.9	17.4	1.604
1264	9.7	17.4	1.497
1265	9.9	17.4	1.556
1266	10.1	17.4	1.930
1267	11.1	17.4	2.154
1268	11.2	17.4	2.664
1269	11.6	17.4	2.737
1270	12.2	17.4	2.552
1271	12.7	17.4	1.536
1272	13.0	17.4	0.963
1273	13.0	17.4	0.666
1274	13.3	17.4	0.360
1275	13.5	17.4	0.141
1276	13.3	17.4	0.102
1277	13.6	17.4	0.306
1278	14.0	17.4	0.768
1279	13.9	17.3	2.076
1280	14.5	17.3	2.222
1281	14.2	17.3	2.232
1282	14.0	17.3	2.339
1283	12.8	17.3	2.232
1284	12.2	17.3	2.164
1285	11.9	17.3	2.003
1286	11.5	17.3	1.760
1287	10.9	17.3	1.604
1288	10.9	17.3	1.497
1289	11.5	17.3	1.556
1290	12.2	17.3	1.930
1291	13.0	17.3	2.154
1292	12.8	17.3	2.664
1293	13.1	17.3	2.737
1294	13.6	17.3	2.552
1295	13.3	17.3	1.536
1296	13.8	17.3	0.963
1297	13.8	17.3	0.666
1298	14.3	17.3	0.360
1299	14.5	17.3	0.141
1300	15.7	17.3	0.102
1301	16.0	17.3	0.306
1302	16.5	17.3	0.768
1303	16.7	17.3	2.076
1304	17.0	17.3	2.222
1305	16.8	17.3	2.232
1306	15.9	17.3	2.339
1307	15.0	17.3	2.232
1308	14.2	17.3	2.164
1309	13.8	17.3	2.003
1310	13.3	17.3	1.760
1311	12.8	17.2	1.604
1312	12.1	17.2	1.497
1313	12.7	17.2	1.556
1314	13.6	17.2	1.930
1315	14.5	17.2	2.154
1316	14.9	17.2	2.664
1317	15.3	17.2	2.737
1318	15.4	17.2	2.552
1319	15.7	17.2	1.536
1320	15.4	17.2	0.963
1321	15.6	17.2	0.666
1322	15.8	17.2	0.360
1323	16.2	17.2	0.141
1324	15.8	17.2	0.102
1325	16.1	17.2	0.306
1326	16.0	17.2	0.768
1327	15.3	17.2	2.076
1328	14.5	17.2	2.222
1329	14.3	17.2	2.232
1330	13.7	17.2	2.339
1331	12.2	17.1	2.232
1332	10.7	17.1	2.164
1333	9.8	17.1	2.003
1334	8.6	17.1	1.760
1335	8.4	17.1	1.604
1336	9.1	17.1	1.497
1337	9.0	17.1	1.556
1338	9.8	17.1	1.930
1339	10.7	17.1	2.154
1340	11.2	17.1	2.664
1341	11.1	17.1	2.737
1342	11.2	17.1	2.552
1343	11.4	17.1	1.536
1344	11.5	17.1	0.963
1345	11.8	17.1	0.666
1346	12.4	17.1	0.360
1347	13.1	17.1	0.141
1348	13.2	17.0	0.102
1349	13.1	17.0	0.306
1350	13.1	17.0	0.768
1351	13.4	17.0	2.076
1352	13.6	17.0	2.222
1353	13.5	17.0	2.232
1354	12.8	17.0	2.339
1355	12.3	17.0	2.232
1356	11.8	17.0	2.164
1357	11.2	17.0	2.003
1358	11.5	17.0	1.760
1359	11.1	17.0	1.604
1360	11.5	17.0	1.497
1361	12.1	17.0	1.556
1362	13.0	17.0	1.930
1363	14.3	17.0	2.154
1364	15.4	17.0	2.664
1365	16.1	17.0	2.737
1366	16.2	17.0	2.552
1367	17.5	17.0	1.536
1368	17.5	17.0	0.963
1369	18.4	17.0	0.666
1370	19.1	16.9	0.360
1371	18.4	16.9	0.141
1372	18.7	16.9	0.102
1373	18.9	16.9	0.306
1374	18.4	16.9	0.768
1375	18.4	16.9	2.076
1376	18.6	16.9	2.222
1377	18.8	16.9	2.232
1378	18.1	16.9	2.339
1379	17.2	16.9	2.232
1380	16.6	16.9	2.164
1381	16.2	16.9	2.003
1382	15.6	16.9	1.760
1383	15.3	16.9	1.604
1384	15.7	16.8	1.497
1385	16.2	16.8	1.556
1386	17.4	16.8	1.930
1387	19.1	16.8	2.154
1388	19.8	16.8	2.664
1389	20.5	16.8	2.737
1390	20.6	16.8	2.552
1391	21.3	16.8	1.536
1392	22.8	16.8	0.963
1393	23.1	16.8	0.666
1394	23.3	16.8	0.360
1395	23.3	16.8	0.141
1396	23.5	16.8	0.102
1397	23.7	16.8	0.306
1398	23.3	16.8	0.768
1399	23.4	16.8	2.076
1400	22.6	16.8	2.222
1401	22.2	16.8	2.232
1402	21.4	16.7	2.339
1403	20.4	16.7	2.232
1404	18.8	16.7	2.164
1405	17.4	16.7	2.003
1406	16.1	16.7	1.760
1407	15.6	16.7	1.604
1408	15.2	16.7	1.497
1409	15.4	16.7	1.556
1410	16.4	16.7	1.930
1411	17.6	16.7	2.154
1412	17.9	16.7	2.664
1413	17.9	16.7	2.737
1414	18.5	16.7	2.552
1415	18.7	16.7	1.536
1416	19.1	16.7	0.963
1417	11.4	16.7	0.666
1418	11.5	16.7	0.360
1419	11.4	16.7	0.141
1420	11.6	16.7	0.102
1421	11.3	16.7	0.306
1422	11.6	16.7	0.768
1423	11.4	16.7	2.076
1424	11.4	16.7	2.222
1425	10.9	16.7	2.232
1426	10.2	16.7	2.339
1427	9.9	16.6	2.232
1428	9.4	16.6	2.164
1429	9.2	16.6	2.003
1430	8.8	16.6	1.760
1431	8.4	16.6	1.604
1432	8.6	16.6	1.497
1433	9.0	16.6	1.556
1434	9.2	16.6	1.930
1435	9.9	16.6	2.154
1436	10.2	16.6	2.664
1437	10.5	16.6	2.737
1438	10.9	16.6	2.552
1439	11.7	16.6	1.536
1440	11.9	16.6	0.963
1441	12.2	16.6	0.666
1442	12.3	16.6	0.360
1443	12.4	16.6	0.141
1444	12.4	16.5	0.102
1445	12.1	16.5	0.306
1446	12.1	16.5	0.768
1447	12.2	16.5	2.076
1448	12.0	16.5	2.222
1449	11.7	16.5	2.232
1450	11.0	16.5	2.339
1451	10.0	16.5	2.232
1452	8.6	16.5	2.164
1453	8.2	16.5	2.003
1454	7.4	16.5	1.760
1455	7.1	16.5	1.604
1456	7.3	16.5	1.497
1457	7.5	16.5	1.556
1458	8.2	16.5	1.930
1459	8.7	16.5	2.154
1460	8.9	16.5	2.664
1461	9.2	16.5	2.737
1462	9.6	16.5	2.552
1463	9.4	16.5	1.536
1464	9.5	16.5	0.963
1465	9.9	16.4	0.666
1466	10.2	16.4	0.360
1467	10.7	16.4	0.141
1468	11.2	16.4	0.102
1469	11.2	16.4	0.306
1470	11.1	16.4	0.768
1471	10.8	16.4	2.076
1472	10.4	16.4	2.222
1473	10.3	16.4	2.232
1474	10.0	16.4	2.339
1475	9.3	16.4	2.232
1476	8.9	16.4	2.164
1477	8.6	16.4	2.003
1478	8.2	16.4	1.760
1479	7.9	16.4	1.604
1480	8.2	16.4	1.497
1481	8.5	16.4	1.556
1482	8.3	16.3	1.930
1483	8.5	16.3	2.154
1484	8.8	16.3	2.664
1485	8.8	16.3	2.737
1486	8.8	16.3	2.552
1487	8.5	16.3	1.536
1488	8.7	16.3	0.963
1489	8.7	16.3	0.666
1490	8.7	16.3	0.360
1491	8.7	16.3	0.141
1492	9.0	16.3	0.102
1493	8.6	16.3	0.306
1494	8.8	16.3	0.768
1495	8.9	16.3	2.076
1496	8.9	16.3	2.222
1497	8.6	16.3	2.232
1498	8.7	16.3	2.339
1499	8.3	16.3	2.232
1500	7.7	16.3	2.164
1501	7.6	16.3	2.003
1502	7.2	16.3	1.760
1503	7.8	16.3	1.604
1504	7.9	16.3	1.497
1505	8.0	16.3	1.556
1506	8.8	16.3	1.930
1507	9.3	16.3	2.154
1508	9.3	16.3	2.664
1509	9.4	16.3	2.737
1510	10.2	16.3	2.552
1511	11.0	16.3	1.536
1512	11.4	16.3	0.963
1513	11.3	16.3	0.666
1514	11.5	16.2	0.360
1515	11.8	16.2	0.141
1516	12.2	16.2	0.102
1517	13.0	16.2	0.306
1518	12.9	16.2	0.768
1519	12.5	16.2	2.076
1520	12.5	16.2	2.222
1521	11.8	16.2	2.232
1522	11.1	16.2	2.339
1523	10.4	16.2	2.232
1524	9.4	16.2	2.164
1525	8.7	16.2	2.003
1526	8.4	16.2	1.760
1527	8.1	16.2	1.604
1528	8.1	16.2	1.497
1529	8.5	16.2	1.556
1530	9.0	16.2	1.930
1531	9.5	16.2	2.154
1532	10.1	16.2	2.664
1533	10.1	16.2	2.737
1534	10.3	16.2	2.552
1535	10.6	16.1	1.536
1536	11.1	16.1	0.963
1537	11.4	16.1	0.666
1538	11.6	16.1	0.360
1539	11.7	16.1	0.141
1540	12.0	16.1	0.102
1541	11.2	16.1	0.306
1542	11.8	16.1	0.768
1543	11.7	16.1	2.076
1544	11.4	16.1	2.222
1545	11.2	16.1	2.232
1546	10.5	16.1	2.339
1547	9.8	16.1	2.232
1548	8.4	16.1	2.164
1549	7.8	16.1	2.003
1550	7.6	16.1	1.760
1551	7.2	16.1	1.604
1552	7.1	16.1	1.497
1553	7.1	16.1	1.556
1554	7.6	16.1	1.930
1555	8.3	16.1	2.154
1556	8.6	16.1	2.664
1557	9.2	16.1	2.737
1558	10.0	16.1	2.552
1559	10.2	16.0	1.536
1560	10.3	16.0	0.963
1561	10.5	16.0	0.666
1562	10.4	16.0	0.360
1563	10.5	16.0	0.141
1564	10.9	16.0	0.102
1565	11.1	16.0	0.306
1566	11.1	16.0	0.768
1567	10.5	16.0	2.076
1568	10.4	16.0	2.222
1569	10.0	16.0	2.232
1570	9.3	16.0	2.339
1571	8.5	16.0	2.232
1572	7.8	16.0	2.164
1573	7.4	16.0	2.003
1574	7.2	16.0	1.760
1575	6.6	16.0	1.604
1576	6.4	16.0	1.497
1577	6.6	16.0	1.556
1578	7.1	16.0	1.930
1579	7.7	16.0	2.154
1580	8.6	16.0	2.664
1581	8.5	16.0	2.737
1582	8.7	16.0	2.552
1583	8.8	16.0	1.536
1584	8.5	16.0	0.963
1585	8.6	16.0	0.666
1586	9.0	16.0	0.360
1587	8.9	16.0	0.141
1588	8.8	16.0	0.102
1589	9.0	16.0	0.306
1590	9.5	16.0	0.768
1591	9.3	16.0	2.076
1592	9.1	16.0	2.222
1593	7.8	15.9	2.232
1594	6.9	15.9	2.339
1595	5.8	15.9	2.232
1596	5.2	15.9	2.164
1597	4.7	15.9	2.003
1598	4.1	15.9	1.760
1599	3.6	15.9	1.604
1600	3.8	15.9	1.497
1601	4.5	15.9	1.556
1602	4.7	15.9	1.930
1603	4.9	15.9	2.154
1604	5.3	15.9	2.664
1605	6.0	15.9	2.737
1606	6.2	15.9	2.552
1607	6.3	15.9	1.536
1608	6.7	15.9	0.963
1609	7.0	15.9	0.666
1610	6.8	15.9	0.360
1611	7.4	15.9	0.141
1612	7.5	15.9	0.102
1613	7.4	15.9	0.306
1614	7.5	15.9	0.768
1615	7.4	15.9	2.076
1616	7.7	15.9	2.222
1617	7.3	15.9	2.232
1618	6.6	15.9	2.339
1619	6.1	15.9	2.232
1620	5.1	15.9	2.164
1621	4.6	15.9	2.003
1622	4.3	15.8	1.760
1623	4.2	15.8	1.604
1624	4.1	15.8	1.497
1625	4.7	15.8	1.556
1626	5.7	15.8	1.930
1627	6.7	15.8	2.154
1628	7.5	15.8	2.664
1629	8.1	15.8	2.737
1630	8.3	15.8	2.552
1631	8.7	15.8	1.536
1632	9.0	15.8	0.963
1633	9.1	15.8	0.666
1634	9.0	15.8	0.360
1635	9.3	15.8	0.141
1636	9.3	15.8	0.102
1637	9.5	15.8	0.306
1638	9.6	15.7	0.768
1639	9.7	15.7	2.076
1640	9.5	15.7	2.222
1641	8.3	15.7	2.232
1642	7.5	15.7	2.339
1643	6.5	15.7	2.232
1644	5.0	15.7	2.164
1645	3.9	15.7	2.003
1646	3.1	15.7	1.760
1647	2.7	15.7	1.604
1648	2.8	15.7	1.497
1649	3.3	15.7	1.556
1650	4.1	15.7	1.930
1651	4.9	15.7	2.154
1652	5.1	15.7	2.664
1653	5.7	15.7	2.737
1654	6.1	15.7	2.552
1655	6.1	15.7	1.536
1656	6.7	15.7	0.963
1657	6.7	15.7	0.666
1658	7.0	15.7	0.360
1659	7.3	15.7	0.141
1660	7.4	15.7	0.102
1661	7.5	15.6	0.306
1662	7.5	15.6	0.768
1663	7.6	15.6	2.076
1664	7.7	15.6	2.222
1665	7.1	15.6	2.232
1666	6.1	15.6	2.339
1667	5.0	15.6	2.232
1668	3.9	15.6	2.164
1669	2.7	15.6	2.003
1670	2.6	15.6	1.760
1671	2.6	15.6	1.604
1672	2.5	15.6	1.497
1673	2.9	15.6	1.556
1674	3.5	15.6	1.930
1675	4.0	15.6	2.154
1676	4.8	15.6	2.664
1677	4.9	15.6	2.737
1678	4.9	15.6	2.552
1679	5.4	15.6	1.536
1680	5.8	15.6	0.963
1681	6.4	15.6	0.666
1682	6.7	15.6	0.360
1683	6.9	15.6	0.141
1684	6.8	15.6	0.102
1685	6.7	15.5	0.306
1686	7.0	15.5	0.768
1687	7.1	15.5	2.076
1688	7.1	15.5	2.222
1689	6.7	15.5	2.232
1690	6.2	15.5	2.339
1691	5.4	15.5	2.232
1692	5.4	15.5	2.164
1693	4.9	15.5	2.003
1694	4.4	15.5	1.760
1695	4.0	15.5	1.604
1696	4.3	15.5	1.497
1697	5.2	15.5	1.556
1698	5.8	15.4	1.930
1699	6.1	15.4	2.154
1700	6.5	15.4	2.664
1701	6.9	15.4	2.737
1702	7.6	15.4	2.552
1703	8.3	15.4	1.536
1704	8.2	15.4	0.963
1705	8.7	15.4	0.666
1706	8.5	15.4	0.360
1707	8.6	15.4	0.141
1708	9.0	15.4	0.102
1709	9.2	15.4	0.306
1710	9.1	15.4	0.768
1711	9.0	15.4	2.076
1712	8.9	15.4	2.222
1713	8.4	15.4	2.232
1714	7.9	15.4	2.339
1715	7.2	15.4	2.232
1716	6.6	15.4	2.164
1717	6.2	15.4	2.003
1718	6.0	15.4	1.760
1719	5.9	15.4	1.604
1720	6.1	15.3	1.497
1721	6.5	15.3	1.556
1722	6.5	15.3	1.930
1723	7.0	15.3	2.154
1724	7.4	15.3	2.664
1725	7.7	15.3	2.737
1726	7.9	15.3	2.552
1727	7.9	15.3	1.536
1728	8.2	15.3	0.963
1729	8.4	15.3	0.666
1730	8.7	15.3	0.360
1731	9.1	15.3	0.141
1732	8.9	15.3	0.102
1733	9.2	15.3	0.306
1734	9.5	15.3	0.768
1735	9.6	15.3	2.076
1736	9.8	15.3	2.222
1737	9.2	15.3	2.232
1738	8.8	15.3	2.339
1739	8.5	15.3	2.232
1740	8.0	15.3	2.164
1741	7.5	15.3	2.003
1742	7.2	15.3	1.760
1743	7.2	15.3	1.604
1744	7.2	15.3	1.497
1745	8.0	15.3	1.556
1746	8.4	15.2	1.930
1747	9.0	15.2	2.154
1748	9.0	15.2	2.664
1749	9.3	15.2	2.737
1750	9.3	15.2	2.552
1751	9.6	15.2	1.536
1752	9.9	15.2	0.963
1753	10.1	15.2	0.666
1754	10.6	15.2	0.360
1755	10.8	15.2	0.141
1756	10.7	15.2	0.102
1757	10.9	15.2	0.306
1758	10.8	15.2	0.768
1759	10.8	15.2	2.076
1760	10.5	15.2	2.222
1761	9.7	15.2	2.232
1762	9.0	15.2	2.339
1763	8.2	15.2	2.232
1764	7.2	15.2	2.164
1765	6.5	15.2	2.003
1766	6.3	15.2	1.760
1767	6.1	15.2	1.604
1768	6.0	15.2	1.497
1769	6.5	15.1	1.556
1770	7.1	15.1	1.930
1771	7.7	15.1	2.154
1772	8.2	15.1	2.664
1773	8.3	15.1	2.737
1774	8.5	15.1	2.552
1775	8.8	15.1	1.536
1776	9.0	15.1	0.963
1777	9.2	15.1	0.666
1778	9.9	15.1	0.360
1779	10.6	15.1	0.141
1780	10.7	15.1	0.102
1781	10.9	15.1	0.306
1782	11.0	15.1	0.768
1783	11.2	15.1	2.076
1784	11.4	15.1	2.222
1785	11.0	15.1	2.232
1786	10.0	15.1	2.339
1787	9.2	15.1	2.232
1788	8.3	15.1	2.164
1789	7.9	15.1	2.003
1790	7.8	15.1	1.760
1791	7.6	15.1	1.604
1792	8.0	15.1	1.497
1793	8.7	15.0	1.556
1794	9.9	15.0	1.930
1795	10.9	15.0	2.154
1796	12.0	15.0	2.664
1797	12.5	15.0	2.737
1798	12.8	15.0	2.552
1799	13.6	15.0	1.536
1800	14.3	15.0	0.963
1801	14.6	15.0	0.666
1802	14.6	15.0	0.360
1803	14.2	15.0	0.141
1804	14.3	15.0	0.102
1805	14.2	15.0	0.306
1806	13.9	15.0	0.768
1807	13.7	15.0	2.076
1808	13.1	15.0	2.222
1809	12.6	15.0	2.232
1810	11.8	15.0	2.339
1811	10.4	15.0	2.232
1812	9.6	15.0	2.164
1813	8.6	15.0	2.003
1814	8.4	15.0	1.760
1815	8.0	15.0	1.604
1816	8.1	15.0	1.497
1817	8.3	15.0	1.556
1818	9.2	14.9	1.930
1819	9.6	14.9	2.154
1820	9.8	14.9	2.664
1821	10.0	14.9	2.737
1822	10.4	14.9	2.552
1823	10.2	14.9	1.536
1824	10.0	14.9	0.963
1825	10.0	14.9	0.666
1826	9.7	14.9	0.360
1827	9.9	14.9	0.141
1828	10.1	14.9	0.102
1829	10.3	14.9	0.306
1830	10.1	14.9	0.768
1831	10.3	14.9	2.076
1832	9.9	14.9	2.222
1833	9.3	14.9	2.232
1834	7.9	14.9	2.339
1835	6.9	14.8	2.232
1836	6.3	14.8	2.164
1837	5.6	14.8	2.003
1838	4.5	14.8	1.760
1839	4.2	14.8	1.604
1840	3.8	14.8	1.497
1841	4.0	14.8	1.556
1842	4.3	14.8	1.930
1843	4.8	14.8	2.154
1844	5.2	14.8	2.664
1845	5.5	14.8	2.737
1846	5.9	14.8	2.552
1847	6.3	14.8	1.536
1848	6.2	14.8	0.963
1849	6.4	14.8	0.666
1850	6.6	14.8	0.360
1851	6.5	14.8	0.141
1852	6.6	14.8	0.102
1853	6.7	14.8	0.306
1854	6.9	14.8	0.768
1855	6.8	14.8	2.076
1856	6.8	14.8	2.222
1857	6.9	14.7	2.232
1858	6.4	14.7	2.339
1859	6.1	14.7	2.232
1860	5.7	14.7	2.164
1861	5.9	14.7	2.003
1862	5.8	14.7	1.760
1863	5.6	14.7	1.604
1864	5.9	14.7	1.497
1865	6.2	14.7	1.556
1866	6.3	14.7	1.930
1867	6.8	14.7	2.154
1868	7.4	14.7	2.664
1869	7.5	14.7	2.737
1870	7.7	14.7	2.552
1871	8.2	14.7	1.536
1872	8.2	14.7	0.963
1873	8.2	14.7	0.666
1874	8.5	14.7	0.360
1875	9.3	14.7	0.141
1876	9.3	14.7	0.102
1877	9.3	14.7	0.306
1878	8.9	14.7	0.768
1879	9.2	14.7	2.076
1880	9.4	14.7	2.222
1881	9.1	14.7	2.232
1882	9.2	14.6	2.339
1883	8.9	14.6	2.232
1884	8.3	14.6	2.164
1885	7.4	14.6	2.003
1886	7.1	14.6	1.760
1887	7.0	14.6	1.604
1888	7.4	14.6	1.497
1889	7.8	14.6	1.556
1890	7.8	14.6	1.930
1891	8.3	14.6	2.154
1892	8.4	14.6	2.664
1893	8.4	14.6	2.737
1894	9.1	14.6	2.552
1895	9.5	14.6	1.536
1896	9.5	14.6	0.963
1897	9.6	14.6	0.666
1898	9.6	14.6	0.360
1899	9.6	14.6	0.141
1900	9.6	14.6	0.102
1901	9.5	14.6	0.306
1902	9.5	14.6	0.768
1903	9.6	14.6	2.076
1904	9.5	14.6	2.222
1905	9.0	14.6	2.232
1906	8.7	14.6	2.339
1907	8.1	14.6	2.232
1908	7.8	14.5	2.164
1909	7.3	14.5	2.003
1910	7.0	14.5	1.760
1911	7.0	14.5	1.604
1912	6.8	14.5	1.497
1913	7.6	14.5	1.556
1914	8.0	14.5	1.930
1915	8.1	14.5	2.154
1916	8.1	14.5	2.664
1917	8.3	14.5	2.737
1918	8.5	14.5	2.552
1919	8.6	14.5	1.536
1920	8.5	14.5	0.963
1921	8.6	14.5	0.666
1922	8.8	14.5	0.360
1923	8.8	14.5	0.141
1924	9.0	14.5	0.102
1925	9.0	14.5	0.306
1926	9.2	14.5	0.768
1927	9.1	14.5	2.076
1928	9.1	14.5	2.222
1929	9.3	14.5	2.232
1930	9.1	14.5	2.339
1931	8.8	14.5	2.232
1932	9.1	14.5	2.164
1933	9.3	14.5	2.003
1934	9.3	14.5	1.760
1935	9.1	14.5	1.604
1936	9.0	14.4	1.497
1937	8.9	14.4	1.556
1938	9.2	14.4	1.930
1939	9.2	14.4	2.154
1940	9.4	14.4	2.664
1941	9.2	14.4	2.737
1942	9.0	14.4	2.552
1943	8.7	14.4	1.536
1944	8.2	14.4	0.963
1945	8.2	14.4	0.666
1946	8.2	14.4	0.360
1947	8.5	14.4	0.141
1948	8.5	14.4	0.102
1949	8.2	14.4	0.306
1950	8.3	14.4	0.768
1951	8.0	14.4	2.076
1952	7.6	14.4	2.222
1953	6.7	14.3	2.232
1954	6.0	14.3	2.339
1955	5.0	14.3	2.232
1956	4.6	14.3	2.164
1957	4.0	14.3	2.003
1958	3.4	14.3	1.760
1959	3.1	14.3	1.604
1960	3.2	14.3	1.497
1961	3.2	14.3	1.556
1962	3.5	14.3	1.930
1963	4.5	14.3	2.154
1964	4.7	14.3	2.664
1965	5.0	14.3	2.737
1966	5.1	14.3	2.552
1967	5.0	14.3	1.536
1968	5.4	14.3	0.963
1969	5.5	14.3	0.666
1970	6.0	14.3	0.360
1971	6.8	14.3	0.141
1972	6.7	14.3	0.102
1973	7.1	14.2	0.306
1974	7.5	14.2	0.768
1975	8.0	14.2	2.076
1976	8.5	14.2	2.222
1977	8.4	14.2	2.232
1978	7.3	14.2	2.339
1979	6.9	14.2	2.232
1980	6.0	14.2	2.164
1981	5.7	14.2	2.003
1982	5.0	14.2	1.760
1983	5.3	14.2	1.604
1984	5.8	14.2	1.497
1985	6.7	14.2	1.556
1986	7.8	14.2	1.930
1987	8.5	14.2	2.154
1988	9.3	14.2	2.664
1989	10.1	14.2	2.737
1990	10.8	14.2	2.552
1991	11.4	14.2	1.536
1992	12.2	14.1	0.963
1993	12.8	14.1	0.666
1994	13.1	14.1	0.360
1995	13.5	14.1	0.141
1996	13.2	14.1	0.102
1997	13.3	14.1	0.306
1998	12.9	14.1	0.768
1999	12.9	14.1	2.076
2000	12.9	14.1	2.222
2001	12.3	14.1	2.232
2002	11.8	14.1	2.339
2003	11.3	14.0	2.232
2004	10.2	14.0	2.164
2005	9.1	14.0	2.003
2006	8.8	14.0	1.760
2007	8.9	14.0	1.604
2008	9.2	14.0	1.497
2009	9.4	14.0	1.556
2010	9.9	14.0	1.930
2011	10.7	14.0	2.154
2012	10.9	14.0	2.664
2013	11.2	14.0	2.737
2014	11.3	14.0	2.552
2015	11.6	14.0	1.536
2016	12.0	14.0	0.963
2017	12.1	14.0	0.666
2018	12.0	14.0	0.360
2019	12.2	14.0	0.141
2020	12.5	14.0	0.102
2021	12.5	14.0	0.306
2022	12.8	14.0	0.768
2023	12.9	14.0	2.076
2024	12.9	14.0	2.222
2025	13.0	14.0	2.232
2026	12.4	14.0	2.339
2027	11.4	13.9	2.232
2028	10.7	13.9	2.164
2029	9.9	13.9	2.003
2030	10.0	13.9	1.760
2031	9.8	13.9	1.604
2032	10.1	13.9	1.497
2033	10.2	13.9	1.556
2034	10.4	13.9	1.930
2035	10.9	13.9	2.154
2036	10.8	13.9	2.664
2037	11.3	13.9	2.737
2038	11.3	13.9	2.552
2039	11.6	13.9	1.536
2040	12.2	13.9	0.963
2041	12.4	13.9	0.666
2042	12.7	13.9	0.360
2043	12.3	13.9	0.141
2044	11.8	13.9	0.102
2045	11.8	13.9	0.306
2046	12.3	13.8	0.768
2047	12.3	13.8	2.076
2048	11.9	13.8	2.222
2049	11.3	13.8	2.232
2050	10.9	13.8	2.339
2051	10.2	13.8	2.232
2052	9.4	13.8	2.164
2053	8.5	13.8	2.003
2054	8.1	13.8	1.760
2055	8.3	13.8	1.604
2056	8.5	13.8	1.497
2057	8.4	13.8	1.556
2058	9.0	13.8	1.930
2059	9.3	13.8	2.154
2060	9.7	13.8	2.664
2061	10.0	13.8	2.737
2062	10.6	13.8	2.552
2063	10.6	13.8	1.536
2064	10.5	13.8	0.963
2065	10.9	13.8	0.666
2066	11.5	13.8	0.360
2067	11.8	13.8	0.141
2068	12.3	13.7	0.102
2069	12.8	13.7	0.306
2070	12.9	13.7	0.768
2071	12.8	13.7	2.076
2072	12.9	13.7	2.222
2073	13.3	13.7	2.232
2074	12.6	13.7	2.339
2075	12.1	13.7	2.232
2076	11.5	13.7	2.164
2077	11.0	13.7	2.003
2078	10.8	13.7	1.760
2079	10.5	13.7	1.604
2080	10.9	13.7	1.497
2081	11.2	13.7	1.556
2082	11.8	13.7	1.930
2083	12.8	13.7	2.154
2084	13.5	13.6	2.664
2085	14.1	13.6	2.737
2086	14.3	13.6	2.552
2087	14.9	13.6	1.536
2088	15.2	13.6	0.963
2089	15.6	13.6	0.666
2090	15.9	13.6	0.360
2091	15.9	13.6	0.141
2092	16.0	13.6	0.102
2093	16.5	13.6	0.306
2094	16.5	13.6	0.768
2095	16.5	13.6	2.076
2096	15.9	13.6	2.222
2097	15.0	13.6	2.232
2098	13.8	13.5	2.339
2099	12.5	13.5	2.232
2100	11.0	13.5	2.164
2101	10.1	13.5	2.003
2102	9.0	13.5	1.760
2103	8.4	13.5	1.604
2104	8.0	13.5	1.497
2105	8.3	13.5	1.556
2106	9.0	13.5	1.930
2107	9.9	13.5	2.154
2108	10.3	13.5	2.664
2109	10.7	13.5	2.737
2110	11.1	13.5	2.552
2111	11.0	13.5	1.536
2112	11.0	13.5	0.963
2113	11.6	13.5	0.666
2114	11.5	13.5	0.360
2115	12.0	13.5	0.141
2116	12.0	13.5	0.102
2117	11.9	13.4	0.306
2118	12.1	13.4	0.768
2119	12.1	13.4	2.076
2120	12.1	13.4	2.222
2121	11.4	13.4	2.232
2122	10.3	13.4	2.339
2123	9.5	13.4	2.232
2124	8.4	13.4	2.164
2125	7.6	13.4	2.003
2126	6.8	13.4	1.760
2127	7.0	13.4	1.604
2128	7.4	13.4	1.497
2129	8.2	13.4	1.556
2130	9.0	13.4	1.930
2131	9.7	13.4	2.154
2132	10.0	13.4	2.664
2133	10.5	13.4	2.737
2134	11.4	13.4	2.552
2135	12.0	13.4	1.536
2136	12.5	13.3	0.963
2137	13.1	13.3	0.666
2138	13.7	13.3	0.360
2139	14.1	13.3	0.141
2140	14.0	13.3	0.102
2141	14.0	13.3	0.306
2142	13.9	13.3	0.768
2143	14.0	13.3	2.076
2144	13.8	13.3	2.222
2145	13.4	13.3	2.232
2146	13.0	13.3	2.339
2147	12.3	13.3	2.232
2148	11.5	13.3	2.164
2149	10.3	13.3	2.003
2150	10.0	13.3	1.760
2151	10.2	13.3	1.604
2152	10.5	13.3	1.497
2153	10.9	13.3	1.556
2154	11.5	13.3	1.930
2155	11.7	13.2	2.154
2156	12.1	13.2	2.664
2157	12.9	13.2	2.737
2158	13.3	13.2	2.552
2159	13.8	13.2	1.536
2160	14.2	13.2	0.963
2161	5.7	13.2	0.666
2162	5.8	13.2	0.360
2163	5.9	13.2	0.141
2164	5.9	13.2	0.102
2165	5.9	13.2	0.306
2166	5.9	13.2	0.768
2167	5.9	13.2	2.076
2168	5.7	13.2	2.222
2169	5.6	13.2	2.232
2170	5.1	13.2	2.339
2171	4.7	13.2	2.232
2172	4.4	13.2	2.164
2173	4.1	13.2	2.003
2174	4.0	13.2	1.760
2175	3.9	13.2	1.604
2176	4.0	13.1	1.497
2177	4.0	13.1	1.556
2178	4.2	13.1	1.930
2179	4.6	13.1	2.154
2180	4.9	13.1	2.664
2181	5.1	13.1	2.737
2182	5.2	13.1	2.552
2183	5.3	13.1	1.536
2184	5.2	13.1	0.963
2185	5.4	13.1	0.666
2186	5.2	13.1	0.360
2187	5.4	13.1	0.141
2188	5.2	13.1	0.102
2189	5.1	13.1	0.306
2190	5.0	13.1	0.768
2191	5.0	13.1	2.076
2192	4.8	13.1	2.222
2193	4.2	13.1	2.232
2194	3.7	13.1	2.339
2195	3.2	13.1	2.232
2196	2.7	13.1	2.164
2197	2.5	13.1	2.003
2198	2.4	13.1	1.760
2199	2.0	13.1	1.604
2200	1.8	13.1	1.497
2201	1.8	13.1	1.556
2202	1.9	13.1	1.930
2203	2.3	13.1	2.154
2204	2.4	13.0	2.664
2205	2.7	13.0	2.737
2206	2.9	13.0	2.552
2207	2.9	13.0	1.536
2208	2.9	13.0	0.963
2209	3.1	13.0	0.666
2210	3.2	13.0	0.360
2211	3.3	13.0	0.141
2212	3.4	13.0	0.102
2213	3.3	13.0	0.306
2214	3.2	13.0	0.768
2215	3.1	13.0	2.076
2216	3.0	13.0	2.222
2217	2.7	13.0	2.232
2218	2.2	13.0	2.339
2219	1.8	12.9	2.232
2220	1.5	12.9	2.164
2221	1.3	12.9	2.003
2222	0.9	12.9	1.760
2223	0.8	12.9	1.604
2224	0.8	12.9	1.497
2225	1.1	12.9	1.556
2226	1.4	12.9	1.930
2227	1.9	12.9	2.154
2228	2.2	12.9	2.664
2229	2.6	12.9	2.737
2230	2.9	12.9	2.552
2231	3.4	12.9	1.536
2232	3.6	12.9	0.963
2233	3.8	12.9	0.666
2234	4.0	12.9	0.360
2235	4.0	12.9	0.141
2236	4.1	12.9	0.102
2237	4.0	12.9	0.306
2238	4.1	12.9	0.768
2239	4.0	12.9	2.076
2240	3.7	12.9	2.222
2241	3.5	12.9	2.232
2242	2.9	12.9	2.339
2243	2.6	12.9	2.232
2244	2.3	12.9	2.164
2245	2.0	12.8	2.003
2246	1.8	12.8	1.760
2247	1.7	12.8	1.604
2248	1.8	12.8	1.497
2249	1.9	12.8	1.556
2250	2.2	12.8	1.930
2251	2.6	12.8	2.154
2252	2.8	12.8	2.664
2253	3.1	12.8	2.737
2254	3.1	12.8	2.552
2255	3.2	12.8	1.536
2256	3.4	12.8	0.963
2257	3.7	12.8	0.666
2258	3.6	12.8	0.360
2259	3.6	12.8	0.141
2260	3.7	12.8	0.102
2261	3.7	12.8	0.306
2262	3.8	12.8	0.768
2263	3.8	12.8	2.076
2264	3.8	12.8	2.222
2265	3.5	12.8	2.232
2266	3.2	12.8	2.339
2267	2.8	12.8	2.232
2268	2.5	12.8	2.164
2269	2.3	12.8	2.003
2270	2.2	12.8	1.760
2271	2.1	12.8	1.604
2272	1.9	12.8	1.497
2273	2.1	12.8	1.556
2274	2.4	12.8	1.930
2275	2.6	12.8	2.154
2276	3.0	12.7	2.664
2277	3.2	12.7	2.737
2278	3.3	12.7	2.552
2279	3.4	12.7	1.536
2280	3.5	12.7	0.963
2281	3.8	12.7	0.666
2282	3.9	12.7	0.360
2283	3.9	12.7	0.141
2284	4.0	12.7	0.102
2285	4.0	12.7	0.306
2286	3.9	12.7	0.768
2287	3.8	12.7	2.076
2288	3.7	12.7	2.222
2289	3.5	12.7	2.232
2290	3.2	12.7	2.339
2291	2.6	12.7	2.232
2292	2.3	12.7	2.164
2293	1.9	12.6	2.003
2294	1.7	12.6	1.760
2295	1.7	12.6	1.604
2296	1.8	12.6	1.497
2297	1.8	12.6	1.556
2298	1.9	12.6	1.930
2299	2.3	12.6	2.154
2300	2.6	12.6	2.664
2301	2.8	12.6	2.737
2302	3.0	12.6	2.552
2303	3.3	12.6	1.536
2304	3.4	12.6	0.963
2305	3.5	12.6	0.666
2306	3.5	12.6	0.360
2307	3.6	12.6	0.141
2308	3.6	12.6	0.102
2309	3.7	12.5	0.306
2310	3.7	12.5	0.768
2311	3.7	12.5	2.076
2312	3.3	12.5	2.222
2313	3.2	12.5	2.232
2314	2.9	12.5	2.339
2315	2.4	12.5	2.232
2316	2.1	12.5	2.164
2317	1.9	12.5	2.003
2318	1.7	12.5	1.760
2319	1.5	12.5	1.604
2320	1.5	12.5	1.497
2321	1.4	12.5	1.556
2322	1.5	12.5	1.930
2323	1.6	12.5	2.154
2324	1.7	12.5	2.664
2325	1.8	12.5	2.737
2326	1.7	12.5	2.552
2327	1.7	12.5	1.536
2328	1.6	12.5	0.963
2329	1.7	12.5	0.666
2330	1.7	12.5	0.360
2331	1.9	12.5	0.141
2332	2.0	12.5	0.102
2333	2.0	12.5	0.306
2334	2.0	12.5	0.768
2335	2.0	12.5	2.076
2336	1.9	12.5	2.222
2337	1.8	12.5	2.232
2338	1.4	12.4	2.339
2339	1.0	12.4	2.232
2340	0.8	12.4	2.164
2341	0.5	12.4	2.003
2342	0.6	12.4	1.760
2343	0.6	12.4	1.604
2344	0.7	12.4	1.497
2345	1.0	12.4	1.556
2346	1.4	12.4	1.930
2347	1.8	12.4	2.154
2348	2.0	12.4	2.664
2349	2.4	12.4	2.737
2350	2.8	12.4	2.552
2351	3.1	12.4	1.536
2352	3.5	12.4	0.963
2353	3.7	12.4	0.666
2354	3.8	12.4	0.360
2355	3.9	12.4	0.141
2356	3.9	12.3	0.102
2357	3.9	12.3	0.306
2358	3.9	12.3	0.768
2359	3.9	12.3	2.076
2360	3.6	12.3	2.222
2361	3.2	12.3	2.232
2362	2.9	12.3	2.339
2363	2.5	12.3	2.232
2364	2.1	12.3	2.164
2365	1.9	12.3	2.003
2366	1.8	12.3	1.760
2367	1.6	12.3	1.604
2368	1.7	12.3	1.497
2369	1.8	12.3	1.556
2370	2.2	12.3	1.930
2371	2.6	12.3	2.154
2372	2.8	12.3	2.664
2373	3.1	12.3	2.737
2374	3.4	12.3	2.552
2375	3.5	12.3	1.536
2376	3.6	12.2	0.963
2377	3.7	12.2	0.666
2378	3.7	12.2	0.360
2379	3.8	12.2	0.141
2380	3.8	12.2	0.102
2381	3.8	12.2	0.306
2382	3.8	12.2	0.768
2383	3.7	12.2	2.076
2384	3.7	12.2	2.222
2385	3.4	12.2	2.232
2386	3.2	12.2	2.339
2387	2.9	12.2	2.232
2388	2.7	12.2	2.164
2389	2.3	12.2	2.003
2390	2.2	12.2	1.760
2391	2.1	12.2	1.604
2392	2.2	12.2	1.497
2393	2.4	12.2	1.556
2394	2.3	12.2	1.930
2395	2.3	12.2	2.154
2396	2.5	12.2	2.664
2397	2.7	12.2	2.737
2398	2.8	12.2	2.552
2399	2.8	12.2	1.536
2400	2.8	12.2	0.963
2401	2.9	12.2	0.666
2402	2.9	12.2	0.360
2403	2.8	12.2	0.141
2404	3.0	12.2	0.102
2405	2.9	12.2	0.306
2406	3.0	12.1	0.768
2407	3.0	12.1	2.076
2408	3.0	12.1	2.222
2409	2.8	12.1	2.232
2410	2.3	12.1	2.339
2411	2.0	12.1	2.232
2412	1.6	12.1	2.164
2413	1.4	12.1	2.003
2414	1.3	12.1	1.760
2415	1.1	12.1	1.604
2416	1.2	12.1	1.497
2417	1.5	12.1	1.556
2418	1.7	12.1	1.930
2419	2.1	12.1	2.154
2420	2.5	12.1	2.664
2421	2.5	12.1	2.737
2422	2.6	12.1	2.552
2423	2.9	12.1	1.536
2424	3.2	12.1	0.963
2425	3.3	12.1	0.666
2426	3.5	12.1	0.360
2427	3.5	12.1	0.141
2428	3.8	12.1	0.102
2429	3.8	12.1	0.306
2430	3.8	12.1	0.768
2431	3.7	12.0	2.076
2432	3.6	12.0	2.222
2433	3.4	12.0	2.232
2434	3.3	12.0	2.339
2435	3.2	12.0	2.232
2436	3.0	12.0	2.164
2437	2.9	12.0	2.003
2438	2.9	12.0	1.760
2439	3.0	12.0	1.604
2440	3.1	12.0	1.497
2441	3.0	12.0	1.556
2442	3.0	12.0	1.930
2443	3.3	12.0	2.154
2444	3.3	12.0	2.664
2445	3.5	12.0	2.737
2446	3.6	12.0	2.552
2447	3.6	12.0	1.536
2448	3.8	12.0	0.963
2449	4.0	12.0	0.666
2450	4.0	12.0	0.360
2451	4.1	11.9	0.141
2452	4.1	11.9	0.102
2453	4.1	11.9	0.306
2454	4.1	11.9	0.768
2455	3.9	11.9	2.076
2456	3.8	11.9	2.222
2457	3.6	11.9	2.232
2458	3.0	11.9	2.339
2459	2.7	11.9	2.232
2460	2.5	11.9	2.164
2461	2.2	11.9	2.003
2462	2.2	11.9	1.760
2463	2.2	11.9	1.604
2464	2.2	11.9	1.497
2465	2.3	11.9	1.556
2466	2.5	11.9	1.930
2467	2.6	11.9	2.154
2468	2.9	11.8	2.664
2469	3.0	11.8	2.737
2470	3.3	11.8	2.552
2471	3.5	11.8	1.536
2472	3.6	11.8	0.963
2473	3.7	11.8	0.666
2474	3.8	11.8	0.360
2475	4.0	11.8	0.141
2476	4.2	11.8	0.102
2477	4.1	11.8	0.306
2478	4.1	11.8	0.768
2479	4.2	11.8	2.076
2480	4.2	11.8	2.222
2481	4.1	11.8	2.232
2482	4.0	11.8	2.339
2483	3.8	11.8	2.232
2484	3.6	11.8	2.164
2485	3.5	11.7	2.003
2486	3.5	11.7	1.760
2487	3.5	11.7	1.604
2488	3.5	11.7	1.497
2489	3.4	11.7	1.556
2490	3.6	11.7	1.930
2491	3.8	11.7	2.154
2492	4.1	11.7	2.664
2493	4.3	11.7	2.737
2494	4.3	11.7	2.552
2495	4.3	11.7	1.536
2496	4.4	11.7	0.963
2497	4.4	11.7	0.666
2498	4.4	11.7	0.360
2499	4.4	11.7	0.141
2500	4.3	11.6	0.102
2501	4.3	11.6	0.306
2502	4.3	11.6	0.768
2503	4.4	11.6	2.076
2504	4.2	11.6	2.222
2505	4.1	11.6	2.232
2506	4.0	11.6	2.339
2507	3.5	11.6	2.232
2508	3.4	11.6	2.164
2509	3.3	11.6	2.003
2510	3.2	11.6	1.760
2511	3.0	11.6	1.604
2512	2.9	11.6	1.497
2513	3.1	11.6	1.556
2514	3.2	11.6	1.930
2515	3.4	11.6	2.154
2516	3.5	11.6	2.664
2517	3.4	11.5	2.737
2518	3.7	11.5	2.552
2519	3.9	11.5	1.536
2520	4.1	11.5	0.963
2521	4.2	11.5	0.666
2522	4.3	11.5	0.360
2523	4.5	11.5	0.141
2524	4.5	11.5	0.102
2525	4.6	11.5	0.306
2526	4.6	11.5	0.768
2527	4.6	11.5	2.076
2528	4.6	11.5	2.222
2529	4.3	11.5	2.232
2530	4.0	11.5	2.339
2531	3.9	11.5	2.232
2532	3.8	11.5	2.164
2533	3.6	11.5	2.003
2534	3.4	11.5	1.760
2535	3.3	11.5	1.604
2536	3.4	11.5	1.497
2537	3.4	11.5	1.556
2538	3.5	11.5	1.930
2539	3.7	11.5	2.154
2540	3.9	11.5	2.664
2541	4.0	11.5	2.737
2542	4.0	11.5	2.552
2543	4.0	11.4	1.536
2544	4.2	11.4	0.963
2545	4.2	11.4	0.666
2546	4.3	11.4	0.360
2547	4.3	11.4	0.141
2548	4.4	11.4	0.102
2549	4.5	11.4	0.306
2550	4.4	11.4	0.768
2551	4.3	11.4	2.076
2552	4.0	11.4	2.222
2553	3.5	11.4	2.232
2554	3.1	11.4	2.339
2555	2.8	11.4	2.232
2556	2.5	11.4	2.164
2557	2.2	11.4	2.003
2558	1.9	11.4	1.760
2559	1.7	11.4	1.604
2560	1.7	11.4	1.497
2561	1.7	11.4	1.556
2562	1.7	11.4	1.930
2563	1.9	11.4	2.154
2564	2.2	11.4	2.664
2565	2.4	11.4	2.737
2566	2.5	11.4	2.552
2567	2.5	11.4	1.536
2568	2.7	11.4	0.963
2569	2.8	11.3	0.666
2570	3.0	11.3	0.360
2571	3.0	11.3	0.141
2572	3.1	11.3	0.102
2573	3.1	11.3	0.306
2574	3.2	11.3	0.768
2575	3.2	11.3	2.076
2576	3.3	11.3	2.222
2577	3.1	11.3	2.232
2578	2.8	11.3	2.339
2579	2.6	11.3	2.232
2580	2.1	11.3	2.164
2581	1.8	11.3	2.003
2582	1.7	11.3	1.760
2583	1.5	11.3	1.604
2584	1.4	11.2	1.497
2585	1.6	11.2	1.556
2586	1.9	11.2	1.930
2587	2.3	11.2	2.154
2588	2.6	11.2	2.664
2589	3.0	11.2	2.737
2590	3.2	11.2	2.552
2591	3.5	11.2	1.536
2592	3.7	11.2	0.963
2593	3.9	11.2	0.666
2594	3.9	11.2	0.360
2595	3.9	11.2	0.141
2596	3.7	11.2	0.102
2597	3.7	11.2	0.306
2598	3.6	11.2	0.768
2599	3.6	11.2	2.076
2600	3.4	11.2	2.222
2601	3.3	11.1	2.232
2602	3.2	11.1	2.339
2603	2.9	11.1	2.232
2604	2.9	11.1	2.164
2605	2.6	11.1	2.003
2606	2.4	11.1	1.760
2607	2.3	11.1	1.604
2608	2.4	11.1	1.497
2609	2.3	11.1	1.556
2610	2.3	11.1	1.930
2611	2.4	11.1	2.154
2612	2.3	11.1	2.664
2613	2.3	11.1	2.737
2614	2.4	11.1	2.552
2615	2.4	11.1	1.536
2616	2.3	11.1	0.963
2617	2.3	11.1	0.666
2618	2.3	11.0	0.360
2619	2.3	11.0	0.141
2620	2.4	11.0	0.102
2621	2.3	11.0	0.306
2622	2.4	11.0	0.768
2623	2.4	11.0	2.076
2624	2.3	11.0	2.222
2625	2.1	11.0	2.232
2626	2.0	11.0	2.339
2627	1.9	11.0	2.232
2628	1.5	11.0	2.164
2629	1.5	11.0	2.003
2630	1.5	11.0	1.760
2631	1.5	11.0	1.604
2632	1.4	11.0	1.497
2633	1.4	11.0	1.556
2634	1.4	11.0	1.930
2635	1.5	11.0	2.154
2636	1.7	11.0	2.664
2637	1.9	11.0	2.737
2638	2.0	10.9	2.552
2639	2.1	10.9	1.536
2640	1.9	10.9	0.963
2641	2.0	10.9	0.666
2642	2.3	10.9	0.360
2643	2.5	10.9	0.141
2644	2.6	10.9	0.102
2645	2.7	10.9	0.306
2646	2.7	10.9	0.768
2647	2.8	10.9	2.076
2648	2.7	10.9	2.222
2649	2.5	10.9	2.232
2650	2.2	10.9	2.339
2651	2.0	10.9	2.232
2652	1.7	10.9	2.164
2653	1.5	10.9	2.003
2654	1.2	10.9	1.760
2655	1.2	10.9	1.604
2656	1.3	10.9	1.497
2657	1.5	10.9	1.556
2658	1.9	10.9	1.930
2659	2.3	10.8	2.154
2660	2.6	10.8	2.664
2661	3.0	10.8	2.737
2662	3.3	10.8	2.552
2663	3.6	10.8	1.536
2664	3.8	10.8	0.963
2665	4.0	10.8	0.666
2666	3.9	10.8	0.360
2667	4.0	10.8	0.141
2668	4.0	10.8	0.102
2669	3.9	10.8	0.306
2670	3.8	10.8	0.768
2671	3.6	10.8	2.076
2672	3.5	10.8	2.222
2673	3.0	10.8	2.232
2674	2.8	10.7	2.339
2675	2.4	10.7	2.232
2676	2.0	10.7	2.164
2677	1.6	10.7	2.003
2678	1.3	10.7	1.760
2679	1.2	10.7	1.604
2680	1.1	10.7	1.497
2681	0.9	10.7	1.556
2682	0.9	10.7	1.930
2683	1.1	10.7	2.154
2684	1.2	10.7	2.664
2685	1.4	10.7	2.737
2686	1.6	10.7	2.552
2687	1.5	10.7	1.536
2688	1.6	10.7	0.963
2689	0.0	10.7	0.666
2690	0.0	10.7	0.360
2691	0.0	10.7	0.141
2692	0.0	10.7	0.102
2693	0.0	10.7	0.306
2694	0.0	10.7	0.768
2695	0.0	10.6	2.076
2696	0.0	10.6	2.222
2697	0.0	10.6	2.232
2698	0.0	10.6	2.339
2699	0.0	10.6	2.232
2700	0.0	10.6	2.164
2701	0.0	10.6	2.003
2702	0.0	10.6	1.760
2703	0.0	10.6	1.604
2704	0.0	10.6	1.497
2705	0.0	10.6	1.556
2706	0.0	10.5	1.930
2707	0.0	10.5	2.154
2708	0.0	10.5	2.664
2709	0.0	10.5	2.737
2710	0.0	10.5	2.552
2711	0.0	10.5	1.536
2712	0.0	10.5	0.963
2713	0.0	10.5	0.666
2714	0.0	10.5	0.360
2715	0.0	10.5	0.141
2716	0.0	10.5	0.102
2717	0.0	10.5	0.306
2718	0.0	10.5	0.768
2719	0.0	10.5	2.076
2720	0.0	10.5	2.222
2721	0.0	10.5	2.232
2722	0.0	10.5	2.339
2723	0.0	10.5	2.232
2724	0.0	10.5	2.164
2725	0.0	10.5	2.003
2726	0.0	10.4	1.760
2727	0.0	10.4	1.604
2728	0.0	10.4	1.497
2729	0.0	10.4	1.556
2730	0.0	10.4	1.930
2731	0.0	10.4	2.154
2732	0.0	10.4	2.664
2733	0.0	10.4	2.737
2734	0.0	10.4	2.552
2735	0.0	10.4	1.536
2736	0.0	10.4	0.963
2737	0.0	10.4	0.666
2738	0.0	10.3	0.360
2739	0.0	10.3	0.141
2740	0.0	10.3	0.102
2741	0.0	10.3	0.306
2742	0.0	10.3	0.768
2743	0.0	10.3	2.076
2744	0.0	10.3	2.222
2745	0.0	10.3	2.232
2746	0.0	10.3	2.339
2747	0.0	10.3	2.232
2748	0.0	10.3	2.164
2749	0.0	10.3	2.003
2750	0.0	10.3	1.760
2751	0.0	10.3	1.604
2752	0.0	10.3	1.497
2753	0.0	10.3	1.556
2754	0.0	10.3	1.930
2755	0.0	10.3	2.154
2756	0.0	10.3	2.664
2757	0.0	10.3	2.737
2758	0.0	10.3	2.552
2759	0.0	10.3	1.536
2760	0.0	10.2	0.963
2761	1.5	10.2	0.666
2762	1.8	10.2	0.360
2763	1.9	10.2	0.141
2764	2.0	10.2	0.102
2765	2.2	10.2	0.306
2766	2.3	10.2	0.768
2767	2.3	10.2	2.076
2768	2.3	10.2	2.222
2769	2.0	10.2	2.232
2770	1.6	10.2	2.339
2771	1.4	10.2	2.232
2772	1.1	10.2	2.164
2773	0.9	10.2	2.003
2774	0.9	10.2	1.760
2775	0.9	10.2	1.604
2776	0.9	10.2	1.497
2777	1.2	10.2	1.556
2778	1.6	10.2	1.930
2779	2.1	10.2	2.154
2780	2.6	10.2	2.664
2781	2.8	10.2	2.737
2782	3.1	10.2	2.552
2783	3.3	10.2	1.536
2784	3.6	10.1	0.963
2785	3.8	10.1	0.666
2786	3.8	10.1	0.360
2787	3.9	10.1	0.141
2788	4.0	10.1	0.102
2789	4.1	10.1	0.306
2790	4.0	10.1	0.768
2791	4.1	10.1	2.076
2792	4.1	10.1	2.222
2793	3.9	10.1	2.232
2794	3.6	10.1	2.339
2795	3.4	10.1	2.232
2796	3.2	10.1	2.164
2797	3.1	10.1	2.003
2798	2.9	10.0	1.760
2799	2.9	10.0	1.604
2800	2.8	10.0	1.497
2801	3.1	10.0	1.556
2802	3.3	10.0	1.930
2803	3.6	10.0	2.154
2804	3.8	10.0	2.664
2805	4.0	10.0	2.737
2806	3.9	10.0	2.552
2807	4.1	10.0	1.536
2808	4.3	10.0	0.963
2809	4.4	10.0	0.666
2810	4.6	10.0	0.360
2811	4.5	10.0	0.141
2812	4.5	10.0	0.102
2813	4.5	10.0	0.306
2814	4.4	9.9	0.768
2815	4.2	9.9	2.076
2816	4.1	9.9	2.222
2817	3.7	9.9	2.232
2818	3.5	9.9	2.339
2819	3.1	9.9	2.232
2820	2.7	9.9	2.164
2821	2.3	9.9	2.003
2822	2.0	9.9	1.760
2823	2.0	9.9	1.604
2824	1.9	9.9	1.497
2825	2.0	9.9	1.556
2826	2.1	9.9	1.930
2827	2.2	9.9	2.154
2828	2.3	9.9	2.664
2829	2.5	9.9	2.737
2830	2.6	9.9	2.552
2831	2.4	9.9	1.536
2832	2.5	9.9	0.963
2833	2.5	9.9	0.666
2834	2.6	9.8	0.360
2835	2.7	9.8	0.141
2836	2.9	9.8	0.102
2837	2.9	9.8	0.306
2838	2.9	9.8	0.768
2839	2.9	9.8	2.076
2840	2.8	9.8	2.222
2841	2.4	9.8	2.232
2842	1.9	9.8	2.339
2843	1.5	9.8	2.232
2844	1.3	9.8	2.164
2845	1.2	9.8	2.003
2846	1.0	9.8	1.760
2847	0.8	9.8	1.604
2848	0.9	9.8	1.497
2849	1.2	9.8	1.556
2850	1.5	9.8	1.930
2851	2.0	9.8	2.154
2852	2.5	9.8	2.664
2853	2.6	9.8	2.737
2854	2.9	9.7	2.552
2855	3.1	9.7	1.536
2856	3.2	9.7	0.963
2857	3.5	9.7	0.666
2858	3.7	9.7	0.360
2859	3.6	9.7	0.141
2860	3.7	9.7	0.102
2861	3.7	9.7	0.306
2862	3.8	9.7	0.768
2863	3.7	9.7	2.076
2864	3.4	9.7	2.222
2865	3.2	9.7	2.232
2866	2.9	9.7	2.339
2867	2.5	9.7	2.232
2868	2.3	9.7	2.164
2869	2.1	9.7	2.003
2870	1.9	9.7	1.760
2871	1.8	9.7	1.604
2872	1.7	9.6	1.497
2873	1.9	9.6	1.556
2874	2.3	9.6	1.930
2875	2.6	9.6	2.154
2876	3.0	9.6	2.664
2877	3.5	9.6	2.737
2878	3.9	9.6	2.552
2879	4.2	9.6	1.536
2880	4.4	9.6	0.963
2881	0.0	9.6	0.666
2882	0.0	9.6	0.360
2883	0.0	9.6	0.141
2884	0.0	9.6	0.102
2885	0.0	9.6	0.306
2886	0.0	9.6	0.768
2887	0.0	9.6	2.076
2888	0.0	9.6	2.222
2889	0.0	9.6	2.232
2890	0.0	9.6	2.339
2891	0.0	9.6	2.232
2892	0.0	9.6	2.164
2893	0.0	9.6	2.003
2894	0.0	9.5	1.760
2895	0.0	9.5	1.604
2896	0.0	9.5	1.497
2897	0.0	9.5	1.556
2898	0.0	9.5	1.930
2899	0.0	9.5	2.154
2900	0.0	9.5	2.664
2901	0.0	9.5	2.737
2902	0.0	9.5	2.552
2903	0.0	9.5	1.536
2904	0.0	9.5	0.963
2905	0.0	9.5	0.666
2906	0.0	9.5	0.360
2907	0.0	9.5	0.141
2908	0.0	9.5	0.102
2909	0.0	9.5	0.306
2910	0.0	9.5	0.768
2911	0.0	9.5	2.076
2912	0.0	9.5	2.222
2913	0.0	9.4	2.232
2914	0.0	9.4	2.339
2915	0.0	9.4	2.232
2916	0.0	9.4	2.164
2917	0.0	9.4	2.003
2918	0.0	9.4	1.760
2919	0.0	9.4	1.604
2920	0.0	9.4	1.497
2921	0.0	9.4	1.556
2922	0.0	9.4	1.930
2923	0.0	9.4	2.154
2924	0.0	9.4	2.664
2925	0.0	9.4	2.737
2926	0.0	9.4	2.552
2927	0.0	9.4	1.536
2928	0.0	9.4	0.963
2929	0.0	9.4	0.666
2930	0.0	9.4	0.360
2931	0.0	9.4	0.141
2932	0.0	9.4	0.102
2933	0.0	9.3	0.306
2934	0.0	9.3	0.768
2935	0.0	9.3	2.076
2936	0.0	9.3	2.222
2937	0.0	9.3	2.232
2938	0.0	9.3	2.339
2939	0.0	9.3	2.232
2940	0.0	9.3	2.164
2941	0.0	9.3	2.003
2942	0.0	9.3	1.760
2943	0.0	9.3	1.604
2944	0.0	9.3	1.497
2945	0.0	9.3	1.556
2946	0.0	9.3	1.930
2947	0.0	9.3	2.154
2948	0.0	9.3	2.664
2949	0.0	9.3	2.737
2950	0.0	9.3	2.552
2951	0.0	9.3	1.536
2952	0.0	9.3	0.963
2953	0.0	9.3	0.666
2954	0.0	9.3	0.360
2955	0.0	9.3	0.141
2956	0.0	9.2	0.102
2957	0.0	9.2	0.306
2958	0.0	9.2	0.768
2959	0.0	9.2	2.076
2960	0.0	9.2	2.222
2961	0.0	9.2	2.232
2962	0.0	9.2	2.339
2963	0.0	9.2	2.232
2964	0.0	9.2	2.164
2965	0.0	9.2	2.003
2966	0.0	9.2	1.760
2967	0.0	9.2	1.604
2968	0.0	9.2	1.497
2969	0.0	9.2	1.556
2970	0.0	9.2	1.930
2971	0.0	9.2	2.154
2972	0.0	9.2	2.664
2973	0.0	9.2	2.737
2974	0.0	9.2	2.552
2975	0.0	9.2	1.536
2976	0.0	9.2	0.963
2977	0.0	9.2	0.666
2978	0.0	9.2	0.360
2979	0.0	9.2	0.141
2980	0.0	9.2	0.102
2981	0.0	9.2	0.306
2982	0.0	9.1	0.768
2983	0.0	9.1	2.076
2984	0.0	9.1	2.222
2985	0.0	9.1	2.232
2986	0.0	9.1	2.339
2987	0.0	9.1	2.232
2988	0.0	9.1	2.164
2989	0.0	9.1	2.003
2990	0.0	9.1	1.760
2991	0.0	9.1	1.604
2992	0.0	9.1	1.497
2993	0.0	9.1	1.556
2994	0.0	9.1	1.930
2995	0.0	9.1	2.154
2996	0.0	9.1	2.664
2997	0.0	9.1	2.737
2998	0.0	9.1	2.552
2999	0.0	9.1	1.536
3000	0.0	9.1	0.963
3001	0.0	9.1	0.666
3002	0.0	9.1	0.360
3003	0.0	9.1	0.141
3004	0.0	9.1	0.102
3005	0.0	9.1	0.306
3006	0.0	9.1	0.768
3007	0.0	9.1	2.076
3008	0.0	9.0	2.222
3009	0.0	9.0	2.232
3010	0.0	9.0	2.339
3011	0.0	9.0	2.232
3012	0.0	9.0	2.164
3013	0.0	9.0	2.003
3014	0.0	9.0	1.760
3015	0.0	9.0	1.604
3016	0.0	9.0	1.497
3017	0.0	9.0	1.556
3018	0.0	9.0	1.930
3019	0.0	9.0	2.154
3020	0.0	9.0	2.664
3021	0.0	9.0	2.737
3022	0.0	9.0	2.552
3023	0.0	9.0	1.536
3024	0.0	9.0	0.963
3025	0.0	9.0	0.666
3026	0.0	9.0	0.360
3027	0.0	9.0	0.141
3028	0.0	9.0	0.102
3029	0.0	9.0	0.306
3030	0.0	9.0	0.768
3031	0.0	9.0	2.076
3032	0.0	9.0	2.222
3033	0.0	9.0	2.232
3034	0.0	9.0	2.339
3035	0.0	9.0	2.232
3036	0.0	9.0	2.164
3037	0.0	9.0	2.003
3038	0.0	9.0	1.760
3039	0.0	8.9	1.604
3040	0.0	8.9	1.497
3041	0.0	8.9	1.556
3042	0.0	8.9	1.930
3043	0.0	8.9	2.154
3044	0.0	8.9	2.664
3045	0.0	8.9	2.737
3046	0.0	8.9	2.552
3047	0.0	8.9	1.536
3048	0.0	8.9	0.963
3049	0.0	8.9	0.666
3050	0.0	8.9	0.360
3051	0.0	8.9	0.141
3052	0.0	8.9	0.102
3053	0.0	8.9	0.306
3054	0.0	8.9	0.768
3055	0.0	8.9	2.076
3056	0.0	8.9	2.222
3057	0.0	8.9	2.232
3058	0.0	8.9	2.339
3059	0.0	8.9	2.232
3060	0.0	8.8	2.164
3061	0.0	8.8	2.003
3062	0.0	8.8	1.760
3063	0.0	8.8	1.604
3064	0.0	8.8	1.497
3065	0.0	8.8	1.556
3066	0.0	8.8	1.930
3067	0.0	8.8	2.154
3068	0.0	8.8	2.664
3069	0.0	8.8	2.737
3070	0.0	8.8	2.552
3071	0.0	8.8	1.536
3072	0.0	8.8	0.963
3073	0.0	8.8	0.666
3074	0.0	8.8	0.360
3075	0.0	8.8	0.141
3076	0.0	8.8	0.102
3077	0.0	8.8	0.306
3078	0.0	8.8	0.768
3079	0.0	8.8	2.076
3080	0.0	8.8	2.222
3081	0.0	8.8	2.232
3082	0.0	8.8	2.339
3083	0.0	8.8	2.232
3084	0.0	8.8	2.164
3085	0.0	8.8	2.003
3086	0.0	8.8	1.760
3087	0.0	8.7	1.604
3088	0.0	8.7	1.497
3089	0.0	8.7	1.556
3090	0.0	8.7	1.930
3091	0.0	8.7	2.154
3092	0.0	8.7	2.664
3093	0.0	8.7	2.737
3094	0.0	8.7	2.552
3095	0.0	8.7	1.536
3096	0.0	8.7	0.963
3097	0.0	8.7	0.666
3098	0.0	8.7	0.360
3099	0.0	8.7	0.141
3100	0.0	8.7	0.102
3101	0.0	8.7	0.306
3102	0.0	8.7	0.768
3103	0.0	8.7	2.076
3104	0.0	8.7	2.222
3105	0.0	8.7	2.232
3106	0.0	8.6	2.339
3107	0.0	8.6	2.232
3108	0.0	8.6	2.164
3109	0.0	8.6	2.003
3110	0.0	8.6	1.760
3111	0.0	8.6	1.604
3112	0.0	8.6	1.497
3113	0.0	8.6	1.556
3114	0.0	8.6	1.930
3115	0.0	8.6	2.154
3116	0.0	8.6	2.664
3117	0.0	8.6	2.737
3118	0.0	8.6	2.552
3119	0.0	8.6	1.536
3120	0.0	8.6	0.963
3121	0.0	8.6	0.666
3122	0.0	8.6	0.360
3123	0.0	8.6	0.141
3124	0.0	8.6	0.102
3125	0.0	8.6	0.306
3126	0.0	8.5	0.768
3127	0.0	8.5	2.076
3128	0.0	8.5	2.222
3129	0.0	8.5	2.232
3130	0.0	8.5	2.339
3131	0.0	8.5	2.232
3132	0.0	8.5	2.164
3133	0.0	8.5	2.003
3134	0.0	8.5	1.760
3135	0.0	8.5	1.604
3136	0.0	8.5	1.497
3137	0.0	8.5	1.556
3138	0.0	8.5	1.930
3139	0.0	8.5	2.154
3140	0.0	8.5	2.664
3141	0.0	8.5	2.737
3142	0.0	8.5	2.552
3143	0.0	8.5	1.536
3144	0.0	8.5	0.963
3145	0.0	8.5	0.666
3146	0.0	8.5	0.360
3147	0.0	8.5	0.141
3148	0.0	8.5	0.102
3149	0.0	8.5	0.306
3150	0.0	8.4	0.768
3151	0.0	8.4	2.076
3152	0.0	8.4	2.222
3153	0.0	8.4	2.232
3154	0.0	8.4	2.339
3155	0.0	8.4	2.232
3156	0.0	8.4	2.164
3157	0.0	8.4	2.003
3158	0.0	8.4	1.760
3159	0.0	8.4	1.604
3160	0.0	8.4	1.497
3161	0.0	8.4	1.556
3162	0.0	8.4	1.930
3163	0.0	8.4	2.154
3164	0.0	8.4	2.664
3165	0.0	8.4	2.737
3166	0.0	8.4	2.552
3167	0.0	8.4	1.536
3168	0.0	8.4	0.963
3169	0.0	8.4	0.666
3170	0.0	8.3	0.360
3171	0.0	8.3	0.141
3172	0.0	8.3	0.102
3173	0.0	8.3	0.306
3174	0.0	8.3	0.768
3175	0.0	8.3	2.076
3176	0.0	8.3	2.222
3177	0.0	8.3	2.232
3178	0.0	8.3	2.339
3179	0.0	8.3	2.232
3180	0.0	8.3	2.164
3181	0.0	8.3	2.003
3182	0.0	8.3	1.760
3183	0.0	8.3	1.604
3184	0.0	8.3	1.497
3185	0.0	8.3	1.556
3186	0.0	8.3	1.930
3187	0.0	8.3	2.154
3188	0.0	8.3	2.664
3189	0.0	8.2	2.737
3190	0.0	8.2	2.552
3191	0.0	8.2	1.536
3192	0.0	8.2	0.963
3193	0.0	8.2	0.666
3194	0.0	8.2	0.360
3195	0.0	8.2	0.141
3196	0.0	8.2	0.102
3197	0.0	8.2	0.306
3198	0.0	8.2	0.768
3199	0.0	8.2	2.076
3200	0.0	8.2	2.222
3201	0.0	8.2	2.232
3202	0.0	8.2	2.339
3203	0.0	8.2	2.232
3204	0.0	8.2	2.164
3205	0.0	8.2	2.003
3206	0.0	8.2	1.760
3207	0.0	8.2	1.604
3208	0.0	8.2	1.497
3209	0.0	8.2	1.556
3210	0.0	8.2	1.930
3211	0.0	8.2	2.154
3212	0.0	8.2	2.664
3213	0.0	8.1	2.737
3214	0.0	8.1	2.552
3215	0.0	8.1	1.536
3216	0.0	8.1	0.963
3217	0.0	8.1	0.666
3218	0.0	8.1	0.360
3219	0.0	8.1	0.141
3220	0.0	8.1	0.102
3221	0.0	8.1	0.306
3222	0.0	8.1	0.768
3223	0.0	8.1	2.076
3224	0.0	8.1	2.222
3225	0.0	8.1	2.232
3226	0.0	8.0	2.339
3227	0.0	8.0	2.232
3228	0.0	8.0	2.164
3229	0.0	8.0	2.003
3230	0.0	8.0	1.760
3231	0.0	8.0	1.604
3232	0.0	8.0	1.497
3233	0.0	8.0	1.556
3234	0.0	8.0	1.930
3235	0.0	8.0	2.154
3236	0.0	8.0	2.664
3237	0.0	8.0	2.737
3238	0.0	8.0	2.552
3239	0.0	8.0	1.536
3240	0.0	8.0	0.963
3241	0.0	8.0	0.666
3242	0.0	8.0	0.360
3243	0.0	7.9	0.141
3244	0.0	7.9	0.102
3245	0.0	7.9	0.306
3246	0.0	7.9	0.768
3247	0.0	7.9	2.076
3248	0.0	7.9	2.222
3249	0.0	7.9	2.232
3250	0.0	7.9	2.339
3251	0.0	7.9	2.232
3252	0.0	7.9	2.164
3253	0.0	7.9	2.003
3254	0.0	7.9	1.760
3255	0.0	7.9	1.604
3256	0.0	7.9	1.497
3257	0.0	7.9	1.556
3258	0.0	7.9	1.930
3259	0.0	7.9	2.154
3260	0.0	7.9	2.664
3261	0.0	7.9	2.737
3262	0.0	7.8	2.552
3263	0.0	7.8	1.536
3264	0.0	7.8	0.963
3265	0.0	7.8	0.666
3266	0.0	7.8	0.360
3267	0.0	7.8	0.141
3268	0.0	7.8	0.102
3269	0.0	7.8	0.306
3270	0.0	7.8	0.768
3271	0.0	7.8	2.076
3272	0.0	7.8	2.222
3273	0.0	7.8	2.232
3274	0.0	7.8	2.339
3275	0.0	7.8	2.232
3276	0.0	7.8	2.164
3277	0.0	7.8	2.003
3278	0.0	7.8	1.760
3279	0.0	7.8	1.604
3280	0.0	7.8	1.497
3281	0.0	7.8	1.556
3282	0.0	7.7	1.930
3283	0.0	7.7	2.154
3284	0.0	7.7	2.664
3285	0.0	7.7	2.737
3286	0.0	7.7	2.552
3287	0.0	7.7	1.536
3288	0.0	7.7	0.963
3289	0.0	7.7	0.666
3290	0.0	7.7	0.360
3291	0.0	7.7	0.141
3292	0.0	7.7	0.102
3293	0.0	7.7	0.306
3294	0.0	7.7	0.768
3295	0.0	7.7	2.076
3296	0.0	7.7	2.222
3297	0.0	7.7	2.232
3298	0.0	7.7	2.339
3299	0.0	7.7	2.232
3300	0.0	7.7	2.164
3301	0.0	7.7	2.003
3302	0.0	7.6	1.760
3303	0.0	7.6	1.604
3304	0.0	7.6	1.497
3305	0.0	7.6	1.556
3306	0.0	7.6	1.930
3307	0.0	7.6	2.154
3308	0.0	7.6	2.664
3309	0.0	7.6	2.737
3310	0.0	7.6	2.552
3311	0.0	7.6	1.536
3312	0.0	7.6	0.963
3313	0.0	7.6	0.666
3314	0.0	7.6	0.360
3315	0.0	7.5	0.141
3316	0.0	7.5	0.102
3317	0.0	7.5	0.306
3318	0.0	7.5	0.768
3319	0.0	7.5	2.076
3320	0.0	7.5	2.222
3321	0.0	7.5	2.232
3322	0.0	7.5	2.339
3323	0.0	7.5	2.232
3324	0.0	7.5	2.164
3325	0.0	7.5	2.003
3326	0.0	7.5	1.760
3327	0.0	7.5	1.604
3328	0.0	7.5	1.497
3329	0.0	7.5	1.556
3330	0.0	7.5	1.930
3331	0.0	7.5	2.154
3332	0.0	7.5	2.664
3333	0.0	7.5	2.737
3334	0.0	7.5	2.552
3335	0.0	7.5	1.536
3336	0.0	7.5	0.963
3337	0.0	7.5	0.666
3338	0.0	7.4	0.360
3339	0.0	7.4	0.141
3340	0.0	7.4	0.102
3341	0.0	7.4	0.306
3342	0.0	7.4	0.768
3343	0.0	7.4	2.076
3344	0.0	7.4	2.222
3345	0.0	7.4	2.232
3346	0.0	7.4	2.339
3347	0.0	7.4	2.232
3348	0.0	7.4	2.164
3349	0.0	7.4	2.003
3350	0.0	7.4	1.760
3351	0.0	7.4	1.604
3352	0.0	7.4	1.497
3353	0.0	7.4	1.556
3354	0.0	7.4	1.930
3355	0.0	7.4	2.154
3356	0.0	7.4	2.664
3357	0.0	7.3	2.737
3358	0.0	7.3	2.552
3359	0.0	7.3	1.536
3360	0.0	7.3	0.963
3361	0.0	7.3	0.666
3362	0.0	7.3	0.360
3363	0.0	7.3	0.141
3364	0.0	7.3	0.102
3365	0.0	7.3	0.306
3366	0.0	7.3	0.768
3367	0.0	7.3	2.076
3368	0.0	7.3	2.222
3369	0.0	7.3	2.232
3370	0.0	7.3	2.339
3371	0.0	7.3	2.232
3372	0.0	7.3	2.164
3373	0.0	7.2	2.003
3374	0.0	7.2	1.760
3375	0.0	7.2	1.604
3376	0.0	7.2	1.497
3377	0.0	7.2	1.556
3378	0.0	7.2	1.930
3379	0.0	7.2	2.154
3380	0.0	7.2	2.664
3381	0.0	7.2	2.737
3382	0.0	7.2	2.552
3383	0.0	7.2	1.536
3384	0.0	7.2	0.963
3385	0.0	7.2	0.666
3386	0.0	7.2	0.360
3387	0.0	7.2	0.141
3388	0.0	7.1	0.102
3389	0.0	7.1	0.306
3390	0.0	7.1	0.768
3391	0.0	7.1	2.076
3392	0.0	7.1	2.222
3393	0.0	7.1	2.232
3394	0.0	7.1	2.339
3395	0.0	7.1	2.232
3396	0.0	7.1	2.164
3397	0.0	7.1	2.003
3398	0.0	7.1	1.760
3399	0.0	7.1	1.604
3400	0.0	7.1	1.497
3401	0.0	7.1	1.556
3402	0.0	7.1	1.930
3403	0.0	7.1	2.154
3404	0.0	7.1	2.664
3405	0.0	7.1	2.737
3406	0.0	7.1	2.552
3407	0.0	7.1	1.536
3408	0.0	7.1	0.963
3409	0.0	7.1	0.666
3410	0.0	7.1	0.360
3411	0.0	7.1	0.141
3412	0.0	7.1	0.102
3413	0.0	7.1	0.306
3414	0.0	7.0	0.768
3415	0.0	7.0	2.076
3416	0.0	7.0	2.222
3417	0.0	7.0	2.232
3418	0.0	7.0	2.339
3419	0.0	7.0	2.232
3420	0.0	7.0	2.164
3421	0.0	7.0	2.003
3422	0.0	7.0	1.760
3423	0.0	7.0	1.604
3424	0.0	7.0	1.497
3425	0.0	7.0	1.556
3426	0.0	7.0	1.930
3427	0.0	7.0	2.154
3428	0.0	7.0	2.664
3429	0.0	7.0	2.737
3430	0.0	7.0	2.552
3431	0.0	7.0	1.536
3432	0.0	7.0	0.963
3433	0.0	7.0	0.666
3434	0.0	7.0	0.360
3435	0.0	7.0	0.141
3436	0.0	6.9	0.102
3437	0.0	6.9	0.306
3438	0.0	6.9	0.768
3439	0.0	6.9	2.076
3440	0.0	6.9	2.222
3441	0.0	6.9	2.232
3442	0.0	6.9	2.339
3443	0.0	6.9	2.232
3444	0.0	6.9	2.164
3445	0.0	6.9	2.003
3446	0.0	6.9	1.760
3447	0.0	6.9	1.604
3448	0.0	6.9	1.497
3449	0.0	6.9	1.556
3450	0.0	6.9	1.930
3451	0.0	6.9	2.154
3452	0.0	6.9	2.664
3453	0.0	6.9	2.737
3454	0.0	6.9	2.552
3455	0.0	6.9	1.536
3456	0.0	6.9	0.963
3457	0.0	6.8	0.666
3458	0.0	6.8	0.360
3459	0.0	6.8	0.141
3460	0.0	6.8	0.102
3461	0.0	6.8	0.306
3462	0.0	6.8	0.768
3463	0.0	6.8	2.076
3464	0.0	6.8	2.222
3465	0.0	6.8	2.232
3466	0.0	6.8	2.339
3467	0.0	6.8	2.232
3468	0.0	6.8	2.164
3469	0.0	6.8	2.003
3470	0.0	6.8	1.760
3471	0.0	6.8	1.604
3472	0.0	6.8	1.497
3473	0.0	6.8	1.556
3474	0.0	6.7	1.930
3475	0.0	6.7	2.154
3476	0.0	6.7	2.664
3477	0.0	6.7	2.737
3478	0.0	6.7	2.552
3479	0.0	6.7	1.536
3480	0.0	6.7	0.963
3481	0.0	6.7	0.666
3482	0.0	6.7	0.360
3483	0.0	6.7	0.141
3484	0.0	6.7	0.102
3485	0.0	6.7	0.306
3486	0.0	6.7	0.768
3487	0.0	6.7	2.076
3488	0.0	6.7	2.222
3489	0.0	6.7	2.232
3490	0.0	6.7	2.339
3491	0.0	6.7	2.232
3492	0.0	6.7	2.164
3493	0.0	6.7	2.003
3494	0.0	6.6	1.760
3495	0.0	6.6	1.604
3496	0.0	6.6	1.497
3497	0.0	6.6	1.556
3498	0.0	6.6	1.930
3499	0.0	6.6	2.154
3500	0.0	6.6	2.664
3501	0.0	6.6	2.737
3502	0.0	6.6	2.552
3503	0.0	6.6	1.536
3504	0.0	6.6	0.963
3505	0.0	6.6	0.666
3506	0.0	6.6	0.360
3507	0.0	6.6	0.141
3508	0.0	6.6	0.102
3509	0.0	6.6	0.306
3510	0.0	6.6	0.768
3511	0.0	6.5	2.076
3512	0.0	6.5	2.222
3513	0.0	6.5	2.232
3514	0.0	6.5	2.339
3515	0.0	6.5	2.232
3516	0.0	6.5	2.164
3517	0.0	6.5	2.003
3518	0.0	6.5	1.760
3519	0.0	6.5	1.604
3520	0.0	6.5	1.497
3521	0.0	6.5	1.556
3522	0.0	6.5	1.930
3523	0.0	6.5	2.154
3524	0.0	6.5	2.664
3525	0.0	6.5	2.737
3526	0.0	6.5	2.552
3527	0.0	6.5	1.536
3528	0.0	6.5	0.963
3529	0.0	6.5	0.666
3530	0.0	6.5	0.360
3531	0.0	6.4	0.141
3532	0.0	6.4	0.102
3533	0.0	6.4	0.306
3534	0.0	6.4	0.768
3535	0.0	6.4	2.076
3536	0.0	6.4	2.222
3537	0.0	6.4	2.232
3538	0.0	6.4	2.339
3539	0.0	6.4	2.232
3540	0.0	6.4	2.164
3541	0.0	6.4	2.003
3542	0.0	6.4	1.760
3543	0.0	6.4	1.604
3544	0.0	6.4	1.497
3545	0.0	6.4	1.556
3546	0.0	6.4	1.930
3547	0.0	6.4	2.154
3548	0.0	6.4	2.664
3549	0.0	6.3	2.737
3550	0.0	6.3	2.552
3551	0.0	6.3	1.536
3552	0.0	6.3	0.963
3553	0.0	6.3	0.666
3554	0.0	6.3	0.360
3555	0.0	6.3	0.141
3556	0.0	6.3	0.102
3557	0.0	6.3	0.306
3558	0.0	6.3	0.768
3559	0.0	6.3	2.076
3560	0.0	6.3	2.222
3561	0.0	6.3	2.232
3562	0.0	6.3	2.339
3563	0.0	6.3	2.232
3564	0.0	6.3	2.164
3565	0.0	6.3	2.003
3566	0.0	6.3	1.760
3567	0.0	6.3	1.604
3568	0.0	6.2	1.497
3569	0.0	6.2	1.556
3570	0.0	6.2	1.930
3571	0.0	6.2	2.154
3572	0.0	6.2	2.664
3573	0.0	6.2	2.737
3574	0.0	6.2	2.552
3575	0.0	6.2	1.536
3576	0.0	6.2	0.963
3577	0.0	6.2	0.666
3578	0.0	6.2	0.360
3579	0.0	6.2	0.141
3580	0.0	6.2	0.102
3581	0.0	6.2	0.306
3582	0.0	6.2	0.768
3583	0.0	6.2	2.076
3584	0.0	6.2	2.222
3585	0.0	6.2	2.232
3586	0.0	6.1	2.339
3587	0.0	6.1	2.232
3588	0.0	6.1	2.164
3589	0.0	6.1	2.003
3590	0.0	6.1	1.760
3591	0.0	6.1	1.604
3592	0.0	6.1	1.497
3593	0.0	6.1	1.556
3594	0.0	6.1	1.930
3595	0.0	6.1	2.154
3596	0.0	6.1	2.664
3597	0.0	6.1	2.737
3598	0.0	6.1	2.552
3599	0.0	6.1	1.536
3600	0.0	6.1	0.963
3601	0.0	6.1	0.666
3602	0.0	6.1	0.360
3603	0.0	6.1	0.141
3604	0.0	6.0	0.102
3605	0.0	6.0	0.306
3606	0.0	6.0	0.768
3607	0.0	6.0	2.076
3608	0.0	6.0	2.222
3609	0.0	6.0	2.232
3610	0.0	6.0	2.339
3611	0.0	6.0	2.232
3612	0.0	6.0	2.164
3613	0.0	6.0	2.003
3614	0.0	6.0	1.760
3615	0.0	6.0	1.604
3616	0.0	6.0	1.497
3617	0.0	6.0	1.556
3618	0.0	6.0	1.930
3619	0.0	6.0	2.154
3620	0.0	6.0	2.664
3621	0.0	6.0	2.737
3622	0.0	6.0	2.552
3623	0.0	5.9	1.536
3624	0.0	5.9	0.963
3625	0.0	5.9	0.666
3626	0.0	5.9	0.360
3627	0.0	5.9	0.141
3628	0.0	5.9	0.102
3629	0.0	5.9	0.306
3630	0.0	5.9	0.768
3631	0.0	5.9	2.076
3632	0.0	5.9	2.222
3633	0.0	5.9	2.232
3634	0.0	5.9	2.339
3635	0.0	5.9	2.232
3636	0.0	5.9	2.164
3637	0.0	5.9	2.003
3638	0.0	5.9	1.760
3639	0.0	5.8	1.604
3640	0.0	5.8	1.497
3641	0.0	5.8	1.556
3642	0.0	5.8	1.930
3643	0.0	5.8	2.154
3644	0.0	5.8	2.664
3645	0.0	5.8	2.737
3646	0.0	5.8	2.552
3647	0.0	5.8	1.536
3648	0.0	5.8	0.963
3649	0.0	5.8	0.666
3650	0.0	5.8	0.360
3651	0.0	5.8	0.141
3652	0.0	5.8	0.102
3653	0.0	5.8	0.306
3654	0.0	5.8	0.768
3655	0.0	5.8	2.076
3656	0.0	5.7	2.222
3657	0.0	5.7	2.232
3658	0.0	5.7	2.339
3659	0.0	5.7	2.232
3660	0.0	5.7	2.164
3661	0.0	5.7	2.003
3662	0.0	5.7	1.760
3663	0.0	5.7	1.604
3664	0.0	5.7	1.497
3665	0.0	5.7	1.556
3666	0.0	5.7	1.930
3667	0.0	5.7	2.154
3668	0.0	5.7	2.664
3669	0.0	5.7	2.737
3670	0.0	5.6	2.552
3671	0.0	5.6	1.536
3672	0.0	5.6	0.963
3673	0.0	5.6	0.666
3674	0.0	5.6	0.360
3675	0.0	5.6	0.141
3676	0.0	5.6	0.102
3677	0.0	5.6	0.306
3678	0.0	5.6	0.768
3679	0.0	5.6	2.076
3680	0.0	5.6	2.222
3681	0.0	5.6	2.232
3682	0.0	5.6	2.339
3683	0.0	5.6	2.232
3684	0.0	5.6	2.164
3685	0.0	5.6	2.003
3686	0.0	5.6	1.760
3687	0.0	5.5	1.604
3688	0.0	5.5	1.497
3689	0.0	5.5	1.556
3690	0.0	5.5	1.930
3691	0.0	5.5	2.154
3692	0.0	5.5	2.664
3693	0.0	5.5	2.737
3694	0.0	5.5	2.552
3695	0.0	5.5	1.536
3696	0.0	5.5	0.963
3697	0.0	5.5	0.666
3698	0.0	5.5	0.360
3699	0.0	5.4	0.141
3700	0.0	5.4	0.102
3701	0.0	5.4	0.306
3702	0.0	5.4	0.768
3703	0.0	5.4	2.076
3704	0.0	5.4	2.222
3705	0.0	5.4	2.232
3706	0.0	5.4	2.339
3707	0.0	5.4	2.232
3708	0.0	5.4	2.164
3709	0.0	5.4	2.003
3710	0.0	5.4	1.760
3711	0.0	5.4	1.604
3712	0.0	5.4	1.497
3713	0.0	5.4	1.556
3714	0.0	5.4	1.930
3715	0.0	5.4	2.154
3716	0.0	5.4	2.664
3717	0.0	5.3	2.737
3718	0.0	5.3	2.552
3719	0.0	5.3	1.536
3720	0.0	5.3	0.963
3721	0.0	5.3	0.666
3722	0.0	5.3	0.360
3723	0.0	5.3	0.141
3724	0.0	5.3	0.102
3725	0.0	5.3	0.306
3726	0.0	5.3	0.768
3727	0.0	5.3	2.076
3728	0.0	5.3	2.222
3729	0.0	5.3	2.232
3730	0.0	5.3	2.339
3731	0.0	5.3	2.232
3732	0.0	5.2	2.164
3733	0.0	5.2	2.003
3734	0.0	5.2	1.760
3735	0.0	5.2	1.604
3736	0.0	5.2	1.497
3737	0.0	5.2	1.556
3738	0.0	5.2	1.930
3739	0.0	5.2	2.154
3740	0.0	5.2	2.664
3741	0.0	5.2	2.737
3742	0.0	5.2	2.552
3743	0.0	5.2	1.536
3744	0.0	5.2	0.963
3745	0.0	5.2	0.666
3746	0.0	5.2	0.360
3747	0.0	5.2	0.141
3748	0.0	5.2	0.102
3749	0.0	5.2	0.306
3750	0.0	5.2	0.768
3751	0.0	5.2	2.076
3752	0.0	5.2	2.222
3753	0.0	5.1	2.232
3754	0.0	5.1	2.339
3755	0.0	5.1	2.232
3756	0.0	5.1	2.164
3757	0.0	5.1	2.003
3758	0.0	5.1	1.760
3759	0.0	5.1	1.604
3760	0.0	5.1	1.497
3761	0.0	5.1	1.556
3762	0.0	5.1	1.930
3763	0.0	5.1	2.154
3764	0.0	5.1	2.664
3765	0.0	5.1	2.737
3766	0.0	5.1	2.552
3767	0.0	5.1	1.536
3768	0.0	5.1	0.963
3769	0.0	5.1	0.666
3770	0.0	5.1	0.360
3771	0.0	5.1	0.141
3772	0.0	5.1	0.102
3773	0.0	5.1	0.306
3774	0.0	5.1	0.768
3775	0.0	5.1	2.076
3776	0.0	5.1	2.222
3777	0.0	5.0	2.232
3778	0.0	5.0	2.339
3779	0.0	5.0	2.232
3780	0.0	5.0	2.164
3781	0.0	5.0	2.003
3782	0.0	5.0	1.760
3783	0.0	5.0	1.604
3784	0.0	5.0	1.497
3785	0.0	5.0	1.556
3786	0.0	5.0	1.930
3787	0.0	5.0	2.154
3788	0.0	5.0	2.664
3789	0.0	5.0	2.737
3790	0.0	5.0	2.552
3791	0.0	5.0	1.536
3792	0.0	5.0	0.963
3793	0.0	5.0	0.666
3794	0.0	5.0	0.360
3795	0.0	5.0	0.141
3796	0.0	5.0	0.102
3797	0.0	5.0	0.306
3798	0.0	5.0	0.768
3799	0.0	5.0	2.076
3800	0.0	5.0	2.222
3801	0.0	5.0	2.232
3802	0.0	5.0	2.339
3803	0.0	5.0	2.232
3804	0.0	5.0	2.164
3805	0.0	4.9	2.003
3806	0.0	4.9	1.760
3807	0.0	4.9	1.604
3808	0.0	4.9	1.497
3809	0.0	4.9	1.556
3810	0.0	4.9	1.930
3811	0.0	4.9	2.154
3812	0.0	4.9	2.664
3813	0.0	4.9	2.737
3814	0.0	4.9	2.552
3815	0.0	4.9	1.536
3816	0.0	4.9	0.963
3817	0.0	4.9	0.666
3818	0.0	4.9	0.360
3819	0.0	4.9	0.141
3820	0.0	4.9	0.102
3821	0.0	4.9	0.306
3822	0.0	4.9	0.768
3823	0.0	4.9	2.076
3824	0.0	4.9	2.222
3825	0.0	4.8	2.232
3826	0.0	4.8	2.339
3827	0.0	4.8	2.232
3828	0.0	4.8	2.164
3829	0.0	4.8	2.003
3830	0.0	4.8	1.760
3831	0.0	4.8	1.604
3832	0.0	4.8	1.497
3833	0.0	4.8	1.556
3834	0.0	4.8	1.930
3835	0.0	4.8	2.154
3836	0.0	4.8	2.664
3837	0.0	4.8	2.737
3838	0.0	4.8	2.552
3839	0.0	4.8	1.536
3840	0.0	4.8	0.963
3841	0.0	4.8	0.666
3842	0.0	4.8	0.360
3843	0.0	4.8	0.141
3844	0.0	4.8	0.102
3845	0.0	4.8	0.306
3846	0.0	4.8	0.768
3847	0.0	4.7	2.076
3848	0.0	4.7	2.222
3849	0.0	4.7	2.232
3850	0.0	4.7	2.339
3851	0.0	4.7	2.232
3852	0.0	4.7	2.164
3853	0.0	4.7	2.003
3854	0.0	4.7	1.760
3855	0.0	4.7	1.604
3856	0.0	4.7	1.497
3857	0.0	4.7	1.556
3858	0.0	4.7	1.930
3859	0.0	4.7	2.154
3860	0.0	4.7	2.664
3861	0.0	4.7	2.737
3862	0.0	4.7	2.552
3863	0.0	4.7	1.536
3864	0.0	4.7	0.963
3865	0.0	4.7	0.666
3866	0.0	4.7	0.360
3867	0.0	4.7	0.141
3868	0.0	4.6	0.102
3869	0.0	4.6	0.306
3870	0.0	4.6	0.768
3871	0.0	4.6	2.076
3872	0.0	4.6	2.222
3873	0.0	4.6	2.232
3874	0.0	4.6	2.339
3875	0.0	4.6	2.232
3876	0.0	4.6	2.164
3877	0.0	4.6	2.003
3878	0.0	4.6	1.760
3879	0.0	4.6	1.604
3880	0.0	4.6	1.497
3881	0.0	4.6	1.556
3882	0.0	4.6	1.930
3883	0.0	4.6	2.154
3884	0.0	4.6	2.664
3885	0.0	4.6	2.737
3886	0.0	4.6	2.552
3887	0.0	4.6	1.536
3888	0.0	4.6	0.963
3889	0.0	4.6	0.666
3890	0.0	4.6	0.360
3891	0.0	4.6	0.141
3892	0.0	4.6	0.102
3893	0.0	4.5	0.306
3894	0.0	4.5	0.768
3895	0.0	4.5	2.076
3896	0.0	4.5	2.222
3897	0.0	4.5	2.232
3898	0.0	4.5	2.339
3899	0.0	4.5	2.232
3900	0.0	4.5	2.164
3901	0.0	4.5	2.003
3902	0.0	4.5	1.760
3903	0.0	4.5	1.604
3904	0.0	4.5	1.497
3905	0.0	4.5	1.556
3906	0.0	4.5	1.930
3907	0.0	4.5	2.154
3908	0.0	4.5	2.664
3909	0.0	4.5	2.737
3910	0.0	4.5	2.552
3911	0.0	4.5	1.536
3912	0.0	4.5	0.963
3913	0.0	4.5	0.666
3914	0.0	4.5	0.360
3915	0.0	4.5	0.141
3916	0.0	4.4	0.102
3917	0.0	4.4	0.306
3918	0.0	4.4	0.768
3919	0.0	4.4	2.076
3920	0.0	4.4	2.222
3921	0.0	4.4	2.232
3922	0.0	4.4	2.339
3923	0.0	4.4	2.232
3924	0.0	4.4	2.164
3925	0.0	4.4	2.003
3926	0.0	4.4	1.760
3927	0.0	4.4	1.604
3928	0.0	4.4	1.497
3929	0.0	4.4	1.556
3930	0.0	4.4	1.930
3931	0.0	4.4	2.154
3932	0.0	4.4	2.664
3933	0.0	4.4	2.737
3934	0.0	4.4	2.552
3935	0.0	4.4	1.536
3936	0.0	4.4	0.963
3937	0.0	4.4	0.666
3938	0.0	4.4	0.360
3939	0.0	4.3	0.141
3940	0.0	4.3	0.102
3941	0.0	4.3	0.306
3942	0.0	4.3	0.768
3943	0.0	4.3	2.076
3944	0.0	4.3	2.222
3945	0.0	4.3	2.232
3946	0.0	4.3	2.339
3947	0.0	4.3	2.232
3948	0.0	4.3	2.164
3949	0.0	4.3	2.003
3950	0.0	4.3	1.760
3951	0.0	4.3	1.604
3952	0.0	4.3	1.497
3953	0.0	4.3	1.556
3954	0.0	4.3	1.930
3955	0.0	4.3	2.154
3956	0.0	4.3	2.664
3957	0.0	4.3	2.737
3958	0.0	4.3	2.552
3959	0.0	4.3	1.536
3960	0.0	4.3	0.963
3961	0.0	4.3	0.666
3962	0.0	4.3	0.360
3963	0.0	4.3	0.141
3964	0.0	4.3	0.102
3965	0.0	4.3	0.306
3966	0.0	4.3	0.768
3967	0.0	4.3	2.076
3968	0.0	4.3	2.222
3969	0.0	4.3	2.232
3970	0.0	4.3	2.339
3971	0.0	4.3	2.232
3972	0.0	4.3	2.164
3973	0.0	4.3	2.003
3974	0.0	4.3	1.760
3975	0.0	4.3	1.604
3976	0.0	4.3	1.497
3977	0.0	4.3	1.556
3978	0.0	4.3	1.930
3979	0.0	4.3	2.154
3980	0.0	4.3	2.664
3981	0.0	4.3	2.737
3982	0.0	4.3	2.552
3983	0.0	4.2	1.536
3984	0.0	4.2	0.963
3985	0.0	4.2	0.666
3986	0.0	4.2	0.360
3987	0.0	4.2	0.141
3988	0.0	4.2	0.102
3989	0.0	4.2	0.306
3990	0.0	4.2	0.768
3991	0.0	4.2	2.076
3992	0.0	4.2	2.222
3993	0.0	4.2	2.232
3994	0.0	4.2	2.339
3995	0.0	4.2	2.232
3996	0.0	4.2	2.164
3997	0.0	4.2	2.003
3998	0.0	4.2	1.760
3999	0.0	4.2	1.604
4000	0.0	4.2	1.497
4001	0.0	4.2	1.556
4002	0.0	4.2	1.930
4003	0.0	4.2	2.154
4004	0.0	4.2	2.664
4005	0.0	4.2	2.737
4006	0.0	4.2	2.552
4007	0.0	4.2	1.536
4008	0.0	4.2	0.963
4009	0.0	4.2	0.666
4010	0.0	4.2	0.360
4011	0.0	4.2	0.141
4012	0.0	4.2	0.102
4013	0.0	4.1	0.306
4014	0.0	4.1	0.768
4015	0.0	4.1	2.076
4016	0.0	4.1	2.222
4017	0.0	4.1	2.232
4018	0.0	4.1	2.339
4019	0.0	4.1	2.232
4020	0.0	4.1	2.164
4021	0.0	4.1	2.003
4022	0.0	4.1	1.760
4023	0.0	4.1	1.604
4024	0.0	4.1	1.497
4025	0.0	4.1	1.556
4026	0.0	4.1	1.930
4027	0.0	4.1	2.154
4028	0.0	4.1	2.664
4029	0.0	4.1	2.737
4030	0.0	4.1	2.552
4031	0.0	4.1	1.536
4032	0.0	4.1	0.963
4033	0.0	4.1	0.666
4034	0.0	4.1	0.360
4035	0.0	4.1	0.141
4036	0.0	4.1	0.102
4037	0.0	4.1	0.306
4038	0.0	4.1	0.768
4039	0.0	4.1	2.076
4040	0.0	4.1	2.222
4041	0.0	4.1	2.232
4042	0.0	4.1	2.339
4043	0.0	4.1	2.232
4044	0.0	4.0	2.164
4045	0.0	4.0	2.003
4046	0.0	4.0	1.760
4047	0.0	4.0	1.604
4048	0.0	4.0	1.497
4049	0.0	4.0	1.556
4050	0.0	4.0	1.930
4051	0.0	4.0	2.154
4052	0.0	4.0	2.664
4053	0.0	4.0	2.737
4054	0.0	4.0	2.552
4055	0.0	4.0	1.536
4056	0.0	4.0	0.963
4057	0.0	4.0	0.666
4058	0.0	4.0	0.360
4059	0.0	4.0	0.141
4060	0.0	4.0	0.102
4061	0.0	4.0	0.306
4062	0.0	4.0	0.768
4063	0.0	4.0	2.076
4064	0.0	4.0	2.222
4065	0.0	4.0	2.232
4066	0.0	4.0	2.339
4067	0.0	4.0	2.232
4068	0.0	4.0	2.164
4069	0.0	4.0	2.003
4070	0.0	4.0	1.760
4071	0.0	4.0	1.604
4072	0.0	4.0	1.497
4073	0.0	4.0	1.556
4074	0.0	4.0	1.930
4075	0.0	4.0	2.154
4076	0.0	4.0	2.664
4077	0.0	4.0	2.737
4078	0.0	4.0	2.552
4079	0.0	4.0	1.536
4080	0.0	4.0	0.963
4081	0.0	4.0	0.666
4082	0.0	4.0	0.360
4083	0.0	4.0	0.141
4084	0.0	4.0	0.102
4085	0.0	4.0	0.306
4086	0.0	4.0	0.768
4087	0.0	4.0	2.076
4088	0.0	4.0	2.222
4089	0.0	4.0	2.232
4090	0.0	4.0	2.339
4091	0.0	4.0	2.232
4092	0.0	4.0	2.164
4093	0.0	4.0	2.003
4094	0.0	4.0	1.760
4095	0.0	4.0	1.604
4096	0.0	3.9	1.497
4097	0.0	3.9	1.556
4098	0.0	3.9	1.930
4099	0.0	3.9	2.154
4100	0.0	3.9	2.664
4101	0.0	3.9	2.737
4102	0.0	3.9	2.552
4103	0.0	3.9	1.536
4104	0.0	3.9	0.963
4105	0.0	3.9	0.666
4106	0.0	3.9	0.360
4107	0.0	3.9	0.141
4108	0.0	3.9	0.102
4109	0.0	3.9	0.306
4110	0.0	3.9	0.768
4111	0.0	3.9	2.076
4112	0.0	3.9	2.222
4113	0.0	3.9	2.232
4114	0.0	3.9	2.339
4115	0.0	3.9	2.232
4116	0.0	3.9	2.164
4117	0.0	3.9	2.003
4118	0.0	3.9	1.760
4119	0.0	3.9	1.604
4120	0.0	3.9	1.497
4121	0.0	3.9	1.556
4122	0.0	3.9	1.930
4123	0.0	3.9	2.154
4124	0.0	3.9	2.664
4125	0.0	3.9	2.737
4126	0.0	3.9	2.552
4127	0.0	3.9	1.536
4128	0.0	3.9	0.963
4129	0.0	3.9	0.666
4130	0.0	3.9	0.360
4131	0.0	3.9	0.141
4132	0.0	3.9	0.102
4133	0.0	3.9	0.306
4134	0.0	3.9	0.768
4135	0.0	3.8	2.076
4136	0.0	3.8	2.222
4137	0.0	3.8	2.232
4138	0.0	3.8	2.339
4139	0.0	3.8	2.232
4140	0.0	3.8	2.164
4141	0.0	3.8	2.003
4142	0.0	3.8	1.760
4143	0.0	3.8	1.604
4144	0.0	3.8	1.497
4145	0.0	3.8	1.556
4146	0.0	3.8	1.930
4147	0.0	3.8	2.154
4148	0.0	3.8	2.664
4149	0.0	3.8	2.737
4150	0.0	3.8	2.552
4151	0.0	3.8	1.536
4152	0.0	3.8	0.963
4153	0.0	3.8	0.666
4154	0.0	3.8	0.360
4155	0.0	3.8	0.141
4156	0.0	3.8	0.102
4157	0.0	3.8	0.306
4158	0.0	3.8	0.768
4159	0.0	3.8	2.076
4160	0.0	3.8	2.222
4161	0.0	3.8	2.232
4162	0.0	3.8	2.339
4163	0.0	3.8	2.232
4164	0.0	3.8	2.164
4165	0.0	3.8	2.003
4166	0.0	3.8	1.760
4167	0.0	3.8	1.604
4168	0.0	3.8	1.497
4169	0.0	3.8	1.556
4170	0.0	3.8	1.930
4171	0.0	3.8	2.154
4172	0.0	3.8	2.664
4173	0.0	3.8	2.737
4174	0.0	3.8	2.552
4175	0.0	3.8	1.536
4176	0.0	3.8	0.963
4177	0.0	3.8	0.666
4178	0.0	3.8	0.360
4179	0.0	3.8	0.141
4180	0.0	3.8	0.102
4181	0.0	3.8	0.306
4182	0.0	3.8	0.768
4183	0.0	3.8	2.076
4184	0.0	3.8	2.222
4185	0.0	3.8	2.232
4186	0.0	3.8	2.339
4187	0.0	3.8	2.232
4188	0.0	3.8	2.164
4189	0.0	3.8	2.003
4190	0.0	3.8	1.760
4191	0.0	3.8	1.604
4192	0.0	3.7	1.497
4193	0.0	3.7	1.556
4194	0.0	3.7	1.930
4195	0.0	3.7	2.154
4196	0.0	3.7	2.664
4197	0.0	3.7	2.737
4198	0.0	3.7	2.552
4199	0.0	3.7	1.536
4200	0.0	3.7	0.963
4201	0.0	3.7	0.666
4202	0.0	3.7	0.360
4203	0.0	3.7	0.141
4204	0.0	3.7	0.102
4205	0.0	3.7	0.306
4206	0.0	3.7	0.768
4207	0.0	3.7	2.076
4208	0.0	3.7	2.222
4209	0.0	3.7	2.232
4210	0.0	3.7	2.339
4211	0.0	3.7	2.232
4212	0.0	3.7	2.164
4213	0.0	3.7	2.003
4214	0.0	3.7	1.760
4215	0.0	3.7	1.604
4216	0.0	3.7	1.497
4217	0.0	3.7	1.556
4218	0.0	3.7	1.930
4219	0.0	3.7	2.154
4220	0.0	3.7	2.664
4221	0.0	3.7	2.737
4222	0.0	3.7	2.552
4223	0.0	3.7	1.536
4224	0.0	3.7	0.963
4225	0.0	3.7	0.666
4226	0.0	3.7	0.360
4227	0.0	3.7	0.141
4228	0.0	3.7	0.102
4229	0.0	3.6	0.306
4230	0.0	3.6	0.768
4231	0.0	3.6	2.076
4232	0.0	3.6	2.222
4233	0.0	3.6	2.232
4234	0.0	3.6	2.339
4235	0.0	3.6	2.232
4236	0.0	3.6	2.164
4237	0.0	3.6	2.003
4238	0.0	3.6	1.760
4239	0.0	3.6	1.604
4240	0.0	3.6	1.497
4241	0.0	3.6	1.556
4242	0.0	3.6	1.930
4243	0.0	3.6	2.154
4244	0.0	3.6	2.664
4245	0.0	3.6	2.737
4246	0.0	3.6	2.552
4247	0.0	3.6	1.536
4248	0.0	3.6	0.963
4249	0.0	3.6	0.666
4250	0.0	3.6	0.360
4251	0.0	3.6	0.141
4252	0.0	3.6	0.102
4253	0.0	3.6	0.306
4254	0.0	3.6	0.768
4255	0.0	3.6	2.076
4256	0.0	3.6	2.222
4257	0.0	3.6	2.232
4258	0.0	3.6	2.339
4259	0.0	3.6	2.232
4260	0.0	3.6	2.164
4261	0.0	3.6	2.003
4262	0.0	3.6	1.760
4263	0.0	3.6	1.604
4264	0.0	3.6	1.497
4265	0.0	3.6	1.556
4266	0.0	3.6	1.930
4267	0.0	3.6	2.154
4268	0.0	3.6	2.664
4269	0.0	3.5	2.737
4270	0.0	3.5	2.552
4271	0.0	3.5	1.536
4272	0.0	3.5	0.963
4273	0.0	3.5	0.666
4274	0.0	3.5	0.360
4275	0.0	3.5	0.141
4276	0.0	3.5	0.102
4277	0.0	3.5	0.306
4278	0.0	3.5	0.768
4279	0.0	3.5	2.076
4280	0.0	3.5	2.222
4281	0.0	3.5	2.232
4282	0.0	3.5	2.339
4283	0.0	3.5	2.232
4284	0.0	3.5	2.164
4285	0.0	3.5	2.003
4286	0.0	3.5	1.760
4287	0.0	3.5	1.604
4288	0.0	3.5	1.497
4289	0.0	3.5	1.556
4290	0.0	3.5	1.930
4291	0.0	3.5	2.154
4292	0.0	3.5	2.664
4293	0.0	3.5	2.737
4294	0.0	3.5	2.552
4295	0.0	3.5	1.536
4296	0.0	3.5	0.963
4297	0.0	3.5	0.666
4298	0.0	3.5	0.360
4299	0.0	3.5	0.141
4300	0.0	3.5	0.102
4301	0.0	3.5	0.306
4302	0.0	3.5	0.768
4303	0.0	3.5	2.076
4304	0.0	3.5	2.222
4305	0.0	3.5	2.232
4306	0.0	3.5	2.339
4307	0.0	3.5	2.232
4308	0.0	3.5	2.164
4309	0.0	3.5	2.003
4310	0.0	3.5	1.760
4311	0.0	3.5	1.604
4312	0.0	3.5	1.497
4313	0.0	3.5	1.556
4314	0.0	3.4	1.930
4315	0.0	3.4	2.154
4316	0.0	3.4	2.664
4317	0.0	3.4	2.737
4318	0.0	3.4	2.552
4319	0.0	3.4	1.536
4320	0.0	3.4	0.963
4321	0.0	3.4	0.666
4322	0.0	3.4	0.360
4323	0.0	3.4	0.141
4324	0.0	3.4	0.102
4325	0.0	3.4	0.306
4326	0.0	3.4	0.768
4327	0.0	3.4	2.076
4328	0.0	3.4	2.222
4329	0.0	3.4	2.232
4330	0.0	3.4	2.339
4331	0.0	3.4	2.232
4332	0.0	3.4	2.164
4333	0.0	3.4	2.003
4334	0.0	3.4	1.760
4335	0.0	3.4	1.604
4336	0.0	3.4	1.497
4337	0.0	3.4	1.556
4338	0.0	3.4	1.930
4339	0.0	3.4	2.154
4340	0.0	3.4	2.664
4341	0.0	3.4	2.737
4342	0.0	3.4	2.552
4343	0.0	3.4	1.536
4344	0.0	3.4	0.963
4345	0.0	3.4	0.666
4346	0.0	3.4	0.360
4347	0.0	3.3	0.141
4348	0.0	3.3	0.102
4349	0.0	3.3	0.306
4350	0.0	3.3	0.768
4351	0.0	3.3	2.076
4352	0.0	3.3	2.222
4353	0.0	3.3	2.232
4354	0.0	3.3	2.339
4355	0.0	3.3	2.232
4356	0.0	3.3	2.164
4357	0.0	3.3	2.003
4358	0.0	3.3	1.760
4359	0.0	3.3	1.604
4360	0.0	3.3	1.497
4361	0.0	3.3	1.556
4362	0.0	3.3	1.930
4363	0.0	3.3	2.154
4364	0.0	3.3	2.664
4365	0.0	3.3	2.737
4366	0.0	3.3	2.552
4367	0.0	3.3	1.536
4368	0.0	3.3	0.963
4369	0.0	3.3	0.666
4370	0.0	3.3	0.360
4371	0.0	3.3	0.141
4372	0.0	3.3	0.102
4373	0.0	3.3	0.306
4374	0.0	3.3	0.768
4375	0.0	3.3	2.076
4376	0.0	3.3	2.222
4377	0.0	3.3	2.232
4378	0.0	3.2	2.339
4379	0.0	3.2	2.232
4380	0.0	3.2	2.164
4381	0.0	3.2	2.003
4382	0.0	3.2	1.760
4383	0.0	3.2	1.604
4384	0.0	3.2	1.497
4385	0.0	3.2	1.556
4386	0.0	3.2	1.930
4387	0.0	3.2	2.154
4388	0.0	3.2	2.664
4389	0.0	3.2	2.737
4390	0.0	3.2	2.552
4391	0.0	3.2	1.536
4392	0.0	3.2	0.963
4393	0.0	3.2	0.666
4394	0.0	3.2	0.360
4395	0.0	3.2	0.141
4396	0.0	3.2	0.102
4397	0.0	3.2	0.306
4398	0.0	3.2	0.768
4399	0.0	3.2	2.076
4400	0.0	3.2	2.222
4401	0.0	3.2	2.232
4402	0.0	3.2	2.339
4403	0.0	3.2	2.232
4404	0.0	3.2	2.164
4405	0.0	3.2	2.003
4406	0.0	3.2	1.760
4407	0.0	3.2	1.604
4408	0.0	3.2	1.497
4409	0.0	3.2	1.556
4410	0.0	3.2	1.930
4411	0.0	3.2	2.154
4412	0.0	3.2	2.664
4413	0.0	3.2	2.737
4414	0.0	3.1	2.552
4415	0.0	3.1	1.536
4416	0.0	3.1	0.963
4417	0.0	3.1	0.666
4418	0.0	3.1	0.360
4419	0.0	3.1	0.141
4420	0.0	3.1	0.102
4421	0.0	3.1	0.306
4422	0.0	3.1	0.768
4423	0.0	3.1	2.076
4424	0.0	3.1	2.222
4425	0.0	3.1	2.232
4426	0.0	3.1	2.339
4427	0.0	3.1	2.232
4428	0.0	3.1	2.164
4429	0.0	3.1	2.003
4430	0.0	3.1	1.760
4431	0.0	3.1	1.604
4432	0.0	3.1	1.497
4433	0.0	3.1	1.556
4434	0.0	3.1	1.930
4435	0.0	3.1	2.154
4436	0.0	3.1	2.664
4437	0.0	3.1	2.737
4438	0.0	3.1	2.552
4439	0.0	3.1	1.536
4440	0.0	3.1	0.963
4441	0.0	3.1	0.666
4442	0.0	3.0	0.360
4443	0.0	3.0	0.141
4444	0.0	3.0	0.102
4445	0.0	3.0	0.306
4446	0.0	3.0	0.768
4447	0.0	3.0	2.076
4448	0.0	3.0	2.222
4449	0.0	3.0	2.232
4450	0.0	3.0	2.339
4451	0.0	3.0	2.232
4452	0.0	3.0	2.164
4453	0.0	3.0	2.003
4454	0.0	3.0	1.760
4455	0.0	3.0	1.604
4456	0.0	3.0	1.497
4457	0.0	3.0	1.556
4458	0.0	3.0	1.930
4459	0.0	3.0	2.154
4460	0.0	3.0	2.664
4461	0.0	3.0	2.737
4462	0.0	3.0	2.552
4463	0.0	3.0	1.536
4464	0.0	3.0	0.963
4465	0.0	3.0	0.666
4466	0.0	3.0	0.360
4467	0.0	3.0	0.141
4468	0.0	3.0	0.102
4469	0.0	3.0	0.306
4470	0.0	3.0	0.768
4471	0.0	3.0	2.076
4472	0.0	3.0	2.222
4473	0.0	3.0	2.232
4474	0.0	2.9	2.339
4475	0.0	2.9	2.232
4476	0.0	2.9	2.164
4477	0.0	2.9	2.003
4478	0.0	2.9	1.760
4479	0.0	2.9	1.604
4480	0.0	2.9	1.497
4481	0.0	2.9	1.556
4482	0.0	2.9	1.930
4483	0.0	2.9	2.154
4484	0.0	2.9	2.664
4485	0.0	2.9	2.737
4486	0.0	2.9	2.552
4487	0.0	2.9	1.536
4488	0.0	2.9	0.963
4489	0.0	2.9	0.666
4490	0.0	2.9	0.360
4491	0.0	2.9	0.141
4492	0.0	2.9	0.102
4493	0.0	2.9	0.306
4494	0.0	2.9	0.768
4495	0.0	2.9	2.076
4496	0.0	2.9	2.222
4497	0.0	2.9	2.232
4498	0.0	2.9	2.339
4499	0.0	2.9	2.232
4500	0.0	2.9	2.164
4501	0.0	2.9	2.003
4502	0.0	2.9	1.760
4503	0.0	2.9	1.604
4504	0.0	2.9	1.497
4505	0.0	2.9	1.556
4506	0.0	2.9	1.930
4507	0.0	2.9	2.154
4508	0.0	2.9	2.664
4509	0.0	2.9	2.737
4510	0.0	2.9	2.552
4511	0.0	2.9	1.536
4512	0.0	2.9	0.963
4513	0.0	2.9	0.666
4514	0.0	2.9	0.360
4515	0.0	2.9	0.141
4516	0.0	2.9	0.102
4517	0.0	2.8	0.306
4518	0.0	2.8	0.768
4519	0.0	2.8	2.076
4520	0.0	2.8	2.222
4521	0.0	2.8	2.232
4522	0.0	2.8	2.339
4523	0.0	2.8	2.232
4524	0.0	2.8	2.164
4525	0.0	2.8	2.003
4526	0.0	2.8	1.760
4527	0.0	2.8	1.604
4528	0.0	2.8	1.497
4529	0.0	2.8	1.556
4530	0.0	2.8	1.930
4531	0.0	2.8	2.154
4532	0.0	2.8	2.664
4533	0.0	2.8	2.737
4534	0.0	2.8	2.552
4535	0.0	2.8	1.536
4536	0.0	2.8	0.963
4537	0.0	2.8	0.666
4538	0.0	2.8	0.360
4539	0.0	2.8	0.141
4540	0.0	2.8	0.102
4541	0.0	2.8	0.306
4542	0.0	2.8	0.768
4543	0.0	2.8	2.076
4544	0.0	2.8	2.222
4545	0.0	2.8	2.232
4546	0.0	2.8	2.339
4547	0.0	2.8	2.232
4548	0.0	2.8	2.164
4549	0.0	2.8	2.003
4550	0.0	2.8	1.760
4551	0.0	2.8	1.604
4552	0.0	2.8	1.497
4553	0.0	2.8	1.556
4554	0.0	2.8	1.930
4555	0.0	2.8	2.154
4556	0.0	2.8	2.664
4557	0.0	2.8	2.737
4558	0.0	2.8	2.552
4559	0.0	2.8	1.536
4560	0.0	2.8	0.963
4561	0.0	2.7	0.666
4562	0.0	2.7	0.360
4563	0.0	2.7	0.141
4564	0.0	2.7	0.102
4565	0.0	2.7	0.306
4566	0.0	2.7	0.768
4567	0.0	2.7	2.076
4568	0.0	2.7	2.222
4569	0.0	2.7	2.232
4570	0.0	2.7	2.339
4571	0.0	2.7	2.232
4572	0.0	2.7	2.164
4573	0.0	2.7	2.003
4574	0.0	2.7	1.760
4575	0.0	2.7	1.604
4576	0.0	2.7	1.497
4577	0.0	2.7	1.556
4578	0.0	2.7	1.930
4579	0.0	2.7	2.154
4580	0.0	2.7	2.664
4581	0.0	2.7	2.737
4582	0.0	2.7	2.552
4583	0.0	2.7	1.536
4584	0.0	2.7	0.963
4585	0.0	2.7	0.666
4586	0.0	2.7	0.360
4587	0.0	2.7	0.141
4588	0.0	2.7	0.102
4589	0.0	2.7	0.306
4590	0.0	2.7	0.768
4591	0.0	2.6	2.076
4592	0.0	2.6	2.222
4593	0.0	2.6	2.232
4594	0.0	2.6	2.339
4595	0.0	2.6	2.232
4596	0.0	2.6	2.164
4597	0.0	2.6	2.003
4598	0.0	2.6	1.760
4599	0.0	2.6	1.604
4600	0.0	2.6	1.497
4601	0.0	2.6	1.556
4602	0.0	2.6	1.930
4603	0.0	2.6	2.154
4604	0.0	2.6	2.664
4605	0.0	2.6	2.737
4606	0.0	2.6	2.552
4607	0.0	2.6	1.536
4608	0.0	2.6	0.963
4609	0.0	2.6	0.666
4610	0.0	2.6	0.360
4611	0.0	2.6	0.141
4612	0.0	2.6	0.102
4613	0.0	2.6	0.306
4614	0.0	2.6	0.768
4615	0.0	2.6	2.076
4616	0.0	2.6	2.222
4617	0.0	2.6	2.232
4618	0.0	2.6	2.339
4619	0.0	2.6	2.232
4620	0.0	2.6	2.164
4621	0.0	2.6	2.003
4622	0.0	2.6	1.760
4623	0.0	2.6	1.604
4624	0.0	2.6	1.497
4625	0.0	2.6	1.556
4626	0.0	2.6	1.930
4627	0.0	2.6	2.154
4628	0.0	2.5	2.664
4629	0.0	2.5	2.737
4630	0.0	2.5	2.552
4631	0.0	2.5	1.536
4632	0.0	2.5	0.963
4633	0.0	2.5	0.666
4634	0.0	2.5	0.360
4635	0.0	2.5	0.141
4636	0.0	2.5	0.102
4637	0.0	2.5	0.306
4638	0.0	2.5	0.768
4639	0.0	2.5	2.076
4640	0.0	2.5	2.222
4641	0.0	2.5	2.232
4642	0.0	2.5	2.339
4643	0.0	2.5	2.232
4644	0.0	2.5	2.164
4645	0.0	2.5	2.003
4646	0.0	2.5	1.760
4647	0.0	2.5	1.604
4648	0.0	2.5	1.497
4649	0.0	2.5	1.556
4650	0.0	2.5	1.930
4651	0.0	2.5	2.154
4652	0.0	2.5	2.664
4653	0.0	2.5	2.737
4654	0.0	2.5	2.552
4655	0.0	2.5	1.536
4656	0.0	2.5	0.963
4657	0.0	2.5	0.666
4658	0.0	2.4	0.360
4659	0.0	2.4	0.141
4660	0.0	2.4	0.102
4661	0.0	2.4	0.306
4662	0.0	2.4	0.768
4663	0.0	2.4	2.076
4664	0.0	2.4	2.222
4665	0.0	2.4	2.232
4666	0.0	2.4	2.339
4667	0.0	2.4	2.232
4668	0.0	2.4	2.164
4669	0.0	2.4	2.003
4670	0.0	2.4	1.760
4671	0.0	2.4	1.604
4672	0.0	2.4	1.497
4673	0.0	2.4	1.556
4674	0.0	2.4	1.930
4675	0.0	2.4	2.154
4676	0.0	2.4	2.664
4677	0.0	2.4	2.737
4678	0.0	2.4	2.552
4679	0.0	2.4	1.536
4680	0.0	2.4	0.963
4681	0.0	2.4	0.666
4682	0.0	2.4	0.360
4683	0.0	2.3	0.141
4684	0.0	2.3	0.102
4685	0.0	2.3	0.306
4686	0.0	2.3	0.768
4687	0.0	2.3	2.076
4688	0.0	2.3	2.222
4689	0.0	2.3	2.232
4690	0.0	2.3	2.339
4691	0.0	2.3	2.232
4692	0.0	2.3	2.164
4693	0.0	2.3	2.003
4694	0.0	2.3	1.760
4695	0.0	2.3	1.604
4696	0.0	2.3	1.497
4697	0.0	2.3	1.556
4698	0.0	2.3	1.930
4699	0.0	2.3	2.154
4700	0.0	2.3	2.664
4701	0.0	2.3	2.737
4702	0.0	2.3	2.552
4703	0.0	2.3	1.536
4704	0.0	2.3	0.963
4705	0.0	2.3	0.666
4706	0.0	2.3	0.360
4707	0.0	2.3	0.141
4708	0.0	2.3	0.102
4709	0.0	2.3	0.306
4710	0.0	2.3	0.768
4711	0.0	2.3	2.076
4712	0.0	2.3	2.222
4713	0.0	2.3	2.232
4714	0.0	2.3	2.339
4715	0.0	2.3	2.232
4716	0.0	2.3	2.164
4717	0.0	2.3	2.003
4718	0.0	2.3	1.760
4719	0.0	2.3	1.604
4720	0.0	2.3	1.497
4721	0.0	2.3	1.556
4722	0.0	2.3	1.930
4723	0.0	2.3	2.154
4724	0.0	2.3	2.664
4725	0.0	2.2	2.737
4726	0.0	2.2	2.552
4727	0.0	2.2	1.536
4728	0.0	2.2	0.963
4729	0.0	2.2	0.666
4730	0.0	2.2	0.360
4731	0.0	2.2	0.141
4732	0.0	2.2	0.102
4733	0.0	2.2	0.306
4734	0.0	2.2	0.768
4735	0.0	2.2	2.076
4736	0.0	2.2	2.222
4737	0.0	2.2	2.232
4738	0.0	2.2	2.339
4739	0.0	2.2	2.232
4740	0.0	2.2	2.164
4741	0.0	2.2	2.003
4742	0.0	2.2	1.760
4743	0.0	2.2	1.604
4744	0.0	2.2	1.497
4745	0.0	2.2	1.556
4746	0.0	2.1	1.930
4747	0.0	2.1	2.154
4748	0.0	2.1	2.664
4749	0.0	2.1	2.737
4750	0.0	2.1	2.552
4751	0.0	2.1	1.536
4752	0.0	2.1	0.963
4753	0.0	2.1	0.666
4754	0.0	2.1	0.360
4755	0.0	2.1	0.141
4756	0.0	2.1	0.102
4757	0.0	2.1	0.306
4758	0.0	2.1	0.768
4759	0.0	2.1	2.076
4760	0.0	2.1	2.222
4761	0.0	2.1	2.232
4762	0.0	2.1	2.339
4763	0.0	2.0	2.232
4764	0.0	2.0	2.164
4765	0.0	2.0	2.003
4766	0.0	2.0	1.760
4767	0.0	2.0	1.604
4768	0.0	2.0	1.497
4769	0.0	2.0	1.556
4770	0.0	2.0	1.930
4771	0.0	2.0	2.154
4772	0.0	2.0	2.664
4773	0.0	2.0	2.737
4774	0.0	2.0	2.552
4775	0.0	2.0	1.536
4776	0.0	2.0	0.963
4777	0.0	2.0	0.666
4778	0.0	2.0	0.360
4779	0.0	2.0	0.141
4780	0.0	2.0	0.102
4781	0.0	2.0	0.306
4782	0.0	2.0	0.768
4783	0.0	2.0	2.076
4784	0.0	2.0	2.222
4785	0.0	2.0	2.232
4786	0.0	2.0	2.339
4787	0.0	2.0	2.232
4788	0.0	2.0	2.164
4789	0.0	1.9	2.003
4790	0.0	1.9	1.760
4791	0.0	1.9	1.604
4792	0.0	1.9	1.497
4793	0.0	1.9	1.556
4794	0.0	1.9	1.930
4795	0.0	1.9	2.154
4796	0.0	1.9	2.664
4797	0.0	1.9	2.737
4798	0.0	1.9	2.552
4799	0.0	1.9	1.536
4800	0.0	1.9	0.963
4801	0.0	1.9	0.666
4802	0.0	1.9	0.360
4803	0.0	1.9	0.141
4804	0.0	1.9	0.102
4805	0.0	1.9	0.306
4806	0.0	1.9	0.768
4807	0.0	1.9	2.076
4808	0.0	1.9	2.222
4809	0.0	1.9	2.232
4810	0.0	1.9	2.339
4811	0.0	1.9	2.232
4812	0.0	1.9	2.164
4813	0.0	1.9	2.003
4814	0.0	1.9	1.760
4815	0.0	1.9	1.604
4816	0.0	1.9	1.497
4817	0.0	1.9	1.556
4818	0.0	1.9	1.930
4819	0.0	1.9	2.154
4820	0.0	1.9	2.664
4821	0.0	1.8	2.737
4822	0.0	1.8	2.552
4823	0.0	1.8	1.536
4824	0.0	1.8	0.963
4825	0.0	1.8	0.666
4826	0.0	1.8	0.360
4827	0.0	1.8	0.141
4828	0.0	1.8	0.102
4829	0.0	1.8	0.306
4830	0.0	1.8	0.768
4831	0.0	1.8	2.076
4832	0.0	1.8	2.222
4833	0.0	1.8	2.232
4834	0.0	1.8	2.339
4835	0.0	1.8	2.232
4836	0.0	1.8	2.164
4837	0.0	1.8	2.003
4838	0.0	1.8	1.760
4839	0.0	1.8	1.604
4840	0.0	1.7	1.497
4841	0.0	1.7	1.556
4842	0.0	1.7	1.930
4843	0.0	1.7	2.154
4844	0.0	1.7	2.664
4845	0.0	1.7	2.737
4846	0.0	1.7	2.552
4847	0.0	1.7	1.536
4848	0.0	1.7	0.963
4849	0.0	1.7	0.666
4850	0.0	1.7	0.360
4851	0.0	1.7	0.141
4852	0.0	1.7	0.102
4853	0.0	1.7	0.306
4854	0.0	1.7	0.768
4855	0.0	1.7	2.076
4856	0.0	1.7	2.222
4857	0.0	1.7	2.232
4858	0.0	1.7	2.339
4859	0.0	1.7	2.232
4860	0.0	1.7	2.164
4861	0.0	1.7	2.003
4862	0.0	1.6	1.760
4863	0.0	1.6	1.604
4864	0.0	1.6	1.497
4865	0.0	1.6	1.556
4866	0.0	1.6	1.930
4867	0.0	1.6	2.154
4868	0.0	1.6	2.664
4869	0.0	1.6	2.737
4870	0.0	1.6	2.552
4871	0.0	1.6	1.536
4872	0.0	1.6	0.963
4873	0.0	1.6	0.666
4874	0.0	1.6	0.360
4875	0.0	1.6	0.141
4876	0.0	1.6	0.102
4877	0.0	1.5	0.306
4878	0.0	1.5	0.768
4879	0.0	1.5	2.076
4880	0.0	1.5	2.222
4881	0.0	1.5	2.232
4882	0.0	1.5	2.339
4883	0.0	1.5	2.232
4884	0.0	1.5	2.164
4885	0.0	1.5	2.003
4886	0.0	1.5	1.760
4887	0.0	1.5	1.604
4888	0.0	1.5	1.497
4889	0.0	1.5	1.556
4890	0.0	1.5	1.930
4891	0.0	1.5	2.154
4892	0.0	1.5	2.664
4893	0.0	1.5	2.737
4894	0.0	1.5	2.552
4895	0.0	1.5	1.536
4896	0.0	1.5	0.963
4897	0.0	1.5	0.666
4898	0.0	1.5	0.360
4899	0.0	1.4	0.141
4900	0.0	1.4	0.102
4901	0.0	1.4	0.306
4902	0.0	1.4	0.768
4903	0.0	1.4	2.076
4904	0.0	1.4	2.222
4905	0.0	1.4	2.232
4906	0.0	1.4	2.339
4907	0.0	1.4	2.232
4908	0.0	1.4	2.164
4909	0.0	1.4	2.003
4910	0.0	1.4	1.760
4911	0.0	1.4	1.604
4912	0.0	1.4	1.497
4913	0.0	1.4	1.556
4914	0.0	1.3	1.930
4915	0.0	1.3	2.154
4916	0.0	1.3	2.664
4917	0.0	1.3	2.737
4918	0.0	1.3	2.552
4919	0.0	1.3	1.536
4920	0.0	1.3	0.963
4921	0.0	1.3	0.666
4922	0.0	1.3	0.360
4923	0.0	1.3	0.141
4924	0.0	1.3	0.102
4925	0.0	1.2	0.306
4926	0.0	1.2	0.768
4927	0.0	1.2	2.076
4928	0.0	1.2	2.222
4929	0.0	1.2	2.232
4930	0.0	1.2	2.339
4931	0.0	1.2	2.232
4932	0.0	1.2	2.164
4933	0.0	1.2	2.003
4934	0.0	1.2	1.760
4935	0.0	1.2	1.604
4936	0.0	1.2	1.497
4937	0.0	1.1	1.556
4938	0.0	1.1	1.930
4939	0.0	1.1	2.154
4940	0.0	1.1	2.664
4941	0.0	1.1	2.737
4942	0.0	1.1	2.552
4943	0.0	1.0	1.536
4944	0.0	1.0	0.963
4945	0.0	1.0	0.666
4946	0.0	1.0	0.360
4947	0.0	1.0	0.141
4948	0.0	1.0	0.102
4949	0.0	1.0	0.306
4950	0.0	1.0	0.768
4951	0.0	0.9	2.076
4952	0.0	0.9	2.222
4953	0.0	0.9	2.232
4954	0.0	0.9	2.339
4955	0.0	0.9	2.232
4956	0.0	0.9	2.164
4957	0.0	0.9	2.003
4958	0.0	0.9	1.760
4959	0.0	0.8	1.604
4960	0.0	0.8	1.497
4961	0.0	0.8	1.556
4962	0.0	0.8	1.930
4963	0.0	0.8	2.154
4964	0.0	0.8	2.664
4965	0.0	0.7	2.737
4966	0.0	0.6	2.552
4967	0.0	0.6	1.536
4968	0.0	0.5	0.963
4969	0.0	0.0	0.666
4970	0.0	0.0	0.360
4971	0.0	0.0	0.141
4972	0.0	0.0	0.102
4973	0.0	0.0	0.306
4974	0.0	0.0	0.768
4975	0.0	0.0	2.076
4976	0.0	0.0	2.222
4977	0.0	0.0	2.232
4978	0.0	0.0	2.339
4979	0.0	0.0	2.232
4980	0.0	0.0	2.164
4981	0.0	0.0	2.003
4982	0.0	0.0	1.760
4983	0.0	0.0	1.604
4984	0.0	0.0	1.497
4985	0.0	0.0	1.556
4986	0.0	0.0	1.930
4987	0.0	0.0	2.154
4988	0.0	0.0	2.664
4989	0.0	0.0	2.737
4990	0.0	0.0	2.552
4991	0.0	0.0	1.536
4992	0.0	0.0	0.963
4993	0.0	0.0	0.666
4994	0.0	0.0	0.360
4995	0.0	0.0	0.141
4996	0.0	0.0	0.102
4997	0.0	0.0	0.306
4998	0.0	0.0	0.768
4999	0.0	0.0	2.076
5000	0.0	0.0	2.222
5001	0.0	0.0	2.232
5002	0.0	0.0	2.339
5003	0.0	0.0	2.232
5004	0.0	0.0	2.164
5005	0.0	0.0	2.003
5006	0.0	0.0	1.760
5007	0.0	0.0	1.604
5008	0.0	0.0	1.497
5009	0.0	0.0	1.556
5010	0.0	0.0	1.930
5011	0.0	0.0	2.154
5012	0.0	0.0	2.664
5013	0.0	0.0	2.737
5014	0.0	0.0	2.552
5015	0.0	0.0	1.536
5016	0.0	0.0	0.963
5017	0.0	0.0	0.666
5018	0.0	0.0	0.360
5019	0.0	0.0	0.141
5020	0.0	0.0	0.102
5021	0.0	0.0	0.306
5022	0.0	0.0	0.768
5023	0.0	0.0	2.076
5024	0.0	0.0	2.222
5025	0.0	0.0	2.232
5026	0.0	0.0	2.339
5027	0.0	0.0	2.232
5028	0.0	0.0	2.164
5029	0.0	0.0	2.003
5030	0.0	0.0	1.760
5031	0.0	0.0	1.604
5032	0.0	0.0	1.497
5033	0.0	0.0	1.556
5034	0.0	0.0	1.930
5035	0.0	0.0	2.154
5036	0.0	0.0	2.664
5037	0.0	0.0	2.737
5038	0.0	0.0	2.552
5039	0.0	0.0	1.536
5040	0.0	0.0	0.963
5041	0.0	0.0	0.666
5042	0.0	0.0	0.360
5043	0.0	0.0	0.141
5044	0.0	0.0	0.102
5045	0.0	0.0	0.306
5046	0.0	0.0	0.768
5047	0.0	0.0	2.076
5048	0.0	0.0	2.222
5049	0.0	0.0	2.232
5050	0.0	0.0	2.339
5051	0.0	0.0	2.232
5052	0.0	0.0	2.164
5053	0.0	0.0	2.003
5054	0.0	0.0	1.760
5055	0.0	0.0	1.604
5056	0.0	0.0	1.497
5057	0.0	0.0	1.556
5058	0.0	0.0	1.930
5059	0.0	0.0	2.154
5060	0.0	0.0	2.664
5061	0.0	0.0	2.737
5062	0.0	0.0	2.552
5063	0.0	0.0	1.536
5064	0.0	0.0	0.963
5065	0.0	0.0	0.666
5066	0.0	0.0	0.360
5067	0.0	0.0	0.141
5068	0.0	0.0	0.102
5069	0.0	0.0	0.306
5070	0.0	0.0	0.768
5071	0.0	0.0	2.076
5072	0.0	0.0	2.222
5073	0.0	0.0	2.232
5074	0.0	0.0	2.339
5075	0.0	0.0	2.232
5076	0.0	0.0	2.164
5077	0.0	0.0	2.003
5078	0.0	0.0	1.760
5079	0.0	0.0	1.604
5080	0.0	0.0	1.497
5081	0.0	0.0	1.556
5082	0.0	0.0	1.930
5083	0.0	0.0	2.154
5084	0.0	0.0	2.664
5085	0.0	0.0	2.737
5086	0.0	0.0	2.552
5087	0.0	0.0	1.536
5088	0.0	0.0	0.963
5089	0.0	0.0	0.666
5090	0.0	0.0	0.360
5091	0.0	0.0	0.141
5092	0.0	0.0	0.102
5093	0.0	0.0	0.306
5094	0.0	0.0	0.768
5095	0.0	0.0	2.076
5096	0.0	0.0	2.222
5097	0.0	0.0	2.232
5098	0.0	0.0	2.339
5099	0.0	0.0	2.232
5100	0.0	0.0	2.164
5101	0.0	0.0	2.003
5102	0.0	0.0	1.760
5103	0.0	0.0	1.604
5104	0.0	0.0	1.497
5105	0.0	0.0	1.556
5106	0.0	0.0	1.930
5107	0.0	0.0	2.154
5108	0.0	0.0	2.664
5109	0.0	0.0	2.737
5110	0.0	0.0	2.552
5111	0.0	0.0	1.536
5112	0.0	0.0	0.963
5113	0.0	0.0	0.666
5114	0.0	0.0	0.360
5115	0.0	0.0	0.141
5116	0.0	0.0	0.102
5117	0.0	0.0	0.306
5118	0.0	0.0	0.768
5119	0.0	0.0	2.076
5120	0.0	0.0	2.222
5121	0.0	0.0	2.232
5122	0.0	0.0	2.339
5123	0.0	0.0	2.232
5124	0.0	0.0	2.164
5125	0.0	0.0	2.003
5126	0.0	0.0	1.760
5127	0.0	0.0	1.604
5128	0.0	0.0	1.497
5129	0.0	0.0	1.556
5130	0.0	0.0	1.930
5131	0.0	0.0	2.154
5132	0.0	0.0	2.664
5133	0.0	0.0	2.737
5134	0.0	0.0	2.552
5135	0.0	0.0	1.536
5136	0.0	0.0	0.963
5137	0.0	0.0	0.666
5138	0.0	0.0	0.360
5139	0.0	0.0	0.141
5140	0.0	0.0	0.102
5141	0.0	0.0	0.306
5142	0.0	0.0	0.768
5143	0.0	0.0	2.076
5144	0.0	0.0	2.222
5145	0.0	0.0	2.232
5146	0.0	0.0	2.339
5147	0.0	0.0	2.232
5148	0.0	0.0	2.164
5149	0.0	0.0	2.003
5150	0.0	0.0	1.760
5151	0.0	0.0	1.604
5152	0.0	0.0	1.497
5153	0.0	0.0	1.556
5154	0.0	0.0	1.930
5155	0.0	0.0	2.154
5156	0.0	0.0	2.664
5157	0.0	0.0	2.737
5158	0.0	0.0	2.552
5159	0.0	0.0	1.536
5160	0.0	0.0	0.963
5161	0.0	0.0	0.666
5162	0.0	0.0	0.360
5163	0.0	0.0	0.141
5164	0.0	0.0	0.102
5165	0.0	0.0	0.306
5166	0.0	0.0	0.768
5167	0.0	0.0	2.076
5168	0.0	0.0	2.222
5169	0.0	0.0	2.232
5170	0.0	0.0	2.339
5171	0.0	0.0	2.232
5172	0.0	0.0	2.164
5173	0.0	0.0	2.003
5174	0.0	0.0	1.760
5175	0.0	0.0	1.604
5176	0.0	0.0	1.497
5177	0.0	0.0	1.556
5178	0.0	0.0	1.930
5179	0.0	0.0	2.154
5180	0.0	0.0	2.664
5181	0.0	0.0	2.737
5182	0.0	0.0	2.552
5183	0.0	0.0	1.536
5184	0.0	0.0	0.963
5185	0.0	0.0	0.666
5186	0.0	0.0	0.360
5187	0.0	0.0	0.141
5188	0.0	0.0	0.102
5189	0.0	0.0	0.306
5190	0.0	0.0	0.768
5191	0.0	0.0	2.076
5192	0.0	0.0	2.222
5193	0.0	0.0	2.232
5194	0.0	0.0	2.339
5195	0.0	0.0	2.232
5196	0.0	0.0	2.164
5197	0.0	0.0	2.003
5198	0.0	0.0	1.760
5199	0.0	0.0	1.604
5200	0.0	0.0	1.497
5201	0.0	0.0	1.556
5202	0.0	0.0	1.930
5203	0.0	0.0	2.154
5204	0.0	0.0	2.664
5205	0.0	0.0	2.737
5206	0.0	0.0	2.552
5207	0.0	0.0	1.536
5208	0.0	0.0	0.963
5209	0.0	0.0	0.666
5210	0.0	0.0	0.360
5211	0.0	0.0	0.141
5212	0.0	0.0	0.102
5213	0.0	0.0	0.306
5214	0.0	0.0	0.768
5215	0.0	0.0	2.076
5216	0.0	0.0	2.222
5217	0.0	0.0	2.232
5218	0.0	0.0	2.339
5219	0.0	0.0	2.232
5220	0.0	0.0	2.164
5221	0.0	0.0	2.003
5222	0.0	0.0	1.760
5223	0.0	0.0	1.604
5224	0.0	0.0	1.497
5225	0.0	0.0	1.556
5226	0.0	0.0	1.930
5227	0.0	0.0	2.154
5228	0.0	0.0	2.664
5229	0.0	0.0	2.737
5230	0.0	0.0	2.552
5231	0.0	0.0	1.536
5232	0.0	0.0	0.963
5233	0.0	0.0	0.666
5234	0.0	0.0	0.360
5235	0.0	0.0	0.141
5236	0.0	0.0	0.102
5237	0.0	0.0	0.306
5238	0.0	0.0	0.768
5239	0.0	0.0	2.076
5240	0.0	0.0	2.222
5241	0.0	0.0	2.232
5242	0.0	0.0	2.339
5243	0.0	0.0	2.232
5244	0.0	0.0	2.164
5245	0.0	0.0	2.003
5246	0.0	0.0	1.760
5247	0.0	0.0	1.604
5248	0.0	0.0	1.497
5249	0.0	0.0	1.556
5250	0.0	0.0	1.930
5251	0.0	0.0	2.154
5252	0.0	0.0	2.664
5253	0.0	0.0	2.737
5254	0.0	0.0	2.552
5255	0.0	0.0	1.536
5256	0.0	0.0	0.963
5257	0.0	0.0	0.666
5258	0.0	0.0	0.360
5259	0.0	0.0	0.141
5260	0.0	0.0	0.102
5261	0.0	0.0	0.306
5262	0.0	0.0	0.768
5263	0.0	0.0	2.076
5264	0.0	0.0	2.222
5265	0.0	0.0	2.232
5266	0.0	0.0	2.339
5267	0.0	0.0	2.232
5268	0.0	0.0	2.164
5269	0.0	0.0	2.003
5270	0.0	0.0	1.760
5271	0.0	0.0	1.604
5272	0.0	0.0	1.497
5273	0.0	0.0	1.556
5274	0.0	0.0	1.930
5275	0.0	0.0	2.154
5276	0.0	0.0	2.664
5277	0.0	0.0	2.737
5278	0.0	0.0	2.552
5279	0.0	0.0	1.536
5280	0.0	0.0	0.963
5281	0.0	0.0	0.666
5282	0.0	0.0	0.360
5283	0.0	0.0	0.141
5284	0.0	0.0	0.102
5285	0.0	0.0	0.306
5286	0.0	0.0	0.768
5287	0.0	0.0	2.076
5288	0.0	0.0	2.222
5289	0.0	0.0	2.232
5290	0.0	0.0	2.339
5291	0.0	0.0	2.232
5292	0.0	0.0	2.164
5293	0.0	0.0	2.003
5294	0.0	0.0	1.760
5295	0.0	0.0	1.604
5296	0.0	0.0	1.497
5297	0.0	0.0	1.556
5298	0.0	0.0	1.930
5299	0.0	0.0	2.154
5300	0.0	0.0	2.664
5301	0.0	0.0	2.737
5302	0.0	0.0	2.552
5303	0.0	0.0	1.536
5304	0.0	0.0	0.963
5305	0.0	0.0	0.666
5306	0.0	0.0	0.360
5307	0.0	0.0	0.141
5308	0.0	0.0	0.102
5309	0.0	0.0	0.306
5310	0.0	0.0	0.768
5311	0.0	0.0	2.076
5312	0.0	0.0	2.222
5313	0.0	0.0	2.232
5314	0.0	0.0	2.339
5315	0.0	0.0	2.232
5316	0.0	0.0	2.164
5317	0.0	0.0	2.003
5318	0.0	0.0	1.760
5319	0.0	0.0	1.604
5320	0.0	0.0	1.497
5321	0.0	0.0	1.556
5322	0.0	0.0	1.930
5323	0.0	0.0	2.154
5324	0.0	0.0	2.664
5325	0.0	0.0	2.737
5326	0.0	0.0	2.552
5327	0.0	0.0	1.536
5328	0.0	0.0	0.963
5329	0.0	0.0	0.666
5330	0.0	0.0	0.360
5331	0.0	0.0	0.141
5332	0.0	0.0	0.102
5333	0.0	0.0	0.306
5334	0.0	0.0	0.768
5335	0.0	0.0	2.076
5336	0.0	0.0	2.222
5337	0.0	0.0	2.232
5338	0.0	0.0	2.339
5339	0.0	0.0	2.232
5340	0.0	0.0	2.164
5341	0.0	0.0	2.003
5342	0.0	0.0	1.760
5343	0.0	0.0	1.604
5344	0.0	0.0	1.497
5345	0.0	0.0	1.556
5346	0.0	0.0	1.930
5347	0.0	0.0	2.154
5348	0.0	0.0	2.664
5349	0.0	0.0	2.737
5350	0.0	0.0	2.552
5351	0.0	0.0	1.536
5352	0.0	0.0	0.963
5353	0.0	0.0	0.666
5354	0.0	0.0	0.360
5355	0.0	0.0	0.141
5356	0.0	0.0	0.102
5357	0.0	0.0	0.306
5358	0.0	0.0	0.768
5359	0.0	0.0	2.076
5360	0.0	0.0	2.222
5361	0.0	0.0	2.232
5362	0.0	0.0	2.339
5363	0.0	0.0	2.232
5364	0.0	0.0	2.164
5365	0.0	0.0	2.003
5366	0.0	0.0	1.760
5367	0.0	0.0	1.604
5368	0.0	0.0	1.497
5369	0.0	0.0	1.556
5370	0.0	0.0	1.930
5371	0.0	0.0	2.154
5372	0.0	0.0	2.664
5373	0.0	0.0	2.737
5374	0.0	0.0	2.552
5375	0.0	0.0	1.536
5376	0.0	0.0	0.963
5377	0.0	0.0	0.666
5378	0.0	0.0	0.360
5379	0.0	0.0	0.141
5380	0.0	0.0	0.102
5381	0.0	0.0	0.306
5382	0.0	0.0	0.768
5383	0.0	0.0	2.076
5384	0.0	0.0	2.222
5385	0.0	0.0	2.232
5386	0.0	0.0	2.339
5387	0.0	0.0	2.232
5388	0.0	0.0	2.164
5389	0.0	0.0	2.003
5390	0.0	0.0	1.760
5391	0.0	0.0	1.604
5392	0.0	0.0	1.497
5393	0.0	0.0	1.556
5394	0.0	0.0	1.930
5395	0.0	0.0	2.154
5396	0.0	0.0	2.664
5397	0.0	0.0	2.737
5398	0.0	0.0	2.552
5399	0.0	0.0	1.536
5400	0.0	0.0	0.963
5401	0.0	0.0	0.666
5402	0.0	0.0	0.360
5403	0.0	0.0	0.141
5404	0.0	0.0	0.102
5405	0.0	0.0	0.306
5406	0.0	0.0	0.768
5407	0.0	0.0	2.076
5408	0.0	0.0	2.222
5409	0.0	0.0	2.232
5410	0.0	0.0	2.339
5411	0.0	0.0	2.232
5412	0.0	0.0	2.164
5413	0.0	0.0	2.003
5414	0.0	0.0	1.760
5415	0.0	0.0	1.604
5416	0.0	0.0	1.497
5417	0.0	0.0	1.556
5418	0.0	0.0	1.930
5419	0.0	0.0	2.154
5420	0.0	0.0	2.664
5421	0.0	0.0	2.737
5422	0.0	0.0	2.552
5423	0.0	0.0	1.536
5424	0.0	0.0	0.963
5425	0.0	0.0	0.666
5426	0.0	0.0	0.360
5427	0.0	0.0	0.141
5428	0.0	0.0	0.102
5429	0.0	0.0	0.306
5430	0.0	0.0	0.768
5431	0.0	0.0	2.076
5432	0.0	0.0	2.222
5433	0.0	0.0	2.232
5434	0.0	0.0	2.339
5435	0.0	0.0	2.232
5436	0.0	0.0	2.164
5437	0.0	0.0	2.003
5438	0.0	0.0	1.760
5439	0.0	0.0	1.604
5440	0.0	0.0	1.497
5441	0.0	0.0	1.556
5442	0.0	0.0	1.930
5443	0.0	0.0	2.154
5444	0.0	0.0	2.664
5445	0.0	0.0	2.737
5446	0.0	0.0	2.552
5447	0.0	0.0	1.536
5448	0.0	0.0	0.963
5449	0.0	0.0	0.666
5450	0.0	0.0	0.360
5451	0.0	0.0	0.141
5452	0.0	0.0	0.102
5453	0.0	0.0	0.306
5454	0.0	0.0	0.768
5455	0.0	0.0	2.076
5456	0.0	0.0	2.222
5457	0.0	0.0	2.232
5458	0.0	0.0	2.339
5459	0.0	0.0	2.232
5460	0.0	0.0	2.164
5461	0.0	0.0	2.003
5462	0.0	0.0	1.760
5463	0.0	0.0	1.604
5464	0.0	0.0	1.497
5465	0.0	0.0	1.556
5466	0.0	0.0	1.930
5467	0.0	0.0	2.154
5468	0.0	0.0	2.664
5469	0.0	0.0	2.737
5470	0.0	0.0	2.552
5471	0.0	0.0	1.536
5472	0.0	0.0	0.963
5473	0.0	0.0	0.666
5474	0.0	0.0	0.360
5475	0.0	0.0	0.141
5476	0.0	0.0	0.102
5477	0.0	0.0	0.306
5478	0.0	0.0	0.768
5479	0.0	0.0	2.076
5480	0.0	0.0	2.222
5481	0.0	0.0	2.232
5482	0.0	0.0	2.339
5483	0.0	0.0	2.232
5484	0.0	0.0	2.164
5485	0.0	0.0	2.003
5486	0.0	0.0	1.760
5487	0.0	0.0	1.604
5488	0.0	0.0	1.497
5489	0.0	0.0	1.556
5490	0.0	0.0	1.930
5491	0.0	0.0	2.154
5492	0.0	0.0	2.664
5493	0.0	0.0	2.737
5494	0.0	0.0	2.552
5495	0.0	0.0	1.536
5496	0.0	0.0	0.963
5497	0.0	0.0	0.666
5498	0.0	0.0	0.360
5499	0.0	0.0	0.141
5500	0.0	0.0	0.102
5501	0.0	0.0	0.306
5502	0.0	0.0	0.768
5503	0.0	0.0	2.076
5504	0.0	0.0	2.222
5505	0.0	0.0	2.232
5506	0.0	0.0	2.339
5507	0.0	0.0	2.232
5508	0.0	0.0	2.164
5509	0.0	0.0	2.003
5510	0.0	0.0	1.760
5511	0.0	0.0	1.604
5512	0.0	0.0	1.497
5513	0.0	0.0	1.556
5514	0.0	0.0	1.930
5515	0.0	0.0	2.154
5516	0.0	0.0	2.664
5517	0.0	0.0	2.737
5518	0.0	0.0	2.552
5519	0.0	0.0	1.536
5520	0.0	0.0	0.963
5521	0.0	0.0	0.666
5522	0.0	0.0	0.360
5523	0.0	0.0	0.141
5524	0.0	0.0	0.102
5525	0.0	0.0	0.306
5526	0.0	0.0	0.768
5527	0.0	0.0	2.076
5528	0.0	0.0	2.222
5529	0.0	0.0	2.232
5530	0.0	0.0	2.339
5531	0.0	0.0	2.232
5532	0.0	0.0	2.164
5533	0.0	0.0	2.003
5534	0.0	0.0	1.760
5535	0.0	0.0	1.604
5536	0.0	0.0	1.497
5537	0.0	0.0	1.556
5538	0.0	0.0	1.930
5539	0.0	0.0	2.154
5540	0.0	0.0	2.664
5541	0.0	0.0	2.737
5542	0.0	0.0	2.552
5543	0.0	0.0	1.536
5544	0.0	0.0	0.963
5545	0.0	0.0	0.666
5546	0.0	0.0	0.360
5547	0.0	0.0	0.141
5548	0.0	0.0	0.102
5549	0.0	0.0	0.306
5550	0.0	0.0	0.768
5551	0.0	0.0	2.076
5552	0.0	0.0	2.222
5553	0.0	0.0	2.232
5554	0.0	0.0	2.339
5555	0.0	0.0	2.232
5556	0.0	0.0	2.164
5557	0.0	0.0	2.003
5558	0.0	0.0	1.760
5559	0.0	0.0	1.604
5560	0.0	0.0	1.497
5561	0.0	0.0	1.556
5562	0.0	0.0	1.930
5563	0.0	0.0	2.154
5564	0.0	0.0	2.664
5565	0.0	0.0	2.737
5566	0.0	0.0	2.552
5567	0.0	0.0	1.536
5568	0.0	0.0	0.963
5569	0.0	0.0	0.666
5570	0.0	0.0	0.360
5571	0.0	0.0	0.141
5572	0.0	0.0	0.102
5573	0.0	0.0	0.306
5574	0.0	0.0	0.768
5575	0.0	0.0	2.076
5576	0.0	0.0	2.222
5577	0.0	0.0	2.232
5578	0.0	0.0	2.339
5579	0.0	0.0	2.232
5580	0.0	0.0	2.164
5581	0.0	0.0	2.003
5582	0.0	0.0	1.760
5583	0.0	0.0	1.604
5584	0.0	0.0	1.497
5585	0.0	0.0	1.556
5586	0.0	0.0	1.930
5587	0.0	0.0	2.154
5588	0.0	0.0	2.664
5589	0.0	0.0	2.737
5590	0.0	0.0	2.552
5591	0.0	0.0	1.536
5592	0.0	0.0	0.963
5593	0.0	0.0	0.666
5594	0.0	0.0	0.360
5595	0.0	0.0	0.141
5596	0.0	0.0	0.102
5597	0.0	0.0	0.306
5598	0.0	0.0	0.768
5599	0.0	0.0	2.076
5600	0.0	0.0	2.222
5601	0.0	0.0	2.232
5602	0.0	0.0	2.339
5603	0.0	0.0	2.232
5604	0.0	0.0	2.164
5605	0.0	0.0	2.003
5606	0.0	0.0	1.760
5607	0.0	0.0	1.604
5608	0.0	0.0	1.497
5609	0.0	0.0	1.556
5610	0.0	0.0	1.930
5611	0.0	0.0	2.154
5612	0.0	0.0	2.664
5613	0.0	0.0	2.737
5614	0.0	0.0	2.552
5615	0.0	0.0	1.536
5616	0.0	0.0	0.963
5617	0.0	0.0	0.666
5618	0.0	0.0	0.360
5619	0.0	0.0	0.141
5620	0.0	0.0	0.102
5621	0.0	0.0	0.306
5622	0.0	0.0	0.768
5623	0.0	0.0	2.076
5624	0.0	0.0	2.222
5625	0.0	0.0	2.232
5626	0.0	0.0	2.339
5627	0.0	0.0	2.232
5628	0.0	0.0	2.164
5629	0.0	0.0	2.003
5630	0.0	0.0	1.760
5631	0.0	0.0	1.604
5632	0.0	0.0	1.497
5633	0.0	0.0	1.556
5634	0.0	0.0	1.930
5635	0.0	0.0	2.154
5636	0.0	0.0	2.664
5637	0.0	0.0	2.737
5638	0.0	0.0	2.552
5639	0.0	0.0	1.536
5640	0.0	0.0	0.963
5641	0.0	0.0	0.666
5642	0.0	0.0	0.360
5643	0.0	0.0	0.141
5644	0.0	0.0	0.102
5645	0.0	0.0	0.306
5646	0.0	0.0	0.768
5647	0.0	0.0	2.076
5648	0.0	0.0	2.222
5649	0.0	0.0	2.232
5650	0.0	0.0	2.339
5651	0.0	0.0	2.232
5652	0.0	0.0	2.164
5653	0.0	0.0	2.003
5654	0.0	0.0	1.760
5655	0.0	0.0	1.604
5656	0.0	0.0	1.497
5657	0.0	0.0	1.556
5658	0.0	0.0	1.930
5659	0.0	0.0	2.154
5660	0.0	0.0	2.664
5661	0.0	0.0	2.737
5662	0.0	0.0	2.552
5663	0.0	0.0	1.536
5664	0.0	0.0	0.963
5665	0.0	0.0	0.666
5666	0.0	0.0	0.360
5667	0.0	0.0	0.141
5668	0.0	0.0	0.102
5669	0.0	0.0	0.306
5670	0.0	0.0	0.768
5671	0.0	0.0	2.076
5672	0.0	0.0	2.222
5673	0.0	0.0	2.232
5674	0.0	0.0	2.339
5675	0.0	0.0	2.232
5676	0.0	0.0	2.164
5677	0.0	0.0	2.003
5678	0.0	0.0	1.760
5679	0.0	0.0	1.604
5680	0.0	0.0	1.497
5681	0.0	0.0	1.556
5682	0.0	0.0	1.930
5683	0.0	0.0	2.154
5684	0.0	0.0	2.664
5685	0.0	0.0	2.737
5686	0.0	0.0	2.552
5687	0.0	0.0	1.536
5688	0.0	0.0	0.963
5689	0.0	0.0	0.666
5690	0.0	0.0	0.360
5691	0.0	0.0	0.141
5692	0.0	0.0	0.102
5693	0.0	0.0	0.306
5694	0.0	0.0	0.768
5695	0.0	0.0	2.076
5696	0.0	0.0	2.222
5697	0.0	0.0	2.232
5698	0.0	0.0	2.339
5699	0.0	0.0	2.232
5700	0.0	0.0	2.164
5701	0.0	0.0	2.003
5702	0.0	0.0	1.760
5703	0.0	0.0	1.604
5704	0.0	0.0	1.497
5705	0.0	0.0	1.556
5706	0.0	0.0	1.930
5707	0.0	0.0	2.154
5708	0.0	0.0	2.664
5709	0.0	0.0	2.737
5710	0.0	0.0	2.552
5711	0.0	0.0	1.536
5712	0.0	0.0	0.963
5713	0.0	0.0	0.666
5714	0.0	0.0	0.360
5715	0.0	0.0	0.141
5716	0.0	0.0	0.102
5717	0.0	0.0	0.306
5718	0.0	0.0	0.768
5719	0.0	0.0	2.076
5720	0.0	0.0	2.222
5721	0.0	0.0	2.232
5722	0.0	0.0	2.339
5723	0.0	0.0	2.232
5724	0.0	0.0	2.164
5725	0.0	0.0	2.003
5726	0.0	0.0	1.760
5727	0.0	0.0	1.604
5728	0.0	0.0	1.497
5729	0.0	0.0	1.556
5730	0.0	0.0	1.930
5731	0.0	0.0	2.154
5732	0.0	0.0	2.664
5733	0.0	0.0	2.737
5734	0.0	0.0	2.552
5735	0.0	0.0	1.536
5736	0.0	0.0	0.963
5737	0.0	0.0	0.666
5738	0.0	0.0	0.360
5739	0.0	0.0	0.141
5740	0.0	0.0	0.102
5741	0.0	0.0	0.306
5742	0.0	0.0	0.768
5743	0.0	0.0	2.076
5744	0.0	0.0	2.222
5745	0.0	0.0	2.232
5746	0.0	0.0	2.339
5747	0.0	0.0	2.232
5748	0.0	0.0	2.164
5749	0.0	0.0	2.003
5750	0.0	0.0	1.760
5751	0.0	0.0	1.604
5752	0.0	0.0	1.497
5753	0.0	0.0	1.556
5754	0.0	0.0	1.930
5755	0.0	0.0	2.154
5756	0.0	0.0	2.664
5757	0.0	0.0	2.737
5758	0.0	0.0	2.552
5759	0.0	0.0	1.536
5760	0.0	0.0	0.963
5761	0.0	0.0	0.666
5762	0.0	0.0	0.360
5763	0.0	0.0	0.141
5764	0.0	0.0	0.102
5765	0.0	0.0	0.306
5766	0.0	0.0	0.768
5767	0.0	0.0	2.076
5768	0.0	0.0	2.222
5769	0.0	0.0	2.232
5770	0.0	0.0	2.339
5771	0.0	0.0	2.232
5772	0.0	0.0	2.164
5773	0.0	0.0	2.003
5774	0.0	0.0	1.760
5775	0.0	0.0	1.604
5776	0.0	0.0	1.497
5777	0.0	0.0	1.556
5778	0.0	0.0	1.930
5779	0.0	0.0	2.154
5780	0.0	0.0	2.664
5781	0.0	0.0	2.737
5782	0.0	0.0	2.552
5783	0.0	0.0	1.536
5784	0.0	0.0	0.963
5785	0.0	0.0	0.666
5786	0.0	0.0	0.360
5787	0.0	0.0	0.141
5788	0.0	0.0	0.102
5789	0.0	0.0	0.306
5790	0.0	0.0	0.768
5791	0.0	0.0	2.076
5792	0.0	0.0	2.222
5793	0.0	0.0	2.232
5794	0.0	0.0	2.339
5795	0.0	0.0	2.232
5796	0.0	0.0	2.164
5797	0.0	0.0	2.003
5798	0.0	0.0	1.760
5799	0.0	0.0	1.604
5800	0.0	0.0	1.497
5801	0.0	0.0	1.556
5802	0.0	0.0	1.930
5803	0.0	0.0	2.154
5804	0.0	0.0	2.664
5805	0.0	0.0	2.737
5806	0.0	0.0	2.552
5807	0.0	0.0	1.536
5808	0.0	0.0	0.963
5809	0.0	0.0	0.666
5810	0.0	0.0	0.360
5811	0.0	0.0	0.141
5812	0.0	0.0	0.102
5813	0.0	0.0	0.306
5814	0.0	0.0	0.768
5815	0.0	0.0	2.076
5816	0.0	0.0	2.222
5817	0.0	0.0	2.232
5818	0.0	0.0	2.339
5819	0.0	0.0	2.232
5820	0.0	0.0	2.164
5821	0.0	0.0	2.003
5822	0.0	0.0	1.760
5823	0.0	0.0	1.604
5824	0.0	0.0	1.497
5825	0.0	0.0	1.556
5826	0.0	0.0	1.930
5827	0.0	0.0	2.154
5828	0.0	0.0	2.664
5829	0.0	0.0	2.737
5830	0.0	0.0	2.552
5831	0.0	0.0	1.536
5832	0.0	0.0	0.963
5833	0.0	0.0	0.666
5834	0.0	0.0	0.360
5835	0.0	0.0	0.141
5836	0.0	0.0	0.102
5837	0.0	0.0	0.306
5838	0.0	0.0	0.768
5839	0.0	0.0	2.076
5840	0.0	0.0	2.222
5841	0.0	0.0	2.232
5842	0.0	0.0	2.339
5843	0.0	0.0	2.232
5844	0.0	0.0	2.164
5845	0.0	0.0	2.003
5846	0.0	0.0	1.760
5847	0.0	0.0	1.604
5848	0.0	0.0	1.497
5849	0.0	0.0	1.556
5850	0.0	0.0	1.930
5851	0.0	0.0	2.154
5852	0.0	0.0	2.664
5853	0.0	0.0	2.737
5854	0.0	0.0	2.552
5855	0.0	0.0	1.536
5856	0.0	0.0	0.963
5857	0.0	0.0	0.666
5858	0.0	0.0	0.360
5859	0.0	0.0	0.141
5860	0.0	0.0	0.102
5861	0.0	0.0	0.306
5862	0.0	0.0	0.768
5863	0.0	0.0	2.076
5864	0.0	0.0	2.222
5865	0.0	0.0	2.232
5866	0.0	0.0	2.339
5867	0.0	0.0	2.232
5868	0.0	0.0	2.164
5869	0.0	0.0	2.003
5870	0.0	0.0	1.760
5871	0.0	0.0	1.604
5872	0.0	0.0	1.497
5873	0.0	0.0	1.556
5874	0.0	0.0	1.930
5875	0.0	0.0	2.154
5876	0.0	0.0	2.664
5877	0.0	0.0	2.737
5878	0.0	0.0	2.552
5879	0.0	0.0	1.536
5880	0.0	0.0	0.963
5881	0.0	0.0	0.666
5882	0.0	0.0	0.360
5883	0.0	0.0	0.141
5884	0.0	0.0	0.102
5885	0.0	0.0	0.306
5886	0.0	0.0	0.768
5887	0.0	0.0	2.076
5888	0.0	0.0	2.222
5889	0.0	0.0	2.232
5890	0.0	0.0	2.339
5891	0.0	0.0	2.232
5892	0.0	0.0	2.164
5893	0.0	0.0	2.003
5894	0.0	0.0	1.760
5895	0.0	0.0	1.604
5896	0.0	0.0	1.497
5897	0.0	0.0	1.556
5898	0.0	0.0	1.930
5899	0.0	0.0	2.154
5900	0.0	0.0	2.664
5901	0.0	0.0	2.737
5902	0.0	0.0	2.552
5903	0.0	0.0	1.536
5904	0.0	0.0	0.963
5905	0.0	0.0	0.666
5906	0.0	0.0	0.360
5907	0.0	0.0	0.141
5908	0.0	0.0	0.102
5909	0.0	0.0	0.306
5910	0.0	0.0	0.768
5911	0.0	0.0	2.076
5912	0.0	0.0	2.222
5913	0.0	0.0	2.232
5914	0.0	0.0	2.339
5915	0.0	0.0	2.232
5916	0.0	0.0	2.164
5917	0.0	0.0	2.003
5918	0.0	0.0	1.760
5919	0.0	0.0	1.604
5920	0.0	0.0	1.497
5921	0.0	0.0	1.556
5922	0.0	0.0	1.930
5923	0.0	0.0	2.154
5924	0.0	0.0	2.664
5925	0.0	0.0	2.737
5926	0.0	0.0	2.552
5927	0.0	0.0	1.536
5928	0.0	0.0	0.963
5929	0.0	0.0	0.666
5930	0.0	0.0	0.360
5931	0.0	0.0	0.141
5932	0.0	0.0	0.102
5933	0.0	0.0	0.306
5934	0.0	0.0	0.768
5935	0.0	0.0	2.076
5936	0.0	0.0	2.222
5937	0.0	0.0	2.232
5938	0.0	0.0	2.339
5939	0.0	0.0	2.232
5940	0.0	0.0	2.164
5941	0.0	0.0	2.003
5942	0.0	0.0	1.760
5943	0.0	0.0	1.604
5944	0.0	0.0	1.497
5945	0.0	0.0	1.556
5946	0.0	0.0	1.930
5947	0.0	0.0	2.154
5948	0.0	0.0	2.664
5949	0.0	0.0	2.737
5950	0.0	0.0	2.552
5951	0.0	0.0	1.536
5952	0.0	0.0	0.963
5953	0.0	0.0	0.666
5954	0.0	0.0	0.360
5955	0.0	0.0	0.141
5956	0.0	0.0	0.102
5957	0.0	0.0	0.306
5958	0.0	0.0	0.768
5959	0.0	0.0	2.076
5960	0.0	0.0	2.222
5961	0.0	0.0	2.232
5962	0.0	0.0	2.339
5963	0.0	0.0	2.232
5964	0.0	0.0	2.164
5965	0.0	0.0	2.003
5966	0.0	0.0	1.760
5967	0.0	0.0	1.604
5968	0.0	0.0	1.497
5969	0.0	0.0	1.556
5970	0.0	0.0	1.930
5971	0.0	0.0	2.154
5972	0.0	0.0	2.664
5973	0.0	0.0	2.737
5974	0.0	0.0	2.552
5975	0.0	0.0	1.536
5976	0.0	0.0	0.963
5977	0.0	0.0	0.666
5978	0.0	0.0	0.360
5979	0.0	0.0	0.141
5980	0.0	0.0	0.102
5981	0.0	0.0	0.306
5982	0.0	0.0	0.768
5983	0.0	0.0	2.076
5984	0.0	0.0	2.222
5985	0.0	0.0	2.232
5986	0.0	0.0	2.339
5987	0.0	0.0	2.232
5988	0.0	0.0	2.164
5989	0.0	0.0	2.003
5990	0.0	0.0	1.760
5991	0.0	0.0	1.604
5992	0.0	0.0	1.497
5993	0.0	0.0	1.556
5994	0.0	0.0	1.930
5995	0.0	0.0	2.154
5996	0.0	0.0	2.664
5997	0.0	0.0	2.737
5998	0.0	0.0	2.552
5999	0.0	0.0	1.536
6000	0.0	0.0	0.963
6001	0.0	0.0	0.666
6002	0.0	0.0	0.360
6003	0.0	0.0	0.141
6004	0.0	0.0	0.102
6005	0.0	0.0	0.306
6006	0.0	0.0	0.768
6007	0.0	0.0	2.076
6008	0.0	0.0	2.222
6009	0.0	0.0	2.232
6010	0.0	0.0	2.339
6011	0.0	0.0	2.232
6012	0.0	0.0	2.164
6013	0.0	0.0	2.003
6014	0.0	0.0	1.760
6015	0.0	0.0	1.604
6016	0.0	0.0	1.497
6017	0.0	0.0	1.556
6018	0.0	0.0	1.930
6019	0.0	0.0	2.154
6020	0.0	0.0	2.664
6021	0.0	0.0	2.737
6022	0.0	0.0	2.552
6023	0.0	0.0	1.536
6024	0.0	0.0	0.963
6025	0.0	0.0	0.666
6026	0.0	0.0	0.360
6027	0.0	0.0	0.141
6028	0.0	0.0	0.102
6029	0.0	0.0	0.306
6030	0.0	0.0	0.768
6031	0.0	0.0	2.076
6032	0.0	0.0	2.222
6033	0.0	0.0	2.232
6034	0.0	0.0	2.339
6035	0.0	0.0	2.232
6036	0.0	0.0	2.164
6037	0.0	0.0	2.003
6038	0.0	0.0	1.760
6039	0.0	0.0	1.604
6040	0.0	0.0	1.497
6041	0.0	0.0	1.556
6042	0.0	0.0	1.930
6043	0.0	0.0	2.154
6044	0.0	0.0	2.664
6045	0.0	0.0	2.737
6046	0.0	0.0	2.552
6047	0.0	0.0	1.536
6048	0.0	0.0	0.963
6049	0.0	0.0	0.666
6050	0.0	0.0	0.360
6051	0.0	0.0	0.141
6052	0.0	0.0	0.102
6053	0.0	0.0	0.306
6054	0.0	0.0	0.768
6055	0.0	0.0	2.076
6056	0.0	0.0	2.222
6057	0.0	0.0	2.232
6058	0.0	0.0	2.339
6059	0.0	0.0	2.232
6060	0.0	0.0	2.164
6061	0.0	0.0	2.003
6062	0.0	0.0	1.760
6063	0.0	0.0	1.604
6064	0.0	0.0	1.497
6065	0.0	0.0	1.556
6066	0.0	0.0	1.930
6067	0.0	0.0	2.154
6068	0.0	0.0	2.664
6069	0.0	0.0	2.737
6070	0.0	0.0	2.552
6071	0.0	0.0	1.536
6072	0.0	0.0	0.963
6073	0.0	0.0	0.666
6074	0.0	0.0	0.360
6075	0.0	0.0	0.141
6076	0.0	0.0	0.102
6077	0.0	0.0	0.306
6078	0.0	0.0	0.768
6079	0.0	0.0	2.076
6080	0.0	0.0	2.222
6081	0.0	0.0	2.232
6082	0.0	0.0	2.339
6083	0.0	0.0	2.232
6084	0.0	0.0	2.164
6085	0.0	0.0	2.003
6086	0.0	0.0	1.760
6087	0.0	0.0	1.604
6088	0.0	0.0	1.497
6089	0.0	0.0	1.556
6090	0.0	0.0	1.930
6091	0.0	0.0	2.154
6092	0.0	0.0	2.664
6093	0.0	0.0	2.737
6094	0.0	0.0	2.552
6095	0.0	0.0	1.536
6096	0.0	0.0	0.963
6097	0.0	0.0	0.666
6098	0.0	0.0	0.360
6099	0.0	0.0	0.141
6100	0.0	0.0	0.102
6101	0.0	0.0	0.306
6102	0.0	0.0	0.768
6103	0.0	0.0	2.076
6104	0.0	0.0	2.222
6105	0.0	0.0	2.232
6106	0.0	0.0	2.339
6107	0.0	0.0	2.232
6108	0.0	0.0	2.164
6109	0.0	0.0	2.003
6110	0.0	0.0	1.760
6111	0.0	0.0	1.604
6112	0.0	0.0	1.497
6113	0.0	0.0	1.556
6114	0.0	0.0	1.930
6115	0.0	0.0	2.154
6116	0.0	0.0	2.664
6117	0.0	0.0	2.737
6118	0.0	0.0	2.552
6119	0.0	0.0	1.536
6120	0.0	0.0	0.963
6121	0.0	0.0	0.666
6122	0.0	0.0	0.360
6123	0.0	0.0	0.141
6124	0.0	0.0	0.102
6125	0.0	0.0	0.306
6126	0.0	0.0	0.768
6127	0.0	0.0	2.076
6128	0.0	0.0	2.222
6129	0.0	0.0	2.232
6130	0.0	0.0	2.339
6131	0.0	0.0	2.232
6132	0.0	0.0	2.164
6133	0.0	0.0	2.003
6134	0.0	0.0	1.760
6135	0.0	0.0	1.604
6136	0.0	0.0	1.497
6137	0.0	0.0	1.556
6138	0.0	0.0	1.930
6139	0.0	0.0	2.154
6140	0.0	0.0	2.664
6141	0.0	0.0	2.737
6142	0.0	0.0	2.552
6143	0.0	0.0	1.536
6144	0.0	0.0	0.963
6145	0.0	0.0	0.666
6146	0.0	0.0	0.360
6147	0.0	0.0	0.141
6148	0.0	0.0	0.102
6149	0.0	0.0	0.306
6150	0.0	0.0	0.768
6151	0.0	0.0	2.076
6152	0.0	0.0	2.222
6153	0.0	0.0	2.232
6154	0.0	0.0	2.339
6155	0.0	0.0	2.232
6156	0.0	0.0	2.164
6157	0.0	0.0	2.003
6158	0.0	0.0	1.760
6159	0.0	0.0	1.604
6160	0.0	0.0	1.497
6161	0.0	0.0	1.556
6162	0.0	0.0	1.930
6163	0.0	0.0	2.154
6164	0.0	0.0	2.664
6165	0.0	0.0	2.737
6166	0.0	0.0	2.552
6167	0.0	0.0	1.536
6168	0.0	0.0	0.963
6169	0.0	0.0	0.666
6170	0.0	0.0	0.360
6171	0.0	0.0	0.141
6172	0.0	0.0	0.102
6173	0.0	0.0	0.306
6174	0.0	0.0	0.768
6175	0.0	0.0	2.076
6176	0.0	0.0	2.222
6177	0.0	0.0	2.232
6178	0.0	0.0	2.339
6179	0.0	0.0	2.232
6180	0.0	0.0	2.164
6181	0.0	0.0	2.003
6182	0.0	0.0	1.760
6183	0.0	0.0	1.604
6184	0.0	0.0	1.497
6185	0.0	0.0	1.556
6186	0.0	0.0	1.930
6187	0.0	0.0	2.154
6188	0.0	0.0	2.664
6189	0.0	0.0	2.737
6190	0.0	0.0	2.552
6191	0.0	0.0	1.536
6192	0.0	0.0	0.963
6193	0.0	0.0	0.666
6194	0.0	0.0	0.360
6195	0.0	0.0	0.141
6196	0.0	0.0	0.102
6197	0.0	0.0	0.306
6198	0.0	0.0	0.768
6199	0.0	0.0	2.076
6200	0.0	0.0	2.222
6201	0.0	0.0	2.232
6202	0.0	0.0	2.339
6203	0.0	0.0	2.232
6204	0.0	0.0	2.164
6205	0.0	0.0	2.003
6206	0.0	0.0	1.760
6207	0.0	0.0	1.604
6208	0.0	0.0	1.497
6209	0.0	0.0	1.556
6210	0.0	0.0	1.930
6211	0.0	0.0	2.154
6212	0.0	0.0	2.664
6213	0.0	0.0	2.737
6214	0.0	0.0	2.552
6215	0.0	0.0	1.536
6216	0.0	0.0	0.963
6217	0.0	0.0	0.666
6218	0.0	0.0	0.360
6219	0.0	0.0	0.141
6220	0.0	0.0	0.102
6221	0.0	0.0	0.306
6222	0.0	0.0	0.768
6223	0.0	0.0	2.076
6224	0.0	0.0	2.222
6225	0.0	0.0	2.232
6226	0.0	0.0	2.339
6227	0.0	0.0	2.232
6228	0.0	0.0	2.164
6229	0.0	0.0	2.003
6230	0.0	0.0	1.760
6231	0.0	0.0	1.604
6232	0.0	0.0	1.497
6233	0.0	0.0	1.556
6234	0.0	0.0	1.930
6235	0.0	0.0	2.154
6236	0.0	0.0	2.664
6237	0.0	0.0	2.737
6238	0.0	0.0	2.552
6239	0.0	0.0	1.536
6240	0.0	0.0	0.963
6241	0.0	0.0	0.666
6242	0.0	0.0	0.360
6243	0.0	0.0	0.141
6244	0.0	0.0	0.102
6245	0.0	0.0	0.306
6246	0.0	0.0	0.768
6247	0.0	0.0	2.076
6248	0.0	0.0	2.222
6249	0.0	0.0	2.232
6250	0.0	0.0	2.339
6251	0.0	0.0	2.232
6252	0.0	0.0	2.164
6253	0.0	0.0	2.003
6254	0.0	0.0	1.760
6255	0.0	0.0	1.604
6256	0.0	0.0	1.497
6257	0.0	0.0	1.556
6258	0.0	0.0	1.930
6259	0.0	0.0	2.154
6260	0.0	0.0	2.664
6261	0.0	0.0	2.737
6262	0.0	0.0	2.552
6263	0.0	0.0	1.536
6264	0.0	0.0	0.963
6265	0.0	0.0	0.666
6266	0.0	0.0	0.360
6267	0.0	0.0	0.141
6268	0.0	0.0	0.102
6269	0.0	0.0	0.306
6270	0.0	0.0	0.768
6271	0.0	0.0	2.076
6272	0.0	0.0	2.222
6273	0.0	0.0	2.232
6274	0.0	0.0	2.339
6275	0.0	0.0	2.232
6276	0.0	0.0	2.164
6277	0.0	0.0	2.003
6278	0.0	0.0	1.760
6279	0.0	0.0	1.604
6280	0.0	0.0	1.497
6281	0.0	0.0	1.556
6282	0.0	0.0	1.930
6283	0.0	0.0	2.154
6284	0.0	0.0	2.664
6285	0.0	0.0	2.737
6286	0.0	0.0	2.552
6287	0.0	0.0	1.536
6288	0.0	0.0	0.963
6289	0.0	0.0	0.666
6290	0.0	0.0	0.360
6291	0.0	0.0	0.141
6292	0.0	0.0	0.102
6293	0.0	0.0	0.306
6294	0.0	0.0	0.768
6295	0.0	0.0	2.076
6296	0.0	0.0	2.222
6297	0.0	0.0	2.232
6298	0.0	0.0	2.339
6299	0.0	0.0	2.232
6300	0.0	0.0	2.164
6301	0.0	0.0	2.003
6302	0.0	0.0	1.760
6303	0.0	0.0	1.604
6304	0.0	0.0	1.497
6305	0.0	0.0	1.556
6306	0.0	0.0	1.930
6307	0.0	0.0	2.154
6308	0.0	0.0	2.664
6309	0.0	0.0	2.737
6310	0.0	0.0	2.552
6311	0.0	0.0	1.536
6312	0.0	0.0	0.963
6313	0.0	0.0	0.666
6314	0.0	0.0	0.360
6315	0.0	0.0	0.141
6316	0.0	0.0	0.102
6317	0.0	0.0	0.306
6318	0.0	0.0	0.768
6319	0.0	0.0	2.076
6320	0.0	0.0	2.222
6321	0.0	0.0	2.232
6322	0.0	0.0	2.339
6323	0.0	0.0	2.232
6324	0.0	0.0	2.164
6325	0.0	0.0	2.003
6326	0.0	0.0	1.760
6327	0.0	0.0	1.604
6328	0.0	0.0	1.497
6329	0.0	0.0	1.556
6330	0.0	0.0	1.930
6331	0.0	0.0	2.154
6332	0.0	0.0	2.664
6333	0.0	0.0	2.737
6334	0.0	0.0	2.552
6335	0.0	0.0	1.536
6336	0.0	0.0	0.963
6337	0.0	0.0	0.666
6338	0.0	0.0	0.360
6339	0.0	0.0	0.141
6340	0.0	0.0	0.102
6341	0.0	0.0	0.306
6342	0.0	0.0	0.768
6343	0.0	0.0	2.076
6344	0.0	0.0	2.222
6345	0.0	0.0	2.232
6346	0.0	0.0	2.339
6347	0.0	0.0	2.232
6348	0.0	0.0	2.164
6349	0.0	0.0	2.003
6350	0.0	0.0	1.760
6351	0.0	0.0	1.604
6352	0.0	0.0	1.497
6353	0.0	0.0	1.556
6354	0.0	0.0	1.930
6355	0.0	0.0	2.154
6356	0.0	0.0	2.664
6357	0.0	0.0	2.737
6358	0.0	0.0	2.552
6359	0.0	0.0	1.536
6360	0.0	0.0	0.963
6361	0.0	0.0	0.666
6362	0.0	0.0	0.360
6363	0.0	0.0	0.141
6364	0.0	0.0	0.102
6365	0.0	0.0	0.306
6366	0.0	0.0	0.768
6367	0.0	0.0	2.076
6368	0.0	0.0	2.222
6369	0.0	0.0	2.232
6370	0.0	0.0	2.339
6371	0.0	0.0	2.232
6372	0.0	0.0	2.164
6373	0.0	0.0	2.003
6374	0.0	0.0	1.760
6375	0.0	0.0	1.604
6376	0.0	0.0	1.497
6377	0.0	0.0	1.556
6378	0.0	0.0	1.930
6379	0.0	0.0	2.154
6380	0.0	0.0	2.664
6381	0.0	0.0	2.737
6382	0.0	0.0	2.552
6383	0.0	0.0	1.536
6384	0.0	0.0	0.963
6385	0.0	0.0	0.666
6386	0.0	0.0	0.360
6387	0.0	0.0	0.141
6388	0.0	0.0	0.102
6389	0.0	0.0	0.306
6390	0.0	0.0	0.768
6391	0.0	0.0	2.076
6392	0.0	0.0	2.222
6393	0.0	0.0	2.232
6394	0.0	0.0	2.339
6395	0.0	0.0	2.232
6396	0.0	0.0	2.164
6397	0.0	0.0	2.003
6398	0.0	0.0	1.760
6399	0.0	0.0	1.604
6400	0.0	0.0	1.497
6401	0.0	0.0	1.556
6402	0.0	0.0	1.930
6403	0.0	0.0	2.154
6404	0.0	0.0	2.664
6405	0.0	0.0	2.737
6406	0.0	0.0	2.552
6407	0.0	0.0	1.536
6408	0.0	0.0	0.963
6409	0.0	0.0	0.666
6410	0.0	0.0	0.360
6411	0.0	0.0	0.141
6412	0.0	0.0	0.102
6413	0.0	0.0	0.306
6414	0.0	0.0	0.768
6415	0.0	0.0	2.076
6416	0.0	0.0	2.222
6417	0.0	0.0	2.232
6418	0.0	0.0	2.339
6419	0.0	0.0	2.232
6420	0.0	0.0	2.164
6421	0.0	0.0	2.003
6422	0.0	0.0	1.760
6423	0.0	0.0	1.604
6424	0.0	0.0	1.497
6425	0.0	0.0	1.556
6426	0.0	0.0	1.930
6427	0.0	0.0	2.154
6428	0.0	0.0	2.664
6429	0.0	0.0	2.737
6430	0.0	0.0	2.552
6431	0.0	0.0	1.536
6432	0.0	0.0	0.963
6433	0.0	0.0	0.666
6434	0.0	0.0	0.360
6435	0.0	0.0	0.141
6436	0.0	0.0	0.102
6437	0.0	0.0	0.306
6438	0.0	0.0	0.768
6439	0.0	0.0	2.076
6440	0.0	0.0	2.222
6441	0.0	0.0	2.232
6442	0.0	0.0	2.339
6443	0.0	0.0	2.232
6444	0.0	0.0	2.164
6445	0.0	0.0	2.003
6446	0.0	0.0	1.760
6447	0.0	0.0	1.604
6448	0.0	0.0	1.497
6449	0.0	0.0	1.556
6450	0.0	0.0	1.930
6451	0.0	0.0	2.154
6452	0.0	0.0	2.664
6453	0.0	0.0	2.737
6454	0.0	0.0	2.552
6455	0.0	0.0	1.536
6456	0.0	0.0	0.963
6457	0.0	0.0	0.666
6458	0.0	0.0	0.360
6459	0.0	0.0	0.141
6460	0.0	0.0	0.102
6461	0.0	0.0	0.306
6462	0.0	0.0	0.768
6463	0.0	0.0	2.076
6464	0.0	0.0	2.222
6465	0.0	0.0	2.232
6466	0.0	0.0	2.339
6467	0.0	0.0	2.232
6468	0.0	0.0	2.164
6469	0.0	0.0	2.003
6470	0.0	0.0	1.760
6471	0.0	0.0	1.604
6472	0.0	0.0	1.497
6473	0.0	0.0	1.556
6474	0.0	0.0	1.930
6475	0.0	0.0	2.154
6476	0.0	0.0	2.664
6477	0.0	0.0	2.737
6478	0.0	0.0	2.552
6479	0.0	0.0	1.536
6480	0.0	0.0	0.963
6481	0.0	0.0	0.666
6482	0.0	0.0	0.360
6483	0.0	0.0	0.141
6484	0.0	0.0	0.102
6485	0.0	0.0	0.306
6486	0.0	0.0	0.768
6487	0.0	0.0	2.076
6488	0.0	0.0	2.222
6489	0.0	0.0	2.232
6490	0.0	0.0	2.339
6491	0.0	0.0	2.232
6492	0.0	0.0	2.164
6493	0.0	0.0	2.003
6494	0.0	0.0	1.760
6495	0.0	0.0	1.604
6496	0.0	0.0	1.497
6497	0.0	0.0	1.556
6498	0.0	0.0	1.930
6499	0.0	0.0	2.154
6500	0.0	0.0	2.664
6501	0.0	0.0	2.737
6502	0.0	0.0	2.552
6503	0.0	0.0	1.536
6504	0.0	0.0	0.963
6505	0.0	0.0	0.666
6506	0.0	0.0	0.360
6507	0.0	0.0	0.141
6508	0.0	0.0	0.102
6509	0.0	0.0	0.306
6510	0.0	0.0	0.768
6511	0.0	0.0	2.076
6512	0.0	0.0	2.222
6513	0.0	0.0	2.232
6514	0.0	0.0	2.339
6515	0.0	0.0	2.232
6516	0.0	0.0	2.164
6517	0.0	0.0	2.003
6518	0.0	0.0	1.760
6519	0.0	0.0	1.604
6520	0.0	0.0	1.497
6521	0.0	0.0	1.556
6522	0.0	0.0	1.930
6523	0.0	0.0	2.154
6524	0.0	0.0	2.664
6525	0.0	0.0	2.737
6526	0.0	0.0	2.552
6527	0.0	0.0	1.536
6528	0.0	0.0	0.963
6529	0.0	0.0	0.666
6530	0.0	0.0	0.360
6531	0.0	0.0	0.141
6532	0.0	0.0	0.102
6533	0.0	0.0	0.306
6534	0.0	0.0	0.768
6535	0.0	0.0	2.076
6536	0.0	0.0	2.222
6537	0.0	0.0	2.232
6538	0.0	0.0	2.339
6539	0.0	0.0	2.232
6540	0.0	0.0	2.164
6541	0.0	0.0	2.003
6542	0.0	0.0	1.760
6543	0.0	0.0	1.604
6544	0.0	0.0	1.497
6545	0.0	0.0	1.556
6546	0.0	0.0	1.930
6547	0.0	0.0	2.154
6548	0.0	0.0	2.664
6549	0.0	0.0	2.737
6550	0.0	0.0	2.552
6551	0.0	0.0	1.536
6552	0.0	0.0	0.963
6553	0.0	0.0	0.666
6554	0.0	0.0	0.360
6555	0.0	0.0	0.141
6556	0.0	0.0	0.102
6557	0.0	0.0	0.306
6558	0.0	0.0	0.768
6559	0.0	0.0	2.076
6560	0.0	0.0	2.222
6561	0.0	0.0	2.232
6562	0.0	0.0	2.339
6563	0.0	0.0	2.232
6564	0.0	0.0	2.164
6565	0.0	0.0	2.003
6566	0.0	0.0	1.760
6567	0.0	0.0	1.604
6568	0.0	0.0	1.497
6569	0.0	0.0	1.556
6570	0.0	0.0	1.930
6571	0.0	0.0	2.154
6572	0.0	0.0	2.664
6573	0.0	0.0	2.737
6574	0.0	0.0	2.552
6575	0.0	0.0	1.536
6576	0.0	0.0	0.963
6577	2.2	0.0	0.666
6578	2.7	0.0	0.360
6579	3.1	0.0	0.141
6580	3.1	0.0	0.102
6581	3.3	0.0	0.306
6582	3.4	0.0	0.768
6583	3.4	0.0	2.076
6584	3.5	0.0	2.222
6585	3.3	0.0	2.232
6586	2.9	0.0	2.339
6587	2.3	0.0	2.232
6588	1.9	0.0	2.164
6589	1.7	0.0	2.003
6590	1.5	0.0	1.760
6591	0.8	0.0	1.604
6592	1.0	0.0	1.497
6593	1.3	0.0	1.556
6594	1.9	0.0	1.930
6595	2.5	0.0	2.154
6596	3.0	0.0	2.664
6597	3.2	0.0	2.737
6598	3.4	0.0	2.552
6599	4.0	0.0	1.536
6600	4.3	0.0	0.963
6601	4.8	0.0	0.666
6602	4.7	0.0	0.360
6603	4.8	0.0	0.141
6604	4.9	0.0	0.102
6605	5.3	0.0	0.306
6606	5.6	0.0	0.768
6607	5.2	0.0	2.076
6608	5.1	0.0	2.222
6609	4.6	0.0	2.232
6610	4.3	0.0	2.339
6611	3.8	0.0	2.232
6612	3.3	0.0	2.164
6613	3.0	0.0	2.003
6614	2.7	0.0	1.760
6615	2.6	0.0	1.604
6616	2.8	0.0	1.497
6617	2.8	0.0	1.556
6618	3.2	0.0	1.930
6619	3.3	0.0	2.154
6620	3.5	0.0	2.664
6621	3.6	0.0	2.737
6622	3.5	0.0	2.552
6623	3.6	0.0	1.536
6624	3.8	0.0	0.963
6625	3.6	0.0	0.666
6626	3.9	0.0	0.360
6627	4.0	0.0	0.141
6628	4.2	0.0	0.102
6629	4.3	0.0	0.306
6630	4.2	0.0	0.768
6631	4.1	0.0	2.076
6632	4.3	0.0	2.222
6633	4.1	0.0	2.232
6634	3.5	0.0	2.339
6635	3.0	0.0	2.232
6636	2.5	0.0	2.164
6637	2.1	0.0	2.003
6638	2.1	0.0	1.760
6639	1.9	0.0	1.604
6640	1.9	0.0	1.497
6641	2.3	0.0	1.556
6642	2.4	0.0	1.930
6643	3.1	0.0	2.154
6644	3.0	0.0	2.664
6645	3.6	0.0	2.737
6646	4.0	0.0	2.552
6647	4.3	0.0	1.536
6648	4.8	0.0	0.963
6649	5.1	0.0	0.666
6650	5.2	0.0	0.360
6651	5.0	0.0	0.141
6652	5.2	0.0	0.102
6653	5.1	0.0	0.306
6654	5.0	0.0	0.768
6655	5.0	0.0	2.076
6656	4.9	0.0	2.222
6657	4.2	0.0	2.232
6658	3.5	0.0	2.339
6659	3.1	0.0	2.232
6660	2.5	0.0	2.164
6661	2.1	0.0	2.003
6662	1.5	0.0	1.760
6663	1.6	0.0	1.604
6664	1.6	0.0	1.497
6665	1.9	0.0	1.556
6666	2.3	0.0	1.930
6667	2.6	0.0	2.154
6668	2.8	0.0	2.664
6669	3.0	0.0	2.737
6670	3.3	0.0	2.552
6671	3.6	0.0	1.536
6672	3.4	0.0	0.963
6673	3.5	0.0	0.666
6674	4.0	0.0	0.360
6675	4.3	0.0	0.141
6676	4.6	0.0	0.102
6677	4.9	0.0	0.306
6678	5.2	0.0	0.768
6679	5.3	0.0	2.076
6680	5.3	0.0	2.222
6681	5.0	0.0	2.232
6682	4.4	0.0	2.339
6683	4.0	0.0	2.232
6684	3.9	0.0	2.164
6685	3.5	0.0	2.003
6686	2.9	0.0	1.760
6687	2.7	0.0	1.604
6688	3.0	0.0	1.497
6689	3.2	0.0	1.556
6690	3.8	0.0	1.930
6691	4.2	0.0	2.154
6692	4.6	0.0	2.664
6693	4.9	0.0	2.737
6694	5.1	0.0	2.552
6695	5.6	0.0	1.536
6696	5.8	0.0	0.963
6697	6.3	0.0	0.666
6698	6.5	0.0	0.360
6699	6.9	0.0	0.141
6700	6.8	0.0	0.102
6701	6.8	0.0	0.306
6702	7.0	0.0	0.768
6703	7.0	0.0	2.076
6704	7.1	0.0	2.222
6705	7.1	0.0	2.232
6706	6.4	0.0	2.339
6707	5.7	0.0	2.232
6708	5.4	0.0	2.164
6709	5.3	0.0	2.003
6710	5.0	0.0	1.760
6711	4.9	0.0	1.604
6712	4.9	0.0	1.497
6713	5.1	0.0	1.556
6714	5.3	0.0	1.930
6715	5.6	0.0	2.154
6716	5.6	0.0	2.664
6717	5.8	0.0	2.737
6718	6.1	0.0	2.552
6719	6.3	0.0	1.536
6720	6.4	0.0	0.963
6721	6.4	0.0	0.666
6722	6.4	0.0	0.360
6723	6.6	0.0	0.141
6724	6.4	0.0	0.102
6725	6.4	0.0	0.306
6726	6.6	0.0	0.768
6727	6.7	0.0	2.076
6728	6.8	0.0	2.222
6729	6.2	0.0	2.232
6730	5.6	0.0	2.339
6731	4.9	0.0	2.232
6732	4.3	0.0	2.164
6733	3.9	0.0	2.003
6734	3.7	0.0	1.760
6735	3.6	0.0	1.604
6736	4.0	0.0	1.497
6737	4.3	0.0	1.556
6738	4.7	0.0	1.930
6739	4.8	0.0	2.154
6740	5.1	0.0	2.664
6741	5.3	0.0	2.737
6742	5.6	0.0	2.552
6743	5.6	0.0	1.536
6744	5.8	0.0	0.963
6745	5.9	0.0	0.666
6746	6.0	0.0	0.360
6747	6.1	0.0	0.141
6748	6.2	0.0	0.102
6749	6.5	0.0	0.306
6750	6.5	0.0	0.768
6751	6.5	0.0	2.076
6752	6.5	0.0	2.222
6753	6.2	0.0	2.232
6754	5.8	0.0	2.339
6755	5.5	0.0	2.232
6756	4.9	0.0	2.164
6757	5.1	0.0	2.003
6758	4.8	0.0	1.760
6759	4.6	0.0	1.604
6760	4.6	0.0	1.497
6761	5.0	0.0	1.556
6762	5.2	0.0	1.930
6763	5.5	0.0	2.154
6764	6.2	0.0	2.664
6765	6.4	0.0	2.737
6766	6.6	0.0	2.552
6767	6.9	0.0	1.536
6768	6.9	0.0	0.963
6769	6.9	0.0	0.666
6770	7.2	0.0	0.360
6771	7.1	0.0	0.141
6772	6.9	0.0	0.102
6773	7.0	0.0	0.306
6774	7.1	0.0	0.768
6775	6.9	0.0	2.076
6776	6.9	0.0	2.222
6777	6.6	0.0	2.232
6778	6.2	0.0	2.339
6779	5.6	0.0	2.232
6780	5.2	0.0	2.164
6781	4.3	0.0	2.003
6782	4.0	0.0	1.760
6783	4.0	0.0	1.604
6784	4.0	0.0	1.497
6785	4.3	0.0	1.556
6786	4.6	0.0	1.930
6787	5.0	0.0	2.154
6788	5.2	0.0	2.664
6789	5.4	0.0	2.737
6790	5.5	0.0	2.552
6791	5.7	0.0	1.536
6792	6.0	0.0	0.963
6793	6.0	0.0	0.666
6794	5.9	0.0	0.360
6795	6.0	0.0	0.141
6796	5.9	0.0	0.102
6797	6.2	0.0	0.306
6798	6.1	0.0	0.768
6799	6.3	0.0	2.076
6800	6.4	0.0	2.222
6801	6.3	0.0	2.232
6802	5.8	0.0	2.339
6803	5.8	0.0	2.232
6804	5.4	0.0	2.164
6805	5.0	0.0	2.003
6806	4.8	0.0	1.760
6807	4.8	0.0	1.604
6808	4.5	0.0	1.497
6809	4.6	0.0	1.556
6810	4.6	0.0	1.930
6811	5.1	0.0	2.154
6812	5.0	0.0	2.664
6813	5.2	0.0	2.737
6814	5.0	0.0	2.552
6815	5.1	0.0	1.536
6816	5.0	0.0	0.963
6817	4.8	0.0	0.666
6818	4.4	0.0	0.360
6819	4.3	0.0	0.141
6820	4.6	0.0	0.102
6821	4.6	0.0	0.306
6822	4.5	0.0	0.768
6823	4.6	0.0	2.076
6824	4.3	0.0	2.222
6825	4.2	0.0	2.232
6826	4.1	0.0	2.339
6827	4.1	0.0	2.232
6828	3.8	0.0	2.164
6829	3.4	0.0	2.003
6830	3.0	0.0	1.760
6831	2.9	0.0	1.604
6832	2.8	0.0	1.497
6833	2.6	0.0	1.556
6834	2.8	0.0	1.930
6835	2.6	0.0	2.154
6836	2.8	0.0	2.664
6837	2.8	0.0	2.737
6838	2.7	0.0	2.552
6839	2.6	0.0	1.536
6840	2.6	0.0	0.963
6841	2.6	0.0	0.666
6842	3.0	0.0	0.360
6843	3.3	0.0	0.141
6844	3.4	0.0	0.102
6845	3.8	0.0	0.306
6846	3.9	0.0	0.768
6847	4.2	0.0	2.076
6848	4.1	0.0	2.222
6849	4.2	0.0	2.232
6850	3.9	0.0	2.339
6851	3.6	0.0	2.232
6852	3.2	0.0	2.164
6853	2.9	0.0	2.003
6854	2.7	0.0	1.760
6855	2.9	0.0	1.604
6856	3.0	0.0	1.497
6857	3.4	0.0	1.556
6858	3.8	0.0	1.930
6859	4.3	0.0	2.154
6860	5.0	0.0	2.664
6861	5.3	0.0	2.737
6862	5.7	0.0	2.552
6863	6.1	0.0	1.536
6864	6.6	0.0	0.963
6865	6.9	0.0	0.666
6866	7.0	0.0	0.360
6867	7.0	0.0	0.141
6868	6.8	0.0	0.102
6869	6.7	0.0	0.306
6870	6.7	0.0	0.768
6871	6.9	0.0	2.076
6872	6.7	0.0	2.222
6873	6.7	0.0	2.232
6874	6.2	0.0	2.339
6875	5.5	0.0	2.232
6876	4.9	0.0	2.164
6877	4.3	0.0	2.003
6878	4.0	0.0	1.760
6879	3.5	0.0	1.604
6880	3.3	0.0	1.497
6881	3.4	0.0	1.556
6882	3.8	0.0	1.930
6883	4.2	0.0	2.154
6884	4.7	0.0	2.664
6885	5.0	0.0	2.737
6886	5.4	0.0	2.552
6887	5.6	0.0	1.536
6888	5.7	0.0	0.963
6889	5.8	0.0	0.666
6890	6.0	0.0	0.360
6891	6.1	0.0	0.141
6892	6.3	0.0	0.102
6893	6.3	0.0	0.306
6894	6.1	0.0	0.768
6895	6.1	0.0	2.076
6896	5.8	0.0	2.222
6897	5.4	0.0	2.232
6898	4.9	0.0	2.339
6899	4.3	0.0	2.232
6900	3.9	0.0	2.164
6901	3.3	0.0	2.003
6902	2.9	0.0	1.760
6903	2.7	0.0	1.604
6904	2.8	0.0	1.497
6905	2.8	0.0	1.556
6906	2.8	0.0	1.930
6907	3.2	0.0	2.154
6908	3.5	0.0	2.664
6909	3.7	0.0	2.737
6910	3.6	0.0	2.552
6911	3.6	0.0	1.536
6912	3.8	0.0	0.963
6913	3.8	0.0	0.666
6914	3.7	0.0	0.360
6915	3.8	0.0	0.141
6916	3.8	0.0	0.102
6917	3.8	0.0	0.306
6918	3.8	0.0	0.768
6919	3.8	0.0	2.076
6920	3.9	0.0	2.222
6921	3.4	0.0	2.232
6922	2.8	0.0	2.339
6923	2.4	0.0	2.232
6924	1.9	0.0	2.164
6925	1.5	0.0	2.003
6926	1.2	0.0	1.760
6927	1.2	0.0	1.604
6928	1.3	0.0	1.497
6929	1.3	0.0	1.556
6930	1.6	0.0	1.930
6931	2.0	0.0	2.154
6932	2.2	0.0	2.664
6933	2.5	0.0	2.737
6934	2.5	0.0	2.552
6935	2.3	0.0	1.536
6936	2.7	0.0	0.963
6937	2.7	0.0	0.666
6938	2.8	0.0	0.360
6939	2.9	0.0	0.141
6940	2.8	0.0	0.102
6941	2.9	0.0	0.306
6942	2.9	0.0	0.768
6943	2.9	0.0	2.076
6944	3.2	0.0	2.222
6945	3.3	0.0	2.232
6946	2.9	0.0	2.339
6947	2.8	0.0	2.232
6948	2.6	0.0	2.164
6949	2.6	0.0	2.003
6950	2.5	0.0	1.760
6951	2.3	0.0	1.604
6952	2.3	0.0	1.497
6953	2.6	0.0	1.556
6954	2.8	0.0	1.930
6955	3.1	0.0	2.154
6956	3.4	0.0	2.664
6957	3.3	0.0	2.737
6958	3.5	0.0	2.552
6959	3.5	0.0	1.536
6960	3.7	0.0	0.963
6961	3.7	0.0	0.666
6962	3.6	0.0	0.360
6963	3.7	0.0	0.141
6964	3.7	0.0	0.102
6965	3.6	0.0	0.306
6966	3.8	0.0	0.768
6967	3.7	0.0	2.076
6968	3.8	0.0	2.222
6969	3.8	0.0	2.232
6970	3.5	0.0	2.339
6971	3.3	0.0	2.232
6972	3.2	0.0	2.164
6973	2.9	0.0	2.003
6974	2.9	0.0	1.760
6975	2.7	0.0	1.604
6976	3.0	0.0	1.497
6977	3.2	0.0	1.556
6978	3.5	0.0	1.930
6979	3.4	0.0	2.154
6980	3.7	0.0	2.664
6981	3.6	0.0	2.737
6982	3.9	0.0	2.552
6983	4.2	0.0	1.536
6984	4.7	0.0	0.963
6985	4.7	0.0	0.666
6986	4.8	0.0	0.360
6987	5.0	0.0	0.141
6988	5.1	0.0	0.102
6989	5.3	0.0	0.306
6990	5.4	0.0	0.768
6991	5.3	0.0	2.076
6992	5.2	0.0	2.222
6993	4.8	0.0	2.232
6994	4.3	0.0	2.339
6995	3.8	0.0	2.232
6996	3.4	0.0	2.164
6997	2.8	0.0	2.003
6998	2.7	0.0	1.760
6999	2.1	0.0	1.604
7000	2.2	0.0	1.497
7001	2.3	0.0	1.556
7002	2.7	0.0	1.930
7003	3.1	0.0	2.154
7004	3.2	0.0	2.664
7005	3.5	0.0	2.737
7006	3.8	0.0	2.552
7007	3.8	0.0	1.536
7008	4.1	0.0	0.963
7009	4.1	0.0	0.666
7010	4.2	0.0	0.360
7011	4.3	0.0	0.141
7012	4.5	0.0	0.102
7013	4.4	0.0	0.306
7014	4.4	0.0	0.768
7015	4.6	0.0	2.076
7016	4.5	0.0	2.222
7017	4.0	0.0	2.232
7018	3.5	0.0	2.339
7019	3.0	0.0	2.232
7020	2.3	0.0	2.164
7021	1.8	0.0	2.003
7022	1.4	0.0	1.760
7023	1.1	0.0	1.604
7024	1.0	0.0	1.497
7025	1.2	0.0	1.556
7026	1.4	0.0	1.930
7027	1.6	0.0	2.154
7028	1.8	0.0	2.664
7029	2.2	0.0	2.737
7030	2.5	0.0	2.552
7031	2.8	0.0	1.536
7032	2.8	0.0	0.963
7033	3.0	0.0	0.666
7034	2.7	0.0	0.360
7035	2.8	0.0	0.141
7036	2.8	0.0	0.102
7037	2.7	0.0	0.306
7038	2.6	0.0	0.768
7039	2.6	0.0	2.076
7040	2.7	0.0	2.222
7041	2.4	0.0	2.232
7042	2.4	0.0	2.339
7043	2.1	0.0	2.232
7044	2.0	0.0	2.164
7045	1.5	0.0	2.003
7046	1.2	0.0	1.760
7047	1.0	0.0	1.604
7048	1.0	0.0	1.497
7049	0.8	0.0	1.556
7050	1.0	0.0	1.930
7051	1.4	0.0	2.154
7052	1.3	0.0	2.664
7053	1.5	0.0	2.737
7054	1.7	0.0	2.552
7055	1.8	0.0	1.536
7056	1.6	0.0	0.963
7057	0.0	0.0	0.666
7058	0.0	0.0	0.360
7059	0.0	0.0	0.141
7060	0.0	0.0	0.102
7061	0.0	0.0	0.306
7062	0.0	0.0	0.768
7063	0.0	0.0	2.076
7064	0.0	0.0	2.222
7065	0.0	0.0	2.232
7066	0.0	0.0	2.339
7067	0.0	0.0	2.232
7068	0.0	0.0	2.164
7069	0.0	0.0	2.003
7070	0.0	0.0	1.760
7071	0.0	0.0	1.604
7072	0.0	0.0	1.497
7073	0.0	0.0	1.556
7074	0.0	0.0	1.930
7075	0.0	0.0	2.154
7076	0.0	0.0	2.664
7077	0.0	0.0	2.737
7078	0.0	0.0	2.552
7079	0.0	0.0	1.536
7080	0.0	0.0	0.963
7081	2.0	0.0	0.666
7082	2.2	0.0	0.360
7083	2.4	0.0	0.141
7084	2.6	0.0	0.102
7085	2.5	0.0	0.306
7086	2.8	0.0	0.768
7087	2.9	0.0	2.076
7088	2.8	0.0	2.222
7089	2.6	0.0	2.232
7090	2.3	0.0	2.339
7091	1.9	0.0	2.232
7092	1.8	0.0	2.164
7093	1.7	0.0	2.003
7094	1.3	0.0	1.760
7095	1.4	0.0	1.604
7096	1.3	0.0	1.497
7097	1.9	0.0	1.556
7098	2.5	0.0	1.930
7099	2.7	0.0	2.154
7100	3.2	0.0	2.664
7101	3.4	0.0	2.737
7102	3.8	0.0	2.552
7103	4.1	0.0	1.536
7104	4.6	0.0	0.963
7105	4.8	0.0	0.666
7106	4.7	0.0	0.360
7107	4.7	0.0	0.141
7108	4.5	0.0	0.102
7109	4.5	0.0	0.306
7110	4.7	0.0	0.768
7111	4.5	0.0	2.076
7112	4.4	0.0	2.222
7113	3.9	0.0	2.232
7114	3.5	0.0	2.339
7115	3.1	0.0	2.232
7116	2.7	0.0	2.164
7117	2.5	0.0	2.003
7118	2.0	0.0	1.760
7119	1.9	0.0	1.604
7120	2.0	0.0	1.497
7121	2.0	0.0	1.556
7122	1.9	0.0	1.930
7123	2.4	0.0	2.154
7124	2.6	0.0	2.664
7125	2.5	0.0	2.737
7126	2.8	0.0	2.552
7127	2.9	0.0	1.536
7128	2.8	0.0	0.963
7129	2.8	0.0	0.666
7130	3.1	0.0	0.360
7131	3.2	0.0	0.141
7132	3.6	0.0	0.102
7133	4.0	0.0	0.306
7134	4.3	0.0	0.768
7135	4.4	0.0	2.076
7136	4.4	0.0	2.222
7137	4.2	0.0	2.232
7138	3.8	0.0	2.339
7139	3.3	0.0	2.232
7140	2.9	0.0	2.164
7141	2.4	0.0	2.003
7142	2.3	0.0	1.760
7143	2.3	0.0	1.604
7144	2.0	0.0	1.497
7145	2.6	0.0	1.556
7146	3.2	0.0	1.930
7147	3.7	0.0	2.154
7148	4.3	0.0	2.664
7149	4.7	0.0	2.737
7150	5.1	0.0	2.552
7151	5.5	0.0	1.536
7152	5.4	0.0	0.963
7153	5.9	0.0	0.666
7154	5.7	0.0	0.360
7155	5.9	0.0	0.141
7156	5.7	0.0	0.102
7157	5.6	0.0	0.306
7158	5.5	0.0	0.768
7159	5.4	0.0	2.076
7160	5.5	0.0	2.222
7161	5.1	0.0	2.232
7162	4.6	0.0	2.339
7163	4.4	0.0	2.232
7164	3.8	0.0	2.164
7165	3.9	0.0	2.003
7166	3.8	0.0	1.760
7167	3.8	0.0	1.604
7168	3.6	0.0	1.497
7169	3.5	0.0	1.556
7170	4.1	0.0	1.930
7171	4.0	0.0	2.154
7172	3.6	0.0	2.664
7173	3.8	0.0	2.737
7174	4.0	0.0	2.552
7175	4.3	0.0	1.536
7176	4.2	0.0	0.963
7177	4.3	0.0	0.666
7178	4.3	0.0	0.360
7179	4.2	0.0	0.141
7180	4.3	0.0	0.102
7181	4.7	0.0	0.306
7182	4.8	0.0	0.768
7183	4.7	0.0	2.076
7184	4.7	0.0	2.222
7185	4.7	0.0	2.232
7186	4.5	0.0	2.339
7187	4.4	0.0	2.232
7188	4.2	0.0	2.164
7189	4.0	0.0	2.003
7190	4.0	0.0	1.760
7191	4.0	0.0	1.604
7192	4.0	0.0	1.497
7193	4.3	0.0	1.556
7194	4.4	0.0	1.930
7195	4.5	0.0	2.154
7196	4.7	0.0	2.664
7197	4.9	0.0	2.737
7198	4.9	0.0	2.552
7199	4.8	0.0	1.536
7200	4.8	0.0	0.963
7201	4.7	0.0	0.666
7202	4.8	0.0	0.360
7203	4.8	0.0	0.141
7204	5.1	0.0	0.102
7205	5.2	0.0	0.306
7206	5.0	0.0	0.768
7207	5.1	0.0	2.076
7208	5.3	0.0	2.222
7209	5.3	0.0	2.232
7210	4.8	0.0	2.339
7211	4.5	0.0	2.232
7212	4.3	0.0	2.164
7213	4.1	0.0	2.003
7214	3.8	0.0	1.760
7215	3.8	0.0	1.604
7216	3.9	0.0	1.497
7217	4.0	0.0	1.556
7218	4.2	0.0	1.930
7219	4.8	0.0	2.154
7220	5.0	0.0	2.664
7221	5.3	0.0	2.737
7222	5.4	0.0	2.552
7223	5.2	0.0	1.536
7224	5.5	0.0	0.963
7225	5.6	0.0	0.666
7226	6.0	0.0	0.360
7227	5.8	0.0	0.141
7228	6.2	0.0	0.102
7229	6.3	0.0	0.306
7230	6.5	0.0	0.768
7231	6.4	0.0	2.076
7232	6.5	0.0	2.222
7233	6.3	0.0	2.232
7234	5.5	0.0	2.339
7235	4.9	0.0	2.232
7236	4.3	0.0	2.164
7237	3.9	0.0	2.003
7238	3.2	0.0	1.760
7239	3.3	0.0	1.604
7240	3.6	0.0	1.497
7241	4.0	0.0	1.556
7242	4.5	0.0	1.930
7243	5.1	0.0	2.154
7244	5.6	0.0	2.664
7245	5.8	0.0	2.737
7246	6.4	0.0	2.552
7247	6.7	0.0	1.536
7248	7.2	0.0	0.963
7249	7.5	0.0	0.666
7250	7.8	0.0	0.360
7251	7.9	0.0	0.141
7252	7.7	0.0	0.102
7253	7.7	0.0	0.306
7254	7.8	0.0	0.768
7255	7.9	0.0	2.076
7256	7.7	0.0	2.222
7257	7.5	0.0	2.232
7258	7.0	0.0	2.339
7259	6.4	0.0	2.232
7260	5.6	0.0	2.164
7261	5.2	0.0	2.003
7262	4.8	0.0	1.760
7263	4.6	0.0	1.604
7264	4.3	0.0	1.497
7265	4.6	0.0	1.556
7266	5.5	0.0	1.930
7267	6.0	0.0	2.154
7268	6.3	0.0	2.664
7269	6.5	0.0	2.737
7270	6.6	0.0	2.552
7271	7.1	0.0	1.536
7272	7.4	0.0	0.963
7273	7.4	0.0	0.666
7274	7.4	0.0	0.360
7275	7.3	0.0	0.141
7276	7.2	0.0	0.102
7277	7.3	0.0	0.306
7278	7.5	0.0	0.768
7279	7.7	0.0	2.076
7280	7.5	0.0	2.222
7281	7.0	0.0	2.232
7282	6.6	0.0	2.339
7283	6.0	0.0	2.232
7284	5.2	0.0	2.164
7285	4.5	0.0	2.003
7286	4.2	0.0	1.760
7287	3.9	0.0	1.604
7288	4.0	0.0	1.497
7289	4.0	0.0	1.556
7290	4.5	0.0	1.930
7291	5.0	0.0	2.154
7292	5.4	0.0	2.664
7293	5.7	0.0	2.737
7294	6.1	0.0	2.552
7295	6.6	0.0	1.536
7296	6.8	0.0	0.963
7297	14.3	0.0	0.666
7298	14.4	0.0	0.360
7299	15.0	0.0	0.141
7300	15.1	0.0	0.102
7301	15.0	0.0	0.306
7302	15.1	0.0	0.768
7303	14.8	0.0	2.076
7304	15.2	0.0	2.222
7305	14.7	0.0	2.232
7306	14.0	0.0	2.339
7307	12.5	0.0	2.232
7308	12.6	0.0	2.164
7309	11.7	0.0	2.003
7310	11.8	0.0	1.760
7311	11.6	0.0	1.604
7312	12.2	0.0	1.497
7313	12.8	0.0	1.556
7314	13.3	0.0	1.930
7315	13.5	0.0	2.154
7316	13.4	0.0	2.664
7317	14.1	0.0	2.737
7318	13.7	0.0	2.552
7319	13.7	0.0	1.536
7320	14.3	0.0	0.963
7321	14.8	0.0	0.666
7322	15.1	0.0	0.360
7323	14.6	0.0	0.141
7324	13.9	0.0	0.102
7325	13.7	0.0	0.306
7326	13.3	0.0	0.768
7327	13.4	0.0	2.076
7328	13.5	0.0	2.222
7329	12.3	0.0	2.232
7330	11.8	0.0	2.339
7331	10.6	0.0	2.232
7332	9.8	0.0	2.164
7333	9.1	0.0	2.003
7334	8.4	0.0	1.760
7335	7.7	0.0	1.604
7336	7.9	0.0	1.497
7337	8.4	0.0	1.556
7338	7.8	0.0	1.930
7339	8.4	0.0	2.154
7340	8.0	0.0	2.664
7341	8.0	0.0	2.737
7342	8.0	0.0	2.552
7343	7.8	0.0	1.536
7344	7.9	0.0	0.963
7345	7.4	0.0	0.666
7346	7.5	0.0	0.360
7347	7.5	0.0	0.141
7348	7.7	0.0	0.102
7349	8.7	0.0	0.306
7350	8.2	0.0	0.768
7351	7.9	0.0	2.076
7352	7.7	0.0	2.222
7353	7.1	0.0	2.232
7354	6.9	0.0	2.339
7355	6.0	0.0	2.232
7356	4.7	0.0	2.164
7357	4.3	0.0	2.003
7358	3.5	0.0	1.760
7359	3.7	0.0	1.604
7360	4.0	0.0	1.497
7361	4.4	0.0	1.556
7362	5.0	0.0	1.930
7363	5.0	0.0	2.154
7364	5.1	0.0	2.664
7365	5.1	0.0	2.737
7366	6.0	0.0	2.552
7367	6.2	0.0	1.536
7368	7.0	0.0	0.963
7369	7.3	0.0	0.666
7370	6.9	0.0	0.360
7371	7.1	0.0	0.141
7372	6.9	0.0	0.102
7373	6.8	0.0	0.306
7374	7.4	0.0	0.768
7375	7.1	0.0	2.076
7376	7.2	0.0	2.222
7377	7.8	0.0	2.232
7378	8.1	0.0	2.339
7379	7.9	0.0	2.232
7380	7.5	0.0	2.164
7381	7.3	0.0	2.003
7382	6.9	0.0	1.760
7383	6.7	0.0	1.604
7384	7.0	0.0	1.497
7385	7.3	0.0	1.556
7386	7.8	0.0	1.930
7387	8.3	0.0	2.154
7388	8.5	0.0	2.664
7389	8.5	0.0	2.737
7390	8.8	0.0	2.552
7391	9.1	0.0	1.536
7392	8.8	0.0	0.963
7393	8.7	0.0	0.666
7394	8.8	0.0	0.360
7395	8.9	0.0	0.141
7396	9.1	0.0	0.102
7397	9.7	0.0	0.306
7398	10.0	0.0	0.768
7399	10.5	0.0	2.076
7400	11.1	0.0	2.222
7401	11.1	0.0	2.232
7402	10.6	0.0	2.339
7403	9.7	0.0	2.232
7404	8.7	0.0	2.164
7405	8.1	0.0	2.003
7406	7.3	0.0	1.760
7407	7.1	0.0	1.604
7408	7.9	0.0	1.497
7409	8.6	0.0	1.556
7410	9.1	0.0	1.930
7411	9.2	0.0	2.154
7412	9.8	0.0	2.664
7413	9.5	0.0	2.737
7414	9.6	0.0	2.552
7415	9.7	0.0	1.536
7416	10.3	0.0	0.963
7417	9.7	0.0	0.666
7418	9.7	0.0	0.360
7419	10.3	0.0	0.141
7420	11.2	0.0	0.102
7421	11.5	0.0	0.306
7422	11.7	0.0	0.768
7423	11.7	0.0	2.076
7424	11.6	0.0	2.222
7425	11.5	0.0	2.232
7426	11.1	0.0	2.339
7427	10.5	0.0	2.232
7428	9.8	0.0	2.164
7429	9.7	0.0	2.003
7430	9.2	0.0	1.760
7431	9.6	0.0	1.604
7432	10.1	0.0	1.497
7433	10.2	0.0	1.556
7434	10.2	0.0	1.930
7435	10.8	0.0	2.154
7436	10.8	0.0	2.664
7437	10.9	0.0	2.737
7438	11.4	0.0	2.552
7439	11.6	0.0	1.536
7440	11.7	0.0	0.963
7441	12.1	0.0	0.666
7442	12.2	0.0	0.360
7443	12.6	0.0	0.141
7444	12.0	0.0	0.102
7445	11.7	0.0	0.306
7446	12.1	0.0	0.768
7447	12.5	0.0	2.076
7448	11.9	0.0	2.222
7449	11.6	0.0	2.232
7450	11.0	0.0	2.339
7451	9.9	0.0	2.232
7452	9.5	0.0	2.164
7453	8.2	0.0	2.003
7454	7.6	0.0	1.760
7455	7.8	0.0	1.604
7456	7.7	0.0	1.497
7457	8.8	0.0	1.556
7458	9.1	0.0	1.930
7459	9.4	0.0	2.154
7460	9.2	0.0	2.664
7461	9.1	0.0	2.737
7462	9.1	0.0	2.552
7463	9.3	0.0	1.536
7464	9.9	0.0	0.963
7465	9.8	0.0	0.666
7466	10.3	0.0	0.360
7467	10.5	0.0	0.141
7468	10.2	0.0	0.102
7469	10.3	0.0	0.306
7470	10.8	0.0	0.768
7471	11.5	0.0	2.076
7472	12.0	0.0	2.222
7473	11.5	0.0	2.232
7474	10.7	0.0	2.339
7475	9.8	0.0	2.232
7476	9.3	0.0	2.164
7477	8.5	0.0	2.003
7478	8.2	0.0	1.760
7479	8.2	0.0	1.604
7480	9.3	0.0	1.497
7481	9.4	0.0	1.556
7482	10.3	0.0	1.930
7483	10.3	0.0	2.154
7484	10.4	0.0	2.664
7485	10.9	0.0	2.737
7486	10.9	0.0	2.552
7487	11.1	0.0	1.536
7488	11.5	0.0	0.963
7489	11.9	0.0	0.666
7490	12.1	0.0	0.360
7491	11.9	0.0	0.141
7492	12.0	0.0	0.102
7493	12.1	0.0	0.306
7494	11.5	0.0	0.768
7495	10.4	0.0	2.076
7496	9.9	0.0	2.222
7497	8.9	0.0	2.232
7498	8.7	0.0	2.339
7499	7.8	0.0	2.232
7500	6.6	0.0	2.164
7501	5.8	0.0	2.003
7502	4.6	0.0	1.760
7503	4.5	0.0	1.604
7504	4.9	0.0	1.497
7505	5.2	0.0	1.556
7506	6.0	0.0	1.930
7507	6.3	0.0	2.154
7508	6.5	0.0	2.664
7509	6.0	0.0	2.737
7510	6.2	0.0	2.552
7511	6.3	0.0	1.536
7512	6.5	0.0	0.963
7513	6.2	0.0	0.666
7514	6.3	0.0	0.360
7515	7.2	0.0	0.141
7516	7.0	0.0	0.102
7517	6.7	0.0	0.306
7518	7.5	0.0	0.768
7519	8.2	0.0	2.076
7520	8.0	0.0	2.222
7521	7.4	0.0	2.232
7522	7.2	0.0	2.339
7523	6.3	0.0	2.232
7524	5.1	0.0	2.164
7525	3.9	0.0	2.003
7526	3.9	0.0	1.760
7527	3.4	0.0	1.604
7528	3.1	0.0	1.497
7529	3.8	0.0	1.556
7530	4.2	0.0	1.930
7531	4.3	0.0	2.154
7532	5.0	0.0	2.664
7533	5.4	0.0	2.737
7534	5.7	0.0	2.552
7535	6.1	0.0	1.536
7536	6.4	0.0	0.963
7537	7.0	0.0	0.666
7538	7.3	0.0	0.360
7539	8.1	0.0	0.141
7540	8.1	0.0	0.102
7541	8.3	0.0	0.306
7542	8.8	0.0	0.768
7543	8.4	0.0	2.076
7544	8.6	0.0	2.222
7545	8.6	0.0	2.232
7546	8.0	0.0	2.339
7547	7.7	0.0	2.232
7548	7.3	0.0	2.164
7549	6.5	0.0	2.003
7550	6.0	0.0	1.760
7551	5.4	0.0	1.604
7552	5.6	0.0	1.497
7553	6.1	0.0	1.556
7554	6.5	0.0	1.930
7555	7.3	0.0	2.154
7556	7.5	0.0	2.664
7557	8.0	0.0	2.737
7558	8.2	0.0	2.552
7559	8.1	0.0	1.536
7560	8.4	0.0	0.963
7561	8.2	0.0	0.666
7562	9.0	0.0	0.360
7563	9.1	0.0	0.141
7564	9.2	0.0	0.102
7565	8.8	0.0	0.306
7566	8.9	0.0	0.768
7567	8.9	0.0	2.076
7568	9.1	0.0	2.222
7569	9.6	0.0	2.232
7570	9.0	0.0	2.339
7571	8.3	0.0	2.232
7572	7.8	0.0	2.164
7573	7.2	0.0	2.003
7574	7.1	0.0	1.760
7575	7.0	0.0	1.604
7576	7.1	0.0	1.497
7577	6.4	0.0	1.556
7578	7.1	0.0	1.930
7579	7.7	0.0	2.154
7580	7.6	0.0	2.664
7581	7.6	0.0	2.737
7582	7.5	0.0	2.552
7583	7.1	0.0	1.536
7584	7.7	0.0	0.963
7585	8.0	0.0	0.666
7586	8.5	0.0	0.360
7587	8.6	0.0	0.141
7588	9.4	0.0	0.102
7589	9.5	0.0	0.306
7590	9.4	0.0	0.768
7591	9.8	0.0	2.076
7592	10.3	0.0	2.222
7593	10.3	0.0	2.232
7594	10.2	0.0	2.339
7595	9.5	0.0	2.232
7596	9.6	0.0	2.164
7597	9.5	0.0	2.003
7598	9.7	0.0	1.760
7599	10.2	0.0	1.604
7600	10.9	0.0	1.497
7601	11.5	0.0	1.556
7602	12.3	0.0	1.930
7603	12.9	0.0	2.154
7604	13.1	0.0	2.664
7605	13.1	0.0	2.737
7606	13.2	0.0	2.552
7607	14.0	0.0	1.536
7608	14.4	0.0	0.963
7609	14.2	0.0	0.666
7610	14.1	0.0	0.360
7611	14.0	0.0	0.141
7612	14.0	0.0	0.102
7613	14.3	0.0	0.306
7614	14.2	0.0	0.768
7615	14.5	0.0	2.076
7616	14.6	0.0	2.222
7617	15.3	0.0	2.232
7618	15.5	0.0	2.339
7619	15.7	0.0	2.232
7620	15.0	0.0	2.164
7621	14.7	0.0	2.003
7622	14.7	0.0	1.760
7623	14.3	0.0	1.604
7624	14.7	0.0	1.497
7625	15.2	0.0	1.556
7626	15.8	0.0	1.930
7627	16.9	0.0	2.154
7628	17.3	0.0	2.664
7629	17.3	0.0	2.737
7630	17.7	0.0	2.552
7631	18.0	0.0	1.536
7632	18.7	0.0	0.963
7633	18.7	0.0	0.666
7634	18.4	0.0	0.360
7635	18.8	0.0	0.141
7636	19.2	0.0	0.102
7637	19.6	0.0	0.306
7638	19.5	0.0	0.768
7639	19.3	0.0	2.076
7640	19.3	0.0	2.222
7641	18.9	0.0	2.232
7642	18.3	0.0	2.339
7643	17.6	0.0	2.232
7644	16.8	0.0	2.164
7645	15.7	0.0	2.003
7646	14.9	0.0	1.760
7647	14.4	0.0	1.604
7648	14.2	0.0	1.497
7649	14.8	0.0	1.556
7650	15.6	0.0	1.930
7651	16.4	0.0	2.154
7652	17.0	0.0	2.664
7653	17.9	0.0	2.737
7654	18.4	0.0	2.552
7655	18.5	0.0	1.536
7656	18.2	0.0	0.963
7657	18.3	0.0	0.666
7658	18.7	0.0	0.360
7659	19.2	0.0	0.141
7660	19.1	0.0	0.102
7661	19.2	0.0	0.306
7662	19.5	0.0	0.768
7663	19.6	0.0	2.076
7664	19.8	0.0	2.222
7665	18.9	0.0	2.232
7666	17.9	0.0	2.339
7667	17.0	0.0	2.232
7668	15.7	0.0	2.164
7669	15.3	0.0	2.003
7670	14.6	0.0	1.760
7671	14.5	0.0	1.604
7672	14.2	0.0	1.497
7673	14.7	0.0	1.556
7674	16.0	0.0	1.930
7675	16.7	0.0	2.154
7676	17.6	0.0	2.664
7677	18.2	0.0	2.737
7678	18.6	0.0	2.552
7679	18.4	0.0	1.536
7680	19.0	0.0	0.963
7681	19.2	0.0	0.666
7682	19.4	0.0	0.360
7683	19.5	0.0	0.141
7684	19.1	0.0	0.102
7685	19.4	0.0	0.306
7686	19.9	0.0	0.768
7687	19.5	0.0	2.076
7688	19.3	0.0	2.222
7689	18.8	0.0	2.232
7690	18.2	0.0	2.339
7691	17.2	0.0	2.232
7692	16.3	0.0	2.164
7693	15.5	0.0	2.003
7694	15.0	0.0	1.760
7695	14.8	0.0	1.604
7696	13.9	0.0	1.497
7697	14.2	0.0	1.556
7698	15.4	0.0	1.930
7699	16.1	0.0	2.154
7700	16.3	0.0	2.664
7701	16.3	0.0	2.737
7702	16.7	0.0	2.552
7703	17.2	0.0	1.536
7704	17.9	0.0	0.963
7705	17.9	0.0	0.666
7706	17.9	0.0	0.360
7707	17.7	0.0	0.141
7708	18.4	0.0	0.102
7709	18.5	0.0	0.306
7710	18.3	0.0	0.768
7711	18.0	0.0	2.076
7712	17.6	0.0	2.222
7713	17.2	0.0	2.232
7714	15.7	0.0	2.339
7715	14.9	0.0	2.232
7716	13.9	0.0	2.164
7717	12.9	0.0	2.003
7718	12.2	0.0	1.760
7719	11.5	0.0	1.604
7720	11.5	0.0	1.497
7721	11.4	0.0	1.556
7722	12.2	0.0	1.930
7723	12.4	0.0	2.154
7724	12.4	0.0	2.664
7725	12.5	0.0	2.737
7726	12.7	0.0	2.552
7727	13.3	0.0	1.536
7728	12.9	0.0	0.963
7729	12.7	0.0	0.666
7730	13.0	0.0	0.360
7731	14.0	0.0	0.141
7732	14.7	0.0	0.102
7733	14.6	0.0	0.306
7734	15.2	0.0	0.768
7735	14.8	0.0	2.076
7736	15.0	0.0	2.222
7737	14.5	0.0	2.232
7738	15.1	0.0	2.339
7739	15.3	0.0	2.232
7740	14.5	0.0	2.164
7741	14.0	0.0	2.003
7742	13.8	0.0	1.760
7743	13.7	0.0	1.604
7744	14.4	0.0	1.497
7745	14.8	0.0	1.556
7746	15.4	0.0	1.930
7747	16.2	0.0	2.154
7748	16.5	0.0	2.664
7749	16.5	0.0	2.737
7750	17.4	0.0	2.552
7751	17.5	0.0	1.536
7752	18.6	0.0	0.963
7753	18.9	0.0	0.666
7754	18.9	0.0	0.360
7755	19.0	0.0	0.141
7756	18.3	0.0	0.102
7757	18.5	0.0	0.306
7758	18.4	0.0	0.768
7759	18.3	0.0	2.076
7760	18.5	0.0	2.222
7761	18.5	0.0	2.232
7762	18.4	0.0	2.339
7763	17.3	0.0	2.232
7764	16.4	0.0	2.164
7765	15.6	0.0	2.003
7766	14.6	0.0	1.760
7767	13.9	0.0	1.604
7768	14.2	0.0	1.497
7769	14.5	0.0	1.556
7770	15.5	0.0	1.930
7771	16.5	0.0	2.154
7772	17.1	0.0	2.664
7773	17.3	0.0	2.737
7774	17.4	0.0	2.552
7775	17.7	0.0	1.536
7776	17.0	0.0	0.963
7777	17.4	0.0	0.666
7778	18.2	0.0	0.360
7779	18.2	0.0	0.141
7780	18.0	0.0	0.102
7781	18.3	0.0	0.306
7782	18.0	0.0	0.768
7783	18.4	0.0	2.076
7784	18.7	0.0	2.222
7785	18.0	0.0	2.232
7786	17.0	0.0	2.339
7787	16.0	0.0	2.232
7788	14.8	0.0	2.164
7789	13.3	0.0	2.003
7790	12.3	0.0	1.760
7791	12.9	0.0	1.604
7792	12.3	0.0	1.497
7793	13.1	0.0	1.556
7794	13.8	0.0	1.930
7795	14.6	0.0	2.154
7796	14.9	0.0	2.664
7797	14.8	0.0	2.737
7798	15.1	0.0	2.552
7799	15.4	0.0	1.536
7800	15.3	0.0	0.963
7801	15.7	0.0	0.666
7802	15.7	0.0	0.360
7803	16.3	0.0	0.141
7804	16.8	0.0	0.102
7805	17.6	0.0	0.306
7806	17.7	0.0	0.768
7807	17.7	0.0	2.076
7808	17.6	0.0	2.222
7809	17.4	0.0	2.232
7810	16.5	0.0	2.339
7811	16.3	0.0	2.232
7812	15.2	0.0	2.164
7813	14.6	0.0	2.003
7814	14.3	0.0	1.760
7815	14.5	0.0	1.604
7816	14.2	0.0	1.497
7817	14.4	0.0	1.556
7818	14.8	0.0	1.930
7819	15.5	0.0	2.154
7820	16.2	0.0	2.664
7821	17.3	0.0	2.737
7822	18.0	0.0	2.552
7823	18.4	0.0	1.536
7824	19.1	0.0	0.963
7825	19.3	0.0	0.666
7826	18.8	0.0	0.360
7827	19.2	0.0	0.141
7828	19.7	0.0	0.102
7829	20.4	0.0	0.306
7830	20.8	0.0	0.768
7831	20.8	0.0	2.076
7832	21.1	0.0	2.222
7833	20.9	0.0	2.232
7834	20.3	0.0	2.339
7835	19.1	0.0	2.232
7836	18.5	0.0	2.164
7837	18.0	0.0	2.003
7838	17.3	0.0	1.760
7839	17.0	0.0	1.604
7840	17.1	0.0	1.497
7841	17.7	0.0	1.556
7842	17.6	0.0	1.930
7843	17.7	0.0	2.154
7844	17.5	0.0	2.664
7845	18.1	0.0	2.737
7846	18.2	0.0	2.552
7847	18.9	0.0	1.536
7848	19.8	0.0	0.963
7849	20.0	0.0	0.666
7850	19.7	0.0	0.360
7851	19.8	0.0	0.141
7852	20.0	0.0	0.102
7853	19.9	0.0	0.306
7854	19.6	0.0	0.768
7855	19.7	0.0	2.076
7856	19.2	0.0	2.222
7857	18.7	0.0	2.232
7858	18.1	0.0	2.339
7859	16.8	0.0	2.232
7860	16.1	0.0	2.164
7861	15.2	0.0	2.003
7862	14.7	0.0	1.760
7863	14.2	0.0	1.604
7864	13.6	0.0	1.497
7865	13.2	0.0	1.556
7866	12.8	0.0	1.930
7867	12.6	0.0	2.154
7868	12.7	0.0	2.664
7869	12.2	0.0	2.737
7870	12.4	0.0	2.552
7871	12.5	0.0	1.536
7872	12.8	0.0	0.963
7873	12.4	0.0	0.666
7874	12.8	0.0	0.360
7875	12.8	0.0	0.141
7876	12.5	0.0	0.102
7877	12.4	0.0	0.306
7878	12.6	0.0	0.768
7879	12.2	0.0	2.076
7880	11.9	0.0	2.222
7881	11.7	0.0	2.232
7882	11.3	0.0	2.339
7883	10.4	0.0	2.232
7884	9.3	0.0	2.164
7885	8.7	0.0	2.003
7886	7.9	0.0	1.760
7887	7.7	0.0	1.604
7888	7.4	0.0	1.497
7889	7.9	0.0	1.556
7890	8.9	0.0	1.930
7891	9.6	0.0	2.154
7892	9.5	0.0	2.664
7893	9.4	0.0	2.737
7894	9.8	0.0	2.552
7895	10.3	0.0	1.536
7896	10.2	0.0	0.963
7897	10.1	0.0	0.666
7898	10.6	0.0	0.360
7899	11.0	0.0	0.141
7900	10.9	0.0	0.102
7901	10.7	0.0	0.306
7902	10.5	0.0	0.768
7903	10.5	0.0	2.076
7904	9.7	0.0	2.222
7905	9.4	0.0	2.232
7906	8.6	0.0	2.339
7907	7.9	0.0	2.232
7908	7.5	0.0	2.164
7909	6.8	0.0	2.003
7910	6.4	0.0	1.760
7911	5.9	0.0	1.604
7912	5.9	0.0	1.497
7913	6.6	0.0	1.556
7914	7.0	0.0	1.930
7915	6.8	0.0	2.154
7916	7.0	0.0	2.664
7917	7.1	0.0	2.737
7918	6.9	0.0	2.552
7919	7.1	0.0	1.536
7920	7.3	0.0	0.963
7921	7.6	0.0	0.666
7922	7.8	0.0	0.360
7923	7.9	0.0	0.141
7924	8.6	0.0	0.102
7925	8.8	0.0	0.306
7926	8.8	0.0	0.768
7927	9.3	0.0	2.076
7928	9.7	0.0	2.222
7929	10.1	0.0	2.232
7930	9.9	0.0	2.339
7931	9.6	0.0	2.232
7932	9.2	0.0	2.164
7933	9.0	0.0	2.003
7934	9.0	0.0	1.760
7935	9.2	0.0	1.604
7936	9.6	0.0	1.497
7937	10.2	0.0	1.556
7938	10.6	0.0	1.930
7939	10.7	0.0	2.154
7940	11.8	0.0	2.664
7941	12.0	0.0	2.737
7942	12.2	0.0	2.552
7943	12.2	0.0	1.536
7944	12.2	0.0	0.963
7945	12.6	0.0	0.666
7946	12.5	0.0	0.360
7947	13.1	0.0	0.141
7948	13.6	0.0	0.102
7949	13.9	0.0	0.306
7950	13.8	0.0	0.768
7951	13.8	0.0	2.076
7952	13.6	0.0	2.222
7953	13.4	0.0	2.232
7954	13.5	0.0	2.339
7955	12.8	0.0	2.232
7956	12.0	0.0	2.164
7957	11.6	0.0	2.003
7958	11.7	0.0	1.760
7959	11.5	0.0	1.604
7960	11.4	0.0	1.497
7961	12.6	0.0	1.556
7962	12.8	0.0	1.930
7963	14.0	0.0	2.154
7964	14.1	0.0	2.664
7965	14.5	0.0	2.737
7966	15.1	0.0	2.552
7967	15.0	0.0	1.536
7968	15.1	0.0	0.963
7969	15.3	0.0	0.666
7970	15.5	0.0	0.360
7971	16.1	0.0	0.141
7972	16.5	0.0	0.102
7973	16.7	0.0	0.306
7974	16.2	0.0	0.768
7975	16.9	0.0	2.076
7976	17.6	0.0	2.222
7977	17.5	0.0	2.232
7978	17.2	0.0	2.339
7979	17.0	0.0	2.232
7980	16.3	0.0	2.164
7981	16.0	0.0	2.003
7982	15.7	0.0	1.760
7983	15.8	0.0	1.604
7984	15.5	0.0	1.497
7985	16.3	0.0	1.556
7986	17.4	0.0	1.930
7987	18.0	0.0	2.154
7988	18.4	0.0	2.664
7989	18.4	0.0	2.737
7990	18.9	0.0	2.552
7991	19.2	0.0	1.536
7992	19.3	0.0	0.963
7993	19.8	0.0	0.666
7994	20.0	0.0	0.360
7995	20.0	0.0	0.141
7996	20.1	0.0	0.102
7997	19.8	0.0	0.306
7998	19.3	0.0	0.768
7999	19.0	0.0	2.076
8000	18.7	0.0	2.222
8001	19.1	0.0	2.232
8002	18.7	0.0	2.339
8003	18.7	0.0	2.232
8004	17.7	0.0	2.164
8005	16.2	0.0	2.003
8006	15.6	0.0	1.760
8007	15.0	0.0	1.604
8008	14.9	0.0	1.497
8009	15.3	0.0	1.556
8010	15.7	0.0	1.930
8011	16.0	0.0	2.154
8012	16.3	0.0	2.664
8013	16.0	0.0	2.737
8014	16.6	0.0	2.552
8015	16.6	0.0	1.536
8016	16.5	0.0	0.963
8017	16.5	0.0	0.666
8018	16.7	0.0	0.360
8019	16.7	0.0	0.141
8020	16.9	0.0	0.102
8021	17.3	0.0	0.306
8022	17.4	0.0	0.768
8023	16.6	0.0	2.076
8024	16.3	0.0	2.222
8025	16.1	0.0	2.232
8026	14.9	0.0	2.339
8027	13.1	0.0	2.232
8028	12.2	0.0	2.164
8029	11.5	0.0	2.003
8030	10.1	0.0	1.760
8031	10.3	0.0	1.604
8032	10.7	0.0	1.497
8033	10.7	0.0	1.556
8034	11.6	0.0	1.930
8035	11.4	0.0	2.154
8036	11.7	0.0	2.664
8037	12.3	0.0	2.737
8038	12.1	0.0	2.552
8039	11.9	0.0	1.536
8040	11.9	0.0	0.963
8041	12.1	0.0	0.666
8042	12.4	0.0	0.360
8043	13.6	0.0	0.141
8044	13.9	0.0	0.102
8045	14.0	0.0	0.306
8046	14.0	0.0	0.768
8047	15.2	0.0	2.076
8048	15.3	0.0	2.222
8049	14.8	0.0	2.232
8050	14.6	0.0	2.339
8051	14.6	0.0	2.232
8052	13.5	0.0	2.164
8053	13.2	0.0	2.003
8054	12.3	0.0	1.760
8055	12.2	0.0	1.604
8056	12.8	0.0	1.497
8057	13.7	0.0	1.556
8058	14.4	0.0	1.930
8059	14.8	0.0	2.154
8060	15.6	0.0	2.664
8061	16.2	0.0	2.737
8062	16.7	0.0	2.552
8063	17.1	0.0	1.536
8064	17.2	0.0	0.963
8065	18.0	0.0	0.666
8066	18.6	0.0	0.360
8067	19.1	0.0	0.141
8068	19.0	0.0	0.102
8069	18.6	0.0	0.306
8070	18.8	0.0	0.768
8071	18.6	0.0	2.076
8072	18.9	0.0	2.222
8073	18.9	0.0	2.232
8074	18.9	0.0	2.339
8075	18.5	0.0	2.232
8076	18.4	0.0	2.164
8077	17.7	0.0	2.003
8078	17.7	0.0	1.760
8079	17.3	0.0	1.604
8080	17.7	0.0	1.497
8081	17.6	0.0	1.556
8082	18.2	0.0	1.930
8083	18.5	0.0	2.154
8084	19.8	0.0	2.664
8085	20.4	0.0	2.737
8086	20.7	0.0	2.552
8087	21.4	0.0	1.536
8088	21.7	0.0	0.963
8089	22.2	0.0	0.666
8090	22.0	0.0	0.360
8091	21.7	0.0	0.141
8092	21.5	0.0	0.102
8093	21.2	0.0	0.306
8094	20.4	0.0	0.768
8095	19.9	0.0	2.076
8096	19.9	0.0	2.222
8097	19.6	0.0	2.232
8098	18.5	0.0	2.339
8099	17.5	0.0	2.232
8100	17.3	0.0	2.164
8101	16.7	0.0	2.003
8102	16.0	0.0	1.760
8103	15.4	0.0	1.604
8104	15.6	0.0	1.497
8105	15.6	0.0	1.556
8106	15.6	0.0	1.930
8107	15.7	0.0	2.154
8108	15.5	0.0	2.664
8109	14.7	0.0	2.737
8110	14.8	0.0	2.552
8111	14.6	0.0	1.536
8112	15.1	0.0	0.963
8113	15.3	0.0	0.666
8114	16.0	0.0	0.360
8115	16.0	0.0	0.141
8116	16.1	0.0	0.102
8117	15.8	0.0	0.306
8118	15.9	0.0	0.768
8119	16.3	0.0	2.076
8120	17.2	0.0	2.222
8121	17.5	0.0	2.232
8122	17.8	0.0	2.339
8123	17.5	0.0	2.232
8124	17.7	0.0	2.164
8125	17.2	0.0	2.003
8126	17.5	0.0	1.760
8127	17.9	0.0	1.604
8128	18.3	0.0	1.497
8129	18.9	0.0	1.556
8130	20.3	0.0	1.930
8131	20.9	0.0	2.154
8132	21.9	0.0	2.664
8133	22.5	0.0	2.737
8134	22.7	0.0	2.552
8135	23.5	0.0	1.536
8136	23.9	0.0	0.963
8137	25.0	0.0	0.666
8138	24.3	0.0	0.360
8139	23.5	0.0	0.141
8140	23.0	0.0	0.102
8141	22.6	0.0	0.306
8142	22.6	0.0	0.768
8143	22.8	0.0	2.076
8144	22.7	0.0	2.222
8145	22.4	0.0	2.232
8146	21.8	0.0	2.339
8147	20.5	0.0	2.232
8148	19.8	0.0	2.164
8149	18.5	0.0	2.003
8150	17.8	0.0	1.760
8151	17.0	0.0	1.604
8152	17.3	0.0	1.497
8153	17.7	0.0	1.556
8154	18.0	0.0	1.930
8155	18.3	0.0	2.154
8156	18.5	0.0	2.664
8157	18.7	0.0	2.737
8158	18.6	0.0	2.552
8159	18.7	0.0	1.536
8160	18.7	0.0	0.963
8161	18.5	0.0	0.666
8162	18.8	0.0	0.360
8163	18.9	0.0	0.141
8164	19.1	0.0	0.102
8165	19.8	0.0	0.306
8166	19.6	0.0	0.768
8167	19.9	0.0	2.076
8168	20.2	0.0	2.222
8169	20.2	0.0	2.232
8170	20.5	0.0	2.339
8171	20.3	0.0	2.232
8172	19.8	0.0	2.164
8173	20.1	0.0	2.003
8174	20.1	0.0	1.760
8175	20.1	0.0	1.604
8176	20.2	0.0	1.497
8177	20.1	0.0	1.556
8178	20.4	0.0	1.930
8179	20.2	0.0	2.154
8180	20.5	0.0	2.664
8181	21.6	0.0	2.737
8182	22.8	0.0	2.552
8183	23.5	0.0	1.536
8184	23.8	0.0	0.963
8185	23.9	0.0	0.666
8186	23.4	0.0	0.360
8187	22.7	0.0	0.141
8188	21.7	0.0	0.102
8189	21.7	0.0	0.306
8190	21.5	0.0	0.768
8191	20.9	0.0	2.076
8192	21.0	0.0	2.222
8193	20.8	0.0	2.232
8194	20.5	0.0	2.339
8195	20.6	0.0	2.232
8196	19.5	0.0	2.164
8197	18.2	0.0	2.003
8198	16.7	0.0	1.760
8199	16.3	0.0	1.604
8200	15.6	0.0	1.497
8201	16.8	0.0	1.556
8202	17.0	0.0	1.930
8203	17.3	0.0	2.154
8204	17.3	0.0	2.664
8205	17.1	0.0	2.737
8206	18.0	0.0	2.552
8207	17.7	0.0	1.536
8208	18.4	0.0	0.963
8209	18.7	0.0	0.666
8210	19.1	0.0	0.360
8211	19.0	0.0	0.141
8212	19.9	0.0	0.102
8213	18.7	0.0	0.306
8214	18.6	0.0	0.768
8215	18.2	0.0	2.076
8216	19.1	0.0	2.222
8217	18.7	0.0	2.232
8218	17.4	0.0	2.339
8219	16.3	0.0	2.232
8220	15.2	0.0	2.164
8221	14.0	0.0	2.003
8222	12.8	0.0	1.760
8223	11.9	0.0	1.604
8224	11.9	0.0	1.497
8225	12.1	0.0	1.556
8226	11.9	0.0	1.930
8227	12.3	0.0	2.154
8228	12.1	0.0	2.664
8229	12.4	0.0	2.737
8230	11.9	0.0	2.552
8231	11.8	0.0	1.536
8232	12.7	0.0	0.963
8233	12.5	0.0	0.666
8234	12.5	0.0	0.360
8235	12.6	0.0	0.141
8236	12.9	0.0	0.102
8237	13.4	0.0	0.306
8238	12.9	0.0	0.768
8239	13.3	0.0	2.076
8240	12.9	0.0	2.222
8241	13.5	0.0	2.232
8242	12.7	0.0	2.339
8243	12.5	0.0	2.232
8244	12.0	0.0	2.164
8245	11.9	0.0	2.003
8246	11.6	0.0	1.760
8247	12.1	0.0	1.604
8248	11.4	0.0	1.497
8249	12.2	0.0	1.556
8250	13.1	0.0	1.930
8251	13.8	0.0	2.154
8252	14.7	0.0	2.664
8253	15.1	0.0	2.737
8254	15.7	0.0	2.552
8255	16.7	0.0	1.536
8256	17.2	0.0	0.963
8257	18.2	0.0	0.666
8258	17.3	0.0	0.360
8259	17.3	0.0	0.141
8260	17.0	0.0	0.102
8261	17.0	0.0	0.306
8262	17.7	0.0	0.768
8263	17.2	0.0	2.076
8264	17.1	0.0	2.222
8265	17.0	0.0	2.232
8266	16.9	0.0	2.339
8267	16.5	0.0	2.232
8268	16.4	0.0	2.164
8269	16.5	0.0	2.003
8270	16.8	0.0	1.760
8271	16.7	0.0	1.604
8272	16.1	0.0	1.497
8273	16.0	0.0	1.556
8274	16.0	0.0	1.930
8275	16.1	0.0	2.154
8276	16.3	0.0	2.664
8277	16.4	0.0	2.737
8278	17.8	0.0	2.552
8279	17.9	0.0	1.536
8280	18.3	0.0	0.963
8281	18.2	0.0	0.666
8282	18.2	0.0	0.360
8283	18.2	0.0	0.141
8284	18.6	0.0	0.102
8285	18.9	0.0	0.306
8286	19.8	0.0	0.768
8287	20.0	0.0	2.076
8288	20.2	0.0	2.222
8289	20.5	0.0	2.232
8290	20.7	0.0	2.339
8291	21.0	0.0	2.232
8292	21.8	0.0	2.164
8293	21.6	0.0	2.003
8294	21.9	0.0	1.760
8295	21.5	0.0	1.604
8296	21.5	0.0	1.497
8297	22.0	0.0	1.556
8298	23.1	0.0	1.930
8299	23.0	0.0	2.154
8300	22.9	0.0	2.664
8301	22.6	0.0	2.737
8302	23.3	0.0	2.552
8303	23.9	0.0	1.536
8304	24.1	0.0	0.963
8305	25.1	0.0	0.666
8306	25.2	0.0	0.360
8307	24.7	0.0	0.141
8308	24.0	0.0	0.102
8309	23.9	0.0	0.306
8310	23.4	0.0	0.768
8311	23.2	0.0	2.076
8312	23.3	0.0	2.222
8313	23.5	0.0	2.232
8314	23.5	0.0	2.339
8315	22.7	0.0	2.232
8316	22.3	0.0	2.164
8317	21.9	0.0	2.003
8318	22.0	0.0	1.760
8319	22.0	0.0	1.604
8320	21.7	0.0	1.497
8321	22.2	0.0	1.556
8322	23.8	0.0	1.930
8323	23.8	0.0	2.154
8324	24.4	0.0	2.664
8325	24.0	0.0	2.737
8326	23.6	0.0	2.552
8327	24.6	0.0	1.536
8328	25.7	0.0	0.963
8329	26.0	0.0	0.666
8330	26.4	0.0	0.360
8331	26.1	0.0	0.141
8332	26.4	0.0	0.102
8333	26.8	0.0	0.306
8334	26.6	0.0	0.768
8335	26.3	0.0	2.076
8336	25.5	0.0	2.222
8337	25.7	0.0	2.232
8338	25.3	0.0	2.339
8339	24.8	0.0	2.232
8340	24.4	0.0	2.164
8341	23.7	0.0	2.003
8342	23.3	0.0	1.760
8343	22.8	0.0	1.604
8344	22.9	0.0	1.497
8345	22.9	0.0	1.556
8346	23.1	0.0	1.930
8347	23.0	0.0	2.154
8348	23.3	0.0	2.664
8349	24.0	0.0	2.737
8350	23.9	0.0	2.552
8351	24.1	0.0	1.536
8352	24.6	0.0	0.963
8353	25.1	0.0	0.666
8354	25.3	0.0	0.360
8355	25.8	0.0	0.141
8356	26.4	0.0	0.102
8357	26.2	0.0	0.306
8358	25.7	0.0	0.768
8359	25.8	0.0	2.076
8360	25.9	0.0	2.222
8361	26.0	0.0	2.232
8362	26.1	0.0	2.339
8363	24.8	0.0	2.232
8364	24.0	0.0	2.164
8365	23.8	0.0	2.003
8366	23.7	0.0	1.760
8367	23.8	0.0	1.604
8368	24.0	0.0	1.497
8369	24.1	0.0	1.556
8370	24.1	0.0	1.930
8371	23.8	0.0	2.154
8372	22.8	0.0	2.664
8373	23.2	0.0	2.737
8374	23.3	0.0	2.552
8375	23.5	0.0	1.536
8376	24.0	0.0	0.963
8377	24.8	0.0	0.666
8378	24.1	0.0	0.360
8379	23.8	0.0	0.141
8380	24.2	0.0	0.102
8381	24.5	0.0	0.306
8382	24.5	0.0	0.768
8383	23.6	0.0	2.076
8384	23.4	0.0	2.222
8385	22.9	0.0	2.232
8386	21.8	0.0	2.339
8387	21.9	0.0	2.232
8388	21.1	0.0	2.164
8389	20.1	0.0	2.003
8390	19.4	0.0	1.760
8391	18.8	0.0	1.604
8392	19.1	0.0	1.497
8393	19.3	0.0	1.556
8394	19.6	0.0	1.930
8395	19.2	0.0	2.154
8396	19.6	0.0	2.664
8397	19.9	0.0	2.737
8398	19.6	0.0	2.552
8399	20.6	0.0	1.536
8400	21.0	0.0	0.963
8401	21.2	0.0	0.666
8402	20.8	0.0	0.360
8403	20.3	0.0	0.141
8404	20.4	0.0	0.102
8405	20.9	0.0	0.306
8406	20.9	0.0	0.768
8407	21.6	0.0	2.076
8408	21.4	0.0	2.222
8409	21.5	0.0	2.232
8410	21.2	0.0	2.339
8411	21.3	0.0	2.232
8412	20.7	0.0	2.164
8413	20.8	0.0	2.003
8414	20.7	0.0	1.760
8415	21.2	0.0	1.604
8416	20.6	0.0	1.497
8417	21.3	0.0	1.556
8418	21.8	0.0	1.930
8419	21.9	0.0	2.154
8420	21.7	0.0	2.664
8421	21.6	0.0	2.737
8422	21.7	0.0	2.552
8423	21.9	0.0	1.536
8424	22.0	0.0	0.963
8425	21.7	0.0	0.666
8426	20.9	0.0	0.360
8427	21.2	0.0	0.141
8428	21.8	0.0	0.102
8429	21.7	0.0	0.306
8430	21.7	0.0	0.768
8431	21.8	0.0	2.076
8432	22.0	0.0	2.222
8433	21.5	0.0	2.232
8434	20.9	0.0	2.339
8435	20.5	0.0	2.232
8436	20.2	0.0	2.164
8437	19.9	0.0	2.003
8438	20.1	0.0	1.760
8439	20.2	0.0	1.604
8440	20.3	0.0	1.497
8441	20.7	0.0	1.556
8442	20.4	0.0	1.930
8443	20.5	0.0	2.154
8444	21.0	0.0	2.664
8445	20.6	0.0	2.737
8446	20.1	0.0	2.552
8447	20.0	0.0	1.536
8448	19.4	0.0	0.963
8449	18.8	0.0	0.666
8450	18.9	0.0	0.360
8451	19.0	0.0	0.141
8452	18.5	0.0	0.102
8453	19.6	0.0	0.306
8454	20.3	0.0	0.768
8455	20.7	0.0	2.076
8456	21.1	0.0	2.222
8457	21.4	0.0	2.232
8458	21.5	0.0	2.339
8459	21.5	0.0	2.232
8460	20.9	0.0	2.164
8461	21.5	0.0	2.003
8462	21.6	0.0	1.760
8463	22.1	0.0	1.604
8464	22.2	0.0	1.497
8465	22.1	0.0	1.556
8466	23.0	0.0	1.930
8467	22.9	0.0	2.154
8468	22.7	0.0	2.664
8469	23.3	0.0	2.737
8470	23.8	0.0	2.552
8471	23.8	0.0	1.536
8472	24.3	0.0	0.963
8473	24.6	0.0	0.666
8474	24.9	0.0	0.360
8475	25.0	0.0	0.141
8476	24.1	0.0	0.102
8477	24.0	0.0	0.306
8478	23.5	0.0	0.768
8479	22.9	0.0	2.076
8480	22.8	0.0	2.222
8481	22.4	0.0	2.232
8482	21.3	0.0	2.339
8483	20.1	0.0	2.232
8484	19.0	0.0	2.164
8485	19.0	0.0	2.003
8486	17.5	0.0	1.760
8487	16.7	0.0	1.604
8488	15.8	0.0	1.497
8489	16.3	0.0	1.556
8490	16.5	0.0	1.930
8491	16.9	0.0	2.154
8492	16.2	0.0	2.664
8493	15.5	0.0	2.737
8494	15.1	0.0	2.552
8495	15.2	0.0	1.536
8496	14.9	0.0	0.963
8497	14.3	0.0	0.666
8498	14.6	0.0	0.360
8499	14.0	0.0	0.141
8500	14.0	0.0	0.102
8501	14.7	0.0	0.306
8502	15.2	0.0	0.768
8503	15.8	0.0	2.076
8504	16.0	0.0	2.222
8505	16.1	0.0	2.232
8506	15.6	0.0	2.339
8507	15.0	0.0	2.232
8508	15.0	0.0	2.164
8509	14.8	0.0	2.003
8510	13.8	0.0	1.760
8511	13.1	0.0	1.604
8512	13.4	0.0	1.497
8513	14.7	0.0	1.556
8514	15.1	0.0	1.930
8515	16.1	0.0	2.154
8516	16.5	0.0	2.664
8517	16.4	0.0	2.737
8518	16.9	0.0	2.552
8519	17.3	0.0	1.536
8520	18.0	0.0	0.963
8521	19.0	0.0	0.666
8522	19.1	0.0	0.360
8523	19.7	0.0	0.141
8524	19.3	0.0	0.102
8525	18.6	0.0	0.306
8526	19.0	0.0	0.768
8527	18.5	0.0	2.076
8528	18.5	0.0	2.222
8529	18.4	0.0	2.232
8530	17.4	0.0	2.339
8531	17.1	0.0	2.232
8532	16.4	0.0	2.164
8533	15.6	0.0	2.003
8534	14.7	0.0	1.760
8535	14.7	0.0	1.604
8536	15.1	0.0	1.497
8537	15.0	0.0	1.556
8538	15.7	0.0	1.930
8539	16.2	0.0	2.154
8540	15.3	0.0	2.664
8541	15.6	0.0	2.737
8542	15.8	0.0	2.552
8543	15.0	0.0	1.536
8544	15.1	0.0	0.963
8545	14.7	0.0	0.666
8546	14.1	0.0	0.360
8547	14.2	0.0	0.141
8548	14.6	0.0	0.102
8549	14.8	0.0	0.306
8550	15.1	0.0	0.768
8551	15.2	0.0	2.076
8552	15.1	0.0	2.222
8553	15.1	0.0	2.232
8554	14.5	0.0	2.339
8555	14.0	0.0	2.232
8556	13.9	0.0	2.164
8557	13.9	0.0	2.003
8558	13.5	0.0	1.760
8559	13.2	0.0	1.604
8560	13.2	0.0	1.497
8561	12.8	0.0	1.556
8562	13.0	0.0	1.930
8563	12.5	0.0	2.154
8564	13.2	0.0	2.664
8565	13.3	0.0	2.737
8566	13.9	0.0	2.552
8567	13.9	0.0	1.536
8568	14.1	0.0	0.963
8569	14.7	0.0	0.666
8570	14.3	0.0	0.360
8571	13.7	0.0	0.141
8572	13.4	0.0	0.102
8573	13.5	0.0	0.306
8574	13.3	0.0	0.768
8575	13.0	0.0	2.076
8576	12.9	0.0	2.222
8577	12.8	0.0	2.232
8578	12.8	0.0	2.339
8579	12.7	0.0	2.232
8580	12.8	0.0	2.164
8581	12.4	0.0	2.003
8582	12.1	0.0	1.760
8583	11.8	0.0	1.604
8584	11.4	0.0	1.497
8585	12.0	0.0	1.556
8586	12.7	0.0	1.930
8587	12.9	0.0	2.154
8588	12.9	0.0	2.664
8589	13.4	0.0	2.737
8590	13.4	0.0	2.552
8591	13.2	0.0	1.536
8592	12.9	0.0	0.963
8593	13.2	0.0	0.666
8594	13.3	0.0	0.360
8595	13.4	0.0	0.141
8596	13.6	0.0	0.102
8597	13.7	0.0	0.306
8598	13.5	0.0	0.768
8599	13.2	0.0	2.076
8600	13.3	0.0	2.222
8601	13.3	0.0	2.232
8602	13.6	0.0	2.339
8603	13.0	0.0	2.232
8604	12.0	0.0	2.164
8605	11.9	0.0	2.003
8606	12.1	0.0	1.760
8607	11.1	0.0	1.604
8608	11.3	0.0	1.497
8609	11.9	0.0	1.556
8610	12.2	0.0	1.930
8611	12.2	0.0	2.154
8612	12.0	0.0	2.664
8613	12.5	0.0	2.737
8614	12.6	0.0	2.552
8615	12.7	0.0	1.536
8616	13.1	0.0	0.963
8617	13.1	0.0	0.666
8618	12.9	0.0	0.360
8619	12.2	0.0	0.141
8620	12.9	0.0	0.102
8621	12.7	0.0	0.306
8622	13.0	0.0	0.768
8623	13.5	0.0	2.076
8624	13.6	0.0	2.222
8625	13.1	0.0	2.232
8626	12.6	0.0	2.339
8627	11.7	0.0	2.232
8628	11.4	0.0	2.164
8629	11.2	0.0	2.003
8630	10.7	0.0	1.760
8631	10.7	0.0	1.604
8632	11.4	0.0	1.497
8633	12.4	0.0	1.556
8634	12.5	0.0	1.930
8635	12.6	0.0	2.154
8636	13.2	0.0	2.664
8637	13.5	0.0	2.737
8638	13.7	0.0	2.552
8639	13.1	0.0	1.536
8640	13.8	0.0	0.963
8641	14.0	0.0	0.666
8642	13.8	0.0	0.360
8643	14.0	0.0	0.141
8644	14.0	0.0	0.102
8645	14.1	0.0	0.306
8646	14.5	0.0	0.768
8647	14.5	0.0	2.076
8648	14.4	0.0	2.222
8649	13.9	0.0	2.232
8650	13.2	0.0	2.339
8651	13.5	0.0	2.232
8652	13.2	0.0	2.164
8653	12.5	0.0	2.003
8654	12.5	0.0	1.760
8655	12.8	0.0	1.604
8656	12.8	0.0	1.497
8657	13.4	0.0	1.556
8658	13.4	0.0	1.930
8659	13.1	0.0	2.154
8660	13.8	0.0	2.664
8661	14.2	0.0	2.737
8662	14.6	0.0	2.552
8663	15.3	0.0	1.536
8664	16.2	0.0	0.963
8665	15.9	0.0	0.666
8666	16.2	0.0	0.360
8667	16.1	0.0	0.141
8668	16.0	0.0	0.102
8669	16.0	0.0	0.306
8670	16.1	0.0	0.768
8671	15.9	0.0	2.076
8672	16.2	0.0	2.222
8673	16.1	0.0	2.232
8674	16.0	0.0	2.339
8675	15.7	0.0	2.232
8676	15.2	0.0	2.164
8677	15.9	0.0	2.003
8678	15.2	0.0	1.760
8679	14.5	0.0	1.604
8680	14.4	0.0	1.497
8681	15.0	0.0	1.556
8682	15.6	0.0	1.930
8683	15.1	0.0	2.154
8684	15.7	0.0	2.664
8685	15.9	0.0	2.737
8686	15.4	0.0	2.552
8687	16.0	0.0	1.536
8688	15.9	0.0	0.963
8689	15.9	0.0	0.666
8690	16.3	0.0	0.360
8691	16.6	0.0	0.141
8692	16.3	0.0	0.102
8693	16.4	0.0	0.306
8694	16.3	0.0	0.768
8695	16.6	0.0	2.076
8696	17.1	0.0	2.222
8697	16.8	0.0	2.232
8698	17.3	0.0	2.339
8699	17.5	0.0	2.232
8700	17.1	0.0	2.164
8701	16.9	0.0	2.003
8702	16.8	0.0	1.760
8703	16.3	0.0	1.604
8704	16.3	0.0	1.497
8705	17.2	0.0	1.556
8706	17.0	0.0	1.930
8707	17.5	0.0	2.154
8708	17.9	0.0	2.664
8709	18.6	0.0	2.737
8710	18.8	0.0	2.552
8711	19.6	0.0	1.536
8712	18.7	0.0	0.963
8713	18.7	0.0	0.666
8714	18.3	0.0	0.360
8715	18.9	0.0	0.141
8716	19.3	0.0	0.102
8717	18.9	0.0	0.306
8718	18.9	0.0	0.768
8719	18.4	0.0	2.076
8720	18.5	0.0	2.222
8721	18.4	0.0	2.232
8722	17.4	0.0	2.339
8723	16.9	0.0	2.232
8724	16.0	0.0	2.164
8725	15.1	0.0	2.003
8726	15.0	0.0	1.760
8727	15.2	0.0	1.604
8728	15.0	0.0	1.497
8729	15.6	0.0	1.556
8730	15.8	0.0	1.930
8731	15.6	0.0	2.154
8732	15.4	0.0	2.664
8733	15.8	0.0	2.737
8734	16.0	0.0	2.552
8735	15.7	0.0	1.536
8736	15.7	0.0	0.963
8737	14.8	0.0	0.666
8738	15.0	0.0	0.360
8739	15.4	0.0	0.141
8740	16.0	0.0	0.102
8741	15.2	0.0	0.306
8742	15.4	0.0	0.768
8743	15.2	0.0	2.076
8744	15.3	0.0	2.222
8745	14.7	0.0	2.232
8746	13.1	0.0	2.339
8747	12.1	0.0	2.232
8748	11.3	0.0	2.164
8749	10.3	0.0	2.003
8750	10.1	0.0	1.760
8751	10.5	0.0	1.604
8752	10.4	0.0	1.497
8753	10.5	0.0	1.556
8754	10.8	0.0	1.930
8755	11.3	0.0	2.154
8756	10.9	0.0	2.664
8757	11.0	0.0	2.737
8758	11.2	0.0	2.552
8759	12.1	0.0	1.536
8760	12.0	0.0	0.963
