Time;Hour of the year;Hour;Ambient temperature;Daily temperature;Hourly demand;Load Duration Curve;Dhw demand
[yyyy-MM-dd HH:mm:ss];[hoy];[h];[°C];[°C];[kWh/h];[kWh/h];[kWh/h]
2005-01-01 00:00:00;0;0;0,2;-0,8;757,1;1438,1;57,4
2005-01-01 01:00:00;1;1;-0,2;-0,8;777,3;1430,2;31,0
2005-01-01 02:00:00;2;2;-1,0;-0,8;817,1;1372,4;12,2
2005-01-01 03:00:00;3;3;-0,7;-0,8;803,0;1371,2;8,8
2005-01-01 04:00:00;4;4;-1,0;-0,8;815,8;1363,1;26,4
2005-01-01 05:00:00;5;5;-1,1;-0,8;819,0;1361,6;66,2
2005-01-01 06:00:00;6;6;-0,7;-0,8;802,6;1352,3;178,9
2005-01-01 07:00:00;7;7;-0,6;-0,8;986,6;1346,8;191,5
2005-01-01 08:00:00;8;8;-0,7;-0,8;993,1;1337,8;192,3
2005-01-01 09:00:00;9;9;0,5;-0,8;935,9;1334,3;201,6
2005-01-01 10:00:00;10;10;0,4;-0,8;939,9;1331,7;192,3
2005-01-01 11:00:00;11;11;1,5;-0,8;885,3;1330,7;186,5
2005-01-01 12:00:00;12;12;2,1;-0,8;858,4;1327,3;172,6
2005-01-01 13:00:00;13;13;2,0;-0,8;863,7;1323,3;151,7
2005-01-01 14:00:00;14;14;2,1;-0,8;861,1;1321,9;138,3
2005-01-01 15:00:00;15;15;1,5;-0,8;886,7;1321,4;129,1
2005-01-01 16:00:00;16;16;0,4;-0,8;942,0;1319,3;134,1
2005-01-01 17:00:00;17;17;-1,2;-0,8;1017,6;1312,6;166,4
2005-01-01 18:00:00;18;18;-2,6;-0,8;1085,0;1311,3;185,6
2005-01-01 19:00:00;19;19;-3,0;-0,8;1103,1;1310,7;229,6
2005-01-01 20:00:00;20;20;-3,2;-0,8;1114,3;1308,9;235,9
2005-01-01 21:00:00;21;21;-4,0;-0,8;1149,7;1308,0;220,0
2005-01-01 22:00:00;22;22;-4,5;-0,8;1175,6;1307,8;132,4
2005-01-01 23:00:00;23;23;-5,4;-0,8;1218,3;1307,8;83,0
2005-01-02 00:00:00;24;0;-6,2;-4,3;1065,4;1307,8;57,4
2005-01-02 01:00:00;25;1;-5,6;-4,3;1033,9;1305,3;31,0
2005-01-02 02:00:00;26;2;-5,7;-4,3;1041,6;1301,6;12,2
2005-01-02 03:00:00;27;3;-5,7;-4,3;1042,2;1300,0;8,8
2005-01-02 04:00:00;28;4;-5,4;-4,3;1027,9;1295,7;26,4
2005-01-02 05:00:00;29;5;-5,0;-4,3;1008,2;1293,3;66,2
2005-01-02 06:00:00;30;6;-5,5;-4,3;1031,5;1288,8;178,9
2005-01-02 07:00:00;31;7;-5,9;-4,3;1239,1;1288,4;191,5
2005-01-02 08:00:00;32;8;-5,2;-4,3;1206,5;1288,3;192,3
2005-01-02 09:00:00;33;9;-4,7;-4,3;1183,8;1284,4;201,6
2005-01-02 10:00:00;34;10;-3,9;-4,3;1145,6;1284,0;192,3
2005-01-02 11:00:00;35;11;-2,9;-4,3;1098,8;1282,2;186,5
2005-01-02 12:00:00;36;12;-2,4;-4,3;1074,8;1281,9;172,6
2005-01-02 13:00:00;37;13;-2,2;-4,3;1063,0;1279,9;151,7
2005-01-02 14:00:00;38;14;-1,4;-4,3;1026,0;1279,8;138,3
2005-01-02 15:00:00;39;15;-1,9;-4,3;1049,7;1279,7;129,1
2005-01-02 16:00:00;40;16;-2,9;-4,3;1096,0;1279,6;134,1
2005-01-02 17:00:00;41;17;-3,9;-4,3;1145,2;1272,3;166,4
2005-01-02 18:00:00;42;18;-4,1;-4,3;1153,8;1272,2;185,6
2005-01-02 19:00:00;43;19;-4,1;-4,3;1157,6;1262,4;229,6
2005-01-02 20:00:00;44;20;-4,5;-4,3;1172,6;1257,2;235,9
2005-01-02 21:00:00;45;21;-4,5;-4,3;1174,8;1257,0;220,0
2005-01-02 22:00:00;46;22;-4,6;-4,3;1178,1;1252,8;132,4
2005-01-02 23:00:00;47;23;-4,6;-4,3;1179,0;1252,4;83,0
2005-01-03 00:00:00;48;0;-4,6;-4,7;987,1;1251,1;57,4
2005-01-03 01:00:00;49;1;-4,5;-4,7;984,0;1249,6;31,0
2005-01-03 02:00:00;50;2;-4,7;-4,7;992,1;1247,9;12,2
2005-01-03 03:00:00;51;3;-5,2;-4,7;1016,1;1246,6;8,8
2005-01-03 04:00:00;52;4;-5,4;-4,7;1026,9;1246,3;26,4
2005-01-03 05:00:00;53;5;-5,1;-4,7;1011,4;1239,2;66,2
2005-01-03 06:00:00;54;6;-5,8;-4,7;1047,1;1239,1;178,9
2005-01-03 07:00:00;55;7;-5,5;-4,7;1221,1;1237,5;191,5
2005-01-03 08:00:00;56;8;-5,2;-4,7;1209,4;1234,3;192,3
2005-01-03 09:00:00;57;9;-5,4;-4,7;1216,7;1234,2;201,6
2005-01-03 10:00:00;58;10;-4,7;-4,7;1183,9;1232,9;192,3
2005-01-03 11:00:00;59;11;-4,5;-4,7;1173,6;1229,8;186,5
2005-01-03 12:00:00;60;12;-3,4;-4,7;1123,8;1228,6;172,6
2005-01-03 13:00:00;61;13;-2,9;-4,7;1096,7;1225,2;151,7
2005-01-03 14:00:00;62;14;-2,5;-4,7;1077,1;1222,4;138,3
2005-01-03 15:00:00;63;15;-2,4;-4,7;1072,5;1221,1;129,1
2005-01-03 16:00:00;64;16;-2,6;-4,7;1085,1;1218,3;134,1
2005-01-03 17:00:00;65;17;-3,5;-4,7;1127,4;1217,4;166,4
2005-01-03 18:00:00;66;18;-4,3;-4,7;1166,0;1216,7;185,6
2005-01-03 19:00:00;67;19;-4,9;-4,7;1193,8;1214,1;229,6
2005-01-03 20:00:00;68;20;-5,7;-4,7;1229,8;1210,1;235,9
2005-01-03 21:00:00;69;21;-6,2;-4,7;1257,2;1209,4;220,0
2005-01-03 22:00:00;70;22;-6,8;-4,7;1282,2;1206,5;132,4
2005-01-03 23:00:00;71;23;-7,1;-4,7;1300,0;1205,6;83,0
2005-01-04 00:00:00;72;0;-7,4;-1,9;1123,5;1203,1;57,4
2005-01-04 01:00:00;73;1;-7,4;-1,9;1124,1;1202,6;31,0
2005-01-04 02:00:00;74;2;-7,2;-1,9;1112,5;1199,1;12,2
2005-01-04 03:00:00;75;3;-7,4;-1,9;1120,9;1198,2;8,8
2005-01-04 04:00:00;76;4;-7,3;-1,9;1118,5;1197,3;26,4
2005-01-04 05:00:00;77;5;-7,2;-1,9;1111,8;1197,2;66,2
2005-01-04 06:00:00;78;6;-6,6;-1,9;1085,0;1193,8;178,9
2005-01-04 07:00:00;79;7;-5,7;-1,9;1234,2;1193,4;191,5
2005-01-04 08:00:00;80;8;-5,0;-1,9;1198,2;1191,8;192,3
2005-01-04 09:00:00;81;9;-3,7;-1,9;1137,0;1191,5;201,6
2005-01-04 10:00:00;82;10;-1,6;-1,9;1033,7;1190,0;192,3
2005-01-04 11:00:00;83;11;0,1;-1,9;953,8;1189,1;186,5
2005-01-04 12:00:00;84;12;1,6;-1,9;880,6;1186,4;172,6
2005-01-04 13:00:00;85;13;2,3;-1,9;851,6;1185,5;151,7
2005-01-04 14:00:00;86;14;2,1;-1,9;861,3;1185,2;138,3
2005-01-04 15:00:00;87;15;2,2;-1,9;854,5;1183,9;129,1
2005-01-04 16:00:00;88;16;1,9;-1,9;870,3;1183,8;134,1
2005-01-04 17:00:00;89;17;1,7;-1,9;879,2;1183,8;166,4
2005-01-04 18:00:00;90;18;1,7;-1,9;876,2;1183,6;185,6
2005-01-04 19:00:00;91;19;2,2;-1,9;854,7;1183,1;229,6
2005-01-04 20:00:00;92;20;1,6;-1,9;881,9;1180,8;235,9
2005-01-04 21:00:00;93;21;1,3;-1,9;897,7;1179,0;220,0
2005-01-04 22:00:00;94;22;1,1;-1,9;906,4;1178,9;132,4
2005-01-04 23:00:00;95;23;1,1;-1,9;908,6;1178,8;83,0
2005-01-05 00:00:00;96;0;1,1;-4,0;716,3;1178,1;57,4
2005-01-05 01:00:00;97;1;0,9;-4,0;724,4;1177,5;31,0
2005-01-05 02:00:00;98;2;0,1;-4,0;762,6;1177,1;12,2
2005-01-05 03:00:00;99;3;-0,4;-4,0;785,1;1176,9;8,8
2005-01-05 04:00:00;100;4;-0,9;-4,0;812,1;1175,6;26,4
2005-01-05 05:00:00;101;5;-1,2;-4,0;826,9;1175,4;66,2
2005-01-05 06:00:00;102;6;-2,0;-4,0;863,2;1174,8;178,9
2005-01-05 07:00:00;103;7;-2,2;-4,0;1066,7;1174,8;191,5
2005-01-05 08:00:00;104;8;-2,7;-4,0;1088,9;1173,6;192,3
2005-01-05 09:00:00;105;9;-2,6;-4,0;1085,6;1172,9;201,6
2005-01-05 10:00:00;106;10;-3,0;-4,0;1104,3;1172,6;192,3
2005-01-05 11:00:00;107;11;-3,2;-4,0;1113,9;1171,9;186,5
2005-01-05 12:00:00;108;12;-3,3;-4,0;1117,4;1171,2;172,6
2005-01-05 13:00:00;109;13;-3,9;-4,0;1143,5;1169,8;151,7
2005-01-05 14:00:00;110;14;-5,1;-4,0;1203,1;1169,5;138,3
2005-01-05 15:00:00;111;15;-5,0;-4,0;1197,2;1168,9;129,1
2005-01-05 16:00:00;112;16;-6,1;-4,0;1251,1;1168,2;134,1
2005-01-05 17:00:00;113;17;-7,2;-4,0;1305,3;1167,6;166,4
2005-01-05 18:00:00;114;18;-7,4;-4,0;1312,6;1167,5;185,6
2005-01-05 19:00:00;115;19;-6,9;-4,0;1288,4;1167,3;229,6
2005-01-05 20:00:00;116;20;-7,6;-4,0;1323,3;1166,7;235,9
2005-01-05 21:00:00;117;21;-8,6;-4,0;1372,4;1166,0;220,0
2005-01-05 22:00:00;118;22;-9,8;-4,0;1430,2;1165,6;132,4
2005-01-05 23:00:00;119;23;-10,0;-4,0;1438,1;1164,5;83,0
2005-01-06 00:00:00;120;0;-10,7;-3,3;1279,8;1161,3;57,4
2005-01-06 01:00:00;121;1;-10,7;-3,3;1281,9;1160,9;31,0
2005-01-06 02:00:00;122;2;-10,1;-3,3;1249,6;1160,8;12,2
2005-01-06 03:00:00;123;3;-10,0;-3,3;1246,3;1159,2;8,8
2005-01-06 04:00:00;124;4;-8,7;-3,3;1185,5;1158,5;26,4
2005-01-06 05:00:00;125;5;-7,8;-3,3;1142,6;1157,6;66,2
2005-01-06 06:00:00;126;6;-7,5;-3,3;1126,6;1157,6;178,9
2005-01-06 07:00:00;127;7;-7,3;-3,3;1307,8;1157,2;191,5
2005-01-06 08:00:00;128;8;-6,9;-3,3;1288,8;1157,2;192,3
2005-01-06 09:00:00;129;9;-5,9;-3,3;1239,2;1153,8;201,6
2005-01-06 10:00:00;130;10;-4,4;-3,3;1167,5;1149,7;192,3
2005-01-06 11:00:00;131;11;-3,1;-3,3;1105,8;1149,1;186,5
2005-01-06 12:00:00;132;12;-1,2;-3,3;1018,3;1148,4;172,6
2005-01-06 13:00:00;133;13;0,1;-3,3;953,5;1146,3;151,7
2005-01-06 14:00:00;134;14;0,8;-3,3;923,3;1145,6;138,3
2005-01-06 15:00:00;135;15;1,7;-3,3;880,0;1145,2;129,1
2005-01-06 16:00:00;136;16;1,6;-3,3;881,0;1143,9;134,1
2005-01-06 17:00:00;137;17;1,1;-3,3;908,5;1143,7;166,4
2005-01-06 18:00:00;138;18;1,8;-3,3;871,8;1143,5;185,6
2005-01-06 19:00:00;139;19;1,9;-3,3;867,1;1142,6;229,6
2005-01-06 20:00:00;140;20;1,8;-3,3;875,1;1140,4;235,9
2005-01-06 21:00:00;141;21;1,8;-3,3;874,1;1139,7;220,0
2005-01-06 22:00:00;142;22;1,8;-3,3;875,3;1137,0;132,4
2005-01-06 23:00:00;143;23;1,8;-3,3;871,5;1135,7;83,0
2005-01-07 00:00:00;144;0;2,1;2,4;666,0;1135,6;57,4
2005-01-07 01:00:00;145;1;1,7;2,4;685,7;1135,6;31,0
2005-01-07 02:00:00;146;2;1,6;2,4;690,6;1134,7;12,2
2005-01-07 03:00:00;147;3;1,4;2,4;703,1;1129,4;8,8
2005-01-07 04:00:00;148;4;0,6;2,4;738,0;1128,8;26,4
2005-01-07 05:00:00;149;5;1,0;2,4;719,1;1128,6;66,2
2005-01-07 06:00:00;150;6;0,9;2,4;724,0;1127,4;178,9
2005-01-07 07:00:00;151;7;0,5;2,4;934,3;1126,6;191,5
2005-01-07 08:00:00;152;8;0,8;2,4;919,0;1126,5;192,3
2005-01-07 09:00:00;153;9;2,1;2,4;859,9;1124,9;201,6
2005-01-07 10:00:00;154;10;2,5;2,4;837,5;1124,1;192,3
2005-01-07 11:00:00;155;11;3,4;2,4;795,0;1124,0;186,5
2005-01-07 12:00:00;156;12;4,1;2,4;763,3;1124,0;172,6
2005-01-07 13:00:00;157;13;5,5;2,4;698,3;1123,8;151,7
2005-01-07 14:00:00;158;14;6,0;2,4;672,8;1123,5;138,3
2005-01-07 15:00:00;159;15;6,1;2,4;668,9;1122,6;129,1
2005-01-07 16:00:00;160;16;4,8;2,4;730,8;1122,4;134,1
2005-01-07 17:00:00;161;17;3,9;2,4;770,9;1121,8;166,4
2005-01-07 18:00:00;162;18;2,7;2,4;830,6;1120,9;185,6
2005-01-07 19:00:00;163;19;2,5;2,4;841,2;1120,0;229,6
2005-01-07 20:00:00;164;20;1,5;2,4;889,3;1119,4;235,9
2005-01-07 21:00:00;165;21;1,3;2,4;898,5;1119,0;220,0
2005-01-07 22:00:00;166;22;0,1;2,4;956,3;1118,9;132,4
2005-01-07 23:00:00;167;23;-0,2;2,4;968,7;1118,7;83,0
2005-01-08 00:00:00;168;0;-0,6;2,6;796,8;1118,5;57,4
2005-01-08 01:00:00;169;1;-0,5;2,6;789,6;1117,7;31,0
2005-01-08 02:00:00;170;2;-0,6;2,6;798,9;1117,4;12,2
2005-01-08 03:00:00;171;3;0,1;2,6;762,7;1117,4;8,8
2005-01-08 04:00:00;172;4;0,3;2,6;751,6;1115,2;26,4
2005-01-08 05:00:00;173;5;1,1;2,6;714,6;1114,9;66,2
2005-01-08 06:00:00;174;6;1,1;2,6;714,1;1114,9;178,9
2005-01-08 07:00:00;175;7;1,4;2,6;892,4;1114,3;191,5
2005-01-08 08:00:00;176;8;1,5;2,6;888,6;1113,9;192,3
2005-01-08 09:00:00;177;9;1,9;2,6;868,1;1112,7;201,6
2005-01-08 10:00:00;178;10;2,9;2,6;819,7;1112,6;192,3
2005-01-08 11:00:00;179;11;3,8;2,6;777,6;1112,5;186,5
2005-01-08 12:00:00;180;12;3,5;2,6;793,4;1112,3;172,6
2005-01-08 13:00:00;181;13;3,9;2,6;771,4;1111,8;151,7
2005-01-08 14:00:00;182;14;3,5;2,6;790,6;1109,4;138,3
2005-01-08 15:00:00;183;15;3,6;2,6;784,9;1109,2;129,1
2005-01-08 16:00:00;184;16;3,8;2,6;776,3;1108,9;134,1
2005-01-08 17:00:00;185;17;3,6;2,6;785,2;1108,9;166,4
2005-01-08 18:00:00;186;18;3,2;2,6;805,7;1106,7;185,6
2005-01-08 19:00:00;187;19;4,2;2,6;760,3;1105,8;229,6
2005-01-08 20:00:00;188;20;4,7;2,6;733,9;1105,6;235,9
2005-01-08 21:00:00;189;21;4,8;2,6;731,4;1104,3;220,0
2005-01-08 22:00:00;190;22;5,5;2,6;697,2;1103,6;132,4
2005-01-08 23:00:00;191;23;6,0;2,6;671,3;1103,1;83,0
2005-01-09 00:00:00;192;0;6,9;8,5;439,4;1102,9;57,4
2005-01-09 01:00:00;193;1;6,8;8,5;441,6;1102,5;31,0
2005-01-09 02:00:00;194;2;6,3;8,5;466,5;1099,7;12,2
2005-01-09 03:00:00;195;3;6,2;8,5;472,7;1099,5;8,8
2005-01-09 04:00:00;196;4;6,7;8,5;445,5;1098,8;26,4
2005-01-09 05:00:00;197;5;7,4;8,5;412,8;1097,0;66,2
2005-01-09 06:00:00;198;6;6,8;8,5;441,6;1096,7;178,9
2005-01-09 07:00:00;199;7;7,0;8,5;626,2;1096,6;191,5
2005-01-09 08:00:00;200;8;6,7;8,5;640,7;1096,4;192,3
2005-01-09 09:00:00;201;9;7,7;8,5;592,7;1096,4;201,6
2005-01-09 10:00:00;202;10;7,8;8,5;584,7;1096,0;192,3
2005-01-09 11:00:00;203;11;7,6;8,5;593,5;1095,9;186,5
2005-01-09 12:00:00;204;12;7,9;8,5;582,2;1095,1;172,6
2005-01-09 13:00:00;205;13;8,9;8,5;534,0;1092,9;151,7
2005-01-09 14:00:00;206;14;9,9;8,5;487,1;1091,8;138,3
2005-01-09 15:00:00;207;15;10,2;8,5;472,7;1090,1;129,1
2005-01-09 16:00:00;208;16;10,0;8,5;479,7;1089,1;134,1
2005-01-09 17:00:00;209;17;10,3;8,5;466,1;1088,9;166,4
2005-01-09 18:00:00;210;18;10,2;8,5;470,9;1087,4;185,6
2005-01-09 19:00:00;211;19;10,1;8,5;474,7;1086,8;229,6
2005-01-09 20:00:00;212;20;10,3;8,5;468,0;1086,2;235,9
2005-01-09 21:00:00;213;21;10,2;8,5;469,2;1085,6;220,0
2005-01-09 22:00:00;214;22;10,5;8,5;459,2;1085,1;132,4
2005-01-09 23:00:00;215;23;11,1;8,5;429,9;1085,0;83,0
2005-01-10 00:00:00;216;0;10,8;6,5;249,9;1085,0;57,4
2005-01-10 01:00:00;217;1;10,5;6,5;266,3;1084,9;31,0
2005-01-10 02:00:00;218;2;10,1;6,5;285,3;1084,5;12,2
2005-01-10 03:00:00;219;3;9,6;6,5;309,1;1084,3;8,8
2005-01-10 04:00:00;220;4;9,1;6,5;334,3;1083,7;26,4
2005-01-10 05:00:00;221;5;8,5;6,5;361,5;1083,4;66,2
2005-01-10 06:00:00;222;6;7,8;6,5;396,6;1082,9;178,9
2005-01-10 07:00:00;223;7;7,5;6,5;599,1;1082,0;191,5
2005-01-10 08:00:00;224;8;7,6;6,5;595,9;1080,5;192,3
2005-01-10 09:00:00;225;9;7,3;6,5;610,8;1080,2;201,6
2005-01-10 10:00:00;226;10;7,3;6,5;612,6;1078,8;192,3
2005-01-10 11:00:00;227;11;7,5;6,5;600,3;1077,1;186,5
2005-01-10 12:00:00;228;12;7,8;6,5;584,6;1076,6;172,6
2005-01-10 13:00:00;229;13;7,6;6,5;594,3;1075,9;151,7
2005-01-10 14:00:00;230;14;7,9;6,5;583,7;1075,7;138,3
2005-01-10 15:00:00;231;15;6,7;6,5;640,3;1074,8;129,1
2005-01-10 16:00:00;232;16;5,8;6,5;680,2;1074,8;134,1
2005-01-10 17:00:00;233;17;4,7;6,5;735,3;1073,6;166,4
2005-01-10 18:00:00;234;18;4,6;6,5;738,8;1072,8;185,6
2005-01-10 19:00:00;235;19;3,7;6,5;780,3;1072,5;229,6
2005-01-10 20:00:00;236;20;2,6;6,5;834,5;1072,4;235,9
2005-01-10 21:00:00;237;21;1,2;6,5;901,1;1071,9;220,0
2005-01-10 22:00:00;238;22;0,2;6,5;948,9;1071,2;132,4
2005-01-10 23:00:00;239;23;-0,5;6,5;982,9;1069,8;83,0
2005-01-11 00:00:00;240;0;-1,2;-0,0;826,7;1069,4;57,4
2005-01-11 01:00:00;241;1;-1,3;-0,0;829,1;1067,2;31,0
2005-01-11 02:00:00;242;2;-1,3;-0,0;830,3;1066,7;12,2
2005-01-11 03:00:00;243;3;-1,4;-0,0;832,7;1065,4;8,8
2005-01-11 04:00:00;244;4;-1,2;-0,0;827,2;1064,2;26,4
2005-01-11 05:00:00;245;5;-1,1;-0,0;819,9;1064,1;66,2
2005-01-11 06:00:00;246;6;-1,0;-0,0;815,8;1063,2;178,9
2005-01-11 07:00:00;247;7;-0,6;-0,0;989,3;1063,1;191,5
2005-01-11 08:00:00;248;8;-1,0;-0,0;1005,1;1063,0;192,3
2005-01-11 09:00:00;249;9;-0,0;-0,0;960,0;1062,3;201,6
2005-01-11 10:00:00;250;10;-0,1;-0,0;962,0;1062,2;192,3
2005-01-11 11:00:00;251;11;1,6;-0,0;882,1;1060,4;186,5
2005-01-11 12:00:00;252;12;2,0;-0,0;863,8;1060,4;172,6
2005-01-11 13:00:00;253;13;3,2;-0,0;804,4;1059,7;151,7
2005-01-11 14:00:00;254;14;3,0;-0,0;816,6;1059,3;138,3
2005-01-11 15:00:00;255;15;2,4;-0,0;845,2;1058,3;129,1
2005-01-11 16:00:00;256;16;0,9;-0,0;917,2;1056,6;134,1
2005-01-11 17:00:00;257;17;1,0;-0,0;911,2;1055,5;166,4
2005-01-11 18:00:00;258;18;0,7;-0,0;927,0;1054,5;185,6
2005-01-11 19:00:00;259;19;-0,2;-0,0;966,6;1053,6;229,6
2005-01-11 20:00:00;260;20;-0,6;-0,0;989,5;1053,4;235,9
2005-01-11 21:00:00;261;21;-1,4;-0,0;1023,9;1052,3;220,0
2005-01-11 22:00:00;262;22;-1,3;-0,0;1019,6;1051,2;132,4
2005-01-11 23:00:00;263;23;-1,4;-0,0;1027,5;1049,7;83,0
2005-01-12 00:00:00;264;0;-1,4;0,8;837,0;1049,6;57,4
2005-01-12 01:00:00;265;1;-1,8;0,8;854,9;1049,4;31,0
2005-01-12 02:00:00;266;2;-1,7;0,8;848,4;1049,1;12,2
2005-01-12 03:00:00;267;3;-1,6;0,8;844,7;1048,6;8,8
2005-01-12 04:00:00;268;4;-1,2;0,8;823,1;1047,1;26,4
2005-01-12 05:00:00;269;5;-1,5;0,8;839,7;1045,3;66,2
2005-01-12 06:00:00;270;6;-1,2;0,8;826,1;1044,6;178,9
2005-01-12 07:00:00;271;7;-1,5;0,8;1028,8;1044,4;191,5
2005-01-12 08:00:00;272;8;-1,5;0,8;1032,7;1042,3;192,3
2005-01-12 09:00:00;273;9;-0,8;0,8;999,1;1042,2;201,6
2005-01-12 10:00:00;274;10;-0,1;0,8;965,7;1041,9;192,3
2005-01-12 11:00:00;275;11;1,1;0,8;907,2;1041,6;186,5
2005-01-12 12:00:00;276;12;2,1;0,8;860,9;1041,4;172,6
2005-01-12 13:00:00;277;13;2,7;0,8;830,8;1041,0;151,7
2005-01-12 14:00:00;278;14;3,2;0,8;806,2;1040,9;138,3
2005-01-12 15:00:00;279;15;3,2;0,8;807,9;1040,4;129,1
2005-01-12 16:00:00;280;16;3,4;0,8;797,9;1038,7;134,1
2005-01-12 17:00:00;281;17;3,0;0,8;815,7;1038,1;166,4
2005-01-12 18:00:00;282;18;2,9;0,8;821,2;1038,0;185,6
2005-01-12 19:00:00;283;19;3,0;0,8;817,2;1038,0;229,6
2005-01-12 20:00:00;284;20;2,3;0,8;850,3;1037,8;235,9
2005-01-12 21:00:00;285;21;2,2;0,8;855,7;1037,2;220,0
2005-01-12 22:00:00;286;22;2,2;0,8;855,5;1037,2;132,4
2005-01-12 23:00:00;287;23;1,9;0,8;868,6;1036,9;83,0
2005-01-13 00:00:00;288;0;2,6;3,9;645,9;1036,5;57,4
2005-01-13 01:00:00;289;1;2,6;3,9;645,7;1036,5;31,0
2005-01-13 02:00:00;290;2;2,6;3,9;641,3;1036,3;12,2
2005-01-13 03:00:00;291;3;2,7;3,9;640,0;1036,2;8,8
2005-01-13 04:00:00;292;4;2,4;3,9;651,6;1034,9;26,4
2005-01-13 05:00:00;293;5;2,3;3,9;659,4;1034,6;66,2
2005-01-13 06:00:00;294;6;2,7;3,9;639,7;1033,9;178,9
2005-01-13 07:00:00;295;7;2,7;3,9;830,5;1033,7;191,5
2005-01-13 08:00:00;296;8;2,8;3,9;826,5;1032,9;192,3
2005-01-13 09:00:00;297;9;2,8;3,9;825,3;1032,7;201,6
2005-01-13 10:00:00;298;10;3,8;3,9;779,3;1032,0;192,3
2005-01-13 11:00:00;299;11;4,3;3,9;752,2;1031,5;186,5
2005-01-13 12:00:00;300;12;5,1;3,9;716,4;1030,4;172,6
2005-01-13 13:00:00;301;13;5,4;3,9;701,5;1030,0;151,7
2005-01-13 14:00:00;302;14;5,5;3,9;694,5;1029,6;138,3
2005-01-13 15:00:00;303;15;6,1;3,9;667,6;1029,1;129,1
2005-01-13 16:00:00;304;16;5,4;3,9;702,5;1028,8;134,1
2005-01-13 17:00:00;305;17;5,6;3,9;693,6;1027,9;166,4
2005-01-13 18:00:00;306;18;5,4;3,9;701,0;1027,5;185,6
2005-01-13 19:00:00;307;19;5,1;3,9;713,3;1027,5;229,6
2005-01-13 20:00:00;308;20;5,0;3,9;720,0;1027,2;235,9
2005-01-13 21:00:00;309;21;4,0;3,9;766,9;1026,9;220,0
2005-01-13 22:00:00;310;22;4,2;3,9;760,4;1026,4;132,4
2005-01-13 23:00:00;311;23;3,8;3,9;776,9;1026,0;83,0
2005-01-14 00:00:00;312;0;3,6;4,9;597,1;1025,7;57,4
2005-01-14 01:00:00;313;1;3,7;4,9;590,1;1025,2;31,0
2005-01-14 02:00:00;314;2;3,7;4,9;591,6;1024,3;12,2
2005-01-14 03:00:00;315;3;4,2;4,9;567,8;1024,3;8,8
2005-01-14 04:00:00;316;4;4,5;4,9;551,8;1023,9;26,4
2005-01-14 05:00:00;317;5;4,8;4,9;540,4;1023,9;66,2
2005-01-14 06:00:00;318;6;4,4;4,9;557,8;1022,6;178,9
2005-01-14 07:00:00;319;7;4,2;4,9;758,0;1021,9;191,5
2005-01-14 08:00:00;320;8;4,0;4,9;766,0;1021,8;192,3
2005-01-14 09:00:00;321;9;4,3;4,9;751,5;1020,4;201,6
2005-01-14 10:00:00;322;10;4,6;4,9;738,3;1020,1;192,3
2005-01-14 11:00:00;323;11;4,3;4,9;752,1;1019,6;186,5
2005-01-14 12:00:00;324;12;4,9;4,9;723,4;1019,2;172,6
2005-01-14 13:00:00;325;13;5,3;4,9;704,6;1018,4;151,7
2005-01-14 14:00:00;326;14;6,3;4,9;657,6;1018,3;138,3
2005-01-14 15:00:00;327;15;7,0;4,9;625,4;1017,9;129,1
2005-01-14 16:00:00;328;16;6,3;4,9;658,1;1017,6;134,1
2005-01-14 17:00:00;329;17;6,1;4,9;666,0;1017,5;166,4
2005-01-14 18:00:00;330;18;5,5;4,9;695,4;1016,1;185,6
2005-01-14 19:00:00;331;19;5,2;4,9;710,9;1015,7;229,6
2005-01-14 20:00:00;332;20;5,1;4,9;716,6;1011,4;235,9
2005-01-14 21:00:00;333;21;5,0;4,9;719,3;1010,3;220,0
2005-01-14 22:00:00;334;22;4,6;4,9;739,3;1009,7;132,4
2005-01-14 23:00:00;335;23;5,0;4,9;721,9;1009,6;83,0
2005-01-15 00:00:00;336;0;4,8;2,2;540,2;1008,2;57,4
2005-01-15 01:00:00;337;1;4,4;2,2;555,4;1008,1;31,0
2005-01-15 02:00:00;338;2;4,0;2,2;576,1;1007,2;12,2
2005-01-15 03:00:00;339;3;3,4;2,2;605,3;1007,2;8,8
2005-01-15 04:00:00;340;4;3,2;2,2;616,1;1006,6;26,4
2005-01-15 05:00:00;341;5;3,2;2,2;615,8;1006,6;66,2
2005-01-15 06:00:00;342;6;3,2;2,2;616,4;1006,5;178,9
2005-01-15 07:00:00;343;7;2,5;2,2;841,4;1006,4;191,5
2005-01-15 08:00:00;344;8;2,3;2,2;850,2;1005,9;192,3
2005-01-15 09:00:00;345;9;1,9;2,2;868,1;1005,5;201,6
2005-01-15 10:00:00;346;10;2,5;2,2;839,2;1005,5;192,3
2005-01-15 11:00:00;347;11;2,9;2,2;820,9;1005,1;186,5
2005-01-15 12:00:00;348;12;3,1;2,2;811,7;1004,7;172,6
2005-01-15 13:00:00;349;13;2,5;2,2;837,9;1003,5;151,7
2005-01-15 14:00:00;350;14;2,4;2,2;842,7;1002,4;138,3
2005-01-15 15:00:00;351;15;2,3;2,2;850,4;1001,9;129,1
2005-01-15 16:00:00;352;16;1,7;2,2;876,8;1001,8;134,1
2005-01-15 17:00:00;353;17;1,1;2,2;907,4;1001,8;166,4
2005-01-15 18:00:00;354;18;0,9;2,2;914,6;1000,4;185,6
2005-01-15 19:00:00;355;19;0,2;2,2;949,4;999,9;229,6
2005-01-15 20:00:00;356;20;0,3;2,2;943,8;999,8;235,9
2005-01-15 21:00:00;357;21;-0,3;2,2;973,8;999,6;220,0
2005-01-15 22:00:00;358;22;-0,2;2,2;968,8;999,1;132,4
2005-01-15 23:00:00;359;23;0,3;2,2;946,3;999,0;83,0
2005-01-16 00:00:00;360;0;0,4;-1,2;748,1;998,9;57,4
2005-01-16 01:00:00;361;1;0,1;-1,2;764,8;994,6;31,0
2005-01-16 02:00:00;362;2;-0,5;-1,2;789,6;994,0;12,2
2005-01-16 03:00:00;363;3;-0,2;-1,2;778,8;993,2;8,8
2005-01-16 04:00:00;364;4;-0,0;-1,2;768,7;993,1;26,4
2005-01-16 05:00:00;365;5;-0,9;-1,2;810,3;992,8;66,2
2005-01-16 06:00:00;366;6;-1,1;-1,2;820,0;992,1;178,9
2005-01-16 07:00:00;367;7;-1,3;-1,2;1021,8;991,8;191,5
2005-01-16 08:00:00;368;8;-1,2;-1,2;1015,7;991,4;192,3
2005-01-16 09:00:00;369;9;-1,4;-1,2;1025,7;990,8;201,6
2005-01-16 10:00:00;370;10;0,1;-1,2;956,5;990,8;192,3
2005-01-16 11:00:00;371;11;0,5;-1,2;935,9;990,7;186,5
2005-01-16 12:00:00;372;12;1,0;-1,2;912,2;990,2;172,6
2005-01-16 13:00:00;373;13;1,4;-1,2;890,4;989,5;151,7
2005-01-16 14:00:00;374;14;1,2;-1,2;903,0;989,3;138,3
2005-01-16 15:00:00;375;15;0,3;-1,2;943,5;989,2;129,1
2005-01-16 16:00:00;376;16;-1,1;-1,2;1009,6;988,5;134,1
2005-01-16 17:00:00;377;17;-2,0;-1,2;1055,5;988,1;166,4
2005-01-16 18:00:00;378;18;-2,6;-1,2;1083,4;987,7;185,6
2005-01-16 19:00:00;379;19;-3,0;-1,2;1103,6;987,4;229,6
2005-01-16 20:00:00;380;20;-3,4;-1,2;1122,6;987,1;235,9
2005-01-16 21:00:00;381;21;-4,4;-1,2;1169,8;986,6;220,0
2005-01-16 22:00:00;382;22;-5,3;-1,2;1214,1;986,6;132,4
2005-01-16 23:00:00;383;23;-6,0;-1,2;1247,9;986,4;83,0
2005-01-17 00:00:00;384;0;-7,3;-2,6;1119,0;985,5;57,4
2005-01-17 01:00:00;385;1;-7,5;-2,6;1128,8;984,8;31,0
2005-01-17 02:00:00;386;2;-7,7;-2,6;1135,7;984,6;12,2
2005-01-17 03:00:00;387;3;-7,4;-2,6;1121,8;984,0;8,8
2005-01-17 04:00:00;388;4;-7,4;-2,6;1124,0;982,9;26,4
2005-01-17 05:00:00;389;5;-7,1;-2,6;1108,9;981,9;66,2
2005-01-17 06:00:00;390;6;-7,0;-2,6;1102,5;980,3;178,9
2005-01-17 07:00:00;391;7;-6,7;-2,6;1279,9;979,7;191,5
2005-01-17 08:00:00;392;8;-5,6;-2,6;1225,2;978,9;192,3
2005-01-17 09:00:00;393;9;-4,4;-2,6;1171,9;978,9;201,6
2005-01-17 10:00:00;394;10;-3,3;-2,6;1114,9;978,6;192,3
2005-01-17 11:00:00;395;11;-2,0;-2,6;1056,6;977,5;186,5
2005-01-17 12:00:00;396;12;-0,4;-2,6;976,9;977,2;172,6
2005-01-17 13:00:00;397;13;1,1;-2,6;908,1;976,9;151,7
2005-01-17 14:00:00;398;14;0,9;-2,6;917,6;976,8;138,3
2005-01-17 15:00:00;399;15;1,5;-2,6;889,9;976,5;129,1
2005-01-17 16:00:00;400;16;1,6;-2,6;882,5;974,1;134,1
2005-01-17 17:00:00;401;17;0,9;-2,6;913,9;973,8;166,4
2005-01-17 18:00:00;402;18;1,3;-2,6;897,3;973,0;185,6
2005-01-17 19:00:00;403;19;1,3;-2,6;895,4;972,9;229,6
2005-01-17 20:00:00;404;20;0,2;-2,6;950,7;972,3;235,9
2005-01-17 21:00:00;405;21;0,9;-2,6;916,9;972,1;220,0
2005-01-17 22:00:00;406;22;0,8;-2,6;922,1;972,1;132,4
2005-01-17 23:00:00;407;23;1,1;-2,6;906,3;970,9;83,0
2005-01-18 00:00:00;408;0;2,3;0,6;658,1;970,8;57,4
2005-01-18 01:00:00;409;1;1,6;0,6;690,7;970,0;31,0
2005-01-18 02:00:00;410;2;1,1;0,6;716,0;968,9;12,2
2005-01-18 03:00:00;411;3;1,0;0,6;718,1;968,8;8,8
2005-01-18 04:00:00;412;4;1,0;0,6;721,6;968,7;26,4
2005-01-18 05:00:00;413;5;0,9;0,6;727,3;968,4;66,2
2005-01-18 06:00:00;414;6;0,2;0,6;756,8;968,0;178,9
2005-01-18 07:00:00;415;7;-0,1;0,6;963,5;967,9;191,5
2005-01-18 08:00:00;416;8;0,3;0,6;946,6;967,7;192,3
2005-01-18 09:00:00;417;9;0,9;0,6;914,6;967,1;201,6
2005-01-18 10:00:00;418;10;0,9;0,6;916,8;967,0;192,3
2005-01-18 11:00:00;419;11;1,5;0,6;889,0;966,6;186,5
2005-01-18 12:00:00;420;12;2,0;0,6;862,8;966,6;172,6
2005-01-18 13:00:00;421;13;2,0;0,6;865,9;966,4;151,7
2005-01-18 14:00:00;422;14;1,9;0,6;866,7;965,9;138,3
2005-01-18 15:00:00;423;15;1,2;0,6;904,3;965,7;129,1
2005-01-18 16:00:00;424;16;0,9;0,6;918,6;964,7;134,1
2005-01-18 17:00:00;425;17;0,8;0,6;920,9;964,6;166,4
2005-01-18 18:00:00;426;18;-0,1;0,6;966,4;964,1;185,6
2005-01-18 19:00:00;427;19;-0,3;0,6;972,1;963,9;229,6
2005-01-18 20:00:00;428;20;-1,3;0,6;1021,9;963,8;235,9
2005-01-18 21:00:00;429;21;-1,6;0,6;1038,0;963,6;220,0
2005-01-18 22:00:00;430;22;-1,5;0,6;1032,0;963,5;132,4
2005-01-18 23:00:00;431;23;-1,3;0,6;1020,1;963,5;83,0
2005-01-19 00:00:00;432;0;-1,7;-1,4;847,6;962,9;57,4
2005-01-19 01:00:00;433;1;-2,1;-1,4;870,8;962,3;31,0
2005-01-19 02:00:00;434;2;-2,9;-1,4;908,4;962,0;12,2
2005-01-19 03:00:00;435;3;-3,5;-1,4;937,2;962,0;8,8
2005-01-19 04:00:00;436;4;-2,9;-1,4;908,8;961,5;26,4
2005-01-19 05:00:00;437;5;-2,7;-1,4;898,2;960,6;66,2
2005-01-19 06:00:00;438;6;-2,4;-1,4;881,1;960,4;178,9
2005-01-19 07:00:00;439;7;-2,6;-1,4;1082,0;960,0;191,5
2005-01-19 08:00:00;440;8;-2,1;-1,4;1059,3;959,3;192,3
2005-01-19 09:00:00;441;9;-2,1;-1,4;1058,3;959,1;201,6
2005-01-19 10:00:00;442;10;-2,4;-1,4;1072,4;958,5;192,3
2005-01-19 11:00:00;443;11;-1,4;-1,4;1026,4;958,4;186,5
2005-01-19 12:00:00;444;12;-1,0;-1,4;1006,5;958,2;172,6
2005-01-19 13:00:00;445;13;-0,4;-1,4;976,8;957,9;151,7
2005-01-19 14:00:00;446;14;0,6;-1,4;929,9;957,6;138,3
2005-01-19 15:00:00;447;15;0,3;-1,4;946,5;957,1;129,1
2005-01-19 16:00:00;448;16;0,3;-1,4;944,4;957,0;134,1
2005-01-19 17:00:00;449;17;0,6;-1,4;929,2;956,5;166,4
2005-01-19 18:00:00;450;18;-0,1;-1,4;962,3;956,3;185,6
2005-01-19 19:00:00;451;19;-0,6;-1,4;988,1;955,8;229,6
2005-01-19 20:00:00;452;20;-1,4;-1,4;1025,2;955,3;235,9
2005-01-19 21:00:00;453;21;-1,9;-1,4;1049,6;955,2;220,0
2005-01-19 22:00:00;454;22;-1,4;-1,4;1027,5;954,1;132,4
2005-01-19 23:00:00;455;23;-1,1;-1,4;1009,7;953,8;83,0
2005-01-20 00:00:00;456;0;-1,4;-0,7;832,7;953,8;57,4
2005-01-20 01:00:00;457;1;-2,1;-0,7;870,7;953,5;31,0
2005-01-20 02:00:00;458;2;-2,2;-0,7;872,2;953,0;12,2
2005-01-20 03:00:00;459;3;-3,0;-0,7;911,1;952,9;8,8
2005-01-20 04:00:00;460;4;-2,9;-0,7;904,8;952,7;26,4
2005-01-20 05:00:00;461;5;-3,0;-0,7;913,9;952,2;66,2
2005-01-20 06:00:00;462;6;-3,1;-0,7;914,4;952,0;178,9
2005-01-20 07:00:00;463;7;-3,1;-0,7;1109,4;952,0;191,5
2005-01-20 08:00:00;464;8;-3,2;-0,7;1112,7;951,8;192,3
2005-01-20 09:00:00;465;9;-2,1;-0,7;1060,4;951,7;201,6
2005-01-20 10:00:00;466;10;-1,5;-0,7;1030,0;951,5;192,3
2005-01-20 11:00:00;467;11;-0,6;-0,7;987,7;951,2;186,5
2005-01-20 12:00:00;468;12;0,2;-0,7;951,2;951,2;172,6
2005-01-20 13:00:00;469;13;0,7;-0,7;927,2;951,2;151,7
2005-01-20 14:00:00;470;14;1,2;-0,7;901,1;951,0;138,3
2005-01-20 15:00:00;471;15;1,7;-0,7;876,6;950,7;129,1
2005-01-20 16:00:00;472;16;1,4;-0,7;890,3;950,0;134,1
2005-01-20 17:00:00;473;17;1,7;-0,7;877,6;949,9;166,4
2005-01-20 18:00:00;474;18;1,4;-0,7;894,0;949,6;185,6
2005-01-20 19:00:00;475;19;0,7;-0,7;925,9;949,4;229,6
2005-01-20 20:00:00;476;20;1,0;-0,7;913,7;949,4;235,9
2005-01-20 21:00:00;477;21;0,5;-0,7;934,3;948,9;220,0
2005-01-20 22:00:00;478;22;0,3;-0,7;943,0;948,5;132,4
2005-01-20 23:00:00;479;23;0,3;-0,7;944,8;948,2;83,0
2005-01-21 00:00:00;480;0;0,3;0,2;753,4;947,4;57,4
2005-01-21 01:00:00;481;1;-0,7;0,2;802,8;947,4;31,0
2005-01-21 02:00:00;482;2;-0,7;0,2;803,1;947,2;12,2
2005-01-21 03:00:00;483;3;-1,4;0,2;835,5;946,6;8,8
2005-01-21 04:00:00;484;4;-1,4;0,2;833,3;946,5;26,4
2005-01-21 05:00:00;485;5;-1,2;0,2;826,1;946,3;66,2
2005-01-21 06:00:00;486;6;-1,5;0,2;840,0;945,1;178,9
2005-01-21 07:00:00;487;7;-1,3;0,2;1020,4;944,8;191,5
2005-01-21 08:00:00;488;8;-0,8;0,2;998,9;944,6;192,3
2005-01-21 09:00:00;489;9;-0,0;0,2;960,6;944,6;201,6
2005-01-21 10:00:00;490;10;0,7;0,2;927,1;944,4;192,3
2005-01-21 11:00:00;491;11;1,9;0,2;869,6;944,3;186,5
2005-01-21 12:00:00;492;12;1,5;0,2;885,3;944,3;172,6
2005-01-21 13:00:00;493;13;2,3;0,2;847,7;944,3;151,7
2005-01-21 14:00:00;494;14;2,4;0,2;844,1;944,2;138,3
2005-01-21 15:00:00;495;15;2,3;0,2;850,2;944,1;129,1
2005-01-21 16:00:00;496;16;2,3;0,2;849,5;943,8;134,1
2005-01-21 17:00:00;497;17;1,3;0,2;895,2;943,7;166,4
2005-01-21 18:00:00;498;18;1,1;0,2;906,3;943,5;185,6
2005-01-21 19:00:00;499;19;0,1;0,2;955,2;943,0;229,6
2005-01-21 20:00:00;500;20;0,2;0,2;947,4;943,0;235,9
2005-01-21 21:00:00;501;21;-0,7;0,2;994,0;942,9;220,0
2005-01-21 22:00:00;502;22;-1,0;0,2;1006,6;942,8;132,4
2005-01-21 23:00:00;503;23;-1,6;0,2;1038,0;942,0;83,0
2005-01-22 00:00:00;504;0;-1,9;-1,7;858,9;941,4;57,4
2005-01-22 01:00:00;505;1;-1,5;-1,7;838,9;941,3;31,0
2005-01-22 02:00:00;506;2;-1,4;-1,7;836,4;940,4;12,2
2005-01-22 03:00:00;507;3;-1,7;-1,7;848,1;940,2;8,8
2005-01-22 04:00:00;508;4;-2,1;-1,7;866,8;939,9;26,4
2005-01-22 05:00:00;509;5;-2,8;-1,7;903,6;939,4;66,2
2005-01-22 06:00:00;510;6;-3,3;-1,7;927,7;939,1;178,9
2005-01-22 07:00:00;511;7;-3,5;-1,7;1128,6;939,1;191,5
2005-01-22 08:00:00;512;8;-3,1;-1,7;1108,9;938,0;192,3
2005-01-22 09:00:00;513;9;-2,4;-1,7;1074,8;937,9;201,6
2005-01-22 10:00:00;514;10;-1,6;-1,7;1036,3;937,6;192,3
2005-01-22 11:00:00;515;11;-0,9;-1,7;1001,8;937,5;186,5
2005-01-22 12:00:00;516;12;-0,7;-1,7;990,8;937,4;172,6
2005-01-22 13:00:00;517;13;-0,1;-1,7;963,5;937,3;151,7
2005-01-22 14:00:00;518;14;-0,1;-1,7;962,9;937,2;138,3
2005-01-22 15:00:00;519;15;-0,7;-1,7;994,6;936,8;129,1
2005-01-22 16:00:00;520;16;-1,0;-1,7;1005,9;936,4;134,1
2005-01-22 17:00:00;521;17;-1,0;-1,7;1008,1;936,3;166,4
2005-01-22 18:00:00;522;18;-1,5;-1,7;1030,4;936,2;185,6
2005-01-22 19:00:00;523;19;-1,3;-1,7;1019,2;935,9;229,6
2005-01-22 20:00:00;524;20;-1,4;-1,7;1024,3;935,9;235,9
2005-01-22 21:00:00;525;21;-1,9;-1,7;1052,3;935,5;220,0
2005-01-22 22:00:00;526;22;-2,6;-1,7;1082,9;935,3;132,4
2005-01-22 23:00:00;527;23;-3,3;-1,7;1119,4;935,0;83,0
2005-01-23 00:00:00;528;0;-3,6;-1,5;940,4;934,8;57,4
2005-01-23 01:00:00;529;1;-3,6;-1,5;939,1;934,7;31,0
2005-01-23 02:00:00;530;2;-4,4;-1,5;977,5;934,3;12,2
2005-01-23 03:00:00;531;3;-3,9;-1,5;954,1;934,3;8,8
2005-01-23 04:00:00;532;4;-4,1;-1,5;964,7;933,4;26,4
2005-01-23 05:00:00;533;5;-3,7;-1,5;944,3;933,2;66,2
2005-01-23 06:00:00;534;6;-4,3;-1,5;974,1;932,4;178,9
2005-01-23 07:00:00;535;7;-4,3;-1,5;1165,6;932,0;191,5
2005-01-23 08:00:00;536;8;-3,7;-1,5;1134,7;931,8;192,3
2005-01-23 09:00:00;537;9;-2,7;-1,5;1090,1;931,6;201,6
2005-01-23 10:00:00;538;10;-1,6;-1,5;1038,1;930,2;192,3
2005-01-23 11:00:00;539;11;-0,3;-1,5;972,9;929,9;186,5
2005-01-23 12:00:00;540;12;0,5;-1,5;933,2;929,4;172,6
2005-01-23 13:00:00;541;13;1,8;-1,5;871,9;929,2;151,7
2005-01-23 14:00:00;542;14;2,0;-1,5;865,2;929,1;138,3
2005-01-23 15:00:00;543;15;1,5;-1,5;887,6;929,0;129,1
2005-01-23 16:00:00;544;16;1,3;-1,5;899,2;928,3;134,1
2005-01-23 17:00:00;545;17;0,8;-1,5;922,2;928,2;166,4
2005-01-23 18:00:00;546;18;0,5;-1,5;935,5;927,7;185,6
2005-01-23 19:00:00;547;19;0,2;-1,5;948,2;927,2;229,6
2005-01-23 20:00:00;548;20;-0,1;-1,5;965,9;927,1;235,9
2005-01-23 21:00:00;549;21;-1,0;-1,5;1006,4;927,0;220,0
2005-01-23 22:00:00;550;22;-1,5;-1,5;1029,1;926,8;132,4
2005-01-23 23:00:00;551;23;-2,3;-1,5;1067,2;926,6;83,0
2005-01-24 00:00:00;552;0;-2,1;-0,7;870,2;926,5;57,4
2005-01-24 01:00:00;553;1;-2,0;-0,7;864,5;925,9;31,0
2005-01-24 02:00:00;554;2;-2,2;-0,7;872,8;925,4;12,2
2005-01-24 03:00:00;555;3;-2,0;-0,7;865,8;925,2;8,8
2005-01-24 04:00:00;556;4;-2,9;-0,7;908,7;923,8;26,4
2005-01-24 05:00:00;557;5;-3,2;-0,7;922,5;923,8;66,2
2005-01-24 06:00:00;558;6;-2,9;-0,7;905,8;923,5;178,9
2005-01-24 07:00:00;559;7;-2,5;-0,7;1076,6;923,3;191,5
2005-01-24 08:00:00;560;8;-1,8;-0,7;1044,6;922,7;192,3
2005-01-24 09:00:00;561;9;-1,0;-0,7;1007,2;922,5;201,6
2005-01-24 10:00:00;562;10;-0,6;-0,7;988,5;922,2;192,3
2005-01-24 11:00:00;563;11;-0,2;-0,7;967,9;922,1;186,5
2005-01-24 12:00:00;564;12;0,6;-0,7;932,4;922,0;172,6
2005-01-24 13:00:00;565;13;1,0;-0,7;909,8;921,5;151,7
2005-01-24 14:00:00;566;14;1,5;-0,7;889,6;920,9;138,3
2005-01-24 15:00:00;567;15;1,3;-0,7;895,8;920,8;129,1
2005-01-24 16:00:00;568;16;1,0;-0,7;912,7;920,0;134,1
2005-01-24 17:00:00;569;17;0,7;-0,7;923,8;919,9;166,4
2005-01-24 18:00:00;570;18;0,5;-0,7;936,8;919,5;185,6
2005-01-24 19:00:00;571;19;-0,0;-0,7;960,4;919,0;229,6
2005-01-24 20:00:00;572;20;0,3;-0,7;942,9;918,6;235,9
2005-01-24 21:00:00;573;21;0,0;-0,7;957,6;918,1;220,0
2005-01-24 22:00:00;574;22;0,2;-0,7;952,0;917,6;132,4
2005-01-24 23:00:00;575;23;0,6;-0,7;930,2;917,2;83,0
2005-01-25 00:00:00;576;0;0,6;3,9;737,6;916,9;57,4
2005-01-25 01:00:00;577;1;0,1;3,9;763,3;916,9;31,0
2005-01-25 02:00:00;578;2;-0,1;3,9;771,6;916,8;12,2
2005-01-25 03:00:00;579;3;0,9;3,9;727,0;916,0;8,8
2005-01-25 04:00:00;580;4;1,2;3,9;710,0;915,8;26,4
2005-01-25 05:00:00;581;5;1,1;3,9;717,2;915,2;66,2
2005-01-25 06:00:00;582;6;1,3;3,9;708,2;915,1;178,9
2005-01-25 07:00:00;583;7;1,8;3,9;872,2;915,0;191,5
2005-01-25 08:00:00;584;8;2,2;3,9;852,9;914,6;192,3
2005-01-25 09:00:00;585;9;2,7;3,9;830,2;914,6;201,6
2005-01-25 10:00:00;586;10;3,6;3,9;786,8;914,5;192,3
2005-01-25 11:00:00;587;11;4,7;3,9;736,2;914,4;186,5
2005-01-25 12:00:00;588;12;5,4;3,9;703,2;914,1;172,6
2005-01-25 13:00:00;589;13;5,7;3,9;688,1;913,9;151,7
2005-01-25 14:00:00;590;14;6,3;3,9;659,1;913,9;138,3
2005-01-25 15:00:00;591;15;6,7;3,9;639,4;913,8;129,1
2005-01-25 16:00:00;592;16;6,6;3,9;644,8;913,7;134,1
2005-01-25 17:00:00;593;17;6,6;3,9;644,7;912,9;166,4
2005-01-25 18:00:00;594;18;6,5;3,9;647,5;912,7;185,6
2005-01-25 19:00:00;595;19;6,8;3,9;635,1;912,2;229,6
2005-01-25 20:00:00;596;20;6,3;3,9;659,9;912,0;235,9
2005-01-25 21:00:00;597;21;5,8;3,9;682,1;911,8;220,0
2005-01-25 22:00:00;598;22;5,3;3,9;703,8;911,3;132,4
2005-01-25 23:00:00;599;23;5,2;3,9;708,7;911,2;83,0
2005-01-26 00:00:00;600;0;5,4;2,4;508,2;911,1;57,4
2005-01-26 01:00:00;601;1;4,6;2,4;547,1;910,8;31,0
2005-01-26 02:00:00;602;2;3,8;2,4;586,5;910,7;12,2
2005-01-26 03:00:00;603;3;3,3;2,4;610,0;910,7;8,8
2005-01-26 04:00:00;604;4;2,7;2,4;638,6;910,3;26,4
2005-01-26 05:00:00;605;5;2,9;2,4;631,4;909,8;66,2
2005-01-26 06:00:00;606;6;2,9;2,4;631,6;909,6;178,9
2005-01-26 07:00:00;607;7;2,8;2,4;825,6;909,4;191,5
2005-01-26 08:00:00;608;8;2,4;2,4;842,9;908,8;192,3
2005-01-26 09:00:00;609;9;2,6;2,4;835,7;908,8;201,6
2005-01-26 10:00:00;610;10;2,9;2,4;821,3;908,7;192,3
2005-01-26 11:00:00;611;11;2,7;2,4;828,3;908,6;186,5
2005-01-26 12:00:00;612;12;2,7;2,4;830,7;908,5;172,6
2005-01-26 13:00:00;613;13;3,3;2,4;802,1;908,4;151,7
2005-01-26 14:00:00;614;14;3,4;2,4;797,2;908,4;138,3
2005-01-26 15:00:00;615;15;4,1;2,4;765,6;908,1;129,1
2005-01-26 16:00:00;616;16;3,0;2,4;816,8;907,4;134,1
2005-01-26 17:00:00;617;17;2,5;2,4;837,4;907,4;166,4
2005-01-26 18:00:00;618;18;1,5;2,4;886,3;907,2;185,6
2005-01-26 19:00:00;619;19;1,2;2,4;902,9;906,5;229,6
2005-01-26 20:00:00;620;20;-0,1;2,4;963,9;906,4;235,9
2005-01-26 21:00:00;621;21;-0,7;2,4;992,8;906,3;220,0
2005-01-26 22:00:00;622;22;-0,9;2,4;1001,9;906,3;132,4
2005-01-26 23:00:00;623;23;-1,2;2,4;1018,4;905,8;83,0
2005-01-27 00:00:00;624;0;-2,1;0,7;866,7;905,6;57,4
2005-01-27 01:00:00;625;1;-2,3;0,7;879,7;905,4;31,0
2005-01-27 02:00:00;626;2;-2,0;0,7;865,4;904,8;12,2
2005-01-27 03:00:00;627;3;-1,6;0,7;845,6;904,3;8,8
2005-01-27 04:00:00;628;4;-1,6;0,7;845,5;904,2;26,4
2005-01-27 05:00:00;629;5;-1,7;0,7;849,7;904,0;66,2
2005-01-27 06:00:00;630;6;-1,1;0,7;819,7;903,6;178,9
2005-01-27 07:00:00;631;7;-0,9;0,7;1001,8;903,1;191,5
2005-01-27 08:00:00;632;8;-0,4;0,7;977,2;903,0;192,3
2005-01-27 09:00:00;633;9;0,0;0,7;958,4;902,9;201,6
2005-01-27 10:00:00;634;10;1,4;0,7;894,6;902,8;192,3
2005-01-27 11:00:00;635;11;2,6;0,7;833,6;902,7;186,5
2005-01-27 12:00:00;636;12;2,8;0,7;823,6;902,7;172,6
2005-01-27 13:00:00;637;13;3,1;0,7;809,9;902,0;151,7
2005-01-27 14:00:00;638;14;3,1;0,7;810,6;901,7;138,3
2005-01-27 15:00:00;639;15;2,7;0,7;831,7;901,2;129,1
2005-01-27 16:00:00;640;16;2,9;0,7;818,3;901,1;134,1
2005-01-27 17:00:00;641;17;2,2;0,7;855,5;901,1;166,4
2005-01-27 18:00:00;642;18;1,4;0,7;890,5;900,9;185,6
2005-01-27 19:00:00;643;19;1,3;0,7;896,0;900,9;229,6
2005-01-27 20:00:00;644;20;1,2;0,7;902,7;900,6;235,9
2005-01-27 21:00:00;645;21;1,8;0,7;873,2;900,3;220,0
2005-01-27 22:00:00;646;22;2,1;0,7;858,9;900,2;132,4
2005-01-27 23:00:00;647;23;2,4;0,7;842,8;899,5;83,0
2005-01-28 00:00:00;648;0;2,3;0,2;660,4;899,2;57,4
2005-01-28 01:00:00;649;1;1,5;0,2;694,2;898,8;31,0
2005-01-28 02:00:00;650;2;1,5;0,2;695,7;898,6;12,2
2005-01-28 03:00:00;651;3;1,4;0,2;699,7;898,5;8,8
2005-01-28 04:00:00;652;4;0,9;0,2;725,2;898,2;26,4
2005-01-28 05:00:00;653;5;0,2;0,2;758,8;897,7;66,2
2005-01-28 06:00:00;654;6;0,4;0,2;746,8;897,7;178,9
2005-01-28 07:00:00;655;7;0,5;0,2;936,3;897,6;191,5
2005-01-28 08:00:00;656;8;0,5;0,2;937,3;897,3;192,3
2005-01-28 09:00:00;657;9;1,0;0,2;912,9;896,2;201,6
2005-01-28 10:00:00;658;10;1,4;0,2;894,1;896,0;192,3
2005-01-28 11:00:00;659;11;1,8;0,2;874,3;895,8;186,5
2005-01-28 12:00:00;660;12;1,9;0,2;866,5;895,7;172,6
2005-01-28 13:00:00;661;13;1,9;0,2;869,2;895,6;151,7
2005-01-28 14:00:00;662;14;1,8;0,2;874,0;895,4;138,3
2005-01-28 15:00:00;663;15;2,0;0,2;865,1;895,3;129,1
2005-01-28 16:00:00;664;16;1,0;0,2;910,7;895,2;134,1
2005-01-28 17:00:00;665;17;0,3;0,2;944,3;895,0;166,4
2005-01-28 18:00:00;666;18;-0,6;0,2;989,2;895,0;185,6
2005-01-28 19:00:00;667;19;-1,6;0,2;1036,5;894,8;229,6
2005-01-28 20:00:00;668;20;-2,4;0,2;1071,9;894,7;235,9
2005-01-28 21:00:00;669;21;-3,3;0,2;1114,9;894,6;220,0
2005-01-28 22:00:00;670;22;-4,3;0,2;1166,7;894,1;132,4
2005-01-28 23:00:00;671;23;-4,7;0,2;1185,2;894,0;83,0
2005-01-29 00:00:00;672;0;-4,9;2,6;1000,4;893,7;57,4
2005-01-29 01:00:00;673;1;-4,1;2,6;964,6;892,8;31,0
2005-01-29 02:00:00;674;2;-3,7;2,6;944,6;892,4;12,2
2005-01-29 03:00:00;675;3;-3,1;2,6;915,0;891,9;8,8
2005-01-29 04:00:00;676;4;-1,4;2,6;835,2;891,0;26,4
2005-01-29 05:00:00;677;5;-0,3;2,6;784,7;890,7;66,2
2005-01-29 06:00:00;678;6;0,1;2,6;763,8;890,5;178,9
2005-01-29 07:00:00;679;7;0,1;2,6;952,9;890,5;191,5
2005-01-29 08:00:00;680;8;0,1;2,6;953,8;890,4;192,3
2005-01-29 09:00:00;681;9;0,8;2,6;922,7;890,3;201,6
2005-01-29 10:00:00;682;10;1,6;2,6;884,2;890,3;192,3
2005-01-29 11:00:00;683;11;2,6;2,6;836,9;889,9;186,5
2005-01-29 12:00:00;684;12;2,7;2,6;829,0;889,6;172,6
2005-01-29 13:00:00;685;13;3,0;2,6;813,6;889,5;151,7
2005-01-29 14:00:00;686;14;3,3;2,6;801,6;889,3;138,3
2005-01-29 15:00:00;687;15;4,9;2,6;724,3;889,2;129,1
2005-01-29 16:00:00;688;16;5,6;2,6;691,1;889,0;134,1
2005-01-29 17:00:00;689;17;5,9;2,6;676,9;888,6;166,4
2005-01-29 18:00:00;690;18;6,3;2,6;659,2;888,6;185,6
2005-01-29 19:00:00;691;19;6,9;2,6;629,1;888,3;229,6
2005-01-29 20:00:00;692;20;8,0;2,6;576,4;887,6;235,9
2005-01-29 21:00:00;693;21;8,6;2,6;547,6;887,6;220,0
2005-01-29 22:00:00;694;22;9,6;2,6;502,2;886,7;132,4
2005-01-29 23:00:00;695;23;10,1;2,6;477,6;886,7;83,0
2005-01-30 00:00:00;696;0;10,2;10,0;278,0;886,3;57,4
2005-01-30 01:00:00;697;1;10,5;10,0;267,7;885,6;31,0
2005-01-30 02:00:00;698;2;9,9;10,0;295,5;885,3;12,2
2005-01-30 03:00:00;699;3;9,6;10,0;309,2;885,3;8,8
2005-01-30 04:00:00;700;4;9,3;10,0;321,2;885,1;26,4
2005-01-30 05:00:00;701;5;9,5;10,0;315,1;884,6;66,2
2005-01-30 06:00:00;702;6;9,1;10,0;331,7;884,2;178,9
2005-01-30 07:00:00;703;7;8,6;10,0;549,5;884,1;191,5
2005-01-30 08:00:00;704;8;8,9;10,0;533,1;883,6;192,3
2005-01-30 09:00:00;705;9;9,1;10,0;525,0;883,4;201,6
2005-01-30 10:00:00;706;10;9,0;10,0;526,9;883,4;192,3
2005-01-30 11:00:00;707;11;9,8;10,0;490,2;883,0;186,5
2005-01-30 12:00:00;708;12;10,3;10,0;468,9;882,7;172,6
2005-01-30 13:00:00;709;13;10,1;10,0;476,2;882,5;151,7
2005-01-30 14:00:00;710;14;9,7;10,0;495,7;882,5;138,3
2005-01-30 15:00:00;711;15;10,1;10,0;475,6;882,1;129,1
2005-01-30 16:00:00;712;16;10,3;10,0;467,3;882,0;134,1
2005-01-30 17:00:00;713;17;10,4;10,0;462,7;881,9;166,4
2005-01-30 18:00:00;714;18;10,5;10,0;458,8;881,8;185,6
2005-01-30 19:00:00;715;19;10,9;10,0;437,3;881,2;229,6
2005-01-30 20:00:00;716;20;10,6;10,0;451,4;881,1;235,9
2005-01-30 21:00:00;717;21;11,3;10,0;420,7;881,0;220,0
2005-01-30 22:00:00;718;22;11,0;10,0;434,8;880,6;132,4
2005-01-30 23:00:00;719;23;10,4;10,0;461,8;880,4;83,0
2005-01-31 00:00:00;720;0;10,2;11,0;278,8;880,2;57,4
2005-01-31 01:00:00;721;1;10,7;11,0;257,5;880,0;31,0
2005-01-31 02:00:00;722;2;10,9;11,0;245,9;880,0;12,2
2005-01-31 03:00:00;723;3;11,2;11,0;230,5;879,7;8,8
2005-01-31 04:00:00;724;4;11,5;11,0;218,2;879,6;26,4
2005-01-31 05:00:00;725;5;11,2;11,0;234,1;879,5;66,2
2005-01-31 06:00:00;726;6;11,0;11,0;239,9;879,3;178,9
2005-01-31 07:00:00;727;7;10,9;11,0;438,4;879,2;191,5
2005-01-31 08:00:00;728;8;10,5;11,0;456,4;878,9;192,3
2005-01-31 09:00:00;729;9;11,2;11,0;425,0;878,7;201,6
2005-01-31 10:00:00;730;10;12,2;11,0;376,7;878,7;192,3
2005-01-31 11:00:00;731;11;12,5;11,0;359,6;877,7;186,5
2005-01-31 12:00:00;732;12;13,2;11,0;327,0;877,6;172,6
2005-01-31 13:00:00;733;13;13,9;11,0;296,9;877,0;151,7
2005-01-31 14:00:00;734;14;13,5;11,0;314,9;876,9;138,3
2005-01-31 15:00:00;735;15;13,0;11,0;337,5;876,8;129,1
2005-01-31 16:00:00;736;16;12,6;11,0;358,5;876,6;134,1
2005-01-31 17:00:00;737;17;11,1;11,0;429,1;876,4;166,4
2005-01-31 18:00:00;738;18;9,8;11,0;489,7;876,2;185,6
2005-01-31 19:00:00;739;19;9,3;11,0;515,6;876,0;229,6
2005-01-31 20:00:00;740;20;9,2;11,0;518,5;875,3;235,9
2005-01-31 21:00:00;741;21;9,1;11,0;525,0;875,3;220,0
2005-01-31 22:00:00;742;22;8,3;11,0;562,7;875,1;132,4
2005-01-31 23:00:00;743;23;7,5;11,0;598,9;875,0;83,0
2005-02-01 00:00:00;744;0;5,8;5,6;416,5;874,3;57,4
2005-02-01 01:00:00;745;1;5,1;5,6;445,1;874,1;31,0
2005-02-01 02:00:00;746;2;5,0;5,6;449,1;874,0;12,2
2005-02-01 03:00:00;747;3;5,3;5,6;436,0;873,6;8,8
2005-02-01 04:00:00;748;4;5,2;5,6;440,5;873,4;26,4
2005-02-01 05:00:00;749;5;5,1;5,6;443,8;873,2;66,2
2005-02-01 06:00:00;750;6;5,5;5,6;427,6;873,2;178,9
2005-02-01 07:00:00;751;7;4,6;5,6;626,7;873,2;191,5
2005-02-01 08:00:00;752;8;5,0;5,6;608,9;872,8;192,3
2005-02-01 09:00:00;753;9;5,9;5,6;572,8;872,7;201,6
2005-02-01 10:00:00;754;10;7,1;5,6;525,8;872,5;192,3
2005-02-01 11:00:00;755;11;7,6;5,6;507,0;872,2;186,5
2005-02-01 12:00:00;756;12;7,9;5,6;493,1;872,2;172,6
2005-02-01 13:00:00;757;13;8,4;5,6;473,0;872,1;151,7
2005-02-01 14:00:00;758;14;8,2;5,6;482,0;872,0;138,3
2005-02-01 15:00:00;759;15;8,3;5,6;475,3;871,9;129,1
2005-02-01 16:00:00;760;16;7,9;5,6;493,4;871,8;134,1
2005-02-01 17:00:00;761;17;7,1;5,6;523,7;871,5;166,4
2005-02-01 18:00:00;762;18;6,1;5,6;564,6;871,5;185,6
2005-02-01 19:00:00;763;19;5,1;5,6;605,5;871,2;229,6
2005-02-01 20:00:00;764;20;3,8;5,6;658,3;871,0;235,9
2005-02-01 21:00:00;765;21;2,7;5,6;703,5;870,8;220,0
2005-02-01 22:00:00;766;22;1,5;5,6;753,8;870,7;132,4
2005-02-01 23:00:00;767;23;1,1;5,6;767,5;870,3;83,0
2005-02-02 00:00:00;768;0;0,7;-2,0;621,4;870,2;57,4
2005-02-02 01:00:00;769;1;1,1;-2,0;607,1;870,0;31,0
2005-02-02 02:00:00;770;2;1,0;-2,0;609,8;869,6;12,2
2005-02-02 03:00:00;771;3;0,0;-2,0;649,4;869,3;8,8
2005-02-02 04:00:00;772;4;-0,7;-2,0;679,5;869,2;26,4
2005-02-02 05:00:00;773;5;-1,1;-2,0;696,5;869,1;66,2
2005-02-02 06:00:00;774;6;-1,6;-2,0;714,3;868,6;178,9
2005-02-02 07:00:00;775;7;-1,9;-2,0;889,5;868,1;191,5
2005-02-02 08:00:00;776;8;-1,8;-2,0;885,1;868,1;192,3
2005-02-02 09:00:00;777;9;-1,7;-2,0;881,8;867,7;201,6
2005-02-02 10:00:00;778;10;-1,3;-2,0;867,7;867,7;192,3
2005-02-02 11:00:00;779;11;-1,2;-2,0;862,1;867,2;186,5
2005-02-02 12:00:00;780;12;-0,7;-2,0;842,1;867,1;172,6
2005-02-02 13:00:00;781;13;-0,3;-2,0;825,0;866,9;151,7
2005-02-02 14:00:00;782;14;-0,5;-2,0;832,8;866,8;138,3
2005-02-02 15:00:00;783;15;-0,9;-2,0;849,5;866,7;129,1
2005-02-02 16:00:00;784;16;-1,5;-2,0;873,2;866,7;134,1
2005-02-02 17:00:00;785;17;-1,8;-2,0;886,7;866,6;166,4
2005-02-02 18:00:00;786;18;-3,2;-2,0;942,8;866,5;185,6
2005-02-02 19:00:00;787;19;-4,6;-2,0;999,9;865,9;229,6
2005-02-02 20:00:00;788;20;-5,6;-2,0;1038,7;865,8;235,9
2005-02-02 21:00:00;789;21;-6,2;-2,0;1064,2;865,4;220,0
2005-02-02 22:00:00;790;22;-6,8;-2,0;1086,8;865,2;132,4
2005-02-02 23:00:00;791;23;-7,0;-2,0;1096,4;865,1;83,0
2005-02-03 00:00:00;792;0;-7,2;-6,9;944,3;865,1;57,4
2005-02-03 01:00:00;793;1;-7,7;-6,9;962,0;864,6;31,0
2005-02-03 02:00:00;794;2;-7,6;-6,9;959,1;864,5;12,2
2005-02-03 03:00:00;795;3;-8,2;-6,9;981,9;864,5;8,8
2005-02-03 04:00:00;796;4;-8,7;-6,9;1002,4;864,4;26,4
2005-02-03 05:00:00;797;5;-8,8;-6,9;1006,6;864,4;66,2
2005-02-03 06:00:00;798;6;-9,5;-6,9;1037,2;864,2;178,9
2005-02-03 07:00:00;799;7;-8,9;-6,9;1172,9;863,8;191,5
2005-02-03 08:00:00;800;8;-8,7;-6,9;1167,3;863,7;192,3
2005-02-03 09:00:00;801;9;-8,0;-6,9;1135,6;863,5;201,6
2005-02-03 10:00:00;802;10;-7,0;-6,9;1096,4;863,2;192,3
2005-02-03 11:00:00;803;11;-5,8;-6,9;1049,4;862,9;186,5
2005-02-03 12:00:00;804;12;-5,5;-6,9;1034,9;862,8;172,6
2005-02-03 13:00:00;805;13;-4,6;-6,9;999,6;862,1;151,7
2005-02-03 14:00:00;806;14;-4,4;-6,9;991,8;862,1;138,3
2005-02-03 15:00:00;807;15;-4,7;-6,9;1003,5;861,3;129,1
2005-02-03 16:00:00;808;16;-5,1;-6,9;1017,9;861,1;134,1
2005-02-03 17:00:00;809;17;-5,5;-6,9;1036,2;861,1;166,4
2005-02-03 18:00:00;810;18;-6,4;-6,9;1071,2;860,9;185,6
2005-02-03 19:00:00;811;19;-6,7;-6,9;1084,5;860,6;229,6
2005-02-03 20:00:00;812;20;-6,2;-6,9;1063,1;859,9;235,9
2005-02-03 21:00:00;813;21;-7,4;-6,9;1112,3;859,7;220,0
2005-02-03 22:00:00;814;22;-6,7;-6,9;1084,3;859,6;132,4
2005-02-03 23:00:00;815;23;-6,6;-6,9;1078,8;859,5;83,0
2005-02-04 00:00:00;816;0;-7,2;-1,9;943,0;859,1;57,4
2005-02-04 01:00:00;817;1;-7,0;-1,9;934,8;858,9;31,0
2005-02-04 02:00:00;818;2;-6,7;-1,9;923,5;858,9;12,2
2005-02-04 03:00:00;819;3;-7,2;-1,9;941,3;858,4;8,8
2005-02-04 04:00:00;820;4;-6,2;-1,9;900,9;858,0;26,4
2005-02-04 05:00:00;821;5;-5,2;-1,9;861,1;856,3;66,2
2005-02-04 06:00:00;822;6;-4,8;-1,9;845,7;855,7;178,9
2005-02-04 07:00:00;823;7;-4,3;-1,9;986,6;855,5;191,5
2005-02-04 08:00:00;824;8;-3,8;-1,9;967,0;855,5;192,3
2005-02-04 09:00:00;825;9;-3,6;-1,9;958,2;855,2;201,6
2005-02-04 10:00:00;826;10;-2,2;-1,9;904,0;854,9;192,3
2005-02-04 11:00:00;827;11;-0,6;-1,9;837,4;854,7;186,5
2005-02-04 12:00:00;828;12;0,4;-1,9;798,5;854,6;172,6
2005-02-04 13:00:00;829;13;1,6;-1,9;747,8;854,5;151,7
2005-02-04 14:00:00;830;14;1,9;-1,9;735,9;853,8;138,3
2005-02-04 15:00:00;831;15;2,0;-1,9;733,5;853,3;129,1
2005-02-04 16:00:00;832;16;2,2;-1,9;724,2;853,0;134,1
2005-02-04 17:00:00;833;17;2,1;-1,9;728,4;852,9;166,4
2005-02-04 18:00:00;834;18;1,0;-1,9;773,8;851,7;185,6
2005-02-04 19:00:00;835;19;1,1;-1,9;770,5;851,6;229,6
2005-02-04 20:00:00;836;20;0,8;-1,9;781,6;851,6;235,9
2005-02-04 21:00:00;837;21;0,4;-1,9;796,5;851,5;220,0
2005-02-04 22:00:00;838;22;-0,1;-1,9;818,5;851,3;132,4
2005-02-04 23:00:00;839;23;0,1;-1,9;810,9;850,6;83,0
2005-02-05 00:00:00;840;0;-0,1;1,0;655,1;850,4;57,4
2005-02-05 01:00:00;841;1;0,3;1,0;640,3;850,3;31,0
2005-02-05 02:00:00;842;2;0,5;1,0;630,7;850,3;12,2
2005-02-05 03:00:00;843;3;-0,1;1,0;656,4;850,3;8,8
2005-02-05 04:00:00;844;4;-0,1;1,0;654,6;850,2;26,4
2005-02-05 05:00:00;845;5;-0,2;1,0;660,4;850,2;66,2
2005-02-05 06:00:00;846;6;-0,4;1,0;666,8;849,7;178,9
2005-02-05 07:00:00;847;7;-0,1;1,0;818,5;849,5;191,5
2005-02-05 08:00:00;848;8;0,4;1,0;796,0;849,5;192,3
2005-02-05 09:00:00;849;9;1,2;1,0;766,5;848,8;201,6
2005-02-05 10:00:00;850;10;1,8;1,0;740,8;848,4;192,3
2005-02-05 11:00:00;851;11;2,7;1,0;704,5;848,1;186,5
2005-02-05 12:00:00;852;12;3,9;1,0;656,7;848,1;172,6
2005-02-05 13:00:00;853;13;3,5;1,0;672,2;847,9;151,7
2005-02-05 14:00:00;854;14;3,7;1,0;664,2;847,7;138,3
2005-02-05 15:00:00;855;15;3,1;1,0;686,5;847,6;129,1
2005-02-05 16:00:00;856;16;2,7;1,0;702,7;847,6;134,1
2005-02-05 17:00:00;857;17;1,8;1,0;738,8;847,5;166,4
2005-02-05 18:00:00;858;18;1,0;1,0;773,0;846,7;185,6
2005-02-05 19:00:00;859;19;-0,0;1,0;814,0;846,2;229,6
2005-02-05 20:00:00;860;20;-0,2;1,0;823,0;845,7;235,9
2005-02-05 21:00:00;861;21;-0,2;1,0;822,9;845,6;220,0
2005-02-05 22:00:00;862;22;-0,5;1,0;833,6;845,5;132,4
2005-02-05 23:00:00;863;23;-0,3;1,0;824,2;845,3;83,0
2005-02-06 00:00:00;864;0;-0,1;1,1;655,6;845,2;57,4
2005-02-06 01:00:00;865;1;-0,7;1,1;678,5;845,0;31,0
2005-02-06 02:00:00;866;2;-0,5;1,1;669,6;844,7;12,2
2005-02-06 03:00:00;867;3;-0,6;1,1;674,6;844,2;8,8
2005-02-06 04:00:00;868;4;0,3;1,1;638,0;844,1;26,4
2005-02-06 05:00:00;869;5;0,0;1,1;650,7;843,8;66,2
2005-02-06 06:00:00;870;6;-0,3;1,1;663,7;843,7;178,9
2005-02-06 07:00:00;871;7;0,2;1,1;805,5;843,2;191,5
2005-02-06 08:00:00;872;8;0,0;1,1;812,6;843,1;192,3
2005-02-06 09:00:00;873;9;0,2;1,1;805,7;843,1;201,6
2005-02-06 10:00:00;874;10;1,2;1,1;763,5;842,9;192,3
2005-02-06 11:00:00;875;11;1,5;1,1;754,2;842,8;186,5
2005-02-06 12:00:00;876;12;2,4;1,1;714,9;842,7;172,6
2005-02-06 13:00:00;877;13;3,0;1,1;692,5;842,7;151,7
2005-02-06 14:00:00;878;14;3,1;1,1;687,9;842,5;138,3
2005-02-06 15:00:00;879;15;3,7;1,1;662,0;842,1;129,1
2005-02-06 16:00:00;880;16;3,6;1,1;666,4;841,4;134,1
2005-02-06 17:00:00;881;17;3,0;1,1;691,3;841,4;166,4
2005-02-06 18:00:00;882;18;2,0;1,1;732,7;841,2;185,6
2005-02-06 19:00:00;883;19;1,6;1,1;748,0;841,2;229,6
2005-02-06 20:00:00;884;20;1,1;1,1;768,6;840,0;235,9
2005-02-06 21:00:00;885;21;1,2;1,1;764,2;840,0;220,0
2005-02-06 22:00:00;886;22;0,1;1,1;807,2;839,7;132,4
2005-02-06 23:00:00;887;23;0,3;1,1;801,8;839,2;83,0
2005-02-07 00:00:00;888;0;0,3;2,4;640,8;839,2;57,4
2005-02-07 01:00:00;889;1;0,5;2,4;628,8;838,9;31,0
2005-02-07 02:00:00;890;2;0,7;2,4;621,0;838,3;12,2
2005-02-07 03:00:00;891;3;1,7;2,4;581,0;837,9;8,8
2005-02-07 04:00:00;892;4;1,1;2,4;607,1;837,9;26,4
2005-02-07 05:00:00;893;5;1,4;2,4;596,1;837,5;66,2
2005-02-07 06:00:00;894;6;1,4;2,4;595,7;837,4;178,9
2005-02-07 07:00:00;895;7;1,9;2,4;734,9;837,4;191,5
2005-02-07 08:00:00;896;8;2,1;2,4;729,7;837,1;192,3
2005-02-07 09:00:00;897;9;2,2;2,4;725,7;837,0;201,6
2005-02-07 10:00:00;898;10;2,9;2,4;697,1;837,0;192,3
2005-02-07 11:00:00;899;11;2,7;2,4;704,9;836,9;186,5
2005-02-07 12:00:00;900;12;2,3;2,4;717,9;836,9;172,6
2005-02-07 13:00:00;901;13;2,5;2,4;711,1;836,7;151,7
2005-02-07 14:00:00;902;14;2,7;2,4;705,3;836,4;138,3
2005-02-07 15:00:00;903;15;2,9;2,4;695,8;835,7;129,1
2005-02-07 16:00:00;904;16;3,1;2,4;689,0;835,5;134,1
2005-02-07 17:00:00;905;17;3,5;2,4;670,1;835,2;166,4
2005-02-07 18:00:00;906;18;3,7;2,4;663,3;834,9;185,6
2005-02-07 19:00:00;907;19;3,9;2,4;653,3;834,5;229,6
2005-02-07 20:00:00;908;20;3,6;2,4;669,3;834,3;235,9
2005-02-07 21:00:00;909;21;3,6;2,4;667,9;834,2;220,0
2005-02-07 22:00:00;910;22;3,3;2,4;679,0;833,7;132,4
2005-02-07 23:00:00;911;23;3,6;2,4;666,7;833,6;83,0
2005-02-08 00:00:00;912;0;3,5;2,5;507,6;833,6;57,4
2005-02-08 01:00:00;913;1;3,1;2,5;524,4;833,3;31,0
2005-02-08 02:00:00;914;2;2,5;2,5;548,9;833,0;12,2
2005-02-08 03:00:00;915;3;1,9;2,5;572,8;832,9;8,8
2005-02-08 04:00:00;916;4;2,0;2,5;571,9;832,8;26,4
2005-02-08 05:00:00;917;5;0,9;2,5;613,6;832,7;66,2
2005-02-08 06:00:00;918;6;1,3;2,5;599,8;832,7;178,9
2005-02-08 07:00:00;919;7;1,7;2,5;744,1;832,7;191,5
2005-02-08 08:00:00;920;8;1,7;2,5;743,3;831,9;192,3
2005-02-08 09:00:00;921;9;2,5;2,5;712,1;831,7;201,6
2005-02-08 10:00:00;922;10;2,6;2,5;709,3;831,6;192,3
2005-02-08 11:00:00;923;11;3,7;2,5;662,2;830,8;186,5
2005-02-08 12:00:00;924;12;3,9;2,5;653,3;830,7;172,6
2005-02-08 13:00:00;925;13;4,0;2,5;650,7;830,6;151,7
2005-02-08 14:00:00;926;14;4,5;2,5;631,9;830,5;138,3
2005-02-08 15:00:00;927;15;4,5;2,5;632,3;830,5;129,1
2005-02-08 16:00:00;928;16;4,5;2,5;631,2;830,4;134,1
2005-02-08 17:00:00;929;17;3,4;2,5;677,2;830,3;166,4
2005-02-08 18:00:00;930;18;2,7;2,5;701,8;830,2;185,6
2005-02-08 19:00:00;931;19;2,0;2,5;732,7;829,7;229,6
2005-02-08 20:00:00;932;20;1,7;2,5;743,4;829,2;235,9
2005-02-08 21:00:00;933;21;0,7;2,5;783,7;829,1;220,0
2005-02-08 22:00:00;934;22;0,3;2,5;802,2;829,0;132,4
2005-02-08 23:00:00;935;23;0,1;2,5;808,7;828,6;83,0
2005-02-09 00:00:00;936;0;0,4;0,3;634,0;828,3;57,4
2005-02-09 01:00:00;937;1;-0,2;0,3;660,7;827,9;31,0
2005-02-09 02:00:00;938;2;0,0;0,3;650,6;827,9;12,2
2005-02-09 03:00:00;939;3;0,1;0,3;645,3;827,2;8,8
2005-02-09 04:00:00;940;4;-0,1;0,3;655,0;827,2;26,4
2005-02-09 05:00:00;941;5;-0,4;0,3;667,5;827,2;66,2
2005-02-09 06:00:00;942;6;-0,9;0,3;688,2;826,9;178,9
2005-02-09 07:00:00;943;7;-0,9;0,3;851,5;826,7;191,5
2005-02-09 08:00:00;944;8;-0,9;0,3;850,3;826,7;192,3
2005-02-09 09:00:00;945;9;-0,7;0,3;841,4;826,5;201,6
2005-02-09 10:00:00;946;10;0,0;0,3;811,8;826,1;192,3
2005-02-09 11:00:00;947;11;1,3;0,3;758,9;826,1;186,5
2005-02-09 12:00:00;948;12;2,1;0,3;728,1;826,1;172,6
2005-02-09 13:00:00;949;13;2,7;0,3;703,0;825,6;151,7
2005-02-09 14:00:00;950;14;2,0;0,3;733,9;825,3;138,3
2005-02-09 15:00:00;951;15;1,4;0,3;754,8;825,0;129,1
2005-02-09 16:00:00;952;16;1,5;0,3;752,4;825,0;134,1
2005-02-09 17:00:00;953;17;1,1;0,3;767,1;824,5;166,4
2005-02-09 18:00:00;954;18;0,9;0,3;774,8;824,2;185,6
2005-02-09 19:00:00;955;19;-0,1;0,3;815,6;824,1;229,6
2005-02-09 20:00:00;956;20;0,1;0,3;810,0;824,1;235,9
2005-02-09 21:00:00;957;21;0,1;0,3;810,3;823,7;220,0
2005-02-09 22:00:00;958;22;-0,5;0,3;833,0;823,7;132,4
2005-02-09 23:00:00;959;23;-0,8;0,3;844,2;823,6;83,0
2005-02-10 00:00:00;960;0;-1,1;-0,2;695,5;823,1;57,4
2005-02-10 01:00:00;961;1;-1,4;-0,2;708,3;823,0;31,0
2005-02-10 02:00:00;962;2;-1,6;-0,2;716,0;823,0;12,2
2005-02-10 03:00:00;963;3;-1,7;-0,2;718,5;822,9;8,8
2005-02-10 04:00:00;964;4;-1,8;-0,2;723,6;821,3;26,4
2005-02-10 05:00:00;965;5;-1,7;-0,2;721,2;821,3;66,2
2005-02-10 06:00:00;966;6;-1,6;-0,2;717,4;821,3;178,9
2005-02-10 07:00:00;967;7;-2,0;-0,2;892,8;821,2;191,5
2005-02-10 08:00:00;968;8;-1,0;-0,2;855,2;820,9;192,3
2005-02-10 09:00:00;969;9;-0,4;-0,2;827,9;820,6;201,6
2005-02-10 10:00:00;970;10;0,2;-0,2;805,8;820,0;192,3
2005-02-10 11:00:00;971;11;0,9;-0,2;776,3;820,0;186,5
2005-02-10 12:00:00;972;12;2,3;-0,2;718,3;819,9;172,6
2005-02-10 13:00:00;973;13;2,7;-0,2;705,0;819,9;151,7
2005-02-10 14:00:00;974;14;3,1;-0,2;686,8;819,8;138,3
2005-02-10 15:00:00;975;15;3,2;-0,2;684,4;819,7;129,1
2005-02-10 16:00:00;976;16;2,6;-0,2;706,2;819,7;134,1
2005-02-10 17:00:00;977;17;1,7;-0,2;742,7;819,2;166,4
2005-02-10 18:00:00;978;18;0,1;-0,2;809,6;819,0;185,6
2005-02-10 19:00:00;979;19;-0,2;-0,2;821,3;818,5;229,6
2005-02-10 20:00:00;980;20;-1,3;-0,2;864,4;818,5;235,9
2005-02-10 21:00:00;981;21;-2,2;-0,2;900,2;818,5;220,0
2005-02-10 22:00:00;982;22;-1,5;-0,2;875,3;818,4;132,4
2005-02-10 23:00:00;983;23;-2,0;-0,2;894,8;818,3;83,0
2005-02-11 00:00:00;984;0;-2,3;-0,3;745,8;817,2;57,4
2005-02-11 01:00:00;985;1;-2,3;-0,3;743,8;817,1;31,0
2005-02-11 02:00:00;986;2;-2,1;-0,3;737,1;816,8;12,2
2005-02-11 03:00:00;987;3;-2,6;-0,3;756,1;816,6;8,8
2005-02-11 04:00:00;988;4;-2,5;-0,3;751,7;815,8;26,4
2005-02-11 05:00:00;989;5;-2,1;-0,3;737,5;815,8;66,2
2005-02-11 06:00:00;990;6;-1,9;-0,3;728,9;815,7;178,9
2005-02-11 07:00:00;991;7;-1,7;-0,3;883,4;815,6;191,5
2005-02-11 08:00:00;992;8;-1,4;-0,3;871,5;815,4;192,3
2005-02-11 09:00:00;993;9;-0,2;-0,3;823,0;815,3;201,6
2005-02-11 10:00:00;994;10;0,1;-0,3;807,1;815,3;192,3
2005-02-11 11:00:00;995;11;0,6;-0,3;787,4;815,2;186,5
2005-02-11 12:00:00;996;12;1,6;-0,3;746,8;814,9;172,6
2005-02-11 13:00:00;997;13;2,1;-0,3;729,1;814,0;151,7
2005-02-11 14:00:00;998;14;2,2;-0,3;725,9;814,0;138,3
2005-02-11 15:00:00;999;15;2,0;-0,3;733,8;813,6;129,1
2005-02-11 16:00:00;1000;16;1,7;-0,3;743,0;813,3;134,1
2005-02-11 17:00:00;1001;17;1,1;-0,3;769,3;813,1;166,4
2005-02-11 18:00:00;1002;18;0,6;-0,3;788,4;812,6;185,6
2005-02-11 19:00:00;1003;19;0,4;-0,3;795,4;812,1;229,6
2005-02-11 20:00:00;1004;20;0,5;-0,3;793,1;812,1;235,9
2005-02-11 21:00:00;1005;21;-0,7;-0,3;843,1;811,8;220,0
2005-02-11 22:00:00;1006;22;-0,6;-0,3;838,3;811,7;132,4
2005-02-11 23:00:00;1007;23;0,1;-0,3;807,9;811,4;83,0
2005-02-12 00:00:00;1008;0;-0,1;2,8;655,9;810,9;57,4
2005-02-12 01:00:00;1009;1;-0,1;2,8;654,0;810,7;31,0
2005-02-12 02:00:00;1010;2;-0,6;2,8;676,5;810,6;12,2
2005-02-12 03:00:00;1011;3;-0,7;2,8;677,6;810,3;8,8
2005-02-12 04:00:00;1012;4;0,0;2,8;649,9;810,3;26,4
2005-02-12 05:00:00;1013;5;0,3;2,8;637,1;810,0;66,2
2005-02-12 06:00:00;1014;6;0,6;2,8;628,2;810,0;178,9
2005-02-12 07:00:00;1015;7;1,0;2,8;771,4;809,9;191,5
2005-02-12 08:00:00;1016;8;1,5;2,8;751,4;809,6;192,3
2005-02-12 09:00:00;1017;9;1,5;2,8;751,5;809,6;201,6
2005-02-12 10:00:00;1018;10;2,5;2,8;710,9;809,5;192,3
2005-02-12 11:00:00;1019;11;3,3;2,8;679,1;808,7;186,5
2005-02-12 12:00:00;1020;12;3,5;2,8;671,7;808,5;172,6
2005-02-12 13:00:00;1021;13;4,7;2,8;624,5;808,1;151,7
2005-02-12 14:00:00;1022;14;5,7;2,8;582,8;808,1;138,3
2005-02-12 15:00:00;1023;15;5,6;2,8;587,0;807,9;129,1
2005-02-12 16:00:00;1024;16;6,0;2,8;571,3;807,9;134,1
2005-02-12 17:00:00;1025;17;6,1;2,8;567,0;807,8;166,4
2005-02-12 18:00:00;1026;18;5,4;2,8;596,3;807,7;185,6
2005-02-12 19:00:00;1027;19;4,5;2,8;632,7;807,6;229,6
2005-02-12 20:00:00;1028;20;3,8;2,8;658,3;807,2;235,9
2005-02-12 21:00:00;1029;21;4,3;2,8;637,5;807,1;220,0
2005-02-12 22:00:00;1030;22;3,8;2,8;657,8;806,2;132,4
2005-02-12 23:00:00;1031;23;3,7;2,8;663,1;806,0;83,0
2005-02-13 00:00:00;1032;0;4,0;2,7;488,8;805,8;57,4
2005-02-13 01:00:00;1033;1;3,7;2,7;500,0;805,7;31,0
2005-02-13 02:00:00;1034;2;3,4;2,7;511,4;805,7;12,2
2005-02-13 03:00:00;1035;3;3,1;2,7;524,2;805,5;8,8
2005-02-13 04:00:00;1036;4;3,5;2,7;509,2;805,4;26,4
2005-02-13 05:00:00;1037;5;3,6;2,7;505,6;804,4;66,2
2005-02-13 06:00:00;1038;6;3,4;2,7;512,2;804,2;178,9
2005-02-13 07:00:00;1039;7;3,7;2,7;665,2;804,2;191,5
2005-02-13 08:00:00;1040;8;3,6;2,7;668,6;803,4;192,3
2005-02-13 09:00:00;1041;9;3,3;2,7;678,2;803,4;201,6
2005-02-13 10:00:00;1042;10;3,4;2,7;675,1;803,3;192,3
2005-02-13 11:00:00;1043;11;2,6;2,7;707,4;803,3;186,5
2005-02-13 12:00:00;1044;12;3,3;2,7;680,3;803,1;172,6
2005-02-13 13:00:00;1045;13;2,9;2,7;696,9;803,1;151,7
2005-02-13 14:00:00;1046;14;3,2;2,7;681,7;803,0;138,3
2005-02-13 15:00:00;1047;15;2,8;2,7;701,2;802,8;129,1
2005-02-13 16:00:00;1048;16;2,0;2,7;731,3;802,8;134,1
2005-02-13 17:00:00;1049;17;1,9;2,7;734,7;802,6;166,4
2005-02-13 18:00:00;1050;18;1,6;2,7;747,7;802,2;185,6
2005-02-13 19:00:00;1051;19;1,3;2,7;761,9;802,1;229,6
2005-02-13 20:00:00;1052;20;1,2;2,7;765,9;801,8;235,9
2005-02-13 21:00:00;1053;21;1,0;2,7;774,3;801,6;220,0
2005-02-13 22:00:00;1054;22;1,2;2,7;762,9;801,3;132,4
2005-02-13 23:00:00;1055;23;1,0;2,7;772,6;801,1;83,0
2005-02-14 00:00:00;1056;0;1,6;4,0;586,4;801,1;57,4
2005-02-14 01:00:00;1057;1;1,7;4,0;582,5;800,4;31,0
2005-02-14 02:00:00;1058;2;1,8;4,0;576,1;800,2;12,2
2005-02-14 03:00:00;1059;3;1,9;4,0;574,7;799,6;8,8
2005-02-14 04:00:00;1060;4;1,9;4,0;575,4;799,2;26,4
2005-02-14 05:00:00;1061;5;2,0;4,0;570,5;798,9;66,2
2005-02-14 06:00:00;1062;6;1,9;4,0;572,5;798,5;178,9
2005-02-14 07:00:00;1063;7;2,0;4,0;733,2;798,3;191,5
2005-02-14 08:00:00;1064;8;2,6;4,0;709,5;797,9;192,3
2005-02-14 09:00:00;1065;9;2,5;4,0;712,6;797,2;201,6
2005-02-14 10:00:00;1066;10;3,3;4,0;678,4;796,8;192,3
2005-02-14 11:00:00;1067;11;3,6;4,0;668,4;796,8;186,5
2005-02-14 12:00:00;1068;12;4,5;4,0;631,0;796,8;172,6
2005-02-14 13:00:00;1069;13;5,3;4,0;600,3;796,5;151,7
2005-02-14 14:00:00;1070;14;5,5;4,0;589,6;796,2;138,3
2005-02-14 15:00:00;1071;15;5,0;4,0;609,5;796,1;129,1
2005-02-14 16:00:00;1072;16;5,1;4,0;606,5;796,0;134,1
2005-02-14 17:00:00;1073;17;5,5;4,0;589,1;795,4;166,4
2005-02-14 18:00:00;1074;18;5,6;4,0;585,8;795,0;185,6
2005-02-14 19:00:00;1075;19;5,7;4,0;580,6;794,9;229,6
2005-02-14 20:00:00;1076;20;6,4;4,0;552,8;794,7;235,9
2005-02-14 21:00:00;1077;21;7,2;4,0;520,1;794,7;220,0
2005-02-14 22:00:00;1078;22;7,1;4,0;526,9;794,5;132,4
2005-02-14 23:00:00;1079;23;7,2;4,0;522,8;794,3;83,0
2005-02-15 00:00:00;1080;0;7,1;9,7;363,6;794,2;57,4
2005-02-15 01:00:00;1081;1;6,9;9,7;373,1;793,4;31,0
2005-02-15 02:00:00;1082;2;7,4;9,7;351,7;793,3;12,2
2005-02-15 03:00:00;1083;3;7,1;9,7;362,9;793,2;8,8
2005-02-15 04:00:00;1084;4;6,9;9,7;372,2;793,2;26,4
2005-02-15 05:00:00;1085;5;7,5;9,7;346,9;793,1;66,2
2005-02-15 06:00:00;1086;6;7,5;9,7;345,3;792,7;178,9
2005-02-15 07:00:00;1087;7;8,0;9,7;490,5;792,7;191,5
2005-02-15 08:00:00;1088;8;9,4;9,7;432,6;792,3;192,3
2005-02-15 09:00:00;1089;9;9,9;9,7;411,8;792,0;201,6
2005-02-15 10:00:00;1090;10;10,6;9,7;381,9;791,4;192,3
2005-02-15 11:00:00;1091;11;11,0;9,7;368,3;790,9;186,5
2005-02-15 12:00:00;1092;12;11,6;9,7;341,8;790,6;172,6
2005-02-15 13:00:00;1093;13;12,5;9,7;308,2;790,2;151,7
2005-02-15 14:00:00;1094;14;12,9;9,7;290,5;789,7;138,3
2005-02-15 15:00:00;1095;15;13,0;9,7;285,2;789,6;129,1
2005-02-15 16:00:00;1096;16;12,7;9,7;299,3;789,6;134,1
2005-02-15 17:00:00;1097;17;11,8;9,7;335,9;789,6;166,4
2005-02-15 18:00:00;1098;18;10,8;9,7;376,2;788,4;185,6
2005-02-15 19:00:00;1099;19;10,1;9,7;402,9;788,2;229,6
2005-02-15 20:00:00;1100;20;10,5;9,7;389,2;787,8;235,9
2005-02-15 21:00:00;1101;21;10,0;9,7;406,5;787,4;220,0
2005-02-15 22:00:00;1102;22;9,4;9,7;430,9;787,4;132,4
2005-02-15 23:00:00;1103;23;8,4;9,7;470,9;786,9;83,0
2005-02-16 00:00:00;1104;0;8,0;8,1;328,5;786,8;57,4
2005-02-16 01:00:00;1105;1;7,8;8,1;333,4;786,1;31,0
2005-02-16 02:00:00;1106;2;7,9;8,1;332,8;785,2;12,2
2005-02-16 03:00:00;1107;3;7,0;8,1;367,5;785,1;8,8
2005-02-16 04:00:00;1108;4;7,3;8,1;356,3;784,9;26,4
2005-02-16 05:00:00;1109;5;7,6;8,1;345,1;784,7;66,2
2005-02-16 06:00:00;1110;6;7,0;8,1;368,7;784,5;178,9
2005-02-16 07:00:00;1111;7;7,4;8,1;513,6;784,4;191,5
2005-02-16 08:00:00;1112;8;7,5;8,1;510,8;784,3;192,3
2005-02-16 09:00:00;1113;9;7,7;8,1;499,6;784,2;201,6
2005-02-16 10:00:00;1114;10;8,5;8,1;468,8;783,9;192,3
2005-02-16 11:00:00;1115;11;9,9;8,1;411,6;783,8;186,5
2005-02-16 12:00:00;1116;12;11,3;8,1;357,3;783,7;172,6
2005-02-16 13:00:00;1117;13;11,3;8,1;355,9;783,6;151,7
2005-02-16 14:00:00;1118;14;10,5;8,1;387,9;783,1;138,3
2005-02-16 15:00:00;1119;15;10,1;8,1;402,9;782,2;129,1
2005-02-16 16:00:00;1120;16;9,8;8,1;414,4;781,6;134,1
2005-02-16 17:00:00;1121;17;9,3;8,1;434,5;781,3;166,4
2005-02-16 18:00:00;1122;18;8,4;8,1;474,4;781,2;185,6
2005-02-16 19:00:00;1123;19;7,4;8,1;515,2;780,8;229,6
2005-02-16 20:00:00;1124;20;6,8;8,1;537,6;780,7;235,9
2005-02-16 21:00:00;1125;21;6,3;8,1;559,1;780,5;220,0
2005-02-16 22:00:00;1126;22;5,2;8,1;602,2;780,3;132,4
2005-02-16 23:00:00;1127;23;4,8;8,1;616,8;780,1;83,0
2005-02-17 00:00:00;1128;0;4,2;3,5;480,1;779,6;57,4
2005-02-17 01:00:00;1129;1;4,2;3,5;480,9;779,3;31,0
2005-02-17 02:00:00;1130;2;3,3;3,5;517,8;779,1;12,2
2005-02-17 03:00:00;1131;3;3,0;3,5;531,0;779,0;8,8
2005-02-17 04:00:00;1132;4;2,0;3,5;568,1;778,8;26,4
2005-02-17 05:00:00;1133;5;1,8;3,5;576,8;778,0;66,2
2005-02-17 06:00:00;1134;6;1,9;3,5;574,4;777,6;178,9
2005-02-17 07:00:00;1135;7;2,3;3,5;719,0;777,5;191,5
2005-02-17 08:00:00;1136;8;3,1;3,5;686,1;777,3;192,3
2005-02-17 09:00:00;1137;9;3,2;3,5;684,7;776,9;201,6
2005-02-17 10:00:00;1138;10;3,8;3,5;661,1;776,6;192,3
2005-02-17 11:00:00;1139;11;4,9;3,5;615,9;776,3;186,5
2005-02-17 12:00:00;1140;12;5,6;3,5;584,4;776,3;172,6
2005-02-17 13:00:00;1141;13;6,1;3,5;566,9;775,3;151,7
2005-02-17 14:00:00;1142;14;6,4;3,5;555,1;774,8;138,3
2005-02-17 15:00:00;1143;15;6,0;3,5;568,2;774,7;129,1
2005-02-17 16:00:00;1144;16;5,7;3,5;583,3;774,3;134,1
2005-02-17 17:00:00;1145;17;4,0;3,5;651,8;774,3;166,4
2005-02-17 18:00:00;1146;18;3,8;3,5;657,6;773,8;185,6
2005-02-17 19:00:00;1147;19;3,3;3,5;680,9;773,1;229,6
2005-02-17 20:00:00;1148;20;2,8;3,5;698,1;773,0;235,9
2005-02-17 21:00:00;1149;21;1,5;3,5;751,6;772,7;220,0
2005-02-17 22:00:00;1150;22;1,1;3,5;767,2;772,6;132,4
2005-02-17 23:00:00;1151;23;0,5;3,5;794,2;771,8;83,0
2005-02-18 00:00:00;1152;0;-0,0;-0,6;653,1;771,6;57,4
2005-02-18 01:00:00;1153;1;-0,1;-0,6;654,9;771,5;31,0
2005-02-18 02:00:00;1154;2;-0,6;-0,6;677,3;771,4;12,2
2005-02-18 03:00:00;1155;3;-0,8;-0,6;682,4;771,4;8,8
2005-02-18 04:00:00;1156;4;-1,4;-0,6;709,8;770,9;26,4
2005-02-18 05:00:00;1157;5;-1,4;-0,6;706,9;770,5;66,2
2005-02-18 06:00:00;1158;6;-1,2;-0,6;701,1;770,4;178,9
2005-02-18 07:00:00;1159;7;-1,6;-0,6;876,4;769,5;191,5
2005-02-18 08:00:00;1160;8;-1,8;-0,6;885,6;769,5;192,3
2005-02-18 09:00:00;1161;9;-1,4;-0,6;869,3;769,4;201,6
2005-02-18 10:00:00;1162;10;-0,9;-0,6;850,6;769,3;192,3
2005-02-18 11:00:00;1163;11;-0,4;-0,6;830,5;768,7;186,5
2005-02-18 12:00:00;1164;12;0,5;-0,6;794,7;768,6;172,6
2005-02-18 13:00:00;1165;13;0,4;-0,6;796,2;768,3;151,7
2005-02-18 14:00:00;1166;14;0,8;-0,6;780,7;767,7;138,3
2005-02-18 15:00:00;1167;15;1,2;-0,6;766,1;767,5;129,1
2005-02-18 16:00:00;1168;16;1,4;-0,6;757,1;767,2;134,1
2005-02-18 17:00:00;1169;17;0,2;-0,6;804,2;767,2;166,4
2005-02-18 18:00:00;1170;18;-0,8;-0,6;843,8;767,1;185,6
2005-02-18 19:00:00;1171;19;-0,7;-0,6;840,0;766,9;229,6
2005-02-18 20:00:00;1172;20;-0,8;-0,6;843,7;766,7;235,9
2005-02-18 21:00:00;1173;21;-1,2;-0,6;863,5;766,6;220,0
2005-02-18 22:00:00;1174;22;-2,3;-0,6;905,4;766,5;132,4
2005-02-18 23:00:00;1175;23;-2,1;-0,6;898,6;766,1;83,0
2005-02-19 00:00:00;1176;0;-1,8;-2,3;723,1;766,0;57,4
2005-02-19 01:00:00;1177;1;-1,9;-2,3;727,1;765,9;31,0
2005-02-19 02:00:00;1178;2;-2,7;-2,3;759,8;765,6;12,2
2005-02-19 03:00:00;1179;3;-2,5;-2,3;754,2;765,6;8,8
2005-02-19 04:00:00;1180;4;-3,3;-2,3;784,3;764,8;26,4
2005-02-19 05:00:00;1181;5;-3,8;-2,3;803,3;764,4;66,2
2005-02-19 06:00:00;1182;6;-3,6;-2,3;796,1;764,4;178,9
2005-02-19 07:00:00;1183;7;-3,6;-2,3;958,5;764,4;191,5
2005-02-19 08:00:00;1184;8;-2,8;-2,3;928,2;764,2;192,3
2005-02-19 09:00:00;1185;9;-2,3;-2,3;905,6;763,9;201,6
2005-02-19 10:00:00;1186;10;-2,2;-2,3;903,1;763,8;192,3
2005-02-19 11:00:00;1187;11;-1,5;-2,3;872,5;763,5;186,5
2005-02-19 12:00:00;1188;12;-0,8;-2,3;846,7;763,3;172,6
2005-02-19 13:00:00;1189;13;-0,3;-2,3;826,1;763,3;151,7
2005-02-19 14:00:00;1190;14;-0,4;-2,3;827,9;763,2;138,3
2005-02-19 15:00:00;1191;15;-0,1;-2,3;815,3;762,9;129,1
2005-02-19 16:00:00;1192;16;-0,5;-2,3;831,6;762,7;134,1
2005-02-19 17:00:00;1193;17;-1,3;-2,3;864,2;762,6;166,4
2005-02-19 18:00:00;1194;18;-1,4;-2,3;870,0;762,3;185,6
2005-02-19 19:00:00;1195;19;-2,8;-2,3;926,8;761,9;229,6
2005-02-19 20:00:00;1196;20;-3,8;-2,3;968,9;761,8;235,9
2005-02-19 21:00:00;1197;21;-4,4;-2,3;990,2;761,6;220,0
2005-02-19 22:00:00;1198;22;-3,9;-2,3;972,3;761,5;132,4
2005-02-19 23:00:00;1199;23;-4,4;-2,3;993,2;761,0;83,0
2005-02-20 00:00:00;1200;0;-5,0;-4,7;853,3;760,8;57,4
2005-02-20 01:00:00;1201;1;-6,0;-4,7;895,0;760,4;31,0
2005-02-20 02:00:00;1202;2;-6,0;-4,7;895,3;760,4;12,2
2005-02-20 03:00:00;1203;3;-6,1;-4,7;897,7;760,3;8,8
2005-02-20 04:00:00;1204;4;-5,4;-4,7;871,0;759,8;26,4
2005-02-20 05:00:00;1205;5;-4,9;-4,7;848,8;759,6;66,2
2005-02-20 06:00:00;1206;6;-4,9;-4,7;851,3;759,5;178,9
2005-02-20 07:00:00;1207;7;-4,7;-4,7;1005,5;759,2;191,5
2005-02-20 08:00:00;1208;8;-4,8;-4,7;1007,2;759,2;192,3
2005-02-20 09:00:00;1209;9;-4,3;-4,7;987,4;759,1;201,6
2005-02-20 10:00:00;1210;10;-3,8;-4,7;967,1;759,0;192,3
2005-02-20 11:00:00;1211;11;-3,6;-4,7;957,9;758,9;186,5
2005-02-20 12:00:00;1212;12;-3,4;-4,7;952,0;758,8;172,6
2005-02-20 13:00:00;1213;13;-3,4;-4,7;951,2;758,0;151,7
2005-02-20 14:00:00;1214;14;-2,9;-4,7;931,8;757,9;138,3
2005-02-20 15:00:00;1215;15;-3,4;-4,7;951,5;757,5;129,1
2005-02-20 16:00:00;1216;16;-3,5;-4,7;955,8;757,2;134,1
2005-02-20 17:00:00;1217;17;-4,4;-4,7;991,4;757,1;166,4
2005-02-20 18:00:00;1218;18;-4,9;-4,7;1010,3;757,1;185,6
2005-02-20 19:00:00;1219;19;-5,2;-4,7;1024,3;756,8;229,6
2005-02-20 20:00:00;1220;20;-5,4;-4,7;1032,9;756,3;235,9
2005-02-20 21:00:00;1221;21;-5,6;-4,7;1040,4;756,1;220,0
2005-02-20 22:00:00;1222;22;-5,5;-4,7;1037,2;755,9;132,4
2005-02-20 23:00:00;1223;23;-6,2;-4,7;1062,3;755,9;83,0
2005-02-21 00:00:00;1224;0;-6,2;-0,1;901,2;755,8;57,4
2005-02-21 01:00:00;1225;1;-5,7;-0,1;882,5;755,6;31,0
2005-02-21 02:00:00;1226;2;-5,6;-0,1;876,0;754,8;12,2
2005-02-21 03:00:00;1227;3;-4,7;-0,1;842,5;754,6;8,8
2005-02-21 04:00:00;1228;4;-3,5;-0,1;794,3;754,3;26,4
2005-02-21 05:00:00;1229;5;-2,9;-0,1;769,5;754,2;66,2
2005-02-21 06:00:00;1230;6;-2,8;-0,1;764,4;754,2;178,9
2005-02-21 07:00:00;1231;7;-2,4;-0,1;908,8;754,0;191,5
2005-02-21 08:00:00;1232;8;-2,1;-0,1;896,2;753,8;192,3
2005-02-21 09:00:00;1233;9;-1,1;-0,1;859,5;753,4;201,6
2005-02-21 10:00:00;1234;10;-0,2;-0,1;821,3;753,0;192,3
2005-02-21 11:00:00;1235;11;-0,0;-0,1;814,0;753,0;186,5
2005-02-21 12:00:00;1236;12;0,4;-0,1;796,8;752,7;172,6
2005-02-21 13:00:00;1237;13;1,5;-0,1;753,0;752,4;151,7
2005-02-21 14:00:00;1238;14;1,6;-0,1;749,5;752,2;138,3
2005-02-21 15:00:00;1239;15;2,0;-0,1;732,8;752,1;129,1
2005-02-21 16:00:00;1240;16;2,1;-0,1;728,4;752,1;134,1
2005-02-21 17:00:00;1241;17;2,4;-0,1;714,1;751,8;166,4
2005-02-21 18:00:00;1242;18;3,0;-0,1;692,0;751,7;185,6
2005-02-21 19:00:00;1243;19;3,5;-0,1;670,5;751,7;229,6
2005-02-21 20:00:00;1244;20;3,6;-0,1;667,6;751,6;235,9
2005-02-21 21:00:00;1245;21;4,6;-0,1;625,7;751,6;220,0
2005-02-21 22:00:00;1246;22;4,9;-0,1;614,2;751,5;132,4
2005-02-21 23:00:00;1247;23;5,2;-0,1;602,0;751,5;83,0
2005-02-22 00:00:00;1248;0;5,9;7,2;412,1;751,4;57,4
2005-02-22 01:00:00;1249;1;5,4;7,2;430,5;749,6;31,0
2005-02-22 02:00:00;1250;2;5,5;7,2;426,3;749,5;12,2
2005-02-22 03:00:00;1251;3;5,8;7,2;414,4;748,3;8,8
2005-02-22 04:00:00;1252;4;5,8;7,2;414,2;748,1;26,4
2005-02-22 05:00:00;1253;5;5,6;7,2;425,4;748,1;66,2
2005-02-22 06:00:00;1254;6;5,4;7,2;431,0;748,0;178,9
2005-02-22 07:00:00;1255;7;5,3;7,2;597,2;747,8;191,5
2005-02-22 08:00:00;1256;8;6,1;7,2;564,1;747,7;192,3
2005-02-22 09:00:00;1257;9;7,7;7,2;502,8;747,1;201,6
2005-02-22 10:00:00;1258;10;8,1;7,2;486,9;746,8;192,3
2005-02-22 11:00:00;1259;11;9,5;7,2;428,2;746,8;186,5
2005-02-22 12:00:00;1260;12;9,9;7,2;411,9;746,7;172,6
2005-02-22 13:00:00;1261;13;9,8;7,2;417,1;746,5;151,7
2005-02-22 14:00:00;1262;14;10,2;7,2;400,3;746,0;138,3
2005-02-22 15:00:00;1263;15;9,3;7,2;437,2;745,8;129,1
2005-02-22 16:00:00;1264;16;8,9;7,2;450,8;745,5;134,1
2005-02-22 17:00:00;1265;17;8,7;7,2;459,4;745,4;166,4
2005-02-22 18:00:00;1266;18;7,6;7,2;507,1;745,1;185,6
2005-02-22 19:00:00;1267;19;7,4;7,2;513,4;744,9;229,6
2005-02-22 20:00:00;1268;20;6,9;7,2;531,9;744,7;235,9
2005-02-22 21:00:00;1269;21;6,2;7,2;560,6;744,6;220,0
2005-02-22 22:00:00;1270;22;5,7;7,2;581,6;744,6;132,4
2005-02-22 23:00:00;1271;23;5,3;7,2;598,5;744,4;83,0
2005-02-23 00:00:00;1272;0;5,3;5,4;437,7;744,4;57,4
2005-02-23 01:00:00;1273;1;5,0;5,4;449,6;744,1;31,0
2005-02-23 02:00:00;1274;2;4,7;5,4;460,2;744,0;12,2
2005-02-23 03:00:00;1275;3;4,9;5,4;452,0;743,8;8,8
2005-02-23 04:00:00;1276;4;4,6;5,4;466,0;743,7;26,4
2005-02-23 05:00:00;1277;5;4,2;5,4;482,6;743,5;66,2
2005-02-23 06:00:00;1278;6;4,2;5,4;479,5;743,4;178,9
2005-02-23 07:00:00;1279;7;3,6;5,4;666,6;743,3;191,5
2005-02-23 08:00:00;1280;8;3,9;5,4;655,0;743,1;192,3
2005-02-23 09:00:00;1281;9;4,2;5,4;643,3;743,0;201,6
2005-02-23 10:00:00;1282;10;5,6;5,4;588,2;742,7;192,3
2005-02-23 11:00:00;1283;11;6,3;5,4;556,1;742,7;186,5
2005-02-23 12:00:00;1284;12;6,7;5,4;542,7;742,5;172,6
2005-02-23 13:00:00;1285;13;7,2;5,4;521,2;742,2;151,7
2005-02-23 14:00:00;1286;14;7,9;5,4;492,1;741,7;138,3
2005-02-23 15:00:00;1287;15;7,9;5,4;494,2;741,2;129,1
2005-02-23 16:00:00;1288;16;7,2;5,4;521,9;740,8;134,1
2005-02-23 17:00:00;1289;17;6,4;5,4;554,7;740,6;166,4
2005-02-23 18:00:00;1290;18;5,3;5,4;596,5;740,5;185,6
2005-02-23 19:00:00;1291;19;5,6;5,4;586,7;740,2;229,6
2005-02-23 20:00:00;1292;20;5,2;5,4;601,7;740,2;235,9
2005-02-23 21:00:00;1293;21;4,7;5,4;622,5;740,0;220,0
2005-02-23 22:00:00;1294;22;5,0;5,4;611,3;739,9;132,4
2005-02-23 23:00:00;1295;23;4,4;5,4;635,4;739,8;83,0
2005-02-24 00:00:00;1296;0;4,4;3,2;473,3;739,3;57,4
2005-02-24 01:00:00;1297;1;3,9;3,2;493,8;738,8;31,0
2005-02-24 02:00:00;1298;2;3,6;3,2;506,1;738,8;12,2
2005-02-24 03:00:00;1299;3;2,3;3,2;559,3;738,3;8,8
2005-02-24 04:00:00;1300;4;1,9;3,2;573,0;738,0;26,4
2005-02-24 05:00:00;1301;5;1,3;3,2;596,5;738,0;66,2
2005-02-24 06:00:00;1302;6;1,0;3,2;608,7;737,9;178,9
2005-02-24 07:00:00;1303;7;0,7;3,2;784,5;737,6;191,5
2005-02-24 08:00:00;1304;8;0,9;3,2;774,7;737,5;192,3
2005-02-24 09:00:00;1305;9;2,0;3,2;732,6;737,4;201,6
2005-02-24 10:00:00;1306;10;3,1;3,2;687,7;737,1;192,3
2005-02-24 11:00:00;1307;11;3,9;3,2;654,7;737,0;186,5
2005-02-24 12:00:00;1308;12;4,4;3,2;633,2;736,9;172,6
2005-02-24 13:00:00;1309;13;5,0;3,2;608,7;736,8;151,7
2005-02-24 14:00:00;1310;14;5,6;3,2;586,4;736,8;138,3
2005-02-24 15:00:00;1311;15;6,4;3,2;555,6;736,8;129,1
2005-02-24 16:00:00;1312;16;5,7;3,2;583,6;736,6;134,1
2005-02-24 17:00:00;1313;17;4,6;3,2;626,0;736,5;166,4
2005-02-24 18:00:00;1314;18;3,6;3,2;666,8;736,2;185,6
2005-02-24 19:00:00;1315;19;3,1;3,2;686,3;735,9;229,6
2005-02-24 20:00:00;1316;20;2,7;3,2;702,8;735,9;235,9
2005-02-24 21:00:00;1317;21;2,6;3,2;709,2;735,3;220,0
2005-02-24 22:00:00;1318;22;2,2;3,2;723,5;734,9;132,4
2005-02-24 23:00:00;1319;23;2,6;3,2;707,8;734,7;83,0
2005-02-25 00:00:00;1320;0;2,4;6,0;554,0;734,7;57,4
2005-02-25 01:00:00;1321;1;2,1;6,0;566,4;734,5;31,0
2005-02-25 02:00:00;1322;2;1,7;6,0;582,3;734,3;12,2
2005-02-25 03:00:00;1323;3;2,2;6,0;562,7;734,1;8,8
2005-02-25 04:00:00;1324;4;1,8;6,0;578,6;733,9;26,4
2005-02-25 05:00:00;1325;5;2,0;6,0;571,6;733,9;66,2
2005-02-25 06:00:00;1326;6;2,7;6,0;542,7;733,9;178,9
2005-02-25 07:00:00;1327;7;3,7;6,0;664,7;733,8;191,5
2005-02-25 08:00:00;1328;8;3,8;6,0;660,3;733,5;192,3
2005-02-25 09:00:00;1329;9;4,5;6,0;630,6;733,3;201,6
2005-02-25 10:00:00;1330;10;6,2;6,0;563,3;733,2;192,3
2005-02-25 11:00:00;1331;11;7,9;6,0;494,0;733,2;186,5
2005-02-25 12:00:00;1332;12;8,9;6,0;454,5;733,2;172,6
2005-02-25 13:00:00;1333;13;10,3;6,0;395,6;732,8;151,7
2005-02-25 14:00:00;1334;14;10,5;6,0;387,3;732,8;138,3
2005-02-25 15:00:00;1335;15;9,7;6,0;422,1;732,7;129,1
2005-02-25 16:00:00;1336;16;9,9;6,0;413,8;732,7;134,1
2005-02-25 17:00:00;1337;17;8,9;6,0;451,1;732,6;166,4
2005-02-25 18:00:00;1338;18;7,9;6,0;495,0;732,6;185,6
2005-02-25 19:00:00;1339;19;7,3;6,0;516,6;732,6;229,6
2005-02-25 20:00:00;1340;20;7,4;6,0;511,9;732,4;235,9
2005-02-25 21:00:00;1341;21;7,3;6,0;516,2;732,4;220,0
2005-02-25 22:00:00;1342;22;7,1;6,0;523,9;732,3;132,4
2005-02-25 23:00:00;1343;23;7,1;6,0;527,3;731,9;83,0
2005-02-26 00:00:00;1344;0;6,7;4,9;379,5;731,6;57,4
2005-02-26 01:00:00;1345;1;6,0;4,9;406,3;731,6;31,0
2005-02-26 02:00:00;1346;2;5,2;4,9;440,1;731,4;12,2
2005-02-26 03:00:00;1347;3;5,1;4,9;444,8;731,3;8,8
2005-02-26 04:00:00;1348;4;5,2;4,9;441,8;731,2;26,4
2005-02-26 05:00:00;1349;5;5,2;4,9;441,0;731,1;66,2
2005-02-26 06:00:00;1350;6;4,9;4,9;453,2;731,0;178,9
2005-02-26 07:00:00;1351;7;4,6;4,9;625,3;731,0;191,5
2005-02-26 08:00:00;1352;8;4,7;4,9;622,5;730,9;192,3
2005-02-26 09:00:00;1353;9;5,5;4,9;589,6;730,9;201,6
2005-02-26 10:00:00;1354;10;6,1;4,9;567,3;730,8;192,3
2005-02-26 11:00:00;1355;11;6,7;4,9;541,5;730,6;186,5
2005-02-26 12:00:00;1356;12;7,4;4,9;514,4;730,4;172,6
2005-02-26 13:00:00;1357;13;7,0;4,9;527,6;730,2;151,7
2005-02-26 14:00:00;1358;14;7,4;4,9;512,1;729,7;138,3
2005-02-26 15:00:00;1359;15;7,0;4,9;530,9;729,6;129,1
2005-02-26 16:00:00;1360;16;6,4;4,9;554,4;729,1;134,1
2005-02-26 17:00:00;1361;17;5,3;4,9;597,1;728,9;166,4
2005-02-26 18:00:00;1362;18;3,8;4,9;658,8;728,8;185,6
2005-02-26 19:00:00;1363;19;2,5;4,9;710,5;728,7;229,6
2005-02-26 20:00:00;1364;20;1,8;4,9;740,0;728,5;235,9
2005-02-26 21:00:00;1365;21;1,7;4,9;744,7;728,4;220,0
2005-02-26 22:00:00;1366;22;0,2;4,9;803,4;728,4;132,4
2005-02-26 23:00:00;1367;23;0,1;4,9;807,6;728,3;83,0
2005-02-27 00:00:00;1368;0;-0,8;-0,7;683,1;728,1;57,4
2005-02-27 01:00:00;1369;1;-1,6;-0,7;715,2;727,3;31,0
2005-02-27 02:00:00;1370;2;-0,8;-0,7;684,9;727,3;12,2
2005-02-27 03:00:00;1371;3;-1,1;-0,7;697,3;727,1;8,8
2005-02-27 04:00:00;1372;4;-1,4;-0,7;708,9;727,0;26,4
2005-02-27 05:00:00;1373;5;-0,9;-0,7;687,2;727,0;66,2
2005-02-27 06:00:00;1374;6;-0,9;-0,7;686,8;726,3;178,9
2005-02-27 07:00:00;1375;7;-1,1;-0,7;856,3;725,9;191,5
2005-02-27 08:00:00;1376;8;-1,3;-0,7;866,9;725,7;192,3
2005-02-27 09:00:00;1377;9;-0,5;-0,7;834,2;725,3;201,6
2005-02-27 10:00:00;1378;10;0,6;-0,7;788,2;725,2;192,3
2005-02-27 11:00:00;1379;11;1,3;-0,7;759,2;725,2;186,5
2005-02-27 12:00:00;1380;12;1,8;-0,7;740,2;724,9;172,6
2005-02-27 13:00:00;1381;13;2,5;-0,7;713,7;724,7;151,7
2005-02-27 14:00:00;1382;14;2,8;-0,7;699,4;724,6;138,3
2005-02-27 15:00:00;1383;15;2,4;-0,7;715,9;724,4;129,1
2005-02-27 16:00:00;1384;16;1,8;-0,7;739,9;724,3;134,1
2005-02-27 17:00:00;1385;17;0,5;-0,7;794,7;724,2;166,4
2005-02-27 18:00:00;1386;18;-1,5;-0,7;875,0;724,0;185,6
2005-02-27 19:00:00;1387;19;-2,3;-0,7;907,4;723,9;229,6
2005-02-27 20:00:00;1388;20;-3,2;-0,7;941,4;723,9;235,9
2005-02-27 21:00:00;1389;21;-3,3;-0,7;948,5;723,7;220,0
2005-02-27 22:00:00;1390;22;-4,1;-0,7;980,3;723,6;132,4
2005-02-27 23:00:00;1391;23;-5,8;-0,7;1049,1;723,6;83,0
2005-02-28 00:00:00;1392;0;-6,2;-2,4;902,0;723,5;57,4
2005-02-28 01:00:00;1393;1;-6,4;-2,4;911,8;723,4;31,0
2005-02-28 02:00:00;1394;2;-6,4;-2,4;909,4;723,1;12,2
2005-02-28 03:00:00;1395;3;-6,6;-2,4;918,1;722,7;8,8
2005-02-28 04:00:00;1396;4;-6,8;-2,4;926,6;721,9;26,4
2005-02-28 05:00:00;1397;5;-6,4;-2,4;911,3;721,6;66,2
2005-02-28 06:00:00;1398;6;-6,5;-2,4;914,5;721,6;178,9
2005-02-28 07:00:00;1399;7;-5,6;-2,4;1040,9;721,2;191,5
2005-02-28 08:00:00;1400;8;-5,2;-2,4;1022,6;721,1;192,3
2005-02-28 09:00:00;1401;9;-4,2;-2,4;984,8;721,0;201,6
2005-02-28 10:00:00;1402;10;-3,1;-2,4;939,1;720,9;192,3
2005-02-28 11:00:00;1403;11;-1,3;-2,4;866,6;720,8;186,5
2005-02-28 12:00:00;1404;12;0,2;-2,4;803,1;720,3;172,6
2005-02-28 13:00:00;1405;13;1,6;-2,4;746,7;720,0;151,7
2005-02-28 14:00:00;1406;14;2,2;-2,4;725,2;720,0;138,3
2005-02-28 15:00:00;1407;15;2,7;-2,4;703,4;719,9;129,1
2005-02-28 16:00:00;1408;16;2,5;-2,4;711,7;719,8;134,1
2005-02-28 17:00:00;1409;17;1,4;-2,4;757,2;719,7;166,4
2005-02-28 18:00:00;1410;18;0,0;-2,4;812,1;719,3;185,6
2005-02-28 19:00:00;1411;19;-0,3;-2,4;823,7;719,1;229,6
2005-02-28 20:00:00;1412;20;-0,3;-2,4;827,2;719,0;235,9
2005-02-28 21:00:00;1413;21;-0,9;-2,4;850,3;719,0;220,0
2005-02-28 22:00:00;1414;22;-1,1;-2,4;859,6;718,5;132,4
2005-02-28 23:00:00;1415;23;-1,6;-2,4;877,7;718,4;83,0
2005-03-01 00:00:00;1416;0;-0,5;1,9;393,2;718,3;57,4
2005-03-01 01:00:00;1417;1;-1,0;1,9;405,0;718,3;31,0
2005-03-01 02:00:00;1418;2;-1,0;1,9;404,6;718,2;12,2
2005-03-01 03:00:00;1419;3;-1,4;1,9;414,9;718,1;8,8
2005-03-01 04:00:00;1420;4;-1,6;1,9;418,9;717,9;26,4
2005-03-01 05:00:00;1421;5;-2,0;1,9;427,3;717,9;66,2
2005-03-01 06:00:00;1422;6;-2,0;1,9;427,4;717,4;178,9
2005-03-01 07:00:00;1423;7;-1,8;1,9;518,5;717,3;191,5
2005-03-01 08:00:00;1424;8;-0,8;1,9;493,4;717,2;192,3
2005-03-01 09:00:00;1425;9;0,3;1,9;468,4;716,6;201,6
2005-03-01 10:00:00;1426;10;1,8;1,9;432,6;716,5;192,3
2005-03-01 11:00:00;1427;11;4,1;1,9;379,2;716,4;186,5
2005-03-01 12:00:00;1428;12;5,2;1,9;352,9;716,3;172,6
2005-03-01 13:00:00;1429;13;5,8;1,9;338,7;716,0;151,7
2005-03-01 14:00:00;1430;14;6,3;1,9;326,9;716,0;138,3
2005-03-01 15:00:00;1431;15;5,6;1,9;342,8;715,9;129,1
2005-03-01 16:00:00;1432;16;5,4;1,9;346,8;715,9;134,1
2005-03-01 17:00:00;1433;17;4,7;1,9;365,0;715,3;166,4
2005-03-01 18:00:00;1434;18;4,0;1,9;380,5;715,2;185,6
2005-03-01 19:00:00;1435;19;3,7;1,9;388,6;715,0;229,6
2005-03-01 20:00:00;1436;20;3,3;1,9;398,6;714,9;235,9
2005-03-01 21:00:00;1437;21;2,8;1,9;408,3;714,9;220,0
2005-03-01 22:00:00;1438;22;2,0;1,9;429,0;714,6;132,4
2005-03-01 23:00:00;1439;23;1,6;1,9;438,1;714,6;83,0
2005-03-02 00:00:00;1440;0;1,8;1,2;338,7;714,6;57,4
2005-03-02 01:00:00;1441;1;1,4;1,2;348,7;714,4;31,0
2005-03-02 02:00:00;1442;2;-0,0;1,2;381,6;714,3;12,2
2005-03-02 03:00:00;1443;3;0,0;1,2;380,9;714,1;8,8
2005-03-02 04:00:00;1444;4;-0,4;1,2;391,1;714,1;26,4
2005-03-02 05:00:00;1445;5;-0,6;1,2;394,8;713,7;66,2
2005-03-02 06:00:00;1446;6;-0,6;1,2;395,6;713,3;178,9
2005-03-02 07:00:00;1447;7;-1,0;1,2;499,7;713,3;191,5
2005-03-02 08:00:00;1448;8;-0,7;1,2;492,2;712,6;192,3
2005-03-02 09:00:00;1449;9;0,9;1,2;453,8;712,6;201,6
2005-03-02 10:00:00;1450;10;1,9;1,2;431,2;712,1;192,3
2005-03-02 11:00:00;1451;11;2,9;1,2;406,1;711,9;186,5
2005-03-02 12:00:00;1452;12;4,3;1,2;372,8;711,7;172,6
2005-03-02 13:00:00;1453;13;5,2;1,2;353,2;711,1;151,7
2005-03-02 14:00:00;1454;14;5,0;1,2;357,2;711,0;138,3
2005-03-02 15:00:00;1455;15;4,8;1,2;361,8;710,9;129,1
2005-03-02 16:00:00;1456;16;4,8;1,2;361,8;710,9;134,1
2005-03-02 17:00:00;1457;17;2,5;1,2;417,1;710,5;166,4
2005-03-02 18:00:00;1458;18;1,4;1,2;442,7;710,2;185,6
2005-03-02 19:00:00;1459;19;0,1;1,2;473,0;710,0;229,6
2005-03-02 20:00:00;1460;20;-0,3;1,2;482,9;709,8;235,9
2005-03-02 21:00:00;1461;21;-1,2;1,2;503,9;709,7;220,0
2005-03-02 22:00:00;1462;22;-1,9;1,2;520,0;709,6;132,4
2005-03-02 23:00:00;1463;23;-2,6;1,2;538,2;709,5;83,0
2005-03-03 00:00:00;1464;0;-3,4;-3,7;462,3;709,5;57,4
2005-03-03 01:00:00;1465;1;-3,5;-3,7;463,1;709,3;31,0
2005-03-03 02:00:00;1466;2;-3,6;-3,7;465,5;709,2;12,2
2005-03-03 03:00:00;1467;3;-3,3;-3,7;459,5;708,9;8,8
2005-03-03 04:00:00;1468;4;-3,6;-3,7;466,8;708,7;26,4
2005-03-03 05:00:00;1469;5;-3,7;-3,7;469,2;708,6;66,2
2005-03-03 06:00:00;1470;6;-4,0;-3,7;476,8;708,5;178,9
2005-03-03 07:00:00;1471;7;-3,9;-3,7;567,9;708,3;191,5
2005-03-03 08:00:00;1472;8;-4,1;-3,7;573,3;708,2;192,3
2005-03-03 09:00:00;1473;9;-3,6;-3,7;561,4;707,8;201,6
2005-03-03 10:00:00;1474;10;-2,9;-3,7;544,2;707,4;192,3
2005-03-03 11:00:00;1475;11;-2,8;-3,7;541,3;707,3;186,5
2005-03-03 12:00:00;1476;12;-2,6;-3,7;537,2;707,1;172,6
2005-03-03 13:00:00;1477;13;-3,1;-3,7;549,6;706,9;151,7
2005-03-03 14:00:00;1478;14;-3,1;-3,7;548,3;706,3;138,3
2005-03-03 15:00:00;1479;15;-3,2;-3,7;550,6;706,2;129,1
2005-03-03 16:00:00;1480;16;-4,2;-3,7;574,2;705,6;134,1
2005-03-03 17:00:00;1481;17;-4,2;-3,7;575,1;705,5;166,4
2005-03-03 18:00:00;1482;18;-4,1;-3,7;573,8;705,3;185,6
2005-03-03 19:00:00;1483;19;-3,8;-3,7;566,4;705,2;229,6
2005-03-03 20:00:00;1484;20;-4,1;-3,7;572,5;705,0;235,9
2005-03-03 21:00:00;1485;21;-4,4;-3,7;580,3;704,9;220,0
2005-03-03 22:00:00;1486;22;-4,5;-3,7;583,0;704,6;132,4
2005-03-03 23:00:00;1487;23;-3,9;-3,7;567,9;704,5;83,0
2005-03-04 00:00:00;1488;0;-3,7;-0,9;468,7;703,8;57,4
2005-03-04 01:00:00;1489;1;-3,5;-0,9;463,0;703,7;31,0
2005-03-04 02:00:00;1490;2;-3,7;-0,9;469,7;703,7;12,2
2005-03-04 03:00:00;1491;3;-3,2;-0,9;457,5;703,5;8,8
2005-03-04 04:00:00;1492;4;-3,6;-0,9;465,7;703,4;26,4
2005-03-04 05:00:00;1493;5;-3,4;-0,9;462,3;703,4;66,2
2005-03-04 06:00:00;1494;6;-3,0;-0,9;452,9;703,3;178,9
2005-03-04 07:00:00;1495;7;-2,6;-0,9;538,3;703,2;191,5
2005-03-04 08:00:00;1496;8;-1,9;-0,9;520,8;703,1;192,3
2005-03-04 09:00:00;1497;9;-0,9;-0,9;496,1;703,0;201,6
2005-03-04 10:00:00;1498;10;0,6;-0,9;461,0;702,8;192,3
2005-03-04 11:00:00;1499;11;1,6;-0,9;438,4;702,7;186,5
2005-03-04 12:00:00;1500;12;3,0;-0,9;403,6;702,6;172,6
2005-03-04 13:00:00;1501;13;3,8;-0,9;386,3;702,5;151,7
2005-03-04 14:00:00;1502;14;3,6;-0,9;391,3;702,1;138,3
2005-03-04 15:00:00;1503;15;3,2;-0,9;399,2;701,9;129,1
2005-03-04 16:00:00;1504;16;1,8;-0,9;434,0;701,9;134,1
2005-03-04 17:00:00;1505;17;0,7;-0,9;459,0;701,8;166,4
2005-03-04 18:00:00;1506;18;-0,1;-0,9;476,9;701,7;185,6
2005-03-04 19:00:00;1507;19;-1,4;-0,9;507,8;701,5;229,6
2005-03-04 20:00:00;1508;20;-1,3;-0,9;506,0;701,5;235,9
2005-03-04 21:00:00;1509;21;-1,9;-0,9;520,4;701,2;220,0
2005-03-04 22:00:00;1510;22;-2,4;-0,9;532,2;701,1;132,4
2005-03-04 23:00:00;1511;23;-2,1;-0,9;525,8;701,1;83,0
2005-03-05 00:00:00;1512;0;-3,5;0,7;463,5;701,0;57,4
2005-03-05 01:00:00;1513;1;-3,9;0,7;473,4;700,6;31,0
2005-03-05 02:00:00;1514;2;-3,9;0,7;472,2;700,5;12,2
2005-03-05 03:00:00;1515;3;-3,4;0,7;461,4;699,7;8,8
2005-03-05 04:00:00;1516;4;-2,8;0,7;447,9;699,4;26,4
2005-03-05 05:00:00;1517;5;-2,5;0,7;440,1;699,1;66,2
2005-03-05 06:00:00;1518;6;-2,4;0,7;437,1;698,3;178,9
2005-03-05 07:00:00;1519;7;-1,5;0,7;512,0;698,3;191,5
2005-03-05 08:00:00;1520;8;-1,0;0,7;499,4;698,1;192,3
2005-03-05 09:00:00;1521;9;-0,3;0,7;482,9;698,1;201,6
2005-03-05 10:00:00;1522;10;0,9;0,7;454,3;697,7;192,3
2005-03-05 11:00:00;1523;11;2,1;0,7;425,7;697,6;186,5
2005-03-05 12:00:00;1524;12;3,0;0,7;404,8;697,3;172,6
2005-03-05 13:00:00;1525;13;3,3;0,7;397,8;697,2;151,7
2005-03-05 14:00:00;1526;14;3,5;0,7;392,2;697,1;138,3
2005-03-05 15:00:00;1527;15;3,4;0,7;396,1;697,1;129,1
2005-03-05 16:00:00;1528;16;3,4;0,7;395,6;696,9;134,1
2005-03-05 17:00:00;1529;17;2,6;0,7;414,5;696,9;166,4
2005-03-05 18:00:00;1530;18;2,8;0,7;408,4;696,5;185,6
2005-03-05 19:00:00;1531;19;3,3;0,7;397,0;696,4;229,6
2005-03-05 20:00:00;1532;20;3,4;0,7;396,0;696,2;235,9
2005-03-05 21:00:00;1533;21;3,3;0,7;397,6;695,8;220,0
2005-03-05 22:00:00;1534;22;3,5;0,7;391,8;695,8;132,4
2005-03-05 23:00:00;1535;23;3,4;0,7;395,3;695,7;83,0
2005-03-06 00:00:00;1536;0;3,1;3,9;306,5;695,5;57,4
2005-03-06 01:00:00;1537;1;3,6;3,9;294,7;695,4;31,0
2005-03-06 02:00:00;1538;2;3,0;3,9;309,1;695,4;12,2
2005-03-06 03:00:00;1539;3;2,3;3,9;325,6;695,1;8,8
2005-03-06 04:00:00;1540;4;2,2;3,9;328,6;695,0;26,4
2005-03-06 05:00:00;1541;5;1,6;3,9;343,1;694,6;66,2
2005-03-06 06:00:00;1542;6;1,8;3,9;337,6;694,5;178,9
2005-03-06 07:00:00;1543;7;2,4;3,9;418,3;694,3;191,5
2005-03-06 08:00:00;1544;8;2,8;3,9;408,4;694,2;192,3
2005-03-06 09:00:00;1545;9;3,4;3,9;396,0;694,0;201,6
2005-03-06 10:00:00;1546;10;5,1;3,9;355,9;694,0;192,3
2005-03-06 11:00:00;1547;11;5,4;3,9;347,2;693,6;186,5
2005-03-06 12:00:00;1548;12;6,1;3,9;332,2;693,2;172,6
2005-03-06 13:00:00;1549;13;6,3;3,9;327,0;693,0;151,7
2005-03-06 14:00:00;1550;14;7,4;3,9;301,6;692,7;138,3
2005-03-06 15:00:00;1551;15;6,4;3,9;323,7;692,6;129,1
2005-03-06 16:00:00;1552;16;5,8;3,9;338,4;692,5;134,1
2005-03-06 17:00:00;1553;17;5,2;3,9;352,9;692,1;166,4
2005-03-06 18:00:00;1554;18;3,7;3,9;389,2;692,0;185,6
2005-03-06 19:00:00;1555;19;3,5;3,9;392,8;692,0;229,6
2005-03-06 20:00:00;1556;20;3,2;3,9;400,5;691,7;235,9
2005-03-06 21:00:00;1557;21;3,4;3,9;394,3;691,6;220,0
2005-03-06 22:00:00;1558;22;3,0;3,9;405,0;691,3;132,4
2005-03-06 23:00:00;1559;23;2,9;3,9;406,6;691,1;83,0
2005-03-07 00:00:00;1560;0;2,2;4,3;329,6;690,7;57,4
2005-03-07 01:00:00;1561;1;2,5;4,3;320,8;690,7;31,0
2005-03-07 02:00:00;1562;2;3,0;4,3;308,8;690,7;12,2
2005-03-07 03:00:00;1563;3;3,4;4,3;300,7;690,6;8,8
2005-03-07 04:00:00;1564;4;3,6;4,3;295,0;690,4;26,4
2005-03-07 05:00:00;1565;5;3,3;4,3;302,2;690,2;66,2
2005-03-07 06:00:00;1566;6;3,1;4,3;307,1;689,4;178,9
2005-03-07 07:00:00;1567;7;3,4;4,3;394,8;689,2;191,5
2005-03-07 08:00:00;1568;8;3,0;4,3;403,8;689,0;192,3
2005-03-07 09:00:00;1569;9;3,0;4,3;403,6;688,8;201,6
2005-03-07 10:00:00;1570;10;3,2;4,3;400,9;688,2;192,3
2005-03-07 11:00:00;1571;11;4,0;4,3;381,5;688,1;186,5
2005-03-07 12:00:00;1572;12;4,3;4,3;373,0;687,9;172,6
2005-03-07 13:00:00;1573;13;5,3;4,3;350,6;687,7;151,7
2005-03-07 14:00:00;1574;14;5,5;4,3;344,7;687,6;138,3
2005-03-07 15:00:00;1575;15;5,3;4,3;350,4;687,2;129,1
2005-03-07 16:00:00;1576;16;6,0;4,3;332,6;686,9;134,1
2005-03-07 17:00:00;1577;17;6,0;4,3;334,0;686,8;166,4
2005-03-07 18:00:00;1578;18;5,8;4,3;338,2;686,8;185,6
2005-03-07 19:00:00;1579;19;5,5;4,3;344,9;686,8;229,6
2005-03-07 20:00:00;1580;20;5,1;4,3;355,1;686,5;235,9
2005-03-07 21:00:00;1581;21;5,3;4,3;350,1;686,5;220,0
2005-03-07 22:00:00;1582;22;5,2;4,3;352,5;686,3;132,4
2005-03-07 23:00:00;1583;23;5,4;4,3;347,5;686,1;83,0
2005-03-08 00:00:00;1584;0;5,1;3,3;259,8;685,7;57,4
2005-03-08 01:00:00;1585;1;3,9;3,3;289,4;685,6;31,0
2005-03-08 02:00:00;1586;2;3,7;3,3;292,8;685,4;12,2
2005-03-08 03:00:00;1587;3;3,4;3,3;301,0;685,4;8,8
2005-03-08 04:00:00;1588;4;3,4;3,3;300,4;684,9;26,4
2005-03-08 05:00:00;1589;5;3,1;3,3;307,4;684,7;66,2
2005-03-08 06:00:00;1590;6;3,2;3,3;304,8;684,4;178,9
2005-03-08 07:00:00;1591;7;3,2;3,3;399,1;683,7;191,5
2005-03-08 08:00:00;1592;8;2,8;3,3;409,1;683,5;192,3
2005-03-08 09:00:00;1593;9;3,2;3,3;399,7;683,4;201,6
2005-03-08 10:00:00;1594;10;4,0;3,3;380,4;683,3;192,3
2005-03-08 11:00:00;1595;11;4,6;3,3;365,6;683,1;186,5
2005-03-08 12:00:00;1596;12;5,5;3,3;346,6;682,4;172,6
2005-03-08 13:00:00;1597;13;5,4;3,3;349,0;682,1;151,7
2005-03-08 14:00:00;1598;14;5,8;3,3;338,7;682,0;138,3
2005-03-08 15:00:00;1599;15;5,3;3,3;350,4;681,9;129,1
2005-03-08 16:00:00;1600;16;4,9;3,3;360,5;681,7;134,1
2005-03-08 17:00:00;1601;17;3,5;3,3;393,5;681,7;166,4
2005-03-08 18:00:00;1602;18;3,0;3,3;404,5;681,5;185,6
2005-03-08 19:00:00;1603;19;2,0;3,3;428,3;681,2;229,6
2005-03-08 20:00:00;1604;20;1,5;3,3;440,9;680,9;235,9
2005-03-08 21:00:00;1605;21;0,9;3,3;454,6;680,3;220,0
2005-03-08 22:00:00;1606;22;0,0;3,3;474,9;680,3;132,4
2005-03-08 23:00:00;1607;23;-1,6;3,3;513,2;680,2;83,0
2005-03-09 00:00:00;1608;0;-2,3;1,2;435,6;679,5;57,4
2005-03-09 01:00:00;1609;1;-2,5;1,2;439,1;679,5;31,0
2005-03-09 02:00:00;1610;2;-2,8;1,2;448,2;679,5;12,2
2005-03-09 03:00:00;1611;3;-2,7;1,2;445,0;679,3;8,8
2005-03-09 04:00:00;1612;4;-2,7;1,2;444,1;679,1;26,4
2005-03-09 05:00:00;1613;5;-2,3;1,2;435,6;679,1;66,2
2005-03-09 06:00:00;1614;6;-2,5;1,2;440,0;679,0;178,9
2005-03-09 07:00:00;1615;7;-2,0;1,2;523,5;678,5;191,5
2005-03-09 08:00:00;1616;8;-1,6;1,2;512,7;678,5;192,3
2005-03-09 09:00:00;1617;9;0,1;1,2;474,1;678,4;201,6
2005-03-09 10:00:00;1618;10;1,1;1,2;450,2;678,2;192,3
2005-03-09 11:00:00;1619;11;3,1;1,2;403,2;677,6;186,5
2005-03-09 12:00:00;1620;12;4,8;1,2;361,3;677,3;172,6
2005-03-09 13:00:00;1621;13;6,1;1,2;332,2;677,2;151,7
2005-03-09 14:00:00;1622;14;6,9;1,2;312,3;677,0;138,3
2005-03-09 15:00:00;1623;15;6,6;1,2;318,5;676,9;129,1
2005-03-09 16:00:00;1624;16;6,0;1,2;332,8;676,9;134,1
2005-03-09 17:00:00;1625;17;4,6;1,2;367,2;676,7;166,4
2005-03-09 18:00:00;1626;18;3,1;1,2;401,5;676,5;185,6
2005-03-09 19:00:00;1627;19;2,3;1,2;421,2;676,1;229,6
2005-03-09 20:00:00;1628;20;2,0;1,2;428,3;675,8;235,9
2005-03-09 21:00:00;1629;21;1,4;1,2;441,8;675,4;220,0
2005-03-09 22:00:00;1630;22;0,9;1,2;454,0;675,1;132,4
2005-03-09 23:00:00;1631;23;0,2;1,2;469,9;674,7;83,0
2005-03-10 00:00:00;1632;0;0,2;2,8;375,7;674,6;57,4
2005-03-10 01:00:00;1633;1;-0,3;2,8;388,7;674,6;31,0
2005-03-10 02:00:00;1634;2;-0,5;2,8;391,9;674,4;12,2
2005-03-10 03:00:00;1635;3;-0,6;2,8;395,4;674,2;8,8
2005-03-10 04:00:00;1636;4;-1,6;2,8;417,7;673,8;26,4
2005-03-10 05:00:00;1637;5;-1,4;2,8;415,1;673,8;66,2
2005-03-10 06:00:00;1638;6;-1,6;2,8;418,8;673,6;178,9
2005-03-10 07:00:00;1639;7;-1,5;2,8;510,2;673,3;191,5
2005-03-10 08:00:00;1640;8;-0,6;2,8;490,9;672,9;192,3
2005-03-10 09:00:00;1641;9;1,8;2,8;432,5;672,8;201,6
2005-03-10 10:00:00;1642;10;3,4;2,8;396,1;672,6;192,3
2005-03-10 11:00:00;1643;11;5,3;2,8;350,9;672,2;186,5
2005-03-10 12:00:00;1644;12;6,7;2,8;316,4;672,0;172,6
2005-03-10 13:00:00;1645;13;7,5;2,8;298,7;672,0;151,7
2005-03-10 14:00:00;1646;14;7,9;2,8;287,8;672,0;138,3
2005-03-10 15:00:00;1647;15;8,0;2,8;285,8;671,9;129,1
2005-03-10 16:00:00;1648;16;7,5;2,8;298,1;671,8;134,1
2005-03-10 17:00:00;1649;17;6,3;2,8;326,9;671,7;166,4
2005-03-10 18:00:00;1650;18;4,9;2,8;358,8;671,7;185,6
2005-03-10 19:00:00;1651;19;4,4;2,8;372,4;671,6;229,6
2005-03-10 20:00:00;1652;20;3,5;2,8;393,7;671,3;235,9
2005-03-10 21:00:00;1653;21;3,3;2,8;397,7;671,1;220,0
2005-03-10 22:00:00;1654;22;3,3;2,8;398,1;670,8;132,4
2005-03-10 23:00:00;1655;23;2,3;2,8;420,6;670,5;83,0
2005-03-11 00:00:00;1656;0;2,0;4,0;333,9;670,4;57,4
2005-03-11 01:00:00;1657;1;1,4;4,0;347,0;670,4;31,0
2005-03-11 02:00:00;1658;2;1,3;4,0;350,1;670,1;12,2
2005-03-11 03:00:00;1659;3;1,3;4,0;349,5;669,6;8,8
2005-03-11 04:00:00;1660;4;1,2;4,0;352,2;669,3;26,4
2005-03-11 05:00:00;1661;5;1,2;4,0;352,4;669,1;66,2
2005-03-11 06:00:00;1662;6;1,2;4,0;351,8;668,9;178,9
2005-03-11 07:00:00;1663;7;1,1;4,0;448,5;668,7;191,5
2005-03-11 08:00:00;1664;8;2,1;4,0;425,4;668,7;192,3
2005-03-11 09:00:00;1665;9;2,6;4,0;414,4;668,6;201,6
2005-03-11 10:00:00;1666;10;3,5;4,0;393,4;668,5;192,3
2005-03-11 11:00:00;1667;11;5,8;4,0;338,2;668,4;186,5
2005-03-11 12:00:00;1668;12;7,0;4,0;310,5;667,9;172,6
2005-03-11 13:00:00;1669;13;8,3;4,0;279,7;667,9;151,7
2005-03-11 14:00:00;1670;14;8,9;4,0;264,0;667,6;138,3
2005-03-11 15:00:00;1671;15;8,9;4,0;266,0;667,6;129,1
2005-03-11 16:00:00;1672;16;8,0;4,0;286,4;667,5;134,1
2005-03-11 17:00:00;1673;17;6,8;4,0;313,8;667,5;166,4
2005-03-11 18:00:00;1674;18;5,6;4,0;342,9;667,2;185,6
2005-03-11 19:00:00;1675;19;5,0;4,0;356,3;666,8;229,6
2005-03-11 20:00:00;1676;20;4,1;4,0;379,6;666,8;235,9
2005-03-11 21:00:00;1677;21;3,3;4,0;397,1;666,8;220,0
2005-03-11 22:00:00;1678;22;2,8;4,0;410,2;666,7;132,4
2005-03-11 23:00:00;1679;23;2,4;4,0;419,9;666,6;83,0
2005-03-12 00:00:00;1680;0;1,5;6,0;344,7;666,4;57,4
2005-03-12 01:00:00;1681;1;1,5;6,0;344,4;666,3;31,0
2005-03-12 02:00:00;1682;2;1,7;6,0;340,7;666,0;12,2
2005-03-12 03:00:00;1683;3;1,7;6,0;339,9;666,0;8,8
2005-03-12 04:00:00;1684;4;1,3;6,0;350,2;665,6;26,4
2005-03-12 05:00:00;1685;5;1,3;6,0;349,8;665,5;66,2
2005-03-12 06:00:00;1686;6;2,2;6,0;328,6;665,2;178,9
2005-03-12 07:00:00;1687;7;2,1;6,0;425,7;664,7;191,5
2005-03-12 08:00:00;1688;8;2,5;6,0;417,2;664,2;192,3
2005-03-12 09:00:00;1689;9;3,6;6,0;390,0;663,9;201,6
2005-03-12 10:00:00;1690;10;5,8;6,0;338,8;663,7;192,3
2005-03-12 11:00:00;1691;11;7,7;6,0;293,0;663,3;186,5
2005-03-12 12:00:00;1692;12;8,7;6,0;269,2;663,1;172,6
2005-03-12 13:00:00;1693;13;9,7;6,0;244,9;662,2;151,7
2005-03-12 14:00:00;1694;14;10,8;6,0;220,0;662,0;138,3
2005-03-12 15:00:00;1695;15;11,1;6,0;212,8;661,7;129,1
2005-03-12 16:00:00;1696;16;10,9;6,0;217,6;661,1;134,1
2005-03-12 17:00:00;1697;17;9,7;6,0;246,3;660,9;166,4
2005-03-12 18:00:00;1698;18;8,9;6,0;266,1;660,7;185,6
2005-03-12 19:00:00;1699;19;8,8;6,0;266,3;660,4;229,6
2005-03-12 20:00:00;1700;20;8,7;6,0;270,7;660,4;235,9
2005-03-12 21:00:00;1701;21;8,0;6,0;286,5;660,3;220,0
2005-03-12 22:00:00;1702;22;7,8;6,0;291,3;660,1;132,4
2005-03-12 23:00:00;1703;23;7,4;6,0;301,1;659,9;83,0
2005-03-13 00:00:00;1704;0;7,1;10,2;212,8;659,8;57,4
2005-03-13 01:00:00;1705;1;7,1;10,2;213,2;659,4;31,0
2005-03-13 02:00:00;1706;2;7,6;10,2;202,1;659,2;12,2
2005-03-13 03:00:00;1707;3;7,9;10,2;193,9;659,1;8,8
2005-03-13 04:00:00;1708;4;8,4;10,2;181,6;659,0;26,4
2005-03-13 05:00:00;1709;5;8,0;10,2;192,1;659,0;66,2
2005-03-13 06:00:00;1710;6;8,3;10,2;183,9;658,9;178,9
2005-03-13 07:00:00;1711;7;8,6;10,2;271,6;658,8;191,5
2005-03-13 08:00:00;1712;8;9,5;10,2;250,8;658,6;192,3
2005-03-13 09:00:00;1713;9;10,0;10,2;237,9;658,3;201,6
2005-03-13 10:00:00;1714;10;10,9;10,2;218,0;658,3;192,3
2005-03-13 11:00:00;1715;11;11,7;10,2;199,2;658,1;186,5
2005-03-13 12:00:00;1716;12;12,6;10,2;177,5;658,1;172,6
2005-03-13 13:00:00;1717;13;12,8;10,2;172,2;657,8;151,7
2005-03-13 14:00:00;1718;14;13,7;10,2;151,4;657,6;138,3
2005-03-13 15:00:00;1719;15;14,6;10,2;131,0;657,6;129,1
2005-03-13 16:00:00;1720;16;13,4;10,2;157,9;657,3;134,1
2005-03-13 17:00:00;1721;17;12,5;10,2;179,9;657,2;166,4
2005-03-13 18:00:00;1722;18;11,4;10,2;206,9;657,2;185,6
2005-03-13 19:00:00;1723;19;10,5;10,2;226,2;656,7;229,6
2005-03-13 20:00:00;1724;20;9,9;10,2;241,9;656,7;235,9
2005-03-13 21:00:00;1725;21;9,6;10,2;247,3;656,6;220,0
2005-03-13 22:00:00;1726;22;9,8;10,2;242,9;656,6;132,4
2005-03-13 23:00:00;1727;23;9,7;10,2;246,2;656,4;83,0
2005-03-14 00:00:00;1728;0;10,0;10,5;144,0;655,9;57,4
2005-03-14 01:00:00;1729;1;10,0;10,5;143,9;655,6;31,0
2005-03-14 02:00:00;1730;2;9,8;10,5;147,9;655,2;12,2
2005-03-14 03:00:00;1731;3;9,7;10,5;151,7;655,1;8,8
2005-03-14 04:00:00;1732;4;9,4;10,5;158,8;655,0;26,4
2005-03-14 05:00:00;1733;5;8,6;10,5;176,7;655,0;66,2
2005-03-14 06:00:00;1734;6;8,4;10,5;182,6;654,9;178,9
2005-03-14 07:00:00;1735;7;8,5;10,5;274,2;654,7;191,5
2005-03-14 08:00:00;1736;8;9,7;10,5;245,3;654,7;192,3
2005-03-14 09:00:00;1737;9;10,3;10,5;232,0;654,6;201,6
2005-03-14 10:00:00;1738;10;11,5;10,5;203,8;654,5;192,3
2005-03-14 11:00:00;1739;11;11,5;10,5;203,7;654,0;186,5
2005-03-14 12:00:00;1740;12;12,3;10,5;184,6;653,8;172,6
2005-03-14 13:00:00;1741;13;13,3;10,5;161,0;653,4;151,7
2005-03-14 14:00:00;1742;14;13,3;10,5;161,7;653,3;138,3
2005-03-14 15:00:00;1743;15;13,0;10,5;168,9;653,3;129,1
2005-03-14 16:00:00;1744;16;12,6;10,5;177,4;653,1;134,1
2005-03-14 17:00:00;1745;17;12,1;10,5;188,5;651,8;166,4
2005-03-14 18:00:00;1746;18;11,5;10,5;203,3;651,6;185,6
2005-03-14 19:00:00;1747;19;10,3;10,5;231,2;651,3;229,6
2005-03-14 20:00:00;1748;20;9,8;10,5;244,9;651,3;235,9
2005-03-14 21:00:00;1749;21;8,5;10,5;273,7;650,7;220,0
2005-03-14 22:00:00;1750;22;8,7;10,5;270,9;650,7;132,4
2005-03-14 23:00:00;1751;23;8,0;10,5;286,4;650,6;83,0
2005-03-15 00:00:00;1752;0;7,7;7,5;199,3;650,6;57,4
2005-03-15 01:00:00;1753;1;7,1;7,5;212,6;649,9;31,0
2005-03-15 02:00:00;1754;2;6,7;7,5;221,3;649,4;12,2
2005-03-15 03:00:00;1755;3;7,0;7,5;216,5;649,1;8,8
2005-03-15 04:00:00;1756;4;6,2;7,5;235,2;649,1;26,4
2005-03-15 05:00:00;1757;5;6,4;7,5;228,4;649,0;66,2
2005-03-15 06:00:00;1758;6;6,3;7,5;230,9;648,9;178,9
2005-03-15 07:00:00;1759;7;5,8;7,5;337,5;648,8;191,5
2005-03-15 08:00:00;1760;8;5,8;7,5;338,3;648,8;192,3
2005-03-15 09:00:00;1761;9;6,8;7,5;313,7;648,1;201,6
2005-03-15 10:00:00;1762;10;8,4;7,5;277,2;647,5;192,3
2005-03-15 11:00:00;1763;11;9,2;7,5;258,5;646,4;186,5
2005-03-15 12:00:00;1764;12;10,4;7,5;229,1;646,4;172,6
2005-03-15 13:00:00;1765;13;10,8;7,5;220,2;645,9;151,7
2005-03-15 14:00:00;1766;14;11,8;7,5;197,1;645,7;138,3
2005-03-15 15:00:00;1767;15;11,8;7,5;197,5;645,3;129,1
2005-03-15 16:00:00;1768;16;10,7;7,5;222,8;645,3;134,1
2005-03-15 17:00:00;1769;17;9,6;7,5;247,3;645,1;166,4
2005-03-15 18:00:00;1770;18;8,1;7,5;284,0;644,9;185,6
2005-03-15 19:00:00;1771;19;6,7;7,5;316,2;644,8;229,6
2005-03-15 20:00:00;1772;20;6,0;7,5;334,5;644,7;235,9
2005-03-15 21:00:00;1773;21;4,4;7,5;370,8;644,0;220,0
2005-03-15 22:00:00;1774;22;3,5;7,5;392,5;643,8;132,4
2005-03-15 23:00:00;1775;23;2,3;7,5;421,3;643,3;83,0
2005-03-16 00:00:00;1776;0;1,6;3,6;343,3;642,9;57,4
2005-03-16 01:00:00;1777;1;1,8;3,6;337,8;642,3;31,0
2005-03-16 02:00:00;1778;2;2,0;3,6;333,7;642,0;12,2
2005-03-16 03:00:00;1779;3;2,0;3,6;333,2;641,4;8,8
2005-03-16 04:00:00;1780;4;1,9;3,6;336,9;641,3;26,4
2005-03-16 05:00:00;1781;5;1,9;3,6;334,9;641,3;66,2
2005-03-16 06:00:00;1782;6;2,1;3,6;331,1;640,9;178,9
2005-03-16 07:00:00;1783;7;2,2;3,6;422,9;640,8;191,5
2005-03-16 08:00:00;1784;8;2,3;3,6;420,9;640,7;192,3
2005-03-16 09:00:00;1785;9;2,8;3,6;408,2;640,4;201,6
2005-03-16 10:00:00;1786;10;4,3;3,6;373,6;640,3;192,3
2005-03-16 11:00:00;1787;11;4,8;3,6;361,7;640,3;186,5
2005-03-16 12:00:00;1788;12;5,4;3,6;347,1;640,3;172,6
2005-03-16 13:00:00;1789;13;5,9;3,6;337,1;640,0;151,7
2005-03-16 14:00:00;1790;14;6,2;3,6;328,9;639,7;138,3
2005-03-16 15:00:00;1791;15;6,0;3,6;333,1;639,4;129,1
2005-03-16 16:00:00;1792;16;5,6;3,6;343,9;638,8;134,1
2005-03-16 17:00:00;1793;17;5,6;3,6;343,9;638,6;166,4
2005-03-16 18:00:00;1794;18;4,8;3,6;361,0;638,5;185,6
2005-03-16 19:00:00;1795;19;4,8;3,6;362,7;638,0;229,6
2005-03-16 20:00:00;1796;20;4,1;3,6;379,5;637,8;235,9
2005-03-16 21:00:00;1797;21;3,4;3,6;395,9;637,5;220,0
2005-03-16 22:00:00;1798;22;3,0;3,6;404,1;637,3;132,4
2005-03-16 23:00:00;1799;23;2,7;3,6;412,1;637,1;83,0
2005-03-17 00:00:00;1800;0;2,1;7,4;332,0;636,1;57,4
2005-03-17 01:00:00;1801;1;2,3;7,4;326,0;635,5;31,0
2005-03-17 02:00:00;1802;2;2,6;7,4;319,7;635,4;12,2
2005-03-17 03:00:00;1803;3;3,4;7,4;299,5;635,3;8,8
2005-03-17 04:00:00;1804;4;2,7;7,4;316,0;635,2;26,4
2005-03-17 05:00:00;1805;5;3,7;7,4;292,9;635,1;66,2
2005-03-17 06:00:00;1806;6;4,4;7,4;276,6;635,1;178,9
2005-03-17 07:00:00;1807;7;5,7;7,4;341,2;635,0;191,5
2005-03-17 08:00:00;1808;8;6,4;7,4;323,9;634,0;192,3
2005-03-17 09:00:00;1809;9;7,0;7,4;309,0;633,9;201,6
2005-03-17 10:00:00;1810;10;7,5;7,4;298,1;633,7;192,3
2005-03-17 11:00:00;1811;11;9,0;7,4;262,6;633,6;186,5
2005-03-17 12:00:00;1812;12;10,0;7,4;239,6;633,4;172,6
2005-03-17 13:00:00;1813;13;11,2;7,4;211,1;633,2;151,7
2005-03-17 14:00:00;1814;14;11,4;7,4;206,7;632,7;138,3
2005-03-17 15:00:00;1815;15;10,9;7,4;218,2;632,3;129,1
2005-03-17 16:00:00;1816;16;11,1;7,4;211,9;632,0;134,1
2005-03-17 17:00:00;1817;17;10,0;7,4;239,1;631,9;166,4
2005-03-17 18:00:00;1818;18;9,6;7,4;247,7;631,6;185,6
2005-03-17 19:00:00;1819;19;9,4;7,4;254,0;631,4;229,6
2005-03-17 20:00:00;1820;20;9,4;7,4;253,3;631,2;235,9
2005-03-17 21:00:00;1821;21;9,7;7,4;246,1;631,0;220,0
2005-03-17 22:00:00;1822;22;9,8;7,4;244,5;630,8;132,4
2005-03-17 23:00:00;1823;23;9,4;7,4;253,7;630,7;83,0
2005-03-18 00:00:00;1824;0;9,6;11,9;153,0;630,6;57,4
2005-03-18 01:00:00;1825;1;10,0;11,9;145,4;630,6;31,0
2005-03-18 02:00:00;1826;2;9,3;11,9;160,8;630,2;12,2
2005-03-18 03:00:00;1827;3;9,5;11,9;155,8;630,1;8,8
2005-03-18 04:00:00;1828;4;9,8;11,9;148,0;630,1;26,4
2005-03-18 05:00:00;1829;5;9,4;11,9;158,4;629,8;66,2
2005-03-18 06:00:00;1830;6;9,8;11,9;148,8;629,1;178,9
2005-03-18 07:00:00;1831;7;10,4;11,9;228,4;628,9;191,5
2005-03-18 08:00:00;1832;8;10,7;11,9;221,8;628,8;192,3
2005-03-18 09:00:00;1833;9;10,8;11,9;219,2;628,2;201,6
2005-03-18 10:00:00;1834;10;12,1;11,9;189,3;627,2;192,3
2005-03-18 11:00:00;1835;11;13,2;11,9;164,3;626,7;186,5
2005-03-18 12:00:00;1836;12;13,9;11,9;147,3;626,5;172,6
2005-03-18 13:00:00;1837;13;14,9;11,9;123,5;626,2;151,7
2005-03-18 14:00:00;1838;14;15,8;11,9;101,9;626,0;138,3
2005-03-18 15:00:00;1839;15;15,7;11,9;103,8;625,7;129,1
2005-03-18 16:00:00;1840;16;15,3;11,9;113,9;625,4;134,1
2005-03-18 17:00:00;1841;17;14,2;11,9;140,8;625,4;166,4
2005-03-18 18:00:00;1842;18;13,3;11,9;161,3;625,3;185,6
2005-03-18 19:00:00;1843;19;12,5;11,9;179,4;625,3;229,6
2005-03-18 20:00:00;1844;20;12,2;11,9;188,0;624,8;235,9
2005-03-18 21:00:00;1845;21;11,9;11,9;193,2;624,6;220,0
2005-03-18 22:00:00;1846;22;11,7;11,9;199,2;624,5;132,4
2005-03-18 23:00:00;1847;23;10,3;11,9;231,3;624,3;83,0
2005-03-19 00:00:00;1848;0;10,2;9,5;138,6;623,6;57,4
2005-03-19 01:00:00;1849;1;9,9;9,5;145,7;623,1;31,0
2005-03-19 02:00:00;1850;2;9,3;9,5;161,4;623,0;12,2
2005-03-19 03:00:00;1851;3;9,0;9,5;168,8;622,5;8,8
2005-03-19 04:00:00;1852;4;9,1;9,5;166,6;622,5;26,4
2005-03-19 05:00:00;1853;5;8,6;9,5;176,6;622,4;66,2
2005-03-19 06:00:00;1854;6;8,2;9,5;187,6;621,4;178,9
2005-03-19 07:00:00;1855;7;8,2;9,5;280,7;621,3;191,5
2005-03-19 08:00:00;1856;8;9,2;9,5;258,7;621,0;192,3
2005-03-19 09:00:00;1857;9;10,5;9,5;226,0;620,2;201,6
2005-03-19 10:00:00;1858;10;11,5;9,5;202,6;619,5;192,3
2005-03-19 11:00:00;1859;11;12,1;9,5;188,6;619,1;186,5
2005-03-19 12:00:00;1860;12;12,5;9,5;178,9;618,7;172,6
2005-03-19 13:00:00;1861;13;13,2;9,5;164,3;617,6;151,7
2005-03-19 14:00:00;1862;14;12,8;9,5;172,2;617,0;138,3
2005-03-19 15:00:00;1863;15;12,3;9,5;184,3;616,8;129,1
2005-03-19 16:00:00;1864;16;11,7;9,5;199,1;616,4;134,1
2005-03-19 17:00:00;1865;17;10,8;9,5;220,0;616,1;166,4
2005-03-19 18:00:00;1866;18;9,0;9,5;263,2;615,9;185,6
2005-03-19 19:00:00;1867;19;7,8;9,5;291,7;615,9;229,6
2005-03-19 20:00:00;1868;20;7,3;9,5;303,0;615,8;235,9
2005-03-19 21:00:00;1869;21;6,1;9,5;331,3;615,1;220,0
2005-03-19 22:00:00;1870;22;4,9;9,5;358,6;615,0;132,4
2005-03-19 23:00:00;1871;23;4,1;9,5;377,8;614,4;83,0
2005-03-20 00:00:00;1872;0;3,7;6,3;293,0;614,3;57,4
2005-03-20 01:00:00;1873;1;3,4;6,3;300,1;614,2;31,0
2005-03-20 02:00:00;1874;2;3,1;6,3;307,3;614,0;12,2
2005-03-20 03:00:00;1875;3;3,2;6,3;305,4;613,8;8,8
2005-03-20 04:00:00;1876;4;3,6;6,3;296,7;613,7;26,4
2005-03-20 05:00:00;1877;5;3,6;6,3;296,7;613,6;66,2
2005-03-20 06:00:00;1878;6;3,6;6,3;295,6;613,1;178,9
2005-03-20 07:00:00;1879;7;4,1;6,3;377,6;612,9;191,5
2005-03-20 08:00:00;1880;8;4,6;6,3;366,1;612,6;192,3
2005-03-20 09:00:00;1881;9;5,9;6,3;335,9;612,6;201,6
2005-03-20 10:00:00;1882;10;7,0;6,3;308,9;612,3;192,3
2005-03-20 11:00:00;1883;11;8,0;6,3;285,3;611,9;186,5
2005-03-20 12:00:00;1884;12;8,6;6,3;273,2;611,5;172,6
2005-03-20 13:00:00;1885;13;9,7;6,3;246,2;611,5;151,7
2005-03-20 14:00:00;1886;14;9,6;6,3;248,9;611,3;138,3
2005-03-20 15:00:00;1887;15;9,8;6,3;243,4;611,3;129,1
2005-03-20 16:00:00;1888;16;9,3;6,3;254,8;610,9;134,1
2005-03-20 17:00:00;1889;17;8,9;6,3;265,6;610,8;166,4
2005-03-20 18:00:00;1890;18;7,8;6,3;291,2;610,7;185,6
2005-03-20 19:00:00;1891;19;7,2;6,3;305,2;610,7;229,6
2005-03-20 20:00:00;1892;20;7,3;6,3;303,2;610,6;235,9
2005-03-20 21:00:00;1893;21;7,0;6,3;309,4;610,4;220,0
2005-03-20 22:00:00;1894;22;6,3;6,3;325,7;610,1;132,4
2005-03-20 23:00:00;1895;23;5,8;6,3;337,6;610,0;83,0
2005-03-21 00:00:00;1896;0;5,9;8,0;242,2;609,8;57,4
2005-03-21 01:00:00;1897;1;5,8;8,0;244,2;609,8;31,0
2005-03-21 02:00:00;1898;2;4,9;8,0;266,1;609,5;12,2
2005-03-21 03:00:00;1899;3;4,6;8,0;271,3;609,3;8,8
2005-03-21 04:00:00;1900;4;4,6;8,0;272,9;609,1;26,4
2005-03-21 05:00:00;1901;5;5,1;8,0;261,2;608,9;66,2
2005-03-21 06:00:00;1902;6;5,2;8,0;257,3;608,7;178,9
2005-03-21 07:00:00;1903;7;4,6;8,0;367,0;608,7;191,5
2005-03-21 08:00:00;1904;8;5,9;8,0;336,5;608,7;192,3
2005-03-21 09:00:00;1905;9;7,3;8,0;303,6;608,0;201,6
2005-03-21 10:00:00;1906;10;8,8;8,0;267,2;607,7;192,3
2005-03-21 11:00:00;1907;11;10,2;8,0;233,6;607,3;186,5
2005-03-21 12:00:00;1908;12;11,3;8,0;209,1;607,1;172,6
2005-03-21 13:00:00;1909;13;12,1;8,0;189,2;607,1;151,7
2005-03-21 14:00:00;1910;14;11,9;8,0;194,1;606,5;138,3
2005-03-21 15:00:00;1911;15;11,5;8,0;204,0;605,7;129,1
2005-03-21 16:00:00;1912;16;11,3;8,0;208,3;605,7;134,1
2005-03-21 17:00:00;1913;17;10,4;8,0;230,6;605,5;166,4
2005-03-21 18:00:00;1914;18;9,4;8,0;252,7;605,3;185,6
2005-03-21 19:00:00;1915;19;9,0;8,0;262,4;605,3;229,6
2005-03-21 20:00:00;1916;20;8,4;8,0;276,2;605,2;235,9
2005-03-21 21:00:00;1917;21;8,4;8,0;277,3;605,1;220,0
2005-03-21 22:00:00;1918;22;7,9;8,0;287,5;604,7;132,4
2005-03-21 23:00:00;1919;23;7,0;8,0;310,1;604,6;83,0
2005-03-22 00:00:00;1920;0;6,6;3,4;224,6;604,6;57,4
2005-03-22 01:00:00;1921;1;5,7;3,4;246,9;604,4;31,0
2005-03-22 02:00:00;1922;2;4,2;3,4;280,6;604,4;12,2
2005-03-22 03:00:00;1923;3;3,6;3,4;294,6;603,8;8,8
2005-03-22 04:00:00;1924;4;3,1;3,4;307,6;603,7;26,4
2005-03-22 05:00:00;1925;5;2,6;3,4;319,0;603,0;66,2
2005-03-22 06:00:00;1926;6;2,6;3,4;318,4;602,8;178,9
2005-03-22 07:00:00;1927;7;3,1;3,4;403,0;602,4;191,5
2005-03-22 08:00:00;1928;8;3,0;3,4;404,2;602,2;192,3
2005-03-22 09:00:00;1929;9;3,4;3,4;395,2;602,1;201,6
2005-03-22 10:00:00;1930;10;4,5;3,4;370,1;602,0;192,3
2005-03-22 11:00:00;1931;11;5,4;3,4;348,4;601,8;186,5
2005-03-22 12:00:00;1932;12;5,7;3,4;339,6;601,7;172,6
2005-03-22 13:00:00;1933;13;5,7;3,4;341,5;601,3;151,7
2005-03-22 14:00:00;1934;14;5,7;3,4;341,8;601,3;138,3
2005-03-22 15:00:00;1935;15;5,6;3,4;342,1;601,1;129,1
2005-03-22 16:00:00;1936;16;5,1;3,4;355,4;600,9;134,1
2005-03-22 17:00:00;1937;17;3,6;3,4;391,1;600,6;166,4
2005-03-22 18:00:00;1938;18;2,4;3,4;419,1;600,3;185,6
2005-03-22 19:00:00;1939;19;1,8;3,4;433,8;600,3;229,6
2005-03-22 20:00:00;1940;20;0,7;3,4;458,6;599,8;235,9
2005-03-22 21:00:00;1941;21;0,4;3,4;465,5;599,1;220,0
2005-03-22 22:00:00;1942;22;-0,4;3,4;485,0;598,9;132,4
2005-03-22 23:00:00;1943;23;-1,4;3,4;508,2;598,8;83,0
2005-03-23 00:00:00;1944;0;-1,9;2,2;425,3;598,5;57,4
2005-03-23 01:00:00;1945;1;-2,1;2,2;430,2;598,5;31,0
2005-03-23 02:00:00;1946;2;-2,1;2,2;431,6;598,3;12,2
2005-03-23 03:00:00;1947;3;-2,3;2,2;435,9;598,2;8,8
2005-03-23 04:00:00;1948;4;-2,1;2,2;429,7;597,3;26,4
2005-03-23 05:00:00;1949;5;-1,9;2,2;425,2;597,2;66,2
2005-03-23 06:00:00;1950;6;-2,1;2,2;431,4;597,1;178,9
2005-03-23 07:00:00;1951;7;-1,4;2,2;508,4;597,1;191,5
2005-03-23 08:00:00;1952;8;0,1;2,2;472,2;597,0;192,3
2005-03-23 09:00:00;1953;9;1,9;2,2;430,7;596,6;201,6
2005-03-23 10:00:00;1954;10;3,9;2,2;382,4;596,5;192,3
2005-03-23 11:00:00;1955;11;5,6;2,2;343,3;596,5;186,5
2005-03-23 12:00:00;1956;12;7,3;2,2;302,7;596,4;172,6
2005-03-23 13:00:00;1957;13;7,5;2,2;297,7;596,3;151,7
2005-03-23 14:00:00;1958;14;7,8;2,2;291,9;596,2;138,3
2005-03-23 15:00:00;1959;15;7,6;2,2;295,9;596,2;129,1
2005-03-23 16:00:00;1960;16;6,9;2,2;311,8;596,1;134,1
2005-03-23 17:00:00;1961;17;5,1;2,2;354,7;595,9;166,4
2005-03-23 18:00:00;1962;18;3,7;2,2;387,7;595,9;185,6
2005-03-23 19:00:00;1963;19;2,5;2,2;416,7;595,7;229,6
2005-03-23 20:00:00;1964;20;2,4;2,2;419,0;595,7;235,9
2005-03-23 21:00:00;1965;21;2,3;2,2;420,4;595,7;220,0
2005-03-23 22:00:00;1966;22;1,8;2,2;433,0;595,0;132,4
2005-03-23 23:00:00;1967;23;1,5;2,2;441,0;594,9;83,0
2005-03-24 00:00:00;1968;0;1,5;1,1;345,7;594,3;57,4
2005-03-24 01:00:00;1969;1;0,6;1,1;368,0;593,7;31,0
2005-03-24 02:00:00;1970;2;-0,5;1,1;392,1;593,5;12,2
2005-03-24 03:00:00;1971;3;-0,5;1,1;392,2;593,0;8,8
2005-03-24 04:00:00;1972;4;-0,8;1,1;400,1;592,7;26,4
2005-03-24 05:00:00;1973;5;-0,8;1,1;399,5;592,6;66,2
2005-03-24 06:00:00;1974;6;-0,9;1,1;402,3;592,2;178,9
2005-03-24 07:00:00;1975;7;-0,9;1,1;496,8;592,1;191,5
2005-03-24 08:00:00;1976;8;-0,0;1,1;476,1;591,7;192,3
2005-03-24 09:00:00;1977;9;1,0;1,1;451,2;591,6;201,6
2005-03-24 10:00:00;1978;10;2,6;1,1;415,1;591,5;192,3
2005-03-24 11:00:00;1979;11;3,8;1,1;385,9;590,1;186,5
2005-03-24 12:00:00;1980;12;4,6;1,1;366,5;589,8;172,6
2005-03-24 13:00:00;1981;13;4,9;1,1;359,5;589,8;151,7
2005-03-24 14:00:00;1982;14;5,5;1,1;345,4;589,7;138,3
2005-03-24 15:00:00;1983;15;4,9;1,1;359,2;589,7;129,1
2005-03-24 16:00:00;1984;16;4,1;1,1;378,9;589,6;134,1
2005-03-24 17:00:00;1985;17;2,4;1,1;418,8;589,6;166,4
2005-03-24 18:00:00;1986;18;1,2;1,1;448,3;589,1;185,6
2005-03-24 19:00:00;1987;19;0,4;1,1;466,3;588,8;229,6
2005-03-24 20:00:00;1988;20;-0,3;1,1;481,6;588,7;235,9
2005-03-24 21:00:00;1989;21;-0,9;1,1;497,8;588,2;220,0
2005-03-24 22:00:00;1990;22;-2,4;1,1;533,3;587,2;132,4
2005-03-24 23:00:00;1991;23;-2,7;1,1;538,7;587,0;83,0
2005-03-25 00:00:00;1992;0;-3,1;2,3;453,5;586,7;57,4
2005-03-25 01:00:00;1993;1;-2,9;2,3;450,2;586,5;31,0
2005-03-25 02:00:00;1994;2;-2,7;2,3;445,4;586,4;12,2
2005-03-25 03:00:00;1995;3;-3,2;2,3;456,6;586,4;8,8
2005-03-25 04:00:00;1996;4;-2,9;2,3;448,7;586,4;26,4
2005-03-25 05:00:00;1997;5;-2,9;2,3;449,4;586,3;66,2
2005-03-25 06:00:00;1998;6;-2,9;2,3;450,1;586,1;178,9
2005-03-25 07:00:00;1999;7;-2,0;2,3;523,0;585,8;191,5
2005-03-25 08:00:00;2000;8;-1,5;2,3;510,2;585,6;192,3
2005-03-25 09:00:00;2001;9;-0,0;2,3;476,2;585,4;201,6
2005-03-25 10:00:00;2002;10;2,0;2,3;427,4;585,3;192,3
2005-03-25 11:00:00;2003;11;3,6;2,3;391,0;584,8;186,5
2005-03-25 12:00:00;2004;12;4,8;2,3;361,4;584,8;172,6
2005-03-25 13:00:00;2005;13;6,3;2,3;327,0;584,7;151,7
2005-03-25 14:00:00;2006;14;6,7;2,3;316,4;584,7;138,3
2005-03-25 15:00:00;2007;15;7,3;2,3;302,6;584,6;129,1
2005-03-25 16:00:00;2008;16;7,7;2,3;294,4;584,6;134,1
2005-03-25 17:00:00;2009;17;6,4;2,3;324,0;584,6;166,4
2005-03-25 18:00:00;2010;18;5,9;2,3;335,9;584,4;185,6
2005-03-25 19:00:00;2011;19;6,2;2,3;328,8;584,4;229,6
2005-03-25 20:00:00;2012;20;5,8;2,3;337,5;584,1;235,9
2005-03-25 21:00:00;2013;21;5,7;2,3;340,0;583,7;220,0
2005-03-25 22:00:00;2014;22;5,3;2,3;350,3;583,6;132,4
2005-03-25 23:00:00;2015;23;4,7;2,3;363,3;583,4;83,0
2005-03-26 00:00:00;2016;0;4,2;7,0;280,6;583,3;57,4
2005-03-26 01:00:00;2017;1;4,2;7,0;282,7;583,0;31,0
2005-03-26 02:00:00;2018;2;4,6;7,0;272,2;583,0;12,2
2005-03-26 03:00:00;2019;3;4,7;7,0;269,7;582,8;8,8
2005-03-26 04:00:00;2020;4;4,3;7,0;279,2;582,5;26,4
2005-03-26 05:00:00;2021;5;4,1;7,0;284,5;582,4;66,2
2005-03-26 06:00:00;2022;6;4,8;7,0;266,7;582,3;178,9
2005-03-26 07:00:00;2023;7;5,5;7,0;346,6;582,2;191,5
2005-03-26 08:00:00;2024;8;6,5;7,0;321,1;581,6;192,3
2005-03-26 09:00:00;2025;9;7,0;7,0;309,3;581,0;201,6
2005-03-26 10:00:00;2026;10;7,6;7,0;296,5;580,6;192,3
2005-03-26 11:00:00;2027;11;8,4;7,0;276,1;580,5;186,5
2005-03-26 12:00:00;2028;12;8,7;7,0;270,7;580,4;172,6
2005-03-26 13:00:00;2029;13;8,9;7,0;265,8;580,3;151,7
2005-03-26 14:00:00;2030;14;8,9;7,0;264,8;580,3;138,3
2005-03-26 15:00:00;2031;15;9,4;7,0;253,0;580,2;129,1
2005-03-26 16:00:00;2032;16;9,3;7,0;255,1;580,2;134,1
2005-03-26 17:00:00;2033;17;9,2;7,0;258,5;580,1;166,4
2005-03-26 18:00:00;2034;18;8,7;7,0;270,5;579,5;185,6
2005-03-26 19:00:00;2035;19;9,1;7,0;259,2;578,8;229,6
2005-03-26 20:00:00;2036;20;8,5;7,0;275,6;578,6;235,9
2005-03-26 21:00:00;2037;21;7,7;7,0;294,0;578,5;220,0
2005-03-26 22:00:00;2038;22;7,7;7,0;293,0;578,0;132,4
2005-03-26 23:00:00;2039;23;6,8;7,0;314,5;577,8;83,0
2005-03-27 00:00:00;2040;0;6,9;8,4;216,8;576,8;57,4
2005-03-27 01:00:00;2041;1;6,6;8,4;223,9;576,8;31,0
2005-03-27 02:00:00;2042;2;6,8;8,4;220,8;576,6;12,2
2005-03-27 03:00:00;2043;3;6,2;8,4;233,1;576,4;8,8
2005-03-27 04:00:00;2044;4;6,1;8,4;235,7;576,1;26,4
2005-03-27 05:00:00;2045;5;5,6;8,4;249,4;576,1;66,2
2005-03-27 06:00:00;2046;6;5,2;8,4;257,7;575,9;178,9
2005-03-27 07:00:00;2047;7;5,7;8,4;341,1;575,4;191,5
2005-03-27 08:00:00;2048;8;6,7;8,4;316,2;575,1;192,3
2005-03-27 09:00:00;2049;9;7,5;8,4;297,9;575,0;201,6
2005-03-27 10:00:00;2050;10;8,2;8,4;282,5;574,8;192,3
2005-03-27 11:00:00;2051;11;9,0;8,4;263,6;574,8;186,5
2005-03-27 12:00:00;2052;12;10,4;8,4;229,4;574,7;172,6
2005-03-27 13:00:00;2053;13;10,7;8,4;222,4;574,4;151,7
2005-03-27 14:00:00;2054;14;11,2;8,4;210,2;574,3;138,3
2005-03-27 15:00:00;2055;15;12,1;8,4;188,9;574,2;129,1
2005-03-27 16:00:00;2056;16;11,7;8,4;198,5;574,0;134,1
2005-03-27 17:00:00;2057;17;11,2;8,4;211,8;573,8;166,4
2005-03-27 18:00:00;2058;18;10,4;8,4;230,7;573,8;185,6
2005-03-27 19:00:00;2059;19;9,6;8,4;248,8;573,7;229,6
2005-03-27 20:00:00;2060;20;9,3;8,4;256,3;573,3;235,9
2005-03-27 21:00:00;2061;21;8,1;8,4;283,0;573,0;220,0
2005-03-27 22:00:00;2062;22;8,0;8,4;287,5;572,8;132,4
2005-03-27 23:00:00;2063;23;7,3;8,4;301,8;572,8;83,0
2005-03-28 00:00:00;2064;0;7,1;9,3;213,3;572,8;57,4
2005-03-28 01:00:00;2065;1;7,0;9,3;216,4;572,5;31,0
2005-03-28 02:00:00;2066;2;7,7;9,3;200,0;572,5;12,2
2005-03-28 03:00:00;2067;3;7,7;9,3;198,7;572,5;8,8
2005-03-28 04:00:00;2068;4;7,9;9,3;194,5;572,3;26,4
2005-03-28 05:00:00;2069;5;7,9;9,3;195,2;572,2;66,2
2005-03-28 06:00:00;2070;6;8,1;9,3;188,9;572,1;178,9
2005-03-28 07:00:00;2071;7;7,6;9,3;294,7;571,9;191,5
2005-03-28 08:00:00;2072;8;9,0;9,3;263,2;571,6;192,3
2005-03-28 09:00:00;2073;9;10,2;9,3;235,1;571,3;201,6
2005-03-28 10:00:00;2074;10;11,7;9,3;199,9;571,3;192,3
2005-03-28 11:00:00;2075;11;12,6;9,3;177,2;571,1;186,5
2005-03-28 12:00:00;2076;12;13,2;9,3;163,2;570,8;172,6
2005-03-28 13:00:00;2077;13;13,6;9,3;154,1;570,5;151,7
2005-03-28 14:00:00;2078;14;13,7;9,3;150,4;570,1;138,3
2005-03-28 15:00:00;2079;15;12,9;9,3;171,2;570,0;129,1
2005-03-28 16:00:00;2080;16;11,9;9,3;194,4;569,5;134,1
2005-03-28 17:00:00;2081;17;10,6;9,3;223,9;568,8;166,4
2005-03-28 18:00:00;2082;18;9,4;9,3;254,3;568,5;185,6
2005-03-28 19:00:00;2083;19;8,3;9,3;278,7;568,2;229,6
2005-03-28 20:00:00;2084;20;7,4;9,3;300,3;568,1;235,9
2005-03-28 21:00:00;2085;21;6,3;9,3;327,2;568,1;220,0
2005-03-28 22:00:00;2086;22;5,3;9,3;349,3;567,9;132,4
2005-03-28 23:00:00;2087;23;5,2;9,3;352,3;567,9;83,0
2005-03-29 00:00:00;2088;0;4,5;8,8;274,0;567,8;57,4
2005-03-29 01:00:00;2089;1;4,8;8,8;268,3;567,4;31,0
2005-03-29 02:00:00;2090;2;4,6;8,8;273,3;567,3;12,2
2005-03-29 03:00:00;2091;3;4,4;8,8;277,5;567,0;8,8
2005-03-29 04:00:00;2092;4;4,6;8,8;272,5;566,9;26,4
2005-03-29 05:00:00;2093;5;4,4;8,8;278,1;566,7;66,2
2005-03-29 06:00:00;2094;6;4,2;8,8;282,0;566,4;178,9
2005-03-29 07:00:00;2095;7;5,2;8,8;352,4;566,4;191,5
2005-03-29 08:00:00;2096;8;6,7;8,8;318,0;566,4;192,3
2005-03-29 09:00:00;2097;9;8,1;8,8;284,5;566,4;201,6
2005-03-29 10:00:00;2098;10;9,9;8,8;241,0;566,0;192,3
2005-03-29 11:00:00;2099;11;11,5;8,8;203,6;565,7;186,5
2005-03-29 12:00:00;2100;12;13,0;8,8;167,1;565,6;172,6
2005-03-29 13:00:00;2101;13;14,0;8,8;144,2;565,3;151,7
2005-03-29 14:00:00;2102;14;14,4;8,8;136,0;565,0;138,3
2005-03-29 15:00:00;2103;15;14,4;8,8;135,7;565,0;129,1
2005-03-29 16:00:00;2104;16;13,4;8,8;158,4;564,8;134,1
2005-03-29 17:00:00;2105;17;12,1;8,8;188,2;564,6;166,4
2005-03-29 18:00:00;2106;18;11,0;8,8;214,4;564,6;185,6
2005-03-29 19:00:00;2107;19;10,3;8,8;232,0;564,5;229,6
2005-03-29 20:00:00;2108;20;9,8;8,8;243,4;564,5;235,9
2005-03-29 21:00:00;2109;21;9,2;8,8;257,6;564,1;220,0
2005-03-29 22:00:00;2110;22;8,7;8,8;269,8;563,9;132,4
2005-03-29 23:00:00;2111;23;8,2;8,8;282,8;563,3;83,0
2005-03-30 00:00:00;2112;0;7,1;9,6;214,1;563,0;57,4
2005-03-30 01:00:00;2113;1;6,1;9,6;237,2;562,8;31,0
2005-03-30 02:00:00;2114;2;6,4;9,6;229,6;562,7;12,2
2005-03-30 03:00:00;2115;3;6,1;9,6;236,0;562,7;8,8
2005-03-30 04:00:00;2116;4;6,1;9,6;237,5;562,5;26,4
2005-03-30 05:00:00;2117;5;6,9;9,6;218,8;561,8;66,2
2005-03-30 06:00:00;2118;6;7,1;9,6;212,8;561,6;178,9
2005-03-30 07:00:00;2119;7;7,5;9,6;299,2;561,4;191,5
2005-03-30 08:00:00;2120;8;8,1;9,6;283,4;561,4;192,3
2005-03-30 09:00:00;2121;9;8,0;9,6;286,6;561,4;201,6
2005-03-30 10:00:00;2122;10;8,8;9,6;267,5;561,2;192,3
2005-03-30 11:00:00;2123;11;11,0;9,6;214,9;561,1;186,5
2005-03-30 12:00:00;2124;12;12,3;9,6;185,0;561,0;172,6
2005-03-30 13:00:00;2125;13;12,9;9,6;169,9;560,6;151,7
2005-03-30 14:00:00;2126;14;14,0;9,6;144,3;560,6;138,3
2005-03-30 15:00:00;2127;15;14,3;9,6;137,7;560,5;129,1
2005-03-30 16:00:00;2128;16;13,9;9,6;147,8;559,7;134,1
2005-03-30 17:00:00;2129;17;12,9;9,6;170,0;559,7;166,4
2005-03-30 18:00:00;2130;18;11,4;9,6;205,6;559,5;185,6
2005-03-30 19:00:00;2131;19;10,8;9,6;219,0;559,4;229,6
2005-03-30 20:00:00;2132;20;10,7;9,6;223,6;559,3;235,9
2005-03-30 21:00:00;2133;21;10,6;9,6;225,5;559,1;220,0
2005-03-30 22:00:00;2134;22;9,4;9,6;252,1;559,0;132,4
2005-03-30 23:00:00;2135;23;8,9;9,6;264,3;557,8;83,0
2005-03-31 00:00:00;2136;0;8,3;11,2;184,0;557,7;57,4
2005-03-31 01:00:00;2137;1;8,4;11,2;181,4;556,1;31,0
2005-03-31 02:00:00;2138;2;8,1;11,2;189,6;555,6;12,2
2005-03-31 03:00:00;2139;3;7,6;11,2;200,3;555,4;8,8
2005-03-31 04:00:00;2140;4;7,6;11,2;201,9;555,4;26,4
2005-03-31 05:00:00;2141;5;7,0;11,2;216,0;555,2;66,2
2005-03-31 06:00:00;2142;6;7,7;11,2;199,5;555,1;178,9
2005-03-31 07:00:00;2143;7;7,9;11,2;287,7;554,7;191,5
2005-03-31 08:00:00;2144;8;8,4;11,2;276,2;554,4;192,3
2005-03-31 09:00:00;2145;9;9,7;11,2;247,2;554,1;201,6
2005-03-31 10:00:00;2146;10;11,6;11,2;200,9;554,0;192,3
2005-03-31 11:00:00;2147;11;12,9;11,2;170,4;553,7;186,5
2005-03-31 12:00:00;2148;12;14,8;11,2;126,3;553,6;172,6
2005-03-31 13:00:00;2149;13;15,5;11,2;108,3;553,2;151,7
2005-03-31 14:00:00;2150;14;16,6;11,2;81,7;552,8;138,3
2005-03-31 15:00:00;2151;15;16,1;11,2;94,3;552,8;129,1
2005-03-31 16:00:00;2152;16;15,5;11,2;109,8;552,6;134,1
2005-03-31 17:00:00;2153;17;14,7;11,2;128,8;552,4;166,4
2005-03-31 18:00:00;2154;18;13,4;11,2;159,6;552,1;185,6
2005-03-31 19:00:00;2155;19;12,5;11,2;180,0;551,8;229,6
2005-03-31 20:00:00;2156;20;12,0;11,2;191,5;550,6;235,9
2005-03-31 21:00:00;2157;21;10,9;11,2;216,6;550,6;220,0
2005-03-31 22:00:00;2158;22;10,6;11,2;225,0;550,3;132,4
2005-03-31 23:00:00;2159;23;10,3;11,2;232,0;549,9;83,0
2005-04-01 00:00:00;2160;0;8,9;9,2;41,6;549,7;57,4
2005-04-01 01:00:00;2161;1;9,3;9,2;39,4;549,6;31,0
2005-04-01 02:00:00;2162;2;8,4;9,2;44,0;549,6;12,2
2005-04-01 03:00:00;2163;3;8,5;9,2;44,0;549,5;8,8
2005-04-01 04:00:00;2164;4;8,6;9,2;43,1;549,4;26,4
2005-04-01 05:00:00;2165;5;8,7;9,2;42,4;549,1;66,2
2005-04-01 06:00:00;2166;6;8,6;9,2;43,0;548,9;178,9
2005-04-01 07:00:00;2167;7;8,7;9,2;65,0;548,8;191,5
2005-04-01 08:00:00;2168;8;9,4;9,2;61,4;548,6;192,3
2005-04-01 09:00:00;2169;9;10,0;9,2;57,9;548,3;201,6
2005-04-01 10:00:00;2170;10;11,2;9,2;51,0;548,0;192,3
2005-04-01 11:00:00;2171;11;11,6;9,2;48,9;547,6;186,5
2005-04-01 12:00:00;2172;12;11,3;9,2;50,2;547,2;172,6
2005-04-01 13:00:00;2173;13;11,1;9,2;51,7;547,1;151,7
2005-04-01 14:00:00;2174;14;10,6;9,2;54,6;546,8;138,3
2005-04-01 15:00:00;2175;15;10,2;9,2;56,5;546,1;129,1
2005-04-01 16:00:00;2176;16;9,9;9,2;58,2;545,7;134,1
2005-04-01 17:00:00;2177;17;9,3;9,2;61,6;545,3;166,4
2005-04-01 18:00:00;2178;18;8,8;9,2;64,6;545,2;185,6
2005-04-01 19:00:00;2179;19;8,4;9,2;66,7;544,5;229,6
2005-04-01 20:00:00;2180;20;7,8;9,2;70,2;544,2;235,9
2005-04-01 21:00:00;2181;21;7,3;9,2;73,2;544,1;220,0
2005-04-01 22:00:00;2182;22;7,1;9,2;73,9;543,8;132,4
2005-04-01 23:00:00;2183;23;6,7;9,2;76,4;543,2;83,0
2005-04-02 00:00:00;2184;0;7,1;9,2;51,8;543,1;57,4
2005-04-02 01:00:00;2185;1;6,6;9,2;54,2;542,9;31,0
2005-04-02 02:00:00;2186;2;6,5;9,2;55,3;542,9;12,2
2005-04-02 03:00:00;2187;3;6,6;9,2;54,2;542,9;8,8
2005-04-02 04:00:00;2188;4;5,9;9,2;58,2;542,7;26,4
2005-04-02 05:00:00;2189;5;6,4;9,2;55,6;542,7;66,2
2005-04-02 06:00:00;2190;6;6,6;9,2;54,6;542,4;178,9
2005-04-02 07:00:00;2191;7;7,2;9,2;73,8;542,3;191,5
2005-04-02 08:00:00;2192;8;8,0;9,2;69,3;541,7;192,3
2005-04-02 09:00:00;2193;9;9,1;9,2;62,9;541,7;201,6
2005-04-02 10:00:00;2194;10;9,9;9,2;58,5;541,5;192,3
2005-04-02 11:00:00;2195;11;10,8;9,2;53,1;541,3;186,5
2005-04-02 12:00:00;2196;12;11,2;9,2;51,3;540,6;172,6
2005-04-02 13:00:00;2197;13;11,4;9,2;50,2;540,4;151,7
2005-04-02 14:00:00;2198;14;11,7;9,2;48,1;540,2;138,3
2005-04-02 15:00:00;2199;15;12,2;9,2;45,3;539,7;129,1
2005-04-02 16:00:00;2200;16;12,2;9,2;45,4;539,7;134,1
2005-04-02 17:00:00;2201;17;11,8;9,2;47,5;538,7;166,4
2005-04-02 18:00:00;2202;18;10,9;9,2;52,7;538,5;185,6
2005-04-02 19:00:00;2203;19;10,0;9,2;57,8;538,3;229,6
2005-04-02 20:00:00;2204;20;9,3;9,2;61,9;538,3;235,9
2005-04-02 21:00:00;2205;21;9,5;9,2;60,5;538,2;220,0
2005-04-02 22:00:00;2206;22;9,8;9,2;58,9;538,1;132,4
2005-04-02 23:00:00;2207;23;9,4;9,2;61,2;537,8;83,0
2005-04-03 00:00:00;2208;0;9,3;14,4;39,1;537,6;57,4
2005-04-03 01:00:00;2209;1;8,9;14,4;41,6;537,5;31,0
2005-04-03 02:00:00;2210;2;9,2;14,4;39,9;537,2;12,2
2005-04-03 03:00:00;2211;3;9,3;14,4;39,0;536,9;8,8
2005-04-03 04:00:00;2212;4;10,0;14,4;35,0;536,8;26,4
2005-04-03 05:00:00;2213;5;10,5;14,4;32,5;536,6;66,2
2005-04-03 06:00:00;2214;6;10,6;14,4;31,9;536,3;178,9
2005-04-03 07:00:00;2215;7;11,6;14,4;48,8;536,3;191,5
2005-04-03 08:00:00;2216;8;13,0;14,4;41,0;536,2;192,3
2005-04-03 09:00:00;2217;9;13,7;14,4;36,8;536,1;201,6
2005-04-03 10:00:00;2218;10;14,9;14,4;29,9;535,8;192,3
2005-04-03 11:00:00;2219;11;16,0;14,4;24,0;535,6;186,5
2005-04-03 12:00:00;2220;12;16,6;14,4;20,5;535,4;172,6
2005-04-03 13:00:00;2221;13;17,6;14,4;15,0;535,2;151,7
2005-04-03 14:00:00;2222;14;18,3;14,4;11,1;535,0;138,3
2005-04-03 15:00:00;2223;15;18,9;14,4;7,8;534,8;129,1
2005-04-03 16:00:00;2224;16;19,1;14,4;6,5;534,5;134,1
2005-04-03 17:00:00;2225;17;18,2;14,4;11,4;534,2;166,4
2005-04-03 18:00:00;2226;18;17,8;14,4;13,6;534,0;185,6
2005-04-03 19:00:00;2227;19;16,9;14,4;18,7;533,6;229,6
2005-04-03 20:00:00;2228;20;16,4;14,4;22,0;533,6;235,9
2005-04-03 21:00:00;2229;21;16,4;14,4;21,8;533,5;220,0
2005-04-03 22:00:00;2230;22;15,9;14,4;24,7;533,3;132,4
2005-04-03 23:00:00;2231;23;15,6;14,4;26,2;533,3;83,0
2005-04-04 00:00:00;2232;0;16,0;16,6;1,5;533,1;57,4
2005-04-04 01:00:00;2233;1;15,6;16,6;2,1;532,7;31,0
2005-04-04 02:00:00;2234;2;14,8;16,6;3,3;532,4;12,2
2005-04-04 03:00:00;2235;3;14,6;16,6;3,5;532,2;8,8
2005-04-04 04:00:00;2236;4;14,0;16,6;4,4;531,9;26,4
2005-04-04 05:00:00;2237;5;14,4;16,6;3,9;531,9;66,2
2005-04-04 06:00:00;2238;6;15,1;16,6;2,9;531,9;178,9
2005-04-04 07:00:00;2239;7;15,7;16,6;7,9;531,0;191,5
2005-04-04 08:00:00;2240;8;16,7;16,6;6,3;530,9;192,3
2005-04-04 09:00:00;2241;9;17,2;16,6;5,7;530,5;201,6
2005-04-04 10:00:00;2242;10;17,9;16,6;4,6;530,3;192,3
2005-04-04 11:00:00;2243;11;18,7;16,6;3,5;530,1;186,5
2005-04-04 12:00:00;2244;12;19,5;16,6;2,2;529,5;172,6
2005-04-04 13:00:00;2245;13;19,7;16,6;1,9;529,5;151,7
2005-04-04 14:00:00;2246;14;20,2;16,6;1,2;528,8;138,3
2005-04-04 15:00:00;2247;15;19,6;16,6;2,0;528,2;129,1
2005-04-04 16:00:00;2248;16;19,0;16,6;2,9;527,6;134,1
2005-04-04 17:00:00;2249;17;18,0;16,6;4,5;527,3;166,4
2005-04-04 18:00:00;2250;18;17,3;16,6;5,4;526,9;185,6
2005-04-04 19:00:00;2251;19;16,5;16,6;6,8;526,9;229,6
2005-04-04 20:00:00;2252;20;15,3;16,6;8,5;526,4;235,9
2005-04-04 21:00:00;2253;21;14,7;16,6;9,4;526,3;220,0
2005-04-04 22:00:00;2254;22;13,9;16,6;10,6;526,3;132,4
2005-04-04 23:00:00;2255;23;13,7;16,6;10,9;525,8;83,0
2005-04-05 00:00:00;2256;0;13,6;15,7;15,2;525,8;57,4
2005-04-05 01:00:00;2257;1;13,1;15,7;18,1;525,0;31,0
2005-04-05 02:00:00;2258;2;12,8;15,7;19,4;525,0;12,2
2005-04-05 03:00:00;2259;3;12,2;15,7;23,2;524,5;8,8
2005-04-05 04:00:00;2260;4;12,4;15,7;21,8;524,4;26,4
2005-04-05 05:00:00;2261;5;12,5;15,7;21,2;524,4;66,2
2005-04-05 06:00:00;2262;6;13,2;15,7;17,4;524,4;178,9
2005-04-05 07:00:00;2263;7;13,5;15,7;37,9;524,2;191,5
2005-04-05 08:00:00;2264;8;14,2;15,7;33,9;523,9;192,3
2005-04-05 09:00:00;2265;9;15,0;15,7;29,5;523,7;201,6
2005-04-05 10:00:00;2266;10;16,1;15,7;23,5;523,5;192,3
2005-04-05 11:00:00;2267;11;17,7;15,7;14,5;523,1;186,5
2005-04-05 12:00:00;2268;12;18,5;15,7;9,7;523,0;172,6
2005-04-05 13:00:00;2269;13;19,3;15,7;5,7;522,8;151,7
2005-04-05 14:00:00;2270;14;19,6;15,7;3,7;522,8;138,3
2005-04-05 15:00:00;2271;15;19,7;15,7;3,4;522,8;129,1
2005-04-05 16:00:00;2272;16;19,6;15,7;3,8;522,5;134,1
2005-04-05 17:00:00;2273;17;19,0;15,7;7,3;522,5;166,4
2005-04-05 18:00:00;2274;18;18,2;15,7;11,5;522,3;185,6
2005-04-05 19:00:00;2275;19;17,2;15,7;17,4;522,3;229,6
2005-04-05 20:00:00;2276;20;16,4;15,7;21,9;522,1;235,9
2005-04-05 21:00:00;2277;21;15,7;15,7;25,7;522,0;220,0
2005-04-05 22:00:00;2278;22;14,7;15,7;31,5;522,0;132,4
2005-04-05 23:00:00;2279;23;13,7;15,7;36,9;521,9;83,0
2005-04-06 00:00:00;2280;0;13,4;15,4;16,0;521,6;57,4
2005-04-06 01:00:00;2281;1;13,1;15,4;17,6;521,2;31,0
2005-04-06 02:00:00;2282;2;13,0;15,4;18,2;520,8;12,2
2005-04-06 03:00:00;2283;3;12,5;15,4;21,0;520,7;8,8
2005-04-06 04:00:00;2284;4;11,9;15,4;24,5;520,6;26,4
2005-04-06 05:00:00;2285;5;11,3;15,4;27,7;520,4;66,2
2005-04-06 06:00:00;2286;6;11,6;15,4;26,5;520,4;178,9
2005-04-06 07:00:00;2287;7;12,5;15,4;43,6;520,1;191,5
2005-04-06 08:00:00;2288;8;13,3;15,4;39,0;520,0;192,3
2005-04-06 09:00:00;2289;9;15,1;15,4;29,2;519,4;201,6
2005-04-06 10:00:00;2290;10;16,8;15,4;19,5;519,2;192,3
2005-04-06 11:00:00;2291;11;18,1;15,4;12,0;518,5;186,5
2005-04-06 12:00:00;2292;12;19,5;15,4;4,2;518,5;172,6
2005-04-06 13:00:00;2293;13;20,0;15,4;1,4;517,8;151,7
2005-04-06 14:00:00;2294;14;20,2;15,4;1,2;517,6;138,3
2005-04-06 15:00:00;2295;15;20,3;15,4;1,1;517,2;129,1
2005-04-06 16:00:00;2296;16;19,6;15,4;3,7;516,9;134,1
2005-04-06 17:00:00;2297;17;18,6;15,4;9,5;516,8;166,4
2005-04-06 18:00:00;2298;18;17,3;15,4;16,6;516,6;185,6
2005-04-06 19:00:00;2299;19;16,4;15,4;21,9;516,3;229,6
2005-04-06 20:00:00;2300;20;15,8;15,4;25,0;516,2;235,9
2005-04-06 21:00:00;2301;21;14,1;15,4;34,6;515,7;220,0
2005-04-06 22:00:00;2302;22;13,2;15,4;39,6;515,6;132,4
2005-04-06 23:00:00;2303;23;12,5;15,4;43,6;515,5;83,0
2005-04-07 00:00:00;2304;0;11,9;10,6;24,6;515,2;57,4
2005-04-07 01:00:00;2305;1;10,8;10,6;31,0;515,0;31,0
2005-04-07 02:00:00;2306;2;10,4;10,6;32,8;514,8;12,2
2005-04-07 03:00:00;2307;3;9,9;10,6;36,0;514,4;8,8
2005-04-07 04:00:00;2308;4;9,2;10,6;39,7;513,6;26,4
2005-04-07 05:00:00;2309;5;9,1;10,6;40,5;513,4;66,2
2005-04-07 06:00:00;2310;6;8,5;10,6;44,0;513,4;178,9
2005-04-07 07:00:00;2311;7;9,0;10,6;63,4;513,2;191,5
2005-04-07 08:00:00;2312;8;9,4;10,6;60,9;513,2;192,3
2005-04-07 09:00:00;2313;9;10,5;10,6;55,0;513,0;201,6
2005-04-07 10:00:00;2314;10;11,5;10,6;49,5;512,7;192,3
2005-04-07 11:00:00;2315;11;12,1;10,6;46,0;512,3;186,5
2005-04-07 12:00:00;2316;12;12,7;10,6;42,8;512,2;172,6
2005-04-07 13:00:00;2317;13;13,2;10,6;39,8;512,1;151,7
2005-04-07 14:00:00;2318;14;13,8;10,6;36,6;512,1;138,3
2005-04-07 15:00:00;2319;15;13,9;10,6;35,7;512,0;129,1
2005-04-07 16:00:00;2320;16;13,1;10,6;40,6;511,9;134,1
2005-04-07 17:00:00;2321;17;12,4;10,6;44,1;511,8;166,4
2005-04-07 18:00:00;2322;18;11,0;10,6;52,4;511,5;185,6
2005-04-07 19:00:00;2323;19;10,0;10,6;57,7;511,4;229,6
2005-04-07 20:00:00;2324;20;9,0;10,6;63,6;511,0;235,9
2005-04-07 21:00:00;2325;21;8,4;10,6;66,6;510,8;220,0
2005-04-07 22:00:00;2326;22;7,9;10,6;69,7;510,2;132,4
2005-04-07 23:00:00;2327;23;7,7;10,6;70,9;510,2;83,0
2005-04-08 00:00:00;2328;0;6,9;10,8;52,5;509,2;57,4
2005-04-08 01:00:00;2329;1;7,0;10,8;52,2;508,8;31,0
2005-04-08 02:00:00;2330;2;6,1;10,8;57,3;508,6;12,2
2005-04-08 03:00:00;2331;3;5,4;10,8;61,4;508,4;8,8
2005-04-08 04:00:00;2332;4;5,8;10,8;59,1;508,2;26,4
2005-04-08 05:00:00;2333;5;6,1;10,8;57,1;508,2;66,2
2005-04-08 06:00:00;2334;6;6,7;10,8;54,1;507,8;178,9
2005-04-08 07:00:00;2335;7;7,6;10,8;71,1;507,6;191,5
2005-04-08 08:00:00;2336;8;8,5;10,8;66,1;507,6;192,3
2005-04-08 09:00:00;2337;9;10,5;10,8;54,9;507,1;201,6
2005-04-08 10:00:00;2338;10;11,7;10,8;48,3;507,1;192,3
2005-04-08 11:00:00;2339;11;12,6;10,8;43,2;507,0;186,5
2005-04-08 12:00:00;2340;12;13,6;10,8;37,7;506,2;172,6
2005-04-08 13:00:00;2341;13;14,1;10,8;34,7;506,1;151,7
2005-04-08 14:00:00;2342;14;14,8;10,8;31,0;506,0;138,3
2005-04-08 15:00:00;2343;15;15,0;10,8;29,6;506,0;129,1
2005-04-08 16:00:00;2344;16;15,0;10,8;29,4;505,6;134,1
2005-04-08 17:00:00;2345;17;14,2;10,8;33,9;505,1;166,4
2005-04-08 18:00:00;2346;18;13,3;10,8;39,2;504,8;185,6
2005-04-08 19:00:00;2347;19;12,5;10,8;43,9;504,6;229,6
2005-04-08 20:00:00;2348;20;12,4;10,8;44,1;504,5;235,9
2005-04-08 21:00:00;2349;21;12,8;10,8;42,2;504,5;220,0
2005-04-08 22:00:00;2350;22;12,9;10,8;41,7;504,4;132,4
2005-04-08 23:00:00;2351;23;12,7;10,8;42,8;503,9;83,0
2005-04-09 00:00:00;2352;0;12,9;14,6;18,7;503,7;57,4
2005-04-09 01:00:00;2353;1;12,6;14,6;20,4;503,5;31,0
2005-04-09 02:00:00;2354;2;11,9;14,6;24,8;503,3;12,2
2005-04-09 03:00:00;2355;3;11,6;14,6;26,1;502,8;8,8
2005-04-09 04:00:00;2356;4;11,2;14,6;28,3;502,2;26,4
2005-04-09 05:00:00;2357;5;11,4;14,6;27,3;500,8;66,2
2005-04-09 06:00:00;2358;6;11,2;14,6;28,2;500,2;178,9
2005-04-09 07:00:00;2359;7;11,8;14,6;47,9;500,0;191,5
2005-04-09 08:00:00;2360;8;12,8;14,6;42,1;499,7;192,3
2005-04-09 09:00:00;2361;9;14,8;14,6;30,9;499,6;201,6
2005-04-09 10:00:00;2362;10;16,4;14,6;21,5;499,6;192,3
2005-04-09 11:00:00;2363;11;17,5;14,6;15,8;499,5;186,5
2005-04-09 12:00:00;2364;12;17,8;14,6;13,7;499,4;172,6
2005-04-09 13:00:00;2365;13;18,6;14,6;9,6;499,1;151,7
2005-04-09 14:00:00;2366;14;19,1;14,6;6,6;497,9;138,3
2005-04-09 15:00:00;2367;15;19,7;14,6;3,3;497,9;129,1
2005-04-09 16:00:00;2368;16;19,3;14,6;5,2;497,8;134,1
2005-04-09 17:00:00;2369;17;18,4;14,6;10,5;497,6;166,4
2005-04-09 18:00:00;2370;18;17,0;14,6;18,2;497,6;185,6
2005-04-09 19:00:00;2371;19;15,3;14,6;27,8;496,8;229,6
2005-04-09 20:00:00;2372;20;13,3;14,6;39,2;496,3;235,9
2005-04-09 21:00:00;2373;21;12,6;14,6;43,0;496,1;220,0
2005-04-09 22:00:00;2374;22;11,8;14,6;47,7;495,7;132,4
2005-04-09 23:00:00;2375;23;10,9;14,6;52,9;495,7;83,0
2005-04-10 00:00:00;2376;0;10,5;14,4;32,4;495,2;57,4
2005-04-10 01:00:00;2377;1;9,3;14,4;39,0;495,0;31,0
2005-04-10 02:00:00;2378;2;9,7;14,4;36,9;494,9;12,2
2005-04-10 03:00:00;2379;3;9,4;14,4;38,8;494,3;8,8
2005-04-10 04:00:00;2380;4;10,1;14,4;34,6;494,2;26,4
2005-04-10 05:00:00;2381;5;10,2;14,4;34,0;494,0;66,2
2005-04-10 06:00:00;2382;6;10,7;14,4;31,3;493,8;178,9
2005-04-10 07:00:00;2383;7;11,4;14,4;49,7;493,5;191,5
2005-04-10 08:00:00;2384;8;13,2;14,4;39,9;493,5;192,3
2005-04-10 09:00:00;2385;9;14,5;14,4;32,2;493,4;201,6
2005-04-10 10:00:00;2386;10;16,3;14,4;22,6;493,4;192,3
2005-04-10 11:00:00;2387;11;17,1;14,4;17,8;493,4;186,5
2005-04-10 12:00:00;2388;12;17,6;14,4;15,1;493,1;172,6
2005-04-10 13:00:00;2389;13;17,9;14,4;13,5;492,9;151,7
2005-04-10 14:00:00;2390;14;19,0;14,4;7,2;492,4;138,3
2005-04-10 15:00:00;2391;15;19,5;14,4;4,3;492,2;129,1
2005-04-10 16:00:00;2392;16;19,6;14,4;3,9;492,1;134,1
2005-04-10 17:00:00;2393;17;19,1;14,4;6,8;490,9;166,4
2005-04-10 18:00:00;2394;18;17,7;14,4;14,5;490,9;185,6
2005-04-10 19:00:00;2395;19;16,1;14,4;23,3;490,9;229,6
2005-04-10 20:00:00;2396;20;15,4;14,4;27,1;490,6;235,9
2005-04-10 21:00:00;2397;21;14,1;14,4;34,8;490,5;220,0
2005-04-10 22:00:00;2398;22;13,4;14,4;38,4;490,2;132,4
2005-04-10 23:00:00;2399;23;12,9;14,4;41,5;490,2;83,0
2005-04-11 00:00:00;2400;0;12,4;13,4;22,0;489,8;57,4
2005-04-11 01:00:00;2401;1;12,2;13,4;23,0;489,7;31,0
2005-04-11 02:00:00;2402;2;12,3;13,4;22,4;488,8;12,2
2005-04-11 03:00:00;2403;3;12,1;13,4;23,2;488,8;8,8
2005-04-11 04:00:00;2404;4;11,2;13,4;28,8;488,6;26,4
2005-04-11 05:00:00;2405;5;11,1;13,4;29,1;488,4;66,2
2005-04-11 06:00:00;2406;6;10,9;13,4;30,4;487,6;178,9
2005-04-11 07:00:00;2407;7;11,3;13,4;50,5;487,1;191,5
2005-04-11 08:00:00;2408;8;12,2;13,4;45,7;487,1;192,3
2005-04-11 09:00:00;2409;9;13,1;13,4;40,4;486,9;201,6
2005-04-11 10:00:00;2410;10;14,2;13,4;34,1;486,7;192,3
2005-04-11 11:00:00;2411;11;14,9;13,4;30,4;486,6;186,5
2005-04-11 12:00:00;2412;12;15,7;13,4;25,7;486,0;172,6
2005-04-11 13:00:00;2413;13;16,5;13,4;21,1;485,6;151,7
2005-04-11 14:00:00;2414;14;17,0;13,4;18,5;485,4;138,3
2005-04-11 15:00:00;2415;15;17,2;13,4;17,4;485,0;129,1
2005-04-11 16:00:00;2416;16;16,5;13,4;21,0;485,0;134,1
2005-04-11 17:00:00;2417;17;15,6;13,4;26,2;484,9;166,4
2005-04-11 18:00:00;2418;18;14,9;13,4;30,2;484,8;185,6
2005-04-11 19:00:00;2419;19;13,9;13,4;35,7;484,6;229,6
2005-04-11 20:00:00;2420;20;12,9;13,4;41,3;484,2;235,9
2005-04-11 21:00:00;2421;21;11,5;13,4;49,4;484,2;220,0
2005-04-11 22:00:00;2422;22;11,0;13,4;52,3;484,0;132,4
2005-04-11 23:00:00;2423;23;10,1;13,4;57,0;483,7;83,0
2005-04-12 00:00:00;2424;0;9,5;14,7;38,1;483,2;57,4
2005-04-12 01:00:00;2425;1;9,1;14,7;40,5;483,0;31,0
2005-04-12 02:00:00;2426;2;9,0;14,7;40,7;482,9;12,2
2005-04-12 03:00:00;2427;3;9,2;14,7;39,8;482,9;8,8
2005-04-12 04:00:00;2428;4;9,1;14,7;40,5;482,6;26,4
2005-04-12 05:00:00;2429;5;9,1;14,7;40,2;482,5;66,2
2005-04-12 06:00:00;2430;6;9,6;14,7;37,7;482,0;178,9
2005-04-12 07:00:00;2431;7;10,8;14,7;53,3;481,6;191,5
2005-04-12 08:00:00;2432;8;12,4;14,7;44,1;481,3;192,3
2005-04-12 09:00:00;2433;9;14,4;14,7;33,0;480,9;201,6
2005-04-12 10:00:00;2434;10;16,0;14,7;24,2;480,8;192,3
2005-04-12 11:00:00;2435;11;17,3;14,7;16,7;480,6;186,5
2005-04-12 12:00:00;2436;12;18,4;14,7;10,7;480,5;172,6
2005-04-12 13:00:00;2437;13;19,4;14,7;4,8;480,4;151,7
2005-04-12 14:00:00;2438;14;19,6;14,7;3,5;480,1;138,3
2005-04-12 15:00:00;2439;15;19,8;14,7;2,8;480,1;129,1
2005-04-12 16:00:00;2440;16;19,5;14,7;4,2;479,7;134,1
2005-04-12 17:00:00;2441;17;19,2;14,7;6,2;479,5;166,4
2005-04-12 18:00:00;2442;18;19,1;14,7;6,8;479,4;185,6
2005-04-12 19:00:00;2443;19;17,9;14,7;13,5;479,2;229,6
2005-04-12 20:00:00;2444;20;16,9;14,7;18,8;478,7;235,9
2005-04-12 21:00:00;2445;21;16,6;14,7;20,7;478,2;220,0
2005-04-12 22:00:00;2446;22;15,6;14,7;26,2;478,1;132,4
2005-04-12 23:00:00;2447;23;14,6;14,7;31,9;478,0;83,0
2005-04-13 00:00:00;2448;0;14,4;15,7;10,5;478,0;57,4
2005-04-13 01:00:00;2449;1;14,2;15,7;11,4;477,9;31,0
2005-04-13 02:00:00;2450;2;14,8;15,7;8,5;477,6;12,2
2005-04-13 03:00:00;2451;3;14,3;15,7;10,8;477,6;8,8
2005-04-13 04:00:00;2452;4;14,4;15,7;10,5;476,9;26,4
2005-04-13 05:00:00;2453;5;13,9;15,7;13,1;476,9;66,2
2005-04-13 06:00:00;2454;6;13,2;15,7;17,3;476,8;178,9
2005-04-13 07:00:00;2455;7;13,6;15,7;37,5;476,2;191,5
2005-04-13 08:00:00;2456;8;14,6;15,7;31,7;476,2;192,3
2005-04-13 09:00:00;2457;9;15,8;15,7;24,9;476,1;201,6
2005-04-13 10:00:00;2458;10;17,4;15,7;16,2;476,1;192,3
2005-04-13 11:00:00;2459;11;18,9;15,7;7,7;475,6;186,5
2005-04-13 12:00:00;2460;12;18,7;15,7;8,7;475,5;172,6
2005-04-13 13:00:00;2461;13;19,3;15,7;5,6;475,3;151,7
2005-04-13 14:00:00;2462;14;19,1;15,7;6,3;474,9;138,3
2005-04-13 15:00:00;2463;15;19,1;15,7;6,7;474,7;129,1
2005-04-13 16:00:00;2464;16;18,3;15,7;11,1;474,4;134,1
2005-04-13 17:00:00;2465;17;18,2;15,7;11,7;474,4;166,4
2005-04-13 18:00:00;2466;18;16,4;15,7;21,6;474,1;185,6
2005-04-13 19:00:00;2467;19;15,4;15,7;27,6;473,8;229,6
2005-04-13 20:00:00;2468;20;14,4;15,7;33,3;473,7;235,9
2005-04-13 21:00:00;2469;21;13,9;15,7;35,9;473,6;220,0
2005-04-13 22:00:00;2470;22;13,1;15,7;40,4;473,4;132,4
2005-04-13 23:00:00;2471;23;12,1;15,7;45,7;473,3;83,0
2005-04-14 00:00:00;2472;0;11,4;12,1;27,7;473,2;57,4
2005-04-14 01:00:00;2473;1;10,2;12,1;33,9;473,2;31,0
2005-04-14 02:00:00;2474;2;10,2;12,1;34,3;473,1;12,2
2005-04-14 03:00:00;2475;3;10,3;12,1;33,6;473,1;8,8
2005-04-14 04:00:00;2476;4;9,9;12,1;35,7;473,0;26,4
2005-04-14 05:00:00;2477;5;9,5;12,1;38,1;473,0;66,2
2005-04-14 06:00:00;2478;6;9,1;12,1;40,4;472,9;178,9
2005-04-14 07:00:00;2479;7;9,4;12,1;61,1;472,7;191,5
2005-04-14 08:00:00;2480;8;10,4;12,1;55,4;472,7;192,3
2005-04-14 09:00:00;2481;9;11,8;12,1;47,5;472,2;201,6
2005-04-14 10:00:00;2482;10;13,7;12,1;36,8;472,2;192,3
2005-04-14 11:00:00;2483;11;15,2;12,1;28,6;471,1;186,5
2005-04-14 12:00:00;2484;12;16,1;12,1;23,4;470,9;172,6
2005-04-14 13:00:00;2485;13;16,6;12,1;20,8;470,9;151,7
2005-04-14 14:00:00;2486;14;17,0;12,1;18,3;470,9;138,3
2005-04-14 15:00:00;2487;15;17,2;12,1;17,3;470,8;129,1
2005-04-14 16:00:00;2488;16;16,5;12,1;21,4;469,9;134,1
2005-04-14 17:00:00;2489;17;14,7;12,1;31,6;469,7;166,4
2005-04-14 18:00:00;2490;18;13,3;12,1;39,0;469,7;185,6
2005-04-14 19:00:00;2491;19;12,5;12,1;43,8;469,6;229,6
2005-04-14 20:00:00;2492;20;10,6;12,1;54,4;469,3;235,9
2005-04-14 21:00:00;2493;21;9,4;12,1;61,1;469,3;220,0
2005-04-14 22:00:00;2494;22;8,4;12,1;66,7;469,2;132,4
2005-04-14 23:00:00;2495;23;7,5;12,1;71,9;469,2;83,0
2005-04-15 00:00:00;2496;0;6,9;6,8;52,8;469,2;57,4
2005-04-15 01:00:00;2497;1;5,9;6,8;58,1;468,9;31,0
2005-04-15 02:00:00;2498;2;4,6;6,8;65,8;468,8;12,2
2005-04-15 03:00:00;2499;3;3,8;6,8;70,3;468,7;8,8
2005-04-15 04:00:00;2500;4;3,1;6,8;74,0;468,4;26,4
2005-04-15 05:00:00;2501;5;3,3;6,8;73,1;468,1;66,2
2005-04-15 06:00:00;2502;6;3,2;6,8;73,4;468,0;178,9
2005-04-15 07:00:00;2503;7;3,9;6,8;91,9;467,8;191,5
2005-04-15 08:00:00;2504;8;5,0;6,8;85,9;467,3;192,3
2005-04-15 09:00:00;2505;9;6,4;6,8;78,2;467,2;201,6
2005-04-15 10:00:00;2506;10;8,2;6,8;68,1;466,8;192,3
2005-04-15 11:00:00;2507;11;9,2;6,8;62,3;466,5;186,5
2005-04-15 12:00:00;2508;12;10,2;6,8;56,8;466,3;172,6
2005-04-15 13:00:00;2509;13;10,9;6,8;52,9;466,1;151,7
2005-04-15 14:00:00;2510;14;11,2;6,8;51,1;466,0;138,3
2005-04-15 15:00:00;2511;15;11,4;6,8;50,1;466,0;129,1
2005-04-15 16:00:00;2512;16;11,2;6,8;51,3;465,7;134,1
2005-04-15 17:00:00;2513;17;9,9;6,8;58,4;465,5;166,4
2005-04-15 18:00:00;2514;18;8,4;6,8;66,8;465,5;185,6
2005-04-15 19:00:00;2515;19;7,2;6,8;73,5;465,5;229,6
2005-04-15 20:00:00;2516;20;6,2;6,8;79,5;465,4;235,9
2005-04-15 21:00:00;2517;21;5,1;6,8;85,6;465,0;220,0
2005-04-15 22:00:00;2518;22;4,1;6,8;90,8;465,0;132,4
2005-04-15 23:00:00;2519;23;3,5;6,8;94,2;464,7;83,0
2005-04-16 00:00:00;2520;0;2,5;3,7;77,3;463,5;57,4
2005-04-16 01:00:00;2521;1;2,2;3,7;79,4;463,1;31,0
2005-04-16 02:00:00;2522;2;1,7;3,7;81,9;463,0;12,2
2005-04-16 03:00:00;2523;3;1,0;3,7;85,7;462,8;8,8
2005-04-16 04:00:00;2524;4;0,1;3,7;90,8;462,7;26,4
2005-04-16 05:00:00;2525;5;-0,3;3,7;93,4;462,7;66,2
2005-04-16 06:00:00;2526;6;0,0;3,7;91,5;462,3;178,9
2005-04-16 07:00:00;2527;7;0,8;3,7;109,6;462,3;191,5
2005-04-16 08:00:00;2528;8;1,9;3,7;103,3;461,9;192,3
2005-04-16 09:00:00;2529;9;3,9;3,7;92,1;461,8;201,6
2005-04-16 10:00:00;2530;10;5,5;3,7;83,2;461,8;192,3
2005-04-16 11:00:00;2531;11;6,6;3,7;76,8;461,7;186,5
2005-04-16 12:00:00;2532;12;7,7;3,7;70,5;461,4;172,6
2005-04-16 13:00:00;2533;13;7,8;3,7;70,1;461,1;151,7
2005-04-16 14:00:00;2534;14;8,1;3,7;68,7;461,0;138,3
2005-04-16 15:00:00;2535;15;8,2;3,7;68,0;460,6;129,1
2005-04-16 16:00:00;2536;16;7,8;3,7;70,2;460,2;134,1
2005-04-16 17:00:00;2537;17;6,9;3,7;75,0;460,1;166,4
2005-04-16 18:00:00;2538;18;5,8;3,7;81,2;460,0;185,6
2005-04-16 19:00:00;2539;19;3,8;3,7;92,8;459,5;229,6
2005-04-16 20:00:00;2540;20;2,9;3,7;97,7;459,4;235,9
2005-04-16 21:00:00;2541;21;1,9;3,7;103,3;459,4;220,0
2005-04-16 22:00:00;2542;22;0,9;3,7;109,0;459,2;132,4
2005-04-16 23:00:00;2543;23;0,8;3,7;109,4;459,0;83,0
2005-04-17 00:00:00;2544;0;0,3;3,4;89,9;458,8;57,4
2005-04-17 01:00:00;2545;1;-0,4;3,4;93,8;458,6;31,0
2005-04-17 02:00:00;2546;2;-0,5;3,4;94,3;458,4;12,2
2005-04-17 03:00:00;2547;3;-1,0;3,4;97,3;458,4;8,8
2005-04-17 04:00:00;2548;4;-1,0;3,4;97,3;457,8;26,4
2005-04-17 05:00:00;2549;5;-1,4;3,4;99,3;457,5;66,2
2005-04-17 06:00:00;2550;6;-0,8;3,4;95,9;457,3;178,9
2005-04-17 07:00:00;2551;7;0,0;3,4;114,0;456,6;191,5
2005-04-17 08:00:00;2552;8;0,8;3,4;109,5;456,6;192,3
2005-04-17 09:00:00;2553;9;3,1;3,4;96,9;456,4;201,6
2005-04-17 10:00:00;2554;10;4,5;3,4;88,5;455,8;192,3
2005-04-17 11:00:00;2555;11;6,2;3,4;79,4;455,7;186,5
2005-04-17 12:00:00;2556;12;7,8;3,4;69,9;455,5;172,6
2005-04-17 13:00:00;2557;13;8,9;3,4;64,0;454,6;151,7
2005-04-17 14:00:00;2558;14;9,8;3,4;58,9;454,5;138,3
2005-04-17 15:00:00;2559;15;9,7;3,4;59,2;454,5;129,1
2005-04-17 16:00:00;2560;16;8,8;3,4;64,6;454,5;134,1
2005-04-17 17:00:00;2561;17;7,7;3,4;71,0;454,3;166,4
2005-04-17 18:00:00;2562;18;6,2;3,4;79,0;454,3;185,6
2005-04-17 19:00:00;2563;19;5,0;3,4;86,1;454,2;229,6
2005-04-17 20:00:00;2564;20;3,9;3,4;92,1;454,0;235,9
2005-04-17 21:00:00;2565;21;2,9;3,4;97,9;453,8;220,0
2005-04-17 22:00:00;2566;22;1,4;3,4;106,3;453,5;132,4
2005-04-17 23:00:00;2567;23;0,5;3,4;111,5;453,2;83,0
2005-04-18 00:00:00;2568;0;-0,3;6,3;93,4;452,9;57,4
2005-04-18 01:00:00;2569;1;-0,6;6,3;94,7;452,9;31,0
2005-04-18 02:00:00;2570;2;-0,7;6,3;95,5;452,8;12,2
2005-04-18 03:00:00;2571;3;-0,3;6,3;93,5;452,8;8,8
2005-04-18 04:00:00;2572;4;0,4;6,3;89,1;452,0;26,4
2005-04-18 05:00:00;2573;5;0,6;6,3;88,4;452,0;66,2
2005-04-18 06:00:00;2574;6;0,9;6,3;86,6;451,4;178,9
2005-04-18 07:00:00;2575;7;1,8;6,3;104,2;451,2;191,5
2005-04-18 08:00:00;2576;8;2,5;6,3;100,2;451,2;192,3
2005-04-18 09:00:00;2577;9;4,1;6,3;90,9;451,1;201,6
2005-04-18 10:00:00;2578;10;6,5;6,3;77,3;450,8;192,3
2005-04-18 11:00:00;2579;11;8,6;6,3;65,8;450,5;186,5
2005-04-18 12:00:00;2580;12;10,3;6,3;56,2;450,2;172,6
2005-04-18 13:00:00;2581;13;11,1;6,3;51,6;450,2;151,7
2005-04-18 14:00:00;2582;14;11,9;6,3;47,2;450,1;138,3
2005-04-18 15:00:00;2583;15;12,5;6,3;43,8;449,6;129,1
2005-04-18 16:00:00;2584;16;12,5;6,3;43,7;449,4;134,1
2005-04-18 17:00:00;2585;17;11,5;6,3;49,4;449,1;166,4
2005-04-18 18:00:00;2586;18;10,6;6,3;54,4;448,9;185,6
2005-04-18 19:00:00;2587;19;10,2;6,3;56,8;448,8;229,6
2005-04-18 20:00:00;2588;20;9,1;6,3;62,8;448,8;235,9
2005-04-18 21:00:00;2589;21;9,2;6,3;62,2;448,7;220,0
2005-04-18 22:00:00;2590;22;9,3;6,3;61,8;448,5;132,4
2005-04-18 23:00:00;2591;23;8,7;6,3;65,1;448,3;83,0
2005-04-19 00:00:00;2592;0;8,3;10,7;44,9;448,3;57,4
2005-04-19 01:00:00;2593;1;8,6;10,7;42,9;448,2;31,0
2005-04-19 02:00:00;2594;2;8,1;10,7;45,9;448,1;12,2
2005-04-19 03:00:00;2595;3;8,4;10,7;44,1;448,1;8,8
2005-04-19 04:00:00;2596;4;8,3;10,7;44,9;447,9;26,4
2005-04-19 05:00:00;2597;5;7,3;10,7;50,3;447,8;66,2
2005-04-19 06:00:00;2598;6;7,5;10,7;49,1;447,7;178,9
2005-04-19 07:00:00;2599;7;7,7;10,7;70,9;447,1;191,5
2005-04-19 08:00:00;2600;8;8,8;10,7;64,6;446,8;192,3
2005-04-19 09:00:00;2601;9;10,5;10,7;55,0;446,6;201,6
2005-04-19 10:00:00;2602;10;12,2;10,7;45,3;446,5;192,3
2005-04-19 11:00:00;2603;11;13,2;10,7;39,8;445,9;186,5
2005-04-19 12:00:00;2604;12;14,5;10,7;32,4;445,6;172,6
2005-04-19 13:00:00;2605;13;14,9;10,7;30,4;445,5;151,7
2005-04-19 14:00:00;2606;14;15,2;10,7;28,6;445,4;138,3
2005-04-19 15:00:00;2607;15;15,2;10,7;28,7;445,1;129,1
2005-04-19 16:00:00;2608;16;14,8;10,7;30,7;445,0;134,1
2005-04-19 17:00:00;2609;17;13,8;10,7;36,2;444,8;166,4
2005-04-19 18:00:00;2610;18;12,5;10,7;43,8;444,1;185,6
2005-04-19 19:00:00;2611;19;11,2;10,7;51,3;443,8;229,6
2005-04-19 20:00:00;2612;20;10,4;10,7;55,3;443,7;235,9
2005-04-19 21:00:00;2613;21;9,4;10,7;61,4;442,9;220,0
2005-04-19 22:00:00;2614;22;8,6;10,7;65,8;442,7;132,4
2005-04-19 23:00:00;2615;23;7,7;10,7;70,7;442,6;83,0
2005-04-20 00:00:00;2616;0;6,7;7,8;54,1;442,2;57,4
2005-04-20 01:00:00;2617;1;7,0;7,8;52,2;441,8;31,0
2005-04-20 02:00:00;2618;2;7,2;7,8;51,1;441,8;12,2
2005-04-20 03:00:00;2619;3;7,2;7,8;50,9;441,6;8,8
2005-04-20 04:00:00;2620;4;6,8;7,8;53,5;441,6;26,4
2005-04-20 05:00:00;2621;5;6,5;7,8;55,3;441,5;66,2
2005-04-20 06:00:00;2622;6;6,6;7,8;54,5;441,4;178,9
2005-04-20 07:00:00;2623;7;7,5;7,8;72,0;441,1;191,5
2005-04-20 08:00:00;2624;8;7,8;7,8;70,2;441,0;192,3
2005-04-20 09:00:00;2625;9;8,5;7,8;66,3;441,0;201,6
2005-04-20 10:00:00;2626;10;9,5;7,8;60,4;440,9;192,3
2005-04-20 11:00:00;2627;11;10,3;7,8;56,0;440,9;186,5
2005-04-20 12:00:00;2628;12;9,8;7,8;58,9;440,6;172,6
2005-04-20 13:00:00;2629;13;9,6;7,8;59,9;440,5;151,7
2005-04-20 14:00:00;2630;14;9,9;7,8;58,6;440,3;138,3
2005-04-20 15:00:00;2631;15;9,8;7,8;58,7;440,1;129,1
2005-04-20 16:00:00;2632;16;9,9;7,8;58,4;440,1;134,1
2005-04-20 17:00:00;2633;17;8,6;7,8;65,4;440,0;166,4
2005-04-20 18:00:00;2634;18;7,9;7,8;69,4;439,6;185,6
2005-04-20 19:00:00;2635;19;7,4;7,8;72,5;439,4;229,6
2005-04-20 20:00:00;2636;20;6,8;7,8;76,0;439,3;235,9
2005-04-20 21:00:00;2637;21;6,1;7,8;79,5;439,1;220,0
2005-04-20 22:00:00;2638;22;5,3;7,8;84,0;438,8;132,4
2005-04-20 23:00:00;2639;23;4,7;7,8;87,9;438,4;83,0
2005-04-21 00:00:00;2640;0;4,5;5,8;66,4;438,4;57,4
2005-04-21 01:00:00;2641;1;3,7;5,8;70,5;438,1;31,0
2005-04-21 02:00:00;2642;2;3,3;5,8;73,2;437,8;12,2
2005-04-21 03:00:00;2643;3;3,7;5,8;71,0;437,7;8,8
2005-04-21 04:00:00;2644;4;4,0;5,8;69,2;437,4;26,4
2005-04-21 05:00:00;2645;5;3,2;5,8;73,6;437,3;66,2
2005-04-21 06:00:00;2646;6;3,4;5,8;72,3;437,2;178,9
2005-04-21 07:00:00;2647;7;3,3;5,8;95,3;437,1;191,5
2005-04-21 08:00:00;2648;8;4,9;5,8;86,6;436,8;192,3
2005-04-21 09:00:00;2649;9;6,2;5,8;79,3;436,6;201,6
2005-04-21 10:00:00;2650;10;7,4;5,8;72,2;436,6;192,3
2005-04-21 11:00:00;2651;11;7,9;5,8;69,5;436,0;186,5
2005-04-21 12:00:00;2652;12;8,5;5,8;66,4;435,9;172,6
2005-04-21 13:00:00;2653;13;8,8;5,8;64,6;435,6;151,7
2005-04-21 14:00:00;2654;14;8,2;5,8;67,9;435,6;138,3
2005-04-21 15:00:00;2655;15;8,4;5,8;66,8;435,0;129,1
2005-04-21 16:00:00;2656;16;8,2;5,8;67,7;434,8;134,1
2005-04-21 17:00:00;2657;17;7,8;5,8;70,3;434,7;166,4
2005-04-21 18:00:00;2658;18;7,3;5,8;73,1;434,7;185,6
2005-04-21 19:00:00;2659;19;6,9;5,8;75,4;434,5;229,6
2005-04-21 20:00:00;2660;20;6,5;5,8;77,4;434,0;235,9
2005-04-21 21:00:00;2661;21;5,6;5,8;82,7;433,9;220,0
2005-04-21 22:00:00;2662;22;4,2;5,8;90,7;433,9;132,4
2005-04-21 23:00:00;2663;23;3,6;5,8;93,8;433,8;83,0
2005-04-22 00:00:00;2664;0;3,2;3,4;73,3;433,4;57,4
2005-04-22 01:00:00;2665;1;3,2;3,4;73,4;433,2;31,0
2005-04-22 02:00:00;2666;2;2,9;3,4;75,4;433,0;12,2
2005-04-22 03:00:00;2667;3;2,9;3,4;75,3;432,8;8,8
2005-04-22 04:00:00;2668;4;3,0;3,4;74,8;432,6;26,4
2005-04-22 05:00:00;2669;5;2,6;3,4;76,9;432,6;66,2
2005-04-22 06:00:00;2670;6;2,1;3,4;79,6;432,6;178,9
2005-04-22 07:00:00;2671;7;2,4;3,4;100,4;432,5;191,5
2005-04-22 08:00:00;2672;8;3,0;3,4;97,1;431,6;192,3
2005-04-22 09:00:00;2673;9;3,9;3,4;92,0;431,4;201,6
2005-04-22 10:00:00;2674;10;4,7;3,4;87,4;431,2;192,3
2005-04-22 11:00:00;2675;11;5,2;3,4;85,0;431,0;186,5
2005-04-22 12:00:00;2676;12;4,8;3,4;86,9;430,9;172,6
2005-04-22 13:00:00;2677;13;4,6;3,4;88,5;430,7;151,7
2005-04-22 14:00:00;2678;14;4,8;3,4;87,0;430,7;138,3
2005-04-22 15:00:00;2679;15;5,1;3,4;85,4;430,5;129,1
2005-04-22 16:00:00;2680;16;5,3;3,4;84,0;430,2;134,1
2005-04-22 17:00:00;2681;17;4,5;3,4;88,5;429,9;166,4
2005-04-22 18:00:00;2682;18;3,6;3,4;93,7;429,8;185,6
2005-04-22 19:00:00;2683;19;2,4;3,4;100,4;429,7;229,6
2005-04-22 20:00:00;2684;20;2,2;3,4;101,9;429,5;235,9
2005-04-22 21:00:00;2685;21;2,1;3,4;102,1;429,1;220,0
2005-04-22 22:00:00;2686;22;1,5;3,4;105,9;429,0;132,4
2005-04-22 23:00:00;2687;23;0,6;3,4;110,9;428,3;83,0
2005-04-23 00:00:00;2688;0;0,1;3,5;91,0;428,3;57,4
2005-04-23 01:00:00;2689;1;-1,0;3,5;97,5;428,2;31,0
2005-04-23 02:00:00;2690;2;-1,4;3,5;99,3;427,6;12,2
2005-04-23 03:00:00;2691;3;-1,3;3,5;99,1;427,4;8,8
2005-04-23 04:00:00;2692;4;-1,1;3,5;97,7;427,4;26,4
2005-04-23 05:00:00;2693;5;-0,8;3,5;96,3;427,3;66,2
2005-04-23 06:00:00;2694;6;-0,3;3,5;93,4;427,2;178,9
2005-04-23 07:00:00;2695;7;0,1;3,5;113,8;426,3;191,5
2005-04-23 08:00:00;2696;8;1,4;3,5;106,2;425,7;192,3
2005-04-23 09:00:00;2697;9;3,2;3,5;96,1;425,7;201,6
2005-04-23 10:00:00;2698;10;5,1;3,5;85,3;425,5;192,3
2005-04-23 11:00:00;2699;11;6,0;3,5;80,4;425,4;186,5
2005-04-23 12:00:00;2700;12;6,8;3,5;75,7;425,4;172,6
2005-04-23 13:00:00;2701;13;7,5;3,5;72,0;425,3;151,7
2005-04-23 14:00:00;2702;14;8,1;3,5;68,6;425,2;138,3
2005-04-23 15:00:00;2703;15;8,0;3,5;69,3;425,0;129,1
2005-04-23 16:00:00;2704;16;8,0;3,5;69,1;424,3;134,1
2005-04-23 17:00:00;2705;17;7,5;3,5;71,7;424,0;166,4
2005-04-23 18:00:00;2706;18;6,7;3,5;76,6;424,0;185,6
2005-04-23 19:00:00;2707;19;6,2;3,5;79,1;423,3;229,6
2005-04-23 20:00:00;2708;20;4,5;3,5;88,7;422,9;235,9
2005-04-23 21:00:00;2709;21;3,9;3,5;91,9;422,3;220,0
2005-04-23 22:00:00;2710;22;4,0;3,5;91,3;422,1;132,4
2005-04-23 23:00:00;2711;23;3,2;3,5;96,1;422,1;83,0
2005-04-24 00:00:00;2712;0;2,9;4,4;75,5;421,7;57,4
2005-04-24 01:00:00;2713;1;2,8;4,4;75,8;421,3;31,0
2005-04-24 02:00:00;2714;2;2,9;4,4;75,5;421,2;12,2
2005-04-24 03:00:00;2715;3;2,6;4,4;77,0;420,9;8,8
2005-04-24 04:00:00;2716;4;2,8;4,4;76,0;420,7;26,4
2005-04-24 05:00:00;2717;5;2,8;4,4;75,6;420,7;66,2
2005-04-24 06:00:00;2718;6;3,5;4,4;71,9;420,6;178,9
2005-04-24 07:00:00;2719;7;3,4;4,4;95,0;420,5;191,5
2005-04-24 08:00:00;2720;8;3,8;4,4;92,7;420,4;192,3
2005-04-24 09:00:00;2721;9;4,5;4,4;88,8;419,9;201,6
2005-04-24 10:00:00;2722;10;5,3;4,4;84,4;419,4;192,3
2005-04-24 11:00:00;2723;11;6,5;4,4;77,3;419,2;186,5
2005-04-24 12:00:00;2724;12;7,6;4,4;71,6;419,1;172,6
2005-04-24 13:00:00;2725;13;7,8;4,4;70,0;419,1;151,7
2005-04-24 14:00:00;2726;14;7,9;4,4;69,6;419,0;138,3
2005-04-24 15:00:00;2727;15;8,0;4,4;69,2;418,9;129,1
2005-04-24 16:00:00;2728;16;6,8;4,4;75,7;418,8;134,1
2005-04-24 17:00:00;2729;17;5,8;4,4;81,2;418,8;166,4
2005-04-24 18:00:00;2730;18;4,8;4,4;86,9;418,7;185,6
2005-04-24 19:00:00;2731;19;4,0;4,4;91,6;418,3;229,6
2005-04-24 20:00:00;2732;20;3,4;4,4;94,9;418,2;235,9
2005-04-24 21:00:00;2733;21;2,5;4,4;100,0;418,2;220,0
2005-04-24 22:00:00;2734;22;1,4;4,4;106,0;418,2;132,4
2005-04-24 23:00:00;2735;23;0,7;4,4;110,3;417,7;83,0
2005-04-25 00:00:00;2736;0;0,6;4,9;88,3;417,5;57,4
2005-04-25 01:00:00;2737;1;0,7;4,9;87,8;417,3;31,0
2005-04-25 02:00:00;2738;2;0,8;4,9;86,8;417,2;12,2
2005-04-25 03:00:00;2739;3;0,7;4,9;87,5;417,1;8,8
2005-04-25 04:00:00;2740;4;1,4;4,9;83,6;417,1;26,4
2005-04-25 05:00:00;2741;5;1,2;4,9;84,6;416,7;66,2
2005-04-25 06:00:00;2742;6;1,5;4,9;83,3;416,5;178,9
2005-04-25 07:00:00;2743;7;1,9;4,9;103,2;416,5;191,5
2005-04-25 08:00:00;2744;8;2,8;4,9;98,2;415,8;192,3
2005-04-25 09:00:00;2745;9;3,7;4,9;93,1;415,1;201,6
2005-04-25 10:00:00;2746;10;5,3;4,9;84,3;415,1;192,3
2005-04-25 11:00:00;2747;11;6,8;4,9;75,9;415,1;186,5
2005-04-25 12:00:00;2748;12;7,6;4,9;71,1;415,0;172,6
2005-04-25 13:00:00;2749;13;8,2;4,9;68,1;414,9;151,7
2005-04-25 14:00:00;2750;14;9,3;4,9;61,6;414,8;138,3
2005-04-25 15:00:00;2751;15;9,3;4,9;61,9;414,5;129,1
2005-04-25 16:00:00;2752;16;9,4;4,9;61,0;414,5;134,1
2005-04-25 17:00:00;2753;17;8,6;4,9;65,6;414,4;166,4
2005-04-25 18:00:00;2754;18;7,6;4,9;71,3;414,4;185,6
2005-04-25 19:00:00;2755;19;7,1;4,9;74,4;414,4;229,6
2005-04-25 20:00:00;2756;20;6,2;4,9;79,4;414,2;235,9
2005-04-25 21:00:00;2757;21;5,5;4,9;83,0;414,2;220,0
2005-04-25 22:00:00;2758;22;5,4;4,9;83,8;414,0;132,4
2005-04-25 23:00:00;2759;23;4,8;4,9;86,9;413,8;83,0
2005-04-26 00:00:00;2760;0;4,7;7,8;65,2;413,2;57,4
2005-04-26 01:00:00;2761;1;4,6;7,8;65,8;412,8;31,0
2005-04-26 02:00:00;2762;2;4,7;7,8;64,9;412,1;12,2
2005-04-26 03:00:00;2763;3;4,6;7,8;65,8;412,1;8,8
2005-04-26 04:00:00;2764;4;4,5;7,8;66,0;411,9;26,4
2005-04-26 05:00:00;2765;5;5,0;7,8;63,6;411,8;66,2
2005-04-26 06:00:00;2766;6;5,8;7,8;59,2;411,6;178,9
2005-04-26 07:00:00;2767;7;5,5;7,8;83,1;411,3;191,5
2005-04-26 08:00:00;2768;8;6,0;7,8;80,3;410,5;192,3
2005-04-26 09:00:00;2769;9;6,9;7,8;75,3;410,3;201,6
2005-04-26 10:00:00;2770;10;7,2;7,8;73,4;410,2;192,3
2005-04-26 11:00:00;2771;11;8,2;7,8;68,2;409,9;186,5
2005-04-26 12:00:00;2772;12;8,1;7,8;68,6;409,9;172,6
2005-04-26 13:00:00;2773;13;8,7;7,8;65,2;409,8;151,7
2005-04-26 14:00:00;2774;14;8,9;7,8;64,0;409,1;138,3
2005-04-26 15:00:00;2775;15;9,5;7,8;60,6;408,6;129,1
2005-04-26 16:00:00;2776;16;10,1;7,8;57,2;408,4;134,1
2005-04-26 17:00:00;2777;17;10,7;7,8;53,8;408,4;166,4
2005-04-26 18:00:00;2778;18;10,4;7,8;55,3;408,3;185,6
2005-04-26 19:00:00;2779;19;10,2;7,8;56,4;408,3;229,6
2005-04-26 20:00:00;2780;20;10,7;7,8;53,6;408,2;235,9
2005-04-26 21:00:00;2781;21;10,8;7,8;53,5;407,7;220,0
2005-04-26 22:00:00;2782;22;10,7;7,8;53,8;407,5;132,4
2005-04-26 23:00:00;2783;23;11,3;7,8;50,6;406,9;83,0
2005-04-27 00:00:00;2784;0;11,2;8,5;28,5;406,6;57,4
2005-04-27 01:00:00;2785;1;10,3;8,5;33,8;406,5;31,0
2005-04-27 02:00:00;2786;2;10,0;8,5;35,4;406,3;12,2
2005-04-27 03:00:00;2787;3;9,7;8,5;36,9;406,1;8,8
2005-04-27 04:00:00;2788;4;8,6;8,5;43,0;405,6;26,4
2005-04-27 05:00:00;2789;5;8,7;8,5;42,8;405,0;66,2
2005-04-27 06:00:00;2790;6;8,7;8,5;42,5;405,0;178,9
2005-04-27 07:00:00;2791;7;8,4;8,5;67,0;404,8;191,5
2005-04-27 08:00:00;2792;8;8,4;8,5;66,8;404,6;192,3
2005-04-27 09:00:00;2793;9;9,2;8,5;62,5;404,5;201,6
2005-04-27 10:00:00;2794;10;9,3;8,5;61,5;404,2;192,3
2005-04-27 11:00:00;2795;11;9,1;8,5;62,9;404,2;186,5
2005-04-27 12:00:00;2796;12;8,9;8,5;64,0;404,1;172,6
2005-04-27 13:00:00;2797;13;9,7;8,5;59,5;403,8;151,7
2005-04-27 14:00:00;2798;14;9,5;8,5;60,8;403,7;138,3
2005-04-27 15:00:00;2799;15;9,1;8,5;62,9;403,6;129,1
2005-04-27 16:00:00;2800;16;9,1;8,5;62,8;403,6;134,1
2005-04-27 17:00:00;2801;17;8,5;8,5;66,0;403,2;166,4
2005-04-27 18:00:00;2802;18;8,1;8,5;68,5;403,0;185,6
2005-04-27 19:00:00;2803;19;7,2;8,5;73,5;402,9;229,6
2005-04-27 20:00:00;2804;20;6,3;8,5;78,7;402,9;235,9
2005-04-27 21:00:00;2805;21;5,8;8,5;81,5;402,6;220,0
2005-04-27 22:00:00;2806;22;5,4;8,5;83,7;402,3;132,4
2005-04-27 23:00:00;2807;23;5,3;8,5;84,3;402,2;83,0
2005-04-28 00:00:00;2808;0;4,7;8,2;65,0;401,5;57,4
2005-04-28 01:00:00;2809;1;4,5;8,2;66,5;400,9;31,0
2005-04-28 02:00:00;2810;2;4,6;8,2;65,8;400,5;12,2
2005-04-28 03:00:00;2811;3;4,6;8,2;65,8;400,3;8,8
2005-04-28 04:00:00;2812;4;4,7;8,2;64,9;400,2;26,4
2005-04-28 05:00:00;2813;5;5,0;8,2;63,2;400,1;66,2
2005-04-28 06:00:00;2814;6;4,8;8,2;64,3;400,0;178,9
2005-04-28 07:00:00;2815;7;5,3;8,2;84,5;399,7;191,5
2005-04-28 08:00:00;2816;8;6,5;8,2;77,3;399,5;192,3
2005-04-28 09:00:00;2817;9;8,5;8,2;66,5;399,2;201,6
2005-04-28 10:00:00;2818;10;10,0;8,2;58,1;399,2;192,3
2005-04-28 11:00:00;2819;11;10,8;8,2;53,2;399,1;186,5
2005-04-28 12:00:00;2820;12;11,8;8,2;47,6;398,6;172,6
2005-04-28 13:00:00;2821;13;12,9;8,2;41,7;398,1;151,7
2005-04-28 14:00:00;2822;14;14,1;8,2;34,5;397,9;138,3
2005-04-28 15:00:00;2823;15;13,8;8,2;36,6;397,8;129,1
2005-04-28 16:00:00;2824;16;13,4;8,2;38,8;397,7;134,1
2005-04-28 17:00:00;2825;17;12,0;8,2;46,7;397,6;166,4
2005-04-28 18:00:00;2826;18;10,4;8,2;55,8;397,4;185,6
2005-04-28 19:00:00;2827;19;8,4;8,2;66,8;397,1;229,6
2005-04-28 20:00:00;2828;20;7,5;8,2;71,7;397,0;235,9
2005-04-28 21:00:00;2829;21;6,7;8,2;76,5;396,6;220,0
2005-04-28 22:00:00;2830;22;6,1;8,2;79,7;396,1;132,4
2005-04-28 23:00:00;2831;23;5,6;8,2;82,8;396,1;83,0
2005-04-29 00:00:00;2832;0;5,0;9,0;63,7;396,0;57,4
2005-04-29 01:00:00;2833;1;4,8;9,0;64,5;396,0;31,0
2005-04-29 02:00:00;2834;2;4,4;9,0;66,7;395,9;12,2
2005-04-29 03:00:00;2835;3;4,6;9,0;65,7;395,6;8,8
2005-04-29 04:00:00;2836;4;4,6;9,0;65,7;395,6;26,4
2005-04-29 05:00:00;2837;5;4,9;9,0;64,1;395,6;66,2
2005-04-29 06:00:00;2838;6;5,0;9,0;63,5;395,4;178,9
2005-04-29 07:00:00;2839;7;5,5;9,0;83,1;395,3;191,5
2005-04-29 08:00:00;2840;8;6,3;9,0;78,4;395,2;192,3
2005-04-29 09:00:00;2841;9;7,7;9,0;70,9;394,8;201,6
2005-04-29 10:00:00;2842;10;10,0;9,0;57,8;394,8;192,3
2005-04-29 11:00:00;2843;11;11,6;9,0;49,0;394,3;186,5
2005-04-29 12:00:00;2844;12;11,7;9,0;48,4;394,0;172,6
2005-04-29 13:00:00;2845;13;12,4;9,0;44,5;393,7;151,7
2005-04-29 14:00:00;2846;14;12,4;9,0;44,1;393,5;138,3
2005-04-29 15:00:00;2847;15;12,9;9,0;41,3;393,4;129,1
2005-04-29 16:00:00;2848;16;13,0;9,0;40,7;393,2;134,1
2005-04-29 17:00:00;2849;17;12,9;9,0;41,4;392,8;166,4
2005-04-29 18:00:00;2850;18;12,4;9,0;44,5;392,7;185,6
2005-04-29 19:00:00;2851;19;11,7;9,0;48,5;392,5;229,6
2005-04-29 20:00:00;2852;20;11,0;9,0;52,4;392,2;235,9
2005-04-29 21:00:00;2853;21;11,0;9,0;52,1;392,2;220,0
2005-04-29 22:00:00;2854;22;10,8;9,0;53,2;392,1;132,4
2005-04-29 23:00:00;2855;23;10,4;9,0;55,5;391,9;83,0
2005-04-30 00:00:00;2856;0;10,2;10,9;34,2;391,9;57,4
2005-04-30 01:00:00;2857;1;9,9;10,9;36,1;391,8;31,0
2005-04-30 02:00:00;2858;2;9,8;10,9;36,3;391,3;12,2
2005-04-30 03:00:00;2859;3;9,3;10,9;39,4;391,1;8,8
2005-04-30 04:00:00;2860;4;8,9;10,9;41,5;391,1;26,4
2005-04-30 05:00:00;2861;5;7,7;10,9;48,0;391,0;66,2
2005-04-30 06:00:00;2862;6;8,1;10,9;45,7;391,0;178,9
2005-04-30 07:00:00;2863;7;7,8;10,9;70,4;390,6;191,5
2005-04-30 08:00:00;2864;8;8,2;10,9;68,0;390,3;192,3
2005-04-30 09:00:00;2865;9;9,5;10,9;60,6;390,0;201,6
2005-04-30 10:00:00;2866;10;10,5;10,9;54,8;389,4;192,3
2005-04-30 11:00:00;2867;11;11,6;10,9;48,9;389,2;186,5
2005-04-30 12:00:00;2868;12;12,1;10,9;45,8;389,2;172,6
2005-04-30 13:00:00;2869;13;12,6;10,9;43,1;389,0;151,7
2005-04-30 14:00:00;2870;14;12,8;10,9;42,0;388,7;138,3
2005-04-30 15:00:00;2871;15;13,5;10,9;38,3;388,6;129,1
2005-04-30 16:00:00;2872;16;13,6;10,9;37,5;387,9;134,1
2005-04-30 17:00:00;2873;17;13,8;10,9;36,6;387,7;166,4
2005-04-30 18:00:00;2874;18;12,9;10,9;41,4;387,4;185,6
2005-04-30 19:00:00;2875;19;12,2;10,9;45,4;387,3;229,6
2005-04-30 20:00:00;2876;20;11,9;10,9;47,1;386,9;235,9
2005-04-30 21:00:00;2877;21;11,8;10,9;47,9;386,3;220,0
2005-04-30 22:00:00;2878;22;11,7;10,9;48,4;385,9;132,4
2005-04-30 23:00:00;2879;23;11,2;10,9;51,1;385,1;83,0
2005-05-01 00:00:00;2880;0;10,1;13,8;0,0;384,0;57,4
2005-05-01 01:00:00;2881;1;9,1;13,8;0,0;382,7;31,0
2005-05-01 02:00:00;2882;2;8,8;13,8;0,0;382,4;12,2
2005-05-01 03:00:00;2883;3;8,4;13,8;0,0;381,9;8,8
2005-05-01 04:00:00;2884;4;7,8;13,8;0,0;381,6;26,4
2005-05-01 05:00:00;2885;5;7,9;13,8;0,0;381,5;66,2
2005-05-01 06:00:00;2886;6;7,7;13,8;0,0;381,5;178,9
2005-05-01 07:00:00;2887;7;8,7;13,8;0,0;380,9;191,5
2005-05-01 08:00:00;2888;8;11,1;13,8;0,0;380,7;192,3
2005-05-01 09:00:00;2889;9;13,7;13,8;0,0;380,5;201,6
2005-05-01 10:00:00;2890;10;16,1;13,8;0,0;380,4;192,3
2005-05-01 11:00:00;2891;11;17,5;13,8;0,0;379,6;186,5
2005-05-01 12:00:00;2892;12;18,5;13,8;0,0;379,5;172,6
2005-05-01 13:00:00;2893;13;19,8;13,8;0,0;379,5;151,7
2005-05-01 14:00:00;2894;14;20,2;13,8;0,0;379,2;138,3
2005-05-01 15:00:00;2895;15;20,4;13,8;0,0;378,9;129,1
2005-05-01 16:00:00;2896;16;20,0;13,8;0,0;378,6;134,1
2005-05-01 17:00:00;2897;17;19,4;13,8;0,0;378,4;166,4
2005-05-01 18:00:00;2898;18;18,6;13,8;0,0;378,2;185,6
2005-05-01 19:00:00;2899;19;16,9;13,8;0,0;377,8;229,6
2005-05-01 20:00:00;2900;20;15,2;13,8;0,0;377,6;235,9
2005-05-01 21:00:00;2901;21;12,8;13,8;0,0;376,7;220,0
2005-05-01 22:00:00;2902;22;11,8;13,8;0,0;376,2;132,4
2005-05-01 23:00:00;2903;23;10,8;13,8;0,0;375,7;83,0
2005-05-02 00:00:00;2904;0;10,0;13,2;0,0;375,3;57,4
2005-05-02 01:00:00;2905;1;9,0;13,2;0,0;374,4;31,0
2005-05-02 02:00:00;2906;2;8,8;13,2;0,0;373,6;12,2
2005-05-02 03:00:00;2907;3;8,1;13,2;0,0;373,4;8,8
2005-05-02 04:00:00;2908;4;7,9;13,2;0,0;373,4;26,4
2005-05-02 05:00:00;2909;5;8,1;13,2;0,0;373,4;66,2
2005-05-02 06:00:00;2910;6;8,1;13,2;0,0;373,1;178,9
2005-05-02 07:00:00;2911;7;9,0;13,2;0,0;373,0;191,5
2005-05-02 08:00:00;2912;8;11,0;13,2;0,0;372,8;192,3
2005-05-02 09:00:00;2913;9;13,4;13,2;0,0;372,4;201,6
2005-05-02 10:00:00;2914;10;15,3;13,2;0,0;372,2;192,3
2005-05-02 11:00:00;2915;11;17,0;13,2;0,0;371,5;186,5
2005-05-02 12:00:00;2916;12;18,2;13,2;0,0;371,3;172,6
2005-05-02 13:00:00;2917;13;18,8;13,2;0,0;370,8;151,7
2005-05-02 14:00:00;2918;14;19,8;13,2;0,0;370,6;138,3
2005-05-02 15:00:00;2919;15;19,5;13,2;0,0;370,3;129,1
2005-05-02 16:00:00;2920;16;19,5;13,2;0,0;370,1;134,1
2005-05-02 17:00:00;2921;17;18,4;13,2;0,0;369,2;166,4
2005-05-02 18:00:00;2922;18;17,2;13,2;0,0;368,7;185,6
2005-05-02 19:00:00;2923;19;15,3;13,2;0,0;368,3;229,6
2005-05-02 20:00:00;2924;20;13,8;13,2;0,0;368,0;235,9
2005-05-02 21:00:00;2925;21;11,6;13,2;0,0;367,5;220,0
2005-05-02 22:00:00;2926;22;10,1;13,2;0,0;367,2;132,4
2005-05-02 23:00:00;2927;23;9,1;13,2;0,0;367,0;83,0
2005-05-03 00:00:00;2928;0;7,4;11,1;0,0;366,5;57,4
2005-05-03 01:00:00;2929;1;7,0;11,1;0,0;366,5;31,0
2005-05-03 02:00:00;2930;2;6,7;11,1;0,0;366,1;12,2
2005-05-03 03:00:00;2931;3;6,4;11,1;0,0;366,1;8,8
2005-05-03 04:00:00;2932;4;6,1;11,1;0,0;365,7;26,4
2005-05-03 05:00:00;2933;5;6,3;11,1;0,0;365,6;66,2
2005-05-03 06:00:00;2934;6;6,3;11,1;0,0;365,0;178,9
2005-05-03 07:00:00;2935;7;7,5;11,1;0,0;364,3;191,5
2005-05-03 08:00:00;2936;8;9,3;11,1;0,0;363,6;192,3
2005-05-03 09:00:00;2937;9;11,3;11,1;0,0;363,4;201,6
2005-05-03 10:00:00;2938;10;12,7;11,1;0,0;363,3;192,3
2005-05-03 11:00:00;2939;11;13,6;11,1;0,0;363,3;186,5
2005-05-03 12:00:00;2940;12;14,4;11,1;0,0;362,9;172,6
2005-05-03 13:00:00;2941;13;14,7;11,1;0,0;362,9;151,7
2005-05-03 14:00:00;2942;14;15,0;11,1;0,0;362,7;138,3
2005-05-03 15:00:00;2943;15;15,5;11,1;0,0;362,1;129,1
2005-05-03 16:00:00;2944;16;15,8;11,1;0,0;361,8;134,1
2005-05-03 17:00:00;2945;17;14,9;11,1;0,0;361,8;166,4
2005-05-03 18:00:00;2946;18;14,2;11,1;0,0;361,7;185,6
2005-05-03 19:00:00;2947;19;13,8;11,1;0,0;361,5;229,6
2005-05-03 20:00:00;2948;20;13,7;11,1;0,0;361,4;235,9
2005-05-03 21:00:00;2949;21;12,1;11,1;0,0;361,3;220,0
2005-05-03 22:00:00;2950;22;11,5;11,1;0,0;361,1;132,4
2005-05-03 23:00:00;2951;23;10,4;11,1;0,0;361,0;83,0
2005-05-04 00:00:00;2952;0;9,6;12,6;0,0;360,9;57,4
2005-05-04 01:00:00;2953;1;9,6;12,6;0,0;360,8;31,0
2005-05-04 02:00:00;2954;2;9,5;12,6;0,0;360,5;12,2
2005-05-04 03:00:00;2955;3;9,3;12,6;0,0;359,6;8,8
2005-05-04 04:00:00;2956;4;8,9;12,6;0,0;359,5;26,4
2005-05-04 05:00:00;2957;5;9,5;12,6;0,0;359,2;66,2
2005-05-04 06:00:00;2958;6;9,7;12,6;0,0;359,2;178,9
2005-05-04 07:00:00;2959;7;11,3;12,6;0,0;359,1;191,5
2005-05-04 08:00:00;2960;8;12,1;12,6;0,0;358,8;192,3
2005-05-04 09:00:00;2961;9;13,5;12,6;0,0;358,6;201,6
2005-05-04 10:00:00;2962;10;14,0;12,6;0,0;358,5;192,3
2005-05-04 11:00:00;2963;11;14,8;12,6;0,0;357,6;186,5
2005-05-04 12:00:00;2964;12;15,9;12,6;0,0;357,3;172,6
2005-05-04 13:00:00;2965;13;15,9;12,6;0,0;357,2;151,7
2005-05-04 14:00:00;2966;14;16,4;12,6;0,0;357,1;138,3
2005-05-04 15:00:00;2967;15;16,2;12,6;0,0;356,3;129,1
2005-05-04 16:00:00;2968;16;16,1;12,6;0,0;356,3;134,1
2005-05-04 17:00:00;2969;17;15,3;12,6;0,0;355,9;166,4
2005-05-04 18:00:00;2970;18;14,9;12,6;0,0;355,9;185,6
2005-05-04 19:00:00;2971;19;14,0;12,6;0,0;355,6;229,6
2005-05-04 20:00:00;2972;20;13,0;12,6;0,0;355,4;235,9
2005-05-04 21:00:00;2973;21;12,0;12,6;0,0;355,1;220,0
2005-05-04 22:00:00;2974;22;11,1;12,6;0,0;354,7;132,4
2005-05-04 23:00:00;2975;23;10,1;12,6;0,0;353,2;83,0
2005-05-05 00:00:00;2976;0;9,4;11,3;0,0;352,9;57,4
2005-05-05 01:00:00;2977;1;9,3;11,3;0,0;352,9;31,0
2005-05-05 02:00:00;2978;2;9,0;11,3;0,0;352,6;12,2
2005-05-05 03:00:00;2979;3;8,9;11,3;0,0;352,5;8,8
2005-05-05 04:00:00;2980;4;8,9;11,3;0,0;352,4;26,4
2005-05-05 05:00:00;2981;5;8,9;11,3;0,0;352,4;66,2
2005-05-05 06:00:00;2982;6;9,0;11,3;0,0;352,3;178,9
2005-05-05 07:00:00;2983;7;9,5;11,3;0,0;352,2;191,5
2005-05-05 08:00:00;2984;8;11,2;11,3;0,0;351,8;192,3
2005-05-05 09:00:00;2985;9;12,6;11,3;0,0;351,7;201,6
2005-05-05 10:00:00;2986;10;13,6;11,3;0,0;350,9;192,3
2005-05-05 11:00:00;2987;11;14,2;11,3;0,0;350,7;186,5
2005-05-05 12:00:00;2988;12;14,6;11,3;0,0;350,6;172,6
2005-05-05 13:00:00;2989;13;14,5;11,3;0,0;350,4;151,7
2005-05-05 14:00:00;2990;14;15,2;11,3;0,0;350,4;138,3
2005-05-05 15:00:00;2991;15;14,9;11,3;0,0;350,4;129,1
2005-05-05 16:00:00;2992;16;14,5;11,3;0,0;350,3;134,1
2005-05-05 17:00:00;2993;17;13,8;11,3;0,0;350,2;166,4
2005-05-05 18:00:00;2994;18;13,0;11,3;0,0;350,1;185,6
2005-05-05 19:00:00;2995;19;11,9;11,3;0,0;350,1;229,6
2005-05-05 20:00:00;2996;20;10,2;11,3;0,0;349,8;235,9
2005-05-05 21:00:00;2997;21;9,0;11,3;0,0;349,5;220,0
2005-05-05 22:00:00;2998;22;8,1;11,3;0,0;349,3;132,4
2005-05-05 23:00:00;2999;23;7,4;11,3;0,0;349,0;83,0
2005-05-06 00:00:00;3000;0;6,3;11,1;0,0;348,7;57,4
2005-05-06 01:00:00;3001;1;5,8;11,1;0,0;348,5;31,0
2005-05-06 02:00:00;3002;2;5,6;11,1;0,0;348,4;12,2
2005-05-06 03:00:00;3003;3;5,4;11,1;0,0;348,4;8,8
2005-05-06 04:00:00;3004;4;5,2;11,1;0,0;347,5;26,4
2005-05-06 05:00:00;3005;5;5,3;11,1;0,0;347,2;66,2
2005-05-06 06:00:00;3006;6;5,9;11,1;0,0;347,1;178,9
2005-05-06 07:00:00;3007;7;7,2;11,1;0,0;347,0;191,5
2005-05-06 08:00:00;3008;8;9,1;11,1;0,0;346,9;192,3
2005-05-06 09:00:00;3009;9;11,0;11,1;0,0;346,8;201,6
2005-05-06 10:00:00;3010;10;12,8;11,1;0,0;346,6;192,3
2005-05-06 11:00:00;3011;11;14,7;11,1;0,0;346,6;186,5
2005-05-06 12:00:00;3012;12;15,8;11,1;0,0;345,7;172,6
2005-05-06 13:00:00;3013;13;16,6;11,1;0,0;345,4;151,7
2005-05-06 14:00:00;3014;14;17,2;11,1;0,0;345,3;138,3
2005-05-06 15:00:00;3015;15;17,5;11,1;0,0;345,1;129,1
2005-05-06 16:00:00;3016;16;17,3;11,1;0,0;344,9;134,1
2005-05-06 17:00:00;3017;17;16,6;11,1;0,0;344,7;166,4
2005-05-06 18:00:00;3018;18;15,0;11,1;0,0;344,7;185,6
2005-05-06 19:00:00;3019;19;13,6;11,1;0,0;344,4;229,6
2005-05-06 20:00:00;3020;20;12,1;11,1;0,0;343,9;235,9
2005-05-06 21:00:00;3021;21;10,9;11,1;0,0;343,9;220,0
2005-05-06 22:00:00;3022;22;10,3;11,1;0,0;343,3;132,4
2005-05-06 23:00:00;3023;23;9,1;11,1;0,0;343,3;83,0
2005-05-07 00:00:00;3024;0;8,3;11,2;0,0;343,1;57,4
2005-05-07 01:00:00;3025;1;9,1;11,2;0,0;343,1;31,0
2005-05-07 02:00:00;3026;2;8,5;11,2;0,0;342,9;12,2
2005-05-07 03:00:00;3027;3;8,4;11,2;0,0;342,8;8,8
2005-05-07 04:00:00;3028;4;8,4;11,2;0,0;342,5;26,4
2005-05-07 05:00:00;3029;5;9,1;11,2;0,0;342,1;66,2
2005-05-07 06:00:00;3030;6;9,5;11,2;0,0;342,1;178,9
2005-05-07 07:00:00;3031;7;10,2;11,2;0,0;341,8;191,5
2005-05-07 08:00:00;3032;8;10,9;11,2;0,0;341,8;192,3
2005-05-07 09:00:00;3033;9;11,8;11,2;0,0;341,5;201,6
2005-05-07 10:00:00;3034;10;11,8;11,2;0,0;341,2;192,3
2005-05-07 11:00:00;3035;11;12,3;11,2;0,0;341,1;186,5
2005-05-07 12:00:00;3036;12;13,4;11,2;0,0;340,7;172,6
2005-05-07 13:00:00;3037;13;13,2;11,2;0,0;340,0;151,7
2005-05-07 14:00:00;3038;14;13,6;11,2;0,0;340,0;138,3
2005-05-07 15:00:00;3039;15;13,3;11,2;0,0;340,0;129,1
2005-05-07 16:00:00;3040;16;13,6;11,2;0,0;339,9;134,1
2005-05-07 17:00:00;3041;17;12,6;11,2;0,0;339,6;166,4
2005-05-07 18:00:00;3042;18;12,8;11,2;0,0;339,2;185,6
2005-05-07 19:00:00;3043;19;12,0;11,2;0,0;338,8;229,6
2005-05-07 20:00:00;3044;20;12,2;11,2;0,0;338,7;235,9
2005-05-07 21:00:00;3045;21;12,0;11,2;0,0;338,7;220,0
2005-05-07 22:00:00;3046;22;11,5;11,2;0,0;338,7;132,4
2005-05-07 23:00:00;3047;23;11,0;11,2;0,0;338,4;83,0
2005-05-08 00:00:00;3048;0;11,0;13,4;0,0;338,3;57,4
2005-05-08 01:00:00;3049;1;10,5;13,4;0,0;338,2;31,0
2005-05-08 02:00:00;3050;2;9,8;13,4;0,0;338,2;12,2
2005-05-08 03:00:00;3051;3;10,2;13,4;0,0;338,0;8,8
2005-05-08 04:00:00;3052;4;10,2;13,4;0,0;337,8;26,4
2005-05-08 05:00:00;3053;5;10,0;13,4;0,0;337,6;66,2
2005-05-08 06:00:00;3054;6;9,8;13,4;0,0;337,6;178,9
2005-05-08 07:00:00;3055;7;10,5;13,4;0,0;337,5;191,5
2005-05-08 08:00:00;3056;8;11,8;13,4;0,0;337,5;192,3
2005-05-08 09:00:00;3057;9;12,9;13,4;0,0;337,5;201,6
2005-05-08 10:00:00;3058;10;14,7;13,4;0,0;337,1;192,3
2005-05-08 11:00:00;3059;11;15,0;13,4;0,0;336,9;186,5
2005-05-08 12:00:00;3060;12;16,1;13,4;0,0;336,5;172,6
2005-05-08 13:00:00;3061;13;17,0;13,4;0,0;335,9;151,7
2005-05-08 14:00:00;3062;14;17,3;13,4;0,0;335,9;138,3
2005-05-08 15:00:00;3063;15;17,8;13,4;0,0;335,9;129,1
2005-05-08 16:00:00;3064;16;16,7;13,4;0,0;335,4;134,1
2005-05-08 17:00:00;3065;17;16,4;13,4;0,0;334,9;166,4
2005-05-08 18:00:00;3066;18;15,8;13,4;0,0;334,5;185,6
2005-05-08 19:00:00;3067;19;15,5;13,4;0,0;334,3;229,6
2005-05-08 20:00:00;3068;20;13,8;13,4;0,0;334,0;235,9
2005-05-08 21:00:00;3069;21;12,8;13,4;0,0;333,9;220,0
2005-05-08 22:00:00;3070;22;12,5;13,4;0,0;333,7;132,4
2005-05-08 23:00:00;3071;23;12,8;13,4;0,0;333,4;83,0
2005-05-09 00:00:00;3072;0;12,5;13,3;0,0;333,2;57,4
2005-05-09 01:00:00;3073;1;12,3;13,3;0,0;333,1;31,0
2005-05-09 02:00:00;3074;2;11,6;13,3;0,0;332,8;12,2
2005-05-09 03:00:00;3075;3;11,3;13,3;0,0;332,8;8,8
2005-05-09 04:00:00;3076;4;11,2;13,3;0,0;332,6;26,4
2005-05-09 05:00:00;3077;5;11,7;13,3;0,0;332,2;66,2
2005-05-09 06:00:00;3078;6;11,5;13,3;0,0;332,2;178,9
2005-05-09 07:00:00;3079;7;11,7;13,3;0,0;332,0;191,5
2005-05-09 08:00:00;3080;8;12,2;13,3;0,0;331,9;192,3
2005-05-09 09:00:00;3081;9;13,6;13,3;0,0;331,7;201,6
2005-05-09 10:00:00;3082;10;14,9;13,3;0,0;331,3;192,3
2005-05-09 11:00:00;3083;11;15,8;13,3;0,0;331,1;186,5
2005-05-09 12:00:00;3084;12;16,2;13,3;0,0;330,9;172,6
2005-05-09 13:00:00;3085;13;16,3;13,3;0,0;329,6;151,7
2005-05-09 14:00:00;3086;14;17,0;13,3;0,0;329,3;138,3
2005-05-09 15:00:00;3087;15;16,3;13,3;0,0;329,1;129,1
2005-05-09 16:00:00;3088;16;15,8;13,3;0,0;328,9;134,1
2005-05-09 17:00:00;3089;17;15,4;13,3;0,0;328,8;166,4
2005-05-09 18:00:00;3090;18;13,9;13,3;0,0;328,6;185,6
2005-05-09 19:00:00;3091;19;13,5;13,3;0,0;328,6;229,6
2005-05-09 20:00:00;3092;20;12,5;13,3;0,0;328,5;235,9
2005-05-09 21:00:00;3093;21;11,7;13,3;0,0;327,2;220,0
2005-05-09 22:00:00;3094;22;10,6;13,3;0,0;327,0;132,4
2005-05-09 23:00:00;3095;23;9,8;13,3;0,0;327,0;83,0
2005-05-10 00:00:00;3096;0;9,5;14,5;0,0;327,0;57,4
2005-05-10 01:00:00;3097;1;9,0;14,5;0,0;326,9;31,0
2005-05-10 02:00:00;3098;2;9,1;14,5;0,0;326,9;12,2
2005-05-10 03:00:00;3099;3;9,0;14,5;0,0;326,0;8,8
2005-05-10 04:00:00;3100;4;8,9;14,5;0,0;325,9;26,4
2005-05-10 05:00:00;3101;5;9,5;14,5;0,0;325,7;66,2
2005-05-10 06:00:00;3102;6;9,6;14,5;0,0;325,6;178,9
2005-05-10 07:00:00;3103;7;11,0;14,5;0,0;324,9;191,5
2005-05-10 08:00:00;3104;8;12,7;14,5;0,0;324,0;192,3
2005-05-10 09:00:00;3105;9;15,0;14,5;0,0;323,9;201,6
2005-05-10 10:00:00;3106;10;16,4;14,5;0,0;323,7;192,3
2005-05-10 11:00:00;3107;11;17,9;14,5;0,0;323,2;186,5
2005-05-10 12:00:00;3108;12;19,0;14,5;0,0;322,9;172,6
2005-05-10 13:00:00;3109;13;19,3;14,5;0,0;322,9;151,7
2005-05-10 14:00:00;3110;14;19,7;14,5;0,0;322,0;138,3
2005-05-10 15:00:00;3111;15;20,0;14,5;0,0;321,6;129,1
2005-05-10 16:00:00;3112;16;19,9;14,5;0,0;321,2;134,1
2005-05-10 17:00:00;3113;17;19,1;14,5;0,0;321,1;166,4
2005-05-10 18:00:00;3114;18;18,6;14,5;0,0;320,8;185,6
2005-05-10 19:00:00;3115;19;17,2;14,5;0,0;320,8;229,6
2005-05-10 20:00:00;3116;20;16,3;14,5;0,0;319,7;235,9
2005-05-10 21:00:00;3117;21;15,0;14,5;0,0;319,4;220,0
2005-05-10 22:00:00;3118;22;13,8;14,5;0,0;319,0;132,4
2005-05-10 23:00:00;3119;23;13,1;14,5;0,0;318,7;83,0
2005-05-11 00:00:00;3120;0;12,8;12,0;0,0;318,5;57,4
2005-05-11 01:00:00;3121;1;12,2;12,0;0,0;318,5;31,0
2005-05-11 02:00:00;3122;2;11,8;12,0;0,0;318,4;12,2
2005-05-11 03:00:00;3123;3;11,4;12,0;0,0;318,2;8,8
2005-05-11 04:00:00;3124;4;11,0;12,0;0,0;318,0;26,4
2005-05-11 05:00:00;3125;5;10,9;12,0;0,0;317,7;66,2
2005-05-11 06:00:00;3126;6;10,8;12,0;0,0;316,5;178,9
2005-05-11 07:00:00;3127;7;10,6;12,0;0,0;316,4;191,5
2005-05-11 08:00:00;3128;8;11,5;12,0;0,0;316,4;192,3
2005-05-11 09:00:00;3129;9;12,2;12,0;0,0;316,2;201,6
2005-05-11 10:00:00;3130;10;13,1;12,0;0,0;316,2;192,3
2005-05-11 11:00:00;3131;11;13,5;12,0;0,0;316,0;186,5
2005-05-11 12:00:00;3132;12;13,5;12,0;0,0;316,0;172,6
2005-05-11 13:00:00;3133;13;13,2;12,0;0,0;315,1;151,7
2005-05-11 14:00:00;3134;14;13,6;12,0;0,0;314,9;138,3
2005-05-11 15:00:00;3135;15;13,9;12,0;0,0;314,5;129,1
2005-05-11 16:00:00;3136;16;13,6;12,0;0,0;314,1;134,1
2005-05-11 17:00:00;3137;17;13,8;12,0;0,0;314,0;166,4
2005-05-11 18:00:00;3138;18;12,5;12,0;0,0;313,8;185,6
2005-05-11 19:00:00;3139;19;11,6;12,0;0,0;313,7;229,6
2005-05-11 20:00:00;3140;20;10,5;12,0;0,0;312,6;235,9
2005-05-11 21:00:00;3141;21;10,2;12,0;0,0;312,3;220,0
2005-05-11 22:00:00;3142;22;9,9;12,0;0,0;312,2;132,4
2005-05-11 23:00:00;3143;23;9,6;12,0;0,0;311,8;83,0
2005-05-12 00:00:00;3144;0;9,1;11,0;0,0;311,8;57,4
2005-05-12 01:00:00;3145;1;9,4;11,0;0,0;310,5;31,0
2005-05-12 02:00:00;3146;2;9,8;11,0;0,0;310,2;12,2
2005-05-12 03:00:00;3147;3;10,0;11,0;0,0;310,1;8,8
2005-05-12 04:00:00;3148;4;9,6;11,0;0,0;309,9;26,4
2005-05-12 05:00:00;3149;5;9,6;11,0;0,0;309,7;66,2
2005-05-12 06:00:00;3150;6;9,1;11,0;0,0;309,4;178,9
2005-05-12 07:00:00;3151;7;9,7;11,0;0,0;309,3;191,5
2005-05-12 08:00:00;3152;8;10,5;11,0;0,0;309,3;192,3
2005-05-12 09:00:00;3153;9;11,2;11,0;0,0;309,2;201,6
2005-05-12 10:00:00;3154;10;12,4;11,0;0,0;309,1;192,3
2005-05-12 11:00:00;3155;11;13,0;11,0;0,0;309,1;186,5
2005-05-12 12:00:00;3156;12;13,1;11,0;0,0;309,0;172,6
2005-05-12 13:00:00;3157;13;13,3;11,0;0,0;308,9;151,7
2005-05-12 14:00:00;3158;14;13,4;11,0;0,0;308,8;138,3
2005-05-12 15:00:00;3159;15;13,4;11,0;0,0;308,2;129,1
2005-05-12 16:00:00;3160;16;13,3;11,0;0,0;307,6;134,1
2005-05-12 17:00:00;3161;17;12,8;11,0;0,0;307,4;166,4
2005-05-12 18:00:00;3162;18;12,0;11,0;0,0;307,3;185,6
2005-05-12 19:00:00;3163;19;11,0;11,0;0,0;307,1;229,6
2005-05-12 20:00:00;3164;20;10,7;11,0;0,0;307,0;235,9
2005-05-12 21:00:00;3165;21;9,7;11,0;0,0;306,5;220,0
2005-05-12 22:00:00;3166;22;9,2;11,0;0,0;306,4;132,4
2005-05-12 23:00:00;3167;23;8,0;11,0;0,0;306,2;83,0
2005-05-13 00:00:00;3168;0;7,5;13,1;0,0;305,7;57,4
2005-05-13 01:00:00;3169;1;6,5;13,1;0,0;305,4;31,0
2005-05-13 02:00:00;3170;2;6,8;13,1;0,0;305,2;12,2
2005-05-13 03:00:00;3171;3;6,4;13,1;0,0;304,8;8,8
2005-05-13 04:00:00;3172;4;7,0;13,1;0,0;304,2;26,4
2005-05-13 05:00:00;3173;5;7,8;13,1;0,0;304,1;66,2
2005-05-13 06:00:00;3174;6;7,5;13,1;0,0;303,6;178,9
2005-05-13 07:00:00;3175;7;8,9;13,1;0,0;303,3;191,5
2005-05-13 08:00:00;3176;8;10,7;13,1;0,0;303,2;192,3
2005-05-13 09:00:00;3177;9;12,3;13,1;0,0;303,0;201,6
2005-05-13 10:00:00;3178;10;13,7;13,1;0,0;302,8;192,3
2005-05-13 11:00:00;3179;11;15,5;13,1;0,0;302,7;186,5
2005-05-13 12:00:00;3180;12;16,2;13,1;0,0;302,6;172,6
2005-05-13 13:00:00;3181;13;16,8;13,1;0,0;302,2;151,7
2005-05-13 14:00:00;3182;14;17,3;13,1;0,0;301,8;138,3
2005-05-13 15:00:00;3183;15;17,9;13,1;0,0;301,6;129,1
2005-05-13 16:00:00;3184;16;18,2;13,1;0,0;301,1;134,1
2005-05-13 17:00:00;3185;17;18,3;13,1;0,0;301,0;166,4
2005-05-13 18:00:00;3186;18;18,1;13,1;0,0;300,7;185,6
2005-05-13 19:00:00;3187;19;17,8;13,1;0,0;300,5;229,6
2005-05-13 20:00:00;3188;20;17,1;13,1;0,0;300,4;235,9
2005-05-13 21:00:00;3189;21;16,1;13,1;0,0;300,3;220,0
2005-05-13 22:00:00;3190;22;15,6;13,1;0,0;300,1;132,4
2005-05-13 23:00:00;3191;23;15,3;13,1;0,0;299,5;83,0
2005-05-14 00:00:00;3192;0;14,7;18,3;0,0;299,5;57,4
2005-05-14 01:00:00;3193;1;14,1;18,3;0,0;299,3;31,0
2005-05-14 02:00:00;3194;2;13,7;18,3;0,0;299,2;12,2
2005-05-14 03:00:00;3195;3;13,9;18,3;0,0;298,7;8,8
2005-05-14 04:00:00;3196;4;14,0;18,3;0,0;298,1;26,4
2005-05-14 05:00:00;3197;5;13,9;18,3;0,0;298,1;66,2
2005-05-14 06:00:00;3198;6;14,5;18,3;0,0;297,9;178,9
2005-05-14 07:00:00;3199;7;15,3;18,3;0,0;297,7;191,5
2005-05-14 08:00:00;3200;8;16,7;18,3;0,0;296,9;192,3
2005-05-14 09:00:00;3201;9;18,8;18,3;0,0;296,7;201,6
2005-05-14 10:00:00;3202;10;20,5;18,3;0,0;296,7;192,3
2005-05-14 11:00:00;3203;11;21,5;18,3;0,0;296,5;186,5
2005-05-14 12:00:00;3204;12;22,1;18,3;0,0;295,9;172,6
2005-05-14 13:00:00;3205;13;22,7;18,3;0,0;295,6;151,7
2005-05-14 14:00:00;3206;14;22,8;18,3;0,0;295,5;138,3
2005-05-14 15:00:00;3207;15;22,6;18,3;0,0;295,0;129,1
2005-05-14 16:00:00;3208;16;22,3;18,3;0,0;294,7;134,1
2005-05-14 17:00:00;3209;17;21,9;18,3;0,0;294,7;166,4
2005-05-14 18:00:00;3210;18;21,1;18,3;0,0;294,6;185,6
2005-05-14 19:00:00;3211;19;19,8;18,3;0,0;294,4;229,6
2005-05-14 20:00:00;3212;20;19,5;18,3;0,0;294,0;235,9
2005-05-14 21:00:00;3213;21;18,6;18,3;0,0;293,4;220,0
2005-05-14 22:00:00;3214;22;18,2;18,3;0,0;293,0;132,4
2005-05-14 23:00:00;3215;23;17,2;18,3;0,0;293,0;83,0
2005-05-15 00:00:00;3216;0;17,1;18,1;0,0;293,0;57,4
2005-05-15 01:00:00;3217;1;16,9;18,1;0,0;292,9;31,0
2005-05-15 02:00:00;3218;2;16,9;18,1;0,0;292,8;12,2
2005-05-15 03:00:00;3219;3;16,5;18,1;0,0;291,9;8,8
2005-05-15 04:00:00;3220;4;16,2;18,1;0,0;291,7;26,4
2005-05-15 05:00:00;3221;5;16,0;18,1;0,0;291,5;66,2
2005-05-15 06:00:00;3222;6;15,9;18,1;0,0;291,3;178,9
2005-05-15 07:00:00;3223;7;16,9;18,1;0,0;291,2;191,5
2005-05-15 08:00:00;3224;8;17,5;18,1;0,0;290,6;192,3
2005-05-15 09:00:00;3225;9;18,4;18,1;0,0;290,5;201,6
2005-05-15 10:00:00;3226;10;19,6;18,1;0,0;289,4;192,3
2005-05-15 11:00:00;3227;11;20,1;18,1;0,0;288,4;186,5
2005-05-15 12:00:00;3228;12;20,7;18,1;0,0;287,8;172,6
2005-05-15 13:00:00;3229;13;20,5;18,1;0,0;287,7;151,7
2005-05-15 14:00:00;3230;14;21,2;18,1;0,0;287,5;138,3
2005-05-15 15:00:00;3231;15;21,1;18,1;0,0;287,5;129,1
2005-05-15 16:00:00;3232;16;20,9;18,1;0,0;286,6;134,1
2005-05-15 17:00:00;3233;17;20,3;18,1;0,0;286,5;166,4
2005-05-15 18:00:00;3234;18;19,1;18,1;0,0;286,5;185,6
2005-05-15 19:00:00;3235;19;17,9;18,1;0,0;286,4;229,6
2005-05-15 20:00:00;3236;20;16,7;18,1;0,0;286,4;235,9
2005-05-15 21:00:00;3237;21;16,5;18,1;0,0;285,8;220,0
2005-05-15 22:00:00;3238;22;15,9;18,1;0,0;285,3;132,4
2005-05-15 23:00:00;3239;23;15,1;18,1;0,0;285,3;83,0
2005-05-16 00:00:00;3240;0;14,9;16,9;0,0;285,2;57,4
2005-05-16 01:00:00;3241;1;14,7;16,9;0,0;284,5;31,0
2005-05-16 02:00:00;3242;2;14,9;16,9;0,0;284,5;12,2
2005-05-16 03:00:00;3243;3;14,5;16,9;0,0;284,0;8,8
2005-05-16 04:00:00;3244;4;14,8;16,9;0,0;283,7;26,4
2005-05-16 05:00:00;3245;5;14,9;16,9;0,0;283,4;66,2
2005-05-16 06:00:00;3246;6;15,4;16,9;0,0;283,0;178,9
2005-05-16 07:00:00;3247;7;15,3;16,9;0,0;282,8;191,5
2005-05-16 08:00:00;3248;8;16,3;16,9;0,0;282,7;192,3
2005-05-16 09:00:00;3249;9;17,5;16,9;0,0;282,5;201,6
2005-05-16 10:00:00;3250;10;18,6;16,9;0,0;282,0;192,3
2005-05-16 11:00:00;3251;11;19,8;16,9;0,0;280,7;186,5
2005-05-16 12:00:00;3252;12;19,6;16,9;0,0;280,6;172,6
2005-05-16 13:00:00;3253;13;20,1;16,9;0,0;280,6;151,7
2005-05-16 14:00:00;3254;14;20,4;16,9;0,0;279,7;138,3
2005-05-16 15:00:00;3255;15;20,0;16,9;0,0;279,2;129,1
2005-05-16 16:00:00;3256;16;19,4;16,9;0,0;278,8;134,1
2005-05-16 17:00:00;3257;17;18,9;16,9;0,0;278,8;166,4
2005-05-16 18:00:00;3258;18;17,6;16,9;0,0;278,7;185,6
2005-05-16 19:00:00;3259;19;16,8;16,9;0,0;278,1;229,6
2005-05-16 20:00:00;3260;20;15,8;16,9;0,0;278,1;235,9
2005-05-16 21:00:00;3261;21;15,6;16,9;0,0;278,0;220,0
2005-05-16 22:00:00;3262;22;15,3;16,9;0,0;277,5;132,4
2005-05-16 23:00:00;3263;23;14,9;16,9;0,0;277,3;83,0
2005-05-17 00:00:00;3264;0;14,8;14,2;0,0;277,2;57,4
2005-05-17 01:00:00;3265;1;13,8;14,2;0,0;277,2;31,0
2005-05-17 02:00:00;3266;2;13,4;14,2;0,0;276,6;12,2
2005-05-17 03:00:00;3267;3;12,5;14,2;0,0;276,2;8,8
2005-05-17 04:00:00;3268;4;11,9;14,2;0,0;276,2;26,4
2005-05-17 05:00:00;3269;5;11,9;14,2;0,0;276,1;66,2
2005-05-17 06:00:00;3270;6;11,9;14,2;0,0;275,6;178,9
2005-05-17 07:00:00;3271;7;12,0;14,2;0,0;274,2;191,5
2005-05-17 08:00:00;3272;8;13,5;14,2;0,0;274,0;192,3
2005-05-17 09:00:00;3273;9;15,7;14,2;0,0;273,7;201,6
2005-05-17 10:00:00;3274;10;16,9;14,2;0,0;273,4;192,3
2005-05-17 11:00:00;3275;11;18,1;14,2;0,0;273,3;186,5
2005-05-17 12:00:00;3276;12;18,4;14,2;0,0;273,2;172,6
2005-05-17 13:00:00;3277;13;19,0;14,2;0,0;272,9;151,7
2005-05-17 14:00:00;3278;14;19,0;14,2;0,0;272,5;138,3
2005-05-17 15:00:00;3279;15;18,3;14,2;0,0;272,2;129,1
2005-05-17 16:00:00;3280;16;17,1;14,2;0,0;271,6;134,1
2005-05-17 17:00:00;3281;17;16,4;14,2;0,0;271,3;166,4
2005-05-17 18:00:00;3282;18;14,6;14,2;0,0;270,9;185,6
2005-05-17 19:00:00;3283;19;13,3;14,2;0,0;270,7;229,6
2005-05-17 20:00:00;3284;20;11,7;14,2;0,0;270,7;235,9
2005-05-17 21:00:00;3285;21;10,3;14,2;0,0;270,5;220,0
2005-05-17 22:00:00;3286;22;9,5;14,2;0,0;269,8;132,4
2005-05-17 23:00:00;3287;23;8,0;14,2;0,0;269,7;83,0
2005-05-18 00:00:00;3288;0;6,6;12,5;0,0;269,2;57,4
2005-05-18 01:00:00;3289;1;6,0;12,5;0,0;268,3;31,0
2005-05-18 02:00:00;3290;2;6,3;12,5;0,0;267,7;12,2
2005-05-18 03:00:00;3291;3;6,9;12,5;0,0;267,5;8,8
2005-05-18 04:00:00;3292;4;7,4;12,5;0,0;267,2;26,4
2005-05-18 05:00:00;3293;5;7,2;12,5;0,0;266,7;66,2
2005-05-18 06:00:00;3294;6;7,6;12,5;0,0;266,3;178,9
2005-05-18 07:00:00;3295;7;8,1;12,5;0,0;266,3;191,5
2005-05-18 08:00:00;3296;8;9,4;12,5;0,0;266,1;192,3
2005-05-18 09:00:00;3297;9;11,2;12,5;0,0;266,1;201,6
2005-05-18 10:00:00;3298;10;12,7;12,5;0,0;266,0;192,3
2005-05-18 11:00:00;3299;11;14,4;12,5;0,0;265,8;186,5
2005-05-18 12:00:00;3300;12;15,5;12,5;0,0;265,6;172,6
2005-05-18 13:00:00;3301;13;16,0;12,5;0,0;264,8;151,7
2005-05-18 14:00:00;3302;14;16,6;12,5;0,0;264,3;138,3
2005-05-18 15:00:00;3303;15;17,2;12,5;0,0;264,0;129,1
2005-05-18 16:00:00;3304;16;17,5;12,5;0,0;263,6;134,1
2005-05-18 17:00:00;3305;17;17,2;12,5;0,0;263,6;166,4
2005-05-18 18:00:00;3306;18;17,2;12,5;0,0;263,2;185,6
2005-05-18 19:00:00;3307;19;17,0;12,5;0,0;263,2;229,6
2005-05-18 20:00:00;3308;20;16,5;12,5;0,0;262,6;235,9
2005-05-18 21:00:00;3309;21;15,6;12,5;0,0;262,4;220,0
2005-05-18 22:00:00;3310;22;14,7;12,5;0,0;261,2;132,4
2005-05-18 23:00:00;3311;23;15,3;12,5;0,0;259,8;83,0
2005-05-19 00:00:00;3312;0;15,4;18,0;0,0;259,2;57,4
2005-05-19 01:00:00;3313;1;14,9;18,0;0,0;259,0;31,0
2005-05-19 02:00:00;3314;2;14,2;18,0;0,0;258,9;12,2
2005-05-19 03:00:00;3315;3;13,4;18,0;0,0;258,7;8,8
2005-05-19 04:00:00;3316;4;13,7;18,0;0,0;258,5;26,4
2005-05-19 05:00:00;3317;5;13,8;18,0;0,0;258,5;66,2
2005-05-19 06:00:00;3318;6;14,6;18,0;0,0;257,7;178,9
2005-05-19 07:00:00;3319;7;15,8;18,0;0,0;257,6;191,5
2005-05-19 08:00:00;3320;8;17,3;18,0;0,0;257,5;192,3
2005-05-19 09:00:00;3321;9;18,5;18,0;0,0;257,3;201,6
2005-05-19 10:00:00;3322;10;20,0;18,0;0,0;256,3;192,3
2005-05-19 11:00:00;3323;11;20,8;18,0;0,0;256,0;186,5
2005-05-19 12:00:00;3324;12;22,1;18,0;0,0;255,2;172,6
2005-05-19 13:00:00;3325;13;22,2;18,0;0,0;255,1;151,7
2005-05-19 14:00:00;3326;14;22,5;18,0;0,0;254,8;138,3
2005-05-19 15:00:00;3327;15;22,1;18,0;0,0;254,7;129,1
2005-05-19 16:00:00;3328;16;22,1;18,0;0,0;254,3;134,1
2005-05-19 17:00:00;3329;17;21,3;18,0;0,0;254,0;166,4
2005-05-19 18:00:00;3330;18;20,7;18,0;0,0;253,7;185,6
2005-05-19 19:00:00;3331;19;19,0;18,0;0,0;253,7;229,6
2005-05-19 20:00:00;3332;20;17,9;18,0;0,0;253,3;235,9
2005-05-19 21:00:00;3333;21;16,8;18,0;0,0;253,0;220,0
2005-05-19 22:00:00;3334;22;16,9;18,0;0,0;252,7;132,4
2005-05-19 23:00:00;3335;23;16,0;18,0;0,0;252,7;83,0
2005-05-20 00:00:00;3336;0;15,5;17,2;0,0;252,3;57,4
2005-05-20 01:00:00;3337;1;15,2;17,2;0,0;252,1;31,0
2005-05-20 02:00:00;3338;2;14,9;17,2;0,0;251,6;12,2
2005-05-20 03:00:00;3339;3;14,8;17,2;0,0;251,5;8,8
2005-05-20 04:00:00;3340;4;15,0;17,2;0,0;250,8;26,4
2005-05-20 05:00:00;3341;5;14,7;17,2;0,0;249,9;66,2
2005-05-20 06:00:00;3342;6;14,8;17,2;0,0;249,6;178,9
2005-05-20 07:00:00;3343;7;15,6;17,2;0,0;249,4;191,5
2005-05-20 08:00:00;3344;8;16,3;17,2;0,0;248,9;192,3
2005-05-20 09:00:00;3345;9;17,9;17,2;0,0;248,8;201,6
2005-05-20 10:00:00;3346;10;18,7;17,2;0,0;248,4;192,3
2005-05-20 11:00:00;3347;11;19,7;17,2;0,0;247,7;186,5
2005-05-20 12:00:00;3348;12;20,8;17,2;0,0;247,3;172,6
2005-05-20 13:00:00;3349;13;21,1;17,2;0,0;247,3;151,7
2005-05-20 14:00:00;3350;14;21,3;17,2;0,0;247,2;138,3
2005-05-20 15:00:00;3351;15;21,3;17,2;0,0;246,9;129,1
2005-05-20 16:00:00;3352;16;21,2;17,2;0,0;246,3;134,1
2005-05-20 17:00:00;3353;17;20,3;17,2;0,0;246,2;166,4
2005-05-20 18:00:00;3354;18;18,7;17,2;0,0;246,2;185,6
2005-05-20 19:00:00;3355;19;17,2;17,2;0,0;246,1;229,6
2005-05-20 20:00:00;3356;20;16,2;17,2;0,0;246,1;235,9
2005-05-20 21:00:00;3357;21;14,8;17,2;0,0;245,9;220,0
2005-05-20 22:00:00;3358;22;14,0;17,2;0,0;245,3;132,4
2005-05-20 23:00:00;3359;23;13,5;17,2;0,0;244,9;83,0
2005-05-21 00:00:00;3360;0;13,0;13,4;0,0;244,9;57,4
2005-05-21 01:00:00;3361;1;12,9;13,4;0,0;244,5;31,0
2005-05-21 02:00:00;3362;2;12,7;13,4;0,0;244,3;12,2
2005-05-21 03:00:00;3363;3;13,2;13,4;0,0;244,2;8,8
2005-05-21 04:00:00;3364;4;13,6;13,4;0,0;243,4;26,4
2005-05-21 05:00:00;3365;5;13,1;13,4;0,0;243,4;66,2
2005-05-21 06:00:00;3366;6;12,6;13,4;0,0;242,9;178,9
2005-05-21 07:00:00;3367;7;12,5;13,4;0,0;242,7;191,5
2005-05-21 08:00:00;3368;8;13,2;13,4;0,0;242,2;192,3
2005-05-21 09:00:00;3369;9;13,7;13,4;0,0;241,9;201,6
2005-05-21 10:00:00;3370;10;14,5;13,4;0,0;241,6;192,3
2005-05-21 11:00:00;3371;11;14,9;13,4;0,0;241,0;186,5
2005-05-21 12:00:00;3372;12;14,5;13,4;0,0;239,9;172,6
2005-05-21 13:00:00;3373;13;14,7;13,4;0,0;239,8;151,7
2005-05-21 14:00:00;3374;14;14,3;13,4;0,0;239,6;138,3
2005-05-21 15:00:00;3375;15;14,3;13,4;0,0;239,1;129,1
2005-05-21 16:00:00;3376;16;13,8;13,4;0,0;237,9;134,1
2005-05-21 17:00:00;3377;17;14,1;13,4;0,0;237,5;166,4
2005-05-21 18:00:00;3378;18;13,8;13,4;0,0;237,5;185,6
2005-05-21 19:00:00;3379;19;13,5;13,4;0,0;237,2;229,6
2005-05-21 20:00:00;3380;20;12,6;13,4;0,0;237,2;235,9
2005-05-21 21:00:00;3381;21;12,8;13,4;0,0;237,1;220,0
2005-05-21 22:00:00;3382;22;11,4;13,4;0,0;236,0;132,4
2005-05-21 23:00:00;3383;23;11,0;13,4;0,0;235,7;83,0
2005-05-22 00:00:00;3384;0;11,1;16,5;0,0;235,2;57,4
2005-05-22 01:00:00;3385;1;11,5;16,5;0,0;235,1;31,0
2005-05-22 02:00:00;3386;2;11,5;16,5;0,0;234,1;12,2
2005-05-22 03:00:00;3387;3;11,2;16,5;0,0;233,6;8,8
2005-05-22 04:00:00;3388;4;11,7;16,5;0,0;233,3;26,4
2005-05-22 05:00:00;3389;5;11,9;16,5;0,0;233,1;66,2
2005-05-22 06:00:00;3390;6;13,1;16,5;0,0;232,6;178,9
2005-05-22 07:00:00;3391;7;13,5;16,5;0,0;232,3;191,5
2005-05-22 08:00:00;3392;8;14,8;16,5;0,0;232,0;192,3
2005-05-22 09:00:00;3393;9;16,6;16,5;0,0;232,0;201,6
2005-05-22 10:00:00;3394;10;17,9;16,5;0,0;232,0;192,3
2005-05-22 11:00:00;3395;11;18,3;16,5;0,0;231,7;186,5
2005-05-22 12:00:00;3396;12;19,3;16,5;0,0;231,3;172,6
2005-05-22 13:00:00;3397;13;19,8;16,5;0,0;231,2;151,7
2005-05-22 14:00:00;3398;14;19,6;16,5;0,0;231,2;138,3
2005-05-22 15:00:00;3399;15;20,1;16,5;0,0;231,1;129,1
2005-05-22 16:00:00;3400;16;19,8;16,5;0,0;230,9;134,1
2005-05-22 17:00:00;3401;17;20,0;16,5;0,0;230,7;166,4
2005-05-22 18:00:00;3402;18;20,0;16,5;0,0;230,6;185,6
2005-05-22 19:00:00;3403;19;20,2;16,5;0,0;230,5;229,6
2005-05-22 20:00:00;3404;20;19,1;16,5;0,0;229,8;235,9
2005-05-22 21:00:00;3405;21;18,9;16,5;0,0;229,6;220,0
2005-05-22 22:00:00;3406;22;17,8;16,5;0,0;229,4;132,4
2005-05-22 23:00:00;3407;23;17,8;16,5;0,0;229,1;83,0
2005-05-23 00:00:00;3408;0;17,8;16,8;0,0;229,0;57,4
2005-05-23 01:00:00;3409;1;17,5;16,8;0,0;228,4;31,0
2005-05-23 02:00:00;3410;2;16,5;16,8;0,0;228,4;12,2
2005-05-23 03:00:00;3411;3;16,3;16,8;0,0;226,2;8,8
2005-05-23 04:00:00;3412;4;15,6;16,8;0,0;226,0;26,4
2005-05-23 05:00:00;3413;5;15,0;16,8;0,0;225,8;66,2
2005-05-23 06:00:00;3414;6;15,2;16,8;0,0;225,5;178,9
2005-05-23 07:00:00;3415;7;15,2;16,8;0,0;225,2;191,5
2005-05-23 08:00:00;3416;8;16,1;16,8;0,0;225,0;192,3
2005-05-23 09:00:00;3417;9;16,9;16,8;0,0;224,6;201,6
2005-05-23 10:00:00;3418;10;17,8;16,8;0,0;223,9;192,3
2005-05-23 11:00:00;3419;11;18,7;16,8;0,0;223,9;186,5
2005-05-23 12:00:00;3420;12;19,4;16,8;0,0;223,6;172,6
2005-05-23 13:00:00;3421;13;19,7;16,8;0,0;223,6;151,7
2005-05-23 14:00:00;3422;14;20,2;16,8;0,0;222,8;138,3
2005-05-23 15:00:00;3423;15;19,8;16,8;0,0;222,4;129,1
2005-05-23 16:00:00;3424;16;19,1;16,8;0,0;221,9;134,1
2005-05-23 17:00:00;3425;17;18,3;16,8;0,0;221,8;166,4
2005-05-23 18:00:00;3426;18;17,3;16,8;0,0;221,3;185,6
2005-05-23 19:00:00;3427;19;16,2;16,8;0,0;220,8;229,6
2005-05-23 20:00:00;3428;20;14,8;16,8;0,0;220,2;235,9
2005-05-23 21:00:00;3429;21;14,0;16,8;0,0;220,2;220,0
2005-05-23 22:00:00;3430;22;12,9;16,8;0,0;220,0;132,4
2005-05-23 23:00:00;3431;23;12,2;16,8;0,0;220,0;83,0
2005-05-24 00:00:00;3432;0;10,9;12,8;0,0;219,2;57,4
2005-05-24 01:00:00;3433;1;10,1;12,8;0,0;219,0;31,0
2005-05-24 02:00:00;3434;2;8,9;12,8;0,0;218,8;12,2
2005-05-24 03:00:00;3435;3;8,5;12,8;0,0;218,8;8,8
2005-05-24 04:00:00;3436;4;9,0;12,8;0,0;218,2;26,4
2005-05-24 05:00:00;3437;5;8,9;12,8;0,0;218,2;66,2
2005-05-24 06:00:00;3438;6;9,0;12,8;0,0;218,2;178,9
2005-05-24 07:00:00;3439;7;9,7;12,8;0,0;218,0;191,5
2005-05-24 08:00:00;3440;8;11,4;12,8;0,0;217,6;192,3
2005-05-24 09:00:00;3441;9;13,0;12,8;0,0;216,8;201,6
2005-05-24 10:00:00;3442;10;14,8;12,8;0,0;216,6;192,3
2005-05-24 11:00:00;3443;11;15,8;12,8;0,0;216,5;186,5
2005-05-24 12:00:00;3444;12;16,3;12,8;0,0;216,4;172,6
2005-05-24 13:00:00;3445;13;17,6;12,8;0,0;216,0;151,7
2005-05-24 14:00:00;3446;14;18,1;12,8;0,0;215,3;138,3
2005-05-24 15:00:00;3447;15;18,3;12,8;0,0;214,9;129,1
2005-05-24 16:00:00;3448;16;18,4;12,8;0,0;214,8;134,1
2005-05-24 17:00:00;3449;17;17,0;12,8;0,0;214,4;166,4
2005-05-24 18:00:00;3450;18;15,3;12,8;0,0;214,1;185,6
2005-05-24 19:00:00;3451;19;14,4;12,8;0,0;213,3;229,6
2005-05-24 20:00:00;3452;20;12,5;12,8;0,0;213,2;235,9
2005-05-24 21:00:00;3453;21;11,3;12,8;0,0;212,8;220,0
2005-05-24 22:00:00;3454;22;10,6;12,8;0,0;212,8;132,4
2005-05-24 23:00:00;3455;23;8,7;12,8;0,0;212,8;83,0
2005-05-25 00:00:00;3456;0;7,1;12,0;0,0;212,6;57,4
2005-05-25 01:00:00;3457;1;7,0;12,0;0,0;211,9;31,0
2005-05-25 02:00:00;3458;2;6,7;12,0;0,0;211,9;12,2
2005-05-25 03:00:00;3459;3;6,0;12,0;0,0;211,8;8,8
2005-05-25 04:00:00;3460;4;6,3;12,0;0,0;211,7;26,4
2005-05-25 05:00:00;3461;5;6,9;12,0;0,0;211,1;66,2
2005-05-25 06:00:00;3462;6;7,4;12,0;0,0;210,2;178,9
2005-05-25 07:00:00;3463;7;8,4;12,0;0,0;209,7;191,5
2005-05-25 08:00:00;3464;8;10,7;12,0;0,0;209,3;192,3
2005-05-25 09:00:00;3465;9;12,9;12,0;0,0;209,1;201,6
2005-05-25 10:00:00;3466;10;15,2;12,0;0,0;208,7;192,3
2005-05-25 11:00:00;3467;11;16,3;12,0;0,0;208,3;186,5
2005-05-25 12:00:00;3468;12;16,8;12,0;0,0;207,5;172,6
2005-05-25 13:00:00;3469;13;17,7;12,0;0,0;206,9;151,7
2005-05-25 14:00:00;3470;14;18,3;12,0;0,0;206,9;138,3
2005-05-25 15:00:00;3471;15;17,7;12,0;0,0;206,7;129,1
2005-05-25 16:00:00;3472;16;17,4;12,0;0,0;205,7;134,1
2005-05-25 17:00:00;3473;17;16,1;12,0;0,0;205,6;166,4
2005-05-25 18:00:00;3474;18;15,3;12,0;0,0;205,1;185,6
2005-05-25 19:00:00;3475;19;13,9;12,0;0,0;205,0;229,6
2005-05-25 20:00:00;3476;20;12,8;12,0;0,0;204,8;235,9
2005-05-25 21:00:00;3477;21;11,6;12,0;0,0;204,3;220,0
2005-05-25 22:00:00;3478;22;10,9;12,0;0,0;204,1;132,4
2005-05-25 23:00:00;3479;23;9,3;12,0;0,0;204,0;83,0
2005-05-26 00:00:00;3480;0;8,8;11,2;0,0;203,8;57,4
2005-05-26 01:00:00;3481;1;8,2;11,2;0,0;203,7;31,0
2005-05-26 02:00:00;3482;2;8,0;11,2;0,0;203,6;12,2
2005-05-26 03:00:00;3483;3;8,0;11,2;0,0;203,3;8,8
2005-05-26 04:00:00;3484;4;7,6;11,2;0,0;202,6;26,4
2005-05-26 05:00:00;3485;5;7,1;11,2;0,0;202,1;66,2
2005-05-26 06:00:00;3486;6;7,3;11,2;0,0;201,9;178,9
2005-05-26 07:00:00;3487;7;8,3;11,2;0,0;201,1;191,5
2005-05-26 08:00:00;3488;8;9,9;11,2;0,0;201,0;192,3
2005-05-26 09:00:00;3489;9;12,2;11,2;0,0;200,9;201,6
2005-05-26 10:00:00;3490;10;14,3;11,2;0,0;200,6;192,3
2005-05-26 11:00:00;3491;11;15,0;11,2;0,0;200,3;186,5
2005-05-26 12:00:00;3492;12;14,8;11,2;0,0;200,3;172,6
2005-05-26 13:00:00;3493;13;15,4;11,2;0,0;200,3;151,7
2005-05-26 14:00:00;3494;14;16,5;11,2;0,0;200,0;138,3
2005-05-26 15:00:00;3495;15;16,4;11,2;0,0;200,0;129,1
2005-05-26 16:00:00;3496;16;15,5;11,2;0,0;199,9;134,1
2005-05-26 17:00:00;3497;17;14,7;11,2;0,0;199,5;166,4
2005-05-26 18:00:00;3498;18;13,4;11,2;0,0;199,5;185,6
2005-05-26 19:00:00;3499;19;12,0;11,2;0,0;199,3;229,6
2005-05-26 20:00:00;3500;20;10,5;11,2;0,0;199,2;235,9
2005-05-26 21:00:00;3501;21;9,8;11,2;0,0;199,2;220,0
2005-05-26 22:00:00;3502;22;8,7;11,2;0,0;199,1;132,4
2005-05-26 23:00:00;3503;23;7,6;11,2;0,0;198,7;83,0
2005-05-27 00:00:00;3504;0;6,9;12,6;0,0;198,5;57,4
2005-05-27 01:00:00;3505;1;6,7;12,6;0,0;198,3;31,0
2005-05-27 02:00:00;3506;2;6,9;12,6;0,0;197,9;12,2
2005-05-27 03:00:00;3507;3;7,0;12,6;0,0;197,8;8,8
2005-05-27 04:00:00;3508;4;6,9;12,6;0,0;197,5;26,4
2005-05-27 05:00:00;3509;5;7,2;12,6;0,0;197,3;66,2
2005-05-27 06:00:00;3510;6;7,8;12,6;0,0;197,2;178,9
2005-05-27 07:00:00;3511;7;8,6;12,6;0,0;197,1;191,5
2005-05-27 08:00:00;3512;8;10,0;12,6;0,0;196,5;192,3
2005-05-27 09:00:00;3513;9;11,8;12,6;0,0;195,9;201,6
2005-05-27 10:00:00;3514;10;13,8;12,6;0,0;195,3;192,3
2005-05-27 11:00:00;3515;11;15,0;12,6;0,0;195,2;186,5
2005-05-27 12:00:00;3516;12;15,8;12,6;0,0;195,1;172,6
2005-05-27 13:00:00;3517;13;16,3;12,6;0,0;194,9;151,7
2005-05-27 14:00:00;3518;14;17,5;12,6;0,0;194,8;138,3
2005-05-27 15:00:00;3519;15;17,7;12,6;0,0;194,5;129,1
2005-05-27 16:00:00;3520;16;17,8;12,6;0,0;194,5;134,1
2005-05-27 17:00:00;3521;17;17,7;12,6;0,0;194,4;166,4
2005-05-27 18:00:00;3522;18;17,5;12,6;0,0;194,1;185,6
2005-05-27 19:00:00;3523;19;16,1;12,6;0,0;193,9;229,6
2005-05-27 20:00:00;3524;20;15,3;12,6;0,0;193,9;235,9
2005-05-27 21:00:00;3525;21;14,7;12,6;0,0;193,8;220,0
2005-05-27 22:00:00;3526;22;14,3;12,6;0,0;193,2;132,4
2005-05-27 23:00:00;3527;23;13,9;12,6;0,0;193,2;83,0
2005-05-28 00:00:00;3528;0;14,0;15,8;0,0;192,8;57,4
2005-05-28 01:00:00;3529;1;13,7;15,8;0,0;192,1;31,0
2005-05-28 02:00:00;3530;2;13,2;15,8;0,0;191,9;12,2
2005-05-28 03:00:00;3531;3;12,8;15,8;0,0;191,5;8,8
2005-05-28 04:00:00;3532;4;11,8;15,8;0,0;191,1;26,4
2005-05-28 05:00:00;3533;5;12,1;15,8;0,0;190,5;66,2
2005-05-28 06:00:00;3534;6;12,1;15,8;0,0;190,5;178,9
2005-05-28 07:00:00;3535;7;13,1;15,8;0,0;190,4;191,5
2005-05-28 08:00:00;3536;8;14,4;15,8;0,0;189,7;192,3
2005-05-28 09:00:00;3537;9;16,1;15,8;0,0;189,6;201,6
2005-05-28 10:00:00;3538;10;17,7;15,8;0,0;189,4;192,3
2005-05-28 11:00:00;3539;11;18,8;15,8;0,0;189,3;186,5
2005-05-28 12:00:00;3540;12;19,0;15,8;0,0;189,2;172,6
2005-05-28 13:00:00;3541;13;20,1;15,8;0,0;188,9;151,7
2005-05-28 14:00:00;3542;14;20,5;15,8;0,0;188,9;138,3
2005-05-28 15:00:00;3543;15;21,0;15,8;0,0;188,9;129,1
2005-05-28 16:00:00;3544;16;20,1;15,8;0,0;188,8;134,1
2005-05-28 17:00:00;3545;17;19,2;15,8;0,0;188,6;166,4
2005-05-28 18:00:00;3546;18;18,1;15,8;0,0;188,5;185,6
2005-05-28 19:00:00;3547;19;16,7;15,8;0,0;188,5;229,6
2005-05-28 20:00:00;3548;20;15,4;15,8;0,0;188,2;235,9
2005-05-28 21:00:00;3549;21;14,1;15,8;0,0;188,1;220,0
2005-05-28 22:00:00;3550;22;13,0;15,8;0,0;188,1;132,4
2005-05-28 23:00:00;3551;23;11,3;15,8;0,0;188,0;83,0
2005-05-29 00:00:00;3552;0;11,1;13,3;0,0;187,9;57,4
2005-05-29 01:00:00;3553;1;10,9;13,3;0,0;187,6;31,0
2005-05-29 02:00:00;3554;2;10,7;13,3;0,0;187,5;12,2
2005-05-29 03:00:00;3555;3;10,6;13,3;0,0;187,1;8,8
2005-05-29 04:00:00;3556;4;10,3;13,3;0,0;186,5;26,4
2005-05-29 05:00:00;3557;5;9,9;13,3;0,0;185,7;66,2
2005-05-29 06:00:00;3558;6;9,9;13,3;0,0;185,6;178,9
2005-05-29 07:00:00;3559;7;10,3;13,3;0,0;185,5;191,5
2005-05-29 08:00:00;3560;8;11,3;13,3;0,0;185,1;192,3
2005-05-29 09:00:00;3561;9;12,8;13,3;0,0;185,0;201,6
2005-05-29 10:00:00;3562;10;13,8;13,3;0,0;184,6;192,3
2005-05-29 11:00:00;3563;11;14,8;13,3;0,0;184,5;186,5
2005-05-29 12:00:00;3564;12;15,5;13,3;0,0;184,3;172,6
2005-05-29 13:00:00;3565;13;15,2;13,3;0,0;184,0;151,7
2005-05-29 14:00:00;3566;14;15,4;13,3;0,0;183,9;138,3
2005-05-29 15:00:00;3567;15;15,5;13,3;0,0;183,7;129,1
2005-05-29 16:00:00;3568;16;16,5;13,3;0,0;182,8;134,1
2005-05-29 17:00:00;3569;17;17,1;13,3;0,0;182,6;166,4
2005-05-29 18:00:00;3570;18;16,3;13,3;0,0;182,6;185,6
2005-05-29 19:00:00;3571;19;15,5;13,3;0,0;182,5;229,6
2005-05-29 20:00:00;3572;20;15,0;13,3;0,0;181,9;235,9
2005-05-29 21:00:00;3573;21;14,2;13,3;0,0;181,8;220,0
2005-05-29 22:00:00;3574;22;13,5;13,3;0,0;181,8;132,4
2005-05-29 23:00:00;3575;23;13,1;13,3;0,0;181,6;83,0
2005-05-30 00:00:00;3576;0;12,5;14,0;0,0;181,5;57,4
2005-05-30 01:00:00;3577;1;12,1;14,0;0,0;181,4;31,0
2005-05-30 02:00:00;3578;2;11,4;14,0;0,0;181,1;12,2
2005-05-30 03:00:00;3579;3;11,4;14,0;0,0;181,0;8,8
2005-05-30 04:00:00;3580;4;12,2;14,0;0,0;180,5;26,4
2005-05-30 05:00:00;3581;5;12,6;14,0;0,0;180,0;66,2
2005-05-30 06:00:00;3582;6;12,6;14,0;0,0;179,9;178,9
2005-05-30 07:00:00;3583;7;12,9;14,0;0,0;179,6;191,5
2005-05-30 08:00:00;3584;8;14,6;14,0;0,0;179,5;192,3
2005-05-30 09:00:00;3585;9;15,2;14,0;0,0;179,4;201,6
2005-05-30 10:00:00;3586;10;16,4;14,0;0,0;179,2;192,3
2005-05-30 11:00:00;3587;11;16,4;14,0;0,0;178,9;186,5
2005-05-30 12:00:00;3588;12;17,0;14,0;0,0;178,8;172,6
2005-05-30 13:00:00;3589;13;17,1;14,0;0,0;178,6;151,7
2005-05-30 14:00:00;3590;14;17,3;14,0;0,0;178,4;138,3
2005-05-30 15:00:00;3591;15;17,2;14,0;0,0;178,1;129,1
2005-05-30 16:00:00;3592;16;16,1;14,0;0,0;177,9;134,1
2005-05-30 17:00:00;3593;17;15,6;14,0;0,0;177,8;166,4
2005-05-30 18:00:00;3594;18;14,3;14,0;0,0;177,8;185,6
2005-05-30 19:00:00;3595;19;13,6;14,0;0,0;177,7;229,6
2005-05-30 20:00:00;3596;20;12,9;14,0;0,0;177,5;235,9
2005-05-30 21:00:00;3597;21;12,0;14,0;0,0;177,4;220,0
2005-05-30 22:00:00;3598;22;11,7;14,0;0,0;177,2;132,4
2005-05-30 23:00:00;3599;23;9,9;14,0;0,0;176,9;83,0
2005-05-31 00:00:00;3600;0;9,0;9,3;0,0;176,9;57,4
2005-05-31 01:00:00;3601;1;8,1;9,3;0,0;176,7;31,0
2005-05-31 02:00:00;3602;2;8,3;9,3;0,0;176,7;12,2
2005-05-31 03:00:00;3603;3;8,3;9,3;0,0;176,6;8,8
2005-05-31 04:00:00;3604;4;8,7;9,3;0,0;176,6;26,4
2005-05-31 05:00:00;3605;5;8,1;9,3;0,0;176,5;66,2
2005-05-31 06:00:00;3606;6;8,7;9,3;0,0;176,5;178,9
2005-05-31 07:00:00;3607;7;9,1;9,3;0,0;176,4;191,5
2005-05-31 08:00:00;3608;8;9,3;9,3;0,0;176,4;192,3
2005-05-31 09:00:00;3609;9;9,7;9,3;0,0;176,4;201,6
2005-05-31 10:00:00;3610;10;9,5;9,3;0,0;176,2;192,3
2005-05-31 11:00:00;3611;11;9,5;9,3;0,0;176,1;186,5
2005-05-31 12:00:00;3612;12;9,5;9,3;0,0;174,4;172,6
2005-05-31 13:00:00;3613;13;10,1;9,3;0,0;174,3;151,7
2005-05-31 14:00:00;3614;14;10,5;9,3;0,0;173,8;138,3
2005-05-31 15:00:00;3615;15;11,0;9,3;0,0;173,3;129,1
2005-05-31 16:00:00;3616;16;11,0;9,3;0,0;173,2;134,1
2005-05-31 17:00:00;3617;17;10,4;9,3;0,0;173,2;166,4
2005-05-31 18:00:00;3618;18;10,2;9,3;0,0;173,1;185,6
2005-05-31 19:00:00;3619;19;10,0;9,3;0,0;172,8;229,6
2005-05-31 20:00:00;3620;20;9,3;9,3;0,0;172,7;235,9
2005-05-31 21:00:00;3621;21;9,2;9,3;0,0;172,6;220,0
2005-05-31 22:00:00;3622;22;8,3;9,3;0,0;172,5;132,4
2005-05-31 23:00:00;3623;23;8,4;9,3;0,0;172,2;83,0
2005-06-01 00:00:00;3624;0;7,9;11,1;0,0;172,2;57,4
2005-06-01 01:00:00;3625;1;7,7;11,1;0,0;172,2;31,0
2005-06-01 02:00:00;3626;2;8,3;11,1;0,0;172,0;12,2
2005-06-01 03:00:00;3627;3;8,0;11,1;0,0;171,9;8,8
2005-06-01 04:00:00;3628;4;8,0;11,1;0,0;171,3;26,4
2005-06-01 05:00:00;3629;5;8,9;11,1;0,0;171,2;66,2
2005-06-01 06:00:00;3630;6;9,0;11,1;0,0;170,4;178,9
2005-06-01 07:00:00;3631;7;9,3;11,1;0,0;170,0;191,5
2005-06-01 08:00:00;3632;8;10,4;11,1;0,0;169,9;192,3
2005-06-01 09:00:00;3633;9;11,3;11,1;0,0;169,8;201,6
2005-06-01 10:00:00;3634;10;11,4;11,1;0,0;169,5;192,3
2005-06-01 11:00:00;3635;11;12,0;11,1;0,0;169,4;186,5
2005-06-01 12:00:00;3636;12;12,4;11,1;0,0;169,4;172,6
2005-06-01 13:00:00;3637;13;12,3;11,1;0,0;169,4;151,7
2005-06-01 14:00:00;3638;14;12,7;11,1;0,0;169,0;138,3
2005-06-01 15:00:00;3639;15;12,6;11,1;0,0;168,9;129,1
2005-06-01 16:00:00;3640;16;13,1;11,1;0,0;168,8;134,1
2005-06-01 17:00:00;3641;17;13,5;11,1;0,0;168,7;166,4
2005-06-01 18:00:00;3642;18;13,2;11,1;0,0;168,4;185,6
2005-06-01 19:00:00;3643;19;12,6;11,1;0,0;168,2;229,6
2005-06-01 20:00:00;3644;20;12,4;11,1;0,0;167,9;235,9
2005-06-01 21:00:00;3645;21;13,1;11,1;0,0;167,6;220,0
2005-06-01 22:00:00;3646;22;13,2;11,1;0,0;167,5;132,4
2005-06-01 23:00:00;3647;23;12,8;11,1;0,0;167,4;83,0
2005-06-02 00:00:00;3648;0;13,0;15,0;0,0;167,4;57,4
2005-06-02 01:00:00;3649;1;12,6;15,0;0,0;167,2;31,0
2005-06-02 02:00:00;3650;2;11,9;15,0;0,0;167,1;12,2
2005-06-02 03:00:00;3651;3;12,0;15,0;0,0;167,0;8,8
2005-06-02 04:00:00;3652;4;11,6;15,0;0,0;166,8;26,4
2005-06-02 05:00:00;3653;5;11,8;15,0;0,0;166,7;66,2
2005-06-02 06:00:00;3654;6;11,9;15,0;0,0;166,6;178,9
2005-06-02 07:00:00;3655;7;13,5;15,0;0,0;166,6;191,5
2005-06-02 08:00:00;3656;8;14,8;15,0;0,0;166,1;192,3
2005-06-02 09:00:00;3657;9;16,0;15,0;0,0;165,9;201,6
2005-06-02 10:00:00;3658;10;17,4;15,0;0,0;165,9;192,3
2005-06-02 11:00:00;3659;11;17,8;15,0;0,0;165,6;186,5
2005-06-02 12:00:00;3660;12;18,1;15,0;0,0;165,3;172,6
2005-06-02 13:00:00;3661;13;18,1;15,0;0,0;165,1;151,7
2005-06-02 14:00:00;3662;14;18,4;15,0;0,0;164,9;138,3
2005-06-02 15:00:00;3663;15;17,9;15,0;0,0;164,6;129,1
2005-06-02 16:00:00;3664;16;18,1;15,0;0,0;164,3;134,1
2005-06-02 17:00:00;3665;17;17,5;15,0;0,0;164,3;166,4
2005-06-02 18:00:00;3666;18;17,2;15,0;0,0;164,3;185,6
2005-06-02 19:00:00;3667;19;15,7;15,0;0,0;163,6;229,6
2005-06-02 20:00:00;3668;20;15,0;15,0;0,0;163,6;235,9
2005-06-02 21:00:00;3669;21;14,3;15,0;0,0;163,2;220,0
2005-06-02 22:00:00;3670;22;13,3;15,0;0,0;163,0;132,4
2005-06-02 23:00:00;3671;23;12,1;15,0;0,0;161,7;83,0
2005-06-03 00:00:00;3672;0;12,0;16,6;0,0;161,7;57,4
2005-06-03 01:00:00;3673;1;11,3;16,6;0,0;161,6;31,0
2005-06-03 02:00:00;3674;2;11,0;16,6;0,0;161,4;12,2
2005-06-03 03:00:00;3675;3;10,8;16,6;0,0;161,3;8,8
2005-06-03 04:00:00;3676;4;10,8;16,6;0,0;161,0;26,4
2005-06-03 05:00:00;3677;5;12,0;16,6;0,0;160,8;66,2
2005-06-03 06:00:00;3678;6;11,7;16,6;0,0;160,6;178,9
2005-06-03 07:00:00;3679;7;12,8;16,6;0,0;160,5;191,5
2005-06-03 08:00:00;3680;8;14,1;16,6;0,0;160,1;192,3
2005-06-03 09:00:00;3681;9;16,1;16,6;0,0;159,9;201,6
2005-06-03 10:00:00;3682;10;17,6;16,6;0,0;159,8;192,3
2005-06-03 11:00:00;3683;11;19,1;16,6;0,0;159,6;186,5
2005-06-03 12:00:00;3684;12;19,9;16,6;0,0;159,3;172,6
2005-06-03 13:00:00;3685;13;20,4;16,6;0,0;159,0;151,7
2005-06-03 14:00:00;3686;14;20,6;16,6;0,0;158,8;138,3
2005-06-03 15:00:00;3687;15;21,3;16,6;0,0;158,7;129,1
2005-06-03 16:00:00;3688;16;21,6;16,6;0,0;158,6;134,1
2005-06-03 17:00:00;3689;17;21,5;16,6;0,0;158,6;166,4
2005-06-03 18:00:00;3690;18;20,8;16,6;0,0;158,5;185,6
2005-06-03 19:00:00;3691;19;19,9;16,6;0,0;158,4;229,6
2005-06-03 20:00:00;3692;20;19,1;16,6;0,0;158,4;235,9
2005-06-03 21:00:00;3693;21;18,5;16,6;0,0;157,9;220,0
2005-06-03 22:00:00;3694;22;17,8;16,6;0,0;157,8;132,4
2005-06-03 23:00:00;3695;23;16,6;16,6;0,0;157,7;83,0
2005-06-04 00:00:00;3696;0;16,2;18,5;0,0;157,4;57,4
2005-06-04 01:00:00;3697;1;15,8;18,5;0,0;157,3;31,0
2005-06-04 02:00:00;3698;2;15,7;18,5;0,0;157,0;12,2
2005-06-04 03:00:00;3699;3;16,2;18,5;0,0;156,7;8,8
2005-06-04 04:00:00;3700;4;15,9;18,5;0,0;156,7;26,4
2005-06-04 05:00:00;3701;5;15,4;18,5;0,0;156,6;66,2
2005-06-04 06:00:00;3702;6;15,5;18,5;0,0;156,6;178,9
2005-06-04 07:00:00;3703;7;16,8;18,5;0,0;156,4;191,5
2005-06-04 08:00:00;3704;8;18,1;18,5;0,0;156,4;192,3
2005-06-04 09:00:00;3705;9;18,9;18,5;0,0;156,3;201,6
2005-06-04 10:00:00;3706;10;19,4;18,5;0,0;156,3;192,3
2005-06-04 11:00:00;3707;11;20,0;18,5;0,0;156,3;186,5
2005-06-04 12:00:00;3708;12;20,4;18,5;0,0;156,3;172,6
2005-06-04 13:00:00;3709;13;20,5;18,5;0,0;156,1;151,7
2005-06-04 14:00:00;3710;14;20,1;18,5;0,0;155,9;138,3
2005-06-04 15:00:00;3711;15;20,7;18,5;0,0;155,9;129,1
2005-06-04 16:00:00;3712;16;20,7;18,5;0,0;155,8;134,1
2005-06-04 17:00:00;3713;17;20,6;18,5;0,0;155,8;166,4
2005-06-04 18:00:00;3714;18;20,7;18,5;0,0;155,8;185,6
2005-06-04 19:00:00;3715;19;20,1;18,5;0,0;155,8;229,6
2005-06-04 20:00:00;3716;20;20,4;18,5;0,0;155,7;235,9
2005-06-04 21:00:00;3717;21;19,6;18,5;0,0;155,6;220,0
2005-06-04 22:00:00;3718;22;18,8;18,5;0,0;155,3;132,4
2005-06-04 23:00:00;3719;23;18,1;18,5;0,0;155,1;83,0
2005-06-05 00:00:00;3720;0;17,5;19,8;0,0;155,1;57,4
2005-06-05 01:00:00;3721;1;17,1;19,8;0,0;155,0;31,0
2005-06-05 02:00:00;3722;2;16,4;19,8;0,0;154,3;12,2
2005-06-05 03:00:00;3723;3;16,4;19,8;0,0;154,3;8,8
2005-06-05 04:00:00;3724;4;16,3;19,8;0,0;154,3;26,4
2005-06-05 05:00:00;3725;5;16,2;19,8;0,0;154,2;66,2
2005-06-05 06:00:00;3726;6;16,4;19,8;0,0;154,1;178,9
2005-06-05 07:00:00;3727;7;17,0;19,8;0,0;154,1;191,5
2005-06-05 08:00:00;3728;8;17,5;19,8;0,0;153,7;192,3
2005-06-05 09:00:00;3729;9;19,2;19,8;0,0;153,5;201,6
2005-06-05 10:00:00;3730;10;20,9;19,8;0,0;153,5;192,3
2005-06-05 11:00:00;3731;11;21,7;19,8;0,0;153,4;186,5
2005-06-05 12:00:00;3732;12;22,9;19,8;0,0;153,3;172,6
2005-06-05 13:00:00;3733;13;23,7;19,8;0,0;153,0;151,7
2005-06-05 14:00:00;3734;14;24,6;19,8;0,0;152,9;138,3
2005-06-05 15:00:00;3735;15;24,1;19,8;0,0;152,7;129,1
2005-06-05 16:00:00;3736;16;23,9;19,8;0,0;152,6;134,1
2005-06-05 17:00:00;3737;17;23,7;19,8;0,0;152,5;166,4
2005-06-05 18:00:00;3738;18;22,5;19,8;0,0;151,9;185,6
2005-06-05 19:00:00;3739;19;20,9;19,8;0,0;151,7;229,6
2005-06-05 20:00:00;3740;20;20,1;19,8;0,0;151,7;235,9
2005-06-05 21:00:00;3741;21;18,9;19,8;0,0;151,4;220,0
2005-06-05 22:00:00;3742;22;18,4;19,8;0,0;150,8;132,4
2005-06-05 23:00:00;3743;23;18,0;19,8;0,0;150,5;83,0
2005-06-06 00:00:00;3744;0;17,6;20,4;0,0;150,4;57,4
2005-06-06 01:00:00;3745;1;17,9;20,4;0,0;150,4;31,0
2005-06-06 02:00:00;3746;2;17,9;20,4;0,0;150,3;12,2
2005-06-06 03:00:00;3747;3;18,2;20,4;0,0;150,3;8,8
2005-06-06 04:00:00;3748;4;17,4;20,4;0,0;150,3;26,4
2005-06-06 05:00:00;3749;5;16,5;20,4;0,0;150,2;66,2
2005-06-06 06:00:00;3750;6;16,5;20,4;0,0;150,1;178,9
2005-06-06 07:00:00;3751;7;17,6;20,4;0,0;149,9;191,5
2005-06-06 08:00:00;3752;8;18,5;20,4;0,0;149,8;192,3
2005-06-06 09:00:00;3753;9;19,8;20,4;0,0;149,6;201,6
2005-06-06 10:00:00;3754;10;21,5;20,4;0,0;149,5;192,3
2005-06-06 11:00:00;3755;11;23,2;20,4;0,0;149,3;186,5
2005-06-06 12:00:00;3756;12;23,7;20,4;0,0;149,0;172,6
2005-06-06 13:00:00;3757;13;24,0;20,4;0,0;148,8;151,7
2005-06-06 14:00:00;3758;14;24,1;20,4;0,0;148,8;138,3
2005-06-06 15:00:00;3759;15;24,3;20,4;0,0;148,7;129,1
2005-06-06 16:00:00;3760;16;24,5;20,4;0,0;148,6;134,1
2005-06-06 17:00:00;3761;17;24,3;20,4;0,0;148,6;166,4
2005-06-06 18:00:00;3762;18;23,1;20,4;0,0;148,3;185,6
2005-06-06 19:00:00;3763;19;22,1;20,4;0,0;148,0;229,6
2005-06-06 20:00:00;3764;20;20,6;20,4;0,0;147,9;235,9
2005-06-06 21:00:00;3765;21;19,5;20,4;0,0;147,9;220,0
2005-06-06 22:00:00;3766;22;18,9;20,4;0,0;147,8;132,4
2005-06-06 23:00:00;3767;23;18,2;20,4;0,0;147,8;83,0
2005-06-07 00:00:00;3768;0;17,9;19,2;0,0;147,6;57,4
2005-06-07 01:00:00;3769;1;16,9;19,2;0,0;147,4;31,0
2005-06-07 02:00:00;3770;2;16,5;19,2;0,0;147,3;12,2
2005-06-07 03:00:00;3771;3;16,7;19,2;0,0;147,2;8,8
2005-06-07 04:00:00;3772;4;15,7;19,2;0,0;147,1;26,4
2005-06-07 05:00:00;3773;5;16,3;19,2;0,0;146,9;66,2
2005-06-07 06:00:00;3774;6;16,0;19,2;0,0;146,9;178,9
2005-06-07 07:00:00;3775;7;16,5;19,2;0,0;146,8;191,5
2005-06-07 08:00:00;3776;8;18,2;19,2;0,0;146,8;192,3
2005-06-07 09:00:00;3777;9;19,2;19,2;0,0;146,7;201,6
2005-06-07 10:00:00;3778;10;20,2;19,2;0,0;146,6;192,3
2005-06-07 11:00:00;3779;11;21,5;19,2;0,0;146,5;186,5
2005-06-07 12:00:00;3780;12;22,3;19,2;0,0;146,5;172,6
2005-06-07 13:00:00;3781;13;22,9;19,2;0,0;146,5;151,7
2005-06-07 14:00:00;3782;14;23,2;19,2;0,0;146,4;138,3
2005-06-07 15:00:00;3783;15;23,7;19,2;0,0;146,4;129,1
2005-06-07 16:00:00;3784;16;23,2;19,2;0,0;146,3;134,1
2005-06-07 17:00:00;3785;17;22,1;19,2;0,0;146,3;166,4
2005-06-07 18:00:00;3786;18;21,5;19,2;0,0;146,2;185,6
2005-06-07 19:00:00;3787;19;20,2;19,2;0,0;146,2;229,6
2005-06-07 20:00:00;3788;20;19,0;19,2;0,0;146,1;235,9
2005-06-07 21:00:00;3789;21;18,0;19,2;0,0;146,0;220,0
2005-06-07 22:00:00;3790;22;17,5;19,2;0,0;145,9;132,4
2005-06-07 23:00:00;3791;23;16,7;19,2;0,0;145,7;83,0
2005-06-08 00:00:00;3792;0;16,1;18,9;0,0;145,7;57,4
2005-06-08 01:00:00;3793;1;15,5;18,9;0,0;145,5;31,0
2005-06-08 02:00:00;3794;2;15,4;18,9;0,0;145,5;12,2
2005-06-08 03:00:00;3795;3;15,9;18,9;0,0;145,4;8,8
2005-06-08 04:00:00;3796;4;15,3;18,9;0,0;145,2;26,4
2005-06-08 05:00:00;3797;5;14,8;18,9;0,0;144,9;66,2
2005-06-08 06:00:00;3798;6;14,9;18,9;0,0;144,8;178,9
2005-06-08 07:00:00;3799;7;16,1;18,9;0,0;144,5;191,5
2005-06-08 08:00:00;3800;8;17,5;18,9;0,0;144,5;192,3
2005-06-08 09:00:00;3801;9;19,7;18,9;0,0;144,4;201,6
2005-06-08 10:00:00;3802;10;20,7;18,9;0,0;144,3;192,3
2005-06-08 11:00:00;3803;11;21,8;18,9;0,0;144,2;186,5
2005-06-08 12:00:00;3804;12;22,4;18,9;0,0;144,0;172,6
2005-06-08 13:00:00;3805;13;22,6;18,9;0,0;144,0;151,7
2005-06-08 14:00:00;3806;14;22,7;18,9;0,0;143,9;138,3
2005-06-08 15:00:00;3807;15;23,1;18,9;0,0;143,9;129,1
2005-06-08 16:00:00;3808;16;23,3;18,9;0,0;143,9;134,1
2005-06-08 17:00:00;3809;17;23,0;18,9;0,0;143,6;166,4
2005-06-08 18:00:00;3810;18;21,4;18,9;0,0;143,4;185,6
2005-06-08 19:00:00;3811;19;19,9;18,9;0,0;143,4;229,6
2005-06-08 20:00:00;3812;20;19,2;18,9;0,0;143,2;235,9
2005-06-08 21:00:00;3813;21;18,2;18,9;0,0;143,0;220,0
2005-06-08 22:00:00;3814;22;16,8;18,9;0,0;142,9;132,4
2005-06-08 23:00:00;3815;23;16,0;18,9;0,0;142,7;83,0
2005-06-09 00:00:00;3816;0;15,4;16,6;0,0;142,5;57,4
2005-06-09 01:00:00;3817;1;15,3;16,6;0,0;142,5;31,0
2005-06-09 02:00:00;3818;2;15,2;16,6;0,0;141,9;12,2
2005-06-09 03:00:00;3819;3;15,1;16,6;0,0;141,6;8,8
2005-06-09 04:00:00;3820;4;14,9;16,6;0,0;141,6;26,4
2005-06-09 05:00:00;3821;5;14,2;16,6;0,0;141,3;66,2
2005-06-09 06:00:00;3822;6;14,5;16,6;0,0;140,8;178,9
2005-06-09 07:00:00;3823;7;15,3;16,6;0,0;140,5;191,5
2005-06-09 08:00:00;3824;8;15,7;16,6;0,0;140,5;192,3
2005-06-09 09:00:00;3825;9;16,5;16,6;0,0;140,4;201,6
2005-06-09 10:00:00;3826;10;17,7;16,6;0,0;140,3;192,3
2005-06-09 11:00:00;3827;11;18,4;16,6;0,0;140,0;186,5
2005-06-09 12:00:00;3828;12;18,9;16,6;0,0;139,9;172,6
2005-06-09 13:00:00;3829;13;19,2;16,6;0,0;139,8;151,7
2005-06-09 14:00:00;3830;14;19,0;16,6;0,0;139,7;138,3
2005-06-09 15:00:00;3831;15;19,3;16,6;0,0;139,6;129,1
2005-06-09 16:00:00;3832;16;19,1;16,6;0,0;139,4;134,1
2005-06-09 17:00:00;3833;17;19,1;16,6;0,0;139,4;166,4
2005-06-09 18:00:00;3834;18;18,1;16,6;0,0;139,1;185,6
2005-06-09 19:00:00;3835;19;17,0;16,6;0,0;139,1;229,6
2005-06-09 20:00:00;3836;20;16,2;16,6;0,0;138,8;235,9
2005-06-09 21:00:00;3837;21;15,2;16,6;0,0;138,7;220,0
2005-06-09 22:00:00;3838;22;14,9;16,6;0,0;138,6;132,4
2005-06-09 23:00:00;3839;23;14,2;16,6;0,0;138,2;83,0
2005-06-10 00:00:00;3840;0;14,0;19,8;0,0;137,9;57,4
2005-06-10 01:00:00;3841;1;14,1;19,8;0,0;137,7;31,0
2005-06-10 02:00:00;3842;2;14,2;19,8;0,0;137,6;12,2
2005-06-10 03:00:00;3843;3;14,3;19,8;0,0;137,5;8,8
2005-06-10 04:00:00;3844;4;15,0;19,8;0,0;137,4;26,4
2005-06-10 05:00:00;3845;5;15,1;19,8;0,0;137,1;66,2
2005-06-10 06:00:00;3846;6;15,3;19,8;0,0;136,9;178,9
2005-06-10 07:00:00;3847;7;16,0;19,8;0,0;136,8;191,5
2005-06-10 08:00:00;3848;8;18,2;19,8;0,0;136,6;192,3
2005-06-10 09:00:00;3849;9;20,6;19,8;0,0;136,3;201,6
2005-06-10 10:00:00;3850;10;21,9;19,8;0,0;136,0;192,3
2005-06-10 11:00:00;3851;11;23,0;19,8;0,0;135,7;186,5
2005-06-10 12:00:00;3852;12;23,8;19,8;0,0;135,7;172,6
2005-06-10 13:00:00;3853;13;24,8;19,8;0,0;135,0;151,7
2005-06-10 14:00:00;3854;14;25,3;19,8;0,0;135,0;138,3
2005-06-10 15:00:00;3855;15;25,2;19,8;0,0;134,9;129,1
2005-06-10 16:00:00;3856;16;25,1;19,8;0,0;134,1;134,1
2005-06-10 17:00:00;3857;17;23,8;19,8;0,0;133,8;166,4
2005-06-10 18:00:00;3858;18;23,0;19,8;0,0;133,7;185,6
2005-06-10 19:00:00;3859;19;21,7;19,8;0,0;133,7;229,6
2005-06-10 20:00:00;3860;20;21,3;19,8;0,0;133,7;235,9
2005-06-10 21:00:00;3861;21;20,2;19,8;0,0;132,7;220,0
2005-06-10 22:00:00;3862;22;19,5;19,8;0,0;132,7;132,4
2005-06-10 23:00:00;3863;23;19,2;19,8;0,0;132,7;83,0
2005-06-11 00:00:00;3864;0;18,2;15,9;0,0;132,4;57,4
2005-06-11 01:00:00;3865;1;17,4;15,9;0,0;131,9;31,0
2005-06-11 02:00:00;3866;2;17,0;15,9;0,0;131,8;12,2
2005-06-11 03:00:00;3867;3;16,6;15,9;0,0;131,7;8,8
2005-06-11 04:00:00;3868;4;17,0;15,9;0,0;131,6;26,4
2005-06-11 05:00:00;3869;5;16,0;15,9;0,0;131,6;66,2
2005-06-11 06:00:00;3870;6;15,8;15,9;0,0;131,5;178,9
2005-06-11 07:00:00;3871;7;15,6;15,9;0,0;131,3;191,5
2005-06-11 08:00:00;3872;8;15,9;15,9;0,0;131,2;192,3
2005-06-11 09:00:00;3873;9;15,7;15,9;0,0;131,1;201,6
2005-06-11 10:00:00;3874;10;15,9;15,9;0,0;131,1;192,3
2005-06-11 11:00:00;3875;11;16,4;15,9;0,0;131,0;186,5
2005-06-11 12:00:00;3876;12;16,3;15,9;0,0;131,0;172,6
2005-06-11 13:00:00;3877;13;16,3;15,9;0,0;130,9;151,7
2005-06-11 14:00:00;3878;14;16,0;15,9;0,0;130,9;138,3
2005-06-11 15:00:00;3879;15;15,8;15,9;0,0;130,9;129,1
2005-06-11 16:00:00;3880;16;15,1;15,9;0,0;130,7;134,1
2005-06-11 17:00:00;3881;17;15,6;15,9;0,0;130,5;166,4
2005-06-11 18:00:00;3882;18;15,2;15,9;0,0;130,1;185,6
2005-06-11 19:00:00;3883;19;15,0;15,9;0,0;130,0;229,6
2005-06-11 20:00:00;3884;20;14,5;15,9;0,0;129,9;235,9
2005-06-11 21:00:00;3885;21;14,7;15,9;0,0;129,6;220,0
2005-06-11 22:00:00;3886;22;14,7;15,9;0,0;129,5;132,4
2005-06-11 23:00:00;3887;23;14,5;15,9;0,0;129,4;83,0
2005-06-12 00:00:00;3888;0;13,9;17,9;0,0;129,3;57,4
2005-06-12 01:00:00;3889;1;13,3;17,9;0,0;129,1;31,0
2005-06-12 02:00:00;3890;2;12,7;17,9;0,0;129,0;12,2
2005-06-12 03:00:00;3891;3;13,2;17,9;0,0;128,8;8,8
2005-06-12 04:00:00;3892;4;13,3;17,9;0,0;128,8;26,4
2005-06-12 05:00:00;3893;5;13,3;17,9;0,0;128,6;66,2
2005-06-12 06:00:00;3894;6;13,5;17,9;0,0;128,5;178,9
2005-06-12 07:00:00;3895;7;14,1;17,9;0,0;128,3;191,5
2005-06-12 08:00:00;3896;8;16,2;17,9;0,0;128,3;192,3
2005-06-12 09:00:00;3897;9;17,5;17,9;0,0;128,2;201,6
2005-06-12 10:00:00;3898;10;19,5;17,9;0,0;128,2;192,3
2005-06-12 11:00:00;3899;11;20,2;17,9;0,0;128,1;186,5
2005-06-12 12:00:00;3900;12;21,0;17,9;0,0;128,1;172,6
2005-06-12 13:00:00;3901;13;21,5;17,9;0,0;127,8;151,7
2005-06-12 14:00:00;3902;14;21,7;17,9;0,0;127,1;138,3
2005-06-12 15:00:00;3903;15;22,3;17,9;0,0;126,8;129,1
2005-06-12 16:00:00;3904;16;22,3;17,9;0,0;126,8;134,1
2005-06-12 17:00:00;3905;17;22,8;17,9;0,0;126,6;166,4
2005-06-12 18:00:00;3906;18;21,7;17,9;0,0;126,3;185,6
2005-06-12 19:00:00;3907;19;20,4;17,9;0,0;126,2;229,6
2005-06-12 20:00:00;3908;20;20,0;17,9;0,0;126,1;235,9
2005-06-12 21:00:00;3909;21;19,2;17,9;0,0;125,8;220,0
2005-06-12 22:00:00;3910;22;18,0;17,9;0,0;125,7;132,4
2005-06-12 23:00:00;3911;23;17,4;17,9;0,0;125,6;83,0
2005-06-13 00:00:00;3912;0;16,8;21,9;0,0;125,3;57,4
2005-06-13 01:00:00;3913;1;16,5;21,9;0,0;125,0;31,0
2005-06-13 02:00:00;3914;2;16,0;21,9;0,0;125,0;12,2
2005-06-13 03:00:00;3915;3;16,4;21,9;0,0;124,8;8,8
2005-06-13 04:00:00;3916;4;16,9;21,9;0,0;124,6;26,4
2005-06-13 05:00:00;3917;5;17,0;21,9;0,0;124,4;66,2
2005-06-13 06:00:00;3918;6;17,6;21,9;0,0;124,1;178,9
2005-06-13 07:00:00;3919;7;18,8;21,9;0,0;123,9;191,5
2005-06-13 08:00:00;3920;8;20,3;21,9;0,0;123,7;192,3
2005-06-13 09:00:00;3921;9;22,5;21,9;0,0;123,6;201,6
2005-06-13 10:00:00;3922;10;23,6;21,9;0,0;123,5;192,3
2005-06-13 11:00:00;3923;11;24,9;21,9;0,0;123,5;186,5
2005-06-13 12:00:00;3924;12;26,3;21,9;0,0;123,2;172,6
2005-06-13 13:00:00;3925;13;27,1;21,9;0,0;123,1;151,7
2005-06-13 14:00:00;3926;14;27,4;21,9;0,0;123,0;138,3
2005-06-13 15:00:00;3927;15;27,8;21,9;0,0;122,8;129,1
2005-06-13 16:00:00;3928;16;27,8;21,9;0,0;122,4;134,1
2005-06-13 17:00:00;3929;17;26,9;21,9;0,0;122,4;166,4
2005-06-13 18:00:00;3930;18;25,7;21,9;0,0;121,9;185,6
2005-06-13 19:00:00;3931;19;24,4;21,9;0,0;121,8;229,6
2005-06-13 20:00:00;3932;20;23,0;21,9;0,0;121,6;235,9
2005-06-13 21:00:00;3933;21;21,9;21,9;0,0;121,4;220,0
2005-06-13 22:00:00;3934;22;20,6;21,9;0,0;120,5;132,4
2005-06-13 23:00:00;3935;23;20,1;21,9;0,0;120,1;83,0
2005-06-14 00:00:00;3936;0;18,6;19,5;0,0;119,7;57,4
2005-06-14 01:00:00;3937;1;17,9;19,5;0,0;119,5;31,0
2005-06-14 02:00:00;3938;2;17,2;19,5;0,0;119,4;12,2
2005-06-14 03:00:00;3939;3;16,4;19,5;0,0;118,2;8,8
2005-06-14 04:00:00;3940;4;15,9;19,5;0,0;118,1;26,4
2005-06-14 05:00:00;3941;5;15,6;19,5;0,0;118,1;66,2
2005-06-14 06:00:00;3942;6;16,2;19,5;0,0;117,9;178,9
2005-06-14 07:00:00;3943;7;17,3;19,5;0,0;117,8;191,5
2005-06-14 08:00:00;3944;8;18,4;19,5;0,0;117,5;192,3
2005-06-14 09:00:00;3945;9;19,9;19,5;0,0;117,5;201,6
2005-06-14 10:00:00;3946;10;21,1;19,5;0,0;117,5;192,3
2005-06-14 11:00:00;3947;11;22,0;19,5;0,0;117,4;186,5
2005-06-14 12:00:00;3948;12;22,8;19,5;0,0;117,1;172,6
2005-06-14 13:00:00;3949;13;22,7;19,5;0,0;116,8;151,7
2005-06-14 14:00:00;3950;14;22,8;19,5;0,0;116,6;138,3
2005-06-14 15:00:00;3951;15;23,3;19,5;0,0;116,4;129,1
2005-06-14 16:00:00;3952;16;23,4;19,5;0,0;116,4;134,1
2005-06-14 17:00:00;3953;17;22,3;19,5;0,0;116,2;166,4
2005-06-14 18:00:00;3954;18;21,7;19,5;0,0;116,1;185,6
2005-06-14 19:00:00;3955;19;21,0;19,5;0,0;116,0;229,6
2005-06-14 20:00:00;3956;20;19,6;19,5;0,0;115,4;235,9
2005-06-14 21:00:00;3957;21;18,1;19,5;0,0;115,3;220,0
2005-06-14 22:00:00;3958;22;16,9;19,5;0,0;114,9;132,4
2005-06-14 23:00:00;3959;23;15,9;19,5;0,0;114,9;83,0
2005-06-15 00:00:00;3960;0;15,6;19,7;0,0;114,7;57,4
2005-06-15 01:00:00;3961;1;14,8;19,7;0,0;114,6;31,0
2005-06-15 02:00:00;3962;2;14,8;19,7;0,0;114,0;12,2
2005-06-15 03:00:00;3963;3;14,6;19,7;0,0;114,0;8,8
2005-06-15 04:00:00;3964;4;14,4;19,7;0,0;113,9;26,4
2005-06-15 05:00:00;3965;5;14,3;19,7;0,0;113,9;66,2
2005-06-15 06:00:00;3966;6;15,4;19,7;0,0;113,9;178,9
2005-06-15 07:00:00;3967;7;16,8;19,7;0,0;113,8;191,5
2005-06-15 08:00:00;3968;8;18,7;19,7;0,0;113,5;192,3
2005-06-15 09:00:00;3969;9;19,9;19,7;0,0;113,0;201,6
2005-06-15 10:00:00;3970;10;21,3;19,7;0,0;112,0;192,3
2005-06-15 11:00:00;3971;11;22,7;19,7;0,0;111,9;186,5
2005-06-15 12:00:00;3972;12;23,2;19,7;0,0;111,8;172,6
2005-06-15 13:00:00;3973;13;23,8;19,7;0,0;111,8;151,7
2005-06-15 14:00:00;3974;14;24,2;19,7;0,0;111,5;138,3
2005-06-15 15:00:00;3975;15;23,8;19,7;0,0;111,5;129,1
2005-06-15 16:00:00;3976;16;23,7;19,7;0,0;111,3;134,1
2005-06-15 17:00:00;3977;17;23,5;19,7;0,0;111,1;166,4
2005-06-15 18:00:00;3978;18;23,2;19,7;0,0;110,9;185,6
2005-06-15 19:00:00;3979;19;22,5;19,7;0,0;110,4;229,6
2005-06-15 20:00:00;3980;20;21,2;19,7;0,0;110,3;235,9
2005-06-15 21:00:00;3981;21;20,2;19,7;0,0;110,3;220,0
2005-06-15 22:00:00;3982;22;19,7;19,7;0,0;110,2;132,4
2005-06-15 23:00:00;3983;23;19,5;19,7;0,0;110,1;83,0
2005-06-16 00:00:00;3984;0;18,7;20,9;0,0;110,0;57,4
2005-06-16 01:00:00;3985;1;18,4;20,9;0,0;109,8;31,0
2005-06-16 02:00:00;3986;2;18,0;20,9;0,0;109,7;12,2
2005-06-16 03:00:00;3987;3;17,5;20,9;0,0;109,6;8,8
2005-06-16 04:00:00;3988;4;17,6;20,9;0,0;109,6;26,4
2005-06-16 05:00:00;3989;5;17,2;20,9;0,0;109,6;66,2
2005-06-16 06:00:00;3990;6;17,0;20,9;0,0;109,5;178,9
2005-06-16 07:00:00;3991;7;17,9;20,9;0,0;109,5;191,5
2005-06-16 08:00:00;3992;8;18,9;20,9;0,0;109,4;192,3
2005-06-16 09:00:00;3993;9;20,7;20,9;0,0;109,4;201,6
2005-06-16 10:00:00;3994;10;22,2;20,9;0,0;109,0;192,3
2005-06-16 11:00:00;3995;11;23,3;20,9;0,0;109,0;186,5
2005-06-16 12:00:00;3996;12;23,7;20,9;0,0;109,0;172,6
2005-06-16 13:00:00;3997;13;24,4;20,9;0,0;109,0;151,7
2005-06-16 14:00:00;3998;14;25,3;20,9;0,0;108,6;138,3
2005-06-16 15:00:00;3999;15;25,6;20,9;0,0;108,4;129,1
2005-06-16 16:00:00;4000;16;25,1;20,9;0,0;108,3;134,1
2005-06-16 17:00:00;4001;17;24,1;20,9;0,0;108,3;166,4
2005-06-16 18:00:00;4002;18;23,3;20,9;0,0;108,2;185,6
2005-06-16 19:00:00;4003;19;22,4;20,9;0,0;108,0;229,6
2005-06-16 20:00:00;4004;20;22,1;20,9;0,0;108,0;235,9
2005-06-16 21:00:00;4005;21;20,3;20,9;0,0;107,8;220,0
2005-06-16 22:00:00;4006;22;19,6;20,9;0,0;107,7;132,4
2005-06-16 23:00:00;4007;23;18,9;20,9;0,0;107,6;83,0
2005-06-17 00:00:00;4008;0;18,5;18,1;0,0;107,4;57,4
2005-06-17 01:00:00;4009;1;17,9;18,1;0,0;107,3;31,0
2005-06-17 02:00:00;4010;2;16,7;18,1;0,0;107,1;12,2
2005-06-17 03:00:00;4011;3;17,2;18,1;0,0;107,0;8,8
2005-06-17 04:00:00;4012;4;17,1;18,1;0,0;106,8;26,4
2005-06-17 05:00:00;4013;5;16,9;18,1;0,0;106,8;66,2
2005-06-17 06:00:00;4014;6;17,0;18,1;0,0;106,5;178,9
2005-06-17 07:00:00;4015;7;17,6;18,1;0,0;106,5;191,5
2005-06-17 08:00:00;4016;8;18,1;18,1;0,0;106,3;192,3
2005-06-17 09:00:00;4017;9;18,9;18,1;0,0;106,2;201,6
2005-06-17 10:00:00;4018;10;19,7;18,1;0,0;106,0;192,3
2005-06-17 11:00:00;4019;11;19,5;18,1;0,0;106,0;186,5
2005-06-17 12:00:00;4020;12;19,6;18,1;0,0;106,0;172,6
2005-06-17 13:00:00;4021;13;19,7;18,1;0,0;105,9;151,7
2005-06-17 14:00:00;4022;14;20,2;18,1;0,0;105,9;138,3
2005-06-17 15:00:00;4023;15;19,8;18,1;0,0;105,8;129,1
2005-06-17 16:00:00;4024;16;19,9;18,1;0,0;105,3;134,1
2005-06-17 17:00:00;4025;17;19,3;18,1;0,0;105,0;166,4
2005-06-17 18:00:00;4026;18;18,3;18,1;0,0;105,0;185,6
2005-06-17 19:00:00;4027;19;17,2;18,1;0,0;104,9;229,6
2005-06-17 20:00:00;4028;20;16,6;18,1;0,0;104,8;235,9
2005-06-17 21:00:00;4029;21;16,3;18,1;0,0;104,7;220,0
2005-06-17 22:00:00;4030;22;15,9;18,1;0,0;104,7;132,4
2005-06-17 23:00:00;4031;23;15,3;18,1;0,0;104,6;83,0
2005-06-18 00:00:00;4032;0;14,4;16,7;0,0;104,6;57,4
2005-06-18 01:00:00;4033;1;14,6;16,7;0,0;104,2;31,0
2005-06-18 02:00:00;4034;2;13,3;16,7;0,0;104,2;12,2
2005-06-18 03:00:00;4035;3;12,9;16,7;0,0;104,1;8,8
2005-06-18 04:00:00;4036;4;12,5;16,7;0,0;104,0;26,4
2005-06-18 05:00:00;4037;5;12,5;16,7;0,0;103,8;66,2
2005-06-18 06:00:00;4038;6;12,6;16,7;0,0;103,6;178,9
2005-06-18 07:00:00;4039;7;13,6;16,7;0,0;103,3;191,5
2005-06-18 08:00:00;4040;8;15,2;16,7;0,0;103,3;192,3
2005-06-18 09:00:00;4041;9;16,9;16,7;0,0;103,2;201,6
2005-06-18 10:00:00;4042;10;18,3;16,7;0,0;103,0;192,3
2005-06-18 11:00:00;4043;11;19,0;16,7;0,0;102,7;186,5
2005-06-18 12:00:00;4044;12;19,8;16,7;0,0;102,7;172,6
2005-06-18 13:00:00;4045;13;20,3;16,7;0,0;102,2;151,7
2005-06-18 14:00:00;4046;14;20,8;16,7;0,0;102,1;138,3
2005-06-18 15:00:00;4047;15;21,5;16,7;0,0;101,9;129,1
2005-06-18 16:00:00;4048;16;20,9;16,7;0,0;101,9;134,1
2005-06-18 17:00:00;4049;17;20,1;16,7;0,0;101,9;166,4
2005-06-18 18:00:00;4050;18;19,6;16,7;0,0;101,7;185,6
2005-06-18 19:00:00;4051;19;17,5;16,7;0,0;101,6;229,6
2005-06-18 20:00:00;4052;20;16,9;16,7;0,0;101,4;235,9
2005-06-18 21:00:00;4053;21;16,0;16,7;0,0;101,2;220,0
2005-06-18 22:00:00;4054;22;15,8;16,7;0,0;101,1;132,4
2005-06-18 23:00:00;4055;23;14,8;16,7;0,0;101,1;83,0
2005-06-19 00:00:00;4056;0;14,5;16,2;0,0;101,0;57,4
2005-06-19 01:00:00;4057;1;14,2;16,2;0,0;100,9;31,0
2005-06-19 02:00:00;4058;2;14,6;16,2;0,0;100,6;12,2
2005-06-19 03:00:00;4059;3;13,9;16,2;0,0;100,4;8,8
2005-06-19 04:00:00;4060;4;14,1;16,2;0,0;100,4;26,4
2005-06-19 05:00:00;4061;5;14,0;16,2;0,0;100,4;66,2
2005-06-19 06:00:00;4062;6;14,1;16,2;0,0;100,3;178,9
2005-06-19 07:00:00;4063;7;14,8;16,2;0,0;100,2;191,5
2005-06-19 08:00:00;4064;8;15,3;16,2;0,0;100,1;192,3
2005-06-19 09:00:00;4065;9;15,7;16,2;0,0;100,0;201,6
2005-06-19 10:00:00;4066;10;16,9;16,2;0,0;99,7;192,3
2005-06-19 11:00:00;4067;11;16,9;16,2;0,0;99,7;186,5
2005-06-19 12:00:00;4068;12;17,4;16,2;0,0;99,3;172,6
2005-06-19 13:00:00;4069;13;17,9;16,2;0,0;99,3;151,7
2005-06-19 14:00:00;4070;14;18,5;16,2;0,0;99,1;138,3
2005-06-19 15:00:00;4071;15;18,6;16,2;0,0;99,0;129,1
2005-06-19 16:00:00;4072;16;18,3;16,2;0,0;98,6;134,1
2005-06-19 17:00:00;4073;17;18,4;16,2;0,0;98,5;166,4
2005-06-19 18:00:00;4074;18;18,4;16,2;0,0;98,2;185,6
2005-06-19 19:00:00;4075;19;17,7;16,2;0,0;97,9;229,6
2005-06-19 20:00:00;4076;20;17,1;16,2;0,0;97,9;235,9
2005-06-19 21:00:00;4077;21;16,6;16,2;0,0;97,7;220,0
2005-06-19 22:00:00;4078;22;16,0;16,2;0,0;97,7;132,4
2005-06-19 23:00:00;4079;23;15,3;16,2;0,0;97,5;83,0
2005-06-20 00:00:00;4080;0;14,7;17,5;0,0;97,4;57,4
2005-06-20 01:00:00;4081;1;14,7;17,5;0,0;97,3;31,0
2005-06-20 02:00:00;4082;2;14,9;17,5;0,0;97,3;12,2
2005-06-20 03:00:00;4083;3;14,4;17,5;0,0;97,3;8,8
2005-06-20 04:00:00;4084;4;14,5;17,5;0,0;97,2;26,4
2005-06-20 05:00:00;4085;5;14,7;17,5;0,0;97,1;66,2
2005-06-20 06:00:00;4086;6;14,9;17,5;0,0;97,1;178,9
2005-06-20 07:00:00;4087;7;15,7;17,5;0,0;96,9;191,5
2005-06-20 08:00:00;4088;8;17,0;17,5;0,0;96,8;192,3
2005-06-20 09:00:00;4089;9;17,6;17,5;0,0;96,8;201,6
2005-06-20 10:00:00;4090;10;19,3;17,5;0,0;96,8;192,3
2005-06-20 11:00:00;4091;11;20,2;17,5;0,0;96,6;186,5
2005-06-20 12:00:00;4092;12;20,5;17,5;0,0;96,3;172,6
2005-06-20 13:00:00;4093;13;20,6;17,5;0,0;96,1;151,7
2005-06-20 14:00:00;4094;14;20,8;17,5;0,0;96,1;138,3
2005-06-20 15:00:00;4095;15;20,6;17,5;0,0;96,0;129,1
2005-06-20 16:00:00;4096;16;19,9;17,5;0,0;96,0;134,1
2005-06-20 17:00:00;4097;17;19,6;17,5;0,0;95,9;166,4
2005-06-20 18:00:00;4098;18;18,7;17,5;0,0;95,9;185,6
2005-06-20 19:00:00;4099;19;17,9;17,5;0,0;95,6;229,6
2005-06-20 20:00:00;4100;20;17,7;17,5;0,0;95,5;235,9
2005-06-20 21:00:00;4101;21;17,3;17,5;0,0;95,4;220,0
2005-06-20 22:00:00;4102;22;16,8;17,5;0,0;95,4;132,4
2005-06-20 23:00:00;4103;23;16,7;17,5;0,0;95,3;83,0
2005-06-21 00:00:00;4104;0;15,7;16,0;0,0;95,3;57,4
2005-06-21 01:00:00;4105;1;14,8;16,0;0,0;95,2;31,0
2005-06-21 02:00:00;4106;2;14,4;16,0;0,0;95,1;12,2
2005-06-21 03:00:00;4107;3;14,0;16,0;0,0;95,0;8,8
2005-06-21 04:00:00;4108;4;13,8;16,0;0,0;94,9;26,4
2005-06-21 05:00:00;4109;5;13,8;16,0;0,0;94,9;66,2
2005-06-21 06:00:00;4110;6;14,1;16,0;0,0;94,8;178,9
2005-06-21 07:00:00;4111;7;14,6;16,0;0,0;94,7;191,5
2005-06-21 08:00:00;4112;8;15,3;16,0;0,0;94,7;192,3
2005-06-21 09:00:00;4113;9;15,7;16,0;0,0;94,7;201,6
2005-06-21 10:00:00;4114;10;17,0;16,0;0,0;94,4;192,3
2005-06-21 11:00:00;4115;11;17,9;16,0;0,0;94,4;186,5
2005-06-21 12:00:00;4116;12;18,3;16,0;0,0;94,3;172,6
2005-06-21 13:00:00;4117;13;17,9;16,0;0,0;94,3;151,7
2005-06-21 14:00:00;4118;14;18,1;16,0;0,0;94,2;138,3
2005-06-21 15:00:00;4119;15;18,0;16,0;0,0;94,1;129,1
2005-06-21 16:00:00;4120;16;18,1;16,0;0,0;94,1;134,1
2005-06-21 17:00:00;4121;17;17,5;16,0;0,0;94,0;166,4
2005-06-21 18:00:00;4122;18;17,3;16,0;0,0;93,8;185,6
2005-06-21 19:00:00;4123;19;16,8;16,0;0,0;93,8;229,6
2005-06-21 20:00:00;4124;20;16,1;16,0;0,0;93,8;235,9
2005-06-21 21:00:00;4125;21;15,2;16,0;0,0;93,7;220,0
2005-06-21 22:00:00;4126;22;14,5;16,0;0,0;93,7;132,4
2005-06-21 23:00:00;4127;23;14,2;16,0;0,0;93,5;83,0
2005-06-22 00:00:00;4128;0;14,1;15,9;0,0;93,4;57,4
2005-06-22 01:00:00;4129;1;13,6;15,9;0,0;93,4;31,0
2005-06-22 02:00:00;4130;2;12,3;15,9;0,0;93,4;12,2
2005-06-22 03:00:00;4131;3;12,0;15,9;0,0;93,4;8,8
2005-06-22 04:00:00;4132;4;12,1;15,9;0,0;93,1;26,4
2005-06-22 05:00:00;4133;5;11,8;15,9;0,0;92,9;66,2
2005-06-22 06:00:00;4134;6;11,8;15,9;0,0;92,8;178,9
2005-06-22 07:00:00;4135;7;12,1;15,9;0,0;92,8;191,5
2005-06-22 08:00:00;4136;8;13,9;15,9;0,0;92,7;192,3
2005-06-22 09:00:00;4137;9;15,7;15,9;0,0;92,7;201,6
2005-06-22 10:00:00;4138;10;17,4;15,9;0,0;92,7;192,3
2005-06-22 11:00:00;4139;11;18,7;15,9;0,0;92,1;186,5
2005-06-22 12:00:00;4140;12;19,4;15,9;0,0;92,1;172,6
2005-06-22 13:00:00;4141;13;20,1;15,9;0,0;92,1;151,7
2005-06-22 14:00:00;4142;14;21,1;15,9;0,0;92,0;138,3
2005-06-22 15:00:00;4143;15;21,4;15,9;0,0;91,9;129,1
2005-06-22 16:00:00;4144;16;20,7;15,9;0,0;91,9;134,1
2005-06-22 17:00:00;4145;17;20,4;15,9;0,0;91,8;166,4
2005-06-22 18:00:00;4146;18;19,3;15,9;0,0;91,8;185,6
2005-06-22 19:00:00;4147;19;17,6;15,9;0,0;91,6;229,6
2005-06-22 20:00:00;4148;20;15,7;15,9;0,0;91,5;235,9
2005-06-22 21:00:00;4149;21;14,8;15,9;0,0;91,3;220,0
2005-06-22 22:00:00;4150;22;13,7;15,9;0,0;91,3;132,4
2005-06-22 23:00:00;4151;23;13,0;15,9;0,0;91,0;83,0
2005-06-23 00:00:00;4152;0;11,7;14,6;0,0;90,9;57,4
2005-06-23 01:00:00;4153;1;11,8;14,6;0,0;90,8;31,0
2005-06-23 02:00:00;4154;2;11,2;14,6;0,0;90,8;12,2
2005-06-23 03:00:00;4155;3;11,2;14,6;0,0;90,7;8,8
2005-06-23 04:00:00;4156;4;10,6;14,6;0,0;90,5;26,4
2005-06-23 05:00:00;4157;5;10,2;14,6;0,0;90,4;66,2
2005-06-23 06:00:00;4158;6;10,7;14,6;0,0;89,9;178,9
2005-06-23 07:00:00;4159;7;11,4;14,6;0,0;89,6;191,5
2005-06-23 08:00:00;4160;8;12,5;14,6;0,0;89,4;192,3
2005-06-23 09:00:00;4161;9;14,4;14,6;0,0;89,3;201,6
2005-06-23 10:00:00;4162;10;15,6;14,6;0,0;89,3;192,3
2005-06-23 11:00:00;4163;11;16,8;14,6;0,0;89,1;186,5
2005-06-23 12:00:00;4164;12;17,5;14,6;0,0;89,1;172,6
2005-06-23 13:00:00;4165;13;18,5;14,6;0,0;88,8;151,7
2005-06-23 14:00:00;4166;14;19,3;14,6;0,0;88,7;138,3
2005-06-23 15:00:00;4167;15;19,5;14,6;0,0;88,5;129,1
2005-06-23 16:00:00;4168;16;19,4;14,6;0,0;88,5;134,1
2005-06-23 17:00:00;4169;17;18,8;14,6;0,0;88,5;166,4
2005-06-23 18:00:00;4170;18;17,6;14,6;0,0;88,5;185,6
2005-06-23 19:00:00;4171;19;16,6;14,6;0,0;88,5;229,6
2005-06-23 20:00:00;4172;20;15,0;14,6;0,0;88,4;235,9
2005-06-23 21:00:00;4173;21;14,1;14,6;0,0;88,3;220,0
2005-06-23 22:00:00;4174;22;12,9;14,6;0,0;87,9;132,4
2005-06-23 23:00:00;4175;23;12,3;14,6;0,0;87,8;83,0
2005-06-24 00:00:00;4176;0;11,3;14,4;0,0;87,7;57,4
2005-06-24 01:00:00;4177;1;11,2;14,4;0,0;87,5;31,0
2005-06-24 02:00:00;4178;2;10,7;14,4;0,0;87,5;12,2
2005-06-24 03:00:00;4179;3;10,4;14,4;0,0;87,4;8,8
2005-06-24 04:00:00;4180;4;10,3;14,4;0,0;87,0;26,4
2005-06-24 05:00:00;4181;5;10,4;14,4;0,0;86,9;66,2
2005-06-24 06:00:00;4182;6;10,9;14,4;0,0;86,9;178,9
2005-06-24 07:00:00;4183;7;11,9;14,4;0,0;86,9;191,5
2005-06-24 08:00:00;4184;8;13,4;14,4;0,0;86,8;192,3
2005-06-24 09:00:00;4185;9;14,7;14,4;0,0;86,7;201,6
2005-06-24 10:00:00;4186;10;15,5;14,4;0,0;86,6;192,3
2005-06-24 11:00:00;4187;11;16,9;14,4;0,0;86,6;186,5
2005-06-24 12:00:00;4188;12;17,9;14,4;0,0;86,4;172,6
2005-06-24 13:00:00;4189;13;18,9;14,4;0,0;86,2;151,7
2005-06-24 14:00:00;4190;14;19,1;14,4;0,0;86,1;138,3
2005-06-24 15:00:00;4191;15;18,7;14,4;0,0;86,1;129,1
2005-06-24 16:00:00;4192;16;18,3;14,4;0,0;86,1;134,1
2005-06-24 17:00:00;4193;17;18,2;14,4;0,0;85,9;166,4
2005-06-24 18:00:00;4194;18;16,8;14,4;0,0;85,8;185,6
2005-06-24 19:00:00;4195;19;15,5;14,4;0,0;85,8;229,6
2005-06-24 20:00:00;4196;20;14,9;14,4;0,0;85,7;235,9
2005-06-24 21:00:00;4197;21;14,1;14,4;0,0;85,6;220,0
2005-06-24 22:00:00;4198;22;13,5;14,4;0,0;85,4;132,4
2005-06-24 23:00:00;4199;23;12,6;14,4;0,0;85,4;83,0
2005-06-25 00:00:00;4200;0;12,1;16,3;0,0;85,3;57,4
2005-06-25 01:00:00;4201;1;11,6;16,3;0,0;85,0;31,0
2005-06-25 02:00:00;4202;2;11,5;16,3;0,0;84,9;12,2
2005-06-25 03:00:00;4203;3;11,9;16,3;0,0;84,7;8,8
2005-06-25 04:00:00;4204;4;11,6;16,3;0,0;84,6;26,4
2005-06-25 05:00:00;4205;5;11,8;16,3;0,0;84,6;66,2
2005-06-25 06:00:00;4206;6;12,2;16,3;0,0;84,5;178,9
2005-06-25 07:00:00;4207;7;13,2;16,3;0,0;84,5;191,5
2005-06-25 08:00:00;4208;8;14,8;16,3;0,0;84,4;192,3
2005-06-25 09:00:00;4209;9;16,3;16,3;0,0;84,3;201,6
2005-06-25 10:00:00;4210;10;17,9;16,3;0,0;84,3;192,3
2005-06-25 11:00:00;4211;11;18,9;16,3;0,0;84,1;186,5
2005-06-25 12:00:00;4212;12;19,4;16,3;0,0;84,0;172,6
2005-06-25 13:00:00;4213;13;19,7;16,3;0,0;84,0;151,7
2005-06-25 14:00:00;4214;14;20,7;16,3;0,0;83,8;138,3
2005-06-25 15:00:00;4215;15;20,3;16,3;0,0;83,7;129,1
2005-06-25 16:00:00;4216;16;20,0;16,3;0,0;83,6;134,1
2005-06-25 17:00:00;4217;17;19,8;16,3;0,0;83,5;166,4
2005-06-25 18:00:00;4218;18;19,6;16,3;0,0;83,3;185,6
2005-06-25 19:00:00;4219;19;18,8;16,3;0,0;83,2;229,6
2005-06-25 20:00:00;4220;20;18,1;16,3;0,0;83,1;235,9
2005-06-25 21:00:00;4221;21;17,5;16,3;0,0;83,1;220,0
2005-06-25 22:00:00;4222;22;16,9;16,3;0,0;83,0;132,4
2005-06-25 23:00:00;4223;23;16,6;16,3;0,0;82,8;83,0
2005-06-26 00:00:00;4224;0;15,8;17,5;0,0;82,7;57,4
2005-06-26 01:00:00;4225;1;15,2;17,5;0,0;82,6;31,0
2005-06-26 02:00:00;4226;2;15,5;17,5;0,0;82,3;12,2
2005-06-26 03:00:00;4227;3;15,4;17,5;0,0;81,9;8,8
2005-06-26 04:00:00;4228;4;14,7;17,5;0,0;81,9;26,4
2005-06-26 05:00:00;4229;5;14,8;17,5;0,0;81,7;66,2
2005-06-26 06:00:00;4230;6;15,2;17,5;0,0;81,7;178,9
2005-06-26 07:00:00;4231;7;16,0;17,5;0,0;81,6;191,5
2005-06-26 08:00:00;4232;8;17,2;17,5;0,0;81,5;192,3
2005-06-26 09:00:00;4233;9;18,0;17,5;0,0;81,4;201,6
2005-06-26 10:00:00;4234;10;18,5;17,5;0,0;81,2;192,3
2005-06-26 11:00:00;4235;11;19,5;17,5;0,0;81,2;186,5
2005-06-26 12:00:00;4236;12;20,0;17,5;0,0;80,4;172,6
2005-06-26 13:00:00;4237;13;19,7;17,5;0,0;80,3;151,7
2005-06-26 14:00:00;4238;14;19,7;17,5;0,0;80,1;138,3
2005-06-26 15:00:00;4239;15;19,9;17,5;0,0;80,1;129,1
2005-06-26 16:00:00;4240;16;19,7;17,5;0,0;79,9;134,1
2005-06-26 17:00:00;4241;17;19,4;17,5;0,0;79,7;166,4
2005-06-26 18:00:00;4242;18;18,4;17,5;0,0;79,6;185,6
2005-06-26 19:00:00;4243;19;18,1;17,5;0,0;79,5;229,6
2005-06-26 20:00:00;4244;20;17,9;17,5;0,0;79,5;235,9
2005-06-26 21:00:00;4245;21;17,6;17,5;0,0;79,4;220,0
2005-06-26 22:00:00;4246;22;16,5;17,5;0,0;79,4;132,4
2005-06-26 23:00:00;4247;23;16,0;17,5;0,0;79,4;83,0
2005-06-27 00:00:00;4248;0;15,4;18,7;0,0;79,4;57,4
2005-06-27 01:00:00;4249;1;15,0;18,7;0,0;79,3;31,0
2005-06-27 02:00:00;4250;2;14,2;18,7;0,0;79,1;12,2
2005-06-27 03:00:00;4251;3;13,6;18,7;0,0;79,0;8,8
2005-06-27 04:00:00;4252;4;13,5;18,7;0,0;78,8;26,4
2005-06-27 05:00:00;4253;5;13,8;18,7;0,0;78,8;66,2
2005-06-27 06:00:00;4254;6;14,3;18,7;0,0;78,7;178,9
2005-06-27 07:00:00;4255;7;15,0;18,7;0,0;78,7;191,5
2005-06-27 08:00:00;4256;8;16,7;18,7;0,0;78,4;192,3
2005-06-27 09:00:00;4257;9;18,7;18,7;0,0;78,3;201,6
2005-06-27 10:00:00;4258;10;20,7;18,7;0,0;78,2;192,3
2005-06-27 11:00:00;4259;11;21,4;18,7;0,0;78,2;186,5
2005-06-27 12:00:00;4260;12;22,0;18,7;0,0;77,7;172,6
2005-06-27 13:00:00;4261;13;22,7;18,7;0,0;77,6;151,7
2005-06-27 14:00:00;4262;14;23,7;18,7;0,0;77,4;138,3
2005-06-27 15:00:00;4263;15;24,3;18,7;0,0;77,3;129,1
2005-06-27 16:00:00;4264;16;24,1;18,7;0,0;77,3;134,1
2005-06-27 17:00:00;4265;17;23,7;18,7;0,0;77,3;166,4
2005-06-27 18:00:00;4266;18;22,3;18,7;0,0;77,3;185,6
2005-06-27 19:00:00;4267;19;20,6;18,7;0,0;77,0;229,6
2005-06-27 20:00:00;4268;20;19,4;18,7;0,0;77,0;235,9
2005-06-27 21:00:00;4269;21;18,4;18,7;0,0;76,9;220,0
2005-06-27 22:00:00;4270;22;18,0;18,7;0,0;76,9;132,4
2005-06-27 23:00:00;4271;23;16,9;18,7;0,0;76,8;83,0
2005-06-28 00:00:00;4272;0;16,6;20,9;0,0;76,8;57,4
2005-06-28 01:00:00;4273;1;16,1;20,9;0,0;76,6;31,0
2005-06-28 02:00:00;4274;2;15,7;20,9;0,0;76,5;12,2
2005-06-28 03:00:00;4275;3;15,9;20,9;0,0;76,4;8,8
2005-06-28 04:00:00;4276;4;15,7;20,9;0,0;76,0;26,4
2005-06-28 05:00:00;4277;5;15,2;20,9;0,0;76,0;66,2
2005-06-28 06:00:00;4278;6;15,9;20,9;0,0;76,0;178,9
2005-06-28 07:00:00;4279;7;16,8;20,9;0,0;76,0;191,5
2005-06-28 08:00:00;4280;8;18,6;20,9;0,0;75,9;192,3
2005-06-28 09:00:00;4281;9;21,3;20,9;0,0;75,8;201,6
2005-06-28 10:00:00;4282;10;23,0;20,9;0,0;75,7;192,3
2005-06-28 11:00:00;4283;11;24,1;20,9;0,0;75,7;186,5
2005-06-28 12:00:00;4284;12;25,4;20,9;0,0;75,6;172,6
2005-06-28 13:00:00;4285;13;25,7;20,9;0,0;75,6;151,7
2005-06-28 14:00:00;4286;14;26,3;20,9;0,0;75,5;138,3
2005-06-28 15:00:00;4287;15;26,6;20,9;0,0;75,5;129,1
2005-06-28 16:00:00;4288;16;26,5;20,9;0,0;75,4;134,1
2005-06-28 17:00:00;4289;17;26,0;20,9;0,0;75,4;166,4
2005-06-28 18:00:00;4290;18;24,5;20,9;0,0;75,3;185,6
2005-06-28 19:00:00;4291;19;23,5;20,9;0,0;75,3;229,6
2005-06-28 20:00:00;4292;20;22,5;20,9;0,0;75,0;235,9
2005-06-28 21:00:00;4293;21;20,8;20,9;0,0;75,0;220,0
2005-06-28 22:00:00;4294;22;19,4;20,9;0,0;74,8;132,4
2005-06-28 23:00:00;4295;23;18,7;20,9;0,0;74,5;83,0
2005-06-29 00:00:00;4296;0;17,8;22,0;0,0;74,4;57,4
2005-06-29 01:00:00;4297;1;17,4;22,0;0,0;74,3;31,0
2005-06-29 02:00:00;4298;2;17,0;22,0;0,0;74,1;12,2
2005-06-29 03:00:00;4299;3;17,1;22,0;0,0;74,0;8,8
2005-06-29 04:00:00;4300;4;17,1;22,0;0,0;74,0;26,4
2005-06-29 05:00:00;4301;5;17,9;22,0;0,0;73,9;66,2
2005-06-29 06:00:00;4302;6;18,3;22,0;0,0;73,8;178,9
2005-06-29 07:00:00;4303;7;19,7;22,0;0,0;73,6;191,5
2005-06-29 08:00:00;4304;8;21,2;22,0;0,0;73,5;192,3
2005-06-29 09:00:00;4305;9;23,0;22,0;0,0;73,5;201,6
2005-06-29 10:00:00;4306;10;24,9;22,0;0,0;73,4;192,3
2005-06-29 11:00:00;4307;11;26,0;22,0;0,0;73,4;186,5
2005-06-29 12:00:00;4308;12;27,3;22,0;0,0;73,4;172,6
2005-06-29 13:00:00;4309;13;27,3;22,0;0,0;73,3;151,7
2005-06-29 14:00:00;4310;14;27,7;22,0;0,0;73,3;138,3
2005-06-29 15:00:00;4311;15;27,9;22,0;0,0;73,2;129,1
2005-06-29 16:00:00;4312;16;27,2;22,0;0,0;73,2;134,1
2005-06-29 17:00:00;4313;17;25,7;22,0;0,0;73,2;166,4
2005-06-29 18:00:00;4314;18;25,0;22,0;0,0;73,1;185,6
2005-06-29 19:00:00;4315;19;22,9;22,0;0,0;73,1;229,6
2005-06-29 20:00:00;4316;20;21,7;22,0;0,0;72,8;235,9
2005-06-29 21:00:00;4317;21;20,2;22,0;0,0;72,5;220,0
2005-06-29 22:00:00;4318;22;19,0;22,0;0,0;72,5;132,4
2005-06-29 23:00:00;4319;23;18,1;22,0;0,0;72,5;83,0
2005-06-30 00:00:00;4320;0;16,8;19,1;0,0;72,5;57,4
2005-06-30 01:00:00;4321;1;16,2;19,1;0,0;72,3;31,0
2005-06-30 02:00:00;4322;2;15,3;19,1;0,0;72,2;12,2
2005-06-30 03:00:00;4323;3;15,2;19,1;0,0;72,2;8,8
2005-06-30 04:00:00;4324;4;15,1;19,1;0,0;72,1;26,4
2005-06-30 05:00:00;4325;5;14,9;19,1;0,0;72,1;66,2
2005-06-30 06:00:00;4326;6;15,8;19,1;0,0;72,0;178,9
2005-06-30 07:00:00;4327;7;16,7;19,1;0,0;72,0;191,5
2005-06-30 08:00:00;4328;8;17,6;19,1;0,0;72,0;192,3
2005-06-30 09:00:00;4329;9;18,9;19,1;0,0;71,9;201,6
2005-06-30 10:00:00;4330;10;20,1;19,1;0,0;71,9;192,3
2005-06-30 11:00:00;4331;11;21,4;19,1;0,0;71,8;186,5
2005-06-30 12:00:00;4332;12;22,5;19,1;0,0;71,7;172,6
2005-06-30 13:00:00;4333;13;23,3;19,1;0,0;71,7;151,7
2005-06-30 14:00:00;4334;14;23,9;19,1;0,0;71,6;138,3
2005-06-30 15:00:00;4335;15;23,7;19,1;0,0;71,5;129,1
2005-06-30 16:00:00;4336;16;22,9;19,1;0,0;71,3;134,1
2005-06-30 17:00:00;4337;17;23,0;19,1;0,0;71,1;166,4
2005-06-30 18:00:00;4338;18;22,2;19,1;0,0;71,1;185,6
2005-06-30 19:00:00;4339;19;20,7;19,1;0,0;71,0;229,6
2005-06-30 20:00:00;4340;20;19,2;19,1;0,0;71,0;235,9
2005-06-30 21:00:00;4341;21;18,1;19,1;0,0;70,9;220,0
2005-06-30 22:00:00;4342;22;17,4;19,1;0,0;70,9;132,4
2005-06-30 23:00:00;4343;23;16,7;19,1;0,0;70,9;83,0
2005-07-01 00:00:00;4344;0;17,3;19,9;0,0;70,7;57,4
2005-07-01 01:00:00;4345;1;16,6;19,9;0,0;70,6;31,0
2005-07-01 02:00:00;4346;2;15,9;19,9;0,0;70,5;12,2
2005-07-01 03:00:00;4347;3;15,9;19,9;0,0;70,5;8,8
2005-07-01 04:00:00;4348;4;15,9;19,9;0,0;70,4;26,4
2005-07-01 05:00:00;4349;5;15,4;19,9;0,0;70,3;66,2
2005-07-01 06:00:00;4350;6;14,9;19,9;0,0;70,3;178,9
2005-07-01 07:00:00;4351;7;16,0;19,9;0,0;70,2;191,5
2005-07-01 08:00:00;4352;8;17,5;19,9;0,0;70,2;192,3
2005-07-01 09:00:00;4353;9;20,0;19,9;0,0;70,2;201,6
2005-07-01 10:00:00;4354;10;21,7;19,9;0,0;70,1;192,3
2005-07-01 11:00:00;4355;11;23,3;19,9;0,0;70,0;186,5
2005-07-01 12:00:00;4356;12;24,0;19,9;0,0;69,9;172,6
2005-07-01 13:00:00;4357;13;24,3;19,9;0,0;69,7;151,7
2005-07-01 14:00:00;4358;14;25,0;19,9;0,0;69,6;138,3
2005-07-01 15:00:00;4359;15;25,0;19,9;0,0;69,5;129,1
2005-07-01 16:00:00;4360;16;25,2;19,9;0,0;69,4;134,1
2005-07-01 17:00:00;4361;17;24,6;19,9;0,0;69,4;166,4
2005-07-01 18:00:00;4362;18;23,6;19,9;0,0;69,3;185,6
2005-07-01 19:00:00;4363;19;21,9;19,9;0,0;69,3;229,6
2005-07-01 20:00:00;4364;20;20,7;19,9;0,0;69,2;235,9
2005-07-01 21:00:00;4365;21;18,7;19,9;0,0;69,2;220,0
2005-07-01 22:00:00;4366;22;17,1;19,9;0,0;69,2;132,4
2005-07-01 23:00:00;4367;23;16,6;19,9;0,0;69,1;83,0
2005-07-02 00:00:00;4368;0;15,8;17,3;0,0;69,1;57,4
2005-07-02 01:00:00;4369;1;15,1;17,3;0,0;68,7;31,0
2005-07-02 02:00:00;4370;2;14,7;17,3;0,0;68,6;12,2
2005-07-02 03:00:00;4371;3;14,4;17,3;0,0;68,6;8,8
2005-07-02 04:00:00;4372;4;14,1;17,3;0,0;68,5;26,4
2005-07-02 05:00:00;4373;5;14,1;17,3;0,0;68,4;66,2
2005-07-02 06:00:00;4374;6;14,4;17,3;0,0;68,2;178,9
2005-07-02 07:00:00;4375;7;15,3;17,3;0,0;68,2;191,5
2005-07-02 08:00:00;4376;8;16,3;17,3;0,0;68,2;192,3
2005-07-02 09:00:00;4377;9;17,7;17,3;0,0;68,2;201,6
2005-07-02 10:00:00;4378;10;18,5;17,3;0,0;68,1;192,3
2005-07-02 11:00:00;4379;11;18,6;17,3;0,0;68,1;186,5
2005-07-02 12:00:00;4380;12;18,7;17,3;0,0;68,0;172,6
2005-07-02 13:00:00;4381;13;18,7;17,3;0,0;68,0;151,7
2005-07-02 14:00:00;4382;14;19,4;17,3;0,0;67,9;138,3
2005-07-02 15:00:00;4383;15;20,1;17,3;0,0;67,7;129,1
2005-07-02 16:00:00;4384;16;20,1;17,3;0,0;67,2;134,1
2005-07-02 17:00:00;4385;17;20,2;17,3;0,0;67,1;166,4
2005-07-02 18:00:00;4386;18;19,9;17,3;0,0;67,0;185,6
2005-07-02 19:00:00;4387;19;19,1;17,3;0,0;66,9;229,6
2005-07-02 20:00:00;4388;20;18,3;17,3;0,0;66,8;235,9
2005-07-02 21:00:00;4389;21;17,8;17,3;0,0;66,8;220,0
2005-07-02 22:00:00;4390;22;17,3;17,3;0,0;66,8;132,4
2005-07-02 23:00:00;4391;23;16,3;17,3;0,0;66,8;83,0
2005-07-03 00:00:00;4392;0;16,0;17,6;0,0;66,7;57,4
2005-07-03 01:00:00;4393;1;15,3;17,6;0,0;66,7;31,0
2005-07-03 02:00:00;4394;2;15,2;17,6;0,0;66,7;12,2
2005-07-03 03:00:00;4395;3;14,3;17,6;0,0;66,6;8,8
2005-07-03 04:00:00;4396;4;14,2;17,6;0,0;66,5;26,4
2005-07-03 05:00:00;4397;5;14,3;17,6;0,0;66,5;66,2
2005-07-03 06:00:00;4398;6;15,1;17,6;0,0;66,5;178,9
2005-07-03 07:00:00;4399;7;15,8;17,6;0,0;66,4;191,5
2005-07-03 08:00:00;4400;8;17,0;17,6;0,0;66,4;192,3
2005-07-03 09:00:00;4401;9;17,8;17,6;0,0;66,4;201,6
2005-07-03 10:00:00;4402;10;19,3;17,6;0,0;66,4;192,3
2005-07-03 11:00:00;4403;11;20,3;17,6;0,0;66,3;186,5
2005-07-03 12:00:00;4404;12;20,8;17,6;0,0;66,2;172,6
2005-07-03 13:00:00;4405;13;20,9;17,6;0,0;66,2;151,7
2005-07-03 14:00:00;4406;14;21,4;17,6;0,0;66,1;138,3
2005-07-03 15:00:00;4407;15;21,8;17,6;0,0;66,0;129,1
2005-07-03 16:00:00;4408;16;20,7;17,6;0,0;66,0;134,1
2005-07-03 17:00:00;4409;17;20,4;17,6;0,0;65,8;166,4
2005-07-03 18:00:00;4410;18;19,7;17,6;0,0;65,8;185,6
2005-07-03 19:00:00;4411;19;18,3;17,6;0,0;65,8;229,6
2005-07-03 20:00:00;4412;20;17,0;17,6;0,0;65,8;235,9
2005-07-03 21:00:00;4413;21;15,9;17,6;0,0;65,8;220,0
2005-07-03 22:00:00;4414;22;15,2;17,6;0,0;65,8;132,4
2005-07-03 23:00:00;4415;23;15,0;17,6;0,0;65,8;83,0
2005-07-04 00:00:00;4416;0;14,0;19,1;0,0;65,7;57,4
2005-07-04 01:00:00;4417;1;13,9;19,1;0,0;65,7;31,0
2005-07-04 02:00:00;4418;2;13,6;19,1;0,0;65,7;12,2
2005-07-04 03:00:00;4419;3;12,6;19,1;0,0;65,6;8,8
2005-07-04 04:00:00;4420;4;13,1;19,1;0,0;65,6;26,4
2005-07-04 05:00:00;4421;5;13,2;19,1;0,0;65,6;66,2
2005-07-04 06:00:00;4422;6;14,5;19,1;0,0;65,4;178,9
2005-07-04 07:00:00;4423;7;15,8;19,1;0,0;65,2;191,5
2005-07-04 08:00:00;4424;8;17,4;19,1;0,0;65,2;192,3
2005-07-04 09:00:00;4425;9;19,5;19,1;0,0;65,1;201,6
2005-07-04 10:00:00;4426;10;21,5;19,1;0,0;65,0;192,3
2005-07-04 11:00:00;4427;11;22,0;19,1;0,0;65,0;186,5
2005-07-04 12:00:00;4428;12;22,7;19,1;0,0;64,9;172,6
2005-07-04 13:00:00;4429;13;23,7;19,1;0,0;64,9;151,7
2005-07-04 14:00:00;4430;14;24,6;19,1;0,0;64,8;138,3
2005-07-04 15:00:00;4431;15;25,0;19,1;0,0;64,6;129,1
2005-07-04 16:00:00;4432;16;24,6;19,1;0,0;64,6;134,1
2005-07-04 17:00:00;4433;17;23,9;19,1;0,0;64,6;166,4
2005-07-04 18:00:00;4434;18;22,9;19,1;0,0;64,6;185,6
2005-07-04 19:00:00;4435;19;21,4;19,1;0,0;64,5;229,6
2005-07-04 20:00:00;4436;20;20,8;19,1;0,0;64,3;235,9
2005-07-04 21:00:00;4437;21;20,0;19,1;0,0;64,3;220,0
2005-07-04 22:00:00;4438;22;18,9;19,1;0,0;64,1;132,4
2005-07-04 23:00:00;4439;23;17,8;19,1;0,0;64,0;83,0
2005-07-05 00:00:00;4440;0;16,9;18,0;0,0;64,0;57,4
2005-07-05 01:00:00;4441;1;15,9;18,0;0,0;64,0;31,0
2005-07-05 02:00:00;4442;2;16,1;18,0;0,0;63,9;12,2
2005-07-05 03:00:00;4443;3;15,4;18,0;0,0;63,8;8,8
2005-07-05 04:00:00;4444;4;15,4;18,0;0,0;63,7;26,4
2005-07-05 05:00:00;4445;5;15,9;18,0;0,0;63,7;66,2
2005-07-05 06:00:00;4446;6;15,2;18,0;0,0;63,6;178,9
2005-07-05 07:00:00;4447;7;15,6;18,0;0,0;63,6;191,5
2005-07-05 08:00:00;4448;8;17,1;18,0;0,0;63,6;192,3
2005-07-05 09:00:00;4449;9;18,2;18,0;0,0;63,5;201,6
2005-07-05 10:00:00;4450;10;18,9;18,0;0,0;63,4;192,3
2005-07-05 11:00:00;4451;11;19,4;18,0;0,0;63,2;186,5
2005-07-05 12:00:00;4452;12;20,3;18,0;0,0;62,9;172,6
2005-07-05 13:00:00;4453;13;20,7;18,0;0,0;62,9;151,7
2005-07-05 14:00:00;4454;14;20,3;18,0;0,0;62,9;138,3
2005-07-05 15:00:00;4455;15;21,0;18,0;0,0;62,8;129,1
2005-07-05 16:00:00;4456;16;20,5;18,0;0,0;62,8;134,1
2005-07-05 17:00:00;4457;17;19,9;18,0;0,0;62,5;166,4
2005-07-05 18:00:00;4458;18;20,0;18,0;0,0;62,4;185,6
2005-07-05 19:00:00;4459;19;18,9;18,0;0,0;62,3;229,6
2005-07-05 20:00:00;4460;20;18,4;18,0;0,0;62,2;235,9
2005-07-05 21:00:00;4461;21;18,0;18,0;0,0;62,0;220,0
2005-07-05 22:00:00;4462;22;17,2;18,0;0,0;62,0;132,4
2005-07-05 23:00:00;4463;23;16,6;18,0;0,0;61,9;83,0
2005-07-06 00:00:00;4464;0;16,0;16,5;0,0;61,9;57,4
2005-07-06 01:00:00;4465;1;15,5;16,5;0,0;61,8;31,0
2005-07-06 02:00:00;4466;2;15,0;16,5;0,0;61,8;12,2
2005-07-06 03:00:00;4467;3;14,4;16,5;0,0;61,8;8,8
2005-07-06 04:00:00;4468;4;14,5;16,5;0,0;61,6;26,4
2005-07-06 05:00:00;4469;5;14,6;16,5;0,0;61,6;66,2
2005-07-06 06:00:00;4470;6;14,9;16,5;0,0;61,5;178,9
2005-07-06 07:00:00;4471;7;15,3;16,5;0,0;61,5;191,5
2005-07-06 08:00:00;4472;8;15,6;16,5;0,0;61,4;192,3
2005-07-06 09:00:00;4473;9;16,5;16,5;0,0;61,4;201,6
2005-07-06 10:00:00;4474;10;16,8;16,5;0,0;61,4;192,3
2005-07-06 11:00:00;4475;11;17,2;16,5;0,0;61,2;186,5
2005-07-06 12:00:00;4476;12;18,0;16,5;0,0;61,1;172,6
2005-07-06 13:00:00;4477;13;17,9;16,5;0,0;61,1;151,7
2005-07-06 14:00:00;4478;14;18,9;16,5;0,0;61,0;138,3
2005-07-06 15:00:00;4479;15;18,7;16,5;0,0;60,9;129,1
2005-07-06 16:00:00;4480;16;18,3;16,5;0,0;60,8;134,1
2005-07-06 17:00:00;4481;17;18,7;16,5;0,0;60,8;166,4
2005-07-06 18:00:00;4482;18;17,3;16,5;0,0;60,7;185,6
2005-07-06 19:00:00;4483;19;17,2;16,5;0,0;60,6;229,6
2005-07-06 20:00:00;4484;20;16,8;16,5;0,0;60,6;235,9
2005-07-06 21:00:00;4485;21;16,1;16,5;0,0;60,5;220,0
2005-07-06 22:00:00;4486;22;15,6;16,5;0,0;60,5;132,4
2005-07-06 23:00:00;4487;23;15,2;16,5;0,0;60,4;83,0
2005-07-07 00:00:00;4488;0;15,0;20,7;0,0;60,4;57,4
2005-07-07 01:00:00;4489;1;14,7;20,7;0,0;60,3;31,0
2005-07-07 02:00:00;4490;2;14,3;20,7;0,0;60,3;12,2
2005-07-07 03:00:00;4491;3;14,1;20,7;0,0;59,9;8,8
2005-07-07 04:00:00;4492;4;15,0;20,7;0,0;59,6;26,4
2005-07-07 05:00:00;4493;5;15,4;20,7;0,0;59,5;66,2
2005-07-07 06:00:00;4494;6;15,9;20,7;0,0;59,3;178,9
2005-07-07 07:00:00;4495;7;17,1;20,7;0,0;59,2;191,5
2005-07-07 08:00:00;4496;8;17,8;20,7;0,0;59,2;192,3
2005-07-07 09:00:00;4497;9;20,4;20,7;0,0;59,1;201,6
2005-07-07 10:00:00;4498;10;22,1;20,7;0,0;59,0;192,3
2005-07-07 11:00:00;4499;11;23,6;20,7;0,0;58,9;186,5
2005-07-07 12:00:00;4500;12;23,9;20,7;0,0;58,9;172,6
2005-07-07 13:00:00;4501;13;24,6;20,7;0,0;58,9;151,7
2005-07-07 14:00:00;4502;14;24,9;20,7;0,0;58,9;138,3
2005-07-07 15:00:00;4503;15;25,4;20,7;0,0;58,7;129,1
2005-07-07 16:00:00;4504;16;26,0;20,7;0,0;58,6;134,1
2005-07-07 17:00:00;4505;17;25,8;20,7;0,0;58,5;166,4
2005-07-07 18:00:00;4506;18;25,0;20,7;0,0;58,4;185,6
2005-07-07 19:00:00;4507;19;24,4;20,7;0,0;58,4;229,6
2005-07-07 20:00:00;4508;20;23,5;20,7;0,0;58,4;235,9
2005-07-07 21:00:00;4509;21;22,6;20,7;0,0;58,3;220,0
2005-07-07 22:00:00;4510;22;22,2;20,7;0,0;58,2;132,4
2005-07-07 23:00:00;4511;23;22,3;20,7;0,0;58,2;83,0
2005-07-08 00:00:00;4512;0;21,7;22,0;0,0;58,2;57,4
2005-07-08 01:00:00;4513;1;21,0;22,0;0,0;58,1;31,0
2005-07-08 02:00:00;4514;2;21,0;22,0;0,0;58,1;12,2
2005-07-08 03:00:00;4515;3;20,5;22,0;0,0;58,1;8,8
2005-07-08 04:00:00;4516;4;20,6;22,0;0,0;57,9;26,4
2005-07-08 05:00:00;4517;5;20,6;22,0;0,0;57,9;66,2
2005-07-08 06:00:00;4518;6;21,5;22,0;0,0;57,8;178,9
2005-07-08 07:00:00;4519;7;22,0;22,0;0,0;57,8;191,5
2005-07-08 08:00:00;4520;8;22,6;22,0;0,0;57,7;192,3
2005-07-08 09:00:00;4521;9;23,1;22,0;0,0;57,7;201,6
2005-07-08 10:00:00;4522;10;23,4;22,0;0,0;57,4;192,3
2005-07-08 11:00:00;4523;11;23,7;22,0;0,0;57,3;186,5
2005-07-08 12:00:00;4524;12;23,8;22,0;0,0;57,3;172,6
2005-07-08 13:00:00;4525;13;23,5;22,0;0,0;57,3;151,7
2005-07-08 14:00:00;4526;14;23,2;22,0;0,0;57,2;138,3
2005-07-08 15:00:00;4527;15;23,4;22,0;0,0;57,1;129,1
2005-07-08 16:00:00;4528;16;23,1;22,0;0,0;57,0;134,1
2005-07-08 17:00:00;4529;17;22,8;22,0;0,0;57,0;166,4
2005-07-08 18:00:00;4530;18;22,4;22,0;0,0;56,8;185,6
2005-07-08 19:00:00;4531;19;21,9;22,0;0,0;56,8;229,6
2005-07-08 20:00:00;4532;20;21,6;22,0;0,0;56,6;235,9
2005-07-08 21:00:00;4533;21;21,0;22,0;0,0;56,6;220,0
2005-07-08 22:00:00;4534;22;20,3;22,0;0,0;56,5;132,4
2005-07-08 23:00:00;4535;23;19,5;22,0;0,0;56,4;83,0
2005-07-09 00:00:00;4536;0;18,7;21,0;0,0;56,4;57,4
2005-07-09 01:00:00;4537;1;18,5;21,0;0,0;56,3;31,0
2005-07-09 02:00:00;4538;2;18,5;21,0;0,0;56,2;12,2
2005-07-09 03:00:00;4539;3;18,5;21,0;0,0;56,0;8,8
2005-07-09 04:00:00;4540;4;18,4;21,0;0,0;56,0;26,4
2005-07-09 05:00:00;4541;5;17,9;21,0;0,0;55,8;66,2
2005-07-09 06:00:00;4542;6;17,8;21,0;0,0;55,7;178,9
2005-07-09 07:00:00;4543;7;18,3;21,0;0,0;55,6;191,5
2005-07-09 08:00:00;4544;8;18,8;21,0;0,0;55,5;192,3
2005-07-09 09:00:00;4545;9;19,8;21,0;0,0;55,4;201,6
2005-07-09 10:00:00;4546;10;20,6;21,0;0,0;55,4;192,3
2005-07-09 11:00:00;4547;11;21,8;21,0;0,0;55,3;186,5
2005-07-09 12:00:00;4548;12;22,7;21,0;0,0;55,3;172,6
2005-07-09 13:00:00;4549;13;22,9;21,0;0,0;55,3;151,7
2005-07-09 14:00:00;4550;14;23,4;21,0;0,0;55,3;138,3
2005-07-09 15:00:00;4551;15;24,1;21,0;0,0;55,1;129,1
2005-07-09 16:00:00;4552;16;23,8;21,0;0,0;55,0;134,1
2005-07-09 17:00:00;4553;17;24,2;21,0;0,0;55,0;166,4
2005-07-09 18:00:00;4554;18;24,1;21,0;0,0;55,0;185,6
2005-07-09 19:00:00;4555;19;23,3;21,0;0,0;54,9;229,6
2005-07-09 20:00:00;4556;20;22,8;21,0;0,0;54,9;235,9
2005-07-09 21:00:00;4557;21;22,5;21,0;0,0;54,8;220,0
2005-07-09 22:00:00;4558;22;22,0;21,0;0,0;54,8;132,4
2005-07-09 23:00:00;4559;23;21,4;21,0;0,0;54,7;83,0
2005-07-10 00:00:00;4560;0;21,1;22,7;0,0;54,6;57,4
2005-07-10 01:00:00;4561;1;20,9;22,7;0,0;54,6;31,0
2005-07-10 02:00:00;4562;2;21,2;22,7;0,0;54,6;12,2
2005-07-10 03:00:00;4563;3;20,8;22,7;0,0;54,5;8,8
2005-07-10 04:00:00;4564;4;20,4;22,7;0,0;54,4;26,4
2005-07-10 05:00:00;4565;5;20,3;22,7;0,0;54,4;66,2
2005-07-10 06:00:00;4566;6;20,8;22,7;0,0;54,2;178,9
2005-07-10 07:00:00;4567;7;21,4;22,7;0,0;54,2;191,5
2005-07-10 08:00:00;4568;8;22,6;22,7;0,0;54,2;192,3
2005-07-10 09:00:00;4569;9;24,0;22,7;0,0;54,1;201,6
2005-07-10 10:00:00;4570;10;25,5;22,7;0,0;54,1;192,3
2005-07-10 11:00:00;4571;11;26,1;22,7;0,0;54,1;186,5
2005-07-10 12:00:00;4572;12;26,2;22,7;0,0;54,0;172,6
2005-07-10 13:00:00;4573;13;26,4;22,7;0,0;53,8;151,7
2005-07-10 14:00:00;4574;14;26,5;22,7;0,0;53,8;138,3
2005-07-10 15:00:00;4575;15;26,2;22,7;0,0;53,6;129,1
2005-07-10 16:00:00;4576;16;26,0;22,7;0,0;53,6;134,1
2005-07-10 17:00:00;4577;17;24,9;22,7;0,0;53,5;166,4
2005-07-10 18:00:00;4578;18;23,4;22,7;0,0;53,5;185,6
2005-07-10 19:00:00;4579;19;22,0;22,7;0,0;53,3;229,6
2005-07-10 20:00:00;4580;20;20,9;22,7;0,0;53,3;235,9
2005-07-10 21:00:00;4581;21;20,0;22,7;0,0;53,3;220,0
2005-07-10 22:00:00;4582;22;19,4;22,7;0,0;53,2;132,4
2005-07-10 23:00:00;4583;23;18,5;22,7;0,0;53,2;83,0
2005-07-11 00:00:00;4584;0;17,6;21,9;0,0;53,1;57,4
2005-07-11 01:00:00;4585;1;17,0;21,9;0,0;52,9;31,0
2005-07-11 02:00:00;4586;2;17,3;21,9;0,0;52,9;12,2
2005-07-11 03:00:00;4587;3;17,5;21,9;0,0;52,8;8,8
2005-07-11 04:00:00;4588;4;18,0;21,9;0,0;52,7;26,4
2005-07-11 05:00:00;4589;5;18,2;21,9;0,0;52,5;66,2
2005-07-11 06:00:00;4590;6;18,2;21,9;0,0;52,4;178,9
2005-07-11 07:00:00;4591;7;19,0;21,9;0,0;52,4;191,5
2005-07-11 08:00:00;4592;8;20,3;21,9;0,0;52,3;192,3
2005-07-11 09:00:00;4593;9;22,1;21,9;0,0;52,2;201,6
2005-07-11 10:00:00;4594;10;22,7;21,9;0,0;52,2;192,3
2005-07-11 11:00:00;4595;11;23,8;21,9;0,0;52,1;186,5
2005-07-11 12:00:00;4596;12;24,2;21,9;0,0;52,0;172,6
2005-07-11 13:00:00;4597;13;25,2;21,9;0,0;51,8;151,7
2005-07-11 14:00:00;4598;14;25,9;21,9;0,0;51,7;138,3
2005-07-11 15:00:00;4599;15;25,9;21,9;0,0;51,6;129,1
2005-07-11 16:00:00;4600;16;25,5;21,9;0,0;51,6;134,1
2005-07-11 17:00:00;4601;17;25,5;21,9;0,0;51,3;166,4
2005-07-11 18:00:00;4602;18;25,0;21,9;0,0;51,3;185,6
2005-07-11 19:00:00;4603;19;24,8;21,9;0,0;51,3;229,6
2005-07-11 20:00:00;4604;20;23,9;21,9;0,0;51,1;235,9
2005-07-11 21:00:00;4605;21;22,9;21,9;0,0;51,1;220,0
2005-07-11 22:00:00;4606;22;22,5;21,9;0,0;51,1;132,4
2005-07-11 23:00:00;4607;23;21,7;21,9;0,0;51,0;83,0
2005-07-12 00:00:00;4608;0;21,5;20,6;0,0;50,9;57,4
2005-07-12 01:00:00;4609;1;20,8;20,6;0,0;50,8;31,0
2005-07-12 02:00:00;4610;2;19,7;20,6;0,0;50,6;12,2
2005-07-12 03:00:00;4611;3;19,0;20,6;0,0;50,5;8,8
2005-07-12 04:00:00;4612;4;18,5;20,6;0,0;50,5;26,4
2005-07-12 05:00:00;4613;5;18,8;20,6;0,0;50,3;66,2
2005-07-12 06:00:00;4614;6;18,0;20,6;0,0;50,2;178,9
2005-07-12 07:00:00;4615;7;18,4;20,6;0,0;50,2;191,5
2005-07-12 08:00:00;4616;8;19,7;20,6;0,0;50,1;192,3
2005-07-12 09:00:00;4617;9;20,9;20,6;0,0;50,0;201,6
2005-07-12 10:00:00;4618;10;22,3;20,6;0,0;49,8;192,3
2005-07-12 11:00:00;4619;11;23,0;20,6;0,0;49,7;186,5
2005-07-12 12:00:00;4620;12;24,0;20,6;0,0;49,6;172,6
2005-07-12 13:00:00;4621;13;24,1;20,6;0,0;49,5;151,7
2005-07-12 14:00:00;4622;14;24,5;20,6;0,0;49,4;138,3
2005-07-12 15:00:00;4623;15;24,4;20,6;0,0;49,4;129,1
2005-07-12 16:00:00;4624;16;24,2;20,6;0,0;49,1;134,1
2005-07-12 17:00:00;4625;17;23,1;20,6;0,0;49,0;166,4
2005-07-12 18:00:00;4626;18;21,9;20,6;0,0;48,9;185,6
2005-07-12 19:00:00;4627;19;19,9;20,6;0,0;48,9;229,6
2005-07-12 20:00:00;4628;20;18,4;20,6;0,0;48,9;235,9
2005-07-12 21:00:00;4629;21;17,9;20,6;0,0;48,8;220,0
2005-07-12 22:00:00;4630;22;16,3;20,6;0,0;48,8;132,4
2005-07-12 23:00:00;4631;23;14,4;20,6;0,0;48,5;83,0
2005-07-13 00:00:00;4632;0;13,6;17,2;0,0;48,5;57,4
2005-07-13 01:00:00;4633;1;13,0;17,2;0,0;48,4;31,0
2005-07-13 02:00:00;4634;2;13,2;17,2;0,0;48,4;12,2
2005-07-13 03:00:00;4635;3;12,8;17,2;0,0;48,3;8,8
2005-07-13 04:00:00;4636;4;12,3;17,2;0,0;48,1;26,4
2005-07-13 05:00:00;4637;5;13,0;17,2;0,0;48,0;66,2
2005-07-13 06:00:00;4638;6;13,1;17,2;0,0;47,9;178,9
2005-07-13 07:00:00;4639;7;14,2;17,2;0,0;47,9;191,5
2005-07-13 08:00:00;4640;8;15,8;17,2;0,0;47,7;192,3
2005-07-13 09:00:00;4641;9;17,9;17,2;0,0;47,6;201,6
2005-07-13 10:00:00;4642;10;19,8;17,2;0,0;47,6;192,3
2005-07-13 11:00:00;4643;11;20,4;17,2;0,0;47,5;186,5
2005-07-13 12:00:00;4644;12;21,1;17,2;0,0;47,5;172,6
2005-07-13 13:00:00;4645;13;21,5;17,2;0,0;47,5;151,7
2005-07-13 14:00:00;4646;14;22,0;17,2;0,0;47,3;138,3
2005-07-13 15:00:00;4647;15;22,0;17,2;0,0;47,2;129,1
2005-07-13 16:00:00;4648;16;21,5;17,2;0,0;47,1;134,1
2005-07-13 17:00:00;4649;17;21,6;17,2;0,0;47,1;166,4
2005-07-13 18:00:00;4650;18;20,3;17,2;0,0;47,0;185,6
2005-07-13 19:00:00;4651;19;18,6;17,2;0,0;46,7;229,6
2005-07-13 20:00:00;4652;20;18,0;17,2;0,0;46,5;235,9
2005-07-13 21:00:00;4653;21;16,9;17,2;0,0;46,5;220,0
2005-07-13 22:00:00;4654;22;15,3;17,2;0,0;46,1;132,4
2005-07-13 23:00:00;4655;23;14,3;17,2;0,0;46,0;83,0
2005-07-14 00:00:00;4656;0;13,7;16,3;0,0;45,9;57,4
2005-07-14 01:00:00;4657;1;13,1;16,3;0,0;45,8;31,0
2005-07-14 02:00:00;4658;2;13,2;16,3;0,0;45,7;12,2
2005-07-14 03:00:00;4659;3;13,0;16,3;0,0;45,7;8,8
2005-07-14 04:00:00;4660;4;13,0;16,3;0,0;45,7;26,4
2005-07-14 05:00:00;4661;5;13,3;16,3;0,0;45,7;66,2
2005-07-14 06:00:00;4662;6;13,2;16,3;0,0;45,4;178,9
2005-07-14 07:00:00;4663;7;13,9;16,3;0,0;45,4;191,5
2005-07-14 08:00:00;4664;8;14,9;16,3;0,0;45,4;192,3
2005-07-14 09:00:00;4665;9;16,0;16,3;0,0;45,3;201,6
2005-07-14 10:00:00;4666;10;17,0;16,3;0,0;45,3;192,3
2005-07-14 11:00:00;4667;11;18,0;16,3;0,0;45,1;186,5
2005-07-14 12:00:00;4668;12;18,3;16,3;0,0;44,9;172,6
2005-07-14 13:00:00;4669;13;18,7;16,3;0,0;44,9;151,7
2005-07-14 14:00:00;4670;14;19,2;16,3;0,0;44,6;138,3
2005-07-14 15:00:00;4671;15;19,0;16,3;0,0;44,5;129,1
2005-07-14 16:00:00;4672;16;19,3;16,3;0,0;44,5;134,1
2005-07-14 17:00:00;4673;17;19,0;16,3;0,0;44,4;166,4
2005-07-14 18:00:00;4674;18;18,7;16,3;0,0;44,2;185,6
2005-07-14 19:00:00;4675;19;18,2;16,3;0,0;44,1;229,6
2005-07-14 20:00:00;4676;20;18,0;16,3;0,0;44,1;235,9
2005-07-14 21:00:00;4677;21;17,3;16,3;0,0;44,1;220,0
2005-07-14 22:00:00;4678;22;16,6;16,3;0,0;44,1;132,4
2005-07-14 23:00:00;4679;23;16,1;16,3;0,0;44,1;83,0
2005-07-15 00:00:00;4680;0;15,9;19,5;0,0;44,0;57,4
2005-07-15 01:00:00;4681;1;15,8;19,5;0,0;44,0;31,0
2005-07-15 02:00:00;4682;2;14,9;19,5;0,0;44,0;12,2
2005-07-15 03:00:00;4683;3;15,1;19,5;0,0;43,9;8,8
2005-07-15 04:00:00;4684;4;14,7;19,5;0,0;43,8;26,4
2005-07-15 05:00:00;4685;5;14,7;19,5;0,0;43,8;66,2
2005-07-15 06:00:00;4686;6;14,4;19,5;0,0;43,8;178,9
2005-07-15 07:00:00;4687;7;15,6;19,5;0,0;43,7;191,5
2005-07-15 08:00:00;4688;8;17,0;19,5;0,0;43,7;192,3
2005-07-15 09:00:00;4689;9;19,5;19,5;0,0;43,6;201,6
2005-07-15 10:00:00;4690;10;21,1;19,5;0,0;43,6;192,3
2005-07-15 11:00:00;4691;11;22,8;19,5;0,0;43,4;186,5
2005-07-15 12:00:00;4692;12;23,3;19,5;0,0;43,2;172,6
2005-07-15 13:00:00;4693;13;23,6;19,5;0,0;43,1;151,7
2005-07-15 14:00:00;4694;14;24,6;19,5;0,0;43,1;138,3
2005-07-15 15:00:00;4695;15;24,7;19,5;0,0;43,0;129,1
2005-07-15 16:00:00;4696;16;24,6;19,5;0,0;43,0;134,1
2005-07-15 17:00:00;4697;17;23,7;19,5;0,0;43,0;166,4
2005-07-15 18:00:00;4698;18;22,8;19,5;0,0;43,0;185,6
2005-07-15 19:00:00;4699;19;21,6;19,5;0,0;42,9;229,6
2005-07-15 20:00:00;4700;20;20,4;19,5;0,0;42,8;235,9
2005-07-15 21:00:00;4701;21;19,5;19,5;0,0;42,8;220,0
2005-07-15 22:00:00;4702;22;19,1;19,5;0,0;42,8;132,4
2005-07-15 23:00:00;4703;23;18,2;19,5;0,0;42,6;83,0
2005-07-16 00:00:00;4704;0;17,6;20,1;0,0;42,5;57,4
2005-07-16 01:00:00;4705;1;17,1;20,1;0,0;42,4;31,0
2005-07-16 02:00:00;4706;2;16,4;20,1;0,0;42,2;12,2
2005-07-16 03:00:00;4707;3;16,2;20,1;0,0;42,1;8,8
2005-07-16 04:00:00;4708;4;16,1;20,1;0,0;42,0;26,4
2005-07-16 05:00:00;4709;5;16,2;20,1;0,0;41,8;66,2
2005-07-16 06:00:00;4710;6;16,3;20,1;0,0;41,7;178,9
2005-07-16 07:00:00;4711;7;18,0;20,1;0,0;41,7;191,5
2005-07-16 08:00:00;4712;8;19,7;20,1;0,0;41,6;192,3
2005-07-16 09:00:00;4713;9;22,1;20,1;0,0;41,6;201,6
2005-07-16 10:00:00;4714;10;23,3;20,1;0,0;41,6;192,3
2005-07-16 11:00:00;4715;11;23,9;20,1;0,0;41,5;186,5
2005-07-16 12:00:00;4716;12;24,3;20,1;0,0;41,5;172,6
2005-07-16 13:00:00;4717;13;24,8;20,1;0,0;41,4;151,7
2005-07-16 14:00:00;4718;14;24,9;20,1;0,0;41,4;138,3
2005-07-16 15:00:00;4719;15;24,9;20,1;0,0;41,4;129,1
2005-07-16 16:00:00;4720;16;24,3;20,1;0,0;41,3;134,1
2005-07-16 17:00:00;4721;17;23,3;20,1;0,0;41,3;166,4
2005-07-16 18:00:00;4722;18;21,4;20,1;0,0;41,1;185,6
2005-07-16 19:00:00;4723;19;19,9;20,1;0,0;41,0;229,6
2005-07-16 20:00:00;4724;20;18,9;20,1;0,0;40,7;235,9
2005-07-16 21:00:00;4725;21;18,1;20,1;0,0;40,7;220,0
2005-07-16 22:00:00;4726;22;17,2;20,1;0,0;40,7;132,4
2005-07-16 23:00:00;4727;23;16,6;20,1;0,0;40,6;83,0
2005-07-17 00:00:00;4728;0;15,6;19,3;0,0;40,5;57,4
2005-07-17 01:00:00;4729;1;15,7;19,3;0,0;40,5;31,0
2005-07-17 02:00:00;4730;2;15,8;19,3;0,0;40,5;12,2
2005-07-17 03:00:00;4731;3;16,4;19,3;0,0;40,4;8,8
2005-07-17 04:00:00;4732;4;16,4;19,3;0,0;40,4;26,4
2005-07-17 05:00:00;4733;5;16,5;19,3;0,0;40,4;66,2
2005-07-17 06:00:00;4734;6;16,5;19,3;0,0;40,4;178,9
2005-07-17 07:00:00;4735;7;16,4;19,3;0,0;40,2;191,5
2005-07-17 08:00:00;4736;8;17,5;19,3;0,0;40,1;192,3
2005-07-17 09:00:00;4737;9;18,6;19,3;0,0;39,9;201,6
2005-07-17 10:00:00;4738;10;20,1;19,3;0,0;39,9;192,3
2005-07-17 11:00:00;4739;11;20,3;19,3;0,0;39,8;186,5
2005-07-17 12:00:00;4740;12;21,2;19,3;0,0;39,8;172,6
2005-07-17 13:00:00;4741;13;21,1;19,3;0,0;39,8;151,7
2005-07-17 14:00:00;4742;14;21,4;19,3;0,0;39,8;138,3
2005-07-17 15:00:00;4743;15;22,2;19,3;0,0;39,7;129,1
2005-07-17 16:00:00;4744;16;21,9;19,3;0,0;39,6;134,1
2005-07-17 17:00:00;4745;17;21,9;19,3;0,0;39,5;166,4
2005-07-17 18:00:00;4746;18;22,1;19,3;0,0;39,4;185,6
2005-07-17 19:00:00;4747;19;21,9;19,3;0,0;39,4;229,6
2005-07-17 20:00:00;4748;20;21,3;19,3;0,0;39,2;235,9
2005-07-17 21:00:00;4749;21;20,9;19,3;0,0;39,2;220,0
2005-07-17 22:00:00;4750;22;20,6;19,3;0,0;39,1;132,4
2005-07-17 23:00:00;4751;23;20,7;19,3;0,0;39,0;83,0
2005-07-18 00:00:00;4752;0;20,1;22,6;0,0;39,0;57,4
2005-07-18 01:00:00;4753;1;20,0;22,6;0,0;39,0;31,0
2005-07-18 02:00:00;4754;2;19,6;22,6;0,0;39,0;12,2
2005-07-18 03:00:00;4755;3;19,4;22,6;0,0;38,9;8,8
2005-07-18 04:00:00;4756;4;18,5;22,6;0,0;38,8;26,4
2005-07-18 05:00:00;4757;5;18,5;22,6;0,0;38,8;66,2
2005-07-18 06:00:00;4758;6;18,3;22,6;0,0;38,8;178,9
2005-07-18 07:00:00;4759;7;19,3;22,6;0,0;38,7;191,5
2005-07-18 08:00:00;4760;8;20,5;22,6;0,0;38,4;192,3
2005-07-18 09:00:00;4761;9;22,4;22,6;0,0;38,3;201,6
2005-07-18 10:00:00;4762;10;24,1;22,6;0,0;38,2;192,3
2005-07-18 11:00:00;4763;11;24,6;22,6;0,0;38,1;186,5
2005-07-18 12:00:00;4764;12;25,2;22,6;0,0;38,1;172,6
2005-07-18 13:00:00;4765;13;25,8;22,6;0,0;37,9;151,7
2005-07-18 14:00:00;4766;14;26,7;22,6;0,0;37,7;138,3
2005-07-18 15:00:00;4767;15;27,3;22,6;0,0;37,7;129,1
2005-07-18 16:00:00;4768;16;27,3;22,6;0,0;37,6;134,1
2005-07-18 17:00:00;4769;17;27,0;22,6;0,0;37,5;166,4
2005-07-18 18:00:00;4770;18;25,7;22,6;0,0;37,5;185,6
2005-07-18 19:00:00;4771;19;24,4;22,6;0,0;36,9;229,6
2005-07-18 20:00:00;4772;20;23,2;22,6;0,0;36,9;235,9
2005-07-18 21:00:00;4773;21;22,2;22,6;0,0;36,9;220,0
2005-07-18 22:00:00;4774;22;21,1;22,6;0,0;36,8;132,4
2005-07-18 23:00:00;4775;23;20,9;22,6;0,0;36,8;83,0
2005-07-19 00:00:00;4776;0;20,6;21,5;0,0;36,6;57,4
2005-07-19 01:00:00;4777;1;20,4;21,5;0,0;36,6;31,0
2005-07-19 02:00:00;4778;2;19,3;21,5;0,0;36,6;12,2
2005-07-19 03:00:00;4779;3;19,3;21,5;0,0;36,3;8,8
2005-07-19 04:00:00;4780;4;18,6;21,5;0,0;36,2;26,4
2005-07-19 05:00:00;4781;5;18,6;21,5;0,0;36,1;66,2
2005-07-19 06:00:00;4782;6;18,8;21,5;0,0;36,0;178,9
2005-07-19 07:00:00;4783;7;19,4;21,5;0,0;35,9;191,5
2005-07-19 08:00:00;4784;8;20,5;21,5;0,0;35,9;192,3
2005-07-19 09:00:00;4785;9;21,9;21,5;0,0;35,9;201,6
2005-07-19 10:00:00;4786;10;23,1;21,5;0,0;35,7;192,3
2005-07-19 11:00:00;4787;11;23,9;21,5;0,0;35,7;186,5
2005-07-19 12:00:00;4788;12;24,6;21,5;0,0;35,7;172,6
2005-07-19 13:00:00;4789;13;24,8;21,5;0,0;35,4;151,7
2005-07-19 14:00:00;4790;14;25,1;21,5;0,0;35,4;138,3
2005-07-19 15:00:00;4791;15;25,2;21,5;0,0;35,0;129,1
2005-07-19 16:00:00;4792;16;25,0;21,5;0,0;34,8;134,1
2005-07-19 17:00:00;4793;17;24,5;21,5;0,0;34,7;166,4
2005-07-19 18:00:00;4794;18;23,5;21,5;0,0;34,6;185,6
2005-07-19 19:00:00;4795;19;21,8;21,5;0,0;34,6;229,6
2005-07-19 20:00:00;4796;20;20,9;21,5;0,0;34,5;235,9
2005-07-19 21:00:00;4797;21;19,9;21,5;0,0;34,3;220,0
2005-07-19 22:00:00;4798;22;18,7;21,5;0,0;34,3;132,4
2005-07-19 23:00:00;4799;23;17,4;21,5;0,0;34,2;83,0
2005-07-20 00:00:00;4800;0;16,9;18,9;0,0;34,1;57,4
2005-07-20 01:00:00;4801;1;16,6;18,9;0,0;34,0;31,0
2005-07-20 02:00:00;4802;2;16,4;18,9;0,0;33,9;12,2
2005-07-20 03:00:00;4803;3;16,8;18,9;0,0;33,9;8,8
2005-07-20 04:00:00;4804;4;16,4;18,9;0,0;33,9;26,4
2005-07-20 05:00:00;4805;5;16,2;18,9;0,0;33,8;66,2
2005-07-20 06:00:00;4806;6;15,7;18,9;0,0;33,6;178,9
2005-07-20 07:00:00;4807;7;16,3;18,9;0,0;33,3;191,5
2005-07-20 08:00:00;4808;8;17,3;18,9;0,0;33,0;192,3
2005-07-20 09:00:00;4809;9;18,2;18,9;0,0;32,8;201,6
2005-07-20 10:00:00;4810;10;19,5;18,9;0,0;32,8;192,3
2005-07-20 11:00:00;4811;11;20,6;18,9;0,0;32,5;186,5
2005-07-20 12:00:00;4812;12;20,8;18,9;0,0;32,4;172,6
2005-07-20 13:00:00;4813;13;21,5;18,9;0,0;32,4;151,7
2005-07-20 14:00:00;4814;14;21,4;18,9;0,0;32,2;138,3
2005-07-20 15:00:00;4815;15;22,0;18,9;0,0;31,9;129,1
2005-07-20 16:00:00;4816;16;21,6;18,9;0,0;31,9;134,1
2005-07-20 17:00:00;4817;17;20,8;18,9;0,0;31,7;166,4
2005-07-20 18:00:00;4818;18;20,7;18,9;0,0;31,6;185,6
2005-07-20 19:00:00;4819;19;21,0;18,9;0,0;31,5;229,6
2005-07-20 20:00:00;4820;20;20,3;18,9;0,0;31,3;235,9
2005-07-20 21:00:00;4821;21;19,6;18,9;0,0;31,0;220,0
2005-07-20 22:00:00;4822;22;18,9;18,9;0,0;31,0;132,4
2005-07-20 23:00:00;4823;23;18,4;18,9;0,0;30,9;83,0
2005-07-21 00:00:00;4824;0;17,9;20,1;0,0;30,7;57,4
2005-07-21 01:00:00;4825;1;17,5;20,1;0,0;30,4;31,0
2005-07-21 02:00:00;4826;2;18,0;20,1;0,0;30,4;12,2
2005-07-21 03:00:00;4827;3;17,6;20,1;0,0;30,4;8,8
2005-07-21 04:00:00;4828;4;16,9;20,1;0,0;30,2;26,4
2005-07-21 05:00:00;4829;5;17,1;20,1;0,0;30,0;66,2
2005-07-21 06:00:00;4830;6;16,9;20,1;0,0;29,9;178,9
2005-07-21 07:00:00;4831;7;18,2;20,1;0,0;29,6;191,5
2005-07-21 08:00:00;4832;8;18,9;20,1;0,0;29,6;192,3
2005-07-21 09:00:00;4833;9;20,5;20,1;0,0;29,5;201,6
2005-07-21 10:00:00;4834;10;21,5;20,1;0,0;29,4;192,3
2005-07-21 11:00:00;4835;11;22,1;20,1;0,0;29,2;186,5
2005-07-21 12:00:00;4836;12;22,9;20,1;0,0;29,2;172,6
2005-07-21 13:00:00;4837;13;23,8;20,1;0,0;29,1;151,7
2005-07-21 14:00:00;4838;14;24,0;20,1;0,0;29,1;138,3
2005-07-21 15:00:00;4839;15;24,4;20,1;0,0;29,1;129,1
2005-07-21 16:00:00;4840;16;24,2;20,1;0,0;28,9;134,1
2005-07-21 17:00:00;4841;17;23,3;20,1;0,0;28,8;166,4
2005-07-21 18:00:00;4842;18;21,7;20,1;0,0;28,8;185,6
2005-07-21 19:00:00;4843;19;20,4;20,1;0,0;28,7;229,6
2005-07-21 20:00:00;4844;20;19,6;20,1;0,0;28,7;235,9
2005-07-21 21:00:00;4845;21;19,0;20,1;0,0;28,7;220,0
2005-07-21 22:00:00;4846;22;18,3;20,1;0,0;28,6;132,4
2005-07-21 23:00:00;4847;23;17,7;20,1;0,0;28,6;83,0
2005-07-22 00:00:00;4848;0;16,7;19,5;0,0;28,6;57,4
2005-07-22 01:00:00;4849;1;16,7;19,5;0,0;28,5;31,0
2005-07-22 02:00:00;4850;2;16,6;19,5;0,0;28,4;12,2
2005-07-22 03:00:00;4851;3;16,6;19,5;0,0;28,3;8,8
2005-07-22 04:00:00;4852;4;16,8;19,5;0,0;28,3;26,4
2005-07-22 05:00:00;4853;5;16,9;19,5;0,0;28,2;66,2
2005-07-22 06:00:00;4854;6;17,0;19,5;0,0;27,8;178,9
2005-07-22 07:00:00;4855;7;17,4;19,5;0,0;27,7;191,5
2005-07-22 08:00:00;4856;8;18,3;19,5;0,0;27,7;192,3
2005-07-22 09:00:00;4857;9;19,1;19,5;0,0;27,6;201,6
2005-07-22 10:00:00;4858;10;19,6;19,5;0,0;27,5;192,3
2005-07-22 11:00:00;4859;11;20,4;19,5;0,0;27,4;186,5
2005-07-22 12:00:00;4860;12;21,1;19,5;0,0;27,3;172,6
2005-07-22 13:00:00;4861;13;21,9;19,5;0,0;27,1;151,7
2005-07-22 14:00:00;4862;14;21,9;19,5;0,0;26,9;138,3
2005-07-22 15:00:00;4863;15;21,9;19,5;0,0;26,5;129,1
2005-07-22 16:00:00;4864;16;21,7;19,5;0,0;26,2;134,1
2005-07-22 17:00:00;4865;17;21,9;19,5;0,0;26,2;166,4
2005-07-22 18:00:00;4866;18;22,0;19,5;0,0;26,2;185,6
2005-07-22 19:00:00;4867;19;21,6;19,5;0,0;26,1;229,6
2005-07-22 20:00:00;4868;20;21,0;19,5;0,0;25,8;235,9
2005-07-22 21:00:00;4869;21;20,5;19,5;0,0;25,7;220,0
2005-07-22 22:00:00;4870;22;20,3;19,5;0,0;25,7;132,4
2005-07-22 23:00:00;4871;23;20,0;19,5;0,0;25,2;83,0
2005-07-23 00:00:00;4872;0;19,9;19,3;0,0;25,0;57,4
2005-07-23 01:00:00;4873;1;19,6;19,3;0,0;25,0;31,0
2005-07-23 02:00:00;4874;2;19,2;19,3;0,0;24,9;12,2
2005-07-23 03:00:00;4875;3;19,1;19,3;0,0;24,8;8,8
2005-07-23 04:00:00;4876;4;18,3;19,3;0,0;24,7;26,4
2005-07-23 05:00:00;4877;5;17,7;19,3;0,0;24,6;66,2
2005-07-23 06:00:00;4878;6;17,8;19,3;0,0;24,6;178,9
2005-07-23 07:00:00;4879;7;18,6;19,3;0,0;24,5;191,5
2005-07-23 08:00:00;4880;8;19,7;19,3;0,0;24,3;192,3
2005-07-23 09:00:00;4881;9;20,4;19,3;0,0;24,2;201,6
2005-07-23 10:00:00;4882;10;20,8;19,3;0,0;24,0;192,3
2005-07-23 11:00:00;4883;11;21,3;19,3;0,0;23,5;186,5
2005-07-23 12:00:00;4884;12;22,1;19,3;0,0;23,4;172,6
2005-07-23 13:00:00;4885;13;22,1;19,3;0,0;23,4;151,7
2005-07-23 14:00:00;4886;14;22,0;19,3;0,0;23,3;138,3
2005-07-23 15:00:00;4887;15;22,1;19,3;0,0;23,2;129,1
2005-07-23 16:00:00;4888;16;21,6;19,3;0,0;23,2;134,1
2005-07-23 17:00:00;4889;17;20,6;19,3;0,0;23,0;166,4
2005-07-23 18:00:00;4890;18;19,5;19,3;0,0;22,9;185,6
2005-07-23 19:00:00;4891;19;18,0;19,3;0,0;22,8;229,6
2005-07-23 20:00:00;4892;20;16,9;19,3;0,0;22,6;235,9
2005-07-23 21:00:00;4893;21;16,2;19,3;0,0;22,6;220,0
2005-07-23 22:00:00;4894;22;15,3;19,3;0,0;22,4;132,4
2005-07-23 23:00:00;4895;23;14,4;19,3;0,0;22,0;83,0
2005-07-24 00:00:00;4896;0;13,4;17,0;0,0;22,0;57,4
2005-07-24 01:00:00;4897;1;13,2;17,0;0,0;21,9;31,0
2005-07-24 02:00:00;4898;2;12,9;17,0;0,0;21,9;12,2
2005-07-24 03:00:00;4899;3;12,3;17,0;0,0;21,8;8,8
2005-07-24 04:00:00;4900;4;12,7;17,0;0,0;21,8;26,4
2005-07-24 05:00:00;4901;5;12,8;17,0;0,0;21,7;66,2
2005-07-24 06:00:00;4902;6;12,9;17,0;0,0;21,6;178,9
2005-07-24 07:00:00;4903;7;13,7;17,0;0,0;21,5;191,5
2005-07-24 08:00:00;4904;8;15,1;17,0;0,0;21,4;192,3
2005-07-24 09:00:00;4905;9;16,8;17,0;0,0;21,4;201,6
2005-07-24 10:00:00;4906;10;18,2;17,0;0,0;21,2;192,3
2005-07-24 11:00:00;4907;11;19,3;17,0;0,0;21,1;186,5
2005-07-24 12:00:00;4908;12;20,1;17,0;0,0;21,0;172,6
2005-07-24 13:00:00;4909;13;20,6;17,0;0,0;21,0;151,7
2005-07-24 14:00:00;4910;14;20,7;17,0;0,0;20,8;138,3
2005-07-24 15:00:00;4911;15;21,1;17,0;0,0;20,7;129,1
2005-07-24 16:00:00;4912;16;21,1;17,0;0,0;20,6;134,1
2005-07-24 17:00:00;4913;17;20,7;17,0;0,0;20,5;166,4
2005-07-24 18:00:00;4914;18;20,0;17,0;0,0;20,4;185,6
2005-07-24 19:00:00;4915;19;18,9;17,0;0,0;20,4;229,6
2005-07-24 20:00:00;4916;20;18,0;17,0;0,0;20,1;235,9
2005-07-24 21:00:00;4917;21;18,0;17,0;0,0;20,0;220,0
2005-07-24 22:00:00;4918;22;17,4;17,0;0,0;19,5;132,4
2005-07-24 23:00:00;4919;23;17,0;17,0;0,0;19,4;83,0
2005-07-25 00:00:00;4920;0;16,8;18,9;0,0;18,8;57,4
2005-07-25 01:00:00;4921;1;16,1;18,9;0,0;18,7;31,0
2005-07-25 02:00:00;4922;2;15,4;18,9;0,0;18,7;12,2
2005-07-25 03:00:00;4923;3;14,8;18,9;0,0;18,7;8,8
2005-07-25 04:00:00;4924;4;13,9;18,9;0,0;18,7;26,4
2005-07-25 05:00:00;4925;5;14,1;18,9;0,0;18,7;66,2
2005-07-25 06:00:00;4926;6;14,8;18,9;0,0;18,5;178,9
2005-07-25 07:00:00;4927;7;15,8;18,9;0,0;18,3;191,5
2005-07-25 08:00:00;4928;8;17,5;18,9;0,0;18,3;192,3
2005-07-25 09:00:00;4929;9;19,2;18,9;0,0;18,2;201,6
2005-07-25 10:00:00;4930;10;20,4;18,9;0,0;18,2;192,3
2005-07-25 11:00:00;4931;11;21,2;18,9;0,0;18,1;186,5
2005-07-25 12:00:00;4932;12;22,5;18,9;0,0;17,8;172,6
2005-07-25 13:00:00;4933;13;22,9;18,9;0,0;17,6;151,7
2005-07-25 14:00:00;4934;14;22,7;18,9;0,0;17,6;138,3
2005-07-25 15:00:00;4935;15;23,2;18,9;0,0;17,4;129,1
2005-07-25 16:00:00;4936;16;23,0;18,9;0,0;17,4;134,1
2005-07-25 17:00:00;4937;17;22,1;18,9;0,0;17,4;166,4
2005-07-25 18:00:00;4938;18;21,9;18,9;0,0;17,3;185,6
2005-07-25 19:00:00;4939;19;20,9;18,9;0,0;17,3;229,6
2005-07-25 20:00:00;4940;20;19,7;18,9;0,0;16,7;235,9
2005-07-25 21:00:00;4941;21;19,3;18,9;0,0;16,6;220,0
2005-07-25 22:00:00;4942;22;17,7;18,9;0,0;16,3;132,4
2005-07-25 23:00:00;4943;23;17,5;18,9;0,0;16,2;83,0
2005-07-26 00:00:00;4944;0;16,5;18,8;0,0;16,0;57,4
2005-07-26 01:00:00;4945;1;16,1;18,8;0,0;15,8;31,0
2005-07-26 02:00:00;4946;2;16,4;18,8;0,0;15,8;12,2
2005-07-26 03:00:00;4947;3;16,0;18,8;0,0;15,2;8,8
2005-07-26 04:00:00;4948;4;16,4;18,8;0,0;15,1;26,4
2005-07-26 05:00:00;4949;5;16,1;18,8;0,0;15,1;66,2
2005-07-26 06:00:00;4950;6;16,0;18,8;0,0;15,0;178,9
2005-07-26 07:00:00;4951;7;16,3;18,8;0,0;14,5;191,5
2005-07-26 08:00:00;4952;8;17,3;18,8;0,0;14,5;192,3
2005-07-26 09:00:00;4953;9;18,9;18,8;0,0;13,7;201,6
2005-07-26 10:00:00;4954;10;19,9;18,8;0,0;13,6;192,3
2005-07-26 11:00:00;4955;11;20,6;18,8;0,0;13,5;186,5
2005-07-26 12:00:00;4956;12;20,8;18,8;0,0;13,5;172,6
2005-07-26 13:00:00;4957;13;21,4;18,8;0,0;13,4;151,7
2005-07-26 14:00:00;4958;14;22,0;18,8;0,0;13,1;138,3
2005-07-26 15:00:00;4959;15;22,2;18,8;0,0;13,1;129,1
2005-07-26 16:00:00;4960;16;22,4;18,8;0,0;12,5;134,1
2005-07-26 17:00:00;4961;17;21,9;18,8;0,0;12,0;166,4
2005-07-26 18:00:00;4962;18;20,6;18,8;0,0;11,7;185,6
2005-07-26 19:00:00;4963;19;19,7;18,8;0,0;11,5;229,6
2005-07-26 20:00:00;4964;20;18,8;18,8;0,0;11,5;235,9
2005-07-26 21:00:00;4965;21;18,3;18,8;0,0;11,4;220,0
2005-07-26 22:00:00;4966;22;17,9;18,8;0,0;11,4;132,4
2005-07-26 23:00:00;4967;23;17,6;18,8;0,0;11,4;83,0
2005-07-27 00:00:00;4968;0;17,5;20,8;0,0;11,3;57,4
2005-07-27 01:00:00;4969;1;17,3;20,8;0,0;11,1;31,0
2005-07-27 02:00:00;4970;2;16,9;20,8;0,0;11,1;12,2
2005-07-27 03:00:00;4971;3;16,9;20,8;0,0;10,9;8,8
2005-07-27 04:00:00;4972;4;16,3;20,8;0,0;10,8;26,4
2005-07-27 05:00:00;4973;5;16,8;20,8;0,0;10,8;66,2
2005-07-27 06:00:00;4974;6;16,8;20,8;0,0;10,7;178,9
2005-07-27 07:00:00;4975;7;17,8;20,8;0,0;10,7;191,5
2005-07-27 08:00:00;4976;8;19,0;20,8;0,0;10,6;192,3
2005-07-27 09:00:00;4977;9;21,2;20,8;0,0;10,6;201,6
2005-07-27 10:00:00;4978;10;22,5;20,8;0,0;10,5;192,3
2005-07-27 11:00:00;4979;11;23,5;20,8;0,0;10,5;186,5
2005-07-27 12:00:00;4980;12;24,3;20,8;0,0;10,5;172,6
2005-07-27 13:00:00;4981;13;24,9;20,8;0,0;10,5;151,7
2005-07-27 14:00:00;4982;14;26,0;20,8;0,0;10,2;138,3
2005-07-27 15:00:00;4983;15;25,9;20,8;0,0;9,8;129,1
2005-07-27 16:00:00;4984;16;25,9;20,8;0,0;9,7;134,1
2005-07-27 17:00:00;4985;17;24,9;20,8;0,0;9,7;166,4
2005-07-27 18:00:00;4986;18;23,7;20,8;0,0;9,6;185,6
2005-07-27 19:00:00;4987;19;22,9;20,8;0,0;9,6;229,6
2005-07-27 20:00:00;4988;20;21,4;20,8;0,0;9,5;235,9
2005-07-27 21:00:00;4989;21;19,9;20,8;0,0;9,4;220,0
2005-07-27 22:00:00;4990;22;18,9;20,8;0,0;9,0;132,4
2005-07-27 23:00:00;4991;23;18,4;20,8;0,0;8,8;83,0
2005-07-28 00:00:00;4992;0;18,3;19,9;0,0;8,7;57,4
2005-07-28 01:00:00;4993;1;17,7;19,9;0,0;8,5;31,0
2005-07-28 02:00:00;4994;2;17,4;19,9;0,0;8,5;12,2
2005-07-28 03:00:00;4995;3;16,5;19,9;0,0;8,4;8,8
2005-07-28 04:00:00;4996;4;16,7;19,9;0,0;7,9;26,4
2005-07-28 05:00:00;4997;5;16,3;19,9;0,0;7,8;66,2
2005-07-28 06:00:00;4998;6;16,3;19,9;0,0;7,8;178,9
2005-07-28 07:00:00;4999;7;16,7;19,9;0,0;7,7;191,5
2005-07-28 08:00:00;5000;8;18,6;19,9;0,0;7,7;192,3
2005-07-28 09:00:00;5001;9;20,7;19,9;0,0;7,5;201,6
2005-07-28 10:00:00;5002;10;22,5;19,9;0,0;7,4;192,3
2005-07-28 11:00:00;5003;11;23,8;19,9;0,0;7,3;186,5
2005-07-28 12:00:00;5004;12;23,7;19,9;0,0;7,3;172,6
2005-07-28 13:00:00;5005;13;24,1;19,9;0,0;7,2;151,7
2005-07-28 14:00:00;5006;14;24,6;19,9;0,0;7,2;138,3
2005-07-28 15:00:00;5007;15;25,0;19,9;0,0;7,2;129,1
2005-07-28 16:00:00;5008;16;24,9;19,9;0,0;7,0;134,1
2005-07-28 17:00:00;5009;17;23,9;19,9;0,0;6,9;166,4
2005-07-28 18:00:00;5010;18;21,9;19,9;0,0;6,8;185,6
2005-07-28 19:00:00;5011;19;20,3;19,9;0,0;6,8;229,6
2005-07-28 20:00:00;5012;20;18,8;19,9;0,0;6,8;235,9
2005-07-28 21:00:00;5013;21;17,2;19,9;0,0;6,8;220,0
2005-07-28 22:00:00;5014;22;16,5;19,9;0,0;6,7;132,4
2005-07-28 23:00:00;5015;23;15,5;19,9;0,0;6,7;83,0
2005-07-29 00:00:00;5016;0;15,0;19,1;0,0;6,7;57,4
2005-07-29 01:00:00;5017;1;15,4;19,1;0,0;6,6;31,0
2005-07-29 02:00:00;5018;2;14,9;19,1;0,0;6,6;12,2
2005-07-29 03:00:00;5019;3;15,0;19,1;0,0;6,5;8,8
2005-07-29 04:00:00;5020;4;15,0;19,1;0,0;6,3;26,4
2005-07-29 05:00:00;5021;5;14,6;19,1;0,0;6,3;66,2
2005-07-29 06:00:00;5022;6;15,4;19,1;0,0;6,2;178,9
2005-07-29 07:00:00;5023;7;16,1;19,1;0,0;6,0;191,5
2005-07-29 08:00:00;5024;8;17,5;19,1;0,0;5,7;192,3
2005-07-29 09:00:00;5025;9;18,9;19,1;0,0;5,7;201,6
2005-07-29 10:00:00;5026;10;19,6;19,1;0,0;5,6;192,3
2005-07-29 11:00:00;5027;11;20,6;19,1;0,0;5,5;186,5
2005-07-29 12:00:00;5028;12;21,2;19,1;0,0;5,4;172,6
2005-07-29 13:00:00;5029;13;22,0;19,1;0,0;5,2;151,7
2005-07-29 14:00:00;5030;14;23,1;19,1;0,0;5,0;138,3
2005-07-29 15:00:00;5031;15;23,2;19,1;0,0;5,0;129,1
2005-07-29 16:00:00;5032;16;23,3;19,1;0,0;4,8;134,1
2005-07-29 17:00:00;5033;17;23,5;19,1;0,0;4,8;166,4
2005-07-29 18:00:00;5034;18;23,0;19,1;0,0;4,6;185,6
2005-07-29 19:00:00;5035;19;21,7;19,1;0,0;4,5;229,6
2005-07-29 20:00:00;5036;20;20,8;19,1;0,0;4,4;235,9
2005-07-29 21:00:00;5037;21;20,1;19,1;0,0;4,3;220,0
2005-07-29 22:00:00;5038;22;19,6;19,1;0,0;4,3;132,4
2005-07-29 23:00:00;5039;23;19,5;19,1;0,0;4,2;83,0
2005-07-30 00:00:00;5040;0;19,0;20,0;0,0;4,2;57,4
2005-07-30 01:00:00;5041;1;18,6;20,0;0,0;4,1;31,0
2005-07-30 02:00:00;5042;2;17,6;20,0;0,0;4,1;12,2
2005-07-30 03:00:00;5043;3;16,9;20,0;0,0;3,9;8,8
2005-07-30 04:00:00;5044;4;16,5;20,0;0,0;3,9;26,4
2005-07-30 05:00:00;5045;5;16,6;20,0;0,0;3,8;66,2
2005-07-30 06:00:00;5046;6;16,3;20,0;0,0;3,7;178,9
2005-07-30 07:00:00;5047;7;17,1;20,0;0,0;3,7;191,5
2005-07-30 08:00:00;5048;8;18,2;20,0;0,0;3,5;192,3
2005-07-30 09:00:00;5049;9;19,5;20,0;0,0;3,5;201,6
2005-07-30 10:00:00;5050;10;20,4;20,0;0,0;3,5;192,3
2005-07-30 11:00:00;5051;11;21,6;20,0;0,0;3,5;186,5
2005-07-30 12:00:00;5052;12;22,9;20,0;0,0;3,5;172,6
2005-07-30 13:00:00;5053;13;22,9;20,0;0,0;3,4;151,7
2005-07-30 14:00:00;5054;14;23,0;20,0;0,0;3,3;138,3
2005-07-30 15:00:00;5055;15;23,3;20,0;0,0;3,3;129,1
2005-07-30 16:00:00;5056;16;23,6;20,0;0,0;2,9;134,1
2005-07-30 17:00:00;5057;17;23,1;20,0;0,0;2,9;166,4
2005-07-30 18:00:00;5058;18;22,1;20,0;0,0;2,9;185,6
2005-07-30 19:00:00;5059;19;21,5;20,0;0,0;2,8;229,6
2005-07-30 20:00:00;5060;20;21,0;20,0;0,0;2,7;235,9
2005-07-30 21:00:00;5061;21;20,6;20,0;0,0;2,5;220,0
2005-07-30 22:00:00;5062;22;19,2;20,0;0,0;2,4;132,4
2005-07-30 23:00:00;5063;23;18,5;20,0;0,0;2,4;83,0
2005-07-31 00:00:00;5064;0;18,2;22,3;0,0;2,4;57,4
2005-07-31 01:00:00;5065;1;17,8;22,3;0,0;2,2;31,0
2005-07-31 02:00:00;5066;2;17,7;22,3;0,0;2,2;12,2
2005-07-31 03:00:00;5067;3;17,7;22,3;0,0;2,1;8,8
2005-07-31 04:00:00;5068;4;18,1;22,3;0,0;2,1;26,4
2005-07-31 05:00:00;5069;5;18,1;22,3;0,0;2,0;66,2
2005-07-31 06:00:00;5070;6;17,8;22,3;0,0;2,0;178,9
2005-07-31 07:00:00;5071;7;18,9;22,3;0,0;1,9;191,5
2005-07-31 08:00:00;5072;8;20,4;22,3;0,0;1,8;192,3
2005-07-31 09:00:00;5073;9;22,6;22,3;0,0;1,7;201,6
2005-07-31 10:00:00;5074;10;23,7;22,3;0,0;1,6;192,3
2005-07-31 11:00:00;5075;11;24,8;22,3;0,0;1,5;186,5
2005-07-31 12:00:00;5076;12;25,2;22,3;0,0;1,4;172,6
2005-07-31 13:00:00;5077;13;26,4;22,3;0,0;1,3;151,7
2005-07-31 14:00:00;5078;14;26,8;22,3;0,0;1,2;138,3
2005-07-31 15:00:00;5079;15;27,2;22,3;0,0;1,2;129,1
2005-07-31 16:00:00;5080;16;27,3;22,3;0,0;1,2;134,1
2005-07-31 17:00:00;5081;17;27,7;22,3;0,0;1,1;166,4
2005-07-31 18:00:00;5082;18;26,2;22,3;0,0;1,1;185,6
2005-07-31 19:00:00;5083;19;24,5;22,3;0,0;0,8;229,6
2005-07-31 20:00:00;5084;20;23,2;22,3;0,0;0,7;235,9
2005-07-31 21:00:00;5085;21;22,4;22,3;0,0;0,1;220,0
2005-07-31 22:00:00;5086;22;21,2;22,3;0,0;0,0;132,4
2005-07-31 23:00:00;5087;23;20,1;22,3;0,0;0,0;83,0
2005-08-01 00:00:00;5088;0;20,0;20,4;0,0;0,0;57,4
2005-08-01 01:00:00;5089;1;18,9;20,4;0,0;0,0;31,0
2005-08-01 02:00:00;5090;2;17,9;20,4;0,0;0,0;12,2
2005-08-01 03:00:00;5091;3;17,6;20,4;0,0;0,0;8,8
2005-08-01 04:00:00;5092;4;17,3;20,4;0,0;0,0;26,4
2005-08-01 05:00:00;5093;5;17,0;20,4;0,0;0,0;66,2
2005-08-01 06:00:00;5094;6;16,8;20,4;0,0;0,0;178,9
2005-08-01 07:00:00;5095;7;17,4;20,4;0,0;0,0;191,5
2005-08-01 08:00:00;5096;8;19,2;20,4;0,0;0,0;192,3
2005-08-01 09:00:00;5097;9;21,3;20,4;0,0;0,0;201,6
2005-08-01 10:00:00;5098;10;23,2;20,4;0,0;0,0;192,3
2005-08-01 11:00:00;5099;11;24,8;20,4;0,0;0,0;186,5
2005-08-01 12:00:00;5100;12;24,9;20,4;0,0;0,0;172,6
2005-08-01 13:00:00;5101;13;25,2;20,4;0,0;0,0;151,7
2005-08-01 14:00:00;5102;14;24,7;20,4;0,0;0,0;138,3
2005-08-01 15:00:00;5103;15;24,5;20,4;0,0;0,0;129,1
2005-08-01 16:00:00;5104;16;24,2;20,4;0,0;0,0;134,1
2005-08-01 17:00:00;5105;17;23,5;20,4;0,0;0,0;166,4
2005-08-01 18:00:00;5106;18;22,1;20,4;0,0;0,0;185,6
2005-08-01 19:00:00;5107;19;20,8;20,4;0,0;0,0;229,6
2005-08-01 20:00:00;5108;20;19,1;20,4;0,0;0,0;235,9
2005-08-01 21:00:00;5109;21;17,3;20,4;0,0;0,0;220,0
2005-08-01 22:00:00;5110;22;16,1;20,4;0,0;0,0;132,4
2005-08-01 23:00:00;5111;23;14,9;20,4;0,0;0,0;83,0
2005-08-02 00:00:00;5112;0;14,1;17,6;0,0;0,0;57,4
2005-08-02 01:00:00;5113;1;12,9;17,6;0,0;0,0;31,0
2005-08-02 02:00:00;5114;2;11,6;17,6;0,0;0,0;12,2
2005-08-02 03:00:00;5115;3;11,7;17,6;0,0;0,0;8,8
2005-08-02 04:00:00;5116;4;12,6;17,6;0,0;0,0;26,4
2005-08-02 05:00:00;5117;5;12,4;17,6;0,0;0,0;66,2
2005-08-02 06:00:00;5118;6;12,9;17,6;0,0;0,0;178,9
2005-08-02 07:00:00;5119;7;14,0;17,6;0,0;0,0;191,5
2005-08-02 08:00:00;5120;8;16,3;17,6;0,0;0,0;192,3
2005-08-02 09:00:00;5121;9;18,0;17,6;0,0;0,0;201,6
2005-08-02 10:00:00;5122;10;20,0;17,6;0,0;0,0;192,3
2005-08-02 11:00:00;5123;11;20,7;17,6;0,0;0,0;186,5
2005-08-02 12:00:00;5124;12;21,8;17,6;0,0;0,0;172,6
2005-08-02 13:00:00;5125;13;22,1;17,6;0,0;0,0;151,7
2005-08-02 14:00:00;5126;14;23,0;17,6;0,0;0,0;138,3
2005-08-02 15:00:00;5127;15;23,1;17,6;0,0;0,0;129,1
2005-08-02 16:00:00;5128;16;22,9;17,6;0,0;0,0;134,1
2005-08-02 17:00:00;5129;17;22,3;17,6;0,0;0,0;166,4
2005-08-02 18:00:00;5130;18;21,5;17,6;0,0;0,0;185,6
2005-08-02 19:00:00;5131;19;20,3;17,6;0,0;0,0;229,6
2005-08-02 20:00:00;5132;20;18,8;17,6;0,0;0,0;235,9
2005-08-02 21:00:00;5133;21;17,5;17,6;0,0;0,0;220,0
2005-08-02 22:00:00;5134;22;16,1;17,6;0,0;0,0;132,4
2005-08-02 23:00:00;5135;23;15,1;17,6;0,0;0,0;83,0
2005-08-03 00:00:00;5136;0;14,7;18,7;0,0;0,0;57,4
2005-08-03 01:00:00;5137;1;14,5;18,7;0,0;0,0;31,0
2005-08-03 02:00:00;5138;2;14,7;18,7;0,0;0,0;12,2
2005-08-03 03:00:00;5139;3;14,8;18,7;0,0;0,0;8,8
2005-08-03 04:00:00;5140;4;14,8;18,7;0,0;0,0;26,4
2005-08-03 05:00:00;5141;5;14,9;18,7;0,0;0,0;66,2
2005-08-03 06:00:00;5142;6;15,2;18,7;0,0;0,0;178,9
2005-08-03 07:00:00;5143;7;16,4;18,7;0,0;0,0;191,5
2005-08-03 08:00:00;5144;8;17,6;18,7;0,0;0,0;192,3
2005-08-03 09:00:00;5145;9;19,7;18,7;0,0;0,0;201,6
2005-08-03 10:00:00;5146;10;21,2;18,7;0,0;0,0;192,3
2005-08-03 11:00:00;5147;11;22,2;18,7;0,0;0,0;186,5
2005-08-03 12:00:00;5148;12;22,5;18,7;0,0;0,0;172,6
2005-08-03 13:00:00;5149;13;23,1;18,7;0,0;0,0;151,7
2005-08-03 14:00:00;5150;14;24,1;18,7;0,0;0,0;138,3
2005-08-03 15:00:00;5151;15;24,0;18,7;0,0;0,0;129,1
2005-08-03 16:00:00;5152;16;23,6;18,7;0,0;0,0;134,1
2005-08-03 17:00:00;5153;17;22,8;18,7;0,0;0,0;166,4
2005-08-03 18:00:00;5154;18;21,5;18,7;0,0;0,0;185,6
2005-08-03 19:00:00;5155;19;19,6;18,7;0,0;0,0;229,6
2005-08-03 20:00:00;5156;20;18,2;18,7;0,0;0,0;235,9
2005-08-03 21:00:00;5157;21;16,6;18,7;0,0;0,0;220,0
2005-08-03 22:00:00;5158;22;16,2;18,7;0,0;0,0;132,4
2005-08-03 23:00:00;5159;23;15,4;18,7;0,0;0,0;83,0
2005-08-04 00:00:00;5160;0;13,9;16,6;0,0;0,0;57,4
2005-08-04 01:00:00;5161;1;13,4;16,6;0,0;0,0;31,0
2005-08-04 02:00:00;5162;2;13,1;16,6;0,0;0,0;12,2
2005-08-04 03:00:00;5163;3;12,6;16,6;0,0;0,0;8,8
2005-08-04 04:00:00;5164;4;12,2;16,6;0,0;0,0;26,4
2005-08-04 05:00:00;5165;5;12,4;16,6;0,0;0,0;66,2
2005-08-04 06:00:00;5166;6;12,9;16,6;0,0;0,0;178,9
2005-08-04 07:00:00;5167;7;14,1;16,6;0,0;0,0;191,5
2005-08-04 08:00:00;5168;8;15,2;16,6;0,0;0,0;192,3
2005-08-04 09:00:00;5169;9;16,9;16,6;0,0;0,0;201,6
2005-08-04 10:00:00;5170;10;18,1;16,6;0,0;0,0;192,3
2005-08-04 11:00:00;5171;11;19,0;16,6;0,0;0,0;186,5
2005-08-04 12:00:00;5172;12;20,0;16,6;0,0;0,0;172,6
2005-08-04 13:00:00;5173;13;21,0;16,6;0,0;0,0;151,7
2005-08-04 14:00:00;5174;14;21,0;16,6;0,0;0,0;138,3
2005-08-04 15:00:00;5175;15;20,6;16,6;0,0;0,0;129,1
2005-08-04 16:00:00;5176;16;20,5;16,6;0,0;0,0;134,1
2005-08-04 17:00:00;5177;17;19,9;16,6;0,0;0,0;166,4
2005-08-04 18:00:00;5178;18;19,4;16,6;0,0;0,0;185,6
2005-08-04 19:00:00;5179;19;18,4;16,6;0,0;0,0;229,6
2005-08-04 20:00:00;5180;20;17,3;16,6;0,0;0,0;235,9
2005-08-04 21:00:00;5181;21;16,3;16,6;0,0;0,0;220,0
2005-08-04 22:00:00;5182;22;15,6;16,6;0,0;0,0;132,4
2005-08-04 23:00:00;5183;23;14,7;16,6;0,0;0,0;83,0
2005-08-05 00:00:00;5184;0;13,9;14,6;0,0;0,0;57,4
2005-08-05 01:00:00;5185;1;13,6;14,6;0,0;0,0;31,0
2005-08-05 02:00:00;5186;2;13,0;14,6;0,0;0,0;12,2
2005-08-05 03:00:00;5187;3;13,0;14,6;0,0;0,0;8,8
2005-08-05 04:00:00;5188;4;12,6;14,6;0,0;0,0;26,4
2005-08-05 05:00:00;5189;5;12,6;14,6;0,0;0,0;66,2
2005-08-05 06:00:00;5190;6;12,2;14,6;0,0;0,0;178,9
2005-08-05 07:00:00;5191;7;13,1;14,6;0,0;0,0;191,5
2005-08-05 08:00:00;5192;8;14,0;14,6;0,0;0,0;192,3
2005-08-05 09:00:00;5193;9;15,5;14,6;0,0;0,0;201,6
2005-08-05 10:00:00;5194;10;16,3;14,6;0,0;0,0;192,3
2005-08-05 11:00:00;5195;11;16,9;14,6;0,0;0,0;186,5
2005-08-05 12:00:00;5196;12;16,8;14,6;0,0;0,0;172,6
2005-08-05 13:00:00;5197;13;17,1;14,6;0,0;0,0;151,7
2005-08-05 14:00:00;5198;14;17,9;14,6;0,0;0,0;138,3
2005-08-05 15:00:00;5199;15;17,8;14,6;0,0;0,0;129,1
2005-08-05 16:00:00;5200;16;17,5;14,6;0,0;0,0;134,1
2005-08-05 17:00:00;5201;17;16,4;14,6;0,0;0,0;166,4
2005-08-05 18:00:00;5202;18;16,1;14,6;0,0;0,0;185,6
2005-08-05 19:00:00;5203;19;15,0;14,6;0,0;0,0;229,6
2005-08-05 20:00:00;5204;20;14,1;14,6;0,0;0,0;235,9
2005-08-05 21:00:00;5205;21;12,8;14,6;0,0;0,0;220,0
2005-08-05 22:00:00;5206;22;11,7;14,6;0,0;0,0;132,4
2005-08-05 23:00:00;5207;23;11,4;14,6;0,0;0,0;83,0
2005-08-06 00:00:00;5208;0;10,4;13,6;0,0;0,0;57,4
2005-08-06 01:00:00;5209;1;10,2;13,6;0,0;0,0;31,0
2005-08-06 02:00:00;5210;2;10,3;13,6;0,0;0,0;12,2
2005-08-06 03:00:00;5211;3;10,4;13,6;0,0;0,0;8,8
2005-08-06 04:00:00;5212;4;10,3;13,6;0,0;0,0;26,4
2005-08-06 05:00:00;5213;5;10,5;13,6;0,0;0,0;66,2
2005-08-06 06:00:00;5214;6;10,8;13,6;0,0;0,0;178,9
2005-08-06 07:00:00;5215;7;12,5;13,6;0,0;0,0;191,5
2005-08-06 08:00:00;5216;8;13,5;13,6;0,0;0,0;192,3
2005-08-06 09:00:00;5217;9;14,7;13,6;0,0;0,0;201,6
2005-08-06 10:00:00;5218;10;15,9;13,6;0,0;0,0;192,3
2005-08-06 11:00:00;5219;11;16,2;13,6;0,0;0,0;186,5
2005-08-06 12:00:00;5220;12;16,5;13,6;0,0;0,0;172,6
2005-08-06 13:00:00;5221;13;16,6;13,6;0,0;0,0;151,7
2005-08-06 14:00:00;5222;14;16,6;13,6;0,0;0,0;138,3
2005-08-06 15:00:00;5223;15;16,3;13,6;0,0;0,0;129,1
2005-08-06 16:00:00;5224;16;16,2;13,6;0,0;0,0;134,1
2005-08-06 17:00:00;5225;17;16,2;13,6;0,0;0,0;166,4
2005-08-06 18:00:00;5226;18;15,6;13,6;0,0;0,0;185,6
2005-08-06 19:00:00;5227;19;14,7;13,6;0,0;0,0;229,6
2005-08-06 20:00:00;5228;20;14,0;13,6;0,0;0,0;235,9
2005-08-06 21:00:00;5229;21;13,7;13,6;0,0;0,0;220,0
2005-08-06 22:00:00;5230;22;12,8;13,6;0,0;0,0;132,4
2005-08-06 23:00:00;5231;23;12,4;13,6;0,0;0,0;83,0
2005-08-07 00:00:00;5232;0;12,5;15,3;0,0;0,0;57,4
2005-08-07 01:00:00;5233;1;12,5;15,3;0,0;0,0;31,0
2005-08-07 02:00:00;5234;2;12,7;15,3;0,0;0,0;12,2
2005-08-07 03:00:00;5235;3;12,2;15,3;0,0;0,0;8,8
2005-08-07 04:00:00;5236;4;12,1;15,3;0,0;0,0;26,4
2005-08-07 05:00:00;5237;5;12,3;15,3;0,0;0,0;66,2
2005-08-07 06:00:00;5238;6;12,8;15,3;0,0;0,0;178,9
2005-08-07 07:00:00;5239;7;13,1;15,3;0,0;0,0;191,5
2005-08-07 08:00:00;5240;8;13,7;15,3;0,0;0,0;192,3
2005-08-07 09:00:00;5241;9;15,1;15,3;0,0;0,0;201,6
2005-08-07 10:00:00;5242;10;15,3;15,3;0,0;0,0;192,3
2005-08-07 11:00:00;5243;11;15,6;15,3;0,0;0,0;186,5
2005-08-07 12:00:00;5244;12;15,8;15,3;0,0;0,0;172,6
2005-08-07 13:00:00;5245;13;16,4;15,3;0,0;0,0;151,7
2005-08-07 14:00:00;5246;14;16,9;15,3;0,0;0,0;138,3
2005-08-07 15:00:00;5247;15;17,8;15,3;0,0;0,0;129,1
2005-08-07 16:00:00;5248;16;18,0;15,3;0,0;0,0;134,1
2005-08-07 17:00:00;5249;17;17,7;15,3;0,0;0,0;166,4
2005-08-07 18:00:00;5250;18;17,3;15,3;0,0;0,0;185,6
2005-08-07 19:00:00;5251;19;17,3;15,3;0,0;0,0;229,6
2005-08-07 20:00:00;5252;20;17,4;15,3;0,0;0,0;235,9
2005-08-07 21:00:00;5253;21;17,5;15,3;0,0;0,0;220,0
2005-08-07 22:00:00;5254;22;17,6;15,3;0,0;0,0;132,4
2005-08-07 23:00:00;5255;23;17,9;15,3;0,0;0,0;83,0
2005-08-08 00:00:00;5256;0;17,7;18,8;0,0;0,0;57,4
2005-08-08 01:00:00;5257;1;17,8;18,8;0,0;0,0;31,0
2005-08-08 02:00:00;5258;2;18,1;18,8;0,0;0,0;12,2
2005-08-08 03:00:00;5259;3;18,0;18,8;0,0;0,0;8,8
2005-08-08 04:00:00;5260;4;17,5;18,8;0,0;0,0;26,4
2005-08-08 05:00:00;5261;5;17,1;18,8;0,0;0,0;66,2
2005-08-08 06:00:00;5262;6;16,8;18,8;0,0;0,0;178,9
2005-08-08 07:00:00;5263;7;16,4;18,8;0,0;0,0;191,5
2005-08-08 08:00:00;5264;8;17,1;18,8;0,0;0,0;192,3
2005-08-08 09:00:00;5265;9;17,3;18,8;0,0;0,0;201,6
2005-08-08 10:00:00;5266;10;18,0;18,8;0,0;0,0;192,3
2005-08-08 11:00:00;5267;11;18,9;18,8;0,0;0,0;186,5
2005-08-08 12:00:00;5268;12;18,9;18,8;0,0;0,0;172,6
2005-08-08 13:00:00;5269;13;19,6;18,8;0,0;0,0;151,7
2005-08-08 14:00:00;5270;14;19,8;18,8;0,0;0,0;138,3
2005-08-08 15:00:00;5271;15;19,8;18,8;0,0;0,0;129,1
2005-08-08 16:00:00;5272;16;20,2;18,8;0,0;0,0;134,1
2005-08-08 17:00:00;5273;17;20,7;18,8;0,0;0,0;166,4
2005-08-08 18:00:00;5274;18;20,5;18,8;0,0;0,0;185,6
2005-08-08 19:00:00;5275;19;19,8;18,8;0,0;0,0;229,6
2005-08-08 20:00:00;5276;20;20,2;18,8;0,0;0,0;235,9
2005-08-08 21:00:00;5277;21;20,5;18,8;0,0;0,0;220,0
2005-08-08 22:00:00;5278;22;20,4;18,8;0,0;0,0;132,4
2005-08-08 23:00:00;5279;23;19,7;18,8;0,0;0,0;83,0
2005-08-09 00:00:00;5280;0;19,9;19,9;0,0;0,0;57,4
2005-08-09 01:00:00;5281;1;18,9;19,9;0,0;0,0;31,0
2005-08-09 02:00:00;5282;2;18,5;19,9;0,0;0,0;12,2
2005-08-09 03:00:00;5283;3;18,1;19,9;0,0;0,0;8,8
2005-08-09 04:00:00;5284;4;17,5;19,9;0,0;0,0;26,4
2005-08-09 05:00:00;5285;5;17,6;19,9;0,0;0,0;66,2
2005-08-09 06:00:00;5286;6;18,0;19,9;0,0;0,0;178,9
2005-08-09 07:00:00;5287;7;18,5;19,9;0,0;0,0;191,5
2005-08-09 08:00:00;5288;8;19,5;19,9;0,0;0,0;192,3
2005-08-09 09:00:00;5289;9;20,6;19,9;0,0;0,0;201,6
2005-08-09 10:00:00;5290;10;21,6;19,9;0,0;0,0;192,3
2005-08-09 11:00:00;5291;11;21,7;19,9;0,0;0,0;186,5
2005-08-09 12:00:00;5292;12;21,9;19,9;0,0;0,0;172,6
2005-08-09 13:00:00;5293;13;21,6;19,9;0,0;0,0;151,7
2005-08-09 14:00:00;5294;14;22,1;19,9;0,0;0,0;138,3
2005-08-09 15:00:00;5295;15;22,1;19,9;0,0;0,0;129,1
2005-08-09 16:00:00;5296;16;21,8;19,9;0,0;0,0;134,1
2005-08-09 17:00:00;5297;17;21,6;19,9;0,0;0,0;166,4
2005-08-09 18:00:00;5298;18;21,4;19,9;0,0;0,0;185,6
2005-08-09 19:00:00;5299;19;20,9;19,9;0,0;0,0;229,6
2005-08-09 20:00:00;5300;20;19,7;19,9;0,0;0,0;235,9
2005-08-09 21:00:00;5301;21;18,6;19,9;0,0;0,0;220,0
2005-08-09 22:00:00;5302;22;18,4;19,9;0,0;0,0;132,4
2005-08-09 23:00:00;5303;23;17,2;19,9;0,0;0,0;83,0
2005-08-10 00:00:00;5304;0;16,6;18,9;0,0;0,0;57,4
2005-08-10 01:00:00;5305;1;16,2;18,9;0,0;0,0;31,0
2005-08-10 02:00:00;5306;2;15,8;18,9;0,0;0,0;12,2
2005-08-10 03:00:00;5307;3;15,5;18,9;0,0;0,0;8,8
2005-08-10 04:00:00;5308;4;15,8;18,9;0,0;0,0;26,4
2005-08-10 05:00:00;5309;5;16,3;18,9;0,0;0,0;66,2
2005-08-10 06:00:00;5310;6;16,5;18,9;0,0;0,0;178,9
2005-08-10 07:00:00;5311;7;17,2;18,9;0,0;0,0;191,5
2005-08-10 08:00:00;5312;8;18,2;18,9;0,0;0,0;192,3
2005-08-10 09:00:00;5313;9;19,1;18,9;0,0;0,0;201,6
2005-08-10 10:00:00;5314;10;20,2;18,9;0,0;0,0;192,3
2005-08-10 11:00:00;5315;11;21,1;18,9;0,0;0,0;186,5
2005-08-10 12:00:00;5316;12;21,7;18,9;0,0;0,0;172,6
2005-08-10 13:00:00;5317;13;21,7;18,9;0,0;0,0;151,7
2005-08-10 14:00:00;5318;14;22,0;18,9;0,0;0,0;138,3
2005-08-10 15:00:00;5319;15;22,3;18,9;0,0;0,0;129,1
2005-08-10 16:00:00;5320;16;22,7;18,9;0,0;0,0;134,1
2005-08-10 17:00:00;5321;17;22,3;18,9;0,0;0,0;166,4
2005-08-10 18:00:00;5322;18;21,5;18,9;0,0;0,0;185,6
2005-08-10 19:00:00;5323;19;20,2;18,9;0,0;0,0;229,6
2005-08-10 20:00:00;5324;20;18,8;18,9;0,0;0,0;235,9
2005-08-10 21:00:00;5325;21;17,9;18,9;0,0;0,0;220,0
2005-08-10 22:00:00;5326;22;17,0;18,9;0,0;0,0;132,4
2005-08-10 23:00:00;5327;23;15,9;18,9;0,0;0,0;83,0
2005-08-11 00:00:00;5328;0;15,2;17,7;0,0;0,0;57,4
2005-08-11 01:00:00;5329;1;14,9;17,7;0,0;0,0;31,0
2005-08-11 02:00:00;5330;2;15,3;17,7;0,0;0,0;12,2
2005-08-11 03:00:00;5331;3;15,0;17,7;0,0;0,0;8,8
2005-08-11 04:00:00;5332;4;15,2;17,7;0,0;0,0;26,4
2005-08-11 05:00:00;5333;5;15,4;17,7;0,0;0,0;66,2
2005-08-11 06:00:00;5334;6;15,3;17,7;0,0;0,0;178,9
2005-08-11 07:00:00;5335;7;16,5;17,7;0,0;0,0;191,5
2005-08-11 08:00:00;5336;8;17,6;17,7;0,0;0,0;192,3
2005-08-11 09:00:00;5337;9;18,5;17,7;0,0;0,0;201,6
2005-08-11 10:00:00;5338;10;19,2;17,7;0,0;0,0;192,3
2005-08-11 11:00:00;5339;11;20,1;17,7;0,0;0,0;186,5
2005-08-11 12:00:00;5340;12;20,4;17,7;0,0;0,0;172,6
2005-08-11 13:00:00;5341;13;21,1;17,7;0,0;0,0;151,7
2005-08-11 14:00:00;5342;14;20,6;17,7;0,0;0,0;138,3
2005-08-11 15:00:00;5343;15;20,7;17,7;0,0;0,0;129,1
2005-08-11 16:00:00;5344;16;20,7;17,7;0,0;0,0;134,1
2005-08-11 17:00:00;5345;17;20,1;17,7;0,0;0,0;166,4
2005-08-11 18:00:00;5346;18;19,2;17,7;0,0;0,0;185,6
2005-08-11 19:00:00;5347;19;18,7;17,7;0,0;0,0;229,6
2005-08-11 20:00:00;5348;20;17,1;17,7;0,0;0,0;235,9
2005-08-11 21:00:00;5349;21;16,1;17,7;0,0;0,0;220,0
2005-08-11 22:00:00;5350;22;16,1;17,7;0,0;0,0;132,4
2005-08-11 23:00:00;5351;23;15,3;17,7;0,0;0,0;83,0
2005-08-12 00:00:00;5352;0;15,5;17,5;0,0;0,0;57,4
2005-08-12 01:00:00;5353;1;15,0;17,5;0,0;0,0;31,0
2005-08-12 02:00:00;5354;2;14,4;17,5;0,0;0,0;12,2
2005-08-12 03:00:00;5355;3;14,1;17,5;0,0;0,0;8,8
2005-08-12 04:00:00;5356;4;13,8;17,5;0,0;0,0;26,4
2005-08-12 05:00:00;5357;5;14,6;17,5;0,0;0,0;66,2
2005-08-12 06:00:00;5358;6;14,8;17,5;0,0;0,0;178,9
2005-08-12 07:00:00;5359;7;15,3;17,5;0,0;0,0;191,5
2005-08-12 08:00:00;5360;8;16,6;17,5;0,0;0,0;192,3
2005-08-12 09:00:00;5361;9;17,8;17,5;0,0;0,0;201,6
2005-08-12 10:00:00;5362;10;18,8;17,5;0,0;0,0;192,3
2005-08-12 11:00:00;5363;11;19,0;17,5;0,0;0,0;186,5
2005-08-12 12:00:00;5364;12;19,7;17,5;0,0;0,0;172,6
2005-08-12 13:00:00;5365;13;20,0;17,5;0,0;0,0;151,7
2005-08-12 14:00:00;5366;14;19,9;17,5;0,0;0,0;138,3
2005-08-12 15:00:00;5367;15;20,7;17,5;0,0;0,0;129,1
2005-08-12 16:00:00;5368;16;21,1;17,5;0,0;0,0;134,1
2005-08-12 17:00:00;5369;17;21,2;17,5;0,0;0,0;166,4
2005-08-12 18:00:00;5370;18;20,4;17,5;0,0;0,0;185,6
2005-08-12 19:00:00;5371;19;19,6;17,5;0,0;0,0;229,6
2005-08-12 20:00:00;5372;20;18,7;17,5;0,0;0,0;235,9
2005-08-12 21:00:00;5373;21;17,7;17,5;0,0;0,0;220,0
2005-08-12 22:00:00;5374;22;16,5;17,5;0,0;0,0;132,4
2005-08-12 23:00:00;5375;23;16,0;17,5;0,0;0,0;83,0
2005-08-13 00:00:00;5376;0;15,7;18,5;0,0;0,0;57,4
2005-08-13 01:00:00;5377;1;15,5;18,5;0,0;0,0;31,0
2005-08-13 02:00:00;5378;2;14,4;18,5;0,0;0,0;12,2
2005-08-13 03:00:00;5379;3;13,9;18,5;0,0;0,0;8,8
2005-08-13 04:00:00;5380;4;14,2;18,5;0,0;0,0;26,4
2005-08-13 05:00:00;5381;5;14,6;18,5;0,0;0,0;66,2
2005-08-13 06:00:00;5382;6;15,1;18,5;0,0;0,0;178,9
2005-08-13 07:00:00;5383;7;16,1;18,5;0,0;0,0;191,5
2005-08-13 08:00:00;5384;8;18,0;18,5;0,0;0,0;192,3
2005-08-13 09:00:00;5385;9;19,0;18,5;0,0;0,0;201,6
2005-08-13 10:00:00;5386;10;20,3;18,5;0,0;0,0;192,3
2005-08-13 11:00:00;5387;11;21,6;18,5;0,0;0,0;186,5
2005-08-13 12:00:00;5388;12;22,6;18,5;0,0;0,0;172,6
2005-08-13 13:00:00;5389;13;22,7;18,5;0,0;0,0;151,7
2005-08-13 14:00:00;5390;14;23,6;18,5;0,0;0,0;138,3
2005-08-13 15:00:00;5391;15;23,2;18,5;0,0;0,0;129,1
2005-08-13 16:00:00;5392;16;23,5;18,5;0,0;0,0;134,1
2005-08-13 17:00:00;5393;17;22,7;18,5;0,0;0,0;166,4
2005-08-13 18:00:00;5394;18;21,6;18,5;0,0;0,0;185,6
2005-08-13 19:00:00;5395;19;20,2;18,5;0,0;0,0;229,6
2005-08-13 20:00:00;5396;20;18,1;18,5;0,0;0,0;235,9
2005-08-13 21:00:00;5397;21;17,1;18,5;0,0;0,0;220,0
2005-08-13 22:00:00;5398;22;15,7;18,5;0,0;0,0;132,4
2005-08-13 23:00:00;5399;23;15,7;18,5;0,0;0,0;83,0
2005-08-14 00:00:00;5400;0;14,6;19,4;0,0;0,0;57,4
2005-08-14 01:00:00;5401;1;14,1;19,4;0,0;0,0;31,0
2005-08-14 02:00:00;5402;2;13,8;19,4;0,0;0,0;12,2
2005-08-14 03:00:00;5403;3;13,7;19,4;0,0;0,0;8,8
2005-08-14 04:00:00;5404;4;13,6;19,4;0,0;0,0;26,4
2005-08-14 05:00:00;5405;5;13,8;19,4;0,0;0,0;66,2
2005-08-14 06:00:00;5406;6;14,4;19,4;0,0;0,0;178,9
2005-08-14 07:00:00;5407;7;16,1;19,4;0,0;0,0;191,5
2005-08-14 08:00:00;5408;8;17,9;19,4;0,0;0,0;192,3
2005-08-14 09:00:00;5409;9;19,8;19,4;0,0;0,0;201,6
2005-08-14 10:00:00;5410;10;21,5;19,4;0,0;0,0;192,3
2005-08-14 11:00:00;5411;11;22,9;19,4;0,0;0,0;186,5
2005-08-14 12:00:00;5412;12;23,8;19,4;0,0;0,0;172,6
2005-08-14 13:00:00;5413;13;24,3;19,4;0,0;0,0;151,7
2005-08-14 14:00:00;5414;14;25,3;19,4;0,0;0,0;138,3
2005-08-14 15:00:00;5415;15;25,0;19,4;0,0;0,0;129,1
2005-08-14 16:00:00;5416;16;24,8;19,4;0,0;0,0;134,1
2005-08-14 17:00:00;5417;17;24,7;19,4;0,0;0,0;166,4
2005-08-14 18:00:00;5418;18;23,8;19,4;0,0;0,0;185,6
2005-08-14 19:00:00;5419;19;22,2;19,4;0,0;0,0;229,6
2005-08-14 20:00:00;5420;20;20,9;19,4;0,0;0,0;235,9
2005-08-14 21:00:00;5421;21;19,2;19,4;0,0;0,0;220,0
2005-08-14 22:00:00;5422;22;18,0;19,4;0,0;0,0;132,4
2005-08-14 23:00:00;5423;23;17,1;19,4;0,0;0,0;83,0
2005-08-15 00:00:00;5424;0;16,4;19,5;0,0;0,0;57,4
2005-08-15 01:00:00;5425;1;16,1;19,5;0,0;0,0;31,0
2005-08-15 02:00:00;5426;2;15,1;19,5;0,0;0,0;12,2
2005-08-15 03:00:00;5427;3;14,9;19,5;0,0;0,0;8,8
2005-08-15 04:00:00;5428;4;14,9;19,5;0,0;0,0;26,4
2005-08-15 05:00:00;5429;5;15,2;19,5;0,0;0,0;66,2
2005-08-15 06:00:00;5430;6;15,1;19,5;0,0;0,0;178,9
2005-08-15 07:00:00;5431;7;16,4;19,5;0,0;0,0;191,5
2005-08-15 08:00:00;5432;8;17,5;19,5;0,0;0,0;192,3
2005-08-15 09:00:00;5433;9;18,8;19,5;0,0;0,0;201,6
2005-08-15 10:00:00;5434;10;20,3;19,5;0,0;0,0;192,3
2005-08-15 11:00:00;5435;11;21,6;19,5;0,0;0,0;186,5
2005-08-15 12:00:00;5436;12;22,3;19,5;0,0;0,0;172,6
2005-08-15 13:00:00;5437;13;23,1;19,5;0,0;0,0;151,7
2005-08-15 14:00:00;5438;14;23,5;19,5;0,0;0,0;138,3
2005-08-15 15:00:00;5439;15;24,1;19,5;0,0;0,0;129,1
2005-08-15 16:00:00;5440;16;24,2;19,5;0,0;0,0;134,1
2005-08-15 17:00:00;5441;17;24,1;19,5;0,0;0,0;166,4
2005-08-15 18:00:00;5442;18;23,1;19,5;0,0;0,0;185,6
2005-08-15 19:00:00;5443;19;21,9;19,5;0,0;0,0;229,6
2005-08-15 20:00:00;5444;20;21,2;19,5;0,0;0,0;235,9
2005-08-15 21:00:00;5445;21;20,3;19,5;0,0;0,0;220,0
2005-08-15 22:00:00;5446;22;19,5;19,5;0,0;0,0;132,4
2005-08-15 23:00:00;5447;23;19,1;19,5;0,0;0,0;83,0
2005-08-16 00:00:00;5448;0;18,2;20,4;0,0;0,0;57,4
2005-08-16 01:00:00;5449;1;17,8;20,4;0,0;0,0;31,0
2005-08-16 02:00:00;5450;2;16,7;20,4;0,0;0,0;12,2
2005-08-16 03:00:00;5451;3;16,6;20,4;0,0;0,0;8,8
2005-08-16 04:00:00;5452;4;16,0;20,4;0,0;0,0;26,4
2005-08-16 05:00:00;5453;5;16,5;20,4;0,0;0,0;66,2
2005-08-16 06:00:00;5454;6;16,5;20,4;0,0;0,0;178,9
2005-08-16 07:00:00;5455;7;17,8;20,4;0,0;0,0;191,5
2005-08-16 08:00:00;5456;8;19,0;20,4;0,0;0,0;192,3
2005-08-16 09:00:00;5457;9;21,0;20,4;0,0;0,0;201,6
2005-08-16 10:00:00;5458;10;22,5;20,4;0,0;0,0;192,3
2005-08-16 11:00:00;5459;11;23,0;20,4;0,0;0,0;186,5
2005-08-16 12:00:00;5460;12;23,7;20,4;0,0;0,0;172,6
2005-08-16 13:00:00;5461;13;24,6;20,4;0,0;0,0;151,7
2005-08-16 14:00:00;5462;14;24,7;20,4;0,0;0,0;138,3
2005-08-16 15:00:00;5463;15;25,3;20,4;0,0;0,0;129,1
2005-08-16 16:00:00;5464;16;24,8;20,4;0,0;0,0;134,1
2005-08-16 17:00:00;5465;17;23,8;20,4;0,0;0,0;166,4
2005-08-16 18:00:00;5466;18;23,1;20,4;0,0;0,0;185,6
2005-08-16 19:00:00;5467;19;21,7;20,4;0,0;0,0;229,6
2005-08-16 20:00:00;5468;20;20,5;20,4;0,0;0,0;235,9
2005-08-16 21:00:00;5469;21;19,4;20,4;0,0;0,0;220,0
2005-08-16 22:00:00;5470;22;18,4;20,4;0,0;0,0;132,4
2005-08-16 23:00:00;5471;23;17,6;20,4;0,0;0,0;83,0
2005-08-17 00:00:00;5472;0;16,5;19,6;0,0;0,0;57,4
2005-08-17 01:00:00;5473;1;15,7;19,6;0,0;0,0;31,0
2005-08-17 02:00:00;5474;2;14,8;19,6;0,0;0,0;12,2
2005-08-17 03:00:00;5475;3;14,9;19,6;0,0;0,0;8,8
2005-08-17 04:00:00;5476;4;15,4;19,6;0,0;0,0;26,4
2005-08-17 05:00:00;5477;5;15,4;19,6;0,0;0,0;66,2
2005-08-17 06:00:00;5478;6;16,0;19,6;0,0;0,0;178,9
2005-08-17 07:00:00;5479;7;17,3;19,6;0,0;0,0;191,5
2005-08-17 08:00:00;5480;8;18,7;19,6;0,0;0,0;192,3
2005-08-17 09:00:00;5481;9;20,5;19,6;0,0;0,0;201,6
2005-08-17 10:00:00;5482;10;22,5;19,6;0,0;0,0;192,3
2005-08-17 11:00:00;5483;11;23,7;19,6;0,0;0,0;186,5
2005-08-17 12:00:00;5484;12;24,3;19,6;0,0;0,0;172,6
2005-08-17 13:00:00;5485;13;24,4;19,6;0,0;0,0;151,7
2005-08-17 14:00:00;5486;14;25,0;19,6;0,0;0,0;138,3
2005-08-17 15:00:00;5487;15;25,0;19,6;0,0;0,0;129,1
2005-08-17 16:00:00;5488;16;24,8;19,6;0,0;0,0;134,1
2005-08-17 17:00:00;5489;17;23,7;19,6;0,0;0,0;166,4
2005-08-17 18:00:00;5490;18;22,3;19,6;0,0;0,0;185,6
2005-08-17 19:00:00;5491;19;21,1;19,6;0,0;0,0;229,6
2005-08-17 20:00:00;5492;20;19,5;19,6;0,0;0,0;235,9
2005-08-17 21:00:00;5493;21;17,5;19,6;0,0;0,0;220,0
2005-08-17 22:00:00;5494;22;16,4;19,6;0,0;0,0;132,4
2005-08-17 23:00:00;5495;23;15,4;19,6;0,0;0,0;83,0
2005-08-18 00:00:00;5496;0;14,6;18,9;0,0;0,0;57,4
2005-08-18 01:00:00;5497;1;14,0;18,9;0,0;0,0;31,0
2005-08-18 02:00:00;5498;2;14,2;18,9;0,0;0,0;12,2
2005-08-18 03:00:00;5499;3;14,0;18,9;0,0;0,0;8,8
2005-08-18 04:00:00;5500;4;13,9;18,9;0,0;0,0;26,4
2005-08-18 05:00:00;5501;5;14,1;18,9;0,0;0,0;66,2
2005-08-18 06:00:00;5502;6;14,8;18,9;0,0;0,0;178,9
2005-08-18 07:00:00;5503;7;15,7;18,9;0,0;0,0;191,5
2005-08-18 08:00:00;5504;8;17,1;18,9;0,0;0,0;192,3
2005-08-18 09:00:00;5505;9;19,1;18,9;0,0;0,0;201,6
2005-08-18 10:00:00;5506;10;20,8;18,9;0,0;0,0;192,3
2005-08-18 11:00:00;5507;11;21,8;18,9;0,0;0,0;186,5
2005-08-18 12:00:00;5508;12;23,0;18,9;0,0;0,0;172,6
2005-08-18 13:00:00;5509;13;23,0;18,9;0,0;0,0;151,7
2005-08-18 14:00:00;5510;14;23,5;18,9;0,0;0,0;138,3
2005-08-18 15:00:00;5511;15;24,3;18,9;0,0;0,0;129,1
2005-08-18 16:00:00;5512;16;24,2;18,9;0,0;0,0;134,1
2005-08-18 17:00:00;5513;17;23,7;18,9;0,0;0,0;166,4
2005-08-18 18:00:00;5514;18;22,6;18,9;0,0;0,0;185,6
2005-08-18 19:00:00;5515;19;21,3;18,9;0,0;0,0;229,6
2005-08-18 20:00:00;5516;20;20,1;18,9;0,0;0,0;235,9
2005-08-18 21:00:00;5517;21;19,2;18,9;0,0;0,0;220,0
2005-08-18 22:00:00;5518;22;18,0;18,9;0,0;0,0;132,4
2005-08-18 23:00:00;5519;23;17,3;18,9;0,0;0,0;83,0
2005-08-19 00:00:00;5520;0;17,0;21,3;0,0;0,0;57,4
2005-08-19 01:00:00;5521;1;16,6;21,3;0,0;0,0;31,0
2005-08-19 02:00:00;5522;2;16,1;21,3;0,0;0,0;12,2
2005-08-19 03:00:00;5523;3;16,1;21,3;0,0;0,0;8,8
2005-08-19 04:00:00;5524;4;16,7;21,3;0,0;0,0;26,4
2005-08-19 05:00:00;5525;5;17,2;21,3;0,0;0,0;66,2
2005-08-19 06:00:00;5526;6;17,3;21,3;0,0;0,0;178,9
2005-08-19 07:00:00;5527;7;18,5;21,3;0,0;0,0;191,5
2005-08-19 08:00:00;5528;8;20,2;21,3;0,0;0,0;192,3
2005-08-19 09:00:00;5529;9;22,0;21,3;0,0;0,0;201,6
2005-08-19 10:00:00;5530;10;23,3;21,3;0,0;0,0;192,3
2005-08-19 11:00:00;5531;11;24,4;21,3;0,0;0,0;186,5
2005-08-19 12:00:00;5532;12;25,0;21,3;0,0;0,0;172,6
2005-08-19 13:00:00;5533;13;26,0;21,3;0,0;0,0;151,7
2005-08-19 14:00:00;5534;14;26,4;21,3;0,0;0,0;138,3
2005-08-19 15:00:00;5535;15;26,9;21,3;0,0;0,0;129,1
2005-08-19 16:00:00;5536;16;26,7;21,3;0,0;0,0;134,1
2005-08-19 17:00:00;5537;17;25,9;21,3;0,0;0,0;166,4
2005-08-19 18:00:00;5538;18;24,2;21,3;0,0;0,0;185,6
2005-08-19 19:00:00;5539;19;22,7;21,3;0,0;0,0;229,6
2005-08-19 20:00:00;5540;20;21,4;21,3;0,0;0,0;235,9
2005-08-19 21:00:00;5541;21;20,6;21,3;0,0;0,0;220,0
2005-08-19 22:00:00;5542;22;20,2;21,3;0,0;0,0;132,4
2005-08-19 23:00:00;5543;23;19,5;21,3;0,0;0,0;83,0
2005-08-20 00:00:00;5544;0;18,9;19,8;0,0;0,0;57,4
2005-08-20 01:00:00;5545;1;18,7;19,8;0,0;0,0;31,0
2005-08-20 02:00:00;5546;2;18,3;19,8;0,0;0,0;12,2
2005-08-20 03:00:00;5547;3;17,6;19,8;0,0;0,0;8,8
2005-08-20 04:00:00;5548;4;17,2;19,8;0,0;0,0;26,4
2005-08-20 05:00:00;5549;5;17,2;19,8;0,0;0,0;66,2
2005-08-20 06:00:00;5550;6;17,8;19,8;0,0;0,0;178,9
2005-08-20 07:00:00;5551;7;18,4;19,8;0,0;0,0;191,5
2005-08-20 08:00:00;5552;8;19,6;19,8;0,0;0,0;192,3
2005-08-20 09:00:00;5553;9;20,7;19,8;0,0;0,0;201,6
2005-08-20 10:00:00;5554;10;21,5;19,8;0,0;0,0;192,3
2005-08-20 11:00:00;5555;11;22,8;19,8;0,0;0,0;186,5
2005-08-20 12:00:00;5556;12;23,5;19,8;0,0;0,0;172,6
2005-08-20 13:00:00;5557;13;23,5;19,8;0,0;0,0;151,7
2005-08-20 14:00:00;5558;14;23,3;19,8;0,0;0,0;138,3
2005-08-20 15:00:00;5559;15;22,6;19,8;0,0;0,0;129,1
2005-08-20 16:00:00;5560;16;22,0;19,8;0,0;0,0;134,1
2005-08-20 17:00:00;5561;17;21,8;19,8;0,0;0,0;166,4
2005-08-20 18:00:00;5562;18;21,1;19,8;0,0;0,0;185,6
2005-08-20 19:00:00;5563;19;19,9;19,8;0,0;0,0;229,6
2005-08-20 20:00:00;5564;20;18,2;19,8;0,0;0,0;235,9
2005-08-20 21:00:00;5565;21;17,8;19,8;0,0;0,0;220,0
2005-08-20 22:00:00;5566;22;17,0;19,8;0,0;0,0;132,4
2005-08-20 23:00:00;5567;23;16,0;19,8;0,0;0,0;83,0
2005-08-21 00:00:00;5568;0;15,2;19,3;0,0;0,0;57,4
2005-08-21 01:00:00;5569;1;14,8;19,3;0,0;0,0;31,0
2005-08-21 02:00:00;5570;2;15,1;19,3;0,0;0,0;12,2
2005-08-21 03:00:00;5571;3;14,9;19,3;0,0;0,0;8,8
2005-08-21 04:00:00;5572;4;14,9;19,3;0,0;0,0;26,4
2005-08-21 05:00:00;5573;5;15,0;19,3;0,0;0,0;66,2
2005-08-21 06:00:00;5574;6;14,8;19,3;0,0;0,0;178,9
2005-08-21 07:00:00;5575;7;15,7;19,3;0,0;0,0;191,5
2005-08-21 08:00:00;5576;8;17,5;19,3;0,0;0,0;192,3
2005-08-21 09:00:00;5577;9;19,3;19,3;0,0;0,0;201,6
2005-08-21 10:00:00;5578;10;21,6;19,3;0,0;0,0;192,3
2005-08-21 11:00:00;5579;11;22,9;19,3;0,0;0,0;186,5
2005-08-21 12:00:00;5580;12;23,7;19,3;0,0;0,0;172,6
2005-08-21 13:00:00;5581;13;23,9;19,3;0,0;0,0;151,7
2005-08-21 14:00:00;5582;14;24,6;19,3;0,0;0,0;138,3
2005-08-21 15:00:00;5583;15;24,8;19,3;0,0;0,0;129,1
2005-08-21 16:00:00;5584;16;23,9;19,3;0,0;0,0;134,1
2005-08-21 17:00:00;5585;17;23,6;19,3;0,0;0,0;166,4
2005-08-21 18:00:00;5586;18;22,3;19,3;0,0;0,0;185,6
2005-08-21 19:00:00;5587;19;20,6;19,3;0,0;0,0;229,6
2005-08-21 20:00:00;5588;20;20,0;19,3;0,0;0,0;235,9
2005-08-21 21:00:00;5589;21;19,2;19,3;0,0;0,0;220,0
2005-08-21 22:00:00;5590;22;18,0;19,3;0,0;0,0;132,4
2005-08-21 23:00:00;5591;23;17,1;19,3;0,0;0,0;83,0
2005-08-22 00:00:00;5592;0;16,3;20,2;0,0;0,0;57,4
2005-08-22 01:00:00;5593;1;16,0;20,2;0,0;0,0;31,0
2005-08-22 02:00:00;5594;2;15,7;20,2;0,0;0,0;12,2
2005-08-22 03:00:00;5595;3;15,6;20,2;0,0;0,0;8,8
2005-08-22 04:00:00;5596;4;15,8;20,2;0,0;0,0;26,4
2005-08-22 05:00:00;5597;5;16,0;20,2;0,0;0,0;66,2
2005-08-22 06:00:00;5598;6;16,3;20,2;0,0;0,0;178,9
2005-08-22 07:00:00;5599;7;17,0;20,2;0,0;0,0;191,5
2005-08-22 08:00:00;5600;8;18,6;20,2;0,0;0,0;192,3
2005-08-22 09:00:00;5601;9;20,6;20,2;0,0;0,0;201,6
2005-08-22 10:00:00;5602;10;22,0;20,2;0,0;0,0;192,3
2005-08-22 11:00:00;5603;11;22,9;20,2;0,0;0,0;186,5
2005-08-22 12:00:00;5604;12;23,6;20,2;0,0;0,0;172,6
2005-08-22 13:00:00;5605;13;24,3;20,2;0,0;0,0;151,7
2005-08-22 14:00:00;5606;14;24,4;20,2;0,0;0,0;138,3
2005-08-22 15:00:00;5607;15;24,8;20,2;0,0;0,0;129,1
2005-08-22 16:00:00;5608;16;24,7;20,2;0,0;0,0;134,1
2005-08-22 17:00:00;5609;17;24,3;20,2;0,0;0,0;166,4
2005-08-22 18:00:00;5610;18;24,0;20,2;0,0;0,0;185,6
2005-08-22 19:00:00;5611;19;22,8;20,2;0,0;0,0;229,6
2005-08-22 20:00:00;5612;20;21,7;20,2;0,0;0,0;235,9
2005-08-22 21:00:00;5613;21;20,2;20,2;0,0;0,0;220,0
2005-08-22 22:00:00;5614;22;18,8;20,2;0,0;0,0;132,4
2005-08-22 23:00:00;5615;23;18,8;20,2;0,0;0,0;83,0
2005-08-23 00:00:00;5616;0;17,7;20,1;0,0;0,0;57,4
2005-08-23 01:00:00;5617;1;16,6;20,1;0,0;0,0;31,0
2005-08-23 02:00:00;5618;2;16,6;20,1;0,0;0,0;12,2
2005-08-23 03:00:00;5619;3;16,1;20,1;0,0;0,0;8,8
2005-08-23 04:00:00;5620;4;15,9;20,1;0,0;0,0;26,4
2005-08-23 05:00:00;5621;5;16,2;20,1;0,0;0,0;66,2
2005-08-23 06:00:00;5622;6;16,8;20,1;0,0;0,0;178,9
2005-08-23 07:00:00;5623;7;17,4;20,1;0,0;0,0;191,5
2005-08-23 08:00:00;5624;8;19,3;20,1;0,0;0,0;192,3
2005-08-23 09:00:00;5625;9;20,6;20,1;0,0;0,0;201,6
2005-08-23 10:00:00;5626;10;22,4;20,1;0,0;0,0;192,3
2005-08-23 11:00:00;5627;11;23,0;20,1;0,0;0,0;186,5
2005-08-23 12:00:00;5628;12;23,2;20,1;0,0;0,0;172,6
2005-08-23 13:00:00;5629;13;24,1;20,1;0,0;0,0;151,7
2005-08-23 14:00:00;5630;14;24,3;20,1;0,0;0,0;138,3
2005-08-23 15:00:00;5631;15;24,8;20,1;0,0;0,0;129,1
2005-08-23 16:00:00;5632;16;25,4;20,1;0,0;0,0;134,1
2005-08-23 17:00:00;5633;17;24,3;20,1;0,0;0,0;166,4
2005-08-23 18:00:00;5634;18;23,3;20,1;0,0;0,0;185,6
2005-08-23 19:00:00;5635;19;21,9;20,1;0,0;0,0;229,6
2005-08-23 20:00:00;5636;20;20,1;20,1;0,0;0,0;235,9
2005-08-23 21:00:00;5637;21;18,9;20,1;0,0;0,0;220,0
2005-08-23 22:00:00;5638;22;17,9;20,1;0,0;0,0;132,4
2005-08-23 23:00:00;5639;23;16,5;20,1;0,0;0,0;83,0
2005-08-24 00:00:00;5640;0;15,9;19,5;0,0;0,0;57,4
2005-08-24 01:00:00;5641;1;15,6;19,5;0,0;0,0;31,0
2005-08-24 02:00:00;5642;2;15,3;19,5;0,0;0,0;12,2
2005-08-24 03:00:00;5643;3;15,6;19,5;0,0;0,0;8,8
2005-08-24 04:00:00;5644;4;15,4;19,5;0,0;0,0;26,4
2005-08-24 05:00:00;5645;5;15,6;19,5;0,0;0,0;66,2
2005-08-24 06:00:00;5646;6;16,8;19,5;0,0;0,0;178,9
2005-08-24 07:00:00;5647;7;17,8;19,5;0,0;0,0;191,5
2005-08-24 08:00:00;5648;8;19,4;19,5;0,0;0,0;192,3
2005-08-24 09:00:00;5649;9;19,9;19,5;0,0;0,0;201,6
2005-08-24 10:00:00;5650;10;21,5;19,5;0,0;0,0;192,3
2005-08-24 11:00:00;5651;11;22,2;19,5;0,0;0,0;186,5
2005-08-24 12:00:00;5652;12;22,8;19,5;0,0;0,0;172,6
2005-08-24 13:00:00;5653;13;22,6;19,5;0,0;0,0;151,7
2005-08-24 14:00:00;5654;14;22,6;19,5;0,0;0,0;138,3
2005-08-24 15:00:00;5655;15;23,0;19,5;0,0;0,0;129,1
2005-08-24 16:00:00;5656;16;22,8;19,5;0,0;0,0;134,1
2005-08-24 17:00:00;5657;17;22,9;19,5;0,0;0,0;166,4
2005-08-24 18:00:00;5658;18;22,0;19,5;0,0;0,0;185,6
2005-08-24 19:00:00;5659;19;21,4;19,5;0,0;0,0;229,6
2005-08-24 20:00:00;5660;20;20,7;19,5;0,0;0,0;235,9
2005-08-24 21:00:00;5661;21;19,6;19,5;0,0;0,0;220,0
2005-08-24 22:00:00;5662;22;19,2;19,5;0,0;0,0;132,4
2005-08-24 23:00:00;5663;23;18,1;19,5;0,0;0,0;83,0
2005-08-25 00:00:00;5664;0;17,7;20,9;0,0;0,0;57,4
2005-08-25 01:00:00;5665;1;17,3;20,9;0,0;0,0;31,0
2005-08-25 02:00:00;5666;2;17,9;20,9;0,0;0,0;12,2
2005-08-25 03:00:00;5667;3;17,4;20,9;0,0;0,0;8,8
2005-08-25 04:00:00;5668;4;17,3;20,9;0,0;0,0;26,4
2005-08-25 05:00:00;5669;5;17,0;20,9;0,0;0,0;66,2
2005-08-25 06:00:00;5670;6;17,1;20,9;0,0;0,0;178,9
2005-08-25 07:00:00;5671;7;18,4;20,9;0,0;0,0;191,5
2005-08-25 08:00:00;5672;8;20,1;20,9;0,0;0,0;192,3
2005-08-25 09:00:00;5673;9;21,1;20,9;0,0;0,0;201,6
2005-08-25 10:00:00;5674;10;22,2;20,9;0,0;0,0;192,3
2005-08-25 11:00:00;5675;11;22,7;20,9;0,0;0,0;186,5
2005-08-25 12:00:00;5676;12;23,3;20,9;0,0;0,0;172,6
2005-08-25 13:00:00;5677;13;23,9;20,9;0,0;0,0;151,7
2005-08-25 14:00:00;5678;14;24,1;20,9;0,0;0,0;138,3
2005-08-25 15:00:00;5679;15;24,2;20,9;0,0;0,0;129,1
2005-08-25 16:00:00;5680;16;24,3;20,9;0,0;0,0;134,1
2005-08-25 17:00:00;5681;17;24,3;20,9;0,0;0,0;166,4
2005-08-25 18:00:00;5682;18;23,6;20,9;0,0;0,0;185,6
2005-08-25 19:00:00;5683;19;22,8;20,9;0,0;0,0;229,6
2005-08-25 20:00:00;5684;20;22,2;20,9;0,0;0,0;235,9
2005-08-25 21:00:00;5685;21;21,1;20,9;0,0;0,0;220,0
2005-08-25 22:00:00;5686;22;20,5;20,9;0,0;0,0;132,4
2005-08-25 23:00:00;5687;23;20,1;20,9;0,0;0,0;83,0
2005-08-26 00:00:00;5688;0;19,9;19,5;0,0;0,0;57,4
2005-08-26 01:00:00;5689;1;19,6;19,5;0,0;0,0;31,0
2005-08-26 02:00:00;5690;2;19,0;19,5;0,0;0,0;12,2
2005-08-26 03:00:00;5691;3;18,5;19,5;0,0;0,0;8,8
2005-08-26 04:00:00;5692;4;18,1;19,5;0,0;0,0;26,4
2005-08-26 05:00:00;5693;5;17,7;19,5;0,0;0,0;66,2
2005-08-26 06:00:00;5694;6;18,1;19,5;0,0;0,0;178,9
2005-08-26 07:00:00;5695;7;18,2;19,5;0,0;0,0;191,5
2005-08-26 08:00:00;5696;8;18,2;19,5;0,0;0,0;192,3
2005-08-26 09:00:00;5697;9;18,9;19,5;0,0;0,0;201,6
2005-08-26 10:00:00;5698;10;20,3;19,5;0,0;0,0;192,3
2005-08-26 11:00:00;5699;11;21,5;19,5;0,0;0,0;186,5
2005-08-26 12:00:00;5700;12;21,9;19,5;0,0;0,0;172,6
2005-08-26 13:00:00;5701;13;22,2;19,5;0,0;0,0;151,7
2005-08-26 14:00:00;5702;14;21,9;19,5;0,0;0,0;138,3
2005-08-26 15:00:00;5703;15;22,2;19,5;0,0;0,0;129,1
2005-08-26 16:00:00;5704;16;21,6;19,5;0,0;0,0;134,1
2005-08-26 17:00:00;5705;17;21,1;19,5;0,0;0,0;166,4
2005-08-26 18:00:00;5706;18;20,0;19,5;0,0;0,0;185,6
2005-08-26 19:00:00;5707;19;19,5;19,5;0,0;0,0;229,6
2005-08-26 20:00:00;5708;20;18,0;19,5;0,0;0,0;235,9
2005-08-26 21:00:00;5709;21;17,6;19,5;0,0;0,0;220,0
2005-08-26 22:00:00;5710;22;17,2;19,5;0,0;0,0;132,4
2005-08-26 23:00:00;5711;23;16,9;19,5;0,0;0,0;83,0
2005-08-27 00:00:00;5712;0;16,9;19,5;0,0;0,0;57,4
2005-08-27 01:00:00;5713;1;16,4;19,5;0,0;0,0;31,0
2005-08-27 02:00:00;5714;2;16,4;19,5;0,0;0,0;12,2
2005-08-27 03:00:00;5715;3;15,8;19,5;0,0;0,0;8,8
2005-08-27 04:00:00;5716;4;16,0;19,5;0,0;0,0;26,4
2005-08-27 05:00:00;5717;5;16,0;19,5;0,0;0,0;66,2
2005-08-27 06:00:00;5718;6;15,7;19,5;0,0;0,0;178,9
2005-08-27 07:00:00;5719;7;16,6;19,5;0,0;0,0;191,5
2005-08-27 08:00:00;5720;8;18,4;19,5;0,0;0,0;192,3
2005-08-27 09:00:00;5721;9;19,7;19,5;0,0;0,0;201,6
2005-08-27 10:00:00;5722;10;21,1;19,5;0,0;0,0;192,3
2005-08-27 11:00:00;5723;11;22,1;19,5;0,0;0,0;186,5
2005-08-27 12:00:00;5724;12;23,0;19,5;0,0;0,0;172,6
2005-08-27 13:00:00;5725;13;23,3;19,5;0,0;0,0;151,7
2005-08-27 14:00:00;5726;14;23,4;19,5;0,0;0,0;138,3
2005-08-27 15:00:00;5727;15;23,0;19,5;0,0;0,0;129,1
2005-08-27 16:00:00;5728;16;23,0;19,5;0,0;0,0;134,1
2005-08-27 17:00:00;5729;17;22,3;19,5;0,0;0,0;166,4
2005-08-27 18:00:00;5730;18;22,1;19,5;0,0;0,0;185,6
2005-08-27 19:00:00;5731;19;20,9;19,5;0,0;0,0;229,6
2005-08-27 20:00:00;5732;20;20,2;19,5;0,0;0,0;235,9
2005-08-27 21:00:00;5733;21;19,1;19,5;0,0;0,0;220,0
2005-08-27 22:00:00;5734;22;18,6;19,5;0,0;0,0;132,4
2005-08-27 23:00:00;5735;23;17,9;19,5;0,0;0,0;83,0
2005-08-28 00:00:00;5736;0;17,3;16,9;0,0;0,0;57,4
2005-08-28 01:00:00;5737;1;16,8;16,9;0,0;0,0;31,0
2005-08-28 02:00:00;5738;2;16,2;16,9;0,0;0,0;12,2
2005-08-28 03:00:00;5739;3;16,1;16,9;0,0;0,0;8,8
2005-08-28 04:00:00;5740;4;15,8;16,9;0,0;0,0;26,4
2005-08-28 05:00:00;5741;5;14,8;16,9;0,0;0,0;66,2
2005-08-28 06:00:00;5742;6;14,6;16,9;0,0;0,0;178,9
2005-08-28 07:00:00;5743;7;15,1;16,9;0,0;0,0;191,5
2005-08-28 08:00:00;5744;8;16,2;16,9;0,0;0,0;192,3
2005-08-28 09:00:00;5745;9;17,5;16,9;0,0;0,0;201,6
2005-08-28 10:00:00;5746;10;19,0;16,9;0,0;0,0;192,3
2005-08-28 11:00:00;5747;11;19,5;16,9;0,0;0,0;186,5
2005-08-28 12:00:00;5748;12;19,7;16,9;0,0;0,0;172,6
2005-08-28 13:00:00;5749;13;19,9;16,9;0,0;0,0;151,7
2005-08-28 14:00:00;5750;14;20,3;16,9;0,0;0,0;138,3
2005-08-28 15:00:00;5751;15;20,0;16,9;0,0;0,0;129,1
2005-08-28 16:00:00;5752;16;19,9;16,9;0,0;0,0;134,1
2005-08-28 17:00:00;5753;17;18,9;16,9;0,0;0,0;166,4
2005-08-28 18:00:00;5754;18;17,4;16,9;0,0;0,0;185,6
2005-08-28 19:00:00;5755;19;16,9;16,9;0,0;0,0;229,6
2005-08-28 20:00:00;5756;20;15,7;16,9;0,0;0,0;235,9
2005-08-28 21:00:00;5757;21;14,2;16,9;0,0;0,0;220,0
2005-08-28 22:00:00;5758;22;13,4;16,9;0,0;0,0;132,4
2005-08-28 23:00:00;5759;23;11,6;16,9;0,0;0,0;83,0
2005-08-29 00:00:00;5760;0;10,5;15,7;0,0;0,0;57,4
2005-08-29 01:00:00;5761;1;11,0;15,7;0,0;0,0;31,0
2005-08-29 02:00:00;5762;2;10,8;15,7;0,0;0,0;12,2
2005-08-29 03:00:00;5763;3;10,7;15,7;0,0;0,0;8,8
2005-08-29 04:00:00;5764;4;10,4;15,7;0,0;0,0;26,4
2005-08-29 05:00:00;5765;5;10,8;15,7;0,0;0,0;66,2
2005-08-29 06:00:00;5766;6;11,9;15,7;0,0;0,0;178,9
2005-08-29 07:00:00;5767;7;12,8;15,7;0,0;0,0;191,5
2005-08-29 08:00:00;5768;8;14,2;15,7;0,0;0,0;192,3
2005-08-29 09:00:00;5769;9;15,8;15,7;0,0;0,0;201,6
2005-08-29 10:00:00;5770;10;17,4;15,7;0,0;0,0;192,3
2005-08-29 11:00:00;5771;11;18,3;15,7;0,0;0,0;186,5
2005-08-29 12:00:00;5772;12;18,6;15,7;0,0;0,0;172,6
2005-08-29 13:00:00;5773;13;19,2;15,7;0,0;0,0;151,7
2005-08-29 14:00:00;5774;14;19,8;15,7;0,0;0,0;138,3
2005-08-29 15:00:00;5775;15;20,3;15,7;0,0;0,0;129,1
2005-08-29 16:00:00;5776;16;20,5;15,7;0,0;0,0;134,1
2005-08-29 17:00:00;5777;17;19,8;15,7;0,0;0,0;166,4
2005-08-29 18:00:00;5778;18;18,6;15,7;0,0;0,0;185,6
2005-08-29 19:00:00;5779;19;17,7;15,7;0,0;0,0;229,6
2005-08-29 20:00:00;5780;20;17,4;15,7;0,0;0,0;235,9
2005-08-29 21:00:00;5781;21;16,6;15,7;0,0;0,0;220,0
2005-08-29 22:00:00;5782;22;16,2;15,7;0,0;0,0;132,4
2005-08-29 23:00:00;5783;23;16,5;15,7;0,0;0,0;83,0
2005-08-30 00:00:00;5784;0;16,7;19,3;0,0;0,0;57,4
2005-08-30 01:00:00;5785;1;16,4;19,3;0,0;0,0;31,0
2005-08-30 02:00:00;5786;2;16,1;19,3;0,0;0,0;12,2
2005-08-30 03:00:00;5787;3;16,1;19,3;0,0;0,0;8,8
2005-08-30 04:00:00;5788;4;16,4;19,3;0,0;0,0;26,4
2005-08-30 05:00:00;5789;5;16,2;19,3;0,0;0,0;66,2
2005-08-30 06:00:00;5790;6;16,3;19,3;0,0;0,0;178,9
2005-08-30 07:00:00;5791;7;17,1;19,3;0,0;0,0;191,5
2005-08-30 08:00:00;5792;8;18,4;19,3;0,0;0,0;192,3
2005-08-30 09:00:00;5793;9;19,0;19,3;0,0;0,0;201,6
2005-08-30 10:00:00;5794;10;20,4;19,3;0,0;0,0;192,3
2005-08-30 11:00:00;5795;11;21,3;19,3;0,0;0,0;186,5
2005-08-30 12:00:00;5796;12;21,5;19,3;0,0;0,0;172,6
2005-08-30 13:00:00;5797;13;22,1;19,3;0,0;0,0;151,7
2005-08-30 14:00:00;5798;14;23,0;19,3;0,0;0,0;138,3
2005-08-30 15:00:00;5799;15;22,9;19,3;0,0;0,0;129,1
2005-08-30 16:00:00;5800;16;23,4;19,3;0,0;0,0;134,1
2005-08-30 17:00:00;5801;17;23,1;19,3;0,0;0,0;166,4
2005-08-30 18:00:00;5802;18;22,1;19,3;0,0;0,0;185,6
2005-08-30 19:00:00;5803;19;20,9;19,3;0,0;0,0;229,6
2005-08-30 20:00:00;5804;20;19,4;19,3;0,0;0,0;235,9
2005-08-30 21:00:00;5805;21;18,6;19,3;0,0;0,0;220,0
2005-08-30 22:00:00;5806;22;17,8;19,3;0,0;0,0;132,4
2005-08-30 23:00:00;5807;23;17,2;19,3;0,0;0,0;83,0
2005-08-31 00:00:00;5808;0;16,1;21,1;0,0;0,0;57,4
2005-08-31 01:00:00;5809;1;16,7;21,1;0,0;0,0;31,0
2005-08-31 02:00:00;5810;2;16,4;21,1;0,0;0,0;12,2
2005-08-31 03:00:00;5811;3;16,6;21,1;0,0;0,0;8,8
2005-08-31 04:00:00;5812;4;16,6;21,1;0,0;0,0;26,4
2005-08-31 05:00:00;5813;5;17,3;21,1;0,0;0,0;66,2
2005-08-31 06:00:00;5814;6;17,6;21,1;0,0;0,0;178,9
2005-08-31 07:00:00;5815;7;19,1;21,1;0,0;0,0;191,5
2005-08-31 08:00:00;5816;8;20,1;21,1;0,0;0,0;192,3
2005-08-31 09:00:00;5817;9;21,3;21,1;0,0;0,0;201,6
2005-08-31 10:00:00;5818;10;22,9;21,1;0,0;0,0;192,3
2005-08-31 11:00:00;5819;11;24,1;21,1;0,0;0,0;186,5
2005-08-31 12:00:00;5820;12;24,8;21,1;0,0;0,0;172,6
2005-08-31 13:00:00;5821;13;25,3;21,1;0,0;0,0;151,7
2005-08-31 14:00:00;5822;14;26,0;21,1;0,0;0,0;138,3
2005-08-31 15:00:00;5823;15;26,2;21,1;0,0;0,0;129,1
2005-08-31 16:00:00;5824;16;25,8;21,1;0,0;0,0;134,1
2005-08-31 17:00:00;5825;17;25,3;21,1;0,0;0,0;166,4
2005-08-31 18:00:00;5826;18;23,5;21,1;0,0;0,0;185,6
2005-08-31 19:00:00;5827;19;22,5;21,1;0,0;0,0;229,6
2005-08-31 20:00:00;5828;20;21,9;21,1;0,0;0,0;235,9
2005-08-31 21:00:00;5829;21;20,9;21,1;0,0;0,0;220,0
2005-08-31 22:00:00;5830;22;19,9;21,1;0,0;0,0;132,4
2005-08-31 23:00:00;5831;23;19,5;21,1;0,0;0,0;83,0
2005-09-01 00:00:00;5832;0;20,5;18,6;0,0;0,0;57,4
2005-09-01 01:00:00;5833;1;19,6;18,6;0,0;0,0;31,0
2005-09-01 02:00:00;5834;2;19,0;18,6;0,0;0,0;12,2
2005-09-01 03:00:00;5835;3;18,2;18,6;0,0;0,0;8,8
2005-09-01 04:00:00;5836;4;17,7;18,6;0,0;0,0;26,4
2005-09-01 05:00:00;5837;5;17,2;18,6;0,0;0,0;66,2
2005-09-01 06:00:00;5838;6;17,4;18,6;0,0;0,0;178,9
2005-09-01 07:00:00;5839;7;17,6;18,6;0,0;0,0;191,5
2005-09-01 08:00:00;5840;8;18,1;18,6;0,0;0,0;192,3
2005-09-01 09:00:00;5841;9;19,1;18,6;0,0;0,0;201,6
2005-09-01 10:00:00;5842;10;20,4;18,6;0,0;0,0;192,3
2005-09-01 11:00:00;5843;11;21,6;18,6;0,0;0,0;186,5
2005-09-01 12:00:00;5844;12;22,1;18,6;0,0;0,0;172,6
2005-09-01 13:00:00;5845;13;21,7;18,6;0,0;0,0;151,7
2005-09-01 14:00:00;5846;14;21,4;18,6;0,0;0,0;138,3
2005-09-01 15:00:00;5847;15;21,0;18,6;0,0;0,0;129,1
2005-09-01 16:00:00;5848;16;21,0;18,6;0,0;0,0;134,1
2005-09-01 17:00:00;5849;17;18,9;18,6;0,0;0,0;166,4
2005-09-01 18:00:00;5850;18;17,7;18,6;0,0;0,0;185,6
2005-09-01 19:00:00;5851;19;17,2;18,6;0,0;0,0;229,6
2005-09-01 20:00:00;5852;20;15,7;18,6;0,0;0,0;235,9
2005-09-01 21:00:00;5853;21;15,2;18,6;0,0;0,0;220,0
2005-09-01 22:00:00;5854;22;13,9;18,6;0,0;0,0;132,4
2005-09-01 23:00:00;5855;23;13,7;18,6;0,0;0,0;83,0
2005-09-02 00:00:00;5856;0;13,1;16,5;0,0;0,0;57,4
2005-09-02 01:00:00;5857;1;13,4;16,5;0,0;0,0;31,0
2005-09-02 02:00:00;5858;2;13,2;16,5;0,0;0,0;12,2
2005-09-02 03:00:00;5859;3;13,1;16,5;0,0;0,0;8,8
2005-09-02 04:00:00;5860;4;13,4;16,5;0,0;0,0;26,4
2005-09-02 05:00:00;5861;5;12,5;16,5;0,0;0,0;66,2
2005-09-02 06:00:00;5862;6;13,1;16,5;0,0;0,0;178,9
2005-09-02 07:00:00;5863;7;13,8;16,5;0,0;0,0;191,5
2005-09-02 08:00:00;5864;8;15,0;16,5;0,0;0,0;192,3
2005-09-02 09:00:00;5865;9;16,2;16,5;0,0;0,0;201,6
2005-09-02 10:00:00;5866;10;16,9;16,5;0,0;0,0;192,3
2005-09-02 11:00:00;5867;11;18,7;16,5;0,0;0,0;186,5
2005-09-02 12:00:00;5868;12;20,0;16,5;0,0;0,0;172,6
2005-09-02 13:00:00;5869;13;20,7;16,5;0,0;0,0;151,7
2005-09-02 14:00:00;5870;14;20,7;16,5;0,0;0,0;138,3
2005-09-02 15:00:00;5871;15;21,3;16,5;0,0;0,0;129,1
2005-09-02 16:00:00;5872;16;20,8;16,5;0,0;0,0;134,1
2005-09-02 17:00:00;5873;17;19,9;16,5;0,0;0,0;166,4
2005-09-02 18:00:00;5874;18;18,8;16,5;0,0;0,0;185,6
2005-09-02 19:00:00;5875;19;17,8;16,5;0,0;0,0;229,6
2005-09-02 20:00:00;5876;20;17,1;16,5;0,0;0,0;235,9
2005-09-02 21:00:00;5877;21;16,1;16,5;0,0;0,0;220,0
2005-09-02 22:00:00;5878;22;15,6;16,5;0,0;0,0;132,4
2005-09-02 23:00:00;5879;23;14,6;16,5;0,0;0,0;83,0
2005-09-03 00:00:00;5880;0;13,4;16,1;0,0;0,0;57,4
2005-09-03 01:00:00;5881;1;13,8;16,1;0,0;0,0;31,0
2005-09-03 02:00:00;5882;2;13,6;16,1;0,0;0,0;12,2
2005-09-03 03:00:00;5883;3;13,2;16,1;0,0;0,0;8,8
2005-09-03 04:00:00;5884;4;13,2;16,1;0,0;0,0;26,4
2005-09-03 05:00:00;5885;5;13,8;16,1;0,0;0,0;66,2
2005-09-03 06:00:00;5886;6;14,0;16,1;0,0;0,0;178,9
2005-09-03 07:00:00;5887;7;13,9;16,1;0,0;0,0;191,5
2005-09-03 08:00:00;5888;8;14,0;16,1;0,0;0,0;192,3
2005-09-03 09:00:00;5889;9;15,3;16,1;0,0;0,0;201,6
2005-09-03 10:00:00;5890;10;15,5;16,1;0,0;0,0;192,3
2005-09-03 11:00:00;5891;11;16,5;16,1;0,0;0,0;186,5
2005-09-03 12:00:00;5892;12;17,2;16,1;0,0;0,0;172,6
2005-09-03 13:00:00;5893;13;17,8;16,1;0,0;0,0;151,7
2005-09-03 14:00:00;5894;14;18,4;16,1;0,0;0,0;138,3
2005-09-03 15:00:00;5895;15;18,7;16,1;0,0;0,0;129,1
2005-09-03 16:00:00;5896;16;19,4;16,1;0,0;0,0;134,1
2005-09-03 17:00:00;5897;17;19,2;16,1;0,0;0,0;166,4
2005-09-03 18:00:00;5898;18;18,5;16,1;0,0;0,0;185,6
2005-09-03 19:00:00;5899;19;18,1;16,1;0,0;0,0;229,6
2005-09-03 20:00:00;5900;20;17,4;16,1;0,0;0,0;235,9
2005-09-03 21:00:00;5901;21;17,4;16,1;0,0;0,0;220,0
2005-09-03 22:00:00;5902;22;17,3;16,1;0,0;0,0;132,4
2005-09-03 23:00:00;5903;23;17,7;16,1;0,0;0,0;83,0
2005-09-04 00:00:00;5904;0;16,8;19,0;0,0;0,0;57,4
2005-09-04 01:00:00;5905;1;15,9;19,0;0,0;0,0;31,0
2005-09-04 02:00:00;5906;2;15,1;19,0;0,0;0,0;12,2
2005-09-04 03:00:00;5907;3;14,7;19,0;0,0;0,0;8,8
2005-09-04 04:00:00;5908;4;14,4;19,0;0,0;0,0;26,4
2005-09-04 05:00:00;5909;5;15,1;19,0;0,0;0,0;66,2
2005-09-04 06:00:00;5910;6;15,0;19,0;0,0;0,0;178,9
2005-09-04 07:00:00;5911;7;15,9;19,0;0,0;0,0;191,5
2005-09-04 08:00:00;5912;8;17,3;19,0;0,0;0,0;192,3
2005-09-04 09:00:00;5913;9;18,9;19,0;0,0;0,0;201,6
2005-09-04 10:00:00;5914;10;20,8;19,0;0,0;0,0;192,3
2005-09-04 11:00:00;5915;11;22,9;19,0;0,0;0,0;186,5
2005-09-04 12:00:00;5916;12;23,9;19,0;0,0;0,0;172,6
2005-09-04 13:00:00;5917;13;24,3;19,0;0,0;0,0;151,7
2005-09-04 14:00:00;5918;14;24,8;19,0;0,0;0,0;138,3
2005-09-04 15:00:00;5919;15;24,8;19,0;0,0;0,0;129,1
2005-09-04 16:00:00;5920;16;23,7;19,0;0,0;0,0;134,1
2005-09-04 17:00:00;5921;17;22,8;19,0;0,0;0,0;166,4
2005-09-04 18:00:00;5922;18;21,0;19,0;0,0;0,0;185,6
2005-09-04 19:00:00;5923;19;19,0;19,0;0,0;0,0;229,6
2005-09-04 20:00:00;5924;20;18,7;19,0;0,0;0,0;235,9
2005-09-04 21:00:00;5925;21;17,9;19,0;0,0;0,0;220,0
2005-09-04 22:00:00;5926;22;16,7;19,0;0,0;0,0;132,4
2005-09-04 23:00:00;5927;23;16,0;19,0;0,0;0,0;83,0
2005-09-05 00:00:00;5928;0;16,1;20,3;0,0;0,0;57,4
2005-09-05 01:00:00;5929;1;15,2;20,3;0,0;0,0;31,0
2005-09-05 02:00:00;5930;2;14,7;20,3;0,0;0,0;12,2
2005-09-05 03:00:00;5931;3;14,4;20,3;0,0;0,0;8,8
2005-09-05 04:00:00;5932;4;14,1;20,3;0,0;0,0;26,4
2005-09-05 05:00:00;5933;5;14,3;20,3;0,0;0,0;66,2
2005-09-05 06:00:00;5934;6;14,9;20,3;0,0;0,0;178,9
2005-09-05 07:00:00;5935;7;15,9;20,3;0,0;0,0;191,5
2005-09-05 08:00:00;5936;8;18,2;20,3;0,0;0,0;192,3
2005-09-05 09:00:00;5937;9;19,6;20,3;0,0;0,0;201,6
2005-09-05 10:00:00;5938;10;21,6;20,3;0,0;0,0;192,3
2005-09-05 11:00:00;5939;11;23,1;20,3;0,0;0,0;186,5
2005-09-05 12:00:00;5940;12;24,5;20,3;0,0;0,0;172,6
2005-09-05 13:00:00;5941;13;24,9;20,3;0,0;0,0;151,7
2005-09-05 14:00:00;5942;14;25,3;20,3;0,0;0,0;138,3
2005-09-05 15:00:00;5943;15;26,1;20,3;0,0;0,0;129,1
2005-09-05 16:00:00;5944;16;26,2;20,3;0,0;0,0;134,1
2005-09-05 17:00:00;5945;17;25,9;20,3;0,0;0,0;166,4
2005-09-05 18:00:00;5946;18;24,9;20,3;0,0;0,0;185,6
2005-09-05 19:00:00;5947;19;23,5;20,3;0,0;0,0;229,6
2005-09-05 20:00:00;5948;20;23,1;20,3;0,0;0,0;235,9
2005-09-05 21:00:00;5949;21;21,7;20,3;0,0;0,0;220,0
2005-09-05 22:00:00;5950;22;20,9;20,3;0,0;0,0;132,4
2005-09-05 23:00:00;5951;23;18,9;20,3;0,0;0,0;83,0
2005-09-06 00:00:00;5952;0;17,8;18,3;0,0;0,0;57,4
2005-09-06 01:00:00;5953;1;16,9;18,3;0,0;0,0;31,0
2005-09-06 02:00:00;5954;2;16,6;18,3;0,0;0,0;12,2
2005-09-06 03:00:00;5955;3;16,5;18,3;0,0;0,0;8,8
2005-09-06 04:00:00;5956;4;16,5;18,3;0,0;0,0;26,4
2005-09-06 05:00:00;5957;5;16,4;18,3;0,0;0,0;66,2
2005-09-06 06:00:00;5958;6;15,7;18,3;0,0;0,0;178,9
2005-09-06 07:00:00;5959;7;15,8;18,3;0,0;0,0;191,5
2005-09-06 08:00:00;5960;8;16,3;18,3;0,0;0,0;192,3
2005-09-06 09:00:00;5961;9;17,9;18,3;0,0;0,0;201,6
2005-09-06 10:00:00;5962;10;19,9;18,3;0,0;0,0;192,3
2005-09-06 11:00:00;5963;11;20,9;18,3;0,0;0,0;186,5
2005-09-06 12:00:00;5964;12;21,5;18,3;0,0;0,0;172,6
2005-09-06 13:00:00;5965;13;21,7;18,3;0,0;0,0;151,7
2005-09-06 14:00:00;5966;14;22,0;18,3;0,0;0,0;138,3
2005-09-06 15:00:00;5967;15;22,2;18,3;0,0;0,0;129,1
2005-09-06 16:00:00;5968;16;22,3;18,3;0,0;0,0;134,1
2005-09-06 17:00:00;5969;17;21,4;18,3;0,0;0,0;166,4
2005-09-06 18:00:00;5970;18;20,2;18,3;0,0;0,0;185,6
2005-09-06 19:00:00;5971;19;18,6;18,3;0,0;0,0;229,6
2005-09-06 20:00:00;5972;20;17,4;18,3;0,0;0,0;235,9
2005-09-06 21:00:00;5973;21;16,3;18,3;0,0;0,0;220,0
2005-09-06 22:00:00;5974;22;15,1;18,3;0,0;0,0;132,4
2005-09-06 23:00:00;5975;23;13,8;18,3;0,0;0,0;83,0
2005-09-07 00:00:00;5976;0;13,4;17,0;0,0;0,0;57,4
2005-09-07 01:00:00;5977;1;13,2;17,0;0,0;0,0;31,0
2005-09-07 02:00:00;5978;2;12,9;17,0;0,0;0,0;12,2
2005-09-07 03:00:00;5979;3;13,3;17,0;0,0;0,0;8,8
2005-09-07 04:00:00;5980;4;13,4;17,0;0,0;0,0;26,4
2005-09-07 05:00:00;5981;5;14,1;17,0;0,0;0,0;66,2
2005-09-07 06:00:00;5982;6;14,2;17,0;0,0;0,0;178,9
2005-09-07 07:00:00;5983;7;14,4;17,0;0,0;0,0;191,5
2005-09-07 08:00:00;5984;8;15,9;17,0;0,0;0,0;192,3
2005-09-07 09:00:00;5985;9;17,4;17,0;0,0;0,0;201,6
2005-09-07 10:00:00;5986;10;18,2;17,0;0,0;0,0;192,3
2005-09-07 11:00:00;5987;11;18,8;17,0;0,0;0,0;186,5
2005-09-07 12:00:00;5988;12;19,9;17,0;0,0;0,0;172,6
2005-09-07 13:00:00;5989;13;21,2;17,0;0,0;0,0;151,7
2005-09-07 14:00:00;5990;14;21,6;17,0;0,0;0,0;138,3
2005-09-07 15:00:00;5991;15;21,9;17,0;0,0;0,0;129,1
2005-09-07 16:00:00;5992;16;21,6;17,0;0,0;0,0;134,1
2005-09-07 17:00:00;5993;17;20,7;17,0;0,0;0,0;166,4
2005-09-07 18:00:00;5994;18;19,2;17,0;0,0;0,0;185,6
2005-09-07 19:00:00;5995;19;18,1;17,0;0,0;0,0;229,6
2005-09-07 20:00:00;5996;20;17,4;17,0;0,0;0,0;235,9
2005-09-07 21:00:00;5997;21;16,6;17,0;0,0;0,0;220,0
2005-09-07 22:00:00;5998;22;16,0;17,0;0,0;0,0;132,4
2005-09-07 23:00:00;5999;23;15,8;17,0;0,0;0,0;83,0
2005-09-08 00:00:00;6000;0;15,9;14,8;0,0;0,0;57,4
2005-09-08 01:00:00;6001;1;15,7;14,8;0,0;0,0;31,0
2005-09-08 02:00:00;6002;2;14,9;14,8;0,0;0,0;12,2
2005-09-08 03:00:00;6003;3;14,7;14,8;0,0;0,0;8,8
2005-09-08 04:00:00;6004;4;14,3;14,8;0,0;0,0;26,4
2005-09-08 05:00:00;6005;5;13,8;14,8;0,0;0,0;66,2
2005-09-08 06:00:00;6006;6;13,1;14,8;0,0;0,0;178,9
2005-09-08 07:00:00;6007;7;13,1;14,8;0,0;0,0;191,5
2005-09-08 08:00:00;6008;8;13,8;14,8;0,0;0,0;192,3
2005-09-08 09:00:00;6009;9;15,6;14,8;0,0;0,0;201,6
2005-09-08 10:00:00;6010;10;16,3;14,8;0,0;0,0;192,3
2005-09-08 11:00:00;6011;11;16,7;14,8;0,0;0,0;186,5
2005-09-08 12:00:00;6012;12;17,9;14,8;0,0;0,0;172,6
2005-09-08 13:00:00;6013;13;17,8;14,8;0,0;0,0;151,7
2005-09-08 14:00:00;6014;14;18,4;14,8;0,0;0,0;138,3
2005-09-08 15:00:00;6015;15;17,5;14,8;0,0;0,0;129,1
2005-09-08 16:00:00;6016;16;17,1;14,8;0,0;0,0;134,1
2005-09-08 17:00:00;6017;17;15,6;14,8;0,0;0,0;166,4
2005-09-08 18:00:00;6018;18;14,8;14,8;0,0;0,0;185,6
2005-09-08 19:00:00;6019;19;13,4;14,8;0,0;0,0;229,6
2005-09-08 20:00:00;6020;20;12,6;14,8;0,0;0,0;235,9
2005-09-08 21:00:00;6021;21;11,3;14,8;0,0;0,0;220,0
2005-09-08 22:00:00;6022;22;10,4;14,8;0,0;0,0;132,4
2005-09-08 23:00:00;6023;23;9,8;14,8;0,0;0,0;83,0
2005-09-09 00:00:00;6024;0;8,9;11,4;0,0;0,0;57,4
2005-09-09 01:00:00;6025;1;8,8;11,4;0,0;0,0;31,0
2005-09-09 02:00:00;6026;2;8,8;11,4;0,0;0,0;12,2
2005-09-09 03:00:00;6027;3;8,8;11,4;0,0;0,0;8,8
2005-09-09 04:00:00;6028;4;9,4;11,4;0,0;0,0;26,4
2005-09-09 05:00:00;6029;5;9,2;11,4;0,0;0,0;66,2
2005-09-09 06:00:00;6030;6;9,3;11,4;0,0;0,0;178,9
2005-09-09 07:00:00;6031;7;9,4;11,4;0,0;0,0;191,5
2005-09-09 08:00:00;6032;8;10,2;11,4;0,0;0,0;192,3
2005-09-09 09:00:00;6033;9;11,4;11,4;0,0;0,0;201,6
2005-09-09 10:00:00;6034;10;13,5;11,4;0,0;0,0;192,3
2005-09-09 11:00:00;6035;11;14,0;11,4;0,0;0,0;186,5
2005-09-09 12:00:00;6036;12;15,1;11,4;0,0;0,0;172,6
2005-09-09 13:00:00;6037;13;16,0;11,4;0,0;0,0;151,7
2005-09-09 14:00:00;6038;14;15,7;11,4;0,0;0,0;138,3
2005-09-09 15:00:00;6039;15;15,7;11,4;0,0;0,0;129,1
2005-09-09 16:00:00;6040;16;15,3;11,4;0,0;0,0;134,1
2005-09-09 17:00:00;6041;17;13,7;11,4;0,0;0,0;166,4
2005-09-09 18:00:00;6042;18;12,6;11,4;0,0;0,0;185,6
2005-09-09 19:00:00;6043;19;11,7;11,4;0,0;0,0;229,6
2005-09-09 20:00:00;6044;20;10,8;11,4;0,0;0,0;235,9
2005-09-09 21:00:00;6045;21;9,0;11,4;0,0;0,0;220,0
2005-09-09 22:00:00;6046;22;8,6;11,4;0,0;0,0;132,4
2005-09-09 23:00:00;6047;23;7,6;11,4;0,0;0,0;83,0
2005-09-10 00:00:00;6048;0;7,1;10,8;0,0;0,0;57,4
2005-09-10 01:00:00;6049;1;7,3;10,8;0,0;0,0;31,0
2005-09-10 02:00:00;6050;2;7,3;10,8;0,0;0,0;12,2
2005-09-10 03:00:00;6051;3;7,3;10,8;0,0;0,0;8,8
2005-09-10 04:00:00;6052;4;7,5;10,8;0,0;0,0;26,4
2005-09-10 05:00:00;6053;5;7,0;10,8;0,0;0,0;66,2
2005-09-10 06:00:00;6054;6;7,4;10,8;0,0;0,0;178,9
2005-09-10 07:00:00;6055;7;8,1;10,8;0,0;0,0;191,5
2005-09-10 08:00:00;6056;8;9,7;10,8;0,0;0,0;192,3
2005-09-10 09:00:00;6057;9;10,9;10,8;0,0;0,0;201,6
2005-09-10 10:00:00;6058;10;12,1;10,8;0,0;0,0;192,3
2005-09-10 11:00:00;6059;11;14,0;10,8;0,0;0,0;186,5
2005-09-10 12:00:00;6060;12;15,5;10,8;0,0;0,0;172,6
2005-09-10 13:00:00;6061;13;16,3;10,8;0,0;0,0;151,7
2005-09-10 14:00:00;6062;14;16,1;10,8;0,0;0,0;138,3
2005-09-10 15:00:00;6063;15;16,8;10,8;0,0;0,0;129,1
2005-09-10 16:00:00;6064;16;15,7;10,8;0,0;0,0;134,1
2005-09-10 17:00:00;6065;17;14,8;10,8;0,0;0,0;166,4
2005-09-10 18:00:00;6066;18;13,5;10,8;0,0;0,0;185,6
2005-09-10 19:00:00;6067;19;11,4;10,8;0,0;0,0;229,6
2005-09-10 20:00:00;6068;20;9,1;10,8;0,0;0,0;235,9
2005-09-10 21:00:00;6069;21;9,2;10,8;0,0;0,0;220,0
2005-09-10 22:00:00;6070;22;7,6;10,8;0,0;0,0;132,4
2005-09-10 23:00:00;6071;23;7,1;10,8;0,0;0,0;83,0
2005-09-11 00:00:00;6072;0;6,6;10,5;0,0;0,0;57,4
2005-09-11 01:00:00;6073;1;6,2;10,5;0,0;0,0;31,0
2005-09-11 02:00:00;6074;2;6,4;10,5;0,0;0,0;12,2
2005-09-11 03:00:00;6075;3;6,1;10,5;0,0;0,0;8,8
2005-09-11 04:00:00;6076;4;6,0;10,5;0,0;0,0;26,4
2005-09-11 05:00:00;6077;5;6,1;10,5;0,0;0,0;66,2
2005-09-11 06:00:00;6078;6;7,2;10,5;0,0;0,0;178,9
2005-09-11 07:00:00;6079;7;8,4;10,5;0,0;0,0;191,5
2005-09-11 08:00:00;6080;8;9,5;10,5;0,0;0,0;192,3
2005-09-11 09:00:00;6081;9;10,2;10,5;0,0;0,0;201,6
2005-09-11 10:00:00;6082;10;11,6;10,5;0,0;0,0;192,3
2005-09-11 11:00:00;6083;11;13,1;10,5;0,0;0,0;186,5
2005-09-11 12:00:00;6084;12;13,7;10,5;0,0;0,0;172,6
2005-09-11 13:00:00;6085;13;14,0;10,5;0,0;0,0;151,7
2005-09-11 14:00:00;6086;14;14,3;10,5;0,0;0,0;138,3
2005-09-11 15:00:00;6087;15;14,5;10,5;0,0;0,0;129,1
2005-09-11 16:00:00;6088;16;14,0;10,5;0,0;0,0;134,1
2005-09-11 17:00:00;6089;17;13,2;10,5;0,0;0,0;166,4
2005-09-11 18:00:00;6090;18;13,0;10,5;0,0;0,0;185,6
2005-09-11 19:00:00;6091;19;12,5;10,5;0,0;0,0;229,6
2005-09-11 20:00:00;6092;20;11,9;10,5;0,0;0,0;235,9
2005-09-11 21:00:00;6093;21;11,7;10,5;0,0;0,0;220,0
2005-09-11 22:00:00;6094;22;11,0;10,5;0,0;0,0;132,4
2005-09-11 23:00:00;6095;23;9,8;10,5;0,0;0,0;83,0
2005-09-12 00:00:00;6096;0;9,5;10,3;0,0;0,0;57,4
2005-09-12 01:00:00;6097;1;9,7;10,3;0,0;0,0;31,0
2005-09-12 02:00:00;6098;2;10,1;10,3;0,0;0,0;12,2
2005-09-12 03:00:00;6099;3;9,8;10,3;0,0;0,0;8,8
2005-09-12 04:00:00;6100;4;9,3;10,3;0,0;0,0;26,4
2005-09-12 05:00:00;6101;5;9,0;10,3;0,0;0,0;66,2
2005-09-12 06:00:00;6102;6;9,1;10,3;0,0;0,0;178,9
2005-09-12 07:00:00;6103;7;9,2;10,3;0,0;0,0;191,5
2005-09-12 08:00:00;6104;8;9,7;10,3;0,0;0,0;192,3
2005-09-12 09:00:00;6105;9;9,9;10,3;0,0;0,0;201,6
2005-09-12 10:00:00;6106;10;10,2;10,3;0,0;0,0;192,3
2005-09-12 11:00:00;6107;11;10,8;10,3;0,0;0,0;186,5
2005-09-12 12:00:00;6108;12;10,6;10,3;0,0;0,0;172,6
2005-09-12 13:00:00;6109;13;10,9;10,3;0,0;0,0;151,7
2005-09-12 14:00:00;6110;14;11,5;10,3;0,0;0,0;138,3
2005-09-12 15:00:00;6111;15;11,2;10,3;0,0;0,0;129,1
2005-09-12 16:00:00;6112;16;11,1;10,3;0,0;0,0;134,1
2005-09-12 17:00:00;6113;17;11,2;10,3;0,0;0,0;166,4
2005-09-12 18:00:00;6114;18;11,5;10,3;0,0;0,0;185,6
2005-09-12 19:00:00;6115;19;11,3;10,3;0,0;0,0;229,6
2005-09-12 20:00:00;6116;20;11,1;10,3;0,0;0,0;235,9
2005-09-12 21:00:00;6117;21;10,7;10,3;0,0;0,0;220,0
2005-09-12 22:00:00;6118;22;9,9;10,3;0,0;0,0;132,4
2005-09-12 23:00:00;6119;23;9,7;10,3;0,0;0,0;83,0
2005-09-13 00:00:00;6120;0;8,9;14,3;0,0;0,0;57,4
2005-09-13 01:00:00;6121;1;9,2;14,3;0,0;0,0;31,0
2005-09-13 02:00:00;6122;2;9,6;14,3;0,0;0,0;12,2
2005-09-13 03:00:00;6123;3;9,7;14,3;0,0;0,0;8,8
2005-09-13 04:00:00;6124;4;9,5;14,3;0,0;0,0;26,4
2005-09-13 05:00:00;6125;5;10,4;14,3;0,0;0,0;66,2
2005-09-13 06:00:00;6126;6;10,7;14,3;0,0;0,0;178,9
2005-09-13 07:00:00;6127;7;11,7;14,3;0,0;0,0;191,5
2005-09-13 08:00:00;6128;8;13,0;14,3;0,0;0,0;192,3
2005-09-13 09:00:00;6129;9;14,0;14,3;0,0;0,0;201,6
2005-09-13 10:00:00;6130;10;15,9;14,3;0,0;0,0;192,3
2005-09-13 11:00:00;6131;11;17,2;14,3;0,0;0,0;186,5
2005-09-13 12:00:00;6132;12;18,1;14,3;0,0;0,0;172,6
2005-09-13 13:00:00;6133;13;18,3;14,3;0,0;0,0;151,7
2005-09-13 14:00:00;6134;14;18,6;14,3;0,0;0,0;138,3
2005-09-13 15:00:00;6135;15;18,4;14,3;0,0;0,0;129,1
2005-09-13 16:00:00;6136;16;18,5;14,3;0,0;0,0;134,1
2005-09-13 17:00:00;6137;17;18,1;14,3;0,0;0,0;166,4
2005-09-13 18:00:00;6138;18;16,8;14,3;0,0;0,0;185,6
2005-09-13 19:00:00;6139;19;15,9;14,3;0,0;0,0;229,6
2005-09-13 20:00:00;6140;20;15,8;14,3;0,0;0,0;235,9
2005-09-13 21:00:00;6141;21;15,2;14,3;0,0;0,0;220,0
2005-09-13 22:00:00;6142;22;15,5;14,3;0,0;0,0;132,4
2005-09-13 23:00:00;6143;23;15,0;14,3;0,0;0,0;83,0
2005-09-14 00:00:00;6144;0;15,0;15,7;0,0;0,0;57,4
2005-09-14 01:00:00;6145;1;14,6;15,7;0,0;0,0;31,0
2005-09-14 02:00:00;6146;2;14,7;15,7;0,0;0,0;12,2
2005-09-14 03:00:00;6147;3;14,1;15,7;0,0;0,0;8,8
2005-09-14 04:00:00;6148;4;14,3;15,7;0,0;0,0;26,4
2005-09-14 05:00:00;6149;5;14,0;15,7;0,0;0,0;66,2
2005-09-14 06:00:00;6150;6;13,7;15,7;0,0;0,0;178,9
2005-09-14 07:00:00;6151;7;14,3;15,7;0,0;0,0;191,5
2005-09-14 08:00:00;6152;8;14,9;15,7;0,0;0,0;192,3
2005-09-14 09:00:00;6153;9;15,8;15,7;0,0;0,0;201,6
2005-09-14 10:00:00;6154;10;16,6;15,7;0,0;0,0;192,3
2005-09-14 11:00:00;6155;11;17,2;15,7;0,0;0,0;186,5
2005-09-14 12:00:00;6156;12;17,2;15,7;0,0;0,0;172,6
2005-09-14 13:00:00;6157;13;17,4;15,7;0,0;0,0;151,7
2005-09-14 14:00:00;6158;14;17,0;15,7;0,0;0,0;138,3
2005-09-14 15:00:00;6159;15;17,2;15,7;0,0;0,0;129,1
2005-09-14 16:00:00;6160;16;17,0;15,7;0,0;0,0;134,1
2005-09-14 17:00:00;6161;17;17,3;15,7;0,0;0,0;166,4
2005-09-14 18:00:00;6162;18;17,2;15,7;0,0;0,0;185,6
2005-09-14 19:00:00;6163;19;16,3;15,7;0,0;0,0;229,6
2005-09-14 20:00:00;6164;20;16,1;15,7;0,0;0,0;235,9
2005-09-14 21:00:00;6165;21;16,0;15,7;0,0;0,0;220,0
2005-09-14 22:00:00;6166;22;15,1;15,7;0,0;0,0;132,4
2005-09-14 23:00:00;6167;23;14,3;15,7;0,0;0,0;83,0
2005-09-15 00:00:00;6168;0;13,8;13,6;0,0;0,0;57,4
2005-09-15 01:00:00;6169;1;13,9;13,6;0,0;0,0;31,0
2005-09-15 02:00:00;6170;2;13,9;13,6;0,0;0,0;12,2
2005-09-15 03:00:00;6171;3;13,2;13,6;0,0;0,0;8,8
2005-09-15 04:00:00;6172;4;12,3;13,6;0,0;0,0;26,4
2005-09-15 05:00:00;6173;5;12,4;13,6;0,0;0,0;66,2
2005-09-15 06:00:00;6174;6;12,5;13,6;0,0;0,0;178,9
2005-09-15 07:00:00;6175;7;12,6;13,6;0,0;0,0;191,5
2005-09-15 08:00:00;6176;8;13,8;13,6;0,0;0,0;192,3
2005-09-15 09:00:00;6177;9;14,5;13,6;0,0;0,0;201,6
2005-09-15 10:00:00;6178;10;15,5;13,6;0,0;0,0;192,3
2005-09-15 11:00:00;6179;11;16,6;13,6;0,0;0,0;186,5
2005-09-15 12:00:00;6180;12;17,4;13,6;0,0;0,0;172,6
2005-09-15 13:00:00;6181;13;17,5;13,6;0,0;0,0;151,7
2005-09-15 14:00:00;6182;14;17,3;13,6;0,0;0,0;138,3
2005-09-15 15:00:00;6183;15;17,1;13,6;0,0;0,0;129,1
2005-09-15 16:00:00;6184;16;16,5;13,6;0,0;0,0;134,1
2005-09-15 17:00:00;6185;17;15,1;13,6;0,0;0,0;166,4
2005-09-15 18:00:00;6186;18;13,8;13,6;0,0;0,0;185,6
2005-09-15 19:00:00;6187;19;11,4;13,6;0,0;0,0;229,6
2005-09-15 20:00:00;6188;20;10,5;13,6;0,0;0,0;235,9
2005-09-15 21:00:00;6189;21;9,7;13,6;0,0;0,0;220,0
2005-09-15 22:00:00;6190;22;8,4;13,6;0,0;0,0;132,4
2005-09-15 23:00:00;6191;23;7,4;13,6;0,0;0,0;83,0
2005-09-16 00:00:00;6192;0;6,6;8,9;0,0;0,0;57,4
2005-09-16 01:00:00;6193;1;6,0;8,9;0,0;0,0;31,0
2005-09-16 02:00:00;6194;2;6,0;8,9;0,0;0,0;12,2
2005-09-16 03:00:00;6195;3;6,0;8,9;0,0;0,0;8,8
2005-09-16 04:00:00;6196;4;5,8;8,9;0,0;0,0;26,4
2005-09-16 05:00:00;6197;5;5,0;8,9;0,0;0,0;66,2
2005-09-16 06:00:00;6198;6;5,4;8,9;0,0;0,0;178,9
2005-09-16 07:00:00;6199;7;6,6;8,9;0,0;0,0;191,5
2005-09-16 08:00:00;6200;8;7,2;8,9;0,0;0,0;192,3
2005-09-16 09:00:00;6201;9;8,7;8,9;0,0;0,0;201,6
2005-09-16 10:00:00;6202;10;10,1;8,9;0,0;0,0;192,3
2005-09-16 11:00:00;6203;11;11,5;8,9;0,0;0,0;186,5
2005-09-16 12:00:00;6204;12;12,1;8,9;0,0;0,0;172,6
2005-09-16 13:00:00;6205;13;12,8;8,9;0,0;0,0;151,7
2005-09-16 14:00:00;6206;14;13,4;8,9;0,0;0,0;138,3
2005-09-16 15:00:00;6207;15;13,8;8,9;0,0;0,0;129,1
2005-09-16 16:00:00;6208;16;13,3;8,9;0,0;0,0;134,1
2005-09-16 17:00:00;6209;17;12,5;8,9;0,0;0,0;166,4
2005-09-16 18:00:00;6210;18;11,3;8,9;0,0;0,0;185,6
2005-09-16 19:00:00;6211;19;9,5;8,9;0,0;0,0;229,6
2005-09-16 20:00:00;6212;20;8,6;8,9;0,0;0,0;235,9
2005-09-16 21:00:00;6213;21;7,9;8,9;0,0;0,0;220,0
2005-09-16 22:00:00;6214;22;6,8;8,9;0,0;0,0;132,4
2005-09-16 23:00:00;6215;23;6,0;8,9;0,0;0,0;83,0
2005-09-17 00:00:00;6216;0;5,5;7,7;0,0;0,0;57,4
2005-09-17 01:00:00;6217;1;5,4;7,7;0,0;0,0;31,0
2005-09-17 02:00:00;6218;2;5,6;7,7;0,0;0,0;12,2
2005-09-17 03:00:00;6219;3;5,3;7,7;0,0;0,0;8,8
2005-09-17 04:00:00;6220;4;5,5;7,7;0,0;0,0;26,4
2005-09-17 05:00:00;6221;5;5,3;7,7;0,0;0,0;66,2
2005-09-17 06:00:00;6222;6;5,3;7,7;0,0;0,0;178,9
2005-09-17 07:00:00;6223;7;5,7;7,7;0,0;0,0;191,5
2005-09-17 08:00:00;6224;8;6,9;7,7;0,0;0,0;192,3
2005-09-17 09:00:00;6225;9;8,2;7,7;0,0;0,0;201,6
2005-09-17 10:00:00;6226;10;8,9;7,7;0,0;0,0;192,3
2005-09-17 11:00:00;6227;11;9,5;7,7;0,0;0,0;186,5
2005-09-17 12:00:00;6228;12;9,4;7,7;0,0;0,0;172,6
2005-09-17 13:00:00;6229;13;10,0;7,7;0,0;0,0;151,7
2005-09-17 14:00:00;6230;14;10,2;7,7;0,0;0,0;138,3
2005-09-17 15:00:00;6231;15;10,8;7,7;0,0;0,0;129,1
2005-09-17 16:00:00;6232;16;10,4;7,7;0,0;0,0;134,1
2005-09-17 17:00:00;6233;17;10,0;7,7;0,0;0,0;166,4
2005-09-17 18:00:00;6234;18;9,1;7,7;0,0;0,0;185,6
2005-09-17 19:00:00;6235;19;8,4;7,7;0,0;0,0;229,6
2005-09-17 20:00:00;6236;20;8,0;7,7;0,0;0,0;235,9
2005-09-17 21:00:00;6237;21;8,0;7,7;0,0;0,0;220,0
2005-09-17 22:00:00;6238;22;7,5;7,7;0,0;0,0;132,4
2005-09-17 23:00:00;6239;23;7,0;7,7;0,0;0,0;83,0
2005-09-18 00:00:00;6240;0;5,7;7,9;0,0;0,0;57,4
2005-09-18 01:00:00;6241;1;5,8;7,9;0,0;0,0;31,0
2005-09-18 02:00:00;6242;2;5,6;7,9;0,0;0,0;12,2
2005-09-18 03:00:00;6243;3;5,9;7,9;0,0;0,0;8,8
2005-09-18 04:00:00;6244;4;5,8;7,9;0,0;0,0;26,4
2005-09-18 05:00:00;6245;5;6,0;7,9;0,0;0,0;66,2
2005-09-18 06:00:00;6246;6;5,8;7,9;0,0;0,0;178,9
2005-09-18 07:00:00;6247;7;6,8;7,9;0,0;0,0;191,5
2005-09-18 08:00:00;6248;8;7,3;7,9;0,0;0,0;192,3
2005-09-18 09:00:00;6249;9;8,2;7,9;0,0;0,0;201,6
2005-09-18 10:00:00;6250;10;8,3;7,9;0,0;0,0;192,3
2005-09-18 11:00:00;6251;11;9,1;7,9;0,0;0,0;186,5
2005-09-18 12:00:00;6252;12;9,0;7,9;0,0;0,0;172,6
2005-09-18 13:00:00;6253;13;9,1;7,9;0,0;0,0;151,7
2005-09-18 14:00:00;6254;14;8,8;7,9;0,0;0,0;138,3
2005-09-18 15:00:00;6255;15;9,0;7,9;0,0;0,0;129,1
2005-09-18 16:00:00;6256;16;9,3;7,9;0,0;0,0;134,1
2005-09-18 17:00:00;6257;17;9,4;7,9;0,0;0,0;166,4
2005-09-18 18:00:00;6258;18;9,0;7,9;0,0;0,0;185,6
2005-09-18 19:00:00;6259;19;9,0;7,9;0,0;0,0;229,6
2005-09-18 20:00:00;6260;20;9,6;7,9;0,0;0,0;235,9
2005-09-18 21:00:00;6261;21;9,3;7,9;0,0;0,0;220,0
2005-09-18 22:00:00;6262;22;9,4;7,9;0,0;0,0;132,4
2005-09-18 23:00:00;6263;23;9,0;7,9;0,0;0,0;83,0
2005-09-19 00:00:00;6264;0;8,6;14,9;0,0;0,0;57,4
2005-09-19 01:00:00;6265;1;8,7;14,9;0,0;0,0;31,0
2005-09-19 02:00:00;6266;2;8,8;14,9;0,0;0,0;12,2
2005-09-19 03:00:00;6267;3;9,2;14,9;0,0;0,0;8,8
2005-09-19 04:00:00;6268;4;9,5;14,9;0,0;0,0;26,4
2005-09-19 05:00:00;6269;5;9,5;14,9;0,0;0,0;66,2
2005-09-19 06:00:00;6270;6;10,2;14,9;0,0;0,0;178,9
2005-09-19 07:00:00;6271;7;11,1;14,9;0,0;0,0;191,5
2005-09-19 08:00:00;6272;8;12,8;14,9;0,0;0,0;192,3
2005-09-19 09:00:00;6273;9;14,3;14,9;0,0;0,0;201,6
2005-09-19 10:00:00;6274;10;16,4;14,9;0,0;0,0;192,3
2005-09-19 11:00:00;6275;11;17,8;14,9;0,0;0,0;186,5
2005-09-19 12:00:00;6276;12;18,8;14,9;0,0;0,0;172,6
2005-09-19 13:00:00;6277;13;19,1;14,9;0,0;0,0;151,7
2005-09-19 14:00:00;6278;14;19,9;14,9;0,0;0,0;138,3
2005-09-19 15:00:00;6279;15;19,9;14,9;0,0;0,0;129,1
2005-09-19 16:00:00;6280;16;19,9;14,9;0,0;0,0;134,1
2005-09-19 17:00:00;6281;17;19,8;14,9;0,0;0,0;166,4
2005-09-19 18:00:00;6282;18;19,1;14,9;0,0;0,0;185,6
2005-09-19 19:00:00;6283;19;18,1;14,9;0,0;0,0;229,6
2005-09-19 20:00:00;6284;20;17,3;14,9;0,0;0,0;235,9
2005-09-19 21:00:00;6285;21;16,3;14,9;0,0;0,0;220,0
2005-09-19 22:00:00;6286;22;16,1;14,9;0,0;0,0;132,4
2005-09-19 23:00:00;6287;23;15,7;14,9;0,0;0,0;83,0
2005-09-20 00:00:00;6288;0;15,5;14,8;0,0;0,0;57,4
2005-09-20 01:00:00;6289;1;15,0;14,8;0,0;0,0;31,0
2005-09-20 02:00:00;6290;2;14,5;14,8;0,0;0,0;12,2
2005-09-20 03:00:00;6291;3;14,0;14,8;0,0;0,0;8,8
2005-09-20 04:00:00;6292;4;13,8;14,8;0,0;0,0;26,4
2005-09-20 05:00:00;6293;5;14,0;14,8;0,0;0,0;66,2
2005-09-20 06:00:00;6294;6;14,1;14,8;0,0;0,0;178,9
2005-09-20 07:00:00;6295;7;13,9;14,8;0,0;0,0;191,5
2005-09-20 08:00:00;6296;8;14,1;14,8;0,0;0,0;192,3
2005-09-20 09:00:00;6297;9;14,8;14,8;0,0;0,0;201,6
2005-09-20 10:00:00;6298;10;15,7;14,8;0,0;0,0;192,3
2005-09-20 11:00:00;6299;11;16,2;14,8;0,0;0,0;186,5
2005-09-20 12:00:00;6300;12;16,3;14,8;0,0;0,0;172,6
2005-09-20 13:00:00;6301;13;16,8;14,8;0,0;0,0;151,7
2005-09-20 14:00:00;6302;14;16,7;14,8;0,0;0,0;138,3
2005-09-20 15:00:00;6303;15;15,9;14,8;0,0;0,0;129,1
2005-09-20 16:00:00;6304;16;15,4;14,8;0,0;0,0;134,1
2005-09-20 17:00:00;6305;17;15,0;14,8;0,0;0,0;166,4
2005-09-20 18:00:00;6306;18;14,9;14,8;0,0;0,0;185,6
2005-09-20 19:00:00;6307;19;14,2;14,8;0,0;0,0;229,6
2005-09-20 20:00:00;6308;20;13,8;14,8;0,0;0,0;235,9
2005-09-20 21:00:00;6309;21;13,4;14,8;0,0;0,0;220,0
2005-09-20 22:00:00;6310;22;13,0;14,8;0,0;0,0;132,4
2005-09-20 23:00:00;6311;23;13,3;14,8;0,0;0,0;83,0
2005-09-21 00:00:00;6312;0;12,9;14,3;0,0;0,0;57,4
2005-09-21 01:00:00;6313;1;12,6;14,3;0,0;0,0;31,0
2005-09-21 02:00:00;6314;2;12,5;14,3;0,0;0,0;12,2
2005-09-21 03:00:00;6315;3;12,4;14,3;0,0;0,0;8,8
2005-09-21 04:00:00;6316;4;12,4;14,3;0,0;0,0;26,4
2005-09-21 05:00:00;6317;5;12,2;14,3;0,0;0,0;66,2
2005-09-21 06:00:00;6318;6;11,9;14,3;0,0;0,0;178,9
2005-09-21 07:00:00;6319;7;12,2;14,3;0,0;0,0;191,5
2005-09-21 08:00:00;6320;8;13,7;14,3;0,0;0,0;192,3
2005-09-21 09:00:00;6321;9;15,0;14,3;0,0;0,0;201,6
2005-09-21 10:00:00;6322;10;15,5;14,3;0,0;0,0;192,3
2005-09-21 11:00:00;6323;11;17,1;14,3;0,0;0,0;186,5
2005-09-21 12:00:00;6324;12;17,7;14,3;0,0;0,0;172,6
2005-09-21 13:00:00;6325;13;16,9;14,3;0,0;0,0;151,7
2005-09-21 14:00:00;6326;14;17,2;14,3;0,0;0,0;138,3
2005-09-21 15:00:00;6327;15;17,5;14,3;0,0;0,0;129,1
2005-09-21 16:00:00;6328;16;16,8;14,3;0,0;0,0;134,1
2005-09-21 17:00:00;6329;17;16,0;14,3;0,0;0,0;166,4
2005-09-21 18:00:00;6330;18;15,2;14,3;0,0;0,0;185,6
2005-09-21 19:00:00;6331;19;14,1;14,3;0,0;0,0;229,6
2005-09-21 20:00:00;6332;20;13,6;14,3;0,0;0,0;235,9
2005-09-21 21:00:00;6333;21;13,3;14,3;0,0;0,0;220,0
2005-09-21 22:00:00;6334;22;13,1;14,3;0,0;0,0;132,4
2005-09-21 23:00:00;6335;23;11,9;14,3;0,0;0,0;83,0
2005-09-22 00:00:00;6336;0;11,3;16,1;0,0;0,0;57,4
2005-09-22 01:00:00;6337;1;10,9;16,1;0,0;0,0;31,0
2005-09-22 02:00:00;6338;2;10,1;16,1;0,0;0,0;12,2
2005-09-22 03:00:00;6339;3;10,4;16,1;0,0;0,0;8,8
2005-09-22 04:00:00;6340;4;10,1;16,1;0,0;0,0;26,4
2005-09-22 05:00:00;6341;5;10,6;16,1;0,0;0,0;66,2
2005-09-22 06:00:00;6342;6;11,1;16,1;0,0;0,0;178,9
2005-09-22 07:00:00;6343;7;12,1;16,1;0,0;0,0;191,5
2005-09-22 08:00:00;6344;8;14,0;16,1;0,0;0,0;192,3
2005-09-22 09:00:00;6345;9;15,7;16,1;0,0;0,0;201,6
2005-09-22 10:00:00;6346;10;16,7;16,1;0,0;0,0;192,3
2005-09-22 11:00:00;6347;11;18,5;16,1;0,0;0,0;186,5
2005-09-22 12:00:00;6348;12;20,1;16,1;0,0;0,0;172,6
2005-09-22 13:00:00;6349;13;21,2;16,1;0,0;0,0;151,7
2005-09-22 14:00:00;6350;14;22,1;16,1;0,0;0,0;138,3
2005-09-22 15:00:00;6351;15;22,3;16,1;0,0;0,0;129,1
2005-09-22 16:00:00;6352;16;22,5;16,1;0,0;0,0;134,1
2005-09-22 17:00:00;6353;17;21,2;16,1;0,0;0,0;166,4
2005-09-22 18:00:00;6354;18;20,2;16,1;0,0;0,0;185,6
2005-09-22 19:00:00;6355;19;18,7;16,1;0,0;0,0;229,6
2005-09-22 20:00:00;6356;20;18,5;16,1;0,0;0,0;235,9
2005-09-22 21:00:00;6357;21;16,8;16,1;0,0;0,0;220,0
2005-09-22 22:00:00;6358;22;16,0;16,1;0,0;0,0;132,4
2005-09-22 23:00:00;6359;23;15,3;16,1;0,0;0,0;83,0
2005-09-23 00:00:00;6360;0;14,4;18,5;0,0;0,0;57,4
2005-09-23 01:00:00;6361;1;13,8;18,5;0,0;0,0;31,0
2005-09-23 02:00:00;6362;2;13,2;18,5;0,0;0,0;12,2
2005-09-23 03:00:00;6363;3;12,7;18,5;0,0;0,0;8,8
2005-09-23 04:00:00;6364;4;12,4;18,5;0,0;0,0;26,4
2005-09-23 05:00:00;6365;5;12,5;18,5;0,0;0,0;66,2
2005-09-23 06:00:00;6366;6;13,3;18,5;0,0;0,0;178,9
2005-09-23 07:00:00;6367;7;14,1;18,5;0,0;0,0;191,5
2005-09-23 08:00:00;6368;8;15,6;18,5;0,0;0,0;192,3
2005-09-23 09:00:00;6369;9;17,3;18,5;0,0;0,0;201,6
2005-09-23 10:00:00;6370;10;19,8;18,5;0,0;0,0;192,3
2005-09-23 11:00:00;6371;11;21,8;18,5;0,0;0,0;186,5
2005-09-23 12:00:00;6372;12;22,8;18,5;0,0;0,0;172,6
2005-09-23 13:00:00;6373;13;22,9;18,5;0,0;0,0;151,7
2005-09-23 14:00:00;6374;14;23,9;18,5;0,0;0,0;138,3
2005-09-23 15:00:00;6375;15;24,2;18,5;0,0;0,0;129,1
2005-09-23 16:00:00;6376;16;24,2;18,5;0,0;0,0;134,1
2005-09-23 17:00:00;6377;17;23,4;18,5;0,0;0,0;166,4
2005-09-23 18:00:00;6378;18;22,3;18,5;0,0;0,0;185,6
2005-09-23 19:00:00;6379;19;20,9;18,5;0,0;0,0;229,6
2005-09-23 20:00:00;6380;20;20,3;18,5;0,0;0,0;235,9
2005-09-23 21:00:00;6381;21;19,9;18,5;0,0;0,0;220,0
2005-09-23 22:00:00;6382;22;19,3;18,5;0,0;0,0;132,4
2005-09-23 23:00:00;6383;23;18,8;18,5;0,0;0,0;83,0
2005-09-24 00:00:00;6384;0;18,8;19,0;0,0;0,0;57,4
2005-09-24 01:00:00;6385;1;18,7;19,0;0,0;0,0;31,0
2005-09-24 02:00:00;6386;2;17,7;19,0;0,0;0,0;12,2
2005-09-24 03:00:00;6387;3;17,8;19,0;0,0;0,0;8,8
2005-09-24 04:00:00;6388;4;17,4;19,0;0,0;0,0;26,4
2005-09-24 05:00:00;6389;5;17,5;19,0;0,0;0,0;66,2
2005-09-24 06:00:00;6390;6;17,8;19,0;0,0;0,0;178,9
2005-09-24 07:00:00;6391;7;17,5;19,0;0,0;0,0;191,5
2005-09-24 08:00:00;6392;8;18,4;19,0;0,0;0,0;192,3
2005-09-24 09:00:00;6393;9;19,3;19,0;0,0;0,0;201,6
2005-09-24 10:00:00;6394;10;19,9;19,0;0,0;0,0;192,3
2005-09-24 11:00:00;6395;11;21,1;19,0;0,0;0,0;186,5
2005-09-24 12:00:00;6396;12;21,3;19,0;0,0;0,0;172,6
2005-09-24 13:00:00;6397;13;22,0;19,0;0,0;0,0;151,7
2005-09-24 14:00:00;6398;14;22,0;19,0;0,0;0,0;138,3
2005-09-24 15:00:00;6399;15;21,3;19,0;0,0;0,0;129,1
2005-09-24 16:00:00;6400;16;21,2;19,0;0,0;0,0;134,1
2005-09-24 17:00:00;6401;17;20,5;19,0;0,0;0,0;166,4
2005-09-24 18:00:00;6402;18;19,6;19,0;0,0;0,0;185,6
2005-09-24 19:00:00;6403;19;18,2;19,0;0,0;0,0;229,6
2005-09-24 20:00:00;6404;20;17,6;19,0;0,0;0,0;235,9
2005-09-24 21:00:00;6405;21;17,2;19,0;0,0;0,0;220,0
2005-09-24 22:00:00;6406;22;17,5;19,0;0,0;0,0;132,4
2005-09-24 23:00:00;6407;23;16,6;19,0;0,0;0,0;83,0
2005-09-25 00:00:00;6408;0;16,2;16,8;0,0;0,0;57,4
2005-09-25 01:00:00;6409;1;15,8;16,8;0,0;0,0;31,0
2005-09-25 02:00:00;6410;2;15,4;16,8;0,0;0,0;12,2
2005-09-25 03:00:00;6411;3;15,6;16,8;0,0;0,0;8,8
2005-09-25 04:00:00;6412;4;14,8;16,8;0,0;0,0;26,4
2005-09-25 05:00:00;6413;5;15,0;16,8;0,0;0,0;66,2
2005-09-25 06:00:00;6414;6;15,2;16,8;0,0;0,0;178,9
2005-09-25 07:00:00;6415;7;15,5;16,8;0,0;0,0;191,5
2005-09-25 08:00:00;6416;8;16,5;16,8;0,0;0,0;192,3
2005-09-25 09:00:00;6417;9;18,1;16,8;0,0;0,0;201,6
2005-09-25 10:00:00;6418;10;18,2;16,8;0,0;0,0;192,3
2005-09-25 11:00:00;6419;11;19,4;16,8;0,0;0,0;186,5
2005-09-25 12:00:00;6420;12;20,6;16,8;0,0;0,0;172,6
2005-09-25 13:00:00;6421;13;20,6;16,8;0,0;0,0;151,7
2005-09-25 14:00:00;6422;14;20,6;16,8;0,0;0,0;138,3
2005-09-25 15:00:00;6423;15;20,4;16,8;0,0;0,0;129,1
2005-09-25 16:00:00;6424;16;19,6;16,8;0,0;0,0;134,1
2005-09-25 17:00:00;6425;17;18,6;16,8;0,0;0,0;166,4
2005-09-25 18:00:00;6426;18;17,6;16,8;0,0;0,0;185,6
2005-09-25 19:00:00;6427;19;16,5;16,8;0,0;0,0;229,6
2005-09-25 20:00:00;6428;20;15,4;16,8;0,0;0,0;235,9
2005-09-25 21:00:00;6429;21;14,1;16,8;0,0;0,0;220,0
2005-09-25 22:00:00;6430;22;12,5;16,8;0,0;0,0;132,4
2005-09-25 23:00:00;6431;23;11,9;16,8;0,0;0,0;83,0
2005-09-26 00:00:00;6432;0;11,0;14,5;0,0;0,0;57,4
2005-09-26 01:00:00;6433;1;10,7;14,5;0,0;0,0;31,0
2005-09-26 02:00:00;6434;2;10,8;14,5;0,0;0,0;12,2
2005-09-26 03:00:00;6435;3;10,6;14,5;0,0;0,0;8,8
2005-09-26 04:00:00;6436;4;9,9;14,5;0,0;0,0;26,4
2005-09-26 05:00:00;6437;5;9,6;14,5;0,0;0,0;66,2
2005-09-26 06:00:00;6438;6;10,3;14,5;0,0;0,0;178,9
2005-09-26 07:00:00;6439;7;10,7;14,5;0,0;0,0;191,5
2005-09-26 08:00:00;6440;8;12,1;14,5;0,0;0,0;192,3
2005-09-26 09:00:00;6441;9;13,1;14,5;0,0;0,0;201,6
2005-09-26 10:00:00;6442;10;15,2;14,5;0,0;0,0;192,3
2005-09-26 11:00:00;6443;11;16,8;14,5;0,0;0,0;186,5
2005-09-26 12:00:00;6444;12;17,3;14,5;0,0;0,0;172,6
2005-09-26 13:00:00;6445;13;18,3;14,5;0,0;0,0;151,7
2005-09-26 14:00:00;6446;14;19,4;14,5;0,0;0,0;138,3
2005-09-26 15:00:00;6447;15;19,0;14,5;0,0;0,0;129,1
2005-09-26 16:00:00;6448;16;18,5;14,5;0,0;0,0;134,1
2005-09-26 17:00:00;6449;17;19,1;14,5;0,0;0,0;166,4
2005-09-26 18:00:00;6450;18;17,9;14,5;0,0;0,0;185,6
2005-09-26 19:00:00;6451;19;17,2;14,5;0,0;0,0;229,6
2005-09-26 20:00:00;6452;20;16,6;14,5;0,0;0,0;235,9
2005-09-26 21:00:00;6453;21;15,6;14,5;0,0;0,0;220,0
2005-09-26 22:00:00;6454;22;14,9;14,5;0,0;0,0;132,4
2005-09-26 23:00:00;6455;23;14,4;14,5;0,0;0,0;83,0
2005-09-27 00:00:00;6456;0;13,4;17,8;0,0;0,0;57,4
2005-09-27 01:00:00;6457;1;13,7;17,8;0,0;0,0;31,0
2005-09-27 02:00:00;6458;2;12,9;17,8;0,0;0,0;12,2
2005-09-27 03:00:00;6459;3;12,6;17,8;0,0;0,0;8,8
2005-09-27 04:00:00;6460;4;12,7;17,8;0,0;0,0;26,4
2005-09-27 05:00:00;6461;5;12,8;17,8;0,0;0,0;66,2
2005-09-27 06:00:00;6462;6;13,8;17,8;0,0;0,0;178,9
2005-09-27 07:00:00;6463;7;14,0;17,8;0,0;0,0;191,5
2005-09-27 08:00:00;6464;8;15,0;17,8;0,0;0,0;192,3
2005-09-27 09:00:00;6465;9;16,3;17,8;0,0;0,0;201,6
2005-09-27 10:00:00;6466;10;18,1;17,8;0,0;0,0;192,3
2005-09-27 11:00:00;6467;11;19,4;17,8;0,0;0,0;186,5
2005-09-27 12:00:00;6468;12;20,6;17,8;0,0;0,0;172,6
2005-09-27 13:00:00;6469;13;22,4;17,8;0,0;0,0;151,7
2005-09-27 14:00:00;6470;14;23,4;17,8;0,0;0,0;138,3
2005-09-27 15:00:00;6471;15;23,5;17,8;0,0;0,0;129,1
2005-09-27 16:00:00;6472;16;23,6;17,8;0,0;0,0;134,1
2005-09-27 17:00:00;6473;17;22,6;17,8;0,0;0,0;166,4
2005-09-27 18:00:00;6474;18;21,6;17,8;0,0;0,0;185,6
2005-09-27 19:00:00;6475;19;20,5;17,8;0,0;0,0;229,6
2005-09-27 20:00:00;6476;20;19,9;17,8;0,0;0,0;235,9
2005-09-27 21:00:00;6477;21;18,7;17,8;0,0;0,0;220,0
2005-09-27 22:00:00;6478;22;18,1;17,8;0,0;0,0;132,4
2005-09-27 23:00:00;6479;23;17,6;17,8;0,0;0,0;83,0
2005-09-28 00:00:00;6480;0;17,5;17,7;0,0;0,0;57,4
2005-09-28 01:00:00;6481;1;16,5;17,7;0,0;0,0;31,0
2005-09-28 02:00:00;6482;2;15,6;17,7;0,0;0,0;12,2
2005-09-28 03:00:00;6483;3;15,3;17,7;0,0;0,0;8,8
2005-09-28 04:00:00;6484;4;14,7;17,7;0,0;0,0;26,4
2005-09-28 05:00:00;6485;5;14,3;17,7;0,0;0,0;66,2
2005-09-28 06:00:00;6486;6;14,0;17,7;0,0;0,0;178,9
2005-09-28 07:00:00;6487;7;14,2;17,7;0,0;0,0;191,5
2005-09-28 08:00:00;6488;8;15,2;17,7;0,0;0,0;192,3
2005-09-28 09:00:00;6489;9;16,9;17,7;0,0;0,0;201,6
2005-09-28 10:00:00;6490;10;18,8;17,7;0,0;0,0;192,3
2005-09-28 11:00:00;6491;11;20,1;17,7;0,0;0,0;186,5
2005-09-28 12:00:00;6492;12;21,5;17,7;0,0;0,0;172,6
2005-09-28 13:00:00;6493;13;22,2;17,7;0,0;0,0;151,7
2005-09-28 14:00:00;6494;14;22,3;17,7;0,0;0,0;138,3
2005-09-28 15:00:00;6495;15;22,1;17,7;0,0;0,0;129,1
2005-09-28 16:00:00;6496;16;21,4;17,7;0,0;0,0;134,1
2005-09-28 17:00:00;6497;17;20,3;17,7;0,0;0,0;166,4
2005-09-28 18:00:00;6498;18;19,7;17,7;0,0;0,0;185,6
2005-09-28 19:00:00;6499;19;18,8;17,7;0,0;0,0;229,6
2005-09-28 20:00:00;6500;20;17,4;17,7;0,0;0,0;235,9
2005-09-28 21:00:00;6501;21;16,3;17,7;0,0;0,0;220,0
2005-09-28 22:00:00;6502;22;15,6;17,7;0,0;0,0;132,4
2005-09-28 23:00:00;6503;23;14,7;17,7;0,0;0,0;83,0
2005-09-29 00:00:00;6504;0;14,2;16,1;0,0;0,0;57,4
2005-09-29 01:00:00;6505;1;13,9;16,1;0,0;0,0;31,0
2005-09-29 02:00:00;6506;2;13,7;16,1;0,0;0,0;12,2
2005-09-29 03:00:00;6507;3;13,0;16,1;0,0;0,0;8,8
2005-09-29 04:00:00;6508;4;12,8;16,1;0,0;0,0;26,4
2005-09-29 05:00:00;6509;5;12,7;16,1;0,0;0,0;66,2
2005-09-29 06:00:00;6510;6;13,1;16,1;0,0;0,0;178,9
2005-09-29 07:00:00;6511;7;13,7;16,1;0,0;0,0;191,5
2005-09-29 08:00:00;6512;8;14,9;16,1;0,0;0,0;192,3
2005-09-29 09:00:00;6513;9;16,2;16,1;0,0;0,0;201,6
2005-09-29 10:00:00;6514;10;17,3;16,1;0,0;0,0;192,3
2005-09-29 11:00:00;6515;11;18,4;16,1;0,0;0,0;186,5
2005-09-29 12:00:00;6516;12;19,4;16,1;0,0;0,0;172,6
2005-09-29 13:00:00;6517;13;20,3;16,1;0,0;0,0;151,7
2005-09-29 14:00:00;6518;14;19,3;16,1;0,0;0,0;138,3
2005-09-29 15:00:00;6519;15;18,9;16,1;0,0;0,0;129,1
2005-09-29 16:00:00;6520;16;18,9;16,1;0,0;0,0;134,1
2005-09-29 17:00:00;6521;17;18,6;16,1;0,0;0,0;166,4
2005-09-29 18:00:00;6522;18;18,3;16,1;0,0;0,0;185,6
2005-09-29 19:00:00;6523;19;16,9;16,1;0,0;0,0;229,6
2005-09-29 20:00:00;6524;20;16,4;16,1;0,0;0,0;235,9
2005-09-29 21:00:00;6525;21;15,4;16,1;0,0;0,0;220,0
2005-09-29 22:00:00;6526;22;15,1;16,1;0,0;0,0;132,4
2005-09-29 23:00:00;6527;23;14,6;16,1;0,0;0,0;83,0
2005-09-30 00:00:00;6528;0;13,8;14,8;0,0;0,0;57,4
2005-09-30 01:00:00;6529;1;13,6;14,8;0,0;0,0;31,0
2005-09-30 02:00:00;6530;2;14,1;14,8;0,0;0,0;12,2
2005-09-30 03:00:00;6531;3;14,1;14,8;0,0;0,0;8,8
2005-09-30 04:00:00;6532;4;13,7;14,8;0,0;0,0;26,4
2005-09-30 05:00:00;6533;5;14,1;14,8;0,0;0,0;66,2
2005-09-30 06:00:00;6534;6;14,1;14,8;0,0;0,0;178,9
2005-09-30 07:00:00;6535;7;14,1;14,8;0,0;0,0;191,5
2005-09-30 08:00:00;6536;8;14,8;14,8;0,0;0,0;192,3
2005-09-30 09:00:00;6537;9;16,0;14,8;0,0;0,0;201,6
2005-09-30 10:00:00;6538;10;16,7;14,8;0,0;0,0;192,3
2005-09-30 11:00:00;6539;11;17,2;14,8;0,0;0,0;186,5
2005-09-30 12:00:00;6540;12;17,3;14,8;0,0;0,0;172,6
2005-09-30 13:00:00;6541;13;17,3;14,8;0,0;0,0;151,7
2005-09-30 14:00:00;6542;14;17,4;14,8;0,0;0,0;138,3
2005-09-30 15:00:00;6543;15;16,8;14,8;0,0;0,0;129,1
2005-09-30 16:00:00;6544;16;16,4;14,8;0,0;0,0;134,1
2005-09-30 17:00:00;6545;17;15,6;14,8;0,0;0,0;166,4
2005-09-30 18:00:00;6546;18;15,1;14,8;0,0;0,0;185,6
2005-09-30 19:00:00;6547;19;14,1;14,8;0,0;0,0;229,6
2005-09-30 20:00:00;6548;20;13,3;14,8;0,0;0,0;235,9
2005-09-30 21:00:00;6549;21;12,7;14,8;0,0;0,0;220,0
2005-09-30 22:00:00;6550;22;12,0;14,8;0,0;0,0;132,4
2005-09-30 23:00:00;6551;23;12,0;14,8;0,0;0,0;83,0
2005-10-01 00:00:00;6552;0;12,9;16,1;6,8;0,0;57,4
2005-10-01 01:00:00;6553;1;12,5;16,1;7,4;0,0;31,0
2005-10-01 02:00:00;6554;2;12,6;16,1;7,3;0,0;12,2
2005-10-01 03:00:00;6555;3;13,0;16,1;6,7;0,0;8,8
2005-10-01 04:00:00;6556;4;12,8;16,1;6,9;0,0;26,4
2005-10-01 05:00:00;6557;5;12,8;16,1;7,0;0,0;66,2
2005-10-01 06:00:00;6558;6;12,7;16,1;7,2;0,0;178,9
2005-10-01 07:00:00;6559;7;12,9;16,1;13,4;0,0;191,5
2005-10-01 08:00:00;6560;8;14,1;16,1;11,5;0,0;192,3
2005-10-01 09:00:00;6561;9;14,9;16,1;10,2;0,0;201,6
2005-10-01 10:00:00;6562;10;15,7;16,1;8,8;0,0;192,3
2005-10-01 11:00:00;6563;11;17,0;16,1;6,6;0,0;186,5
2005-10-01 12:00:00;6564;12;18,6;16,1;4,1;0,0;172,6
2005-10-01 13:00:00;6565;13;19,6;16,1;2,4;0,0;151,7
2005-10-01 14:00:00;6566;14;20,3;16,1;1,1;0,0;138,3
2005-10-01 15:00:00;6567;15;21,0;16,1;0,1;0,0;129,1
2005-10-01 16:00:00;6568;16;19,9;16,1;1,8;0,0;134,1
2005-10-01 17:00:00;6569;17;19,4;16,1;2,7;0,0;166,4
2005-10-01 18:00:00;6570;18;18,4;16,1;4,3;0,0;185,6
2005-10-01 19:00:00;6571;19;18,0;16,1;5,0;0,0;229,6
2005-10-01 20:00:00;6572;20;18,0;16,1;5,0;0,0;235,9
2005-10-01 21:00:00;6573;21;17,4;16,1;6,0;0,0;220,0
2005-10-01 22:00:00;6574;22;16,6;16,1;7,2;0,0;132,4
2005-10-01 23:00:00;6575;23;16,3;16,1;7,8;0,0;83,0
2005-10-02 00:00:00;6576;0;16,0;13,3;2,0;0,0;57,4
2005-10-02 01:00:00;6577;1;15,4;13,3;9,0;0,0;31,0
2005-10-02 02:00:00;6578;2;15,4;13,3;9,8;0,0;12,2
2005-10-02 03:00:00;6579;3;15,3;13,3;10,7;0,0;8,8
2005-10-02 04:00:00;6580;4;14,7;13,3;18,3;0,0;26,4
2005-10-02 05:00:00;6581;5;14,0;13,3;27,5;0,0;66,2
2005-10-02 06:00:00;6582;6;13,9;13,3;29,2;0,0;178,9
2005-10-02 07:00:00;6583;7;13,6;13,3;84,5;0,0;191,5
2005-10-02 08:00:00;6584;8;13,5;13,3;84,9;0,0;192,3
2005-10-02 09:00:00;6585;9;14,0;13,3;78,8;0,0;201,6
2005-10-02 10:00:00;6586;10;14,1;13,3;77,0;0,0;192,3
2005-10-02 11:00:00;6587;11;14,2;13,3;76,0;0,0;186,5
2005-10-02 12:00:00;6588;12;14,7;13,3;69,4;0,0;172,6
2005-10-02 13:00:00;6589;13;14,5;13,3;72,5;0,0;151,7
2005-10-02 14:00:00;6590;14;15,1;13,3;64,3;0,0;138,3
2005-10-02 15:00:00;6591;15;14,8;13,3;68,2;0,0;129,1
2005-10-02 16:00:00;6592;16;14,3;13,3;75,0;0,0;134,1
2005-10-02 17:00:00;6593;17;12,6;13,3;97,2;0,0;166,4
2005-10-02 18:00:00;6594;18;11,6;13,3;110,2;0,0;185,6
2005-10-02 19:00:00;6595;19;11,0;13,3;117,8;0,0;229,6
2005-10-02 20:00:00;6596;20;10,2;13,3;128,1;0,0;235,9
2005-10-02 21:00:00;6597;21;9,0;13,3;142,9;0,0;220,0
2005-10-02 22:00:00;6598;22;8,5;13,3;149,5;0,0;132,4
2005-10-02 23:00:00;6599;23;8,0;13,3;155,8;0,0;83,0
2005-10-03 00:00:00;6600;0;7,7;7,2;109,0;0,0;57,4
2005-10-03 01:00:00;6601;1;7,1;7,2;116,1;0,0;31,0
2005-10-03 02:00:00;6602;2;7,0;7,2;116,8;0,0;12,2
2005-10-03 03:00:00;6603;3;7,0;7,2;117,5;0,0;8,8
2005-10-03 04:00:00;6604;4;7,1;7,2;116,2;0,0;26,4
2005-10-03 05:00:00;6605;5;6,6;7,2;122,4;0,0;66,2
2005-10-03 06:00:00;6606;6;6,1;7,2;128,3;0,0;178,9
2005-10-03 07:00:00;6607;7;5,6;7,2;186,5;0,0;191,5
2005-10-03 08:00:00;6608;8;6,2;7,2;179,2;0,0;192,3
2005-10-03 09:00:00;6609;9;7,3;7,2;165,1;0,0;201,6
2005-10-03 10:00:00;6610;10;7,9;7,2;156,7;0,0;192,3
2005-10-03 11:00:00;6611;11;9,3;7,2;138,7;0,0;186,5
2005-10-03 12:00:00;6612;12;9,5;7,2;137,1;0,0;172,6
2005-10-03 13:00:00;6613;13;9,4;7,2;137,6;0,0;151,7
2005-10-03 14:00:00;6614;14;9,4;7,2;138,2;0,0;138,3
2005-10-03 15:00:00;6615;15;9,0;7,2;143,6;0,0;129,1
2005-10-03 16:00:00;6616;16;8,4;7,2;150,2;0,0;134,1
2005-10-03 17:00:00;6617;17;8,0;7,2;155,7;0,0;166,4
2005-10-03 18:00:00;6618;18;7,4;7,2;163,6;0,0;185,6
2005-10-03 19:00:00;6619;19;6,4;7,2;176,1;0,0;229,6
2005-10-03 20:00:00;6620;20;5,5;7,2;188,5;0,0;235,9
2005-10-03 21:00:00;6621;21;4,6;7,2;200,3;0,0;220,0
2005-10-03 22:00:00;6622;22;4,9;7,2;195,9;0,0;132,4
2005-10-03 23:00:00;6623;23;4,5;7,2;201,0;0,0;83,0
2005-10-04 00:00:00;6624;0;4,4;6,1;150,8;0,0;57,4
2005-10-04 01:00:00;6625;1;4,3;6,1;152,7;0,0;31,0
2005-10-04 02:00:00;6626;2;4,1;6,1;154,1;0,0;12,2
2005-10-04 03:00:00;6627;3;4,4;6,1;150,3;0,0;8,8
2005-10-04 04:00:00;6628;4;4,3;6,1;152,6;0,0;26,4
2005-10-04 05:00:00;6629;5;4,3;6,1;151,9;0,0;66,2
2005-10-04 06:00:00;6630;6;4,1;6,1;154,3;0,0;178,9
2005-10-04 07:00:00;6631;7;4,7;6,1;197,8;0,0;191,5
2005-10-04 08:00:00;6632;8;4,7;6,1;198,3;0,0;192,3
2005-10-04 09:00:00;6633;9;5,3;6,1;190,5;0,0;201,6
2005-10-04 10:00:00;6634;10;6,4;6,1;176,5;0,0;192,3
2005-10-04 11:00:00;6635;11;7,7;6,1;159,3;0,0;186,5
2005-10-04 12:00:00;6636;12;8,7;6,1;146,8;0,0;172,6
2005-10-04 13:00:00;6637;13;9,5;6,1;136,6;0,0;151,7
2005-10-04 14:00:00;6638;14;10,1;6,1;129,0;0,0;138,3
2005-10-04 15:00:00;6639;15;10,0;6,1;129,9;0,0;129,1
2005-10-04 16:00:00;6640;16;9,1;6,1;141,9;0,0;134,1
2005-10-04 17:00:00;6641;17;7,9;6,1;157,3;0,0;166,4
2005-10-04 18:00:00;6642;18;6,7;6,1;172,5;0,0;185,6
2005-10-04 19:00:00;6643;19;5,5;6,1;187,5;0,0;229,6
2005-10-04 20:00:00;6644;20;5,1;6,1;193,2;0,0;235,9
2005-10-04 21:00:00;6645;21;5,0;6,1;193,9;0,0;220,0
2005-10-04 22:00:00;6646;22;4,6;6,1;199,5;0,0;132,4
2005-10-04 23:00:00;6647;23;4,6;6,1;200,0;0,0;83,0
2005-10-05 00:00:00;6648;0;4,0;7,4;155,3;0,0;57,4
2005-10-05 01:00:00;6649;1;4,0;7,4;155,6;0,0;31,0
2005-10-05 02:00:00;6650;2;3,9;7,4;157,4;0,0;12,2
2005-10-05 03:00:00;6651;3;4,0;7,4;156,3;0,0;8,8
2005-10-05 04:00:00;6652;4;4,1;7,4;155,1;0,0;26,4
2005-10-05 05:00:00;6653;5;4,0;7,4;156,1;0,0;66,2
2005-10-05 06:00:00;6654;6;4,7;7,4;147,2;0,0;178,9
2005-10-05 07:00:00;6655;7;5,2;7,4;191,9;0,0;191,5
2005-10-05 08:00:00;6656;8;5,8;7,4;184,5;0,0;192,3
2005-10-05 09:00:00;6657;9;7,8;7,4;158,6;0,0;201,6
2005-10-05 10:00:00;6658;10;9,1;7,4;141,6;0,0;192,3
2005-10-05 11:00:00;6659;11;10,5;7,4;123,5;0,0;186,5
2005-10-05 12:00:00;6660;12;11,0;7,4;117,5;0,0;172,6
2005-10-05 13:00:00;6661;13;12,3;7,4;100,3;0,0;151,7
2005-10-05 14:00:00;6662;14;12,7;7,4;95,4;0,0;138,3
2005-10-05 15:00:00;6663;15;12,7;7,4;96,0;0,0;129,1
2005-10-05 16:00:00;6664;16;12,0;7,4;104,7;0,0;134,1
2005-10-05 17:00:00;6665;17;10,5;7,4;123,7;0,0;166,4
2005-10-05 18:00:00;6666;18;8,8;7,4;146,1;0,0;185,6
2005-10-05 19:00:00;6667;19;7,8;7,4;158,7;0,0;229,6
2005-10-05 20:00:00;6668;20;6,2;7,4;179,6;0,0;235,9
2005-10-05 21:00:00;6669;21;6,2;7,4;179,5;0,0;220,0
2005-10-05 22:00:00;6670;22;5,6;7,4;187,1;0,0;132,4
2005-10-05 23:00:00;6671;23;4,7;7,4;197,9;0,0;83,0
2005-10-06 00:00:00;6672;0;4,8;7,6;145,5;0,0;57,4
2005-10-06 01:00:00;6673;1;4,7;7,6;146,3;0,0;31,0
2005-10-06 02:00:00;6674;2;4,9;7,6;144,9;0,0;12,2
2005-10-06 03:00:00;6675;3;4,6;7,6;148,3;0,0;8,8
2005-10-06 04:00:00;6676;4;4,0;7,6;156,3;0,0;26,4
2005-10-06 05:00:00;6677;5;3,9;7,6;157,7;0,0;66,2
2005-10-06 06:00:00;6678;6;3,7;7,6;159,8;0,0;178,9
2005-10-06 07:00:00;6679;7;4,5;7,6;200,3;0,0;191,5
2005-10-06 08:00:00;6680;8;5,0;7,6;194,9;0,0;192,3
2005-10-06 09:00:00;6681;9;5,7;7,6;185,5;0,0;201,6
2005-10-06 10:00:00;6682;10;7,1;7,6;167,4;0,0;192,3
2005-10-06 11:00:00;6683;11;8,7;7,6;147,4;0,0;186,5
2005-10-06 12:00:00;6684;12;10,4;7,6;125,0;0,0;172,6
2005-10-06 13:00:00;6685;13;11,5;7,6;111,1;0,0;151,7
2005-10-06 14:00:00;6686;14;12,0;7,6;104,6;0,0;138,3
2005-10-06 15:00:00;6687;15;11,6;7,6;110,1;0,0;129,1
2005-10-06 16:00:00;6688;16;11,9;7,6;105,9;0,0;134,1
2005-10-06 17:00:00;6689;17;10,7;7,6;121,6;0,0;166,4
2005-10-06 18:00:00;6690;18;9,6;7,6;135,7;0,0;185,6
2005-10-06 19:00:00;6691;19;8,9;7,6;144,8;0,0;229,6
2005-10-06 20:00:00;6692;20;8,4;7,6;150,4;0,0;235,9
2005-10-06 21:00:00;6693;21;9,1;7,6;141,6;0,0;220,0
2005-10-06 22:00:00;6694;22;8,2;7,6;153,5;0,0;132,4
2005-10-06 23:00:00;6695;23;7,7;7,6;160,1;0,0;83,0
2005-10-07 00:00:00;6696;0;7,6;7,1;110,3;0,0;57,4
2005-10-07 01:00:00;6697;1;7,1;7,1;116,6;0,0;31,0
2005-10-07 02:00:00;6698;2;6,9;7,1;118,2;0,0;12,2
2005-10-07 03:00:00;6699;3;6,6;7,1;123,0;0,0;8,8
2005-10-07 04:00:00;6700;4;6,2;7,1;127,8;0,0;26,4
2005-10-07 05:00:00;6701;5;5,7;7,1;134,1;0,0;66,2
2005-10-07 06:00:00;6702;6;5,9;7,1;131,7;0,0;178,9
2005-10-07 07:00:00;6703;7;6,0;7,1;181,8;0,0;191,5
2005-10-07 08:00:00;6704;8;6,3;7,1;177,8;0,0;192,3
2005-10-07 09:00:00;6705;9;7,6;7,1;161,6;0,0;201,6
2005-10-07 10:00:00;6706;10;8,4;7,1;150,3;0,0;192,3
2005-10-07 11:00:00;6707;11;9,2;7,1;140,0;0,0;186,5
2005-10-07 12:00:00;6708;12;9,5;7,1;136,3;0,0;172,6
2005-10-07 13:00:00;6709;13;10,3;7,1;126,1;0,0;151,7
2005-10-07 14:00:00;6710;14;10,2;7,1;128,2;0,0;138,3
2005-10-07 15:00:00;6711;15;10,1;7,1;128,3;0,0;129,1
2005-10-07 16:00:00;6712;16;9,4;7,1;137,9;0,0;134,1
2005-10-07 17:00:00;6713;17;8,0;7,1;156,4;0,0;166,4
2005-10-07 18:00:00;6714;18;6,6;7,1;174,3;0,0;185,6
2005-10-07 19:00:00;6715;19;5,4;7,1;189,4;0,0;229,6
2005-10-07 20:00:00;6716;20;5,4;7,1;188,8;0,0;235,9
2005-10-07 21:00:00;6717;21;4,5;7,1;201,1;0,0;220,0
2005-10-07 22:00:00;6718;22;3,8;7,1;209,7;0,0;132,4
2005-10-07 23:00:00;6719;23;3,4;7,1;215,3;0,0;83,0
2005-10-08 00:00:00;6720;0;3,2;5,7;166,7;0,0;57,4
2005-10-08 01:00:00;6721;1;3,2;5,7;166,1;0,0;31,0
2005-10-08 02:00:00;6722;2;3,2;5,7;165,9;0,0;12,2
2005-10-08 03:00:00;6723;3;3,3;5,7;165,3;0,0;8,8
2005-10-08 04:00:00;6724;4;3,0;5,7;168,7;0,0;26,4
2005-10-08 05:00:00;6725;5;2,4;5,7;176,5;0,0;66,2
2005-10-08 06:00:00;6726;6;2,3;5,7;177,8;0,0;178,9
2005-10-08 07:00:00;6727;7;2,3;5,7;229,8;0,0;191,5
2005-10-08 08:00:00;6728;8;3,1;5,7;218,8;0,0;192,3
2005-10-08 09:00:00;6729;9;4,8;5,7;197,2;0,0;201,6
2005-10-08 10:00:00;6730;10;5,8;5,7;183,7;0,0;192,3
2005-10-08 11:00:00;6731;11;7,0;5,7;169,4;0,0;186,5
2005-10-08 12:00:00;6732;12;8,1;5,7;154,3;0,0;172,6
2005-10-08 13:00:00;6733;13;9,0;5,7;143,2;0,0;151,7
2005-10-08 14:00:00;6734;14;9,9;5,7;131,2;0,0;138,3
2005-10-08 15:00:00;6735;15;9,2;5,7;140,4;0,0;129,1
2005-10-08 16:00:00;6736;16;9,3;5,7;139,1;0,0;134,1
2005-10-08 17:00:00;6737;17;8,6;5,7;147,9;0,0;166,4
2005-10-08 18:00:00;6738;18;7,6;5,7;160,5;0,0;185,6
2005-10-08 19:00:00;6739;19;7,0;5,7;169,0;0,0;229,6
2005-10-08 20:00:00;6740;20;6,6;5,7;174,4;0,0;235,9
2005-10-08 21:00:00;6741;21;6,4;5,7;176,4;0,0;220,0
2005-10-08 22:00:00;6742;22;6,0;5,7;181,8;0,0;132,4
2005-10-08 23:00:00;6743;23;6,0;5,7;181,9;0,0;83,0
2005-10-09 00:00:00;6744;0;5,9;8,5;131,3;0,0;57,4
2005-10-09 01:00:00;6745;1;5,8;8,5;132,4;0,0;31,0
2005-10-09 02:00:00;6746;2;6,1;8,5;128,6;0,0;12,2
2005-10-09 03:00:00;6747;3;6,1;8,5;129,5;0,0;8,8
2005-10-09 04:00:00;6748;4;6,2;8,5;128,1;0,0;26,4
2005-10-09 05:00:00;6749;5;6,1;8,5;128,5;0,0;66,2
2005-10-09 06:00:00;6750;6;5,8;8,5;132,7;0,0;178,9
2005-10-09 07:00:00;6751;7;5,5;8,5;188,1;0,0;191,5
2005-10-09 08:00:00;6752;8;6,3;8,5;177,9;0,0;192,3
2005-10-09 09:00:00;6753;9;7,3;8,5;164,6;0,0;201,6
2005-10-09 10:00:00;6754;10;8,8;8,5;145,2;0,0;192,3
2005-10-09 11:00:00;6755;11;9,9;8,5;131,9;0,0;186,5
2005-10-09 12:00:00;6756;12;11,0;8,5;117,1;0,0;172,6
2005-10-09 13:00:00;6757;13;11,8;8,5;107,7;0,0;151,7
2005-10-09 14:00:00;6758;14;12,4;8,5;99,7;0,0;138,3
2005-10-09 15:00:00;6759;15;12,6;8,5;97,3;0,0;129,1
2005-10-09 16:00:00;6760;16;12,2;8,5;101,9;0,0;134,1
2005-10-09 17:00:00;6761;17;11,3;8,5;114,0;0,0;166,4
2005-10-09 18:00:00;6762;18;10,0;8,5;129,6;0,0;185,6
2005-10-09 19:00:00;6763;19;9,9;8,5;131,1;0,0;229,6
2005-10-09 20:00:00;6764;20;9,3;8,5;139,7;0,0;235,9
2005-10-09 21:00:00;6765;21;8,7;8,5;146,9;0,0;220,0
2005-10-09 22:00:00;6766;22;8,0;8,5;155,8;0,0;132,4
2005-10-09 23:00:00;6767;23;7,1;8,5;167,4;0,0;83,0
2005-10-10 00:00:00;6768;0;6,7;7,4;121,4;0,0;57,4
2005-10-10 01:00:00;6769;1;6,0;7,4;130,5;0,0;31,0
2005-10-10 02:00:00;6770;2;5,6;7,4;135,0;0,0;12,2
2005-10-10 03:00:00;6771;3;5,3;7,4;139,8;0,0;8,8
2005-10-10 04:00:00;6772;4;4,7;7,4;146,9;0,0;26,4
2005-10-10 05:00:00;6773;5;4,1;7,4;154,3;0,0;66,2
2005-10-10 06:00:00;6774;6;4,0;7,4;155,9;0,0;178,9
2005-10-10 07:00:00;6775;7;4,2;7,4;205,1;0,0;191,5
2005-10-10 08:00:00;6776;8;5,0;7,4;194,5;0,0;192,3
2005-10-10 09:00:00;6777;9;6,2;7,4;178,6;0,0;201,6
2005-10-10 10:00:00;6778;10;8,0;7,4;156,3;0,0;192,3
2005-10-10 11:00:00;6779;11;9,0;7,4;142,5;0,0;186,5
2005-10-10 12:00:00;6780;12;10,1;7,4;129,1;0,0;172,6
2005-10-10 13:00:00;6781;13;11,3;7,4;113,0;0,0;151,7
2005-10-10 14:00:00;6782;14;12,0;7,4;104,8;0,0;138,3
2005-10-10 15:00:00;6783;15;11,7;7,4;108,4;0,0;129,1
2005-10-10 16:00:00;6784;16;10,5;7,4;123,9;0,0;134,1
2005-10-10 17:00:00;6785;17;9,9;7,4;130,9;0,0;166,4
2005-10-10 18:00:00;6786;18;8,0;7,4;155,9;0,0;185,6
2005-10-10 19:00:00;6787;19;7,9;7,4;157,8;0,0;229,6
2005-10-10 20:00:00;6788;20;7,2;7,4;165,6;0,0;235,9
2005-10-10 21:00:00;6789;21;6,7;7,4;173,2;0,0;220,0
2005-10-10 22:00:00;6790;22;6,4;7,4;176,4;0,0;132,4
2005-10-10 23:00:00;6791;23;6,2;7,4;178,8;0,0;83,0
2005-10-11 00:00:00;6792;0;5,9;8,9;131,0;0,0;57,4
2005-10-11 01:00:00;6793;1;5,9;8,9;131,8;0,0;31,0
2005-10-11 02:00:00;6794;2;6,3;8,9;126,2;0,0;12,2
2005-10-11 03:00:00;6795;3;6,4;8,9;125,7;0,0;8,8
2005-10-11 04:00:00;6796;4;6,4;8,9;124,8;0,0;26,4
2005-10-11 05:00:00;6797;5;6,8;8,9;119,4;0,0;66,2
2005-10-11 06:00:00;6798;6;6,3;8,9;126,8;0,0;178,9
2005-10-11 07:00:00;6799;7;6,3;8,9;177,7;0,0;191,5
2005-10-11 08:00:00;6800;8;6,9;8,9;169,8;0,0;192,3
2005-10-11 09:00:00;6801;9;8,5;8,9;149,6;0,0;201,6
2005-10-11 10:00:00;6802;10;9,2;8,9;139,9;0,0;192,3
2005-10-11 11:00:00;6803;11;10,5;8,9;124,4;0,0;186,5
2005-10-11 12:00:00;6804;12;11,0;8,9;117,4;0,0;172,6
2005-10-11 13:00:00;6805;13;11,6;8,9;110,0;0,0;151,7
2005-10-11 14:00:00;6806;14;11,9;8,9;105,3;0,0;138,3
2005-10-11 15:00:00;6807;15;12,6;8,9;96,8;0,0;129,1
2005-10-11 16:00:00;6808;16;12,3;8,9;101,1;0,0;134,1
2005-10-11 17:00:00;6809;17;11,6;8,9;109,7;0,0;166,4
2005-10-11 18:00:00;6810;18;10,4;8,9;125,3;0,0;185,6
2005-10-11 19:00:00;6811;19;10,1;8,9;129,4;0,0;229,6
2005-10-11 20:00:00;6812;20;9,9;8,9;131,6;0,0;235,9
2005-10-11 21:00:00;6813;21;9,7;8,9;133,7;0,0;220,0
2005-10-11 22:00:00;6814;22;9,0;8,9;142,5;0,0;132,4
2005-10-11 23:00:00;6815;23;8,9;8,9;144,4;0,0;83,0
2005-10-12 00:00:00;6816;0;8,8;10,5;94,7;0,0;57,4
2005-10-12 01:00:00;6817;1;8,6;10,5;96,8;0,0;31,0
2005-10-12 02:00:00;6818;2;8,5;10,5;97,9;0,0;12,2
2005-10-12 03:00:00;6819;3;8,1;10,5;103,0;0,0;8,8
2005-10-12 04:00:00;6820;4;8,7;10,5;95,3;0,0;26,4
2005-10-12 05:00:00;6821;5;8,8;10,5;94,9;0,0;66,2
2005-10-12 06:00:00;6822;6;8,8;10,5;94,8;0,0;178,9
2005-10-12 07:00:00;6823;7;8,5;10,5;149,0;0,0;191,5
2005-10-12 08:00:00;6824;8;8,6;10,5;148,7;0,0;192,3
2005-10-12 09:00:00;6825;9;8,9;10,5;144,5;0,0;201,6
2005-10-12 10:00:00;6826;10;9,9;10,5;131,5;0,0;192,3
2005-10-12 11:00:00;6827;11;11,2;10,5;114,7;0,0;186,5
2005-10-12 12:00:00;6828;12;11,8;10,5;107,4;0,0;172,6
2005-10-12 13:00:00;6829;13;11,8;10,5;107,0;0,0;151,7
2005-10-12 14:00:00;6830;14;13,1;10,5;90,4;0,0;138,3
2005-10-12 15:00:00;6831;15;12,8;10,5;94,4;0,0;129,1
2005-10-12 16:00:00;6832;16;12,7;10,5;96,0;0,0;134,1
2005-10-12 17:00:00;6833;17;12,8;10,5;94,0;0,0;166,4
2005-10-12 18:00:00;6834;18;12,6;10,5;97,1;0,0;185,6
2005-10-12 19:00:00;6835;19;12,6;10,5;97,4;0,0;229,6
2005-10-12 20:00:00;6836;20;11,8;10,5;106,8;0,0;235,9
2005-10-12 21:00:00;6837;21;11,4;10,5;111,8;0,0;220,0
2005-10-12 22:00:00;6838;22;11,4;10,5;111,9;0,0;132,4
2005-10-12 23:00:00;6839;23;11,0;10,5;117,9;0,0;83,0
2005-10-13 00:00:00;6840;0;10,5;13,7;72,2;0,0;57,4
2005-10-13 01:00:00;6841;1;10,9;13,7;67,1;0,0;31,0
2005-10-13 02:00:00;6842;2;10,5;13,7;71,8;0,0;12,2
2005-10-13 03:00:00;6843;3;10,4;13,7;74,0;0,0;8,8
2005-10-13 04:00:00;6844;4;10,5;13,7;72,8;0,0;26,4
2005-10-13 05:00:00;6845;5;11,0;13,7;66,4;0,0;66,2
2005-10-13 06:00:00;6846;6;11,3;13,7;62,0;0,0;178,9
2005-10-13 07:00:00;6847;7;11,2;13,7;114,6;0,0;191,5
2005-10-13 08:00:00;6848;8;12,4;13,7;99,7;0,0;192,3
2005-10-13 09:00:00;6849;9;13,0;13,7;91,3;0,0;201,6
2005-10-13 10:00:00;6850;10;14,0;13,7;79,4;0,0;192,3
2005-10-13 11:00:00;6851;11;15,0;13,7;65,6;0,0;186,5
2005-10-13 12:00:00;6852;12;15,3;13,7;61,5;0,0;172,6
2005-10-13 13:00:00;6853;13;15,6;13,7;57,9;0,0;151,7
2005-10-13 14:00:00;6854;14;15,4;13,7;60,3;0,0;138,3
2005-10-13 15:00:00;6855;15;15,4;13,7;60,5;0,0;129,1
2005-10-13 16:00:00;6856;16;15,7;13,7;57,0;0,0;134,1
2005-10-13 17:00:00;6857;17;15,7;13,7;56,6;0,0;166,4
2005-10-13 18:00:00;6858;18;15,9;13,7;54,2;0,0;185,6
2005-10-13 19:00:00;6859;19;15,6;13,7;58,9;0,0;229,6
2005-10-13 20:00:00;6860;20;15,8;13,7;56,0;0,0;235,9
2005-10-13 21:00:00;6861;21;15,8;13,7;55,1;0,0;220,0
2005-10-13 22:00:00;6862;22;15,9;13,7;54,1;0,0;132,4
2005-10-13 23:00:00;6863;23;16,1;13,7;52,0;0,0;83,0
2005-10-14 00:00:00;6864;0;16,5;16,8;0,8;0,0;57,4
2005-10-14 01:00:00;6865;1;15,6;16,8;2,4;0,0;31,0
2005-10-14 02:00:00;6866;2;15,6;16,8;2,4;0,0;12,2
2005-10-14 03:00:00;6867;3;15,7;16,8;2,1;0,0;8,8
2005-10-14 04:00:00;6868;4;16,2;16,8;1,3;0,0;26,4
2005-10-14 05:00:00;6869;5;15,7;16,8;2,2;0,0;66,2
2005-10-14 06:00:00;6870;6;15,2;16,8;2,9;0,0;178,9
2005-10-14 07:00:00;6871;7;15,2;16,8;9,6;0,0;191,5
2005-10-14 08:00:00;6872;8;16,0;16,8;8,4;0,0;192,3
2005-10-14 09:00:00;6873;9;16,4;16,8;7,7;0,0;201,6
2005-10-14 10:00:00;6874;10;17,7;16,8;5,5;0,0;192,3
2005-10-14 11:00:00;6875;11;18,9;16,8;3,5;0,0;186,5
2005-10-14 12:00:00;6876;12;20,0;16,8;1,6;0,0;172,6
2005-10-14 13:00:00;6877;13;20,6;16,8;0,7;0,0;151,7
2005-10-14 14:00:00;6878;14;20,0;16,8;1,7;0,0;138,3
2005-10-14 15:00:00;6879;15;19,5;16,8;2,5;0,0;129,1
2005-10-14 16:00:00;6880;16;18,9;16,8;3,5;0,0;134,1
2005-10-14 17:00:00;6881;17;18,1;16,8;4,8;0,0;166,4
2005-10-14 18:00:00;6882;18;17,0;16,8;6,7;0,0;185,6
2005-10-14 19:00:00;6883;19;16,5;16,8;7,5;0,0;229,6
2005-10-14 20:00:00;6884;20;15,2;16,8;9,7;0,0;235,9
2005-10-14 21:00:00;6885;21;14,7;16,8;10,5;0,0;220,0
2005-10-14 22:00:00;6886;22;14,5;16,8;10,8;0,0;132,4
2005-10-14 23:00:00;6887;23;13,5;16,8;12,5;0,0;83,0
2005-10-15 00:00:00;6888;0;12,9;14,4;41,8;0,0;57,4
2005-10-15 01:00:00;6889;1;13,0;14,4;39,8;0,0;31,0
2005-10-15 02:00:00;6890;2;12,8;14,4;42,6;0,0;12,2
2005-10-15 03:00:00;6891;3;12,2;14,4;50,5;0,0;8,8
2005-10-15 04:00:00;6892;4;11,5;14,4;59,6;0,0;26,4
2005-10-15 05:00:00;6893;5;11,7;14,4;56,3;0,0;66,2
2005-10-15 06:00:00;6894;6;11,0;14,4;66,2;0,0;178,9
2005-10-15 07:00:00;6895;7;12,0;14,4;104,6;0,0;191,5
2005-10-15 08:00:00;6896;8;12,8;14,4;94,7;0,0;192,3
2005-10-15 09:00:00;6897;9;13,8;14,4;81,7;0,0;201,6
2005-10-15 10:00:00;6898;10;14,9;14,4;66,9;0,0;192,3
2005-10-15 11:00:00;6899;11;16,5;14,4;47,3;0,0;186,5
2005-10-15 12:00:00;6900;12;17,3;14,4;35,9;0,0;172,6
2005-10-15 13:00:00;6901;13;18,4;14,4;22,6;0,0;151,7
2005-10-15 14:00:00;6902;14;19,0;14,4;15,1;0,0;138,3
2005-10-15 15:00:00;6903;15;18,9;14,4;16,3;0,0;129,1
2005-10-15 16:00:00;6904;16;17,8;14,4;29,6;0,0;134,1
2005-10-15 17:00:00;6905;17;17,0;14,4;40,7;0,0;166,4
2005-10-15 18:00:00;6906;18;15,8;14,4;55,7;0,0;185,6
2005-10-15 19:00:00;6907;19;14,5;14,4;72,1;0,0;229,6
2005-10-15 20:00:00;6908;20;14,2;14,4;76,8;0,0;235,9
2005-10-15 21:00:00;6909;21;12,9;14,4;92,7;0,0;220,0
2005-10-15 22:00:00;6910;22;12,2;14,4;101,6;0,0;132,4
2005-10-15 23:00:00;6911;23;11,4;14,4;111,8;0,0;83,0
2005-10-16 00:00:00;6912;0;11,7;14,6;56,4;0,0;57,4
2005-10-16 01:00:00;6913;1;11,3;14,6;61,8;0,0;31,0
2005-10-16 02:00:00;6914;2;11,0;14,6;66,2;0,0;12,2
2005-10-16 03:00:00;6915;3;10,6;14,6;70,6;0,0;8,8
2005-10-16 04:00:00;6916;4;10,8;14,6;68,2;0,0;26,4
2005-10-16 05:00:00;6917;5;11,0;14,6;65,7;0,0;66,2
2005-10-16 06:00:00;6918;6;11,4;14,6;60,7;0,0;178,9
2005-10-16 07:00:00;6919;7;11,7;14,6;108,0;0,0;191,5
2005-10-16 08:00:00;6920;8;12,8;14,6;94,1;0,0;192,3
2005-10-16 09:00:00;6921;9;13,4;14,6;86,2;0,0;201,6
2005-10-16 10:00:00;6922;10;14,1;14,6;77,6;0,0;192,3
2005-10-16 11:00:00;6923;11;15,6;14,6;58,3;0,0;186,5
2005-10-16 12:00:00;6924;12;17,1;14,6;38,8;0,0;172,6
2005-10-16 13:00:00;6925;13;17,9;14,6;28,8;0,0;151,7
2005-10-16 14:00:00;6926;14;17,9;14,6;28,6;0,0;138,3
2005-10-16 15:00:00;6927;15;18,7;14,6;18,7;0,0;129,1
2005-10-16 16:00:00;6928;16;18,4;14,6;22,8;0,0;134,1
2005-10-16 17:00:00;6929;17;17,3;14,6;35,9;0,0;166,4
2005-10-16 18:00:00;6930;18;16,5;14,6;47,1;0,0;185,6
2005-10-16 19:00:00;6931;19;16,4;14,6;47,6;0,0;229,6
2005-10-16 20:00:00;6932;20;16,5;14,6;47,0;0,0;235,9
2005-10-16 21:00:00;6933;21;15,9;14,6;55,0;0,0;220,0
2005-10-16 22:00:00;6934;22;15,8;14,6;55,4;0,0;132,4
2005-10-16 23:00:00;6935;23;16,0;14,6;53,3;0,0;83,0
2005-10-17 00:00:00;6936;0;15,3;15,6;10,6;0,0;57,4
2005-10-17 01:00:00;6937;1;14,6;15,6;20,1;0,0;31,0
2005-10-17 02:00:00;6938;2;14,6;15,6;20,0;0,0;12,2
2005-10-17 03:00:00;6939;3;14,4;15,6;21,7;0,0;8,8
2005-10-17 04:00:00;6940;4;14,2;15,6;24,3;0,0;26,4
2005-10-17 05:00:00;6941;5;13,9;15,6;28,7;0,0;66,2
2005-10-17 06:00:00;6942;6;13,8;15,6;30,0;0,0;178,9
2005-10-17 07:00:00;6943;7;13,8;15,6;81,4;0,0;191,5
2005-10-17 08:00:00;6944;8;14,4;15,6;73,2;0,0;192,3
2005-10-17 09:00:00;6945;9;15,7;15,6;57,3;0,0;201,6
2005-10-17 10:00:00;6946;10;17,1;15,6;38,7;0,0;192,3
2005-10-17 11:00:00;6947;11;18,2;15,6;25,0;0,0;186,5
2005-10-17 12:00:00;6948;12;18,3;15,6;22,9;0,0;172,6
2005-10-17 13:00:00;6949;13;18,5;15,6;20,4;0,0;151,7
2005-10-17 14:00:00;6950;14;18,5;15,6;21,4;0,0;138,3
2005-10-17 15:00:00;6951;15;18,5;15,6;20,6;0,0;129,1
2005-10-17 16:00:00;6952;16;17,9;15,6;28,4;0,0;134,1
2005-10-17 17:00:00;6953;17;17,4;15,6;35,4;0,0;166,4
2005-10-17 18:00:00;6954;18;16,3;15,6;48,8;0,0;185,6
2005-10-17 19:00:00;6955;19;15,4;15,6;60,4;0,0;229,6
2005-10-17 20:00:00;6956;20;14,6;15,6;71,5;0,0;235,9
2005-10-17 21:00:00;6957;21;13,9;15,6;80,1;0,0;220,0
2005-10-17 22:00:00;6958;22;13,5;15,6;84,7;0,0;132,4
2005-10-17 23:00:00;6959;23;12,5;15,6;98,5;0,0;83,0
2005-10-18 00:00:00;6960;0;12,3;9,7;49,8;0,0;57,4
2005-10-18 01:00:00;6961;1;11,6;9,7;57,7;0,0;31,0
2005-10-18 02:00:00;6962;2;11,0;9,7;66,5;0,0;12,2
2005-10-18 03:00:00;6963;3;10,1;9,7;76,9;0,0;8,8
2005-10-18 04:00:00;6964;4;9,7;9,7;82,6;0,0;26,4
2005-10-18 05:00:00;6965;5;9,2;9,7;89,3;0,0;66,2
2005-10-18 06:00:00;6966;6;8,7;9,7;95,9;0,0;178,9
2005-10-18 07:00:00;6967;7;8,8;9,7;145,5;0,0;191,5
2005-10-18 08:00:00;6968;8;8,5;9,7;149,3;0,0;192,3
2005-10-18 09:00:00;6969;9;9,0;9,7;143,4;0,0;201,6
2005-10-18 10:00:00;6970;10;10,4;9,7;124,6;0,0;192,3
2005-10-18 11:00:00;6971;11;11,7;9,7;108,3;0,0;186,5
2005-10-18 12:00:00;6972;12;12,3;9,7;101,2;0,0;172,6
2005-10-18 13:00:00;6973;13;12,8;9,7;93,8;0,0;151,7
2005-10-18 14:00:00;6974;14;12,2;9,7;102,2;0,0;138,3
2005-10-18 15:00:00;6975;15;12,0;9,7;105,0;0,0;129,1
2005-10-18 16:00:00;6976;16;11,7;9,7;109,0;0,0;134,1
2005-10-18 17:00:00;6977;17;10,2;9,7;127,1;0,0;166,4
2005-10-18 18:00:00;6978;18;8,7;9,7;146,5;0,0;185,6
2005-10-18 19:00:00;6979;19;8,0;9,7;156,3;0,0;229,6
2005-10-18 20:00:00;6980;20;7,1;9,7;167,0;0,0;235,9
2005-10-18 21:00:00;6981;21;6,1;9,7;180,5;0,0;220,0
2005-10-18 22:00:00;6982;22;5,5;9,7;188,1;0,0;132,4
2005-10-18 23:00:00;6983;23;4,8;9,7;196,5;0,0;83,0
2005-10-19 00:00:00;6984;0;4,1;6,7;155,1;0,0;57,4
2005-10-19 01:00:00;6985;1;3,8;6,7;158,5;0,0;31,0
2005-10-19 02:00:00;6986;2;3,4;6,7;164,3;0,0;12,2
2005-10-19 03:00:00;6987;3;3,0;6,7;169,4;0,0;8,8
2005-10-19 04:00:00;6988;4;2,4;6,7;176,4;0,0;26,4
2005-10-19 05:00:00;6989;5;3,1;6,7;167,2;0,0;66,2
2005-10-19 06:00:00;6990;6;3,5;6,7;163,0;0,0;178,9
2005-10-19 07:00:00;6991;7;4,2;6,7;205,0;0,0;191,5
2005-10-19 08:00:00;6992;8;5,0;6,7;194,8;0,0;192,3
2005-10-19 09:00:00;6993;9;5,9;6,7;182,8;0,0;201,6
2005-10-19 10:00:00;6994;10;7,4;6,7;163,6;0,0;192,3
2005-10-19 11:00:00;6995;11;9,3;6,7;139,4;0,0;186,5
2005-10-19 12:00:00;6996;12;9,7;6,7;133,7;0,0;172,6
2005-10-19 13:00:00;6997;13;11,1;6,7;116,4;0,0;151,7
2005-10-19 14:00:00;6998;14;11,7;6,7;109,0;0,0;138,3
2005-10-19 15:00:00;6999;15;11,1;6,7;116,4;0,0;129,1
2005-10-19 16:00:00;7000;16;11,2;6,7;114,9;0,0;134,1
2005-10-19 17:00:00;7001;17;10,1;6,7;128,8;0,0;166,4
2005-10-19 18:00:00;7002;18;8,7;6,7;146,4;0,0;185,6
2005-10-19 19:00:00;7003;19;7,8;6,7;158,6;0,0;229,6
2005-10-19 20:00:00;7004;20;7,2;6,7;166,6;0,0;235,9
2005-10-19 21:00:00;7005;21;6,7;6,7;173,1;0,0;220,0
2005-10-19 22:00:00;7006;22;6,0;6,7;181,1;0,0;132,4
2005-10-19 23:00:00;7007;23;5,4;6,7;189,7;0,0;83,0
2005-10-20 00:00:00;7008;0;4,8;5,4;145,7;0,0;57,4
2005-10-20 01:00:00;7009;1;4,9;5,4;143,9;0,0;31,0
2005-10-20 02:00:00;7010;2;4,2;5,4;153,7;0,0;12,2
2005-10-20 03:00:00;7011;3;3,7;5,4;159,9;0,0;8,8
2005-10-20 04:00:00;7012;4;3,2;5,4;166,8;0,0;26,4
2005-10-20 05:00:00;7013;5;2,7;5,4;172,2;0,0;66,2
2005-10-20 06:00:00;7014;6;1,9;5,4;182,6;0,0;178,9
2005-10-20 07:00:00;7015;7;2,1;5,4;231,2;0,0;191,5
2005-10-20 08:00:00;7016;8;2,9;5,4;221,9;0,0;192,3
2005-10-20 09:00:00;7017;9;4,0;5,4;207,5;0,0;201,6
2005-10-20 10:00:00;7018;10;5,3;5,4;190,4;0,0;192,3
2005-10-20 11:00:00;7019;11;6,4;5,4;176,9;0,0;186,5
2005-10-20 12:00:00;7020;12;8,0;5,4;156,4;0,0;172,6
2005-10-20 13:00:00;7021;13;8,7;5,4;146,7;0,0;151,7
2005-10-20 14:00:00;7022;14;9,1;5,4;141,3;0,0;138,3
2005-10-20 15:00:00;7023;15;8,8;5,4;146,0;0,0;129,1
2005-10-20 16:00:00;7024;16;8,1;5,4;154,2;0,0;134,1
2005-10-20 17:00:00;7025;17;7,1;5,4;167,5;0,0;166,4
2005-10-20 18:00:00;7026;18;6,3;5,4;178,1;0,0;185,6
2005-10-20 19:00:00;7027;19;6,1;5,4;181,0;0,0;229,6
2005-10-20 20:00:00;7028;20;6,4;5,4;176,2;0,0;235,9
2005-10-20 21:00:00;7029;21;6,0;5,4;181,5;0,0;220,0
2005-10-20 22:00:00;7030;22;5,0;5,4;195,1;0,0;132,4
2005-10-20 23:00:00;7031;23;4,5;5,4;200,6;0,0;83,0
2005-10-21 00:00:00;7032;0;5,3;7,2;139,6;0,0;57,4
2005-10-21 01:00:00;7033;1;4,9;7,2;143,9;0,0;31,0
2005-10-21 02:00:00;7034;2;4,8;7,2;146,2;0,0;12,2
2005-10-21 03:00:00;7035;3;4,7;7,2;147,1;0,0;8,8
2005-10-21 04:00:00;7036;4;4,6;7,2;148,6;0,0;26,4
2005-10-21 05:00:00;7037;5;4,4;7,2;150,5;0,0;66,2
2005-10-21 06:00:00;7038;6;4,7;7,2;146,6;0,0;178,9
2005-10-21 07:00:00;7039;7;5,5;7,2;187,9;0,0;191,5
2005-10-21 08:00:00;7040;8;6,4;7,2;176,6;0,0;192,3
2005-10-21 09:00:00;7041;9;6,8;7,2;171,9;0,0;201,6
2005-10-21 10:00:00;7042;10;7,8;7,2;159,0;0,0;192,3
2005-10-21 11:00:00;7043;11;9,7;7,2;133,8;0,0;186,5
2005-10-21 12:00:00;7044;12;10,1;7,2;129,3;0,0;172,6
2005-10-21 13:00:00;7045;13;9,9;7,2;130,9;0,0;151,7
2005-10-21 14:00:00;7046;14;10,5;7,2;123,6;0,0;138,3
2005-10-21 15:00:00;7047;15;10,8;7,2;119,7;0,0;129,1
2005-10-21 16:00:00;7048;16;10,6;7,2;121,9;0,0;134,1
2005-10-21 17:00:00;7049;17;9,5;7,2;136,8;0,0;166,4
2005-10-21 18:00:00;7050;18;8,6;7,2;148,8;0,0;185,6
2005-10-21 19:00:00;7051;19;7,9;7,2;156,6;0,0;229,6
2005-10-21 20:00:00;7052;20;7,2;7,2;165,9;0,0;235,9
2005-10-21 21:00:00;7053;21;6,7;7,2;172,7;0,0;220,0
2005-10-21 22:00:00;7054;22;5,9;7,2;182,5;0,0;132,4
2005-10-21 23:00:00;7055;23;5,7;7,2;185,7;0,0;83,0
2005-10-22 00:00:00;7056;0;6,0;7,1;130,1;0,0;57,4
2005-10-22 01:00:00;7057;1;5,6;7,1;134,9;0,0;31,0
2005-10-22 02:00:00;7058;2;4,7;7,1;146,3;0,0;12,2
2005-10-22 03:00:00;7059;3;4,3;7,1;152,5;0,0;8,8
2005-10-22 04:00:00;7060;4;4,7;7,1;146,8;0,0;26,4
2005-10-22 05:00:00;7061;5;4,6;7,1;147,8;0,0;66,2
2005-10-22 06:00:00;7062;6;5,0;7,1;142,7;0,0;178,9
2005-10-22 07:00:00;7063;7;5,7;7,1;185,1;0,0;191,5
2005-10-22 08:00:00;7064;8;6,3;7,1;178,4;0,0;192,3
2005-10-22 09:00:00;7065;9;7,0;7,1;168,2;0,0;201,6
2005-10-22 10:00:00;7066;10;7,9;7,1;156,6;0,0;192,3
2005-10-22 11:00:00;7067;11;9,3;7,1;138,8;0,0;186,5
2005-10-22 12:00:00;7068;12;9,9;7,1;131,6;0,0;172,6
2005-10-22 13:00:00;7069;13;10,5;7,1;124,1;0,0;151,7
2005-10-22 14:00:00;7070;14;10,5;7,1;123,2;0,0;138,3
2005-10-22 15:00:00;7071;15;10,6;7,1;122,4;0,0;129,1
2005-10-22 16:00:00;7072;16;9,8;7,1;132,7;0,0;134,1
2005-10-22 17:00:00;7073;17;9,4;7,1;137,4;0,0;166,4
2005-10-22 18:00:00;7074;18;8,2;7,1;153,5;0,0;185,6
2005-10-22 19:00:00;7075;19;7,3;7,1;164,9;0,0;229,6
2005-10-22 20:00:00;7076;20;6,6;7,1;173,8;0,0;235,9
2005-10-22 21:00:00;7077;21;6,7;7,1;172,0;0,0;220,0
2005-10-22 22:00:00;7078;22;5,4;7,1;188,9;0,0;132,4
2005-10-22 23:00:00;7079;23;5,1;7,1;192,8;0,0;83,0
2005-10-23 00:00:00;7080;0;4,7;8,3;146,4;0,0;57,4
2005-10-23 01:00:00;7081;1;4,6;8,3;147,6;0,0;31,0
2005-10-23 02:00:00;7082;2;4,2;8,3;153,3;0,0;12,2
2005-10-23 03:00:00;7083;3;4,4;8,3;150,3;0,0;8,8
2005-10-23 04:00:00;7084;4;4,7;8,3;146,5;0,0;26,4
2005-10-23 05:00:00;7085;5;4,7;8,3;146,5;0,0;66,2
2005-10-23 06:00:00;7086;6;4,3;8,3;151,7;0,0;178,9
2005-10-23 07:00:00;7087;7;5,3;8,3;191,1;0,0;191,5
2005-10-23 08:00:00;7088;8;6,8;8,3;171,3;0,0;192,3
2005-10-23 09:00:00;7089;9;7,6;8,3;160,6;0,0;201,6
2005-10-23 10:00:00;7090;10;9,3;8,3;139,4;0,0;192,3
2005-10-23 11:00:00;7091;11;10,3;8,3;125,8;0,0;186,5
2005-10-23 12:00:00;7092;12;11,3;8,3;113,9;0,0;172,6
2005-10-23 13:00:00;7093;13;11,7;8,3;107,8;0,0;151,7
2005-10-23 14:00:00;7094;14;12,3;8,3;100,9;0,0;138,3
2005-10-23 15:00:00;7095;15;11,9;8,3;106,0;0,0;129,1
2005-10-23 16:00:00;7096;16;11,8;8,3;107,3;0,0;134,1
2005-10-23 17:00:00;7097;17;11,5;8,3;111,5;0,0;166,4
2005-10-23 18:00:00;7098;18;10,8;8,3;119,5;0,0;185,6
2005-10-23 19:00:00;7099;19;10,4;8,3;125,6;0,0;229,6
2005-10-23 20:00:00;7100;20;10,2;8,3;128,2;0,0;235,9
2005-10-23 21:00:00;7101;21;9,2;8,3;140,5;0,0;220,0
2005-10-23 22:00:00;7102;22;9,2;8,3;140,5;0,0;132,4
2005-10-23 23:00:00;7103;23;8,9;8,3;144,0;0,0;83,0
2005-10-24 00:00:00;7104;0;8,8;9,2;94,1;0,0;57,4
2005-10-24 01:00:00;7105;1;8,9;9,2;92,8;0,0;31,0
2005-10-24 02:00:00;7106;2;8,1;9,2;102,7;0,0;12,2
2005-10-24 03:00:00;7107;3;7,8;9,2;107,1;0,0;8,8
2005-10-24 04:00:00;7108;4;7,7;9,2;108,0;0,0;26,4
2005-10-24 05:00:00;7109;5;8,0;9,2;104,9;0,0;66,2
2005-10-24 06:00:00;7110;6;8,0;9,2;104,7;0,0;178,9
2005-10-24 07:00:00;7111;7;7,1;9,2;167,9;0,0;191,5
2005-10-24 08:00:00;7112;8;7,9;9,2;157,0;0,0;192,3
2005-10-24 09:00:00;7113;9;9,2;9,2;140,3;0,0;201,6
2005-10-24 10:00:00;7114;10;10,3;9,2;126,6;0,0;192,3
2005-10-24 11:00:00;7115;11;11,6;9,2;109,4;0,0;186,5
2005-10-24 12:00:00;7116;12;12,4;9,2;99,0;0,0;172,6
2005-10-24 13:00:00;7117;13;12,2;9,2;101,4;0,0;151,7
2005-10-24 14:00:00;7118;14;11,9;9,2;105,8;0,0;138,3
2005-10-24 15:00:00;7119;15;11,4;9,2;112,0;0,0;129,1
2005-10-24 16:00:00;7120;16;10,8;9,2;120,1;0,0;134,1
2005-10-24 17:00:00;7121;17;9,3;9,2;139,1;0,0;166,4
2005-10-24 18:00:00;7122;18;8,5;9,2;150,1;0,0;185,6
2005-10-24 19:00:00;7123;19;8,6;9,2;148,6;0,0;229,6
2005-10-24 20:00:00;7124;20;8,1;9,2;155,0;0,0;235,9
2005-10-24 21:00:00;7125;21;8,2;9,2;152,9;0,0;220,0
2005-10-24 22:00:00;7126;22;8,5;9,2;149,9;0,0;132,4
2005-10-24 23:00:00;7127;23;7,9;9,2;156,7;0,0;83,0
2005-10-25 00:00:00;7128;0;7,6;10,4;109,6;0,0;57,4
2005-10-25 01:00:00;7129;1;7,2;10,4;115,3;0,0;31,0
2005-10-25 02:00:00;7130;2;7,2;10,4;114,9;0,0;12,2
2005-10-25 03:00:00;7131;3;6,9;10,4;118,1;0,0;8,8
2005-10-25 04:00:00;7132;4;7,5;10,4;110,4;0,0;26,4
2005-10-25 05:00:00;7133;5;7,6;10,4;109,5;0,0;66,2
2005-10-25 06:00:00;7134;6;8,0;10,4;104,1;0,0;178,9
2005-10-25 07:00:00;7135;7;8,2;10,4;153,4;0,0;191,5
2005-10-25 08:00:00;7136;8;9,0;10,4;143,4;0,0;192,3
2005-10-25 09:00:00;7137;9;10,0;10,4;130,0;0,0;201,6
2005-10-25 10:00:00;7138;10;11,3;10,4;113,5;0,0;192,3
2005-10-25 11:00:00;7139;11;11,9;10,4;106,0;0,0;186,5
2005-10-25 12:00:00;7140;12;13,8;10,4;81,6;0,0;172,6
2005-10-25 13:00:00;7141;13;14,5;10,4;72,0;0,0;151,7
2005-10-25 14:00:00;7142;14;14,4;10,4;74,1;0,0;138,3
2005-10-25 15:00:00;7143;15;14,3;10,4;75,6;0,0;129,1
2005-10-25 16:00:00;7144;16;13,0;10,4;92,1;0,0;134,1
2005-10-25 17:00:00;7145;17;12,8;10,4;94,4;0,0;166,4
2005-10-25 18:00:00;7146;18;11,8;10,4;107,6;0,0;185,6
2005-10-25 19:00:00;7147;19;10,9;10,4;118,1;0,0;229,6
2005-10-25 20:00:00;7148;20;10,8;10,4;120,5;0,0;235,9
2005-10-25 21:00:00;7149;21;10,6;10,4;122,8;0,0;220,0
2005-10-25 22:00:00;7150;22;9,9;10,4;130,9;0,0;132,4
2005-10-25 23:00:00;7151;23;9,6;10,4;135,0;0,0;83,0
2005-10-26 00:00:00;7152;0;8,8;11,8;93,7;0,0;57,4
2005-10-26 01:00:00;7153;1;8,3;11,8;100,4;0,0;31,0
2005-10-26 02:00:00;7154;2;8,0;11,8;104,0;0,0;12,2
2005-10-26 03:00:00;7155;3;7,7;11,8;108,2;0,0;8,8
2005-10-26 04:00:00;7156;4;7,6;11,8;109,6;0,0;26,4
2005-10-26 05:00:00;7157;5;7,8;11,8;106,5;0,0;66,2
2005-10-26 06:00:00;7158;6;8,1;11,8;102,7;0,0;178,9
2005-10-26 07:00:00;7159;7;9,4;11,8;137,5;0,0;191,5
2005-10-26 08:00:00;7160;8;10,3;11,8;126,8;0,0;192,3
2005-10-26 09:00:00;7161;9;12,0;11,8;104,2;0,0;201,6
2005-10-26 10:00:00;7162;10;13,2;11,8;88,5;0,0;192,3
2005-10-26 11:00:00;7163;11;14,5;11,8;72,1;0,0;186,5
2005-10-26 12:00:00;7164;12;15,6;11,8;58,1;0,0;172,6
2005-10-26 13:00:00;7165;13;16,3;11,8;49,6;0,0;151,7
2005-10-26 14:00:00;7166;14;16,1;11,8;51,6;0,0;138,3
2005-10-26 15:00:00;7167;15;16,0;11,8;53,6;0,0;129,1
2005-10-26 16:00:00;7168;16;15,7;11,8;57,4;0,0;134,1
2005-10-26 17:00:00;7169;17;14,3;11,8;74,5;0,0;166,4
2005-10-26 18:00:00;7170;18;13,4;11,8;86,1;0,0;185,6
2005-10-26 19:00:00;7171;19;13,1;11,8;90,5;0,0;229,6
2005-10-26 20:00:00;7172;20;12,5;11,8;98,6;0,0;235,9
2005-10-26 21:00:00;7173;21;12,0;11,8;105,0;0,0;220,0
2005-10-26 22:00:00;7174;22;11,7;11,8;108,6;0,0;132,4
2005-10-26 23:00:00;7175;23;10,7;11,8;121,8;0,0;83,0
2005-10-27 00:00:00;7176;0;10,2;15,4;76,0;0,0;57,4
2005-10-27 01:00:00;7177;1;10,5;15,4;72,5;0,0;31,0
2005-10-27 02:00:00;7178;2;10,9;15,4;67,2;0,0;12,2
2005-10-27 03:00:00;7179;3;10,8;15,4;68,2;0,0;8,8
2005-10-27 04:00:00;7180;4;11,2;15,4;63,9;0,0;26,4
2005-10-27 05:00:00;7181;5;11,9;15,4;54,8;0,0;66,2
2005-10-27 06:00:00;7182;6;11,9;15,4;54,6;0,0;178,9
2005-10-27 07:00:00;7183;7;12,3;15,4;100,6;0,0;191,5
2005-10-27 08:00:00;7184;8;12,6;15,4;96,6;0,0;192,3
2005-10-27 09:00:00;7185;9;14,0;15,4;78,2;0,0;201,6
2005-10-27 10:00:00;7186;10;15,5;15,4;59,3;0,0;192,3
2005-10-27 11:00:00;7187;11;16,9;15,4;41,4;0,0;186,5
2005-10-27 12:00:00;7188;12;18,8;15,4;17,6;0,0;172,6
2005-10-27 13:00:00;7189;13;20,3;15,4;1,2;0,0;151,7
2005-10-27 14:00:00;7190;14;21,6;15,4;0,0;0,0;138,3
2005-10-27 15:00:00;7191;15;21,3;15,4;0,0;0,0;129,1
2005-10-27 16:00:00;7192;16;19,8;15,4;4,1;0,0;134,1
2005-10-27 17:00:00;7193;17;19,2;15,4;11,3;0,0;166,4
2005-10-27 18:00:00;7194;18;18,2;15,4;24,6;0,0;185,6
2005-10-27 19:00:00;7195;19;17,6;15,4;32,8;0,0;229,6
2005-10-27 20:00:00;7196;20;17,2;15,4;37,6;0,0;235,9
2005-10-27 21:00:00;7197;21;16,6;15,4;45,7;0,0;220,0
2005-10-27 22:00:00;7198;22;15,7;15,4;56,6;0,0;132,4
2005-10-27 23:00:00;7199;23;15,7;15,4;57,3;0,0;83,0
2005-10-28 00:00:00;7200;0;15,2;14,7;11,4;0,0;57,4
2005-10-28 01:00:00;7201;1;14,2;14,7;25,2;0,0;31,0
2005-10-28 02:00:00;7202;2;14,3;14,7;23,4;0,0;12,2
2005-10-28 03:00:00;7203;3;13,9;14,7;29,1;0,0;8,8
2005-10-28 04:00:00;7204;4;13,9;14,7;28,9;0,0;26,4
2005-10-28 05:00:00;7205;5;13,2;14,7;38,2;0,0;66,2
2005-10-28 06:00:00;7206;6;12,6;14,7;45,1;0,0;178,9
2005-10-28 07:00:00;7207;7;12,1;14,7;103,6;0,0;191,5
2005-10-28 08:00:00;7208;8;13,5;14,7;85,4;0,0;192,3
2005-10-28 09:00:00;7209;9;13,9;14,7;79,9;0,0;201,6
2005-10-28 10:00:00;7210;10;14,8;14,7;69,1;0,0;192,3
2005-10-28 11:00:00;7211;11;15,9;14,7;54,9;0,0;186,5
2005-10-28 12:00:00;7212;12;16,7;14,7;44,4;0,0;172,6
2005-10-28 13:00:00;7213;13;17,1;14,7;39,5;0,0;151,7
2005-10-28 14:00:00;7214;14;18,0;14,7;26,9;0,0;138,3
2005-10-28 15:00:00;7215;15;18,7;14,7;18,7;0,0;129,1
2005-10-28 16:00:00;7216;16;18,0;14,7;27,4;0,0;134,1
2005-10-28 17:00:00;7217;17;16,9;14,7;41,6;0,0;166,4
2005-10-28 18:00:00;7218;18;15,2;14,7;63,8;0,0;185,6
2005-10-28 19:00:00;7219;19;13,9;14,7;80,1;0,0;229,6
2005-10-28 20:00:00;7220;20;13,6;14,7;84,1;0,0;235,9
2005-10-28 21:00:00;7221;21;13,6;14,7;83,5;0,0;220,0
2005-10-28 22:00:00;7222;22;12,7;14,7;95,2;0,0;132,4
2005-10-28 23:00:00;7223;23;12,3;14,7;101,1;0,0;83,0
2005-10-29 00:00:00;7224;0;11,0;14,2;65,6;0,0;57,4
2005-10-29 01:00:00;7225;1;11,1;14,2;64,8;0,0;31,0
2005-10-29 02:00:00;7226;2;11,3;14,2;62,4;0,0;12,2
2005-10-29 03:00:00;7227;3;11,3;14,2;61,8;0,0;8,8
2005-10-29 04:00:00;7228;4;11,3;14,2;62,0;0,0;26,4
2005-10-29 05:00:00;7229;5;11,0;14,2;66,4;0,0;66,2
2005-10-29 06:00:00;7230;6;11,4;14,2;60,8;0,0;178,9
2005-10-29 07:00:00;7231;7;11,8;14,2;106,5;0,0;191,5
2005-10-29 08:00:00;7232;8;12,7;14,2;95,1;0,0;192,3
2005-10-29 09:00:00;7233;9;13,7;14,2;82,3;0,0;201,6
2005-10-29 10:00:00;7234;10;14,0;14,2;78,3;0,0;192,3
2005-10-29 11:00:00;7235;11;15,6;14,2;58,2;0,0;186,5
2005-10-29 12:00:00;7236;12;16,3;14,2;48,9;0,0;172,6
2005-10-29 13:00:00;7237;13;16,5;14,2;46,5;0,0;151,7
2005-10-29 14:00:00;7238;14;16,4;14,2;47,5;0,0;138,3
2005-10-29 15:00:00;7239;15;16,6;14,2;45,4;0,0;129,1
2005-10-29 16:00:00;7240;16;16,8;14,2;43,4;0,0;134,1
2005-10-29 17:00:00;7241;17;16,8;14,2;43,0;0,0;166,4
2005-10-29 18:00:00;7242;18;16,2;14,2;50,8;0,0;185,6
2005-10-29 19:00:00;7243;19;15,5;14,2;59,0;0,0;229,6
2005-10-29 20:00:00;7244;20;16,0;14,2;53,3;0,0;235,9
2005-10-29 21:00:00;7245;21;15,9;14,2;54,0;0,0;220,0
2005-10-29 22:00:00;7246;22;15,4;14,2;60,3;0,0;132,4
2005-10-29 23:00:00;7247;23;15,2;14,2;63,6;0,0;83,0
2005-10-30 00:00:00;7248;0;15,1;14,7;13,1;0,0;57,4
2005-10-30 01:00:00;7249;1;14,9;14,7;15,8;0,0;31,0
2005-10-30 02:00:00;7250;2;14,7;14,7;18,7;0,0;12,2
2005-10-30 03:00:00;7251;3;14,1;14,7;25,8;0,0;8,8
2005-10-30 04:00:00;7252;4;13,9;14,7;29,1;0,0;26,4
2005-10-30 05:00:00;7253;5;13,9;14,7;28,3;0,0;66,2
2005-10-30 06:00:00;7254;6;13,9;14,7;28,7;0,0;178,9
2005-10-30 07:00:00;7255;7;14,1;14,7;77,7;0,0;191,5
2005-10-30 08:00:00;7256;8;14,0;14,7;78,7;0,0;192,3
2005-10-30 09:00:00;7257;9;14,4;14,7;74,3;0,0;201,6
2005-10-30 10:00:00;7258;10;15,2;14,7;63,7;0,0;192,3
2005-10-30 11:00:00;7259;11;15,9;14,7;54,7;0,0;186,5
2005-10-30 12:00:00;7260;12;17,0;14,7;40,4;0,0;172,6
2005-10-30 13:00:00;7261;13;16,7;14,7;43,7;0,0;151,7
2005-10-30 14:00:00;7262;14;16,5;14,7;46,1;0,0;138,3
2005-10-30 15:00:00;7263;15;16,7;14,7;44,6;0,0;129,1
2005-10-30 16:00:00;7264;16;15,6;14,7;58,4;0,0;134,1
2005-10-30 17:00:00;7265;17;14,7;14,7;69,2;0,0;166,4
2005-10-30 18:00:00;7266;18;14,8;14,7;68,4;0,0;185,6
2005-10-30 19:00:00;7267;19;14,5;14,7;72,5;0,0;229,6
2005-10-30 20:00:00;7268;20;13,4;14,7;86,1;0,0;235,9
2005-10-30 21:00:00;7269;21;13,3;14,7;87,7;0,0;220,0
2005-10-30 22:00:00;7270;22;13,4;14,7;86,7;0,0;132,4
2005-10-30 23:00:00;7271;23;12,7;14,7;95,6;0,0;83,0
2005-10-31 00:00:00;7272;0;12,4;13,2;48,5;0,0;57,4
2005-10-31 01:00:00;7273;1;12,5;13,2;46,5;0,0;31,0
2005-10-31 02:00:00;7274;2;12,9;13,2;41,1;0,0;12,2
2005-10-31 03:00:00;7275;3;13,1;13,2;38,9;0,0;8,8
2005-10-31 04:00:00;7276;4;13,5;13,2;34,3;0,0;26,4
2005-10-31 05:00:00;7277;5;12,7;13,2;44,2;0,0;66,2
2005-10-31 06:00:00;7278;6;13,0;13,2;40,1;0,0;178,9
2005-10-31 07:00:00;7279;7;13,2;13,2;89,4;0,0;191,5
2005-10-31 08:00:00;7280;8;13,3;13,2;87,5;0,0;192,3
2005-10-31 09:00:00;7281;9;13,6;13,2;84,6;0,0;201,6
2005-10-31 10:00:00;7282;10;13,2;13,2;88,5;0,0;192,3
2005-10-31 11:00:00;7283;11;13,4;13,2;86,4;0,0;186,5
2005-10-31 12:00:00;7284;12;13,2;13,2;89,6;0,0;172,6
2005-10-31 13:00:00;7285;13;13,5;13,2;85,8;0,0;151,7
2005-10-31 14:00:00;7286;14;13,2;13,2;89,1;0,0;138,3
2005-10-31 15:00:00;7287;15;13,8;13,2;81,9;0,0;129,1
2005-10-31 16:00:00;7288;16;14,0;13,2;78,8;0,0;134,1
2005-10-31 17:00:00;7289;17;13,5;13,2;85,8;0,0;166,4
2005-10-31 18:00:00;7290;18;13,0;13,2;91,8;0,0;185,6
2005-10-31 19:00:00;7291;19;12,9;13,2;92,7;0,0;229,6
2005-10-31 20:00:00;7292;20;13,2;13,2;89,3;0,0;235,9
2005-10-31 21:00:00;7293;21;12,9;13,2;93,4;0,0;220,0
2005-10-31 22:00:00;7294;22;13,0;13,2;91,8;0,0;132,4
2005-10-31 23:00:00;7295;23;12,9;13,2;92,9;0,0;83,0
2005-11-01 00:00:00;7296;0;13,1;9,1;113,9;0,0;57,4
2005-11-01 01:00:00;7297;1;12,3;9,1;145,9;0,0;31,0
2005-11-01 02:00:00;7298;2;11,7;9,1;169,4;0,0;12,2
2005-11-01 03:00:00;7299;3;11,5;9,1;176,7;0,0;8,8
2005-11-01 04:00:00;7300;4;10,8;9,1;204,3;0,0;26,4
2005-11-01 05:00:00;7301;5;10,1;9,1;233,3;0,0;66,2
2005-11-01 06:00:00;7302;6;9,7;9,1;248,4;0,0;178,9
2005-11-01 07:00:00;7303;7;9,5;9,1;408,3;0,0;191,5
2005-11-01 08:00:00;7304;8;9,6;9,1;404,2;0,0;192,3
2005-11-01 09:00:00;7305;9;8,9;9,1;432,6;0,0;201,6
2005-11-01 10:00:00;7306;10;9,1;9,1;424,3;0,0;192,3
2005-11-01 11:00:00;7307;11;9,7;9,1;403,7;0,0;186,5
2005-11-01 12:00:00;7308;12;9,8;9,1;400,0;0,0;172,6
2005-11-01 13:00:00;7309;13;9,8;9,1;397,9;0,0;151,7
2005-11-01 14:00:00;7310;14;9,3;9,1;416,5;0,0;138,3
2005-11-01 15:00:00;7311;15;9,3;9,1;419,1;0,0;129,1
2005-11-01 16:00:00;7312;16;8,7;9,1;439,3;0,0;134,1
2005-11-01 17:00:00;7313;17;7,3;9,1;493,5;0,0;166,4
2005-11-01 18:00:00;7314;18;6,3;9,1;535,8;0,0;185,6
2005-11-01 19:00:00;7315;19;6,8;9,1;515,7;0,0;229,6
2005-11-01 20:00:00;7316;20;6,6;9,1;520,7;0,0;235,9
2005-11-01 21:00:00;7317;21;6,3;9,1;532,7;0,0;220,0
2005-11-01 22:00:00;7318;22;5,9;9,1;549,7;0,0;132,4
2005-11-01 23:00:00;7319;23;5,2;9,1;577,8;0,0;83,0
2005-11-02 00:00:00;7320;0;4,6;7,6;443,7;0,0;57,4
2005-11-02 01:00:00;7321;1;4,3;7,6;454,5;0,0;31,0
2005-11-02 02:00:00;7322;2;4,0;7,6;467,8;0,0;12,2
2005-11-02 03:00:00;7323;3;3,7;7,6;480,8;0,0;8,8
2005-11-02 04:00:00;7324;4;4,0;7,6;469,2;0,0;26,4
2005-11-02 05:00:00;7325;5;4,5;7,6;448,3;0,0;66,2
2005-11-02 06:00:00;7326;6;4,2;7,6;460,6;0,0;178,9
2005-11-02 07:00:00;7327;7;4,7;7,6;597,0;0,0;191,5
2005-11-02 08:00:00;7328;8;5,5;7,6;566,7;0,0;192,3
2005-11-02 09:00:00;7329;9;6,6;7,6;523,1;0,0;201,6
2005-11-02 10:00:00;7330;10;7,9;7,6;473,7;0,0;192,3
2005-11-02 11:00:00;7331;11;9,3;7,6;418,7;0,0;186,5
2005-11-02 12:00:00;7332;12;9,7;7,6;402,6;0,0;172,6
2005-11-02 13:00:00;7333;13;10,5;7,6;370,3;0,0;151,7
2005-11-02 14:00:00;7334;14;11,0;7,6;350,7;0,0;138,3
2005-11-02 15:00:00;7335;15;11,0;7,6;350,4;0,0;129,1
2005-11-02 16:00:00;7336;16;11,0;7,6;352,6;0,0;134,1
2005-11-02 17:00:00;7337;17;10,3;7,6;380,7;0,0;166,4
2005-11-02 18:00:00;7338;18;10,2;7,6;382,7;0,0;185,6
2005-11-02 19:00:00;7339;19;9,8;7,6;397,4;0,0;229,6
2005-11-02 20:00:00;7340;20;9,3;7,6;415,8;0,0;235,9
2005-11-02 21:00:00;7341;21;9,4;7,6;414,2;0,0;220,0
2005-11-02 22:00:00;7342;22;8,6;7,6;446,6;0,0;132,4
2005-11-02 23:00:00;7343;23;8,6;7,6;446,5;0,0;83,0
2005-11-03 00:00:00;7344;0;8,2;10,2;307,0;0,0;57,4
2005-11-03 01:00:00;7345;1;8,2;10,2;305,7;0,0;31,0
2005-11-03 02:00:00;7346;2;7,9;10,2;317,7;0,0;12,2
2005-11-03 03:00:00;7347;3;7,8;10,2;319,4;0,0;8,8
2005-11-03 04:00:00;7348;4;8,1;10,2;309,7;0,0;26,4
2005-11-03 05:00:00;7349;5;7,8;10,2;320,8;0,0;66,2
2005-11-03 06:00:00;7350;6;7,8;10,2;321,6;0,0;178,9
2005-11-03 07:00:00;7351;7;8,4;10,2;452,0;0,0;191,5
2005-11-03 08:00:00;7352;8;8,7;10,2;441,4;0,0;192,3
2005-11-03 09:00:00;7353;9;9,2;10,2;423,3;0,0;201,6
2005-11-03 10:00:00;7354;10;9,5;10,2;410,3;0,0;192,3
2005-11-03 11:00:00;7355;11;10,2;10,2;381,5;0,0;186,5
2005-11-03 12:00:00;7356;12;10,8;10,2;360,9;0,0;172,6
2005-11-03 13:00:00;7357;13;11,2;10,2;342,1;0,0;151,7
2005-11-03 14:00:00;7358;14;11,9;10,2;316,5;0,0;138,3
2005-11-03 15:00:00;7359;15;12,0;10,2;312,2;0,0;129,1
2005-11-03 16:00:00;7360;16;11,8;10,2;322,0;0,0;134,1
2005-11-03 17:00:00;7361;17;11,9;10,2;318,5;0,0;166,4
2005-11-03 18:00:00;7362;18;12,2;10,2;306,2;0,0;185,6
2005-11-03 19:00:00;7363;19;12,6;10,2;288,4;0,0;229,6
2005-11-03 20:00:00;7364;20;12,2;10,2;304,1;0,0;235,9
2005-11-03 21:00:00;7365;21;12,2;10,2;306,4;0,0;220,0
2005-11-03 22:00:00;7366;22;12,3;10,2;300,5;0,0;132,4
2005-11-03 23:00:00;7367;23;12,9;10,2;277,2;0,0;83,0
2005-11-04 00:00:00;7368;0;13,6;13,7;96,8;0,0;57,4
2005-11-04 01:00:00;7369;1;13,4;13,7;101,7;0,0;31,0
2005-11-04 02:00:00;7370;2;13,0;13,7;117,5;0,0;12,2
2005-11-04 03:00:00;7371;3;12,7;13,7;130,7;0,0;8,8
2005-11-04 04:00:00;7372;4;11,6;13,7;173,3;0,0;26,4
2005-11-04 05:00:00;7373;5;11,1;13,7;193,8;0,0;66,2
2005-11-04 06:00:00;7374;6;11,7;13,7;169,5;0,0;178,9
2005-11-04 07:00:00;7375;7;11,9;13,7;318,2;0,0;191,5
2005-11-04 08:00:00;7376;8;11,6;13,7;329,1;0,0;192,3
2005-11-04 09:00:00;7377;9;12,3;13,7;299,5;0,0;201,6
2005-11-04 10:00:00;7378;10;13,5;13,7;253,7;0,0;192,3
2005-11-04 11:00:00;7379;11;14,7;13,7;208,7;0,0;186,5
2005-11-04 12:00:00;7380;12;15,6;13,7;172,8;0,0;172,6
2005-11-04 13:00:00;7381;13;16,6;13,7;133,7;0,0;151,7
2005-11-04 14:00:00;7382;14;16,3;13,7;144,5;0,0;138,3
2005-11-04 15:00:00;7383;15;16,2;13,7;149,8;0,0;129,1
2005-11-04 16:00:00;7384;16;15,7;13,7;168,4;0,0;134,1
2005-11-04 17:00:00;7385;17;14,8;13,7;204,8;0,0;166,4
2005-11-04 18:00:00;7386;18;13,9;13,7;239,8;0,0;185,6
2005-11-04 19:00:00;7387;19;14,1;13,7;231,7;0,0;229,6
2005-11-04 20:00:00;7388;20;14,2;13,7;225,8;0,0;235,9
2005-11-04 21:00:00;7389;21;14,0;13,7;237,2;0,0;220,0
2005-11-04 22:00:00;7390;22;13,6;13,7;251,6;0,0;132,4
2005-11-04 23:00:00;7391;23;12,9;13,7;278,1;0,0;83,0
2005-11-05 00:00:00;7392;0;13,1;13,8;115,4;0,0;57,4
2005-11-05 01:00:00;7393;1;12,8;13,8;125,0;0,0;31,0
2005-11-05 02:00:00;7394;2;13,1;13,8;116,0;0,0;12,2
2005-11-05 03:00:00;7395;3;12,9;13,8;123,1;0,0;8,8
2005-11-05 04:00:00;7396;4;12,6;13,8;132,7;0,0;26,4
2005-11-05 05:00:00;7397;5;12,5;13,8;136,9;0,0;66,2
2005-11-05 06:00:00;7398;6;13,2;13,8;111,3;0,0;178,9
2005-11-05 07:00:00;7399;7;13,5;13,8;256,0;0,0;191,5
2005-11-05 08:00:00;7400;8;13,4;13,8;259,0;0,0;192,3
2005-11-05 09:00:00;7401;9;13,6;13,8;252,3;0,0;201,6
2005-11-05 10:00:00;7402;10;13,4;13,8;258,9;0,0;192,3
2005-11-05 11:00:00;7403;11;13,9;13,8;237,5;0,0;186,5
2005-11-05 12:00:00;7404;12;15,2;13,8;190,5;0,0;172,6
2005-11-05 13:00:00;7405;13;15,7;13,8;167,6;0,0;151,7
2005-11-05 14:00:00;7406;14;15,9;13,8;161,7;0,0;138,3
2005-11-05 15:00:00;7407;15;15,3;13,8;185,6;0,0;129,1
2005-11-05 16:00:00;7408;16;14,6;13,8;211,7;0,0;134,1
2005-11-05 17:00:00;7409;17;14,1;13,8;231,1;0,0;166,4
2005-11-05 18:00:00;7410;18;13,8;13,8;242,7;0,0;185,6
2005-11-05 19:00:00;7411;19;13,5;13,8;254,7;0,0;229,6
2005-11-05 20:00:00;7412;20;13,5;13,8;252,7;0,0;235,9
2005-11-05 21:00:00;7413;21;13,6;13,8;249,6;0,0;220,0
2005-11-05 22:00:00;7414;22;13,8;13,8;241,6;0,0;132,4
2005-11-05 23:00:00;7415;23;14,3;13,8;223,6;0,0;83,0
2005-11-06 00:00:00;7416;0;14,8;13,3;50,0;0,0;57,4
2005-11-06 01:00:00;7417;1;14,2;13,3;73,3;0,0;31,0
2005-11-06 02:00:00;7418;2;13,5;13,3;100,1;0,0;12,2
2005-11-06 03:00:00;7419;3;13,6;13,3;95,4;0,0;8,8
2005-11-06 04:00:00;7420;4;13,3;13,3;106,8;0,0;26,4
2005-11-06 05:00:00;7421;5;12,7;13,3;131,1;0,0;66,2
2005-11-06 06:00:00;7422;6;13,5;13,3;101,0;0,0;178,9
2005-11-06 07:00:00;7423;7;13,7;13,3;246,1;0,0;191,5
2005-11-06 08:00:00;7424;8;14,0;13,3;237,1;0,0;192,3
2005-11-06 09:00:00;7425;9;14,1;13,3;232,3;0,0;201,6
2005-11-06 10:00:00;7426;10;14,2;13,3;229,0;0,0;192,3
2005-11-06 11:00:00;7427;11;13,8;13,3;244,3;0,0;186,5
2005-11-06 12:00:00;7428;12;14,8;13,3;205,7;0,0;172,6
2005-11-06 13:00:00;7429;13;14,8;13,3;204,1;0,0;151,7
2005-11-06 14:00:00;7430;14;15,0;13,3;197,3;0,0;138,3
2005-11-06 15:00:00;7431;15;14,4;13,3;218,2;0,0;129,1
2005-11-06 16:00:00;7432;16;13,6;13,3;251,5;0,0;134,1
2005-11-06 17:00:00;7433;17;13,3;13,3;263,6;0,0;166,4
2005-11-06 18:00:00;7434;18;12,9;13,3;278,8;0,0;185,6
2005-11-06 19:00:00;7435;19;12,0;13,3;312,6;0,0;229,6
2005-11-06 20:00:00;7436;20;10,9;13,3;355,6;0,0;235,9
2005-11-06 21:00:00;7437;21;10,7;13,3;364,3;0,0;220,0
2005-11-06 22:00:00;7438;22;10,8;13,3;359,1;0,0;132,4
2005-11-06 23:00:00;7439;23;10,1;13,3;386,9;0,0;83,0
2005-11-07 00:00:00;7440;0;9,5;6,9;255,2;0,0;57,4
2005-11-07 01:00:00;7441;1;9,0;6,9;273,4;0,0;31,0
2005-11-07 02:00:00;7442;2;8,6;6,9;290,6;0,0;12,2
2005-11-07 03:00:00;7443;3;7,7;6,9;323,2;0,0;8,8
2005-11-07 04:00:00;7444;4;7,1;6,9;348,5;0,0;26,4
2005-11-07 05:00:00;7445;5;6,0;6,9;390,6;0,0;66,2
2005-11-07 06:00:00;7446;6;5,4;6,9;414,5;0,0;178,9
2005-11-07 07:00:00;7447;7;5,9;6,9;550,6;0,0;191,5
2005-11-07 08:00:00;7448;8;5,7;6,9;559,0;0,0;192,3
2005-11-07 09:00:00;7449;9;6,3;6,9;533,6;0,0;201,6
2005-11-07 10:00:00;7450;10;7,5;6,9;486,7;0,0;192,3
2005-11-07 11:00:00;7451;11;8,5;6,9;447,8;0,0;186,5
2005-11-07 12:00:00;7452;12;9,1;6,9;427,2;0,0;172,6
2005-11-07 13:00:00;7453;13;10,0;6,9;391,9;0,0;151,7
2005-11-07 14:00:00;7454;14;10,0;6,9;390,3;0,0;138,3
2005-11-07 15:00:00;7455;15;9,4;6,9;414,0;0,0;129,1
2005-11-07 16:00:00;7456;16;8,3;6,9;455,5;0,0;134,1
2005-11-07 17:00:00;7457;17;6,7;6,9;516,9;0,0;166,4
2005-11-07 18:00:00;7458;18;6,3;6,9;533,5;0,0;185,6
2005-11-07 19:00:00;7459;19;5,7;6,9;555,2;0,0;229,6
2005-11-07 20:00:00;7460;20;5,0;6,9;584,1;0,0;235,9
2005-11-07 21:00:00;7461;21;3,6;6,9;637,8;0,0;220,0
2005-11-07 22:00:00;7462;22;2,9;6,9;665,6;0,0;132,4
2005-11-07 23:00:00;7463;23;2,4;6,9;683,3;0,0;83,0
2005-11-08 00:00:00;7464;0;1,6;1,9;561,8;0,0;57,4
2005-11-08 01:00:00;7465;1;1,3;1,9;574,3;0,0;31,0
2005-11-08 02:00:00;7466;2;0,9;1,9;586,4;0,0;12,2
2005-11-08 03:00:00;7467;3;0,8;1,9;591,7;0,0;8,8
2005-11-08 04:00:00;7468;4;0,5;1,9;604,4;0,0;26,4
2005-11-08 05:00:00;7469;5;0,5;1,9;604,4;0,0;66,2
2005-11-08 06:00:00;7470;6;0,5;1,9;602,8;0,0;178,9
2005-11-08 07:00:00;7471;7;0,9;1,9;745,1;0,0;191,5
2005-11-08 08:00:00;7472;8;1,0;1,9;740,5;0,0;192,3
2005-11-08 09:00:00;7473;9;1,1;1,9;736,9;0,0;201,6
2005-11-08 10:00:00;7474;10;1,4;1,9;723,6;0,0;192,3
2005-11-08 11:00:00;7475;11;1,6;1,9;716,5;0,0;186,5
2005-11-08 12:00:00;7476;12;2,7;1,9;674,7;0,0;172,6
2005-11-08 13:00:00;7477;13;2,8;1,9;670,4;0,0;151,7
2005-11-08 14:00:00;7478;14;3,1;1,9;659,0;0,0;138,3
2005-11-08 15:00:00;7479;15;3,1;1,9;656,6;0,0;129,1
2005-11-08 16:00:00;7480;16;3,1;1,9;658,6;0,0;134,1
2005-11-08 17:00:00;7481;17;2,7;1,9;671,9;0,0;166,4
2005-11-08 18:00:00;7482;18;2,7;1,9;671,6;0,0;185,6
2005-11-08 19:00:00;7483;19;2,5;1,9;681,7;0,0;229,6
2005-11-08 20:00:00;7484;20;2,7;1,9;673,8;0,0;235,9
2005-11-08 21:00:00;7485;21;2,8;1,9;670,8;0,0;220,0
2005-11-08 22:00:00;7486;22;2,4;1,9;683,7;0,0;132,4
2005-11-08 23:00:00;7487;23;2,1;1,9;697,1;0,0;83,0
2005-11-09 00:00:00;7488;0;2,1;3,2;541,7;0,0;57,4
2005-11-09 01:00:00;7489;1;1,9;3,2;548,8;0,0;31,0
2005-11-09 02:00:00;7490;2;2,0;3,2;545,3;0,0;12,2
2005-11-09 03:00:00;7491;3;1,4;3,2;570,0;0,0;8,8
2005-11-09 04:00:00;7492;4;1,6;3,2;561,1;0,0;26,4
2005-11-09 05:00:00;7493;5;2,1;3,2;543,1;0,0;66,2
2005-11-09 06:00:00;7494;6;2,3;3,2;535,6;0,0;178,9
2005-11-09 07:00:00;7495;7;1,6;3,2;715,9;0,0;191,5
2005-11-09 08:00:00;7496;8;1,5;3,2;720,0;0,0;192,3
2005-11-09 09:00:00;7497;9;3,1;3,2;659,8;0,0;201,6
2005-11-09 10:00:00;7498;10;3,6;3,2;638,8;0,0;192,3
2005-11-09 11:00:00;7499;11;5,3;3,2;571,3;0,0;186,5
2005-11-09 12:00:00;7500;12;6,1;3,2;540,6;0,0;172,6
2005-11-09 13:00:00;7501;13;6,3;3,2;533,6;0,0;151,7
2005-11-09 14:00:00;7502;14;6,4;3,2;529,5;0,0;138,3
2005-11-09 15:00:00;7503;15;6,0;3,2;546,1;0,0;129,1
2005-11-09 16:00:00;7504;16;5,3;3,2;572,1;0,0;134,1
2005-11-09 17:00:00;7505;17;4,6;3,2;600,6;0,0;166,4
2005-11-09 18:00:00;7506;18;3,8;3,2;632,0;0,0;185,6
2005-11-09 19:00:00;7507;19;3,1;3,2;659,0;0,0;229,6
2005-11-09 20:00:00;7508;20;2,1;3,2;697,6;0,0;235,9
2005-11-09 21:00:00;7509;21;1,6;3,2;715,3;0,0;220,0
2005-11-09 22:00:00;7510;22;1,6;3,2;717,9;0,0;132,4
2005-11-09 23:00:00;7511;23;0,9;3,2;742,5;0,0;83,0
2005-11-10 00:00:00;7512;0;0,3;2,1;609,8;0,0;57,4
2005-11-10 01:00:00;7513;1;0,9;2,1;586,3;0,0;31,0
2005-11-10 02:00:00;7514;2;1,0;2,1;584,8;0,0;12,2
2005-11-10 03:00:00;7515;3;1,1;2,1;580,3;0,0;8,8
2005-11-10 04:00:00;7516;4;0,9;2,1;589,8;0,0;26,4
2005-11-10 05:00:00;7517;5;1,1;2,1;580,2;0,0;66,2
2005-11-10 06:00:00;7518;6;1,0;2,1;583,0;0,0;178,9
2005-11-10 07:00:00;7519;7;1,3;2,1;727,3;0,0;191,5
2005-11-10 08:00:00;7520;8;1,5;2,1;718,3;0,0;192,3
2005-11-10 09:00:00;7521;9;2,1;2,1;697,7;0,0;201,6
2005-11-10 10:00:00;7522;10;2,5;2,1;681,9;0,0;192,3
2005-11-10 11:00:00;7523;11;2,8;2,1;668,7;0,0;186,5
2005-11-10 12:00:00;7524;12;2,9;2,1;666,3;0,0;172,6
2005-11-10 13:00:00;7525;13;3,3;2,1;649,1;0,0;151,7
2005-11-10 14:00:00;7526;14;4,1;2,1;617,6;0,0;138,3
2005-11-10 15:00:00;7527;15;3,6;2,1;640,3;0,0;129,1
2005-11-10 16:00:00;7528;16;2,7;2,1;672,0;0,0;134,1
2005-11-10 17:00:00;7529;17;2,7;2,1;673,6;0,0;166,4
2005-11-10 18:00:00;7530;18;2,7;2,1;672,0;0,0;185,6
2005-11-10 19:00:00;7531;19;2,7;2,1;672,0;0,0;229,6
2005-11-10 20:00:00;7532;20;2,4;2,1;686,5;0,0;235,9
2005-11-10 21:00:00;7533;21;1,9;2,1;705,2;0,0;220,0
2005-11-10 22:00:00;7534;22;2,5;2,1;681,2;0,0;132,4
2005-11-10 23:00:00;7535;23;2,2;2,1;693,2;0,0;83,0
2005-11-11 00:00:00;7536;0;2,8;1,1;516,3;0,0;57,4
2005-11-11 01:00:00;7537;1;1,8;1,1;552,8;0,0;31,0
2005-11-11 02:00:00;7538;2;1,3;1,1;572,3;0,0;12,2
2005-11-11 03:00:00;7539;3;1,6;1,1;562,5;0,0;8,8
2005-11-11 04:00:00;7540;4;1,5;1,1;566,4;0,0;26,4
2005-11-11 05:00:00;7541;5;1,5;1,1;566,4;0,0;66,2
2005-11-11 06:00:00;7542;6;1,6;1,1;559,7;0,0;178,9
2005-11-11 07:00:00;7543;7;1,1;1,1;734,1;0,0;191,5
2005-11-11 08:00:00;7544;8;0,9;1,1;744,4;0,0;192,3
2005-11-11 09:00:00;7545;9;1,3;1,1;728,3;0,0;201,6
2005-11-11 10:00:00;7546;10;1,2;1,1;731,0;0,0;192,3
2005-11-11 11:00:00;7547;11;1,4;1,1;723,9;0,0;186,5
2005-11-11 12:00:00;7548;12;2,0;1,1;701,9;0,0;172,6
2005-11-11 13:00:00;7549;13;2,8;1,1;669,1;0,0;151,7
2005-11-11 14:00:00;7550;14;2,7;1,1;671,8;0,0;138,3
2005-11-11 15:00:00;7551;15;2,2;1,1;694,0;0,0;129,1
2005-11-11 16:00:00;7552;16;2,1;1,1;695,8;0,0;134,1
2005-11-11 17:00:00;7553;17;0,5;1,1;757,9;0,0;166,4
2005-11-11 18:00:00;7554;18;-0,2;1,1;787,8;0,0;185,6
2005-11-11 19:00:00;7555;19;0,4;1,1;764,4;0,0;229,6
2005-11-11 20:00:00;7556;20;0,1;1,1;775,3;0,0;235,9
2005-11-11 21:00:00;7557;21;-0,5;1,1;798,3;0,0;220,0
2005-11-11 22:00:00;7558;22;-1,1;1,1;820,6;0,0;132,4
2005-11-11 23:00:00;7559;23;-1,8;1,1;848,1;0,0;83,0
2005-11-12 00:00:00;7560;0;-1,9;-3,4;695,1;0,0;57,4
2005-11-12 01:00:00;7561;1;-1,8;-3,4;692,6;0,0;31,0
2005-11-12 02:00:00;7562;2;-2,2;-3,4;707,1;0,0;12,2
2005-11-12 03:00:00;7563;3;-2,0;-3,4;701,1;0,0;8,8
2005-11-12 04:00:00;7564;4;-2,5;-3,4;721,0;0,0;26,4
2005-11-12 05:00:00;7565;5;-2,8;-3,4;733,2;0,0;66,2
2005-11-12 06:00:00;7566;6;-3,1;-3,4;744,6;0,0;178,9
2005-11-12 07:00:00;7567;7;-3,5;-3,4;915,8;0,0;191,5
2005-11-12 08:00:00;7568;8;-3,5;-3,4;913,8;0,0;192,3
2005-11-12 09:00:00;7569;9;-4,0;-3,4;932,0;0,0;201,6
2005-11-12 10:00:00;7570;10;-4,5;-3,4;951,2;0,0;192,3
2005-11-12 11:00:00;7571;11;-4,1;-3,4;937,5;0,0;186,5
2005-11-12 12:00:00;7572;12;-4,4;-3,4;947,4;0,0;172,6
2005-11-12 13:00:00;7573;13;-4,5;-3,4;951,8;0,0;151,7
2005-11-12 14:00:00;7574;14;-3,6;-3,4;916,0;0,0;138,3
2005-11-12 15:00:00;7575;15;-3,0;-3,4;895,7;0,0;129,1
2005-11-12 16:00:00;7576;16;-4,0;-3,4;931,6;0,0;134,1
2005-11-12 17:00:00;7577;17;-4,1;-3,4;935,3;0,0;166,4
2005-11-12 18:00:00;7578;18;-3,4;-3,4;908,4;0,0;185,6
2005-11-12 19:00:00;7579;19;-3,2;-3,4;900,9;0,0;229,6
2005-11-12 20:00:00;7580;20;-3,6;-3,4;919,5;0,0;235,9
2005-11-12 21:00:00;7581;21;-3,6;-3,4;916,9;0,0;220,0
2005-11-12 22:00:00;7582;22;-3,5;-3,4;915,2;0,0;132,4
2005-11-12 23:00:00;7583;23;-4,4;-3,4;947,2;0,0;83,0
2005-11-13 00:00:00;7584;0;-4,3;-0,9;789,6;0,0;57,4
2005-11-13 01:00:00;7585;1;-4,7;-0,9;805,4;0,0;31,0
2005-11-13 02:00:00;7586;2;-4,8;-0,9;810,7;0,0;12,2
2005-11-13 03:00:00;7587;3;-4,8;-0,9;809,5;0,0;8,8
2005-11-13 04:00:00;7588;4;-4,3;-0,9;790,9;0,0;26,4
2005-11-13 05:00:00;7589;5;-3,7;-0,9;767,7;0,0;66,2
2005-11-13 06:00:00;7590;6;-3,1;-0,9;744,4;0,0;178,9
2005-11-13 07:00:00;7591;7;-2,7;-0,9;882,0;0,0;191,5
2005-11-13 08:00:00;7592;8;-2,5;-0,9;876,9;0,0;192,3
2005-11-13 09:00:00;7593;9;-2,9;-0,9;890,7;0,0;201,6
2005-11-13 10:00:00;7594;10;-1,8;-0,9;847,6;0,0;192,3
2005-11-13 11:00:00;7595;11;-0,9;-0,9;814,9;0,0;186,5
2005-11-13 12:00:00;7596;12;-0,3;-0,9;790,2;0,0;172,6
2005-11-13 13:00:00;7597;13;0,9;-0,9;744,9;0,0;151,7
2005-11-13 14:00:00;7598;14;1,5;-0,9;719,0;0,0;138,3
2005-11-13 15:00:00;7599;15;1,5;-0,9;719,7;0,0;129,1
2005-11-13 16:00:00;7600;16;2,0;-0,9;699,1;0,0;134,1
2005-11-13 17:00:00;7601;17;2,2;-0,9;692,0;0,0;166,4
2005-11-13 18:00:00;7602;18;1,9;-0,9;703,7;0,0;185,6
2005-11-13 19:00:00;7603;19;1,2;-0,9;731,9;0,0;229,6
2005-11-13 20:00:00;7604;20;1,3;-0,9;728,7;0,0;235,9
2005-11-13 21:00:00;7605;21;1,9;-0,9;703,4;0,0;220,0
2005-11-13 22:00:00;7606;22;2,1;-0,9;695,4;0,0;132,4
2005-11-13 23:00:00;7607;23;1,9;-0,9;706,3;0,0;83,0
2005-11-14 00:00:00;7608;0;2,2;3,3;536,9;0,0;57,4
2005-11-14 01:00:00;7609;1;2,3;3,3;535,2;0,0;31,0
2005-11-14 02:00:00;7610;2;2,2;3,3;536,6;0,0;12,2
2005-11-14 03:00:00;7611;3;1,5;3,3;564,8;0,0;8,8
2005-11-14 04:00:00;7612;4;0,8;3,3;593,0;0,0;26,4
2005-11-14 05:00:00;7613;5;0,4;3,3;607,7;0,0;66,2
2005-11-14 06:00:00;7614;6;0,5;3,3;604,7;0,0;178,9
2005-11-14 07:00:00;7615;7;0,5;3,3;759,2;0,0;191,5
2005-11-14 08:00:00;7616;8;1,2;3,3;730,4;0,0;192,3
2005-11-14 09:00:00;7617;9;1,6;3,3;714,4;0,0;201,6
2005-11-14 10:00:00;7618;10;3,1;3,3;657,2;0,0;192,3
2005-11-14 11:00:00;7619;11;4,0;3,3;624,3;0,0;186,5
2005-11-14 12:00:00;7620;12;4,5;3,3;602,1;0,0;172,6
2005-11-14 13:00:00;7621;13;5,4;3,3;568,1;0,0;151,7
2005-11-14 14:00:00;7622;14;6,2;3,3;538,1;0,0;138,3
2005-11-14 15:00:00;7623;15;6,2;3,3;537,5;0,0;129,1
2005-11-14 16:00:00;7624;16;5,3;3,3;572,5;0,0;134,1
2005-11-14 17:00:00;7625;17;4,9;3,3;589,7;0,0;166,4
2005-11-14 18:00:00;7626;18;4,7;3,3;595,9;0,0;185,6
2005-11-14 19:00:00;7627;19;4,4;3,3;605,7;0,0;229,6
2005-11-14 20:00:00;7628;20;4,6;3,3;598,2;0,0;235,9
2005-11-14 21:00:00;7629;21;4,7;3,3;595,7;0,0;220,0
2005-11-14 22:00:00;7630;22;4,5;3,3;604,6;0,0;132,4
2005-11-14 23:00:00;7631;23;4,6;3,3;600,9;0,0;83,0
2005-11-15 00:00:00;7632;0;4,4;6,8;454,3;0,0;57,4
2005-11-15 01:00:00;7633;1;4,1;6,8;465,5;0,0;31,0
2005-11-15 02:00:00;7634;2;4,1;6,8;465,0;0,0;12,2
2005-11-15 03:00:00;7635;3;4,0;6,8;469,6;0,0;8,8
2005-11-15 04:00:00;7636;4;4,3;6,8;455,7;0,0;26,4
2005-11-15 05:00:00;7637;5;4,7;6,8;442,6;0,0;66,2
2005-11-15 06:00:00;7638;6;4,1;6,8;462,8;0,0;178,9
2005-11-15 07:00:00;7639;7;4,7;6,8;596,2;0,0;191,5
2005-11-15 08:00:00;7640;8;5,8;6,8;552,1;0,0;192,3
2005-11-15 09:00:00;7641;9;6,3;6,8;535,0;0,0;201,6
2005-11-15 10:00:00;7642;10;7,4;6,8;492,4;0,0;192,3
2005-11-15 11:00:00;7643;11;7,3;6,8;495,7;0,0;186,5
2005-11-15 12:00:00;7644;12;8,2;6,8;460,1;0,0;172,6
2005-11-15 13:00:00;7645;13;9,1;6,8;425,5;0,0;151,7
2005-11-15 14:00:00;7646;14;9,2;6,8;420,7;0,0;138,3
2005-11-15 15:00:00;7647;15;9,5;6,8;409,9;0,0;129,1
2005-11-15 16:00:00;7648;16;9,6;6,8;407,5;0,0;134,1
2005-11-15 17:00:00;7649;17;9,0;6,8;429,8;0,0;166,4
2005-11-15 18:00:00;7650;18;7,7;6,8;478,1;0,0;185,6
2005-11-15 19:00:00;7651;19;7,6;6,8;484,2;0,0;229,6
2005-11-15 20:00:00;7652;20;7,9;6,8;473,2;0,0;235,9
2005-11-15 21:00:00;7653;21;7,5;6,8;486,6;0,0;220,0
2005-11-15 22:00:00;7654;22;7,8;6,8;476,9;0,0;132,4
2005-11-15 23:00:00;7655;23;8,0;6,8;467,2;0,0;83,0
2005-11-16 00:00:00;7656;0;8,0;9,9;314,1;0,0;57,4
2005-11-16 01:00:00;7657;1;8,5;9,9;293,4;0,0;31,0
2005-11-16 02:00:00;7658;2;8,1;9,9;309,9;0,0;12,2
2005-11-16 03:00:00;7659;3;8,2;9,9;303,3;0,0;8,8
2005-11-16 04:00:00;7660;4;8,1;9,9;310,2;0,0;26,4
2005-11-16 05:00:00;7661;5;8,6;9,9;291,5;0,0;66,2
2005-11-16 06:00:00;7662;6;8,1;9,9;309,3;0,0;178,9
2005-11-16 07:00:00;7663;7;8,2;9,9;459,4;0,0;191,5
2005-11-16 08:00:00;7664;8;8,6;9,9;442,9;0,0;192,3
2005-11-16 09:00:00;7665;9;8,9;9,9;433,2;0,0;201,6
2005-11-16 10:00:00;7666;10;10,0;9,9;389,4;0,0;192,3
2005-11-16 11:00:00;7667;11;10,8;9,9;360,8;0,0;186,5
2005-11-16 12:00:00;7668;12;11,6;9,9;329,3;0,0;172,6
2005-11-16 13:00:00;7669;13;11,9;9,9;316,0;0,0;151,7
2005-11-16 14:00:00;7670;14;12,7;9,9;286,5;0,0;138,3
2005-11-16 15:00:00;7671;15;12,3;9,9;302,8;0,0;129,1
2005-11-16 16:00:00;7672;16;11,8;9,9;318,7;0,0;134,1
2005-11-16 17:00:00;7673;17;10,7;9,9;362,1;0,0;166,4
2005-11-16 18:00:00;7674;18;10,7;9,9;363,4;0,0;185,6
2005-11-16 19:00:00;7675;19;10,4;9,9;373,4;0,0;229,6
2005-11-16 20:00:00;7676;20;10,8;9,9;357,6;0,0;235,9
2005-11-16 21:00:00;7677;21;10,5;9,9;370,6;0,0;220,0
2005-11-16 22:00:00;7678;22;10,6;9,9;366,1;0,0;132,4
2005-11-16 23:00:00;7679;23;10,3;9,9;378,2;0,0;83,0
2005-11-17 00:00:00;7680;0;10,4;8,9;220,2;0,0;57,4
2005-11-17 01:00:00;7681;1;10,1;8,9;232,6;0,0;31,0
2005-11-17 02:00:00;7682;2;10,7;8,9;206,9;0,0;12,2
2005-11-17 03:00:00;7683;3;10,7;8,9;209,3;0,0;8,8
2005-11-17 04:00:00;7684;4;10,5;8,9;214,8;0,0;26,4
2005-11-17 05:00:00;7685;5;10,3;8,9;225,2;0,0;66,2
2005-11-17 06:00:00;7686;6;10,6;8,9;211,9;0,0;178,9
2005-11-17 07:00:00;7687;7;9,4;8,9;415,1;0,0;191,5
2005-11-17 08:00:00;7688;8;9,4;8,9;415,0;0,0;192,3
2005-11-17 09:00:00;7689;9;9,3;8,9;418,2;0,0;201,6
2005-11-17 10:00:00;7690;10;9,2;8,9;422,3;0,0;192,3
2005-11-17 11:00:00;7691;11;9,2;8,9;420,5;0,0;186,5
2005-11-17 12:00:00;7692;12;9,5;8,9;409,9;0,0;172,6
2005-11-17 13:00:00;7693;13;9,5;8,9;408,6;0,0;151,7
2005-11-17 14:00:00;7694;14;9,5;8,9;410,5;0,0;138,3
2005-11-17 15:00:00;7695;15;8,9;8,9;433,4;0,0;129,1
2005-11-17 16:00:00;7696;16;8,5;8,9;446,8;0,0;134,1
2005-11-17 17:00:00;7697;17;7,6;8,9;482,5;0,0;166,4
2005-11-17 18:00:00;7698;18;7,6;8,9;483,7;0,0;185,6
2005-11-17 19:00:00;7699;19;6,3;8,9;534,5;0,0;229,6
2005-11-17 20:00:00;7700;20;6,8;8,9;514,8;0,0;235,9
2005-11-17 21:00:00;7701;21;6,6;8,9;522,3;0,0;220,0
2005-11-17 22:00:00;7702;22;6,6;8,9;522,0;0,0;132,4
2005-11-17 23:00:00;7703;23;7,0;8,9;506,0;0,0;83,0
2005-11-18 00:00:00;7704;0;6,8;6,5;361,1;0,0;57,4
2005-11-18 01:00:00;7705;1;6,6;6,5;366,5;0,0;31,0
2005-11-18 02:00:00;7706;2;6,6;6,5;365,7;0,0;12,2
2005-11-18 03:00:00;7707;3;5,7;6,5;402,2;0,0;8,8
2005-11-18 04:00:00;7708;4;6,0;6,5;391,0;0,0;26,4
2005-11-18 05:00:00;7709;5;6,0;6,5;389,0;0,0;66,2
2005-11-18 06:00:00;7710;6;5,9;6,5;394,0;0,0;178,9
2005-11-18 07:00:00;7711;7;5,8;6,5;553,2;0,0;191,5
2005-11-18 08:00:00;7712;8;5,9;6,5;548,6;0,0;192,3
2005-11-18 09:00:00;7713;9;6,0;6,5;544,1;0,0;201,6
2005-11-18 10:00:00;7714;10;6,6;6,5;520,6;0,0;192,3
2005-11-18 11:00:00;7715;11;7,8;6,5;476,1;0,0;186,5
2005-11-18 12:00:00;7716;12;8,8;6,5;437,4;0,0;172,6
2005-11-18 13:00:00;7717;13;9,1;6,5;424,0;0,0;151,7
2005-11-18 14:00:00;7718;14;8,5;6,5;450,5;0,0;138,3
2005-11-18 15:00:00;7719;15;8,5;6,5;448,8;0,0;129,1
2005-11-18 16:00:00;7720;16;7,6;6,5;484,2;0,0;134,1
2005-11-18 17:00:00;7721;17;7,1;6,5;503,5;0,0;166,4
2005-11-18 18:00:00;7722;18;6,7;6,5;517,2;0,0;185,6
2005-11-18 19:00:00;7723;19;5,6;6,5;561,4;0,0;229,6
2005-11-18 20:00:00;7724;20;5,0;6,5;583,4;0,0;235,9
2005-11-18 21:00:00;7725;21;4,7;6,5;595,7;0,0;220,0
2005-11-18 22:00:00;7726;22;4,6;6,5;598,5;0,0;132,4
2005-11-18 23:00:00;7727;23;4,0;6,5;623,6;0,0;83,0
2005-11-19 00:00:00;7728;0;3,4;1,0;492,9;0,0;57,4
2005-11-19 01:00:00;7729;1;3,0;1,0;507,6;0,0;31,0
2005-11-19 02:00:00;7730;2;2,2;1,0;537,8;0,0;12,2
2005-11-19 03:00:00;7731;3;1,8;1,0;554,1;0,0;8,8
2005-11-19 04:00:00;7732;4;1,2;1,0;578,0;0,0;26,4
2005-11-19 05:00:00;7733;5;0,4;1,0;605,7;0,0;66,2
2005-11-19 06:00:00;7734;6;-0,1;1,0;627,2;0,0;178,9
2005-11-19 07:00:00;7735;7;-0,2;1,0;784,2;0,0;191,5
2005-11-19 08:00:00;7736;8;-0,1;1,0;781,3;0,0;192,3
2005-11-19 09:00:00;7737;9;1,2;1,0;730,9;0,0;201,6
2005-11-19 10:00:00;7738;10;1,6;1,0;714,6;0,0;192,3
2005-11-19 11:00:00;7739;11;2,7;1,0;674,4;0,0;186,5
2005-11-19 12:00:00;7740;12;3,5;1,0;641,3;0,0;172,6
2005-11-19 13:00:00;7741;13;3,7;1,0;633,7;0,0;151,7
2005-11-19 14:00:00;7742;14;3,2;1,0;653,4;0,0;138,3
2005-11-19 15:00:00;7743;15;2,7;1,0;673,8;0,0;129,1
2005-11-19 16:00:00;7744;16;1,7;1,0;712,6;0,0;134,1
2005-11-19 17:00:00;7745;17;0,4;1,0;760,8;0,0;166,4
2005-11-19 18:00:00;7746;18;0,4;1,0;761,5;0,0;185,6
2005-11-19 19:00:00;7747;19;-0,4;1,0;794,5;0,0;229,6
2005-11-19 20:00:00;7748;20;-0,9;1,0;813,3;0,0;235,9
2005-11-19 21:00:00;7749;21;-1,7;1,0;843,1;0,0;220,0
2005-11-19 22:00:00;7750;22;-2,6;1,0;878,9;0,0;132,4
2005-11-19 23:00:00;7751;23;-3,0;1,0;895,0;0,0;83,0
2005-11-20 00:00:00;7752;0;-3,3;-0,1;751,7;0,0;57,4
2005-11-20 01:00:00;7753;1;-2,8;-0,1;730,6;0,0;31,0
2005-11-20 02:00:00;7754;2;-3,0;-0,1;740,2;0,0;12,2
2005-11-20 03:00:00;7755;3;-2,8;-0,1;730,2;0,0;8,8
2005-11-20 04:00:00;7756;4;-2,5;-0,1;718,2;0,0;26,4
2005-11-20 05:00:00;7757;5;-2,7;-0,1;729,6;0,0;66,2
2005-11-20 06:00:00;7758;6;-3,5;-0,1;759,0;0,0;178,9
2005-11-20 07:00:00;7759;7;-3,1;-0,1;899,5;0,0;191,5
2005-11-20 08:00:00;7760;8;-2,7;-0,1;882,7;0,0;192,3
2005-11-20 09:00:00;7761;9;-1,5;-0,1;837,0;0,0;201,6
2005-11-20 10:00:00;7762;10;-0,3;-0,1;791,4;0,0;192,3
2005-11-20 11:00:00;7763;11;0,7;-0,1;751,8;0,0;186,5
2005-11-20 12:00:00;7764;12;2,0;-0,1;700,5;0,0;172,6
2005-11-20 13:00:00;7765;13;3,6;-0,1;638,5;0,0;151,7
2005-11-20 14:00:00;7766;14;3,7;-0,1;635,3;0,0;138,3
2005-11-20 15:00:00;7767;15;4,2;-0,1;615,9;0,0;129,1
2005-11-20 16:00:00;7768;16;3,8;-0,1;630,8;0,0;134,1
2005-11-20 17:00:00;7769;17;2,3;-0,1;689,4;0,0;166,4
2005-11-20 18:00:00;7770;18;1,2;-0,1;732,4;0,0;185,6
2005-11-20 19:00:00;7771;19;1,1;-0,1;736,6;0,0;229,6
2005-11-20 20:00:00;7772;20;1,0;-0,1;741,2;0,0;235,9
2005-11-20 21:00:00;7773;21;0,9;-0,1;741,7;0,0;220,0
2005-11-20 22:00:00;7774;22;0,6;-0,1;753,0;0,0;132,4
2005-11-20 23:00:00;7775;23;-0,1;-0,1;782,2;0,0;83,0
2005-11-21 00:00:00;7776;0;-0,4;1,5;637,3;0,0;57,4
2005-11-21 01:00:00;7777;1;0,2;1,5;615,0;0,0;31,0
2005-11-21 02:00:00;7778;2;-0,1;1,5;625,4;0,0;12,2
2005-11-21 03:00:00;7779;3;-0,7;1,5;649,0;0,0;8,8
2005-11-21 04:00:00;7780;4;-0,9;1,5;657,3;0,0;26,4
2005-11-21 05:00:00;7781;5;-1,2;1,5;668,5;0,0;66,2
2005-11-21 06:00:00;7782;6;-0,9;1,5;656,6;0,0;178,9
2005-11-21 07:00:00;7783;7;-0,2;1,5;787,4;0,0;191,5
2005-11-21 08:00:00;7784;8;0,1;1,5;774,3;0,0;192,3
2005-11-21 09:00:00;7785;9;1,1;1,5;734,7;0,0;201,6
2005-11-21 10:00:00;7786;10;2,7;1,5;672,6;0,0;192,3
2005-11-21 11:00:00;7787;11;3,7;1,5;636,1;0,0;186,5
2005-11-21 12:00:00;7788;12;4,6;1,5;601,3;0,0;172,6
2005-11-21 13:00:00;7789;13;4,6;1,5;598,8;0,0;151,7
2005-11-21 14:00:00;7790;14;4,8;1,5;593,7;0,0;138,3
2005-11-21 15:00:00;7791;15;4,6;1,5;601,3;0,0;129,1
2005-11-21 16:00:00;7792;16;4,1;1,5;618,7;0,0;134,1
2005-11-21 17:00:00;7793;17;2,9;1,5;667,5;0,0;166,4
2005-11-21 18:00:00;7794;18;2,3;1,5;690,7;0,0;185,6
2005-11-21 19:00:00;7795;19;1,5;1,5;721,6;0,0;229,6
2005-11-21 20:00:00;7796;20;1,9;1,5;705,5;0,0;235,9
2005-11-21 21:00:00;7797;21;1,0;1,5;740,6;0,0;220,0
2005-11-21 22:00:00;7798;22;0,6;1,5;754,3;0,0;132,4
2005-11-21 23:00:00;7799;23;0,2;1,5;771,5;0,0;83,0
2005-11-22 00:00:00;7800;0;0,5;2,7;603,7;0,0;57,4
2005-11-22 01:00:00;7801;1;0,3;2,7;611,5;0,0;31,0
2005-11-22 02:00:00;7802;2;0,5;2,7;601,8;0,0;12,2
2005-11-22 03:00:00;7803;3;0,3;2,7;610,4;0,0;8,8
2005-11-22 04:00:00;7804;4;0,1;2,7;620,2;0,0;26,4
2005-11-22 05:00:00;7805;5;-0,2;2,7;630,2;0,0;66,2
2005-11-22 06:00:00;7806;6;-0,9;2,7;658,9;0,0;178,9
2005-11-22 07:00:00;7807;7;-0,6;2,7;800,2;0,0;191,5
2005-11-22 08:00:00;7808;8;0,0;2,7;777,5;0,0;192,3
2005-11-22 09:00:00;7809;9;0,3;2,7;767,2;0,0;201,6
2005-11-22 10:00:00;7810;10;1,6;2,7;714,9;0,0;192,3
2005-11-22 11:00:00;7811;11;2,8;2,7;667,9;0,0;186,5
2005-11-22 12:00:00;7812;12;4,9;2,7;589,8;0,0;172,6
2005-11-22 13:00:00;7813;13;5,9;2,7;549,1;0,0;151,7
2005-11-22 14:00:00;7814;14;6,3;2,7;534,2;0,0;138,3
2005-11-22 15:00:00;7815;15;5,9;2,7;549,6;0,0;129,1
2005-11-22 16:00:00;7816;16;6,0;2,7;546,8;0,0;134,1
2005-11-22 17:00:00;7817;17;5,7;2,7;557,7;0,0;166,4
2005-11-22 18:00:00;7818;18;5,8;2,7;552,4;0,0;185,6
2005-11-22 19:00:00;7819;19;4,5;2,7;603,8;0,0;229,6
2005-11-22 20:00:00;7820;20;3,8;2,7;630,1;0,0;235,9
2005-11-22 21:00:00;7821;21;3,6;2,7;640,4;0,0;220,0
2005-11-22 22:00:00;7822;22;3,7;2,7;633,6;0,0;132,4
2005-11-22 23:00:00;7823;23;3,5;2,7;642,3;0,0;83,0
2005-11-23 00:00:00;7824;0;3,6;6,0;484,9;0,0;57,4
2005-11-23 01:00:00;7825;1;3,7;6,0;481,3;0,0;31,0
2005-11-23 02:00:00;7826;2;3,7;6,0;478,7;0,0;12,2
2005-11-23 03:00:00;7827;3;3,8;6,0;475,5;0,0;8,8
2005-11-23 04:00:00;7828;4;3,8;6,0;473,8;0,0;26,4
2005-11-23 05:00:00;7829;5;3,6;6,0;485,0;0,0;66,2
2005-11-23 06:00:00;7830;6;3,8;6,0;477,6;0,0;178,9
2005-11-23 07:00:00;7831;7;4,0;6,0;623,0;0,0;191,5
2005-11-23 08:00:00;7832;8;4,1;6,0;619,1;0,0;192,3
2005-11-23 09:00:00;7833;9;4,5;6,0;605,2;0,0;201,6
2005-11-23 10:00:00;7834;10;4,8;6,0;592,2;0,0;192,3
2005-11-23 11:00:00;7835;11;6,0;6,0;545,7;0,0;186,5
2005-11-23 12:00:00;7836;12;7,1;6,0;504,4;0,0;172,6
2005-11-23 13:00:00;7837;13;7,9;6,0;473,1;0,0;151,7
2005-11-23 14:00:00;7838;14;8,2;6,0;458,4;0,0;138,3
2005-11-23 15:00:00;7839;15;8,1;6,0;465,0;0,0;129,1
2005-11-23 16:00:00;7840;16;8,5;6,0;448,9;0,0;134,1
2005-11-23 17:00:00;7841;17;8,1;6,0;466,0;0,0;166,4
2005-11-23 18:00:00;7842;18;8,2;6,0;461,8;0,0;185,6
2005-11-23 19:00:00;7843;19;7,9;6,0;473,2;0,0;229,6
2005-11-23 20:00:00;7844;20;7,9;6,0;473,6;0,0;235,9
2005-11-23 21:00:00;7845;21;7,5;6,0;486,0;0,0;220,0
2005-11-23 22:00:00;7846;22;8,2;6,0;460,0;0,0;132,4
2005-11-23 23:00:00;7847;23;8,4;6,0;452,8;0,0;83,0
2005-11-24 00:00:00;7848;0;8,8;7,6;283,7;0,0;57,4
2005-11-24 01:00:00;7849;1;8,2;7,6;304,2;0,0;31,0
2005-11-24 02:00:00;7850;2;8,0;7,6;314,0;0,0;12,2
2005-11-24 03:00:00;7851;3;8,0;7,6;311,8;0,0;8,8
2005-11-24 04:00:00;7852;4;7,2;7,6;343,1;0,0;26,4
2005-11-24 05:00:00;7853;5;7,7;7,6;322,9;0,0;66,2
2005-11-24 06:00:00;7854;6;7,4;7,6;338,0;0,0;178,9
2005-11-24 07:00:00;7855;7;6,6;7,6;521,6;0,0;191,5
2005-11-24 08:00:00;7856;8;6,7;7,6;519,2;0,0;192,3
2005-11-24 09:00:00;7857;9;7,3;7,6;496,3;0,0;201,6
2005-11-24 10:00:00;7858;10;8,6;7,6;445,6;0,0;192,3
2005-11-24 11:00:00;7859;11;9,4;7,6;414,8;0,0;186,5
2005-11-24 12:00:00;7860;12;9,7;7,6;400,2;0,0;172,6
2005-11-24 13:00:00;7861;13;10,1;7,6;387,4;0,0;151,7
2005-11-24 14:00:00;7862;14;10,4;7,6;375,3;0,0;138,3
2005-11-24 15:00:00;7863;15;9,9;7,6;392,7;0,0;129,1
2005-11-24 16:00:00;7864;16;9,1;7,6;424,0;0,0;134,1
2005-11-24 17:00:00;7865;17;8,1;7,6;464,7;0,0;166,4
2005-11-24 18:00:00;7866;18;7,5;7,6;487,1;0,0;185,6
2005-11-24 19:00:00;7867;19;6,4;7,6;530,3;0,0;229,6
2005-11-24 20:00:00;7868;20;5,3;7,6;570,8;0,0;235,9
2005-11-24 21:00:00;7869;21;5,0;7,6;584,7;0,0;220,0
2005-11-24 22:00:00;7870;22;3,8;7,6;629,8;0,0;132,4
2005-11-24 23:00:00;7871;23;3,7;7,6;633,9;0,0;83,0
2005-11-25 00:00:00;7872;0;3,3;3,4;493,4;0,0;57,4
2005-11-25 01:00:00;7873;1;3,1;3,4;503,3;0,0;31,0
2005-11-25 02:00:00;7874;2;3,0;3,4;508,6;0,0;12,2
2005-11-25 03:00:00;7875;3;3,0;3,4;507,1;0,0;8,8
2005-11-25 04:00:00;7876;4;2,6;3,4;522,5;0,0;26,4
2005-11-25 05:00:00;7877;5;2,4;3,4;531,9;0,0;66,2
2005-11-25 06:00:00;7878;6;2,4;3,4;530,5;0,0;178,9
2005-11-25 07:00:00;7879;7;2,1;3,4;698,3;0,0;191,5
2005-11-25 08:00:00;7880;8;2,7;3,4;674,6;0,0;192,3
2005-11-25 09:00:00;7881;9;3,0;3,4;661,7;0,0;201,6
2005-11-25 10:00:00;7882;10;3,7;3,4;635,2;0,0;192,3
2005-11-25 11:00:00;7883;11;4,3;3,4;611,3;0,0;186,5
2005-11-25 12:00:00;7884;12;4,7;3,4;596,2;0,0;172,6
2005-11-25 13:00:00;7885;13;5,0;3,4;586,1;0,0;151,7
2005-11-25 14:00:00;7886;14;5,1;3,4;580,2;0,0;138,3
2005-11-25 15:00:00;7887;15;5,6;3,4;560,5;0,0;129,1
2005-11-25 16:00:00;7888;16;5,3;3,4;572,8;0,0;134,1
2005-11-25 17:00:00;7889;17;4,6;3,4;598,3;0,0;166,4
2005-11-25 18:00:00;7890;18;4,2;3,4;617,0;0,0;185,6
2005-11-25 19:00:00;7891;19;3,3;3,4;648,8;0,0;229,6
2005-11-25 20:00:00;7892;20;2,7;3,4;674,2;0,0;235,9
2005-11-25 21:00:00;7893;21;2,1;3,4;698,1;0,0;220,0
2005-11-25 22:00:00;7894;22;2,3;3,4;690,2;0,0;132,4
2005-11-25 23:00:00;7895;23;2,5;3,4;679,5;0,0;83,0
2005-11-26 00:00:00;7896;0;3,3;5,8;494,3;0,0;57,4
2005-11-26 01:00:00;7897;1;3,3;5,8;494,9;0,0;31,0
2005-11-26 02:00:00;7898;2;3,2;5,8;497,9;0,0;12,2
2005-11-26 03:00:00;7899;3;3,2;5,8;497,9;0,0;8,8
2005-11-26 04:00:00;7900;4;3,3;5,8;493,5;0,0;26,4
2005-11-26 05:00:00;7901;5;3,5;5,8;488,4;0,0;66,2
2005-11-26 06:00:00;7902;6;3,2;5,8;500,2;0,0;178,9
2005-11-26 07:00:00;7903;7;2,8;5,8;671,1;0,0;191,5
2005-11-26 08:00:00;7904;8;4,2;5,8;613,7;0,0;192,3
2005-11-26 09:00:00;7905;9;5,6;5,8;561,4;0,0;201,6
2005-11-26 10:00:00;7906;10;6,4;5,8;528,2;0,0;192,3
2005-11-26 11:00:00;7907;11;7,2;5,8;497,6;0,0;186,5
2005-11-26 12:00:00;7908;12;8,5;5,8;448,8;0,0;172,6
2005-11-26 13:00:00;7909;13;9,0;5,8;429,5;0,0;151,7
2005-11-26 14:00:00;7910;14;8,8;5,8;438,8;0,0;138,3
2005-11-26 15:00:00;7911;15;8,2;5,8;461,1;0,0;129,1
2005-11-26 16:00:00;7912;16;7,7;5,8;480,5;0,0;134,1
2005-11-26 17:00:00;7913;17;6,9;5,8;511,8;0,0;166,4
2005-11-26 18:00:00;7914;18;6,5;5,8;524,4;0,0;185,6
2005-11-26 19:00:00;7915;19;6,5;5,8;524,4;0,0;229,6
2005-11-26 20:00:00;7916;20;6,9;5,8;512,3;0,0;235,9
2005-11-26 21:00:00;7917;21;6,9;5,8;508,8;0,0;220,0
2005-11-26 22:00:00;7918;22;6,7;5,8;517,6;0,0;132,4
2005-11-26 23:00:00;7919;23;7,2;5,8;499,6;0,0;83,0
2005-11-27 00:00:00;7920;0;7,3;6,8;340,0;0,0;57,4
2005-11-27 01:00:00;7921;1;7,1;6,8;348,4;0,0;31,0
2005-11-27 02:00:00;7922;2;6,8;6,8;359,2;0,0;12,2
2005-11-27 03:00:00;7923;3;6,5;6,8;369,2;0,0;8,8
2005-11-27 04:00:00;7924;4;5,5;6,8;409,8;0,0;26,4
2005-11-27 05:00:00;7925;5;5,2;6,8;422,1;0,0;66,2
2005-11-27 06:00:00;7926;6;4,9;6,8;434,7;0,0;178,9
2005-11-27 07:00:00;7927;7;4,3;6,8;610,6;0,0;191,5
2005-11-27 08:00:00;7928;8;5,0;6,8;585,3;0,0;192,3
2005-11-27 09:00:00;7929;9;5,6;6,8;561,0;0,0;201,6
2005-11-27 10:00:00;7930;10;6,7;6,8;516,8;0,0;192,3
2005-11-27 11:00:00;7931;11;7,9;6,8;471,1;0,0;186,5
2005-11-27 12:00:00;7932;12;8,9;6,8;435,0;0,0;172,6
2005-11-27 13:00:00;7933;13;8,5;6,8;447,1;0,0;151,7
2005-11-27 14:00:00;7934;14;8,8;6,8;437,8;0,0;138,3
2005-11-27 15:00:00;7935;15;8,7;6,8;439,6;0,0;129,1
2005-11-27 16:00:00;7936;16;8,4;6,8;451,2;0,0;134,1
2005-11-27 17:00:00;7937;17;7,6;6,8;483,0;0,0;166,4
2005-11-27 18:00:00;7938;18;8,0;6,8;469,7;0,0;185,6
2005-11-27 19:00:00;7939;19;7,4;6,8;490,9;0,0;229,6
2005-11-27 20:00:00;7940;20;7,2;6,8;499,5;0,0;235,9
2005-11-27 21:00:00;7941;21;6,1;6,8;542,9;0,0;220,0
2005-11-27 22:00:00;7942;22;6,1;6,8;539,7;0,0;132,4
2005-11-27 23:00:00;7943;23;5,2;6,8;576,8;0,0;83,0
2005-11-28 00:00:00;7944;0;4,3;4,6;457,8;0,0;57,4
2005-11-28 01:00:00;7945;1;4,1;4,6;465,4;0,0;31,0
2005-11-28 02:00:00;7946;2;3,7;4,6;480,1;0,0;12,2
2005-11-28 03:00:00;7947;3;3,4;4,6;490,6;0,0;8,8
2005-11-28 04:00:00;7948;4;2,6;4,6;520,4;0,0;26,4
2005-11-28 05:00:00;7949;5;2,2;4,6;538,3;0,0;66,2
2005-11-28 06:00:00;7950;6;2,3;4,6;534,8;0,0;178,9
2005-11-28 07:00:00;7951;7;2,5;4,6;682,0;0,0;191,5
2005-11-28 08:00:00;7952;8;2,4;4,6;683,4;0,0;192,3
2005-11-28 09:00:00;7953;9;3,1;4,6;657,2;0,0;201,6
2005-11-28 10:00:00;7954;10;4,3;4,6;610,9;0,0;192,3
2005-11-28 11:00:00;7955;11;5,1;4,6;580,1;0,0;186,5
2005-11-28 12:00:00;7956;12;6,1;4,6;542,9;0,0;172,6
2005-11-28 13:00:00;7957;13;7,0;4,6;505,1;0,0;151,7
2005-11-28 14:00:00;7958;14;7,3;4,6;495,2;0,0;138,3
2005-11-28 15:00:00;7959;15;7,0;4,6;506,2;0,0;129,1
2005-11-28 16:00:00;7960;16;6,5;4,6;526,3;0,0;134,1
2005-11-28 17:00:00;7961;17;5,5;4,6;566,0;0,0;166,4
2005-11-28 18:00:00;7962;18;5,2;4,6;574,8;0,0;185,6
2005-11-28 19:00:00;7963;19;5,0;4,6;584,8;0,0;229,6
2005-11-28 20:00:00;7964;20;5,2;4,6;574,8;0,0;235,9
2005-11-28 21:00:00;7965;21;5,0;4,6;584,6;0,0;220,0
2005-11-28 22:00:00;7966;22;5,3;4,6;573,8;0,0;132,4
2005-11-28 23:00:00;7967;23;5,1;4,6;578,5;0,0;83,0
2005-11-29 00:00:00;7968;0;4,1;4,9;462,7;0,0;57,4
2005-11-29 01:00:00;7969;1;3,7;4,9;479,2;0,0;31,0
2005-11-29 02:00:00;7970;2;3,6;4,9;484,0;0,0;12,2
2005-11-29 03:00:00;7971;3;3,1;4,9;504,5;0,0;8,8
2005-11-29 04:00:00;7972;4;2,6;4,9;522,1;0,0;26,4
2005-11-29 05:00:00;7973;5;3,1;4,9;504,5;0,0;66,2
2005-11-29 06:00:00;7974;6;2,8;4,9;513,0;0,0;178,9
2005-11-29 07:00:00;7975;7;2,8;4,9;670,4;0,0;191,5
2005-11-29 08:00:00;7976;8;3,4;4,9;646,4;0,0;192,3
2005-11-29 09:00:00;7977;9;4,3;4,9;612,3;0,0;201,6
2005-11-29 10:00:00;7978;10;6,2;4,9;536,2;0,0;192,3
2005-11-29 11:00:00;7979;11;7,6;4,9;485,4;0,0;186,5
2005-11-29 12:00:00;7980;12;8,7;4,9;442,2;0,0;172,6
2005-11-29 13:00:00;7981;13;9,2;4,9;421,7;0,0;151,7
2005-11-29 14:00:00;7982;14;8,7;4,9;441,5;0,0;138,3
2005-11-29 15:00:00;7983;15;7,7;4,9;478,0;0,0;129,1
2005-11-29 16:00:00;7984;16;7,5;4,9;488,8;0,0;134,1
2005-11-29 17:00:00;7985;17;6,3;4,9;532,4;0,0;166,4
2005-11-29 18:00:00;7986;18;5,3;4,9;574,0;0,0;185,6
2005-11-29 19:00:00;7987;19;4,7;4,9;594,9;0,0;229,6
2005-11-29 20:00:00;7988;20;4,0;4,9;624,8;0,0;235,9
2005-11-29 21:00:00;7989;21;2,7;4,9;672,9;0,0;220,0
2005-11-29 22:00:00;7990;22;2,6;4,9;676,7;0,0;132,4
2005-11-29 23:00:00;7991;23;1,8;4,9;707,3;0,0;83,0
2005-11-30 00:00:00;7992;0;1,5;0,1;565,0;0,0;57,4
2005-11-30 01:00:00;7993;1;1,4;0,1;568,8;0,0;31,0
2005-11-30 02:00:00;7994;2;1,3;0,1;572,2;0,0;12,2
2005-11-30 03:00:00;7995;3;0,3;0,1;610,7;0,0;8,8
2005-11-30 04:00:00;7996;4;0,2;0,1;614,3;0,0;26,4
2005-11-30 05:00:00;7997;5;-0,3;0,1;635,0;0,0;66,2
2005-11-30 06:00:00;7998;6;-1,0;0,1;660,1;0,0;178,9
2005-11-30 07:00:00;7999;7;-1,3;0,1;829,2;0,0;191,5
2005-11-30 08:00:00;8000;8;-0,7;0,1;806,0;0,0;192,3
2005-11-30 09:00:00;8001;9;-0,0;0,1;779,0;0,0;201,6
2005-11-30 10:00:00;8002;10;0,9;0,1;742,2;0,0;192,3
2005-11-30 11:00:00;8003;11;2,2;0,1;694,3;0,0;186,5
2005-11-30 12:00:00;8004;12;2,6;0,1;675,8;0,0;172,6
2005-11-30 13:00:00;8005;13;3,3;0,1;649,1;0,0;151,7
2005-11-30 14:00:00;8006;14;2,7;0,1;671,7;0,0;138,3
2005-11-30 15:00:00;8007;15;1,9;0,1;703,3;0,0;129,1
2005-11-30 16:00:00;8008;16;1,4;0,1;724,7;0,0;134,1
2005-11-30 17:00:00;8009;17;0,0;0,1;778,0;0,0;166,4
2005-11-30 18:00:00;8010;18;-1,4;0,1;832,7;0,0;185,6
2005-11-30 19:00:00;8011;19;-1,5;0,1;837,1;0,0;229,6
2005-11-30 20:00:00;8012;20;-1,8;0,1;847,9;0,0;235,9
2005-11-30 21:00:00;8013;21;-2,9;0,1;890,3;0,0;220,0
2005-11-30 22:00:00;8014;22;-3,5;0,1;912,0;0,0;132,4
2005-11-30 23:00:00;8015;23;-3,8;0,1;923,8;0,0;83,0
2005-12-01 00:00:00;8016;0;-2,4;-3,3;873,6;0,0;57,4
2005-12-01 01:00:00;8017;1;-2,6;-3,3;880,0;0,0;31,0
2005-12-01 02:00:00;8018;2;-3,0;-3,3;900,3;0,0;12,2
2005-12-01 03:00:00;8019;3;-2,7;-3,3;887,6;0,0;8,8
2005-12-01 04:00:00;8020;4;-3,2;-3,3;910,3;0,0;26,4
2005-12-01 05:00:00;8021;5;-4,2;-3,3;959,3;0,0;66,2
2005-12-01 06:00:00;8022;6;-4,9;-3,3;990,7;0,0;178,9
2005-12-01 07:00:00;8023;7;-4,6;-3,3;1168,2;0,0;191,5
2005-12-01 08:00:00;8024;8;-5,2;-3,3;1193,4;0,0;192,3
2005-12-01 09:00:00;8025;9;-4,2;-3,3;1146,3;0,0;201,6
2005-12-01 10:00:00;8026;10;-3,7;-3,3;1124,0;0,0;192,3
2005-12-01 11:00:00;8027;11;-3,6;-3,3;1118,7;0,0;186,5
2005-12-01 12:00:00;8028;12;-3,0;-3,3;1089,1;0,0;172,6
2005-12-01 13:00:00;8029;13;-2,6;-3,3;1069,4;0,0;151,7
2005-12-01 14:00:00;8030;14;-2,4;-3,3;1059,7;0,0;138,3
2005-12-01 15:00:00;8031;15;-1,7;-3,3;1029,6;0,0;129,1
2005-12-01 16:00:00;8032;16;-1,9;-3,3;1036,5;0,0;134,1
2005-12-01 17:00:00;8033;17;-1,9;-3,3;1037,8;0,0;166,4
2005-12-01 18:00:00;8034;18;-2,0;-3,3;1044,4;0,0;185,6
2005-12-01 19:00:00;8035;19;-2,4;-3,3;1064,1;0,0;229,6
2005-12-01 20:00:00;8036;20;-3,6;-3,3;1120,0;0,0;235,9
2005-12-01 21:00:00;8037;21;-4,5;-3,3;1160,9;0,0;220,0
2005-12-01 22:00:00;8038;22;-4,7;-3,3;1169,5;0,0;132,4
2005-12-01 23:00:00;8039;23;-4,4;-3,3;1158,5;0,0;83,0
2005-12-02 00:00:00;8040;0;-4,6;-1,7;978,9;0,0;57,4
2005-12-02 01:00:00;8041;1;-4,4;-1,7;968,0;0,0;31,0
2005-12-02 02:00:00;8042;2;-3,7;-1,7;936,2;0,0;12,2
2005-12-02 03:00:00;8043;3;-3,6;-1,7;929,0;0,0;8,8
2005-12-02 04:00:00;8044;4;-3,2;-1,7;909,6;0,0;26,4
2005-12-02 05:00:00;8045;5;-3,4;-1,7;922,0;0,0;66,2
2005-12-02 06:00:00;8046;6;-2,8;-1,7;891,9;0,0;178,9
2005-12-02 07:00:00;8047;7;-2,7;-1,7;1075,9;0,0;191,5
2005-12-02 08:00:00;8048;8;-2,8;-1,7;1080,5;0,0;192,3
2005-12-02 09:00:00;8049;9;-3,1;-1,7;1096,6;0,0;201,6
2005-12-02 10:00:00;8050;10;-2,2;-1,7;1053,4;0,0;192,3
2005-12-02 11:00:00;8051;11;-1,6;-1,7;1023,9;0,0;186,5
2005-12-02 12:00:00;8052;12;-0,8;-1,7;985,5;0,0;172,6
2005-12-02 13:00:00;8053;13;-0,7;-1,7;979,7;0,0;151,7
2005-12-02 14:00:00;8054;14;-0,2;-1,7;957,0;0,0;138,3
2005-12-02 15:00:00;8055;15;-0,3;-1,7;963,8;0,0;129,1
2005-12-02 16:00:00;8056;16;0,2;-1,7;940,2;0,0;134,1
2005-12-02 17:00:00;8057;17;0,3;-1,7;933,4;0,0;166,4
2005-12-02 18:00:00;8058;18;0,2;-1,7;937,4;0,0;185,6
2005-12-02 19:00:00;8059;19;-0,3;-1,7;963,6;0,0;229,6
2005-12-02 20:00:00;8060;20;-0,1;-1,7;951,7;0,0;235,9
2005-12-02 21:00:00;8061;21;-0,1;-1,7;953,0;0,0;220,0
2005-12-02 22:00:00;8062;22;-0,5;-1,7;970,8;0,0;132,4
2005-12-02 23:00:00;8063;23;-0,5;-1,7;970,9;0,0;83,0
2005-12-03 00:00:00;8064;0;-0,0;1,5;759,5;0,0;57,4
2005-12-03 01:00:00;8065;1;0,1;1,5;755,9;0,0;31,0
2005-12-03 02:00:00;8066;2;0,3;1,5;747,1;0,0;12,2
2005-12-03 03:00:00;8067;3;0,1;1,5;755,6;0,0;8,8
2005-12-03 04:00:00;8068;4;0,1;1,5;754,0;0,0;26,4
2005-12-03 05:00:00;8069;5;0,2;1,5;752,1;0,0;66,2
2005-12-03 06:00:00;8070;6;0,7;1,5;725,3;0,0;178,9
2005-12-03 07:00:00;8071;7;0,6;1,5;921,5;0,0;191,5
2005-12-03 08:00:00;8072;8;0,8;1,5;910,8;0,0;192,3
2005-12-03 09:00:00;8073;9;1,4;1,5;883,4;0,0;201,6
2005-12-03 10:00:00;8074;10;2,6;1,5;823,7;0,0;192,3
2005-12-03 11:00:00;8075;11;3,1;1,5;804,2;0,0;186,5
2005-12-03 12:00:00;8076;12;3,5;1,5;784,4;0,0;172,6
2005-12-03 13:00:00;8077;13;3,1;1,5;800,4;0,0;151,7
2005-12-03 14:00:00;8078;14;3,2;1,5;799,2;0,0;138,3
2005-12-03 15:00:00;8079;15;2,8;1,5;815,4;0,0;129,1
2005-12-03 16:00:00;8080;16;2,4;1,5;832,9;0,0;134,1
2005-12-03 17:00:00;8081;17;2,4;1,5;836,7;0,0;166,4
2005-12-03 18:00:00;8082;18;1,9;1,5;859,1;0,0;185,6
2005-12-03 19:00:00;8083;19;1,3;1,5;889,2;0,0;229,6
2005-12-03 20:00:00;8084;20;1,8;1,5;862,1;0,0;235,9
2005-12-03 21:00:00;8085;21;1,5;1,5;877,0;0,0;220,0
2005-12-03 22:00:00;8086;22;1,6;1,5;872,1;0,0;132,4
2005-12-03 23:00:00;8087;23;1,4;1,5;881,2;0,0;83,0
2005-12-04 00:00:00;8088;0;1,1;-0,5;708,6;0,0;57,4
2005-12-04 01:00:00;8089;1;0,8;-0,5;719,8;0,0;31,0
2005-12-04 02:00:00;8090;2;0,1;-0,5;755,9;0,0;12,2
2005-12-04 03:00:00;8091;3;0,2;-0,5;749,6;0,0;8,8
2005-12-04 04:00:00;8092;4;-0,7;-0,5;793,2;0,0;26,4
2005-12-04 05:00:00;8093;5;-1,0;-0,5;808,5;0,0;66,2
2005-12-04 06:00:00;8094;6;-0,2;-0,5;768,3;0,0;178,9
2005-12-04 07:00:00;8095;7;-0,0;-0,5;949,6;0,0;191,5
2005-12-04 08:00:00;8096;8;-0,0;-0,5;949,4;0,0;192,3
2005-12-04 09:00:00;8097;9;0,1;-0,5;945,1;0,0;201,6
2005-12-04 10:00:00;8098;10;1,1;-0,5;894,7;0,0;192,3
2005-12-04 11:00:00;8099;11;1,0;-0,5;902,8;0,0;186,5
2005-12-04 12:00:00;8100;12;1,5;-0,5;879,5;0,0;172,6
2005-12-04 13:00:00;8101;13;1,4;-0,5;880,2;0,0;151,7
2005-12-04 14:00:00;8102;14;0,3;-0,5;935,0;0,0;138,3
2005-12-04 15:00:00;8103;15;-0,0;-0,5;950,0;0,0;129,1
2005-12-04 16:00:00;8104;16;-0,4;-0,5;966,6;0,0;134,1
2005-12-04 17:00:00;8105;17;-1,2;-0,5;1004,7;0,0;166,4
2005-12-04 18:00:00;8106;18;-1,8;-0,5;1034,6;0,0;185,6
2005-12-04 19:00:00;8107;19;-1,9;-0,5;1036,9;0,0;229,6
2005-12-04 20:00:00;8108;20;-2,6;-0,5;1069,8;0,0;235,9
2005-12-04 21:00:00;8109;21;-2,6;-0,5;1073,6;0,0;220,0
2005-12-04 22:00:00;8110;22;-2,7;-0,5;1075,7;0,0;132,4
2005-12-04 23:00:00;8111;23;-3,5;-0,5;1112,6;0,0;83,0
2005-12-05 00:00:00;8112;0;-3,0;2,4;900,6;0,0;57,4
2005-12-05 01:00:00;8113;1;-2,3;2,4;867,2;0,0;31,0
2005-12-05 02:00:00;8114;2;-1,7;2,4;841,2;0,0;12,2
2005-12-05 03:00:00;8115;3;-0,6;2,4;789,7;0,0;8,8
2005-12-05 04:00:00;8116;4;-0,7;2,4;792,7;0,0;26,4
2005-12-05 05:00:00;8117;5;-1,0;2,4;807,8;0,0;66,2
2005-12-05 06:00:00;8118;6;-0,1;2,4;765,6;0,0;178,9
2005-12-05 07:00:00;8119;7;0,2;2,4;937,6;0,0;191,5
2005-12-05 08:00:00;8120;8;0,6;2,4;920,0;0,0;192,3
2005-12-05 09:00:00;8121;9;1,1;2,4;895,6;0,0;201,6
2005-12-05 10:00:00;8122;10;1,9;2,4;859,7;0,0;192,3
2005-12-05 11:00:00;8123;11;2,6;2,4;825,0;0,0;186,5
2005-12-05 12:00:00;8124;12;3,1;2,4;803,4;0,0;172,6
2005-12-05 13:00:00;8125;13;4,3;2,4;746,5;0,0;151,7
2005-12-05 14:00:00;8126;14;4,6;2,4;731,6;0,0;138,3
2005-12-05 15:00:00;8127;15;4,5;2,4;737,4;0,0;129,1
2005-12-05 16:00:00;8128;16;4,7;2,4;728,5;0,0;134,1
2005-12-05 17:00:00;8129;17;5,1;2,4;709,5;0,0;166,4
2005-12-05 18:00:00;8130;18;4,7;2,4;724,9;0,0;185,6
2005-12-05 19:00:00;8131;19;5,0;2,4;709,6;0,0;229,6
2005-12-05 20:00:00;8132;20;5,3;2,4;696,9;0,0;235,9
2005-12-05 21:00:00;8133;21;6,2;2,4;656,7;0,0;220,0
2005-12-05 22:00:00;8134;22;6,4;2,4;643,8;0,0;132,4
2005-12-05 23:00:00;8135;23;6,4;2,4;644,9;0,0;83,0
2005-12-06 00:00:00;8136;0;6,8;8,5;436,6;0,0;57,4
2005-12-06 01:00:00;8137;1;7,2;8,5;418,2;0,0;31,0
2005-12-06 02:00:00;8138;2;7,4;8,5;411,3;0,0;12,2
2005-12-06 03:00:00;8139;3;6,9;8,5;434,7;0,0;8,8
2005-12-06 04:00:00;8140;4;6,7;8,5;440,9;0,0;26,4
2005-12-06 05:00:00;8141;5;7,2;8,5;418,2;0,0;66,2
2005-12-06 06:00:00;8142;6;7,2;8,5;419,2;0,0;178,9
2005-12-06 07:00:00;8143;7;7,2;8,5;609,3;0,0;191,5
2005-12-06 08:00:00;8144;8;7,7;8,5;582,4;0,0;192,3
2005-12-06 09:00:00;8145;9;8,2;8,5;563,0;0,0;201,6
2005-12-06 10:00:00;8146;10;8,6;8,5;541,7;0,0;192,3
2005-12-06 11:00:00;8147;11;8,5;8,5;548,0;0,0;186,5
2005-12-06 12:00:00;8148;12;9,2;8,5;512,1;0,0;172,6
2005-12-06 13:00:00;8149;13;9,8;8,5;484,8;0,0;151,7
2005-12-06 14:00:00;8150;14;10,7;8,5;441,1;0,0;138,3
2005-12-06 15:00:00;8151;15;10,6;8,5;447,7;0,0;129,1
2005-12-06 16:00:00;8152;16;10,0;8,5;474,4;0,0;134,1
2005-12-06 17:00:00;8153;17;9,9;8,5;480,6;0,0;166,4
2005-12-06 18:00:00;8154;18;10,5;8,5;454,2;0,0;185,6
2005-12-06 19:00:00;8155;19;10,1;8,5;472,9;0,0;229,6
2005-12-06 20:00:00;8156;20;9,3;8,5;511,0;0,0;235,9
2005-12-06 21:00:00;8157;21;8,5;8,5;545,2;0,0;220,0
2005-12-06 22:00:00;8158;22;8,1;8,5;565,6;0,0;132,4
2005-12-06 23:00:00;8159;23;7,9;8,5;573,7;0,0;83,0
2005-12-07 00:00:00;8160;0;8,2;6,3;373,4;0,0;57,4
2005-12-07 01:00:00;8161;1;7,5;6,3;405,6;0,0;31,0
2005-12-07 02:00:00;8162;2;6,8;6,3;436,8;0,0;12,2
2005-12-07 03:00:00;8163;3;6,4;6,3;454,5;0,0;8,8
2005-12-07 04:00:00;8164;4;6,1;6,3;469,3;0,0;26,4
2005-12-07 05:00:00;8165;5;5,9;6,3;479,4;0,0;66,2
2005-12-07 06:00:00;8166;6;6,0;6,3;477,9;0,0;178,9
2005-12-07 07:00:00;8167;7;5,8;6,3;675,4;0,0;191,5
2005-12-07 08:00:00;8168;8;6,2;6,3;654,5;0,0;192,3
2005-12-07 09:00:00;8169;9;6,4;6,3;648,1;0,0;201,6
2005-12-07 10:00:00;8170;10;6,8;6,3;624,6;0,0;192,3
2005-12-07 11:00:00;8171;11;7,1;6,3;614,0;0,0;186,5
2005-12-07 12:00:00;8172;12;7,5;6,3;595,0;0,0;172,6
2005-12-07 13:00:00;8173;13;7,1;6,3;613,1;0,0;151,7
2005-12-07 14:00:00;8174;14;7,5;6,3;592,6;0,0;138,3
2005-12-07 15:00:00;8175;15;7,3;6,3;605,3;0,0;129,1
2005-12-07 16:00:00;8176;16;7,1;6,3;614,4;0,0;134,1
2005-12-07 17:00:00;8177;17;6,3;6,3;650,6;0,0;166,4
2005-12-07 18:00:00;8178;18;6,1;6,3;660,9;0,0;185,6
2005-12-07 19:00:00;8179;19;5,3;6,3;696,4;0,0;229,6
2005-12-07 20:00:00;8180;20;4,9;6,3;717,3;0,0;235,9
2005-12-07 21:00:00;8181;21;4,8;6,3;720,3;0,0;220,0
2005-12-07 22:00:00;8182;22;4,5;6,3;734,3;0,0;132,4
2005-12-07 23:00:00;8183;23;4,6;6,3;733,3;0,0;83,0
2005-12-08 00:00:00;8184;0;4,1;-0,4;564,6;0,0;57,4
2005-12-08 01:00:00;8185;1;3,7;-0,4;584,4;0,0;31,0
2005-12-08 02:00:00;8186;2;3,2;-0,4;607,3;0,0;12,2
2005-12-08 03:00:00;8187;3;2,6;-0,4;635,5;0,0;8,8
2005-12-08 04:00:00;8188;4;1,0;-0,4;713,3;0,0;26,4
2005-12-08 05:00:00;8189;5;-0,0;-0,4;760,4;0,0;66,2
2005-12-08 06:00:00;8190;6;-0,4;-0,4;780,5;0,0;178,9
2005-12-08 07:00:00;8191;7;0,1;-0,4;944,1;0,0;191,5
2005-12-08 08:00:00;8192;8;1,2;-0,4;893,7;0,0;192,3
2005-12-08 09:00:00;8193;9;1,2;-0,4;890,5;0,0;201,6
2005-12-08 10:00:00;8194;10;1,8;-0,4;865,1;0,0;192,3
2005-12-08 11:00:00;8195;11;2,2;-0,4;843,2;0,0;186,5
2005-12-08 12:00:00;8196;12;1,8;-0,4;864,6;0,0;172,6
2005-12-08 13:00:00;8197;13;2,0;-0,4;853,0;0,0;151,7
2005-12-08 14:00:00;8198;14;1,6;-0,4;873,2;0,0;138,3
2005-12-08 15:00:00;8199;15;0,4;-0,4;929,4;0,0;129,1
2005-12-08 16:00:00;8200;16;-0,3;-0,4;964,1;0,0;134,1
2005-12-08 17:00:00;8201;17;-1,7;-0,4;1027,2;0,0;166,4
2005-12-08 18:00:00;8202;18;-3,0;-0,4;1091,8;0,0;185,6
2005-12-08 19:00:00;8203;19;-4,1;-0,4;1140,4;0,0;229,6
2005-12-08 20:00:00;8204;20;-4,7;-0,4;1171,2;0,0;235,9
2005-12-08 21:00:00;8205;21;-6,3;-0,4;1246,6;0,0;220,0
2005-12-08 22:00:00;8206;22;-7,3;-0,4;1293,3;0,0;132,4
2005-12-08 23:00:00;8207;23;-8,2;-0,4;1337,8;0,0;83,0
2005-12-09 00:00:00;8208;0;-8,4;-7,2;1157,2;0,0;57,4
2005-12-09 01:00:00;8209;1;-8,5;-7,2;1161,3;0,0;31,0
2005-12-09 02:00:00;8210;2;-9,0;-7,2;1183,8;0,0;12,2
2005-12-09 03:00:00;8211;3;-9,4;-7,2;1205,6;0,0;8,8
2005-12-09 04:00:00;8212;4;-9,1;-7,2;1191,5;0,0;26,4
2005-12-09 05:00:00;8213;5;-8,5;-7,2;1159,2;0,0;66,2
2005-12-09 06:00:00;8214;6;-9,1;-7,2;1189,1;0,0;178,9
2005-12-09 07:00:00;8215;7;-8,9;-7,2;1371,2;0,0;191,5
2005-12-09 08:00:00;8216;8;-8,8;-7,2;1363,1;0,0;192,3
2005-12-09 09:00:00;8217;9;-8,2;-7,2;1334,3;0,0;201,6
2005-12-09 10:00:00;8218;10;-7,3;-7,2;1295,7;0,0;192,3
2005-12-09 11:00:00;8219;11;-7,0;-7,2;1279,6;0,0;186,5
2005-12-09 12:00:00;8220;12;-6,9;-7,2;1272,2;0,0;172,6
2005-12-09 13:00:00;8221;13;-5,7;-7,2;1217,4;0,0;151,7
2005-12-09 14:00:00;8222;14;-5,2;-7,2;1191,8;0,0;138,3
2005-12-09 15:00:00;8223;15;-5,0;-7,2;1186,4;0,0;129,1
2005-12-09 16:00:00;8224;16;-5,5;-7,2;1210,1;0,0;134,1
2005-12-09 17:00:00;8225;17;-5,3;-7,2;1199,1;0,0;166,4
2005-12-09 18:00:00;8226;18;-5,4;-7,2;1202,6;0,0;185,6
2005-12-09 19:00:00;8227;19;-6,0;-7,2;1232,9;0,0;229,6
2005-12-09 20:00:00;8228;20;-6,0;-7,2;1234,3;0,0;235,9
2005-12-09 21:00:00;8229;21;-6,4;-7,2;1252,4;0,0;220,0
2005-12-09 22:00:00;8230;22;-6,5;-7,2;1257,0;0,0;132,4
2005-12-09 23:00:00;8231;23;-6,4;-7,2;1252,8;0,0;83,0
2005-12-10 00:00:00;8232;0;-6,9;-7,7;1086,2;0,0;57,4
2005-12-10 01:00:00;8233;1;-7,2;-7,7;1099,7;0,0;31,0
2005-12-10 02:00:00;8234;2;-7,1;-7,7;1095,9;0,0;12,2
2005-12-10 03:00:00;8235;3;-7,3;-7,7;1105,6;0,0;8,8
2005-12-10 04:00:00;8236;4;-7,6;-7,7;1117,4;0,0;26,4
2005-12-10 05:00:00;8237;5;-7,8;-7,7;1126,5;0,0;66,2
2005-12-10 06:00:00;8238;6;-8,0;-7,7;1135,6;0,0;178,9
2005-12-10 07:00:00;8239;7;-7,6;-7,7;1308,9;0,0;191,5
2005-12-10 08:00:00;8240;8;-8,0;-7,7;1327,3;0,0;192,3
2005-12-10 09:00:00;8241;9;-7,6;-7,7;1308,0;0,0;201,6
2005-12-10 10:00:00;8242;10;-7,9;-7,7;1321,9;0,0;192,3
2005-12-10 11:00:00;8243;11;-7,1;-7,7;1284,4;0,0;186,5
2005-12-10 12:00:00;8244;12;-7,7;-7,7;1310,7;0,0;172,6
2005-12-10 13:00:00;8245;13;-7,5;-7,7;1301,6;0,0;151,7
2005-12-10 14:00:00;8246;14;-7,2;-7,7;1288,3;0,0;138,3
2005-12-10 15:00:00;8247;15;-7,1;-7,7;1284,0;0,0;129,1
2005-12-10 16:00:00;8248;16;-7,6;-7,7;1307,8;0,0;134,1
2005-12-10 17:00:00;8249;17;-7,6;-7,7;1307,8;0,0;166,4
2005-12-10 18:00:00;8250;18;-7,8;-7,7;1319,3;0,0;185,6
2005-12-10 19:00:00;8251;19;-8,7;-7,7;1361,6;0,0;229,6
2005-12-10 20:00:00;8252;20;-7,9;-7,7;1321,4;0,0;235,9
2005-12-10 21:00:00;8253;21;-8,1;-7,7;1330,7;0,0;220,0
2005-12-10 22:00:00;8254;22;-8,5;-7,7;1352,3;0,0;132,4
2005-12-10 23:00:00;8255;23;-8,1;-7,7;1331,7;0,0;83,0
2005-12-11 00:00:00;8256;0;-8,4;-6,3;1157,6;0,0;57,4
2005-12-11 01:00:00;8257;1;-8,8;-6,3;1174,8;0,0;31,0
2005-12-11 02:00:00;8258;2;-8,4;-6,3;1157,2;0,0;12,2
2005-12-11 03:00:00;8259;3;-8,9;-6,3;1178,8;0,0;8,8
2005-12-11 04:00:00;8260;4;-9,3;-6,3;1197,3;0,0;26,4
2005-12-11 05:00:00;8261;5;-9,1;-6,3;1190,0;0,0;66,2
2005-12-11 06:00:00;8262;6;-8,8;-6,3;1177,5;0,0;178,9
2005-12-11 07:00:00;8263;7;-8,4;-6,3;1346,8;0,0;191,5
2005-12-11 08:00:00;8264;8;-7,7;-6,3;1311,3;0,0;192,3
2005-12-11 09:00:00;8265;9;-6,9;-6,3;1272,3;0,0;201,6
2005-12-11 10:00:00;8266;10;-6,1;-6,3;1237,5;0,0;192,3
2005-12-11 11:00:00;8267;11;-5,8;-6,3;1222,4;0,0;186,5
2005-12-11 12:00:00;8268;12;-5,0;-6,3;1183,1;0,0;172,6
2005-12-11 13:00:00;8269;13;-4,6;-6,3;1167,6;0,0;151,7
2005-12-11 14:00:00;8270;14;-4,1;-6,3;1143,7;0,0;138,3
2005-12-11 15:00:00;8271;15;-4,1;-6,3;1143,9;0,0;129,1
2005-12-11 16:00:00;8272;16;-4,9;-6,3;1180,8;0,0;134,1
2005-12-11 17:00:00;8273;17;-4,9;-6,3;1178,9;0,0;166,4
2005-12-11 18:00:00;8274;18;-4,7;-6,3;1168,9;0,0;185,6
2005-12-11 19:00:00;8275;19;-4,0;-6,3;1139,7;0,0;229,6
2005-12-11 20:00:00;8276;20;-4,2;-6,3;1148,4;0,0;235,9
2005-12-11 21:00:00;8277;21;-4,8;-6,3;1176,9;0,0;220,0
2005-12-11 22:00:00;8278;22;-4,6;-6,3;1164,5;0,0;132,4
2005-12-11 23:00:00;8279;23;-5,0;-6,3;1183,6;0,0;83,0
2005-12-12 00:00:00;8280;0;-5,1;-3,7;999,0;0,0;57,4
2005-12-12 01:00:00;8281;1;-4,5;-3,7;970,0;0,0;31,0
2005-12-12 02:00:00;8282;2;-4,0;-3,7;949,9;0,0;12,2
2005-12-12 03:00:00;8283;3;-3,9;-3,7;944,2;0,0;8,8
2005-12-12 04:00:00;8284;4;-3,9;-3,7;944,6;0,0;26,4
2005-12-12 05:00:00;8285;5;-4,1;-3,7;951,0;0,0;66,2
2005-12-12 06:00:00;8286;6;-4,2;-3,7;957,1;0,0;178,9
2005-12-12 07:00:00;8287;7;-4,2;-3,7;1149,1;0,0;191,5
2005-12-12 08:00:00;8288;8;-4,8;-3,7;1175,4;0,0;192,3
2005-12-12 09:00:00;8289;9;-4,5;-3,7;1160,8;0,0;201,6
2005-12-12 10:00:00;8290;10;-3,7;-3,7;1122,4;0,0;192,3
2005-12-12 11:00:00;8291;11;-3,6;-3,7;1117,7;0,0;186,5
2005-12-12 12:00:00;8292;12;-3,1;-3,7;1097,0;0,0;172,6
2005-12-12 13:00:00;8293;13;-3,3;-3,7;1106,7;0,0;151,7
2005-12-12 14:00:00;8294;14;-2,8;-3,7;1080,2;0,0;138,3
2005-12-12 15:00:00;8295;15;-2,4;-3,7;1063,2;0,0;129,1
2005-12-12 16:00:00;8296;16;-2,4;-3,7;1062,2;0,0;134,1
2005-12-12 17:00:00;8297;17;-2,9;-3,7;1087,4;0,0;166,4
2005-12-12 18:00:00;8298;18;-2,9;-3,7;1083,7;0,0;185,6
2005-12-12 19:00:00;8299;19;-3,1;-3,7;1095,1;0,0;229,6
2005-12-12 20:00:00;8300;20;-3,3;-3,7;1102,9;0,0;235,9
2005-12-12 21:00:00;8301;21;-3,7;-3,7;1124,9;0,0;220,0
2005-12-12 22:00:00;8302;22;-3,5;-3,7;1115,2;0,0;132,4
2005-12-12 23:00:00;8303;23;-3,6;-3,7;1118,9;0,0;83,0
2005-12-13 00:00:00;8304;0;-3,7;-1,5;936,4;0,0;57,4
2005-12-13 01:00:00;8305;1;-4,1;-1,5;952,2;0,0;31,0
2005-12-13 02:00:00;8306;2;-4,6;-1,5;978,9;0,0;12,2
2005-12-13 03:00:00;8307;3;-4,8;-1,5;984,6;0,0;8,8
2005-12-13 04:00:00;8308;4;-5,2;-1,5;1005,5;0,0;26,4
2005-12-13 05:00:00;8309;5;-4,4;-1,5;968,4;0,0;66,2
2005-12-13 06:00:00;8310;6;-3,8;-1,5;937,9;0,0;178,9
2005-12-13 07:00:00;8311;7;-3,1;-1,5;1092,9;0,0;191,5
2005-12-13 08:00:00;8312;8;-3,4;-1,5;1109,2;0,0;192,3
2005-12-13 09:00:00;8313;9;-2,6;-1,5;1072,8;0,0;201,6
2005-12-13 10:00:00;8314;10;-1,5;-1,5;1017,5;0,0;192,3
2005-12-13 11:00:00;8315;11;-0,4;-1,5;967,7;0,0;186,5
2005-12-13 12:00:00;8316;12;0,5;-1,5;925,2;0,0;172,6
2005-12-13 13:00:00;8317;13;1,6;-1,5;873,4;0,0;151,7
2005-12-13 14:00:00;8318;14;1,9;-1,5;860,6;0,0;138,3
2005-12-13 15:00:00;8319;15;1,8;-1,5;864,5;0,0;129,1
2005-12-13 16:00:00;8320;16;1,3;-1,5;888,6;0,0;134,1
2005-12-13 17:00:00;8321;17;0,7;-1,5;914,1;0,0;166,4
2005-12-13 18:00:00;8322;18;0,6;-1,5;920,8;0,0;185,6
2005-12-13 19:00:00;8323;19;0,4;-1,5;928,3;0,0;229,6
2005-12-13 20:00:00;8324;20;-0,3;-1,5;961,5;0,0;235,9
2005-12-13 21:00:00;8325;21;-0,6;-1,5;978,6;0,0;220,0
2005-12-13 22:00:00;8326;22;-0,5;-1,5;973,0;0,0;132,4
2005-12-13 23:00:00;8327;23;-0,5;-1,5;972,1;0,0;83,0
2005-12-14 00:00:00;8328;0;-0,5;1,0;780,8;0,0;57,4
2005-12-14 01:00:00;8329;1;-0,5;1,0;781,2;0,0;31,0
2005-12-14 02:00:00;8330;2;0,3;1,0;744,0;0,0;12,2
2005-12-14 03:00:00;8331;3;0,4;1,0;738,0;0,0;8,8
2005-12-14 04:00:00;8332;4;-0,3;1,0;772,7;0,0;26,4
2005-12-14 05:00:00;8333;5;-0,7;1,0;792,3;0,0;66,2
2005-12-14 06:00:00;8334;6;-1,3;1,0;818,4;0,0;178,9
2005-12-14 07:00:00;8335;7;-1,1;1,0;999,8;0,0;191,5
2005-12-14 08:00:00;8336;8;-0,6;1,0;976,5;0,0;192,3
2005-12-14 09:00:00;8337;9;0,2;1,0;938,0;0,0;201,6
2005-12-14 10:00:00;8338;10;1,0;1,0;901,7;0,0;192,3
2005-12-14 11:00:00;8339;11;1,6;1,0;872,0;0,0;186,5
2005-12-14 12:00:00;8340;12;2,5;1,0;831,9;0,0;172,6
2005-12-14 13:00:00;8341;13;3,1;1,0;802,8;0,0;151,7
2005-12-14 14:00:00;8342;14;3,3;1,0;793,2;0,0;138,3
2005-12-14 15:00:00;8343;15;3,3;1,0;793,3;0,0;129,1
2005-12-14 16:00:00;8344;16;2,7;1,0;820,0;0,0;134,1
2005-12-14 17:00:00;8345;17;2,2;1,0;845,3;0,0;166,4
2005-12-14 18:00:00;8346;18;2,0;1,0;853,8;0,0;185,6
2005-12-14 19:00:00;8347;19;1,4;1,0;883,6;0,0;229,6
2005-12-14 20:00:00;8348;20;1,7;1,0;869,1;0,0;235,9
2005-12-14 21:00:00;8349;21;1,5;1,0;879,3;0,0;220,0
2005-12-14 22:00:00;8350;22;1,5;1,0;878,7;0,0;132,4
2005-12-14 23:00:00;8351;23;1,4;1,0;884,1;0,0;83,0
2005-12-15 00:00:00;8352;0;1,7;2,8;680,3;0,0;57,4
2005-12-15 01:00:00;8353;1;1,5;2,8;689,2;0,0;31,0
2005-12-15 02:00:00;8354;2;1,7;2,8;679,1;0,0;12,2
2005-12-15 03:00:00;8355;3;1,7;2,8;677,0;0,0;8,8
2005-12-15 04:00:00;8356;4;2,2;2,8;653,8;0,0;26,4
2005-12-15 05:00:00;8357;5;1,9;2,8;667,2;0,0;66,2
2005-12-15 06:00:00;8358;6;0,8;2,8;719,9;0,0;178,9
2005-12-15 07:00:00;8359;7;0,9;2,8;906,5;0,0;191,5
2005-12-15 08:00:00;8360;8;1,7;2,8;867,7;0,0;192,3
2005-12-15 09:00:00;8361;9;2,9;2,8;810,0;0,0;201,6
2005-12-15 10:00:00;8362;10;3,2;2,8;796,8;0,0;192,3
2005-12-15 11:00:00;8363;11;4,6;2,8;731,1;0,0;186,5
2005-12-15 12:00:00;8364;12;5,2;2,8;702,1;0,0;172,6
2005-12-15 13:00:00;8365;13;5,4;2,8;691,7;0,0;151,7
2005-12-15 14:00:00;8366;14;5,8;2,8;676,1;0,0;138,3
2005-12-15 15:00:00;8367;15;5,2;2,8;702,6;0,0;129,1
2005-12-15 16:00:00;8368;16;4,3;2,8;743,5;0,0;134,1
2005-12-15 17:00:00;8369;17;4,0;2,8;761,6;0,0;166,4
2005-12-15 18:00:00;8370;18;3,5;2,8;783,1;0,0;185,6
2005-12-15 19:00:00;8371;19;3,3;2,8;792,0;0,0;229,6
2005-12-15 20:00:00;8372;20;2,3;2,8;837,9;0,0;235,9
2005-12-15 21:00:00;8373;21;1,4;2,8;880,4;0,0;220,0
2005-12-15 22:00:00;8374;22;0,9;2,8;904,2;0,0;132,4
2005-12-15 23:00:00;8375;23;0,5;2,8;926,5;0,0;83,0
2005-12-16 00:00:00;8376;0;0,1;1,3;752,7;0,0;57,4
2005-12-16 01:00:00;8377;1;-0,1;1,3;764,4;0,0;31,0
2005-12-16 02:00:00;8378;2;0,3;1,3;743,7;0,0;12,2
2005-12-16 03:00:00;8379;3;0,3;1,3;743,1;0,0;8,8
2005-12-16 04:00:00;8380;4;-0,2;1,3;766,6;0,0;26,4
2005-12-16 05:00:00;8381;5;-0,4;1,3;780,1;0,0;66,2
2005-12-16 06:00:00;8382;6;-0,5;1,3;783,8;0,0;178,9
2005-12-16 07:00:00;8383;7;-0,8;1,3;986,4;0,0;191,5
2005-12-16 08:00:00;8384;8;-0,9;1,3;990,8;0,0;192,3
2005-12-16 09:00:00;8385;9;-0,1;1,3;955,3;0,0;201,6
2005-12-16 10:00:00;8386;10;0,2;1,3;939,4;0,0;192,3
2005-12-16 11:00:00;8387;11;1,0;1,3;902,7;0,0;186,5
2005-12-16 12:00:00;8388;12;1,3;1,3;884,6;0,0;172,6
2005-12-16 13:00:00;8389;13;2,7;1,3;819,8;0,0;151,7
2005-12-16 14:00:00;8390;14;3,0;1,3;808,1;0,0;138,3
2005-12-16 15:00:00;8391;15;3,0;1,3;808,1;0,0;129,1
2005-12-16 16:00:00;8392;16;2,5;1,3;828,6;0,0;134,1
2005-12-16 17:00:00;8393;17;2,6;1,3;824,5;0,0;166,4
2005-12-16 18:00:00;8394;18;2,0;1,3;851,7;0,0;185,6
2005-12-16 19:00:00;8395;19;2,6;1,3;824,1;0,0;229,6
2005-12-16 20:00:00;8396;20;2,8;1,3;815,2;0,0;235,9
2005-12-16 21:00:00;8397;21;3,0;1,3;807,7;0,0;220,0
2005-12-16 22:00:00;8398;22;2,9;1,3;813,1;0,0;132,4
2005-12-16 23:00:00;8399;23;3,2;1,3;794,9;0,0;83,0
2005-12-17 00:00:00;8400;0;3,1;4,5;612,9;0,0;57,4
2005-12-17 01:00:00;8401;1;3,1;4,5;615,1;0,0;31,0
2005-12-17 02:00:00;8402;2;2,8;4,5;628,9;0,0;12,2
2005-12-17 03:00:00;8403;3;3,6;4,5;589,7;0,0;8,8
2005-12-17 04:00:00;8404;4;3,2;4,5;608,0;0,0;26,4
2005-12-17 05:00:00;8405;5;3,3;4,5;601,1;0,0;66,2
2005-12-17 06:00:00;8406;6;3,1;4,5;610,7;0,0;178,9
2005-12-17 07:00:00;8407;7;2,9;4,5;811,4;0,0;191,5
2005-12-17 08:00:00;8408;8;3,1;4,5;801,3;0,0;192,3
2005-12-17 09:00:00;8409;9;4,0;4,5;759,6;0,0;201,6
2005-12-17 10:00:00;8410;10;4,7;4,5;726,3;0,0;192,3
2005-12-17 11:00:00;8411;11;5,2;4,5;701,7;0,0;186,5
2005-12-17 12:00:00;8412;12;5,4;4,5;692,7;0,0;172,6
2005-12-17 13:00:00;8413;13;5,5;4,5;688,8;0,0;151,7
2005-12-17 14:00:00;8414;14;5,8;4,5;673,3;0,0;138,3
2005-12-17 15:00:00;8415;15;6,4;4,5;646,4;0,0;129,1
2005-12-17 16:00:00;8416;16;6,0;4,5;663,9;0,0;134,1
2005-12-17 17:00:00;8417;17;5,5;4,5;686,8;0,0;166,4
2005-12-17 18:00:00;8418;18;5,7;4,5;676,9;0,0;185,6
2005-12-17 19:00:00;8419;19;5,2;4,5;700,6;0,0;229,6
2005-12-17 20:00:00;8420;20;5,5;4,5;690,4;0,0;235,9
2005-12-17 21:00:00;8421;21;5,4;4,5;691,6;0,0;220,0
2005-12-17 22:00:00;8422;22;5,4;4,5;695,0;0,0;132,4
2005-12-17 23:00:00;8423;23;4,7;4,5;724,6;0,0;83,0
2005-12-18 00:00:00;8424;0;5,5;6,5;499,1;0,0;57,4
2005-12-18 01:00:00;8425;1;5,7;6,5;487,6;0,0;31,0
2005-12-18 02:00:00;8426;2;5,1;6,5;519,4;0,0;12,2
2005-12-18 03:00:00;8427;3;5,2;6,5;515,5;0,0;8,8
2005-12-18 04:00:00;8428;4;4,7;6,5;536,1;0,0;26,4
2005-12-18 05:00:00;8429;5;4,5;6,5;547,2;0,0;66,2
2005-12-18 06:00:00;8430;6;5,0;6,5;524,5;0,0;178,9
2005-12-18 07:00:00;8431;7;4,9;6,5;715,0;0,0;191,5
2005-12-18 08:00:00;8432;8;5,6;6,5;685,4;0,0;192,3
2005-12-18 09:00:00;8433;9;6,3;6,5;651,3;0,0;201,6
2005-12-18 10:00:00;8434;10;7,0;6,5;619,5;0,0;192,3
2005-12-18 11:00:00;8435;11;7,3;6,5;605,1;0,0;186,5
2005-12-18 12:00:00;8436;12;7,5;6,5;591,5;0,0;172,6
2005-12-18 13:00:00;8437;13;7,8;6,5;579,5;0,0;151,7
2005-12-18 14:00:00;8438;14;8,0;6,5;569,5;0,0;138,3
2005-12-18 15:00:00;8439;15;8,2;6,5;559,5;0,0;129,1
2005-12-18 16:00:00;8440;16;8,0;6,5;568,5;0,0;134,1
2005-12-18 17:00:00;8441;17;7,2;6,5;610,1;0,0;166,4
2005-12-18 18:00:00;8442;18;6,9;6,5;622,4;0,0;185,6
2005-12-18 19:00:00;8443;19;6,6;6,5;635,1;0,0;229,6
2005-12-18 20:00:00;8444;20;6,2;6,5;654,7;0,0;235,9
2005-12-18 21:00:00;8445;21;6,7;6,5;630,1;0,0;220,0
2005-12-18 22:00:00;8446;22;7,2;6,5;609,1;0,0;132,4
2005-12-18 23:00:00;8447;23;7,8;6,5;580,4;0,0;83,0
2005-12-19 00:00:00;8448;0;7,5;8,0;406,9;0,0;57,4
2005-12-19 01:00:00;8449;1;6,7;8,0;440,6;0,0;31,0
2005-12-19 02:00:00;8450;2;6,8;8,0;436,6;0,0;12,2
2005-12-19 03:00:00;8451;3;5,9;8,0;480,4;0,0;8,8
2005-12-19 04:00:00;8452;4;6,1;8,0;470,8;0,0;26,4
2005-12-19 05:00:00;8453;5;6,6;8,0;448,1;0,0;66,2
2005-12-19 06:00:00;8454;6;6,4;8,0;457,3;0,0;178,9
2005-12-19 07:00:00;8455;7;6,5;8,0;640,9;0,0;191,5
2005-12-19 08:00:00;8456;8;6,5;8,0;642,9;0,0;192,3
2005-12-19 09:00:00;8457;9;7,4;8,0;597,3;0,0;201,6
2005-12-19 10:00:00;8458;10;8,4;8,0;549,4;0,0;192,3
2005-12-19 11:00:00;8459;11;9,0;8,0;522,5;0,0;186,5
2005-12-19 12:00:00;8460;12;9,8;8,0;483,2;0,0;172,6
2005-12-19 13:00:00;8461;13;10,5;8,0;452,9;0,0;151,7
2005-12-19 14:00:00;8462;14;10,9;8,0;430,7;0,0;138,3
2005-12-19 15:00:00;8463;15;10,1;8,0;469,3;0,0;129,1
2005-12-19 16:00:00;8464;16;9,4;8,0;503,7;0,0;134,1
2005-12-19 17:00:00;8465;17;9,0;8,0;522,8;0,0;166,4
2005-12-19 18:00:00;8466;18;8,7;8,0;536,3;0,0;185,6
2005-12-19 19:00:00;8467;19;8,2;8,0;560,6;0,0;229,6
2005-12-19 20:00:00;8468;20;8,1;8,0;564,5;0,0;235,9
2005-12-19 21:00:00;8469;21;7,8;8,0;580,5;0,0;220,0
2005-12-19 22:00:00;8470;22;7,7;8,0;584,6;0,0;132,4
2005-12-19 23:00:00;8471;23;7,3;8,0;604,6;0,0;83,0
2005-12-20 00:00:00;8472;0;6,9;4,3;433,9;0,0;57,4
2005-12-20 01:00:00;8473;1;5,7;4,3;489,8;0,0;31,0
2005-12-20 02:00:00;8474;2;5,8;4,3;485,6;0,0;12,2
2005-12-20 03:00:00;8475;3;5,7;4,3;490,2;0,0;8,8
2005-12-20 04:00:00;8476;4;5,4;4,3;504,8;0,0;26,4
2005-12-20 05:00:00;8477;5;4,9;4,3;529,5;0,0;66,2
2005-12-20 06:00:00;8478;6;4,2;4,3;561,6;0,0;178,9
2005-12-20 07:00:00;8479;7;4,3;4,3;745,4;0,0;191,5
2005-12-20 08:00:00;8480;8;4,2;4,3;748,3;0,0;192,3
2005-12-20 09:00:00;8481;9;4,5;4,3;733,9;0,0;201,6
2005-12-20 10:00:00;8482;10;4,9;4,3;718,4;0,0;192,3
2005-12-20 11:00:00;8483;11;5,1;4,3;705,6;0,0;186,5
2005-12-20 12:00:00;8484;12;5,7;4,3;678,5;0,0;172,6
2005-12-20 13:00:00;8485;13;5,5;4,3;687,6;0,0;151,7
2005-12-20 14:00:00;8486;14;5,6;4,3;685,6;0,0;138,3
2005-12-20 15:00:00;8487;15;5,4;4,3;693,0;0,0;129,1
2005-12-20 16:00:00;8488;16;4,5;4,3;734,5;0,0;134,1
2005-12-20 17:00:00;8489;17;4,1;4,3;756,3;0,0;166,4
2005-12-20 18:00:00;8490;18;3,5;4,3;783,6;0,0;185,6
2005-12-20 19:00:00;8491;19;2,6;4,3;824,1;0,0;229,6
2005-12-20 20:00:00;8492;20;2,2;4,3;845,0;0,0;235,9
2005-12-20 21:00:00;8493;21;1,2;4,3;891,0;0,0;220,0
2005-12-20 22:00:00;8494;22;1,0;4,3;898,8;0,0;132,4
2005-12-20 23:00:00;8495;23;0,6;4,3;919,9;0,0;83,0
2005-12-21 00:00:00;8496;0;0,6;2,5;732,8;0,0;57,4
2005-12-21 01:00:00;8497;1;0,6;2,5;732,6;0,0;31,0
2005-12-21 02:00:00;8498;2;0,6;2,5;730,9;0,0;12,2
2005-12-21 03:00:00;8499;3;1,0;2,5;711,9;0,0;8,8
2005-12-21 04:00:00;8500;4;0,5;2,5;736,5;0,0;26,4
2005-12-21 05:00:00;8501;5;0,2;2,5;748,1;0,0;66,2
2005-12-21 06:00:00;8502;6;0,6;2,5;728,8;0,0;178,9
2005-12-21 07:00:00;8503;7;0,3;2,5;934,7;0,0;191,5
2005-12-21 08:00:00;8504;8;0,4;2,5;929,1;0,0;192,3
2005-12-21 09:00:00;8505;9;1,1;2,5;897,6;0,0;201,6
2005-12-21 10:00:00;8506;10;2,5;2,5;830,4;0,0;192,3
2005-12-21 11:00:00;8507;11;3,1;2,5;803,3;0,0;186,5
2005-12-21 12:00:00;8508;12;3,4;2,5;786,9;0,0;172,6
2005-12-21 13:00:00;8509;13;4,0;2,5;759,1;0,0;151,7
2005-12-21 14:00:00;8510;14;3,9;2,5;761,8;0,0;138,3
2005-12-21 15:00:00;8511;15;4,5;2,5;736,8;0,0;129,1
2005-12-21 16:00:00;8512;16;4,1;2,5;755,8;0,0;134,1
2005-12-21 17:00:00;8513;17;3,4;2,5;786,1;0,0;166,4
2005-12-21 18:00:00;8514;18;3,6;2,5;776,6;0,0;185,6
2005-12-21 19:00:00;8515;19;3,3;2,5;792,7;0,0;229,6
2005-12-21 20:00:00;8516;20;3,8;2,5;769,4;0,0;235,9
2005-12-21 21:00:00;8517;21;4,5;2,5;736,8;0,0;220,0
2005-12-21 22:00:00;8518;22;4,6;2,5;731,2;0,0;132,4
2005-12-21 23:00:00;8519;23;5,1;2,5;708,5;0,0;83,0
2005-12-22 00:00:00;8520;0;4,6;4,7;542,4;0,0;57,4
2005-12-22 01:00:00;8521;1;4,3;4,7;553,7;0,0;31,0
2005-12-22 02:00:00;8522;2;4,2;4,7;559,4;0,0;12,2
2005-12-22 03:00:00;8523;3;4,2;4,7;559,7;0,0;8,8
2005-12-22 04:00:00;8524;4;3,9;4,7;576,6;0,0;26,4
2005-12-22 05:00:00;8525;5;4,1;4,7;564,5;0,0;66,2
2005-12-22 06:00:00;8526;6;4,1;4,7;565,3;0,0;178,9
2005-12-22 07:00:00;8527;7;3,9;4,7;763,9;0,0;191,5
2005-12-22 08:00:00;8528;8;4,4;4,7;739,8;0,0;192,3
2005-12-22 09:00:00;8529;9;5,6;4,7;683,5;0,0;201,6
2005-12-22 10:00:00;8530;10;5,6;4,7;685,4;0,0;192,3
2005-12-22 11:00:00;8531;11;5,6;4,7;681,5;0,0;186,5
2005-12-22 12:00:00;8532;12;6,0;4,7;665,5;0,0;172,6
2005-12-22 13:00:00;8533;13;5,4;4,7;694,0;0,0;151,7
2005-12-22 14:00:00;8534;14;5,5;4,7;690,7;0,0;138,3
2005-12-22 15:00:00;8535;15;4,8;4,7;722,7;0,0;129,1
2005-12-22 16:00:00;8536;16;5,0;4,7;709,7;0,0;134,1
2005-12-22 17:00:00;8537;17;4,5;4,7;735,9;0,0;166,4
2005-12-22 18:00:00;8538;18;4,8;4,7;720,9;0,0;185,6
2005-12-22 19:00:00;8539;19;4,7;4,7;727,0;0,0;229,6
2005-12-22 20:00:00;8540;20;4,3;4,7;745,5;0,0;235,9
2005-12-22 21:00:00;8541;21;4,6;4,7;732,6;0,0;220,0
2005-12-22 22:00:00;8542;22;4,5;4,7;737,9;0,0;132,4
2005-12-22 23:00:00;8543;23;4,0;4,7;761,0;0,0;83,0
2005-12-23 00:00:00;8544;0;3,4;2,7;596,6;0,0;57,4
2005-12-23 01:00:00;8545;1;2,9;2,7;623,1;0,0;31,0
2005-12-23 02:00:00;8546;2;2,8;2,7;625,3;0,0;12,2
2005-12-23 03:00:00;8547;3;2,5;2,7;641,4;0,0;8,8
2005-12-23 04:00:00;8548;4;2,3;2,7;651,3;0,0;26,4
2005-12-23 05:00:00;8549;5;1,7;2,7;679,3;0,0;66,2
2005-12-23 06:00:00;8550;6;1,5;2,7;686,9;0,0;178,9
2005-12-23 07:00:00;8551;7;1,5;2,7;879,6;0,0;191,5
2005-12-23 08:00:00;8552;8;1,9;2,7;858,0;0,0;192,3
2005-12-23 09:00:00;8553;9;2,7;2,7;819,9;0,0;201,6
2005-12-23 10:00:00;8554;10;3,8;2,7;766,7;0,0;192,3
2005-12-23 11:00:00;8555;11;4,3;2,7;742,7;0,0;186,5
2005-12-23 12:00:00;8556;12;4,7;2,7;723,9;0,0;172,6
2005-12-23 13:00:00;8557;13;5,2;2,7;701,5;0,0;151,7
2005-12-23 14:00:00;8558;14;4,1;2,7;754,6;0,0;138,3
2005-12-23 15:00:00;8559;15;3,1;2,7;799,6;0,0;129,1
2005-12-23 16:00:00;8560;16;2,6;2,7;827,2;0,0;134,1
2005-12-23 17:00:00;8561;17;1,8;2,7;864,4;0,0;166,4
2005-12-23 18:00:00;8562;18;2,3;2,7;839,2;0,0;185,6
2005-12-23 19:00:00;8563;19;2,0;2,7;851,6;0,0;229,6
2005-12-23 20:00:00;8564;20;2,4;2,7;836,9;0,0;235,9
2005-12-23 21:00:00;8565;21;1,6;2,7;872,7;0,0;220,0
2005-12-23 22:00:00;8566;22;1,5;2,7;878,7;0,0;132,4
2005-12-23 23:00:00;8567;23;1,4;2,7;883,0;0,0;83,0
2005-12-24 00:00:00;8568;0;1,2;2,5;701,9;0,0;57,4
2005-12-24 01:00:00;8569;1;0,9;2,5;714,6;0,0;31,0
2005-12-24 02:00:00;8570;2;0,8;2,5;721,1;0,0;12,2
2005-12-24 03:00:00;8571;3;0,6;2,5;732,3;0,0;8,8
2005-12-24 04:00:00;8572;4;0,8;2,5;720,8;0,0;26,4
2005-12-24 05:00:00;8573;5;0,3;2,5;744,6;0,0;66,2
2005-12-24 06:00:00;8574;6;0,0;2,5;757,5;0,0;178,9
2005-12-24 07:00:00;8575;7;0,1;2,5;943,7;0,0;191,5
2005-12-24 08:00:00;8576;8;0,7;2,5;915,1;0,0;192,3
2005-12-24 09:00:00;8577;9;1,3;2,5;888,3;0,0;201,6
2005-12-24 10:00:00;8578;10;2,1;2,5;847,5;0,0;192,3
2005-12-24 11:00:00;8579;11;3,7;2,5;771,8;0,0;186,5
2005-12-24 12:00:00;8580;12;4,5;2,5;736,8;0,0;172,6
2005-12-24 13:00:00;8581;13;5,0;2,5;710,2;0,0;151,7
2005-12-24 14:00:00;8582;14;5,9;2,5;668,7;0,0;138,3
2005-12-24 15:00:00;8583;15;5,7;2,5;679,5;0,0;129,1
2005-12-24 16:00:00;8584;16;5,0;2,5;711,0;0,0;134,1
2005-12-24 17:00:00;8585;17;4,6;2,5;732,4;0,0;166,4
2005-12-24 18:00:00;8586;18;3,9;2,5;762,3;0,0;185,6
2005-12-24 19:00:00;8587;19;2,4;2,5;833,7;0,0;229,6
2005-12-24 20:00:00;8588;20;2,8;2,5;815,3;0,0;235,9
2005-12-24 21:00:00;8589;21;3,1;2,5;801,1;0,0;220,0
2005-12-24 22:00:00;8590;22;2,7;2,5;819,2;0,0;132,4
2005-12-24 23:00:00;8591;23;2,5;2,5;829,7;0,0;83,0
2005-12-25 00:00:00;8592;0;2,3;6,0;648,9;0,0;57,4
2005-12-25 01:00:00;8593;1;3,1;6,0;613,8;0,0;31,0
2005-12-25 02:00:00;8594;2;3,1;6,0;611,5;0,0;12,2
2005-12-25 03:00:00;8595;3;3,5;6,0;592,1;0,0;8,8
2005-12-25 04:00:00;8596;4;3,7;6,0;585,4;0,0;26,4
2005-12-25 05:00:00;8597;5;4,2;6,0;561,2;0,0;66,2
2005-12-25 06:00:00;8598;6;4,1;6,0;563,9;0,0;178,9
2005-12-25 07:00:00;8599;7;4,6;6,0;731,6;0,0;191,5
2005-12-25 08:00:00;8600;8;5,2;6,0;703,7;0,0;192,3
2005-12-25 09:00:00;8601;9;5,4;6,0;694,6;0,0;201,6
2005-12-25 10:00:00;8602;10;6,4;6,0;645,3;0,0;192,3
2005-12-25 11:00:00;8603;11;7,7;6,0;585,6;0,0;186,5
2005-12-25 12:00:00;8604;12;8,0;6,0;570,1;0,0;172,6
2005-12-25 13:00:00;8605;13;8,9;6,0;526,3;0,0;151,7
2005-12-25 14:00:00;8606;14;8,9;6,0;528,8;0,0;138,3
2005-12-25 15:00:00;8607;15;8,6;6,0;542,3;0,0;129,1
2005-12-25 16:00:00;8608;16;7,9;6,0;575,0;0,0;134,1
2005-12-25 17:00:00;8609;17;6,9;6,0;621,3;0,0;166,4
2005-12-25 18:00:00;8610;18;6,5;6,0;642,0;0,0;185,6
2005-12-25 19:00:00;8611;19;6,8;6,0;626,5;0,0;229,6
2005-12-25 20:00:00;8612;20;7,2;6,0;608,7;0,0;235,9
2005-12-25 21:00:00;8613;21;7,1;6,0;612,6;0,0;220,0
2005-12-25 22:00:00;8614;22;6,7;6,0;633,4;0,0;132,4
2005-12-25 23:00:00;8615;23;6,4;6,0;644,0;0,0;83,0
2005-12-26 00:00:00;8616;0;5,9;7,6;478,0;0,0;57,4
2005-12-26 01:00:00;8617;1;6,6;7,6;448,1;0,0;31,0
2005-12-26 02:00:00;8618;2;6,9;7,6;432,8;0,0;12,2
2005-12-26 03:00:00;8619;3;6,5;7,6;452,8;0,0;8,8
2005-12-26 04:00:00;8620;4;6,2;7,6;468,1;0,0;26,4
2005-12-26 05:00:00;8621;5;5,9;7,6;478,2;0,0;66,2
2005-12-26 06:00:00;8622;6;6,4;7,6;458,4;0,0;178,9
2005-12-26 07:00:00;8623;7;6,4;7,6;645,1;0,0;191,5
2005-12-26 08:00:00;8624;8;6,3;7,6;648,8;0,0;192,3
2005-12-26 09:00:00;8625;9;7,3;7,6;603,0;0,0;201,6
2005-12-26 10:00:00;8626;10;8,7;7,6;536,3;0,0;192,3
2005-12-26 11:00:00;8627;11;9,4;7,6;504,6;0,0;186,5
2005-12-26 12:00:00;8628;12;10,1;7,6;473,1;0,0;172,6
2005-12-26 13:00:00;8629;13;10,3;7,6;461,7;0,0;151,7
2005-12-26 14:00:00;8630;14;10,9;7,6;433,9;0,0;138,3
2005-12-26 15:00:00;8631;15;10,1;7,6;470,9;0,0;129,1
2005-12-26 16:00:00;8632;16;9,7;7,6;490,9;0,0;134,1
2005-12-26 17:00:00;8633;17;8,7;7,6;536,8;0,0;166,4
2005-12-26 18:00:00;8634;18;8,0;7,6;571,1;0,0;185,6
2005-12-26 19:00:00;8635;19;7,8;7,6;578,8;0,0;229,6
2005-12-26 20:00:00;8636;20;7,1;7,6;611,9;0,0;235,9
2005-12-26 21:00:00;8637;21;6,7;7,6;630,6;0,0;220,0
2005-12-26 22:00:00;8638;22;6,0;7,6;666,8;0,0;132,4
2005-12-26 23:00:00;8639;23;5,4;7,6;692,1;0,0;83,0
2005-12-27 00:00:00;8640;0;4,7;6,9;535,4;0,0;57,4
2005-12-27 01:00:00;8641;1;4,6;6,9;539,7;0,0;31,0
2005-12-27 02:00:00;8642;2;4,8;6,9;530,1;0,0;12,2
2005-12-27 03:00:00;8643;3;4,8;6,9;533,3;0,0;8,8
2005-12-27 04:00:00;8644;4;5,2;6,9;515,0;0,0;26,4
2005-12-27 05:00:00;8645;5;4,7;6,9;538,5;0,0;66,2
2005-12-27 06:00:00;8646;6;4,5;6,9;544,5;0,0;178,9
2005-12-27 07:00:00;8647;7;4,3;6,9;746,0;0,0;191,5
2005-12-27 08:00:00;8648;8;4,8;6,9;723,7;0,0;192,3
2005-12-27 09:00:00;8649;9;5,3;6,9;696,2;0,0;201,6
2005-12-27 10:00:00;8650;10;6,2;6,9;655,2;0,0;192,3
2005-12-27 11:00:00;8651;11;7,4;6,9;596,4;0,0;186,5
2005-12-27 12:00:00;8652;12;8,1;6,9;565,7;0,0;172,6
2005-12-27 13:00:00;8653;13;8,6;6,9;543,2;0,0;151,7
2005-12-27 14:00:00;8654;14;9,2;6,9;511,5;0,0;138,3
2005-12-27 15:00:00;8655;15;9,5;6,9;497,6;0,0;129,1
2005-12-27 16:00:00;8656;16;8,8;6,9;531,9;0,0;134,1
2005-12-27 17:00:00;8657;17;8,4;6,9;550,3;0,0;166,4
2005-12-27 18:00:00;8658;18;8,3;6,9;555,4;0,0;185,6
2005-12-27 19:00:00;8659;19;8,9;6,9;526,4;0,0;229,6
2005-12-27 20:00:00;8660;20;8,6;6,9;543,8;0,0;235,9
2005-12-27 21:00:00;8661;21;8,4;6,9;553,6;0,0;220,0
2005-12-27 22:00:00;8662;22;8,4;6,9;552,6;0,0;132,4
2005-12-27 23:00:00;8663;23;7,9;6,9;575,9;0,0;83,0
2005-12-28 00:00:00;8664;0;7,9;10,6;385,1;0,0;57,4
2005-12-28 01:00:00;8665;1;8,2;10,6;371,5;0,0;31,0
2005-12-28 02:00:00;8666;2;8,8;10,6;342,5;0,0;12,2
2005-12-28 03:00:00;8667;3;9,0;10,6;335,4;0,0;8,8
2005-12-28 04:00:00;8668;4;9,2;10,6;324,9;0,0;26,4
2005-12-28 05:00:00;8669;5;9,2;10,6;322,9;0,0;66,2
2005-12-28 06:00:00;8670;6;9,2;10,6;325,9;0,0;178,9
2005-12-28 07:00:00;8671;7;9,0;10,6;522,3;0,0;191,5
2005-12-28 08:00:00;8672;8;9,0;10,6;522,8;0,0;192,3
2005-12-28 09:00:00;8673;9;9,0;10,6;522,0;0,0;201,6
2005-12-28 10:00:00;8674;10;9,8;10,6;484,6;0,0;192,3
2005-12-28 11:00:00;8675;11;10,4;10,6;456,6;0,0;186,5
2005-12-28 12:00:00;8676;12;10,7;10,6;440,3;0,0;172,6
2005-12-28 13:00:00;8677;13;11,3;10,6;413,2;0,0;151,7
2005-12-28 14:00:00;8678;14;11,2;10,6;417,5;0,0;138,3
2005-12-28 15:00:00;8679;15;11,2;10,6;419,4;0,0;129,1
2005-12-28 16:00:00;8680;16;11,4;10,6;407,7;0,0;134,1
2005-12-28 17:00:00;8681;17;12,2;10,6;371,3;0,0;166,4
2005-12-28 18:00:00;8682;18;12,2;10,6;373,4;0,0;185,6
2005-12-28 19:00:00;8683;19;12,4;10,6;363,3;0,0;229,6
2005-12-28 20:00:00;8684;20;12,9;10,6;339,2;0,0;235,9
2005-12-28 21:00:00;8685;21;12,9;10,6;340,0;0,0;220,0
2005-12-28 22:00:00;8686;22;13,0;10,6;331,9;0,0;132,4
2005-12-28 23:00:00;8687;23;13,1;10,6;330,9;0,0;83,0
2005-12-29 00:00:00;8688;0;13,0;10,7;146,2;0,0;57,4
2005-12-29 01:00:00;8689;1;12,8;10,7;155,8;0,0;31,0
2005-12-29 02:00:00;8690;2;12,4;10,7;173,2;0,0;12,2
2005-12-29 03:00:00;8691;3;13,0;10,7;143,0;0,0;8,8
2005-12-29 04:00:00;8692;4;12,4;10,7;172,6;0,0;26,4
2005-12-29 05:00:00;8693;5;11,9;10,7;195,3;0,0;66,2
2005-12-29 06:00:00;8694;6;12,3;10,7;176,9;0,0;178,9
2005-12-29 07:00:00;8695;7;12,1;10,7;374,4;0,0;191,5
2005-12-29 08:00:00;8696;8;12,4;10,7;362,9;0,0;192,3
2005-12-29 09:00:00;8697;9;12,1;10,7;378,6;0,0;201,6
2005-12-29 10:00:00;8698;10;12,5;10,7;357,1;0,0;192,3
2005-12-29 11:00:00;8699;11;12,1;10,7;378,4;0,0;186,5
2005-12-29 12:00:00;8700;12;11,9;10,7;384,0;0,0;172,6
2005-12-29 13:00:00;8701;13;11,6;10,7;399,2;0,0;151,7
2005-12-29 14:00:00;8702;14;10,6;10,7;445,9;0,0;138,3
2005-12-29 15:00:00;8703;15;9,7;10,7;488,6;0,0;129,1
2005-12-29 16:00:00;8704;16;9,2;10,7;513,4;0,0;134,1
2005-12-29 17:00:00;8705;17;8,6;10,7;542,9;0,0;166,4
2005-12-29 18:00:00;8706;18;8,1;10,7;565,0;0,0;185,6
2005-12-29 19:00:00;8707;19;8,1;10,7;567,4;0,0;229,6
2005-12-29 20:00:00;8708;20;8,2;10,7;562,8;0,0;235,9
2005-12-29 21:00:00;8709;21;7,6;10,7;588,8;0,0;220,0
2005-12-29 22:00:00;8710;22;7,3;10,7;602,4;0,0;132,4
2005-12-29 23:00:00;8711;23;7,6;10,7;587,2;0,0;83,0
2005-12-30 00:00:00;8712;0;7,2;3,6;417,3;0,0;57,4
2005-12-30 01:00:00;8713;1;6,4;3,6;455,8;0,0;31,0
2005-12-30 02:00:00;8714;2;6,3;3,6;461,9;0,0;12,2
2005-12-30 03:00:00;8715;3;5,5;3,6;500,8;0,0;8,8
2005-12-30 04:00:00;8716;4;5,2;3,6;513,2;0,0;26,4
2005-12-30 05:00:00;8717;5;4,4;3,6;549,9;0,0;66,2
2005-12-30 06:00:00;8718;6;3,6;3,6;588,7;0,0;178,9
2005-12-30 07:00:00;8719;7;3,8;3,6;770,4;0,0;191,5
2005-12-30 08:00:00;8720;8;3,6;3,6;779,6;0,0;192,3
2005-12-30 09:00:00;8721;9;3,7;3,6;773,1;0,0;201,6
2005-12-30 10:00:00;8722;10;2,9;3,6;809,6;0,0;192,3
2005-12-30 11:00:00;8723;11;3,8;3,6;769,5;0,0;186,5
2005-12-30 12:00:00;8724;12;4,6;3,6;731,0;0,0;172,6
2005-12-30 13:00:00;8725;13;4,5;3,6;737,0;0,0;151,7
2005-12-30 14:00:00;8726;14;4,6;3,6;733,2;0,0;138,3
2005-12-30 15:00:00;8727;15;3,9;3,6;763,2;0,0;129,1
2005-12-30 16:00:00;8728;16;3,6;3,6;779,1;0,0;134,1
2005-12-30 17:00:00;8729;17;2,4;3,6;834,9;0,0;166,4
2005-12-30 18:00:00;8730;18;2,0;3,6;854,6;0,0;185,6
2005-12-30 19:00:00;8731;19;2,4;3,6;834,3;0,0;229,6
2005-12-30 20:00:00;8732;20;1,6;3,6;871,2;0,0;235,9
2005-12-30 21:00:00;8733;21;0,8;3,6;910,7;0,0;220,0
2005-12-30 22:00:00;8734;22;0,5;3,6;925,4;0,0;132,4
2005-12-30 23:00:00;8735;23;-0,1;3,6;952,7;0,0;83,0
2005-12-31 00:00:00;8736;0;-0,5;-2,7;783,9;0,0;57,4
2005-12-31 01:00:00;8737;1;-0,9;-2,7;801,1;0,0;31,0
2005-12-31 02:00:00;8738;2;-1,3;-2,7;818,5;0,0;12,2
2005-12-31 03:00:00;8739;3;-1,4;-2,7;826,7;0,0;8,8
2005-12-31 04:00:00;8740;4;-1,8;-2,7;842,7;0,0;26,4
2005-12-31 05:00:00;8741;5;-1,8;-2,7;846,2;0,0;66,2
2005-12-31 06:00:00;8742;6;-2,2;-2,7;862,9;0,0;178,9
2005-12-31 07:00:00;8743;7;-2,0;-2,7;1041,4;0,0;191,5
2005-12-31 08:00:00;8744;8;-2,9;-2,7;1084,9;0,0;192,3
2005-12-31 09:00:00;8745;9;-2,2;-2,7;1053,6;0,0;201,6
2005-12-31 10:00:00;8746;10;-2,0;-2,7;1041,9;0,0;192,3
2005-12-31 11:00:00;8747;11;-2,0;-2,7;1042,3;0,0;186,5
2005-12-31 12:00:00;8748;12;-2,2;-2,7;1051,2;0,0;172,6
2005-12-31 13:00:00;8749;13;-2,1;-2,7;1045,3;0,0;151,7
2005-12-31 14:00:00;8750;14;-2,1;-2,7;1048,6;0,0;138,3
2005-12-31 15:00:00;8751;15;-2,2;-2,7;1054,5;0,0;129,1
2005-12-31 16:00:00;8752;16;-2,0;-2,7;1041,0;0,0;134,1
2005-12-31 17:00:00;8753;17;-2,4;-2,7;1060,4;0,0;166,4
2005-12-31 18:00:00;8754;18;-3,2;-2,7;1099,5;0,0;185,6
2005-12-31 19:00:00;8755;19;-3,8;-2,7;1129,4;0,0;229,6
2005-12-31 20:00:00;8756;20;-4,8;-2,7;1177,1;0,0;235,9
2005-12-31 21:00:00;8757;21;-5,9;-2,7;1228,6;0,0;220,0
2005-12-31 22:00:00;8758;22;-6,6;-2,7;1262,4;0,0;132,4
2005-12-31 23:00:00;8759;23;-7,0;-2,7;1279,7;0,0;83,0
