Surface ID;Building ID;Surface Type;Surface Construction Type;Window Ratio;Wall area (without window);Window area;Wall U-Value (without window);Window Construction Type;Window U-Value;Building Parent ID
UUID_21c02d78-91a4-4d27-a145-c8c4c3069d86;DEBW_52210006Iun;WALL;199;0,27;0,93;0,34;0,83;;2,57;DEBW_52210006Iun
UUID_f9c9eaec-036f-4267-bb0a-ed80d6c41953;DEBW_52210006Iun;GROUND;150;0,00;16,08;0,00;0,62;;;DEBW_52210006Iun
UUID_8b1a013b-af0e-436c-84cd-c866ddef71b9;DEBW_52210006Iun;ROOF;226;0,10;15,41;1,71;0,43;;2,57;DEBW_52210006Iun
UUID_bdd8c5e2-b3cb-43fe-ab80-62277eeaee4e;DEBW_52210006Iun;WALL;199;0,27;12,87;4,76;0,83;;2,57;DEBW_52210006Iun
UUID_bd3d7fe5-bcb0-485b-8ebf-88eea83cf640;DEBW_52210006Iun;WALL;199;0,27;8,34;3,08;0,83;;2,57;DEBW_52210006Iun
UUID_2eb5f162-1d24-4eb1-835b-9d8c01c2ec33;DEBW_52210006Iun;WALL;199;0,27;0,01;0,00;0,83;;2,57;DEBW_52210006Iun
UUID_e73460d5-b809-442e-923f-9b4cb04c4a47;DEBW_52210004Ewo;WALL;199;0,27;12,88;4,76;0,83;;2,57;DEBW_52210004Ewo
UUID_ffd3a6dd-80e1-42ad-8947-ea69a7eb2afd;DEBW_52210004Ewo;WALL;199;0,27;5,26;1,95;0,83;;2,57;DEBW_52210004Ewo
UUID_f65b4eaf-5efe-427c-9748-24f89db6bb5d;DEBW_52210004Ewo;GROUND;150;0,00;7,60;0,00;0,62;;;DEBW_52210004Ewo
UUID_3fff48f8-f44c-4bbd-9631-d87ce891c52c;DEBW_52210004Ewo;ROOF;226;0,10;6,86;0,76;0,43;;2,57;DEBW_52210004Ewo
UUID_a20a833e-0702-40b5-b8fb-394bb128e8ea;DEBW_52210004Ewo;WALL;199;0,27;4,96;1,84;0,83;;2,57;DEBW_52210004Ewo
UUID_1abe0189-94af-4d76-9c95-95d98130eb59;DEBW_52210004Ewo;WALL;199;0,27;0,00;0,00;0,83;;2,57;DEBW_52210004Ewo
UUID_82923a13-f255-4583-9a36-37938794a073;DEBW_52210005fyh;GROUND;150;0,00;5,75;0,00;0,62;;;DEBW_52210005fyh
UUID_bdb91c1b-1e7a-4679-939d-b7c4c4315d72;DEBW_52210005fyh;ROOF;226;0,10;5,20;0,58;0,43;;2,57;DEBW_52210005fyh
UUID_ed74d3c3-02ef-4cfc-8234-a7d48386aa48;DEBW_52210005fyh;WALL;199;0,27;0,00;0,00;0,83;;2,57;DEBW_52210005fyh
UUID_3ad7992e-1df6-4a09-a4ea-4333a81dbe28;DEBW_52210005fyh;WALL;199;0,27;8,18;3,03;0,83;;2,57;DEBW_52210005fyh
UUID_55e09bf5-f287-4e58-8674-a0d721dcf3a2;DEBW_52210005fyh;WALL;199;0,27;0,00;0,00;0,83;;2,57;DEBW_52210005fyh
UUID_990087de-cab8-4f18-9a4d-d4b885e29d9d;DEBW_52210005fyh;WALL;199;0,27;13,99;5,17;0,83;;2,57;DEBW_52210005fyh
UUID_ca45baaf-511e-42e8-b172-637254ee80e6;DEBW_52210005fyh;WALL;199;0,27;0,00;0,00;0,83;;2,57;DEBW_52210005fyh
UUID_aed5528d-0459-4b73-b715-fb3500acc4ab;DEBW_52210006I2P;WALL;199;0,18;0,70;0,15;0,83;;2,57;DEBW_52210006I2P
UUID_47d3d8e0-b1e9-41de-8c7b-40a98faad0fe;DEBW_52210006I2P;GROUND;150;0,00;103,72;0,00;0,62;;;DEBW_52210006I2P
UUID_69fed008-8e01-4163-a466-3d70a43061a3;DEBW_52210006I2P;ROOF;226;0,10;78,52;8,72;0,43;;2,57;DEBW_52210006I2P
UUID_97da9308-89cc-4aea-84d7-3784d0e80db6;DEBW_52210006I2P;WALL;199;0,18;10,88;2,39;0,83;;2,57;DEBW_52210006I2P
UUID_12613299-3885-4753-b7f2-eed4c761ec4e;DEBW_52210006I2P;WALL;199;0,18;35,32;7,75;0,83;;2,57;DEBW_52210006I2P
UUID_3bce85f4-06a2-4357-b005-4eea5a17743b;DEBW_52210006I2P;WALL;199;0,18;10,20;2,24;0,83;;2,57;DEBW_52210006I2P
UUID_5aa90c37-d806-46f1-aa18-e7e499886e28;DEBW_52210006I2P;WALL;199;0,18;42,82;9,40;0,83;;2,57;DEBW_52210006I2P
UUID_37f81603-712e-4be7-9ab4-63585cf132cc;DEBW_52210006I2P;WALL;199;0,18;10,53;2,31;0,83;;2,57;DEBW_52210006I2P
UUID_bdf47a08-bce3-41e3-91b4-59370991ca0c;DEBW_52210006I2P;ROOF;226;0,10;11,91;1,32;0,43;;2,57;DEBW_52210006I2P
UUID_0af6ed80-ba79-4217-af43-650f813210cd;DEBW_52210006I2P;ROOF;226;0,10;57,09;6,34;0,43;;2,57;DEBW_52210006I2P
UUID_a786a563-9d6d-49db-9912-20c179d98108;DEBW_52210006I2P;WALL;199;0,18;35,21;7,73;0,83;;2,57;DEBW_52210006I2P
UUID_c99977ca-02a2-48fd-9e3e-8f33b6a13c75;DEBW_52210006I2P;WALL;199;0,18;10,65;2,34;0,83;;2,57;DEBW_52210006I2P
UUID_044f1f63-67ef-418c-b897-5a3fa24ab6bd;DEBW_52210006I2P;WALL;199;0,18;7,47;1,64;0,83;;2,57;DEBW_52210006I2P
UUID_094e5c4f-cc26-4737-b489-8281097159b6;DEBW_52210006I2P;WALL;199;0,18;7,19;1,58;0,83;;2,57;DEBW_52210006I2P
UUID_4b89877e-aaf3-4ea0-9a1a-a671acf22e50;DEBW_52210006I2P;WALL;199;0,18;17,06;3,74;0,83;;2,57;DEBW_52210006I2P
UUID_7cafee55-edd3-4ce6-a32d-c6c02bfd53c0;DEBW_52210006I2P;WALL;199;0,18;78,41;17,21;0,83;;2,57;DEBW_52210006I2P
UUID_b0d6c1b4-6d6e-47c1-a646-7959930f5130;DEBW_52210006I2P;WALL;199;0,18;26,09;5,73;0,83;;2,57;DEBW_52210006I2P
UUID_2bc17664-aa19-45be-8652-d79ed856d704;DEBW_5221000BwYJ;WALL;199;0,27;13,01;4,81;0,83;;2,57;DEBW_5221000BwYJ
UUID_7448ac2d-c738-4611-9efc-aadfea392bcf;DEBW_5221000BwYJ;WALL;199;0,27;1,46;0,54;0,83;;2,57;DEBW_5221000BwYJ
UUID_8f0431a4-a959-4eb3-893f-b0420dd2ceb8;DEBW_5221000BwYJ;WALL;199;0,27;1,17;0,43;0,83;;2,57;DEBW_5221000BwYJ
UUID_0871c0ea-d4c1-4993-a4aa-55e08ad96441;DEBW_5221000BwYJ;GROUND;150;0,00;15,34;0,00;0,62;;;DEBW_5221000BwYJ
UUID_154c16e3-51c9-4e60-b63e-a7b98a399033;DEBW_5221000BwYJ;ROOF;226;0,10;14,40;1,60;0,43;;2,57;DEBW_5221000BwYJ
UUID_26a5e510-af4d-45e2-b7ed-2ae3072c6863;DEBW_5221000BwYJ;WALL;199;0,27;1,52;0,56;0,83;;2,57;DEBW_5221000BwYJ
UUID_7b7d4c45-e50b-4152-8594-d3b06683c1c5;DEBW_5221000BwYJ;WALL;199;0,27;8,70;3,22;0,83;;2,57;DEBW_5221000BwYJ
UUID_e241d855-9f46-4a93-88d8-1aa5c6e41b18;DEBW_5221000BwYJ;WALL;199;0,27;2,84;1,05;0,83;;2,57;DEBW_5221000BwYJ
UUID_80fbfef9-ff2a-4040-bb73-948e1b11ca6f;DEBW_522100060aE;WALL;199;0,27;0,00;0,00;0,83;;2,57;DEBW_522100060aE
UUID_12387a61-00cd-4da0-af51-a2ece68920c4;DEBW_522100060aE;WALL;199;0,27;6,08;2,25;0,83;;2,57;DEBW_522100060aE
UUID_4df25311-166e-444a-a684-5afa416d30c4;DEBW_522100060aE;WALL;199;0,27;0,00;0,00;0,83;;2,57;DEBW_522100060aE
UUID_04e61014-5a07-4850-a75d-ca440f5dcb1a;DEBW_522100060aE;WALL;199;0,27;1,12;0,42;0,83;;2,57;DEBW_522100060aE
UUID_ef6bcfc9-1926-4aa6-a62e-8af47d39c70a;DEBW_522100060aE;ROOF;226;0,10;7,75;0,86;0,43;;2,57;DEBW_522100060aE
UUID_e065f8b0-1325-4490-b33a-01ea617081fa;DEBW_522100060aE;WALL;199;0,27;0,01;0,00;0,83;;2,57;DEBW_522100060aE
UUID_130acfd2-7db9-43af-9630-7d05fac471c8;DEBW_522100060aE;WALL;199;0,27;0,01;0,01;0,83;;2,57;DEBW_522100060aE
UUID_b6f24146-7ed2-4a07-af0b-02919becf82d;DEBW_522100060aE;GROUND;150;0,00;17,58;0,00;0,62;;;DEBW_522100060aE
UUID_f4cd3c9e-9e7d-4b09-929e-e89aa2bf6c83;DEBW_522100060aE;ROOF;226;0,10;8,76;0,97;0,43;;2,57;DEBW_522100060aE
UUID_1eebab34-bf33-4116-af68-026e4805a8b5;DEBW_522100060aE;WALL;199;0,27;5,53;2,05;0,83;;2,57;DEBW_522100060aE
UUID_8eece7de-98c1-4d2b-b524-68d278ca5416;DEBW_522100060aE;WALL;199;0,27;6,10;2,26;0,83;;2,57;DEBW_522100060aE
UUID_3e88a6ba-5cc8-47cf-8bd4-2d2f1a03a84a;DEBW_52210005zd7;WALL;199;0,18;7,88;1,73;0,83;;2,57;DEBW_52210005zd7
UUID_389b3672-4f78-4b98-ac45-9fd6d0c7ac41;DEBW_52210005zd7;ROOF;226;0,10;43,52;4,84;0,43;;2,57;DEBW_52210005zd7
UUID_c7e1ee56-92e7-4371-a43f-4efba648d383;DEBW_52210005zd7;ROOF;226;0,10;0,03;0,00;0,43;;2,57;DEBW_52210005zd7
UUID_a1ea0864-a4a3-4910-aaaf-85aaccef865d;DEBW_52210005zd7;WALL;199;0,18;56,57;12,42;0,83;;2,57;DEBW_52210005zd7
UUID_5484f5b7-6cce-4814-984b-faeb84dcf7d8;DEBW_52210005zd7;WALL;199;0,18;11,23;2,46;0,83;;2,57;DEBW_52210005zd7
UUID_6432d39b-4e62-4145-aaa0-ced55a3da067;DEBW_52210005zd7;ROOF;226;0,10;24,12;2,68;0,43;;2,57;DEBW_52210005zd7
UUID_193fb833-a6b9-4a67-a147-f247dcb16157;DEBW_52210005zd7;ROOF;226;0,10;41,69;4,63;0,43;;2,57;DEBW_52210005zd7
UUID_33985350-e0a0-4a8a-9437-5f5448a04f84;DEBW_52210005zd7;WALL;199;0,18;63,72;13,99;0,83;;2,57;DEBW_52210005zd7
UUID_07e7ff2f-a07e-443a-b4be-8f4933f65626;DEBW_52210005zd7;ROOF;226;0,10;1,19;0,13;0,43;;2,57;DEBW_52210005zd7
UUID_1f4a66ac-5f0c-45d7-8d63-9380f266cf3f;DEBW_52210005zd7;WALL;199;0,18;1,96;0,43;0,83;;2,57;DEBW_52210005zd7
UUID_8faa2074-b2a1-4e4e-8266-8b12a0b859ba;DEBW_52210005zd7;GROUND;150;0,00;84,53;0,00;0,62;;;DEBW_52210005zd7
UUID_bf8f4761-ab7f-4ebe-91eb-1cc5f40f2581;DEBW_52210005zd7;WALL;199;0,18;11,21;2,46;0,83;;2,57;DEBW_52210005zd7
UUID_26e3ba46-ab63-443c-925a-c382a926df61;DEBW_52210005zd7;WALL;199;0,18;62,02;13,61;0,83;;2,57;DEBW_52210005zd7
UUID_ecd27f00-58a7-4cb0-adb4-7db450380e4c;DEBW_52210005zd7;WALL;199;0,18;0,90;0,20;0,83;;2,57;DEBW_52210005zd7
UUID_935f4674-4784-4fed-8c11-74c912195e4c;DEBW_52210005fzd;ROOF;226;0,10;10,95;1,22;0,43;;2,57;DEBW_52210005fzd
UUID_0ecdb283-162a-4dd4-86c9-820da427a035;DEBW_52210005fzd;WALL;199;0,27;16,76;6,20;0,83;;2,57;DEBW_52210005fzd
UUID_927bbec5-3b50-45cb-9877-5802c84b3e5f;DEBW_52210005fzd;WALL;199;0,27;30,17;11,16;0,83;;2,57;DEBW_52210005fzd
UUID_80480fa3-ef46-4aa8-9a42-93849e1f00b6;DEBW_52210005fzd;WALL;199;0,27;0,24;0,09;0,83;;2,57;DEBW_52210005fzd
UUID_92d3862a-9d57-41f0-a471-e603df41a4e2;DEBW_52210005fzd;WALL;199;0,27;16,88;6,24;0,83;;2,57;DEBW_52210005fzd
UUID_3124a5da-4745-411d-89a4-75c128e453ba;DEBW_52210005fzd;GROUND;150;0,00;12,14;0,00;0,62;;;DEBW_52210005fzd
UUID_2969e651-a820-4545-ab05-5ccbea00e8ca;DEBW_52210004FOx;ROOF;226;0,10;40,24;4,47;0,43;;2,57;DEBW_52210004FOx
UUID_911949e9-7c22-4cd8-bda6-6140e0bc84aa;DEBW_52210004FOx;WALL;199;0,14;0,22;0,04;0,83;;2,57;DEBW_52210004FOx
UUID_47dad187-19bd-4d99-8c8d-f400f6036835;DEBW_52210004FOx;WALL;199;0,14;62,44;10,16;0,83;;2,57;DEBW_52210004FOx
UUID_6edd70b7-e1b7-43d4-ac98-a67896832c7d;DEBW_52210004FOx;WALL;199;0,14;0,71;0,12;0,83;;2,57;DEBW_52210004FOx
UUID_4575181d-4317-4171-8994-58cf58c88718;DEBW_52210004FOx;WALL;199;0,14;52,81;8,60;0,83;;2,57;DEBW_52210004FOx
UUID_be07e901-87f0-4cb0-819a-67df418d53af;DEBW_52210004FOx;WALL;199;0,14;61,95;10,08;0,83;;2,57;DEBW_52210004FOx
UUID_8e0efda0-501b-4382-bc85-9b3291731219;DEBW_52210004FOx;WALL;199;0,14;32,47;5,29;0,83;;2,57;DEBW_52210004FOx
UUID_1c2e0d87-072c-4a27-ac22-dd8c659f33a3;DEBW_52210004FOx;ROOF;226;0,10;39,37;4,37;0,43;;2,57;DEBW_52210004FOx
UUID_adccf3ad-49d2-416e-98e2-36b83bb6de3a;DEBW_52210004FOx;WALL;199;0,14;32,26;5,25;0,83;;2,57;DEBW_52210004FOx
UUID_6bc7bf55-5606-49d0-9ec0-c479a1ab3ff9;DEBW_52210004FOx;ROOF;226;0,10;15,90;1,77;0,43;;2,57;DEBW_52210004FOx
UUID_fb30146f-db42-4a4b-b223-979d57f262ec;DEBW_52210004FOx;GROUND;150;0,00;85,42;0,00;0,62;;;DEBW_52210004FOx
UUID_9e5b179c-2b30-4a8f-ab98-44536bdbb370;DEBW_522100060ok;WALL;199;0,27;6,91;2,55;0,83;;2,57;DEBW_522100060ok
UUID_58608069-a6fd-4639-a690-fddc42efc2ac;DEBW_522100060ok;ROOF;226;0,10;17,58;1,95;0,43;;2,57;DEBW_522100060ok
UUID_40d8e643-5758-4f83-a8ff-97339d22595e;DEBW_522100060ok;GROUND;150;0,00;19,52;0,00;0,62;;;DEBW_522100060ok
UUID_c7c83aba-7357-413b-91b9-a30577cd79c3;DEBW_522100060ok;WALL;199;0,27;0,92;0,34;0,83;;2,57;DEBW_522100060ok
UUID_d7e26a5b-4c64-4138-928b-4c64e8507273;DEBW_522100060ok;WALL;199;0,27;6,48;2,39;0,83;;2,57;DEBW_522100060ok
UUID_ce687405-5315-4675-820a-c37ed905b2f9;DEBW_522100060ok;WALL;199;0,27;10,62;3,93;0,83;;2,57;DEBW_522100060ok
UUID_e03207a5-1c1a-403a-949c-ae93c573015f;DEBW_52210006IWU;WALL;199;0,27;8,34;3,09;0,83;;2,57;DEBW_52210006IWU
UUID_6d669017-066a-4fce-ac60-cfb244ce104f;DEBW_52210006IWU;WALL;199;0,27;0,00;0,00;0,83;;2,57;DEBW_52210006IWU
UUID_07cf556d-a909-49ee-938f-27825875ba6e;DEBW_52210006IWU;WALL;199;0,27;1,07;0,40;0,83;;2,57;DEBW_52210006IWU
UUID_2d760751-6c12-40b0-8ba7-4b53f759cfe3;DEBW_52210006IWU;WALL;199;0,27;44,26;16,37;0,83;;2,57;DEBW_52210006IWU
UUID_2fedd810-cacb-4809-b261-fe3d1aa6bb74;DEBW_52210006IWU;GROUND;150;0,00;60,49;0,00;0,62;;;DEBW_52210006IWU
UUID_2d740945-4e15-4446-9f93-886a2dbc3bb2;DEBW_52210006IWU;ROOF;226;0,10;54,44;6,05;0,43;;2,57;DEBW_52210006IWU
UUID_dd087d4a-0330-4c99-a979-eda82f90abb8;DEBW_52210006IWU;WALL;199;0,27;46,84;17,32;0,83;;2,57;DEBW_52210006IWU
UUID_15b31087-4538-4b84-a42b-9db486e07da5;DEBW_52210006IWU;WALL;199;0,27;17,91;6,62;0,83;;2,57;DEBW_52210006IWU
UUID_249c634d-79dd-4521-b60c-97b88381b26d;DEBW_52210005fyk;WALL;199;0,14;20,68;3,37;0,83;;2,57;DEBW_52210005fyk
UUID_f77d38ea-ec44-4b20-8892-2e1a7c7d3da1;DEBW_52210005fyk;WALL;199;0,14;13,17;2,14;0,83;;2,57;DEBW_52210005fyk
UUID_bc704dfe-ba6a-4568-bb9a-98f77f393856;DEBW_52210005fyk;WALL;199;0,14;19,79;3,22;0,83;;2,57;DEBW_52210005fyk
UUID_92a63bce-d1b6-48ab-8142-c470c893d27f;DEBW_52210005fyk;WALL;199;0,14;26,86;4,37;0,83;;2,57;DEBW_52210005fyk
UUID_1d9a870d-5ff4-4d11-9abd-fb7f6e5641ad;DEBW_52210005fyk;WALL;199;0,14;3,20;0,52;0,83;;2,57;DEBW_52210005fyk
UUID_3cca460b-6408-4aff-94f1-81232d8a4a85;DEBW_52210005fyk;ROOF;226;0,10;21,73;2,41;0,43;;2,57;DEBW_52210005fyk
UUID_cdae0fc8-3121-4774-a1cf-d31befcaf8d3;DEBW_52210005fyk;GROUND;150;0,00;23,91;0,00;0,62;;;DEBW_52210005fyk
UUID_c18f90ab-fdb0-4662-baa6-89303b51c4d1;DEBW_52210006Isp;WALL;199;0,18;19,99;4,39;0,83;;2,57;DEBW_52210006Isp
UUID_140ffca9-eb57-42ab-a117-c8ba4c52e67b;DEBW_52210006Isp;WALL;199;0,18;1,49;0,33;0,83;;2,57;DEBW_52210006Isp
UUID_485a19a7-0c95-45db-860f-b44d2433273c;DEBW_52210006Isp;ROOF;226;0,10;54,36;6,04;0,43;;2,57;DEBW_52210006Isp
UUID_7ce9fff8-e163-41b1-a815-a8817fb52d6b;DEBW_52210006Isp;WALL;199;0,18;34,25;7,52;0,83;;2,57;DEBW_52210006Isp
UUID_0e03aca2-ddf2-4d2a-bc0f-d4f2fa217528;DEBW_52210006Isp;ROOF;226;0,10;49,06;5,45;0,43;;2,57;DEBW_52210006Isp
UUID_dedb5e48-8c6a-4b20-bae5-e12c4939c2a4;DEBW_52210006Isp;WALL;199;0,18;2,30;0,50;0,83;;2,57;DEBW_52210006Isp
UUID_3e820d57-6ab3-490f-9eb5-3c7f4705f168;DEBW_52210006Isp;WALL;199;0,18;6,66;1,46;0,83;;2,57;DEBW_52210006Isp
UUID_acba16a0-2d65-4679-86e2-febe09b436fd;DEBW_52210006Isp;WALL;199;0,18;31,97;7,02;0,83;;2,57;DEBW_52210006Isp
UUID_9d2ffd6e-4b02-49a0-b346-13c792e0d1b6;DEBW_52210006Isp;WALL;199;0,18;4,89;1,07;0,83;;2,57;DEBW_52210006Isp
UUID_9092eda5-804a-465a-af64-13f3829bd974;DEBW_52210006Isp;WALL;199;0,18;1,82;0,40;0,83;;2,57;DEBW_52210006Isp
UUID_2e88d2f4-910e-43f2-9236-14f2a5491c48;DEBW_52210006Isp;WALL;199;0,18;0,83;0,18;0,83;;2,57;DEBW_52210006Isp
UUID_326f937f-1fc9-414a-8dfc-d2cfa65e9434;DEBW_52210006Isp;WALL;199;0,18;2,20;0,48;0,83;;2,57;DEBW_52210006Isp
UUID_49b4ea41-d59d-407e-b42d-6aa7eaad9c06;DEBW_52210006Isp;WALL;199;0,18;31,86;6,99;0,83;;2,57;DEBW_52210006Isp
UUID_41649a30-2fdf-407e-91bb-6cebd227f2c4;DEBW_52210006Isp;WALL;199;0,18;9,76;2,14;0,83;;2,57;DEBW_52210006Isp
UUID_2fb2f321-662c-4f0e-9cca-d108c095ddcf;DEBW_52210006Isp;WALL;199;0,18;32,07;7,04;0,83;;2,57;DEBW_52210006Isp
UUID_ddb9e425-d216-4080-80d8-58550433eb1d;DEBW_52210006Isp;WALL;199;0,18;1,38;0,30;0,83;;2,57;DEBW_52210006Isp
UUID_e39f80e5-3231-415f-a042-dde2fa16bf49;DEBW_52210006Isp;WALL;199;0,18;4,08;0,90;0,83;;2,57;DEBW_52210006Isp
UUID_356f9780-ea94-4f7a-a984-614f74058452;DEBW_52210006Isp;ROOF;226;0,10;7,74;0,86;0,43;;2,57;DEBW_52210006Isp
UUID_2b71e253-fc9c-41d5-adc3-e389272ccf9c;DEBW_52210006Isp;WALL;199;0,18;9,84;2,16;0,83;;2,57;DEBW_52210006Isp
UUID_d9c1486b-203f-4938-91a6-12c22a19c5e4;DEBW_52210006Isp;WALL;199;0,18;2,33;0,51;0,83;;2,57;DEBW_52210006Isp
UUID_bec95aba-c9e9-4939-be95-f6eb735816fb;DEBW_52210006Isp;WALL;199;0,18;50,72;11,13;0,83;;2,57;DEBW_52210006Isp
UUID_465705ef-2255-4989-af40-7febf581cbc8;DEBW_52210006Isp;GROUND;150;0,00;79,03;0,00;0,62;;;DEBW_52210006Isp
UUID_8e672246-37e0-4b8d-9d89-ff0760bc92b0;DEBW_52210006Isp;WALL;199;0,18;13,57;2,98;0,83;;2,57;DEBW_52210006Isp
UUID_bf18dcca-5a9b-4922-9074-a16339cf76c2;DEBW_52210006Isp;WALL;199;0,18;1,41;0,31;0,83;;2,57;DEBW_52210006Isp
UUID_6fbc6837-a292-4c64-b1a5-b7aaef373b65;DEBW_52210006Isp;GROUND;150;0,00;7,73;0,00;0,62;;;DEBW_52210006Isp
UUID_7b26a1fe-d1f2-4615-a42f-89bb8f121f5b;DEBW_52210004dGw;GROUND;150;0,00;102,28;0,00;0,62;;;DEBW_52210004dGw
UUID_6d55194f-9962-488c-9877-645a7f660cba;DEBW_52210004dGw;WALL;199;0,18;22,85;5,02;0,83;;2,57;DEBW_52210004dGw
UUID_7830049e-5845-4eb8-bb47-1e492008c829;DEBW_52210004dGw;WALL;199;0,18;40,85;8,97;0,83;;2,57;DEBW_52210004dGw
UUID_4d01cd32-5ba2-4f23-a65e-05c1d9f23b30;DEBW_52210004dGw;WALL;199;0,18;4,55;1,00;0,83;;2,57;DEBW_52210004dGw
UUID_236c1e6f-37da-4de7-801d-ee03e7bc523e;DEBW_52210004dGw;WALL;199;0,18;9,02;1,98;0,83;;2,57;DEBW_52210004dGw
UUID_46db8e07-6b21-4897-a333-0f6cc2e39517;DEBW_52210004dGw;WALL;199;0,18;32,15;7,06;0,83;;2,57;DEBW_52210004dGw
UUID_51a44c9f-c842-46fc-b1f5-3cda45d98efa;DEBW_52210004dGw;WALL;199;0,18;42,23;9,27;0,83;;2,57;DEBW_52210004dGw
UUID_a72ebba7-0ab9-4ae5-8251-3a1931dd9773;DEBW_52210004dGw;ROOF;226;0,10;69,80;7,76;0,43;;2,57;DEBW_52210004dGw
UUID_3228bdd3-a384-4052-890d-98351f5e4fe6;DEBW_52210004dGw;WALL;199;0,18;54,76;12,02;0,83;;2,57;DEBW_52210004dGw
UUID_889548c7-4ea2-4048-acc6-05d825e10a65;DEBW_52210004dGw;WALL;199;0,18;0,43;0,09;0,83;;2,57;DEBW_52210004dGw
UUID_23de3696-b501-4151-a70e-20bd5b38eb4c;DEBW_52210004dGw;WALL;199;0,18;30,69;6,74;0,83;;2,57;DEBW_52210004dGw
UUID_f515b5ed-beb9-41dd-a28d-8470ad8093d1;DEBW_52210004dGw;WALL;199;0,18;24,77;5,44;0,83;;2,57;DEBW_52210004dGw
UUID_23d008fd-ee21-4d0e-ab7e-a6977701f401;DEBW_52210004dGw;ROOF;226;0,10;72,52;8,06;0,43;;2,57;DEBW_52210004dGw
UUID_85bf68a9-b697-4736-9775-ea432cb4fc8a;DEBW_52210004dGw;WALL;199;0,18;8,52;1,87;0,83;;2,57;DEBW_52210004dGw
UUID_3bf846cc-ef76-4e45-bad4-d46ffe51ae79;DEBW_52210005zmV;WALL;199;0,14;9,93;1,62;0,83;;2,57;DEBW_52210005zmV
UUID_132d4343-f5fe-4e33-becc-b0199546e24d;DEBW_52210005zmV;WALL;199;0,14;2,42;0,39;0,83;;2,57;DEBW_52210005zmV
UUID_8992d34b-d5c3-4f80-bb6f-2dbe8e98024c;DEBW_52210005zmV;WALL;199;0,14;18,55;3,02;0,83;;2,57;DEBW_52210005zmV
UUID_c650f3ac-9bf0-4afb-adb7-ae6ea711475e;DEBW_52210005zmV;WALL;199;0,14;18,83;3,06;0,83;;2,57;DEBW_52210005zmV
UUID_e8973253-fb02-4e78-871a-ca13139d3017;DEBW_52210005zmV;WALL;199;0,14;29,32;4,77;0,83;;2,57;DEBW_52210005zmV
UUID_97cadc8f-5ca6-405b-850a-d518cfae8a01;DEBW_52210005zmV;WALL;199;0,14;2,44;0,40;0,83;;2,57;DEBW_52210005zmV
UUID_3ca5511b-74f4-400f-a388-3cfe231c3b66;DEBW_52210005zmV;WALL;199;0,14;107,05;17,43;0,83;;2,57;DEBW_52210005zmV
UUID_9d46add8-75ae-4c33-a754-2e61cfc9687d;DEBW_52210005zmV;WALL;199;0,14;46,43;7,56;0,83;;2,57;DEBW_52210005zmV
UUID_51ddfab1-f3b3-4852-a997-67ea1cb1c03b;DEBW_52210005zmV;WALL;199;0,14;29,97;4,88;0,83;;2,57;DEBW_52210005zmV
UUID_dc4761b4-04e9-44a4-a514-d47f72aaa791;DEBW_52210005zmV;WALL;199;0,14;84,31;13,73;0,83;;2,57;DEBW_52210005zmV
UUID_01d0b02f-7194-48c7-bbc9-787039ed99e6;DEBW_52210005zmV;ROOF;226;0,10;158,25;17,58;0,43;;2,57;DEBW_52210005zmV
UUID_8e2a2cd2-659d-435c-a49b-99993c761cd5;DEBW_52210005zmV;WALL;199;0,14;8,38;1,36;0,83;;2,57;DEBW_52210005zmV
UUID_f4f61ed8-6d18-4255-b454-2153393371ee;DEBW_52210005zmV;WALL;199;0,14;13,30;2,16;0,83;;2,57;DEBW_52210005zmV
UUID_a00704e5-763b-4853-a6ce-9143f6e12bdb;DEBW_52210005zmV;WALL;199;0,14;10,01;1,63;0,83;;2,57;DEBW_52210005zmV
UUID_0bec33ec-0b28-4985-95e5-ad47840a13e0;DEBW_52210005zmV;WALL;199;0,14;1,80;0,29;0,83;;2,57;DEBW_52210005zmV
UUID_0c04b91f-65f9-4043-a273-1e78cb409488;DEBW_52210005zmV;WALL;199;0,14;9,13;1,49;0,83;;2,57;DEBW_52210005zmV
UUID_7a3d3ec6-fbed-416e-b2df-7b8c4392c04a;DEBW_52210005zmV;GROUND;150;0,00;175,83;0,00;0,62;;;DEBW_52210005zmV
UUID_bc823429-2da4-4cc2-96da-15d3276515c4;DEBW_52210005zmV;WALL;199;0,14;15,28;2,49;0,83;;2,57;DEBW_52210005zmV
UUID_0c7b920d-23a7-41de-b369-0c9ad1043198;DEBW_522100060yl;WALL;199;0,27;0,82;0,30;0,83;;2,57;DEBW_522100060yl
UUID_ccf506f6-db29-4cdf-9d0e-b665e46e04b6;DEBW_522100060yl;GROUND;150;0,00;19,22;0,00;0,62;;;DEBW_522100060yl
UUID_262488dd-53fc-4c3c-92cd-afb925cd5e6e;DEBW_522100060yl;WALL;199;0,27;6,92;2,56;0,83;;2,57;DEBW_522100060yl
UUID_a76ff89f-ffe9-4290-a8e8-d1ec584cfffa;DEBW_522100060yl;WALL;199;0,27;6,96;2,57;0,83;;2,57;DEBW_522100060yl
UUID_3d56fb81-1bcb-4908-8681-94c27c422ef1;DEBW_522100060yl;ROOF;226;0,10;8,88;0,99;0,43;;2,57;DEBW_522100060yl
UUID_12ad1a73-d266-4bfe-9ee7-c17af4cda267;DEBW_522100060yl;WALL;199;0,27;7,43;2,75;0,83;;2,57;DEBW_522100060yl
UUID_b33f8f37-9793-419a-9862-5860173fa250;DEBW_522100060yl;WALL;199;0,27;0,87;0,32;0,83;;2,57;DEBW_522100060yl
UUID_edb5aa06-8bbd-4580-a59a-ad7ab59eb12e;DEBW_522100060yl;WALL;199;0,27;7,30;2,70;0,83;;2,57;DEBW_522100060yl
UUID_00ea3345-3f3c-4739-91fc-168dd8edd0a6;DEBW_522100060yl;ROOF;226;0,10;9,17;1,02;0,43;;2,57;DEBW_522100060yl
UUID_3d94ffdb-a97f-471a-b87d-702f08775a64;DEBW_52210006IZ8;WALL;199;0,27;0,00;0,00;0,83;;2,57;DEBW_52210006IZ8
UUID_256bd1a1-6870-4020-8e7b-5f5093b300c7;DEBW_52210006IZ8;WALL;199;0,27;1,64;0,61;0,83;;2,57;DEBW_52210006IZ8
UUID_4c6a624b-7ab3-44b7-8c54-35cd61c460e6;DEBW_52210006IZ8;WALL;199;0,27;0,58;0,22;0,83;;2,57;DEBW_52210006IZ8
UUID_83fc3c0d-9669-41f9-8ea1-a6b642f470f3;DEBW_52210006IZ8;ROOF;226;0,10;25,06;2,78;0,43;;2,57;DEBW_52210006IZ8
UUID_bff3d4a6-27b4-4b87-ae2b-187113fdac64;DEBW_52210006IZ8;WALL;199;0,27;1,23;0,45;0,83;;2,57;DEBW_52210006IZ8
UUID_4196de5c-5bc4-4dde-b1fe-ade19ac4b231;DEBW_52210006IZ8;WALL;199;0,27;3,53;1,31;0,83;;2,57;DEBW_52210006IZ8
UUID_b38de63a-a01e-4c3a-bc89-a79e0fc380b5;DEBW_52210006IZ8;WALL;199;0,27;0,86;0,32;0,83;;2,57;DEBW_52210006IZ8
UUID_f26f16ea-00b7-4f71-9aeb-db7ef740e700;DEBW_52210006IZ8;WALL;199;0,27;10,34;3,83;0,83;;2,57;DEBW_52210006IZ8
UUID_385f774c-a546-4ecd-8b19-0816a5fb98b4;DEBW_52210006IZ8;GROUND;150;0,00;27,84;0,00;0,62;;;DEBW_52210006IZ8
UUID_2a87c2dc-cfdf-41f9-a8e8-b651593ad4f0;DEBW_52210005zo7;ROOF;226;0,10;29,71;3,30;0,43;;2,57;DEBW_52210005zo7
UUID_45704aac-4489-4265-a940-4f41bbb1d56b;DEBW_52210005zo7;WALL;199;0,14;12,67;2,06;0,83;;2,57;DEBW_52210005zo7
UUID_2838ed7d-1fc7-4410-9214-3491233c4497;DEBW_52210005zo7;WALL;199;0,14;1,81;0,30;0,83;;2,57;DEBW_52210005zo7
UUID_bf2adf59-0d0c-4f2b-a04a-c09b358e3e31;DEBW_52210005zo7;GROUND;150;0,00;33,02;0,00;0,62;;;DEBW_52210005zo7
UUID_621ec0ee-bdcd-40f4-ac78-173933ea91ae;DEBW_52210005zo7;WALL;199;0,14;5,80;0,94;0,83;;2,57;DEBW_52210005zo7
UUID_28f582af-ad6f-4633-9096-ccb76323acee;DEBW_52210005zo7;WALL;199;0,14;12,71;2,07;0,83;;2,57;DEBW_52210005zo7
UUID_4d1f01df-c908-43bc-bf68-173a8660d908;DEBW_52210005zo7;WALL;199;0,14;12,02;1,96;0,83;;2,57;DEBW_52210005zo7
UUID_d0dbe4b3-0a33-4341-a55f-2e87172ed56c;DEBW_52210004dLm;WALL;199;0,27;9,67;3,58;0,83;;2,57;DEBW_52210004dLm
UUID_4bb4f4c2-c75f-44f7-b3f1-c70c1f848199;DEBW_52210004dLm;GROUND;150;0,00;19,59;0,00;0,62;;;DEBW_52210004dLm
UUID_f25d7304-07d9-4545-9e27-04124ffcfac0;DEBW_52210004dLm;WALL;199;0,27;1,18;0,44;0,83;;2,57;DEBW_52210004dLm
UUID_ce14e4c4-1272-44d1-a6e3-2c983517351b;DEBW_52210004dLm;WALL;199;0,27;0,00;0,00;0,83;;2,57;DEBW_52210004dLm
UUID_b9fd459a-db54-423c-ba9d-864c1e7c1db8;DEBW_52210004dLm;WALL;199;0,27;1,97;0,73;0,83;;2,57;DEBW_52210004dLm
UUID_31de0238-2146-4fca-bb55-5eb3acd80046;DEBW_52210004dLm;ROOF;100;0,00;19,59;0,00;0,40;;2,57;DEBW_52210004dLm
UUID_859f1903-a8f8-47f4-9994-77923564d741;DEBW_52210004dLm;WALL;199;0,27;9,63;3,56;0,83;;2,57;DEBW_52210004dLm
UUID_e423f4e8-8a90-411a-93fc-6897801f1789;DEBW_52210005g4f;ROOF;226;0,10;53,25;5,92;0,43;;2,57;DEBW_52210005g4f
UUID_5e7bce55-2a4f-4abc-8e65-1fea997a3f60;DEBW_52210005g4f;WALL;199;0,27;0,00;0,00;0,83;;2,57;DEBW_52210005g4f
UUID_580d44f0-549e-453b-98b8-646eac37b306;DEBW_52210005g4f;WALL;199;0,27;1,58;0,58;0,83;;2,57;DEBW_52210005g4f
UUID_280b3310-2dae-43c3-ad1c-eeaf6eba2796;DEBW_52210005g4f;WALL;199;0,27;17,76;6,57;0,83;;2,57;DEBW_52210005g4f
UUID_501f7a38-1bc1-4a34-968d-7f730bba3905;DEBW_52210005g4f;WALL;199;0,27;40,30;14,90;0,83;;2,57;DEBW_52210005g4f
UUID_22b543b8-b6a1-4d07-ade1-a617c2b06f2b;DEBW_52210005g4f;WALL;199;0,27;30,87;11,42;0,83;;2,57;DEBW_52210005g4f
UUID_3759c60d-7823-44fd-9cf6-de930adce808;DEBW_52210005g4f;GROUND;150;0,00;55,87;0,00;0,62;;;DEBW_52210005g4f
UUID_01554ee1-3db2-4f00-a76b-4e815e581a90;DEBW_52210005g4f;WALL;199;0,27;8,10;3,00;0,83;;2,57;DEBW_52210005g4f
UUID_d915c406-f399-485a-9806-2518f4ea6693;DEBW_5221000614V;WALL;199;0,14;0,31;0,05;0,83;;2,57;DEBW_5221000614V
UUID_3a5b8518-9374-406b-809e-3366895dc728;DEBW_5221000614V;WALL;199;0,14;24,87;4,05;0,83;;2,57;DEBW_5221000614V
UUID_236a720d-9c46-4782-878e-f326b56a5921;DEBW_5221000614V;ROOF;226;0,10;10,99;1,22;0,43;;2,57;DEBW_5221000614V
UUID_5ee2385c-e057-4075-a232-4acce51703e1;DEBW_5221000614V;GROUND;150;0,00;14,21;0,00;0,62;;;DEBW_5221000614V
UUID_c7176a3a-ddf6-4fda-97f4-1218007a869b;DEBW_5221000614V;WALL;199;0,14;6,33;1,03;0,83;;2,57;DEBW_5221000614V
UUID_5c7697ce-6f92-411e-a255-8ca68a191686;DEBW_5221000614V;ROOF;226;0,10;8,67;0,96;0,43;;2,57;DEBW_5221000614V
UUID_b726d34f-c6f8-49e2-a06f-bc48b5fb8029;DEBW_5221000614V;WALL;199;0,14;6,23;1,01;0,83;;2,57;DEBW_5221000614V
UUID_93d12cd2-2755-4038-8b0d-dd642713dabf;DEBW_5221000614V;WALL;199;0,14;0,42;0,07;0,83;;2,57;DEBW_5221000614V
UUID_7df3e254-7c7d-48f8-a5e5-76226a981958;DEBW_5221000614V;WALL;199;0,14;0,40;0,06;0,83;;2,57;DEBW_5221000614V
UUID_40c815de-c2b5-4620-a893-299778657929;DEBW_5221000614V;WALL;199;0,14;5,54;0,90;0,83;;2,57;DEBW_5221000614V
UUID_88d3463b-5a49-499c-aa31-df7721bb0f99;DEBW_5221000614V;WALL;199;0,14;22,06;3,59;0,83;;2,57;DEBW_5221000614V
UUID_a3b72f25-4d58-4d99-907e-ada65e7c2197;DEBW_52210004FYP;WALL;199;0,14;1,16;0,19;0,83;;2,57;DEBW_52210004FYP
UUID_a5bd6168-ab57-4b51-8e3c-987c2d203e8a;DEBW_52210004FYP;WALL;199;0,14;67,10;10,92;0,83;;2,57;DEBW_52210004FYP
UUID_0d862f6c-ff33-44d4-a005-c749c1465acc;DEBW_52210004FYP;ROOF;226;0,10;67,04;7,45;0,43;;2,57;DEBW_52210004FYP
UUID_4aa29b09-9692-4267-bc96-6017ffd67eb5;DEBW_52210004FYP;WALL;199;0,14;12,42;2,02;0,83;;2,57;DEBW_52210004FYP
UUID_6d73e764-7313-4b87-af95-1d6d3b6b21a6;DEBW_52210004FYP;WALL;199;0,14;17,57;2,86;0,83;;2,57;DEBW_52210004FYP
UUID_3e27efb5-904f-4e86-b0ad-70a132ff366c;DEBW_52210004FYP;GROUND;150;0,00;74,49;0,00;0,62;;;DEBW_52210004FYP
UUID_73ab4173-2437-4a72-8590-de50109b9a0f;DEBW_52210004FYP;WALL;199;0,14;48,63;7,92;0,83;;2,57;DEBW_52210004FYP
UUID_afe686c7-5e70-45bd-be3e-bb30f2a62c7d;DEBW_52210004FYP;WALL;199;0,14;11,28;1,84;0,83;;2,57;DEBW_52210004FYP
UUID_81233caa-c4c2-42d7-ac44-14b0b9f9cf8b;DEBW_52210004FYP;WALL;199;0,14;46,15;7,51;0,83;;2,57;DEBW_52210004FYP
UUID_01cc07d3-0af9-4192-bfd7-3424e1b2acf2;DEBW_52210004FYP;WALL;199;0,14;2,25;0,37;0,83;;2,57;DEBW_52210004FYP
UUID_a74e7417-b15c-4335-b204-fe5d85bdc056;DEBW_52210006InL;WALL;199;0,18;32,08;7,04;0,83;;2,57;DEBW_52210006InL
UUID_86d39f2b-6a00-44f8-b511-454142e27530;DEBW_52210006InL;WALL;199;0,18;8,00;1,76;0,83;;2,57;DEBW_52210006InL
UUID_e810f523-e8d6-4e08-91ac-bda4d0c7015b;DEBW_52210006InL;WALL;199;0,18;7,18;1,58;0,83;;2,57;DEBW_52210006InL
UUID_8442e772-a998-42f2-89b5-fb4b97f42516;DEBW_52210006InL;GROUND;150;0,00;88,81;0,00;0,62;;;DEBW_52210006InL
UUID_17e50206-f71b-4df9-be80-2aef4e6ea89f;DEBW_52210006InL;WALL;199;0,18;0,72;0,16;0,83;;2,57;DEBW_52210006InL
UUID_8e8f68b6-2a6f-45fb-9999-b21756c78c01;DEBW_52210006InL;WALL;199;0,18;38,06;8,36;0,83;;2,57;DEBW_52210006InL
UUID_94e1c7bd-aa11-4286-8052-f87656085597;DEBW_52210006InL;WALL;199;0,18;10,42;2,29;0,83;;2,57;DEBW_52210006InL
UUID_9cf5a69c-2a11-4fc6-a57d-0ca2baf29374;DEBW_52210006InL;ROOF;226;0,10;30,73;3,41;0,43;;2,57;DEBW_52210006InL
UUID_a0c48cac-bd8b-4510-9ee0-ec461e3038df;DEBW_52210006InL;WALL;199;0,18;7,17;1,57;0,83;;2,57;DEBW_52210006InL
UUID_ff89ee4d-3529-4ec8-b174-2d6c1e402784;DEBW_52210006InL;WALL;199;0,18;9,53;2,09;0,83;;2,57;DEBW_52210006InL
UUID_7f246ccb-e685-49dc-9305-b9a2d5390413;DEBW_52210006InL;WALL;199;0,18;33,94;7,45;0,83;;2,57;DEBW_52210006InL
UUID_8456d798-5b92-413a-a4d0-ba0f14a96d1b;DEBW_52210006InL;WALL;199;0,18;8,06;1,77;0,83;;2,57;DEBW_52210006InL
UUID_555dc50f-84cd-469b-9588-73d49fdc248b;DEBW_52210006InL;ROOF;226;0,10;55,46;6,16;0,43;;2,57;DEBW_52210006InL
UUID_9de17244-75d6-4b6f-a38e-245e1312ca00;DEBW_52210006InL;WALL;199;0,18;33,91;7,44;0,83;;2,57;DEBW_52210006InL
UUID_689f15f9-6922-4883-8113-d57e8d660591;DEBW_52210006InL;ROOF;226;0,10;1,90;0,21;0,43;;2,57;DEBW_52210006InL
UUID_0679a840-eabc-4b21-b942-575a94ae5271;DEBW_52210006InL;WALL;199;0,18;14,89;3,27;0,83;;2,57;DEBW_52210006InL
UUID_939b00ff-f326-4980-bf6c-3c43481acd44;DEBW_52210006InL;WALL;199;0,18;3,06;0,67;0,83;;2,57;DEBW_52210006InL
UUID_8cf7cda8-ec30-4cb2-b13e-293512efd651;DEBW_52210006InL;WALL;199;0,18;45,58;10,01;0,83;;2,57;DEBW_52210006InL
UUID_6f40ac88-2254-4319-8882-4c92112a035f;DEBW_52210006InL;WALL;199;0,18;15,32;3,36;0,83;;2,57;DEBW_52210006InL
UUID_f27ddc60-6c5c-4824-b81b-f029a8796f39;DEBW_52210006InL;WALL;199;0,18;19,16;4,21;0,83;;2,57;DEBW_52210006InL
UUID_20e7c978-28ea-4e18-9ddf-43678f5cb586;DEBW_52210006InL;WALL;199;0,18;15,40;3,38;0,83;;2,57;DEBW_52210006InL
UUID_00948147-15e9-4dfe-9821-e76fb4a80e60;DEBW_52210006InL;WALL;199;0,18;7,25;1,59;0,83;;2,57;DEBW_52210006InL
UUID_495382ed-d730-498e-91b1-868bce77a34e;DEBW_52210006Iag;WALL;199;0,27;0,14;0,05;0,83;;2,57;DEBW_52210006Iag
UUID_ac71d253-2fc7-4e60-990c-6f5c4ede1213;DEBW_52210006Iag;GROUND;150;0,00;24,44;0,00;0,62;;;DEBW_52210006Iag
UUID_0f73f58a-bfa7-46e7-98e9-6b168ad1b5fa;DEBW_52210006Iag;ROOF;226;0,10;22,77;2,53;0,43;;2,57;DEBW_52210006Iag
UUID_8b63c8b9-e948-42a2-a1cf-82c94d656fb8;DEBW_52210006Iag;WALL;199;0,27;0,12;0,04;0,83;;2,57;DEBW_52210006Iag
UUID_635cfc22-d05c-45c7-a84a-3279eb568892;DEBW_52210006Iag;WALL;199;0,27;9,58;3,54;0,83;;2,57;DEBW_52210006Iag
UUID_540923eb-ec6d-41ab-a403-95e3b1121749;DEBW_52210006Iag;WALL;199;0,27;19,34;7,15;0,83;;2,57;DEBW_52210006Iag
UUID_87ae3c46-43a8-4b9a-8b92-deb0d233673c;DEBW_52210005zsC;WALL;199;0,14;10,91;1,78;0,83;;2,57;DEBW_52210005zsC
UUID_ceb84223-bfcd-4b30-a507-03ce28127270;DEBW_52210005zsC;WALL;199;0,14;9,87;1,61;0,83;;2,57;DEBW_52210005zsC
UUID_06d44d4a-b24d-459d-badf-976c6cf18714;DEBW_52210005zsC;GROUND;150;0,00;18,00;0,00;0,62;;;DEBW_52210005zsC
UUID_12e6717c-2e7f-4515-aded-75aa8d569860;DEBW_52210005zsC;ROOF;226;0,10;16,27;1,81;0,43;;2,57;DEBW_52210005zsC
UUID_f3100664-b75e-4c8b-bc8a-f048b243434b;DEBW_52210005zsC;WALL;199;0,14;7,32;1,19;0,83;;2,57;DEBW_52210005zsC
UUID_9290dfbb-e610-4ee4-813a-6d6280afdf02;DEBW_52210005zsC;WALL;199;0,14;6,79;1,10;0,83;;2,57;DEBW_52210005zsC
UUID_7d9ea183-2ad2-4369-8d9e-d8067c8d8973;DEBW_52210006Ie0;WALL;199;0,14;14,07;2,29;0,83;;2,57;DEBW_52210006Ie0
UUID_e02a13cf-1533-4e84-b87e-f650da9e5cf3;DEBW_52210006Ie0;WALL;199;0,14;15,47;2,52;0,83;;2,57;DEBW_52210006Ie0
UUID_8c30e006-3fe5-4e84-910f-c92e0a0fbcd4;DEBW_52210006Ie0;WALL;199;0,14;13,32;2,17;0,83;;2,57;DEBW_52210006Ie0
UUID_433f6776-95c8-4b86-bc06-12b180632e82;DEBW_52210006Ie0;WALL;199;0,14;14,01;2,28;0,83;;2,57;DEBW_52210006Ie0
UUID_fa83a086-f51f-47f0-93a4-3c5e54dd9ceb;DEBW_52210006Ie0;ROOF;226;0,10;32,92;3,66;0,43;;2,57;DEBW_52210006Ie0
UUID_8c682f73-e965-47c9-b280-500b77dac7c3;DEBW_52210006Ie0;GROUND;150;0,00;36,54;0,00;0,62;;;DEBW_52210006Ie0
UUID_6fcd58bc-734d-45d9-9f17-2477ccd379d4;DEBW_52210005g5H;ROOF;226;0,10;42,12;4,68;0,43;;2,57;DEBW_52210005g5H
UUID_50372e87-c04e-48fb-b9da-3193e06b4f1c;DEBW_52210005g5H;GROUND;150;0,00;46,66;0,00;0,62;;;DEBW_52210005g5H
UUID_f5f393ba-f3a4-42fb-85fd-89d2478c0051;DEBW_52210005g5H;WALL;199;0,14;9,38;1,53;0,83;;2,57;DEBW_52210005g5H
UUID_97cdd763-53dc-49a8-accf-9ebe1b70f694;DEBW_52210005g5H;WALL;199;0,14;3,37;0,55;0,83;;2,57;DEBW_52210005g5H
UUID_41aec08a-9da7-44ee-b8a3-9a48abfd2f72;DEBW_52210005g5H;WALL;199;0,14;35,68;5,81;0,83;;2,57;DEBW_52210005g5H
UUID_906d9a8d-66e0-482a-a63e-ecbeb7e4444f;DEBW_52210005g5H;WALL;199;0,14;19,99;3,25;0,83;;2,57;DEBW_52210005g5H
UUID_2604b3cc-121c-460f-bd12-dc54a6726005;DEBW_52210005g5H;WALL;199;0,14;32,47;5,29;0,83;;2,57;DEBW_52210005g5H
UUID_e60ceb72-e57b-406b-947f-f50f740251a3;DEBW_52210004FSz;WALL;199;0,27;0,74;0,27;0,83;;2,57;DEBW_52210004FSz
UUID_bae34393-67fb-4525-a919-4acd43ab71f6;DEBW_52210004FSz;ROOF;226;0,10;8,56;0,95;0,43;;2,57;DEBW_52210004FSz
UUID_4ef5afd5-2987-448f-aa40-ba47bf97066b;DEBW_52210004FSz;WALL;199;0,27;6,85;2,53;0,83;;2,57;DEBW_52210004FSz
UUID_9a862225-30ae-493b-a157-dffab826c6ce;DEBW_52210004FSz;WALL;199;0,27;6,24;2,31;0,83;;2,57;DEBW_52210004FSz
UUID_35f1ff7a-2951-42b7-927a-71cb29893705;DEBW_52210004FSz;WALL;199;0,27;6,48;2,40;0,83;;2,57;DEBW_52210004FSz
UUID_d4649dde-357f-4122-80f5-ceee0e453b02;DEBW_52210004FSz;GROUND;150;0,00;17,66;0,00;0,62;;;DEBW_52210004FSz
UUID_5bba2894-00af-4d8d-bf1c-23904cf372ab;DEBW_52210004FSz;ROOF;226;0,10;8,46;0,94;0,43;;2,57;DEBW_52210004FSz
UUID_84a9f49f-3505-4f74-a2a4-0f35f6cafcb0;DEBW_52210004FSz;WALL;199;0,27;0,64;0,24;0,83;;2,57;DEBW_52210004FSz
UUID_1099a221-e55c-4e50-a32e-1efea23afd6a;DEBW_52210004FSz;WALL;199;0,27;6,91;2,56;0,83;;2,57;DEBW_52210004FSz
UUID_187a8bab-39df-4a7d-b591-69c9382d3141;DEBW_52210004FSz;WALL;199;0,27;0,12;0,04;0,83;;2,57;DEBW_52210004FSz
UUID_36248c57-5cd9-4a69-9eb1-58aaf5a25af4;DEBW_52210006IeY;WALL;199;0,27;0,03;0,01;0,83;;2,57;DEBW_52210006IeY
UUID_e01c3883-25d8-41fb-b4ca-0118dc2c9d0c;DEBW_52210006IeY;ROOF;226;0,10;16,27;1,81;0,43;;2,57;DEBW_52210006IeY
UUID_aebb85a2-4089-44bb-a1fd-a59130bb0779;DEBW_52210006IeY;WALL;199;0,27;10,94;4,05;0,83;;2,57;DEBW_52210006IeY
UUID_f6d51551-a18d-4c00-bbc9-7a9f69427cbb;DEBW_52210006IeY;WALL;199;0,27;5,52;2,04;0,83;;2,57;DEBW_52210006IeY
UUID_5f1bfa6b-ce3b-4c5f-bbd8-139a33344a4a;DEBW_52210006IeY;WALL;199;0,27;5,47;2,02;0,83;;2,57;DEBW_52210006IeY
UUID_c2e3ce81-bac0-4910-8f5c-3119dda9c0ed;DEBW_52210006IeY;GROUND;150;0,00;18,08;0,00;0,62;;;DEBW_52210006IeY
UUID_7384f428-99e2-4326-a39f-80a4809c98e2;DEBW_52210004dNl;WALL;199;0,14;10,80;1,76;0,83;;2,57;DEBW_52210004dNl
UUID_10bf054d-9153-4069-a1ee-b6a7cd4bb20b;DEBW_52210004dNl;ROOF;226;0,10;35,14;3,90;0,43;;2,57;DEBW_52210004dNl
UUID_db7d2530-0eea-441d-9243-d5f9227d5359;DEBW_52210004dNl;ROOF;226;0,10;63,06;7,01;0,43;;2,57;DEBW_52210004dNl
UUID_b6acb1e7-b8de-468a-86a3-8f53eab899e8;DEBW_52210004dNl;WALL;199;0,14;34,69;5,65;0,83;;2,57;DEBW_52210004dNl
UUID_9c2e3eb7-fbdf-4bbe-b1b6-fecdc10d203b;DEBW_52210004dNl;WALL;199;0,14;5,09;0,83;0,83;;2,57;DEBW_52210004dNl
UUID_b59ab777-8736-4ff8-970c-fc23e0cb33f1;DEBW_52210004dNl;WALL;199;0,14;46,57;7,58;0,83;;2,57;DEBW_52210004dNl
UUID_cd75c89a-3093-4472-a56a-d3a890e646d6;DEBW_52210004dNl;WALL;199;0,14;10,69;1,74;0,83;;2,57;DEBW_52210004dNl
UUID_54e9812b-2bb2-4206-9545-1488bfd07d61;DEBW_52210004dNl;WALL;199;0,14;21,25;3,46;0,83;;2,57;DEBW_52210004dNl
UUID_281c17dd-ce70-4c45-96fc-7c7481b531a0;DEBW_52210004dNl;WALL;199;0,14;27,70;4,51;0,83;;2,57;DEBW_52210004dNl
UUID_66cf236d-1322-4a67-ae7d-55ef9dc28a16;DEBW_52210004dNl;WALL;199;0,14;26,00;4,23;0,83;;2,57;DEBW_52210004dNl
UUID_8f13de6f-84d1-4385-af9a-47fc1e84c4ab;DEBW_52210004dNl;WALL;199;0,14;8,76;1,43;0,83;;2,57;DEBW_52210004dNl
UUID_8897d924-563f-4b81-b1bd-eaa67b58bd1f;DEBW_52210004dNl;WALL;199;0,14;5,18;0,84;0,83;;2,57;DEBW_52210004dNl
UUID_0b55a2ae-34d4-4e22-a13a-d7163339ca1c;DEBW_52210004dNl;GROUND;150;0,00;99,23;0,00;0,62;;;DEBW_52210004dNl
UUID_3ddd8492-8226-4fad-ab55-427a313b8e44;DEBW_52210004dNl;WALL;199;0,14;0,19;0,03;0,83;;2,57;DEBW_52210004dNl
UUID_49e010db-5713-47ae-b7ee-1e1d51edfe48;DEBW_52210004dNl;WALL;199;0,14;60,14;9,79;0,83;;2,57;DEBW_52210004dNl
UUID_40a2768f-16b6-45c4-8b4c-e1c9e3d9fc77;DEBW_52210004dNl;WALL;199;0,14;27,67;4,50;0,83;;2,57;DEBW_52210004dNl
UUID_d87ec2e4-03c9-4266-8737-5a1959806cae;DEBW_52210004dNl;WALL;199;0,14;12,57;2,05;0,83;;2,57;DEBW_52210004dNl
UUID_115e9029-eded-4a1b-9944-2c617f35b0b7;DEBW_52210004dNl;WALL;199;0,14;10,04;1,63;0,83;;2,57;DEBW_52210004dNl
UUID_66f65a1b-807d-41b3-9855-335f3e00c5ce;DEBW_52210004dNl;WALL;199;0,14;12,96;2,11;0,83;;2,57;DEBW_52210004dNl
UUID_3eee9d75-8e22-4907-903e-907edfc70180;DEBW_52210006IfG;WALL;199;0,27;0,00;0,00;0,83;;2,57;DEBW_52210006IfG
UUID_79720ccf-9451-47b4-8686-24e204ccabea;DEBW_52210006IfG;WALL;199;0,27;4,44;1,64;0,83;;2,57;DEBW_52210006IfG
UUID_f4ee2277-67c1-4d71-bd6c-837b5a6a6a5c;DEBW_52210006IfG;ROOF;226;0,10;6,55;0,73;0,43;;2,57;DEBW_52210006IfG
UUID_2a92c5d2-c9e2-4377-9635-5a7bfea11f04;DEBW_52210006IfG;WALL;199;0,27;4,48;1,66;0,83;;2,57;DEBW_52210006IfG
UUID_b82bd988-75ce-4bfb-829c-5ee42da2494b;DEBW_52210006IfG;GROUND;150;0,00;7,28;0,00;0,62;;;DEBW_52210006IfG
UUID_fee7afe1-065e-4836-b911-cee5547af201;DEBW_52210006IfG;WALL;199;0,27;4,48;1,66;0,83;;2,57;DEBW_52210006IfG
UUID_bfa596f3-ac86-4a2d-b1fb-c00c5f5ac6b0;DEBW_522100060GB;ROOF;100;0,00;19,76;0,00;0,40;;2,57;DEBW_522100060GB
UUID_effa859a-8409-4682-b617-9dbffd0afa28;DEBW_522100060GB;GROUND;150;0,00;19,76;0,00;0,62;;;DEBW_522100060GB
UUID_901d69d5-7fd6-4b8b-ac8e-2afcb7e1600e;DEBW_522100060GB;WALL;199;0,27;6,00;2,22;0,83;;2,57;DEBW_522100060GB
UUID_7a90cbe4-1050-42e5-9bff-ff575b6fd246;DEBW_522100060GB;WALL;199;0,27;0,03;0,01;0,83;;2,57;DEBW_522100060GB
UUID_e3aed71c-eb92-45a5-9a9d-924370f8bfe2;DEBW_522100060GB;WALL;199;0,27;0,26;0,10;0,83;;2,57;DEBW_522100060GB
UUID_ddbe512e-f62d-4cb0-bf02-19ea3ce5972f;DEBW_522100060GB;WALL;199;0,27;10,63;3,93;0,83;;2,57;DEBW_522100060GB
UUID_84ff4d05-508e-4698-9cfc-c821d11c31ff;DEBW_522100060GB;WALL;199;0,27;1,14;0,42;0,83;;2,57;DEBW_522100060GB
UUID_03f86906-3589-4a94-970d-d1664ef54100;DEBW_522100060GB;WALL;199;0,27;4,66;1,72;0,83;;2,57;DEBW_522100060GB
UUID_44c480b0-031c-4c16-a00f-2f78d69d1d7d;DEBW_522100060GB;WALL;199;0,27;0,51;0,19;0,83;;2,57;DEBW_522100060GB
UUID_d0693259-a542-49a4-977b-5704217396aa;DEBW_52210005gFu;GROUND;150;0,00;18,26;0,00;0,62;;;DEBW_52210005gFu
UUID_c03d0b96-9dc1-4643-b9ac-467cfd3ef76f;DEBW_52210005gFu;ROOF;226;0,10;16,44;1,83;0,43;;2,57;DEBW_52210005gFu
UUID_bc76d53f-cb6a-4cef-bbf1-edc5bd7426eb;DEBW_52210005gFu;WALL;199;0,14;7,68;1,25;0,83;;2,57;DEBW_52210005gFu
UUID_1db9dcc3-533e-4fe9-a46c-90ad2af4df30;DEBW_52210005gFu;WALL;199;0,14;7,61;1,24;0,83;;2,57;DEBW_52210005gFu
UUID_fae9501f-7de9-4827-a47e-e677cf3c74f9;DEBW_52210005gFu;WALL;199;0,14;11,05;1,80;0,83;;2,57;DEBW_52210005gFu
UUID_5b8fc90b-03de-47c0-b9f5-36b76f9ff2c4;DEBW_52210005gFu;WALL;199;0,14;11,03;1,80;0,83;;2,57;DEBW_52210005gFu
UUID_6f34dfff-5360-439c-bfa4-1055288c900b;DEBW_52210004FV9;WALL;199;0,27;9,87;3,65;0,83;;2,57;DEBW_52210004FV9
UUID_7a40fa78-dcd4-4e58-847d-8a06655732f8;DEBW_52210004FV9;WALL;199;0,27;6,48;2,40;0,83;;2,57;DEBW_52210004FV9
UUID_b0744a84-2e2b-4754-9f65-3c8ef4257f05;DEBW_52210004FV9;WALL;199;0,27;0,00;0,00;0,83;;2,57;DEBW_52210004FV9
UUID_006d413c-0821-4b08-b939-d081b9f02623;DEBW_52210004FV9;WALL;199;0,27;0,00;0,00;0,83;;2,57;DEBW_52210004FV9
UUID_60ce7d5d-6dc0-42b1-ac86-9e1cd87d5c8d;DEBW_52210004FV9;WALL;199;0,27;0,00;0,00;0,83;;2,57;DEBW_52210004FV9
UUID_d2485f59-5a58-42ee-8e1a-c3cacc463c3f;DEBW_52210004FV9;WALL;199;0,27;1,48;0,55;0,83;;2,57;DEBW_52210004FV9
UUID_e00a8015-6565-45c5-bd1d-da27507d595e;DEBW_52210004FV9;GROUND;150;0,00;13,95;0,00;0,62;;;DEBW_52210004FV9
UUID_7e294bc9-4892-4a96-9c51-27509ec6c8a9;DEBW_52210004FV9;ROOF;226;0,10;12,59;1,40;0,43;;2,57;DEBW_52210004FV9
UUID_559409cb-a512-48a8-a2ce-87dfb849c01c;DEBW_52210004FV9;WALL;199;0,27;0,00;0,00;0,83;;2,57;DEBW_52210004FV9
UUID_35559a22-c2b7-4dc2-8e4d-ca9f0f323dfd;DEBW_5221000BwaG;WALL;199;0,27;2,21;0,82;0,83;;2,57;DEBW_5221000BwaG
UUID_aaa3cfb6-3fd2-4149-8a80-11ac0fd79a3d;DEBW_5221000BwaG;WALL;199;0,27;0,00;0,00;0,83;;2,57;DEBW_5221000BwaG
UUID_99c04434-26f6-49db-b6ac-992ab0a5940b;DEBW_5221000BwaG;GROUND;150;0,00;6,88;0,00;0,62;;;DEBW_5221000BwaG
UUID_617355ba-c50e-46f7-9b05-559a769f5a86;DEBW_5221000BwaG;WALL;199;0,27;2,23;0,83;0,83;;2,57;DEBW_5221000BwaG
UUID_9f42c5d4-9f19-40b2-b1e2-402f94ec48c6;DEBW_5221000BwaG;WALL;199;0,27;0,00;0,00;0,83;;2,57;DEBW_5221000BwaG
UUID_e50d7568-3766-47a9-bf4b-f4ae355f993d;DEBW_5221000BwaG;WALL;199;0,27;3,26;1,20;0,83;;2,57;DEBW_5221000BwaG
UUID_0086d448-b636-4127-a7be-834a42a6bfd6;DEBW_5221000BwaG;WALL;199;0,27;0,01;0,00;0,83;;2,57;DEBW_5221000BwaG
UUID_ac319d29-0876-470a-b807-b35426a552ed;DEBW_5221000BwaG;ROOF;226;0,10;3,54;0,39;0,43;;2,57;DEBW_5221000BwaG
UUID_711895d9-5bbe-4d32-91be-a787834f9620;DEBW_5221000BwaG;WALL;199;0,27;0,00;0,00;0,83;;2,57;DEBW_5221000BwaG
UUID_7d670561-e8a1-47d7-82a3-ab0427822527;DEBW_5221000BwaG;ROOF;226;0,10;3,37;0,37;0,43;;2,57;DEBW_5221000BwaG
UUID_8d14c081-60b2-454c-8056-37ba86a6fc26;DEBW_522100060vu;WALL;199;0,18;1,94;0,42;0,83;;2,57;DEBW_522100060vu
UUID_ee179800-2d29-478c-8f2c-d1f05596d447;DEBW_522100060vu;WALL;199;0,18;61,26;13,45;0,83;;2,57;DEBW_522100060vu
UUID_425801cc-0cb0-4c59-8766-54ff0586bc7e;DEBW_522100060vu;WALL;199;0,18;32,29;7,09;0,83;;2,57;DEBW_522100060vu
UUID_c2ca84ce-9856-466c-b282-603b08cd5027;DEBW_522100060vu;WALL;199;0,18;49,62;10,89;0,83;;2,57;DEBW_522100060vu
UUID_3d53be31-a199-4838-96c2-03701204e2a2;DEBW_522100060vu;ROOF;226;0,10;17,78;1,98;0,43;;2,57;DEBW_522100060vu
UUID_e09404d2-67a7-4147-bbdf-3fd336e6ac50;DEBW_522100060vu;ROOF;226;0,10;31,32;3,48;0,43;;2,57;DEBW_522100060vu
UUID_495954ec-f754-4216-8585-db72bbe4de2a;DEBW_522100060vu;ROOF;226;0,10;30,83;3,43;0,43;;2,57;DEBW_522100060vu
UUID_51a4fd3d-56b9-43a9-b206-f61ffef414e3;DEBW_522100060vu;WALL;199;0,18;0,25;0,05;0,83;;2,57;DEBW_522100060vu
UUID_76a5c834-4473-4a41-81b6-c7b3bf3c97e8;DEBW_522100060vu;WALL;199;0,18;6,39;1,40;0,83;;2,57;DEBW_522100060vu
UUID_43d29512-bf89-4638-b5b8-7eb8221b033f;DEBW_522100060vu;WALL;199;0,18;0,29;0,06;0,83;;2,57;DEBW_522100060vu
UUID_a21994e4-34a7-4740-bf35-e2ec0a242727;DEBW_522100060vu;GROUND;150;0,00;74,24;0,00;0,62;;;DEBW_522100060vu
UUID_ac26f21b-b0c6-426d-bf5e-d5a986331928;DEBW_522100060vu;ROOF;226;0,10;17,33;1,93;0,43;;2,57;DEBW_522100060vu
UUID_4b6a2919-b954-4557-886e-8cc485cc5847;DEBW_522100060vu;ROOF;226;0,10;0,09;0,01;0,43;;2,57;DEBW_522100060vu
UUID_e16c55c1-c9f5-4b50-a678-8af62f830e4e;DEBW_522100060vu;WALL;199;0,18;57,32;12,58;0,83;;2,57;DEBW_522100060vu
UUID_2c90c125-a678-469d-bb66-00ccaf0c4845;DEBW_522100060vu;WALL;199;0,18;6,78;1,49;0,83;;2,57;DEBW_522100060vu
UUID_826becdf-62ec-4c94-88c7-c906d8782abd;DEBW_52210004dQ2;ROOF;226;0,10;14,24;1,58;0,43;;2,57;DEBW_52210004dQ2
UUID_3fb12def-4b5c-4a65-ab79-c0d300edbae0;DEBW_52210004dQ2;ROOF;226;0,10;0,22;0,02;0,43;;2,57;DEBW_52210004dQ2
UUID_1f136009-d73d-4f9e-9bb9-ff00ddef2f9d;DEBW_52210004dQ2;WALL;199;0,14;48,95;7,97;0,83;;2,57;DEBW_52210004dQ2
UUID_2ae04044-4049-4eee-8a06-60570594d01a;DEBW_52210004dQ2;ROOF;226;0,10;37,30;4,14;0,43;;2,57;DEBW_52210004dQ2
UUID_efbc7016-2b15-4782-b867-fab31868155b;DEBW_52210004dQ2;WALL;199;0,14;2,26;0,37;0,83;;2,57;DEBW_52210004dQ2
UUID_3174696b-ab22-492d-906b-c447ebd567d0;DEBW_52210004dQ2;WALL;199;0,14;50,96;8,30;0,83;;2,57;DEBW_52210004dQ2
UUID_ce66cf6a-07be-479e-87d4-5c19726f8b63;DEBW_52210004dQ2;WALL;199;0,14;2,15;0,35;0,83;;2,57;DEBW_52210004dQ2
UUID_6900365d-1b75-4bc4-ac64-ff8ab86851d2;DEBW_52210004dQ2;ROOF;226;0,10;40,26;4,47;0,43;;2,57;DEBW_52210004dQ2
UUID_9ddc3d16-ff99-4594-bfcc-63f322e99fba;DEBW_52210004dQ2;ROOF;226;0,10;14,41;1,60;0,43;;2,57;DEBW_52210004dQ2
UUID_6c36158b-d17b-4666-91ec-689be4491716;DEBW_52210004dQ2;WALL;199;0,14;0,90;0,15;0,83;;2,57;DEBW_52210004dQ2
UUID_8837d2c1-c4f7-4e40-8bdb-8385002b3766;DEBW_52210004dQ2;WALL;199;0,14;40,68;6,62;0,83;;2,57;DEBW_52210004dQ2
UUID_66376a61-f15b-4a93-af77-637173cc850a;DEBW_52210004dQ2;ROOF;226;0,10;0,57;0,06;0,43;;2,57;DEBW_52210004dQ2
UUID_e756c5ff-3d9b-4c40-b358-caeaeed11ebe;DEBW_52210004dQ2;WALL;199;0,14;1,28;0,21;0,83;;2,57;DEBW_52210004dQ2
UUID_72754ae4-a1e5-4e2f-af87-59642de31f40;DEBW_52210004dQ2;WALL;199;0,14;40,93;6,66;0,83;;2,57;DEBW_52210004dQ2
UUID_6e8afcb5-cab5-416a-b8e7-1353b400885f;DEBW_52210004dQ2;GROUND;150;0,00;77,37;0,00;0,62;;;DEBW_52210004dQ2
UUID_73c3b589-d28c-4624-b8ce-e4b64eb78496;DEBW_52210006J1X;WALL;199;0,27;36,96;13,67;0,83;;2,57;DEBW_52210006J1X
UUID_fba83ce2-d989-4c51-aee0-094cc513a93a;DEBW_52210006J1X;ROOF;226;0,10;20,27;2,25;0,43;;2,57;DEBW_52210006J1X
UUID_83d20141-7b98-48a3-a061-c017e66d7553;DEBW_52210006J1X;GROUND;150;0,00;64,86;0,00;0,62;;;DEBW_52210006J1X
UUID_12681c19-bf1c-4f2a-b2e8-bcb392d994d0;DEBW_52210006J1X;WALL;199;0,27;1,30;0,48;0,83;;2,57;DEBW_52210006J1X
UUID_6a77f87d-320f-4c10-90b9-6953f550883b;DEBW_52210006J1X;WALL;199;0,27;47,49;17,56;0,83;;2,57;DEBW_52210006J1X
UUID_83eeb8b5-933e-41ac-bc93-f6366104cb5a;DEBW_52210006J1X;WALL;199;0,27;0,39;0,14;0,83;;2,57;DEBW_52210006J1X
UUID_c7430ce6-8592-4a34-9c45-e955b0594727;DEBW_52210006J1X;WALL;199;0,27;36,16;13,38;0,83;;2,57;DEBW_52210006J1X
UUID_d779e056-c59e-4c2d-ab17-1e660f22b793;DEBW_52210006J1X;WALL;199;0,27;0,29;0,11;0,83;;2,57;DEBW_52210006J1X
UUID_d25a186e-affc-428b-aa0f-28b3d66a919f;DEBW_52210006J1X;ROOF;226;0,10;28,79;3,20;0,43;;2,57;DEBW_52210006J1X
UUID_d3bbfcf9-cf09-4633-a743-ecda6d03deb1;DEBW_52210006J1X;ROOF;226;0,10;28,42;3,16;0,43;;2,57;DEBW_52210006J1X
UUID_53b225f4-af42-40eb-b761-1a6832e843c6;DEBW_52210006Ibs;WALL;199;0,27;0,02;0,01;0,83;;2,57;DEBW_52210006Ibs
UUID_ee7ea24a-818e-413c-8a42-16f7408721cc;DEBW_52210006Ibs;GROUND;150;0,00;18,56;0,00;0,62;;;DEBW_52210006Ibs
UUID_41a7e69b-5775-46cc-8559-ef46cd0fe9be;DEBW_52210006Ibs;WALL;199;0,27;0,01;0,00;0,83;;2,57;DEBW_52210006Ibs
UUID_3457e6da-fbf2-41b6-9596-c333720d1d22;DEBW_52210006Ibs;ROOF;226;0,10;11,13;1,24;0,43;;2,57;DEBW_52210006Ibs
UUID_1b6d6656-742f-433a-9eac-8a94ef4fecea;DEBW_52210006Ibs;ROOF;226;0,10;10,67;1,19;0,43;;2,57;DEBW_52210006Ibs
UUID_f8c7b75b-7bf0-400e-a18d-abc34875df2a;DEBW_52210006Ibs;WALL;199;0,27;8,17;3,02;0,83;;2,57;DEBW_52210006Ibs
UUID_e137672a-3579-4c21-81c5-13e320d5824b;DEBW_52210006Ibs;WALL;199;0,27;9,55;3,53;0,83;;2,57;DEBW_52210006Ibs
UUID_cf99bbea-a606-4bdf-9d00-14bcdce0d7ff;DEBW_52210006Ibs;WALL;199;0,27;9,81;3,63;0,83;;2,57;DEBW_52210006Ibs
UUID_27a860b6-ac42-4e93-9322-7524d3ca00e9;DEBW_52210006Ibs;WALL;199;0,27;8,18;3,03;0,83;;2,57;DEBW_52210006Ibs
UUID_b2a3eea2-4138-4b30-92f6-cbb796e978a7;DEBW_52210005gIC;WALL;199;0,14;12,89;2,10;0,83;;2,57;DEBW_52210005gIC
UUID_3f7f1135-87f4-4623-a402-607e99bea8f9;DEBW_52210005gIC;WALL;199;0,14;12,86;2,09;0,83;;2,57;DEBW_52210005gIC
UUID_6cb65851-8190-4e2a-aacf-4a73dc7c07f2;DEBW_52210005gIC;WALL;199;0,14;12,83;2,09;0,83;;2,57;DEBW_52210005gIC
UUID_c55ff7f0-4e3d-4d0b-9a82-254909ef6a08;DEBW_52210005gIC;WALL;199;0,14;12,86;2,09;0,83;;2,57;DEBW_52210005gIC
UUID_dd7ba874-5e00-43dc-bc2e-83992dd6600a;DEBW_52210005gIC;GROUND;150;0,00;35,77;0,00;0,62;;;DEBW_52210005gIC
UUID_43a60826-98b5-4d6b-a59a-27095e7085d5;DEBW_52210005gIC;ROOF;226;0,10;32,19;3,58;0,43;;2,57;DEBW_52210005gIC
UUID_8ed75b31-b0b3-4f71-bc64-cf459405cc83;DEBW_522100060Mq;WALL;199;0,27;53,68;19,86;0,83;;2,57;DEBW_522100060Mq
UUID_2e784f3a-7d53-407f-9eba-1182344c7b9d;DEBW_522100060Mq;WALL;199;0,27;1,72;0,64;0,83;;2,57;DEBW_522100060Mq
UUID_2e61ffae-86fc-41d9-bd9a-d62225b929a4;DEBW_522100060Mq;WALL;199;0,27;18,96;7,01;0,83;;2,57;DEBW_522100060Mq
UUID_3d01f372-8653-4a36-8b40-5fb1070915d5;DEBW_522100060Mq;WALL;199;0,27;4,62;1,71;0,83;;2,57;DEBW_522100060Mq
UUID_c8017f95-5cbd-48a4-af94-db924daa06a2;DEBW_522100060Mq;WALL;199;0,27;5,27;1,95;0,83;;2,57;DEBW_522100060Mq
UUID_3720624e-d001-4c82-9bac-132dd106d45a;DEBW_522100060Mq;WALL;199;0,27;5,31;1,96;0,83;;2,57;DEBW_522100060Mq
UUID_85929b12-6da1-48b2-aa6a-fbe701a9da4a;DEBW_522100060Mq;ROOF;226;0,10;43,48;4,83;0,43;;2,57;DEBW_522100060Mq
UUID_765306a5-9e7a-4266-91ae-cf47cb2349af;DEBW_522100060Mq;WALL;199;0,27;36,63;13,55;0,83;;2,57;DEBW_522100060Mq
UUID_1a046b27-94e4-4922-9f9f-436f1ebd67cb;DEBW_522100060Mq;WALL;199;0,27;14,63;5,41;0,83;;2,57;DEBW_522100060Mq
UUID_21ce3628-fb30-4181-b8a4-d96aa5f5640a;DEBW_522100060Mq;WALL;199;0,27;18,85;6,97;0,83;;2,57;DEBW_522100060Mq
UUID_d350f07e-5455-430a-ba4b-3aef8fe736ab;DEBW_522100060Mq;GROUND;150;0,00;48,31;0,00;0,62;;;DEBW_522100060Mq
UUID_696c5200-a9e1-4fb3-a024-3c6db39c27ed;DEBW_52210004FT7;WALL;199;0,18;10,72;2,35;0,83;;2,57;DEBW_52210004FT7
UUID_15fa53fc-a0ef-47fd-8e41-90417fbf9bb0;DEBW_52210004FT7;WALL;199;0,18;13,82;3,03;0,83;;2,57;DEBW_52210004FT7
UUID_301c7dd9-64ec-481e-9c36-21177a4e9651;DEBW_52210004FT7;GROUND;150;0,00;133,15;0,00;0,62;;;DEBW_52210004FT7
UUID_480ee41c-b2ac-4fa9-9cad-2842c0b55dac;DEBW_52210004FT7;ROOF;226;0,10;76,69;8,52;0,43;;2,57;DEBW_52210004FT7
UUID_57c1da3c-1360-49dd-8652-00f2f1f5e0dd;DEBW_52210004FT7;WALL;199;0,18;8,33;1,83;0,83;;2,57;DEBW_52210004FT7
UUID_6ccabc33-5ae9-49c5-815c-a33d07aded1e;DEBW_52210004FT7;WALL;199;0,18;18,03;3,96;0,83;;2,57;DEBW_52210004FT7
UUID_59a106d0-22cb-4110-b65c-74283318c888;DEBW_52210004FT7;ROOF;226;0,10;75,16;8,35;0,43;;2,57;DEBW_52210004FT7
UUID_f96c3e84-a122-47d6-b6a1-9be043adb43c;DEBW_52210004FT7;WALL;199;0,18;34,89;7,66;0,83;;2,57;DEBW_52210004FT7
UUID_6d726eec-1063-4f06-aaae-31a346879f6f;DEBW_52210004FT7;WALL;199;0,18;21,14;4,64;0,83;;2,57;DEBW_52210004FT7
UUID_6a592173-925e-41d2-8c64-2029e140a6e9;DEBW_52210004FT7;WALL;199;0,18;29,89;6,56;0,83;;2,57;DEBW_52210004FT7
UUID_7d378acb-1304-45fa-8909-f841351714fd;DEBW_52210004FT7;WALL;199;0,18;75,28;16,53;0,83;;2,57;DEBW_52210004FT7
UUID_58e07f5f-7f29-4467-a818-95854803943c;DEBW_52210004FT7;WALL;199;0,18;10,78;2,37;0,83;;2,57;DEBW_52210004FT7
UUID_0c0b6454-7bf1-469c-af20-4774c04ba07e;DEBW_52210004FT7;WALL;199;0,18;19,95;4,38;0,83;;2,57;DEBW_52210004FT7
UUID_9a334b61-6b20-4b13-8de9-ee99c3eebcaf;DEBW_52210004FT7;WALL;199;0,18;74,72;16,40;0,83;;2,57;DEBW_52210004FT7
UUID_d026e72f-31b6-4187-95f4-6546c82d7e9b;DEBW_52210004FeC;WALL;199;0,14;9,94;1,62;0,83;;2,57;DEBW_52210004FeC
UUID_2dfecccf-5f00-428a-803b-61cb42c515c6;DEBW_52210004FeC;WALL;199;0,14;1,66;0,27;0,83;;2,57;DEBW_52210004FeC
UUID_31e627ea-f305-42c1-a77e-468700dbb3df;DEBW_52210004FeC;ROOF;226;0,10;36,30;4,03;0,43;;2,57;DEBW_52210004FeC
UUID_b4b4a0c7-80e9-4c66-8df1-66e316e7e510;DEBW_52210004FeC;WALL;199;0,14;18,88;3,07;0,83;;2,57;DEBW_52210004FeC
UUID_57b03279-407e-48bb-b0b2-b2aff5df65c8;DEBW_52210004FeC;GROUND;150;0,00;40,33;0,00;0,62;;;DEBW_52210004FeC
UUID_4055a1e9-7623-4c2f-a2e6-a123303801df;DEBW_52210004FeC;WALL;199;0,14;6,46;1,05;0,83;;2,57;DEBW_52210004FeC
UUID_e13ea025-ff6c-482e-9930-9ca6e8134163;DEBW_52210004FeC;WALL;199;0,14;4,70;0,77;0,83;;2,57;DEBW_52210004FeC
UUID_c583a420-129e-42e0-b419-59c278424a79;DEBW_52210004FeC;WALL;199;0,14;9,84;1,60;0,83;;2,57;DEBW_52210004FeC
UUID_0298bf79-c830-42ad-905f-6c6ffa34ee44;DEBW_52210006IfS;WALL;199;0,27;0,10;0,04;0,83;;2,57;DEBW_52210006IfS
UUID_a3e37fc8-c4bc-428f-b321-6833bd20d7c2;DEBW_52210006IfS;GROUND;150;0,00;11,75;0,00;0,62;;;DEBW_52210006IfS
UUID_288faabb-80e4-4e4a-8539-5534a2ae45a0;DEBW_52210006IfS;WALL;199;0,27;3,68;1,36;0,83;;2,57;DEBW_52210006IfS
UUID_ef555bd7-5574-4b6a-ba4c-cb420774641f;DEBW_52210006IfS;ROOF;226;0,10;10,58;1,18;0,43;;2,57;DEBW_52210006IfS
UUID_ba4e2771-1cf6-4ec4-ae7a-8187bba0542b;DEBW_52210006IfS;WALL;199;0,27;4,01;1,48;0,83;;2,57;DEBW_52210006IfS
UUID_80728022-dfa1-499e-ac85-885673bae344;DEBW_52210006IfS;WALL;199;0,27;4,67;1,73;0,83;;2,57;DEBW_52210006IfS
UUID_9ab98b34-64c4-4253-89fb-03d6b04430b8;DEBW_522100061BG;WALL;199;0,27;11,25;4,16;0,83;;2,57;DEBW_522100061BG
UUID_13a32423-6146-4e3f-bd26-394d508103b9;DEBW_522100061BG;ROOF;226;0,10;14,37;1,60;0,43;;2,57;DEBW_522100061BG
UUID_56be791d-9290-4618-bfdd-4749efab6448;DEBW_522100061BG;WALL;199;0,27;1,01;0,37;0,83;;2,57;DEBW_522100061BG
UUID_47d473b1-bc66-4179-891b-9705cc1b97e2;DEBW_522100061BG;WALL;199;0,27;0,00;0,00;0,83;;2,57;DEBW_522100061BG
UUID_7ac16dce-1369-4338-909e-e8a896f75437;DEBW_522100061BG;WALL;199;0,27;0,00;0,00;0,83;;2,57;DEBW_522100061BG
UUID_30e6a1e1-841f-472b-b513-c715dccbc35c;DEBW_522100061BG;GROUND;150;0,00;15,95;0,00;0,62;;;DEBW_522100061BG
UUID_2988a820-d3a9-4a68-9015-723b4c7e6452;DEBW_522100061BG;WALL;199;0,27;9,09;3,36;0,83;;2,57;DEBW_522100061BG
UUID_eb274844-3186-432a-8d57-1fce374c38b2;DEBW_522100060Iy;ROOF;226;0,10;59,49;6,61;0,43;;2,57;DEBW_522100060Iy
UUID_1d153813-dce6-4a41-9601-737a40702216;DEBW_522100060Iy;WALL;199;0,18;48,07;10,55;0,83;;2,57;DEBW_522100060Iy
UUID_bb34dc2f-f296-4d1c-91ca-8ea9f8f76b28;DEBW_522100060Iy;WALL;199;0,18;10,40;2,28;0,83;;2,57;DEBW_522100060Iy
UUID_56501d4c-5453-4a29-925d-9b5b66f5ca20;DEBW_522100060Iy;WALL;199;0,18;5,28;1,16;0,83;;2,57;DEBW_522100060Iy
UUID_7e8dac18-f429-4314-86bb-70711717b04e;DEBW_522100060Iy;WALL;199;0,18;36,92;8,11;0,83;;2,57;DEBW_522100060Iy
UUID_abccfcfe-8812-4ea0-bd2e-cb1f703c6a76;DEBW_522100060Iy;WALL;199;0,18;40,12;8,81;0,83;;2,57;DEBW_522100060Iy
UUID_09676823-573c-405f-87d2-26c8af741e41;DEBW_522100060Iy;WALL;199;0,18;21,61;4,74;0,83;;2,57;DEBW_522100060Iy
UUID_0afeb617-82ea-448b-b6eb-1b8e0a31d839;DEBW_522100060Iy;WALL;199;0,18;57,56;12,63;0,83;;2,57;DEBW_522100060Iy
UUID_0fcc7bb5-1c8f-465a-97d8-24e3fb2b3da9;DEBW_522100060Iy;WALL;199;0,18;7,84;1,72;0,83;;2,57;DEBW_522100060Iy
UUID_0e823d5a-b623-4909-b9af-7b91f6672638;DEBW_522100060Iy;WALL;199;0,18;57,70;12,67;0,83;;2,57;DEBW_522100060Iy
UUID_f09971d3-008f-45be-9b9f-8d6f840cb618;DEBW_522100060Iy;GROUND;150;0,00;116,08;0,00;0,62;;;DEBW_522100060Iy
UUID_a81a290c-039c-456c-947e-ec9a17900894;DEBW_522100060Iy;WALL;199;0,18;35,32;7,75;0,83;;2,57;DEBW_522100060Iy
UUID_42f5eb89-8919-4029-8877-92d8a9fe597d;DEBW_522100060Iy;ROOF;226;0,10;64,62;7,18;0,43;;2,57;DEBW_522100060Iy
UUID_948c56ec-9b37-488d-9f3f-ee4409a1c9be;DEBW_522100060Iy;ROOF;226;0,10;2,03;0,23;0,43;;2,57;DEBW_522100060Iy
UUID_187ffb48-f9c0-4d87-9ca8-d0a0f494bd9a;DEBW_522100060Iy;WALL;199;0,18;3,67;0,81;0,83;;2,57;DEBW_522100060Iy
UUID_b01c7b75-7699-428d-ad8a-e7bcd69aa0df;DEBW_52210005gBZ;ROOF;226;0,10;55,73;6,19;0,43;;2,57;DEBW_52210005gBZ
UUID_c43fd3aa-2595-4622-9d3c-47b7eadcbd2c;DEBW_52210005gBZ;WALL;199;0,18;55,92;12,27;0,83;;2,57;DEBW_52210005gBZ
UUID_125ec7ed-c6da-4352-a41a-cad458f489ef;DEBW_52210005gBZ;GROUND;150;0,00;84,01;0,00;0,62;;;DEBW_52210005gBZ
UUID_0058ac40-4e23-4651-b42f-08eb273f7f52;DEBW_52210005gBZ;ROOF;226;0,10;58,83;6,54;0,43;;2,57;DEBW_52210005gBZ
UUID_31d30670-4a18-43da-8be1-40a9d4b88a06;DEBW_52210005gBZ;WALL;199;0,18;60,89;13,37;0,83;;2,57;DEBW_52210005gBZ
UUID_35fec021-2a9a-446c-8ef7-1e99d1abf898;DEBW_52210005gBZ;WALL;199;0,18;16,10;3,53;0,83;;2,57;DEBW_52210005gBZ
UUID_d6aed144-3f41-4563-b5e9-6a231a405280;DEBW_52210005gBZ;WALL;199;0,18;32,88;7,22;0,83;;2,57;DEBW_52210005gBZ
UUID_53cca127-2449-42b9-9e94-e53eac37bb31;DEBW_52210005gBZ;WALL;199;0,18;5,33;1,17;0,83;;2,57;DEBW_52210005gBZ
UUID_fdf6ffb0-20bf-49dd-8841-a144ae5f76bb;DEBW_52210005gBZ;WALL;199;0,18;3,80;0,84;0,83;;2,57;DEBW_52210005gBZ
UUID_90c18810-7199-43a4-b877-214f5124a02d;DEBW_52210005gBZ;WALL;199;0,18;29,33;6,44;0,83;;2,57;DEBW_52210005gBZ
UUID_79c5f448-d06a-4164-96c4-43b1498cad04;DEBW_52210005gBZ;WALL;199;0,18;4,14;0,91;0,83;;2,57;DEBW_52210005gBZ
UUID_67aa3b3a-834d-486b-a557-fe843007c540;DEBW_52210005gBZ;WALL;199;0,18;2,77;0,61;0,83;;2,57;DEBW_52210005gBZ
UUID_6b0158bd-82d0-4624-b16a-9e4633d83af0;DEBW_52210005gBZ;WALL;199;0,18;24,42;5,36;0,83;;2,57;DEBW_52210005gBZ
UUID_b9415fb7-3263-4e22-b96b-0bc7290b547f;DEBW_52210004Fcy;WALL;199;0,14;6,96;1,13;0,83;;2,57;DEBW_52210004Fcy
UUID_2513ba1f-3c1b-44bb-8026-845ce8c68f34;DEBW_52210004Fcy;ROOF;226;0,10;14,97;1,66;0,43;;2,57;DEBW_52210004Fcy
UUID_1dfa287c-fe41-4708-8f04-2424fc3bccad;DEBW_52210004Fcy;WALL;199;0,14;7,84;1,28;0,83;;2,57;DEBW_52210004Fcy
UUID_665b0079-0c84-4434-aaae-f0f75e244d45;DEBW_52210004Fcy;WALL;199;0,14;13,43;2,19;0,83;;2,57;DEBW_52210004Fcy
UUID_770b2006-ab2f-4d5b-b827-9a0551e4728e;DEBW_52210004Fcy;GROUND;150;0,00;16,60;0,00;0,62;;;DEBW_52210004Fcy
UUID_f449972c-a688-4013-b4a9-7eb7ed8f8740;DEBW_52210004Fcy;WALL;199;0,14;13,71;2,23;0,83;;2,57;DEBW_52210004Fcy
UUID_cce498b1-a3c7-4ac6-b067-ad7a977359f4;DEBW_52210004dQC;WALL;199;0,18;57,15;12,54;0,83;;2,57;DEBW_52210004dQC
UUID_5fee8e34-d210-4d62-9eb0-a42593c41acf;DEBW_52210004dQC;WALL;199;0,18;6,86;1,50;0,83;;2,57;DEBW_52210004dQC
UUID_be5edb60-bb4a-42b3-8963-d237b651f07f;DEBW_52210004dQC;ROOF;226;0,10;161,39;17,93;0,43;;2,57;DEBW_52210004dQC
UUID_b13ae0b0-792d-4139-93e8-1af4f195fe18;DEBW_52210004dQC;WALL;199;0,18;55,45;12,17;0,83;;2,57;DEBW_52210004dQC
UUID_865dd14e-a471-4be7-ace0-31c3b3fe6a1f;DEBW_52210004dQC;WALL;199;0,18;50,15;11,01;0,83;;2,57;DEBW_52210004dQC
UUID_72ebbe38-e076-4c74-8dec-2ce99f16b4f1;DEBW_52210004dQC;WALL;199;0,18;53,37;11,71;0,83;;2,57;DEBW_52210004dQC
UUID_10faeb68-fbce-4ad6-9f57-dd7207b3dcd8;DEBW_52210004dQC;WALL;199;0,18;3,12;0,69;0,83;;2,57;DEBW_52210004dQC
UUID_4cd505f1-f10f-4de9-a9b1-42c823e5ec44;DEBW_52210004dQC;WALL;199;0,18;46,37;10,18;0,83;;2,57;DEBW_52210004dQC
UUID_190cfb33-307b-4d7e-9a32-d0467424a796;DEBW_52210004dQC;GROUND;150;0,00;259,50;0,00;0,62;;;DEBW_52210004dQC
UUID_fda4f52f-6fb5-4fde-a21f-86b3aa103d6a;DEBW_52210004dQC;WALL;199;0,18;35,86;7,87;0,83;;2,57;DEBW_52210004dQC
UUID_781b7804-0d90-4cde-bdf5-d95d929c594a;DEBW_52210004dQC;WALL;199;0,18;3,15;0,69;0,83;;2,57;DEBW_52210004dQC
UUID_b6184d5c-2c49-49ab-a8ac-690e83e8c85c;DEBW_52210004dQC;WALL;199;0,18;6,94;1,52;0,83;;2,57;DEBW_52210004dQC
UUID_eac4ee6a-b59a-4d91-b780-7d809b33d07e;DEBW_52210004dQC;WALL;199;0,18;152,40;33,45;0,83;;2,57;DEBW_52210004dQC
UUID_b046d222-072f-4cdf-9470-04560e2a2a5a;DEBW_52210004dQC;WALL;199;0,18;51,67;11,34;0,83;;2,57;DEBW_52210004dQC
UUID_adbe9386-1faa-4244-96ad-72cc0fb2e315;DEBW_52210004dQC;ROOF;226;0,10;150,18;16,69;0,43;;2,57;DEBW_52210004dQC
UUID_2b73e6af-9ad7-4be8-94da-db69f895e73a;DEBW_522100060PQ;ROOF;226;0,10;8,48;0,94;0,43;;2,57;DEBW_522100060PQ
UUID_5f528014-81eb-4c96-bdb7-e6e6d0ae3fd5;DEBW_522100060PQ;WALL;199;0,27;9,32;3,45;0,83;;2,57;DEBW_522100060PQ
UUID_42b35c7c-a101-4f1b-9d5e-3482f78d5fce;DEBW_522100060PQ;WALL;199;0,27;20,28;7,50;0,83;;2,57;DEBW_522100060PQ
UUID_b29d3442-6618-4983-ad29-5c4743482395;DEBW_522100060PQ;WALL;199;0,27;0,12;0,04;0,83;;2,57;DEBW_522100060PQ
UUID_9330a4a5-02a5-40f1-8556-abd12cd4a979;DEBW_522100060PQ;GROUND;150;0,00;8,43;0,00;0,62;;;DEBW_522100060PQ
UUID_9d1178a7-9428-426d-a038-8b5f020a4221;DEBW_522100060PQ;WALL;199;0,27;9,41;3,48;0,83;;2,57;DEBW_522100060PQ
UUID_1eefb718-f42a-4ff6-81c5-ab410d277b21;DEBW_52210006IeR;WALL;199;0,18;28,17;6,18;0,83;;2,57;DEBW_52210006IeR
UUID_71102bf2-8a6b-4e74-a137-1064bf35fef9;DEBW_52210006IeR;ROOF;226;0,10;28,89;3,21;0,43;;2,57;DEBW_52210006IeR
UUID_7efc57da-a328-4a8d-af3b-81493996a6b0;DEBW_52210006IeR;WALL;199;0,18;28,02;6,15;0,83;;2,57;DEBW_52210006IeR
UUID_99cd9ac5-9bb0-48a6-b71d-b204e11df056;DEBW_52210006IeR;WALL;199;0,18;47,20;10,36;0,83;;2,57;DEBW_52210006IeR
UUID_9be7bb35-84a3-43b0-8098-68f737d7bd0a;DEBW_52210006IeR;ROOF;226;0,10;28,93;3,21;0,43;;2,57;DEBW_52210006IeR
UUID_7cf79023-1513-46a2-aa2f-b5158edee025;DEBW_52210006IeR;GROUND;150;0,00;49,23;0,00;0,62;;;DEBW_52210006IeR
UUID_9dca1cd5-288d-439c-b48e-b8be49c2f9e5;DEBW_52210006IeR;WALL;199;0,18;47,34;10,39;0,83;;2,57;DEBW_52210006IeR
UUID_c6fe0822-e053-4e3e-a7ee-c0cfedb5bd09;DEBW_52210006IeR;WALL;199;0,18;27,51;6,04;0,83;;2,57;DEBW_52210006IeR
UUID_cbce6268-186c-44af-8263-a575f53bad67;DEBW_52210006IeR;WALL;199;0,18;14,05;3,08;0,83;;2,57;DEBW_52210006IeR
UUID_e71fc7b4-0f45-421b-b629-02e77e05cbbe;DEBW_52210006IeR;WALL;199;0,18;4,28;0,94;0,83;;2,57;DEBW_52210006IeR
UUID_3d79c159-b097-4fd0-b5d1-42ca7c3b7de2;DEBW_5221000Bwck;WALL;199;0,27;0,20;0,08;0,83;;2,57;DEBW_5221000Bwck
UUID_75ad10ec-c40e-46a5-a459-ec59867a44fc;DEBW_5221000Bwck;GROUND;150;0,00;2,95;0,00;0,62;;;DEBW_5221000Bwck
UUID_23c5221c-b89b-4629-b9e7-97e00f97a14c;DEBW_5221000Bwck;ROOF;226;0,10;2,65;0,29;0,43;;2,57;DEBW_5221000Bwck
UUID_351b91ae-78f7-4a6f-8f63-2b4f748bc7ca;DEBW_5221000Bwck;WALL;199;0,27;2,68;0,99;0,83;;2,57;DEBW_5221000Bwck
UUID_08e1b07e-c5d8-4e49-b104-9c091bfe8efc;DEBW_5221000Bwck;WALL;199;0,27;5,64;2,08;0,83;;2,57;DEBW_5221000Bwck
UUID_5f81716f-6fff-443c-9b25-45d519a02eac;DEBW_5221000Bwck;WALL;199;0,27;2,70;1,00;0,83;;2,57;DEBW_5221000Bwck
UUID_07f4a52b-6c70-413c-8627-e1dd084aff20;DEBW_52210004Faf;WALL;199;0,18;32,36;7,10;0,83;;2,57;DEBW_52210004Faf
UUID_46f07a5e-e562-45ac-8c81-2787689ccbb6;DEBW_52210004Faf;ROOF;226;0,10;48,78;5,42;0,43;;2,57;DEBW_52210004Faf
UUID_94e004e3-18de-4088-a805-9ce731a1ea47;DEBW_52210004Faf;WALL;199;0,18;31,25;6,86;0,83;;2,57;DEBW_52210004Faf
UUID_67802e2a-1b02-4161-a6d7-ab6b49399967;DEBW_52210004Faf;GROUND;150;0,00;71,98;0,00;0,62;;;DEBW_52210004Faf
UUID_4935f66b-b96c-4e26-a5b6-6abf88c7c31e;DEBW_52210004Faf;WALL;199;0,18;13,29;2,92;0,83;;2,57;DEBW_52210004Faf
UUID_3fbefe6e-ee66-4658-b4d4-d929d02be1c5;DEBW_52210004Faf;WALL;199;0,18;69,35;15,22;0,83;;2,57;DEBW_52210004Faf
UUID_8f67614b-d7d3-41da-a388-2181eea9d8e7;DEBW_52210004Faf;WALL;199;0,18;30,60;6,72;0,83;;2,57;DEBW_52210004Faf
UUID_95cfb087-c073-487e-ad8f-c246acd8f669;DEBW_52210004Faf;WALL;199;0,18;46,94;10,30;0,83;;2,57;DEBW_52210004Faf
UUID_b9f223de-8399-4c5e-a478-c65761e84e94;DEBW_52210004Faf;WALL;199;0,18;29,51;6,48;0,83;;2,57;DEBW_52210004Faf
UUID_4caddbc6-5d79-491f-bc16-fcd1aa7237f0;DEBW_52210004Faf;ROOF;226;0,10;37,40;4,16;0,43;;2,57;DEBW_52210004Faf
UUID_d8c62f78-b259-4fbf-af53-c077bd1f520b;DEBW_52210004Faf;WALL;199;0,18;18,18;3,99;0,83;;2,57;DEBW_52210004Faf
UUID_f8a68db6-d01c-4d3f-9439-dfae8c4966d4;DEBW_52210006J8j;WALL;199;0,27;0,36;0,13;0,83;;2,57;DEBW_52210006J8j
UUID_c2b02038-5747-46ac-bc19-9fb89f58a3df;DEBW_52210006J8j;WALL;199;0,27;0,23;0,08;0,83;;2,57;DEBW_52210006J8j
UUID_90db2fc9-8577-4740-b6c9-41b28345bb2d;DEBW_52210006J8j;WALL;199;0,27;0,09;0,03;0,83;;2,57;DEBW_52210006J8j
UUID_26c0b1bb-c9bf-4efd-90a4-fadb90f4b1a5;DEBW_52210006J8j;WALL;199;0,27;0,00;0,00;0,83;;2,57;DEBW_52210006J8j
UUID_2af24e82-6e3b-4cbc-a7ce-8f8213744ac3;DEBW_52210006J8j;WALL;199;0,27;5,06;1,87;0,83;;2,57;DEBW_52210006J8j
UUID_19d47b74-5d17-4ac0-862a-1d36e2c5d5ad;DEBW_52210006J8j;WALL;199;0,27;5,99;2,22;0,83;;2,57;DEBW_52210006J8j
UUID_d703b2d9-cf8b-4c05-a7a9-0f42233b1429;DEBW_52210006J8j;WALL;199;0,27;0,70;0,26;0,83;;2,57;DEBW_52210006J8j
UUID_df5b358e-f429-4b02-97f8-1fd72eac05de;DEBW_52210006J8j;WALL;199;0,27;0,00;0,00;0,83;;2,57;DEBW_52210006J8j
UUID_860361a2-2a9d-4436-af26-ad670582d956;DEBW_52210006J8j;WALL;199;0,27;5,62;2,08;0,83;;2,57;DEBW_52210006J8j
UUID_434669d9-2bbf-4203-bea6-23478e1f8275;DEBW_52210006J8j;ROOF;226;0,10;57,48;6,39;0,43;;2,57;DEBW_52210006J8j
UUID_44c4650b-a4ac-42eb-979a-6f6dc1e70f33;DEBW_52210006J8j;WALL;199;0,27;6,59;2,44;0,83;;2,57;DEBW_52210006J8j
UUID_24130272-daf8-4602-a9f1-6fb34698c264;DEBW_52210006J8j;WALL;199;0,27;0,57;0,21;0,83;;2,57;DEBW_52210006J8j
UUID_1e493ae8-3ebd-4a52-926f-505f5fafd7b9;DEBW_52210006J8j;WALL;199;0,27;0,40;0,15;0,83;;2,57;DEBW_52210006J8j
UUID_e734922d-45c2-4532-b74b-d0f67f255410;DEBW_52210006J8j;WALL;199;0,27;2,69;0,99;0,83;;2,57;DEBW_52210006J8j
UUID_935c9379-628a-4040-8a97-8525390639f2;DEBW_52210006J8j;WALL;199;0,27;0,58;0,21;0,83;;2,57;DEBW_52210006J8j
UUID_80b1535d-987e-4605-ba59-4ed148b787dc;DEBW_52210006J8j;WALL;199;0,27;0,56;0,21;0,83;;2,57;DEBW_52210006J8j
UUID_09a56b41-442c-439d-8729-4583e06dfaee;DEBW_52210006J8j;WALL;199;0,27;2,45;0,91;0,83;;2,57;DEBW_52210006J8j
UUID_161c4894-c2e1-4783-98f3-0a1920c99e5a;DEBW_52210006J8j;GROUND;150;0,00;63,87;0,00;0,62;;;DEBW_52210006J8j
UUID_bea4b9e6-7e5b-4d5b-b645-1b66d9582f0c;DEBW_52210006J8j;WALL;199;0,27;0,67;0,25;0,83;;2,57;DEBW_52210006J8j
UUID_fe5f2a6a-365b-48bc-8a6e-74010e2b3299;DEBW_52210006J8j;WALL;199;0,27;2,00;0,74;0,83;;2,57;DEBW_52210006J8j
UUID_8a3d8830-b244-4851-a9af-e93cb824343c;DEBW_52210006J8j;WALL;199;0,27;0,22;0,08;0,83;;2,57;DEBW_52210006J8j
UUID_3c2d93bb-d11f-41e2-a226-8c34acef1400;DEBW_52210006J8j;WALL;199;0,27;3,60;1,33;0,83;;2,57;DEBW_52210006J8j
UUID_fc69f4fb-f992-42d5-9d67-660dc0728d3e;DEBW_52210006J8j;WALL;199;0,27;0,19;0,07;0,83;;2,57;DEBW_52210006J8j
UUID_d311a84d-d3fd-4e3c-aeab-e6dcf022f7b6;DEBW_52210006J8j;WALL;199;0,27;0,00;0,00;0,83;;2,57;DEBW_52210006J8j
UUID_a6909933-f1c1-4e60-b6ef-682f3ebae54c;DEBW_52210005gII;GROUND;150;0,00;19,41;0,00;0,62;;;DEBW_52210005gII
UUID_151a5955-3b20-4df1-9c35-0b5ff8ba60de;DEBW_52210005gII;WALL;199;0,14;0,39;0,06;0,83;;2,57;DEBW_52210005gII
UUID_5e936dd0-4a42-4288-9f56-064f71c90407;DEBW_52210005gII;WALL;199;0,14;10,83;1,76;0,83;;2,57;DEBW_52210005gII
UUID_e539206a-10f3-4507-ab2f-18f532fc17a1;DEBW_52210005gII;WALL;199;0,14;6,52;1,06;0,83;;2,57;DEBW_52210005gII
UUID_d4920a2a-bd0d-458a-97d8-d9425bc56f31;DEBW_52210005gII;WALL;199;0,14;3,84;0,63;0,83;;2,57;DEBW_52210005gII
UUID_7448e944-4f00-4009-90e0-122c87a35942;DEBW_52210005gII;WALL;199;0,14;11,75;1,91;0,83;;2,57;DEBW_52210005gII
UUID_8816f67c-1651-45c9-abcc-b8f9f0e01db3;DEBW_52210005gII;ROOF;94;0,00;19,41;0,00;0,43;;2,57;DEBW_52210005gII
UUID_01975bbc-1f10-4ee9-ad29-53f829de4b6f;DEBW_52210005gII;WALL;199;0,14;1,70;0,28;0,83;;2,57;DEBW_52210005gII
UUID_b7340710-e99b-405d-8c5b-3fc199457330;DEBW_52210004djO;WALL;199;0,14;15,68;2,55;0,83;;2,57;DEBW_52210004djO
UUID_b68abab6-b1f4-4508-ad25-52f582a81c2c;DEBW_52210004djO;WALL;199;0,14;11,01;1,79;0,83;;2,57;DEBW_52210004djO
UUID_457bc396-89f1-4e3d-ac4d-810ef6ece90d;DEBW_52210004djO;GROUND;150;0,00;73,03;0,00;0,62;;;DEBW_52210004djO
UUID_c1d51d99-debb-42f7-95a4-85149a64ba2f;DEBW_52210004djO;WALL;199;0,14;15,13;2,46;0,83;;2,57;DEBW_52210004djO
UUID_dd7f1d18-068c-4f45-aad5-0a8850f9583b;DEBW_52210004djO;WALL;199;0,14;3,17;0,52;0,83;;2,57;DEBW_52210004djO
UUID_6a69ce5b-a230-457e-a449-e89887e782a0;DEBW_52210004djO;WALL;199;0,14;13,95;2,27;0,83;;2,57;DEBW_52210004djO
UUID_b1d8eebc-cf87-4982-a86b-0361b6054bfb;DEBW_52210004djO;ROOF;226;0,10;66,39;7,38;0,43;;2,57;DEBW_52210004djO
UUID_e1b75817-11a2-4cfa-adbb-6504761980d3;DEBW_52210004djO;WALL;199;0,14;0,66;0,11;0,83;;2,57;DEBW_52210004djO
UUID_06f9d7ab-c0be-4e80-9408-87ce6fa1b520;DEBW_52210004djO;WALL;199;0,14;2,05;0,33;0,83;;2,57;DEBW_52210004djO
UUID_877d8479-b59b-4117-9420-262a89680867;DEBW_52210004djO;WALL;199;0,14;13,62;2,22;0,83;;2,57;DEBW_52210004djO
UUID_034de567-2bd6-47fb-b3d6-9afac6c2d539;DEBW_52210004djO;WALL;199;0,14;2,45;0,40;0,83;;2,57;DEBW_52210004djO
UUID_a95b9f98-8e59-454b-b17b-b66cebcbb113;DEBW_52210004djO;WALL;199;0,14;21,13;3,44;0,83;;2,57;DEBW_52210004djO
UUID_d592207b-4794-4b8b-aa0b-8a409de37e20;DEBW_52210004djO;WALL;199;0,14;0,35;0,06;0,83;;2,57;DEBW_52210004djO
UUID_e3550196-26ed-448c-98f7-1dfa6ae9bc55;DEBW_52210006IbZ;WALL;199;0,27;18,60;6,88;0,83;;2,57;DEBW_52210006IbZ
UUID_990f5943-be58-42d5-bdff-a9245ea10174;DEBW_52210006IbZ;GROUND;150;0,00;18,85;0,00;0,62;;;DEBW_52210006IbZ
UUID_2bdcb874-6d55-41f4-863c-9019174f33fd;DEBW_52210006IbZ;WALL;199;0,27;18,78;6,95;0,83;;2,57;DEBW_52210006IbZ
UUID_7df675a0-4d4e-45c2-889d-b6584c90c1b8;DEBW_52210006IbZ;WALL;199;0,27;32,64;12,07;0,83;;2,57;DEBW_52210006IbZ
UUID_f540317f-2cd5-4b6f-907e-f6469bd82eb4;DEBW_52210006IbZ;WALL;199;0,27;1,99;0,74;0,83;;2,57;DEBW_52210006IbZ
UUID_b062695f-93c0-479d-8e6f-7d2d1fa83306;DEBW_52210006IbZ;ROOF;226;0,10;17,04;1,89;0,43;;2,57;DEBW_52210006IbZ
UUID_8a08d1a2-99cf-4278-aa82-c154e864b06c;DEBW_52210004FbO;WALL;199;0,27;0,00;0,00;0,83;;2,57;DEBW_52210004FbO
UUID_b3c56296-2383-4f04-8ad6-4315a740f1e2;DEBW_52210004FbO;WALL;199;0,27;14,38;5,32;0,83;;2,57;DEBW_52210004FbO
UUID_c167e204-6ebb-4745-b82c-067fea69a35e;DEBW_52210004FbO;WALL;199;0,27;2,29;0,85;0,83;;2,57;DEBW_52210004FbO
UUID_7eb88567-01d3-43cc-a640-4c759663e9d4;DEBW_52210004FbO;WALL;199;0,27;0,00;0,00;0,83;;2,57;DEBW_52210004FbO
UUID_8bfe9b84-5cec-4f11-aee7-e7dd43f3e3a7;DEBW_52210004FbO;WALL;199;0,27;15,01;5,55;0,83;;2,57;DEBW_52210004FbO
UUID_d1efa37a-4596-42e7-b7f6-7d76e7d73314;DEBW_52210004FbO;ROOF;100;0,00;37,81;0,00;0,40;;2,57;DEBW_52210004FbO
UUID_2e0ecc87-8256-4ced-b47a-3e03c16dfe3e;DEBW_52210004FbO;WALL;199;0,27;3,22;1,19;0,83;;2,57;DEBW_52210004FbO
UUID_8fca200c-bd1d-40a6-ae81-47c30e1fb489;DEBW_52210004FbO;WALL;199;0,27;6,41;2,37;0,83;;2,57;DEBW_52210004FbO
UUID_b39bce8a-00df-4eb2-ab02-579ffd6a25a1;DEBW_52210004FbO;GROUND;150;0,00;37,81;0,00;0,62;;;DEBW_52210004FbO
UUID_81aa934e-d58d-451b-8847-ec403bb379e6;DEBW_522100060KX;ROOF;226;0,10;5,36;0,60;0,43;;2,57;DEBW_522100060KX
UUID_c2b571c2-58cf-48d7-9353-ff8572c218e2;DEBW_522100060KX;WALL;199;0,14;14,87;2,42;0,83;;2,57;DEBW_522100060KX
UUID_1751164f-1750-4b92-a028-371ed00d52d0;DEBW_522100060KX;WALL;199;0,14;0,83;0,13;0,83;;2,57;DEBW_522100060KX
UUID_ed6558fd-6571-43f4-ae4b-caba1bd1c699;DEBW_522100060KX;WALL;199;0,14;4,22;0,69;0,83;;2,57;DEBW_522100060KX
UUID_1f342c6c-fdf1-4155-864c-2591820af162;DEBW_522100060KX;ROOF;226;0,10;14,01;1,56;0,43;;2,57;DEBW_522100060KX
UUID_2c23d55d-8074-4da4-9eae-009abea3cefd;DEBW_522100060KX;WALL;199;0,14;3,75;0,61;0,83;;2,57;DEBW_522100060KX
UUID_10ed4484-b6b3-4855-99bf-0ddb081c77d2;DEBW_522100060KX;WALL;199;0,14;6,46;1,05;0,83;;2,57;DEBW_522100060KX
UUID_9dd585c0-26c5-4dda-9c33-2682f58858fb;DEBW_522100060KX;WALL;199;0,14;15,47;2,52;0,83;;2,57;DEBW_522100060KX
UUID_f0f3d65a-64cd-45c3-844b-fef0c6b0ad98;DEBW_522100060KX;WALL;199;0,14;16,04;2,61;0,83;;2,57;DEBW_522100060KX
UUID_8125891a-8b56-4d4c-bee6-7bb5911278ae;DEBW_522100060KX;GROUND;150;0,00;9,18;0,00;0,62;;;DEBW_522100060KX
UUID_def4ede8-e0ee-41f8-b23f-9c2bf9696ef3;DEBW_522100060KX;ROOF;226;0,10;14,98;1,66;0,43;;2,57;DEBW_522100060KX
UUID_1a5d7318-ff49-48f3-af56-9a3086e6dd3c;DEBW_522100060KX;WALL;199;0,14;0,19;0,03;0,83;;2,57;DEBW_522100060KX
UUID_827a6ee2-e609-49fc-9f34-488599b18c21;DEBW_522100060KX;GROUND;150;0,00;36,40;0,00;0,62;;;DEBW_522100060KX
UUID_deda2909-833a-4745-be9a-2fb89396103d;DEBW_522100060KX;WALL;199;0,14;4,13;0,67;0,83;;2,57;DEBW_522100060KX
UUID_6324980a-453c-4162-a85f-55b18548920f;DEBW_522100060KX;WALL;199;0,14;1,21;0,20;0,83;;2,57;DEBW_522100060KX
UUID_dd1d4afc-64d6-4806-8e3d-32db59d6e3f3;DEBW_522100060KX;WALL;199;0,14;5,77;0,94;0,83;;2,57;DEBW_522100060KX
UUID_b1da1eb2-b33a-44e7-a121-3ec1918c765d;DEBW_522100060KX;ROOF;226;0,10;4,72;0,52;0,43;;2,57;DEBW_522100060KX
UUID_409c734b-c7af-4bc9-9ffd-d8edb1f8dcc8;DEBW_522100060KX;WALL;199;0,14;1,03;0,17;0,83;;2,57;DEBW_522100060KX
UUID_57dd297c-b7f3-47a4-aa12-c3b5c23de79c;DEBW_522100060KX;ROOF;226;0,10;8,27;0,92;0,43;;2,57;DEBW_522100060KX
UUID_3da1db89-3f58-46d8-a89c-4cfa63109d9d;DEBW_5221000619W;WALL;199;0,18;0,00;0,00;0,83;;2,57;DEBW_5221000619W
UUID_774f7d33-0ceb-46b8-8c97-c919e819d088;DEBW_5221000619W;ROOF;226;0,10;0,01;0,00;0,43;;2,57;DEBW_5221000619W
UUID_2435f7ac-4709-43e6-bfb9-fbe43c4e5b70;DEBW_5221000619W;WALL;199;0,18;58,76;12,90;0,83;;2,57;DEBW_5221000619W
UUID_2ad89a4e-dd47-47aa-af46-dd01eeea108e;DEBW_5221000619W;WALL;199;0,18;1,74;0,38;0,83;;2,57;DEBW_5221000619W
UUID_51573226-60d1-41e1-9311-62933a865a3a;DEBW_5221000619W;ROOF;226;0,10;8,98;1,00;0,43;;2,57;DEBW_5221000619W
UUID_60d94489-2337-45f1-a2d0-d830c8ce4820;DEBW_5221000619W;WALL;199;0,18;10,47;2,30;0,83;;2,57;DEBW_5221000619W
UUID_4946ff7d-778b-4764-aa65-bf3a04c30b1b;DEBW_5221000619W;WALL;199;0,18;0,72;0,16;0,83;;2,57;DEBW_5221000619W
UUID_5dc0d6ae-faa5-4228-ad46-805f2de2702b;DEBW_5221000619W;WALL;199;0,18;19,35;4,25;0,83;;2,57;DEBW_5221000619W
UUID_b16c1036-46d5-4ee5-9727-16ec6fd1f9f4;DEBW_5221000619W;ROOF;226;0,10;71,01;7,89;0,43;;2,57;DEBW_5221000619W
UUID_67d5e2a4-be2f-4ba5-a6ca-3a91c1eefb80;DEBW_5221000619W;WALL;199;0,18;0,00;0,00;0,83;;2,57;DEBW_5221000619W
UUID_611638bc-f446-46b3-9fc0-9ff9e5b86090;DEBW_5221000619W;WALL;199;0,18;0,00;0,00;0,83;;2,57;DEBW_5221000619W
UUID_9f86cc9d-f666-4425-991e-30692dc429b2;DEBW_5221000619W;WALL;199;0,18;45,85;10,07;0,83;;2,57;DEBW_5221000619W
UUID_f1c9dec5-6d63-4277-ab1e-5dd79ce69428;DEBW_5221000619W;WALL;199;0,18;41,04;9,01;0,83;;2,57;DEBW_5221000619W
UUID_5a838d51-8868-4f90-9277-c9e9ddd15b1a;DEBW_5221000619W;ROOF;226;0,10;60,29;6,70;0,43;;2,57;DEBW_5221000619W
UUID_96b86f2b-fb4a-4cc9-bb30-c1f5770598b6;DEBW_5221000619W;WALL;199;0,18;1,16;0,25;0,83;;2,57;DEBW_5221000619W
UUID_00757d10-de26-47f1-b40d-0a3774bfe563;DEBW_5221000619W;WALL;199;0,18;0,28;0,06;0,83;;2,57;DEBW_5221000619W
UUID_c8023ef5-65f2-461b-97f3-cc0b5ddb0175;DEBW_5221000619W;WALL;199;0,18;10,74;2,36;0,83;;2,57;DEBW_5221000619W
UUID_7259ab37-f77d-4af0-b462-2a45b3ca39b2;DEBW_5221000619W;GROUND;150;0,00;110,58;0,00;0,62;;;DEBW_5221000619W
UUID_897675b3-9b27-4cac-8222-3fedb0c49f75;DEBW_5221000619W;WALL;199;0,18;1,38;0,30;0,83;;2,57;DEBW_5221000619W
UUID_6c6ea1a8-0927-437e-9506-fd7afe474e6d;DEBW_5221000619W;WALL;199;0,18;2,49;0,55;0,83;;2,57;DEBW_5221000619W
UUID_e3e126fb-567d-4fde-8531-1b4f135b7434;DEBW_52210006JHB;WALL;199;0,27;0,92;0,34;0,83;;2,57;DEBW_52210006JHB
UUID_6a14184d-ac8f-49c6-ab27-67c2f8ad6e1c;DEBW_52210006JHB;WALL;199;0,27;22,60;8,36;0,83;;2,57;DEBW_52210006JHB
UUID_8c735a9d-dfc9-4bd3-8886-686f92814439;DEBW_52210006JHB;WALL;199;0,27;13,21;4,89;0,83;;2,57;DEBW_52210006JHB
UUID_ef86fb69-b910-4f91-be53-632ab67328cf;DEBW_52210006JHB;GROUND;150;0,00;71,71;0,00;0,62;;;DEBW_52210006JHB
UUID_56134e11-6f62-4366-a3fe-02263d6efef2;DEBW_52210006JHB;WALL;199;0,27;1,73;0,64;0,83;;2,57;DEBW_52210006JHB
UUID_9e0744c5-8155-4164-a899-0da170b6412f;DEBW_52210006JHB;WALL;199;0,27;1,56;0,58;0,83;;2,57;DEBW_52210006JHB
UUID_07c48b3a-944f-4305-97dc-4281de9d94ff;DEBW_52210006JHB;ROOF;226;0,10;67,03;7,45;0,43;;2,57;DEBW_52210006JHB
UUID_f9a4430e-eb13-47eb-83f7-bdc5065d64ff;DEBW_52210006JHB;WALL;199;0,27;18,80;6,95;0,83;;2,57;DEBW_52210006JHB
UUID_e2d300e7-d129-4d0a-814b-cf039b4cf14e;DEBW_52210004Fca;ROOF;226;0,10;26,74;2,97;0,43;;2,57;DEBW_52210004Fca
UUID_cd6316bc-115e-4305-8a31-7104f78f07de;DEBW_52210004Fca;WALL;199;0,14;4,28;0,70;0,83;;2,57;DEBW_52210004Fca
UUID_e5638620-2e12-4ef6-9dc2-6fc15543d47a;DEBW_52210004Fca;WALL;199;0,14;7,09;1,15;0,83;;2,57;DEBW_52210004Fca
UUID_48cf9445-a779-4ce0-8609-6e268eef2b2c;DEBW_52210004Fca;WALL;199;0,14;18,41;3,00;0,83;;2,57;DEBW_52210004Fca
UUID_8df58b07-2539-48f8-bebf-f93110b26f0a;DEBW_52210004Fca;WALL;199;0,14;31,23;5,08;0,83;;2,57;DEBW_52210004Fca
UUID_735dad84-eba0-427d-96e8-d0a296e8e990;DEBW_52210004Fca;ROOF;226;0,10;29,94;3,33;0,43;;2,57;DEBW_52210004Fca
UUID_c1e16882-184e-4aba-9a49-a1192f67f9ff;DEBW_52210004Fca;GROUND;150;0,00;51,82;0,00;0,62;;;DEBW_52210004Fca
UUID_0c2368cb-3d33-4a5c-8876-5ab911c5e486;DEBW_52210004Fca;WALL;199;0,14;14,57;2,37;0,83;;2,57;DEBW_52210004Fca
UUID_f5f0f3e2-537d-4770-89a0-7aa1f44ece3c;DEBW_52210004Fca;WALL;199;0,14;14,66;2,39;0,83;;2,57;DEBW_52210004Fca
UUID_b5eee643-39a0-4fdf-8d85-34624a028c31;DEBW_52210004Fca;WALL;199;0,14;4,13;0,67;0,83;;2,57;DEBW_52210004Fca
UUID_7a7de068-b1a7-47ad-b030-08dfceedd0d7;DEBW_52210004Fca;WALL;199;0,14;14,42;2,35;0,83;;2,57;DEBW_52210004Fca
UUID_fad07865-17f5-478f-a0c2-953acbcfa71a;DEBW_52210004Fca;WALL;199;0,14;14,65;2,39;0,83;;2,57;DEBW_52210004Fca
UUID_15b75716-c915-46c9-a697-95262d182ab5;DEBW_52210004Fca;WALL;199;0,14;3,69;0,60;0,83;;2,57;DEBW_52210004Fca
UUID_578d1eb0-1b21-497e-a309-1513c32ff6be;DEBW_52210006JRs;WALL;199;0,14;6,18;1,01;0,83;;2,57;DEBW_52210006JRs
UUID_49e7cd83-edc1-44a4-a278-256596249120;DEBW_52210006JRs;WALL;199;0,14;5,94;0,97;0,83;;2,57;DEBW_52210006JRs
UUID_4e78d3f8-9a9d-4923-858a-bb52bb3558a6;DEBW_52210006JRs;ROOF;226;0,10;4,53;0,50;0,43;;2,57;DEBW_52210006JRs
UUID_4920cc66-2b74-4fb6-9d1d-87eaeae05cf0;DEBW_52210006JRs;WALL;199;0,14;3,46;0,56;0,83;;2,57;DEBW_52210006JRs
UUID_acd81aae-8d21-432b-800e-3b8f2c19192c;DEBW_52210006JRs;WALL;199;0,14;5,93;0,97;0,83;;2,57;DEBW_52210006JRs
UUID_ff647c05-3e97-4c25-b95a-ef27d92e43a9;DEBW_52210006JRs;GROUND;150;0,00;4,02;0,00;0,62;;;DEBW_52210006JRs
UUID_c2cdaccc-59cd-4993-9200-fdfd044ad404;DEBW_522100060Py;WALL;199;0,27;0,00;0,00;0,83;;2,57;DEBW_522100060Py
UUID_15835351-5951-4071-9e76-546f4da4ebec;DEBW_522100060Py;WALL;199;0,27;18,15;6,71;0,83;;2,57;DEBW_522100060Py
UUID_01efb94c-ecc3-4726-b2e0-ceb9206b40bb;DEBW_522100060Py;WALL;199;0,27;8,76;3,24;0,83;;2,57;DEBW_522100060Py
UUID_48937a41-0417-4ccb-8776-234a6d349d61;DEBW_522100060Py;GROUND;150;0,00;24,30;0,00;0,62;;;DEBW_522100060Py
UUID_75196847-076c-448a-9e99-477f1abc8630;DEBW_522100060Py;WALL;199;0,27;1,17;0,43;0,83;;2,57;DEBW_522100060Py
UUID_33a92c19-e9ae-43fb-a639-f16091f819d5;DEBW_522100060Py;WALL;199;0,27;0,00;0,00;0,83;;2,57;DEBW_522100060Py
UUID_d616b026-9f41-41a9-9540-b4aece26cd19;DEBW_522100060Py;WALL;199;0,27;17,37;6,43;0,83;;2,57;DEBW_522100060Py
UUID_11742728-89f1-4979-9b80-7e86b2e59db4;DEBW_522100060Py;ROOF;226;0,10;21,88;2,43;0,43;;2,57;DEBW_522100060Py
UUID_3fb52343-931f-4171-8ab4-934b86c15b99;DEBW_522100060Py;WALL;199;0,27;0,00;0,00;0,83;;2,57;DEBW_522100060Py
UUID_7c15485c-504f-4197-9676-2ce4798bdaa9;DEBW_52210006Idd;WALL;199;0,27;0,48;0,18;0,83;;2,57;DEBW_52210006Idd
UUID_2c8d7afc-3f4b-4a7e-9933-b6486bd964d9;DEBW_52210006Idd;WALL;199;0,27;11,49;4,25;0,83;;2,57;DEBW_52210006Idd
UUID_4297862e-5d90-4b59-9f7b-252bab992b45;DEBW_52210006Idd;WALL;199;0,27;13,68;5,06;0,83;;2,57;DEBW_52210006Idd
UUID_23bc91e1-dfd1-40f0-ba09-cb4d3043bde4;DEBW_52210006Idd;WALL;199;0,27;0,23;0,09;0,83;;2,57;DEBW_52210006Idd
UUID_ea35559a-93d4-4d9e-bf28-e8260b5196b7;DEBW_52210006Idd;GROUND;150;0,00;37,75;0,00;0,62;;;DEBW_52210006Idd
UUID_9e74a646-3024-4343-8a1a-c7aec3be726c;DEBW_52210006Idd;WALL;199;0,27;7,21;2,67;0,83;;2,57;DEBW_52210006Idd
UUID_e3459f1d-92db-4980-9f2c-dee875bea35f;DEBW_52210006Idd;WALL;199;0,27;0,78;0,29;0,83;;2,57;DEBW_52210006Idd
UUID_65f7143d-3c67-46b0-b3ba-cc9252651274;DEBW_52210006Idd;ROOF;100;0,00;37,75;0,00;0,40;;2,57;DEBW_52210006Idd
UUID_a9e1f950-8aa4-46c2-8c82-4b8471f42e8a;DEBW_52210006Idd;WALL;199;0,27;1,82;0,67;0,83;;2,57;DEBW_52210006Idd
UUID_3a59ee90-beaa-48ba-8972-5c22172609ff;DEBW_52210004dsq;WALL;199;0,27;4,33;1,60;0,83;;2,57;DEBW_52210004dsq
UUID_6778ee6d-1996-42ba-ab1a-3c1742e72049;DEBW_52210004dsq;WALL;199;0,27;0,93;0,35;0,83;;2,57;DEBW_52210004dsq
UUID_517b4845-3486-4058-9d59-0dbdfcb317d9;DEBW_52210004dsq;WALL;199;0,27;12,12;4,48;0,83;;2,57;DEBW_52210004dsq
UUID_046e3444-d4e1-43cd-9c83-058883b50fa1;DEBW_52210004dsq;WALL;199;0,27;4,62;1,71;0,83;;2,57;DEBW_52210004dsq
UUID_1d738355-266f-4f93-91ff-d9273bec5df0;DEBW_52210004dsq;ROOF;226;0,10;12,18;1,35;0,43;;2,57;DEBW_52210004dsq
UUID_e7896c9b-d0bd-40c4-8b25-f30cb326f966;DEBW_52210004dsq;WALL;199;0,27;4,42;1,64;0,83;;2,57;DEBW_52210004dsq
UUID_731eaf4b-abf0-4602-99ee-3e4f921d3605;DEBW_52210004dsq;WALL;199;0,27;4,53;1,67;0,83;;2,57;DEBW_52210004dsq
UUID_7342f555-9688-4f50-8d91-1cc1c4fc9ad5;DEBW_52210004dsq;ROOF;226;0,10;12,59;1,40;0,43;;2,57;DEBW_52210004dsq
UUID_986fda5d-61dc-4945-b818-ce17ab7f31f0;DEBW_52210004dsq;WALL;199;0,27;0,38;0,14;0,83;;2,57;DEBW_52210004dsq
UUID_57f4637f-a9b0-4940-807c-507a3523c761;DEBW_52210004dsq;GROUND;150;0,00;21,50;0,00;0,62;;;DEBW_52210004dsq
UUID_d2e2781c-af61-4ec9-8d4f-0e3bd5fcb0f4;DEBW_522100061D1;WALL;199;0,27;8,67;3,21;0,83;;2,57;DEBW_522100061D1
UUID_c07bf778-797c-4bf2-a1a6-a2c330159981;DEBW_522100061D1;WALL;199;0,27;1,25;0,46;0,83;;2,57;DEBW_522100061D1
UUID_57733101-15cd-4141-920d-3be0dbabbf59;DEBW_522100061D1;ROOF;226;0,10;4,26;0,47;0,43;;2,57;DEBW_522100061D1
UUID_6b469bde-84ac-46f4-a882-30ba92bbf66a;DEBW_522100061D1;WALL;199;0,27;0,03;0,01;0,83;;2,57;DEBW_522100061D1
UUID_bc5eb6ad-1547-433c-800d-679b925d3f03;DEBW_522100061D1;WALL;199;0,27;9,84;3,64;0,83;;2,57;DEBW_522100061D1
UUID_3f8632c4-58fc-4923-a71c-e2d856394ef6;DEBW_522100061D1;ROOF;226;0,10;0,01;0,00;0,43;;2,57;DEBW_522100061D1
UUID_12c8e9d2-5aed-4755-af56-d9e8957ef9b4;DEBW_522100061D1;GROUND;150;0,00;16,23;0,00;0,62;;;DEBW_522100061D1
UUID_72f47b12-6119-4056-a120-54ba0c01ae9f;DEBW_522100061D1;ROOF;226;0,10;11,22;1,25;0,43;;2,57;DEBW_522100061D1
UUID_13a9b0e5-51e2-41c4-bbd3-23f4fd154206;DEBW_522100061D1;WALL;199;0,27;15,93;5,89;0,83;;2,57;DEBW_522100061D1
UUID_5d802140-2efa-4cbf-b790-d482732ed240;DEBW_52210004FnA;WALL;199;0,18;2,35;0,52;0,83;;2,57;DEBW_52210004FnA
UUID_5b19582a-8658-4c57-a78c-c5d1a548a869;DEBW_52210004FnA;ROOF;226;0,10;20,31;2,26;0,43;;2,57;DEBW_52210004FnA
UUID_f692ad26-ac2c-4ed3-a005-25eea8909e59;DEBW_52210004FnA;WALL;199;0,18;0,56;0,12;0,83;;2,57;DEBW_52210004FnA
UUID_d4ecf1d2-b0e0-4e85-b9f5-289ab41a3a9e;DEBW_52210004FnA;ROOF;226;0,10;18,72;2,08;0,43;;2,57;DEBW_52210004FnA
UUID_a5be1357-b95b-49d8-9103-37ff7081d1c2;DEBW_52210004FnA;WALL;199;0,18;55,13;12,10;0,83;;2,57;DEBW_52210004FnA
UUID_66c05d34-4746-4cdb-8146-7a811dd5f19b;DEBW_52210004FnA;ROOF;226;0,10;0,34;0,04;0,43;;2,57;DEBW_52210004FnA
UUID_cd4baea8-ac20-45a8-9f4f-f821df041a3d;DEBW_52210004FnA;WALL;199;0,18;0,83;0,18;0,83;;2,57;DEBW_52210004FnA
UUID_9b763cee-69eb-49a9-9372-12e883a1e0bb;DEBW_52210004FnA;WALL;199;0,18;0,33;0,07;0,83;;2,57;DEBW_52210004FnA
UUID_f35c3247-0609-4328-a152-074308cbe378;DEBW_52210004FnA;GROUND;150;0,00;85,21;0,00;0,62;;;DEBW_52210004FnA
UUID_283aadcd-d7ae-42f6-9883-c495745bc89b;DEBW_52210004FnA;WALL;199;0,18;49,28;10,82;0,83;;2,57;DEBW_52210004FnA
UUID_27e055e5-ecc5-482d-9e5a-57ad9aa6eb11;DEBW_52210004FnA;WALL;199;0,18;56,56;12,42;0,83;;2,57;DEBW_52210004FnA
UUID_24527fa1-fa8c-4911-a920-e0260078c473;DEBW_52210004FnA;WALL;199;0,18;50,56;11,10;0,83;;2,57;DEBW_52210004FnA
UUID_44c1f1b9-bf95-4894-a112-6be636e3dbcd;DEBW_52210004FnA;ROOF;226;0,10;35,49;3,94;0,43;;2,57;DEBW_52210004FnA
UUID_0f5f9f26-113c-4073-8bc8-14d13fb22d07;DEBW_52210004FnA;ROOF;226;0,10;38,51;4,28;0,43;;2,57;DEBW_52210004FnA
UUID_900a09e4-5d70-4641-b281-cbbba70a4752;DEBW_52210006JRe;GROUND;150;0,00;17,97;0,00;0,62;;;DEBW_52210006JRe
UUID_feecce83-c6d0-4cad-9962-7f7e51df380c;DEBW_52210006JRe;WALL;199;0,14;18,45;3,00;0,83;;2,57;DEBW_52210006JRe
UUID_be773d2b-8103-47b2-a6ad-78dde65a948f;DEBW_52210006JRe;WALL;199;0,14;10,15;1,65;0,83;;2,57;DEBW_52210006JRe
UUID_b9281c94-a5a7-4cd3-8efd-584a26f0bfec;DEBW_52210006JRe;WALL;199;0,14;0,07;0,01;0,83;;2,57;DEBW_52210006JRe
UUID_fd197807-e6e4-410e-b1e4-ff9601aa56b7;DEBW_52210006JRe;ROOF;94;0,00;17,97;0,00;0,43;;2,57;DEBW_52210006JRe
UUID_55dbf8a1-89ae-4799-b0d8-7d9b89156c0d;DEBW_52210006JRe;WALL;199;0,14;6,81;1,11;0,83;;2,57;DEBW_52210006JRe
UUID_e0f3abb5-2ffa-4d2a-bc84-267659d1c586;DEBW_52210006JRe;WALL;199;0,14;15,97;2,60;0,83;;2,57;DEBW_52210006JRe
UUID_20196179-d5c8-4fe0-83df-a66639112ae2;DEBW_52210006JRe;WALL;199;0,14;0,00;0,00;0,83;;2,57;DEBW_52210006JRe
UUID_7eebd617-2ea4-4dc3-9667-2083ffcce275;DEBW_52210006JRe;WALL;199;0,14;16,53;2,69;0,83;;2,57;DEBW_52210006JRe
UUID_5ab590e0-b825-47a3-8d36-e842439415ff;DEBW_52210005g46;ROOF;94;0,00;22,24;0,00;0,43;;2,57;DEBW_52210005g46
UUID_774e33d6-ad8a-4ff0-b449-8d76599c9099;DEBW_52210005g46;WALL;199;0,14;14,68;2,39;0,83;;2,57;DEBW_52210005g46
UUID_bc450949-75f5-4e96-9877-b99b429328cb;DEBW_52210005g46;WALL;199;0,14;8,11;1,32;0,83;;2,57;DEBW_52210005g46
UUID_13cd0863-0146-4cf8-9042-76830fdbdba0;DEBW_52210005g46;WALL;199;0,14;0,17;0,03;0,83;;2,57;DEBW_52210005g46
UUID_dffaa2b6-15ba-4f04-9697-6e3226eb7c54;DEBW_52210005g46;WALL;199;0,14;0,17;0,03;0,83;;2,57;DEBW_52210005g46
UUID_2b0e12bb-b072-42ab-82aa-98295dc39575;DEBW_52210005g46;WALL;199;0,14;0,17;0,03;0,83;;2,57;DEBW_52210005g46
UUID_7910ec2c-1c12-423a-b16e-dcc1f7edc74d;DEBW_52210005g46;WALL;199;0,14;0,17;0,03;0,83;;2,57;DEBW_52210005g46
UUID_1861bc03-706c-4e28-a2d7-49b7fed00c3a;DEBW_52210005g46;WALL;199;0,14;0,17;0,03;0,83;;2,57;DEBW_52210005g46
UUID_4e4d9f4b-ca5a-47be-b011-bacb03de3383;DEBW_52210005g46;WALL;199;0,14;0,17;0,03;0,83;;2,57;DEBW_52210005g46
UUID_8c25f931-a92b-48c8-be86-bce59a9587f3;DEBW_52210005g46;WALL;199;0,14;0,26;0,04;0,83;;2,57;DEBW_52210005g46
UUID_20782fb8-96ca-4f70-9201-b13cc5a7aaa6;DEBW_52210005g46;WALL;199;0,14;0,17;0,03;0,83;;2,57;DEBW_52210005g46
UUID_d8fd15bf-840b-4c41-9f64-c5cf9c7f5d81;DEBW_52210005g46;WALL;199;0,14;0,18;0,03;0,83;;2,57;DEBW_52210005g46
UUID_5e6eb7dd-6c24-43ac-9639-efc5bcbf0a6f;DEBW_52210005g46;WALL;199;0,14;0,17;0,03;0,83;;2,57;DEBW_52210005g46
UUID_a13ad30d-3880-4442-9e58-ae3c44217bdc;DEBW_52210005g46;WALL;199;0,14;0,17;0,03;0,83;;2,57;DEBW_52210005g46
UUID_7fa33478-fdd4-44b4-8c74-4e99d2a16a4e;DEBW_52210005g46;WALL;199;0,14;0,26;0,04;0,83;;2,57;DEBW_52210005g46
UUID_a611b5e8-3719-4638-9bd8-ff4942b03c24;DEBW_52210005g46;WALL;199;0,14;0,17;0,03;0,83;;2,57;DEBW_52210005g46
UUID_8e9b3bf7-c83f-4656-a514-4e004aebea1a;DEBW_52210005g46;WALL;199;0,14;0,26;0,04;0,83;;2,57;DEBW_52210005g46
UUID_b299dbe6-e155-4efd-80a0-b59bbde38ab4;DEBW_52210005g46;WALL;199;0,14;5,51;0,90;0,83;;2,57;DEBW_52210005g46
UUID_88f742fa-705b-4f21-91bd-9ae13399c2c8;DEBW_52210005g46;WALL;199;0,14;0,17;0,03;0,83;;2,57;DEBW_52210005g46
UUID_e20a1e2b-1e39-42eb-a130-fbedf0e4cb31;DEBW_52210005g46;WALL;199;0,14;0,18;0,03;0,83;;2,57;DEBW_52210005g46
UUID_a122ad76-a9f6-488b-88df-2f71f02ac05e;DEBW_52210005g46;WALL;199;0,14;0,17;0,03;0,83;;2,57;DEBW_52210005g46
UUID_ed11190c-73c0-4958-8e8b-1c3dfb8bfe36;DEBW_52210005g46;WALL;199;0,14;0,17;0,03;0,83;;2,57;DEBW_52210005g46
UUID_ee3186c7-120a-41e3-933e-fbdbda844a03;DEBW_52210005g46;WALL;199;0,14;0,17;0,03;0,83;;2,57;DEBW_52210005g46
UUID_2ee19a52-9803-4f6b-8311-223d09179f99;DEBW_52210005g46;GROUND;150;0,00;22,24;0,00;0,62;;;DEBW_52210005g46
UUID_2248b906-517c-4240-8d41-db3fb2d5aa20;DEBW_52210005g46;WALL;199;0,14;0,17;0,03;0,83;;2,57;DEBW_52210005g46
UUID_84ce2f8d-6e25-471a-915a-5ef0a0950972;DEBW_52210005g46;WALL;199;0,14;0,26;0,04;0,83;;2,57;DEBW_52210005g46
UUID_85555c7c-1181-44a2-a859-4ace7366364b;DEBW_52210005g46;WALL;199;0,14;0,17;0,03;0,83;;2,57;DEBW_52210005g46
UUID_55523fe7-e50d-4988-a117-33488d6f49a9;DEBW_52210005g46;WALL;199;0,14;11,57;1,88;0,83;;2,57;DEBW_52210005g46
UUID_9fbc1863-6f5e-4c0d-8410-00215af9849c;DEBW_52210005g46;WALL;199;0,14;0,17;0,03;0,83;;2,57;DEBW_52210005g46
UUID_8250e742-f5c2-44b3-b1e3-37a5453bc444;DEBW_52210005g46;WALL;199;0,14;0,17;0,03;0,83;;2,57;DEBW_52210005g46
UUID_a790c143-defa-4100-bb98-80de6abdbbb9;DEBW_52210005g46;WALL;199;0,14;0,17;0,03;0,83;;2,57;DEBW_52210005g46
UUID_4f10d337-10c0-4a46-b27e-d8cc415e474f;DEBW_522100061H9;WALL;199;0,14;5,88;0,96;0,83;;2,57;DEBW_522100061H9
UUID_d3aa01cc-4a28-4d5c-8083-0c1a626ffd49;DEBW_522100061H9;ROOF;226;0,10;7,36;0,82;0,43;;2,57;DEBW_522100061H9
UUID_78f37532-5eea-441b-8a9b-bb41bce10e67;DEBW_522100061H9;WALL;199;0,14;14,03;2,28;0,83;;2,57;DEBW_522100061H9
UUID_9d0669ff-f6fc-47f6-a077-120b27b12da5;DEBW_522100061H9;WALL;199;0,14;6,17;1,01;0,83;;2,57;DEBW_522100061H9
UUID_8b62b10f-3f0e-4fad-8b31-072a8831cddf;DEBW_522100061H9;ROOF;226;0,10;7,10;0,79;0,43;;2,57;DEBW_522100061H9
UUID_c1ffbd39-4549-4706-b0fd-fe3e6fe0b2a8;DEBW_522100061H9;WALL;199;0,14;13,97;2,27;0,83;;2,57;DEBW_522100061H9
UUID_6208eef5-894d-4bdd-852e-b2e344739f7f;DEBW_522100061H9;WALL;199;0,14;6,11;0,99;0,83;;2,57;DEBW_522100061H9
UUID_faaa210c-0b3d-4384-bef5-d8045bb56963;DEBW_522100061H9;GROUND;150;0,00;12,98;0,00;0,62;;;DEBW_522100061H9
UUID_d3a77e6b-f019-4c7e-a4d9-ac8d95b4b678;DEBW_522100061H9;WALL;199;0,14;6,11;0,99;0,83;;2,57;DEBW_522100061H9
UUID_9fec8767-b36f-40ba-95cb-da86b0b1dc1a;DEBW_52210006Id7;GROUND;150;0,00;71,94;0,00;0,62;;;DEBW_52210006Id7
UUID_b7a96d32-1e49-40d6-860c-1129242a3a59;DEBW_52210006Id7;WALL;199;0,18;32,33;7,10;0,83;;2,57;DEBW_52210006Id7
UUID_22bc9ea2-1f6f-4df9-9699-603d004084bc;DEBW_52210006Id7;WALL;199;0,18;23,95;5,26;0,83;;2,57;DEBW_52210006Id7
UUID_c3cc0151-4ea2-4613-8c2d-260bd20d4665;DEBW_52210006Id7;WALL;199;0,18;67,81;14,89;0,83;;2,57;DEBW_52210006Id7
UUID_2ecbf08f-6932-4c49-955e-27082d7e5b78;DEBW_52210006Id7;WALL;199;0,18;15,37;3,37;0,83;;2,57;DEBW_52210006Id7
UUID_0e651ee7-3d85-4a22-b6ae-607c816eb807;DEBW_52210006Id7;WALL;199;0,18;12,15;2,67;0,83;;2,57;DEBW_52210006Id7
UUID_b6ccfd88-7182-4742-a11f-af160469a2da;DEBW_52210006Id7;ROOF;226;0,10;48,56;5,40;0,43;;2,57;DEBW_52210006Id7
UUID_00e24970-d2d3-42ac-ab19-3be818eab823;DEBW_52210006Id7;WALL;199;0,18;33,16;7,28;0,83;;2,57;DEBW_52210006Id7
UUID_c6b4c568-f40a-4843-a1d2-c522256e7e96;DEBW_52210006Id7;ROOF;226;0,10;50,93;5,66;0,43;;2,57;DEBW_52210006Id7
UUID_89c5b921-ee5c-4b8d-a6c9-6d842937ab19;DEBW_52210006Id7;WALL;199;0,18;11,61;2,55;0,83;;2,57;DEBW_52210006Id7
UUID_6ce01064-cd9a-4cba-a793-adc75949ab2e;DEBW_52210006Id7;WALL;199;0,18;66,01;14,49;0,83;;2,57;DEBW_52210006Id7
UUID_b1d4b70d-2652-430c-92c7-40ed3ae666db;DEBW_52210006Id7;WALL;199;0,18;1,00;0,22;0,83;;2,57;DEBW_52210006Id7
UUID_b5da1dda-05b1-4bbf-9580-46901aceced7;DEBW_52210006Id7;WALL;199;0,18;35,14;7,71;0,83;;2,57;DEBW_52210006Id7
UUID_aae886dc-2695-40f8-9a1c-3f6fc281792c;DEBW_522100060Oq;ROOF;226;0,10;39,90;4,43;0,43;;2,57;DEBW_522100060Oq
UUID_3e447c59-ebea-4c24-b00b-adb66826f349;DEBW_522100060Oq;WALL;199;0,14;64,19;10,45;0,83;;2,57;DEBW_522100060Oq
UUID_04c31c2a-f38a-41b7-9760-86eb4e8e2f2c;DEBW_522100060Oq;ROOF;226;0,10;0,03;0,00;0,43;;2,57;DEBW_522100060Oq
UUID_20d9e90b-8e1f-4873-948e-01f24eed6776;DEBW_522100060Oq;ROOF;226;0,10;39,89;4,43;0,43;;2,57;DEBW_522100060Oq
UUID_31ced782-b47d-4a70-b9b7-89a2efb8db05;DEBW_522100060Oq;WALL;199;0,14;0,34;0,06;0,83;;2,57;DEBW_522100060Oq
UUID_ef5473d8-635e-491d-af89-6e6c802d445a;DEBW_522100060Oq;ROOF;226;0,10;15,37;1,71;0,43;;2,57;DEBW_522100060Oq
UUID_05b5f9f3-132b-44e5-8290-d78c9272ad10;DEBW_522100060Oq;WALL;199;0,14;52,01;8,47;0,83;;2,57;DEBW_522100060Oq
UUID_79542d51-6fcd-4006-87ea-e74c968c206d;DEBW_522100060Oq;GROUND;150;0,00;90,97;0,00;0,62;;;DEBW_522100060Oq
UUID_27ab2537-a6a3-4159-b99c-0f4cd7eb1c4b;DEBW_522100060Oq;WALL;199;0,14;52,68;8,58;0,83;;2,57;DEBW_522100060Oq
UUID_a88626c6-f91a-4a64-ac6d-0ca594fe03f3;DEBW_522100060Oq;ROOF;226;0,10;0,02;0,00;0,43;;2,57;DEBW_522100060Oq
UUID_e4e3e9f5-8ddb-49f0-89f4-a83fe9cae08c;DEBW_522100060Oq;WALL;199;0,14;64,26;10,46;0,83;;2,57;DEBW_522100060Oq
UUID_8231244e-efc2-4ef8-9c9f-50a00d02763d;DEBW_522100060Oq;ROOF;226;0,10;16,27;1,81;0,43;;2,57;DEBW_522100060Oq
UUID_83204b5d-4d01-42db-97be-1dd2d045fcce;DEBW_52210004FsC;WALL;199;0,27;0,00;0,00;0,83;;2,57;DEBW_52210004FsC
UUID_bb9bff22-aad3-45fe-b2f8-3a9dfe00c2e2;DEBW_52210004FsC;ROOF;226;0,10;31,08;3,45;0,43;;2,57;DEBW_52210004FsC
UUID_71dd8ec4-5c50-4de2-9d6a-7e171d75205e;DEBW_52210004FsC;WALL;199;0,27;2,00;0,74;0,83;;2,57;DEBW_52210004FsC
UUID_4eeac732-b105-4681-95ae-e8ef99feca63;DEBW_52210004FsC;GROUND;150;0,00;34,46;0,00;0,62;;;DEBW_52210004FsC
UUID_0533ab5a-993b-4df4-91d2-6c2d74a9266a;DEBW_52210004FsC;WALL;199;0,27;8,57;3,17;0,83;;2,57;DEBW_52210004FsC
UUID_a24e469b-678a-439d-b253-1caf0d69ca71;DEBW_52210004FsC;WALL;199;0,27;6,61;2,45;0,83;;2,57;DEBW_52210004FsC
UUID_135e8221-12f8-4330-8885-c46432818f32;DEBW_52210004FsC;WALL;199;0,27;12,33;4,56;0,83;;2,57;DEBW_52210004FsC
UUID_fe49f798-040c-48f9-9aae-ae9461fabe04;DEBW_52210004FsC;WALL;199;0,27;10,61;3,92;0,83;;2,57;DEBW_52210004FsC
UUID_2bb9ba87-df61-4841-99dd-84553b31c60e;DEBW_52210004FsC;WALL;199;0,27;3,58;1,32;0,83;;2,57;DEBW_52210004FsC
UUID_557d3b44-b034-4531-ad91-44a6e3760bfe;DEBW_522100061M1;WALL;199;0,14;6,30;1,03;0,83;;2,57;DEBW_522100061M1
UUID_36998551-540e-4a0c-b6dd-3388884f60cf;DEBW_522100061M1;WALL;199;0,14;12,49;2,03;0,83;;2,57;DEBW_522100061M1
UUID_d3df8ff7-4dfd-484a-94f6-457dda134655;DEBW_522100061M1;ROOF;226;0,10;8,15;0,91;0,43;;2,57;DEBW_522100061M1
UUID_f593232a-37af-45af-8a6a-8823130a750e;DEBW_522100061M1;WALL;199;0,14;4,11;0,67;0,83;;2,57;DEBW_522100061M1
UUID_c3c121d3-722f-4e21-a067-08131de1b836;DEBW_522100061M1;WALL;199;0,14;4,49;0,73;0,83;;2,57;DEBW_522100061M1
UUID_ad1a305e-d3de-4f6c-89b8-6cd075c3df03;DEBW_522100061M1;WALL;199;0,14;4,55;0,74;0,83;;2,57;DEBW_522100061M1
UUID_449d734d-cc58-4c25-a0c9-1e042892fe7e;DEBW_522100061M1;WALL;199;0,14;1,14;0,19;0,83;;2,57;DEBW_522100061M1
UUID_5881c8f6-edd5-451d-9db7-d655ec3a3ee9;DEBW_522100061M1;ROOF;226;0,10;9,46;1,05;0,43;;2,57;DEBW_522100061M1
UUID_871bd5a9-862c-41ac-9cac-c9adcd801d7e;DEBW_522100061M1;GROUND;150;0,00;18,72;0,00;0,62;;;DEBW_522100061M1
UUID_d415166a-e7a3-4f20-b72e-bde73e676e79;DEBW_522100061M1;WALL;199;0,14;4,24;0,69;0,83;;2,57;DEBW_522100061M1
UUID_05afdc8e-971b-493d-a60d-38e0a1a39de3;DEBW_52210006JX6;WALL;199;0,27;21,82;8,07;0,83;;2,57;DEBW_52210006JX6
UUID_3062ca91-5152-42e2-ac63-23400ef9f635;DEBW_52210006JX6;WALL;199;0,27;7,62;2,82;0,83;;2,57;DEBW_52210006JX6
UUID_d1f65eec-a24b-4d27-abd6-3c96b8eabc35;DEBW_52210006JX6;ROOF;226;0,10;6,90;0,77;0,43;;2,57;DEBW_52210006JX6
UUID_49cda922-f3bc-421b-bb84-c13ad82ef56e;DEBW_52210006JX6;ROOF;226;0,10;4,01;0,45;0,43;;2,57;DEBW_52210006JX6
UUID_d04bd48f-9bf1-4abc-a273-c417ce653143;DEBW_52210006JX6;WALL;199;0,27;1,93;0,72;0,83;;2,57;DEBW_52210006JX6
UUID_28b277a4-6e1c-4b51-a38d-e9fc2d506f6c;DEBW_52210006JX6;GROUND;150;0,00;9,76;0,00;0,62;;;DEBW_52210006JX6
UUID_9ba47292-3aab-4260-8044-22bec69d76f1;DEBW_52210006JX6;WALL;199;0,27;10,03;3,71;0,83;;2,57;DEBW_52210006JX6
UUID_b48ed620-37b7-44dc-a014-f13ff5a067bc;DEBW_52210006JX6;ROOF;226;0,10;0,36;0,04;0,43;;2,57;DEBW_52210006JX6
UUID_076bb180-ec88-457d-8ee8-ac51f75c4288;DEBW_52210006JX6;WALL;199;0,27;2,49;0,92;0,83;;2,57;DEBW_52210006JX6
UUID_ccccb48f-efd9-4253-9850-5c17b5f0b4e9;DEBW_52210006JX6;WALL;199;0,27;1,02;0,38;0,83;;2,57;DEBW_52210006JX6
UUID_221374cd-f050-4818-9e0d-48b28721bb41;DEBW_52210006JX6;WALL;199;0,27;29,65;10,97;0,83;;2,57;DEBW_52210006JX6
UUID_6cdccbb5-6229-4548-8606-bcb44eea08c0;DEBW_52210006JX6;WALL;199;0,27;0,54;0,20;0,83;;2,57;DEBW_52210006JX6
UUID_78845135-60d4-4124-ae59-7633481032ca;DEBW_52210005gOD;WALL;199;0,18;59,89;13,15;0,83;;2,57;DEBW_52210005gOD
UUID_b4744a80-32e3-4323-9050-2bc654253f08;DEBW_52210005gOD;ROOF;226;0,10;80,15;8,91;0,43;;2,57;DEBW_52210005gOD
UUID_272d95db-23ac-4756-940e-91840e5e0edf;DEBW_52210005gOD;WALL;199;0,18;22,74;4,99;0,83;;2,57;DEBW_52210005gOD
UUID_790fab3e-16de-41f6-b81a-902ae776c493;DEBW_52210005gOD;GROUND;150;0,00;118,59;0,00;0,62;;;DEBW_52210005gOD
UUID_adb58fcb-4532-4869-a3d1-33e6e824c341;DEBW_52210005gOD;WALL;199;0,18;13,66;3,00;0,83;;2,57;DEBW_52210005gOD
UUID_acf5a4d4-5b73-4e4e-8197-891d5741e467;DEBW_52210005gOD;WALL;199;0,18;6,78;1,49;0,83;;2,57;DEBW_52210005gOD
UUID_ee621c77-07b3-4762-be49-7af0ba7eb0fd;DEBW_52210005gOD;WALL;199;0,18;42,16;9,25;0,83;;2,57;DEBW_52210005gOD
UUID_d86629c0-4757-4046-9af1-9c495e10f1b2;DEBW_52210005gOD;WALL;199;0,18;27,29;5,99;0,83;;2,57;DEBW_52210005gOD
UUID_9dd642bd-39a4-4245-8e40-ea5b65f7bdd0;DEBW_52210005gOD;WALL;199;0,18;8,02;1,76;0,83;;2,57;DEBW_52210005gOD
UUID_b6292b22-073e-421e-b5ca-fcc0521a9df7;DEBW_52210005gOD;WALL;199;0,18;6,76;1,48;0,83;;2,57;DEBW_52210005gOD
UUID_a32b1d01-9f93-49cd-a730-3c8e497c1733;DEBW_52210005gOD;ROOF;226;0,10;63,46;7,05;0,43;;2,57;DEBW_52210005gOD
UUID_6cf5da1a-c1b1-47a1-9b8e-e641b53eda99;DEBW_52210005gOD;WALL;199;0,18;44,18;9,70;0,83;;2,57;DEBW_52210005gOD
UUID_6136f238-ead7-4a9a-a992-d232d67b9cd7;DEBW_52210005gOD;WALL;199;0,18;43,39;9,52;0,83;;2,57;DEBW_52210005gOD
UUID_14f76271-97f1-4ef7-9757-487dcd4a5de7;DEBW_52210005gOD;WALL;199;0,18;25,82;5,67;0,83;;2,57;DEBW_52210005gOD
UUID_0d1c361e-eefb-453e-9bbf-9b15b5f50e0d;DEBW_52210005gOD;WALL;199;0,18;26,00;5,71;0,83;;2,57;DEBW_52210005gOD
UUID_89049d20-c4c2-4fbf-9496-808f226e8ce6;DEBW_52210005gOD;WALL;199;0,18;4,14;0,91;0,83;;2,57;DEBW_52210005gOD
UUID_5582518a-b251-4053-a420-34e39ca0de75;DEBW_522100061ra;WALL;199;0,14;7,16;1,17;0,83;;2,57;DEBW_522100061ra
UUID_b2e4e2b4-a71a-4c66-8a48-2f7ad8076d49;DEBW_522100061ra;ROOF;226;0,10;15,29;1,70;0,43;;2,57;DEBW_522100061ra
UUID_8af788ea-4e9b-4467-b227-7fda41e8e6e2;DEBW_522100061ra;WALL;199;0,14;8,41;1,37;0,83;;2,57;DEBW_522100061ra
UUID_2a776fc4-dbd1-4b5a-8350-e32402801c79;DEBW_522100061ra;WALL;199;0,14;8,11;1,32;0,83;;2,57;DEBW_522100061ra
UUID_f60f0e22-0c90-4aa5-a873-2478d362a157;DEBW_522100061ra;WALL;199;0,14;7,48;1,22;0,83;;2,57;DEBW_522100061ra
UUID_7fa70ddb-d937-4a21-a71f-610d2b96780f;DEBW_522100061ra;GROUND;150;0,00;16,91;0,00;0,62;;;DEBW_522100061ra
UUID_f10b1d4c-61f6-4dd1-a0ff-5c297fc05d6a;DEBW_52210006Ims;ROOF;226;0,10;9,17;1,02;0,43;;2,57;DEBW_52210006Ims
UUID_54f5017a-ce5d-4e25-adb8-0eab1a042239;DEBW_52210006Ims;WALL;199;0,27;0,34;0,13;0,83;;2,57;DEBW_52210006Ims
UUID_5ed86228-4b45-49f9-93dd-c92494a1dd8f;DEBW_52210006Ims;WALL;199;0,27;6,30;2,33;0,83;;2,57;DEBW_52210006Ims
UUID_f7054186-c849-4aa5-ac0b-988091d24863;DEBW_52210006Ims;WALL;199;0,27;6,20;2,29;0,83;;2,57;DEBW_52210006Ims
UUID_38ad3222-c597-4345-8405-57f757784b7f;DEBW_52210006Ims;ROOF;226;0,10;9,38;1,04;0,43;;2,57;DEBW_52210006Ims
UUID_56e4f254-c6b3-4927-bbab-2fd533b63fa1;DEBW_52210006Ims;WALL;199;0,27;0,30;0,11;0,83;;2,57;DEBW_52210006Ims
UUID_98a973e1-ab42-4206-98b4-7833ba6ffe37;DEBW_52210006Ims;GROUND;150;0,00;18,77;0,00;0,62;;;DEBW_52210006Ims
UUID_c5d95553-5670-4ec3-a0ee-728f804daf30;DEBW_52210006Ims;WALL;199;0,27;0,00;0,00;0,83;;2,57;DEBW_52210006Ims
UUID_75640a23-9c8d-489b-baa5-3d6eb3c35b45;DEBW_52210006Ims;WALL;199;0,27;0,00;0,00;0,83;;2,57;DEBW_52210006Ims
UUID_4eedfc5b-9a4a-4985-bcd6-8b167749ab2f;DEBW_52210004G0z;WALL;199;0,27;0,00;0,00;0,83;;2,57;DEBW_52210004G0z
UUID_35b9d0f2-e99c-4fb0-b8aa-4965a0ab6b0b;DEBW_52210004G0z;WALL;199;0,27;0,00;0,00;0,83;;2,57;DEBW_52210004G0z
UUID_5438f792-bf6e-432e-b5ec-6cd85cad97b6;DEBW_52210004G0z;WALL;199;0,27;0,41;0,15;0,83;;2,57;DEBW_52210004G0z
UUID_bfef0ef1-a722-4041-8e4b-fe26dbd29332;DEBW_52210004G0z;WALL;199;0,27;0,34;0,13;0,83;;2,57;DEBW_52210004G0z
UUID_548b0d09-cfcc-455c-9f06-ec719da0d759;DEBW_52210004G0z;ROOF;226;0,10;27,56;3,06;0,43;;2,57;DEBW_52210004G0z
UUID_6347f929-bd9c-4eb1-a5db-b9978b37f02d;DEBW_52210004G0z;WALL;199;0,27;0,00;0,00;0,83;;2,57;DEBW_52210004G0z
UUID_f05d614d-cf41-4ae3-84a3-cfe30a056f47;DEBW_52210004G0z;WALL;199;0,27;16,43;6,08;0,83;;2,57;DEBW_52210004G0z
UUID_645dc34b-556f-4b23-b5b1-36c98d1454b7;DEBW_52210004G0z;GROUND;150;0,00;29,89;0,00;0,62;;;DEBW_52210004G0z
UUID_4971a778-006f-4707-8157-44923ef2d341;DEBW_522100060Xf;WALL;199;0,18;8,92;1,96;0,83;;2,57;DEBW_522100060Xf
UUID_64ec410f-09df-41a4-821c-0230faa8a0b1;DEBW_522100060Xf;GROUND;150;0,00;147,08;0,00;0,62;;;DEBW_522100060Xf
UUID_947d9a8f-411c-42c8-a778-4d933f8d08a4;DEBW_522100060Xf;WALL;199;0,18;43,39;9,53;0,83;;2,57;DEBW_522100060Xf
UUID_2fadd955-c920-4dd7-a8c4-aff60428f7db;DEBW_522100060Xf;WALL;199;0,18;16,07;3,53;0,83;;2,57;DEBW_522100060Xf
UUID_b4504e6b-20f0-4647-8ac0-1624c041996d;DEBW_522100060Xf;ROOF;226;0,10;89,48;9,94;0,43;;2,57;DEBW_522100060Xf
UUID_f8229809-f852-48c1-a105-ae2e7f3c1f02;DEBW_522100060Xf;WALL;199;0,18;44,28;9,72;0,83;;2,57;DEBW_522100060Xf
UUID_7e22120c-e7df-4eb2-bb60-d646ef966d56;DEBW_522100060Xf;WALL;199;0,18;43,73;9,60;0,83;;2,57;DEBW_522100060Xf
UUID_25b94274-66c0-4eff-a122-08852c28fc04;DEBW_522100060Xf;WALL;199;0,18;102,35;22,47;0,83;;2,57;DEBW_522100060Xf
UUID_4ddd9247-95f7-4a29-8237-01c0ee1ef845;DEBW_522100060Xf;ROOF;226;0,10;88,45;9,83;0,43;;2,57;DEBW_522100060Xf
UUID_cb6d75fb-ff74-4e1d-ba44-4a380a3dea2c;DEBW_522100060Xf;WALL;199;0,18;18,38;4,03;0,83;;2,57;DEBW_522100060Xf
UUID_e00f16ae-a03f-49c1-8aa1-4ef99e311150;DEBW_522100060Xf;WALL;199;0,18;15,39;3,38;0,83;;2,57;DEBW_522100060Xf
UUID_877d6540-432c-4b19-8f87-071d271e6090;DEBW_522100060Xf;WALL;199;0,18;18,09;3,97;0,83;;2,57;DEBW_522100060Xf
UUID_7f7e2dd7-1425-4da1-bcd5-10e6a76f729f;DEBW_522100060Xf;WALL;199;0,18;43,87;9,63;0,83;;2,57;DEBW_522100060Xf
UUID_f23d0d6e-13d2-4a4c-9e37-8841d1ed4278;DEBW_52210005gcq;GROUND;150;0,00;24,64;0,00;0,62;;;DEBW_52210005gcq
UUID_f06ebc13-5932-4ede-8683-29dd5e302914;DEBW_52210005gcq;WALL;199;0,14;9,96;1,62;0,83;;2,57;DEBW_52210005gcq
UUID_a5adf9d7-2f4c-448d-b37c-68f28e02b5e0;DEBW_52210005gcq;WALL;199;0,14;20,66;3,36;0,83;;2,57;DEBW_52210005gcq
UUID_c255e7ca-b9d3-4084-b985-b016cf653452;DEBW_52210005gcq;WALL;199;0,14;10,89;1,77;0,83;;2,57;DEBW_52210005gcq
UUID_dbc6d4ff-094c-4412-ba0c-e19b64a3e8d5;DEBW_52210005gcq;WALL;199;0,14;21,40;3,48;0,83;;2,57;DEBW_52210005gcq
UUID_2aadc69e-26f9-4164-8bca-b24c0af39e59;DEBW_52210005gcq;ROOF;226;0,10;13,44;1,49;0,43;;2,57;DEBW_52210005gcq
UUID_e31f0b42-3aee-4880-b15a-5f350b5fbb8f;DEBW_52210005gcq;ROOF;226;0,10;12,31;1,37;0,43;;2,57;DEBW_52210005gcq
UUID_71eaccc9-d7fa-4cdf-92b4-c0e956a7ab65;DEBW_52210005gcq;WALL;199;0,14;10,78;1,75;0,83;;2,57;DEBW_52210005gcq
UUID_51936ce2-c211-45a0-b90f-e67157a4b8d9;DEBW_52210005gcq;WALL;199;0,14;10,09;1,64;0,83;;2,57;DEBW_52210005gcq
UUID_07bcc717-71c8-465c-823b-35b635d91284;DEBW_52210006Jc3;WALL;199;0,27;0,79;0,29;0,83;;2,57;DEBW_52210006Jc3
UUID_1624c6c5-bbf2-44ae-8627-ac4386feed2b;DEBW_52210006Jc3;GROUND;150;0,00;17,42;0,00;0,62;;;DEBW_52210006Jc3
UUID_6e14fe6c-9e8b-4cfa-89f7-88f43f9c6396;DEBW_52210006Jc3;WALL;199;0,27;12,33;4,56;0,83;;2,57;DEBW_52210006Jc3
UUID_5c431cdd-4b6c-435b-95b0-7d2abf4468aa;DEBW_52210006Jc3;WALL;199;0,27;5,03;1,86;0,83;;2,57;DEBW_52210006Jc3
UUID_18d68af3-69a9-4320-8da1-72736fc8ca1d;DEBW_52210006Jc3;WALL;199;0,27;13,42;4,96;0,83;;2,57;DEBW_52210006Jc3
UUID_419facf5-840c-4386-bb88-d489f2c8e0ee;DEBW_52210006Jc3;WALL;199;0,27;1,01;0,37;0,83;;2,57;DEBW_52210006Jc3
UUID_0b8274e4-b7d0-4f4e-b149-42509ea98da9;DEBW_52210006Jc3;WALL;199;0,27;1,44;0,53;0,83;;2,57;DEBW_52210006Jc3
UUID_cb511111-9b0c-4773-8323-0309c5aa9b8f;DEBW_52210006Jc3;ROOF;226;0,10;15,68;1,74;0,43;;2,57;DEBW_52210006Jc3
UUID_1e26602c-85e3-48a4-83a9-9c0e201a28e7;DEBW_52210004G9h;WALL;199;0,14;21,73;3,54;0,83;;2,57;DEBW_52210004G9h
UUID_66f77a93-fc63-454f-a862-9c4cb7836ae3;DEBW_52210004G9h;GROUND;150;0,00;12,75;0,00;0,62;;;DEBW_52210004G9h
UUID_1a4a4a61-51ca-4ca3-9649-3b8a62856b65;DEBW_52210004G9h;WALL;199;0,14;15,64;2,55;0,83;;2,57;DEBW_52210004G9h
UUID_a21916e5-d734-4dd6-bf49-f6a42b95f1b6;DEBW_52210004G9h;WALL;199;0,14;15,65;2,55;0,83;;2,57;DEBW_52210004G9h
UUID_e7fb3abc-f5c8-4efc-9fd2-de90c08d30ce;DEBW_52210004G9h;ROOF;226;0,10;11,47;1,27;0,43;;2,57;DEBW_52210004G9h
UUID_7668ce08-c0b4-467c-a075-a4517cf91b5f;DEBW_52210004G9h;WALL;199;0,14;21,68;3,53;0,83;;2,57;DEBW_52210004G9h
UUID_91e033d0-7bae-4fcf-a3e3-f9fbea366477;DEBW_52210006IuH;WALL;199;0,14;13,34;2,17;0,83;;2,57;DEBW_52210006IuH
UUID_c9c49822-f14c-41a5-8ec7-ac12322a0a9d;DEBW_52210006IuH;WALL;199;0,14;12,64;2,06;0,83;;2,57;DEBW_52210006IuH
UUID_cc21a72e-2deb-4f92-9858-92b815e95a34;DEBW_52210006IuH;WALL;199;0,14;0,36;0,06;0,83;;2,57;DEBW_52210006IuH
UUID_3388ddcd-473a-4dd7-9ce6-892ca61adec6;DEBW_52210006IuH;WALL;199;0,14;0,40;0,07;0,83;;2,57;DEBW_52210006IuH
UUID_c03ea4c4-d80f-4d69-a51e-7e9fe0b9930c;DEBW_52210006IuH;ROOF;226;0,10;33,67;3,74;0,43;;2,57;DEBW_52210006IuH
UUID_7f48d398-99ed-4840-9d58-473e1c0b1fde;DEBW_52210006IuH;GROUND;150;0,00;37,41;0,00;0,62;;;DEBW_52210006IuH
UUID_cccf2516-63cd-417a-9493-a877971a0af5;DEBW_52210006IuH;WALL;199;0,14;12,93;2,10;0,83;;2,57;DEBW_52210006IuH
UUID_3a1a2783-103d-4225-be3e-d13b7aef16da;DEBW_52210006IuH;WALL;199;0,14;12,96;2,11;0,83;;2,57;DEBW_52210006IuH
UUID_1c2b0da7-e01b-4a87-9261-c3f50291e10f;DEBW_5221000629z;ROOF;226;0,10;8,20;0,91;0,43;;2,57;DEBW_5221000629z
UUID_82ea1950-dcfb-4ba8-8da8-1f19da53a8b9;DEBW_5221000629z;WALL;199;0,14;5,87;0,96;0,83;;2,57;DEBW_5221000629z
UUID_b56c5336-201e-4e26-918b-847880b82c57;DEBW_5221000629z;WALL;199;0,14;18,24;2,97;0,83;;2,57;DEBW_5221000629z
UUID_16810d42-cd53-4ab5-893a-41869e1f4003;DEBW_5221000629z;WALL;199;0,14;13,81;2,25;0,83;;2,57;DEBW_5221000629z
UUID_57be7a18-e912-443d-98ee-0863724cb23e;DEBW_5221000629z;ROOF;226;0,10;16,95;1,88;0,43;;2,57;DEBW_5221000629z
UUID_3736ecb6-c775-4934-ad81-441317b29209;DEBW_5221000629z;WALL;199;0,14;41,53;6,76;0,83;;2,57;DEBW_5221000629z
UUID_0c9055c2-eadb-411a-b746-d3d5b2232c65;DEBW_5221000629z;GROUND;150;0,00;126,11;0,00;0,62;;;DEBW_5221000629z
UUID_1591fd59-e556-46eb-a64a-36fef8e4d745;DEBW_5221000629z;WALL;199;0,14;4,40;0,72;0,83;;2,57;DEBW_5221000629z
UUID_71dae82c-7580-4019-a680-88cbba2ae900;DEBW_5221000629z;WALL;199;0,14;1,25;0,20;0,83;;2,57;DEBW_5221000629z
UUID_99099fa8-32f6-4c34-9cb1-2325c0a3558f;DEBW_5221000629z;ROOF;226;0,10;69,55;7,73;0,43;;2,57;DEBW_5221000629z
UUID_cb3cf280-1c3e-4012-b2b9-8122147121ac;DEBW_5221000629z;WALL;199;0,14;1,74;0,28;0,83;;2,57;DEBW_5221000629z
UUID_ef789f25-5316-4634-86bb-d9b447996a54;DEBW_5221000629z;WALL;199;0,14;6,87;1,12;0,83;;2,57;DEBW_5221000629z
UUID_9272076a-c9cd-4a2b-b64f-88a650f13f84;DEBW_5221000629z;WALL;199;0,14;28,30;4,61;0,83;;2,57;DEBW_5221000629z
UUID_faf60d5d-1d48-4717-86ac-47cfaff83dc2;DEBW_5221000629z;WALL;199;0,14;0,53;0,09;0,83;;2,57;DEBW_5221000629z
UUID_d25c3ad2-db2a-4604-9af9-27290d6c0176;DEBW_5221000629z;WALL;199;0,14;9,01;1,47;0,83;;2,57;DEBW_5221000629z
UUID_e35cfe49-84b6-4535-ba94-12269c648c45;DEBW_5221000629z;ROOF;226;0,10;27,84;3,09;0,43;;2,57;DEBW_5221000629z
UUID_906aa044-6ae2-4dac-ab8d-1600b4b3fade;DEBW_5221000629z;WALL;199;0,14;0,19;0,03;0,83;;2,57;DEBW_5221000629z
UUID_5b809fd4-f460-4580-89a9-0df75fd45aee;DEBW_522100060XU;WALL;199;0,14;6,40;1,04;0,83;;2,57;DEBW_522100060XU
UUID_082f5bcf-becb-415e-bc96-630b116a303c;DEBW_522100060XU;ROOF;226;0,10;28,90;3,21;0,43;;2,57;DEBW_522100060XU
UUID_fc4168e4-209e-4966-b61c-c95460e58034;DEBW_522100060XU;WALL;199;0,14;46,32;7,54;0,83;;2,57;DEBW_522100060XU
UUID_80e1b2cb-6b62-42e3-b983-1f76b028780a;DEBW_522100060XU;GROUND;150;0,00;71,65;0,00;0,62;;;DEBW_522100060XU
UUID_e59cb165-616a-4f73-8334-bb8555aa4172;DEBW_522100060XU;ROOF;226;0,10;18,55;2,06;0,43;;2,57;DEBW_522100060XU
UUID_0f88dd67-1789-414a-a0ca-d37a35e3ffa7;DEBW_522100060XU;WALL;199;0,14;24,28;3,95;0,83;;2,57;DEBW_522100060XU
UUID_00b1a423-319d-4b2f-9965-74a4d0955c29;DEBW_522100060XU;WALL;199;0,14;46,75;7,61;0,83;;2,57;DEBW_522100060XU
UUID_f6fa8984-d0bf-4941-a106-f01318c72681;DEBW_522100060XU;WALL;199;0,14;7,54;1,23;0,83;;2,57;DEBW_522100060XU
UUID_bfd26d7c-1e17-44a9-b21c-ecc63eaa4867;DEBW_522100060XU;ROOF;226;0,10;0,13;0,01;0,43;;2,57;DEBW_522100060XU
UUID_d55f45ba-a155-41c1-aaae-2c3bbb423329;DEBW_522100060XU;WALL;199;0,14;0,25;0,04;0,83;;2,57;DEBW_522100060XU
UUID_d36ef10b-db18-4cce-a2e7-64e2f37cdfd1;DEBW_522100060XU;WALL;199;0,14;7,33;1,19;0,83;;2,57;DEBW_522100060XU
UUID_9dc9dfaf-1d89-4731-a6ec-8d2e71e3af56;DEBW_522100060XU;ROOF;226;0,10;31,84;3,54;0,43;;2,57;DEBW_522100060XU
UUID_4fa65d5e-300d-4965-800f-6a29de9d56c1;DEBW_522100060XU;WALL;199;0,14;0,51;0,08;0,83;;2,57;DEBW_522100060XU
UUID_3fcd6c87-00f8-4afa-975a-18ffe11cba96;DEBW_522100060XU;WALL;199;0,14;0,57;0,09;0,83;;2,57;DEBW_522100060XU
UUID_f09ebb1b-9748-4aca-a723-2ed07c25a885;DEBW_522100060XU;ROOF;226;0,10;17,98;2,00;0,43;;2,57;DEBW_522100060XU
UUID_e21fd74e-061a-4d68-b467-bf6d5ff77b3b;DEBW_522100060XU;WALL;199;0,14;6,10;0,99;0,83;;2,57;DEBW_522100060XU
UUID_a7526af1-b8bc-4e42-9169-e0ef3246b2da;DEBW_522100060XU;WALL;199;0,14;0,81;0,13;0,83;;2,57;DEBW_522100060XU
UUID_718d0b9f-76d5-43a3-bf13-f598731df371;DEBW_522100060XU;WALL;199;0,14;50,11;8,16;0,83;;2,57;DEBW_522100060XU
UUID_9e2c91ac-801c-45a9-afda-3b5cde5893d4;DEBW_52210006Iok;WALL;199;0,14;35,06;5,71;0,83;;2,57;DEBW_52210006Iok
UUID_90e2b626-2207-4bda-a3c3-5eac5132becb;DEBW_52210006Iok;WALL;199;0,14;35,58;5,79;0,83;;2,57;DEBW_52210006Iok
UUID_6f2ef588-2480-4685-889a-308b22fb826d;DEBW_52210006Iok;WALL;199;0,14;35,54;5,79;0,83;;2,57;DEBW_52210006Iok
UUID_a9ba4d39-adaa-48db-99e2-04966696c5e5;DEBW_52210006Iok;ROOF;226;0,10;60,74;6,75;0,43;;2,57;DEBW_52210006Iok
UUID_a60a85ab-559e-4628-82b2-4faa4f9a70dc;DEBW_52210006Iok;WALL;199;0,14;56,25;9,16;0,83;;2,57;DEBW_52210006Iok
UUID_7c9f7f01-e504-43e3-aac7-6fc2ff0f5703;DEBW_52210006Iok;WALL;199;0,14;27,33;4,45;0,83;;2,57;DEBW_52210006Iok
UUID_8a125727-c164-4004-a9fd-bfad1d2b9e7c;DEBW_52210006Iok;GROUND;150;0,00;116,46;0,00;0,62;;;DEBW_52210006Iok
UUID_35f43e24-7dd2-47c7-8ef8-702b8d4f44e5;DEBW_52210006Iok;WALL;199;0,14;25,09;4,08;0,83;;2,57;DEBW_52210006Iok
UUID_9a3211ce-b556-4179-8fdd-2128ee5234f4;DEBW_52210006Iok;WALL;199;0,14;34,78;5,66;0,83;;2,57;DEBW_52210006Iok
UUID_6bbd97ab-aa4f-4c00-9492-5fe89e1ddeb1;DEBW_52210006Iok;ROOF;226;0,10;64,36;7,15;0,43;;2,57;DEBW_52210006Iok
UUID_9cae705a-ad2f-4e65-8459-30623f93e507;DEBW_52210004dlz;WALL;199;0,27;0,73;0,27;0,83;;2,57;DEBW_52210004dlz
UUID_5b4b4aa3-6970-475e-ba33-cc1c59fdc976;DEBW_52210004dlz;WALL;199;0,27;1,12;0,42;0,83;;2,57;DEBW_52210004dlz
UUID_8eacfa18-0a39-410b-9837-fd46dde02928;DEBW_52210004dlz;WALL;199;0,27;0,00;0,00;0,83;;2,57;DEBW_52210004dlz
UUID_d030e05e-0d07-4e15-ac8d-634d87c8631d;DEBW_52210004dlz;WALL;199;0,27;4,40;1,63;0,83;;2,57;DEBW_52210004dlz
UUID_f0afe627-afd4-4022-8d05-ccb0efc1b66e;DEBW_52210004dlz;WALL;199;0,27;10,75;3,98;0,83;;2,57;DEBW_52210004dlz
UUID_418924ab-443e-48a7-ae01-0adbeab84d23;DEBW_52210004dlz;WALL;199;0,27;0,32;0,12;0,83;;2,57;DEBW_52210004dlz
UUID_062d97b9-5f86-453e-9e29-c27ef96324a1;DEBW_52210004dlz;GROUND;150;0,00;40,62;0,00;0,62;;;DEBW_52210004dlz
UUID_f9bd9ae3-e389-4e06-a49d-8b1304026fb1;DEBW_52210004dlz;WALL;199;0,27;0,00;0,00;0,83;;2,57;DEBW_52210004dlz
UUID_35116477-7127-4a7d-9b37-cc2335fd941c;DEBW_52210004dlz;WALL;199;0,27;15,94;5,89;0,83;;2,57;DEBW_52210004dlz
UUID_4ca6d511-3fc3-4bda-8336-b0c8dd9382e7;DEBW_52210004dlz;ROOF;100;0,00;40,62;0,00;0,40;;2,57;DEBW_52210004dlz
UUID_d42c05e4-bf78-4d08-9a73-1ec8952eea09;DEBW_52210004dlz;WALL;199;0,27;0,79;0,29;0,83;;2,57;DEBW_52210004dlz
UUID_0319ff2b-d660-4fcb-8306-752f28c37985;DEBW_52210004dlz;WALL;199;0,27;0,72;0,26;0,83;;2,57;DEBW_52210004dlz
UUID_5b72d1f7-8cd4-4620-b92d-4c420a0e9682;DEBW_52210004dlz;WALL;199;0,27;17,17;6,35;0,83;;2,57;DEBW_52210004dlz
UUID_84b0ccd6-92e0-4af6-bfe0-07959fda54b5;DEBW_52210004dlz;WALL;199;0,27;0,81;0,30;0,83;;2,57;DEBW_52210004dlz
UUID_67d2976c-1be7-4d95-b370-5e135f6c96f0;DEBW_52210004dlz;WALL;199;0,27;0,07;0,03;0,83;;2,57;DEBW_52210004dlz
UUID_cd826e6b-b6c7-4e3d-9579-ca2562cf4802;DEBW_52210005gcQ;WALL;199;0,27;7,49;2,77;0,83;;2,57;DEBW_52210005gcQ
UUID_81342d64-2589-4c70-b473-2d1fbbf75abb;DEBW_52210005gcQ;GROUND;150;0,00;7,00;0,00;0,62;;;DEBW_52210005gcQ
UUID_ec459143-f5a5-4436-8289-e3525b502e78;DEBW_52210005gcQ;WALL;199;0,27;19,91;7,36;0,83;;2,57;DEBW_52210005gcQ
UUID_155347c7-39d5-4694-9cb6-4cb3eaf1d64c;DEBW_52210005gcQ;ROOF;226;0,10;7,11;0,79;0,43;;2,57;DEBW_52210005gcQ
UUID_5592716b-5e01-4e8e-bf4e-aed8143d176e;DEBW_52210005gcQ;WALL;199;0,27;7,31;2,70;0,83;;2,57;DEBW_52210005gcQ
UUID_7d710f12-22e8-4109-9aba-57f5dc622b58;DEBW_52210005gcQ;WALL;199;0,27;0,52;0,19;0,83;;2,57;DEBW_52210005gcQ
UUID_759c99cf-3ae8-4be6-acbf-597c191a6e2d;DEBW_52210004G6k;WALL;199;0,18;6,57;1,44;0,83;;2,57;DEBW_52210004G6k
UUID_a98a8ca1-967f-4733-bec7-7928a8fcb159;DEBW_52210004G6k;WALL;199;0,18;6,51;1,43;0,83;;2,57;DEBW_52210004G6k
UUID_10e30566-a51f-47bd-9a96-91b669e2b775;DEBW_52210004G6k;ROOF;226;0,10;70,56;7,84;0,43;;2,57;DEBW_52210004G6k
UUID_dd423a45-03da-41ed-ae2e-7340a22dfbd5;DEBW_52210004G6k;WALL;199;0,18;0,81;0,18;0,83;;2,57;DEBW_52210004G6k
UUID_9c15fc74-3037-4d62-92e4-e8a4bf5fa650;DEBW_52210004G6k;WALL;199;0,18;27,23;5,98;0,83;;2,57;DEBW_52210004G6k
UUID_2fb6c1a9-3d5d-4f8a-af79-33996643dcca;DEBW_52210004G6k;GROUND;150;0,00;107,72;0,00;0,62;;;DEBW_52210004G6k
UUID_45969ee2-84bf-4319-8d07-b113b4cf4f03;DEBW_52210004G6k;WALL;199;0,18;22,16;4,87;0,83;;2,57;DEBW_52210004G6k
UUID_ed87da48-dc3a-4763-9bdc-86415295aa27;DEBW_52210004G6k;WALL;199;0,18;48,90;10,73;0,83;;2,57;DEBW_52210004G6k
UUID_72375ffe-6a98-4344-8ea8-18856448aa20;DEBW_52210004G6k;WALL;199;0,18;22,00;4,83;0,83;;2,57;DEBW_52210004G6k
UUID_32300458-da4f-4c28-af68-66586f42c44c;DEBW_52210004G6k;WALL;199;0,18;3,69;0,81;0,83;;2,57;DEBW_52210004G6k
UUID_22e8b07c-342f-4520-a812-e94a79c44d19;DEBW_52210004G6k;ROOF;226;0,10;64,09;7,12;0,43;;2,57;DEBW_52210004G6k
UUID_d83b19df-9483-48c4-a0b0-ff3b3b78d2cd;DEBW_52210004G6k;WALL;199;0,18;29,47;6,47;0,83;;2,57;DEBW_52210004G6k
UUID_00062e5f-2047-43bb-ac1c-f9397b92dfbb;DEBW_52210004G6k;WALL;199;0,18;78,62;17,26;0,83;;2,57;DEBW_52210004G6k
UUID_522d8825-ccb8-48fe-af31-7617cbfbf766;DEBW_52210004G6k;WALL;199;0,18;6,81;1,50;0,83;;2,57;DEBW_52210004G6k
UUID_b4b51c64-cd07-46ce-9727-3d9632c56e50;DEBW_52210004G6k;WALL;199;0,18;32,66;7,17;0,83;;2,57;DEBW_52210004G6k
UUID_2fbfa32c-09d4-46a0-b852-52a53dea4fa5;DEBW_52210004G6k;WALL;199;0,18;6,54;1,44;0,83;;2,57;DEBW_52210004G6k
UUID_e9f731f4-0788-4632-932f-763215c3f7cd;DEBW_522100063Wb;WALL;199;0,14;8,22;1,34;0,83;;2,57;DEBW_522100063Wb
UUID_ce12460b-81a3-4677-8cb1-7b10adb70904;DEBW_522100063Wb;GROUND;150;0,00;29,27;0,00;0,62;;;DEBW_522100063Wb
UUID_f2953184-0348-4371-9cd7-4ec80efd142d;DEBW_522100063Wb;WALL;199;0,14;0,28;0,05;0,83;;2,57;DEBW_522100063Wb
UUID_7a0c7b74-7e06-48df-a0d4-b6181862c382;DEBW_522100063Wb;WALL;199;0,14;9,49;1,54;0,83;;2,57;DEBW_522100063Wb
UUID_c9ba2be4-5ce0-449d-8edb-219fdae22af3;DEBW_522100063Wb;WALL;199;0,14;10,51;1,71;0,83;;2,57;DEBW_522100063Wb
UUID_1641b33e-fde3-45f1-ab63-bf2d65492c7c;DEBW_522100063Wb;WALL;199;0,14;6,03;0,98;0,83;;2,57;DEBW_522100063Wb
UUID_bc6341a2-6366-40f3-900d-5b2a1eb9c4fc;DEBW_522100063Wb;WALL;199;0,14;0,86;0,14;0,83;;2,57;DEBW_522100063Wb
UUID_e9a3dc8d-bcd0-4507-a0a0-adc9e54d9615;DEBW_522100063Wb;ROOF;226;0,10;26,36;2,93;0,43;;2,57;DEBW_522100063Wb
UUID_e8b8e19e-71bc-45a7-87a1-38c17557384c;DEBW_522100060Xq;ROOF;226;0,10;45,89;5,10;0,43;;2,57;DEBW_522100060Xq
UUID_1270b4a7-4036-4b04-8ae1-2c4d4abcd585;DEBW_522100060Xq;ROOF;226;0,10;43,52;4,84;0,43;;2,57;DEBW_522100060Xq
UUID_479ee438-2ecb-456e-be7a-050be264779a;DEBW_522100060Xq;WALL;199;0,14;23,04;3,75;0,83;;2,57;DEBW_522100060Xq
UUID_fe880685-c207-48bf-9cab-3b5ad0b09045;DEBW_522100060Xq;WALL;199;0,14;29,08;4,73;0,83;;2,57;DEBW_522100060Xq
UUID_250c5555-0ebe-4e83-8c69-acc7f294527a;DEBW_522100060Xq;WALL;199;0,14;6,83;1,11;0,83;;2,57;DEBW_522100060Xq
UUID_68b21524-4774-4e67-ae2f-e34c9ff879d5;DEBW_522100060Xq;WALL;199;0,14;52,47;8,54;0,83;;2,57;DEBW_522100060Xq
UUID_b34e1746-a57a-4c0d-ac96-00cea3c5aee6;DEBW_522100060Xq;WALL;199;0,14;46,97;7,65;0,83;;2,57;DEBW_522100060Xq
UUID_eae318cb-ccb4-4d7c-948b-fe77b7239d6d;DEBW_522100060Xq;GROUND;150;0,00;66,15;0,00;0,62;;;DEBW_522100060Xq
UUID_cdb255f2-c667-4ad0-ab9a-93f20f3cac95;DEBW_522100060Xq;WALL;199;0,14;26,37;4,29;0,83;;2,57;DEBW_522100060Xq
UUID_f9ba9a13-0fb1-435e-baca-01a7de0349ce;DEBW_522100060Xq;WALL;199;0,14;27,64;4,50;0,83;;2,57;DEBW_522100060Xq
UUID_7dd650ac-0133-4421-9fc2-853a8a07af4d;DEBW_52210006GkA;GROUND;150;0,00;107,56;0,00;0,62;;;DEBW_52210006GkA
UUID_04927d9c-8e77-4365-bb46-9ac1da659059;DEBW_52210006GkA;WALL;199;0,18;17,46;3,83;0,83;;2,57;DEBW_52210006GkA
UUID_a011c881-8504-4744-91ca-13597bcbd129;DEBW_52210006GkA;ROOF;226;0,10;62,35;6,93;0,43;;2,57;DEBW_52210006GkA
UUID_548a5d91-80a6-4808-8c45-a7821bbf9c38;DEBW_52210006GkA;WALL;199;0,18;82,43;18,09;0,83;;2,57;DEBW_52210006GkA
UUID_3b7b1649-27c3-4fb7-924c-1da1a66d2d8f;DEBW_52210006GkA;WALL;199;0,18;83,28;18,28;0,83;;2,57;DEBW_52210006GkA
UUID_07976552-ff7f-4755-ac12-7ec594dcc1eb;DEBW_52210006GkA;WALL;199;0,18;40,89;8,98;0,83;;2,57;DEBW_52210006GkA
UUID_0207b493-d411-4671-a4fc-2614eff824d7;DEBW_52210006GkA;ROOF;226;0,10;66,99;7,44;0,43;;2,57;DEBW_52210006GkA
UUID_f58576c0-95f1-415c-90d4-90ab8ff6a48b;DEBW_52210006GkA;WALL;199;0,18;0,96;0,21;0,83;;2,57;DEBW_52210006GkA
UUID_a012bdba-6983-464e-a8c0-ab302df6a927;DEBW_52210006GkA;WALL;199;0,18;3,25;0,71;0,83;;2,57;DEBW_52210006GkA
UUID_6de70641-ef86-44b1-ad0f-2c35c3f4742a;DEBW_52210006GkA;WALL;199;0,18;22,81;5,01;0,83;;2,57;DEBW_52210006GkA
UUID_c1a143f3-1c75-4e97-a3a8-86581f128844;DEBW_52210006GkA;WALL;199;0,18;38,95;8,55;0,83;;2,57;DEBW_52210006GkA
UUID_76c078d7-436b-4281-b685-94c490af2e65;DEBW_52210003udj;WALL;199;0,14;17,55;2,86;0,83;;2,57;DEBW_52210003udj
UUID_e5452dbb-22a2-4880-ac43-29051419a535;DEBW_52210003udj;WALL;199;0,14;51,67;8,41;0,83;;2,57;DEBW_52210003udj
UUID_6a7d5969-8371-44a5-9934-3853cd3a4fc5;DEBW_52210003udj;WALL;199;0,14;55,51;9,04;0,83;;2,57;DEBW_52210003udj
UUID_6bd4883b-38f3-4666-9897-ad145f44be81;DEBW_52210003udj;WALL;199;0,14;17,41;2,83;0,83;;2,57;DEBW_52210003udj
UUID_6cab1d2c-a116-47fe-9858-63d0bfcf35b0;DEBW_52210003udj;ROOF;226;0,10;43,13;4,79;0,43;;2,57;DEBW_52210003udj
UUID_b92d7750-b909-47c8-bef0-a1f213079207;DEBW_52210003udj;WALL;199;0,14;20,13;3,28;0,83;;2,57;DEBW_52210003udj
UUID_a563e7ca-596c-4eeb-ae92-69dd5a2a758d;DEBW_52210003udj;WALL;199;0,14;20,05;3,26;0,83;;2,57;DEBW_52210003udj
UUID_dda30fdb-b0df-40b1-896a-1058b49f2142;DEBW_52210003udj;ROOF;226;0,10;37,02;4,11;0,43;;2,57;DEBW_52210003udj
UUID_c5d8b9c9-eb08-40d7-953c-7ac0d87983cb;DEBW_52210003udj;GROUND;150;0,00;61,24;0,00;0,62;;;DEBW_52210003udj
UUID_d4a963e8-4123-429d-95b1-c7ade067d698;DEBW_522100060ZI;WALL;199;0,14;10,80;1,76;0,83;;2,57;DEBW_522100060ZI
UUID_aead3174-b2da-4d0a-8117-622a477dd9f5;DEBW_522100060ZI;WALL;199;0,14;32,92;5,36;0,83;;2,57;DEBW_522100060ZI
UUID_fde34d4e-4488-410d-a4b3-3b606f3db7c6;DEBW_522100060ZI;WALL;199;0,14;6,24;1,02;0,83;;2,57;DEBW_522100060ZI
UUID_13cb8d2e-f034-4ab6-9e27-5c0463049cd0;DEBW_522100060ZI;WALL;199;0,14;4,54;0,74;0,83;;2,57;DEBW_522100060ZI
UUID_ec8033e6-c723-4e90-8686-4b640024b2ee;DEBW_522100060ZI;GROUND;150;0,00;92,61;0,00;0,62;;;DEBW_522100060ZI
UUID_091fe806-70a1-4bc8-9b3f-ab2437911438;DEBW_522100060ZI;ROOF;94;0,00;92,61;0,00;0,43;;2,57;DEBW_522100060ZI
UUID_6d5e73de-887b-4ecd-ba37-9b4f0a6f83ba;DEBW_522100060ZI;WALL;199;0,14;32,94;5,36;0,83;;2,57;DEBW_522100060ZI
UUID_3ec4f62e-f993-4998-9e88-6c612dce2c59;DEBW_52210004dvl;WALL;199;0,18;28,15;6,18;0,83;;2,57;DEBW_52210004dvl
UUID_051c9874-a475-4e91-91f3-4f062f771a65;DEBW_52210004dvl;WALL;199;0,18;18,31;4,02;0,83;;2,57;DEBW_52210004dvl
UUID_df2ea410-cc4f-4550-8614-87d06655d988;DEBW_52210004dvl;WALL;199;0,18;46,91;10,30;0,83;;2,57;DEBW_52210004dvl
UUID_166a7d1e-841b-4cdb-a067-1f4aff31ed7f;DEBW_52210004dvl;WALL;199;0,18;60,81;13,35;0,83;;2,57;DEBW_52210004dvl
UUID_ac926d23-eb2b-4838-b25e-f8f100936d26;DEBW_52210004dvl;WALL;199;0,18;9,17;2,01;0,83;;2,57;DEBW_52210004dvl
UUID_7b9070c0-2a15-4bfc-8635-b0d5345c1015;DEBW_52210004dvl;WALL;199;0,18;46,66;10,24;0,83;;2,57;DEBW_52210004dvl
UUID_71757035-76e3-4c91-bdcb-838f8bfe51b2;DEBW_52210004dvl;ROOF;226;0,10;84,70;9,41;0,43;;2,57;DEBW_52210004dvl
UUID_dc240c99-6420-4c07-8b7e-d6fa67a4c4da;DEBW_52210004dvl;WALL;199;0,18;8,29;1,82;0,83;;2,57;DEBW_52210004dvl
UUID_81bb3b30-1ebc-4af5-8d05-a6728dd49156;DEBW_52210004dvl;WALL;199;0,18;56,00;12,29;0,83;;2,57;DEBW_52210004dvl
UUID_d586a1dd-73a3-43e3-be0b-a1c5de63f814;DEBW_52210004dvl;WALL;199;0,18;63,73;13,99;0,83;;2,57;DEBW_52210004dvl
UUID_ebf293d0-daab-4168-a92d-3a44a87217cd;DEBW_52210004dvl;WALL;199;0,18;6,19;1,36;0,83;;2,57;DEBW_52210004dvl
UUID_7031c454-d729-4931-a753-fbc0d02cd6be;DEBW_52210004dvl;WALL;199;0,18;56,05;12,30;0,83;;2,57;DEBW_52210004dvl
UUID_87063c05-f7a1-4995-8eb2-bc64b514d75d;DEBW_52210004dvl;ROOF;226;0,10;85,17;9,46;0,43;;2,57;DEBW_52210004dvl
UUID_aab03901-af95-41c1-a646-77f80ace0993;DEBW_52210004dvl;GROUND;150;0,00;132,35;0,00;0,62;;;DEBW_52210004dvl
UUID_f53cec7b-b8fb-44ea-92f6-c49f788f3568;DEBW_5221000642o;GROUND;150;0,00;36,52;0,00;0,62;;;DEBW_5221000642o
UUID_a6a43455-b692-4f2a-9a36-6c54316704a6;DEBW_5221000642o;WALL;199;0,27;17,85;6,60;0,83;;2,57;DEBW_5221000642o
UUID_abbc2d0c-e7b8-4d4b-a5ca-8e1976347dc3;DEBW_5221000642o;WALL;199;0,27;15,10;5,58;0,83;;2,57;DEBW_5221000642o
UUID_e36f290e-0c51-40e9-af4d-ab41a79a2120;DEBW_5221000642o;WALL;199;0,27;0,58;0,22;0,83;;2,57;DEBW_5221000642o
UUID_007e5a6e-97aa-4edf-8967-814f6fd00324;DEBW_5221000642o;ROOF;100;0,00;36,52;0,00;0,40;;2,57;DEBW_5221000642o
UUID_04461104-f95c-45f6-afcf-a784a9d0d120;DEBW_5221000642o;WALL;199;0,27;2,56;0,95;0,83;;2,57;DEBW_5221000642o
UUID_d4106470-d1ef-4055-a8cf-e4f46ee98ce5;DEBW_5221000642o;WALL;199;0,27;16,23;6,00;0,83;;2,57;DEBW_5221000642o
UUID_7458cf1d-d369-452a-baec-dfd80bf885e4;DEBW_5221000642o;WALL;199;0,27;1,22;0,45;0,83;;2,57;DEBW_5221000642o
UUID_3d1c6e51-3cf1-4e72-9804-fc0c7fb27912;DEBW_522100060bU;WALL;199;0,14;14,12;2,30;0,83;;2,57;DEBW_522100060bU
UUID_0e164a87-02f7-4d98-9986-559b1f7417d0;DEBW_522100060bU;GROUND;150;0,00;42,50;0,00;0,62;;;DEBW_522100060bU
UUID_afdf1934-0b25-45ad-9bae-647c31d13c81;DEBW_522100060bU;WALL;199;0,14;16,40;2,67;0,83;;2,57;DEBW_522100060bU
UUID_1f12694a-a010-4ab7-bea1-33119d9f7cb9;DEBW_522100060bU;WALL;199;0,14;16,34;2,66;0,83;;2,57;DEBW_522100060bU
UUID_49b4a90c-7760-4537-9e8b-2e1213cd17c5;DEBW_522100060bU;WALL;199;0,14;14,09;2,29;0,83;;2,57;DEBW_522100060bU
UUID_016e942a-ebff-49fe-a49e-57bf4d197cd1;DEBW_522100060bU;ROOF;94;0,00;42,50;0,00;0,43;;2,57;DEBW_522100060bU
UUID_c6588498-87da-4125-a36b-f8a20e99ad16;DEBW_52210003uli;ROOF;100;0,00;30,52;0,00;0,40;;2,57;DEBW_52210003uli
UUID_51fdb577-2bac-42b8-bba2-51e5066966a5;DEBW_52210003uli;WALL;199;0,27;14,28;5,28;0,83;;2,57;DEBW_52210003uli
UUID_91438be3-064b-4604-a206-8c14b82cf960;DEBW_52210003uli;GROUND;150;0,00;30,52;0,00;0,62;;;DEBW_52210003uli
UUID_823346a9-edf6-495c-8452-3f8d4f840d36;DEBW_52210003uli;WALL;199;0,27;2,04;0,76;0,83;;2,57;DEBW_52210003uli
UUID_f4fdf053-d233-4b6f-97b7-40428b4e3197;DEBW_52210003uli;WALL;199;0,27;14,33;5,30;0,83;;2,57;DEBW_52210003uli
UUID_3b7c0033-c002-48b0-bf22-62b64ad8daeb;DEBW_52210003uli;WALL;199;0,27;16,92;6,26;0,83;;2,57;DEBW_52210003uli
UUID_142e1ee9-ac56-4e98-959c-ced7417a0cf5;DEBW_52210006IxM;WALL;112;0,18;6,00;1,32;0,87;;2,57;DEBW_52210006IxM
UUID_1c305db9-7fdf-4f9b-a212-ebd2027d15fb;DEBW_52210006IxM;WALL;112;0,18;13,93;3,06;0,87;;2,57;DEBW_52210006IxM
UUID_053300fa-3210-4ef0-a9c7-1b3b75378ef8;DEBW_52210006IxM;ROOF;226;0,10;44,32;4,92;0,43;;2,57;DEBW_52210006IxM
UUID_578aae4f-42a4-4d9e-befe-f06ab4dc2e51;DEBW_52210006IxM;WALL;112;0,18;33,64;7,38;0,87;;2,57;DEBW_52210006IxM
UUID_41ed3043-0399-422d-b7c5-4bf5cbc3c548;DEBW_52210006IxM;WALL;112;0,18;7,87;1,73;0,87;;2,57;DEBW_52210006IxM
UUID_c2a1dcc1-d048-41bf-af7c-59aa68cc63e9;DEBW_52210006IxM;ROOF;226;0,10;6,05;0,67;0,43;;2,57;DEBW_52210006IxM
UUID_241ebaef-9d80-4135-b98b-1437ae8b33b9;DEBW_52210006IxM;WALL;112;0,18;3,60;0,79;0,87;;2,57;DEBW_52210006IxM
UUID_44331c6d-16b8-40ba-93bd-1b4b49a69bfc;DEBW_52210006IxM;WALL;112;0,18;28,27;6,21;0,87;;2,57;DEBW_52210006IxM
UUID_38326b0c-5a99-4134-9e33-5ef83c17c6f2;DEBW_52210006IxM;WALL;112;0,18;20,32;4,46;0,87;;2,57;DEBW_52210006IxM
UUID_bc747078-f470-4f8a-8bec-ca13fac55a38;DEBW_52210006IxM;WALL;112;0,18;4,67;1,03;0,87;;2,57;DEBW_52210006IxM
UUID_dc9a1340-edcd-4b56-beae-a3d847e1a08e;DEBW_52210006IxM;WALL;112;0,18;6,47;1,42;0,87;;2,57;DEBW_52210006IxM
UUID_a1e94148-c2be-4eb6-b94e-d0e675f81c5b;DEBW_52210006IxM;WALL;112;0,18;5,34;1,17;0,87;;2,57;DEBW_52210006IxM
UUID_6a69c089-db22-4294-be6d-eadb2d7fea15;DEBW_52210006IxM;WALL;112;0,18;4,10;0,90;0,87;;2,57;DEBW_52210006IxM
UUID_22ca8238-3199-437c-b102-63938f814b42;DEBW_52210006IxM;WALL;112;0,18;46,96;10,31;0,87;;2,57;DEBW_52210006IxM
UUID_b5ae32db-b6e9-4035-8e1d-3a8cf5e80c0e;DEBW_52210006IxM;WALL;112;0,18;12,15;2,67;0,87;;2,57;DEBW_52210006IxM
UUID_6f8d2bba-69f8-4c28-bde9-897ea13de87d;DEBW_52210006IxM;WALL;112;0,18;7,93;1,74;0,87;;2,57;DEBW_52210006IxM
UUID_4bfff730-d520-420d-8b45-32863b195a1f;DEBW_52210006IxM;GROUND;150;0,00;355,06;0,00;0,62;;;DEBW_52210006IxM
UUID_b62a582c-6b13-4088-aa8c-f4775f036634;DEBW_52210006IxM;WALL;112;0,18;3,55;0,78;0,87;;2,57;DEBW_52210006IxM
UUID_8ee6c6e2-bb82-4e1d-b8bf-572c996df87b;DEBW_52210006IxM;WALL;112;0,18;30,41;6,67;0,87;;2,57;DEBW_52210006IxM
UUID_964165f3-6dc9-4cd6-bee1-d87f685d4f4b;DEBW_52210006IxM;WALL;112;0,18;62,03;13,62;0,87;;2,57;DEBW_52210006IxM
UUID_98752490-7454-4e50-81a6-aab0af654778;DEBW_52210006IxM;WALL;112;0,18;30,97;6,80;0,87;;2,57;DEBW_52210006IxM
UUID_74679b03-d911-462c-924d-3d9ace0a2f52;DEBW_52210006IxM;WALL;112;0,18;24,30;5,33;0,87;;2,57;DEBW_52210006IxM
UUID_e7adabec-9430-4c8e-8da4-2e030fe97bb6;DEBW_52210006IxM;WALL;112;0,18;53,72;11,79;0,87;;2,57;DEBW_52210006IxM
UUID_05b7b1b9-dee7-4aef-ab7f-11936c80f21a;DEBW_52210006IxM;WALL;112;0,18;4,17;0,91;0,87;;2,57;DEBW_52210006IxM
UUID_d1ac902f-98b2-4e66-b9fc-c87d45b8238f;DEBW_52210006IxM;WALL;112;0,18;3,47;0,76;0,87;;2,57;DEBW_52210006IxM
UUID_6b19db49-4d6c-49b8-a730-5cd872db9d5c;DEBW_52210006IxM;WALL;112;0,18;25,99;5,70;0,87;;2,57;DEBW_52210006IxM
UUID_185fb52c-8340-48e1-8bca-0e120bd05f35;DEBW_52210006IxM;WALL;112;0,18;51,42;11,29;0,87;;2,57;DEBW_52210006IxM
UUID_d08a3d8f-4eea-446a-bf92-e0105a468a2b;DEBW_52210006IxM;WALL;112;0,18;28,20;6,19;0,87;;2,57;DEBW_52210006IxM
UUID_deaadd46-b083-4ee6-8480-5f249d55c7c5;DEBW_52210006IxM;WALL;112;0,18;13,27;2,91;0,87;;2,57;DEBW_52210006IxM
UUID_bf7899d8-55d1-4781-9f17-cc193b260bc3;DEBW_52210006IxM;WALL;112;0,18;6,54;1,43;0,87;;2,57;DEBW_52210006IxM
UUID_eae6fa31-7866-4604-b81d-f8e3998bdd84;DEBW_52210006IxM;ROOF;226;0,10;196,93;21,88;0,43;;2,57;DEBW_52210006IxM
UUID_e8553bad-07cc-401d-8282-444f6dc75602;DEBW_52210006IxM;WALL;112;0,18;3,01;0,66;0,87;;2,57;DEBW_52210006IxM
UUID_35c9b9b4-bafa-4f4c-ba49-830ab3281f93;DEBW_52210006IxM;WALL;112;0,18;6,55;1,44;0,87;;2,57;DEBW_52210006IxM
UUID_b7c16a92-242e-4b19-877f-cd529b2c82ee;DEBW_52210006IxM;WALL;112;0,18;22,36;4,91;0,87;;2,57;DEBW_52210006IxM
UUID_9f157db5-b57e-4e9c-9f6d-bf1fa0e8710a;DEBW_52210006IxM;WALL;112;0,18;26,48;5,81;0,87;;2,57;DEBW_52210006IxM
UUID_b05ae016-3404-4c9b-95ee-4411a5b0da60;DEBW_52210006IxM;WALL;112;0,18;29,84;6,55;0,87;;2,57;DEBW_52210006IxM
UUID_3b6caaca-e354-4063-a01f-5181bf6009d8;DEBW_52210006IxM;WALL;112;0,18;18,94;4,16;0,87;;2,57;DEBW_52210006IxM
UUID_32f56ee5-87b3-4018-bece-e1a29ff46491;DEBW_52210006IxM;WALL;112;0,18;11,53;2,53;0,87;;2,57;DEBW_52210006IxM
UUID_afafa1b2-651b-449d-ba4d-5d9376955cad;DEBW_52210006IxM;WALL;112;0,18;3,15;0,69;0,87;;2,57;DEBW_52210006IxM
UUID_46d983f4-f764-4c36-b171-43e6a0aaf3fd;DEBW_52210006IxM;WALL;112;0,18;36,64;8,04;0,87;;2,57;DEBW_52210006IxM
UUID_e907f357-ae8a-4cf0-bd60-df58365a6a43;DEBW_52210006IxM;WALL;112;0,18;16,88;3,70;0,87;;2,57;DEBW_52210006IxM
UUID_d0b41cf6-1cb0-40a8-80f8-3f5ecc7eadc7;DEBW_52210006IxM;WALL;112;0,18;2,97;0,65;0,87;;2,57;DEBW_52210006IxM
UUID_aa0c3f75-a1db-4013-954f-9606338e7ed2;DEBW_52210006IxM;WALL;112;0,18;8,19;1,80;0,87;;2,57;DEBW_52210006IxM
UUID_28fd612a-ee6f-4096-8c96-fdd590c2beab;DEBW_52210006IxM;WALL;112;0,18;53,32;11,70;0,87;;2,57;DEBW_52210006IxM
UUID_f6323730-5fbc-48dd-a69d-ee90d2e4f644;DEBW_52210006IxM;WALL;112;0,18;0,00;0,00;0,87;;2,57;DEBW_52210006IxM
UUID_f26d3dc5-3e75-4070-ae04-e2b06d39c517;DEBW_52210006IxM;ROOF;226;0,10;174,48;19,39;0,43;;2,57;DEBW_52210006IxM
UUID_b760e5ae-efaf-4116-9a55-f052c251f175;DEBW_52210004e4u;WALL;199;0,14;0,40;0,06;0,83;;2,57;DEBW_52210004e4u
UUID_29f5ebc5-b3d5-4572-b6ff-b314c559e348;DEBW_52210004e4u;ROOF;226;0,10;33,55;3,73;0,43;;2,57;DEBW_52210004e4u
UUID_ab13353a-c011-40cb-adb8-1509be5dd9e8;DEBW_52210004e4u;WALL;199;0,14;12,56;2,05;0,83;;2,57;DEBW_52210004e4u
UUID_c43fe87a-0175-4743-b8c1-f9a7ce4e788b;DEBW_52210004e4u;WALL;199;0,14;13,33;2,17;0,83;;2,57;DEBW_52210004e4u
UUID_484b0029-993a-4efd-9683-2d3c948ebadf;DEBW_52210004e4u;WALL;199;0,14;12,94;2,11;0,83;;2,57;DEBW_52210004e4u
UUID_00e2e335-0642-4e67-a08e-c28602058301;DEBW_52210004e4u;WALL;199;0,14;0,36;0,06;0,83;;2,57;DEBW_52210004e4u
UUID_0ec61da5-8306-41f9-b7b8-093853368638;DEBW_52210004e4u;GROUND;150;0,00;37,28;0,00;0,62;;;DEBW_52210004e4u
UUID_6ed5930a-5bbb-40a7-ae0f-2e42fb86c447;DEBW_52210004e4u;WALL;199;0,14;12,97;2,11;0,83;;2,57;DEBW_52210004e4u
UUID_43a15033-accb-4272-942c-b56f9daa927c;DEBW_52210006HCZ;WALL;199;0,18;26,07;5,72;0,83;;2,57;DEBW_52210006HCZ
UUID_0d8fc733-a1fe-4191-9a7d-88c604c4e0d5;DEBW_52210006HCZ;WALL;199;0,18;57,22;12,56;0,83;;2,57;DEBW_52210006HCZ
UUID_2734c19b-c0fd-4a3a-afec-cb781fa48032;DEBW_52210006HCZ;WALL;199;0,18;58,53;12,85;0,83;;2,57;DEBW_52210006HCZ
UUID_6fcbd9d0-5151-4a80-ba01-5a6a9360d1d7;DEBW_52210006HCZ;ROOF;226;0,10;100,19;11,13;0,43;;2,57;DEBW_52210006HCZ
UUID_0d09b45d-641c-4000-ab5c-2e9799d5d54e;DEBW_52210006HCZ;WALL;199;0,18;11,80;2,59;0,83;;2,57;DEBW_52210006HCZ
UUID_e254d350-9090-4b19-a70e-7a510ab3c4da;DEBW_52210006HCZ;GROUND;150;0,00;167,65;0,00;0,62;;;DEBW_52210006HCZ
UUID_2fc45a02-55a5-42e3-8ba9-630bc3752326;DEBW_52210006HCZ;WALL;199;0,18;57,25;12,57;0,83;;2,57;DEBW_52210006HCZ
UUID_fb6bfc08-f494-4144-a267-cb353a3f0dd6;DEBW_52210006HCZ;WALL;199;0,18;96,24;21,13;0,83;;2,57;DEBW_52210006HCZ
UUID_f9dd4bcd-9aa7-4c1c-a81c-d5361dd95d48;DEBW_52210006HCZ;ROOF;226;0,10;95,86;10,65;0,43;;2,57;DEBW_52210006HCZ
UUID_28a11282-7f9e-4105-897a-eae173c6e2c7;DEBW_52210006HCZ;WALL;199;0,18;56,46;12,39;0,83;;2,57;DEBW_52210006HCZ
UUID_7de92671-a24e-45a4-85f1-d5968fb0f7f2;DEBW_52210006HCZ;WALL;199;0,18;1,96;0,43;0,83;;2,57;DEBW_52210006HCZ
UUID_1a8bb514-7e7d-44b0-819f-6a7bbed518e5;DEBW_52210006HCZ;WALL;199;0,18;31,42;6,90;0,83;;2,57;DEBW_52210006HCZ
UUID_4826c897-1853-4c07-b8dc-7781b0aa2fed;DEBW_52210004e9B;WALL;199;0,14;8,38;1,36;0,83;;2,57;DEBW_52210004e9B
UUID_0212f8a7-f8cf-471f-81b5-c962db151b28;DEBW_52210004e9B;ROOF;94;0,00;66,20;0,00;0,43;;2,57;DEBW_52210004e9B
UUID_9de09ceb-cb01-4f1b-80a0-b21a67752c9d;DEBW_52210004e9B;WALL;199;0,14;19,16;3,12;0,83;;2,57;DEBW_52210004e9B
UUID_d626dca9-2bda-4c12-883b-eb7dcf3d595a;DEBW_52210004e9B;WALL;199;0,14;18,56;3,02;0,83;;2,57;DEBW_52210004e9B
UUID_02da8941-8c61-4ba7-bcdf-06333cc9867c;DEBW_52210004e9B;WALL;199;0,14;21,87;3,56;0,83;;2,57;DEBW_52210004e9B
UUID_037eb7af-cdaa-46a7-bfc4-ccbf83bc6149;DEBW_52210004e9B;GROUND;150;0,00;66,20;0,00;0,62;;;DEBW_52210004e9B
UUID_8c7eaf97-2ba3-47d7-a0f1-cf0545d0492c;DEBW_52210004e9B;WALL;199;0,14;29,88;4,86;0,83;;2,57;DEBW_52210004e9B
UUID_92f29a2a-f75c-41a1-bf5b-153245f22e2f;DEBW_52210005h0S;ROOF;226;0,10;3,72;0,41;0,43;;2,57;DEBW_52210005h0S
UUID_ddd515f5-3d6d-4de4-8eef-7237016fd7ff;DEBW_52210005h0S;WALL;199;0,27;0,09;0,03;0,83;;2,57;DEBW_52210005h0S
UUID_9b68f452-cd7f-4c61-8df3-5cd81f247d6b;DEBW_52210005h0S;WALL;199;0,27;9,00;3,33;0,83;;2,57;DEBW_52210005h0S
UUID_c1acb71f-5777-4727-8039-04862224aaaf;DEBW_52210005h0S;WALL;199;0,27;0,37;0,14;0,83;;2,57;DEBW_52210005h0S
UUID_0972c70e-2698-4819-862b-9115b29073cb;DEBW_52210005h0S;WALL;199;0,27;17,36;6,42;0,83;;2,57;DEBW_52210005h0S
UUID_b37bab9d-8a8d-4ee6-a375-48d9667862d0;DEBW_52210005h0S;GROUND;150;0,00;3,92;0,00;0,62;;;DEBW_52210005h0S
UUID_55387cae-1a98-4a2b-adab-f97cf9007f6c;DEBW_52210005yjZ;WALL;199;0,18;1,01;0,22;0,83;;2,57;DEBW_52210005yjZ
UUID_8e860668-b53f-4a28-a2e7-f207d346eb80;DEBW_52210005yjZ;GROUND;150;0,00;142,21;0,00;0,62;;;DEBW_52210005yjZ
UUID_3b8a261a-476a-458a-b1cf-df67668c001e;DEBW_52210005yjZ;ROOF;226;0,10;62,20;6,91;0,43;;2,57;DEBW_52210005yjZ
UUID_eb36992b-8af6-4a7c-ab63-850c290e9438;DEBW_52210005yjZ;ROOF;226;0,10;20,74;2,30;0,43;;2,57;DEBW_52210005yjZ
UUID_c5b56717-c5af-405c-9a6d-400f9237d141;DEBW_52210005yjZ;WALL;199;0,18;2,33;0,51;0,83;;2,57;DEBW_52210005yjZ
UUID_ef151e24-18c9-4838-912b-b0d21debf841;DEBW_52210005yjZ;ROOF;226;0,10;20,15;2,24;0,43;;2,57;DEBW_52210005yjZ
UUID_9d764139-528c-4c73-9f84-47552e243b04;DEBW_52210005yjZ;ROOF;226;0,10;63,64;7,07;0,43;;2,57;DEBW_52210005yjZ
UUID_4a19e3a3-45e9-4c75-ad53-0263af81de43;DEBW_52210005yjZ;ROOF;226;0,10;0,24;0,03;0,43;;2,57;DEBW_52210005yjZ
UUID_0b1ae469-d2f8-412c-b153-d07cafc2598f;DEBW_52210005yjZ;WALL;199;0,18;70,59;15,50;0,83;;2,57;DEBW_52210005yjZ
UUID_9defd814-4469-4c30-8812-ec7331443019;DEBW_52210005yjZ;WALL;199;0,18;100,35;22,03;0,83;;2,57;DEBW_52210005yjZ
UUID_60570617-7711-41fd-870b-76deface4556;DEBW_52210005yjZ;WALL;199;0,18;38,68;8,49;0,83;;2,57;DEBW_52210005yjZ
UUID_9f10223f-487d-4440-a7de-da16003c1eb3;DEBW_52210005yjZ;WALL;199;0,18;55,41;12,16;0,83;;2,57;DEBW_52210005yjZ
UUID_da77f9a8-1315-4f7d-a2b0-e3b5034e9a33;DEBW_52210005yjZ;WALL;199;0,18;1,51;0,33;0,83;;2,57;DEBW_52210005yjZ
UUID_87295a41-3464-4631-800d-c5ebc1ca1f68;DEBW_52210005yjZ;WALL;199;0,18;2,06;0,45;0,83;;2,57;DEBW_52210005yjZ
UUID_7f395d1a-c140-448d-93a1-89a486f4f78c;DEBW_52210005yjZ;ROOF;226;0,10;0,65;0,07;0,43;;2,57;DEBW_52210005yjZ
UUID_b236ce92-6d50-4858-b173-e0caaa97432f;DEBW_52210005yjZ;WALL;199;0,18;69,31;15,22;0,83;;2,57;DEBW_52210005yjZ
UUID_38d37504-e0be-4fbc-a0ef-07c23646ec0b;DEBW_5221000647b;WALL;199;0,18;0,38;0,08;0,83;;2,57;DEBW_5221000647b
UUID_5da72b6d-690b-42ce-b367-bf8c3768d5fe;DEBW_5221000647b;WALL;199;0,18;9,10;2,00;0,83;;2,57;DEBW_5221000647b
UUID_029ed763-a906-4327-a07e-cce9a08e6e20;DEBW_5221000647b;WALL;199;0,18;43,97;9,65;0,83;;2,57;DEBW_5221000647b
UUID_12627063-144c-470e-8555-813b136da200;DEBW_5221000647b;GROUND;150;0,00;111,63;0,00;0,62;;;DEBW_5221000647b
UUID_58c18ab0-98b3-41eb-9072-1cbea9beeb77;DEBW_5221000647b;WALL;199;0,18;13,06;2,87;0,83;;2,57;DEBW_5221000647b
UUID_fc8891bb-5f1d-4ecd-940d-662c5bfafb96;DEBW_5221000647b;WALL;199;0,18;39,39;8,65;0,83;;2,57;DEBW_5221000647b
UUID_74bba1fc-545a-428d-aac2-e772fb42ad09;DEBW_5221000647b;WALL;199;0,18;0,51;0,11;0,83;;2,57;DEBW_5221000647b
UUID_b30f3741-eedb-4285-9222-6a5c818a705c;DEBW_5221000647b;ROOF;226;0,10;55,72;6,19;0,43;;2,57;DEBW_5221000647b
UUID_0a76fc4b-716a-4a39-89e2-43159028224b;DEBW_5221000647b;WALL;199;0,18;89,13;19,56;0,83;;2,57;DEBW_5221000647b
UUID_0af0a89c-3bd0-4d78-8b81-469777309199;DEBW_5221000647b;WALL;199;0,18;55,85;12,26;0,83;;2,57;DEBW_5221000647b
UUID_0a3001e3-8d79-4b98-9a86-b9a23828dc8d;DEBW_5221000647b;WALL;199;0,18;0,87;0,19;0,83;;2,57;DEBW_5221000647b
UUID_a39a1f2e-9bc0-45dd-9c50-edb65ae6e471;DEBW_5221000647b;WALL;199;0,18;33,37;7,33;0,83;;2,57;DEBW_5221000647b
UUID_4327a05a-c36a-4931-96fb-f75f35fa0817;DEBW_5221000647b;WALL;199;0,18;2,66;0,58;0,83;;2,57;DEBW_5221000647b
UUID_e624ff35-db4a-4358-a667-997d927e175c;DEBW_5221000647b;ROOF;226;0,10;58,43;6,49;0,43;;2,57;DEBW_5221000647b
UUID_c0d40ad4-57f0-4bfd-a476-e9752c2ff9b6;DEBW_52210003uuj;WALL;199;0,27;0,60;0,22;0,83;;2,57;DEBW_52210003uuj
UUID_f6050675-f3b4-408b-a429-38241151309d;DEBW_52210003uuj;WALL;199;0,27;0,99;0,37;0,83;;2,57;DEBW_52210003uuj
UUID_9c8c2b7f-5b20-4e8d-be14-821d8c4a5825;DEBW_52210003uuj;GROUND;150;0,00;37,74;0,00;0,62;;;DEBW_52210003uuj
UUID_d49c6360-c6a2-4667-9873-6c851e49c911;DEBW_52210003uuj;ROOF;226;0,10;18,89;2,10;0,43;;2,57;DEBW_52210003uuj
UUID_f7fe93bb-6f62-41a2-9970-013c086052ed;DEBW_52210003uuj;WALL;199;0,27;0,40;0,15;0,83;;2,57;DEBW_52210003uuj
UUID_dab221da-7379-40fb-bf96-1b492ed3b9cc;DEBW_52210003uuj;WALL;199;0,27;0,85;0,31;0,83;;2,57;DEBW_52210003uuj
UUID_dc5163ce-8895-4316-8365-e0cf52decab6;DEBW_52210003uuj;WALL;199;0,27;12,37;4,57;0,83;;2,57;DEBW_52210003uuj
UUID_dee743c1-934f-4153-95af-7ba67dc761db;DEBW_52210003uuj;WALL;199;0,27;0,43;0,16;0,83;;2,57;DEBW_52210003uuj
UUID_c542d182-6924-4954-b7f3-2d496aa19890;DEBW_52210003uuj;WALL;199;0,27;1,09;0,40;0,83;;2,57;DEBW_52210003uuj
UUID_45c58b70-afb8-41e0-ad0a-c5a118b02714;DEBW_52210003uuj;WALL;199;0,27;8,01;2,96;0,83;;2,57;DEBW_52210003uuj
UUID_180ef58b-3cdc-41a9-948f-71e3e88d0f7e;DEBW_52210003uuj;WALL;199;0,27;8,31;3,07;0,83;;2,57;DEBW_52210003uuj
UUID_d9f9acc0-4d4b-419f-a4d1-c5960e57f0ac;DEBW_52210003uuj;ROOF;226;0,10;18,39;2,04;0,43;;2,57;DEBW_52210003uuj
UUID_10f4a256-0505-42d9-8b67-f2af2b876dd5;DEBW_52210003uuj;WALL;199;0,27;11,40;4,22;0,83;;2,57;DEBW_52210003uuj
UUID_29929131-b802-47a2-bdbe-71e93607cba0;DEBW_52210003uuj;WALL;199;0,27;0,63;0,23;0,83;;2,57;DEBW_52210003uuj
UUID_94a9d4f1-e994-4542-802c-96353e804cd8;DEBW_52210003uuj;WALL;199;0,27;0,44;0,16;0,83;;2,57;DEBW_52210003uuj
UUID_2ebd6af1-3d88-4da8-9689-c1fa327f6ba7;DEBW_52210005ypY;WALL;199;0,27;9,37;3,47;0,83;;2,57;DEBW_52210005ypY
UUID_d80f6066-beaa-4e5c-b683-f80be61776d2;DEBW_52210005ypY;GROUND;150;0,00;15,46;0,00;0,62;;;DEBW_52210005ypY
UUID_fe727f1f-85d7-4e2a-b6de-33649854ce6a;DEBW_52210005ypY;WALL;199;0,27;16,04;5,93;0,83;;2,57;DEBW_52210005ypY
UUID_ca664edf-91b3-4028-9e9f-f43541bc5da3;DEBW_52210005ypY;WALL;199;0,27;0,01;0,00;0,83;;2,57;DEBW_52210005ypY
UUID_feef1b45-378a-417e-9b4b-dc550955db80;DEBW_52210005ypY;ROOF;226;0,10;13,95;1,55;0,43;;2,57;DEBW_52210005ypY
UUID_031b983b-9da0-47a8-97e7-c69e27d1e4a8;DEBW_52210005ypY;WALL;199;0,27;10,29;3,81;0,83;;2,57;DEBW_52210005ypY
UUID_32897ab5-b5fd-414f-b67d-2ec2ef6a46f2;DEBW_52210004eBR;WALL;199;0,27;0,75;0,28;0,83;;2,57;DEBW_52210004eBR
UUID_eb8f2066-e30d-46f5-8d00-9e2461a28518;DEBW_52210004eBR;WALL;199;0,27;0,64;0,24;0,83;;2,57;DEBW_52210004eBR
UUID_90f5a8ab-0adf-4c6a-8825-6a52d5aaffbc;DEBW_52210004eBR;GROUND;150;0,00;15,84;0,00;0,62;;;DEBW_52210004eBR
UUID_5efd33f9-580d-476e-a78e-13f0e58935de;DEBW_52210004eBR;WALL;199;0,27;11,72;4,34;0,83;;2,57;DEBW_52210004eBR
UUID_7836342e-a204-4795-962f-2ca8a15d45de;DEBW_52210004eBR;WALL;199;0,27;0,64;0,24;0,83;;2,57;DEBW_52210004eBR
UUID_350726e5-ac8c-4e1b-a8b7-2383a214c71d;DEBW_52210004eBR;WALL;199;0,27;0,00;0,00;0,83;;2,57;DEBW_52210004eBR
UUID_867a3631-4526-4b6b-8626-1072c41b1e21;DEBW_52210004eBR;WALL;199;0,27;6,74;2,49;0,83;;2,57;DEBW_52210004eBR
UUID_7bccbbf6-3a7a-4eba-9312-b0fc2703d488;DEBW_52210004eBR;ROOF;226;0,10;29,78;3,31;0,43;;2,57;DEBW_52210004eBR
UUID_30fb94c5-307d-4f1a-ad50-f3361f97e49f;DEBW_52210004eBR;WALL;199;0,27;8,25;3,05;0,83;;2,57;DEBW_52210004eBR
UUID_8c9613a8-51fb-42bb-9d3e-1adabac231d1;DEBW_52210004eBR;WALL;199;0,27;7,17;2,65;0,83;;2,57;DEBW_52210004eBR
UUID_73afa22a-17a5-4c70-a0cd-288fa9a25714;DEBW_52210006HXy;WALL;199;0,14;0,55;0,09;0,83;;2,57;DEBW_52210006HXy
UUID_2df7e693-effc-4314-bc15-d19cb191fe3b;DEBW_52210006HXy;WALL;199;0,14;46,34;7,54;0,83;;2,57;DEBW_52210006HXy
UUID_392aa837-846f-42b3-8073-71345a498b48;DEBW_52210006HXy;WALL;199;0,14;0,63;0,10;0,83;;2,57;DEBW_52210006HXy
UUID_584b68b8-dde3-473e-9d12-37fe17015705;DEBW_52210006HXy;WALL;199;0,14;6,72;1,09;0,83;;2,57;DEBW_52210006HXy
UUID_d87a23f1-1597-40c6-9fd5-bf7d1f9d2cbd;DEBW_52210006HXy;WALL;199;0,14;26,38;4,30;0,83;;2,57;DEBW_52210006HXy
UUID_ec4e2da8-0741-4200-a92e-63c2e74ff4e0;DEBW_52210006HXy;WALL;199;0,14;0,08;0,01;0,83;;2,57;DEBW_52210006HXy
UUID_486d3d02-4ada-491f-af1a-e9dbd77e69e9;DEBW_52210006HXy;WALL;199;0,14;1,01;0,17;0,83;;2,57;DEBW_52210006HXy
UUID_96e5ae90-4948-4f8e-982d-9c8399da23da;DEBW_52210006HXy;WALL;199;0,14;12,42;2,02;0,83;;2,57;DEBW_52210006HXy
UUID_0e30b10a-8f40-4f5c-a7a5-5e27f81f1048;DEBW_52210006HXy;WALL;199;0,14;0,04;0,01;0,83;;2,57;DEBW_52210006HXy
UUID_b5476f5f-2e31-47a2-ba88-851dfd6ecf1c;DEBW_52210006HXy;ROOF;226;0,10;77,67;8,63;0,43;;2,57;DEBW_52210006HXy
UUID_ca2433d0-ac0f-4eaf-98f3-6b0bff49366c;DEBW_52210006HXy;WALL;199;0,14;0,81;0,13;0,83;;2,57;DEBW_52210006HXy
UUID_b664b957-92a4-4ece-b428-6cf9df3382af;DEBW_52210006HXy;GROUND;150;0,00;142,51;0,00;0,62;;;DEBW_52210006HXy
UUID_1f23ad99-94b8-40b6-b974-b3ac12400bbb;DEBW_52210006HXy;WALL;199;0,14;0,75;0,12;0,83;;2,57;DEBW_52210006HXy
UUID_f236c8c2-0516-43b5-b3b2-4a2f82fac1fd;DEBW_52210006HXy;WALL;199;0,14;0,52;0,09;0,83;;2,57;DEBW_52210006HXy
UUID_b19a759b-c09f-44c6-a0f8-6c6e550e03df;DEBW_52210006HXy;WALL;199;0,14;2,32;0,38;0,83;;2,57;DEBW_52210006HXy
UUID_c7823e0f-d854-4c7e-9f68-9a764eabfa50;DEBW_52210006HXy;WALL;199;0,14;18,05;2,94;0,83;;2,57;DEBW_52210006HXy
UUID_d5a9206c-5981-49d0-8c9e-4d7088063e34;DEBW_52210006HXy;WALL;199;0,14;18,59;3,03;0,83;;2,57;DEBW_52210006HXy
UUID_57f2d5da-3e48-4531-9c7d-ca3b7120e20d;DEBW_52210006HXy;WALL;199;0,14;14,27;2,32;0,83;;2,57;DEBW_52210006HXy
UUID_8f86d905-3dc5-41ec-9b39-c1c28d058577;DEBW_52210006HXy;WALL;199;0,14;28,51;4,64;0,83;;2,57;DEBW_52210006HXy
UUID_8e333bf3-437e-4cf0-b77b-c3d1e105f0a7;DEBW_52210006HXy;ROOF;226;0,10;69,68;7,74;0,43;;2,57;DEBW_52210006HXy
UUID_8f22a7e6-517b-414e-80e1-954a7d7a7fb2;DEBW_52210006HXy;WALL;199;0,14;10,02;1,63;0,83;;2,57;DEBW_52210006HXy
UUID_39aa82f7-75fc-49bc-ab04-457eca5abafd;DEBW_522100064GG;WALL;199;0,18;77,08;16,92;0,83;;2,57;DEBW_522100064GG
UUID_9e24f76e-058f-4f1e-9997-7a1bdacd2de4;DEBW_522100064GG;WALL;199;0,18;29,35;6,44;0,83;;2,57;DEBW_522100064GG
UUID_237657ed-1518-4462-9098-3e8e1cdbda46;DEBW_522100064GG;WALL;199;0,18;25,53;5,61;0,83;;2,57;DEBW_522100064GG
UUID_b9caadf7-0454-49b6-a44b-8d2888d8d722;DEBW_522100064GG;WALL;199;0,18;15,37;3,37;0,83;;2,57;DEBW_522100064GG
UUID_c3ec3241-f517-492c-a8a4-e39d1d9deb95;DEBW_522100064GG;WALL;199;0,18;42,26;9,28;0,83;;2,57;DEBW_522100064GG
UUID_76b6400b-5e5a-4a7f-ae14-d3bf02e47e12;DEBW_522100064GG;WALL;199;0,18;27,15;5,96;0,83;;2,57;DEBW_522100064GG
UUID_21f5cdc3-c400-454b-a60b-3489f1d67d3b;DEBW_522100064GG;ROOF;226;0,10;67,20;7,47;0,43;;2,57;DEBW_522100064GG
UUID_599828cd-5102-4c11-ade8-1a63843c4ae0;DEBW_522100064GG;ROOF;226;0,10;61,89;6,88;0,43;;2,57;DEBW_522100064GG
UUID_a4c8785a-9ec2-46b2-a9c3-afb407054c29;DEBW_522100064GG;WALL;199;0,18;42,78;9,39;0,83;;2,57;DEBW_522100064GG
UUID_d20c83c8-96eb-4b24-be0d-46601292aa7e;DEBW_522100064GG;WALL;199;0,18;26,66;5,85;0,83;;2,57;DEBW_522100064GG
UUID_4cf3d375-473e-4d12-b529-b3ccde8c1891;DEBW_522100064GG;WALL;199;0,18;44,81;9,84;0,83;;2,57;DEBW_522100064GG
UUID_bb7cb9e0-06a9-47ba-9746-007c2ae30536;DEBW_522100064GG;WALL;199;0,18;28,11;6,17;0,83;;2,57;DEBW_522100064GG
UUID_76df0162-efd7-49b6-a7bf-b783aa2e07d1;DEBW_522100064GG;GROUND;150;0,00;117,61;0,00;0,62;;;DEBW_522100064GG
UUID_8121c0be-95f7-451f-bbb8-0493c69ad449;DEBW_52210006J9b;WALL;199;0,18;30,82;6,77;0,83;;2,57;DEBW_52210006J9b
UUID_b2a383ec-2a31-4fa2-a108-16fa8ea3ae57;DEBW_52210006J9b;WALL;199;0,18;8,86;1,95;0,83;;2,57;DEBW_52210006J9b
UUID_e2aad4c3-993b-449c-8e7f-da047c74a7bd;DEBW_52210006J9b;WALL;199;0,18;13,83;3,04;0,83;;2,57;DEBW_52210006J9b
UUID_81b337c6-10b0-40d4-972f-0e1e0ff0c471;DEBW_52210006J9b;WALL;199;0,18;21,33;4,68;0,83;;2,57;DEBW_52210006J9b
UUID_709b34f5-e7ea-437a-bd92-b2b8bf2ba8c6;DEBW_52210006J9b;WALL;199;0,18;0,43;0,09;0,83;;2,57;DEBW_52210006J9b
UUID_17a581e5-cbba-4d40-8028-3756fa7b87ec;DEBW_52210006J9b;WALL;199;0,18;0,38;0,08;0,83;;2,57;DEBW_52210006J9b
UUID_f6b9d701-90dc-4dd9-ad08-8160881a66f9;DEBW_52210006J9b;WALL;199;0,18;22,74;4,99;0,83;;2,57;DEBW_52210006J9b
UUID_c6122516-4e51-45a7-9280-15a8538f5cb3;DEBW_52210006J9b;WALL;199;0,18;2,95;0,65;0,83;;2,57;DEBW_52210006J9b
UUID_96c84c2e-1d0b-4bf4-922b-ebc732d4bde2;DEBW_52210006J9b;WALL;199;0,18;31,85;6,99;0,83;;2,57;DEBW_52210006J9b
UUID_c49196de-3e77-4fbf-9396-23d379e25614;DEBW_52210006J9b;WALL;199;0,18;8,62;1,89;0,83;;2,57;DEBW_52210006J9b
UUID_b22d53e9-4d80-4786-a8ce-e65ac0951267;DEBW_52210006J9b;WALL;199;0,18;3,21;0,71;0,83;;2,57;DEBW_52210006J9b
UUID_24057038-68a9-4ee3-b445-7170a516a41f;DEBW_52210006J9b;ROOF;226;0,10;0,06;0,01;0,43;;2,57;DEBW_52210006J9b
UUID_16d7c861-54b2-49a6-b6ae-a0c7e2b8c8d9;DEBW_52210006J9b;ROOF;226;0,10;89,19;9,91;0,43;;2,57;DEBW_52210006J9b
UUID_1551f3b5-71ee-43b2-8649-8c9670981e10;DEBW_52210006J9b;WALL;199;0,18;11,19;2,46;0,83;;2,57;DEBW_52210006J9b
UUID_ca0c2ebc-6a55-46ec-8214-e5b1d374d48c;DEBW_52210006J9b;ROOF;226;0,10;115,81;12,87;0,43;;2,57;DEBW_52210006J9b
UUID_37731529-aacd-4a6e-825a-551fc1999093;DEBW_52210006J9b;WALL;199;0,18;15,82;3,47;0,83;;2,57;DEBW_52210006J9b
UUID_599768d3-24d4-489b-903a-d1bf43a49eef;DEBW_52210006J9b;GROUND;150;0,00;206,46;0,00;0,62;;;DEBW_52210006J9b
UUID_28638201-4ac3-4650-8dcb-ad71369224ff;DEBW_52210006J9b;WALL;199;0,18;25,97;5,70;0,83;;2,57;DEBW_52210006J9b
UUID_5ea0febb-a1e1-475b-afed-8399d7f3ec21;DEBW_52210006J9b;WALL;199;0,18;30,03;6,59;0,83;;2,57;DEBW_52210006J9b
UUID_fc1dacb6-e246-48e2-a56f-e854e5a94470;DEBW_52210006J9b;WALL;199;0,18;19,10;4,19;0,83;;2,57;DEBW_52210006J9b
UUID_c6ea85b8-c904-45ee-8250-ab464ba46de2;DEBW_52210006J9b;WALL;199;0,18;24,26;5,33;0,83;;2,57;DEBW_52210006J9b
UUID_65ddeaaa-1eeb-40f3-9188-fa698aad8e8a;DEBW_52210006J9b;WALL;199;0,18;49,17;10,79;0,83;;2,57;DEBW_52210006J9b
UUID_ce0f9842-7e99-4394-9549-1e2fe24afe5f;DEBW_52210006J9b;WALL;199;0,18;27,55;6,05;0,83;;2,57;DEBW_52210006J9b
UUID_97c061ea-f1a7-439b-ad31-b9f373bc4706;DEBW_52210006J9b;WALL;199;0,18;2,77;0,61;0,83;;2,57;DEBW_52210006J9b
UUID_04ac8e76-919f-4c4c-a084-bb78d4fc5e42;DEBW_52210006J9b;WALL;199;0,18;40,27;8,84;0,83;;2,57;DEBW_52210006J9b
UUID_1c176028-9c4c-4ef4-a68a-f82f0baa8b6c;DEBW_52210006J9b;WALL;199;0,18;43,37;9,52;0,83;;2,57;DEBW_52210006J9b
UUID_ae475b65-71b6-47ea-9678-827915159001;DEBW_52210006J9b;WALL;199;0,18;5,54;1,22;0,83;;2,57;DEBW_52210006J9b
UUID_0099d997-f2fa-4179-9a08-5d5ba78b16f6;DEBW_52210006J9b;WALL;199;0,18;25,21;5,53;0,83;;2,57;DEBW_52210006J9b
UUID_a577b7d1-0f77-48fa-b31c-0eda1a61a53b;DEBW_52210006J9b;WALL;199;0,18;16,44;3,61;0,83;;2,57;DEBW_52210006J9b
UUID_6d019822-1fe6-4680-b29d-8251a882a60a;DEBW_52210006J9b;WALL;199;0,18;9,28;2,04;0,83;;2,57;DEBW_52210006J9b
UUID_2bddc01d-3b32-4c63-abd5-26acdd321296;DEBW_52210005yrw;GROUND;150;0,00;181,70;0,00;0,62;;;DEBW_52210005yrw
UUID_9fb79fab-c014-4ff1-bf25-f5689dec1a05;DEBW_52210005yrw;WALL;199;0,18;50,48;11,08;0,83;;2,57;DEBW_52210005yrw
UUID_6cdabd58-ba8a-4fc2-a570-3c6516fe70f1;DEBW_52210005yrw;ROOF;226;0,10;116,04;12,89;0,43;;2,57;DEBW_52210005yrw
UUID_24354796-7186-4d2f-b2f6-8fb1906ac3e7;DEBW_52210005yrw;WALL;199;0,18;2,25;0,49;0,83;;2,57;DEBW_52210005yrw
UUID_bbf51a7b-ae41-47b6-b235-34de4ff764fb;DEBW_52210005yrw;WALL;199;0,18;50,81;11,15;0,83;;2,57;DEBW_52210005yrw
UUID_9b6721a7-405b-460a-a9b9-d7335c9c67cb;DEBW_52210005yrw;WALL;199;0,18;119,45;26,22;0,83;;2,57;DEBW_52210005yrw
UUID_10ab9f31-3528-4b32-80cc-d6fcce5ff07b;DEBW_52210005yrw;ROOF;226;0,10;112,69;12,52;0,43;;2,57;DEBW_52210005yrw
UUID_666c41dc-1983-4a0b-8170-aef0af1b1419;DEBW_52210005yrw;WALL;199;0,18;15,58;3,42;0,83;;2,57;DEBW_52210005yrw
UUID_4069f60d-d227-42ac-af9a-93b06b05467c;DEBW_52210005yrw;WALL;199;0,18;50,87;11,17;0,83;;2,57;DEBW_52210005yrw
UUID_41500ef6-c6ee-4512-a155-f8049e25e8bc;DEBW_52210005yrw;WALL;199;0,18;52,04;11,42;0,83;;2,57;DEBW_52210005yrw
UUID_20fa298b-a1c6-42cc-a56e-4a28337ddc38;DEBW_52210005yrw;WALL;199;0,18;2,13;0,47;0,83;;2,57;DEBW_52210005yrw
UUID_21b3e965-ef59-4e33-a1e0-857474fa9390;DEBW_52210005yrw;WALL;199;0,18;52,16;11,45;0,83;;2,57;DEBW_52210005yrw
UUID_daf1a8c6-b10a-4364-a4df-cf35713181f1;DEBW_52210005yrw;WALL;199;0,18;50,88;11,17;0,83;;2,57;DEBW_52210005yrw
UUID_459ad821-555f-4b04-8bc3-b48a0ff67cf7;DEBW_52210003uss;WALL;199;0,18;3,40;0,75;0,83;;2,57;DEBW_52210003uss
UUID_cc3af653-6f68-45d9-8b6e-40dfbdfa9413;DEBW_52210003uss;WALL;199;0,18;65,82;14,45;0,83;;2,57;DEBW_52210003uss
UUID_e7ca035b-9687-466b-a419-2701fb82ea33;DEBW_52210003uss;GROUND;150;0,00;106,55;0,00;0,62;;;DEBW_52210003uss
UUID_928a2897-c94a-45b8-be2c-89dca24c6c41;DEBW_52210003uss;WALL;199;0,18;0,00;0,00;0,83;;2,57;DEBW_52210003uss
UUID_30bbc359-8fe6-4c5b-a348-db6e547f8245;DEBW_52210003uss;ROOF;100;0,00;106,55;0,00;0,40;;2,57;DEBW_52210003uss
UUID_73e7413e-4271-4b87-9a33-6d61a88fc133;DEBW_52210003uss;WALL;199;0,18;23,14;5,08;0,83;;2,57;DEBW_52210003uss
UUID_6a806e23-af26-4fdd-86c3-fadd45eec535;DEBW_52210003uss;WALL;199;0,18;21,91;4,81;0,83;;2,57;DEBW_52210003uss
UUID_beca06d0-133e-4417-bcbc-96a2397e61fb;DEBW_52210003uss;WALL;199;0,18;0,00;0,00;0,83;;2,57;DEBW_52210003uss
UUID_164e7bd4-c2f1-4e2d-989a-a358feae8df9;DEBW_52210003uss;WALL;199;0,18;58,42;12,82;0,83;;2,57;DEBW_52210003uss
UUID_2c0fcae8-2a54-4863-8bc6-a21c5ec3fd4f;DEBW_52210003uss;WALL;199;0,18;4,39;0,96;0,83;;2,57;DEBW_52210003uss
UUID_37152ff0-8b3a-48bc-88ea-ec8116af8e4f;DEBW_52210003uss;WALL;199;0,18;73,63;16,16;0,83;;2,57;DEBW_52210003uss
UUID_702f7426-c929-488e-8f2b-ee8f0ff7d2d2;DEBW_52210003uss;WALL;199;0,18;4,63;1,02;0,83;;2,57;DEBW_52210003uss
UUID_fd516b40-10e3-49f0-bbc8-a9078a2e71f8;DEBW_52210003uss;WALL;199;0,18;38,91;8,54;0,83;;2,57;DEBW_52210003uss
UUID_ba92f204-cf89-4325-93af-df2a1d3edd4c;DEBW_52210005LpL;WALL;199;0,27;0,98;0,36;0,83;;2,57;DEBW_52210005LpL
UUID_c1e00598-d225-423e-bb8c-aa2324a4bb96;DEBW_52210005LpL;ROOF;100;0,00;18,33;0,00;0,40;;2,57;DEBW_52210005LpL
UUID_12bf238d-3692-4a5c-99fc-38efe7dd51e1;DEBW_52210005LpL;WALL;199;0,27;10,64;3,94;0,83;;2,57;DEBW_52210005LpL
UUID_71763c61-c19c-46d6-8a0c-455f4ac92b12;DEBW_52210005LpL;WALL;199;0,27;6,37;2,36;0,83;;2,57;DEBW_52210005LpL
UUID_9a756a12-9065-40d9-9c7c-447996f4abf8;DEBW_52210005LpL;WALL;199;0,27;6,51;2,41;0,83;;2,57;DEBW_52210005LpL
UUID_734d7932-cee7-4beb-bc0b-c29b7effa5ae;DEBW_52210005LpL;GROUND;150;0,00;18,33;0,00;0,62;;;DEBW_52210005LpL
UUID_feb745c7-59b0-4ad1-a41b-43c0da49a927;DEBW_52210006Hka;GROUND;150;0,00;18,90;0,00;0,62;;;DEBW_52210006Hka
UUID_ecb875fe-55c8-458f-8871-29fae9c48399;DEBW_52210006Hka;WALL;199;0,27;0,72;0,27;0,83;;2,57;DEBW_52210006Hka
UUID_84287e81-b6f2-47eb-84eb-d922883d4c5c;DEBW_52210006Hka;WALL;199;0,27;5,42;2,00;0,83;;2,57;DEBW_52210006Hka
UUID_6554859a-9c53-4690-b367-e922b6513e72;DEBW_52210006Hka;ROOF;226;0,10;17,02;1,89;0,43;;2,57;DEBW_52210006Hka
UUID_bcf220f5-413c-42e4-99e8-934ad035a65a;DEBW_52210006Hka;WALL;199;0,27;7,46;2,76;0,83;;2,57;DEBW_52210006Hka
UUID_dfa6b9c4-ecf0-4e7e-be07-2ad13c479b45;DEBW_52210006Hka;WALL;199;0,27;6,18;2,28;0,83;;2,57;DEBW_52210006Hka
UUID_1c2ceaf2-3fc5-402d-bcab-74f58919dfca;DEBW_52210006Hka;WALL;199;0,27;0,55;0,20;0,83;;2,57;DEBW_52210006Hka
UUID_ee289abc-7122-468c-a943-3baa3b15adc3;DEBW_52210006Hka;WALL;199;0,27;1,01;0,37;0,83;;2,57;DEBW_52210006Hka
UUID_f976b750-a446-4748-b100-8529e6a39a45;DEBW_52210006Hka;WALL;199;0,27;13,99;5,18;0,83;;2,57;DEBW_52210006Hka
UUID_5928bb65-ff5c-433f-b597-e6febef86e3a;DEBW_52210006Hka;WALL;199;0,27;0,43;0,16;0,83;;2,57;DEBW_52210006Hka
UUID_e7789619-f398-4b51-af7f-4379d50e5224;DEBW_52210006Hka;WALL;199;0,27;0,56;0,21;0,83;;2,57;DEBW_52210006Hka
UUID_3e57ceeb-69fc-44a2-b637-4997ba7043de;DEBW_52210004e9F;ROOF;226;0,10;76,04;8,45;0,43;;2,57;DEBW_52210004e9F
UUID_79a37852-dda4-487f-9587-cd0cf889e749;DEBW_52210004e9F;WALL;199;0,18;33,76;7,41;0,83;;2,57;DEBW_52210004e9F
UUID_e99a4722-ec31-4247-a7c3-7c1730fe73a6;DEBW_52210004e9F;WALL;199;0,18;8,85;1,94;0,83;;2,57;DEBW_52210004e9F
UUID_e2c78f2a-d6e5-4a0c-acfb-1650236776e0;DEBW_52210004e9F;WALL;199;0,18;13,07;2,87;0,83;;2,57;DEBW_52210004e9F
UUID_cf58e540-a949-46d9-8007-cd16623185a0;DEBW_52210004e9F;WALL;199;0,18;10,22;2,24;0,83;;2,57;DEBW_52210004e9F
UUID_30c20ed3-ccbc-4011-bf95-a4f4f1bb2a86;DEBW_52210004e9F;WALL;199;0,18;39,06;8,57;0,83;;2,57;DEBW_52210004e9F
UUID_ddf0b8e9-4b1b-433e-9a92-79a6f8261faf;DEBW_52210004e9F;GROUND;150;0,00;142,11;0,00;0,62;;;DEBW_52210004e9F
UUID_09f821c9-cff6-4391-b8f3-da6380b711ee;DEBW_52210004e9F;WALL;199;0,18;30,52;6,70;0,83;;2,57;DEBW_52210004e9F
UUID_bc3d4971-8dcd-41c5-9107-958097b53d7f;DEBW_52210004e9F;WALL;199;0,18;48,39;10,62;0,83;;2,57;DEBW_52210004e9F
UUID_77608a34-e060-42b4-b249-e67488813c47;DEBW_52210004e9F;WALL;199;0,18;25,86;5,68;0,83;;2,57;DEBW_52210004e9F
UUID_db65a56c-18d7-4459-a01a-e338d62fc7e9;DEBW_52210004e9F;ROOF;226;0,10;65,48;7,28;0,43;;2,57;DEBW_52210004e9F
UUID_fbc4281a-e3cc-4293-94e3-5a79e1ddf1a0;DEBW_52210004e9F;WALL;199;0,18;53,91;11,83;0,83;;2,57;DEBW_52210004e9F
UUID_a02dab01-7bcd-4b08-9ba8-6799ce3974b7;DEBW_52210004e9F;WALL;199;0,18;19,86;4,36;0,83;;2,57;DEBW_52210004e9F
UUID_2505f6c2-f696-42c2-8988-ffe6825e17b8;DEBW_52210004e9F;WALL;199;0,18;17,35;3,81;0,83;;2,57;DEBW_52210004e9F
UUID_ab370884-2fe4-4d1d-9c87-cc2eb943571f;DEBW_52210004e9F;WALL;199;0,18;48,96;10,75;0,83;;2,57;DEBW_52210004e9F
UUID_a195b2b7-5ac2-4bd4-bd02-eaa67e2c7026;DEBW_52210004e9F;WALL;199;0,18;7,77;1,71;0,83;;2,57;DEBW_52210004e9F
UUID_3f3789bb-cb2a-43da-9794-2c4a57dadb02;DEBW_52210004e9F;WALL;199;0,18;74,18;16,28;0,83;;2,57;DEBW_52210004e9F
UUID_cfad1a42-19e3-4c9e-be0a-f1fa38fcd435;DEBW_52210004e9F;WALL;199;0,18;15,11;3,32;0,83;;2,57;DEBW_52210004e9F
UUID_605c2936-7fa8-40eb-914d-81b0df838091;DEBW_52210006Jqm;WALL;199;0,27;5,89;2,18;0,83;;2,57;DEBW_52210006Jqm
UUID_53d36c46-c164-45db-8189-5f302eb4b244;DEBW_52210006Jqm;WALL;199;0,27;0,00;0,00;0,83;;2,57;DEBW_52210006Jqm
UUID_f8ea8ee4-792b-4719-8611-3fc3860f6e0e;DEBW_52210006Jqm;GROUND;150;0,00;16,41;0,00;0,62;;;DEBW_52210006Jqm
UUID_ebb66d3f-7104-4ae5-b903-67119256fcc2;DEBW_52210006Jqm;ROOF;226;0,10;14,79;1,64;0,43;;2,57;DEBW_52210006Jqm
UUID_3b5d8cb6-c8a4-4f13-92d8-6a2afa52eea3;DEBW_52210006Jqm;WALL;199;0,27;8,02;2,96;0,83;;2,57;DEBW_52210006Jqm
UUID_76014dc3-db42-4b7b-a734-94fc20f13696;DEBW_52210006Jqm;WALL;199;0,27;0,00;0,00;0,83;;2,57;DEBW_52210006Jqm
UUID_0f7597ac-abda-4c68-9ae4-e204ad55a301;DEBW_52210006Jqm;WALL;199;0,27;6,61;2,44;0,83;;2,57;DEBW_52210006Jqm
UUID_7d3f92fa-54a5-482f-802a-767fd38aedbc;DEBW_52210006Jqm;WALL;199;0,27;2,78;1,03;0,83;;2,57;DEBW_52210006Jqm
UUID_947926c3-1d12-48f4-a59e-79c98f8411e4;DEBW_52210006Hkl;GROUND;150;0,00;98,94;0,00;0,62;;;DEBW_52210006Hkl
UUID_715cf454-109f-4dc1-9b3e-1f0023cec50a;DEBW_52210006Hkl;ROOF;226;0,10;54,74;6,08;0,43;;2,57;DEBW_52210006Hkl
UUID_d9175f61-bc76-42bb-a863-3e1b8bbc20f1;DEBW_52210006Hkl;WALL;199;0,14;31,80;5,18;0,83;;2,57;DEBW_52210006Hkl
UUID_137047d3-f1a9-408e-9709-c5f5df09b4a9;DEBW_52210006Hkl;WALL;199;0,14;1,16;0,19;0,83;;2,57;DEBW_52210006Hkl
UUID_cc66f165-c9c7-496f-9f62-845b77d3c061;DEBW_52210006Hkl;WALL;199;0,14;40,49;6,59;0,83;;2,57;DEBW_52210006Hkl
UUID_fd8f238c-fc89-49da-91bc-7f019c74f0b8;DEBW_52210006Hkl;ROOF;226;0,10;0,83;0,09;0,43;;2,57;DEBW_52210006Hkl
UUID_87525db8-0ddf-4862-9bfe-7ef605b3b7db;DEBW_52210006Hkl;ROOF;226;0,10;51,33;5,70;0,43;;2,57;DEBW_52210006Hkl
UUID_ce45c0f7-8ea5-4854-8be0-1c25be7effbc;DEBW_52210006Hkl;WALL;199;0,14;80,99;13,18;0,83;;2,57;DEBW_52210006Hkl
UUID_4e23d620-a3b5-4670-b524-fe12f412ef83;DEBW_52210006Hkl;WALL;199;0,14;32,48;5,29;0,83;;2,57;DEBW_52210006Hkl
UUID_8885551c-809a-4809-8c88-7c69bcd4a3e5;DEBW_52210006Hkl;WALL;199;0,14;24,36;3,96;0,83;;2,57;DEBW_52210006Hkl
UUID_68d2d4cf-cf72-4e1a-94fd-56513583f131;DEBW_52210006Hkl;WALL;199;0,14;66,26;10,79;0,83;;2,57;DEBW_52210006Hkl
UUID_4aadf8c5-5095-4cf0-b360-a2364953344c;DEBW_52210006Hkl;ROOF;226;0,10;0,03;0,00;0,43;;2,57;DEBW_52210006Hkl
UUID_3d19967e-b5b1-46fd-85c9-934eb7d524d0;DEBW_52210005ylp;ROOF;226;0,10;67,12;7,46;0,43;;2,57;DEBW_52210005ylp
UUID_a768b8da-0775-4a1d-8905-d2084d883fcd;DEBW_52210005ylp;WALL;199;0,18;42,87;9,41;0,83;;2,57;DEBW_52210005ylp
UUID_d7d6a9d7-e796-47f4-9ec8-ba40cfccae11;DEBW_52210005ylp;GROUND;150;0,00;113,15;0,00;0,62;;;DEBW_52210005ylp
UUID_489bacbd-9e03-4203-89a9-7f6ff05d42c9;DEBW_52210005ylp;WALL;199;0,18;0,10;0,02;0,83;;2,57;DEBW_52210005ylp
UUID_1234aed2-adee-4787-acfd-f056d6f766ae;DEBW_52210005ylp;ROOF;226;0,10;68,67;7,63;0,43;;2,57;DEBW_52210005ylp
UUID_e8813525-3dd0-46b1-8f21-47b4de3f3185;DEBW_52210005ylp;WALL;199;0,18;54,05;11,87;0,83;;2,57;DEBW_52210005ylp
UUID_c63d0b39-17fa-4471-9d02-790e991101ca;DEBW_52210005ylp;WALL;199;0,18;23,44;5,14;0,83;;2,57;DEBW_52210005ylp
UUID_df6c7f2f-33cf-4ca2-a34b-864b65f0cdeb;DEBW_52210005ylp;WALL;199;0,18;53,13;11,66;0,83;;2,57;DEBW_52210005ylp
UUID_d5568a27-fd39-47fc-a107-b9da2a5356ad;DEBW_52210005ylp;WALL;199;0,18;74,87;16,43;0,83;;2,57;DEBW_52210005ylp
UUID_37e54c66-139e-4ae9-9081-2c851a8ea180;DEBW_52210005ylp;WALL;199;0,18;0,00;0,00;0,83;;2,57;DEBW_52210005ylp
UUID_c604ffea-f0d8-4754-877b-a35cc9778c5e;DEBW_52210005LZh;WALL;199;0,18;43,01;9,44;0,83;;2,57;DEBW_52210005LZh
UUID_678e4c23-d1e8-4b21-a5fb-b7c195925fbd;DEBW_52210005LZh;WALL;199;0,18;0,73;0,16;0,83;;2,57;DEBW_52210005LZh
UUID_3677f150-74d3-47df-8265-a9c642fc48e5;DEBW_52210005LZh;WALL;199;0,18;42,16;9,25;0,83;;2,57;DEBW_52210005LZh
UUID_78b72662-66e0-4719-a228-818373381bba;DEBW_52210005LZh;WALL;199;0,18;74,82;16,42;0,83;;2,57;DEBW_52210005LZh
UUID_16f94a6b-fea4-4c54-9433-ec4e2c79e0ce;DEBW_52210005LZh;WALL;199;0,18;17,84;3,92;0,83;;2,57;DEBW_52210005LZh
UUID_17b4b7b1-6a5e-4c99-9da0-d496720b2fed;DEBW_52210005LZh;WALL;199;0,18;41,57;9,12;0,83;;2,57;DEBW_52210005LZh
UUID_ada3cd69-7c89-4b4c-bf55-280c200ebbed;DEBW_52210005LZh;ROOF;226;0,10;0,67;0,07;0,43;;2,57;DEBW_52210005LZh
UUID_01c0de59-8b46-4e3c-b326-16cfb53132b4;DEBW_52210005LZh;ROOF;226;0,10;61,44;6,83;0,43;;2,57;DEBW_52210005LZh
UUID_f67dd236-79da-4e81-b15d-84c57eb74f4a;DEBW_52210005LZh;ROOF;226;0,10;63,40;7,04;0,43;;2,57;DEBW_52210005LZh
UUID_7e5bb46d-dc59-404d-86b0-c3745ea47126;DEBW_52210005LZh;WALL;199;0,18;40,09;8,80;0,83;;2,57;DEBW_52210005LZh
UUID_f275ae12-6e17-4dfe-8927-d7948a6ebeed;DEBW_52210005LZh;WALL;199;0,18;6,40;1,41;0,83;;2,57;DEBW_52210005LZh
UUID_1e17d9ea-3651-4263-9387-bc682176e55f;DEBW_52210005LZh;GROUND;150;0,00;96,95;0,00;0,62;;;DEBW_52210005LZh
UUID_28264ece-935f-4e5e-a99a-691c16f06c9a;DEBW_52210005LZh;WALL;199;0,18;13,39;2,94;0,83;;2,57;DEBW_52210005LZh
UUID_f2972ecb-8005-4c6d-89a2-1cd2254edd69;DEBW_52210003uzO;ROOF;226;0,10;73,04;8,12;0,43;;2,57;DEBW_52210003uzO
UUID_e84837dd-569f-4f5b-b27f-a36138c331b1;DEBW_52210003uzO;WALL;199;0,18;45,23;9,93;0,83;;2,57;DEBW_52210003uzO
UUID_b2142031-7da3-4ca4-ac31-e57f3967ad4c;DEBW_52210003uzO;WALL;199;0,18;4,92;1,08;0,83;;2,57;DEBW_52210003uzO
UUID_56ee3b9c-361a-40bf-af61-4ac0f8ece71a;DEBW_52210003uzO;GROUND;150;0,00;125,77;0,00;0,62;;;DEBW_52210003uzO
UUID_2e8e8d69-527f-40fa-9441-98909ab185fa;DEBW_52210003uzO;WALL;199;0,18;57,99;12,73;0,83;;2,57;DEBW_52210003uzO
UUID_0935c859-2d02-4cd7-95b1-63342f983325;DEBW_52210003uzO;WALL;199;0,18;28,33;6,22;0,83;;2,57;DEBW_52210003uzO
UUID_4461fd8a-b4e7-42ba-a6e0-cd52684ff3b1;DEBW_52210003uzO;WALL;199;0,18;7,86;1,73;0,83;;2,57;DEBW_52210003uzO
UUID_677ba73b-b19c-437b-98db-3969c7001c50;DEBW_52210003uzO;WALL;199;0,18;20,76;4,56;0,83;;2,57;DEBW_52210003uzO
UUID_08e14f35-cecc-4652-9861-e392ff2a7eeb;DEBW_52210003uzO;WALL;199;0,18;27,98;6,14;0,83;;2,57;DEBW_52210003uzO
UUID_79dcc939-60ea-49d4-97ed-84b8612cd0de;DEBW_52210003uzO;WALL;199;0,18;6,33;1,39;0,83;;2,57;DEBW_52210003uzO
UUID_628664de-5637-4860-841d-1682fbe60e29;DEBW_52210003uzO;WALL;199;0,18;12,82;2,81;0,83;;2,57;DEBW_52210003uzO
UUID_37d1d2ae-d115-4bc5-9419-44e8df40f96d;DEBW_52210003uzO;WALL;199;0,18;38,17;8,38;0,83;;2,57;DEBW_52210003uzO
UUID_7a711c43-66b8-4203-a3d0-ea54f4aed830;DEBW_52210003uzO;WALL;199;0,18;13,00;2,85;0,83;;2,57;DEBW_52210003uzO
UUID_2452edcc-98dc-400a-a28b-08b5799fec22;DEBW_52210003uzO;ROOF;226;0,10;77,49;8,61;0,43;;2,57;DEBW_52210003uzO
UUID_352f13be-cdb5-4f47-bcf8-366139a6d5d3;DEBW_52210003uzO;WALL;199;0,18;86,08;18,90;0,83;;2,57;DEBW_52210003uzO
UUID_128ada4b-fb5c-4a93-8914-fd9777de0bf6;DEBW_52210006JsB;WALL;199;0,18;51,08;11,21;0,83;;2,57;DEBW_52210006JsB
UUID_c26834a3-25af-417b-bfe0-f3df0ce60216;DEBW_52210006JsB;WALL;199;0,18;50,55;11,10;0,83;;2,57;DEBW_52210006JsB
UUID_fe0e7cb9-aedf-4bf5-ba6a-07b07e3ddc56;DEBW_52210006JsB;WALL;199;0,18;0,77;0,17;0,83;;2,57;DEBW_52210006JsB
UUID_91d331c0-75f4-41cf-b3e4-e40ca0652f3f;DEBW_52210006JsB;WALL;199;0,18;2,17;0,48;0,83;;2,57;DEBW_52210006JsB
UUID_0392abaf-cb99-4bb4-9a95-7dca861e5ed8;DEBW_52210006JsB;ROOF;226;0,10;79,95;8,88;0,43;;2,57;DEBW_52210006JsB
UUID_b49c49e2-0fbb-4ef4-a23d-3b466d727b39;DEBW_52210006JsB;WALL;199;0,18;85,72;18,82;0,83;;2,57;DEBW_52210006JsB
UUID_f709f438-dc70-4a49-a385-464c7c61972d;DEBW_52210006JsB;WALL;199;0,18;50,32;11,05;0,83;;2,57;DEBW_52210006JsB
UUID_95695027-071b-4f46-b07a-1a216dfe0dbd;DEBW_52210006JsB;ROOF;226;0,10;80,91;8,99;0,43;;2,57;DEBW_52210006JsB
UUID_cc209050-1ad4-4087-ab9c-565a9a542a5a;DEBW_52210006JsB;WALL;199;0,18;12,83;2,82;0,83;;2,57;DEBW_52210006JsB
UUID_fdbe2912-9342-46c3-b61e-93108d96c788;DEBW_52210006JsB;GROUND;150;0,00;113,71;0,00;0,62;;;DEBW_52210006JsB
UUID_d037a3b5-8a1d-491f-879e-3bfabf811da8;DEBW_52210006JsB;WALL;199;0,18;85,53;18,78;0,83;;2,57;DEBW_52210006JsB
UUID_118978ac-7d56-4e36-ac6c-e6703ac17cf9;DEBW_52210004ei8;WALL;199;0,27;0,80;0,30;0,83;;2,57;DEBW_52210004ei8
UUID_e326e120-01e4-4a93-8394-13b03e62fc3f;DEBW_52210004ei8;WALL;199;0,27;26,22;9,70;0,83;;2,57;DEBW_52210004ei8
UUID_66e22803-94b3-4161-88ff-23c47bd542df;DEBW_52210004ei8;WALL;199;0,27;0,00;0,00;0,83;;2,57;DEBW_52210004ei8
UUID_df2c43b0-5a83-4fe9-bc39-59e5d81b733d;DEBW_52210004ei8;WALL;199;0,27;0,70;0,26;0,83;;2,57;DEBW_52210004ei8
UUID_31ba77f9-526f-4270-b719-68f97c86f4e0;DEBW_52210004ei8;ROOF;226;0,10;9,95;1,11;0,43;;2,57;DEBW_52210004ei8
UUID_a7cce273-8d0d-4595-93b8-eaa54e2fc033;DEBW_52210004ei8;WALL;199;0,27;0,70;0,26;0,83;;2,57;DEBW_52210004ei8
UUID_6de536cc-85a4-4518-8439-9d59713aa892;DEBW_52210004ei8;WALL;199;0,27;9,29;3,43;0,83;;2,57;DEBW_52210004ei8
UUID_6521d5c1-933e-49c6-b9a6-899c577775c3;DEBW_52210004ei8;WALL;199;0,27;0,00;0,00;0,83;;2,57;DEBW_52210004ei8
UUID_c5db595b-def1-4bcd-ac29-41dadb77d094;DEBW_52210004ei8;GROUND;150;0,00;11,05;0,00;0,62;;;DEBW_52210004ei8
UUID_09d8f3b3-3659-4878-8e5c-2471dac99c7f;DEBW_52210004ei8;WALL;199;0,27;0,78;0,29;0,83;;2,57;DEBW_52210004ei8
UUID_bbe73556-0935-492b-b960-e03f45258533;DEBW_52210004ei8;WALL;199;0,27;0,00;0,00;0,83;;2,57;DEBW_52210004ei8
UUID_a22cac06-a1a9-4b1d-a0ee-1a8bf551d6ac;DEBW_52210004ei8;WALL;199;0,27;8,76;3,24;0,83;;2,57;DEBW_52210004ei8
UUID_3a01752e-4e6b-4ce6-9032-844a91a741ff;DEBW_52210006HoP;WALL;199;0,27;1,86;0,69;0,83;;2,57;DEBW_52210006HoP
UUID_82ffe57c-26eb-4569-befc-17d85d2092ce;DEBW_52210006HoP;WALL;199;0,27;0,23;0,09;0,83;;2,57;DEBW_52210006HoP
UUID_285760b3-553c-4083-b675-2f70d8185358;DEBW_52210006HoP;GROUND;150;0,00;40,56;0,00;0,62;;;DEBW_52210006HoP
UUID_9cd3fd06-3f22-4f3f-b1c6-d9cbdb64b645;DEBW_52210006HoP;WALL;199;0,27;20,68;7,65;0,83;;2,57;DEBW_52210006HoP
UUID_7339c625-abe8-4133-aedf-8a93627fa852;DEBW_52210006HoP;WALL;199;0,27;12,94;4,79;0,83;;2,57;DEBW_52210006HoP
UUID_b0b44eec-c650-4bbc-9b07-59fa0931c7d1;DEBW_52210006HoP;WALL;199;0,27;18,74;6,93;0,83;;2,57;DEBW_52210006HoP
UUID_47e29f5b-0726-4da2-aec6-31846d70dc3f;DEBW_52210006HoP;ROOF;100;0,00;40,56;0,00;0,40;;2,57;DEBW_52210006HoP
UUID_ec5ab798-3c36-4e13-b75f-c863e5e324a7;DEBW_52210006HoP;WALL;199;0,27;12,64;4,68;0,83;;2,57;DEBW_52210006HoP
UUID_17b8ee3a-e7fb-4dbf-bc6d-da0c3bf5298c;DEBW_52210006Jto;WALL;199;0,27;5,63;2,08;0,83;;2,57;DEBW_52210006Jto
UUID_1350dea8-488f-4f82-9fc6-4f3c01df8326;DEBW_52210006Jto;WALL;199;0,27;5,58;2,06;0,83;;2,57;DEBW_52210006Jto
UUID_a086ade9-e091-4a47-9d69-2dbdf969f09e;DEBW_52210006Jto;ROOF;226;0,10;4,40;0,49;0,43;;2,57;DEBW_52210006Jto
UUID_c0b289d3-8742-49ec-ac30-edcda1443e06;DEBW_52210006Jto;WALL;199;0,27;5,72;2,12;0,83;;2,57;DEBW_52210006Jto
UUID_a07743d4-cd46-45fc-a97b-941984c9b093;DEBW_52210006Jto;WALL;199;0,27;0,18;0,07;0,83;;2,57;DEBW_52210006Jto
UUID_f6a874c0-bd50-401f-bd9d-3c2ae5976f95;DEBW_52210006Jto;GROUND;150;0,00;2,35;0,00;0,62;;;DEBW_52210006Jto
UUID_16900617-6e10-4322-a123-680242ab6b4c;DEBW_52210005M2x;WALL;199;0,18;80,36;17,64;0,83;;2,57;DEBW_52210005M2x
UUID_ac4ac9b9-e0d9-4c3f-9877-743b5dfb6a85;DEBW_52210005M2x;ROOF;226;0,10;102,79;11,42;0,43;;2,57;DEBW_52210005M2x
UUID_d56cb103-614d-4f1e-badc-667a8f128b8f;DEBW_52210005M2x;WALL;199;0,18;34,40;7,55;0,83;;2,57;DEBW_52210005M2x
UUID_5f0e8ce8-8ea7-418f-a46f-ac9a2715a8b2;DEBW_52210005M2x;WALL;199;0,18;61,13;13,42;0,83;;2,57;DEBW_52210005M2x
UUID_e4971ce2-01c0-4bd6-a445-f555dc277ef2;DEBW_52210005M2x;WALL;199;0,18;37,72;8,28;0,83;;2,57;DEBW_52210005M2x
UUID_66ab8349-9458-44fe-924c-d7ddb7b70b8d;DEBW_52210005M2x;ROOF;226;0,10;0,18;0,02;0,43;;2,57;DEBW_52210005M2x
UUID_0f2a2a9f-d8ef-43fe-8276-4b62625e5f48;DEBW_52210005M2x;WALL;199;0,18;61,67;13,54;0,83;;2,57;DEBW_52210005M2x
UUID_f5d869e8-469f-4ac7-b60d-e820ca978ed2;DEBW_52210005M2x;WALL;199;0,18;0,93;0,20;0,83;;2,57;DEBW_52210005M2x
UUID_47f6a3b5-96db-4ee1-a85e-4d8772482f25;DEBW_52210005M2x;ROOF;226;0,10;51,55;5,73;0,43;;2,57;DEBW_52210005M2x
UUID_f6f97555-25d6-43f9-b1b9-6a4031cd1ff4;DEBW_52210005M2x;WALL;199;0,18;24,76;5,43;0,83;;2,57;DEBW_52210005M2x
UUID_324c7ebe-61e7-4698-b519-5438e8eb423c;DEBW_52210005M2x;GROUND;150;0,00;137,65;0,00;0,62;;;DEBW_52210005M2x
UUID_3070bed5-d876-417a-b1ec-0308fe40b50a;DEBW_52210005M2x;ROOF;226;0,10;16,59;1,84;0,43;;2,57;DEBW_52210005M2x
UUID_e3762d9d-2770-45d2-b142-f38f6021c501;DEBW_52210005M2x;WALL;199;0,18;10,47;2,30;0,83;;2,57;DEBW_52210005M2x
UUID_04e9baeb-7445-4d89-b5fb-dc75d4ccc994;DEBW_52210005M2x;WALL;199;0,18;21,04;4,62;0,83;;2,57;DEBW_52210005M2x
UUID_e76f72b5-220d-490e-937f-237a9b347d3b;DEBW_52210005ynV;WALL;199;0,27;9,82;3,63;0,83;;2,57;DEBW_52210005ynV
UUID_aae7d90b-6771-4851-9f6a-59691db3a980;DEBW_52210005ynV;WALL;199;0,27;0,65;0,24;0,83;;2,57;DEBW_52210005ynV
UUID_edc19202-7baa-4b03-b168-4a74682cf5f6;DEBW_52210005ynV;WALL;199;0,27;0,36;0,13;0,83;;2,57;DEBW_52210005ynV
UUID_551d1237-d344-4f73-92c5-d262a93eec6e;DEBW_52210005ynV;GROUND;150;0,00;45,81;0,00;0,62;;;DEBW_52210005ynV
UUID_cc78a02d-f8be-47ec-a641-708e874899e8;DEBW_52210005ynV;WALL;199;0,27;0,38;0,14;0,83;;2,57;DEBW_52210005ynV
UUID_cab8f497-2d9a-48e4-a923-4066f46d464c;DEBW_52210005ynV;WALL;199;0,27;8,74;3,23;0,83;;2,57;DEBW_52210005ynV
UUID_ef917227-09f2-4cea-be90-831882269a90;DEBW_52210005ynV;WALL;199;0,27;3,89;1,44;0,83;;2,57;DEBW_52210005ynV
UUID_ff0c320a-2dc7-4495-8c91-96a558334a2f;DEBW_52210005ynV;WALL;199;0,27;9,38;3,47;0,83;;2,57;DEBW_52210005ynV
UUID_1b700516-90ba-4fc5-bd1d-e0fd2a7ffa3a;DEBW_52210005ynV;WALL;199;0,27;0,00;0,00;0,83;;2,57;DEBW_52210005ynV
UUID_16f3e2b6-ffe8-48db-9ca9-4c94cb96e820;DEBW_52210005ynV;ROOF;226;0,10;21,51;2,39;0,43;;2,57;DEBW_52210005ynV
UUID_d7fbaace-7c51-4dd7-8474-463db8cbbcff;DEBW_52210005ynV;WALL;199;0,27;24,52;9,07;0,83;;2,57;DEBW_52210005ynV
UUID_76c81ce1-04e4-44ed-8f17-4b7657d846b0;DEBW_52210005ynV;ROOF;226;0,10;22,32;2,48;0,43;;2,57;DEBW_52210005ynV
UUID_20005286-7c32-4155-ac37-5a7031d47e51;DEBW_52210006Hrk;ROOF;226;0,10;25,32;2,81;0,43;;2,57;DEBW_52210006Hrk
UUID_1a90c3c8-d3cd-46de-a0dd-cfb0b0a7be01;DEBW_52210006Hrk;WALL;199;0,27;9,88;3,65;0,83;;2,57;DEBW_52210006Hrk
UUID_fcf5e1a4-f9ab-42ea-b77a-c525ed632149;DEBW_52210006Hrk;GROUND;150;0,00;28,09;0,00;0,62;;;DEBW_52210006Hrk
UUID_7135aa81-d477-4c46-afeb-7e83f0fb0a04;DEBW_52210006Hrk;WALL;199;0,27;12,94;4,79;0,83;;2,57;DEBW_52210006Hrk
UUID_13852610-56e9-467b-9f4c-3c5f6082b206;DEBW_52210006Hrk;WALL;199;0,27;3,09;1,14;0,83;;2,57;DEBW_52210006Hrk
UUID_4889e0c5-f0a2-42fd-b96c-9ad2c327f7ef;DEBW_52210006Hrk;WALL;199;0,27;2,22;0,82;0,83;;2,57;DEBW_52210006Hrk
UUID_2656dc9a-2adb-49ab-995d-89344ad9cf46;DEBW_52210006Hrk;WALL;199;0,27;7,22;2,67;0,83;;2,57;DEBW_52210006Hrk
UUID_1fee625f-c3a9-4575-b7a3-ff8bd292085a;DEBW_52210003v4C;ROOF;100;0,00;74,46;0,00;0,40;;2,57;DEBW_52210003v4C
UUID_705850f5-133a-4ebc-af25-95d19b93926b;DEBW_52210003v4C;WALL;199;0,27;29,41;10,88;0,83;;2,57;DEBW_52210003v4C
UUID_30fd716c-b7e6-4645-b7fc-0189e88f3489;DEBW_52210003v4C;WALL;199;0,27;25,46;9,42;0,83;;2,57;DEBW_52210003v4C
UUID_c8af5b55-df4e-4e41-b648-b49ca3f65334;DEBW_52210003v4C;WALL;199;0,27;5,96;2,20;0,83;;2,57;DEBW_52210003v4C
UUID_8a4c19d5-3202-458f-9945-65acda267411;DEBW_52210003v4C;WALL;199;0,27;8,48;3,14;0,83;;2,57;DEBW_52210003v4C
UUID_cb7f685f-74c5-4c89-b1c5-4ee195ba2fb0;DEBW_52210003v4C;GROUND;150;0,00;74,46;0,00;0,62;;;DEBW_52210003v4C
UUID_00a52f36-4696-4718-84ae-24f0d8b87680;DEBW_52210003v4C;WALL;199;0,27;4,96;1,83;0,83;;2,57;DEBW_52210003v4C
UUID_a8bb8843-8c03-44f4-8d08-10b758ff9fed;DEBW_52210003v4C;WALL;199;0,27;44,45;16,44;0,83;;2,57;DEBW_52210003v4C
UUID_3e66bc1b-5a27-4a6f-a86e-a2ca7911c969;DEBW_52210003v4C;WALL;199;0,27;55,70;20,60;0,83;;2,57;DEBW_52210003v4C
UUID_bcee37ba-a05a-4095-828e-ccf11d0517df;DEBW_52210003v4C;WALL;199;0,27;2,60;0,96;0,83;;2,57;DEBW_52210003v4C
UUID_fb514eba-f771-4b85-b2a5-199f88624d4f;DEBW_52210004eFK;WALL;199;0,18;58,35;12,81;0,83;;2,57;DEBW_52210004eFK
UUID_1179e34d-3028-4b8e-9b26-2a6eb90b6642;DEBW_52210004eFK;WALL;199;0,18;52,33;11,49;0,83;;2,57;DEBW_52210004eFK
UUID_da922ee2-9bdf-4df6-9fd4-7e0e14524c06;DEBW_52210004eFK;ROOF;226;0,10;114,79;12,75;0,43;;2,57;DEBW_52210004eFK
UUID_b6a79ce5-9091-4377-98f5-abd40be9033c;DEBW_52210004eFK;WALL;199;0,18;32,54;7,14;0,83;;2,57;DEBW_52210004eFK
UUID_3549f8e3-89d2-4c5c-aa09-12ff0f6057d7;DEBW_52210004eFK;WALL;199;0,18;37,98;8,34;0,83;;2,57;DEBW_52210004eFK
UUID_300623ee-cdb8-487e-a8c4-cd3f7049ca83;DEBW_52210004eFK;WALL;199;0,18;9,71;2,13;0,83;;2,57;DEBW_52210004eFK
UUID_c01127dc-e883-4970-9ada-c623129692d3;DEBW_52210004eFK;WALL;199;0,18;3,84;0,84;0,83;;2,57;DEBW_52210004eFK
UUID_792ae9a8-451b-4e1e-b26f-2d0f92df8f63;DEBW_52210004eFK;WALL;199;0,18;44,93;9,86;0,83;;2,57;DEBW_52210004eFK
UUID_4237c898-0679-44c5-9b8d-2fbed3b9df7b;DEBW_52210004eFK;WALL;199;0,18;12,93;2,84;0,83;;2,57;DEBW_52210004eFK
UUID_74a5b8a2-f8e1-4ef8-8ffa-7ac54c72355f;DEBW_52210004eFK;WALL;199;0,18;29,41;6,46;0,83;;2,57;DEBW_52210004eFK
UUID_1f784b56-57f8-4ed7-94eb-91e0662efa64;DEBW_52210004eFK;WALL;199;0,18;4,23;0,93;0,83;;2,57;DEBW_52210004eFK
UUID_2f2abde8-8407-4d47-961b-d5e8fdcbb796;DEBW_52210004eFK;ROOF;226;0,10;30,15;3,35;0,43;;2,57;DEBW_52210004eFK
UUID_0e35b0a8-c586-49db-9452-fc9c82d482de;DEBW_52210004eFK;WALL;199;0,18;0,65;0,14;0,83;;2,57;DEBW_52210004eFK
UUID_89380c48-6bec-4f7a-bdd7-c29c75eebdcf;DEBW_52210004eFK;WALL;199;0,18;16,98;3,73;0,83;;2,57;DEBW_52210004eFK
UUID_db62b704-0284-4a85-af3b-46e1fea423f1;DEBW_52210004eFK;WALL;199;0,18;9,11;2,00;0,83;;2,57;DEBW_52210004eFK
UUID_4f5c62e5-283e-49ad-aa1b-fa92a100f15d;DEBW_52210004eFK;WALL;199;0,18;65,25;14,32;0,83;;2,57;DEBW_52210004eFK
UUID_a19a1c90-dbf2-4b51-ad5e-94f1234908f7;DEBW_52210004eFK;WALL;199;0,18;2,66;0,58;0,83;;2,57;DEBW_52210004eFK
UUID_a28d8e5e-6640-44b6-9e46-0fac1a404c14;DEBW_52210004eFK;WALL;199;0,18;40,26;8,84;0,83;;2,57;DEBW_52210004eFK
UUID_63cc3beb-081d-4e17-9e75-cb7f639947be;DEBW_52210004eFK;WALL;199;0,18;21,13;4,64;0,83;;2,57;DEBW_52210004eFK
UUID_d90d988c-da9b-4604-b693-92f09831dc71;DEBW_52210004eFK;WALL;199;0,18;8,79;1,93;0,83;;2,57;DEBW_52210004eFK
UUID_5f603188-a9d0-4b56-b960-cbfd994b71ac;DEBW_52210004eFK;WALL;199;0,18;25,49;5,59;0,83;;2,57;DEBW_52210004eFK
UUID_09526261-3c57-4b39-b9aa-8f3911e09b16;DEBW_52210004eFK;WALL;199;0,18;37,12;8,15;0,83;;2,57;DEBW_52210004eFK
UUID_c41edf8c-190b-4249-829a-08686378a335;DEBW_52210004eFK;ROOF;226;0,10;98,01;10,89;0,43;;2,57;DEBW_52210004eFK
UUID_64e9edbf-022e-46c2-9b56-dbeff8d69af3;DEBW_52210004eFK;WALL;199;0,18;3,84;0,84;0,83;;2,57;DEBW_52210004eFK
UUID_944d08fe-f9a0-40e9-9c09-92f7c520f3e4;DEBW_52210004eFK;GROUND;150;0,00;263,79;0,00;0,62;;;DEBW_52210004eFK
UUID_5656f804-91be-4209-82a9-a0672fbd075b;DEBW_52210004eFK;WALL;199;0,18;4,22;0,93;0,83;;2,57;DEBW_52210004eFK
UUID_a17ba3ee-433c-4e22-9a57-4a2c16f480d2;DEBW_52210004eFK;WALL;199;0,18;5,46;1,20;0,83;;2,57;DEBW_52210004eFK
UUID_b372acfd-8170-4ee6-99a5-3c7dca8860bf;DEBW_52210004eFK;ROOF;226;0,10;20,31;2,26;0,43;;2,57;DEBW_52210004eFK
UUID_adc9d558-2b4f-40db-8db5-a19d4c79963e;DEBW_52210004eFK;WALL;199;0,18;52,38;11,50;0,83;;2,57;DEBW_52210004eFK
UUID_6997e15e-f37d-4fd6-8da5-a825a73cd457;DEBW_52210004eFK;WALL;199;0,18;15,50;3,40;0,83;;2,57;DEBW_52210004eFK
UUID_c12eeb13-1f03-4bb1-8efa-4a9b29e39a07;DEBW_52210005MB5;WALL;199;0,27;0,00;0,00;0,83;;2,57;DEBW_52210005MB5
UUID_c48463cc-0060-4be3-9537-2f245cd7f3a7;DEBW_52210005MB5;ROOF;100;0,00;30,95;0,00;0,40;;2,57;DEBW_52210005MB5
UUID_067079bd-a97a-4f85-a498-3193a9eaff2b;DEBW_52210005MB5;WALL;199;0,27;0,00;0,00;0,83;;2,57;DEBW_52210005MB5
UUID_998a9175-3613-4531-9957-4698de024d0d;DEBW_52210005MB5;WALL;199;0,27;0,54;0,20;0,83;;2,57;DEBW_52210005MB5
UUID_6333ed94-1fa3-4697-9d8c-cbf2213b0b4e;DEBW_52210005MB5;WALL;199;0,27;12,13;4,49;0,83;;2,57;DEBW_52210005MB5
UUID_01994274-120c-427f-870d-daaf57859988;DEBW_52210005MB5;WALL;199;0,27;0,00;0,00;0,83;;2,57;DEBW_52210005MB5
UUID_2bb277da-65a7-4f69-af36-f88b31d91855;DEBW_52210005MB5;WALL;199;0,27;1,88;0,69;0,83;;2,57;DEBW_52210005MB5
UUID_7ca52e38-c756-4cf3-8b0f-344426512276;DEBW_52210005MB5;WALL;199;0,27;12,66;4,68;0,83;;2,57;DEBW_52210005MB5
UUID_5eb32e04-d7c0-447b-8a22-f70e5e3303f9;DEBW_52210005MB5;GROUND;150;0,00;30,95;0,00;0,62;;;DEBW_52210005MB5
UUID_182b26cb-7006-4187-9b89-3e9c20bc5b60;DEBW_52210006Hwg;WALL;199;0,27;68,24;25,24;0,83;;2,57;DEBW_52210006Hwg
UUID_b12995ae-1673-4404-b923-cbdfe3735de7;DEBW_52210006Hwg;WALL;199;0,27;23,97;8,86;0,83;;2,57;DEBW_52210006Hwg
UUID_fbc54994-847f-497d-837b-b9afe491394e;DEBW_52210006Hwg;WALL;199;0,27;18,37;6,80;0,83;;2,57;DEBW_52210006Hwg
UUID_0913c8e2-b363-48b8-ab74-f928d0fbc839;DEBW_52210006Hwg;WALL;199;0,27;7,08;2,62;0,83;;2,57;DEBW_52210006Hwg
UUID_92efbcbc-a12f-416a-92d3-dabee16d494f;DEBW_52210006Hwg;WALL;199;0,27;0,09;0,03;0,83;;2,57;DEBW_52210006Hwg
UUID_539be04b-e548-457f-a012-cf49d4ba09d9;DEBW_52210006Hwg;WALL;199;0,27;0,08;0,03;0,83;;2,57;DEBW_52210006Hwg
UUID_8a8885e1-0844-409c-b490-af107a470d84;DEBW_52210006Hwg;WALL;199;0,27;24,03;8,89;0,83;;2,57;DEBW_52210006Hwg
UUID_0a1e750e-c92a-4c09-b920-204663e03e7d;DEBW_52210006Hwg;WALL;199;0,27;72,50;26,82;0,83;;2,57;DEBW_52210006Hwg
UUID_502dda4a-57d8-4904-ac77-6fb93a53ea57;DEBW_52210006Hwg;WALL;199;0,27;69,03;25,53;0,83;;2,57;DEBW_52210006Hwg
UUID_33b8766c-28ec-43bd-893a-e31c9991f4c0;DEBW_52210006Hwg;ROOF;226;0,10;210,47;23,39;0,43;;2,57;DEBW_52210006Hwg
UUID_d9ae3df3-d31e-4195-845e-f95ea9a9ab0a;DEBW_52210006Hwg;WALL;199;0,27;69,32;25,64;0,83;;2,57;DEBW_52210006Hwg
UUID_2499930a-0eec-4a59-8545-3a11f57cfdf9;DEBW_52210006Hwg;WALL;199;0,27;70,01;25,89;0,83;;2,57;DEBW_52210006Hwg
UUID_456f8401-0f4f-419c-b7f4-7c0175aaf270;DEBW_52210006Hwg;GROUND;150;0,00;233,85;0,00;0,62;;;DEBW_52210006Hwg
UUID_d699b060-7ea5-4570-b245-a20528d40818;DEBW_52210003v7t;GROUND;150;0,00;6,15;0,00;0,62;;;DEBW_52210003v7t
UUID_59f645f9-44c8-49bf-8d4b-00ccadea5092;DEBW_52210003v7t;WALL;199;0,27;6,15;2,27;0,83;;2,57;DEBW_52210003v7t
UUID_30b168b5-b592-482f-97fd-0441308b2dcc;DEBW_52210003v7t;WALL;199;0,27;2,83;1,05;0,83;;2,57;DEBW_52210003v7t
UUID_fcb61abb-138b-4a88-bbe4-a5566532392f;DEBW_52210003v7t;WALL;199;0,27;0,00;0,00;0,83;;2,57;DEBW_52210003v7t
UUID_19df39e8-1ee2-4113-abd8-6308d554cde4;DEBW_52210003v7t;WALL;199;0,27;2,90;1,07;0,83;;2,57;DEBW_52210003v7t
UUID_a09ad6b4-e4fe-4c86-8a92-510286651b2d;DEBW_52210003v7t;ROOF;226;0,10;5,57;0,62;0,43;;2,57;DEBW_52210003v7t
UUID_4dc0846b-f218-4359-8425-7c5d84d97ad7;DEBW_52210005yqw;ROOF;226;0,10;67,71;7,52;0,43;;2,57;DEBW_52210005yqw
UUID_eb161f04-d936-46db-9223-e333ad7500b8;DEBW_52210005yqw;ROOF;226;0,10;88,91;9,88;0,43;;2,57;DEBW_52210005yqw
UUID_4728dc9d-6431-4dbe-a5ad-4403b8324ee7;DEBW_52210005yqw;WALL;199;0,18;49,09;10,78;0,83;;2,57;DEBW_52210005yqw
UUID_f4871af2-1289-45f7-aab0-f556245680b1;DEBW_52210005yqw;WALL;199;0,18;54,06;11,87;0,83;;2,57;DEBW_52210005yqw
UUID_2dd7b995-50f2-41d2-8ff8-a029d4966d26;DEBW_52210005yqw;GROUND;150;0,00;131,98;0,00;0,62;;;DEBW_52210005yqw
UUID_34e3f343-fb94-4c1a-8d6e-16992aba60df;DEBW_52210005yqw;WALL;199;0,18;7,13;1,57;0,83;;2,57;DEBW_52210005yqw
UUID_d224a1ed-b524-43ad-a72c-939991d59d21;DEBW_52210005yqw;WALL;199;0,18;50,96;11,19;0,83;;2,57;DEBW_52210005yqw
UUID_fe5a6b3f-b2da-4472-bc0b-0995d693a128;DEBW_52210005yqw;WALL;199;0,18;58,51;12,84;0,83;;2,57;DEBW_52210005yqw
UUID_de19348f-ccc7-4f29-ace5-1061410459cf;DEBW_52210005yqw;WALL;199;0,18;3,27;0,72;0,83;;2,57;DEBW_52210005yqw
UUID_89463cab-782a-4111-95cf-bd632d20258c;DEBW_52210005yqw;ROOF;226;0,10;3,22;0,36;0,43;;2,57;DEBW_52210005yqw
UUID_78203f0a-aac2-4b25-8880-abd9a1545bc5;DEBW_52210005yqw;WALL;199;0,18;23,43;5,14;0,83;;2,57;DEBW_52210005yqw
UUID_33ec8fba-a35a-4349-9e0a-32b979bf1300;DEBW_52210005yqw;WALL;199;0,18;40,18;8,82;0,83;;2,57;DEBW_52210005yqw
UUID_b9913072-528d-4955-b50f-0d806ee033f0;DEBW_52210005yqw;WALL;199;0,18;7,38;1,62;0,83;;2,57;DEBW_52210005yqw
UUID_0ef02817-fe91-4f35-ac3a-fd3d76438987;DEBW_52210005yqw;WALL;199;0,18;51,62;11,33;0,83;;2,57;DEBW_52210005yqw
UUID_5b81bac7-45b5-4875-8400-8056edb0b33b;DEBW_52210005yqw;WALL;199;0,18;25,06;5,50;0,83;;2,57;DEBW_52210005yqw
UUID_cb405248-9955-4a25-ba03-28c835f3d5ab;DEBW_52210005yqw;WALL;199;0,18;1,55;0,34;0,83;;2,57;DEBW_52210005yqw
UUID_2863eace-dd63-495c-81de-388980e4ad63;DEBW_52210004edl;ROOF;226;0,10;50,25;5,58;0,43;;2,57;DEBW_52210004edl
UUID_1a807afd-5e8a-46e1-9f63-2327c065d5cc;DEBW_52210004edl;WALL;199;0,14;58,41;9,51;0,83;;2,57;DEBW_52210004edl
UUID_fb68b6ba-f26b-44ab-a3de-ed26590ea1af;DEBW_52210004edl;WALL;199;0,14;32,42;5,28;0,83;;2,57;DEBW_52210004edl
UUID_aa0102f3-5e65-40b4-a4ab-0511793614bd;DEBW_52210004edl;GROUND;150;0,00;89,61;0,00;0,62;;;DEBW_52210004edl
UUID_f15613d7-6305-4088-8f8f-b849ee79b32c;DEBW_52210004edl;WALL;199;0,14;32,82;5,34;0,83;;2,57;DEBW_52210004edl
UUID_df74e72d-24f0-4001-b599-fdd26ad62fbd;DEBW_52210004edl;ROOF;226;0,10;51,17;5,69;0,43;;2,57;DEBW_52210004edl
UUID_b73dafc2-6fd8-45d0-a74c-d0b5ccb2842d;DEBW_52210004edl;WALL;199;0,14;57,74;9,40;0,83;;2,57;DEBW_52210004edl
UUID_cd47feb9-aca6-4bfe-8061-f407270bc4f1;DEBW_52210004edl;WALL;199;0,14;32,70;5,32;0,83;;2,57;DEBW_52210004edl
UUID_8610cd29-b312-4b7f-a2dc-75917e327a17;DEBW_52210004edl;WALL;199;0,14;32,06;5,22;0,83;;2,57;DEBW_52210004edl
UUID_29efb0f9-73ca-490d-9598-db92178d9dc5;DEBW_52210003vBM;WALL;199;0,18;27,05;5,94;0,83;;2,57;DEBW_52210003vBM
UUID_2a6f305d-a3d6-473f-96a8-834c7b073630;DEBW_52210003vBM;WALL;199;0,18;53,94;11,84;0,83;;2,57;DEBW_52210003vBM
UUID_16e52aca-f1c7-49d5-8ecd-f035115937b3;DEBW_52210003vBM;WALL;199;0,18;89,46;19,64;0,83;;2,57;DEBW_52210003vBM
UUID_bbc3aa3c-5f01-4a92-91ea-a31dc01a92a7;DEBW_52210003vBM;WALL;199;0,18;42,39;9,31;0,83;;2,57;DEBW_52210003vBM
UUID_49e0b664-cdad-431c-93a8-968061b7dc2b;DEBW_52210003vBM;WALL;199;0,18;42,71;9,37;0,83;;2,57;DEBW_52210003vBM
UUID_bc2e794a-ea1b-4ee2-bade-b51fa25ccb4c;DEBW_52210003vBM;ROOF;226;0,10;61,46;6,83;0,43;;2,57;DEBW_52210003vBM
UUID_cc9f9cd2-c5ea-425c-a500-5cfa4ec9b844;DEBW_52210003vBM;WALL;199;0,18;59,24;13,00;0,83;;2,57;DEBW_52210003vBM
UUID_d9e3883b-dfe0-405b-9556-84b1697227c4;DEBW_52210003vBM;ROOF;226;0,10;67,90;7,54;0,43;;2,57;DEBW_52210003vBM
UUID_1ea1e0d0-76c0-4bd7-be9c-7edaac9ad39a;DEBW_52210003vBM;WALL;199;0,18;12,77;2,80;0,83;;2,57;DEBW_52210003vBM
UUID_541d2e6c-52d8-44ce-aa18-2ddc7b30917f;DEBW_52210003vBM;GROUND;150;0,00;111,92;0,00;0,62;;;DEBW_52210003vBM
UUID_19a4a977-fe12-420f-bc74-0200ee4e108c;DEBW_52210003vBM;WALL;199;0,18;41,82;9,18;0,83;;2,57;DEBW_52210003vBM
UUID_4e0607c0-d341-4acd-9258-75084a117327;DEBW_52210005MIF;WALL;199;0,14;33,11;5,39;0,83;;2,57;DEBW_52210005MIF
UUID_bdff7865-2bb2-455f-8dbd-9311f933bbb3;DEBW_52210005MIF;WALL;199;0,14;15,03;2,45;0,83;;2,57;DEBW_52210005MIF
UUID_46276edb-c7cd-4f37-b2ea-c0144fc88682;DEBW_52210005MIF;GROUND;150;0,00;48,96;0,00;0,62;;;DEBW_52210005MIF
UUID_3821cfd8-2324-4146-833d-e0bcd8d8b3ce;DEBW_52210005MIF;WALL;199;0,14;37,23;6,06;0,83;;2,57;DEBW_52210005MIF
UUID_9ea9a815-50b0-4cea-a238-86173c21ed77;DEBW_52210005MIF;WALL;199;0,14;14,64;2,38;0,83;;2,57;DEBW_52210005MIF
UUID_192075f7-da96-4530-95b9-433457062958;DEBW_52210005MIF;WALL;199;0,14;33,08;5,39;0,83;;2,57;DEBW_52210005MIF
UUID_15d5d898-db92-4566-9a2e-615e6ebf9d9c;DEBW_52210005MIF;ROOF;226;0,10;44,06;4,90;0,43;;2,57;DEBW_52210005MIF
UUID_9f9d4af5-328f-45da-b0fa-84956d0025e4;DEBW_52210006Hx8;WALL;199;0,27;4,06;1,50;0,83;;2,57;DEBW_52210006Hx8
UUID_a8355d1b-1e04-456b-8be2-b0a415d026f4;DEBW_52210006Hx8;ROOF;100;0,00;4,94;0,00;0,40;;2,57;DEBW_52210006Hx8
UUID_01b956be-f04d-4f7a-a03b-78be156474e2;DEBW_52210006Hx8;WALL;199;0,27;3,94;1,46;0,83;;2,57;DEBW_52210006Hx8
UUID_87584241-d711-4ce4-9cd4-c9e07e9a2f3b;DEBW_52210006Hx8;WALL;199;0,27;0,00;0,00;0,83;;2,57;DEBW_52210006Hx8
UUID_025d527f-38f2-4070-b4be-cc64509a3ca4;DEBW_52210006Hx8;GROUND;150;0,00;4,94;0,00;0,62;;;DEBW_52210006Hx8
UUID_bf2136f3-7fa1-46d0-a23b-8d62fe42917c;DEBW_52210006Hx8;WALL;199;0,27;9,35;3,46;0,83;;2,57;DEBW_52210006Hx8
UUID_7c00df6e-f2fa-4af4-a492-57ada4d14ed2;DEBW_52210006JuH;WALL;199;0,14;11,56;1,88;0,83;;2,57;DEBW_52210006JuH
UUID_6f0593d6-5745-456d-8aaf-1a6e7a49d727;DEBW_52210006JuH;GROUND;150;0,00;29,41;0,00;0,62;;;DEBW_52210006JuH
UUID_19417b7e-e374-43ac-a365-71bb6f110b0d;DEBW_52210006JuH;ROOF;226;0,10;30,43;3,38;0,43;;2,57;DEBW_52210006JuH
UUID_c2265278-2355-4514-a38a-547d0b8ef7cf;DEBW_52210006JuH;WALL;199;0,14;6,68;1,09;0,83;;2,57;DEBW_52210006JuH
UUID_7c5e018c-8409-48c8-a0b7-47e909d935f0;DEBW_52210006JuH;WALL;199;0,14;6,74;1,10;0,83;;2,57;DEBW_52210006JuH
UUID_d5c7cc75-3f44-440c-ac7b-3880818f8d91;DEBW_52210006JuH;WALL;199;0,14;25,95;4,22;0,83;;2,57;DEBW_52210006JuH
UUID_b64f24ef-b0e7-479a-b35a-de74071d760a;DEBW_52210005gxN;ROOF;226;0,10;19,96;2,22;0,43;;2,57;DEBW_52210005gxN
UUID_c9482ab4-97ff-49a8-adc1-514b0793569f;DEBW_52210005gxN;WALL;199;0,27;0,04;0,02;0,83;;2,57;DEBW_52210005gxN
UUID_f407f0a5-3e54-4889-a8c6-650c33298d1b;DEBW_52210005gxN;ROOF;226;0,10;25,83;2,87;0,43;;2,57;DEBW_52210005gxN
UUID_2e6b2802-a343-43f4-9b24-bf73e9c21401;DEBW_52210005gxN;ROOF;226;0,10;26,16;2,91;0,43;;2,57;DEBW_52210005gxN
UUID_1cf607f2-161b-49e0-8147-6250f3fed603;DEBW_52210005gxN;GROUND;150;0,00;60,08;0,00;0,62;;;DEBW_52210005gxN
UUID_71faf90b-5fc2-4627-9474-d435be159e62;DEBW_52210005gxN;WALL;199;0,27;34,16;12,63;0,83;;2,57;DEBW_52210005gxN
UUID_41580b02-837e-429a-ad79-f2d2274cdb40;DEBW_52210005gxN;ROOF;226;0,10;0,06;0,01;0,43;;2,57;DEBW_52210005gxN
UUID_7871e73d-2a6a-44dc-a53f-d81fd85feac6;DEBW_52210005gxN;WALL;199;0,27;46,30;17,12;0,83;;2,57;DEBW_52210005gxN
UUID_f275fbec-8826-4a71-ae94-613e85d7dd65;DEBW_52210005gxN;WALL;199;0,27;0,04;0,02;0,83;;2,57;DEBW_52210005gxN
UUID_fc4afa9b-3d74-4e9a-9fd8-cb661ae4cfc1;DEBW_52210005gxN;WALL;199;0,27;0,24;0,09;0,83;;2,57;DEBW_52210005gxN
UUID_cfb641cc-6a1a-4908-9bdd-147df696e959;DEBW_52210005gxN;WALL;199;0,27;33,94;12,55;0,83;;2,57;DEBW_52210005gxN
UUID_b7bcb367-6e31-4b02-a202-b199598b30e6;DEBW_52210004enR;GROUND;150;0,00;25,60;0,00;0,62;;;DEBW_52210004enR
UUID_924f2b8d-4344-42ef-84c0-ea7efeef6e6b;DEBW_52210004enR;WALL;199;0,27;1,22;0,45;0,83;;2,57;DEBW_52210004enR
UUID_3f47406f-899f-4de8-acbc-c85fe8cc35e8;DEBW_52210004enR;WALL;199;0,27;1,96;0,73;0,83;;2,57;DEBW_52210004enR
UUID_0420a7ca-588f-4469-9fab-ddbd904c5383;DEBW_52210004enR;ROOF;226;0,10;23,04;2,56;0,43;;2,57;DEBW_52210004enR
UUID_56d225cb-537b-484c-ac4a-0b83b30c453a;DEBW_52210004enR;WALL;199;0,27;2,00;0,74;0,83;;2,57;DEBW_52210004enR
UUID_bdfadced-b7f0-4e74-b7c1-ceda0e7bd727;DEBW_52210004enR;WALL;199;0,27;1,14;0,42;0,83;;2,57;DEBW_52210004enR
UUID_1578c87e-6eb0-46a9-befe-7b54a0106d59;DEBW_52210004enR;WALL;199;0,27;5,62;2,08;0,83;;2,57;DEBW_52210004enR
UUID_100a6b29-3001-4069-8cd5-08439df4ac6d;DEBW_52210004enR;WALL;199;0,27;6,79;2,51;0,83;;2,57;DEBW_52210004enR
UUID_51692717-4da9-4ef4-b2a3-3c0005c852b0;DEBW_52210005MLw;GROUND;150;0,00;40,88;0,00;0,62;;;DEBW_52210005MLw
UUID_9fbe27cc-8432-4631-bb1c-35578240def0;DEBW_52210005MLw;ROOF;226;0,10;36,79;4,09;0,43;;2,57;DEBW_52210005MLw
UUID_1cb8c81b-1d0a-4cf7-8c9b-d9a9c1d5817b;DEBW_52210005MLw;WALL;199;0,14;15,18;2,47;0,83;;2,57;DEBW_52210005MLw
UUID_e16141ec-6eca-41c2-8ac4-3c1ded41388d;DEBW_52210005MLw;WALL;199;0,14;12,45;2,03;0,83;;2,57;DEBW_52210005MLw
UUID_a0792299-d03f-4ce2-b975-ea4a64908064;DEBW_52210005MLw;WALL;199;0,14;12,46;2,03;0,83;;2,57;DEBW_52210005MLw
UUID_5ca6d383-d22b-430d-a769-fdc671e39512;DEBW_52210005MLw;WALL;199;0,14;15,16;2,47;0,83;;2,57;DEBW_52210005MLw
UUID_7a605197-0c19-4710-99ab-2211e4f0f411;DEBW_52210005z2g;WALL;199;0,27;0,31;0,11;0,83;;2,57;DEBW_52210005z2g
UUID_311947ab-15e4-46fd-89d1-98382d345140;DEBW_52210005z2g;WALL;199;0,27;0,06;0,02;0,83;;2,57;DEBW_52210005z2g
UUID_f29314a1-e95a-4e64-a423-f3d08d0f0671;DEBW_52210005z2g;ROOF;100;0,00;18,89;0,00;0,40;;2,57;DEBW_52210005z2g
UUID_057a8238-0e82-4be0-9b7a-9279bf8c3e91;DEBW_52210005z2g;WALL;199;0,27;1,66;0,61;0,83;;2,57;DEBW_52210005z2g
UUID_4c4a437b-7270-413d-a7d1-49c47bcbdd4e;DEBW_52210005z2g;WALL;199;0,27;13,38;4,95;0,83;;2,57;DEBW_52210005z2g
UUID_168442f0-ba57-4ea1-a08d-9e3f07c609ed;DEBW_52210005z2g;WALL;199;0,27;14,56;5,39;0,83;;2,57;DEBW_52210005z2g
UUID_da889593-a9eb-440a-9e32-7f8d70ca3711;DEBW_52210005z2g;WALL;199;0,27;2,74;1,01;0,83;;2,57;DEBW_52210005z2g
UUID_9d1c9d9d-2849-42e0-9975-34c2b3b6927f;DEBW_52210005z2g;WALL;199;0,27;0,02;0,01;0,83;;2,57;DEBW_52210005z2g
UUID_328adf12-1def-49c3-8cf5-82be91763efc;DEBW_52210005z2g;GROUND;150;0,00;18,89;0,00;0,62;;;DEBW_52210005z2g
UUID_1ba507bd-d42f-4a1e-b885-72da89a9b0cb;DEBW_52210005gwl;ROOF;100;0,00;33,18;0,00;0,40;;2,57;DEBW_52210005gwl
UUID_5fd71b1c-d000-4b5c-97b2-d8d557ae2f51;DEBW_52210005gwl;WALL;199;0,27;45,20;16,72;0,83;;2,57;DEBW_52210005gwl
UUID_9a9340b5-8922-4553-b57c-72e2dd8037ce;DEBW_52210005gwl;GROUND;150;0,00;33,18;0,00;0,62;;;DEBW_52210005gwl
UUID_adb3a24e-8286-49f6-a4be-91173832faf5;DEBW_52210005gwl;WALL;199;0,27;11,78;4,36;0,83;;2,57;DEBW_52210005gwl
UUID_5c83b638-ee38-47f7-8c50-724982862c78;DEBW_52210005gwl;WALL;199;0,27;11,80;4,37;0,83;;2,57;DEBW_52210005gwl
UUID_da9bf789-c765-4146-9e34-03b53966afd4;DEBW_52210005gwl;WALL;199;0,27;1,42;0,52;0,83;;2,57;DEBW_52210005gwl
UUID_db5e31f7-6065-4fb7-af4e-d2f2d7c68370;DEBW_52210005z9L;WALL;199;0,14;20,75;3,38;0,83;;2,57;DEBW_52210005z9L
UUID_f6c473c0-aeb7-4f0d-8db9-455344c13794;DEBW_52210005z9L;WALL;199;0,14;20,07;3,27;0,83;;2,57;DEBW_52210005z9L
UUID_63345ab4-f8ee-482d-a90e-a6fab0dfd8ed;DEBW_52210005z9L;GROUND;150;0,00;17,43;0,00;0,62;;;DEBW_52210005z9L
UUID_6e8635bd-1002-4c2a-98ca-7925eafd27c7;DEBW_52210005z9L;WALL;199;0,14;18,99;3,09;0,83;;2,57;DEBW_52210005z9L
UUID_b6e9a18d-b5ab-4f9c-a11f-c2e64568c75b;DEBW_52210005z9L;ROOF;94;0,00;17,43;0,00;0,43;;2,57;DEBW_52210005z9L
UUID_8e5d6a95-6424-46fc-aae3-e2911322aaab;DEBW_52210005z9L;WALL;199;0,14;0,55;0,09;0,83;;2,57;DEBW_52210005z9L
UUID_9c1b3069-18d5-400e-a946-284ecf6d536d;DEBW_52210005z9L;WALL;199;0,14;18,92;3,08;0,83;;2,57;DEBW_52210005z9L
UUID_fe7fefb2-d1ab-4842-b46d-506be72a9493;DEBW_52210006HsR;GROUND;150;0,00;20,97;0,00;0,62;;;DEBW_52210006HsR
UUID_4157f892-e73b-4977-8a1c-3419f340c2f3;DEBW_52210006HsR;WALL;199;0,27;0,59;0,22;0,83;;2,57;DEBW_52210006HsR
UUID_54e6625f-72ef-4d45-abfc-f1b2968f4d52;DEBW_52210006HsR;ROOF;100;0,00;20,97;0,00;0,40;;2,57;DEBW_52210006HsR
UUID_559cf395-41d1-413c-8451-3f03d2141c8a;DEBW_52210006HsR;WALL;199;0,27;5,67;2,10;0,83;;2,57;DEBW_52210006HsR
UUID_148ac5f8-ed0d-4eba-b220-e9864e1c7e2c;DEBW_52210006HsR;WALL;199;0,27;0,65;0,24;0,83;;2,57;DEBW_52210006HsR
UUID_7cf130f9-c63b-4691-8bf0-da192fa5326e;DEBW_52210006HsR;WALL;199;0,27;0,10;0,04;0,83;;2,57;DEBW_52210006HsR
UUID_ae8e52a5-5fe7-443c-b586-121ec92ea627;DEBW_52210006HsR;WALL;199;0,27;13,68;5,06;0,83;;2,57;DEBW_52210006HsR
UUID_6a10d9c9-f4cc-4e27-948c-e621fa080499;DEBW_52210006HsR;WALL;199;0,27;0,50;0,19;0,83;;2,57;DEBW_52210006HsR
UUID_2d07c884-c06e-49e2-afbe-0c4e7372e9ab;DEBW_52210006HsR;WALL;199;0,27;0,69;0,26;0,83;;2,57;DEBW_52210006HsR
UUID_e1159c49-21ce-4609-94fa-3106339940b3;DEBW_52210006HsR;WALL;199;0,27;5,37;1,99;0,83;;2,57;DEBW_52210006HsR
UUID_276c04de-069f-4911-b1eb-b2b01fb03673;DEBW_52210006HsR;WALL;199;0,27;0,65;0,24;0,83;;2,57;DEBW_52210006HsR
UUID_bfc7e480-5064-4ff7-a27a-f42d7991244c;DEBW_52210006HsR;WALL;199;0,27;0,34;0,13;0,83;;2,57;DEBW_52210006HsR
UUID_df1d312b-05e4-4cd9-bfb9-a581a50e8acb;DEBW_52210006HzN;WALL;199;0,14;18,02;2,93;0,83;;2,57;DEBW_52210006HzN
UUID_c4440a10-759f-490b-a2f0-1d3782a5461e;DEBW_52210006HzN;WALL;199;0,14;18,30;2,98;0,83;;2,57;DEBW_52210006HzN
UUID_2ff942ae-7ae0-49cc-88b0-82c13d081bd2;DEBW_52210006HzN;ROOF;226;0,10;25,84;2,87;0,43;;2,57;DEBW_52210006HzN
UUID_4d815e5b-57c2-4585-88aa-66d2be5c9b3a;DEBW_52210006HzN;WALL;199;0,14;20,01;3,26;0,83;;2,57;DEBW_52210006HzN
UUID_0039fb7d-82d7-4eac-8e29-0689b9f1cab4;DEBW_52210006HzN;GROUND;150;0,00;28,62;0,00;0,62;;;DEBW_52210006HzN
UUID_f0553883-b909-4f3c-b7de-003ce57f9845;DEBW_52210006HzN;WALL;199;0,14;18,45;3,00;0,83;;2,57;DEBW_52210006HzN
UUID_1e0fa005-31f3-4c8f-bdf3-d1d8b94e9bb0;DEBW_52210004egW;WALL;199;0,14;28,59;4,65;0,83;;2,57;DEBW_52210004egW
UUID_995daeda-8b80-4c4f-a761-80c43efdad5e;DEBW_52210004egW;ROOF;226;0,10;57,82;6,42;0,43;;2,57;DEBW_52210004egW
UUID_8eebd5a4-008e-44f4-a166-fefd27755099;DEBW_52210004egW;WALL;199;0,14;16,45;2,68;0,83;;2,57;DEBW_52210004egW
UUID_8db3e8b1-144b-40fb-b94d-17fa9e92e79b;DEBW_52210004egW;WALL;199;0,14;33,90;5,52;0,83;;2,57;DEBW_52210004egW
UUID_612d641f-5a40-4e05-a7a7-7b3d8fae7f67;DEBW_52210004egW;WALL;199;0,14;49,47;8,05;0,83;;2,57;DEBW_52210004egW
UUID_99598dfb-c97a-4ac0-8ea7-4ff0799d052c;DEBW_52210004egW;WALL;199;0,14;2,48;0,40;0,83;;2,57;DEBW_52210004egW
UUID_de8b463a-e8f7-4546-8e6f-788d1432e9e9;DEBW_52210004egW;GROUND;150;0,00;92,04;0,00;0,62;;;DEBW_52210004egW
UUID_8460dfe0-2e78-48f2-ac9c-9063e44db20f;DEBW_52210004egW;WALL;199;0,14;6,48;1,06;0,83;;2,57;DEBW_52210004egW
UUID_94c92122-d356-4b8d-89d3-03ff7c904456;DEBW_52210004egW;WALL;199;0,14;33,99;5,53;0,83;;2,57;DEBW_52210004egW
UUID_f7c15247-db7b-4d95-83e5-2cfdd0afbd70;DEBW_52210004egW;ROOF;226;0,10;7,08;0,79;0,43;;2,57;DEBW_52210004egW
UUID_b13fa15b-b1e4-4492-a93e-2aa88b2d0af7;DEBW_52210004egW;WALL;199;0,14;13,40;2,18;0,83;;2,57;DEBW_52210004egW
UUID_b2835e3f-f93e-45c4-ba10-3c4379d5f97b;DEBW_52210004egW;WALL;199;0,14;16,46;2,68;0,83;;2,57;DEBW_52210004egW
UUID_b5d3eda3-d761-4fd3-b5fa-ef58b3b97a1d;DEBW_52210004egW;WALL;199;0,14;1,42;0,23;0,83;;2,57;DEBW_52210004egW
UUID_ce0eb67c-ac24-4895-b69a-31067c65e025;DEBW_52210004egW;ROOF;226;0,10;52,09;5,79;0,43;;2,57;DEBW_52210004egW
UUID_4d5a141b-272b-4a43-a8fe-45ad59b874b3;DEBW_52210003vBz;WALL;199;0,27;0,22;0,08;0,83;;2,57;DEBW_52210003vBz
UUID_b3292c54-14fe-4a01-8f75-6e67ab69e407;DEBW_52210003vBz;ROOF;226;0,10;7,51;0,83;0,43;;2,57;DEBW_52210003vBz
UUID_69c7f60a-e372-4a3a-ac0a-faa8b15ab9e5;DEBW_52210003vBz;WALL;199;0,27;8,25;3,05;0,83;;2,57;DEBW_52210003vBz
UUID_f4d60edb-3bdb-4b82-9f49-5c857f8fcdd3;DEBW_52210003vBz;GROUND;150;0,00;18,00;0,00;0,62;;;DEBW_52210003vBz
UUID_bb8582c8-9b0f-453a-a0cb-717bfe39f1ca;DEBW_52210003vBz;WALL;199;0,27;0,00;0,00;0,83;;2,57;DEBW_52210003vBz
UUID_1d95359e-414e-4540-a9cb-186df7e998b1;DEBW_52210003vBz;WALL;199;0,27;0,00;0,00;0,83;;2,57;DEBW_52210003vBz
UUID_dd7bd134-0f39-48f5-97f0-ef4eb9005623;DEBW_52210003vBz;WALL;199;0,27;0,14;0,05;0,83;;2,57;DEBW_52210003vBz
UUID_5000e0bc-c382-4723-8004-4ec02435eab3;DEBW_52210003vBz;WALL;199;0,27;8,43;3,12;0,83;;2,57;DEBW_52210003vBz
UUID_73cb92ea-ac90-4bba-8cda-1fe7e8722326;DEBW_52210003vBz;ROOF;226;0,10;10,91;1,21;0,43;;2,57;DEBW_52210003vBz
UUID_dd944298-fe43-46fd-bbcc-df20629fe7be;DEBW_52210005xO2;WALL;199;0,14;14,13;2,30;0,83;;2,57;DEBW_52210005xO2
UUID_388cac9e-38cb-4ef0-9f17-eac728295c38;DEBW_52210005xO2;ROOF;226;0,10;48,02;5,34;0,43;;2,57;DEBW_52210005xO2
UUID_8b0c3fef-cf3c-49f3-9ada-19cab6e4f334;DEBW_52210005xO2;WALL;199;0,14;27,22;4,43;0,83;;2,57;DEBW_52210005xO2
UUID_8a5cf218-c778-429a-81e2-3ccb0fa9705c;DEBW_52210005xO2;WALL;199;0,14;41,33;6,73;0,83;;2,57;DEBW_52210005xO2
UUID_0c865dfd-1091-4b6d-aeac-e1eb8bb39bd4;DEBW_52210005xO2;WALL;199;0,14;66,73;10,86;0,83;;2,57;DEBW_52210005xO2
UUID_e54bd94d-2db5-47de-b713-669f3660ac5e;DEBW_52210005xO2;WALL;199;0,14;24,47;3,98;0,83;;2,57;DEBW_52210005xO2
UUID_d03ae205-5e35-4d74-a57f-3affecde16f7;DEBW_52210005xO2;WALL;199;0,14;4,39;0,71;0,83;;2,57;DEBW_52210005xO2
UUID_cdcfe4c8-23fe-4e2f-a1b3-e0326e3086d6;DEBW_52210005xO2;GROUND;150;0,00;82,19;0,00;0,62;;;DEBW_52210005xO2
UUID_d9ed2a8a-d9e7-462f-b793-e81e5e9e63b6;DEBW_52210005xO2;WALL;199;0,14;7,02;1,14;0,83;;2,57;DEBW_52210005xO2
UUID_c5bd8247-91f9-4fa5-b300-ea93e278c256;DEBW_52210005xO2;WALL;199;0,14;27,98;4,55;0,83;;2,57;DEBW_52210005xO2
UUID_8a8a351f-a3a9-4c17-8866-67462847960f;DEBW_52210005xO2;ROOF;226;0,10;46,60;5,18;0,43;;2,57;DEBW_52210005xO2
UUID_999b2157-f64d-4649-bbbe-c40a4fef4e6d;DEBW_52210005xO2;WALL;199;0,14;0,09;0,02;0,83;;2,57;DEBW_52210005xO2
UUID_f7f95421-5ec0-4f29-b87b-df1e18cd6666;DEBW_52210005zEA;ROOF;226;0,10;81,47;9,05;0,43;;2,57;DEBW_52210005zEA
UUID_39c0b6f9-7d9f-469c-b763-f438ad378bd5;DEBW_52210005zEA;WALL;199;0,14;6,58;1,07;0,83;;2,57;DEBW_52210005zEA
UUID_f15792c5-8cc1-4fa4-9ab2-9a298c533214;DEBW_52210005zEA;WALL;199;0,14;13,70;2,23;0,83;;2,57;DEBW_52210005zEA
UUID_0f214a30-bed8-4f9e-8b5b-fa391f4a5765;DEBW_52210005zEA;WALL;199;0,14;8,23;1,34;0,83;;2,57;DEBW_52210005zEA
UUID_725688d0-1381-4cf4-a16b-acd4ab313944;DEBW_52210005zEA;GROUND;150;0,00;90,53;0,00;0,62;;;DEBW_52210005zEA
UUID_08bc8e38-b9da-4066-a567-d266b7d1deac;DEBW_52210005zEA;WALL;199;0,14;13,19;2,15;0,83;;2,57;DEBW_52210005zEA
UUID_bda11f32-8dea-4c22-b695-05e6834c675d;DEBW_52210005zEA;WALL;199;0,14;2,65;0,43;0,83;;2,57;DEBW_52210005zEA
UUID_fe31f91b-4899-4d23-b63f-72d50f516ee5;DEBW_52210005zEA;WALL;199;0,14;16,82;2,74;0,83;;2,57;DEBW_52210005zEA
UUID_489b8412-8e89-42f6-abfb-0af3ccc4ceb4;DEBW_52210005zEA;WALL;199;0,14;12,52;2,04;0,83;;2,57;DEBW_52210005zEA
UUID_2816f51d-04e7-436a-bab0-e4c2010f922b;DEBW_52210005zEA;WALL;199;0,14;2,21;0,36;0,83;;2,57;DEBW_52210005zEA
UUID_a3406178-e5ca-4caa-934c-bcdd2a26bd06;DEBW_52210005zEA;WALL;199;0,14;6,66;1,08;0,83;;2,57;DEBW_52210005zEA
UUID_88fdb634-e91e-453e-bea1-ff0724c06752;DEBW_52210005zEA;WALL;199;0,14;1,65;0,27;0,83;;2,57;DEBW_52210005zEA
UUID_468b4b31-bfe5-44a4-b7ce-55be5353c42e;DEBW_52210005zEA;WALL;199;0,14;6,79;1,11;0,83;;2,57;DEBW_52210005zEA
UUID_927c4a66-0061-47f0-82ae-eab1c3207703;DEBW_52210006I3B;ROOF;226;0,10;24,35;2,71;0,43;;2,57;DEBW_52210006I3B
UUID_24f0a47b-29a6-4a46-89d0-94edac27cbb1;DEBW_52210006I3B;WALL;199;0,14;9,78;1,59;0,83;;2,57;DEBW_52210006I3B
UUID_e597ea48-2337-4d76-aeb7-f125643d98a5;DEBW_52210006I3B;WALL;199;0,14;18,44;3,00;0,83;;2,57;DEBW_52210006I3B
UUID_c5699dfa-b594-473f-9af3-067bb9e4f8bc;DEBW_52210006I3B;GROUND;150;0,00;27,06;0,00;0,62;;;DEBW_52210006I3B
UUID_d99c7c2d-abc3-43a8-b688-f5a5d9234f4b;DEBW_52210006I3B;WALL;199;0,14;9,73;1,58;0,83;;2,57;DEBW_52210006I3B
UUID_7e1f14bf-b223-4766-822d-c428997932ad;DEBW_52210006I3B;WALL;199;0,14;18,54;3,02;0,83;;2,57;DEBW_52210006I3B
UUID_8e50e40d-e33c-41f8-9e24-ab776ff983e7;DEBW_52210004esI;WALL;199;0,27;1,66;0,61;0,83;;2,57;DEBW_52210004esI
UUID_24bcde25-13c5-44c1-9ff4-829df7d6f9e8;DEBW_52210004esI;ROOF;226;0,10;53,24;5,92;0,43;;2,57;DEBW_52210004esI
UUID_7e71d289-d061-4307-a090-b3f02c53b64f;DEBW_52210004esI;GROUND;150;0,00;59,16;0,00;0,62;;;DEBW_52210004esI
UUID_fd2bbe6a-ca0e-4132-b22a-126875f4cb33;DEBW_52210004esI;WALL;199;0,27;11,28;4,17;0,83;;2,57;DEBW_52210004esI
UUID_b56e44a7-1cec-4c51-8179-44f8057558ec;DEBW_52210004esI;WALL;199;0,27;2,00;0,74;0,83;;2,57;DEBW_52210004esI
UUID_03afcded-3058-416e-b5bd-245410003e14;DEBW_52210004esI;WALL;199;0,27;15,19;5,62;0,83;;2,57;DEBW_52210004esI
UUID_22fbfb9a-7127-4484-ae16-e48d7b00733e;DEBW_52210004esI;WALL;199;0,27;0,33;0,12;0,83;;2,57;DEBW_52210004esI
UUID_04c6b2af-7dc8-4133-8941-821d3aa91910;DEBW_52210004esI;WALL;199;0,27;15,55;5,75;0,83;;2,57;DEBW_52210004esI
UUID_f51dc07e-4bff-4b2b-898c-e708611c85cb;DEBW_52210005MJN;ROOF;226;0,10;3,43;0,38;0,43;;2,57;DEBW_52210005MJN
UUID_54a777d7-acb1-4a1a-a514-fd8e9f5d5f2c;DEBW_52210005MJN;WALL;199;0,27;0,15;0,06;0,83;;2,57;DEBW_52210005MJN
UUID_f3a4fef5-0ae8-4cfb-83f1-de1c6eb66662;DEBW_52210005MJN;WALL;199;0,27;0,02;0,01;0,83;;2,57;DEBW_52210005MJN
UUID_2c1c2411-d839-4cab-ac57-fa99fbf3f4a2;DEBW_52210005MJN;WALL;199;0,27;0,84;0,31;0,83;;2,57;DEBW_52210005MJN
UUID_1347b973-0284-4d31-b7de-5993de7f38a5;DEBW_52210005MJN;WALL;199;0,27;2,81;1,04;0,83;;2,57;DEBW_52210005MJN
UUID_25a7cbff-97cb-467e-b80c-f9d3cb1c42d4;DEBW_52210005MJN;GROUND;150;0,00;3,75;0,00;0,62;;;DEBW_52210005MJN
UUID_cc3267e1-8ee0-4b6a-94f0-a8eea4562507;DEBW_52210005MJN;WALL;199;0,27;1,94;0,72;0,83;;2,57;DEBW_52210005MJN
UUID_98d9f4b6-7ec0-4fd7-be76-55eb12c80fc3;DEBW_52210005eg5;ROOF;226;0,10;55,31;6,15;0,43;;2,57;DEBW_52210005eg5
UUID_aaa8cae4-823c-4716-b7b0-5d8276473cf0;DEBW_52210005eg5;WALL;199;0,18;40,80;8,96;0,83;;2,57;DEBW_52210005eg5
UUID_bccaeb9d-d7b2-48fc-980f-c538a521b260;DEBW_52210005eg5;WALL;199;0,18;14,94;3,28;0,83;;2,57;DEBW_52210005eg5
UUID_7fd85a5d-8d0e-41f0-871a-ccf7118cec12;DEBW_52210005eg5;ROOF;226;0,10;57,41;6,38;0,43;;2,57;DEBW_52210005eg5
UUID_2b40e05c-cc19-460b-9501-e57ee184f5ae;DEBW_52210005eg5;WALL;199;0,18;2,33;0,51;0,83;;2,57;DEBW_52210005eg5
UUID_e99e00ec-a437-470a-8ce5-1a9c4f9e55ad;DEBW_52210005eg5;ROOF;226;0,10;3,03;0,34;0,43;;2,57;DEBW_52210005eg5
UUID_4322bb88-4ff5-4143-a960-075d8cb12cf7;DEBW_52210005eg5;WALL;199;0,18;87,97;19,31;0,83;;2,57;DEBW_52210005eg5
UUID_a408abee-21b2-4bd4-86ec-af80ee2cda32;DEBW_52210005eg5;WALL;199;0,18;22,84;5,01;0,83;;2,57;DEBW_52210005eg5
UUID_ba8dcc3b-6f8a-4e01-9c0d-bffd1fc3015b;DEBW_52210005eg5;WALL;199;0,18;35,60;7,82;0,83;;2,57;DEBW_52210005eg5
UUID_dcd1aedd-f69e-44d2-b51a-5a55b4a26b75;DEBW_52210005eg5;WALL;199;0,18;76,07;16,70;0,83;;2,57;DEBW_52210005eg5
UUID_aa8f4cc8-0306-4553-8e8b-6a3ba5ace1a4;DEBW_52210005eg5;GROUND;150;0,00;104,16;0,00;0,62;;;DEBW_52210005eg5
UUID_c0d47954-4ade-4a9c-9fb9-a2e9ecbcf167;DEBW_52210005eg5;ROOF;226;0,10;0,07;0,01;0,43;;2,57;DEBW_52210005eg5
UUID_98e56b1c-8aea-41e6-a83b-0d364e54741c;DEBW_52210005eg5;WALL;199;0,18;0,22;0,05;0,83;;2,57;DEBW_52210005eg5
UUID_df879f9e-b0d4-466b-98c2-07fe048fefbc;DEBW_52210005xRe;WALL;199;0,27;0,14;0,05;0,83;;2,57;DEBW_52210005xRe
UUID_c06c53ba-1213-415a-babd-a3061a9351ef;DEBW_52210005xRe;WALL;199;0,27;5,23;1,94;0,83;;2,57;DEBW_52210005xRe
UUID_ba903d2b-2b28-4180-971b-b6d50108d016;DEBW_52210005xRe;WALL;199;0,27;1,01;0,37;0,83;;2,57;DEBW_52210005xRe
UUID_601704d6-4580-4b7f-a527-9c8f2d76093b;DEBW_52210005xRe;WALL;199;0,27;27,16;10,05;0,83;;2,57;DEBW_52210005xRe
UUID_be26626f-92c6-4f4f-8b64-3cf01602e178;DEBW_52210005xRe;GROUND;150;0,00;31,90;0,00;0,62;;;DEBW_52210005xRe
UUID_73442a77-8312-4e08-a215-8c3489b49fb0;DEBW_52210005xRe;ROOF;100;0,00;31,90;0,00;0,40;;2,57;DEBW_52210005xRe
UUID_a96232d0-39a2-49f3-8efb-b3d0183a0df5;DEBW_52210005xRe;WALL;199;0,27;30,78;11,38;0,83;;2,57;DEBW_52210005xRe
UUID_ed850f85-6a80-4940-90e8-ac3991044a1d;DEBW_52210005xRe;WALL;199;0,27;5,14;1,90;0,83;;2,57;DEBW_52210005xRe
UUID_7c759d5c-4163-49e9-9547-c6201f2a4667;DEBW_52210005zTA;WALL;199;0,27;9,24;3,42;0,83;;2,57;DEBW_52210005zTA
UUID_8ead1141-d1ec-4044-ae37-d78f703d17c3;DEBW_52210005zTA;ROOF;226;0,10;2,80;0,31;0,43;;2,57;DEBW_52210005zTA
UUID_442446f4-4f58-46b2-92b4-dd05720bae7a;DEBW_52210005zTA;WALL;199;0,27;0,00;0,00;0,83;;2,57;DEBW_52210005zTA
UUID_5c45f7a2-da13-4148-a4ea-839d5c709d2e;DEBW_52210005zTA;WALL;199;0,27;6,52;2,41;0,83;;2,57;DEBW_52210005zTA
UUID_67f6ee37-dbbe-4dda-a504-a19077a1568f;DEBW_52210005zTA;WALL;199;0,27;10,88;4,02;0,83;;2,57;DEBW_52210005zTA
UUID_aa268d3f-15a5-4857-9534-6075b77ba3a1;DEBW_52210005zTA;GROUND;150;0,00;3,12;0,00;0,62;;;DEBW_52210005zTA
UUID_bf01cf54-b3cd-4d9d-a583-581e4cee37ae;DEBW_52210004ewn;WALL;199;0,27;5,83;2,16;0,83;;2,57;DEBW_52210004ewn
UUID_e8464574-3725-47ab-8d79-9a49773f29a9;DEBW_52210004ewn;ROOF;226;0,10;8,66;0,96;0,43;;2,57;DEBW_52210004ewn
UUID_50d4c8c5-6d71-4c52-a43a-88f14c82d699;DEBW_52210004ewn;WALL;199;0,27;7,90;2,92;0,83;;2,57;DEBW_52210004ewn
UUID_4f96d452-f49a-42e9-b6cd-db818d35cf32;DEBW_52210004ewn;GROUND;150;0,00;9,59;0,00;0,62;;;DEBW_52210004ewn
UUID_18622ae2-d857-4f11-a5dc-673ec890650e;DEBW_52210004ewn;WALL;199;0,27;6,11;2,26;0,83;;2,57;DEBW_52210004ewn
UUID_243c6223-6818-4432-806c-a34db6576fea;DEBW_52210004ewn;WALL;199;0,27;0,00;0,00;0,83;;2,57;DEBW_52210004ewn
UUID_535ba17b-41f2-4937-b581-941dc349b610;DEBW_52210006I25;GROUND;150;0,00;15,53;0,00;0,62;;;DEBW_52210006I25
UUID_eeac14ab-0406-4465-8668-65a781c8212a;DEBW_52210006I25;WALL;199;0,27;0,42;0,16;0,83;;2,57;DEBW_52210006I25
UUID_64d84fe4-ca30-4567-aab5-d11d6927bfca;DEBW_52210006I25;WALL;199;0,27;4,28;1,58;0,83;;2,57;DEBW_52210006I25
UUID_442fe92b-e3bb-41bf-afa6-939c2f0fd840;DEBW_52210006I25;WALL;199;0,27;6,42;2,37;0,83;;2,57;DEBW_52210006I25
UUID_b0ba78c5-5b1d-49e7-b8a2-983da6cb74da;DEBW_52210006I25;ROOF;226;0,10;14,24;1,58;0,43;;2,57;DEBW_52210006I25
UUID_5e902faa-5a92-4fe7-986e-43fa9da9d403;DEBW_52210006I25;WALL;199;0,27;5,15;1,90;0,83;;2,57;DEBW_52210006I25
UUID_e8c4ecbd-f2ab-4e15-9de7-5589060ab92c;DEBW_52210005MRo;WALL;199;0,27;0,00;0,00;0,83;;2,57;DEBW_52210005MRo
UUID_399c9047-d6ab-44b1-8508-323964b9a5ba;DEBW_52210005MRo;WALL;199;0,27;21,60;7,99;0,83;;2,57;DEBW_52210005MRo
UUID_951a2d08-0590-4a31-b61c-8f5bec4ed493;DEBW_52210005MRo;WALL;199;0,27;21,79;8,06;0,83;;2,57;DEBW_52210005MRo
UUID_414b543d-1bf8-4dd2-a8e7-b7d75aff2393;DEBW_52210005MRo;WALL;199;0,27;23,51;8,70;0,83;;2,57;DEBW_52210005MRo
UUID_f6053527-3ca1-4521-afa6-eb4ba31614ab;DEBW_52210005MRo;ROOF;226;0,10;43,15;4,79;0,43;;2,57;DEBW_52210005MRo
UUID_c0b3da5c-fd30-4454-b004-dd87a51f4c60;DEBW_52210005MRo;GROUND;150;0,00;66,15;0,00;0,62;;;DEBW_52210005MRo
UUID_8d047174-0fb1-4be2-ac23-82166cd86673;DEBW_52210005MRo;WALL;199;0,27;23,63;8,74;0,83;;2,57;DEBW_52210005MRo
UUID_56f2aeef-767c-44a4-b932-44bf094ce075;DEBW_52210005MRo;WALL;199;0,27;37,33;13,81;0,83;;2,57;DEBW_52210005MRo
UUID_718033d4-a82c-4750-87db-73261d38fdaa;DEBW_52210005MRo;ROOF;226;0,10;47,97;5,33;0,43;;2,57;DEBW_52210005MRo
UUID_32e250c3-32b8-40ad-841b-63d9acd07bc6;DEBW_52210003xIr;WALL;199;0,27;21,10;7,80;0,83;;2,57;DEBW_52210003xIr
UUID_4aa5f7b0-e99b-4c52-aa1b-0f609707cb61;DEBW_52210003xIr;WALL;199;0,27;15,56;5,76;0,83;;2,57;DEBW_52210003xIr
UUID_f2f39429-7e16-4a0a-9960-43135a37f7fd;DEBW_52210003xIr;WALL;199;0,27;21,33;7,89;0,83;;2,57;DEBW_52210003xIr
UUID_03f5c614-5714-476b-8d1a-e5291a84b527;DEBW_52210003xIr;ROOF;226;0,10;40,56;4,51;0,43;;2,57;DEBW_52210003xIr
UUID_680099b5-0db4-47b2-86cd-e081bf72af38;DEBW_52210003xIr;ROOF;226;0,10;0,55;0,06;0,43;;2,57;DEBW_52210003xIr
UUID_7c976192-a0fb-4346-bdfb-7d53fc94cb13;DEBW_52210003xIr;ROOF;226;0,10;41,71;4,63;0,43;;2,57;DEBW_52210003xIr
UUID_904ea411-f84e-4986-8b99-8130934bb88e;DEBW_52210003xIr;WALL;199;0,27;1,19;0,44;0,83;;2,57;DEBW_52210003xIr
UUID_c9846521-78ce-4b69-9936-8a2253342d19;DEBW_52210003xIr;WALL;199;0,27;3,05;1,13;0,83;;2,57;DEBW_52210003xIr
UUID_324cf1df-5231-43f1-88f0-b150ce4db536;DEBW_52210003xIr;WALL;199;0,27;1,85;0,68;0,83;;2,57;DEBW_52210003xIr
UUID_7f467150-21d5-4715-b8a7-76d81c6bb78e;DEBW_52210003xIr;WALL;199;0,27;0,98;0,36;0,83;;2,57;DEBW_52210003xIr
UUID_4280f9a1-1f8c-438c-adda-80b0972ae525;DEBW_52210003xIr;WALL;199;0,27;2,00;0,74;0,83;;2,57;DEBW_52210003xIr
UUID_ccba515b-1211-4582-9122-cf1042be9cb5;DEBW_52210003xIr;WALL;199;0,27;1,11;0,41;0,83;;2,57;DEBW_52210003xIr
UUID_b3721181-bc24-43dd-8934-dbb2daf91447;DEBW_52210003xIr;WALL;199;0,27;1,13;0,42;0,83;;2,57;DEBW_52210003xIr
UUID_3d9b882c-becc-4d4f-8d95-89994722c9cd;DEBW_52210003xIr;WALL;199;0,27;10,30;3,81;0,83;;2,57;DEBW_52210003xIr
UUID_915ed002-ed89-4216-9a66-8276e54f8321;DEBW_52210003xIr;WALL;199;0,27;28,25;10,45;0,83;;2,57;DEBW_52210003xIr
UUID_8f6030a9-4c7b-4210-a818-fcdb48f130a2;DEBW_52210003xIr;GROUND;150;0,00;74,76;0,00;0,62;;;DEBW_52210003xIr
UUID_c689ee7f-1724-4feb-a5c0-0cf948e8e071;DEBW_52210003xIr;WALL;199;0,27;35,28;13,05;0,83;;2,57;DEBW_52210003xIr
UUID_0b89ea81-fdca-41b8-8225-b19c891b9e5e;DEBW_52210006I8X;WALL;199;0,27;11,86;4,39;0,83;;2,57;DEBW_52210006I8X
UUID_b7588ec9-6764-4051-9592-b7a801c2f678;DEBW_52210006I8X;WALL;199;0,27;6,55;2,42;0,83;;2,57;DEBW_52210006I8X
UUID_6f711088-bc2c-4fd4-93c1-8aba28c014dc;DEBW_52210006I8X;WALL;199;0,27;0,00;0,00;0,83;;2,57;DEBW_52210006I8X
UUID_9015c7cd-4bb2-4cd8-9e8b-0fb777b55c7c;DEBW_52210006I8X;ROOF;226;0,10;21,18;2,35;0,43;;2,57;DEBW_52210006I8X
UUID_689301ae-be3a-4cf6-94ce-40d787faff82;DEBW_52210006I8X;GROUND;150;0,00;23,53;0,00;0,62;;;DEBW_52210006I8X
UUID_bf371501-e157-4bb4-a997-f52d9176bbc5;DEBW_52210006I8X;WALL;199;0,27;2,25;0,83;0,83;;2,57;DEBW_52210006I8X
UUID_a52a038f-d6bb-4831-a0f7-3176c798004f;DEBW_52210006I8X;WALL;199;0,27;6,52;2,41;0,83;;2,57;DEBW_52210006I8X
UUID_c2a9298b-bb35-4401-8819-be8171dbfd40;DEBW_52210005ela;WALL;199;0,18;68,59;15,06;0,83;;2,57;DEBW_52210005ela
UUID_755d538a-c979-4b93-b350-8a11fbe3a29d;DEBW_52210005ela;WALL;199;0,18;40,53;8,90;0,83;;2,57;DEBW_52210005ela
UUID_693d1285-ead9-4cf7-9d25-befa477fe069;DEBW_52210005ela;ROOF;226;0,10;69,29;7,70;0,43;;2,57;DEBW_52210005ela
UUID_b21e0858-d234-463c-88d0-421221b3957d;DEBW_52210005ela;WALL;199;0,18;37,75;8,29;0,83;;2,57;DEBW_52210005ela
UUID_b558cd38-b706-4a25-8fff-76733fd888f6;DEBW_52210005ela;GROUND;150;0,00;105,28;0,00;0,62;;;DEBW_52210005ela
UUID_4f6e1c56-1b0c-4499-9557-cc4959023cf9;DEBW_52210005ela;WALL;199;0,18;40,83;8,96;0,83;;2,57;DEBW_52210005ela
UUID_cbe116bb-a7ab-46e7-a541-a4ebcb168597;DEBW_52210005ela;ROOF;226;0,10;60,70;6,74;0,43;;2,57;DEBW_52210005ela
UUID_c1e9ce45-961d-4553-987f-7f9112da118b;DEBW_52210005ela;WALL;199;0,18;72,14;15,84;0,83;;2,57;DEBW_52210005ela
UUID_e64bd0fd-daa0-4ff6-a16e-5adaf8dbe34c;DEBW_52210005ela;WALL;199;0,18;35,64;7,82;0,83;;2,57;DEBW_52210005ela
UUID_6a059579-ffbe-46c0-9b5a-a75c13bfd044;DEBW_52210004ewN;WALL;199;0,18;0,21;0,05;0,83;;2,57;DEBW_52210004ewN
UUID_891598ae-e0e8-4155-ad18-372b4f67941e;DEBW_52210004ewN;WALL;199;0,18;0,00;0,00;0,83;;2,57;DEBW_52210004ewN
UUID_df1f1b76-0410-4a65-a129-f84b25ab6d9c;DEBW_52210004ewN;WALL;199;0,18;38,16;8,38;0,83;;2,57;DEBW_52210004ewN
UUID_2003fff9-1130-450b-bd9b-cd063cf67ec1;DEBW_52210004ewN;WALL;199;0,18;55,91;12,27;0,83;;2,57;DEBW_52210004ewN
UUID_47c720e5-9484-420d-bc00-660c1f79368b;DEBW_52210004ewN;WALL;199;0,18;35,08;7,70;0,83;;2,57;DEBW_52210004ewN
UUID_80cc4a51-2171-4790-9820-8002ea4a7620;DEBW_52210004ewN;WALL;199;0,18;55,66;12,22;0,83;;2,57;DEBW_52210004ewN
UUID_b702f9aa-8743-4b4f-8cda-ea19fa80f9bc;DEBW_52210004ewN;WALL;199;0,18;0,00;0,00;0,83;;2,57;DEBW_52210004ewN
UUID_e1b3ae4a-e574-4bf7-8cf8-0ab9300ad6f5;DEBW_52210004ewN;ROOF;226;0,10;49,44;5,49;0,43;;2,57;DEBW_52210004ewN
UUID_9fbade99-7828-44ec-937a-dad55fc555c5;DEBW_52210004ewN;GROUND;150;0,00;79,39;0,00;0,62;;;DEBW_52210004ewN
UUID_f47aeddf-3273-4ed9-b1bc-9510c3f7b7fe;DEBW_52210004ewN;ROOF;226;0,10;0,24;0,03;0,43;;2,57;DEBW_52210004ewN
UUID_3da2bc3b-60fe-43ec-ad36-08030937ffae;DEBW_52210004ewN;ROOF;226;0,10;52,41;5,82;0,43;;2,57;DEBW_52210004ewN
UUID_d65d9867-a96b-4506-bd49-5fbe728e90e5;DEBW_52210005xgH;WALL;199;0,18;146,54;32,17;0,83;;2,57;DEBW_52210005xgH
UUID_02f4da32-a47e-408b-b2c4-545933a92952;DEBW_52210005xgH;ROOF;100;0,00;126,18;0,00;0,40;;2,57;DEBW_52210005xgH
UUID_99e1084c-1f79-4998-95ff-ac7d9e91a468;DEBW_52210005xgH;WALL;199;0,18;92,72;20,35;0,83;;2,57;DEBW_52210005xgH
UUID_24d0a8de-9481-44a0-8b3f-f87006e8b4da;DEBW_52210005xgH;GROUND;150;0,00;126,18;0,00;0,62;;;DEBW_52210005xgH
UUID_0f517226-61a0-4f15-a8c8-3ad397ffa6d3;DEBW_52210005xgH;WALL;199;0,18;146,47;32,15;0,83;;2,57;DEBW_52210005xgH
UUID_81c3f185-df0f-4e71-8ba8-1ccfa2ff006d;DEBW_52210005xgH;WALL;199;0,18;41,21;9,05;0,83;;2,57;DEBW_52210005xgH
UUID_8e137eb2-6867-412f-bf5d-524fe9e31e9d;DEBW_52210005xgH;WALL;199;0,18;51,22;11,24;0,83;;2,57;DEBW_52210005xgH
UUID_9d73a156-8b4f-44d7-a5ab-4ff563153647;DEBW_52210003xLd;GROUND;150;0,00;22,86;0,00;0,62;;;DEBW_52210003xLd
UUID_1115bf65-fdca-48ce-b677-a5fe49ce1c8f;DEBW_52210003xLd;ROOF;226;0,10;20,61;2,29;0,43;;2,57;DEBW_52210003xLd
UUID_947e274b-451b-4fdc-9bff-24b8eb1af7b6;DEBW_52210003xLd;WALL;199;0,14;12,12;1,97;0,83;;2,57;DEBW_52210003xLd
UUID_d3b72371-8c5b-459f-836c-74ed1f817328;DEBW_52210003xLd;WALL;199;0,14;12,82;2,09;0,83;;2,57;DEBW_52210003xLd
UUID_81f45192-d734-4f29-9da0-665cc002934a;DEBW_52210003xLd;WALL;199;0,14;7,49;1,22;0,83;;2,57;DEBW_52210003xLd
UUID_1e2120d7-f371-4ac4-9579-2b34a510fcc7;DEBW_52210003xLd;WALL;199;0,14;6,79;1,11;0,83;;2,57;DEBW_52210003xLd
UUID_c6b819eb-cd30-46d0-8359-caa6ff44b4a1;DEBW_52210005zIy;WALL;199;0,27;12,59;4,66;0,83;;2,57;DEBW_52210005zIy
UUID_5ba5e97b-322e-4e3e-b72c-12d131558a96;DEBW_52210005zIy;WALL;199;0,27;0,00;0,00;0,83;;2,57;DEBW_52210005zIy
UUID_7a361617-f48c-49d4-b702-d747c5f8b869;DEBW_52210005zIy;WALL;199;0,27;2,07;0,77;0,83;;2,57;DEBW_52210005zIy
UUID_4d7a41e7-d17a-4d25-875e-0deeb166c8e1;DEBW_52210005zIy;ROOF;226;0,10;70,19;7,80;0,43;;2,57;DEBW_52210005zIy
UUID_4d71f1c1-6340-4d79-9322-b2cb0d48f0e1;DEBW_52210005zIy;WALL;199;0,27;0,00;0,00;0,83;;2,57;DEBW_52210005zIy
UUID_3dad7ec4-f652-429c-86a7-a078f9bacbe0;DEBW_52210005zIy;ROOF;226;0,10;72,21;8,02;0,43;;2,57;DEBW_52210005zIy
UUID_a15e41ca-3c4e-4da9-947b-15f43763cd5f;DEBW_52210005zIy;WALL;199;0,27;49,73;18,39;0,83;;2,57;DEBW_52210005zIy
UUID_d744fbdf-8855-46b9-be6a-ceef44212579;DEBW_52210005zIy;WALL;199;0,27;3,83;1,42;0,83;;2,57;DEBW_52210005zIy
UUID_aa3e32cf-8626-48bf-8c0f-4ddcee92b011;DEBW_52210005zIy;WALL;199;0,27;13,21;4,89;0,83;;2,57;DEBW_52210005zIy
UUID_3435da78-6991-4a41-a61f-061248d208f8;DEBW_52210005zIy;GROUND;150;0,00;101,90;0,00;0,62;;;DEBW_52210005zIy
UUID_c9ed7122-984e-4992-a582-1c34f169a106;DEBW_52210005zIy;WALL;199;0,27;0,00;0,00;0,83;;2,57;DEBW_52210005zIy
UUID_649767f9-b844-415d-a840-cab6e6c59539;DEBW_52210005zIy;WALL;199;0,27;7,87;2,91;0,83;;2,57;DEBW_52210005zIy
UUID_ffa43b5e-33e4-4598-bb7d-5db2abfb00ea;DEBW_52210005zIy;WALL;199;0,27;28,37;10,49;0,83;;2,57;DEBW_52210005zIy
UUID_f4cd1636-8a1e-4776-b0b9-d4205ec9c588;DEBW_52210005zIy;WALL;199;0,27;14,67;5,43;0,83;;2,57;DEBW_52210005zIy
UUID_022fc118-6287-4a1e-80cc-81b52cde584b;DEBW_52210005zIy;WALL;199;0,27;0,00;0,00;0,83;;2,57;DEBW_52210005zIy
UUID_103ab86d-9abf-4ae5-983d-aec068ef196a;DEBW_52210005zIy;WALL;199;0,27;21,63;8,00;0,83;;2,57;DEBW_52210005zIy
UUID_8e9d863d-81d8-4677-93b0-c02dc0a882dc;DEBW_52210005zIy;WALL;199;0,27;13,68;5,06;0,83;;2,57;DEBW_52210005zIy
UUID_80db9862-5f4a-4ed3-bef2-91628b8f1e65;DEBW_5221Us0004I;WALL;199;0,18;0,83;0,18;0,83;;2,57;DEBW_5221Us0004I
UUID_a9f3bdf1-efea-4ee3-bb61-94b667bdf6ce;DEBW_5221Us0004I;WALL;199;0,18;102,46;22,49;0,83;;2,57;DEBW_5221Us0004I
UUID_dc6388d7-4c67-4bd6-88bc-20de4a5c9064;DEBW_5221Us0004I;WALL;199;0,18;14,17;3,11;0,83;;2,57;DEBW_5221Us0004I
UUID_2e0d5255-8087-4adb-8634-091650853d63;DEBW_5221Us0004I;ROOF;226;0,10;47,30;5,26;0,43;;2,57;DEBW_5221Us0004I
UUID_88fb3369-6ff1-4a84-aae5-41ab3d46b768;DEBW_5221Us0004I;WALL;199;0,18;64,25;14,10;0,83;;2,57;DEBW_5221Us0004I
UUID_72ca36f7-528b-4cf7-9b83-b08389c1f4eb;DEBW_5221Us0004I;WALL;199;0,18;31,42;6,90;0,83;;2,57;DEBW_5221Us0004I
UUID_52a4bce2-c606-4f9c-9882-14df143b56e6;DEBW_5221Us0004I;WALL;199;0,18;66,43;14,58;0,83;;2,57;DEBW_5221Us0004I
UUID_00b6fe7c-ab51-4e74-ba84-3ccc7342bdba;DEBW_5221Us0004I;GROUND;150;0,00;52,55;0,00;0,62;;;DEBW_5221Us0004I
UUID_9cd6df11-cf55-4bf3-9579-288a8dc70cbf;DEBW_52210005MTF;WALL;199;0,27;0,58;0,22;0,83;;2,57;DEBW_52210005MTF
UUID_eea823fd-e650-4b10-8712-08dadc2a45f2;DEBW_52210005MTF;WALL;199;0,27;0,21;0,08;0,83;;2,57;DEBW_52210005MTF
UUID_69eaf49f-e542-447f-86a7-b45dfc65278a;DEBW_52210005MTF;WALL;199;0,27;0,70;0,26;0,83;;2,57;DEBW_52210005MTF
UUID_f8b77575-26a4-45e3-8e8d-426f63aad77e;DEBW_52210005MTF;ROOF;226;0,10;35,89;3,99;0,43;;2,57;DEBW_52210005MTF
UUID_80e36954-b7b1-4613-ba2c-cc82980f6ab8;DEBW_52210005MTF;GROUND;150;0,00;39,79;0,00;0,62;;;DEBW_52210005MTF
UUID_332a755a-faac-4ef1-b913-764756328808;DEBW_52210005MTF;WALL;199;0,27;14,04;5,19;0,83;;2,57;DEBW_52210005MTF
UUID_2f3c9299-ed7f-4ae0-9255-24a0959e2243;DEBW_52210005MTF;WALL;199;0,27;11,81;4,37;0,83;;2,57;DEBW_52210005MTF
UUID_3abfcb81-86e0-4f6e-aa87-396961b2ca25;DEBW_52210005MTF;WALL;199;0,27;10,85;4,01;0,83;;2,57;DEBW_52210005MTF
UUID_6e68da96-677d-488d-8e69-49b7d172e06e;DEBW_52210005eml;WALL;199;0,27;12,96;4,79;0,83;;2,57;DEBW_52210005eml
UUID_d41ae07a-a7b8-42a1-9eb1-12b535e3c8a5;DEBW_52210005eml;WALL;199;0,27;13,11;4,85;0,83;;2,57;DEBW_52210005eml
UUID_9dfbe05a-a1cc-4495-af1b-193eb51a01b5;DEBW_52210005eml;WALL;199;0,27;1,59;0,59;0,83;;2,57;DEBW_52210005eml
UUID_18ae9f03-4259-47b8-bcfc-ee5b9e654a3c;DEBW_52210005eml;GROUND;150;0,00;7,55;0,00;0,62;;;DEBW_52210005eml
UUID_aab3a93c-6573-4823-88f3-448c1849c408;DEBW_52210005eml;WALL;199;0,27;33,46;12,38;0,83;;2,57;DEBW_52210005eml
UUID_7bfe6c25-cda2-4e2b-8e4b-2f70dfb808f4;DEBW_52210005eml;ROOF;226;0,10;6,80;0,76;0,43;;2,57;DEBW_52210005eml
UUID_dd0ee86d-c549-426e-81d9-dd4790bc3406;DEBW_52220000ZiV;WALL;199;0,14;10,96;1,78;0,83;;2,57;DEBW_52220000ZiV
UUID_d913d9d6-ef88-4bbc-8b79-8dd2f2ee409f;DEBW_52220000ZiV;GROUND;150;0,00;29,14;0,00;0,62;;;DEBW_52220000ZiV
UUID_1cce03e0-f890-461c-bc5e-4a0b2f2997ee;DEBW_52220000ZiV;WALL;199;0,14;10,96;1,78;0,83;;2,57;DEBW_52220000ZiV
UUID_8214dd0c-22c7-4d34-a4e3-c051d73af6d0;DEBW_52220000ZiV;WALL;199;0,14;13,55;2,21;0,83;;2,57;DEBW_52220000ZiV
UUID_c91ed507-13fd-49cc-bda3-6e354c7aa3a9;DEBW_52220000ZiV;ROOF;94;0,00;29,14;0,00;0,43;;2,57;DEBW_52220000ZiV
UUID_7f3d26d9-0957-4a4c-bd97-bfdb621207bb;DEBW_52220000ZiV;WALL;199;0,14;13,52;2,20;0,83;;2,57;DEBW_52220000ZiV
UUID_68cc4ea5-145c-45d7-bdaf-584aadf394bb;DEBW_52210005zVx;GROUND;150;0,00;13,06;0,00;0,62;;;DEBW_52210005zVx
UUID_bb35e5ed-e6b9-4889-9011-35b0f0a7e2da;DEBW_52210005zVx;WALL;199;0,27;6,37;2,36;0,83;;2,57;DEBW_52210005zVx
UUID_e617f8d5-d5b1-4a5a-8f79-ee9d502a9f49;DEBW_52210005zVx;ROOF;226;0,10;11,75;1,31;0,43;;2,57;DEBW_52210005zVx
UUID_9955ec25-f17c-4c14-bad9-d815875bd315;DEBW_52210005zVx;WALL;199;0,27;9,98;3,69;0,83;;2,57;DEBW_52210005zVx
UUID_c25a5193-ad43-4fde-9659-d210a9c9d06d;DEBW_52210005zVx;WALL;199;0,27;0,64;0,24;0,83;;2,57;DEBW_52210005zVx
UUID_b7a63cef-7452-4f5a-9c40-004a1d5333ed;DEBW_52210005zVx;WALL;199;0,27;9,83;3,63;0,83;;2,57;DEBW_52210005zVx
UUID_dacfdb7b-65d2-4239-8772-acdd3c494375;DEBW_52210003xN2;WALL;199;0,18;9,64;2,12;0,83;;2,57;DEBW_52210003xN2
UUID_67e4df0a-e4dc-4ac0-86e8-3ce14c0b0576;DEBW_52210003xN2;GROUND;150;0,00;109,73;0,00;0,62;;;DEBW_52210003xN2
UUID_4c840869-17a0-42b7-862b-60fa2838e115;DEBW_52210003xN2;WALL;199;0,18;3,08;0,68;0,83;;2,57;DEBW_52210003xN2
UUID_0e8ee25b-5a91-4019-9948-d478e10dba20;DEBW_52210003xN2;WALL;199;0,18;9,69;2,13;0,83;;2,57;DEBW_52210003xN2
UUID_a7cb9b00-d149-4172-8933-bda769d9f856;DEBW_52210003xN2;ROOF;226;0,10;54,21;6,02;0,43;;2,57;DEBW_52210003xN2
UUID_39dfdbae-21f5-4d54-b2e7-216873346114;DEBW_52210003xN2;WALL;199;0,18;45,81;10,06;0,83;;2,57;DEBW_52210003xN2
UUID_5e100347-2999-43b5-8c9e-3e0e1c689eea;DEBW_52210003xN2;ROOF;226;0,10;55,50;6,17;0,43;;2,57;DEBW_52210003xN2
UUID_d9f3d8db-a315-4825-8eb1-f49a13659e82;DEBW_52210003xN2;WALL;199;0,18;82,13;18,03;0,83;;2,57;DEBW_52210003xN2
UUID_e367dcad-5220-488e-92c9-425e4f3e0728;DEBW_52210003xN2;WALL;199;0,18;46,03;10,10;0,83;;2,57;DEBW_52210003xN2
UUID_bb4fea78-e706-4b6a-8be5-fbc92930a208;DEBW_52210003xN2;WALL;199;0,18;39,18;8,60;0,83;;2,57;DEBW_52210003xN2
UUID_b061202b-b877-4f50-ab4a-f17e11ca426b;DEBW_52210003xN2;WALL;199;0,18;19,73;4,33;0,83;;2,57;DEBW_52210003xN2
UUID_71ec39d3-f068-4076-83bc-e047f6820e78;DEBW_52210003xN2;WALL;199;0,18;61,52;13,50;0,83;;2,57;DEBW_52210003xN2
UUID_cf820829-56da-41f0-a939-63a3e34ecea6;DEBW_52210003xN2;WALL;199;0,18;40,06;8,79;0,83;;2,57;DEBW_52210003xN2
UUID_f672c4e0-de73-4d08-bc8d-9e2224581c08;DEBW_52210006I2R;WALL;199;0,18;20,33;4,46;0,83;;2,57;DEBW_52210006I2R
UUID_edbc0abe-bc4d-4fb6-99f8-30369461041c;DEBW_52210006I2R;WALL;199;0,18;2,79;0,61;0,83;;2,57;DEBW_52210006I2R
UUID_6da42f8d-ccf9-450f-b342-e9c3545afa81;DEBW_52210006I2R;WALL;199;0,18;4,72;1,04;0,83;;2,57;DEBW_52210006I2R
UUID_d7792720-f0d2-427b-a2ff-1a1a94d4048c;DEBW_52210006I2R;WALL;199;0,18;101,83;22,35;0,83;;2,57;DEBW_52210006I2R
UUID_7520ed3b-4b94-42e8-b25d-2a1314ccfc60;DEBW_52210006I2R;ROOF;226;0,10;101,28;11,25;0,43;;2,57;DEBW_52210006I2R
UUID_d728cf0a-b7ca-4288-9748-478649cd1c51;DEBW_52210006I2R;WALL;199;0,18;6,57;1,44;0,83;;2,57;DEBW_52210006I2R
UUID_4eee0697-7772-47cc-a156-973be9f332a6;DEBW_52210006I2R;WALL;199;0,18;29,15;6,40;0,83;;2,57;DEBW_52210006I2R
UUID_e845c206-14ce-4992-8e1b-46069808b8b4;DEBW_52210006I2R;WALL;199;0,18;1,37;0,30;0,83;;2,57;DEBW_52210006I2R
UUID_114cc7e0-082f-4158-9b2e-5e99d1e432c7;DEBW_52210006I2R;WALL;199;0,18;5,05;1,11;0,83;;2,57;DEBW_52210006I2R
UUID_7b3f847a-104a-4f3a-928d-59f48e2b1e26;DEBW_52210006I2R;WALL;199;0,18;27,98;6,14;0,83;;2,57;DEBW_52210006I2R
UUID_61b8c4cc-95d5-4284-ba5b-698ccd4afe9d;DEBW_52210006I2R;WALL;199;0,18;54,78;12,02;0,83;;2,57;DEBW_52210006I2R
UUID_3c6758dc-337d-4b97-8c38-c14024ad89f9;DEBW_52210006I2R;WALL;199;0,18;3,16;0,69;0,83;;2,57;DEBW_52210006I2R
UUID_0c559437-27c0-4ad5-ae1a-c4477b28db50;DEBW_52210006I2R;WALL;199;0,18;2,77;0,61;0,83;;2,57;DEBW_52210006I2R
UUID_615cbc34-3102-4762-9215-e89cf0b91ccd;DEBW_52210006I2R;WALL;199;0,18;53,90;11,83;0,83;;2,57;DEBW_52210006I2R
UUID_bd878388-3361-43ed-977d-90373c2ebcf6;DEBW_52210006I2R;WALL;199;0,18;57,83;12,70;0,83;;2,57;DEBW_52210006I2R
UUID_27952243-8ba3-4c9c-a386-ce3aa1e1d4fc;DEBW_52210006I2R;WALL;199;0,18;78,98;17,34;0,83;;2,57;DEBW_52210006I2R
UUID_af601d93-82db-4722-a035-a091c9862753;DEBW_52210006I2R;WALL;199;0,18;4,67;1,03;0,83;;2,57;DEBW_52210006I2R
UUID_e05bad7e-f46e-4c82-a754-263215543aff;DEBW_52210006I2R;GROUND;150;0,00;167,78;0,00;0,62;;;DEBW_52210006I2R
UUID_deab7c32-0626-4728-9e77-0af9a775fa95;DEBW_52210006I2R;ROOF;226;0,10;101,37;11,26;0,43;;2,57;DEBW_52210006I2R
UUID_1a6de7d7-4071-4c85-8b54-0d33d2a463e8;DEBW_52210005xhl;WALL;199;0,14;12,79;2,08;0,83;;2,57;DEBW_52210005xhl
UUID_0ceb6c6c-942c-4be4-9db9-58f70f285346;DEBW_52210005xhl;WALL;199;0,14;19,68;3,20;0,83;;2,57;DEBW_52210005xhl
UUID_fca6fc38-4b0d-406e-a83b-e0c254548f96;DEBW_52210005xhl;ROOF;226;0,10;9,40;1,04;0,43;;2,57;DEBW_52210005xhl
UUID_76662ff3-4747-44cc-9eff-0e55cd5857ee;DEBW_52210005xhl;WALL;199;0,14;9,11;1,48;0,83;;2,57;DEBW_52210005xhl
UUID_2306b1fa-f649-4837-9f73-7f207afbf2b9;DEBW_52210005xhl;GROUND;150;0,00;9,63;0,00;0,62;;;DEBW_52210005xhl
UUID_6f16bd88-b1d6-4f4a-a2d7-5ca2c2239330;DEBW_52210005xhl;WALL;199;0,14;19,05;3,10;0,83;;2,57;DEBW_52210005xhl
UUID_f06753a2-609f-4737-a47b-29ed78c5a635;DEBW_52210005ely;WALL;199;0,14;21,14;3,44;0,83;;2,57;DEBW_52210005ely
UUID_5295e1e2-1813-420a-9daa-6997032c9ebd;DEBW_52210005ely;WALL;199;0,14;19,66;3,20;0,83;;2,57;DEBW_52210005ely
UUID_2e5fc4af-0d43-47e4-a91e-4df915660e0d;DEBW_52210005ely;ROOF;226;0,10;43,72;4,86;0,43;;2,57;DEBW_52210005ely
UUID_de88332b-2bba-4557-9ebd-7e43108bcf1a;DEBW_52210005ely;WALL;199;0,14;34,08;5,55;0,83;;2,57;DEBW_52210005ely
UUID_6fbb2d40-a873-4c33-94f5-fb81e3751d21;DEBW_52210005ely;WALL;199;0,14;19,44;3,16;0,83;;2,57;DEBW_52210005ely
UUID_e65c2aeb-2d19-4a98-b3c6-96a04cd7b4b6;DEBW_52210005ely;WALL;199;0,14;33,37;5,43;0,83;;2,57;DEBW_52210005ely
UUID_6b4549b7-d8d3-47eb-9fbe-dd4219a00525;DEBW_52210005ely;WALL;199;0,14;20,68;3,37;0,83;;2,57;DEBW_52210005ely
UUID_f0224293-71bf-4eb0-af1a-f8e76ad90462;DEBW_52210005ely;GROUND;150;0,00;74,58;0,00;0,62;;;DEBW_52210005ely
UUID_fc6505f4-3341-4934-8f1f-021053ff7635;DEBW_52210005ely;ROOF;226;0,10;39,36;4,37;0,43;;2,57;DEBW_52210005ely
UUID_a038b427-4fd6-45ca-beff-4c3809e70bdb;DEBW_52210005MTP;WALL;199;0,14;7,97;1,30;0,83;;2,57;DEBW_52210005MTP
UUID_b171ffed-32ef-403b-9bad-22fdda5859fb;DEBW_52210005MTP;GROUND;150;0,00;73,82;0,00;0,62;;;DEBW_52210005MTP
UUID_4ea52142-a2cc-40bd-9b9b-7251a7228986;DEBW_52210005MTP;WALL;199;0,14;15,33;2,50;0,83;;2,57;DEBW_52210005MTP
UUID_1bfc3229-af57-4b5c-a663-273bbca4e357;DEBW_52210005MTP;WALL;199;0,14;0,46;0,07;0,83;;2,57;DEBW_52210005MTP
UUID_ade5efe0-3efb-4216-9798-6c2202643f8f;DEBW_52210005MTP;WALL;199;0,14;13,97;2,27;0,83;;2,57;DEBW_52210005MTP
UUID_a7fe5260-3b83-433d-9cd7-e23cda24cb86;DEBW_52210005MTP;WALL;199;0,14;0,52;0,08;0,83;;2,57;DEBW_52210005MTP
UUID_6868c892-8fe0-4d7d-a858-5846b1d4eafa;DEBW_52210005MTP;WALL;199;0,14;13,62;2,22;0,83;;2,57;DEBW_52210005MTP
UUID_727ace28-c083-4798-8371-a777f1ac7a97;DEBW_52210005MTP;ROOF;94;0,00;73,82;0,00;0,43;;2,57;DEBW_52210005MTP
UUID_4764d374-3648-4649-85f7-be1ab91e2bab;DEBW_52210005MTP;WALL;199;0,14;0,82;0,13;0,83;;2,57;DEBW_52210005MTP
UUID_d4f4a1aa-6849-4eda-b7e6-a6992ff40e66;DEBW_52210005MTP;WALL;199;0,14;31,34;5,10;0,83;;2,57;DEBW_52210005MTP
UUID_edb92827-ea73-474f-8102-a138fc9cbe4b;DEBW_52210005MTP;WALL;199;0,14;4,03;0,66;0,83;;2,57;DEBW_52210005MTP
UUID_e7024b14-c3ac-40fd-8609-84f60b057bed;DEBW_52210005MTP;WALL;199;0,14;3,78;0,61;0,83;;2,57;DEBW_52210005MTP
UUID_12b63937-7ff8-431a-afff-cb65b7bd494f;DEBW_52210005MTP;WALL;199;0,14;3,09;0,50;0,83;;2,57;DEBW_52210005MTP
UUID_2bccd92b-7e92-4aed-b84f-e875eea65f6c;DEBW_52210004evV;WALL;199;0,18;50,24;11,03;0,83;;2,57;DEBW_52210004evV
UUID_e7df5749-e741-40a9-8b24-9156f868cc15;DEBW_52210004evV;WALL;199;0,18;96,87;21,26;0,83;;2,57;DEBW_52210004evV
UUID_08d8415b-cad9-4dea-b99a-fbb0e1b36696;DEBW_52210004evV;WALL;199;0,18;45,97;10,09;0,83;;2,57;DEBW_52210004evV
UUID_332d7282-941e-4983-a9fc-964419fbb251;DEBW_52210004evV;WALL;199;0,18;0,91;0,20;0,83;;2,57;DEBW_52210004evV
UUID_8c0a6f5f-18eb-40fc-9afe-7d74587565f7;DEBW_52210004evV;WALL;199;0,18;1,46;0,32;0,83;;2,57;DEBW_52210004evV
UUID_c84fae28-4bee-499d-9afe-04e9bd13714d;DEBW_52210004evV;WALL;199;0,18;54,72;12,01;0,83;;2,57;DEBW_52210004evV
UUID_e2bedfac-b96e-43f5-81e7-3a98595bfde7;DEBW_52210004evV;WALL;199;0,18;6,26;1,37;0,83;;2,57;DEBW_52210004evV
UUID_d5312f82-fda9-4e3c-89c8-c90ab110e45c;DEBW_52210004evV;WALL;199;0,18;116,97;25,68;0,83;;2,57;DEBW_52210004evV
UUID_b1f3c588-4bbb-4e03-b978-8c5d48390cc3;DEBW_52210004evV;GROUND;150;0,00;111,24;0,00;0,62;;;DEBW_52210004evV
UUID_00327487-1de8-47e7-933f-0c7783586bea;DEBW_52210004evV;ROOF;226;0,10;81,07;9,01;0,43;;2,57;DEBW_52210004evV
UUID_f5c86e87-290c-4818-be1f-299127a09453;DEBW_52210004evV;ROOF;226;0,10;68,00;7,56;0,43;;2,57;DEBW_52210004evV
UUID_ec89424b-ec1b-452c-9caf-70bb900af337;DEBW_52210006I9N;WALL;199;0,27;7,26;2,68;0,83;;2,57;DEBW_52210006I9N
UUID_05481433-7b46-4c90-ad56-a68e40455072;DEBW_52210006I9N;WALL;199;0,27;3,88;1,43;0,83;;2,57;DEBW_52210006I9N
UUID_ec60990c-8515-40ed-9b0b-d2c735d9baa0;DEBW_52210006I9N;WALL;199;0,27;3,90;1,44;0,83;;2,57;DEBW_52210006I9N
UUID_b75db857-a4d2-4255-80d9-076cf828f33e;DEBW_52210006I9N;ROOF;226;0,10;4,32;0,48;0,43;;2,57;DEBW_52210006I9N
UUID_dd86b7dc-6871-4c7f-9779-3bfebf260d3d;DEBW_52210006I9N;GROUND;150;0,00;3,12;0,00;0,62;;;DEBW_52210006I9N
UUID_8d4a3dcc-7897-4c53-ad3f-f69d7fe2c1e1;DEBW_52210006I9N;WALL;199;0,27;0,00;0,00;0,83;;2,57;DEBW_52210006I9N
UUID_266f81e3-bbc7-4863-98a1-9464a8dc3174;DEBW_52210005zVK;WALL;199;0,27;10,80;3,99;0,83;;2,57;DEBW_52210005zVK
UUID_a14dcdea-f833-4502-b6a8-af2194313ddc;DEBW_52210005zVK;WALL;199;0,27;24,49;9,06;0,83;;2,57;DEBW_52210005zVK
UUID_a8f680ee-69e5-404c-89d7-4ea32b271807;DEBW_52210005zVK;WALL;199;0,27;4,68;1,73;0,83;;2,57;DEBW_52210005zVK
UUID_3efb2504-8a54-4261-ad02-2cf4888f427c;DEBW_52210005zVK;ROOF;226;0,10;74,11;8,23;0,43;;2,57;DEBW_52210005zVK
UUID_c435b129-9677-4bfe-b3ff-126bfd7e50c1;DEBW_52210005zVK;WALL;199;0,27;4,82;1,78;0,83;;2,57;DEBW_52210005zVK
UUID_e2ba7e57-ac68-4579-a4e4-1197a31f560b;DEBW_52210005zVK;WALL;199;0,27;2,28;0,84;0,83;;2,57;DEBW_52210005zVK
UUID_fe417031-337c-4b13-b186-6e5b1a87def2;DEBW_52210005zVK;WALL;199;0,27;7,12;2,63;0,83;;2,57;DEBW_52210005zVK
UUID_926eca28-b4bc-42eb-b063-c0bc3d29a3f9;DEBW_52210005zVK;WALL;199;0,27;24,53;9,07;0,83;;2,57;DEBW_52210005zVK
UUID_1a3077ac-1ccf-4a7b-9aaa-f683e3bb4b18;DEBW_52210005zVK;WALL;199;0,27;20,74;7,67;0,83;;2,57;DEBW_52210005zVK
UUID_bfeb200d-5155-448e-99ee-8122af8efc9d;DEBW_52210005zVK;WALL;199;0,27;0,69;0,25;0,83;;2,57;DEBW_52210005zVK
UUID_7ef88e7e-8589-4ce8-b529-1477e07ed07e;DEBW_52210005zVK;WALL;199;0,27;3,41;1,26;0,83;;2,57;DEBW_52210005zVK
UUID_d31fe66d-49b9-4939-8ab6-79b04912663e;DEBW_52210005zVK;WALL;199;0,27;74,20;27,44;0,83;;2,57;DEBW_52210005zVK
UUID_a827619c-76b0-4938-a751-f00064d0c95c;DEBW_52210005zVK;WALL;199;0,27;2,52;0,93;0,83;;2,57;DEBW_52210005zVK
UUID_16458c65-e7b2-4f4c-9dbf-8b89d6e44611;DEBW_52210005zVK;WALL;199;0,27;13,67;5,06;0,83;;2,57;DEBW_52210005zVK
UUID_ce0bcfef-23ab-4b3e-bdda-e11714f6603d;DEBW_52210005zVK;GROUND;150;0,00;82,34;0,00;0,62;;;DEBW_52210005zVK
UUID_166fbfde-798c-4097-828b-31fb78e47e8c;DEBW_52210003yB9;WALL;199;0,14;0,83;0,13;0,83;;2,57;DEBW_52210003yB9
UUID_3028fd0e-f385-4471-8af5-eaf661b803ed;DEBW_52210003yB9;ROOF;226;0,10;18,18;2,02;0,43;;2,57;DEBW_52210003yB9
UUID_38d5ce0d-1658-4043-b70e-519a7bdee6d5;DEBW_52210003yB9;WALL;199;0,14;0,41;0,07;0,83;;2,57;DEBW_52210003yB9
UUID_7c9b135a-1def-4e18-95dd-8ff437388188;DEBW_52210003yB9;ROOF;226;0,10;0,03;0,00;0,43;;2,57;DEBW_52210003yB9
UUID_adff7bd3-764f-43a3-a615-94a5e41a90cc;DEBW_52210003yB9;ROOF;226;0,10;37,07;4,12;0,43;;2,57;DEBW_52210003yB9
UUID_e9770759-89b2-4a60-bbe1-2339b6efd116;DEBW_52210003yB9;WALL;199;0,14;20,81;3,39;0,83;;2,57;DEBW_52210003yB9
UUID_4277e6c7-f618-42c0-a57a-90befc53856d;DEBW_52210003yB9;WALL;199;0,14;13,67;2,23;0,83;;2,57;DEBW_52210003yB9
UUID_8faef3bb-7978-4343-a70a-c15c8f7626d3;DEBW_52210003yB9;GROUND;150;0,00;61,38;0,00;0,62;;;DEBW_52210003yB9
UUID_8cbc63b2-658d-4440-af23-3f1041867c77;DEBW_52210003yB9;WALL;199;0,14;0,45;0,07;0,83;;2,57;DEBW_52210003yB9
UUID_88239597-50b0-454a-8a33-72746b49ec38;DEBW_52210003yB9;WALL;199;0,14;12,67;2,06;0,83;;2,57;DEBW_52210003yB9
UUID_96d20148-64c7-46c1-a9de-bc4cf432ed7a;DEBW_52210003yB9;WALL;199;0,14;0,46;0,08;0,83;;2,57;DEBW_52210003yB9
UUID_745b362c-30c0-4dca-a7d5-5971692c5282;DEBW_52210003yB9;WALL;199;0,14;15,64;2,55;0,83;;2,57;DEBW_52210003yB9
UUID_cf700241-53d4-4d70-8939-ff4258fd5bd7;DEBW_52210003yB9;WALL;199;0,14;0,89;0,14;0,83;;2,57;DEBW_52210003yB9
UUID_6f92ceb1-4490-4ae5-a357-a1c505d88118;DEBW_52210003yB9;WALL;199;0,14;6,67;1,09;0,83;;2,57;DEBW_52210003yB9
UUID_6789a5ad-5ac2-4a58-aedc-56c2dfe8e3a4;DEBW_52210006I9r;WALL;199;0,27;6,53;2,42;0,83;;2,57;DEBW_52210006I9r
UUID_f8ba4002-f751-43f0-84dd-04e1c28daf14;DEBW_52210006I9r;WALL;199;0,27;6,62;2,45;0,83;;2,57;DEBW_52210006I9r
UUID_1bdb2254-e837-4af5-8c5e-948cf4a44e47;DEBW_52210006I9r;GROUND;150;0,00;6,57;0,00;0,62;;;DEBW_52210006I9r
UUID_859c9b0c-a5d8-4bef-b552-bd79defe9ed3;DEBW_52210006I9r;WALL;199;0,27;1,54;0,57;0,83;;2,57;DEBW_52210006I9r
UUID_a4b9851f-fffd-4e9e-b316-ac23f9a44458;DEBW_52210006I9r;ROOF;100;0,00;6,57;0,00;0,40;;2,57;DEBW_52210006I9r
UUID_0601b377-2998-4d1c-a5d8-52dece35ed10;DEBW_52210006I9r;WALL;199;0,27;15,90;5,88;0,83;;2,57;DEBW_52210006I9r
UUID_a8e5415b-30a7-40b5-8620-0650090ae8e2;DEBW_52210005MSz;WALL;199;0,18;8,73;1,92;0,83;;2,57;DEBW_52210005MSz
UUID_c19524c2-e33c-4a7d-bb02-f17ad8345c06;DEBW_52210005MSz;WALL;199;0,18;1,96;0,43;0,83;;2,57;DEBW_52210005MSz
UUID_8fcead38-1c51-499f-990a-5191ef6b24ce;DEBW_52210005MSz;WALL;199;0,18;35,53;7,80;0,83;;2,57;DEBW_52210005MSz
UUID_059d201c-9f3b-4069-a46c-f769fdb8d95f;DEBW_52210005MSz;WALL;199;0,18;1,48;0,33;0,83;;2,57;DEBW_52210005MSz
UUID_4c303393-6397-4abc-865c-913efe89c041;DEBW_52210005MSz;WALL;199;0,18;0,69;0,15;0,83;;2,57;DEBW_52210005MSz
UUID_50e1a25e-943b-4167-a48b-d53c2ff5ba9f;DEBW_52210005MSz;WALL;199;0,18;20,27;4,45;0,83;;2,57;DEBW_52210005MSz
UUID_2a9e6ac1-915f-4dae-9fc8-9e1ff64b732b;DEBW_52210005MSz;WALL;199;0,18;29,74;6,53;0,83;;2,57;DEBW_52210005MSz
UUID_d282e887-4e29-4163-8eae-e3625f1128e4;DEBW_52210005MSz;GROUND;150;0,00;94,25;0,00;0,62;;;DEBW_52210005MSz
UUID_2266a7c3-28d4-4493-bfb6-2a329cff5faa;DEBW_52210005MSz;ROOF;226;0,10;65,23;7,25;0,43;;2,57;DEBW_52210005MSz
UUID_e1d1a893-e8be-41e5-bed6-a115860b6bfe;DEBW_52210005MSz;WALL;199;0,18;59,05;12,96;0,83;;2,57;DEBW_52210005MSz
UUID_171caf6b-01ef-4f0a-bde8-56cc5351ab21;DEBW_52210005MSz;ROOF;226;0,10;55,32;6,15;0,43;;2,57;DEBW_52210005MSz
UUID_8891caec-9c3b-49ad-b23f-77f03d5797fc;DEBW_52210005MSz;WALL;199;0,18;0,93;0,20;0,83;;2,57;DEBW_52210005MSz
UUID_b2ba13c3-c7b7-4427-8378-b0e69ccfc2d3;DEBW_52210005MSz;WALL;199;0,18;3,89;0,85;0,83;;2,57;DEBW_52210005MSz
UUID_59efce1c-56f1-4433-8edf-6a36c804f78a;DEBW_52210005MSz;ROOF;226;0,10;1,03;0,11;0,43;;2,57;DEBW_52210005MSz
UUID_969da76d-c9d3-4c68-8615-5c06f7482845;DEBW_52210005MSz;WALL;199;0,18;40,56;8,90;0,83;;2,57;DEBW_52210005MSz
UUID_6f39ad5d-2d90-4157-af04-20c747d1fddf;DEBW_52210005MSz;WALL;199;0,18;0,01;0,00;0,83;;2,57;DEBW_52210005MSz
UUID_6d52b13e-8f52-48e0-beca-fae1f1d7600b;DEBW_52210005MSz;WALL;199;0,18;8,73;1,92;0,83;;2,57;DEBW_52210005MSz
UUID_d98302be-d18d-4378-bef7-9e6f00993c0e;DEBW_52210005zg6;WALL;199;0,27;6,62;2,45;0,83;;2,57;DEBW_52210005zg6
UUID_168de6fb-1faa-4ba9-bd49-f5d302484f2e;DEBW_52210005zg6;ROOF;226;0,10;1,31;0,15;0,43;;2,57;DEBW_52210005zg6
UUID_f36ca754-7fe9-4f2b-877b-49deb005c580;DEBW_52210005zg6;WALL;199;0,27;1,81;0,67;0,83;;2,57;DEBW_52210005zg6
UUID_9447a1fd-9581-4448-bb5e-c74d57f155da;DEBW_52210005zg6;GROUND;150;0,00;1,45;0,00;0,62;;;DEBW_52210005zg6
UUID_dc42a0c1-8124-4b04-9ae6-d8daa00bdfb6;DEBW_52210005zg6;WALL;199;0,27;1,72;0,63;0,83;;2,57;DEBW_52210005zg6
UUID_f4b09aaa-8980-471c-b1e1-1be60eec0d75;DEBW_52210005zg6;WALL;199;0,27;0,00;0,00;0,83;;2,57;DEBW_52210005zg6
UUID_3ddf1874-eec2-49f1-bd8b-abf1544e58b4;DEBW_52210005xix;WALL;199;0,18;0,37;0,08;0,83;;2,57;DEBW_52210005xix
UUID_92857330-a6d0-4fdf-a752-8a1bb924f5dc;DEBW_52210005xix;WALL;199;0,18;34,35;7,54;0,83;;2,57;DEBW_52210005xix
UUID_73fccc84-86a9-4b2c-a3b2-358e43abd214;DEBW_52210005xix;WALL;199;0,18;33,42;7,34;0,83;;2,57;DEBW_52210005xix
UUID_1a204dbf-a5ed-4ab8-ae84-3b360da27500;DEBW_52210005xix;WALL;199;0,18;6,43;1,41;0,83;;2,57;DEBW_52210005xix
UUID_bd526317-5b55-41fb-a50b-2cba2fb5821e;DEBW_52210005xix;WALL;199;0,18;49,79;10,93;0,83;;2,57;DEBW_52210005xix
UUID_f4089afd-1426-4f0f-89d9-910416117292;DEBW_52210005xix;WALL;199;0,18;3,02;0,66;0,83;;2,57;DEBW_52210005xix
UUID_e56b857d-2cca-4f67-b631-b46f48969e0f;DEBW_52210005xix;WALL;199;0,18;13,85;3,04;0,83;;2,57;DEBW_52210005xix
UUID_a795a960-e094-4dac-b058-22ffeba67174;DEBW_52210005xix;ROOF;226;0,10;46,87;5,21;0,43;;2,57;DEBW_52210005xix
UUID_8fe79775-4410-42cf-9188-deff532a3c40;DEBW_52210005xix;WALL;199;0,18;9,05;1,99;0,83;;2,57;DEBW_52210005xix
UUID_e404a447-5eb0-4ddb-8edf-45ead8790ea3;DEBW_52210005xix;WALL;199;0,18;22,40;4,92;0,83;;2,57;DEBW_52210005xix
UUID_15818885-a2ae-417e-8e51-858943d50d8c;DEBW_52210005xix;ROOF;226;0,10;42,69;4,74;0,43;;2,57;DEBW_52210005xix
UUID_115ca48c-d6a1-4f51-91fc-45fa7b7cd323;DEBW_52210005xix;WALL;199;0,18;6,92;1,52;0,83;;2,57;DEBW_52210005xix
UUID_2e721fa2-3046-4e08-9500-81538d459c71;DEBW_52210005xix;WALL;199;0,18;30,68;6,73;0,83;;2,57;DEBW_52210005xix
UUID_b6d84be4-302d-4eff-8cd5-abd2e7cb2afe;DEBW_52210005xix;GROUND;150;0,00;74,51;0,00;0,62;;;DEBW_52210005xix
UUID_eb6a9867-b367-4867-b2b9-df2c0fb84f85;DEBW_52210005xix;WALL;199;0,18;27,59;6,06;0,83;;2,57;DEBW_52210005xix
UUID_6b40a65c-558a-46aa-970c-1f341bd7542e;DEBW_52210004eyQ;WALL;199;0,27;0,07;0,03;0,83;;2,57;DEBW_52210004eyQ
UUID_8f3646c7-ce07-4329-a9f1-10fe4248e5a9;DEBW_52210004eyQ;WALL;199;0,27;27,60;10,21;0,83;;2,57;DEBW_52210004eyQ
UUID_7066b94f-00d6-4dfe-92d8-2b66175b2d39;DEBW_52210004eyQ;WALL;199;0,27;1,70;0,63;0,83;;2,57;DEBW_52210004eyQ
UUID_e9422158-5d26-4371-9ebe-34b15c71cd6e;DEBW_52210004eyQ;WALL;199;0,27;2,99;1,11;0,83;;2,57;DEBW_52210004eyQ
UUID_821b7b47-31d6-422a-b04b-44f4560d4470;DEBW_52210004eyQ;WALL;199;0,27;15,67;5,80;0,83;;2,57;DEBW_52210004eyQ
UUID_e80f48d7-3acb-49e2-ab67-623f74803597;DEBW_52210004eyQ;WALL;199;0,27;51,14;18,91;0,83;;2,57;DEBW_52210004eyQ
UUID_7107ef9c-8079-43bc-9e13-f92503418fa0;DEBW_52210004eyQ;WALL;199;0,27;0,53;0,20;0,83;;2,57;DEBW_52210004eyQ
UUID_339d6181-1583-4b50-b421-3218ec1b8bee;DEBW_52210004eyQ;GROUND;150;0,00;80,31;0,00;0,62;;;DEBW_52210004eyQ
UUID_0ce9df04-646e-477d-9d7c-7783c344f2d5;DEBW_52210004eyQ;WALL;199;0,27;0,05;0,02;0,83;;2,57;DEBW_52210004eyQ
UUID_695b2628-cfaf-4fb5-a5c7-33cbe10cc994;DEBW_52210004eyQ;WALL;199;0,27;4,12;1,52;0,83;;2,57;DEBW_52210004eyQ
UUID_af12b296-baaa-4245-9ccb-60f8f43d5360;DEBW_52210004eyQ;WALL;199;0,27;8,14;3,01;0,83;;2,57;DEBW_52210004eyQ
UUID_f625577c-8ed1-489e-a9e7-6a87dabaf295;DEBW_52210004eyQ;ROOF;226;0,10;72,28;8,03;0,43;;2,57;DEBW_52210004eyQ
UUID_2d4942f2-6348-47af-85e2-abe3fcae0d89;DEBW_52210004eyQ;WALL;199;0,27;4,02;1,49;0,83;;2,57;DEBW_52210004eyQ
UUID_f8855b40-9ba8-44a8-87fa-850750e95bd7;DEBW_52210004eyQ;WALL;199;0,27;0,28;0,10;0,83;;2,57;DEBW_52210004eyQ
UUID_d8a54e84-10c0-4655-8b56-5351bf1e9289;DEBW_52210005em7;WALL;199;0,18;134,04;29,42;0,83;;2,57;DEBW_52210005em7
UUID_3942349b-6bca-4037-b82e-3ab4ed401c26;DEBW_52210005em7;ROOF;226;0,10;153,18;17,02;0,43;;2,57;DEBW_52210005em7
UUID_31836384-9679-4f7d-88a4-9f7b939eab76;DEBW_52210005em7;ROOF;226;0,10;161,36;17,93;0,43;;2,57;DEBW_52210005em7
UUID_9e0b2c8e-783b-4ee5-8e46-198b6b40df3d;DEBW_52210005em7;WALL;199;0,18;7,94;1,74;0,83;;2,57;DEBW_52210005em7
UUID_9666d1dc-35ef-4209-9de7-fd5eedb87401;DEBW_52210005em7;WALL;199;0,18;48,92;10,74;0,83;;2,57;DEBW_52210005em7
UUID_310dbb0a-2472-4f89-9d8d-8d53aa60e661;DEBW_52210005em7;WALL;199;0,18;5,30;1,16;0,83;;2,57;DEBW_52210005em7
UUID_a8a903f8-6084-4950-bda2-0adf403729ea;DEBW_52210005em7;WALL;199;0,18;136,41;29,94;0,83;;2,57;DEBW_52210005em7
UUID_12c79143-e015-4416-9ddb-5aeff873950d;DEBW_52210005em7;GROUND;150;0,00;249,67;0,00;0,62;;;DEBW_52210005em7
UUID_1e9450a7-b50c-4dd9-81b9-0f27f113a2b2;DEBW_52210005em7;WALL;199;0,18;7,77;1,70;0,83;;2,57;DEBW_52210005em7
UUID_bef35e4e-ec0d-4527-94af-491917337acd;DEBW_52210005em7;WALL;199;0,18;58,34;12,81;0,83;;2,57;DEBW_52210005em7
UUID_6887ba76-448e-482e-bcb8-c1bb8ecd3d66;DEBW_52210005em7;WALL;199;0,18;54,44;11,95;0,83;;2,57;DEBW_52210005em7
UUID_5a731c25-ac3b-401a-86fd-0a779ce279f9;DEBW_52210005em7;WALL;199;0,18;42,24;9,27;0,83;;2,57;DEBW_52210005em7
UUID_38492c12-2182-4a7d-b467-a9f7892849e5;DEBW_52210004Elg;WALL;199;0,27;2,30;0,85;0,83;;2,57;DEBW_52210004Elg
UUID_0eafb862-9eef-4d86-bcab-92a7d08f6837;DEBW_52210004Elg;WALL;199;0,27;14,73;5,45;0,83;;2,57;DEBW_52210004Elg
UUID_50afb99c-4cfa-403b-b14a-e01730f95191;DEBW_52210004Elg;GROUND;150;0,00;22,05;0,00;0,62;;;DEBW_52210004Elg
UUID_6681669a-40a0-4374-8024-4c8663f004c8;DEBW_52210004Elg;ROOF;100;0,00;22,05;0,00;0,40;;2,57;DEBW_52210004Elg
UUID_2f597a89-5d32-4e02-9749-db05aa639279;DEBW_52210004Elg;WALL;199;0,27;1,45;0,54;0,83;;2,57;DEBW_52210004Elg
UUID_e84b4c52-b497-446b-9b76-f3203295f3e3;DEBW_52210004Elg;WALL;199;0,27;0,52;0,19;0,83;;2,57;DEBW_52210004Elg
UUID_04cb3a3a-436d-47c8-8ea7-d9a0ed6f0ede;DEBW_52210004Elg;WALL;199;0,27;0,63;0,23;0,83;;2,57;DEBW_52210004Elg
UUID_47f71655-5e43-4fcc-8d9d-781e5834f152;DEBW_52210004Elg;WALL;199;0,27;1,07;0,40;0,83;;2,57;DEBW_52210004Elg
UUID_6a95acac-b57f-461b-ae6d-ef1a07af4703;DEBW_52210004Elg;WALL;199;0,27;6,46;2,39;0,83;;2,57;DEBW_52210004Elg
UUID_1ab330d5-cb88-485d-9516-168dd6b21037;DEBW_52210004Elg;WALL;199;0,27;5,74;2,12;0,83;;2,57;DEBW_52210004Elg
UUID_5b86bebd-d0e0-43c2-a115-0591a25c3d2a;DEBW_52210004Elg;WALL;199;0,27;0,82;0,30;0,83;;2,57;DEBW_52210004Elg
UUID_033b6afe-baf5-40be-b8bd-cee14e34c4e9;DEBW_52210004Elg;WALL;199;0,27;0,80;0,30;0,83;;2,57;DEBW_52210004Elg
UUID_f0eacc4d-8774-4f13-8f65-14f46e05b8eb;DEBW_52210004Elg;WALL;199;0,27;1,00;0,37;0,83;;2,57;DEBW_52210004Elg
UUID_1f79e7ab-58f1-4989-b170-1f4b3e276f6d;DEBW_5221Us0004K;WALL;199;0,27;0,38;0,14;0,83;;2,57;DEBW_5221Us0004K
UUID_39b90dd8-353c-4010-a017-0cfda962279e;DEBW_5221Us0004K;WALL;199;0,27;10,03;3,71;0,83;;2,57;DEBW_5221Us0004K
UUID_4afe9f25-ab72-4555-babb-94a7ae57b2ea;DEBW_5221Us0004K;WALL;199;0,27;0,00;0,00;0,83;;2,57;DEBW_5221Us0004K
UUID_a9c79a36-a28a-4b3d-9ad3-6915b97c2c55;DEBW_5221Us0004K;WALL;199;0,27;24,13;8,92;0,83;;2,57;DEBW_5221Us0004K
UUID_ba5cf813-512a-494a-a723-12b9e63d197a;DEBW_5221Us0004K;WALL;199;0,27;23,99;8,87;0,83;;2,57;DEBW_5221Us0004K
UUID_42e85270-547c-4e2c-bc26-74c797083805;DEBW_5221Us0004K;WALL;199;0,27;65,29;24,15;0,83;;2,57;DEBW_5221Us0004K
UUID_5e446a5a-2ae5-4440-965d-7f3cc2e38f64;DEBW_5221Us0004K;WALL;199;0,27;10,34;3,83;0,83;;2,57;DEBW_5221Us0004K
UUID_2eaad9e2-b582-4ab8-a90f-4f1f3eef7d42;DEBW_5221Us0004K;WALL;199;0,27;19,05;7,04;0,83;;2,57;DEBW_5221Us0004K
UUID_27770744-0ecb-45b3-b774-d85543c1c4ba;DEBW_5221Us0004K;WALL;199;0,27;11,73;4,34;0,83;;2,57;DEBW_5221Us0004K
UUID_81c69187-47e9-43f1-a6ff-90a8caf01edf;DEBW_5221Us0004K;WALL;199;0,27;25,02;9,26;0,83;;2,57;DEBW_5221Us0004K
UUID_755ffe16-ca12-4a0a-8780-af2770820e8b;DEBW_5221Us0004K;WALL;199;0,27;0,31;0,11;0,83;;2,57;DEBW_5221Us0004K
UUID_199330bc-6062-4bc1-8c35-edb3055ecf17;DEBW_5221Us0004K;WALL;199;0,27;20,34;7,52;0,83;;2,57;DEBW_5221Us0004K
UUID_ba83a1cd-e4b0-4084-b609-4b8505e8da96;DEBW_5221Us0004K;ROOF;226;0,10;55,17;6,13;0,43;;2,57;DEBW_5221Us0004K
UUID_ec254c04-d13a-467a-8518-9503580c7881;DEBW_5221Us0004K;WALL;199;0,27;0,31;0,12;0,83;;2,57;DEBW_5221Us0004K
UUID_cd5e5027-1122-4107-ba2b-f292ae291226;DEBW_5221Us0004K;ROOF;226;0,10;60,31;6,70;0,43;;2,57;DEBW_5221Us0004K
UUID_43692183-e273-456d-bdde-00c309f43c8d;DEBW_5221Us0004K;GROUND;150;0,00;123,34;0,00;0,62;;;DEBW_5221Us0004K
UUID_7c664223-042f-4ff6-84f8-db0db7e2df76;DEBW_5221Us0004K;WALL;199;0,27;41,89;15,49;0,83;;2,57;DEBW_5221Us0004K
UUID_18a0e68c-f31e-4245-a987-0fc43401b784;DEBW_52210005zec;WALL;199;0,27;11,76;4,35;0,83;;2,57;DEBW_52210005zec
UUID_a5bae9ff-8a85-46bf-8a51-2b4d96302582;DEBW_52210005zec;WALL;199;0,27;7,37;2,73;0,83;;2,57;DEBW_52210005zec
UUID_d51553ff-a392-401b-b8c0-1e7a51a1dc4b;DEBW_52210005zec;WALL;199;0,27;0,38;0,14;0,83;;2,57;DEBW_52210005zec
UUID_7c030d8f-cfe1-4f87-9b97-89631be2b279;DEBW_52210005zec;WALL;199;0,27;7,34;2,71;0,83;;2,57;DEBW_52210005zec
UUID_e4314ebf-d003-4e94-825e-9b21859e0b54;DEBW_52210005zec;GROUND;150;0,00;8,77;0,00;0,62;;;DEBW_52210005zec
UUID_93fb2d0a-1347-4d51-8631-ceea6256a5c0;DEBW_52210005zec;ROOF;226;0,10;7,90;0,88;0,43;;2,57;DEBW_52210005zec
UUID_49c3ff5e-bf3c-4319-8bcb-761ca161bf3f;DEBW_52210004f2t;WALL;199;0,27;9,06;3,35;0,83;;2,57;DEBW_52210004f2t
UUID_87c1b030-670b-47b8-bb40-0be8f6b0a358;DEBW_52210004f2t;WALL;199;0,27;9,13;3,38;0,83;;2,57;DEBW_52210004f2t
UUID_bc58d4a7-8fd8-407f-aef4-1826c0da922d;DEBW_52210004f2t;ROOF;100;0,00;20,76;0,00;0,40;;2,57;DEBW_52210004f2t
UUID_df9acc98-a07f-41b0-83fa-7755042eb27f;DEBW_52210004f2t;WALL;199;0,27;0,00;0,00;0,83;;2,57;DEBW_52210004f2t
UUID_c4c14407-1359-4b9f-a853-ce47b7956baa;DEBW_52210004f2t;GROUND;150;0,00;20,76;0,00;0,62;;;DEBW_52210004f2t
UUID_dad2eda2-a93a-4ed3-af95-4b8508acfd51;DEBW_52210004f2t;WALL;199;0,27;16,03;5,93;0,83;;2,57;DEBW_52210004f2t
UUID_18040759-1a88-4179-9ea4-879da92babb3;DEBW_52210004Eso;WALL;199;0,27;10,36;3,83;0,83;;2,57;DEBW_52210004Eso
UUID_1c54f83b-4747-4a2b-8bf2-886cf90df456;DEBW_52210004Eso;ROOF;226;0,10;5,49;0,61;0,43;;2,57;DEBW_52210004Eso
UUID_222da7fe-9b0c-4c1a-bd30-4ed8b8a0806a;DEBW_52210004Eso;WALL;199;0,27;0,71;0,26;0,83;;2,57;DEBW_52210004Eso
UUID_b829a8a7-7ebc-4670-b8b3-2d146e25ef20;DEBW_52210004Eso;WALL;199;0,27;9,03;3,34;0,83;;2,57;DEBW_52210004Eso
UUID_7b51c6a8-49f7-48d4-bb05-2c9879bae4a7;DEBW_52210004Eso;WALL;199;0,27;9,65;3,57;0,83;;2,57;DEBW_52210004Eso
UUID_0452b873-3132-4e49-85b4-61db6392e129;DEBW_52210004Eso;GROUND;150;0,00;6,07;0,00;0,62;;;DEBW_52210004Eso
UUID_06dfd4ec-3092-4f99-a121-0279d6e8a227;DEBW_52210005MV3;WALL;199;0,18;20,05;4,40;0,83;;2,57;DEBW_52210005MV3
UUID_49277f4c-14ec-4d06-aab5-46a95701f517;DEBW_52210005MV3;WALL;199;0,18;55,85;12,26;0,83;;2,57;DEBW_52210005MV3
UUID_642d407d-47d8-49e5-89dc-f3e32eee78a2;DEBW_52210005MV3;WALL;199;0,18;54,48;11,96;0,83;;2,57;DEBW_52210005MV3
UUID_4524c5a3-c7b1-49d9-8d9f-dbbd16bb994a;DEBW_52210005MV3;WALL;199;0,18;25,47;5,59;0,83;;2,57;DEBW_52210005MV3
UUID_f02aa1d3-063a-4661-913f-12a932cf0136;DEBW_52210005MV3;WALL;199;0,18;8,61;1,89;0,83;;2,57;DEBW_52210005MV3
UUID_eeec4085-7bb7-4c06-bde0-d64028c716ca;DEBW_52210005MV3;WALL;199;0,18;19,78;4,34;0,83;;2,57;DEBW_52210005MV3
UUID_a3499271-7e09-4e2f-8c50-833f4a161ef3;DEBW_52210005MV3;WALL;199;0,18;13,73;3,01;0,83;;2,57;DEBW_52210005MV3
UUID_4f771cf1-7122-42e1-a588-d5db7547f932;DEBW_52210005MV3;WALL;199;0,18;9,63;2,11;0,83;;2,57;DEBW_52210005MV3
UUID_7a5c7704-26c5-4fc2-9e71-c3d65ebecab1;DEBW_52210005MV3;WALL;199;0,18;28,65;6,29;0,83;;2,57;DEBW_52210005MV3
UUID_24399b1e-43c2-4621-b7ab-e814614b5f12;DEBW_52210005MV3;WALL;199;0,18;9,16;2,01;0,83;;2,57;DEBW_52210005MV3
UUID_20eb5132-7ad0-445e-9913-6aee80477175;DEBW_52210005MV3;WALL;199;0,18;9,62;2,11;0,83;;2,57;DEBW_52210005MV3
UUID_281e7c47-1fd3-4758-9077-81fb17c02fce;DEBW_52210005MV3;WALL;199;0,18;54,57;11,98;0,83;;2,57;DEBW_52210005MV3
UUID_567ad0e3-abd4-418a-b9e7-c6887e93322b;DEBW_52210005MV3;WALL;199;0,18;59,24;13,00;0,83;;2,57;DEBW_52210005MV3
UUID_0ddc98e1-69e9-4e36-908e-4bc950442e9f;DEBW_52210005MV3;GROUND;150;0,00;215,74;0,00;0,62;;;DEBW_52210005MV3
UUID_385be392-b5e6-4282-9ec2-9dcbb301e54d;DEBW_52210005MV3;WALL;199;0,18;28,01;6,15;0,83;;2,57;DEBW_52210005MV3
UUID_4bf2326d-ffc1-4129-811d-d7837f2f283c;DEBW_52210005MV3;WALL;199;0,18;37,63;8,26;0,83;;2,57;DEBW_52210005MV3
UUID_f1bb5d93-89cf-4bdc-82d0-41ec06267960;DEBW_52210005MV3;WALL;199;0,18;13,28;2,91;0,83;;2,57;DEBW_52210005MV3
UUID_4705eba7-9fb6-46fa-a9f4-727d5b398f67;DEBW_52210005MV3;WALL;199;0,18;9,57;2,10;0,83;;2,57;DEBW_52210005MV3
UUID_73c6e231-679e-4aa7-87aa-cde6bd05491c;DEBW_52210005MV3;WALL;199;0,18;28,53;6,26;0,83;;2,57;DEBW_52210005MV3
UUID_5accd01b-256f-4db2-b761-613b4e89e732;DEBW_52210005MV3;WALL;199;0,18;14,89;3,27;0,83;;2,57;DEBW_52210005MV3
UUID_94d0dfc1-0e84-476b-9d54-f138a19841bd;DEBW_52210005MV3;WALL;199;0,18;14,90;3,27;0,83;;2,57;DEBW_52210005MV3
UUID_512fdc4c-fc39-4357-891f-0ed4a3d4c219;DEBW_52210005MV3;WALL;199;0,18;9,57;2,10;0,83;;2,57;DEBW_52210005MV3
UUID_2077bfc7-259c-4894-8620-749a5aecacf8;DEBW_52210005MV3;WALL;199;0,18;39,81;8,74;0,83;;2,57;DEBW_52210005MV3
UUID_86808119-59ca-4539-aa49-6cd54a195f31;DEBW_52210005MV3;WALL;199;0,18;59,33;13,02;0,83;;2,57;DEBW_52210005MV3
UUID_f287adbd-2df3-4036-acd3-aa2c91670c0e;DEBW_52210005MV3;ROOF;226;0,10;194,17;21,57;0,43;;2,57;DEBW_52210005MV3
UUID_fc803d61-7abd-4438-8231-f4dd109bfa3b;DEBW_52210005zhJ;GROUND;150;0,00;20,96;0,00;0,62;;;DEBW_52210005zhJ
UUID_478a6ffc-7eb0-456e-9d99-580f4d273d96;DEBW_52210005zhJ;WALL;199;0,27;0,55;0,20;0,83;;2,57;DEBW_52210005zhJ
UUID_5519619a-8ba8-47cc-9aa1-c9725f7a21a7;DEBW_52210005zhJ;WALL;199;0,27;1,14;0,42;0,83;;2,57;DEBW_52210005zhJ
UUID_2afc3588-cfb6-47d7-b187-486a04d2c7b5;DEBW_52210005zhJ;WALL;199;0,27;6,44;2,38;0,83;;2,57;DEBW_52210005zhJ
UUID_758368cc-a1b9-462b-b7a8-41af57cc4c74;DEBW_52210005zhJ;WALL;199;0,27;6,45;2,39;0,83;;2,57;DEBW_52210005zhJ
UUID_cf8bce6a-aef7-41eb-9b7d-0efc7bdc4ad6;DEBW_52210005zhJ;ROOF;226;0,10;18,86;2,10;0,43;;2,57;DEBW_52210005zhJ
UUID_75c4f321-0bfc-4754-b1f9-eb3a9f9f47c1;DEBW_52210005xzK;WALL;199;0,14;30,68;4,99;0,83;;2,57;DEBW_52210005xzK
UUID_9e4fb74e-2d0c-49c4-9664-d091fb4c7b48;DEBW_52210005xzK;WALL;199;0,14;0,37;0,06;0,83;;2,57;DEBW_52210005xzK
UUID_144c0bfa-7a56-4174-bdd0-e8da9bb6ec10;DEBW_52210005xzK;WALL;199;0,14;31,03;5,05;0,83;;2,57;DEBW_52210005xzK
UUID_85bf239f-b914-4033-a5f5-4f360c6ad113;DEBW_52210005xzK;ROOF;226;0,10;49,49;5,50;0,43;;2,57;DEBW_52210005xzK
UUID_2454dd5f-2396-4623-9b8b-69e87adc568b;DEBW_52210005xzK;WALL;199;0,14;70,70;11,51;0,83;;2,57;DEBW_52210005xzK
UUID_0d234e83-0b9b-4387-96ad-681439f9ac7f;DEBW_52210005xzK;WALL;199;0,14;5,74;0,93;0,83;;2,57;DEBW_52210005xzK
UUID_c4dc6631-58af-4e88-8e84-30e53c8d0794;DEBW_52210005xzK;WALL;199;0,14;71,63;11,66;0,83;;2,57;DEBW_52210005xzK
UUID_fa773989-7c40-45cb-abe3-cac04d6e1059;DEBW_52210005xzK;WALL;199;0,14;4,73;0,77;0,83;;2,57;DEBW_52210005xzK
UUID_8fe4f76d-eb29-43f6-8690-cd1d65a1a998;DEBW_52210005xzK;ROOF;226;0,10;51,14;5,68;0,43;;2,57;DEBW_52210005xzK
UUID_05e97537-8306-4672-a220-acacb733c368;DEBW_52210005xzK;GROUND;150;0,00;85,95;0,00;0,62;;;DEBW_52210005xzK
UUID_2b0b6981-8176-44b4-9024-51d2cb05996a;DEBW_52210005xzK;WALL;199;0,14;11,75;1,91;0,83;;2,57;DEBW_52210005xzK
UUID_1888f243-bcae-4d21-9b8f-a5d6b2df45e8;DEBW_52210005ej5;WALL;199;0,18;11,60;2,55;0,83;;2,57;DEBW_52210005ej5
UUID_c6495a5e-6e8f-4742-ab25-531d87e69d02;DEBW_52210005ej5;WALL;199;0,18;39,74;8,72;0,83;;2,57;DEBW_52210005ej5
UUID_fd61b763-8a39-4fde-9dc8-5789d9858215;DEBW_52210005ej5;WALL;199;0,18;38,39;8,43;0,83;;2,57;DEBW_52210005ej5
UUID_abe3675e-b1aa-499c-a87d-bb3d9d163433;DEBW_52210005ej5;ROOF;226;0,10;79,17;8,80;0,43;;2,57;DEBW_52210005ej5
UUID_d57f709d-f37b-42c9-bb6a-023095a335f7;DEBW_52210005ej5;ROOF;226;0,10;76,31;8,48;0,43;;2,57;DEBW_52210005ej5
UUID_9bd92557-2720-4efe-a769-5b5d9c93d7ae;DEBW_52210005ej5;WALL;199;0,18;77,51;17,02;0,83;;2,57;DEBW_52210005ej5
UUID_3a691ee0-1807-414e-9ebb-c6e9175c8517;DEBW_52210005ej5;WALL;199;0,18;2,55;0,56;0,83;;2,57;DEBW_52210005ej5
UUID_27479b2b-0352-42d6-96b3-0878d6f6b233;DEBW_52210005ej5;WALL;199;0,18;1,20;0,26;0,83;;2,57;DEBW_52210005ej5
UUID_f462bec5-594c-4d8e-9441-3a0e1ab66bcb;DEBW_52210005ej5;WALL;199;0,18;19,57;4,30;0,83;;2,57;DEBW_52210005ej5
UUID_9ef4d93c-2d7f-46d0-b32f-493b91fa58ba;DEBW_52210005ej5;GROUND;150;0,00;123,61;0,00;0,62;;;DEBW_52210005ej5
UUID_20c1f2c8-7d63-4df3-a355-a1284b5f29c2;DEBW_52210005ej5;WALL;199;0,18;50,51;11,09;0,83;;2,57;DEBW_52210005ej5
UUID_3e9cacb6-6947-455f-92a1-ad5b2bdffd19;DEBW_52210005ej5;WALL;199;0,18;39,35;8,64;0,83;;2,57;DEBW_52210005ej5
UUID_7cc06cfe-d6e4-4360-8189-cef5794685e9;DEBW_52210004f3W;WALL;199;0,18;25,45;5,59;0,83;;2,57;DEBW_52210004f3W
UUID_d05d17eb-db82-4fea-9d01-44c418b1debc;DEBW_52210004f3W;WALL;199;0,18;19,56;4,29;0,83;;2,57;DEBW_52210004f3W
UUID_21a8b65a-98b8-4e38-9774-e730fd261545;DEBW_52210004f3W;WALL;199;0,18;23,56;5,17;0,83;;2,57;DEBW_52210004f3W
UUID_30c68b45-bbb0-452c-b1a9-d40d5a0a9b78;DEBW_52210004f3W;WALL;199;0,18;6,01;1,32;0,83;;2,57;DEBW_52210004f3W
UUID_b1684a65-21b5-4da4-9462-50ac9a48ee95;DEBW_52210004f3W;WALL;199;0,18;32,35;7,10;0,83;;2,57;DEBW_52210004f3W
UUID_7f8bc1aa-84c3-4141-bb63-b5a410326d40;DEBW_52210004f3W;WALL;199;0,18;38,67;8,49;0,83;;2,57;DEBW_52210004f3W
UUID_a168955d-520a-4698-a554-e92fe43b100a;DEBW_52210004f3W;GROUND;150;0,00;58,67;0,00;0,62;;;DEBW_52210004f3W
UUID_e93d133a-5a2e-4246-ba92-7549fd156b75;DEBW_52210004f3W;ROOF;226;0,10;33,81;3,76;0,43;;2,57;DEBW_52210004f3W
UUID_77c96ed2-48b0-4986-8dc3-2b690b7a5d33;DEBW_52210004f3W;WALL;199;0,18;22,63;4,97;0,83;;2,57;DEBW_52210004f3W
UUID_0e7aa805-41c4-4a02-81e7-cf90cbecb603;DEBW_52210004f3W;WALL;199;0,18;63,11;13,85;0,83;;2,57;DEBW_52210004f3W
UUID_f8d9feb1-e5f7-47c9-b18b-465f05216ad2;DEBW_52210004f3W;ROOF;226;0,10;29,46;3,27;0,43;;2,57;DEBW_52210004f3W
UUID_472bd6d8-2943-4328-a325-abe91ecc5bcc;DEBW_52210004f3W;WALL;199;0,18;28,67;6,29;0,83;;2,57;DEBW_52210004f3W
UUID_d42b4ce1-de67-44c3-8b59-f1490a56cd8c;DEBW_52210004f3W;WALL;199;0,18;14,56;3,20;0,83;;2,57;DEBW_52210004f3W
UUID_af4d8902-fce1-4740-86b3-ecc5111721d6;DEBW_52210004f3W;WALL;199;0,18;19,19;4,21;0,83;;2,57;DEBW_52210004f3W
UUID_387b2392-bb2e-47db-9903-02ed8249caee;DEBW_52210005PIU;WALL;199;0,14;22,51;3,66;0,83;;2,57;DEBW_52210005PIU
UUID_1ae11e1e-062e-4f26-a4a6-99c4ab9c00dc;DEBW_52210005PIU;GROUND;150;0,00;26,81;0,00;0,62;;;DEBW_52210005PIU
UUID_6032b095-7a15-4c27-9cf1-1daee8933eb4;DEBW_52210005PIU;WALL;199;0,14;10,66;1,74;0,83;;2,57;DEBW_52210005PIU
UUID_d7fcd4a7-2797-4ebe-a7d5-e986c62b2321;DEBW_52210005PIU;ROOF;226;0,10;25,65;2,85;0,43;;2,57;DEBW_52210005PIU
UUID_92dedd56-f337-42cd-921e-d32817a0acfb;DEBW_52210005PIU;WALL;199;0,14;14,05;2,29;0,83;;2,57;DEBW_52210005PIU
UUID_3bca8307-d196-46c2-8bc8-348e230e1e93;DEBW_52210005PIU;WALL;199;0,14;11,28;1,84;0,83;;2,57;DEBW_52210005PIU
UUID_2d380fae-c6a1-4f1a-81e8-6667c1192317;DEBW_522Ue00002q;WALL;199;0,18;7,90;1,73;0,83;;2,57;DEBW_522Ue00002q
UUID_13436e8a-72cf-4605-9538-e0820e0fe858;DEBW_522Ue00002q;WALL;199;0,18;67,00;14,71;0,83;;2,57;DEBW_522Ue00002q
UUID_964ede28-7582-4dc3-a73a-848b9ed04c25;DEBW_522Ue00002q;WALL;199;0,18;7,88;1,73;0,83;;2,57;DEBW_522Ue00002q
UUID_da87c814-8d2e-484f-ba41-6b9a0852fa6c;DEBW_522Ue00002q;WALL;199;0,18;22,88;5,02;0,83;;2,57;DEBW_522Ue00002q
UUID_7bb899a6-dc17-47cf-9658-d192c0436293;DEBW_522Ue00002q;WALL;199;0,18;9,00;1,97;0,83;;2,57;DEBW_522Ue00002q
UUID_8a462a04-9997-4c43-931c-051f010968ef;DEBW_522Ue00002q;ROOF;226;0,10;64,23;7,14;0,43;;2,57;DEBW_522Ue00002q
UUID_ba212c9d-090b-45cc-8306-15a1f26bccbb;DEBW_522Ue00002q;WALL;199;0,18;12,58;2,76;0,83;;2,57;DEBW_522Ue00002q
UUID_ba3afe5d-0e13-49ef-95a9-69072e0e0a3a;DEBW_522Ue00002q;WALL;199;0,18;2,59;0,57;0,83;;2,57;DEBW_522Ue00002q
UUID_e394ad01-c43b-4896-b3b0-f264710150f5;DEBW_522Ue00002q;WALL;199;0,18;24,70;5,42;0,83;;2,57;DEBW_522Ue00002q
UUID_fecd03ab-335d-482d-b8cb-f9047fdd6023;DEBW_522Ue00002q;ROOF;226;0,10;56,84;6,32;0,43;;2,57;DEBW_522Ue00002q
UUID_98958a58-6961-45c3-adba-3e2c5df28712;DEBW_522Ue00002q;WALL;199;0,18;13,93;3,06;0,83;;2,57;DEBW_522Ue00002q
UUID_73216bf1-e9e2-4f63-93cc-e938ba9b11ba;DEBW_522Ue00002q;WALL;199;0,18;10,51;2,31;0,83;;2,57;DEBW_522Ue00002q
UUID_6f4b93b6-8da2-4883-8464-8744c3dd168f;DEBW_522Ue00002q;WALL;199;0,18;15,20;3,34;0,83;;2,57;DEBW_522Ue00002q
UUID_bdcf53e7-0b57-4635-83c7-bba6fe3f250e;DEBW_522Ue00002q;WALL;199;0,18;30,17;6,62;0,83;;2,57;DEBW_522Ue00002q
UUID_5a148492-6763-4083-be3c-26d479960741;DEBW_522Ue00002q;WALL;199;0,18;30,42;6,68;0,83;;2,57;DEBW_522Ue00002q
UUID_6b916986-95fd-41f6-8db1-fe6f6a6ca7d0;DEBW_522Ue00002q;GROUND;150;0,00;94,61;0,00;0,62;;;DEBW_522Ue00002q
UUID_7c15ddc5-8266-49bf-baa5-af0f7c7f770b;DEBW_522Ue00002q;WALL;199;0,18;25,44;5,58;0,83;;2,57;DEBW_522Ue00002q
UUID_df978372-ddcd-432c-82c6-79d23d46542a;DEBW_52210005MY8;WALL;199;0,27;6,95;2,57;0,83;;2,57;DEBW_52210005MY8
UUID_77c823a7-567f-4f25-b09e-069052690077;DEBW_52210005MY8;ROOF;226;0,10;3,53;0,39;0,43;;2,57;DEBW_52210005MY8
UUID_1f727a8b-48c5-4ec6-86d2-757b1fc60ea2;DEBW_52210005MY8;WALL;199;0,27;11,51;4,26;0,83;;2,57;DEBW_52210005MY8
UUID_c2892858-dd42-4d73-a146-d2fe5f79e713;DEBW_52210005MY8;ROOF;226;0,10;3,48;0,39;0,43;;2,57;DEBW_52210005MY8
UUID_7574207e-3ba6-4f58-9ef8-6bd709656e83;DEBW_52210005MY8;GROUND;150;0,00;5,58;0,00;0,62;;;DEBW_52210005MY8
UUID_35a6cfef-2e14-4b70-b5de-9ae64dff2be7;DEBW_52210005MY8;WALL;199;0,27;11,33;4,19;0,83;;2,57;DEBW_52210005MY8
UUID_aae20acd-5910-4248-b235-200c26e64b5f;DEBW_52210005MY8;WALL;199;0,27;1,05;0,39;0,83;;2,57;DEBW_52210005MY8
UUID_a7509e10-cf04-4145-9c70-58b0fb24c81b;DEBW_52210005MY8;WALL;199;0,27;0,99;0,37;0,83;;2,57;DEBW_52210005MY8
UUID_7d102059-95bb-4eca-818b-818ec52394ae;DEBW_52210005MY8;WALL;199;0,27;7,12;2,63;0,83;;2,57;DEBW_52210005MY8
UUID_57b6c158-61f1-463e-adab-c99556d6899b;DEBW_52210005JtN;WALL;199;0,27;2,16;0,80;0,83;;2,57;DEBW_52210005JtN
UUID_2f458db6-41f5-4a48-aa87-def0bd1d9976;DEBW_52210005JtN;GROUND;150;0,00;25,58;0,00;0,62;;;DEBW_52210005JtN
UUID_5fbd07ae-f1fa-446d-9248-2c0d497f7958;DEBW_52210005JtN;WALL;199;0,27;0,53;0,20;0,83;;2,57;DEBW_52210005JtN
UUID_8748fe8a-5306-4429-923a-df7863b49a41;DEBW_52210005JtN;ROOF;226;0,10;23,63;2,63;0,43;;2,57;DEBW_52210005JtN
UUID_1bee7c40-66fb-4ce2-8315-4f3d9ca33f39;DEBW_52210005JtN;WALL;199;0,27;23,16;8,57;0,83;;2,57;DEBW_52210005JtN
UUID_cf687f9c-36db-4237-bfb8-2ef530433079;DEBW_52210005JtN;WALL;199;0,27;0,43;0,16;0,83;;2,57;DEBW_52210005JtN
UUID_6eaed939-1d08-40dd-8f8d-fc302d122b61;DEBW_52210005JtN;WALL;199;0,27;0,45;0,17;0,83;;2,57;DEBW_52210005JtN
UUID_67adfeb2-dd5f-4d21-9cb0-654e2fc67491;DEBW_52210005JtN;WALL;199;0,27;0,02;0,01;0,83;;2,57;DEBW_52210005JtN
UUID_8da7914a-466b-4b90-b931-2706633e7512;DEBW_52210006JwL;WALL;199;0,14;25,56;4,16;0,83;;2,57;DEBW_52210006JwL
UUID_c028f25b-8b6e-4d15-9573-637a981b4c2f;DEBW_52210006JwL;GROUND;150;0,00;35,00;0,00;0,62;;;DEBW_52210006JwL
UUID_0900a968-f32e-4cb5-a112-8b7b61da3c93;DEBW_52210006JwL;WALL;199;0,14;25,12;4,09;0,83;;2,57;DEBW_52210006JwL
UUID_6b8321a6-7cd5-4900-8daa-667cd5f07d30;DEBW_52210006JwL;ROOF;94;0,00;35,00;0,00;0,43;;2,57;DEBW_52210006JwL
UUID_4a9a4cf3-0108-4915-a2b5-d0489533ce97;DEBW_52210006JwL;WALL;199;0,14;25,43;4,14;0,83;;2,57;DEBW_52210006JwL
UUID_3e11b8a7-2626-4ba5-adf9-960b8e8085f4;DEBW_52210006JwL;WALL;199;0,14;25,67;4,18;0,83;;2,57;DEBW_52210006JwL
UUID_634fa2f4-2ea7-4267-882a-17d82bec552b;DEBW_52210004f8s;GROUND;150;0,00;19,01;0,00;0,62;;;DEBW_52210004f8s
UUID_bf3bbb78-6c56-48d8-90ad-90db70ba7a68;DEBW_52210004f8s;WALL;199;0,14;5,42;0,88;0,83;;2,57;DEBW_52210004f8s
UUID_afbe470d-ee29-4611-80f9-10ed484c42d2;DEBW_52210004f8s;WALL;199;0,14;6,17;1,00;0,83;;2,57;DEBW_52210004f8s
UUID_264e6f0a-1030-4ed3-a42b-5c676e61d20f;DEBW_52210004f8s;WALL;199;0,14;6,64;1,08;0,83;;2,57;DEBW_52210004f8s
UUID_de8fa6fb-1b82-41b9-81b2-f739ad36f2e5;DEBW_52210004f8s;WALL;199;0,14;0,25;0,04;0,83;;2,57;DEBW_52210004f8s
UUID_ef322998-3c03-4694-8dc1-196e2761b79c;DEBW_52210004f8s;WALL;199;0,14;9,82;1,60;0,83;;2,57;DEBW_52210004f8s
UUID_b4ee2c9d-c36b-4dae-b5ee-8444b4b5d673;DEBW_52210004f8s;ROOF;226;0,10;17,12;1,90;0,43;;2,57;DEBW_52210004f8s
UUID_7e56a359-2ecf-4b66-aca7-77a13a9b53bd;DEBW_52210005elC;WALL;199;0,18;48,89;10,73;0,83;;2,57;DEBW_52210005elC
UUID_f8aeef82-7bfc-499b-8303-16a62531ef26;DEBW_52210005elC;WALL;199;0,18;72,00;15,81;0,83;;2,57;DEBW_52210005elC
UUID_d51e4cd8-1561-4bc9-999f-90d026562c3f;DEBW_52210005elC;WALL;199;0,18;0,19;0,04;0,83;;2,57;DEBW_52210005elC
UUID_16d6dcb8-2099-4385-9990-0d1bf124cbc4;DEBW_52210005elC;ROOF;226;0,10;67,49;7,50;0,43;;2,57;DEBW_52210005elC
UUID_dbfd67d9-a482-4953-b3f0-98e8ceeddc8d;DEBW_52210005elC;WALL;199;0,18;9,70;2,13;0,83;;2,57;DEBW_52210005elC
UUID_59e3e14a-6733-4244-93dd-7af898fc2acb;DEBW_52210005elC;WALL;199;0,18;57,73;12,67;0,83;;2,57;DEBW_52210005elC
UUID_6f9b604c-4ad7-4c3d-9a39-d6f89be15e0c;DEBW_52210005elC;WALL;199;0,18;4,51;0,99;0,83;;2,57;DEBW_52210005elC
UUID_f3e49bb7-5ad9-4914-ad6b-f99e91fa1bc1;DEBW_52210005elC;WALL;199;0,18;0,10;0,02;0,83;;2,57;DEBW_52210005elC
UUID_f32c5360-97e3-4b90-92ae-c93f3f506b94;DEBW_52210005elC;WALL;199;0,18;4,85;1,06;0,83;;2,57;DEBW_52210005elC
UUID_e3af2425-9cda-471b-92a9-bf981086c262;DEBW_52210005elC;ROOF;226;0,10;55,61;6,18;0,43;;2,57;DEBW_52210005elC
UUID_bd55357c-f52e-4c70-9761-a45489d32865;DEBW_52210005elC;GROUND;150;0,00;106,08;0,00;0,62;;;DEBW_52210005elC
UUID_425511b3-b6b9-4029-b4f4-f90476ea87cf;DEBW_52210005elC;WALL;199;0,18;67,83;14,89;0,83;;2,57;DEBW_52210005elC
UUID_c25c66e7-e1d2-42f4-a29a-e8ee093049f5;DEBW_52210005y1r;WALL;199;0,18;55,76;12,24;0,83;;2,57;DEBW_52210005y1r
UUID_046ffa7c-3f36-4b0f-b567-07ca72974aca;DEBW_52210005y1r;WALL;199;0,18;42,49;9,33;0,83;;2,57;DEBW_52210005y1r
UUID_57272853-221d-4526-937b-4ca45f31396d;DEBW_52210005y1r;GROUND;150;0,00;104,41;0,00;0,62;;;DEBW_52210005y1r
UUID_2674ca58-9411-4697-9ed9-ddc6393cd7cf;DEBW_52210005y1r;WALL;199;0,18;52,53;11,53;0,83;;2,57;DEBW_52210005y1r
UUID_84536fde-5ad3-4ee2-92b9-8a25dc62e7e0;DEBW_52210005y1r;WALL;199;0,18;44,17;9,70;0,83;;2,57;DEBW_52210005y1r
UUID_2d1ccce8-a8a4-447b-b36b-7faa4720ffdc;DEBW_52210005y1r;ROOF;226;0,10;69,91;7,77;0,43;;2,57;DEBW_52210005y1r
UUID_9246e3f5-b4e1-4e90-a7b9-6e1c41157ed6;DEBW_52210005y1r;WALL;199;0,18;43,25;9,49;0,83;;2,57;DEBW_52210005y1r
UUID_680e8b6d-beaa-4986-a995-4a22991aa14f;DEBW_52210005y1r;WALL;199;0,18;43,92;9,64;0,83;;2,57;DEBW_52210005y1r
UUID_2a3a218c-3623-4955-8584-4246dd79b0f3;DEBW_52210005y1r;WALL;199;0,18;26,39;5,79;0,83;;2,57;DEBW_52210005y1r
UUID_6cf87cf3-9dc5-4c96-a51a-51bdf718f34d;DEBW_52210005y1r;WALL;199;0,18;10,38;2,28;0,83;;2,57;DEBW_52210005y1r
UUID_271bf8ec-d412-450a-a7c9-a51f4b19e454;DEBW_52210005y1r;WALL;199;0,18;9,36;2,05;0,83;;2,57;DEBW_52210005y1r
UUID_ff613842-98d6-488f-b401-4397aa690f2d;DEBW_52210005y1r;ROOF;226;0,10;62,53;6,95;0,43;;2,57;DEBW_52210005y1r
UUID_7c34d2a8-2f16-4b79-9dfb-28492ba345c1;DEBW_52210005y1r;WALL;199;0,18;26,81;5,89;0,83;;2,57;DEBW_52210005y1r
UUID_0e17c6f5-068b-4ea6-b1e8-250271e7752d;DEBW_52210004EqD;GROUND;150;0,00;82,77;0,00;0,62;;;DEBW_52210004EqD
UUID_32f79b68-15e8-4eb0-903c-ba32dc081b10;DEBW_52210004EqD;WALL;199;0,18;8,17;1,79;0,83;;2,57;DEBW_52210004EqD
UUID_6c4f5af9-a4df-4fad-9c9b-7269db15035f;DEBW_52210004EqD;WALL;199;0,18;0,26;0,06;0,83;;2,57;DEBW_52210004EqD
UUID_7a6d90af-e671-4f64-bea8-757e20cf1324;DEBW_52210004EqD;WALL;199;0,18;24,91;5,47;0,83;;2,57;DEBW_52210004EqD
UUID_68449f59-89b1-4599-8756-7d20fc2c5222;DEBW_52210004EqD;WALL;199;0,18;59,46;13,05;0,83;;2,57;DEBW_52210004EqD
UUID_49c47b46-74f0-4356-890e-e17aeb6c1a38;DEBW_52210004EqD;WALL;199;0,18;8,17;1,79;0,83;;2,57;DEBW_52210004EqD
UUID_3114eef4-d4e1-48cd-9f2f-77427ee49476;DEBW_52210004EqD;ROOF;226;0,10;12,69;1,41;0,43;;2,57;DEBW_52210004EqD
UUID_613a3212-4bca-4cd7-b164-489b58deb4d8;DEBW_52210004EqD;WALL;199;0,18;1,34;0,29;0,83;;2,57;DEBW_52210004EqD
UUID_69296112-3dec-4994-9a5a-082a0f3211a7;DEBW_52210004EqD;WALL;199;0,18;22,65;4,97;0,83;;2,57;DEBW_52210004EqD
UUID_ba7f4f07-98d8-4dec-9252-933c8cab133d;DEBW_52210004EqD;WALL;199;0,18;60,37;13,25;0,83;;2,57;DEBW_52210004EqD
UUID_74b218d8-899a-45f6-9fca-77520bff6a90;DEBW_52210004EqD;WALL;199;0,18;8,59;1,89;0,83;;2,57;DEBW_52210004EqD
UUID_185a678f-1517-41d7-94c5-faf9d2bedead;DEBW_52210004EqD;WALL;199;0,18;15,78;3,46;0,83;;2,57;DEBW_52210004EqD
UUID_22ecb109-95ca-4a87-ab86-c9f8cbf6cddf;DEBW_52210004EqD;GROUND;150;0,00;13,42;0,00;0,62;;;DEBW_52210004EqD
UUID_5eb9b040-8a3f-433f-af94-89e025f12c18;DEBW_52210004EqD;ROOF;226;0,10;46,88;5,21;0,43;;2,57;DEBW_52210004EqD
UUID_903f7586-840a-4572-a455-474262eebfe3;DEBW_52210004EqD;WALL;199;0,18;8,27;1,82;0,83;;2,57;DEBW_52210004EqD
UUID_75c412f1-1b3e-4ddc-8081-69fc9e7d926f;DEBW_52210004EqD;WALL;199;0,18;17,46;3,83;0,83;;2,57;DEBW_52210004EqD
UUID_7324de4a-13f4-43b4-a772-b0d0482288cc;DEBW_52210004EqD;WALL;199;0,18;6,95;1,53;0,83;;2,57;DEBW_52210004EqD
UUID_bc9da20a-3409-4e28-a069-78368249188b;DEBW_52210004EqD;WALL;199;0,18;17,83;3,91;0,83;;2,57;DEBW_52210004EqD
UUID_215a588b-0840-41c9-af32-eb561b015d13;DEBW_52210004EqD;WALL;199;0,18;18,45;4,05;0,83;;2,57;DEBW_52210004EqD
UUID_c281c438-efa4-475b-aa7d-3c1a0fabc95a;DEBW_52210004EqD;WALL;199;0,18;17,82;3,91;0,83;;2,57;DEBW_52210004EqD
UUID_7b966239-444e-42e7-a889-1ca6c6bc7ec0;DEBW_52210004EqD;ROOF;226;0,10;49,30;5,48;0,43;;2,57;DEBW_52210004EqD
UUID_3a0193b9-bf5f-4a22-baca-80c1de71d495;DEBW_52210004fK1;ROOF;226;0,10;76,06;8,45;0,43;;2,57;DEBW_52210004fK1
UUID_8cf4fd49-7781-4af5-b540-78b03ca7a923;DEBW_52210004fK1;WALL;199;0,18;32,12;7,05;0,83;;2,57;DEBW_52210004fK1
UUID_3bc4ad48-44b6-463b-9d0a-ad9a6335b9f7;DEBW_52210004fK1;WALL;199;0,18;38,16;8,38;0,83;;2,57;DEBW_52210004fK1
UUID_9602be1b-2179-4d27-b171-b56fe6f59734;DEBW_52210004fK1;ROOF;226;0,10;68,02;7,56;0,43;;2,57;DEBW_52210004fK1
UUID_1cf6b90d-6629-437e-aa1d-2b157596438e;DEBW_52210004fK1;WALL;199;0,18;40,96;8,99;0,83;;2,57;DEBW_52210004fK1
UUID_5b6bdea3-f03f-4a37-8aae-4970e75178ca;DEBW_52210004fK1;WALL;199;0,18;67,60;14,84;0,83;;2,57;DEBW_52210004fK1
UUID_b75eaaa8-a960-4b7c-9b8f-45d44d780e49;DEBW_52210004fK1;WALL;199;0,18;6,30;1,38;0,83;;2,57;DEBW_52210004fK1
UUID_fa35ba19-0949-4dc0-acca-ff2932f34c77;DEBW_52210004fK1;WALL;199;0,18;32,31;7,09;0,83;;2,57;DEBW_52210004fK1
UUID_8c981ad9-4100-480c-a436-dd60e3a53f99;DEBW_52210004fK1;WALL;199;0,18;20,88;4,58;0,83;;2,57;DEBW_52210004fK1
UUID_baab6fab-e06d-4b8e-9986-b9a71425e701;DEBW_52210004fK1;GROUND;150;0,00;103,33;0,00;0,62;;;DEBW_52210004fK1
UUID_a481e422-a416-4b81-98ec-4f6ae5443832;DEBW_52210004fK1;WALL;199;0,18;31,78;6,98;0,83;;2,57;DEBW_52210004fK1
UUID_48b778a5-52ef-4033-8062-f6cdc0464130;DEBW_52210006KHx;ROOF;226;0,10;71,98;8,00;0,43;;2,57;DEBW_52210006KHx
UUID_320c5fa4-30c5-4f30-8a2f-5b2124da0159;DEBW_52210006KHx;WALL;199;0,18;96,44;21,17;0,83;;2,57;DEBW_52210006KHx
UUID_9bc3d49d-9934-4d0c-bce6-bdaceaa8e816;DEBW_52210006KHx;WALL;199;0,18;38,99;8,56;0,83;;2,57;DEBW_52210006KHx
UUID_67cbfe37-29b3-429c-ae16-acbfebf3e8e8;DEBW_52210006KHx;GROUND;150;0,00;121,36;0,00;0,62;;;DEBW_52210006KHx
UUID_676e19b9-3007-4c7c-88d4-8ab2b0fd3d66;DEBW_52210006KHx;WALL;199;0,18;39,29;8,62;0,83;;2,57;DEBW_52210006KHx
UUID_e5fd3302-e10f-4482-9835-abecae8e3878;DEBW_52210006KHx;ROOF;226;0,10;80,41;8,93;0,43;;2,57;DEBW_52210006KHx
UUID_d3779168-37a4-4cee-9955-5ffd9ba40384;DEBW_52210006KHx;WALL;199;0,18;101,76;22,34;0,83;;2,57;DEBW_52210006KHx
UUID_fafb54bf-00f1-46c3-81e5-91145324e2fe;DEBW_52210006KHx;WALL;199;0,18;42,72;9,38;0,83;;2,57;DEBW_52210006KHx
UUID_41e04751-fc15-42c8-abb8-75086d7febe7;DEBW_52210006KHx;WALL;199;0,18;42,62;9,35;0,83;;2,57;DEBW_52210006KHx
UUID_1416f463-c23f-4b6b-9256-f2ee2b14a586;DEBW_52210005JtI;WALL;199;0,18;32,96;7,23;0,83;;2,57;DEBW_52210005JtI
UUID_65c59175-a684-48d1-9e1c-bacd5282903a;DEBW_52210005JtI;ROOF;226;0,10;82,82;9,20;0,43;;2,57;DEBW_52210005JtI
UUID_360bac60-0ff7-4911-8f64-ad4ba9c9480e;DEBW_52210005JtI;WALL;199;0,18;57,81;12,69;0,83;;2,57;DEBW_52210005JtI
UUID_f75a8fc3-29e5-4ccd-bcc1-8b8f5b844043;DEBW_52210005JtI;WALL;199;0,18;2,57;0,56;0,83;;2,57;DEBW_52210005JtI
UUID_9e8b4766-6a82-4841-a665-4d732584c560;DEBW_52210005JtI;WALL;199;0,18;18,86;4,14;0,83;;2,57;DEBW_52210005JtI
UUID_de6eecdf-bf1b-4d1a-b8d4-3e5b91255d6b;DEBW_52210005JtI;WALL;199;0,18;9,38;2,06;0,83;;2,57;DEBW_52210005JtI
UUID_cd66c0af-5860-4530-9dd6-7bcfda644d01;DEBW_52210005JtI;WALL;199;0,18;21,20;4,65;0,83;;2,57;DEBW_52210005JtI
UUID_ecf6d0bb-31d9-48a4-af48-0f995f61f5da;DEBW_52210005JtI;WALL;199;0,18;31,67;6,95;0,83;;2,57;DEBW_52210005JtI
UUID_6b5fbc1b-107c-48a5-bbeb-20f9021f41cd;DEBW_52210005JtI;WALL;199;0,18;114,12;25,05;0,83;;2,57;DEBW_52210005JtI
UUID_4d823fd4-660f-4535-a219-de6eb61beb22;DEBW_52210005JtI;WALL;199;0,18;67,80;14,88;0,83;;2,57;DEBW_52210005JtI
UUID_a001f647-d1b9-4cff-ace2-6c4cd7ac9245;DEBW_52210005JtI;WALL;199;0,18;57,36;12,59;0,83;;2,57;DEBW_52210005JtI
UUID_413258c5-3bf0-4d7c-85a9-0d47e4314251;DEBW_52210005JtI;WALL;199;0,18;4,37;0,96;0,83;;2,57;DEBW_52210005JtI
UUID_42df878c-125a-497c-8108-a6010c9fce77;DEBW_52210005JtI;WALL;199;0,18;56,75;12,46;0,83;;2,57;DEBW_52210005JtI
UUID_ad411a44-b9c1-480d-81b6-1f9c30a6a0a5;DEBW_52210005JtI;ROOF;226;0,10;102,31;11,37;0,43;;2,57;DEBW_52210005JtI
UUID_c5673fe4-9859-4a86-ac4c-d538bfab5f74;DEBW_52210005JtI;GROUND;150;0,00;175,68;0,00;0,62;;;DEBW_52210005JtI
UUID_6e9eb07c-13b3-44fd-aa62-3e55d16477d5;DEBW_52210005PFV;WALL;199;0,18;41,01;9,00;0,83;;2,57;DEBW_52210005PFV
UUID_2dd629bc-3926-4bae-8ee4-cc7b1dec0a4e;DEBW_52210005PFV;WALL;199;0,18;3,26;0,72;0,83;;2,57;DEBW_52210005PFV
UUID_3b0c0db7-6330-4c41-8266-f639b5794c91;DEBW_52210005PFV;WALL;199;0,18;15,40;3,38;0,83;;2,57;DEBW_52210005PFV
UUID_3557f8b2-84dc-4177-84d4-a1508d7d111b;DEBW_52210005PFV;ROOF;226;0,10;41,69;4,63;0,43;;2,57;DEBW_52210005PFV
UUID_7b5f3cdf-fd8e-4765-a12a-687b9e87dac4;DEBW_52210005PFV;GROUND;150;0,00;79,73;0,00;0,62;;;DEBW_52210005PFV
UUID_262e3b32-f6e1-4bac-90f1-cc7ae192af10;DEBW_52210005PFV;ROOF;226;0,10;41,22;4,58;0,43;;2,57;DEBW_52210005PFV
UUID_895b5480-ebdd-4fb0-9f3c-fad7767bce45;DEBW_52210005PFV;WALL;199;0,18;19,11;4,20;0,83;;2,57;DEBW_52210005PFV
UUID_37d53d1f-4cdf-4fdc-91a8-81a9331004d0;DEBW_52210005PFV;ROOF;226;0,10;2,73;0,30;0,43;;2,57;DEBW_52210005PFV
UUID_fd9347f0-69ec-4d52-bb84-9cf06f8dd127;DEBW_52210005PFV;WALL;199;0,18;29,12;6,39;0,83;;2,57;DEBW_52210005PFV
UUID_5a43c517-4df6-4aa4-ac04-9aa9bc1b6111;DEBW_52210005PFV;WALL;199;0,18;2,71;0,59;0,83;;2,57;DEBW_52210005PFV
UUID_ba304e4b-e673-4a05-95bc-fb80c712cb66;DEBW_52210005PFV;WALL;199;0,18;1,55;0,34;0,83;;2,57;DEBW_52210005PFV
UUID_f9937048-96e8-489a-bb2e-290d21a394ab;DEBW_52210005PFV;WALL;199;0,18;8,86;1,94;0,83;;2,57;DEBW_52210005PFV
UUID_075586e2-5f30-44cc-bc50-442094c81922;DEBW_52210005PFV;WALL;199;0,18;28,79;6,32;0,83;;2,57;DEBW_52210005PFV
UUID_d18a0230-2bc7-4f10-b31e-da6b169028bd;DEBW_52210005PFV;WALL;199;0,18;39,65;8,70;0,83;;2,57;DEBW_52210005PFV
UUID_f3d0bac3-864a-4b59-a5f3-b9a6e5f74594;DEBW_52210005PFV;WALL;199;0,18;4,56;1,00;0,83;;2,57;DEBW_52210005PFV
UUID_bd5fc8d9-2e6c-4b3d-a6a6-09e3a716e512;DEBW_52210006KOD;WALL;199;0,27;12,09;4,47;0,83;;2,57;DEBW_52210006KOD
UUID_8a16c968-b27f-4e75-9251-7f80a8dff533;DEBW_52210006KOD;ROOF;226;0,10;10,91;1,21;0,43;;2,57;DEBW_52210006KOD
UUID_fc9cecb4-0c16-47c9-ab09-d356cac93eea;DEBW_52210006KOD;GROUND;150;0,00;8,05;0,00;0,62;;;DEBW_52210006KOD
UUID_5afa9ffe-f3a7-490e-a8b4-839e78952b19;DEBW_52210006KOD;WALL;199;0,27;8,11;3,00;0,83;;2,57;DEBW_52210006KOD
UUID_39171b08-0baf-4965-a8da-b5deff533509;DEBW_52210006KOD;WALL;199;0,27;8,21;3,04;0,83;;2,57;DEBW_52210006KOD
UUID_2d2cd060-971a-4a31-8e91-6fbc9ac2d143;DEBW_52210006KOD;WALL;199;0,27;0,00;0,00;0,83;;2,57;DEBW_52210006KOD
UUID_1e39a4f9-a484-45b1-a5ac-6bb22f75a715;DEBW_52210005Maf;WALL;199;0,14;11,89;1,94;0,83;;2,57;DEBW_52210005Maf
UUID_5b7bcf01-a26a-4ce7-9ace-4f2caf040713;DEBW_52210005Maf;WALL;199;0,14;11,55;1,88;0,83;;2,57;DEBW_52210005Maf
UUID_54412b5b-dc70-4e78-bd00-e40d07ac9343;DEBW_52210005Maf;WALL;199;0,14;11,94;1,94;0,83;;2,57;DEBW_52210005Maf
UUID_6f95464f-f846-4971-89ff-1601fde04746;DEBW_52210005Maf;ROOF;226;0,10;30,92;3,44;0,43;;2,57;DEBW_52210005Maf
UUID_10c15441-a089-4133-9a0a-bec44f82f591;DEBW_52210005Maf;WALL;199;0,14;12,95;2,11;0,83;;2,57;DEBW_52210005Maf
UUID_75c0e9de-d6a4-40f2-9c8b-1e99286ddc48;DEBW_52210005Maf;GROUND;150;0,00;34,31;0,00;0,62;;;DEBW_52210005Maf
UUID_33be694f-857b-46a8-aa66-b1d1cd501b5a;DEBW_52210004HKw;GROUND;150;0,00;6,96;0,00;0,62;;;DEBW_52210004HKw
UUID_1711ed65-4fd5-4f46-bc04-5cbc27b79c02;DEBW_52210004HKw;WALL;199;0,27;0,66;0,24;0,83;;2,57;DEBW_52210004HKw
UUID_2c8f7d96-60b7-444b-ba77-af964a10353e;DEBW_52210004HKw;WALL;199;0,27;0,09;0,03;0,83;;2,57;DEBW_52210004HKw
UUID_b2dcf1a4-ab99-4b09-a017-475e0156d329;DEBW_52210004HKw;WALL;199;0,27;6,09;2,25;0,83;;2,57;DEBW_52210004HKw
UUID_14ccc8ac-6239-4a49-84f9-56ccfe1c70d3;DEBW_52210004HKw;WALL;199;0,27;18,33;6,78;0,83;;2,57;DEBW_52210004HKw
UUID_a907625d-a4b3-400a-91bc-38dd246c1695;DEBW_52210004HKw;ROOF;100;0,00;6,96;0,00;0,40;;2,57;DEBW_52210004HKw
UUID_42656257-6be9-4c9e-89e0-69c5d707b434;DEBW_52210005y86;GROUND;150;0,00;88,51;0,00;0,62;;;DEBW_52210005y86
UUID_74c8d752-adda-4a7b-bbf7-d2338b981af6;DEBW_52210005y86;WALL;199;0,18;65,44;14,36;0,83;;2,57;DEBW_52210005y86
UUID_d6899ac2-f6bd-4ee4-9c37-cf689245a91e;DEBW_52210005y86;WALL;199;0,18;33,73;7,40;0,83;;2,57;DEBW_52210005y86
UUID_50d4ed93-3899-4d32-b068-80aca004af39;DEBW_52210005y86;WALL;199;0,18;34,55;7,58;0,83;;2,57;DEBW_52210005y86
UUID_a63d6ced-5b46-4c45-a734-dde8e5c38488;DEBW_52210005y86;WALL;199;0,18;7,01;1,54;0,83;;2,57;DEBW_52210005y86
UUID_cdab71a8-3f31-44e5-9856-a2d83b2743f0;DEBW_52210005y86;ROOF;226;0,10;58,87;6,54;0,43;;2,57;DEBW_52210005y86
UUID_3a2326ad-9c87-4f8a-a722-58f91d04cf17;DEBW_52210005y86;WALL;199;0,18;7,18;1,58;0,83;;2,57;DEBW_52210005y86
UUID_57e32dec-f443-417e-a796-40393ebe48ec;DEBW_52210005y86;WALL;199;0,18;35,57;7,81;0,83;;2,57;DEBW_52210005y86
UUID_1c7b9686-a286-40eb-bc74-058f1d38d8b3;DEBW_52210005y86;ROOF;226;0,10;60,69;6,74;0,43;;2,57;DEBW_52210005y86
UUID_a77875f5-be1b-4323-ad17-4a41ff84ac86;DEBW_52210005y86;WALL;199;0,18;15,57;3,42;0,83;;2,57;DEBW_52210005y86
UUID_5669aa25-c4b3-4505-93c1-e0c15fcd4c55;DEBW_52210005y86;WALL;199;0,18;20,08;4,41;0,83;;2,57;DEBW_52210005y86
UUID_00b9ac0a-fa35-4eae-95a6-5190240c8389;DEBW_52210005y86;WALL;199;0,18;26,95;5,92;0,83;;2,57;DEBW_52210005y86
UUID_860a0032-4770-4401-ba1d-79acb29ecc89;DEBW_52210005y86;WALL;199;0,18;35,42;7,78;0,83;;2,57;DEBW_52210005y86
UUID_6bbd0be4-2dcf-4ee2-83ee-7424cfd0f713;DEBW_52210004fgD;ROOF;226;0,10;43,40;4,82;0,43;;2,57;DEBW_52210004fgD
UUID_af40d790-b24c-4a09-814b-56149343f9c4;DEBW_52210004fgD;ROOF;226;0,10;17,03;1,89;0,43;;2,57;DEBW_52210004fgD
UUID_66bfd3b2-5212-48ff-a246-4483b8ad562d;DEBW_52210004fgD;ROOF;226;0,10;39,00;4,33;0,43;;2,57;DEBW_52210004fgD
UUID_bea7e54e-67f0-4b35-b201-306310035316;DEBW_52210004fgD;WALL;199;0,18;61,45;13,49;0,83;;2,57;DEBW_52210004fgD
UUID_661082e3-a204-4fc6-9e49-6f2ee4cf5e40;DEBW_52210004fgD;GROUND;150;0,00;73,65;0,00;0,62;;;DEBW_52210004fgD
UUID_7cdf9afa-314c-4698-b9b6-5453174a4d12;DEBW_52210004fgD;WALL;199;0,18;1,63;0,36;0,83;;2,57;DEBW_52210004fgD
UUID_70b099e9-20f8-4f18-9fb9-deba329c219a;DEBW_52210004fgD;WALL;199;0,18;0,85;0,19;0,83;;2,57;DEBW_52210004fgD
UUID_e72db597-936c-4f93-b263-97cf42f1304b;DEBW_52210004fgD;WALL;199;0,18;30,57;6,71;0,83;;2,57;DEBW_52210004fgD
UUID_7d307e19-e371-4f70-b727-00f6ced4bd4c;DEBW_52210004fgD;WALL;199;0,18;59,49;13,06;0,83;;2,57;DEBW_52210004fgD
UUID_3a2e7dbe-fef0-4808-b002-17d6baff7758;DEBW_52210004fgD;WALL;199;0,18;49,12;10,78;0,83;;2,57;DEBW_52210004fgD
UUID_40b874c0-ef0a-4614-abe0-a137b42b8f46;DEBW_52210004fgD;WALL;199;0,18;32,69;7,18;0,83;;2,57;DEBW_52210004fgD
UUID_ddef2c5a-6508-4002-8ba8-2b5205f85de7;DEBW_52210005K5d;WALL;199;0,14;28,88;4,70;0,83;;2,57;DEBW_52210005K5d
UUID_011e390a-37b7-4e32-949b-6d67e9432685;DEBW_52210005K5d;ROOF;226;0,10;43,24;4,80;0,43;;2,57;DEBW_52210005K5d
UUID_5f37775b-a545-47b2-b300-37c6261f0092;DEBW_52210005K5d;WALL;199;0,14;0,21;0,03;0,83;;2,57;DEBW_52210005K5d
UUID_364630b3-160b-432d-a5b9-1c8ca2f990b7;DEBW_52210005K5d;WALL;199;0,14;57,58;9,37;0,83;;2,57;DEBW_52210005K5d
UUID_43a225c9-43a8-410d-8869-25f36dcd30bc;DEBW_52210005K5d;WALL;199;0,14;58,40;9,51;0,83;;2,57;DEBW_52210005K5d
UUID_ff43fcea-ba5b-4b79-a6e0-0e7f2e6ef96c;DEBW_52210005K5d;WALL;199;0,14;26,28;4,28;0,83;;2,57;DEBW_52210005K5d
UUID_fd10cbfc-128c-4a17-bb79-af922d27d37c;DEBW_52210005K5d;ROOF;226;0,10;42,04;4,67;0,43;;2,57;DEBW_52210005K5d
UUID_712474c0-ff8c-45d6-9a84-4abbdff1e823;DEBW_52210005K5d;WALL;199;0,14;16,95;2,76;0,83;;2,57;DEBW_52210005K5d
UUID_b571a4f5-dbb1-43db-b644-479aba812c79;DEBW_52210005K5d;WALL;199;0,14;2,14;0,35;0,83;;2,57;DEBW_52210005K5d
UUID_5ce72ac2-fcb6-45ee-88d0-900599db6966;DEBW_52210005K5d;WALL;199;0,14;15,78;2,57;0,83;;2,57;DEBW_52210005K5d
UUID_60a5b415-765e-4e84-ba80-974e2e8df883;DEBW_52210005K5d;GROUND;150;0,00;79,08;0,00;0,62;;;DEBW_52210005K5d
UUID_b7d87d1e-aa09-4fcd-adbd-9e59dfb71fed;DEBW_52210005K5d;WALL;199;0,14;6,73;1,10;0,83;;2,57;DEBW_52210005K5d
UUID_f7baf92b-893a-400d-8101-df7b26d01020;DEBW_52210006KVn;ROOF;226;0,10;6,89;0,77;0,43;;2,57;DEBW_52210006KVn
UUID_20f736c5-79d7-49df-a302-c21e4dce792a;DEBW_52210006KVn;GROUND;150;0,00;7,64;0,00;0,62;;;DEBW_52210006KVn
UUID_7cff7185-7024-4ae4-9310-6398dac1876d;DEBW_52210006KVn;WALL;199;0,27;3,83;1,41;0,83;;2,57;DEBW_52210006KVn
UUID_8a9fa49a-647e-4f34-8fc8-e355eaa0a5f5;DEBW_52210006KVn;WALL;199;0,27;0,14;0,05;0,83;;2,57;DEBW_52210006KVn
UUID_f5e2d543-0c7a-4017-9269-20085d06cd66;DEBW_52210006KVn;WALL;199;0,27;3,75;1,39;0,83;;2,57;DEBW_52210006KVn
UUID_abf2cff1-56ef-4814-9ee7-0be24ae5a7aa;DEBW_52210006KVn;WALL;199;0,27;8,35;3,09;0,83;;2,57;DEBW_52210006KVn
UUID_fc5dbe6c-d9cc-4467-aa86-fcb1bc293e4f;DEBW_52210004g25;WALL;199;0,14;4,07;0,66;0,83;;2,57;DEBW_52210004g25
UUID_c5b4c492-706a-4bfa-90f8-2a045a58b754;DEBW_52210004g25;WALL;199;0,14;4,35;0,71;0,83;;2,57;DEBW_52210004g25
UUID_9e60d2f5-2148-4fbb-b497-dc3294e2c001;DEBW_52210004g25;WALL;199;0,14;4,11;0,67;0,83;;2,57;DEBW_52210004g25
UUID_6ef84ba9-d218-445b-91c5-be3d36192b8a;DEBW_52210004g25;ROOF;226;0,10;2,39;0,27;0,43;;2,57;DEBW_52210004g25
UUID_3e8431fd-3c60-4c37-9bf3-eba503dee7f6;DEBW_52210004g25;WALL;199;0,14;4,31;0,70;0,83;;2,57;DEBW_52210004g25
UUID_6f54d00f-ea9a-4485-a608-35a623b872ad;DEBW_52210004g25;GROUND;150;0,00;2,66;0,00;0,62;;;DEBW_52210004g25
UUID_a8636f5d-fead-4cf6-8ced-ade6c0f1ce8e;DEBW_52210005enf;WALL;112;0,18;0,33;0,07;0,87;;2,57;DEBW_52210005enf
UUID_f60703bc-10d2-4a2f-b14a-1dcfeb8ccfd0;DEBW_52210005enf;WALL;112;0,18;2,02;0,44;0,87;;2,57;DEBW_52210005enf
UUID_9eca5542-a9f3-4db8-a16e-1d318d592ad6;DEBW_52210005enf;WALL;112;0,18;71,67;15,73;0,87;;2,57;DEBW_52210005enf
UUID_39bb4ccd-978f-4568-8fd9-0e07a543f665;DEBW_52210005enf;WALL;112;0,18;2,68;0,59;0,87;;2,57;DEBW_52210005enf
UUID_a82eba55-0759-42c4-9838-c5c4162b2419;DEBW_52210005enf;WALL;112;0,18;2,02;0,44;0,87;;2,57;DEBW_52210005enf
UUID_09892093-5916-4c02-a56a-0e571960ae12;DEBW_52210005enf;WALL;112;0,18;18,56;4,07;0,87;;2,57;DEBW_52210005enf
UUID_9273dd35-4b95-4085-afd0-200be92e155c;DEBW_52210005enf;ROOF;226;0,10;114,05;12,67;0,43;;2,57;DEBW_52210005enf
UUID_a13c42fa-82e3-458a-8ce5-4451add106a2;DEBW_52210005enf;WALL;112;0,18;13,12;2,88;0,87;;2,57;DEBW_52210005enf
UUID_120fa988-177e-435f-a9a3-31a576e3c3a8;DEBW_52210005enf;WALL;112;0,18;22,42;4,92;0,87;;2,57;DEBW_52210005enf
UUID_42e63af6-aa61-495c-bca5-bef609a8b1d0;DEBW_52210005enf;WALL;112;0,18;34,94;7,67;0,87;;2,57;DEBW_52210005enf
UUID_2a21cf87-2537-49b6-9b4c-41743cf20b55;DEBW_52210005enf;WALL;112;0,18;0,57;0,13;0,87;;2,57;DEBW_52210005enf
UUID_8cb2bfdd-5db1-4142-8b5f-21bb720e7c7c;DEBW_52210005enf;WALL;112;0,18;2,66;0,58;0,87;;2,57;DEBW_52210005enf
UUID_d1124421-b5f3-4254-a2eb-74f637c74fc0;DEBW_52210005enf;WALL;112;0,18;8,20;1,80;0,87;;2,57;DEBW_52210005enf
UUID_97fab4d3-afe9-4673-bd8b-0af7265d7808;DEBW_52210005enf;WALL;112;0,18;2,81;0,62;0,87;;2,57;DEBW_52210005enf
UUID_c5ed1547-f736-4a15-97c6-4f6dcc2b4914;DEBW_52210005enf;WALL;112;0,18;27,11;5,95;0,87;;2,57;DEBW_52210005enf
UUID_b9003b3f-945f-4bb3-8459-387fc1705255;DEBW_52210005enf;ROOF;226;0,10;112,40;12,49;0,43;;2,57;DEBW_52210005enf
UUID_f7855b96-43e3-4ac8-82db-4f3f7cbd2551;DEBW_52210005enf;WALL;112;0,18;2,66;0,58;0,87;;2,57;DEBW_52210005enf
UUID_d7510fa1-30d8-4712-82ad-2216d7853969;DEBW_52210005enf;GROUND;150;0,00;193,09;0,00;0,62;;;DEBW_52210005enf
UUID_a08e0f3d-43a5-4c9b-9b3b-de945508d4b8;DEBW_52210005enf;WALL;112;0,18;89,59;19,67;0,87;;2,57;DEBW_52210005enf
UUID_d93aa5c7-88f9-4d1a-a84b-64501eb04a32;DEBW_52210005enf;WALL;112;0,18;2,77;0,61;0,87;;2,57;DEBW_52210005enf
UUID_f7f3e365-183e-4483-877f-8340cc43ce4c;DEBW_52210005enf;WALL;112;0,18;64,02;14,05;0,87;;2,57;DEBW_52210005enf
UUID_9b77fb58-d8e6-4a57-9579-39490cf55b3b;DEBW_52210005enf;WALL;112;0,18;0,65;0,14;0,87;;2,57;DEBW_52210005enf
UUID_14855ccc-12bf-4c78-8a08-9d8a05df5611;DEBW_52210005enf;WALL;112;0,18;0,26;0,06;0,87;;2,57;DEBW_52210005enf
UUID_fd4cb339-1823-4f37-a48e-ffba16ee85d2;DEBW_52210005enf;WALL;112;0,18;50,07;10,99;0,87;;2,57;DEBW_52210005enf
UUID_7c67e697-68a0-4df8-b905-8da184b0e316;DEBW_52210005enf;WALL;112;0,18;21,17;4,65;0,87;;2,57;DEBW_52210005enf
UUID_35de9bcc-10c2-47bb-9ecb-2ce1fe88e4d5;DEBW_52210005enf;WALL;112;0,18;0,04;0,01;0,87;;2,57;DEBW_52210005enf
UUID_5fc823a5-8d61-43b6-902e-37d35e4f988a;DEBW_52210005enf;WALL;112;0,18;12,52;2,75;0,87;;2,57;DEBW_52210005enf
UUID_1b826103-529d-4dd7-9dcc-99b927e87fce;DEBW_52210005Mki;ROOF;226;0,10;91,79;10,20;0,43;;2,57;DEBW_52210005Mki
UUID_76e155f7-a375-47a2-8b7b-090222aaad6b;DEBW_52210005Mki;WALL;199;0,18;56,78;12,46;0,83;;2,57;DEBW_52210005Mki
UUID_9d65bbe9-dee3-45f5-8994-94348bf304cc;DEBW_52210005Mki;WALL;199;0,18;25,57;5,61;0,83;;2,57;DEBW_52210005Mki
UUID_282b9efb-5fa7-4c7a-8db5-2810c330412a;DEBW_52210005Mki;WALL;199;0,18;1,70;0,37;0,83;;2,57;DEBW_52210005Mki
UUID_cf2954f9-559d-4983-af23-a9d48e798037;DEBW_52210005Mki;WALL;199;0,18;3,91;0,86;0,83;;2,57;DEBW_52210005Mki
UUID_aec35edc-42ca-4597-919d-f34233a2eab9;DEBW_52210005Mki;WALL;199;0,18;6,96;1,53;0,83;;2,57;DEBW_52210005Mki
UUID_2508a1b3-4984-4f41-bb0f-5a16954cf951;DEBW_52210005Mki;WALL;199;0,18;48,74;10,70;0,83;;2,57;DEBW_52210005Mki
UUID_ab0e64bb-4cfc-44fc-8504-116dcc557004;DEBW_52210005Mki;WALL;199;0,18;60,14;13,20;0,83;;2,57;DEBW_52210005Mki
UUID_73d21482-2ebe-447d-910b-795cdd683d80;DEBW_52210005Mki;WALL;199;0,18;7,07;1,55;0,83;;2,57;DEBW_52210005Mki
UUID_e726833c-2f24-4307-866f-d5223e920afe;DEBW_52210005Mki;ROOF;226;0,10;74,17;8,24;0,43;;2,57;DEBW_52210005Mki
UUID_489f152b-9ff7-4ea6-b9bf-55e7a8677d75;DEBW_52210005Mki;GROUND;150;0,00;139,15;0,00;0,62;;;DEBW_52210005Mki
UUID_881e3da6-b352-4727-a80f-596f01b4f779;DEBW_52210005Mki;WALL;199;0,18;25,62;5,62;0,83;;2,57;DEBW_52210005Mki
UUID_018c3489-86b0-4bed-bcd6-781f43719487;DEBW_52210005Mki;WALL;199;0,18;61,85;13,58;0,83;;2,57;DEBW_52210005Mki
UUID_5b4883de-546a-48a4-89f5-cf4b7f569200;DEBW_52210005Mki;WALL;199;0,18;47,73;10,48;0,83;;2,57;DEBW_52210005Mki
UUID_5053cccd-da3a-417b-8e1b-95786681e0fe;DEBW_52210005Mki;WALL;199;0,18;37,32;8,19;0,83;;2,57;DEBW_52210005Mki
UUID_233cea25-fce1-42b4-a8af-0efaf0cbe8e8;DEBW_52210005y3C;ROOF;226;0,10;10,88;1,21;0,43;;2,57;DEBW_52210005y3C
UUID_2c5e9af9-9c78-4350-8135-e6f3121f7513;DEBW_52210005y3C;WALL;199;0,14;24,22;3,94;0,83;;2,57;DEBW_52210005y3C
UUID_f2004858-589b-4778-b632-2ead1b80fbbb;DEBW_52210005y3C;WALL;199;0,14;10,23;1,67;0,83;;2,57;DEBW_52210005y3C
UUID_e293b68d-f44f-4577-a068-2beec20cb7e3;DEBW_52210005y3C;WALL;199;0,14;9,09;1,48;0,83;;2,57;DEBW_52210005y3C
UUID_2b3ca6cb-687f-4a6b-ace7-782031458eb6;DEBW_52210005y3C;GROUND;150;0,00;19,82;0,00;0,62;;;DEBW_52210005y3C
UUID_83a7a6f7-3477-4beb-8751-8b2ffa941237;DEBW_52210005y3C;WALL;199;0,14;10,25;1,67;0,83;;2,57;DEBW_52210005y3C
UUID_9bc3dfb8-9bbb-44fe-ac9a-d8feb1273a7b;DEBW_52210005y3C;WALL;199;0,14;24,56;4,00;0,83;;2,57;DEBW_52210005y3C
UUID_bbc453a5-99b0-45bc-9c5c-76ac675322e9;DEBW_52210005y3C;ROOF;226;0,10;9,67;1,07;0,43;;2,57;DEBW_52210005y3C
UUID_357b5c75-f89d-4de4-a40d-a246437f7cd7;DEBW_52210005y3C;WALL;199;0,14;9,26;1,51;0,83;;2,57;DEBW_52210005y3C
UUID_f64e84f3-85b3-4c30-b0a1-71f2eba88877;DEBW_52210004HJa;ROOF;100;0,00;16,11;0,00;0,40;;2,57;DEBW_52210004HJa
UUID_ee3e43f3-af0d-4a66-8e79-31bf0260c118;DEBW_52210004HJa;WALL;199;0,27;19,55;7,23;0,83;;2,57;DEBW_52210004HJa
UUID_9b34f8aa-2dba-4c91-9591-9aa67eaf0f85;DEBW_52210004HJa;WALL;199;0,27;30,67;11,34;0,83;;2,57;DEBW_52210004HJa
UUID_809ab317-f2e9-4093-b62c-ad16a5e27830;DEBW_52210004HJa;WALL;199;0,27;0,51;0,19;0,83;;2,57;DEBW_52210004HJa
UUID_b820ca31-24ce-4a5f-9080-232e7e246abc;DEBW_52210004HJa;WALL;199;0,27;19,61;7,25;0,83;;2,57;DEBW_52210004HJa
UUID_ecbaef35-3e4c-45cf-966a-1a99672fc126;DEBW_52210004HJa;GROUND;150;0,00;16,11;0,00;0,62;;;DEBW_52210004HJa
UUID_76f9942e-e3ea-47a1-92fe-4fbac463ae81;DEBW_52210004ien;WALL;199;0,14;0,94;0,15;0,83;;2,57;DEBW_52210004ien
UUID_15406773-2f0d-4dd7-8575-0367cf9c051d;DEBW_52210004ien;WALL;199;0,14;0,91;0,15;0,83;;2,57;DEBW_52210004ien
UUID_5b21bcd9-4f8b-4547-ab45-5742ae216f12;DEBW_52210004ien;GROUND;150;0,00;37,74;0,00;0,62;;;DEBW_52210004ien
UUID_cea8e475-212b-4833-af4d-54fefc0a204f;DEBW_52210004ien;WALL;199;0,14;12,68;2,06;0,83;;2,57;DEBW_52210004ien
UUID_4a5dda15-fbc9-4179-84e9-fafb77f7b58e;DEBW_52210004ien;ROOF;226;0,10;33,97;3,77;0,43;;2,57;DEBW_52210004ien
UUID_49773af8-f445-4059-863a-b3846f1c5742;DEBW_52210004ien;WALL;199;0,14;14,00;2,28;0,83;;2,57;DEBW_52210004ien
UUID_df51cb0c-b670-482b-9415-2a20fcb6360e;DEBW_52210004ien;WALL;199;0,14;11,53;1,88;0,83;;2,57;DEBW_52210004ien
UUID_1c6a0385-9f67-459e-b567-94b4b1742f64;DEBW_52210004ien;WALL;199;0,14;15,04;2,45;0,83;;2,57;DEBW_52210004ien
UUID_8a89a218-4680-4b65-b9d4-16fb4b27587b;DEBW_52210006KZK;WALL;199;0,18;23,65;5,19;0,83;;2,57;DEBW_52210006KZK
UUID_0e0a71db-00f8-4ef1-9072-ad96188ef87a;DEBW_52210006KZK;GROUND;150;0,00;77,36;0,00;0,62;;;DEBW_52210006KZK
UUID_0b8f7713-2cca-40f8-95e4-c13e8426fe56;DEBW_52210006KZK;ROOF;226;0,10;1,02;0,11;0,43;;2,57;DEBW_52210006KZK
UUID_17f75988-8d40-4501-bd6e-a856381249b8;DEBW_52210006KZK;WALL;199;0,18;21,27;4,67;0,83;;2,57;DEBW_52210006KZK
UUID_25a30ba6-0f9d-46b0-a6b6-b2d922ec8c2b;DEBW_52210006KZK;ROOF;226;0,10;63,88;7,10;0,43;;2,57;DEBW_52210006KZK
UUID_b4d624d8-5c64-4f27-ae69-c5d06cadc5db;DEBW_52210006KZK;WALL;199;0,18;13,03;2,86;0,83;;2,57;DEBW_52210006KZK
UUID_c6282887-a9b0-4e4b-892e-a18d1e41114a;DEBW_52210006KZK;WALL;199;0,18;73,92;16,23;0,83;;2,57;DEBW_52210006KZK
UUID_dd7b65e8-7207-4fee-89ca-fa8df6e5c86a;DEBW_52210006KZK;WALL;199;0,18;16,79;3,69;0,83;;2,57;DEBW_52210006KZK
UUID_ce7036a7-2346-4518-ad3b-5df7f5fa49bc;DEBW_52210006KZK;WALL;199;0,18;0,69;0,15;0,83;;2,57;DEBW_52210006KZK
UUID_70bffd85-3d5c-4c75-97ca-0dacd719cb9e;DEBW_52210006KZK;WALL;199;0,18;36,34;7,98;0,83;;2,57;DEBW_52210006KZK
UUID_e180620c-e0b0-4528-a32e-9e39a5c17471;DEBW_52210006KZK;WALL;199;0,18;23,40;5,14;0,83;;2,57;DEBW_52210006KZK
UUID_64ad00ec-b42a-4e32-a2ab-0646df7b0800;DEBW_52210006KZK;WALL;199;0,18;16,96;3,72;0,83;;2,57;DEBW_52210006KZK
UUID_5ae7f361-41f7-4a6a-b420-bbc3d4040ae7;DEBW_52210006KZK;ROOF;226;0,10;61,89;6,88;0,43;;2,57;DEBW_52210006KZK
UUID_0c4d076f-2ed8-43d3-9bcd-329af54661bd;DEBW_52210005yBC;ROOF;226;0,10;2,59;0,29;0,43;;2,57;DEBW_52210005yBC
UUID_989cb2a9-6936-4a79-ba10-934bc2feb65b;DEBW_52210005yBC;GROUND;150;0,00;2,79;0,00;0,62;;;DEBW_52210005yBC
UUID_aef481fc-e7f0-430d-9b61-5e37185aaf21;DEBW_52210005yBC;WALL;199;0,27;5,44;2,01;0,83;;2,57;DEBW_52210005yBC
UUID_9cc2ed1b-0d2b-4f3d-8e0b-4c1bbf4b451b;DEBW_52210005yBC;WALL;199;0,27;10,81;4,00;0,83;;2,57;DEBW_52210005yBC
UUID_697321c0-2512-4781-bf82-794e6e5e270d;DEBW_52210005yBC;WALL;199;0,27;0,00;0,00;0,83;;2,57;DEBW_52210005yBC
UUID_1d4aa70d-40e3-4bb5-81ec-ed6facc4d716;DEBW_52210005yBC;WALL;199;0,27;5,47;2,02;0,83;;2,57;DEBW_52210005yBC
UUID_c085fc1d-b212-4f43-9dd5-0acf71e64354;DEBW_52210005K93;ROOF;226;0,10;87,54;9,73;0,43;;2,57;DEBW_52210005K93
UUID_c9f9f355-f7a3-4b0f-8331-2cbb32247e3c;DEBW_52210005K93;WALL;199;0,18;53,61;11,77;0,83;;2,57;DEBW_52210005K93
UUID_bf9c0124-0ff3-4c63-a1d2-de3a01015c9a;DEBW_52210005K93;WALL;199;0,18;7,02;1,54;0,83;;2,57;DEBW_52210005K93
UUID_2662b9b6-3c6d-4f99-8928-b514a1d7a484;DEBW_52210005K93;GROUND;150;0,00;132,19;0,00;0,62;;;DEBW_52210005K93
UUID_636fead8-aaa0-4fb0-b90e-0d5bd8f99d61;DEBW_52210005K93;WALL;199;0,18;23,84;5,23;0,83;;2,57;DEBW_52210005K93
UUID_3765c65c-093e-4e1c-addc-0cc29072babf;DEBW_52210005K93;ROOF;226;0,10;72,53;8,06;0,43;;2,57;DEBW_52210005K93
UUID_36fe254e-5180-4422-a2b7-7b7535836b87;DEBW_52210005K93;WALL;199;0,18;39,00;8,56;0,83;;2,57;DEBW_52210005K93
UUID_105eb3ba-2059-4d36-8747-a75bdc065171;DEBW_52210005K93;WALL;199;0,18;5,90;1,29;0,83;;2,57;DEBW_52210005K93
UUID_6027eb5e-90c3-48a9-9f9e-9393abd91940;DEBW_52210005K93;WALL;199;0,18;52,98;11,63;0,83;;2,57;DEBW_52210005K93
UUID_9b082872-c3c9-434c-bc8a-edba13eeb369;DEBW_52210005K93;WALL;199;0,18;57,55;12,63;0,83;;2,57;DEBW_52210005K93
UUID_bff0e5b6-e6a5-4db0-be6c-a579761c42a6;DEBW_52210005K93;WALL;199;0,18;8,64;1,90;0,83;;2,57;DEBW_52210005K93
UUID_5c357ae9-b8a4-4638-8215-899e40fec96a;DEBW_52210005K93;WALL;199;0,18;47,13;10,34;0,83;;2,57;DEBW_52210005K93
UUID_8362f5a2-8d13-4867-b3c1-369e23ff29a8;DEBW_52210005K93;WALL;199;0,18;46,41;10,19;0,83;;2,57;DEBW_52210005K93
UUID_aacf760a-ba8c-43ea-b9df-bbd630b1c839;DEBW_52210005K93;WALL;199;0,18;24,75;5,43;0,83;;2,57;DEBW_52210005K93
UUID_db9ebf1c-30b2-406a-8da9-18a7fac3a528;DEBW_52210006KbP;WALL;199;0,18;68,81;15,10;0,83;;2,57;DEBW_52210006KbP
UUID_da9340b2-2c74-4f61-8737-8324d188c9b9;DEBW_52210006KbP;WALL;199;0,18;36,01;7,90;0,83;;2,57;DEBW_52210006KbP
UUID_afbff13d-4f8c-47a5-90fe-5bba91c114c4;DEBW_52210006KbP;WALL;199;0,18;68,78;15,10;0,83;;2,57;DEBW_52210006KbP
UUID_1310f802-7c02-4f12-8c9a-cb1fce751e45;DEBW_52210006KbP;ROOF;226;0,10;52,58;5,84;0,43;;2,57;DEBW_52210006KbP
UUID_7ed39b71-60d7-468e-8ee9-a1cebe84120f;DEBW_52210006KbP;WALL;199;0,18;38,32;8,41;0,83;;2,57;DEBW_52210006KbP
UUID_42f19971-02da-4520-b401-fef543a0c442;DEBW_52210006KbP;ROOF;226;0,10;55,89;6,21;0,43;;2,57;DEBW_52210006KbP
UUID_3e7202ff-d73f-4a26-bf62-d0b7e22b563e;DEBW_52210006KbP;WALL;199;0,18;35,12;7,71;0,83;;2,57;DEBW_52210006KbP
UUID_6431cff2-998d-4c6f-a96a-b594467cff38;DEBW_52210006KbP;GROUND;150;0,00;85,83;0,00;0,62;;;DEBW_52210006KbP
UUID_6f5fde9a-df4a-4edf-9724-03f94d8b559e;DEBW_52210006KbP;WALL;199;0,18;39,04;8,57;0,83;;2,57;DEBW_52210006KbP
UUID_6152cd24-a854-44dd-81b3-168a56f2c5ff;DEBW_52210004HHd;WALL;199;0,27;5,69;2,10;0,83;;2,57;DEBW_52210004HHd
UUID_b7fdd478-256e-4795-a023-4faa3e708467;DEBW_52210004HHd;WALL;199;0,27;11,12;4,11;0,83;;2,57;DEBW_52210004HHd
UUID_e9aa7261-af37-45e7-bee6-a1d2c159689c;DEBW_52210004HHd;GROUND;150;0,00;16,74;0,00;0,62;;;DEBW_52210004HHd
UUID_7ccefce0-fba3-4745-97dd-2d231a8ffd25;DEBW_52210004HHd;WALL;199;0,27;7,71;2,85;0,83;;2,57;DEBW_52210004HHd
UUID_6d9b222e-6d07-42aa-8e8e-c631498ee3b4;DEBW_52210004HHd;WALL;199;0,27;0,77;0,28;0,83;;2,57;DEBW_52210004HHd
UUID_2315afa5-8a12-4295-a8ce-b795189c9f1a;DEBW_52210004HHd;WALL;199;0,27;0,00;0,00;0,83;;2,57;DEBW_52210004HHd
UUID_515388b5-ce3a-4bb2-a26a-f2ea8dc1d552;DEBW_52210004HHd;ROOF;100;0,00;16,74;0,00;0,40;;2,57;DEBW_52210004HHd
UUID_b6cb30d7-2941-4482-9686-ebb1c9ba4591;DEBW_52210004HHd;WALL;199;0,27;0,10;0,04;0,83;;2,57;DEBW_52210004HHd
UUID_899a1f77-a5dc-4308-a1bf-93a2343af531;DEBW_52210004xfl;WALL;199;0,18;95,56;20,98;0,83;;2,57;DEBW_52210004xfl
UUID_2b652072-d670-48c0-9fc8-355eecbe362f;DEBW_52210004xfl;ROOF;226;0,10;80,55;8,95;0,43;;2,57;DEBW_52210004xfl
UUID_48fd265b-9584-4cff-bb39-dd8b5fa3bc33;DEBW_52210004xfl;ROOF;226;0,10;72,70;8,08;0,43;;2,57;DEBW_52210004xfl
UUID_524dff62-6a32-4693-8dd2-bd7d64d07033;DEBW_52210004xfl;WALL;199;0,18;39,54;8,68;0,83;;2,57;DEBW_52210004xfl
UUID_cf2ab6dd-c55d-4359-841b-552fe763c0f5;DEBW_52210004xfl;WALL;199;0,18;42,85;9,41;0,83;;2,57;DEBW_52210004xfl
UUID_b3507e06-1740-48f9-9a89-6f4ad05e55bb;DEBW_52210004xfl;WALL;199;0,18;100,00;21,95;0,83;;2,57;DEBW_52210004xfl
UUID_c993dc59-0323-488f-81f5-9567b3bd88bb;DEBW_52210004xfl;WALL;199;0,18;43,07;9,45;0,83;;2,57;DEBW_52210004xfl
UUID_5ad4af2a-1df2-432a-9690-9f19575d0c93;DEBW_52210004xfl;WALL;199;0,18;39,35;8,64;0,83;;2,57;DEBW_52210004xfl
UUID_af5b703d-042a-477f-a124-de7d3b6adf68;DEBW_52210004xfl;GROUND;150;0,00;121,93;0,00;0,62;;;DEBW_52210004xfl
UUID_a14b36f7-d210-46de-a299-2ac2082569d5;DEBW_52210005evc;WALL;199;0,18;10,49;2,30;0,83;;2,57;DEBW_52210005evc
UUID_07b2b617-0e1f-463b-b4a8-75eda0abf336;DEBW_52210005evc;WALL;199;0,18;1,99;0,44;0,83;;2,57;DEBW_52210005evc
UUID_288433f0-70b7-436b-9592-750741935215;DEBW_52210005evc;ROOF;226;0,10;65,35;7,26;0,43;;2,57;DEBW_52210005evc
UUID_87c70355-5f31-43a4-84e6-d0f7d2d04132;DEBW_52210005evc;WALL;199;0,18;10,68;2,35;0,83;;2,57;DEBW_52210005evc
UUID_5fc7299f-367e-4239-a360-11ffe6ab7187;DEBW_52210005evc;WALL;199;0,18;45,95;10,09;0,83;;2,57;DEBW_52210005evc
UUID_aa3c5480-027b-40b2-bbd3-4b0a7dede339;DEBW_52210005evc;WALL;199;0,18;42,01;9,22;0,83;;2,57;DEBW_52210005evc
UUID_1924615a-1975-4c37-beb0-d8defa435722;DEBW_52210005evc;WALL;199;0,18;55,65;12,22;0,83;;2,57;DEBW_52210005evc
UUID_4eb2890a-bfb1-4938-a1ce-d425837b46c6;DEBW_52210005evc;GROUND;150;0,00;114,54;0,00;0,62;;;DEBW_52210005evc
UUID_8083cb0c-c037-405c-b864-be9aba4c709e;DEBW_52210005evc;ROOF;226;0,10;71,86;7,98;0,43;;2,57;DEBW_52210005evc
UUID_33429ec8-c74a-4053-a86d-a39a4dcc668d;DEBW_52210005evc;WALL;199;0,18;55,20;12,12;0,83;;2,57;DEBW_52210005evc
UUID_9c882918-563f-48f2-85a8-eb3938a4a14d;DEBW_52210005evc;WALL;199;0,18;43,71;9,59;0,83;;2,57;DEBW_52210005evc
UUID_75ab7124-d43f-4b1b-925e-8c0829c44d50;DEBW_52210005evc;WALL;199;0,18;30,35;6,66;0,83;;2,57;DEBW_52210005evc
UUID_e1b14465-0694-4626-9c47-276f80093b00;DEBW_52210005evc;WALL;199;0,18;2,44;0,54;0,83;;2,57;DEBW_52210005evc
UUID_9ba81cb7-19fe-43bd-98b3-8ebcd82776e5;DEBW_52210005evc;WALL;199;0,18;1,25;0,28;0,83;;2,57;DEBW_52210005evc
UUID_ecefc9a2-77df-41ee-93c5-b853673fdf90;DEBW_52210005KQH;WALL;199;0,14;8,06;1,31;0,83;;2,57;DEBW_52210005KQH
UUID_2917518f-ecc6-4602-a986-6192e41df666;DEBW_52210005KQH;WALL;199;0,14;10,82;1,76;0,83;;2,57;DEBW_52210005KQH
UUID_b856dc2d-421d-4298-95f2-b542cb46a255;DEBW_52210005KQH;WALL;199;0,14;25,69;4,18;0,83;;2,57;DEBW_52210005KQH
UUID_fa04e903-71cc-42c2-bdb1-41d285b3081d;DEBW_52210005KQH;WALL;199;0,14;0,29;0,05;0,83;;2,57;DEBW_52210005KQH
UUID_9f61ddd3-fe6a-444a-a1fe-fddabf02d75f;DEBW_52210005KQH;WALL;199;0,14;6,24;1,02;0,83;;2,57;DEBW_52210005KQH
UUID_bedf9054-c573-467a-86b4-13f7656ae9a8;DEBW_52210005KQH;GROUND;150;0,00;69,95;0,00;0,62;;;DEBW_52210005KQH
UUID_bff5e1f5-e171-42ad-bd9d-117f3832369b;DEBW_52210005KQH;WALL;199;0,14;10,90;1,77;0,83;;2,57;DEBW_52210005KQH
UUID_58389906-5c9e-4051-a500-2108bdb0884d;DEBW_52210005KQH;ROOF;226;0,10;63,10;7,01;0,43;;2,57;DEBW_52210005KQH
UUID_281af81e-74af-453b-8c74-99ff25097fac;DEBW_52210005KQH;WALL;199;0,14;4,48;0,73;0,83;;2,57;DEBW_52210005KQH
UUID_45225f5e-4c07-4c4f-b6f0-1287ab416659;DEBW_52210006KcE;WALL;199;0,18;0,04;0,01;0,83;;2,57;DEBW_52210006KcE
UUID_62f183ea-f952-4f94-814b-b47368e29d0a;DEBW_52210006KcE;WALL;199;0,18;0,28;0,06;0,83;;2,57;DEBW_52210006KcE
UUID_7ff0e813-3901-4753-af22-b70dabc854fe;DEBW_52210006KcE;GROUND;150;0,00;124,27;0,00;0,62;;;DEBW_52210006KcE
UUID_a16f1fe1-0595-4ed0-9b31-830493e064be;DEBW_52210006KcE;WALL;199;0,18;69,15;15,18;0,83;;2,57;DEBW_52210006KcE
UUID_56c80b73-41c6-4d48-be78-fe4956372513;DEBW_52210006KcE;WALL;199;0,18;30,80;6,76;0,83;;2,57;DEBW_52210006KcE
UUID_75edb932-5d4e-4230-b775-b24685a90dc7;DEBW_52210006KcE;WALL;199;0,18;40,48;8,89;0,83;;2,57;DEBW_52210006KcE
UUID_ff4bfc1c-8edc-4fe7-a006-732fd309027b;DEBW_52210006KcE;ROOF;226;0,10;78,84;8,76;0,43;;2,57;DEBW_52210006KcE
UUID_4a549cf6-662c-4d10-90e3-6e71609bb01e;DEBW_52210006KcE;WALL;199;0,18;47,67;10,46;0,83;;2,57;DEBW_52210006KcE
UUID_579f1662-ca87-4ce9-a8ad-125fe2f4e6d2;DEBW_52210006KcE;ROOF;226;0,10;71,00;7,89;0,43;;2,57;DEBW_52210006KcE
UUID_0120eb37-16c2-40e6-be23-dad797aa44b0;DEBW_52210006KcE;WALL;199;0,18;47,94;10,52;0,83;;2,57;DEBW_52210006KcE
UUID_f6120466-be84-42d1-9e03-e48879b36079;DEBW_52210006KcE;WALL;199;0,18;47,47;10,42;0,83;;2,57;DEBW_52210006KcE
UUID_d8b6bbfe-0baa-4c0d-9390-003218eb4552;DEBW_52210004xpD;WALL;199;0,27;5,28;1,95;0,83;;2,57;DEBW_52210004xpD
UUID_6f5f0e3d-b45e-4604-9b59-dff03ed18c6c;DEBW_52210004xpD;GROUND;150;0,00;14,44;0,00;0,62;;;DEBW_52210004xpD
UUID_050c998e-1a95-4abd-9baf-3daba42d5f5b;DEBW_52210004xpD;ROOF;226;0,10;13,00;1,44;0,43;;2,57;DEBW_52210004xpD
UUID_8d7838ee-1eb0-4199-b575-43c7d2dfa38e;DEBW_52210004xpD;WALL;199;0,27;1,30;0,48;0,83;;2,57;DEBW_52210004xpD
UUID_91288fbe-7289-44a1-ba8f-1d68917152c3;DEBW_52210004xpD;WALL;199;0,27;5,33;1,97;0,83;;2,57;DEBW_52210004xpD
UUID_0d8f2ed2-b8c7-40f6-904d-d702a23e5fcd;DEBW_52210004xpD;WALL;199;0,27;0,00;0,00;0,83;;2,57;DEBW_52210004xpD
UUID_765ab556-f6d0-49d7-8262-d717958352c6;DEBW_52210004HWA;GROUND;150;0,00;19,16;0,00;0,62;;;DEBW_52210004HWA
UUID_c2147bc3-d2b8-4aa8-a61a-f0c10034e25f;DEBW_52210004HWA;WALL;199;0,27;0,00;0,00;0,83;;2,57;DEBW_52210004HWA
UUID_dcd6d88e-718c-4e9b-a369-8edd1fc11304;DEBW_52210004HWA;WALL;199;0,27;8,72;3,22;0,83;;2,57;DEBW_52210004HWA
UUID_4bea61d6-e9e1-48d8-9931-be05819cb646;DEBW_52210004HWA;WALL;199;0,27;0,00;0,00;0,83;;2,57;DEBW_52210004HWA
UUID_489f1767-d9b9-4ec3-9bb6-384edd4ecdf9;DEBW_52210004HWA;ROOF;226;0,10;9,94;1,10;0,43;;2,57;DEBW_52210004HWA
UUID_8e4ec633-beb8-44fc-9225-d1af0694fbf5;DEBW_52210004HWA;WALL;199;0,27;0,00;0,00;0,83;;2,57;DEBW_52210004HWA
UUID_75515b8f-6108-40cf-903d-a144d7bcc479;DEBW_52210004HWA;WALL;199;0,27;8,82;3,26;0,83;;2,57;DEBW_52210004HWA
UUID_b2908d31-0b0d-423e-a67f-0a3ae56cbfde;DEBW_52210004HWA;WALL;199;0,27;0,01;0,01;0,83;;2,57;DEBW_52210004HWA
UUID_5db975e9-8706-46f1-a83e-004160376c80;DEBW_52210004HWA;ROOF;226;0,10;8,64;0,96;0,43;;2,57;DEBW_52210004HWA
UUID_bb3ab09b-9a85-4c27-99f2-54261cef50cf;DEBW_52210005fBS;WALL;199;0,18;40,80;8,96;0,83;;2,57;DEBW_52210005fBS
UUID_aab96064-f592-48ee-bb1a-9ed186a4d179;DEBW_52210005fBS;ROOF;226;0,10;72,13;8,01;0,43;;2,57;DEBW_52210005fBS
UUID_caca1412-c19a-4443-8746-075ec186142c;DEBW_52210005fBS;GROUND;150;0,00;80,15;0,00;0,62;;;DEBW_52210005fBS
UUID_7a4fe148-b339-4e40-9200-a465309f4217;DEBW_52210005fBS;WALL;199;0,18;67,23;14,76;0,83;;2,57;DEBW_52210005fBS
UUID_465f8c70-b418-471d-9678-773c3f15f4dc;DEBW_52210005fBS;WALL;199;0,18;9,23;2,03;0,83;;2,57;DEBW_52210005fBS
UUID_b7420342-cf23-4e36-8636-0a073cb1d8b3;DEBW_52210005fBS;WALL;199;0,18;76,02;16,69;0,83;;2,57;DEBW_52210005fBS
UUID_4c6ca92a-900c-4ffa-8be6-ddec29a3087c;DEBW_52210005fBS;WALL;199;0,18;58,13;12,76;0,83;;2,57;DEBW_52210005fBS
UUID_8cc2f316-2d9f-4443-8901-df6085893814;DEBW_52210005fBS;WALL;199;0,18;46,48;10,20;0,83;;2,57;DEBW_52210005fBS
UUID_a284984a-d806-4b30-9d60-732ee417a5f7;DEBW_52210004xqb;WALL;199;0,27;5,66;2,09;0,83;;2,57;DEBW_52210004xqb
UUID_acc9baf0-1cb8-4dfd-a389-b028b374c151;DEBW_52210004xqb;WALL;199;0,27;0,00;0,00;0,83;;2,57;DEBW_52210004xqb
UUID_fae722cf-68ea-4b11-ad28-f73b53453537;DEBW_52210004xqb;GROUND;150;0,00;4,60;0,00;0,62;;;DEBW_52210004xqb
UUID_bf5e3327-f359-4c89-ad06-35d5152c6b58;DEBW_52210004xqb;WALL;199;0,27;5,62;2,08;0,83;;2,57;DEBW_52210004xqb
UUID_851fb738-bf99-48a4-98e9-35458f0de46e;DEBW_52210004xqb;ROOF;226;0,10;4,19;0,47;0,43;;2,57;DEBW_52210004xqb
UUID_3d6e4aa8-352f-4be3-982c-ee90afc668d4;DEBW_52210004xqb;WALL;199;0,27;19,19;7,10;0,83;;2,57;DEBW_52210004xqb
UUID_d0fd847b-44d8-4518-b446-1ef239a96a85;DEBW_52210005PRs;GROUND;150;0,00;93,90;0,00;0,62;;;DEBW_52210005PRs
UUID_231549c6-18ab-4317-b8b4-c84e3c1e98d0;DEBW_52210005PRs;WALL;199;0,18;46,36;10,18;0,83;;2,57;DEBW_52210005PRs
UUID_8868c629-2030-4b77-9898-9647ba42cadc;DEBW_52210005PRs;WALL;199;0,18;0,01;0,00;0,83;;2,57;DEBW_52210005PRs
UUID_004a3686-7e17-499c-b414-360881923d9e;DEBW_52210005PRs;WALL;199;0,18;1,77;0,39;0,83;;2,57;DEBW_52210005PRs
UUID_2cde47b3-9d81-4a98-9b7b-1a91bb3c9db1;DEBW_52210005PRs;WALL;199;0,18;15,39;3,38;0,83;;2,57;DEBW_52210005PRs
UUID_9505cd69-31d1-4e25-b011-f65215450259;DEBW_52210005PRs;ROOF;226;0,10;0,25;0,03;0,43;;2,57;DEBW_52210005PRs
UUID_03e32dec-d573-4e0c-aea3-e8613033d4cb;DEBW_52210005PRs;WALL;199;0,18;0,19;0,04;0,83;;2,57;DEBW_52210005PRs
UUID_6e70de93-8e6c-431d-bd06-e6b11a13873c;DEBW_52210005PRs;WALL;199;0,18;5,26;1,16;0,83;;2,57;DEBW_52210005PRs
UUID_ff2be90b-9f3e-4b98-af0d-a92f34f59338;DEBW_52210005PRs;WALL;199;0,18;1,33;0,29;0,83;;2,57;DEBW_52210005PRs
UUID_e186c2f0-e46f-4b14-9922-304aad5e6911;DEBW_52210005PRs;WALL;199;0,18;1,20;0,26;0,83;;2,57;DEBW_52210005PRs
UUID_108aa894-c9b3-42f1-81db-228a08edd42c;DEBW_52210005PRs;WALL;199;0,18;11,08;2,43;0,83;;2,57;DEBW_52210005PRs
UUID_12c33214-8e45-479e-82db-00af0b916ad5;DEBW_52210005PRs;WALL;199;0,18;47,33;10,39;0,83;;2,57;DEBW_52210005PRs
UUID_a8ccd633-0d13-4376-a587-46228da7eabc;DEBW_52210005PRs;WALL;199;0,18;14,07;3,09;0,83;;2,57;DEBW_52210005PRs
UUID_765ed1d7-2790-422b-98f6-8e4997aadbfd;DEBW_52210005PRs;GROUND;150;0,00;180,08;0,00;0,62;;;DEBW_52210005PRs
UUID_58b6019e-4f07-4984-b52b-ea94d75f5990;DEBW_52210005PRs;WALL;199;0,18;3,66;0,80;0,83;;2,57;DEBW_52210005PRs
UUID_c7197bd7-9b5d-4d6c-97d8-adf315cc7b1e;DEBW_52210005PRs;WALL;199;0,18;9,34;2,05;0,83;;2,57;DEBW_52210005PRs
UUID_a24afa2b-e858-44d4-b5a8-14465fcb81bc;DEBW_52210005PRs;WALL;199;0,18;0,13;0,03;0,83;;2,57;DEBW_52210005PRs
UUID_9e001c76-368c-4cb3-be48-64ac6e4e1c68;DEBW_52210005PRs;ROOF;226;0,10;112,92;12,55;0,43;;2,57;DEBW_52210005PRs
UUID_3719a0fa-1d7a-4610-9e1f-3ad6dcb7fb21;DEBW_52210005PRs;WALL;199;0,18;32,61;7,16;0,83;;2,57;DEBW_52210005PRs
UUID_588ca9e4-1483-4d43-a9af-a2083d0cb80d;DEBW_52210005PRs;ROOF;226;0,10;48,87;5,43;0,43;;2,57;DEBW_52210005PRs
UUID_c33a6b7a-34a7-48c9-ba53-7bededad557b;DEBW_52210005PRs;WALL;199;0,18;36,20;7,95;0,83;;2,57;DEBW_52210005PRs
UUID_44136d42-0cca-45b4-9139-f73728f2cc52;DEBW_52210005PRs;WALL;199;0,18;29,62;6,50;0,83;;2,57;DEBW_52210005PRs
UUID_c7b6a458-4af4-4452-a727-da5366a0cb16;DEBW_52210005PRs;WALL;199;0,18;32,28;7,09;0,83;;2,57;DEBW_52210005PRs
UUID_f0390623-312e-4055-a227-c2cf4d69313b;DEBW_52210005PRs;ROOF;226;0,10;71,34;7,93;0,43;;2,57;DEBW_52210005PRs
UUID_61ca9826-d393-431f-a564-7fa510584961;DEBW_52210005PRs;WALL;199;0,18;9,16;2,01;0,83;;2,57;DEBW_52210005PRs
UUID_c86f7d5f-287d-45a1-af49-e91e33279cb2;DEBW_52210005PRs;ROOF;226;0,10;47,63;5,29;0,43;;2,57;DEBW_52210005PRs
UUID_151e11c3-efa3-4f0b-9d9f-232cce214663;DEBW_52210005PRs;WALL;199;0,18;42,21;9,27;0,83;;2,57;DEBW_52210005PRs
UUID_b311e873-4891-40d6-a862-1e24ead52abe;DEBW_52210005PRs;WALL;199;0,18;44,13;9,69;0,83;;2,57;DEBW_52210005PRs
UUID_251eff52-493c-4c3e-b667-0b8fa2fc36de;DEBW_52210005PRs;WALL;199;0,18;4,41;0,97;0,83;;2,57;DEBW_52210005PRs
UUID_eacdc211-026e-4f9e-9fcf-3a02ca9bd6d8;DEBW_52210005PRs;WALL;199;0,18;93,85;20,60;0,83;;2,57;DEBW_52210005PRs
UUID_a521dc9c-f00a-44fa-9fc4-62b96df022a4;DEBW_52210005PRs;WALL;199;0,18;0,03;0,01;0,83;;2,57;DEBW_52210005PRs
UUID_7978e511-7933-4174-879a-9a75933ffc89;DEBW_52210005KUx;WALL;199;0,18;35,08;7,70;0,83;;2,57;DEBW_52210005KUx
UUID_1e8a4566-ed4e-4b3f-943f-ec3102546250;DEBW_52210005KUx;WALL;199;0,18;30,32;6,66;0,83;;2,57;DEBW_52210005KUx
UUID_0dd54150-7e69-48e7-b272-88f980e3faa7;DEBW_52210005KUx;WALL;199;0,18;41,18;9,04;0,83;;2,57;DEBW_52210005KUx
UUID_3718b982-cd2c-44a5-88c2-e55f93b6befb;DEBW_52210005KUx;ROOF;226;0,10;69,53;7,73;0,43;;2,57;DEBW_52210005KUx
UUID_85d989ef-b03c-4b94-9cd5-eab7bb25a46c;DEBW_52210005KUx;WALL;199;0,18;8,74;1,92;0,83;;2,57;DEBW_52210005KUx
UUID_324f1246-cdc1-472a-9540-dbe67266b9e5;DEBW_52210005KUx;WALL;199;0,18;35,47;7,79;0,83;;2,57;DEBW_52210005KUx
UUID_1955fdd3-3ac7-4181-868c-4373a24d22e1;DEBW_52210005KUx;WALL;199;0,18;43,55;9,56;0,83;;2,57;DEBW_52210005KUx
UUID_ec03b717-6216-449d-a48b-e5801583a7b1;DEBW_52210005KUx;WALL;199;0,18;0,44;0,10;0,83;;2,57;DEBW_52210005KUx
UUID_a6102c95-6707-4005-aeeb-e6c1a45bfe96;DEBW_52210005KUx;WALL;199;0,18;0,55;0,12;0,83;;2,57;DEBW_52210005KUx
UUID_317f5065-1fa8-4855-9489-64c26d86bcef;DEBW_52210005KUx;WALL;199;0,18;1,49;0,33;0,83;;2,57;DEBW_52210005KUx
UUID_92b4e093-ada6-41bd-9c07-fd015a047b45;DEBW_52210005KUx;WALL;199;0,18;51,19;11,24;0,83;;2,57;DEBW_52210005KUx
UUID_e8638fbe-fda9-4fb9-89c0-f7b7f10bde99;DEBW_52210005KUx;WALL;199;0,18;60,29;13,23;0,83;;2,57;DEBW_52210005KUx
UUID_6f7fe0bc-9382-4c3d-998f-85102cefb388;DEBW_52210005KUx;ROOF;226;0,10;63,27;7,03;0,43;;2,57;DEBW_52210005KUx
UUID_71e98526-b2c8-4072-ac97-bf2e04b7a4d7;DEBW_52210005KUx;GROUND;150;0,00;107,04;0,00;0,62;;;DEBW_52210005KUx
UUID_d7e548b4-8e2d-4689-a282-ab699cd80b16;DEBW_52210005KUx;ROOF;226;0,10;0,19;0,02;0,43;;2,57;DEBW_52210005KUx
UUID_dd49b835-1807-4303-8db0-1c0ae99c8d27;DEBW_52210005KUx;WALL;199;0,18;42,23;9,27;0,83;;2,57;DEBW_52210005KUx
UUID_6c58bbb4-9f0f-4fcf-a863-9c050668e191;DEBW_52210004HcC;WALL;199;0,27;1,16;0,43;0,83;;2,57;DEBW_52210004HcC
UUID_3c6d8c6c-e9ba-4504-9874-b7af53cd84dc;DEBW_52210004HcC;WALL;199;0,27;0,08;0,03;0,83;;2,57;DEBW_52210004HcC
UUID_fd2ca86e-923b-4758-9bb6-e0b6ea0540c9;DEBW_52210004HcC;ROOF;226;0,10;11,18;1,24;0,43;;2,57;DEBW_52210004HcC
UUID_b7b16dc1-8f5e-4672-80c0-ffdd87e3d475;DEBW_52210004HcC;WALL;199;0,27;5,16;1,91;0,83;;2,57;DEBW_52210004HcC
UUID_e044920d-fc21-40fc-8c22-fa1062e6bc34;DEBW_52210004HcC;GROUND;150;0,00;12,00;0,00;0,62;;;DEBW_52210004HcC
UUID_784157ac-a0e0-459d-a20c-64790ed54513;DEBW_52210004HcC;WALL;199;0,27;5,92;2,19;0,83;;2,57;DEBW_52210004HcC
UUID_447afeec-f72c-4bd9-8d2e-197162b99fab;DEBW_52210004HcC;WALL;199;0,27;4,32;1,60;0,83;;2,57;DEBW_52210004HcC
UUID_642265d4-774e-4e22-8751-030158b2b4cf;DEBW_52210004HcC;WALL;199;0,27;11,96;4,42;0,83;;2,57;DEBW_52210004HcC
UUID_edfdc380-5a2d-4733-b05a-4c2b0b34c074;DEBW_52210006Krt;ROOF;226;0,10;47,22;5,25;0,43;;2,57;DEBW_52210006Krt
UUID_a8dfeb5a-5386-44b2-8a0b-7bba6d0e4ca9;DEBW_52210006Krt;WALL;199;0,27;0,31;0,12;0,83;;2,57;DEBW_52210006Krt
UUID_b97d6682-066f-468e-94c6-955fd3760e37;DEBW_52210006Krt;GROUND;150;0,00;68,48;0,00;0,62;;;DEBW_52210006Krt
UUID_fe3803e1-d36f-4536-9f1c-3b655570da26;DEBW_52210006Krt;WALL;199;0,27;10,02;3,71;0,83;;2,57;DEBW_52210006Krt
UUID_cdf341b2-ec3d-4354-911f-4523b4de171e;DEBW_52210006Krt;ROOF;226;0,10;49,38;5,49;0,43;;2,57;DEBW_52210006Krt
UUID_8d93267a-f31e-474f-8256-1d4c44d1109a;DEBW_52210006Krt;WALL;199;0,27;0,18;0,07;0,83;;2,57;DEBW_52210006Krt
UUID_3ff4c5dc-31a8-460f-8bd1-fad445589d74;DEBW_52210006Krt;WALL;199;0,27;22,35;8,26;0,83;;2,57;DEBW_52210006Krt
UUID_a5d78b69-17ef-4b65-a226-337db264d9f3;DEBW_52210006Krt;WALL;199;0,27;3,08;1,14;0,83;;2,57;DEBW_52210006Krt
UUID_ba877983-e1ec-4816-8a16-a9c647448c8a;DEBW_52210006Krt;WALL;199;0,27;34,83;12,88;0,83;;2,57;DEBW_52210006Krt
UUID_4c862554-a578-4bd4-83a9-fd8b623e169e;DEBW_52210006Krt;WALL;199;0,27;22,05;8,16;0,83;;2,57;DEBW_52210006Krt
UUID_d3e30158-e43f-4242-a1e2-68d37c5db088;DEBW_52210006Krt;WALL;199;0,27;21,77;8,05;0,83;;2,57;DEBW_52210006Krt
UUID_69ae87c1-d16e-4501-9603-289bc625bb4d;DEBW_52210005N87;WALL;199;0,18;36,35;7,98;0,83;;2,57;DEBW_52210005N87
UUID_8adbcb2d-a46f-4881-b425-782b1780e28c;DEBW_52210005N87;GROUND;150;0,00;90,99;0,00;0,62;;;DEBW_52210005N87
UUID_bcb25b2f-9bd6-4cb6-81e1-427dc2c2174f;DEBW_52210005N87;WALL;199;0,18;69,39;15,23;0,83;;2,57;DEBW_52210005N87
UUID_60c2196a-f95f-4e6d-97f0-c3255d395009;DEBW_52210005N87;WALL;199;0,18;36,44;8,00;0,83;;2,57;DEBW_52210005N87
UUID_d9cc2ab4-fdfc-4f15-9e3c-867a1e2db9ca;DEBW_52210005N87;WALL;199;0,18;68,61;15,06;0,83;;2,57;DEBW_52210005N87
UUID_19af416c-17f2-4781-92a4-bbd9b2be6ab9;DEBW_52210005N87;ROOF;226;0,10;60,32;6,70;0,43;;2,57;DEBW_52210005N87
UUID_db202d0f-fa84-4950-ab4e-17ad7c6e0fd7;DEBW_52210005N87;ROOF;226;0,10;58,98;6,55;0,43;;2,57;DEBW_52210005N87
UUID_dde0bcc8-0717-4462-bcd4-7a23819e43e3;DEBW_52210005N87;WALL;199;0,18;24,59;5,40;0,83;;2,57;DEBW_52210005N87
UUID_5717ceba-630a-4f26-a29a-3a023bd8788e;DEBW_52210005N87;WALL;199;0,18;9,63;2,11;0,83;;2,57;DEBW_52210005N87
UUID_d963a78f-f1dc-4b55-9884-fdc7f2b5974f;DEBW_52210005N87;WALL;199;0,18;36,66;8,05;0,83;;2,57;DEBW_52210005N87
UUID_70e0dc4d-43fe-4cd3-89e3-6472b47ea868;DEBW_52210004Hls;WALL;199;0,14;14,99;2,44;0,83;;2,57;DEBW_52210004Hls
UUID_ffa9fdbf-ebcc-43cb-a3f0-5e936fc66f00;DEBW_52210004Hls;ROOF;226;0,10;100,55;11,17;0,43;;2,57;DEBW_52210004Hls
UUID_4e69b9fd-8355-42c5-909a-c156cee05151;DEBW_52210004Hls;WALL;199;0,14;0,00;0,00;0,83;;2,57;DEBW_52210004Hls
UUID_d46592d8-5828-4a22-931e-b02c3d68871c;DEBW_52210004Hls;WALL;199;0,14;51,44;8,37;0,83;;2,57;DEBW_52210004Hls
UUID_23f4ed49-40bc-45de-a4bb-128d1313d9fb;DEBW_52210004Hls;WALL;199;0,14;91,41;14,88;0,83;;2,57;DEBW_52210004Hls
UUID_dc248ab0-31ce-4da8-bd54-6eb53e9e3778;DEBW_52210004Hls;GROUND;150;0,00;111,72;0,00;0,62;;;DEBW_52210004Hls
UUID_a0485437-c5f6-4567-b5c3-315dd6db4efe;DEBW_52210004Hls;WALL;199;0,14;64,77;10,54;0,83;;2,57;DEBW_52210004Hls
UUID_16748d39-e9d9-4118-9b80-d59e07cd02c5;DEBW_52210004Hls;WALL;199;0,14;16,40;2,67;0,83;;2,57;DEBW_52210004Hls
UUID_a9358400-bc56-446b-ae6b-61cf4804c14f;DEBW_52210004Hls;WALL;199;0,14;36,57;5,95;0,83;;2,57;DEBW_52210004Hls
UUID_25bcdc07-e7a8-4efb-8a4d-a25fa9fed16c;DEBW_52210004Hls;WALL;199;0,14;0,00;0,00;0,83;;2,57;DEBW_52210004Hls
UUID_4b7f5d7b-0dcb-4814-84e4-45af96fc5f31;DEBW_52210006MZJ;WALL;199;0,27;16,17;5,98;0,83;;2,57;DEBW_52210006MZJ
UUID_c43149b6-9cc8-4bf2-9605-36064f050720;DEBW_52210006MZJ;GROUND;150;0,00;41,34;0,00;0,62;;;DEBW_52210006MZJ
UUID_32e22763-bd97-4142-959e-a0869027be52;DEBW_52210006MZJ;ROOF;226;0,10;37,69;4,19;0,43;;2,57;DEBW_52210006MZJ
UUID_7ebbbaa1-459a-4321-882f-521db768bec8;DEBW_52210006MZJ;WALL;199;0,27;3,64;1,35;0,83;;2,57;DEBW_52210006MZJ
UUID_7d444198-11c9-4062-8390-21d82d68ea5c;DEBW_52210006MZJ;WALL;199;0,27;10,43;3,86;0,83;;2,57;DEBW_52210006MZJ
UUID_09d5ba66-7672-43c6-bd21-40bdb7d096f9;DEBW_52210006MZJ;WALL;199;0,27;5,92;2,19;0,83;;2,57;DEBW_52210006MZJ
UUID_836322f9-d71b-46b3-bf32-2e9a4f9b56d1;DEBW_52210005KXK;ROOF;226;0,10;26,05;2,89;0,43;;2,57;DEBW_52210005KXK
UUID_40051eb2-5d38-40c5-8f30-e585e436ded0;DEBW_52210005KXK;WALL;199;0,18;9,50;2,08;0,83;;2,57;DEBW_52210005KXK
UUID_801a600d-eb05-4320-bdc7-19627f95342d;DEBW_52210005KXK;WALL;199;0,18;3,42;0,75;0,83;;2,57;DEBW_52210005KXK
UUID_3c59b5f5-124b-48ec-a778-1209a88a0e55;DEBW_52210005KXK;ROOF;226;0,10;0,04;0,00;0,43;;2,57;DEBW_52210005KXK
UUID_fd859a17-7dcb-4244-a335-8451c92b40d7;DEBW_52210005KXK;WALL;199;0,18;51,51;11,31;0,83;;2,57;DEBW_52210005KXK
UUID_5775e13b-05ad-4045-8aa3-a1b255f98d40;DEBW_52210005KXK;GROUND;150;0,00;50,70;0,00;0,62;;;DEBW_52210005KXK
UUID_c12b3a1c-4e8e-4ce6-940b-f97a0b4f36d0;DEBW_52210005KXK;ROOF;226;0,10;11,00;1,22;0,43;;2,57;DEBW_52210005KXK
UUID_8eec2f04-dddd-44ca-ac56-a7251816ea25;DEBW_52210005KXK;ROOF;226;0,10;26,08;2,90;0,43;;2,57;DEBW_52210005KXK
UUID_073f1102-e14b-4026-b24b-d6435b86ac4b;DEBW_52210005KXK;WALL;199;0,18;0,15;0,03;0,83;;2,57;DEBW_52210005KXK
UUID_ded6ae03-2d53-4beb-9435-4757f889cd9a;DEBW_52210005KXK;WALL;199;0,18;3,32;0,73;0,83;;2,57;DEBW_52210005KXK
UUID_f3e7ac11-8cdb-4358-a464-b7943f0d342f;DEBW_52210005KXK;WALL;199;0,18;0,93;0,20;0,83;;2,57;DEBW_52210005KXK
UUID_2fc94697-8cb6-4320-a2a1-37924a471e21;DEBW_52210005KXK;WALL;199;0,18;62,36;13,69;0,83;;2,57;DEBW_52210005KXK
UUID_8acdd5c1-9d7a-413a-b4a1-e5663ced3cf9;DEBW_52210005KXK;WALL;199;0,18;34,86;7,65;0,83;;2,57;DEBW_52210005KXK
UUID_6cd48af4-1b2b-49a7-b3a5-e246f6662fd1;DEBW_52210005dKy;WALL;199;0,27;7,88;2,92;0,83;;2,57;DEBW_52210005dKy
UUID_b418d223-5af3-4381-9595-502d5704a9c9;DEBW_52210005dKy;WALL;199;0,27;1,75;0,65;0,83;;2,57;DEBW_52210005dKy
UUID_a8056409-c72c-4100-83f4-7a79d8e4f016;DEBW_52210005dKy;WALL;199;0,27;2,09;0,77;0,83;;2,57;DEBW_52210005dKy
UUID_4a8c713e-6564-4a03-a29e-c8597723f1e0;DEBW_52210005dKy;WALL;199;0,27;6,62;2,45;0,83;;2,57;DEBW_52210005dKy
UUID_06c2e9db-db83-46f6-9167-b2d2b1e57f25;DEBW_52210005dKy;WALL;199;0,27;10,51;3,89;0,83;;2,57;DEBW_52210005dKy
UUID_34d8bdb5-a9f6-4513-befd-c6cab08f7c79;DEBW_52210005dKy;WALL;199;0,27;36,59;13,53;0,83;;2,57;DEBW_52210005dKy
UUID_07132dea-2181-445b-9fc1-37a97d725f2e;DEBW_52210005dKy;WALL;199;0,27;35,23;13,03;0,83;;2,57;DEBW_52210005dKy
UUID_fc635a6a-36a4-4dee-89e0-58d8bc1b1254;DEBW_52210005dKy;GROUND;150;0,00;46,85;0,00;0,62;;;DEBW_52210005dKy
UUID_d4038728-df6e-4b40-a7c5-ee630798f836;DEBW_52210005dKy;ROOF;226;0,10;42,17;4,69;0,43;;2,57;DEBW_52210005dKy
UUID_0f5ae18d-cc3c-46aa-a24f-666f03447f03;DEBW_52210005dKy;WALL;199;0,27;7,25;2,68;0,83;;2,57;DEBW_52210005dKy
UUID_aa3f3532-b670-47a0-afef-4408f692aeb0;DEBW_52210004bgQ;WALL;199;0,18;41,23;9,05;0,83;;2,57;DEBW_52210004bgQ
UUID_a70d5159-268e-4053-b471-8eadae00029a;DEBW_52210004bgQ;WALL;199;0,18;21,05;4,62;0,83;;2,57;DEBW_52210004bgQ
UUID_04721ab0-2331-4a3e-b7be-4f0dd2bf421e;DEBW_52210004bgQ;WALL;199;0,18;76,70;16,84;0,83;;2,57;DEBW_52210004bgQ
UUID_0af6bd8d-ce53-487a-aa51-cd911f89ef76;DEBW_52210004bgQ;WALL;199;0,18;41,70;9,15;0,83;;2,57;DEBW_52210004bgQ
UUID_bb020f31-b0b3-47a1-9f35-3a3094e57a04;DEBW_52210004bgQ;WALL;199;0,18;41,42;9,09;0,83;;2,57;DEBW_52210004bgQ
UUID_766f1e85-4d90-4f91-b645-1d54aabb434b;DEBW_52210004bgQ;WALL;199;0,18;15,57;3,42;0,83;;2,57;DEBW_52210004bgQ
UUID_28dc8e48-7a7c-4f13-97a0-33b1b25d2557;DEBW_52210004bgQ;ROOF;226;0,10;78,09;8,68;0,43;;2,57;DEBW_52210004bgQ
UUID_accb60bc-41b6-4961-98db-c2c34a696a69;DEBW_52210004bgQ;WALL;199;0,18;44,73;9,82;0,83;;2,57;DEBW_52210004bgQ
UUID_308d516a-0adf-4fb4-8641-1f342c74ceb8;DEBW_52210004bgQ;ROOF;226;0,10;78,51;8,72;0,43;;2,57;DEBW_52210004bgQ
UUID_f16ff662-5424-4f35-9c0d-8093ccdba469;DEBW_52210004bgQ;WALL;199;0,18;41,38;9,08;0,83;;2,57;DEBW_52210004bgQ
UUID_b239fc75-e632-4347-bd3a-3b0a925fa0e9;DEBW_52210004bgQ;ROOF;226;0,10;0,96;0,11;0,43;;2,57;DEBW_52210004bgQ
UUID_bf8809ff-df1f-4003-9288-a45588f5fbbb;DEBW_52210004bgQ;GROUND;150;0,00;125,78;0,00;0,62;;;DEBW_52210004bgQ
UUID_d2db3665-8565-41ed-be0c-5c5386d24f2a;DEBW_52210004bgQ;WALL;199;0,18;2,02;0,44;0,83;;2,57;DEBW_52210004bgQ
UUID_45e5a337-3853-4ce6-9c6d-54ea40a59c4d;DEBW_52210004bgQ;WALL;199;0,18;1,67;0,37;0,83;;2,57;DEBW_52210004bgQ
UUID_2c97419a-a08d-4d21-a793-dfdf0a2b8137;DEBW_52210004bgQ;WALL;199;0,18;1,44;0,32;0,83;;2,57;DEBW_52210004bgQ
UUID_099245d0-01a7-46e8-b2e3-8d63bcb998e9;DEBW_52210004bgQ;WALL;199;0,18;2,82;0,62;0,83;;2,57;DEBW_52210004bgQ
UUID_297996f8-556a-44b6-a77d-8eee345df018;DEBW_52210006NMW;WALL;199;0,18;72,36;15,88;0,83;;2,57;DEBW_52210006NMW
UUID_2d73dfad-c78d-413b-a681-c18b50d26367;DEBW_52210006NMW;WALL;199;0,18;27,38;6,01;0,83;;2,57;DEBW_52210006NMW
UUID_298d8df5-b891-4955-978c-b43dbd5e0c11;DEBW_52210006NMW;WALL;199;0,18;12,75;2,80;0,83;;2,57;DEBW_52210006NMW
UUID_cb08116c-749b-48d9-8ec9-15793e91d4bb;DEBW_52210006NMW;WALL;199;0,18;35,72;7,84;0,83;;2,57;DEBW_52210006NMW
UUID_1120a457-69b4-4851-ba8a-09c5cd4c7d26;DEBW_52210006NMW;WALL;199;0,18;41,05;9,01;0,83;;2,57;DEBW_52210006NMW
UUID_2fda3499-53b6-4f4f-acd5-e9d344df610a;DEBW_52210006NMW;WALL;199;0,18;36,97;8,11;0,83;;2,57;DEBW_52210006NMW
UUID_ec456dc5-72a1-4863-a003-9deff835b9b5;DEBW_52210006NMW;WALL;199;0,18;4,48;0,98;0,83;;2,57;DEBW_52210006NMW
UUID_891f5308-d814-4816-b4ae-18ebc5d49fcd;DEBW_52210006NMW;WALL;199;0,18;68,02;14,93;0,83;;2,57;DEBW_52210006NMW
UUID_66fb8573-0945-4840-8377-d6c6e9eb2a65;DEBW_52210006NMW;ROOF;226;0,10;70,19;7,80;0,43;;2,57;DEBW_52210006NMW
UUID_60b4afa3-5912-4c77-aee7-bdb02e664af1;DEBW_52210006NMW;WALL;199;0,18;9,96;2,19;0,83;;2,57;DEBW_52210006NMW
UUID_adb2f166-c610-4e85-b798-dbd19abed912;DEBW_52210006NMW;GROUND;150;0,00;100,42;0,00;0,62;;;DEBW_52210006NMW
UUID_ae5672c3-310f-4572-ab85-831dba7061e4;DEBW_52210006NMW;ROOF;226;0,10;57,37;6,37;0,43;;2,57;DEBW_52210006NMW
UUID_1c049507-eb06-4291-83f3-363fdf7f8d31;DEBW_52210006NMW;WALL;199;0,18;8,18;1,80;0,83;;2,57;DEBW_52210006NMW
UUID_60c46864-5aba-4de2-ae6e-dc0655f83724;DEBW_52210004HkA;WALL;199;0,27;0,00;0,00;0,83;;2,57;DEBW_52210004HkA
UUID_91a05c0d-35c9-4ba4-a4bc-9f014304cadb;DEBW_52210004HkA;WALL;199;0,27;6,69;2,48;0,83;;2,57;DEBW_52210004HkA
UUID_abf28f6f-43bf-491f-8e4f-53386de45f17;DEBW_52210004HkA;WALL;199;0,27;0,00;0,00;0,83;;2,57;DEBW_52210004HkA
UUID_8b531ed8-5d45-40d4-b692-08d8308e42b5;DEBW_52210004HkA;WALL;199;0,27;2,69;1,00;0,83;;2,57;DEBW_52210004HkA
UUID_eb6326b3-c86f-46d0-9f9a-22dfb356b191;DEBW_52210004HkA;WALL;199;0,27;0,11;0,04;0,83;;2,57;DEBW_52210004HkA
UUID_6a821ece-a3b9-42de-9077-dd3e31ca97c7;DEBW_52210004HkA;ROOF;100;0,00;20,27;0,00;0,40;;2,57;DEBW_52210004HkA
UUID_2ddaa635-33ed-404b-a9ee-48d98080f915;DEBW_52210004HkA;WALL;199;0,27;0,89;0,33;0,83;;2,57;DEBW_52210004HkA
UUID_049115e2-fd94-49e0-9ea9-9913f9a7d0aa;DEBW_52210004HkA;GROUND;150;0,00;20,27;0,00;0,62;;;DEBW_52210004HkA
UUID_baa0c2bb-92e0-4cee-a922-4684f1d97411;DEBW_52210005KWM;WALL;112;0,18;1,90;0,42;0,87;;2,57;DEBW_52210005KWM
UUID_607e1232-b717-4786-b9d8-f3a695795bb4;DEBW_52210005KWM;WALL;112;0,18;11,46;2,52;0,87;;2,57;DEBW_52210005KWM
UUID_8d776a95-c195-4052-9d30-2aaf73043960;DEBW_52210005KWM;ROOF;226;0,10;92,57;10,29;0,43;;2,57;DEBW_52210005KWM
UUID_31c08870-119d-4ad9-88ad-70ff3555652a;DEBW_52210005KWM;WALL;112;0,18;72,80;15,98;0,87;;2,57;DEBW_52210005KWM
UUID_88c954f8-3a0d-4303-86c2-f56452b4e44c;DEBW_52210005KWM;WALL;112;0,18;30,90;6,78;0,87;;2,57;DEBW_52210005KWM
UUID_44122c80-2a8f-434c-b6f1-f1cd32c7e6cb;DEBW_52210005KWM;GROUND;150;0,00;79,81;0,00;0,62;;;DEBW_52210005KWM
UUID_814efc88-7592-4216-8707-148d7bec34fb;DEBW_52210005KWM;WALL;112;0,18;2,90;0,64;0,87;;2,57;DEBW_52210005KWM
UUID_435d7943-1df7-4702-b38d-71a139a67b34;DEBW_52210005KWM;WALL;112;0,18;49,70;10,91;0,87;;2,57;DEBW_52210005KWM
UUID_467dfb25-28e6-4d71-bfc8-e8243a2cc622;DEBW_52210005KWM;WALL;112;0,18;25,75;5,65;0,87;;2,57;DEBW_52210005KWM
UUID_e8f5e05b-c3dc-4241-855a-0c5e1a0ea1dd;DEBW_52210005KWM;WALL;112;0,18;17,84;3,92;0,87;;2,57;DEBW_52210005KWM
UUID_675bb817-da03-4cb1-8902-4b21dc14b50f;DEBW_52210004bsr;WALL;199;0,18;18,84;4,14;0,83;;2,57;DEBW_52210004bsr
UUID_c3b94160-b93d-49ea-a688-295f4ca1683b;DEBW_52210004bsr;WALL;199;0,18;1,67;0,37;0,83;;2,57;DEBW_52210004bsr
UUID_d2402555-d41a-4562-8f27-486de7160aaf;DEBW_52210004bsr;GROUND;150;0,00;19,80;0,00;0,62;;;DEBW_52210004bsr
UUID_e22a461d-0c54-4943-9a08-6e6f2f5a684c;DEBW_52210004bsr;WALL;199;0,18;33,59;7,37;0,83;;2,57;DEBW_52210004bsr
UUID_81322156-f924-429c-a66e-e891d0662389;DEBW_52210004bsr;ROOF;226;0,10;23,77;2,64;0,43;;2,57;DEBW_52210004bsr
UUID_573b4efb-aa49-4b4e-a3ea-b7683d5be250;DEBW_52210004bsr;WALL;199;0,18;40,74;8,94;0,83;;2,57;DEBW_52210004bsr
UUID_edf5fae9-b834-4dca-988a-1b5dd222cc3a;DEBW_52210005fRL;WALL;199;0,14;22,90;3,73;0,83;;2,57;DEBW_52210005fRL
UUID_8faac233-0ae1-4f41-bffd-b504218e2bdb;DEBW_52210005fRL;WALL;199;0,14;8,38;1,36;0,83;;2,57;DEBW_52210005fRL
UUID_a8c9c166-c834-4c88-ab45-1de0eac7fd94;DEBW_52210005fRL;WALL;199;0,14;1,74;0,28;0,83;;2,57;DEBW_52210005fRL
UUID_89da6068-c79c-43c5-b5cc-374eae221dae;DEBW_52210005fRL;WALL;199;0,14;26,79;4,36;0,83;;2,57;DEBW_52210005fRL
UUID_4b525f3b-1fbc-4627-babd-c7498360c6f3;DEBW_52210005fRL;WALL;199;0,14;29,71;4,84;0,83;;2,57;DEBW_52210005fRL
UUID_4a7796bd-2f00-4c35-b662-a4f7ff538ccf;DEBW_52210005fRL;ROOF;226;0,10;64,00;7,11;0,43;;2,57;DEBW_52210005fRL
UUID_86df8dfa-e7ef-4df9-9462-2c5c1433b1ef;DEBW_52210005fRL;WALL;199;0,14;1,17;0,19;0,83;;2,57;DEBW_52210005fRL
UUID_929c3505-3f7f-4708-8079-765100649fef;DEBW_52210005fRL;ROOF;226;0,10;59,88;6,65;0,43;;2,57;DEBW_52210005fRL
UUID_88c0ad87-4b17-4baf-b9b2-3d8a767ca264;DEBW_52210005fRL;WALL;199;0,14;0,99;0,16;0,83;;2,57;DEBW_52210005fRL
UUID_040c0234-ccf5-45be-844e-b9404d099ed7;DEBW_52210005fRL;WALL;199;0,14;0,33;0,05;0,83;;2,57;DEBW_52210005fRL
UUID_f8cbe131-a08a-4f36-979f-8e9ab045060d;DEBW_52210005fRL;WALL;199;0,14;0,87;0,14;0,83;;2,57;DEBW_52210005fRL
UUID_62d899df-92a4-4971-ae5b-bca195eb2be8;DEBW_52210005fRL;WALL;199;0,14;5,16;0,84;0,83;;2,57;DEBW_52210005fRL
UUID_465d5c55-323a-46d2-b6c9-02cc01e268ca;DEBW_52210005fRL;WALL;199;0,14;1,97;0,32;0,83;;2,57;DEBW_52210005fRL
UUID_fb003f2c-76d8-48dd-af95-ba4ba78bcc67;DEBW_52210005fRL;WALL;199;0,14;0,83;0,14;0,83;;2,57;DEBW_52210005fRL
UUID_99152fdf-ba6a-42ea-a85b-5e9e4f57d843;DEBW_52210005fRL;WALL;199;0,14;55,28;9,00;0,83;;2,57;DEBW_52210005fRL
UUID_40bb5206-cb3e-4479-abfe-c4bbda4016da;DEBW_52210005fRL;WALL;199;0,14;1,69;0,28;0,83;;2,57;DEBW_52210005fRL
UUID_af6d2b7a-5d86-487b-ada3-1583515ec072;DEBW_52210005fRL;WALL;199;0,14;1,27;0,21;0,83;;2,57;DEBW_52210005fRL
UUID_cd531dd0-dfe3-4340-a89c-9302dc918612;DEBW_52210005fRL;WALL;199;0,14;15,58;2,54;0,83;;2,57;DEBW_52210005fRL
UUID_da3fd931-4395-4c44-8a75-e587b3a86f63;DEBW_52210005fRL;WALL;199;0,14;4,35;0,71;0,83;;2,57;DEBW_52210005fRL
UUID_34ca806a-04df-4938-96c1-f7ae592ce686;DEBW_52210005fRL;WALL;199;0,14;30,04;4,89;0,83;;2,57;DEBW_52210005fRL
UUID_b7e9fc69-1b4c-41fb-91c9-f8571d67428e;DEBW_52210005fRL;GROUND;150;0,00;89,10;0,00;0,62;;;DEBW_52210005fRL
UUID_54583dbc-9d1b-4573-ba97-8c3dc42aec73;DEBW_52210005dir;ROOF;226;0,10;1,78;0,20;0,43;;2,57;DEBW_52210005dir
UUID_6273899f-b02f-4eb1-80f9-75d1a98d8e4a;DEBW_52210005dir;WALL;199;0,18;2,41;0,53;0,83;;2,57;DEBW_52210005dir
UUID_fb9bcd62-281f-4082-bc35-db09c1b72b49;DEBW_52210005dir;WALL;199;0,18;2,52;0,55;0,83;;2,57;DEBW_52210005dir
UUID_b48f4dce-a42e-48ab-8a9b-7721fb9c811a;DEBW_52210005dir;WALL;199;0,18;3,38;0,74;0,83;;2,57;DEBW_52210005dir
UUID_450ddf3f-357a-49c8-8062-0fca4f7d71d5;DEBW_52210005dir;WALL;199;0,18;0,30;0,07;0,83;;2,57;DEBW_52210005dir
UUID_aab68974-1155-465d-8e09-cd64c78cf204;DEBW_52210005dir;WALL;199;0,18;18,81;4,13;0,83;;2,57;DEBW_52210005dir
UUID_5eb2a86f-708e-4ffd-96e5-fb9a123fa2df;DEBW_52210005dir;WALL;199;0,18;4,62;1,01;0,83;;2,57;DEBW_52210005dir
UUID_2e72b7ea-455a-46cf-a67f-cb903cdb85f2;DEBW_52210005dir;ROOF;226;0,10;3,24;0,36;0,43;;2,57;DEBW_52210005dir
UUID_ef340cd6-f084-4787-b3a4-88b777dba30c;DEBW_52210005dir;WALL;199;0,18;0,95;0,21;0,83;;2,57;DEBW_52210005dir
UUID_9a0a6e3a-b766-4da5-80a5-83538d77c53f;DEBW_52210005dir;WALL;199;0,18;0,20;0,04;0,83;;2,57;DEBW_52210005dir
UUID_88407db9-3906-404a-a801-41b17697d5c0;DEBW_52210005dir;GROUND;150;0,00;3,83;0,00;0,62;;;DEBW_52210005dir
UUID_0a1950a7-8cc3-40ba-b724-888770b744d5;DEBW_52210006NQX;ROOF;226;0,10;14,39;1,60;0,43;;2,57;DEBW_52210006NQX
UUID_507d9992-8af8-4477-bd22-337e8557eec6;DEBW_52210006NQX;WALL;199;0,27;8,94;3,31;0,83;;2,57;DEBW_52210006NQX
UUID_ce795677-9441-49cc-95a2-d013e0542d8a;DEBW_52210006NQX;WALL;199;0,27;16,04;5,93;0,83;;2,57;DEBW_52210006NQX
UUID_325196f9-2429-4d4c-bb8a-b052508e3369;DEBW_52210006NQX;GROUND;150;0,00;10,84;0,00;0,62;;;DEBW_52210006NQX
UUID_17f1e21f-68e9-46d4-bd68-a697280d9886;DEBW_52210006NQX;WALL;199;0,27;0,00;0,00;0,83;;2,57;DEBW_52210006NQX
UUID_568b90b5-109d-48fd-80ab-b0652330add0;DEBW_52210006NQX;WALL;199;0,27;0,00;0,00;0,83;;2,57;DEBW_52210006NQX
UUID_505d411a-b79c-4a96-8749-18f4bc357894;DEBW_52210004cEz;WALL;199;0,14;7,47;1,22;0,83;;2,57;DEBW_52210004cEz
UUID_cc40f95c-8640-4c68-9f6e-1f814a69c04e;DEBW_52210004cEz;WALL;199;0,14;13,04;2,12;0,83;;2,57;DEBW_52210004cEz
UUID_984f7516-f50a-4855-89fb-9af0dce28298;DEBW_52210004cEz;GROUND;150;0,00;26,39;0,00;0,62;;;DEBW_52210004cEz
UUID_65d405d5-96e1-4db3-85da-a45ffaeb2343;DEBW_52210004cEz;ROOF;226;0,10;23,75;2,64;0,43;;2,57;DEBW_52210004cEz
UUID_fa4b1c8a-0525-4f63-a2cd-8789b98f2915;DEBW_52210004cEz;WALL;199;0,14;10,48;1,71;0,83;;2,57;DEBW_52210004cEz
UUID_a69eab88-5fc9-4285-8b87-05d81d306070;DEBW_52210004cEz;WALL;199;0,14;14,96;2,43;0,83;;2,57;DEBW_52210004cEz
UUID_1646ee9f-a69f-41d1-9443-38814ea71a08;DEBW_52210005Kf7;WALL;199;0,18;51,44;11,29;0,83;;2,57;DEBW_52210005Kf7
UUID_146ad0ff-05a8-4990-8577-6d8790e3b4d2;DEBW_52210005Kf7;ROOF;226;0,10;33,38;3,71;0,43;;2,57;DEBW_52210005Kf7
UUID_884d83d4-6af2-4d8a-822b-f39a74850c9b;DEBW_52210005Kf7;WALL;199;0,18;12,13;2,66;0,83;;2,57;DEBW_52210005Kf7
UUID_eaf3d816-140a-4e16-ac57-ccff4b25eaa5;DEBW_52210005Kf7;GROUND;150;0,00;74,02;0,00;0,62;;;DEBW_52210005Kf7
UUID_5e2baa28-8174-4c67-a481-6a0f50799217;DEBW_52210005Kf7;WALL;199;0,18;37,92;8,32;0,83;;2,57;DEBW_52210005Kf7
UUID_1d2646f5-7e80-4e1e-a063-359d8700a2c8;DEBW_52210005Kf7;WALL;199;0,18;15,09;3,31;0,83;;2,57;DEBW_52210005Kf7
UUID_83402a36-0a42-4dd0-bb61-85cb9abf735b;DEBW_52210005Kf7;ROOF;226;0,10;41,67;4,63;0,43;;2,57;DEBW_52210005Kf7
UUID_3baffb65-99b5-4d2b-bcfa-9ea67c6f438b;DEBW_52210005Kf7;WALL;199;0,18;20,70;4,54;0,83;;2,57;DEBW_52210005Kf7
UUID_bbaf330a-dc76-45bc-b230-4dfa68393337;DEBW_52210005Kf7;WALL;199;0,18;38,00;8,34;0,83;;2,57;DEBW_52210005Kf7
UUID_6397fb53-83f8-4674-bc59-9679fec58399;DEBW_52210005Kf7;WALL;199;0,18;51,34;11,27;0,83;;2,57;DEBW_52210005Kf7
UUID_68b8f3f8-2326-4e43-98a7-0ab38181e6c0;DEBW_52210005Kf7;WALL;199;0,18;12,12;2,66;0,83;;2,57;DEBW_52210005Kf7
UUID_91617185-7500-4631-bd1f-0aab2f58a3a7;DEBW_52210005Kf7;WALL;199;0,18;52,12;11,44;0,83;;2,57;DEBW_52210005Kf7
UUID_aaf79f32-337c-482d-95ef-4151ce23bce1;DEBW_52210005Kf7;WALL;199;0,18;20,80;4,57;0,83;;2,57;DEBW_52210005Kf7
UUID_7ac7a069-91e0-4386-9b58-3ab554222d50;DEBW_52210005dkk;GROUND;150;0,00;25,97;0,00;0,62;;;DEBW_52210005dkk
UUID_394ddef2-7d87-42e6-bba8-2dd94f5ea1f6;DEBW_52210005dkk;WALL;199;0,14;12,03;1,96;0,83;;2,57;DEBW_52210005dkk
UUID_d9ae551a-671f-45e7-87da-b418808a460f;DEBW_52210005dkk;WALL;199;0,14;17,96;2,92;0,83;;2,57;DEBW_52210005dkk
UUID_bd85d519-1515-4c96-84cf-49fb33250867;DEBW_52210005dkk;WALL;199;0,14;2,76;0,45;0,83;;2,57;DEBW_52210005dkk
UUID_30567806-3940-4930-a4d9-305c6763ee72;DEBW_52210005dkk;WALL;199;0,14;4,33;0,71;0,83;;2,57;DEBW_52210005dkk
UUID_22488eb7-8668-46bc-a875-ffbab75fdc0d;DEBW_52210005dkk;WALL;199;0,14;0,43;0,07;0,83;;2,57;DEBW_52210005dkk
UUID_b1c535f4-3092-4cc5-8e2a-3916d0f689af;DEBW_52210005dkk;WALL;199;0,14;10,79;1,76;0,83;;2,57;DEBW_52210005dkk
UUID_c97c230d-64ec-4193-a810-8c06b6857479;DEBW_52210005dkk;WALL;199;0,14;14,85;2,42;0,83;;2,57;DEBW_52210005dkk
UUID_c6831d9b-32a9-481f-837c-83fbb940ef58;DEBW_52210005dkk;WALL;199;0,14;2,48;0,40;0,83;;2,57;DEBW_52210005dkk
UUID_2d8a53b4-84b4-4928-8615-71dd17b032be;DEBW_52210005dkk;ROOF;94;0,00;25,97;0,00;0,43;;2,57;DEBW_52210005dkk
UUID_9a2b9e6d-146b-47d9-b243-5f6a24b9da75;DEBW_52210004HiD;WALL;199;0,18;19,82;4,35;0,83;;2,57;DEBW_52210004HiD
UUID_87484ea3-7b85-493f-a080-c4a5c27cb28e;DEBW_52210004HiD;WALL;199;0,18;23,39;5,14;0,83;;2,57;DEBW_52210004HiD
UUID_7d78fcff-8d3a-4a96-9cd5-d5509cdf9905;DEBW_52210004HiD;WALL;199;0,18;93,57;20,54;0,83;;2,57;DEBW_52210004HiD
UUID_f0b2c639-7f65-4ea3-8891-d3568f931fe2;DEBW_52210004HiD;WALL;199;0,18;40,32;8,85;0,83;;2,57;DEBW_52210004HiD
UUID_ed309e29-b225-435e-bda6-2480cbc7fff3;DEBW_52210004HiD;WALL;199;0,18;59,72;13,11;0,83;;2,57;DEBW_52210004HiD
UUID_5f4032e0-9caa-4aa8-ab41-ec37d354d24f;DEBW_52210004HiD;WALL;199;0,18;7,38;1,62;0,83;;2,57;DEBW_52210004HiD
UUID_88524f70-d2af-418e-9889-661e5ba0967a;DEBW_52210004HiD;WALL;199;0,18;10,77;2,36;0,83;;2,57;DEBW_52210004HiD
UUID_7f640ff9-d0b2-4c4b-9548-31cd18aea8de;DEBW_52210004HiD;WALL;199;0,18;40,49;8,89;0,83;;2,57;DEBW_52210004HiD
UUID_9b857fd1-40fe-4923-a7c2-a360bdbd5573;DEBW_52210004HiD;WALL;199;0,18;8,77;1,93;0,83;;2,57;DEBW_52210004HiD
UUID_cb8666da-d1d1-4289-b7fe-786103d0e6fa;DEBW_52210004HiD;WALL;199;0,18;7,31;1,60;0,83;;2,57;DEBW_52210004HiD
UUID_2d9f245c-ff8b-482c-894b-0a209dc9b527;DEBW_52210004HiD;WALL;199;0,18;8,73;1,92;0,83;;2,57;DEBW_52210004HiD
UUID_720d2259-f603-4fab-be68-574e29254d0f;DEBW_52210004HiD;WALL;199;0,18;25,41;5,58;0,83;;2,57;DEBW_52210004HiD
UUID_f5a6017a-a849-46a5-bba8-35b492fae19e;DEBW_52210004HiD;ROOF;226;0,10;70,46;7,83;0,43;;2,57;DEBW_52210004HiD
UUID_ae148e73-703a-4ac7-b31e-2687aa8bb3d7;DEBW_52210004HiD;GROUND;150;0,00;120,75;0,00;0,62;;;DEBW_52210004HiD
UUID_08306725-1f71-442f-aff3-a3e1feb31570;DEBW_52210004HiD;ROOF;226;0,10;76,00;8,44;0,43;;2,57;DEBW_52210004HiD
UUID_cd6392f4-18da-4891-bdb2-14da52740b6a;DEBW_52210004Hp5;GROUND;150;0,00;39,85;0,00;0,62;;;DEBW_52210004Hp5
UUID_79e1e353-a06e-4d81-926b-c606e1db32dc;DEBW_52210004Hp5;WALL;199;0,14;16,57;2,70;0,83;;2,57;DEBW_52210004Hp5
UUID_6a1ecb6d-413f-4e5e-b09f-597ad47e9c16;DEBW_52210004Hp5;ROOF;226;0,10;36,20;4,02;0,43;;2,57;DEBW_52210004Hp5
UUID_c2fff49c-7268-4a0b-a5ca-4391be89f6fe;DEBW_52210004Hp5;WALL;199;0,14;14,67;2,39;0,83;;2,57;DEBW_52210004Hp5
UUID_609844bc-075e-40ff-9b9d-5958177cdc47;DEBW_52210004Hp5;WALL;199;0,14;14,68;2,39;0,83;;2,57;DEBW_52210004Hp5
UUID_e4121a55-c63e-4f74-8853-ec9443991cad;DEBW_52210004Hp5;WALL;199;0,14;11,77;1,92;0,83;;2,57;DEBW_52210004Hp5
UUID_f3f21fc9-5aba-4ba7-ac9d-699c178e2461;DEBW_52210006NNo;WALL;199;0,27;5,59;2,07;0,83;;2,57;DEBW_52210006NNo
UUID_d13077f9-21e8-460b-bb5f-af0cb3569673;DEBW_52210006NNo;WALL;199;0,27;0,63;0,23;0,83;;2,57;DEBW_52210006NNo
UUID_d56fad19-132d-4f8f-846b-a5bd53cf7fa1;DEBW_52210006NNo;WALL;199;0,27;0,53;0,20;0,83;;2,57;DEBW_52210006NNo
UUID_71214f02-18b6-43ca-b12b-e09f6d5fa2d3;DEBW_52210006NNo;WALL;199;0,27;5,58;2,06;0,83;;2,57;DEBW_52210006NNo
UUID_7eb5158c-2f9b-4496-a8f8-c1b78580b726;DEBW_52210006NNo;WALL;199;0,27;13,22;4,89;0,83;;2,57;DEBW_52210006NNo
UUID_63b71e07-f012-4794-a616-edc20fadcbc0;DEBW_52210006NNo;WALL;199;0,27;0,49;0,18;0,83;;2,57;DEBW_52210006NNo
UUID_5b17d3f0-dde5-4e1b-a69a-a433c9af9a72;DEBW_52210006NNo;WALL;199;0,27;0,39;0,15;0,83;;2,57;DEBW_52210006NNo
UUID_df10c678-39fd-424e-8371-1b204e879805;DEBW_52210006NNo;WALL;199;0,27;0,53;0,20;0,83;;2,57;DEBW_52210006NNo
UUID_3e3eac01-41b7-40e8-ba3b-3214c70aee61;DEBW_52210006NNo;WALL;199;0,27;0,62;0,23;0,83;;2,57;DEBW_52210006NNo
UUID_b43a0194-b3a4-4c26-8e13-a1247f766800;DEBW_52210006NNo;GROUND;150;0,00;21,49;0,00;0,62;;;DEBW_52210006NNo
UUID_a0d6ae40-61d0-4479-848b-2d91c574d57a;DEBW_52210006NNo;WALL;199;0,27;5,70;2,11;0,83;;2,57;DEBW_52210006NNo
UUID_c8a84325-fbd7-43aa-85ff-45ed0327e2ec;DEBW_52210006NNo;WALL;199;0,27;0,49;0,18;0,83;;2,57;DEBW_52210006NNo
UUID_8083e831-fb8d-429b-8477-4f6f6e3e76c2;DEBW_52210006NNo;ROOF;100;0,00;21,49;0,00;0,40;;2,57;DEBW_52210006NNo
UUID_77002105-48f5-433a-8145-ce3f66a8ab3f;DEBW_52210006NNo;WALL;199;0,27;0,56;0,21;0,83;;2,57;DEBW_52210006NNo
UUID_a2f39e5b-feb1-4b73-92b6-7d75b1714a40;DEBW_52210005Kn6;WALL;199;0,27;4,97;1,84;0,83;;2,57;DEBW_52210005Kn6
UUID_83382f63-8d68-488f-a25b-4522c1a1fac2;DEBW_52210005Kn6;GROUND;150;0,00;9,06;0,00;0,62;;;DEBW_52210005Kn6
UUID_9bc168c0-0cac-4755-ad92-59f38c2a9938;DEBW_52210005Kn6;WALL;199;0,27;10,80;3,99;0,83;;2,57;DEBW_52210005Kn6
UUID_d0b7159d-4916-4ddb-ac86-3849c418005a;DEBW_52210005Kn6;ROOF;226;0,10;8,46;0,94;0,43;;2,57;DEBW_52210005Kn6
UUID_e8a73539-1ad7-4cdf-b74e-74ec67f40f50;DEBW_52210005Kn6;WALL;199;0,27;0,52;0,19;0,83;;2,57;DEBW_52210005Kn6
UUID_97f56b8d-d3c4-4b4c-880b-6ee0c7aa4608;DEBW_52210005Kn6;WALL;199;0,27;5,03;1,86;0,83;;2,57;DEBW_52210005Kn6
UUID_8badcff2-a29c-4310-9121-d658f2796a27;DEBW_52210004cSr;WALL;199;0,27;7,68;2,84;0,83;;2,57;DEBW_52210004cSr
UUID_da76f0bd-74a7-4f4f-adb9-57abf59e4d6a;DEBW_52210004cSr;WALL;199;0,27;0,44;0,16;0,83;;2,57;DEBW_52210004cSr
UUID_3c275dc8-3e93-445e-93e1-03b56a59ce0b;DEBW_52210004cSr;ROOF;226;0,10;14,81;1,65;0,43;;2,57;DEBW_52210004cSr
UUID_070cda86-1acc-43a1-94af-99f25d6a1f01;DEBW_52210004cSr;WALL;199;0,27;4,11;1,52;0,83;;2,57;DEBW_52210004cSr
UUID_e71d8b0e-722a-4e57-aa5e-1b70e1a88eae;DEBW_52210004cSr;WALL;199;0,27;4,16;1,54;0,83;;2,57;DEBW_52210004cSr
UUID_425d495f-7ad7-42cd-8de7-c67ba3c6ade5;DEBW_52210004cSr;GROUND;150;0,00;16,46;0,00;0,62;;;DEBW_52210004cSr
UUID_40a9cdee-fb57-4ea7-bdb5-bdf0a72dd2de;DEBW_52210005dmE;ROOF;226;0,10;7,31;0,81;0,43;;2,57;DEBW_52210005dmE
UUID_d25fa155-ee92-4c00-8b5b-aa00438e9088;DEBW_52210005dmE;WALL;199;0,27;0,51;0,19;0,83;;2,57;DEBW_52210005dmE
UUID_f01ee566-f7af-4671-a0c9-da1a64639b76;DEBW_52210005dmE;WALL;199;0,27;6,42;2,37;0,83;;2,57;DEBW_52210005dmE
UUID_eb319dc4-1f93-410d-ba9b-2aaa86362d6b;DEBW_52210005dmE;WALL;199;0,27;4,53;1,68;0,83;;2,57;DEBW_52210005dmE
UUID_6e05c43b-3c3c-4fe6-8209-859c8276fe85;DEBW_52210005dmE;WALL;199;0,27;18,97;7,02;0,83;;2,57;DEBW_52210005dmE
UUID_57ab8159-f1e4-4560-ae5a-5933c642030f;DEBW_52210005dmE;WALL;199;0,27;0,78;0,29;0,83;;2,57;DEBW_52210005dmE
UUID_fb8b8673-d9f6-4029-839a-ca0c6453a0a2;DEBW_52210005dmE;WALL;199;0,27;6,10;2,26;0,83;;2,57;DEBW_52210005dmE
UUID_930b5e06-943e-44a5-9b73-08a68352ae59;DEBW_52210005dmE;WALL;199;0,27;0,12;0,04;0,83;;2,57;DEBW_52210005dmE
UUID_a34ed91c-0bb0-4f97-82fc-7e79313b42e1;DEBW_52210005dmE;WALL;199;0,27;0,08;0,03;0,83;;2,57;DEBW_52210005dmE
UUID_b6850451-6fe0-4518-b3a5-b5a6fe0b95c9;DEBW_52210005dmE;GROUND;150;0,00;21,18;0,00;0,62;;;DEBW_52210005dmE
UUID_20706608-e99f-468e-8688-f1053f24190e;DEBW_52210005dmE;WALL;199;0,27;12,92;4,78;0,83;;2,57;DEBW_52210005dmE
UUID_7e6022d4-e27e-4927-b880-2115e2be866c;DEBW_52210005dmE;ROOF;226;0,10;14,42;1,60;0,43;;2,57;DEBW_52210005dmE
UUID_66f4803f-39dc-4e31-8884-6406a4c21a45;DEBW_52210004HpC;ROOF;226;0,10;56,57;6,29;0,43;;2,57;DEBW_52210004HpC
UUID_8177788c-4e3d-47de-b3d5-04f73318e19c;DEBW_52210004HpC;WALL;199;0,18;5,68;1,25;0,83;;2,57;DEBW_52210004HpC
UUID_ac2a7c63-74c8-41ee-81ed-9d2dca54b266;DEBW_52210004HpC;WALL;199;0,18;73,09;16,04;0,83;;2,57;DEBW_52210004HpC
UUID_bc6a9fed-e013-4efb-8756-cd23e6973638;DEBW_52210004HpC;WALL;199;0,18;39,44;8,66;0,83;;2,57;DEBW_52210004HpC
UUID_0cdd315b-1670-4ad8-92b9-32138b579c84;DEBW_52210004HpC;ROOF;226;0,10;56,02;6,22;0,43;;2,57;DEBW_52210004HpC
UUID_ac726636-4445-41dd-b4b8-94279797258d;DEBW_52210004HpC;WALL;199;0,18;38,06;8,36;0,83;;2,57;DEBW_52210004HpC
UUID_62aecceb-927c-4d3c-bf50-a97b5665999a;DEBW_52210004HpC;WALL;199;0,18;38,62;8,48;0,83;;2,57;DEBW_52210004HpC
UUID_efb044b4-8e68-42ab-96cb-1eb70b043b40;DEBW_52210004HpC;WALL;199;0,18;26,38;5,79;0,83;;2,57;DEBW_52210004HpC
UUID_1af0b58a-cd9f-472f-a80f-bee16d406b8b;DEBW_52210004HpC;GROUND;150;0,00;95,93;0,00;0,62;;;DEBW_52210004HpC
UUID_c7a21df0-f6f4-4210-9322-14f3e24b9a08;DEBW_52210004HpC;WALL;199;0,18;73,06;16,04;0,83;;2,57;DEBW_52210004HpC
UUID_dd39a518-f98c-47ba-a974-12e2fe82487c;DEBW_52210005IxF;ROOF;226;0,10;4,32;0,48;0,43;;2,57;DEBW_52210005IxF
UUID_7d8107e7-43c1-4cbe-9aaa-af41199a75ea;DEBW_52210005IxF;WALL;199;0,14;0,00;0,00;0,83;;2,57;DEBW_52210005IxF
UUID_3537c351-ecf6-4924-98d7-6bbcab420df8;DEBW_52210005IxF;WALL;199;0,14;2,67;0,43;0,83;;2,57;DEBW_52210005IxF
UUID_80ddc0c8-b135-4659-8aa2-1adfba5c2f3c;DEBW_52210005IxF;WALL;199;0,14;6,24;1,02;0,83;;2,57;DEBW_52210005IxF
UUID_002b8860-a299-4fa9-9ffe-d82980c84c16;DEBW_52210005IxF;GROUND;150;0,00;4,80;0,00;0,62;;;DEBW_52210005IxF
UUID_f91a69de-b50c-4ea0-8334-a6459554ce46;DEBW_52210005IxF;WALL;199;0,14;6,51;1,06;0,83;;2,57;DEBW_52210005IxF
UUID_0d0d45db-9b5f-4b49-aadc-127aa90992dd;DEBW_52210005KyO;WALL;199;0,18;43,68;9,59;0,83;;2,57;DEBW_52210005KyO
UUID_5aeef680-d09f-435c-b0cc-5d340c882763;DEBW_52210005KyO;WALL;199;0,18;90,71;19,91;0,83;;2,57;DEBW_52210005KyO
UUID_1cf8bc37-c729-4dd3-9142-e859f18b9229;DEBW_52210005KyO;WALL;199;0,18;27,64;6,07;0,83;;2,57;DEBW_52210005KyO
UUID_9d3ab1ec-63a1-426c-bce0-507f6e5a9693;DEBW_52210005KyO;ROOF;226;0,10;79,66;8,85;0,43;;2,57;DEBW_52210005KyO
UUID_5777e0ab-ce06-4e7a-ac16-09447a80c874;DEBW_52210005KyO;GROUND;150;0,00;123,04;0,00;0,62;;;DEBW_52210005KyO
UUID_b938b137-6d8c-4d53-8535-75ff3ac5c2a8;DEBW_52210005KyO;WALL;199;0,18;35,62;7,82;0,83;;2,57;DEBW_52210005KyO
UUID_327b1593-0b1f-49e4-9059-63cb7031ccff;DEBW_52210005KyO;WALL;199;0,18;8,25;1,81;0,83;;2,57;DEBW_52210005KyO
UUID_18424628-0a9b-41c5-adaa-ed874dd97ded;DEBW_52210005KyO;ROOF;226;0,10;77,05;8,56;0,43;;2,57;DEBW_52210005KyO
UUID_6de8d167-7220-424c-a517-ab250eef1a74;DEBW_52210005KyO;WALL;199;0,18;15,43;3,39;0,83;;2,57;DEBW_52210005KyO
UUID_5eab03c3-9d31-4180-a61b-393b686556cb;DEBW_52210005KyO;WALL;199;0,18;13,45;2,95;0,83;;2,57;DEBW_52210005KyO
UUID_1afd3c1f-b982-47a0-81c6-740c813ad233;DEBW_52210005KyO;WALL;199;0,18;43,69;9,59;0,83;;2,57;DEBW_52210005KyO
UUID_5d97d021-524c-4ee5-b888-35289c68cbe2;DEBW_52210005KyO;WALL;199;0,18;0,91;0,20;0,83;;2,57;DEBW_52210005KyO
UUID_b995740f-1e80-4503-8a15-d856e02af436;DEBW_52210005KyO;WALL;199;0,18;45,19;9,92;0,83;;2,57;DEBW_52210005KyO
UUID_d9c5d84a-61ce-40f4-80ad-cef46022c6f5;DEBW_52210005KyO;WALL;199;0,18;40,00;8,78;0,83;;2,57;DEBW_52210005KyO
UUID_d6e4124e-4b25-49f3-bca0-939370e1d307;DEBW_52210004cUm;GROUND;150;0,00;4,45;0,00;0,62;;;DEBW_52210004cUm
UUID_21afde8b-a0e2-4c29-a487-d7da408614cb;DEBW_52210004cUm;WALL;199;0,27;0,00;0,00;0,83;;2,57;DEBW_52210004cUm
UUID_0a42680e-b998-45d6-b9d2-823db1aca86d;DEBW_52210004cUm;WALL;199;0,27;3,81;1,41;0,83;;2,57;DEBW_52210004cUm
UUID_489bb9c0-21db-48c8-805c-7fe2c279ff69;DEBW_52210004cUm;ROOF;226;0,10;4,01;0,45;0,43;;2,57;DEBW_52210004cUm
UUID_0cb24b59-8815-4163-9a72-e3ea28f1098e;DEBW_52210004cUm;WALL;199;0,27;3,82;1,41;0,83;;2,57;DEBW_52210004cUm
UUID_b034ef2b-c70a-4497-bf29-b47a56980e7b;DEBW_52210004cUm;WALL;199;0,27;8,17;3,02;0,83;;2,57;DEBW_52210004cUm
UUID_03b698cb-fa85-402c-935c-6419c29a3e2e;DEBW_52210005dgg;WALL;199;0,18;15,51;3,41;0,83;;2,57;DEBW_52210005dgg
UUID_74ae31a4-981f-4b6e-9ea7-e29525ece407;DEBW_52210005dgg;WALL;199;0,18;3,62;0,80;0,83;;2,57;DEBW_52210005dgg
UUID_b83eb86c-ca69-4d1a-82ee-dd2a5a2da544;DEBW_52210005dgg;WALL;199;0,18;27,91;6,13;0,83;;2,57;DEBW_52210005dgg
UUID_ddba5be2-5177-4c3c-bddb-c2a23acffdc2;DEBW_52210005dgg;GROUND;150;0,00;67,10;0,00;0,62;;;DEBW_52210005dgg
UUID_1befd54e-825a-4a78-8d0d-c769d129a388;DEBW_52210005dgg;WALL;199;0,18;43,93;9,64;0,83;;2,57;DEBW_52210005dgg
UUID_a0126846-370c-4519-8a3a-fb8a9c38f4a9;DEBW_52210005dgg;ROOF;226;0,10;46,89;5,21;0,43;;2,57;DEBW_52210005dgg
UUID_c327dfac-19b2-4d4e-9e3d-a7accf369e71;DEBW_52210005dgg;WALL;199;0,18;28,12;6,17;0,83;;2,57;DEBW_52210005dgg
UUID_47c1ceb1-04d4-4e95-a825-a0fdaa90a8b3;DEBW_52210005dgg;ROOF;226;0,10;46,66;5,18;0,43;;2,57;DEBW_52210005dgg
UUID_acc83507-39a4-4b04-b214-68e46dc6d77a;DEBW_52210005dgg;WALL;199;0,18;5,97;1,31;0,83;;2,57;DEBW_52210005dgg
UUID_00630343-e9da-495a-a152-101a3471e16f;DEBW_52210005dgg;WALL;199;0,18;28,30;6,21;0,83;;2,57;DEBW_52210005dgg
UUID_82313920-b44c-4431-b55a-57418504ed9b;DEBW_52210005fRo;WALL;199;0,18;8,26;1,81;0,83;;2,57;DEBW_52210005fRo
UUID_1b2d124f-8763-448d-af64-a0057e594b98;DEBW_52210005fRo;WALL;199;0,18;37,09;8,14;0,83;;2,57;DEBW_52210005fRo
UUID_e9497159-d721-4aaa-86fd-9dfab65ba818;DEBW_52210005fRo;ROOF;226;0,10;0,90;0,10;0,43;;2,57;DEBW_52210005fRo
UUID_00b6b560-7808-4e4a-a197-16a6991e75c8;DEBW_52210005fRo;WALL;199;0,18;19,32;4,24;0,83;;2,57;DEBW_52210005fRo
UUID_2c73cd6e-0563-4f21-8e2d-07fc27b182b9;DEBW_52210005fRo;WALL;199;0,18;5,03;1,10;0,83;;2,57;DEBW_52210005fRo
UUID_375bce41-a7c2-4d9f-af6f-45d775c49881;DEBW_52210005fRo;WALL;199;0,18;3,08;0,68;0,83;;2,57;DEBW_52210005fRo
UUID_a174987a-c829-44aa-8d85-a195fa8e8e3c;DEBW_52210005fRo;WALL;199;0,18;0,14;0,03;0,83;;2,57;DEBW_52210005fRo
UUID_fb05bac4-bced-4a0b-9280-d67ee40d86ad;DEBW_52210005fRo;WALL;199;0,18;1,00;0,22;0,83;;2,57;DEBW_52210005fRo
UUID_67f58831-3e89-464c-94f5-6d9836a29095;DEBW_52210005fRo;GROUND;150;0,00;116,60;0,00;0,62;;;DEBW_52210005fRo
UUID_d7b7cc22-4b8b-49b8-a4ea-8036e72998bc;DEBW_52210005fRo;WALL;199;0,18;29,59;6,49;0,83;;2,57;DEBW_52210005fRo
UUID_bae68510-10f4-474d-930c-712f6a6e97ed;DEBW_52210005fRo;WALL;199;0,18;3,31;0,73;0,83;;2,57;DEBW_52210005fRo
UUID_7b11c7b7-8fbd-42a2-942d-edb2caaf8b6c;DEBW_52210005fRo;WALL;199;0,18;2,00;0,44;0,83;;2,57;DEBW_52210005fRo
UUID_54b49ef1-8e30-4047-8162-bca96b931b5f;DEBW_52210005fRo;WALL;199;0,18;0,94;0,21;0,83;;2,57;DEBW_52210005fRo
UUID_e1087ce3-310f-4db2-b18c-7faa3a0e492d;DEBW_52210005fRo;WALL;199;0,18;32,92;7,23;0,83;;2,57;DEBW_52210005fRo
UUID_1fd3f9ef-a615-4df7-ad55-7f5821c4f5b6;DEBW_52210005fRo;ROOF;226;0,10;70,62;7,85;0,43;;2,57;DEBW_52210005fRo
UUID_45d0a9cb-5540-4716-9fd2-d87feadcae73;DEBW_52210005fRo;WALL;199;0,18;1,27;0,28;0,83;;2,57;DEBW_52210005fRo
UUID_03963936-ec4e-4253-97ba-2951655aa1ab;DEBW_52210005fRo;ROOF;226;0,10;10,43;1,16;0,43;;2,57;DEBW_52210005fRo
UUID_b46a2a85-8fac-41a9-8814-b7e5bf08b0f4;DEBW_52210005fRo;WALL;199;0,18;1,46;0,32;0,83;;2,57;DEBW_52210005fRo
UUID_4dc3058f-6a3b-4c3f-b0e1-a48a56afa287;DEBW_52210005fRo;WALL;199;0,18;1,07;0,23;0,83;;2,57;DEBW_52210005fRo
UUID_3db1b277-22f8-495c-bc94-9920fc035342;DEBW_52210005fRo;ROOF;226;0,10;62,72;6,97;0,43;;2,57;DEBW_52210005fRo
UUID_208f0a26-4452-4da5-bc51-9f71991c615c;DEBW_52210005fRo;WALL;199;0,18;1,21;0,27;0,83;;2,57;DEBW_52210005fRo
UUID_db6d35fe-8f7c-44f1-9ade-8d1f02603d6b;DEBW_52210005fRo;ROOF;226;0,10;0,49;0,05;0,43;;2,57;DEBW_52210005fRo
UUID_68ccd2c0-8afe-47e0-9d2d-2382f92574bb;DEBW_52210005fRo;WALL;199;0,18;59,61;13,09;0,83;;2,57;DEBW_52210005fRo
UUID_8308fe00-e48f-49fc-8885-509cd29a4aca;DEBW_52210005fRo;ROOF;226;0,10;2,35;0,26;0,43;;2,57;DEBW_52210005fRo
UUID_fb73711a-6675-43c5-abfe-75c7e375fef4;DEBW_52210005fRo;ROOF;226;0,10;0,21;0,02;0,43;;2,57;DEBW_52210005fRo
UUID_57f7b59f-b217-4e83-9661-9401623cad67;DEBW_52210005fRo;WALL;199;0,18;1,40;0,31;0,83;;2,57;DEBW_52210005fRo
UUID_f1bdf214-1f8f-4eb4-807f-6bf687e5790d;DEBW_52210005fRo;WALL;199;0,18;0,02;0,00;0,83;;2,57;DEBW_52210005fRo
UUID_b04a9cf4-f904-4195-86dc-d52e3ba6bc12;DEBW_52210005fRo;WALL;199;0,18;2,70;0,59;0,83;;2,57;DEBW_52210005fRo
UUID_2258c262-e80c-4de8-8bd2-2256b1dde9d8;DEBW_52210005fRo;WALL;199;0,18;1,19;0,26;0,83;;2,57;DEBW_52210005fRo
UUID_70a0bd0c-4abf-431e-b4a4-d3203ca1a647;DEBW_52210005J24;ROOF;226;0,10;93,28;10,36;0,43;;2,57;DEBW_52210005J24
UUID_7ac03953-e401-48cb-92ad-45ff9f099595;DEBW_52210005J24;WALL;199;0,18;12,36;2,71;0,83;;2,57;DEBW_52210005J24
UUID_04154ea1-9e06-48a3-906d-cdea58dc7007;DEBW_52210005J24;WALL;199;0,18;36,38;7,99;0,83;;2,57;DEBW_52210005J24
UUID_91394d66-a99e-4c3b-ad76-82ec32e5fab5;DEBW_52210005J24;WALL;199;0,18;96,94;21,28;0,83;;2,57;DEBW_52210005J24
UUID_bd2be2c9-1f85-47c2-9769-5b173c1fb7c4;DEBW_52210005J24;WALL;199;0,18;109,26;23,98;0,83;;2,57;DEBW_52210005J24
UUID_573b1ca7-55f4-47a8-ba47-9f154eee6e7f;DEBW_52210005J24;GROUND;150;0,00;103,65;0,00;0,62;;;DEBW_52210005J24
UUID_0f329b3f-b182-4496-a4cf-936b3bb98c7a;DEBW_52210005J24;WALL;199;0,18;71,98;15,80;0,83;;2,57;DEBW_52210005J24
UUID_e0125a18-a4a5-4c39-a44b-5158c5b6fa6c;DEBW_52210005J24;WALL;199;0,18;35,97;7,90;0,83;;2,57;DEBW_52210005J24
UUID_c0ce98a0-3125-4a70-ad63-625caa8f2a78;DEBW_52210005J24;WALL;199;0,18;121,45;26,66;0,83;;2,57;DEBW_52210005J24
UUID_24462895-47c5-4b26-9598-568a1a421196;DEBW_52210005L5f;WALL;199;0,27;7,77;2,87;0,83;;2,57;DEBW_52210005L5f
UUID_8467fdb5-316f-4602-86f4-d374ab981434;DEBW_52210005L5f;WALL;199;0,27;0,33;0,12;0,83;;2,57;DEBW_52210005L5f
UUID_1f1aabf8-cc6d-4df8-8954-a6bf13980af5;DEBW_52210005L5f;WALL;199;0,27;3,68;1,36;0,83;;2,57;DEBW_52210005L5f
UUID_48956303-23eb-46c7-b42e-e28868912713;DEBW_52210005L5f;GROUND;150;0,00;3,99;0,00;0,62;;;DEBW_52210005L5f
UUID_80074b7c-befe-4ebf-a6bc-e63da9c32ce9;DEBW_52210005L5f;ROOF;226;0,10;3,99;0,44;0,43;;2,57;DEBW_52210005L5f
UUID_5650d8bd-6574-4766-9a5b-b00cc3928f00;DEBW_52210005L5f;WALL;199;0,27;3,86;1,43;0,83;;2,57;DEBW_52210005L5f
UUID_6d7e51d2-0609-4271-940d-99fe79bcca2f;DEBW_52210004HrR;WALL;199;0,18;48,63;10,67;0,83;;2,57;DEBW_52210004HrR
UUID_fee2f8a4-1882-4301-a2e6-fe2421b264e3;DEBW_52210004HrR;WALL;199;0,18;53,13;11,66;0,83;;2,57;DEBW_52210004HrR
UUID_d785e8e9-170c-446b-905d-56282b38c586;DEBW_52210004HrR;WALL;199;0,18;34,02;7,47;0,83;;2,57;DEBW_52210004HrR
UUID_bfc4e3dd-438a-4d5c-9b17-22b965f4d736;DEBW_52210004HrR;WALL;199;0,18;19,53;4,29;0,83;;2,57;DEBW_52210004HrR
UUID_9b49f565-199b-41b9-8653-31be4b1b7902;DEBW_52210004HrR;ROOF;226;0,10;73,35;8,15;0,43;;2,57;DEBW_52210004HrR
UUID_76ce32bd-0e66-4a6f-94e4-226f08e8e885;DEBW_52210004HrR;WALL;199;0,18;49,32;10,83;0,83;;2,57;DEBW_52210004HrR
UUID_c47a303b-36eb-4d08-a99d-2d9b4d695295;DEBW_52210004HrR;WALL;199;0,18;51,08;11,21;0,83;;2,57;DEBW_52210004HrR
UUID_94cb139e-de30-46fe-b3d5-a935d44396d9;DEBW_52210004HrR;WALL;199;0,18;1,16;0,25;0,83;;2,57;DEBW_52210004HrR
UUID_34b67a83-805c-459c-af01-9e353e1402eb;DEBW_52210004HrR;WALL;199;0,18;52,77;11,58;0,83;;2,57;DEBW_52210004HrR
UUID_39428661-94d4-4403-b888-130c73a2689f;DEBW_52210004HrR;WALL;199;0,18;7,95;1,74;0,83;;2,57;DEBW_52210004HrR
UUID_a3891305-493c-435d-8b08-bcae50b6c0b4;DEBW_52210004HrR;ROOF;226;0,10;80,46;8,94;0,43;;2,57;DEBW_52210004HrR
UUID_bc11d8f6-8cca-4a2d-b74c-bdd1482e24b8;DEBW_52210004HrR;WALL;199;0,18;53,55;11,75;0,83;;2,57;DEBW_52210004HrR
UUID_c3f7ab1e-08a6-4c03-a7ae-87a9415590c1;DEBW_52210004HrR;GROUND;150;0,00;139,66;0,00;0,62;;;DEBW_52210004HrR
UUID_d4bcd567-1972-437b-82d8-54b12fcc84e8;DEBW_52210004HrR;WALL;199;0,18;4,88;1,07;0,83;;2,57;DEBW_52210004HrR
UUID_1deb914d-9ff6-407e-a0f5-bf679ee3e3e2;DEBW_52210004HrR;WALL;199;0,18;7,92;1,74;0,83;;2,57;DEBW_52210004HrR
UUID_f96520e7-d4c7-45c2-a503-342a20a935af;DEBW_52210005J0U;ROOF;226;0,10;8,68;0,96;0,43;;2,57;DEBW_52210005J0U
UUID_d2457ceb-bdf0-47d6-90e2-254aac11a8d1;DEBW_52210005J0U;GROUND;150;0,00;9,64;0,00;0,62;;;DEBW_52210005J0U
UUID_81c573da-9f1d-4edf-bbe5-629667774bd0;DEBW_52210005J0U;WALL;199;0,27;0,00;0,00;0,83;;2,57;DEBW_52210005J0U
UUID_35a02663-dbc7-4cbf-83d8-356c1b988b2a;DEBW_52210005J0U;WALL;199;0,27;8,28;3,06;0,83;;2,57;DEBW_52210005J0U
UUID_fda67f03-1d90-4139-b84c-5a312b328fb7;DEBW_52210005J0U;WALL;199;0,27;8,32;3,08;0,83;;2,57;DEBW_52210005J0U
UUID_727698a8-5791-45f3-bb94-52a34b597008;DEBW_52210005J0U;WALL;199;0,27;15,56;5,76;0,83;;2,57;DEBW_52210005J0U
UUID_4418378c-0fe5-4a72-be00-1e452c4d1eba;DEBW_52210005fdn;WALL;199;0,14;7,36;1,20;0,83;;2,57;DEBW_52210005fdn
UUID_9f3a3334-8687-4faf-b21f-e0a1a631b540;DEBW_52210005fdn;ROOF;226;0,10;8,53;0,95;0,43;;2,57;DEBW_52210005fdn
UUID_78106519-6156-4faf-8465-fd17d6cfa372;DEBW_52210005fdn;GROUND;150;0,00;16,60;0,00;0,62;;;DEBW_52210005fdn
UUID_f720ee75-a734-4e2c-aa9c-16131009849b;DEBW_52210005fdn;WALL;199;0,14;6,46;1,05;0,83;;2,57;DEBW_52210005fdn
UUID_fcca4472-da80-4e79-9a7f-34a637dc640d;DEBW_52210005fdn;WALL;199;0,14;16,13;2,63;0,83;;2,57;DEBW_52210005fdn
UUID_8dc9d218-4f71-4b38-8e23-e97d2f74aa58;DEBW_52210005fdn;ROOF;226;0,10;8,53;0,95;0,43;;2,57;DEBW_52210005fdn
UUID_8b094eb5-4ee1-48c4-9862-abb4f7e1e5a9;DEBW_52210005fdn;WALL;199;0,14;12,10;1,97;0,83;;2,57;DEBW_52210005fdn
UUID_276ed1f6-db71-4358-b4d7-ae140529bb74;DEBW_52210005fdn;WALL;199;0,14;5,60;0,91;0,83;;2,57;DEBW_52210005fdn
UUID_9bb8fca1-6f17-41f6-b933-7a62877f5258;DEBW_52210005fdn;WALL;199;0,14;4,46;0,73;0,83;;2,57;DEBW_52210005fdn
UUID_5527bd18-3f58-49e0-8ddf-d94248302047;DEBW_52210005fdn;WALL;199;0,14;16,51;2,69;0,83;;2,57;DEBW_52210005fdn
UUID_8bdbfd10-ca39-4952-833e-547700022b10;DEBW_52210005fdn;WALL;199;0,14;11,73;1,91;0,83;;2,57;DEBW_52210005fdn
UUID_34e837da-b9af-46af-a441-e75d760d799b;DEBW_52210004Hw4;WALL;199;0,14;13,03;2,12;0,83;;2,57;DEBW_52210004Hw4
UUID_95efc274-1fe0-4afe-a22e-39ee8102118c;DEBW_52210004Hw4;WALL;199;0,14;3,17;0,52;0,83;;2,57;DEBW_52210004Hw4
UUID_e8030eca-e1cd-4b8b-8d36-538d93aed6c7;DEBW_52210004Hw4;WALL;199;0,14;5,35;0,87;0,83;;2,57;DEBW_52210004Hw4
UUID_e9d3bf17-2f56-46b2-8f2c-82cb0abefaa4;DEBW_52210004Hw4;ROOF;226;0,10;36,51;4,06;0,43;;2,57;DEBW_52210004Hw4
UUID_a398236b-9e9c-4daf-a178-a8f047c2c7c1;DEBW_52210004Hw4;WALL;199;0,14;14,38;2,34;0,83;;2,57;DEBW_52210004Hw4
UUID_cfede2b9-b4f6-4d72-ad27-7b71863169c5;DEBW_52210004Hw4;WALL;199;0,14;9,02;1,47;0,83;;2,57;DEBW_52210004Hw4
UUID_a7405737-f0fa-40c5-8526-f7d8a0309d42;DEBW_52210004Hw4;WALL;199;0,14;9,90;1,61;0,83;;2,57;DEBW_52210004Hw4
UUID_75d04424-1e82-41d3-8a8a-af342488e5d8;DEBW_52210004Hw4;GROUND;150;0,00;40,57;0,00;0,62;;;DEBW_52210004Hw4
UUID_4c42c53a-fcd1-4fe0-be39-571afad00e90;DEBW_52210004cUQ;WALL;199;0,14;3,57;0,58;0,83;;2,57;DEBW_52210004cUQ
UUID_d7e9a96a-1d1d-452e-ad86-ffbefaf2b0da;DEBW_52210004cUQ;WALL;199;0,14;0,97;0,16;0,83;;2,57;DEBW_52210004cUQ
UUID_7f90a922-754a-462f-82af-cdb3fa9c6be2;DEBW_52210004cUQ;WALL;199;0,14;57,08;9,29;0,83;;2,57;DEBW_52210004cUQ
UUID_e59970fb-5a05-40c9-930b-15c92cb694c0;DEBW_52210004cUQ;GROUND;150;0,00;105,61;0,00;0,62;;;DEBW_52210004cUQ
UUID_2bd51774-55de-4cf7-bbcf-87a98f0f1a0b;DEBW_52210004cUQ;ROOF;226;0,10;34,82;3,87;0,43;;2,57;DEBW_52210004cUQ
UUID_f5e45832-f3f4-4999-9dc5-2b714ba8fff3;DEBW_52210004cUQ;WALL;199;0,14;19,46;3,17;0,83;;2,57;DEBW_52210004cUQ
UUID_7e55fadf-c41a-44f3-8aaf-5b88ffc1b4e9;DEBW_52210004cUQ;WALL;199;0,14;74,68;12,16;0,83;;2,57;DEBW_52210004cUQ
UUID_ca469bb9-3fe9-4a61-90be-f577e3f713c2;DEBW_52210004cUQ;WALL;199;0,14;80,55;13,11;0,83;;2,57;DEBW_52210004cUQ
UUID_1dca012a-a46e-49c6-a1ff-291b122cad7a;DEBW_52210004cUQ;WALL;199;0,14;14,07;2,29;0,83;;2,57;DEBW_52210004cUQ
UUID_24300dd2-590f-42f9-b4e9-51e598ea98ab;DEBW_52210004cUQ;WALL;199;0,14;47,72;7,77;0,83;;2,57;DEBW_52210004cUQ
UUID_cc52e9dc-d180-4546-8a9e-28ee4991ca30;DEBW_52210004cUQ;ROOF;226;0,10;61,85;6,87;0,43;;2,57;DEBW_52210004cUQ
UUID_2d7baea0-fdd3-4608-80c5-217a9d54f896;DEBW_52210005diH;WALL;199;0,18;15,33;3,36;0,83;;2,57;DEBW_52210005diH
UUID_0e5cfe3c-974b-41e8-8f59-b476cc29b29c;DEBW_52210005diH;WALL;199;0,18;22,96;5,04;0,83;;2,57;DEBW_52210005diH
UUID_86e87de1-3175-44c7-98c3-27888e704243;DEBW_52210005diH;ROOF;226;0,10;88,58;9,84;0,43;;2,57;DEBW_52210005diH
UUID_cdd132e5-c2b0-437e-a7d2-9fd65bc8a7f2;DEBW_52210005diH;WALL;199;0,18;13,18;2,89;0,83;;2,57;DEBW_52210005diH
UUID_962b5dea-402c-4381-ab14-2077bc974884;DEBW_52210005diH;WALL;199;0,18;23,84;5,23;0,83;;2,57;DEBW_52210005diH
UUID_c788c6a4-bb6b-439d-bdff-fa04f3dbf0ba;DEBW_52210005diH;WALL;199;0,18;16,82;3,69;0,83;;2,57;DEBW_52210005diH
UUID_ecd8ba90-30f9-48f0-a725-e4e2a57fde42;DEBW_52210005diH;WALL;199;0,18;15,82;3,47;0,83;;2,57;DEBW_52210005diH
UUID_221f0759-6717-4f4b-b185-13301e3fe594;DEBW_52210005diH;GROUND;150;0,00;130,88;0,00;0,62;;;DEBW_52210005diH
UUID_640b66eb-b913-4730-8c4f-bd3af98cf595;DEBW_52210005diH;WALL;199;0,18;5,34;1,17;0,83;;2,57;DEBW_52210005diH
UUID_23ac50d6-8be0-496d-8156-4a61797ecb0d;DEBW_52210005diH;WALL;199;0,18;3,13;0,69;0,83;;2,57;DEBW_52210005diH
UUID_7d1b56a0-52ae-4b9a-ac44-90735ab54334;DEBW_52210005diH;WALL;199;0,18;22,32;4,90;0,83;;2,57;DEBW_52210005diH
UUID_c46bf95e-5005-4fc2-a11f-01ee9c7c4f08;DEBW_52210005diH;WALL;199;0,18;5,43;1,19;0,83;;2,57;DEBW_52210005diH
UUID_5f9652d0-b0f6-4a2f-8ed7-f2673f0f3c0e;DEBW_52210005diH;WALL;199;0,18;35,03;7,69;0,83;;2,57;DEBW_52210005diH
UUID_1dd2e46d-4b05-43c5-b4ca-fdd2ceea06d9;DEBW_52210005diH;WALL;199;0,18;35,29;7,75;0,83;;2,57;DEBW_52210005diH
UUID_1cf98ae9-fc6c-4f74-aaa3-b242dbf8c41a;DEBW_52210005diH;WALL;199;0,18;14,03;3,08;0,83;;2,57;DEBW_52210005diH
UUID_fac58d06-47bd-49a5-8c77-27a21d2fc8dd;DEBW_52210005diH;WALL;199;0,18;3,76;0,83;0,83;;2,57;DEBW_52210005diH
UUID_e3e3b00c-0538-4be3-850a-7227b7cdce0a;DEBW_52210005diH;WALL;199;0,18;35,60;7,82;0,83;;2,57;DEBW_52210005diH
UUID_446a32a6-4328-4021-97b0-7e936fbff320;DEBW_52210005diH;WALL;199;0,18;24,77;5,44;0,83;;2,57;DEBW_52210005diH
UUID_92dd8a9d-1ea3-448a-bd04-9fc1fe0c637f;DEBW_52210005diH;WALL;199;0,18;8,60;1,89;0,83;;2,57;DEBW_52210005diH
UUID_227fb343-c30d-42d5-ac28-a9b7c14326ff;DEBW_52210005diH;WALL;199;0,18;27,91;6,13;0,83;;2,57;DEBW_52210005diH
UUID_b2ce6ffe-fb37-4623-aae3-96fa22a72555;DEBW_52210005diH;WALL;199;0,18;10,84;2,38;0,83;;2,57;DEBW_52210005diH
UUID_c966e290-89ec-4627-9058-fbb788c16754;DEBW_52210005diH;WALL;199;0,18;3,13;0,69;0,83;;2,57;DEBW_52210005diH
UUID_f207b462-94ac-4be2-8897-b9c59f8c76ae;DEBW_52210005diH;WALL;199;0,18;27,71;6,08;0,83;;2,57;DEBW_52210005diH
UUID_09f29924-2c40-44bb-9dd9-d1be42a58726;DEBW_52210005diH;WALL;199;0,18;8,98;1,97;0,83;;2,57;DEBW_52210005diH
UUID_aff7a11f-2041-4a9d-9621-4f8740b01bdd;DEBW_52210005diH;ROOF;226;0,10;74,38;8,26;0,43;;2,57;DEBW_52210005diH
UUID_97399229-1deb-40a6-a565-89f78af26609;DEBW_52210005JAJ;GROUND;150;0,00;27,61;0,00;0,62;;;DEBW_52210005JAJ
UUID_bbda7a75-ab6e-4087-a9cd-a7fb773d2999;DEBW_52210005JAJ;WALL;199;0,14;2,37;0,39;0,83;;2,57;DEBW_52210005JAJ
UUID_5c91e256-3212-4b8d-9d7a-495e8c3fc949;DEBW_52210005JAJ;WALL;199;0,14;9,22;1,50;0,83;;2,57;DEBW_52210005JAJ
UUID_2ea960d2-1688-469d-9a65-1e85f9048cbc;DEBW_52210005JAJ;ROOF;226;0,10;24,85;2,76;0,43;;2,57;DEBW_52210005JAJ
UUID_44f76cc9-b8ef-4207-a97c-dddc2ba90bc8;DEBW_52210005JAJ;WALL;199;0,14;13,44;2,19;0,83;;2,57;DEBW_52210005JAJ
UUID_f82834f3-3aaa-4d5f-9380-9406a218fbdb;DEBW_52210005JAJ;WALL;199;0,14;11,55;1,88;0,83;;2,57;DEBW_52210005JAJ
UUID_9649f380-bd02-4dd0-aa98-d3183ee50dfb;DEBW_52210005JAJ;WALL;199;0,14;9,44;1,54;0,83;;2,57;DEBW_52210005JAJ
UUID_0077df5b-22f7-46da-b31d-82e3866eafcd;DEBW_52210005L4M;WALL;199;0,18;3,24;0,71;0,83;;2,57;DEBW_52210005L4M
UUID_a222184e-3503-4cf1-9e70-18dfe2a9ec16;DEBW_52210005L4M;WALL;199;0,18;15,22;3,34;0,83;;2,57;DEBW_52210005L4M
UUID_bdaa2929-21e7-4880-9880-910f6bfb2df0;DEBW_52210005L4M;WALL;199;0,18;6,57;1,44;0,83;;2,57;DEBW_52210005L4M
UUID_2fed6641-4bc7-4426-8f28-a31c0e8d19a0;DEBW_52210005L4M;WALL;199;0,18;51,93;11,40;0,83;;2,57;DEBW_52210005L4M
UUID_1d1f8de1-5994-4699-9f07-612ae425decf;DEBW_52210005L4M;WALL;199;0,18;0,02;0,00;0,83;;2,57;DEBW_52210005L4M
UUID_24581b6b-7032-4278-bd86-6f1bb402ddfd;DEBW_52210005L4M;ROOF;226;0,10;39,82;4,42;0,43;;2,57;DEBW_52210005L4M
UUID_bc919fcc-5183-4734-be48-149a59f4830f;DEBW_52210005L4M;WALL;199;0,18;2,09;0,46;0,83;;2,57;DEBW_52210005L4M
UUID_e810c83a-bf42-449d-8291-f32e6d4152fa;DEBW_52210005L4M;GROUND;150;0,00;80,51;0,00;0,62;;;DEBW_52210005L4M
UUID_08089767-1469-4a4f-ab23-5d58c468c6fc;DEBW_52210005L4M;WALL;199;0,18;66,89;14,68;0,83;;2,57;DEBW_52210005L4M
UUID_9db711d5-82f5-4137-9ccd-551ea0fed8b1;DEBW_52210005L4M;WALL;199;0,18;0,05;0,01;0,83;;2,57;DEBW_52210005L4M
UUID_949437ca-13a9-4f89-a635-f48fe55284ae;DEBW_52210005L4M;WALL;199;0,18;4,44;0,97;0,83;;2,57;DEBW_52210005L4M
UUID_17ae3254-fbd6-497f-9b37-b1fd5cb5f147;DEBW_52210005L4M;ROOF;226;0,10;19,18;2,13;0,43;;2,57;DEBW_52210005L4M
UUID_ea1d7023-3088-4360-9df5-37f7698ce63a;DEBW_52210005L4M;ROOF;226;0,10;0,89;0,10;0,43;;2,57;DEBW_52210005L4M
UUID_102e888a-1684-4dc6-a40c-d58b4243b767;DEBW_52210005L4M;ROOF;226;0,10;36,89;4,10;0,43;;2,57;DEBW_52210005L4M
UUID_174ceada-a305-48f1-a36c-75989435c25d;DEBW_52210005L4M;WALL;199;0,18;62,84;13,80;0,83;;2,57;DEBW_52210005L4M
UUID_7e73af68-ed44-41c0-bd6e-86a4f12429fb;DEBW_52210004HtD;WALL;199;0,27;0,03;0,01;0,83;;2,57;DEBW_52210004HtD
UUID_0cc4e78d-dffe-45c9-8ab9-7a4e21186323;DEBW_52210004HtD;WALL;199;0,27;0,75;0,28;0,83;;2,57;DEBW_52210004HtD
UUID_b85ee9c2-9cae-4ea6-9b13-c5513bd5654d;DEBW_52210004HtD;WALL;199;0,27;0,03;0,01;0,83;;2,57;DEBW_52210004HtD
UUID_1dda3ecd-61ca-479c-94ab-d6fad4e8a075;DEBW_52210004HtD;WALL;199;0,27;6,99;2,58;0,83;;2,57;DEBW_52210004HtD
UUID_ce85b8e8-e366-4ce7-a7d6-483213feaa26;DEBW_52210004HtD;ROOF;226;0,10;5,86;0,65;0,43;;2,57;DEBW_52210004HtD
UUID_d367421b-f393-4955-8401-a7b8f9620386;DEBW_52210004HtD;WALL;199;0,27;6,82;2,52;0,83;;2,57;DEBW_52210004HtD
UUID_c7e6f881-d893-418f-80c3-20b59716f419;DEBW_52210004HtD;WALL;199;0,27;0,85;0,31;0,83;;2,57;DEBW_52210004HtD
UUID_4858f2b7-11ee-46ef-961b-8550ca693d50;DEBW_52210004HtD;ROOF;226;0,10;7,11;0,79;0,43;;2,57;DEBW_52210004HtD
UUID_a9cd35ec-e8c3-4de8-97e2-92ad753958f2;DEBW_52210004HtD;GROUND;150;0,00;13,42;0,00;0,62;;;DEBW_52210004HtD
UUID_1ea0a184-21dc-44b7-8b1a-583a0ffb38cb;DEBW_52210005dnU;ROOF;226;0,10;29,36;3,26;0,43;;2,57;DEBW_52210005dnU
UUID_a6f0f532-fc4b-46df-be1e-8dccef546916;DEBW_52210005dnU;ROOF;226;0,10;30,52;3,39;0,43;;2,57;DEBW_52210005dnU
UUID_d84d9ba9-ed57-4b68-b616-688690f4e397;DEBW_52210005dnU;WALL;199;0,14;52,76;8,59;0,83;;2,57;DEBW_52210005dnU
UUID_1ccb6f1e-1e57-4a49-a702-46d61ae85a05;DEBW_52210005dnU;GROUND;150;0,00;71,93;0,00;0,62;;;DEBW_52210005dnU
UUID_729e7837-8b5f-45d7-a74d-8ef2a1a07bc4;DEBW_52210005dnU;WALL;199;0,14;42,12;6,86;0,83;;2,57;DEBW_52210005dnU
UUID_25369f38-92ea-4631-9b3f-6d806e239d8c;DEBW_52210005dnU;WALL;199;0,14;0,21;0,03;0,83;;2,57;DEBW_52210005dnU
UUID_01e8bd4f-0700-4713-8bca-338698c9e983;DEBW_52210005dnU;WALL;199;0,14;2,63;0,43;0,83;;2,57;DEBW_52210005dnU
UUID_5e59d3f4-2c9f-432e-8b64-7ef851f6bc34;DEBW_52210005dnU;ROOF;226;0,10;0,43;0,05;0,43;;2,57;DEBW_52210005dnU
UUID_8a3384cf-501d-4e95-85e0-7e77d81d611b;DEBW_52210005dnU;ROOF;226;0,10;0,09;0,01;0,43;;2,57;DEBW_52210005dnU
UUID_7db1fc9d-f62e-4964-bb32-c44a29cccf55;DEBW_52210005dnU;ROOF;226;0,10;11,42;1,27;0,43;;2,57;DEBW_52210005dnU
UUID_567abd22-b35e-4b84-8585-55b1acea9b8d;DEBW_52210005dnU;WALL;199;0,14;43,54;7,09;0,83;;2,57;DEBW_52210005dnU
UUID_8857a030-4ac2-43fe-ab47-05b1d41944eb;DEBW_52210005dnU;ROOF;226;0,10;10,06;1,12;0,43;;2,57;DEBW_52210005dnU
UUID_24ab3fd7-4398-4476-8686-f3de45215383;DEBW_52210005dnU;WALL;199;0,14;54,12;8,81;0,83;;2,57;DEBW_52210005dnU
UUID_1b8e3b59-e655-4030-9bed-41ebd91d12da;DEBW_52210005dnU;WALL;199;0,14;1,99;0,32;0,83;;2,57;DEBW_52210005dnU
UUID_5f55e24a-dcfe-476d-a112-98d2c1d9a83e;DEBW_52210005dnU;WALL;199;0,14;1,92;0,31;0,83;;2,57;DEBW_52210005dnU
UUID_263efc85-5604-4b89-9dce-963bfe545c34;DEBW_52210005LMR;WALL;199;0,14;10,98;1,79;0,83;;2,57;DEBW_52210005LMR
UUID_2b8243f8-8274-48fc-9080-f29fc3dc3b22;DEBW_52210005LMR;ROOF;226;0,10;10,57;1,17;0,43;;2,57;DEBW_52210005LMR
UUID_a21c38e0-5d1a-4293-b8fb-a032674e7fbf;DEBW_52210005LMR;WALL;199;0,14;15,19;2,47;0,83;;2,57;DEBW_52210005LMR
UUID_3bace3b6-f06b-49ad-a933-34c1ad47c1e4;DEBW_52210005LMR;WALL;199;0,14;15,29;2,49;0,83;;2,57;DEBW_52210005LMR
UUID_7a96279c-05ad-42e6-99cb-5a4b6787ddfc;DEBW_52210005LMR;WALL;199;0,14;11,35;1,85;0,83;;2,57;DEBW_52210005LMR
UUID_62a2c3e3-79fb-41af-8c33-970467b63362;DEBW_52210005LMR;GROUND;150;0,00;11,75;0,00;0,62;;;DEBW_52210005LMR
UUID_55800e22-2197-4e73-baf3-a7fbdfc7518b;DEBW_52210005fnv;WALL;199;0,27;1,20;0,44;0,83;;2,57;DEBW_52210005fnv
UUID_a04c6b8a-f168-4421-b0b0-ba9e0cfb08e5;DEBW_52210005fnv;WALL;199;0,27;1,54;0,57;0,83;;2,57;DEBW_52210005fnv
UUID_32090d7f-f9bb-4ffd-922b-3040e76d092b;DEBW_52210005fnv;WALL;199;0,27;1,42;0,53;0,83;;2,57;DEBW_52210005fnv
UUID_43d1ff97-7ae4-4df1-a246-d988f0c5e8a6;DEBW_52210005fnv;WALL;199;0,27;26,76;9,90;0,83;;2,57;DEBW_52210005fnv
UUID_86ef3d6a-4d0e-49ef-af1d-9a422aedecef;DEBW_52210005fnv;WALL;199;0,27;0,02;0,01;0,83;;2,57;DEBW_52210005fnv
UUID_3724e2c0-adde-4881-b029-4058dff48efa;DEBW_52210005fnv;ROOF;226;0,10;21,92;2,44;0,43;;2,57;DEBW_52210005fnv
UUID_66c6f170-2bf8-4c1d-b232-4ef3f5104eb7;DEBW_52210005fnv;WALL;199;0,27;19,16;7,09;0,83;;2,57;DEBW_52210005fnv
UUID_f0a6eb7d-b4f4-465d-98dd-dfae9533f7b9;DEBW_52210005fnv;WALL;199;0,27;23,70;8,76;0,83;;2,57;DEBW_52210005fnv
UUID_0b2e455a-576e-430b-ae1b-5303ffa7f176;DEBW_52210005fnv;GROUND;150;0,00;24,35;0,00;0,62;;;DEBW_52210005fnv
UUID_d4e726e8-1db7-44ab-87ca-41ec53ec3881;DEBW_52210005fnv;WALL;199;0,27;9,25;3,42;0,83;;2,57;DEBW_52210005fnv
UUID_713b68c5-09a2-43e9-9541-5f51e7625ead;DEBW_52210005fnv;WALL;199;0,27;0,06;0,02;0,83;;2,57;DEBW_52210005fnv
UUID_2422a936-f5c5-4b3c-bc0d-4ded9f0af2dd;DEBW_52210004Hy9;ROOF;226;0,10;10,42;1,16;0,43;;2,57;DEBW_52210004Hy9
UUID_1bb25261-3d9b-4ea6-9ece-32911d62ad94;DEBW_52210004Hy9;WALL;199;0,14;12,34;2,01;0,83;;2,57;DEBW_52210004Hy9
UUID_1a351606-b07e-4e5f-a08e-0d0f39a28e4e;DEBW_52210004Hy9;WALL;199;0,14;9,19;1,50;0,83;;2,57;DEBW_52210004Hy9
UUID_446a22fa-81c5-4e76-ab0b-d6363af638d4;DEBW_52210004Hy9;WALL;199;0,14;11,46;1,87;0,83;;2,57;DEBW_52210004Hy9
UUID_0da66518-19c1-462d-bfea-fc1e0cc296b3;DEBW_52210004Hy9;WALL;199;0,14;12,23;1,99;0,83;;2,57;DEBW_52210004Hy9
UUID_7759dac8-3144-482d-9d73-888068e7f663;DEBW_52210004Hy9;GROUND;150;0,00;11,39;0,00;0,62;;;DEBW_52210004Hy9
UUID_ac8f0375-cb25-40af-998e-af2ca921068b;DEBW_52210005J6o;WALL;199;0,27;5,47;2,02;0,83;;2,57;DEBW_52210005J6o
UUID_60a1f786-828d-437f-a9a0-00bb6dd934ea;DEBW_52210005J6o;WALL;199;0,27;17,09;6,32;0,83;;2,57;DEBW_52210005J6o
UUID_76c0c860-9e15-4d28-b641-1f1fcee8490b;DEBW_52210005J6o;GROUND;150;0,00;39,25;0,00;0,62;;;DEBW_52210005J6o
UUID_a22c4182-5210-4908-9d51-46e01c0f6735;DEBW_52210005J6o;WALL;199;0,27;3,22;1,19;0,83;;2,57;DEBW_52210005J6o
UUID_b59e02b7-a60d-4449-9bca-d6382ec6eb29;DEBW_52210005J6o;ROOF;100;0,00;39,25;0,00;0,40;;2,57;DEBW_52210005J6o
UUID_7bbd0d03-292a-44c2-ae95-3816d97d5973;DEBW_52210005J6o;WALL;199;0,27;5,47;2,02;0,83;;2,57;DEBW_52210005J6o
UUID_3fcfe872-1ba7-45b8-b89a-60a672c6f9a5;DEBW_52210005dt0;WALL;199;0,14;29,33;4,77;0,83;;2,57;DEBW_52210005dt0
UUID_b5d9024f-5ddf-43e4-906f-09b81dc7d43d;DEBW_52210005dt0;ROOF;226;0,10;66,24;7,36;0,43;;2,57;DEBW_52210005dt0
UUID_6c89e687-838b-4cbe-8c2d-31187bd75a62;DEBW_52210005dt0;WALL;199;0,14;29,04;4,73;0,83;;2,57;DEBW_52210005dt0
UUID_1a30e30e-ff6a-401d-bea8-6bf02903b20a;DEBW_52210005dt0;WALL;199;0,14;26,58;4,33;0,83;;2,57;DEBW_52210005dt0
UUID_0a6f3cc3-9f58-4c5b-ad78-ef8881e5a35f;DEBW_52210005dt0;WALL;199;0,14;27,00;4,40;0,83;;2,57;DEBW_52210005dt0
UUID_c1c90c15-784f-4821-945d-bd18432d8635;DEBW_52210005dt0;WALL;199;0,14;2,66;0,43;0,83;;2,57;DEBW_52210005dt0
UUID_1d398595-57d3-4a3d-b9fe-01dd5298c289;DEBW_52210005dt0;WALL;199;0,14;56,07;9,13;0,83;;2,57;DEBW_52210005dt0
UUID_da5fdfd0-d090-4379-a052-6f9c174706fd;DEBW_52210005dt0;GROUND;150;0,00;73,60;0,00;0,62;;;DEBW_52210005dt0
UUID_71e65574-48ab-4984-84b7-284aae81b871;DEBW_52210004caM;WALL;199;0,27;0,09;0,04;0,83;;2,57;DEBW_52210004caM
UUID_96a3ce32-d44b-49ea-94f9-4d096591c901;DEBW_52210004caM;WALL;199;0,27;67,70;25,04;0,83;;2,57;DEBW_52210004caM
UUID_1e65300a-ee35-4fac-a4fb-361c67ac170e;DEBW_52210004caM;WALL;199;0,27;25,49;9,43;0,83;;2,57;DEBW_52210004caM
UUID_eec723e1-9358-4984-b161-57802d352bc4;DEBW_52210004caM;WALL;199;0,27;67,16;24,84;0,83;;2,57;DEBW_52210004caM
UUID_4f357504-9c22-4d72-8847-142d09500b73;DEBW_52210004caM;WALL;199;0,27;25,22;9,33;0,83;;2,57;DEBW_52210004caM
UUID_6093a92e-9115-44ec-a893-35270d6a194e;DEBW_52210004caM;WALL;199;0,27;80,64;29,83;0,83;;2,57;DEBW_52210004caM
UUID_6d47e6e2-72af-4385-8280-4e42988e37e1;DEBW_52210004caM;GROUND;150;0,00;244,65;0,00;0,62;;;DEBW_52210004caM
UUID_b78ace1e-59f5-497f-84f0-8f25e408dd8b;DEBW_52210004caM;WALL;199;0,27;25,38;9,39;0,83;;2,57;DEBW_52210004caM
UUID_f29880ca-f8be-4182-b18b-0fd85cec9e94;DEBW_52210004caM;WALL;199;0,27;10,95;4,05;0,83;;2,57;DEBW_52210004caM
UUID_09fd2447-8e53-4a2f-a393-13af9c52a364;DEBW_52210004caM;WALL;199;0,27;0,11;0,04;0,83;;2,57;DEBW_52210004caM
UUID_9ea0f578-fdd2-4679-a4ec-9401ac0ff566;DEBW_52210004caM;ROOF;226;0,10;220,19;24,47;0,43;;2,57;DEBW_52210004caM
UUID_f4003c5c-4762-438b-96f7-a2caec13a198;DEBW_52210004caM;WALL;199;0,27;8,28;3,06;0,83;;2,57;DEBW_52210004caM
UUID_a2675f84-a6c6-485b-a297-20d2e33251ce;DEBW_52210004caM;WALL;199;0,27;54,47;20,15;0,83;;2,57;DEBW_52210004caM
UUID_758da6d6-6c68-4e44-bd77-046c832092bf;DEBW_52210004caM;WALL;199;0,27;66,99;24,78;0,83;;2,57;DEBW_52210004caM
UUID_2a4dfcc9-a85c-4567-ad4d-90c9f79958c7;DEBW_52210005LJS;ROOF;226;0,10;0,22;0,02;0,43;;2,57;DEBW_52210005LJS
UUID_9f3fa6e0-463a-4084-b224-a34d15270846;DEBW_52210005LJS;ROOF;226;0,10;24,01;2,67;0,43;;2,57;DEBW_52210005LJS
UUID_7113e17e-d4c5-4bf2-999c-98ab23a52069;DEBW_52210005LJS;WALL;199;0,18;0,54;0,12;0,83;;2,57;DEBW_52210005LJS
UUID_b3103f12-f7e4-4c83-800e-c60f577a10a2;DEBW_52210005LJS;WALL;199;0,18;0,40;0,09;0,83;;2,57;DEBW_52210005LJS
UUID_d6d22745-0976-4f97-ad85-7d055cbbde31;DEBW_52210005LJS;ROOF;226;0,10;29,54;3,28;0,43;;2,57;DEBW_52210005LJS
UUID_7e7728f5-3805-46b2-8308-68ef4353630c;DEBW_52210005LJS;GROUND;150;0,00;90,32;0,00;0,62;;;DEBW_52210005LJS
UUID_bb8343e6-9d89-4b4c-b1c2-aa2302816598;DEBW_52210005LJS;WALL;199;0,18;0,00;0,00;0,83;;2,57;DEBW_52210005LJS
UUID_e9dbd6ae-8920-470b-b3bd-a8dfb14cc867;DEBW_52210005LJS;WALL;199;0,18;82,55;18,12;0,83;;2,57;DEBW_52210005LJS
UUID_7248526c-d1a5-4941-81e6-ba6c8fd0f446;DEBW_52210005LJS;ROOF;226;0,10;0,18;0,02;0,43;;2,57;DEBW_52210005LJS
UUID_f2b39dec-d14d-41b6-9cb1-4fbe14bddb2d;DEBW_52210005LJS;WALL;199;0,18;73,46;16,13;0,83;;2,57;DEBW_52210005LJS
UUID_44e7b92c-3684-4e02-95cd-7ba0bea8b40e;DEBW_52210005LJS;WALL;199;0,18;37,25;8,18;0,83;;2,57;DEBW_52210005LJS
UUID_6b095ade-1b77-423b-83f6-f20b846e4291;DEBW_52210005LJS;WALL;199;0,18;0,70;0,15;0,83;;2,57;DEBW_52210005LJS
UUID_4b3af4a9-f89f-4ad1-9966-66d633c6b97e;DEBW_52210005LJS;WALL;199;0,18;82,23;18,05;0,83;;2,57;DEBW_52210005LJS
UUID_c6ebebf2-7940-4b0d-b14e-af69237f345d;DEBW_52210005LJS;ROOF;226;0,10;29,35;3,26;0,43;;2,57;DEBW_52210005LJS
UUID_a3089b8d-3162-456f-895c-2b31e4c7bdff;DEBW_52210005LJS;ROOF;226;0,10;0,13;0,01;0,43;;2,57;DEBW_52210005LJS
UUID_09da8f1d-4bd7-49e0-9dd7-7475c9c81792;DEBW_52210005LJS;ROOF;226;0,10;23,61;2,62;0,43;;2,57;DEBW_52210005LJS
UUID_696ce7bf-708e-4114-acc1-23bc756335ca;DEBW_52210005JKc;WALL;199;0,27;20,97;7,76;0,83;;2,57;DEBW_52210005JKc
UUID_17b47e1f-c0c8-47c1-9a93-4859e0ed1c4f;DEBW_52210005JKc;WALL;199;0,27;6,19;2,29;0,83;;2,57;DEBW_52210005JKc
UUID_6cb990fe-bab3-4395-8fe2-660a59feca62;DEBW_52210005JKc;WALL;199;0,27;5,98;2,21;0,83;;2,57;DEBW_52210005JKc
UUID_47c517ba-969f-47a3-b1c4-589b33bc8a17;DEBW_52210005JKc;WALL;199;0,27;0,45;0,17;0,83;;2,57;DEBW_52210005JKc
UUID_86b303bd-de1d-4ce1-8db7-da5c68ab3ffd;DEBW_52210005JKc;ROOF;226;0,10;4,63;0,51;0,43;;2,57;DEBW_52210005JKc
UUID_e997618d-b2e3-4273-887f-55ea10224bfe;DEBW_52210005JKc;GROUND;150;0,00;3,90;0,00;0,62;;;DEBW_52210005JKc
UUID_03050436-e813-42af-9c24-849457ffd0e3;DEBW_52210004Hxc;ROOF;226;0,10;58,89;6,54;0,43;;2,57;DEBW_52210004Hxc
UUID_3e5b2580-7f04-4145-af41-98ff6e1f64ba;DEBW_52210004Hxc;WALL;199;0,18;29,80;6,54;0,83;;2,57;DEBW_52210004Hxc
UUID_dc2f3d7f-5973-469a-a811-408e32faa6b1;DEBW_52210004Hxc;WALL;199;0,18;25,83;5,67;0,83;;2,57;DEBW_52210004Hxc
UUID_246e1e48-2dd7-4188-b010-5efd5675ea12;DEBW_52210004Hxc;WALL;199;0,18;46,61;10,23;0,83;;2,57;DEBW_52210004Hxc
UUID_1701680e-aaa8-40b5-a202-db175194e735;DEBW_52210004Hxc;WALL;199;0,18;37,47;8,23;0,83;;2,57;DEBW_52210004Hxc
UUID_b486ef9e-f4e8-44a2-9e8b-828e492a08b4;DEBW_52210004Hxc;WALL;199;0,18;12,75;2,80;0,83;;2,57;DEBW_52210004Hxc
UUID_57377893-3197-4852-a21f-5426fa5f5bac;DEBW_52210004Hxc;WALL;199;0,18;11,19;2,46;0,83;;2,57;DEBW_52210004Hxc
UUID_5cee5dba-16ff-41f5-9b8d-c3c1c9dea49a;DEBW_52210004Hxc;WALL;199;0,18;43,59;9,57;0,83;;2,57;DEBW_52210004Hxc
UUID_d44316b0-d81c-43c7-a14f-0a5d4cdde225;DEBW_52210004Hxc;ROOF;226;0,10;68,42;7,60;0,43;;2,57;DEBW_52210004Hxc
UUID_3d07979e-3547-4713-af1a-9856836b4db9;DEBW_52210004Hxc;WALL;199;0,18;84,41;18,53;0,83;;2,57;DEBW_52210004Hxc
UUID_182a66c2-9ee6-40e1-a244-c3422101c5f3;DEBW_52210004Hxc;GROUND;150;0,00;113,85;0,00;0,62;;;DEBW_52210004Hxc
UUID_aca5cf2b-bf97-4dae-be8c-d37d1d27ce13;DEBW_52210005fiS;WALL;199;0,14;2,50;0,41;0,83;;2,57;DEBW_52210005fiS
UUID_bddf303c-7b02-4067-b215-187c5d89f045;DEBW_52210005fiS;WALL;199;0,14;0,19;0,03;0,83;;2,57;DEBW_52210005fiS
UUID_111a112b-a593-4ce0-9f3b-d9aa48fc3a9f;DEBW_52210005fiS;WALL;199;0,14;35,48;5,78;0,83;;2,57;DEBW_52210005fiS
UUID_8ed0fa30-f94b-4481-a0b7-5c25d71b1739;DEBW_52210005fiS;WALL;199;0,14;36,53;5,95;0,83;;2,57;DEBW_52210005fiS
UUID_1b311ea5-406d-4d0b-b1ca-175462759f21;DEBW_52210005fiS;ROOF;226;0,10;57,26;6,36;0,43;;2,57;DEBW_52210005fiS
UUID_70433168-7b2e-48fd-bab7-e9bab554a05a;DEBW_52210005fiS;WALL;199;0,14;1,52;0,25;0,83;;2,57;DEBW_52210005fiS
UUID_fbc75075-6782-417a-a048-3daaac25e304;DEBW_52210005fiS;WALL;199;0,14;7,03;1,14;0,83;;2,57;DEBW_52210005fiS
UUID_77d12fd0-0623-4b78-8a56-5a4266a18b3c;DEBW_52210005fiS;WALL;199;0,14;1,54;0,25;0,83;;2,57;DEBW_52210005fiS
UUID_3f52a8b2-e4b1-4afb-8dc1-3967f64d4e60;DEBW_52210005fiS;WALL;199;0,14;9,66;1,57;0,83;;2,57;DEBW_52210005fiS
UUID_e5aa4de4-1ee8-41aa-81b1-36099fa0cfb2;DEBW_52210005fiS;GROUND;150;0,00;83,71;0,00;0,62;;;DEBW_52210005fiS
UUID_88203cef-e76d-4451-9368-00f3ecced565;DEBW_52210005fiS;WALL;199;0,14;28,79;4,69;0,83;;2,57;DEBW_52210005fiS
UUID_3356f4d8-f90d-4396-8f57-a4e024a56010;DEBW_52210005fiS;WALL;199;0,14;21,81;3,55;0,83;;2,57;DEBW_52210005fiS
UUID_afdc5f50-e9ac-4a77-b081-59db0ac2ecb5;DEBW_52210005fiS;WALL;199;0,14;28,62;4,66;0,83;;2,57;DEBW_52210005fiS
UUID_4241d5f9-eb18-4c0f-a468-add1d4a488bf;DEBW_52210005fiS;ROOF;226;0,10;55,24;6,14;0,43;;2,57;DEBW_52210005fiS
UUID_705d7a7a-c0da-4cf2-92be-00f70d80bdaa;DEBW_52210005fiS;WALL;199;0,14;28,42;4,63;0,83;;2,57;DEBW_52210005fiS
UUID_5d3eef97-ec76-4a46-95eb-d96468cf76fd;DEBW_52210005LZl;WALL;199;0,27;0,18;0,07;0,83;;2,57;DEBW_52210005LZl
UUID_18b7d87c-adc1-49b5-ac0d-b73f9f3eea66;DEBW_52210005LZl;WALL;199;0,27;1,01;0,37;0,83;;2,57;DEBW_52210005LZl
UUID_f55fc394-a8ec-497c-89a4-13d5c029cd93;DEBW_52210005LZl;WALL;199;0,27;2,70;1,00;0,83;;2,57;DEBW_52210005LZl
UUID_0e5f9ad3-e2fe-4d7c-968a-7b51608e69ac;DEBW_52210005LZl;WALL;199;0,27;7,06;2,61;0,83;;2,57;DEBW_52210005LZl
UUID_f35d38b2-a7d7-4177-b535-1a48f70bc643;DEBW_52210005LZl;GROUND;150;0,00;22,31;0,00;0,62;;;DEBW_52210005LZl
UUID_9167765c-ea59-4076-8797-f68a50841795;DEBW_52210005LZl;WALL;199;0,27;7,68;2,84;0,83;;2,57;DEBW_52210005LZl
UUID_e020d363-0f67-465a-a673-8bece11e7b23;DEBW_52210005LZl;WALL;199;0,27;0,00;0,00;0,83;;2,57;DEBW_52210005LZl
UUID_57b8f524-74f7-4cfd-ae58-58df70c29381;DEBW_52210005LZl;WALL;199;0,27;2,24;0,83;0,83;;2,57;DEBW_52210005LZl
UUID_3bdeaf05-7565-477e-8bbd-1502c707cf81;DEBW_52210005LZl;ROOF;226;0,10;20,07;2,23;0,43;;2,57;DEBW_52210005LZl
UUID_feedd0d7-e91a-4fd9-bfd1-3bc4e57fa711;DEBW_52210004ceJ;WALL;199;0,14;0,12;0,02;0,83;;2,57;DEBW_52210004ceJ
UUID_db7f6275-2c1b-4102-98db-6b6d71c78bb6;DEBW_52210004ceJ;WALL;199;0,14;19,39;3,16;0,83;;2,57;DEBW_52210004ceJ
UUID_e67ffcc9-5e6e-4e3f-ad9b-cb45128d5f2c;DEBW_52210004ceJ;WALL;199;0,14;1,67;0,27;0,83;;2,57;DEBW_52210004ceJ
UUID_da5efa5b-0afe-4637-9df8-8bdd547f580a;DEBW_52210004ceJ;WALL;199;0,14;13,65;2,22;0,83;;2,57;DEBW_52210004ceJ
UUID_1cbfad3a-ba8d-47f6-aa78-0bdbeaf76087;DEBW_52210004ceJ;WALL;199;0,14;16,40;2,67;0,83;;2,57;DEBW_52210004ceJ
UUID_03347b04-06e2-473c-8c17-d0e0ff4fe8ce;DEBW_52210004ceJ;WALL;199;0,14;20,14;3,28;0,83;;2,57;DEBW_52210004ceJ
UUID_c2858b4b-f9cb-4903-aa74-b8e33950ec8c;DEBW_52210004ceJ;WALL;199;0,14;2,76;0,45;0,83;;2,57;DEBW_52210004ceJ
UUID_c6e0dbcf-ad3f-40d1-b124-58ad0bf1619d;DEBW_52210004ceJ;ROOF;94;0,00;46,65;0,00;0,43;;2,57;DEBW_52210004ceJ
UUID_1640b4ec-4837-4693-8f9e-dafa5c202e5c;DEBW_52210004ceJ;GROUND;150;0,00;46,65;0,00;0,62;;;DEBW_52210004ceJ
UUID_3f9a7ae9-b220-47cf-a6e9-c08954d73b4b;DEBW_52210005fu9;WALL;199;0,27;0,55;0,20;0,83;;2,57;DEBW_52210005fu9
UUID_d19867de-286f-4bc5-92e8-a63e2d4241b3;DEBW_52210005fu9;WALL;199;0,27;10,78;3,99;0,83;;2,57;DEBW_52210005fu9
UUID_7de1b2a7-a325-47bd-bd57-14ecc9306647;DEBW_52210005fu9;WALL;199;0,27;6,98;2,58;0,83;;2,57;DEBW_52210005fu9
UUID_f884bd00-4f7f-4df4-9556-f9f9f1c6e32e;DEBW_52210005fu9;WALL;199;0,27;7,23;2,67;0,83;;2,57;DEBW_52210005fu9
UUID_3b250f02-bd53-474c-8715-d24a938bba41;DEBW_52210005fu9;GROUND;150;0,00;23,01;0,00;0,62;;;DEBW_52210005fu9
UUID_9d626d82-e2c7-40cb-8707-05ba00e5f1de;DEBW_52210005fu9;ROOF;226;0,10;20,71;2,30;0,43;;2,57;DEBW_52210005fu9
UUID_b93b2c31-7025-4f23-b706-86d0c4e46248;DEBW_52210005djN;WALL;199;0,18;64,81;14,23;0,83;;2,57;DEBW_52210005djN
UUID_e1dbb418-5e07-4b6a-b4d6-95ee10ad819d;DEBW_52210005djN;WALL;199;0,18;33,02;7,25;0,83;;2,57;DEBW_52210005djN
UUID_769b6679-651d-4905-ab24-0fefaff42685;DEBW_52210005djN;ROOF;226;0,10;75,20;8,36;0,43;;2,57;DEBW_52210005djN
UUID_4c63708b-64e5-474e-9553-fe38d5f035f1;DEBW_52210005djN;WALL;199;0,18;12,02;2,64;0,83;;2,57;DEBW_52210005djN
UUID_8ece69ce-ed7e-4413-918c-45b1a3fe30a6;DEBW_52210005djN;WALL;199;0,18;29,38;6,45;0,83;;2,57;DEBW_52210005djN
UUID_7693a24e-83fc-4b94-8325-96ac05666cd8;DEBW_52210005djN;WALL;199;0,18;31,90;7,00;0,83;;2,57;DEBW_52210005djN
UUID_e765a213-87ba-4a5e-8672-86abbbbb830c;DEBW_52210005djN;WALL;199;0,18;10,35;2,27;0,83;;2,57;DEBW_52210005djN
UUID_eaa6137d-7f5c-4986-8ef0-fc720f6ff30c;DEBW_52210005djN;WALL;199;0,18;6,08;1,34;0,83;;2,57;DEBW_52210005djN
UUID_9bee096f-efae-4962-82ef-168faa9ac3a2;DEBW_52210005djN;ROOF;226;0,10;90,89;10,10;0,43;;2,57;DEBW_52210005djN
UUID_e7ce37f5-d7ff-42b6-ad6e-713b812aa29b;DEBW_52210005djN;GROUND;150;0,00;141,35;0,00;0,62;;;DEBW_52210005djN
UUID_900374e6-b4ae-4f9c-9bc9-bb52a1847f97;DEBW_52210005djN;WALL;199;0,18;45,06;9,89;0,83;;2,57;DEBW_52210005djN
UUID_3b354608-2259-4728-8a13-1023c02aae3c;DEBW_52210005djN;WALL;199;0,18;58,47;12,84;0,83;;2,57;DEBW_52210005djN
UUID_1ce131b4-d960-44f2-bb55-9d6ced8a612d;DEBW_52210005djN;WALL;199;0,18;45,11;9,90;0,83;;2,57;DEBW_52210005djN
UUID_663c2eb3-31cd-4c36-8f3a-ec0d212169f0;DEBW_52210005djN;WALL;199;0,18;1,30;0,28;0,83;;2,57;DEBW_52210005djN
UUID_becdd1e0-1236-4185-982b-25832030cd91;DEBW_52210004d1s;WALL;199;0,27;5,55;2,05;0,83;;2,57;DEBW_52210004d1s
UUID_f2975e47-2915-4172-9f38-8da8ce24a8ba;DEBW_52210004d1s;ROOF;226;0,10;6,99;0,78;0,43;;2,57;DEBW_52210004d1s
UUID_b0328bdf-f286-4d31-9efa-991e7ca1d67d;DEBW_52210004d1s;WALL;199;0,27;13,48;4,99;0,83;;2,57;DEBW_52210004d1s
UUID_b929beb6-9a14-46b4-8de0-1c895b1922eb;DEBW_52210004d1s;WALL;199;0,27;0,57;0,21;0,83;;2,57;DEBW_52210004d1s
UUID_5539e152-9d1b-4396-8266-4b3ea4ddec39;DEBW_52210004d1s;WALL;199;0,27;5,75;2,12;0,83;;2,57;DEBW_52210004d1s
UUID_4cd167ad-fbbb-4b0f-8b7d-e48b1f6053db;DEBW_52210004d1s;GROUND;150;0,00;7,74;0,00;0,62;;;DEBW_52210004d1s
UUID_8f29cc6a-53ab-4f45-afcc-5ace87d5c3da;DEBW_52210004HxR;WALL;199;0,18;30,62;6,72;0,83;;2,57;DEBW_52210004HxR
UUID_ac90e639-7a1f-4aa3-a1e0-e36677667304;DEBW_52210004HxR;ROOF;226;0,10;47,98;5,33;0,43;;2,57;DEBW_52210004HxR
UUID_2fb71608-cb75-4a3a-95c0-ca3a9c3fda20;DEBW_52210004HxR;ROOF;226;0,10;17,86;1,98;0,43;;2,57;DEBW_52210004HxR
UUID_b122eadd-21c5-4c82-9946-a0c4142d419e;DEBW_52210004HxR;WALL;199;0,18;65,65;14,41;0,83;;2,57;DEBW_52210004HxR
UUID_04f18baa-92d7-4079-84a8-c7fd9c6b269a;DEBW_52210004HxR;WALL;199;0,18;29,62;6,50;0,83;;2,57;DEBW_52210004HxR
UUID_c1636b9c-3775-4180-9557-e243d6f925f1;DEBW_52210004HxR;WALL;199;0,18;22,99;5,05;0,83;;2,57;DEBW_52210004HxR
UUID_9ee01764-13d2-4bb7-9ff4-c95ce34e7c8d;DEBW_52210004HxR;WALL;199;0,18;0,88;0,19;0,83;;2,57;DEBW_52210004HxR
UUID_37da27e7-ad24-46a8-bc16-2028507c6a8c;DEBW_52210004HxR;WALL;199;0,18;0,17;0,04;0,83;;2,57;DEBW_52210004HxR
UUID_f43bcf9a-6c60-4e92-bb42-bdad0e2be3dd;DEBW_52210004HxR;WALL;199;0,18;1,08;0,24;0,83;;2,57;DEBW_52210004HxR
UUID_aa782cf7-c859-4818-a759-5d2fa8cdd2c7;DEBW_52210004HxR;WALL;199;0,18;2,02;0,44;0,83;;2,57;DEBW_52210004HxR
UUID_2826f8d8-5ce7-46e7-8dda-8b22a4caadd0;DEBW_52210004HxR;WALL;199;0,18;64,13;14,08;0,83;;2,57;DEBW_52210004HxR
UUID_d98cfb00-9fd1-494b-8c1c-4a225f539d23;DEBW_52210004HxR;ROOF;226;0,10;50,96;5,66;0,43;;2,57;DEBW_52210004HxR
UUID_42c31876-1efe-420b-8b7a-e019e8b9e456;DEBW_52210004HxR;GROUND;150;0,00;88,51;0,00;0,62;;;DEBW_52210004HxR
UUID_9f7053d6-250d-40fe-bb4e-a52d46590205;DEBW_52210005JLB;ROOF;226;0,10;68,88;7,65;0,43;;2,57;DEBW_52210005JLB
UUID_6b421759-98e5-49e2-8bf4-1ee30387c18a;DEBW_52210005JLB;WALL;199;0,14;12,24;1,99;0,83;;2,57;DEBW_52210005JLB
UUID_c4d5c2c3-64b5-4294-9b51-c4eb28d3c9e6;DEBW_52210005JLB;WALL;199;0,14;0,31;0,05;0,83;;2,57;DEBW_52210005JLB
UUID_ddf36578-9046-41cc-9296-d1db444ad125;DEBW_52210005JLB;WALL;199;0,14;2,05;0,33;0,83;;2,57;DEBW_52210005JLB
UUID_21aa4074-d505-4c4a-b178-b1d19508ca0e;DEBW_52210005JLB;WALL;199;0,14;2,60;0,42;0,83;;2,57;DEBW_52210005JLB
UUID_d5f781e2-d8f8-4df0-a302-214817b11d41;DEBW_52210005JLB;GROUND;150;0,00;76,53;0,00;0,62;;;DEBW_52210005JLB
UUID_efc70151-71f7-42ca-8fdd-00b49c6fbe71;DEBW_52210005JLB;WALL;199;0,14;5,84;0,95;0,83;;2,57;DEBW_52210005JLB
UUID_2aa6aa02-eb5d-470b-8e10-45cd874de245;DEBW_52210005JLB;WALL;199;0,14;15,37;2,50;0,83;;2,57;DEBW_52210005JLB
UUID_287c789f-083d-4650-b13c-bf136939a91d;DEBW_52210005JLB;WALL;199;0,14;5,86;0,95;0,83;;2,57;DEBW_52210005JLB
UUID_766549ff-a60a-4e37-a5c3-8189c904e420;DEBW_52210005JLB;WALL;199;0,14;2,15;0,35;0,83;;2,57;DEBW_52210005JLB
UUID_f4712ffc-8af5-4430-9158-61815cfde9ee;DEBW_52210005JLB;WALL;199;0,14;6,85;1,12;0,83;;2,57;DEBW_52210005JLB
UUID_5ac2b022-89bb-43fb-80dd-b9390d7135d9;DEBW_52210005JLB;WALL;199;0,14;0,39;0,06;0,83;;2,57;DEBW_52210005JLB
UUID_dfaf179f-b86d-4fdb-9751-eb9a79dff519;DEBW_52210005JLB;WALL;199;0,14;7,04;1,15;0,83;;2,57;DEBW_52210005JLB
UUID_4880a337-4c03-4f44-bdfd-6898921b3691;DEBW_52210005JLB;WALL;199;0,14;0,43;0,07;0,83;;2,57;DEBW_52210005JLB
UUID_9f105f8f-4947-4073-8b09-62e1465944f2;DEBW_52210005JLB;WALL;199;0,14;6,44;1,05;0,83;;2,57;DEBW_52210005JLB
UUID_d27d7c91-d2de-40eb-9a43-225d6894685a;DEBW_52210005JLB;WALL;199;0,14;0,71;0,12;0,83;;2,57;DEBW_52210005JLB
UUID_0e5d7713-a1c4-496c-a405-f7eacd2a7f57;DEBW_52210005JLB;WALL;199;0,14;0,19;0,03;0,83;;2,57;DEBW_52210005JLB
UUID_4441d3c4-95c5-4c22-b1d4-19bdb5a34014;DEBW_52210005JLB;WALL;199;0,14;2,96;0,48;0,83;;2,57;DEBW_52210005JLB
UUID_f162c186-18ac-4bd5-8922-dfeffa46a5f9;DEBW_52210005JLB;WALL;199;0,14;5,62;0,91;0,83;;2,57;DEBW_52210005JLB
UUID_e25eed42-481b-488b-aaf9-dc68ab89733d;DEBW_52210005JLB;WALL;199;0,14;2,47;0,40;0,83;;2,57;DEBW_52210005JLB
UUID_32cf5016-08e4-48cb-b695-8d89a6568760;DEBW_52210005JLB;WALL;199;0,14;1,39;0,23;0,83;;2,57;DEBW_52210005JLB
UUID_ef08523b-3f34-49e7-89bb-e1adac520512;DEBW_52210005JLB;WALL;199;0,14;0,86;0,14;0,83;;2,57;DEBW_52210005JLB
UUID_f6da7aaa-b90a-4ff7-9261-9486e1e591c0;DEBW_52210005JLB;WALL;199;0,14;1,88;0,31;0,83;;2,57;DEBW_52210005JLB
UUID_bc40d1bd-978f-4cb3-a737-47f21116bc49;DEBW_52210005JLB;WALL;199;0,14;6,91;1,13;0,83;;2,57;DEBW_52210005JLB
UUID_18b9dca2-7eeb-4976-a9b7-8ba725a7019c;DEBW_52210005JLB;WALL;199;0,14;2,11;0,34;0,83;;2,57;DEBW_52210005JLB
UUID_de2fd619-6a46-432f-bbb9-a2f9b4aa639b;DEBW_52210005JLB;WALL;199;0,14;0,80;0,13;0,83;;2,57;DEBW_52210005JLB
UUID_fb0dca2f-a74d-493e-b64b-81b1249cb1e3;DEBW_52210005JLB;WALL;199;0,14;7,16;1,17;0,83;;2,57;DEBW_52210005JLB
UUID_480f5446-b25e-4f76-9e3c-c85ca6c479b5;DEBW_52210004d1D;WALL;199;0,18;50,91;11,18;0,83;;2,57;DEBW_52210004d1D
UUID_258fe073-ed37-4bc8-bca7-e89790e0227f;DEBW_52210004d1D;WALL;199;0,18;67,21;14,75;0,83;;2,57;DEBW_52210004d1D
UUID_3fcc8e0e-1350-4cfb-b60f-91ec59c47b22;DEBW_52210004d1D;WALL;199;0,18;2,05;0,45;0,83;;2,57;DEBW_52210004d1D
UUID_924aa0fc-9b40-4f39-8fd7-d20d138c9dcb;DEBW_52210004d1D;ROOF;226;0,10;104,91;11,66;0,43;;2,57;DEBW_52210004d1D
UUID_659c49a6-8d49-4611-bc60-a86dbd0cbfff;DEBW_52210004d1D;GROUND;150;0,00;229,94;0,00;0,62;;;DEBW_52210004d1D
UUID_70a96926-771e-4249-b541-972298f44f02;DEBW_52210004d1D;WALL;199;0,18;161,14;35,37;0,83;;2,57;DEBW_52210004d1D
UUID_207c5c4e-cb00-4b58-8cc4-2ba39edafbca;DEBW_52210004d1D;WALL;199;0,18;132,56;29,10;0,83;;2,57;DEBW_52210004d1D
UUID_d3e73fab-3917-4d17-ae5d-5bd3d044a2b5;DEBW_52210004d1D;WALL;199;0,18;24,03;5,27;0,83;;2,57;DEBW_52210004d1D
UUID_989d8e5f-2cb4-42c7-b509-7aef5e988a6b;DEBW_52210004d1D;WALL;199;0,18;65,26;14,32;0,83;;2,57;DEBW_52210004d1D
UUID_db8a587e-bb13-418c-915f-04aac99b0fc6;DEBW_52210004d1D;WALL;199;0,18;51,69;11,35;0,83;;2,57;DEBW_52210004d1D
UUID_8c7c01eb-e29d-41af-bcce-b4ea7056bcc9;DEBW_52210004d1D;ROOF;226;0,10;130,41;14,49;0,43;;2,57;DEBW_52210004d1D
UUID_a9cf0018-e25b-4670-b1be-62ff15740c17;DEBW_52210004I7k;WALL;199;0,27;5,16;1,91;0,83;;2,57;DEBW_52210004I7k
UUID_4b494d89-a87c-4805-80aa-58f8e469360b;DEBW_52210004I7k;WALL;199;0,27;5,19;1,92;0,83;;2,57;DEBW_52210004I7k
UUID_598a08e1-e60e-4a4c-87a9-4215ecf0a60d;DEBW_52210004I7k;WALL;199;0,27;0,00;0,00;0,83;;2,57;DEBW_52210004I7k
UUID_e1dc0dbc-8eac-40a5-b5cc-a328d3b8f398;DEBW_52210004I7k;ROOF;226;0,10;2,34;0,26;0,43;;2,57;DEBW_52210004I7k
UUID_57e9e204-2038-4b78-bcf9-d549794eefb2;DEBW_52210004I7k;GROUND;150;0,00;2,59;0,00;0,62;;;DEBW_52210004I7k
UUID_6557510b-07c2-4d80-a572-c47616a4a6ab;DEBW_52210004I7k;WALL;199;0,27;15,15;5,60;0,83;;2,57;DEBW_52210004I7k
UUID_55094761-859d-4e9e-bdb2-f810b37ac400;DEBW_52210004z8O;WALL;199;0,14;11,25;1,83;0,83;;2,57;DEBW_52210004z8O
UUID_217ed6f5-d60d-4493-a64d-1fd1c4cce14a;DEBW_52210004z8O;ROOF;94;0,00;42,19;0,00;0,43;;2,57;DEBW_52210004z8O
UUID_5feaedcf-2a2c-4183-8ea9-06d26cf03807;DEBW_52210004z8O;WALL;199;0,14;11,25;1,83;0,83;;2,57;DEBW_52210004z8O
UUID_7a4b6398-2b19-4f41-a951-18e2d997610e;DEBW_52210004z8O;WALL;199;0,14;14,32;2,33;0,83;;2,57;DEBW_52210004z8O
UUID_30fa7dee-f9fb-47a3-99ad-5087a8c78e94;DEBW_52210004z8O;WALL;199;0,14;19,75;3,21;0,83;;2,57;DEBW_52210004z8O
UUID_436ec95a-5e3e-4617-b1ca-13287c76bd20;DEBW_52210004z8O;GROUND;150;0,00;42,19;0,00;0,62;;;DEBW_52210004z8O
UUID_ced6f603-f1cd-423c-92e0-d40e23f9f21e;DEBW_52210004za1;WALL;199;0,27;5,91;2,19;0,83;;2,57;DEBW_52210004za1
UUID_5a71db29-b9b0-4377-9ee2-ab9049d7f842;DEBW_52210004za1;ROOF;100;0,00;16,56;0,00;0,40;;2,57;DEBW_52210004za1
UUID_0901a798-ae7d-4bde-ba3a-66c074ec0b3d;DEBW_52210004za1;WALL;199;0,27;0,00;0,00;0,83;;2,57;DEBW_52210004za1
UUID_7df1c0f3-69e2-4f2e-b5e1-ecf3146dfb63;DEBW_52210004za1;GROUND;150;0,00;16,56;0,00;0,62;;;DEBW_52210004za1
UUID_4da6e044-8289-4d7a-a8c4-096f3a03fd43;DEBW_52210004za1;WALL;199;0,27;5,89;2,18;0,83;;2,57;DEBW_52210004za1
UUID_801c0279-6b27-4f0d-8bb4-09b2d6fd2a7f;DEBW_52210004za1;WALL;199;0,27;0,77;0,29;0,83;;2,57;DEBW_52210004za1
UUID_7a8519b4-60d6-4df9-98a9-3fadcd88a96e;DEBW_52210004za1;WALL;199;0,27;10,81;4,00;0,83;;2,57;DEBW_52210004za1
UUID_4b80df23-cf6e-44e6-9c06-b6c86727e0d0;DEBW_52210005doZ;WALL;199;0,18;68,07;14,94;0,83;;2,57;DEBW_52210005doZ
UUID_be9d1cae-1a70-4df5-b237-24b43142ad46;DEBW_52210005doZ;ROOF;226;0,10;16,40;1,82;0,43;;2,57;DEBW_52210005doZ
UUID_85784f5a-d0e5-4fc0-bfde-00a2a8ffc191;DEBW_52210005doZ;WALL;199;0,18;11,16;2,45;0,83;;2,57;DEBW_52210005doZ
UUID_1f002b4f-90cc-4763-91fb-be7f9c6327c5;DEBW_52210005doZ;ROOF;226;0,10;52,94;5,88;0,43;;2,57;DEBW_52210005doZ
UUID_cf91187d-c068-451a-a39f-bb24f07df4be;DEBW_52210005doZ;WALL;199;0,18;0,17;0,04;0,83;;2,57;DEBW_52210005doZ
UUID_03b09c40-f245-427c-a3cc-9d2521f6219d;DEBW_52210005doZ;WALL;199;0,18;1,61;0,35;0,83;;2,57;DEBW_52210005doZ
UUID_7797104f-4be3-404e-b600-aa3745ce2712;DEBW_52210005doZ;WALL;199;0,18;63,51;13,94;0,83;;2,57;DEBW_52210005doZ
UUID_58ff3852-5143-4aac-9baf-d7b8592aca98;DEBW_52210005doZ;ROOF;226;0,10;51,69;5,74;0,43;;2,57;DEBW_52210005doZ
UUID_d5325c58-414d-40ea-8fc3-15cc23622673;DEBW_52210005doZ;WALL;199;0,18;0,27;0,06;0,83;;2,57;DEBW_52210005doZ
UUID_0cead2c0-0f2c-435a-83f8-74225ebc7c2f;DEBW_52210005doZ;WALL;199;0,18;0,27;0,06;0,83;;2,57;DEBW_52210005doZ
UUID_970a1c6f-d3fa-49e9-88e2-573debb36a73;DEBW_52210005doZ;WALL;199;0,18;23,12;5,08;0,83;;2,57;DEBW_52210005doZ
UUID_422453c7-6f6c-4df4-9f29-fcf455a7cdca;DEBW_52210005doZ;WALL;199;0,18;6,27;1,38;0,83;;2,57;DEBW_52210005doZ
UUID_ac28a79b-9c77-4149-8d70-2071a047ec93;DEBW_52210005doZ;GROUND;150;0,00;96,14;0,00;0,62;;;DEBW_52210005doZ
UUID_8f8b4a68-85e3-4ebb-9a27-aa293d05b099;DEBW_52210005doZ;WALL;199;0,18;1,80;0,40;0,83;;2,57;DEBW_52210005doZ
UUID_35b09f28-bcaa-43a8-a1ff-1fb72e5e223a;DEBW_52210005doZ;WALL;199;0,18;72,11;15,83;0,83;;2,57;DEBW_52210005doZ
UUID_ebc1cf8c-dd19-48c4-815d-3106e416c4ff;DEBW_52210005doZ;WALL;199;0,18;0,00;0,00;0,83;;2,57;DEBW_52210005doZ
UUID_b720a872-59a7-4b62-b4a2-f89f89635e4f;DEBW_52210005doZ;WALL;199;0,18;43,95;9,65;0,83;;2,57;DEBW_52210005doZ
UUID_88487e3d-7c68-475a-81c9-d1d4b29a8db9;DEBW_52210005JJw;WALL;199;0,14;0,64;0,10;0,83;;2,57;DEBW_52210005JJw
UUID_cf2c36ed-31d0-47bc-bc0e-ea6ea97c4bbf;DEBW_52210005JJw;WALL;199;0,14;0,35;0,06;0,83;;2,57;DEBW_52210005JJw
UUID_89ccb32f-dc54-4bfd-a07d-df09a4bb724c;DEBW_52210005JJw;WALL;199;0,14;0,83;0,13;0,83;;2,57;DEBW_52210005JJw
UUID_bd557f89-06d2-4d67-942e-463ab1ed6fa8;DEBW_52210005JJw;ROOF;226;0,10;3,80;0,42;0,43;;2,57;DEBW_52210005JJw
UUID_d5853817-9eed-4af0-a1d5-d5fd6e377a19;DEBW_52210005JJw;WALL;199;0,14;2,72;0,44;0,83;;2,57;DEBW_52210005JJw
UUID_a0a58245-7221-4fbc-9573-0ed814a062e9;DEBW_52210005JJw;WALL;199;0,14;9,60;1,56;0,83;;2,57;DEBW_52210005JJw
UUID_45ef4f69-a9a9-4e97-b3ee-98af15a9027d;DEBW_52210005JJw;WALL;199;0,14;0,28;0,05;0,83;;2,57;DEBW_52210005JJw
UUID_74f02efb-ff1d-4fcc-83bf-c12252f005ef;DEBW_52210005JJw;WALL;199;0,14;12,89;2,10;0,83;;2,57;DEBW_52210005JJw
UUID_41ec1518-2a6a-412d-b1be-5a442dc876be;DEBW_52210005JJw;ROOF;226;0,10;5,11;0,57;0,43;;2,57;DEBW_52210005JJw
UUID_eff53bd8-a255-4ea8-876a-4bb36eff5942;DEBW_52210005JJw;WALL;199;0,14;9,12;1,48;0,83;;2,57;DEBW_52210005JJw
UUID_8647818c-fa80-48a4-adbb-daa8a8e2da30;DEBW_52210005JJw;WALL;199;0,14;2,68;0,44;0,83;;2,57;DEBW_52210005JJw
UUID_298c92b7-d8d2-4c53-b49a-c2c00ebab409;DEBW_52210005JJw;ROOF;226;0,10;2,62;0,29;0,43;;2,57;DEBW_52210005JJw
UUID_b71da307-d07b-4d5b-840a-9e80cda277af;DEBW_52210005JJw;GROUND;150;0,00;15,38;0,00;0,62;;;DEBW_52210005JJw
UUID_edd94cc4-05bd-437a-98f0-7dabcb09b3f5;DEBW_52210005JJw;ROOF;226;0,10;5,21;0,58;0,43;;2,57;DEBW_52210005JJw
UUID_41b79add-c106-45f5-b652-59d358e88bec;DEBW_52210005JJw;WALL;199;0,14;0,38;0,06;0,83;;2,57;DEBW_52210005JJw
UUID_6860f7a1-69f9-42d0-b5b9-9cf73bda77f5;DEBW_52210004GG6;WALL;199;0,27;3,40;1,26;0,83;;2,57;DEBW_52210004GG6
UUID_3ad09937-fe4f-4a4e-8cfe-572f80242c09;DEBW_52210004GG6;ROOF;226;0,10;2,35;0,26;0,43;;2,57;DEBW_52210004GG6
UUID_5cffb4c0-d61e-4200-8d2e-f1692989029a;DEBW_52210004GG6;WALL;199;0,27;3,37;1,25;0,83;;2,57;DEBW_52210004GG6
UUID_14304eb5-84ea-4c85-b106-59040b972795;DEBW_52210004GG6;WALL;199;0,27;5,97;2,21;0,83;;2,57;DEBW_52210004GG6
UUID_47134610-0f0f-46cb-8724-ba2252699b92;DEBW_52210004GG6;WALL;199;0,27;0,00;0,00;0,83;;2,57;DEBW_52210004GG6
UUID_b78a8826-2f07-4ac0-930b-83f7840157ff;DEBW_52210004GG6;GROUND;150;0,00;2,61;0,00;0,62;;;DEBW_52210004GG6
UUID_9b846cf1-8934-4dd0-85b5-c19354d9c6ac;DEBW_52210004zBB;WALL;199;0,27;8,36;3,09;0,83;;2,57;DEBW_52210004zBB
UUID_35aaaea2-1ed6-4a85-806c-05bf9eb704d2;DEBW_52210004zBB;GROUND;150;0,00;6,18;0,00;0,62;;;DEBW_52210004zBB
UUID_8b1f45f1-c0a2-46cc-b1bc-183a9fb93cdb;DEBW_52210004zBB;ROOF;226;0,10;5,57;0,62;0,43;;2,57;DEBW_52210004zBB
UUID_0955d1f2-ee84-44a1-beac-248dba629880;DEBW_52210004zBB;WALL;199;0,27;15,60;5,77;0,83;;2,57;DEBW_52210004zBB
UUID_64f7218a-49ab-44f9-845e-8135fc5143c2;DEBW_52210004zBB;WALL;199;0,27;0,00;0,00;0,83;;2,57;DEBW_52210004zBB
UUID_a08d529e-4bf9-42a1-b032-5c517c0801d6;DEBW_52210004zBB;WALL;199;0,27;8,37;3,09;0,83;;2,57;DEBW_52210004zBB
UUID_f8358aad-df11-4dfa-9b07-61d6632f460b;DEBW_52210005dwJ;WALL;199;0,14;23,48;3,82;0,83;;2,57;DEBW_52210005dwJ
UUID_845f4483-a3ec-462b-9ea1-b3a34a59f7ad;DEBW_52210005dwJ;GROUND;150;0,00;43,13;0,00;0,62;;;DEBW_52210005dwJ
UUID_ef9435fb-6ce5-4680-a8dd-1f2bb40e2de2;DEBW_52210005dwJ;WALL;199;0,14;16,52;2,69;0,83;;2,57;DEBW_52210005dwJ
UUID_62e756be-f9a2-4e03-91b7-758e77d3de8f;DEBW_52210005dwJ;WALL;199;0,14;16,06;2,61;0,83;;2,57;DEBW_52210005dwJ
UUID_6a77fc95-3656-479c-bfc0-54c074485bf2;DEBW_52210005dwJ;WALL;199;0,14;15,48;2,52;0,83;;2,57;DEBW_52210005dwJ
UUID_b80a6557-9e46-4a52-86c3-c32ef4c3d582;DEBW_52210005dwJ;ROOF;226;0,10;39,82;4,42;0,43;;2,57;DEBW_52210005dwJ
UUID_78172b49-5821-40ea-8490-46586b78d702;DEBW_52210005JLS;WALL;199;0,14;3,66;0,60;0,83;;2,57;DEBW_52210005JLS
UUID_7551a421-43ce-4853-9258-9ab15100467c;DEBW_52210005JLS;WALL;199;0,14;3,62;0,59;0,83;;2,57;DEBW_52210005JLS
UUID_c6fb8385-090e-402d-96af-a097c8954a07;DEBW_52210005JLS;GROUND;150;0,00;7,54;0,00;0,62;;;DEBW_52210005JLS
UUID_2eda74f7-9d3d-47d5-b93c-97e55386326a;DEBW_52210005JLS;WALL;199;0,14;5,52;0,90;0,83;;2,57;DEBW_52210005JLS
UUID_fb86c172-0c94-467a-bce0-7564a62f367c;DEBW_52210005JLS;ROOF;226;0,10;3,51;0,39;0,43;;2,57;DEBW_52210005JLS
UUID_2f8c7d19-e6eb-4bb9-ba04-0bd94ec50392;DEBW_52210005JLS;WALL;199;0,14;3,76;0,61;0,83;;2,57;DEBW_52210005JLS
UUID_e6dc179b-b26b-48af-82df-c5397aaee139;DEBW_52210005JLS;WALL;199;0,14;5,79;0,94;0,83;;2,57;DEBW_52210005JLS
UUID_1c0378fc-a22a-41ab-8994-c566edba6126;DEBW_52210005JLS;WALL;199;0,14;3,76;0,61;0,83;;2,57;DEBW_52210005JLS
UUID_9c10cdd3-f652-43c1-8adb-044f1d4c824f;DEBW_52210005JLS;ROOF;226;0,10;3,59;0,40;0,43;;2,57;DEBW_52210005JLS
UUID_2e214010-97a8-440b-a200-7f9c9d06594d;DEBW_52210004d3g;WALL;199;0,18;6,81;1,49;0,83;;2,57;DEBW_52210004d3g
UUID_31117522-d046-4bd6-bd3f-048d715402dd;DEBW_52210004d3g;WALL;199;0,18;0,00;0,00;0,83;;2,57;DEBW_52210004d3g
UUID_fac66940-48fb-4554-b1c2-855bc3fbe57c;DEBW_52210004d3g;ROOF;226;0,10;67,83;7,54;0,43;;2,57;DEBW_52210004d3g
UUID_865c3814-11bf-4db1-92af-d4257c519431;DEBW_52210004d3g;WALL;199;0,18;0,00;0,00;0,83;;2,57;DEBW_52210004d3g
UUID_8331596e-8a83-46e9-bb7b-31a90b3d5f3f;DEBW_52210004d3g;ROOF;226;0,10;53,09;5,90;0,43;;2,57;DEBW_52210004d3g
UUID_6546802e-c250-4134-827c-8c0ec0017e35;DEBW_52210004d3g;WALL;199;0,18;0,00;0,00;0,83;;2,57;DEBW_52210004d3g
UUID_f003e2f0-15b6-4ca2-ae22-f5e40eee0682;DEBW_52210004d3g;GROUND;150;0,00;104,90;0,00;0,62;;;DEBW_52210004d3g
UUID_d9e3e918-d9d6-4f4d-95cb-111d1a88685a;DEBW_52210004d3g;WALL;199;0,18;0,02;0,01;0,83;;2,57;DEBW_52210004d3g
UUID_bbfcc510-5e69-4063-94f5-8a7a148a6312;DEBW_52210004d3g;WALL;199;0,18;58,27;12,79;0,83;;2,57;DEBW_52210004d3g
UUID_3e85bae0-77c5-428d-9cb7-af7412275f67;DEBW_52210004d3g;WALL;199;0,18;44,53;9,77;0,83;;2,57;DEBW_52210004d3g
UUID_6da0bc86-cebb-4974-813c-e6eaef6c38da;DEBW_52210004d3g;ROOF;226;0,10;0,62;0,07;0,43;;2,57;DEBW_52210004d3g
UUID_e20d0e5f-943e-435b-894a-67d7722d3f5a;DEBW_52210004d3g;WALL;199;0,18;64,06;14,06;0,83;;2,57;DEBW_52210004d3g
UUID_57ab5101-5ff6-4c9d-b142-1e5bfc9e4e3f;DEBW_52210004d3g;WALL;199;0,18;51,84;11,38;0,83;;2,57;DEBW_52210004d3g
UUID_265ae17b-4ff5-4a6b-9273-58086b1c2ea6;DEBW_52210004zaT;ROOF;100;0,00;48,50;0,00;0,40;;2,57;DEBW_52210004zaT
UUID_ff59f052-227d-45cb-a607-567a1d2fd6cb;DEBW_52210004zaT;WALL;199;0,27;17,60;6,51;0,83;;2,57;DEBW_52210004zaT
UUID_d407927a-226b-4988-9c25-e229e9b8bd08;DEBW_52210004zaT;WALL;199;0,27;8,17;3,02;0,83;;2,57;DEBW_52210004zaT
UUID_393d26c3-afcc-43e6-bad1-c191d09fbce9;DEBW_52210004zaT;WALL;199;0,27;0,01;0,01;0,83;;2,57;DEBW_52210004zaT
UUID_7390c81b-6212-41bf-b845-ceca579c8521;DEBW_52210004zaT;GROUND;150;0,00;48,50;0,00;0,62;;;DEBW_52210004zaT
UUID_5413257b-878c-4149-89b6-592c107719cf;DEBW_52210004zaT;WALL;199;0,27;0,00;0,00;0,83;;2,57;DEBW_52210004zaT
UUID_a8a3fcdb-7477-46d9-9f3a-8d740525d051;DEBW_52210004zaT;WALL;199;0,27;0,07;0,02;0,83;;2,57;DEBW_52210004zaT
UUID_21fb821d-acb7-4901-81ee-8ad82a69fe3f;DEBW_52210004zaT;WALL;199;0,27;21,25;7,86;0,83;;2,57;DEBW_52210004zaT
UUID_db121d74-9e86-4af8-a217-3f066cecd7f9;DEBW_52210004zaT;WALL;199;0,27;0,17;0,06;0,83;;2,57;DEBW_52210004zaT
UUID_9f50fd21-61d7-44ed-80a5-39b00d322a63;DEBW_52210004zaT;WALL;199;0,27;0,00;0,00;0,83;;2,57;DEBW_52210004zaT
UUID_b7317ee2-10d1-4147-a4d2-9b2d0ca0a997;DEBW_52210005e4L;WALL;199;0,14;6,40;1,04;0,83;;2,57;DEBW_52210005e4L
UUID_39422603-8f57-4384-b470-bae33a600602;DEBW_52210005e4L;WALL;199;0,14;3,07;0,50;0,83;;2,57;DEBW_52210005e4L
UUID_8f170712-b754-47f6-9685-76618ce34798;DEBW_52210005e4L;ROOF;226;0,10;5,69;0,63;0,43;;2,57;DEBW_52210005e4L
UUID_1b80f5ea-5e86-4441-8dd9-584fe9759b0c;DEBW_52210005e4L;WALL;199;0,14;3,85;0,63;0,83;;2,57;DEBW_52210005e4L
UUID_3938c1df-0680-47f1-ae34-dd78adee469a;DEBW_52210005e4L;WALL;199;0,14;5,45;0,89;0,83;;2,57;DEBW_52210005e4L
UUID_744b739c-270d-4813-9027-598c37312566;DEBW_52210005e4L;WALL;199;0,14;11,31;1,84;0,83;;2,57;DEBW_52210005e4L
UUID_87f07403-4b1f-4ddd-83be-346bdcd14a32;DEBW_52210005e4L;GROUND;150;0,00;7,88;0,00;0,62;;;DEBW_52210005e4L
UUID_96f825ff-b14b-439e-87bb-6f962cc29d21;DEBW_52210005e4L;ROOF;226;0,10;3,26;0,36;0,43;;2,57;DEBW_52210005e4L
UUID_c21da506-ceae-4842-b454-e6082e039a15;DEBW_52210005e4L;WALL;199;0,14;12,64;2,06;0,83;;2,57;DEBW_52210005e4L
UUID_4d96b178-3bc0-40ed-b5e4-c82a799a85b7;DEBW_52210004GDQ;WALL;199;0,18;57,38;12,59;0,83;;2,57;DEBW_52210004GDQ
UUID_d955a0ed-a638-4b2b-941e-624a8e3ed03b;DEBW_52210004GDQ;WALL;199;0,18;0,29;0,06;0,83;;2,57;DEBW_52210004GDQ
UUID_bd51e780-8853-44a8-a161-d222bfe3fdd5;DEBW_52210004GDQ;WALL;199;0,18;7,13;1,57;0,83;;2,57;DEBW_52210004GDQ
UUID_91bac9c0-b199-4ecb-8041-ead24a2276e4;DEBW_52210004GDQ;ROOF;226;0,10;48,43;5,38;0,43;;2,57;DEBW_52210004GDQ
UUID_8edf95bb-2044-4b9f-a2e3-bcf581f07d04;DEBW_52210004GDQ;GROUND;150;0,00;90,15;0,00;0,62;;;DEBW_52210004GDQ
UUID_9e92a4f5-80de-4486-9280-e83cc12d660a;DEBW_52210004GDQ;WALL;199;0,18;0,28;0,06;0,83;;2,57;DEBW_52210004GDQ
UUID_9cca289c-edc3-4194-8565-1f984dbe2585;DEBW_52210004GDQ;ROOF;226;0,10;0,22;0,02;0,43;;2,57;DEBW_52210004GDQ
UUID_a2d27c56-d1d8-4c96-88de-935f28c975b9;DEBW_52210004GDQ;WALL;199;0,18;49,71;10,91;0,83;;2,57;DEBW_52210004GDQ
UUID_1ff1ba3f-cbf4-46e2-bfb4-d956aaf8fbfb;DEBW_52210004GDQ;WALL;199;0,18;49,44;10,85;0,83;;2,57;DEBW_52210004GDQ
UUID_a4da183a-2720-4c95-9207-7bee3bcb568b;DEBW_52210004GDQ;ROOF;226;0,10;20,09;2,23;0,43;;2,57;DEBW_52210004GDQ
UUID_0b51c2b5-1b47-4bb8-b811-387db0004eda;DEBW_52210004GDQ;ROOF;226;0,10;20,31;2,26;0,43;;2,57;DEBW_52210004GDQ
UUID_9f6ef7ae-9f37-4bfe-b338-69258da090ea;DEBW_52210004GDQ;WALL;199;0,18;8,07;1,77;0,83;;2,57;DEBW_52210004GDQ
UUID_32114790-69a6-418f-b8cb-aaecdd98a07f;DEBW_52210004GDQ;ROOF;226;0,10;40,82;4,54;0,43;;2,57;DEBW_52210004GDQ
UUID_9eabea88-dd35-40e5-84e4-6ee73ebc72a4;DEBW_52210004GDQ;WALL;199;0,18;77,05;16,91;0,83;;2,57;DEBW_52210004GDQ
UUID_310e310f-1c28-46dd-8f61-bfd97345f7cd;DEBW_52210004GDQ;WALL;199;0,18;15,40;3,38;0,83;;2,57;DEBW_52210004GDQ
UUID_02ecb0f4-4602-428a-9911-df37627a6191;DEBW_52210005JLO;GROUND;150;0,00;75,19;0,00;0,62;;;DEBW_52210005JLO
UUID_cea66b66-288b-4507-b9d5-b369525e2166;DEBW_52210005JLO;WALL;199;0,18;34,76;7,63;0,83;;2,57;DEBW_52210005JLO
UUID_92ed37ee-f5f1-4d7e-bdb6-5d2001a29544;DEBW_52210005JLO;WALL;199;0,18;11,58;2,54;0,83;;2,57;DEBW_52210005JLO
UUID_7a3985a0-d87d-47be-8c42-950ff89c74d9;DEBW_52210005JLO;WALL;199;0,18;29,68;6,52;0,83;;2,57;DEBW_52210005JLO
UUID_2d881d31-1f2f-4518-81b2-d5da5e661ee1;DEBW_52210005JLO;WALL;199;0,18;37,61;8,26;0,83;;2,57;DEBW_52210005JLO
UUID_0d5fe82b-5f10-4e8e-83bb-22fee4a7f591;DEBW_52210005JLO;WALL;199;0,18;70,85;15,55;0,83;;2,57;DEBW_52210005JLO
UUID_5dfb74b5-c344-4515-9c3a-b5f3a856a6dd;DEBW_52210005JLO;WALL;199;0,18;34,72;7,62;0,83;;2,57;DEBW_52210005JLO
UUID_aa0f2718-9fca-49ec-8bb0-9cf8a1a1f65a;DEBW_52210005JLO;ROOF;226;0,10;50,38;5,60;0,43;;2,57;DEBW_52210005JLO
UUID_a3b533bf-ff64-4226-9d4d-a19adcb84c5d;DEBW_52210005JLO;WALL;199;0,18;58,87;12,92;0,83;;2,57;DEBW_52210005JLO
UUID_5c6530e4-e945-434c-a557-ae7585eec0ba;DEBW_52210005JLO;ROOF;226;0,10;46,29;5,14;0,43;;2,57;DEBW_52210005JLO
UUID_12bd7946-8ef1-4b5f-a147-9244ae9e210e;DEBW_52210005eVZ;GROUND;150;0,00;18,67;0,00;0,62;;;DEBW_52210005eVZ
UUID_1d433636-0df8-41b9-9cca-cb97796e4ed9;DEBW_52210005eVZ;WALL;199;0,27;6,53;2,41;0,83;;2,57;DEBW_52210005eVZ
UUID_c4ec84c3-c630-4c0e-ab3c-39e49c444881;DEBW_52210005eVZ;WALL;199;0,27;8,84;3,27;0,83;;2,57;DEBW_52210005eVZ
UUID_70f7a588-fb9f-4457-90f9-44c6bd21636c;DEBW_52210005eVZ;WALL;199;0,27;7,39;2,73;0,83;;2,57;DEBW_52210005eVZ
UUID_351b7886-dac9-468a-81b6-b451d3ca49d2;DEBW_52210005eVZ;ROOF;100;0,00;18,67;0,00;0,40;;2,57;DEBW_52210005eVZ
UUID_82f4a0c8-e08d-4c05-826a-89921b8b3352;DEBW_52210005eVZ;WALL;199;0,27;0,00;0,00;0,83;;2,57;DEBW_52210005eVZ
UUID_7d4923b3-c1d0-40eb-a6fd-00a0c4a2d06a;DEBW_52210004zaj;GROUND;150;0,00;6,27;0,00;0,62;;;DEBW_52210004zaj
UUID_2db08c6d-b5ae-47c6-890e-54547c3338fc;DEBW_52210004zaj;ROOF;226;0,10;6,21;0,69;0,43;;2,57;DEBW_52210004zaj
UUID_f1f60850-b860-4022-b2b1-0897f149cd8f;DEBW_52210004zaj;WALL;199;0,18;25,63;5,63;0,83;;2,57;DEBW_52210004zaj
UUID_9aeeda39-1bab-4481-8d3b-db020a79873f;DEBW_52210004zaj;WALL;199;0,18;2,01;0,44;0,83;;2,57;DEBW_52210004zaj
UUID_0e7642b0-0532-47d0-9d1f-b9a19e066920;DEBW_52210004zaj;WALL;199;0,18;13,49;2,96;0,83;;2,57;DEBW_52210004zaj
UUID_2f36196d-6b23-4c09-9716-7cd8714e12a2;DEBW_52210004zaj;WALL;199;0,18;19,44;4,27;0,83;;2,57;DEBW_52210004zaj
UUID_5982c19a-b934-407b-bb54-814db26363ef;DEBW_52210004GNE;WALL;199;0,14;5,55;0,90;0,83;;2,57;DEBW_52210004GNE
UUID_21ba78e4-43a0-429b-baff-c838d2decbf9;DEBW_52210004GNE;WALL;199;0,14;20,87;3,40;0,83;;2,57;DEBW_52210004GNE
UUID_248077cf-75b4-4935-a106-5d64718b3cdb;DEBW_52210004GNE;ROOF;226;0,10;55,87;6,21;0,43;;2,57;DEBW_52210004GNE
UUID_89729fa3-e570-456b-91a2-1686fc7cc4fb;DEBW_52210004GNE;WALL;199;0,14;6,30;1,02;0,83;;2,57;DEBW_52210004GNE
UUID_6b20ad79-b987-40b7-9209-f0fbcd8ac63e;DEBW_52210004GNE;WALL;199;0,14;6,00;0,98;0,83;;2,57;DEBW_52210004GNE
UUID_7d27325a-2c83-4ae5-b70f-8616e4dcfdec;DEBW_52210004GNE;WALL;199;0,14;2,48;0,40;0,83;;2,57;DEBW_52210004GNE
UUID_398e2842-88e1-4175-9ed7-1b41092eff80;DEBW_52210004GNE;WALL;199;0,14;16,48;2,68;0,83;;2,57;DEBW_52210004GNE
UUID_a1942617-1ea1-4f0e-ad0f-b727329e3e31;DEBW_52210004GNE;WALL;199;0,14;2,81;0,46;0,83;;2,57;DEBW_52210004GNE
UUID_d81e76c6-032e-4c55-89f2-7b707187a0f2;DEBW_52210004GNE;WALL;199;0,14;6,99;1,14;0,83;;2,57;DEBW_52210004GNE
UUID_f1bd2866-b304-412a-8def-2c4ef9962aa7;DEBW_52210004GNE;GROUND;150;0,00;62,08;0,00;0,62;;;DEBW_52210004GNE
UUID_13434c24-84db-4813-923c-8936e5d938f0;DEBW_52210005eaU;WALL;199;0,27;7,85;2,90;0,83;;2,57;DEBW_52210005eaU
UUID_140f13fb-a370-4236-8b2c-cf7c93985bcc;DEBW_52210005eaU;WALL;199;0,27;0,59;0,22;0,83;;2,57;DEBW_52210005eaU
UUID_d4788ae8-11a6-47f6-9107-caee1637ccc2;DEBW_52210005eaU;ROOF;100;0,00;18,88;0,00;0,40;;2,57;DEBW_52210005eaU
UUID_1269b8a6-a38a-4e9e-a082-82c8da4b9fb0;DEBW_52210005eaU;WALL;199;0,27;0,00;0,00;0,83;;2,57;DEBW_52210005eaU
UUID_a55291c1-4036-4186-b4db-bd0a416ec3f3;DEBW_52210005eaU;GROUND;150;0,00;18,88;0,00;0,62;;;DEBW_52210005eaU
UUID_90ba7e75-9336-4172-8809-22f7e9d9a562;DEBW_52210005eaU;WALL;199;0,27;7,92;2,93;0,83;;2,57;DEBW_52210005eaU
UUID_e25d1516-be93-48c0-928c-2f2db6a3420b;DEBW_52210004zeG;WALL;199;0,14;23,15;3,77;0,83;;2,57;DEBW_52210004zeG
UUID_fcf4317f-faa9-4a5b-a19f-ceb8e3c85609;DEBW_52210004zeG;WALL;199;0,14;30,79;5,01;0,83;;2,57;DEBW_52210004zeG
UUID_972d0d41-2f67-47a5-9ceb-832978de1a04;DEBW_52210004zeG;GROUND;150;0,00;43,49;0,00;0,62;;;DEBW_52210004zeG
UUID_7cf81c95-404e-4fd3-9a35-2d89cb6a8eb3;DEBW_52210004zeG;WALL;199;0,14;9,46;1,54;0,83;;2,57;DEBW_52210004zeG
UUID_4c96c8bd-9c6a-40c4-8ce8-3670d9dac88a;DEBW_52210004zeG;WALL;199;0,14;29,96;4,88;0,83;;2,57;DEBW_52210004zeG
UUID_bb752024-5257-4730-a928-7e02c5f008c6;DEBW_52210004zeG;WALL;199;0,14;14,40;2,34;0,83;;2,57;DEBW_52210004zeG
UUID_8dab1efe-39ac-4c17-828c-10267bcdf795;DEBW_52210004zeG;ROOF;226;0,10;39,14;4,35;0,43;;2,57;DEBW_52210004zeG
UUID_39d0b326-11fe-48b2-81c5-5656dafa5e25;DEBW_52210004zeG;WALL;199;0,14;6,19;1,01;0,83;;2,57;DEBW_52210004zeG
UUID_533ada16-10a2-405b-a438-2d88992922d8;DEBW_52210004zAp;ROOF;226;0,10;31,24;3,47;0,43;;2,57;DEBW_52210004zAp
UUID_95e832d6-3171-4f83-ad43-6c5007c00eee;DEBW_52210004zAp;WALL;199;0,18;23,05;5,06;0,83;;2,57;DEBW_52210004zAp
UUID_92c758d9-30ac-4d97-89ae-74aa245f2585;DEBW_52210004zAp;WALL;199;0,18;6,94;1,52;0,83;;2,57;DEBW_52210004zAp
UUID_8a1a2713-2c39-4992-9dbd-86a2e86d2064;DEBW_52210004zAp;GROUND;150;0,00;56,58;0,00;0,62;;;DEBW_52210004zAp
UUID_f2741ceb-2785-4167-8b2c-6416ec72d7b1;DEBW_52210004zAp;ROOF;226;0,10;30,96;3,44;0,43;;2,57;DEBW_52210004zAp
UUID_2c2ca128-4aa4-4583-93e1-4e80c796131a;DEBW_52210004zAp;WALL;199;0,18;17,35;3,81;0,83;;2,57;DEBW_52210004zAp
UUID_ea75105f-537c-421d-9d1b-2b5896d2c129;DEBW_52210004zAp;WALL;199;0,18;0,23;0,05;0,83;;2,57;DEBW_52210004zAp
UUID_681d3483-20f9-4765-911e-f4a5f75f095e;DEBW_52210004zAp;WALL;199;0,18;40,99;9,00;0,83;;2,57;DEBW_52210004zAp
UUID_90ef86c4-6e8b-4156-9041-e64d07b8b687;DEBW_52210004zAp;WALL;199;0,18;0,28;0,06;0,83;;2,57;DEBW_52210004zAp
UUID_79dcba37-e96a-4fb5-8e0a-41d90564c6e9;DEBW_52210004zAp;WALL;199;0,18;40,77;8,95;0,83;;2,57;DEBW_52210004zAp
UUID_66897ca1-ed0e-4573-ad88-2505d4088af4;DEBW_52210004dCH;GROUND;150;0,00;52,74;0,00;0,62;;;DEBW_52210004dCH
UUID_bd3f98d0-4d9d-4d6d-923f-b7ca7b1059fb;DEBW_52210004dCH;WALL;199;0,14;1,63;0,27;0,83;;2,57;DEBW_52210004dCH
UUID_66ef26d7-2b3a-4be9-9338-325d5822be60;DEBW_52210004dCH;WALL;199;0,14;1,63;0,27;0,83;;2,57;DEBW_52210004dCH
UUID_dcff0a03-b96f-4e1c-83ec-895ef683da9e;DEBW_52210004dCH;WALL;199;0,14;14,28;2,33;0,83;;2,57;DEBW_52210004dCH
UUID_cc44051c-e891-4c06-a815-015d5f1b4ccf;DEBW_52210004dCH;ROOF;226;0,10;47,46;5,27;0,43;;2,57;DEBW_52210004dCH
UUID_ac5ebf86-6d9e-467d-8033-1b2f7bbe16b6;DEBW_52210004dCH;WALL;199;0,14;11,45;1,86;0,83;;2,57;DEBW_52210004dCH
UUID_97aa0911-ce73-4fa2-b67e-77348bcd59d7;DEBW_52210004dCH;WALL;199;0,14;1,50;0,24;0,83;;2,57;DEBW_52210004dCH
UUID_45519dae-c764-4459-9339-f9ce4a27bbea;DEBW_52210004dCH;WALL;199;0,14;6,18;1,01;0,83;;2,57;DEBW_52210004dCH
UUID_e30c6aa3-6a87-47a5-96b2-0fd59beac67f;DEBW_52210004dCH;WALL;199;0,14;5,64;0,92;0,83;;2,57;DEBW_52210004dCH
UUID_77054dfc-6036-4229-a7d4-c638196f5540;DEBW_52210004dCH;WALL;199;0,14;1,40;0,23;0,83;;2,57;DEBW_52210004dCH
UUID_fa01cf49-8ba1-4ed6-94ce-df7eaa47bba2;DEBW_52210004dCH;WALL;199;0,14;1,35;0,22;0,83;;2,57;DEBW_52210004dCH
UUID_d4e78ace-aeb2-40da-b81f-16bb14a3901b;DEBW_52210004dCH;WALL;199;0,14;6,21;1,01;0,83;;2,57;DEBW_52210004dCH
UUID_29909680-421b-4c5b-869a-fc3139cd5261;DEBW_52210004dCH;WALL;199;0,14;6,49;1,06;0,83;;2,57;DEBW_52210004dCH
UUID_62ca3376-8b7c-4be0-b011-4c8d754eb3fc;DEBW_52210003rDK;WALL;199;0,14;12,85;2,09;0,83;;2,57;DEBW_52210003rDK
UUID_2142d04a-15d9-4deb-9241-13d5987e7a49;DEBW_52210003rDK;GROUND;150;0,00;88,62;0,00;0,62;;;DEBW_52210003rDK
UUID_e9f969f0-887f-4a1a-b643-c62771119809;DEBW_52210003rDK;WALL;199;0,14;22,04;3,59;0,83;;2,57;DEBW_52210003rDK
UUID_94be693f-eeff-4f26-9511-cb7b07b7a0e2;DEBW_52210003rDK;WALL;199;0,14;12,91;2,10;0,83;;2,57;DEBW_52210003rDK
UUID_fb9df2a3-618c-41d1-b528-b5dcf36cf156;DEBW_52210003rDK;ROOF;226;0,10;79,76;8,86;0,43;;2,57;DEBW_52210003rDK
UUID_0b2dec11-77ec-4c45-9d16-f03f5e607ee3;DEBW_52210003rDK;WALL;199;0,14;1,87;0,31;0,83;;2,57;DEBW_52210003rDK
UUID_f0534bb0-4135-4d12-8e40-d92a03dc0158;DEBW_52210003rDK;WALL;199;0,14;0,88;0,14;0,83;;2,57;DEBW_52210003rDK
UUID_9afbcb6b-042d-4792-a81c-8225291b4cc7;DEBW_52210003rDK;WALL;199;0,14;19,67;3,20;0,83;;2,57;DEBW_52210003rDK
UUID_7eceb534-6c5c-412b-9402-219041027c80;DEBW_52210003rDK;WALL;199;0,14;5,80;0,94;0,83;;2,57;DEBW_52210003rDK
UUID_43468316-e90f-4264-a7d3-cca7086124b0;DEBW_52210003rDK;WALL;199;0,14;12,90;2,10;0,83;;2,57;DEBW_52210003rDK
UUID_1e91a1fd-6cc2-4ea2-bedf-b8ab5caaf823;DEBW_52210005yG0;WALL;199;0,18;5,33;1,17;0,83;;2,57;DEBW_52210005yG0
UUID_22c75c0b-59a1-4cf4-b51a-4d7e348fd2b8;DEBW_52210005yG0;WALL;199;0,18;11,10;2,44;0,83;;2,57;DEBW_52210005yG0
UUID_054b013b-48df-4e2c-808d-3f6be2887ae0;DEBW_52210005yG0;WALL;199;0,18;49,17;10,79;0,83;;2,57;DEBW_52210005yG0
UUID_04a164f3-d972-4aea-bfc2-abbb24acd87c;DEBW_52210005yG0;WALL;199;0,18;0,41;0,09;0,83;;2,57;DEBW_52210005yG0
UUID_d0af42da-6378-45d1-84b9-75ab0556f3b0;DEBW_52210005yG0;WALL;199;0,18;50,96;11,19;0,83;;2,57;DEBW_52210005yG0
UUID_5fd3dace-edb4-4ead-a187-9686b5b8dba8;DEBW_52210005yG0;WALL;199;0,18;27,33;6,00;0,83;;2,57;DEBW_52210005yG0
UUID_0c5ac372-c2f4-4921-8cc4-2c8cec9eacd7;DEBW_52210005yG0;WALL;199;0,18;16,53;3,63;0,83;;2,57;DEBW_52210005yG0
UUID_c37e43cf-61c5-4a1d-a62a-4d3f5597b208;DEBW_52210005yG0;ROOF;226;0,10;75,07;8,34;0,43;;2,57;DEBW_52210005yG0
UUID_c5145abc-c1ee-4ede-b103-3986e5bafeca;DEBW_52210005yG0;WALL;199;0,18;0,49;0,11;0,83;;2,57;DEBW_52210005yG0
UUID_be2f3208-9971-47d0-b468-89eb9f3a110e;DEBW_52210005yG0;WALL;199;0,18;31,12;6,83;0,83;;2,57;DEBW_52210005yG0
UUID_766d68f0-168a-4e57-9134-6652903c5700;DEBW_52210005yG0;ROOF;226;0,10;70,50;7,83;0,43;;2,57;DEBW_52210005yG0
UUID_51170357-d837-4857-91b4-9026ec9151f4;DEBW_52210005yG0;WALL;199;0,18;48,25;10,59;0,83;;2,57;DEBW_52210005yG0
UUID_220badb2-9586-4b10-b2ac-cc41a88afad4;DEBW_52210005yG0;GROUND;150;0,00;117,62;0,00;0,62;;;DEBW_52210005yG0
UUID_97c9ad2b-3329-4c98-a0a2-9373dff1cfb0;DEBW_52210005yG0;WALL;199;0,18;2,20;0,48;0,83;;2,57;DEBW_52210005yG0
UUID_37f3899d-958e-447e-8882-380354ab3403;DEBW_52210005yG0;WALL;199;0,18;45,14;9,91;0,83;;2,57;DEBW_52210005yG0
UUID_b24f7fc1-1f82-40f2-8455-258e461be03f;DEBW_52210005yG0;WALL;199;0,18;47,51;10,43;0,83;;2,57;DEBW_52210005yG0
UUID_07806046-f46e-487d-a8e1-6511aab85a85;DEBW_52210005yG0;WALL;199;0,18;52,73;11,58;0,83;;2,57;DEBW_52210005yG0
UUID_e564f434-1eb5-47fa-b3be-9402fddc5ac7;DEBW_52210005yG0;WALL;199;0,18;4,97;1,09;0,83;;2,57;DEBW_52210005yG0
UUID_42a9aff7-e03a-43c4-b66d-faa886399da6;DEBW_52210005JMk;WALL;199;0,14;63,78;10,38;0,83;;2,57;DEBW_52210005JMk
UUID_365b228a-6dec-4dca-a3d9-e85ab0f33c23;DEBW_52210005JMk;WALL;199;0,14;1,83;0,30;0,83;;2,57;DEBW_52210005JMk
UUID_a5ac466c-43bf-4db3-896a-f991b91ce6ad;DEBW_52210005JMk;WALL;199;0,14;48,37;7,87;0,83;;2,57;DEBW_52210005JMk
UUID_e3b519ee-2615-47ff-84cb-461c16d7be40;DEBW_52210005JMk;WALL;199;0,14;22,06;3,59;0,83;;2,57;DEBW_52210005JMk
UUID_325d9181-86e4-4834-b5a3-0d0d627058ef;DEBW_52210005JMk;WALL;199;0,14;2,70;0,44;0,83;;2,57;DEBW_52210005JMk
UUID_aa139114-894d-4da4-b786-bb72cc290193;DEBW_52210005JMk;GROUND;150;0,00;83,86;0,00;0,62;;;DEBW_52210005JMk
UUID_1d027295-0efd-4796-9ad4-d677c94242b2;DEBW_52210005JMk;WALL;199;0,14;53,54;8,72;0,83;;2,57;DEBW_52210005JMk
UUID_b716f9e5-27fd-4556-8eea-efcced8edc41;DEBW_52210005JMk;WALL;199;0,14;80,12;13,04;0,83;;2,57;DEBW_52210005JMk
UUID_de1ed1d6-abff-4920-af19-59aa5bc9d909;DEBW_52210005JMk;ROOF;226;0,10;30,83;3,43;0,43;;2,57;DEBW_52210005JMk
UUID_39d46ca1-2395-4992-a7c1-50f5a0bda1b0;DEBW_52210005JMk;WALL;199;0,14;12,64;2,06;0,83;;2,57;DEBW_52210005JMk
UUID_e79cef0a-6ad4-4e9b-9a17-714edd8d0ef5;DEBW_52210005JMk;ROOF;226;0,10;51,51;5,72;0,43;;2,57;DEBW_52210005JMk
UUID_21762948-1b01-4222-b447-eed76c444b18;DEBW_52210004GPg;GROUND;150;0,00;97,55;0,00;0,62;;;DEBW_52210004GPg
UUID_43e2e2d9-043c-4a8b-9908-d586c1d87bc4;DEBW_52210004GPg;WALL;199;0,18;4,96;1,09;0,83;;2,57;DEBW_52210004GPg
UUID_9f39462f-c647-4b62-b370-52ecd4c49894;DEBW_52210004GPg;ROOF;226;0,10;58,55;6,51;0,43;;2,57;DEBW_52210004GPg
UUID_02c613d4-40a2-4036-b566-53f00240408f;DEBW_52210004GPg;WALL;199;0,18;56,05;12,30;0,83;;2,57;DEBW_52210004GPg
UUID_f6bfc0ee-0a57-4dbc-b7d0-9db651919a47;DEBW_52210004GPg;WALL;199;0,18;33,22;7,29;0,83;;2,57;DEBW_52210004GPg
UUID_3010c4e4-d52e-4e8b-8a50-f75099e650ce;DEBW_52210004GPg;WALL;199;0,18;15,21;3,34;0,83;;2,57;DEBW_52210004GPg
UUID_4d5ea0d6-de8a-431f-a1b2-424e93515d03;DEBW_52210004GPg;WALL;199;0,18;5,32;1,17;0,83;;2,57;DEBW_52210004GPg
UUID_c70cb044-83de-40c0-8791-0b5f96102a83;DEBW_52210004GPg;WALL;199;0,18;23,34;5,12;0,83;;2,57;DEBW_52210004GPg
UUID_7d8309dd-a413-4817-84a8-e11d4f756a14;DEBW_52210004GPg;WALL;199;0,18;42,12;9,25;0,83;;2,57;DEBW_52210004GPg
UUID_dab8c5fc-275b-48fb-922c-fa3479acecdc;DEBW_52210004GPg;ROOF;226;0,10;56,44;6,27;0,43;;2,57;DEBW_52210004GPg
UUID_0bfde290-4717-48f4-86fc-f47dacdcdb13;DEBW_52210004GPg;WALL;199;0,18;66,11;14,51;0,83;;2,57;DEBW_52210004GPg
UUID_0d03b950-9785-4699-bd06-b193ddf0b0b5;DEBW_52210004GPg;WALL;199;0,18;3,38;0,74;0,83;;2,57;DEBW_52210004GPg
UUID_eedb4ffe-4c23-41d0-b87d-fd8abdcc17a5;DEBW_52210003rIo;WALL;199;0,27;2,91;1,08;0,83;;2,57;DEBW_52210003rIo
UUID_e135dd54-f926-42ec-a48d-873025ab4f3a;DEBW_52210003rIo;WALL;199;0,27;2,79;1,03;0,83;;2,57;DEBW_52210003rIo
UUID_e36d150b-4729-4b10-a870-292e0d47bd08;DEBW_52210003rIo;WALL;199;0,27;38,34;14,18;0,83;;2,57;DEBW_52210003rIo
UUID_2d374e5f-b501-4d3c-b206-7b56b5e74554;DEBW_52210003rIo;WALL;199;0,27;22,95;8,49;0,83;;2,57;DEBW_52210003rIo
UUID_711a1373-63d8-4c93-ad5f-860f44268aa0;DEBW_52210003rIo;ROOF;226;0,10;46,03;5,11;0,43;;2,57;DEBW_52210003rIo
UUID_8dd50783-e3d8-4c02-8a96-da76f4801534;DEBW_52210003rIo;WALL;199;0,27;22,59;8,36;0,83;;2,57;DEBW_52210003rIo
UUID_3d9a7443-fcac-49f7-b5df-9b708503e8b1;DEBW_52210003rIo;WALL;199;0,27;24,80;9,17;0,83;;2,57;DEBW_52210003rIo
UUID_5a97609b-3fe4-4997-8be7-7a0069a043e0;DEBW_52210003rIo;GROUND;150;0,00;68,52;0,00;0,62;;;DEBW_52210003rIo
UUID_557b4c1f-98fe-4b03-a576-af4069fbdae3;DEBW_52210003rIo;WALL;199;0,27;14,61;5,40;0,83;;2,57;DEBW_52210003rIo
UUID_b2fdd037-c79c-4d14-88dd-eb0a14cd28fc;DEBW_52210003rIo;ROOF;226;0,10;50,42;5,60;0,43;;2,57;DEBW_52210003rIo
UUID_d44a8de3-41da-4f25-b6e6-7877b4bb86cb;DEBW_52210004d07;ROOF;226;0,10;13,91;1,55;0,43;;2,57;DEBW_52210004d07
UUID_06134dd3-4283-4d63-885f-31eae62788dd;DEBW_52210004d07;WALL;199;0,18;11,55;2,53;0,83;;2,57;DEBW_52210004d07
UUID_ccfe8fb2-d113-4c40-8d16-271ea814fe46;DEBW_52210004d07;WALL;199;0,18;1,54;0,34;0,83;;2,57;DEBW_52210004d07
UUID_237a7683-c253-49db-aa86-6903c7c7f9e5;DEBW_52210004d07;WALL;199;0,18;7,07;1,55;0,83;;2,57;DEBW_52210004d07
UUID_e73330c3-16c0-432b-8bd8-93550eccd0d0;DEBW_52210004d07;GROUND;150;0,00;10,79;0,00;0,62;;;DEBW_52210004d07
UUID_ff50c17f-3ad9-4fdf-bd52-e2632d253293;DEBW_52210004d07;WALL;199;0,18;2,02;0,44;0,83;;2,57;DEBW_52210004d07
UUID_6363dc5a-7d8e-4770-9944-ddfe65952702;DEBW_52210004d07;WALL;199;0,18;0,46;0,10;0,83;;2,57;DEBW_52210004d07
UUID_a50535fb-10c9-4013-88fc-47debbd4300e;DEBW_52210004d07;WALL;199;0,18;27,78;6,10;0,83;;2,57;DEBW_52210004d07
UUID_af18a101-7d9b-48a6-9704-aaea919f4f12;DEBW_52210004d07;ROOF;226;0,10;3,38;0,38;0,43;;2,57;DEBW_52210004d07
UUID_4dc4f851-616c-49ae-b1d5-8441ad291b4e;DEBW_52210004d07;WALL;199;0,18;0,08;0,02;0,83;;2,57;DEBW_52210004d07
UUID_140bec76-681b-4cfa-a567-3a86a20d4d72;DEBW_52210004d07;WALL;199;0,18;0,77;0,17;0,83;;2,57;DEBW_52210004d07
UUID_c130cab1-3b63-4b7a-b71f-186da0d8d915;DEBW_52210004d07;WALL;199;0,18;15,03;3,30;0,83;;2,57;DEBW_52210004d07
UUID_62c5c45d-c69a-498f-a5e4-db5ff938d5a3;DEBW_52210004d07;WALL;199;0,18;0,08;0,02;0,83;;2,57;DEBW_52210004d07
UUID_87156778-4e79-497d-8d9b-497a813f68e0;DEBW_52210004Gqv;WALL;199;0,14;37,08;6,04;0,83;;2,57;DEBW_52210004Gqv
UUID_74a682e3-88e9-45cc-8b45-a9fadefcd07a;DEBW_52210004Gqv;WALL;199;0,14;48,77;7,94;0,83;;2,57;DEBW_52210004Gqv
UUID_b2976b93-910a-4bf2-ae4b-c8bd47e7b545;DEBW_52210004Gqv;WALL;199;0,14;12,31;2,00;0,83;;2,57;DEBW_52210004Gqv
UUID_8ec8765e-80bb-42d3-9fd9-ce7907c7b13a;DEBW_52210004Gqv;WALL;199;0,14;59,70;9,72;0,83;;2,57;DEBW_52210004Gqv
UUID_5aa566d3-bf1c-4c4f-8696-934606e845d4;DEBW_52210004Gqv;WALL;199;0,14;23,07;3,76;0,83;;2,57;DEBW_52210004Gqv
UUID_21cab460-edde-4030-a510-a1e4379ddbfd;DEBW_52210004Gqv;WALL;199;0,14;37,01;6,03;0,83;;2,57;DEBW_52210004Gqv
UUID_b77091a3-2080-42b8-99d3-08a65a2ec26b;DEBW_52210004Gqv;ROOF;226;0,10;88,81;9,87;0,43;;2,57;DEBW_52210004Gqv
UUID_6f0ac91e-1fd2-4973-bba3-c0d4d115dcb1;DEBW_52210004Gqv;GROUND;150;0,00;98,68;0,00;0,62;;;DEBW_52210004Gqv
UUID_2ca90955-b5a5-4759-9d9d-f2e5226c590e;DEBW_52210005JOp;WALL;199;0,18;3,59;0,79;0,83;;2,57;DEBW_52210005JOp
UUID_82404658-8772-4b17-9169-9ef0daac1ecf;DEBW_52210005JOp;GROUND;150;0,00;112,94;0,00;0,62;;;DEBW_52210005JOp
UUID_9eb5038c-e68b-4ad3-832e-eed4bdd9c203;DEBW_52210005JOp;WALL;199;0,18;11,32;2,48;0,83;;2,57;DEBW_52210005JOp
UUID_6a2a1b12-e52c-413f-98b3-ef31f3ad8acc;DEBW_52210005JOp;WALL;199;0,18;14,79;3,25;0,83;;2,57;DEBW_52210005JOp
UUID_d780fecf-6565-4070-9d2d-df02b40eed7c;DEBW_52210005JOp;WALL;199;0,18;15,31;3,36;0,83;;2,57;DEBW_52210005JOp
UUID_66fcb184-41d0-43af-bcee-3a86ca1a169c;DEBW_52210005JOp;WALL;199;0,18;22,58;4,96;0,83;;2,57;DEBW_52210005JOp
UUID_33012d73-5326-4686-8e0c-99f9d749776f;DEBW_52210005JOp;WALL;199;0,18;76,58;16,81;0,83;;2,57;DEBW_52210005JOp
UUID_029c98b9-538f-4658-b95c-49beb7d8dde1;DEBW_52210005JOp;WALL;199;0,18;78,95;17,33;0,83;;2,57;DEBW_52210005JOp
UUID_29aae743-86aa-45b1-98f9-05d27a553628;DEBW_52210005JOp;WALL;199;0,18;23,06;5,06;0,83;;2,57;DEBW_52210005JOp
UUID_13712b1d-f3a8-476e-b027-015cb42406fe;DEBW_52210005JOp;WALL;199;0,18;17,26;3,79;0,83;;2,57;DEBW_52210005JOp
UUID_2e284e90-7463-4950-ae84-5a000c939603;DEBW_52210005JOp;WALL;199;0,18;8,62;1,89;0,83;;2,57;DEBW_52210005JOp
UUID_0fa9b812-5072-4b89-9fa9-01b841e4f48d;DEBW_52210005JOp;ROOF;226;0,10;69,17;7,69;0,43;;2,57;DEBW_52210005JOp
UUID_6babdc15-54f0-4914-a8d5-6fdf334e24f7;DEBW_52210005JOp;ROOF;226;0,10;65,29;7,25;0,43;;2,57;DEBW_52210005JOp
UUID_af962685-6805-4f3e-bde6-32f00c68c444;DEBW_52210004GtY;WALL;199;0,14;8,45;1,38;0,83;;2,57;DEBW_52210004GtY
UUID_9cd6d88f-16cd-4f16-84bb-3e692c59a2b4;DEBW_52210004GtY;WALL;199;0,14;18,53;3,02;0,83;;2,57;DEBW_52210004GtY
UUID_5df15c97-408b-4d05-84fc-d5890bbb7037;DEBW_52210004GtY;WALL;199;0,14;18,34;2,98;0,83;;2,57;DEBW_52210004GtY
UUID_9d52af78-acbe-4788-953b-6e555130bf7d;DEBW_52210004GtY;ROOF;226;0,10;16,25;1,81;0,43;;2,57;DEBW_52210004GtY
UUID_3de36b44-d7bd-49b1-8b2b-629835f71ca9;DEBW_52210004GtY;WALL;199;0,14;8,57;1,40;0,83;;2,57;DEBW_52210004GtY
UUID_ebbbfbed-9f45-4d9c-b7f7-820ac0ba5f20;DEBW_52210004GtY;GROUND;150;0,00;33,03;0,00;0,62;;;DEBW_52210004GtY
UUID_7c3f5d26-197a-4ec2-a7b4-dfd4414a8fe1;DEBW_52210004GtY;ROOF;226;0,10;16,58;1,84;0,43;;2,57;DEBW_52210004GtY
UUID_e5c649d8-7447-4f88-9ca3-6db40216f57e;DEBW_52210004GtY;WALL;199;0,14;8,53;1,39;0,83;;2,57;DEBW_52210004GtY
UUID_e3151f82-3004-497e-9813-059853207ba5;DEBW_52210004GtY;WALL;199;0,14;8,35;1,36;0,83;;2,57;DEBW_52210004GtY
UUID_011cf689-f2bc-405e-a79e-a4eec97647e9;DEBW_52210003rFb;WALL;199;0,18;4,06;0,89;0,83;;2,57;DEBW_52210003rFb
UUID_d9bbcadd-cea1-4a0e-b063-abeb4300413b;DEBW_52210003rFb;WALL;199;0,18;0,21;0,05;0,83;;2,57;DEBW_52210003rFb
UUID_ebf74e38-1fe1-4482-8e0d-2ffeb28696ad;DEBW_52210003rFb;ROOF;226;0,10;23,44;2,60;0,43;;2,57;DEBW_52210003rFb
UUID_7e9803f2-de51-4bbb-9f21-ad4c383add25;DEBW_52210003rFb;WALL;199;0,18;17,24;3,78;0,83;;2,57;DEBW_52210003rFb
UUID_1b22ce74-0238-4726-9654-191eed65dc46;DEBW_52210003rFb;ROOF;226;0,10;50,22;5,58;0,43;;2,57;DEBW_52210003rFb
UUID_2ee9f909-729e-4e6b-93e3-7c4a6cb2ea07;DEBW_52210003rFb;WALL;199;0,18;51,15;11,23;0,83;;2,57;DEBW_52210003rFb
UUID_0eddfc0b-52e9-4566-9a05-87f6ec5c8e8b;DEBW_52210003rFb;WALL;199;0,18;0,31;0,07;0,83;;2,57;DEBW_52210003rFb
UUID_1397abc2-f0bb-4130-b0fb-74b81bfe9df1;DEBW_52210003rFb;WALL;199;0,18;4,03;0,88;0,83;;2,57;DEBW_52210003rFb
UUID_b200dcff-4c35-4f81-a5e8-4fd7725e566e;DEBW_52210003rFb;WALL;199;0,18;22,19;4,87;0,83;;2,57;DEBW_52210003rFb
UUID_6b8b20e0-77f3-4786-bc0d-63f39325b9f8;DEBW_52210003rFb;WALL;199;0,18;80,89;17,76;0,83;;2,57;DEBW_52210003rFb
UUID_44fb3ab0-b029-4fd7-aeda-5e44e0ac229f;DEBW_52210003rFb;WALL;199;0,18;11,05;2,43;0,83;;2,57;DEBW_52210003rFb
UUID_e4de6fc8-dba8-435f-b835-50489832d284;DEBW_52210003rFb;ROOF;226;0,10;63,84;7,09;0,43;;2,57;DEBW_52210003rFb
UUID_8df4390d-3d57-451b-b25b-a1c2acd15d31;DEBW_52210003rFb;ROOF;226;0,10;18,95;2,11;0,43;;2,57;DEBW_52210003rFb
UUID_36838187-98d7-4644-811c-17a4e83e237b;DEBW_52210003rFb;GROUND;150;0,00;114,05;0,00;0,62;;;DEBW_52210003rFb
UUID_0dc4d341-1d9d-4199-9a99-83f8db5e58ff;DEBW_52210003rFb;WALL;199;0,18;60,21;13,22;0,83;;2,57;DEBW_52210003rFb
UUID_0408e0cc-97ac-4a4f-bbc7-93bc1984fb0a;DEBW_52210003rFb;WALL;199;0,18;11,10;2,44;0,83;;2,57;DEBW_52210003rFb
UUID_9f13f0f3-fb62-4b37-a4be-dc77e32da560;DEBW_52210003rFb;WALL;199;0,18;8,61;1,89;0,83;;2,57;DEBW_52210003rFb
UUID_682551aa-6eec-4884-8950-d346deaff048;DEBW_52210003rFb;WALL;199;0,18;0,88;0,19;0,83;;2,57;DEBW_52210003rFb
UUID_4bb040b3-b43d-4536-bdd9-ebd5aeb5c9ae;DEBW_52210004zVF;WALL;199;0,18;86,88;19,07;0,83;;2,57;DEBW_52210004zVF
UUID_dfb707fb-5bbb-4bb3-8004-65271dece158;DEBW_52210004zVF;WALL;199;0,18;64,55;14,17;0,83;;2,57;DEBW_52210004zVF
UUID_7aec0ea7-9698-45a5-912f-f2f813a04563;DEBW_52210004zVF;GROUND;150;0,00;158,55;0,00;0,62;;;DEBW_52210004zVF
UUID_e6014201-72fa-42ec-bba2-701c2b566774;DEBW_52210004zVF;WALL;199;0,18;59,79;13,12;0,83;;2,57;DEBW_52210004zVF
UUID_3d0ca58f-5e4e-47c0-9023-67b9664f689e;DEBW_52210004zVF;WALL;199;0,18;63,00;13,83;0,83;;2,57;DEBW_52210004zVF
UUID_0805fba2-e538-4d9e-9a54-82d8c1808ec6;DEBW_52210004zVF;WALL;199;0,18;9,56;2,10;0,83;;2,57;DEBW_52210004zVF
UUID_f533d1d1-4148-4854-808a-c42693420a8d;DEBW_52210004zVF;ROOF;226;0,10;100,51;11,17;0,43;;2,57;DEBW_52210004zVF
UUID_290e2164-8532-402b-bf09-342d7da60bb6;DEBW_52210004zVF;WALL;199;0,18;2,06;0,45;0,83;;2,57;DEBW_52210004zVF
UUID_f75018f0-4946-4c25-865a-e3d0ae42f313;DEBW_52210004zVF;WALL;199;0,18;92,33;20,27;0,83;;2,57;DEBW_52210004zVF
UUID_c06b0418-5c94-47ba-a7a4-53a226bc7e31;DEBW_52210004zVF;ROOF;226;0,10;71,18;7,91;0,43;;2,57;DEBW_52210004zVF
UUID_3323725b-aefa-4b8d-871c-e922d12ab486;DEBW_52210004zVF;WALL;199;0,18;87,66;19,24;0,83;;2,57;DEBW_52210004zVF
UUID_5880cca2-cb8e-46c8-a4c0-185efbbb7ff1;DEBW_52210004zEA;WALL;199;0,27;9,82;3,63;0,83;;2,57;DEBW_52210004zEA
UUID_9e96c36d-55e5-416d-9421-2833e69e1310;DEBW_52210004zEA;WALL;199;0,27;6,81;2,52;0,83;;2,57;DEBW_52210004zEA
UUID_6b00db24-f336-4f52-b3cf-79bf68a451a1;DEBW_52210004zEA;WALL;199;0,27;6,74;2,49;0,83;;2,57;DEBW_52210004zEA
UUID_150789f8-7f47-41a6-95cb-a4aa71120a41;DEBW_52210004zEA;ROOF;226;0,10;18,01;2,00;0,43;;2,57;DEBW_52210004zEA
UUID_4bc3fa86-c269-4754-9e4d-adda1bc99637;DEBW_52210004zEA;WALL;199;0,27;0,00;0,00;0,83;;2,57;DEBW_52210004zEA
UUID_5259b2d5-fb72-42fc-a27c-cb1ec81091b3;DEBW_52210004zEA;GROUND;150;0,00;20,02;0,00;0,62;;;DEBW_52210004zEA
UUID_a8db286b-a96b-48d9-86a6-d603a96d03b8;DEBW_52210004dF4;WALL;199;0,27;4,69;1,73;0,83;;2,57;DEBW_52210004dF4
UUID_bdb2e9f7-da75-4feb-9f88-0bdef5b8f2e5;DEBW_52210004dF4;WALL;199;0,27;21,87;8,09;0,83;;2,57;DEBW_52210004dF4
UUID_8af0c676-8c53-4954-9242-1d295b5d5af2;DEBW_52210004dF4;WALL;199;0,27;36,39;13,46;0,83;;2,57;DEBW_52210004dF4
UUID_1b381192-b107-4c1e-a259-5ea24c9978ba;DEBW_52210004dF4;WALL;199;0,27;16,24;6,01;0,83;;2,57;DEBW_52210004dF4
UUID_09187646-5c12-4d37-ad95-2ff46b25cf38;DEBW_52210004dF4;ROOF;226;0,10;29,86;3,32;0,43;;2,57;DEBW_52210004dF4
UUID_dd0b0f9d-4b68-4123-9bfd-6658da166462;DEBW_52210004dF4;WALL;199;0,27;22,48;8,32;0,83;;2,57;DEBW_52210004dF4
UUID_1c4365f2-7756-405b-b277-6d303fd0f2d7;DEBW_52210004dF4;ROOF;226;0,10;29,14;3,24;0,43;;2,57;DEBW_52210004dF4
UUID_4aff039e-523b-4800-9ed2-3f5d905daa99;DEBW_52210004dF4;WALL;199;0,27;4,60;1,70;0,83;;2,57;DEBW_52210004dF4
UUID_02b0d2fa-e2e8-48b6-ae5b-1a9e5bf457eb;DEBW_52210004dF4;GROUND;150;0,00;50,25;0,00;0,62;;;DEBW_52210004dF4
UUID_70477dbc-cb81-4f73-a654-477a59a546a0;DEBW_52210004dF4;WALL;199;0,27;20,48;7,57;0,83;;2,57;DEBW_52210004dF4
UUID_9fe3e72d-b188-4284-9868-fe8db0bf724f;DEBW_52210005JXy;WALL;199;0,14;5,86;0,95;0,83;;2,57;DEBW_52210005JXy
UUID_752ab817-4a61-4339-9d6e-4e92ea27ab51;DEBW_52210005JXy;WALL;199;0,14;0,61;0,10;0,83;;2,57;DEBW_52210005JXy
UUID_59036e9b-34e7-4582-85e7-4e938e9826a8;DEBW_52210005JXy;WALL;199;0,14;0,49;0,08;0,83;;2,57;DEBW_52210005JXy
UUID_bcb3c0e6-0e37-43d4-87c9-f311bc7b312b;DEBW_52210005JXy;WALL;199;0,14;7,25;1,18;0,83;;2,57;DEBW_52210005JXy
UUID_f34783c5-291c-4e8f-978d-39134fd76fbc;DEBW_52210005JXy;WALL;199;0,14;7,18;1,17;0,83;;2,57;DEBW_52210005JXy
UUID_d623dc64-bbac-427c-bad1-d9b0ab118cee;DEBW_52210005JXy;WALL;199;0,14;13,49;2,20;0,83;;2,57;DEBW_52210005JXy
UUID_087b9b96-f2b5-4b87-8e7b-69501edbd32e;DEBW_52210005JXy;ROOF;226;0,10;45,08;5,01;0,43;;2,57;DEBW_52210005JXy
UUID_24ed9e9e-05db-44ae-99cf-ca54cca19cd7;DEBW_52210005JXy;WALL;199;0,14;13,02;2,12;0,83;;2,57;DEBW_52210005JXy
UUID_b8faf889-7564-4ed2-8d8f-a0e4a773809f;DEBW_52210005JXy;WALL;199;0,14;0,65;0,11;0,83;;2,57;DEBW_52210005JXy
UUID_39289d2d-c202-4303-b634-407c7337301e;DEBW_52210005JXy;WALL;199;0,14;5,40;0,88;0,83;;2,57;DEBW_52210005JXy
UUID_142219be-a46b-4cf5-9cfc-28195cf7d1e6;DEBW_52210005JXy;GROUND;150;0,00;50,09;0,00;0,62;;;DEBW_52210005JXy
UUID_f1763c69-5bb2-4bce-91e8-7bbcc9bc9d13;DEBW_52210004GwY;WALL;199;0,14;13,23;2,15;0,83;;2,57;DEBW_52210004GwY
UUID_f19549f1-d274-458d-b76b-2f39105b473d;DEBW_52210004GwY;WALL;199;0,14;24,53;3,99;0,83;;2,57;DEBW_52210004GwY
UUID_456fe682-2da0-4aa1-b411-04077b734779;DEBW_52210004GwY;ROOF;94;0,00;66,14;0,00;0,43;;2,57;DEBW_52210004GwY
UUID_96373d74-c210-4bf4-a455-92650c704b27;DEBW_52210004GwY;WALL;199;0,14;15,79;2,57;0,83;;2,57;DEBW_52210004GwY
UUID_e18f3c39-7416-40e3-ab56-dd1a8f3555ee;DEBW_52210004GwY;WALL;199;0,14;2,81;0,46;0,83;;2,57;DEBW_52210004GwY
UUID_98fd0a7b-e183-45d5-8375-9c0db13ac67b;DEBW_52210004GwY;WALL;199;0,14;16,24;2,64;0,83;;2,57;DEBW_52210004GwY
UUID_26d8dd62-de23-495e-b93f-8e68fec5c9be;DEBW_52210004GwY;WALL;199;0,14;8,09;1,32;0,83;;2,57;DEBW_52210004GwY
UUID_6c178713-1ebd-42c3-9bfc-6dadfee0eab2;DEBW_52210004GwY;GROUND;150;0,00;66,14;0,00;0,62;;;DEBW_52210004GwY
UUID_0df02cae-f55c-432e-8867-2fa55704daea;DEBW_52210004dFS;WALL;199;0,14;12,10;1,97;0,83;;2,57;DEBW_52210004dFS
UUID_5dd92b60-3ea4-4cf2-9845-e7323391cdc3;DEBW_52210004dFS;WALL;199;0,14;11,73;1,91;0,83;;2,57;DEBW_52210004dFS
UUID_2f303fe3-cfb0-47db-a550-f111c00d64fa;DEBW_52210004dFS;WALL;199;0,14;31,31;5,10;0,83;;2,57;DEBW_52210004dFS
UUID_d6494d16-bf12-4689-a4d2-72c068bdb1f3;DEBW_52210004dFS;WALL;199;0,14;34,34;5,59;0,83;;2,57;DEBW_52210004dFS
UUID_a44d1020-6f36-46f4-a934-38fca729dd0b;DEBW_52210004dFS;GROUND;150;0,00;83,31;0,00;0,62;;;DEBW_52210004dFS
UUID_9333330f-d3ec-49ff-ae19-d26f0a6f808e;DEBW_52210004dFS;ROOF;226;0,10;74,98;8,33;0,43;;2,57;DEBW_52210004dFS
UUID_d1458476-670d-4ac9-9f6a-53a88473a77f;DEBW_52210004zvw;WALL;199;0,27;0,03;0,01;0,83;;2,57;DEBW_52210004zvw
UUID_db6fe0d6-1c35-4e76-abdf-127ffb848214;DEBW_52210004zvw;ROOF;226;0,10;32,16;3,57;0,43;;2,57;DEBW_52210004zvw
UUID_f232fbee-76d2-47c7-9fe8-d46ccbf24bbb;DEBW_52210004zvw;GROUND;150;0,00;35,74;0,00;0,62;;;DEBW_52210004zvw
UUID_82f3c7e2-82f4-490f-9551-1d18970bd65a;DEBW_52210004zvw;WALL;199;0,27;11,09;4,10;0,83;;2,57;DEBW_52210004zvw
UUID_1d652a47-4af1-46da-9756-9c0cdc65fff3;DEBW_52210004zvw;WALL;199;0,27;10,75;3,98;0,83;;2,57;DEBW_52210004zvw
UUID_fa0b2ec1-91af-4563-b4b9-8aca0d077b9b;DEBW_52210004zvw;WALL;199;0,27;10,84;4,01;0,83;;2,57;DEBW_52210004zvw
UUID_ec249185-8830-40de-8604-89a81cdc6121;DEBW_52210003rKP;WALL;199;0,27;9,68;3,58;0,83;;2,57;DEBW_52210003rKP
UUID_e6679702-a26d-4f7d-87a0-035339ec24ad;DEBW_52210003rKP;WALL;199;0,27;4,50;1,66;0,83;;2,57;DEBW_52210003rKP
UUID_b88b7748-0aab-4d57-a6c9-d78764f5e358;DEBW_52210003rKP;WALL;199;0,27;7,82;2,89;0,83;;2,57;DEBW_52210003rKP
UUID_a049f450-66bc-465f-aebd-fe35a15a3bc3;DEBW_52210003rKP;WALL;199;0,27;0,31;0,11;0,83;;2,57;DEBW_52210003rKP
UUID_0a0493ef-78c3-4cd4-a656-82d4460d0fc3;DEBW_52210003rKP;ROOF;226;0,10;8,66;0,96;0,43;;2,57;DEBW_52210003rKP
UUID_6cf46683-7968-46cc-860a-bf5d076928ab;DEBW_52210003rKP;WALL;199;0,27;6,56;2,43;0,83;;2,57;DEBW_52210003rKP
UUID_44c143b1-d4bf-4302-9cd1-8b4a8d3d85e7;DEBW_52210003rKP;WALL;199;0,27;2,68;0,99;0,83;;2,57;DEBW_52210003rKP
UUID_b6d3ea4c-a87f-4953-9b8f-e9115afa6e62;DEBW_52210003rKP;GROUND;150;0,00;9,57;0,00;0,62;;;DEBW_52210003rKP
UUID_502cf29f-cc20-433f-b6de-2f0a2c595a5a;DEBW_52210005yIg;WALL;199;0,18;55,23;12,12;0,83;;2,57;DEBW_52210005yIg
UUID_d61572fe-e39b-4530-bd23-c4ade50b5a31;DEBW_52210005yIg;WALL;199;0,18;56,60;12,42;0,83;;2,57;DEBW_52210005yIg
UUID_9044ad6c-ba85-4a96-ad3d-6ec53dbda847;DEBW_52210005yIg;ROOF;226;0,10;59,60;6,62;0,43;;2,57;DEBW_52210005yIg
UUID_bfb8c166-b566-41f9-b694-427ecd1963ae;DEBW_52210005yIg;ROOF;226;0,10;61,53;6,84;0,43;;2,57;DEBW_52210005yIg
UUID_f487890c-5a81-4da8-9f11-de527a77fd14;DEBW_52210005yIg;WALL;199;0,18;0,13;0,03;0,83;;2,57;DEBW_52210005yIg
UUID_a54ac0d2-02cd-49c9-a8eb-13f93cbd3710;DEBW_52210005yIg;WALL;199;0,18;52,54;11,53;0,83;;2,57;DEBW_52210005yIg
UUID_86b2fe68-3660-46cc-8f6c-ff5a25de40f5;DEBW_52210005yIg;GROUND;150;0,00;96,32;0,00;0,62;;;DEBW_52210005yIg
UUID_f9e12fb9-dac3-4170-a50c-8397304e9b71;DEBW_52210005yIg;WALL;199;0,18;51,44;11,29;0,83;;2,57;DEBW_52210005yIg
UUID_92cf5070-8fa3-4e8f-80f8-f72438b09480;DEBW_52210005yIg;WALL;199;0,18;0,00;0,00;0,83;;2,57;DEBW_52210005yIg
UUID_505a9abc-931f-47fc-acab-3c34b8d24cf0;DEBW_52210004zrn;GROUND;150;0,00;34,55;0,00;0,62;;;DEBW_52210004zrn
UUID_9765e27f-6a20-4e77-9aa7-8c7699a9d001;DEBW_52210004zrn;WALL;199;0,14;8,26;1,34;0,83;;2,57;DEBW_52210004zrn
UUID_6381a056-d6ee-48a5-8030-1ad586cf376d;DEBW_52210004zrn;WALL;199;0,14;8,58;1,40;0,83;;2,57;DEBW_52210004zrn
UUID_2c8a068d-be14-4891-a03b-d2d3e790f886;DEBW_52210004zrn;ROOF;226;0,10;18,84;2,09;0,43;;2,57;DEBW_52210004zrn
UUID_6232833f-d69b-4f44-85a9-3aa14873a860;DEBW_52210004zrn;WALL;199;0,14;8,57;1,39;0,83;;2,57;DEBW_52210004zrn
UUID_e31814e2-b3b2-4a34-bd57-22f9893f9152;DEBW_52210004zrn;WALL;199;0,14;8,25;1,34;0,83;;2,57;DEBW_52210004zrn
UUID_b90a5b1c-5302-4e63-810b-93b335c463a6;DEBW_52210004zrn;WALL;199;0,14;19,66;3,20;0,83;;2,57;DEBW_52210004zrn
UUID_c1ac3c06-f3ee-4632-8126-5de095679ccb;DEBW_52210004zrn;ROOF;226;0,10;18,69;2,08;0,43;;2,57;DEBW_52210004zrn
UUID_8bb87415-5877-4d36-9ce7-50acc87ee238;DEBW_52210004zrn;WALL;199;0,14;19,86;3,23;0,83;;2,57;DEBW_52210004zrn
UUID_61b51a5c-5611-4dfa-855d-77404bb57b9a;DEBW_52210004GyF;ROOF;226;0,10;6,98;0,78;0,43;;2,57;DEBW_52210004GyF
UUID_1f372940-e145-437c-9fe3-3817d0266462;DEBW_52210004GyF;WALL;199;0,27;1,30;0,48;0,83;;2,57;DEBW_52210004GyF
UUID_fb36a85f-2c6e-4583-b5a1-4baf4bbc4d74;DEBW_52210004GyF;WALL;199;0,27;5,90;2,18;0,83;;2,57;DEBW_52210004GyF
UUID_9c3c75bf-745b-4aae-b45b-fbbafe601be7;DEBW_52210004GyF;WALL;199;0,27;1,26;0,47;0,83;;2,57;DEBW_52210004GyF
UUID_d88ff316-f89c-4f1a-8d76-4fbe26e39f33;DEBW_52210004GyF;WALL;199;0,27;6,55;2,42;0,83;;2,57;DEBW_52210004GyF
UUID_a881921f-080d-454f-96fb-ab7cd104cb34;DEBW_52210004GyF;ROOF;226;0,10;7,11;0,79;0,43;;2,57;DEBW_52210004GyF
UUID_9e1afff6-277f-49ab-b7bb-a48e51375d2c;DEBW_52210004GyF;WALL;199;0,27;0,71;0,26;0,83;;2,57;DEBW_52210004GyF
UUID_989ee657-0338-4c91-9b5c-3fc09ed41448;DEBW_52210004GyF;WALL;199;0,27;0,75;0,28;0,83;;2,57;DEBW_52210004GyF
UUID_c016a2ca-f103-467f-aa81-51ffc2bec81f;DEBW_52210004GyF;GROUND;150;0,00;12,02;0,00;0,62;;;DEBW_52210004GyF
UUID_3f3616c8-23d5-4734-9a67-74c0efa24152;DEBW_52210004GyF;WALL;199;0,27;0,02;0,01;0,83;;2,57;DEBW_52210004GyF
UUID_2f6affa9-228d-4bcc-930d-17a08fd1d36f;DEBW_52210004GyF;WALL;199;0,27;0,02;0,01;0,83;;2,57;DEBW_52210004GyF
UUID_1778b786-7f8a-4d08-b350-4baa4720dda9;DEBW_52210003rYy;GROUND;150;0,00;8,02;0,00;0,62;;;DEBW_52210003rYy
UUID_dfa1024f-7638-4ae9-8108-a27e1fb03902;DEBW_52210003rYy;WALL;199;0,14;7,84;1,28;0,83;;2,57;DEBW_52210003rYy
UUID_00558560-59ef-40f1-ab84-e6215ac33bce;DEBW_52210003rYy;WALL;199;0,14;6,76;1,10;0,83;;2,57;DEBW_52210003rYy
UUID_11a505fa-8f98-4045-a01e-9347ed45b812;DEBW_52210003rYy;ROOF;226;0,10;7,22;0,80;0,43;;2,57;DEBW_52210003rYy
UUID_52598728-3ddd-4929-983c-da09388025c9;DEBW_52210003rYy;WALL;199;0,14;7,88;1,28;0,83;;2,57;DEBW_52210003rYy
UUID_6d7d81b8-bb3c-461a-96c9-ce104a520b4b;DEBW_52210003rYy;WALL;199;0,14;6,83;1,11;0,83;;2,57;DEBW_52210003rYy
UUID_f3b2e931-1ccb-4a99-96bf-4391bcd34142;DEBW_52210005JfZ;GROUND;150;0,00;120,24;0,00;0,62;;;DEBW_52210005JfZ
UUID_83e396f4-2e0b-4a61-8ad0-770f9516349e;DEBW_52210005JfZ;WALL;199;0,18;22,14;4,86;0,83;;2,57;DEBW_52210005JfZ
UUID_c75f6439-b575-491a-9d89-a93c9cbf7751;DEBW_52210005JfZ;WALL;199;0,18;46,90;10,30;0,83;;2,57;DEBW_52210005JfZ
UUID_cc65abdd-33f5-4c15-bfca-463494f41b0d;DEBW_52210005JfZ;WALL;199;0,18;7,26;1,59;0,83;;2,57;DEBW_52210005JfZ
UUID_6f2fbc7c-580c-475d-8f0c-ad5a038c1a0d;DEBW_52210005JfZ;WALL;199;0,18;0,00;0,00;0,83;;2,57;DEBW_52210005JfZ
UUID_5d109b4b-574c-497d-a2d8-0a9173d3c676;DEBW_52210005JfZ;ROOF;226;0,10;76,12;8,46;0,43;;2,57;DEBW_52210005JfZ
UUID_bda0acc1-1345-4424-8550-a5024188c4ef;DEBW_52210005JfZ;WALL;199;0,18;44,79;9,83;0,83;;2,57;DEBW_52210005JfZ
UUID_f10e65a5-7b43-44ce-9814-094e8b0d9de2;DEBW_52210005JfZ;WALL;199;0,18;1,85;0,41;0,83;;2,57;DEBW_52210005JfZ
UUID_93d43ca1-de63-4a9f-a162-1fb1520740f4;DEBW_52210005JfZ;WALL;199;0,18;30,14;6,62;0,83;;2,57;DEBW_52210005JfZ
UUID_a0dfd87d-e45c-4f30-bc9a-d7a014fe9d01;DEBW_52210005JfZ;WALL;199;0,18;45,68;10,03;0,83;;2,57;DEBW_52210005JfZ
UUID_ecbee883-77d5-41ad-b1ea-98fda9601df4;DEBW_52210005JfZ;WALL;199;0,18;47,12;10,34;0,83;;2,57;DEBW_52210005JfZ
UUID_dff3b918-a72c-4dd8-a2b5-76f4177eb081;DEBW_52210005JfZ;WALL;199;0,18;15,10;3,31;0,83;;2,57;DEBW_52210005JfZ
UUID_29b2c28e-e3f1-4eb3-af0a-31a1092e793e;DEBW_52210005JfZ;WALL;199;0,18;19,68;4,32;0,83;;2,57;DEBW_52210005JfZ
UUID_60190ae2-6495-4484-8984-74092dbddc76;DEBW_52210005JfZ;WALL;199;0,18;46,27;10,16;0,83;;2,57;DEBW_52210005JfZ
UUID_14dc4947-1f80-44a1-91c5-879fee49ea67;DEBW_52210005JfZ;WALL;199;0,18;7,13;1,56;0,83;;2,57;DEBW_52210005JfZ
UUID_15e18279-8648-4fc6-83ec-980f4ba140d2;DEBW_52210005JfZ;ROOF;226;0,10;74,53;8,28;0,43;;2,57;DEBW_52210005JfZ
UUID_0487d35f-25bc-4be2-8f5f-cb84384a590d;DEBW_52210004zyP;WALL;199;0,18;47,61;10,45;0,83;;2,57;DEBW_52210004zyP
UUID_f76e656b-5ed0-48d4-9823-a2b4ca2532aa;DEBW_52210004zyP;WALL;199;0,18;47,44;10,41;0,83;;2,57;DEBW_52210004zyP
UUID_9e471df6-16a7-4269-85ed-68439c02a9da;DEBW_52210004zyP;WALL;199;0,18;3,68;0,81;0,83;;2,57;DEBW_52210004zyP
UUID_48314b27-65eb-42ea-bed9-226e80c309c1;DEBW_52210004zyP;WALL;199;0,18;104,35;22,91;0,83;;2,57;DEBW_52210004zyP
UUID_3802e84a-8728-48d4-8bf4-fdb7441bd413;DEBW_52210004zyP;ROOF;226;0,10;67,75;7,53;0,43;;2,57;DEBW_52210004zyP
UUID_4dd1116c-b2a2-407f-adb3-a3a2a9bb97ac;DEBW_52210004zyP;WALL;199;0,18;11,36;2,49;0,83;;2,57;DEBW_52210004zyP
UUID_0d9c37ff-7acf-4cbd-ba26-a6b52406cc02;DEBW_52210004zyP;GROUND;150;0,00;118,48;0,00;0,62;;;DEBW_52210004zyP
UUID_6976c4ed-7165-491d-8077-d6785b733fcf;DEBW_52210004zyP;WALL;199;0,18;55,05;12,08;0,83;;2,57;DEBW_52210004zyP
UUID_7c179c58-0d7a-4557-8ddc-85ffb6038ce2;DEBW_52210004zyP;WALL;199;0,18;37,97;8,33;0,83;;2,57;DEBW_52210004zyP
UUID_d23556f5-2cf3-4226-b6d2-b9d3dfa304cf;DEBW_52210004zyP;WALL;199;0,18;37,48;8,23;0,83;;2,57;DEBW_52210004zyP
UUID_ce6afa26-ac38-4bce-959d-164211191f54;DEBW_52210004zyP;ROOF;226;0,10;63,08;7,01;0,43;;2,57;DEBW_52210004zyP
UUID_0b0d875d-5371-4ff1-83a1-d2e081372c68;DEBW_52210004dHR;WALL;199;0,27;0,58;0,22;0,83;;2,57;DEBW_52210004dHR
UUID_87fb0713-42b3-4311-9917-4153268f6d60;DEBW_52210004dHR;ROOF;226;0,10;8,83;0,98;0,43;;2,57;DEBW_52210004dHR
UUID_5e45210f-9a8e-48c7-b33a-acf89ac8ed03;DEBW_52210004dHR;WALL;199;0,27;0,09;0,03;0,83;;2,57;DEBW_52210004dHR
UUID_73bcca9d-a10c-4864-b29e-42afb5806263;DEBW_52210004dHR;WALL;199;0,27;1,22;0,45;0,83;;2,57;DEBW_52210004dHR
UUID_709360fc-930b-4984-b066-3c5db767c093;DEBW_52210004dHR;WALL;199;0,27;0,92;0,34;0,83;;2,57;DEBW_52210004dHR
UUID_250170c6-1527-4b1f-87e3-c6aff1310326;DEBW_52210004dHR;WALL;199;0,27;9,11;3,37;0,83;;2,57;DEBW_52210004dHR
UUID_5078fe87-67a0-4bfd-b510-c4f484b81648;DEBW_52210004dHR;WALL;199;0,27;0,71;0,26;0,83;;2,57;DEBW_52210004dHR
UUID_fc894f17-1a41-4122-89ef-a4cdd99936ed;DEBW_52210004dHR;WALL;199;0,27;1,88;0,70;0,83;;2,57;DEBW_52210004dHR
UUID_b48b9855-66a9-4b8a-9945-7ef89707839a;DEBW_52210004dHR;WALL;199;0,27;1,02;0,38;0,83;;2,57;DEBW_52210004dHR
UUID_6228ec4e-0019-4631-8a03-946bd9fdf79e;DEBW_52210004dHR;WALL;199;0,27;7,62;2,82;0,83;;2,57;DEBW_52210004dHR
UUID_671f10d8-08ea-41e0-8529-9cfee03c278c;DEBW_52210004dHR;GROUND;150;0,00;23,66;0,00;0,62;;;DEBW_52210004dHR
UUID_5a0d0f8a-3af5-4ab4-a478-0601b35b75ae;DEBW_52210004dHR;ROOF;226;0,10;13,41;1,49;0,43;;2,57;DEBW_52210004dHR
UUID_cba3d945-8241-4f4b-b159-115b4959626d;DEBW_52210005Jqz;WALL;199;0,27;8,85;3,27;0,83;;2,57;DEBW_52210005Jqz
UUID_61077be4-e0f9-4195-8ea4-8149846b098d;DEBW_52210005Jqz;WALL;199;0,27;8,76;3,24;0,83;;2,57;DEBW_52210005Jqz
UUID_bbfc8a5b-67be-4487-bcb5-8ed6d875c0c5;DEBW_52210005Jqz;WALL;199;0,27;0,00;0,00;0,83;;2,57;DEBW_52210005Jqz
UUID_3c9f3d6b-edd8-49bb-b69a-c47e1b518f4a;DEBW_52210005Jqz;WALL;199;0,27;17,10;6,32;0,83;;2,57;DEBW_52210005Jqz
UUID_4882b0ee-0f92-4ce8-88ad-13bdac57497e;DEBW_52210005Jqz;GROUND;150;0,00;11,59;0,00;0,62;;;DEBW_52210005Jqz
UUID_55e67798-f7ff-48b0-849d-b16d5099bcb1;DEBW_52210005Jqz;ROOF;226;0,10;14,28;1,59;0,43;;2,57;DEBW_52210005Jqz
UUID_de9d3f7c-e42c-4083-94ca-a723dd1866cb;DEBW_52210003rXR;GROUND;150;0,00;17,45;0,00;0,62;;;DEBW_52210003rXR
UUID_08008a04-45ca-4f52-a24d-7c080d60fa03;DEBW_52210003rXR;WALL;199;0,27;0,00;0,00;0,83;;2,57;DEBW_52210003rXR
UUID_df275092-445d-401d-866f-bf6f15937a32;DEBW_52210003rXR;ROOF;226;0,10;7,62;0,85;0,43;;2,57;DEBW_52210003rXR
UUID_747465ad-c6b5-44de-ac95-bc600848d259;DEBW_52210003rXR;WALL;199;0,27;2,49;0,92;0,83;;2,57;DEBW_52210003rXR
UUID_6e9cecd2-175f-487f-b8fe-ed7fece6f096;DEBW_52210003rXR;ROOF;226;0,10;8,93;0,99;0,43;;2,57;DEBW_52210003rXR
UUID_0d9bdd15-cea8-4943-8eb2-efa87718632b;DEBW_52210003rXR;WALL;199;0,27;10,17;3,76;0,83;;2,57;DEBW_52210003rXR
UUID_8107c4da-0ca4-4ce2-a8bc-b45557b1a110;DEBW_52210003rXR;WALL;199;0,27;0,15;0,05;0,83;;2,57;DEBW_52210003rXR
UUID_b904d712-899f-4356-9756-129f0bd6dcdf;DEBW_52210003rXR;WALL;199;0,27;8,66;3,20;0,83;;2,57;DEBW_52210003rXR
UUID_068653a0-c45a-4288-a83c-651fa37dd422;DEBW_52210003rXR;WALL;199;0,27;9,53;3,52;0,83;;2,57;DEBW_52210003rXR
UUID_84f14fa1-19f6-4725-8933-89a94c9200a5;DEBW_52210003rXR;WALL;199;0,27;10,02;3,71;0,83;;2,57;DEBW_52210003rXR
UUID_f4f10a05-423e-47e0-8c02-27b762487467;DEBW_52210004H1y;WALL;199;0,27;1,17;0,43;0,83;;2,57;DEBW_52210004H1y
UUID_831f0d59-0e7f-479a-9cf4-22768e5810f5;DEBW_52210004H1y;ROOF;226;0,10;7,06;0,78;0,43;;2,57;DEBW_52210004H1y
UUID_0cbbf9b6-f527-4247-b14e-a9976170469d;DEBW_52210004H1y;WALL;199;0,27;0,10;0,04;0,83;;2,57;DEBW_52210004H1y
UUID_9726c103-0cbb-409b-88e8-c1ac91c3031b;DEBW_52210004H1y;ROOF;226;0,10;6,99;0,78;0,43;;2,57;DEBW_52210004H1y
UUID_c8e32bc0-82b8-48e1-90f4-2fc15f1ee7ac;DEBW_52210004H1y;WALL;199;0,27;4,91;1,82;0,83;;2,57;DEBW_52210004H1y
UUID_e6fc5533-3c39-4d3c-8151-9e0997ed76c4;DEBW_52210004H1y;WALL;199;0,27;0,10;0,04;0,83;;2,57;DEBW_52210004H1y
UUID_b89806d9-ac4b-40af-b7f6-3dc08137d9a4;DEBW_52210004H1y;WALL;199;0,27;1,11;0,41;0,83;;2,57;DEBW_52210004H1y
UUID_db917934-4acc-406e-90a6-a2883c7713d3;DEBW_52210004H1y;GROUND;150;0,00;14,20;0,00;0,62;;;DEBW_52210004H1y
UUID_67db6977-937a-435f-9796-b710a47f30bd;DEBW_52210004H1y;WALL;199;0,27;4,66;1,73;0,83;;2,57;DEBW_52210004H1y
UUID_9de6f621-2b20-404d-a639-25de51ec3202;DEBW_5221000500F;WALL;199;0,27;19,88;7,35;0,83;;2,57;DEBW_5221000500F
UUID_0fcd01a6-ed1e-4308-825c-2ced7e74d82c;DEBW_5221000500F;WALL;199;0,27;12,52;4,63;0,83;;2,57;DEBW_5221000500F
UUID_d03f800f-624c-429e-a511-f759632aa038;DEBW_5221000500F;GROUND;150;0,00;15,62;0,00;0,62;;;DEBW_5221000500F
UUID_78d282d7-faf2-4db1-80f4-6b1f2f1410ac;DEBW_5221000500F;WALL;199;0,27;11,66;4,31;0,83;;2,57;DEBW_5221000500F
UUID_958a7e2d-5860-466a-b185-f5f0c9dc6999;DEBW_5221000500F;WALL;199;0,27;3,68;1,36;0,83;;2,57;DEBW_5221000500F
UUID_2dc07b94-4cb3-42b2-a46b-fa43febf2b5b;DEBW_5221000500F;ROOF;226;0,10;14,08;1,56;0,43;;2,57;DEBW_5221000500F
UUID_dcde691f-a1ab-4e3d-a754-2d68a908edb5;DEBW_52210003rdZ;GROUND;150;0,00;15,45;0,00;0,62;;;DEBW_52210003rdZ
UUID_13fc577f-17ac-45c7-b7c5-93f9cb85f68b;DEBW_52210003rdZ;ROOF;226;0,10;13,94;1,55;0,43;;2,57;DEBW_52210003rdZ
UUID_01987021-db7f-41ce-b6a4-70cd3acf6bd2;DEBW_52210003rdZ;WALL;199;0,27;6,59;2,44;0,83;;2,57;DEBW_52210003rdZ
UUID_a9c92eff-3268-4ec1-b482-723f6c20a4f7;DEBW_52210003rdZ;WALL;199;0,27;7,48;2,77;0,83;;2,57;DEBW_52210003rdZ
UUID_47b55747-b8b1-4220-b558-2ef19d0d0be5;DEBW_52210003rdZ;WALL;199;0,27;0,00;0,00;0,83;;2,57;DEBW_52210003rdZ
UUID_c3c54149-7a35-4cdf-862e-4a605bbb6a69;DEBW_52210003rdZ;WALL;199;0,27;12,63;4,67;0,83;;2,57;DEBW_52210003rdZ
UUID_a9e980f9-078b-46dd-bdca-86a517a97bf8;DEBW_52210005Jkv;WALL;199;0,14;6,01;0,98;0,83;;2,57;DEBW_52210005Jkv
UUID_d71444ae-fd2d-4118-9c35-ab73a72bde63;DEBW_52210005Jkv;WALL;199;0,14;78,91;12,85;0,83;;2,57;DEBW_52210005Jkv
UUID_c841af1c-d65d-421e-95ca-fe42b39ee72b;DEBW_52210005Jkv;WALL;199;0,14;37,97;6,18;0,83;;2,57;DEBW_52210005Jkv
UUID_1b523b21-9d24-4e2a-baea-bc1c5ab6692a;DEBW_52210005Jkv;WALL;199;0,14;77,23;12,57;0,83;;2,57;DEBW_52210005Jkv
UUID_19c667c2-2034-4479-bc7e-1315cfef7ff3;DEBW_52210005Jkv;WALL;199;0,14;76,33;12,43;0,83;;2,57;DEBW_52210005Jkv
UUID_e7bcd395-903f-4f00-9039-6503a43c5fcc;DEBW_52210005Jkv;GROUND;150;0,00;79,23;0,00;0,62;;;DEBW_52210005Jkv
UUID_49d648a4-1816-4907-b982-8a2ecf4743d0;DEBW_52210005Jkv;WALL;199;0,14;8,67;1,41;0,83;;2,57;DEBW_52210005Jkv
UUID_a743fb7f-2d3a-4fd0-955a-115fe36bd686;DEBW_52210005Jkv;ROOF;94;0,00;79,23;0,00;0,43;;2,57;DEBW_52210005Jkv
UUID_5a63c529-65df-47dd-8120-1933baa9b657;DEBW_5221000502w;ROOF;226;0,10;13,18;1,46;0,43;;2,57;DEBW_5221000502w
UUID_74fdeb20-22a8-4ba6-ad86-5cfdac2c499a;DEBW_5221000502w;WALL;199;0,27;8,26;3,05;0,83;;2,57;DEBW_5221000502w
UUID_7f63de41-773c-4afe-82d4-feaff87a8b81;DEBW_5221000502w;WALL;199;0,27;0,05;0,02;0,83;;2,57;DEBW_5221000502w
UUID_e9974379-b184-4bb4-94a3-4dc414f4cc08;DEBW_5221000502w;WALL;199;0,27;5,97;2,21;0,83;;2,57;DEBW_5221000502w
UUID_3351de5b-23aa-4820-99e1-ffd24f15e7d5;DEBW_5221000502w;GROUND;150;0,00;14,65;0,00;0,62;;;DEBW_5221000502w
UUID_72dc0c6a-657b-4420-8b81-7881cec60492;DEBW_5221000502w;WALL;199;0,27;5,86;2,17;0,83;;2,57;DEBW_5221000502w
UUID_c0a92b0f-15b7-42da-a8f6-4c54f1a477e0;DEBW_52210004I04;WALL;199;0,18;30,63;6,72;0,83;;2,57;DEBW_52210004I04
UUID_64aa9988-e611-40d1-9939-2df5ab817edb;DEBW_52210004I04;WALL;199;0,18;49,12;10,78;0,83;;2,57;DEBW_52210004I04
UUID_f12d1206-96e1-47e2-b161-b4e38ef1a54f;DEBW_52210004I04;WALL;199;0,18;3,68;0,81;0,83;;2,57;DEBW_52210004I04
UUID_cf66fdbd-b483-49c5-901d-22ea8301119e;DEBW_52210004I04;ROOF;226;0,10;59,84;6,65;0,43;;2,57;DEBW_52210004I04
UUID_0ceafe55-98f2-4eef-aacb-a57a2f34ce38;DEBW_52210004I04;GROUND;150;0,00;113,88;0,00;0,62;;;DEBW_52210004I04
UUID_53017135-6839-496a-8826-416312adc6d5;DEBW_52210004I04;WALL;199;0,18;68,33;15,00;0,83;;2,57;DEBW_52210004I04
UUID_5803a3ad-6eee-4c3e-90a3-5422e89013e0;DEBW_52210004I04;WALL;199;0,18;3,73;0,82;0,83;;2,57;DEBW_52210004I04
UUID_2046726c-e1d8-412f-a8a4-ae8cf2268ea0;DEBW_52210004I04;WALL;199;0,18;45,25;9,93;0,83;;2,57;DEBW_52210004I04
UUID_89d12920-33fd-4097-b2ee-fc3110a6f44e;DEBW_52210004I04;WALL;199;0,18;82,18;18,04;0,83;;2,57;DEBW_52210004I04
UUID_c50468e8-a374-4745-b5b0-4fb486de4487;DEBW_52210004I04;WALL;199;0,18;3,36;0,74;0,83;;2,57;DEBW_52210004I04
UUID_1421a252-19ed-4189-8d89-fe80762d553a;DEBW_52210004I04;WALL;199;0,18;3,63;0,80;0,83;;2,57;DEBW_52210004I04
UUID_c0452954-39d1-48f3-94bf-5dd3a45cf966;DEBW_52210004I04;WALL;199;0,18;45,39;9,96;0,83;;2,57;DEBW_52210004I04
UUID_c5ed2895-1aba-4e43-afeb-6e938144b2c2;DEBW_52210004I04;ROOF;226;0,10;18,65;2,07;0,43;;2,57;DEBW_52210004I04
UUID_29b65350-fa9e-42e4-a993-b7a796f1133a;DEBW_52210004I04;WALL;199;0,18;4,18;0,92;0,83;;2,57;DEBW_52210004I04
UUID_8e215275-e1cd-4e23-b1ba-6116cea4c510;DEBW_52210004I04;ROOF;226;0,10;58,26;6,47;0,43;;2,57;DEBW_52210004I04
UUID_1d3e0446-f70b-4040-9c50-09b9d9c5134a;DEBW_52210004H6b;GROUND;150;0,00;23,31;0,00;0,62;;;DEBW_52210004H6b
UUID_9320f803-e6a3-4c89-b3db-da4aab1e173b;DEBW_52210004H6b;WALL;199;0,14;20,94;3,41;0,83;;2,57;DEBW_52210004H6b
UUID_2eb92d8e-8ebc-4edd-b0b4-0444016125c7;DEBW_52210004H6b;ROOF;226;0,10;20,98;2,33;0,43;;2,57;DEBW_52210004H6b
UUID_0dd24887-6d75-46be-82d6-e633a935b5e3;DEBW_52210004H6b;WALL;199;0,14;17,10;2,78;0,83;;2,57;DEBW_52210004H6b
UUID_aea0ada3-a192-4145-9781-bfbc7172563f;DEBW_52210004H6b;WALL;199;0,14;8,30;1,35;0,83;;2,57;DEBW_52210004H6b
UUID_6dc7cba0-03ff-4375-8696-08a529557512;DEBW_52210004H6b;WALL;199;0,14;1,87;0,30;0,83;;2,57;DEBW_52210004H6b
UUID_590bc1a0-5b69-430d-9118-7feaf3ac0f11;DEBW_52210004H6b;WALL;199;0,14;21,39;3,48;0,83;;2,57;DEBW_52210004H6b
UUID_96e645f4-21bc-42d1-b067-9cc53d16e7fd;DEBW_52210005yOM;ROOF;100;0,00;41,02;0,00;0,40;;2,57;DEBW_52210005yOM
UUID_40e9f2a4-2429-4bec-bfc2-30bf96170f44;DEBW_52210005yOM;WALL;199;0,27;0,89;0,33;0,83;;2,57;DEBW_52210005yOM
UUID_ec2aceae-d3f9-43f2-935b-6ef5e2c463a8;DEBW_52210005yOM;WALL;199;0,27;4,15;1,54;0,83;;2,57;DEBW_52210005yOM
UUID_d5150b9d-c600-4115-81d3-b12e86e1e8a3;DEBW_52210005yOM;WALL;199;0,27;11,19;4,14;0,83;;2,57;DEBW_52210005yOM
UUID_6e81a5f8-2d4e-43ee-9a6c-8be8522beb55;DEBW_52210005yOM;GROUND;150;0,00;41,02;0,00;0,62;;;DEBW_52210005yOM
UUID_7e680d0d-1d12-4dad-9ab9-ed60c5cb7ad7;DEBW_52210005yOM;WALL;199;0,27;12,93;4,78;0,83;;2,57;DEBW_52210005yOM
UUID_97ea4c92-e024-4b65-84df-1f036ec5f1e5;DEBW_522100050A3;GROUND;150;0,00;6,86;0,00;0,62;;;DEBW_522100050A3
UUID_2e01534a-1e2d-4e7b-a03a-221e59ea9de0;DEBW_522100050A3;WALL;199;0,27;0,06;0,02;0,83;;2,57;DEBW_522100050A3
UUID_914e4916-70ab-40e8-8e51-cddfc94743e9;DEBW_522100050A3;WALL;199;0,27;3,40;1,26;0,83;;2,57;DEBW_522100050A3
UUID_d1f6a1e6-dc66-4633-a6b5-23bd980b7217;DEBW_522100050A3;ROOF;226;0,10;6,43;0,71;0,43;;2,57;DEBW_522100050A3
UUID_1fc59a2b-b3ac-44c7-8c1a-cebd56776876;DEBW_522100050A3;WALL;199;0,27;3,99;1,47;0,83;;2,57;DEBW_522100050A3
UUID_a55c7e0b-672a-4e66-a119-ef51efd7b500;DEBW_522100050A3;WALL;199;0,27;3,39;1,25;0,83;;2,57;DEBW_522100050A3
UUID_635f8b13-61ad-48ad-ad8d-2b0c01fb19a1;DEBW_522100050a9;GROUND;150;0,00;10,10;0,00;0,62;;;DEBW_522100050a9
UUID_7b19a173-5786-4a59-a636-82297508703e;DEBW_522100050a9;ROOF;226;0,10;7,86;0,87;0,43;;2,57;DEBW_522100050a9
UUID_4372326f-c83e-48b4-891d-ea9ff6edb3a5;DEBW_522100050a9;ROOF;226;0,10;4,42;0,49;0,43;;2,57;DEBW_522100050a9
UUID_4f174320-4ec6-452f-b570-a1de5cd4ba95;DEBW_522100050a9;WALL;199;0,14;11,33;1,84;0,83;;2,57;DEBW_522100050a9
UUID_8965e58f-4552-4c4a-84ca-f6bb02fa118c;DEBW_522100050a9;WALL;199;0,14;2,73;0,44;0,83;;2,57;DEBW_522100050a9
UUID_e8a4a9cf-c71e-41d1-935a-a12760b28531;DEBW_522100050a9;WALL;199;0,14;2,93;0,48;0,83;;2,57;DEBW_522100050a9
UUID_9487a276-7d45-4a4c-ba64-805f6a1e3513;DEBW_522100050a9;WALL;199;0,14;4,60;0,75;0,83;;2,57;DEBW_522100050a9
UUID_019b1718-a62a-4e44-8e87-534fb71b1f79;DEBW_522100050a9;WALL;199;0,14;4,87;0,79;0,83;;2,57;DEBW_522100050a9
UUID_0f11008c-5635-4bac-8d1c-85432ba8ac5f;DEBW_522100050a9;WALL;199;0,14;9,14;1,49;0,83;;2,57;DEBW_522100050a9
UUID_77ba5b79-eaa3-408a-a88f-64a7f2ab971b;DEBW_52210004IKg;ROOF;226;0,10;5,03;0,56;0,43;;2,57;DEBW_52210004IKg
UUID_4aecef59-4a29-4ac7-983f-9b0e29656f45;DEBW_52210004IKg;WALL;199;0,14;3,65;0,59;0,83;;2,57;DEBW_52210004IKg
UUID_3d5cf5b4-c843-4d84-b876-b2fc9e50fec6;DEBW_52210004IKg;GROUND;150;0,00;9,06;0,00;0,62;;;DEBW_52210004IKg
UUID_d9567544-7b96-4d25-825c-bb770330d4c1;DEBW_52210004IKg;WALL;199;0,14;3,59;0,58;0,83;;2,57;DEBW_52210004IKg
UUID_3a939f61-be75-4630-827a-50507477b7b3;DEBW_52210004IKg;WALL;199;0,14;5,71;0,93;0,83;;2,57;DEBW_52210004IKg
UUID_9390da23-805f-47c5-b456-988b96bae1c5;DEBW_52210004IKg;WALL;199;0,14;6,51;1,06;0,83;;2,57;DEBW_52210004IKg
UUID_9049e8f5-2577-458e-9577-56c03df3a169;DEBW_52210004IKg;WALL;199;0,14;3,61;0,59;0,83;;2,57;DEBW_52210004IKg
UUID_3cd54a75-d8a1-40a1-b76d-709159a800d4;DEBW_52210004IKg;WALL;199;0,14;3,59;0,58;0,83;;2,57;DEBW_52210004IKg
UUID_328648a1-fffd-4138-b8c5-2428310b8437;DEBW_52210004IKg;ROOF;226;0,10;4,49;0,50;0,43;;2,57;DEBW_52210004IKg
UUID_1b933197-d117-43b7-b934-985f696ccc39;DEBW_522100050uW;GROUND;150;0,00;100,85;0,00;0,62;;;DEBW_522100050uW
UUID_603f052a-9567-4ac5-b6d6-2bc1ab805d50;DEBW_522100050uW;ROOF;226;0,10;90,76;10,08;0,43;;2,57;DEBW_522100050uW
UUID_a8b361cb-70f4-4224-baad-8006fbed2916;DEBW_522100050uW;WALL;199;0,14;77,34;12,59;0,83;;2,57;DEBW_522100050uW
UUID_4f3f4636-9fc0-49dd-a697-430b5eee3470;DEBW_522100050uW;WALL;199;0,14;77,74;12,66;0,83;;2,57;DEBW_522100050uW
UUID_af182103-ed18-4700-8534-eb66da90e335;DEBW_522100050uW;WALL;199;0,14;77,48;12,61;0,83;;2,57;DEBW_522100050uW
UUID_3f6dbe8b-5cfc-4483-9897-640c239ea541;DEBW_522100050uW;WALL;199;0,14;77,94;12,69;0,83;;2,57;DEBW_522100050uW
UUID_3606392c-ef98-4ac9-a7d3-cee1bb2d0072;DEBW_52210003rgE;WALL;199;0,14;6,02;0,98;0,83;;2,57;DEBW_52210003rgE
UUID_67f4ba13-39a4-4d54-8d3e-864c9e393203;DEBW_52210003rgE;WALL;199;0,14;1,95;0,32;0,83;;2,57;DEBW_52210003rgE
UUID_a2885395-cc29-44dc-8dfd-3d2d36cb55a8;DEBW_52210003rgE;WALL;199;0,14;1,01;0,16;0,83;;2,57;DEBW_52210003rgE
UUID_06009cbe-5b84-4459-bc1f-7eede69d617c;DEBW_52210003rgE;WALL;199;0,14;3,69;0,60;0,83;;2,57;DEBW_52210003rgE
UUID_f1b56ba4-7c58-488b-9a25-cd995612b6c1;DEBW_52210003rgE;WALL;199;0,14;3,96;0,64;0,83;;2,57;DEBW_52210003rgE
UUID_a4418706-afd3-4ca7-9fa4-085a0bf549ef;DEBW_52210003rgE;ROOF;226;0,10;40,06;4,45;0,43;;2,57;DEBW_52210003rgE
UUID_133d235c-1451-4311-b78d-301406df337f;DEBW_52210003rgE;WALL;199;0,14;26,98;4,39;0,83;;2,57;DEBW_52210003rgE
UUID_f60ef5d9-2045-4edb-bdd1-af79a056e281;DEBW_52210003rgE;WALL;199;0,14;20,63;3,36;0,83;;2,57;DEBW_52210003rgE
UUID_9ed13ac0-e3d8-4d12-ab54-e29119081d36;DEBW_52210003rgE;GROUND;150;0,00;60,26;0,00;0,62;;;DEBW_52210003rgE
UUID_e9a557a1-8609-46eb-b3d8-383381895855;DEBW_52210003rgE;WALL;199;0,14;18,78;3,06;0,83;;2,57;DEBW_52210003rgE
UUID_c05ef4d1-1e6b-4a4e-b57c-4f229d1dd792;DEBW_52210003rgE;WALL;199;0,14;3,58;0,58;0,83;;2,57;DEBW_52210003rgE
UUID_d55e95a0-3111-419f-8282-51306d199f2f;DEBW_52210003rgE;ROOF;226;0,10;37,59;4,18;0,43;;2,57;DEBW_52210003rgE
UUID_fd3d932e-697d-410d-aa86-e3687d7b6589;DEBW_52210003rgE;WALL;199;0,14;19,73;3,21;0,83;;2,57;DEBW_52210003rgE
UUID_36bbfb20-90f0-4b7f-8410-adefd7a226b4;DEBW_52210003rgE;WALL;199;0,14;10,84;1,76;0,83;;2,57;DEBW_52210003rgE
UUID_336d6ebb-b30e-41b1-b96f-c9d840950a91;DEBW_52210003rgE;WALL;199;0,14;20,96;3,41;0,83;;2,57;DEBW_52210003rgE
UUID_09389907-0217-4fc2-85af-50f19ebff75d;DEBW_52210005yOR;GROUND;150;0,00;22,07;0,00;0,62;;;DEBW_52210005yOR
UUID_f17fd9f6-9090-4c7f-8987-dc583054e86c;DEBW_52210005yOR;WALL;199;0,27;2,57;0,95;0,83;;2,57;DEBW_52210005yOR
UUID_011cff6d-0ee2-4dde-b5b5-5f43dc28e30c;DEBW_52210005yOR;WALL;199;0,27;24,22;8,96;0,83;;2,57;DEBW_52210005yOR
UUID_17da2361-eaea-4256-819f-30fa4b4079b8;DEBW_52210005yOR;WALL;199;0,27;6,51;2,41;0,83;;2,57;DEBW_52210005yOR
UUID_24a5cc11-475a-4485-a99e-03dfb918739e;DEBW_52210005yOR;WALL;199;0,27;4,01;1,48;0,83;;2,57;DEBW_52210005yOR
UUID_ea16ca3f-fea4-4a6d-bff1-c3a7ee9f78c4;DEBW_52210005yOR;WALL;199;0,27;0,36;0,13;0,83;;2,57;DEBW_52210005yOR
UUID_0dba946a-f8c9-44a5-920c-81d6441c9849;DEBW_52210005yOR;ROOF;226;0,10;19,98;2,22;0,43;;2,57;DEBW_52210005yOR
UUID_06fcfb31-2f25-45b5-a835-bf0845b97fd0;DEBW_52210004IZi;ROOF;226;0,10;39,70;4,41;0,43;;2,57;DEBW_52210004IZi
UUID_36773a70-eaaa-4fd0-8008-67b0f5d5c608;DEBW_52210004IZi;WALL;199;0,18;18,65;4,09;0,83;;2,57;DEBW_52210004IZi
UUID_18e0f65b-2465-42ce-9301-6827479114af;DEBW_52210004IZi;WALL;199;0,18;21,54;4,73;0,83;;2,57;DEBW_52210004IZi
UUID_d8ebd882-dab8-40a9-8ed8-827fd9c78075;DEBW_52210004IZi;WALL;199;0,18;14,66;3,22;0,83;;2,57;DEBW_52210004IZi
UUID_2e872723-da1b-4f8a-821f-c0780b7c440a;DEBW_52210004IZi;WALL;199;0,18;12,71;2,79;0,83;;2,57;DEBW_52210004IZi
UUID_29ca7cab-28b4-45e5-b8fa-404b267b5b51;DEBW_52210004IZi;WALL;199;0,18;46,71;10,25;0,83;;2,57;DEBW_52210004IZi
UUID_7fb0cae7-6490-496b-91b6-e96f693a1aa7;DEBW_52210004IZi;WALL;199;0,18;24,71;5,42;0,83;;2,57;DEBW_52210004IZi
UUID_a72dde0f-b66f-4742-b9dd-50c4c4659a58;DEBW_52210004IZi;ROOF;226;0,10;1,03;0,11;0,43;;2,57;DEBW_52210004IZi
UUID_50c74a09-12f7-4b46-b1ad-f47e4ffa6a4f;DEBW_52210004IZi;WALL;199;0,18;0,39;0,09;0,83;;2,57;DEBW_52210004IZi
UUID_704ddb11-f8a5-4d73-adde-3138d2dd1dc6;DEBW_52210004IZi;GROUND;150;0,00;51,93;0,00;0,62;;;DEBW_52210004IZi
UUID_eba7df01-75a1-4796-8e39-ee55f9fe03a6;DEBW_52210004IZi;WALL;199;0,18;18,32;4,02;0,83;;2,57;DEBW_52210004IZi
UUID_7be41655-a7e0-4a02-9ec6-53c1cd2bf349;DEBW_52210004IZi;WALL;199;0,18;25,44;5,58;0,83;;2,57;DEBW_52210004IZi
UUID_30bc6575-d859-465e-8ad7-18d1c32e5186;DEBW_52210004IZi;ROOF;226;0,10;40,31;4,48;0,43;;2,57;DEBW_52210004IZi
UUID_6753cff2-ad4a-4e98-b669-903807a830e2;DEBW_5221000507n;GROUND;150;0,00;175,59;0,00;0,62;;;DEBW_5221000507n
UUID_9106e8bb-fdbc-4fa5-a72f-d9d64d9074eb;DEBW_5221000507n;WALL;112;0,18;62,70;13,76;0,87;;2,57;DEBW_5221000507n
UUID_c544801f-31d0-42f2-9335-45366c89dbaa;DEBW_5221000507n;WALL;112;0,18;25,92;5,69;0,87;;2,57;DEBW_5221000507n
UUID_fd4f7d32-1105-42ba-aaad-acbb1ccd86be;DEBW_5221000507n;WALL;112;0,18;157,57;34,59;0,87;;2,57;DEBW_5221000507n
UUID_fd3730b8-d7d2-46cc-b021-86809b4b5176;DEBW_5221000507n;WALL;112;0,18;63,01;13,83;0,87;;2,57;DEBW_5221000507n
UUID_f59ce9e8-c1e2-4373-98bd-ccda69e8286d;DEBW_5221000507n;WALL;112;0,18;6,03;1,32;0,87;;2,57;DEBW_5221000507n
UUID_ed93c120-4946-475b-9b3d-cddb560e41e6;DEBW_5221000507n;WALL;112;0,18;3,89;0,85;0,87;;2,57;DEBW_5221000507n
UUID_18bef9e8-3810-4491-9b41-45fca5b6d239;DEBW_5221000507n;WALL;112;0,18;61,50;13,50;0,87;;2,57;DEBW_5221000507n
UUID_93880407-9ca0-40f3-9a32-f8ba1082f6d8;DEBW_5221000507n;ROOF;226;0,10;110,30;12,26;0,43;;2,57;DEBW_5221000507n
UUID_66faff5f-4019-4ae6-a28f-74a6f641e1a1;DEBW_5221000507n;ROOF;226;0,10;115,59;12,84;0,43;;2,57;DEBW_5221000507n
UUID_38662aab-dae1-44ac-96e6-586d93ef3b0f;DEBW_5221000507n;WALL;112;0,18;59,22;13,00;0,87;;2,57;DEBW_5221000507n
UUID_f24e5566-109c-4d9d-aff7-198046a1cef2;DEBW_5221000507n;WALL;112;0,18;22,49;4,94;0,87;;2,57;DEBW_5221000507n
UUID_12553b7a-8174-4653-911e-2e256dc8e4f7;DEBW_5221000507n;WALL;112;0,18;62,03;13,62;0,87;;2,57;DEBW_5221000507n
UUID_bc21543f-13ae-4feb-a473-04337f2aba41;DEBW_52210004H20;WALL;199;0,18;111,83;24,55;0,83;;2,57;DEBW_52210004H20
UUID_1d17169a-eebb-4480-9279-36a50f0f23cb;DEBW_52210004H20;WALL;199;0,18;24,86;5,46;0,83;;2,57;DEBW_52210004H20
UUID_67c4f7ab-4b4d-4704-a51d-dc8c6a96e034;DEBW_52210004H20;WALL;199;0,18;64,12;14,07;0,83;;2,57;DEBW_52210004H20
UUID_65e262da-e515-4829-8ca1-c20b1b612fbf;DEBW_52210004H20;WALL;199;0,18;53,45;11,73;0,83;;2,57;DEBW_52210004H20
UUID_9fcdea8d-ff1a-4868-8428-aa2c5f976b9d;DEBW_52210004H20;WALL;199;0,18;45,21;9,92;0,83;;2,57;DEBW_52210004H20
UUID_053456b9-3ba3-4ef9-bdf4-a828403d8615;DEBW_52210004H20;WALL;199;0,18;4,54;1,00;0,83;;2,57;DEBW_52210004H20
UUID_893bff79-c754-4519-b997-9bdd586dd4a9;DEBW_52210004H20;WALL;199;0,18;66,70;14,64;0,83;;2,57;DEBW_52210004H20
UUID_eec52db5-c22a-4878-947e-dc75e585a654;DEBW_52210004H20;WALL;199;0,18;24,76;5,43;0,83;;2,57;DEBW_52210004H20
UUID_04a7ce6e-6b0f-4a9e-a547-d77d31701bcd;DEBW_52210004H20;WALL;199;0,18;6,72;1,48;0,83;;2,57;DEBW_52210004H20
UUID_78049a96-6f1a-4166-870b-70848f73e9a5;DEBW_52210004H20;WALL;199;0,18;4,51;0,99;0,83;;2,57;DEBW_52210004H20
UUID_afec1b9a-e28d-4f1f-bb59-eb0e6d98c761;DEBW_52210004H20;ROOF;226;0,10;206,58;22,95;0,43;;2,57;DEBW_52210004H20
UUID_b4d1625b-1ab5-4f53-931d-f6fb8ed387ba;DEBW_52210004H20;WALL;199;0,18;27,45;6,03;0,83;;2,57;DEBW_52210004H20
UUID_47779a92-d8fc-422f-a04f-7c9c296e121c;DEBW_52210004H20;WALL;199;0,18;26,37;5,79;0,83;;2,57;DEBW_52210004H20
UUID_0694374c-d233-4a1a-9175-38d8ceaeb63b;DEBW_52210004H20;WALL;199;0,18;30,15;6,62;0,83;;2,57;DEBW_52210004H20
UUID_f3351639-7259-450e-bd9f-a4de74808780;DEBW_52210004H20;WALL;199;0,18;52,07;11,43;0,83;;2,57;DEBW_52210004H20
UUID_5e3cddac-1232-41ae-a165-5bd2b1c05956;DEBW_52210004H20;WALL;199;0,18;7,22;1,59;0,83;;2,57;DEBW_52210004H20
UUID_726c9bf1-8ed1-4b5b-8ff8-c50608435343;DEBW_52210004H20;WALL;199;0,18;74,72;16,40;0,83;;2,57;DEBW_52210004H20
UUID_25df9590-3a1d-4741-bd83-d7dd4bbb0a5e;DEBW_52210004H20;WALL;199;0,18;24,23;5,32;0,83;;2,57;DEBW_52210004H20
UUID_8daf899f-4c65-49a4-b334-682be14d6561;DEBW_52210004H20;WALL;199;0,18;46,78;10,27;0,83;;2,57;DEBW_52210004H20
UUID_801bfa03-150d-44dd-840b-065161076551;DEBW_52210004H20;GROUND;150;0,00;229,54;0,00;0,62;;;DEBW_52210004H20
UUID_8abc0e8b-16ab-4179-8911-f712da44d0ed;DEBW_52210004H20;WALL;199;0,18;115,22;25,29;0,83;;2,57;DEBW_52210004H20
UUID_4ab2ac81-390b-4eb5-a2c8-e83a8d39401a;DEBW_522100050y5;WALL;199;0,18;4,02;0,88;0,83;;2,57;DEBW_522100050y5
UUID_f5638153-8bd1-4af0-8816-9a4e3a3ee1d5;DEBW_522100050y5;WALL;199;0,18;62,58;13,74;0,83;;2,57;DEBW_522100050y5
UUID_8696e5dc-7842-4253-8b5f-a42bcbcbb2b6;DEBW_522100050y5;WALL;199;0,18;40,79;8,95;0,83;;2,57;DEBW_522100050y5
UUID_a8434843-afce-48a3-b43f-2786fae90529;DEBW_522100050y5;ROOF;226;0,10;54,02;6,00;0,43;;2,57;DEBW_522100050y5
UUID_902b3f1d-2b00-4788-affd-3c139b782ccf;DEBW_522100050y5;WALL;199;0,18;1,29;0,28;0,83;;2,57;DEBW_522100050y5
UUID_1cf7dc44-37c2-49fa-8c0b-08c4e13cd156;DEBW_522100050y5;WALL;199;0,18;40,11;8,80;0,83;;2,57;DEBW_522100050y5
UUID_48c5ce54-a52c-41ba-94ea-25a41d1a663e;DEBW_522100050y5;WALL;199;0,18;32,83;7,21;0,83;;2,57;DEBW_522100050y5
UUID_e6a34cd5-9d94-48b1-b53d-bef7ea784cac;DEBW_522100050y5;WALL;199;0,18;54,08;11,87;0,83;;2,57;DEBW_522100050y5
UUID_d24a4ce4-ca8c-452c-a050-70d38ab098c4;DEBW_522100050y5;WALL;199;0,18;32,27;7,08;0,83;;2,57;DEBW_522100050y5
UUID_961a86c1-f101-40a7-b0c7-10157b75b79c;DEBW_522100050y5;ROOF;226;0,10;40,63;4,51;0,43;;2,57;DEBW_522100050y5
UUID_c39ce862-dca3-4cb3-b3f1-3641965fc63d;DEBW_522100050y5;GROUND;150;0,00;82,80;0,00;0,62;;;DEBW_522100050y5
UUID_5c4cc425-200e-49f2-ba24-2ef15212775b;DEBW_52210003rro;WALL;199;0,14;3,14;0,51;0,83;;2,57;DEBW_52210003rro
UUID_a881edd9-af6b-4c29-9d57-b827ba99a808;DEBW_52210003rro;WALL;199;0,14;3,12;0,51;0,83;;2,57;DEBW_52210003rro
UUID_a6e96ed2-ffd2-421c-9f0c-163589e966b9;DEBW_52210003rro;WALL;199;0,14;3,09;0,50;0,83;;2,57;DEBW_52210003rro
UUID_50b3a696-9d33-4561-a381-b7f98246c751;DEBW_52210003rro;WALL;199;0,14;0,71;0,12;0,83;;2,57;DEBW_52210003rro
UUID_58b3f8b1-20fc-4c98-a003-6df81d57a640;DEBW_52210003rro;WALL;199;0,14;11,06;1,80;0,83;;2,57;DEBW_52210003rro
UUID_18b69022-25ea-4e35-922b-b806fe9e9cbe;DEBW_52210003rro;GROUND;150;0,00;13,07;0,00;0,62;;;DEBW_52210003rro
UUID_b2353f61-0e86-4af0-be19-6abf36d751ee;DEBW_52210003rro;WALL;199;0,14;0,75;0,12;0,83;;2,57;DEBW_52210003rro
UUID_60207dda-723e-4dc1-abe7-e52791f2fbf2;DEBW_52210003rro;WALL;199;0,14;5,06;0,82;0,83;;2,57;DEBW_52210003rro
UUID_d7684a3f-b966-42a1-8d83-6d4605b4d100;DEBW_52210003rro;WALL;199;0,14;5,01;0,82;0,83;;2,57;DEBW_52210003rro
UUID_4018a487-16b8-46da-ae44-cdf6be361f56;DEBW_52210003rro;ROOF;226;0,10;11,90;1,32;0,43;;2,57;DEBW_52210003rro
UUID_03d7599f-6b54-4ab7-bb3c-95a6b12aa9bc;DEBW_52210004H5Y;GROUND;150;0,00;22,30;0,00;0,62;;;DEBW_52210004H5Y
UUID_b54cd48b-0ec4-4178-88c1-2734326a19b9;DEBW_52210004H5Y;WALL;199;0,27;26,98;9,98;0,83;;2,57;DEBW_52210004H5Y
UUID_80430b92-c029-4b3e-b62f-6b5717fd30a2;DEBW_52210004H5Y;WALL;199;0,27;13,50;4,99;0,83;;2,57;DEBW_52210004H5Y
UUID_4e9adc65-a704-4af0-bb3f-5736c5292a1a;DEBW_52210004H5Y;WALL;199;0,27;1,75;0,65;0,83;;2,57;DEBW_52210004H5Y
UUID_44819a1c-bd19-430a-b448-42b79aedd52b;DEBW_52210004H5Y;ROOF;226;0,10;20,53;2,28;0,43;;2,57;DEBW_52210004H5Y
UUID_76945ca3-8368-401a-aa0e-7b0fc0a4ec34;DEBW_52210004H5Y;WALL;199;0,27;13,41;4,96;0,83;;2,57;DEBW_52210004H5Y
UUID_e736ea50-996d-4a23-a6c3-6227faf76b85;DEBW_52210004H5Y;WALL;199;0,27;0,38;0,14;0,83;;2,57;DEBW_52210004H5Y
UUID_76612e5b-29ae-4734-b6c6-0bba89c8043e;DEBW_52210005gvh;ROOF;226;0,10;20,74;2,30;0,43;;2,57;DEBW_52210005gvh
UUID_b66ce7bc-0406-4e92-9737-881270a37917;DEBW_52210005gvh;WALL;199;0,14;59,92;9,75;0,83;;2,57;DEBW_52210005gvh
UUID_88e957b5-682f-46ac-98a0-cb6370b1c0f0;DEBW_52210005gvh;ROOF;226;0,10;19,57;2,17;0,43;;2,57;DEBW_52210005gvh
UUID_cdbb128a-36b7-45c0-87ac-3816de067513;DEBW_52210005gvh;WALL;199;0,14;10,97;1,79;0,83;;2,57;DEBW_52210005gvh
UUID_bda993cf-3c6e-45a8-aa99-c9a4abcb338d;DEBW_52210005gvh;WALL;199;0,14;34,90;5,68;0,83;;2,57;DEBW_52210005gvh
UUID_ce7ef0b4-9ee5-4a22-96e8-dc626d7e8c97;DEBW_52210005gvh;ROOF;226;0,10;0,05;0,01;0,43;;2,57;DEBW_52210005gvh
UUID_ea012384-58e7-4f06-9098-93083d6b72b1;DEBW_52210005gvh;ROOF;226;0,10;44,29;4,92;0,43;;2,57;DEBW_52210005gvh
UUID_927eec8a-91b2-42c5-b897-1f8fe35fbc2c;DEBW_52210005gvh;WALL;199;0,14;60,97;9,93;0,83;;2,57;DEBW_52210005gvh
UUID_39fe82c0-9c62-4ca9-91bd-4f238dd8ee40;DEBW_52210005gvh;WALL;199;0,14;61,94;10,08;0,83;;2,57;DEBW_52210005gvh
UUID_db2e27bd-5b9f-444e-80f6-4067164ca27f;DEBW_52210005gvh;GROUND;150;0,00;104,34;0,00;0,62;;;DEBW_52210005gvh
UUID_820da88d-f458-44f0-9f12-5faa029ff9f8;DEBW_52210005gvh;ROOF;226;0,10;0,79;0,09;0,43;;2,57;DEBW_52210005gvh
UUID_3cfdf62f-f2dc-420d-970b-9584e44e8a2b;DEBW_52210005gvh;WALL;199;0,14;1,10;0,18;0,83;;2,57;DEBW_52210005gvh
UUID_622bc15b-eefe-48ab-8e48-a2cae84d7369;DEBW_52210005gvh;WALL;199;0,14;0,98;0,16;0,83;;2,57;DEBW_52210005gvh
UUID_64b4f190-9943-4175-a344-d6e31463679d;DEBW_52210005gvh;ROOF;226;0,10;43,27;4,81;0,43;;2,57;DEBW_52210005gvh
UUID_589ef945-09c4-4e90-8dca-a12b9f8b6829;DEBW_52210005gvh;WALL;199;0,14;1,14;0,19;0,83;;2,57;DEBW_52210005gvh
UUID_3344dc74-bc1b-4ae1-bd75-13f8fd9f192b;DEBW_52210004IeC;WALL;199;0,27;9,37;3,46;0,83;;2,57;DEBW_52210004IeC
UUID_958a5a18-cabb-4faa-bfff-4e65382a9077;DEBW_52210004IeC;WALL;199;0,27;2,02;0,75;0,83;;2,57;DEBW_52210004IeC
UUID_3bbbf358-e368-4586-a643-1548dde5b98d;DEBW_52210004IeC;ROOF;226;0,10;18,24;2,03;0,43;;2,57;DEBW_52210004IeC
UUID_bbab8fa8-89c9-436a-bbde-ad9eb61226d2;DEBW_52210004IeC;WALL;199;0,27;0,17;0,06;0,83;;2,57;DEBW_52210004IeC
UUID_9de0e8b4-54c8-472d-aa73-8dd9af7de5af;DEBW_52210004IeC;GROUND;150;0,00;20,20;0,00;0,62;;;DEBW_52210004IeC
UUID_2bcb9cf7-1533-41b4-ad74-9ee12c793b56;DEBW_52210004IeC;WALL;199;0,27;5,34;1,98;0,83;;2,57;DEBW_52210004IeC
UUID_55c8a051-2dd1-4d72-a634-c82b6a18ddd0;DEBW_52210004IeC;WALL;199;0,27;7,56;2,79;0,83;;2,57;DEBW_52210004IeC
UUID_d1363dd2-2eec-4318-8cc8-bc550b9bfd06;DEBW_52210004IeC;WALL;199;0,27;1,77;0,65;0,83;;2,57;DEBW_52210004IeC
UUID_0ddebdb8-eb32-4e79-a3d1-fda623c77d9a;DEBW_52210004zCV;WALL;199;0,27;10,64;3,94;0,83;;2,57;DEBW_52210004zCV
UUID_2136aed8-4403-4ed6-aa40-39f6befa49c8;DEBW_52210004zCV;WALL;199;0,27;8,94;3,31;0,83;;2,57;DEBW_52210004zCV
UUID_02645835-1143-4114-82ff-f42adf7a8fd5;DEBW_52210004zCV;GROUND;150;0,00;58,48;0,00;0,62;;;DEBW_52210004zCV
UUID_16101e2a-c6c6-4fbb-b365-534e5954d3f4;DEBW_52210004zCV;WALL;199;0,27;1,39;0,51;0,83;;2,57;DEBW_52210004zCV
UUID_ed92294a-82a3-4ba8-a527-a0184124c994;DEBW_52210004zCV;WALL;199;0,27;5,37;1,99;0,83;;2,57;DEBW_52210004zCV
UUID_697443b5-ec70-424d-a904-b685a871287e;DEBW_52210004zCV;WALL;199;0,27;11,44;4,23;0,83;;2,57;DEBW_52210004zCV
UUID_1f5c73c8-d56c-4db9-9ad7-a0c898f59aaa;DEBW_52210004zCV;WALL;199;0,27;0,00;0,00;0,83;;2,57;DEBW_52210004zCV
UUID_4f5bb180-d4f0-4d89-9af3-d5f8781f3001;DEBW_52210004zCV;ROOF;226;0,10;55,44;6,16;0,43;;2,57;DEBW_52210004zCV
UUID_1987b750-bc8d-4fca-990b-488509404644;DEBW_52210003rwQ;WALL;199;0,14;6,40;1,04;0,83;;2,57;DEBW_52210003rwQ
UUID_d5270e07-08dc-44b7-9ecd-1d9df60a4837;DEBW_52210003rwQ;ROOF;94;0,00;65,33;0,00;0,43;;2,57;DEBW_52210003rwQ
UUID_0ac3840b-9057-4cf0-a05b-4be13d91c5b8;DEBW_52210003rwQ;WALL;199;0,14;29,22;4,76;0,83;;2,57;DEBW_52210003rwQ
UUID_1d904847-9ece-4f33-be7e-211233757a3e;DEBW_52210003rwQ;WALL;199;0,14;9,56;1,56;0,83;;2,57;DEBW_52210003rwQ
UUID_d09d8727-1cbd-4a68-b8ad-1635b0db6618;DEBW_52210003rwQ;WALL;199;0,14;19,42;3,16;0,83;;2,57;DEBW_52210003rwQ
UUID_707b1a75-7509-4f2a-a73a-71e7f2c9e6e7;DEBW_52210003rwQ;GROUND;150;0,00;65,33;0,00;0,62;;;DEBW_52210003rwQ
UUID_53c84d80-8c97-449a-b9c8-887f7e49dc66;DEBW_52210003rwQ;WALL;199;0,14;19,38;3,15;0,83;;2,57;DEBW_52210003rwQ
UUID_b362ffc9-f572-4e76-bb1e-f98c3efa2b32;DEBW_52210005ydi;WALL;199;0,27;6,61;2,45;0,83;;2,57;DEBW_52210005ydi
UUID_72acbf97-ed76-4dd2-8797-b63fb4e1b8c3;DEBW_52210005ydi;WALL;199;0,27;6,96;2,57;0,83;;2,57;DEBW_52210005ydi
UUID_83644c12-2b91-4cc6-ae17-85d53ecb49fd;DEBW_52210005ydi;GROUND;150;0,00;21,15;0,00;0,62;;;DEBW_52210005ydi
UUID_c61ce557-cbfc-431e-bc0d-5584cc2821c0;DEBW_52210005ydi;WALL;199;0,27;7,26;2,69;0,83;;2,57;DEBW_52210005ydi
UUID_c5643371-62cc-430c-a068-b1c7dfb88f7f;DEBW_52210005ydi;WALL;199;0,27;1,18;0,44;0,83;;2,57;DEBW_52210005ydi
UUID_331fad5c-9bd3-452f-ab1a-44baa5116c78;DEBW_52210005ydi;WALL;199;0,27;0,20;0,08;0,83;;2,57;DEBW_52210005ydi
UUID_4dfecba6-4bc3-4766-a6c2-668997a0e6b4;DEBW_52210005ydi;WALL;199;0,27;7,04;2,60;0,83;;2,57;DEBW_52210005ydi
UUID_0a3df3cd-5aba-42e3-877e-4a1801f13720;DEBW_52210005ydi;WALL;199;0,27;0,22;0,08;0,83;;2,57;DEBW_52210005ydi
UUID_8a01d266-a193-46ba-a157-d771fb919c1a;DEBW_52210005ydi;ROOF;226;0,10;10,41;1,16;0,43;;2,57;DEBW_52210005ydi
UUID_38b01999-b83f-4574-a296-5ee8f336ddc4;DEBW_52210005ydi;ROOF;226;0,10;9,63;1,07;0,43;;2,57;DEBW_52210005ydi
UUID_b91ed24c-1f7f-4794-a042-2f705cc48963;DEBW_52210005hAI;WALL;199;0,14;15,57;2,53;0,83;;2,57;DEBW_52210005hAI
UUID_5c959bd0-c81e-482f-a658-202b08c92a4b;DEBW_52210005hAI;WALL;199;0,14;16,95;2,76;0,83;;2,57;DEBW_52210005hAI
UUID_2b44bb33-e1e4-49a2-b392-5c1df14adf7f;DEBW_52210005hAI;ROOF;94;0,00;43,22;0,00;0,43;;2,57;DEBW_52210005hAI
UUID_3783ad61-d433-4508-bce5-40de44b6a237;DEBW_52210005hAI;GROUND;150;0,00;43,22;0,00;0,62;;;DEBW_52210005hAI
UUID_8f8fe758-e621-490c-a25b-92e7bf64939f;DEBW_52210005hAI;WALL;199;0,14;15,35;2,50;0,83;;2,57;DEBW_52210005hAI
UUID_52c4c486-dcd6-42f2-b2c2-223074b2d620;DEBW_52210005hAI;WALL;199;0,14;16,84;2,74;0,83;;2,57;DEBW_52210005hAI
UUID_86c77efb-0b12-4748-ba0e-2e2f49698db1;DEBW_52210004H8O;WALL;199;0,27;15,56;5,76;0,83;;2,57;DEBW_52210004H8O
UUID_a6d13c3a-423c-4bc2-830f-1a08fa207e5e;DEBW_52210004H8O;GROUND;150;0,00;41,07;0,00;0,62;;;DEBW_52210004H8O
UUID_5aa545f2-5066-4d28-978e-ef63b6d89359;DEBW_52210004H8O;WALL;199;0,27;3,08;1,14;0,83;;2,57;DEBW_52210004H8O
UUID_e012ad65-88cc-4338-827f-0411958b3fa3;DEBW_52210004H8O;WALL;199;0,27;13,35;4,94;0,83;;2,57;DEBW_52210004H8O
UUID_bdda41e6-6d7c-4be3-b936-28ac97ec8f41;DEBW_52210004H8O;ROOF;100;0,00;41,07;0,00;0,40;;2,57;DEBW_52210004H8O
UUID_091ee21a-a6c4-4db4-b880-ae805b7af49b;DEBW_52210004H8O;WALL;199;0,27;5,49;2,03;0,83;;2,57;DEBW_52210004H8O
UUID_924c52d9-e4cb-4eca-8cf5-16ff122b3f71;DEBW_522100050wu;WALL;199;0,18;48,84;10,72;0,83;;2,57;DEBW_522100050wu
UUID_3140026e-f396-49b3-a21c-c6d2dc564448;DEBW_522100050wu;ROOF;226;0,10;0,06;0,01;0,43;;2,57;DEBW_522100050wu
UUID_dceeb804-03cd-49ca-b0be-acbc55746106;DEBW_522100050wu;ROOF;226;0,10;52,95;5,88;0,43;;2,57;DEBW_522100050wu
UUID_7296873b-7e31-40e2-aa11-05eb05cc87d1;DEBW_522100050wu;WALL;199;0,18;2,81;0,62;0,83;;2,57;DEBW_522100050wu
UUID_4afef611-f594-48ae-aaa1-4994fa6fc84a;DEBW_522100050wu;WALL;199;0,18;93,69;20,57;0,83;;2,57;DEBW_522100050wu
UUID_e9f2f6c9-fc66-4469-ac83-216c83c4a861;DEBW_522100050wu;ROOF;226;0,10;69,98;7,78;0,43;;2,57;DEBW_522100050wu
UUID_62e855d4-ac1b-4b3b-8a82-3b73fb7b1e87;DEBW_522100050wu;WALL;199;0,18;56,76;12,46;0,83;;2,57;DEBW_522100050wu
UUID_dc5fd429-60d6-4865-a429-d76b0096ccf0;DEBW_522100050wu;WALL;199;0,18;9,93;2,18;0,83;;2,57;DEBW_522100050wu
UUID_c77c8921-4ab1-4fce-aa3c-0aa8ec690d24;DEBW_522100050wu;WALL;199;0,18;48,34;10,61;0,83;;2,57;DEBW_522100050wu
UUID_f35d0190-9489-436a-9f47-3fcc28c3afaa;DEBW_522100050wu;WALL;199;0,18;0,03;0,01;0,83;;2,57;DEBW_522100050wu
UUID_d9229d6e-ae16-4aec-b0de-6a953bbc0908;DEBW_522100050wu;WALL;199;0,18;3,42;0,75;0,83;;2,57;DEBW_522100050wu
UUID_7cfc4625-8bde-4c25-ad40-6dd214dc915c;DEBW_522100050wu;GROUND;150;0,00;121,64;0,00;0,62;;;DEBW_522100050wu
UUID_a3570b1d-fceb-4844-a132-606af2a31477;DEBW_522100050wu;WALL;199;0,18;60,62;13,31;0,83;;2,57;DEBW_522100050wu
UUID_0f955828-b040-4897-b11c-78d04488199a;DEBW_522100050wu;WALL;199;0,18;8,65;1,90;0,83;;2,57;DEBW_522100050wu
UUID_502b9780-e2f3-4802-af35-ba9485076a51;DEBW_522100050wu;WALL;199;0,18;25,56;5,61;0,83;;2,57;DEBW_522100050wu
UUID_b6aa483f-b9c7-4cd5-9015-b656b5a5bc43;DEBW_522100050wu;WALL;199;0,18;5,56;1,22;0,83;;2,57;DEBW_522100050wu
UUID_b0a88c33-9986-4a35-a5d8-daeef2ff8704;DEBW_522100050wu;WALL;199;0,18;14,56;3,20;0,83;;2,57;DEBW_522100050wu
UUID_ad2f8258-0578-4d22-9bbd-21e5c20ac76f;DEBW_52210005hEm;WALL;199;0,14;19,72;3,21;0,83;;2,57;DEBW_52210005hEm
UUID_ea4e659a-351f-4667-8e5a-01d75e48fccf;DEBW_52210005hEm;GROUND;150;0,00;18,20;0,00;0,62;;;DEBW_52210005hEm
UUID_5ee1eb6b-8d7e-4c1b-b514-63fd1f5b3415;DEBW_52210005hEm;WALL;199;0,14;19,64;3,20;0,83;;2,57;DEBW_52210005hEm
UUID_e2f97b31-c6fe-43a3-9820-e6bcb1582f6e;DEBW_52210005hEm;WALL;199;0,14;12,59;2,05;0,83;;2,57;DEBW_52210005hEm
UUID_669f0404-b89d-4279-b90b-78a4abd2ccca;DEBW_52210005hEm;WALL;199;0,14;12,57;2,05;0,83;;2,57;DEBW_52210005hEm
UUID_dc750714-6be5-4674-a5a9-f3d24368e70f;DEBW_52210005hEm;ROOF;94;0,00;18,20;0,00;0,43;;2,57;DEBW_52210005hEm
UUID_b798ec2f-2ba8-4e66-aab9-c057f03b8545;DEBW_52210003sJH;ROOF;226;0,10;11,38;1,26;0,43;;2,57;DEBW_52210003sJH
UUID_d54a789e-e084-4a31-8922-1fbf6073e7c1;DEBW_52210003sJH;GROUND;150;0,00;15,20;0,00;0,62;;;DEBW_52210003sJH
UUID_7ed1ba7c-d462-4d16-9af7-e0a160f5af34;DEBW_52210003sJH;WALL;199;0,27;0,00;0,00;0,83;;2,57;DEBW_52210003sJH
UUID_5447d69c-ecd6-4cb3-b8c8-546f3d808858;DEBW_52210003sJH;WALL;199;0,27;9,49;3,51;0,83;;2,57;DEBW_52210003sJH
UUID_dd624555-4869-48d1-aefe-07bfb8beb48e;DEBW_52210003sJH;WALL;199;0,27;11,15;4,12;0,83;;2,57;DEBW_52210003sJH
UUID_5cec78dc-1b9f-4509-af06-d24080370862;DEBW_52210003sJH;WALL;199;0,27;8,84;3,27;0,83;;2,57;DEBW_52210003sJH
UUID_e15df59e-5254-44ec-aa5a-64d520c2fe43;DEBW_52210003sJH;ROOF;226;0,10;2,79;0,31;0,43;;2,57;DEBW_52210003sJH
UUID_0b1dfd8d-67e6-4aeb-86c8-87af31dec267;DEBW_52210003sJH;WALL;199;0,27;2,84;1,05;0,83;;2,57;DEBW_52210003sJH
UUID_69e9f524-e6f6-46e9-855b-4841196dfef8;DEBW_52210003sJH;WALL;199;0,27;0,00;0,00;0,83;;2,57;DEBW_52210003sJH
UUID_ccc974a4-8b3e-4377-a9e8-aca6b8a7bfb6;DEBW_52210004IgO;GROUND;150;0,00;5,35;0,00;0,62;;;DEBW_52210004IgO
UUID_4d473fc5-46d9-4d73-857f-aaef8810c6f0;DEBW_52210004IgO;ROOF;226;0,10;5,49;0,61;0,43;;2,57;DEBW_52210004IgO
UUID_e246caed-c7e7-486e-8ec1-c4032032e175;DEBW_52210004IgO;WALL;199;0,27;16,87;6,24;0,83;;2,57;DEBW_52210004IgO
UUID_83c75fba-c5c8-4c23-97c0-55eb1c29b49a;DEBW_52210004IgO;WALL;199;0,27;5,22;1,93;0,83;;2,57;DEBW_52210004IgO
UUID_5d9c5372-3f3a-45f1-9053-432626d78973;DEBW_52210004IgO;WALL;199;0,27;0,00;0,00;0,83;;2,57;DEBW_52210004IgO
UUID_a1c45b14-d6e0-4fa1-9d10-df30f7d69a75;DEBW_52210004IgO;WALL;199;0,27;5,57;2,06;0,83;;2,57;DEBW_52210004IgO
UUID_bb6f83ad-9f1f-43eb-be2c-621fd6e84cf1;DEBW_5221000518C;WALL;199;0,18;92,08;20,21;0,83;;2,57;DEBW_5221000518C
UUID_1950bf39-6fe6-4ed6-98ef-f3657d288a2e;DEBW_5221000518C;GROUND;150;0,00;121,52;0,00;0,62;;;DEBW_5221000518C
UUID_5701e156-c1ff-4961-a6a1-9fd061fedc9c;DEBW_5221000518C;WALL;199;0,18;132,25;29,03;0,83;;2,57;DEBW_5221000518C
UUID_128f80af-1436-4b6a-8312-ef9c4adde46d;DEBW_5221000518C;ROOF;100;0,00;121,52;0,00;0,40;;2,57;DEBW_5221000518C
UUID_c3fb1905-b6b4-4c2b-8b4b-d3075331811e;DEBW_5221000518C;WALL;199;0,18;91,89;20,17;0,83;;2,57;DEBW_5221000518C
UUID_015658e0-7c26-47ee-859a-94fe51950e74;DEBW_5221000518C;WALL;199;0,18;132,13;29,01;0,83;;2,57;DEBW_5221000518C
UUID_0354ed9e-9ebd-496e-9fd8-157519368374;DEBW_52210003sMd;WALL;199;0,27;3,88;1,43;0,83;;2,57;DEBW_52210003sMd
UUID_a4e77630-c097-4154-abff-3cab7ca95948;DEBW_52210003sMd;GROUND;150;0,00;2,59;0,00;0,62;;;DEBW_52210003sMd
UUID_c2e0cecd-cdb5-4df8-9afb-d96e2b206853;DEBW_52210003sMd;ROOF;226;0,10;2,53;0,28;0,43;;2,57;DEBW_52210003sMd
UUID_d1c82d44-6c41-486a-a1c4-656fddbcfe66;DEBW_52210003sMd;WALL;199;0,27;4,18;1,55;0,83;;2,57;DEBW_52210003sMd
UUID_3f827a83-43bb-4bed-b471-37dac86bb002;DEBW_52210003sMd;WALL;199;0,27;10,35;3,83;0,83;;2,57;DEBW_52210003sMd
UUID_2f8252b3-350c-4ec1-92a9-fc18e986cd27;DEBW_52210003sMd;WALL;199;0,27;0,00;0,00;0,83;;2,57;DEBW_52210003sMd
UUID_e707eef1-5d4c-4e92-80ea-279fad36ee65;DEBW_52210004zFJ;WALL;199;0,27;14,37;5,31;0,83;;2,57;DEBW_52210004zFJ
UUID_a2e7313c-a640-4d01-a0bd-5dfe26a9ba41;DEBW_52210004zFJ;WALL;199;0,27;0,64;0,24;0,83;;2,57;DEBW_52210004zFJ
UUID_aa87d3e3-b6a4-45cd-9227-9e491b1e4dab;DEBW_52210004zFJ;WALL;199;0,27;9,86;3,65;0,83;;2,57;DEBW_52210004zFJ
UUID_9596e2ea-743e-4a9d-8f89-319449ee91fe;DEBW_52210004zFJ;GROUND;150;0,00;29,82;0,00;0,62;;;DEBW_52210004zFJ
UUID_7a05da35-03ba-40ee-a2db-b230e3188057;DEBW_52210004zFJ;WALL;199;0,27;0,00;0,00;0,83;;2,57;DEBW_52210004zFJ
UUID_00896469-4380-48ab-a3d1-dfefbae9e1aa;DEBW_52210004zFJ;WALL;199;0,27;3,45;1,28;0,83;;2,57;DEBW_52210004zFJ
UUID_45954f55-cd2d-427e-a998-bbef8d4822cd;DEBW_52210004zFJ;ROOF;226;0,10;26,84;2,98;0,43;;2,57;DEBW_52210004zFJ
UUID_638b9622-03e4-47cf-816f-a69193265cc4;DEBW_52210004Ig1;WALL;199;0,14;10,00;1,63;0,83;;2,57;DEBW_52210004Ig1
UUID_ce1f56b3-4c1f-4f7e-bea4-eb6d62185a64;DEBW_52210004Ig1;WALL;199;0,14;7,29;1,19;0,83;;2,57;DEBW_52210004Ig1
UUID_593c0185-219e-4f94-9305-f2ff3bee60ab;DEBW_52210004Ig1;ROOF;226;0,10;12,22;1,36;0,43;;2,57;DEBW_52210004Ig1
UUID_7d56c462-d3e9-49d3-b686-3618cae918f2;DEBW_52210004Ig1;WALL;199;0,14;7,07;1,15;0,83;;2,57;DEBW_52210004Ig1
UUID_4f211560-4289-47ff-a7e9-df71870825c9;DEBW_52210004Ig1;GROUND;150;0,00;13,31;0,00;0,62;;;DEBW_52210004Ig1
UUID_bc505194-4d9d-46ed-8147-df03d443bc0b;DEBW_52210004Ig1;WALL;199;0,14;12,40;2,02;0,83;;2,57;DEBW_52210004Ig1
UUID_e440e9fd-35a1-4a87-bd4f-ee3d2164b20d;DEBW_52210005hG5;ROOF;226;0,10;61,86;6,87;0,43;;2,57;DEBW_52210005hG5
UUID_f67cc6c7-504e-4767-b278-eb6adf0e323f;DEBW_52210005hG5;WALL;199;0,18;50,58;11,10;0,83;;2,57;DEBW_52210005hG5
UUID_3c6071af-3588-430f-88f1-978fdb975c7f;DEBW_52210005hG5;GROUND;150;0,00;102,32;0,00;0,62;;;DEBW_52210005hG5
UUID_bb84f4f1-2878-44f6-a9ec-82cdbec08f93;DEBW_52210005hG5;WALL;199;0,18;58,70;12,89;0,83;;2,57;DEBW_52210005hG5
UUID_4faa2abd-a2eb-4ca9-bd18-79cf0dca58bf;DEBW_52210005hG5;WALL;199;0,18;0,14;0,03;0,83;;2,57;DEBW_52210005hG5
UUID_69a209e8-bd95-4fea-af9e-97d545051981;DEBW_52210005hG5;WALL;199;0,18;44,20;9,70;0,83;;2,57;DEBW_52210005hG5
UUID_cfa0e933-9666-4658-80e1-e59669505a91;DEBW_52210005hG5;WALL;199;0,18;0,32;0,07;0,83;;2,57;DEBW_52210005hG5
UUID_261342c3-e666-4d06-a5ec-f71ece3243da;DEBW_52210005hG5;WALL;199;0,18;53,12;11,66;0,83;;2,57;DEBW_52210005hG5
UUID_329b2524-91f7-4ec0-929b-d926a675766d;DEBW_52210005hG5;ROOF;226;0,10;58,76;6,53;0,43;;2,57;DEBW_52210005hG5
UUID_2ff59464-b119-4b6a-bee1-67eddd4796d5;DEBW_52210005hG5;WALL;199;0,18;13,78;3,03;0,83;;2,57;DEBW_52210005hG5
UUID_279a8217-3cec-48b1-9103-e7d65da67b8f;DEBW_52210004zDZ;WALL;199;0,27;8,08;2,99;0,83;;2,57;DEBW_52210004zDZ
UUID_2cc3f17e-1bac-41d5-90b1-0aa42ccc4890;DEBW_52210004zDZ;WALL;199;0,27;3,50;1,30;0,83;;2,57;DEBW_52210004zDZ
UUID_5f89966f-686f-4a4f-8303-f0d6fc793d62;DEBW_52210004zDZ;WALL;199;0,27;0,00;0,00;0,83;;2,57;DEBW_52210004zDZ
UUID_73b2fb66-d50c-41af-8890-ad33c55dd396;DEBW_52210004zDZ;GROUND;150;0,00;3,77;0,00;0,62;;;DEBW_52210004zDZ
UUID_7ab20d4d-990b-4e56-a29c-4ae7dff04be5;DEBW_52210004zDZ;WALL;199;0,27;3,39;1,25;0,83;;2,57;DEBW_52210004zDZ
UUID_6095f417-890c-4813-8d7a-caa182a4f44a;DEBW_52210004zDZ;ROOF;226;0,10;3,43;0,38;0,43;;2,57;DEBW_52210004zDZ
UUID_c681f0e2-ef4a-4be9-9068-f9100ba1085f;DEBW_52210003sTZ;WALL;199;0,14;29,30;4,77;0,83;;2,57;DEBW_52210003sTZ
UUID_e4a7fcc7-7cb3-40f3-82e2-4ba9f37bcd08;DEBW_52210003sTZ;WALL;199;0,14;12,87;2,10;0,83;;2,57;DEBW_52210003sTZ
UUID_3e8583ae-7568-4ebe-b4ad-d407f57dc15f;DEBW_52210003sTZ;WALL;199;0,14;40,07;6,52;0,83;;2,57;DEBW_52210003sTZ
UUID_216ed845-369b-4d9e-96d8-13759304e9ec;DEBW_52210003sTZ;WALL;199;0,14;65,16;10,61;0,83;;2,57;DEBW_52210003sTZ
UUID_a5b7a03c-0686-452c-bf69-94b87be78c92;DEBW_52210003sTZ;WALL;199;0,14;29,79;4,85;0,83;;2,57;DEBW_52210003sTZ
UUID_86fce11f-3b50-4a84-a0a9-ed49ab972796;DEBW_52210003sTZ;WALL;199;0,14;30,30;4,93;0,83;;2,57;DEBW_52210003sTZ
UUID_f5b2379f-a04d-4446-a7ee-4880e60430d9;DEBW_52210003sTZ;ROOF;226;0,10;49,21;5,47;0,43;;2,57;DEBW_52210003sTZ
UUID_744a3730-4925-452e-b566-820b55e985ba;DEBW_52210003sTZ;ROOF;226;0,10;48,22;5,36;0,43;;2,57;DEBW_52210003sTZ
UUID_194a974a-04a4-4766-a109-c61db542e1fc;DEBW_52210003sTZ;GROUND;150;0,00;82,96;0,00;0,62;;;DEBW_52210003sTZ
UUID_07c28e1c-e756-48d3-b440-051cf7b7cb4d;DEBW_52210003sTZ;WALL;199;0,14;29,95;4,88;0,83;;2,57;DEBW_52210003sTZ
UUID_599f9ba4-58d2-460f-95dd-2e57ae91f16d;DEBW_522100050K3;WALL;199;0,27;2,28;0,84;0,83;;2,57;DEBW_522100050K3
UUID_e1ac5665-1fa8-44a1-9e31-a83db18e2819;DEBW_522100050K3;WALL;199;0,27;2,20;0,81;0,83;;2,57;DEBW_522100050K3
UUID_f5b59c85-f66a-4a46-a2ea-6deea83b16e9;DEBW_522100050K3;WALL;199;0,27;1,79;0,66;0,83;;2,57;DEBW_522100050K3
UUID_47a0768f-b886-4bb8-b9c3-78a34b8523d2;DEBW_522100050K3;ROOF;226;0,10;2,73;0,30;0,43;;2,57;DEBW_522100050K3
UUID_c871aa9d-5d34-4d88-83fe-d61755c09ec0;DEBW_522100050K3;WALL;199;0,27;0,06;0,02;0,83;;2,57;DEBW_522100050K3
UUID_47374207-922a-4fce-a29f-f4a59d88cf77;DEBW_522100050K3;GROUND;150;0,00;3,03;0,00;0,62;;;DEBW_522100050K3
UUID_129decb5-e333-46cf-97d0-a16d48449e25;DEBW_52210005hJf;WALL;199;0,18;12,95;2,84;0,83;;2,57;DEBW_52210005hJf
UUID_07a62d93-48a5-4b31-b236-c450778e7000;DEBW_52210005hJf;GROUND;150;0,00;38,06;0,00;0,62;;;DEBW_52210005hJf
UUID_d6026ba5-235e-4cdf-bbc3-dea346953d92;DEBW_52210005hJf;WALL;199;0,18;13,16;2,89;0,83;;2,57;DEBW_52210005hJf
UUID_8a0f57e9-7fb6-48da-a46d-1bb2acdfbe2d;DEBW_52210005hJf;WALL;199;0,18;3,62;0,79;0,83;;2,57;DEBW_52210005hJf
UUID_5a23d7c6-e09b-4a68-9f1f-0332ff03308f;DEBW_52210005hJf;ROOF;226;0,10;41,93;4,66;0,43;;2,57;DEBW_52210005hJf
UUID_30b1397d-22bb-41c7-8156-4baca6dae79c;DEBW_52210005hJf;WALL;199;0,18;19,36;4,25;0,83;;2,57;DEBW_52210005hJf
UUID_076ec7ef-3917-4c53-bd50-2654d79b0fd3;DEBW_52210005hJf;WALL;199;0,18;17,63;3,87;0,83;;2,57;DEBW_52210005hJf
UUID_5c74eafc-fc0c-4ec0-8a36-4c8319249621;DEBW_52210005hJf;WALL;199;0,18;24,01;5,27;0,83;;2,57;DEBW_52210005hJf
UUID_3aaee65e-409d-4bba-a66f-8c661f2d3968;DEBW_52210005hJf;WALL;199;0,18;11,79;2,59;0,83;;2,57;DEBW_52210005hJf
UUID_56844810-62d9-4388-9d28-97ee90b4efaa;DEBW_52210005hJf;WALL;199;0,18;26,06;5,72;0,83;;2,57;DEBW_52210005hJf
UUID_1aa08b6b-7dea-4328-aa83-279da173b5d4;DEBW_52210005hJf;ROOF;226;0,10;45,91;5,10;0,43;;2,57;DEBW_52210005hJf
UUID_920740cb-b8ce-48b6-8bd0-08965c10a090;DEBW_52210005hJf;WALL;199;0,18;13,57;2,98;0,83;;2,57;DEBW_52210005hJf
UUID_b4a8cad1-5cac-4b79-b88c-02300fddc5ce;DEBW_52210005hJf;WALL;199;0,18;12,38;2,72;0,83;;2,57;DEBW_52210005hJf
UUID_16aa851c-a23b-410d-8c83-34c3f3360e43;DEBW_52210005hJf;GROUND;150;0,00;34,67;0,00;0,62;;;DEBW_52210005hJf
UUID_92240c43-7e8d-48dd-87a7-4d0bbb08b688;DEBW_52210005hJf;WALL;199;0,18;12,57;2,76;0,83;;2,57;DEBW_52210005hJf
UUID_00603a04-edc2-4525-8a43-91110c8c8fad;DEBW_52210005hJf;WALL;199;0,18;4,43;0,97;0,83;;2,57;DEBW_52210005hJf
UUID_db50e505-a3af-4de7-8444-77cd8fe2e552;DEBW_52210005hJf;WALL;199;0,18;27,31;6,00;0,83;;2,57;DEBW_52210005hJf
UUID_0df74f19-0f98-421d-95f2-ba8bbc8ac1e9;DEBW_52210005hJf;WALL;199;0,18;16,14;3,54;0,83;;2,57;DEBW_52210005hJf
UUID_6409afd3-c624-4f89-8e59-3d6abc5c6726;DEBW_52210005hJf;WALL;199;0,18;35,60;7,82;0,83;;2,57;DEBW_52210005hJf
UUID_a05102f2-5846-404b-bdf0-d3599f06275e;DEBW_52210005hJf;WALL;199;0,18;12,60;2,77;0,83;;2,57;DEBW_52210005hJf
UUID_19463ba9-e9c6-4d5e-92ec-c21a33e0cf99;DEBW_52210005yi4;WALL;199;0,18;28,06;6,16;0,83;;2,57;DEBW_52210005yi4
UUID_bfe4a0a3-fea9-4ca8-9093-0b5e6f96e28d;DEBW_52210005yi4;ROOF;226;0,10;28,67;3,19;0,43;;2,57;DEBW_52210005yi4
UUID_a8aa8e54-5096-4ccd-8257-9459acc33545;DEBW_52210005yi4;WALL;199;0,18;5,47;1,20;0,83;;2,57;DEBW_52210005yi4
UUID_18bdc42d-6a98-461b-90b3-78da5f4bc1a5;DEBW_52210005yi4;WALL;199;0,18;50,61;11,11;0,83;;2,57;DEBW_52210005yi4
UUID_6eadfa81-ae1b-4b6f-8f2d-c756cb39c226;DEBW_52210005yi4;ROOF;226;0,10;28,44;3,16;0,43;;2,57;DEBW_52210005yi4
UUID_a3e696f6-c729-495d-a469-470ea4af500b;DEBW_52210005yi4;WALL;199;0,18;3,74;0,82;0,83;;2,57;DEBW_52210005yi4
UUID_ead4a0b4-9ca1-4baa-bdb4-47959bf98c03;DEBW_52210005yi4;WALL;199;0,18;0,00;0,00;0,83;;2,57;DEBW_52210005yi4
UUID_840bfa9b-e079-4ea0-b322-43d18234f5f4;DEBW_52210005yi4;WALL;199;0,18;3,65;0,80;0,83;;2,57;DEBW_52210005yi4
UUID_c139323e-0634-4f08-8ee6-107c0e369cb2;DEBW_52210005yi4;WALL;199;0,18;0,00;0,00;0,83;;2,57;DEBW_52210005yi4
UUID_96f5af4b-6369-4fd4-9fa6-24a82d702912;DEBW_52210005yi4;GROUND;150;0,00;47,36;0,00;0,62;;;DEBW_52210005yi4
UUID_59541500-5c35-4501-a309-edd699d9ce6a;DEBW_52210003sUv;ROOF;226;0,10;62,89;6,99;0,43;;2,57;DEBW_52210003sUv
UUID_e3609ccb-3806-4ec5-acd2-fa1a1b34b755;DEBW_52210003sUv;WALL;199;0,27;22,96;8,49;0,83;;2,57;DEBW_52210003sUv
UUID_6b956a03-62c7-469b-a98b-141a4859ee0a;DEBW_52210003sUv;WALL;199;0,27;1,41;0,52;0,83;;2,57;DEBW_52210003sUv
UUID_4b85787e-71ab-46bd-92ae-ae4ad8f15999;DEBW_52210003sUv;ROOF;226;0,10;63,01;7,00;0,43;;2,57;DEBW_52210003sUv
UUID_ee154221-a387-4fb2-8bdc-db1f5450a191;DEBW_52210003sUv;WALL;199;0,27;0,00;0,00;0,83;;2,57;DEBW_52210003sUv
UUID_8c71e40d-2652-46d8-98af-6f4eaa8ddd02;DEBW_52210003sUv;GROUND;150;0,00;94,38;0,00;0,62;;;DEBW_52210003sUv
UUID_cd666d7a-5239-4ac2-ba18-6be0f3363ac9;DEBW_52210003sUv;WALL;199;0,27;1,46;0,54;0,83;;2,57;DEBW_52210003sUv
UUID_93990652-a4fa-4a73-9c20-e5205d3de218;DEBW_52210003sUv;WALL;199;0,27;23,49;8,69;0,83;;2,57;DEBW_52210003sUv
UUID_944a0e59-3c88-497a-9b38-c3344eb89c54;DEBW_52210003sUv;WALL;199;0,27;0,00;0,00;0,83;;2,57;DEBW_52210003sUv
UUID_bdda0c09-275c-413f-9608-207e3a2703d4;DEBW_522100050H1;WALL;199;0,14;9,20;1,50;0,83;;2,57;DEBW_522100050H1
UUID_3a3d488c-fea2-4a34-823c-ff59da7a22c1;DEBW_522100050H1;WALL;199;0,14;21,09;3,43;0,83;;2,57;DEBW_522100050H1
UUID_73e5d5b3-c11b-4d8c-b892-205622193a46;DEBW_522100050H1;ROOF;226;0,10;16,18;1,80;0,43;;2,57;DEBW_522100050H1
UUID_f6f3cd91-8940-459c-8101-88111e0fa0e5;DEBW_522100050H1;GROUND;150;0,00;29,25;0,00;0,62;;;DEBW_522100050H1
UUID_85915ac5-79e0-49f8-9a60-0be6f87a37c6;DEBW_522100050H1;WALL;199;0,14;8,71;1,42;0,83;;2,57;DEBW_522100050H1
UUID_60805904-d430-4cd6-bff7-c4457d366625;DEBW_522100050H1;WALL;199;0,14;9,26;1,51;0,83;;2,57;DEBW_522100050H1
UUID_ae0b8db5-b009-4abc-bc88-62090378c215;DEBW_522100050H1;WALL;199;0,14;25,01;4,07;0,83;;2,57;DEBW_522100050H1
UUID_9507a7e5-5c0c-4be4-a9e0-6e79c5d62f5a;DEBW_522100050H1;WALL;199;0,14;0,51;0,08;0,83;;2,57;DEBW_522100050H1
UUID_a5b8b6d8-906b-4270-b72c-e9a85c0f1fbc;DEBW_522100050H1;WALL;199;0,14;9,48;1,54;0,83;;2,57;DEBW_522100050H1
UUID_d0a3effd-a915-427e-ac3d-9c91ebbe41e7;DEBW_522100050H1;WALL;199;0,14;5,07;0,83;0,83;;2,57;DEBW_522100050H1
UUID_a4e49e54-2785-4b03-b819-9823fbfecd87;DEBW_522100050H1;ROOF;226;0,10;18,67;2,07;0,43;;2,57;DEBW_522100050H1
UUID_09da1a37-2b27-40be-89de-b05a5e37dfdd;DEBW_52210004zEf;WALL;199;0,14;12,92;2,10;0,83;;2,57;DEBW_52210004zEf
UUID_bbc1b103-f3e0-4868-affc-e28a99956a25;DEBW_52210004zEf;WALL;199;0,14;6,98;1,14;0,83;;2,57;DEBW_52210004zEf
UUID_c19897b6-226d-4c01-91a9-ddc74fe9bf08;DEBW_52210004zEf;WALL;199;0,14;2,03;0,33;0,83;;2,57;DEBW_52210004zEf
UUID_263a29e0-15ed-4e1e-880c-d705de4b1ce0;DEBW_52210004zEf;WALL;199;0,14;11,17;1,82;0,83;;2,57;DEBW_52210004zEf
UUID_cc088961-f7ee-4d1d-8df7-8aa74b238afc;DEBW_52210004zEf;WALL;199;0,14;0,30;0,05;0,83;;2,57;DEBW_52210004zEf
UUID_6d67854a-1ea0-4b74-993e-4ec5405da573;DEBW_52210004zEf;WALL;199;0,14;0,64;0,10;0,83;;2,57;DEBW_52210004zEf
UUID_022ba054-4354-4ea4-a461-b2325037904f;DEBW_52210004zEf;WALL;199;0,14;8,03;1,31;0,83;;2,57;DEBW_52210004zEf
UUID_31559bb6-4760-4297-9aaa-9b62131df2cc;DEBW_52210004zEf;GROUND;150;0,00;62,80;0,00;0,62;;;DEBW_52210004zEf
UUID_4279143d-5e1f-4afe-8b3f-5750621ac109;DEBW_52210004zEf;WALL;199;0,14;7,23;1,18;0,83;;2,57;DEBW_52210004zEf
UUID_690e9e4e-23b3-468d-87cd-3b247dbd59a4;DEBW_52210004zEf;WALL;199;0,14;9,77;1,59;0,83;;2,57;DEBW_52210004zEf
UUID_2fb1c8d9-914a-4bc7-8aff-33106431f065;DEBW_52210004zEf;WALL;199;0,14;8,25;1,34;0,83;;2,57;DEBW_52210004zEf
UUID_efae0e44-c0cd-45be-84ea-57257dceda76;DEBW_52210004zEf;WALL;199;0,14;6,32;1,03;0,83;;2,57;DEBW_52210004zEf
UUID_eb14ec8b-26ce-4fe7-8b75-90a2e4836db7;DEBW_52210004zEf;ROOF;226;0,10;56,52;6,28;0,43;;2,57;DEBW_52210004zEf
UUID_b035be15-926e-4f24-a9ba-305e23ce23d4;DEBW_52210004H2p;GROUND;150;0,00;77,55;0,00;0,62;;;DEBW_52210004H2p
UUID_62c20912-8f7d-4341-ad30-7ca974ac21a9;DEBW_52210004H2p;WALL;199;0,27;0,61;0,23;0,83;;2,57;DEBW_52210004H2p
UUID_29e73814-44bd-41ed-88f3-f7c23141a6b9;DEBW_52210004H2p;WALL;199;0,27;0,62;0,23;0,83;;2,57;DEBW_52210004H2p
UUID_e6ef2456-41db-465f-8a04-fdc1fbbc7a93;DEBW_52210004H2p;WALL;199;0,27;0,09;0,03;0,83;;2,57;DEBW_52210004H2p
UUID_8bdf03bd-882b-4143-ab48-a106f626da40;DEBW_52210004H2p;WALL;199;0,27;0,55;0,20;0,83;;2,57;DEBW_52210004H2p
UUID_ef6f7f61-7037-4e1d-bffb-86f1820d4a70;DEBW_52210004H2p;WALL;199;0,27;0,67;0,25;0,83;;2,57;DEBW_52210004H2p
UUID_dd719c46-7d12-422e-a324-12b329561c1b;DEBW_52210004H2p;WALL;199;0,27;0,69;0,26;0,83;;2,57;DEBW_52210004H2p
UUID_3b510679-0a6c-4204-904a-52619550a532;DEBW_52210004H2p;WALL;199;0,27;2,26;0,84;0,83;;2,57;DEBW_52210004H2p
UUID_11c2cf6f-508d-48b6-9ac3-ce0dc413bd7b;DEBW_52210004H2p;ROOF;226;0,10;69,80;7,76;0,43;;2,57;DEBW_52210004H2p
UUID_a276fc91-34ec-4b42-82be-fa57117b7837;DEBW_52210004H2p;WALL;199;0,27;1,42;0,52;0,83;;2,57;DEBW_52210004H2p
UUID_cfa16ba0-287d-4e05-9fab-7d7df199c92f;DEBW_52210004H2p;WALL;199;0,27;9,95;3,68;0,83;;2,57;DEBW_52210004H2p
UUID_4b260f7a-9a84-4bdd-9cb7-3b3bdf2a3773;DEBW_52210004H2p;WALL;199;0,27;3,30;1,22;0,83;;2,57;DEBW_52210004H2p
UUID_7e98be49-6a64-4920-80c0-fffbf2717ff5;DEBW_52210004H2p;WALL;199;0,27;10,11;3,74;0,83;;2,57;DEBW_52210004H2p
UUID_13d77e17-63af-4a9e-8628-b2a1b9da820c;DEBW_52210004H2p;WALL;199;0,27;4,97;1,84;0,83;;2,57;DEBW_52210004H2p
UUID_e221cf50-7e44-4d9e-96a8-b8368cef7263;DEBW_52210004H2p;WALL;199;0,27;6,73;2,49;0,83;;2,57;DEBW_52210004H2p
UUID_a7331d95-a8c3-47c9-ad29-2da4a433deb7;DEBW_52210004H2p;WALL;199;0,27;0,46;0,17;0,83;;2,57;DEBW_52210004H2p
UUID_3c212be4-b003-4c4c-a930-c22d786f75d9;DEBW_52210004H2p;WALL;199;0,27;1,86;0,69;0,83;;2,57;DEBW_52210004H2p
UUID_c024c560-92c2-4480-93a7-5486d0e9fbb4;DEBW_52210004H2p;WALL;199;0,27;2,05;0,76;0,83;;2,57;DEBW_52210004H2p
UUID_45c1b38f-486b-410e-b687-3a9ccf3a5ec5;DEBW_52210004H2p;WALL;199;0,27;1,19;0,44;0,83;;2,57;DEBW_52210004H2p
UUID_73ab3a84-94bd-43d6-b8b1-7f3914a7bbcb;DEBW_52210004H2p;WALL;199;0,27;9,26;3,42;0,83;;2,57;DEBW_52210004H2p
UUID_ebdf96db-3650-48ac-aa1d-e25f32c47569;DEBW_52210004H2p;WALL;199;0,27;3,87;1,43;0,83;;2,57;DEBW_52210004H2p
UUID_9ea794d3-93b7-4217-89d2-296da92dece4;DEBW_52210005197;WALL;199;0,14;20,19;3,29;0,83;;2,57;DEBW_52210005197
UUID_35526857-dfe2-4084-bbf8-f4f6049f8dbe;DEBW_52210005197;WALL;199;0,14;8,76;1,43;0,83;;2,57;DEBW_52210005197
UUID_ed34780f-943d-42c7-8c76-01a73e25350f;DEBW_52210005197;WALL;199;0,14;0,38;0,06;0,83;;2,57;DEBW_52210005197
UUID_0c092bcf-378c-4302-8f13-8ce156a04fea;DEBW_52210005197;WALL;199;0,14;1,22;0,20;0,83;;2,57;DEBW_52210005197
UUID_b0b9b9ab-eefd-43f5-9916-3870743cbc42;DEBW_52210005197;WALL;199;0,14;12,13;1,97;0,83;;2,57;DEBW_52210005197
UUID_3bfdfd85-2424-48ee-9851-af488df5993e;DEBW_52210005197;GROUND;150;0,00;7,15;0,00;0,62;;;DEBW_52210005197
UUID_dacb9750-f1e3-4ccf-ae8a-621434394741;DEBW_52210005197;WALL;199;0,14;5,08;0,83;0,83;;2,57;DEBW_52210005197
UUID_505beabc-1c65-4386-8ab1-ab41f7d4b5bd;DEBW_52210005197;WALL;199;0,14;3,24;0,53;0,83;;2,57;DEBW_52210005197
UUID_8c597d85-55e7-4281-b649-3d4539e566bf;DEBW_52210005197;ROOF;226;0,10;6,63;0,74;0,43;;2,57;DEBW_52210005197
UUID_f934a793-2fac-4664-9348-10b4fe99d97f;DEBW_52210005197;GROUND;150;0,00;37,29;0,00;0,62;;;DEBW_52210005197
UUID_5e981110-9c4c-42ef-abe5-499706c72071;DEBW_52210005197;ROOF;226;0,10;35,66;3,96;0,43;;2,57;DEBW_52210005197
UUID_feb8e689-95ec-4e76-bd55-18b4efd300e2;DEBW_52210005197;WALL;199;0,14;0,49;0,08;0,83;;2,57;DEBW_52210005197
UUID_7a650273-7d6d-49b3-994f-e3093a9d8878;DEBW_52210005197;WALL;199;0,14;2,59;0,42;0,83;;2,57;DEBW_52210005197
UUID_f29c73f0-0931-4bf8-9285-c76814871f1b;DEBW_52210005197;WALL;199;0,14;1,84;0,30;0,83;;2,57;DEBW_52210005197
UUID_02875b4d-710e-4342-8322-79313c4190e9;DEBW_52210005ykq;WALL;199;0,27;7,94;2,94;0,83;;2,57;DEBW_52210005ykq
UUID_2b0bd8d2-5c9b-4038-8bc9-0d09e05be816;DEBW_52210005ykq;WALL;199;0,27;7,07;2,62;0,83;;2,57;DEBW_52210005ykq
UUID_63d142e1-615a-42f3-a230-7518fc5d87b9;DEBW_52210005ykq;WALL;199;0,27;0,00;0,00;0,83;;2,57;DEBW_52210005ykq
UUID_5806e3f1-a24a-4123-ad64-2afc6f054602;DEBW_52210005ykq;WALL;199;0,27;3,13;1,16;0,83;;2,57;DEBW_52210005ykq
UUID_550a11bd-133c-4a0d-9199-96cd2e9037f3;DEBW_52210005ykq;GROUND;150;0,00;11,33;0,00;0,62;;;DEBW_52210005ykq
UUID_1387c89c-fdb3-4e7c-818e-86514be1a871;DEBW_52210005ykq;WALL;199;0,27;6,75;2,50;0,83;;2,57;DEBW_52210005ykq
UUID_3d9900ed-4df7-48cf-938f-782eb1a9f4ca;DEBW_52210005ykq;ROOF;226;0,10;4,84;0,54;0,43;;2,57;DEBW_52210005ykq
UUID_11d5841c-64ce-42ee-ae3a-b30b8addfdbe;DEBW_52210005ykq;ROOF;226;0,10;5,80;0,64;0,43;;2,57;DEBW_52210005ykq
UUID_d2892699-7cc9-4284-96a6-73c04dbe9fd2;DEBW_52210005ykq;WALL;199;0,27;0,00;0,00;0,83;;2,57;DEBW_52210005ykq
UUID_4bf8b8e1-e15e-456a-b1a0-4e59c84cd27e;DEBW_52210005hTR;WALL;199;0,27;10,29;3,81;0,83;;2,57;DEBW_52210005hTR
UUID_8007acc9-3551-408a-b8a9-ff549678cc78;DEBW_52210005hTR;GROUND;150;0,00;19,80;0,00;0,62;;;DEBW_52210005hTR
UUID_4a64eab0-b5a1-4702-b953-c1b7bec29a29;DEBW_52210005hTR;WALL;199;0,27;0,00;0,00;0,83;;2,57;DEBW_52210005hTR
UUID_ee9c0aa9-3023-44e7-8692-36163ffd3b84;DEBW_52210005hTR;WALL;199;0,27;0,00;0,00;0,83;;2,57;DEBW_52210005hTR
UUID_8d12a143-9afa-4eea-a585-c3ec4445f215;DEBW_52210005hTR;ROOF;226;0,10;8,11;0,90;0,43;;2,57;DEBW_52210005hTR
UUID_08067f2c-527b-451e-9cb4-e7d5b6ddaa89;DEBW_52210005hTR;WALL;199;0,27;1,28;0,47;0,83;;2,57;DEBW_52210005hTR
UUID_fcf890c8-ca74-4638-9ee8-e82e59c6aa0d;DEBW_52210005hTR;WALL;199;0,27;0,86;0,32;0,83;;2,57;DEBW_52210005hTR
UUID_cba1634b-87dd-497f-896c-09b20a07056c;DEBW_52210005hTR;WALL;199;0,27;10,96;4,06;0,83;;2,57;DEBW_52210005hTR
UUID_a61cac5a-47f2-467f-8404-c798cff2ead6;DEBW_52210005hTR;ROOF;226;0,10;12,07;1,34;0,43;;2,57;DEBW_52210005hTR
UUID_add505c1-5933-4bbc-be41-73a7d8feaa54;DEBW_522100051BJ;WALL;199;0,14;11,79;1,92;0,83;;2,57;DEBW_522100051BJ
UUID_110d74e5-ea3d-4bd7-a6e1-ba0d8f2c1c4b;DEBW_522100051BJ;ROOF;226;0,10;5,17;0,57;0,43;;2,57;DEBW_522100051BJ
UUID_1025facb-1650-48da-9726-59c7844e005b;DEBW_522100051BJ;ROOF;226;0,10;5,18;0,58;0,43;;2,57;DEBW_522100051BJ
UUID_7711aef7-7637-46e8-981d-793ee99a3885;DEBW_522100051BJ;GROUND;150;0,00;7,81;0,00;0,62;;;DEBW_522100051BJ
UUID_a57d1683-ebd9-4d57-9eb1-1d68bed6a721;DEBW_522100051BJ;WALL;199;0,14;5,57;0,91;0,83;;2,57;DEBW_522100051BJ
UUID_9340e1db-b067-463f-9c76-e609df6e34e1;DEBW_522100051BJ;WALL;199;0,14;5,36;0,87;0,83;;2,57;DEBW_522100051BJ
UUID_e42fde3c-1a34-405d-910f-5f8ba304efbf;DEBW_522100051BJ;WALL;199;0,14;5,25;0,85;0,83;;2,57;DEBW_522100051BJ
UUID_9488a23b-1777-4c5f-a51b-f039aaa141a4;DEBW_522100051BJ;WALL;199;0,14;11,72;1,91;0,83;;2,57;DEBW_522100051BJ
UUID_06b575bd-d9b3-491f-9f37-acb333148bd2;DEBW_522100051BJ;WALL;199;0,14;5,26;0,86;0,83;;2,57;DEBW_522100051BJ
UUID_0453ff21-9eec-419c-9aa5-f542556d220c;DEBW_522100050Oj;ROOF;226;0,10;43,52;4,84;0,43;;2,57;DEBW_522100050Oj
UUID_6fd2a92b-8f96-430c-a177-35ed1ecac079;DEBW_522100050Oj;WALL;199;0,18;0,20;0,04;0,83;;2,57;DEBW_522100050Oj
UUID_dd0b3a87-1e79-4e0d-8f15-08af339582eb;DEBW_522100050Oj;WALL;199;0,18;55,32;12,14;0,83;;2,57;DEBW_522100050Oj
UUID_0bdaeb82-9184-4e18-969c-6d8d079a67b5;DEBW_522100050Oj;WALL;199;0,18;37,83;8,30;0,83;;2,57;DEBW_522100050Oj
UUID_c1dd7af3-accd-4327-a8db-b782f309e076;DEBW_522100050Oj;WALL;199;0,18;37,85;8,31;0,83;;2,57;DEBW_522100050Oj
UUID_f18c336f-ff7d-4332-892e-d2b146ea885d;DEBW_522100050Oj;ROOF;226;0,10;43,50;4,83;0,43;;2,57;DEBW_522100050Oj
UUID_57e53f6e-14cb-40c4-93a3-be133a08a6e8;DEBW_522100050Oj;WALL;199;0,18;55,43;12,17;0,83;;2,57;DEBW_522100050Oj
UUID_117ab5be-38ab-4503-b4b6-c97309c912e5;DEBW_522100050Oj;WALL;199;0,18;0,10;0,02;0,83;;2,57;DEBW_522100050Oj
UUID_ca72e88a-9fdf-4366-b650-fe109f00acda;DEBW_522100050Oj;GROUND;150;0,00;72,88;0,00;0,62;;;DEBW_522100050Oj
UUID_0299fa57-26f2-4e02-bcc7-4614a3df3daa;DEBW_522100051D8;WALL;199;0,14;18,76;3,05;0,83;;2,57;DEBW_522100051D8
UUID_31202ab6-eda1-4cfc-81ea-d2b0a2d959ba;DEBW_522100051D8;GROUND;150;0,00;55,70;0,00;0,62;;;DEBW_522100051D8
UUID_bc7794b0-aaf1-490f-bf15-7b180d1f6178;DEBW_522100051D8;ROOF;226;0,10;51,35;5,71;0,43;;2,57;DEBW_522100051D8
UUID_95a87917-17a7-47df-983c-65c14cf23c6b;DEBW_522100051D8;WALL;199;0,14;65,41;10,65;0,83;;2,57;DEBW_522100051D8
UUID_3e885a43-aa90-49d8-95b6-df5d9fec5263;DEBW_522100051D8;WALL;199;0,14;5,49;0,89;0,83;;2,57;DEBW_522100051D8
UUID_7cf0826c-802a-42ac-ae32-97957e1beb62;DEBW_522100051D8;WALL;199;0,14;59,57;9,70;0,83;;2,57;DEBW_522100051D8
UUID_93e1c4ba-f2b4-4c63-8072-62424f489686;DEBW_522100051D8;WALL;199;0,14;21,92;3,57;0,83;;2,57;DEBW_522100051D8
UUID_568a020a-f030-477c-84aa-97174769654b;DEBW_52210004HDI;WALL;199;0,27;6,16;2,28;0,83;;2,57;DEBW_52210004HDI
UUID_df1b3f8e-7ad1-4c07-bfea-d17bb097a61e;DEBW_52210004HDI;ROOF;226;0,10;0,12;0,01;0,43;;2,57;DEBW_52210004HDI
UUID_aca7d38e-e50b-4328-90b0-bfecb589c26e;DEBW_52210004HDI;ROOF;226;0,10;8,35;0,93;0,43;;2,57;DEBW_52210004HDI
UUID_4b9f3a25-6e98-40ce-96dc-4beff778ef11;DEBW_52210004HDI;WALL;199;0,27;0,00;0,00;0,83;;2,57;DEBW_52210004HDI
UUID_0a84bf60-5f63-4b58-95a1-8de80ba3d69f;DEBW_52210004HDI;WALL;199;0,27;6,01;2,22;0,83;;2,57;DEBW_52210004HDI
UUID_07a996ee-e336-4653-a26e-584d59b42580;DEBW_52210004HDI;WALL;199;0,27;0,46;0,17;0,83;;2,57;DEBW_52210004HDI
UUID_0f6b66a1-ecf6-41a0-b458-d6e9f33de9ac;DEBW_52210004HDI;GROUND;150;0,00;19,60;0,00;0,62;;;DEBW_52210004HDI
UUID_a5002f4d-36e0-47f3-a560-02c50ca66e4c;DEBW_52210004HDI;WALL;199;0,27;8,12;3,00;0,83;;2,57;DEBW_52210004HDI
UUID_81d44f7d-f238-4330-af28-4e83fe04bc01;DEBW_52210004HDI;WALL;199;0,27;0,00;0,00;0,83;;2,57;DEBW_52210004HDI
UUID_bf7f52f0-2a12-42af-8db9-5c496f25ea5a;DEBW_52210004HDI;ROOF;226;0,10;10,49;1,17;0,43;;2,57;DEBW_52210004HDI
UUID_21e4571a-7862-4798-a47e-4df23903b85e;DEBW_52210005hn1;WALL;199;0,18;5,66;1,24;0,83;;2,57;DEBW_52210005hn1
UUID_c7525b9d-b27d-4283-b4b3-dd4e6fd56fed;DEBW_52210005hn1;WALL;199;0,18;38,22;8,39;0,83;;2,57;DEBW_52210005hn1
UUID_77cec463-94ba-4515-b76a-8626509b634e;DEBW_52210005hn1;ROOF;226;0,10;13,82;1,54;0,43;;2,57;DEBW_52210005hn1
UUID_6ea42f84-db00-4c59-b445-f0e4ae816651;DEBW_52210005hn1;GROUND;150;0,00;10,37;0,00;0,62;;;DEBW_52210005hn1
UUID_d225b2c8-b169-42da-9ae3-77d848b67af6;DEBW_52210005hn1;WALL;199;0,18;0,00;0,00;0,83;;2,57;DEBW_52210005hn1
UUID_f9c7104f-1f34-4ef0-bb28-242660d2d853;DEBW_52210005hn1;WALL;199;0,18;0,00;0,00;0,83;;2,57;DEBW_52210005hn1
UUID_d0d8961e-adaf-437d-aa4c-cfe651f71226;DEBW_52210005hn1;WALL;199;0,18;7,13;1,56;0,83;;2,57;DEBW_52210005hn1
UUID_d5bc0665-c9b2-4847-ad3e-16602f12b9af;DEBW_52210005hn1;WALL;199;0,18;1,65;0,36;0,83;;2,57;DEBW_52210005hn1
UUID_0b7241ec-9253-4713-8ba3-e0eee563d0d7;DEBW_52210005hn1;WALL;199;0,18;12,11;2,66;0,83;;2,57;DEBW_52210005hn1
UUID_6d2f3acc-7fed-4f44-89ca-c84848795663;DEBW_52210005hn1;WALL;199;0,18;0,04;0,01;0,83;;2,57;DEBW_52210005hn1
UUID_221730c3-0da3-40cd-b36b-854bced94cc1;DEBW_52210004Ihn;WALL;199;0,18;27,71;6,08;0,83;;2,57;DEBW_52210004Ihn
UUID_a7df660e-168e-4c01-8bbc-4875269ffef2;DEBW_52210004Ihn;WALL;199;0,18;44,38;9,74;0,83;;2,57;DEBW_52210004Ihn
UUID_9613363e-4383-47b0-b966-75cdf47a4ddf;DEBW_52210004Ihn;WALL;199;0,18;6,04;1,32;0,83;;2,57;DEBW_52210004Ihn
UUID_c6c2b8d2-1acf-4cfc-8900-eaa5fd57a220;DEBW_52210004Ihn;WALL;199;0,18;9,69;2,13;0,83;;2,57;DEBW_52210004Ihn
UUID_3c00e486-3ec7-4e4a-9e99-8f2911253501;DEBW_52210004Ihn;WALL;199;0,18;26,72;5,87;0,83;;2,57;DEBW_52210004Ihn
UUID_8c0d1e1b-20ee-4557-9781-66c4ae95c5ea;DEBW_52210004Ihn;WALL;199;0,18;3,81;0,84;0,83;;2,57;DEBW_52210004Ihn
UUID_7be69bae-78cb-4562-af47-6495a175f79a;DEBW_52210004Ihn;WALL;199;0,18;20,89;4,58;0,83;;2,57;DEBW_52210004Ihn
UUID_134910f2-78cb-468f-adb7-99d8bfa55e79;DEBW_52210004Ihn;WALL;199;0,18;43,26;9,50;0,83;;2,57;DEBW_52210004Ihn
UUID_75452e34-7c09-4843-89af-dfb57f30d4f5;DEBW_52210004Ihn;WALL;199;0,18;9,64;2,12;0,83;;2,57;DEBW_52210004Ihn
UUID_32c49b6e-b66b-4b47-95a9-c5e1aab2bdac;DEBW_52210004Ihn;WALL;199;0,18;6,22;1,36;0,83;;2,57;DEBW_52210004Ihn
UUID_a402aeeb-1ae5-45da-8ad7-461a344ee750;DEBW_52210004Ihn;WALL;199;0,18;5,53;1,21;0,83;;2,57;DEBW_52210004Ihn
UUID_9357c98e-23e8-45f8-8108-e4e18dd8dd84;DEBW_52210004Ihn;WALL;199;0,18;9,74;2,14;0,83;;2,57;DEBW_52210004Ihn
UUID_bfe9977b-8266-460d-bd52-d436b98ae2f3;DEBW_52210004Ihn;WALL;199;0,18;32,27;7,08;0,83;;2,57;DEBW_52210004Ihn
UUID_2ad000a7-b401-47e0-8b59-fe15586329bc;DEBW_52210004Ihn;WALL;199;0,18;19,47;4,27;0,83;;2,57;DEBW_52210004Ihn
UUID_599ad08c-0b75-42b0-b22a-f7d81a4cc441;DEBW_52210004Ihn;WALL;199;0,18;5,58;1,22;0,83;;2,57;DEBW_52210004Ihn
UUID_44f75b68-514c-48ea-8fc3-3114d86f4c8e;DEBW_52210004Ihn;WALL;199;0,18;23,89;5,24;0,83;;2,57;DEBW_52210004Ihn
UUID_4c91f452-0390-45dd-bd13-2e015e6dd7b6;DEBW_52210004Ihn;WALL;199;0,18;30,32;6,66;0,83;;2,57;DEBW_52210004Ihn
UUID_d357fa67-b50e-4c1b-bfa9-fbecb8e332f7;DEBW_52210004Ihn;WALL;199;0,18;19,72;4,33;0,83;;2,57;DEBW_52210004Ihn
UUID_bb008be8-367d-4fd5-929e-b3edfdfa6b1a;DEBW_52210004Ihn;WALL;199;0,18;9,65;2,12;0,83;;2,57;DEBW_52210004Ihn
UUID_f0a4765f-3261-431b-bc9d-7656883e47ad;DEBW_52210004Ihn;WALL;199;0,18;1,10;0,24;0,83;;2,57;DEBW_52210004Ihn
UUID_30874023-f310-45fb-9d69-68e916b74eb7;DEBW_52210004Ihn;ROOF;226;0,10;95,47;10,61;0,43;;2,57;DEBW_52210004Ihn
UUID_aef5381e-5160-4df0-ac1b-c72631b40d56;DEBW_52210004Ihn;ROOF;226;0,10;99,42;11,05;0,43;;2,57;DEBW_52210004Ihn
UUID_59779cca-d59e-4a57-96a2-d0fb34a9276d;DEBW_52210004Ihn;WALL;199;0,18;4,62;1,01;0,83;;2,57;DEBW_52210004Ihn
UUID_c1e44652-7422-4e4a-b9d2-24b1da687cc7;DEBW_52210004Ihn;WALL;199;0,18;0,70;0,15;0,83;;2,57;DEBW_52210004Ihn
UUID_eed9d47a-64e2-4dae-af98-4f509218871a;DEBW_52210004Ihn;WALL;199;0,18;43,28;9,50;0,83;;2,57;DEBW_52210004Ihn
UUID_9517c0f0-e089-4722-baa2-622df932e04b;DEBW_52210004Ihn;WALL;199;0,18;9,63;2,11;0,83;;2,57;DEBW_52210004Ihn
UUID_e9df25e8-7454-4428-bddb-6bb4e391dc63;DEBW_52210004Ihn;WALL;199;0,18;10,86;2,38;0,83;;2,57;DEBW_52210004Ihn
UUID_bda3c1c6-3729-439a-8c80-58c84678b9fb;DEBW_52210004Ihn;GROUND;150;0,00;166,83;0,00;0,62;;;DEBW_52210004Ihn
UUID_59b419d4-5944-4b49-8a21-a507c3beb7e8;DEBW_52210004Ihn;WALL;199;0,18;32,18;7,06;0,83;;2,57;DEBW_52210004Ihn
UUID_4bf78f83-066b-4cc0-8655-353de5affae3;DEBW_522100051GT;WALL;199;0,14;9,70;1,58;0,83;;2,57;DEBW_522100051GT
UUID_3b257d3d-90c8-4658-b329-7dead75cd42a;DEBW_522100051GT;WALL;199;0,14;2,33;0,38;0,83;;2,57;DEBW_522100051GT
UUID_e29e0884-07af-4512-b220-0c5736c1561a;DEBW_522100051GT;WALL;199;0,14;9,86;1,61;0,83;;2,57;DEBW_522100051GT
UUID_9aee9742-0ca8-4af5-8f7e-2ffcd2d565f5;DEBW_522100051GT;ROOF;226;0,10;21,99;2,44;0,43;;2,57;DEBW_522100051GT
UUID_06260a95-54fa-4658-ac90-04a0f13fa685;DEBW_522100051GT;WALL;199;0,14;4,68;0,76;0,83;;2,57;DEBW_522100051GT
UUID_75d64e11-b190-450f-bbfe-525e1a74d48f;DEBW_522100051GT;GROUND;150;0,00;24,43;0,00;0,62;;;DEBW_522100051GT
UUID_662d9202-3dd9-48d0-bcd5-f8d636d030e3;DEBW_522100051GT;WALL;199;0,14;4,74;0,77;0,83;;2,57;DEBW_522100051GT
UUID_cb76cacf-e604-4ea8-93e4-834cf1c47124;DEBW_522100051GT;WALL;199;0,14;1,75;0,28;0,83;;2,57;DEBW_522100051GT
UUID_6f93640c-9aaf-42f2-a15b-18de1df22276;DEBW_522100051GT;WALL;199;0,14;13,96;2,27;0,83;;2,57;DEBW_522100051GT
UUID_7e091816-d009-4f73-9a50-dbff35c1a8b8;DEBW_522100051GT;WALL;199;0,14;9,83;1,60;0,83;;2,57;DEBW_522100051GT
UUID_dcf6fedf-bca9-4871-af3e-0d1d4b1b70c4;DEBW_52210004HIN;WALL;199;0,27;21,78;8,06;0,83;;2,57;DEBW_52210004HIN
UUID_8506a66b-05d5-4e9b-b05e-2ea5ead4148f;DEBW_52210004HIN;WALL;199;0,27;53,23;19,69;0,83;;2,57;DEBW_52210004HIN
UUID_17fc29ca-122a-45f8-a3aa-b4ecc9cf463f;DEBW_52210004HIN;WALL;199;0,27;0,02;0,01;0,83;;2,57;DEBW_52210004HIN
UUID_991ca369-9909-4f4a-8bf8-26d1602d778f;DEBW_52210004HIN;WALL;199;0,27;52,56;19,44;0,83;;2,57;DEBW_52210004HIN
UUID_bd537f76-b897-44a7-b99e-2a85839f2e35;DEBW_52210004HIN;ROOF;226;0,10;107,33;11,93;0,43;;2,57;DEBW_52210004HIN
UUID_faf5586c-ebf1-4ee8-b3c3-1b162593081f;DEBW_52210004HIN;GROUND;150;0,00;119,26;0,00;0,62;;;DEBW_52210004HIN
UUID_e59f4ebb-9b03-463e-8bc3-118bddb6de2e;DEBW_52210004HIN;WALL;199;0,27;21,88;8,09;0,83;;2,57;DEBW_52210004HIN
UUID_2fc22bdd-3d2a-4d48-858f-298ca7571cc4;DEBW_52210004HIN;WALL;199;0,27;0,37;0,14;0,83;;2,57;DEBW_52210004HIN
UUID_f077362c-6f4e-491a-b904-bd7f39d40791;DEBW_52210004HIN;WALL;199;0,27;54,07;20,00;0,83;;2,57;DEBW_52210004HIN
UUID_031ed8b9-7fc9-4c16-8018-d6789de67362;DEBW_52210004zDV;WALL;199;0,14;12,55;2,04;0,83;;2,57;DEBW_52210004zDV
UUID_9bbf1db3-96dc-4de7-854e-6ed97b6cf4ef;DEBW_52210004zDV;WALL;199;0,14;10,35;1,68;0,83;;2,57;DEBW_52210004zDV
UUID_eb025322-65fb-43e0-9d41-9423c984eb89;DEBW_52210004zDV;WALL;199;0,14;9,50;1,55;0,83;;2,57;DEBW_52210004zDV
UUID_8f43c122-b31a-4337-885a-fd778a5dcbc3;DEBW_52210004zDV;WALL;199;0,14;64,10;10,43;0,83;;2,57;DEBW_52210004zDV
UUID_a18c30bf-5def-46b9-8ca8-64cbb45ab168;DEBW_52210004zDV;WALL;199;0,14;25,75;4,19;0,83;;2,57;DEBW_52210004zDV
UUID_168b73ac-8e17-4168-ad1c-653c0a0686a3;DEBW_52210004zDV;WALL;199;0,14;64,30;10,47;0,83;;2,57;DEBW_52210004zDV
UUID_98611beb-a3fa-4b94-92e9-b27a03eefaf6;DEBW_52210004zDV;ROOF;226;0,10;49,44;5,49;0,43;;2,57;DEBW_52210004zDV
UUID_9e597c28-6d0e-40b9-9966-1c185078dc92;DEBW_52210004zDV;WALL;199;0,14;25,80;4,20;0,83;;2,57;DEBW_52210004zDV
UUID_510e6b0b-5569-4027-ba5d-6e43fe5e5c55;DEBW_52210004zDV;ROOF;226;0,10;50,02;5,56;0,43;;2,57;DEBW_52210004zDV
UUID_30fe2477-3b02-4369-957d-f9ec13c2572d;DEBW_52210004zDV;WALL;199;0,14;5,34;0,87;0,83;;2,57;DEBW_52210004zDV
UUID_ce6a7f9c-a792-4c8d-8f0d-4662b2a9d085;DEBW_52210004zDV;GROUND;150;0,00;82,90;0,00;0,62;;;DEBW_52210004zDV
UUID_286c9f38-cd1d-481c-806a-9d50ddfc37e7;DEBW_52210005hqW;GROUND;150;0,00;3,13;0,00;0,62;;;DEBW_52210005hqW
UUID_3addc728-b8ac-4608-b6e8-bb7a18029463;DEBW_52210005hqW;ROOF;226;0,10;4,11;0,46;0,43;;2,57;DEBW_52210005hqW
UUID_9970a9b5-1e6f-44cc-8fe0-fca532c5eea4;DEBW_52210005hqW;WALL;199;0,27;2,50;0,92;0,83;;2,57;DEBW_52210005hqW
UUID_b068dc6d-60cb-4ba7-94b9-8408083632e5;DEBW_52210005hqW;WALL;199;0,27;0,61;0,22;0,83;;2,57;DEBW_52210005hqW
UUID_a2d18318-cf40-4a3f-85dc-9a8fff8c5f06;DEBW_52210005hqW;WALL;199;0,27;13,26;4,91;0,83;;2,57;DEBW_52210005hqW
UUID_c39f408c-1764-4b26-86f5-17d435d00442;DEBW_52210005hqW;WALL;199;0,27;1,30;0,48;0,83;;2,57;DEBW_52210005hqW
UUID_29e999c1-2041-4a34-8115-ac25d057c34a;DEBW_52210005hqW;WALL;199;0,27;2,62;0,97;0,83;;2,57;DEBW_52210005hqW
UUID_443fb064-934b-4630-b6b7-e14486742a75;DEBW_52210005L39;WALL;199;0,18;39,36;8,64;0,83;;2,57;DEBW_52210005L39
UUID_93030045-7760-47f2-8952-467047757e79;DEBW_52210005L39;WALL;199;0,18;46,19;10,14;0,83;;2,57;DEBW_52210005L39
UUID_7a847e7e-0ac8-47c5-a543-acf71d71b7d0;DEBW_52210005L39;WALL;199;0,18;16,35;3,59;0,83;;2,57;DEBW_52210005L39
UUID_667607e4-30cb-407d-9d88-f9b6c86e10c6;DEBW_52210005L39;ROOF;226;0,10;68,93;7,66;0,43;;2,57;DEBW_52210005L39
UUID_ac98d49e-a4fb-4e5a-983f-3bb0b0667c3c;DEBW_52210005L39;WALL;199;0,18;38,08;8,36;0,83;;2,57;DEBW_52210005L39
UUID_b2b389fe-0185-4741-b9c7-fa1d407ff2fd;DEBW_52210005L39;WALL;199;0,18;61,00;13,39;0,83;;2,57;DEBW_52210005L39
UUID_82310124-5e5e-4d89-bed9-aec96bfcbc00;DEBW_52210005L39;WALL;199;0,18;67,91;14,91;0,83;;2,57;DEBW_52210005L39
UUID_57afaf68-6ba5-43c8-969e-c34693a2813a;DEBW_52210005L39;ROOF;226;0,10;95,61;10,62;0,43;;2,57;DEBW_52210005L39
UUID_b0b57794-5454-4a11-b294-3ff470e9d5f1;DEBW_52210005L39;GROUND;150;0,00;158,05;0,00;0,62;;;DEBW_52210005L39
UUID_47ab4402-b9c6-427c-8bd5-3ca96b012e4d;DEBW_52210005L39;WALL;199;0,18;107,75;23,65;0,83;;2,57;DEBW_52210005L39
UUID_6b0ced22-ad88-4189-8038-19d92b4167d6;DEBW_52210005L39;WALL;199;0,18;28,13;6,17;0,83;;2,57;DEBW_52210005L39
UUID_4dc2ac03-6cf5-4ac9-9b62-163bdbb0c2b9;DEBW_52210004xrW;WALL;199;0,27;3,89;1,44;0,83;;2,57;DEBW_52210004xrW
UUID_77bf7805-829c-4b9c-bccf-0c9bc9dd0c80;DEBW_52210004xrW;WALL;199;0,27;0,52;0,19;0,83;;2,57;DEBW_52210004xrW
UUID_7869e121-d67a-4af0-9bee-c9cd696f2673;DEBW_52210004xrW;GROUND;150;0,00;18,71;0,00;0,62;;;DEBW_52210004xrW
UUID_39424e6e-1542-4a3a-8754-ea0e56fba5c0;DEBW_52210004xrW;WALL;199;0,27;0,64;0,24;0,83;;2,57;DEBW_52210004xrW
UUID_7bec196d-a162-41b7-bef7-ee46a43b9f66;DEBW_52210004xrW;WALL;199;0,27;0,00;0,00;0,83;;2,57;DEBW_52210004xrW
UUID_3f5ffd86-39ff-4f4e-be60-db0fe30aeb18;DEBW_52210004xrW;WALL;199;0,27;11,67;4,32;0,83;;2,57;DEBW_52210004xrW
UUID_b867d07b-3dd1-4ab1-95e6-fac214780889;DEBW_52210004xrW;WALL;199;0,27;0,00;0,00;0,83;;2,57;DEBW_52210004xrW
UUID_9eb88e73-f9ba-4efe-8981-0a974c80ba9e;DEBW_52210004xrW;WALL;199;0,27;4,99;1,85;0,83;;2,57;DEBW_52210004xrW
UUID_63adbcab-7eaa-49c8-a022-c8ce6b25ce4c;DEBW_52210004xrW;WALL;199;0,27;0,46;0,17;0,83;;2,57;DEBW_52210004xrW
UUID_b8ea7bc8-8a58-4927-8cfe-6834ffc72a3c;DEBW_52210004xrW;ROOF;100;0,00;18,71;0,00;0,40;;2,57;DEBW_52210004xrW
UUID_37d127c4-03cc-40d1-9876-4cd77f7d2536;DEBW_52210004xrW;WALL;199;0,27;1,57;0,58;0,83;;2,57;DEBW_52210004xrW
UUID_f0d2f1c4-6261-4923-b850-08c82dbc1d5b;DEBW_52210004xrW;WALL;199;0,27;0,57;0,21;0,83;;2,57;DEBW_52210004xrW
UUID_d99abbc8-9184-4846-aec5-f1f81e5fe8d3;DEBW_52210004xrW;WALL;199;0,27;5,96;2,20;0,83;;2,57;DEBW_52210004xrW
UUID_7e9a88cd-021e-4f79-950a-f21cff5b5edd;DEBW_52210004xrW;WALL;199;0,27;0,52;0,19;0,83;;2,57;DEBW_52210004xrW
UUID_12790231-4a18-4f82-96dd-9fc183783000;DEBW_52210004xrW;WALL;199;0,27;0,64;0,24;0,83;;2,57;DEBW_52210004xrW
UUID_af08e36d-615c-4757-ab63-42f9869fc234;DEBW_52210004zK7;WALL;199;0,18;21,90;4,81;0,83;;2,57;DEBW_52210004zK7
UUID_bb0af3d3-391c-4c9e-8867-e90436b059ac;DEBW_52210004zK7;WALL;199;0,18;21,69;4,76;0,83;;2,57;DEBW_52210004zK7
UUID_b2ce43e4-85a6-4e79-9de6-0b957367ae13;DEBW_52210004zK7;WALL;199;0,18;41,81;9,18;0,83;;2,57;DEBW_52210004zK7
UUID_4caaabd0-886f-4d26-8904-f5c73dca2c99;DEBW_52210004zK7;WALL;199;0,18;0,89;0,19;0,83;;2,57;DEBW_52210004zK7
UUID_c94652ea-4ee5-4cd5-8383-4ef26aeb6a4c;DEBW_52210004zK7;GROUND;150;0,00;11,08;0,00;0,62;;;DEBW_52210004zK7
UUID_c5b198e3-98f2-449b-9aa5-18b7e86e9b57;DEBW_52210004zK7;ROOF;226;0,10;10,11;1,12;0,43;;2,57;DEBW_52210004zK7
UUID_1f2d302a-0bee-4c86-8c74-8da0445a714d;DEBW_522100051DN;WALL;199;0,18;1,78;0,39;0,83;;2,57;DEBW_522100051DN
UUID_2fee7c3c-6c05-49b2-8009-8bdd75540e4b;DEBW_522100051DN;WALL;199;0,18;43,49;9,55;0,83;;2,57;DEBW_522100051DN
UUID_06c3d465-e633-4da5-b301-bc339b0075d5;DEBW_522100051DN;ROOF;226;0,10;31,30;3,48;0,43;;2,57;DEBW_522100051DN
UUID_f793d64e-5503-491a-b77e-060f7ad30f8f;DEBW_522100051DN;WALL;199;0,18;16,87;3,70;0,83;;2,57;DEBW_522100051DN
UUID_bc5de5ac-e9df-440e-922d-c8bbe0fcf1c7;DEBW_522100051DN;WALL;199;0,18;12,41;2,72;0,83;;2,57;DEBW_522100051DN
UUID_8c1e31a3-21b8-42e1-905c-7e4c28a6c988;DEBW_522100051DN;WALL;199;0,18;10,74;2,36;0,83;;2,57;DEBW_522100051DN
UUID_a1cfe974-f5fc-4a08-9435-9fcf79ed1e5c;DEBW_522100051DN;GROUND;150;0,00;57,12;0,00;0,62;;;DEBW_522100051DN
UUID_b5032dde-b56f-4cde-9944-d6e0f8bfca23;DEBW_522100051DN;WALL;199;0,18;43,43;9,53;0,83;;2,57;DEBW_522100051DN
UUID_80d706bc-e224-42a6-9a8e-1608a2630e96;DEBW_522100051DN;ROOF;226;0,10;31,45;3,49;0,43;;2,57;DEBW_522100051DN
UUID_05e32aeb-06f8-46d4-b386-955bf85eda13;DEBW_522100051DN;WALL;199;0,18;1,77;0,39;0,83;;2,57;DEBW_522100051DN
UUID_ed266908-744d-4f13-b7ac-d491fbe415d4;DEBW_522100051DN;WALL;199;0,18;16,21;3,56;0,83;;2,57;DEBW_522100051DN
UUID_4a0e00ae-0e68-49f2-b11c-e84c40f5dea2;DEBW_522100050Y3;GROUND;150;0,00;18,58;0,00;0,62;;;DEBW_522100050Y3
UUID_b789e49f-352f-4184-ab98-047a42a32a63;DEBW_522100050Y3;WALL;199;0,14;11,43;1,86;0,83;;2,57;DEBW_522100050Y3
UUID_3abe020c-032d-4790-9af0-9c2201e66d01;DEBW_522100050Y3;ROOF;94;0,00;18,58;0,00;0,43;;2,57;DEBW_522100050Y3
UUID_9005f0f3-4469-4ec4-995d-24ab5b594851;DEBW_522100050Y3;WALL;199;0,14;11,11;1,81;0,83;;2,57;DEBW_522100050Y3
UUID_c7625619-54d3-4ef7-9999-02866cbbfc60;DEBW_522100050Y3;WALL;199;0,14;11,19;1,82;0,83;;2,57;DEBW_522100050Y3
UUID_6d3867da-2682-43a8-a17f-b384a1b11de4;DEBW_522100050Y3;WALL;199;0,14;11,47;1,87;0,83;;2,57;DEBW_522100050Y3
UUID_5f3d1f47-fae7-4186-b811-f66a86005abc;DEBW_52210005jPg;WALL;199;0,18;87,01;19,10;0,83;;2,57;DEBW_52210005jPg
UUID_1152ae82-388a-4dd6-b2dd-ac6b7b9a88eb;DEBW_52210005jPg;WALL;199;0,18;28,36;6,22;0,83;;2,57;DEBW_52210005jPg
UUID_8a88c61c-ec88-4602-a914-d092ff89d51c;DEBW_52210005jPg;WALL;199;0,18;6,91;1,52;0,83;;2,57;DEBW_52210005jPg
UUID_fa3ab6c9-55c4-4e28-8b5c-9ecb80a68a20;DEBW_52210005jPg;WALL;199;0,18;29,50;6,48;0,83;;2,57;DEBW_52210005jPg
UUID_8f35e5e4-6903-449a-b31f-54638d7eb4f6;DEBW_52210005jPg;WALL;199;0,18;41,18;9,04;0,83;;2,57;DEBW_52210005jPg
UUID_839e1e78-32d3-41fd-bf47-65b17376d890;DEBW_52210005jPg;WALL;199;0,18;1,71;0,37;0,83;;2,57;DEBW_52210005jPg
UUID_9ade45e1-e1bf-4e04-8eec-803f03f461f1;DEBW_52210005jPg;WALL;199;0,18;69,93;15,35;0,83;;2,57;DEBW_52210005jPg
UUID_4f13b2fc-2252-4771-9cbf-1f1e8ba5a837;DEBW_52210005jPg;WALL;199;0,18;12,56;2,76;0,83;;2,57;DEBW_52210005jPg
UUID_5d4921a9-bd82-42ed-bc4b-9c5bee2398d6;DEBW_52210005jPg;WALL;199;0,18;23,53;5,17;0,83;;2,57;DEBW_52210005jPg
UUID_0cfd64dd-9a86-49ba-9a9c-091b02ff7e6d;DEBW_52210005jPg;ROOF;226;0,10;64,36;7,15;0,43;;2,57;DEBW_52210005jPg
UUID_b319b0e3-e1e9-4e88-9f26-ae94eabe7a5e;DEBW_52210005jPg;GROUND;150;0,00;98,42;0,00;0,62;;;DEBW_52210005jPg
UUID_e4a5af7c-1a2c-4feb-831e-704dd3e11ed3;DEBW_52210005jPg;WALL;199;0,18;1,51;0,33;0,83;;2,57;DEBW_52210005jPg
UUID_b7e540e5-9681-4eaa-a50b-24911445f148;DEBW_52210005jPg;WALL;199;0,18;9,46;2,08;0,83;;2,57;DEBW_52210005jPg
UUID_0f3c549e-d7e4-4b27-abcc-cf198d67adac;DEBW_52210005jPg;ROOF;226;0,10;51,32;5,70;0,43;;2,57;DEBW_52210005jPg
UUID_46b6b69d-2987-4c74-88e3-214207f7840c;DEBW_522100051QS;WALL;199;0,27;4,64;1,72;0,83;;2,57;DEBW_522100051QS
UUID_afdc230f-df3f-4641-bc6f-75a6d77bec4c;DEBW_522100051QS;ROOF;226;0,10;14,62;1,62;0,43;;2,57;DEBW_522100051QS
UUID_2cc5ee32-113f-4f2a-bac2-afe975963cf1;DEBW_522100051QS;GROUND;150;0,00;16,20;0,00;0,62;;;DEBW_522100051QS
UUID_3637452a-7375-49b8-8f3b-78ae7ebdb79c;DEBW_522100051QS;WALL;199;0,27;0,43;0,16;0,83;;2,57;DEBW_522100051QS
UUID_9adf43ba-6c68-43f0-9fca-210272c9e70c;DEBW_522100051QS;WALL;199;0,27;5,37;1,99;0,83;;2,57;DEBW_522100051QS
UUID_5d535c19-31ad-4624-a8fb-505b1faffaf4;DEBW_522100051QS;WALL;199;0,27;9,42;3,48;0,83;;2,57;DEBW_522100051QS
UUID_d03644f8-367b-4267-b697-94b1afbc5c2e;DEBW_52210005PUw;ROOF;226;0,10;33,05;3,67;0,43;;2,57;DEBW_52210005PUw
UUID_fe6b23c2-dab2-4614-8824-b9352bddfd78;DEBW_52210005PUw;WALL;199;0,27;2,54;0,94;0,83;;2,57;DEBW_52210005PUw
UUID_12bb5be9-0141-4fef-a96c-f9f7f5e5f3d4;DEBW_52210005PUw;WALL;199;0,27;15,64;5,78;0,83;;2,57;DEBW_52210005PUw
UUID_32880ab3-3516-44b7-9d47-35212e4d087d;DEBW_52210005PUw;WALL;199;0,27;0,64;0,24;0,83;;2,57;DEBW_52210005PUw
UUID_361bdde7-7786-4b1c-b12f-63a1acc8969f;DEBW_52210005PUw;WALL;199;0,27;5,09;1,88;0,83;;2,57;DEBW_52210005PUw
UUID_0923fe77-e37d-495f-8a88-1291d1902abf;DEBW_52210005PUw;WALL;199;0,27;10,58;3,91;0,83;;2,57;DEBW_52210005PUw
UUID_80bbffac-9312-45aa-bb6f-1f699abd7ccc;DEBW_52210005PUw;WALL;199;0,27;0,81;0,30;0,83;;2,57;DEBW_52210005PUw
UUID_093d19b3-3b45-4d09-92ab-37b46fcdee04;DEBW_52210005PUw;WALL;199;0,27;0,37;0,14;0,83;;2,57;DEBW_52210005PUw
UUID_4c566c11-d9ea-4c05-9b06-095b4d781e0b;DEBW_52210005PUw;WALL;199;0,27;0,53;0,19;0,83;;2,57;DEBW_52210005PUw
UUID_ca77b452-2490-46d3-9571-fe1ea62626b0;DEBW_52210005PUw;WALL;199;0,27;0,42;0,16;0,83;;2,57;DEBW_52210005PUw
UUID_e0d6d31a-58e8-455c-8697-b693d0bec4eb;DEBW_52210005PUw;WALL;199;0,27;5,56;2,06;0,83;;2,57;DEBW_52210005PUw
UUID_22f24250-5dd8-4f98-a3a3-9e9d28ca168d;DEBW_52210005PUw;GROUND;150;0,00;36,41;0,00;0,62;;;DEBW_52210005PUw
UUID_79b6e803-3d09-4837-8392-0f509acea8ef;DEBW_52210005PUw;WALL;199;0,27;0,30;0,11;0,83;;2,57;DEBW_52210005PUw
UUID_8b505cda-14af-4b38-b0bd-ddc5285d827e;DEBW_52210005PUw;WALL;199;0,27;0,27;0,10;0,83;;2,57;DEBW_52210005PUw
UUID_ca2b5a81-df07-4537-b49a-93692122ce53;DEBW_52210003tI1;WALL;199;0,14;17,41;2,83;0,83;;2,57;DEBW_52210003tI1
UUID_c13b59f6-4416-4373-bb62-64bb89c37c38;DEBW_52210003tI1;WALL;199;0,14;0,41;0,07;0,83;;2,57;DEBW_52210003tI1
UUID_3b64ac34-d794-4160-8102-f398ca34f516;DEBW_52210003tI1;GROUND;150;0,00;70,79;0,00;0,62;;;DEBW_52210003tI1
UUID_eb72aac2-8393-4210-9fa5-0a55deb42e16;DEBW_52210003tI1;ROOF;226;0,10;63,77;7,09;0,43;;2,57;DEBW_52210003tI1
UUID_ff10844e-b323-495e-b59d-7117e798d78f;DEBW_52210003tI1;WALL;199;0,14;44,11;7,18;0,83;;2,57;DEBW_52210003tI1
UUID_7d94ee2c-d04a-4b6a-8864-066f26900c92;DEBW_52210003tI1;WALL;199;0,14;13,00;2,12;0,83;;2,57;DEBW_52210003tI1
UUID_7c500bcf-b0d3-4ad1-b157-b38910b9446b;DEBW_52210003tI1;WALL;199;0,14;35,27;5,74;0,83;;2,57;DEBW_52210003tI1
UUID_52567ea2-ff60-4186-9a0c-d62550b01f6e;DEBW_52210003tI1;WALL;199;0,14;26,86;4,37;0,83;;2,57;DEBW_52210003tI1
UUID_08eb185f-69d7-40a4-a65f-a85b743bafc5;DEBW_52210005k2O;WALL;199;0,27;0,00;0,00;0,83;;2,57;DEBW_52210005k2O
UUID_9b77f727-01ae-4d20-ad54-01b500be2708;DEBW_52210005k2O;WALL;199;0,27;3,52;1,30;0,83;;2,57;DEBW_52210005k2O
UUID_ef27bc37-cafe-4f74-bd28-ca75e920914a;DEBW_52210005k2O;WALL;199;0,27;3,54;1,31;0,83;;2,57;DEBW_52210005k2O
UUID_1ba0fd36-8058-4055-a4ed-39c50180dc92;DEBW_52210005k2O;ROOF;226;0,10;3,43;0,38;0,43;;2,57;DEBW_52210005k2O
UUID_a9f9cc6a-a1eb-4bd3-a4ec-db6cc0742e0a;DEBW_52210005k2O;GROUND;150;0,00;3,79;0,00;0,62;;;DEBW_52210005k2O
UUID_4e55bc7e-41af-4fe3-8d7a-1b4a0a132c45;DEBW_52210005k2O;WALL;199;0,27;14,81;5,48;0,83;;2,57;DEBW_52210005k2O
UUID_c512fd63-2677-44ae-9e6c-d13ae5dcd325;DEBW_52210003xOe;WALL;199;0,14;11,02;1,79;0,83;;2,57;DEBW_52210003xOe
UUID_64cba2d1-09bc-4efc-9a0f-019e6fbb69d6;DEBW_52210003xOe;GROUND;150;0,00;50,16;0,00;0,62;;;DEBW_52210003xOe
UUID_7cc38c7b-a66e-4a33-a2f4-08f5bb2e2d3a;DEBW_52210003xOe;WALL;199;0,14;19,00;3,09;0,83;;2,57;DEBW_52210003xOe
UUID_025e0e09-7d39-43a9-84cc-5653a9f78d1f;DEBW_52210003xOe;WALL;199;0,14;25,36;4,13;0,83;;2,57;DEBW_52210003xOe
UUID_234a37e5-72fe-4a93-bdfd-db3789088b38;DEBW_52210003xOe;ROOF;226;0,10;45,63;5,07;0,43;;2,57;DEBW_52210003xOe
UUID_f5782a25-910d-4ce8-8f9e-3bdef53b75d8;DEBW_52210003xOe;WALL;199;0,14;10,87;1,77;0,83;;2,57;DEBW_52210003xOe
UUID_37a9cbc4-e977-4497-98e8-012cc1ee54bb;DEBW_52210004zE4;ROOF;226;0,10;50,34;5,59;0,43;;2,57;DEBW_52210004zE4
UUID_e3e25490-f492-47a4-9bd4-3031eb8e1edc;DEBW_52210004zE4;WALL;199;0,18;21,34;4,68;0,83;;2,57;DEBW_52210004zE4
UUID_3bfadd0b-1f5a-44f7-bcc6-38727dfcaa59;DEBW_52210004zE4;WALL;199;0,18;1,52;0,33;0,83;;2,57;DEBW_52210004zE4
UUID_31df16b6-84f2-4223-8bff-79efd820351e;DEBW_52210004zE4;WALL;199;0,18;47,82;10,50;0,83;;2,57;DEBW_52210004zE4
UUID_bb451baf-e1dd-4a30-b8cc-2363d4edbaa2;DEBW_52210004zE4;WALL;199;0,18;2,56;0,56;0,83;;2,57;DEBW_52210004zE4
UUID_da0cf5b3-d85b-4a91-a53a-f75976441de5;DEBW_52210004zE4;ROOF;226;0,10;45,34;5,04;0,43;;2,57;DEBW_52210004zE4
UUID_7ca8a6f1-43ce-4372-8265-27e595af4b11;DEBW_52210004zE4;WALL;199;0,18;2,49;0,55;0,83;;2,57;DEBW_52210004zE4
UUID_5d14863b-94aa-44d9-afcb-9eba7fcfb31a;DEBW_52210004zE4;WALL;199;0,18;41,51;9,11;0,83;;2,57;DEBW_52210004zE4
UUID_6e869010-31ff-4d75-b0d0-a976d7795913;DEBW_52210004zE4;GROUND;150;0,00;75,48;0,00;0,62;;;DEBW_52210004zE4
UUID_3d77f04b-4e43-42d8-a6b9-2fca02d4e166;DEBW_52210004zE4;WALL;199;0,18;23,47;5,15;0,83;;2,57;DEBW_52210004zE4
UUID_b0d5b8fd-6d21-4379-89b4-32293c7534df;DEBW_52210004zE4;WALL;199;0,18;38,89;8,54;0,83;;2,57;DEBW_52210004zE4
UUID_931cb671-f360-4263-8ff5-9703812b0bb3;DEBW_52210004xrI;ROOF;226;0,10;43,82;4,87;0,43;;2,57;DEBW_52210004xrI
UUID_68f63913-d704-44c6-b555-cdf8bf1b86ee;DEBW_52210004xrI;ROOF;226;0,10;100,03;11,11;0,43;;2,57;DEBW_52210004xrI
UUID_09c17da2-8459-444a-9ab4-25fefea3cfad;DEBW_52210004xrI;WALL;199;0,18;2,44;0,54;0,83;;2,57;DEBW_52210004xrI
UUID_1d489ef2-2ac6-43f2-8047-8a6faf978507;DEBW_52210004xrI;GROUND;150;0,00;122,26;0,00;0,62;;;DEBW_52210004xrI
UUID_0be1be78-8aab-4e07-90e9-19ec49a8c02b;DEBW_52210004xrI;WALL;199;0,18;19,19;4,21;0,83;;2,57;DEBW_52210004xrI
UUID_f137c914-d2ff-490a-8870-bbf022319beb;DEBW_52210004xrI;WALL;199;0,18;18,49;4,06;0,83;;2,57;DEBW_52210004xrI
UUID_fe245fe7-c318-47fe-b37f-9b728e0fa93a;DEBW_52210004xrI;WALL;199;0,18;14,95;3,28;0,83;;2,57;DEBW_52210004xrI
UUID_1a5691d7-00af-4231-bf14-97263fef09a7;DEBW_52210004xrI;WALL;199;0,18;12,25;2,69;0,83;;2,57;DEBW_52210004xrI
UUID_49d4e9cb-a1ea-475c-a10a-50cae49c5f0c;DEBW_52210004xrI;WALL;199;0,18;30,57;6,71;0,83;;2,57;DEBW_52210004xrI
UUID_d87fa983-9bca-4f08-ad1b-4da851fdfea7;DEBW_52210004xrI;WALL;199;0,18;12,41;2,72;0,83;;2,57;DEBW_52210004xrI
UUID_cd53f7d8-af80-4fbe-a342-b5bbbeae3e82;DEBW_52210004xrI;WALL;199;0,18;6,59;1,45;0,83;;2,57;DEBW_52210004xrI
UUID_3ecd12d9-add3-4a04-aa9c-67497d62d99e;DEBW_52210004xrI;WALL;199;0,18;69,75;15,31;0,83;;2,57;DEBW_52210004xrI
UUID_c00a87e0-79b6-4b50-8c10-ea9ba0155933;DEBW_52210004xrI;WALL;199;0,18;4,35;0,95;0,83;;2,57;DEBW_52210004xrI
UUID_5bd10834-e973-4aaa-a60e-be7e389b32b9;DEBW_52210004xrI;WALL;199;0,18;35,99;7,90;0,83;;2,57;DEBW_52210004xrI
UUID_46a17189-74f1-4a74-8ed2-731b47585a89;DEBW_52210005Q4u;WALL;199;0,27;31,77;11,75;0,83;;2,57;DEBW_52210005Q4u
UUID_109db533-0bed-4260-8343-5b46aeda4985;DEBW_52210005Q4u;WALL;199;0,27;47,55;17,59;0,83;;2,57;DEBW_52210005Q4u
UUID_07e43efe-7ad0-4d29-abcd-064a4238375f;DEBW_52210005Q4u;WALL;199;0,27;48,17;17,82;0,83;;2,57;DEBW_52210005Q4u
UUID_700bcc9d-f734-4e02-ad1a-75b41189d062;DEBW_52210005Q4u;WALL;199;0,27;8,73;3,23;0,83;;2,57;DEBW_52210005Q4u
UUID_500c06ff-0740-40d7-8327-aae8df465ccc;DEBW_52210005Q4u;ROOF;226;0,10;59,68;6,63;0,43;;2,57;DEBW_52210005Q4u
UUID_8304e4f9-cfb6-496a-b934-880853117af0;DEBW_52210005Q4u;WALL;199;0,27;1,37;0,51;0,83;;2,57;DEBW_52210005Q4u
UUID_ff15cb72-786d-4d25-8805-98e389226846;DEBW_52210005Q4u;WALL;199;0,27;31,41;11,62;0,83;;2,57;DEBW_52210005Q4u
UUID_df334615-ea46-47af-9ce1-6c4d835462ac;DEBW_52210005Q4u;ROOF;226;0,10;60,22;6,69;0,43;;2,57;DEBW_52210005Q4u
UUID_9b4d6441-912e-42ac-a53b-54b4662aa2a7;DEBW_52210005Q4u;GROUND;150;0,00;101,90;0,00;0,62;;;DEBW_52210005Q4u
UUID_293d1269-52af-4c25-a8dd-b1c76c771c29;DEBW_52210005fO0;ROOF;226;0,10;39,76;4,42;0,43;;2,57;DEBW_52210005fO0
UUID_9900c3e2-2030-4efd-b95a-3f826373755a;DEBW_52210005fO0;WALL;199;0,27;16,24;6,01;0,83;;2,57;DEBW_52210005fO0
UUID_2a25583b-5826-4856-a26d-b70f56c1adb0;DEBW_52210005fO0;WALL;199;0,27;2,97;1,10;0,83;;2,57;DEBW_52210005fO0
UUID_ea61954e-cb39-49a1-b99d-e75b7fac0644;DEBW_52210005fO0;GROUND;150;0,00;43,98;0,00;0,62;;;DEBW_52210005fO0
UUID_24738a3b-3560-4318-84ca-16d73bb9072a;DEBW_52210005fO0;WALL;199;0,27;14,75;5,45;0,83;;2,57;DEBW_52210005fO0
UUID_f4441366-6cf7-4473-89d3-8e464b2e713e;DEBW_52210005fO0;WALL;199;0,27;14,12;5,22;0,83;;2,57;DEBW_52210005fO0
UUID_ca23eb72-ec47-462e-be2f-63aac3e6dfa6;DEBW_522100051Hd;ROOF;226;0,10;62,01;6,89;0,43;;2,57;DEBW_522100051Hd
UUID_d6b9f2e7-c836-45dc-9f19-a9925c4c38b8;DEBW_522100051Hd;WALL;199;0,18;0,30;0,07;0,83;;2,57;DEBW_522100051Hd
UUID_11dd6a4c-38db-4cda-85e8-8da3d4060a40;DEBW_522100051Hd;WALL;199;0,18;0,12;0,03;0,83;;2,57;DEBW_522100051Hd
UUID_47732120-6469-4e70-8fe8-d7325d93ce3a;DEBW_522100051Hd;WALL;199;0,18;11,32;2,48;0,83;;2,57;DEBW_522100051Hd
UUID_fa94e1a9-c8ae-4f43-94d7-27c33a14d489;DEBW_522100051Hd;WALL;199;0,18;18,84;4,14;0,83;;2,57;DEBW_522100051Hd
UUID_f587ac59-2639-4ff7-b402-837586e415fb;DEBW_522100051Hd;GROUND;150;0,00;82,99;0,00;0,62;;;DEBW_522100051Hd
UUID_fb62e889-db6e-48d0-b431-8f61c7907dce;DEBW_522100051Hd;WALL;199;0,18;20,10;4,41;0,83;;2,57;DEBW_522100051Hd
UUID_41c8587e-96f5-40e5-a181-f0155995fb46;DEBW_522100051Hd;WALL;199;0,18;0,65;0,14;0,83;;2,57;DEBW_522100051Hd
UUID_4dbc9906-b643-4add-9215-c11f985c897f;DEBW_522100051Hd;WALL;199;0,18;11,12;2,44;0,83;;2,57;DEBW_522100051Hd
UUID_c6508f74-9bed-489b-807c-a91f044e2b62;DEBW_522100051Hd;WALL;199;0,18;0,66;0,14;0,83;;2,57;DEBW_522100051Hd
UUID_3089dec1-cd3e-453c-b67f-899de98eb534;DEBW_522100051Hd;ROOF;226;0,10;59,05;6,56;0,43;;2,57;DEBW_522100051Hd
UUID_bebedb40-36e3-4cac-acc0-280a8b3955e2;DEBW_522100051Hd;WALL;199;0,18;35,13;7,71;0,83;;2,57;DEBW_522100051Hd
UUID_85a0b3a3-d110-482c-a247-d17e4597e261;DEBW_522100051Hd;WALL;199;0,18;4,48;0,98;0,83;;2,57;DEBW_522100051Hd
UUID_448033cb-035a-4b75-b6b9-ee1283702ac5;DEBW_52210004Iq5;GROUND;150;0,00;21,26;0,00;0,62;;;DEBW_52210004Iq5
UUID_acc5aa7a-6bae-45a5-9554-0e0dbdc15d54;DEBW_52210004Iq5;WALL;199;0,14;9,00;1,47;0,83;;2,57;DEBW_52210004Iq5
UUID_8174d3a0-0100-46a1-9093-8600d28989fc;DEBW_52210004Iq5;WALL;199;0,14;8,88;1,45;0,83;;2,57;DEBW_52210004Iq5
UUID_06b4e3b2-4f2a-411b-a052-5d8e64b2b6c4;DEBW_52210004Iq5;WALL;199;0,14;9,02;1,47;0,83;;2,57;DEBW_52210004Iq5
UUID_33a20e32-1f76-4377-9b33-f584ede3db49;DEBW_52210004Iq5;WALL;199;0,14;9,01;1,47;0,83;;2,57;DEBW_52210004Iq5
UUID_edd3df04-c01f-42f7-b9fd-03b3f7d43361;DEBW_52210004Iq5;ROOF;226;0,10;10,45;1,16;0,43;;2,57;DEBW_52210004Iq5
UUID_67f7e0e2-19bd-4050-8273-cb7d6d383a1a;DEBW_52210004Iq5;WALL;199;0,14;8,56;1,39;0,83;;2,57;DEBW_52210004Iq5
UUID_62baaed3-2193-410b-ac83-a91db7cf4edd;DEBW_52210004Iq5;ROOF;226;0,10;10,44;1,16;0,43;;2,57;DEBW_52210004Iq5
UUID_23417eb3-433d-4e6c-849c-ebcdfe840729;DEBW_52210004Iq5;WALL;199;0,14;8,36;1,36;0,83;;2,57;DEBW_52210004Iq5
UUID_47abde91-e7ba-42f6-984e-ffcf25bad755;DEBW_52210004zL4;WALL;199;0,27;0,00;0,00;0,83;;2,57;DEBW_52210004zL4
UUID_9ffd0ada-4450-4a92-98ed-1109920c0cfa;DEBW_52210004zL4;ROOF;226;0,10;8,94;0,99;0,43;;2,57;DEBW_52210004zL4
UUID_016cfd6c-8f29-4c7a-8d3d-a2e4fa62e54c;DEBW_52210004zL4;GROUND;150;0,00;18,01;0,00;0,62;;;DEBW_52210004zL4
UUID_ed8b7045-17ed-482e-ad3e-159e414d9544;DEBW_52210004zL4;WALL;199;0,27;5,63;2,08;0,83;;2,57;DEBW_52210004zL4
UUID_5174d22d-3cdc-4e43-b8ff-0be17b1d6d5b;DEBW_52210004zL4;WALL;199;0,27;5,78;2,14;0,83;;2,57;DEBW_52210004zL4
UUID_17f11301-b98c-4b7d-bb5a-2c872ec6e6ce;DEBW_52210004zL4;WALL;199;0,27;0,00;0,00;0,83;;2,57;DEBW_52210004zL4
UUID_f652af2a-70ed-443a-acf4-50188328cbff;DEBW_52210004zL4;ROOF;226;0,10;8,89;0,99;0,43;;2,57;DEBW_52210004zL4
UUID_393542f9-5078-4313-bde4-6af3302917a2;DEBW_52210004zL4;WALL;199;0,27;6,09;2,25;0,83;;2,57;DEBW_52210004zL4
UUID_06da70a8-9c94-4835-9fdc-34b89a4476c9;DEBW_52210004zL4;WALL;199;0,27;6,13;2,27;0,83;;2,57;DEBW_52210004zL4
UUID_085aa568-3d96-45e4-9963-a012e13a71e8;DEBW_52210005kge;ROOF;226;0,10;56,97;6,33;0,43;;2,57;DEBW_52210005kge
UUID_46127c4a-f5d6-4440-acb7-6cce797cf648;DEBW_52210005kge;WALL;199;0,14;13,20;2,15;0,83;;2,57;DEBW_52210005kge
UUID_96311bd0-420b-4d21-85c6-605fa321e029;DEBW_52210005kge;WALL;199;0,14;15,10;2,46;0,83;;2,57;DEBW_52210005kge
UUID_f9b4d730-071f-4193-835c-de24ef8c6db2;DEBW_52210005kge;WALL;199;0,14;12,58;2,05;0,83;;2,57;DEBW_52210005kge
UUID_b42268cf-d83e-4876-92da-6097c8296aaf;DEBW_52210005kge;WALL;199;0,14;23,92;3,89;0,83;;2,57;DEBW_52210005kge
UUID_42fc686b-2890-4a7f-9f48-e6f800f74590;DEBW_52210005kge;WALL;199;0,14;2,09;0,34;0,83;;2,57;DEBW_52210005kge
UUID_36105d65-4d84-4b8f-8e2e-f78592a982a3;DEBW_52210005kge;WALL;199;0,14;7,47;1,22;0,83;;2,57;DEBW_52210005kge
UUID_b80daeef-4c39-4a98-9776-4d10088a20cb;DEBW_52210005kge;GROUND;150;0,00;63,13;0,00;0,62;;;DEBW_52210005kge
UUID_2bc26075-43fb-4f87-860c-0d4f69331db6;DEBW_52210003xLl;WALL;199;0,14;10,40;1,69;0,83;;2,57;DEBW_52210003xLl
UUID_d9fbbcbc-547a-4737-981a-0ea50679b214;DEBW_52210003xLl;WALL;199;0,14;10,22;1,66;0,83;;2,57;DEBW_52210003xLl
UUID_7d37d89b-9a8d-4881-b2c5-9fd6cbb3677a;DEBW_52210003xLl;WALL;199;0,14;10,23;1,67;0,83;;2,57;DEBW_52210003xLl
UUID_6cb3d734-eece-428c-bb1c-142e6aeed8c3;DEBW_52210003xLl;GROUND;150;0,00;30,80;0,00;0,62;;;DEBW_52210003xLl
UUID_c5a4a135-c29b-464a-8d9a-eddb948d6eee;DEBW_52210003xLl;ROOF;94;0,00;30,80;0,00;0,43;;2,57;DEBW_52210003xLl
UUID_2058ec2e-9b11-4e21-8236-bb063adc820f;DEBW_52210003xLl;WALL;199;0,14;10,38;1,69;0,83;;2,57;DEBW_52210003xLl
UUID_d3180ad3-1c84-426f-bb71-f85159fd42c0;DEBW_52210004xsG;WALL;199;0,14;3,82;0,62;0,83;;2,57;DEBW_52210004xsG
UUID_53505e22-ecb1-4339-a2e8-8a263fa6fae8;DEBW_52210004xsG;WALL;199;0,14;61,57;10,02;0,83;;2,57;DEBW_52210004xsG
UUID_36b36b6d-f59f-4316-b0ca-8d2faf72c9bc;DEBW_52210004xsG;ROOF;226;0,10;34,97;3,89;0,43;;2,57;DEBW_52210004xsG
UUID_7ee83032-0f27-4f35-957e-4aac50559011;DEBW_52210004xsG;WALL;199;0,14;60,73;9,89;0,83;;2,57;DEBW_52210004xsG
UUID_36754bc7-0299-4694-8671-2a1495c044e5;DEBW_52210004xsG;WALL;199;0,14;22,79;3,71;0,83;;2,57;DEBW_52210004xsG
UUID_f6c298f5-8513-4f13-b809-73b8dc914efc;DEBW_52210004xsG;WALL;199;0,14;15,33;2,50;0,83;;2,57;DEBW_52210004xsG
UUID_eaa50ac9-9e0a-4227-aa4c-6ec18c16cf0a;DEBW_52210004xsG;GROUND;150;0,00;58,28;0,00;0,62;;;DEBW_52210004xsG
UUID_34b81b13-b1f9-4c4c-bcb1-e1229c5e13cc;DEBW_52210004xsG;WALL;199;0,14;23,53;3,83;0,83;;2,57;DEBW_52210004xsG
UUID_5b212e9f-3574-407f-b052-a3e23f9922a5;DEBW_52210004xsG;ROOF;226;0,10;33,52;3,72;0,43;;2,57;DEBW_52210004xsG
UUID_f92a3096-c1b2-488f-8a9c-2a06f460274a;DEBW_52210004xsG;WALL;199;0,14;18,70;3,04;0,83;;2,57;DEBW_52210004xsG
UUID_e9dfb071-6c30-48c1-8da7-8a071bfb15ac;DEBW_52210005k6Z;WALL;199;0,14;0,18;0,03;0,83;;2,57;DEBW_52210005k6Z
UUID_6f5b9221-a8b0-49db-a965-479ca4f09f68;DEBW_52210005k6Z;ROOF;226;0,10;52,59;5,84;0,43;;2,57;DEBW_52210005k6Z
UUID_d7e64c57-f100-4874-9f41-be1cd79caa52;DEBW_52210005k6Z;GROUND;150;0,00;58,44;0,00;0,62;;;DEBW_52210005k6Z
UUID_5bed86c6-6657-4938-be88-29f7b99d69cc;DEBW_52210005k6Z;WALL;199;0,14;0,65;0,11;0,83;;2,57;DEBW_52210005k6Z
UUID_0e5cc574-3483-463d-b4b5-6b7e94b72f64;DEBW_52210005k6Z;WALL;199;0,14;20,15;3,28;0,83;;2,57;DEBW_52210005k6Z
UUID_b755cce0-c2ac-4d14-852f-e9ec8af5b2cc;DEBW_52210005k6Z;WALL;199;0,14;13,65;2,22;0,83;;2,57;DEBW_52210005k6Z
UUID_3559fe0d-47fd-4f59-b45f-e6c886ff026c;DEBW_52210005k6Z;WALL;199;0,14;22,37;3,64;0,83;;2,57;DEBW_52210005k6Z
UUID_edc48d8a-41c6-4461-aef8-b8a1e02c8593;DEBW_52210005k6Z;WALL;199;0,14;0,71;0,12;0,83;;2,57;DEBW_52210005k6Z
UUID_99de7344-eec8-4f81-9007-508fe7593710;DEBW_52210005k6Z;WALL;199;0,14;12,48;2,03;0,83;;2,57;DEBW_52210005k6Z
UUID_4b2b4cfb-edee-4b01-a988-54e893736a6d;DEBW_52210005k6Z;WALL;199;0,14;0,89;0,14;0,83;;2,57;DEBW_52210005k6Z
UUID_53068e20-ee99-40ce-ac4c-2f50facc571e;DEBW_522100053KH;WALL;199;0,27;10,22;3,78;0,83;;2,57;DEBW_522100053KH
UUID_5178c1ed-614b-4ebb-8352-020934eef206;DEBW_522100053KH;GROUND;150;0,00;9,72;0,00;0,62;;;DEBW_522100053KH
UUID_7b3ea652-7703-4858-8667-1ac293d26837;DEBW_522100053KH;WALL;199;0,27;44,93;16,62;0,83;;2,57;DEBW_522100053KH
UUID_b3be9a96-5b1c-4b29-9692-055243ca2545;DEBW_522100053KH;WALL;199;0,27;0,52;0,19;0,83;;2,57;DEBW_522100053KH
UUID_54802330-8c93-4e42-8952-7348f6818218;DEBW_522100053KH;ROOF;226;0,10;11,24;1,25;0,43;;2,57;DEBW_522100053KH
UUID_c049605c-25e8-4bfd-b9db-32d8f848cbd8;DEBW_522100053KH;WALL;199;0,27;2,42;0,90;0,83;;2,57;DEBW_522100053KH
UUID_b4016f4c-34af-484d-8e4e-92318e591ba5;DEBW_52210003xWs;WALL;199;0,14;2,62;0,43;0,83;;2,57;DEBW_52210003xWs
UUID_2ce385f9-22ac-4d63-87ff-1c6876d82286;DEBW_52210003xWs;WALL;199;0,14;8,81;1,43;0,83;;2,57;DEBW_52210003xWs
UUID_0f69a604-c7d0-433e-83a0-54f4ac0ab400;DEBW_52210003xWs;ROOF;94;0,00;55,34;0,00;0,43;;2,57;DEBW_52210003xWs
UUID_bc0bbe69-ccb9-4ad3-ba33-1b94aad9800c;DEBW_52210003xWs;WALL;199;0,14;5,26;0,86;0,83;;2,57;DEBW_52210003xWs
UUID_cdc762d3-38e3-4213-82ed-5ee188d3c78e;DEBW_52210003xWs;GROUND;150;0,00;55,34;0,00;0,62;;;DEBW_52210003xWs
UUID_ea5c4fb9-7bdc-4919-922e-f803a302e2ac;DEBW_52210003xWs;WALL;199;0,14;2,70;0,44;0,83;;2,57;DEBW_52210003xWs
UUID_69540b52-ca7a-45a1-8be3-629a92dabb71;DEBW_52210003xWs;WALL;199;0,14;15,26;2,48;0,83;;2,57;DEBW_52210003xWs
UUID_9710e595-8b15-40b4-b916-6b3ea990ab1b;DEBW_52210003xWs;WALL;199;0,14;16,16;2,63;0,83;;2,57;DEBW_52210003xWs
UUID_9a9a94bc-362b-4505-badf-7942e7ba5064;DEBW_52210003xWs;WALL;199;0,14;0,76;0,12;0,83;;2,57;DEBW_52210003xWs
UUID_f30f5468-fd5e-4a48-9457-63203086e583;DEBW_52210003xWs;WALL;199;0,14;15,72;2,56;0,83;;2,57;DEBW_52210003xWs
UUID_92c738ff-8282-49bf-851d-c53dd24c6d0c;DEBW_522100053Xz;WALL;199;0,27;0,00;0,00;0,83;;2,57;DEBW_522100053Xz
UUID_cef4c18e-acf9-4cc2-a045-2a08e302ff8e;DEBW_522100053Xz;WALL;199;0,27;9,93;3,67;0,83;;2,57;DEBW_522100053Xz
UUID_4d87994e-f687-4860-98de-c70e1223647a;DEBW_522100053Xz;WALL;199;0,27;4,05;1,50;0,83;;2,57;DEBW_522100053Xz
UUID_3104f0d0-7675-4b3c-8f96-da3d2d2b7580;DEBW_522100053Xz;ROOF;100;0,00;37,43;0,00;0,40;;2,57;DEBW_522100053Xz
UUID_97cda3ce-dbd2-493d-9420-3908798a29db;DEBW_522100053Xz;WALL;199;0,27;28,64;10,59;0,83;;2,57;DEBW_522100053Xz
UUID_27143e5c-4f43-4da3-9b4e-d74a026afda8;DEBW_522100053Xz;GROUND;150;0,00;37,43;0,00;0,62;;;DEBW_522100053Xz
UUID_1ad760bc-968f-42cd-ba9f-581f5c10cecb;DEBW_522100053Xz;WALL;199;0,27;0,00;0,00;0,83;;2,57;DEBW_522100053Xz
UUID_fa8b1672-7e7f-40c6-b7f3-ebc47e2a873f;DEBW_522100053Xz;WALL;199;0,27;10,99;4,07;0,83;;2,57;DEBW_522100053Xz
UUID_18a4f081-28aa-4845-956e-7f0ad395563a;DEBW_52210003t13;WALL;199;0,27;12,12;4,48;0,83;;2,57;DEBW_52210003t13
UUID_759e0f5e-6f16-4a78-b61d-92c2a6576612;DEBW_52210003t13;ROOF;226;0,10;13,36;1,48;0,43;;2,57;DEBW_52210003t13
UUID_b8c1cf34-83ec-4cb0-8431-b31e6c2c7902;DEBW_52210003t13;WALL;199;0,27;0,00;0,00;0,83;;2,57;DEBW_52210003t13
UUID_af1e0668-2e5c-4a50-96c5-4ab47c4fb3a3;DEBW_52210003t13;GROUND;150;0,00;27,78;0,00;0,62;;;DEBW_52210003t13
UUID_8584f297-2b9a-4603-acee-7b3d65167e87;DEBW_52210003t13;ROOF;226;0,10;13,12;1,46;0,43;;2,57;DEBW_52210003t13
UUID_4d3bef09-a197-4fc4-935a-ca85cfce0f2e;DEBW_52210003t13;WALL;199;0,27;0,00;0,00;0,83;;2,57;DEBW_52210003t13
UUID_c885d966-1abd-4655-98f4-7f1c96ef2441;DEBW_52210003t13;WALL;199;0,27;15,45;5,71;0,83;;2,57;DEBW_52210003t13
UUID_9e7f56e0-776e-41e9-aa81-d6cc5d5dfc64;DEBW_52210003t13;WALL;199;0,27;0,00;0,00;0,83;;2,57;DEBW_52210003t13
UUID_ef880f69-2f53-480c-990d-721380fc4940;DEBW_52210003t13;WALL;199;0,27;0,00;0,00;0,83;;2,57;DEBW_52210003t13
UUID_3a6b0639-e4be-40f9-a360-85b4a3ca84f7;DEBW_52210003t13;WALL;199;0,27;3,25;1,20;0,83;;2,57;DEBW_52210003t13
UUID_0ad5eb9f-18a7-47b8-b010-2dbdfe4902d4;DEBW_52210003xXe;WALL;199;0,18;37,56;8,25;0,83;;2,57;DEBW_52210003xXe
UUID_cc22272e-ede5-4cf6-8eff-fe3dcfbc7b90;DEBW_52210003xXe;WALL;199;0,18;8,98;1,97;0,83;;2,57;DEBW_52210003xXe
UUID_06441d58-37b9-4a28-996e-3eafa2f68ae4;DEBW_52210003xXe;WALL;199;0,18;21,09;4,63;0,83;;2,57;DEBW_52210003xXe
UUID_5cd4477a-fdc0-4538-80bb-5f79c35d4f1b;DEBW_52210003xXe;WALL;199;0,18;81,02;17,78;0,83;;2,57;DEBW_52210003xXe
UUID_92cfe926-ae07-4c07-bc2f-9b0d668fcea2;DEBW_52210003xXe;WALL;199;0,18;57,90;12,71;0,83;;2,57;DEBW_52210003xXe
UUID_204e7c96-b84e-4447-9b1f-8004cd931dff;DEBW_52210003xXe;WALL;199;0,18;54,58;11,98;0,83;;2,57;DEBW_52210003xXe
UUID_2ef4c7bc-e669-4ddd-bdac-e985c08f0aa3;DEBW_52210003xXe;WALL;199;0,18;82,49;18,11;0,83;;2,57;DEBW_52210003xXe
UUID_05c33864-d51e-40d9-a9a4-2e86c9fd98bf;DEBW_52210003xXe;WALL;199;0,18;8,95;1,96;0,83;;2,57;DEBW_52210003xXe
UUID_eccd02aa-9b5e-4410-9a6c-843a1da26c9b;DEBW_52210003xXe;GROUND;150;0,00;202,31;0,00;0,62;;;DEBW_52210003xXe
UUID_5417cae5-a9ef-4da9-be48-46493f74f60b;DEBW_52210003xXe;WALL;199;0,18;82,54;18,12;0,83;;2,57;DEBW_52210003xXe
UUID_6ea4f799-c2be-4ce8-97e5-41a378d2717a;DEBW_52210003xXe;ROOF;226;0,10;73,12;8,12;0,43;;2,57;DEBW_52210003xXe
UUID_cfd06699-db88-4df2-bd8b-7c3dcbca5070;DEBW_52210003xXe;WALL;199;0,18;57,83;12,69;0,83;;2,57;DEBW_52210003xXe
UUID_6421cc14-6d0e-4e12-943e-27e348bcc4ba;DEBW_52210003xXe;ROOF;226;0,10;122,87;13,65;0,43;;2,57;DEBW_52210003xXe
UUID_1f865061-f5cb-4435-9756-ea065343ef8a;DEBW_52210004xx4;WALL;199;0,27;0,41;0,15;0,83;;2,57;DEBW_52210004xx4
UUID_3aea98c4-2b2a-4afe-aac5-f196d5f64f77;DEBW_52210004xx4;WALL;199;0,27;55,72;20,61;0,83;;2,57;DEBW_52210004xx4
UUID_984ec1ef-4a50-4cbf-b342-292d3a27e80a;DEBW_52210004xx4;WALL;199;0,27;1,47;0,54;0,83;;2,57;DEBW_52210004xx4
UUID_ec75baba-421e-40ca-ab10-4825b96595d7;DEBW_52210004xx4;WALL;199;0,27;14,66;5,42;0,83;;2,57;DEBW_52210004xx4
UUID_e54dfb71-506d-48c1-acab-5b89d4ff9060;DEBW_52210004xx4;WALL;199;0,27;2,64;0,98;0,83;;2,57;DEBW_52210004xx4
UUID_8e7c54f6-f83d-4646-ace4-f186099f9e76;DEBW_52210004xx4;WALL;199;0,27;17,98;6,65;0,83;;2,57;DEBW_52210004xx4
UUID_a94a5a37-f574-42ff-97e7-769136bbf4af;DEBW_52210004xx4;ROOF;226;0,10;55,40;6,16;0,43;;2,57;DEBW_52210004xx4
UUID_fee195f8-f326-468a-8c37-4a457464664a;DEBW_52210004xx4;WALL;199;0,27;3,70;1,37;0,83;;2,57;DEBW_52210004xx4
UUID_e7ac4b6f-6301-4ed3-807b-b062ca7411c0;DEBW_52210004xx4;ROOF;226;0,10;54,73;6,08;0,43;;2,57;DEBW_52210004xx4
UUID_3c89a404-2284-4eeb-afc2-9e1467607d2e;DEBW_52210004xx4;WALL;199;0,27;55,22;20,42;0,83;;2,57;DEBW_52210004xx4
UUID_0b00f6ba-411c-47a7-a905-181ed41412b8;DEBW_52210004xx4;WALL;199;0,27;6,15;2,27;0,83;;2,57;DEBW_52210004xx4
UUID_ed9c69e0-81b0-45ae-b20a-2338bde552fb;DEBW_52210004xx4;WALL;199;0,27;15,51;5,74;0,83;;2,57;DEBW_52210004xx4
UUID_bea74210-e1ee-44bb-a0c4-ac696c6eea7c;DEBW_52210004xx4;GROUND;150;0,00;93,58;0,00;0,62;;;DEBW_52210004xx4
UUID_0e40f258-76df-4ae2-b257-3a1c7b31e7f8;DEBW_52210004zH7;WALL;199;0,18;3,32;0,73;0,83;;2,57;DEBW_52210004zH7
UUID_857f9985-a7a5-4881-8812-567b64170d2e;DEBW_52210004zH7;ROOF;226;0,10;67,66;7,52;0,43;;2,57;DEBW_52210004zH7
UUID_bfa5b6db-4884-4736-a170-3601c3924846;DEBW_52210004zH7;WALL;199;0,18;28,08;6,16;0,83;;2,57;DEBW_52210004zH7
UUID_99e959ba-034d-44c2-af2c-e7644f8fe77f;DEBW_52210004zH7;WALL;199;0,18;6,35;1,39;0,83;;2,57;DEBW_52210004zH7
UUID_4f9aeb78-4de9-4c0e-86a7-142cad2b1507;DEBW_52210004zH7;WALL;199;0,18;19,12;4,20;0,83;;2,57;DEBW_52210004zH7
UUID_7c895b3f-0652-45c4-94d4-80fbe33ce060;DEBW_52210004zH7;WALL;199;0,18;46,66;10,24;0,83;;2,57;DEBW_52210004zH7
UUID_11f476c3-fe6f-49f2-80a2-58a01f52aad2;DEBW_52210004zH7;WALL;199;0,18;33,81;7,42;0,83;;2,57;DEBW_52210004zH7
UUID_5833a56d-8751-4fbf-be58-a6891413c4a8;DEBW_52210004zH7;WALL;199;0,18;10,89;2,39;0,83;;2,57;DEBW_52210004zH7
UUID_cd38df5d-f11c-4fd1-8f86-09f5813d8be4;DEBW_52210004zH7;WALL;199;0,18;37,75;8,29;0,83;;2,57;DEBW_52210004zH7
UUID_ab023dcb-7be7-4f68-b6b3-ba98156c5b81;DEBW_52210004zH7;ROOF;226;0,10;65,69;7,30;0,43;;2,57;DEBW_52210004zH7
UUID_0cdabd61-9b81-4a81-b119-b37dd4179d04;DEBW_52210004zH7;WALL;199;0,18;38,11;8,36;0,83;;2,57;DEBW_52210004zH7
UUID_9ded9b46-a2e7-426c-9c84-50217c48d1b7;DEBW_52210004zH7;GROUND;150;0,00;105,56;0,00;0,62;;;DEBW_52210004zH7
UUID_80124487-831f-4a90-89e9-98f6ffb24422;DEBW_52210004zH7;WALL;199;0,18;0,00;0,00;0,83;;2,57;DEBW_52210004zH7
UUID_323053d9-8724-4f41-8f8a-c53707227aeb;DEBW_52210003t47;WALL;199;0,14;26,43;4,30;0,83;;2,57;DEBW_52210003t47
UUID_04b89cae-8b2b-4c2a-9116-4ad9f6c95923;DEBW_52210003t47;WALL;199;0,14;5,82;0,95;0,83;;2,57;DEBW_52210003t47
UUID_91c233a2-5121-4e0f-a554-41d952baa932;DEBW_52210003t47;GROUND;150;0,00;54,19;0,00;0,62;;;DEBW_52210003t47
UUID_d21b139f-a697-4b10-ac24-d25b26892894;DEBW_52210003t47;WALL;199;0,14;3,08;0,50;0,83;;2,57;DEBW_52210003t47
UUID_c2ac3765-8bcd-4a41-91a4-7b343c756b72;DEBW_52210003t47;WALL;199;0,14;16,41;2,67;0,83;;2,57;DEBW_52210003t47
UUID_48a226c0-ef76-44c2-9d5f-3e323d669af3;DEBW_52210003t47;ROOF;226;0,10;34,84;3,87;0,43;;2,57;DEBW_52210003t47
UUID_aa63dc4b-ea97-409a-bab2-8373f52ca11c;DEBW_52210003t47;WALL;199;0,14;10,12;1,65;0,83;;2,57;DEBW_52210003t47
UUID_82fad0c0-8103-4612-b9ff-8a572272fa1e;DEBW_52210003t47;ROOF;226;0,10;35,34;3,93;0,43;;2,57;DEBW_52210003t47
UUID_7c3eec2e-a8a0-4cd4-853b-e36e565cec49;DEBW_52210003t47;WALL;199;0,14;25,47;4,15;0,83;;2,57;DEBW_52210003t47
UUID_93178cc8-e3cb-49f4-826b-0c0757192139;DEBW_52210003t47;WALL;199;0,14;16,75;2,73;0,83;;2,57;DEBW_52210003t47
UUID_2805f898-0fde-46e6-8198-38903a9c55d7;DEBW_52210004dvj;WALL;199;0,14;12,44;2,03;0,83;;2,57;DEBW_52210004dvj
UUID_29032858-409c-423e-bd27-59bb6652dde8;DEBW_52210004dvj;ROOF;226;0,10;14,52;1,61;0,43;;2,57;DEBW_52210004dvj
UUID_75737aae-0d04-4304-ab4e-3feeeca231e2;DEBW_52210004dvj;WALL;199;0,14;7,76;1,26;0,83;;2,57;DEBW_52210004dvj
UUID_44d12889-f1f8-4b04-b399-a1d4539f8672;DEBW_52210004dvj;ROOF;226;0,10;32,27;3,59;0,43;;2,57;DEBW_52210004dvj
UUID_ae4f554d-74ae-4de9-81e6-0985db7949b6;DEBW_52210004dvj;WALL;199;0,14;14,04;2,29;0,83;;2,57;DEBW_52210004dvj
UUID_d52bbdbd-ba27-454a-9dfc-bf8e5644cf62;DEBW_52210004dvj;WALL;199;0,14;17,16;2,79;0,83;;2,57;DEBW_52210004dvj
UUID_2a027bcd-7af7-4dd9-92ab-4d9b8cd2fdc8;DEBW_52210004dvj;WALL;199;0,14;7,60;1,24;0,83;;2,57;DEBW_52210004dvj
UUID_21000d7f-4d11-49f8-9bfa-1f545e28bc8d;DEBW_52210004dvj;WALL;199;0,14;1,15;0,19;0,83;;2,57;DEBW_52210004dvj
UUID_ec059eb0-f7eb-4ba4-acf0-c3af8afee3e6;DEBW_52210004dvj;GROUND;150;0,00;50,24;0,00;0,62;;;DEBW_52210004dvj
UUID_ce9614e2-acf4-4292-ab20-02011fb54deb;DEBW_52210004dvj;WALL;199;0,14;7,75;1,26;0,83;;2,57;DEBW_52210004dvj
UUID_7a62078c-f0ce-4de6-84c1-3fdec0aec569;DEBW_52210004dvj;WALL;199;0,14;8,79;1,43;0,83;;2,57;DEBW_52210004dvj
UUID_26b2448c-26df-4134-b952-b3cb3eebce50;DEBW_52210004dvj;WALL;199;0,14;11,69;1,90;0,83;;2,57;DEBW_52210004dvj
UUID_fac12d61-8187-471c-bd7f-4b3dc0de29eb;DEBW_52210004dvj;WALL;199;0,14;0,65;0,11;0,83;;2,57;DEBW_52210004dvj
UUID_1ca92187-05d0-4609-b718-aa8824f0e0a8;DEBW_522100054BV;WALL;199;0,18;2,26;0,50;0,83;;2,57;DEBW_522100054BV
UUID_e8567c62-f9b0-4077-9b84-7fcc0f0decaf;DEBW_522100054BV;WALL;199;0,18;25,61;5,62;0,83;;2,57;DEBW_522100054BV
UUID_36f94db8-178b-4638-bbf4-45eba6629e18;DEBW_522100054BV;WALL;199;0,18;16,26;3,57;0,83;;2,57;DEBW_522100054BV
UUID_9b42ce1a-f27d-4182-8013-8907f1a597a2;DEBW_522100054BV;WALL;199;0,18;39,39;8,65;0,83;;2,57;DEBW_522100054BV
UUID_4be4eee9-0248-4e68-91ed-1defce87367d;DEBW_522100054BV;ROOF;226;0,10;48,31;5,37;0,43;;2,57;DEBW_522100054BV
UUID_64ec2256-da25-4395-86c4-d965f0bb2a5a;DEBW_522100054BV;WALL;199;0,18;9,04;1,98;0,83;;2,57;DEBW_522100054BV
UUID_e8a9d844-20ef-499f-8f92-257b53ae84b2;DEBW_522100054BV;WALL;199;0,18;7,68;1,69;0,83;;2,57;DEBW_522100054BV
UUID_5daaa386-e2fa-4b03-bd81-1b7bf8a5d481;DEBW_522100054BV;GROUND;150;0,00;79,61;0,00;0,62;;;DEBW_522100054BV
UUID_582f5f0a-0510-4b30-a8d4-8f47dc5419d7;DEBW_522100054BV;WALL;199;0,18;1,19;0,26;0,83;;2,57;DEBW_522100054BV
UUID_005cb9ff-b2d5-436c-a9c9-e53ba8e0217b;DEBW_522100054BV;WALL;199;0,18;1,94;0,43;0,83;;2,57;DEBW_522100054BV
UUID_177e82e2-bc4d-49b9-9d44-80fdf8240db2;DEBW_522100054BV;ROOF;226;0,10;51,48;5,72;0,43;;2,57;DEBW_522100054BV
UUID_326174c9-edf9-41f9-9572-f34a0a73eec4;DEBW_522100054BV;WALL;199;0,18;39,72;8,72;0,83;;2,57;DEBW_522100054BV
UUID_cae42226-3a1b-4429-8410-49f4ee84e45e;DEBW_522100054BV;WALL;199;0,18;25,72;5,65;0,83;;2,57;DEBW_522100054BV
UUID_e2dacd27-707c-40c8-9d91-ee026197fd8d;DEBW_522100054BV;WALL;199;0,18;3,95;0,87;0,83;;2,57;DEBW_522100054BV
UUID_e3ac025d-02b9-4bd4-93b8-5eace2add78f;DEBW_522100054BV;WALL;199;0,18;2,40;0,53;0,83;;2,57;DEBW_522100054BV
UUID_3ce6f134-6a85-4112-ab47-b4873ffec721;DEBW_522100063eT;WALL;199;0,18;12,86;2,82;0,83;;2,57;DEBW_522100063eT
UUID_4f2b4642-f086-4767-9f97-33d41619a8b0;DEBW_522100063eT;WALL;199;0,18;15,19;3,34;0,83;;2,57;DEBW_522100063eT
UUID_c7dbe125-3946-4a7b-ad6c-bb28193eea04;DEBW_522100063eT;WALL;199;0,18;23,42;5,14;0,83;;2,57;DEBW_522100063eT
UUID_aad95196-c1e9-420e-95cb-013f3e445cff;DEBW_522100063eT;WALL;199;0,18;1,76;0,39;0,83;;2,57;DEBW_522100063eT
UUID_f7c500db-ccb6-4245-af37-a67d116a911b;DEBW_522100063eT;WALL;199;0,18;97,69;21,44;0,83;;2,57;DEBW_522100063eT
UUID_7ae5221b-76e0-4d51-9571-0f3730f45659;DEBW_522100063eT;WALL;199;0,18;16,43;3,61;0,83;;2,57;DEBW_522100063eT
UUID_54e93c67-98a1-4ff4-93e3-22797d000323;DEBW_522100063eT;WALL;199;0,18;73,04;16,03;0,83;;2,57;DEBW_522100063eT
UUID_cbfbd963-9475-49ff-abec-234eb724e04b;DEBW_522100063eT;GROUND;150;0,00;578,48;0,00;0,62;;;DEBW_522100063eT
UUID_ea82baf6-2258-4b6b-b6a3-0de3fb531fdf;DEBW_522100063eT;WALL;199;0,18;45,04;9,89;0,83;;2,57;DEBW_522100063eT
UUID_0aab8d0c-d2a8-47a4-9f50-5f77206e857d;DEBW_522100063eT;WALL;199;0,18;10,97;2,41;0,83;;2,57;DEBW_522100063eT
UUID_00951322-2f80-4783-ad29-b2733da77673;DEBW_522100063eT;WALL;199;0,18;4,17;0,91;0,83;;2,57;DEBW_522100063eT
UUID_c8e1abab-c3db-44c8-b971-e52b6600b468;DEBW_522100063eT;WALL;199;0,18;2,76;0,61;0,83;;2,57;DEBW_522100063eT
UUID_cf70e438-9bd6-4485-9ac6-d718496f6cbc;DEBW_522100063eT;WALL;199;0,18;164,60;36,13;0,83;;2,57;DEBW_522100063eT
UUID_8dca45d0-1411-4a0f-89ec-dd690e08e58a;DEBW_522100063eT;WALL;199;0,18;55,66;12,22;0,83;;2,57;DEBW_522100063eT
UUID_94a4821b-5110-48a7-9eab-71c75dfecdc8;DEBW_522100063eT;WALL;199;0,18;4,26;0,93;0,83;;2,57;DEBW_522100063eT
UUID_664642ca-dc78-4fb2-9962-b7439c7f396d;DEBW_522100063eT;WALL;199;0,18;17,98;3,95;0,83;;2,57;DEBW_522100063eT
UUID_f771ec92-ae8b-4840-9d4a-0caa25d4199d;DEBW_522100063eT;WALL;199;0,18;5,78;1,27;0,83;;2,57;DEBW_522100063eT
UUID_6f969597-df73-49e9-8e10-58640d687a77;DEBW_522100063eT;WALL;199;0,18;14,69;3,22;0,83;;2,57;DEBW_522100063eT
UUID_32c0a486-5ae8-4087-8c41-464a42925b27;DEBW_522100063eT;WALL;199;0,18;3,41;0,75;0,83;;2,57;DEBW_522100063eT
UUID_b5311ead-7adc-445e-ba85-5e20e0c9c5ec;DEBW_522100063eT;WALL;199;0,18;3,64;0,80;0,83;;2,57;DEBW_522100063eT
UUID_0435d753-55fa-4999-bac4-1a9ca80629ba;DEBW_522100063eT;WALL;199;0,18;1,18;0,26;0,83;;2,57;DEBW_522100063eT
UUID_80561147-2afb-49b4-80b3-138c2d25fa9f;DEBW_522100063eT;WALL;199;0,18;4,50;0,99;0,83;;2,57;DEBW_522100063eT
UUID_ad8dbdc7-397c-4699-bcaf-865790864cd1;DEBW_522100063eT;WALL;199;0,18;74,33;16,32;0,83;;2,57;DEBW_522100063eT
UUID_825945a9-25d9-40dd-aebc-cbd1e23170b0;DEBW_522100063eT;WALL;199;0,18;17,55;3,85;0,83;;2,57;DEBW_522100063eT
UUID_d2e2b425-daf8-42b7-8b78-f2a43def5fca;DEBW_522100063eT;WALL;199;0,18;4,08;0,90;0,83;;2,57;DEBW_522100063eT
UUID_5c55454b-f1d1-466f-a0c7-924f3b560eee;DEBW_522100063eT;ROOF;100;0,00;578,48;0,00;0,40;;2,57;DEBW_522100063eT
UUID_e0c9b4e6-d00a-42b3-9f40-c455d7991abf;DEBW_522100063eT;WALL;199;0,18;155,54;34,14;0,83;;2,57;DEBW_522100063eT
UUID_45ca6c0f-fd1f-4458-b5ea-530f9fff7f4c;DEBW_522100063eT;WALL;199;0,18;5,83;1,28;0,83;;2,57;DEBW_522100063eT
UUID_c0c5d6f1-3c35-41c5-9bbb-57b8c8926cfb;DEBW_522100063eT;WALL;199;0,18;5,30;1,16;0,83;;2,57;DEBW_522100063eT
UUID_ee7282c6-bce9-4fdd-a057-c3612184b32a;DEBW_522100063eT;WALL;199;0,18;82,23;18,05;0,83;;2,57;DEBW_522100063eT
UUID_aefd3719-a63e-4cd3-9838-7fa71743be54;DEBW_522100063eT;WALL;199;0,18;42,96;9,43;0,83;;2,57;DEBW_522100063eT
UUID_33abea99-fdd5-4c42-bdde-41ba90469ed9;DEBW_522100063eT;WALL;199;0,18;120,66;26,49;0,83;;2,57;DEBW_522100063eT
UUID_c4e99fa5-3fa6-48bb-8d71-b5abc8239eb5;DEBW_522100063eT;WALL;199;0,18;3,36;0,74;0,83;;2,57;DEBW_522100063eT
UUID_dcf183c0-cc26-4462-9e1e-f9b8a611d7d2;DEBW_522100063eT;WALL;199;0,18;3,34;0,73;0,83;;2,57;DEBW_522100063eT
UUID_71d51e4e-b6b1-47de-aef5-398c78160e56;DEBW_522100063eT;WALL;199;0,18;129,52;28,43;0,83;;2,57;DEBW_522100063eT
UUID_dda63d3b-06aa-4465-9929-867d3283c3e8;DEBW_522100063eT;WALL;199;0,18;99,76;21,90;0,83;;2,57;DEBW_522100063eT
UUID_836d50fd-634b-4500-b408-177f4b86b569;DEBW_52210003t7f;WALL;199;0,18;0,29;0,06;0,83;;2,57;DEBW_52210003t7f
UUID_4d29fd41-7772-4111-8bcf-9bbc892fadb0;DEBW_52210003t7f;ROOF;226;0,10;61,83;6,87;0,43;;2,57;DEBW_52210003t7f
UUID_f3678a22-720f-4d59-9ba9-fe0d98cf653e;DEBW_52210003t7f;ROOF;226;0,10;57,51;6,39;0,43;;2,57;DEBW_52210003t7f
UUID_ecaef778-d945-49d6-80dc-35e982e6c584;DEBW_52210003t7f;WALL;199;0,18;54,85;12,04;0,83;;2,57;DEBW_52210003t7f
UUID_482b86fc-eb6f-46d3-9b8b-e4d97711fa59;DEBW_52210003t7f;WALL;199;0,18;57,42;12,60;0,83;;2,57;DEBW_52210003t7f
UUID_1758f6a8-ae83-4d0d-aa3f-346b5951a751;DEBW_52210003t7f;WALL;199;0,18;0,62;0,14;0,83;;2,57;DEBW_52210003t7f
UUID_639ef62d-7528-47e9-8938-78bc66049286;DEBW_52210003t7f;GROUND;150;0,00;95,33;0,00;0,62;;;DEBW_52210003t7f
UUID_cc7eaefe-a11f-4c2b-bd45-39d331239e84;DEBW_52210003t7f;WALL;199;0,18;52,21;11,46;0,83;;2,57;DEBW_52210003t7f
UUID_9586cecf-83ad-42c1-bc26-2ea9439487d8;DEBW_52210003t7f;WALL;199;0,18;52,43;11,51;0,83;;2,57;DEBW_52210003t7f
UUID_df1d4216-fa40-4f03-8b1d-c6b232811f97;DEBW_52210005k39;WALL;199;0,18;21,26;4,67;0,83;;2,57;DEBW_52210005k39
UUID_a7c04cb2-87e3-4345-b278-5d9f7ab91ece;DEBW_52210005k39;WALL;199;0,18;51,81;11,37;0,83;;2,57;DEBW_52210005k39
UUID_d5238796-c316-43ae-ad57-c50b44254fa4;DEBW_52210005k39;WALL;199;0,18;14,40;3,16;0,83;;2,57;DEBW_52210005k39
UUID_7e9d57ec-9cc9-486a-b733-ec1331b2e618;DEBW_52210005k39;GROUND;150;0,00;158,49;0,00;0,62;;;DEBW_52210005k39
UUID_22a23bbe-428d-48c6-9695-a70f7d32fc01;DEBW_52210005k39;WALL;199;0,18;42,56;9,34;0,83;;2,57;DEBW_52210005k39
UUID_e343dcbf-8317-4bb3-a06e-19897ff74cf7;DEBW_52210005k39;WALL;199;0,18;56,05;12,30;0,83;;2,57;DEBW_52210005k39
UUID_40b45f4c-31d1-4621-9e23-abb261e6a02b;DEBW_52210005k39;WALL;199;0,18;14,33;3,15;0,83;;2,57;DEBW_52210005k39
UUID_d1266725-ac86-4d1f-bfb8-9736a3e82bea;DEBW_52210005k39;WALL;199;0,18;2,52;0,55;0,83;;2,57;DEBW_52210005k39
UUID_2bdd6d85-741d-4db9-a19b-b36f21e1e8ba;DEBW_52210005k39;ROOF;226;0,10;84,52;9,39;0,43;;2,57;DEBW_52210005k39
UUID_b243bd36-d3ff-4710-b4de-75e339939639;DEBW_52210005k39;WALL;199;0,18;48,54;10,66;0,83;;2,57;DEBW_52210005k39
UUID_5f2714e6-981d-44ea-a155-fa123cd07b1e;DEBW_52210005k39;WALL;199;0,18;38,58;8,47;0,83;;2,57;DEBW_52210005k39
UUID_0edefc48-f9a4-4d2c-87f7-254d08c815e0;DEBW_52210005k39;WALL;199;0,18;16,51;3,62;0,83;;2,57;DEBW_52210005k39
UUID_c056537b-2e1f-411c-9302-ace39e089e6b;DEBW_52210005k39;WALL;199;0,18;5,35;1,17;0,83;;2,57;DEBW_52210005k39
UUID_16ac7919-6564-4236-983a-eacafff89783;DEBW_52210005k39;ROOF;226;0,10;89,56;9,95;0,43;;2,57;DEBW_52210005k39
UUID_9b246f1a-8f2f-44b4-a636-6dd251b629fe;DEBW_52210005k39;WALL;199;0,18;2,34;0,51;0,83;;2,57;DEBW_52210005k39
UUID_95fb7ecf-b813-4c7a-a06b-6fd4d8a1731f;DEBW_52210004IsB;ROOF;226;0,10;11,82;1,31;0,43;;2,57;DEBW_52210004IsB
UUID_ba1913af-5ffa-4258-a3ac-35ca25107a2a;DEBW_52210004IsB;WALL;199;0,14;2,75;0,45;0,83;;2,57;DEBW_52210004IsB
UUID_a508b7be-06e6-437f-b8d1-b050dc33e4e3;DEBW_52210004IsB;GROUND;150;0,00;23,98;0,00;0,62;;;DEBW_52210004IsB
UUID_a723101c-6c19-472e-9703-7bc940375718;DEBW_52210004IsB;WALL;199;0,14;0,47;0,08;0,83;;2,57;DEBW_52210004IsB
UUID_a9998f67-e703-4493-866b-bd5304898459;DEBW_52210004IsB;WALL;199;0,14;0,63;0,10;0,83;;2,57;DEBW_52210004IsB
UUID_4ce06d54-e6de-46fd-b1a4-c5ed56479544;DEBW_52210004IsB;WALL;199;0,14;7,87;1,28;0,83;;2,57;DEBW_52210004IsB
UUID_07448d78-b523-43d8-8522-a81c99b46052;DEBW_52210004IsB;WALL;199;0,14;0,24;0,04;0,83;;2,57;DEBW_52210004IsB
UUID_f01e2e47-d0a9-403b-bd90-73c8ee18e8b4;DEBW_52210004IsB;WALL;199;0,14;7,45;1,21;0,83;;2,57;DEBW_52210004IsB
UUID_15e8deec-6dd9-498c-824f-522499b9dc78;DEBW_52210004IsB;ROOF;226;0,10;3,23;0,36;0,43;;2,57;DEBW_52210004IsB
UUID_72040d84-e693-4e78-996b-18b63d347402;DEBW_52210004IsB;ROOF;226;0,10;0,09;0,01;0,43;;2,57;DEBW_52210004IsB
UUID_8532a0c5-6510-4a7a-9b63-1785613f29a3;DEBW_52210004IsB;ROOF;226;0,10;9,94;1,10;0,43;;2,57;DEBW_52210004IsB
UUID_fa03a653-4948-4398-a842-5dfaee900002;DEBW_52210004IsB;WALL;199;0,14;8,80;1,43;0,83;;2,57;DEBW_52210004IsB
UUID_4482a815-0a5e-48d3-889e-13814c6ef44b;DEBW_52210004IsB;WALL;199;0,14;2,32;0,38;0,83;;2,57;DEBW_52210004IsB
UUID_f53a9db9-f0eb-4fe1-8f0e-12dd17a02803;DEBW_52210004IsB;WALL;199;0,14;14,01;2,28;0,83;;2,57;DEBW_52210004IsB
UUID_0e04078e-0a6c-4385-bf9f-92600d26a973;DEBW_52210004IsB;ROOF;226;0,10;0,01;0,00;0,43;;2,57;DEBW_52210004IsB
UUID_0051f131-76a2-46f2-aea8-8266ec935679;DEBW_52210004IsB;ROOF;226;0,10;3,30;0,37;0,43;;2,57;DEBW_52210004IsB
UUID_16eca7af-1d6d-463d-9715-81eb4acfc88a;DEBW_52210003tF5;WALL;199;0,27;22,62;8,37;0,83;;2,57;DEBW_52210003tF5
UUID_69406ee3-23e6-4440-86a9-69a17b34bbf2;DEBW_52210003tF5;WALL;199;0,27;9,84;3,64;0,83;;2,57;DEBW_52210003tF5
UUID_0e8cac4a-e1ab-4f9a-9b8b-562813df874a;DEBW_52210003tF5;WALL;199;0,27;8,71;3,22;0,83;;2,57;DEBW_52210003tF5
UUID_345e74c3-14a4-4a68-9a74-f91a37f666fb;DEBW_52210003tF5;GROUND;150;0,00;53,31;0,00;0,62;;;DEBW_52210003tF5
UUID_444be558-f972-4d1d-8c15-0e8b7d718c7c;DEBW_52210003tF5;WALL;199;0,27;4,88;1,81;0,83;;2,57;DEBW_52210003tF5
UUID_48f26af8-370c-490a-b959-6c1025869d2f;DEBW_52210003tF5;WALL;199;0,27;14,42;5,33;0,83;;2,57;DEBW_52210003tF5
UUID_5fbd4422-634a-49c6-849e-1c56436ed5f8;DEBW_52210003tF5;WALL;199;0,27;16,00;5,92;0,83;;2,57;DEBW_52210003tF5
UUID_4a60fd77-91b2-491f-9880-93d0c5a0389a;DEBW_52210003tF5;WALL;199;0,27;3,16;1,17;0,83;;2,57;DEBW_52210003tF5
UUID_be2798d0-9f5b-4a0a-80c0-d8f6b3ced18b;DEBW_52210003tF5;ROOF;226;0,10;50,39;5,60;0,43;;2,57;DEBW_52210003tF5
UUID_d2c4f652-e50c-41b0-a4b5-3fe4c8e1f0ab;DEBW_52210004FpB;WALL;199;0,27;7,84;2,90;0,83;;2,57;DEBW_52210004FpB
UUID_bd375545-836a-4e2c-9303-6f3925fdbd04;DEBW_52210004FpB;WALL;199;0,27;12,18;4,50;0,83;;2,57;DEBW_52210004FpB
UUID_c9860a84-b29f-4f37-b3a0-e73e566cdbc3;DEBW_52210004FpB;WALL;199;0,27;14,64;5,41;0,83;;2,57;DEBW_52210004FpB
UUID_8b0cb9ea-f624-43a5-b1f5-09726f6c95b5;DEBW_52210004FpB;WALL;199;0,27;2,95;1,09;0,83;;2,57;DEBW_52210004FpB
UUID_b11afac4-d6c9-4b52-98f5-387f3c1bcb61;DEBW_52210004FpB;GROUND;150;0,00;142,68;0,00;0,62;;;DEBW_52210004FpB
UUID_d8c44d8f-2222-4ea8-88c3-07e9b906dd06;DEBW_52210004FpB;WALL;199;0,27;0,35;0,13;0,83;;2,57;DEBW_52210004FpB
UUID_407bb191-9812-4923-8ac9-664744b1e3fa;DEBW_52210004FpB;WALL;199;0,27;0,47;0,18;0,83;;2,57;DEBW_52210004FpB
UUID_53390527-1a18-40a5-91b2-f43338113160;DEBW_52210004FpB;WALL;199;0,27;10,30;3,81;0,83;;2,57;DEBW_52210004FpB
UUID_402713c5-f62f-4fa4-a533-05221c7889e0;DEBW_52210004FpB;WALL;199;0,27;57,18;21,15;0,83;;2,57;DEBW_52210004FpB
UUID_b83d9856-035e-4bd6-8457-2ee38f9bfc53;DEBW_52210004FpB;ROOF;100;0,00;142,68;0,00;0,40;;2,57;DEBW_52210004FpB
UUID_f9aa612b-160d-41dd-8d60-1ff34e4f5636;DEBW_52210004FpB;WALL;199;0,27;0,35;0,13;0,83;;2,57;DEBW_52210004FpB
UUID_2d332b58-ea63-4f45-a32d-728a6eee411b;DEBW_52210004FpB;WALL;199;0,27;9,77;3,61;0,83;;2,57;DEBW_52210004FpB
UUID_303355f1-4c59-4293-989c-68fb7edfb00a;DEBW_52210004FpB;WALL;199;0,27;1,60;0,59;0,83;;2,57;DEBW_52210004FpB
UUID_5b7a71bc-d392-43e4-aced-77d526950a84;DEBW_52210004FpB;WALL;199;0,27;1,90;0,70;0,83;;2,57;DEBW_52210004FpB
UUID_694c5998-2d10-4618-afed-ff662abbd21a;DEBW_52210006MeB;WALL;199;0,14;12,64;2,06;0,83;;2,57;DEBW_52210006MeB
UUID_a8218ea4-cf86-4960-bca4-51c616f77ee1;DEBW_52210006MeB;GROUND;150;0,00;45,73;0,00;0,62;;;DEBW_52210006MeB
UUID_5f7d6341-609b-47c6-82e5-a21d04c739cd;DEBW_52210006MeB;WALL;199;0,14;9,67;1,57;0,83;;2,57;DEBW_52210006MeB
UUID_e326ad04-8bce-4b6a-91bd-94c2097e09bd;DEBW_52210006MeB;WALL;199;0,14;10,13;1,65;0,83;;2,57;DEBW_52210006MeB
UUID_be3d8176-b9bb-45e7-9ff7-c9f16e0d3ec5;DEBW_52210006MeB;ROOF;226;0,10;41,19;4,58;0,43;;2,57;DEBW_52210006MeB
UUID_7bc5ce06-1ff3-4cc9-b3b4-3db8f7c6c18e;DEBW_52210006MeB;WALL;199;0,14;11,53;1,88;0,83;;2,57;DEBW_52210006MeB
UUID_e749523a-01d9-4e0e-824f-0bb2f017b605;DEBW_522100054Rr;WALL;199;0,27;2,59;0,96;0,83;;2,57;DEBW_522100054Rr
UUID_757449be-68bf-4411-9d76-5c8720211b15;DEBW_522100054Rr;WALL;199;0,27;0,00;0,00;0,83;;2,57;DEBW_522100054Rr
UUID_2d5690c8-1401-4f6b-8dae-5702ccc1b0e9;DEBW_522100054Rr;WALL;199;0,27;7,06;2,61;0,83;;2,57;DEBW_522100054Rr
UUID_5959d68c-692e-460a-b461-09e4a26072d5;DEBW_522100054Rr;WALL;199;0,27;14,07;5,20;0,83;;2,57;DEBW_522100054Rr
UUID_d51edf10-d3f8-4c52-8610-97d679dbe009;DEBW_522100054Rr;GROUND;150;0,00;66,48;0,00;0,62;;;DEBW_522100054Rr
UUID_252f7450-ddec-4964-8724-00aaa22fb4b1;DEBW_522100054Rr;WALL;199;0,27;0,49;0,18;0,83;;2,57;DEBW_522100054Rr
UUID_4c6ed7c1-0d22-4e22-9013-c00b5ebdf693;DEBW_522100054Rr;WALL;199;0,27;1,01;0,37;0,83;;2,57;DEBW_522100054Rr
UUID_2202bdb8-0e37-43d5-ae7c-d39209c45243;DEBW_522100054Rr;WALL;199;0,27;4,62;1,71;0,83;;2,57;DEBW_522100054Rr
UUID_44bd4d3c-e3e7-475a-8747-1a4229305942;DEBW_522100054Rr;ROOF;100;0,00;66,48;0,00;0,40;;2,57;DEBW_522100054Rr
UUID_d3bdb325-0d87-4993-9a2e-b02d251bdadc;DEBW_522100054Rr;WALL;199;0,27;0,36;0,13;0,83;;2,57;DEBW_522100054Rr
UUID_6a2aa3f3-fa65-46e8-807e-269447f460a3;DEBW_522100054Rr;WALL;199;0,27;12,66;4,68;0,83;;2,57;DEBW_522100054Rr
UUID_e6ce01fb-b9d6-4b6b-bc06-c8a6acb6d23f;DEBW_52210004zMM;GROUND;150;0,00;49,61;0,00;0,62;;;DEBW_52210004zMM
UUID_8de5a5e9-a773-4720-aa65-e972495b44de;DEBW_52210004zMM;WALL;199;0,14;5,48;0,89;0,83;;2,57;DEBW_52210004zMM
UUID_faa8fdeb-65b3-4a60-a5cc-ef9325e74840;DEBW_52210004zMM;WALL;199;0,14;1,35;0,22;0,83;;2,57;DEBW_52210004zMM
UUID_142e27cf-d8b9-4825-b29d-870ce9250ed9;DEBW_52210004zMM;WALL;199;0,14;15,00;2,44;0,83;;2,57;DEBW_52210004zMM
UUID_1e988fbc-8c99-4ffb-9664-e2d6d9512f94;DEBW_52210004zMM;ROOF;226;0,10;44,82;4,98;0,43;;2,57;DEBW_52210004zMM
UUID_362b9dc8-2ec7-409c-a212-97fcc0a07b76;DEBW_52210004zMM;WALL;199;0,14;19,03;3,10;0,83;;2,57;DEBW_52210004zMM
UUID_21208208-365a-4aa6-909b-a9060c795267;DEBW_52210004zMM;WALL;199;0,14;0,43;0,07;0,83;;2,57;DEBW_52210004zMM
UUID_3b026f61-a36a-4a74-a7a0-a78d5eca32c1;DEBW_52210004zMM;WALL;199;0,14;1,19;0,19;0,83;;2,57;DEBW_52210004zMM
UUID_580d5ff6-b53f-4f86-8073-d82f83bb62af;DEBW_52210004zMM;WALL;199;0,14;17,48;2,84;0,83;;2,57;DEBW_52210004zMM
UUID_a2144810-8917-40f5-9a4e-4beb9c36d60f;DEBW_52210004GuN;WALL;199;0,14;6,55;1,07;0,83;;2,57;DEBW_52210004GuN
UUID_67cf73b6-8492-40b2-99ec-6058b4dad2d5;DEBW_52210004GuN;WALL;199;0,14;12,66;2,06;0,83;;2,57;DEBW_52210004GuN
UUID_8d979a66-617a-4b8a-960b-4637c83424a2;DEBW_52210004GuN;GROUND;150;0,00;34,89;0,00;0,62;;;DEBW_52210004GuN
UUID_86dc5ca8-6c0d-485b-8ffe-6f66a03f0da9;DEBW_52210004GuN;WALL;199;0,14;1,49;0,24;0,83;;2,57;DEBW_52210004GuN
UUID_69806e0a-5a5d-4ee1-85b4-a090824ed23b;DEBW_52210004GuN;WALL;199;0,14;6,50;1,06;0,83;;2,57;DEBW_52210004GuN
UUID_d95c9db6-66dc-4032-9c45-7729dd4692b9;DEBW_52210004GuN;WALL;199;0,14;1,14;0,19;0,83;;2,57;DEBW_52210004GuN
UUID_0707d226-2bd2-48f5-adcb-0c4a25c44a35;DEBW_52210004GuN;WALL;199;0,14;13,13;2,14;0,83;;2,57;DEBW_52210004GuN
UUID_4b6bbb27-809a-4510-99c2-f09d552b8e55;DEBW_52210004GuN;WALL;199;0,14;6,30;1,03;0,83;;2,57;DEBW_52210004GuN
UUID_fa75d27f-d8e9-47b3-b3d8-2a26308faf5d;DEBW_52210004GuN;WALL;199;0,14;6,31;1,03;0,83;;2,57;DEBW_52210004GuN
UUID_040a771d-6a6e-46fd-b48c-05360a7f7db0;DEBW_52210004GuN;ROOF;94;0,00;34,89;0,00;0,43;;2,57;DEBW_52210004GuN
UUID_9bbd53cb-9cf9-4929-9e1e-fa07a25466cb;DEBW_52210003tEX;GROUND;150;0,00;2,94;0,00;0,62;;;DEBW_52210003tEX
UUID_78be6961-316c-4283-955b-84a9df84c173;DEBW_52210003tEX;ROOF;226;0,10;2,74;0,30;0,43;;2,57;DEBW_52210003tEX
UUID_3d9dfde0-9877-48ec-8839-b8d827aa6234;DEBW_52210003tEX;WALL;199;0,27;3,39;1,25;0,83;;2,57;DEBW_52210003tEX
UUID_6ce42988-4c0c-48fc-abef-596b3776850b;DEBW_52210003tEX;WALL;199;0,27;0,00;0,00;0,83;;2,57;DEBW_52210003tEX
UUID_4eeb53b6-b0b4-4664-84c3-6cf1ddd0db45;DEBW_52210003tEX;WALL;199;0,27;2,62;0,97;0,83;;2,57;DEBW_52210003tEX
UUID_cbdeef5f-0b10-42d2-8aad-7ba123c7b106;DEBW_52210003tEX;WALL;199;0,27;0,00;0,00;0,83;;2,57;DEBW_52210003tEX
UUID_c77f7127-d7fd-422d-a79b-b6371fcd5151;DEBW_52210006NG6;WALL;199;0,14;24,36;3,97;0,83;;2,57;DEBW_52210006NG6
UUID_0d407fb8-ec83-4419-9e51-29abe0a9830c;DEBW_52210006NG6;WALL;199;0,14;11,04;1,80;0,83;;2,57;DEBW_52210006NG6
UUID_330782f7-3ad4-4b7a-8c29-386ed3aae78d;DEBW_52210006NG6;WALL;199;0,14;10,75;1,75;0,83;;2,57;DEBW_52210006NG6
UUID_ca6ce7d2-0bfc-4233-a6ff-a3b68be974e8;DEBW_52210006NG6;WALL;199;0,14;24,51;3,99;0,83;;2,57;DEBW_52210006NG6
UUID_f835e7ab-1af0-4f2b-b5bc-b550a5cdcd4c;DEBW_52210006NG6;GROUND;150;0,00;68,64;0,00;0,62;;;DEBW_52210006NG6
UUID_745dc343-b1cc-4143-b918-d51c3b8dc35d;DEBW_52210006NG6;ROOF;94;0,00;68,64;0,00;0,43;;2,57;DEBW_52210006NG6
UUID_8dec34b7-cd32-43d5-bb29-1be8272a2abc;DEBW_52210005kNW;ROOF;226;0,10;3,14;0,35;0,43;;2,57;DEBW_52210005kNW
UUID_292dd39c-f7dd-46c3-af07-8e357e0ec5d4;DEBW_52210005kNW;ROOF;226;0,10;2,49;0,28;0,43;;2,57;DEBW_52210005kNW
UUID_91cdda90-2f34-4cf9-ba80-a4650a5a61b8;DEBW_52210005kNW;WALL;199;0,14;12,31;2,00;0,83;;2,57;DEBW_52210005kNW
UUID_c7f4464b-034f-4af6-9b42-c3b80ee1680c;DEBW_52210005kNW;ROOF;226;0,10;7,08;0,79;0,43;;2,57;DEBW_52210005kNW
UUID_d778e066-fe2e-4d1b-88c3-f49dc38c40a9;DEBW_52210005kNW;WALL;199;0,14;0,31;0,05;0,83;;2,57;DEBW_52210005kNW
UUID_176108ce-f165-4cf4-b2bf-faeabaf0aa1b;DEBW_52210005kNW;GROUND;150;0,00;19,12;0,00;0,62;;;DEBW_52210005kNW
UUID_9183d291-593d-4021-a2c5-9801a3d7b695;DEBW_52210005kNW;WALL;199;0,14;0,70;0,11;0,83;;2,57;DEBW_52210005kNW
UUID_d09309d1-c345-4240-a2a7-31cfe9d4aa8f;DEBW_52210005kNW;WALL;199;0,14;12,11;1,97;0,83;;2,57;DEBW_52210005kNW
UUID_05695f9c-1436-4ff3-8d8f-efaab26bb56a;DEBW_52210005kNW;WALL;199;0,14;20,92;3,41;0,83;;2,57;DEBW_52210005kNW
UUID_52e2bbd3-e5bf-4da5-98f7-98507cc1ea21;DEBW_52210005kNW;WALL;199;0,14;21,24;3,46;0,83;;2,57;DEBW_52210005kNW
UUID_9ce2fc4d-a41b-411d-b20c-b6b7c8c14843;DEBW_52210005kNW;WALL;199;0,14;0,86;0,14;0,83;;2,57;DEBW_52210005kNW
UUID_28d0f4fd-3547-4821-a3ae-c4100aa285d4;DEBW_52210005kNW;WALL;199;0,14;0,95;0,16;0,83;;2,57;DEBW_52210005kNW
UUID_64ed2cb5-d742-4aa1-ba08-15fbeea57191;DEBW_52210005kNW;ROOF;226;0,10;5,04;0,56;0,43;;2,57;DEBW_52210005kNW
UUID_01690f57-5cdb-43e8-974d-007ec16d993f;DEBW_52210005kNW;ROOF;226;0,10;2,15;0,24;0,43;;2,57;DEBW_52210005kNW
UUID_571c888b-ac2a-41cd-a598-864825bc67b2;DEBW_52210004IuQ;ROOF;226;0,10;75,39;8,38;0,43;;2,57;DEBW_52210004IuQ
UUID_790147df-17c2-427b-9ebb-7a82449fd816;DEBW_52210004IuQ;WALL;199;0,18;0,18;0,04;0,83;;2,57;DEBW_52210004IuQ
UUID_e96e80a0-ce47-4ddd-8810-f628ff0ea6af;DEBW_52210004IuQ;WALL;199;0,18;36,41;7,99;0,83;;2,57;DEBW_52210004IuQ
UUID_4e803d5a-a34f-4ac8-880b-a255e7f2f54e;DEBW_52210004IuQ;WALL;199;0,18;0,04;0,01;0,83;;2,57;DEBW_52210004IuQ
UUID_042af57b-aa41-4095-b078-0fe2a6034f73;DEBW_52210004IuQ;ROOF;226;0,10;69,17;7,69;0,43;;2,57;DEBW_52210004IuQ
UUID_2f19be67-d828-4848-a78b-2ed493c52d68;DEBW_52210004IuQ;ROOF;226;0,10;0,79;0,09;0,43;;2,57;DEBW_52210004IuQ
UUID_14b8762c-47c0-43a7-87db-5bec271e00f1;DEBW_52210004IuQ;ROOF;226;0,10;1,67;0,19;0,43;;2,57;DEBW_52210004IuQ
UUID_8738e333-9883-4133-a1ab-d739c272e1e2;DEBW_52210004IuQ;WALL;199;0,18;0,93;0,20;0,83;;2,57;DEBW_52210004IuQ
UUID_27f207a0-f9af-4c60-a011-a4f1ba565f7b;DEBW_52210004IuQ;WALL;199;0,18;37,86;8,31;0,83;;2,57;DEBW_52210004IuQ
UUID_5ace4756-8fe5-4924-af00-a2413cf5d0ad;DEBW_52210004IuQ;GROUND;150;0,00;110,38;0,00;0,62;;;DEBW_52210004IuQ
UUID_c8292fcc-146f-4dec-aacd-e107d26e38f9;DEBW_52210004IuQ;WALL;199;0,18;71,62;15,72;0,83;;2,57;DEBW_52210004IuQ
UUID_fd5c334d-e7fa-45c6-819f-eabcab893407;DEBW_52210004IuQ;WALL;199;0,18;0,02;0,00;0,83;;2,57;DEBW_52210004IuQ
UUID_c6a3f7a0-dbeb-4bc8-86bf-38591423e569;DEBW_52210004IuQ;WALL;199;0,18;38,21;8,39;0,83;;2,57;DEBW_52210004IuQ
UUID_8388ffbc-4890-49ef-9194-c1a45f1dcca6;DEBW_52210004IuQ;WALL;199;0,18;66,29;14,55;0,83;;2,57;DEBW_52210004IuQ
UUID_7e7d29cc-baf2-498d-8140-ab907b66ebd4;DEBW_52210004xqq;WALL;199;0,18;0,72;0,16;0,83;;2,57;DEBW_52210004xqq
UUID_2ef6f42d-f565-4c3d-98a8-fecbcd0e086f;DEBW_52210004xqq;WALL;199;0,18;15,88;3,49;0,83;;2,57;DEBW_52210004xqq
UUID_452e7d90-678a-4215-b2aa-006bcf5aba85;DEBW_52210004xqq;ROOF;226;0,10;66,58;7,40;0,43;;2,57;DEBW_52210004xqq
UUID_6a03652d-d41b-40ae-b019-fa35de97e2bc;DEBW_52210004xqq;WALL;199;0,18;47,92;10,52;0,83;;2,57;DEBW_52210004xqq
UUID_2a7962a3-8483-4ead-bc96-a639bc8e9661;DEBW_52210004xqq;WALL;199;0,18;6,23;1,37;0,83;;2,57;DEBW_52210004xqq
UUID_6ab3c9de-1699-4fe0-a29e-2856f69836d9;DEBW_52210004xqq;WALL;199;0,18;3,36;0,74;0,83;;2,57;DEBW_52210004xqq
UUID_ce5bfc6b-d1cf-4415-945a-604da32c0abf;DEBW_52210004xqq;WALL;199;0,18;0,74;0,16;0,83;;2,57;DEBW_52210004xqq
UUID_b8e9d8c4-a3b8-4aba-978a-b7038e2cd06d;DEBW_52210004xqq;WALL;199;0,18;38,01;8,34;0,83;;2,57;DEBW_52210004xqq
UUID_3ff60ef9-51f8-43b6-95f4-07af02421116;DEBW_52210004xqq;WALL;199;0,18;19,58;4,30;0,83;;2,57;DEBW_52210004xqq
UUID_c5c595fc-fae7-4431-aae0-c580957da946;DEBW_52210004xqq;WALL;199;0,18;12,47;2,74;0,83;;2,57;DEBW_52210004xqq
UUID_4466032d-03b4-49f6-9f3c-663268cf1a0b;DEBW_52210004xqq;ROOF;226;0,10;54,59;6,07;0,43;;2,57;DEBW_52210004xqq
UUID_f49a6f91-0632-453b-b2cc-5b8ef725dbd7;DEBW_52210004xqq;WALL;199;0,18;1,31;0,29;0,83;;2,57;DEBW_52210004xqq
UUID_763c6cc2-686f-4994-b4cd-f95721ca9d84;DEBW_52210004xqq;WALL;199;0,18;0,97;0,21;0,83;;2,57;DEBW_52210004xqq
UUID_8d952e77-66ce-4c20-8836-e910c0671baa;DEBW_52210004xqq;WALL;199;0,18;27,58;6,05;0,83;;2,57;DEBW_52210004xqq
UUID_33d42421-c3cd-4cf2-9506-5f9c6ad68689;DEBW_52210004xqq;WALL;199;0,18;13,21;2,90;0,83;;2,57;DEBW_52210004xqq
UUID_89f56bb7-3dec-467d-9051-c8eb59654e6f;DEBW_52210004xqq;GROUND;150;0,00;116,48;0,00;0,62;;;DEBW_52210004xqq
UUID_29e32830-3dda-46db-a1e5-ed8d078dce95;DEBW_52210004xqq;WALL;199;0,18;1,37;0,30;0,83;;2,57;DEBW_52210004xqq
UUID_3a22108e-e6c4-48fc-b064-40e7ae54014a;DEBW_52210004xqq;WALL;199;0,18;1,32;0,29;0,83;;2,57;DEBW_52210004xqq
UUID_0c3f2e06-0263-467b-b804-da4499e88aae;DEBW_52210004xqq;WALL;199;0,18;0,76;0,17;0,83;;2,57;DEBW_52210004xqq
UUID_6628ea7f-c868-4642-893f-844d39184560;DEBW_52210004xqq;ROOF;226;0,10;21,68;2,41;0,43;;2,57;DEBW_52210004xqq
UUID_581ec742-7f9f-4759-8edf-cc9d7445a642;DEBW_52210004xqq;ROOF;226;0,10;23,11;2,57;0,43;;2,57;DEBW_52210004xqq
UUID_37a5a312-1d06-4888-8631-26ffac39fe78;DEBW_52210004xqq;WALL;199;0,18;76,52;16,80;0,83;;2,57;DEBW_52210004xqq
UUID_b1be5818-f1a7-41c6-8226-918c570338e7;DEBW_52210004L07;WALL;199;0,14;10,11;1,65;0,83;;2,57;DEBW_52210004L07
UUID_2577d4b5-f2c7-4dee-9a61-b0fefab0cb27;DEBW_52210004L07;WALL;199;0,14;3,49;0,57;0,83;;2,57;DEBW_52210004L07
UUID_b26b23a4-0dd6-4cf9-88f1-f78e15f76d30;DEBW_52210004L07;WALL;199;0,14;16,01;2,61;0,83;;2,57;DEBW_52210004L07
UUID_6c993102-fa1b-440e-a8a8-5f92ac1da28e;DEBW_52210004L07;WALL;199;0,14;10,81;1,76;0,83;;2,57;DEBW_52210004L07
UUID_3acffe97-aff6-4ec3-a3a4-930b1b82371e;DEBW_52210004L07;WALL;199;0,14;4,27;0,70;0,83;;2,57;DEBW_52210004L07
UUID_62a6c7e0-596e-45fb-a506-2366787ea294;DEBW_52210004L07;WALL;199;0,14;15,12;2,46;0,83;;2,57;DEBW_52210004L07
UUID_3a8bbfbe-ab7a-4777-9b52-e3e393bd8024;DEBW_52210004L07;WALL;199;0,14;13,03;2,12;0,83;;2,57;DEBW_52210004L07
UUID_8ca53950-a69c-4156-ac38-5d87eaeb72ab;DEBW_52210004L07;WALL;199;0,14;13,90;2,26;0,83;;2,57;DEBW_52210004L07
UUID_e9ff66d1-c25c-4b4e-b5e0-55382b1fea0a;DEBW_52210004L07;WALL;199;0,14;4,01;0,65;0,83;;2,57;DEBW_52210004L07
UUID_794ee8d3-fb7e-4ba3-9abb-5bee0901f93c;DEBW_52210004L07;WALL;199;0,14;11,75;1,91;0,83;;2,57;DEBW_52210004L07
UUID_913abdb8-e090-4ec6-8aab-f75735a7bdf6;DEBW_52210004L07;WALL;199;0,14;15,96;2,60;0,83;;2,57;DEBW_52210004L07
UUID_10ab9d9a-e8e6-49d2-a210-9eed48381f70;DEBW_52210004L07;GROUND;150;0,00;102,22;0,00;0,62;;;DEBW_52210004L07
UUID_f9330260-a3e3-468d-8a5b-afcff43e02ba;DEBW_52210004L07;WALL;199;0,14;3,76;0,61;0,83;;2,57;DEBW_52210004L07
UUID_7cd28caf-4583-4c15-bcfd-756a8d2fe484;DEBW_52210004L07;ROOF;226;0,10;92,21;10,25;0,43;;2,57;DEBW_52210004L07
UUID_70e78f19-590a-4715-b616-d27a20d53716;DEBW_52210003tI9;ROOF;226;0,10;9,33;1,04;0,43;;2,57;DEBW_52210003tI9
UUID_6c704715-b454-460a-bf19-5667d378766a;DEBW_52210003tI9;GROUND;150;0,00;17,45;0,00;0,62;;;DEBW_52210003tI9
UUID_55361c76-87fc-482f-b5ce-1edc472f4255;DEBW_52210003tI9;ROOF;226;0,10;7,33;0,81;0,43;;2,57;DEBW_52210003tI9
UUID_d6781be5-3051-4608-ac9b-228fb07dd579;DEBW_52210003tI9;WALL;199;0,27;1,63;0,60;0,83;;2,57;DEBW_52210003tI9
UUID_979ed006-09b9-4e6d-b205-4f36afa9ff84;DEBW_52210003tI9;WALL;199;0,27;0,00;0,00;0,83;;2,57;DEBW_52210003tI9
UUID_e0c854ed-1552-4881-9c30-57f8395547fe;DEBW_52210003tI9;WALL;199;0,27;1,33;0,49;0,83;;2,57;DEBW_52210003tI9
UUID_435d3786-8c11-4680-abe7-0e7b942461b7;DEBW_52210003tI9;WALL;199;0,27;1,71;0,63;0,83;;2,57;DEBW_52210003tI9
UUID_c3856967-4144-4341-afc5-317db384eee7;DEBW_52210003tI9;WALL;199;0,27;6,57;2,43;0,83;;2,57;DEBW_52210003tI9
UUID_993e381c-1758-429e-8103-e9d9fffb5a27;DEBW_52210003tI9;WALL;199;0,27;7,05;2,61;0,83;;2,57;DEBW_52210003tI9
UUID_c7a608e1-aec2-436d-af01-f09b57db4664;DEBW_52210003tI9;WALL;199;0,27;0,00;0,00;0,83;;2,57;DEBW_52210003tI9
UUID_cf94f42d-22dc-4237-a639-63539272b814;DEBW_52210004hn6;WALL;199;0,14;9,25;1,51;0,83;;2,57;DEBW_52210004hn6
UUID_3e5c037a-0a56-46fa-a718-ebd7af4ec402;DEBW_52210004hn6;WALL;199;0,14;14,67;2,39;0,83;;2,57;DEBW_52210004hn6
UUID_8fdb0613-5b65-4577-b7d3-a2296359585a;DEBW_52210004hn6;WALL;199;0,14;14,66;2,39;0,83;;2,57;DEBW_52210004hn6
UUID_45f704ea-e906-481d-b791-e9ced7f5e4ea;DEBW_52210004hn6;WALL;199;0,14;9,15;1,49;0,83;;2,57;DEBW_52210004hn6
UUID_87b4ffe5-56c1-4dd0-9be6-16e27ae8a4fa;DEBW_52210004hn6;GROUND;150;0,00;30,85;0,00;0,62;;;DEBW_52210004hn6
UUID_fbd7aa39-5244-4fda-ac7a-46b496e2ad60;DEBW_52210004hn6;ROOF;94;0,00;30,85;0,00;0,43;;2,57;DEBW_52210004hn6
UUID_41af3074-d16d-417e-8bee-c7470bee23e8;DEBW_52210004y9B;WALL;199;0,18;66,45;14,59;0,83;;2,57;DEBW_52210004y9B
UUID_6dd6be56-48c0-4550-a294-13b56c49d00d;DEBW_52210004y9B;WALL;199;0,18;39,04;8,57;0,83;;2,57;DEBW_52210004y9B
UUID_a2aa6eb6-7c6d-4535-8f88-54033647f3ad;DEBW_52210004y9B;GROUND;150;0,00;122,84;0,00;0,62;;;DEBW_52210004y9B
UUID_1da4ddbc-ae53-4695-a852-1dc78a69ca80;DEBW_52210004y9B;WALL;199;0,18;39,25;8,61;0,83;;2,57;DEBW_52210004y9B
UUID_0b33e741-c950-4edf-b5bf-d86ccf9626d3;DEBW_52210004y9B;WALL;199;0,18;40,12;8,81;0,83;;2,57;DEBW_52210004y9B
UUID_5da87e71-e2aa-4328-abd9-efb3e05d078e;DEBW_52210004y9B;WALL;199;0,18;83,10;18,24;0,83;;2,57;DEBW_52210004y9B
UUID_d70c864b-ca32-4f2b-a7b4-5e0a7b083834;DEBW_52210004y9B;WALL;199;0,18;8,58;1,88;0,83;;2,57;DEBW_52210004y9B
UUID_19ae8e2f-aeb5-42db-a316-a9ea9dad265b;DEBW_52210004y9B;WALL;199;0,18;38,29;8,40;0,83;;2,57;DEBW_52210004y9B
UUID_2951f123-b92a-41f8-a604-fdef0b501327;DEBW_52210004y9B;WALL;199;0,18;1,34;0,30;0,83;;2,57;DEBW_52210004y9B
UUID_053b53e8-f5ac-4fd9-9a03-be0aef489796;DEBW_52210004y9B;ROOF;226;0,10;80,49;8,94;0,43;;2,57;DEBW_52210004y9B
UUID_6dfd967f-3739-41fc-8677-f052167cf0e3;DEBW_52210004y9B;ROOF;226;0,10;83,70;9,30;0,43;;2,57;DEBW_52210004y9B
UUID_84568c16-2c2b-4ec5-8c8a-4f7262266490;DEBW_52210006NDa;GROUND;150;0,00;36,80;0,00;0,62;;;DEBW_52210006NDa
UUID_cb969914-7d45-458e-9786-6fa333ba8b29;DEBW_52210006NDa;WALL;199;0,27;5,13;1,90;0,83;;2,57;DEBW_52210006NDa
UUID_7bac0f26-e1e8-4095-95b3-65dd305b29de;DEBW_52210006NDa;WALL;199;0,27;0,51;0,19;0,83;;2,57;DEBW_52210006NDa
UUID_2397f22f-026c-491d-bd41-dc9d8d470782;DEBW_52210006NDa;WALL;199;0,27;0,04;0,01;0,83;;2,57;DEBW_52210006NDa
UUID_8830a9a5-f816-44c3-9344-d2a5fca5d45b;DEBW_52210006NDa;WALL;199;0,27;12,49;4,62;0,83;;2,57;DEBW_52210006NDa
UUID_aede42bc-a991-4132-8d40-4fd72c78775f;DEBW_52210006NDa;WALL;199;0,27;3,40;1,26;0,83;;2,57;DEBW_52210006NDa
UUID_6f7df0ba-352b-4cba-8951-6665bab16698;DEBW_52210006NDa;WALL;199;0,27;3,53;1,31;0,83;;2,57;DEBW_52210006NDa
UUID_82e9e91c-9c6a-4c82-9a04-a3f779c8b022;DEBW_52210006NDa;WALL;199;0,27;15,38;5,69;0,83;;2,57;DEBW_52210006NDa
UUID_c737d203-2d9c-4319-9888-07908b440ab1;DEBW_52210006NDa;ROOF;100;0,00;36,80;0,00;0,40;;2,57;DEBW_52210006NDa
UUID_75a2c710-10f7-4ef8-91cf-4ee6b35048cf;DEBW_52210004KwN;WALL;199;0,18;6,47;1,42;0,83;;2,57;DEBW_52210004KwN
UUID_ac711174-26a4-49db-8277-ee49ab566705;DEBW_52210004KwN;WALL;199;0,18;26,09;5,73;0,83;;2,57;DEBW_52210004KwN
UUID_c07ebfe5-f9d9-44eb-9086-4f74ba275b71;DEBW_52210004KwN;WALL;199;0,18;20,24;4,44;0,83;;2,57;DEBW_52210004KwN
UUID_db8b29e8-88a2-4a8c-9d7a-d3345e8374fc;DEBW_52210004KwN;ROOF;226;0,10;52,80;5,87;0,43;;2,57;DEBW_52210004KwN
UUID_ea1d1b38-cca0-4786-9405-6fc40de88919;DEBW_52210004KwN;WALL;199;0,18;31,23;6,86;0,83;;2,57;DEBW_52210004KwN
UUID_a76532c6-2cab-4f84-9fbc-0fd24d9d98ce;DEBW_52210004KwN;WALL;199;0,18;37,12;8,15;0,83;;2,57;DEBW_52210004KwN
UUID_06e02c31-a994-45fe-bbe7-8ae8e11955b5;DEBW_52210004KwN;WALL;199;0,18;31,70;6,96;0,83;;2,57;DEBW_52210004KwN
UUID_21e430a0-e44c-4aa0-9661-063ad0b2fb3a;DEBW_52210004KwN;ROOF;226;0,10;57,35;6,37;0,43;;2,57;DEBW_52210004KwN
UUID_57220f98-9e48-4c68-b250-642573308d04;DEBW_52210004KwN;WALL;199;0,18;2,92;0,64;0,83;;2,57;DEBW_52210004KwN
UUID_c2b397a5-70a9-4d49-acc3-722eaa2ff033;DEBW_52210004KwN;WALL;199;0,18;35,46;7,78;0,83;;2,57;DEBW_52210004KwN
UUID_b4ae59f7-d952-45b3-8cf0-65f390f28b4d;DEBW_52210004KwN;WALL;199;0,18;22,28;4,89;0,83;;2,57;DEBW_52210004KwN
UUID_d8d691dc-2a3d-40c4-a423-e9b8d088a933;DEBW_52210004KwN;GROUND;150;0,00;83,38;0,00;0,62;;;DEBW_52210004KwN
UUID_29bde2c7-e0b1-4213-a670-fb3c3c4b98eb;DEBW_52210004i54;GROUND;150;0,00;35,97;0,00;0,62;;;DEBW_52210004i54
UUID_c2989dd4-2b50-44a0-83d2-b33c0ff16626;DEBW_52210004i54;WALL;199;0,14;18,54;3,02;0,83;;2,57;DEBW_52210004i54
UUID_8276a705-e619-46f8-a16a-bce42aac3b6c;DEBW_52210004i54;WALL;199;0,14;18,57;3,02;0,83;;2,57;DEBW_52210004i54
UUID_a9f523db-0a37-46db-8f22-2e5ace67558e;DEBW_52210004i54;WALL;199;0,14;18,53;3,02;0,83;;2,57;DEBW_52210004i54
UUID_69f24c23-2cc3-408f-bde7-24b34fbc5dac;DEBW_52210004i54;ROOF;94;0,00;35,97;0,00;0,43;;2,57;DEBW_52210004i54
UUID_78203960-b313-4689-bec2-eb7d61b29706;DEBW_52210004i54;WALL;199;0,14;18,54;3,02;0,83;;2,57;DEBW_52210004i54
UUID_ade5a2c6-e96c-4b8a-b6f0-06ac136f1cb9;DEBW_52210004zTI;ROOF;226;0,10;19,12;2,12;0,43;;2,57;DEBW_52210004zTI
UUID_82af99c4-4ab4-4022-aac2-d5e8d70eef75;DEBW_52210004zTI;WALL;199;0,14;8,12;1,32;0,83;;2,57;DEBW_52210004zTI
UUID_ad175a08-62a3-4f5b-b2fd-bca52a2c9982;DEBW_52210004zTI;WALL;199;0,14;8,05;1,31;0,83;;2,57;DEBW_52210004zTI
UUID_42d8db31-5581-4a65-bd8a-80c5932549b3;DEBW_52210004zTI;GROUND;150;0,00;21,24;0,00;0,62;;;DEBW_52210004zTI
UUID_20f6cedd-16f7-4b2e-bb2c-4d235b1d86ee;DEBW_52210004zTI;WALL;199;0,14;2,10;0,34;0,83;;2,57;DEBW_52210004zTI
UUID_b432b066-162b-462d-be50-6d11102d9339;DEBW_52210004zTI;WALL;199;0,14;12,10;1,97;0,83;;2,57;DEBW_52210004zTI
UUID_ca007d8d-331f-48da-9e48-47c8fa041461;DEBW_52210004zTI;WALL;199;0,14;10,04;1,63;0,83;;2,57;DEBW_52210004zTI
UUID_74797fa9-86e0-4c50-b3ad-90905a53db3b;DEBW_52210003tNq;WALL;199;0,18;8,69;1,91;0,83;;2,57;DEBW_52210003tNq
UUID_d6f4b008-3de4-40ff-8473-16dc37c3a720;DEBW_52210003tNq;WALL;199;0,18;37,35;8,20;0,83;;2,57;DEBW_52210003tNq
UUID_19fb0989-662b-4ceb-a410-ac3a3f5ec25f;DEBW_52210003tNq;WALL;199;0,18;28,54;6,27;0,83;;2,57;DEBW_52210003tNq
UUID_8e8cf7f5-93c4-4112-9020-7d05ba4887ea;DEBW_52210003tNq;WALL;199;0,18;8,77;1,92;0,83;;2,57;DEBW_52210003tNq
UUID_3bdc2588-536e-4d1b-b1b7-12cc70dab6b5;DEBW_52210003tNq;WALL;199;0,18;22,73;4,99;0,83;;2,57;DEBW_52210003tNq
UUID_21be9e8f-7584-416d-b2ca-463d5ba43236;DEBW_52210003tNq;ROOF;226;0,10;30,07;3,34;0,43;;2,57;DEBW_52210003tNq
UUID_90181ad4-b692-4026-a011-a2b250dc813f;DEBW_52210003tNq;WALL;199;0,18;10,41;2,28;0,83;;2,57;DEBW_52210003tNq
UUID_47acb75c-afab-4427-9883-d5a000f6e119;DEBW_52210003tNq;WALL;199;0,18;62,76;13,78;0,83;;2,57;DEBW_52210003tNq
UUID_43a20c1b-270c-49b4-9a06-e05555e3fd74;DEBW_52210003tNq;WALL;199;0,18;17,13;3,76;0,83;;2,57;DEBW_52210003tNq
UUID_7c510130-c63e-49d0-9d4b-49a0b9acc7c9;DEBW_52210003tNq;WALL;199;0,18;18,95;4,16;0,83;;2,57;DEBW_52210003tNq
UUID_4cafac19-66ff-4fe8-bbc7-71b99aaf2c63;DEBW_52210003tNq;ROOF;226;0,10;59,22;6,58;0,43;;2,57;DEBW_52210003tNq
UUID_a45588ed-12b0-4220-9655-8ba85a606f2e;DEBW_52210003tNq;WALL;199;0,18;3,87;0,85;0,83;;2,57;DEBW_52210003tNq
UUID_c856a004-6757-49df-bd1b-ba215d5f81a7;DEBW_52210003tNq;WALL;199;0,18;40,58;8,91;0,83;;2,57;DEBW_52210003tNq
UUID_467c09f2-ada0-435f-9736-6ea34f833ae5;DEBW_52210003tNq;WALL;199;0,18;34,39;7,55;0,83;;2,57;DEBW_52210003tNq
UUID_d07664aa-e08c-4ad9-9c87-ddde538c5219;DEBW_52210003tNq;WALL;199;0,18;4,67;1,02;0,83;;2,57;DEBW_52210003tNq
UUID_683fbbdc-8e85-4f2f-9260-6269c17b93b9;DEBW_52210003tNq;ROOF;226;0,10;1,21;0,13;0,43;;2,57;DEBW_52210003tNq
UUID_38f42a4d-7399-4649-8f5e-908c04b63d8f;DEBW_52210003tNq;GROUND;150;0,00;91,03;0,00;0,62;;;DEBW_52210003tNq
UUID_445c8682-d24b-47e0-9efa-429dce24b59b;DEBW_52210004hv5;ROOF;226;0,10;149,94;16,66;0,43;;2,57;DEBW_52210004hv5
UUID_0dd42c89-edc8-4195-9ed7-cb5066fee27d;DEBW_52210004hv5;WALL;199;0,27;34,83;12,88;0,83;;2,57;DEBW_52210004hv5
UUID_d595c52e-8395-44c8-8342-5a77dce4e814;DEBW_52210004hv5;ROOF;226;0,10;138,83;15,43;0,43;;2,57;DEBW_52210004hv5
UUID_b1af3783-e910-4501-9c73-b33a6bd91e57;DEBW_52210004hv5;WALL;199;0,27;89,42;33,07;0,83;;2,57;DEBW_52210004hv5
UUID_0faa6059-828c-473c-a0f8-d799c672355d;DEBW_52210004hv5;WALL;199;0,27;26,47;9,79;0,83;;2,57;DEBW_52210004hv5
UUID_7915e00e-732a-412c-acaf-de476f1170e3;DEBW_52210004hv5;WALL;199;0,27;77,37;28,62;0,83;;2,57;DEBW_52210004hv5
UUID_7d316fab-5c7d-4d72-a923-e5596a1dd497;DEBW_52210004hv5;WALL;199;0,27;24,70;9,13;0,83;;2,57;DEBW_52210004hv5
UUID_b08673b3-4e6d-43c2-94f6-641fbcf8a09f;DEBW_52210004hv5;WALL;199;0,27;37,01;13,69;0,83;;2,57;DEBW_52210004hv5
UUID_529b0913-397d-4491-9c8b-a734f0a1ba47;DEBW_52210004hv5;WALL;199;0,27;1,06;0,39;0,83;;2,57;DEBW_52210004hv5
UUID_70618e75-e76d-44d9-87fe-a1462352f108;DEBW_52210004hv5;GROUND;150;0,00;274,30;0,00;0,62;;;DEBW_52210004hv5
UUID_219cce56-09b7-42ff-933e-efc02aa255d5;DEBW_52210004hv5;WALL;199;0,27;37,83;13,99;0,83;;2,57;DEBW_52210004hv5
UUID_8d3bbc60-e314-476a-8ca3-3e7d80fe5020;DEBW_52210004hv5;WALL;199;0,27;50,24;18,58;0,83;;2,57;DEBW_52210004hv5
UUID_bdfe00f8-5a91-4571-bd05-bdb23e25080c;DEBW_52210004hv5;WALL;199;0,27;35,09;12,98;0,83;;2,57;DEBW_52210004hv5
UUID_af1b8f58-3d67-4114-8f0e-301ac9504d1a;DEBW_52210004yU8;WALL;199;0,27;13,67;5,05;0,83;;2,57;DEBW_52210004yU8
UUID_427fe479-83b9-4c46-9bcb-259275387ad0;DEBW_52210004yU8;WALL;199;0,27;13,69;5,06;0,83;;2,57;DEBW_52210004yU8
UUID_28130871-0be5-4f97-9550-7ad4e740c477;DEBW_52210004yU8;GROUND;150;0,00;23,83;0,00;0,62;;;DEBW_52210004yU8
UUID_e34a321f-7d72-4f9c-b039-14806e760462;DEBW_52210004yU8;WALL;199;0,27;1,30;0,48;0,83;;2,57;DEBW_52210004yU8
UUID_3fed1509-88a0-410c-9939-231de1639566;DEBW_52210004yU8;ROOF;100;0,00;23,83;0,00;0,40;;2,57;DEBW_52210004yU8
UUID_b4084558-02d9-4000-b9bf-8102e720e595;DEBW_52210004yU8;WALL;199;0,27;0,00;0,00;0,83;;2,57;DEBW_52210004yU8
UUID_38d16076-9520-4265-9026-0995e5b4e768;DEBW_52210004zV8;WALL;199;0,27;1,80;0,67;0,83;;2,57;DEBW_52210004zV8
UUID_02adcbae-0eb9-41b5-b99a-6b493c899b74;DEBW_52210004zV8;WALL;199;0,27;5,06;1,87;0,83;;2,57;DEBW_52210004zV8
UUID_5751c3f1-737a-4ba1-9106-76d17c3fa04d;DEBW_52210004zV8;ROOF;226;0,10;9,48;1,05;0,43;;2,57;DEBW_52210004zV8
UUID_5ab31d40-8579-4c06-9ada-ad23168ee923;DEBW_52210004zV8;WALL;199;0,27;2,67;0,99;0,83;;2,57;DEBW_52210004zV8
UUID_c60169c7-9f82-4988-b7e7-5365b80533fe;DEBW_52210004zV8;WALL;199;0,27;1,75;0,65;0,83;;2,57;DEBW_52210004zV8
UUID_1ea063b5-066f-43fa-bbb5-2f822e59d001;DEBW_52210004zV8;GROUND;150;0,00;10,54;0,00;0,62;;;DEBW_52210004zV8
UUID_68688f2e-8791-429a-8b8a-a22bd6c281a9;DEBW_52210004zV8;WALL;199;0,27;3,25;1,20;0,83;;2,57;DEBW_52210004zV8
UUID_7408c160-e2fc-41d2-8f51-8de367337ef7;DEBW_52210004zV8;WALL;199;0,27;15,37;5,68;0,83;;2,57;DEBW_52210004zV8
UUID_a29b98a5-c6c1-4df2-a986-0a76a1c251f7;DEBW_52210004zV8;WALL;199;0,27;3,44;1,27;0,83;;2,57;DEBW_52210004zV8
UUID_a7876d5a-56e9-4a39-9b3d-45024190e75d;DEBW_5221000542K;ROOF;226;0,10;26,07;2,90;0,43;;2,57;DEBW_5221000542K
UUID_e903210a-7ed6-4c28-9c28-53f28472cd55;DEBW_5221000542K;GROUND;150;0,00;28,65;0,00;0,62;;;DEBW_5221000542K
UUID_0d8f8c20-b1c5-4e12-b942-29bd783cb94f;DEBW_5221000542K;WALL;199;0,14;10,91;1,78;0,83;;2,57;DEBW_5221000542K
UUID_37f96929-5368-40ac-8b1b-6229c0601fa6;DEBW_5221000542K;WALL;199;0,14;10,80;1,76;0,83;;2,57;DEBW_5221000542K
UUID_7e28107b-f3cf-4f59-8727-a637c2b9f689;DEBW_5221000542K;WALL;199;0,14;23,01;3,75;0,83;;2,57;DEBW_5221000542K
UUID_e6771427-5523-4efd-a245-af906c24c24d;DEBW_5221000542K;WALL;199;0,14;19,37;3,15;0,83;;2,57;DEBW_5221000542K
UUID_f3ba394c-ae6a-4b7b-82a7-0ab05991f280;DEBW_52210004yVr;WALL;199;0,18;28,41;6,24;0,83;;2,57;DEBW_52210004yVr
UUID_8fe0c5b1-b927-4587-bb31-a9432741f2df;DEBW_52210004yVr;WALL;199;0,18;29,47;6,47;0,83;;2,57;DEBW_52210004yVr
UUID_4f152255-53c3-425d-bdc4-70ada1b108f2;DEBW_52210004yVr;GROUND;150;0,00;10,07;0,00;0,62;;;DEBW_52210004yVr
UUID_dd8fb294-8f59-4575-a89c-53781997e0d6;DEBW_52210004yVr;ROOF;226;0,10;9,07;1,01;0,43;;2,57;DEBW_52210004yVr
UUID_4e7a9161-d0f8-49bc-b735-5cffec3c14c2;DEBW_52210004yVr;WALL;199;0,18;27,37;6,01;0,83;;2,57;DEBW_52210004yVr
UUID_034bb8e5-08ae-4f7c-82cf-b4bb5fa9ab86;DEBW_52210004yVr;WALL;199;0,18;26,89;5,90;0,83;;2,57;DEBW_52210004yVr
UUID_0ad42bff-2856-4c94-bb93-853b73c88e1b;DEBW_52210004yVr;WALL;199;0,18;8,22;1,80;0,83;;2,57;DEBW_52210004yVr
UUID_4fa64c29-d535-49c4-805b-991b4af7fd9a;DEBW_52210005k3y;WALL;199;0,18;0,99;0,22;0,83;;2,57;DEBW_52210005k3y
UUID_63ad5bca-1938-4818-ace3-db78725181de;DEBW_52210005k3y;WALL;199;0,18;1,00;0,22;0,83;;2,57;DEBW_52210005k3y
UUID_d3d67956-7c07-4443-828d-0f4629a2be61;DEBW_52210005k3y;GROUND;150;0,00;113,56;0,00;0,62;;;DEBW_52210005k3y
UUID_3f8afd40-c225-492e-87c8-1c6f587dccf7;DEBW_52210005k3y;WALL;199;0,18;1,45;0,32;0,83;;2,57;DEBW_52210005k3y
UUID_8ccb3ce8-e64c-4891-a30e-d4c3348e815a;DEBW_52210005k3y;WALL;199;0,18;1,38;0,30;0,83;;2,57;DEBW_52210005k3y
UUID_e85aba13-8782-4240-9827-9e98394d7c64;DEBW_52210005k3y;WALL;199;0,18;0,99;0,22;0,83;;2,57;DEBW_52210005k3y
UUID_269a67e3-a7bc-4a72-9982-47d914a78cb9;DEBW_52210005k3y;WALL;199;0,18;1,38;0,30;0,83;;2,57;DEBW_52210005k3y
UUID_87762ddc-da74-4ce1-90d9-972f16efe746;DEBW_52210005k3y;ROOF;226;0,10;0,40;0,04;0,43;;2,57;DEBW_52210005k3y
UUID_d81a8422-12e0-4908-a55d-31add5137113;DEBW_52210005k3y;ROOF;226;0,10;17,79;1,98;0,43;;2,57;DEBW_52210005k3y
UUID_30d12452-7309-4cd1-9336-abf0cc09af66;DEBW_52210005k3y;WALL;199;0,18;1,00;0,22;0,83;;2,57;DEBW_52210005k3y
UUID_e5b91a75-a60a-48ba-bb1e-22f59c360e61;DEBW_52210005k3y;WALL;199;0,18;1,00;0,22;0,83;;2,57;DEBW_52210005k3y
UUID_760e2107-798b-468e-90ab-27e999cbd45f;DEBW_52210005k3y;WALL;199;0,18;5,99;1,31;0,83;;2,57;DEBW_52210005k3y
UUID_065f7580-1fd3-4fbc-9727-d92ee97d7e0c;DEBW_52210005k3y;WALL;199;0,18;64,97;14,26;0,83;;2,57;DEBW_52210005k3y
UUID_0f321230-42d1-44ab-ab22-06423c2e8c4c;DEBW_52210005k3y;WALL;199;0,18;0,92;0,20;0,83;;2,57;DEBW_52210005k3y
UUID_c343d343-7188-42b7-9249-cf75ee2277eb;DEBW_52210005k3y;WALL;199;0,18;0,92;0,20;0,83;;2,57;DEBW_52210005k3y
UUID_91bb3085-d48c-4286-9f3f-aa15c4de64bb;DEBW_52210005k3y;WALL;199;0,18;1,43;0,31;0,83;;2,57;DEBW_52210005k3y
UUID_2da7690a-d4b8-46c8-b5f3-74a79c81677e;DEBW_52210005k3y;WALL;199;0,18;1,01;0,22;0,83;;2,57;DEBW_52210005k3y
UUID_45713e04-3ab8-4693-8097-8f17d411122b;DEBW_52210005k3y;WALL;199;0,18;80,65;17,70;0,83;;2,57;DEBW_52210005k3y
UUID_09c21dc2-a5d2-4e84-a8b0-74b46196877f;DEBW_52210005k3y;WALL;199;0,18;0,93;0,20;0,83;;2,57;DEBW_52210005k3y
UUID_3724ba07-736c-4d81-a9de-9a4089523719;DEBW_52210005k3y;WALL;199;0,18;0,91;0,20;0,83;;2,57;DEBW_52210005k3y
UUID_3fc28d5f-2453-48d3-8134-eeb1ae86f095;DEBW_52210005k3y;WALL;199;0,18;19,59;4,30;0,83;;2,57;DEBW_52210005k3y
UUID_c1eda374-b296-48b7-9d40-a1987525adc9;DEBW_52210005k3y;WALL;199;0,18;0,92;0,20;0,83;;2,57;DEBW_52210005k3y
UUID_2c4d52b9-2d70-43bf-9c48-bea0755de53a;DEBW_52210005k3y;WALL;199;0,18;1,01;0,22;0,83;;2,57;DEBW_52210005k3y
UUID_aaaec151-7061-4609-9ed7-3d354cf0be11;DEBW_52210005k3y;ROOF;226;0,10;42,70;4,74;0,43;;2,57;DEBW_52210005k3y
UUID_715aa690-b53d-49f2-be14-ca4d4d85ac3f;DEBW_52210005k3y;WALL;199;0,18;14,51;3,19;0,83;;2,57;DEBW_52210005k3y
UUID_e4e9b1ce-9739-4ab9-850b-32964c8e0e49;DEBW_52210005k3y;WALL;199;0,18;0,93;0,20;0,83;;2,57;DEBW_52210005k3y
UUID_88597397-f45d-44ab-adb2-217b87920e69;DEBW_52210005k3y;WALL;199;0,18;17,73;3,89;0,83;;2,57;DEBW_52210005k3y
UUID_e589e4cc-adbd-4034-851e-def815e5b778;DEBW_52210005k3y;WALL;199;0,18;0,94;0,21;0,83;;2,57;DEBW_52210005k3y
UUID_15534f6e-664c-49f2-a255-a1f9267c3e30;DEBW_52210005k3y;WALL;199;0,18;0,92;0,20;0,83;;2,57;DEBW_52210005k3y
UUID_22993dd4-82e4-4dfc-a329-f4b65374c3be;DEBW_52210005k3y;ROOF;226;0,10;0,02;0,00;0,43;;2,57;DEBW_52210005k3y
UUID_81b04844-d606-4a4b-a05e-3965406987a0;DEBW_52210005k3y;ROOF;226;0,10;41,75;4,64;0,43;;2,57;DEBW_52210005k3y
UUID_831efe14-6b4a-41e5-a8d3-c0f42086a164;DEBW_52210005k3y;WALL;199;0,18;1,35;0,30;0,83;;2,57;DEBW_52210005k3y
UUID_a7a84f92-fbb4-41b8-b45c-9ca6509e4c38;DEBW_52210005k3y;WALL;199;0,18;5,06;1,11;0,83;;2,57;DEBW_52210005k3y
UUID_f19d72e6-ee87-497d-a7ff-d95f36566b4d;DEBW_52210005k3y;WALL;199;0,18;1,00;0,22;0,83;;2,57;DEBW_52210005k3y
UUID_b880ac5a-aa2a-4ff6-a226-3487b21ea894;DEBW_52210005k3y;WALL;199;0,18;0,93;0,20;0,83;;2,57;DEBW_52210005k3y
UUID_eea31308-247f-41da-b7f2-24fd4ea33896;DEBW_52210005k3y;WALL;199;0,18;3,71;0,81;0,83;;2,57;DEBW_52210005k3y
UUID_87f77d0b-bad0-43dd-a926-00798b8daa83;DEBW_52210005k3y;WALL;199;0,18;1,45;0,32;0,83;;2,57;DEBW_52210005k3y
UUID_211f6240-5c93-47da-b73f-2328200e130a;DEBW_52210005k3y;WALL;199;0,18;0,92;0,20;0,83;;2,57;DEBW_52210005k3y
UUID_6eec587a-acf2-4067-8488-ef09a28f28a1;DEBW_52210005k3y;WALL;199;0,18;0,92;0,20;0,83;;2,57;DEBW_52210005k3y
UUID_771d68e2-b5b7-47ff-b73e-06cfb68738db;DEBW_52210005k3y;ROOF;226;0,10;19,58;2,18;0,43;;2,57;DEBW_52210005k3y
UUID_2efb7f18-0100-40b6-bd4f-8a4296948674;DEBW_52210005k3y;WALL;199;0,18;1,35;0,30;0,83;;2,57;DEBW_52210005k3y
UUID_b38009a2-c101-4262-88df-f2c1c8c3d530;DEBW_52210005k3y;WALL;199;0,18;6,72;1,48;0,83;;2,57;DEBW_52210005k3y
UUID_de252973-ca63-4218-8118-cb332c93f61f;DEBW_52210005k3y;WALL;199;0,18;1,00;0,22;0,83;;2,57;DEBW_52210005k3y
UUID_17c7e54c-f7d4-475a-aecd-e4c4b94ebd20;DEBW_52210005k3y;WALL;199;0,18;6,63;1,46;0,83;;2,57;DEBW_52210005k3y
UUID_f8e4d9f4-0489-49ff-a1c2-832b15ca9cbf;DEBW_52210005k3y;WALL;199;0,18;1,43;0,31;0,83;;2,57;DEBW_52210005k3y
UUID_79d0f4be-6f2e-46ca-8eed-a0fde00f54f8;DEBW_52210005k3y;WALL;199;0,18;1,00;0,22;0,83;;2,57;DEBW_52210005k3y
UUID_276ca498-0d83-4050-b9b6-bf5d62814631;DEBW_52210005k3y;WALL;199;0,18;0,92;0,20;0,83;;2,57;DEBW_52210005k3y
UUID_f9fcfc3d-d46b-464a-a828-fcc8b9e04fa0;DEBW_52210005k3y;WALL;199;0,18;5,78;1,27;0,83;;2,57;DEBW_52210005k3y
UUID_c9930bfe-2717-4606-bedb-7f207529431c;DEBW_52210003tcH;ROOF;100;0,00;27,49;0,00;0,40;;2,57;DEBW_52210003tcH
UUID_62e6f9fc-6e94-4f80-97e0-bdb1dfc22b9f;DEBW_52210003tcH;WALL;199;0,27;0,00;0,00;0,83;;2,57;DEBW_52210003tcH
UUID_cf3b8727-d411-4526-a0ea-3d57411e3079;DEBW_52210003tcH;WALL;199;0,27;0,00;0,00;0,83;;2,57;DEBW_52210003tcH
UUID_56f2368a-d1b1-4f38-8d41-d215295f1964;DEBW_52210003tcH;WALL;199;0,27;4,20;1,55;0,83;;2,57;DEBW_52210003tcH
UUID_6d4bd909-bf34-4aff-b13a-ea69ee18733b;DEBW_52210003tcH;WALL;199;0,27;20,91;7,73;0,83;;2,57;DEBW_52210003tcH
UUID_a8d1518c-a605-4766-bc31-b320bb931010;DEBW_52210003tcH;GROUND;150;0,00;27,49;0,00;0,62;;;DEBW_52210003tcH
UUID_7d1d69a8-9de8-4127-b733-702968b5d9b3;DEBW_52210003tcH;WALL;199;0,27;0,00;0,00;0,83;;2,57;DEBW_52210003tcH
UUID_4c65b3a6-21e5-4895-952e-b635590bf880;DEBW_52210003tcH;WALL;199;0,27;15,80;5,84;0,83;;2,57;DEBW_52210003tcH
UUID_364faadd-c158-4777-95ef-11ec3d662e14;DEBW_52210004L5J;WALL;199;0,18;61,82;13,57;0,83;;2,57;DEBW_52210004L5J
UUID_a509e918-f420-403e-b72e-399a21306280;DEBW_52210004L5J;ROOF;226;0,10;106,80;11,87;0,43;;2,57;DEBW_52210004L5J
UUID_8fece61c-9095-46fe-bc03-0cdffbd1c54b;DEBW_52210004L5J;WALL;199;0,18;0,60;0,13;0,83;;2,57;DEBW_52210004L5J
UUID_e5d96eba-20e8-49fb-9e1d-c4b42fc8a1a5;DEBW_52210004L5J;WALL;199;0,18;1,82;0,40;0,83;;2,57;DEBW_52210004L5J
UUID_2c8853c3-677d-4b3c-9e9b-9b770074274f;DEBW_52210004L5J;WALL;199;0,18;46,13;10,13;0,83;;2,57;DEBW_52210004L5J
UUID_98fdd701-9678-4e26-bb5c-c6ed4f3bf7fd;DEBW_52210004L5J;ROOF;226;0,10;76,31;8,48;0,43;;2,57;DEBW_52210004L5J
UUID_afe97fa4-5c1e-4ce4-98ea-02c2c6d9c358;DEBW_52210004L5J;WALL;199;0,18;1,67;0,37;0,83;;2,57;DEBW_52210004L5J
UUID_6dedb6ee-c820-4f58-92d9-8ad66b7515ff;DEBW_52210004L5J;WALL;199;0,18;15,16;3,33;0,83;;2,57;DEBW_52210004L5J
UUID_4594bade-0a66-4e4c-8300-50d506530a72;DEBW_52210004L5J;WALL;199;0,18;56,04;12,30;0,83;;2,57;DEBW_52210004L5J
UUID_93924388-0657-45b3-8619-9d3fbd3fc833;DEBW_52210004L5J;WALL;199;0,18;1,95;0,43;0,83;;2,57;DEBW_52210004L5J
UUID_63db54f6-7ff4-4b2a-86d4-a26255d1a748;DEBW_52210004L5J;WALL;199;0,18;35,90;7,88;0,83;;2,57;DEBW_52210004L5J
UUID_d24d696c-be2d-4dd3-a37f-1f8293878736;DEBW_52210004L5J;WALL;199;0,18;77,08;16,92;0,83;;2,57;DEBW_52210004L5J
UUID_f8901963-67b1-4a35-a40a-16b5d17b221e;DEBW_52210004L5J;WALL;199;0,18;0,16;0,04;0,83;;2,57;DEBW_52210004L5J
UUID_347b9776-05ca-48a7-8381-9d032de9779b;DEBW_52210004L5J;WALL;199;0,18;88,52;19,43;0,83;;2,57;DEBW_52210004L5J
UUID_450f3898-add7-45f0-bf64-7e2b71c74589;DEBW_52210004L5J;GROUND;150;0,00;169,15;0,00;0,62;;;DEBW_52210004L5J
UUID_200e307e-231b-4890-aead-81077c6be444;DEBW_52210004ySh;ROOF;226;0,10;27,89;3,10;0,43;;2,57;DEBW_52210004ySh
UUID_17195c91-dab3-4b15-b547-4465a19c86b3;DEBW_52210004ySh;WALL;199;0,27;0,00;0,00;0,83;;2,57;DEBW_52210004ySh
UUID_9c459392-08ce-4ad3-9ade-df1926f5433f;DEBW_52210004ySh;WALL;199;0,27;17,49;6,47;0,83;;2,57;DEBW_52210004ySh
UUID_e3abfcd0-bcf2-4592-b7d9-381b1c85a8db;DEBW_52210004ySh;WALL;199;0,27;18,97;7,02;0,83;;2,57;DEBW_52210004ySh
UUID_7c63f45f-0997-43f0-a0ae-90870923f7cf;DEBW_52210004ySh;WALL;199;0,27;0,00;0,00;0,83;;2,57;DEBW_52210004ySh
UUID_df7556c7-0972-4271-b8a7-1b65f770563f;DEBW_52210004ySh;GROUND;150;0,00;30,91;0,00;0,62;;;DEBW_52210004ySh
UUID_78147a36-1ec8-4134-af72-b75edad87ef0;DEBW_52210003tdq;WALL;203;0,27;1,36;0,50;0,12;5;1,05;DEBW_52210003tdq
UUID_429d0681-1f16-44a1-b5d3-ac7deae68494;DEBW_52210003tdq;WALL;203;0,27;8,49;3,14;0,12;5;1,05;DEBW_52210003tdq
UUID_2b28821e-1c7f-423b-b23e-1133c6e7c627;DEBW_52210003tdq;GROUND;154;0,00;20,91;0,00;0,20;;;DEBW_52210003tdq
UUID_34a357d1-e488-4db4-8134-e4de84d96162;DEBW_52210003tdq;WALL;203;0,27;8,52;3,15;0,12;5;1,05;DEBW_52210003tdq
UUID_72993ef2-2fdf-4e35-898c-c947a8cdca65;DEBW_52210003tdq;ROOF;104;0,00;20,91;0,00;0,09;5;1,05;DEBW_52210003tdq
UUID_3b24aeaf-5289-4424-8501-a55cf6a0e95b;DEBW_52210003tdq;WALL;203;0,27;14,74;5,45;0,12;5;1,05;DEBW_52210003tdq
UUID_02ba8997-85aa-4f73-8bda-1a96e0665437;DEBW_522100053po;WALL;203;0,27;0,46;0,17;0,12;5;1,05;DEBW_522100053po
UUID_eefefe89-0eb1-4fcb-9ded-f49d472ea4af;DEBW_522100053po;WALL;203;0,27;0,44;0,16;0,12;5;1,05;DEBW_522100053po
UUID_16ff70b7-5e95-48d0-a392-f9a838b22f3c;DEBW_522100053po;WALL;203;0,27;0,41;0,15;0,12;5;1,05;DEBW_522100053po
UUID_997db1f7-b779-4a15-857d-e396d618c0cb;DEBW_522100053po;GROUND;154;0,00;43,87;0,00;0,20;;;DEBW_522100053po
UUID_32ef22e6-39fb-4b7c-92c2-39c37fc45f20;DEBW_522100053po;WALL;203;0,27;6,99;2,59;0,12;5;1,05;DEBW_522100053po
UUID_17fa45d1-ab26-4558-bd36-d8656e41e675;DEBW_522100053po;WALL;203;0,27;4,61;1,71;0,12;5;1,05;DEBW_522100053po
UUID_56e4311a-2a35-4514-9d4c-f30d13a523b0;DEBW_522100053po;ROOF;247;0,10;14,59;1,62;0,14;5;1,05;DEBW_522100053po
UUID_5603f7f4-3c54-4069-a5c2-71ed5e8b0737;DEBW_522100053po;WALL;203;0,27;8,40;3,11;0,12;5;1,05;DEBW_522100053po
UUID_f980c770-c997-4de8-8a88-6b49a33a676d;DEBW_522100053po;WALL;203;0,27;3,56;1,32;0,12;5;1,05;DEBW_522100053po
UUID_6824b86a-b604-4b52-935a-f3c9471b55b4;DEBW_522100053po;ROOF;247;0,10;0,28;0,03;0,14;5;1,05;DEBW_522100053po
UUID_6acbc3e8-85bd-4217-bc97-620310ed4fbc;DEBW_522100053po;WALL;203;0,27;14,59;5,39;0,12;5;1,05;DEBW_522100053po
UUID_fca02a5c-283c-41da-848d-37b6aa4ccf77;DEBW_522100053po;WALL;203;0,27;6,43;2,38;0,12;5;1,05;DEBW_522100053po
UUID_d30c02c6-9998-4613-a0b4-fd19959be07c;DEBW_522100053po;ROOF;247;0,10;24,77;2,75;0,14;5;1,05;DEBW_522100053po
UUID_68b9b5b3-d1c6-4149-a105-46228a7d62ce;DEBW_522100053po;WALL;203;0,27;0,28;0,10;0,12;5;1,05;DEBW_522100053po
UUID_54c6d519-1c92-4f67-92f9-3b7b94c3db51;DEBW_52210005Kuv;WALL;203;0,27;3,96;1,46;0,12;5;1,05;DEBW_52210005Kuv
UUID_8eda7682-e8e9-4ad5-90f1-16115b2e2ef8;DEBW_52210005Kuv;WALL;203;0,27;12,09;4,47;0,12;5;1,05;DEBW_52210005Kuv
UUID_d9184e75-1667-4d58-b0ec-6d1b663916d3;DEBW_52210005Kuv;WALL;203;0,27;16,08;5,95;0,12;5;1,05;DEBW_52210005Kuv
UUID_79d7c55d-965c-425f-bff7-f04adfcda8d9;DEBW_52210005Kuv;WALL;203;0,27;14,81;5,48;0,12;5;1,05;DEBW_52210005Kuv
UUID_2dfcf898-0694-44e7-b5bc-026e8df0d3ac;DEBW_52210005Kuv;GROUND;154;0,00;36,79;0,00;0,20;;;DEBW_52210005Kuv
UUID_cb00a719-b09e-461a-87bd-e66e59cba1df;DEBW_52210005Kuv;ROOF;247;0,10;33,23;3,69;0,14;5;1,05;DEBW_52210005Kuv
UUID_00787e51-2b3d-41dc-9486-79466482ab85;DEBW_52210003ty5;WALL;203;0,14;20,97;3,41;0,12;5;1,05;DEBW_52210003ty5
UUID_f7a20558-b996-4e59-8912-190d1454f648;DEBW_52210003ty5;WALL;203;0,14;0,68;0,11;0,12;5;1,05;DEBW_52210003ty5
UUID_12f0fc9f-32a1-4627-b4f2-883b9ef52335;DEBW_52210003ty5;GROUND;154;0,00;50,32;0,00;0,20;;;DEBW_52210003ty5
UUID_a995d632-237e-40fe-aa0a-e98dedafed1d;DEBW_52210003ty5;WALL;203;0,14;8,00;1,30;0,12;5;1,05;DEBW_52210003ty5
UUID_379bdfe5-bcdb-4aa5-936d-00dd7586ca32;DEBW_52210003ty5;ROOF;247;0,10;29,81;3,31;0,14;5;1,05;DEBW_52210003ty5
UUID_bfa2f8df-5fda-4dc0-bbb9-a70c130f29d2;DEBW_52210003ty5;WALL;203;0,14;28,31;4,61;0,12;5;1,05;DEBW_52210003ty5
UUID_fb18a414-253f-4d6d-924b-d7e04895a718;DEBW_52210003ty5;WALL;203;0,14;9,37;1,53;0,12;5;1,05;DEBW_52210003ty5
UUID_eca83ff1-9fab-447e-be84-08b2ee4739ee;DEBW_52210003ty5;WALL;203;0,14;7,32;1,19;0,12;5;1,05;DEBW_52210003ty5
UUID_6db05be6-75e1-4fa3-b6ca-e538a0116a38;DEBW_52210003ty5;WALL;203;0,14;0,06;0,01;0,12;5;1,05;DEBW_52210003ty5
UUID_892fc882-81e0-440c-b3c8-58aac99467e8;DEBW_52210003ty5;ROOF;247;0,10;35,69;3,97;0,14;5;1,05;DEBW_52210003ty5
UUID_d3609a04-87f9-4222-a70e-6ad51f269da8;DEBW_52210003ty5;WALL;203;0,14;9,32;1,52;0,12;5;1,05;DEBW_52210003ty5
UUID_9b67b04e-f56a-4b28-9b56-e20c57f88db4;DEBW_52210006NNm;WALL;203;0,27;5,96;2,20;0,12;5;1,05;DEBW_52210006NNm
UUID_4db6ed6f-c843-46e2-b0ac-828dc0b1cacf;DEBW_52210006NNm;WALL;203;0,27;32,95;12,19;0,12;5;1,05;DEBW_52210006NNm
UUID_270586a4-d451-4714-96ff-9019a51a54b6;DEBW_52210006NNm;WALL;203;0,27;52,67;19,48;0,12;5;1,05;DEBW_52210006NNm
UUID_af166051-10de-415e-9633-e0e2184dbbfc;DEBW_52210006NNm;WALL;203;0,27;7,68;2,84;0,12;5;1,05;DEBW_52210006NNm
UUID_67e2f7f4-2c2f-466c-b04f-3ed6ccb20b8f;DEBW_52210006NNm;ROOF;247;0,10;59,46;6,61;0,14;5;1,05;DEBW_52210006NNm
UUID_d729a1e9-6fa4-4b6c-8a0c-058b2b388129;DEBW_52210006NNm;WALL;203;0,27;1,27;0,47;0,12;5;1,05;DEBW_52210006NNm
UUID_e6fc5384-a227-4304-bd02-e851dfcd1295;DEBW_52210006NNm;WALL;203;0,27;2,17;0,80;0,12;5;1,05;DEBW_52210006NNm
UUID_716f76c4-8896-4202-b7ac-73369a02de8e;DEBW_52210006NNm;WALL;203;0,27;0,97;0,36;0,12;5;1,05;DEBW_52210006NNm
UUID_cc5c00e3-252a-42f7-ad81-b7918c9ede73;DEBW_52210006NNm;WALL;203;0,27;3,53;1,30;0,12;5;1,05;DEBW_52210006NNm
UUID_5792495c-08e3-471a-ae79-6691e05dbe9b;DEBW_52210006NNm;WALL;203;0,27;0,48;0,18;0,12;5;1,05;DEBW_52210006NNm
UUID_ff703f7e-b076-42af-b8eb-4270f1a46de3;DEBW_52210006NNm;WALL;203;0,27;1,63;0,60;0,12;5;1,05;DEBW_52210006NNm
UUID_2c2d9178-33fe-4c50-b685-30750254d56d;DEBW_52210006NNm;WALL;203;0,27;8,08;2,99;0,12;5;1,05;DEBW_52210006NNm
UUID_203a4567-6b6e-40ab-831a-90b2c94101c7;DEBW_52210006NNm;WALL;203;0,27;0,81;0,30;0,12;5;1,05;DEBW_52210006NNm
UUID_799d5e84-eb3b-4b71-8408-e5baeee25aa9;DEBW_52210006NNm;ROOF;247;0,10;54,60;6,07;0,14;5;1,05;DEBW_52210006NNm
UUID_cf8ec894-7da6-4079-9974-1fe194008b92;DEBW_52210006NNm;WALL;203;0,27;0,00;0,00;0,12;5;1,05;DEBW_52210006NNm
UUID_36c24e09-ed37-41f9-b6d4-91bcfc82ff64;DEBW_52210006NNm;GROUND;154;0,00;103,96;0,00;0,20;;;DEBW_52210006NNm
UUID_7a098ddc-2dbe-489d-bfaa-8eaf9c3eddc4;DEBW_52210006NNm;WALL;203;0,27;2,80;1,04;0,12;5;1,05;DEBW_52210006NNm
UUID_048045a6-7a3b-4d51-ab84-5f39c7103904;DEBW_52210006NNm;WALL;203;0,27;1,04;0,38;0,12;5;1,05;DEBW_52210006NNm
UUID_bdfe25c3-2b28-4eea-95ff-6ecfc4f381b2;DEBW_52210004L7q;WALL;203;0,14;0,62;0,10;0,12;5;1,05;DEBW_52210004L7q
UUID_b2be5e8c-77dc-49d0-802a-848b966f50c4;DEBW_52210004L7q;ROOF;247;0,10;40,49;4,50;0,14;5;1,05;DEBW_52210004L7q
UUID_2c4da0b7-fdee-424a-9ad6-6dd74bd1e39d;DEBW_52210004L7q;WALL;203;0,14;2,07;0,34;0,12;5;1,05;DEBW_52210004L7q
UUID_9facb0d8-450c-48c8-9884-40f76098e34f;DEBW_52210004L7q;WALL;203;0,14;2,11;0,34;0,12;5;1,05;DEBW_52210004L7q
UUID_9050fb6d-31c1-4a81-9668-c429eb103981;DEBW_52210004L7q;WALL;203;0,14;66,11;10,76;0,12;5;1,05;DEBW_52210004L7q
UUID_004e70c5-2c23-4766-bb98-1742b059ff47;DEBW_52210004L7q;ROOF;247;0,10;0,45;0,05;0,14;5;1,05;DEBW_52210004L7q
UUID_96e50f6d-ab74-4538-8b2b-a45b92edfc75;DEBW_52210004L7q;WALL;203;0,14;50,00;8,14;0,12;5;1,05;DEBW_52210004L7q
UUID_b19d7abd-3ad9-4904-9838-04e896c20888;DEBW_52210004L7q;WALL;203;0,14;48,99;7,98;0,12;5;1,05;DEBW_52210004L7q
UUID_62d21e7d-7e31-419a-a645-8d87ff4dbdad;DEBW_52210004L7q;ROOF;247;0,10;14,20;1,58;0,14;5;1,05;DEBW_52210004L7q
UUID_233c1b37-144a-49d8-a1db-ec0cfef109af;DEBW_52210004L7q;WALL;203;0,14;67,21;10,94;0,12;5;1,05;DEBW_52210004L7q
UUID_8372e1d0-36dc-4ace-bced-aeaac77d3f01;DEBW_52210004L7q;GROUND;154;0,00;85,99;0,00;0,20;;;DEBW_52210004L7q
UUID_27344d29-7759-4437-9fdd-d7c546863b60;DEBW_52210004L7q;WALL;203;0,14;1,98;0,32;0,12;5;1,05;DEBW_52210004L7q
UUID_7aa005bd-c2c6-4cf9-b981-7cd9cd626c61;DEBW_52210004L7q;ROOF;247;0,10;39,89;4,43;0,14;5;1,05;DEBW_52210004L7q
UUID_8c8f51b7-4054-4d63-8759-494d12484841;DEBW_52210004L7q;ROOF;247;0,10;13,52;1,50;0,14;5;1,05;DEBW_52210004L7q
UUID_fbe36b18-d903-43d6-87be-11098d6030f5;DEBW_52210003tvP;WALL;203;0,14;0,00;0,00;0,12;5;1,05;DEBW_52210003tvP
UUID_85ac51ba-9bce-45fc-ba9f-b307513fc0af;DEBW_52210003tvP;WALL;203;0,14;10,57;1,72;0,12;5;1,05;DEBW_52210003tvP
UUID_72136860-6352-4514-bbea-0f7b8dbf89c6;DEBW_52210003tvP;WALL;203;0,14;5,79;0,94;0,12;5;1,05;DEBW_52210003tvP
UUID_cba94c5b-50a5-481f-9fa1-daa1b82cfbaf;DEBW_52210003tvP;WALL;203;0,14;0,00;0,00;0,12;5;1,05;DEBW_52210003tvP
UUID_551d607e-2174-4df7-869f-c245c90c5964;DEBW_52210003tvP;WALL;203;0,14;13,02;2,12;0,12;5;1,05;DEBW_52210003tvP
UUID_c81f1de4-6b26-4098-837a-96d7da0f16e0;DEBW_52210003tvP;ROOF;247;0,10;16,52;1,84;0,14;5;1,05;DEBW_52210003tvP
UUID_73135f3f-30d1-4b2e-aee5-a1042d6ab5c5;DEBW_52210003tvP;WALL;203;0,14;9,49;1,55;0,12;5;1,05;DEBW_52210003tvP
UUID_480e6122-91ce-486a-82e8-cdce2c055d6c;DEBW_52210003tvP;GROUND;154;0,00;18,33;0,00;0,20;;;DEBW_52210003tvP
UUID_9ee835d6-f284-4843-939d-7df992799d96;DEBW_52210003u5D;GROUND;154;0,00;24,70;0,00;0,20;;;DEBW_52210003u5D
UUID_fe90ef4f-a21b-4179-9b8a-c7627115a7cf;DEBW_52210003u5D;ROOF;98;0,00;24,70;0,00;0,09;5;1,05;DEBW_52210003u5D
UUID_a0938707-0dd3-4505-9ad0-431b282bbae8;DEBW_52210003u5D;WALL;203;0,14;14,75;2,40;0,12;5;1,05;DEBW_52210003u5D
UUID_7f949048-395f-40d0-9bcc-94830c7f6fba;DEBW_52210003u5D;WALL;203;0,14;21,11;3,44;0,12;5;1,05;DEBW_52210003u5D
UUID_d8e64e54-b7a1-4927-9d8d-4c59e8691d49;DEBW_52210003u5D;WALL;203;0,14;14,75;2,40;0,12;5;1,05;DEBW_52210003u5D
UUID_e7fd9ae4-75b4-4f1a-9e4d-a07482790f6a;DEBW_52210003u5D;WALL;203;0,14;20,70;3,37;0,12;5;1,05;DEBW_52210003u5D
UUID_bb1b634a-a524-4ecd-855f-54b0fad90a09;DEBW_522100054Ih;WALL;203;0,18;21,17;4,65;0,12;5;1,05;DEBW_522100054Ih
UUID_6dd5dd5e-236b-4a96-86a3-28ed038bae42;DEBW_522100054Ih;WALL;203;0,18;9,44;2,07;0,12;5;1,05;DEBW_522100054Ih
UUID_546bb767-0c77-4a48-a737-11d6b2c28396;DEBW_522100054Ih;ROOF;247;0,10;140,62;15,62;0,14;5;1,05;DEBW_522100054Ih
UUID_f33ab5b9-f745-4611-969a-bb323e864731;DEBW_522100054Ih;WALL;203;0,18;1,20;0,26;0,12;5;1,05;DEBW_522100054Ih
UUID_470e270c-22fc-4480-b682-282ea18f1143;DEBW_522100054Ih;WALL;203;0,18;44,71;9,82;0,12;5;1,05;DEBW_522100054Ih
UUID_9a34a624-4934-4c8b-aef5-29a55dfd18cd;DEBW_522100054Ih;WALL;203;0,18;3,85;0,84;0,12;5;1,05;DEBW_522100054Ih
UUID_b78ccec1-37dc-4e5d-9689-fc75f555bca1;DEBW_522100054Ih;WALL;203;0,18;20,68;4,54;0,12;5;1,05;DEBW_522100054Ih
UUID_3b4d95d7-5bfe-4b76-95f2-0fabf0a2c6b6;DEBW_522100054Ih;WALL;203;0,18;50,47;11,08;0,12;5;1,05;DEBW_522100054Ih
UUID_3e133dd5-b92e-401b-aa51-170b6ddadc47;DEBW_522100054Ih;WALL;203;0,18;7,27;1,59;0,12;5;1,05;DEBW_522100054Ih
UUID_38034a1c-a396-438f-9204-47def2e7013e;DEBW_522100054Ih;WALL;203;0,18;15,98;3,51;0,12;5;1,05;DEBW_522100054Ih
UUID_647d7401-c983-4c10-82cf-a896acf0c341;DEBW_522100054Ih;WALL;203;0,18;35,20;7,73;0,12;5;1,05;DEBW_522100054Ih
UUID_facf693e-e76d-43b3-b5ad-a4cdd69cb05d;DEBW_522100054Ih;WALL;203;0,18;6,80;1,49;0,12;5;1,05;DEBW_522100054Ih
UUID_b1f8e56e-8f40-4c5f-9f24-6beb365ee780;DEBW_522100054Ih;ROOF;247;0,10;101,85;11,32;0,14;5;1,05;DEBW_522100054Ih
UUID_4a0a004c-9095-48ec-b8ec-023f5aeef5bd;DEBW_522100054Ih;WALL;203;0,18;70,83;15,55;0,12;5;1,05;DEBW_522100054Ih
UUID_498c62db-9e10-48f3-b19c-5675000d4b4a;DEBW_522100054Ih;WALL;203;0,18;45,47;9,98;0,12;5;1,05;DEBW_522100054Ih
UUID_73bade8d-a297-4536-b763-3e5927d51b5f;DEBW_522100054Ih;GROUND;154;0,00;219,86;0,00;0,20;;;DEBW_522100054Ih
UUID_41769039-9900-469b-8fe1-817689348ed1;DEBW_522100054Ih;WALL;203;0,18;44,07;9,67;0,12;5;1,05;DEBW_522100054Ih
UUID_58a7cd86-4dfd-4d09-8e89-f228a1826a67;DEBW_52210005xLD;WALL;199;0,18;27,90;6,13;0,83;;2,57;DEBW_52210005xLD
UUID_0b9b116e-2e62-4ad7-8b33-b55b6e8ac0ac;DEBW_52210005xLD;GROUND;150;0,00;93,55;0,00;0,62;;;DEBW_52210005xLD
UUID_ebab2626-398e-4339-816b-da7acd2de69b;DEBW_52210005xLD;WALL;199;0,18;22,99;5,05;0,83;;2,57;DEBW_52210005xLD
UUID_1d53430c-54a7-4a86-89f7-b95a7fd7461b;DEBW_52210005xLD;WALL;199;0,18;31,79;6,98;0,83;;2,57;DEBW_52210005xLD
UUID_28a0d67c-0891-4fb2-b985-84933f5537ec;DEBW_52210005xLD;WALL;199;0,18;46,71;10,25;0,83;;2,57;DEBW_52210005xLD
UUID_2e3dbf47-110b-426a-b247-4ea534d27753;DEBW_52210005xLD;WALL;199;0,18;5,92;1,30;0,83;;2,57;DEBW_52210005xLD
UUID_08819976-bf00-4c68-8535-cf52198eff87;DEBW_52210005xLD;WALL;199;0,18;47,14;10,35;0,83;;2,57;DEBW_52210005xLD
UUID_1c77c0ec-fb69-4254-8646-8a36a937acd5;DEBW_52210005xLD;ROOF;226;0,10;52,53;5,84;0,43;;2,57;DEBW_52210005xLD
UUID_4127e648-7d92-4250-9b6f-dc43a38e4456;DEBW_52210005xLD;ROOF;226;0,10;52,76;5,86;0,43;;2,57;DEBW_52210005xLD
UUID_cd09e319-595f-4839-8401-aa2cf0b35bae;DEBW_52210005xLD;WALL;199;0,18;13,21;2,90;0,83;;2,57;DEBW_52210005xLD
UUID_4760ae9d-6d40-499e-afae-474619cbf09f;DEBW_52210005xLD;WALL;199;0,18;46,94;10,30;0,83;;2,57;DEBW_52210005xLD
UUID_b40895d7-f20b-4c5f-9e92-54ea3c683ef6;DEBW_52210005xLD;WALL;199;0,18;47,62;10,45;0,83;;2,57;DEBW_52210005xLD
UUID_6f75d6c4-63e2-46c4-b50e-ca020a0b510c;DEBW_52210005xLD;WALL;199;0,18;9,03;1,98;0,83;;2,57;DEBW_52210005xLD
UUID_a5baaa0a-b44b-445f-9619-da4d6bf21612;DEBW_52210003snr;WALL;203;0,18;36,41;7,99;0,12;5;1,05;DEBW_52210003snr
UUID_891dbb8f-0db0-4104-9371-c520d601df69;DEBW_52210003snr;WALL;203;0,18;67,74;14,87;0,12;5;1,05;DEBW_52210003snr
UUID_2c14729e-63b4-417d-9398-90a5ff52f4ed;DEBW_52210003snr;WALL;203;0,18;34,86;7,65;0,12;5;1,05;DEBW_52210003snr
UUID_43ebafd4-b92c-4853-8bd4-cce523949d7f;DEBW_52210003snr;WALL;203;0,18;36,04;7,91;0,12;5;1,05;DEBW_52210003snr
UUID_0bd1d65b-86d1-4787-9515-5ce58c488d46;DEBW_52210003snr;ROOF;247;0,10;59,16;6,57;0,14;5;1,05;DEBW_52210003snr
UUID_9baebadd-53d1-4203-906f-586dfba0708c;DEBW_52210003snr;WALL;203;0,18;34,99;7,68;0,12;5;1,05;DEBW_52210003snr
UUID_f45df5cd-cc67-4476-9233-029a943edf23;DEBW_52210003snr;GROUND;154;0,00;96,75;0,00;0,20;;;DEBW_52210003snr
UUID_4af52e21-0131-476b-a988-b752fd0e24a8;DEBW_52210003snr;ROOF;247;0,10;56,99;6,33;0,14;5;1,05;DEBW_52210003snr
UUID_5626ee51-75b7-4888-b3fc-8614d82aed40;DEBW_52210003snr;WALL;203;0,18;66,00;14,49;0,12;5;1,05;DEBW_52210003snr
UUID_18234d30-4bd1-472c-b2d4-9566e890ad1e;DEBW_52210005KEF;WALL;203;0,18;12,95;2,84;0,12;5;1,05;DEBW_52210005KEF
UUID_fbf5c258-e36a-46ad-be86-279e66a00fe0;DEBW_52210005KEF;WALL;203;0,18;10,40;2,28;0,12;5;1,05;DEBW_52210005KEF
UUID_40a819ee-279c-46f1-9cde-520243bee0cf;DEBW_52210005KEF;WALL;203;0,18;92,95;20,40;0,12;5;1,05;DEBW_52210005KEF
UUID_ddad2db0-62c9-4a39-a622-39bf5ae022a0;DEBW_52210005KEF;WALL;203;0,18;39,89;8,76;0,12;5;1,05;DEBW_52210005KEF
UUID_963ef95c-eff0-4ef4-a5a3-6f7e36f3abb6;DEBW_52210005KEF;WALL;203;0,18;172,33;37,83;0,12;5;1,05;DEBW_52210005KEF
UUID_83266285-051c-4ab2-a0da-347a23c1229c;DEBW_52210005KEF;WALL;203;0,18;18,55;4,07;0,12;5;1,05;DEBW_52210005KEF
UUID_162ded99-91fc-45fb-af97-1cba2dbb2bb9;DEBW_52210005KEF;WALL;203;0,18;15,63;3,43;0,12;5;1,05;DEBW_52210005KEF
UUID_29add527-7e2d-4c40-8106-0d85806379e8;DEBW_52210005KEF;GROUND;154;0,00;491,19;0,00;0,20;;;DEBW_52210005KEF
UUID_5747356f-50a6-48cd-803f-19c4c30c9602;DEBW_52210005KEF;WALL;203;0,18;26,39;5,79;0,12;5;1,05;DEBW_52210005KEF
UUID_01ba57cd-6012-4f6f-a7fe-c6642a2adcc8;DEBW_52210005KEF;WALL;203;0,18;20,93;4,59;0,12;5;1,05;DEBW_52210005KEF
UUID_21a2b160-2cd0-49df-bc23-9696f9e1d135;DEBW_52210005KEF;WALL;203;0,18;9,55;2,10;0,12;5;1,05;DEBW_52210005KEF
UUID_2ef567b4-a9ff-46bd-88b4-7956193be157;DEBW_52210005KEF;WALL;203;0,18;80,37;17,64;0,12;5;1,05;DEBW_52210005KEF
UUID_e598fab6-5ffc-4c97-8dd0-e1412da34982;DEBW_52210005KEF;ROOF;247;0,10;52,78;5,86;0,14;5;1,05;DEBW_52210005KEF
UUID_8109fd8f-ff52-4fc4-bb05-da845815e8c6;DEBW_52210005KEF;WALL;203;0,18;9,22;2,02;0,12;5;1,05;DEBW_52210005KEF
UUID_9bd802ca-e620-41a0-8e45-e43fe92cf6d5;DEBW_52210005KEF;WALL;203;0,18;56,58;12,42;0,12;5;1,05;DEBW_52210005KEF
UUID_0c857412-f640-423d-9ac3-e039a21a8de5;DEBW_52210005KEF;WALL;203;0,18;25,95;5,70;0,12;5;1,05;DEBW_52210005KEF
UUID_5ef2bc79-3eda-4a42-92e1-51f187541df2;DEBW_52210005KEF;WALL;203;0,18;19,69;4,32;0,12;5;1,05;DEBW_52210005KEF
UUID_8d4227b2-6646-4095-9923-2f6b575a6e16;DEBW_52210005KEF;WALL;203;0,18;50,70;11,13;0,12;5;1,05;DEBW_52210005KEF
UUID_f779df37-3809-43c2-a33c-47f4b7c1a2c3;DEBW_52210005KEF;WALL;203;0,18;29,73;6,53;0,12;5;1,05;DEBW_52210005KEF
UUID_7236d5d0-4e64-4fb8-87d5-f78a8d2dc096;DEBW_52210005KEF;WALL;203;0,18;140,64;30,87;0,12;5;1,05;DEBW_52210005KEF
UUID_3700e32e-2359-4a56-9368-e78c2a8dec72;DEBW_52210005KEF;WALL;203;0,18;21,66;4,75;0,12;5;1,05;DEBW_52210005KEF
UUID_6f6d2174-18a0-4ead-a0d5-8a2e0ab32f38;DEBW_52210005KEF;ROOF;247;0,10;195,32;21,70;0,14;5;1,05;DEBW_52210005KEF
UUID_78704370-6a75-4446-af9a-9c2eefc2e5e3;DEBW_52210005KEF;WALL;203;0,18;12,37;2,72;0,12;5;1,05;DEBW_52210005KEF
UUID_f229333d-2607-4de9-9bb0-961f42b5c93f;DEBW_52210005KEF;WALL;203;0,18;3,48;0,76;0,12;5;1,05;DEBW_52210005KEF
UUID_f781ac61-a602-4fc4-8c94-d782e872efba;DEBW_52210005KEF;WALL;203;0,18;24,55;5,39;0,12;5;1,05;DEBW_52210005KEF
UUID_9ef22f4e-cd72-4f9c-8d56-0be785a1a639;DEBW_52210005KEF;WALL;203;0,18;108,22;23,76;0,12;5;1,05;DEBW_52210005KEF
UUID_e63f21a7-abdf-4940-b420-7635bedfaa64;DEBW_52210005KEF;WALL;203;0,18;38,87;8,53;0,12;5;1,05;DEBW_52210005KEF
UUID_ba9aade6-d49a-48d7-9417-426dad88a4f4;DEBW_52210005KEF;ROOF;247;0,10;236,77;26,31;0,14;5;1,05;DEBW_52210005KEF
UUID_378c9f1c-a34b-446c-96be-1bfe83c40d56;DEBW_52210003u4h;WALL;203;0,18;26,47;5,81;0,12;5;1,05;DEBW_52210003u4h
UUID_2638bc42-c163-41f8-92c5-77c367ab9916;DEBW_52210003u4h;WALL;203;0,18;19,57;4,30;0,12;5;1,05;DEBW_52210003u4h
UUID_bbcababd-2fd1-4afb-963b-52cd64114d51;DEBW_52210003u4h;WALL;203;0,18;20,58;4,52;0,12;5;1,05;DEBW_52210003u4h
UUID_1fb906f4-617d-4713-ab1d-e2c9524a5113;DEBW_52210003u4h;GROUND;154;0,00;76,07;0,00;0,20;;;DEBW_52210003u4h
UUID_f855c7e9-b155-4e75-9c64-21bb1183af71;DEBW_52210003u4h;WALL;203;0,18;29,80;6,54;0,12;5;1,05;DEBW_52210003u4h
UUID_0c733719-fb82-445a-ab47-783b37f410af;DEBW_52210003u4h;WALL;203;0,18;0,05;0,01;0,12;5;1,05;DEBW_52210003u4h
UUID_b568aa95-069d-4944-9a66-e2a80d4c4b38;DEBW_52210003u4h;WALL;203;0,18;58,18;12,77;0,12;5;1,05;DEBW_52210003u4h
UUID_253c701d-28bc-4876-b327-58bb390becaf;DEBW_52210003u4h;ROOF;247;0,10;45,31;5,03;0,14;5;1,05;DEBW_52210003u4h
UUID_db4d6cef-7c51-4a66-9b52-528c410d8cd6;DEBW_52210003u4h;ROOF;247;0,10;45,36;5,04;0,14;5;1,05;DEBW_52210003u4h
UUID_6ebe7fd0-a7e7-4a01-be1c-85cb8ad22009;DEBW_52210003u4h;WALL;203;0,18;0,05;0,01;0,12;5;1,05;DEBW_52210003u4h
UUID_cce08231-934a-407a-aabf-852f96872429;DEBW_52210003u4h;WALL;203;0,18;5,54;1,22;0,12;5;1,05;DEBW_52210003u4h
UUID_45acebb5-ca92-4ba4-a3f2-aa30f221ef8d;DEBW_52210004yBG;GROUND;154;0,00;165,35;0,00;0,20;;;DEBW_52210004yBG
UUID_2f872ab5-66e7-4e90-88c3-7c39999f48ce;DEBW_52210004yBG;WALL;203;0,18;25,92;5,69;0,12;5;1,05;DEBW_52210004yBG
UUID_1c7f762a-3dca-439d-92f3-1f80c7d7ac6c;DEBW_52210004yBG;WALL;203;0,18;10,20;2,24;0,12;5;1,05;DEBW_52210004yBG
UUID_60cb80a0-3da9-45e2-bc31-edec6e0f9822;DEBW_52210004yBG;WALL;203;0,18;25,85;5,67;0,12;5;1,05;DEBW_52210004yBG
UUID_13efd905-7a6f-4081-a244-909f7a5f0308;DEBW_52210004yBG;WALL;203;0,18;14,76;3,24;0,12;5;1,05;DEBW_52210004yBG
UUID_1c6d25e4-02bb-4cdb-8590-40e29a306bcf;DEBW_52210004yBG;WALL;203;0,18;23,99;5,27;0,12;5;1,05;DEBW_52210004yBG
UUID_fbba0ee4-1eee-43fa-b785-7f06bbeac4eb;DEBW_52210004yBG;WALL;203;0,18;39,52;8,68;0,12;5;1,05;DEBW_52210004yBG
UUID_851a41d4-ae30-4bad-b6c5-9481a1b2c90b;DEBW_52210004yBG;WALL;203;0,18;12,09;2,65;0,12;5;1,05;DEBW_52210004yBG
UUID_91eec926-513a-4b3f-af13-83a77450e32b;DEBW_52210004yBG;WALL;203;0,18;10,13;2,22;0,12;5;1,05;DEBW_52210004yBG
UUID_a82654ef-8948-470d-920a-13d08ab5e4bd;DEBW_52210004yBG;ROOF;247;0,10;96,58;10,73;0,14;5;1,05;DEBW_52210004yBG
UUID_159fee1b-edd7-498d-93bb-a4f5e2ee524a;DEBW_52210004yBG;ROOF;247;0,10;97,21;10,80;0,14;5;1,05;DEBW_52210004yBG
UUID_e4a1ca78-8ab6-4268-8d2a-a1465d1a8ca1;DEBW_52210004yBG;WALL;203;0,18;45,35;9,96;0,12;5;1,05;DEBW_52210004yBG
UUID_813ee480-f373-4af1-91e6-409a11644e11;DEBW_52210004yBG;WALL;203;0,18;38,25;8,40;0,12;5;1,05;DEBW_52210004yBG
UUID_a5f6b314-88ab-482c-b0fa-5d7c02d00c41;DEBW_52210004yBG;WALL;203;0,18;27,46;6,03;0,12;5;1,05;DEBW_52210004yBG
UUID_3f6c5bb5-a41f-4ee4-949a-af1bc338d76b;DEBW_52210004yBG;WALL;203;0,18;3,45;0,76;0,12;5;1,05;DEBW_52210004yBG
UUID_67ee8a2e-5b07-4b1d-8f95-e46b4368b292;DEBW_52210004yBG;WALL;203;0,18;38,28;8,40;0,12;5;1,05;DEBW_52210004yBG
UUID_138854cc-2dcb-49cd-988b-2697d5ef4af4;DEBW_52210004yBG;WALL;203;0,18;0,42;0,09;0,12;5;1,05;DEBW_52210004yBG
UUID_dac2781d-9c94-4203-8ab0-ea970431d40a;DEBW_52210004yBG;WALL;203;0,18;56,34;12,37;0,12;5;1,05;DEBW_52210004yBG
UUID_593634b0-f013-435d-bc2e-fb7d616c1a97;DEBW_52210004yBG;WALL;203;0,18;24,50;5,38;0,12;5;1,05;DEBW_52210004yBG
UUID_a88e78ae-8676-40d4-b057-4f98a62c831e;DEBW_52210004yBG;WALL;203;0,18;9,36;2,05;0,12;5;1,05;DEBW_52210004yBG
UUID_0552cfdf-7d0b-4c77-b37f-42f7a22e38b2;DEBW_52210004yBG;WALL;203;0,18;9,30;2,04;0,12;5;1,05;DEBW_52210004yBG
UUID_3252d142-f6af-41d2-978e-44066fa75806;DEBW_52210004yBG;WALL;203;0,18;3,44;0,76;0,12;5;1,05;DEBW_52210004yBG
UUID_ea8f601e-4b3d-4f95-b398-25bfd233de56;DEBW_52210004yBG;WALL;203;0,18;27,77;6,10;0,12;5;1,05;DEBW_52210004yBG
UUID_c3dd26c3-49bd-4d29-a02b-dc39857b7686;DEBW_52210004yBG;WALL;203;0,18;2,36;0,52;0,12;5;1,05;DEBW_52210004yBG
UUID_a4d666ec-2950-4e2e-8929-626b43754029;DEBW_52210004Lja;WALL;203;0,18;30,94;6,79;0,12;5;1,05;DEBW_52210004Lja
UUID_c1e5b3b7-7002-4a87-9fb5-5a38822e4b30;DEBW_52210004Lja;WALL;203;0,18;57,87;12,70;0,12;5;1,05;DEBW_52210004Lja
UUID_f6ac0e5e-4485-46cf-beba-f88a59079ca2;DEBW_52210004Lja;ROOF;247;0,10;82,60;9,18;0,14;5;1,05;DEBW_52210004Lja
UUID_22e307f7-29cd-42d5-b711-3fe028d21d6a;DEBW_52210004Lja;WALL;203;0,18;0,51;0,11;0,12;5;1,05;DEBW_52210004Lja
UUID_ec01306c-dfd4-4533-a704-f96bb72137f9;DEBW_52210004Lja;WALL;203;0,18;8,21;1,80;0,12;5;1,05;DEBW_52210004Lja
UUID_9b9f7ccf-6fd5-4330-96d7-87a02b41825a;DEBW_52210004Lja;WALL;203;0,18;0,44;0,10;0,12;5;1,05;DEBW_52210004Lja
UUID_f6b1b1b1-199c-4993-9eaf-2773b95cf8fc;DEBW_52210004Lja;WALL;203;0,18;51,24;11,25;0,12;5;1,05;DEBW_52210004Lja
UUID_1d329857-2f8b-4c11-b278-e59b4d1c6c60;DEBW_52210004Lja;WALL;203;0,18;13,07;2,87;0,12;5;1,05;DEBW_52210004Lja
UUID_8db727dc-2be0-4df1-945e-8c9fe7c44556;DEBW_52210004Lja;WALL;203;0,18;0,71;0,15;0,12;5;1,05;DEBW_52210004Lja
UUID_92b5021e-ccc4-4c07-af63-321494025741;DEBW_52210004Lja;WALL;203;0,18;34,71;7,62;0,12;5;1,05;DEBW_52210004Lja
UUID_cbd36a29-3af6-4b65-bbc3-8ac88ec74c1d;DEBW_52210004Lja;WALL;203;0,18;29,68;6,52;0,12;5;1,05;DEBW_52210004Lja
UUID_68725aff-14b3-476c-8fa2-fa2d39ca43a4;DEBW_52210004Lja;GROUND;154;0,00;14,18;0,00;0,20;;;DEBW_52210004Lja
UUID_1332de59-955b-4155-9b8e-f018274381c9;DEBW_52210004Lja;WALL;203;0,18;1,83;0,40;0,12;5;1,05;DEBW_52210004Lja
UUID_b15b12b2-3e88-49f5-80be-c0fe65100330;DEBW_52210004Lja;WALL;203;0,18;7,91;1,74;0,12;5;1,05;DEBW_52210004Lja
UUID_1ea0dd98-9f1e-4639-911d-4b6528e2ab4d;DEBW_52210004Lja;WALL;203;0,18;50,32;11,05;0,12;5;1,05;DEBW_52210004Lja
UUID_55b4589e-7ba1-4fb4-87e8-39750734c3ce;DEBW_52210004Lja;GROUND;154;0,00;137,29;0,00;0,20;;;DEBW_52210004Lja
UUID_72759c6a-4a40-4e13-b80e-356ed6e7248f;DEBW_52210004Lja;ROOF;247;0,10;71,90;7,99;0,14;5;1,05;DEBW_52210004Lja
UUID_b3bcdd53-db8a-45ce-b8ac-1381e205e640;DEBW_52210004Lja;ROOF;247;0,10;13,56;1,51;0,14;5;1,05;DEBW_52210004Lja
UUID_33947fb4-78e0-4d4a-af0f-5a3276b92378;DEBW_52210004Lja;WALL;203;0,18;28,44;6,24;0,12;5;1,05;DEBW_52210004Lja
UUID_797b8085-fbec-4515-8e50-80cda9b00439;DEBW_52210004Lja;WALL;203;0,18;12,82;2,81;0,12;5;1,05;DEBW_52210004Lja
UUID_72043821-f788-4ffb-b9a0-e75db9ca4ae6;DEBW_52210004Lja;WALL;203;0,18;50,43;11,07;0,12;5;1,05;DEBW_52210004Lja
UUID_46aa9d3c-ca21-4245-b745-88fd523a929f;DEBW_52210005xM5;WALL;203;0,18;10,49;2,30;0,12;5;1,05;DEBW_52210005xM5
UUID_19ac815c-e58a-4654-8576-6d8da23fe83b;DEBW_52210005xM5;ROOF;247;0,10;72,44;8,05;0,14;5;1,05;DEBW_52210005xM5
UUID_ab4fc6fc-6c19-44d1-9edb-d075e9e15fa7;DEBW_52210005xM5;WALL;203;0,18;33,60;7,38;0,12;5;1,05;DEBW_52210005xM5
UUID_c27fceaa-a27a-4470-a68c-6df14001974f;DEBW_52210005xM5;WALL;203;0,18;44,62;9,79;0,12;5;1,05;DEBW_52210005xM5
UUID_a9bca122-738b-4d93-8bd6-ebe4cd51b7c4;DEBW_52210005xM5;WALL;203;0,18;77,49;17,01;0,12;5;1,05;DEBW_52210005xM5
UUID_7a2f8d4f-6997-4be1-baa5-e944e7637458;DEBW_52210005xM5;WALL;203;0,18;39,06;8,57;0,12;5;1,05;DEBW_52210005xM5
UUID_2471422c-8f5c-4ccd-89b5-a150d8c2b443;DEBW_52210005xM5;WALL;203;0,18;54,91;12,05;0,12;5;1,05;DEBW_52210005xM5
UUID_3bb73496-1ec7-4bf3-8a06-fd83f3d7c5a0;DEBW_52210005xM5;GROUND;154;0,00;116,75;0,00;0,20;;;DEBW_52210005xM5
UUID_5b227a3c-ea22-4cc4-8697-853019685f39;DEBW_52210005xM5;WALL;203;0,18;44,84;9,84;0,12;5;1,05;DEBW_52210005xM5
UUID_783244cd-4d0f-4d2d-b0d7-9ac1fea1058e;DEBW_52210005xM5;ROOF;247;0,10;65,10;7,23;0,14;5;1,05;DEBW_52210005xM5
UUID_4a23961a-aa4d-4514-80bd-176fa8ecdb5d;DEBW_52210005xM5;WALL;203;0,18;44,77;9,83;0,12;5;1,05;DEBW_52210005xM5
UUID_e78ef6e3-7954-47cb-ada0-3b2f1cf07bce;DEBW_52210004yYT;WALL;203;0,14;21,24;3,46;0,12;5;1,05;DEBW_52210004yYT
UUID_d2af5f41-f7a6-45e3-bc9e-ce35cb39838a;DEBW_52210004yYT;WALL;203;0,14;31,76;5,17;0,12;5;1,05;DEBW_52210004yYT
UUID_6a1bc89f-881f-4bde-897e-41184cdfd8cd;DEBW_52210004yYT;WALL;203;0,14;21,03;3,42;0,12;5;1,05;DEBW_52210004yYT
UUID_c3282d89-d99f-42ce-a51b-4438c118e04f;DEBW_52210004yYT;WALL;203;0,14;31,94;5,20;0,12;5;1,05;DEBW_52210004yYT
UUID_3f7c97a0-eba9-4862-a9f3-a746ae6646db;DEBW_52210004yYT;GROUND;154;0,00;29,31;0,00;0,20;;;DEBW_52210004yYT
UUID_b810fa63-1a3f-43e9-bf8f-0b77d96b5e74;DEBW_52210004yYT;ROOF;98;0,00;29,31;0,00;0,09;5;1,05;DEBW_52210004yYT
UUID_c3e7aff6-f13d-4646-b472-26497744e91f;DEBW_52210004bZV;GROUND;154;0,00;1,30;0,00;0,20;;;DEBW_52210004bZV
UUID_a57d44cb-275a-4cd9-b10a-c03c1decb22f;DEBW_52210004bZV;WALL;203;0,27;4,75;1,76;0,12;5;1,05;DEBW_52210004bZV
UUID_9142d254-af92-47c7-9df7-8666ecdf2141;DEBW_52210004bZV;ROOF;247;0,10;1,17;0,13;0,14;5;1,05;DEBW_52210004bZV
UUID_f179b4af-1339-4281-886e-9f897edb1283;DEBW_52210004bZV;WALL;203;0,27;10,66;3,94;0,12;5;1,05;DEBW_52210004bZV
UUID_eb2bb6a4-467b-4b53-a25e-d37a20f981b8;DEBW_52210004bZV;WALL;203;0,27;0,61;0,23;0,12;5;1,05;DEBW_52210004bZV
UUID_743f7cc5-b675-4aec-9610-3522ad096737;DEBW_52210004bZV;WALL;203;0,27;5,18;1,92;0,12;5;1,05;DEBW_52210004bZV
UUID_7235d447-9e1a-4b0c-ab6b-0d5ca59e9d16;DEBW_52210003u94;WALL;203;0,14;0,14;0,02;0,12;5;1,05;DEBW_52210003u94
UUID_cc3585d9-db6c-49ff-8fbc-5f196bb34b56;DEBW_52210003u94;WALL;203;0,14;27,34;4,45;0,12;5;1,05;DEBW_52210003u94
UUID_44977692-6e85-433b-93d1-346d76dfd048;DEBW_52210003u94;ROOF;247;0,10;5,91;0,66;0,14;5;1,05;DEBW_52210003u94
UUID_f0fd58c8-fb02-4a64-aad0-4cd3547faf76;DEBW_52210003u94;ROOF;247;0,10;14,11;1,57;0,14;5;1,05;DEBW_52210003u94
UUID_68eb71dc-a357-4aa4-9c05-388396ae9654;DEBW_52210003u94;GROUND;154;0,00;34,74;0,00;0,20;;;DEBW_52210003u94
UUID_74a39228-f835-4c23-ad62-2d083fcce11a;DEBW_52210003u94;ROOF;247;0,10;6,10;0,68;0,14;5;1,05;DEBW_52210003u94
UUID_1059c2a4-8dfe-4fdc-90da-b1bb7da94a8f;DEBW_52210003u94;WALL;203;0,14;20,29;3,30;0,12;5;1,05;DEBW_52210003u94
UUID_1289023a-f011-41be-810d-bba7693cb5f5;DEBW_52210003u94;ROOF;247;0,10;13,34;1,48;0,14;5;1,05;DEBW_52210003u94
UUID_6134b956-0fa8-448a-a03b-80c63da65f04;DEBW_52210003u94;WALL;203;0,14;0,22;0,04;0,12;5;1,05;DEBW_52210003u94
UUID_2e9bf9b1-4449-496f-81fa-83666bd35c5f;DEBW_52210003u94;WALL;203;0,14;20,57;3,35;0,12;5;1,05;DEBW_52210003u94
UUID_1eebe424-d3cb-47b8-a8fe-73bf41e9ed5b;DEBW_52210003u94;WALL;203;0,14;27,42;4,46;0,12;5;1,05;DEBW_52210003u94
UUID_8b4cb45d-5a63-4be2-90fc-a817c02c879f;DEBW_52210003u94;ROOF;247;0,10;0,04;0,00;0,14;5;1,05;DEBW_52210003u94
UUID_893a7a2a-592d-450d-a4ae-0f0a9c61d8ad;DEBW_52210003u94;ROOF;247;0,10;0,02;0,00;0,14;5;1,05;DEBW_52210003u94
UUID_20911c4d-37ed-4690-99f8-fc18bc730b42;DEBW_52210003qpi;WALL;203;0,18;71,69;15,74;0,12;5;1,05;DEBW_52210003qpi
UUID_a55b7520-285f-4658-b180-97b9e87ca028;DEBW_52210003qpi;GROUND;154;0,00;116,04;0,00;0,20;;;DEBW_52210003qpi
UUID_7c97be2a-7e11-4163-a265-fea64450a819;DEBW_52210003qpi;WALL;203;0,18;23,23;5,10;0,12;5;1,05;DEBW_52210003qpi
UUID_3e69f7a7-3d79-445c-b4f1-40d570715e02;DEBW_52210003qpi;WALL;203;0,18;28,78;6,32;0,12;5;1,05;DEBW_52210003qpi
UUID_8bd49857-2b5e-48b3-892b-7747be0f4686;DEBW_52210003qpi;WALL;203;0,18;65,01;14,27;0,12;5;1,05;DEBW_52210003qpi
UUID_a2a1c685-7c9e-41fb-8632-dfcc18a16ec6;DEBW_52210003qpi;WALL;203;0,18;23,55;5,17;0,12;5;1,05;DEBW_52210003qpi
UUID_644b77f6-8a9d-45ae-bf31-73fba5781a6b;DEBW_52210003qpi;WALL;203;0,18;26,64;5,85;0,12;5;1,05;DEBW_52210003qpi
UUID_2afa9424-11bc-4d30-a15a-14afe59b7a33;DEBW_52210003qpi;WALL;203;0,18;2,57;0,56;0,12;5;1,05;DEBW_52210003qpi
UUID_17aa392a-939d-4393-8513-fffa604bdeec;DEBW_52210003qpi;WALL;203;0,18;24,30;5,33;0,12;5;1,05;DEBW_52210003qpi
UUID_26186fd3-37d3-44fb-aaee-3fddbceb37eb;DEBW_52210003qpi;ROOF;247;0,10;33,54;3,73;0,14;5;1,05;DEBW_52210003qpi
UUID_fb782a12-2c3c-4998-939b-ac27d70560f4;DEBW_52210003qpi;WALL;203;0,18;24,16;5,30;0,12;5;1,05;DEBW_52210003qpi
UUID_f38bb0ac-fb6a-412c-a4c1-36d027c8c1fa;DEBW_52210003qpi;WALL;203;0,18;17,36;3,81;0,12;5;1,05;DEBW_52210003qpi
UUID_ce05be84-461d-43a4-9c4e-914816ee2efb;DEBW_52210003qpi;ROOF;247;0,10;0,01;0,00;0,14;5;1,05;DEBW_52210003qpi
UUID_11142f08-40db-42ae-a3e2-23956fa0a1a4;DEBW_52210003qpi;ROOF;247;0,10;66,28;7,36;0,14;5;1,05;DEBW_52210003qpi
UUID_e89af2a6-324d-453b-8bc7-88733d35df76;DEBW_52210003qpi;ROOF;247;0,10;18,97;2,11;0,14;5;1,05;DEBW_52210003qpi
UUID_11cebebc-45b6-4cb1-82f1-f60337b22970;DEBW_52210003qpi;WALL;203;0,18;26,33;5,78;0,12;5;1,05;DEBW_52210003qpi
UUID_1acb4413-6971-4fbe-8bbf-ce7a5fc44758;DEBW_52210003qpi;WALL;203;0,18;31,94;7,01;0,12;5;1,05;DEBW_52210003qpi
UUID_79cc975f-f492-47c9-aba3-86ef0a0d5dc0;DEBW_52210003qpi;WALL;203;0,18;23,24;5,10;0,12;5;1,05;DEBW_52210003qpi
UUID_8d82f016-c008-4d04-a987-314f83ab3176;DEBW_52210003qpi;WALL;203;0,18;16,95;3,72;0,12;5;1,05;DEBW_52210003qpi
UUID_e1b917de-2aba-4d96-91ce-8b72e493436b;DEBW_52210004ygI;ROOF;247;0,10;37,33;4,15;0,14;5;1,05;DEBW_52210004ygI
UUID_8e6f6e30-a6c5-4a23-b49b-8ed34ae4974d;DEBW_52210004ygI;WALL;203;0,14;7,41;1,21;0,12;5;1,05;DEBW_52210004ygI
UUID_4f547b56-3e55-41f4-a164-86a30040dde1;DEBW_52210004ygI;WALL;203;0,14;1,93;0,31;0,12;5;1,05;DEBW_52210004ygI
UUID_69e7168b-7821-459a-8068-e669d253175a;DEBW_52210004ygI;WALL;203;0,14;2,63;0,43;0,12;5;1,05;DEBW_52210004ygI
UUID_5e39b02c-2a5b-4cd8-af65-f316d5748f1d;DEBW_52210004ygI;WALL;203;0,14;6,87;1,12;0,12;5;1,05;DEBW_52210004ygI
UUID_ed0fdad2-31e4-41b0-a15f-25e842c4c033;DEBW_52210004ygI;GROUND;154;0,00;41,47;0,00;0,20;;;DEBW_52210004ygI
UUID_8ee4ad57-733d-43ec-b933-da9732a403cd;DEBW_52210004ygI;WALL;203;0,14;7,67;1,25;0,12;5;1,05;DEBW_52210004ygI
UUID_449d49f4-93f7-4a64-bb9b-81a715291b7a;DEBW_52210004ygI;WALL;203;0,14;13,20;2,15;0,12;5;1,05;DEBW_52210004ygI
UUID_1ea3e832-f239-497b-9fb8-a2fa2fafb73e;DEBW_52210004ygI;WALL;203;0,14;2,34;0,38;0,12;5;1,05;DEBW_52210004ygI
UUID_bf94204c-8d44-4454-90a7-ae57c1763bba;DEBW_52210004ygI;WALL;203;0,14;1,63;0,27;0,12;5;1,05;DEBW_52210004ygI
UUID_824288f1-6f51-4903-8dfc-e3eb1f6f005d;DEBW_52210004ygI;WALL;203;0,14;6,56;1,07;0,12;5;1,05;DEBW_52210004ygI
UUID_5ee73255-e5a0-4047-b0e2-1612b52ee5ce;DEBW_52210004bkK;WALL;203;0,27;7,72;2,85;0,12;5;1,05;DEBW_52210004bkK
UUID_dca8b21b-f9f7-43ca-acad-491cceabad4f;DEBW_52210004bkK;ROOF;247;0,10;16,83;1,87;0,14;5;1,05;DEBW_52210004bkK
UUID_a29ccf7f-2860-49a6-8516-741b430544f9;DEBW_52210004bkK;WALL;203;0,27;7,96;2,95;0,12;5;1,05;DEBW_52210004bkK
UUID_e96478b4-b940-41a1-9261-3f3ef9dd8877;DEBW_52210004bkK;WALL;203;0,27;0,00;0,00;0,12;5;1,05;DEBW_52210004bkK
UUID_c238460e-5441-40ac-9fcf-6ea984e316df;DEBW_52210004bkK;WALL;203;0,27;0,00;0,00;0,12;5;1,05;DEBW_52210004bkK
UUID_bca30689-0adc-45bb-af90-51f6ecfe06a2;DEBW_52210004bkK;WALL;203;0,27;8,00;2,96;0,12;5;1,05;DEBW_52210004bkK
UUID_15be7ba7-d69e-4b94-97d7-520243a18cc9;DEBW_52210004bkK;GROUND;154;0,00;18,68;0,00;0,20;;;DEBW_52210004bkK
UUID_1aa2acf0-1d9e-4996-94d9-483073e6b4a0;DEBW_52210004bkK;WALL;203;0,27;20,51;7,58;0,12;5;1,05;DEBW_52210004bkK
UUID_fd498057-19c6-4cea-be99-7980a473a2a1;DEBW_52210003uBM;WALL;203;0,18;42,87;9,41;0,12;5;1,05;DEBW_52210003uBM
UUID_71d57d0d-e8db-4ec5-bbef-33bbcbae7813;DEBW_52210003uBM;WALL;203;0,18;3,26;0,71;0,12;5;1,05;DEBW_52210003uBM
UUID_797b3699-f7be-453a-b649-64170fdea94d;DEBW_52210003uBM;WALL;203;0,18;14,09;3,09;0,12;5;1,05;DEBW_52210003uBM
UUID_b81efd8c-c545-4588-b48e-ac6e9fed52ae;DEBW_52210003uBM;ROOF;247;0,10;91,09;10,12;0,14;5;1,05;DEBW_52210003uBM
UUID_260e1373-6a3e-47f8-a15d-e6087e6ff666;DEBW_52210003uBM;WALL;203;0,18;50,52;11,09;0,12;5;1,05;DEBW_52210003uBM
UUID_792b8883-8af6-4262-8914-4a4a3b536d22;DEBW_52210003uBM;WALL;203;0,18;15,80;3,47;0,12;5;1,05;DEBW_52210003uBM
UUID_4aebccbc-768d-48ec-9116-044084846565;DEBW_52210003uBM;WALL;203;0,18;2,93;0,64;0,12;5;1,05;DEBW_52210003uBM
UUID_de6175e0-1819-4a4d-ab15-faebb634fa0f;DEBW_52210003uBM;WALL;203;0,18;22,67;4,98;0,12;5;1,05;DEBW_52210003uBM
UUID_223afed9-14fd-4428-9e80-fdbd9a279148;DEBW_52210003uBM;WALL;203;0,18;2,76;0,61;0,12;5;1,05;DEBW_52210003uBM
UUID_89b3f44e-4418-4d36-874b-f819c7c0a7fe;DEBW_52210003uBM;WALL;203;0,18;31,62;6,94;0,12;5;1,05;DEBW_52210003uBM
UUID_029fb217-144a-4c9f-9145-07020a67431c;DEBW_52210003uBM;ROOF;247;0,10;0,90;0,10;0,14;5;1,05;DEBW_52210003uBM
UUID_0c8ece8b-b648-450a-9d12-9d6e6185fe84;DEBW_52210003uBM;WALL;203;0,18;17,20;3,78;0,12;5;1,05;DEBW_52210003uBM
UUID_85f6640f-576b-4219-bb14-fdcf324d6733;DEBW_52210003uBM;WALL;203;0,18;2,92;0,64;0,12;5;1,05;DEBW_52210003uBM
UUID_38fb6d2f-3320-4a46-934d-2e8a24bf838f;DEBW_52210003uBM;WALL;203;0,18;9,66;2,12;0,12;5;1,05;DEBW_52210003uBM
UUID_0cb52930-5b5a-4dae-bcc3-f1ebf8b85a10;DEBW_52210003uBM;WALL;203;0,18;56,59;12,42;0,12;5;1,05;DEBW_52210003uBM
UUID_1a5d3ee5-ead2-4ef7-a185-46d47b30c768;DEBW_52210003uBM;ROOF;247;0,10;89,85;9,98;0,14;5;1,05;DEBW_52210003uBM
UUID_7930cbfe-8f46-4791-bf88-336969c48ac5;DEBW_52210003uBM;WALL;203;0,18;24,26;5,33;0,12;5;1,05;DEBW_52210003uBM
UUID_a3e32651-aef8-4d11-907d-d353bfbf7565;DEBW_52210003uBM;WALL;203;0,18;64,27;14,11;0,12;5;1,05;DEBW_52210003uBM
UUID_9ff30c4a-5e80-4bea-b8e3-ee82239122dd;DEBW_52210003uBM;WALL;203;0,18;3,04;0,67;0,12;5;1,05;DEBW_52210003uBM
UUID_cd7ffae6-b1de-4ad0-9aab-f30fb3c43534;DEBW_52210003uBM;GROUND;154;0,00;183,88;0,00;0,20;;;DEBW_52210003uBM
UUID_0949bb90-8e64-4493-8719-1694b95e870c;DEBW_52210003uBM;WALL;203;0,18;52,19;11,46;0,12;5;1,05;DEBW_52210003uBM
UUID_ee9ff1d0-bd2f-4f57-891d-7b319dbd6ef3;DEBW_52210003uBM;WALL;203;0,18;11,52;2,53;0,12;5;1,05;DEBW_52210003uBM
UUID_477b9a79-af34-4592-a399-54d956c126b0;DEBW_52210003uBM;WALL;203;0,18;15,10;3,31;0,12;5;1,05;DEBW_52210003uBM
UUID_570659d4-9216-4d9e-9608-b8c145cd2c18;DEBW_52210003uBM;WALL;203;0,18;5,23;1,15;0,12;5;1,05;DEBW_52210003uBM
UUID_4854c20f-8ba9-40c9-8985-570263ec9a23;DEBW_52210004ygz;WALL;203;0,27;2,22;0,82;0,12;5;1,05;DEBW_52210004ygz
UUID_c162f402-bb27-4c4f-bf8e-704c41af19c4;DEBW_52210004ygz;GROUND;154;0,00;21,43;0,00;0,20;;;DEBW_52210004ygz
UUID_799816bd-1fcd-41bd-a54e-a722e84a3ca5;DEBW_52210004ygz;ROOF;247;0,10;19,35;2,15;0,14;5;1,05;DEBW_52210004ygz
UUID_bc6ace1e-b6de-45a1-8c52-8c7a89ba19b8;DEBW_52210004ygz;WALL;203;0,27;13,94;5,15;0,12;5;1,05;DEBW_52210004ygz
UUID_557b56f6-35d9-4834-ac1a-1ce6e799c8ab;DEBW_52210004ygz;WALL;203;0,27;0,00;0,00;0,12;5;1,05;DEBW_52210004ygz
UUID_a65105c8-49a9-47ee-b642-c05ddfe17921;DEBW_52210004ygz;WALL;203;0,27;4,35;1,61;0,12;5;1,05;DEBW_52210004ygz
UUID_29599a1b-2fa4-4260-b97d-babced4b07bd;DEBW_52210004ygz;WALL;203;0,27;1,37;0,51;0,12;5;1,05;DEBW_52210004ygz
UUID_c830795f-a8c7-4db7-ac74-93ff3f333c6d;DEBW_52210004ygz;WALL;203;0,27;13,65;5,05;0,12;5;1,05;DEBW_52210004ygz
UUID_4eee1be5-d8d6-46b2-8f1a-0a648b2d8bb2;DEBW_52210003uKC;WALL;203;0,27;35,05;12,96;0,12;5;1,05;DEBW_52210003uKC
UUID_fe5559d2-7b99-49ef-892d-138a69820fef;DEBW_52210003uKC;WALL;203;0,27;0,04;0,02;0,12;5;1,05;DEBW_52210003uKC
UUID_851075bb-ce26-4246-9238-86773c7d079f;DEBW_52210003uKC;ROOF;247;0,10;9,27;1,03;0,14;5;1,05;DEBW_52210003uKC
UUID_3311f43d-9959-49cd-986f-0097a6718d88;DEBW_52210003uKC;GROUND;154;0,00;7,56;0,00;0,20;;;DEBW_52210003uKC
UUID_42043a67-94eb-44a0-9419-6217d396b030;DEBW_52210003uKC;WALL;203;0,27;6,88;2,54;0,12;5;1,05;DEBW_52210003uKC
UUID_f2285efb-5af5-494c-85f3-11c0496518ed;DEBW_52210003uKC;WALL;203;0,27;0,23;0,09;0,12;5;1,05;DEBW_52210003uKC
UUID_b1a11b23-672e-42f5-8b06-fe898a640e69;DEBW_52210003qta;ROOF;247;0,10;29,74;3,30;0,14;5;1,05;DEBW_52210003qta
UUID_93517169-de5c-4c0f-8b3d-cab9f35e82d0;DEBW_52210003qta;WALL;203;0,18;1,76;0,39;0,12;5;1,05;DEBW_52210003qta
UUID_6cff14ac-056f-4422-89a5-19cee95d9125;DEBW_52210003qta;WALL;203;0,18;20,71;4,55;0,12;5;1,05;DEBW_52210003qta
UUID_9a82c923-9981-4f2c-a488-ae8990468304;DEBW_52210003qta;ROOF;247;0,10;18,75;2,08;0,14;5;1,05;DEBW_52210003qta
UUID_383d787b-513e-4157-bf6d-3e061c9a2b43;DEBW_52210003qta;WALL;203;0,18;10,40;2,28;0,12;5;1,05;DEBW_52210003qta
UUID_e86b4165-3bbf-4afc-8798-ad69e81395c0;DEBW_52210003qta;WALL;203;0,18;20,03;4,40;0,12;5;1,05;DEBW_52210003qta
UUID_e2b594c0-292b-478e-ad65-4c9498059b45;DEBW_52210003qta;WALL;203;0,18;3,62;0,79;0,12;5;1,05;DEBW_52210003qta
UUID_2ca07478-f0ea-45cf-82e7-3338cfb0d1a0;DEBW_52210003qta;WALL;203;0,18;1,04;0,23;0,12;5;1,05;DEBW_52210003qta
UUID_f50c55e5-7931-4036-b62c-67dab8b489f8;DEBW_52210003qta;WALL;203;0,18;2,43;0,53;0,12;5;1,05;DEBW_52210003qta
UUID_25d0f56e-b94a-4f5b-895f-dc40ed1322e9;DEBW_52210003qta;WALL;203;0,18;56,48;12,40;0,12;5;1,05;DEBW_52210003qta
UUID_1a0319a9-6418-477e-8bfc-40e921d3a0e7;DEBW_52210003qta;ROOF;247;0,10;22,11;2,46;0,14;5;1,05;DEBW_52210003qta
UUID_7083574f-4c98-4806-9162-a36249de2126;DEBW_52210003qta;WALL;203;0,18;10,00;2,19;0,12;5;1,05;DEBW_52210003qta
UUID_c390d9ab-a742-44fd-97eb-8bf445a8d8aa;DEBW_52210003qta;WALL;203;0,18;9,88;2,17;0,12;5;1,05;DEBW_52210003qta
UUID_ef0dafdc-b4f9-446f-8fef-2e5a7ad419c0;DEBW_52210003qta;WALL;203;0,18;0,14;0,03;0,12;5;1,05;DEBW_52210003qta
UUID_4e0454c5-0b57-4ec6-83cd-19197c52910d;DEBW_52210003qta;GROUND;154;0,00;79,41;0,00;0,20;;;DEBW_52210003qta
UUID_e9ac8f37-ea7b-40fc-b25b-04e1e56e99e6;DEBW_52210003qta;WALL;203;0,18;6,30;1,38;0,12;5;1,05;DEBW_52210003qta
UUID_d5b9afbc-79d5-4356-a347-ccf94b6bf780;DEBW_52210003qta;WALL;203;0,18;20,13;4,42;0,12;5;1,05;DEBW_52210003qta
UUID_673608ef-d774-4eb9-ab99-5eb80d7b5e94;DEBW_52210003qta;WALL;203;0,18;15,92;3,49;0,12;5;1,05;DEBW_52210003qta
UUID_0b3b953d-0123-48da-8bfd-3ef55ac3d0ff;DEBW_52210003qta;ROOF;247;0,10;29,30;3,26;0,14;5;1,05;DEBW_52210003qta
UUID_0976ccb5-35b8-4d61-95e7-abf7ba43b9bd;DEBW_52210003qta;WALL;203;0,18;0,40;0,09;0,12;5;1,05;DEBW_52210003qta
UUID_dbb90c54-1049-44bd-afe3-c9e25b9d0f5c;DEBW_52210003qta;WALL;203;0,18;7,35;1,61;0,12;5;1,05;DEBW_52210003qta
UUID_9c45adb5-c036-4923-b1e0-6650effa35e8;DEBW_52210003qta;WALL;203;0,18;28,08;6,16;0,12;5;1,05;DEBW_52210003qta
UUID_f7440aba-f6b1-46b1-ac94-f3e2cb528935;DEBW_52210003uQC;WALL;203;0,27;17,24;6,38;0,12;5;1,05;DEBW_52210003uQC
UUID_04a3c1f5-d65b-4de2-bf1a-d294884841f8;DEBW_52210003uQC;GROUND;154;0,00;21,84;0,00;0,20;;;DEBW_52210003uQC
UUID_75112b24-69e5-46fb-b297-7cb7e68fb941;DEBW_52210003uQC;WALL;203;0,27;0,00;0,00;0,12;5;1,05;DEBW_52210003uQC
UUID_f7c504e4-ecb6-4834-a39e-e377631fcb5f;DEBW_52210003uQC;WALL;203;0,27;7,22;2,67;0,12;5;1,05;DEBW_52210003uQC
UUID_532edf09-e4d4-453e-82ee-f0f30d69ed57;DEBW_52210003uQC;WALL;203;0,27;7,27;2,69;0,12;5;1,05;DEBW_52210003uQC
UUID_1c89ebb9-cfff-41ce-8375-1cc677edae8e;DEBW_52210003uQC;ROOF;247;0,10;19,66;2,18;0,14;5;1,05;DEBW_52210003uQC
UUID_fc3dfe9c-394d-4562-95f7-dbd5c71dc27b;DEBW_52210004ylt;WALL;203;0,18;4,01;0,88;0,12;5;1,05;DEBW_52210004ylt
UUID_e4fec825-efbb-4788-b237-0c7f9479ad04;DEBW_52210004ylt;WALL;203;0,18;35,15;7,72;0,12;5;1,05;DEBW_52210004ylt
UUID_a015cc82-5c02-4b5f-810b-e99d8939eaea;DEBW_52210004ylt;GROUND;154;0,00;142,92;0,00;0,20;;;DEBW_52210004ylt
UUID_567bccb7-db75-4c06-8695-7085ee8e47c1;DEBW_52210004ylt;WALL;203;0,18;87,10;19,12;0,12;5;1,05;DEBW_52210004ylt
UUID_0f8311c8-f54e-4f29-9456-8258fa41ea21;DEBW_52210004ylt;ROOF;247;0,10;82,08;9,12;0,14;5;1,05;DEBW_52210004ylt
UUID_6538086c-85ed-42e5-9ac2-05a566277f64;DEBW_52210004ylt;ROOF;247;0,10;84,80;9,42;0,14;5;1,05;DEBW_52210004ylt
UUID_f66e7f22-ddf1-43ca-b4df-f0939fc8f03e;DEBW_52210004ylt;WALL;203;0,18;27,95;6,14;0,12;5;1,05;DEBW_52210004ylt
UUID_f351f6ce-e747-435a-87e0-58a3efe1c38b;DEBW_52210004ylt;WALL;203;0,18;0,45;0,10;0,12;5;1,05;DEBW_52210004ylt
UUID_0d9b7f45-314c-4459-82d2-e57c50804553;DEBW_52210004ylt;WALL;203;0,18;87,46;19,20;0,12;5;1,05;DEBW_52210004ylt
UUID_308b0d87-5171-4a86-a0a7-bc00daf3583e;DEBW_52210004ylt;WALL;203;0,18;1,81;0,40;0,12;5;1,05;DEBW_52210004ylt
UUID_485ceb59-de1c-4d36-8f9c-77ed1c1a7018;DEBW_52210004ylt;WALL;203;0,18;14,08;3,09;0,12;5;1,05;DEBW_52210004ylt
UUID_d3bf716b-d5ea-4ece-bfd7-e251642c595d;DEBW_52210004ylt;WALL;203;0,18;55,85;12,26;0,12;5;1,05;DEBW_52210004ylt
UUID_5ba273ef-2809-4af6-9c07-e409e74a9387;DEBW_52210004ylt;WALL;203;0,18;41,14;9,03;0,12;5;1,05;DEBW_52210004ylt
UUID_fb9e7c02-4a9c-425d-9ebb-5cc43ee83f0f;DEBW_52210004ylt;WALL;203;0,18;2,25;0,49;0,12;5;1,05;DEBW_52210004ylt
UUID_a7de52cc-48ef-4398-a617-7ac8cd7dbcfb;DEBW_52210003uZg;ROOF;247;0,10;68,64;7,63;0,14;5;1,05;DEBW_52210003uZg
UUID_dbcd42d2-e8e3-4c56-8314-aaa85b9504f3;DEBW_52210003uZg;ROOF;247;0,10;62,16;6,91;0,14;5;1,05;DEBW_52210003uZg
UUID_77e4bd08-49ee-4a35-a477-bc0d95d9f45e;DEBW_52210003uZg;WALL;203;0,18;24,08;5,29;0,12;5;1,05;DEBW_52210003uZg
UUID_dc4fae0f-943d-4ed2-8936-20e35d50884b;DEBW_52210003uZg;WALL;203;0,18;24,58;5,40;0,12;5;1,05;DEBW_52210003uZg
UUID_3bd0f3e2-df89-41a3-9d79-1b09ffa95e5d;DEBW_52210003uZg;WALL;203;0,18;10,09;2,21;0,12;5;1,05;DEBW_52210003uZg
UUID_1c3478e7-be89-4421-9972-f137451d3274;DEBW_52210003uZg;WALL;203;0,18;33,10;7,27;0,12;5;1,05;DEBW_52210003uZg
UUID_ae22e407-2be8-480b-a7ba-9f3fdf6bdceb;DEBW_52210003uZg;WALL;203;0,18;27,34;6,00;0,12;5;1,05;DEBW_52210003uZg
UUID_0a747e84-3125-4b5f-b2a9-c0abe2ffd137;DEBW_52210003uZg;WALL;203;0,18;2,79;0,61;0,12;5;1,05;DEBW_52210003uZg
UUID_d594fee9-1f89-41c5-a91d-2851da303135;DEBW_52210003uZg;WALL;203;0,18;51,06;11,21;0,12;5;1,05;DEBW_52210003uZg
UUID_c4d0b1ce-313a-4a20-b481-38e8ecec4529;DEBW_52210003uZg;WALL;203;0,18;12,97;2,85;0,12;5;1,05;DEBW_52210003uZg
UUID_546e6cbe-c9d7-47b8-af7d-157f7d2208f8;DEBW_52210003uZg;GROUND;154;0,00;109,90;0,00;0,20;;;DEBW_52210003uZg
UUID_1743481e-7105-4d23-8afa-db6bc40a29da;DEBW_52210003uZg;WALL;203;0,18;46,84;10,28;0,12;5;1,05;DEBW_52210003uZg
UUID_fa922e55-28b2-4322-8cbf-888b239bb6db;DEBW_52210003uZg;WALL;203;0,18;70,06;15,38;0,12;5;1,05;DEBW_52210003uZg
UUID_7e2ce8d3-4e91-49d8-b1b1-1f677cb0c37a;DEBW_52210004yr8;WALL;203;0,18;29,73;6,53;0,12;5;1,05;DEBW_52210004yr8
UUID_5d123048-b799-4f3a-a1eb-5620340b63f7;DEBW_52210004yr8;WALL;203;0,18;0,31;0,07;0,12;5;1,05;DEBW_52210004yr8
UUID_b064a1f8-2ab6-4623-8727-6b93974edb75;DEBW_52210004yr8;GROUND;154;0,00;73,84;0,00;0,20;;;DEBW_52210004yr8
UUID_b1b765ce-dab7-4ba0-b4c1-e0aaf195f40f;DEBW_52210004yr8;WALL;203;0,18;63,48;13,93;0,12;5;1,05;DEBW_52210004yr8
UUID_7d7ae4ff-ab40-4a52-8ff3-48ee6d0b1ad8;DEBW_52210004yr8;WALL;203;0,18;49,80;10,93;0,12;5;1,05;DEBW_52210004yr8
UUID_579df19a-1add-42b9-832c-007044644f74;DEBW_52210004yr8;WALL;203;0,18;60,53;13,29;0,12;5;1,05;DEBW_52210004yr8
UUID_ae7fbc5e-e095-4f0e-8175-3b82e093fe91;DEBW_52210004yr8;ROOF;247;0,10;0,18;0,02;0,14;5;1,05;DEBW_52210004yr8
UUID_a719c668-bbb1-47cf-9e55-aed359932765;DEBW_52210004yr8;ROOF;247;0,10;39,61;4,40;0,14;5;1,05;DEBW_52210004yr8
UUID_742ee51d-4cfc-4c1f-8a55-26078acf9205;DEBW_52210004yr8;WALL;203;0,18;31,94;7,01;0,12;5;1,05;DEBW_52210004yr8
UUID_22753018-18ce-4894-af44-494b3ff76da6;DEBW_52210004yr8;ROOF;247;0,10;14,76;1,64;0,14;5;1,05;DEBW_52210004yr8
UUID_1eecdc5e-38ff-4a22-98ff-48f8b424a09a;DEBW_52210004yr8;ROOF;247;0,10;38,53;4,28;0,14;5;1,05;DEBW_52210004yr8
UUID_0765af56-468f-4624-bc42-3fefac2872a4;DEBW_52210004yr8;WALL;203;0,18;0,80;0,18;0,12;5;1,05;DEBW_52210004yr8
UUID_484dc262-c42f-4c1c-8eb9-765562046f68;DEBW_52210003qwF;WALL;203;0,18;8,43;1,85;0,12;5;1,05;DEBW_52210003qwF
UUID_6912df8b-4901-4150-86ae-4f5545834dab;DEBW_52210003qwF;WALL;203;0,18;3,45;0,76;0,12;5;1,05;DEBW_52210003qwF
UUID_c2b790ef-6f09-4d81-bad1-36c5d4faf847;DEBW_52210003qwF;ROOF;247;0,10;53,40;5,93;0,14;5;1,05;DEBW_52210003qwF
UUID_fdcd7f37-a3da-4e20-89aa-29f250f5ad56;DEBW_52210003qwF;WALL;203;0,18;34,74;7,63;0,12;5;1,05;DEBW_52210003qwF
UUID_9ba06cfc-30e8-4529-8d85-7f17cea2b2ed;DEBW_52210003qwF;WALL;203;0,18;34,69;7,61;0,12;5;1,05;DEBW_52210003qwF
UUID_c8b7ab78-cb83-428c-862e-34179d01179e;DEBW_52210003qwF;ROOF;247;0,10;0,19;0,02;0,14;5;1,05;DEBW_52210003qwF
UUID_e51cbd49-2431-48e5-8b33-e456b9563d5e;DEBW_52210003qwF;WALL;203;0,18;14,61;3,21;0,12;5;1,05;DEBW_52210003qwF
UUID_8b7a95d6-61ab-47d1-9ff7-decd73387e28;DEBW_52210003qwF;ROOF;247;0,10;57,19;6,35;0,14;5;1,05;DEBW_52210003qwF
UUID_c6699117-9abd-45f3-b580-17a849ea1359;DEBW_52210003qwF;WALL;203;0,18;29,54;6,49;0,12;5;1,05;DEBW_52210003qwF
UUID_2f4928f9-10a7-4dc7-add4-f2811b5e2999;DEBW_52210003qwF;WALL;203;0,18;55,12;12,10;0,12;5;1,05;DEBW_52210003qwF
UUID_943bcf04-c33e-4f52-ae88-8bb439e69362;DEBW_52210003qwF;GROUND;154;0,00;92,94;0,00;0,20;;;DEBW_52210003qwF
UUID_40e0458d-9cc7-49d2-be20-4c77dd5f1808;DEBW_52210003qwF;WALL;203;0,18;9,78;2,15;0,12;5;1,05;DEBW_52210003qwF
UUID_cce31ea5-027b-4484-b86d-cb1e4dddd80b;DEBW_52210003qwF;WALL;203;0,18;16,87;3,70;0,12;5;1,05;DEBW_52210003qwF
UUID_94e1fdec-fe4a-4fbf-83fd-326114c14827;DEBW_52210003qwF;WALL;203;0,18;0,46;0,10;0,12;5;1,05;DEBW_52210003qwF
UUID_5314f49c-9beb-46dc-91c8-e0f7d162f331;DEBW_52210003qwF;WALL;203;0,18;15,94;3,50;0,12;5;1,05;DEBW_52210003qwF
UUID_03aaa45c-57c5-4729-9861-8cdd90c681e9;DEBW_52210004z2V;ROOF;104;0,00;18,53;0,00;0,09;5;1,05;DEBW_52210004z2V
UUID_3ade3ba3-9c9f-44f8-a354-417d72e2dc05;DEBW_52210004z2V;WALL;203;0,27;6,47;2,39;0,12;5;1,05;DEBW_52210004z2V
UUID_f0416099-f3d3-4a57-ba25-6b892d0dbe19;DEBW_52210004z2V;WALL;203;0,27;0,13;0,05;0,12;5;1,05;DEBW_52210004z2V
UUID_a9ab0601-bd4a-4f83-9ea5-8e94865bb07d;DEBW_52210004z2V;WALL;203;0,27;7,53;2,79;0,12;5;1,05;DEBW_52210004z2V
UUID_363db161-2a41-4d6c-8437-ce94617ddd0e;DEBW_52210004z2V;WALL;203;0,27;0,03;0,01;0,12;5;1,05;DEBW_52210004z2V
UUID_aefb4915-e0ef-46dc-a63c-251c6b5c880c;DEBW_52210004z2V;WALL;203;0,27;0,22;0,08;0,12;5;1,05;DEBW_52210004z2V
UUID_1293f41e-4cb6-40e3-b499-23a122150db2;DEBW_52210004z2V;WALL;203;0,27;2,41;0,89;0,12;5;1,05;DEBW_52210004z2V
UUID_099e7e0b-12a3-4b5d-91a5-3cde3be076c2;DEBW_52210004z2V;WALL;203;0,27;1,01;0,37;0,12;5;1,05;DEBW_52210004z2V
UUID_d6c7b426-0726-4308-bce0-56c612765a96;DEBW_52210004z2V;GROUND;154;0,00;18,53;0,00;0,20;;;DEBW_52210004z2V
UUID_7043feb1-e29c-4ab0-81d6-24ae58c0b55b;DEBW_52210003tQY;ROOF;247;0,10;23,23;2,58;0,14;5;1,05;DEBW_52210003tQY
UUID_37ac0933-e787-4660-a667-69e5ca92d420;DEBW_52210003tQY;WALL;203;0,18;1,31;0,29;0,12;5;1,05;DEBW_52210003tQY
UUID_e7e0a840-20fa-4eb8-83e3-2bc75059ed87;DEBW_52210003tQY;WALL;203;0,18;56,43;12,39;0,12;5;1,05;DEBW_52210003tQY
UUID_bbc81f5e-bcde-4aef-aa65-d7e25e8a9c5d;DEBW_52210003tQY;WALL;203;0,18;0,60;0,13;0,12;5;1,05;DEBW_52210003tQY
UUID_d8558b3b-31c5-4b19-8d63-0691ff335baa;DEBW_52210003tQY;ROOF;247;0,10;0,87;0,10;0,14;5;1,05;DEBW_52210003tQY
UUID_c85c7987-723d-4b1c-a97d-6c5d1e428b46;DEBW_52210003tQY;WALL;203;0,18;1,17;0,26;0,12;5;1,05;DEBW_52210003tQY
UUID_f03b4553-841a-4ea3-b490-fb50964d85be;DEBW_52210003tQY;ROOF;247;0,10;0,46;0,05;0,14;5;1,05;DEBW_52210003tQY
UUID_8ed31b2f-ad00-4aa9-855e-42c7115da60f;DEBW_52210003tQY;WALL;203;0,18;0,60;0,13;0,12;5;1,05;DEBW_52210003tQY
UUID_971c4041-31fe-42a2-8cb8-9aeec6dae4e1;DEBW_52210003tQY;WALL;203;0,18;85,20;18,70;0,12;5;1,05;DEBW_52210003tQY
UUID_822b9aac-3cae-45e8-9550-ff1fbe20c519;DEBW_52210003tQY;ROOF;247;0,10;23,47;2,61;0,14;5;1,05;DEBW_52210003tQY
UUID_f310fde0-0790-433e-964f-fe4d5482146d;DEBW_52210003tQY;ROOF;247;0,10;63,18;7,02;0,14;5;1,05;DEBW_52210003tQY
UUID_36534bc6-feeb-43e0-81cf-367c29cc917e;DEBW_52210003tQY;WALL;203;0,18;0,32;0,07;0,12;5;1,05;DEBW_52210003tQY
UUID_9c92b0cb-eb6e-47c7-85d7-32206486a181;DEBW_52210003tQY;WALL;203;0,18;18,10;3,97;0,12;5;1,05;DEBW_52210003tQY
UUID_b65fa76a-680b-4da3-8d67-8b469227f9a8;DEBW_52210003tQY;GROUND;154;0,00;141,08;0,00;0,20;;;DEBW_52210003tQY
UUID_03b3f8ad-0078-4a10-bb58-e4895f89182a;DEBW_52210003tQY;WALL;203;0,18;6,08;1,34;0,12;5;1,05;DEBW_52210003tQY
UUID_547491a7-6aa7-42fa-8f8f-1b2b4f5024ca;DEBW_52210003tQY;WALL;203;0,18;2,44;0,54;0,12;5;1,05;DEBW_52210003tQY
UUID_8ef278fd-e3f5-4ea3-a0f0-f63fcf60eb46;DEBW_52210003tQY;WALL;203;0,18;0,92;0,20;0,12;5;1,05;DEBW_52210003tQY
UUID_b1814ad3-d6fa-47f4-a330-1d4dfc774e50;DEBW_52210003tQY;WALL;203;0,18;28,77;6,32;0,12;5;1,05;DEBW_52210003tQY
UUID_78dbb22d-bd5c-4b21-8ca2-7ef38097fbc3;DEBW_52210003tQY;WALL;203;0,18;6,60;1,45;0,12;5;1,05;DEBW_52210003tQY
UUID_52ae1aac-9e92-4c11-b3b0-df2a44bf807d;DEBW_52210003tQY;WALL;203;0,18;62,24;13,66;0,12;5;1,05;DEBW_52210003tQY
UUID_ae89c9a5-6de2-48c6-b524-c3f2e3ee38fc;DEBW_52210003tQY;ROOF;247;0,10;66,33;7,37;0,14;5;1,05;DEBW_52210003tQY
UUID_a58da266-18d2-43ac-8b0c-26ea19496565;DEBW_52210003qzL;WALL;203;0,27;0,00;0,00;0,12;5;1,05;DEBW_52210003qzL
UUID_d08ef1b6-a13e-4cc0-a6b6-e48578178f55;DEBW_52210003qzL;WALL;203;0,27;17,94;6,63;0,12;5;1,05;DEBW_52210003qzL
UUID_2a4a9ac0-8e38-488a-b40e-c5a0f7c20a97;DEBW_52210003qzL;WALL;203;0,27;0,00;0,00;0,12;5;1,05;DEBW_52210003qzL
UUID_2c9ef564-c722-4eef-81f7-a61800501dfd;DEBW_52210003qzL;WALL;203;0,27;17,91;6,63;0,12;5;1,05;DEBW_52210003qzL
UUID_b7df0110-f39b-45f4-9c73-f0d76ed2d04a;DEBW_52210003qzL;GROUND;154;0,00;26,67;0,00;0,20;;;DEBW_52210003qzL
UUID_ff3ccb16-310f-41b4-a6a2-455f5157efb0;DEBW_52210003qzL;ROOF;104;0,00;26,67;0,00;0,09;5;1,05;DEBW_52210003qzL
