Tzone_luft,Q_heiz,Q_kuehl,Q_soltr
°C,kWh,kWh,kWh
19.399778174976856,0.0,0.0,0.0
18.973625463647224,0.0,0.0,0.0
19.026989400708775,0.0,0.0,0.0
18.918337244297007,0.0,0.0,0.0
18.888296210936737,0.0,0.0,0.0
18.81698833250801,0.0,0.0,0.0
18.7494767599258,0.0,0.0,0.0
19.355589506095924,1.4649836597476356,0.0,0.0
20.0,1.9798243007521277,0.0,0.03884164631116172
20.0,1.8102773618810815,0.0,0.21362904099202054
20.0,1.6961519462159453,0.0,0.29131233361434394
20.0,1.6711030847567032,0.0,0.22916570500423275
20.0,1.6401961388085733,0.0,0.2408181961537075
20.0,1.661367807758361,0.0,0.22528153214149527
20.0,1.7260652842749147,0.0,0.17478740840022777
20.0,1.822604050475412,0.0,0.09710411577790432
20.0,1.9289628131733965,0.0,0.011652492864395845
20.0,1.9816890372439877,0.0,0.0
20.0,1.9985387410672977,0.0,0.0
20.0,1.9808299622728132,0.0,0.0
20.0,1.9542763236748901,0.0,0.0
20.0,1.9308901596213157,0.0,0.0
20.0,1.9382669949292821,0.0,0.0
20.0,1.9865356253723037,0.0,0.0
19.054239872959997,0.0,0.0,0.0
18.38396927557434,0.0,0.0,0.0
18.460994002719747,0.0,0.0,0.0
18.276316079549392,0.0,0.0,0.0
18.224170539415375,0.0,0.0,0.0
18.129833320495187,0.0,0.0,0.0
18.052913229264398,0.0,0.0,0.0
19.002198968740597,2.2534924228508233,0.0,0.0
20.0,3.0445476336331274,0.0,0.02330498572879169
20.0,2.874671257103279,0.0,0.11652493893348519
20.0,2.751530425870312,0.0,0.18643988583033352
20.0,2.649202513615746,0.0,0.22916570500423275
20.0,2.5741534068515706,0.0,0.24470234157770712
20.0,2.5315205651074453,0.0,0.22528153214149527
20.0,2.517774660328052,0.0,0.17478740840022777
20.0,2.530182490781509,0.0,0.10098827492127291
20.0,2.573604058770312,0.0,0.015536657152527791
20.0,2.591334263284128,0.0,0.0
20.0,2.597585209935383,0.0,0.0
20.0,2.6034781521447523,0.0,0.0
20.0,2.6201655560867785,0.0,0.0
20.0,2.6442533919641815,0.0,0.0
20.0,2.683612703321794,0.0,0.0
20.0,2.7410015459343735,0.0,0.0
18.701277545233193,0.0,0.0,0.0
17.777363161693682,0.0,0.0,0.0
17.873078938901745,0.0,0.0,0.0
17.612055952587383,0.0,0.0,0.0
17.53289186207937,0.0,0.0,0.0
17.38426950938709,0.0,0.0,0.0
17.265928632088684,0.0,0.0,0.0
18.59948835463484,3.139196513433999,0.0,0.0
20.0,4.04879544407996,0.0,0.31615023822029403
20.0,3.0457243012982187,0.0,1.6295816657477968
20.0,2.850841943954195,0.0,1.076578669396052
20.0,2.8651209862925473,0.0,0.5770759281748263
20.0,2.8904673173669613,0.0,0.34587662873401814
20.0,2.6261332589996407,0.0,0.6036903234107373
20.0,2.2292964323346034,0.0,1.2525640901922288
20.0,2.126737833390006,0.0,1.3431149463270253
20.0,2.7485553275335324,0.0,0.02330498572879169
20.0,2.8514422675297424,0.0,0.0
20.0,2.888740999809961,0.0,0.0
20.0,2.9060904534614624,0.0,0.0
20.0,2.934931479564879,0.0,0.0
20.0,2.9749606923673126,0.0,0.0
20.0,3.0371586699025888,0.0,0.0
20.0,3.105256795807484,0.0,0.0
18.528782900843993,0.0,0.0,0.0
17.48558412766689,0.0,0.0,0.0
17.604125091688392,0.0,0.0,0.0
17.31253794066546,0.0,0.0,0.0
17.224120353415863,0.0,0.0,0.0
17.068187915213908,0.0,0.0,0.0
16.949462334622424,0.0,0.0,0.0
18.440180697024413,3.4864531842419737,0.0,0.0
20.0,4.380203440387794,0.0,0.5967418322483298
20.0,3.5323110512261335,0.0,1.5216524155600666
20.0,3.29782264568484,0.0,1.1068286866425296
20.0,3.3986641511412174,0.0,0.48461055127377684
20.0,3.3984577690805113,0.0,0.32450563962916024
20.0,3.107266408706103,0.0,0.5737539788636908
20.0,2.6341737851757916,0.0,1.25880098549544
20.0,2.4035587816959985,0.0,1.4861942875222836
20.0,2.826349926904295,0.0,0.4795259834364633
20.0,3.136614508952973,0.0,0.0
20.0,3.2481617886320198,0.0,0.0
20.0,3.3451171231356014,0.0,0.0
20.0,3.4261287638763314,0.0,0.0
20.0,3.4982862607652754,0.0,0.0
20.0,3.537161228190105,0.0,0.0
20.0,3.564489294676621,0.0,0.0
18.334563151058525,0.0,0.0,0.0
17.15745612101778,0.0,0.0,0.0
17.275418732353632,0.0,0.0,0.0
16.917788311034062,0.0,0.0,0.0
16.819384829166466,0.0,0.0,0.0
16.681982474172706,0.0,0.0,0.0
16.608653410699766,0.0,0.0,0.0
18.28079321705384,3.7920375213048425,0.0,0.0
20.0,5.044585221845877,0.0,0.06603079461316425
20.0,4.50697105142359,0.0,0.4940470532404043
20.0,4.255259421770719,0.0,0.5077347499364115
20.0,4.08979104269764,0.0,0.482364033422823
20.0,4.019579751763231,0.0,0.4029170010561435
20.0,3.8417096495534904,0.0,0.5256094154539024
20.0,3.738388029079029,0.0,0.6122767499029191
20.0,3.865664855406107,0.0,0.27965981502613135
20.0,3.9906459724604626,0.0,0.04272580888437255
20.0,4.015877329775532,0.0,0.0
20.0,4.012231817368706,0.0,0.0
20.0,4.022597642105829,0.0,0.0
20.0,4.051346531959482,0.0,0.0
20.0,4.0799962744264,0.0,0.0
20.0,4.0854268785372785,0.0,0.0
20.0,4.0771311843550215,0.0,0.0
18.118671955373742,0.0,0.0,0.0
16.827307220439128,0.0,0.0,0.0
17.03175410953672,0.0,0.0,0.0
16.69558155462829,0.0,0.0,0.0
16.63489765030845,0.0,0.0,0.0
16.501778660109363,0.0,0.0,0.0
16.43130234085173,0.0,0.0,0.0
18.19195862089386,3.963684532944373,0.0,0.0
20.0,5.2335947003975,0.0,0.02718915173184476
20.0,4.803423643370188,0.0,0.11652493893348519
20.0,4.479621475229044,0.0,0.19032405869307104
20.0,4.235517948629462,0.0,0.23304987786697037
20.0,4.054617601090034,0.0,0.24858651444044466
20.0,3.946509617370611,0.0,0.23304987786697037
20.0,3.908051583760761,0.0,0.18255574040633388
20.0,3.8970399897567,0.0,0.10875660006769458
20.0,3.8768281787647076,0.0,0.01942082315558086
20.0,3.809847067259333,0.0,0.0
20.0,3.730502441379948,0.0,0.0
20.0,3.6660475639633416,0.0,0.0
20.0,3.6395160927121872,0.0,0.0
20.0,3.618997785043854,0.0,0.0
20.0,3.589563420689778,0.0,0.0
20.0,3.5482710856242434,0.0,0.0
18.376031344940813,0.0,0.0,0.0
17.272038610711643,0.0,0.0,0.0
17.466416012249503,0.0,0.0,0.0
17.191336356797624,0.0,0.0,0.0
17.150783235379613,0.0,0.0,0.0
17.034870715397123,0.0,0.0,0.0
16.96363971860838,0.0,0.0,0.0
18.45862462827192,3.392380686603768,0.0,0.0
20.0,4.503295017332219,0.0,0.027189150016923645
20.0,4.162364525270935,0.0,0.11652493893348519
20.0,3.849267015386552,0.0,0.29908065190108113
20.0,3.6294102987244052,0.0,0.36899565367540543
20.0,3.5406149019345965,0.0,0.25247068730318223
20.0,3.3798219017139,0.0,0.36511148081266775
20.0,3.3255705700599596,0.0,0.32238566163876853
20.0,3.3398715492838207,0.0,0.19420823155580863
20.0,3.3932408931853324,0.0,0.03495747687826642
20.0,3.4004803988119154,0.0,0.0
20.0,3.3778075739222304,0.0,0.0
20.0,3.313616729631604,0.0,0.0
20.0,3.2433056537453617,0.0,0.0
20.0,3.1746743299607543,0.0,0.0
20.0,3.1263775786054446,0.0,0.0
20.0,3.109760518698846,0.0,0.0
18.565068962441007,0.0,0.0,0.0
17.584319256093206,0.0,0.0,0.0
17.758257215916235,0.0,0.0,0.0
17.528911311945233,0.0,0.0,0.0
17.50719291969495,0.0,0.0,0.0
17.422652465072524,0.0,0.0,0.0
17.37924587914077,0.0,0.0,0.0
18.673881944081998,2.924012991294779,0.0,0.0
20.0,3.882833087496716,0.0,0.027189150016923645
20.0,3.5907081989520275,0.0,0.12040909807685375
20.0,3.315467090747075,0.0,0.29908065190108113
20.0,3.0954474304957613,0.0,0.41560559083456633
20.0,2.9459149778266873,0.0,0.4389105731335158
20.0,2.8603210827202887,0.0,0.4078372725478292
20.0,2.8518927914758794,0.0,0.29131233361434394
20.0,2.897427595111561,0.0,0.11264076607074763
20.0,2.8986477299088356,0.0,0.01942082315558086
20.0,2.844201363267162,0.0,0.0
20.0,2.78240071988684,0.0,0.0
20.0,2.7761756510825215,0.0,0.0
20.0,2.7943730493303236,0.0,0.0
20.0,2.814581575191639,0.0,0.0
20.0,2.8013111469597467,0.0,0.0
20.0,2.7394687875585157,0.0,0.0
18.763311617573954,0.0,0.0,0.0
17.939882964297624,0.0,0.0,0.0
18.10213546110641,0.0,0.0,0.0
17.88180785020747,0.0,0.0,0.0
17.832824186787914,0.0,0.0,0.0
17.72520529114324,0.0,0.0,0.0
17.65295082897179,0.0,0.0,0.0
18.804325988791735,2.6452811027651637,0.0,0.0
20.0,3.4924212667875287,0.0,0.050494137460636454
20.0,3.184788024825805,0.0,0.19032405869307104
20.0,3.0134407520475923,0.0,0.19420823155580863
20.0,2.8555704032410802,0.0,0.2408181961537075
20.0,2.741117526516965,0.0,0.25247068730318223
20.0,2.6626322839601926,0.0,0.23693402329096994
20.0,2.6173733586346497,0.0,0.19032405869307104
20.0,2.610689556426312,0.0,0.11652493893348519
20.0,2.6378045496202924,0.0,0.02330498572879169
20.0,2.6434737951694114,0.0,0.0
20.0,2.6281764730011004,0.0,0.0
20.0,2.6062943161702505,0.0,0.0
20.0,2.57908180701666,0.0,0.0
20.0,2.5492981353939665,0.0,0.0
20.0,2.5315548547502758,0.0,0.0
20.0,2.525750957818325,0.0,0.0
18.831090689206455,0.0,0.0,0.0
18.0319005480428,0.0,0.0,0.0
18.166847311146256,0.0,0.0,0.0
17.968593193981178,0.0,0.0,0.0
17.939711182988756,0.0,0.0,0.0
17.856077522351168,0.0,0.0,0.0
17.805471479648283,0.0,0.0,0.0
18.886549398614605,2.4378060068636356,0.0,0.0
20.0,3.2196399573346652,0.0,0.027189150016923645
20.0,2.940981832916602,0.0,0.12040909807685375
20.0,2.7326309255515255,0.0,0.19420823155580863
20.0,2.569419618280113,0.0,0.2408181961537075
20.0,2.4475294754248655,0.0,0.25635486016591985
20.0,2.376211151349432,0.0,0.2408181961537075
20.0,2.3450856502276616,0.0,0.19032405869307104
20.0,2.3517565140942556,0.0,0.11652493893348519
20.0,2.383325498072445,0.0,0.02330498572879169
20.0,2.388797977835218,0.0,0.0
20.0,2.3835032339732183,0.0,0.0
20.0,2.3871405108464794,0.0,0.0
20.0,2.401916315552161,0.0,0.0
20.0,2.420976576287479,0.0,0.0
20.0,2.4355511978485604,0.0,0.0
20.0,2.445726131819117,0.0,0.0
18.85957620249465,0.0,0.0,0.0
18.058105121191943,0.0,0.0,0.0
18.149890000356052,0.0,0.0,0.0
17.91696290288241,0.0,0.0,0.0
17.870014594522424,0.0,0.0,0.0
17.799662258099207,0.0,0.0,0.0
17.767469722975104,0.0,0.0,0.0
18.87222023817467,2.472793939979189,0.0,0.0
20.0,3.29371140291709,0.0,0.050494137460636454
20.0,3.029810240145388,0.0,0.19420823155580863
20.0,2.88135236151054,0.0,0.19809237697980822
20.0,2.734879124532906,0.0,0.24470234157770712
20.0,2.625134550803826,0.0,0.25635486016591985
20.0,2.55556091889735,0.0,0.2408181961537075
20.0,2.546096324981473,0.0,0.19420823155580863
20.0,2.5886670595501506,0.0,0.12040909807685375
20.0,2.672288650672231,0.0,0.027189150016923645
20.0,2.748023502071891,0.0,0.0
20.0,2.8093085231124215,0.0,0.0
20.0,2.8529485828822687,0.0,0.0
20.0,2.877748077475577,0.0,0.0
20.0,2.8750470966707105,0.0,0.0
20.0,2.8531202255894783,0.0,0.0
20.0,2.817226885935242,0.0,0.0
18.706591192522755,0.0,0.0,0.0
17.801005540933147,0.0,0.0,0.0
17.89226738561051,0.0,0.0,0.0
17.596334529192582,0.0,0.0,0.0
17.4878331108211,0.0,0.0,0.0
17.33431366146943,0.0,0.0,0.0
17.23183563910434,0.0,0.0,0.0
18.586873596463544,3.146494685917456,0.0,0.0
20.0,4.182119595949553,0.0,0.05437830003384729
20.0,3.8286804025119068,0.0,0.23693402329096994
20.0,3.5608407928327748,0.0,0.34957481680045555
20.0,3.15110774707113,0.0,0.7057691509346697
20.0,3.154202783493844,0.0,0.41433129468736996
20.0,2.957394808969313,0.0,0.5438167581289144
20.0,2.5660879683391573,0.0,1.1180564029763018
20.0,2.9668089154961166,0.0,0.23304987786697037
20.0,3.151166305637881,0.0,0.05437830003384729
20.0,3.272160762127387,0.0,0.0
20.0,3.355111015435371,0.0,0.0
20.0,3.430876140828582,0.0,0.0
20.0,3.504557845791108,0.0,0.0
20.0,3.566228079628377,0.0,0.0
20.0,3.616124183207422,0.0,0.0
20.0,3.6640930599475623,0.0,0.0
18.281960981359525,0.0,0.0,0.0
17.08254703837172,0.0,0.0,0.0
17.235656684552836,0.0,0.0,0.0
16.89440266462514,0.0,0.0,0.0
16.788319308797675,0.0,0.0,0.0
16.59943879293197,0.0,0.0,0.0
16.465064171874012,0.0,0.0,0.0
18.194612650655216,3.9934716791699367,0.0,0.0
20.0,5.267807801123224,0.0,0.050494137460636454
20.0,4.771510898398208,0.0,0.2408181961537075
20.0,4.437755043899564,0.0,0.35345898966319306
20.0,4.187729094988681,0.0,0.4311422274080407
20.0,4.02341180829552,0.0,0.4117214179718288
20.0,3.963665967963,0.0,0.24470234157770712
20.0,3.873984578385482,0.0,0.19809237697980822
20.0,3.8224603198641045,0.0,0.12429325722022233
20.0,3.8301095397270224,0.0,0.031073314305055583
20.0,3.8414634603845963,0.0,0.0
20.0,3.8575478322060692,0.0,0.0
20.0,3.876483896381566,0.0,0.0
20.0,3.8907198217438177,0.0,0.0
20.0,3.893590097685261,0.0,0.0
20.0,3.881974847951327,0.0,0.0
20.0,3.853270211767279,0.0,0.0
18.228000947195152,0.0,0.0,0.0
17.018870651082278,0.0,0.0,0.0
17.222831891447655,0.0,0.0,0.0
16.91226895659235,0.0,0.0,0.0
16.853373328584563,0.0,0.0,0.0
16.71360780908366,0.0,0.0,0.0
16.626287994185276,0.0,0.0,0.0
18.28574674465436,3.7795363084379074,0.0,0.0
20.0,5.0038773279088975,0.0,0.03107331773489783
20.0,4.6069452904656645,0.0,0.12817743008295993
20.0,4.315083232432193,0.0,0.20197654984254582
20.0,4.084933318990322,0.0,0.24858651444044466
20.0,3.892405961920198,0.0,0.264123178452657
20.0,3.7359143097231975,0.0,0.24858651444044466
20.0,3.612694678864047,0.0,0.20197654984254582
20.0,3.511539747270225,0.0,0.12817743008295993
20.0,3.4123442602372878,0.0,0.031073314305055583
20.0,3.2873887656449527,0.0,0.0
20.0,3.148913487465486,0.0,0.0
20.0,3.0412287610598048,0.0,0.0
20.0,2.957210462529102,0.0,0.0
20.0,2.9103769396211043,0.0,0.0
20.0,2.8771615419900867,0.0,0.0
20.0,2.8473622771251152,0.0,0.0
18.687979257396925,0.0,0.0,0.0
17.784553357620055,0.0,0.0,0.0
17.924424058340357,0.0,0.0,0.0
17.689493826594994,0.0,0.0,0.0
17.643676373854753,0.0,0.0,0.0
17.54554523112398,0.0,0.0,0.0
17.489401834835082,0.0,0.0,0.0
18.725889109088087,2.805434256325744,0.0,0.0
20.0,3.7062988760052717,0.0,0.05826246260705811
20.0,3.3624143879414783,0.0,0.2369339958522321
20.0,3.0740622913830316,0.0,0.38064806250866634
20.0,2.846518956000178,0.0,0.4427946636800396
20.0,2.696367315264288,0.0,0.419489708819828
20.0,2.6805283842884737,0.0,0.25247065986444434
20.0,2.677337967907806,0.0,0.20586069526654546
20.0,2.7215379053536246,0.0,0.12817740264422198
20.0,2.786948069540077,0.0,0.034957473448424176
20.0,2.8226742164844554,0.0,0.0
20.0,2.793859083339048,0.0,0.0
20.0,2.6622281912851515,0.0,0.0
20.0,2.456749027903829,0.0,0.0
20.0,2.2491017352014184,0.0,0.0
20.0,2.1055519949871004,0.0,0.0
20.0,2.052501814670306,0.0,0.0
19.047765106147786,0.0,0.0,0.0
18.37968624099245,0.0,0.0,0.0
18.455770858285685,0.0,0.0,0.0
18.250878563204775,0.0,0.0,0.0
18.161191184622815,0.0,0.0,0.0
18.013594703186104,0.0,0.0,0.0
17.89367508071594,0.0,0.0,0.0
18.9142427223889,2.4357362042459862,0.0,0.0
20.0,3.206173619648705,0.0,0.06991495375653284
20.0,2.898205098778554,0.0,0.22916570500423275
20.0,2.7285056352950936,0.0,0.2058607089859144
20.0,2.5695670989482617,0.0,0.25247068730318223
20.0,2.44996333837531,0.0,0.26800735131539455
20.0,2.3989429936252256,0.0,0.25247068730318223
20.0,2.386649383535486,0.0,0.2058607089859144
20.0,2.3975002011964373,0.0,0.1320615892263285
20.0,2.3951767275281113,0.0,0.03495747687826642
20.0,2.3617189316207643,0.0,0.0
20.0,2.3192219017692373,0.0,0.0
20.0,2.3366878153366675,0.0,0.0
20.0,2.4145611245057,0.0,0.0
20.0,2.5127174930222425,0.0,0.0
20.0,2.608946182670358,0.0,0.0
20.0,2.6570219703441964,0.0,0.0
18.75107036196803,0.0,0.0,0.0
17.87250479434166,0.0,0.0,0.0
17.978236333104963,0.0,0.0,0.0
17.736085367362026,0.0,0.0,0.0
17.68165572062302,0.0,0.0,0.0
17.587133698201505,0.0,0.0,0.0
17.534619248819723,0.0,0.0,0.0
18.749857804610546,2.7570343327166724,0.0,0.0
20.0,3.6698004278616523,0.0,0.03495747687826642
20.0,3.417853188849945,0.0,0.1320615892263285
20.0,3.202143893697325,0.0,0.326269834501506
20.0,3.044477174995603,0.0,0.44667891885899086
20.0,2.966396116433663,0.0,0.4272580819840411
20.0,2.974341775514703,0.0,0.25635486016591985
20.0,2.91785436555917,0.0,0.20974488184865195
20.0,2.868135102742995,0.0,0.13594576208906606
20.0,2.8230881271684645,0.0,0.062146628610111165
20.0,2.7831934848473527,0.0,0.0
20.0,2.7445501380579094,0.0,0.0
20.0,2.745685847201635,0.0,0.0
20.0,2.774423859744315,0.0,0.0
20.0,2.802706582733663,0.0,0.0
20.0,2.802044674967126,0.0,0.0
20.0,2.750743790092917,0.0,0.0
18.75330631824557,0.0,0.0,0.0
17.914555354860276,0.0,0.0,0.0
18.07008670002773,0.0,0.0,0.0
17.849818656345974,0.0,0.0,0.0
17.79553934863721,0.0,0.0,0.0
17.676222411686936,0.0,0.0,0.0
17.59502650127946,0.0,0.0,0.0
18.773362445296783,2.7039882214299804,0.0,0.0
20.0,3.5642920148974695,0.0,0.03884164631116172
20.0,3.2569958301569892,0.0,0.13594576208906606
20.0,3.0391216813634268,0.0,0.20974488184865195
20.0,2.8974191257668362,0.0,0.25635486016591985
20.0,2.812348675335266,0.0,0.27577566960213173
20.0,2.793139407400676,0.0,0.26023903302865736
20.0,2.814343315667898,0.0,0.21362904099202054
20.0,2.8472845688754993,0.0,0.13982990751306568
20.0,2.860853516493573,0.0,0.04272580888437255
20.0,2.8337488048881965,0.0,0.0
20.0,2.7820595749593644,0.0,0.0
20.0,2.735810433075417,0.0,0.0
20.0,2.723553283218943,0.0,0.0
20.0,2.7045958634467713,0.0,0.0
20.0,2.6823304708222953,0.0,0.0
20.0,2.6647055660957673,0.0,0.0
18.772778108770968,0.0,0.0,0.0
17.93151724408855,0.0,0.0,0.0
18.06802520174232,0.0,0.0,0.0
17.84821388589932,0.0,0.0,0.0
17.79822437832224,0.0,0.0,0.0
17.6888467646069,0.0,0.0,0.0
17.609346025819363,0.0,0.0,0.0
18.77979582006012,2.687725146577933,0.0,0.0
20.0,3.55024418622472,0.0,0.05847155950939137
20.0,3.273020790991771,0.0,0.13626894926367825
20.0,3.0725063614300514,0.0,0.21413691831158455
20.0,2.9229909228593813,0.0,0.2608577216913186
20.0,2.7982211238876658,0.0,0.27643126336729784
20.0,2.691380412906243,0.0,0.2608577216913186
20.0,2.6073625452546305,0.0,0.21803031059026381
20.0,2.5663193218664833,0.0,0.14016232782298857
20.0,2.582673549612737,0.0,0.04282738366231691
20.0,2.6312629546249893,0.0,0.0
20.0,2.666366795527437,0.0,0.0
20.0,2.695539355976127,0.0,0.0
20.0,2.7087121279379223,0.0,0.0
20.0,2.7171387868647674,0.0,0.0
20.0,2.739291031521077,0.0,0.0
20.0,2.7716047798607906,0.0,0.0
18.700824821069702,0.0,0.0,0.0
17.796984734301965,0.0,0.0,0.0
17.92559671931628,0.0,0.0,0.0
17.691354129971153,0.0,0.0,0.0
17.645080604491163,0.0,0.0,0.0
17.543704567723054,0.0,0.0,0.0
17.480262913898827,0.0,0.0,0.0
18.7197216267798,2.831170600500417,0.0,0.0
20.0,3.757247203382956,0.0,0.03884164631116172
20.0,3.45992083156985,0.0,0.13982990751306568
20.0,3.2256231495849677,0.0,0.21362904099202054
20.0,3.025143446340185,0.0,0.264123178452657
20.0,2.874776279801218,0.0,0.27965981502613135
20.0,2.8220284030866845,0.0,0.264123178452657
20.0,2.840289734546855,0.0,0.21751320013538916
20.0,2.8863062860817363,0.0,0.14371408037580322
20.0,2.923194837825326,0.0,0.04660997145758338
20.0,2.9118335461340434,0.0,0.0
20.0,2.881685275932444,0.0,0.0
20.0,2.908395391072287,0.0,0.0
20.0,2.9990894268273323,0.0,0.0
20.0,3.1020025783941105,0.0,0.0
20.0,3.1972643280340223,0.0,0.0
20.0,3.2621438063405526,0.0,0.0
18.465247874527574,0.0,0.0,0.0
17.389926032972717,0.0,0.0,0.0
17.521610225325496,0.0,0.0,0.0
17.21735034114491,0.0,0.0,0.0
17.13209701870981,0.0,0.0,0.0
16.9771920613564,0.0,0.0,0.0
16.863387769237807,0.0,0.0,0.0
18.397874452326658,3.5740552510973225,0.0,0.0
20.0,4.268525047686837,0.0,1.0055072103239968
20.0,3.396026041936145,0.0,1.8545418090224557
20.0,3.4443092149507475,0.0,0.8754184994921451
20.0,3.3424620855106895,0.0,0.6297829317342077
20.0,3.3107568595618795,0.0,0.4655172193234125
20.0,3.0219995819519356,0.0,0.6675435637924008
20.0,2.668148089273883,0.0,1.1160906998585178
20.0,2.3474388085520816,0.0,1.569406557733131
20.0,2.510686427064825,0.0,1.0868624002385363
20.0,3.091879353633873,0.0,0.0
20.0,3.2585268773392775,0.0,0.0
20.0,3.3434862806394565,0.0,0.0
20.0,3.3930119884338312,0.0,0.0
20.0,3.429749683622164,0.0,0.0
20.0,3.4704862743903098,0.0,0.0
20.0,3.5378472520065647,0.0,0.0
18.330049480012732,0.0,0.0,0.0
17.154520199998444,0.0,0.0,0.0
17.296414332955827,0.0,0.0,0.0
16.968634795947253,0.0,0.0,0.0
16.871625581151545,0.0,0.0,0.0
16.695437536241815,0.0,0.0,0.0
16.567526406349216,0.0,0.0,0.0
18.247023268281808,3.8777321679112116,0.0,0.0
20.0,5.106038529264818,0.0,0.06991495375653284
20.0,4.5661166092462775,0.0,0.33637554637369993
20.0,4.206782914584846,0.0,0.4117214179718288
20.0,3.938142540698665,0.0,0.42385195942882403
20.0,3.7173632892165105,0.0,0.45092615960135407
20.0,3.5419682337331566,0.0,0.5216596132609234
20.0,3.251354567274506,0.0,0.8961488497162189
20.0,3.386430685742291,0.0,0.4979635764481698
20.0,3.5285911513328188,0.0,0.19171495433959118
20.0,3.6235309849764517,0.0,0.0
20.0,3.630282950108756,0.0,0.0
20.0,3.6442249427134406,0.0,0.0
20.0,3.665420618981807,0.0,0.0
20.0,3.683599288140112,0.0,0.0
20.0,3.686926747642865,0.0,0.0
20.0,3.663973788666303,0.0,0.0
18.315402405408935,0.0,0.0,0.0
17.162721634695167,0.0,0.0,0.0
17.351917252083304,0.0,0.0,0.0
17.05289676723129,0.0,0.0,0.0
16.994412045074746,0.0,0.0,0.0
16.86257391654626,0.0,0.0,0.0
16.778214344898956,0.0,0.0,0.0
18.361753728993225,3.6339219010618153,0.0,0.0
20.0,4.837803643084965,0.0,0.04660997145758338
20.0,4.49471743476573,0.0,0.14759825323854078
20.0,4.235824843864385,0.0,0.22139737299812665
20.0,4.010355895676128,0.0,0.2718915241781321
20.0,3.832938126461829,0.0,0.28742816075160643
20.0,3.7098375749268353,0.0,0.27577566960213173
20.0,3.65900355799734,0.0,0.22916570500423275
20.0,3.6546614911091053,0.0,0.1553665852446469
20.0,3.6874717889977746,0.0,0.05437830003384729
20.0,3.7100249515677084,0.0,0.0
20.0,3.688156236765709,0.0,0.0
20.0,3.6281275356207576,0.0,0.0
20.0,3.5382385903755975,0.0,0.0
20.0,3.4410403065085444,0.0,0.0
20.0,3.348995208658905,0.0,0.0
20.0,3.283019323418848,0.0,0.0
18.502856167215327,0.0,0.0,0.0
17.4885850827341,0.0,0.0,0.0
17.674365609684692,0.0,0.0,0.0
17.425278188456687,0.0,0.0,0.0
17.389230139253126,0.0,0.0,0.0
17.28523291134695,0.0,0.0,0.0
17.221581400880375,0.0,0.0,0.0
18.588937134495783,3.1294444114834508,0.0,0.0
20.0,4.169047466909792,0.0,0.04660997145758338
20.0,3.886731312441512,0.0,0.14759825323854078
20.0,3.684715653431663,0.0,0.22528153214149527
20.0,3.537979036760072,0.0,0.27577566960213173
20.0,3.42789055759468,0.0,0.29131233361434394
20.0,3.2610636846739522,0.0,0.4350264002707783
20.0,3.1815598919735364,0.0,0.40395309968509163
20.0,3.182678666149974,0.0,0.2718915241781321
20.0,3.2252933293609627,0.0,0.11652493893348519
20.0,3.273923836917901,0.0,0.0
20.0,3.2879607662235744,0.0,0.0
20.0,3.3120437183438076,0.0,0.0
20.0,3.3401630365231947,0.0,0.0
20.0,3.362082472341159,0.0,0.0
20.0,3.358733875578198,0.0,0.0
20.0,3.341237047641528,0.0,0.0
18.460237434955964,0.0,0.0,0.0
17.403627703684112,0.0,0.0,0.0
17.559150537292822,0.0,0.0,0.0
17.25963775128574,0.0,0.0,0.0
17.179920837055974,0.0,0.0,0.0
17.02975022651253,0.0,0.0,0.0
16.927819470384854,0.0,0.0,0.0
18.434112598207232,3.469955141445575,0.0,0.0
20.0,4.116431835964912,0.0,0.9866550316855717
20.0,3.2443250509286896,0.0,1.8068236178497359
20.0,2.9482567850791543,0.0,1.4719569890073623
20.0,3.042515077379794,0.0,0.7643430547063912
20.0,3.127244532256057,0.0,0.43565788233467195
20.0,2.8122904407702785,0.0,0.7093230435942296
20.0,2.446655669842706,0.0,1.0945499809044144
20.0,1.885258908936327,0.0,1.9192607768070158
20.0,1.9130700547527522,0.0,1.5436222937184996
20.0,2.7033383652100667,0.0,0.0
20.0,2.931973044281209,0.0,0.0
20.0,3.0899179817605664,0.0,0.0
20.0,3.183731485997228,0.0,0.0
20.0,3.2555870604195256,0.0,0.0
20.0,3.3245196234449073,0.0,0.0
20.0,3.3950069110753085,0.0,0.0
18.393714737420684,0.0,0.0,0.0
17.264963267358276,0.0,0.0,0.0
17.399476663402563,0.0,0.0,0.0
17.07644845917319,0.0,0.0,0.0
16.975171707189673,0.0,0.0,0.0
16.7884378966618,0.0,0.0,0.0
16.63668636692219,0.0,0.0,0.0
18.275199851741846,3.87922076174037,0.0,0.0
20.0,4.661523915300406,0.0,1.0813342100611345
20.0,3.7450527544019456,0.0,1.9600567352939688
20.0,3.626751845906935,0.0,1.2295612777784293
20.0,3.5990043590859,0.0,0.7480232365660233
20.0,3.6409700534839793,0.0,0.42783813187136255
20.0,3.2780329785684685,0.0,0.7496899628923851
20.0,2.8150754893167482,0.0,1.3102800407518136
20.0,2.3749461067027493,0.0,1.9053588936399573
20.0,2.439629329205903,0.0,1.5122798896419405
20.0,3.2082060802953976,0.0,0.0
20.0,3.4085409745276976,0.0,0.0
20.0,3.5333243782298247,0.0,0.0
20.0,3.597564982161655,0.0,0.0
20.0,3.6427196799977213,0.0,0.0
20.0,3.6874143712218452,0.0,0.0
20.0,3.7488609664631887,0.0,0.0
18.23107073798398,0.0,0.0,0.0
16.97861679377136,0.0,0.0,0.0
17.107954873420162,0.0,0.0,0.0
16.732432661658343,0.0,0.0,0.0
16.604014119949124,0.0,0.0,0.0
16.40457903251629,0.0,0.0,0.0
16.269866146157955,0.0,0.0,0.0
18.09727738956523,4.2173726557291475,0.0,0.0
20.0,4.907290953280115,0.0,1.3493532337335798
20.0,4.072247779033391,0.0,1.819637604423423
20.0,3.919058455264126,0.0,1.1618253682797668
20.0,3.87802975623393,0.0,0.7336727268422036
20.0,3.9515371573577918,0.0,0.4148566066586975
20.0,3.6494449985884825,0.0,0.6926875935981004
20.0,3.1532004008996997,0.0,1.3646621879084073
20.0,2.9230769997693113,0.0,1.5914986639527884
20.0,2.980629250179449,0.0,1.3437504858841491
20.0,3.7093896803061135,0.0,0.0
20.0,3.9272898094415156,0.0,0.0
20.0,4.05892037141786,0.0,0.0
20.0,4.103389886132976,0.0,0.0
20.0,4.128417974209046,0.0,0.0
20.0,4.173155411754519,0.0,0.0
20.0,4.24394061445151,0.0,0.0
18.00044201626018,0.0,0.0,0.0
16.597542136589233,0.0,0.0,0.0
16.775682950261057,0.0,0.0,0.0
16.390168569701665,0.0,0.0,0.0
16.27102608670959,0.0,0.0,0.0
16.05944034693993,0.03420941135449134,0.0,0.0
16.0,0.26250170120186844,0.0,0.0
18.0,4.777495307485612,0.0,0.0
20.0,5.455377902772929,0.0,1.4831520234337565
20.0,4.543759687702307,0.0,2.0022263308127766
20.0,4.2704288562546004,0.0,1.430206344156695
20.0,4.367212561371077,0.0,0.6624182524013512
20.0,4.361301043319456,0.0,0.4640446718683702
20.0,4.0857712803294755,0.0,0.6128083319976632
20.0,3.645050367096903,0.0,1.138690800361118
20.0,3.0472370770699895,0.0,2.0094704847165366
20.0,2.9668653054517033,0.0,1.8103510614383205
20.0,3.830174888312112,0.0,0.0
20.0,4.052168458460453,0.0,0.0
20.0,4.216792598594013,0.0,0.0
20.0,4.349622720579452,0.0,0.0
20.0,4.459013870381338,0.0,0.0
20.0,4.533635785129437,0.0,0.0
20.0,4.567416447240741,0.0,0.0
18.0,0.27649523250475694,0.0,0.0
16.48013756690726,0.0,0.0,0.0
16.579064169790858,0.0,0.0,0.0
16.204442622282407,0.0,0.0,0.0
16.10551601939881,0.06851231145878653,0.0,0.0
16.0,0.23210266973127242,0.0,0.0
16.0,0.4562705578028949,0.0,0.0
18.0,4.950049455914834,0.0,0.0
20.0,6.380009197786866,0.0,0.10875660006769458
20.0,5.883757088166264,0.0,0.28354398788886886
20.0,5.568335094366994,0.0,0.2408181961537075
20.0,5.256145835329355,0.0,0.29131233361434394
20.0,4.997175754467753,0.0,0.3068489976265563
20.0,4.816574913901156,0.0,0.29519650647708157
20.0,4.726305235724406,0.0,0.24858651444044466
20.0,4.706724817941286,0.0,0.17478740840022777
20.0,4.735249697694154,0.0,0.07768329262232344
20.0,4.7646913351200615,0.0,0.0
20.0,4.744252239018581,0.0,0.0
20.0,4.694886440791273,0.0,0.0
20.0,4.627934931000183,0.0,0.0
20.0,4.5588956841341695,0.0,0.0
20.0,4.509635930574869,0.0,0.0
20.0,4.491229608476594,0.0,0.0
18.0,0.15961166793786913,0.0,0.0
16.566693231051214,0.0,0.0,0.0
16.76767994650337,0.0,0.0,0.0
16.459361413230642,0.0,0.0,0.0
16.41440709364844,0.0,0.0,0.0
16.27762114315988,0.0,0.0,0.0
16.18049106658263,0.0,0.0,0.0
18.058902319292702,4.294979968689303,0.0,0.0
20.0,5.699729091934302,0.0,0.062146628610111165
20.0,5.2765714762447,0.0,0.163134917250753
20.0,4.968175480134394,0.0,0.24470234157770712
20.0,4.707867533713167,0.0,0.29131233361434394
20.0,4.482274324474112,0.0,0.3107331704892938
20.0,4.295990479643168,0.0,0.29908065190108113
20.0,4.1536104797669315,0.0,0.25247068730318223
20.0,4.063585559514783,0.0,0.17867156754359637
20.0,4.0311151754603385,0.0,0.07768329262232344
20.0,4.034728275004745,0.0,0.0
20.0,4.010333829422217,0.0,0.0
20.0,3.9736472704716213,0.0,0.0
20.0,3.9312334650586775,0.0,0.0
20.0,3.888329571902213,0.0,0.0
20.0,3.8508233944809276,0.0,0.0
20.0,3.843863994679123,0.0,0.0
18.218209210189816,0.0,0.0,0.0
16.986766767114496,0.0,0.0,0.0
17.170897472935263,0.0,0.0,0.0
16.846895493179847,0.0,0.0,0.0
16.77827713003327,0.0,0.0,0.0
16.635149409942557,0.0,0.0,0.0
16.551387580416062,0.0,0.0,0.0
18.24995972333751,3.8147480971736107,0.0,0.0
20.0,4.995367705788998,0.0,0.06603078775347977
20.0,4.544829455869734,0.0,0.1670190763941216
20.0,4.226270094954687,0.0,0.24470234157770712
20.0,3.9977126131976384,0.0,0.29519650647708157
20.0,3.83884415541191,0.0,0.31461734335203134
20.0,3.727564738755892,0.0,0.3029648247638187
20.0,3.5776222931220234,0.0,0.40006892682235407
20.0,3.529688754414965,0.0,0.31461734335203134
20.0,3.576167886558477,0.0,0.14759825323854078
20.0,3.6355014184649512,0.0,0.003884164288131948
20.0,3.641342409211033,0.0,0.0
20.0,3.6299373223681886,0.0,0.0
20.0,3.6064758059125754,0.0,0.0
20.0,3.579524786366528,0.0,0.0
20.0,3.574946716362214,0.0,0.0
20.0,3.5939257564839178,0.0,0.0
18.322534899394036,0.0,0.0,0.0
17.155489829805642,0.0,0.0,0.0
17.316561662783286,0.0,0.0,0.0
16.997773528363037,0.0,0.0,0.0
16.90616142510317,0.0,0.0,0.0
16.72523195959564,0.0,0.0,0.0
16.58537566056138,0.0,0.0,0.0
18.252138330077553,3.884882559984592,0.0,0.0
20.0,4.543412743042015,0.0,1.2454012527719531
20.0,3.636902496010411,0.0,1.993166846325318
20.0,3.8566662485567047,0.0,0.7367311575220443
20.0,3.6954973508674853,0.0,0.7599232607231728
20.0,3.74154212698207,0.0,0.49135429997732755
20.0,3.40553274376621,0.0,0.7516510960240343
20.0,2.964611265661943,0.0,1.1279748726818548
20.0,2.424823832225326,0.0,1.731471821069186
20.0,2.492022179024506,0.0,1.2136874213007247
20.0,3.1199605267035806,0.0,0.003884164288131948
20.0,3.3069123768981483,0.0,0.0
20.0,3.422356792198488,0.0,0.0
20.0,3.4661501390870235,0.0,0.0
20.0,3.492566465874762,0.0,0.0
20.0,3.5148181327475,0.0,0.0
20.0,3.5474059450998174,0.0,0.0
18.340241908771965,0.0,0.0,0.0
17.188255345565096,0.0,0.0,0.0
17.361275326166734,0.0,0.0,0.0
17.07762377169456,0.0,0.0,0.0
17.038879145113903,0.0,0.0,0.0
16.926247281941322,0.0,0.0,0.0
16.857520324758863,0.0,0.0,0.0
18.405790305610484,3.5124300745605592,0.0,0.0
20.0,4.644498143435476,0.0,0.07379912661927039
20.0,4.286753888209771,0.0,0.17478740840022777
20.0,4.0370006067318815,0.0,0.25247068730318223
20.0,3.8468139242266544,0.0,0.3029648247638187
20.0,3.711017704544906,0.0,0.32238566163876853
20.0,3.6388884561764927,0.0,0.3068489976265563
20.0,3.6220426954714964,0.0,0.264123178452657
20.0,3.644388316665079,0.0,0.18643988583033352
20.0,3.6910583236093144,0.0,0.08933578377179818
20.0,3.73765021050648,0.0,0.003884164288131948
20.0,3.724601308200047,0.0,0.0
20.0,3.6839384028745874,0.0,0.0
20.0,3.625930258615497,0.0,0.0
20.0,3.5733459176777167,0.0,0.0
20.0,3.5560206726012416,0.0,0.0
20.0,3.567168391054858,0.0,0.0
18.337880001645292,0.0,0.0,0.0
17.185353972178277,0.0,0.0,0.0
17.365016849379103,0.0,0.0,0.0
17.081748642777953,0.0,0.0,0.0
17.032757741806307,0.0,0.0,0.0
16.903816467584498,0.0,0.0,0.0
16.80504639553132,0.0,0.0,0.0
18.369781905821295,3.653734492239245,0.0,0.0
20.0,4.867187683901673,0.0,0.12040909807685375
20.0,4.5304424046048455,0.0,0.3068489976265563
20.0,4.268649998728473,0.0,0.44667891885899086
20.0,4.038262040091036,0.0,0.5360147026307891
20.0,3.89217125763136,0.0,0.5127097203318397
20.0,3.8819253527094895,0.0,0.3107331704892938
20.0,3.870010911598834,0.0,0.26800735131539455
20.0,3.9044487086984576,0.0,0.19032405869307104
20.0,3.954927050397819,0.0,0.14759825323854078
20.0,4.066343208036115,0.0,0.007768328576263896
20.0,4.125195122697486,0.0,0.0
20.0,4.174295126894034,0.0,0.0
20.0,4.220810440513621,0.0,0.0
20.0,4.270686687330348,0.0,0.0
20.0,4.358224428329688,0.0,0.0
20.0,4.456653325417283,0.0,0.0
18.0,0.2431090408616971,0.0,0.0
16.46266884668134,0.0,0.0,0.0
16.532995321749368,0.0,0.0,0.0
16.13571870619466,0.0,0.0,0.0
16.06539223112663,0.1801801606615643,0.0,0.0
16.0,0.40539797824733087,0.0,0.0
16.0,0.6631709850178917,0.0,0.0
18.0,5.215421972183596,0.0,0.0011484048595945169
20.0,6.629528822980597,0.0,0.2606709913719078
20.0,5.513339173919698,0.0,1.7436739364152194
20.0,5.144732495884892,0.0,1.4571631192637007
20.0,5.212482680096728,0.0,0.6701245788882445
20.0,5.143090225640804,0.0,0.4905378134441766
20.0,4.7669162762683115,0.0,0.7133288568257425
20.0,4.129734371599237,0.0,1.4504164171730651
20.0,3.7612729759709245,0.0,1.760185850925561
20.0,3.501198322919275,0.0,1.9777442787059927
20.0,4.294689859189028,0.0,0.2932933045177857
20.0,4.662599998908635,0.0,0.0
20.0,4.861666363489623,0.0,0.0
20.0,5.001724860515314,0.0,0.0
20.0,5.101953960615727,0.0,0.0
20.0,5.188516316600815,0.0,0.0
20.0,5.2634275565294475,0.0,0.0
18.0,1.0027785813892278,0.0,0.0
16.133579048132113,0.0,0.0,0.0
16.133579048132113,0.28943760462658247,0.0,0.0
16.0,0.49571009643179414,0.0,0.0
16.0,0.751701179791651,0.0,0.0
16.0,0.9420434827091069,0.0,0.0
16.0,1.0745813893691067,0.0,0.0
18.0,5.448554879952636,0.0,0.0019195279302245151
20.0,6.752051901416554,0.0,0.08164471239199542
20.0,6.18460528245292,0.0,0.18272865933271729
20.0,5.785345263826538,0.0,0.2643733648650282
20.0,5.510896676738694,0.0,0.3149153554846003
20.0,5.295712314341201,0.0,0.33435457631395776
20.0,5.098003384486704,0.0,0.3188031776994814
20.0,4.927744045211196,0.0,0.2721490641722663
20.0,4.795805737795907,0.0,0.1982800305084556
20.0,4.746272362925972,0.0,0.10108394008103734
20.0,4.7381953825040215,0.0,0.007775687302790308
20.0,4.688344402967034,0.0,0.0
20.0,4.564420781412037,0.0,0.0
20.0,4.380258263252933,0.0,0.0
20.0,4.184787315487038,0.0,0.0
20.0,3.9987308853807595,0.0,0.0
20.0,3.8612654783560636,0.0,0.0
18.270908891051867,0.0,0.0,0.0
17.151540569134923,0.0,0.0,0.0
17.461241123017587,0.0,0.0,0.0
17.265544329946763,0.0,0.0,0.0
17.293557000263583,0.0,0.0,0.0
17.196756410367435,0.0,0.0,0.0
17.121371155902946,0.0,0.0,0.0
18.53323686078686,3.245832328053996,0.0,0.003884164288131948
20.0,3.3869001042908025,0.0,1.853103429046255
20.0,2.8333879298005193,0.0,1.861496645697962
20.0,2.9271979575183487,0.0,0.9206974704432213
20.0,2.8628199144418045,0.0,0.7176898370031609
20.0,2.8640024470388017,0.0,0.5217554247097358
20.0,2.6865799744680405,0.0,0.7047091435755988
20.0,2.2328463535417624,0.0,1.399843710942336
20.0,1.7760159678546268,0.0,2.1146126150603726
20.0,2.2840874190799028,0.0,0.7990660475598818
20.0,2.718647469549178,0.0,0.015536657152527791
20.0,2.8144153579799847,0.0,0.0
20.0,2.839334747661746,0.0,0.0
20.0,2.8356821927681044,0.0,0.0
20.0,2.8151331834178643,0.0,0.0
20.0,2.7872222142043186,0.0,0.0
20.0,2.756240452797598,0.0,0.0
18.73334754709387,0.0,0.0,0.0
17.86603932986428,0.0,0.0,0.0
18.008483724456788,0.0,0.0,0.0
17.786357728423717,0.0,0.0,0.0
17.747264868603644,0.0,0.0,0.0
17.6582398400301,0.0,0.0,0.0
17.609325558971122,0.0,0.0,0.0
18.78778480080733,2.678093867735766,0.0,0.003884164288131948
20.0,3.5429427792893446,0.0,0.08933578377179818
20.0,3.284438531025266,0.0,0.19032405869307104
20.0,3.1234093225175292,0.0,0.2718915241781321
20.0,3.0241600000891453,0.0,0.32238566163876853
20.0,2.967626927592274,0.0,0.3418064710749804
20.0,2.9437811934482627,0.0,0.326269834501506
20.0,2.943310173287989,0.0,0.27965981502613135
20.0,2.929880572624194,0.0,0.2058607089859144
20.0,2.8774710538350496,0.0,0.10875660006769458
20.0,2.798298174920387,0.0,0.011652492864395845
20.0,2.6857401526949816,0.0,0.0
20.0,2.6291211369671186,0.0,0.0
20.0,2.6350750592915575,0.0,0.0
20.0,2.6675333637304233,0.0,0.0
20.0,2.6923144822220153,0.0,0.0
20.0,2.6955448507306006,0.0,0.0
18.753423010207474,0.0,0.0,0.0
17.896124642112508,0.0,0.0,0.0
18.023735376027524,0.0,0.0,0.0
17.786999147331827,0.0,0.0,0.0
17.73070458500198,0.0,0.0,0.0
17.628351796917656,0.0,0.0,0.0
17.569822493572744,0.0,0.0,0.0
18.766209878447732,2.706723235401692,0.0,0.007768328576263896
20.0,3.5016285862859107,0.0,0.1670190763941216
20.0,3.046512836216538,0.0,0.4910605817375385
20.0,2.3854217565632196,0.0,1.2168965838773016
20.0,2.3116589541739168,0.0,0.7942940081894433
20.0,2.3118127750549964,0.0,0.5247577073297658
20.0,2.191284027325091,0.0,0.5826246672286879
20.0,2.1604823810486655,0.0,0.4971730288808893
20.0,2.2118611039822116,0.0,0.33015397992550566
20.0,2.3332302682712585,0.0,0.11264076607074763
20.0,2.4147573701000593,0.0,0.011652492864395845
20.0,2.4493471773768314,0.0,0.0
20.0,2.46383946274539,0.0,0.0
20.0,2.4436768202656336,0.0,0.0
20.0,2.416082409467021,0.0,0.0
20.0,2.3877300047045233,0.0,0.0
20.0,2.3595096305288297,0.0,0.0
18.921096958597687,0.0,0.0,0.0
18.19237111697314,0.0,0.0,0.0
18.3242181405511,0.0,0.0,0.0
18.138658812442415,0.0,0.0,0.0
18.10629389151749,0.0,0.0,0.0
18.012109513948218,0.0,0.0,0.0
17.946919738517224,0.0,0.0,0.0
18.955389285819727,2.3102587768036758,0.0,0.003884164288131948
20.0,3.0015297656632334,0.0,0.15148241238190935
20.0,2.6605776989374945,0.0,0.345690643937718
20.0,2.406042989225106,0.0,0.48552056517015274
20.0,2.19982193614218,0.0,0.5787404394884745
20.0,2.07675615491411,0.0,0.5476671663415258
20.0,2.076957272043114,0.0,0.3340381527882432
20.0,1.9451840808091383,0.0,0.45444723714572804
20.0,1.914627305538961,0.0,0.37287977166066705
20.0,1.9718375056028,0.0,0.2058607089859144
20.0,2.081008010162388,0.0,0.027189150016923645
20.0,2.1506208736998005,0.0,0.0
20.0,2.204993669948243,0.0,0.0
20.0,2.2534438731982016,0.0,0.0
20.0,2.2928645975232214,0.0,0.0
20.0,2.313998420428729,0.0,0.0
20.0,2.3175865350566727,0.0,0.0
18.926860634659533,0.0,0.0,0.0
18.188780365743902,0.0,0.0,0.0
18.304321415209692,0.0,0.0,0.0
18.111190993693267,0.0,0.0,0.0
18.070947122216452,0.0,0.0,0.0
17.98171072281272,0.0,0.0,0.0
17.927138311493156,0.0,0.0,0.0
18.947585401328944,2.311529214501966,0.0,0.007768329433724457
20.0,3.0104696734751792,0.0,0.10098827492127291
20.0,2.7267445018726315,0.0,0.20197654984254582
20.0,2.5230069895373566,0.0,0.28354398788886886
20.0,2.365354715977996,0.0,0.3340381527882432
20.0,2.235388587872609,0.0,0.35345898966319306
20.0,2.116870183630421,0.0,0.3379222982122429
20.0,1.9292510958931557,0.0,0.4583314100084655
20.0,1.8530921963515559,0.0,0.3767639170846668
20.0,1.8929204757730944,0.0,0.20974488184865195
20.0,2.0297466634031136,0.0,0.031073314305055583
20.0,2.145853170698942,0.0,0.0
20.0,2.256957597139246,0.0,0.0
20.0,2.3527547823762704,0.0,0.0
20.0,2.3997703341171372,0.0,0.0
20.0,2.3770891725162153,0.0,0.0
20.0,2.288413021399974,0.0,0.0
18.982110177226435,0.0,0.0,0.0
18.298038774215282,0.0,0.0,0.0
18.403651765822516,0.0,0.0,0.0
18.190888110710375,0.0,0.0,0.0
18.143763403894308,0.0,0.0,0.0
18.080164140715564,0.0,0.0,0.0
18.06207731158042,0.0,0.0,0.0
19.02251163288246,2.1404860965621304,0.0,0.007768329433724457
20.0,2.82102032417041,0.0,0.10487244092432597
20.0,2.5945903618581685,0.0,0.2058607089859144
20.0,2.40052573968278,0.0,0.28742816075160643
20.0,2.21343631438894,0.0,0.3379222982122429
20.0,2.060787038098036,0.0,0.35734313508719273
20.0,1.9590289338939408,0.0,0.3418064710749804
20.0,1.920581935224335,0.0,0.29519650647708157
20.0,1.9363428409465837,0.0,0.22139737299812665
20.0,1.9840748545489866,0.0,0.12040909807685375
20.0,2.0420437507010747,0.0,0.015536657152527791
20.0,2.0518941386522944,0.0,0.0
20.0,2.028563456014397,0.0,0.0
20.0,1.9942775831471145,0.0,0.0
20.0,1.9641580261415137,0.0,0.0
20.0,1.9568903066617753,0.0,0.0
20.0,1.9735353271982035,0.0,0.0
19.07410026625843,0.0,0.0,0.0
18.426514273197476,0.0,0.0,0.0
18.5163581921053,0.0,0.0,0.0
18.353162602641525,0.0,0.0,0.0
18.331870795624972,0.0,0.0,0.0
18.27636823056283,0.0,0.0,0.0
18.24618341198132,0.0,0.0,0.0
19.11246755956819,1.9833529667688465,0.0,0.007768328576263896
20.0,2.6199388490474664,0.0,0.10875660006769458
20.0,2.4275928923965453,0.0,0.20974488184865195
20.0,2.240514449143011,0.0,0.29131233361434394
20.0,1.9652128008879013,0.0,0.5360147026307891
20.0,1.7694420588981141,0.0,0.6331188046893247
20.0,1.7647323174116414,0.0,0.5544735256280651
20.0,1.8419369850459366,0.0,0.5360147026307891
20.0,2.0148506685350003,0.0,0.35345898966319306
20.0,2.1900055513856693,0.0,0.12429325722022233
20.0,2.2353323971441728,0.0,0.01942082315558086
20.0,2.189426354108938,0.0,0.0
20.0,2.1075563940257904,0.0,0.0
20.0,2.0216017202052976,0.0,0.0
20.0,1.9641709610518188,0.0,0.0
20.0,1.9725047778237381,0.0,0.0
20.0,2.03829962668651,0.0,0.0
19.0112668936965,0.0,0.0,0.0
18.284969321959256,0.0,0.0,0.0
18.321948070703993,0.0,0.0,0.0
18.09858092540546,0.0,0.0,0.0
18.036104116970098,0.0,0.0,0.0
17.95763140320367,0.0,0.0,0.0
17.92538509082177,0.0,0.0,0.0
18.953522521623974,2.253858895704899,0.0,0.011652492864395845
20.0,2.901645141048397,0.0,0.11264076607074763
20.0,2.5981048788498446,0.0,0.21362904099202054
20.0,2.42882549803434,0.0,0.29519650647708157
20.0,2.3345308013826838,0.0,0.345690643937718
20.0,2.2754259238788896,0.0,0.36511148081266775
20.0,2.1896225415355888,0.0,0.34957481680045555
20.0,2.086903693078186,0.0,0.3029648247638187
20.0,2.016409554380257,0.0,0.22916570500423275
20.0,2.0603872700665993,0.0,0.12817743008295993
20.0,2.211407155116362,0.0,0.02330498572879169
20.0,2.342223446719266,0.0,0.0
20.0,2.4362475092815616,0.0,0.0
20.0,2.448942929691839,0.0,0.0
20.0,2.4163299775841653,0.0,0.0
20.0,2.3608382841950193,0.0,0.0
20.0,2.308305759257944,0.0,0.0
18.940693530176684,0.0,0.0,0.0
18.19653365985698,0.0,0.0,0.0
18.263857964338065,0.0,0.0,0.0
18.013928398831276,0.0,0.0,0.0
17.93318431051128,0.0,0.0,0.0
17.838950183916758,0.0,0.0,0.0
17.792207865645175,0.0,0.0,0.0
18.880531428066192,2.4682583980976616,0.0,0.011652492864395845
20.0,3.2523442035725503,0.0,0.11652493893348519
20.0,2.998679644201143,0.0,0.21751320013538916
20.0,2.6797519117480344,0.0,0.46609975573394075
20.0,2.418154981546047,0.0,0.5631315721247304
20.0,2.2309855187057672,0.0,0.5808176692800102
20.0,1.9852227016595294,0.0,0.7611628194984805
20.0,1.6185249617665978,0.0,1.2700470976156082
20.0,1.3709869236759307,0.0,1.6107773029020958
20.0,1.7917162483827107,0.0,0.6170556654842252
20.0,2.1570544216121115,0.0,0.04272580888437255
20.0,2.2741023521372457,0.0,0.0
20.0,2.33095028806312,0.0,0.0
20.0,2.3661280556474473,0.0,0.0
20.0,2.397939168410869,0.0,0.0
20.0,2.473453467996644,0.0,0.0
20.0,2.557408154090493,0.0,0.0
18.782494247719743,0.0,0.0,0.0
17.934181795786134,0.0,0.0,0.0
18.07709543469659,0.0,0.0,0.0
17.896696463812244,0.0,0.0,0.0
17.87747431767602,0.0,0.0,0.0
17.783500435721923,0.0,0.0,0.0
17.711867623549207,0.0,0.0,0.0
18.83455292832126,2.543931771151547,0.0,0.02330498572879169
20.0,3.250616570683059,0.0,0.20974488184865195
20.0,2.8648539752889577,0.0,0.41560559083456633
20.0,2.4834674294689143,0.0,0.7837137859604744
20.0,2.428390317135555,0.0,0.6331188046893247
20.0,2.379033873614826,0.0,0.5865087852139497
20.0,2.292455337343757,0.0,0.5670879757777377
20.0,2.1757008411676684,0.0,0.5554355120670009
20.0,2.0684917679410297,0.0,0.5363647800158575
20.0,2.0262742182103426,0.0,0.46022919835730625
20.0,2.2218042931932724,0.0,0.04272580888437255
20.0,2.310888056855676,0.0,0.0
20.0,2.3741365880671057,0.0,0.0
20.0,2.4436792584190696,0.0,0.0
20.0,2.511324848603997,0.0,0.0
20.0,2.572137741705964,0.0,0.0
20.0,2.62938400224312,0.0,0.0
18.75940038180559,0.0,0.0,0.0
17.887840892137266,0.0,0.0,0.0
17.997506433666302,0.0,0.0,0.0
17.755631809706166,0.0,0.0,0.0
17.673430865106287,0.0,0.0,0.0
17.52544245055565,0.0,0.0,0.0
17.41822553240061,0.0,0.0,0.0
18.679648060579705,2.886072254990342,0.0,0.015536657152527791
20.0,3.693047198179815,0.0,0.19032405869307104
20.0,3.2244478181795824,0.0,0.39230058109687893
20.0,2.8589139828975427,0.0,0.5360147026307891
20.0,2.617341381945484,0.0,0.5632038577924761
20.0,2.536315896481052,0.0,0.3767639170846668
20.0,2.424511944036567,0.0,0.36511148081266775
20.0,2.3564110398287283,0.0,0.318501488776031
20.0,2.3366008266886475,0.0,0.2408181961537075
20.0,2.3676864962924125,0.0,0.13982990751306568
20.0,2.4513160709534714,0.0,0.027189150016923645
20.0,2.508714657212355,0.0,0.0
20.0,2.5478172462487905,0.0,0.0
20.0,2.579273547072743,0.0,0.0
20.0,2.597347516540887,0.0,0.0
20.0,2.6034147804377104,0.0,0.0
20.0,2.6068141317969356,0.0,0.0
18.789598117262102,0.0,0.0,0.0
17.952212464589586,0.0,0.0,0.0
18.067885922224427,0.0,0.0,0.0
17.82713485238297,0.0,0.0,0.0
17.753908750833627,0.0,0.0,0.0
17.622039701009644,0.0,0.0,0.0
17.530837115340322,0.0,0.0,0.0
18.74084288767828,2.65293307095129,0.0,0.20700289735580327
20.0,2.5775911285391255,0.0,2.0182557908647207
20.0,2.3174132289174305,0.0,1.4145862930167123
20.0,2.493011521924394,0.0,0.5515513392042635
20.0,2.429390927765271,0.0,0.5709722035179512
20.0,2.472610886356908,0.0,0.38064811738614207
20.0,2.438527291394615,0.0,0.36899565367540543
20.0,2.4029533550218587,0.0,0.32238566163876853
20.0,2.38188644449744,0.0,0.24470234157770712
20.0,2.381398310057581,0.0,0.14371408037580322
20.0,2.414312951635745,0.0,0.031073314305055583
20.0,2.4393272147296132,0.0,0.0
20.0,2.4959101181439554,0.0,0.0
20.0,2.564311173277876,0.0,0.0
20.0,2.626847162196031,0.0,0.0
20.0,2.6462562543408987,0.0,0.0
20.0,2.612134448648786,0.0,0.0
18.805804740710478,0.0,0.0,0.0
17.982654929399047,0.0,0.0,0.0
18.09177512150076,0.0,0.0,0.0
17.846487430901583,0.0,0.0,0.0
17.786624019091228,0.0,0.0,0.0
17.699888592439947,0.0,0.0,0.0
17.662645800825793,0.0,0.0,0.0
18.81781872938768,2.5721488868493014,0.0,0.01942082315558086
20.0,3.3494096801972693,0.0,0.1320615892263285
20.0,3.0423657289844415,0.0,0.23304987786697037
20.0,2.7992653741375637,0.0,0.31461734335203134
20.0,2.603859441446556,0.0,0.36511148081266775
20.0,2.4515916549007346,0.0,0.3845322902488797
20.0,2.3488971290441745,0.0,0.37287977166066705
20.0,2.2979025466168563,0.0,0.326269834501506
20.0,2.3004938748637103,0.0,0.24858651444044466
20.0,2.357807393339446,0.0,0.14759825323854078
20.0,2.43884564385899,0.0,0.03495747687826642
20.0,2.4869058940495514,0.0,0.0
20.0,2.4938076277330077,0.0,0.0
20.0,2.4649982022834998,0.0,0.0
20.0,2.4316385943357215,0.0,0.0
20.0,2.411895540142044,0.0,0.0
20.0,2.415352089695298,0.0,0.0
18.871027389652337,0.0,0.0,0.0
18.08042668389554,0.0,0.0,0.0
18.175222757571433,0.0,0.0,0.0
17.944976686992202,0.0,0.0,0.0
17.875586276779586,0.0,0.0,0.0
17.756998517725055,0.0,0.0,0.0
17.67397583274738,0.0,0.0,0.0
18.81341036813794,2.6153652140551436,0.0,0.02330498572879169
20.0,3.417165570316404,0.0,0.13594576208906606
20.0,3.100461795419356,0.0,0.23693402329096994
20.0,2.7444240368946016,0.0,0.501057201743627
20.0,2.4773587294447257,0.0,0.6073450748174332
20.0,2.3072260033231577,0.0,0.6256628155233901
20.0,2.1497322520195787,0.0,0.6957731005612314
20.0,2.1919538799883025,0.0,0.5309855268936371
20.0,2.2483110698264657,0.0,0.4389105731335158
20.0,2.3477937326831713,0.0,0.28354398788886886
20.0,2.4856525910814766,0.0,0.06603079461316425
20.0,2.558535597354138,0.0,0.0
20.0,2.5992203595885317,0.0,0.0
20.0,2.634872161284681,0.0,0.0
20.0,2.6701761234552315,0.0,0.0
20.0,2.7162428584096294,0.0,0.0
20.0,2.7745616230231587,0.0,0.0
18.684756755588136,0.0,0.0,0.0
17.746984579169407,0.0,0.0,0.0
17.83161682583116,0.0,0.0,0.0
17.54237613171126,0.0,0.0,0.0
17.440679295216334,0.0,0.0,0.0
17.28754052308683,0.0,0.0,0.0
17.181475399219565,0.0,0.0,0.0
18.561627041887697,3.1674537953706428,0.0,0.04272580888437255
20.0,4.091063946061267,0.0,0.26023903302865736
20.0,3.6458974435897513,0.0,0.42337393656004146
20.0,3.353164586541744,0.0,0.32238566163876853
20.0,3.0120758835699393,0.0,0.3767639170846668
20.0,2.7155148711548986,0.0,0.39618475395961644
20.0,2.399458501698027,0.0,0.5981613038021623
20.0,2.237232814147153,0.0,0.6325316000711354
20.0,2.2151779205390714,0.0,0.570937437762839
20.0,1.9840344149411004,0.0,1.0511713795229274
20.0,2.30768933873639,0.0,0.3940964255580397
20.0,2.6150048935488948,0.0,0.0
20.0,2.7399486282420384,0.0,0.0
20.0,2.823419821324674,0.0,0.0
20.0,2.883832504941319,0.0,0.0
20.0,2.9351108712383898,0.0,0.0
20.0,2.989481499138686,0.0,0.0
18.58604989394409,0.0,0.0,0.0
17.58155585723592,0.0,0.0,0.0
17.67876766162993,0.0,0.0,0.0
17.37432560940593,0.0,0.0,0.0
17.280513289881558,0.0,0.0,0.0
17.132542229792666,0.0,0.0,0.0
17.02325783179169,0.0,0.0,0.0
18.480164980812752,3.008755491434066,0.0,0.7624664992374678
20.0,3.3883329860976095,0.0,2.102178645557617
20.0,3.4941998373622236,0.0,0.812389372891842
20.0,3.2194005017474163,0.0,0.7846881278403226
20.0,2.884488273102753,0.0,0.772753166765118
20.0,2.5995889128111513,0.0,0.721457941590683
20.0,2.2926027343588955,0.0,0.7891928061592428
20.0,1.8114192608300639,0.0,1.3625169285376806
20.0,2.0328656070292586,0.0,0.7044948136050849
20.0,2.2718492576158638,0.0,0.29908065190108113
20.0,2.4779796654898623,0.0,0.07379912661927039
20.0,2.609010503241071,0.0,0.0
20.0,2.6873242717249535,0.0,0.0
20.0,2.718493177087722,0.0,0.0
20.0,2.7420271494022423,0.0,0.0
20.0,2.758983077784295,0.0,0.0
20.0,2.7584850988761818,0.0,0.0
18.725289193401807,0.0,0.0,0.0
17.85358493054382,0.0,0.0,0.0
18.003972942640694,0.0,0.0,0.0
17.790448768390984,0.0,0.0,0.0
17.75910125232262,0.0,0.0,0.0
17.672530751935344,0.0,0.0,0.0
17.6161132454379,0.0,0.0,0.0
18.78791218293287,2.6805736611098996,0.0,0.031073314305055583
20.0,3.547828219136459,0.0,0.14759825323854078
20.0,3.291129709185908,0.0,0.25247068730318223
20.0,3.1125361377480294,0.0,0.3340381527882432
20.0,2.9611515207378396,0.0,0.3845322902488797
20.0,2.8381240655926296,0.0,0.40395309968509163
20.0,2.756925270174575,0.0,0.38841646311161726
20.0,2.7254989509547562,0.0,0.3418064710749804
20.0,2.7253191868313458,0.0,0.264123178452657
20.0,2.7289132924864195,0.0,0.163134917250753
20.0,2.745313835225946,0.0,0.04660997145758338
20.0,2.7456315658011996,0.0,0.0
20.0,2.7783875690003335,0.0,0.0
20.0,2.839616793600912,0.0,0.0
20.0,2.900720977314106,0.0,0.0
20.0,2.922411131747366,0.0,0.0
20.0,2.9050857281781406,0.0,0.0
18.659363314665313,0.0,0.0,0.0
17.720113482581567,0.0,0.0,0.0
17.80942864325208,0.0,0.0,0.0
17.492677572836346,0.0,0.0,0.0
17.370759391393594,0.0,0.0,0.0
17.206229903177082,0.0,0.0,0.0
17.103213513555332,0.0,0.0,0.0
18.523743904271324,2.7386143290250766,0.0,1.042752569725603
20.0,3.0260609944165076,0.0,2.2977350596622723
20.0,2.5645176915026,0.0,2.0297503484080566
20.0,2.238262250702545,0.0,1.7607150829621279
20.0,2.3496466593392524,0.0,0.9660861287942656
20.0,2.4471713269748174,0.0,0.6337573388791455
20.0,2.187945713870035,0.0,0.8360524316631752
20.0,1.6461521960861702,0.0,1.6366278329707724
20.0,1.1775213045904336,0.0,2.354083405358126
20.0,0.8883932021264384,0.0,2.690513647721731
20.0,1.3537747403041431,0.0,1.6080149565717112
20.0,2.2657927816323356,0.0,0.0
20.0,2.5593000599077316,0.0,0.0
20.0,2.7435863954778887,0.0,0.0
20.0,2.8664160373366756,0.0,0.0
20.0,2.947978490293155,0.0,0.0
20.0,2.9948226350724303,0.0,0.0
18.593332419313576,0.0,0.0,0.0
17.60300964465313,0.0,0.0,0.0
17.714999774199633,0.0,0.0,0.0
17.418368267215968,0.0,0.0,0.0
17.313191761326458,0.0,0.0,0.0
17.146677969023806,0.0,0.0,0.0
17.029152097338365,0.0,0.0,0.0
18.482620171285127,2.8931579215828886,0.0,0.9435045917079445
20.0,3.0731472582068737,0.0,2.4912974829362944
20.0,2.4091392467350263,0.0,2.539776948551404
20.0,2.450011322264513,0.0,1.4792057595694996
20.0,2.4158731406990896,0.0,1.0319636608427551
20.0,2.497904285281458,0.0,0.6618289516180476
20.0,2.2774005807029365,0.0,0.7759410475296267
20.0,1.658058800031439,0.0,1.6301411216726698
20.0,1.978329483785354,0.0,0.7285102156868314
20.0,2.2247989656179645,0.0,0.29519650647708157
20.0,2.449176843416854,0.0,0.09321994291516676
20.0,2.6116946403446493,0.0,0.0
20.0,2.706583974814065,0.0,0.0
20.0,2.7553565150784074,0.0,0.0
20.0,2.7699586543246957,0.0,0.0
20.0,2.7680658768155344,0.0,0.0
20.0,2.754800783909846,0.0,0.0
18.729856628392785,0.0,0.0,0.0
17.850900552147422,0.0,0.0,0.0
17.976694701620673,0.0,0.0,0.0
17.738348758796114,0.0,0.0,0.0
17.68940464277904,0.0,0.0,0.0
17.595871661502027,0.0,0.0,0.0
17.54176224171907,0.0,0.0,0.0
18.752597242066003,2.729600445056931,0.0,0.04272580888437255
20.0,3.5848249025680867,0.0,0.1592507443880155
20.0,3.2482047979202617,0.0,0.264123178452657
20.0,2.833841147564114,0.0,0.5437830483562642
20.0,2.4417853467722144,0.0,0.6991496336009111
20.0,2.170837849608166,0.0,0.656423732110798
20.0,2.0852668613997314,0.0,0.40006892682235407
20.0,2.020258727083605,0.0,0.35345898966319306
20.0,2.0251022938579584,0.0,0.27577566960213173
20.0,2.0821655928264873,0.0,0.17478740840022777
20.0,2.183076614551788,0.0,0.05437830003384729
20.0,2.2742970167672,0.0,0.0
20.0,2.339243280138738,0.0,0.0
20.0,2.398534842561453,0.0,0.0
20.0,2.4499271139655563,0.0,0.0
20.0,2.4773373276314263,0.0,0.0
20.0,2.4860000102362796,0.0,0.0
18.850400207827548,0.0,0.0,0.0
18.06025900859298,0.0,0.0,0.0
18.184083934297725,0.0,0.0,0.0
17.975542302217264,0.0,0.0,0.0
17.923170847873656,0.0,0.0,0.0
17.81256343817951,0.0,0.0,0.0
17.734585155230498,0.0,0.0,0.0
18.843875396239675,2.5407835212061847,0.0,0.04660997145758338
20.0,3.336180721155898,0.0,0.163134917250753
20.0,3.062441181934248,0.0,0.26800735131539455
20.0,2.8785394715594075,0.0,0.34957481680045555
20.0,2.7568178116335185,0.0,0.40006892682235407
20.0,2.6691765715771907,0.0,0.4194897636973039
20.0,2.5931535857187638,0.0,0.40395309968509163
20.0,2.527602998998393,0.0,0.35734313508719273
20.0,2.4939219543110167,0.0,0.27965981502613135
20.0,2.51668755661427,0.0,0.17867156754359637
20.0,2.598003910590802,0.0,0.05826246946674259
20.0,2.667609382670214,0.0,0.0
20.0,2.7071377979471594,0.0,0.0
20.0,2.7376732317273613,0.0,0.0
20.0,2.7540411580734507,0.0,0.0
20.0,2.75778282435142,0.0,0.0
20.0,2.7588862517284967,0.0,0.0
18.722985050897947,0.0,0.0,0.0
17.845626805792172,0.0,0.0,0.0
17.984093197789086,0.0,0.0,0.0
17.753640900368644,0.0,0.0,0.0
17.700853431974775,0.0,0.0,0.0
17.59197679432976,0.0,0.0,0.0
17.523588335974416,0.0,0.0,0.0
18.740275516145648,2.762814063807228,0.0,0.04660997145758338
20.0,3.62606279551438,0.0,0.1709032355374902
20.0,3.3222396345757845,0.0,0.2718915241781321
20.0,3.098804741096715,0.0,0.35345898966319306
20.0,2.9292400063276727,0.0,0.4078372725478292
20.0,2.7985473759088606,0.0,0.42337393656004146
20.0,2.5755772524940808,0.0,0.6447713232775371
20.0,2.4631221294081156,0.0,0.637002977552062
20.0,2.4573571048394256,0.0,0.4971730288808893
20.0,2.519066739572655,0.0,0.318501488776031
20.0,2.637137169627377,0.0,0.12040909807685375
20.0,2.7349124105094558,0.0,0.0
20.0,2.772876734036812,0.0,0.0
20.0,2.7993548316434476,0.0,0.0
20.0,2.823976549698475,0.0,0.0
20.0,2.8576858796639697,0.0,0.0
20.0,2.9080424275029344,0.0,0.0
18.625994576000114,0.0,0.0,0.0
17.656001539972756,0.0,0.0,0.0
17.76576153932925,0.0,0.0,0.0
17.490252952191522,0.0,0.0,0.0
17.415158954476517,0.0,0.0,0.0
17.291471653307426,0.0,0.0,0.0
17.220784148123634,0.0,0.0,0.0
18.589973072457813,2.396153639948235,0.0,1.4098675045646187
20.0,2.64355474782549,0.0,2.509129867023162
20.0,2.1369421366408803,0.0,2.2786435436867176
20.0,2.0375822408500484,0.0,1.5853619144845745
20.0,2.062354285792357,0.0,1.003190176424689
20.0,2.1467574967700784,0.0,0.666641007131226
20.0,1.846072448365117,0.0,0.9256664034103602
20.0,1.362689863489674,0.0,1.6115433579032308
20.0,1.2554989947462227,0.0,1.640443212663456
20.0,0.629033343119744,0.0,2.813842178104641
20.0,1.3313780931753798,0.0,1.195526017560442
20.0,2.085181129607291,0.0,0.0
20.0,2.3494441122585057,0.0,0.0
20.0,2.5161281806401687,0.0,0.0
20.0,2.623809621156308,0.0,0.0
20.0,2.706819502537538,0.0,0.0
20.0,2.7752496560138065,0.0,0.0
18.697006502534744,0.0,0.0,0.0
17.795244584994954,0.0,0.0,0.0
17.929023740603412,0.0,0.0,0.0
17.689983119599948,0.0,0.0,0.0
17.60462548372312,0.0,0.0,0.0
17.431274106059426,0.0,0.0,0.0
17.298048015864943,0.0,0.0,0.0
18.61220193207189,2.1991730347444776,0.0,1.6830367242277755
20.0,2.4054491445798987,0.0,2.6039565547598014
20.0,1.7440160295959666,0.0,2.5266234308949502
20.0,1.54111266303147,0.0,1.8777902659097265
20.0,1.774038426414643,0.0,0.9457160265820521
20.0,1.9076732714707272,0.0,0.6078065819364523
20.0,1.6827318765837036,0.0,0.8394619848491147
20.0,1.040645009627139,0.0,1.7937509956011353
20.0,0.6082114742450196,0.0,2.3367312729233216
20.0,0.5306595999415812,0.0,2.1577314985888747
20.0,1.4203744072706146,0.0,0.2656892168553224
20.0,1.78196278706754,0.0,0.0
20.0,1.976687813338002,0.0,0.0
20.0,2.1312707064598446,0.0,0.0
20.0,2.2608058525232786,0.0,0.0
20.0,2.3690610788003603,0.0,0.0
20.0,2.449956109866843,0.0,0.0
18.83731586928565,0.0,0.0,0.0
18.014346893852107,0.0,0.0,0.0
18.10764334644011,0.0,0.0,0.0
17.874036664237693,0.0,0.0,0.0
17.784457877051082,0.0,0.0,0.0
17.626686055934428,0.0,0.0,0.0
17.500253213665804,0.0,0.0,0.0
18.71460069241842,1.9166101298516796,0.0,1.9278614996332444
20.0,2.1198041711183517,0.0,2.86103387869063
20.0,1.6947202776843915,0.0,2.508878990672555
20.0,1.572590154109938,0.0,1.803049988138533
20.0,1.724394376603248,0.0,0.9634159230043955
20.0,1.7981320066758295,0.0,0.6302914210334337
20.0,1.4084043454097344,0.0,1.0246164500703339
20.0,1.1272053320192936,0.0,1.3326511672445869
20.0,0.6109147639268808,0.0,2.1585245033194083
20.0,1.38630424256118,0.0,0.36122730794993024
20.0,1.6975983495192164,0.0,0.13982990751306568
20.0,1.9307673919622417,0.0,0.0
20.0,2.0692723099941777,0.0,0.0
20.0,2.1764076347575934,0.0,0.0
20.0,2.27379954988875,0.0,0.0
20.0,2.3840421183961893,0.0,0.0
20.0,2.5022698040784195,0.0,0.0
18.788831104562362,0.0,0.0,0.0
17.922840145408486,0.0,0.0,0.0
18.014317782954677,0.0,0.0,0.0
17.777212598451243,0.0,0.0,0.0
17.695048961870064,0.0,0.0,0.0
17.545227160554944,0.0,0.0,0.0
17.425216953564792,0.0,0.0,0.0
18.678134898537223,2.840286352937514,0.0,0.25031314258060555
20.0,3.425919183836134,0.0,0.9662159661575894
20.0,2.604596107300717,0.0,1.7758657864584855
20.0,2.6642473813852527,0.0,0.749878301587036
20.0,2.4403704942737625,0.0,0.6417092855734599
20.0,2.1498117080244263,0.0,0.6991496336009111
20.0,2.0854230503478983,0.0,0.4272580819840411
20.0,2.0378725139775797,0.0,0.3767639170846668
20.0,2.066279418936861,0.0,0.29908065190108113
20.0,2.133052900823459,0.0,0.19809237697980822
20.0,2.224954011418336,0.0,0.07768329262232344
20.0,2.294766771406479,0.0,0.0
20.0,2.291966970977333,0.0,0.0
20.0,2.2671641540586926,0.0,0.0
20.0,2.24276513978408,0.0,0.0
20.0,2.258223405128972,0.0,0.0
20.0,2.3063963462049046,0.0,0.0
18.905453291798484,0.0,0.0,0.0
18.1268884196551,0.0,0.0,0.0
18.20994444079601,0.0,0.0,0.0
17.991077309406638,0.0,0.0,0.0
17.924852120358196,0.0,0.0,0.0
17.81049950946208,0.0,0.0,0.0
17.733616779142125,0.0,0.0,0.0
18.845401393571,1.4959304253572836,0.0,2.1508118153090807
20.0,1.81064664366668,0.0,2.512206598803031
20.0,1.204815948818553,0.0,2.6344146448093624
20.0,1.209129493184074,0.0,1.7260904452503414
20.0,1.3693090826193737,0.0,1.0247692236650128
20.0,1.483644277416105,0.0,0.710009504544145
20.0,1.4542636470212893,0.0,0.7612962347722841
20.0,1.5443353113287512,0.0,0.6719604235617483
20.0,1.7294889304367016,0.0,0.4777522194446775
20.0,1.990035303292154,0.0,0.20197654984254582
20.0,2.1939316522236187,0.0,0.0815674586253765
20.0,2.3512696492660323,0.0,0.0
20.0,2.418704386711421,0.0,0.0
20.0,2.431807817927806,0.0,0.0
20.0,2.419280838873973,0.0,0.0
20.0,2.393895519981799,0.0,0.0
20.0,2.3644361341471245,0.0,0.0
18.917654718330507,0.0,0.0,0.0
18.1826990494881,0.0,0.0,0.0
18.308408867536436,0.0,0.0,0.0
18.105452185870078,0.0,0.0,0.0
18.027198531124945,0.0,0.0,0.0
17.878474395099225,0.0,0.0,0.0
17.759311251106702,0.0,0.0,0.0
18.845947737641186,2.5035030281170476,0.0,0.14382652432380685
20.0,2.0942841887906978,0.0,2.549546614788906
20.0,1.3921467134184138,0.0,2.6412872315369706
20.0,1.2559085553252065,0.0,1.8052286735796237
20.0,1.4115306096922802,0.0,0.8947186417673795
20.0,1.4282487316295738,0.0,0.6628393141099779
20.0,1.1415031036744605,0.0,0.9035893729355116
20.0,0.6048392196016196,0.0,1.7738411690842222
20.0,0.32767510269981154,0.0,2.2109830110127486
20.029255478543234,0.0,0.0,2.9141468104762134
20.029255478543234,0.0945730108475416,0.0,2.541248100759116
20.0,1.3602879602641609,0.0,0.0
20.0,1.727683248740941,0.0,0.0
20.0,1.95628453194648,0.0,0.0
20.0,2.115763585605342,0.0,0.0
20.0,2.240825641586626,0.0,0.0
20.0,2.351963387660103,0.0,0.0
18.865139579862593,0.0,0.0,0.0
18.057342588587638,0.0,0.0,0.0
18.141905738504043,0.0,0.0,0.0
17.909281396660806,0.0,0.0,0.0
17.816871153534848,0.0,0.0,0.0
17.65826633584389,0.0,0.0,0.0
17.534479607905137,0.0,0.0,0.0
18.733505758714287,1.5749480086836978,0.0,2.445431556707832
20.0,1.8001291052032158,0.0,2.9691392879512537
20.0,1.3064982703172832,0.0,2.6188634550042944
20.0,1.2379425599069025,0.0,1.8075548525150094
20.0,1.4193007255596604,0.0,0.9785228190336263
20.0,1.5229440516360853,0.0,0.7046680041013428
20.0,1.2565896850744078,0.0,0.9337400554300346
20.0,0.8250842336886692,0.0,1.545386552624577
20.0,0.24074299250991316,0.0,2.451962572605675
20.037237033902013,0.0,0.0,2.6899918998744856
20.09390969050638,0.0,0.0,2.5844362445216342
20.056672656604366,1.120601786895786,0.0,0.0
20.0,1.4575020706931536,0.0,0.0
20.0,1.7786741222889557,0.0,0.0
20.0,2.044244546732128,0.0,0.0
20.0,2.2229583628307914,0.0,0.0
20.0,2.3181144978247175,0.0,0.0
18.897101480643688,0.0,0.0,0.0
18.10891836156996,0.0,0.0,0.0
18.16732324899384,0.0,0.0,0.0
17.897511114623626,0.0,0.0,0.0
17.774154780799446,0.0,0.0,0.0
17.601826062340493,0.0,0.0,0.0
17.47705159778593,0.0,0.0,0.0
18.707375569688825,2.7873934647880296,0.0,0.1592507443880155
20.0,2.4490812842880727,0.0,2.5531213257548413
20.0,1.6452490197763188,0.0,2.7129861486745335
20.0,1.3960415679028018,0.0,1.896590059421019
20.0,1.4056762680716444,0.0,1.027277304643948
20.0,1.3444805123526182,0.0,0.7119538091822576
20.0,0.9058300813794954,0.0,0.9847097186326138
20.0,0.28243941495870073,0.0,1.7935845517301363
20.129639239414644,0.0,0.0,2.6189530622146693
20.345845981381625,0.0,0.0,2.9158733715592695
20.21620674196698,0.17743768021295384,0.0,1.6472678572898147
20.0,1.0116329514541413,0.0,0.003884164288131948
20.0,1.398057851802328,0.0,0.0
20.0,1.6367558599737417,0.0,0.0
20.0,1.820496021055927,0.0,0.0
20.0,1.9916643389168407,0.0,0.0
20.0,2.1542620143544386,0.0,0.0
18.930738638914818,0.0,0.0,0.0
18.137762491031935,0.0,0.0,0.0
18.172627743694587,0.0,0.0,0.0
17.930413065885055,0.0,0.0,0.0
17.839917923685213,0.0,0.0,0.0
17.702470432462228,0.0,0.0,0.0
17.59223068798091,0.0,0.0,0.0
18.76486900489631,1.4609598086589135,0.0,2.6559211127419213
20.0,2.201081818346655,0.0,2.303490602226819
20.0,1.5485546707013498,0.0,2.6379065849208163
20.0,1.543992014886155,0.0,1.6084869939935367
20.0,1.4444285777822936,0.0,1.0299570621928282
20.0,1.309939238496178,0.0,0.767723122894736
20.0,0.9494535646163988,0.0,0.8400214793688483
20.0,0.1664838502479284,0.0,1.8571499297197112
20.033294891188337,0.0,0.0,1.9207363112452804
20.033294891188337,0.4327406545574518,0.0,0.7054173058428718
20.0,0.7784539732768058,0.0,0.18643988583033352
20.0,1.0909641020089638,0.0,0.003884164288131948
20.0,1.3297407654320947,0.0,0.0
20.0,1.5697405236227657,0.0,0.0
20.0,1.7926147565488484,0.0,0.0
20.0,1.960255156421901,0.0,0.0
20.0,2.0772186194665276,0.0,0.0
19.007786254362834,0.0,0.0,0.0
18.307256713811043,0.0,0.0,0.0
18.393007334903555,0.0,0.0,0.0
18.20477106848519,0.0,0.0,0.0
18.153838815469577,0.0,0.0,0.0
18.0511163845558,0.0,0.0,0.0
17.97092957954662,0.0,0.0,0.001113485635746756
18.962417817430552,2.260154422060263,0.0,0.09326865353466249
20.0,2.948455191093728,0.0,0.2137406617778865
20.0,2.6496062196601353,0.0,0.3186679047215269
20.0,2.2188735608541985,0.0,0.6295635125393179
20.0,1.700764803653227,0.0,0.9617671686787589
20.0,1.494005417120061,0.0,0.7636033078656469
20.0,1.0383952120593556,0.0,1.0566925377890355
20.0,0.9577064602000124,0.0,0.831715819058467
20.0,1.019959795186013,0.0,0.5090913739620887
20.0,1.1653209229488373,0.0,0.21762683766849236
20.0,1.3084316003965875,0.0,0.09715485000432175
20.0,1.458043320710284,0.0,0.003886193897277603
20.0,1.5714541587720385,0.0,0.0
20.0,1.6730556728897095,0.0,0.0
20.0,1.752544232537467,0.0,0.0
20.0,1.7933420575813943,0.0,0.0
20.0,1.7928106483497603,0.0,0.0
19.172995492146086,0.0,0.0,0.0
18.60281699064227,0.0,0.0,0.0
18.677277887904058,0.0,0.0,0.0
18.497230637605806,0.0,0.0,0.0
18.417075929743362,0.0,0.0,0.0
18.287275916601846,0.0,0.0,0.0
18.196345389281575,0.0,0.0,0.0058149369561410515
19.076371154225157,1.9119763007576773,0.0,0.17487503400978113
20.0,2.379490785833283,0.0,0.3419778534320401
20.0,2.04433471530764,0.0,0.322547303243866
20.0,1.7291197009487707,0.0,0.40415565244843055
20.0,1.4795426501657574,0.0,0.4546750884254308
20.0,1.295722820068509,0.0,0.474105666052343
20.0,1.1668671809353206,0.0,0.4546750884254308
20.0,1.090954300801758,0.0,0.40804174602282267
20.0,1.0858161810639124,0.0,0.3264333693795201
20.0,1.0751751923088482,0.0,0.34975006801956227
20.0,1.2009582786103743,0.0,0.17876115502291112
20.0,1.3590832187147317,0.0,0.007772224019588237
20.0,1.4405485356518168,0.0,0.0
20.0,1.4866778604572595,0.0,0.0
20.0,1.5278352333149006,0.0,0.0
20.0,1.5914388387601908,0.0,0.0
20.0,1.666427922449212,0.0,0.0
19.19916269777224,0.0,0.0,0.0
18.642988287755884,0.0,0.0,0.0
18.74610108386515,0.0,0.0,0.0
18.63972330085944,0.0,0.0,0.0
18.636757147869968,0.0,0.0,0.0
18.58140004231741,0.0,0.0,0.0
18.539145957008653,0.0,0.0,0.0038841647168622287
19.25705525558328,1.5740683869228975,0.0,0.10098827492127291
20.0,1.991713429721058,0.0,0.22528153214149527
20.0,1.7227040388624624,0.0,0.33015397992550566
20.0,1.5203330158923118,0.0,0.4078372725478292
20.0,1.3770062813094814,0.0,0.4583314100084655
20.0,1.2749919310688467,0.0,0.4777522194446775
20.0,1.2063682036696992,0.0,0.4583314100084655
20.0,1.1510778617238893,0.0,0.4117214179718288
20.0,1.0270940931411718,0.0,0.5204780660573147
20.0,1.001075781052237,0.0,0.42337393656004146
20.0,1.078976251108454,0.0,0.17478740840022777
20.0,1.1739807281550747,0.0,0.007768328576263896
20.0,1.2250355900902083,0.0,0.0
20.0,1.2927309434286387,0.0,0.0
20.0,1.3740687895521275,0.0,0.0
20.0,1.4561045017527472,0.0,0.0
20.0,1.5314482944752024,0.0,0.0
19.265648824980627,0.0,0.0,0.0
18.744740995444868,0.0,0.0,0.0
18.81036449462733,0.0,0.0,0.0
18.67832074468332,0.0,0.0,0.0
18.64832231270408,0.0,0.0,0.0
18.584367077158575,0.0,0.0,0.0
18.539524338844053,0.0,0.0,0.007768328576263896
19.25643115386933,1.5888217885277762,0.0,0.10875660006769458
20.0,2.0553827248718393,0.0,0.22916570500423275
20.0,1.818295464359544,0.0,0.3340381527882432
20.0,1.4640809559041372,0.0,0.652539669003012
20.0,1.2354737587913405,0.0,0.6753636573605939
20.0,1.0474932360659375,0.0,0.6785447458643074
20.0,0.8847685893952115,0.0,0.7063104079653291
20.0,0.7331870571382751,0.0,0.8069923067001787
20.0,0.6352805397611276,0.0,0.8452530715355864
20.0,0.7931863901059841,0.0,0.4311422274080407
20.0,0.9389670671342254,0.0,0.19420823155580863
20.0,1.1012638897673848,0.0,0.011652492864395845
20.0,1.2187367331835088,0.0,0.0
20.0,1.3405455948509672,0.0,0.0
20.0,1.4589504728686977,0.0,0.0
20.0,1.555703081949622,0.0,0.0
20.0,1.6192517165123959,0.0,0.0
19.222146601620903,0.0,0.0,0.0
18.655492290711127,0.0,0.0,0.0
18.68339099755261,0.0,0.0,0.0
18.496018187739267,0.0,0.0,0.0
18.429110806994817,0.0,0.0,0.0
18.350703314609035,0.0,0.0,0.0
18.32805462465284,0.0,0.0,0.011023175120632094
19.16048923776174,1.7297974147601294,0.0,0.1126520022339266
20.0,2.0640960713292995,0.0,0.3651478920178901
20.0,1.5830537417224373,0.0,0.5943364534908118
20.0,1.1402491049285406,0.0,0.8146952377160518
20.0,0.6880657388206034,0.0,1.086550280075275
20.0,0.6169829238746751,0.0,0.8629743208511028
20.0,0.470949475460592,0.0,0.9616104591087472
20.0,0.5569315498879182,0.0,0.8509965404604564
20.0,0.7982095330690612,0.0,0.5321836511646681
20.0,1.0578985805946286,0.0,0.23307311847799012
20.0,1.221210308074369,0.0,0.1126520022339266
20.0,1.3331227657369003,0.0,0.007769103720610189
20.0,1.3538255326774218,0.0,0.0
20.0,1.342260643489806,0.0,0.0
20.0,1.3281748415672014,0.0,0.0
20.0,1.3406577310940417,0.0,0.0
20.0,1.3807568746855314,0.0,0.0
19.34002191155534,0.0,0.0,0.0
18.88023285731098,0.0,0.0,0.0
18.945693650121157,0.0,0.0,0.0
18.8253129724992,0.0,0.0,0.0
18.79355207016946,0.0,0.0,0.0
18.71306095055377,0.0,0.0,0.0
18.641791452182474,0.0,0.0,0.011652492864395845
19.30245230366448,1.5189668102583933,0.0,0.11652493893348519
20.0,1.9676717843369904,0.0,0.23693402329096994
20.0,1.7593655358613856,0.0,0.3418064710749804
20.0,1.5975219609724445,0.0,0.42337393656004146
20.0,1.4647287134365694,0.0,0.4738680465819399
20.0,1.3531733728789792,0.0,0.48940468315541424
20.0,1.1246785447780956,0.0,0.7457595433213341
20.0,1.0110884804517828,0.0,0.7457595433213341
20.0,1.0543004624169812,0.0,0.5360147026307891
20.0,1.2329789334140433,0.0,0.23693402329096994
20.0,1.3888398465914278,0.0,0.11652493893348519
20.0,1.542540735498559,0.0,0.011652492864395845
20.0,1.6203360543981316,0.0,0.0
20.0,1.6718673395210013,0.0,0.0
20.0,1.7175723853602378,0.0,0.0
20.0,1.7713099325478185,0.0,0.0
20.0,1.853189389699255,0.0,0.0
19.104362596263744,0.0,0.0,0.0
18.46710397094547,0.0,0.0,0.0
18.545992530211763,0.0,0.0,0.0
18.38535749239803,0.0,0.0,0.0
18.343831779263386,0.0,0.0,0.0
18.255574684746392,0.0,0.0,0.0
18.199352615132597,0.0,0.0,0.01942082315558086
19.0855033727816,1.8933415515194387,0.0,0.19032405869307104
20.0,2.332668933288902,0.0,0.42337393656004146
20.0,1.9228214535404549,0.0,0.6098138772678509
20.0,1.5944321895671358,0.0,0.757412061909547
20.0,1.41374281121831,0.0,0.7535278341693336
20.0,1.4155778830027541,0.0,0.4932888560181518
20.0,1.2111553596658955,0.0,0.7535278341693336
20.0,1.0373723972106705,0.0,0.9023254848669695
20.0,0.9242758052842287,0.0,0.959371150105809
20.0,0.4113011452824624,0.0,1.8530679396972474
20.0,1.08115170999245,0.0,0.22139737299812665
20.0,1.3066897672447764,0.0,0.01942082315558086
20.0,1.4314781218569583,0.0,0.0
20.0,1.5309666637915829,0.0,0.0
20.0,1.6158850150410904,0.0,0.0
20.0,1.6857618588874579,0.0,0.0
20.0,1.7279370910988654,0.0,0.0
19.190874510375004,0.0,0.0,0.0
18.639167096109265,0.0,0.0,0.0
18.747584988983462,0.0,0.0,0.0
18.635458568524058,0.0,0.0,0.0
18.63962481036925,0.0,0.0,0.0
18.60355539937541,0.0,0.0,0.0
18.586953814358182,0.0,0.0,0.015536657152527791
19.286857060077164,1.4970365024062549,0.0,0.12817743008295993
20.0,1.9141177609885522,0.0,0.24858651444044466
20.0,1.6778711986475454,0.0,0.35345898966319306
20.0,1.497090051545383,0.0,0.4311422274080407
20.0,1.346970233479151,0.0,0.481636392307415
20.0,1.2343473101924043,0.0,0.4971730288808893
20.0,1.1687836562165386,0.0,0.481636392307415
20.0,1.1464825738126172,0.0,0.4311422274080407
20.0,1.1717079550588338,0.0,0.34957481680045555
20.0,1.2681277623033302,0.0,0.24470234157770712
20.0,1.3921278256035698,0.0,0.12429325722022233
20.0,1.5217093382730267,0.0,0.011652492864395845
20.0,1.5772129288864218,0.0,0.0
20.0,1.592118949355014,0.0,0.0
20.0,1.594219550742863,0.0,0.0
20.0,1.5990213850314872,0.0,0.0
20.0,1.6185013161121524,0.0,0.0
19.23157823899517,0.0,0.0,0.0
18.67928381201453,0.0,0.0,0.0
18.717794766606122,0.0,0.0,0.0
18.528488522660652,0.0,0.0,0.0
18.438128908081623,0.0,0.0,0.0
18.307899188127763,0.0,0.0,0.0
18.20143474802133,0.0,0.0,0.015536657152527791
19.073265138901302,2.017207798931672,0.0,0.1320615892263285
20.0,2.642035356133937,0.0,0.25247068730318223
20.0,2.3813806557268173,0.0,0.35734313508719273
20.0,2.1746816654782015,0.0,0.4350264002707783
20.0,2.0027114411224387,0.0,0.48552056517015274
20.0,1.8679707303419855,0.0,0.501057201743627
20.0,1.7754576777229523,0.0,0.48552056517015274
20.0,1.7219822161770733,0.0,0.4350264002707783
20.0,1.7120223031688673,0.0,0.35345898966319306
20.0,1.6681813202441036,0.0,0.38841646311161726
20.0,1.727445990000617,0.0,0.22528153214149527
20.0,1.8427814591279457,0.0,0.027189150016923645
20.0,1.9030566062546697,0.0,0.0
20.0,1.9478823322963663,0.0,0.0
20.0,1.9979480425305034,0.0,0.0
20.0,2.047902093737705,0.0,0.0
20.0,2.0898014977268273,0.0,0.0
19.02034711247896,0.0,0.0,0.0
18.342160250183305,0.0,0.0,0.0
18.450345431190527,0.0,0.0,0.0
18.282202961088373,0.0,0.0,0.0
18.229477226781754,0.0,0.0,0.0
18.109663592186998,0.0,0.0,0.0
18.018358298243747,0.0,0.0,0.01942082315558086
18.98450126523631,2.1808567296304764,0.0,0.13594576208906606
20.0,2.803536210838485,0.0,0.25635486016591985
20.0,2.4642429650109987,0.0,0.36122730794993024
20.0,2.199408152529051,0.0,0.4389105731335158
20.0,1.99838594027174,0.0,0.48940468315541424
20.0,1.8514075701558774,0.0,0.5049413746063645
20.0,1.7511961191181682,0.0,0.48940468315541424
20.0,1.6987942521308126,0.0,0.4389105731335158
20.0,1.671541979039547,0.0,0.35734313508719273
20.0,1.6398877895035466,0.0,0.25247068730318223
20.0,1.581576400678912,0.0,0.2058607089859144
20.0,1.6004876130010315,0.0,0.027189150016923645
20.0,1.5953649332017652,0.0,0.0
20.0,1.6210656669155772,0.0,0.0
20.0,1.6664518879873988,0.0,0.0
20.0,1.7179626054090638,0.0,0.0
20.0,1.7674492710406693,0.0,0.0
19.17185869017457,0.0,0.0,0.0
18.612285014779594,0.0,0.0,0.0
18.73233577475146,0.0,0.0,0.0
18.625680016657444,0.0,0.0,0.0
18.626749649658667,0.0,0.0,0.0
18.571218495088644,0.0,0.0,0.0
18.538610354361442,0.0,0.0,0.02330498572879169
19.260370942420455,1.4940040465093543,0.0,0.24470234157770712
20.0,1.6410395332969914,0.0,0.8042814070787253
20.0,1.3295252197064675,0.0,0.7971465625315184
20.0,0.9014884633132331,0.0,1.1635987004225143
20.0,0.8900544290748965,0.0,0.7886876103422997
20.0,0.7820693129619597,0.0,0.8079061993701833
20.0,0.8709587662929941,0.0,0.4932888560181518
20.0,0.8932158894595987,0.0,0.4427947459962533
20.0,0.9435184330806562,0.0,0.36122730794993024
20.0,0.9592888770474706,0.0,0.40006892682235407
20.0,1.0767130489590555,0.0,0.23304987786697037
20.0,1.2404695620451012,0.0,0.031073314305055583
20.0,1.3392252596438063,0.0,0.0
20.0,1.4109350119296464,0.0,0.0
20.0,1.4586497662224347,0.0,0.0
20.0,1.4881752452163992,0.0,0.0
20.0,1.5075560112483557,0.0,0.0
19.29091517419236,0.0,0.0,0.0
18.7787077698635,0.0,0.0,0.0
18.811110736810527,0.0,0.0,0.0
18.647056305643392,0.0,0.0,0.0
18.609162762996753,0.0,0.0,0.0
18.573205584131113,0.0,0.0,0.0
18.572177195413236,0.0,0.0,0.03617029653314895
19.28439620977487,1.5755382244326674,0.0,0.1439361969592804
20.0,2.133792042465017,0.0,0.26842156650306237
20.0,2.050128526860135,0.0,0.3695659404043727
20.0,1.99514930441763,0.0,0.45125943201270846
20.0,1.8951822849133897,0.0,0.4979414232976521
20.0,1.7577812166521551,0.0,0.5173923055906264
20.0,1.5995944089497385,0.0,0.4979414232976521
20.0,1.458048652729663,0.0,0.44736927750510397
20.0,1.376171813390093,0.0,0.36567575845803013
20.0,1.3703821969998453,0.0,0.40846762267410724
20.0,1.5505444758189697,0.0,0.24508055714122157
20.0,1.7886821176763057,0.0,0.035011503753234495
20.0,1.9095938190159842,0.0,0.0
20.0,1.9260820261352718,0.0,0.0
20.0,1.9250316819135171,0.0,0.0
20.0,1.9367494692981155,0.0,0.0
20.0,1.9967537012230119,0.0,0.0
19.050951353063667,0.0,0.0,0.0
18.397651974879434,0.0,0.0,0.0
18.52642730402633,0.0,0.0,0.0
18.40775829429608,0.0,0.0,0.0
18.420974861989322,0.0,0.0,0.0
18.370374382809935,0.0,0.0,0.0
18.322875921982664,0.0,0.0,0.027189150016923645
19.145444789076535,1.8793883196966796,0.0,0.15148241238190935
20.0,2.5002099695317073,0.0,0.2718915241781321
20.0,2.297907452056703,0.0,0.3767639170846668
20.0,1.8856750782146021,0.0,0.718570443037123
20.0,1.3266506025103122,0.0,1.0951843197291848
20.0,1.039746115831254,0.0,1.0425837363109915
20.0,0.7147147568101274,0.0,1.1592151645223434
20.0,0.2558220607409021,0.0,1.8673372784681084
20.0,0.8390169677554432,0.0,0.6486554961402746
20.0,1.1584736276222165,0.0,0.264123178452657
20.0,1.3421887001974957,0.0,0.13982990751306568
20.0,1.4773034102511884,0.0,0.02330498572879169
20.0,1.5531224212320294,0.0,0.0
20.0,1.6039645410357397,0.0,0.0
20.0,1.6471111101500153,0.0,0.0
20.0,1.6873857127195193,0.0,0.0
20.0,1.727148309335397,0.0,0.0
19.17805385663282,0.0,0.0,0.0
18.57686411166136,0.0,0.0,0.0
18.596991003490917,0.0,0.0,0.0
18.377470359511257,0.0,0.0,0.0
18.269015349677083,0.0,0.0,0.0
18.12836554236253,0.0,0.0,0.0
18.028132184527895,0.0,0.0,0.031073314305055583
18.989492380793564,2.2087868191732962,0.0,0.1553665852446469
20.0,2.8768308356925827,0.0,0.27577566960213173
20.0,2.6217252363780186,0.0,0.38064811738614207
20.0,2.4552538187301494,0.0,0.4583314100084655
20.0,2.337276165264007,0.0,0.508825547469102
20.0,2.248024195009283,0.0,0.5243622389200523
20.0,2.141348812228591,0.0,0.5049413746063645
20.0,2.0569134073030564,0.0,0.45444723714572804
20.0,2.0069797112274523,0.0,0.37287977166066705
20.0,2.0328172362932917,0.0,0.26800735131539455
20.0,2.124925674332173,0.0,0.14371408037580322
20.0,2.257119403861806,0.0,0.02330498572879169
20.0,2.352753068235874,0.0,0.0
20.0,2.4200443032020122,0.0,0.0
20.0,2.467546490675369,0.0,0.0
20.0,2.4893419051087404,0.0,0.0
20.0,2.496022495998679,0.0,0.0
18.845141561234716,0.0,0.0,0.0
18.049115828854177,0.0,0.0,0.0
18.168046679100208,0.0,0.0,0.0
17.956485669220854,0.0,0.0,0.0
17.91458559324649,0.0,0.0,0.0
17.82194462753866,0.0,0.0,0.0
17.768742809845048,0.0,0.0,0.03495747687826642
18.86897051781277,2.475702988386207,0.0,0.1592507443880155
20.0,3.279969594457329,0.0,0.27965981502613135
20.0,3.0420428682443728,0.0,0.3845322902488797
20.0,2.8384599564847868,0.0,0.4622155828712032
20.0,2.6455139317932317,0.0,0.5127097203318397
20.0,2.4898547490908096,0.0,0.528246356905314
20.0,2.3822433932374407,0.0,0.508825547469102
20.0,2.353676258758254,0.0,0.45444723714572804
20.0,2.373336748602661,0.0,0.3767639170846668
20.0,2.435157348275275,0.0,0.26800735131539455
20.0,2.5255036037571053,0.0,0.14759825323854078
20.0,2.6238244556016674,0.0,0.027189150016923645
20.0,2.654614583214942,0.0,0.0
20.0,2.6641124860843086,0.0,0.0
20.0,2.6723735874135794,0.0,0.0
20.0,2.6885234668423155,0.0,0.0
20.0,2.7326104588267723,0.0,0.0
18.715292622812154,0.0,0.0,0.0
17.822887661789323,0.0,0.0,0.0
17.95979266973837,0.0,0.0,0.0
17.74092679365338,0.0,0.0,0.0
17.703478296479453,0.0,0.0,0.0
17.603141002213665,0.0,0.0,0.0
17.54711363854674,0.0,0.0,0.03884164631116172
18.75872176992035,2.663144059904274,0.0,0.163134917250753
20.0,3.463094601083042,0.0,0.28354398788886886
20.0,3.1209327597587007,0.0,0.38841646311161726
20.0,2.8855736139954873,0.0,0.46609975573394075
20.0,2.7197767885991437,0.0,0.5165938931945772
20.0,2.602067140501895,0.0,0.5321305297680514
20.0,2.5189292917700286,0.0,0.5127097203318397
20.0,2.456304477165961,0.0,0.4583314100084655
20.0,2.4208683274860068,0.0,0.3767639170846668
20.0,2.3189133245502873,0.0,0.4777522194446775
20.0,2.3716841883415327,0.0,0.28354398788886886
20.0,2.481869342905249,0.0,0.05437830003384729
20.0,2.532960965766712,0.0,0.0
20.0,2.5669346803484547,0.0,0.0
20.0,2.5952885685922875,0.0,0.0
20.0,2.6149863125665593,0.0,0.0
20.0,2.638080273109137,0.0,0.0
18.766460102253376,0.0,0.0,0.0
17.90629874240495,0.0,0.0,0.0
18.016512760985847,0.0,0.0,0.0
17.77160502692706,0.0,0.0,0.0
17.703001257218613,0.0,0.0,0.0
17.581988492600814,0.0,0.0,0.0
17.523132664877757,0.0,0.0,0.0619689490626984
18.74921452340277,2.6780445260769192,0.0,0.17102944001256165
20.0,3.451225351784726,0.0,0.291527480758389
20.0,3.0745583258081752,0.0,0.3925903067305956
20.0,2.651070669380691,0.0,0.7463102936689009
20.0,2.412946663647615,0.0,0.7806395695573832
20.0,2.207420371568345,0.0,0.8473732019573211
20.0,2.228878410007989,0.0,0.5169754014066421
20.0,2.1781024642206064,0.0,0.4625569207709507
20.0,2.163367484619715,0.0,0.38092919981741324
20.0,2.127698118675204,0.0,0.43534765301436695
20.0,2.2398661114630523,0.0,0.2720922934235061
20.0,2.40886674124889,0.0,0.06219252675896991
20.0,2.5139805193973976,0.0,0.0
20.0,2.5605713103863756,0.0,0.0
20.0,2.57717046918704,0.0,0.0
20.0,2.5823055095321776,0.0,0.0
20.0,2.575069397049269,0.0,0.0
18.81028867989655,0.0,0.0,0.0
17.98503162046007,0.0,0.0,0.0
18.092519658795233,0.0,0.0,0.0
17.851530161565478,0.0,0.0,0.0
17.780063323513748,0.0,0.0,0.0
17.663532750588328,0.0,0.0,0.0
17.608641371536265,0.0,0.0,0.04660997145758338
18.79141850112792,2.52553684720046,0.0,0.2718915241781321
20.0,3.187864485171845,0.0,0.5165938931945772
20.0,2.7484600633241887,0.0,0.7030337515861728
20.0,2.462763714849029,0.0,0.7448016200887281
20.0,2.2279741142224845,0.0,0.827327063683871
20.0,2.2119944858433316,0.0,0.5398988754935266
20.0,2.1137617170773675,0.0,0.5204780660573147
20.0,2.0223642686131242,0.0,0.46609975573394075
20.0,1.9541302840211738,0.0,0.3845322902488797
20.0,1.935278215096526,0.0,0.27965981502613135
20.0,1.9582500755446868,0.0,0.1592507443880155
20.0,2.016475673515678,0.0,0.031073314305055583
20.0,2.0673205079649537,0.0,0.0
20.0,2.1115357514722484,0.0,0.0
20.0,2.1691791726911553,0.0,0.0
20.0,2.2318004504439886,0.0,0.0
20.0,2.2910599533000964,0.0,0.0
18.915434849619768,0.0,0.0,0.0
18.149870877130443,0.0,0.0,0.0
18.2436999804233,0.0,0.0,0.0
18.034802662279077,0.0,0.0,0.0
17.963994261349235,0.0,0.0,0.0
17.834327045621094,0.0,0.0,0.0
17.764107667587062,0.0,0.0,0.0854516177687451
18.868236173948752,2.2592841066858007,0.0,0.5037827845459794
20.0,1.5184148677648934,0.0,3.3065916818308634
20.0,1.063688147272462,0.0,2.6358848312244922
20.0,0.990492296840942,0.0,1.7416222984637506
20.0,1.0865622831412394,0.0,1.0362262594876546
20.0,1.050552163690534,0.0,0.8606196704693224
20.0,1.015442626784853,0.0,0.7644031020588758
20.0,1.0189228623247133,0.0,0.7457595433213341
20.0,1.1975147019988477,0.0,0.38841646311161726
20.0,1.2658053848680477,0.0,0.28354398788886886
20.0,1.308921632603799,0.0,0.163134917250753
20.0,1.3769520077261244,0.0,0.03495747687826642
20.0,1.4732913021697782,0.0,0.0
20.0,1.618543461253535,0.0,0.0
20.0,1.7624863508624629,0.0,0.0
20.0,1.8710594097186306,0.0,0.0
20.0,1.9022182654045818,0.0,0.0
19.116492990629872,0.0,0.0,0.0
18.503713855574443,0.0,0.0,0.0
18.58443685972492,0.0,0.0,0.0
18.402630902637334,0.0,0.0,0.0
18.337516543798763,0.0,0.0,0.0
18.22866915972523,0.0,0.0,0.0
18.176392823129966,0.0,0.0,0.0854516177687451
19.079825299346517,1.2451710327190328,0.0,1.6616119537180567
20.0,2.082477418003529,0.0,0.7780411871327626
20.0,1.8868162194247675,0.0,0.6408871504147996
20.0,1.6285559735428896,0.0,0.765180352757546
20.0,1.4229481110942206,0.0,0.8101943808658635
20.0,1.3054329748372886,0.0,0.7725015103665778
20.0,1.12087044679736,0.0,0.9185121117391682
20.0,1.1565082968661025,0.0,0.7496437710615476
20.0,1.3349225338419315,0.0,0.39230058109687893
20.0,1.4365423393994166,0.0,0.28742816075160643
20.0,1.5473910882490356,0.0,0.163134917250753
20.0,1.6686494638363607,0.0,0.03884164631116172
20.0,1.7544318374056374,0.0,0.0
20.0,1.8101089406927915,0.0,0.0
20.0,1.848051006528864,0.0,0.0
20.0,1.8683543481084133,0.0,0.0
20.0,1.8698860469026193,0.0,0.0
19.133833155075024,0.0,0.0,0.0
18.533411155652637,0.0,0.0,0.0
18.609299907551655,0.0,0.0,0.0
18.425607580102678,0.0,0.0,0.0
18.360765311777783,0.0,0.0,0.0
18.254187211781964,0.0,0.0,0.0
18.185427733147097,0.0,0.0,0.05826246946674259
19.07612016001428,1.998202070982055,0.0,0.18643988583033352
20.0,2.615223590976756,0.0,0.3068489976265563
20.0,2.376480831466817,0.0,0.4117214179718288
20.0,2.200048404371418,0.0,0.48940468315541424
20.0,2.0739367923533427,0.0,0.5360147026307891
20.0,1.9881231412888563,0.0,0.5515513392042635
20.0,1.943611258626956,0.0,0.5321305297680514
20.0,1.9347175157609227,0.0,0.4777522194446775
20.0,1.9471660024562882,0.0,0.39618475395961644
20.0,1.955571467980149,0.0,0.29131233361434394
20.0,1.9829554125724584,0.0,0.1670190763941216
20.0,2.0312194869925753,0.0,0.03884164631116172
20.0,2.0617244867669635,0.0,0.0
20.0,2.1138232441819937,0.0,0.0
20.0,2.167386688754737,0.0,0.0
20.0,2.215098386471711,0.0,0.0
20.0,2.2490423471314394,0.0,0.0
18.945118929772345,0.0,0.0,0.0
18.213986541870863,0.0,0.0,0.0
18.32104515066004,0.0,0.0,0.0
18.12824364201977,0.0,0.0,0.0
18.08274898616702,0.0,0.0,0.0
17.98587893781051,0.0,0.0,0.0
17.93484812335574,0.0,0.0,0.062146628610111165
18.955652068254,2.172273024339698,0.0,0.29908065190108113
20.0,2.619968503766803,0.0,0.7999296588215746
20.0,1.4277601907607136,0.0,2.5064675361236493
20.0,1.3947014849997421,0.0,1.6944570628675821
20.0,1.5266463232364669,0.0,1.1430552741203686
20.0,1.6292337204142273,0.0,0.8778211462670316
20.0,1.7601553403285652,0.0,0.5360147026307891
20.0,1.7457128995382503,0.0,0.481636392307415
20.0,1.73155907190881,0.0,0.40006892682235407
20.0,1.643308457976584,0.0,0.5127097203318397
20.0,1.4719881179723922,0.0,0.8377076860668984
20.0,1.8456464094063751,0.0,0.06991495375653284
20.0,2.0266737445556564,0.0,0.0
20.0,2.1664232603433144,0.0,0.0
20.0,2.2863523401915717,0.0,0.0
20.0,2.3592432056965804,0.0,0.0
20.0,2.3679692145837015,0.0,0.0
18.90829110740689,0.0,0.0,0.0
18.162409712012384,0.0,0.0,0.0
18.286853607629403,0.0,0.0,0.0
18.090964240137964,0.0,0.0,0.0
18.043210175786484,0.0,0.0,0.0
17.941803817573465,0.0,0.0,0.0
17.887758415430234,0.0,0.0,0.06603079461316425
18.930935536529198,2.3006844545325937,0.0,0.19809237697980822
20.0,2.995506293640776,0.0,0.318501488776031
20.0,2.6799251245211133,0.0,0.4194897636973039
20.0,2.4208817263403763,0.0,0.4971730288808893
20.0,2.1733175947433807,0.0,0.5437830483562642
20.0,1.9412839218636673,0.0,0.5593196300522627
20.0,1.7359504671872532,0.0,0.5360147026307891
20.0,1.5591496599322918,0.0,0.48552056517015274
20.0,1.4380078090415434,0.0,0.40395309968509163
20.0,1.3933876966996952,0.0,0.29519650647708157
20.0,1.42219238625174,0.0,0.17478740840022777
20.0,1.5094794618696241,0.0,0.04660997145758338
20.0,1.5917750989453796,0.0,0.0
20.0,1.6592572621514006,0.0,0.0
20.0,1.7151737229775366,0.0,0.0
20.0,1.7258764755191645,0.0,0.0
20.0,1.7033615482716493,0.0,0.0
19.222905753750982,0.0,0.0,0.0
18.68914553091807,0.0,0.0,0.0
18.770196199493334,0.0,0.0,0.0
18.62947831114122,0.0,0.0,0.0
18.631610393425603,0.0,0.0,0.0
18.62880607317131,0.0,0.0,0.0
18.678367905592182,0.0,0.0,0.10474673034653713
19.355650337031502,1.3499673777186805,0.0,0.20222595425088621
20.0,1.740157500962353,0.0,0.3227837428485383
20.0,1.5475638089712205,0.0,0.4238967268336659
20.0,1.2087190588030596,0.0,0.7933479184360493
20.0,0.9577561178515155,0.0,0.8672381896830115
20.0,0.9257106426412712,0.0,0.5638992651663668
20.0,0.6867525761538208,0.0,0.8594601855217879
20.0,0.6440945399554362,0.0,0.7862476112336919
20.0,0.6688415348119613,0.0,0.6416785384939407
20.0,0.71314139950879,0.0,0.47056420302624896
20.0,0.7534805334540254,0.0,0.3111168738003926
20.0,0.8523411235982268,0.0,0.07777921845009815
20.0,0.9428850915326135,0.0,0.0
20.0,1.0294289495836628,0.0,0.0
20.0,1.1106795059503687,0.0,0.0
20.0,1.146559958961548,0.0,0.0
20.0,1.1268025859656254,0.0,0.0
19.494608374013577,0.0,0.0,0.0
19.16227837589844,0.0,0.0,0.0
19.238242738201556,0.0,0.0,0.0
19.15238405365852,0.0,0.0,0.0
19.09778001702657,0.0,0.0,0.0
18.990134909833806,0.0,0.0,0.0
19.248553814096937,0.0,0.0,1.5105588922864865
19.774387603947876,0.21373656632537957,0.0,1.9211164514178254
20.320117994782816,0.0,0.0,2.9241688150027483
20.843503998788986,0.0,0.0,2.7897358626112205
21.086323460161815,0.0,0.0,1.9183448632630986
21.051205047581075,0.0,0.0,1.0903768323647935
20.96766852493417,0.0,0.0,0.8685657306784069
21.0996119739721,0.0,0.0,1.1729978979667706
21.487864114200132,0.0,0.0,2.10619190981109
21.785579992169964,0.0,0.0,2.1991492703638253
22.017287538821833,0.0,0.0,2.569354628205111
22.12053223622792,0.0,0.0,2.1347413211500297
22.010448213870127,0.0,0.0,1.7830036710655295
21.547102329739776,0.0,0.0,0.0
21.080213186353568,0.0,0.0,0.0
20.87809850066551,0.0,0.0,0.0
20.634754797870322,0.0,0.0,0.0
20.484380097730924,0.0,0.0,0.0
20.37563870361758,0.0,0.0,0.0
20.325437627845577,0.0,0.0,0.0
20.30847668429373,0.0,0.0,0.0
20.306099079475004,0.0,0.0,0.0
20.287751835196726,0.0,0.0,0.0
20.245739963093023,0.0,0.0,0.0
20.23731657864341,0.0,0.0,0.13982990751306568
20.40245365301996,0.0,0.0,0.6694870979811867
20.762786391708573,0.0,0.0,1.414891579694788
20.882895740629067,0.0,0.0,0.7663461518126263
20.857677699574882,0.0,0.0,0.8040220265074456
20.81460889101583,0.0,0.0,0.5554355120670009
20.704677567362285,0.0,0.0,0.5709722035179512
20.768818252991284,0.0,0.0,0.8700528005415566
20.961703755213215,0.0,0.0,1.2043901531161314
21.447285438193628,0.0,0.0,2.5136075515664795
21.817829612750234,0.0,0.0,2.4998434657303297
21.559316957549044,0.0,0.0,1.0322719939687204
21.089260962889945,0.0,0.0,0.10487244092432597
20.78771944626203,0.0,0.0,0.0
20.598299012764663,0.0,0.0,0.0
20.443670438749113,0.0,0.0,0.0
20.313879654695597,0.0,0.0,0.0
20.19771534562862,0.0,0.0,0.0
20.08800710903001,0.0,0.0,0.0
19.965037553753035,0.0,0.0,0.0
19.83023581196928,0.0,0.0,0.0
19.69406811005208,0.0,0.0,0.0
19.560980951042655,0.0,0.0,0.0
19.44391445184727,0.0,0.0,0.0
19.81416978867405,0.0,0.0,2.019173543499054
20.536551902887417,0.0,0.0,3.4464570870919724
20.83762133035693,0.0,0.0,2.777984486296422
21.0088513339429,0.0,0.0,2.6271581911187627
21.00076540011955,0.0,0.0,1.268154628474249
20.90562860527215,0.0,0.0,0.8686778528945781
21.065736218729125,0.0,0.0,0.9088944742914561
21.11175752671997,0.0,0.0,0.5515513392042635
21.090656887497396,0.0,0.0,0.4971730288808893
21.06336370601353,0.0,0.0,0.41560559083456633
20.996086056687393,0.0,0.0,0.3107331704892938
20.927351426078218,0.0,0.0,0.18643988583033352
20.848915357336466,0.0,0.0,0.05826246946674259
20.77539475648027,0.0,0.0,0.0
20.710209110570737,0.0,0.0,0.0
20.638489263966452,0.0,0.0,0.0
20.547388418913997,0.0,0.0,0.0
20.446778300245604,0.0,0.0,0.0
20.35027450936948,0.0,0.0,0.0
20.276867538822763,0.0,0.0,0.0
20.239014049043323,0.0,0.0,0.0
20.216716629650893,0.0,0.0,0.0
20.191887287989147,0.0,0.0,0.0
20.146038240780115,0.0,0.0,0.0
20.104530100198325,0.0,0.0,0.08933578377179818
20.094001235876192,0.0,0.0,0.22139737299812665
20.102796847870664,0.0,0.0,0.3379222982122429
20.138050361717525,0.0,0.0,0.4389105731335158
20.200639827590756,0.0,0.0,0.5165938931945772
20.28616708343211,0.0,0.0,0.5632038577924761
20.374204129994265,0.0,0.0,0.5748563215032129
20.520830689248072,0.0,0.0,0.8778211462670316
20.660295691643995,0.0,0.0,0.9290419649853391
20.66265235594625,0.0,0.0,0.6603079598510113
20.577717844787536,0.0,0.0,0.31461734335203134
20.50462002206971,0.0,0.0,0.19032405869307104
20.439485674979622,0.0,0.0,0.062146628610111165
20.348175759320835,0.0,0.0,0.0
20.258015206770605,0.0,0.0,0.0
20.16316950182414,0.0,0.0,0.0
20.06467858327309,0.0,0.0,0.0
20.008037116868085,0.07739252893156338,0.0,0.0
19.917132461337754,0.0,0.0,0.0
19.830869796731825,0.0,0.0,0.0
19.79683795897975,0.0,0.0,0.0
19.74177354348541,0.0,0.0,0.0
19.654675442452437,0.0,0.0,0.0
19.534923703443603,0.0,0.0,0.003884164288131948
19.476761513798404,0.0,0.0,0.18643988583033352
19.737840332907506,0.4245140542318728,0.0,0.4194897636973039
20.40231516825342,0.0,0.0,2.9051260264825163
20.970984666927432,0.0,0.0,2.845255126296927
21.015453874156016,0.0,0.0,1.4374528502937889
20.978641215565922,0.0,0.0,1.1650901581353197
21.004452013053587,0.0,0.0,0.8951154752955903
21.158129669826337,0.0,0.0,1.3625023915244514
21.574553135331882,0.0,0.0,2.2106508173305603
22.00264180820852,0.0,0.0,2.9952900560086575
22.140768002406126,0.0,0.0,2.4599002990053798
21.652653821926158,0.0,0.0,0.43818368816310616
21.17001114214363,0.0,0.0,0.11264076607074763
20.94164171994912,0.0,0.0,0.0
20.732168823743173,0.0,0.0,0.0
20.603119816739458,0.0,0.0,0.0
20.494485195299216,0.0,0.0,0.0
20.40970940204543,0.0,0.0,0.0
20.325086782978726,0.0,0.0,0.0
20.22715512232417,0.0,0.0,0.0
20.109706568456232,0.0,0.0,0.0
19.987968742412107,0.0,0.0,0.0
19.8758892225182,0.0,0.0,0.0
19.784442513793138,0.0,0.0,0.007768328576263896
19.746158577762735,0.0,0.0,0.1553665852446469
19.87396000638515,0.2853290953010259,0.0,0.22916570500423275
20.0,0.3499445402368777,0.0,0.345690643937718
20.0,0.26776183425692984,0.0,0.44667891885899086
20.0,0.014861490368582761,0.0,0.8312111816691327
20.08987518440508,0.0,0.0,0.9825250714808664
20.21110172277612,0.0,0.0,0.997794467008728
20.324025210674677,0.0,0.0,1.0562469183907348
20.67007462515294,0.0,0.0,1.9511358805165522
21.04929701259664,0.0,0.0,2.41087805784429
21.156088147063702,0.0,0.0,2.1852963071623703
20.8032784512115,0.0,0.0,0.6105508753655007
20.34918372438115,0.0,0.0,0.12429325722022233
20.119972360486013,0.0009603872675668551,0.0,0.0
20.0,0.09727594775065275,0.0,0.0
20.0,0.2455634649852598,0.0,0.0
20.0,0.3861242129366696,0.0,0.0
20.0,0.5515180288261278,0.0,0.0
19.671503844288594,0.0,0.0,0.0
19.385625969639417,0.0,0.0,0.0
19.338320157303084,0.0,0.0,0.0
19.216976610519296,0.0,0.0,0.0
19.1151907440935,0.0,0.0,0.0
18.98655621880183,0.0,0.0,0.007768328576263896
19.40630048821142,0.0,0.0,2.379155837454925
20.100008717565363,0.0,0.0,3.4973530838355975
20.200488414822424,0.0,0.0,2.3140030084887653
20.1154430920985,0.0,0.0,1.782536704678528
20.07280695990538,0.23924224230258712,0.0,0.8322372430340819
20.0,0.15261296720854362,0.0,0.9226592747175146
20.0,0.2345764209329435,0.0,0.8257362504950609
20.05050388131429,0.0,0.0,1.5399191599006643
20.088199757351106,0.0,0.0,1.6463674564614368
20.221338154431507,0.0,0.0,2.3076169228563463
20.367826993864735,0.0,0.0,2.220541735404973
20.184184715470042,0.16278838867742,0.0,0.6689668169715007
20.0,0.33991909450491625,0.0,0.12817743008295993
20.0,0.5881886191967108,0.0,0.0
20.0,0.8506606241227807,0.0,0.0
20.0,1.095667596696795,0.0,0.0
20.0,1.2967833626840082,0.0,0.0
20.0,1.3928428753737858,0.0,0.0
19.331676852976344,0.0,0.0,0.0
18.85253329953103,0.0,0.0,0.0
18.884691786089547,0.0,0.0,0.0
18.70570323190954,0.0,0.0,0.0
18.58710111919271,0.0,0.0,0.0
18.48664329557392,0.0,0.0,0.2957523550451066
18.988513485109767,0.0,0.0,2.8226232054147755
19.74710341635388,0.2122537975160392,0.0,3.4716307284236056
20.0,0.07642305046605341,0.0,2.8863441729301815
20.02327317239013,0.0,0.0,2.2326666790860283
20.02327317239013,0.41627549172818057,0.0,0.8428637002573455
20.0,0.5163452147211339,0.0,0.5787404394884745
20.0,0.5261879415393115,0.0,0.5903930129541631
20.0,0.37906263392070993,0.0,0.9029013090782574
20.10682322765115,0.0,0.0,2.0003528258353556
20.401364990725035,0.0,0.0,2.7095737616691733
20.294541763073884,0.27384717649965346,0.0,0.7883150336497187
20.534748439849977,0.0,0.0,3.4826308838216797
20.534748439849977,0.1651631401604229,0.0,1.050771575230742
20.0,0.4224273708153487,0.0,0.0
20.0,0.8007826178800557,0.0,0.0
20.0,1.087885949443282,0.0,0.0
20.0,1.3072540955150747,0.0,0.0
20.0,1.4701066041546842,0.0,0.0
19.255282839090476,0.0,0.0,0.0
18.686946197311986,0.0,0.0,0.0
18.675240562979216,0.0,0.0,0.0
18.46103607319722,0.0,0.0,0.0
18.348055423892372,0.0,0.0,0.0
18.31587417295447,0.0,0.0,0.4732121342739432
18.847834307690444,0.0,0.0,2.7717553124987493
19.662556690188833,0.4211669053431251,0.0,3.2762793617364947
20.0,0.24651946083037832,0.0,2.9650817887142327
20.0,0.056308041199695756,0.0,2.3832120117676565
20.0,0.09845131097194099,0.0,1.6555585089084315
20.0,0.1641883706339124,0.0,1.2545953451587315
20.0,0.27148229401456775,0.0,0.9957405865036213
20.048303491970373,0.0,0.0,1.4110008040825661
20.372682046081124,0.0,0.0,2.301398589416401
20.721649408447313,0.0,0.0,2.5325061027650237
20.97970456096996,0.0,0.0,2.9715355371580667
20.975058356197053,0.0,0.0,2.0653507955706645
20.398670444990223,0.0,0.0,0.12429325722022233
20.00604579542657,0.13091864761149433,0.0,0.0
20.0,0.4799853153520396,0.0,0.0
20.0,0.7408565163647532,0.0,0.0
20.0,0.8999026349717557,0.0,0.0
20.0,0.9799341794017851,0.0,0.0
19.517806404686834,0.0,0.0,0.0
19.14531923443977,0.0,0.0,0.0
19.102255904273896,0.0,0.0,0.0
18.902259437071912,0.0,0.0,0.0
18.765895972248394,0.0,0.0,0.0
18.672699498699608,0.0,0.0,0.23541489841039617
19.089869712307618,0.0,0.0,2.2594317719070838
19.80011036459711,0.0,0.0,3.453608268333967
20.243010475287015,0.0,0.0,3.2631151239749516
20.492614885386136,0.0,0.0,2.7569664609270657
20.53920329237316,0.0,0.0,1.782691936981348
20.421440594823217,0.0,0.0,1.0464719261353477
20.34812068132887,0.0,0.0,0.8661981312965924
20.49833262541363,0.0,0.0,1.2625002978750635
20.875763742276256,0.0,0.0,2.203745403046932
21.27478235470228,0.0,0.0,2.89535424544393
21.44540496985583,0.0,0.0,2.6271901009331264
21.44938304801346,0.0,0.0,2.435008535041348
21.105839419564415,0.0,0.0,0.8023894623529583
20.568623783620527,0.0,0.0,0.0
20.281099135169313,0.0,0.0,0.0
20.088703882603948,0.03204594105267865,0.0,0.0
20.0,0.21485424687659865,0.0,0.0
20.0,0.41057375868261764,0.0,0.0
19.753135531029226,0.0,0.0,0.0
19.558090461466445,0.0,0.0,0.0
19.55160510505019,0.0,0.0,0.0
19.480906537948016,0.0,0.0,0.0
19.388379567189094,0.0,0.0,0.0
19.245193549244203,0.0,0.0,0.02330498572879169
19.267369739536246,0.0,0.0,0.632303326917421
19.889342582971405,0.0,0.0,2.9510847630395975
20.44958183280874,0.0,0.0,2.617842685749155
20.51693528819186,0.0,0.0,1.7580463444554062
20.731941198282193,0.0,0.0,1.8469476415292947
20.789332970533845,0.0,0.0,1.2199409426976102
20.64117301084293,0.0,0.0,0.8341473974591772
20.755187218631704,0.0,0.0,1.2690876194362275
21.026541827348336,0.0,0.0,1.8441972455102047
21.451210621183115,0.0,0.0,2.990383980256589
21.861829979622247,0.0,0.0,3.3212711213277544
22.059026221319037,0.0,0.0,3.331338170554075
21.899708562503864,0.0,0.0,1.9387879612742545
21.258110068414105,0.0,0.0,0.0
20.814131484611877,0.0,0.0,0.0
20.617460004656,0.0,0.0,0.0
20.39894997630553,0.0,0.0,0.0
20.248842407231606,0.0,0.0,0.0
20.10817859565767,0.0,0.0,0.0
19.981929094107,0.0,0.0,0.0
19.853072543728768,0.0,0.0,0.0
19.71402347901823,0.0,0.0,0.0
19.564334419119508,0.0,0.0,0.0
19.535377225143872,0.0,0.0,0.517162225775018
20.074435517322815,0.0,0.0,2.86989694384959
20.53294916921634,0.0,0.0,2.4449860407448947
20.9612568835705,0.0,0.0,3.2697972054690956
21.43001867673074,0.0,0.0,2.7057716676276087
21.468730421144862,0.0,0.0,1.7913918357943641
21.4238824448921,0.0,0.0,1.1950452385961403
21.332583853391704,0.0,0.0,1.026913947061975
21.399626278129734,0.0,0.0,1.1993566804627378
21.777153103170903,0.0,0.0,2.34082794336823
22.035692651973722,0.0,0.0,2.166643476763229
21.994798461429532,0.0,0.0,1.7303280666334193
22.011707000617655,0.0,0.0,1.7533710611176456
21.755706953081226,0.0,0.0,0.5597949996986287
21.351466761316665,0.0,0.0,0.0
21.12760302719615,0.0,0.0,0.0
20.94173503219144,0.0,0.0,0.0
20.779662316527734,0.0,0.0,0.0
20.643733115242938,0.0,0.0,0.0
20.520544618680926,0.0,0.0,0.0
20.40289160256994,0.0,0.0,0.0
20.283556497065106,0.0,0.0,0.0
20.160231238760918,0.0,0.0,0.0
20.038585466448936,0.0,0.0,0.0
19.933045927681572,0.0,0.0,0.015536657152527791
19.895299696228566,0.0,0.0,0.12817743008295993
19.996503593689468,0.0,0.0,0.40395309968509163
20.215455645702477,0.0,0.0,0.6365488499278331
20.65547271833167,0.0,0.0,1.5639449247183896
21.110846561128156,0.0,0.0,1.7436016775055645
21.20340710562035,0.0,0.0,1.1178060220733257
21.175861685084417,0.0,0.0,0.8553251147840173
21.22521366696616,0.0,0.0,0.8697803865464252
21.257230543670335,0.0,0.0,0.8323793968085391
21.242411351519245,0.0,0.0,0.7069179793263861
21.13880923577879,0.0,0.0,0.3418064710749804
21.015101851242147,0.0,0.0,0.21751320013538916
20.90019873947207,0.0,0.0,0.08933578377179818
20.753773319382415,0.0,0.0,0.003884164288131948
20.61303242718915,0.0,0.0,0.0
20.472176872694234,0.0,0.0,0.0
20.337909314141115,0.0,0.0,0.0
20.222306334724852,0.0,0.0,0.0
20.12421024321652,0.0,0.0,0.0
20.036417157757622,0.0,0.0,0.0
19.952186696584675,0.0,0.0,0.0
19.86226178171121,0.0,0.0,0.0
19.74964245180985,0.0,0.0,0.0
19.75033216779435,0.0,0.0,0.5603938692611649
20.282193477552003,0.0,0.0,2.7995396849312306
20.7873917039149,0.0,0.0,2.624435517325021
21.2208328852056,0.0,0.0,3.102247280241164
21.70856412178742,0.0,0.0,2.712591198744216
21.852636816603546,0.0,0.0,1.836806516590599
21.851771268403382,0.0,0.0,1.1624033612904845
21.789504943034757,0.0,0.0,0.9006470625819931
21.928634492196913,0.0,0.0,1.3801137465038118
22.13184083006106,0.0,0.0,1.7372808854170427
22.11254601401349,0.0,0.0,1.38896724966232
22.186548637768492,0.0,0.0,1.9188706662137578
22.550132201676693,0.0,0.0,3.0088695611501364
22.141770520408297,0.0,0.0,0.1592507443880155
21.580828223295008,0.0,0.0,0.003884164288131948
21.487820813854345,0.0,0.0,0.0
21.292474672313126,0.0,0.0,0.0
21.193846364400848,0.0,0.0,0.0
21.09281138219701,0.0,0.0,0.0
21.00752706097635,0.0,0.0,0.0
20.910877394193015,0.0,0.0,0.0
20.799217486243926,0.0,0.0,0.0
20.68056417218678,0.0,0.0,0.0
20.567869510998083,0.0,0.0,0.0
20.485281504837065,0.0,0.0,0.03495747687826642
20.49854386421331,0.0,0.0,0.25247068730318223
20.637639966426672,0.0,0.0,0.5813234102243762
21.43162478763064,0.0,0.0,3.286781538849561
21.91810297323517,0.0,0.0,2.1620750309582712
21.921719295505852,0.0,0.0,1.876709825270187
22.020424326446687,0.0,0.0,1.3052942603757742
21.89811040302258,0.0,0.0,0.967627776441358
21.906974563218775,0.0,0.0,0.9088625743991341
22.148365953834897,0.0,0.0,1.6947961287310247
22.498839066068097,0.0,0.0,2.220267199229605
22.906288976018892,0.0,0.0,3.2016722965798383
23.24573158081371,0.0,0.0,3.398159381229697
23.07486184888326,0.0,0.0,2.027294008171292
22.431724668383772,0.0,0.0,0.003884164288131948
21.974724803244733,0.0,0.0,0.0
21.785337384669827,0.0,0.0,0.0
21.565300195611037,0.0,0.0,0.0
21.415195870410773,0.0,0.0,0.0
21.27364520476862,0.0,0.0,0.0
21.144751560595598,0.0,0.0,0.0
21.01845367854119,0.0,0.0,0.0
20.9015000109259,0.0,0.0,0.0
20.799503590809206,0.0,0.0,0.0
20.818398052725037,0.0,0.0,0.4336470739036616
21.1712762382205,0.0,0.0,1.8181780414663786
21.18684838373368,0.0,0.0,0.6114787061308805
21.0208082886415,0.0,0.0,0.6098138772678509
21.088279413887403,0.0,0.0,0.48552056517015274
21.245928803827226,0.0,0.0,0.8604628478472864
21.611397011363266,0.0,0.0,1.1699540231349808
21.82746240556,0.0,0.0,0.8805189368349278
22.13076564226887,0.0,0.0,1.3950684644251239
22.606693030856604,0.0,0.0,2.3191428892359216
23.00881629481012,0.0,0.0,2.950304098529945
23.1415214345774,0.0,0.0,2.377621880772116
23.374693414177585,0.0,0.0,3.1754946662590164
23.583881847646197,0.0,0.0,2.748805622217767
22.97652592575853,0.0,0.0,0.003884164288131948
22.443867511045333,0.0,0.0,0.0
22.258320983303534,0.0,0.0,0.0
21.98366467307185,0.0,0.0,0.0
21.783898490711486,0.0,0.0,0.0
21.596462471499944,0.0,0.0,0.0
21.451132195134043,0.0,0.0,0.0
21.33394189949537,0.0,0.0,0.0
21.233397804225497,0.0,0.0,0.0
21.11512755173071,0.0,0.0,0.0
20.993505157917262,0.0,0.0,0.04660997145758338
20.95365021268083,0.0,0.0,0.26800735131539455
21.351001355191222,0.0,0.0,1.8700494414738205
22.00299897165751,0.0,0.0,2.72753320662357
22.513037563349556,0.0,0.0,2.8136982309439302
22.779770513375535,0.0,0.0,1.9211170705583682
22.81623648319767,0.0,0.0,1.147266407620019
22.886044397092004,0.0,0.0,0.9614654476475186
23.128517692824246,0.0,0.0,1.3692195921240229
23.559964473697637,0.0,0.0,2.3769655188953083
23.6312689757184,0.0,0.0,1.6054391382331965
23.794979843834057,0.0,0.0,2.6713360910789348
24.196648564832735,0.0,0.0,3.125746777920125
24.217732109983874,0.0,0.0,2.569077331742338
23.71681216517632,0.0,0.0,0.31375283902277734
23.195790473946236,0.0,0.0,0.0
22.997322773407365,0.0,0.0,0.0
22.78573806398087,0.0,0.0,0.0
22.638635440761043,0.0,0.0,0.0
22.511324744256953,0.0,0.0,0.0
22.41339730075935,0.0,0.0,0.0
22.323822524292947,0.0,0.0,0.0
22.231815210753975,0.0,0.0,0.0
22.109626841769142,0.0,0.0,0.0
22.180309333645944,0.0,0.0,0.9360344152154896
22.76432056035762,0.0,0.0,3.097170341306065
23.29451248429471,0.0,0.0,3.052417300105403
23.725362258975483,0.0,0.0,3.272340978198597
24.119341505593137,0.0,0.0,2.6350051049738203
24.247955217233944,0.0,0.0,1.9215883841380033
24.18674695781536,0.0,0.0,1.0722034299957874
24.078010910723187,0.0,0.0,0.9704735874916938
24.18154071028251,0.0,0.0,1.1794363760151154
24.57073913307206,0.0,0.0,2.3674365006542213
24.913169068046148,0.0,0.0,2.5238939384116335
24.829395749142606,0.0,0.0,1.7120789407418326
24.858131809415866,0.0,0.6153702510926248,3.535140379049918
25.0,0.0,0.3008819895789202,2.781633287244414
24.585825504010586,0.0,0.0,0.29064681707690027
24.094038237826524,0.0,0.0,0.0
23.891961503051785,0.0,0.0,0.0
23.69608672574013,0.0,0.0,0.0
23.551673496874905,0.0,0.0,0.0
23.423062320042007,0.0,0.0,0.0
23.328943205478854,0.0,0.0,0.0
23.253452427808135,0.0,0.0,0.0
23.181148290051098,0.0,0.0,0.0
23.10088181093106,0.0,0.0,0.0
23.197430754623085,0.0,0.0,0.8130323775263858
23.771703302920113,0.0,0.0,2.923728394760652
24.290549682143684,0.0,0.0,3.0365577543374522
24.39025436107471,0.0,0.0,2.208985830814305
24.685146982940417,0.0,0.0,2.699340161081741
24.90047426718561,0.0,0.0,1.9222646496832703
24.796750122460907,0.0,0.0,1.1544047147178738
24.751474058303373,0.0,0.0,0.9182938415851907
24.871997970196343,0.0,0.00907458508697649,1.2396022674381635
25.0,0.0,0.4089724995395065,2.0374923920619343
25.0,0.0,0.8676938773230358,2.6782388178946963
25.0,0.0,1.1184815462087054,2.866724964223417
25.0,0.0,1.4412082701559765,3.3498695181564884
25.0,0.0,1.1822787497356653,2.6336126243740154
24.914956902552255,0.0,0.0,0.011652492864395845
24.65031360985985,0.0,0.0,0.0
24.370434314694204,0.0,0.0,0.0
24.165311237350963,0.0,0.0,0.0
23.9919986954503,0.0,0.0,0.0
23.857058783308357,0.0,0.0,0.0
23.73214944971773,0.0,0.0,0.0
23.612917694304457,0.0,0.0,0.0
23.481637611457295,0.0,0.0,0.0
23.333326893408163,0.0,0.0,0.0
23.345132916393336,0.0,0.0,0.7184081241075173
23.935768584201504,0.0,0.0,3.144752544244274
24.58031107539072,0.0,0.0,3.40485272133003
24.861924163222547,0.0,0.2542266275910272,3.273107396866489
25.0,0.0,0.5219900500109199,2.7551300525205824
25.0,0.0,0.5259069935020589,1.9229899291731836
25.0,0.0,0.17110244940398844,1.1567734064212787
24.99034413823029,0.0,0.0,0.9588255972694097
24.99034413823029,0.0,0.25774897260483864,1.318244039879414
25.0,0.0,0.846963901937569,2.200781639612859
25.0,0.0,1.2201526468580899,2.532941317924219
25.0,0.0,1.5647207584848204,3.0276485648601774
25.0,0.0,1.7888575575600891,3.5146670460041127
25.0,0.0,1.1618819618385168,2.2712309818403034
24.91957877096621,0.0,0.0,0.015536657152527791
24.64410661542356,0.0,0.0,0.0
24.340106297111053,0.0,0.0,0.0
24.10673034227448,0.0,0.0,0.0
23.881565564105745,0.0,0.0,0.0
23.682055622777884,0.0,0.0,0.0
23.510780343395297,0.0,0.0,0.0
23.362178271981467,0.0,0.0,0.0
23.212061092893965,0.0,0.0,0.0
23.05672565159276,0.0,0.0,0.0
23.139158768027375,0.0,0.0,1.078065273495088
23.517282524699457,0.0,0.0,2.301317832475798
24.08633193418818,0.0,0.0,3.52883443091095
24.540415877115887,0.0,0.0,3.271134193624823
24.710673405002467,0.0,0.0,2.6701877135901393
24.760160770301468,0.0,0.0,1.9673739737467013
24.581531494200163,0.0,0.0,1.199344994618918
24.36963811723561,0.0,0.0,1.0009291347161127
24.3413587155193,0.0,0.0,1.095155811167292
24.61120993141897,0.0,0.0,2.120965539110556
24.927357339411788,0.0,0.09007341167815967,2.647870884400024
25.0,0.0,0.43999661677838753,2.965353391917514
25.0,0.0,0.9094466872047309,3.5201280870304017
25.0,0.0,0.7919810152272435,2.8869502306768378
24.761749377869577,0.0,0.0,0.2266558925751332
24.36194444861821,0.0,0.0,0.0
24.08101319370534,0.0,0.0,0.0
23.863025792322322,0.0,0.0,0.0
23.69046676872768,0.0,0.0,0.0
23.54921037116022,0.0,0.0,0.0
23.41966352299641,0.0,0.0,0.0
23.286988448497638,0.0,0.0,0.0
23.147023814530286,0.0,0.0,0.0
23.008308947912067,0.0,0.0,0.0
23.13052330760965,0.0,0.0,1.0985895933186565
23.665416412015496,0.0,0.0,2.814330547404252
24.250567173812232,0.0,0.0,3.5278352492472056
24.561473202980963,0.0,0.0,3.035170094912682
24.66226951847861,0.0,0.0,2.3780269538151426
24.671829569443005,0.0,0.0,1.6933869623312885
24.60918973473052,0.0,0.0,1.2569722039210554
24.54938741550773,0.0,0.0,1.117007697996259
24.646192028127214,0.0,0.0,1.395327497851915
24.751262782061325,0.0,0.0,1.3596944267336037
24.684546477128723,0.0,0.0,0.9862124758712826
24.814357527197263,0.0,0.07906705289257743,1.9847698666175404
24.994669636375175,0.0,0.0,2.107343805875248
24.60657853899709,0.0,0.0,0.4344961104802942
24.126303394521994,0.0,0.0,0.02330498572879169
23.912048045570856,0.0,0.0,0.0
23.722432309615073,0.0,0.0,0.0
23.57398579907485,0.0,0.0,0.0
23.436113765734273,0.0,0.0,0.0
23.31444019481146,0.0,0.0,0.0
23.201097616829543,0.0,0.0,0.0
23.09713131177254,0.0,0.0,0.0
22.995609249357948,0.0,0.0,0.0
22.889258609761832,0.0,0.0,0.0
22.797977330271326,0.0,0.0,0.0854516177687451
22.7609397532661,0.0,0.0,0.264123178452657
22.74980807794985,0.0,0.0,0.29519650647708157
22.79057685525369,0.0,0.0,0.4117214179718288
22.896955330366,0.0,0.0,0.508825547469102
23.01575562054595,0.0,0.0,0.5826246672286879
23.137839648161833,0.0,0.0,0.6253504589638493
23.24093538265182,0.0,0.0,0.637002977552062
23.303142724406836,0.0,0.0,0.6136979952531126
23.396874296475325,0.0,0.0,0.8817052642522933
23.445097456085506,0.0,0.0,0.7946100350457179
23.397836570114254,0.0,0.0,0.6486554961402746
23.311292390705198,0.0,0.0,0.38841646311161726
23.166588071266588,0.0,0.0,0.12040909807685375
23.026636591784495,0.0,0.0,0.011652492864395845
22.91042802751365,0.0,0.0,0.0
22.807781574766814,0.0,0.0,0.0
22.72332457584776,0.0,0.0,0.0
22.66297030392209,0.0,0.0,0.0
22.61406706097535,0.0,0.0,0.0
22.564297352917976,0.0,0.0,0.0
22.50569883887172,0.0,0.0,0.0
22.43325542487542,0.0,0.0,0.0
22.344731570353407,0.0,0.0,0.0
22.26769009453624,0.0,0.0,0.07379912661927039
22.25901936345031,0.0,0.0,0.29908065190108113
22.341157825332985,0.0,0.0,0.5321305297680514
22.696675739093216,0.0,0.0,1.5889475106656603
23.206346374585998,0.0,0.0,2.2706068182593704
23.336837418073465,0.0,0.0,1.4250299063077814
23.288240743955495,0.0,0.0,1.1413427795773665
23.284504621365073,0.0,0.0,0.9260677824175002
23.27925732739415,0.0,0.0,0.9704961902942996
23.308752185663366,0.0,0.0,0.9613834608919546
23.259049729438953,0.0,0.0,0.7535278341693336
23.116666645853822,0.0,0.0,0.37287977166066705
23.003771415497802,0.0,0.0,0.39230058109687893
22.8941877629197,0.0,0.0,0.19420823155580863
22.72568054090721,0.0,0.0,0.015536657152527791
22.598337258405166,0.0,0.0,0.0
22.490935785841582,0.0,0.0,0.0
22.396652006049724,0.0,0.0,0.0
22.309753643129817,0.0,0.0,0.0
22.218048286905592,0.0,0.0,0.0
22.111569571395847,0.0,0.0,0.0
21.989721843748164,0.0,0.0,0.0
21.863312463666226,0.0,0.0,0.0
21.736710597452284,0.0,0.0,0.0
21.96419011663055,0.0,0.0,1.460081622648891
22.60804481931952,0.0,0.0,3.2276706683794756
23.12029323697891,0.0,0.0,3.4404019562996573
23.323363351257477,0.0,0.0,2.7942343348071033
23.510598643980316,0.0,0.0,2.6993753710158996
23.58618501184869,0.0,0.0,1.894369345154687
23.444140889120696,0.0,0.0,1.2803188108407588
23.33745094139418,0.0,0.0,1.1097720755930116
23.281630676202916,0.0,0.0,0.9571548311992859
23.285437742505806,0.0,0.0,1.0626684837458156
23.279209067899465,0.0,0.0,0.930996038803485
23.243118511852003,0.0,0.0,0.8874939246816475
23.18777412593072,0.0,0.0,0.7129539209534371
23.01407961654704,0.0,0.0,0.2408181961537075
22.819738930817607,0.0,0.0,0.031073314305055583
22.6830795540312,0.0,0.0,0.0
22.55979203778972,0.0,0.0,0.0
22.426574665971287,0.0,0.0,0.0
22.282236593653064,0.0,0.0,0.0
22.1389356005753,0.0,0.0,0.0
22.01962871091994,0.0,0.0,0.0
21.93365549842898,0.0,0.0,0.0
21.859347252802735,0.0,0.0,0.0
21.776412983822127,0.0,0.0,0.0
21.69469951470404,0.0,0.0,0.05437830003384729
21.647940117224906,0.0,0.0,0.17867156754359637
21.71969476764015,0.0,0.0,0.5437830483562642
22.419025169728798,0.0,0.0,3.0432989686272314
23.043806247460573,0.0,0.0,2.8051270569849667
23.104263206153107,0.0,0.0,1.875107450177175
23.08316033082689,0.0,0.0,1.1023708018715772
23.06606355290039,0.0,0.0,0.9825694693191579
23.26768536578228,0.0,0.0,1.4107884302347893
23.482433742025698,0.0,0.0,1.7843097051225598
23.44236277325729,0.0,0.0,1.2283041084571436
23.391900884951582,0.0,0.0,1.2654171601098418
23.78340947268839,0.0,0.0,2.747910633312986
23.951782113502507,0.0,0.0,1.9992547404336276
23.50211057969066,0.0,0.0,0.32741922040459004
23.110230156911527,0.0,0.0,0.0
22.894549824534476,0.0,0.0,0.0
22.699557164956563,0.0,0.0,0.0
22.545564595656966,0.0,0.0,0.0
22.414023857367606,0.0,0.0,0.0
22.285469237321355,0.0,0.0,0.0
22.15530111942117,0.0,0.0,0.0
22.020742353930263,0.0,0.0,0.0
21.87487580975997,0.0,0.0,0.0
22.02941384052756,0.0,0.0,1.2944891895729402
22.573503945896743,0.0,0.0,2.8787122343467075
23.073697409138163,0.0,0.0,3.1503774596432335
23.386810450928145,0.0,0.0,2.7087610402033024
23.64142267679508,0.0,0.0,2.369618783478878
23.829187970385348,0.0,0.0,1.8978717153584372
23.769843608882724,0.0,0.0,1.1576132890802462
23.683295962615887,0.0,0.0,1.085531287706895
23.857998097904176,0.0,0.0,1.4849057833530235
24.09118393584542,0.0,0.0,1.7779631763395976
24.56101527226352,0.0,0.0,3.1203375498755808
24.880626857404263,0.0,0.0,2.7518693887247716
24.91038522157652,0.0,0.03820411405957,2.7580890522348303
25.0,0.0,0.15973611194502155,2.955252753321294
24.513455378458925,0.0,0.0,0.3147593015575874
23.95758624574049,0.0,0.0,0.0
23.739074870267196,0.0,0.0,0.0
23.517810540460435,0.0,0.0,0.0
23.36874134955142,0.0,0.0,0.0
23.228731108973363,0.0,0.0,0.0
23.101080726112965,0.0,0.0,0.0
22.968806940714707,0.0,0.0,0.0
22.835892232363953,0.0,0.0,0.0
22.7148413615421,0.0,0.0,0.0
23.03558583414978,0.0,0.0,1.8063782716959595
23.70331369031067,0.0,0.0,3.2521327174695642
23.9360173322094,0.0,0.0,2.383340015721728
24.04785409814098,0.0,0.0,2.2676522589452945
24.394914160790396,0.0,0.0,2.593779059160933
24.26753649548079,0.0,0.0,0.9185703510618842
24.086572764588,0.0,0.0,0.9371027384287288
24.160504505198134,0.0,0.0,0.893779891714278
24.201863791726637,0.0,0.0,1.0744165768576193
24.30839368630523,0.0,0.0,1.138136246186257
24.493154476676658,0.0,0.0,1.7575207500498775
24.479310213788743,0.0,0.0,1.0527461611515025
24.180127476869576,0.0,0.0,0.4583314100084655
23.913834741432105,0.0,0.0,0.13594576208906606
23.657548962338332,0.0,0.0,0.01942082315558086
23.45334751005956,0.0,0.0,0.0
23.279630782812376,0.0,0.0,0.0
23.152144790331466,0.0,0.0,0.0
23.07648063224203,0.0,0.0,0.0
23.029031918684318,0.0,0.0,0.0
22.985475960709906,0.0,0.0,0.0
22.935536985877548,0.0,0.0,0.0
22.877435558912282,0.0,0.0,0.0
22.821120812394835,0.0,0.0,0.0
22.786573519531068,0.0,0.0,0.062146628610111165
22.788017814793584,0.0,0.0,0.19032405869307104
22.8002766420463,0.0,0.0,0.31461734335203134
22.81359532697579,0.0,0.0,0.4311422274080407
22.83285449302765,0.0,0.0,0.528246356905314
22.861454419167373,0.0,0.0,0.5981613038021623
22.897054127571124,0.0,0.0,0.6408871504147996
22.929241405436667,0.0,0.0,0.6486554961402746
22.952116902769884,0.0,0.0,0.6253504589638493
22.955802588762282,0.0,0.0,0.5709722035179512
22.935567187482256,0.0,0.0,0.48940468315541424
22.884402297494518,0.0,0.0,0.3845322902488797
22.796979753576505,0.0,0.0,0.264123178452657
22.686746580960513,0.0,0.0,0.13982990751306568
22.568523215768415,0.0,0.0,0.02330498572879169
22.472225333800992,0.0,0.0,0.0
22.40055235336524,0.0,0.0,0.0
22.334272246940206,0.0,0.0,0.0
22.27487995067812,0.0,0.0,0.0
22.20961331632924,0.0,0.0,0.0
22.13143154263134,0.0,0.0,0.0
22.047307355423293,0.0,0.0,0.0
21.96486687566584,0.0,0.0,0.0
21.905836853114472,0.0,0.0,0.0
21.89368346438698,0.0,0.0,0.06603079461316425
21.92122592180496,0.0,0.0,0.19420823155580863
21.947214923983037,0.0,0.0,0.318501488776031
21.946644789809472,0.0,0.0,0.4311422274080407
21.93862346267805,0.0,0.0,0.528246356905314
21.945254203084126,0.0,0.0,0.6020455315423757
21.972793870721787,0.0,0.0,0.6447713232775371
22.01423055877248,0.0,0.0,0.652539669003012
22.1440269136966,0.0,0.0,0.9982302855019922
22.274506320154025,0.0,0.0,1.026553689172177
22.66653739893626,0.0,0.0,2.4197957928731424
22.987392115897983,0.0,0.0,2.309631510188349
22.99002765136917,0.0,0.0,2.1700251004937785
22.713959946112787,0.0,0.0,0.7004016979141017
22.264222353661534,0.0,0.0,0.050494137460636454
22.04557472288413,0.0,0.0,0.0
21.878676750343125,0.0,0.0,0.0
21.739850591726537,0.0,0.0,0.0
21.608918238980046,0.0,0.0,0.0
21.48623861943301,0.0,0.0,0.0
21.37391030318624,0.0,0.0,0.0
21.271551076203924,0.0,0.0,0.0
21.1740554463181,0.0,0.0,0.0
21.07495428630753,0.0,0.0,0.0
21.002198846379926,0.0,0.0,0.11264076607074763
21.494971251032702,0.0,0.0,2.5435472157557073
21.7229181405218,0.0,0.0,1.4469803759983995
21.5559152013019,0.0,0.0,1.2283920863335687
21.57050553592574,0.0,0.0,0.8428637002573455
21.46101821643022,0.0,0.0,0.6020455315423757
21.4698516338629,0.0,0.0,0.6447713232775371
21.496336153255033,0.0,0.0,0.656423732110798
21.61167799311835,0.0,0.0,1.002114403487254
21.708641205250963,0.0,0.0,0.9318556522149013
22.017116317222204,0.0,0.0,2.0737610382024774
22.265311950797578,0.0,0.0,1.8408980360775766
22.123939956859605,0.0,0.0,1.1560582962602095
21.900309217284278,0.0,0.0,0.5082624223833434
21.608828088531595,0.0,0.0,0.04660997145758338
21.383740306773497,0.0,0.0,0.0
21.220717835920368,0.0,0.0,0.0
21.083925937770655,0.0,0.0,0.0
20.989800533195275,0.0,0.0,0.0
20.92516705890359,0.0,0.0,0.0
20.87652196786012,0.0,0.0,0.0
20.830903538849608,0.0,0.0,0.0
20.781437054970937,0.0,0.0,0.0
20.71589288692055,0.0,0.0,0.0
20.651800318209727,0.0,0.0,0.07379912661927039
20.617073762629218,0.0,0.0,0.19809237697980822
20.62798641727624,0.0,0.0,0.32238566163876853
20.68181278406081,0.0,0.0,0.4389105731335158
20.749650575794185,0.0,0.0,0.5360147026307891
20.806719827923057,0.0,0.0,0.6059296495276374
20.832591664638052,0.0,0.0,0.6486554961402746
20.83416014733904,0.0,0.0,0.656423732110798
20.839317880664126,0.0,0.0,0.6331188046893247
20.850476051557212,0.0,0.0,0.5787404394884745
20.851612987421206,0.0,0.0,0.4971730288808893
20.825936538232636,0.0,0.0,0.39230058109687893
20.75485005386794,0.0,0.0,0.2718915241781321
20.641674391728678,0.0,0.0,0.14759825323854078
20.502791340939222,0.0,0.0,0.027189150016923645
20.371844289517018,0.0,0.0,0.0
20.265375153147623,0.0,0.0,0.0
20.178055511947274,0.0,0.0,0.0
20.121192518343932,0.0,0.0,0.0
20.081717424589833,0.0,0.0,0.0
20.042434747645803,0.0,0.0,0.0
20.001701403830758,0.0,0.0,0.0
19.958043202584246,0.0,0.0,0.0
19.90357087615303,0.0,0.0,0.0
19.879292248471675,0.0,0.0,0.13594576208906606
19.90814525852241,0.0,0.0,0.318501488776031
19.92555797840996,0.0,0.0,0.326269834501506
19.972081208708047,0.0,0.0,0.4427947459962533
20.073369400463953,0.0,0.0,0.5360147026307891
20.197149575342543,0.0,0.0,0.6098138772678509
20.40545868005349,0.0,0.0,0.92718634712081
20.61713528633478,0.0,0.0,1.0367177706633297
20.890170821661766,0.0,0.0,1.529375561882173
21.290748998764336,0.0,0.0,2.3422980381656826
21.42108126536874,0.0,0.0,1.904104727285451
21.615008845530095,0.0,0.0,2.631027781752764
21.932367954996224,0.0,0.0,2.8058811930254133
22.098862271529946,0.0,0.0,2.895071912133778
21.844677423511417,0.0,0.0,1.041647737743519
21.28525526715452,0.0,0.0,0.0
20.99648725823165,0.0,0.0,0.0
20.782639165183554,0.0,0.0,0.0
20.57566497665075,0.0,0.0,0.0
20.4001390868509,0.0,0.0,0.0
20.26740288094431,0.0,0.0,0.0
20.179579932650185,0.0,0.0,0.0
20.104054763855803,0.0,0.0,0.0
19.99981562521295,0.0,0.0,0.0
20.34806773670709,0.0,0.0,2.0806342615797115
20.393867979178097,0.0,0.0,0.758692389786204
20.265903091028328,0.0,0.0,1.0644740342732628
20.5774217893183,0.0,0.0,1.2349813170133934
21.05341058235839,0.0,0.0,2.288371976025747
21.499824471964995,0.0,0.0,1.9057003213253585
21.500530908938757,0.0,0.0,1.1055535457598544
21.539252806205997,0.0,0.0,1.0922937370968786
21.796995716335534,0.0,0.0,1.5514323465921518
22.193582472273075,0.0,0.0,2.3883731489556097
22.508682485117184,0.0,0.0,2.6415604641686063
22.77904520415791,0.0,0.0,2.9954217023291667
23.137895647072636,0.0,0.0,3.5303313920360893
23.289030825581403,0.0,0.0,3.0193029982373485
22.744198449262335,0.0,0.0,0.3815919607981078
22.180980240983,0.0,0.0,0.0
21.97209064076135,0.0,0.0,0.0
21.719977179994988,0.0,0.0,0.0
21.51574972835231,0.0,0.0,0.0
21.317852958331343,0.0,0.0,0.0
21.16636353895571,0.0,0.0,0.0
21.056634667442832,0.0,0.0,0.0
20.96292634634306,0.0,0.0,0.0
20.866610601161025,0.0,0.0,0.0
21.23851183431561,0.0,0.0,2.0512136950718705
21.671668477732204,0.0,0.0,2.336220363058553
22.112258816235087,0.0,0.0,3.5097920410847925
22.61384938488304,0.0,0.0,3.3073506263335024
22.80372149159469,0.0,0.0,2.7318564016055316
22.803511001665328,0.0,0.0,1.4987812420414988
22.737487241870067,0.0,0.0,1.071866525125997
22.826542479459885,0.0,0.0,0.9993554808778311
23.080830583446115,0.0,0.0,1.5260855546433272
23.459573754023804,0.0,0.0,2.1929205331566615
23.698283932529296,0.0,0.0,2.3511091875464305
24.051924224003688,0.0,0.0,3.2548828672626726
24.3842276715269,0.0,0.0,3.3966792896075875
24.32149233231917,0.0,0.0,2.465686846976347
23.89144773305108,0.0,0.0,0.8476736789976776
23.37212161308873,0.0,0.0,0.0
23.06752585141968,0.0,0.0,0.0
22.863018266502174,0.0,0.0,0.0
22.670123050060784,0.0,0.0,0.0
22.502855741401916,0.0,0.0,0.0
22.353790220919485,0.0,0.0,0.0
22.22336748222376,0.0,0.0,0.0
22.097189658672647,0.0,0.0,0.0
21.969218985450354,0.0,0.0,0.0
22.367155515230355,0.0,0.0,2.262125376231801
23.014666357518344,0.0,0.0,3.2888264908369966
23.295843792067163,0.0,0.0,2.8672205304030873
23.70946875316308,0.0,0.0,3.2530971307635244
24.08768076153926,0.0,0.0,2.7452897263488194
24.170184418865325,0.0,0.0,1.8543447064457435
24.121850508427407,0.0,0.0,1.2143085231511308
24.075212788986697,0.0,0.0,1.0974037117930857
24.27232207616813,0.0,0.0,1.530134281500546
24.656249986691897,0.0,0.0,2.3060859397436566
24.932816376279323,0.0,0.17697136239337852,2.712455988966987
25.0,0.0,0.6421546392268405,3.1682961177205717
25.0,0.0,1.0321797320668946,3.4528067958497037
25.0,0.0,0.914615343724274,2.8142515797082193
24.895182828426798,0.0,0.0,0.4600908207108721
24.5698599262884,0.0,0.0,0.0
24.273862718368896,0.0,0.0,0.0
24.089411810525508,0.0,0.0,0.0
23.901318212564316,0.0,0.0,0.0
23.745215493344816,0.0,0.0,0.0
23.60430902260251,0.0,0.0,0.0
23.480093299271857,0.0,0.0,0.0
23.359883512934513,0.0,0.0,0.0
23.236107215405973,0.0,0.0,0.0038841647168622287
23.65513289808247,0.0,0.0,2.3505702270542175
24.185817326914446,0.0,0.0,2.769579931413035
24.284173649843304,0.0,0.0,2.0346068643556383
24.667357771071806,0.0,0.24465295854630917,3.077024346695325
25.0,0.0,0.5162877554368445,2.8012962575180285
25.0,0.0,0.520315016890171,1.7441795992263975
25.0,0.0,0.4971135884537216,1.349387948452167
25.0,0.0,0.43047444411639135,1.1153243107523445
25.0,0.0,0.605891916721432,1.2788215045014388
25.0,0.0,0.7721262322320883,1.4079059686358826
25.0,0.0,0.5508590593581014,0.8040220265074456
25.0,0.0,0.4432814653767612,0.637002977552062
25.0,0.0,0.3163541428366039,0.4971730288808893
25.0,0.0,0.11860516749829306,0.28354398788886886
24.94334595368292,0.0,0.0,0.07768329262232344
24.80988085192363,0.0,0.0,0.0
24.67641396050471,0.0,0.0,0.0
24.55500030404359,0.0,0.0,0.0
24.428431417086973,0.0,0.0,0.0
24.30650970351642,0.0,0.0,0.0
24.18655034701021,0.0,0.0,0.0
24.070211215114835,0.0,0.0,0.0
23.963246941222415,0.0,0.0,0.0
23.866905217081793,0.0,0.0,0.003884164288131948
24.31807690818477,0.0,0.0,2.319823591257437
24.907558236011734,0.0,0.21777356013805224,3.2991985932964183
25.0,0.0,0.7930477056689819,3.43096034377415
25.0,0.0,1.240580405010874,3.1447961149289494
25.0,0.0,1.5297778283237453,2.7273012770123204
25.0,0.0,1.4968191441922842,1.8759745029407402
25.0,0.0,1.2201291614262866,1.1358447472112232
25.0,0.0,1.140508774342759,1.0098557019325287
25.0,0.0,1.4654556571401351,1.431120448052542
25.0,0.0,1.781538496826688,1.912363805472742
25.0,0.0,2.1034685711115566,2.345585856268733
25.0,0.0,2.8395140238286856,3.5276707249626966
25.0,0.0,2.64735447424303,2.6807769349236663
25.0,0.0,1.4836200223193654,0.29519650647708157
25.0,0.0,1.007998911925307,0.0815674586253765
25.0,0.0,0.6481731800420433,0.0
25.0,0.0,0.37600497561612023,0.0
25.0,0.0,0.16405689938656803,0.0
25.0,0.0,0.031306681228112816,0.0
24.96040623501174,0.0,0.0,0.0
24.876555829030593,0.0,0.0,0.0
24.77786552645525,0.0,0.0,0.0
24.66928821283038,0.0,0.0,0.0
24.572542556309863,0.0,0.0,0.003884164288131948
24.76497027591588,0.0,0.6159158067361082,2.381582994750902
25.0,0.0,1.233011284984354,3.3742463138990777
25.0,0.0,1.6513551252897902,3.2562494794002905
25.0,0.0,1.8993577507002515,2.9311630268716393
25.0,0.0,2.146620913928208,2.7126442746476838
25.0,0.0,1.991212169216556,1.7776945826507211
25.0,0.0,1.76726265803855,1.1762644578405301
25.0,0.0,1.6489327131487272,0.9451036056173553
25.0,0.0,1.9736301640886167,1.3698957086052175
25.0,0.0,2.543629331150967,2.3153547176477627
25.0,0.0,2.7640981794081503,2.5202628879580264
25.0,0.0,3.3111780698043085,3.476362196583602
25.0,0.0,3.4923252685974875,3.641991626398357
25.0,0.0,1.8994598269791458,0.29908065190108113
25.0,0.0,1.3719474454671499,0.0854516177687451
25.0,0.0,1.0455688102109706,0.0
25.0,0.0,0.8274217159727252,0.0
25.0,0.0,0.6457827052959814,0.0
25.0,0.0,0.4657144067908666,0.0
25.0,0.0,0.3005687904436006,0.0
25.0,0.0,0.17177992646778875,0.0
25.0,0.0,0.06632006239386909,0.0
24.983718247374828,0.0,0.0,0.0
24.98231577076175,0.0,0.0,0.24985115049363998
24.998597523386923,0.0,0.826010785361642,2.0539683213729587
25.0,0.0,1.6663005303726095,3.2931308207845227
25.0,0.0,2.23246178283783,3.483047780998354
25.0,0.0,2.5034861750968087,2.981655258501406
25.0,0.0,2.663586134869434,2.473165569841243
25.0,0.0,2.6493321357043005,1.8276677683618379
25.0,0.0,2.3759417985535483,1.214382828189633
25.0,0.0,2.2328804734587577,1.0924912297737972
25.0,0.0,2.4592071067059202,1.5034675341474855
25.0,0.0,2.9376265544167754,2.3518715537452426
25.0,0.0,2.84414511859265,1.9774710610838366
25.0,0.0,2.973765304103678,2.1977574192655105
25.0,0.0,3.040264399380046,2.302353398370301
25.0,0.0,3.2699786532422714,2.7973605371833172
25.0,0.0,1.9189016847846911,0.07379912661927039
25.0,0.0,1.4518310824918443,0.0
25.0,0.0,1.1193876150481488,0.0
25.0,0.0,0.8544624975975279,0.0
25.0,0.0,0.6650421621865825,0.0
25.0,0.0,0.5132949866924901,0.0
25.0,0.0,0.38532818880320213,0.0
25.0,0.0,0.26460849776981277,0.0
25.0,0.0,0.13953507077500238,0.0
24.994689772871656,0.0,0.0,0.007768328576263896
24.994689772871656,0.0,0.9591082334331763,2.2557941850699663
25.0,0.0,1.3117193418187365,2.5597428961587947
25.0,0.0,1.6518264775499443,2.587363115737739
25.0,0.0,2.4233642256735766,3.2992418267524797
25.0,0.0,2.691642787311203,2.8364721712118164
25.0,0.0,2.436720158206436,1.7463078078014123
25.0,0.0,2.155261087618209,1.2543312077531734
25.0,0.0,1.9680183882829603,1.1015799814111384
25.0,0.0,2.1256143905669562,1.4219148990753478
25.0,0.0,2.3717623587824264,1.8112633553072999
25.0,0.0,2.9711698218191063,2.8244327562908835
25.0,0.0,3.193081061358195,2.985004810486309
25.0,0.0,3.3061456104694256,3.1288021035197398
25.0,0.0,2.8658606035965444,2.2689682236067954
25.0,0.0,1.6113391807920723,0.18014524204120178
25.0,0.0,1.0282314641860202,0.0
25.0,0.0,0.6289629054766718,0.0
25.0,0.0,0.33285450160724095,0.0
25.0,0.0,0.12320378361104907,0.0
24.9872271038156,0.0,0.0,0.0
24.921116613339404,0.0,0.0,0.0
24.828030879731767,0.0,0.0,0.0
24.73201749126094,0.0,0.0,0.0
24.618501260012664,0.0,0.0,0.011652492864395845
24.780625138959685,0.0,0.05602035348453178,1.2860704607915405
25.0,0.0,0.8028164711119865,2.89800126972461
25.0,0.0,1.1885879122574583,2.5962483038678075
25.0,0.0,1.8641294435077158,2.927138299642438
25.0,0.0,2.341587631999452,2.8139047467716494
25.0,0.0,2.1904569697919296,1.8000218619717063
25.0,0.0,1.8086592954038738,1.17726070359594
25.0,0.0,1.574968554307537,1.0742893236609958
25.0,0.0,1.840507117122389,1.6206590928651496
25.0,0.0,2.228271146344155,2.336102509984294
25.0,0.0,2.23729007380789,2.2253483276985317
25.0,0.0,1.4996570620612328,0.7341070796105974
25.0,0.0,1.1223099236091771,0.46609975573394075
25.0,0.0,0.7299395352623267,0.17478740840022777
25.0,0.0,0.4269208434913081,0.08933578377179818
25.0,0.0,0.1514626387420786,0.0
24.97467583601391,0.0,0.0,0.0
24.88270819655987,0.0,0.0,0.0
24.77969587918524,0.0,0.0,0.0
24.70571770593223,0.0,0.0,0.0
24.643711946960035,0.0,0.0,0.0
24.59262280519403,0.0,0.0,0.0
24.540396372694648,0.0,0.0,0.0
24.48886173591223,0.0,0.0,0.015536657152527791
24.475194252752942,0.0,0.0,0.19032405869307104
24.499852052660955,0.0,0.0,0.35734313508719273
24.511025718700147,0.0,0.0,0.35345898966319306
24.557272945090396,0.0,0.0,0.46609975573394075
24.63993927540563,0.0,0.0,0.5593196300522627
24.7147829113286,0.0,0.0,0.6292346867040627
24.77236868099601,0.0,0.0,0.6680763055764865
24.796799956346412,0.0,0.0,0.6797287692872235
24.792222681884574,0.0,0.0,0.656423732110798
24.75239443547109,0.0,0.0,0.6020455315423757
24.678513877809095,0.0,0.0,0.5204780660573147
24.573214005788707,0.0,0.0,0.41560559083456633
24.445968561051956,0.0,0.0,0.29908065190108113
24.31200006586501,0.0,0.0,0.17478740840022777
24.188385540042525,0.0,0.0,0.05437830003384729
24.090908213206006,0.0,0.0,0.0
24.019209875678147,0.0,0.0,0.0
23.954405656066875,0.0,0.0,0.0
23.872988039511796,0.0,0.0,0.0
23.781048903501194,0.0,0.0,0.0
23.691073486596757,0.0,0.0,0.0
23.60705496763007,0.0,0.0,0.0
23.53612624295915,0.0,0.0,0.0
23.485012210636498,0.0,0.0,0.015536657152527791
23.499411906230463,0.0,0.0,0.2058607089859144
23.97149953376193,0.0,0.0,2.1444735967797057
24.570723001310142,0.0,0.0,2.807696748077444
24.797570050157017,0.0,0.0,2.4686139821384123
24.932095175325955,0.0,0.09584288697183688,2.4019589156124095
24.8222529366101,0.0,0.0,1.08033112980055
24.70870044055273,0.0,0.0,1.0160836468259442
24.725510274159433,0.0,0.0,0.9451084626347291
24.662616880851328,0.0,0.0,0.9798038841636743
24.571471647414615,0.0,0.0,0.955504438889355
24.34456251863135,0.0,0.0,0.5204780660573147
24.241268502439894,0.0,0.0,0.7418754253360725
24.581926618297313,0.0,0.0,2.0220687276112868
24.93730309770868,0.0,0.15770155889214138,2.5587567058568803
24.611758215512506,0.0,0.0,0.09710411577790432
24.222973574477685,0.0,0.0,0.0
24.090566143788426,0.0,0.0,0.0
23.89633662847749,0.0,0.0,0.0
23.763949985224727,0.0,0.0,0.0
23.645015925520998,0.0,0.0,0.0
23.552927878543205,0.0,0.0,0.0
23.469116638261617,0.0,0.0,0.0
23.38398919870576,0.0,0.0,0.0
23.334784247231177,0.0,0.0,0.19036134673593622
23.804497307079288,0.0,0.0,2.4799607228366036
24.438407828274045,0.0,0.0,3.3065458090137745
24.7989461133891,0.0,0.08979311907998636,3.4398898202512336
25.0,0.0,0.5017476361914952,3.2885262036461116
25.0,0.0,0.8616095264644212,2.839825878946275
25.0,0.0,0.49939586719745427,1.4585094234422455
25.0,0.0,0.29724721096001705,1.106772492525926
25.0,0.0,0.24004622379780308,1.1215106845779739
25.0,0.0,0.45280239886228324,1.4322916012825897
25.0,0.0,0.7236327786265611,1.7800153642985532
25.0,0.0,0.7385300502411781,1.5792122765214263
25.0,0.0,1.5628355687245978,3.10750154031962
25.0,0.0,1.482205131864167,2.5969706422906698
25.0,0.0,0.8196185829232854,1.2247323577736136
25.0,0.0,0.07144700798396823,0.11652493893348519
24.874294682558777,0.0,0.0,0.0
24.689510366550977,0.0,0.0,0.0
24.5774746532539,0.0,0.0,0.0
24.492280146468133,0.0,0.0,0.0
24.432121025485316,0.0,0.0,0.0
24.376280353651786,0.0,0.0,0.0
24.313753747719122,0.0,0.0,0.0
24.24784307658789,0.0,0.0,0.0
24.192532770597822,0.0,0.0,0.01942082315558086
24.199071034901568,0.0,0.0,0.20974488184865195
24.614808098545417,0.0,0.06425079174338154,1.9874962848558217
25.0,0.0,0.695772530436823,3.0554783290084426
25.0,0.0,1.353309903163269,3.2140322420763154
25.0,0.0,1.4667740538225107,2.473722715085075
25.0,0.0,1.378591756065111,1.7088037132028149
25.0,0.0,1.275634140981379,1.3308848150688797
25.0,0.0,1.117132844512291,1.0317030061357584
25.0,0.0,1.1688089536273603,1.1231834858968266
25.0,0.0,1.1187124477872161,1.0444082773831724
25.0,0.0,1.6029742946062548,2.0613433049901158
25.0,0.0,1.9847096979714276,2.727192054589459
25.0,0.0,1.7771224958393983,2.21963205204041
25.0,0.0,0.8094709522617793,0.41207855619182066
25.0,0.0,0.36958210108602846,0.12040909807685375
25.0,0.0,0.1017358457016073,0.0
24.975028420312025,0.0,0.0,0.0
24.899237835200545,0.0,0.0,0.0
24.808399666588755,0.0,0.0,0.0
24.725365554864354,0.0,0.0,0.0
24.64598591731172,0.0,0.0,0.0
24.569903453599387,0.0,0.0,0.0
24.483917115573043,0.0,0.0,0.0
24.3835952511802,0.0,0.0,0.01942082315558086
24.664770975058943,0.0,0.09951373454378983,1.9125236626572846
25.0,0.0,0.28311337780089363,2.4290213017754634
25.0,0.0,0.9915153236863665,3.0765613772258638
25.0,0.0,1.5793547540450688,3.1827746895139133
25.0,0.0,1.5922214076838686,2.2287992947290904
25.0,0.0,1.684934831194882,1.7690855002754922
25.0,0.0,1.559963459718258,1.263344208280508
25.0,0.0,1.4307155204437731,0.9783730531307165
25.0,0.0,1.733517293475767,1.4102226226035737
25.0,0.0,2.206682617736927,2.137302900917498
25.0,0.0,2.233075089091459,2.050660035689714
25.0,0.0,1.4904211172649713,0.7535278341693336
25.0,0.0,1.0303677085389953,0.5398988754935266
25.0,0.0,0.5685006074606644,0.28742816075160643
25.0,0.0,0.1823182344979917,0.062146628610111165
24.997460873618717,0.0,0.0,0.0
24.964501025966726,0.0,0.0,0.0
24.930438138959936,0.0,0.0,0.0
24.912683096547646,0.0,0.0,0.0
24.880836784723158,0.0,0.0,0.0
24.830179791272315,0.0,0.0,0.0
24.75601911526079,0.0,0.0,0.0
24.672437019869125,0.0,0.0,0.0
24.5934123079693,0.0,0.0,0.02330498572879169
24.5769098297005,0.0,0.0,0.20974488184865195
24.670219533063708,0.0,0.0,0.5711975098624328
24.80297261876843,0.0,0.0,0.7458811697075692
24.93113739105698,0.0,0.0,0.8039188451933597
24.999840762527846,0.0,0.004921186029944995,0.5670879757777377
25.0,0.0,0.18100936563447048,0.637002977552062
25.0,0.0,0.44920879542121034,0.8697133281878475
25.0,0.0,0.6652798065535332,0.9621946491227629
25.0,0.0,1.129849248014062,1.4361101747140244
25.0,0.0,1.4729232841682742,1.6955954073026354
25.0,0.0,1.760422775091857,2.0294719556469576
25.0,0.0,1.2040499612732025,1.0087281957622238
25.0,0.0,0.7711951757482004,0.798474032543804
25.0,0.0,0.20840420173949192,0.326269834501506
24.921744476530122,0.0,0.0,0.06603079461316425
24.819722927042555,0.0,0.0,0.0
24.784759745012906,0.0,0.0,0.0
24.757770763725755,0.0,0.0,0.0
24.690820526252182,0.0,0.0,0.0
24.585125804654314,0.0,0.0,0.0
24.476247469029104,0.0,0.0,0.0
24.377199003598037,0.0,0.0,0.0
24.29113313774632,0.0,0.0,0.0
24.221234976158165,0.0,0.0,0.027189150016923645
24.296011056226334,0.0,0.0,0.5444448979874104
24.470232586609683,0.0,0.0,0.8807861141665545
24.64919467898305,0.0,0.0,1.085291863454899
24.87862502799151,0.0,0.05032024188308343,1.338702910102
25.0,0.0,1.040028199301766,2.7805072878916577
25.0,0.0,1.0007052188368835,1.6993222511591197
25.0,0.0,1.0189713840175034,1.360351582110767
25.0,0.0,0.9699803188091349,1.1174752164174395
25.0,0.0,1.0062175339036508,1.0432071184089458
25.0,0.0,1.4948109695557084,1.8574023722833868
25.0,0.0,2.1030338632898604,2.781675104116503
25.0,0.0,2.242789851416722,2.6421692401779713
25.0,0.0,2.8489713834757517,3.631642938657384
25.0,0.0,2.2697239252023107,2.0634886250313373
25.0,0.0,1.1631509510454472,0.10875660006769458
25.0,0.0,0.7172665625449575,0.0
25.0,0.0,0.4071228436513694,0.0
25.0,0.0,0.1612976157206544,0.0
24.99301637787589,0.0,0.0,0.0
24.92212317466044,0.0,0.0,0.0
24.819217808359255,0.0,0.0,0.0
24.732978746618706,0.0,0.0,0.0
24.646266788865198,0.0,0.0,0.0
24.5814972085674,0.0,0.0,0.031073314305055583
24.635321322345316,0.0,0.0,0.4263729155949312
24.857223167599113,0.0,1.1743973921134683,3.415598003053951
25.0,0.0,1.2265759628854156,2.5663177865672764
25.0,0.0,1.6473522580811226,2.6027581939764106
25.0,0.0,2.1741024584882203,2.870063744196253
25.0,0.0,2.1154085308917514,2.0262681142420593
25.0,0.0,1.7650307971390915,1.2255019417410082
25.0,0.0,1.6150951420161759,1.0784586434741605
25.0,0.0,1.8680770776531506,1.4914494858816472
25.0,0.0,2.267701965111935,2.2107564035077614
25.0,0.0,2.805452265030116,3.1295847261978946
25.0,0.0,2.5686846496101414,2.3817085023987814
25.0,0.0,1.8401680415940305,1.0014705271288167
25.0,0.0,1.2376698122546077,0.29908065190108113
25.0,0.0,0.7882138259999434,0.06991495375653284
25.0,0.0,0.4431340641987319,0.0
25.0,0.0,0.17838203103350275,0.0
25.0,0.0,0.00989146226598273,0.0
24.9700821390973,0.0,0.0,0.0
24.930954653003816,0.0,0.0,0.0
24.90250563783347,0.0,0.0,0.0
24.865904247518515,0.0,0.0,0.0
24.829622410757477,0.0,0.0,0.0
24.79650816190658,0.0,0.0,0.015536658867448915
24.800706602646855,0.0,0.0,0.12429325722022233
24.85240902450471,0.0,0.0,0.24470234157770712
24.923569147796133,0.0,0.0,0.36511148081266775
24.980709851197616,0.0,0.2221008983716375,0.7535278341693336
25.0,0.0,0.4384365300833532,0.8839999838032827
25.0,0.0,0.6900470525592713,1.0110934872030524
25.0,0.0,0.8557536485917889,0.9704684679108029
25.0,0.0,0.9917194761850744,0.9313124680626818
25.0,0.0,1.2965191185311091,1.2675827046001287
25.0,0.0,1.666780424374479,1.744231809681715
25.0,0.0,1.9117409848312268,2.020266386835839
25.0,0.0,2.20881062334785,2.466977507771389
25.0,0.0,2.267700440177804,2.453057352616588
25.0,0.0,1.3362037636263184,0.5526581110787764
25.0,0.0,0.8274385557391684,0.14371408037580322
25.0,0.0,0.47405966382360526,0.0
25.0,0.0,0.23188676777768705,0.0
25.0,0.0,0.044693417208440625,0.0
24.956838200159822,0.0,0.0,0.0
24.868113311086006,0.0,0.0,0.0
24.769683619073803,0.0,0.0,0.0
24.662739900938554,0.0,0.0,0.0
24.560167604200437,0.0,0.0,0.0
24.48262581447854,0.0,0.0,0.03107331773489783
24.726789603069037,0.0,0.6775658174096558,2.64501417762851
25.0,0.0,1.2052533774472411,3.384993508137613
25.0,0.0,1.558277096697768,3.157228993615599
25.0,0.0,1.9652185828382145,3.2405539068361966
25.0,0.0,2.08451643637814,2.764913964765446
25.0,0.0,1.9405612164407728,1.9405077087921814
25.0,0.0,1.504390209234019,1.0417991562382205
25.0,0.0,1.4552534027902988,1.061561298341445
25.0,0.0,1.6066958970993115,1.2802142715052258
25.0,0.0,2.1809293909603324,2.3370939169841427
25.0,0.0,2.652416670758604,3.0688283822117115
25.0,0.0,2.9768559190890502,3.4258994125165696
25.0,0.0,3.0362734891837238,3.324819713584424
25.0,0.0,2.9677763024025383,3.1233884768647164
25.0,0.0,1.9413341671563586,1.1300917906538752
25.0,0.0,0.9903423727983883,0.0
25.0,0.0,0.5552254464499614,0.0
25.0,0.0,0.24548468874340562,0.0
25.0,0.0,0.029840842823767966,0.0
24.928070724146828,0.0,0.0,0.0
24.797687248557246,0.0,0.0,0.0
24.668671489377644,0.0,0.0,0.0
24.53673747628998,0.0,0.0,0.0
24.52504850390545,0.0,0.0,0.37307349054787337
24.787365992582696,0.0,0.43079591043481846,2.221028580788181
25.0,0.0,0.7670997483181257,2.56581397780272
25.0,0.0,1.582214427949196,3.4062672718744444
25.0,0.0,1.7160047977575272,2.7449072661321403
25.0,0.0,2.0180794579999044,2.7292704510668986
25.0,0.0,1.7423431350974228,1.6736531564604524
25.0,0.0,1.4478365079393551,1.1357942317465182
25.0,0.0,1.325301669126137,1.0289448517112307
25.0,0.0,1.656205496958258,1.4489611356888437
25.0,0.0,2.226980064057239,2.286934466918959
25.0,0.0,2.7577620559215252,2.9411861710460534
25.0,0.0,3.1637235484610655,3.378582579563379
25.0,0.0,3.269272359387873,3.3844518113091064
25.0,0.0,2.99990810574194,2.8317531664822533
25.0,0.0,2.4738951677964196,2.0032136908237463
25.0,0.0,1.193576766006089,0.0
25.0,0.0,0.7062130225594512,0.0
25.0,0.0,0.3678288015401146,0.0
25.0,0.0,0.11989267416675121,0.0
24.95999674839746,0.0,0.0,0.0
24.85263684998849,0.0,0.0,0.0
24.74111145750235,0.0,0.0,0.0
24.65640199265721,0.0,0.0,0.0
24.605971573199504,0.0,0.0,0.03884164631116172
24.640036365740997,0.0,0.0,0.22528153214149527
24.729223042620745,0.0,0.0,0.39230058109687893
24.868836683849302,0.0,0.0,0.5826246672286879
24.981609070515937,0.0,0.19950761575268794,0.825394783283732
25.0,0.0,0.4437054555733064,0.9088944742914561
25.0,0.0,0.45517106843434807,0.6447713232775371
25.0,0.0,0.5146175083227393,0.6836129421499608
25.0,0.0,0.53272045616033,0.6952654058606978
25.0,0.0,0.49756063634461795,0.6719604235617483
25.0,0.0,0.43163789657243695,0.6175821132383743
25.0,0.0,0.3368203392524851,0.5398988754935266
25.0,0.0,0.35761206873939955,0.691381287875436
25.0,0.0,0.2620721591217928,0.5632038577924761
25.0,0.0,0.07982720488323441,0.3107331704892938
24.94341878796828,0.0,0.0,0.07768329262232344
24.842684446267526,0.0,0.0,0.0
24.766526229067424,0.0,0.0,0.0
24.699247383839253,0.0,0.0,0.0
24.62884429671504,0.0,0.0,0.0
24.544016977809882,0.0,0.0,0.0
24.427168476074087,0.0,0.0,0.0
24.28171887420993,0.0,0.0,0.0
24.12464237913128,0.0,0.0,0.0
23.989554106037136,0.0,0.0,0.01942082315558086
23.913642638988218,0.0,0.0,0.12817743008295993
23.890029335551507,0.0,0.0,0.25247068730318223
23.888733162156832,0.0,0.0,0.37287977166066705
23.898116887450275,0.0,0.0,0.481636392307415
23.911135618036784,0.0,0.0,0.5748563215032129
23.91921733661813,0.0,0.0,0.6447713232775371
23.918940914467477,0.0,0.0,0.6874971150126985
23.907232596026773,0.0,0.0,0.6952654058606978
23.880684030850222,0.0,0.0,0.6719604235617483
23.839194949498385,0.0,0.0,0.6214663409785876
23.779380442676157,0.0,0.0,0.5398988754935266
23.69401943598743,0.0,0.0,0.4389105731335158
23.580866555799382,0.0,0.0,0.32238566163876853
23.449618034410676,0.0,0.0,0.20197654984254582
23.321277246505197,0.0,0.0,0.0815674586253765
23.208058951912903,0.0,0.0,0.003884164288131948
23.116461468774716,0.0,0.0,0.0
23.03493673367198,0.0,0.0,0.0
22.939063885563478,0.0,0.0,0.0
22.825674003768853,0.0,0.0,0.0
22.69641233412526,0.0,0.0,0.0
22.559535432328385,0.0,0.0,0.0
22.43185525882188,0.0,0.0,0.0
22.346488471087557,0.0,0.0,0.04272580888437255
22.356823609042088,0.0,0.0,0.24858651444044466
22.439406668217632,0.0,0.0,0.44667891885899086
22.5585462115648,0.0,0.0,0.656423732110798
22.755175839627015,0.0,0.0,1.043811183743168
22.951626279859394,0.0,0.0,1.1661518711615086
23.089543123799253,0.0,0.0,1.1485051597951688
23.167715347590935,0.0,0.0,0.984385045785111
23.20528437202929,0.0,0.0,0.9006279095717725
23.180025506563148,0.0,0.0,0.6758445964244858
23.19688558142316,0.0,0.0,0.9826935940510418
23.203506285691482,0.0,0.0,0.858400281953344
23.05394690152778,0.0,0.0,0.4389105731335158
22.942405514253924,0.0,0.0,0.326269834501506
22.86542836401938,0.0,0.0,0.20197654984254582
22.755788856798937,0.0,0.0,0.0815674586253765
22.636062022795475,0.0,0.0,0.003884164288131948
22.516771083408656,0.0,0.0,0.0
22.40923973019873,0.0,0.0,0.0
22.31127545271322,0.0,0.0,0.0
22.222608185806173,0.0,0.0,0.0
22.140585449925666,0.0,0.0,0.0
22.063602678769815,0.0,0.0,0.0
21.985025374784403,0.0,0.0,0.0
21.902086325896025,0.0,0.0,0.02330498572879169
21.83587919203566,0.0,0.0,0.1320615892263285
21.797896019331485,0.0,0.0,0.25635486016591985
21.78875072836842,0.0,0.0,0.3767639170846668
21.8133981669631,0.0,0.0,0.48552056517015274
21.85785261131064,0.0,0.0,0.5787404394884745
21.905829133127444,0.0,0.0,0.6486554961402746
21.939747781144742,0.0,0.0,0.6874971150126985
21.95687998896341,0.0,0.0,0.6991496336009111
21.95199897720464,0.0,0.0,0.6758445964244858
21.923510734347243,0.0,0.0,0.6214663409785876
21.883256058154558,0.0,0.0,0.5437830483562642
21.901164613781123,0.0,0.0,0.6991496336009111
21.908117370802444,0.0,0.0,0.5748563215032129
21.828158230414168,0.0,0.0,0.32238566163876853
21.71675687395707,0.0,0.0,0.13594576208906606
21.583398827689297,0.0,0.0,0.003884164288131948
21.471852052844255,0.0,0.0,0.0
21.38560484097465,0.0,0.0,0.0
21.31951444070757,0.0,0.0,0.0
21.27116436905237,0.0,0.0,0.0
21.221315596726612,0.0,0.0,0.0
21.159971373769558,0.0,0.0,0.0
21.087884188729305,0.0,0.0,0.0
21.021844965488988,0.0,0.0,0.02330498572879169
20.983829794937392,0.0,0.0,0.13594576208906606
20.984229336926912,0.0,0.0,0.25635486016591985
21.027524844336863,0.0,0.0,0.3767639170846668
21.117492750788873,0.0,0.0,0.48552056517015274
21.225378310842856,0.0,0.0,0.5787404394884745
21.321075273846585,0.0,0.0,0.6486554961402746
21.386412108134394,0.0,0.0,0.6874971150126985
21.425237435785505,0.0,0.0,0.6991496336009111
21.446703514342538,0.0,0.0,0.6758445964244858
21.45223296236348,0.0,0.0,0.6253504589638493
21.44356803132061,0.0,0.0,0.5437830483562642
21.421334905668946,0.0,0.0,0.4427947459962533
21.382345483443295,0.0,0.0,0.33015397992550566
21.317152761120635,0.0,0.0,0.2058607089859144
21.222023335231768,0.0,0.0,0.13594576208906606
21.07682444075386,0.0,0.0,0.007768328576263896
20.92305897153336,0.0,0.0,0.0
20.79506998446132,0.0,0.0,0.0
20.68224910869617,0.0,0.0,0.0
20.59116020478862,0.0,0.0,0.0
20.510860701466683,0.0,0.0,0.0
20.435908620907288,0.0,0.0,0.0
20.362292925954975,0.0,0.0,0.0
20.29995430551275,0.0,0.0,0.02330498572879169
20.277377585156025,0.0,0.0,0.13594576208906606
20.3022792939516,0.0,0.0,0.25635486016591985
20.418984997166135,0.0,0.0,0.5942771858169007
20.686148541710917,0.0,0.0,1.1316924365400616
21.1563987687355,0.0,0.0,2.0151145872431444
21.48709150366665,0.0,0.0,1.60613303970256
21.58819703544506,0.0,0.0,1.1584976712366049
21.730006903597538,0.0,0.0,1.0410939436910325
22.030473528256188,0.0,0.0,1.5704947927178683
22.404148828982535,0.0,0.0,2.1252905649224516
22.678733390221097,0.0,0.0,2.44807550643544
22.952069702216363,0.0,0.0,2.692841444228542
23.30756850478351,0.0,0.0,3.2132563881675646
23.428337338315234,0.0,0.0,2.446082500930054
23.26411401753716,0.0,0.0,1.7397649660118577
22.752098416458768,0.0,0.0,0.003884164288131948
22.285925368498294,0.0,0.0,0.0
22.112137423632973,0.0,0.0,0.0
21.91396772992038,0.0,0.0,0.0
21.794797203945848,0.0,0.0,0.0
21.677134743664677,0.0,0.0,0.0
21.57342349751939,0.0,0.0,0.0
21.48402116592666,0.0,0.0,0.0
21.441811171257022,0.0,0.0,0.04660997145758338
21.506462357910436,0.0,0.0,0.25635486016591985
21.809186373899266,0.0,0.0,1.11469840085831
22.062093220839323,0.0,0.0,0.9366159681681347
22.262291015512268,0.0,0.0,1.1508409665784647
22.468036087902497,0.0,0.0,0.920546938002193
22.632745429866382,0.0,0.0,1.0293036684038925
22.839075636141693,0.0,0.0,1.0319778373987247
22.955823058342357,0.0,0.0,0.9642913580109459
23.05242015787934,0.0,0.0,0.9954284624300602
23.14351525831651,0.0,0.0,1.1001352830088253
23.14629970696626,0.0,0.0,0.8661686276788189
23.04641066445174,0.0,0.0,0.44667891885899086
22.987936103740488,0.0,0.0,0.33015397992550566
22.947919170558357,0.0,0.0,0.20974488184865195
22.811536692599446,0.0,0.0,0.08933578377179818
22.591060776989583,0.0,0.0,0.003884164288131948
22.355950151452852,0.0,0.0,0.0
22.15437733270631,0.0,0.0,0.0
22.023298864608577,0.0,0.0,0.0
21.95915850073767,0.0,0.0,0.0
21.91589889870012,0.0,0.0,0.0
21.88076040489929,0.0,0.0,0.0
21.845640320691047,0.0,0.0,0.0
21.81119168650526,0.0,0.0,0.027189150016923645
21.80076488040268,0.0,0.0,0.13594576208906606
21.81512120320389,0.0,0.0,0.26023903302865736
21.849629155092934,0.0,0.0,0.38064811738614207
21.90801680370302,0.0,0.0,0.48940468315541424
21.97508415382982,0.0,0.0,0.5826246672286879
22.03970691187613,0.0,0.0,0.652539669003012
22.088921943621994,0.0,0.0,0.691381287875436
22.123015307352432,0.0,0.0,0.7030337515861728
22.15405792496842,0.0,0.0,0.6797287692872235
22.1757455608492,0.0,0.0,0.6253504589638493
22.180347225892497,0.0,0.0,0.5476671663415258
22.155451451700124,0.0,0.0,0.44667891885899086
22.0968921484308,0.0,0.0,0.3340381527882432
22.011872101379126,0.0,0.0,0.21362904099202054
21.90305876754485,0.0,0.0,0.09321994291516676
21.78663249500091,0.0,0.0,0.003884164288131948
21.690763377485858,0.0,0.0,0.0
21.621973482015424,0.0,0.0,0.0
21.578862072804217,0.0,0.0,0.0
21.553194442850575,0.0,0.0,0.0
21.52918358819433,0.0,0.0,0.0
21.501754207177058,0.0,0.0,0.0
21.46677757335106,0.0,0.0,0.0
21.43472345997447,0.0,0.0,0.027189150016923645
21.430572184119548,0.0,0.0,0.13982990751306568
21.454732167700286,0.0,0.0,0.26023903302865736
21.500031283105486,0.0,0.0,0.38064811738614207
21.56179309476196,0.0,0.0,0.48940468315541424
21.626855374018984,0.0,0.0,0.5826246672286879
21.688265975022663,0.0,0.0,0.652539669003012
21.730602429848812,0.0,0.0,0.691381287875436
21.75591130890268,0.0,0.0,0.7030337515861728
21.771731531368232,0.0,0.0,0.6797287692872235
21.78038605049633,0.0,0.0,0.6292346867040627
21.773452229448885,0.0,0.0,0.5476671663415258
21.745459376476177,0.0,0.0,0.45056306428299053
21.698997292429542,0.0,0.0,0.3340381527882432
21.637469618771735,0.0,0.0,0.21362904099202054
21.582045662304687,0.0,0.0,0.09321994291516676
21.54627883409827,0.0,0.0,0.007768328576263896
21.537769419465256,0.0,0.0,0.0
21.53180026315117,0.0,0.0,0.0
21.50465042905979,0.0,0.0,0.0
21.473385609777615,0.0,0.0,0.0
21.442801825303462,0.0,0.0,0.0
21.417763393676402,0.0,0.0,0.0
21.403769483658728,0.0,0.0,0.0
21.402289109931033,0.0,0.0,0.027189150016923645
21.46050254897527,0.0,0.0,0.21751320013538916
21.57656990222656,0.0,0.0,0.4078372725478292
21.675623552958108,0.0,0.0,0.38064811738614207
21.796873045779726,0.0,0.0,0.48940468315541424
21.95065257750223,0.0,0.0,0.5826246672286879
22.07523031506092,0.0,0.0,0.652539669003012
22.15854664958126,0.0,0.0,0.691381287875436
22.214568245318876,0.0,0.0,0.7030337515861728
22.33057290639439,0.0,0.0,0.9153013632403402
22.489107553476266,0.0,0.0,1.0074148471124378
22.939392258767963,0.0,0.0,2.3204801807260993
23.08251404381633,0.0,0.0,1.2230375127851654
22.88029607295466,0.0,0.0,0.8198054781058165
22.783055699580874,0.0,0.0,0.40395309968509163
22.59092918607082,0.0,0.0,0.18643988583033352
22.429911103600304,0.0,0.0,0.007768328576263896
22.270848531727804,0.0,0.0,0.0
22.137360486906903,0.0,0.0,0.0
21.99455326642591,0.0,0.0,0.0
21.866938782715916,0.0,0.0,0.0
21.768944677749545,0.0,0.0,0.0
21.707930840937273,0.0,0.0,0.0
21.661937662775514,0.0,0.0,0.0
21.728177603398787,0.0,0.0,0.495574793467069
22.274399724579656,0.0,0.0,2.6305965550522847
22.900115602800017,0.0,0.0,3.3414702967570133
23.11103263621154,0.0,0.0,2.6519408827730397
23.5211066112362,0.0,0.0,3.30785658651152
23.892403319277225,0.0,0.0,2.6749106144353
23.953346458476968,0.0,0.0,1.9529656526301753
23.895567988620932,0.0,0.0,1.1933535291553632
23.82510177465366,0.0,0.0,1.1270327113717242
24.024543189903167,0.0,0.0,1.525724392464179
24.319352639653108,0.0,0.0,1.9980838675240735
24.729664993826308,0.0,0.047253976080763906,3.001985284286211
25.0,0.0,0.4074687356696571,3.4520248585967552
25.0,0.0,0.7091044901405661,3.4143617267327278
24.736650312045704,0.0,0.0,0.39230058109687893
24.402459769322242,0.0,0.0,0.1709032355374902
24.221436999991184,0.0,0.0,0.011652492864395845
24.070081060153917,0.0,0.0,0.0
23.961559550136855,0.0,0.0,0.0
23.833510676322703,0.0,0.0,0.0
23.710295993643697,0.0,0.0,0.0
23.59772076572433,0.0,0.0,0.0
23.50780002116383,0.0,0.0,0.0
23.448187926159406,0.0,0.0,0.0
23.44093651245113,0.0,0.0,0.054378296604005054
23.53054601579553,0.0,0.0,0.26023903302865736
24.193874362256214,0.0,0.0,2.6235874922858895
24.82524631300557,0.0,0.0,2.5969070454691185
24.935198774795083,0.0,0.7476238304424138,3.3620490460264336
25.0,0.0,0.8435096076258358,2.6296917058187623
25.0,0.0,0.5100116408699735,1.5631034457149906
25.0,0.0,0.30608149096445736,1.2670319190219543
25.0,0.0,0.19242575690645025,1.207112622077566
25.0,0.0,0.29968539325024013,1.3406874517177696
25.0,0.0,0.8365361702399564,2.141696680613769
25.0,0.0,1.2371424798897837,2.571751221993554
25.0,0.0,0.6236779248490267,1.0554833060129019
25.0,0.0,0.39708400622935086,0.8856976598769258
25.0,0.0,0.010399926903822538,0.4078372725478292
24.868974865014692,0.0,0.0,0.18643988583033352
24.659573427790832,0.0,0.0,0.011652492864395845
24.52385172331365,0.0,0.0,0.0
24.43422822466968,0.0,0.0,0.0
24.37568927132927,0.0,0.0,0.0
24.32617268864839,0.0,0.0,0.0
24.277314999999277,0.0,0.0,0.0
24.217840541972755,0.0,0.0,0.0
24.153974266683843,0.0,0.0,0.0
24.119552021802043,0.0,0.0,0.05437830003384729
24.1577619927857,0.0,0.0,0.24858651444044466
24.258858787639024,0.0,0.0,0.4583314100084655
24.395198860375963,0.0,0.0,0.6719604235617483
24.537833084136537,0.0,0.0,0.7854399326216583
24.740529220807282,0.0,0.0,1.164542058957755
24.93153409232725,0.0,0.0,1.214750315536214
24.992297668676834,0.0,0.04118127868094436,1.1052317717841555
25.0,0.0,0.21248354526955357,1.27017445312165
25.0,0.0,0.42443903458738835,1.399393010347402
25.0,0.0,0.9852438005238786,2.2769341358897397
25.0,0.0,1.0362056910539021,2.13557082781705
25.0,0.0,1.6434566215609407,3.189212627476622
25.0,0.0,1.43164429087938,2.436409704107006
25.0,0.0,1.2749135519043597,2.141491045943595
25.0,0.0,0.24369836078241255,0.19420823155580863
24.917464060539135,0.0,0.0,0.015536657152527791
24.740217466288684,0.0,0.0,0.0
24.587127005850075,0.0,0.0,0.0
24.47008959896134,0.0,0.0,0.0
24.36082644863955,0.0,0.0,0.0
24.257026547883925,0.0,0.0,0.0
24.148444640591727,0.0,0.0,0.0
24.047889032771728,0.0,0.0,0.0
23.987382210747263,0.0,0.0,0.050494137460636454
24.09151305242876,0.0,0.0,0.5574182165412944
24.19444546853049,0.0,0.0,0.4583314100084655
24.29251275042496,0.0,0.0,0.6758445964244858
24.70355861386116,0.0,0.5256984143262364,2.8108157350795357
25.0,0.0,0.4511480685403836,2.168886018791523
25.0,0.0,0.607226771537567,1.8516329673562015
25.0,0.0,0.33081078829961674,1.1759365068641205
25.0,0.0,0.1805580653541498,0.9274278386184782
25.0,0.0,0.06185989193566557,0.6836129421499608
25.0,0.0,0.04745124524966943,0.6331188046893247
25.0,0.0,0.03539922642286304,0.5554355120670009
25.0,0.0,0.10646757448517341,0.718570443037123
25.0,0.0,0.02359126360429703,0.5981613038021623
24.928482513955625,0.0,0.0,0.345690643937718
24.80404601644519,0.0,0.0,0.1592507443880155
24.694960299577378,0.0,0.0,0.015536657152527791
24.612052357081566,0.0,0.0,0.0
24.55246920423323,0.0,0.0,0.0
24.488890189959427,0.0,0.0,0.0
24.427717811864,0.0,0.0,0.0
24.37000652866172,0.0,0.0,0.0
24.32336635599087,0.0,0.0,0.0
24.286763071410935,0.0,0.0,0.0
24.261357141250407,0.0,0.0,0.03107331773489783
24.269039275076217,0.0,0.0,0.14371408037580322
24.316732867179994,0.0,0.0,0.264123178452657
24.449744025925494,0.0,0.0,0.6020455315423757
24.632284072584838,0.0,0.0,0.794439277297796
24.842523615467023,0.0,0.0,1.098215138376189
24.98569481339123,0.0,0.2172428122505355,1.3645369513886205
25.0,0.0,0.32948607724963547,1.275029139055035
25.0,0.0,0.25828397635142514,0.9797716920422844
25.0,0.0,0.34271905672619246,1.0320973876014539
25.0,0.0,1.0107584142775885,2.0919229130531107
25.0,0.0,0.8560542368166595,1.4225335259827643
25.0,0.0,0.6312734550431681,0.8079061993701833
25.0,0.0,0.5470070696813571,0.6020455315423757
25.0,0.0,0.4399450604171256,0.3845322902488797
25.0,0.0,0.2936275454158345,0.19420823155580863
25.0,0.0,0.09551243899938223,0.015536657152527791
24.984722571457645,0.0,0.0,0.0
24.928715991182024,0.0,0.0,0.0
24.867285338915462,0.0,0.0,0.0
24.821375963998467,0.0,0.0,0.0
24.777908761200955,0.0,0.0,0.0
24.738668604910078,0.0,0.0,0.0
24.690984158314357,0.0,0.0,0.0
24.649105920570218,0.0,0.0,0.050494137460636454
24.6580093438849,0.0,0.0,0.25247068730318223
24.79179192953027,0.0,0.0,0.7260429767461326
24.950748236417738,0.0,1.3000602069681433,3.2774871461086827
25.0,0.0,1.3715955273361193,2.243884767775401
25.0,0.0,1.5187410154513055,1.814724182292405
25.0,0.0,1.812412374161439,1.8560844170197761
25.0,0.0,1.6517507666747646,1.3289376653995462
25.0,0.0,1.5460343035941655,1.164949310843472
25.0,0.0,1.62996091670157,1.2915571550956113
25.0,0.0,2.019578801690578,2.0022857544718504
25.0,0.0,1.5789137470744026,1.132660664793021
25.0,0.0,1.2153811593483583,0.8117903722329207
25.0,0.0,0.8486280670078606,0.6020455315423757
25.0,0.0,0.4845009514442225,0.38841646311161726
25.0,0.0,0.2255683488866877,0.18643988583033352
25.0,0.0,0.0872297054413745,0.01942082315558086
25.0,0.0,0.036714423965167955,0.0
24.989469415931367,0.0,0.0,0.0
24.924192707650057,0.0,0.0,0.0
24.826964777486644,0.0,0.0,0.0
24.748155445626097,0.0,0.0,0.0
24.697117937458124,0.0,0.0,0.0
24.66968265634278,0.0,0.0,0.0
24.652112046833796,0.0,0.0,0.031073314305055583
24.657059914411633,0.0,0.0,0.14371408037580322
24.681666972001228,0.0,0.0,0.264123178452657
24.77557464459074,0.0,0.0,0.6059296495276374
24.90047332310791,0.0,0.0,0.7941679644585861
24.973139104197763,0.0,0.14020886037441313,1.0598954401817022
25.0,0.0,0.23497439823509517,1.0627106889018756
25.0,0.0,0.4603767886724947,1.2888157771726512
25.0,0.0,0.43278542210992277,1.0830497130800913
25.0,0.0,0.6191733505713718,1.279697317120219
25.0,0.0,0.8639332486384067,1.5812316979671757
25.0,0.0,0.8701252123803553,1.4105470476176745
25.0,0.0,0.8156585991881649,1.2559473602753197
25.0,0.0,1.2134155648591451,2.100934347363423
25.0,0.0,0.5731560471391438,0.6539873553448351
25.0,0.0,0.19930859978071463,0.19032405869307104
24.98967089864393,0.0,0.0,0.015536657152527791
24.926239297941553,0.0,0.0,0.0
24.834192865206823,0.0,0.0,0.0
24.737401371800733,0.0,0.0,0.0
24.613512818476444,0.0,0.0,0.0
24.478991946415924,0.0,0.0,0.0
24.34073426743959,0.0,0.0,0.0
24.21146317335326,0.0,0.0,0.0
24.13248447687303,0.0,0.0,0.050494137460636454
24.55649953712835,0.0,0.32526664226766216,2.6459017060570176
25.0,0.0,0.6660478545776116,3.1829061214374836
25.0,0.0,1.2814145676071105,3.422536137513876
25.0,0.0,1.4309457751262542,2.8652898611683004
25.0,0.0,1.5687807704985042,2.5469365013553755
25.0,0.0,1.131817775254757,1.359550014197273
25.0,0.0,1.0735917715565302,1.282712271342037
25.0,0.0,0.919432463950838,1.0300008210567462
25.0,0.0,1.2957802603870368,1.5926085709175266
25.0,0.0,1.7313393071790375,2.208448244442881
25.0,0.0,2.3175333102508575,3.075530222431143
25.0,0.0,2.450432144077551,2.933004487736299
25.0,0.0,2.7036193316120625,3.247829118201609
25.0,0.0,2.250830288907455,2.171203144382099
25.0,0.0,2.188729144304436,2.2797604745802196
25.0,0.0,1.0789301751551101,0.3146586455266986
25.0,0.0,0.5363763272536743,0.0
25.0,0.0,0.20943019639833235,0.0
24.98439169414003,0.0,0.0,0.0
24.879300317657236,0.0,0.0,0.0
24.729633986731606,0.0,0.0,0.0
24.594871695231795,0.0,0.0,0.0
24.452086005320595,0.0,0.0,0.0
24.547054312640036,0.0,0.0,0.9494223615062669
24.855114639336836,0.0,0.39311582417606483,2.6319638647354915
25.0,0.0,0.8594034311218275,3.18673226016222
25.0,0.0,1.3622212194724448,3.274341627772705
25.0,0.0,1.76198331443238,3.095870454699225
25.0,0.0,1.733003177872306,2.171373886449868
25.0,0.0,1.7204443189787384,1.639047198567328
25.0,0.0,1.5979055041843173,1.2824311714387129
25.0,0.0,1.5149804497900914,1.13777394294168
25.0,0.0,1.5028914050978024,1.028665908144767
25.0,0.0,2.1134789643187344,2.050279852421157
25.0,0.0,2.4840336043505604,2.491404868502668
25.0,0.0,2.2202422945193634,1.7769991012308681
25.0,0.0,2.5815906617190922,2.666674805437659
25.0,0.0,1.5958012123780079,0.6412864308866006
25.0,0.0,1.0900075708592258,0.20197654984254582
25.0,0.0,0.7360180329312667,0.01942082315558086
25.0,0.0,0.5011385124987363,0.0
25.0,0.0,0.2567380942629825,0.0
25.0,0.0,0.022326819697150817,0.0
24.91428023683209,0.0,0.0,0.0
24.792101606946513,0.0,0.0,0.0
24.737291934939734,0.0,0.0,0.0
24.70684599916018,0.0,0.0,0.0
24.692783424263208,0.0,0.0,0.05826246946674259
24.72369268263307,0.0,0.0,0.25247068730318223
24.8043735749991,0.0,0.0,0.4622155828712032
24.92608888229437,0.0,0.2695574548431452,1.0733019838566629
25.0,0.0,0.7373400480219667,1.4881466583266962
25.0,0.0,1.6142612685724858,2.4721464568373483
25.0,0.0,1.7095837529660478,1.8139547727072989
25.0,0.0,1.6293343335261872,1.37165138769305
25.0,0.0,1.4765098102162706,1.033465025527815
25.0,0.0,1.8377913239498027,1.6104210852659324
25.0,0.0,2.2993962561196772,2.300512313320906
25.0,0.0,2.819691371782117,3.071399490901287
25.0,0.0,3.1950629065190475,3.442396193946662
25.0,0.0,2.979272114198029,2.6775135974991255
25.0,0.0,2.851086787768905,2.4147674039869793
25.0,0.0,2.140427150966926,1.0723149171228048
25.0,0.0,1.3416559006694135,0.01942082315558086
25.0,0.0,0.9980760423417088,0.0
25.0,0.0,0.7510806310832575,0.0
25.0,0.0,0.5770450054047493,0.0
25.0,0.0,0.43167861407503044,0.0
25.0,0.0,0.2984776457328391,0.0
25.0,0.0,0.1714287430702825,0.0
25.0,0.0,0.057087731843526446,0.0
25.0,0.0,0.4560812866757543,0.9250759398185198
25.0,0.0,1.3575165008079058,2.5717621115355374
25.0,0.0,1.9837121675494322,3.2287654928882428
25.0,0.0,2.441492315491503,3.3760921168784304
25.0,0.0,2.6732925616664662,3.0954498981570877
25.0,0.0,2.7911721586724485,2.6619323433032025
25.0,0.0,2.4425570547190887,1.4981817987220079
25.0,0.0,2.3722528742671503,1.2384811849957407
25.0,0.0,2.257656517202704,0.9835551236620734
25.0,0.0,2.655656770105933,1.519570727734353
25.0,0.0,2.907087317251458,1.7941833269633505
25.0,0.0,3.3512985819233374,2.467803887624092
25.0,0.0,2.787823243080687,1.05954053562743
25.0,0.0,3.3024585202450867,2.2596374616224457
25.0,0.0,3.4555873352305206,2.420616852045851
25.0,0.0,2.455898886396616,0.42085386098773264
25.0,0.0,1.9075064880157475,0.01942082315558086
25.0,0.0,1.562947487084853,0.0
25.0,0.0,1.2827854761801507,0.0
25.0,0.0,1.05183122856633,0.0
25.0,0.0,0.8657558821233963,0.0
25.0,0.0,0.7246195958163784,0.0
25.0,0.0,0.6159495570793821,0.0
25.0,0.0,0.5353245047392314,0.0
25.0,0.0,0.49573383008903565,0.05437830003384729
25.0,0.0,1.617679780371618,2.3597094854045246
25.0,0.0,1.60552312206215,1.6982939922561855
25.0,0.0,2.4039793419195727,2.84594175615254
25.0,0.0,1.9504183771292605,1.094218024781478
25.0,0.0,2.7024246443828694,2.241581376613508
25.0,0.0,2.9385281339411207,1.9728883694941604
25.0,0.0,2.7741355717761005,1.345248946417128
25.0,0.0,2.5691178173991163,0.9786443954404035
25.0,0.0,2.5318240076752567,1.1395891449580493
25.0,0.0,2.6936310367927376,1.7621831757749198
25.0,0.0,3.0379657034883794,2.702303051124087
25.0,0.0,2.1688830884856727,1.0852902321994997
25.0,0.0,2.627002507217217,2.479480051240957
25.0,0.0,2.5460095643300478,2.260803667642464
25.0,0.0,1.5131150365223665,0.21362904099202054
25.0,0.0,1.1195263844127394,0.02330498572879169
25.0,0.0,0.8741602917127198,0.0
25.0,0.0,0.6591571621371097,0.0
25.0,0.0,0.455424784888342,0.0
25.0,0.0,0.28025336179764254,0.0
25.0,0.0,0.1423597754662397,0.0
25.0,0.0,0.05193159234721356,0.0
25.0,0.0,0.0019287713323784474,0.0
25.0,0.0,0.0017785257718626072,0.062146628610111165
25.0,0.0,0.2384655613263506,0.5109203626054148
25.0,0.0,0.2982365980262209,0.4699838737192024
25.0,0.0,0.4687001639835863,0.6758445964244858
25.0,0.0,0.6541551990434528,0.8208232168573499
25.0,0.0,1.0595596315231361,1.355820956732531
25.0,0.0,1.1000405505054287,1.0964001238027803
25.0,0.0,1.2676958354614747,1.223215649557163
25.0,0.0,1.2444316378239455,1.0052607726814475
25.0,0.0,1.5618117338050392,1.3945555330378747
25.0,0.0,2.238477649741229,2.3206168957734024
25.0,0.0,2.5282392714307695,2.4765541673581692
25.0,0.0,3.1818701775368146,3.4293261819695795
25.0,0.0,3.416851636553353,3.4886043918148153
25.0,0.0,3.2452848935174794,2.950615355732693
25.0,0.0,2.8708118875925557,2.2941221023668223
25.0,0.0,1.7270465893750548,0.4127776875489966
25.0,0.0,1.0962890429385557,0.0
25.0,0.0,0.7454992263243346,0.0
25.0,0.0,0.49596841166446715,0.0
25.0,0.0,0.29789735045750504,0.0
25.0,0.0,0.11849949218573683,0.0
24.976244527870342,0.0,0.0,0.0
24.888239703646533,0.0,0.0,0.0
24.91199517577619,0.0,0.1894655351494455,0.9215912778066515
25.0,0.0,0.9409208048902009,2.482151122758273
25.0,0.0,1.601289302734545,3.2227683999181593
25.0,0.0,2.1466359351334137,3.4186406205060873
25.0,0.0,2.350648406261462,2.8930169057078974
25.0,0.0,2.6835156877988227,2.7997587364257246
25.0,0.0,2.597827126263591,1.931874135570968
25.0,0.0,2.338592564432781,1.317354373875397
25.0,0.0,2.126439688276579,1.1223324108405566
25.0,0.0,2.1043205136667447,1.3423950733446142
25.0,0.0,2.118800278243426,1.7525615484497037
25.0,0.0,1.9057875202096652,1.6462863245725252
25.0,0.0,1.3788073259786162,0.7693038777093493
25.0,0.0,1.2458845986880218,0.6175821132383743
25.0,0.0,1.1236119627934387,0.4078372725478292
25.0,0.0,0.9751302911181361,0.21362904099202054
25.0,0.0,0.7290579476965731,0.01942082315558086
25.0,0.0,0.5129968039472118,0.0
25.0,0.0,0.3102236595453966,0.0
25.0,0.0,0.11674836241195509,0.0
24.973820307780638,0.0,0.0,0.0
24.90197115890905,0.0,0.0,0.0
24.83524504451495,0.0,0.0,0.0
24.78782191303052,0.0,0.0,0.0
24.880727719643982,0.0,0.17781329792344572,0.9499206638240673
25.0,0.0,0.6830936494307874,2.0181351719074403
25.0,0.0,1.5324492782237211,3.271095012487401
25.0,0.0,2.013719746768596,3.366140802588028
25.0,0.0,2.3130036187926857,3.099494273268326
25.0,0.0,2.417104492809182,2.563283393655746
25.0,0.0,2.2836214654009948,1.7505410904220242
25.0,0.0,2.0198266766896915,1.1887028924654754
25.0,0.0,1.8692705902539617,1.0244869279596889
25.0,0.0,2.1548054218740273,1.4589166594413265
25.0,0.0,2.5349220200970657,2.0489308465867526
25.0,0.0,3.1393301971533543,3.028632020962995
25.0,0.0,3.19509895302234,2.753101553562289
25.0,0.0,2.7748028140770558,1.7423052879553835
25.0,0.0,3.1882232238188424,2.774790627545897
25.0,0.0,2.990873660144579,2.344484529447959
25.0,0.0,1.7512334977762736,0.17143628439178143
25.0,0.0,1.2324871523821155,0.0
25.0,0.0,0.9085366967293278,0.0
25.0,0.0,0.6963470405753792,0.0
25.0,0.0,0.5221502571265673,0.0
25.0,0.0,0.3613819946080265,0.0
25.0,0.0,0.1964581764581736,0.0
25.0,0.0,0.04108539659283351,0.0
25.0,0.0,0.2741390099485903,0.6678752182094422
25.0,0.0,1.2703023022823456,2.5835536803613683
25.0,0.0,1.8717467458549557,3.16175472800908
25.0,0.0,2.3270581084468236,3.264186095115196
25.0,0.0,2.650329563125132,3.1015503637146424
25.0,0.0,2.747203521315233,2.565271821742262
25.0,0.0,2.6278460907157974,1.7520969285982517
25.0,0.0,2.406770307251039,1.189613817951053
25.0,0.0,2.3217478574528734,1.0693819340694968
25.0,0.0,2.6298627516392217,1.4871335585956351
25.0,0.0,3.0654963473898857,2.1833708464744905
25.0,0.0,3.2734218725434037,2.4646342017303504
25.0,0.0,3.734062846069177,3.2500476694606086
25.0,0.0,3.985338914493816,3.5335935703119437
25.0,0.0,3.938823512795441,3.311789046983537
25.0,0.0,2.353820894457369,0.21751320013538916
25.0,0.0,1.74272112798451,0.027189150016923645
25.0,0.0,1.3503459144786596,0.0
25.0,0.0,1.0931701951956265,0.0
25.0,0.0,0.9314392600613872,0.0
25.0,0.0,0.8044229866831948,0.0
25.0,0.0,0.6777816601728894,0.0
25.0,0.0,0.5411375888084149,0.0
25.0,0.0,0.4168882236494068,0.0
25.0,0.0,0.3459000046718332,0.03495747687826642
25.0,0.0,0.35333115250645075,0.14371408037580322
25.0,0.0,0.3960125143112398,0.264123178452657
25.0,0.0,0.4022856684600669,0.3845322902488797
25.0,0.0,0.3954985733450141,0.4932888560181518
25.0,0.0,0.40362846800328245,0.5865087852139497
25.0,0.0,0.7104835719457413,1.0409561321146295
25.0,0.0,0.8998247427463503,1.0209586143112719
25.0,0.0,1.0330699701143344,0.9505987792941656
25.0,0.0,1.1810780833437051,1.1025553229062843
25.0,0.0,1.2152781892375304,1.2459057737215704
25.0,0.0,0.9499243710904557,0.8933578377179817
25.0,0.0,0.5954653458815462,0.46609975573394075
25.0,0.0,0.3881096544406561,0.35345898966319306
25.0,0.0,0.2149035646816709,0.23304987786697037
25.0,0.0,0.0933575208080745,0.17867156754359637
24.968361372689102,0.0,0.0,0.027189150016923645
24.895488221698685,0.0,0.0,0.0
24.817811762373122,0.0,0.0,0.0
24.735419755421077,0.0,0.0,0.0
24.64395978597903,0.0,0.0,0.0
24.5554488456809,0.0,0.0,0.0
24.47464738481714,0.0,0.0,0.0
24.403107431872208,0.0,0.0,0.0
24.357692074407932,0.0,0.0,0.06603079461316425
24.379216423998148,0.0,0.0,0.264123178452657
24.45853283403374,0.0,0.0,0.46609975573394075
24.578458881124565,0.0,0.0,0.6758445964244858
24.727570051544667,0.0,0.0,0.7962405757826478
24.8930329796782,0.0,0.0,0.9310803105113089
24.99159727362905,0.0,0.2918570247821885,1.2524422524153507
25.0,0.0,0.5502107262713495,1.319607415262942
25.0,0.0,0.5731683201752458,1.0744818566433219
25.0,0.0,0.878130259300338,1.376774587155756
25.0,0.0,1.2002109905276626,1.7181267661725543
25.0,0.0,1.562508586892727,2.1994761287903866
25.0,0.0,1.3751290357309658,1.6161860879916978
25.0,0.0,1.214362673854735,1.3716813273611608
25.0,0.0,0.6457819246028924,0.4117214179718288
25.0,0.0,0.33995153343259715,0.20197654984254582
25.0,0.0,0.08438634149455336,0.027189150016923645
24.965541563270392,0.0,0.0,0.0
24.88384763550438,0.0,0.0,0.0
24.789762634938647,0.0,0.0,0.0
24.694891011599147,0.0,0.0,0.0
24.603829768276547,0.0,0.0,0.0
24.51568817702954,0.0,0.0,0.0
24.424599814328246,0.0,0.0,0.0
24.341500161323133,0.0,0.0,0.05826246946674259
24.538798705644794,0.0,0.0,1.2812857730290468
24.88660550100243,0.0,0.6824106155743518,3.315574848519236
25.0,0.0,1.183318607231809,3.419589726439185
25.0,0.0,1.6265172192892756,3.1746907072539514
25.0,0.0,1.8597857409460428,2.686559390978929
25.0,0.0,1.8227810272010134,2.011549694083704
25.0,0.0,1.434874571440507,1.3242280941573075
25.0,0.0,1.2001283414569641,1.1531444582055115
25.0,0.0,1.2691087703031856,1.3288550062732245
25.0,0.0,1.5375320680391613,1.6776355592001602
25.0,0.0,2.3473877970539614,2.9776092966728314
25.0,0.0,2.353381721015386,2.4478830526576836
25.0,0.0,2.34847837455755,2.2440603498760647
25.0,0.0,1.4490584009176222,0.4117214179718288
25.0,0.0,1.0938835457561151,0.20197654984254582
25.0,0.0,0.7795059728654854,0.027189150016923645
25.0,0.0,0.5463420715383189,0.0
25.0,0.0,0.33987157105942767,0.0
25.0,0.0,0.1496922433164986,0.0
24.98897974751133,0.0,0.0,0.0
24.927490604652487,0.0,0.0,0.0
24.858914683141144,0.0,0.0,0.0
24.825371649763298,0.0,0.0,0.0
24.90496782376331,0.0,0.15808691629036425,0.7319016586506079
25.0,0.0,1.117065378787746,2.5877147636114834
25.0,0.0,1.784435265509827,3.19799419475587
25.0,0.0,2.181413876042659,3.175559070748832
25.0,0.0,2.57265277863789,3.286049162814199
25.0,0.0,2.6198813321191037,2.798812599065018
25.0,0.0,2.076196510014617,1.6022735606867533
25.0,0.0,1.734837928906725,1.2858742293058076
25.0,0.0,1.389519304999008,0.9812203068970567
25.0,0.0,1.2939086094111876,1.0130432661991287
25.0,0.0,1.3396354048578116,1.0852441902507335
25.0,0.0,1.4722230337826234,1.2900690633926282
25.0,0.0,1.3062186232140973,0.97157899360407
25.0,0.0,1.1802565972586874,0.9788081953579545
25.0,0.0,0.7623493976694832,0.4117214179718288
25.0,0.0,0.4832507406135038,0.20197654984254582
25.0,0.0,0.29023901504039207,0.027189150016923645
25.0,0.0,0.1831578961543952,0.0
25.0,0.0,0.09069550607045433,0.0
24.98647509789692,0.0,0.0,0.0
24.920492192587552,0.0,0.0,0.0
24.837515917668156,0.0,0.0,0.0
24.774973645540477,0.0,0.0,0.0
24.715441895839994,0.0,0.0,0.0
24.675707136150688,0.0,0.0,0.06603079461316425
24.72807090049445,0.0,0.0,0.45677365183874713
24.896330837620805,0.0,1.0479692972153862,3.1245930770851245
25.0,0.0,0.9936868017092478,2.3517861991806916
25.0,0.0,1.5063993742293758,2.9452447042965892
25.0,0.0,1.5644615760441147,2.5259497666808435
25.0,0.0,1.0672659472424129,1.307426896661532
25.0,0.0,1.0706216786167269,1.3649485214461556
25.0,0.0,0.8682425321413433,1.0450333419001043
25.0,0.0,0.9920730809453461,1.1915464175279047
25.0,0.0,1.5735758262255373,2.113760221629528
25.0,0.0,2.024485406089976,2.689568603690445
25.0,0.0,2.389963691567868,3.0889615982962755
25.0,0.0,2.122893377549917,2.3078343600114066
25.0,0.0,1.126744046309759,0.4117214179718288
25.0,0.0,0.7132027391954437,0.21751320013538916
25.0,0.0,0.34981090187071656,0.027189150016923645
25.0,0.0,0.11499392073818146,0.0
24.97544633149513,0.0,0.0,0.0
24.89873157732505,0.0,0.0,0.0
24.80671556642327,0.0,0.0,0.0
24.719067063522953,0.0,0.0,0.0
24.623753959607825,0.0,0.0,0.0
24.53315419085532,0.0,0.0,0.0
24.472496389817724,0.0,0.0,0.05437830003384729
24.49614654531849,0.0,0.0,0.24858651444044466
24.659744530743506,0.0,0.0,0.7350458796421399
24.891057401065645,0.0,0.5966320469196783,2.19806473939281
25.0,0.0,1.1733792209143332,2.6329638370882154
25.0,0.0,1.3468981764031842,2.1056868630615577
25.0,0.0,1.4136567817325298,1.6472667934655039
25.0,0.0,1.443115753649957,1.3554131153439444
25.0,0.0,1.3874541120398176,1.1374255453432813
25.0,0.0,1.4930168923085552,1.2029667661777153
25.0,0.0,1.9496903945923985,2.018614054228112
25.0,0.0,2.2069764048263703,2.3832786033915183
25.0,0.0,2.183091527488909,2.1281845729855253
25.0,0.0,2.4534342075333875,2.5822906148376656
25.0,0.0,2.4211640768397693,2.3804621891564195
25.0,0.0,1.528312360118499,0.6627527479452389
25.0,0.0,0.8640197142945867,0.02330498572879169
25.0,0.0,0.5069773323753826,0.0
25.0,0.0,0.23764689400904496,0.0
25.0,0.0,0.049142055214356835,0.0
24.954322331163425,0.0,0.0,0.0
24.864864175457235,0.0,0.0,0.0
24.779415930462967,0.0,0.0,0.0
24.707372044296925,0.0,0.0,0.0
24.684897732985164,0.0,0.0,0.050494137460636454
24.846399774857396,0.0,0.636716274553635,1.8973855478815478
25.0,0.0,1.228349240222839,2.658722949030192
25.0,0.0,1.560841479916069,2.5453191893648985
25.0,0.0,2.1180705836292004,3.079418004132709
25.0,0.0,1.9147336848787542,2.0687298222862545
25.0,0.0,1.9225571662690184,1.7735971261244885
25.0,0.0,1.7529072816714486,1.293040125468261
25.0,0.0,1.6499990761001146,1.1163267935609025
25.0,0.0,1.703973727885265,1.1149789599556648
25.0,0.0,2.041446244482811,1.6875022168622567
25.0,0.0,2.79243615233324,2.9813700142150936
25.0,0.0,2.9062373637454098,2.776640194264007
25.0,0.0,2.9254829786873517,2.5862465618886237
25.0,0.0,1.8651961080268746,0.4117214179718288
25.0,0.0,1.4257635684305325,0.2058607089859144
25.0,0.0,1.002977432708018,0.031073314305055583
25.0,0.0,0.6966715716375943,0.0
25.0,0.0,0.4789596152555088,0.0
25.0,0.0,0.3447491530365934,0.0
25.0,0.0,0.24159401119458682,0.0
25.0,0.0,0.14275049559106667,0.0
25.0,0.0,0.03660132055135263,0.0
24.96052350350938,0.0,0.0,0.0
24.87645348182378,0.0,0.0,0.031073314305055583
24.806311808825296,0.0,0.0,0.13982990751306568
24.772706389094843,0.0,0.0,0.26023903302865736
24.8286754962277,0.0,0.0,0.5981613038021623
24.94635093764375,0.0,0.27393218955336324,1.3454456394419483
25.0,0.0,0.5450832771694372,1.574066565479188
25.0,0.0,1.0584594823404525,2.0577203110983637
25.0,0.0,0.9003242756164561,1.3487673029590967
25.0,0.0,0.7526943526492363,0.9897240849668097
25.0,0.0,1.0071202515437714,1.3003574528264445
25.0,0.0,1.52490170095719,2.072679990822065
25.0,0.0,2.03318908022922,2.789941326760167
25.0,0.0,2.2792540402972614,2.900664557267971
25.0,0.0,2.6781147991269325,3.4771535220033085
25.0,0.0,2.469222872446432,2.835706193694297
25.0,0.0,2.1814010482559794,2.3586866428007145
25.0,0.0,0.8434176260118288,0.02330498572879169
25.0,0.0,0.39299397460913393,0.0
25.0,0.0,0.13294665186248797,0.0
25.0,0.0,0.0051693079990622615,0.0
24.967705737476585,0.0,0.0,0.0
24.91709602167103,0.0,0.0,0.0
24.860038419869262,0.0,0.0,0.0
24.782907518949273,0.0,0.0,0.0
24.70766452170432,0.0,0.0,0.031073314305055583
24.652140606760362,0.0,0.0,0.13982990751306568
24.63376746499697,0.0,0.0,0.26023903302865736
24.701876478562372,0.0,0.0,0.5942771858169007
24.867290057839178,0.0,0.0,0.9853900055183072
24.98244557594328,0.0,0.008327757057090315,0.9244311657424064
25.0,0.0,0.0001617316664649277,0.652539669003012
25.0,0.0,0.23428946013791976,0.9166285490700604
25.0,0.0,0.3741127078736463,0.9494710644090425
25.0,0.0,0.5885762093322733,1.1519374972426488
25.0,0.0,1.1023693015402871,1.9082435780992757
25.0,0.0,1.6223583060049793,2.6744227341537763
25.0,0.0,1.672494479046153,2.438742517930049
25.0,0.0,2.0845610912687054,3.101284766486754
25.0,0.0,0.9824520885409826,0.6301783547866556
25.0,0.0,0.4989458466902822,0.22139737299812665
25.0,0.0,0.12996269157221021,0.02330498572879169
24.946395812661425,0.0,0.0,0.0
24.821116005409305,0.0,0.0,0.0
24.690276049928507,0.0,0.0,0.0
24.56938561930844,0.0,0.0,0.0
24.449899944241132,0.0,0.0,0.0
24.330991136743798,0.0,0.0,0.0
24.209783618171734,0.0,0.0,0.0
24.29420526615423,0.0,0.0,0.8478322229980658
24.719342602612976,0.0,0.12210046616842091,2.5572153901913177
25.0,0.0,0.5059465329597475,3.1624136764050634
25.0,0.0,1.0462065495675696,3.2736754458245665
25.0,0.0,1.4784951869032537,3.1017077328018203
25.0,0.0,1.7378970043641069,2.694613587743943
25.0,0.0,1.7176366832998773,1.9741812140109536
25.0,0.0,1.352726853400147,1.1945360847905804
25.0,0.0,1.1699854163941683,1.0630567444960997
25.0,0.0,1.3849440410530467,1.416706543037271
25.0,0.0,1.7450736533542899,2.011883186679355
25.0,0.0,2.134603940380758,2.599580598403831
25.0,0.0,2.1584398970733467,2.3657921040635412
25.0,0.0,2.3293819682957193,2.5936934053547374
25.0,0.0,2.4076447646803314,2.6627160806810903
25.0,0.0,1.2116421262914001,0.21751320013538916
25.0,0.0,0.7516005407133505,0.027189150016923645
25.0,0.0,0.46182597497429617,0.0
25.0,0.0,0.23818735026543436,0.0
25.0,0.0,0.042617324668745925,0.0
24.93610360186608,0.0,0.0,0.0
24.806248578868363,0.0,0.0,0.0
24.669466711389923,0.0,0.0,0.0
24.533270168946014,0.0,0.0,0.0
24.596528667550835,0.0,0.0,0.7638900592682876
24.86258023299246,0.0,0.5207393655732288,2.5530146473355377
25.0,0.0,0.9299399119998837,2.8928354812259993
25.0,0.0,1.6513124137799928,3.423817461002582
25.0,0.0,2.1028113248528744,3.248335878909966
25.0,0.0,2.32957044114003,2.7669496725247797
25.0,0.0,2.237365167620204,1.916371281064511
25.0,0.0,1.8751326924360021,1.1072334928462462
25.0,0.0,1.6937513355094094,0.9526237267935134
25.0,0.0,1.9472909125568871,1.3726315790411565
25.0,0.0,2.444132199190313,2.2159078995928585
25.0,0.0,2.6364807836766464,2.3807509543725396
25.0,0.0,3.0797033545558383,3.0026793308651296
25.0,0.0,3.184105138506202,2.85335160379946
25.0,0.0,3.1136036779000116,2.5426302670076857
25.0,0.0,2.215379790973942,0.7685541356210233
25.0,0.0,1.5047202211618262,0.02330498572879169
25.0,0.0,1.1284389403827744,0.0
25.0,0.0,0.8342054282034385,0.0
25.0,0.0,0.5863966855265041,0.0
25.0,0.0,0.37748958310486663,0.0
25.0,0.0,0.19874655486384452,0.0
25.0,0.0,0.045205959295546765,0.0
24.95901049818233,0.0,0.0,0.0
24.89192501843798,0.0,0.0,0.04272580888437255
24.93291452025565,0.0,0.9305966667431008,2.279629584466343
25.0,0.0,1.588706010896284,3.097291142865293
25.0,0.0,2.1774813140569798,3.3045566459954814
25.0,0.0,2.3105013351743238,2.5353272143331727
25.0,0.0,2.736413392537684,2.6058951145907985
25.0,0.0,2.741136489803644,1.9231227481089515
25.0,0.0,2.44211416698795,1.2323192002180232
25.0,0.0,2.257283131311245,1.0351923997056445
25.0,0.0,2.35669402994825,1.2620662239560219
25.0,0.0,2.9223128694898413,2.216554741059463
25.0,0.0,3.458179610723164,3.004332240366456
25.0,0.0,3.207785997276765,2.1196126542319735
25.0,0.0,3.9494822727336003,3.5381818515068377
25.0,0.0,3.624161218253842,2.5049972984601077
25.0,0.0,2.956426388370439,1.2540950527342338
25.0,0.0,2.051378347876121,0.02330498572879169
25.0,0.0,1.6192004645110945,0.0
25.0,0.0,1.248426787678626,0.0
25.0,0.0,0.9180171194455842,0.0
25.0,0.0,0.6413702953011347,0.0
25.0,0.0,0.44740642761065424,0.0
25.0,0.0,0.33524929033357087,0.0
25.0,0.0,0.23669029837714334,0.0
25.0,0.0,0.1461316026953298,0.04272580888437255
25.0,0.0,0.8984452574119496,1.7197168218437815
25.0,0.0,1.6467307832126001,2.9020842058073377
25.0,0.0,2.3222574561975327,3.5871934636561895
25.0,0.0,1.9745714796841556,2.219971086917635
25.0,0.0,1.4282515053252185,1.0687040078489956
25.0,0.0,1.2823369440536205,1.106897246079145
25.0,0.0,1.0832098164379245,0.9917447557245906
25.0,0.0,0.892686275307456,0.8457703375901712
25.0,0.0,0.763451840613068,0.6874971150126985
25.0,0.0,0.7428180806307904,0.6408871504147996
25.0,0.0,0.7265311696443678,0.5632038577924761
25.0,0.0,0.8262493732290831,0.7379913073508109
25.0,0.0,0.7567969312791522,0.6214663409785876
25.0,0.0,0.5746175778397122,0.36511148081266775
25.0,0.0,0.3972033940936672,0.17867156754359637
25.0,0.0,0.22997600263823792,0.02330498572879169
25.0,0.0,0.1396191076977104,0.0
25.0,0.0,0.09202591173240054,0.0
25.0,0.0,0.06027796606544548,0.0
25.0,0.0,0.02155489816037718,0.0
24.978425705394987,0.0,0.0,0.0
24.917807666197348,0.0,0.0,0.0
24.836687907523626,0.0,0.0,0.0
24.75807290887232,0.0,0.0,0.03884164631116172
24.860766962151057,0.0,0.8436921901555535,2.5078765226714808
25.0,0.0,1.3229578443638212,3.158669744109089
25.0,0.0,1.750119168938052,3.2726476913124545
25.0,0.0,2.032896454688396,3.1403445768875557
25.0,0.0,2.1829715037458906,2.8553880054099645
25.0,0.0,1.7330357591250505,1.6397989742042394
25.0,0.0,1.5028944482181152,1.3548560895438353
25.0,0.0,1.2010284902520814,1.1101618363582964
25.0,0.0,1.3443844855313931,1.4959806276676963
25.0,0.0,1.6716950143392428,2.2151060282293074
25.0,0.0,1.4636870248041265,1.8359654851555982
25.0,0.0,0.8634247731862948,0.7713662489153745
25.0,0.0,0.7579200561621513,0.9007243124888697
25.0,0.0,0.42521504884142713,0.4350264002707783
25.0,0.0,0.19124582852417207,0.21362904099202054
24.991612366028225,0.0,0.0,0.027189150016923645
24.92741144441393,0.0,0.0,0.0
24.83775060351948,0.0,0.0,0.0
24.761893181048382,0.0,0.0,0.0
24.68333046231171,0.0,0.0,0.0
24.612528758625928,0.0,0.0,0.0
24.552317060957304,0.0,0.0,0.0
24.50086466257637,0.0,0.0,0.0
24.46269653485011,0.0,0.0,0.050494137460636454
24.470706041602824,0.0,0.0,0.23693402329096994
24.50632691300038,0.0,0.0,0.39618475395961644
24.504616123435596,0.0,0.0,0.37287977166066705
24.587177525108896,0.0,0.0,0.765180352757546
24.836732102009172,0.0,0.0,1.3806282948366562
24.985685857879908,0.0,0.0,1.194455894373641
24.99214500994381,0.0,0.16715714451346783,1.194738091894821
25.0,0.0,0.2204829818278328,1.0501506452512008
25.0,0.0,0.4888123824913944,1.3119484599184246
25.0,0.0,1.247105066181159,2.5045307970713084
25.0,0.0,1.0945826462355115,1.9264262971537538
25.0,0.0,0.6930281340481937,1.1457047349091356
25.0,0.0,0.5229583020276833,1.0809932906985693
25.0,0.0,0.06637911698014552,0.4350264002707783
24.883435509397813,0.0,0.0,0.20974488184865195
24.677782916475465,0.0,0.0,0.027189150016923645
24.533989474145926,0.0,0.0,0.0
24.44083527165408,0.0,0.0,0.0
24.379978164724626,0.0,0.0,0.0
24.336775783219892,0.0,0.0,0.0
24.297587925116062,0.0,0.0,0.0
24.251700986935305,0.0,0.0,0.0
24.197538282371312,0.0,0.0,0.0
24.151869658422072,0.0,0.0,0.02330498572879169
24.136238878676195,0.0,0.0,0.1320615892263285
24.146960537206883,0.0,0.0,0.25247068730318223
24.218945480837554,0.0,0.0,0.5865087852139497
24.369732200559724,0.0,0.0,0.9944181810752166
24.727943639203932,0.0,0.2039501383561906,2.4135896527435663
25.0,0.0,0.32488662138724367,2.2266290911777897
25.0,0.0,0.27232244170002456,1.5624368400092983
25.0,0.0,0.18456440292453205,1.1494141866741305
25.0,0.0,0.5385571248877224,1.4860737714954297
25.0,0.0,1.0558613135937533,2.1509548325946155
25.0,0.0,1.530913647646165,2.7687818832963846
25.0,0.0,1.502998381265287,2.453973811943246
25.0,0.0,1.1640316926251804,1.80846533414609
25.0,0.0,0.351623221060646,0.4350264002707783
24.981998440098927,0.0,0.0,0.21362904099202054
24.82855350081647,0.0,0.0,0.01942082315558086
24.661415404966306,0.0,0.0,0.0
24.581411181035275,0.0,0.0,0.0
24.512783299086813,0.0,0.0,0.0
24.473297303839313,0.0,0.0,0.0
24.440071885841533,0.0,0.0,0.0
24.41261345231801,0.0,0.0,0.0
24.385112746014087,0.0,0.0,0.0
24.352987244656354,0.0,0.0,0.03495747687826642
24.36072847992164,0.0,0.0,0.22916570500423275
24.39908750524871,0.0,0.0,0.39230058109687893
24.396147050886626,0.0,0.0,0.36899565367540543
24.411973598785636,0.0,0.0,0.481636392307415
24.470503457797616,0.0,0.0,0.5748563215032129
24.642053867576692,0.0,0.0,1.0254194406636794
24.818293392534635,0.0,0.0,1.0024045934458754
24.908583470869246,0.0,0.0,0.9526442409076793
24.98350696799752,0.0,0.11292363692877794,1.036498353608695
25.0,0.0,0.7050063507196804,1.900454659345483
25.0,0.0,0.42192858885915485,1.0441601912307106
25.0,0.0,0.2939270805443569,0.7975856770955659
25.0,0.0,0.1695116413026052,0.6175821132383743
24.98759933558194,0.0,0.0,0.36122730794993024
24.8670727059729,0.0,0.0,0.10875660006769458
24.70512819390192,0.0,0.0,0.011652492864395845
24.59626830197699,0.0,0.0,0.0
24.511738424613178,0.0,0.0,0.0
24.465695344223207,0.0,0.0,0.0
24.436099294813175,0.0,0.0,0.0
24.408017376486413,0.0,0.0,0.0
24.37829680607905,0.0,0.0,0.0
24.347456883797186,0.0,0.0,0.0
24.323681591306723,0.0,0.0,0.03884164631116172
24.35662508555118,0.0,0.0,0.23693402329096994
24.69859205171189,0.0,0.12701172110406334,1.7549086965433527
25.0,0.0,0.6629245009342332,2.5642437535425144
25.0,0.0,1.5739030753318204,3.427507607022275
25.0,0.0,0.7599050053337285,0.9247026191003593
25.0,0.0,0.8022593076355244,1.025321111872393
25.0,0.0,0.796828954289732,1.0060699230479426
25.0,0.0,0.7709107700925637,0.9207142450230518
25.0,0.0,0.8857349192632521,1.056626684850773
25.0,0.0,1.3596817431490813,1.7141716500749626
25.0,0.0,1.7437961186236903,2.118699101698631
25.0,0.0,2.319708394639133,2.924124068508659
25.0,0.0,2.6337104316803015,3.201689432803967
25.0,0.0,2.7619483559245177,3.2230838518719938
25.0,0.0,2.34156097088917,2.2270278941734114
25.0,0.0,1.3206626180998138,0.4080347277384961
25.0,0.0,0.7808383129605094,0.0
25.0,0.0,0.4787307240972667,0.0
25.0,0.0,0.2495052796828046,0.0
25.0,0.0,0.07406521391218121,0.0
24.981232591581986,0.0,0.0,0.0
24.934143962563752,0.0,0.0,0.0
24.877390302506452,0.0,0.0,0.0
24.924478931524686,0.0,0.04625568859159507,0.6168680573422629
25.0,0.0,0.8749936453868576,2.485616530270838
25.0,0.0,1.4341571202064047,3.141677337490404
25.0,0.0,1.920631861444134,3.2810965232543343
25.0,0.0,2.3524455128116015,3.123006903912852
25.0,0.0,2.4581463407100173,2.426619670350892
25.0,0.0,2.3516417075630143,1.6977888628799327
25.0,0.0,2.0747067930918597,1.2103197161106194
25.0,0.0,1.840854795036737,1.0160261068292318
25.0,0.0,2.0467803022460753,1.3600380744434108
25.0,0.0,2.5534186922136883,2.1541963109150717
25.0,0.0,3.0890215997209127,2.887156304567738
25.0,0.0,3.2872423185118285,2.826329027120115
25.0,0.0,3.6506795513225208,3.2980894527843048
25.0,0.0,3.6746965652425247,3.081779204728872
25.0,0.0,3.3300985385542945,2.3055455648057497
25.0,0.0,2.2310987487992677,0.41592729209743556
25.0,0.0,1.629378756812374,0.0
25.0,0.0,1.2847609737873344,0.0
25.0,0.0,1.0163288221703826,0.0
25.0,0.0,0.8125159383961565,0.0
25.0,0.0,0.662990971622122,0.0
25.0,0.0,0.5432398450946008,0.0
25.0,0.0,0.42894871993430167,0.0
25.0,0.0,0.6136167041282008,0.618156507822871
25.0,0.0,1.492792533230709,2.466990961172792
25.0,0.0,2.048263786760468,3.1440834503683295
25.0,0.0,2.5253708185025765,3.276992640591691
25.0,0.0,2.62097428103212,2.4876490066342463
25.0,0.0,3.01158701763262,2.5229233718614212
25.0,0.0,2.9197148595215308,1.663741079230725
25.0,0.0,2.702087712033099,1.1334272092498745
25.0,0.0,2.645145766122069,1.1253192024183305
25.0,0.0,2.8402826909965206,1.3555379225818158
25.0,0.0,3.327206859182948,2.1146960173380607
25.0,0.0,3.4169810612524856,2.086631835418013
25.0,0.0,4.122462761179429,3.3490032576047826
25.0,0.0,3.7960473164807382,2.3811458729881676
25.0,0.0,2.7069480051380865,0.40006892682235407
25.0,0.0,2.093572860412395,0.10875660006769458
25.0,0.0,1.6148939476421624,0.011652492864395845
25.0,0.0,1.241128232584136,0.0
25.0,0.0,1.020365790982873,0.0
25.0,0.0,0.935526770034226,0.0
25.0,0.0,0.880114296558022,0.0
25.0,0.0,0.8104597149318418,0.0
25.0,0.0,0.6780117075504758,0.0
25.0,0.0,0.5491073750520121,0.0
25.0,0.0,0.485155236110206,0.03495747687826642
25.0,0.0,0.6119772331229857,0.23693402329096994
25.0,0.0,1.9639232692345348,2.7993030664920115
25.0,0.0,2.201740118911653,2.4032266612932336
25.0,0.0,2.937102062003606,3.322395182562651
25.0,0.0,3.0476319126477516,2.804572577197245
25.0,0.0,2.751401285739525,1.7321805670481576
25.0,0.0,2.6007551010392813,1.2753279088217617
25.0,0.0,2.413980938104651,0.9372940856093251
25.0,0.0,2.6196772439367244,1.3383582556646254
25.0,0.0,3.029650200130903,2.20260844713508
25.0,0.0,3.160632049074306,2.476179785079308
25.0,0.0,2.4594300639275106,1.041272827946754
25.0,0.0,3.103132122734209,2.631026197868368
25.0,0.0,3.014920464221529,2.2770275210562105
25.0,0.0,1.8976382163247842,0.19809237697980822
25.0,0.0,1.388195494120858,0.01942082315558086
25.0,0.0,1.0385579948032844,0.0
25.0,0.0,0.8205227856875393,0.0
25.0,0.0,0.728167204070576,0.0
25.0,0.0,0.6770414761917265,0.0
25.0,0.0,0.6219838649429584,0.0
25.0,0.0,0.5325807787305772,0.0
25.0,0.0,0.4424054993640877,0.0
25.0,0.0,0.3948598114966282,0.031073314305055583
25.0,0.0,0.4734382229100285,0.21751320013538916
25.0,0.0,0.6895518056320078,0.584384186982454
25.0,0.0,1.3860306690108377,1.7805649745636654
25.0,0.0,1.9068986823213911,2.335998556889289
25.0,0.0,1.9518927519030853,1.9212411342685467
25.0,0.0,2.134203185818955,1.9192812519854638
25.0,0.0,1.9769886572763142,1.3791065939156313
25.0,0.0,1.7230890445130354,0.9111046325352674
25.0,0.0,1.9579233655760857,1.3371513815863973
25.0,0.0,2.2454485211678628,1.7987467118352256
25.0,0.0,2.68797975727399,2.504501185463575
25.0,0.0,3.2909788247804683,3.4107682995790016
25.0,0.0,3.4444141017399184,3.325065136061398
25.0,0.0,3.061657706834691,2.4010821694446958
25.0,0.0,2.681742668286808,1.8678676081971666
25.0,0.0,1.5499800999444495,0.015536657152527791
25.0,0.0,1.1429818265769105,0.0
25.0,0.0,0.8574833352146621,0.0
25.0,0.0,0.6443449254040025,0.0
25.0,0.0,0.48841668496597174,0.0
25.0,0.0,0.36537803662531787,0.0
25.0,0.0,0.2742812547533847,0.0
25.0,0.0,0.22712508446858717,0.0
25.0,0.0,0.20901604992361777,0.031073314305055583
25.0,0.0,0.2983939323113413,0.22528153214149527
25.0,0.0,0.561103491940521,0.7037823721321234
25.0,0.0,0.63720046231604,0.6899499882799618
25.0,0.0,1.0617704377904817,1.385917400663243
25.0,0.0,1.9212988149468584,2.6669625542573208
25.0,0.0,1.9239988466253837,1.9114634576500193
25.0,0.0,1.8852019385403804,1.3982284593889684
25.0,0.0,1.7969474512486745,1.0609240849057824
25.0,0.0,2.0860124485742078,1.3547135197632498
25.0,0.0,2.5406464857104263,2.0864387438865344
25.0,0.0,3.066632741502269,2.932959764534743
25.0,0.0,3.1214199553221986,2.696388655935593
25.0,0.0,3.5199339226928794,3.320086561732194
25.0,0.0,3.3648564363525253,2.781195442395889
25.0,0.0,2.911217322684986,1.957969003539919
25.0,0.0,1.7882322731204394,0.17989226263749739
25.0,0.0,1.2651555734396889,0.0
25.0,0.0,0.9584192769261507,0.0
25.0,0.0,0.7712911604725459,0.0
25.0,0.0,0.6316540497530917,0.0
25.0,0.0,0.49883060468899204,0.0
25.0,0.0,0.35163315906955783,0.0
25.0,0.0,0.2188207352086384,0.0
25.0,0.0,0.15901379141110134,0.027189150016923645
25.0,0.0,0.32318484469276476,0.332842714604356
25.0,0.0,0.783415775392342,1.0492944685933487
25.0,0.0,1.2655435302661016,1.486613889131831
25.0,0.0,1.4625756201541258,1.2664323653660046
25.0,0.0,1.5690610342320563,1.0133108451252253
25.0,0.0,1.85801231167609,1.2655117164445462
25.0,0.0,2.0723384536515526,1.3831927057132518
25.0,0.0,2.076298296349406,1.2467659495638281
25.0,0.0,2.4168612525549302,1.6019384534649757
25.0,0.0,2.7063101053304286,1.8805386506021944
25.0,0.0,3.5429443309000472,3.209732143156848
25.0,0.0,3.6146836453003033,2.842722816371546
25.0,0.0,3.961187654193717,3.3785624113706465
25.0,0.0,3.567265034275147,2.4245547957047457
25.0,0.0,3.343447234298478,2.224021777560476
25.0,0.0,2.216732831658519,0.32136718269858344
25.0,0.0,1.646091776334886,0.0
25.0,0.0,1.3123929910022465,0.0
25.0,0.0,1.0873958240423236,0.0
25.0,0.0,0.9223591012019703,0.0
25.0,0.0,0.7857656572027433,0.0
25.0,0.0,0.6588642534586688,0.0
25.0,0.0,0.5432196090269361,0.0
25.0,0.0,0.704756574420163,0.4897747323506205
25.0,0.0,1.690817037062378,2.4348702153413084
25.0,0.0,2.438145809276183,3.3187718488337614
25.0,0.0,2.4788902785906246,2.4772405607454435
25.0,0.0,3.1875379684030647,3.1963672391398914
25.0,0.0,3.3363551415958255,2.5897469640237287
25.0,0.0,3.2639958342408337,1.848633194847705
25.0,0.0,2.9287581497184876,1.1283658884654193
25.0,0.0,2.731575846860101,0.9036267544429385
25.0,0.0,2.973098258760502,1.2028365523392888
25.0,0.0,3.505889006576294,1.9709926883205515
25.0,0.0,3.9969364961146976,2.5899605602980045
25.0,0.0,4.4979155115326686,3.245928312913209
25.0,0.0,4.644683041183841,3.292085003421767
25.0,0.0,4.596318545968493,3.1272797924651603
25.0,0.0,3.5658268945192115,1.1000869896710288
25.0,0.0,2.6767612254326294,0.015536657152527791
25.0,0.0,2.2949012667283544,0.0
25.0,0.0,2.0612936809545905,0.0
25.0,0.0,1.8992423187118241,0.0
25.0,0.0,1.7646318092910465,0.0
25.0,0.0,1.6214750581119006,0.0
25.0,0.0,1.462782114169313,0.0
25.0,0.0,1.3109794894414761,0.0
25.0,0.0,1.2044830352753988,0.02330498572879169
25.0,0.0,1.2502012838805725,0.22139737299812665
25.0,0.0,1.354402099884731,0.41560559083456633
25.0,0.0,1.7171288110903453,0.9632589919530371
25.0,0.0,2.614036824661962,2.3720790352891212
25.0,0.0,2.9185085086847455,2.2625585449664953
25.0,0.0,2.7492966361678315,1.446737234735182
25.0,0.0,2.8380043034334084,1.4515022511061426
25.0,0.0,2.6024224032071976,0.9971922478896529
25.0,0.0,2.5798837141837025,1.002617902034304
25.0,0.0,2.6853333585642396,1.2160960402068288
25.0,0.0,2.6054816065071402,1.0671896908931846
25.0,0.0,2.751386432109009,1.4460476762671572
25.0,0.0,2.5206103758100733,1.0084353609144079
25.0,0.0,2.0922964401889477,0.38841646311161726
25.0,0.0,1.7662841610651876,0.17478740840022777
25.0,0.0,1.4578741408762774,0.011652492864395845
25.0,0.0,1.2360946657519525,0.0
25.0,0.0,1.0703057470873236,0.0
25.0,0.0,0.9593894822933604,0.0
25.0,0.0,0.8624973596282669,0.0
25.0,0.0,0.7607897993394808,0.0
25.0,0.0,0.6449358781592067,0.0
25.0,0.0,0.53772255005167,0.0
25.0,0.0,0.46644508082816577,0.01942082315558086
25.0,0.0,1.3415945658808779,1.828930172478344
25.0,0.0,1.929490420550614,2.4977528040975194
25.0,0.0,2.80111453805367,3.5534975310764714
25.0,0.0,3.0781472653906286,3.181034560196495
25.0,0.0,2.9584307233832483,2.3050345447197937
25.0,0.0,3.0480657835335703,2.131488703827399
25.0,0.0,2.7636418588222056,1.476148467328454
25.0,0.0,2.4435221814738015,1.0171410182129808
25.0,0.0,2.557501274679283,1.3282643254200324
25.0,0.0,2.859900210759289,1.8787340385685867
25.0,0.0,3.2125840274663156,2.478964765099873
25.0,0.0,2.776721159525914,1.4513733576350325
25.0,0.0,2.4852410169750185,1.088916035793644
25.0,0.0,1.9880224329906273,0.4117214179718288
25.0,0.0,1.6158859404390145,0.19032405869307104
25.0,0.0,1.264638224059268,0.011652492864395845
25.0,0.0,1.0271488912509974,0.0
25.0,0.0,0.892263513796481,0.0
25.0,0.0,0.8310933478874681,0.0
25.0,0.0,0.7864819300531962,0.0
25.0,0.0,0.723508967755495,0.0
25.0,0.0,0.6179050330741382,0.0
25.0,0.0,0.5142933198237573,0.0
25.0,0.0,0.4568537298260182,0.01942082315558086
25.0,0.0,0.5389922010882098,0.19809237697980822
25.0,0.0,0.7135013171229366,0.4350264002707783
25.0,0.0,1.7030412009232936,2.195955751804754
25.0,0.0,2.7805849183393003,3.6250295904730803
25.0,0.0,2.588945269543959,2.3280244503153527
25.0,0.0,2.5721819161494444,1.854481135542367
25.0,0.0,2.4323484277472662,1.3484468795023195
25.0,0.0,2.35820673243597,1.1706646484764318
25.0,0.0,2.340667484751813,1.1373460038898946
25.0,0.0,2.871271688679828,2.1875156924025903
25.0,0.0,2.3431400952693364,1.090871322872347
25.0,0.0,2.2568730233958196,1.1086920874490795
25.0,0.0,2.0979373830143273,0.8219434205176611
25.0,0.0,1.8328450995516563,0.3845322902488797
25.0,0.0,1.5954294850198494,0.1709032355374902
25.0,0.0,1.3344398219043554,0.011652492864395845
25.0,0.0,1.146297207668055,0.0
25.0,0.0,0.9868377885022992,0.0
25.0,0.0,0.8695140181388706,0.0
25.0,0.0,0.7774016924540613,0.0
25.0,0.0,0.6905684663954565,0.0
25.0,0.0,0.6048544525268598,0.0
25.0,0.0,0.5192287676617141,0.0
25.0,0.0,0.4395069116837759,0.011652492864395845
25.0,0.0,0.4478306341388896,0.1709032355374902
25.0,0.0,0.5663892481081872,0.40395309968509163
25.0,0.0,1.2330515237247082,1.4778712365936724
25.0,0.0,2.399952747522766,3.0803451229255905
25.0,0.0,2.350664257147154,1.9461840807447466
25.0,0.0,2.493732892408734,1.6737070858172365
25.0,0.0,2.419311736153476,1.2544828087442368
25.0,0.0,2.3449194216716083,1.1621791375644859
25.0,0.0,2.3746726801330964,1.2481154351070813
25.0,0.0,2.1300067097446704,0.975789319741885
25.0,0.0,1.9193120913080848,0.873936973404294
25.0,0.0,1.658104225129201,0.7146862701743855
25.0,0.0,1.4049125412982457,0.5942771858169007
25.0,0.0,1.1105608897777628,0.3767639170846668
25.0,0.0,0.827439296741973,0.1670190763941216
25.0,0.0,0.588172199949994,0.011652492864395845
25.0,0.0,0.45432235846031593,0.0
25.0,0.0,0.37656333711306317,0.0
25.0,0.0,0.3325244035579574,0.0
25.0,0.0,0.2962218620231498,0.0
25.0,0.0,0.24582085968142364,0.0
25.0,0.0,0.17826246465721246,0.0
25.0,0.0,0.10855911485007609,0.0
25.0,0.0,0.05202774273112785,0.01942082315558086
25.0,0.0,0.10722794092807615,0.2058607089859144
25.0,0.0,0.2182081791754414,0.40395309968509163
25.0,0.0,0.4987858085169784,0.8380013244881765
25.0,0.0,1.058509044972444,1.7065901074726921
25.0,0.0,1.1609436618574465,1.497410037310421
25.0,0.0,1.1150656915713868,1.1846867535692887
25.0,0.0,1.021025332376901,0.9788812801536733
25.0,0.0,1.0228969678047724,0.9872186630596996
25.0,0.0,1.136462654774829,1.1244084686430083
25.0,0.0,1.7142769533684057,2.0153283077668234
25.0,0.0,2.314499819384865,2.8447507263674705
25.0,0.0,2.5691534205543007,2.9029161859672024
25.0,0.0,2.564670381959982,2.586934423888197
25.0,0.0,2.916021580355389,3.2382637998723798
25.0,0.0,1.8227092774787967,0.8969965565512432
25.0,0.0,1.0305030829784907,0.007768328576263896
25.0,0.0,0.6616945351982819,0.0
25.0,0.0,0.4062731598816754,0.0
25.0,0.0,0.25651988388714214,0.0
25.0,0.0,0.16906577182518148,0.0
25.0,0.0,0.12294762920533281,0.0
25.0,0.0,0.09214023598442307,0.0
25.0,0.0,0.06196509219406936,0.0
25.0,0.0,0.002808751631956612,0.015536657152527791
25.0,0.0,0.020104306381852236,0.17478740840022777
25.0,0.0,1.55707167204678,3.312885520170933
25.0,0.0,2.194966884666032,3.512965211063444
25.0,0.0,1.9039237587594835,1.9816774052610344
25.0,0.0,1.952502014867245,1.7293897836726764
25.0,0.0,1.6025320787407853,1.002114403487254
25.0,0.0,1.2221064628593417,0.6758445964244858
25.0,0.0,0.99602634533593,0.691381287875436
25.0,0.0,0.9348821887259287,0.8839817300396045
25.0,0.0,1.0964876398061782,1.2354507105695902
25.0,0.0,0.9578033795093749,0.8700528005415566
25.0,0.0,0.7410867670143003,0.45056306428299053
25.0,0.0,0.6299244015931699,0.3340381527882432
25.0,0.0,0.5132172265037419,0.21362904099202054
25.0,0.0,0.39757884862950754,0.14371408037580322
25.0,0.0,0.24760998024752348,0.007768328576263896
25.0,0.0,0.1606591437098945,0.0
25.0,0.0,0.10150255303137884,0.0
25.0,0.0,0.05972649341137084,0.0
25.0,0.0,0.023373831220216947,0.0
24.987228954911505,0.0,0.0,0.0
24.947475783769793,0.0,0.0,0.0
24.897494551131487,0.0,0.0,0.0
24.85445716447572,0.0,0.0,0.007768328576263896
24.842501360528168,0.0,0.0,0.10487244092432597
24.878567231560723,0.0,0.0,0.22528153214149527
24.953275313235075,0.0,0.11239920214934196,0.5476671663415258
25.0,0.0,0.3238338861939054,0.748472385421233
25.0,0.0,0.6509753593935844,1.0653253438422712
25.0,0.0,0.7894847527913387,1.0579983526053836
25.0,0.0,0.8665303916025489,1.0232976492349886
25.0,0.0,0.8952658464669366,0.922796150074413
25.0,0.0,1.0725664246355153,0.999684695328246
25.0,0.0,1.6815467673905045,1.789437965162771
25.0,0.0,2.1059609729218534,2.173280398862805
25.0,0.0,1.538440969692965,0.8411184018329778
25.0,0.0,1.2664137062119616,0.7309700272701928
25.0,0.0,0.8762447429163148,0.37287977166066705
25.0,0.0,0.5760814965082035,0.163134917250753
25.0,0.0,0.38941211153985933,0.007768328576263896
25.0,0.0,0.31338984008735377,0.0
25.0,0.0,0.2541990610612104,0.0
25.0,0.0,0.1884618029334443,0.0
25.0,0.0,0.11586466310489212,0.0
25.0,0.0,0.04167274573660203,0.0
24.986350894820788,0.0,0.0,0.0
24.950840770235548,0.0,0.0,0.0
24.91220714716774,0.0,0.0,0.011652492864395845
24.91931899440948,0.0,0.0,0.17867156754359637
24.971601722656498,0.0,0.014247063396485625,0.34957481680045555
25.0,0.0,0.14692661228463597,0.5437830483562642
25.0,0.0,0.47968391659982446,0.9633405178968721
25.0,0.0,1.0974076086686626,1.7727533408403187
25.0,0.0,1.4002844418266935,1.7295342900841388
25.0,0.0,1.392497804833652,1.2782596230413836
25.0,0.0,1.2995379416025794,0.9474774541209094
25.0,0.0,1.4161118108565844,1.1114371185671563
25.0,0.0,2.067099676559438,2.2549855381995907
25.0,0.0,2.111206596367459,2.145005282327617
25.0,0.0,1.8199514675317428,1.4188537178317737
25.0,0.0,2.3627383135911804,2.529483534002026
25.0,0.0,1.9755275082513735,1.4542492962857283
25.0,0.0,1.6533108576483937,0.9825157184080586
25.0,0.0,0.9601334565103267,0.003884164288131948
25.0,0.0,0.6503807904713499,0.0
25.0,0.0,0.407369515859593,0.0
25.0,0.0,0.2263841670451721,0.0
25.0,0.0,0.10258803711598577,0.0
25.0,0.0,0.03443362212515946,0.0
25.0,0.0,0.015099871813710909,0.0
24.999049567541363,0.0,0.0,0.0
24.97554200245623,0.0,0.0,0.007768328576263896
24.976492434914867,0.0,1.0033287907424608,2.2015483703834517
25.0,0.0,1.7303830589823743,3.2065875005794275
25.0,0.0,2.257322132210902,3.3941858121143236
25.0,0.0,2.6716105979008797,3.2826240703512686
25.0,0.0,2.851553409393301,2.819281076279218
25.0,0.0,2.718808361789092,1.9548372601121502
25.0,0.0,2.3459737639461187,1.185235914662656
25.0,0.0,2.1277325276235364,0.9664751358493946
25.0,0.0,2.395809008156551,1.3940986056087483
25.0,0.0,2.7963529494245125,1.98387033656722
25.0,0.0,3.2579412247357844,2.642518747767526
25.0,0.0,3.497251966514272,2.840683545037768
25.0,0.0,3.821140823502048,3.3586719717016127
25.0,0.0,3.642641581489499,2.8428530943867827
25.0,0.0,2.7655447877331283,1.1115725729364008
25.0,0.0,1.9391523779154762,0.003884164288131948
25.0,0.0,1.5938071058072658,0.0
25.0,0.0,1.3027727471690176,0.0
25.0,0.0,1.0507590558030966,0.0
25.0,0.0,0.8416364756585244,0.0
25.0,0.0,0.7106961021864603,0.0
25.0,0.0,0.6600539363129387,0.0
25.0,0.0,0.6459213547987747,0.0
25.0,0.0,0.6469930434740834,0.011652492006935284
25.0,0.0,0.738744056585565,0.17478740840022777
25.0,0.0,0.8378047299906757,0.3418064710749804
25.0,0.0,0.8667139145109588,0.3418064710749804
25.0,0.0,0.9330591175625725,0.45444723714572804
25.0,0.0,0.9908332839038404,0.5515513392042635
25.0,0.0,1.228808018891456,0.9943460577617786
25.0,0.0,1.265988959246024,0.9706766519660032
25.0,0.0,1.271385639012733,0.9120272252433933
25.0,0.0,1.4219029389291162,1.040706258160822
25.0,0.0,1.9176281851640182,1.7334342768666393
25.0,0.0,2.2785845148036845,2.119334971571376
25.0,0.0,3.0417977656641595,3.436456344095836
25.0,0.0,2.5517869579232824,2.2094034025385962
25.0,0.0,2.8872872250416384,3.18331113536202
25.0,0.0,2.2173445573551644,1.7719081053767172
25.0,0.0,1.1322807019603431,0.003884164288131948
25.0,0.0,0.7737839541542214,0.0
25.0,0.0,0.5281766290082628,0.0
25.0,0.0,0.34162812619369004,0.0
25.0,0.0,0.20175384600271679,0.0
25.0,0.0,0.09738501220884145,0.0
25.0,0.0,0.024597225986492253,0.0
24.976624976618478,0.0,0.0,0.0
24.911282043806512,0.0,0.0,0.007768328576263896
24.87396233583695,0.0,0.0,0.17867156754359637
24.939305268648916,0.0,0.10203595876429365,0.7718309877131314
25.0,0.0,0.8700280669747411,2.139249851006922
25.0,0.0,1.1115214840344239,1.9080400114059264
25.0,0.0,0.8907565114494436,1.0378160646196923
25.0,0.0,0.7905344847289557,0.9777238592334463
25.0,0.0,0.9085658110989445,1.4510679522175722
25.0,0.0,0.5697287194042534,1.0605101932422982
25.0,0.0,0.6868427793268186,1.3006874973885303
25.0,0.0,0.7284029062909314,1.1035327244294897
25.0,0.0,0.7705602023936,0.8801120382886357
25.0,0.0,0.9477153382412102,0.9865165746156357
25.0,0.0,2.295189630823475,3.5929499524334876
25.0,0.0,1.8810283002188226,2.139328920859844
25.0,0.0,1.0727340675580408,0.6414517300333782
25.0,0.0,0.44540150311051147,0.0
25.0,0.0,0.129265832413625,0.0
24.964942826168212,0.0,0.0,0.0
24.889916727029934,0.0,0.0,0.0
24.81858629813403,0.0,0.0,0.0
24.745171201099893,0.0,0.0,0.0
24.654649493643927,0.0,0.0,0.0
24.55756470358324,0.0,0.0,0.0
24.523698108203575,0.0,0.0,0.253079969224563
24.769224094436677,0.0,0.33247583569473743,2.0246589207631676
25.0,0.0,0.3017525939940808,1.7694754580348924
25.0,0.0,1.1652097256826446,2.963925857088766
25.0,0.0,1.9518006986077108,3.6290123690567735
25.0,0.0,1.7351341279612664,2.3168974264893096
25.0,0.0,1.5437424768704093,1.6362646642199967
25.0,0.0,1.4010955429941612,1.3380764244806984
25.0,0.0,1.1653155568248459,0.9967342823574783
25.0,0.0,1.1325295562312223,1.0122921604293231
25.0,0.0,1.1142321707460603,0.9967583027368597
25.0,0.0,1.1672130322942555,1.103973024158344
25.0,0.0,0.9961253814801118,0.7413506512840818
25.0,0.0,1.554904337433828,1.9566953855354425
25.0,0.0,0.9010737077310559,0.45698466171250757
25.0,0.0,0.5547056534946426,0.15148241238190935
25.0,0.0,0.27015760464133765,0.0
25.0,0.0,0.07712862903547324,0.0
24.96413243994282,0.0,0.0,0.0
24.890665472469983,0.0,0.0,0.0
24.81338708351919,0.0,0.0,0.0
24.725510939802554,0.0,0.0,0.0
24.62197627355127,0.0,0.0,0.0
24.51060525244774,0.0,0.0,0.0
24.40479021729988,0.0,0.0,0.003884164288131948
24.38780376650672,0.0,0.0,0.29230435573987373
24.430403957709206,0.0,0.0,0.40006892682235407
24.525000366293472,0.0,0.0,0.5903930129541631
24.728390019992393,0.0,0.0,0.7962537356594465
24.923494194494285,0.0,0.1463791235085551,1.0388223316546743
25.0,0.0,0.35035310827996,0.9567048359035039
25.0,0.0,0.7924731176835323,1.2928514340045278
25.0,0.0,0.8290650552446055,0.9918191426639579
25.0,0.0,1.0624115873833133,1.1961865641705969
25.0,0.0,1.4404040129040612,1.7125225230159347
25.0,0.0,1.6912763281447163,1.9951722498042537
25.0,0.0,2.1098479298356363,2.58188490065793
25.0,0.0,2.0675595750475053,2.205104478301381
25.0,0.0,2.5847375207458474,3.220974395887219
25.0,0.0,2.0430124754279113,1.9225718932245457
25.0,0.0,0.87392947026758,0.0
25.0,0.0,0.446198186696355,0.0
25.0,0.0,0.16737927347221962,0.0
25.0,0.0,0.007270365429301617,0.0
24.95349602750271,0.0,0.0,0.0
24.87802850294409,0.0,0.0,0.0
24.808294741024444,0.0,0.0,0.0
24.725597424817547,0.0,0.0,0.0
24.64068725718714,0.0,0.0,0.003884164288131948
24.798852097952654,0.0,0.5813790903165823,2.1838811083640324
25.0,0.0,1.134937186621925,3.1208744269005737
25.0,0.0,1.7035097430573256,3.3226021100579186
25.0,0.0,2.153403676831965,3.2276201257652737
25.0,0.0,2.398997280913269,2.870438732934774
25.0,0.0,2.126942850660998,1.7987809225935456
25.0,0.0,1.8639953857851164,1.3370818612447468
25.0,0.0,1.59902604395539,1.0480350649631809
25.0,0.0,1.6692885679361238,1.1594613533846503
25.0,0.0,2.3717814457916475,2.2592939927149427
25.0,0.0,2.652960581726519,2.4243609054215347
25.0,0.0,3.2951484095397285,3.3565052682301646
25.0,0.0,3.5575891145751584,3.5034027690244156
25.0,0.0,2.8573679599156216,1.8985351591164679
25.0,0.0,2.2983629071846208,1.1775689870066546
25.0,0.0,1.4062721068499053,0.0
25.0,0.0,1.0112611295009266,0.0
25.0,0.0,0.7151283566997234,0.0
25.0,0.0,0.4874353680444053,0.0
25.0,0.0,0.31453475259077096,0.0
25.0,0.0,0.17640786150978882,0.0
25.0,0.0,0.06827359360693663,0.0
24.985967847888098,0.0,0.0,0.0
24.93125283101911,0.0,0.0,0.0
24.94528498313101,0.0,0.9180772486025266,2.182763379821536
25.0,0.0,1.6083881212052882,3.1573559004623912
25.0,0.0,2.0560346948221393,3.191470304925143
25.0,0.0,2.2005415502181456,2.617683264452448
25.0,0.0,2.633868048998944,2.8220133489720274
25.0,0.0,2.586142113712348,2.051212979751442
25.0,0.0,2.273010637902609,1.2605307819183442
25.0,0.0,2.0754895063766727,1.0034282312294025
25.0,0.0,2.3548799363010122,1.408636203713196
25.0,0.0,2.749053664145241,2.0021065763082375
25.0,0.0,3.334131842275876,2.934734168538837
25.0,0.0,3.739117486750595,3.354177942916185
25.0,0.0,3.8490506141951157,3.279446018576214
25.0,0.0,3.4788266082090717,2.404398858503618
25.0,0.0,3.137499385734813,1.898677135698653
25.0,0.0,1.9970551440675952,0.0
25.0,0.0,1.5879011121166775,0.0
25.0,0.0,1.2862366646114969,0.0
25.0,0.0,1.0446773063886374,0.0
25.0,0.0,0.8465617923621498,0.0
25.0,0.0,0.6639619988100377,0.0
25.0,0.0,0.5041194682126985,0.0
25.0,0.0,0.3504978191505911,0.0
25.0,0.0,0.20495719014904654,0.0
25.0,0.0,1.1865434521540736,2.1648456662412854
25.0,0.0,1.9001156492170979,3.0982319129102818
25.0,0.0,2.416812291915687,3.2157998641572445
25.0,0.0,2.9102509141171082,3.174102831647381
25.0,0.0,3.0970686954676703,2.6031950320044115
25.0,0.0,3.127757640432723,2.0512166350833203
25.0,0.0,2.7583209501147774,1.2466629108161351
25.0,0.0,2.5306076538826976,1.0278667289580896
25.0,0.0,2.686871412795485,1.2708049846277976
25.0,0.0,2.917644423147398,1.5864485048282921
25.0,0.0,3.713006294470704,2.9334555998912393
25.0,0.0,4.172694216953864,3.3544190126580355
25.0,0.0,4.402673924945023,3.460623136496175
25.0,0.0,3.02133398413456,0.4431461700656863
25.0,0.0,2.487226825977729,0.1320615892263285
25.0,0.0,2.1004565546233707,0.0
25.0,0.0,1.8152909019483112,0.0
25.0,0.0,1.5601003043605952,0.0
25.0,0.0,1.3291366813325132,0.0
25.0,0.0,1.119392216183106,0.0
25.0,0.0,0.9341546187124914,0.0
25.0,0.0,0.7786508085640768,0.0
25.0,0.0,0.6433331942528052,0.0
25.0,0.0,0.5210726761082252,0.0
25.0,0.0,1.4833324236484462,2.1146189776109603
25.0,0.0,2.221163726938531,3.11873393275511
25.0,0.0,2.773536922445645,3.315584487099837
25.0,0.0,3.2175632546647184,3.1723292664736955
25.0,0.0,3.251467298771588,2.3258871643018404
25.0,0.0,3.4459388035892253,2.048536021987831
25.0,0.0,3.1347815064422804,1.159634789094382
25.0,0.0,3.0025498862455913,0.9800722861349521
25.0,0.0,3.2570578042205787,1.3844430125044258
25.0,0.0,3.7586604940035047,2.2537179085657324
25.0,0.0,3.8566961957584294,2.317212096590572
25.0,0.0,4.292586349439492,3.0660190388453836
25.0,0.0,4.634692262580898,3.5273225429064854
25.0,0.0,4.569851607022429,3.197845630863946
25.0,0.0,3.4616644835303303,1.0127866257510698
25.0,0.0,2.567953873373117,0.0
25.0,0.0,2.136638454244102,0.0
25.0,0.0,1.8151877284475144,0.0
25.0,0.0,1.5784645504941242,0.0
25.0,0.0,1.3847415865190529,0.0
25.0,0.0,1.2138712178212234,0.0
25.0,0.0,1.0585657321507056,0.0
25.0,0.0,0.9278010791907824,0.0
25.0,0.0,0.8426558459809489,0.0
25.0,0.0,0.8829476431641766,0.15148241238190935
25.0,0.0,1.0405173447715705,0.3767639170846668
25.0,0.0,2.075900425491547,2.251798172884945
25.0,0.0,2.6943786310614493,2.696386894014598
25.0,0.0,2.5808775946059583,1.7052651804922812
25.0,0.0,2.630014259420245,1.328915391069398
25.0,0.0,2.857928826088513,1.3235943955242022
25.0,0.0,2.8534998130627356,0.9860818982806062
25.0,0.0,2.99553735221129,1.1067214387450808
25.0,0.0,3.5426497557103316,2.138237334931855
25.0,0.0,3.3685236400258063,1.8278199231888836
25.0,0.0,2.7259648681367574,0.8131728052178734
25.0,0.0,2.522265330807859,0.9499430052434146
25.0,0.0,2.003044984168446,0.326269834501506
25.0,0.0,1.6493084904591928,0.11264076607074763
25.0,0.0,1.3992613627002477,0.0
25.0,0.0,1.2448785262288018,0.0
25.0,0.0,1.1238380195709599,0.0
25.0,0.0,1.0105081673602723,0.0
25.0,0.0,0.8911016185261218,0.0
25.0,0.0,0.757361479275779,0.0
25.0,0.0,0.6055662873263241,0.0
25.0,0.0,0.45047535003181516,0.0
25.0,0.0,0.29768425314498015,0.0
25.0,0.0,1.2051792789150042,2.0706943711673738
25.0,0.0,1.93164587856006,3.1089093028467074
25.0,0.0,2.4606936252367047,3.319666205323907
25.0,0.0,2.8753550250953976,3.173087171519524
25.0,0.0,3.0405195276031494,2.645978294224219
25.0,0.0,3.0982637057007296,2.093953302873154
25.0,0.0,2.8406624377890854,1.3533020183126672
25.0,0.0,2.583383388300871,0.9534951236648845
25.0,0.0,2.9140890241820467,1.497056855710521
25.0,0.0,3.3022581475594937,2.08953054115722
25.0,0.0,3.537938520371794,2.4041850723941924
25.0,0.0,4.130134036790122,3.415062533722311
25.0,0.0,4.138889794721237,3.1747815021035115
25.0,0.0,3.741808620718738,2.3523571274314548
25.0,0.0,3.2402112476799565,1.6320540690348317
25.0,0.0,2.1669027628260986,0.0
25.0,0.0,1.7428224229049292,0.0
25.0,0.0,1.4373936201743425,0.0
25.0,0.0,1.211189364926977,0.0
25.0,0.0,1.023493791391989,0.0
25.0,0.0,0.8615812516956955,0.0
25.0,0.0,0.7386675613610068,0.0
25.0,0.0,0.6266785852379851,0.0
25.0,0.0,0.5061015345894299,0.0
25.0,0.0,0.9933456570015551,1.1845628270257145
25.0,0.0,1.3434474195008645,1.6907944683790501
25.0,0.0,1.9862845965348084,2.468863196877545
25.0,0.0,1.928905376751548,1.6178186893921451
25.0,0.0,1.7065131098542687,0.8366604303493157
25.0,0.0,1.9128256820500165,1.233346891354109
25.0,0.0,1.7176531530672623,0.9516975161313411
25.0,0.0,1.609164464153647,0.9188182212999824
25.0,0.0,1.7273342986662303,1.192438489619063
25.0,0.0,2.370940866090564,2.1609584210685333
25.0,0.0,2.860262770242908,2.7560460590002367
25.0,0.0,3.450874485762696,3.506718093296303
25.0,0.0,2.612253278650468,1.4384142109826534
25.0,0.0,1.8992096705214578,0.318501488776031
25.0,0.0,1.5231345701085552,0.10098827492127291
25.0,0.0,1.2646431174956767,0.0
25.0,0.0,1.0870000700701672,0.0
25.0,0.0,0.9446166461257316,0.0
25.0,0.0,0.8238091999816404,0.0
25.0,0.0,0.7123155953665667,0.0
25.0,0.0,0.6088531455146343,0.0
25.0,0.0,0.5206919959106987,0.0
25.0,0.0,0.44272954252988306,0.0
25.0,0.0,0.38012003401136707,0.0
25.0,0.0,0.41074949639227676,0.13594576208906606
25.0,0.0,0.5281461656158112,0.3418064710749804
25.0,0.0,0.6787045006953122,0.5593196300522627
25.0,0.0,0.8548836531850328,0.7690645804977594
25.0,0.0,0.9955092591831312,0.8428637002573455
25.0,0.0,1.1676953726345607,0.96327278461483
25.0,0.0,1.2822055896740656,0.9414698351155139
25.0,0.0,1.3855650796294827,0.9184760688923143
25.0,0.0,1.815103149608856,1.431677473975605
25.0,0.0,2.3007919990066554,2.0097253573163054
25.0,0.0,2.964673713893822,3.009034113688667
25.0,0.0,3.376536656358213,3.43751654937932
25.0,0.0,3.1853681298663608,2.821971286196064
25.0,0.0,2.9634538662004664,2.4540280804952084
25.0,0.0,1.702712180731089,0.10487244092432597
25.0,0.0,1.2636027741501068,0.0
25.0,0.0,0.9934230558603223,0.0
25.0,0.0,0.7984929049008901,0.0
25.0,0.0,0.6610744743740927,0.0
25.0,0.0,0.5444668289433159,0.0
25.0,0.0,0.4268126502284253,0.0
25.0,0.0,0.30382958644153807,0.0
25.0,0.0,0.190029861864629,0.0
25.0,0.0,0.11006344678081707,0.0
25.0,0.0,0.14137370468698562,0.1320615892263285
25.0,0.0,0.2819255660474462,0.3379222982122429
25.0,0.0,0.47862940829698347,0.5554355120670009
25.0,0.0,0.7123152236398326,0.765180352757546
25.0,0.0,0.8854131542500545,0.8389795273946078
25.0,0.0,1.0426381064405967,0.9593885568746168
25.0,0.0,1.1049039465104173,0.9475279818744536
25.0,0.0,1.1453956471825546,0.942094952124916
25.0,0.0,1.2557215212234831,0.9949269354873246
25.0,0.0,1.7692302692674113,1.7383106090967595
25.0,0.0,1.950013062812965,1.77829257666963
25.0,0.0,2.0046693707835304,1.7401884812731425
25.0,0.0,2.6844112917316347,3.1811049624019185
25.0,0.0,2.5630091550553336,2.695731411517003
25.0,0.0,1.2734052191848766,0.08933578377179818
25.0,0.0,0.8849571207126428,0.0
25.0,0.0,0.6601431410357731,0.0
25.0,0.0,0.5101509640279175,0.0
25.0,0.0,0.4009435966835089,0.0
25.0,0.0,0.31831150875586095,0.0
25.0,0.0,0.26111802806148054,0.0
25.0,0.0,0.22756462679369077,0.0
25.0,0.0,0.20012919056362685,0.0
25.0,0.0,0.1726487273797991,0.0
25.0,0.0,0.19317917204573556,0.11652493893348519
25.0,0.0,0.33083000928164336,0.42131627408487465
25.0,0.0,1.668632084888094,3.066034299004595
25.0,0.0,2.2288144436947346,3.3964066728908175
25.0,0.0,2.0003585002042703,2.321707938173605
25.0,0.0,1.4617611791770713,1.0140962317865092
25.0,0.0,1.4283438251253635,0.9512062917386322
25.0,0.0,1.4670150927191086,0.9071943266345524
25.0,0.0,1.8891661220298797,1.4592940640249112
25.0,0.0,2.5026208187017134,2.3054579221054925
25.0,0.0,2.909765137249067,2.793182760574347
25.0,0.0,3.052562474922904,2.763277331129802
25.0,0.0,3.2177269425044184,2.943831822902659
25.0,0.0,2.8776258908298527,2.1372175344609388
25.0,0.0,2.319710845505009,1.1798618207063405
25.0,0.0,1.5197334725969511,0.0
25.0,0.0,1.184492329629987,0.0
25.0,0.0,0.9108428234585153,0.0
25.0,0.0,0.6745001657271253,0.0
25.0,0.0,0.4735064447551283,0.0
25.0,0.0,0.31488301875049524,0.0
25.0,0.0,0.20546020823723263,0.0
25.0,0.0,0.10362539128865238,0.0
24.99687827272374,0.0,0.0,0.0
24.99687827272374,0.0,0.7982244053080163,1.8034422620373538
25.0,0.0,1.6441210788250382,3.1030064878906347
25.0,0.0,2.2720448986983115,3.3335420104988147
25.0,0.0,2.783289600260242,3.1262299113989505
25.0,0.0,3.119195263440512,2.6968278253614666
25.0,0.0,3.1409772818262636,1.8669011393614179
25.0,0.0,2.890898699236746,1.1026814133448506
25.0,0.0,2.756942219043453,0.9280279232851197
25.0,0.0,3.0390642896471234,1.3167535136142317
25.0,0.0,3.5006720520128063,2.0735085858274878
25.0,0.0,4.024935699129217,2.89755739930576
25.0,0.0,4.405893437040544,3.313179977405032
25.0,0.0,4.347349945417898,2.9401859526914036
25.0,0.0,4.354499847776679,2.9860283164576296
25.0,0.0,3.465073555257081,1.3653529838981653
25.0,0.0,2.424162699212838,0.0
25.0,0.0,1.9722263862576395,0.0
25.0,0.0,1.74323570072891,0.0
25.0,0.0,1.689613181279209,0.0
25.0,0.0,1.6951190021549942,0.0
25.0,0.0,1.6971167828080798,0.0
25.0,0.0,1.6267210340404643,0.0
25.0,0.0,1.4872305090318696,0.0
25.0,0.0,1.274419493974872,0.0
25.0,0.0,1.1015458675945573,0.10487244092432597
25.0,0.0,1.0123527761195148,0.28742816075160643
25.0,0.0,0.9409425490858605,0.3107331704892938
25.0,0.0,1.015485236980021,0.42337393656004146
25.0,0.0,1.1126394935101496,0.5243622389200523
25.0,0.0,1.371488117756744,0.9477360931638797
25.0,0.0,1.4304815809980371,0.9715116962711415
25.0,0.0,1.449257073017539,1.0448402500998912
25.0,0.0,1.2085827064011714,0.6408871504147996
25.0,0.0,1.09199791021869,0.5903930129541631
25.0,0.0,0.9784991475868448,0.5127097203318397
25.0,0.0,1.0339309297158132,0.7224546158998605
25.0,0.0,1.2697189183912754,1.2252262800088884
25.0,0.0,2.1949468188979675,3.0472086064959227
25.0,0.0,0.979240646472665,0.06603079461316425
25.0,0.0,0.682557986111157,0.0
25.0,0.0,0.496334990288152,0.0
25.0,0.0,0.3419959118478113,0.0
25.0,0.0,0.20871981151774688,0.0
25.0,0.0,0.09219384671749949,0.0
24.99780945543891,0.0,0.0,0.0
24.959012321866627,0.0,0.0,0.0
24.899068200710268,0.0,0.0,0.0
24.843319586258865,0.0,0.0,0.0
24.905454251976312,0.0,0.5850583595226877,1.7110479255994895
25.0,0.0,1.3655348458988577,3.1319531267133023
25.0,0.0,1.9295228464380245,3.4746047447962884
25.0,0.0,2.2478232466509507,3.3008447034722623
25.0,0.0,2.2880093334716283,2.7394617529343934
25.0,0.0,1.9283544221478304,1.63977252064432
25.0,0.0,1.8028712020316904,1.3573279346892049
25.0,0.0,1.6086963600808586,1.1210460020143937
25.0,0.0,1.7903903957211473,1.4321994504963909
25.0,0.0,2.0550570189332857,1.904640742212184
25.0,0.0,2.637478219629055,2.957957778418437
25.0,0.0,3.0350301678490923,3.4342973015791354
25.0,0.0,2.910701854717554,2.9032773202749818
25.0,0.0,2.8257331281037072,2.7219598252923487
25.0,0.0,1.819739334724816,0.77638933268285
25.0,0.0,1.086991847921955,0.0
25.0,0.0,0.7085670483455275,0.0
25.0,0.0,0.4075681102049162,0.0
25.0,0.0,0.16188408090615766,0.0
24.983273747428257,0.0,0.0,0.0
24.9017242082068,0.0,0.0,0.0
24.796860814678123,0.0,0.0,0.0
24.7039010020923,0.0,0.0,0.0
24.593698796239465,0.0,0.0,0.0
24.768208148046742,0.0,0.18574969138552355,1.624291768874426
25.0,0.0,0.5381097909976073,2.432792194630505
25.0,0.0,1.435297816270411,3.4663755288199565
25.0,0.0,1.9723273559104078,3.337574304420703
25.0,0.0,2.1763346260156684,2.7282856163554037
25.0,0.0,2.147589617597486,1.9578578374292877
25.0,0.0,1.9938398531781258,1.400879735266875
25.0,0.0,1.7993259824330743,1.0825774794103071
25.0,0.0,2.033920291108572,1.4424566170701485
25.0,0.0,2.5320762296583332,2.2861436830524298
25.0,0.0,2.6585775431630223,2.3314795349842283
25.0,0.0,3.2814499683572405,3.357484439088328
25.0,0.0,3.440944653095664,3.287075074621218
25.0,0.0,2.7302347515560137,1.6133038028000242
25.0,0.0,2.153157282830483,0.8534056045242123
25.0,0.0,1.4069780876735682,0.0
25.0,0.0,1.0211686388321688,0.0
25.0,0.0,0.7129643173188701,0.0
25.0,0.0,0.471172926752212,0.0
25.0,0.0,0.2735175370920236,0.0
25.0,0.0,0.10639641942724766,0.0
24.980947193549333,0.0,0.0,0.0
24.904713095855207,0.0,0.0,0.0
24.80449718879058,0.0,0.0,0.0
24.880731286484707,0.0,0.45011738637687815,1.5933640846212256
25.0,0.0,1.2642746522824826,3.0841621176978204
25.0,0.0,1.8942525693611483,3.3359922292730917
25.0,0.0,2.372582050819296,3.132549169613489
25.0,0.0,2.66019484503527,2.6918152255489183
25.0,0.0,2.6619425385661857,1.8586744582221901
25.0,0.0,2.407177841861832,1.0902863389865316
25.0,0.0,2.2610521321573307,0.8655470496081343
25.0,0.0,2.508413246878093,1.1689343837557205
25.0,0.0,3.0087099523581045,1.9837890325453782
25.0,0.0,3.5156095468681046,2.7661274435876972
25.0,0.0,3.862935258628786,3.165787179219365
25.0,0.0,4.026048491396804,3.3010516934503196
25.0,0.0,3.8998112294716947,2.9523445358360347
25.0,0.0,2.928693869985695,1.0949759138240194
25.0,0.0,2.0471546140813817,0.0
25.0,0.0,1.6298875647638729,0.0
25.0,0.0,1.3003446562020446,0.0
25.0,0.0,1.0311962031715827,0.0
25.0,0.0,0.8111090345012214,0.0
25.0,0.0,0.6388017854470995,0.0
25.0,0.0,0.5147733875025329,0.0
25.0,0.0,0.40300399925440916,0.0
25.0,0.0,0.2927939821229989,0.0
25.0,0.0,0.23230444915272527,0.07768329262232344
25.0,0.0,0.3535662503471071,0.326269834501506
25.0,0.0,0.6006911829041929,0.5321305297680514
25.0,0.0,1.7985376325950184,2.3345000484886453
25.0,0.0,2.4358436747836905,2.5007523005637187
25.0,0.0,2.578719081926457,1.855501826568425
25.0,0.0,2.3795319138604016,1.089324219592632
25.0,0.0,2.2637103121780497,0.8631033327415892
25.0,0.0,2.5599414639155618,1.1897126520291577
25.0,0.0,3.088320469363809,1.9692728642050232
25.0,0.0,3.4798576269598884,2.444750912754368
25.0,0.0,3.87076852734351,2.95191427511927
25.0,0.0,4.065832696513195,3.17746598157421
25.0,0.0,3.9845119449213393,2.945466492660457
25.0,0.0,2.6745369910369723,0.4426952315714799
25.0,0.0,1.998608432357044,0.0
25.0,0.0,1.6014788605047054,0.0
25.0,0.0,1.31727566885217,0.0
25.0,0.0,1.1360777952512338,0.0
25.0,0.0,1.0139347062033952,0.0
25.0,0.0,0.9164212930633787,0.0
25.0,0.0,0.8247168502557582,0.0
25.0,0.0,0.7222349035700608,0.0
25.0,0.0,0.6173543880421897,0.0
25.0,0.0,0.5684216152147968,0.08933578377179818
25.0,0.0,0.6757780889756153,0.32238566163876853
25.0,0.0,1.7144291038900135,2.1090699089592873
25.0,0.0,2.517187947571397,2.8006055054521286
25.0,0.0,3.0347836887727317,2.89944647796434
25.0,0.0,2.7235825110806275,1.702632396221486
25.0,0.0,2.5706886314713078,1.4336835136579797
25.0,0.0,2.2123407142893607,0.898934581576459
25.0,0.0,2.1736313406916774,0.945938024333493
25.0,0.0,2.6307848353916294,1.687491189512435
25.0,0.0,2.491030729550467,1.1485300141601469
25.0,0.0,3.2670768918111572,2.6388893722099387
25.0,0.0,3.6248623295325846,3.061875766063671
25.0,0.0,2.338529799105486,0.2408181961537075
25.0,0.0,1.8832523909977235,0.050494137460636454
25.0,0.0,1.5535352602373071,0.0
25.0,0.0,1.2953932938369932,0.0
25.0,0.0,1.0760213944292871,0.0
25.0,0.0,0.9010111945300255,0.0
25.0,0.0,0.7704874370767679,0.0
25.0,0.0,0.6838894851935846,0.0
25.0,0.0,0.6174826502242488,0.0
25.0,0.0,0.5494540488182247,0.0
25.0,0.0,0.45085048666121214,0.0
25.0,0.0,0.8392113093350295,0.9908133171997249
25.0,0.0,1.696656374257323,2.6145547528365247
25.0,0.0,2.259572078378891,2.974980031982462
25.0,0.0,2.6232283336092546,2.755160675493852
25.0,0.0,2.892234927459407,2.515743176338211
25.0,0.0,2.826956165268639,1.8269941545151547
25.0,0.0,2.5060610859745225,1.1618618135031444
25.0,0.0,2.304044017149095,0.9340871599091303
25.0,0.0,2.266598060879769,0.9904619397765173
25.0,0.0,2.0185678974253336,0.5748563215032129
25.0,0.0,1.9067166155644535,0.4932888560181518
25.0,0.0,1.9206692923037028,0.6175821132383743
25.0,0.0,1.8145844824629682,0.4738680465819399
25.0,0.0,1.635456610539687,0.25247068730318223
25.0,0.0,1.411922003983232,0.050494137460636454
25.0,0.0,1.231173904981996,0.0
25.0,0.0,1.0777076751801604,0.0
25.0,0.0,0.9323289080680923,0.0
25.0,0.0,0.8124089098728857,0.0
25.0,0.0,0.7195958770233442,0.0
25.0,0.0,0.6607111924322736,0.0
25.0,0.0,0.6268992285140524,0.0
25.0,0.0,0.6031641094106129,0.0
25.0,0.0,0.5776714790918777,0.0
25.0,0.0,0.5704414610018851,0.04272580888437255
25.0,0.0,0.6216525635895312,0.1670190763941216
25.0,0.0,0.7472569480186778,0.29131233361434394
25.0,0.0,0.8903277898868125,0.4078372725478292
25.0,0.0,1.0191770159819054,0.508825547469102
25.0,0.0,1.0668239445935292,0.5826246672286879
25.0,0.0,1.0341372345793367,0.6292346867040627
25.0,0.0,0.9754434801250157,0.6447713232775371
25.0,0.0,0.9358273317933992,0.6214663409785876
25.0,0.0,0.9431812569141361,0.5709722035179512
25.0,0.0,0.9542232903393597,0.4932888560181518
25.0,0.0,1.096369848725711,0.6836129421499608
25.0,0.0,1.3206469820875564,1.011107031337138
25.0,0.0,1.095089171948639,0.4139403434847409
25.0,0.0,0.8473329202479605,0.050494137460636454
25.0,0.0,0.6975551105555657,0.0
25.0,0.0,0.561984156746144,0.0
25.0,0.0,0.42677007954384966,0.0
25.0,0.0,0.295724175783099,0.0
25.0,0.0,0.17081052532827823,0.0
25.0,0.0,0.06846552836066823,0.0
24.996893217660965,0.0,0.0,0.0
24.971082550791724,0.0,0.0,0.0
24.943732895616208,0.0,0.0,0.0
24.95319710998521,0.0,0.0,0.07768329262232344
24.983653547499763,0.0,0.08930857169043319,0.28742816075160643
25.0,0.0,0.29875038226130224,0.5049413746063645
25.0,0.0,0.5510534191263772,0.718570443037123
25.0,0.0,0.7589211689031233,0.841250464593042
25.0,0.0,0.9643289684021713,1.0787128285981287
25.0,0.0,1.123558790554768,1.2954084466831894
25.0,0.0,0.9094716380407044,0.90937466411272
25.0,0.0,0.9031169989197627,0.9558339428357657
25.0,0.0,0.9737838375806961,1.0242691854797132
25.0,0.0,1.0675487224632525,1.098333380416259
25.0,0.0,1.2239767661848115,1.2795813207114364
25.0,0.0,1.0862125615982867,0.8761464366709333
25.0,0.0,0.743672770269857,0.25247068730318223
25.0,0.0,0.4866218284862003,0.04272580888437255
25.0,0.0,0.2865984023836467,0.0
25.0,0.0,0.11986503335036913,0.0
24.989409112343385,0.0,0.0,0.0
24.935304190675048,0.0,0.0,0.0
24.864077665844125,0.0,0.0,0.0
24.805623356760805,0.0,0.0,0.0
24.745606438245026,0.0,0.0,0.0
24.685131315474887,0.0,0.0,0.0
24.622121042559208,0.0,0.0,0.0
24.57736946386146,0.0,0.0,0.06603079461316425
24.61085270315736,0.0,0.0,0.28354398788886886
24.70222841281098,0.0,0.0,0.28742816075160643
24.873589777434077,0.0,0.08549242241164999,0.637002977552062
25.0,0.0,0.4995393611254016,1.0873238873292446
25.0,0.0,0.8778675898636963,1.2567533205912877
25.0,0.0,1.0296372373415055,1.2148002613152378
25.0,0.0,0.9885951824168457,1.003155056664702
25.0,0.0,1.2270613985781125,1.2803897452426327
25.0,0.0,1.6178192184368283,1.7593519252299605
25.0,0.0,1.796661644995337,1.7857343299590172
25.0,0.0,2.2040780893562055,2.3116083766377846
25.0,0.0,2.3614162396800467,2.3232456419088967
25.0,0.0,1.9856341216607771,1.3999407282767118
25.0,0.0,1.1694841863042125,0.03495747687826642
25.0,0.0,0.8282385344493539,0.0
25.0,0.0,0.5806840857239229,0.0
25.0,0.0,0.42595801696502245,0.0
25.0,0.0,0.35944924054192795,0.0
25.0,0.0,0.3151308280401685,0.0
25.0,0.0,0.2440205061805318,0.0
25.0,0.0,0.14141231431747858,0.0
25.0,0.0,0.04105333273642625,0.0
24.995908778923486,0.0,0.0,0.0
24.995908778923486,0.0,0.024960612367026947,0.05437830003384729
25.0,0.0,0.09030934296682566,0.1592507443880155
25.0,0.0,0.16952540782867195,0.28354398788886886
25.0,0.0,0.2124453132447282,0.40006892682235407
25.0,0.0,0.26504746584897576,0.501057201743627
25.0,0.0,0.3697933232503015,0.5748563215032129
25.0,0.0,0.5249846804926669,0.6214663409785876
25.0,0.0,0.6704815002494837,0.637002977552062
25.0,0.0,0.778383313813659,0.6136979952531126
25.0,0.0,0.8063743053714846,0.5632038577924761
25.0,0.0,0.7829915896298512,0.481636392307415
25.0,0.0,0.7329816421958175,0.3767639170846668
25.0,0.0,0.6687142355737241,0.26023903302865736
25.0,0.0,0.6207882449094339,0.2058607089859144
25.0,0.0,0.4785259034143059,0.03495747687826642
25.0,0.0,0.36029239999501445,0.0
25.0,0.0,0.24786086642248847,0.0
25.0,0.0,0.14203940953917885,0.0
25.0,0.0,0.056297212462717044,0.0
24.99376162345613,0.0,0.0,0.0
24.964225959201393,0.0,0.0,0.0
24.930015145109387,0.0,0.0,0.0
24.898060030039986,0.0,0.0,0.0
24.843441203074562,0.0,0.0,0.0
24.881119894874796,0.0,0.0,0.4497107536211521
24.976187912476096,0.0,0.014690571866449318,0.688651480599753
25.0,0.0,0.25521026312514244,0.9405192840793906
25.0,0.0,0.598696793996003,1.1174278959981079
25.0,0.0,1.7405040333415833,2.7086606921246013
25.0,0.0,1.7964346660477573,1.7450614764182213
25.0,0.0,1.848845140894215,1.3053521513751791
25.0,0.0,1.8024575159750789,0.9583532799167126
25.0,0.0,1.8734216926683844,0.9167813244608788
25.0,0.0,2.613394286875086,2.1773968418752925
25.0,0.0,2.7712566491810056,2.2077474651698656
25.0,0.0,3.390464172875832,3.2315737484169924
25.0,0.0,3.6551761811401633,3.412813915975915
25.0,0.0,3.4946313014795627,2.79896882222882
25.0,0.0,2.1333078259945615,0.02330498572879169
25.0,0.0,1.715096936256838,0.0
25.0,0.0,1.3925460075330516,0.0
25.0,0.0,1.0885750056827803,0.0
25.0,0.0,0.8093733729347877,0.0
25.0,0.0,0.5760144956106362,0.0
25.0,0.0,0.4311900843513609,0.0
25.0,0.0,0.3854453639433955,0.0
25.0,0.0,0.3680014664093566,0.0
25.0,0.0,0.34767858346381725,0.0
25.0,0.0,0.33046087647489103,0.05437830003384729
25.0,0.0,0.39244424863446814,0.23693402329096994
25.0,0.0,0.4140953256409557,0.27965981502613135
25.0,0.0,0.5000992765013182,0.39618475395961644
25.0,0.0,0.6013356008559883,0.4971730288808893
25.0,0.0,0.6941037794048477,0.5709722035179512
25.0,0.0,0.7611940033395512,0.6175821132383743
25.0,0.0,0.8059761305859704,0.6292346867040627
25.0,0.0,0.8278046224311241,0.6098138772678509
25.0,0.0,0.807564181163713,0.5554355120670009
25.0,0.0,0.7283312753450365,0.4738680465819399
25.0,0.0,0.5885413015582243,0.37287977166066705
25.0,0.0,0.39200744249716485,0.25247068730318223
25.0,0.0,0.18144539529592696,0.12429325722022233
25.0,0.0,0.007369795923198884,0.011652492864395845
24.96534977986265,0.0,0.0,0.0
24.925324792308288,0.0,0.0,0.0
24.907284062976203,0.0,0.0,0.0
24.88477394409108,0.0,0.0,0.0
24.859201350937454,0.0,0.0,0.0
24.822697257056177,0.0,0.0,0.0
24.774191601704857,0.0,0.0,0.0
24.719722631350223,0.0,0.0,0.0
24.67199360412361,0.0,0.0,0.0
24.64214811107169,0.0,0.0,0.027189150016923645
24.647391323828693,0.0,0.0,0.15148241238190935
24.67412863422187,0.0,0.0,0.27577566960213173
24.70310860366233,0.0,0.0,0.39230058109687893
24.737103478140625,0.0,0.0,0.4932888560181518
24.778231593374926,0.0,0.0,0.5670879757777377
24.832768513870306,0.0,0.0,0.6136979952531126
24.886218499026583,0.0,0.0,0.6253504589638493
24.91958546675555,0.0,0.0,0.6059296495276374
24.924738262854447,0.0,0.0,0.5515513392042635
24.898661720010516,0.0,0.0,0.4738680465819399
24.84394113254974,0.0,0.0,0.36899565367540543
24.763180847075468,0.0,0.0,0.24858651444044466
24.663359956163262,0.0,0.0,0.12040909807685375
24.55597627488308,0.0,0.0,0.011652492864395845
24.468067237821295,0.0,0.0,0.0
24.403437487099417,0.0,0.0,0.0
24.34926248522936,0.0,0.0,0.0
24.302405014868796,0.0,0.0,0.0
24.259517003890856,0.0,0.0,0.0
24.222221474624384,0.0,0.0,0.0
24.188869028861127,0.0,0.0,0.0
24.15740884905238,0.0,0.0,0.0
24.124126004921955,0.0,0.0,0.0
24.09651366671269,0.0,0.0,0.027189150016923645
24.099788743425563,0.0,0.0,0.14759825323854078
24.13382444764229,0.0,0.0,0.2718915241781321
24.18346340437192,0.0,0.0,0.39230058109687893
24.2495792541171,0.0,0.0,0.48940468315541424
24.342357075067746,0.0,0.0,0.5670879757777377
24.446083982013526,0.0,0.0,0.6098138772678509
24.531843983950232,0.0,0.0,0.6253504589638493
24.565273449918628,0.0,0.0,0.6020455315423757
24.523988283717756,0.0,0.0,0.5515513392042635
24.440904314328634,0.0,0.0,0.4699838737192024
24.354367079661138,0.0,0.0,0.36511148081266775
24.28521518723906,0.0,0.0,0.24470234157770712
24.219181299679754,0.0,0.0,0.11652493893348519
24.14335843499824,0.0,0.0,0.007768328576263896
24.07166518736169,0.0,0.0,0.0
24.001510280071102,0.0,0.0,0.0
23.934786849148587,0.0,0.0,0.0
23.876606957785903,0.0,0.0,0.0
23.820010199098828,0.0,0.0,0.0
23.760834631773818,0.0,0.0,0.0
23.696769774980638,0.0,0.0,0.0
23.63207911040155,0.0,0.0,0.0
23.572717076576694,0.0,0.0,0.0
23.535699697095193,0.0,0.0,0.05826246946674259
23.5786695894707,0.0,0.0,0.3379222982122429
23.694225899840685,0.0,0.0,0.6331188046893247
23.86266369775862,0.0,0.0,0.9912213929358512
24.074029497568247,0.0,0.0,1.2621343183044307
24.188463345457443,0.0,0.0,0.9795418099242941
24.34414162359215,0.0,0.0,1.2157434170405366
24.485647380344545,0.0,0.0,0.9826935940510418
24.434821958977878,0.0,0.0,0.6020455315423757
24.368905166111965,0.0,0.0,0.5476671663415258
24.303922060681376,0.0,0.0,0.46609975573394075
24.222984576050706,0.0,0.0,0.36122730794993024
24.16053377456126,0.0,0.0,0.2408181961537075
24.09936724528843,0.0,0.0,0.11264076607074763
24.020743844155895,0.0,0.0,0.007768328576263896
23.93366446756476,0.0,0.0,0.0
23.84843777482026,0.0,0.0,0.0
23.779687457654305,0.0,0.0,0.0
23.739216509314257,0.0,0.0,0.0
23.718330758673947,0.0,0.0,0.0
23.699838558389242,0.0,0.0,0.0
23.673303099792527,0.0,0.0,0.0
23.638923573054246,0.0,0.0,0.0
23.597825992506927,0.0,0.0,0.0
23.559340046440255,0.0,0.0,0.02330498572879169
23.562806169073742,0.0,0.0,0.13982990751306568
23.62286095544131,0.0,0.0,0.26800735131539455
23.77799378423427,0.0,0.0,0.6059296495276374
24.03193448750016,0.0,0.0,1.0166293073405555
24.350395425015872,0.0,0.0,1.4522111295930733
24.571744243246975,0.0,0.0,1.3127487514052765
24.582369652518082,0.0,0.0,0.9000990329390108
24.618888363981032,0.0,0.0,0.988812100789712
24.659509873359482,0.0,0.0,0.8622844548160814
24.571156990492575,0.0,0.0,0.4622155828712032
24.589488889090774,0.0,0.0,0.6253504589638493
24.8340789861616,0.0,0.15247955670964278,1.595792813496785
25.0,0.0,0.5462107386467526,2.2557315237559155
24.84389219068643,0.0,0.0,0.007768328576263896
24.63377039188328,0.0,0.0,0.0
24.49457464839228,0.0,0.0,0.0
24.34634198417524,0.0,0.0,0.0
24.22002573211804,0.0,0.0,0.0
24.103072544322423,0.0,0.0,0.0
24.013207702149792,0.0,0.0,0.0
23.95600886923128,0.0,0.0,0.0
23.91314258213688,0.0,0.0,0.0
23.846403316145604,0.0,0.0,0.0
23.9177105162123,0.0,0.0,0.7316393128025509
24.50684405742861,0.0,0.0,3.0148048163199177
24.989887791490716,0.0,0.16248865010091523,3.0636046482623125
25.0,0.0,0.3263857165025547,2.1254523027186014
25.0,0.0,1.160213413872714,2.8039423686264913
25.0,0.0,1.145648277882105,1.6925934851138207
25.0,0.0,1.2640593193683807,1.335247510196282
25.0,0.0,1.1540736366997832,0.8613149160968684
25.0,0.0,1.5708733791540566,1.431851129549326
25.0,0.0,1.8640928864943755,1.8891315703913245
25.0,0.0,2.2652806139132737,2.5630672779522516
25.0,0.0,2.7364121395165255,3.2440147306648393
25.0,0.0,2.629578869977922,2.728302007011935
25.0,0.0,1.5232511895478416,0.39431937222113245
25.0,0.0,0.9826457408930744,0.007768328576263896
25.0,0.0,0.6449718364770282,0.0
25.0,0.0,0.3682184511223911,0.0
25.0,0.0,0.14270270372428864,0.0
24.985305473556412,0.0,0.0,0.0
24.910853473792613,0.0,0.0,0.0
24.807843366462293,0.0,0.0,0.0
24.71171303482017,0.0,0.0,0.0
24.61274667190083,0.0,0.0,0.0
24.528404642752527,0.0,0.0,0.0
24.475929193239384,0.0,0.0,0.03884164631116172
24.50972470265536,0.0,0.0,0.25635486016591985
24.778871148861754,0.0,0.40708206922804596,1.9744011859270199
25.0,0.0,0.9113917959896368,2.536531364358434
25.0,0.0,1.3875423936230478,2.5353134683482503
25.0,0.0,1.5569617330885537,1.958329924553362
25.0,0.0,1.4242444691422538,1.1674223227680849
25.0,0.0,1.4240837517116114,0.9310331761052364
25.0,0.0,1.849960499275508,1.3315137196655877
25.0,0.0,2.273585237237599,1.8820667596869793
25.0,0.0,2.9094339281652273,2.8868790351972304
25.0,0.0,3.245621327053005,3.217223018641146
25.0,0.0,3.0971445615259934,2.767512813376548
25.0,0.0,2.957608062035862,2.5606310993514807
25.0,0.0,1.612487544763919,0.003884164288131948
25.0,0.0,1.1801646447968799,0.0
25.0,0.0,0.8909445765355647,0.0
25.0,0.0,0.7113891556694579,0.0
25.0,0.0,0.6080195957809418,0.0
25.0,0.0,0.5307388038223871,0.0
25.0,0.0,0.4569498216371883,0.0
25.0,0.0,0.36095474901493513,0.0
25.0,0.0,0.267774976456858,0.0
25.0,0.0,0.19533750202674127,0.0
25.0,0.0,0.1600359541334021,0.015536658867448915
25.0,0.0,0.19900867228527205,0.1320615892263285
25.0,0.0,0.2843215957165537,0.26023903302865736
25.0,0.0,0.3670621309887469,0.3767639170846668
25.0,0.0,0.45305265366248526,0.4777522194446775
25.0,0.0,0.55844739156835,0.5515513392042635
25.0,0.0,0.6560805077588965,0.5981613038021623
25.0,0.0,0.738683483165409,0.6098138772678509
25.0,0.0,0.8033272433614668,0.5865087852139497
25.0,0.0,0.8258297578191316,0.5321305297680514
25.0,0.0,0.7636055492070671,0.45056306428299053
25.0,0.0,0.5772154092001196,0.345690643937718
25.0,0.0,0.3020652674471057,0.22528153214149527
25.0,0.0,0.01165497045266319,0.09321994291516676
24.916327239093654,0.0,0.0,0.003884164288131948
24.836534166177593,0.0,0.0,0.0
24.827249222582857,0.0,0.0,0.0
24.806031781221435,0.0,0.0,0.0
24.770677831492115,0.0,0.0,0.0
24.72051684370065,0.0,0.0,0.0
24.67447198005074,0.0,0.0,0.0
24.637311443605526,0.0,0.0,0.0
24.60546288472766,0.0,0.0,0.0
24.56364043135396,0.0,0.0,0.0
24.513278586672165,0.0,0.0,0.015536657152527791
24.484516726071497,0.0,0.0,0.12817743008295993
24.490871934028615,0.0,0.0,0.25635486016591985
24.52284905339337,0.0,0.0,0.37287977166066705
24.573401941872092,0.0,0.0,0.4738680465819399
24.626636848482566,0.0,0.0,0.5476671663415258
24.67752537958021,0.0,0.0,0.5942771858169007
24.720279206870256,0.0,0.0,0.6059296495276374
24.746791847205543,0.0,0.0,0.5826246672286879
24.75813463569306,0.0,0.0,0.528246356905314
24.761708510082713,0.0,0.0,0.44667891885899086
24.80236008056807,0.0,0.0,0.5360147026307891
24.81805512234092,0.0,0.0,0.38064811738614207
24.76124210756963,0.0,0.0,0.1592507443880155
24.669169019634253,0.0,0.0,0.003884164288131948
24.574440341944545,0.0,0.0,0.0
24.491714714689778,0.0,0.0,0.0
24.4059164392813,0.0,0.0,0.0
24.341076657865024,0.0,0.0,0.0
24.286932517670067,0.0,0.0,0.0
24.232483552048777,0.0,0.0,0.0
24.17862950109963,0.0,0.0,0.0
24.12395938337604,0.0,0.0,0.0
24.0698600421858,0.0,0.0,0.0
24.031299268599636,0.0,0.0,0.02330498572879169
24.04695989620383,0.0,0.0,0.12817743008295993
24.137231318215182,0.0,0.0,0.25247068730318223
24.33308685355089,0.0,0.0,0.5865087852139497
24.599583603749466,0.0,0.0,0.9063897315889136
24.866461081263765,0.0,0.021106456186656335,1.2165635752180488
25.0,0.0,0.26157541239029447,1.4095555332241023
25.0,0.0,0.2221553089273948,1.031243541275767
25.0,0.0,0.5512282232040161,1.288988565130369
25.0,0.0,1.3387226903539542,2.3750922693710397
25.0,0.0,1.7695054436007436,2.6752601269859926
25.0,0.0,1.0874096231621904,0.9722374735304874
25.0,0.0,0.9076729292374511,0.9608560717613569
25.0,0.0,0.358622527392476,0.1709032355374902
25.0,0.0,0.028881339658352465,0.0
24.925955869797843,0.0,0.0,0.0
24.82017782204249,0.0,0.0,0.0
24.760611693513653,0.0,0.0,0.0
24.71470245197603,0.0,0.0,0.0
24.676759868194743,0.0,0.0,0.0
24.629558894825642,0.0,0.0,0.0
24.561758525499158,0.0,0.0,0.0
24.480676287446993,0.0,0.0,0.0
24.40074879291741,0.0,0.0,0.0
24.342112471950273,0.0,0.0,0.01942082315558086
24.37185958492102,0.0,0.0,0.23693402329096994
24.482560884080414,0.0,0.0,0.4427947459962533
24.641989759391564,0.0,0.0,0.6486554961402746
24.828740566397773,0.0,0.0,0.7418754253360725
24.958845284484227,0.0,0.14306519039877458,0.858400281953344
25.0,0.0,0.3733812411161489,0.8778878232719858
25.0,0.0,0.6519834120141442,0.9818246489632844
25.0,0.0,1.004455406021023,1.2003414376718435
25.0,0.0,1.6666301191054096,2.070768685361176
25.0,0.0,2.229541469722236,2.7632558610381066
25.0,0.0,2.4088431611646874,2.7446686948142394
25.0,0.0,1.2990953759649306,0.39230058109687893
25.0,0.0,0.8932249002366814,0.163134917250753
25.0,0.0,0.5722399836477416,0.0
25.0,0.0,0.39053524412057106,0.0
25.0,0.0,0.2566851859117337,0.0
25.0,0.0,0.14006170519879055,0.0
25.0,0.0,0.03874020027815681,0.0
24.981481019567866,0.0,0.0,0.0
24.939115734618717,0.0,0.0,0.0
24.898766058614157,0.0,0.0,0.0
24.857977971570627,0.0,0.0,0.0
24.793323253931646,0.0,0.0,0.0
24.71875608314053,0.0,0.0,0.01942082315558086
24.757185719144605,0.0,0.0,0.3707937858707366
24.9149062619284,0.0,0.5692408466245413,1.7117708607263276
25.0,0.0,1.679998781393531,3.0884772378021927
25.0,0.0,2.2178634385731857,2.855369798988147
25.0,0.0,2.2013292068947257,1.820483315784739
25.0,0.0,2.0732220595787334,1.1926739901140995
25.0,0.0,1.9925363981294988,0.9780591741390827
25.0,0.0,2.2008752856482734,1.231840235246277
25.0,0.0,2.4998422746604287,1.7321620523909542
25.0,0.0,2.93084681447964,2.457609946744229
25.0,0.0,3.1355984270942927,2.6220477419894728
25.0,0.0,3.2287488915691855,2.680274857724881
25.0,0.0,2.4478146363430766,0.972522208191256
25.0,0.0,1.7367204386455302,0.0
25.0,0.0,1.4244261824483209,0.0
25.0,0.0,1.1752486095484913,0.0
25.0,0.0,0.9603525854372856,0.0
25.0,0.0,0.7671453139497155,0.0
25.0,0.0,0.603753998696112,0.0
25.0,0.0,0.4746910782518696,0.0
25.0,0.0,0.36041444918205445,0.0
25.0,0.0,0.24044605073662953,0.0
25.0,0.0,0.07655861146147394,0.0
25.0,0.0,0.1031554868874567,0.4036019500595679
25.0,0.0,0.8046692782700524,1.9167808787855776
25.0,0.0,1.5980567590716317,2.840104104241164
25.0,0.0,2.0779245880648283,2.6074243139181963
25.0,0.0,2.4305340153824444,2.2438110349295766
25.0,0.0,2.562174913467178,1.6009271805667666
25.0,0.0,2.5557376691778577,1.115137170508865
25.0,0.0,2.523426628288111,0.91109401950417
25.0,0.0,2.869144082367145,1.3149355332597477
25.0,0.0,3.2983206053188123,2.0409698894586494
25.0,0.0,3.8552107255632855,2.9558462394703358
25.0,0.0,4.217180490755102,3.329550540978993
25.0,0.0,4.276043731938553,3.2035216962545014
25.0,0.0,3.7825925523881434,2.1116136192715103
25.0,0.0,2.518090789934504,0.0
25.0,0.0,1.9735606148299767,0.0
25.0,0.0,1.5345902331653714,0.0
25.0,0.0,1.1867946918988388,0.0
25.0,0.0,0.9604586154035253,0.0
25.0,0.0,0.7999739384196598,0.0
25.0,0.0,0.6705173967052057,0.0
25.0,0.0,0.559849694980488,0.0
25.0,0.0,0.444574264152826,0.0
25.0,0.0,0.3118083367390419,0.0
25.0,0.0,0.3036466038514724,0.23790407363876853
25.0,0.0,1.1947934286326443,2.110949095426926
25.0,0.0,2.155050257903276,3.3290514519114165
25.0,0.0,2.708357656647972,3.229137685781116
25.0,0.0,2.922304226364956,2.5720910761732916
25.0,0.0,3.024809562650496,1.8793394541896857
25.0,0.0,2.8804740751958726,1.1089848405666554
25.0,0.0,2.8262004634194455,0.8366798550867469
25.0,0.0,3.1923533779909485,1.2636356809755565
25.0,0.0,3.7478801124926875,2.189036341433777
25.0,0.0,4.073753413291787,2.66314050723817
25.0,0.0,4.354561366923396,3.1038728294935094
25.0,0.0,3.9504239539998682,2.2449044084878906
25.0,0.0,3.528192586074963,1.680917584008509
25.0,0.0,2.4942588203862477,0.0
25.0,0.0,2.1026247462770375,0.0
25.0,0.0,1.7905640481740879,0.0
25.0,0.0,1.521277117671238,0.0
25.0,0.0,1.2782272705875382,0.0
25.0,0.0,1.0713827883016993,0.0
25.0,0.0,0.9326904208666463,0.0
25.0,0.0,0.8289070522561491,0.0
25.0,0.0,0.7276087591063697,0.0
25.0,0.0,0.584013707603606,0.0
25.0,0.0,0.42797008254617036,0.011652492864395845
25.0,0.0,1.2166808540550926,1.843043718431153
25.0,0.0,2.0831885356190227,3.087229748922392
25.0,0.0,1.940804863663571,1.8189647905759876
25.0,0.0,2.750382398022468,2.7578107938369447
25.0,0.0,2.7416702279168144,1.6814330015967291
25.0,0.0,2.7095188248656954,1.054520957360437
25.0,0.0,2.7223874196636704,0.8194057051315492
25.0,0.0,3.104609910963279,1.3531249488939991
25.0,0.0,3.3731582812290677,1.9466245153079835
25.0,0.0,2.979699233318299,1.2752640473630361
25.0,0.0,2.458062904228524,0.4971730288808893
25.0,0.0,2.1307777539841077,0.19420823155580863
25.0,0.0,1.9133689033643653,0.10098827492127291
25.0,0.0,1.7085722515697692,0.0
25.0,0.0,1.515824436447591,0.0
25.0,0.0,1.3283483978669393,0.0
25.0,0.0,1.1523784835432567,0.0
25.0,0.0,0.9935686066591006,0.0
25.0,0.0,0.8552957878843477,0.0
25.0,0.0,0.7381752082850208,0.0
25.0,0.0,0.6284183769535028,0.0
25.0,0.0,0.5142921299628587,0.0
25.0,0.0,0.37396602654401145,0.0
25.0,0.0,0.3643658901101864,0.27481220829898695
25.0,0.0,1.381552508297197,2.4889340109805107
25.0,0.0,2.178839195352541,3.394696410772976
25.0,0.0,2.5716646840145647,3.16660965025415
25.0,0.0,2.7430798299091195,2.585885720820887
25.0,0.0,2.81494973223097,1.8642740486086642
25.0,0.0,2.6916025621264836,1.098614379809526
25.0,0.0,2.730120474595298,0.9037102025272474
25.0,0.0,3.1176326992923227,1.2965000305487708
25.0,0.0,3.3572010646025996,1.6844195820767598
25.0,0.0,3.4466857801636634,1.8494631988106636
25.0,0.0,3.970713039267745,2.9201532177914293
25.0,0.0,4.220992553085121,3.320517540929923
25.0,0.0,3.348933357469432,1.419217751517039
25.0,0.0,2.3905343569868838,0.0
25.0,0.0,1.9917622724807007,0.0
25.0,0.0,1.6872906136207166,0.0
25.0,0.0,1.4431698008302758,0.0
25.0,0.0,1.2540130940515761,0.0
25.0,0.0,1.1184288043708512,0.0
25.0,0.0,1.0386364751417,0.0
25.0,0.0,0.9751599877854944,0.0
25.0,0.0,0.9065535572086971,0.0
25.0,0.0,0.7545614289032931,0.0
25.0,0.0,0.578902522652376,0.007768329433724457
25.0,0.0,1.6071565578722704,2.417674675182444
25.0,0.0,2.384156730586951,3.3475810061976783
25.0,0.0,2.8185725735607816,3.211496224326318
25.0,0.0,2.8480568764354395,2.372534557827127
25.0,0.0,2.9197174546217948,1.8331621576427428
25.0,0.0,2.719224723294028,1.0924385677616042
25.0,0.0,2.609838785054623,0.8158091977748052
25.0,0.0,2.9904239285120355,1.3299983601599406
25.0,0.0,3.364265354864959,1.9271206173222553
25.0,0.0,3.9077399214162702,2.851293945928968
25.0,0.0,3.9862091514000024,2.7576274334503474
25.0,0.0,4.147557297886273,3.064195866183871
25.0,0.0,3.429631072128937,1.590092147083022
25.0,0.0,2.4254925645987533,0.0
25.0,0.0,2.0173220770026337,0.0
25.0,0.0,1.692747013058009,0.0
25.0,0.0,1.4493580898172997,0.0
25.0,0.0,1.2695902472399918,0.0
25.0,0.0,1.1381529522190248,0.0
25.0,0.0,1.020002810097576,0.0
25.0,0.0,0.9015812911808138,0.0
25.0,0.0,0.7843573754758028,0.0
25.0,0.0,0.673007316752919,0.0
25.0,0.0,0.5992305669791838,0.007768328576263896
25.0,0.0,0.6908267142589627,0.18255574040633388
25.0,0.0,0.9510942834247544,0.5166089645852215
25.0,0.0,1.8426723032065395,1.897898471058495
25.0,0.0,1.9015357087725473,1.2898216870879062
25.0,0.0,2.2389021736205743,1.5191681697231059
25.0,0.0,2.241190785543909,1.2114566509253775
25.0,0.0,2.071129448730086,0.8648579786972473
25.0,0.0,1.9875021141628775,0.8153091114623784
25.0,0.0,1.8575922941045184,0.7846011621937579
25.0,0.0,1.5099477593698976,0.4117214179718288
25.0,0.0,1.2355053858687055,0.3029648247638187
25.0,0.0,0.9591976483400504,0.17867156754359637
25.0,0.0,0.7033410846274395,0.050494137460636454
25.0,0.0,0.522090457470339,0.0
25.0,0.0,0.4295489775241327,0.0
25.0,0.0,0.37767029885816256,0.0
25.0,0.0,0.3441932932489969,0.0
25.0,0.0,0.31599306006339445,0.0
25.0,0.0,0.2875559634947987,0.0
25.0,0.0,0.23756260323541936,0.0
25.0,0.0,0.181630823380005,0.0
25.0,0.0,0.12202545813353531,0.0
25.0,0.0,0.05805744990650661,0.0
25.0,0.0,0.02103177482380286,0.007768328576263896
25.0,0.0,0.07617833622587367,0.17478740840022777
25.0,0.0,0.18553535798029366,0.39618475395961644
25.0,0.0,0.3273979944587417,0.6059296495276374
25.0,0.0,0.4423752893676768,0.7030337515861728
25.0,0.0,0.5988432643014837,0.819558717958396
25.0,0.0,0.7433014326890892,0.8525260332157613
25.0,0.0,0.9121611441931115,0.9472047407106208
25.0,0.0,1.1100633379552407,1.043823599445201
25.0,0.0,1.8196461529639862,2.142887793782043
25.0,0.0,1.3442873965078859,0.8610360225632689
25.0,0.0,1.0917691592669871,0.5243622389200523
25.0,0.0,0.8178926830804994,0.27577566960213173
25.0,0.0,0.5142504153666717,0.04660997145758338
25.0,0.0,0.29434782869433146,0.0
25.0,0.0,0.10672944970686835,0.0
24.970094771875168,0.0,0.0,0.0
24.883101791061943,0.0,0.0,0.0
24.785341842886584,0.0,0.0,0.0
24.712064909783933,0.0,0.0,0.0
24.6681096727563,0.0,0.0,0.0
24.657370110784022,0.0,0.0,0.0
24.657882523205487,0.0,0.0,0.0
24.636521255156204,0.0,0.0,0.0
24.589803252665973,0.0,0.0,0.003884164288131948
24.56217328159662,0.0,0.0,0.09710411577790432
24.594476459066787,0.0,0.0,0.22528153214149527
24.684713023719695,0.0,0.0,0.3418064710749804
24.797425520653057,0.0,0.0,0.4427947459962533
24.899570604932414,0.0,0.0,0.5165938931945772
24.97021136182388,0.0,0.0,0.5593196300522627
24.997830427898403,0.0,0.04416612878158048,0.5670879757777377
25.0,0.0,0.10153732418313868,0.5437830483562642
25.0,0.0,0.1704646860887361,0.48940468315541424
25.0,0.0,0.20886419626382122,0.40395309968509163
25.0,0.0,0.18649307484529143,0.29519650647708157
25.0,0.0,0.10582057230552891,0.1709032355374902
25.0,0.0,0.009540017670733505,0.04272580888437255
24.982654332077868,0.0,0.0,0.0
24.97003999391466,0.0,0.0,0.0
24.965996761343966,0.0,0.0,0.0
24.933419752847982,0.0,0.0,0.0
24.862914017655864,0.0,0.0,0.0
24.77175751245737,0.0,0.0,0.0
24.690989472570273,0.0,0.0,0.0
24.63603735278094,0.0,0.0,0.0
24.595132110607516,0.0,0.0,0.0
24.540018309270806,0.0,0.0,0.0
24.474591594039016,0.0,0.0,0.003884164288131948
24.431534892110154,0.0,0.0,0.09321994291516676
24.44230310674365,0.0,0.0,0.22139737299812665
24.508899150349247,0.0,0.0,0.3379222982122429
24.60529928263051,0.0,0.0,0.4389105731335158
24.780670283674553,0.0,0.0,0.8117903722329207
24.946512180316915,0.0,0.0,0.8354377092824855
24.99401561057987,0.0,0.14427373922929596,0.863048636013882
25.0,0.0,0.5996280403752543,1.2717646014327904
25.0,0.0,0.9760040134074612,1.5654061138786655
25.0,0.0,1.7655598540241932,2.7999573189400344
25.0,0.0,1.6424518393658865,2.368375060826662
25.0,0.0,0.6235492441345962,0.6451669026802502
24.958620258684434,0.0,0.0,0.06991495375653284
24.766183695968955,0.0,0.0,0.0
24.609583197581166,0.0,0.0,0.0
24.574829563554445,0.0,0.0,0.0
24.52910009176422,0.0,0.0,0.0
24.46955241873544,0.0,0.0,0.0
24.391923543344152,0.0,0.0,0.0
24.331733954880047,0.0,0.0,0.0
24.298254255255173,0.0,0.0,0.0
24.27941901367085,0.0,0.0,0.0
24.25619370984991,0.0,0.0,0.0
24.217973599729206,0.0,0.0,0.003884164288131948
24.2156339238134,0.0,0.0,0.163134917250753
24.284505638415176,0.0,0.0,0.38064811738614207
24.39942926743404,0.0,0.0,0.5903930129541631
24.518438308518192,0.0,0.0,0.6874971150126985
24.61846240184057,0.0,0.0,0.8040220265074456
24.67684767350753,0.0,0.0,0.7964697799807618
24.703216138432353,0.0,0.0,0.8035977118969067
24.73965839301917,0.0,0.0,0.8177195198712177
24.87872547199959,0.0,0.2564768744237679,1.6676777781861334
24.931726146314993,0.0,0.0,0.7452659643349225
24.931726146314993,0.0,0.08884375809740352,1.1573518395205675
24.854799741763816,0.0,0.0,0.46125940938725996
24.60231244732696,0.0,0.0,0.06991495375653284
24.419376303966565,0.0,0.0,0.0
24.277027739165856,0.0,0.0,0.0
24.14814188009671,0.0,0.0,0.0
24.02809128740296,0.0,0.0,0.0
23.91209961238186,0.0,0.0,0.0
23.804965611886637,0.0,0.0,0.0
23.71678595049917,0.0,0.0,0.0
23.64109557809903,0.0,0.0,0.0
23.564618463842155,0.0,0.0,0.0
23.467854724292305,0.0,0.0,0.0
23.35590860739768,0.0,0.0,0.0
23.524029796241187,0.0,0.0,1.139005014121509
24.011054438144754,0.0,0.0,2.220166516696446
24.637407813677772,0.0,0.053664335369079094,3.2749717997392875
24.893430529882746,0.0,0.0,2.0005931104033947
24.878258362552092,0.0,0.0,1.5045019443779943
24.920749997501765,0.0,0.0,1.1770557157479091
24.837967604429387,0.0,0.0,0.9076645995698838
24.902045439596968,0.0,0.15514256178483063,1.360104559515306
25.0,0.0,0.5760861390125177,2.0927403961483306
25.0,0.0,0.45120245018425015,1.4700379187666692
25.0,0.0,1.1560374876017563,2.740546032817046
25.0,0.0,0.7172776588581312,1.4654388796455062
24.97047704473678,0.0,0.0,0.05826246946674259
24.787372185551142,0.0,0.0,0.0
24.5379958685891,0.0,0.0,0.0
24.33023132538071,0.0,0.0,0.0
24.140610004058914,0.0,0.0,0.0
24.01124473379285,0.0,0.0,0.0
23.92119882316627,0.0,0.0,0.0
23.8456266159536,0.0,0.0,0.0
23.764273990346233,0.0,0.0,0.0
23.663035095713898,0.0,0.0,0.0
23.536419037450443,0.0,0.0,0.0
23.395328694916017,0.0,0.0,0.0
23.84227291702261,0.0,0.0,2.5229511253189703
24.48661901429521,0.0,0.0,3.1296113061807884
24.806209980233078,0.0,0.0036964078413115604,2.9800414390868997
25.0,0.0,0.2542290431014327,2.581523567795989
25.0,0.0,0.4671722806251233,1.8010861562531124
25.0,0.0,0.48749736557107504,1.0645853328661503
25.0,0.0,0.6293144915507582,0.8226825629375811
25.0,0.0,1.096534001586163,1.2747441776708264
25.0,0.0,1.4753697345958627,1.787263057422585
25.0,0.0,1.5738703507475698,1.8524761752432233
25.0,0.0,1.8017435700274007,2.26782944293639
25.0,0.0,2.255437118418494,3.154665261068979
25.0,0.0,0.853404028997126,0.04660997145758338
25.0,0.0,0.47218327589504444,0.0
25.0,0.0,0.2112939104887644,0.0
25.0,0.0,0.006553684249027153,0.0
24.93824002857341,0.0,0.0,0.0
24.862154354846567,0.0,0.0,0.0
24.83906042678055,0.0,0.0,0.0
24.840954598203552,0.0,0.0,0.0
24.8723363343872,0.0,0.0,0.0
24.91440812820125,0.0,0.0,0.0
24.943269299179136,0.0,0.0,0.0
24.941936750921393,0.0,0.0,0.0
24.962038364264572,0.0,0.0,0.14371408037580322
24.995490621012106,0.0,0.02504362731778302,0.20974488184865195
25.0,0.0,0.13017696795200917,0.326269834501506
25.0,0.0,0.24432253559534725,0.4272580819840411
25.0,0.0,0.345895489138412,0.4971730288808893
25.0,0.0,0.6003072071181103,0.858400281953344
25.0,0.0,0.6597162051868428,0.781156153423659
25.0,0.0,0.7421002584338324,0.8128638733607311
25.0,0.0,0.7605688235592404,0.7379913073508109
25.0,0.0,0.6120485884615321,0.38064811738614207
25.0,0.0,0.5277092656883664,0.2718915241781321
25.0,0.0,0.4261064898678968,0.14759825323854078
25.0,0.0,0.3025811056045252,0.027189150016923645
25.0,0.0,0.1994223877018683,0.0
25.0,0.0,0.11161567184296373,0.0
25.0,0.0,0.029864212752783916,0.0
24.981695548222433,0.0,0.0,0.0
24.951134857129617,0.0,0.0,0.0
24.922936564436974,0.0,0.0,0.0
24.891295101644523,0.0,0.0,0.0
24.85652779210365,0.0,0.0,0.0
24.817370049912405,0.0,0.0,0.0
24.780990226685514,0.0,0.0,0.0
24.75682340753108,0.0,0.0,0.0
24.874473284769056,0.0,0.447342675023772,1.3815860133001323
25.0,0.0,1.6096168857461048,3.254094842847608
25.0,0.0,1.817950408227601,2.3757569369698044
25.0,0.0,2.2059161507202383,2.347273418052884
25.0,0.0,2.157277405501963,1.6005200667114134
25.0,0.0,1.8899546733474482,0.9702121947575615
25.0,0.0,1.8256876351265559,0.9638478290557516
25.0,0.0,2.0840632407275876,1.3820498028550692
25.0,0.0,2.499655738773128,2.177884129751924
25.0,0.0,2.3818267592208335,1.809250751492168
25.0,0.0,2.463841438441547,1.987505283022868
25.0,0.0,2.979767249239279,3.1283258600748503
25.0,0.0,1.5785282678983479,0.03495747687826642
25.0,0.0,1.204716781622111,0.0
25.0,0.0,0.9589926265436791,0.0
25.0,0.0,0.7719417314798516,0.0
25.0,0.0,0.6234839781938273,0.0
25.0,0.0,0.5173896210642447,0.0
25.0,0.0,0.429114063514175,0.0
25.0,0.0,0.3703769187043589,0.0
25.0,0.0,0.31467467975188307,0.0
25.0,0.0,0.25523923123315195,0.0
25.0,0.0,0.1911426682849075,0.0
25.0,0.0,0.09739610126115925,0.0
25.0,0.0,0.06690600743623185,0.13206157550695954
25.0,0.0,0.12649499760784644,0.35734313508719273
25.0,0.0,0.401621442261021,0.8771239544010752
25.0,0.0,0.5221582666005836,0.8686686435627871
25.0,0.0,0.6573819961745984,0.7742004246239436
25.0,0.0,0.9005847743985699,0.8467478731200829
25.0,0.0,0.9502737291089579,0.5437830483562642
25.0,0.0,1.0150881732563721,0.5165938931945772
25.0,0.0,0.9739831598787309,0.4583314100084655
25.0,0.0,0.8337952790424282,0.37287977166066705
25.0,0.0,0.6066292213305294,0.264123178452657
25.0,0.0,0.33911481563490975,0.13982990751306568
25.0,0.0,0.06414194322666542,0.01942082315558086
24.936620697606863,0.0,0.0,0.0
24.82866182553198,0.0,0.0,0.0
24.74599552466261,0.0,0.0,0.0
24.677406354671525,0.0,0.0,0.0
24.613937654209057,0.0,0.0,0.0
24.547131209485777,0.0,0.0,0.0
24.46749153346753,0.0,0.0,0.0
24.367757017664058,0.0,0.0,0.0
24.26161451856916,0.0,0.0,0.0
24.165576657758578,0.0,0.0,0.0
24.089177917768666,0.0,0.0,0.0
24.066994828654664,0.0,0.0,0.11055293878290709
24.08924195702128,0.0,0.0,0.19819014120302372
24.13839247877582,0.0,0.0,0.31865868530558517
24.20947665516068,0.0,0.0,0.415810695400532
24.273483542209508,0.0,0.0,0.48964625380407806
24.318210430342226,0.0,0.0,0.5285070797930472
24.343952638168737,0.0,0.0,0.5401653056387475
24.358269587236947,0.0,0.0,0.5129627603729545
24.36024875957117,0.0,0.0,0.45467152138950107
24.34599546267654,0.0,0.0,0.36917776457899254
24.29799061926534,0.0,0.0,0.25648138018647726
24.206240467021374,0.0,0.0,0.1321267699482618
24.090011818947747,0.0,0.0,0.015544326279776944
23.991074958360542,0.0,0.0,0.0
23.91223333904331,0.0,0.0,0.0
23.84215856600332,0.0,0.0,0.0
23.782058419284198,0.0,0.0,0.0
23.72395451180801,0.0,0.0,0.0
23.66650424377178,0.0,0.0,0.0
23.607695541874936,0.0,0.0,0.0
23.54052654787224,0.0,0.0,0.0
23.456686481262665,0.0,0.0,0.0
23.348270881157905,0.0,0.0,0.0
23.218949193560515,0.0,0.0,0.0
23.21188762423439,0.0,0.0,0.5230046499672464
23.30041767204378,0.0,0.0,0.8194255001144031
23.411066283594636,0.0,0.0,1.0480546040493746
23.56661245188229,0.0,0.0,1.1081205031250498
23.77596186668034,0.0,0.0,1.1893450222667012
24.0145996545216,0.0,0.0,1.0941248685999807
24.199898948187283,0.0,0.0,0.893885348366917
24.466129956597513,0.0,0.0,1.1899650949363962
24.824535489127115,0.0,0.23535159773336392,2.281774685353859
25.0,0.0,0.6108091837494672,2.8912859472451884
25.0,0.0,0.8320787938390033,3.0557005326319002
25.0,0.0,0.7904615015955317,2.955241415112563
24.829303545649637,0.0,0.0,0.6266645225814935
24.431071047318717,0.0,0.0,0.0
24.157368419892027,0.0,0.0,0.0
24.02915045697796,0.0,0.0,0.0
23.88987133384213,0.0,0.0,0.0
23.75302698858687,0.0,0.0,0.0
23.602121839943674,0.0,0.0,0.0
23.460376344393683,0.0,0.0,0.0
23.334226090844446,0.0,0.0,0.0
23.223042485626518,0.0,0.0,0.0
23.113376711315418,0.0,0.0,0.0
23.006668298799966,0.0,0.0,0.0
23.05921047450643,0.0,0.0,0.5809113275709407
23.16738653174159,0.0,0.0,0.7171388860922069
23.265072226409455,0.0,0.0,0.9087936211205787
23.81814318889622,0.0,0.0,2.5539524942006886
24.219665386442855,0.0,0.0,1.7883843735865959
24.18673584970566,0.0,0.0,0.9840137650591386
24.289322849919515,0.0,0.0,0.8375981187558031
24.61554923204317,0.0,0.0,1.3841625640450748
24.931611545324767,0.0,0.22614784533443325,2.0538567191450934
25.0,0.0,0.8325018094222549,2.9198416779671756
25.0,0.0,1.1895430094470874,3.246170166984855
25.0,0.0,1.1114856295795794,2.9212909016421746
24.971119669170747,0.0,0.0,0.522789987201383
24.685488856961957,0.0,0.0,0.0
24.383631376876636,0.0,0.0,0.0
24.23854854360396,0.0,0.0,0.0
24.078649924623424,0.0,0.0,0.0
23.94823631016498,0.0,0.0,0.0
23.816666667399616,0.0,0.0,0.0
23.700214589437806,0.0,0.0,0.0
23.591077852661083,0.0,0.0,0.0
23.49011027936789,0.0,0.0,0.0
23.39900443374311,0.0,0.0,0.0
23.3185885937121,0.0,0.0,0.0
23.35589339476503,0.0,0.0,0.461594396450517
23.466474848986543,0.0,0.0,0.7495894849510487
23.56445872212197,0.0,0.0,0.9589586295117384
23.689794350274735,0.0,0.0,1.0735470224775208
23.843007711930284,0.0,0.0,1.071524739931873
24.02294243486762,0.0,0.0,0.9894502372174553
24.187727712573352,0.0,0.0,0.8417180287325028
24.47071811958311,0.0,0.0,1.1701736960915972
24.839879461095453,0.0,0.23808530309078277,2.152470555321875
25.0,0.0,0.5825893750263801,2.5287231097763594
25.0,0.0,0.7901571684972521,2.5391657483767642
25.0,0.0,1.0020964593462607,2.8532718931949352
24.936236318454583,0.0,0.0,0.39556960146833764
24.659809224813845,0.0,0.0,0.0
24.38480619727885,0.0,0.0,0.0
24.222981481455015,0.0,0.0,0.0
24.053130096965987,0.0,0.0,0.0
23.91158014669631,0.0,0.0,0.0
23.779813791923793,0.0,0.0,0.0
23.662443391746038,0.0,0.0,0.0
23.554346163066864,0.0,0.0,0.0
23.457668391099332,0.0,0.0,0.0
23.365579195683143,0.0,0.0,0.0
23.273565638281333,0.0,0.0,0.0
23.299694809986292,0.0,0.0,0.4731314553250642
23.426965290233074,0.0,0.0,0.85828720320548
23.511766565434908,0.0,0.0,0.9501280217079432
23.64525841651458,0.0,0.0,1.1333588979093543
23.872727012288458,0.0,0.0,1.156777632948824
24.135142875548887,0.0,0.0,1.0809712366894002
24.370856297823515,0.0,0.0,0.8476908246162533
24.707007472525618,0.0,0.0,1.2899262587206668
24.97346588000764,0.0,0.4072632114522841,2.1349609210975573
25.0,0.0,0.7182990532445708,2.3993112115982953
25.0,0.0,0.9073966168841918,2.5158886711916533
24.929893763793878,0.0,0.0,0.22139737299812665
24.705917287874875,0.0,0.0,0.015536657152527791
24.485259444262706,0.0,0.0,0.0
24.335235780153567,0.0,0.0,0.0
24.188957825104346,0.0,0.0,0.0
24.070120762412774,0.0,0.0,0.0
23.97547677630856,0.0,0.0,0.0
23.894122107755262,0.0,0.0,0.0
23.800249856379676,0.0,0.0,0.0
23.69379080751137,0.0,0.0,0.0
23.593248061004005,0.0,0.0,0.0
23.529170944743022,0.0,0.0,0.0
23.510953647378763,0.0,0.0,0.0
23.546836963740535,0.0,0.0,0.1320615892263285
23.64305022904187,0.0,0.0,0.4272580819840411
23.73396693070154,0.0,0.0,0.5942771858169007
23.788226147017618,0.0,0.0,0.6253504589638493
23.917005470908524,0.0,0.0,0.7418754253360725
24.109972772339432,0.0,0.0,0.7426809275400593
24.290340968390925,0.0,0.0,0.7319760728424163
24.452010535209205,0.0,0.0,0.8353684025061918
24.494496993367356,0.0,0.0,0.784921684359702
24.60332594352488,0.0,0.0,1.4096696087879215
24.657720075897444,0.0,0.0,1.222160386623195
24.73221031349884,0.0,0.0,1.7923131218498625
24.46625681073811,0.0,0.0,0.007768328576263896
24.088747170183638,0.0,0.0,0.0
24.002649735701155,0.0,0.0,0.0
23.828345585601433,0.0,0.0,0.0
23.723025134076558,0.0,0.0,0.0
23.627412642953715,0.0,0.0,0.0
23.560101458052287,0.0,0.0,0.0
23.495596826136914,0.0,0.0,0.0
23.427018535406262,0.0,0.0,0.0
23.342105455826644,0.0,0.0,0.0
23.22245993696716,0.0,0.0,0.0
23.076369982673512,0.0,0.0,0.0
23.095355914496153,0.0,0.0,0.6769268496556875
23.421731443434265,0.0,0.0,1.7507854841745467
24.073724158791556,0.0,0.0,3.200117593806668
24.005763692038837,0.0,0.0,0.6952654058606978
23.665328131588176,0.0,0.0,0.46609975573394075
23.72863833228991,0.0,0.0,0.508825547469102
23.64828710320362,0.0,0.0,0.5127097203318397
23.616711410326566,0.0,0.0,0.48552056517015274
23.560867913545486,0.0,0.0,0.4272580819840411
23.50495028958668,0.0,0.0,0.3418064710749804
23.429223495701898,0.0,0.0,0.22916570500423275
23.330522511814806,0.0,0.0,0.10487244092432597
23.22079570783192,0.0,0.0,0.003884164288131948
23.133148575669175,0.0,0.0,0.0
23.061046846213614,0.0,0.0,0.0
22.99131995436955,0.0,0.0,0.0
22.932312095228014,0.0,0.0,0.0
22.87948634163165,0.0,0.0,0.0
22.827392598749825,0.0,0.0,0.0
22.774740744049694,0.0,0.0,0.0
22.715799877371456,0.0,0.0,0.0
22.647754787984418,0.0,0.0,0.0
22.574418513741072,0.0,0.0,0.0
22.499121914441552,0.0,0.0,0.0
22.43874876526577,0.0,0.0,0.04660997145758338
22.43522623796659,0.0,0.0,0.17478740840022777
22.478196685364146,0.0,0.0,0.29131233361434394
22.53698499525588,0.0,0.0,0.39230058109687893
22.599362714250635,0.0,0.0,0.4622155828712032
22.64669696838391,0.0,0.0,0.5049413746063645
22.676878909628456,0.0,0.0,0.508825547469102
22.684616791847468,0.0,0.0,0.481636392307415
22.66566866957411,0.0,0.0,0.42337393656004146
22.620029445547107,0.0,0.0,0.3340381527882432
22.541925567248175,0.0,0.0,0.22528153214149527
22.437440638689747,0.0,0.0,0.10098827492127291
22.326472730725747,0.0,0.0,0.003884164288131948
22.247541893576198,0.0,0.0,0.0
22.197415793461236,0.0,0.0,0.0
22.149602646571857,0.0,0.0,0.0
22.101825920164575,0.0,0.0,0.0
22.038636558986898,0.0,0.0,0.0
21.96848308716431,0.0,0.0,0.0
21.910063270196606,0.0,0.0,0.0
21.866872851447578,0.0,0.0,0.0
21.828334792542407,0.0,0.0,0.0
21.772357415292632,0.0,0.0,0.0
21.701887903178523,0.0,0.0,0.0
21.652715498886487,0.0,0.0,0.08933578377179818
21.665601779178687,0.0,0.0,0.31461734335203134
21.862242682341474,0.0,0.0,1.043220147007234
22.101063065483096,0.0,0.0,1.2815599270297893
22.225396457891133,0.0,0.0,1.2040482913476733
22.21845598082439,0.0,0.0,0.7427574925552811
22.232066443544028,0.0,0.0,0.8001378536447081
22.246771403220706,0.0,0.0,0.4777522194446775
22.21009767013833,0.0,0.0,0.4194897636973039
22.203109163808804,0.0,0.0,0.33015397992550566
22.131595680679634,0.0,0.0,0.22139737299812665
22.024044662151937,0.0,0.0,0.09710411577790432
21.894483562680875,0.0,0.0,0.003884164288131948
21.78884794849414,0.0,0.0,0.0
21.71127073016954,0.0,0.0,0.0
21.63961225847231,0.0,0.0,0.0
21.55246556724925,0.0,0.0,0.0
21.446961324812804,0.0,0.0,0.0
21.333356896928812,0.0,0.0,0.0
21.219949486691217,0.0,0.0,0.0
21.120849525883855,0.0,0.0,0.0
21.03439860128548,0.0,0.0,0.0
20.949057496296366,0.0,0.0,0.0
20.866185129261723,0.0,0.0,0.0
20.816796462212185,0.0,0.0,0.0717594611761671
20.827453515171342,0.0,0.0,0.1710467538561903
20.935570873458303,0.0,0.0,0.45094144447893253
21.142284428119982,0.0,0.0,0.7768668526273074
21.355085123097044,0.0,0.0,0.8959511898000904
21.56742808143193,0.0,0.0,1.0466858284136316
21.70340609417403,0.0,0.0,0.9310281833844886
21.827747492844125,0.0,0.0,1.1096737530435883
22.25655111112014,0.0,0.0,2.4700617954713975
22.4368732955615,0.0,0.0,1.9796710395476216
22.527851368200217,0.0,0.0,2.606829652176351
22.210520584093135,0.0,0.0,0.34390923417816815
21.65643860744392,0.0,0.0,0.003887426496832684
21.51031819664776,0.0,0.0,0.0
21.315137365049214,0.0,0.0,0.0
21.198215981505083,0.0,0.0,0.0
21.08201282602708,0.0,0.0,0.0
20.969645891597324,0.0,0.0,0.0
20.85323805731003,0.0,0.0,0.0
20.744542220337724,0.0,0.0,0.0
20.642103153200743,0.0,0.0,0.0
20.558445515922216,0.0,0.0,0.0
20.49443736085805,0.0,0.0,0.0
20.446307465652772,0.0,0.0,0.0
20.435617454062967,0.0,0.0,0.062146628610111165
20.46413741183988,0.0,0.0,0.1670190763941216
20.510386450956542,0.0,0.0,0.28354398788886886
20.56550746552477,0.0,0.0,0.38064811738614207
20.626008393167943,0.0,0.0,0.45056306428299053
20.686848530104196,0.0,0.0,0.4932888560181518
20.74277003246508,0.0,0.0,0.4971730288808893
20.848111572549612,0.0,0.0,0.7104448002457013
21.289211803373572,0.0,0.0,2.059858117105475
21.858360645866412,0.0,0.0,2.9340318547582838
21.806784842535222,0.0,0.0,1.4506534175928096
21.88593733832704,0.0,0.0,2.533139467062805
21.59184401839522,0.0,0.0,0.0
21.056743958531253,0.0,0.0,0.0
20.981052695727513,0.0,0.0,0.0
20.763324146167896,0.0,0.0,0.0
20.630268980262503,0.0,0.0,0.0
20.486369112526223,0.0,0.0,0.0
20.379025780074386,0.0,0.0,0.0
20.295212075248187,0.0,0.0,0.0
20.237098581997095,0.0,0.0,0.0
20.186846907857753,0.0,0.0,0.0
20.135404264386455,0.0,0.0,0.0
20.06587927346581,0.0,0.0,0.0
20.049342994226492,0.0,0.0,0.2752697902094944
20.143615324867135,0.0,0.0,0.7297671811085142
20.233701516392895,0.0,0.0,0.8892134791084401
20.31228514869206,0.0,0.0,1.003211557182638
20.434408581101803,0.0,0.0,0.995596850706084
20.575066476943757,0.0,0.0,0.909341510107157
20.725193425360104,0.0,0.0,0.8046077710937894
21.013366674526306,0.0,0.0,1.1722702688729438
21.471025075850825,0.0,0.0,2.030990192232707
21.90002863918869,0.0,0.0,2.588765914244491
22.16219786041797,0.0,0.0,2.6504746201596037
22.204881352473407,0.0,0.0,2.3120594476321927
21.664798050903165,0.0,0.0,0.0
21.159886569955972,0.0,0.0,0.0
20.99153452809779,0.0,0.0,0.0
20.74789872625786,0.0,0.0,0.0
20.591795665607712,0.0,0.0,0.0
20.45864180574181,0.0,0.0,0.0
20.36005595524531,0.0,0.0,0.0
20.268656082415845,0.0,0.0,0.0
20.178096235794563,0.0,0.0,0.0
20.088253879862506,0.0,0.0,0.0
20.006153418322874,0.0,0.0,0.0
19.939054202856973,0.0,0.0,0.0
19.901608917882577,0.0,0.0,0.03495747687826642
19.91478278476008,0.0,0.0,0.1592507443880155
19.971591161443968,0.0,0.0,0.27577566960213173
20.037263665380078,0.0,0.0,0.37287977166066705
20.096532091496538,0.0,0.0,0.4427947459962533
20.145716772768875,0.0,0.0,0.481636392307415
20.193403799231064,0.0,0.0,0.48940468315541424
20.26306196325994,0.0,0.0,0.4622155828712032
20.350141190789607,0.0,0.0,0.40006892682235407
20.42793468825531,0.0,0.0,0.3107331704892938
20.45368626671909,0.0,0.0,0.20197654984254582
20.405727103404395,0.0,0.0,0.07768329262232344
20.326095275871932,0.0,0.0,0.0
20.265916379777146,0.0,0.0,0.0
20.222777847853646,0.0,0.0,0.0
20.178684204062098,0.0,0.0,0.0
20.118867956628602,0.0,0.0,0.0
20.032739646049635,0.0,0.0,0.0
19.930715459539698,0.0,0.0,0.0
19.822251195234063,0.0,0.0,0.0
19.723929012982296,0.0,0.0,0.0
19.638105689056957,0.0,0.0,0.0
19.560447862536215,0.0,0.0,0.0
19.48945964244032,0.0,0.0,0.0
19.436446071295286,0.0,0.0,0.07768329262232344
19.525060790218404,0.0,0.0,0.68344782288649
19.628697943266104,0.0,0.0,0.8037152872605811
19.69675577175212,0.0,0.0,0.8937117222646735
19.886380333723004,0.0,0.0,0.9832313950376967
20.121164873929352,0.0,0.0,0.9040603638339384
20.34763916590756,0.0,0.0,0.7970979730365914
20.649430117282,0.0,0.0,1.1464392356341444
20.91850261018396,0.0,0.0,1.492593842962186
21.347721240834854,0.0,0.0,2.878472416767251
21.344111465745296,0.0,0.0,1.3499971981185699
20.862828847039744,0.0,0.0,0.26407334547142236
20.626955490742045,0.0,0.0,0.0
20.462009711624354,0.0,0.0,0.0
20.34061988348466,0.0,0.0,0.0
20.21813799388058,0.0,0.0,0.0
20.10511681578148,0.0,0.0,0.0
19.993631702544363,0.0,0.0,0.0
19.88254592644362,0.0,0.0,0.0
19.769078408543557,0.0,0.0,0.0
19.65028765182526,0.0,0.0,0.0
19.52791885464874,0.0,0.0,0.0
19.40837376338429,0.0,0.0,0.0
19.29165063096827,0.0,0.0,0.0
19.244149768138247,0.0,0.0,0.2531762419404788
19.62753053221497,0.6255078325282698,0.0,0.7045199825885858
20.0,0.7311892213917357,0.0,0.86193829581047
20.15273343919356,0.0,0.0,2.437301612797844
20.31808086049232,0.0,0.0,1.5671934599970685
20.32140195897238,0.0,0.0,0.882269315198472
20.406197431463955,0.0,0.0,0.7976030721132737
20.68223661850844,0.0,0.0,1.1771415247921089
20.950867254933204,0.0,0.0,1.4916505589790756
21.209635076861474,0.0,0.0,2.0265656175340974
21.01755525299001,0.0,0.0,0.35734313508719273
20.674885395087518,0.0,0.0,0.12817743008295993
20.578469982003575,0.0,0.0,0.0
20.422726552518668,0.0,0.0,0.0
20.31486767879317,0.0,0.0,0.0
20.184318433305982,0.0,0.0,0.0
20.06189901377179,0.00620451480636095,0.0,0.0
20.0,0.13251419822730692,0.0,0.0
19.86872094842881,0.0,0.0,0.0
19.720026722153147,0.0,0.0,0.0
19.65370426937771,0.0,0.0,0.0
19.57968622805707,0.0,0.0,0.0
19.530095434101682,0.0,0.0,0.0
19.486619582132498,0.0,0.0,0.0
19.457876329440204,0.0,0.0,0.062146628610111165
19.724064449005688,0.37214642329122904,0.0,0.6104895746430572
20.0,0.4403351414156997,0.0,0.858002935165565
20.0,0.2974386639300711,0.0,0.9182270214664092
20.0,0.05239222334826384,0.0,0.9719365141522802
20.099761677269626,0.0,0.0,0.9294147558729923
20.275062199665552,0.0,0.0,0.8300983226689039
20.543778042404398,0.0,0.0,1.2011461738242415
20.615847260051837,0.0,0.0,0.6836129421499608
20.465232803258406,0.0,0.0,0.29908065190108113
20.382648510071398,0.0,0.0,0.18643988583033352
20.270158655670386,0.0,0.0,0.062146628610111165
20.166354140257887,0.0,0.0,0.0
20.093115832405356,0.0,0.0,0.0
20.04583254720905,0.0,0.0,0.0
20.01369764624755,0.006096709857059371,0.0,0.0
20.0,0.036845384625097115,0.0,0.0
20.0,0.07399776016414561,0.0,0.0
19.950502893690395,0.0,0.0,0.0
19.904033968405646,0.0,0.0,0.0
19.888876129239826,0.0,0.0,0.0
19.857164149055567,0.0,0.0,0.0
19.81150401004992,0.0,0.0,0.0
19.74694709092577,0.0,0.0,0.0
19.693723736225845,0.0,0.0,0.05437830003384729
19.836461560819004,0.2840561214811653,0.0,0.264123178452657
20.0,0.2863439365808396,0.0,0.45444723714572804
20.0,0.23642421443669362,0.0,0.35734313508719273
20.0,0.08642083995994956,0.0,0.4272580819840411
20.078927581060697,0.0,0.0,0.669974963425912
20.248131202253578,0.0,0.0,0.856552077534469
20.517292257601547,0.0,0.0,1.3263603647622542
20.55644080220379,0.0,0.0,0.7876629756016534
20.402039019459707,0.0,0.0,0.4583314100084655
20.304305993588287,0.0,0.0,0.18255574040633388
20.183578003522964,0.0,0.0,0.05826246946674259
20.104382862523018,0.0,0.0,0.0
20.037223765028603,0.0,0.0,0.0
20.005799766104843,0.04607243256155117,0.0,0.0
20.0,0.11282705628446515,0.0,0.0
20.0,0.17730994035422756,0.0,0.0
20.0,0.2376297679043637,0.0,0.0
19.86582417871014,0.0,0.0,0.0
19.758737469805673,0.0,0.0,0.0
19.753019741126074,0.0,0.0,0.0
19.715429823928403,0.0,0.0,0.0
19.695243492727553,0.0,0.0,0.0
19.667476486590175,0.0,0.0,0.0
19.646240044030762,0.0,0.0,0.02330498572879169
19.81868367627028,0.3475507758124715,0.0,0.14371408037580322
20.0,0.39914250699251874,0.0,0.25635486016591985
20.0,0.26641755763923153,0.0,0.35345898966319306
20.0,0.008823580185853643,0.0,0.6680763055764865
20.072815075121476,0.0,0.0,0.7021421609452279
20.19781141965969,0.0,0.0,0.7575193700950382
20.423239277472497,0.0,0.0,1.1722132638350364
20.773435100941,0.0,0.0,1.8223089965313342
21.048970876125324,0.0,0.0,2.1022402269149167
21.300120812364163,0.0,0.0,2.649574457437213
20.859651744962537,0.0,0.0,0.09321994291516676
20.306861561779602,0.0,0.0,0.0
20.197698684598453,0.0,0.0,0.0
20.03133767424683,0.0,0.0,0.0
20.007190910711,0.07970013269778671,0.0,0.0
20.0,0.1708077760493163,0.0,0.0
20.0,0.2620503073399676,0.0,0.0
19.84028918821033,0.0,0.0,0.0
19.7114745625691,0.0,0.0,0.0
19.704709072269875,0.0,0.0,0.0
19.660902882650007,0.0,0.0,0.0
19.63080310926606,0.0,0.0,0.0
19.573790254224882,0.0,0.0,0.0
19.637815079616754,0.0,0.0,0.5491646591680405
19.86744874991903,0.24985158597976906,0.0,0.6744213894983475
20.295143945321875,0.0,0.0,2.438779845436493
20.295143945321875,0.15359187792541182,0.0,0.6511492504136176
20.054381755187986,0.0,0.0,0.7418754253360725
20.054381755187986,0.01391382635439287,0.0,0.6547314510227684
20.017411229438768,0.0,0.0,0.7341070796105974
20.017411229438768,0.1267967460309026,0.0,0.4350264002707783
20.0,0.14925385948976327,0.0,0.37287977166066705
20.0,0.19028889108768554,0.0,0.28354398788886886
20.0,0.198167025431588,0.0,0.2718915241781321
20.0,0.325957404202725,0.0,0.07768329262232344
20.0,0.42338090722265603,0.0,0.0
20.0,0.4877777162232572,0.0,0.0
20.0,0.5436991310120679,0.0,0.0
20.0,0.5724762117718799,0.0,0.0
20.0,0.5486111215350037,0.0,0.0
20.0,0.49384829459657736,0.0,0.0
19.79377215275483,0.0,0.0,0.0
19.643492047357768,0.0,0.0,0.0
19.61990020388014,0.0,0.0,0.0
19.50498374173189,0.0,0.0,0.0
19.41694278244516,0.0,0.0,0.0
19.33254235893257,0.0,0.0,0.0
19.284439789153957,0.0,0.0,0.03495747687826642
19.634036780211858,0.2910624327246235,0.0,1.0623176998749708
20.170926085077365,0.0,0.0,2.5183549868354773
20.393027896411798,0.0,0.0,2.0308894382802607
20.453603065918948,0.0,0.0,1.3507066015135867
20.44710212485184,0.0,0.0,0.877873981977429
20.493613593294892,0.0,0.0,0.8225665376442428
20.76846421414288,0.0,0.0,1.4081814480303965
21.005664125111593,0.0,0.0,1.6367807154504734
21.080444580137332,0.0,0.0,1.6712295681183096
21.207525746662046,0.0,0.0,1.9503128044038247
21.05265005509005,0.0,0.0,0.9119579192006306
20.645745589287465,0.0,0.0,0.0
20.404560908378237,0.0,0.0,0.0
20.2446416818104,0.0,0.0,0.0
20.077977826675394,0.0,0.0,0.0
20.00250771852482,0.15745373611560756,0.0,0.0
20.0,0.34716904617685135,0.0,0.0
19.76668708633947,0.0,0.0,0.0
19.548887182492,0.0,0.0,0.0
19.491163098776035,0.0,0.0,0.0
19.39023070155412,0.0,0.0,0.0
19.332177721847877,0.0,0.0,0.0
19.279020919115446,0.0,0.0,0.0
19.244218675410224,0.0,0.0,0.04272580888437255
19.61610777921204,0.531074374069657,0.0,0.6817979865793729
20.0,0.7003081506114379,0.0,0.7832021907461633
20.0,0.49765063785031094,0.0,0.9033040597007754
20.0,0.2681996831366349,0.0,0.986732323484231
20.0,0.06348802157792509,0.0,0.9297736035585759
20.064322869083952,0.0,0.0,0.8410984434619975
20.32641243830799,0.0,0.0,1.202549838800359
20.74206641272917,0.0,0.0,1.8492157169655175
20.71110105728164,0.0,0.0,0.511040175869294
20.49921581263191,0.0,0.0,0.28742816075160643
20.402307366175407,0.0,0.0,0.07379912661927039
20.21988423355978,0.0,0.0,0.0
20.11247536333208,0.0,0.0,0.0
20.026806897092303,0.007916240097353389,0.0,0.0
20.0,0.08812302687002456,0.0,0.0
20.0,0.18917863799554957,0.0,0.0
20.0,0.3183476184084995,0.0,0.0
19.793388897584435,0.0,0.0,0.0
19.598783556894983,0.0,0.0,0.0
19.542992451777025,0.0,0.0,0.0
19.447076985202546,0.0,0.0,0.0
19.37791672057652,0.0,0.0,0.0
19.308493441225657,0.0,0.0,0.0
19.442111537717714,0.0,0.0,0.7729395247907992
20.089606561409624,0.0,0.0,2.8202267302785193
20.664640331167163,0.0,0.0,2.821941530604273
20.8796032543341,0.0,0.0,2.3767845167927106
20.955921307703683,0.0,0.0,1.4634373286836075
20.848622350198685,0.0,0.0,0.7730648691295267
20.848944802626985,0.0,0.0,0.7358042339951157
21.079830563436367,0.0,0.0,1.1928567428150634
21.514587580471787,0.0,0.0,2.230927263008365
21.38502709786587,0.0,0.0,0.4777522194446775
21.048349523862875,0.0,0.0,0.27577566960213173
20.947171556453032,0.0,0.0,0.06603079461316425
20.752426452118677,0.0,0.0,0.0
20.655892343046077,0.0,0.0,0.0
20.573176972254686,0.0,0.0,0.0
20.518345159518475,0.0,0.0,0.0
20.454910637571444,0.0,0.0,0.0
20.381505532600354,0.0,0.0,0.0
20.30110318889767,0.0,0.0,0.0
20.22819408762197,0.0,0.0,0.0
20.161236232983104,0.0,0.0,0.0
20.090919155248116,0.0,0.0,0.0
20.009178803425733,0.0,0.0,0.0
19.917899121784274,0.0,0.0,0.0
19.845101719981013,0.0,0.0,0.03495747687826642
19.909016393880385,0.09189519697069448,0.0,0.264123178452657
20.008375002813217,0.0,0.0,0.4622155828712032
20.107263227009156,0.0,0.0,0.528246356905314
20.293793941606587,0.0,0.0,0.637002977552062
20.510436037254184,0.0,0.0,0.7846011621937579
20.67898378391743,0.0,0.0,0.6425033926556989
20.918213906109745,0.0,0.0,1.0499069492681985
21.310377384523797,0.0,0.0,1.806466518448515
21.550337124549134,0.0,0.0,1.8724379290114483
21.337148546595483,0.0,0.0,0.6152480235252898
20.961159423160225,0.0,0.0,0.05437830003384729
20.741782961986456,0.0,0.0,0.0
20.567451256839675,0.0,0.0,0.0
20.43396541333932,0.0,0.0,0.0
20.33013231180914,0.0,0.0,0.0
20.238780181508048,0.0,0.0,0.0
20.164204280087688,0.0,0.0,0.0
20.114558921502706,0.0,0.0,0.0
20.102584883035515,0.0,0.0,0.0
20.123461136931002,0.0,0.0,0.0
20.15305969545909,0.0,0.0,0.0
20.15541968279807,0.0,0.0,0.0
20.115957851822557,0.0,0.0,0.0
20.06789714790171,0.0,0.0,0.03107331773489783
20.154536133551336,0.0,0.0,0.5750379141936867
20.303324531869514,0.0,0.0,0.7645691229187772
20.42494621110417,0.0,0.0,0.9262758121164427
20.540807069120014,0.0,0.0,0.9200407236250059
20.599020146978802,0.0,0.0,0.8320577148717695
20.62269038304863,0.0,0.0,0.6650313532937366
20.677444139921114,0.0,0.0,0.7263387887625982
20.726772791776266,0.0,0.0,0.6136979952531126
20.70267255225822,0.0,0.0,0.4078372725478292
20.619629600980126,0.0,0.0,0.15148241238190935
20.512798481786685,0.0,0.0,0.031073314305055583
20.433009538201766,0.0,0.0,0.0
20.377256751211018,0.0,0.0,0.0
20.349832575311364,0.0,0.0,0.0
20.33532660507506,0.0,0.0,0.0
20.31342024986587,0.0,0.0,0.0
20.27649843276582,0.0,0.0,0.0
20.23488304657139,0.0,0.0,0.0
20.199131815758165,0.0,0.0,0.0
20.181066910553543,0.0,0.0,0.0
20.177114227517244,0.0,0.0,0.0
20.174628230774154,0.0,0.0,0.0
20.174029244910077,0.0,0.0,0.0
20.177032393503982,0.0,0.0,0.011652494579316964
20.22602622923508,0.0,0.0,0.18643988583033352
20.32876714705937,0.0,0.0,0.40395309968509163
20.480292558476403,0.0,0.0,0.7263387887625982
20.631286958305243,0.0,0.0,0.833959975261703
20.74451389460668,0.0,0.0,0.8727656464163077
20.81337367591488,0.0,0.0,0.7363455546589329
20.88763988088952,0.0,0.0,0.7676857337871142
20.96350010043541,0.0,0.0,0.6935929241602217
20.954438925364038,0.0,0.0,0.44667891885899086
20.89380131313346,0.0,0.0,0.25247068730318223
20.79146024666333,0.0,0.0,0.05437830003384729
20.683777640800074,0.0,0.0,0.0
20.598886330685374,0.0,0.0,0.0
20.514050391809846,0.0,0.0,0.0
20.42632213396703,0.0,0.0,0.0
20.336463174699468,0.0,0.0,0.0
20.245255690268063,0.0,0.0,0.0
20.15997808057797,0.0,0.0,0.0
20.094381114502443,0.0,0.0,0.0
20.054459927412886,0.0,0.0,0.0
20.031759212285575,0.0,0.0,0.0
20.015604268623463,0.0,0.0,0.0
19.996422594753124,0.0,0.0,0.0
19.974326625887358,0.0,0.0,0.01942082315558086
20.098933513544175,0.0,0.0,0.640777398445692
20.253526300578883,0.0,0.0,0.8270148742924667
20.303055640888335,0.0,0.0,0.8375672886073005
20.382807089958433,0.0,0.0,0.9616723976800234
20.41718513753459,0.0,0.0,0.8065890526870096
20.41610998487138,0.0,0.0,0.7153782987726803
20.47636852039023,0.0,0.0,0.7735153595442608
20.521559219742848,0.0,0.0,0.6680934508001372
20.498902944516555,0.0,0.0,0.4389105731335158
20.435778396725073,0.0,0.0,0.24470234157770712
20.336238897628455,0.0,0.0,0.04272580888437255
20.25024922679169,0.0,0.0,0.0
20.203457677580882,0.0,0.0,0.0
20.170672482695327,0.0,0.0,0.0
20.145034888744448,0.0,0.0,0.0
20.11715852250803,0.0,0.0,0.0
20.07791644996642,0.0,0.0,0.0
20.032229069693017,0.0,0.0,0.0
19.98385928640335,0.0,0.0,0.0
19.933833791595585,0.0,0.0,0.0
19.874059047590052,0.0,0.0,0.0
19.799730812674817,0.0,0.0,0.0
19.721395519379392,0.0,0.0,0.0
19.646487906993624,0.0,0.0,0.011652492864395845
20.209717041452066,0.0,0.0,2.678962394362767
20.843757741646094,0.0,0.0,2.8251427400677107
20.978050205643065,0.0,0.0,2.2795604954795863
21.040883934104425,0.0,0.0,1.3763370927744285
20.966428162941238,0.0,0.0,0.6596190043731096
21.048596779761393,0.0,0.0,0.6971355947329747
21.370012438281698,0.0,0.0,1.1596788544266514
21.79468338680209,0.0,0.0,1.984421926518956
22.104808240228962,0.0,0.0,2.2286142007889476
22.30032411762509,0.0,0.0,2.5235448580277677
22.003288505375547,0.0,0.0,0.7569318179724995
21.46778383189924,0.0,0.0,0.0
21.249049468332842,0.0,0.0,0.0
21.109898956367605,0.0,0.0,0.0
21.022231749494576,0.0,0.0,0.0
20.94931764733367,0.0,0.0,0.0
20.875842199424778,0.0,0.0,0.0
20.800373688319457,0.0,0.0,0.0
20.728001807668186,0.0,0.0,0.0
20.66216975799751,0.0,0.0,0.0
20.612192875929512,0.0,0.0,0.0
20.57949239293319,0.0,0.0,0.0
20.565058061220093,0.0,0.0,0.0
20.57075953337805,0.0,0.0,0.011652492864395845
20.638582492066767,0.0,0.0,0.18643988583033352
20.76524903783629,0.0,0.0,0.38841646311161726
20.92437884362755,0.0,0.0,0.59170498796922
21.133588261893376,0.0,0.0,0.7594366747670929
21.30238754347568,0.0,0.0,0.6538366066150183
21.437848101110525,0.0,0.0,0.6116564475737947
21.606311678675414,0.0,0.0,0.6952654058606978
21.709536154886642,0.0,0.0,0.5826246672286879
21.730440569036702,0.0,0.0,0.42337393656004146
21.70879162927603,0.0,0.0,0.22916570500423275
21.639248946126198,0.0,0.0,0.03495747687826642
21.579103096657466,0.0,0.0,0.0
21.547338646519755,0.0,0.0,0.0
21.516832591159076,0.0,0.0,0.0
21.482992547817187,0.0,0.0,0.0
21.429341881059383,0.0,0.0,0.0
21.360037868419546,0.0,0.0,0.0
21.286993364754355,0.0,0.0,0.0
21.220046779802978,0.0,0.0,0.0
21.16611473020077,0.0,0.0,0.0
21.11363591599112,0.0,0.0,0.0
21.048046552475128,0.0,0.0,0.0
20.9597605482627,0.0,0.0,0.0
20.86398391949574,0.0,0.0,0.011652492864395845
20.82447977489595,0.0,0.0,0.18255574040633388
20.854044483209965,0.0,0.0,0.3767639170846668
20.926614809051177,0.0,0.0,0.5476671663415258
21.031954883051927,0.0,0.0,0.6680763055764865
21.14455275801415,0.0,0.0,0.7379913073508109
21.24000823219756,0.0,0.0,0.7418754253360725
21.28265741948325,0.0,0.0,0.6874971150126985
21.255113979805273,0.0,0.0,0.5748563215032129
21.173211625402722,0.0,0.0,0.41560559083456633
21.055647202257628,0.0,0.0,0.22139737299812665
20.923446486795186,0.0,0.0,0.031073314305055583
20.826289962950128,0.0,0.0,0.0
20.769551207577596,0.0,0.0,0.0
20.724342467196795,0.0,0.0,0.0
20.679795046367147,0.0,0.0,0.0
20.618043472762473,0.0,0.0,0.0
20.53223631013813,0.0,0.0,0.0
20.436840242897343,0.0,0.0,0.0
20.35217709171458,0.0,0.0,0.0
20.2863476361415,0.0,0.0,0.0
20.239098645382963,0.0,0.0,0.0
20.20306728402695,0.0,0.0,0.0
20.179328387440272,0.0,0.0,0.0
20.167741999286037,0.0,0.0,0.007768328576263896
20.19788124694682,0.0,0.0,0.1592507443880155
20.28320227839297,0.0,0.0,0.37287977166066705
20.38243481283152,0.0,0.0,0.5398988754935266
20.471496202019637,0.0,0.0,0.6603079598510113
20.54643939471594,0.0,0.0,0.7302229616253355
20.602906152986893,0.0,0.0,0.7341070796105974
20.666209165867276,0.0,0.0,0.7559096627430746
20.755179323804033,0.0,0.0,0.8597194683690386
20.813971823588357,0.0,0.0,0.8447048397322856
21.18021926315722,0.0,0.0,2.411078319053412
20.934002443731618,0.0,0.0,0.02330498572879169
20.4276253123655,0.0,0.0,0.0
20.366504296681562,0.0,0.0,0.0
20.196714489215733,0.0,0.0,0.0
20.133103064056264,0.0,0.0,0.0
20.06216370302279,0.0,0.0,0.0
20.020673173875526,0.012755194210250112,0.0,0.0
19.971124257688313,0.0,0.0,0.0
19.923723079519117,0.0,0.0,0.0
19.883526280575936,0.0,0.0,0.0
19.846072776728015,0.0,0.0,0.0
19.831708871187345,0.0,0.0,0.0
19.83861896633733,0.0,0.0,0.0
19.85450280929742,0.0,0.0,0.007768328576263896
19.93244739616455,0.04375471845210996,0.0,0.1709032355374902
20.01998699351899,0.0,0.0,0.36511148081266775
20.097541282233685,0.0,0.0,0.5321305297680514
20.180399875573393,0.0,0.0,0.656423732110798
20.230433795964757,0.0,0.0,0.7224546158998605
20.265450797793328,0.0,0.0,0.7263387887625982
20.287835431692685,0.0,0.0,0.6719604235617483
20.299631862549685,0.0,0.0,0.5593196300522627
20.282708173388595,0.0,0.0,0.40006892682235407
20.214124975961546,0.0,0.0,0.2058607089859144
20.089698597218607,0.0,0.0,0.02330498572879169
20.008622775101387,0.0711791761926482,0.0,0.0
20.0,0.18607528899663722,0.0,0.0
20.0,0.2722564738928001,0.0,0.0
20.0,0.3404673372344809,0.0,0.0
20.0,0.40464136317588173,0.0,0.0
20.0,0.4672344516063539,0.0,0.0
19.75908012631087,0.0,0.0,0.0
19.578895910800334,0.0,0.0,0.0
19.590973894614436,0.0,0.0,0.0
19.539782189626287,0.0,0.0,0.0
19.499551725836845,0.0,0.0,0.0
19.430032239073533,0.0,0.0,0.0
19.366252257069327,0.0,0.0,0.003884164288131948
19.667147664331324,0.64092521753416,0.0,0.1592507443880155
20.0,0.5543088882694751,0.0,0.6310166898114394
20.0,0.3869699211255647,0.0,0.5321305297680514
20.0,0.17752280699081083,0.0,0.6486554961402746
20.0,0.03345193960199443,0.0,0.7146862701743855
20.031383463872412,0.0,0.0,0.718570443037123
20.08303465136588,0.0,0.0,0.646278256017511
20.277481035451125,0.0,0.0,1.1900394246085104
20.745656396722627,0.0,0.0,2.3781585227632225
20.596214358436203,0.0,0.0,0.3825343735877623
20.16671925802024,0.0,0.0,0.01942082315558086
20.09033144834901,0.05984165350026969,0.0,0.0
20.0,0.17788824905668058,0.0,0.0
20.0,0.3393678624524667,0.0,0.0
20.0,0.4497598394727376,0.0,0.0
20.0,0.480730651972125,0.0,0.0
20.0,0.4648566958273457,0.0,0.0
19.79714747357247,0.0,0.0,0.0
19.6607267429672,0.0,0.0,0.0
19.66789438416816,0.0,0.0,0.0
19.594867900026845,0.0,0.0,0.0
19.54667651458777,0.0,0.0,0.0
19.486993113109726,0.0,0.0,0.0
19.441310544365592,0.0,0.0,0.0038841647168622287
19.71044116059022,0.613916081562145,0.0,0.08933578377179818
20.0,0.7711007159773321,0.0,0.20197654984254582
20.0,0.6585123252372593,0.0,0.29519650647708157
20.0,0.4643195010360634,0.0,0.5709722035179512
20.0,0.32431358798410254,0.0,0.7069179793263861
20.0,0.28955717707467554,0.0,0.6331188046893247
20.0,0.3445999453267642,0.0,0.37287977166066705
20.0,0.3345024634742569,0.0,0.3107331704892938
20.0,0.3515753953430814,0.0,0.22139737299812665
20.0,0.4081046896509522,0.0,0.1709032355374902
20.0,0.5758538946662237,0.0,0.015536657152527791
20.0,0.6897234888823893,0.0,0.0
20.0,0.7681119750366956,0.0,0.0
20.0,0.8107356013122382,0.0,0.0
20.0,0.8519638967628674,0.0,0.0
20.0,0.9396262846982749,0.0,0.0
20.0,1.0651527696700536,0.0,0.0
19.446049325778066,0.0,0.0,0.0
19.01445859880267,0.0,0.0,0.0
19.01359878935627,0.0,0.0,0.0
18.889553969616653,0.0,0.0,0.0
18.844884148553472,0.0,0.0,0.0
18.778305982184115,0.0,0.0,0.0
18.727353095212266,0.0,0.0,0.0
19.349566808296636,1.3989961574599792,0.0,0.08546791637907068
20.0,1.8127328639461806,0.0,0.19813016012192664
20.0,1.6162681743049565,0.0,0.29136792449737364
20.0,1.441521663646959,0.0,0.36129617918211404
20.0,1.2866488574465298,0.0,0.39626032024385327
20.0,1.151023613288457,0.0,0.40014523395251467
20.0,0.9310313331578719,0.0,0.578850852969872
20.0,0.8144558942167673,0.0,0.5361169393682857
20.0,0.8340569686299164,0.0,0.3379867243688834
20.0,0.9685314804437317,0.0,0.10489244376427097
20.0,1.1108178709510765,0.0,0.0077698102681116755
20.0,1.2172598914280146,0.0,0.0
20.0,1.3010965855516405,0.0,0.0
20.0,1.3364715167618042,0.0,0.0
20.0,1.3639787573810787,0.0,0.0
20.0,1.3999734018034682,0.0,0.0
20.0,1.4486240177679346,0.0,0.0
19.30415600686635,0.0,0.0,0.0
18.80243256422583,0.0,0.0,0.0
18.844635533193497,0.0,0.0,0.0
18.695412128834697,0.0,0.0,0.0
18.6519618412415,0.0,0.0,0.0
18.584894947788538,0.0,0.0,0.0
18.539728604557535,0.0,0.0,0.0
19.25774234500982,1.5314636962957915,0.0,0.15538304848740003
20.0,1.826024151656246,0.0,0.5175754913394676
20.0,1.3050984359938997,0.0,1.0089702582874045
20.0,1.1809667769505094,0.0,0.7176066444819784
20.0,1.0662453699772756,0.0,0.629411642086067
20.0,0.908195041448004,0.0,0.6753904992416117
20.0,0.6252487514403926,0.0,0.9262351721306622
20.0,0.19655553982443558,0.0,1.5308690544665169
20.0,0.020146925315930275,0.0,1.620985812535821
20.058842154399294,0.0,0.0,1.7773285933053884
20.058842154399294,0.7592412922181959,0.0,0.007769151738401551
20.0,0.9401882260571033,0.0,0.0
20.0,1.1095551533586614,0.0,0.0
20.0,1.2427073550060839,0.0,0.0
20.0,1.3572357630070553,0.0,0.0
20.0,1.459484250943642,0.0,0.0
20.0,1.5449717797097724,0.0,0.0
19.24826542962069,0.0,0.0,0.0
18.70395350334207,0.0,0.0,0.0
18.74784116568506,0.0,0.0,0.0
18.592597617170295,0.0,0.0,0.0
18.558080997717788,0.0,0.0,0.0
18.504484866276385,0.0,0.0,0.0
18.480973012332836,0.0,0.0,0.0
19.234124618567623,1.6126891991075536,0.0,0.07768329262232344
20.0,2.0425110132967044,0.0,0.19032405869307104
20.0,1.7746032877745732,0.0,0.28354398788886886
20.0,1.4764778960718348,0.0,0.5515513392042635
20.0,1.2509804337993087,0.0,0.6836129421499608
20.0,1.0974471281472022,0.0,0.6874971150126985
20.0,0.8938795348512779,0.0,0.7328545555917504
20.0,0.852747087459801,0.0,0.5144593406905009
20.0,0.7782736806631227,0.0,0.43882278899139754
20.0,0.8701931724300326,0.0,0.18643988583033352
20.0,1.0369578625574245,0.0,0.007768328576263896
20.0,1.1633907355070146,0.0,0.0
20.0,1.2780325609799184,0.0,0.0
20.0,1.3769198433351588,0.0,0.0
20.0,1.429648155658797,0.0,0.0
20.0,1.4250124618863709,0.0,0.0
20.0,1.3856659742655595,0.0,0.0
19.377775569574354,0.0,0.0,0.0
18.955812464581616,0.0,0.0,0.0
19.008147379715062,0.0,0.0,0.0
18.861206883815356,0.0,0.0,0.0
18.815675176545895,0.0,0.0,0.0
18.76245718347855,0.0,0.0,0.0
18.7421851457998,0.0,0.0,0.0
19.36430673975959,1.3510896752606156,0.0,0.07379912661927039
20.0,1.7285856814405027,0.0,0.18643988583033352
20.0,1.5196653171921126,0.0,0.27965981502613135
20.0,1.2506814851659873,0.0,0.5476671663415258
20.0,1.0390000367200103,0.0,0.6758445964244858
20.0,0.9618905587861324,0.0,0.6059296495276374
20.0,1.0525698509311932,0.0,0.35345898966319306
20.0,1.0303765972911139,0.0,0.4583314100084655
20.0,1.101084190942064,0.0,0.35345898966319306
20.0,1.2127522623751914,0.0,0.1670190763941216
20.0,1.3009185187236774,0.0,0.003884164288131948
20.0,1.3116683195203627,0.0,0.0
20.0,1.3144174967976787,0.0,0.0
20.0,1.3334232013778253,0.0,0.0
20.0,1.3513848250066802,0.0,0.0
20.0,1.3659977484108012,0.0,0.0
20.0,1.3626927621442801,0.0,0.0
19.37711759988714,0.0,0.0,0.0
18.960190223593152,0.0,0.0,0.0
19.051653697808717,0.0,0.0,0.0
18.964417682911915,0.0,0.0,0.0
18.94878989016615,0.0,0.0,0.0
18.885941449318143,0.0,0.0,0.0
18.83498667029204,0.0,0.0,0.0
19.401998502330837,1.2978878935684688,0.0,0.06991495375653284
20.0,1.6855093637378902,0.0,0.18255574040633388
20.0,1.5197836296039329,0.0,0.27577566960213173
20.0,1.298379276784601,0.0,0.5398988754935266
20.0,1.1548631157134999,0.0,0.6680763055764865
20.0,1.1266521204823787,0.0,0.6020455315423757
20.0,1.2100444194604723,0.0,0.34957481680045555
20.0,1.2189354855279897,0.0,0.28742816075160643
20.0,1.2446922389867137,0.0,0.19809237697980822
20.0,1.270080019477771,0.0,0.13982990751306568
20.0,1.3552505998657176,0.0,0.003884164288131948
20.0,1.386829315992355,0.0,0.0
20.0,1.4042793078778777,0.0,0.0
20.0,1.4098387217971806,0.0,0.0
20.0,1.4094028579183457,0.0,0.0
20.0,1.4078628363572756,0.0,0.0
20.0,1.410824103904977,0.0,0.0
19.344640249349947,0.0,0.0,0.0
18.89312114973289,0.0,0.0,0.0
18.96343098557558,0.0,0.0,0.0
18.853336924606545,0.0,0.0,0.0
18.842922982565632,0.0,0.0,0.0
18.802224931961618,0.0,0.0,0.0
18.775760613282312,0.0,0.0,0.0
19.378071824472418,1.3541962499914775,0.0,0.06603079461316425
20.0,1.7681365147165666,0.0,0.17867156754359637
20.0,1.6092988808351865,0.0,0.2718915241781321
20.0,1.381890346699252,0.0,0.5321305297680514
20.0,1.1869003378539735,0.0,0.6603079598510113
20.0,1.0635504481269729,0.0,0.664192077836273
20.0,0.9917094457042468,0.0,0.6098138772678509
20.0,0.9724146915194757,0.0,0.4971730288808893
20.0,1.0126251925838894,0.0,0.3379222982122429
20.0,1.106609411053303,0.0,0.15148241238190935
20.0,1.2156969053444804,0.0,0.003884164288131948
20.0,1.2782650363448838,0.0,0.0
20.0,1.339701564675472,0.0,0.0
20.0,1.412405891265751,0.0,0.0
20.0,1.4860077543279961,0.0,0.0
20.0,1.5542241744081629,0.0,0.0
20.0,1.6191996743911619,0.0,0.0
19.222274575877307,0.0,0.0,0.0
18.658560941743602,0.0,0.0,0.0
18.698682499056673,0.0,0.0,0.0
18.525260955343974,0.0,0.0,0.0
18.466518892903334,0.0,0.0,0.0
18.38360977635634,0.0,0.0,0.0
18.33141459481825,0.0,0.0,0.0
19.151458889211646,1.8077863650213113,0.0,0.11264076607074763
20.0,2.2926980870305207,0.0,0.3107331704892938
20.0,1.9570877973840268,0.0,0.4777522194446775
20.0,1.630143597782153,0.0,0.5903930129541631
20.0,1.3278151017146511,0.0,0.652539669003012
20.0,1.1270756274748823,0.0,0.5865087852139497
20.0,1.0508119601318644,0.0,0.5360147026307891
20.0,1.0752318272434542,0.0,0.48940468315541424
20.0,1.208563770241825,0.0,0.33015397992550566
20.0,1.3783640756946989,0.0,0.14371408037580322
20.0,1.4996097338573195,0.0,0.0
20.0,1.5292643098422236,0.0,0.0
20.0,1.537426289884283,0.0,0.0
20.0,1.528494949885248,0.0,0.0
20.0,1.5198309418032214,0.0,0.0
20.0,1.533463567606005,0.0,0.0
20.0,1.5653745122994829,0.0,0.0
19.247431051427007,0.0,0.0,0.0
18.687711191509308,0.0,0.0,0.0
18.690220455315185,0.0,0.0,0.0
18.4749908273677,0.0,0.0,0.0
18.36750964122605,0.0,0.0,0.0
18.24496725136937,0.0,0.0,0.0
18.170082867588576,0.0,0.0,0.0
19.067574745310438,1.395793818640757,0.0,1.272022757266027
20.0,1.5555719625937248,0.0,1.804574775555497
20.0,1.6722721310572362,0.0,0.6967717749438319
20.0,1.5963602683956317,0.0,0.5204780660573147
20.0,1.5492099007017854,0.0,0.36511148081266775
20.0,1.4464161059052032,0.0,0.36899565367540543
20.0,1.2647894905131478,0.0,0.5321305297680514
20.0,1.1925455062212211,0.0,0.481636392307415
20.0,1.2275807286169178,0.0,0.326269834501506
20.0,1.3497057281334288,0.0,0.13594576208906606
20.0,1.498326080902318,0.0,0.0
20.0,1.5865040770982564,0.0,0.0
20.0,1.6322412728285822,0.0,0.0
20.0,1.6289799938714147,0.0,0.0
20.0,1.6169246568313975,0.0,0.0
20.0,1.6175573233562963,0.0,0.0
20.0,1.6429892457941928,0.0,0.0
19.22433056799105,0.0,0.0,0.0
18.682120740945344,0.0,0.0,0.0
18.758344818409782,0.0,0.0,0.0
18.61611223060452,0.0,0.0,0.0
18.569720655839173,0.0,0.0,0.0
18.474870910536183,0.0,0.0,0.0
18.397433998220105,0.0,0.0,0.0
19.176726158374063,1.79116932977839,0.0,0.05826246946674259
20.0,2.3098869367491632,0.0,0.1709032355374902
20.0,2.0668442418264585,0.0,0.26023903302865736
20.0,1.8984899522286367,0.0,0.326269834501506
20.0,1.7848322045372012,0.0,0.36122730794993024
20.0,1.7049351069020808,0.0,0.36511148081266775
20.0,1.5512879044864691,0.0,0.5243622389200523
20.0,1.4735738946997783,0.0,0.4738680465819399
20.0,1.4865366924212624,0.0,0.28742816075160643
20.0,1.5428908730690454,0.0,0.11652493893348519
20.0,1.6279600414330748,0.0,0.0
20.0,1.6830349309419559,0.0,0.0
20.0,1.7342768840565825,0.0,0.0
20.0,1.784602051867591,0.0,0.0
20.0,1.840394696314866,0.0,0.0
20.0,1.8897619328175803,0.0,0.0
20.0,1.9395064865014053,0.0,0.0
19.075157100422643,0.0,0.0,0.0
18.41030680919488,0.0,0.0,0.0
18.460514019824238,0.0,0.0,0.0
18.245951894061776,0.0,0.0,0.0
18.149885563454607,0.0,0.0,0.0
18.004196759972288,0.0,0.0,0.0
17.885444729437335,0.0,0.0,0.0
18.91054594990988,2.0460312531216998,0.0,0.799001337815152
20.0,2.04982996791045,0.0,2.2345410191824406
20.0,1.5762438395834355,0.0,2.072764216621526
20.0,1.4621428029354704,0.0,1.2295340831129185
20.0,1.3742738889035941,0.0,0.6417077116254198
20.0,1.0360544408127883,0.0,0.6107666342936942
20.0,0.40942391911778636,0.0,1.1219401494624999
20.087366603222794,0.0,0.0,1.9438388200754573
20.189994087954645,0.0,0.0,1.8470219880264833
20.18959928596602,0.0,0.0,1.7012164436726875
20.086971801234167,0.6882815189593384,0.0,0.0
20.0,0.888731711902211,0.0,0.0
20.0,1.080392241752949,0.0,0.0
20.0,1.2007074135901752,0.0,0.0
20.0,1.3004166231904513,0.0,0.0
20.0,1.4102627313580403,0.0,0.0
20.0,1.5221157075844691,0.0,0.0
19.244243930289123,0.0,0.0,0.0
18.679097390575542,0.0,0.0,0.0
18.694131219796418,0.0,0.0,0.0
18.505179967990838,0.0,0.0,0.0
18.40689365114993,0.0,0.0,0.0
18.264678545545557,0.0,0.0,0.0
18.149314713311952,0.0,0.0,0.0
19.045627610435485,1.382755902610936,0.0,1.4473503625325836
20.0,1.3329414114284088,0.0,2.4235644420409845
20.0,0.9567391901989645,0.0,2.029587433799131
20.0,0.9179012564561223,0.0,1.204663098899811
20.0,0.99256358518439,0.0,0.6360646777511622
20.0,0.8280549230327677,0.0,0.6053846090051018
20.0,0.34277700604304195,0.0,1.0987025805805943
20.09395301972345,0.0,0.0,1.9299220295696113
20.325102868597437,0.0,0.0,2.3868039490628647
20.30997982918727,0.0,0.0,1.6893546579493757
20.078829980313284,0.6236168224984431,0.0,0.0
20.0,0.8974007719440042,0.0,0.0
20.0,1.1613459242831838,0.0,0.0
20.0,1.3727765053580354,0.0,0.0
20.0,1.537512757853886,0.0,0.0
20.0,1.6662556837394287,0.0,0.0
20.0,1.7623930195434676,0.0,0.0
19.145979287511523,0.0,0.0,0.0
18.518718247272904,0.0,0.0,0.0
18.542023294250676,0.0,0.0,0.0
18.32914896069279,0.0,0.0,0.0
18.248566103086812,0.0,0.0,0.0
18.14389019177074,0.0,0.0,0.0
18.073238224416826,0.0,0.0,0.0
19.0180495095294,1.9768295224673782,0.0,0.39547891860852674
20.0,2.5205873873961453,0.0,0.6342245030860637
20.0,2.2667050837190454,0.0,0.6570645774389742
20.0,2.0623703135442173,0.0,0.6803426813823186
20.0,1.9129991696984263,0.0,0.6285291128778102
20.0,1.7238013737574511,0.0,0.5991163402250903
20.0,1.1175001076107827,0.0,1.159371165096225
20.0,0.6056554817274121,0.0,1.6065410542008662
20.0,0.006957165703457172,0.0,2.211122557725207
20.0,0.1758587869957248,0.0,1.4683262840373252
20.0,0.9809271742790912,0.0,0.0
20.0,1.2702475704566718,0.0,0.0
20.0,1.4898573715240329,0.0,0.0
20.0,1.6402891390678107,0.0,0.0
20.0,1.7617278649568955,0.0,0.0
20.0,1.8737322343245937,0.0,0.0
20.0,1.9864928696636017,0.0,0.0
19.029204849200752,0.0,0.0,0.0
18.32579903110819,0.0,0.0,0.0
18.38032378852148,0.0,0.0,0.0
18.17518008913982,0.0,0.0,0.0
18.11739134870828,0.0,0.0,0.0
18.024083997860487,0.0,0.0,0.0
17.952233917407696,0.0,0.0,0.0
18.954090785729715,2.1956703737071317,0.0,0.2962385055521043
20.0,2.802058864749884,0.0,0.6147721322572769
20.0,2.536106425727258,0.0,0.6744579146763582
20.0,2.294210269827979,0.0,0.6691422432214914
20.0,2.047081167246029,0.0,0.6187519078367207
20.0,1.7370973630286122,0.0,0.5743749532965851
20.0,1.0292254950148911,0.0,1.0860725723453788
20.0,0.28386980816202895,0.0,1.7557236634431483
20.144178435940262,0.0,0.0,2.149193302194337
20.144178435940262,0.20237791696125187,0.0,0.824431472546308
20.0,0.6075376531364761,0.0,0.0
20.0,0.8620117214363402,0.0,0.0
20.0,1.0418589790826325,0.0,0.0
20.0,1.1401794003948371,0.0,0.0
20.0,1.1802365438353122,0.0,0.0
20.0,1.1794009188075303,0.0,0.0
20.0,1.17153226066519,0.0,0.0
19.456048344247904,0.0,0.0,0.0
19.06282641898588,0.0,0.0,0.0
19.076637121537438,0.0,0.0,0.0
18.92584951897125,0.0,0.0,0.0
18.852956449456975,0.0,0.0,0.0
18.770310042691406,0.0,0.0,0.0
18.716140380992073,0.0,0.0,0.0
19.342796315585854,1.4267323888852195,0.0,0.0854516177687451
20.0,1.8050113835377528,0.0,0.27577566960213173
20.0,1.4304533611058206,0.0,0.6016270407015365
20.0,1.126479372422505,0.0,0.5736673786478502
20.0,0.6532379343485243,0.0,0.7594057325797132
20.0,0.340102212367112,0.0,0.6563537178291472
20.0,0.12209630001413946,0.0,0.5283913445798794
20.012005708633108,0.0,0.0,0.5512849389944259
20.012005708633108,0.05195124574257028,0.0,0.3068489976265563
20.0,0.1897349105259491,0.0,0.10487244092432597
20.0,0.3442059958759394,0.0,0.0
20.0,0.4596064368270567,0.0,0.0
20.0,0.5604690034551945,0.0,0.0
20.0,0.6295045635627887,0.0,0.0
20.0,0.6665939321349611,0.0,0.0
20.0,0.6733989443059464,0.0,0.0
20.0,0.6537261357772999,0.0,0.0
19.706866623789914,0.0,0.0,0.0
19.507371534176038,0.0,0.0,0.0
19.528586135038324,0.0,0.0,0.0
19.431839052991904,0.0,0.0,0.0
19.34136671410861,0.0,0.0,0.0
19.22008494977287,0.0,0.0,0.0
19.121995222434393,0.0,0.0,0.0
19.53951915843043,0.6885581700047866,0.0,0.5182615895472276
20.0,0.18060177570807154,0.0,1.6949745206653275
20.102700662403066,0.0,0.0,1.4994909864592745
20.102700662403066,0.07581988592776016,0.0,0.5398988754935266
20.02155164554541,0.0,0.0,0.5942771858169007
20.02155164554541,0.04095233563279584,0.0,0.5360147026307891
20.0,0.10288045391080636,0.0,0.48552056517015274
20.0,0.18547773326956504,0.0,0.4311422274080407
20.0,0.3216566389981583,0.0,0.28354398788886886
20.0,0.4963380185193738,0.0,0.09710411577790432
20.0,0.6442053626965449,0.0,0.0
20.0,0.7467091914802262,0.0,0.0
20.0,0.835207098937042,0.0,0.0
20.0,0.9087638718491022,0.0,0.0
20.0,0.9627343580291603,0.0,0.0
20.0,0.9856253583923776,0.0,0.0
20.0,1.0060041096285568,0.0,0.0
19.51572662778592,0.0,0.0,0.0
19.132475932189593,0.0,0.0,0.0
19.08530431761818,0.0,0.0,0.0
18.89703236153776,0.0,0.0,0.0
18.80350239286963,0.0,0.0,0.0
18.74674561554006,0.0,0.0,0.0
18.73064131388963,0.0,0.0,0.0
19.358920742895947,1.3984815025374702,0.0,0.05826246946674259
20.0,1.2731478939046144,0.0,1.249712564953077
20.0,0.8155292892565114,0.0,1.5222772689468245
20.0,0.8381683151638005,0.0,0.7661827327411797
20.0,0.6031030555277215,0.0,0.6560066422567182
20.0,0.32595400491406,0.0,0.6447713232775371
20.0,0.17317494146023818,0.0,0.5500156783004602
20.151687521928277,0.0,0.0,1.3893424154091012
20.287364924510285,0.0,0.0,1.4069025836497036
20.135677402582008,0.34743134507204454,0.0,0.0854516177687451
20.0,0.49134911706466583,0.0,0.0
20.0,0.675909738751442,0.0,0.0
20.0,0.817231889169537,0.0,0.0
20.0,0.9224151787458605,0.0,0.0
20.0,0.996306022970085,0.0,0.0
20.0,1.0341852133773985,0.0,0.0
20.0,1.0383670810214405,0.0,0.0
19.528020561975612,0.0,0.0,0.0
19.218613746139233,0.0,0.0,0.0
19.298333968975868,0.0,0.0,0.0
19.233276734880796,0.0,0.0,0.0
19.20855649664547,0.0,0.0,0.0
19.13598936095798,0.0,0.0,0.0
19.072971502900025,0.0,0.0,0.0
19.520002688518968,1.008324021046703,0.0,0.050494137460636454
20.0,1.1796796102539842,0.0,0.24470234157770712
20.0,0.9201013487895882,0.0,0.36122730794993024
20.0,0.8233181986822536,0.0,0.29519650647708157
20.0,0.7631322056230905,0.0,0.33015397992550566
20.0,0.7410365021836414,0.0,0.3340381527882432
20.0,0.6511941204234608,0.0,0.4738680465819399
20.0,0.6022942097505114,0.0,0.4194897636973039
20.0,0.6081638666727344,0.0,0.26800735131539455
20.0,0.681265377525908,0.0,0.0815674586253765
20.0,0.7678540766888828,0.0,0.0
20.0,0.8363765697354231,0.0,0.0
20.0,0.8843154031572662,0.0,0.0
20.0,0.9156901910576724,0.0,0.0
20.0,0.9407590338101242,0.0,0.0
20.0,0.9640884783904605,0.0,0.0
20.0,1.0225048492252247,0.0,0.0
19.484074394256858,0.0,0.0,0.0
19.07573003507897,0.0,0.0,0.0
19.03804000078502,0.0,0.0,0.0
18.860773867947888,0.0,0.0,0.0
18.766972137603783,0.0,0.0,0.0
18.67967810707455,0.0,0.0,0.0
18.618233093015096,0.0,0.0,0.0
19.29113761555935,1.1270095505625148,0.0,0.9454457216545336
20.0,0.9494969428434706,0.0,2.171150122261869
20.0,0.6897298430320046,0.0,1.8409777790403843
20.0,0.5828701370960576,0.0,1.1482732653948624
20.0,0.555857447038361,0.0,0.5402091977206296
20.0,0.24626185619004695,0.0,0.5277013456059482
20.169266057433102,0.0,0.0,1.1073902606156303
20.410897374195546,0.0,0.0,1.4547165915864855
20.57769756321782,0.0,0.0,1.822773021432405
20.45739808179993,0.0,0.0,0.9422800968847705
20.121331835344552,0.16181037895574668,0.0,0.0
20.0,0.3460709870475451,0.0,0.0
20.0,0.612579798378469,0.0,0.0
20.0,0.8435814732562641,0.0,0.0
20.0,1.0288400827043853,0.0,0.0
20.0,1.145018336303385,0.0,0.0
20.0,1.17251144674204,0.0,0.0
19.456934392580923,0.0,0.0,0.0
19.08130890283738,0.0,0.0,0.0
19.12339426531188,0.0,0.0,0.0
18.986846519894883,0.0,0.0,0.0
18.916079013849764,0.0,0.0,0.0
18.821654500732052,0.0,0.0,0.0
18.763968179235526,0.0,0.0,0.0
19.370565927513777,1.2926062126012887,0.0,0.050494137460636454
20.0,1.4796431608509657,0.0,0.23304987786697037
20.0,1.051001422139921,0.0,0.38841646311161726
20.0,0.6714274039694849,0.0,0.5049413746063645
20.0,0.4331214688049578,0.0,0.4696464899368235
20.0,0.2609255316578007,0.0,0.516470538723501
20.0,0.21302177355703153,0.0,0.5562828280069813
20.0,0.3869325358562249,0.0,0.4117214179718288
20.0,0.621872764129156,0.0,0.22916570500423275
20.0,0.8525994367399511,0.0,0.062146628610111165
20.0,0.9659941373835399,0.0,0.0
20.0,1.0119030613398192,0.0,0.0
20.0,1.049418068207144,0.0,0.0
20.0,1.0817819002524791,0.0,0.0
20.0,1.109509308743719,0.0,0.0
20.0,1.1329149195581218,0.0,0.0
20.0,1.1277259077344852,0.0,0.0
19.481769812379415,0.0,0.0,0.0
19.126939884462775,0.0,0.0,0.0
19.178100463359186,0.0,0.0,0.0
19.063237234975716,0.0,0.0,0.0
19.000573265125304,0.0,0.0,0.0
18.889072273392152,0.0,0.0,0.0
18.780896946681302,0.0,0.0,0.0
19.362091094714565,1.4225641726408826,0.0,0.05049413403079422
20.0,1.3152184717483517,0.0,1.2021809838245074
20.0,0.7545897106687658,0.0,1.6457237870905759
20.0,0.6865942496857073,0.0,1.0501080350246588
20.0,0.7640598517404901,0.0,0.6018063277851687
20.0,0.6640408193350917,0.0,0.578949219940818
20.0,0.3915724552670306,0.0,0.8320070753057591
20.101154167292513,0.0,0.0,1.865626392781909
20.288374178242226,0.0,0.0,2.1347088327935877
20.187220010949712,0.17080581864317032,0.0,0.9676194547747694
20.0,0.6743971718571345,0.0,0.0
20.0,0.974954889346789,0.0,0.0
20.0,1.1980234701949506,0.0,0.0
20.0,1.3582840378784506,0.0,0.0
20.0,1.4845739075284494,0.0,0.0
20.0,1.5780513140417072,0.0,0.0
20.0,1.6363304543124184,0.0,0.0
19.228007649619805,0.0,0.0,0.0
18.69927666441291,0.0,0.0,0.0
18.80089216253166,0.0,0.0,0.0
18.697669937126328,0.0,0.0,0.0
18.710123842234612,0.0,0.0,0.0
18.68198504917153,0.0,0.0,0.0
18.668994988573413,0.0,0.0,0.0
19.329086992248723,1.4396590218833605,0.0,0.04272580888437255
20.0,1.7949484629372132,0.0,0.22528153214149527
20.0,1.5324560838560382,0.0,0.4078372725478292
20.0,1.3812417775910986,0.0,0.47590064089453743
20.0,1.2587195493044097,0.0,0.5632038577924761
20.0,1.2255979438479943,0.0,0.501057201743627
20.0,1.2779602897935547,0.0,0.28742816075160643
20.0,1.2768157457171845,0.0,0.22916570500423275
20.0,1.308787153197611,0.0,0.13982990751306568
20.0,1.3923654547438087,0.0,0.05437830003384729
20.0,1.5012053878385228,0.0,0.0
20.0,1.5831014679741768,0.0,0.0
20.0,1.6209437540808962,0.0,0.0
20.0,1.5943196454622293,0.0,0.0
20.0,1.546693876556496,0.0,0.0
20.0,1.5010344419669612,0.0,0.0
20.0,1.483526664171481,0.0,0.0
19.308481562166854,0.0,0.0,0.0
18.81848750300695,0.0,0.0,0.0
18.85787821602935,0.0,0.0,0.0
18.6923412308196,0.0,0.0,0.0
18.634857105558822,0.0,0.0,0.0
18.557463531093905,0.0,0.0,0.0
18.507579508649407,0.0,0.0,0.0
19.240504127483977,1.6514359418433093,0.0,0.03495747687826642
20.0,2.1048918463083663,0.0,0.21751320013538916
20.0,1.8391808941711982,0.0,0.37287977166066705
20.0,1.6301479477044873,0.0,0.48552056517015274
20.0,1.4708201045532365,0.0,0.5476671663415258
20.0,1.3905185818414127,0.0,0.4932888560181518
20.0,1.4230934721676345,0.0,0.28354398788886886
20.0,1.4292586744592617,0.0,0.22528153214149527
20.0,1.4730590465664863,0.0,0.13594576208906606
20.0,1.5411773737015917,0.0,0.050494137460636454
20.0,1.6142349400348597,0.0,0.0
20.0,1.667917925565772,0.0,0.0
20.0,1.7134266807662868,0.0,0.0
20.0,1.7443347563164167,0.0,0.0
20.0,1.7664804690609162,0.0,0.0
20.0,1.7728808251186354,0.0,0.0
20.0,1.7626986628483106,0.0,0.0
19.187344802763782,0.0,0.0,0.0
18.623582232382116,0.0,0.0,0.0
18.691476246244527,0.0,0.0,0.0
18.5183119264957,0.0,0.0,0.0
18.472084406282864,0.0,0.0,0.0
18.401999196155522,0.0,0.0,0.0
18.359418677349108,0.0,0.0,0.0
19.166430777606944,1.8232752894404418,0.0,0.031073314305055583
20.0,2.344679815506048,0.0,0.20974488184865195
20.0,2.1161838786218548,0.0,0.33015397992550566
20.0,2.0361424077146837,0.0,0.27577566960213173
20.0,1.9618063480894974,0.0,0.3107331704892938
20.0,1.9174911229268117,0.0,0.3107331704892938
20.0,1.8023818802220355,0.0,0.4427947459962533
20.0,1.774467570079594,0.0,0.3845322902488797
20.0,1.8324458606205816,0.0,0.20974488184865195
20.0,1.9436521236978053,0.0,0.031073314305055583
20.0,2.016580069734902,0.0,0.0
20.0,2.0674236823780263,0.0,0.0
20.0,2.0882434114307076,0.0,0.0
20.0,2.0929989777483895,0.0,0.0
20.0,2.0796441805099635,0.0,0.0
20.0,2.061645112461653,0.0,0.0
20.0,2.0422301223676347,0.0,0.0
19.058534219928013,0.0,0.0,0.0
18.40994438205567,0.0,0.0,0.0
18.50589313402903,0.0,0.0,0.0
18.32237177552821,0.0,0.0,0.0
18.26896083483741,0.0,0.0,0.0
18.16644807903942,0.0,0.0,0.0
18.082948514728166,0.0,0.0,0.0
19.01757246689932,2.201457293943442,0.0,0.015536658867448915
20.0,2.9257275483111314,0.0,0.11652493893348519
20.0,2.7345448944468,0.0,0.2058607089859144
20.0,2.4976346600871087,0.0,0.42337393656004146
20.0,2.3105519221123623,0.0,0.5360147026307891
20.0,2.225900317650861,0.0,0.48552056517015274
20.0,2.274441625684663,0.0,0.27965981502613135
20.0,2.2929484622185554,0.0,0.21751320013538916
20.0,2.330113715578902,0.0,0.1320615892263285
20.0,2.365983744829783,0.0,0.04272580888437255
20.0,2.3724497483178286,0.0,0.0
20.0,2.358097268428545,0.0,0.0
20.0,2.3610649159747847,0.0,0.0
20.0,2.384619550530098,0.0,0.0
20.0,2.4094739292324086,0.0,0.0
20.0,2.4281210992310904,0.0,0.0
20.0,2.4247286693778163,0.0,0.0
18.878245057889387,0.0,0.0,0.0
18.104069871381817,0.0,0.0,0.0
18.21905937001279,0.0,0.0,0.0
18.016198981381546,0.0,0.0,0.0
17.984306402251264,0.0,0.0,0.0
17.914384904954584,0.0,0.0,0.0
17.87972416406537,0.0,0.0,0.0
18.926681236500862,2.3581023148656253,0.0,0.02330498572879169
20.0,3.070835451055876,0.0,0.19809237697980822
20.0,2.805546856804366,0.0,0.318501488776031
20.0,2.6667966230766775,0.0,0.26800735131539455
20.0,2.4111977645069254,0.0,0.4738680465819399
20.0,2.197365643743623,0.0,0.5321305297680514
20.0,2.0410064489788704,0.0,0.48552056517015274
20.0,1.5757122512871944,0.0,1.0638421690519606
20.0,0.9076657849631414,0.0,2.058355648539109
20.0,1.7440460301787,0.0,0.03884164631116172
20.0,1.9792250095483017,0.0,0.0
20.0,2.157382618121911,0.0,0.0
20.0,2.296153251250265,0.0,0.0
20.0,2.3693662107499645,0.0,0.0
20.0,2.408417027662007,0.0,0.0
20.0,2.4204345912741134,0.0,0.0
20.0,2.4255091300672937,0.0,0.0
18.87676271057046,0.0,0.0,0.0
18.103963355247465,0.0,0.0,0.0
18.222918150555333,0.0,0.0,0.0
18.01004543801195,0.0,0.0,0.0
17.944746884809987,0.0,0.0,0.0
17.819920539788797,0.0,0.0,0.0
17.722947764843916,0.0,0.0,0.0
18.833446177731485,2.576172737985083,0.0,0.02330498572879169
20.0,3.3364798143184533,0.0,0.19420823155580863
20.0,2.982059799178791,0.0,0.345690643937718
20.0,2.675071880542762,0.0,0.4622155828712032
20.0,2.414875309729137,0.0,0.5243622389200523
20.0,2.214068174975796,0.0,0.528246356905314
20.0,2.1158680665324856,0.0,0.4738680465819399
20.0,2.1117964491811048,0.0,0.36899565367540543
20.0,2.187760721832908,0.0,0.19420823155580863
20.0,2.2778345788047996,0.0,0.02330498572879169
20.0,2.2957936882150047,0.0,0.0
20.0,2.2977470490410714,0.0,0.0
20.0,2.3192734281127683,0.0,0.0
20.0,2.3513830898335595,0.0,0.0
20.0,2.378365951460461,0.0,0.0
20.0,2.360061465859011,0.0,0.0
20.0,2.3190980247004824,0.0,0.0
18.944218508707934,0.0,0.0,0.0
18.22294441576166,0.0,0.0,0.0
18.327230961216067,0.0,0.0,0.0
18.11628900344287,0.0,0.0,0.0
18.070947522001454,0.0,0.0,0.0
17.99996736000581,0.0,0.0,0.0
17.97233003158961,0.0,0.0,0.0
18.975526244304724,2.2407957458868135,0.0,0.011652492864395845
20.0,2.9462859068320943,0.0,0.10487244092432597
20.0,2.707820649044548,0.0,0.19809237697980822
20.0,2.457119922762051,0.0,0.4078372725478292
20.0,2.2592464703828186,0.0,0.5165938931945772
20.0,2.1247511826163747,0.0,0.5204780660573147
20.0,2.0389037356317643,0.0,0.4699838737192024
20.0,2.0071055014319343,0.0,0.36122730794993024
20.0,2.025429869274368,0.0,0.21362904099202054
20.0,2.0957504629658716,0.0,0.03884164631116172
20.0,2.117654394094659,0.0,0.0
20.0,2.1130154636340173,0.0,0.0
20.0,2.0987524713052537,0.0,0.0
20.0,2.0662991795633654,0.0,0.0
20.0,2.029557702839989,0.0,0.0
20.0,1.9920785803517518,0.0,0.0
20.0,1.9575002220015691,0.0,0.0
19.102727252168897,0.0,0.0,0.0
18.489681496521488,0.0,0.0,0.0
18.583862163667,0.0,0.0,0.0
18.401204801100647,0.0,0.0,0.0
18.32688373978549,0.0,0.0,0.0
18.198011009864278,0.0,0.0,0.0
18.099809649942213,0.0,0.0,0.0
19.024385498077187,2.1272109762913898,0.0,0.01942082315558086
20.0,2.7069627560400114,0.0,0.18255574040633388
20.0,2.359436774440522,0.0,0.3340381527882432
20.0,2.0970312288055397,0.0,0.45056306428299053
20.0,1.9328088864003075,0.0,0.5127097203318397
20.0,1.8552293523091632,0.0,0.4622155828712032
20.0,1.7971710388950062,0.0,0.41560559083456633
20.0,1.7546440880067449,0.0,0.35734313508719273
20.0,1.7701234272386095,0.0,0.20974488184865195
20.0,1.8198312190998533,0.0,0.03884164631116172
20.0,1.8274146518389172,0.0,0.0
20.0,1.8209091160929933,0.0,0.0
20.0,1.8337692090078619,0.0,0.0
20.0,1.8496479289853596,0.0,0.0
20.0,1.8624678365392981,0.0,0.0
20.0,1.850491220253146,0.0,0.0
20.0,1.8001681303242123,0.0,0.0
19.191013331544603,0.0,0.0,0.0
18.657214908362405,0.0,0.0,0.0
18.771549405962094,0.0,0.0,0.0
18.635583379555662,0.0,0.0,0.0
18.602865389930916,0.0,0.0,0.0
18.52006979070876,0.0,0.0,0.0
18.45857185977583,0.0,0.0,0.0
19.211131908586616,1.7468574233723564,0.0,0.007768328576263896
20.0,2.282457101733962,0.0,0.10098827492127291
20.0,2.0746218634742557,0.0,0.19032405869307104
20.0,1.853940456572786,0.0,0.40006892682235407
20.0,1.6992624510587564,0.0,0.5049413746063645
20.0,1.6398215303174544,0.0,0.4583314100084655
20.0,1.6805921343247527,0.0,0.264123178452657
20.0,1.6267018023454147,0.0,0.318501488776031
20.0,1.666977956479564,0.0,0.18255574040633388
20.0,1.753614870648299,0.0,0.01942082315558086
20.0,1.797841334242225,0.0,0.0
20.0,1.8160165908933819,0.0,0.0
20.0,1.8007563568846752,0.0,0.0
20.0,1.77251951370997,0.0,0.0
20.0,1.7472313366743604,0.0,0.0
20.0,1.7624982284776585,0.0,0.0
20.0,1.8177611610482725,0.0,0.0
19.134874648348358,0.0,0.0,0.0
18.52709296422134,0.0,0.0,0.0
18.611026414885412,0.0,0.0,0.0
18.458628739183645,0.0,0.0,0.0
18.419096736507427,0.0,0.0,0.0
18.320592750223845,0.0,0.0,0.0
18.23131584279901,0.0,0.0,0.0
19.089999188911378,2.0589555779132693,0.0,0.007768328576263896
20.0,2.7503772393375727,0.0,0.09710411577790432
20.0,2.5598836030341365,0.0,0.18643988583033352
20.0,2.2873857578995698,0.0,0.39230058109687893
20.0,2.0263964731731217,0.0,0.501057201743627
20.0,1.819875353557824,0.0,0.5049413746063645
20.0,1.671975042880731,0.0,0.45444723714572804
20.0,1.6168845986889129,0.0,0.35345898966319306
20.0,1.6632083360963668,0.0,0.21362904099202054
20.0,1.803382743705814,0.0,0.031073314305055583
20.0,1.9243791484156665,0.0,0.0
20.0,2.0300517606008763,0.0,0.0
20.0,2.105497246002997,0.0,0.0
20.0,2.139171163425813,0.0,0.0
20.0,2.1624791681843876,0.0,0.0
20.0,2.185765153013013,0.0,0.0
20.0,2.2099178623834286,0.0,0.0
18.96383161959096,0.0,0.0,0.0
18.239038990870334,0.0,0.0,0.0
18.33974973192718,0.0,0.0,0.0
18.151400394588865,0.0,0.0,0.0
18.108310268670458,0.0,0.0,0.0
18.01984305279805,0.0,0.0,0.0
17.961608511459428,0.0,0.0,0.0
18.963217693390778,2.284264976658685,0.0,0.007768328576263896
20.0,2.998756450152804,0.0,0.09321994291516676
20.0,2.7279891818265765,0.0,0.18255574040633388
20.0,2.5066384129909096,0.0,0.24858651444044466
20.0,2.3147947763928984,0.0,0.28354398788886886
20.0,2.1667183071268825,0.0,0.28742816075160643
20.0,2.0927251080856273,0.0,0.25635486016591985
20.0,2.082713866336926,0.0,0.19809237697980822
20.0,2.12381363930804,0.0,0.11264076607074763
20.0,2.19853429983083,0.0,0.015536657152527791
20.0,2.23018604907474,0.0,0.0
20.0,2.2416290094208913,0.0,0.0
20.0,2.242893512647473,0.0,0.0
20.0,2.221913426275124,0.0,0.0
20.0,2.2039733635432723,0.0,0.0
20.0,2.2172159720383853,0.0,0.0
20.0,2.2513456173955797,0.0,0.0
18.94034433868093,0.0,0.0,0.0
18.197804610134416,0.0,0.0,0.0
18.30402816832157,0.0,0.0,0.0
18.122358006861607,0.0,0.0,0.0
18.091722230374774,0.0,0.0,0.0
18.01056268492243,0.0,0.0,0.0
17.950503045092088,0.0,0.0,0.0
18.95587248055091,2.315110951646776,0.0,0.007768329433724457
20.0,3.064598824984617,0.0,0.08933578377179818
20.0,2.8252089883356932,0.0,0.17867156754359637
20.0,2.5960102205356814,0.0,0.24470234157770712
20.0,2.3716729709548723,0.0,0.27965981502613135
20.0,2.182336004763363,0.0,0.28354398788886886
20.0,2.0559828603318033,0.0,0.25247068730318223
20.0,1.9623184872747435,0.0,0.3068489976265563
20.0,2.0044259558840714,0.0,0.19420823155580863
20.0,2.1261478902452167,0.0,0.031073314305055583
20.0,2.2194418144013293,0.0,0.0
20.0,2.2990362051668813,0.0,0.0
20.0,2.3532356106569288,0.0,0.0
20.0,2.3989558029200513,0.0,0.0
20.0,2.4446866824077165,0.0,0.0
20.0,2.4947908755844237,0.0,0.0
20.0,2.5597157265862105,0.0,0.0
18.78398222838961,0.0,0.0,0.0
17.924486071442132,0.0,0.0,0.0
18.024888175022767,0.0,0.0,0.0
17.791468682896507,0.0,0.0,0.0
17.732695021437127,0.0,0.0,0.0
17.621137941895423,0.0,0.0,0.0
17.550238521352917,0.0,0.0,0.0
18.75471124996836,2.7226948145940457,0.0,0.003884164288131948
20.0,2.6633333445227616,0.0,1.8069728816024306
20.0,2.1422253064037227,0.0,1.6960654069284824
20.0,2.1901559442553844,0.0,0.8408643807040185
20.0,2.2303719801156934,0.0,0.4942020181390279
20.0,2.1777472058167526,0.0,0.43335351965694685
20.0,1.7752465285583863,0.0,0.926829078906157
20.0,1.3407322033033253,0.0,1.5838430224260391
20.0,1.096857155541721,0.0,1.864339052884036
20.0,1.7878929614928103,0.0,0.4024551714530175
20.0,2.177995356418921,0.0,0.0
20.0,2.3664088506775522,0.0,0.0
20.0,2.493155030760431,0.0,0.0
20.0,2.544096833976655,0.0,0.0
20.0,2.573196256433075,0.0,0.0
20.0,2.5971793312799125,0.0,0.0
20.0,2.6260411576472285,0.0,0.0
18.760573437356104,0.0,0.0,0.0
17.876522669212825,0.0,0.0,0.0
17.947706072939,0.0,0.0,0.0
17.658605528112503,0.0,0.0,0.0
17.543173853840617,0.0,0.0,0.0
17.38329568423639,0.0,0.0,0.0
17.27884368150439,0.0,0.0,0.0
18.611873164078393,3.056029352272235,0.0,0.003884164288131948
20.0,3.122600476117837,0.0,1.7705696544050198
20.0,2.676304208796282,0.0,1.4984977649609263
20.0,2.5297415153989764,0.0,0.9999116185127994
20.0,2.621140225043192,0.0,0.48776187568699186
20.0,2.557617533308229,0.0,0.4090428779812094
20.0,2.1927989652786426,0.0,0.7847814392912181
20.0,1.6585127117149872,0.0,1.570462130081006
20.0,1.3714871632246166,0.0,1.8536195484468319
20.0,2.081441336290122,0.0,0.30243379443782037
20.0,2.4221318604874735,0.0,0.0
20.0,2.596399029180975,0.0,0.0
20.0,2.715331701535785,0.0,0.0
20.0,2.7631737351292314,0.0,0.0
20.0,2.799165411599784,0.0,0.0
20.0,2.840057857198707,0.0,0.0
20.0,2.908754741786769,0.0,0.0
18.619526759106463,0.0,0.0,0.0
17.63849225139122,0.0,0.0,0.0
17.74681618299739,0.0,0.0,0.0
17.471554061540765,0.0,0.0,0.0
17.38329865104842,0.0,0.0,0.0
17.229607083678125,0.0,0.0,0.0
17.113775132337086,0.0,0.0,0.0
18.523763328879248,3.2690201038376347,0.0,0.003884164288131948
20.0,3.4896215389176684,0.0,1.6201446222463571
20.0,2.9168898312210025,0.0,1.6068659782203238
20.0,2.7756977186255973,0.0,1.0145153404737617
20.0,2.8274744297492322,0.0,0.5090316621211783
20.0,2.725858778962065,0.0,0.4347958722255546
20.0,2.293217224294066,0.0,0.8634960730467517
20.0,1.785803270696795,0.0,1.5794565156833942
20.0,1.7644427814466244,0.0,1.3683371115929437
20.0,2.4797100832989236,0.0,0.01942082315558086
20.0,2.747596479945504,0.0,0.0
20.0,2.94842337888929,0.0,0.0
20.0,3.0417418749302465,0.0,0.0
20.0,3.0499270027891745,0.0,0.0
20.0,3.048219424872093,0.0,0.0
20.0,3.0964170720994297,0.0,0.0
20.0,3.209938320624335,0.0,0.0
18.45763666668123,0.0,0.0,0.0
17.35656288434895,0.0,0.0,0.0
17.490310741747322,0.0,0.0,0.0
17.21830621056099,0.0,0.0,0.0
17.160470232788064,0.0,0.0,0.0
17.02872784782035,0.0,0.0,0.0
16.926286161225818,0.0,0.0,0.0
18.431106859712145,3.4947512646374848,0.0,0.003884164288131948
20.0,3.9968012204374093,0.0,1.3131057066999674
20.0,3.4354071843708516,0.0,1.4316331994974576
20.0,3.1409523749124895,0.0,1.1144136989246787
20.0,3.168592332586534,0.0,0.5422406480236694
20.0,3.0207876493444283,0.0,0.4412498559918925
20.0,2.8569230199791167,0.0,0.44752385544733647
20.0,2.823489540882389,0.0,0.345690643937718
20.0,2.879447084165877,0.0,0.18255574040633388
20.0,2.9982181391955725,0.0,0.01942082315558086
20.0,3.058011142775172,0.0,0.0
20.0,3.0924755150794225,0.0,0.0
20.0,3.087861779888853,0.0,0.0
20.0,3.060696937160998,0.0,0.0
20.0,3.03284311370528,0.0,0.0
20.0,3.019590436501571,0.0,0.0
20.0,3.0302137303952135,0.0,0.0
18.582496729976555,0.0,0.0,0.0
17.591873371088404,0.0,0.0,0.0
17.719105607466616,0.0,0.0,0.0
17.4444583844674,0.0,0.0,0.0
17.38060374062254,0.0,0.0,0.0
17.26145895949319,0.0,0.0,0.0
17.18927002393709,0.0,0.0,0.0
18.57368538695381,3.1276765817067074,0.0,0.003884164288131948
20.0,4.115129126169559,0.0,0.07768329262232344
20.0,3.7685277949633176,0.0,0.1670190763941216
20.0,3.511587779334918,0.0,0.22916570500423275
20.0,3.3079649477365374,0.0,0.264123178452657
20.0,3.149036557291539,0.0,0.26800735131539455
20.0,3.040144873935464,0.0,0.2408181961537075
20.0,2.9664054957616544,0.0,0.18255574040633388
20.0,2.9250385787188944,0.0,0.10098827492127291
20.0,2.918682806697139,0.0,0.011652492864395845
20.0,2.892312163942608,0.0,0.0
20.0,2.8772581144954246,0.0,0.0
20.0,2.8808670466800117,0.0,0.0
20.0,2.898952413756892,0.0,0.0
20.0,2.913711786019517,0.0,0.0
20.0,2.907041550772661,0.0,0.0
20.0,2.880225869426536,0.0,0.0
18.684375656587825,0.0,0.0,0.0
17.793836863561356,0.0,0.0,0.0
17.957210559377792,0.0,0.0,0.0
17.73826824367076,0.0,0.0,0.0
17.702400623403197,0.0,0.0,0.0
17.601483100038273,0.0,0.0,0.0
17.537927439537366,0.0,0.0,0.0
18.74832607163579,2.762771176976336,0.0,0.0
20.0,3.63648935729029,0.0,0.07379912661927039
20.0,3.337691560765799,0.0,0.163134917250753
20.0,3.1200893918916783,0.0,0.22916570500423275
20.0,2.960497600724888,0.0,0.264123178452657
20.0,2.8526897392162045,0.0,0.26800735131539455
20.0,2.80106701945561,0.0,0.2408181961537075
20.0,2.7883783579551125,0.0,0.18255574040633388
20.0,2.8102453290772327,0.0,0.09710411577790432
20.0,2.837719377677228,0.0,0.011652492864395845
20.0,2.8267573431954225,0.0,0.0
20.0,2.8028170816735085,0.0,0.0
20.0,2.769216038135087,0.0,0.0
20.0,2.73944861239845,0.0,0.0
20.0,2.7181581209628347,0.0,0.0
20.0,2.724941507820776,0.0,0.0
20.0,2.743257749929091,0.0,0.0
18.720072255443046,0.0,0.0,0.0
17.838338061488894,0.0,0.0,0.0
17.983541594201718,0.0,0.0,0.0
17.76818687110022,0.0,0.0,0.0
17.724121028453283,0.0,0.0,0.0
17.606323395845838,0.0,0.0,0.0
17.518328150823898,0.0,0.0,0.0
18.733214700486993,2.807959380462594,0.0,0.0
20.0,3.6612731923830464,0.0,0.13594576208906606
20.0,3.311234250747277,0.0,0.24858651444044466
20.0,3.084305890364137,0.0,0.22528153214149527
20.0,2.855957757988557,0.0,0.26023903302865736
20.0,2.6465895292438333,0.0,0.264123178452657
20.0,2.3898894958280046,0.0,0.37287977166066705
20.0,2.221253363077097,0.0,0.31461734335203134
20.0,2.14338336144405,0.0,0.18643988583033352
20.0,2.1596711139576814,0.0,0.01942082315558086
20.0,2.187189687711879,0.0,0.0
20.0,2.2215643620210095,0.0,0.0
20.0,2.2523300893162297,0.0,0.0
20.0,2.2598853853789156,0.0,0.0
20.0,2.2599600186820963,0.0,0.0
20.0,2.2602170625702596,0.0,0.0
20.0,2.2639525265436613,0.0,0.0
18.9399340667689,0.0,0.0,0.0
18.189286847526397,0.0,0.0,0.0
18.261569659103777,0.0,0.0,0.0
18.029022876181003,0.0,0.0,0.0
17.964429769430588,0.0,0.0,0.0
17.87574641039791,0.0,0.0,0.0
17.83169089922933,0.0,0.0,0.0
18.903568260427285,2.3976045715905396,0.0,0.0
20.0,3.139380495367861,0.0,0.06603079461316425
20.0,2.8507224305266408,0.0,0.1592507443880155
20.0,2.550014801017621,0.0,0.34957481680045555
20.0,2.3100721891164233,0.0,0.45056306428299053
20.0,2.134683230929489,0.0,0.4583314100084655
20.0,2.009397877204036,0.0,0.41560559083456633
20.0,1.9557966904286634,0.0,0.31461734335203134
20.0,1.9694673074825146,0.0,0.1670190763941216
20.0,2.033669158220946,0.0,0.015536657152527791
20.0,2.0725320401774745,0.0,0.0
20.0,2.1150797215348494,0.0,0.0
20.0,2.1558213000845554,0.0,0.0
20.0,2.194874442487586,0.0,0.0
20.0,2.2325774733879693,0.0,0.0
20.0,2.248996213473519,0.0,0.0
20.0,2.2602237872844446,0.0,0.0
18.945296333234236,0.0,0.0,0.0
18.20147768322445,0.0,0.0,0.0
18.274864648780962,0.0,0.0,0.0
18.039081054027605,0.0,0.0,0.0
17.949559082671335,0.0,0.0,0.0
17.810559968117676,0.0,0.0,0.0
17.707772529907125,0.0,0.0,0.0
18.826373889223927,2.6103129815912283,0.0,0.0
20.0,3.402492744509897,0.0,0.12817743008295993
20.0,3.0540040333100236,0.0,0.3029648247638187
20.0,2.7904886746592332,0.0,0.42337393656004146
20.0,2.625522792759681,0.0,0.40006892682235407
20.0,2.5556826378082604,0.0,0.26023903302865736
20.0,2.462399914754941,0.0,0.23304987786697037
20.0,2.3977227320182606,0.0,0.17478740840022777
20.0,2.359510854098714,0.0,0.09321994291516676
20.0,2.334221398282615,0.0,0.007768328576263896
20.0,2.2906289596336378,0.0,0.0
20.0,2.256362547252219,0.0,0.0
20.0,2.2460275398333356,0.0,0.0
20.0,2.2549336360126713,0.0,0.0
20.0,2.2659584124473215,0.0,0.0
20.0,2.2745436630950437,0.0,0.0
20.0,2.265822797855726,0.0,0.0
18.96074363569375,0.0,0.0,0.0
18.2587567874542,0.0,0.0,0.0
18.392488846895322,0.0,0.0,0.0
18.21966849823948,0.0,0.0,0.0
18.1823195245456,0.0,0.0,0.0
18.084679702518866,0.0,0.0,0.0
18.010215924059345,0.0,0.0,0.0
18.982662942981474,2.2695319306299884,0.0,0.0
20.0,2.9976571033456434,0.0,0.062146628610111165
20.0,2.753151292002464,0.0,0.15148241238190935
20.0,2.561842384675474,0.0,0.21751320013538916
20.0,2.3305327713899815,0.0,0.39618475395961644
20.0,2.1553446910373655,0.0,0.45056306428299053
20.0,2.043957883656371,0.0,0.4078372725478292
20.0,1.9907444759646427,0.0,0.318501488776031
20.0,2.042694315898156,0.0,0.1553665852446469
20.0,2.1772194013032515,0.0,0.011652492864395845
20.0,2.3138582016786593,0.0,0.0
20.0,2.4433621149731657,0.0,0.0
20.0,2.53981082871836,0.0,0.0
20.0,2.575266241348153,0.0,0.0
20.0,2.5743511647159094,0.0,0.0
20.0,2.5649326526055667,0.0,0.0
20.0,2.551034228821429,0.0,0.0
18.825310633218372,0.0,0.0,0.0
18.02656204655419,0.0,0.0,0.0
18.172686574058453,0.0,0.0,0.0
17.988091420618506,0.0,0.0,0.0
17.981385330396716,0.0,0.0,0.0
17.924529522647756,0.0,0.0,0.0
17.897659836106758,0.0,0.0,0.0
18.937859383959847,2.3221371537589746,0.0,0.0
20.0,3.049974025690018,0.0,0.05826246946674259
20.0,2.7746221642110402,0.0,0.15148241238190935
20.0,2.575037823905077,0.0,0.21362904099202054
20.0,2.3946678581770136,0.0,0.25247068730318223
20.0,2.2509136944180583,0.0,0.25635486016591985
20.0,2.0872856997334583,0.0,0.35734313508719273
20.0,2.0253167987970664,0.0,0.29908065190108113
20.0,2.0420124952345216,0.0,0.1592507443880155
20.0,2.1127132970492433,0.0,0.011652492864395845
20.0,2.1478541386607364,0.0,0.0
20.0,2.169542689660722,0.0,0.0
20.0,2.172553328256472,0.0,0.0
20.0,2.1512762046089726,0.0,0.0
20.0,2.113659253040023,0.0,0.0
20.0,2.0736080478495,0.0,0.0
20.0,2.028406510161755,0.0,0.0
19.0830412107861,0.0,0.0,0.0
18.47291765900914,0.0,0.0,0.0
18.60613912105525,0.0,0.0,0.0
18.47389476654766,0.0,0.0,0.0
18.476777899335772,0.0,0.0,0.0
18.44180690217518,0.0,0.0,0.0
18.43513513327616,0.0,0.0,0.0
19.2124740367213,1.7207517650006128,0.0,0.0
20.0,2.244231072519615,0.0,0.05826246946674259
20.0,2.025091996450097,0.0,0.14759825323854078
20.0,1.8575237480306046,0.0,0.21362904099202054
20.0,1.7233294859162318,0.0,0.24858651444044466
20.0,1.6220298549135623,0.0,0.25635486016591985
20.0,1.556027649887134,0.0,0.22916570500423275
20.0,1.535527031286458,0.0,0.1709032355374902
20.0,1.5504273919403366,0.0,0.08933578377179818
20.0,1.579848777290584,0.0,0.007768328576263896
20.0,1.5756083249343726,0.0,0.0
20.0,1.5487521656485073,0.0,0.0
20.0,1.4935200216263589,0.0,0.0
20.0,1.43112005521148,0.0,0.0
20.0,1.3722695915220455,0.0,0.0
20.0,1.351853182370008,0.0,0.0
20.0,1.356620398181104,0.0,0.0
19.368334022369332,0.0,0.0,0.0
18.939407343426517,0.0,0.0,0.0
19.026579508256525,0.0,0.0,0.0
18.9433835230178,0.0,0.0,0.0
18.949753281011,0.0,0.0,0.0
18.922570864352778,0.0,0.0,0.0
18.915234218083935,0.0,0.0,0.0
19.454539298923695,1.1544254946210275,0.0,0.0
20.0,1.4684579477254494,0.0,0.05437830003384729
20.0,1.2927007592532673,0.0,0.14371408037580322
20.0,1.2476191816326416,0.0,0.20974488184865195
20.0,1.3032333783162984,0.0,0.24858651444044466
20.0,1.3948138436572157,0.0,0.25247068730318223
20.0,1.4648520130529021,0.0,0.22528153214149527
20.0,1.4422664265217382,0.0,0.26800735131539455
20.0,1.4888595545023335,0.0,0.1553665852446469
20.0,1.5811261748772651,0.0,0.011652492864395845
20.0,1.6564685141462219,0.0,0.0
20.0,1.7352968969322522,0.0,0.0
20.0,1.8024146066420346,0.0,0.0
20.0,1.8612965123601881,0.0,0.0
20.0,1.9207939260472389,0.0,0.0
20.0,1.985818307225571,0.0,0.0
20.0,2.054609286111712,0.0,0.0
19.019318063760068,0.0,0.0,0.0
18.323359070775837,0.0,0.0,0.0
18.402160891145122,0.0,0.0,0.0
18.212170977998305,0.0,0.0,0.0
18.158020422027956,0.0,0.0,0.0
18.051571814705802,0.0,0.0,0.0
17.95742855759849,0.0,0.0,0.0
18.949826071051692,2.392290941201524,0.0,0.0
20.0,3.208265534763397,0.0,0.0854516177687451
20.0,2.2111899371201678,0.0,1.6200196743209458
20.0,2.0200399521932555,0.0,1.019774614097738
20.0,2.0051904852032507,0.0,0.4880819573949997
20.0,1.8564941016335959,0.0,0.4003382954662045
20.0,1.630492937332472,0.0,0.6064616691504624
20.0,1.8637143109428709,0.0,0.3068489976265563
20.0,2.090898469135144,0.0,0.13594576208906606
20.0,2.250359489682459,0.0,0.007768328576263896
20.0,2.241999730138454,0.0,0.0
20.0,2.185769834238955,0.0,0.0
20.0,2.125518616789963,0.0,0.0
20.0,2.0799136526011957,0.0,0.0
20.0,2.029972248239412,0.0,0.0
20.0,1.9752486610373712,0.0,0.0
20.0,1.9197629489983794,0.0,0.0
19.13382973709605,0.0,0.0,0.0
18.543562013140594,0.0,0.0,0.0
18.6315348299854,0.0,0.0,0.0
18.453644898543097,0.0,0.0,0.0
18.38234316937611,0.0,0.0,0.0
18.255274395097885,0.0,0.0,0.0
18.14934340906409,0.0,0.0,0.0
19.044569838740077,2.1735112001045978,0.0,0.0
20.0,2.895117615308296,0.0,0.0743355059278507
20.0,2.7029208225392845,0.0,0.14018334589623668
20.0,2.50372373585569,0.0,0.20638104349249492
20.0,2.344872938568596,0.0,0.2453208656079409
20.0,2.224715500394337,0.0,0.2492148341001166
20.0,2.173278631279908,0.0,0.22585094083084897
20.0,2.2094102729433995,0.0,0.16744122137704892
20.0,2.272457005378261,0.0,0.08566760865398124
20.0,2.328236585734832,0.0,0.007787963565628644
20.0,2.302958119541808,0.0,0.0
20.0,2.2706072600967144,0.0,0.0
20.0,2.2496478840714067,0.0,0.0
20.0,2.2513149347070915,0.0,0.0
20.0,2.254036830421933,0.0,0.0
20.0,2.2298871444490778,0.0,0.0
20.0,2.175629135101707,0.0,0.0
19.019509444715823,0.0,0.0,0.0
18.370325899091913,0.0,0.0,0.0
18.50824308811284,0.0,0.0,0.0
18.352284978423334,0.0,0.0,0.0
18.33902182536849,0.0,0.0,0.0
18.27533111833993,0.0,0.0,0.0
18.23048262368986,0.0,0.0,0.0
19.099314986031835,2.035203366479384,0.0,0.0
20.0,2.748249460517181,0.0,0.04660997145758338
20.0,2.599370811804102,0.0,0.13982990751306568
20.0,2.459915683935453,0.0,0.2058607089859144
20.0,2.3157492073150694,0.0,0.2408181961537075
20.0,2.1968191255423233,0.0,0.24858651444044466
20.0,2.116006735695418,0.0,0.22139737299812665
20.0,2.0471051163535674,0.0,0.26023903302865736
20.0,2.089252269089581,0.0,0.1553665852446469
20.0,2.2029082557521016,0.0,0.011652492864395845
20.0,2.2845908359776836,0.0,0.0
20.0,2.355010710756647,0.0,0.0
20.0,2.4073445385096095,0.0,0.0
20.0,2.439484361327955,0.0,0.0
20.0,2.4443497527678764,0.0,0.0
20.0,2.428949497109295,0.0,0.0
20.0,2.4115898190153042,0.0,0.0
18.888660859911045,0.0,0.0,0.0
18.118091675402273,0.0,0.0,0.0
18.212639400167276,0.0,0.0,0.0
17.979110079214607,0.0,0.0,0.0
17.914524963716346,0.0,0.0,0.0
17.814926060978088,0.0,0.0,0.0
17.75546852608594,0.0,0.0,0.0
18.85916593428564,2.5199153479149308,0.0,0.0
20.0,3.343176303522648,0.0,0.04660997145758338
20.0,3.0902686329782427,0.0,0.13594576208906606
20.0,2.904542950115372,0.0,0.20197654984254582
20.0,2.750292212816599,0.0,0.2408181961537075
20.0,2.6303167071779816,0.0,0.24470234157770712
20.0,2.5416375994417466,0.0,0.22139737299812665
20.0,2.485221387470948,0.0,0.1670190763941216
20.0,2.4739361939255793,0.0,0.0854516177687451
20.0,2.5073576585458794,0.0,0.003884164288131948
20.0,2.5356134197704927,0.0,0.0
20.0,2.5645852002997387,0.0,0.0
20.0,2.585454616418655,0.0,0.0
20.0,2.600640421185178,0.0,0.0
20.0,2.6187129673157243,0.0,0.0
20.0,2.652192470177526,0.0,0.0
20.0,2.689438811944169,0.0,0.0
18.735385402927538,0.0,0.0,0.0
17.845134557862938,0.0,0.0,0.0
17.953432140832685,0.0,0.0,0.0
17.713887650269726,0.0,0.0,0.0
17.66927693177193,0.0,0.0,0.0
17.585514421539163,0.0,0.0,0.0
17.542957471337484,0.0,0.0,0.0
18.75651531719781,2.7438525254334105,0.0,0.0
20.0,3.631546226997113,0.0,0.0815674586253765
20.0,3.3476618507138403,0.0,0.20974488184865195
20.0,3.1888759104065114,0.0,0.20197654984254582
20.0,3.05395341619981,0.0,0.23693402329096994
20.0,2.956940520801921,0.0,0.24470234157770712
20.0,2.8148797235366185,0.0,0.38064811738614207
20.0,2.6951051597853155,0.0,0.5065509398392802
20.0,2.84489685940173,0.0,0.14371408037580322
20.0,2.922968728870902,0.0,0.007768328576263896
20.0,2.9318788070295465,0.0,0.0
20.0,2.917179147099628,0.0,0.0
20.0,2.8859611839916033,0.0,0.0
20.0,2.856633916695468,0.0,0.0
20.0,2.834579638282901,0.0,0.0
20.0,2.839707578486211,0.0,0.0
20.0,2.8556670039234366,0.0,0.0
18.670752861929714,0.0,0.0,0.0
17.76216439066771,0.0,0.0,0.0
17.92383504530315,0.0,0.0,0.0
17.71095963828824,0.0,0.0,0.0
17.685268344269073,0.0,0.0,0.0
17.582998222581875,0.0,0.0,0.0
17.50274750735731,0.0,0.0,0.0
18.72648150732142,2.8279594030861657,0.0,0.0
20.0,3.754132837365153,0.0,0.04272580888437255
20.0,3.4681646322122752,0.0,0.1320615892263285
20.0,3.2367484811384766,0.0,0.19809237697980822
20.0,3.043019212755923,0.0,0.23693402329096994
20.0,2.881459479980072,0.0,0.24470234157770712
20.0,2.7593695679143355,0.0,0.21751320013538916
20.0,2.68864019213292,0.0,0.163134917250753
20.0,2.6661543765513165,0.0,0.0815674586253765
20.0,2.6954519039832263,0.0,0.003884164288131948
20.0,2.7168866278755575,0.0,0.0
20.0,2.7281413823345875,0.0,0.0
20.0,2.713113129736755,0.0,0.0
20.0,2.6525067443512103,0.0,0.0
20.0,2.534380948219049,0.0,0.0
20.0,2.3584445296955203,0.0,0.0
20.0,2.165758311580818,0.0,0.0
19.066484893796893,0.0,0.0,0.0
18.412935228584676,0.0,0.0,0.0
18.435599805515455,0.0,0.0,0.0
18.14529366261412,0.0,0.0,0.0
18.02930141511601,0.0,0.0,0.0
17.948128386491277,0.0,0.0,0.0
17.943599123574792,0.0,0.0,0.0
18.96862796031308,2.2259262877983725,0.0,0.0
20.0,2.927238621321861,0.0,0.07379912661927039
20.0,2.677187509507777,0.0,0.2058607089859144
20.0,2.567500003346431,0.0,0.19809237697980822
20.0,2.4738140757378764,0.0,0.23693402329096994
20.0,2.400813245005888,0.0,0.2408181961537075
20.0,2.3403659754423196,0.0,0.21751320013538916
20.0,2.3024680503051784,0.0,0.163134917250753
20.0,2.3017534173951004,0.0,0.0815674586253765
20.0,2.3677049613086356,0.0,0.007768328576263896
20.0,2.440356460223055,0.0,0.0
20.0,2.5049268858549634,0.0,0.0
20.0,2.5218059996289717,0.0,0.0
20.0,2.5003169295024334,0.0,0.0
20.0,2.4713492528939565,0.0,0.0
20.0,2.465123119924651,0.0,0.0
20.0,2.482500839778012,0.0,0.0
18.84244467117118,0.0,0.0,0.0
18.04793028428841,0.0,0.0,0.0
18.191559622510233,0.0,0.0,0.0
18.01062243911494,0.0,0.0,0.0
17.967056066839934,0.0,0.0,0.0
17.83794016738848,0.0,0.0,0.0
17.72973718100125,0.0,0.0,0.0
18.83430465073077,2.5945309961751386,0.0,0.0
20.0,3.3987624390963496,0.0,0.06991495375653284
20.0,3.065790215630267,0.0,0.20197654984254582
20.0,2.8692513289765174,0.0,0.19420823155580863
20.0,2.703482976030654,0.0,0.23304987786697037
20.0,2.6017292024517196,0.0,0.2408181961537075
20.0,2.507273904852126,0.0,0.3379222982122429
20.0,2.5223482476754726,0.0,0.28354398788886886
20.0,2.6118718236459,0.0,0.1320615892263285
20.0,2.6855875648723386,0.0,0.003884164288131948
20.0,2.6782550431297487,0.0,0.0
20.0,2.666013188289936,0.0,0.0
20.0,2.678664902578126,0.0,0.0
20.0,2.717959503637798,0.0,0.0
20.0,2.7590989135220703,0.0,0.0
20.0,2.7683117563142714,0.0,0.0
20.0,2.7427481801070983,0.0,0.0
18.74270513665206,0.0,0.0,0.0
17.88756698557242,0.0,0.0,0.0
18.031956219086645,0.0,0.0,0.0
17.8080962748082,0.0,0.0,0.0
17.765655144974215,0.0,0.0,0.0
17.666020255867686,0.0,0.0,0.0
17.6021315324357,0.0,0.0,0.0
18.780764516900312,2.6953334366756785,0.0,0.0
20.0,3.5794540869591502,0.0,0.03884164631116172
20.0,3.3158546102064346,0.0,0.12817743008295993
20.0,3.140281186425418,0.0,0.19420823155580863
20.0,3.018460374051889,0.0,0.23304987786697037
20.0,2.9417894601254697,0.0,0.2408181961537075
20.0,2.9072695187145614,0.0,0.21751320013538916
20.0,2.8986649869213093,0.0,0.163134917250753
20.0,2.9164231741024156,0.0,0.0815674586253765
20.0,2.944423383316736,0.0,0.003884164288131948
20.0,2.9429197960873394,0.0,0.0
20.0,2.9399987175677236,0.0,0.0
20.0,2.9387367745204553,0.0,0.0
20.0,2.95006671436342,0.0,0.0
20.0,2.959514557872042,0.0,0.0
20.0,2.941226244743739,0.0,0.0
20.0,2.8963347960817027,0.0,0.0
18.684235722528424,0.0,0.0,0.0
17.807524628102644,0.0,0.0,0.0
17.997514104621963,0.0,0.0,0.0
17.79929568628816,0.0,0.0,0.0
17.77148594553887,0.0,0.0,0.0
17.65625190795474,0.0,0.0,0.0
17.564834166896514,0.0,0.0,0.0
18.754997717240226,2.766115350863571,0.0,0.0
20.0,3.6551983170885713,0.0,0.058262476326427066
20.0,3.3262121481258915,0.0,0.22139737299812665
20.0,3.0865918231716365,0.0,0.3379222982122429
20.0,2.903857890560159,0.0,0.4078372725478292
20.0,2.8018878173899027,0.0,0.37287977166066705
20.0,2.7979930740056203,0.0,0.21362904099202054
20.0,2.776462657000512,0.0,0.163134917250753
20.0,2.7989750734575582,0.0,0.0815674586253765
20.0,2.8606385449344574,0.0,0.003884164288131948
20.0,2.9004080177499096,0.0,0.0
20.0,2.9324699767492226,0.0,0.0
20.0,2.939876971733255,0.0,0.0
20.0,2.9253468213637586,0.0,0.0
20.0,2.901930430025249,0.0,0.0
20.0,2.883402346317517,0.0,0.0
20.0,2.8825958939396594,0.0,0.0
18.658407610752047,0.0,0.0,0.0
17.72477426052653,0.0,0.0,0.0
17.84842097816672,0.0,0.0,0.0
17.582693089733716,0.0,0.0,0.0
17.50478670959846,0.0,0.0,0.0
17.363786252630813,0.0,0.0,0.0
17.256621855107106,0.0,0.0,0.0
18.59698355073327,3.1377990993241593,0.0,0.0
20.0,4.202735416142241,0.0,0.03495747687826642
20.0,3.9452873983881567,0.0,0.12429325722022233
20.0,3.7851562007983417,0.0,0.19032405869307104
20.0,3.671166090302593,0.0,0.22916570500423275
20.0,3.60545615811483,0.0,0.23693402329096994
20.0,3.5812545662107893,0.0,0.21362904099202054
20.0,3.5855708069078536,0.0,0.163134917250753
20.0,3.597330298286235,0.0,0.0815674586253765
20.0,3.576143103682439,0.0,0.003884164288131948
20.0,3.5068243533066643,0.0,0.0
20.0,3.4362061970434703,0.0,0.0
20.0,3.381948433011073,0.0,0.0
20.0,3.3291291447592566,0.0,0.0
20.0,3.2792762396375714,0.0,0.0
20.0,3.2362014075611256,0.0,0.0
20.0,3.193286506249432,0.0,0.0
18.529116525967353,0.0,0.0,0.0
17.513824405357617,0.0,0.0,0.0
17.65872216484444,0.0,0.0,0.0
17.374329752933242,0.0,0.0,0.0
17.30392425306456,0.0,0.0,0.0
17.17460659271507,0.0,0.0,0.0
17.093354142873338,0.0,0.0,0.0
18.522356335743765,3.2750638608889857,0.0,0.0
20.0,4.3618882908773715,0.0,0.03495747687826642
20.0,4.049290698575181,0.0,0.12429325722022233
20.0,3.7430186183457974,0.0,0.33015397992550566
20.0,3.445590196668426,0.0,0.4982993003938652
20.0,3.3153430083620417,0.0,0.42705918728613584
20.0,3.0351828275688604,0.0,0.6218376713247691
20.0,2.764869560108661,0.0,0.9126090380013695
20.0,3.049797777466714,0.0,0.14759825323854078
20.0,3.1425969534549463,0.0,0.003884164288131948
20.0,3.180364475279267,0.0,0.0
20.0,3.218120362761288,0.0,0.0
20.0,3.25897523174604,0.0,0.0
20.0,3.3003149927566278,0.0,0.0
20.0,3.3485302406365776,0.0,0.0
20.0,3.412405639815697,0.0,0.0
20.0,3.475705675104529,0.0,0.0
18.36353720172207,0.0,0.0,0.0
17.233170665858204,0.0,0.0,0.0
17.40955692328655,0.0,0.0,0.0
17.121191782139405,0.0,0.0,0.0
17.04710255506481,0.0,0.0,0.0
16.866243925891343,0.0,0.0,0.0
16.714036640808548,0.0,0.0,0.0
18.31362694699303,3.7861633513799218,0.0,0.0
20.0,4.713754160114072,0.0,0.6644904531453104
20.0,3.8323585621112737,0.0,1.5052282494428657
20.0,3.605219655013425,0.0,0.9682394359588983
20.0,3.5903323857551004,0.0,0.4865734112801882
20.0,3.5010855752456456,0.0,0.36281239768186463
20.0,3.2151458432013733,0.0,0.6136453888921578
20.0,2.8914137617314712,0.0,1.093227161287318
20.0,2.8795628064354566,0.0,1.0111078658273673
20.0,3.3752245080935808,0.0,0.007768328576263896
20.0,3.4863332807674308,0.0,0.0
20.0,3.543576242913469,0.0,0.0
20.0,3.577072867805772,0.0,0.0
20.0,3.6008709123282054,0.0,0.0
20.0,3.616769403665918,0.0,0.0
20.0,3.594432817301373,0.0,0.0
20.0,3.562740227854786,0.0,0.0
18.365518873084696,0.0,0.0,0.0
17.252824895598074,0.0,0.0,0.0
17.43907487978126,0.0,0.0,0.0
17.14883440121062,0.0,0.0,0.0
17.101875216749796,0.0,0.0,0.0
16.986402968321933,0.0,0.0,0.0
16.9143206509412,0.0,0.0,0.0
18.432727355426323,3.49232691570519,0.0,0.0
20.0,4.688643313103911,0.0,0.031073314305055583
20.0,4.414419933818183,0.0,0.12040909807685375
20.0,4.199304697974633,0.0,0.19032405869307104
20.0,4.021655629172569,0.0,0.22916570500423275
20.0,3.8839084618240705,0.0,0.23693402329096994
20.0,3.7912480076912147,0.0,0.21362904099202054
20.0,3.750236443705823,0.0,0.163134917250753
20.0,3.74839984014796,0.0,0.0815674586253765
20.0,3.7567942564101395,0.0,0.003884164288131948
20.0,3.733881895109104,0.0,0.0
20.0,3.71233172768427,0.0,0.0
20.0,3.717084760831834,0.0,0.0
20.0,3.7322032804541876,0.0,0.0
20.0,3.7494316630561015,0.0,0.0
20.0,3.7309826840126172,0.0,0.0
20.0,3.6995235612148907,0.0,0.0
18.298436877471236,0.0,0.0,0.0
17.125374518265364,0.0,0.0,0.0
17.285471164318462,0.0,0.0,0.0
16.942052490950573,0.0,0.0,0.0
16.845627089552718,0.0,0.0,0.0
16.686970625877557,0.0,0.0,0.0
16.592709254906975,0.0,0.0,0.0
18.267846751155897,3.815912377412856,0.0,0.0
20.0,5.049536473178588,0.0,0.05437830003384729
20.0,4.633652412039737,0.0,0.18643988583033352
20.0,4.349651085163107,0.0,0.18643988583033352
20.0,4.088278290928695,0.0,0.22916570500423275
20.0,3.8765530101635757,0.0,0.23693402329096994
20.0,3.725699614113118,0.0,0.21362904099202054
20.0,3.6499381956430197,0.0,0.163134917250753
20.0,3.6201794642265788,0.0,0.0815674586253765
20.0,3.610344238156435,0.0,0.003884164288131948
20.0,3.5790986302362335,0.0,0.0
20.0,3.554838328086027,0.0,0.0
20.0,3.555066497088062,0.0,0.0
20.0,3.561160127967628,0.0,0.0
20.0,3.565212991497667,0.0,0.0
20.0,3.5548501561445947,0.0,0.0
20.0,3.523489330267071,0.0,0.0
18.38798731806809,0.0,0.0,0.0
17.297403095764068,0.0,0.0,0.0
17.49804496453618,0.0,0.0,0.0
17.22053770605022,0.0,0.0,0.0
17.158168985849912,0.0,0.0,0.0
17.00382256838665,0.0,0.0,0.0
16.87899339568501,0.0,0.0,0.0
18.40143129393826,3.5894544329060674,0.0,0.0
20.0,4.544198272472422,0.0,0.566311337972247
20.0,3.7039228447587003,0.0,1.5001661411934812
20.0,3.5012236757667896,0.0,0.9897587002567428
20.0,3.5266225798529196,0.0,0.48535712194329655
20.0,3.4826712962398836,0.0,0.34241139167209456
20.0,3.1650954653742276,0.0,0.662670397704453
20.0,2.799461726943975,0.0,1.2560356740142424
20.0,2.8138575644853296,0.0,1.1630826869355664
20.0,3.4114555907918516,0.0,0.007768328576263896
20.0,3.56174630110912,0.0,0.0
20.0,3.6606307798007602,0.0,0.0
20.0,3.73793643443289,0.0,0.0
20.0,3.8052437707628104,0.0,0.0
20.0,3.8685953729801987,0.0,0.0
20.0,3.9310845066762865,0.0,0.0
20.0,3.999207922161788,0.0,0.0
18.11383260497051,0.0,0.0,0.0
16.780630090407332,0.0,0.0,0.0
16.92419045399391,0.0,0.0,0.0
16.53308544297024,0.0,0.0,0.0
16.40724772744126,0.0,0.0,0.0
16.201797039959065,0.0,0.0,0.0
16.070241786930957,0.04538426097376537,0.0,0.0
18.0,4.541283422166929,0.0,0.0
20.0,5.7229330911077705,0.0,0.6943127204176734
20.0,4.89370668388376,0.0,1.371720137409894
20.0,4.6332824752877375,0.0,0.873436380339821
20.0,4.470141358336089,0.0,0.48575355009408405
20.0,4.281522566712083,0.0,0.3671585901047258
20.0,3.872714731055401,0.0,0.6311694332112003
20.0,3.5118613587478142,0.0,1.0800264337354424
20.0,3.504326107814567,0.0,0.9337548172484895
20.0,3.9800936937805496,0.0,0.007768328576263896
20.0,4.1009966486214235,0.0,0.0
20.0,4.174314844546599,0.0,0.0
20.0,4.209994342856848,0.0,0.0
20.0,4.1996052163732545,0.0,0.0
20.0,4.16884799987085,0.0,0.0
20.0,4.120175856898697,0.0,0.0
20.0,4.06622587754134,0.0,0.0
18.13679955462057,0.0,0.0,0.0
16.859081584300345,0.0,0.0,0.0
17.06075926436743,0.0,0.0,0.0
16.725692011861522,0.0,0.0,0.0
16.67501052519477,0.0,0.0,0.0
16.559155996804243,0.0,0.0,0.0
16.501134859312216,0.0,0.0,0.0
18.229774610528878,3.9154056328870173,0.0,0.0
20.0,5.2313512966018445,0.0,0.027189150016923645
20.0,4.884043438990581,0.0,0.11652493893348519
20.0,4.582192312848476,0.0,0.18643988583033352
20.0,4.3240647871971705,0.0,0.22528153214149527
20.0,4.112188761203652,0.0,0.23693402329096994
20.0,3.9834305109102566,0.0,0.21362904099202054
20.0,3.93871819551773,0.0,0.163134917250753
20.0,3.9465495955702012,0.0,0.0854516177687451
20.0,3.971850833105046,0.0,0.007768328576263896
20.0,3.9535620360171095,0.0,0.0
20.0,3.9105441150261884,0.0,0.0
20.0,3.8632324098766873,0.0,0.0
20.0,3.8157065378415265,0.0,0.0
20.0,3.771234334614524,0.0,0.0
20.0,3.742496572272511,0.0,0.0
20.0,3.717644247043524,0.0,0.0
18.29020459704222,0.0,0.0,0.0
17.135000962347608,0.0,0.0,0.0
17.360211461381823,0.0,0.0,0.0
17.09662643302075,0.0,0.0,0.0
17.07443027921481,0.0,0.0,0.0
16.960774708940676,0.0,0.0,0.0
16.88646360916427,0.0,0.0,0.0
18.41890784249409,3.4874670737720104,0.0,0.0
20.0,4.636437261120259,0.0,0.027189150016923645
20.0,4.297262942045603,0.0,0.11652493893348519
20.0,4.045835734911346,0.0,0.18643988583033352
20.0,3.840868785554566,0.0,0.22528153214149527
20.0,3.6795381999558594,0.0,0.23693402329096994
20.0,3.569465895758468,0.0,0.21362904099202054
20.0,3.501900870199954,0.0,0.163134917250753
20.0,3.470791467078266,0.0,0.0854516177687451
20.0,3.473214155933585,0.0,0.007768328576263896
20.0,3.4549434842909332,0.0,0.0
20.0,3.4303948992786575,0.0,0.0
20.0,3.402149400229884,0.0,0.0
20.0,3.3591720322828125,0.0,0.0
20.0,3.313502613776315,0.0,0.0
20.0,3.274148347211376,0.0,0.0
20.0,3.241466702693797,0.0,0.0
18.51082859145461,0.0,0.0,0.0
17.489391446036244,0.0,0.0,0.0
17.654004484851928,0.0,0.0,0.0
17.394880822022323,0.0,0.0,0.0
17.35870904206076,0.0,0.0,0.0
17.27060029084548,0.0,0.0,0.0
17.232717498395502,0.0,0.0,0.0
18.601387057858755,3.0776400885312616,0.0,0.0
20.0,4.080169990223213,0.0,0.02718915173184476
20.0,3.7641178766209324,0.0,0.11652493893348519
20.0,3.5152827345760786,0.0,0.18643988583033352
20.0,3.308654133583946,0.0,0.22528153214149527
20.0,3.146690862184138,0.0,0.23693402329096994
20.0,3.032114949919374,0.0,0.21362904099202054
20.0,2.9674758630002014,0.0,0.163134917250753
20.0,2.9570715059943824,0.0,0.0854516177687451
20.0,2.985763028303578,0.0,0.007768328576263896
20.0,3.007372641281545,0.0,0.0
20.0,3.02353867721051,0.0,0.0
20.0,3.0165970583674144,0.0,0.0
20.0,2.9865367145882917,0.0,0.0
20.0,2.955020378857185,0.0,0.0
20.0,2.9307060905037847,0.0,0.0
20.0,2.930012936641239,0.0,0.0
18.640624805174422,0.0,0.0,0.0
17.70290457631694,0.0,0.0,0.0
17.855928471695872,0.0,0.0,0.0
17.633454349942006,0.0,0.0,0.0
17.6067555237558,0.0,0.0,0.0
17.51715354713993,0.0,0.0,0.0
17.463720392518532,0.0,0.0,0.0
18.71351671974575,2.8305768401447047,0.0,0.0
20.0,3.7501140918154934,0.0,0.027189150016923645
20.0,3.4757727043998763,0.0,0.11652493893348519
20.0,3.299175992699909,0.0,0.18255574040633388
20.0,3.1674670978624553,0.0,0.22528153214149527
20.0,3.0622820466051617,0.0,0.23693402329096994
20.0,2.9538131675436547,0.0,0.21362904099202054
20.0,2.8663052476464346,0.0,0.163134917250753
20.0,2.8137075667383193,0.0,0.0854516177687451
20.0,2.817666274779331,0.0,0.011652492864395845
20.0,2.8409889525596776,0.0,0.0
20.0,2.873304924026646,0.0,0.0
20.0,2.902366506471711,0.0,0.0
20.0,2.8987455637822697,0.0,0.0
20.0,2.889975303740834,0.0,0.0
20.0,2.880384844832855,0.0,0.0
20.0,2.8691614730218697,0.0,0.0
18.67972984253013,0.0,0.0,0.0
17.782682911313334,0.0,0.0,0.0
17.946170175171062,0.0,0.0,0.0
17.73552316626515,0.0,0.0,0.0
17.712684779058172,0.0,0.0,0.0
17.6223853394543,0.0,0.0,0.0
17.564742722240716,0.0,0.0,0.0
18.762736101967295,2.749071400554805,0.0,0.0
20.0,3.660691097522172,0.0,0.050494144320320934
20.0,3.3872365180800585,0.0,0.17867156754359637
20.0,3.229574779353829,0.0,0.18255574040633388
20.0,3.075826028511025,0.0,0.22528153214149527
20.0,2.940651634703455,0.0,0.23693402329096994
20.0,2.8383704085545953,0.0,0.21362904099202054
20.0,2.7676210869803857,0.0,0.163134917250753
20.0,2.7417249720283063,0.0,0.08933578377179818
20.0,2.786115609302659,0.0,0.007768328576263896
20.0,2.812445309189053,0.0,0.0
20.0,2.8266790726653803,0.0,0.0
20.0,2.807488128475743,0.0,0.0
20.0,2.7440713026294947,0.0,0.0
20.0,2.671677066513512,0.0,0.0
20.0,2.60496388624782,0.0,0.0
20.0,2.566549234590065,0.0,0.0
18.813088333161378,0.0,0.0,0.0
17.985136532314563,0.0,0.0,0.0
18.083177551236947,0.0,0.0,0.0
17.82710328956021,0.0,0.0,0.0
17.733850458023177,0.0,0.0,0.0
17.593287858601606,0.0,0.0,0.0
17.504967214811632,0.0,0.0,0.0
18.729555876756756,2.7825964298028785,0.0,0.0
20.0,3.628112116849152,0.0,0.050494137460636454
20.0,3.240590358897971,0.0,0.20197654984254582
20.0,3.022000277071727,0.0,0.18255574040633388
20.0,2.867387741775221,0.0,0.22528153214149527
20.0,2.684350946991771,0.0,0.36899565367540543
20.0,2.534251001082658,0.0,0.40395309968509163
20.0,2.0695583740075705,0.0,0.9945072233422249
20.0,2.111883779242934,0.0,0.6585197525533392
20.0,2.437111645270852,0.0,0.011652492864395845
20.0,2.5798663244518445,0.0,0.0
20.0,2.6973662734962107,0.0,0.0
20.0,2.787116416879265,0.0,0.0
20.0,2.810492546854997,0.0,0.0
20.0,2.805111031984246,0.0,0.0
20.0,2.7845684138703573,0.0,0.0
20.0,2.7635075704617256,0.0,0.0
18.720763786616164,0.0,0.0,0.0
17.81857788810867,0.0,0.0,0.0
17.907086520915886,0.0,0.0,0.0
17.622000427704155,0.0,0.0,0.0
17.52652003190582,0.0,0.0,0.0
17.396522883787124,0.0,0.0,0.0
17.32249604998467,0.0,0.0,0.0
18.639765189822594,2.990699799225072,0.0,0.0
20.0,3.954364908427168,0.0,0.04272580888437255
20.0,3.6006257443578695,0.0,0.20197654984254582
20.0,3.387220159367983,0.0,0.18255574040633388
20.0,3.1943303591633754,0.0,0.22528153214149527
20.0,3.0479027631971256,0.0,0.23693402329096994
20.0,2.8948010664662593,0.0,0.3379222982122429
20.0,2.846380021299224,0.0,0.29131233361434394
20.0,2.8771339538616707,0.0,0.13982990751306568
20.0,2.9151735920865436,0.0,0.011652492864395845
20.0,2.9043980058686265,0.0,0.0
20.0,2.8838645965577596,0.0,0.0
20.0,2.874727804491494,0.0,0.0
20.0,2.8880298403321327,0.0,0.0
20.0,2.9053071031296795,0.0,0.0
20.0,2.9069949053362425,0.0,0.0
20.0,2.8913516512963784,0.0,0.0
18.667907149446144,0.0,0.0,0.0
17.756212988472036,0.0,0.0,0.0
17.90294105764442,0.0,0.0,0.0
17.66014938621777,0.0,0.0,0.0
17.60641810330006,0.0,0.0,0.0
17.490441435045458,0.0,0.0,0.0
17.406794104024996,0.0,0.0,0.0
18.677256604680355,2.9636673946572896,0.0,0.0
20.0,3.9732744635400654,0.0,0.03495747687826642
20.0,2.9625144016687326,0.0,1.5491873802302087
20.0,3.0008940387400154,0.0,0.7312121797178189
20.0,2.9173085459720296,0.0,0.575308054623919
20.0,2.892843393382031,0.0,0.4117214179718288
20.0,2.9012600875287817,0.0,0.21751320013538916
20.0,2.8930565887504054,0.0,0.1670190763941216
20.0,2.9057080341939097,0.0,0.08933578377179818
20.0,2.907697351308743,0.0,0.015536657152527791
20.0,2.8601782467020125,0.0,0.0
20.0,2.8010415102401907,0.0,0.0
20.0,2.751107038775622,0.0,0.0
20.0,2.729001271214147,0.0,0.0
20.0,2.7253902621245487,0.0,0.0
20.0,2.731664368738913,0.0,0.0
20.0,2.7384734470354144,0.0,0.0
18.73129591670142,0.0,0.0,0.0
17.865910245064683,0.0,0.0,0.0
18.025009671756813,0.0,0.0,0.0
17.82544952998589,0.0,0.0,0.0
17.80244125686727,0.0,0.0,0.0
17.71582369600857,0.0,0.0,0.0
17.660715796612124,0.0,0.0,0.0
18.812279170878483,2.6116819480091444,0.0,0.0
20.0,3.446486411547044,0.0,0.02330498572879169
20.0,3.138899890598178,0.0,0.11264076607074763
20.0,2.900931998158614,0.0,0.18255574040633388
20.0,2.719771841978703,0.0,0.22528153214149527
20.0,2.5902966310063573,0.0,0.23693402329096994
20.0,2.5462148464247325,0.0,0.21751320013538916
20.0,2.5629968541474955,0.0,0.1670190763941216
20.0,2.611364107233393,0.0,0.09321994291516676
20.0,2.673246055866524,0.0,0.011652492864395845
20.0,2.6930451598291985,0.0,0.0
20.0,2.7018773504940325,0.0,0.0
20.0,2.709151186179143,0.0,0.0
20.0,2.720907977452856,0.0,0.0
20.0,2.736841155266326,0.0,0.0
20.0,2.740173860292125,0.0,0.0
20.0,2.741752449224756,0.0,0.0
18.730818632036367,0.0,0.0,0.0
17.865058034497718,0.0,0.0,0.0
18.01791850974955,0.0,0.0,0.0
17.823588075878682,0.0,0.0,0.0
17.84903014350948,0.0,0.0,0.0
17.85490508555658,0.0,0.0,0.0
17.910251672541207,0.0,0.0,0.0
18.964467761903624,2.212256621569484,0.0,0.0
20.0,2.9091658529529782,0.0,0.02330498572879169
20.0,2.685040170684458,0.0,0.11264076607074763
20.0,2.5693819716317052,0.0,0.18255574040633388
20.0,2.516100988239826,0.0,0.22528153214149527
20.0,2.50049449201497,0.0,0.2408181961537075
20.0,2.4200431397140347,0.0,0.38064811738614207
20.0,2.421273973294891,0.0,0.318501488776031
20.0,2.4813649378605542,0.0,0.18255574040633388
20.0,2.579551043140867,0.0,0.01942082315558086
20.0,2.6221540866941844,0.0,0.0
20.0,2.6449732890798865,0.0,0.0
20.0,2.6319439510545637,0.0,0.0
20.0,2.5991991663439777,0.0,0.0
20.0,2.568961326791565,0.0,0.0
20.0,2.598148129344869,0.0,0.0
20.0,2.6605547142776613,0.0,0.0
18.737709189222194,0.0,0.0,0.0
17.858313245576856,0.0,0.0,0.0
18.00231546310208,0.0,0.0,0.0
17.810598902260246,0.0,0.0,0.0
17.795896794436416,0.0,0.0,0.0
17.711766041971536,0.0,0.0,0.0
17.64826646311958,0.0,0.0,0.0
18.80350972007163,2.6516207760577286,0.0,0.0
20.0,3.5358274462242845,0.0,0.02330498572879169
20.0,3.2845953119334443,0.0,0.11264076607074763
20.0,3.098711602297933,0.0,0.18643988583033352
20.0,2.9472756486079823,0.0,0.22916570500423275
20.0,2.807642397499164,0.0,0.2408181961537075
20.0,2.6600700775850177,0.0,0.22139737299812665
20.0,2.524948074908817,0.0,0.1709032355374902
20.0,2.416080488904586,0.0,0.09710411577790432
20.0,2.3526160712967896,0.0,0.011652492864395845
20.0,2.3068707038788205,0.0,0.0
20.0,2.2719754764168707,0.0,0.0
20.0,2.243464113733757,0.0,0.0
20.0,2.214509404875223,0.0,0.0
20.0,2.169690888750354,0.0,0.0
20.0,2.100071712728467,0.0,0.0
20.0,2.025435214727129,0.0,0.0
19.08472882646113,0.0,0.0,0.0
18.431842771668098,0.0,0.0,0.0
18.455536105655096,0.0,0.0,0.0
18.189757307585893,0.0,0.0,0.0
18.063550785958654,0.0,0.0,0.0
17.938088530099556,0.0,0.0,0.0
17.88150172545396,0.0,0.0,0.0
18.925628834175292,2.35243401775848,0.0,0.0
20.0,3.0857860869280964,0.0,0.04660997145758338
20.0,2.787027988828146,0.0,0.17867156754359637
20.0,2.6380803757458002,0.0,0.18643988583033352
20.0,2.5314162133750266,0.0,0.22916570500423275
20.0,2.464533199467025,0.0,0.2408181961537075
20.0,2.3646874262031714,0.0,0.345690643937718
20.0,2.3441749664506317,0.0,0.29908065190108113
20.0,2.406197978895466,0.0,0.15148241238190935
20.0,2.496184977329208,0.0,0.01942082315558086
20.0,2.5443059967893995,0.0,0.0
20.0,2.5749075375435737,0.0,0.0
20.0,2.5859135062272496,0.0,0.0
20.0,2.572101060496643,0.0,0.0
20.0,2.558081491375245,0.0,0.0
20.0,2.5664234356918803,0.0,0.0
20.0,2.5979524866931265,0.0,0.0
