Tzone_luft,Q_heiz,Q_kuehl,Q_soltr
°C,kWh,kWh,kWh
20.0,1.981046948286643,0.0,0.0
20.0,2.126345701652891,0.0,0.0
20.0,2.2682930642435934,0.0,0.0
20.0,2.443590334802809,0.0,0.0
20.0,2.6468735442147184,0.0,0.0
20.0,2.885327230519098,0.0,0.0
20.0,3.127315896570823,0.0,0.0
20.0,3.359052702112151,0.0,0.0
20.0,3.5521702165967386,0.0,0.11035399464202564
20.0,3.5716504694383913,0.0,0.606946931552691
20.0,3.606797773794687,0.0,0.8276549208367423
20.0,3.7320407851352178,0.0,0.6510885450008812
20.0,3.8226585281600514,0.0,0.684194735597799
20.0,3.9645744566293035,0.0,0.6400531221496087
20.0,4.158029854491946,0.0,0.49659297588911533
20.0,4.3942725231055935,0.0,0.2758849866050641
20.0,4.646828994183614,0.0,0.03310619546922395
20.0,4.82312859900181,0.0,0.0
20.0,4.945400982965002,0.0,0.0
20.0,5.016029320206653,0.0,0.0
20.0,5.067201361493344,0.0,0.0
20.0,5.114035480734262,0.0,0.0
20.0,5.192601382241289,0.0,0.0
20.0,5.317888690948449,0.0,0.0
20.0,5.4458790321382065,0.0,0.0
20.0,5.550113391370154,0.0,0.0
20.0,5.628105772910228,0.0,0.0
20.0,5.700024661464591,0.0,0.0
20.0,5.7692465746862585,0.0,0.0
20.0,5.8388803381820376,0.0,0.0
20.0,5.928403165179164,0.0,0.0
20.0,6.039019917900133,0.0,0.0
20.0,6.133726517966861,0.0,0.0662123909384479
20.0,6.1572112685978375,0.0,0.3310619839260769
20.0,6.145107003123356,0.0,0.5296991275075832
20.0,6.1131456454838276,0.0,0.6510885450008812
20.0,6.091350117795899,0.0,0.6952300804921716
20.0,6.099582461219211,0.0,0.6400531221496087
20.0,6.141255254528554,0.0,0.49659297588911533
20.0,6.217356672848513,0.0,0.2869203704778867
20.0,6.336375681033831,0.0,0.04414159395896526
20.0,6.415382159095016,0.0,0.0
20.0,6.472432751445077,0.0,0.0
20.0,6.524539092829663,0.0,0.0
20.0,6.58773901851931,0.0,0.0
20.0,6.658674858125046,0.0,0.0
20.0,6.748776053664446,0.0,0.0
20.0,6.862899184386172,0.0,0.0
20.0,6.983333144083719,0.0,0.0
20.0,7.104269436754128,0.0,0.0
20.0,7.2062453539199725,0.0,0.0
20.0,7.289932013300632,0.0,0.0
20.0,7.383662851660685,0.0,0.0
20.0,7.504177035969786,0.0,0.0
20.0,7.6271105120115115,0.0,0.0
20.0,7.740369043554641,0.0,0.0
20.0,7.564042326896241,0.0,0.87723629161753
20.0,6.400341766616783,0.0,4.627753108877981
20.0,6.242942032038854,0.0,3.3577989587494184
20.0,6.417436931544717,0.0,1.843449184753367
20.0,6.621694955095898,0.0,0.984694172083103
20.0,6.284834263710023,0.0,1.955364586099071
20.0,5.666581152541144,0.0,3.8201282896357918
20.0,5.457470904315245,0.0,3.7890428576010073
20.0,6.429171179455256,0.0,0.0662123909384479
20.0,6.690110933623623,0.0,0.0
20.0,6.8300940820886735,0.0,0.0
20.0,6.931051846163657,0.0,0.0
20.0,7.038950070227066,0.0,0.0
20.0,7.1550838597428,0.0,0.0
20.0,7.296111784257187,0.0,0.0
20.0,7.443611882257197,0.0,0.0
20.0,7.593778272201881,0.0,0.0
20.0,7.736189184397728,0.0,0.0
20.0,7.843124777477626,0.0,0.0
20.0,7.952416483001814,0.0,0.0
20.0,8.064099376810724,0.0,0.0
20.0,8.184294232965524,0.0,0.0
20.0,8.306169986272467,0.0,0.0
20.0,8.42267657943643,0.0,0.0
20.0,8.043455780398661,0.0,1.646676854543755
20.0,7.124917250176052,0.0,4.321170894072544
20.0,6.945609815817393,0.0,3.480813605438473
20.0,7.269629334794339,0.0,1.548952092721991
20.0,7.450630544076573,0.0,0.9238040923453245
20.0,7.091371917917786,0.0,1.8476615908905034
20.0,6.378049024661288,0.0,3.8382596627478485
20.0,5.986255467756984,0.0,4.1908248518227555
20.0,6.635967187844597,0.0,1.3209100712543296
20.0,7.184045664138094,0.0,0.0
20.0,7.4369309688568235,0.0,0.0
20.0,7.649924947226334,0.0,0.0
20.0,7.837292291986846,0.0,0.0
20.0,8.010647194830048,0.0,0.0
20.0,8.138193691633658,0.0,0.0
20.0,8.249524516384488,0.0,0.0
20.0,8.361623886207761,0.0,0.0
20.0,8.515490845498295,0.0,0.0
20.0,8.693097527108169,0.0,0.0
20.0,8.859668670009931,0.0,0.0
20.0,8.961988161726639,0.0,0.0
20.0,8.996354152613446,0.0,0.0
20.0,9.011409341588717,0.0,0.0
20.0,9.041344919985882,0.0,0.0
20.0,9.052902033836759,0.0,0.1876017791979086
20.0,8.682964002281773,0.0,1.4034628868331254
20.0,8.560829225447176,0.0,1.4665357335776634
20.0,8.482976516749243,0.0,1.3837415674407845
20.0,8.518008763656656,0.0,1.1462532627309963
20.0,8.307097512988936,0.0,1.5942485148000787
20.0,8.180838303482572,0.0,1.810020679048347
20.0,8.404913522752055,0.0,0.7945486522829246
20.0,8.668255315987981,0.0,0.12138938825946072
20.0,8.782054507653543,0.0,0.0
20.0,8.84891343564264,0.0,0.0
20.0,8.931065973874492,0.0,0.0
20.0,9.03541527379204,0.0,0.0
20.0,9.138179657058354,0.0,0.0
20.0,9.207875220540792,0.0,0.0
20.0,9.257682197064632,0.0,0.0
20.0,9.291664570604285,0.0,0.0
20.0,9.32694822274542,0.0,0.0
20.0,9.366290494781246,0.0,0.0
20.0,9.39938251688457,0.0,0.0
20.0,9.41694032399747,0.0,0.0
20.0,9.404929297460347,0.0,0.0
20.0,9.379596565984166,0.0,0.0
20.0,9.34490347986062,0.0,0.0
20.0,9.265449107449077,0.0,0.07724779430049544
20.0,9.107918882828033,0.0,0.3310619839260769
20.0,8.89909427097482,0.0,0.5407345503588555
20.0,8.712197417473257,0.0,0.6621239678521538
20.0,8.5536742448523,0.0,0.7062655033434442
20.0,8.459639740716682,0.0,0.6621239678521538
20.0,8.44312171380477,0.0,0.5186637826132106
20.0,8.459715602937349,0.0,0.3089911577127568
20.0,8.467085404834927,0.0,0.05517699732101282
20.0,8.40764731213262,0.0,0.0
20.0,8.324742414276212,0.0,0.0
20.0,8.255821285290496,0.0,0.0
20.0,8.232430449573439,0.0,0.0
20.0,8.214626025632347,0.0,0.0
20.0,8.184114183296996,0.0,0.0
20.0,8.13799511457309,0.0,0.0
20.0,8.08717595939703,0.0,0.0
20.0,8.047033472823491,0.0,0.0
20.0,8.013110444593671,0.0,0.0
20.0,7.9806553214913585,0.0,0.0
20.0,7.949732521437634,0.0,0.0
20.0,7.926761799934667,0.0,0.0
20.0,7.905728870058688,0.0,0.0
20.0,7.880074994884659,0.0,0.0
20.0,7.8337618007551875,0.0,0.0772477894281892
20.0,7.7223098440088584,0.0,0.3310619839260769
20.0,7.483275486385593,0.0,0.8497256885823874
20.0,7.290634567124919,0.0,1.0483629880776937
20.0,7.249749401878491,0.0,0.7173009261947166
20.0,7.075962719015653,0.0,1.0373275652264211
20.0,7.0324230710323405,0.0,0.9159381477331229
20.0,7.089064212565362,0.0,0.5517699732101282
20.0,7.210683039713396,0.0,0.09931858153536557
20.0,7.268382714685115,0.0,0.0
20.0,7.280336336951627,0.0,0.0
20.0,7.233972459382631,0.0,0.0
20.0,7.175580464695522,0.0,0.0
20.0,7.114865076612356,0.0,0.0
20.0,7.0760961164437886,0.0,0.0
20.0,7.075176219772984,0.0,0.0
20.0,7.0752846840269115,0.0,0.0
20.0,7.065440014917791,0.0,0.0
20.0,7.029452628461351,0.0,0.0
20.0,6.984839365073235,0.0,0.0
20.0,6.93985364812297,0.0,0.0
20.0,6.894119351392639,0.0,0.0
20.0,6.848893803433578,0.0,0.0
20.0,6.831765647585408,0.0,0.0
20.0,6.80089372647703,0.0,0.0772477894281892
20.0,6.707559149144508,0.0,0.3420973677988995
20.0,6.492432153371814,0.0,0.8497256885823874
20.0,6.278300482114226,0.0,1.1807876725084643
20.0,6.125618676987741,0.0,1.2470000537022998
20.0,6.0449159649262105,0.0,1.1587169047628192
20.0,6.070287070682647,0.0,0.8276549208367423
20.0,6.181107295952921,0.0,0.32002656107480437
20.0,6.236094236720891,0.0,0.05517699732101282
20.0,6.21000565104446,0.0,0.0
20.0,6.165665500887795,0.0,0.0
20.0,6.188471662149127,0.0,0.0
20.0,6.240165265821795,0.0,0.0
20.0,6.293473520052324,0.0,0.0
20.0,6.3034539592375385,0.0,0.0
20.0,6.250055921917463,0.0,0.0
20.0,6.182675465837948,0.0,0.0
20.0,6.120880371318401,0.0,0.0
20.0,6.103019277674595,0.0,0.0
20.0,6.1205697299199695,0.0,0.0
20.0,6.146813100690407,0.0,0.0
20.0,6.175081433636829,0.0,0.0
20.0,6.201978758794526,0.0,0.0
20.0,6.219231011682924,0.0,0.0
20.0,6.171977010555784,0.0,0.14346018523894336
20.0,6.029847972633232,0.0,0.5407345503588555
20.0,5.9596923174492655,0.0,0.5517699732101282
20.0,5.849189564652746,0.0,0.684194735597799
20.0,5.763180765347755,0.0,0.7173009261947166
20.0,5.7081448835058595,0.0,0.6731593127465263
20.0,5.6905983911690665,0.0,0.5407345503588555
20.0,5.724346767406694,0.0,0.3310619839260769
20.0,5.807219292287619,0.0,0.0662123909384479
20.0,5.858233705286904,0.0,0.0
20.0,5.8764348812201455,0.0,0.0
20.0,5.8829337377934765,0.0,0.0
20.0,5.880330612394974,0.0,0.0
20.0,5.8723300164343115,0.0,0.0
20.0,5.878331793455008,0.0,0.0
20.0,5.898787312148513,0.0,0.0
20.0,5.920832095292401,0.0,0.0
20.0,5.926024187733758,0.0,0.0
20.0,5.927626350365883,0.0,0.0
20.0,5.923181309199983,0.0,0.0
20.0,5.9187761246153725,0.0,0.0
20.0,5.920733732350264,0.0,0.0
20.0,5.9194074341219265,0.0,0.0
20.0,5.898166026500176,0.0,0.0
20.0,5.850004629548001,0.0,0.0772477894281892
20.0,5.733439166262753,0.0,0.3420973677988995
20.0,5.596322383181905,0.0,0.5517699732101282
20.0,5.461672281830268,0.0,0.684194735597799
20.0,5.350581432884395,0.0,0.7283363490459894
20.0,5.290659286814083,0.0,0.684194735597799
20.0,5.2791407438315945,0.0,0.5407345503588555
20.0,5.31925126001449,0.0,0.3310619839260769
20.0,5.398224676574253,0.0,0.0662123909384479
20.0,5.44052323917788,0.0,0.0
20.0,5.464625074217345,0.0,0.0
20.0,5.498917353527229,0.0,0.0
20.0,5.547827816792018,0.0,0.0
20.0,5.603265916513321,0.0,0.0
20.0,5.654285530876012,0.0,0.0
20.0,5.701336780317392,0.0,0.0
20.0,5.755922154969029,0.0,0.0
20.0,5.8338689289730725,0.0,0.0
20.0,5.919847126611446,0.0,0.0
20.0,6.002192672470757,0.0,0.0
20.0,6.018639282851339,0.0,0.0
20.0,6.00019927189117,0.0,0.0
20.0,5.976835770425855,0.0,0.0
20.0,5.966839607800939,0.0,0.0
20.0,5.969223171163103,0.0,0.14346018523894336
20.0,5.880738387097574,0.0,0.5517699732101282
20.0,5.840332974736003,0.0,0.5628053181045007
20.0,5.746626022873501,0.0,0.6952300804921716
20.0,5.670106841328517,0.0,0.7283363490459894
20.0,5.630767793756498,0.0,0.684194735597799
20.0,5.664856973186009,0.0,0.5517699732101282
20.0,5.769208873120134,0.0,0.3420973677988995
20.0,5.93440245675333,0.0,0.0772477894281892
20.0,6.0893982583453665,0.0,0.0
20.0,6.224410978872183,0.0,0.0
20.0,6.337964461045711,0.0,0.0
20.0,6.429254495370996,0.0,0.0
20.0,6.48612751872535,0.0,0.0
20.0,6.5177114483609895,0.0,0.0
20.0,6.529025800141673,0.0,0.0
20.0,6.548440615515096,0.0,0.0
20.0,6.635653117522064,0.0,0.0
20.0,6.780152507864122,0.0,0.0
20.0,6.934792888251266,0.0,0.0
20.0,7.078138863950257,0.0,0.0
20.0,7.187902862753318,0.0,0.0
20.0,7.277142349022017,0.0,0.0
20.0,7.3593986707489325,0.0,0.0
20.0,7.379469875213416,0.0,0.1544955788563784
20.0,7.2534302594674545,0.0,0.6731593127465263
20.0,7.097998506687775,0.0,0.9931859517782307
20.0,6.630098905066043,0.0,2.1828692712422533
20.0,6.750088852174077,0.0,1.1771672371367625
20.0,6.516931907058509,0.0,1.6748289520145185
20.0,5.92709325965481,0.0,3.4074147605994005
20.0,6.527138862597939,0.0,0.6621239678521538
20.0,6.892710924855047,0.0,0.1544955788563784
20.0,7.14256592426664,0.0,0.0
20.0,7.337275680970366,0.0,0.0
20.0,7.525832566455073,0.0,0.0
20.0,7.7140102691781145,0.0,0.0
20.0,7.887834471972205,0.0,0.0
20.0,8.046898341665235,0.0,0.0
20.0,8.204133201548013,0.0,0.0
20.0,8.35381535965439,0.0,0.0
20.0,8.485099030723392,0.0,0.0
20.0,8.62018429468896,0.0,0.0
20.0,8.759787311196318,0.0,0.0
20.0,8.917718174425188,0.0,0.0
20.0,9.077223512110656,0.0,0.0
20.0,9.214123769834437,0.0,0.0
20.0,9.293963187265293,0.0,0.0
20.0,9.257779653317765,0.0,0.14346018523894336
20.0,9.015498455825655,0.0,0.684194735597799
20.0,8.822377334978205,0.0,1.0042213746295034
20.0,8.642395553190022,0.0,1.224929207999755
20.0,8.524501448013025,0.0,1.1697522496571922
20.0,8.531418875279464,0.0,0.6952300804921716
20.0,8.480655167913186,0.0,0.5628053181045007
20.0,8.469474069010337,0.0,0.3531327516717221
20.0,8.53268873330222,0.0,0.08828318791793052
20.0,8.592656586624935,0.0,0.0
20.0,8.650335453810403,0.0,0.0
20.0,8.708152163050059,0.0,0.0
20.0,8.759361006826875,0.0,0.0
20.0,8.79743367002631,0.0,0.0
20.0,8.817609906873702,0.0,0.0
20.0,8.815242116349367,0.0,0.0
20.0,8.80965718361478,0.0,0.0
20.0,8.802988540893024,0.0,0.0
20.0,8.80306985169628,0.0,0.0
20.0,8.809591447706973,0.0,0.0
20.0,8.821143337194169,0.0,0.0
20.0,8.832625238199551,0.0,0.0
20.0,8.837599972052056,0.0,0.0
20.0,8.83343281231633,0.0,0.0
20.0,8.778437195386925,0.0,0.08828319766254303
20.0,8.641050284435922,0.0,0.3641681745229947
20.0,8.473237880463607,0.0,0.5738407409557734
20.0,8.300709866424537,0.0,0.7062655033434442
20.0,8.128868303411549,0.0,0.7504071167916344
20.0,7.9762059605639335,0.0,0.7062655033434442
20.0,7.8517900179663815,0.0,0.5738407409557734
20.0,7.748893625952438,0.0,0.3641681745229947
20.0,7.6456728308908755,0.0,0.08828318791793052
20.0,7.497010616516337,0.0,0.0
20.0,7.315771442586492,0.0,0.0
20.0,7.163077927548058,0.0,0.0
20.0,7.032654637496906,0.0,0.0
20.0,6.945347265064944,0.0,0.0
20.0,6.8734607120425295,0.0,0.0
20.0,6.8062138801449565,0.0,0.0
20.0,6.758155549479941,0.0,0.0
20.0,6.729870101356088,0.0,0.0
20.0,6.704978063756353,0.0,0.0
20.0,6.681471548491317,0.0,0.0
20.0,6.661874169135529,0.0,0.0
20.0,6.629546818743806,0.0,0.0
20.0,6.5993949037843,0.0,0.0
20.0,6.5740009827978225,0.0,0.0
20.0,6.50511094511772,0.0,0.1655309724738135
20.0,6.312069627578458,0.0,0.6731592347896266
20.0,6.060565579960732,0.0,1.0814689448039114
20.0,5.828465725442576,0.0,1.2580352426828725
20.0,5.671939054137474,0.0,1.191822939445937
20.0,5.69489326400532,0.0,0.7173008482378168
20.0,5.726077083576585,0.0,0.5848760858501458
20.0,5.819185535481447,0.0,0.36416809656609467
20.0,5.947462698455096,0.0,0.09931857179075308
20.0,6.038114460946963,0.0,0.0
20.0,6.0415327241884205,0.0,0.0
20.0,5.906440086705754,0.0,0.0
20.0,5.666654842343277,0.0,0.0
20.0,5.411621840636096,0.0,0.0
20.0,5.226807350993581,0.0,0.0
20.0,5.149102368655739,0.0,0.0
20.0,5.135840075055571,0.0,0.0
20.0,5.148235194675363,0.0,0.0
20.0,5.174538727963809,0.0,0.0
20.0,5.224203675400552,0.0,0.0
20.0,5.324763311198734,0.0,0.0
20.0,5.447671299992976,0.0,0.0
20.0,5.5681713715310055,0.0,0.0
20.0,5.650754187434569,0.0,0.0
20.0,5.609632228587604,0.0,0.19863716307073115
20.0,5.447681316972529,0.0,0.6510885450008812
20.0,5.378178132681108,0.0,0.5848761248285961
20.0,5.270448071541371,0.0,0.7173009261947166
20.0,5.182750652162826,0.0,0.7614425396429071
20.0,5.169344959884976,0.0,0.7173009261947166
20.0,5.201514334111659,0.0,0.5848761248285961
20.0,5.265515145415249,0.0,0.3752035583958172
20.0,5.317544612019176,0.0,0.09931858153536557
20.0,5.325000843940918,0.0,0.0
20.0,5.312433093267601,0.0,0.0
20.0,5.373172314282815,0.0,0.0
20.0,5.511498719415823,0.0,0.0
20.0,5.678139496325772,0.0,0.0
20.0,5.847131611976171,0.0,0.0
20.0,5.959637229479203,0.0,0.0
20.0,6.06394972971077,0.0,0.0
20.0,6.171047024960983,0.0,0.0
20.0,6.268893384720221,0.0,0.0
20.0,6.353026976418154,0.0,0.0
20.0,6.411830121939298,0.0,0.0
20.0,6.44092535627777,0.0,0.0
20.0,6.463663266332207,0.0,0.0
20.0,6.49511852381683,0.0,0.0
20.0,6.5152113504470694,0.0,0.09931858153536557
20.0,6.492380965128404,0.0,0.3752035583958172
20.0,6.376557903093756,0.0,0.9269735705843953
20.0,6.268374561242477,0.0,1.2690708994048447
20.0,6.2420023795732975,0.0,1.213893863105382
20.0,6.335917994268602,0.0,0.7283363490459894
20.0,6.337328106194367,0.0,0.5959115476798684
20.0,6.3427755831735055,0.0,0.3862389812470897
20.0,6.351402936176464,0.0,0.17656637583586104
20.0,6.361573629588238,0.0,0.0
20.0,6.360454299473519,0.0,0.0
20.0,6.4017141798380095,0.0,0.0
20.0,6.473660831311499,0.0,0.0
20.0,6.542791071534399,0.0,0.0
20.0,6.5737368322380965,0.0,0.0
20.0,6.5381189327191125,0.0,0.0
20.0,6.487748610254776,0.0,0.0
20.0,6.453068867645108,0.0,0.0
20.0,6.443829531691153,0.0,0.0
20.0,6.457174143624272,0.0,0.0
20.0,6.499955244536339,0.0,0.0
20.0,6.5476137225379185,0.0,0.0
20.0,6.58755126973264,0.0,0.0
20.0,6.594088071065974,0.0,0.0
20.0,6.533646958803963,0.0,0.11035399464202564
20.0,6.40327643202279,0.0,0.3862389812470897
20.0,6.268795780776611,0.0,0.5959115476798684
20.0,6.173327597245823,0.0,0.7283363490459894
20.0,6.1194448803841075,0.0,0.7835133073885521
20.0,6.137203812316414,0.0,0.7393717718972619
20.0,6.205561126407103,0.0,0.606946931552691
20.0,6.2944106832704065,0.0,0.3972743261414623
20.0,6.366741559604068,0.0,0.12138938825946072
20.0,6.385791875586729,0.0,0.0
20.0,6.36566963062949,0.0,0.0
20.0,6.346372893308766,0.0,0.0
20.0,6.366291406883942,0.0,0.0
20.0,6.3731992565485,0.0,0.0
20.0,6.372371917706268,0.0,0.0
20.0,6.375274254989507,0.0,0.0
20.0,6.377050423434144,0.0,0.0
20.0,6.38360662857748,0.0,0.0
20.0,6.390105829256919,0.0,0.0
20.0,6.406516596198142,0.0,0.0
20.0,6.434613007754831,0.0,0.0
20.0,6.46973257269015,0.0,0.0
20.0,6.515638359791847,0.0,0.0
20.0,6.524949029311012,0.0,0.0
20.0,6.473996096933972,0.0,0.16612504303032122
20.0,6.385231004384494,0.0,0.38715719659382897
20.0,6.27694097522246,0.0,0.6083898747933812
20.0,6.1756166555397956,0.0,0.7411295440786327
20.0,6.07442421291591,0.0,0.7853759316004332
20.0,5.979700437776499,0.0,0.7411295440786327
20.0,5.906717332749208,0.0,0.6194514911630564
20.0,5.888905734276785,0.0,0.3982187739850542
20.0,5.949206787039131,0.0,0.12167797495867626
20.0,6.048998797552914,0.0,0.0
20.0,6.12586365938181,0.0,0.0
20.0,6.193584677585984,0.0,0.0
20.0,6.241585849936204,0.0,0.0
20.0,6.285270928825986,0.0,0.0
20.0,6.348958353651663,0.0,0.0
20.0,6.428328816479682,0.0,0.0
20.0,6.50857051198994,0.0,0.0
20.0,6.57033796904269,0.0,0.0
20.0,6.616309403254442,0.0,0.0
20.0,6.650096810760757,0.0,0.0
20.0,6.680625082987915,0.0,0.0
20.0,6.704688971058284,0.0,0.0
20.0,6.7278761864529955,0.0,0.0
20.0,6.756223505905347,0.0,0.0
20.0,6.747470021075795,0.0,0.11035399464202564
20.0,6.656535669223433,0.0,0.3972743261414623
20.0,6.52044485917715,0.0,0.606946931552691
20.0,6.363195087189087,0.0,0.7504071167916344
20.0,6.2345413290994225,0.0,0.7945486522829246
20.0,6.214204753384612,0.0,0.7504071167916344
20.0,6.280097487984239,0.0,0.6179823154255136
20.0,6.384331366962514,0.0,0.4083097489927349
20.0,6.484287037929785,0.0,0.1324247818768958
20.0,6.522084701141228,0.0,0.0
20.0,6.529753774971298,0.0,0.0
20.0,6.608243004107902,0.0,0.0
20.0,6.770004498208824,0.0,0.0
20.0,6.950248088109171,0.0,0.0
20.0,7.125563232996938,0.0,0.0
20.0,7.267893247623263,0.0,0.0
20.0,7.395750291518715,0.0,0.0
20.0,7.5116167722889395,0.0,0.0
20.0,7.631195888588829,0.0,0.0
20.0,7.745378532973441,0.0,0.0
20.0,7.857532400776205,0.0,0.0
20.0,7.971672698103405,0.0,0.0
20.0,8.087125324509365,0.0,0.0
20.0,8.19937586319982,0.0,0.0
20.0,7.471572015756497,0.0,2.759318090907292
20.0,6.5377210083288,0.0,5.229264243260858
20.0,6.808447719427907,0.0,2.641847264637599
20.0,6.862760634613611,0.0,1.9784343781437166
20.0,7.004714641582978,0.0,1.3225928766110036
20.0,6.656299506842729,0.0,2.10761134758476
20.0,6.138299266385026,0.0,3.397657679023748
20.0,5.622610387079031,0.0,4.441936241160007
20.0,5.852766956594375,0.0,2.9838086787106577
20.0,6.78105493908267,0.0,0.0
20.0,7.1401429076723755,0.0,0.0
20.0,7.3623404831248065,0.0,0.0
20.0,7.52732433134985,0.0,0.0
20.0,7.668908856441922,0.0,0.0
20.0,7.811076650634843,0.0,0.0
20.0,7.986319305283784,0.0,0.0
20.0,8.156939750336177,0.0,0.0
20.0,8.306330794173215,0.0,0.0
20.0,8.433493373509117,0.0,0.0
20.0,8.556374782144177,0.0,0.0
20.0,8.689992310178098,0.0,0.0
20.0,8.830046793167146,0.0,0.0
20.0,8.958530424279937,0.0,0.0
20.0,9.034736219470028,0.0,0.0
20.0,8.983514798696932,0.0,0.19863716307073115
20.0,8.648325256685728,0.0,0.9553119898533522
20.0,8.403245682605872,0.0,1.1697522496571922
20.0,8.1915458575692,0.0,1.205263107798051
20.0,7.990955483048804,0.0,1.2811378436937497
20.0,7.790575656796573,0.0,1.5235079169254129
20.0,7.361164632918719,0.0,2.680741577306176
20.0,7.552492115093587,0.0,1.4126564139509472
20.0,7.802707259066875,0.0,0.5387540326332079
20.0,8.000000202390908,0.0,0.0
20.0,8.06755824963433,0.0,0.0
20.0,8.1356700773843,0.0,0.0
20.0,8.209423601574041,0.0,0.0
20.0,8.277155108945323,0.0,0.0
20.0,8.324536442927453,0.0,0.0
20.0,8.337008916366702,0.0,0.0
20.0,8.339250699061376,0.0,0.0
20.0,8.350012595856565,0.0,0.0
20.0,8.364751674974945,0.0,0.0
20.0,8.385126835400257,0.0,0.0
20.0,8.404977110935311,0.0,0.0
20.0,8.418093479810906,0.0,0.0
20.0,8.434723446326121,0.0,0.0
20.0,8.468653361453349,0.0,0.0
20.0,8.465087165791038,0.0,0.1324247818768958
20.0,8.387347080415202,0.0,0.4193451718440075
20.0,8.259186577231029,0.0,0.6290177382767862
20.0,8.097500562130914,0.0,0.7724779624941794
20.0,7.953302427701023,0.0,0.8166194979854698
20.0,7.8540555627866375,0.0,0.7835133073885521
20.0,7.836817168363227,0.0,0.6510885450008812
20.0,7.8772110919887925,0.0,0.44141597856810255
20.0,7.970045500832372,0.0,0.1544955788563784
20.0,8.049198329164646,0.0,0.0
20.0,8.064367433103389,0.0,0.0
20.0,8.025424918124328,0.0,0.0
20.0,7.943194429841137,0.0,0.0
20.0,7.845721200694549,0.0,0.0
20.0,7.748236855508099,0.0,0.0
20.0,7.677959848244313,0.0,0.0
20.0,7.618343075459375,0.0,0.0
20.0,7.569626510143021,0.0,0.0
20.0,7.521834543025915,0.0,0.0
20.0,7.479975285363051,0.0,0.0
20.0,7.445296749697,0.0,0.0
20.0,7.410582752357869,0.0,0.0
20.0,7.38565905622956,0.0,0.0
20.0,7.38940440838437,0.0,0.0
20.0,7.369758212092339,0.0,0.1324247818768958
20.0,7.300295998915188,0.0,0.4193451718440075
20.0,7.201902901866164,0.0,0.6400531221496087
20.0,7.111295388215812,0.0,0.7835133073885521
20.0,7.035998349408021,0.0,0.8276549208367423
20.0,6.849884446918198,0.0,1.2359646308510273
20.0,6.773900317932656,0.0,1.1476814819115468
20.0,6.817007366206914,0.0,0.7724779624941794
20.0,6.928246711744869,0.0,0.3310619839260769
20.0,7.054146171334917,0.0,0.0
20.0,7.126479746833664,0.0,0.0
20.0,7.207085320663512,0.0,0.0
20.0,7.291887619207247,0.0,0.0
20.0,7.368952180563292,0.0,0.0
20.0,7.413839117845838,0.0,0.0
20.0,7.440594281587562,0.0,0.0
20.0,7.464227444440758,0.0,0.0
20.0,7.494473357361663,0.0,0.0
20.0,7.563550708715725,0.0,0.0
20.0,7.640968746699202,0.0,0.0
20.0,7.720767019848426,0.0,0.0
20.0,7.799157917994356,0.0,0.0
20.0,7.865541017816998,0.0,0.0
20.0,7.9162265235477465,0.0,0.0
20.0,7.143376831659601,0.0,2.7103206193372102
20.0,6.182172638918532,0.0,5.096956987372704
20.0,5.886436608130728,0.0,4.46086108889855
20.0,6.169720811257478,0.0,2.4359827834815424
20.0,6.476130602978026,0.0,1.23855289797523
20.0,6.093202053835516,0.0,2.2532860127343306
20.0,5.5647349838226035,0.0,3.346252323258306
20.0,4.685189916697757,0.0,5.430269090688724
20.0,4.665999018636891,0.0,4.2280731008953465
20.0,5.894732720633426,0.0,0.0
20.0,6.34757777964862,0.0,0.0
20.0,6.666055958910001,0.0,0.0
20.0,6.888646568723715,0.0,0.0
20.0,7.077671419722295,0.0,0.0
20.0,7.2618748411108704,0.0,0.0
20.0,7.449613567807731,0.0,0.0
20.0,7.637659971340577,0.0,0.0
20.0,7.789792527551746,0.0,0.0
20.0,7.936036513511208,0.0,0.0
20.0,8.083741247496857,0.0,0.0
20.0,8.240941717076259,0.0,0.0
20.0,8.430236402311113,0.0,0.0
20.0,8.624379408022165,0.0,0.0
20.0,8.813353904168608,0.0,0.0
20.0,8.09143890327424,0.0,2.965490780774587
20.0,7.104986798780851,0.0,5.509239025393271
20.0,7.142372192652846,0.0,3.723377238798446
20.0,7.3054696761845115,0.0,2.388144490297557
20.0,7.5705984843246386,0.0,1.2161756072871843
20.0,7.139380046342129,0.0,2.3674384837793987
20.0,6.4634668432857305,0.0,4.000565927899039
20.0,5.764849787452144,0.0,5.392129089347284
20.0,5.820669075433373,0.0,4.1435864869483785
20.0,7.0291959584846735,0.0,0.0
20.0,7.45330740197328,0.0,0.0
20.0,7.736529961134195,0.0,0.0
20.0,7.925725044931759,0.0,0.0
20.0,8.081898324699795,0.0,0.0
20.0,8.232473078034342,0.0,0.0
20.0,8.402478378866258,0.0,0.0
20.0,8.578803614537078,0.0,0.0
20.0,8.755761015380905,0.0,0.0
20.0,8.935290063975067,0.0,0.0
20.0,9.118756563494525,0.0,0.0
20.0,9.303211934526503,0.0,0.0
20.0,9.463138266551502,0.0,0.0
20.0,9.59022160544606,0.0,0.0
20.0,9.6827895116198,0.0,0.0
20.0,8.622281534111558,0.0,3.6925586267690624
20.0,7.800398936294474,0.0,5.114679293610951
20.0,7.8137076750038,0.0,3.5121150674963197
20.0,7.9583240456519535,0.0,2.3521472446121385
20.0,8.265163617736487,0.0,1.1796940777730718
20.0,7.908887958060643,0.0,2.2049424721563633
20.0,7.16810980634978,0.0,4.187874155911507
20.0,6.779177905875776,0.0,4.504318602509751
20.0,6.839412467159377,0.0,3.685044382396526
20.0,7.9956363867015,0.0,0.0
20.0,8.443783279830807,0.0,0.0
20.0,8.744754476365479,0.0,0.0
20.0,8.919084264629046,0.0,0.0
20.0,9.061373647899316,0.0,0.0
20.0,9.225377201613801,0.0,0.0
20.0,9.420981518923515,0.0,0.0
20.0,9.612897004570874,0.0,0.0
20.0,9.775358445184562,0.0,0.0
20.0,9.90864277423336,0.0,0.0
20.0,10.039147485954292,0.0,0.0
20.0,10.211637077580413,0.0,0.0
20.0,10.4124599804826,0.0,0.0
20.0,10.610003574049204,0.0,0.0
20.0,10.738519641742338,0.0,0.0
20.0,9.556082078603891,0.0,4.057917052363892
20.0,8.649029610511587,0.0,5.627938657064044
20.0,8.496255125870835,0.0,4.34692137939711
20.0,8.86242630967838,0.0,2.0988168169253556
20.0,9.08498962172518,0.0,1.3198913897570093
20.0,8.77645023495642,0.0,1.926314198147754
20.0,8.142304584149798,0.0,3.471730365534948
20.0,7.1993360422815424,0.0,5.686074612895521
20.0,7.009220307939863,0.0,4.957643068114339
20.0,8.344995374525679,0.0,0.0
20.0,8.801799966435429,0.0,0.0
20.0,9.137647903591537,0.0,0.0
20.0,9.419380781162415,0.0,0.0
20.0,9.66663786375613,0.0,0.0
20.0,9.866658846078442,0.0,0.0
20.0,10.011314905954722,0.0,0.0
20.0,10.141489160954668,0.0,0.0
20.0,10.270775255487784,0.0,0.0
20.0,10.399982424623465,0.0,0.0
20.0,10.534544564920765,0.0,0.0
20.0,10.670757724499335,0.0,0.0
20.0,10.806626932996522,0.0,0.0
20.0,10.937750336794569,0.0,0.0
20.0,11.045450910474505,0.0,0.0
20.0,11.04809991703097,0.0,0.3089911577127568
20.0,10.857104035591329,0.0,0.8055840751341973
20.0,10.745265211964902,0.0,0.684194735597799
20.0,10.52644847403375,0.0,0.8276549208367423
20.0,10.307722787098069,0.0,0.8717965342849326
20.0,10.151053691195507,0.0,0.838690343688015
20.0,10.091240148149842,0.0,0.7062655033434442
20.0,10.114936662408136,0.0,0.49659297588911533
20.0,10.201407893128916,0.0,0.22070798928405128
20.0,10.289683034299701,0.0,0.0
20.0,10.30498892649537,0.0,0.0
20.0,10.276694238617056,0.0,0.0
20.0,10.221405166586036,0.0,0.0
20.0,10.159553758527933,0.0,0.0
20.0,10.120451860007412,0.0,0.0
20.0,10.1200874857261,0.0,0.0
20.0,10.119657526917702,0.0,0.0
20.0,10.078879739442005,0.0,0.0
20.0,10.009010051270767,0.0,0.0
20.0,9.933682619298859,0.0,0.0
20.0,9.86987111754949,0.0,0.0
20.0,9.838553508803452,0.0,0.0
20.0,9.82889032932853,0.0,0.0
20.0,9.829543961054918,0.0,0.0
20.0,9.772730000334638,0.0,0.17656637583586104
20.0,9.636458260814388,0.0,0.46348678529219767
20.0,9.463552142514809,0.0,0.6952300804921716
20.0,9.259783111958168,0.0,0.8276549208367423
20.0,9.051602639047761,0.0,0.8828319571362051
20.0,8.864234665999529,0.0,0.8497256885823874
20.0,8.717548954206835,0.0,0.7173009261947166
20.0,8.631272708765309,0.0,0.5076283597619381
20.0,8.619161715914224,0.0,0.22070798928405128
20.0,8.652787242961114,0.0,0.0
20.0,8.641047370489517,0.0,0.0
20.0,8.608366697151045,0.0,0.0
20.0,8.56653534316587,0.0,0.0
20.0,8.523476900019991,0.0,0.0
20.0,8.4873453711713,0.0,0.0
20.0,8.491661226025744,0.0,0.0
20.0,8.506586786885237,0.0,0.0
20.0,8.52811591145526,0.0,0.0
20.0,8.545725263923975,0.0,0.0
20.0,8.564132074665517,0.0,0.0
20.0,8.583536185693616,0.0,0.0
20.0,8.59317458038684,0.0,0.0
20.0,8.587183733438586,0.0,0.0
20.0,8.526189104356778,0.0,0.0
20.0,8.379469008390062,0.0,0.1876017597086836
20.0,8.177641243473433,0.0,0.47452216916502027
20.0,7.9749263467921585,0.0,0.6952300804921716
20.0,7.801032540407217,0.0,0.838690343688015
20.0,7.66863439226266,0.0,0.8938673799874778
20.0,7.5723651900335485,0.0,0.8607611114336601
20.0,7.395590544221017,0.0,1.136646059060274
20.0,7.354803707000715,0.0,0.8938673799874778
20.0,7.455173188052431,0.0,0.4193451718440075
20.0,7.584459233443396,0.0,0.011035398489741315
20.0,7.636870806676233,0.0,0.0
20.0,7.662376120999421,0.0,0.0
20.0,7.671000308080127,0.0,0.0
20.0,7.674279439514842,0.0,0.0
20.0,7.706245714806581,0.0,0.0
20.0,7.769322321637914,0.0,0.0
20.0,7.841493971447749,0.0,0.0
20.0,7.909195245238079,0.0,0.0
20.0,7.970966485080556,0.0,0.0
20.0,8.041155133029614,0.0,0.0
20.0,8.140043511601997,0.0,0.0
20.0,8.269240035410597,0.0,0.0
20.0,8.404273313332443,0.0,0.0
20.0,8.496169270112166,0.0,0.0
20.0,7.553052487406263,0.0,3.413733255806059
20.0,6.569333780040123,0.0,5.60603229336153
20.0,7.119371508394429,0.0,2.1697692415311938
20.0,7.093533660045432,0.0,2.37084791987168
20.0,7.32927595654568,0.0,1.3966574145635988
20.0,6.943233812927396,0.0,2.268810533097881
20.0,6.3359276771031965,0.0,3.3911608980137125
20.0,5.527823364839868,0.0,4.887049945467344
20.0,5.611629019358387,0.0,3.3382221574424835
20.0,6.6027656439885245,0.0,0.011035398489741315
20.0,6.980707000356051,0.0,0.0
20.0,7.228485386972428,0.0,0.0
20.0,7.371104101862187,0.0,0.0
20.0,7.485164668960416,0.0,0.0
20.0,7.590328123636921,0.0,0.0
20.0,7.706441725353216,0.0,0.0
20.0,7.822586823954429,0.0,0.0
20.0,7.9125810438842015,0.0,0.0
20.0,7.966377662483421,0.0,0.0
20.0,7.988226713102712,0.0,0.0
20.0,7.998113751512575,0.0,0.0
20.0,8.011925547409376,0.0,0.0
20.0,8.027867300244,0.0,0.0
20.0,8.045920649358845,0.0,0.0
20.0,8.006817832352867,0.0,0.20967258592200375
20.0,7.896131790300472,0.0,0.49659297588911533
20.0,7.781863042329108,0.0,0.7173009261947166
20.0,7.664745039438914,0.0,0.8607611114336601
20.0,7.573576145095915,0.0,0.9159381477331229
20.0,7.542656097022878,0.0,0.8717965342849326
20.0,7.574798028876757,0.0,0.7504071167916344
20.0,7.659392093832931,0.0,0.5296991275075832
20.0,7.782382448264891,0.0,0.25381417988096905
20.0,7.911227494851039,0.0,0.011035398489741315
20.0,7.957354631890849,0.0,0.0
20.0,7.962666631542039,0.0,0.0
20.0,7.941208115868899,0.0,0.0
20.0,7.92187783523529,0.0,0.0
20.0,7.943755317514862,0.0,0.0
20.0,7.999317560662957,0.0,0.0
20.0,8.06270849574805,0.0,0.0
20.0,8.116390354648901,0.0,0.0
20.0,8.123710994695024,0.0,0.0
20.0,8.126358596485506,0.0,0.0
20.0,8.132947503437842,0.0,0.0
20.0,8.158360757808857,0.0,0.0
20.0,8.217744409914667,0.0,0.0
20.0,8.317692613665802,0.0,0.0
20.0,8.33388458487331,0.0,0.3420973677988995
20.0,8.257444718230287,0.0,0.8717965342849326
20.0,8.120013700404556,0.0,1.2690708994048447
20.0,7.945595757422666,0.0,1.5228850792858142
20.0,7.848676611509784,0.0,1.4566726980919789
20.0,7.933486206447324,0.0,0.8828319571362051
20.0,8.00389034401731,0.0,0.7614425396429071
20.0,8.13057742016985,0.0,0.5407345503588555
20.0,8.27599361970466,0.0,0.4193451718440075
20.0,8.5143630692507,0.0,0.02207079697948263
20.0,8.68080076344865,0.0,0.0
20.0,8.831387483768752,0.0,0.0
20.0,8.9788869838752,0.0,0.0
20.0,9.132174121772017,0.0,0.0
20.0,9.338855446483246,0.0,0.0
20.0,9.56418390186522,0.0,0.0
20.0,9.797671448055949,0.0,0.0
20.0,10.028262420170762,0.0,0.0
20.0,10.216925589647095,0.0,0.0
20.0,10.406302845815096,0.0,0.0
20.0,10.60072711669954,0.0,0.0
20.0,10.79836424400818,0.0,0.0
20.0,11.00716461344395,0.0,0.0
20.0,11.224860454127038,0.0,0.0032627624150460247
20.0,11.222217253115378,0.0,0.7353205935428024
20.0,10.10045324411021,0.0,4.891829389213502
20.0,9.819268115359526,0.0,4.370389276659611
20.0,10.175188261213295,0.0,2.1026955514820855
20.0,10.345501434113151,0.0,1.395570253508617
20.0,9.93146605826827,0.0,2.24963463004347
20.0,9.031909450530641,0.0,4.437751309201359
20.0,8.471769524567579,0.0,4.966100334345077
20.0,8.065123557166952,0.0,5.415482378176206
20.0,9.297916702200107,0.0,0.7914556628414754
20.0,9.983908623263405,0.0,0.0
20.0,10.40382652356911,0.0,0.0
20.0,10.725987289248021,0.0,0.0
20.0,10.987856129540368,0.0,0.0
20.0,11.228302845583901,0.0,0.0
20.0,11.451483155173717,0.0,0.0
20.0,11.6448977155365,0.0,0.0
20.0,11.82505613292923,0.0,0.0
20.0,11.957492804844426,0.0,0.0
20.0,12.074579660493052,0.0,0.0
20.0,12.183628097465876,0.0,0.0
20.0,12.268030910679501,0.0,0.0
20.0,12.309665774041155,0.0,0.0
20.0,12.270493970773023,0.0,0.0054536198911409916
20.0,12.104836953976578,0.0,0.23196288029807022
20.0,11.811544026483583,0.0,0.5191550669970584
20.0,11.558596547842996,0.0,0.7511179278059035
20.0,11.355686131805841,0.0,0.8947140698784601
20.0,11.161738997828103,0.0,0.949943337300928
20.0,10.949584630422033,0.0,0.9057598609974337
20.0,10.750847602894574,0.0,0.7732096659576506
20.0,10.591437500451493,0.0,0.5633384653436526
20.0,10.538349033977154,0.0,0.28719216720976315
20.0,10.53997087834445,0.0,0.02209170404560341
20.0,10.478004287828057,0.0,0.0
20.0,10.31183325650362,0.0,0.0
20.0,10.060180952029729,0.0,0.0
20.0,9.784632643252706,0.0,0.0
20.0,9.511066748165087,0.0,0.0
20.0,9.29023616424414,0.0,0.0
20.0,9.06836174332971,0.0,0.0
20.0,8.800138969060853,0.0,0.0
20.0,8.508360944456824,0.0,0.0
20.0,8.2264556619967,0.0,0.0
20.0,8.031918606905457,0.0,0.0
20.0,7.920530630240877,0.0,0.0
20.0,7.856085185406579,0.0,0.0
20.0,7.794376208045101,0.0,0.011035398489741315
20.0,6.259159820398046,0.0,5.0670930106614485
20.0,5.596805261687898,0.0,5.224913299873618
20.0,5.8450073079513984,0.0,2.6865826146138136
20.0,5.858007855501281,0.0,2.1357362834589524
20.0,5.932321472985253,0.0,1.4826203033995042
20.0,5.692937601855196,0.0,2.090726814976089
20.0,4.956227620701789,0.0,4.239534562519788
20.0,4.163654418041196,0.0,5.967016859607338
20.0,4.863129404924168,0.0,2.2172166992926625
20.0,5.588865706996294,0.0,0.04414159395896526
20.0,5.827805926958972,0.0,0.0
20.0,5.944629533103555,0.0,0.0
20.0,6.0114028121772085,0.0,0.0
20.0,6.04711401731193,0.0,0.0
20.0,6.065656585214051,0.0,0.0
20.0,6.073879998649669,0.0,0.0
20.0,6.086556327455498,0.0,0.0
20.0,6.106626376099916,0.0,0.0
20.0,6.1252439514022665,0.0,0.0
20.0,6.143370398943889,0.0,0.0
20.0,6.1577464068586005,0.0,0.0
20.0,6.154958595945887,0.0,0.0
20.0,6.150835988262948,0.0,0.0
20.0,6.165334670409962,0.0,0.011035398489741315
20.0,6.13246823548058,0.0,0.25381417988096905
20.0,6.0572260585645,0.0,0.5407345503588555
20.0,6.002190268399985,0.0,0.7724779624941794
20.0,5.9709833300115776,0.0,0.9159381477331229
20.0,5.967256700262765,0.0,0.9711151060756857
20.0,5.9955770431932285,0.0,0.9269735705843953
20.0,6.054215401707382,0.0,0.7945486522829246
20.0,6.10103690877573,0.0,0.5848761248285961
20.0,6.1031841150240345,0.0,0.3089911577127568
20.0,6.072332862678215,0.0,0.03310619546922395
20.0,5.985019275797361,0.0,0.0
20.0,5.9570944170524625,0.0,0.0
20.0,6.00131377651863,0.0,0.0
20.0,6.074356782103779,0.0,0.0
20.0,6.135145726943302,0.0,0.0
20.0,6.168082180290779,0.0,0.0
20.0,6.189968608667679,0.0,0.0
20.0,6.212582129129045,0.0,0.0
20.0,6.255288664440668,0.0,0.0
20.0,6.304846351416668,0.0,0.0
20.0,6.348584560930887,0.0,0.0
20.0,6.368028609611323,0.0,0.0
20.0,6.378491648130253,0.0,0.0
20.0,6.371159602474363,0.0,0.02207079697948263
20.0,6.215560568652962,0.0,0.47452216916502027
20.0,5.858162596584386,0.0,1.3915088075893942
20.0,5.014473851220367,0.0,3.588243588092247
20.0,4.964488516651157,0.0,2.3808952839106556
20.0,5.042111999814862,0.0,1.4910605565468733
20.0,4.914490415200991,0.0,1.6553098416734846
20.0,4.891112574728516,0.0,1.4125310066868884
20.0,4.988972967931153,0.0,0.9380089154787679
20.0,5.204225957663342,0.0,0.32002656107480437
20.0,5.368088330961723,0.0,0.03310619546922395
20.0,5.464274891578817,0.0,0.0
20.0,5.530329874648823,0.0,0.0
20.0,5.5489198785066485,0.0,0.0
20.0,5.5554164391482725,0.0,0.0
20.0,5.558174941143233,0.0,0.0
20.0,5.558005296000209,0.0,0.0
20.0,5.549592081696529,0.0,0.0
20.0,5.534532947198127,0.0,0.0
20.0,5.535760878575173,0.0,0.0
20.0,5.53969832277223,0.0,0.0
20.0,5.551649982194932,0.0,0.0
20.0,5.593722163201609,0.0,0.0
20.0,5.62220737047888,0.0,0.0
20.0,5.63838934451517,0.0,0.011035398489741315
20.0,5.524311798764102,0.0,0.43038055571683004
20.0,5.283939130462532,0.0,0.9821505289269584
20.0,5.052131582178845,0.0,1.3794248940468705
20.0,4.82970155077832,0.0,1.6442742629084122
20.0,4.697540013077677,0.0,1.5559911919258316
20.0,4.740329444197155,0.0,0.9490443383300405
20.0,4.579945584708758,0.0,1.29114166715049
20.0,4.5527304165304745,0.0,1.0593982550151664
20.0,4.658757747258989,0.0,0.5848761248285961
20.0,4.8494639476693955,0.0,0.0772477894281892
20.0,4.984256651269623,0.0,0.0
20.0,5.0945399779284015,0.0,0.0
20.0,5.19737780021924,0.0,0.0
20.0,5.290568637505453,0.0,0.0
20.0,5.362160984832492,0.0,0.0
20.0,5.41248812444095,0.0,0.0
20.0,5.455594927039048,0.0,0.0
20.0,5.494198906949613,0.0,0.0
20.0,5.531649586374607,0.0,0.0
20.0,5.569741288551732,0.0,0.0
20.0,5.60740332751028,0.0,0.0
20.0,5.646079558288927,0.0,0.0
20.0,5.669163618282126,0.0,0.0
20.0,5.6729764931826425,0.0,0.022070799415635757
20.0,5.578854513892155,0.0,0.2869203704778867
20.0,5.444694075223258,0.0,0.5738407409557734
20.0,5.308317853216601,0.0,0.8055840751341973
20.0,5.178134182368214,0.0,0.9490443383300405
20.0,5.054384128772872,0.0,1.0042213746295034
20.0,4.930123164684765,0.0,0.9600796832244132
20.0,4.686294833379902,0.0,1.3021770900017624
20.0,4.590820377540756,0.0,1.0704335999095387
20.0,4.663936000533132,0.0,0.5959115476798684
20.0,4.880323464421421,0.0,0.08828318791793052
20.0,5.066911347558538,0.0,0.0
20.0,5.245041230058106,0.0,0.0
20.0,5.407462400396334,0.0,0.0
20.0,5.512244860576029,0.0,0.0
20.0,5.5304696192584215,0.0,0.0
20.0,5.463050025784695,0.0,0.0
20.0,5.387002888162113,0.0,0.0
20.0,5.373927475521567,0.0,0.0
20.0,5.443179305550002,0.0,0.0
20.0,5.518236029345822,0.0,0.0
20.0,5.546936806025389,0.0,0.0
20.0,5.510165882032105,0.0,0.0
20.0,5.462658339478132,0.0,0.0
20.0,5.437232704394441,0.0,0.022070799415635757
20.0,5.382545564834088,0.0,0.2979557738399342
20.0,5.296936331995101,0.0,0.5848761248285961
20.0,5.154938578377478,0.0,0.8166194979854698
20.0,4.972519540199452,0.0,0.9600796832244132
20.0,4.8078990507310415,0.0,1.0152567195238762
20.0,4.69606914330518,0.0,0.9711151060756857
20.0,4.662320273796617,0.0,0.838690343688015
20.0,4.701583641543758,0.0,0.6290177382767862
20.0,4.790147717704935,0.0,0.3420973677988995
20.0,4.900860233667666,0.0,0.04414159395896526
20.0,4.94549998557482,0.0,0.0
20.0,4.942502117640647,0.0,0.0
20.0,4.922446473849316,0.0,0.0
20.0,4.905304467371437,0.0,0.0
20.0,4.915973858115717,0.0,0.0
20.0,4.956913759100619,0.0,0.0
20.0,5.007560805013029,0.0,0.0
20.0,5.052065339031937,0.0,0.0
20.0,5.074469082067452,0.0,0.0
20.0,5.082020249681421,0.0,0.0
20.0,5.067093011760573,0.0,0.0
20.0,5.04842354683317,0.0,0.0
20.0,5.031691912711087,0.0,0.0
20.0,5.065986516136698,0.0,0.02207079697948263
20.0,5.039531933917194,0.0,0.3089911577127568
20.0,4.979882554561854,0.0,0.5959115476798684
20.0,4.839350844557436,0.0,0.8276549208367423
20.0,4.514241385011329,0.0,1.5228850792858142
20.0,4.263280761073337,0.0,1.7987700269124283
20.0,4.26558949973705,0.0,1.5898304437910382
20.0,4.378681938488614,0.0,1.5228850792858142
20.0,4.639496104910269,0.0,1.0042213746295034
20.0,4.935228593811536,0.0,0.3531327516717221
20.0,5.071824145755842,0.0,0.05517699732101282
20.0,5.084798844544938,0.0,0.0
20.0,5.042801851300198,0.0,0.0
20.0,4.985924304101726,0.0,0.0
20.0,4.955786681796865,0.0,0.0
20.0,5.002773994029339,0.0,0.0
20.0,5.119837119364997,0.0,0.0
20.0,5.273963362469756,0.0,0.0
20.0,5.4310233111999215,0.0,0.0
20.0,5.569023803356887,0.0,0.0
20.0,5.677965245547521,0.0,0.0
20.0,5.735665300415761,0.0,0.0
20.0,5.750447748684875,0.0,0.0
20.0,5.734358032189937,0.0,0.0
20.0,5.675664367934305,0.0,0.03310619546922395
20.0,5.526843334882344,0.0,0.32002656107480437
20.0,5.3660997146449105,0.0,0.606946931552691
20.0,5.271524309123003,0.0,0.838690343688015
20.0,5.2207975325295495,0.0,0.9821505289269584
20.0,5.188484380350928,0.0,1.0373275652264211
20.0,5.109322199242387,0.0,0.9931859517782307
20.0,5.004150463072001,0.0,0.8607611114336601
20.0,4.941436713752021,0.0,0.6510885450008812
20.0,5.033488529597873,0.0,0.3641681745229947
20.0,5.273373313571922,0.0,0.0662123909384479
20.0,5.486132715019921,0.0,0.0
20.0,5.651103617048049,0.0,0.0
20.0,5.7132389877317395,0.0,0.0
20.0,5.718804538840268,0.0,0.0
20.0,5.6943237010783925,0.0,0.0
20.0,5.670611887923297,0.0,0.0
20.0,5.680783619747073,0.0,0.0
20.0,5.753734059723501,0.0,0.0
20.0,5.882452371408225,0.0,0.0
20.0,6.014816673388438,0.0,0.0
20.0,6.09732713118333,0.0,0.0
20.0,6.111421942393507,0.0,0.0
20.0,6.1140234369506405,0.0,0.0
20.0,6.127248547029578,0.0,0.03310619546922395
20.0,6.081153188115454,0.0,0.3310619839260769
20.0,6.004940288436078,0.0,0.6179823154255136
20.0,5.709707625685688,0.0,1.3242479357043075
20.0,5.426163787682801,0.0,1.6129079764585348
20.0,5.21968268556205,0.0,1.6505329431771145
20.0,4.877077809097795,0.0,2.2505937660147537
20.0,4.286499466285135,0.0,3.7887059470291082
20.0,3.8379185720049684,0.0,4.551359784812137
20.0,4.4293889941450875,0.0,1.7226914326386005
20.0,5.037342123822907,0.0,0.12138938825946072
20.0,5.291017391613455,0.0,0.0
20.0,5.445706289518542,0.0,0.0
20.0,5.563684227537273,0.0,0.0
20.0,5.671802051699018,0.0,0.0
20.0,5.833654515691095,0.0,0.0
20.0,6.005593484923996,0.0,0.0
20.0,6.159015003739122,0.0,0.0
20.0,6.245989859302555,0.0,0.0
20.0,6.246991196548487,0.0,0.0
20.0,6.233998615605734,0.0,0.0
20.0,6.246998499272886,0.0,0.0
20.0,6.304138281974374,0.0,0.0
20.0,6.362622097555731,0.0,0.0
20.0,6.354435767661117,0.0,0.0662123909384479
20.0,6.1388979446734115,0.0,0.5959115476798684
20.0,5.86993882918504,0.0,1.1807876725084643
20.0,5.4491788549674025,0.0,2.2640520533364565
20.0,5.438186336944127,0.0,1.7987700269124283
20.0,5.418304403722957,0.0,1.6663451086109575
20.0,5.3324206625462915,0.0,1.6111681502683945
20.0,5.196470531124603,0.0,1.5780620376283767
20.0,5.065714394921088,0.0,1.5223105878770395
20.0,5.025400925751698,0.0,1.288778878329322
20.0,5.345003097059703,0.0,0.12138938825946072
20.0,5.518880156330569,0.0,0.0
20.0,5.645593384132954,0.0,0.0
20.0,5.776657894346984,0.0,0.0
20.0,5.905885915480677,0.0,0.0
20.0,6.028750793577872,0.0,0.0
20.0,6.1505316175878155,0.0,0.0
20.0,6.2626535310747,0.0,0.0
20.0,6.3595295922755195,0.0,0.0
20.0,6.438707832226929,0.0,0.0
20.0,6.525519942315691,0.0,0.0
20.0,6.648388155384398,0.0,0.0
20.0,6.779837827996444,0.0,0.0
20.0,6.890610661093322,0.0,0.0
20.0,6.90251808229943,0.0,0.04414159395896526
20.0,6.6920126759741505,0.0,0.5407345503588555
20.0,6.367577217089104,0.0,1.1145752133577291
20.0,6.037928772207298,0.0,1.5228850792858142
20.0,5.804936930726343,0.0,1.6001328833309219
20.0,5.768129801916746,0.0,1.0704335999095387
20.0,5.662809661987404,0.0,1.0373275652264211
20.0,5.59805675013758,0.0,0.9049027248818503
20.0,5.592917135214188,0.0,0.684194735597799
20.0,5.657615472769838,0.0,0.3972743261414623
20.0,5.798426424681957,0.0,0.0772477894281892
20.0,5.902925938817901,0.0,0.0
20.0,5.980805587871331,0.0,0.0
20.0,6.049590163779931,0.0,0.0
20.0,6.103135005273507,0.0,0.0
20.0,6.1431226716856,0.0,0.0
20.0,6.181263831214641,0.0,0.0
20.0,6.2217690308775,0.0,0.0
20.0,6.262484122592885,0.0,0.0
20.0,6.321477293812875,0.0,0.0
20.0,6.3962334385008175,0.0,0.0
20.0,6.4784174002312644,0.0,0.0
20.0,6.56925410402178,0.0,0.0
20.0,6.635853799691345,0.0,0.0
20.0,6.472970918015773,0.0,0.5632149007197801
20.0,4.941453188889419,0.0,5.508153667282093
20.0,4.7669082789894475,0.0,3.9721324101689532
20.0,5.218682036580447,0.0,1.5670266147771041
20.0,5.281684447969714,0.0,1.6222037290334672
20.0,5.444642802111137,0.0,1.081469100717711
20.0,5.47130012269764,0.0,1.0483629880776937
20.0,5.477945291197967,0.0,0.9159381477331229
20.0,5.49883169699879,0.0,0.6952300804921716
20.0,5.547442384587355,0.0,0.4083097489927349
20.0,5.642931191752682,0.0,0.08828318791793052
20.0,5.721449564075592,0.0,0.0
20.0,5.834122599013345,0.0,0.0
20.0,5.96030781051933,0.0,0.0
20.0,6.080240022386158,0.0,0.0
20.0,6.146587217365336,0.0,0.0
20.0,6.144859502030433,0.0,0.0
20.0,6.140790863169378,0.0,0.0
20.0,6.179140866391034,0.0,0.0
20.0,6.2623117397361865,0.0,0.0
20.0,6.346809993870694,0.0,0.0
20.0,6.393909793149215,0.0,0.0
20.0,6.383649682346715,0.0,0.0
20.0,6.360475346598832,0.0,0.0
20.0,6.317981232603141,0.0,0.05517699732101282
20.0,6.194638458499208,0.0,0.3752035583958172
20.0,6.051808127277036,0.0,0.6621239678521538
20.0,5.872656643710563,0.0,0.8938673799874778
20.0,5.694429897361753,0.0,1.0373275652264211
20.0,5.538349706130353,0.0,1.0925045235689839
20.0,5.428879752625621,0.0,1.0593982550151664
20.0,5.380264060813278,0.0,0.9269735705843953
20.0,5.403193434074961,0.0,0.7062655033434442
20.0,5.504950904558168,0.0,0.4193451718440075
20.0,5.648026368927725,0.0,0.09931858153536557
20.0,5.748550164464379,0.0,0.0
20.0,5.792405015171373,0.0,0.0
20.0,5.7881491824711295,0.0,0.0
20.0,5.7765472739827075,0.0,0.0
20.0,5.780974113568591,0.0,0.0
20.0,5.814147198036888,0.0,0.0
20.0,5.868367120002642,0.0,0.0
20.0,5.92833684392478,0.0,0.0
20.0,5.997742520987998,0.0,0.0
20.0,6.071205602135977,0.0,0.0
20.0,6.142662794050015,0.0,0.0
20.0,6.214018123267298,0.0,0.0
20.0,6.275328147003286,0.0,0.0
20.0,6.2960232558361895,0.0,0.0662123909384479
20.0,6.203180524326299,0.0,0.3862389812470897
20.0,6.057660996156491,0.0,0.6731593127465263
20.0,5.7190052750589695,0.0,1.423566429538161
20.0,5.428193249536901,0.0,1.746570451339795
20.0,5.244984660346413,0.0,1.7780635142099712
20.0,5.032950641129291,0.0,2.0118390397808996
20.0,5.098224446146875,0.0,1.5140507394863663
20.0,5.1899720434606005,0.0,1.2470000537022998
20.0,5.354689217153249,0.0,0.8055840751341973
20.0,5.600514888365934,0.0,0.1876017791979086
20.0,5.763157536210848,0.0,0.0
20.0,5.8788893101967306,0.0,0.0
20.0,5.986233589932712,0.0,0.0
20.0,6.092623220245595,0.0,0.0
20.0,6.212770329943879,0.0,0.0
20.0,6.349727737719505,0.0,0.0
20.0,6.494211023497159,0.0,0.0
20.0,6.643298170228372,0.0,0.0
20.0,6.7977369456745995,0.0,0.0
20.0,6.953464752255919,0.0,0.0
20.0,7.1006506635242514,0.0,0.0
20.0,7.235275802471313,0.0,0.0
20.0,7.3450174224974925,0.0,0.0
20.0,7.390552599042357,0.0,0.12138938825946072
20.0,7.2204675100014635,0.0,0.7393717718972619
20.0,6.967302764199477,0.0,1.2028585182110099
20.0,6.796691356519643,0.0,0.9159381477331229
20.0,6.480306363038883,0.0,1.0704335999095387
20.0,6.165351736522247,0.0,1.1256106362090015
20.0,5.760593862824414,0.0,1.6994513771647748
20.0,5.526049391428063,0.0,1.8175997414805736
20.0,5.475654392139404,0.0,1.6197271121218415
20.0,5.09149171561141,0.0,2.9113700111054004
20.0,5.520770606936939,0.0,1.0735128923937618
20.0,5.9957400970840204,0.0,0.0
20.0,6.220634737334314,0.0,0.0
20.0,6.383548989939695,0.0,0.0
20.0,6.516883028767496,0.0,0.0
20.0,6.640397368341978,0.0,0.0
20.0,6.770257374187252,0.0,0.0
20.0,6.910952458311335,0.0,0.0
20.0,7.05506183547199,0.0,0.0
20.0,7.2044332894718615,0.0,0.0
20.0,7.354990847068499,0.0,0.0
20.0,7.472547233437815,0.0,0.0
20.0,7.586473840805929,0.0,0.0
20.0,7.6977323107876465,0.0,0.0
20.0,7.215441414403636,0.0,2.028501675339781
20.0,6.064662735900104,0.0,5.736212392497211
20.0,6.54874966454009,0.0,2.297558948084816
20.0,6.438628177113827,0.0,2.244478038373524
20.0,6.153806949743497,0.0,2.2160197697113833
20.0,5.8922643345467325,0.0,2.051114745099984
20.0,5.499689937072948,0.0,2.316610147898959
20.0,4.758937021067703,0.0,4.05996245998379
20.0,5.041057033099463,0.0,1.9948223674850862
20.0,5.40141398095031,0.0,0.8497256885823874
20.0,5.741223121850627,0.0,0.20967258592200375
20.0,5.965563573160284,0.0,0.0
20.0,6.116131828017331,0.0,0.0
20.0,6.20542317051075,0.0,0.0
20.0,6.2858701348664585,0.0,0.0
20.0,6.3583156483484995,0.0,0.0
20.0,6.40766663749273,0.0,0.0
20.0,6.445460801917684,0.0,0.0
20.0,6.469622627929307,0.0,0.0
20.0,6.477902166112488,0.0,0.0
20.0,6.4857091262685085,0.0,0.0
20.0,6.491443343273478,0.0,0.0
20.0,6.4917255782067675,0.0,0.0
20.0,6.5089123366631485,0.0,0.0
20.0,6.529475146904288,0.0,0.08828318791793052
20.0,6.4906999941743475,0.0,0.4193451718440075
20.0,6.4086814935465455,0.0,0.7173009261947166
20.0,6.324208893092566,0.0,0.9490443383300405
20.0,6.217571140832256,0.0,1.0925045235689839
20.0,6.116985624859226,0.0,1.1476814819115468
20.0,6.056385344833365,0.0,1.1035399464202564
20.0,6.056283516572294,0.0,0.9711151060756857
20.0,6.099352833863999,0.0,0.7504071167916344
20.0,6.1532472281196124,0.0,0.46348678529219767
20.0,6.23104994250712,0.0,0.1324247818768958
20.0,6.284801951348054,0.0,0.0
20.0,6.373317756130984,0.0,0.0
20.0,6.495673038752979,0.0,0.0
20.0,6.6179072724676855,0.0,0.0
20.0,6.69039169837563,0.0,0.0
20.0,6.7135453026193215,0.0,0.0
20.0,6.743032644616607,0.0,0.0
20.0,6.8285522066087685,0.0,0.0
20.0,6.988075826663173,0.0,0.0
20.0,7.165374333390783,0.0,0.0
20.0,7.328393250216735,0.0,0.0
20.0,7.449111321891364,0.0,0.0
20.0,7.5296422315881815,0.0,0.0
20.0,6.769043860324778,0.0,2.762811549736847
20.0,5.514188649722928,0.0,6.264317997059851
20.0,5.098064604861203,0.0,5.681977356003101
20.0,4.7864583308689665,0.0,5.26842885853234
20.0,5.0984415468856445,0.0,3.0452608785709367
20.0,5.428633707274259,0.0,1.8026955870156407
20.0,5.110644008772061,0.0,2.5942553287566463
20.0,4.267954270934254,0.0,4.981045834627013
20.0,3.4750065966203207,0.0,6.6202375606775155
20.0,2.9448916930728104,0.0,7.347492322100844
20.0,3.5886490896629,0.0,4.272619088987096
20.0,5.032624514119832,0.0,0.0
20.0,5.625965380973673,0.0,0.0
20.0,6.025738743210369,0.0,0.0
20.0,6.324633017708425,0.0,0.0
20.0,6.559947722979753,0.0,0.0
20.0,6.740997140129338,0.0,0.0
20.0,6.905990036720864,0.0,0.0
20.0,7.067941037980474,0.0,0.0
20.0,7.227382506060951,0.0,0.0
20.0,7.403076780539042,0.0,0.0
20.0,7.580700095183857,0.0,0.0
20.0,7.749031468952761,0.0,0.0
20.0,7.886165330873402,0.0,0.0
20.0,7.251218612816333,0.0,2.508653879301666
20.0,5.77417972796236,0.0,6.7842035480929574
20.0,5.044218532148597,0.0,7.105835808886492
20.0,5.282754479482562,0.0,4.396907834164165
20.0,5.409610227105934,0.0,3.2320007806503046
20.0,5.708423330667284,0.0,1.8819055079820675
20.0,5.463364206990639,0.0,2.318863926356263
20.0,4.517049938870582,0.0,4.910606823637115
20.0,4.9531882548624955,0.0,2.0636161351826043
20.0,5.3545849937578565,0.0,0.838690343688015
20.0,5.74324310936585,0.0,0.2648495637537916
20.0,6.026857744618198,0.0,0.0
20.0,6.215261509272297,0.0,0.0
20.0,6.342406202945227,0.0,0.0
20.0,6.424954028593339,0.0,0.0
20.0,6.484723302232507,0.0,0.0
20.0,6.527171166400625,0.0,0.0
20.0,6.564194595267957,0.0,0.0
20.0,6.622947924432018,0.0,0.0
20.0,6.683638611504826,0.0,0.0
20.0,6.738981521421455,0.0,0.0
20.0,6.771399993952081,0.0,0.0
20.0,6.780189179130425,0.0,0.0
20.0,6.788451795285347,0.0,0.0
20.0,6.769173793955213,0.0,0.12138938825946072
20.0,6.682989466765931,0.0,0.45245136244092515
20.0,6.497274044302693,0.0,0.7504071167916344
20.0,6.074402678874296,0.0,1.5449559249883589
20.0,5.600765881301081,0.0,1.9863719035564613
20.0,5.256734770834842,0.0,1.8649822521924635
20.0,5.163169190857298,0.0,1.136646059060274
20.0,5.078291158011553,0.0,1.0042213746295034
20.0,5.076030761502528,0.0,0.7835133073885521
20.0,5.145769831849004,0.0,0.49659297588911533
20.0,5.283760879289265,0.0,0.1544955788563784
20.0,5.414105309725346,0.0,0.0
20.0,5.5107879882625435,0.0,0.0
20.0,5.604356770574862,0.0,0.0
20.0,5.693755571395313,0.0,0.0
20.0,5.757646891593088,0.0,0.0
20.0,5.801794749735968,0.0,0.0
20.0,5.830008640370061,0.0,0.0
20.0,5.857994788440653,0.0,0.0
20.0,5.888591298833772,0.0,0.0
20.0,5.924197414439154,0.0,0.0
20.0,5.98071720577833,0.0,0.0
20.0,6.042438679115859,0.0,0.0
20.0,6.102301325532389,0.0,0.0
20.0,6.110739918197287,0.0,0.1324247818768958
20.0,6.0346594227167625,0.0,0.46348678529219767
20.0,5.935350071892527,0.0,0.7614425396429071
20.0,5.842208364127234,0.0,0.9931859517782307
20.0,5.775883075359177,0.0,1.136646059060274
20.0,5.725926095812449,0.0,1.1918230953597369
20.0,5.678286470656765,0.0,1.1476814819115468
20.0,5.6400741340614164,0.0,1.0152567195238762
20.0,5.644755646192457,0.0,0.7945486522829246
20.0,5.727922065364231,0.0,0.5076283597619381
20.0,5.895341819495451,0.0,0.16553099196303844
20.0,6.04747679581607,0.0,0.0
20.0,6.154436391916889,0.0,0.0
20.0,6.24719046119375,0.0,0.0
20.0,6.321015566591393,0.0,0.0
20.0,6.378021861151081,0.0,0.0
20.0,6.430888053624674,0.0,0.0
20.0,6.4759233392870375,0.0,0.0
20.0,6.512746266356593,0.0,0.0
20.0,6.549027791188596,0.0,0.0
20.0,6.588805306341512,0.0,0.0
20.0,6.638741518615005,0.0,0.0
20.0,6.676732095111365,0.0,0.0
20.0,6.708762552412308,0.0,0.0
20.0,6.701533565783587,0.0,0.1324247818768958
20.0,6.612211834112871,0.0,0.48555755303784287
20.0,6.493627178721799,0.0,0.7724779624941794
20.0,6.357277023909441,0.0,1.0042213746295034
20.0,6.2292120936212285,0.0,1.1587169047628192
20.0,6.118972723901016,0.0,1.2028585182110099
20.0,5.839766549739611,0.0,1.8318762954662458
20.0,5.697393586496393,0.0,1.8098054497637006
20.0,5.710277140361343,0.0,1.4125310066868884
20.0,5.829047047173534,0.0,0.9049027248818503
20.0,6.039235477735881,0.0,0.3420973677988995
20.0,6.2299953626936855,0.0,0.0
20.0,6.334492980459828,0.0,0.0
20.0,6.419643602733971,0.0,0.0
20.0,6.501166040228806,0.0,0.0
20.0,6.594236944667508,0.0,0.0
20.0,6.709658875050744,0.0,0.0
20.0,6.834199913438925,0.0,0.0
20.0,6.948555525999585,0.0,0.0
20.0,7.053929556263029,0.0,0.0
20.0,7.151464505271304,0.0,0.0
20.0,7.233748215016102,0.0,0.0
20.0,7.290456858918826,0.0,0.0
20.0,7.318930908765073,0.0,0.0
20.0,6.244615272509319,0.0,3.7176663774943477
20.0,4.977765253680959,0.0,6.818102111631455
20.0,4.457122675222078,0.0,6.37795591236127
20.0,4.46933109462853,0.0,4.725445654436579
20.0,4.652907815423459,0.0,3.148570972483292
20.0,4.943173162632811,0.0,1.8957612759969222
20.0,4.538486231331909,0.0,2.880739503239952
20.0,3.768218162462306,0.0,4.84699440916384
20.0,3.5237484333627798,0.0,4.609397512729095
20.0,2.5001253332463964,0.0,7.6766690735398555
20.0,3.4717604681305154,0.0,3.1812808208949863
20.0,4.6771970427826774,0.0,0.0
20.0,5.200094604149174,0.0,0.0
20.0,5.556680713655481,0.0,0.0
20.0,5.821184724034586,0.0,0.0
20.0,6.044968560533993,0.0,0.0
20.0,6.243977081143183,0.0,0.0
20.0,6.395759808365256,0.0,0.0
20.0,6.50299879714191,0.0,0.0
20.0,6.596659208484892,0.0,0.0
20.0,6.689230123425368,0.0,0.0
20.0,6.863186587161811,0.0,0.0
20.0,7.063330730789094,0.0,0.0
20.0,7.244088707226061,0.0,0.0
20.0,5.980464187178085,0.0,4.4338823806807275
20.0,4.665744355849633,0.0,7.078842775081373
20.0,3.925104587553343,0.0,7.071460482025682
20.0,3.7677265379242693,0.0,5.601891670780907
20.0,4.254513858184784,0.0,2.905647945226853
20.0,4.608386676356506,0.0,1.727701487966359
20.0,4.33064677176571,0.0,2.543959370314983
20.0,3.321622701059661,0.0,5.391574488016807
20.0,2.5594715095967207,0.0,6.5609486931317305
20.0,2.346070636630522,0.0,5.9113810317132005
20.0,3.672038516878828,0.0,0.7425889405722709
20.0,4.312996383045222,0.0,0.0
20.0,4.684110760795633,0.0,0.0
20.0,4.980862573662242,0.0,0.0
20.0,5.236842819781773,0.0,0.0
20.0,5.4622268153210545,0.0,0.0
20.0,5.651539704252831,0.0,0.0
20.0,5.81191654284943,0.0,0.0
20.0,5.954012635426309,0.0,0.0
20.0,6.074411024497984,0.0,0.0
20.0,6.196116036672837,0.0,0.0
20.0,6.364520501248649,0.0,0.0
20.0,6.547238522949806,0.0,0.0
20.0,6.725552891623302,0.0,0.0
20.0,5.376930617027554,0.0,5.074692079628921
20.0,4.143259547200158,0.0,7.769806918580978
20.0,3.7200077247977688,0.0,7.0172664370281925
20.0,3.6966553516390155,0.0,5.385179968045423
20.0,4.091411771105575,0.0,3.0049496500430393
20.0,4.390344268965192,0.0,1.7917929494241183
20.0,3.874628049464914,0.0,3.1643501957368922
20.0,3.432465973409077,0.0,3.9526662508834427
20.0,2.5787276958469416,0.0,6.069630483307374
20.0,3.679349166422657,0.0,1.0262921423751485
20.0,4.2284594223397205,0.0,0.3972743261414623
20.0,4.630094512273313,0.0,0.0
20.0,4.893914291924755,0.0,0.0
20.0,5.112710567250825,0.0,0.0
20.0,5.318859495817879,0.0,0.0
20.0,5.543003294999208,0.0,0.0
20.0,5.78006232068785,0.0,0.0
20.0,6.01074777986244,0.0,0.0
20.0,6.185237622997253,0.0,0.0
20.0,6.314724079214349,0.0,0.0
20.0,6.433722267085128,0.0,0.0
20.0,6.590276533862884,0.0,0.0
20.0,6.762844403555945,0.0,0.0
20.0,6.936774049215204,0.0,0.0
20.0,6.893358163053636,0.0,0.6974094175220902
20.0,6.305056605913188,0.0,2.6748549359846896
20.0,5.382095184980369,0.0,4.989734560383347
20.0,5.662420038103236,0.0,2.1460045473911387
20.0,5.5322534123400695,0.0,1.8307040481092445
20.0,5.2313147189653435,0.0,1.9863719035564613
20.0,5.21258651020416,0.0,1.213893863105382
20.0,5.188014099014875,0.0,1.0704335999095387
20.0,5.246089353248535,0.0,0.8497256885823874
20.0,5.352168145491063,0.0,0.5628053181045007
20.0,5.497226413891007,0.0,0.22070798928405128
20.0,5.616996643093184,0.0,0.0
20.0,5.636622067335565,0.0,0.0
20.0,5.624421650920728,0.0,0.0
20.0,5.611098502050243,0.0,0.0
20.0,5.648917651721285,0.0,0.0
20.0,5.729972767657487,0.0,0.0
20.0,5.821796828884617,0.0,0.0
20.0,5.9103552850067915,0.0,0.0
20.0,5.978314800130118,0.0,0.0
20.0,6.040733802780823,0.0,0.0
20.0,6.109476030509856,0.0,0.0
20.0,6.177612396282073,0.0,0.0
20.0,6.228573936981047,0.0,0.0
20.0,4.644329303501775,0.0,5.648055502958718
20.0,3.6956383554721586,0.0,6.8386953708119105
20.0,2.957682524617121,0.0,7.373454528025832
20.0,3.0632570508582524,0.0,5.130443089193058
20.0,3.425267767858337,0.0,3.1045998286474323
20.0,3.7183786515098634,0.0,2.017517017393373
20.0,3.7314129025695646,0.0,2.162938201435422
20.0,3.8764357959415308,0.0,1.9091239435975538
20.0,4.1593073393213205,0.0,1.3573540483443256
20.0,4.571309809336138,0.0,0.5738407409557734
20.0,4.920987405235314,0.0,0.23174339264609883
20.0,5.21406242248582,0.0,0.0
20.0,5.388029608531142,0.0,0.0
20.0,5.489827206726429,0.0,0.0
20.0,5.556101857655343,0.0,0.0
20.0,5.601261093198288,0.0,0.0
20.0,5.634982546262213,0.0,0.0
20.0,5.661632799212975,0.0,0.0
20.0,5.685402612704112,0.0,0.0
20.0,5.7217176832154575,0.0,0.0
20.0,5.78813654014531,0.0,0.0
20.0,5.920658500015747,0.0,0.0
20.0,6.070032951303187,0.0,0.0
20.0,6.215974160811278,0.0,0.0
20.0,6.194463530013244,0.0,0.40862921636896593
20.0,4.2666653138192565,0.0,6.950350230019071
20.0,3.3432470898574116,0.0,7.393197391058612
20.0,3.2321268752297567,0.0,5.395235529997019
20.0,3.591771987357578,0.0,2.7864097992815333
20.0,3.781938320259667,0.0,1.8844591259483514
20.0,3.3819070576162225,0.0,2.8108838259921605
20.0,2.5016796119495606,0.0,5.337852920150187
20.0,1.9534169209038452,0.0,6.207130943877293
20.0,1.2400649362944467,0.0,7.938970294896813
20.0,1.329487787445226,0.0,6.6718202087868175
20.0,3.288652962023358,0.0,0.0
20.0,4.000084943492879,0.0,0.0
20.0,4.468427768920301,0.0,0.0
20.0,4.823927336865632,0.0,0.0
20.0,5.122515175527498,0.0,0.0
20.0,5.395371593036859,0.0,0.0
20.0,5.643641542592918,0.0,0.0
20.0,5.8310891222563646,0.0,0.0
20.0,5.990462288853999,0.0,0.0
20.0,6.146430893465213,0.0,0.0
20.0,6.346868612240319,0.0,0.0
20.0,6.5585734198842776,0.0,0.0
20.0,6.750537460687426,0.0,0.0
20.0,4.9556274317246585,0.0,6.4050341561269635
20.0,3.7675587325226014,0.0,8.069849253593361
20.0,3.25247781073681,0.0,7.329306058106098
20.0,3.3102537703853803,0.0,5.4012504024208345
20.0,3.734148481237854,0.0,3.0669062523159805
20.0,4.0607420807581365,0.0,2.0031862432229355
20.0,3.7083788315712685,0.0,2.9108842550062097
20.0,3.0195764809431824,0.0,4.643148924669213
20.0,2.0387601401833755,0.0,6.8815535776538
20.0,1.44037087797374,0.0,7.337679237443624
20.0,1.249844686746219,0.0,6.787867087679718
20.0,3.1174113053834134,0.0,0.0
20.0,3.829560779325596,0.0,0.0
20.0,4.385294495556389,0.0,0.0
20.0,4.851353157269066,0.0,0.0
20.0,5.199030928888751,0.0,0.0
20.0,5.436880779950863,0.0,0.0
20.0,5.629951878760346,0.0,0.0
20.0,5.8175436073944,0.0,0.0
20.0,6.031905589909915,0.0,0.0
20.0,6.269613835154095,0.0,0.0
20.0,6.512625434614593,0.0,0.0
20.0,6.744997975191767,0.0,0.0
20.0,6.9257313999106715,0.0,0.0
20.0,6.9123215165195955,0.0,0.45245136244092515
20.0,4.954208287792757,0.0,6.966734867356376
20.0,3.9474160430162737,0.0,7.596568420462455
20.0,3.7132317636117818,0.0,5.654304828268907
20.0,3.8840293448029035,0.0,3.2042780136009354
20.0,3.973323192870052,0.0,2.022750174245091
20.0,3.353059412770995,0.0,3.0568021745195457
20.0,2.336028554437976,0.0,5.395432047931989
20.0,1.3242787141698096,0.0,7.350700097064574
20.0,0.7285835653276445,0.0,7.95645122312987
20.0,1.508855194667655,0.0,4.363948018988611
20.0,3.061991768809409,0.0,0.011035398489741315
20.0,3.7006872331248046,0.0,0.0
20.0,4.116350743042833,0.0,0.0
20.0,4.4546158744318465,0.0,0.0
20.0,4.776495767422287,0.0,0.0
20.0,5.089163146120053,0.0,0.0
20.0,5.391963120731509,0.0,0.0
20.0,5.654399136972109,0.0,0.0
20.0,5.874239065415854,0.0,0.0
20.0,6.062468099182459,0.0,0.0
20.0,6.243733726209805,0.0,0.0
20.0,6.425511241119553,0.0,0.0
20.0,6.605919641654756,0.0,0.0
20.0,4.736676663992306,0.0,6.95845440826475
20.0,4.352858976855876,0.0,6.274864816734002
20.0,3.6302217065831304,0.0,7.383507805951079
20.0,3.7899168132583467,0.0,4.770624912765928
20.0,3.8428698562558243,0.0,3.1751768648103944
20.0,3.840671194801608,0.0,2.1811977976365786
20.0,3.377282238358134,0.0,2.4999063984912953
20.0,2.151397273834082,0.0,5.56374954029149
20.0,1.661609205376897,0.0,5.403690638247267
20.0,2.2971411061424765,0.0,1.9761002118579472
20.0,2.852230343101522,0.0,0.5296991275075832
20.0,3.3323979712220253,0.0,0.011035398489741315
20.0,3.679931076342909,0.0,0.0
20.0,4.0297110082873,0.0,0.0
20.0,4.367753645128921,0.0,0.0
20.0,4.6464825912624494,0.0,0.0
20.0,4.871371108179908,0.0,0.0
20.0,5.03596373141757,0.0,0.0
20.0,5.167931395675203,0.0,0.0
20.0,5.274991504428205,0.0,0.0
20.0,5.374571911041769,0.0,0.0
20.0,5.477176387600039,0.0,0.0
20.0,5.594783363669129,0.0,0.0
20.0,5.709790454159965,0.0,0.0031635525151738814
20.0,5.7262380322786655,0.0,0.26498795674053005
20.0,5.631113359303628,0.0,0.6072640602219218
20.0,5.490583473731369,0.0,0.9053755334803963
20.0,5.037901158019352,0.0,1.7886689954646462
20.0,4.364372834949973,0.0,2.8383916455510874
20.0,4.124447469424656,0.0,2.1694928858003473
20.0,3.4376041074427643,0.0,3.1936089247838915
20.0,3.272555495601086,0.0,2.389652929892941
20.0,3.331420994003428,0.0,1.4463925216879794
20.0,3.5232691400965024,0.0,0.618305173926895
20.0,3.7314714111947573,0.0,0.27602912891317816
20.0,3.943577826777521,0.0,0.011041164864188751
20.0,4.110083494539601,0.0,0.0
20.0,4.266124185272428,0.0,0.0
20.0,4.400166181064407,0.0,0.0
20.0,4.489860673779403,0.0,0.0
20.0,4.529828720438131,0.0,0.0
20.0,4.561300924637301,0.0,0.0
20.0,4.602664074557954,0.0,0.0
20.0,4.678046600212911,0.0,0.0
20.0,4.7783905814663985,0.0,0.0
20.0,4.918025342732499,0.0,0.0
20.0,5.066279780080359,0.0,0.0
20.0,5.167263362593569,0.0,0.016520966092966664
20.0,5.008236802283968,0.0,0.4968419312492896
20.0,4.711916636872233,0.0,0.9716020248731333
20.0,4.476193127078603,0.0,0.9163973918310676
20.0,4.165044150131879,0.0,1.1482569597474026
20.0,3.8803031409633126,0.0,1.2917890212481529
20.0,3.646271476107423,0.0,1.3469937322471182
20.0,3.4646904772340754,0.0,1.2917890212481529
20.0,3.343481811170471,0.0,1.1592978395816758
20.0,3.3160322360313472,0.0,0.9274381937084405
20.0,3.2725271608262765,0.0,0.9936838624985792
20.0,3.4298733941075055,0.0,0.5078828890404627
20.0,3.6536326328140984,0.0,0.022081864423130582
20.0,3.776880757683652,0.0,0.0
20.0,3.8548887922836568,0.0,0.0
20.0,3.9308774417543946,0.0,0.0
20.0,4.041528487517587,0.0,0.0
20.0,4.1724855695753735,0.0,0.0
20.0,4.290571651076211,0.0,0.0
20.0,4.341979018895363,0.0,0.0
20.0,4.321225205023139,0.0,0.0
20.0,4.294052491598089,0.0,0.0
20.0,4.288953160426713,0.0,0.0
20.0,4.3219051098725565,0.0,0.0
20.0,4.35429332835008,0.0,0.011035399707817879
20.0,4.275579029530895,0.0,0.2869203704778867
20.0,4.092519661073408,0.0,0.6400531221496087
20.0,3.8874842470185023,0.0,0.9380089154787679
20.0,3.6923361428515795,0.0,1.1587169047628192
20.0,3.534724533051582,0.0,1.3021770900017624
20.0,3.410155643492091,0.0,1.3573540483443256
20.0,3.321395276778995,0.0,1.3021770900017624
20.0,3.2489736362218133,0.0,1.1697522496571922
20.0,3.0663763573422487,0.0,1.4787435437945238
20.0,3.0224250512472968,0.0,1.2028585182110099
20.0,3.1456526820564448,0.0,0.49659297588911533
20.0,3.305732112821756,0.0,0.02207079697948263
20.0,3.399793027247821,0.0,0.0
20.0,3.5111445166812496,0.0,0.0
20.0,3.6416881350831436,0.0,0.0
20.0,3.776877461080666,0.0,0.0
20.0,3.9084737936117175,0.0,0.0
20.0,4.016009773310854,0.0,0.0
20.0,4.098759767132489,0.0,0.0
20.0,4.146796820175878,0.0,0.0
20.0,4.189628732044762,0.0,0.0
20.0,4.23332300936217,0.0,0.0
20.0,4.282455566290293,0.0,0.0
20.0,4.327678649087555,0.0,0.02207079697948263
20.0,4.2772991204099196,0.0,0.3089911577127568
20.0,4.1695334432175235,0.0,0.6510885450008812
20.0,4.020332073517598,0.0,0.9490443383300405
20.0,3.6090391467303884,0.0,1.8539471411687907
20.0,3.3284704029372207,0.0,1.9194396873748625
20.0,3.0837513796790237,0.0,1.9278308300739178
20.0,2.8496197918900403,0.0,2.016182543961905
20.0,2.604760738774065,0.0,2.3063024472279503
20.0,2.424150388082796,0.0,2.391760925455909
20.0,2.635992489122574,0.0,1.224929207999755
20.0,2.859606118564932,0.0,0.5517699732101282
20.0,3.1183345671471194,0.0,0.03310619546922395
20.0,3.3120071887744498,0.0,0.0
20.0,3.5094681087856183,0.0,0.0
20.0,3.706224544170222,0.0,0.0
20.0,3.8802531304951198,0.0,0.0
20.0,4.016554533323482,0.0,0.0
20.0,4.151849979280369,0.0,0.0
20.0,4.298437189509907,0.0,0.0
20.0,4.454964828564657,0.0,0.0
20.0,4.596592213788931,0.0,0.0
20.0,4.711105603085517,0.0,0.0
20.0,4.773404804358749,0.0,0.0
20.0,4.764804483794408,0.0,0.031318224733712666
20.0,4.615745227413516,0.0,0.32005848442535745
20.0,4.2380398309814655,0.0,1.0374310140327312
20.0,3.761445786646525,0.0,1.6885844971313186
20.0,3.2195151740636274,0.0,2.328202669963438
20.0,2.5755895582930517,0.0,3.231147175337339
20.0,2.4692235303393115,0.0,2.4518184120337296
20.0,2.189327877745026,0.0,2.8237761006183235
20.0,2.228856095197932,0.0,2.448682342503003
20.0,2.5247193641900636,0.0,1.512000580992956
20.0,2.890838620266926,0.0,0.6621899973464602
20.0,3.157650319452344,0.0,0.32005848442535745
20.0,3.3633339664369934,0.0,0.022072999261907846
20.0,3.450942468033083,0.0,0.0
20.0,3.494095914927327,0.0,0.0
20.0,3.5307884735822155,0.0,0.0
20.0,3.598200166767904,0.0,0.0
20.0,3.6983101669967597,0.0,0.0
20.0,3.8001826848495854,0.0,0.0
20.0,3.856358968249333,0.0,0.0
20.0,3.899326625987903,0.0,0.0
20.0,3.9414706324308564,0.0,0.0
20.0,3.9947805277857054,0.0,0.0
20.0,4.0951986439295105,0.0,0.0
20.0,4.18887618913886,0.0,0.03310619546922395
20.0,4.18801092020337,0.0,0.3310619839260769
20.0,4.091055002202984,0.0,0.6731593127465263
20.0,3.97101733492469,0.0,0.9711151060756857
20.0,3.841991622242955,0.0,1.2028585182110099
20.0,3.7153652852996792,0.0,1.3463186254930526
20.0,3.5977312544078286,0.0,1.3904601609843432
20.0,3.282262575775126,0.0,2.1187965100303328
20.0,3.1137700375076625,0.0,2.1187965100303328
20.0,3.1794323268598395,0.0,1.5228850792858142
20.0,3.457816333631393,0.0,0.6731593127465263
20.0,3.713348175905064,0.0,0.3310619839260769
20.0,3.972372237064402,0.0,0.03310619546922395
20.0,4.130163567423304,0.0,0.0
20.0,4.252306303125968,0.0,0.0
20.0,4.367479553344109,0.0,0.0
20.0,4.494036967864699,0.0,0.0
20.0,4.65882014781252,0.0,0.0
20.0,4.82187292797204,0.0,0.0
20.0,4.93734537095454,0.0,0.0
20.0,5.001764635983507,0.0,0.0
20.0,5.058363191371358,0.0,0.0
20.0,5.1278121037046365,0.0,0.0
20.0,5.209810318738026,0.0,0.0
20.0,5.256842246316066,0.0,0.05517699732101282
20.0,5.102130606676826,0.0,0.5407345503588555
20.0,4.772962431274347,0.0,1.2028585182110099
20.0,4.4042426258723655,0.0,1.732557801632393
20.0,4.039842565092751,0.0,2.15190277858415
20.0,3.82810843825063,0.0,2.1408671998190774
20.0,3.8647052906861545,0.0,1.4014955838356156
20.0,3.5754739262662123,0.0,2.1408671998190774
20.0,3.290875480761719,0.0,2.5920713281914503
20.0,3.0855624771929673,0.0,2.7114052477678894
20.0,2.2608462012357466,0.0,5.100015681291126
20.0,3.20168402625496,0.0,0.6290177382767862
20.0,3.6026989698149716,0.0,0.05517699732101282
20.0,3.8354657331000066,0.0,0.0
20.0,4.020262086706789,0.0,0.0
20.0,4.181143333646226,0.0,0.0
20.0,4.321235582949238,0.0,0.0
20.0,4.425260605034175,0.0,0.0
20.0,4.497342190974596,0.0,0.0
20.0,4.526450354644847,0.0,0.0
20.0,4.5153998107271685,0.0,0.0
20.0,4.49144704052948,0.0,0.0
20.0,4.4653861664973125,0.0,0.0
20.0,4.448975395565164,0.0,0.0
20.0,4.428376711241119,0.0,0.04414159395896526
20.0,4.315181679253146,0.0,0.3641681745229947
20.0,4.150711555312332,0.0,0.7062655033434442
20.0,3.9730172553637955,0.0,1.0042213746295034
20.0,3.7938921227093347,0.0,1.224929207999755
20.0,3.617328826001871,0.0,1.368389471195598
20.0,3.4710459824766358,0.0,1.4125310066868884
20.0,3.3790475519370857,0.0,1.368389471195598
20.0,3.344691668048569,0.0,1.224929207999755
20.0,3.37971393898161,0.0,0.9931859517782307
20.0,3.5201309052288545,0.0,0.6952300804921716
20.0,3.7112868842608844,0.0,0.3531327516717221
20.0,3.923638011121301,0.0,0.03310619546922395
20.0,4.0389860472516,0.0,0.0
20.0,4.100205197135178,0.0,0.0
20.0,4.144755957468918,0.0,0.0
20.0,4.192296066123988,0.0,0.0
20.0,4.258029061569719,0.0,0.0
20.0,4.349028805359833,0.0,0.0
20.0,4.450797695505308,0.0,0.0
20.0,4.565245251594978,0.0,0.0
20.0,4.702256555435945,0.0,0.0
20.0,4.849760821936563,0.0,0.0
20.0,5.010179683469662,0.0,0.0
20.0,5.152864286750409,0.0,0.04414159395896526
20.0,5.159164729453372,0.0,0.3752035583958172
20.0,5.08976809329717,0.0,0.7173009261947166
20.0,4.967904694152401,0.0,1.0152567195238762
20.0,4.826851945946247,0.0,1.2359646308510273
20.0,4.683881447978096,0.0,1.3794248940468705
20.0,4.562316869602549,0.0,1.423566429538161
20.0,4.480650538797175,0.0,1.3794248940468705
20.0,4.443538488082518,0.0,1.2359646308510273
20.0,4.463327196247103,0.0,1.0042213746295034
20.0,4.424778279209996,0.0,1.1035399464202564
20.0,4.536380129384051,0.0,0.6400531221496087
20.0,4.74200747442456,0.0,0.0772477894281892
20.0,4.870084946757553,0.0,0.0
20.0,4.97095365652635,0.0,0.0
20.0,5.076736003778133,0.0,0.0
20.0,5.1826026378262755,0.0,0.0
20.0,5.279029812543408,0.0,0.0
20.0,5.352727090572379,0.0,0.0
20.0,5.401674732384199,0.0,0.0
20.0,5.421252997967797,0.0,0.0
20.0,5.446707098694864,0.0,0.0
20.0,5.530641154567048,0.0,0.0
20.0,5.644185384648816,0.0,0.0
20.0,5.738004687462647,0.0,0.05517699732101282
20.0,5.677799137164346,0.0,0.3862389812470897
20.0,5.50086618978083,0.0,0.7283363490459894
20.0,5.272483348344767,0.0,1.0262921423751485
20.0,5.039328366642916,0.0,1.2470000537022998
20.0,4.834959028545159,0.0,1.3904601609843432
20.0,4.669925755382129,0.0,1.4346018523894333
20.0,4.549103173955033,0.0,1.3904601609843432
20.0,4.484755559468265,0.0,1.2470000537022998
20.0,4.45451800605034,0.0,1.0152567195238762
20.0,4.423128172371224,0.0,0.7173009261947166
20.0,4.353150207897513,0.0,0.5848761248285961
20.0,4.398369550538628,0.0,0.0772477894281892
20.0,4.405659654655755,0.0,0.0
20.0,4.44473165871852,0.0,0.0
20.0,4.506778127320051,0.0,0.0
20.0,4.577743162742004,0.0,0.0
20.0,4.649493248768769,0.0,0.0
20.0,4.685669606130864,0.0,0.0
20.0,4.665900395161241,0.0,0.0
20.0,4.607577381567923,0.0,0.0
20.0,4.541540854457303,0.0,0.0
20.0,4.5096647425681216,0.0,0.0
20.0,4.513403958647662,0.0,0.0
20.0,4.496580674734262,0.0,0.0662123909384479
20.0,4.2757845839343,0.0,0.6952300804921716
20.0,3.6518416796346074,0.0,2.252962655124789
20.0,3.3238456891209758,0.0,2.2605398198186237
20.0,2.7363776558480293,0.0,3.368540322230012
20.0,2.722072382742885,0.0,2.262428643111246
20.0,2.5656456258044877,0.0,2.2953629638230937
20.0,2.6874451733095985,0.0,1.4014955838356156
20.0,2.7173616371852405,0.0,1.2580354765535724
20.0,2.7855959133650563,0.0,1.0262921423751485
20.0,2.8009385149234163,0.0,1.136646059060274
20.0,2.9722682305751045,0.0,0.6621239678521538
20.0,3.232121141293392,0.0,0.08828318791793052
20.0,3.407808979019626,0.0,0.0
20.0,3.5461313412358706,0.0,0.0
20.0,3.654588758514874,0.0,0.0
20.0,3.741229886106198,0.0,0.0
20.0,3.81572511064267,0.0,0.0
20.0,3.8945092481181036,0.0,0.0
20.0,4.0091340051091455,0.0,0.0
20.0,4.131945123575319,0.0,0.0
20.0,4.2383830205149815,0.0,0.0
20.0,4.2761199193667965,0.0,0.0
20.0,4.2591119923834695,0.0,0.0
20.0,4.218325613246772,0.0,0.10276435447260047
20.0,4.212470777785169,0.0,0.40894081009829625
20.0,4.260084113878191,0.0,0.7626193770054214
20.0,4.3167137360764904,0.0,1.049983244287451
20.0,4.344086280684989,0.0,1.2820847124645096
20.0,4.283870430698355,0.0,1.4147141117147004
20.0,4.1603083069483064,0.0,1.4699765108196716
20.0,4.002007485883894,0.0,1.4147141117147004
20.0,3.859863570176167,0.0,1.2710322950090358
20.0,3.7920669612379747,0.0,1.038930748875077
20.0,3.805451996209158,0.0,1.1605078086266933
20.0,4.077282858114826,0.0,0.6963046384018761
20.0,4.4501594217026685,0.0,0.09947207867148052
20.0,4.6701393291314,0.0,0.0
20.0,4.750831300132462,0.0,0.0
20.0,4.80845651351394,0.0,0.0
20.0,4.882159192966283,0.0,0.0
20.0,5.017855620106064,0.0,0.0
20.0,5.14028632105468,0.0,0.0
20.0,5.189964277374343,0.0,0.0
20.0,5.1587420946830145,0.0,0.0
20.0,5.10604065311607,0.0,0.0
20.0,5.061055542345695,0.0,0.0
20.0,5.0718582901646485,0.0,0.0
20.0,5.104794075701502,0.0,0.0772477894281892
20.0,5.097592133752599,0.0,0.43038055571683004
20.0,5.067786003267788,0.0,0.7724779624941794
20.0,4.9781090755477075,0.0,1.0704335999095387
20.0,4.49604150479226,0.0,2.0415488618990243
20.0,3.7249310551610524,0.0,3.2356262411046366
20.0,3.336463996324649,0.0,2.962111315494472
20.0,2.800264468736285,0.0,3.4463017959316007
20.0,1.9846358084542997,0.0,5.497567488750809
20.0,2.741163960769546,0.0,1.8429117183175185
20.0,3.21490684387899,0.0,0.7504071167916344
20.0,3.524312899269684,0.0,0.3972743261414623
20.0,3.763599205153716,0.0,0.0662123909384479
20.0,3.92757101689716,0.0,0.0
20.0,4.057736232700716,0.0,0.0
20.0,4.176692559846617,0.0,0.0
20.0,4.290417837529207,0.0,0.0
20.0,4.402312805065877,0.0,0.0
20.0,4.521844068155325,0.0,0.0
20.0,4.6772240070276485,0.0,0.0
20.0,4.85640871473993,0.0,0.0
20.0,5.044936165393333,0.0,0.0
20.0,5.236209911851054,0.0,0.0
20.0,5.41304475159533,0.0,0.0
20.0,5.543929307122372,0.0,0.08828318791793052
20.0,5.565257110992291,0.0,0.44141597856810255
20.0,5.468929285107887,0.0,0.7835133073885521
20.0,5.384208008426842,0.0,1.081469100717711
20.0,5.315415818481746,0.0,1.3021770900017624
20.0,5.258114056800114,0.0,1.445637275240706
20.0,5.210685325986519,0.0,1.4897789666457963
20.0,5.126625099796955,0.0,1.4346018523894333
20.0,5.065015061254817,0.0,1.29114166715049
20.0,5.046937743708824,0.0,1.0593982550151664
20.0,5.129976296144272,0.0,0.7614425396429071
20.0,5.3052519002889955,0.0,0.4083097489927349
20.0,5.539967269750235,0.0,0.0662123909384479
20.0,5.7231145626167965,0.0,0.0
20.0,5.865842937008954,0.0,0.0
20.0,5.9828387487423855,0.0,0.0
20.0,6.067043451983522,0.0,0.0
20.0,6.131512427550535,0.0,0.0
20.0,6.179845929940331,0.0,0.0
20.0,6.228621598028048,0.0,0.0
20.0,6.2813934520627335,0.0,0.0
20.0,6.324447077042997,0.0,0.0
20.0,6.357274845036243,0.0,0.0
20.0,6.38768525802612,0.0,0.0
20.0,6.391157540671039,0.0,0.09931858153536557
20.0,6.357469333553389,0.0,0.45245136244092515
20.0,6.30577940642001,0.0,0.7945486522829246
20.0,6.237236168523531,0.0,1.0925045235689839
20.0,6.106388375915299,0.0,1.3132125128530354
20.0,5.93581080689614,0.0,1.4566726980919789
20.0,5.784581839585193,0.0,1.5008142335832688
20.0,5.680623273613035,0.0,1.445637275240706
20.0,5.67415189002394,0.0,1.29114166715049
20.0,5.731337747860695,0.0,1.0704335999095387
20.0,5.850593925858378,0.0,0.7614425396429071
20.0,6.017190692363947,0.0,0.4193451718440075
20.0,6.204779754809416,0.0,0.0772477894281892
20.0,6.301959537229106,0.0,0.0
20.0,6.366370200428953,0.0,0.0
20.0,6.426153961561868,0.0,0.0
20.0,6.493935656982794,0.0,0.0
20.0,6.596879748441974,0.0,0.0
20.0,6.692784852705647,0.0,0.0
20.0,6.753835689480377,0.0,0.0
20.0,6.776467389130872,0.0,0.0
20.0,6.79034014574324,0.0,0.0
20.0,6.806265341950113,0.0,0.0
20.0,6.837193890240031,0.0,0.0
20.0,6.826810300898223,0.0,0.11035399464202564
20.0,6.71139813559002,0.0,0.46348678529219767
20.0,6.541886069815639,0.0,0.8055840751341973
20.0,6.351839812443941,0.0,1.1035399464202564
20.0,6.17894828909384,0.0,1.3242479357043075
20.0,6.035300651793489,0.0,1.467708120943251
20.0,5.922039160022913,0.0,1.5118496564345412
20.0,5.838885514068914,0.0,1.4566726980919789
20.0,5.778341379189263,0.0,1.3021770900017624
20.0,5.755209944591649,0.0,1.0704335999095387
20.0,5.623712596570921,0.0,1.3573540483443256
20.0,5.716121837170051,0.0,0.8055840751341973
20.0,5.909982828459809,0.0,0.1544955788563784
20.0,6.023714985757558,0.0,0.0
20.0,6.106778162295725,0.0,0.0
20.0,6.179539903858329,0.0,0.0
20.0,6.240394639551401,0.0,0.0
20.0,6.3059483540830845,0.0,0.0
20.0,6.372221505961133,0.0,0.0
20.0,6.4338959611032704,0.0,0.0
20.0,6.504118507863467,0.0,0.0
20.0,6.5772997956325625,0.0,0.0
20.0,6.647162340098067,0.0,0.0
20.0,6.711595240073025,0.0,0.0
20.0,6.6925967370775306,0.0,0.17606156592986197
20.0,6.568281252113504,0.0,0.4859161157994278
20.0,6.3621147901968405,0.0,0.8282661808897018
20.0,6.135812100213038,0.0,1.1153983602649093
20.0,5.685926057642985,0.0,2.120361260927284
20.0,5.417899957526929,0.0,2.227776963034666
20.0,5.158723219298473,0.0,2.4074936741731916
20.0,5.219233456372474,0.0,1.4687920336809566
20.0,5.175802593298762,0.0,1.3141822966891297
20.0,5.174569208148904,0.0,1.0822676912013889
20.0,5.130564425826233,0.0,1.236877350236316
20.0,5.298793749195093,0.0,0.773048373131535
20.0,5.568338857434711,0.0,0.1766967782403487
20.0,5.7580611100827,0.0,0.0
20.0,5.867886568090997,0.0,0.0
20.0,5.9384939219715145,0.0,0.0
20.0,5.9947251466952975,0.0,0.0
20.0,6.034351515963863,0.0,0.0
20.0,6.0707877471945295,0.0,0.0
20.0,6.127946311612435,0.0,0.0
20.0,6.208441620595759,0.0,0.0
20.0,6.29364707358057,0.0,0.0
20.0,6.377684938694049,0.0,0.0
20.0,6.4363375445599855,0.0,0.0
20.0,6.424754829643093,0.0,0.1324247818768958
20.0,6.2151396269412285,0.0,0.7724779624941794
20.0,5.879033427437364,0.0,1.467708120943251
20.0,5.5291652308843915,0.0,1.9974071704939342
20.0,5.2673353937313285,0.0,2.1227466596826274
20.0,5.009276055471458,0.0,2.3505400780794568
20.0,5.0427066330280965,0.0,1.5339205021370865
20.0,4.947148389958367,0.0,1.4787435437945238
20.0,4.846730763433451,0.0,1.3242479357043075
20.0,4.773813691296648,0.0,1.0925045235689839
20.0,4.767504602924883,0.0,0.7945486522829246
20.0,4.820782642172012,0.0,0.45245136244092515
20.0,4.926984260390123,0.0,0.08828318791793052
20.0,5.019205776587341,0.0,0.0
20.0,5.0979219419228405,0.0,0.0
20.0,5.194285241094233,0.0,0.0
20.0,5.30030153599052,0.0,0.0
20.0,5.406581180273044,0.0,0.0
20.0,5.504278631638865,0.0,0.0
20.0,5.591128137697055,0.0,0.0
20.0,5.653033633070776,0.0,0.0
20.0,5.719547646143522,0.0,0.0
20.0,5.823001185663307,0.0,0.0
20.0,5.937473223347625,0.0,0.0
20.0,5.955342882388051,0.0,0.24277877651892144
20.0,5.6035366798098325,0.0,1.3875562189369939
20.0,3.186696610091506,0.0,9.040482441417238
20.0,2.603478614978481,0.0,7.407681916061918
20.0,2.602841530235107,0.0,5.164298156050017
20.0,2.8696341069810942,0.0,3.0633617287741486
20.0,2.9214928534707236,0.0,2.445601371487128
20.0,2.9035918067727713,0.0,2.1723792073989703
20.0,2.904028896314582,0.0,2.1187965100303328
20.0,3.1639316360169323,0.0,1.1035399464202564
20.0,3.281643029129829,0.0,0.8055840751341973
20.0,3.369186157424192,0.0,0.46348678529219767
20.0,3.4978724381758526,0.0,0.09931858153536557
20.0,3.661805850063465,0.0,0.0
20.0,3.8875271364937927,0.0,0.0
20.0,4.114521786500765,0.0,0.0
20.0,4.301638600517205,0.0,0.0
20.0,4.394264609422574,0.0,0.0
20.0,4.456316196809533,0.0,0.0
20.0,4.524622386942436,0.0,0.0
20.0,4.6097684530189955,0.0,0.0
20.0,4.710402579818166,0.0,0.0
20.0,4.82696233494462,0.0,0.0
20.0,4.942758602764386,0.0,0.0
20.0,4.956073999470293,0.0,0.24277877651892144
20.0,3.7683897922576737,0.0,4.447391149461269
20.0,3.943197155071111,0.0,2.1925508795246462
20.0,3.927642157109036,0.0,1.8208408726149732
20.0,3.7104147596993102,0.0,2.1739734683728953
20.0,3.4969811792555263,0.0,2.31831284374567
20.0,3.374735430495776,0.0,2.1948029761366374
20.0,3.116005199749424,0.0,2.667765409235217
20.0,3.160352063438986,0.0,2.129832088795405
20.0,3.4340864855670548,0.0,1.1145752133577291
20.0,3.611272079622698,0.0,0.8166194979854698
20.0,3.8083355935647623,0.0,0.46348678529219767
20.0,4.0332259936299755,0.0,0.11035399464202564
20.0,4.210480620423558,0.0,0.0
20.0,4.344777254433105,0.0,0.0
20.0,4.454439140335655,0.0,0.0
20.0,4.540199559528611,0.0,0.0
20.0,4.5999461459904705,0.0,0.0
20.0,4.653831307515575,0.0,0.0
20.0,4.714037793072525,0.0,0.0
20.0,4.798530528029045,0.0,0.0
20.0,4.895899808828245,0.0,0.0
20.0,4.998393301356514,0.0,0.0
20.0,5.102319087707866,0.0,0.0
20.0,5.157404552059508,0.0,0.16553099196303844
20.0,5.113903074801509,0.0,0.5296991275075832
20.0,5.028625213450925,0.0,0.8717965342849326
20.0,4.923757358065332,0.0,1.1697522496571922
20.0,4.811102781994931,0.0,1.3904601609843432
20.0,4.720087190560646,0.0,1.5228850792858142
20.0,4.658919861629766,0.0,1.5670266147771041
20.0,4.64193691652096,0.0,1.5118496564345412
20.0,4.670694711908492,0.0,1.3573540483443256
20.0,4.731703195833074,0.0,1.1256106362090015
20.0,4.794306111280561,0.0,0.8276549208367423
20.0,4.889689093783357,0.0,0.47452216916502027
20.0,5.019362848338099,0.0,0.11035399464202564
20.0,5.120065515318096,0.0,0.0
20.0,5.2401558619641335,0.0,0.0
20.0,5.357895724316905,0.0,0.0
20.0,5.466434173272048,0.0,0.0
20.0,5.557040698003968,0.0,0.0
20.0,5.638794672470403,0.0,0.0
20.0,5.694464808053987,0.0,0.0
20.0,5.7411454083789915,0.0,0.0
20.0,5.786131298589647,0.0,0.0
20.0,5.8370196113413115,0.0,0.0
20.0,5.893933922818137,0.0,0.0
20.0,5.890629568039642,0.0,0.17656637583586104
20.0,5.690542850122543,0.0,0.8497256885823874
20.0,5.193328775948984,0.0,2.254112455080861
20.0,3.5874946536376955,0.0,7.05152864903199
20.0,3.5392954240061227,0.0,5.000306585679969
20.0,3.788711323897191,0.0,3.374562628875858
20.0,4.002734738381784,0.0,2.4940001074045997
20.0,4.2556693200116165,0.0,1.5228850792858142
20.0,4.297487269663745,0.0,1.368389471195598
20.0,4.331612910195431,0.0,1.136646059060274
20.0,4.241302643387818,0.0,1.4566726980919789
20.0,3.9989362857093194,0.0,2.2994885159677603
20.0,4.566461848063514,0.0,0.19863716307073115
20.0,4.890138884938222,0.0,0.0
20.0,5.143353100834955,0.0,0.0
20.0,5.3673646847294485,0.0,0.0
20.0,5.531500674140472,0.0,0.0
20.0,5.613358129438816,0.0,0.0
20.0,5.666663105546079,0.0,0.0
20.0,5.712568223493662,0.0,0.0
20.0,5.758278936022462,0.0,0.0
20.0,5.814689185359837,0.0,0.0
20.0,5.882332564050982,0.0,0.0
20.0,5.950810170003355,0.0,0.0
20.0,5.958251064634395,0.0,0.1876017791979086
20.0,5.875825199836327,0.0,0.5628053181045007
20.0,5.7455580071270775,0.0,0.9049027248818503
20.0,5.563079181938431,0.0,1.1918230953597369
20.0,5.347470545216742,0.0,1.4125310066868884
20.0,5.090070945903248,0.0,1.5449559249883589
20.0,4.8184490894189125,0.0,1.5890973045658492
20.0,4.560107645423438,0.0,1.5228850792858142
20.0,4.324634959461061,0.0,1.3794248940468705
20.0,4.153892844293676,0.0,1.1476814819115468
20.0,4.0815377980744065,0.0,0.838690343688015
20.0,4.108223746228218,0.0,0.49659297588911533
20.0,4.218810939082969,0.0,0.1324247818768958
20.0,4.32291922502484,0.0,0.0
20.0,4.405998408220216,0.0,0.0
20.0,4.477047580222036,0.0,0.0
20.0,4.493618770454672,0.0,0.0
20.0,4.470580288706033,0.0,0.0
20.0,4.444304235790437,0.0,0.0
20.0,4.447336157664557,0.0,0.0
20.0,4.461815735755638,0.0,0.0
20.0,4.465660179938504,0.0,0.0
20.0,4.388486070214212,0.0,0.0
20.0,4.276353709101151,0.0,0.0
20.0,4.07594249539243,0.0,0.29759861430254947
20.0,3.902436229331296,0.0,0.5745493301983923
20.0,3.7589969702664283,0.0,0.9170691464384326
20.0,3.609066557384253,0.0,1.204343831026854
20.0,3.161867337662633,0.0,2.2540010595584734
20.0,2.798531146018326,0.0,2.463932598813077
20.0,2.7553518426288712,0.0,1.602108623004714
20.0,2.3910673757594645,0.0,2.4418343122817294
20.0,2.2858571943087735,0.0,2.241323887743769
20.0,2.2935806883568794,0.0,1.8230893055249917
20.0,2.345074122101319,0.0,1.3369319910769404
20.0,2.4067394404930624,0.0,0.8839221064259111
20.0,2.568972364082745,0.0,0.22098052660647777
20.0,2.7224000398245374,0.0,0.0
20.0,2.8637224588521915,0.0,0.0
20.0,2.996634366358679,0.0,0.0
20.0,3.0715298353384344,0.0,0.0
20.0,3.07466886396806,0.0,0.0
20.0,3.0558782627185668,0.0,0.0
20.0,3.0367542700437804,0.0,0.0
20.0,3.026879265697361,0.0,0.0
20.0,3.0492582345342654,0.0,0.0
20.0,3.1735427600071935,0.0,0.0
20.0,3.319659328610675,0.0,0.0
20.0,2.296506448389288,0.0,3.9807967808573226
20.0,1.4523098761338848,0.0,5.128145209923218
20.067077544212395,0.0,0.0,8.021159410402227
20.570888840233113,0.0,0.0,7.857129565508779
20.988059079896143,0.0,0.0,5.780563157235428
20.865976191722893,0.0,0.0,3.31968444671488
20.716336592884872,0.0,0.0,2.470667776037209
20.918347122503484,0.0,0.0,3.610749259071068
21.580209069060942,0.0,0.0,6.212982282671585
22.129278846274737,0.0,0.0,6.159620047252291
22.576307874794875,0.0,0.0,7.011132477852039
22.81469057531843,0.0,0.0,5.627391325671989
22.715902184802125,0.0,0.0,4.660428341643299
22.039095258363442,0.0,0.0,0.0
21.301866505678134,0.0,0.0,0.0
20.948309736064353,0.0,0.0,0.0
20.538024474790856,0.0,0.0,0.0
20.249943689950477,0.0,0.0,0.0
20.052746934310587,0.09160591456524951,0.0,0.0
20.0,0.27414052437710373,0.0,0.0
20.0,0.4278590586627656,0.0,0.0
20.0,0.5499569590417135,0.0,0.0
20.0,0.7099442305452976,0.0,0.0
20.0,0.8945948685503229,0.0,0.0
20.0,0.9404618632465765,0.0,0.3972743261414623
20.0,0.46472180582830336,0.0,1.8633456739355991
20.164245329964675,0.0,0.0,3.9368829189871994
20.223843177747735,0.0,0.0,2.1748937418720793
20.171439861496097,0.0,0.0,2.284327540971821
20.111842013713037,0.10546964712186309,0.0,1.5780620376283767
20.0,0.18219349386721861,0.0,1.6222037290334672
20.00283295755774,0.0,0.0,2.4719292617020545
20.221336742497996,0.0,0.0,3.474676357536091
20.972276521943556,0.0,0.0,7.04825674779082
21.562461252255225,0.0,0.0,6.857131945766033
21.219248922460977,0.0,0.0,2.80963707425189
20.490398052219966,0.0,0.0,0.2979557738399342
20.079837645010915,0.2352122925454589,0.0,0.0
20.0,0.669365452344395,0.0,0.0
20.0,1.0603034277130226,0.0,0.0
20.0,1.3883697181654862,0.0,0.0
20.0,1.6746430145330264,0.0,0.0
20.0,1.9488330084559857,0.0,0.0
20.0,2.2529952285272885,0.0,0.0
20.0,2.5635934073842996,0.0,0.0
20.0,2.871485892683171,0.0,0.0
20.0,3.163805326637327,0.0,0.0
20.0,3.4144887671881343,0.0,0.0
20.0,2.0714903627742025,0.0,5.302353657283473
20.0,0.5494012660351857,0.0,9.096498272394337
20.0,0.2345148178902875,0.0,7.629012609855148
20.08214657210373,0.0,0.0,7.407228886339043
20.08214657210373,0.43290674967650883,0.0,3.692857201806416
20.0,0.5163224570740729,0.0,2.4872279303072413
20.0,0.2930554270901484,0.0,2.58228333430098
20.0,0.3937282561252262,0.0,1.5670266147771041
20.0,0.45431960045279995,0.0,1.4125310066868884
20.0,0.572820607352098,0.0,1.1807876725084643
20.0,0.7070148585461801,0.0,0.8828319571362051
20.0,0.8522756700428807,0.0,0.5296991275075832
20.0,1.008854587436969,0.0,0.16553099196303844
20.0,1.1460002074965934,0.0,0.0
20.0,1.260304005944385,0.0,0.0
20.0,1.397466215042441,0.0,0.0
20.0,1.5723253942115683,0.0,0.0
20.0,1.756442849749114,0.0,0.0
20.0,1.9285472536246622,0.0,0.0
20.0,2.044079415056824,0.0,0.0
20.0,2.096363549436266,0.0,0.0
20.0,2.1412460470732344,0.0,0.0
20.0,2.1964975949575454,0.0,0.0
20.0,2.3104256137833157,0.0,0.0
20.0,2.362681262630455,0.0,0.25381417988096905
20.0,2.3529328793019926,0.0,0.6290177382767862
20.0,2.2959783573163524,0.0,0.9600796832244132
20.0,2.185585506826052,0.0,1.2470000537022998
20.0,2.026623313817868,0.0,1.467708120943251
20.0,1.8328924646409641,0.0,1.6001328833309219
20.0,1.6586749879047338,0.0,1.6332389959709397
20.0,1.2719277823091315,0.0,2.4940001074045997
20.0,1.0313545728216882,0.0,2.655046056774841
20.0,1.1055970436297018,0.0,1.8760178309575357
20.0,1.3386519355130846,0.0,0.8938673799874778
20.0,1.4759038824618942,0.0,0.5407345503588555
20.0,1.6448232008038353,0.0,0.17656637583586104
20.0,1.833700531669666,0.0,0.0
20.0,2.006432237075626,0.0,0.0
20.0,2.1854711774121096,0.0,0.0
20.0,2.36268503613466,0.0,0.0
20.0,2.523761662121825,0.0,0.0
20.0,2.657960121746623,0.0,0.0
20.0,2.7463386187623917,0.0,0.0
20.0,2.8254560404279294,0.0,0.0
20.0,2.9231209790139108,0.0,0.0
20.0,3.1231590057502516,0.0,0.0
20.0,3.3435942090101567,0.0,0.011035398489741315
20.0,3.3679124001425143,0.0,0.5296991275075832
20.0,3.1233195753825163,0.0,1.1918230953597369
20.0,0.8529753439289117,0.0,7.998206723770657
20.097149106382197,0.0,0.0,8.01835790169833
20.097149106382197,0.17109465744961602,0.0,4.241743737099093
20.0,0.08752753294241201,0.0,3.521816854210816
20.0,0.26757131369369747,0.0,2.5491593524455007
20.171094134996853,0.0,0.0,4.192590621878322
20.74415002609534,0.0,0.0,6.473249525690676
21.511781586692777,0.0,0.0,8.378417399573761
21.805762357577226,0.0,0.0,6.742080280760676
21.142998232468504,0.0,0.0,1.2402926969085473
20.386194295941955,0.0,0.0,0.32002656107480437
20.110232725456388,0.27671371285932156,0.0,0.0
20.0,0.6406729624804008,0.0,0.0
20.0,0.9874125264870558,0.0,0.0
20.0,1.2486761329351106,0.0,0.0
20.0,1.4762210771576871,0.0,0.0
20.0,1.6958327506006188,0.0,0.0
20.0,1.9512543538475517,0.0,0.0
20.0,2.22995033248879,0.0,0.0
20.0,2.5056359437089206,0.0,0.0
20.0,2.749265144523322,0.0,0.0
20.0,2.94742054632396,0.0,0.02207079697948263
20.0,2.9962317381059256,0.0,0.44141597856810255
20.0,2.9948965936713408,0.0,0.6510885450008812
20.0,2.9736639528586886,0.0,0.9821505289269584
20.0,2.900280402529994,0.0,1.2690708994048447
20.0,2.5414129721082523,0.0,2.3615753450169286
20.0,2.21574754825925,0.0,2.8468306170994353
20.0,2.013432139673249,0.0,2.8388768490778045
20.0,1.6993661393292132,0.0,3.0701684850563753
20.0,0.6995843784180761,0.0,5.677530102293159
20.018769905612256,0.0,0.0,6.759891845153036
20.07700242011811,0.0,0.0,6.013944156553925
20.058232514505853,1.0760176831847155,0.0,1.6991037681783818
20.0,1.8812147226865958,0.0,0.3531327516717221
20.0,2.405865782963164,0.0,0.0
20.0,2.6899961634552407,0.0,0.0
20.0,2.9088264178061376,0.0,0.0
20.0,3.1333047784600057,0.0,0.0
20.0,3.3977323598493157,0.0,0.0
20.0,3.656281650829268,0.0,0.0
20.0,3.8804673503326192,0.0,0.0
20.0,4.055637281246608,0.0,0.0
20.0,4.229697748181028,0.0,0.0
20.0,4.449195757434127,0.0,0.0
20.0,4.676349511922316,0.0,0.02207079697948263
20.0,3.092274794659582,0.0,6.233229840783213
20.0,1.7075924557862567,0.0,9.263613270276824
20.0,1.8405837761783752,0.0,6.3856801389305495
20.0,1.9904377089918692,0.0,5.038202281391489
20.0,2.6484151736834125,0.0,2.3749073685547604
20.0,2.7025825685320806,0.0,2.656986733855393
20.0,2.843358967435213,0.0,2.346556728179734
20.0,2.27315666038319,0.0,4.662769126988981
20.0,2.1575308942917117,0.0,4.779574402419283
20.0,1.605195839649556,0.0,6.469499493570953
20.0,1.3780505901748419,0.0,6.098543137909959
20.0,2.2712450589297077,0.0,1.8526451351207358
20.0,2.892816110737573,0.0,0.3641681745229947
20.0,3.328398329705928,0.0,0.0
20.0,3.7604737453086594,0.0,0.0
20.0,4.159094245455353,0.0,0.0
20.0,4.497890694679526,0.0,0.0
20.0,4.7004223190104515,0.0,0.0
20.0,4.842097569281347,0.0,0.0
20.0,4.969198202912699,0.0,0.0
20.0,5.112757851002372,0.0,0.0
20.0,5.300040442164415,0.0,0.0
20.0,5.544892412323638,0.0,0.0
20.0,5.579038893987502,0.0,0.7685610601252739
20.0,3.7997863169806965,0.0,7.360414478379397
20.0,2.5699533178879617,0.0,9.192041941211848
20.0,2.105267810989414,0.0,7.940861980126838
20.0,2.0255873697513422,0.0,6.302759594350421
20.0,2.83219812030596,0.0,2.3946816135707474
20.0,3.1519666532962667,0.0,1.6442742629084122
20.0,3.231580087199804,0.0,1.67738068737603
20.0,3.01241337213603,0.0,2.597867085450099
20.0,2.0109937264033944,0.0,5.812708194936723
20.0,1.1274508976519995,0.0,7.57823695870238
20.0,2.2275159307853434,0.0,2.200773898250662
20.0,0.46136879097108446,0.0,9.15802937370056
20.0,1.707220877365366,0.0,2.786894620423403
20.0,2.8779596012193442,0.0,0.0
20.0,3.4641559131863726,0.0,0.0
20.0,3.9188672134967937,0.0,0.0
20.0,4.283361736621818,0.0,0.0
20.0,4.575645731189652,0.0,0.0
20.0,4.836130782205154,0.0,0.0
20.0,5.073963984500434,0.0,0.0
20.0,5.305272286897743,0.0,0.0
20.0,5.528940126328623,0.0,0.0
20.0,5.746278648688846,0.0,0.0
20.0,5.590389243316119,0.0,1.223614732410304
20.0,3.863328529114814,0.0,7.21821940746937
20.0,2.740925884893554,0.0,8.679844257018596
20.0,2.142697337375155,0.0,8.14340305802727
20.0,1.982056598947545,0.0,6.719471575558513
20.0,2.1460246968899686,0.0,4.911347728524455
20.0,2.322817214520441,0.0,3.7866816383846844
20.0,2.5536055495894834,0.0,2.8371218627447794
20.0,1.943806799813804,0.0,4.334645790118524
20.0,0.8780677663442394,0.0,6.732107558319288
20.0,0.2188177745028305,0.0,7.08268363094629
20.223724506666642,0.0,0.0,8.11042002720124
20.223724506666642,0.06961910718888652,0.0,5.485117587449618
20.0,1.4513015544427696,0.0,0.3531327516717221
20.0,2.203392998241721,0.0,0.0
20.0,2.7095487490330967,0.0,0.0
20.0,3.1068295035108977,0.0,0.0
20.0,3.380173551518358,0.0,0.0
20.0,3.5550576492442874,0.0,0.0
20.0,3.7057561110983888,0.0,0.0
20.0,3.8891530993724963,0.0,0.0
20.0,4.145597887377444,0.0,0.0
20.0,4.417459704759005,0.0,0.0
20.0,4.685204550985832,0.0,0.0
20.0,4.736358760398102,0.0,0.6173032437757102
20.0,3.2680157394169105,0.0,5.914870282472946
20.0,1.7410290360957796,0.0,9.163328678446483
20.0,0.9142591141760608,0.0,8.955410285898186
20.0,0.522543892021616,0.0,7.7858362557369505
20.0,0.7080346789783734,0.0,5.344764774151986
20.0,1.1373061974159726,0.0,3.151971429608638
20.0,1.341143565949064,0.0,2.468508942564006
20.0,0.8056774273104383,0.0,3.885965368250014
20.08929694297237,0.0,0.0,6.454807247492217
20.573846863247248,0.0,0.0,8.079627029755304
20.94539872913282,0.0,0.0,7.1749763782081155
20.968896599500955,0.0,0.0,6.442846513346643
20.508047790643012,0.051297923760438506,0.0,2.1562489926657222
20.0,0.7861005199517401,0.0,0.0
20.0,1.4256210287565774,0.0,0.0
20.0,1.900412731985715,0.0,0.0
20.0,2.281586666836374,0.0,0.0
20.0,2.587877170887837,0.0,0.0
20.0,2.8135975697462063,0.0,0.0
20.0,2.9562961537346077,0.0,0.0
20.0,3.0732669454838386,0.0,0.0
20.0,3.195541312230295,0.0,0.0
20.0,3.4560658963445,0.0,0.0
20.0,3.7312110569674486,0.0,0.0662123909384479
20.0,3.4542482789638433,0.0,1.729946512905939
20.0,1.5459101172734195,0.0,7.881654732786057
20.0,0.7843081649698028,0.0,7.224871039178381
20.0,0.745077981580778,0.0,4.97756854330546
20.0,0.24758253672768155,0.0,5.463899355848587
20.0,0.4921213141569913,0.0,3.6244971008151157
20.0,0.8374169857699194,0.0,2.374816054868304
20.0,0.36361064323334075,0.0,3.9062216294877934
20.130933169825248,0.0,0.0,5.386649542393877
20.769299601637968,0.0,0.0,8.346678869698852
21.468602351154246,0.0,0.0,9.052316871837599
21.82410773810396,0.0,0.0,8.76596784542222
21.63178373814475,0.0,0.0,5.071273915181791
20.638396990165745,0.0,0.0,0.0
20.00048507078343,0.2829472438847167,0.0,0.0
20.0,0.9368827969677174,0.0,0.0
20.0,1.414962481272313,0.0,0.0
20.0,1.787729576358284,0.0,0.0
20.0,2.1065815060625592,0.0,0.0
20.0,2.40191806636724,0.0,0.0
20.0,2.69621590757926,0.0,0.0
20.0,3.0121960278831263,0.0,0.0
20.0,3.337024565939274,0.0,0.0
20.0,3.253101167578853,0.0,1.3494045286524166
20.0,1.5367223891346253,0.0,7.463192581219732
20.0,1.0461340268497505,0.0,6.520283326945019
20.131722339418175,0.0,0.0,8.975504418693834
20.437559350939445,0.0,0.0,7.640670496548609
20.531590130608187,0.0,0.0,5.4260846739157325
20.3357191136826,0.0,0.0,3.6131630011030933
20.147704072694367,0.0,0.0,2.926872507466978
20.21565716365523,0.0,0.0,3.5669486385183937
20.826221593035083,0.0,0.0,6.816821141905358
21.286594809294012,0.0,0.0,6.077760037249433
21.288762428595945,0.0,0.0,4.789849594401935
21.341958815292976,0.0,0.0,4.693912241672474
20.96909061685679,0.0,0.0,1.5262801206394017
20.331945372565215,0.0,0.0,0.0
20.054343444220933,0.25548043821067645,0.0,0.0
20.0,0.6882291365359319,0.0,0.0
20.0,1.0730154878432383,0.0,0.0
20.0,1.3919938798514098,0.0,0.0
20.0,1.679239757235288,0.0,0.0
20.0,1.9539902711250274,0.0,0.0
20.0,2.2318346108481557,0.0,0.0
20.0,2.51306539470819,0.0,0.0
20.0,2.7835129176191065,0.0,0.0
20.0,3.0084679404335635,0.0,0.04414159395896526
20.0,3.048204926578304,0.0,0.3641681745229947
20.0,2.7469240059967626,0.0,1.1476814819115468
20.0,2.2700441977823034,0.0,1.8076105528779176
20.0,1.1378101333650152,0.0,4.429724914080951
20.0,0.3187646334136742,0.0,5.164980104190546
20.0,0.39014867360757,0.0,3.251800801424061
20.0,0.45802397023417546,0.0,2.430781649271389
20.0,0.3593735266331512,0.0,2.4788946723416494
20.0,0.3063206398121676,0.0,2.368785210777255
20.0,0.35440839569533833,0.0,2.008442749259007
20.0,0.6495321647746298,0.0,0.9711151060756857
20.0,0.8745840177953181,0.0,0.6179823154255136
20.0,1.1469309591624266,0.0,0.25381417988096905
20.0,1.442026211985002,0.0,0.011035398489741315
20.0,1.716585073012393,0.0,0.0
20.0,1.9863962984182095,0.0,0.0
20.0,2.2350847720760876,0.0,0.0
20.0,2.444811548355873,0.0,0.0
20.0,2.6291971967986156,0.0,0.0
20.0,2.799739085137836,0.0,0.0
20.0,2.9710274250753637,0.0,0.0
20.0,3.158586690541407,0.0,0.0
20.0,3.4004970324894868,0.0,0.0
20.0,3.2223659615403366,0.0,1.459824554298168
20.0,1.5739922518614264,0.0,7.274353495372072
20.0,0.8559046291182797,0.0,7.009288577715061
20.165546079251875,0.0,0.0,8.531192781718934
20.582587909585286,0.0,0.0,7.662381653659775
20.811270511353108,0.0,0.0,5.526156512328935
20.704888638384894,0.0,0.0,3.4807364345990957
20.569794584391865,0.0,0.0,2.5643341088194425
20.772943585230657,0.0,0.0,4.159710229470212
21.14419175751455,0.0,0.0,5.0368574934663854
21.193176330194873,0.0,0.0,3.915277520676718
21.36949035790832,0.0,0.0,5.3002325362449785
21.97953329456448,0.0,0.0,7.984518744967167
21.433796082952064,0.0,0.0,0.45245136244092515
20.56278934079447,0.0,0.0,0.011035398489741315
20.348418995417706,0.0,0.0,0.0
20.04658927003483,0.09301619624829781,0.0,0.0
20.0,0.38605116790625393,0.0,0.0
20.0,0.6609422983852143,0.0,0.0
20.0,0.9059284223610786,0.0,0.0
20.0,1.1639762688446031,0.0,0.0
20.0,1.443659342004919,0.0,0.0
20.0,1.720394705360296,0.0,0.0
20.0,1.9765185154493925,0.0,0.0
20.0,2.1476551857245876,0.0,0.09931858153536557
20.0,2.051728756538739,0.0,0.7173009261947166
20.0,1.709712458080879,0.0,1.6357471489486326
20.315540259813996,0.0,0.0,9.060747420436824
20.60381521310267,0.0,0.0,6.113654353146584
20.74943522505613,0.0,0.0,5.634489308555946
20.789977730791996,0.0,0.0,3.9149452181645756
20.603309799926752,0.0,0.0,2.7526076350162536
20.581418888271703,0.0,0.0,2.5934395676839377
20.95841808973424,0.0,0.0,4.90023444597387
21.52677991032413,0.0,0.0,6.223259971597478
22.207934167392605,0.0,0.0,8.739966383069364
22.80033220052666,0.0,0.0,8.966174671013366
22.619651049279575,0.0,0.0,5.29693384012895
21.652974186535644,0.0,0.0,0.011035398489741315
20.886449171707937,0.0,0.0,0.0
20.51632491864219,0.0,0.0,0.0
20.13088528528376,0.037856221626384974,0.0,0.0
20.0,0.3879883854213323,0.0,0.0
20.0,0.7877337009911974,0.0,0.0
20.0,1.1444850445160895,0.0,0.0
20.0,1.4746802410463393,0.0,0.0
20.0,1.773014207783603,0.0,0.0
20.0,2.0304237990430316,0.0,0.0
20.0,1.906079372949769,0.0,1.1488086167689395
20.0,0.8906593771066884,0.0,4.796560715856817
20.0,1.4576069385393202,0.0,1.7216994258077813
20.0,1.5643856971141537,0.0,1.732557801632393
20.0,1.621224402978769,0.0,1.3794248940468705
20.0,1.109510361553176,0.0,2.45129789470948
20.0,0.38192826841896427,0.0,3.4090598023709022
20.0,0.13010100923012943,0.0,2.5069033325976053
20.335715381955115,0.0,0.0,4.2957622814942376
21.054894346667908,0.0,0.0,6.783572209711484
21.76297351301049,0.0,0.0,8.242898108404157
22.058648860568283,0.0,0.0,6.522316471135766
22.4767147033074,0.0,0.0,8.39172641546804
22.854959679203333,0.0,0.0,7.1382903218934475
21.976061175327036,0.0,0.0,0.011035398489741315
21.11704314187867,0.0,0.0,0.0
20.77093661742463,0.0,0.0,0.0
20.31494736889633,0.0,0.0,0.0
20.078092006189852,0.24669094174245806,0.0,0.0
20.0,0.6412864023363283,0.0,0.0
20.0,1.0189381311824075,0.0,0.0
20.0,1.3111342353785747,0.0,0.0
20.0,1.5857644264943034,0.0,0.0
20.0,1.8983376906428666,0.0,0.0
20.0,2.183713100174274,0.0,0.1324247818768958
20.0,2.1965938650323045,0.0,0.7614425396429071
20.0,0.944763616638803,0.0,5.080696948886326
20.182422880093014,0.0,0.0,7.529065336045305
20.774173673919595,0.0,0.0,7.947860333108252
21.17285930626738,0.0,0.0,5.807348422617109
21.149951643011793,0.0,0.0,3.463748885363825
21.191178405638954,0.0,0.0,2.7452746678432898
21.546674558914432,0.0,0.0,4.153698152690485
22.274414420118628,0.0,0.0,6.948013119999295
22.494410384941126,0.0,0.0,4.51699910510968
22.8324774260831,0.0,0.0,7.31605827133436
23.528550329708715,0.0,0.0,8.25637440982841
23.6639451683847,0.0,0.0,6.683143878137081
22.95731793794586,0.0,0.0,0.8163082589231831
22.137127232901488,0.0,0.0,0.0
21.774193466599193,0.0,0.0,0.0
21.406449991932128,0.0,0.0,0.0
21.13091486298937,0.0,0.0,0.0
20.882110924691457,0.0,0.0,0.0
20.671800790505635,0.0,0.0,0.0
20.47097759834959,0.0,0.0,0.0
20.265546499033604,0.0,0.0,0.0
20.079570793108886,0.13284297119297359,0.0,0.0
20.11049504478573,0.0,0.0,2.445673841502461
20.907606390546086,0.0,0.0,8.053313975607054
21.733731449868163,0.0,0.0,8.149711671891863
22.377612303273963,0.0,0.0,8.998555439744477
22.960140186012694,0.0,0.0,7.462769812366944
23.1387953846833,0.0,0.0,5.8073910634916945
23.022982840382248,0.0,0.0,3.2188532681344317
22.830682245239526,0.0,0.0,2.7713920379998793
22.999426558077513,0.0,0.0,3.522195206026435
23.65876018443921,0.0,0.0,6.919188372603631
24.285143933618123,0.0,0.0,7.067561750684544
24.265521774463274,0.0,0.0,4.7257044700638975
24.567058269900887,0.0,0.5102785256305813,9.32286365109943
25.0,0.0,0.056382135845964916,7.230894690705249
24.22751576082991,0.0,0.0,0.7626142873939444
23.337114772968484,0.0,0.0,0.0
22.971884107007337,0.0,0.0,0.0
22.58660165211986,0.0,0.0,0.0
22.296780502123283,0.0,0.0,0.0
22.02316008560756,0.0,0.0,0.0
21.79996843087742,0.0,0.0,0.0
21.600409829201354,0.0,0.0,0.0
21.406178934356877,0.0,0.0,0.0
21.201850187274466,0.0,0.0,0.0
21.271392351332864,0.0,0.0,2.130942108255555
22.089896283670377,0.0,0.0,7.615241939624643
22.88149171751134,0.0,0.0,8.117903070741034
23.045140898007897,0.0,0.0,6.100545149127819
23.465065126985813,0.0,0.0,7.644867878103619
23.778780226676524,0.0,0.0,5.808094621668731
23.601648364892885,0.0,0.0,3.4816315154146436
23.47893730657737,0.0,0.0,2.6239033107078606
23.65980659985027,0.0,0.0,3.775022470512173
24.18862228745027,0.0,0.0,5.950227292302089
24.748781633786162,0.0,0.0795557943502758,7.483055736331817
25.0,0.0,0.48927117106512014,7.832936936441917
25.0,0.0,1.1836099698781617,8.855461919567443
25.0,0.0,0.9570707348490315,6.8535681394304815
24.50076109090845,0.0,0.0,0.03310619546922395
23.789426497182376,0.0,0.0,0.0
23.328296668300155,0.0,0.0,0.0
22.894715934007383,0.0,0.0,0.0
22.548960857311123,0.0,0.0,0.0
22.24141204447506,0.0,0.0,0.0
21.954872407708706,0.0,0.0,0.0
21.6733519129356,0.0,0.0,0.0
21.37682241040718,0.0,0.0,0.0
21.056188140398884,0.0,0.0,0.0
20.980402422228366,0.0,0.0,1.8966181960828012
21.79691746478064,0.0,0.0,8.190013115998985
22.744273013738823,0.0,0.0,9.07400100195341
23.332110033389213,0.0,0.0,9.001935125753413
23.815769359761383,0.0,0.0,7.802753364084142
23.897817041593065,0.0,0.0,5.808963504721441
23.63085288646817,0.0,0.0,3.487214761882917
23.32012527160672,0.0,0.0,2.7409281071875102
23.458023666731346,0.0,0.0,4.0804231700423905
24.045227076783178,0.0,0.0,6.4474912275094045
24.631083241832023,0.0,0.0,7.0932194377084885
24.922826608243604,0.0,0.42566316340538224,8.263175700779993
25.0,0.0,0.9628419367046364,9.286663195756143
25.0,0.0,0.233186771189131,5.94612577578221
24.188544693443138,0.0,0.0,0.04414159395896526
23.25170005589771,0.0,0.0,0.0
22.799594743288445,0.0,0.0,0.0
22.270564549124792,0.0,0.0,0.0
21.84220676489744,0.0,0.0,0.0
21.417511660289723,0.0,0.0,0.0
21.04410244841953,0.0,0.0,0.0
20.693497577778366,0.0,0.0,0.0
20.342053570588067,0.0,0.0,0.0
20.08322837754603,0.22090317155477046,0.0,0.0
20.056588274668076,0.0,0.0,2.8279485995070566
20.460562246431376,0.0,0.0,6.044392324435458
21.292811563572982,0.0,0.0,9.426359554386256
21.93129990064788,0.0,0.0,9.007090980166788
22.159708101735454,0.0,0.0,7.563074847651738
22.178253920755317,0.0,0.0,5.923157677754437
21.8537147851837,0.0,0.0,3.607033765275324
21.463993896078478,0.0,0.0,2.860869127269048
21.382583683969287,0.0,0.0,3.3049639332501686
21.795189856183626,0.0,0.0,6.210046639485364
22.371165386697808,0.0,0.0,7.413551541114861
22.811467904473183,0.0,0.0,8.096324348390588
23.330515277617508,0.0,0.0,9.302229009178715
23.49686827053234,0.0,0.0,7.519710329961965
22.535224472693614,0.0,0.0,0.6003605834972686
21.53926733603232,0.0,0.0,0.0
21.082936096852652,0.0,0.0,0.0
20.60464247619335,0.0,0.0,0.0
20.257792941442023,0.0,0.0,0.0
20.041494777105235,0.22641496253311438,0.0,0.0
20.0,0.6110317725806331,0.0,0.0
20.0,1.0129032349981166,0.0,0.0
20.0,1.39248707094178,0.0,0.0
20.0,1.7497009987755234,0.0,0.0
20.0,1.2275342982986734,0.0,2.885536805744106
20.064861897378137,0.0,0.0,7.367559114787354
20.649631730560586,0.0,0.0,9.425767791712646
21.197034849941847,0.0,0.0,8.363181243863098
21.27833131468865,0.0,0.0,6.736089318246848
21.262600477077953,0.0,0.0,5.075455670744707
21.111924562243995,0.0,0.0,3.7697031504386076
20.976574324570347,0.0,0.0,3.1889148258857682
21.11541548876812,0.0,0.0,4.150220703419153
21.309018378383975,0.0,0.0,3.90728230521337
21.242928618999045,0.0,0.0,2.796906174765464
21.525638001526325,0.0,0.0,5.492364554701667
21.837506559155322,0.0,0.0,5.647517895385131
21.270737857977114,0.0,0.0,1.2012237074954217
20.545513375937187,0.0,0.0,0.0662123909384479
20.17478586349721,0.04330833756786887,0.0,0.0
20.0,0.36797784416175594,0.0,0.0
20.0,0.7733461473693751,0.0,0.0
20.0,1.1126920235256532,0.0,0.0
20.0,1.4104821404281471,0.0,0.0
20.0,1.6783388394192702,0.0,0.0
20.0,1.9209268282430194,0.0,0.0
20.0,2.1571449415160977,0.0,0.0
20.0,2.3982842816303798,0.0,0.0
20.0,2.5735430750388333,0.0,0.24277877651892144
20.0,2.596746442543954,0.0,0.7504071167916344
20.0,2.6210953142357334,0.0,0.838690343688015
20.0,2.473924758021361,0.0,1.1697522496571922
20.0,2.24620835802897,0.0,1.445637275240706
20.0,1.994143024852981,0.0,1.6553098416734846
20.0,1.7489390264678675,0.0,1.7766991812098827
20.0,1.547801478312443,0.0,1.8098054497637006
20.0,1.4376300226089613,0.0,1.7435930685698653
20.0,1.145215849858416,0.0,2.5050353743420724
20.0,1.1028144899544714,0.0,2.254637311077274
20.0,1.168269018454246,0.0,1.8429117183175185
20.0,1.374412123704735,0.0,1.1035399464202564
20.0,1.6731153377937558,0.0,0.3420973677988995
20.0,1.9248910346456736,0.0,0.03310619546922395
20.0,2.1165455455367272,0.0,0.0
20.0,2.2778226774979946,0.0,0.0
20.0,2.3934555034052996,0.0,0.0
20.0,2.4653730700451626,0.0,0.0
20.0,2.5264605127757873,0.0,0.0
20.0,2.5939530784049163,0.0,0.0
20.0,2.683410006116157,0.0,0.0
20.0,2.7979614984344674,0.0,0.0
20.0,2.9432251387119406,0.0,0.0
20.0,3.0264009741985096,0.0,0.20967258592200375
20.0,2.9249666420262086,0.0,0.8497256885823874
20.0,2.6372282394164035,0.0,1.5118496564345412
20.0,1.5508283865136843,0.0,4.439842489322461
20.0,0.4197274426338279,0.0,6.43647519963368
20.0,0.44839356215831583,0.0,4.164835717013331
20.0,0.485115743325239,0.0,3.3125854239648325
20.0,0.5763439579607722,0.0,2.63113371977986
20.0,0.48594402013758853,0.0,2.7912489309260424
20.0,0.4188394301920521,0.0,2.740240502907375
20.0,0.5337747256899051,0.0,2.1408671998190774
20.0,0.8830456836274646,0.0,1.0593982550151664
20.0,1.0148217987206913,0.0,1.1145752133577291
20.0,1.2980494877515998,0.0,0.5517699732101282
20.0,1.6163219614659545,0.0,0.04414159395896526
20.0,1.8388103022811104,0.0,0.0
20.0,2.0275408301784283,0.0,0.0
20.0,2.182389417416618,0.0,0.0
20.0,2.3362110194118575,0.0,0.0
20.0,2.4991805866934658,0.0,0.0
20.0,2.7013988104171345,0.0,0.0
20.0,2.9214640659344555,0.0,0.0
20.0,3.1476897804450465,0.0,0.0
20.0,3.3683750506028685,0.0,0.0
20.0,2.4187390745180486,0.0,3.8399454970377818
20.0,0.8357938328116871,0.0,8.443871049701782
20.060553478241182,0.0,0.0,9.211784454296465
20.221041962735192,0.0,0.0,7.70714133065017
20.48143528542211,0.0,0.0,7.644674150013038
20.542251543886913,0.0,0.0,5.755245407093613
20.29912248809155,0.0,0.0,3.833190548846324
20.089256257365367,0.0,0.0,3.1644960230719597
20.01143851223263,0.044843853025094076,0.0,2.7360264975317667
20.017915093122365,0.0,0.0,3.0404058451000653
20.017915093122365,0.030515854401682092,0.0,2.638961838330739
20.0,0.05393788580553923,0.0,2.4976811117762567
20.0,0.22295244871925712,0.0,1.9895279267791122
20.0,0.6842909508212566,0.0,0.684194735597799
20.0,1.0775215983623556,0.0,0.08828318791793052
20.0,1.350988411883162,0.0,0.0
20.0,1.5933227781393766,0.0,0.0
20.0,1.8602805942688347,0.0,0.0
20.0,2.1350994722595837,0.0,0.0
20.0,2.4030234267300776,0.0,0.0
20.0,2.603039017319146,0.0,0.0
20.0,2.7507295763183035,0.0,0.0
20.0,2.8889020977353357,0.0,0.0
20.0,3.056424488019289,0.0,0.0
20.0,3.194513771293334,0.0,0.1544955788563784
20.0,3.2344437544938085,0.0,0.5076283597619381
20.0,2.940642786741551,0.0,1.5449559249883589
20.0,0.7602494863363326,0.0,8.406924853410738
20.039942049334336,0.0,0.0,7.945180075664384
20.104548092188733,0.0,0.0,5.692960575193709
20.064606042854397,0.16608948759448444,0.0,3.302003010284486
20.0,0.12392680209448574,0.0,2.806988971249822
20.205544177773895,0.0,0.0,4.265635502194198
20.558217427750936,0.0,0.0,5.1550391778559455
20.567209256767086,0.0,0.0,3.472407238796279
20.52961491461316,0.0,0.0,3.5405089072907803
21.14816898815849,0.0,0.0,7.338561480837699
21.46299626523866,0.0,0.0,5.269151295682966
20.826437070325042,0.0,0.0,0.8750490300717826
20.201670540776426,0.0,0.0,0.0
20.00513965535467,0.3871394972816617,0.0,0.0
20.0,0.8349927427032768,0.0,0.0
20.0,1.1685342828535148,0.0,0.0
20.0,1.4525414789991513,0.0,0.0
20.0,1.7284371479086824,0.0,0.0
20.0,2.002051666052988,0.0,0.0
20.0,2.2840506977688264,0.0,0.0
20.0,2.588027526189673,0.0,0.0
20.0,1.8737223399298495,0.0,3.420774169317123
20.0,0.5163556061313123,0.0,7.553573047113136
20.212259941171403,0.0,0.0,8.46547464715146
20.596624232946795,0.0,0.0,7.481722761017371
20.922964366660377,0.0,0.0,6.730138583289507
21.152715306083085,0.0,0.0,5.7633973295510925
21.033345518293697,0.0,0.0,3.450075763280566
20.8668793896325,0.0,0.0,3.1023804471047516
21.142514993503514,0.0,0.0,4.477632372116697
21.55861832545002,0.0,0.0,5.15833181131169
22.352787344609304,0.0,0.0,8.734747141382364
22.949768813247694,0.0,0.0,7.5503992748944695
23.116236251334783,0.0,0.0,7.335433416106584
23.4244118182949,0.0,0.0,7.7228351327280365
22.691115410519593,0.0,0.0,0.842390527678407
21.740442797937945,0.0,0.0,0.0
21.36738119149588,0.0,0.0,0.0
20.96724825964389,0.0,0.0,0.0
20.687739390977015,0.0,0.0,0.0
20.415527221858962,0.0,0.0,0.0
20.16344237818649,0.0,0.0,0.0
20.01755062165627,0.24879997159926762,0.0,0.0
20.0,0.6117083112811491,0.0,0.0
20.0,0.9355314276254729,0.0,0.0
20.094217392309815,0.0,0.0,4.758730131106107
20.804613508417766,0.0,0.0,8.527602593525609
21.266636202677855,0.0,0.0,6.439217967166618
21.37353795963723,0.0,0.0,6.294155203325559
21.885232041702466,0.0,0.0,7.367180215185787
21.668999313498556,0.0,0.0,2.6189380954262798
21.346899121810633,0.0,0.0,2.6678044505799003
21.41173705702858,0.0,0.0,2.5417089498479175
21.46704269889193,0.0,0.0,3.1088434205347677
21.63877051991324,0.0,0.0,3.2534225007641857
21.950258929488975,0.0,0.0,4.952768736809538
21.98089168930627,0.0,0.0,2.954071981453967
21.562946240598382,0.0,0.0,1.3021770900017624
21.158360456379032,0.0,0.0,0.3862389812470897
20.75631243629841,0.0,0.0,0.05517699732101282
20.422338686998128,0.0,0.0,0.0
20.129704127400338,0.014889027893991118,0.0,0.0
20.0,0.25327647652427715,0.0,0.0
20.0,0.4858349984087787,0.0,0.0
20.0,0.6688309744340061,0.0,0.0
20.0,0.8332727161369419,0.0,0.0
20.0,1.0112969831949643,0.0,0.0
20.0,1.1856894826979179,0.0,0.0
20.0,1.3457692882489047,0.0,0.0
20.0,1.4285050990824997,0.0,0.17656637583586104
20.0,1.421915967429466,0.0,0.5407345503588555
20.0,1.4053727286681938,0.0,0.8938673799874778
20.0,1.3713449969668323,0.0,1.224929207999755
20.0,1.324143716622768,0.0,1.5008142335832688
20.0,1.2501559972199092,0.0,1.6994513771647748
20.0,1.1732969644044595,0.0,1.8208408726149732
20.0,1.1083616873811115,0.0,1.8429117183175185
20.0,1.0718354461788273,0.0,1.7766991812098827
20.0,1.0818285801544294,0.0,1.6222037290334672
20.0,1.142848379116468,0.0,1.3904601609843432
20.0,1.273021253124025,0.0,1.0925045235689839
20.0,1.4742435272082204,0.0,0.7504071167916344
20.0,1.707325093092869,0.0,0.3972743261414623
20.0,1.9505795743318999,0.0,0.0662123909384479
20.0,2.113710234985936,0.0,0.0
20.0,2.242028875746174,0.0,0.0
20.0,2.3531927792053953,0.0,0.0
18.871130362355803,0.0,0.0,0.0
18.045366438155817,0.0,0.0,0.0
18.068452686771085,0.0,0.0,0.0
17.76236771293363,0.0,0.0,0.0
17.61384556471038,0.0,0.0,0.0
17.442946149333764,0.0,0.0,0.0
17.3675459624368,0.0,0.0,0.1876017791979086
17.347679786972158,0.0,0.0,0.5517699732101282
17.344139505413064,0.0,0.0,0.9049027248818503
17.314890410657632,0.0,0.0,1.224929207999755
17.28490033222675,0.0,0.0,1.5008142335832688
17.278879583942185,0.0,0.0,1.7104869559298472
17.302580041696856,0.0,0.0,1.8318762954662458
17.344530553279967,0.0,0.0,1.8539471411687907
17.522924248129264,0.0,0.0,2.836097592138849
17.718187538661716,0.0,0.0,2.9279957466893687
18.33206329342,0.0,0.0,6.797905529279954
18.880603387208364,0.0,0.0,6.377279927454714
18.95278548990488,0.0,0.0,5.84121072437816
18.575253558489706,0.0,0.0,1.9139429361965803
17.878282101049813,0.0,0.0,0.14346018523894336
17.48720171278154,0.0,0.0,0.0
17.183839455505577,0.0,0.0,0.0
16.92352136300065,0.0,0.0,0.0
16.67765246141989,0.0,0.0,0.0
16.444086681592836,0.0,0.0,0.0
16.224621278774837,0.0,0.0,0.0
16.017854216096,0.0,0.0,0.0
15.816801408942041,0.0,0.0,0.0
15.6129392561134,0.0,0.0,0.0
15.449445164691145,0.0,0.0,0.32002656107480437
16.152608360356528,0.0,0.0,6.735445713189832
16.522824599738453,0.0,0.0,3.980756411242602
16.280242235277967,0.0,0.0,3.453378946913807
16.260077283930453,0.0,0.0,2.3946816135707474
16.0557273809654,0.0,0.0,1.7104869559298472
16.021933846306272,0.0,0.0,1.8318762954662458
16.028503788791433,0.0,0.0,1.8649822521924635
16.182049281531675,0.0,0.0,2.847132859076322
16.327585010895685,0.0,0.0,2.6521386290433386
16.81325201766333,0.0,0.0,5.834881522186374
17.24370407086377,0.0,0.0,5.1149366215720145
17.08849002418496,0.0,0.0,3.182257776112357
16.772316935952173,0.0,0.0,1.419319128728007
16.325647789560563,0.0,0.0,0.1324247818768958
15.963713035335012,0.0,0.0,0.0
15.696057846334778,0.0,0.0,0.0
15.463627855566742,0.0,0.0,0.0
15.28769629507347,0.0,0.0,0.0
15.150035594320016,0.0,0.0,0.0
15.0343244387216,0.0,0.0,0.0
14.924481633405263,0.0,0.0,0.0
14.812224436331983,0.0,0.0,0.0
14.681442604980228,0.0,0.0,0.0
14.558659593193692,0.0,0.0,0.20967258592200375
14.487849153085858,0.0,0.0,0.5628053181045007
14.48599547752287,0.0,0.0,0.9159381477331229
14.546977420815725,0.0,0.0,1.2470000537022998
14.635683611548409,0.0,0.0,1.5228850792858142
14.71707693812052,0.0,0.0,1.7215222228673202
14.762914663606177,0.0,0.0,1.8429117183175185
14.778967040159408,0.0,0.0,1.8649822521924635
14.798893952076074,0.0,0.0,1.7987700269124283
14.823657662799366,0.0,0.0,1.6442742629084122
14.830800645532594,0.0,0.0,1.4125310066868884
14.797378044011134,0.0,0.0,1.1145752133577291
14.69802273756547,0.0,0.0,0.7724779624941794
14.53622419871479,0.0,0.0,0.4193451718440075
14.33271493529989,0.0,0.0,0.0772477894281892
14.13580717197398,0.0,0.0,0.0
13.970516739252272,0.0,0.0,0.0
13.828232766992382,0.0,0.0,0.0
13.72379663099478,0.0,0.0,0.0
13.641201003265127,0.0,0.0,0.0
13.559237443982669,0.0,0.0,0.0
13.476721498518454,0.0,0.0,0.0
13.392284175688733,0.0,0.0,0.0
13.295509132949027,0.0,0.0,0.0
13.247639761021103,0.0,0.0,0.3862389812470897
13.285301765742416,0.0,0.0,0.9049027248818503
13.31178551554071,0.0,0.0,0.9269735705843953
13.380651572503208,0.0,0.0,1.2580354765535724
13.532573548134842,0.0,0.0,1.5228850792858142
13.72256780293775,0.0,0.0,1.732557801632393
14.049381726506942,0.0,0.0,2.6410321653648534
14.39982392453053,0.0,0.0,2.9505993641928128
14.881608086469914,0.0,0.0,4.585972934497601
15.607785045942336,0.0,0.0,6.811725712346215
15.951261221019074,0.0,0.0,5.362968755856136
16.370884298825477,0.0,0.0,7.262545455370472
16.96872263837851,0.0,0.0,7.518001437928577
17.335088144142688,0.0,0.0,7.622759243224136
17.040973662960962,0.0,0.0,2.7710484476037944
16.220324030673893,0.0,0.0,0.0
15.757260240308337,0.0,0.0,0.0
15.42220139702113,0.0,0.0,0.0
15.10473263617748,0.0,0.0,0.0
14.831227458993855,0.0,0.0,0.0
14.612238805739949,0.0,0.0,0.0
14.449575762375993,0.0,0.0,0.0
14.300626321319335,0.0,0.0,0.0
14.112336173064172,0.0,0.0,0.0
14.623691150178196,0.0,0.0,5.513016840140389
14.731473181291804,0.0,0.0,2.099561130554807
14.5372933875354,0.0,0.0,2.974260896860536
14.95901621420709,0.0,0.0,3.483120714776786
15.664728596180616,0.0,0.0,6.499376769039655
16.372116377151645,0.0,0.0,5.779371955433417
16.418931493555537,0.0,0.0,3.2870811023186355
16.49164413180076,0.0,0.0,3.123094488551838
16.951064589907613,0.0,0.0,4.75051234563608
17.68577329064665,0.0,0.0,6.9793395193854115
18.321180679451082,0.0,0.0,7.4011569054680555
18.884696614843953,0.0,0.0,8.21646638168917
19.56449098959557,0.0,0.0,9.405981414240596
19.927249084232106,0.0,0.0,7.94412919644332
19.192752107819985,0.0,0.0,1.0348840285193641
18.334845104905217,0.0,0.0,0.0
17.986088066996384,0.0,0.0,0.0
17.5977325962296,0.0,0.0,0.0
17.281766448486998,0.0,0.0,0.0
16.973523419272418,0.0,0.0,0.0
16.72300413561587,0.0,0.0,0.0
16.5220055500589,0.0,0.0,0.0
16.33735976417301,0.0,0.0,0.0
16.14543436700112,0.0,0.0,0.0
16.67721265696572,0.0,0.0,5.4485691332715165
17.354915394405058,0.0,0.0,6.225777329459047
18.05893210919145,0.0,0.0,9.498814050552792
18.864899375172,0.0,0.0,9.157338008769985
19.19839866650789,0.0,0.0,7.759216260918784
19.201903978657484,0.0,0.0,4.438057541584053
19.076438249218246,0.0,0.0,3.1403714750679086
19.181262770338606,0.0,0.0,2.852631152333888
19.597518049240435,0.0,0.0,4.658728804410437
20.268486851939684,0.0,0.0,6.387209614487947
20.761188547726725,0.0,0.0,6.598188962858992
21.43256227455867,0.0,0.0,8.928397119618106
22.077230055875162,0.0,0.0,9.060475956048542
22.116263375439935,0.0,0.0,6.520541149991081
21.538342300374957,0.0,0.0,2.266320498838151
20.752907560742415,0.0,0.0,0.0
20.25638270575308,0.0,0.0,0.0
19.915040643948643,0.0,0.0,0.0
19.595479893827438,0.0,0.0,0.0
19.311127344752926,0.0,0.0,0.0
19.048537588082684,0.0,0.0,0.0
18.806739857204285,0.0,0.0,0.0
18.56587309615392,0.0,0.0,0.0
18.317932313569294,0.0,0.0,0.0
18.874343573056194,0.0,0.0,5.992385404990887
19.859730918735732,0.0,0.0,8.669091051681514
20.31735690699245,0.0,0.0,7.754652001802328
20.9416690979147,0.0,0.0,8.98472974948436
21.511283354113132,0.0,0.0,7.797006598566206
21.63970447090415,0.0,0.0,5.654120380897764
21.55363915203942,0.0,0.0,3.6316884746151405
21.46599867019313,0.0,0.0,3.137788654570291
21.798742060536007,0.0,0.0,4.689594727497434
22.47387531265027,0.0,0.0,6.745090740241857
23.136049000739597,0.0,0.0,7.594257984616805
23.776503985231717,0.0,0.0,8.686674427405876
24.381861985064816,0.0,0.0,9.209258182797033
24.59054914017819,0.0,0.0,7.4322501825179845
23.83555844495177,0.0,0.0,1.2488171709890794
22.96066359727584,0.0,0.0,0.0
22.558047382371537,0.0,0.0,0.0
22.172147610196653,0.0,0.0,0.0
21.860438229832333,0.0,0.0,0.0
21.567360880684525,0.0,0.0,0.0
21.305851785023226,0.0,0.0,0.0
21.058965870314964,0.0,0.0,0.0
20.815721671863823,0.0,0.0,0.0
20.563023918211112,0.0,0.0,0.011035399707817879
21.14539305847511,0.0,0.0,6.227240605464616
21.950214477918845,0.0,0.0,7.341074306537592
22.10449442674407,0.0,0.0,5.556334208717007
22.813245249903794,0.0,0.0,8.516308558652279
23.612344744893377,0.0,0.0,7.956407062760968
23.73698043781368,0.0,0.0,5.177533526742474
23.72126752687155,0.0,0.0,3.9649897778337158
23.700710194806483,0.0,0.0,3.1815897444009553
23.848162862977045,0.0,0.0,3.744338803553233
24.140872035391013,0.0,0.0,4.050092698944018
24.131830165129657,0.0,0.0,2.284327540971821
24.023037163235223,0.0,0.0,1.8098054497637006
23.969942281509965,0.0,0.0,1.4125310066868884
23.808420497783153,0.0,0.0,0.8055840751341973
23.580185951384266,0.0,0.0,0.22070798928405128
23.336796953850257,0.0,0.0,0.0
23.12465021160133,0.0,0.0,0.0
22.915821932537725,0.0,0.0,0.0
22.69987591013397,0.0,0.0,0.0
22.48160894067238,0.0,0.0,0.0
22.259640688674743,0.0,0.0,0.0
22.03493087644565,0.0,0.0,0.0
21.815942305809273,0.0,0.0,0.0
21.605157045521995,0.0,0.0,0.011035398489741315
22.221274826863915,0.0,0.0,6.157500146666744
23.25471423661822,0.0,0.0,8.69768788307921
23.92769686385602,0.0,0.0,9.252877458838974
24.510679825205283,0.0,0.0,8.683217418676739
24.867208590064685,0.0,0.10307569463325812,7.76817397846435
25.0,0.0,0.08405211412899209,5.721197648881195
24.886040921321595,0.0,0.0,3.394612036318027
24.774668610210895,0.0,0.0,2.889168933173259
24.8886276888893,0.0,0.37555423294822204,4.403617929613667
25.0,0.0,0.9529614171704452,5.576538881291255
25.0,0.0,1.660332933261711,6.58039970499807
25.0,0.0,2.9869843951743276,9.67343241282001
25.0,0.0,2.9220386503980667,7.2187221934834955
25.0,0.0,1.2570568628327519,0.838690343688015
25.0,0.0,0.4531953436951638,0.23174339264609883
24.942941995677074,0.0,0.0,0.0
24.702011734588353,0.0,0.0,0.0
24.407921922051447,0.0,0.0,0.0
24.19498381394319,0.0,0.0,0.0
23.99162926634088,0.0,0.0,0.0
23.782078940697687,0.0,0.0,0.0
23.55306243859232,0.0,0.0,0.0
23.311970038673213,0.0,0.0,0.0
23.08470101497817,0.0,0.0,0.011035398489741315
23.736486327310764,0.0,0.0,6.325982854667849
24.747274217573317,0.0,0.1386599321196425,8.938967807798845
25.0,0.0,0.7384816417849732,8.811397081413652
25.0,0.0,1.250128558162,8.112325393045724
25.0,0.0,1.7074162926815026,7.725853971323011
25.0,0.0,1.5338911516062461,5.406903672911614
25.0,0.0,1.1979688603069776,3.522149050327204
25.0,0.0,1.0070694816407275,2.702031300623813
25.0,0.0,1.5860185130276254,4.201098768473465
25.0,0.0,2.6078112713324177,6.771076053473255
25.0,0.0,3.143727634985052,7.07359870398281
25.0,0.0,4.155100672558975,9.528338315050359
25.0,0.0,4.6370020480432945,9.747844672986048
25.0,0.0,2.349231813061423,0.8497256885823874
25.0,0.0,1.4009868963475471,0.24277877651892144
25.0,0.0,0.8135132343751481,0.0
25.0,0.0,0.4022176055222452,0.0
25.0,0.0,0.05518366358897765,0.0
24.870269355146558,0.0,0.0,0.0
24.63730459833304,0.0,0.0,0.0
24.431351581035585,0.0,0.0,0.0
24.233328736792622,0.0,0.0,0.0
24.037495743309833,0.0,0.0,0.0
23.922733915171392,0.0,0.0,0.6708682147009344
24.454250570805076,0.0,0.00956658881682314,5.462849004521148
25.0,0.0,0.911136773118075,8.70405023910179
25.0,0.0,1.9367082475930022,9.402085904055644
25.0,0.0,2.4520859114630813,8.242884383787521
25.0,0.0,2.740580054446384,7.0435289425801155
25.0,0.0,2.7582404340631017,5.548390118237678
25.0,0.0,2.367726993500748,3.6089135882115824
25.0,0.0,2.1696229154714093,3.1181622380919793
25.0,0.0,2.621859467997355,4.483401219663205
25.0,0.0,3.516022887655474,6.833069017078651
25.0,0.0,3.55853321506776,5.576464825181062
25.0,0.0,3.8723759748440267,6.084735501151497
25.0,0.0,4.082814433845876,6.221937320369006
25.0,0.0,4.522777562961386,7.415527685402224
25.0,0.0,2.5390709737589674,0.20967258592200375
25.0,0.0,1.711957686206806,0.0
25.0,0.0,1.12635848700482,0.0
25.0,0.0,0.6523747665845115,0.0
25.0,0.0,0.2870746197641387,0.0
24.98850155191849,0.0,0.0,0.0
24.852121983478963,0.0,0.0,0.0
24.641840587062433,0.0,0.0,0.0
24.443308187176598,0.0,0.0,0.0
24.20583559932276,0.0,0.0,0.02207079697948263
24.540747567648122,0.0,0.4536823424770086,6.005481948547258
25.0,0.0,0.6786003094484234,6.807857700404085
25.0,0.0,1.2618577736016112,7.020660775199748
25.0,0.0,2.4661213141698277,9.118185147680915
25.0,0.0,2.94285181310314,8.07819820088822
25.0,0.0,2.5862415760069575,5.240360301419209
25.0,0.0,2.147312230630139,3.6940814656991923
25.0,0.0,1.857592348281129,3.141629302112692
25.0,0.0,2.1589650997861622,4.205509173309988
25.0,0.0,2.6292890038630627,5.251716545299187
25.0,0.0,3.670275630268394,7.92852755525047
25.0,0.0,4.163396742960977,8.204037259641238
25.0,0.0,4.4568768781971615,8.373597805159188
25.0,0.0,3.8856857318593963,6.029289544697593
25.0,0.0,1.9669747985149053,0.4999860788059227
25.0,0.0,0.9457326496657817,0.0
25.0,0.0,0.22641697624052337,0.0
24.846878275349532,0.0,0.0,0.0
24.541964714480336,0.0,0.0,0.0
24.25993128747786,0.0,0.0,0.0
24.000201337611692,0.0,0.0,0.0
23.740309585346346,0.0,0.0,0.0
23.46788992271714,0.0,0.0,0.0
23.18046492036195,0.0,0.0,0.03310619546922395
23.361680977974608,0.0,0.0,3.465891177118999
24.173413128456595,0.0,0.0,7.716917440497259
24.76323567095165,0.0,0.0,7.0646980144166385
24.93397542674315,0.0,0.8578412290265179,8.10778185458324
25.0,0.0,1.6181297158166448,8.014089884825568
25.0,0.0,1.480402739445433,5.4469064371754685
25.0,0.0,0.9486369835208299,3.488778147572463
25.0,0.0,0.6276771280721813,3.0696792123459917
25.0,0.0,1.159216825004664,4.940902866436384
25.0,0.0,1.9210117645600013,6.846436072915577
25.0,0.0,2.1106791266319322,6.267848867499559
25.0,0.0,1.0875117825697815,2.085690397390315
25.0,0.0,0.4975988528945971,1.3242479357043075
24.943879016216883,0.0,0.0,0.49659297588911533
24.66948588970038,0.0,0.0,0.25381417988096905
24.29889237293328,0.0,0.0,0.0
23.99484679021497,0.0,0.0,0.0
23.71076920046886,0.0,0.0,0.0
23.45942504368061,0.0,0.0,0.0
23.232907546828077,0.0,0.0,0.0
23.031472349183577,0.0,0.0,0.0
22.84407889538542,0.0,0.0,0.0
22.659424690206823,0.0,0.0,0.0
22.479443606440476,0.0,0.0,0.04414159395896526
22.368495709669837,0.0,0.0,0.5407345503588555
22.324748594975066,0.0,0.0,1.0152567195238762
22.264332495115013,0.0,0.0,1.0042213746295034
22.258293967277886,0.0,0.0,1.3242479357043075
22.31282685689861,0.0,0.0,1.5890973045658492
22.36665415431724,0.0,0.0,1.7877347599749556
22.40540476835991,0.0,0.0,1.898088676660081
22.405429240144056,0.0,0.0,1.931194789300099
22.368912575407983,0.0,0.0,1.8649822521924635
22.283692984382373,0.0,0.0,1.7104869559298472
22.14782043788332,0.0,0.0,1.4787435437945238
21.96160133586482,0.0,0.0,1.1807876725084643
21.7355491834873,0.0,0.0,0.8497256885823874
21.488883703131652,0.0,0.0,0.49659297588911533
21.244583131439313,0.0,0.0,0.1544955788563784
21.028564546487893,0.0,0.0,0.0
20.846966174096615,0.0,0.0,0.0
20.67659910910863,0.0,0.0,0.0
20.48602037222345,0.0,0.0,0.0
20.28300002867679,0.0,0.0,0.0
20.083270124180235,0.0,0.0,0.0
19.89142508318043,0.0,0.0,0.0
19.716610017358192,0.0,0.0,0.0
19.56894305056462,0.0,0.0,0.04414159395896526
19.519938099658127,0.0,0.0,0.5848761248285961
20.175136969935398,0.0,0.0,5.75785744353539
21.08855735875306,0.0,0.0,7.651696869725195
21.48353428732241,0.0,0.0,6.869382915168836
21.785850103696873,0.0,0.0,6.836849845823421
21.61077645529922,0.0,0.0,3.1118809689062306
21.36045665078398,0.0,0.0,2.9162219174442083
21.37943673861757,0.0,0.0,2.688542919872808
21.285835515673746,0.0,0.0,2.798132884595504
21.17824792057958,0.0,0.0,2.714708096688651
20.858650140135012,0.0,0.0,1.4787435437945238
20.699924175691628,0.0,0.0,2.10776124309286
21.19631566595723,0.0,0.0,5.510230929697404
21.855597677469785,0.0,0.0,6.811455227227391
21.354593827871568,0.0,0.0,0.2758849866050641
20.628698492233966,0.0,0.0,0.0
20.384389487900705,0.0,0.0,0.0
20.028999510346853,0.0,0.0,0.0
19.781020949491108,0.0,0.0,0.0
19.54499893992928,0.0,0.0,0.0
19.34849339809174,0.0,0.0,0.0
19.16165368634716,0.0,0.0,0.0
18.97402481256646,0.0,0.0,0.0
18.844035552877713,0.0,0.0,0.5173775252236688
19.510556618419187,0.0,0.0,6.60226449942335
20.486573284843878,0.0,0.0,8.763388754046124
21.140817250971814,0.0,0.0,9.310295998935251
21.802172103460244,0.0,0.0,9.10054385961715
22.26789312759679,0.0,0.0,8.087633961644343
22.177889687563223,0.0,0.0,4.321549641804548
21.880035957464948,0.0,0.0,3.217711207529046
21.82580609329991,0.0,0.0,3.198915548302971
21.993964806830732,0.0,0.0,4.251835132210164
22.37039917245251,0.0,0.0,5.155075950531685
22.579447587245145,0.0,0.0,4.46096374962955
23.26143051516066,0.0,0.0,8.571231180375692
23.7613821431457,0.0,0.0,7.0170258284285465
23.324611007586974,0.0,0.0,3.3224170468060006
22.63695010497976,0.0,0.0,0.3310619839260769
22.08921575597867,0.0,0.0,0.0
21.777584976507292,0.0,0.0,0.0
21.512017911022838,0.0,0.0,0.0
21.324962283407327,0.0,0.0,0.0
21.165926454280303,0.0,0.0,0.0
21.02347982829233,0.0,0.0,0.0
20.874000683573485,0.0,0.0,0.0
20.72375371483811,0.0,0.0,0.0
20.58995181607068,0.0,0.0,0.05517699732101282
20.555632611863306,0.0,0.0,0.5959115476798684
21.193313079172775,0.0,0.0,5.362332863007586
22.265718754204343,0.0,0.0,8.316511430414359
23.0985908957101,0.0,0.0,8.903987178434821
23.525238189545846,0.0,0.0,7.043089586367995
23.594877887823294,0.0,0.0,5.117633922799155
23.599781812430145,0.0,0.0,3.951435825786039
23.539054814595723,0.0,0.0,2.937683917283252
23.604904381127547,0.0,0.0,3.2613604454907263
23.713794987376247,0.0,0.0,2.977587167299693
24.127369841490665,0.0,0.0,5.810557115299852
24.774573617040208,0.0,0.02089664878744871,7.5375560926513705
24.932345051285097,0.0,0.0,6.03465229862936
24.312552852515182,0.0,0.0,1.166694965159158
23.63719398901581,0.0,0.0,0.3420973677988995
23.31031130839414,0.0,0.0,0.0
23.007704985059323,0.0,0.0,0.0
22.788840812316145,0.0,0.0,0.0
22.56783167914873,0.0,0.0,0.0
22.365624917182657,0.0,0.0,0.0
22.17395062781273,0.0,0.0,0.0
21.989482683717892,0.0,0.0,0.0
21.79329716352673,0.0,0.0,0.0
21.579068388404465,0.0,0.0,0.05517699732101282
22.022992455230106,0.0,0.0,5.129706557446202
22.704154163052543,0.0,0.0,6.501398762177304
23.295988280467277,0.0,0.0,8.356444090653294
24.058390632452408,0.0,0.0,8.818575813751771
24.334728756152415,0.0,0.0,6.344676579477837
24.446313416689136,0.0,0.0,5.308294621118443
24.49187228811765,0.0,0.0,3.754063977935205
24.390007238823372,0.0,0.0,2.790828615826514
24.65337860060273,0.0,0.0,4.213849700492712
24.966537462870654,0.0,0.6488895475616058,6.2382514252223045
25.0,0.0,0.9557843197197022,5.780879156694341
25.0,0.0,0.05261152476113541,2.1408671998190774
24.755483412513932,0.0,0.0,1.5339205021370865
24.306092461343322,0.0,0.0,0.8166194979854698
23.88349882905195,0.0,0.0,0.17656637583586104
23.55727652205703,0.0,0.0,0.0
23.366082497874878,0.0,0.0,0.0
23.21850945903178,0.0,0.0,0.0
23.088226713157624,0.0,0.0,0.0
22.952457806303542,0.0,0.0,0.0
22.796098629047208,0.0,0.0,0.0
22.6142150662997,0.0,0.0,0.0
22.42197211991709,0.0,0.0,0.0
22.237787058969015,0.0,0.0,0.0662123909384479
22.15078369639555,0.0,0.0,0.5959115476798684
22.232500232515928,0.0,0.0,1.605517978310254
22.38098624113498,0.0,0.0,2.107133732337036
22.52849740767855,0.0,0.0,2.278583135394045
22.589075335346607,0.0,0.0,1.6111681502683945
22.66777081165433,0.0,0.0,1.8098054497637006
22.903799390624535,0.0,0.0,2.4808223090186106
23.15501837488533,0.0,0.0,2.7367079246995307
23.597664881426034,0.0,0.0,4.268683445268355
24.130347206455355,0.0,0.0,4.917436659381269
24.579588024963783,0.0,0.0,5.7167536489271695
24.480187962280255,0.0,0.0,2.849301832557973
24.038884663001895,0.0,0.0,2.2394352516579876
23.610458681277045,0.0,0.0,0.9269735705843953
23.10558356465169,0.0,0.0,0.1876017791979086
22.846623204504716,0.0,0.0,0.0
22.693381693437928,0.0,0.0,0.0
22.558366565225736,0.0,0.0,0.0
22.377750721492156,0.0,0.0,0.0
22.15117790139476,0.0,0.0,0.0
21.923526979098856,0.0,0.0,0.0
21.7093086634857,0.0,0.0,0.0
21.511039325159736,0.0,0.0,0.0
21.333832188639015,0.0,0.0,0.0772477894281892
21.379078923543,0.0,0.0,1.5199155868129113
21.58679890892042,0.0,0.0,2.442383087928263
21.81054343879631,0.0,0.0,3.047656537712659
22.151307311971994,0.0,0.0,3.7795526372807444
23.040229301946894,0.0,0.0,7.919030419997149
23.529596569326294,0.0,0.0,5.089216617281674
23.486152214504266,0.0,0.0,4.043317991229767
23.592225277079432,0.0,0.0,3.186345376028418
23.64800384658744,0.0,0.0,2.9920321446446683
24.129300389548593,0.0,0.0,5.387634571524399
24.75222158717351,0.0,0.35538690218723784,7.823191503194284
25.0,0.0,0.7030470805685358,7.306931681372329
25.0,0.0,1.9099438937078714,9.771113112788903
25.0,0.0,1.2971338426868735,5.535785224628371
24.861304192338295,0.0,0.0,0.3089911577127568
24.44134168495829,0.0,0.0,0.0
24.015804041773848,0.0,0.0,0.0
23.705862809219067,0.0,0.0,0.0
23.42249871794658,0.0,0.0,0.0
23.18609651469104,0.0,0.0,0.0
22.957901555024065,0.0,0.0,0.0
22.741163137092272,0.0,0.0,0.0
22.532954026551636,0.0,0.0,0.0
22.353598148608434,0.0,0.0,0.08828318791793052
22.361632629592,0.0,0.0,1.1850087687089816
23.460556291754145,0.0,0.0,9.098135892467607
24.301171752520695,0.0,0.0,7.002704890514055
24.56272200341629,0.0,0.0,7.230066454491938
24.99807367399242,0.0,0.6123198588770983,8.173434803620863
25.0,0.0,0.7539836603210925,6.142138050788425
25.0,0.0,0.35123936864874045,3.6374443164488373
25.0,0.0,0.20126001786545708,3.082737751652434
25.0,0.0,0.7540520297178106,4.569552647561769
25.0,0.0,1.5708806025289554,6.48905423241262
25.0,0.0,2.6295741275706677,8.782792349244165
25.0,0.0,2.490528720188441,6.597839776780474
25.0,0.0,1.4921615492264795,2.7841945562874093
25.0,0.0,0.5737767965604791,0.8497256885823874
24.925950776938432,0.0,0.0,0.19863716307073115
24.616492416495113,0.0,0.0,0.0
24.24206156896048,0.0,0.0,0.0
23.97019815843503,0.0,0.0,0.0
23.754548357107453,0.0,0.0,0.0
23.59068872138738,0.0,0.0,0.0
23.430699140264146,0.0,0.0,0.0
23.2730922236276,0.0,0.0,0.0
23.118550143291028,0.0,0.0,0.0
22.97544455282408,0.0,0.0,0.044141598831271514
22.892295760669676,0.0,0.0,0.3531327516717221
22.8959648272643,0.0,0.0,0.6952300804921716
22.936864191823304,0.0,0.0,1.0373275652264211
23.11798979500812,0.0,0.0,2.1408671998190774
23.366483983887775,0.0,0.0,2.5116615773290825
23.605445293115075,0.0,0.0,2.8871041122417047
23.83994501225524,0.0,0.0,2.7672897066643065
24.023199981935583,0.0,0.0,2.647201635334777
24.350740751243425,0.0,0.0,3.6990098121577173
24.789623716348675,0.0,0.10787049026270526,5.061648589346469
25.0,0.0,0.5633955735474673,5.699966162317626
25.0,0.0,1.2656626006445408,6.830993359489466
25.0,0.0,1.573910698561635,6.653106708914851
25.0,0.0,0.31542342663776557,1.54903848413389
24.781005701253996,0.0,0.0,0.4083097489927349
24.377190058857167,0.0,0.0,0.0
24.049509792730895,0.0,0.0,0.0
23.774456604877702,0.0,0.0,0.0
23.531702721307354,0.0,0.0,0.0
23.30590150501102,0.0,0.0,0.0
23.07026553771744,0.0,0.0,0.0
22.8274686444719,0.0,0.0,0.0
22.590184853559812,0.0,0.0,0.0
22.387068801108096,0.0,0.0,0.08828319766254303
23.15463161036581,0.0,0.0,7.073084677110817
24.25893446800523,0.0,0.0,9.035495411736363
24.741671573915266,0.0,0.0,8.580714784764549
24.98795170851946,0.0,0.5770244862322175,8.96645960706927
25.0,0.0,0.9205079215564506,7.874522534241333
25.0,0.0,0.8181349344898545,5.886278174537295
25.0,0.0,0.19671459530242524,3.0516872448118315
25.0,0.0,0.12196517361977183,3.033648984597607
25.0,0.0,0.45510186737206015,3.873350842790898
25.0,0.0,1.487537497713824,6.866233824862431
25.0,0.0,2.4244554846618684,8.629479181476253
25.0,0.0,3.120851583045037,9.420413335224548
25.0,0.0,3.3777546747400224,8.93126537324817
25.0,0.0,3.393113460388615,8.307291467186783
25.0,0.0,1.9097938151286749,3.065212585115885
25.0,0.0,0.3577353395147576,0.0
24.801991583875964,0.0,0.0,0.0
24.40388782552502,0.0,0.0,0.0
24.04986938553778,0.0,0.0,0.0
23.736274478003452,0.0,0.0,0.0
23.421985757305233,0.0,0.0,0.0
23.106531938078124,0.0,0.0,0.0
22.79478152160297,0.0,0.0,0.0
22.66106171848491,0.0,0.0,1.0173791088462225
23.261391622195948,0.0,0.0,5.951382715055849
23.976527231788186,0.0,0.0,6.864445448533568
24.554263321361795,0.0,0.19768548863084612,9.235963642367848
25.0,0.0,0.18861338482600534,7.610916211722785
25.0,0.0,0.7818550419755613,7.773370823299099
25.0,0.0,0.47094995879306223,5.085896851359052
25.0,0.0,0.05667784455890392,3.4027103482426253
24.945669646380125,0.0,0.0,2.942383660106376
24.945669646380125,0.0,0.522855979796368,4.446449813675801
25.0,0.0,1.493469477416697,6.723135977520358
25.0,0.0,2.4986266086865685,8.268661767534441
25.0,0.0,3.31283312063758,9.28698165502465
25.0,0.0,3.6588450545102544,9.10954902325943
25.0,0.0,3.395729170143507,7.547668006959702
25.0,0.0,2.682102953765207,5.396284865785303
25.0,0.0,0.7078760447510932,0.0
24.92370333920913,0.0,0.0,0.0
24.589164640167613,0.0,0.0,0.0
24.18770472677285,0.0,0.0,0.0
23.870228517558374,0.0,0.0,0.0
23.549810082517496,0.0,0.0,0.0
23.267132515292367,0.0,0.0,0.0
23.01094489567307,0.0,0.0,0.0
22.81175882099548,0.0,0.0,0.11035399464202564
22.750159768058694,0.0,0.0,0.6400531221496087
22.78048703096622,0.0,0.0,1.1145752133577291
22.88926118768259,0.0,0.0,1.6553098416734846
23.116550059180096,0.0,0.0,2.3390340069035003
23.349852079657627,0.0,0.0,2.58228333430098
23.418155847864742,0.0,0.0,1.8318762954662458
23.439332308677354,0.0,0.0,1.9422302121513715
23.4952555245846,0.0,0.0,1.9753363247913887
23.48675885805313,0.0,0.0,1.9091239435975538
23.44746391292292,0.0,0.0,1.7546283355073375
23.368945701088943,0.0,0.0,1.5339205021370865
23.352671100925825,0.0,0.0,1.9643010578539168
23.306869788051223,0.0,0.0,1.6001328833309219
23.12121144895653,0.0,0.0,0.8828319571362051
22.882258711012447,0.0,0.0,0.22070798928405128
22.659129090324438,0.0,0.0,0.0
22.48646287245205,0.0,0.0,0.0
22.324975546027368,0.0,0.0,0.0
22.162874337934312,0.0,0.0,0.0
21.981448933484028,0.0,0.0,0.0
21.757192903823366,0.0,0.0,0.0
21.492321879988072,0.0,0.0,0.0
21.207455019187634,0.0,0.0,0.0
20.946355272465095,0.0,0.0,0.05517699732101282
20.763371769976423,0.0,0.0,0.3641681745229947
20.65385564103696,0.0,0.0,0.7173009261947166
20.57870837296089,0.0,0.0,1.0593982550151664
20.523538494072593,0.0,0.0,1.368389471195598
20.479252342877608,0.0,0.0,1.6332389959709397
20.433822151448794,0.0,0.0,1.8318762954662458
20.38099481147418,0.0,0.0,1.9532656350026438
20.314308827906977,0.0,0.0,1.9753363247913887
20.226870102591867,0.0,0.0,1.9091239435975538
20.116725369165152,0.0,0.0,1.7656639142724102
19.977504785626156,0.0,0.0,1.5339205021370865
19.798285687209553,0.0,0.0,1.2470000537022998
19.575185634287347,0.0,0.0,0.9159381477331229
19.32041786961353,0.0,0.0,0.5738407409557734
19.06170804475922,0.0,0.0,0.23174339264609883
18.81800369888098,0.0,0.0,0.011035398489741315
18.604217515526933,0.0,0.0,0.0
18.40752927207346,0.0,0.0,0.0
18.194644623769406,0.0,0.0,0.0
17.960767742434346,0.0,0.0,0.0
17.706801246083074,0.0,0.0,0.0
17.442112635398523,0.0,0.0,0.0
17.18750509366661,0.0,0.0,0.0
16.988584245121743,0.0,0.0,0.12138938825946072
16.927243329124515,0.0,0.0,0.7062655033434442
16.978898753619422,0.0,0.0,1.2690708994048447
17.096431056678156,0.0,0.0,1.8649822521924635
17.346880249470463,0.0,0.0,2.949668592084374
17.619870112375562,0.0,0.0,3.317561218037701
17.819938076037428,0.0,0.0,3.310893915497934
17.9365918360871,0.0,0.0,2.8089394936758363
17.996922561586924,0.0,0.0,2.5588801552578686
17.971560987267523,0.0,0.0,1.9201593664488263
18.01948125212288,0.0,0.0,2.791955900733759
18.062697665619712,0.0,0.0,2.438822993148237
17.864716440272176,0.0,0.0,1.2470000537022998
17.699088158805964,0.0,0.0,0.9269735705843953
17.575615294061627,0.0,0.0,0.5738407409557734
17.4005949787,0.0,0.0,0.23174339264609883
17.207207891998166,0.0,0.0,0.011035398489741315
17.01395872124339,0.0,0.0,0.0
16.836813775713118,0.0,0.0,0.0
16.670570907793767,0.0,0.0,0.0
16.51437692648576,0.0,0.0,0.0
16.364647128940415,0.0,0.0,0.0
16.219687936125045,0.0,0.0,0.0
16.071155959873828,0.0,0.0,0.0
15.91698123516997,0.0,0.0,0.0662123909384479
15.79037720885784,0.0,0.0,0.3752035583958172
15.709161141389387,0.0,0.0,0.7283363490459894
15.672415939875137,0.0,0.0,1.0704335999095387
15.686053374484391,0.0,0.0,1.3794248940468705
15.731515649312524,0.0,0.0,1.6442742629084122
15.787193406261554,0.0,0.0,1.8429117183175185
15.828775176365404,0.0,0.0,1.9532656350026438
15.850995524320993,0.0,0.0,1.9863719035564613
15.844611316707306,0.0,0.0,1.9201593664488263
15.80469624856898,0.0,0.0,1.7656639142724102
15.744789373460087,0.0,0.0,1.5449559249883589
15.77004393649743,0.0,0.0,1.9863719035564613
15.781670023528086,0.0,0.0,1.6332389959709397
15.659094479333692,0.0,0.0,0.9159381477331229
15.481729318934768,0.0,0.0,0.3862389812470897
15.269151104944036,0.0,0.0,0.011035398489741315
15.086451035438419,0.0,0.0,0.0
14.940600475958863,0.0,0.0,0.0
14.821822116203235,0.0,0.0,0.0
14.727207992327028,0.0,0.0,0.0
14.631714589476887,0.0,0.0,0.0
14.522439748515044,0.0,0.0,0.0
14.400089506116633,0.0,0.0,0.0
14.287535611032173,0.0,0.0,0.0662123909384479
14.218930922391788,0.0,0.0,0.3862389812470897
14.210327008504382,0.0,0.0,0.7283363490459894
14.26634954856948,0.0,0.0,1.0704335999095387
14.3926354392067,0.0,0.0,1.3794248940468705
14.551895687121096,0.0,0.0,1.6442742629084122
14.70446753621245,0.0,0.0,1.8429117183175185
14.824567038834465,0.0,0.0,1.9532656350026438
14.914535182234818,0.0,0.0,1.9863719035564613
14.983023187679159,0.0,0.0,1.9201593664488263
15.028584810532715,0.0,0.0,1.7766991812098827
15.050760661443702,0.0,0.0,1.5449559249883589
15.04853316909744,0.0,0.0,1.2580354765535724
15.017137655742665,0.0,0.0,0.9380089154787679
14.943531752217957,0.0,0.0,0.5848761248285961
14.825253233967807,0.0,0.0,0.3862389812470897
14.633095846922764,0.0,0.0,0.02207079697948263
14.42384183449902,0.0,0.0,0.0
14.246540656778844,0.0,0.0,0.0
14.083599937318528,0.0,0.0,0.0
13.943713414110444,0.0,0.0,0.0
13.81308445892466,0.0,0.0,0.0
13.68590116878364,0.0,0.0,0.0
13.558007794439458,0.0,0.0,0.0
13.444792726723815,0.0,0.0,0.0662123909384479
13.390341302583831,0.0,0.0,0.3862389812470897
13.408458589728,0.0,0.0,0.7283363490459894
13.569630352776434,0.0,0.0,1.6884161102273025
13.970704617980992,0.0,0.0,3.191597254577372
14.70743987784445,0.0,0.0,5.743882502182015
15.266571427108193,0.0,0.0,4.7197192821499385
15.47053299113481,0.0,0.0,3.401085008230678
15.717959903106141,0.0,0.0,2.970722569844969
16.25644101949048,0.0,0.0,4.786319905207406
16.969311047446507,0.0,0.0,6.257089313359447
17.556490811647503,0.0,0.0,6.896231516403452
18.13932909625059,0.0,0.0,7.448656555676057
18.831399960452632,0.0,0.0,8.694273684821665
19.163556170596095,0.0,0.0,6.563997187877534
19.036509715825147,0.0,0.0,4.715375459230528
18.332735616995244,0.0,0.0,0.011035398489741315
17.643738835031257,0.0,0.0,0.0
17.383473079499737,0.0,0.0,0.0
17.09335161181566,0.0,0.0,0.0
16.91094981056629,0.0,0.0,0.0
16.727410508254067,0.0,0.0,0.0
16.560088397523092,0.0,0.0,0.0
16.408532583482767,0.0,0.0,0.0
16.319401001751636,0.0,0.0,0.1324247818768958
16.392349269200828,0.0,0.0,0.7283363490459894
16.8300676137207,0.0,0.0,3.076721119787351
17.215609800041367,0.0,0.0,2.637124928751407
17.53123734015251,0.0,0.0,3.244587429791987
17.85789775772829,0.0,0.0,2.615389446940998
18.136105057408997,0.0,0.0,2.9243809749490297
18.490679598500485,0.0,0.0,2.959873717634463
18.72844327309289,0.0,0.0,2.745353092548026
18.956118709571882,0.0,0.0,2.8291293409746454
19.19668284035916,0.0,0.0,3.1481773461432994
19.305654787443004,0.0,0.0,2.4608938388507817
19.240994069474223,0.0,0.0,1.2690708994048447
19.210572549080524,0.0,0.0,0.9380089154787679
19.19756456403671,0.0,0.0,0.5959115476798684
19.0432633733359,0.0,0.0,0.25381417988096905
18.76487466667548,0.0,0.0,0.011035398489741315
18.45730165709523,0.0,0.0,0.0
18.183153320236617,0.0,0.0,0.0
17.988069321426387,0.0,0.0,0.0
17.86872499247831,0.0,0.0,0.0
17.76779958000418,0.0,0.0,0.0
17.67259251778944,0.0,0.0,0.0
17.575761465499983,0.0,0.0,0.0
17.481676888650867,0.0,0.0,0.0772477894281892
17.427364262505463,0.0,0.0,0.3862389812470897
17.417124983983292,0.0,0.0,0.7393717718972619
17.443049342245835,0.0,0.0,1.081469100717711
17.50890573377703,0.0,0.0,1.3904601609843432
17.59399149743439,0.0,0.0,1.6553098416734846
17.682244782189397,0.0,0.0,1.8539471411687907
17.754456439688873,0.0,0.0,1.9643010578539168
17.80877798794241,0.0,0.0,1.9974071704939342
17.858658485711832,0.0,0.0,1.931194789300099
17.893531969817296,0.0,0.0,1.7766991812098827
17.901913586192606,0.0,0.0,1.5559911919258316
17.866069190185527,0.0,0.0,1.2690708994048447
17.779335632912574,0.0,0.0,0.9490443383300405
17.65029816063536,0.0,0.0,0.606946931552691
17.48156483766916,0.0,0.0,0.2648495637537916
17.295461055807976,0.0,0.0,0.011035398489741315
17.1343101509037,0.0,0.0,0.0
17.008846659265156,0.0,0.0,0.0
16.91608270655667,0.0,0.0,0.0
16.84615398368377,0.0,0.0,0.0
16.77924284851752,0.0,0.0,0.0
16.70950869547835,0.0,0.0,0.0
16.631763359045195,0.0,0.0,0.0
16.561161610122557,0.0,0.0,0.0772477894281892
16.53590424609117,0.0,0.0,0.3972743261414623
16.558677512577603,0.0,0.0,0.7393717718972619
16.618285707963018,0.0,0.0,1.081469100717711
16.707838504851182,0.0,0.0,1.3904601609843432
16.808828821926845,0.0,0.0,1.6553098416734846
16.910603407113342,0.0,0.0,1.8539471411687907
16.990277547211786,0.0,0.0,1.9643010578539168
17.048074992324896,0.0,0.0,1.9974071704939342
17.09133951587409,0.0,0.0,1.931194789300099
17.120920668547665,0.0,0.0,1.7877347599749556
17.123973988939277,0.0,0.0,1.5559911919258316
17.092227923894477,0.0,0.0,1.2801062442992175
17.028493499956838,0.0,0.0,0.9490443383300405
16.937017767295533,0.0,0.0,0.606946931552691
16.846532426682934,0.0,0.0,0.2648495637537916
16.777879362195126,0.0,0.0,0.02207079697948263
16.747683704709704,0.0,0.0,0.0
16.72615340045355,0.0,0.0,0.0
16.680458563703965,0.0,0.0,0.0
16.63227548594851,0.0,0.0,0.0
16.58685804900289,0.0,0.0,0.0
16.549652765844,0.0,0.0,0.0
16.52742323546637,0.0,0.0,0.0
16.52368015491839,0.0,0.0,0.0772477894281892
16.61121596689953,0.0,0.0,0.6179823154255136
16.792919628399176,0.0,0.0,1.1587169047628192
16.955343961862297,0.0,0.0,1.081469100717711
17.152419298827294,0.0,0.0,1.3904601609843432
17.406540120818434,0.0,0.0,1.6553098416734846
17.631560035227526,0.0,0.0,1.8539471411687907
17.80864023141365,0.0,0.0,1.9643010578539168
17.952296598511804,0.0,0.0,1.9974071704939342
18.188529054242014,0.0,0.0,2.609294057479696
18.493168682719098,0.0,0.0,2.868750286164396
19.25693858834694,0.0,0.0,6.555996109333199
19.589342435800596,0.0,0.0,3.4388465977540603
19.372960225060712,0.0,0.0,2.3099371237308564
19.278247598828496,0.0,0.0,1.1476814819115468
19.034153001290406,0.0,0.0,0.5296991275075832
18.819953060633708,0.0,0.0,0.02207079697948263
18.60268339805783,0.0,0.0,0.0
18.41975680260299,0.0,0.0,0.0
18.2165747860996,0.0,0.0,0.0
18.025971935487306,0.0,0.0,0.0
17.866006474337997,0.0,0.0,0.0
17.74787877306709,0.0,0.0,0.0
17.6444904702331,0.0,0.0,0.0
17.713863857181458,0.0,0.0,1.360806544642604
18.530816169114154,0.0,0.0,7.0614639588732295
19.531985776063806,0.0,0.0,8.969142494406237
19.923860196025572,0.0,0.0,7.254449986733109
20.57515240132832,0.0,0.0,9.173586109360484
21.17793173008695,0.0,0.0,7.63880823307097
21.316203684143392,0.0,0.0,5.933539602185622
21.253243579063444,0.0,0.0,3.5520638863876695
21.16035535508029,0.0,0.0,3.218827063582272
21.520976943390178,0.0,0.0,4.647799038314365
22.079575315589455,0.0,0.0,5.886346997760717
22.867185616701352,0.0,0.0,8.46083105422426
23.710924809293857,0.0,0.0,9.52253618495588
24.245877677870055,0.0,0.0,9.235151340013921
23.59421701060242,0.0,0.0,1.1145752133577291
22.779911941430434,0.0,0.0,0.48555755303784287
22.56008114190344,0.0,0.0,0.03310619546922395
22.249940428335098,0.0,0.0,0.0
22.08101327927689,0.0,0.0,0.0
21.860805646556496,0.0,0.0,0.0
21.660020295969133,0.0,0.0,0.0
21.465282188321567,0.0,0.0,0.0
21.2981951081523,0.0,0.0,0.0
21.165943987266385,0.0,0.0,0.0
21.103177212842745,0.0,0.0,0.15449556911176593
21.190975716336848,0.0,0.0,0.7393717718972619
22.158411863108785,0.0,0.0,7.082749079376127
23.1463635289428,0.0,0.0,7.111724700753839
23.91278206297957,0.0,0.0,9.32742854377655
24.520681301331244,0.0,0.0,7.5053813738594215
24.353302923802207,0.0,0.0,4.581350186628431
24.172651881179952,0.0,0.0,3.683462234130182
24.080217716406082,0.0,0.0,3.444890785798424
24.169274646995838,0.0,0.0,3.934468984707039
24.648313085961448,0.0,0.07009434773378113,6.266265591420807
25.0,0.0,0.610112112796875,7.261548712733623
24.946350891184697,0.0,0.0,2.9812670826237286
24.777431993301064,0.0,0.0,2.486249502249111
24.439689158836906,0.0,0.0,1.1587169047628192
24.062665680928163,0.0,0.0,0.5296991275075832
23.726863381603792,0.0,0.0,0.03310619546922395
23.438623917994615,0.0,0.0,0.0
23.241130859675337,0.0,0.0,0.0
23.076089489618973,0.0,0.0,0.0
22.928562068863094,0.0,0.0,0.0
22.781514510846545,0.0,0.0,0.0
22.622610638351524,0.0,0.0,0.0
22.458707293293152,0.0,0.0,0.0
22.3375596775778,0.0,0.0,0.1544955788563784
22.327961849925362,0.0,0.0,0.7062655033434442
22.419427029612386,0.0,0.0,1.3021770900017624
22.573399068610698,0.0,0.0,1.9091239435975538
22.74934443915084,0.0,0.0,2.2305606042003183
23.030274689953668,0.0,0.0,3.313217883543834
23.31537237262311,0.0,0.0,3.5103535813535425
23.444059155409786,0.0,0.0,3.167951382422065
23.599321162185547,0.0,0.0,3.6230290850744247
23.861716622624947,0.0,0.0,4.173542791273811
24.42335207479093,0.0,0.0,6.701330490221454
24.827919757700972,0.0,0.0,6.0335077282485425
24.910780275751982,0.0,0.9681075601930852,8.831076850550689
25.0,0.0,0.7912235281966503,6.6522656101557684
25.0,0.0,0.6653379891053919,5.786193405614593
24.604970266659215,0.0,0.0,0.5517699732101282
23.98799298584644,0.0,0.0,0.04414159395896526
23.574956007576347,0.0,0.0,0.0
23.23789972274172,0.0,0.0,0.0
22.954930381431176,0.0,0.0,0.0
22.692479119071645,0.0,0.0,0.0
22.440559815753566,0.0,0.0,0.0
22.185293085498163,0.0,0.0,0.0
21.941597624347352,0.0,0.0,0.0
21.754006225153425,0.0,0.0,0.14346018523894336
21.820854719051233,0.0,0.0,1.5537159108192407
21.89693570391688,0.0,0.0,1.3021770900017624
21.965275275604974,0.0,0.0,1.9201593664488263
22.903193746286867,0.0,0.0,7.832352127454935
23.58119058986339,0.0,0.0,6.187591619858621
23.657567993460372,0.0,0.0,5.583925168339845
23.6217414570753,0.0,0.0,3.4367594951684755
23.371645941350607,0.0,0.0,2.6387821128505973
23.272743001288873,0.0,0.0,1.9422302121513715
23.18947725315436,0.0,0.0,1.7987700269124283
23.16384972119473,0.0,0.0,1.5780620376283767
23.178748781934498,0.0,0.0,2.0415488618990243
23.14537659014598,0.0,0.0,1.6994513771647748
22.96012551150368,0.0,0.0,0.9821505289269584
22.749962356356054,0.0,0.0,0.45245136244092515
22.54104648934703,0.0,0.0,0.04414159395896526
22.370649715255336,0.0,0.0,0.0
22.232094393303235,0.0,0.0,0.0
22.089890599686708,0.0,0.0,0.0
21.950927205486796,0.0,0.0,0.0
21.816636732623184,0.0,0.0,0.0
21.69678084869742,0.0,0.0,0.0
21.590231060054265,0.0,0.0,0.0
21.500624316883982,0.0,0.0,0.08828319766254303
21.462881299276248,0.0,0.0,0.4083097489927349
21.48912938731367,0.0,0.0,0.7504071167916344
21.65076270810819,0.0,0.0,1.7104869559298472
21.90018662793934,0.0,0.0,2.255645734456558
22.207488861214173,0.0,0.0,3.123335820296487
22.588710523000145,0.0,0.0,3.97965017628079
22.829530974488673,0.0,0.0,3.7223593016118244
22.853798448655304,0.0,0.0,2.7854031679637883
22.92984012477502,0.0,0.0,2.947318584429879
23.515851322422478,0.0,0.0,6.112667441657481
23.8064254653223,0.0,0.0,4.028946461794789
23.594019337520656,0.0,0.0,2.2953629638230937
23.537493407988904,0.0,0.0,1.7104869559298472
23.448189632710747,0.0,0.0,1.0925045235689839
23.311268686354715,0.0,0.0,0.5517699732101282
23.112045778175567,0.0,0.0,0.04414159395896526
22.92890748680212,0.0,0.0,0.0
22.792311024745857,0.0,0.0,0.0
22.670156509793994,0.0,0.0,0.0
22.565039810126535,0.0,0.0,0.0
22.466163845708003,0.0,0.0,0.0
22.371609403786227,0.0,0.0,0.0
22.265687170709178,0.0,0.0,0.0
22.168959250537263,0.0,0.0,0.14346018523894336
22.151440224406446,0.0,0.0,0.7173009261947166
22.328391024249235,0.0,0.0,2.035603583034243
23.473425619163546,0.0,0.0,8.979252221118818
24.289267910696317,0.0,0.0,6.273328899520085
24.380946806217914,0.0,0.0,5.1703390000435565
24.82348629878064,0.0,0.021198135885416476,5.527133982368908
24.935005204814285,0.0,0.0,3.8881377587291017
24.900043762829462,0.0,0.0,3.317065429639558
24.965038558015177,0.0,0.22151544755013472,3.773095644888538
25.0,0.0,1.0126949115074562,5.842031917749318
25.0,0.0,0.5706906293570015,3.212369457646657
25.0,0.0,0.14711481994614586,2.3063983866743656
24.85516826063033,0.0,0.0,1.7104869559298472
24.527753326547717,0.0,0.0,1.1035399464202564
24.207769586278324,0.0,0.0,0.5296991275075832
23.967085376486445,0.0,0.0,0.05517699732101282
23.798386317664157,0.0,0.0,0.0
23.651328096992657,0.0,0.0,0.0
23.456680196428955,0.0,0.0,0.0
23.24002059937811,0.0,0.0,0.0
23.04588841656334,0.0,0.0,0.0
22.89240169731237,0.0,0.0,0.0
22.770287882099336,0.0,0.0,0.0
22.664933802244917,0.0,0.0,0.08828318791793052
22.598696847452153,0.0,0.0,0.4083097489927349
22.571041383310266,0.0,0.0,0.7504071167916344
22.65805165171905,0.0,0.0,1.7215222228673202
22.80694374596172,0.0,0.0,2.2548772818457863
22.989133061208513,0.0,0.0,3.01363328308448
23.149306750860312,0.0,0.0,3.0371641969612986
23.335844081663797,0.0,0.0,3.7664384306809926
23.434118909058,0.0,0.0,3.0814485860668483
23.56124005636225,0.0,0.0,3.733390580192974
23.890746894373738,0.0,0.0,4.568881087858816
24.04709625889555,0.0,0.0,3.9953537566831603
24.062661596232772,0.0,0.0,3.5319660814195895
24.378528818702147,0.0,0.0,5.766156008805435
24.186819615835077,0.0,0.0,1.828245577968104
23.595086671548593,0.0,0.0,0.5407345503588555
23.315190131635543,0.0,0.0,0.04414159395896526
23.043009951684194,0.0,0.0,0.0
22.842491326942966,0.0,0.0,0.0
22.610654025938008,0.0,0.0,0.0
22.364249713225043,0.0,0.0,0.0
22.099379234522402,0.0,0.0,0.0
21.830939950323806,0.0,0.0,0.0
21.569862099030704,0.0,0.0,0.0
21.37422619784843,0.0,0.0,0.14346018523894336
22.167932077626435,0.0,0.0,7.1200746154311725
23.228387855542202,0.0,0.0,8.535456178098883
23.830537658324054,0.0,0.0,9.32996079889477
24.26681347357828,0.0,0.0,7.949347052199435
24.452960047374233,0.0,0.0,7.27235484060504
24.29887488767791,0.0,0.0,3.99892488875289
24.075999554991533,0.0,0.0,3.7729058879626782
24.025409032908797,0.0,0.0,2.9318381496641757
24.237926550166456,0.0,0.0,4.830725445505347
24.794374942597436,0.0,0.09711806810318699,6.50382103638773
25.0,0.0,1.0987746777284984,8.670430557059808
25.0,0.0,1.5820684131251053,8.110437532218254
25.0,0.0,2.164679868079701,8.798314671803938
25.0,0.0,1.6459630919175512,5.839958312707669
25.0,0.0,1.6249797117160052,6.172101590602689
24.99190936848327,0.0,0.0,0.8620369722003163
24.56456165672009,0.0,0.0,0.0
24.014267647288317,0.0,0.0,0.0
23.68114127414648,0.0,0.0,0.0
23.329535209022225,0.0,0.0,0.0
23.01701522434456,0.0,0.0,0.0
22.698347053027764,0.0,0.0,0.0
22.38618027499015,0.0,0.0,0.0
22.43575734328337,0.0,0.0,2.5967580241863613
23.11548849946704,0.0,0.0,7.078013912347859
23.83108892859176,0.0,0.0,8.522266606385196
24.365109927928096,0.0,0.0,8.908112530262086
24.82859130789971,0.0,0.10044026726646633,8.57159678733855
25.0,0.0,0.028734934070994818,6.200436907283514
25.0,0.0,0.07715201454738337,4.9079033819166025
24.975571393863824,0.0,0.0,3.7722204886664206
24.925209499851753,0.0,0.0,3.23861226984219
24.9447770658249,0.0,0.0,2.93547395349032
24.99513895983697,0.0,1.0154103280471543,5.988849154109289
25.0,0.0,1.7905472592695635,7.033495965706547
25.0,0.0,1.5849342604838603,4.9613537999199755
25.0,0.0,2.2628749275944657,7.270745045886956
25.0,0.0,0.92609215016151,1.795182400936572
25.0,0.0,0.13764410642590116,0.5738407409557734
24.79502299266926,0.0,0.0,0.05517699732101282
24.47593207259753,0.0,0.0,0.0
24.195161637345446,0.0,0.0,0.0
23.87892854201488,0.0,0.0,0.0
23.57863846849532,0.0,0.0,0.0
23.31241699625001,0.0,0.0,0.0
23.119479477673252,0.0,0.0,0.0
22.96846266377016,0.0,0.0,0.0
22.84191683411988,0.0,0.0,0.16553099196303844
22.799180423402923,0.0,0.0,0.7173009261947166
22.841872374466945,0.0,0.0,1.3132125128530354
23.14035116966694,0.0,0.0,3.000629261967009
23.659274897264925,0.0,0.0,4.184929879431561
24.456094814332584,0.0,0.024810164546078237,7.051733872820162
24.981615862465922,0.0,0.0,5.381596420898648
24.981615862465922,0.0,0.07098437576958935,4.023852866743884
24.98769022779897,0.0,0.0,2.9395256092269433
24.98769022779897,0.0,0.7107963166944683,4.828786114812316
25.0,0.0,1.6308842040529432,6.770802772609828
25.0,0.0,2.6727997599596307,8.658936939114868
25.0,0.0,3.4869852617524884,9.500071728379085
25.0,0.0,3.351922009122718,7.289436365861979
25.0,0.0,3.2601130415000728,6.506157903658744
25.0,0.0,2.243770708639713,2.9386487915269695
25.0,0.0,0.972076646008443,0.05517699732101282
25.0,0.0,0.3618006399950132,0.0
24.965092109994487,0.0,0.0,0.0
24.792672434961688,0.0,0.0,0.0
24.567935707308113,0.0,0.0,0.0
24.37321910856514,0.0,0.0,0.0
24.165141777822743,0.0,0.0,0.0
23.964132194534578,0.0,0.0,0.0
24.125430378178038,0.0,0.0,2.5284133869724874
24.693576235241974,0.0,0.4730737824278832,6.91600926974197
25.0,0.0,1.3115496739166135,8.642713104663443
25.0,0.0,2.16615119983046,9.19755521014999
25.0,0.0,2.636544008548994,8.570443396100725
25.0,0.0,2.8978241943939387,7.604831584291227
25.0,0.0,2.406536210711832,4.503849301056332
25.0,0.0,2.282629964395835,3.712402239099376
25.0,0.0,2.1052039660185016,2.8018229514404207
25.0,0.0,2.8036329036476104,4.6204153674037425
25.0,0.0,3.3372275807254805,5.269974831763623
25.0,0.0,4.187395684235849,6.97086285492744
25.0,0.0,3.4924615186927985,2.9939643520126173
25.0,0.0,4.332668801535329,6.192257956905335
25.0,0.0,4.713885897939811,6.540393745885307
25.0,0.0,3.305621762552562,1.174334642952645
25.0,0.0,2.4207737448687756,0.05517699732101282
25.0,0.0,1.8575934419931581,0.0
25.0,0.0,1.399992779294957,0.0
25.0,0.0,1.0108521180353436,0.0
25.0,0.0,0.6787998207511635,0.0
25.0,0.0,0.4026379774723884,0.0
25.0,0.0,0.16625599096462085,0.0
24.98414366676821,0.0,0.0,0.0
24.909149716985418,0.0,0.0,0.1544955788563784
24.925006050217206,0.0,1.5354070336831906,6.368749845843197
25.0,0.0,1.530781050475505,4.6273108013556605
25.0,0.0,2.7482854113505972,7.81764900456241
25.0,0.0,2.1024911000606274,3.0976758617022253
25.0,0.0,3.1933544925087816,6.392391281426747
25.0,0.0,3.633587857117074,5.89307195890692
25.0,0.0,3.442285083290432,3.945918970433355
25.0,0.0,3.1738968327252546,2.781312185301109
25.0,0.0,3.1947270098443066,3.2941904305934813
25.0,0.0,3.5750356026358188,5.135965188081748
25.0,0.0,4.279885257824757,7.643572368527826
25.0,0.0,3.110099955827237,3.0627166888765593
25.0,0.0,3.8143456452068736,6.78408736771666
25.0,0.0,3.7708693941676676,6.116883575535052
25.0,0.0,2.18875409134122,0.606946931552691
25.0,0.0,1.4185589503764884,0.0662123909384479
25.0,0.0,0.9049864409487458,0.0
25.0,0.0,0.457696950894719,0.0
25.0,0.0,0.03867581040754481,0.0
24.846019548255367,0.0,0.0,0.0
24.593926306663906,0.0,0.0,0.0
24.39433064339439,0.0,0.0,0.0
24.2141304890446,0.0,0.0,0.0
24.081566372207604,0.0,0.0,0.17656637583586104
24.142045183377235,0.0,0.0,1.4297213051574198
24.205746962953498,0.0,0.0,1.3352832026417805
24.25348498439787,0.0,0.0,1.9201593664488263
24.41853728699582,0.0,0.0,2.3281872593341086
24.741668475720438,0.0,0.0,3.85539772665341
24.962928163664476,0.0,0.0,3.1429060651392104
24.96387353826711,0.0,0.27821901358399675,3.5498085527371543
25.0,0.0,0.27696328645921314,2.858423775346978
25.0,0.0,0.8423792799035275,4.122240844877717
25.0,0.0,2.013110402150487,6.878613795507151
25.0,0.0,2.627298195673292,7.00359294708967
25.0,0.0,3.781060155181953,9.47181434968899
25.0,0.0,4.316546458457807,9.444444802326345
25.0,0.0,4.195870033398007,7.90706469603198
25.0,0.0,3.7086121459174075,6.2116317322615
25.0,0.0,1.9694745246968441,1.1320317911059867
25.0,0.0,0.8861872035067629,0.0
25.0,0.0,0.2390801223750572,0.0
24.890120971791657,0.0,0.0,0.0
24.633674919592963,0.0,0.0,0.0
24.355435825225456,0.0,0.0,0.0
24.082923248487095,0.0,0.0,0.0
23.80712184227432,0.0,0.0,0.0
23.884272223611507,0.0,0.0,2.5189364248190658
24.548191752400133,0.0,0.027510372835547768,6.676766002049686
25.0,0.0,0.7348762239037994,8.625937019747361
25.0,0.0,1.6895510482396559,9.319433502216993
25.0,0.0,2.079345589670726,8.025604967999795
25.0,0.0,2.619735141251173,7.973626349016917
25.0,0.0,2.538454404712789,5.85308475900177
25.0,0.0,2.159118042760359,3.9385461027655815
25.0,0.0,1.8435472619170226,3.1973359126350847
25.0,0.0,1.9285057615179217,4.009170741890041
25.0,0.0,2.1122868056699775,5.128456515593338
25.0,0.0,1.9410306685601084,4.665345525666355
25.0,0.0,1.2063696267200108,2.182562518525735
25.0,0.0,0.9633206030773241,1.7546283355073375
25.0,0.0,0.7230200709079831,1.1587169047628192
25.0,0.0,0.43469063613671294,0.606946931552691
25.0,0.0,0.004475070506377961,0.05517699732101282
24.828159607908976,0.0,0.0,0.0
24.548721412135002,0.0,0.0,0.0
24.300655906557036,0.0,0.0,0.0
24.03524164458036,0.0,0.0,0.0
23.805142735120754,0.0,0.0,0.0
23.610714085337833,0.0,0.0,0.0
23.433321625120186,0.0,0.0,0.0
23.609365583523605,0.0,0.0,2.5993358333798438
24.166391067614956,0.0,0.0,5.45552402903057
24.72962821674511,0.0,0.5223485839148068,8.789088824123683
25.0,0.0,1.1925000598023405,9.17004758991103
25.0,0.0,1.7867135413733921,8.581544769340258
25.0,0.0,2.0267447898407167,7.3017894850089835
25.0,0.0,1.8770701024599679,5.364610242420078
25.0,0.0,1.495471956279976,3.573797233139266
25.0,0.0,1.2657993846058526,2.9182673624531583
25.0,0.0,1.796694527604187,4.4313503530689315
25.0,0.0,2.530858897295507,6.071299992245929
25.0,0.0,3.6441093000141858,8.558032749854945
25.0,0.0,3.9278815686707733,7.628472459954961
25.0,0.0,3.40670751349834,4.790392642638071
25.0,0.0,4.080340931437103,7.472900899088474
25.0,0.0,3.9033235099779913,6.359233388403685
25.0,0.0,2.0463092234755216,0.4739556398444587
25.0,0.0,1.1419456290966545,0.0
25.0,0.0,0.5575466282729192,0.0
25.0,0.0,0.14713813156883893,0.0
24.90722600673049,0.0,0.0,0.0
24.694198460352926,0.0,0.0,0.0
24.451265952533475,0.0,0.0,0.0
24.203288081043052,0.0,0.0,0.0
24.221186748652315,0.0,0.0,1.831050577980806
24.682192166520302,0.0,0.631389743591434,6.964105338383154
25.0,0.0,1.3749987835019823,8.475860912366688
25.0,0.0,2.1741147159651235,8.880071480541408
25.0,0.0,2.7417964330401445,8.587188109063508
25.0,0.0,2.933441725821823,7.307460746409142
25.0,0.0,2.774483786165858,5.369721220377158
25.0,0.0,2.430516725002041,3.5771733435779742
25.0,0.0,2.2790274404569613,3.0464671586907204
25.0,0.0,2.8399396783056083,4.5230367534453295
25.0,0.0,3.664986253033971,6.489090720813469
25.0,0.0,4.175460131188132,6.966683084989309
25.0,0.0,5.05611382108016,8.979069426509037
25.0,0.0,5.620860288380168,9.594260562451463
25.0,0.0,5.708757835520405,8.907484688046624
25.0,0.0,3.3777300446853444,0.6179823154255136
25.0,0.0,2.2828478578391596,0.0772477894281892
25.0,0.0,1.5818992090802042,0.0
25.0,0.0,1.092690576665215,0.0
25.0,0.0,0.7446504611750828,0.0
25.0,0.0,0.4519425346387773,0.0
25.0,0.0,0.16718064098494423,0.0
24.942156592723705,0.0,0.0,0.0
24.77720108164346,0.0,0.0,0.0
24.608360478340394,0.0,0.0,0.09931858153536557
24.51624329529632,0.0,0.0,0.4083097489927349
24.483071465355223,0.0,0.0,0.7504071167916344
24.446263990966422,0.0,0.0,1.0925045235689839
24.38960192206229,0.0,0.0,1.4014955838356156
24.353016906075077,0.0,0.0,1.6663451086109575
24.52978131775491,0.0,0.0,2.9574870875890475
24.773444033945015,0.0,0.0,2.903615780045205
24.90467058873557,0.0,0.0,2.701401594052723
24.9914730570458,0.0,0.18986953790644798,3.1830161749476
25.0,0.0,0.3269457110279634,3.585781749456915
25.0,0.0,0.008418012154256251,2.5381417988096895
24.77140928897045,0.0,0.0,1.3242479357043075
24.4651049887645,0.0,0.0,1.0042213746295034
24.252477846703144,0.0,0.0,0.6621239678521538
24.028832071574985,0.0,0.0,0.5076283597619381
23.797255294469757,0.0,0.0,0.0772477894281892
23.559670480067876,0.0,0.0,0.0
23.357430848136943,0.0,0.0,0.0
23.14138576403915,0.0,0.0,0.0
22.92203813950003,0.0,0.0,0.0
22.705709302432446,0.0,0.0,0.0
22.50078553584467,0.0,0.0,0.0
22.307591393373745,0.0,0.0,0.0
22.152771742506,0.0,0.0,0.1876017791979086
22.100048277625042,0.0,0.0,0.7504071167916344
22.14167221375316,0.0,0.0,1.3242479357043075
22.254104619983515,0.0,0.0,1.9201593664488263
22.419013627015836,0.0,0.0,2.2602737818634266
22.61909871858349,0.0,0.0,2.645662358203787
22.939845574681197,0.0,0.0,3.6283801009365666
23.266486722994966,0.0,0.0,3.870388017168175
23.39080259043482,0.0,0.0,3.054444426066834
23.649373350992022,0.0,0.0,4.041238066683128
24.105070183393593,0.0,0.0,4.996439001762564
24.58789303040075,0.0,0.0,6.225853379347498
24.75123913867639,0.0,0.0,4.527228890976595
24.647328114796096,0.0,0.0,3.810886486880205
24.304625820004823,0.0,0.0,1.1697522496571922
23.854643208634897,0.0,0.0,0.5738407409557734
23.571433901445296,0.0,0.0,0.0772477894281892
23.288902442615857,0.0,0.0,0.0
23.084979630504773,0.0,0.0,0.0
22.87000594956362,0.0,0.0,0.0
22.661611735804048,0.0,0.0,0.0
22.459355421962293,0.0,0.0,0.0
22.261628050204948,0.0,0.0,0.0
22.05875310189564,0.0,0.0,0.0
21.867952508604727,0.0,0.0,0.16553099196303844
22.110898686216174,0.0,0.0,3.4965172949907366
23.09684338986081,0.0,0.0,8.912894471757685
23.98342773953491,0.0,0.0,9.321313013264886
24.516967544623423,0.0,0.0,8.794681525014973
24.909241219086862,0.0,0.07962918048845798,7.652029371718072
25.0,0.0,0.1343238469272021,6.079174116398169
24.856964422220045,0.0,0.0,3.948416594795421
24.63654421253365,0.0,0.0,3.281107345890177
24.677899319017392,0.0,0.0,3.8993600983750567
24.898319528703787,0.0,0.20811693899934955,4.899525615934512
25.0,0.0,1.5436403760342041,8.41791610437533
25.0,0.0,1.7760710922157643,6.802233615650756
25.0,0.0,1.9056583096310027,6.165161829850791
25.0,0.0,0.6310868778808152,1.1697522496571922
25.0,0.0,0.05579524355381889,0.5738407409557734
24.79134475850386,0.0,0.0,0.0772477894281892
24.479853465614823,0.0,0.0,0.0
24.23926363932806,0.0,0.0,0.0
23.981078160103102,0.0,0.0,0.0
23.735730659598374,0.0,0.0,0.0
23.515718585000972,0.0,0.0,0.0
23.338149084264906,0.0,0.0,0.0
23.191326843070662,0.0,0.0,0.0
23.34191674421357,0.0,0.0,2.0032615196838286
24.17761267128121,0.0,0.0,6.975375648440153
24.899184839162,0.0,0.4422756540670606,8.57988935526563
25.0,0.0,1.1940238236666725,8.668579553629202
25.0,0.0,1.9786474927279776,9.116065094910704
25.0,0.0,2.213199300976307,7.969495294792595
25.0,0.0,1.4973575882529904,4.700459288903565
25.0,0.0,1.0271760786062156,3.758605393675539
25.0,0.0,0.546981281726993,2.7890829505497683
25.0,0.0,0.4424799549172409,2.880765924062207
25.0,0.0,0.5493694780415616,3.104501509547467
25.0,0.0,0.7919972472263664,3.658980401243913
25.0,0.0,0.5915709030686007,2.7473757138994537
25.0,0.0,0.43223419834901705,2.7426973696863497
24.916883156440406,0.0,0.0,1.1697522496571922
24.65068172967675,0.0,0.0,0.5738407409557734
24.355329057612323,0.0,0.0,0.0772477894281892
24.147994652890446,0.0,0.0,0.0
23.961138944203263,0.0,0.0,0.0
23.759964340143803,0.0,0.0,0.0
23.544573777668248,0.0,0.0,0.0
23.34301077237203,0.0,0.0,0.0
23.159690501691,0.0,0.0,0.0
22.98720818189875,0.0,0.0,0.0
22.843670381179145,0.0,0.0,0.1876017791979086
22.847612233169038,0.0,0.0,1.2730122001992912
23.783035749579703,0.0,0.0,8.39838931356699
24.433133789417752,0.0,0.0,6.457131365713333
24.605284131194484,0.0,0.25063044315054467,8.176271924369072
25.0,0.0,0.17110969866346243,7.192408965926369
24.788065826332595,0.0,0.0,3.8252315887484336
24.65868689023118,0.0,0.0,4.0792446633761275
24.56325269043946,0.0,0.0,2.9742562397848955
24.547840420038895,0.0,0.0,3.5175326944378256
24.855208793498022,0.0,0.5085706934818558,6.258823655023226
25.0,0.0,1.2497882538062872,7.604184723754107
25.0,0.0,1.9916084241808696,8.555917148541027
25.0,0.0,1.7374273002242666,6.333199372715055
25.0,0.0,0.27408469128947116,1.1697522496571922
24.8010922311392,0.0,0.0,0.6179823154255136
24.375237245095747,0.0,0.0,0.0772477894281892
24.006026115998218,0.0,0.0,0.0
23.724372969318793,0.0,0.0,0.0
23.46728939902631,0.0,0.0,0.0
23.231311031277702,0.0,0.0,0.0
22.995570221863368,0.0,0.0,0.0
22.75884539099499,0.0,0.0,0.0
22.52842495537721,0.0,0.0,0.0
22.342440202288504,0.0,0.0,0.1544955788563784
22.289156728415698,0.0,0.0,0.7062655033434442
22.453558923269913,0.0,0.0,2.058770941518942
23.156262401290633,0.0,0.0,6.064730066668526
24.00811557764633,0.0,0.0,7.34009936195547
24.3865793133667,0.0,0.0,5.991759698125986
24.551568755413562,0.0,0.0,4.841810557055424
24.67482738125036,0.0,0.0,4.010912216129013
24.709909577281053,0.0,0.0,3.2377851300836666
24.848507082899307,0.0,0.0,3.554747102133988
24.99837615804041,0.0,0.7812288252132242,5.968458457353522
25.0,0.0,1.4290315888252856,6.740701482381779
25.0,0.0,1.600639918553829,5.926529680792863
25.0,0.0,2.156010950998106,7.059975617726537
25.0,0.0,2.255347017244486,6.4360786576127085
25.0,0.0,0.9916697071768998,1.8346793916139337
24.96814634401136,0.0,0.0,0.0662123909384479
24.671167856840547,0.0,0.0,0.0
24.277728371179073,0.0,0.0,0.0
24.00367623911523,0.0,0.0,0.0
23.739529914316567,0.0,0.0,0.0
23.501953533634474,0.0,0.0,0.0
23.271718048074867,0.0,0.0,0.0
23.06447332532957,0.0,0.0,0.0
22.927361480154616,0.0,0.0,0.14346018523894336
23.52610562765376,0.0,0.0,5.144340830522336
24.447993599057618,0.0,0.0,7.174774427899468
24.86510117422052,0.0,0.1375050105598833,6.98118544419673
25.0,0.0,1.05273394428234,8.547409547190238
25.0,0.0,0.9190824350636911,5.8891563372906
25.0,0.0,1.0232387822213542,5.346358192485233
25.0,0.0,0.838026939728847,3.876817292310569
25.0,0.0,0.710303715531247,3.178372812783754
25.0,0.0,0.8894247095065091,3.280439722570908
25.0,0.0,1.528949277483019,4.957861458748256
25.0,0.0,2.852757561436665,8.42488506281918
25.0,0.0,3.2348734501504963,7.694854158394529
25.0,0.0,3.4041684760950415,7.083658858381524
25.0,0.0,1.877581401965985,1.1697522496571922
25.0,0.0,1.1470948377614614,0.5848761248285961
25.0,0.0,0.44950634349504576,0.08828318791793052
24.974794951615024,0.0,0.0,0.0
24.783718343480302,0.0,0.0,0.0
24.54541970146203,0.0,0.0,0.0
24.37316625636278,0.0,0.0,0.0
24.183519166572154,0.0,0.0,0.0
23.991859865054558,0.0,0.0,0.0
23.77994964685324,0.0,0.0,0.0
23.55934925432488,0.0,0.0,0.08828318791793052
23.368018285652276,0.0,0.0,0.3972743261414623
23.242166900220965,0.0,0.0,0.7393717718972619
23.252865821715933,0.0,0.0,1.6994513771647748
23.555519933937624,0.0,0.0,3.7871884300128187
23.921573240032902,0.0,0.0,4.47681273213353
24.381060025178233,0.0,0.0,6.180791216095258
24.533510358853515,0.0,0.0,4.029684764679166
24.328995131585383,0.0,0.0,2.8160318933623065
24.5112495160311,0.0,0.0,3.8762032758928484
24.85506497864345,0.0,0.4240792280031423,6.131963943913662
25.0,0.0,1.2782668231209553,7.888848501570397
25.0,0.0,1.850258196131003,8.0331069896502
25.0,0.0,2.6064689424733336,9.435189632892596
25.0,0.0,2.433784093456286,7.603629971912347
25.0,0.0,2.0700426541193964,6.375535649407106
25.0,0.0,0.022428246505935223,0.0662123909384479
24.623632087263175,0.0,0.0,0.0
24.129168348813817,0.0,0.0,0.0
23.86631898734077,0.0,0.0,0.0
23.627142258250757,0.0,0.0,0.0
23.433405016878893,0.0,0.0,0.0
23.226764183095415,0.0,0.0,0.0
23.011300278137423,0.0,0.0,0.0
22.803602834330853,0.0,0.0,0.08828318791793052
22.63408326586208,0.0,0.0,0.3972743261414623
22.53473098749488,0.0,0.0,0.7393717718972619
22.56944007923541,0.0,0.0,1.6884161102273025
22.757730285481696,0.0,0.0,2.787792829371087
22.892455977505293,0.0,0.0,2.626425025706071
22.86901188561219,0.0,0.0,1.8539471411687907
22.976385457548062,0.0,0.0,2.606697101052757
23.150923486669214,0.0,0.0,2.698087363438034
23.33204851701344,0.0,0.0,3.3080352739704395
23.82608234023008,0.0,0.0,5.603304041232954
24.502981120983172,0.0,0.0,7.563179852579054
24.874237878229955,0.0,0.0,6.777563163719105
24.957343700441136,0.0,0.7403373276762026,8.453081090783343
24.650970763189378,0.0,0.0,1.7672466006337229
24.07189009221171,0.0,0.0,0.6290177382767862
23.60629704224408,0.0,0.0,0.0662123909384479
23.21604851753696,0.0,0.0,0.0
22.907924069638025,0.0,0.0,0.0
22.617461789346336,0.0,0.0,0.0
22.34503343789582,0.0,0.0,0.0
22.079704565655113,0.0,0.0,0.0
21.815812935717492,0.0,0.0,0.0
21.548631976314113,0.0,0.0,0.0
21.59878069231165,0.0,0.0,2.3189072430770663
22.27585060412882,0.0,0.0,6.893989658527852
23.020818898810134,0.0,0.0,8.456383331379351
23.575959422840633,0.0,0.0,8.885491653183095
24.112151028530704,0.0,0.0,8.586646949945276
24.49886937971501,0.0,0.0,7.6750483277777795
24.64936570110963,0.0,0.0,5.977751027909716
24.44429417762166,0.0,0.0,3.578936477632821
24.20609161739557,0.0,0.0,3.0233348324337173
24.37930772969007,0.0,0.0,4.30626392227019
24.794772068217945,0.0,0.10951097574494068,5.97547389949513
25.0,0.0,0.7924276660462702,7.346052796263294
25.0,0.0,1.079221623698379,6.559206659036311
25.0,0.0,1.5110018306018012,7.076240308639499
25.0,0.0,1.7873936409462152,7.173567767530984
25.0,0.0,0.07557468524062036,0.6179823154255136
24.670609234062248,0.0,0.0,0.0772477894281892
24.222339883311527,0.0,0.0,0.0
23.934906926240345,0.0,0.0,0.0
23.63345787854412,0.0,0.0,0.0
23.358645153873717,0.0,0.0,0.0
23.07142050362273,0.0,0.0,0.0
22.777930329564413,0.0,0.0,0.0
22.487326078625387,0.0,0.0,0.0
22.500649998303444,0.0,0.0,2.0882407345602285
23.206755960475448,0.0,0.0,6.882809234035735
23.936030707248133,0.0,0.0,7.755451396500392
24.557472044713087,0.0,0.07226158154261712,9.311991934826311
25.0,0.0,0.5593973508818454,8.9891892019639
25.0,0.0,1.0734742237230805,7.880683753344453
25.0,0.0,1.0536955174756197,5.814587910382672
25.0,0.0,0.5683014544732011,3.3521134973206386
25.0,0.0,0.33028213170482357,2.709320965682791
25.0,0.0,0.8520632183072625,4.180405595783155
25.0,0.0,1.8078763612549906,6.587866767358679
25.0,0.0,2.3253224993330512,6.732829515459089
25.0,0.0,3.1901633849950626,8.311888992837346
25.0,0.0,3.5317574578025392,7.778417011480279
25.0,0.0,3.560961683952846,6.855217875743531
25.0,0.0,2.280345437252448,2.1197686091373438
25.0,0.0,1.1420681349003765,0.0662123909384479
25.0,0.0,0.5134727345935405,0.0
25.0,0.0,0.029138323508846545,0.0
24.823815515087457,0.0,0.0,0.0
24.538223273238458,0.0,0.0,0.0
24.296796853745448,0.0,0.0,0.0
24.047767724171894,0.0,0.0,0.0
23.81221078802301,0.0,0.0,0.0
23.60319650633383,0.0,0.0,0.12138938825946072
24.23192290189292,0.0,0.0,6.165840970563637
24.97555855500465,0.0,0.5356788797657727,8.329572493974553
25.0,0.0,1.5695236395814574,9.023308418343726
25.0,0.0,1.8698583187085507,7.050103573804681
25.0,0.0,2.5570031981211083,7.420224471409929
25.0,0.0,2.641033061597789,5.7784971405393595
25.0,0.0,2.238334606067397,3.640429814273467
25.0,0.0,1.989160470305077,2.94282580235465
25.0,0.0,2.2370013670023035,3.65821408824382
25.0,0.0,3.252605540393051,6.544654184699617
25.0,0.0,4.282386612138733,8.493247136151583
25.0,0.0,4.090629258496806,5.896765956460114
25.0,0.0,5.32374636552577,9.609383863222675
25.0,0.0,5.0066791583719565,6.742651234344298
25.0,0.0,4.052911982784005,3.422252041628818
25.0,0.0,2.6313275905201183,0.0662123909384479
25.0,0.0,1.8897614592044234,0.0
25.0,0.0,1.2737901074738813,0.0
25.0,0.0,0.7237929461971201,0.0
25.0,0.0,0.24558390404020936,0.0
24.941492777834085,0.0,0.0,0.0
24.777938394432155,0.0,0.0,0.0
24.583668083735652,0.0,0.0,0.0
24.398362837003095,0.0,0.0,0.12138938825946072
24.651140369865512,0.0,0.34679703760247826,4.665660537582417
25.0,0.0,1.2270986395792312,7.805525941650168
25.0,0.0,2.372544402816566,9.775837908225327
25.0,0.0,1.944025591360389,6.19749889671818
25.0,0.0,1.0748427066211297,3.037279535688227
25.0,0.0,0.7787587922672052,3.1823457015306085
25.0,0.0,0.44316871841797056,2.828239849311361
25.0,0.0,0.12009474106593794,2.403086357863595
24.94463301178008,0.0,0.0,1.9532656350026438
24.866807523283384,0.0,0.0,1.8208408726149732
24.809149045708114,0.0,0.0,1.6001328833309219
24.827771786452907,0.0,0.0,2.0967259761553874
24.79930199051367,0.0,0.0,1.7656639142724102
24.60448200120839,0.0,0.0,1.0373275652264211
24.376573685605305,0.0,0.0,0.5076283597619381
24.1403319302334,0.0,0.0,0.0662123909384479
23.94380701794965,0.0,0.0,0.0
23.802466294786996,0.0,0.0,0.0
23.6805938101647,0.0,0.0,0.0
23.5637042983126,0.0,0.0,0.0
23.4283352764562,0.0,0.0,0.0
23.265196572719812,0.0,0.0,0.0
23.082355029879455,0.0,0.0,0.0
22.9040299395898,0.0,0.0,0.11035399464202564
23.599744264842847,0.0,0.0,6.759454871806467
24.568282351925795,0.0,0.0,8.445243597251329
24.878579565613066,0.0,0.44192320925912,8.881839121594748
25.0,0.0,0.9674435011106834,8.686654256393567
25.0,0.0,1.3499172721234936,8.132001755339761
25.0,0.0,0.7599207364140683,4.870945662052166
25.0,0.0,0.4396883207310424,4.058329130442259
24.999830514355722,0.0,0.0,3.156792268332381
24.999830514355722,0.0,0.31773751597103705,4.528840195125843
25.0,0.0,0.9665141333119067,6.556082402560371
25.0,0.0,0.8000481035104248,5.201306512933341
24.974046632941835,0.0,0.0,2.188457997941435
24.867327998325948,0.0,0.0,2.5249169649922867
24.56286565302547,0.0,0.0,1.2359646308510273
24.20186637980541,0.0,0.0,0.606946931552691
23.890396942350968,0.0,0.0,0.0772477894281892
23.606719524350066,0.0,0.0,0.0
23.37553378404713,0.0,0.0,0.0
23.145733655389122,0.0,0.0,0.0
22.931337963374663,0.0,0.0,0.0
22.7274550263796,0.0,0.0,0.0
22.543316632558575,0.0,0.0,0.0
22.372952529935578,0.0,0.0,0.0
22.226148107535536,0.0,0.0,0.14346018523894336
22.15637706470711,0.0,0.0,0.6731593127465263
22.13925073226791,0.0,0.0,1.1256106362090015
22.07421798431949,0.0,0.0,1.0593982550151664
22.140964463456168,0.0,0.0,2.1739734683728953
22.477708262465427,0.0,0.0,3.9262113863342303
22.68638254533554,0.0,0.0,3.4403409411645476
22.793317593632523,0.0,0.0,3.4610633766694288
22.89595135065547,0.0,0.0,2.9846401900543946
23.090058250067422,0.0,0.0,3.846992492329426
23.807472459154464,0.0,0.0,7.399330912423132
24.137707769955725,0.0,0.0,5.455969380806453
23.827171749874605,0.0,0.0,3.230344731451157
23.647499852861788,0.0,0.0,3.013861374607492
23.29647357707556,0.0,0.0,1.2359646308510273
22.843636234233195,0.0,0.0,0.5959115476798684
22.485156923507244,0.0,0.0,0.0772477894281892
22.164633139405,0.0,0.0,0.0
21.94196990471139,0.0,0.0,0.0
21.757183583891564,0.0,0.0,0.0
21.604158270438447,0.0,0.0,0.0
21.459530510062994,0.0,0.0,0.0
21.311639170207854,0.0,0.0,0.0
21.156961616500197,0.0,0.0,0.0
21.018633346643902,0.0,0.0,0.0662123909384479
20.929707903207618,0.0,0.0,0.3752035583958172
20.889827421588542,0.0,0.0,0.7173009261947166
20.95261662013651,0.0,0.0,1.6663451086109575
21.150657783160533,0.0,0.0,2.8130201283591068
21.836667616202682,0.0,0.0,6.855619008578829
22.48743312607614,0.0,0.0,6.699478671506522
22.546207317302304,0.0,0.0,4.64165290508
22.47360618906792,0.0,0.0,3.267294170316666
22.71465897733897,0.0,0.0,4.451761888480722
23.318250381755817,0.0,0.0,6.342826456426308
23.964840791308553,0.0,0.0,7.828900464916149
24.292480736239924,0.0,0.0,6.828979513257377
24.166609983383314,0.0,0.0,4.985763885467657
23.57216553917914,0.0,0.0,1.2359646308510273
22.966778813747553,0.0,0.0,0.606946931552691
22.590982307419534,0.0,0.0,0.05517699732101282
22.248534404431204,0.0,0.0,0.0
22.031934056489074,0.0,0.0,0.0
21.84236769840532,0.0,0.0,0.0
21.697735766647497,0.0,0.0,0.0
21.56821387270852,0.0,0.0,0.0
21.4523640373193,0.0,0.0,0.0
21.342212461821912,0.0,0.0,0.0
21.23258746471168,0.0,0.0,0.09931858153536557
21.197302255092957,0.0,0.0,0.6510885450008812
21.218519552305445,0.0,0.0,1.1145752133577291
21.18280573224393,0.0,0.0,1.0483629880776937
21.17734021132794,0.0,0.0,1.368389471195598
21.237584519107944,0.0,0.0,1.6332389959709397
21.474246087129252,0.0,0.0,2.9133453961839577
21.73149740185402,0.0,0.0,2.8630601266169937
21.864823299162904,0.0,0.0,2.7068361038806645
22.05969836712515,0.0,0.0,2.9632385922276736
22.58643970429988,0.0,0.0,5.560593986808108
22.726388112504274,0.0,0.0,2.964680584153271
22.507074518751782,0.0,0.0,2.259839731919511
22.46839468045139,0.0,0.0,1.7546283355073375
22.27746273999108,0.0,0.0,1.0262921423751485
22.032169824692012,0.0,0.0,0.3089911577127568
21.775586106573847,0.0,0.0,0.03310619546922395
21.57379992963852,0.0,0.0,0.0
21.412962477347122,0.0,0.0,0.0
21.299730908295206,0.0,0.0,0.0
21.20959431377335,0.0,0.0,0.0
21.121907737435286,0.0,0.0,0.0
21.03393529625515,0.0,0.0,0.0
20.94635183810616,0.0,0.0,0.0
20.872110651134413,0.0,0.0,0.11035399464202564
20.888597562486016,0.0,0.0,0.6731593127465263
21.473613759988194,0.0,0.0,4.786212628503348
22.39274017283175,0.0,0.0,7.04136341679857
23.356753097425106,0.0,0.0,9.511705480996465
23.278115321143716,0.0,0.0,2.627171430916801
22.923036809554663,0.0,0.0,2.926988642762636
23.130183313806253,0.0,0.0,2.8590308933537742
23.093708381499628,0.0,0.0,2.61594095507564
23.2531391479031,0.0,0.0,3.028768309732917
23.707366861610012,0.0,0.0,4.99036874870838
24.306906604353685,0.0,0.0,5.998378451837135
24.77414797840639,0.0,0.4974216882899782,8.115285132842201
25.0,0.0,1.1393681254245973,8.688056781353175
25.0,0.0,1.6540751569090935,8.634875831905322
25.0,0.0,1.2585798417167178,6.017054137866733
24.914189065201548,0.0,0.0,1.1148785956650464
24.465932723221442,0.0,0.0,0.0
23.989446516344785,0.0,0.0,0.0
23.704476022861925,0.0,0.0,0.0
23.419694268174062,0.0,0.0,0.0
23.20594440065021,0.0,0.0,0.0
23.02751497275412,0.0,0.0,0.0
22.862380706400444,0.0,0.0,0.0
22.895976792590528,0.0,0.0,1.6856311368444297
23.57878196160605,0.0,0.0,6.68483871838977
24.386184144431652,0.0,0.0,8.397866577216021
24.81548994475662,0.0,0.3417623567031276,8.883451693840097
25.0,0.0,1.0390815401637925,8.631202592020504
25.0,0.0,1.3536966915588549,6.892034234566737
25.0,0.0,1.297326865042212,5.1109855575889105
25.0,0.0,0.9654366786596155,3.635656436958515
25.0,0.0,0.6706499622912735,2.8889251242398086
25.0,0.0,1.128778568146655,4.1397275381198595
25.0,0.0,2.0914257598306962,6.410923125630891
25.0,0.0,3.1324040050411797,8.156679832858904
25.0,0.0,3.6431355496055766,7.804782102931372
25.0,0.0,4.3527185705815805,8.90454362338856
25.0,0.0,4.554646401434721,8.233948168904305
25.0,0.0,4.15304932031732,6.216807186433508
25.0,0.0,2.505658379102137,1.1363034635617262
25.0,0.0,1.4998940867058181,0.0
25.0,0.0,0.900648906505036,0.0
25.0,0.0,0.4365800166146315,0.0
25.0,0.0,0.07188803130820613,0.0
24.901096454480367,0.0,0.0,0.0
24.720822760843223,0.0,0.0,0.0
24.54553948963195,0.0,0.0,0.0
24.573887309881506,0.0,0.0,1.6874450583798746
24.848074126612413,0.0,0.8942929397322668,6.635275918934824
25.0,0.0,1.7225711806945765,8.384327121467733
25.0,0.0,2.548315455601195,8.887948906957796
25.0,0.0,2.7480199838841104,6.899719709118852
25.0,0.0,3.3431858673346704,7.165662437611713
25.0,0.0,3.2351975574271794,4.954281137820947
25.0,0.0,2.9154829029881917,3.33081890252341
25.0,0.0,2.8372503437095054,3.1993745405850644
25.0,0.0,3.246267787824488,4.075057962604934
25.0,0.0,4.152607738848148,6.2803020747988745
25.0,0.0,4.48369583588691,5.900514740238606
25.0,0.0,5.733061910626242,9.245696714721214
25.0,0.0,5.4432982788134625,6.498238759030686
25.0,0.0,3.871039027278061,1.136646059060274
25.0,0.0,2.87426899930501,0.3089911577127568
25.0,0.0,2.1090075833388173,0.03310619546922395
25.0,0.0,1.496115385712797,0.0
25.0,0.0,1.0883744255744952,0.0
25.0,0.0,0.8608332942509798,0.0
25.0,0.0,0.6733943868453368,0.0
25.0,0.0,0.47128785919535504,0.0
25.0,0.0,0.1893160864209575,0.0
24.961165094820153,0.0,0.0,0.0
24.851777985476176,0.0,0.0,0.09931858153536557
24.856182185318332,0.0,0.0,0.6731593127465263
24.96556929466231,0.0,1.8575805036989914,7.513353602202179
25.0,0.0,2.3149934264303655,6.571888426720955
25.0,0.0,3.5200706311849106,9.203439347141014
25.0,0.0,3.818016166001188,7.965674640992186
25.0,0.0,3.423622414241836,5.115551385847523
25.0,0.0,3.1890849214120762,3.799439984797622
25.0,0.0,2.8888382123829555,2.6640977176597405
25.0,0.0,3.260726874928918,4.019922685038991
25.0,0.0,4.030856055482881,6.517412819138155
25.0,0.0,4.412147213485295,7.00565748485386
25.0,0.0,3.464023610106653,2.942148029502807
25.0,0.0,4.451382267637989,7.1899016009174455
25.0,0.0,4.42413041460483,6.147987023459163
25.0,0.0,2.751434248328046,0.5628053181045007
25.0,0.0,1.8515933462734715,0.05517699732101282
25.0,0.0,1.2203674803742293,0.0
25.0,0.0,0.7842918589612237,0.0
25.0,0.0,0.5253707518384423,0.0
25.0,0.0,0.32958118954452703,0.0
25.0,0.0,0.13773138657829903,0.0
24.958148002505354,0.0,0.0,0.0
24.82714093474592,0.0,0.0,0.0
24.690201140797043,0.0,0.0,0.08828318791793052
24.66828876894136,0.0,0.0,0.6179823154255136
24.79776430078752,0.0,0.0,1.6422748849016042
24.95068374040264,0.0,0.8477661360286259,4.920977274238656
25.0,0.0,1.693330454894288,6.507273336998856
25.0,0.0,1.861202353885876,5.457319219510505
25.0,0.0,2.203511772923634,5.716738715818285
25.0,0.0,2.0214946598295667,4.136176305162659
25.0,0.0,1.6348882183398543,2.589502706233835
25.0,0.0,2.0358540840443795,4.012697878317617
25.0,0.0,2.569729722987492,5.287485974126104
25.0,0.0,3.3648045247225755,7.081967741621755
25.0,0.0,4.425843872268653,9.42061443636609
25.0,0.0,4.804512029292123,9.014838835654732
25.0,0.0,4.316100496251593,6.451376726311181
25.0,0.0,3.752667769717712,5.054036290591592
25.0,0.0,1.973402588474249,0.04414159395896526
25.0,0.0,1.197052865468714,0.0
25.0,0.0,0.6437683034379976,0.0
25.0,0.0,0.2120355274774354,0.0
24.940058174320328,0.0,0.0,0.0
24.76580977366887,0.0,0.0,0.0
24.57095989774871,0.0,0.0,0.0
24.419131438488595,0.0,0.0,0.0
24.292962299200628,0.0,0.0,0.08828318791793052
24.26551948912202,0.0,0.0,0.6400531221496087
24.42082062482114,0.0,0.0,1.9683753113791476
24.538381664763854,0.0,0.0,1.9575952184469911
24.764041369952533,0.0,0.13509487893984543,3.89921481789169
25.0,0.0,1.3476960830524736,7.5751236557172605
25.0,0.0,1.524855887840992,5.643240194280322
25.0,0.0,1.535610244689548,4.195975633806928
25.0,0.0,1.412859157772028,3.016026711079861
25.0,0.0,1.9380043573931955,4.123088335258774
25.0,0.0,2.7801081019071394,6.217615684680895
25.0,0.0,3.7773989075437724,8.286785201807009
25.0,0.0,4.043524571316529,7.459338866147427
25.0,0.0,4.764605810728196,8.985991432097576
25.0,0.0,4.65333001433617,7.4255771227336025
25.0,0.0,4.0282547931832635,5.282032738203671
25.0,0.0,2.291470877835495,0.49404811183841973
25.0,0.0,1.3670138666317022,0.0
25.0,0.0,0.7898478419711641,0.0
25.0,0.0,0.4002901581087564,0.0
25.0,0.0,0.0886969942348191,0.0
24.905883518759406,0.0,0.0,0.0
24.700402048277972,0.0,0.0,0.0
24.483671987394743,0.0,0.0,0.0
24.310202006855235,0.0,0.0,0.0772477894281892
24.32278742590742,0.0,0.0,0.9366087273082235
24.646111772986345,0.0,0.0,2.8921897359124995
24.94437289605798,0.0,0.4063414841468653,4.121498570005432
25.0,0.0,0.7115029995760738,3.5647549681666675
25.0,0.0,0.8993148842729473,2.878836833665543
25.0,0.0,1.3714014583862202,3.658679492030834
25.0,0.0,1.781315084272727,4.082280737020802
25.0,0.0,1.8659240656706808,3.543968286087792
25.0,0.0,2.52592190756684,4.78679180077896
25.0,0.0,3.137017960148207,5.49731054847666
25.0,0.0,4.612798899099418,9.074260773634487
25.0,0.0,4.952915963525601,7.8814492746079035
25.0,0.0,5.63316572832748,9.15330799356093
25.0,0.0,5.187487763799977,6.496668559287635
25.0,0.0,4.912350274490527,5.993765506725439
25.0,0.0,3.2156865155023437,0.8762120131535271
25.0,0.0,2.233761918936693,0.0
25.0,0.0,1.624804967763444,0.0
25.0,0.0,1.1903648646428093,0.0
25.0,0.0,0.8491931151305794,0.0
25.0,0.0,0.5531974316596865,0.0
25.0,0.0,0.27490919770930006,0.0
25.0,0.0,0.014428922637897712,0.0
25.0,0.0,0.18466319880296295,1.3371783866887041
25.0,0.0,1.6632813320704736,6.549659595723891
25.0,0.0,2.8773618055699783,8.879963693691519
25.0,0.0,3.004405930132028,6.7659346719848825
25.0,0.0,4.083391022100769,8.838187755312358
25.0,0.0,4.368995990696842,7.3552651464556
25.0,0.0,4.293981747307876,5.598944843263501
25.0,0.0,3.80247190973335,3.4307429943246133
25.0,0.0,3.479013896520175,2.569187972924217
25.0,0.0,3.9185738522838554,3.6909234246492315
25.0,0.0,4.859570764280207,5.8899738826008585
25.0,0.0,5.7868149191966305,7.317274707149188
25.0,0.0,6.736650442467273,8.951999413129382
25.0,0.0,7.141463616088909,8.886655050495678
25.0,0.0,7.223491373578677,8.340321526492614
25.0,0.0,5.76011765481584,2.9986004853189785
25.0,0.0,4.314136407460093,0.04414159395896526
25.0,0.0,3.620977378989919,0.0
25.0,0.0,3.1754969234596584,0.0
25.0,0.0,2.846696639122294,0.0
25.0,0.0,2.5662230108975606,0.0
25.0,0.0,2.281064660999392,0.0
25.0,0.0,1.9780547796671046,0.0
25.0,0.0,1.6847867386369115,0.0
25.0,0.0,1.4538345789094618,0.0662123909384479
25.0,0.0,1.476824046880364,0.6290177382767862
25.0,0.0,1.5768069661978128,1.1807876725084643
25.0,0.0,2.084699377593101,2.7018440533500447
25.0,0.0,3.4643558889196395,6.599586017504305
25.0,0.0,4.034431530700134,6.4264796122486665
25.0,0.0,3.838782053392012,4.249711393078193
25.0,0.0,3.998166420360099,4.349532182259472
25.0,0.0,3.672198278799778,2.8333943625885785
25.0,0.0,3.6655174238629598,2.8539957083540703
25.0,0.0,3.8740350289393244,3.497908038693061
25.0,0.0,3.8105941324040757,3.02884867305855
25.0,0.0,4.074737234063949,4.052696229089405
25.0,0.0,3.778126858159384,2.817636166337467
25.0,0.0,3.13001338280663,1.1035399464202564
25.0,0.0,2.5961654420151734,0.49659297588911533
25.0,0.0,2.076828772633841,0.03310619546922395
25.0,0.0,1.6805229902094045,0.0
25.0,0.0,1.3613232893483251,0.0
25.0,0.0,1.1146385142253228,0.0
25.0,0.0,0.886284225956317,0.0
25.0,0.0,0.65186968673576,0.0
25.0,0.0,0.399230700735352,0.0
25.0,0.0,0.15868677159143973,0.0
24.985836333406187,0.0,0.0,0.05517699732101282
24.985836333406187,0.0,1.2439671055117814,4.9313209324340095
25.0,0.0,2.1687546589267,6.69714104627717
25.0,0.0,3.550789432511269,9.631731273476769
25.0,0.0,4.082397674256637,8.804658906794293
25.0,0.0,3.9484526165770912,6.547188462762015
25.0,0.0,4.10397142888257,6.330421975852081
25.0,0.0,3.7006114950391527,4.371276829043784
25.0,0.0,3.2086703252433737,2.89037590279699
25.0,0.0,3.412158388944129,3.8892466079704757
25.0,0.0,3.9605911702815906,5.490100414205507
25.0,0.0,4.622700100371859,7.013283241048428
25.0,0.0,4.071965379303842,4.073985192446186
25.0,0.0,3.641099241146682,3.0298123944969384
25.0,0.0,2.872015874468497,1.1697522496571922
25.0,0.0,2.2520492437739286,0.5407345503588555
25.0,0.0,1.649683060080109,0.03310619546922395
25.0,0.0,1.2151525289232974,0.0
25.0,0.0,0.9232457721040394,0.0
25.0,0.0,0.7322636062763761,0.0
25.0,0.0,0.5680131150433104,0.0
25.0,0.0,0.3851287122025436,0.0
25.0,0.0,0.15108804532539377,0.0
24.965025516189897,0.0,0.0,0.0
24.86738414462735,0.0,0.0,0.05517699732101282
24.8472877360949,0.0,0.0,0.5628053181045007
24.944929107657444,0.0,0.03761074074293396,1.2359646308510273
25.0,0.0,1.4792389819469505,6.023945349896004
25.0,0.0,3.2595983970327747,10.04330828269786
25.0,0.0,3.1339714010191204,6.61258094747976
25.0,0.0,3.152459926675777,5.4768949978025665
25.0,0.0,2.9617448911450386,3.9608840895302335
25.0,0.0,2.84191553337337,3.3273851509636123
25.0,0.0,2.8795508321655423,3.2673588720411786
25.0,0.0,3.805369699146815,6.439681370054763
25.0,0.0,3.1459416514896774,3.0960255978027966
25.0,0.0,3.042936456806961,3.1195309514081146
25.0,0.0,2.8224428556532564,2.316441209569371
25.0,0.0,2.4052054664780247,1.0925045235689839
25.0,0.0,2.0071088839245608,0.48555755303784287
25.0,0.0,1.5714312172301692,0.03310619546922395
25.0,0.0,1.2426909338080925,0.0
25.0,0.0,0.9575889186660544,0.0
25.0,0.0,0.728984288672396,0.0
25.0,0.0,0.5331812803625265,0.0
25.0,0.0,0.34366163345372314,0.0
25.0,0.0,0.15532003992390753,0.0
24.98473993797572,0.0,0.0,0.0
24.89180736865414,0.0,0.0,0.03310619546922395
24.81783647225957,0.0,0.0,0.48555755303784287
24.8713878980424,0.0,0.0,1.1476814819115468
24.960618856461245,0.0,0.844819309438058,4.091338065209359
25.0,0.0,2.6500068624071553,8.540442045567657
25.0,0.0,2.702757201730492,5.517680930112624
25.0,0.0,2.9565227763175383,4.962962530787394
25.0,0.0,2.8887291691434074,3.7459529657663007
25.0,0.0,2.7984187172768156,3.3035783060079416
25.0,0.0,2.9482321574218964,3.643357209220011
25.0,0.0,2.6919770212523386,2.774761533606224
25.0,0.0,2.4557782796320273,2.482964684553327
25.0,0.0,2.1177940979665437,2.0305134390477524
25.0,0.0,1.7585462532387948,1.6884161102273025
25.0,0.0,1.3056742156541037,1.0704335999095387
25.0,0.0,0.8344306718232111,0.47452216916502027
25.0,0.0,0.4009298377810693,0.03310619546922395
25.0,0.0,0.108252872317761,0.0
24.95124866816053,0.0,0.0,0.0
24.841875968650115,0.0,0.0,0.0
24.726605687693898,0.0,0.0,0.0
24.605052051852816,0.0,0.0,0.0
24.464614324775724,0.0,0.0,0.0
24.317079021451544,0.0,0.0,0.0
24.17663928887694,0.0,0.0,0.05517699732101282
24.11860504566178,0.0,0.0,0.5848761248285961
24.15565893412974,0.0,0.0,1.1476814819115468
24.33899423650638,0.0,0.0,2.354903783240228
24.746839420485802,0.0,0.17953850453481815,4.776503218823445
25.0,0.0,0.23320281492144407,4.2485610550123445
25.0,0.0,0.2526224602725091,3.4155364166847444
25.0,0.0,0.15801083937284097,2.7922999315609203
25.0,0.0,0.18965156861448323,2.8048293892368754
25.0,0.0,0.39833820473630716,3.2538176985294394
25.0,0.0,1.3507472416574373,5.917574803140475
25.0,0.0,2.40022048931277,8.042554384414165
25.0,0.0,2.933305813966427,8.03040489129097
25.0,0.0,3.0300931788221432,7.026692502953168
25.0,0.0,3.6353090329989293,8.63564547953689
25.0,0.0,2.062324367570578,2.44890201974456
25.0,0.0,0.7484067807963503,0.02207079697948263
25.0,0.0,0.07060304693572915,0.0
24.81084066578819,0.0,0.0,0.0
24.533598770534248,0.0,0.0,0.0
24.348748690920964,0.0,0.0,0.0
24.184726922341653,0.0,0.0,0.0
24.05095889382269,0.0,0.0,0.0
23.92178280564351,0.0,0.0,0.0
23.780872366179622,0.0,0.0,0.04414159395896526
23.6955741008196,0.0,0.0,0.49659297588911533
24.344261982627543,0.0,0.8364904378545098,8.840381487665686
25.0,0.0,1.472826914604205,9.51473750567682
25.0,0.0,1.239957718932702,5.5190787894191615
25.0,0.0,1.360934760455574,4.90618369733255
25.0,0.0,0.8737453596173873,2.847132859076322
25.0,0.0,0.32726384924503993,1.9201593664488263
25.0,0.0,0.01601726123985524,1.9643010578539168
24.98169785741169,0.0,0.0,2.511924098747103
24.98169785741169,0.0,0.2599028078358727,3.558759175869745
25.0,0.0,0.07061969610267423,2.4719292617020545
24.87858066882775,0.0,0.0,1.2801062442992175
24.704065513227718,0.0,0.0,0.9490443383300405
24.559158477138475,0.0,0.0,0.606946931552691
24.38638255227247,0.0,0.0,0.4083097489927349
24.19083629138407,0.0,0.0,0.02207079697948263
24.010365387567546,0.0,0.0,0.0
23.876834991379326,0.0,0.0,0.0
23.754761126056273,0.0,0.0,0.0
23.645721283894446,0.0,0.0,0.0
23.52920301546256,0.0,0.0,0.0
23.39854243265532,0.0,0.0,0.0
23.26355727242992,0.0,0.0,0.0
23.13770813638424,0.0,0.0,0.02207079697948263
23.060487967623132,0.0,0.0,0.2979557738399342
23.057447561534456,0.0,0.0,0.6400531221496087
23.195787276505698,0.0,0.0,1.5559911919258316
23.426796335761175,0.0,0.0,2.124641023865481
23.724359428181227,0.0,0.0,3.0250008752940727
23.972944961225437,0.0,0.0,3.025707587330644
24.105080486790275,0.0,0.0,2.9143608204716576
24.210816551410645,0.0,0.0,2.6219038534138344
24.39085231888212,0.0,0.0,2.8512006812799027
24.7695146534036,0.0,0.4274346612374049,5.224167733511094
25.0,0.0,1.1043749256387108,6.151681629978149
25.0,0.0,0.4609762751784486,2.3856910887233007
25.0,0.0,0.15748314203866662,2.059142912487145
24.84316087683704,0.0,0.0,1.0593982550151664
24.5469606392561,0.0,0.0,0.46348678529219767
24.30501953154485,0.0,0.0,0.02207079697948263
24.148005156760792,0.0,0.0,0.0
24.03151241804879,0.0,0.0,0.0
23.90783106585006,0.0,0.0,0.0
23.780167597124805,0.0,0.0,0.0
23.647903224380116,0.0,0.0,0.0
23.515686941307965,0.0,0.0,0.0
23.390648995821035,0.0,0.0,0.0
23.274383571437326,0.0,0.0,0.03310619546922395
23.227729728665267,0.0,0.0,0.5076283597619381
23.26637924963056,0.0,0.0,0.9931859517782307
23.364306472020182,0.0,0.0,1.5449559249883589
23.625572447183423,0.0,0.0,2.7232368387591435
24.197527192731965,0.0,0.0,5.028993972814989
24.723829540259885,0.0,0.0,5.088092584028279
24.895332987975596,0.0,0.0,3.7770781603430765
24.90580083161182,0.0,0.0,2.6925091514986295
24.945267541525354,0.0,0.20440566745901176,3.166614667632844
25.0,0.0,1.3388166789436218,6.643283500891956
25.0,0.0,1.638924981014263,6.07153385762704
25.0,0.0,1.3453577204782534,3.9798325107877734
25.0,0.0,2.249058121091374,6.886481012999163
25.0,0.0,1.790510374414492,3.941400630149654
25.0,0.0,1.3287020132383784,2.6777835745943146
25.0,0.0,0.26403267085947546,0.011035398489741315
24.877889579313766,0.0,0.0,0.0
24.605769897317977,0.0,0.0,0.0
24.343717205632423,0.0,0.0,0.0
24.132008802556236,0.0,0.0,0.0
23.95873093816914,0.0,0.0,0.0
23.831414241655047,0.0,0.0,0.0
23.72105185385075,0.0,0.0,0.0
23.592899352652,0.0,0.0,0.02207079697948263
24.2322894891175,0.0,0.0,5.892736526765781
24.971586771902317,0.0,0.6294309992665593,8.515857784470317
25.0,0.0,1.6318607550091917,9.163917174777922
25.0,0.0,2.4248271484150448,9.058314933569397
25.0,0.0,2.818293956030417,7.985366944103791
25.0,0.0,2.705841472561175,5.887506454463028
25.0,0.0,2.186513821786963,3.564958231270564
25.0,0.0,1.8620076616625172,2.7471559291008005
25.0,0.0,2.368262639774225,4.223698592726257
25.0,0.0,3.1325418810190357,5.885066460692744
25.0,0.0,4.023134462543773,7.468310139851918
25.0,0.0,4.580352216244395,7.857727981268566
25.0,0.0,5.238091020254902,9.0639444117768
25.0,0.0,5.124839706047303,7.579398858738436
25.0,0.0,3.865932093611595,3.0154056211780444
25.0,0.0,2.527045616214317,0.011035398489741315
25.0,0.0,1.893557413642961,0.0
25.0,0.0,1.379641085586627,0.0
25.0,0.0,0.9358096815730985,0.0
25.0,0.0,0.5562719465533236,0.0
25.0,0.0,0.2836296548085698,0.0
25.0,0.0,0.12001438003149006,0.0
25.0,0.0,0.008535694282408158,0.0
24.965251273602032,0.0,0.0,0.033106193033070816
24.965251273602032,0.0,0.03286684211453475,0.49659297588911533
25.0,0.0,0.1060112527360454,0.9711151060756857
25.0,0.0,0.1248882326012406,0.9711151060756857
25.0,0.0,0.20966108991881707,1.29114166715049
25.0,0.0,0.2973124158355414,1.5670266147771041
25.0,0.0,0.6763943003976924,2.8250620133737767
25.0,0.0,0.7801394061808403,2.7685168857099485
25.0,0.0,0.8158649921645701,2.5913819230798323
25.0,0.0,1.0733739221229595,2.986974536998091
25.0,0.0,1.8846209045833124,5.058051512854074
25.0,0.0,2.5384919517466673,5.997329756183608
25.0,0.0,3.832132905343614,9.48109928966552
25.0,0.0,3.259509821535151,6.000378971538233
25.0,0.0,3.8206101946768145,8.463753023526241
25.0,0.0,2.8989426960348648,4.768018159707225
25.0,0.0,1.1761054745339141,0.011035398489741315
25.0,0.0,0.4603332658053437,0.0
24.979626171717698,0.0,0.0,0.0
24.782060547981047,0.0,0.0,0.0
24.511213721821335,0.0,0.0,0.0
24.306285648364682,0.0,0.0,0.0
24.109222883324435,0.0,0.0,0.0
23.926513404733683,0.0,0.0,0.0
23.71879716517197,0.0,0.0,0.02207079697948263
23.57535002609114,0.0,0.0,0.5076283597619381
23.665805835774076,0.0,0.0,2.1355327559417354
24.280660894406402,0.0,0.0,5.862188715248442
24.7937019156656,0.0,0.0,5.329590741463421
24.691693404353185,0.0,0.0,2.947333366940865
24.548461094787907,0.0,0.0,2.783165327456636
24.63545496794174,0.0,0.0,4.303576073006277
24.493289498276663,0.0,0.0,3.0137523492605918
24.429818211458063,0.0,0.0,3.812748640661087
24.572288815961475,0.0,0.0,3.1620022791198767
24.56864465337631,0.0,0.0,2.4995058972472397
24.704362706691157,0.0,0.0,2.7904776967441167
24.900288050486065,0.0,1.7915157611875716,9.69508666997817
25.0,0.0,1.2946569828298056,5.731766199050665
25.0,0.0,0.1364426708763171,1.764575412351527
24.60243773094495,0.0,0.0,0.0
24.079197794070424,0.0,0.0,0.0
23.780700357490858,0.0,0.0,0.0
23.513639079956754,0.0,0.0,0.0
23.310806564180172,0.0,0.0,0.0
23.096300086440056,0.0,0.0,0.0
22.872924195382392,0.0,0.0,0.0
22.641343119911824,0.0,0.0,0.0
22.509956149373995,0.0,0.0,0.684627340036257
23.04165909024456,0.0,0.0,5.431353434488292
23.50276929088199,0.0,0.0,4.766661886628805
24.047762079890028,0.0,0.0,8.06240891020196
24.84030696225929,0.0,0.47928571285545735,10.041164137030487
25.0,0.0,0.25415222481009553,6.568121276366286
25.0,0.0,0.07763907730130692,4.794484009892203
24.971506893404943,0.0,0.0,3.939359767193705
24.81855120017741,0.0,0.0,2.8318840235232847
24.736350811149034,0.0,0.0,2.9047426664228477
24.770592177490684,0.0,0.0,2.841357630299295
24.828838901005902,0.0,0.0,3.1300942864872385
24.77922650582742,0.0,0.0,2.104201922781839
24.831673277935636,0.0,0.6177492962853365,5.357994600358779
24.815527378040958,0.0,0.0,1.287656468768783
24.449840761640488,0.0,0.0,0.43038055571683004
24.104668423174992,0.0,0.0,0.0
23.818681349874637,0.0,0.0,0.0
23.578281918641512,0.0,0.0,0.0
23.36771803811417,0.0,0.0,0.0
23.173527175912113,0.0,0.0,0.0
22.963398112517385,0.0,0.0,0.0
22.736167900923792,0.0,0.0,0.0
22.49702790606895,0.0,0.0,0.0
22.263965600463013,0.0,0.0,0.011035398489741315
22.161578240703406,0.0,0.0,0.8235698068949285
22.150866881404177,0.0,0.0,1.136646059060274
22.21592588555408,0.0,0.0,1.67738068737603
22.443002739641017,0.0,0.0,2.2622568511830754
22.773311947337316,0.0,0.0,2.9498456692176194
23.053994345653326,0.0,0.0,2.719312786774331
23.423119061099783,0.0,0.0,3.786551442559514
23.666453227247708,0.0,0.0,2.8180038114912533
23.86362642666966,0.0,0.0,3.4659798726273263
24.354777257705663,0.0,0.0,4.992209381810834
24.807005119228396,0.0,0.008405032760638278,5.641108474751665
25.0,0.0,0.7716027996068281,7.167663156929987
25.0,0.0,0.972797687325599,5.997498381529832
25.0,0.0,1.9452699899432224,8.548171747773786
25.0,0.0,1.3392628943552294,5.1594338149207575
24.82634789549826,0.0,0.0,0.0
24.380753058455454,0.0,0.0,0.0
23.964502631153362,0.0,0.0,0.0
23.69299672620308,0.0,0.0,0.0
23.465687834675972,0.0,0.0,0.0
23.265503887257278,0.0,0.0,0.0
23.065448826425186,0.0,0.0,0.0
22.86108948436584,0.0,0.0,0.0
22.654325970597775,0.0,0.0,0.011035398489741315
23.2355663607498,0.0,0.0,5.848190209052488
24.198595224024942,0.0,0.0,8.253444898104211
24.73899886534404,0.0,0.22900849064711817,8.924894406704707
25.0,0.0,0.8912687552799697,8.900204006236775
25.0,0.0,1.4407898024317385,8.130521132589724
25.0,0.0,1.1519137940189426,5.379721549907524
25.0,0.0,0.8270809466484529,4.030371268615031
25.0,0.0,0.4663217536784214,2.9789953153639264
25.0,0.0,0.6739581216589108,3.4279738739096834
25.0,0.0,1.8935622147231574,6.711611737561955
25.0,0.0,2.518242439611794,6.841395403823884
25.0,0.0,3.6690928899539155,9.249022780320434
25.0,0.0,4.26974116209255,9.438778745540112
25.0,0.0,3.3628959105112717,5.082733499740278
25.0,0.0,2.543236361644756,3.1767626118059864
25.0,0.0,1.152079305162705,0.0
25.0,0.0,0.4701968316970063,0.0
24.98194939166182,0.0,0.0,0.0
24.783113148023617,0.0,0.0,0.0
24.506507425181958,0.0,0.0,0.0
24.291182382082358,0.0,0.0,0.0
24.07469663142362,0.0,0.0,0.0
23.873861378832324,0.0,0.0,0.0
23.667298398712155,0.0,0.0,0.0
24.250274726713805,0.0,0.0,5.8319584149246975
24.967979788672547,0.0,0.5705175668042406,8.355877715541293
25.0,0.0,1.396865726785715,8.60071331543281
25.0,0.0,1.7186484596242289,7.236463079462887
25.0,0.0,2.433371045027945,7.992912873428256
25.0,0.0,2.442884305922408,6.145934357512465
25.0,0.0,2.004883872932631,3.8130853073721003
25.0,0.0,1.6962875771091541,2.852288119202003
25.0,0.0,2.2126187467333187,4.276860118319833
25.0,0.0,2.9644848522133627,5.943937588427008
25.0,0.0,4.046051781475213,8.270950222783409
25.0,0.0,4.867289497378022,9.23553187352977
25.0,0.0,5.207076104588875,8.811067761372867
25.0,0.0,4.764748936993015,6.385544262195775
25.0,0.0,4.291969784560108,5.086306847925642
25.0,0.0,2.5339629826533443,0.0
25.0,0.0,1.7872340068139034,0.0
25.0,0.0,1.2448168956856858,0.0
25.0,0.0,0.8057910276954094,0.0
25.0,0.0,0.43510951815005683,0.0
25.0,0.0,0.08915048314312621,0.0
24.896106370204677,0.0,0.0,0.0
24.68333633572446,0.0,0.0,0.0
24.460246880470123,0.0,0.0,0.0
24.67301691495034,0.0,0.7709085046208606,5.783462609109363
25.0,0.0,1.6324289856590055,8.20075094442126
25.0,0.0,2.505438172089618,8.65573758749469
25.0,0.0,3.300407059522121,8.736861220508
25.0,0.0,3.6285372741942568,7.373092496012226
25.0,0.0,3.7100788503155973,6.146184429740338
25.0,0.0,3.180758321831923,3.7522453670142943
25.0,0.0,2.826798748116174,2.9216530546534787
25.0,0.0,3.142820294763401,3.8012050769562706
25.0,0.0,3.6104834537535497,4.667620247692761
25.0,0.0,4.975319796830437,8.267226167961232
25.0,0.0,5.882061001665142,9.242344480696298
25.0,0.0,6.4126358402626815,9.319383128677545
25.0,0.0,4.441251004187029,1.2477246573810288
25.0,0.0,3.5154294179460943,0.3752035583958172
25.0,0.0,2.8668693448862177,0.0
25.0,0.0,2.385900955403591,0.0
25.0,0.0,1.9586881806094287,0.0
25.0,0.0,1.5669839525971554,0.0
25.0,0.0,1.2017710870602443,0.0
25.0,0.0,0.8642864222797491,0.0
25.0,0.0,0.5605560965224221,0.0
25.0,0.0,0.2781840458695256,0.0
25.0,0.0,0.009551324748673425,0.0
25.0,0.0,1.4186877569524787,5.651372723174622
25.0,0.0,2.586776448893846,8.225324113381323
25.0,0.0,3.4814053587577334,8.904119508873462
25.0,0.0,4.192449987828829,8.731451016811125
25.0,0.0,4.263532618838144,6.588526797402427
25.0,0.0,4.555580637177336,6.138838339040178
25.0,0.0,4.09488207984503,3.4716814799465836
25.0,0.0,3.872647554172331,2.7857023130608263
25.0,0.0,4.349178849790212,4.182705902530567
25.0,0.0,5.283571999098833,6.696838134971174
25.0,0.0,5.637327641133379,6.539999677599403
25.0,0.0,6.468713732653567,8.454957923386106
25.0,0.0,7.165148920707369,9.483362449790063
25.0,0.0,7.220752095864922,8.467064991981461
25.0,0.0,5.607214661269415,2.735510608736016
25.0,0.0,4.159416573696184,0.0
25.0,0.0,3.386737726824382,0.0
25.0,0.0,2.8068057180528965,0.0
25.0,0.0,2.358015459556336,0.0
25.0,0.0,1.974677765072904,0.0
25.0,0.0,1.6252789674326373,0.0
25.0,0.0,1.2978386430672981,0.0
25.0,0.0,1.0031651589277397,0.0
25.0,0.0,0.7704850885269116,0.0
25.0,0.0,0.7270304451705064,0.43038055571683004
25.0,0.0,0.8904552308547378,1.0704335999095387
25.0,0.0,2.411621684251311,6.143612247611357
25.0,0.0,3.437511220683284,7.481078410131211
25.0,0.0,3.3262831232126016,4.831516803820406
25.0,0.0,3.3795663861929075,3.837426581338906
25.0,0.0,3.7173838532635433,3.896908217804758
25.0,0.0,3.7308039832800652,2.801631346233832
25.0,0.0,3.994330799052089,3.205458538490485
25.0,0.0,4.964685945091697,6.297228981678645
25.0,0.0,4.890219099391729,5.170448845570639
25.0,0.0,4.032683687759716,2.3051253371984437
25.0,0.0,3.7624627644225095,2.6455155875835676
25.0,0.0,3.0060723529844027,0.9269735705843953
25.0,0.0,2.4242693705221527,0.32002656107480437
25.0,0.0,1.9820478592478805,0.0
25.0,0.0,1.6709698618105984,0.0
25.0,0.0,1.4065325935525874,0.0
25.0,0.0,1.1536193319669676,0.0
25.0,0.0,0.8942546651592096,0.0
25.0,0.0,0.6169467391880283,0.0
25.0,0.0,0.3150415844942149,0.0
25.0,0.0,0.006977156503740439,0.0
24.8615428509473,0.0,0.0,0.0
24.8615428509473,0.0,1.1127556584318112,5.532296757295383
25.0,0.0,2.1318890992062287,8.198143313938674
25.0,0.0,2.998175030416314,8.913846445720626
25.0,0.0,3.66253383073997,8.732858903887866
25.0,0.0,3.931954279921006,7.474567961361872
25.0,0.0,4.026921975530236,6.26887565542694
25.0,0.0,3.636180049783361,4.071416034669908
25.0,0.0,3.2187558525374977,2.7097736595565167
25.0,0.0,3.7802831893829874,4.530091330184946
25.0,0.0,4.507550238374234,6.166712799346563
25.0,0.0,5.032839671043297,6.784543033821879
25.0,0.0,6.098539368739091,9.406268101286575
25.0,0.0,6.289935378886059,8.536540033713107
25.0,0.0,5.792338658520562,6.24482863192392
25.0,0.0,5.059622027435972,4.356291401880969
25.0,0.0,3.3731745011108756,0.0
25.0,0.0,2.5898896589519915,0.0
25.0,0.0,2.0178557207034626,0.0
25.0,0.0,1.5723904121882433,0.0
25.0,0.0,1.1882317599978949,0.0
25.0,0.0,0.8435009052001099,0.0
25.0,0.0,0.5540857724485411,0.0
25.0,0.0,0.28224254878336474,0.0
25.0,0.0,0.0017737312473117427,0.0
25.0,0.0,0.6766922082813835,3.1794488533914853
25.0,0.0,1.1982632590428937,4.536682380104419
25.0,0.0,2.166894392732041,6.711497817107839
25.0,0.0,2.096777583682455,4.523491088584142
25.0,0.0,1.6983584055844727,2.3767838688430225
25.0,0.0,1.9580963001003204,3.5664311391693553
25.0,0.0,1.6827985549759856,2.7150189446537674
25.0,0.0,1.5216100144387263,2.6107792743035043
25.0,0.0,1.7252287624078761,3.3878674873920773
25.0,0.0,2.778536917310202,6.370904072456269
25.0,0.0,3.6496307924057003,7.778461267229132
25.0,0.0,4.682529588590979,9.681806275821863
25.0,0.0,3.5301512824010652,3.946936441490521
25.0,0.0,2.3997335661696466,0.9049027248818503
25.0,0.0,1.7178351119677973,0.2869203704778867
25.0,0.0,1.24318410061721,0.0
25.0,0.0,0.9010250190393303,0.0
25.0,0.0,0.6195629635241736,0.0
25.0,0.0,0.3743558818632947,0.0
25.0,0.0,0.14625967047284777,0.0
24.968492234306694,0.0,0.0,0.0
24.858267510396303,0.0,0.0,0.0
24.719170725220692,0.0,0.0,0.0
24.59524338804183,0.0,0.0,0.0
24.53156240240675,0.0,0.0,0.3862389812470897
24.58143331910665,0.0,0.0,0.9711151060756857
24.69549106338752,0.0,0.0,1.5890973045658492
24.85370321173084,0.0,0.0,2.1850090471379677
24.973931003953965,0.0,0.10159977405885001,2.3946816135707474
25.0,0.0,0.3793872477827164,2.736778942391196
25.0,0.0,0.595480069159231,2.682915631882381
25.0,0.0,0.780281978487223,2.609982393808976
25.0,0.0,1.5058188928858807,4.249157731699155
25.0,0.0,2.3772580784042416,5.939984503783825
25.0,0.0,3.5667756683755254,8.481448800636693
25.0,0.0,4.39663215598697,9.457619468050567
25.0,0.0,4.280020755129169,7.599856441393638
25.0,0.0,4.0326679499020885,6.511240316270146
25.0,0.0,2.1258945177615693,0.2979557738399342
25.0,0.0,1.324735644025948,0.0
25.0,0.0,0.8132096255298125,0.0
25.0,0.0,0.42916480362445225,0.0
25.0,0.0,0.13634081849201013,0.0
24.945106059353286,0.0,0.0,0.0
24.792266107140907,0.0,0.0,0.0
24.60280386899843,0.0,0.0,0.0
24.4156770961771,0.0,0.0,0.0
24.24144858420211,0.0,0.0,0.0
24.150218382270367,0.0,0.0,0.3752035583958172
24.191300803529074,0.0,0.0,0.9600796832244132
24.321591794742172,0.0,0.0,1.5780620376283767
24.513086598228828,0.0,0.0,2.1739734683728953
24.708141177028445,0.0,0.0,2.3836461907194737
24.88788248790506,0.0,0.0,2.725743363626124
24.993733844857797,0.0,0.07432528354479775,2.703592172558513
25.0,0.0,0.20654687780153633,2.6766127738865975
25.0,0.0,0.4391711505544259,2.848312600352682
25.0,0.0,1.3066145596601564,5.076177239347654
25.0,0.0,1.706182649500099,5.0308302568746335
25.0,0.0,1.896241135710176,4.854933359207659
25.0,0.0,3.0380861619942716,8.55346848335712
25.0,0.0,3.0236998925105176,7.13985681910626
25.0,0.0,1.1197148598216398,0.25381417988096905
25.0,0.0,0.40388453164045734,0.0
24.986716059241928,0.0,0.0,0.0
24.837143519058554,0.0,0.0,0.0
24.63421784839297,0.0,0.0,0.0
24.4859961010008,0.0,0.0,0.0
24.34467220435102,0.0,0.0,0.0
24.23203738434313,0.0,0.0,0.0
24.129599831091745,0.0,0.0,0.0
24.03144724035234,0.0,0.0,0.0
23.971599774586736,0.0,0.0,0.3310619839260769
24.030368460676037,0.0,0.0,1.1928362489909408
24.55018698776646,0.0,0.9937761855252433,8.293432280774375
25.0,0.0,1.7264047442230206,9.39106393210641
25.0,0.0,1.6107636771205094,6.56923153641646
25.0,0.0,0.8523743700743055,2.9018461517761645
25.0,0.0,0.7726344547862632,2.706232998078652
25.0,0.0,0.8241581998461253,2.57764299555399
25.0,0.0,1.5065500230372708,4.349807890118082
25.0,0.0,2.5721214838926243,6.847095090534039
25.0,0.0,3.372499775502357,7.875117790330955
25.0,0.0,3.7584139303239983,7.622081927255363
25.0,0.0,4.138334591172121,7.903161121682563
25.0,0.0,3.7259552237174325,5.661370166514845
25.0,0.0,2.8983036183310955,3.1448519055982316
25.0,0.0,1.6285999111889558,0.0
25.0,0.0,1.0162696656572612,0.0
25.0,0.0,0.5310600927071937,0.0
25.0,0.0,0.11306994916271328,0.0
24.884385319941146,0.0,0.0,0.0
24.664276499119307,0.0,0.0,0.0
24.469363512007355,0.0,0.0,0.0
24.281026272127363,0.0,0.0,0.0
24.07816695649372,0.0,0.0,0.0
24.486613017195552,0.0,0.06765210559201983,4.794281040105862
25.0,0.0,0.968713698401981,8.142227877190184
25.0,0.0,2.053562302491498,8.926906288113045
25.0,0.0,2.907733803011862,8.598204109435633
25.0,0.0,3.468108589772956,7.615963962346313
25.0,0.0,3.5461529493920287,5.624433426940933
25.0,0.0,3.195356299540185,3.365154799246696
25.0,0.0,3.001378417696833,2.638481792906423
25.0,0.0,3.5592153845532852,4.021450468203593
25.0,0.0,4.457353400682154,6.131794611218469
25.0,0.0,5.496060416485004,8.144852121267862
25.0,0.0,6.31606166758492,9.103142355753558
25.0,0.0,6.431490836960058,7.868965972370774
25.0,0.0,6.575347464923284,7.840029098986578
25.0,0.0,5.334459080285152,3.6394139666036924
25.0,0.0,3.7224018431814327,0.0
25.0,0.0,2.9360861536656575,0.0
25.0,0.0,2.4954164686141866,0.0
25.0,0.0,2.310780214496271,0.0
25.0,0.0,2.2211146358347875,0.0
25.0,0.0,2.1420505343576304,0.0
25.0,0.0,1.9792258265896732,0.0
25.0,0.0,1.7326991196416202,0.0
25.0,0.0,1.390524527424091,0.0
25.0,0.0,1.1104417995440843,0.2979557738399342
25.0,0.0,0.9786658993840844,0.8166194979854698
25.0,0.0,0.8387947859175943,0.8828319571362051
25.0,0.0,0.8978872096705891,1.2028585182110099
25.0,0.0,0.9965479766945485,1.4897789666457963
25.0,0.0,1.3594725171546935,2.692637250986105
25.0,0.0,1.4575038470344266,2.7834824621830316
25.0,0.0,1.4983052540487956,2.9685223545265207
25.0,0.0,1.1421173265670868,1.8208408726149732
25.0,0.0,0.9424984700204124,1.67738068737603
25.0,0.0,0.7412176506777419,1.4566726980919789
25.0,0.0,0.7899461289182445,2.052584284750297
25.0,0.0,1.128143927539107,3.3740321468614765
25.0,0.0,2.5468912715830165,8.034223499683023
25.0,0.0,0.7857676276128849,0.1876017791979086
25.0,0.0,0.1882423598055983,0.0
24.90840668279073,0.0,0.0,0.0
24.69880253685388,0.0,0.0,0.0
24.48046048126049,0.0,0.0,0.0
24.278676889152003,0.0,0.0,0.0
24.08531849537472,0.0,0.0,0.0
23.905750667758117,0.0,0.0,0.0
23.731370977175015,0.0,0.0,0.0
23.555258740025472,0.0,0.0,0.0
23.98631040131672,0.0,0.0,4.537714102845983
24.753378204128207,0.0,0.37169453266196395,8.223860054330748
25.0,0.0,1.2067122183116024,9.30433740060068
25.0,0.0,1.8562433311756468,9.082738418929782
25.0,0.0,2.022970488095412,7.73988966068727
25.0,0.0,1.5145656200908384,4.84439243982483
25.0,0.0,1.3140219036243392,4.088093220087722
25.0,0.0,1.0014694386844023,3.1869932836907133
25.0,0.0,1.3473629706967283,4.25767360130936
25.0,0.0,1.8686225022239118,5.576973727221084
25.0,0.0,2.910521357727525,8.324191995450777
25.0,0.0,3.689834718297045,9.446701608028143
25.0,0.0,3.6365383658874553,7.7859419073679
25.0,0.0,3.563307460497276,7.17642537356524
25.0,0.0,2.0462415221547334,2.078791379876689
25.0,0.0,0.8128134824876906,0.0
25.0,0.0,0.10994313468412859,0.0
24.794523060247844,0.0,0.0,0.0
24.440396145981715,0.0,0.0,0.0
24.136289499722466,0.0,0.0,0.0
23.84923980090816,0.0,0.0,0.0
23.58697714743378,0.0,0.0,0.0
23.324049128643196,0.0,0.0,0.0
23.048660490531493,0.0,0.0,0.0
23.342037112004704,0.0,0.0,4.3075916728721335
23.9706554860318,0.0,0.0,6.400500612580216
24.58138349642961,0.0,0.3026977990956948,9.281500691104759
25.0,0.0,0.8963006864578994,9.187314295986333
25.0,0.0,1.3287851805292221,7.710081848688043
25.0,0.0,1.3429594557297242,5.801725484745303
25.0,0.0,1.1458831668634308,4.211646299314428
25.0,0.0,0.8704350508422147,3.076964900456119
25.0,0.0,1.3246571957527824,4.339016928920063
25.0,0.0,2.2547620254191134,6.7523879090819205
25.0,0.0,2.6473302589401846,6.565340334720305
25.0,0.0,3.7570716896025824,9.227241336540121
25.0,0.0,4.1793981495283035,8.78117180725194
25.0,0.0,3.2185555984199485,4.277294613735511
25.0,0.0,2.321251386220255,2.2776920408299763
25.0,0.0,1.145528242860075,0.0
25.0,0.0,0.4867091293105235,0.0
24.984141933171053,0.0,0.0,0.0
24.779258318885866,0.0,0.0,0.0
24.482399998759995,0.0,0.0,0.0
24.239573437362367,0.0,0.0,0.0
23.98435648882641,0.0,0.0,0.0
23.737736636360363,0.0,0.0,0.0
23.487835574157387,0.0,0.0,0.0
23.818524624017265,0.0,0.0,4.223754361780745
24.636359021711016,0.0,0.20255960050203106,8.073143618184767
25.0,0.0,0.9786246889119421,8.909464871206602
25.0,0.0,1.8207586088121832,8.604246937134969
25.0,0.0,2.3265963138989174,7.601487374682764
25.0,0.0,2.376219832366923,5.601405187742593
25.0,0.0,2.010495973354983,3.328666379933508
25.0,0.0,1.7798550787456366,2.4612389208228875
25.0,0.0,2.262781489661106,3.6050569059036026
25.0,0.0,3.1974179790092117,5.893789007041501
25.0,0.0,4.192209844152183,7.7708565764526
25.0,0.0,4.945098881687194,8.66864294191425
25.0,0.0,5.390526854249571,8.770503037766815
25.0,0.0,5.356402207744015,7.733276954982337
25.0,0.0,3.9624414260832816,2.9041551845999036
25.0,0.0,2.5671936446953216,0.0
25.0,0.0,1.8416120980871185,0.0
25.0,0.0,1.2783124231503462,0.0
25.0,0.0,0.8117931671615547,0.0
25.0,0.0,0.41554204464468864,0.0
25.0,0.0,0.08272769511759787,0.0
24.913695059233476,0.0,0.0,0.0
24.737498928991307,0.0,0.0,0.0
24.550622395937143,0.0,0.0,0.0
24.387431516683826,0.0,0.0,0.22070798928405128
24.381087032640743,0.0,0.0,0.9269735705843953
24.536379192510474,0.0,0.0,1.5118496564345412
24.815905150374245,0.0,1.285907245575072,6.471081078349401
25.0,0.0,2.225235105249966,7.066722191356908
25.0,0.0,2.5714138322371096,5.592548603638519
25.0,0.0,2.3453936519494,3.3256572845056755
25.0,0.0,2.1838688034221154,2.4543879953958476
25.0,0.0,2.7432016577623695,3.67304812064895
25.0,0.0,3.7148586072115237,5.830967260516923
25.0,0.0,4.514392262192576,6.877760173952828
25.0,0.0,5.298640992915769,8.105538948103089
25.0,0.0,5.77711947197004,8.462097131106923
25.0,0.0,5.812411813934369,7.718988358867187
25.0,0.0,3.90307705158219,1.1911557883802473
25.0,0.0,2.7880001991777763,0.0
25.0,0.0,2.1047567342634044,0.0
25.0,0.0,1.6029668165194257,0.0
25.0,0.0,1.2507957799548926,0.0
25.0,0.0,0.9836386965538744,0.0
25.0,0.0,0.753386636993746,0.0
25.0,0.0,0.534362986760518,0.0
25.0,0.0,0.3043685826145843,0.0
25.0,0.0,0.07339655330529139,0.0
24.967664651060538,0.0,0.0,0.25381417988096905
24.967664651060538,0.0,0.06902877684402078,0.9159381477331229
25.0,0.0,1.5704277667965005,5.738015685357944
25.0,0.0,2.876353646269175,7.742531315271929
25.0,0.0,3.7863882247979035,8.193681425048183
25.0,0.0,3.4136245600710224,5.016311097981075
25.0,0.0,3.224909959246757,4.258884481788721
25.0,0.0,2.7128542947646443,2.5541634628822485
25.0,0.0,2.6757905291080855,2.691453773651799
25.0,0.0,3.4254156504409266,4.908540652019937
25.0,0.0,3.295461851125478,3.254964018394837
25.0,0.0,4.527365071199456,7.281250697522632
25.0,0.0,5.221181114246751,8.202264615456455
25.0,0.0,3.3796877585079588,0.684194735597799
25.0,0.0,2.5855872696630264,0.14346018523894336
25.0,0.0,2.0228600882374947,0.0
25.0,0.0,1.5783897731562804,0.0
25.0,0.0,1.1932597165977334,0.0
25.0,0.0,0.8683663615029622,0.0
25.0,0.0,0.6017151818961429,0.0
25.0,0.0,0.3926669032450122,0.0
25.0,0.0,0.21094276801281214,0.0
25.0,0.0,0.028788064571652082,0.0
24.911494211135132,0.0,0.0,0.0
24.911494211135132,0.0,0.40499802084692216,2.6285040922633347
25.0,0.0,1.6298900369012617,6.863775349926986
25.0,0.0,2.5642933093969624,7.960685525199262
25.0,0.0,3.1757426967103104,7.603307316889936
25.0,0.0,3.6195018980496223,7.113530418237768
25.0,0.0,3.5501064737753363,5.384264713755944
25.0,0.0,3.071596826830015,3.3776169658642647
25.0,0.0,2.7679532266285,2.6538820708127067
25.0,0.0,2.73655207450884,2.814026746436304
25.0,0.0,2.3952715091375043,1.6332389959709397
25.0,0.0,2.233034132504787,1.4014955838356156
25.0,0.0,2.2655669756264736,1.7546283355073375
25.0,0.0,2.124692647840606,1.3463186254930526
25.0,0.0,1.8595032047186475,0.7173009261947166
25.0,0.0,1.5147065992695976,0.14346018523894336
25.0,0.0,1.225731729164375,0.0
25.0,0.0,0.9755927811878307,0.0
25.0,0.0,0.7338077908981601,0.0
25.0,0.0,0.5214535251508237,0.0
25.0,0.0,0.3408872988163542,0.0
25.0,0.0,0.20253040484946622,0.0
25.0,0.0,0.09663343324989708,0.0
25.0,0.0,0.00527913721530543,0.0
24.960577482719593,0.0,0.0,0.0
24.906994617331073,0.0,0.0,0.12138938825946072
24.91078093479022,0.0,0.0,0.47452216916502027
24.96436380017874,0.0,0.05627943512856695,0.8276549208367423
25.0,0.0,0.22398521533870533,1.1587169047628192
25.0,0.0,0.41961899178115547,1.445637275240706
25.0,0.0,0.5134969624014775,1.6553098416734846
25.0,0.0,0.5014633237090069,1.7877347599749556
25.0,0.0,0.44985775264239536,1.8318762954662458
25.0,0.0,0.4134700646696243,1.7656639142724102
25.0,0.0,0.42838155410901685,1.6222037290334672
25.0,0.0,0.43703699860172895,1.4014955838356156
25.0,0.0,0.645183065319353,1.9422302121513715
25.0,0.0,0.9981390595959398,2.796151751968298
25.0,0.0,0.6821956322423648,1.163696777336686
25.0,0.0,0.28704200514643163,0.14346018523894336
25.0,0.0,0.03158536232388643,0.0
24.91147323549547,0.0,0.0,0.0
24.74959112922742,0.0,0.0,0.0
24.590388194537667,0.0,0.0,0.0
24.41974230959054,0.0,0.0,0.0
24.256313430536974,0.0,0.0,0.0
24.10778117640883,0.0,0.0,0.0
23.975958643145162,0.0,0.0,0.0
23.863987616435814,0.0,0.0,0.0
23.799691121521434,0.0,0.0,0.22070798928405128
23.83791981623129,0.0,0.0,0.8166194979854698
23.988545782049293,0.0,0.0,1.4346018523894333
24.209192934255036,0.0,0.0,2.0415488618990243
24.438413953371118,0.0,0.0,2.388827982481689
24.68047132528563,0.0,0.0,3.1032141823611337
24.907901946777443,0.0,0.05953188722363039,3.8209040349394736
24.90475659630276,0.0,0.0,2.584115311281044
24.88379186001501,0.0,0.0,2.7433346364292595
24.979035263712248,0.0,0.07133587868358719,2.9338430973506355
25.0,0.0,0.2659164912831814,3.107305655418839
25.0,0.0,0.5604637331082792,3.5773811399620006
25.0,0.0,0.3991719589559377,2.422239796763604
24.946548381448096,0.0,0.0,0.7173009261947166
24.715499606344572,0.0,0.0,0.12138938825946072
24.436163193270218,0.0,0.0,0.0
24.216011887941825,0.0,0.0,0.0
23.995866346309995,0.0,0.0,0.0
23.806354945318244,0.0,0.0,0.0
23.631500329204492,0.0,0.0,0.0
23.46326770746515,0.0,0.0,0.0
23.299434135418124,0.0,0.0,0.0
23.13328298494586,0.0,0.0,0.0
22.964888449613216,0.0,0.0,0.0
22.823816612577495,0.0,0.0,0.1876017791979086
22.802070942407294,0.0,0.0,0.8055840751341973
22.864155040912546,0.0,0.0,0.8166194979854698
23.103906210965363,0.0,0.0,1.8098054497637006
23.56781039050489,0.0,0.0,3.0838204934295996
24.006743831642446,0.0,0.0,3.644299007233375
24.287638247777657,0.0,0.0,3.553363343324663
24.378769720191958,0.0,0.0,2.851201496304989
24.612668918876473,0.0,0.0,3.770411525459464
24.92461480219351,0.0,0.42847514736366665,5.125720908288021
25.0,0.0,0.8638531767053548,5.037344137328519
25.0,0.0,1.6695463533295938,6.388772142873151
25.0,0.0,2.085516168944725,6.241119233150513
25.0,0.0,1.651379902466441,3.72874025054774
25.0,0.0,0.4532917050129213,0.09931858153536557
24.95652627186164,0.0,0.0,0.0
24.748846512337057,0.0,0.0,0.0
24.516212618042577,0.0,0.0,0.0
24.38917111365913,0.0,0.0,0.0
24.282691292454587,0.0,0.0,0.0
24.167311510689192,0.0,0.0,0.0
24.019478262489965,0.0,0.0,0.0
23.861148860845454,0.0,0.0,0.0
23.73123623557921,0.0,0.0,0.0
23.66920543337634,0.0,0.0,0.1544955788563784
23.66566626990346,0.0,0.0,0.45245136244092515
23.69575957620293,0.0,0.0,0.8055840751341973
23.721254516931822,0.0,0.0,1.136646059060274
23.747195619852484,0.0,0.0,1.423566429538161
23.8242133167181,0.0,0.0,1.6332389959709397
23.957732515758124,0.0,0.0,1.7656639142724102
24.11139337148483,0.0,0.0,1.8098054497637006
24.24489840787256,0.0,0.0,1.7435930685698653
24.324680070900452,0.0,0.0,1.6001328833309219
24.34521243044037,0.0,0.0,1.368389471195598
24.33118057738309,0.0,0.0,1.0704335999095387
24.290227964422797,0.0,0.0,0.7393717718972619
24.247614231946578,0.0,0.0,0.5848761248285961
24.141968189412253,0.0,0.0,0.09931858153536557
23.999120565646454,0.0,0.0,0.0
23.875531075087597,0.0,0.0,0.0
23.74157868823505,0.0,0.0,0.0
23.61761121231728,0.0,0.0,0.0
23.501789191848417,0.0,0.0,0.0
23.39400807771348,0.0,0.0,0.0
23.296923805198286,0.0,0.0,0.0
23.197107168034087,0.0,0.0,0.0
23.069644375929403,0.0,0.0,0.0
23.084807814796022,0.0,0.0,1.200962255098577
23.209073010504028,0.0,0.0,1.8971711220329062
23.392863814711813,0.0,0.0,2.617962565545525
23.71558849044201,0.0,0.0,3.1488991033167113
24.44525786597099,0.0,0.4495820075087249,7.649839603223698
25.0,0.0,0.32155220806115214,5.178448764132855
25.0,0.0,0.5944576631620051,3.890234271703789
25.0,0.0,0.6530403274702419,2.7237056360270526
25.0,0.0,0.8995063205754963,2.605209944132579
25.0,0.0,2.221773844855763,6.35949251514836
25.0,0.0,2.7187430384901217,6.21033016412725
25.0,0.0,3.8759708811357596,8.860749744940874
25.0,0.0,4.507347721842396,9.038960336176146
25.0,0.0,4.44910697017882,7.303958516465778
25.0,0.0,2.4609463861375924,0.0662123909384479
25.0,0.0,1.7387559798858112,0.0
25.0,0.0,1.215598548302118,0.0
25.0,0.0,0.7416956294501709,0.0
25.0,0.0,0.3077789338219979,0.0
24.968877084538583,0.0,0.0,0.0
24.82645348372571,0.0,0.0,0.0
24.68460325369788,0.0,0.0,0.0
24.603669980368615,0.0,0.0,0.0
24.509231487412162,0.0,0.0,0.0
24.423797882589763,0.0,0.0,0.1544955788563784
24.40740126858532,0.0,0.0,0.6731593127465263
24.407730046563046,0.0,0.0,0.7945486522829246
24.426717169788425,0.0,0.0,1.1256106362090015
24.50723870725855,0.0,0.0,1.4125310066868884
24.588750795340797,0.0,0.0,1.6222037290334672
24.666084563532372,0.0,0.0,1.7546283355073375
24.72585589624444,0.0,0.0,1.7877347599749556
24.768308493768508,0.0,0.0,1.732557801632393
24.775181373867937,0.0,0.0,1.5780620376283767
24.724779895345808,0.0,0.0,1.3463186254930526
24.606125818131837,0.0,0.0,1.0593982550151664
24.416472788163873,0.0,0.0,0.7173009261947166
24.17819877925831,0.0,0.0,0.3531327516717221
23.937747910492327,0.0,0.0,0.03310619546922395
23.75215006690064,0.0,0.0,0.0
23.62172989587243,0.0,0.0,0.0
23.507408699887517,0.0,0.0,0.0
23.398902100530588,0.0,0.0,0.0
23.28713146125358,0.0,0.0,0.0
23.165690671033836,0.0,0.0,0.0
23.030414758960777,0.0,0.0,0.0
22.88902373691958,0.0,0.0,0.0
22.75715947691741,0.0,0.0,0.0
22.650816953894108,0.0,0.0,0.0772477894281892
22.598993339419046,0.0,0.0,0.43038055571683004
22.58641632827446,0.0,0.0,0.7835133073885521
22.58522906448784,0.0,0.0,1.1145752133577291
22.597862735773425,0.0,0.0,1.4014955838356156
22.625045820082143,0.0,0.0,1.6111681502683945
22.67322018810588,0.0,0.0,1.7435930685698653
22.721410269063316,0.0,0.0,1.7766991812098827
22.742833806587655,0.0,0.0,1.7215222228673202
22.724824632359223,0.0,0.0,1.5670266147771041
22.66147322024009,0.0,0.0,1.3463186254930526
22.55416712834856,0.0,0.0,1.0483629880776937
22.404280925605303,0.0,0.0,0.7062655033434442
22.2200599538183,0.0,0.0,0.3420973677988995
22.0175541286686,0.0,0.0,0.03310619546922395
21.83849140805974,0.0,0.0,0.0
21.691331923388685,0.0,0.0,0.0
21.557916867913356,0.0,0.0,0.0
21.434366091145954,0.0,0.0,0.0
21.316612879325042,0.0,0.0,0.0
21.207257742709366,0.0,0.0,0.0
21.104417361927045,0.0,0.0,0.0
21.005639874377145,0.0,0.0,0.0
20.906154180872807,0.0,0.0,0.0
20.8173514472063,0.0,0.0,0.0772477894281892
20.77853882353914,0.0,0.0,0.4193451718440075
20.79212105273557,0.0,0.0,0.7724779624941794
20.836048867394762,0.0,0.0,1.1145752133577291
20.9101414479033,0.0,0.0,1.3904601609843432
21.026700070501008,0.0,0.0,1.6111681502683945
21.163936895828435,0.0,0.0,1.732557801632393
21.282120304355743,0.0,0.0,1.7766991812098827
21.333298839233443,0.0,0.0,1.7104869559298472
21.283939077255717,0.0,0.0,1.5670266147771041
21.17342067465797,0.0,0.0,1.3352832026417805
21.048589303352042,0.0,0.0,1.0373275652264211
20.93497645000516,0.0,0.0,0.6952300804921716
20.81372909185583,0.0,0.0,0.3310619839260769
20.670352117981338,0.0,0.0,0.02207079697948263
20.530890680526298,0.0,0.0,0.0
20.39564597561666,0.0,0.0,0.0
20.265176465970573,0.0,0.0,0.0
20.14575245609877,0.0,0.0,0.0
20.027733577405826,0.0,0.0,0.0
19.905445295825842,0.0,0.0,0.0
19.775669878373797,0.0,0.0,0.0
19.6439213340133,0.0,0.0,0.0
19.518001901190996,0.0,0.0,0.0
19.423813659215654,0.0,0.0,0.16553099196303844
19.45214165611249,0.0,0.0,0.9600796832244132
19.600503724577507,0.0,0.0,1.7987700269124283
19.84301949976818,0.0,0.0,2.8109964708450277
20.164816957665252,0.0,0.0,3.583238210827133
20.345455501449443,0.0,0.0,2.78660047768525
20.582677024338146,0.0,0.0,3.4540797126721126
20.807927951350546,0.0,0.0,2.791955900733759
20.75098526065287,0.0,0.0,1.7104869559298472
20.668814731990174,0.0,0.0,1.5559911919258316
20.591185178871285,0.0,0.0,1.3242479357043075
20.48604218367269,0.0,0.0,1.0262921423751485
20.396615181842726,0.0,0.0,0.684194735597799
20.299230402858672,0.0,0.0,0.32002656107480437
20.170981729250663,0.0,0.0,0.02207079697948263
20.03008503474716,0.0,0.0,0.0
19.892721408254484,0.0,0.0,0.0
19.775882619609018,0.0,0.0,0.0
19.694912702401652,0.0,0.0,0.0
19.63864827934036,0.0,0.0,0.0
19.585332165390803,0.0,0.0,0.0
19.52194320190049,0.0,0.0,0.0
19.44899042418927,0.0,0.0,0.0
19.367823606340856,0.0,0.0,0.0
19.29163540521808,0.0,0.0,0.0662123909384479
19.278044741705795,0.0,0.0,0.3972743261414623
19.349887413127185,0.0,0.0,0.7614425396429071
19.569417119320647,0.0,0.0,1.7215222228673202
19.95411955544858,0.0,0.0,2.883973968277325
20.463814455218586,0.0,0.0,4.245760155468676
20.8517984193381,0.0,0.0,3.886828559317716
20.922329327084565,0.0,0.0,2.557429868058562
21.02740277778938,0.0,0.0,2.8573279995001863
21.147349414714274,0.0,0.0,2.44985841599951
21.065003184605203,0.0,0.0,1.3132125128530354
21.121994141751312,0.0,0.0,1.7766991812098827
21.626636453151818,0.0,0.0,4.322497582151971
22.28501767663866,0.0,0.0,5.899207480908297
21.923752792766017,0.0,0.0,0.02207079697948263
21.345505881893132,0.0,0.0,0.0
21.21456073216099,0.0,0.0,0.0
20.95021038001487,0.0,0.0,0.0
20.77303276119304,0.0,0.0,0.0
20.58294127919641,0.0,0.0,0.0
20.434477919788073,0.0,0.0,0.0
20.320933675489336,0.0,0.0,0.0
20.224813712742485,0.0,0.0,0.0
20.09397488304898,0.0,0.0,0.0
20.179319309288907,0.0,0.0,1.9120981340119443
21.06296522746739,0.0,0.0,7.8428701376937555
21.954999629814303,0.0,0.0,8.172257431256153
22.21111891534908,0.0,0.0,5.879630468444083
22.861427601650938,0.0,0.0,7.926740879799841
23.27747904075878,0.0,0.0,4.980648736142441
23.330168413087776,0.0,0.0,4.0156770300200675
23.43670205595146,0.0,0.0,2.45056173888098
23.758769285731915,0.0,0.0,4.385434769181049
24.364903806600097,0.0,0.0,5.526965857845733
24.774996183932352,0.0,0.3531050376898444,7.183874636137884
25.0,0.0,1.2810238737773438,8.886279261819062
25.0,0.0,1.4840458465591333,7.259651817603452
25.0,0.0,0.04085013744288719,1.09171569916507
24.650626541660245,0.0,0.0,0.02207079697948263
24.197722300437384,0.0,0.0,0.0
23.919661795154106,0.0,0.0,0.0
23.624561513496793,0.0,0.0,0.0
23.385572095651266,0.0,0.0,0.0
23.164628504361538,0.0,0.0,0.0
22.95406903424572,0.0,0.0,0.0
22.737486452972735,0.0,0.0,0.0
22.523630481165824,0.0,0.0,0.0
22.32448255221673,0.0,0.0,0.0
22.169109711651444,0.0,0.0,0.11035399464202564
22.14870889421114,0.0,0.0,0.7283363490459894
22.778122250300466,0.0,0.0,5.34954482842395
23.651527494366828,0.0,0.0,6.998415633577752
24.230643580474947,0.0,0.0,7.16278055671179
24.61607281810584,0.0,0.0,5.882110164772928
24.646452762368362,0.0,0.0,3.537874309992999
24.63406053124102,0.0,0.0,2.6530241759101734
24.841362808737628,0.0,0.4060932390890877,4.102209579550272
25.0,0.0,1.1477087442596126,5.529552016262988
25.0,0.0,2.394610664912721,8.077010315854837
25.0,0.0,3.1882180475716693,8.789522851847613
25.0,0.0,3.1990031120995344,7.30984665780183
25.0,0.0,3.150339842843766,6.655386333886274
25.0,0.0,1.1906076148375966,0.011035398489741315
25.0,0.0,0.46099812469082985,0.0
24.99227911790787,0.0,0.0,0.0
24.844269064272932,0.0,0.0,0.0
24.65642551729216,0.0,0.0,0.0
24.536290968843666,0.0,0.0,0.0
24.40339298363467,0.0,0.0,0.0
24.26326055083433,0.0,0.0,0.0
24.110173983652324,0.0,0.0,0.0
23.970457158852938,0.0,0.0,0.0
23.85681096057575,0.0,0.0,0.044141598831271514
23.807030766426195,0.0,0.0,0.3752035583958172
23.835020976345103,0.0,0.0,0.7393717718972619
23.885861567504882,0.0,0.0,1.0704335999095387
23.943972478055617,0.0,0.0,1.3573540483443256
24.033883050580844,0.0,0.0,1.5670266147771041
24.135969599681353,0.0,0.0,1.6994513771647748
24.233165254558774,0.0,0.0,1.732557801632393
24.320539116544936,0.0,0.0,1.6663451086109575
24.378236794816242,0.0,0.0,1.5118496564345412
24.366492642440495,0.0,0.0,1.2801062442992175
24.23963826418855,0.0,0.0,0.9821505289269584
23.997893484997164,0.0,0.0,0.6400531221496087
23.693925717119313,0.0,0.0,0.2648495637537916
23.418863495117257,0.0,0.0,0.011035398489741315
23.249977121932197,0.0,0.0,0.0
23.14465423795884,0.0,0.0,0.0
23.03957483985872,0.0,0.0,0.0
22.912901167618674,0.0,0.0,0.0
22.77204118850181,0.0,0.0,0.0
22.638211686499567,0.0,0.0,0.0
22.51848698350436,0.0,0.0,0.0
22.407180214874874,0.0,0.0,0.0
22.284027953916606,0.0,0.0,0.0
22.151333992535232,0.0,0.0,0.04414159395896526
22.054399958950896,0.0,0.0,0.3641681745229947
22.014205402707717,0.0,0.0,0.7283363490459894
22.015904112740248,0.0,0.0,1.0593982550151664
22.048956749751255,0.0,0.0,1.3463186254930526
22.091019153927448,0.0,0.0,1.5559911919258316
22.13398997764073,0.0,0.0,1.6884161102273025
22.16841564015018,0.0,0.0,1.7215222228673202
22.181499394744947,0.0,0.0,1.6553098416734846
22.172775165346735,0.0,0.0,1.5008142335832688
22.150427241979077,0.0,0.0,1.2690708994048447
22.183292683936475,0.0,0.0,1.5228850792858142
22.182060048075698,0.0,0.0,1.081469100717711
22.069412718809804,0.0,0.0,0.45245136244092515
21.901141429516652,0.0,0.0,0.011035398489741315
21.73077883070467,0.0,0.0,0.0
21.58034501401707,0.0,0.0,0.0
21.425190367878795,0.0,0.0,0.0
21.296010632489867,0.0,0.0,0.0
21.17876189363932,0.0,0.0,0.0
21.059214272211882,0.0,0.0,0.0
20.93892830387578,0.0,0.0,0.0
20.81638451427681,0.0,0.0,0.0
20.693604608594704,0.0,0.0,0.0
20.591942738097675,0.0,0.0,0.0662123909384479
20.568549631417017,0.0,0.0,0.3641681745229947
20.655331026161573,0.0,0.0,0.7173009261947166
20.906571962071666,0.0,0.0,1.6663451086109575
21.28483609721468,0.0,0.0,2.573164768716799
21.708168477939008,0.0,0.0,3.5297492408453013
22.12804749053329,0.0,0.0,4.202937910062344
22.26502800930954,0.0,0.0,2.934418700656539
22.517584906217436,0.0,0.0,3.8653285501478867
23.351807165784276,0.0,0.0,6.9391904906807955
24.136560796736624,0.0,0.0,7.497850153454392
23.98345221183874,0.0,0.0,2.7242524556444105
23.669896915260505,0.0,0.0,2.6390749726969482
23.38516619342426,0.0,0.0,0.48555755303784287
22.902551251036357,0.0,0.0,0.0
22.670641715388893,0.0,0.0,0.0
22.461636750358867,0.0,0.0,0.0
22.318886420073913,0.0,0.0,0.0
22.19937378720737,0.0,0.0,0.0
22.092714131595965,0.0,0.0,0.0
21.976104368591194,0.0,0.0,0.0
21.83331479799726,0.0,0.0,0.0
21.672655130154364,0.0,0.0,0.0
21.511809402622916,0.0,0.0,0.0
21.378040636490788,0.0,0.0,0.05517699732101282
21.37832869057344,0.0,0.0,0.6731593127465263
21.502061836122277,0.0,0.0,1.2580354765535724
21.701984786617302,0.0,0.0,1.8429117183175185
21.95316578223837,0.0,0.0,2.10776124309286
22.22924825306511,0.0,0.0,2.438822993148237
22.514408220253525,0.0,0.0,2.4972999494255435
22.81105453580303,0.0,0.0,2.793445871440969
23.223742454255717,0.0,0.0,3.534260625490156
23.944175242149278,0.0,0.0,6.016086521195357
24.709221791864824,0.0,0.19464454731085828,7.734751406721596
25.0,0.0,0.6445291208560957,7.526716591709494
24.677539983614952,0.0,0.0,1.1145752133577291
24.225062986406687,0.0,0.0,0.46348678529219767
23.913845097504588,0.0,0.0,0.0
23.65782804590538,0.0,0.0,0.0
23.492290849084092,0.0,0.0,0.0
23.3264685865186,0.0,0.0,0.0
23.176761781140335,0.0,0.0,0.0
23.038922687472088,0.0,0.0,0.0
22.915236098614255,0.0,0.0,0.0
22.802265384780796,0.0,0.0,0.0
22.688753713448165,0.0,0.0,0.0
22.544864676765044,0.0,0.0,0.0
22.387917222938214,0.0,0.0,0.05517699732101282
22.40618858802105,0.0,0.0,1.036756344132638
23.002635487602245,0.0,0.0,4.62843258938583
24.180286586859246,0.0,0.0,8.494738223665339
24.926907308782045,0.0,0.39997870040727623,8.065951835846041
25.0,0.0,0.6119500683246507,5.473561841390355
25.0,0.0,0.6011892524242446,3.5958531684054162
25.0,0.0,0.6059364695169804,2.7876344091161678
25.0,0.0,1.1243246211307187,3.712676226072881
25.0,0.0,1.8110144182392427,5.03418182887271
25.0,0.0,2.7198905480354165,6.875566167597137
25.0,0.0,3.273555938755817,7.175517503406045
25.0,0.0,3.6127877906944033,7.0806839573430125
25.0,0.0,2.5826972345165027,2.5858744836726784
25.0,0.0,1.495251312051049,0.0
25.0,0.0,0.9919118992066636,0.0
25.0,0.0,0.6066204455815184,0.0
25.0,0.0,0.27643990039144734,0.0
24.98881669214101,0.0,0.0,0.0
24.85939617730101,0.0,0.0,0.0
24.674352488063974,0.0,0.0,0.0
24.518899364454334,0.0,0.0,0.0
24.33974332765859,0.0,0.0,0.0
24.12499248745049,0.0,0.0,0.0
24.01622813631098,0.0,0.0,1.0514567084220907
24.480680274165415,0.0,0.0,5.031554934142378
24.9648276591967,0.0,0.8010430139221959,7.5539976620914695
25.0,0.0,1.6147108188715034,7.1702861037532335
25.0,0.0,2.206717616121823,6.340489708856526
25.0,0.0,2.438881421081589,4.796926202836148
25.0,0.0,2.4518442795863664,3.3755836741795355
25.0,0.0,2.422970093084756,2.5983427803599772
25.0,0.0,3.087618700680064,4.065451838636627
25.0,0.0,3.944717366893666,5.972630172521848
25.0,0.0,5.038418513824266,8.249618162903753
25.0,0.0,5.828628907657071,9.067416823794758
25.0,0.0,6.116852831421913,8.407727507693176
25.0,0.0,5.519919560443102,5.497759749195147
25.0,0.0,3.618624187651189,0.0
25.0,0.0,2.715330873062671,0.0
25.0,0.0,2.0067313655107055,0.0
25.0,0.0,1.4332322507641138,0.0
25.0,0.0,1.022611187477014,0.0
25.0,0.0,0.6968649946235543,0.0
25.0,0.0,0.4096655665062038,0.0
25.0,0.0,0.1462069735762149,0.0
24.943411989873873,0.0,0.0,0.0
24.770451623955836,0.0,0.0,0.0
24.638594702279185,0.0,0.0,0.6229773002823425
24.811555068197222,0.0,0.8683319218403469,5.5260542142301095
25.0,0.0,2.1900308585144295,8.818267476638947
25.0,0.0,3.128607270485914,8.862164390933232
25.0,0.0,3.500280658132696,7.264646288642211
25.0,0.0,3.6644445911718826,5.69068977262946
25.0,0.0,3.4294691506977526,3.3565785761685336
25.0,0.0,3.3159361810179773,2.3852994427247127
25.0,0.0,3.9606243407729766,3.897275081837164
25.0,0.0,4.9800778300980975,6.41342845614705
25.0,0.0,5.707278526574826,7.436704749020582
25.0,0.0,6.345492546557781,8.444404201899095
25.0,0.0,5.922725812006805,5.940647463428002
25.0,0.0,5.376001275086415,4.399263405986573
25.0,0.0,3.800204732142447,0.0
25.0,0.0,3.115899261958685,0.0
25.0,0.0,2.5802218897683633,0.0
25.0,0.0,2.1145633521679943,0.0
25.0,0.0,1.6872505357956753,0.0
25.0,0.0,1.3066417089556568,0.0
25.0,0.0,1.0138956837260291,0.0
25.0,0.0,0.765179479194687,0.0
25.0,0.0,0.5187553064186795,0.0
25.0,0.0,0.2155829289049547,0.0
24.952287409509633,0.0,0.0,0.03310619546922395
24.952287409509633,0.0,1.076980690249798,4.848212976212182
25.0,0.0,2.378376681626283,8.220119600965507
25.0,0.0,2.2157991853431223,5.036977808399673
25.0,0.0,3.4057698037173396,7.788879536539516
25.0,0.0,3.4160072215139126,5.087874674596046
25.0,0.0,3.3193216597460236,3.2006955490698603
25.0,0.0,3.292004841313998,2.340063267358682
25.0,0.0,3.9608894987287124,4.177935771124304
25.0,0.0,4.543804968880237,5.671819211082331
25.0,0.0,4.128280712060562,3.597844338371269
25.0,0.0,3.42195290836508,1.4125310066868884
25.0,0.0,2.941227887197108,0.5517699732101282
25.0,0.0,2.58996510980865,0.2869203704778867
25.0,0.0,2.262841917746401,0.0
25.0,0.0,1.9503310361775705,0.0
25.0,0.0,1.6419406449458054,0.0
25.0,0.0,1.3435133367562797,0.0
25.0,0.0,1.061688262052978,0.0
25.0,0.0,0.800677084139477,0.0
25.0,0.0,0.5618835275676813,0.0
25.0,0.0,0.32806517693772747,0.0
25.0,0.0,0.08438547051067871,0.0
24.909175114759705,0.0,0.0,0.0
24.809584894253668,0.0,0.0,0.7161348167772191
24.900409779493963,0.0,1.2838993039979687,6.502386698031088
25.0,0.0,2.4726945179008744,9.004744648393723
25.0,0.0,3.157460934019117,8.684576436236608
25.0,0.0,3.450700096555649,7.302083070543647
25.0,0.0,3.5497941406560694,5.646005648120865
25.0,0.0,3.31471290504787,3.324955512987888
25.0,0.0,3.3078904701871132,2.583890117510211
25.0,0.0,3.9703811607112667,4.0054269429486595
25.0,0.0,4.484643444796812,4.906986189281726
25.0,0.0,4.795296101732998,5.183710226943083
25.0,0.0,5.755980936504622,7.951117408287583
25.0,0.0,6.334234056174682,8.71086869667694
25.0,0.0,5.170933203203701,3.724575017368557
25.0,0.0,3.682167279179072,0.0
25.0,0.0,2.985204339070753,0.0
25.0,0.0,2.458051827953435,0.0
25.0,0.0,2.026689195539568,0.0
25.0,0.0,1.6743860731289575,0.0
25.0,0.0,1.3952991972683149,0.0
25.0,0.0,1.19165773678094,0.0
25.0,0.0,1.0115284901524866,0.0
25.0,0.0,0.8273135899221152,0.0
25.0,0.0,0.5332059725294434,0.0
25.0,0.0,0.20707827004929033,0.022070799415635757
25.0,0.0,1.7409398684104802,6.317089651168021
25.0,0.0,2.9956433738119896,8.870893586542328
25.0,0.0,3.7426124923925332,8.812146069940795
25.0,0.0,3.8176138907766695,6.701803661693504
25.0,0.0,3.9067579281705784,5.550633981622126
25.0,0.0,3.564449462382488,3.3059001444624028
25.0,0.0,3.3396489100748297,2.330728719655029
25.0,0.0,3.9730320289342975,4.1196489319793175
25.0,0.0,4.668907887007081,5.607006539419655
25.0,0.0,5.666255627505484,7.9511539762397305
25.0,0.0,5.963081263234675,7.492461074126042
25.0,0.0,6.335165687161756,8.024125430725737
25.0,0.0,5.349923734378293,4.154977474413212
25.0,0.0,3.7807828584960705,0.0
25.0,0.0,3.046157806920261,0.0
25.0,0.0,2.472520230738131,0.0
25.0,0.0,2.025910206157334,0.0
25.0,0.0,1.6724551546427069,0.0
25.0,0.0,1.387437403273717,0.0
25.0,0.0,1.1229391158242894,0.0
25.0,0.0,0.860525687138951,0.0
25.0,0.0,0.6006197487504606,0.0
25.0,0.0,0.3488033779233794,0.0
25.0,0.0,0.14870208252928732,0.02207079697948263
25.0,0.0,0.21796519610735737,0.5186637826132106
25.0,0.0,0.5365200911301831,1.4549500850981247
25.0,0.0,1.859089296451558,5.270256140941014
25.0,0.0,2.004682301832161,3.6554584004792883
25.0,0.0,2.5386263502134616,4.4742599841341955
25.0,0.0,2.596862054412381,3.578291032033739
25.0,0.0,2.37502130576871,2.4611657553919954
25.0,0.0,2.2997645329614573,2.320342239480787
25.0,0.0,2.1664752532637874,2.2291504267154583
25.0,0.0,1.6905923587522558,1.1697522496571922
25.0,0.0,1.2885506238711726,0.8607611114336601
25.0,0.0,0.8644285147488456,0.5076283597619381
25.0,0.0,0.44484649023067807,0.14346018523894336
25.0,0.0,0.11355480016404827,0.0
24.953284884314236,0.0,0.0,0.0
24.84732519862171,0.0,0.0,0.0
24.740152678575058,0.0,0.0,0.0
24.64142021578327,0.0,0.0,0.0
24.54115551779498,0.0,0.0,0.0
24.429161961609182,0.0,0.0,0.0
24.30518670708084,0.0,0.0,0.0
24.1785668500805,0.0,0.0,0.0
24.04566104401239,0.0,0.0,0.0
23.926562136302767,0.0,0.0,0.02207079697948263
23.883017728577933,0.0,0.0,0.49659297588911533
23.92529521033808,0.0,0.0,1.1256106362090015
24.021271626525994,0.0,0.0,1.7215222228673202
24.128442418364486,0.0,0.0,1.9974071704939342
24.261866643381342,0.0,0.0,2.328469232376911
24.42264654884624,0.0,0.0,2.4341496515525396
24.596079816008377,0.0,0.0,2.6983513373036523
24.831460863271285,0.0,0.0,3.03562218788197
24.983204756946375,0.0,1.0706368381354534,6.2125855220644235
25.0,0.0,0.5121725579528316,2.4370012971016
25.0,0.0,0.18132401205866902,1.4897789666457963
24.91020824199555,0.0,0.0,0.7835133073885521
24.642005623722923,0.0,0.0,0.1324247818768958
24.356766749704057,0.0,0.0,0.0
24.12384798620549,0.0,0.0,0.0
23.881211497410987,0.0,0.0,0.0
23.65316101218549,0.0,0.0,0.0
23.436648660276777,0.0,0.0,0.0
23.243596270277834,0.0,0.0,0.0
23.092837508063177,0.0,0.0,0.0
22.985174807796984,0.0,0.0,0.0
22.895605469668908,0.0,0.0,0.0
22.780596626009835,0.0,0.0,0.0
22.6362594010745,0.0,0.0,0.011035398489741315
22.525651736542287,0.0,0.0,0.2758849866050641
22.510384176805,0.0,0.0,0.6400531221496087
22.58294026633407,0.0,0.0,0.9711151060756857
22.694378436665957,0.0,0.0,1.2580354765535724
22.803690543572422,0.0,0.0,1.467708120943251
22.87953510333356,0.0,0.0,1.5890973045658492
22.931176731128964,0.0,0.0,1.6111681502683945
22.978135035785208,0.0,0.0,1.5449559249883589
23.03199290005873,0.0,0.0,1.3904601609843432
23.0739826578786,0.0,0.0,1.1476814819115468
23.06367917314857,0.0,0.0,0.838690343688015
22.992531474149025,0.0,0.0,0.48555755303784287
22.884112841111865,0.0,0.0,0.12138938825946072
22.79651292968387,0.0,0.0,0.0
22.754550051284674,0.0,0.0,0.0
22.71981845120432,0.0,0.0,0.0
22.652983944394222,0.0,0.0,0.0
22.534721614168852,0.0,0.0,0.0
22.387884188211434,0.0,0.0,0.0
22.250889525614678,0.0,0.0,0.0
22.1436516567126,0.0,0.0,0.0
22.050536078154263,0.0,0.0,0.0
21.934789115433116,0.0,0.0,0.0
21.802396345824793,0.0,0.0,0.011035398489741315
21.701784795597042,0.0,0.0,0.2648495637537916
21.679735950972358,0.0,0.0,0.6290177382767862
21.738892772742012,0.0,0.0,0.9600796832244132
21.844694288067142,0.0,0.0,1.2470000537022998
22.0788712172551,0.0,0.0,2.3063983866743656
22.31640333505848,0.0,0.0,2.3833473891512034
22.48514995119774,0.0,0.0,2.4526744665120055
22.890524746731824,0.0,0.0,3.832806754751402
23.397630352564043,0.0,0.0,4.526037070801859
24.183017952126875,0.0,0.0,7.80338310910885
24.621817249045023,0.0,0.0,6.463867385763003
23.964683005705908,0.0,0.0,1.7779970286110462
23.144707912291516,0.0,0.0,0.19863716307073115
22.64559912410847,0.0,0.0,0.0
22.35634072416812,0.0,0.0,0.0
22.186013132073654,0.0,0.0,0.0
22.03185418107939,0.0,0.0,0.0
21.85705863361043,0.0,0.0,0.0
21.668479273046255,0.0,0.0,0.0
21.506301209601,0.0,0.0,0.0
21.383628675125102,0.0,0.0,0.0
21.28315367747514,0.0,0.0,0.0
21.180278186423717,0.0,0.0,0.0
21.06099012682846,0.0,0.0,0.011035398489741315
21.00911652396063,0.0,0.0,0.46348678529219767
21.069984379346273,0.0,0.0,1.081469100717711
21.20502919536822,0.0,0.0,1.67738068737603
21.35961108012836,0.0,0.0,1.9532656350026438
21.49732422863307,0.0,0.0,2.284327540971821
21.58462928635314,0.0,0.0,2.2632459852281106
21.62925354335745,0.0,0.0,2.2836802236891165
21.690730117096447,0.0,0.0,2.330176397889679
22.097379008647685,0.0,0.0,4.8128168658469965
22.157397064490347,0.0,0.0,2.114161749318219
22.090861359280307,0.0,0.0,3.2112937847663527
22.01522680263222,0.0,0.0,1.293437859171223
21.556029489405443,0.0,0.0,0.19863716307073115
21.271469190498,0.0,0.0,0.0
21.009762608294185,0.0,0.0,0.0
20.780975891193336,0.0,0.0,0.0
20.555251162874075,0.0,0.0,0.0
20.334394958257402,0.0,0.0,0.0
20.120904026177715,0.0,0.0,0.0
19.92982042560573,0.0,0.0,0.0
19.752668960394054,0.0,0.0,0.0
19.573140529597186,0.0,0.0,0.0
19.365966159785117,0.0,0.0,0.0
19.137792064204728,0.0,0.0,0.0
19.335773517770583,0.0,0.0,3.0338613309155376
20.033190395071536,0.0,0.0,5.9374436974317
21.01599858326942,0.0,0.0,8.99261741038521
21.41957018354346,0.0,0.0,5.656558060743773
21.362573085374265,0.0,0.0,4.461432257137603
21.415961467826865,0.0,0.0,3.5050882493030366
21.27887995939547,0.0,0.0,2.5901439275768956
21.50790655139287,0.0,0.0,4.181840061900076
22.09267674593127,0.0,0.0,6.0829862601508635
22.279080729708276,0.0,0.0,4.1236409964339344
22.76199162219163,0.0,0.0,7.458861686216705
22.93647954541322,0.0,0.0,3.9055413964752566
22.168467447387364,0.0,0.0,0.16553099196303844
21.664223552927172,0.0,0.0,0.0
21.300097343713986,0.0,0.0,0.0
20.9283372161504,0.0,0.0,0.0
20.6156697506364,0.0,0.0,0.0
20.36707444506051,0.0,0.0,0.0
20.172768476501297,0.0,0.0,0.0
19.992756140992093,0.0,0.0,0.0
19.80491547590765,0.0,0.0,0.0
19.589891648836662,0.0,0.0,0.0
19.340585786126155,0.0,0.0,0.0
19.070060013992162,0.0,0.0,0.0
19.70080204592874,0.0,0.0,6.593151658094385
20.677110303650288,0.0,0.0,8.300294405544626
21.186369530184535,0.0,0.0,8.18134604115726
21.65490142967741,0.0,0.0,7.288748448236012
21.90310382355469,0.0,0.0,5.460032274940323
21.957897437053223,0.0,0.0,3.209196025533575
22.028653833927464,0.0,0.0,2.3490541356984407
22.462000406972507,0.0,0.0,3.885852145356053
23.048106821600776,0.0,0.0,5.183362878305015
23.42637921175303,0.0,0.0,5.18142660369099
23.81428662761747,0.0,0.0,6.176961449072807
24.447281513698865,0.0,0.0,8.242020722254983
23.866625902065174,0.0,0.0,0.1324247818768958
23.011509426829747,0.0,0.0,0.0
22.854282551521983,0.0,0.0,0.0
22.526921165331157,0.0,0.0,0.0
22.34732975827858,0.0,0.0,0.0
22.187825850455923,0.0,0.0,0.0
22.101234070622297,0.0,0.0,0.0
22.05578493719478,0.0,0.0,0.0
22.053726079614776,0.0,0.0,0.0
22.0721138302534,0.0,0.0,0.0
22.079117853268293,0.0,0.0,0.0
22.051858088850928,0.0,0.0,0.0
22.06529119041177,0.0,0.0,0.4083097489927349
22.130522428307657,0.0,0.0,0.5959115476798684
22.22333799717299,0.0,0.0,0.9269735705843953
22.35272855157065,0.0,0.0,1.213893863105382
22.4845487139534,0.0,0.0,1.4125310066868884
22.734552835201555,0.0,0.0,2.438822993148237
22.941413186320325,0.0,0.0,2.219694061332096
23.067359496944373,0.0,0.0,2.3231615939932446
23.19589085985733,0.0,0.0,2.0967259761553874
23.154836668830605,0.0,0.0,1.081469100717711
23.07978989602816,0.0,0.0,0.7724779624941794
23.01860675045777,0.0,0.0,0.4193451718440075
22.9060712818834,0.0,0.0,0.0772477894281892
22.79549929250541,0.0,0.0,0.0
22.69535605605825,0.0,0.0,0.0
22.596798130583966,0.0,0.0,0.0
22.50135845114799,0.0,0.0,0.0
22.424028587950147,0.0,0.0,0.0
22.353871806299196,0.0,0.0,0.0
22.277793029593305,0.0,0.0,0.0
22.19754834152345,0.0,0.0,0.0
22.110560554633096,0.0,0.0,0.0
22.02647095977251,0.0,0.0,0.0
21.957705172120832,0.0,0.0,0.0
22.417088123248558,0.0,0.0,3.6474207238731657
23.637338222697036,0.0,0.0,8.615315879242882
24.37696768798555,0.0,0.0,6.542883558791276
24.692356731639787,0.0,0.1869746715587664,6.648500583187826
25.0,0.0,0.12180258336751851,4.821112613788092
24.969338273594786,0.0,0.0,2.866222015462985
24.969338273594786,0.0,0.01788081236668707,2.767626952202056
25.0,0.0,0.624106472959514,4.266194286876496
25.0,0.0,1.5274121225861825,6.313214244734845
25.0,0.0,1.6121174920240124,5.0591399094432825
25.0,0.0,1.9167598765925826,5.425121800657856
25.0,0.0,2.8676279171682673,8.171051236200254
25.0,0.0,0.8985817111872165,0.09931858153536557
25.0,0.0,0.2660070001940605,0.0
24.937598617296814,0.0,0.0,0.0
24.755449014182204,0.0,0.0,0.0
24.555037862909714,0.0,0.0,0.0
24.398553754992832,0.0,0.0,0.0
24.253684894690025,0.0,0.0,0.0
24.129487534791817,0.0,0.0,0.0
24.01537215375361,0.0,0.0,0.0
23.896379949928107,0.0,0.0,0.0
23.773028834156584,0.0,0.0,0.0
23.627834185256027,0.0,0.0,0.0
23.51345233435172,0.0,0.0,0.3752035194173672
23.504428334023977,0.0,0.0,1.0152567195238762
23.685881530518202,0.0,0.0,2.4674149544362494
23.867370257705126,0.0,0.0,2.466332372554212
23.97453024565209,0.0,0.0,2.2125507244614933
24.193623825518713,0.0,0.0,2.4057170364220197
24.325914116674724,0.0,0.0,1.5449559249883589
24.387844131175193,0.0,0.0,1.467708120943251
24.428491928027565,0.0,0.0,1.3021770900017624
24.348970212595972,0.0,0.0,1.0593982550151664
24.182609419179425,0.0,0.0,0.7504071167916344
23.936824492303,0.0,0.0,0.3972743261414623
23.6494415385313,0.0,0.0,0.05517699732101282
23.379409284759806,0.0,0.0,0.0
23.15825960496592,0.0,0.0,0.0
22.964052355442043,0.0,0.0,0.0
22.79048474412171,0.0,0.0,0.0
22.62094156752098,0.0,0.0,0.0
22.44680114109456,0.0,0.0,0.0
22.254952228091543,0.0,0.0,0.0
22.035832243625315,0.0,0.0,0.0
21.806717332008972,0.0,0.0,0.0
21.58875998652524,0.0,0.0,0.0
21.394438117655675,0.0,0.0,0.0
21.276390237218344,0.0,0.0,0.3140947815747778
21.22559790805217,0.0,0.0,0.5630830785392278
21.21982428437147,0.0,0.0,0.9053493399619936
21.25468429202151,0.0,0.0,1.181370400336021
21.290196098006636,0.0,0.0,1.39114649353201
21.308339928419255,0.0,0.0,1.5015549800471408
21.30672880394618,0.0,0.0,1.53467746363616
21.292335652865304,0.0,0.0,1.4573916166238485
21.260860949516754,0.0,0.0,1.291778886851152
21.205166781063454,0.0,0.0,1.048880388023044
21.100063786055806,0.0,0.0,0.7286958083119243
20.930738501764754,0.0,0.0,0.3753887450117852
20.72231476591972,0.0,0.0,0.04416338291251737
20.535166379602487,0.0,0.0,0.0
20.376114554850854,0.0,0.0,0.0
20.22819570073487,0.0,0.0,0.0
20.092774647459162,0.0,0.0,0.0
19.95953975910856,0.0,0.0,0.0
19.827121435079732,0.0,0.0,0.0
19.692899217233723,0.0,0.0,0.0
19.547604464308435,0.0,0.0,0.0
19.379942338709355,0.0,0.0,0.0
19.178558805033393,0.0,0.0,0.0
18.946996801256297,0.0,0.0,0.0
18.901425583479707,0.0,0.0,1.4571763977397352
19.007396113873234,0.0,0.0,2.2742805202003766
19.147840143505093,0.0,0.0,2.9525272453004843
19.3495024285405,0.0,0.0,3.1462313277024916
19.62504464639475,0.0,0.0,3.407675330396642
19.94380153079591,0.0,0.0,3.1201621667141617
20.18544269258576,0.0,0.0,2.5581511002840247
20.585558987230424,0.0,0.0,3.6055308528462766
21.354968675802105,0.0,0.0,6.619532330403215
22.11533562347408,0.0,0.0,8.026619330759987
22.57279724478423,0.0,0.0,8.248820704677724
22.77906928859522,0.0,0.0,7.686414405799952
22.077533728536334,0.0,0.0,1.6444383643281204
21.141861813429113,0.0,0.0,0.0
20.75107691586417,0.0,0.0,0.0
20.4346492389279,0.0,0.0,0.0
20.176918767387352,0.0,0.0,0.0
19.905298514350886,0.0,0.0,0.0
19.629546399008216,0.0,0.0,0.0
19.362292690227243,0.0,0.0,0.0
19.116002192384418,0.0,0.0,0.0
18.885943474897704,0.0,0.0,0.0
18.65518609912959,0.0,0.0,0.0
18.425609483747568,0.0,0.0,0.0
18.447254069098946,0.0,0.0,1.6060491901195189
18.563175822995024,0.0,0.0,1.9904913418454293
18.66103252406512,0.0,0.0,2.5597727817597655
19.465200770009595,0.0,0.0,7.232089915997291
20.09415164176389,0.0,0.0,5.451290637131044
20.04559658587666,0.0,0.0,2.945546748492112
20.15227387069618,0.0,0.0,2.401302824058715
20.652203992866575,0.0,0.0,4.299926147951723
21.36246464787882,0.0,0.0,5.959298144510826
22.11631447078874,0.0,0.0,8.107678703435267
22.784592595777454,0.0,0.0,8.761482709664683
23.024586532738965,0.0,0.0,7.597351139179875
22.31982779803227,0.0,0.0,1.3715033814357989
21.4341778517811,0.0,0.0,0.0
21.059932726739127,0.0,0.0,0.0
20.719071082627558,0.0,0.0,0.0
20.455775640230037,0.0,0.0,0.0
20.202395611139632,0.0,0.0,0.0
19.96440471530059,0.0,0.0,0.0
19.740169495386457,0.0,0.0,0.0
19.526368861570873,0.0,0.0,0.0
19.319772797225227,0.0,0.0,0.0
19.12420498779215,0.0,0.0,0.0
18.94063273966961,0.0,0.0,0.0
18.93644961973921,0.0,0.0,1.2809494431063604
19.068443488017053,0.0,0.0,2.073803393214738
19.192216573614857,0.0,0.0,2.695635271706567
19.3534709785085,0.0,0.0,3.0477091312285682
19.558081087764776,0.0,0.0,3.0806361960586006
19.797145386772634,0.0,0.0,2.8285579176882405
20.008309188934113,0.0,0.0,2.4245242611238305
20.436378439902427,0.0,0.0,3.6224789694311585
21.223264236706918,0.0,0.0,6.248496660880213
21.92698113804114,0.0,0.0,7.024744138798693
22.339090533606793,0.0,0.0,6.865185074952488
22.697513467382276,0.0,0.0,7.420690225334599
22.1260483914423,0.0,0.0,1.038117672099242
21.264987612162496,0.0,0.0,0.0
20.947483958421067,0.0,0.0,0.0
20.595823805013016,0.0,0.0,0.0
20.32891266992502,0.0,0.0,0.0
20.066043350107442,0.0,0.0,0.0
19.83103325391939,0.0,0.0,0.0
19.60674339017721,0.0,0.0,0.0
19.39442619085452,0.0,0.0,0.0
19.19302968912139,0.0,0.0,0.0
18.995361472439875,0.0,0.0,0.0
18.79538910208386,0.0,0.0,0.0
18.775524445218327,0.0,0.0,1.312389445848365
18.933902201061407,0.0,0.0,2.3815086465174056
19.04025497722753,0.0,0.0,2.67671000796753
19.209098559625975,0.0,0.0,3.2186200183016838
19.515024302374485,0.0,0.0,3.3114308409387756
19.869758971122884,0.0,0.0,3.0867698494624736
20.187305892479788,0.0,0.0,2.4253788567738703
20.699918066666815,0.0,0.0,3.92378665825253
21.46405495553049,0.0,0.0,6.179177239804014
22.045212323000403,0.0,0.0,6.6827687883781195
22.43322706178321,0.0,0.0,6.837404228236078
21.92646134766862,0.0,0.0,0.6290177382767862
21.214231341264863,0.0,0.0,0.04414159395896526
20.993346347973272,0.0,0.0,0.0
20.701228345496183,0.0,0.0,0.0
20.49210011379521,0.0,0.0,0.0
20.286657632812645,0.0,0.0,0.0
20.123814611133977,0.0,0.0,0.0
19.969950082556082,0.0,0.0,0.0
19.798609775101706,0.0,0.0,0.0
19.606241082485354,0.0,0.0,0.0
19.418341563680187,0.0,0.0,0.0
19.274910094479836,0.0,0.0,0.0
19.18998580215179,0.0,0.0,0.0
19.1842453119936,0.0,0.0,0.3752035583958172
19.289829144918354,0.0,0.0,1.213893863105382
19.40665676146179,0.0,0.0,1.6884161102273025
19.47470891919199,0.0,0.0,1.7766991812098827
19.65283726152518,0.0,0.0,2.10776124309286
19.924981305774025,0.0,0.0,2.113674518301444
20.187334620503755,0.0,0.0,2.0816223018610676
20.44370653395073,0.0,0.0,2.4129836874753545
20.552333658216693,0.0,0.0,2.2345252950968275
20.781474948315484,0.0,0.0,3.951905668586317
20.94336132802436,0.0,0.0,3.3686187525661997
21.12160733075436,0.0,0.0,4.707873781386436
20.77074906066462,0.0,0.0,0.02207079697948263
20.199375240749376,0.0,0.0,0.0
20.03756148558619,0.0,0.0,0.0
19.75919855502153,0.0,0.0,0.0
19.57357549004534,0.0,0.0,0.0
19.398161763234665,0.0,0.0,0.0
19.258807406410497,0.0,0.0,0.0
19.12166020693768,0.0,0.0,0.0
18.97856898758171,0.0,0.0,0.0
18.813287950773383,0.0,0.0,0.0
18.600863216809863,0.0,0.0,0.0
18.350622430325995,0.0,0.0,0.0
18.3489989492412,0.0,0.0,1.8042915838038338
18.814967990357264,0.0,0.0,4.690290736633719
19.80547310678416,0.0,0.0,8.795336409961044
19.734054835251854,0.0,0.0,1.9753363247913887
19.171613776494322,0.0,0.0,1.3242479357043075
19.194739369179004,0.0,0.0,1.445637275240706
19.04820310975292,0.0,0.0,1.4566726980919789
18.980118569483988,0.0,0.0,1.3794248940468705
18.882746258119507,0.0,0.0,1.213893863105382
18.785029117435094,0.0,0.0,0.9711151060756857
18.65628830766003,0.0,0.0,0.6510885450008812
18.490649600883064,0.0,0.0,0.2979557738399342
18.304379657462693,0.0,0.0,0.011035398489741315
18.147149460170983,0.0,0.0,0.0
18.012730066807542,0.0,0.0,0.0
17.88163239094977,0.0,0.0,0.0
17.764790587403652,0.0,0.0,0.0
17.656226259005052,0.0,0.0,0.0
17.548977206863533,0.0,0.0,0.0
17.441464624971406,0.0,0.0,0.0
17.32613664529448,0.0,0.0,0.0
17.198993234601332,0.0,0.0,0.0
17.064584703844538,0.0,0.0,0.0
16.926824247678667,0.0,0.0,0.0
16.810241483872275,0.0,0.0,0.1324247818768958
16.77632582235401,0.0,0.0,0.49659297588911533
16.81333567504697,0.0,0.0,0.8276549208367423
16.87930725013813,0.0,0.0,1.1145752133577291
16.957408174757283,0.0,0.0,1.3132125128530354
17.021562394430564,0.0,0.0,1.4346018523894333
17.06673270412965,0.0,0.0,1.445637275240706
17.083077248807655,0.0,0.0,1.368389471195598
17.06235711533943,0.0,0.0,1.2028585182110099
17.001604870743385,0.0,0.0,0.9490443383300405
16.890902582724237,0.0,0.0,0.6400531221496087
16.736562931285924,0.0,0.0,0.2869203704778867
16.56566052502629,0.0,0.0,0.011035398489741315
16.435307193135483,0.0,0.0,0.0
16.34418900731181,0.0,0.0,0.0
16.25622422572169,0.0,0.0,0.0
16.16896734210569,0.0,0.0,0.0
16.062030979975425,0.0,0.0,0.0
15.946108836559922,0.0,0.0,0.0
15.845318419509924,0.0,0.0,0.0
15.76424831105367,0.0,0.0,0.0
15.689226782629813,0.0,0.0,0.0
15.591374436930483,0.0,0.0,0.0
15.474448735028808,0.0,0.0,0.0
15.390232197395825,0.0,0.0,0.25381417988096905
15.402513023250599,0.0,0.0,0.8938673799874778
15.701280379264318,0.0,0.0,2.923495083909999
16.08759188417507,0.0,0.0,3.634767578952608
16.314189832752618,0.0,0.0,3.5326103512961122
16.330021179613215,0.0,0.0,2.114974896025234
16.361116099218805,0.0,0.0,2.273292118120548
16.39525327300339,0.0,0.0,1.3573540483443256
16.352791232774933,0.0,0.0,1.1918230953597369
16.355200344802576,0.0,0.0,0.9380089154787679
16.268265716570713,0.0,0.0,0.6290177382767862
16.12849020143426,0.0,0.0,0.2758849866050641
15.95311511999898,0.0,0.0,0.011035398489741315
15.807677879257461,0.0,0.0,0.0
15.698588326767347,0.0,0.0,0.0
15.594600713259178,0.0,0.0,0.0
15.467246051750694,0.0,0.0,0.0
15.312255143684677,0.0,0.0,0.0
15.142539367607853,0.0,0.0,0.0
14.968357831458992,0.0,0.0,0.0
14.807883924408223,0.0,0.0,0.0
14.659240962405288,0.0,0.0,0.0
14.50809708949947,0.0,0.0,0.0
14.357188180449642,0.0,0.0,0.0
14.25242693685423,0.0,0.0,0.20387764027071548
14.2339712810775,0.0,0.0,0.4859653066033325
14.362867598257573,0.0,0.0,1.2811812699503218
14.65209826851801,0.0,0.0,2.207036189028362
14.968950430934118,0.0,0.0,2.5933511422459734
15.300791332935647,0.0,0.0,3.079366735824933
15.533192094550431,0.0,0.0,2.6697321065917277
15.776569789923728,0.0,0.0,3.278196989341395
16.527644475682237,0.0,0.0,7.126847729002732
16.943335161333803,0.0,0.0,5.520108439666657
17.19878934173343,0.0,0.0,7.042288693489602
16.810831247281,0.0,0.0,0.9651684257228698
15.997587257820488,0.0,0.0,0.011044666834306278
15.748708124877794,0.0,0.0,0.0
15.44095101113211,0.0,0.0,0.0
15.241450439954042,0.0,0.0,0.0
15.042808165736638,0.0,0.0,0.0
14.84984914138466,0.0,0.0,0.0
14.650540495437971,0.0,0.0,0.0
14.460049264882311,0.0,0.0,0.0
14.275738712390925,0.0,0.0,0.0
14.114009495783845,0.0,0.0,0.0
13.976602462582552,0.0,0.0,0.0
13.85983546204604,0.0,0.0,0.0
13.797241576313253,0.0,0.0,0.17656637583586104
13.804161412847794,0.0,0.0,0.47452216916502027
13.846628310152,0.0,0.0,0.8055840751341973
13.909199262076637,0.0,0.0,1.081469100717711
13.991884478326734,0.0,0.0,1.2801062442992175
14.082838206364233,0.0,0.0,1.4014955838356156
14.173280283433455,0.0,0.0,1.4125310066868884
14.346160348971061,0.0,0.0,2.027920904799362
15.05727997962881,0.0,0.0,5.939879650481709
16.01902583154971,0.0,0.0,8.129957745238931
16.058096470872155,0.0,0.0,3.945418974088876
16.24088858442735,0.0,0.0,6.583467761039718
15.85595797436362,0.0,0.0,0.0
15.056000955012097,0.0,0.0,0.0
14.910917930087134,0.0,0.0,0.0
14.582501179758903,0.0,0.0,0.0
14.373876074994165,0.0,0.0,0.0
14.149661238792476,0.0,0.0,0.0
13.972868475577659,0.0,0.0,0.0
13.824446193575227,0.0,0.0,0.0
13.708429196977306,0.0,0.0,0.0
13.60225647049503,0.0,0.0,0.0
13.495255093704117,0.0,0.0,0.0
13.365649359284806,0.0,0.0,0.0
13.321875459784675,0.0,0.0,0.7608554127944687
13.463654672551135,0.0,0.0,2.0186018247914705
13.615147231994333,0.0,0.0,2.498030206400341
13.748345323210483,0.0,0.0,2.849980927061869
13.940965151934757,0.0,0.0,2.865834799211126
14.152210900091204,0.0,0.0,2.5952504628083437
14.368278100006846,0.0,0.0,2.333879565686852
14.826894831170645,0.0,0.0,3.6445118597471815
15.59590943205145,0.0,0.0,5.870350218753568
16.35908468603555,0.0,0.0,7.171207597705936
16.888179318189238,0.0,0.0,7.135977360299679
17.07953018173611,0.0,0.0,6.011011985132849
16.355828798826366,0.0,0.0,0.0
15.608530723586764,0.0,0.0,0.0
15.35148173726823,0.0,0.0,0.0
14.994951745436884,0.0,0.0,0.0
14.75675032483635,0.0,0.0,0.0
14.544360134447842,0.0,0.0,0.0
14.374651227582799,0.0,0.0,0.0
14.210885432654688,0.0,0.0,0.0
14.046027512681508,0.0,0.0,0.0
13.880161380979185,0.0,0.0,0.0
13.722973708698028,0.0,0.0,0.0
13.584405181385536,0.0,0.0,0.0
13.486490304771536,0.0,0.0,0.09931858153536557
13.46435322788378,0.0,0.0,0.45245136244092515
13.52494641268283,0.0,0.0,0.7835133073885521
13.606168074527313,0.0,0.0,1.0593982550151664
13.681431343929122,0.0,0.0,1.2580354765535724
13.756613491037974,0.0,0.0,1.368389471195598
13.834760174823364,0.0,0.0,1.3904601609843432
13.946080872391121,0.0,0.0,1.3132125128530354
14.08213190439253,0.0,0.0,1.136646059060274
14.207575585180024,0.0,0.0,0.8828319571362051
14.265010013397063,0.0,0.0,0.5738407409557734
14.223833264129517,0.0,0.0,0.22070798928405128
14.139942860311908,0.0,0.0,0.0
14.08448530201769,0.0,0.0,0.0
14.05342615976471,0.0,0.0,0.0
14.019847410092328,0.0,0.0,0.0
13.963124247810576,0.0,0.0,0.0
13.868140437806886,0.0,0.0,0.0
13.747525280289175,0.0,0.0,0.0
13.61239341493701,0.0,0.0,0.0
13.483709383431627,0.0,0.0,0.0
13.364541333035667,0.0,0.0,0.0
13.249815742602776,0.0,0.0,0.0
13.138657755382159,0.0,0.0,0.0
13.051579228590072,0.0,0.0,0.22070798928405128
13.183265445956113,0.0,0.0,1.8938714735795663
13.355960812729062,0.0,0.0,2.260197955039306
13.475314150625701,0.0,0.0,2.538873436834621
13.76008182072332,0.0,0.0,2.8320888810309417
14.104351675346026,0.0,0.0,2.5841601297734935
14.432071776360356,0.0,0.0,2.3095751280800374
14.918880695513765,0.0,0.0,3.5074177541205303
15.417945782939455,0.0,0.0,4.2948439434530155
16.19806241699643,0.0,0.0,7.979679395913054
16.34974223150809,0.0,0.0,3.690988442839984
15.712614070742791,0.0,0.0,0.7355466065991908
15.377978097742343,0.0,0.0,0.0
15.14701746006168,0.0,0.0,0.0
14.979984933551798,0.0,0.0,0.0
14.811184668901994,0.0,0.0,0.0
14.65274654828755,0.0,0.0,0.0
14.49262385173208,0.0,0.0,0.0
17.206090685275903,6.250778505613909,0.0,0.0
20.0,8.421379828627888,0.0,0.0
20.0,8.026469595274774,0.0,0.0
20.0,7.8377372748691485,0.0,0.0
20.0,7.7451703557203855,0.0,0.0
20.0,7.712784829531915,0.0,0.0
20.0,7.492326045363855,0.0,0.6945505913502916
20.0,6.961449041701044,0.0,1.9476301833370682
20.0,6.5290908214481735,0.0,2.421780373588983
20.0,4.831587751482285,0.0,6.921942542560505
20.0,4.441154112376001,0.0,4.8371204466690445
20.0,4.425887825775037,0.0,2.664538582352104
20.0,4.101943054276627,0.0,2.3129000317099115
20.0,3.2628637571784846,0.0,3.614642090049032
20.0,2.61362052083494,0.0,4.292642767052347
20.0,1.8066956294397096,0.0,5.643920289405467
20.0,2.692308250075657,0.0,1.0152567195238762
20.0,3.04634764295001,0.0,0.3641681745229947
20.0,3.2787587159720957,0.0,0.0
20.0,3.4257242166781117,0.0,0.0
20.0,3.565982637332401,0.0,0.0
20.0,3.7194521665507474,0.0,0.0
20.0,3.8767633073570806,0.0,0.0
20.0,4.023352546310513,0.0,0.0
20.0,4.1532323223128085,0.0,0.0
20.0,4.274216337485243,0.0,0.0
20.0,4.360063053576087,0.0,0.0
20.0,4.424894239243642,0.0,0.0
20.0,4.467158840067658,0.0,0.0
20.0,4.4987778564149545,0.0,0.0
20.0,4.493028235107648,0.0,0.17656637583586104
20.0,4.07177295911606,0.0,1.699213371405463
20.0,3.782196436968338,0.0,2.4102343619451827
20.0,3.558454721254998,0.0,2.6086015560998894
20.0,3.1765292233627647,0.0,2.7966563762504775
20.0,2.7578153811298316,0.0,2.65620980116342
20.0,2.390833733292885,0.0,2.3887279097519665
20.0,1.6260833732875712,0.0,3.625757580893002
20.0,1.7526033943768642,0.0,1.9422302121513715
20.0,1.9862201903994396,0.0,0.8497256885823874
20.0,2.140314869283716,0.0,0.5296991275075832
20.0,2.341009950571048,0.0,0.17656637583586104
20.0,2.4887029162535486,0.0,0.0
20.0,2.568108896246122,0.0,0.0
20.0,2.6024331208363742,0.0,0.0
20.0,2.6255425459521855,0.0,0.0
20.0,2.642748317245181,0.0,0.0
20.0,2.66016725269181,0.0,0.0
20.0,2.6781668545177997,0.0,0.0
20.0,2.691948373926417,0.0,0.0
20.0,2.7071212033800673,0.0,0.0
20.0,2.736193899242191,0.0,0.0
20.0,2.813978750854892,0.0,0.0
20.0,2.912106286936606,0.0,0.0
20.0,2.9684762636087867,0.0,0.1544955788563784
20.0,2.8286442870028985,0.0,0.7504071167916344
20.0,2.6117824989325324,0.0,1.29114166715049
20.0,2.54851775095908,0.0,1.0152567195238762
20.0,2.333627161123529,0.0,1.213893863105382
20.0,1.9361550363926734,0.0,1.904904714501618
20.0,1.5293162933214381,0.0,2.459705878755739
20.0,0.7771594566803509,0.0,4.039745039448073
20.0,0.9886230259345432,0.0,2.2435714553233925
20.0,1.218241778931883,0.0,1.3021770900017624
20.0,1.486672672790721,0.0,0.5186637826132106
20.0,1.702717960699293,0.0,0.16553099196303844
20.0,1.858770582139421,0.0,0.0
20.0,1.9685490901341838,0.0,0.0
20.0,2.064071960000688,0.0,0.0
20.0,2.1543348261243955,0.0,0.0
20.0,2.242761472730942,0.0,0.0
20.0,2.3315371390892525,0.0,0.0
20.0,2.413394454346077,0.0,0.0
20.0,2.471027325477456,0.0,0.0
20.0,2.5164768038124583,0.0,0.0
20.0,2.5575851631232376,0.0,0.0
20.0,2.5977663085125418,0.0,0.0
20.0,2.6421399649557697,0.0,0.0
20.0,2.6689592642232873,0.0,0.0662123909384479
20.0,2.59409983244752,0.0,0.4083097489927349
20.0,2.4548002667307043,0.0,0.7283363490459894
20.0,2.290654215115735,0.0,1.0042213746295034
20.0,1.9067496022404926,0.0,1.898088676660081
20.0,1.6330646861797544,0.0,2.005190016509631
20.0,1.3625306685004035,0.0,2.1622228268182795
20.0,0.6984132906813304,0.0,3.568646315271689
20.062940358018402,0.0,0.0,5.256753991202107
20.363461596077165,0.0,0.0,5.839070423114091
20.81478340309898,0.0,0.0,7.141465181848602
20.514262165040215,0.7630437267459313,0.0,0.2648495637537916
20.0,1.009860807985913,0.0,0.0
20.0,1.467348371751553,0.0,0.0
20.0,1.7290675177414474,0.0,0.0
20.0,1.9014145115173597,0.0,0.0
20.0,2.066407208631871,0.0,0.0
20.0,2.2291197127155384,0.0,0.0
20.0,2.3832302815249973,0.0,0.0
20.0,2.4820109037804734,0.0,0.0
20.0,2.556995640543771,0.0,0.0
20.0,2.6265078062806504,0.0,0.0
20.0,2.7100808840148076,0.0,0.0
20.0,2.8386382310364895,0.0,0.0
20.0,2.539152440800373,0.0,1.439988890374666
20.0,2.3277577081266,0.0,1.842330299341936
20.0,0.8108083791039098,0.0,6.727192082462324
20.0,1.6463599674645875,0.0,1.8504246004374585
20.0,1.7050335488969801,0.0,2.10776124309286
20.0,1.8290766837100818,0.0,1.8605302843413807
20.0,1.812184560989998,0.0,2.085690397390315
20.0,2.028407480229216,0.0,1.2359646308510273
20.0,2.1003618786837452,0.0,1.0593982550151664
20.0,2.177126296880071,0.0,0.8055840751341973
20.0,2.2057037010593437,0.0,0.7724779624941794
20.0,2.4109549755841564,0.0,0.22070798928405128
20.0,2.579279114630675,0.0,0.0
20.0,2.6956473015357107,0.0,0.0
20.0,2.796454723017499,0.0,0.0
20.0,2.8595186741307166,0.0,0.0
20.0,2.850681476487403,0.0,0.0
20.0,2.796891179896993,0.0,0.0
20.0,2.7450652570486596,0.0,0.0
20.0,2.775436514840379,0.0,0.0
20.0,2.893134270003219,0.0,0.0
20.0,3.0436613738371183,0.0,0.0
20.0,3.188552050996853,0.0,0.0
20.0,3.295277516611928,0.0,0.0
20.0,3.334487801738707,0.0,0.09931858153536557
20.0,2.5465121219913107,0.0,2.8825794934342857
20.0,1.044317611811558,0.0,6.934623918542325
20.0,0.6539163852172108,0.0,5.785431616388495
20.0,0.6273124397283877,0.0,4.157864305213068
20.0,0.7694439841966151,0.0,2.6267987553052596
20.0,0.6647121328978634,0.0,2.3818100929522017
20.0661587544637,0.0,0.0,4.39229529608954
20.28725914299401,0.0,0.0,4.714059086156029
20.49372843975193,0.0,0.0,4.655704087260753
20.693999688353685,0.0,0.0,5.275073440325359
20.494638939731246,0.0,0.0,2.403340321603284
20.07326730259918,0.4646649601976807,0.0,0.0
20.0,0.9012352759225097,0.0,0.0
20.0,1.303698310004345,0.0,0.0
20.0,1.6539368430921038,0.0,0.0
20.0,1.9746969491865378,0.0,0.0
20.0,2.2638579623119424,0.0,0.0
20.0,2.525620670622124,0.0,0.0
20.0,2.7560046472620723,0.0,0.0
20.0,2.9547981967814607,0.0,0.0
20.0,3.13492646364306,0.0,0.0
20.0,3.27127518903937,0.0,0.0
20.0,3.392051899024429,0.0,0.0
20.0,3.467185477620894,0.0,0.12138938825946072
20.0,3.0053003002220793,0.0,1.9035384632858527
20.0,2.8217676329955026,0.0,2.20911769162484
20.0,2.611398451642518,0.0,2.567023093249505
20.0,2.31930923367055,0.0,2.824443189430017
20.0,2.0468268638696867,0.0,2.6522784093724527
20.0,1.7762962788394523,0.0,2.4308377375821197
20.0,1.033202768564103,0.0,3.6373607110757704
20.0,0.05585136468156836,0.0,5.327987770709895
20.0,0.6386989219674029,0.0,1.4502467873240428
20.0,0.890905936200757,0.0,0.8166194979854698
20.0,1.2767708912920515,0.0,0.20967258592200375
20.0,1.569822501272736,0.0,0.0
20.0,1.7699936031102455,0.0,0.0
20.0,1.8985118616249463,0.0,0.0
20.0,2.015434570655141,0.0,0.0
20.0,2.144438956734157,0.0,0.0
20.0,2.3251083838200026,0.0,0.0
20.0,2.514538765841086,0.0,0.0
20.0,2.6930926455778694,0.0,0.0
20.0,2.849392351746105,0.0,0.0
20.0,2.994485651642236,0.0,0.0
20.0,3.134809980614672,0.0,0.0
20.0,3.257255392377653,0.0,0.0
20.0,2.739502124980799,0.0,2.011088936563924
20.0,0.9125868629805093,0.0,7.4880621045274705
20.0,0.0021240694296446034,0.0,7.754228319356989
20.19222472816886,0.0,0.0,6.772304646817869
20.262715494061517,0.0,0.0,4.5587673907386534
20.070490765892657,0.1302151116503713,0.0,2.3401963280850646
20.0,0.059507009653906505,0.0,2.1452093594737986
20.26764985105334,0.0,0.0,3.7093241219016004
20.963919427684743,0.0,0.0,6.448119076464474
20.831193002495674,0.0,0.0,1.3573540483443256
20.33580901411696,0.0,0.0,0.7835133073885521
20.200885588252692,0.08341994726181536,0.0,0.1876017791979086
20.0,0.2503660281956642,0.0,0.0
20.0,0.5027050493757269,0.0,0.0
20.0,0.6674292669269926,0.0,0.0
20.0,0.8080156406481142,0.0,0.0
20.0,0.9645523674506209,0.0,0.0
20.0,1.1439506885508064,0.0,0.0
20.0,1.328470174644511,0.0,0.0
20.0,1.4902436710952234,0.0,0.0
20.0,1.6482406024973493,0.0,0.0
20.0,1.8145670412058987,0.0,0.0
20.0,2.01019286114813,0.0,0.0
20.0,2.214844293578911,0.0,0.0
20.0,2.359263723376684,0.0,0.09931858153536557
20.0,2.2177022201017422,0.0,0.7504071167916344
20.0,1.9616182141634633,0.0,1.3132125128530354
20.0,1.6938531455331718,0.0,1.5008142335832688
20.0,1.3157677692383327,0.0,1.8098054497637006
20.0,0.8583980359345554,0.0,2.2291504267154583
20.0,0.6129991438095345,0.0,1.8259069766943963
20.016600120345338,0.0,0.0,3.141762723024178
20.44508313726771,0.0,0.0,5.204942217833931
20.901303030104433,0.0,0.0,5.212309942401079
20.59853330588173,0.0,0.0,1.7098352188733767
20.12571329269967,0.1837933177934691,0.0,0.1544955788563784
20.0,0.5720207528954374,0.0,0.0
20.0,0.9487146825872655,0.0,0.0
20.0,1.2151943467788886,0.0,0.0
20.0,1.4336672055888873,0.0,0.0
20.0,1.6277290371019544,0.0,0.0
20.0,1.7869038082609041,0.0,0.0
20.0,1.8942302260961312,0.0,0.0
20.0,1.9216495504938291,0.0,0.0
20.0,1.8988419965339967,0.0,0.0
20.0,1.8714342880244335,0.0,0.0
20.0,1.9194791426099416,0.0,0.0
20.0,2.0346033087789124,0.0,0.0
20.0,2.1312219748062406,0.0,0.08828319766254303
20.0,1.7742636617487084,0.0,1.6159992207583058
20.0,1.4791576346185804,0.0,2.159312952035668
20.0,1.1675149450758424,0.0,2.6335271825286872
20.0,0.960581210677499,0.0,2.6536608821519256
20.0,0.8680390923310349,0.0,2.370905779062738
20.0,0.8636338174447156,0.0,1.897025589111495
20.0,0.704981201532452,0.0,2.0636197076015694
20.0,0.6639392044943816,0.0,1.7435930685698653
20.0,0.7559392603467293,0.0,1.1587169047628192
20.0,1.0032599317263116,0.0,0.43038055571683004
20.0,1.2299441894041956,0.0,0.08828318791793052
20.0,1.3924839001199951,0.0,0.0
20.0,1.4899831509728958,0.0,0.0
20.0,1.5322095881148077,0.0,0.0
20.0,1.561413953630868,0.0,0.0
20.0,1.6154235886686041,0.0,0.0
20.0,1.6978055167254207,0.0,0.0
20.0,1.778074014572485,0.0,0.0
20.0,1.8433572875313338,0.0,0.0
20.0,1.8636228930051826,0.0,0.0
20.0,1.8702583039726837,0.0,0.0
20.0,1.8748764817452725,0.0,0.0
20.0,1.8767864990940708,0.0,0.0
20.0,1.866625895756127,0.0,0.033106200341530195
20.0,1.7071587937596713,0.0,0.5296991275075832
20.0,1.4533316728042862,0.0,1.1476814819115468
20.0,1.06090357461692,0.0,2.0636197076015694
20.0,0.7527585269556343,0.0,2.3737099670253405
20.0,0.5022960711545683,0.0,2.485884450781846
20.0,0.4080939966049805,0.0,2.1095297679369875
20.0,0.19581671682567198,0.0,2.221109120811127
20.0,0.08075648801783648,0.0,1.9770197147328423
20.0,0.15842873394306578,0.0,1.2690708994048447
20.0,0.3276553014063312,0.0,0.7173009261947166
20.0,0.5939972126690797,0.0,0.1544955788563784
20.0,0.8095272176778638,0.0,0.0
20.0,0.9814863051918655,0.0,0.0
20.0,1.1535121994400106,0.0,0.0
20.0,1.3305584788308624,0.0,0.0
20.0,1.5127322985679428,0.0,0.0
20.0,1.6983359451927391,0.0,0.0
20.0,1.8679949815665087,0.0,0.0
20.0,1.994080732821587,0.0,0.0
20.0,2.073932558538703,0.0,0.0
20.0,2.13047622493372,0.0,0.0
20.0,2.1799275652159205,0.0,0.0
20.0,2.2409223451534896,0.0,0.0
20.0,2.2971002490269004,0.0,0.05517699732101282
20.0,1.8545746482742187,0.0,1.7951449258365628
20.0,1.5988143843165823,0.0,2.325279293707748
20.0,1.478969370249688,0.0,2.380682378807223
20.0,1.2799281656166164,0.0,2.7627340819067228
20.0,1.2786508675680186,0.0,2.299622940180188
20.0,1.271492873515963,0.0,2.046458268856426
20.0,1.1069701364064448,0.0,2.245515698398758
20.0,1.061882008954724,0.0,1.9032179044509652
20.0,1.1596358486192508,0.0,1.2470000537022998
20.0,1.3409475036139822,0.0,0.6952300804921716
20.0,1.5972338908240473,0.0,0.12138938825946072
20.0,1.760713169503627,0.0,0.0
20.0,1.8507368125140218,0.0,0.0
20.0,1.9114501454933068,0.0,0.0
20.0,1.9613975835822441,0.0,0.0
20.0,2.019344342716415,0.0,0.0
20.0,2.1022252589976174,0.0,0.0
20.0,2.18677426451054,0.0,0.0
20.0,2.2790067098337343,0.0,0.0
20.0,2.367293308382197,0.0,0.0
20.0,2.4874915826719937,0.0,0.0
20.0,2.6266623398266207,0.0,0.0
20.0,2.771066368360189,0.0,0.0
20.0,2.900319430437691,0.0,0.03310619546922395
20.0,0.9302465795781366,0.0,7.130425682575047
20.00712083357134,0.0,0.0,7.773594198322365
20.144186244947857,0.0,0.0,6.495464356233489
20.1799948320943,0.0,0.0,4.289150700630909
20.042929420717783,0.1565656903592349,0.0,1.9613191617179206
20.039777726732133,0.0,0.0,2.0440366770856495
20.424811386947333,0.0,0.0,3.6428421612303565
21.118581522513345,0.0,0.0,5.743693812458052
21.649264078462515,0.0,0.0,6.169138821128601
22.033336071986064,0.0,0.0,6.772632612982897
21.65547971952151,0.0,0.0,1.9866634332841862
20.85928165040965,0.0,0.0,0.0
20.487353338697282,0.0,0.0,0.0
20.233977478661537,0.0,0.0,0.0
20.06804592667409,0.033409637679797016,0.0,0.0
20.0,0.2127898697082936,0.0,0.0
20.0,0.4447897288917334,0.0,0.0
20.0,0.6565321943777477,0.0,0.0
20.0,0.8538496861781782,0.0,0.0
20.0,1.027137333274966,0.0,0.0
20.0,1.1623978404690247,0.0,0.0
20.0,1.2645835329754076,0.0,0.0
20.0,1.327775232274669,0.0,0.0
20.0,1.3503028250485576,0.0,0.03310619546922395
20.0,1.1626513153536346,0.0,0.5296991275075832
20.0,0.907412366169867,0.0,1.1035399464202564
20.0,0.5598088866765627,0.0,1.6815100212302028
20.0,0.10645309462068124,0.0,2.1986040169876424
20.06974747558459,0.0,0.0,1.8597328423858648
20.242026569615604,0.0,0.0,1.7388439854064348
20.472566782308615,0.0,0.0,1.9753363247913887
20.63385578432451,0.0,0.0,1.6553098416734846
20.679935894565816,0.0,0.0,1.2028585182110099
20.662990882657336,0.0,0.0,0.6510885450008812
20.57153443460853,0.0,0.0,0.09931858153536557
20.489518351038164,0.0,0.0,0.0
20.44718626259313,0.0,0.0,0.0
20.405456304475464,0.0,0.0,0.0
20.356657505535324,0.0,0.0,0.0
20.277844584333547,0.0,0.0,0.0
20.173610368908793,0.0,0.0,0.0
20.059546247660176,0.0018412536419944244,0.0,0.0
20.0,0.11744537739581169,0.0,0.0
20.0,0.2616775901296286,0.0,0.0
20.0,0.4074995079278273,0.0,0.0
20.0,0.584318307980874,0.0,0.0
20.0,0.8075836205119816,0.0,0.0
20.0,1.0239858684166878,0.0,0.03310619546922395
20.0,1.065463701217547,0.0,0.5186637826132106
20.0,0.9871079760375061,0.0,1.0704335999095387
20.0,0.8204171746288031,0.0,1.5559911919258316
20.0,0.613014662350688,0.0,1.898088676660081
20.0,0.4107607547683842,0.0,2.0967259761553874
20.0,0.26835877751294496,0.0,2.10776124309286
20.0,0.2588590864378784,0.0,1.9532656350026438
20.0,0.39210744639121303,0.0,1.6332389959709397
20.0,0.6228658274573212,0.0,1.1807876725084643
20.0,0.9206331624105224,0.0,0.6290177382767862
20.0,1.2335828983465842,0.0,0.08828318791793052
20.0,1.4288855588506866,0.0,0.0
20.0,1.5593364977593025,0.0,0.0
20.0,1.6660484308170755,0.0,0.0
20.0,1.7800689461568981,0.0,0.0
20.0,1.9321062132530804,0.0,0.0
20.0,2.1265629287615186,0.0,0.0
20.0,2.320834533626855,0.0,0.0
20.0,2.483626419626445,0.0,0.0
20.0,2.6063109906397015,0.0,0.0
20.0,2.695801604852071,0.0,0.0
20.0,2.769433955796428,0.0,0.0
20.0,2.8136058827719213,0.0,0.0
20.0,2.8373954060508466,0.0,0.02207079697948263
20.0,2.7270987154665716,0.0,0.45245136244092515
20.0,2.508015438788902,0.0,1.0593982550151664
20.0,2.2751210415259426,0.0,1.5339205021370865
20.0,2.0692350370567634,0.0,1.8760178309575357
20.0,1.8934935526417556,0.0,2.0746551304528422
20.0,1.76639536671047,0.0,2.085690397390315
20.0,1.5930175429148625,0.0,2.204758346955092
20.0,1.3736261190373382,0.0,2.4575925193375134
20.0,1.270752144147983,0.0,2.36675242008629
20.0,0.06860907716516522,0.0,6.498324351128413
20.0,1.5721406166292016,0.0,0.0662123909384479
20.0,2.084264339647836,0.0,0.0
20.0,2.42419088646662,0.0,0.0
20.0,2.635524948090921,0.0,0.0
20.0,2.779768844478054,0.0,0.0
20.0,2.8861041951152013,0.0,0.0
20.0,2.9763080324158446,0.0,0.0
20.0,3.058067314896212,0.0,0.0
20.0,3.1332886871509413,0.0,0.0
20.0,3.203541552779093,0.0,0.0
20.0,3.2581962777997977,0.0,0.0
20.0,3.254722051707892,0.0,0.0
20.0,3.2207862576556767,0.0,0.0
20.0,3.168043650965329,0.0,0.02207079697948263
20.0,2.980835694145046,0.0,0.48555755303784287
20.0,2.7415080152541487,0.0,1.0373275652264211
20.0,2.4965447119640642,0.0,1.5118496564345412
20.0,2.299858545013477,0.0,1.8649822521924635
20.0,2.1456151999978545,0.0,2.052584284750297
20.0,2.040401113182848,0.0,2.0636197076015694
20.0,1.9570578258983973,0.0,1.9091239435975538
20.0,1.9221148101766206,0.0,1.5890973045658492
20.0,1.9633139357527398,0.0,1.136646059060274
20.0,2.1365375752380915,0.0,0.5848761248285961
20.0,2.4097205081228292,0.0,0.0662123909384479
20.0,2.5944350195886363,0.0,0.0
20.0,2.735655758610333,0.0,0.0
20.0,2.840143509796132,0.0,0.0
20.0,2.9295513943362796,0.0,0.0
20.0,3.0194732521372987,0.0,0.0
20.0,3.1115366578018193,0.0,0.0
20.0,3.1933338734798515,0.0,0.0
20.0,3.2472431004224847,0.0,0.0
20.0,3.2713324447556964,0.0,0.0
20.0,3.3031765280087546,0.0,0.0
20.0,3.3849034798387905,0.0,0.0
20.0,3.489326960207408,0.0,0.0
20.0,3.5831522332941756,0.0,0.011035398489741315
20.0,3.462925605611971,0.0,0.45245136244092515
20.0,2.947277850161926,0.0,1.7728859710939968
20.0,2.750325189017312,0.0,1.5118496564345412
20.0,2.4604478789964923,0.0,1.8429117183175185
20.0,2.229703105249751,0.0,2.0305134390477524
20.0,2.045306592841993,0.0,2.0415488618990243
20.0,1.9077221701637044,0.0,1.8609754025374305
20.0,1.2759558194603757,0.0,3.41676306575081
20.0,0.03449330093176589,0.0,6.59433835655361
20.0,1.1238294135650764,0.0,1.0712800410457404
20.0,1.704996257230911,0.0,0.05517699732101282
20.0,2.034747328136938,0.0,0.0
20.0,2.2857103946348154,0.0,0.0
20.0,2.491678947019787,0.0,0.0
20.0,2.6456678718822433,0.0,0.0
20.0,2.703948855983245,0.0,0.0
20.0,2.704329976612547,0.0,0.0
20.0,2.689643045445983,0.0,0.0
20.0,2.6979155917878317,0.0,0.0
20.0,2.759816760195293,0.0,0.0
20.0,2.8423136077845346,0.0,0.0
20.0,2.9283308623041617,0.0,0.0
20.0,3.012006337870294,0.0,0.0
20.0,3.070710376900073,0.0,0.011035399707817879
20.0,3.0429807272862184,0.0,0.25381417988096905
20.0,2.9486120105614586,0.0,0.5738407409557734
20.0,2.845226286058007,0.0,0.838690343688015
20.0,2.5776298808727813,0.0,1.6222037290334672
20.0,2.3579839661304547,0.0,2.008442749259007
20.0,2.289330891237138,0.0,1.7987700269124283
20.0,2.371890776729965,0.0,1.0593982550151664
20.0,2.369096116868119,0.0,0.8828319571362051
20.0,2.4031198493893076,0.0,0.6290177382767862
20.0,2.4888667232158332,0.0,0.48555755303784287
20.0,2.7365180271791503,0.0,0.04414159395896526
20.0,2.9119870652177715,0.0,0.0
20.0,3.038854311667043,0.0,0.0
20.0,3.120269244943386,0.0,0.0
20.0,3.202028470110745,0.0,0.0
20.0,3.3477637087138366,0.0,0.0
20.0,3.547388383252813,0.0,0.0
20.0,3.758219003656502,0.0,0.0
20.0,3.9444041061693134,0.0,0.0
20.0,4.065666922560501,0.0,0.0
20.0,4.153364617415953,0.0,0.0
20.0,4.2350832598619705,0.0,0.0
20.0,4.316596978602788,0.0,0.0
20.0,4.392221983398372,0.0,0.0
20.0,4.3785396192566655,0.0,0.24282508291752591
20.0,4.302293824204639,0.0,0.5629126647558111
20.0,4.1956309837285595,0.0,0.8278128615161578
20.0,4.048922112737661,0.0,1.0264878141941676
20.0,3.892231818297287,0.0,1.1258253295116223
20.0,3.7396406527756416,0.0,1.136862857199195
20.0,3.4372144902310455,0.0,1.6445879614740426
20.0,3.265718014271487,0.0,1.5231755466952424
20.0,3.2922641048780332,0.0,0.9602627260256309
20.0,3.4904648848221487,0.0,0.29801260442003974
20.0,3.7009567133121246,0.0,0.022075006652083038
20.0,3.8582756113990033,0.0,0.0
20.0,3.9852624428232555,0.0,0.0
20.0,4.051299608680048,0.0,0.0
20.0,4.110017956087063,0.0,0.0
20.0,4.182687034043282,0.0,0.0
20.0,4.274239318914438,0.0,0.0
20.0,4.372983240304246,0.0,0.0
20.0,4.465737945263609,0.0,0.0
20.0,4.542423222549058,0.0,0.0
20.0,4.616853670297795,0.0,0.0
20.0,4.6640968551889985,0.0,0.0
20.0,4.70974965039829,0.0,0.0
20.0,4.742140837908382,0.0,0.0
20.0,4.601997570319484,0.0,0.4414627527081071
20.0,4.222221769648111,0.0,1.4633090191931484
20.0,3.6039216121550592,0.0,2.876498824010089
20.0,3.4873085616441757,0.0,2.08717002529067
20.0,3.372528363044799,0.0,1.796551983753437
20.0,3.165929968312121,0.0,1.935327455782201
20.0,2.719551341813874,0.0,2.765296132350828
20.0,2.0024394964501533,0.0,4.415364937820375
20.0,1.640878330852243,0.0,4.501685793173372
20.0,1.3427338841782492,0.0,4.799045712945261
20.0,2.5814490711984317,0.0,0.022073135686482854
20.0,3.009597106783856,0.0,0.0
20.0,3.304418265141907,0.0,0.0
20.0,3.54148303426613,0.0,0.0
20.0,3.7510809303454153,0.0,0.0
20.0,3.9450083851048996,0.0,0.0
20.0,4.118912237261765,0.0,0.0
20.0,4.28375954092511,0.0,0.0
20.0,4.422177632338652,0.0,0.0
20.0,4.536166199287092,0.0,0.0
20.0,4.629196918688475,0.0,0.0
20.0,4.681513802773277,0.0,0.0
20.0,4.715615331440163,0.0,0.0
20.0,4.723973631057905,0.0,0.0
20.0,4.639846108863178,0.0,0.22070798928405128
20.0,4.462344939583668,0.0,0.5407345503588555
20.0,4.279903970324141,0.0,0.8055840751341973
20.0,3.946825534745682,0.0,1.5670266147771041
20.0,3.6550712163770043,0.0,1.9422302121513715
20.0,3.4407243039553252,0.0,1.9532656350026438
20.0,3.135862076587501,0.0,2.1474967950721315
20.0,3.069378871904862,0.0,1.462485904774849
20.0,2.9577765993146263,0.0,1.2433317853126478
20.0,3.0845673736673134,0.0,0.5296991275075832
20.0,3.3253295333811788,0.0,0.02207079697948263
20.0,3.5042886779720317,0.0,0.0
20.0,3.6659135797388687,0.0,0.0
20.0,3.8118162487454454,0.0,0.0
20.0,3.903592339123926,0.0,0.0
20.0,3.9251049837445793,0.0,0.0
20.0,3.9032849021357516,0.0,0.0
20.0,3.8755642612997083,0.0,0.0
20.0,3.8809757615720857,0.0,0.0
20.0,3.954528089260348,0.0,0.0
20.0,4.03580158165454,0.0,0.0
20.0,4.087028224993119,0.0,0.0
20.0,4.091262385450787,0.0,0.0
20.0,4.078469261911296,0.0,0.0
20.0,4.006698303795047,0.0,0.20967258592200375
20.0,3.8745001175209626,0.0,0.5296991275075832
20.0,3.7260171179550037,0.0,0.7945486522829246
20.0,3.406501671648657,0.0,1.5559911919258316
20.0,3.1202739441323906,0.0,1.9201593664488263
20.0,3.0111662164160466,0.0,1.7215222228673202
20.0,3.1493713643704377,0.0,1.0042213746295034
20.0,3.1178500725104823,0.0,1.3021770900017624
20.0,3.2178296869332956,0.0,1.0042213746295034
20.0,3.3974443753743815,0.0,0.47452216916502027
20.0,3.563760002246458,0.0,0.011035398489741315
20.0,3.621773331880977,0.0,0.0
20.0,3.6632047173994455,0.0,0.0
20.0,3.7229042378760235,0.0,0.0
20.0,3.778836334340974,0.0,0.0
20.0,3.8285543967677547,0.0,0.0
20.0,3.853296153322889,0.0,0.0
20.0,3.855890657676565,0.0,0.0
20.0,3.8443158703568283,0.0,0.0
20.0,3.815464477827053,0.0,0.0
20.0,3.7893353027082934,0.0,0.0
20.0,3.8104804752413797,0.0,0.0
20.0,3.855026469567003,0.0,0.0
20.0,3.9057413328341823,0.0,0.0
20.0,3.8842244583120427,0.0,0.19863716307073115
20.0,3.7961112725013746,0.0,0.5186637826132106
20.0,3.694593440264693,0.0,0.7835133073885521
20.0,3.437391215506804,0.0,1.5339205021370865
20.0,3.2477111221563244,0.0,1.898088676660081
20.0,3.2149776514254014,0.0,1.7104869559298472
20.0,3.359339119646441,0.0,0.9931859517782307
20.0,3.4063924491584636,0.0,0.8166194979854698
20.0,3.478300917479638,0.0,0.5628053181045007
20.0,3.5510117993129984,0.0,0.3972743261414623
20.0,3.713900983650148,0.0,0.011035398489741315
20.0,3.80039350215002,0.0,0.0
20.0,3.862249728395772,0.0,0.0
20.0,3.9053697570002583,0.0,0.0
20.0,3.938195303114747,0.0,0.0
20.0,3.9674191861249715,0.0,0.0
20.0,4.000658695296144,0.0,0.0
20.0,4.03227033020057,0.0,0.0
20.0,4.055898123354539,0.0,0.0
20.0,4.075051382132442,0.0,0.0
20.0,4.073248310796108,0.0,0.0
20.0,4.0657278540994675,0.0,0.0
20.0,4.059864676791662,0.0,0.0
20.0,4.0645751977006634,0.0,0.0
20.0,4.039723139992154,0.0,0.1876017791979086
20.0,3.9663079586675387,0.0,0.5076283597619381
20.0,3.8796579698177487,0.0,0.7724779624941794
20.0,3.6172742630708186,0.0,1.5118496564345412
20.0,3.3600568283295353,0.0,1.8760178309575357
20.0,3.189788316390574,0.0,1.8870530978950086
20.0,3.08976465357343,0.0,1.732557801632393
20.0,3.067922915946878,0.0,1.4125310066868884
20.0,3.1384121374941847,0.0,0.9600796832244132
20.0,3.296082120654561,0.0,0.43038055571683004
20.0,3.4836358472186273,0.0,0.011035398489741315
20.0,3.6023049753938134,0.0,0.0
20.0,3.714981097132873,0.0,0.0
20.0,3.84292061384245,0.0,0.0
20.0,3.97446326442235,0.0,0.0
20.0,4.102431189060338,0.0,0.0
20.0,4.230448486927724,0.0,0.0
20.0,4.354181580745879,0.0,0.0
20.0,4.481013330433448,0.0,0.0
20.0,4.596537025040962,0.0,0.0
20.0,4.705633676203999,0.0,0.0
20.0,4.7967723366341755,0.0,0.0
20.0,4.870081687295961,0.0,0.0
20.0,4.923342218288647,0.0,0.0
20.0,4.862400088517865,0.0,0.32002656107480437
20.0,4.674668429505092,0.0,0.8828319571362051
20.0,4.409397817615035,0.0,1.3573540483443256
20.0,4.0633989140779,0.0,1.67738068737603
20.0,3.699264729860127,0.0,1.8539471411687907
20.0,3.4481497705807604,0.0,1.6663451086109575
20.0,3.3457477748145656,0.0,1.5228850792858142
20.0,3.3666151509116027,0.0,1.3904601609843432
20.0,3.543524122891152,0.0,0.9380089154787679
20.0,3.789024893859209,0.0,0.4083097489927349
20.0,3.985776374303111,0.0,0.0
20.0,4.058424109536686,0.0,0.0
20.0,4.100712742900496,0.0,0.0
20.0,4.119864612252252,0.0,0.0
20.0,4.137672477900988,0.0,0.0
20.0,4.183142903135004,0.0,0.0
20.0,4.25178595898103,0.0,0.0
20.0,4.355431989808955,0.0,0.0
20.0,4.499606770443878,0.0,0.0
20.0,4.669371206205639,0.0,0.0
20.0,4.848890836375374,0.0,0.0
20.0,5.014273646625022,0.0,0.0
20.0,5.140591135094672,0.0,0.0
20.0,5.214976854958359,0.0,0.0
20.0,4.243536572915489,0.0,3.431026746673917
20.0,3.380549098016741,0.0,4.987123562787203
20.0,3.7707990054579485,0.0,1.986420038105421
20.0,3.859180417725252,0.0,1.4787435437945238
20.0,3.9228280996941693,0.0,1.0373275652264211
20.0,3.859353380463346,0.0,1.0483629880776937
20.0,3.636117290451794,0.0,1.5118496564345412
20.0,3.5441907845642384,0.0,1.368389471195598
20.0,3.6029963544548083,0.0,0.9269735705843953
20.0,3.7908619428852233,0.0,0.3862389812470897
20.0,4.022220488820676,0.0,0.0
20.0,4.167912891656242,0.0,0.0
20.0,4.256111782339229,0.0,0.0
20.0,4.281122133090054,0.0,0.0
20.0,4.295160764475141,0.0,0.0
20.0,4.3255892541371015,0.0,0.0
20.0,4.388133430711589,0.0,0.0
20.0,4.457104493328144,0.0,0.0
20.0,4.505748830098058,0.0,0.0
20.0,4.533506870575318,0.0,0.0
20.0,4.566933131159668,0.0,0.0
20.0,4.633633478125331,0.0,0.0
20.0,4.721126599006037,0.0,0.0
20.0,4.810505452967457,0.0,0.0
20.0,4.803290159255306,0.0,0.16553099196303844
20.0,4.682102163962109,0.0,0.48555755303784287
20.0,4.5432893160360255,0.0,0.7393717718972619
20.0,4.421621979795195,0.0,0.9269735705843953
20.0,4.331292139672425,0.0,1.0262921423751485
20.0,4.264172542045837,0.0,1.0373275652264211
20.0,4.066736927552968,0.0,1.4897789666457963
20.0,3.969179779648305,0.0,1.3463186254930526
20.0,4.011417644977821,0.0,0.8166194979854698
20.0,4.124575579872625,0.0,0.3310619839260769
20.0,4.280050288579651,0.0,0.0
20.0,4.387483909956039,0.0,0.0
20.0,4.485535982017503,0.0,0.0
20.0,4.582409121786631,0.0,0.0
20.0,4.688408564642054,0.0,0.0
20.0,4.788870351701747,0.0,0.0
20.0,4.893089057404011,0.0,0.0
20.0,5.00871561371275,0.0,0.0
20.0,5.12971613596318,0.0,0.0
20.0,5.2560463392920385,0.0,0.0
20.0,5.391220836346418,0.0,0.0
20.0,5.55156798500351,0.0,0.0
20.0,5.721647077707757,0.0,0.0
20.0,5.884306414905359,0.0,0.0
20.0,5.384016314905611,0.0,2.1717085371051894
20.0,4.116436622080695,0.0,6.165508602386977
20.0,3.5837166100089233,0.0,5.952779110947256
20.0,3.5705598721091034,0.0,3.8895816710073867
20.0,3.649406364091402,0.0,1.942094258946432
20.0,3.3120800828192376,0.0,1.8092314174292938
20.0,2.385347005965159,0.0,3.5789855907259964
20.0,1.386778903814225,0.0,5.634275890089498
20.0,1.105489494347146,0.0,5.120128498453105
20.0,1.0627550761991813,0.0,4.59505154369583
20.0,2.3886142328639672,0.0,0.0
20.0,2.8467657550315604,0.0,0.0
20.0,3.1495632820100905,0.0,0.0
20.0,3.3572527820741462,0.0,0.0
20.0,3.53930345148891,0.0,0.0
20.0,3.737040991567903,0.0,0.0
20.0,3.940642652386102,0.0,0.0
20.0,4.144435888475944,0.0,0.0
20.0,4.334776518424131,0.0,0.0
20.0,4.501006598966309,0.0,0.0
20.0,4.668818272630346,0.0,0.0
20.0,4.865701522854959,0.0,0.0
20.0,5.0770057298062685,0.0,0.0
20.0,5.261895952166718,0.0,0.0
20.0,4.2221991705245125,0.0,3.897927888455751
20.0,2.9938736844264997,0.0,6.676835473301253
20.0,2.596197024846697,0.0,5.829890219361387
20.0,2.6791906770701703,0.0,3.81109724263564
20.0,2.9609867333447943,0.0,1.9257239847558558
20.0,2.8468102179322723,0.0,1.79388313973958
20.0,2.1140509741805,0.0,3.503099015223577
20.0,1.199206387155298,0.0,5.594448494247069
20.0,0.5174264685435386,0.0,6.604481958220675
20.0,0.7951233496334559,0.0,4.5618072594766
20.0,2.2186146810320335,0.0,0.0
20.0,2.787536276803973,0.0,0.0
20.0,3.213086922977891,0.0,0.0
20.0,3.5704649579132415,0.0,0.0
20.0,3.8709516678551634,0.0,0.0
20.0,4.129132584531673,0.0,0.0
20.0,4.34914760225902,0.0,0.0
20.0,4.5513263106210875,0.0,0.0
20.0,4.757351776317309,0.0,0.0
20.0,4.967686829691196,0.0,0.0
20.0,5.16282922018388,0.0,0.0
20.0,5.3205271143514095,0.0,0.0
20.0,5.456213035593731,0.0,0.0
20.0,5.564611164127321,0.0,0.0
20.0,5.340305770381165,0.0,1.1024318893094154
20.0,5.064819916958149,0.0,1.7817072117803838
20.0,4.955711058784526,0.0,1.8716976866714958
20.0,4.818547156280774,0.0,1.9686496676896614
20.0,4.71138405672745,0.0,1.7949094408125055
20.0,4.529035318031561,0.0,1.767826402288859
20.0,3.6266766834837147,0.0,3.683891441086025
20.0,2.817862076281793,0.0,4.64894426043797
20.0,1.8456664329646526,0.0,6.1256924774915635
20.0,2.016083588885772,0.0,3.9682913734715997
20.0,3.2285381092143344,0.0,0.0
20.0,3.72006785534585,0.0,0.0
20.0,4.07945089907742,0.0,0.0
20.0,4.33821090300177,0.0,0.0
20.0,4.5581081347648436,0.0,0.0
20.0,4.768507403372908,0.0,0.0
20.0,4.984064577311429,0.0,0.0
20.0,5.197766719024448,0.0,0.0
20.0,5.368780924349153,0.0,0.0
20.0,5.513664964710882,0.0,0.0
20.0,5.637327146112106,0.0,0.0
20.0,5.731849208321695,0.0,0.0
20.0,5.821131987659763,0.0,0.0
20.0,5.919807630588887,0.0,0.0
20.0,5.7979133722964455,0.0,0.8311767405050244
20.0,5.5316688909316145,0.0,1.7276737436920337
20.0,5.403811667231162,0.0,1.9220615316696683
20.0,5.217981427527355,0.0,1.934447496062648
20.0,4.9818832484657305,0.0,1.7679585482974884
20.0,4.638159567322767,0.0,1.7001174534498427
20.0,3.5980721727303173,0.0,3.468110235527839
20.0,2.433800602070607,0.0,5.091564076870243
20.0,1.4386127024182336,0.0,5.948773923763363
20.0,1.9793119741757985,0.0,2.2507053713274714
20.0,2.7685796875679727,0.0,0.0
20.0,3.128624178123573,0.0,0.0
20.0,3.3674791429994366,0.0,0.0
20.0,3.495748457906844,0.0,0.0
20.0,3.5498832343167788,0.0,0.0
20.0,3.5537888496245835,0.0,0.0
20.0,3.5507417080835553,0.0,0.0
20.0,3.5617789962026043,0.0,0.0
20.0,3.6224301852399847,0.0,0.0
20.0,3.7214182283414265,0.0,0.0
20.0,3.830067784411933,0.0,0.0
20.0,3.934357533835582,0.0,0.0
20.0,4.0013650609042815,0.0,0.0
20.0,4.057330536714022,0.0,0.0
20.0,4.044131799927976,0.0,0.24277877651892144
20.0,3.8721816132475375,0.0,0.7835133073885521
20.0,3.4800963566926493,0.0,1.7140409837801522
20.0,3.12724316106228,0.0,1.6551464532370768
20.0,2.4933687351152343,0.0,2.2470537896778775
20.0,2.0513411645427384,0.0,1.900763011027057
20.0,1.709170877251939,0.0,1.5107251588135366
20.0,1.4338247973942795,0.0,1.5707188357960729
20.0,1.4673164810753385,0.0,0.8717965342849326
20.0,1.6372614819353881,0.0,0.2979557738399342
20.0,1.8147557351805232,0.0,0.0
20.0,1.9431097278189229,0.0,0.0
20.0,2.0599887960353467,0.0,0.0
20.0,2.1450112510389507,0.0,0.0
20.0,2.197173952726678,0.0,0.0
20.0,2.216647047315014,0.0,0.0
20.0,2.2056128371103436,0.0,0.0
20.0,2.194419587379089,0.0,0.0
20.0,2.204157508198857,0.0,0.0
20.0,2.2540288542608886,0.0,0.0
20.0,2.3743385456015917,0.0,0.0
20.0,2.559375166073563,0.0,0.0
20.0,2.7611177360405983,0.0,0.0
20.0,2.915161508244637,0.0,0.0
20.0,2.4711192457778246,0.0,1.4156079303972886
20.0,1.1676417264813306,0.0,4.685099552522452
20.0,0.6091884824518639,0.0,4.296646203924281
20.0,1.0133169284839418,0.0,1.5339205021370865
20.0,1.030357809335999,0.0,1.6884161102273025
20.0,1.132360895304567,0.0,1.5228850792858142
20.0,1.238569484539791,0.0,1.3794248940468705
20.0,1.3456770241874134,0.0,1.224929207999755
20.0,1.5431195818481258,0.0,0.8055840751341973
20.0,1.816428411081506,0.0,0.2758849866050641
20.0,2.065894970902534,0.0,0.0
20.0,2.253818681035045,0.0,0.0
20.0,2.424564114262062,0.0,0.0
20.0,2.578607245816141,0.0,0.0
20.0,2.709475555686804,0.0,0.0
20.0,2.8008074507553506,0.0,0.0
20.0,2.888979303864908,0.0,0.0
20.0,3.000598887690996,0.0,0.0
20.0,3.200722516660939,0.0,0.0
20.0,3.4445849848097954,0.0,0.0
20.0,3.685087887736873,0.0,0.0
20.0,3.842522206048824,0.0,0.0
20.0,3.884413719375944,0.0,0.0
20.0,3.909326961027594,0.0,0.0
20.0,3.9304696948378592,0.0,0.16553099196303844
20.0,3.047389104274577,0.0,3.4649985584526544
20.0,2.46408855615592,0.0,4.3646908689192685
20.0,2.5925244646864223,0.0,2.276028151794832
20.0,2.3737477667902485,0.0,1.9169597402488274
20.0,2.0381328132688212,0.0,1.8318762954662458
20.0,1.834397543644542,0.0,1.582083196587212
20.0,1.034651679456195,0.0,4.01135076509485
20.0,0.8191753665409407,0.0,3.9129820737870364
20.0,1.7920009217747106,0.0,0.24277877651892144
20.0,2.201086011473833,0.0,0.0
20.0,2.466752894055139,0.0,0.0
20.0,2.6804255672340513,0.0,0.0
20.0,2.85358417051457,0.0,0.0
20.0,2.991758192827191,0.0,0.0
20.0,3.0867997597097725,0.0,0.0
20.0,3.13936991590017,0.0,0.0
20.0,3.1592849592253813,0.0,0.0
20.0,3.1562277041087103,0.0,0.0
20.0,3.139085132741796,0.0,0.0
20.0,3.1447777505217447,0.0,0.0
20.0,3.211135660259711,0.0,0.0
20.0,3.3127508061386877,0.0,0.0
20.0,3.404735453412407,0.0,0.0
20.0,3.362706495876345,0.0,0.14346018523894336
20.0,3.098548985395076,0.0,0.6952300804921716
20.0,2.8366078394273626,0.0,1.0262921423751485
20.0,2.755717042941857,0.0,0.838690343688015
20.0,2.695597662729471,0.0,0.9380089154787679
20.0,2.67041461047195,0.0,0.9490443383300405
20.0,2.531497320690056,0.0,1.3463186254930526
20.0,2.4523156513673166,0.0,1.1918230953597369
20.0,2.464903212708046,0.0,0.7614425396429071
20.0,2.585581577984283,0.0,0.23174339264609883
20.0,2.727419800128757,0.0,0.0
20.0,2.839239857784802,0.0,0.0
20.0,2.9216875154650346,0.0,0.0
20.0,2.983053305838435,0.0,0.0
20.0,3.037599264299529,0.0,0.0
20.0,3.0914844290467425,0.0,0.0
20.0,3.1937561944205823,0.0,0.0
20.0,3.3416977366791816,0.0,0.0
20.0,3.523729953423551,0.0,0.0
20.0,3.720276823771152,0.0,0.0
20.0,3.9107297964501377,0.0,0.0
20.0,4.0643052369644925,0.0,0.0
20.0,4.161482223836744,0.0,0.0
20.0,4.257349616978131,0.0,0.0
20.0,3.624125010415187,0.0,2.5623075511496904
20.0,2.503595227955318,0.0,5.993028836633783
20.0,2.202928271646985,0.0,5.288412240333562
20.0,2.153150760729582,0.0,3.6452727268247083
20.0,2.2826716036605164,0.0,1.6283292633884718
20.0,1.9624021767293907,0.0,1.5531549330619372
20.0,1.0400598246888046,0.0,3.5301427763170987
20.0,0.5360201064214764,0.0,4.209313362363064
20.0,0.08697525651997744,0.0,5.052434009716606
20.0,0.6605414213323901,0.0,2.5642701486451878
20.0,1.5844138045903269,0.0,0.0
20.0,2.003674350764575,0.0,0.0
20.0,2.3774513301438533,0.0,0.0
20.0,2.721334870784453,0.0,0.0
20.0,3.0192160257027396,0.0,0.0
20.0,3.2380813658286205,0.0,0.0
20.0,3.3484013636106584,0.0,0.0
20.0,3.4246146279773932,0.0,0.0
20.0,3.5033226034964415,0.0,0.0
20.0,3.6148621289992295,0.0,0.0
20.0,3.763214252501768,0.0,0.0
20.0,3.918289037701017,0.0,0.0
20.0,4.061767930077872,0.0,0.0
20.0,4.143027404677066,0.0,0.0
20.0,4.056764413794501,0.0,0.14346018523894336
20.0,3.6735177603829405,0.0,0.6621239678521538
20.0,3.232878151316682,0.0,1.1035399464202564
20.0,2.769660178145552,0.0,1.4346018523894333
20.0,2.451757561557105,0.0,1.3363063288740047
20.0,2.184071858941752,0.0,1.4719586199946
20.0,2.0520476596857202,0.0,1.6081999616685048
20.0,2.231388989856261,0.0,1.1697522496571922
20.0,2.5170781589847238,0.0,0.6510885450008812
20.0,2.824634719658845,0.0,0.17656637583586104
20.0,2.9913642706127734,0.0,0.0
20.0,3.0747870078969326,0.0,0.0
20.0,3.1528369442329693,0.0,0.0
20.0,3.2280584845719162,0.0,0.0
20.0,3.2991859497634706,0.0,0.0
20.0,3.365604766411812,0.0,0.0
20.0,3.39413540859904,0.0,0.0
20.0,3.415407287269942,0.0,0.0
20.0,3.439399612137131,0.0,0.0
20.0,3.482289224369387,0.0,0.0
20.0,3.55832998973163,0.0,0.0
20.0,3.6766547145811797,0.0,0.0
20.0,3.841716209434081,0.0,0.0
20.0,4.011091243241544,0.0,0.0
20.0,4.080881102589815,0.0,0.14346017549433082
20.0,3.1961444849645746,0.0,3.3362846643397246
20.0,2.441703739363139,0.0,4.726428107614544
20.0,2.3765048235623625,0.0,3.351724120843111
20.0,2.5895854576389925,0.0,1.8269097632007698
20.0,2.524562317576759,0.0,1.706847081402462
20.0,2.11357263116706,0.0,2.5982852233315348
20.0,1.1228185357990474,0.0,5.407796327433597
20.0,0.6147199962003893,0.0,5.923487732018103
20.0,1.3719884423357223,0.0,2.6337829714029946
20.0,2.415819795178023,0.0,0.0
20.0,2.9228171973010144,0.0,0.0
20.0,3.3110649459706067,0.0,0.0
20.0,3.614898681408182,0.0,0.0
20.0,3.875304137085744,0.0,0.0
20.0,4.094397492849295,0.0,0.0
20.0,4.267790379828212,0.0,0.0
20.0,4.401438009483706,0.0,0.0
20.0,4.481659964941856,0.0,0.0
20.0,4.513855626831104,0.0,0.0
20.0,4.518441650834801,0.0,0.0
20.0,4.508459483075268,0.0,0.0
20.0,4.5140148247662,0.0,0.0
20.0,4.515623242859793,0.0,0.0
20.0,4.4788210021885275,0.0,0.12138938825946072
20.0,4.268063218659615,0.0,0.6400531221496087
20.0,4.0444232650270635,0.0,1.1587169047628192
20.0,3.8944795765512548,0.0,1.3584693989708516
20.0,3.7425365556730767,0.0,1.6001328833309219
20.0,3.7004517607940217,0.0,1.423566429538161
20.0,3.790672078397733,0.0,0.8166194979854698
20.0,3.8092248261601345,0.0,0.6510885450008812
20.0,3.873884902304352,0.0,0.3972743261414623
20.0,4.012230051057518,0.0,0.1544955788563784
20.0,4.187093589700073,0.0,0.0
20.0,4.324822993182008,0.0,0.0
20.0,4.405189536401174,0.0,0.0
20.0,4.401838120910817,0.0,0.0
20.0,4.3699089452715585,0.0,0.0
20.0,4.337609841455051,0.0,0.0
20.0,4.338312019877897,0.0,0.0
20.0,4.369205432897814,0.0,0.0
20.0,4.422717965118677,0.0,0.0
20.0,4.506489540982382,0.0,0.0
20.0,4.593659362654434,0.0,0.0
20.0,4.652625122843068,0.0,0.0
20.0,4.697429082345366,0.0,0.0
20.0,4.725227273492573,0.0,0.0
20.0,4.701596480622239,0.0,0.09931858153536557
20.0,4.545912504567895,0.0,0.6179823154255136
20.0,4.341828063024408,0.0,1.0593982550151664
20.0,4.132875630358193,0.0,1.3794248940468705
20.0,3.9504262209317917,0.0,1.5559911919258316
20.0,3.8619250311206024,0.0,1.4014955838356156
20.0,3.9373026557148925,0.0,0.8055840751341973
20.0,3.9736031905209037,0.0,0.6400531221496087
20.0,4.060011252755479,0.0,0.3862389812470897
20.0,4.182873710097968,0.0,0.14346018523894336
20.0,4.3134319350193335,0.0,0.0
20.0,4.415457374591965,0.0,0.0
20.0,4.5062537486291445,0.0,0.0
20.0,4.57919978515207,0.0,0.0
20.0,4.642182840824348,0.0,0.0
20.0,4.6855686550666,0.0,0.0
20.0,4.707198288872282,0.0,0.0
20.0,4.728660833880785,0.0,0.0
20.0,4.769211667088174,0.0,0.0
20.0,4.840969783722087,0.0,0.0
20.0,4.913920784330443,0.0,0.0
20.0,4.957229586885029,0.0,0.0
20.0,4.979493213161469,0.0,0.0
20.0,4.99714952472641,0.0,0.0
20.0,4.98724030962243,0.0,0.08828318791793052
20.0,4.853305763878848,0.0,0.5959115476798684
20.0,4.723396537506382,0.0,0.9380089154787679
20.0,4.72433686917592,0.0,0.7835133073885521
20.0,4.693047563488322,0.0,0.8828319571362051
20.0,4.68045708152746,0.0,0.8828319571362051
20.0,4.546937087144204,0.0,1.2580354765535724
20.0,4.530818325793928,0.0,1.0925045235689839
20.0,4.648277398678264,0.0,0.5959115476798684
20.0,4.8529589740032115,0.0,0.08828318791793052
20.0,5.003267208247053,0.0,0.0
20.0,5.118666855917674,0.0,0.0
20.0,5.19279236750518,0.0,0.0
20.0,5.244679492967472,0.0,0.0
20.0,5.271277792798235,0.0,0.0
20.0,5.289342111856402,0.0,0.0
20.0,5.302483045588273,0.0,0.0
20.0,5.322953379483321,0.0,0.0
20.0,5.351350512423233,0.0,0.0
20.0,5.387292033889729,0.0,0.0
20.0,5.441381813983915,0.0,0.0
20.0,5.495688308755279,0.0,0.0
20.0,5.570251324915645,0.0,0.0
20.0,5.650220694474669,0.0,0.0
20.0,5.720169294843807,0.0,0.044141598831271514
20.0,5.719020973756503,0.0,0.3310619839260769
20.0,5.692262583102185,0.0,0.5848761248285961
20.0,5.494133366839605,0.0,1.2028585182110099
20.0,5.3091766087558545,0.0,1.5228850792858142
20.0,5.24745787948796,0.0,1.3794248940468705
20.0,5.3750733017405015,0.0,0.7945486522829246
20.0,5.45848586368444,0.0,0.6179823154255136
20.0,5.565416894109649,0.0,0.3752035583958172
20.0,5.673894720628773,0.0,0.12138938825946072
20.0,5.740938946236347,0.0,0.0
20.0,5.772555476366372,0.0,0.0
20.0,5.820723298348191,0.0,0.0
20.0,5.891968359076539,0.0,0.0
20.0,5.96255762372765,0.0,0.0
20.0,6.023998795889678,0.0,0.0
20.0,6.056016824079941,0.0,0.0
20.0,6.085586824519431,0.0,0.0
20.0,6.120103903720172,0.0,0.0
20.0,6.156870387891508,0.0,0.0
20.0,6.1792610410811415,0.0,0.0
20.0,6.179219932544373,0.0,0.0
20.0,6.154672435289459,0.0,0.0
20.0,6.1317480215496065,0.0,0.0
20.0,6.116076247468089,0.0,0.0662123909384479
20.0,5.995128967628827,0.0,0.5628053181045007
20.0,5.86529045667931,0.0,0.9049027248818503
20.0,5.813982846122873,0.0,0.7614425396429071
20.0,5.534851255093599,0.0,1.3463186254930526
20.0,5.275250622768015,0.0,1.5118496564345412
20.0,5.08220195085288,0.0,1.3794248940468705
20.0,4.38738145095677,0.0,3.0743765520734883
20.0,3.3113629999245795,0.0,5.711838971484954
20.0,4.50172072278883,0.0,0.11035399464202564
20.0,4.917264992416846,0.0,0.0
20.0,5.21184844954574,0.0,0.0
20.0,5.443130646995487,0.0,0.0
20.0,5.587569863133645,0.0,0.0
20.0,5.689104846378096,0.0,0.0
20.0,5.75702550970465,0.0,0.0
20.0,5.816354629090363,0.0,0.0
20.0,5.864961723431673,0.0,0.0
20.0,5.907420758955478,0.0,0.0
20.0,5.9516283996959585,0.0,0.0
20.0,6.017640766715065,0.0,0.0
20.0,6.10401446854382,0.0,0.0
20.0,6.203545063385326,0.0,0.0
20.0,6.303705468177998,0.0,0.0
20.0,6.343939262009839,0.0,0.0662123909384479
20.0,6.210338471731941,0.0,0.5517699732101282
20.0,6.000326650698287,0.0,0.9821505289269584
20.0,5.734053718268438,0.0,1.3132125128530354
20.0,5.467932083745109,0.0,1.4897789666457963
20.0,5.2459074311182645,0.0,1.5008142335832688
20.0,5.142468137726101,0.0,1.3463186254930526
20.0,5.159654020948566,0.0,1.0483629880776937
20.0,5.292240136216763,0.0,0.5517699732101282
20.0,5.455012644308534,0.0,0.0662123909384479
20.0,5.51606110145477,0.0,0.0
20.0,5.548985219707149,0.0,0.0
20.0,5.604958661260275,0.0,0.0
20.0,5.67425700975941,0.0,0.0
20.0,5.737480799373669,0.0,0.0
20.0,5.742167764432686,0.0,0.0
20.0,5.716956187754404,0.0,0.0
20.0,5.689720376958858,0.0,0.0
20.0,5.693479594598377,0.0,0.0
20.0,5.745278556716641,0.0,0.0
20.0,5.795542690283158,0.0,0.0
20.0,5.814040192248673,0.0,0.0
20.0,5.785101252441794,0.0,0.0
20.0,5.745799707342683,0.0,0.0
20.0,5.713365266817338,0.0,0.03310619546922395
20.0,5.641374806560586,0.0,0.2979557738399342
20.0,5.547769093618004,0.0,0.5628053181045007
20.0,5.318542234211645,0.0,1.1587169047628192
20.0,5.1024392250353,0.0,1.467708120943251
20.0,4.9491560472039815,0.0,1.4787435437945238
20.0,4.85409587659865,0.0,1.3352832026417805
20.0,4.834233675453814,0.0,1.0262921423751485
20.0,4.8900535493143895,0.0,0.606946931552691
20.0,5.027171461927646,0.0,0.11035399464202564
20.0,5.095387366464428,0.0,0.0
20.0,5.120047308521647,0.0,0.0
20.0,5.12734448035136,0.0,0.0
20.0,5.107482236216117,0.0,0.0
20.0,5.078877788786704,0.0,0.0
20.0,5.046330435028697,0.0,0.0
20.0,5.014714418514251,0.0,0.0
20.0,4.997451904061656,0.0,0.0
20.0,4.98924372001509,0.0,0.0
20.0,5.006766494942825,0.0,0.0
20.0,5.060908105739072,0.0,0.0
20.0,5.15585898639196,0.0,0.0
20.0,5.270124759018589,0.0,0.0
20.0,5.363058915886003,0.0,0.0
20.0,5.351629776357844,0.0,0.05517699732101282
20.0,5.152946357786463,0.0,0.5186637826132106
20.0,4.895181074375182,0.0,0.9490443383300405
20.0,4.648477174524378,0.0,1.2801062442992175
20.0,4.481156247724422,0.0,1.4566726980919789
20.0,4.410640070026889,0.0,1.3132125128530354
20.0,4.356775579027485,0.0,1.1807876725084643
20.0,4.319590581670902,0.0,1.0152567195238762
20.0,4.369339344559735,0.0,0.5959115476798684
20.0,4.477529014803561,0.0,0.11035399464202564
20.0,4.524772833411852,0.0,0.0
20.0,4.54433049108023,0.0,0.0
20.0,4.584694501004512,0.0,0.0
20.0,4.62708332724313,0.0,0.0
20.0,4.664914584811833,0.0,0.0
20.0,4.670254885581703,0.0,0.0
20.0,4.624552607111028,0.0,0.0
20.0,4.570925435126029,0.0,0.0
20.0,4.516787046984205,0.0,0.0
20.0,4.490309810814232,0.0,0.0
20.0,4.484537632638975,0.0,0.0
20.0,4.51229869785105,0.0,0.0
20.0,4.555466410208311,0.0,0.0
20.0,4.598452339133009,0.0,0.0
20.0,4.615380171111295,0.0,0.02207079697948263
20.0,4.542822311333406,0.0,0.2869203704778867
20.0,4.435540058715512,0.0,0.5407345503588555
20.0,4.216912071305868,0.0,1.136646059060274
20.0,4.042035160920657,0.0,1.4346018523894333
20.0,3.986550652574636,0.0,1.3021770900017624
20.0,4.080341009302558,0.0,0.7504071167916344
20.0,4.0334975875308166,0.0,0.9049027248818503
20.0,4.12116425309061,0.0,0.5186637826132106
20.0,4.286978885613652,0.0,0.05517699732101282
20.0,4.392650941781637,0.0,0.0
20.0,4.458258153715692,0.0,0.0
20.0,4.476869779702845,0.0,0.0
20.0,4.475786545822711,0.0,0.0
20.0,4.475573066953196,0.0,0.0
20.0,4.5261768317186135,0.0,0.0
20.0,4.628634466213601,0.0,0.0
20.0,4.7232361110476875,0.0,0.0
20.0,4.785947231879222,0.0,0.0
20.0,4.8153851929386295,0.0,0.0
20.0,4.840060210313176,0.0,0.0
20.0,4.890367240500079,0.0,0.0
20.0,4.985800457916857,0.0,0.0
20.0,5.097062448686014,0.0,0.0
20.0,5.206130735642663,0.0,0.02207079697948263
20.0,5.243221355290532,0.0,0.2758849866050641
20.0,5.212441785570943,0.0,0.5296991275075832
20.0,4.969907627989612,0.0,1.1145752133577291
20.0,4.690724622382493,0.0,1.423566429538161
20.0,4.460695334567208,0.0,1.4346018523894333
20.0,4.295978102019766,0.0,1.29114166715049
20.0,4.249492847984948,0.0,1.0042213746295034
20.0,4.340131754161129,0.0,0.606946931552691
20.0,4.566363958078808,0.0,0.08828318791793052
20.0,4.762998815421872,0.0,0.0
20.0,4.936058666112658,0.0,0.0
20.0,5.072170586998221,0.0,0.0
20.0,5.157914499793268,0.0,0.0
20.0,5.233847903818225,0.0,0.0
20.0,5.31245381132031,0.0,0.0
20.0,5.393667017912174,0.0,0.0
20.0,5.4771780838332695,0.0,0.0
20.0,5.554598763596029,0.0,0.0
20.0,5.604095301916031,0.0,0.0
20.0,5.651609746553141,0.0,0.0
20.0,5.698216842548912,0.0,0.0
20.0,5.743349400024988,0.0,0.0
20.0,5.781875847350796,0.0,0.0
20.0,5.802116894009644,0.0,0.02207079697948263
20.0,5.746864924029053,0.0,0.2648495637537916
20.0,5.631446603395218,0.0,0.5186637826132106
20.0,5.476261684002691,0.0,0.7062655033434442
20.0,5.305664299630096,0.0,0.8055840751341973
20.0,5.161270507792991,0.0,0.8166194979854698
20.0,5.0977532216301995,0.0,0.7283363490459894
20.0,5.11182187795386,0.0,0.5628053181045007
20.0,5.194389799990806,0.0,0.32002656107480437
20.0,5.327056331833171,0.0,0.04414159395896526
20.0,5.400360902195623,0.0,0.0
20.0,5.444372201271642,0.0,0.0
20.0,5.4747050089983205,0.0,0.0
20.0,5.475619295959922,0.0,0.0
20.0,5.479561412532728,0.0,0.0
20.0,5.523636348297587,0.0,0.0
20.0,5.59519381458369,0.0,0.0
20.0,5.668466725010633,0.0,0.0
20.0,5.729495848750343,0.0,0.0
20.0,5.748669306813074,0.0,0.0
20.0,5.756816414216866,0.0,0.0
20.0,5.763487376935704,0.0,0.0
20.0,5.784037186520848,0.0,0.0
20.0,5.818578651709516,0.0,0.0
20.0,5.850311273294016,0.0,0.022070799415635757
20.0,5.8243439973819235,0.0,0.25381417988096905
20.0,5.745090243133503,0.0,0.5076283597619381
20.0,5.576815592038458,0.0,0.6952300804921716
20.0,5.361912579624202,0.0,0.7945486522829246
20.0,5.161431624798942,0.0,0.8055840751341973
20.0,5.025298278688828,0.0,0.7173009261947166
20.0,4.908444241869357,0.0,0.8717965342849326
20.0,4.974746924060964,0.0,0.5517699732101282
20.0,5.1618611495153806,0.0,0.08828318791793052
20.0,5.311107147240327,0.0,0.0
20.0,5.441415017069255,0.0,0.0
20.0,5.542294049387638,0.0,0.0
20.0,5.637143693664224,0.0,0.0
20.0,5.737141785020883,0.0,0.0
20.0,5.84742380869236,0.0,0.0
20.0,5.981393461273966,0.0,0.0
20.0,6.117976043585376,0.0,0.0
20.0,6.232059263387637,0.0,0.0
20.0,6.324683898933395,0.0,0.0
20.0,6.399931862009567,0.0,0.0
20.0,6.473110171950651,0.0,0.0
20.0,6.542636159105346,0.0,0.0
20.0,6.593346041073544,0.0,0.0
20.0,6.595636618646539,0.0,0.011035398489741315
20.0,5.122409110692856,0.0,4.984674890886019
20.0,4.558794986210382,0.0,4.899574255388222
20.0,4.785352320907469,0.0,2.6558024694929796
20.0,5.0146344140754,0.0,1.5178148394990785
20.0,5.059164156846236,0.0,1.2739045570179675
20.0,4.471318675001401,0.0,2.9964509904915753
20.0,3.766907332060283,0.0,4.654597003240274
20.0,3.3204984329628093,0.0,5.1805610490541945
20.0,4.347171557261706,0.0,1.1021911391524883
20.0,5.016015634192372,0.0,0.0
20.0,5.38182961726541,0.0,0.0
20.0,5.648549268377764,0.0,0.0
20.0,5.809789782556221,0.0,0.0
20.0,5.9381361743157,0.0,0.0
20.0,6.055869159916942,0.0,0.0
20.0,6.175816396345795,0.0,0.0
20.0,6.317074822339175,0.0,0.0
20.0,6.4739184664518445,0.0,0.0
20.0,6.654978551039223,0.0,0.0
20.0,6.8423669779182905,0.0,0.0
20.0,7.0297820185460855,0.0,0.0
20.0,7.185345651758357,0.0,0.0
20.0,7.297165783066998,0.0,0.0
20.0,7.349044041936205,0.0,0.011035398489741315
20.0,5.894185304424657,0.0,4.895899375246808
20.0,5.50625785883685,0.0,4.324738788410382
20.0,5.4779301619748,0.0,3.1930019100504707
20.0,5.795823694877075,0.0,1.4987510148435408
20.0,5.8522821172420825,0.0,1.2003496913956944
20.0,5.348295249655995,0.0,2.536675706106301
20.0,4.515892772121742,0.0,4.615105846376402
20.0,4.008343380336244,0.0,5.151266543825345
20.0,5.068703345993845,0.0,0.8305943425042026
20.0,5.661451122559713,0.0,0.0
20.0,5.994614757731923,0.0,0.0
20.0,6.238230241197687,0.0,0.0
20.0,6.38325708595727,0.0,0.0
20.0,6.5092743801315125,0.0,0.0
20.0,6.638862711763916,0.0,0.0
20.0,6.802707110473574,0.0,0.0
20.0,6.966845137629417,0.0,0.0
20.0,7.120318189823115,0.0,0.0
20.0,7.238930157568247,0.0,0.0
20.0,7.357746436774413,0.0,0.0
20.0,7.488486546135658,0.0,0.0
20.0,7.626027959498606,0.0,0.0
20.0,7.757691743560951,0.0,0.0
20.0,7.837055046599716,0.0,0.011035398489741315
20.0,6.50966784819368,0.0,4.480931007347053
20.0,5.948711257313206,0.0,4.64025696342027
20.0,5.926977928716118,0.0,3.2447685405947686
20.0,6.195007832249992,0.0,1.5748081948397046
20.0,6.201283278533414,0.0,1.2821664201181904
20.0,5.587406034486468,0.0,2.8154174863187524
20.0,4.7836223147285475,0.0,4.640094083165443
20.0,4.6825170192001195,0.0,3.819246978427628
20.0,5.7759963998573465,0.0,0.05517699732101282
20.0,6.244238444919416,0.0,0.0
20.0,6.594509021508888,0.0,0.0
20.0,6.801003628602071,0.0,0.0
20.0,6.896584472373846,0.0,0.0
20.0,6.977806176541942,0.0,0.0
20.0,7.121751344833132,0.0,0.0
20.0,7.351712700440135,0.0,0.0
20.0,7.591595246895724,0.0,0.0
20.0,7.782423992924143,0.0,0.0
20.0,7.871280265566861,0.0,0.0
20.0,7.93652668058017,0.0,0.0
20.0,8.00380279647977,0.0,0.0
20.0,8.09144644672499,0.0,0.0
20.0,8.199364081594217,0.0,0.0
20.0,8.304207470169827,0.0,0.011035398489741315
20.0,7.29284401361288,0.0,3.637590369631984
20.0,6.788088575374099,0.0,4.128842119237281
20.0,6.541985079425018,0.0,3.5447603029459303
20.0,6.771789185433485,0.0,1.6216028052841354
20.0,6.71190300978788,0.0,1.2604598388420698
20.0,6.557175696865233,0.0,1.2865639007563017
20.0,6.551703195317322,0.0,0.9821505289269584
20.0,6.66221293034133,0.0,0.5186637826132106
20.0,6.868615790990329,0.0,0.05517699732101282
20.0,6.983637347954929,0.0,0.0
20.0,7.060580607749418,0.0,0.0
20.0,7.086196825975688,0.0,0.0
20.0,7.082444024195259,0.0,0.0
20.0,7.077111102580036,0.0,0.0
20.0,7.0895838921154795,0.0,0.0
20.0,7.132420812830783,0.0,0.0
20.0,7.197683423600497,0.0,0.0
20.0,7.2621712284183015,0.0,0.0
20.0,7.325263925653457,0.0,0.0
20.0,7.384072207421947,0.0,0.0
20.0,7.419953634174809,0.0,0.0
20.0,7.450217131162944,0.0,0.0
20.0,7.461545480246617,0.0,0.0
20.0,7.446176696084189,0.0,0.011035398489741315
20.0,7.367118340462159,0.0,0.22070798928405128
20.0,7.230047948348503,0.0,0.47452216916502027
20.0,7.075792312829144,0.0,0.6510885450008812
20.0,6.918854842510538,0.0,0.7504071167916344
20.0,6.779230782515944,0.0,0.7614425396429071
20.0,6.682494662752562,0.0,0.684194735597799
20.0,6.6212629177177025,0.0,0.5186637826132106
20.0,6.599197709075314,0.0,0.2869203704778867
20.0,6.623231799875074,0.0,0.03310619546922395
20.0,6.612868127003829,0.0,0.0
20.0,6.610573440604599,0.0,0.0
20.0,6.630054372463103,0.0,0.0
20.0,6.66843058545739,0.0,0.0
20.0,6.70413498386959,0.0,0.0
20.0,6.714230241935551,0.0,0.0
20.0,6.700051229239826,0.0,0.0
20.0,6.666876690621454,0.0,0.0
20.0,6.6386818463360315,0.0,0.0
20.0,6.61607063262944,0.0,0.0
20.0,6.596498202379985,0.0,0.0
20.0,6.596065219304801,0.0,0.0
20.0,6.599621189626915,0.0,0.0
20.0,6.604166454487551,0.0,0.0
20.0,6.605855875826051,0.0,0.0
20.0,6.532097034502027,0.0,0.20967258592200375
20.0,6.412658891885795,0.0,0.46348678529219767
20.0,6.278253137487085,0.0,0.6510885450008812
20.0,6.160081749509425,0.0,0.7504071167916344
20.0,6.078098493604039,0.0,0.7614425396429071
20.0,6.054819234870988,0.0,0.684194735597799
20.0,6.07874236823923,0.0,0.5186637826132106
20.0,6.1513653641012445,0.0,0.2758849866050641
20.0,6.23619520088796,0.0,0.03310619546922395
20.0,6.266299188691094,0.0,0.0
20.0,6.274665833039124,0.0,0.0
20.0,6.267247958905419,0.0,0.0
20.0,6.2620048676127285,0.0,0.0
20.0,6.265324689583172,0.0,0.0
20.0,6.3038047290997925,0.0,0.0
20.0,6.357121943035357,0.0,0.0
20.0,6.4107395272026935,0.0,0.0
20.0,6.437145904129155,0.0,0.0
20.0,6.436474563871533,0.0,0.0
20.0,6.436520142311177,0.0,0.0
20.0,6.466556542376428,0.0,0.0
20.0,6.527563752141262,0.0,0.0
20.0,6.589937783177779,0.0,0.0
20.0,6.629972249519899,0.0,0.0
20.0,6.519512764877881,0.0,0.3862389812470897
20.0,6.340083030372139,0.0,0.7062655033434442
20.0,6.211409734727826,0.0,0.6400531221496087
20.0,6.015971189590677,0.0,0.7393717718972619
20.0,5.8047980203252685,0.0,0.7504071167916344
20.0,5.48908447582421,0.0,1.0593982550151664
20.0,5.275994421505812,0.0,0.8938673799874778
20.0,5.182926517096162,0.0,0.5296991275075832
20.0,5.219695657005463,0.0,0.05517699732101282
20.0,5.260562024263765,0.0,0.0
20.0,5.302782241219692,0.0,0.0
20.0,5.33975650596451,0.0,0.0
20.0,5.349078507943316,0.0,0.0
20.0,5.352639307302872,0.0,0.0
20.0,5.360618436940511,0.0,0.0
20.0,5.376983683020032,0.0,0.0
20.0,5.422249848168528,0.0,0.0
20.0,5.49510013775997,0.0,0.0
20.0,5.587989345756909,0.0,0.0
20.0,5.683882592034214,0.0,0.0
20.0,5.731486102936372,0.0,0.0
20.0,5.7481983228883555,0.0,0.0
20.0,5.738031387635904,0.0,0.0
20.0,5.719324287724327,0.0,0.0
20.0,5.644967641041739,0.0,0.1876017791979086
20.0,5.520016699105133,0.0,0.45245136244092515
20.0,5.251401315321798,0.0,0.9931859517782307
20.0,4.998617559060101,0.0,1.2801062442992175
20.0,4.802384067280283,0.0,1.3021770900017624
20.0,4.658746792807821,0.0,1.1807876725084643
20.0,4.607930554817876,0.0,0.8938673799874778
20.0,4.652600582653112,0.0,0.47452216916502027
20.0,4.772374370790276,0.0,0.04414159395896526
20.0,4.851437110931914,0.0,0.0
20.0,4.930136660522403,0.0,0.0
20.0,5.006686798865283,0.0,0.0
20.0,5.083610674189799,0.0,0.0
20.0,5.162447905819993,0.0,0.0
20.0,5.217155645031033,0.0,0.0
20.0,5.268265283241182,0.0,0.0
20.0,5.327080458454301,0.0,0.0
20.0,5.413107846713933,0.0,0.0
20.0,5.527044192081012,0.0,0.0
20.0,5.650487693458376,0.0,0.0
20.0,5.78040909806298,0.0,0.0
20.0,5.913365592750286,0.0,0.0
20.0,6.027023269137902,0.0,0.0
20.0,6.105775423085676,0.0,0.0
20.0,6.030127341652082,0.0,0.3641681745229947
20.0,5.848752510946837,0.0,0.8607611114336601
20.0,5.659036920710843,0.0,1.2028585182110099
20.0,5.550072300516581,0.0,1.136646059060274
20.0,5.551338202561117,0.0,0.7393717718972619
20.0,5.499143922992161,0.0,0.6621239678521538
20.0,5.470843184390881,0.0,0.49659297588911533
20.0,5.472123286532571,0.0,0.2648495637537916
20.0,5.487268189246485,0.0,0.02207079697948263
20.0,5.466238376071359,0.0,0.0
20.0,5.4471492063031555,0.0,0.0
20.0,5.453297661851256,0.0,0.0
20.0,5.481375965229252,0.0,0.0
20.0,5.511170105192432,0.0,0.0
20.0,5.5383597791135415,0.0,0.0
20.0,5.544244189046028,0.0,0.0
20.0,5.531305178893971,0.0,0.0
20.0,5.506233705210591,0.0,0.0
20.0,5.479626244372,0.0,0.0
20.0,5.472246174945952,0.0,0.0
20.0,5.49490896080167,0.0,0.0
20.0,5.539722484911246,0.0,0.0
20.0,5.591257545122975,0.0,0.0
20.0,5.638426279879277,0.0,0.0
20.0,5.605939870402338,0.0,0.17656637583586104
20.0,5.511739511068808,0.0,0.43038055571683004
20.0,5.389099115213556,0.0,0.6179823154255136
20.0,5.146633981973339,0.0,1.1256106362090015
20.0,4.946918597727159,0.0,1.2801062442992175
20.0,4.823355014214661,0.0,1.1587169047628192
20.0,4.776693784307015,0.0,0.9049027248818503
20.0,4.879394615393847,0.0,0.44141597856810255
20.0,5.100643922684644,0.0,0.03310619546922395
20.0,5.320450339541178,0.0,0.0
20.0,5.530932077126951,0.0,0.0
20.0,5.703927883418994,0.0,0.0
20.0,5.803871306537565,0.0,0.0
20.0,5.861314059125394,0.0,0.0
20.0,5.909952010059318,0.0,0.0
20.0,5.95255819856823,0.0,0.0
20.0,5.988885253312862,0.0,0.0
20.0,6.00944233183568,0.0,0.0
20.0,6.013706456694563,0.0,0.0
20.0,6.000396894407636,0.0,0.0
20.0,5.966635051445208,0.0,0.0
20.0,5.932353273146792,0.0,0.0
20.0,5.901044224931837,0.0,0.0
20.0,5.87323641035743,0.0,0.0
20.0,5.802040996361077,0.0,0.16553099196303844
20.0,5.672676543499239,0.0,0.43038055571683004
20.0,5.534881612060328,0.0,0.606946931552691
20.0,5.367547235849019,0.0,0.7173009261947166
20.0,5.218330275716555,0.0,0.7283363490459894
20.0,5.011047529614759,0.0,1.0152567195238762
20.0,4.933777571282512,0.0,0.8497256885823874
20.0,4.97141949769525,0.0,0.45245136244092515
20.0,5.091640995699773,0.0,0.03310619546922395
20.0,5.159403664664787,0.0,0.0
20.0,5.205451222399044,0.0,0.0
20.0,5.2269837737798825,0.0,0.0
20.0,5.2173578526015545,0.0,0.0
20.0,5.1862682955716926,0.0,0.0
20.0,5.150968407388249,0.0,0.0
20.0,5.107056199385083,0.0,0.0
20.0,5.053832598289664,0.0,0.0
20.0,4.9987867571685225,0.0,0.0
20.0,4.940998813285615,0.0,0.0
20.0,4.880251657814701,0.0,0.0
20.0,4.816636629355489,0.0,0.0
20.0,4.743735898351119,0.0,0.0
20.0,4.6709258406161345,0.0,0.0
20.0,4.621480695796207,0.0,0.0
20.0,4.5263679541800395,0.0,0.16553099196303844
20.0,4.388372745959253,0.0,0.4193451718440075
20.0,4.23791114362745,0.0,0.606946931552691
20.0,4.092990261405196,0.0,0.7062655033434442
20.0,3.9719058080144727,0.0,0.7283363490459894
20.0,3.8898596485732395,0.0,0.6510885450008812
20.0,3.8682751975012395,0.0,0.48555755303784287
20.0,3.8988137353926793,0.0,0.25381417988096905
20.0,3.954680631965441,0.0,0.02207079697948263
20.0,3.9632258183545974,0.0,0.0
20.0,3.939016374060383,0.0,0.0
20.0,3.8754096110102867,0.0,0.0
20.0,3.7998202707356947,0.0,0.0
20.0,3.725767337695239,0.0,0.0
20.0,3.699727942328237,0.0,0.0
20.0,3.7056085974633284,0.0,0.0
20.0,3.7133626770883468,0.0,0.0
20.0,3.693984268047659,0.0,0.0
20.0,3.6475637801012875,0.0,0.0
20.0,3.588173023549203,0.0,0.0
20.0,3.5401295524776732,0.0,0.0
20.0,3.5025517448776373,0.0,0.0
20.0,3.4564837858092665,0.0,0.0
20.0,3.374149608816167,0.0,0.0
20.0,3.2437055248229445,0.0,0.1544955788563784
20.0,3.111419254927556,0.0,0.4083097489927349
20.0,3.094911562750171,0.0,0.5959115476798684
20.0,3.188668751137884,0.0,0.7062655033434442
20.0,3.326229467926443,0.0,0.7173009261947166
20.0,3.443174817133905,0.0,0.6400531221496087
20.0,3.4387951184104004,0.0,0.7614425396429071
20.0,3.545751705941414,0.0,0.44141597856810255
20.0,3.734606897269413,0.0,0.03310619546922395
20.0,3.900591499632735,0.0,0.0
20.0,4.0691161102426685,0.0,0.0
20.0,4.223097779577122,0.0,0.0
20.0,4.368029006381476,0.0,0.0
20.0,4.515856591388914,0.0,0.0
20.0,4.673111892584129,0.0,0.0
20.0,4.837525731278665,0.0,0.0
20.0,4.993794700251924,0.0,0.0
20.0,5.125337155720142,0.0,0.0
20.0,5.230294623314573,0.0,0.0
20.0,5.323656567882798,0.0,0.0
20.0,5.421684587237849,0.0,0.0
20.0,5.53804101702045,0.0,0.0
20.0,5.680451670606118,0.0,0.0
20.0,5.851416541410064,0.0,0.0
20.0,5.942446040959896,0.0,0.24277877651892144
20.0,4.709344873873625,0.0,4.655004770601391
20.0,4.527957282314916,0.0,3.258697263730324
20.0,4.673190813296508,0.0,1.5202394606429268
20.0,4.607311280899804,0.0,1.1630133793079362
20.0,4.312631501089991,0.0,1.8899234044759678
20.0,4.659412147837776,0.0,0.8717965342849326
20.0,5.039243652807871,0.0,0.3862389812470897
20.0,5.314327349234194,0.0,0.02207079697948263
20.0,5.369167371469133,0.0,0.0
20.0,5.36001370936768,0.0,0.0
20.0,5.342279996606174,0.0,0.0
20.0,5.336727878204256,0.0,0.0
20.0,5.3166477222049595,0.0,0.0
20.0,5.281246812097702,0.0,0.0
20.0,5.236423881380461,0.0,0.0
20.0,5.190005999787617,0.0,0.0
20.0,5.1835572224612,0.0,0.0
20.0,5.214954113290409,0.0,0.0
20.0,5.264715298328948,0.0,0.0
20.0,5.359600063426705,0.0,0.0
20.0,5.471803283472311,0.0,0.0
20.0,5.590846704514463,0.0,0.0
20.0,5.710985277806475,0.0,0.0
20.0,5.734170691602485,0.0,0.21119650689257685
20.0,5.708085220386048,0.0,0.39827848897045987
20.0,5.556668311846361,0.0,0.5863544605018897
20.0,5.433848637973626,0.0,0.6969873849321425
20.0,5.332971238900145,0.0,0.7080506383967177
20.0,5.305091284075881,0.0,0.6416708837385661
20.0,5.386988274243178,0.0,0.47572153607163686
20.0,5.507142110984026,0.0,0.24339243374655606
20.0,5.622650687321503,0.0,0.022126582449897427
20.0,5.628149990956275,0.0,0.0
20.0,5.619979728932675,0.0,0.0
20.0,5.623565312831819,0.0,0.0
20.0,5.653894787524364,0.0,0.0
20.0,5.683284200021242,0.0,0.0
20.0,5.675469899896917,0.0,0.0
20.0,5.625752265113907,0.0,0.0
20.0,5.564612007691378,0.0,0.0
20.0,5.500306361544151,0.0,0.0
20.0,5.460279280527522,0.0,0.0
20.0,5.424458640101309,0.0,0.0
20.0,5.389554276073751,0.0,0.0
20.0,5.366962671030124,0.0,0.0
20.0,5.362753394722288,0.0,0.0
20.0,5.417724463849922,0.0,0.0
20.0,5.467840383687547,0.0,0.1324247818768958
20.0,5.4620600331313875,0.0,0.3972743261414623
20.0,5.384587699750967,0.0,0.5848761248285961
20.0,5.261796324589991,0.0,0.684194735597799
20.0,5.1513977121822645,0.0,0.7062655033434442
20.0,5.081174912686207,0.0,0.6290177382767862
20.0,5.011219790127248,0.0,0.7393717718972619
20.0,5.0943066654554094,0.0,0.44141597856810255
20.0,5.2863825770380934,0.0,0.03310619546922395
20.0,5.433747994851688,0.0,0.0
20.0,5.564903313128509,0.0,0.0
20.0,5.675167947400008,0.0,0.0
20.0,5.762561490357491,0.0,0.0
20.0,5.816894425360612,0.0,0.0
20.0,5.845611536324238,0.0,0.0
20.0,5.870917446017378,0.0,0.0
20.0,5.898342786458282,0.0,0.0
20.0,5.951369222998118,0.0,0.0
20.0,6.043718215326937,0.0,0.0
20.0,6.135036131879945,0.0,0.0
20.0,6.201097862031561,0.0,0.0
20.0,6.235741604526201,0.0,0.0
20.0,6.261931411208053,0.0,0.0
20.0,6.286843049917636,0.0,0.0
20.0,6.278243021877157,0.0,0.1324247818768958
20.0,6.215243862697728,0.0,0.3862389812470897
20.0,6.12703827962361,0.0,0.5738407409557734
20.0,6.023162818601357,0.0,0.684194735597799
20.0,5.933256926653477,0.0,0.6952300804921716
20.0,5.867482352215196,0.0,0.6290177382767862
20.0,5.836320684156453,0.0,0.47452216916502027
20.0,5.863084728587232,0.0,0.24277877651892144
20.0,5.949112913216256,0.0,0.011035398489741315
20.0,6.021091454916759,0.0,0.0
20.0,6.089617426990242,0.0,0.0
20.0,6.146793872590901,0.0,0.0
20.0,6.197380613309595,0.0,0.0
20.0,6.253204906396204,0.0,0.0
20.0,6.331151859619769,0.0,0.0
20.0,6.416409573286647,0.0,0.0
20.0,6.50617809490333,0.0,0.0
20.0,6.5969010762594955,0.0,0.0
20.0,6.671003344550481,0.0,0.0
20.0,6.723677425603915,0.0,0.0
20.0,6.741682201767858,0.0,0.0
20.0,6.732396312448481,0.0,0.0
20.0,6.7190061199731845,0.0,0.0
20.0,6.730776502094013,0.0,0.0
20.0,6.7020612530887185,0.0,0.23174339264609883
20.0,6.610120170022686,0.0,0.5959115476798684
20.0,6.570141939811486,0.0,0.5738407409557734
20.0,6.501172701362739,0.0,0.6731593127465263
20.0,6.448098881725697,0.0,0.6952300804921716
20.0,6.298949599501575,0.0,1.081469100717711
20.0,6.149189075879994,0.0,1.462339553646155
20.0,6.404683813763493,0.0,0.4083097489927349
20.0,6.57882438707416,0.0,0.02207079697948263
20.0,6.65018103865103,0.0,0.0
20.0,6.682800577910247,0.0,0.0
20.0,6.689306489031684,0.0,0.0
20.0,6.6938705265679,0.0,0.0
20.0,6.703685048316273,0.0,0.0
20.0,6.745595405405555,0.0,0.0
20.0,6.799674713457603,0.0,0.0
20.0,6.847649970706066,0.0,0.0
20.0,6.85439880914134,0.0,0.0
20.0,6.834487090244826,0.0,0.0
20.0,6.809288572295004,0.0,0.0
20.0,6.79349995836795,0.0,0.0
20.0,6.82064286403746,0.0,0.0
20.0,6.863562007105348,0.0,0.0
20.0,6.8996767195829225,0.0,0.0
20.0,6.88091642040765,0.0,0.12138938825946072
20.0,6.791494382746338,0.0,0.3752035583958172
20.0,6.649856410212346,0.0,0.5628053181045007
20.0,6.4950750419306615,0.0,0.6731593127465263
20.0,6.346795696400748,0.0,0.6952300804921716
20.0,6.2306553966040354,0.0,0.6179823154255136
20.0,6.171654912653684,0.0,0.46348678529219767
20.0,6.173131603158787,0.0,0.23174339264609883
20.0,6.2422137643518285,0.0,0.011035398489741315
20.0,6.293989840220108,0.0,0.0
20.0,6.328696940080602,0.0,0.0
20.0,6.328386770946898,0.0,0.0
20.0,6.267895897862189,0.0,0.0
20.0,6.129331257137132,0.0,0.0
20.0,5.908239772646832,0.0,0.0
20.0,5.6544907883188795,0.0,0.0
20.0,5.441958888352027,0.0,0.0
20.0,5.446519213440308,0.0,0.0
20.0,5.614891827697421,0.0,0.0
20.0,5.805316405009459,0.0,0.0
20.0,5.890557221821476,0.0,0.0
20.0,5.8194147428416185,0.0,0.0
20.0,5.703424019283646,0.0,0.0
20.0,5.604420052769864,0.0,0.0
20.0,5.516255944543656,0.0,0.20967258592200375
20.0,5.398854797793513,0.0,0.5848761248285961
20.0,5.37393116172627,0.0,0.5628053181045007
20.0,5.321453837962334,0.0,0.6731593127465263
20.0,5.27181254288598,0.0,0.684194735597799
20.0,5.229074301985876,0.0,0.6179823154255136
20.0,5.2147884148164705,0.0,0.46348678529219767
20.0,5.2531613658942256,0.0,0.23174339264609883
20.0,5.38303956919572,0.0,0.02207079697948263
20.0,5.5191200256574255,0.0,0.0
20.0,5.643920594824829,0.0,0.0
20.0,5.70847006300271,0.0,0.0
20.0,5.724653545687567,0.0,0.0
20.0,5.731648367542034,0.0,0.0
20.0,5.767826899770783,0.0,0.0
20.0,5.833915812456924,0.0,0.0
20.0,5.895708825861592,0.0,0.0
20.0,5.924599389833351,0.0,0.0
20.0,5.9059013813404775,0.0,0.0
20.0,5.8944969718556885,0.0,0.0
20.0,5.950796963058237,0.0,0.0
20.0,6.063488420505116,0.0,0.0
20.0,6.179241980905265,0.0,0.0
20.0,6.2471425853843705,0.0,0.0
20.0,6.181190374533932,0.0,0.19863716307073115
20.0,6.0101536610686,0.0,0.5738407409557734
20.0,5.914401875957984,0.0,0.5517699732101282
20.0,5.799987227766598,0.0,0.6621239678521538
20.0,5.734792010040813,0.0,0.684194735597799
20.0,5.646422719311797,0.0,0.9600796832244132
20.0,5.698938087001968,0.0,0.8055840751341973
20.0,5.865160372850223,0.0,0.3752035583958172
20.0,6.022755234822406,0.0,0.011035398489741315
20.0,6.067974270360509,0.0,0.0
20.0,6.101956043577076,0.0,0.0
20.0,6.166235834042123,0.0,0.0
20.0,6.264065422206516,0.0,0.0
20.0,6.364155229701654,0.0,0.0
20.0,6.42303817006465,0.0,0.0
20.0,6.436548148382085,0.0,0.0
20.0,6.442660847823443,0.0,0.0
20.0,6.450283600280583,0.0,0.0
20.0,6.475078377636931,0.0,0.0
20.0,6.50129384697085,0.0,0.0
20.0,6.525552562912303,0.0,0.0
20.0,6.548248734250721,0.0,0.0
20.0,6.56952330528832,0.0,0.0
20.0,6.589619456357136,0.0,0.0
20.0,6.5768413783797985,0.0,0.11035399464202564
20.0,6.510660546711014,0.0,0.3641681745229947
20.0,6.440571629467473,0.0,0.5517699732101282
20.0,6.382610492878028,0.0,0.6621239678521538
20.0,6.353537782816897,0.0,0.684194735597799
20.0,6.365884152511418,0.0,0.6179823154255136
20.0,6.40883823334596,0.0,0.46348678529219767
20.0,6.489344701728429,0.0,0.23174339264609883
20.0,6.5866212794953425,0.0,0.011035398489741315
20.0,6.639092507411276,0.0,0.0
20.0,6.684676841489644,0.0,0.0
20.0,6.7295379001426525,0.0,0.0
20.0,6.788967581040625,0.0,0.0
20.0,6.844859494149818,0.0,0.0
20.0,6.863496148344832,0.0,0.0
20.0,6.845577088188842,0.0,0.0
20.0,6.807638562431837,0.0,0.0
20.0,6.751823656103839,0.0,0.0
20.0,6.688317097834029,0.0,0.0
20.0,6.641788872433535,0.0,0.0
20.0,6.640207469411729,0.0,0.0
20.0,6.688471208792051,0.0,0.0
20.0,6.7461177963475265,0.0,0.0
20.0,6.780998797828506,0.0,0.0
20.0,6.73175213181927,0.0,0.16553101145226348
20.0,6.562458227298532,0.0,0.6290177382767862
20.0,6.386138847372107,0.0,0.9600796832244132
20.0,6.22408643131112,0.0,1.1587169047628192
20.0,6.144297814725813,0.0,1.0593982550151664
20.0,6.196100568483921,0.0,0.606946931552691
20.0,6.216498818196406,0.0,0.46348678529219767
20.0,6.29320453521363,0.0,0.23174339264609883
20.0,6.423948315133805,0.0,0.011035398489741315
20.0,6.521070497230046,0.0,0.0
20.0,6.605600106524233,0.0,0.0
20.0,6.657955226268661,0.0,0.0
20.0,6.681982784903416,0.0,0.0
20.0,6.693983791959335,0.0,0.0
20.0,6.711127705483983,0.0,0.0
20.0,6.7499374385292885,0.0,0.0
20.0,6.8037787329426,0.0,0.0
20.0,6.86321808225472,0.0,0.0
20.0,6.9292829672058724,0.0,0.0
20.0,7.007609390343956,0.0,0.0
20.0,7.087612954217912,0.0,0.0
20.0,7.177522097362655,0.0,0.0
20.0,7.27139038714902,0.0,0.0
20.0,7.364465009509659,0.0,0.0
20.0,7.42304466788484,0.0,0.09931858153536557
20.0,7.425432410084864,0.0,0.3531327516717221
20.0,7.422893530238774,0.0,0.5407345503588555
20.0,7.416503241344067,0.0,0.6510885450008812
20.0,7.439844948230021,0.0,0.6731593127465263
20.0,7.501913140079389,0.0,0.606946931552691
20.0,7.5953770262342895,0.0,0.46348678529219767
20.0,7.6993336338699905,0.0,0.23174339264609883
20.0,7.759363816543264,0.0,0.011035398489741315
20.0,7.747584646291474,0.0,0.0
20.0,7.722940177912153,0.0,0.0
20.0,7.709804146063769,0.0,0.0
20.0,7.689399804658444,0.0,0.0
20.0,7.664641348541353,0.0,0.0
20.0,7.641807038636066,0.0,0.0
20.0,7.613505640302723,0.0,0.0
20.0,7.610455322087663,0.0,0.0
20.0,7.630856140830623,0.0,0.0
20.0,7.670464406050434,0.0,0.0
20.0,7.717974006301689,0.0,0.0
20.0,7.753498097095161,0.0,0.0
20.0,7.7781125834722,0.0,0.0
20.0,7.7909641155972515,0.0,0.0
20.0,7.813149680157504,0.0,0.0
20.0,7.809900986529496,0.0,0.09931858153536557
20.0,7.735078338779721,0.0,0.3531327516717221
20.0,7.507945181770652,0.0,0.9380089154787679
20.0,7.203702251846205,0.0,1.4793735534772485
20.0,7.113899390173627,0.0,1.2315361950945403
20.0,6.722255643871896,0.0,1.974719830317892
20.0,6.312948057202432,0.0,2.692777837129948
20.0,6.760565851439145,0.0,0.4193451718440075
20.0,6.96178611617739,0.0,0.011035398489741315
20.0,7.069584339544663,0.0,0.0
20.0,7.170063767109362,0.0,0.0
20.0,7.272938659915218,0.0,0.0
20.0,7.376474379794219,0.0,0.0
20.0,7.490247883842902,0.0,0.0
20.0,7.627071313469884,0.0,0.0
20.0,7.76701868167552,0.0,0.0
20.0,7.902754972858754,0.0,0.0
20.0,7.970775533842251,0.0,0.0
20.0,8.015239551271847,0.0,0.0
20.0,8.0633541154386,0.0,0.0
20.0,8.160871147848868,0.0,0.0
20.0,8.325505897425609,0.0,0.0
20.0,8.501380743420215,0.0,0.0
20.0,8.656795519383854,0.0,0.0
20.0,8.187018728192657,0.0,1.8426960069543554
20.0,7.270929094506258,0.0,4.328038295762653
20.0,7.141871041207422,0.0,3.1000552612508376
20.0,7.324402410428034,0.0,1.5277273534483815
20.0,7.376206997492773,0.0,1.0415091803721894
20.0,7.02989418303041,0.0,1.9456338768016974
20.0,6.548248671593287,0.0,3.2788270906587504
20.0,6.509068495097801,0.0,2.845484990332946
20.0,7.301657432938793,0.0,0.02207079697948263
20.0,7.5613783592445545,0.0,0.0
20.0,7.724206381148437,0.0,0.0
20.0,7.848233160105778,0.0,0.0
20.0,7.956142735275126,0.0,0.0
20.0,8.050772328552153,0.0,0.0
20.0,8.090448314011244,0.0,0.0
20.0,8.113374314126155,0.0,0.0
20.0,8.125694641899091,0.0,0.0
20.0,8.13720357611692,0.0,0.0
20.0,8.169159734642138,0.0,0.0
20.0,8.197028165571416,0.0,0.0
20.0,8.204576634991625,0.0,0.0
20.0,8.204661695061514,0.0,0.0
20.0,8.21292333105305,0.0,0.0
20.0,8.269171109505963,0.0,0.0
20.0,8.331961771332152,0.0,0.08828318791793052
20.0,8.338993541469277,0.0,0.3420973677988995
20.0,8.248652743853171,0.0,0.5407345503588555
20.0,8.154225596551688,0.0,0.6510885450008812
20.0,8.069821898039372,0.0,0.6731593127465263
20.0,8.02059808651151,0.0,0.606946931552691
20.0,8.027559978900333,0.0,0.46348678529219767
20.0,8.083730967598177,0.0,0.23174339264609883
20.0,8.15343315692604,0.0,0.011035398489741315
20.0,8.173795871969173,0.0,0.0
20.0,8.18968937859847,0.0,0.0
20.0,8.236655834343537,0.0,0.0
20.0,8.295713450088313,0.0,0.0
20.0,8.357532801988514,0.0,0.0
20.0,8.373512974229817,0.0,0.0
20.0,8.37254574585912,0.0,0.0
20.0,8.374386114163418,0.0,0.0
20.0,8.408288749807106,0.0,0.0
20.0,8.493197654128945,0.0,0.0
20.0,8.589997503876301,0.0,0.0
20.0,8.678904145114405,0.0,0.0
20.0,8.728490478533617,0.0,0.0
20.0,8.756190253393223,0.0,0.0
20.0,8.76500706689231,0.0,0.0
20.0,8.717702919871396,0.0,0.1544955788563784
20.0,8.567760760730614,0.0,0.5296991275075832
20.0,8.430378466258603,0.0,0.5296991275075832
20.0,8.236491894419329,0.0,0.6510885450008812
20.0,8.054871722829112,0.0,0.6731593127465263
20.0,7.921882183429576,0.0,0.606946931552691
20.0,7.869814826095793,0.0,0.46348678529219767
20.0,7.871406838869791,0.0,0.23174339264609883
20.0,7.896108764147695,0.0,0.011035398489741315
20.0,7.88316477345022,0.0,0.0
20.0,7.87315274819773,0.0,0.0
20.0,7.892942401933259,0.0,0.0
20.0,7.920483777419084,0.0,0.0
20.0,7.946855824495634,0.0,0.0
20.0,7.956639794703022,0.0,0.0
20.0,7.94092959405556,0.0,0.0
20.0,7.906999385813801,0.0,0.0
20.0,7.87003224864961,0.0,0.0
20.0,7.841287923992017,0.0,0.0
20.0,7.842743627040651,0.0,0.0
20.0,7.876792788137058,0.0,0.0
20.0,7.948805628064019,0.0,0.0
20.0,8.04543078259704,0.0,0.0
20.0,8.153319906420824,0.0,0.0
20.0,7.788163437046655,0.0,1.5719263150439884
20.0,6.899014656844511,0.0,4.294322984713871
20.0,6.767263616979762,0.0,3.172622558761854
20.0,6.989329384704202,0.0,1.5423327772383764
20.0,7.1060324601899545,0.0,0.9867864508595638
20.0,6.700124835696947,0.0,2.16610896299624
20.0,6.143970373040388,0.0,3.7967599899418625
20.0,6.132958885860701,0.0,3.2698985349374716
20.0,7.090748198967486,0.0,0.02207079697948263
20.0,7.431208524293955,0.0,0.0
20.0,7.67765925011279,0.0,0.0
20.0,7.890523221197938,0.0,0.0
20.0,8.088232821044066,0.0,0.0
20.0,8.279834125631654,0.0,0.0
20.0,8.468902244171646,0.0,0.0
20.0,8.66591890310466,0.0,0.0
20.0,8.865816492103509,0.0,0.0
20.0,9.063400457678306,0.0,0.0
20.0,9.258274446624734,0.0,0.0
20.0,9.448396618063148,0.0,0.0
20.0,9.638527318623634,0.0,0.0
20.0,9.811946069490805,0.0,0.0
20.0,9.990814807090905,0.0,0.0
20.0,10.176805471708,0.0,0.0
20.0,9.771066384609876,0.0,1.9242674551664145
20.0,9.02854323762633,0.0,3.9261091187012465
20.0,8.942790938478307,0.0,2.7486772324982756
20.0,8.967594423359818,0.0,1.5445240005047995
20.0,8.91651765927091,0.0,1.059654471969423
20.0,8.400906742963917,0.0,2.053698234311874
20.0,7.873730271772131,0.0,3.24903974867451
20.0,7.842005858728072,0.0,2.6284398317537434
20.0,8.61180006713701,0.0,0.02207079697948263
20.0,8.875753482042516,0.0,0.0
20.0,9.054396710209273,0.0,0.0
20.0,9.17873017716498,0.0,0.0
20.0,9.238945448804111,0.0,0.0
20.0,9.268315311182239,0.0,0.0
20.0,9.26876664249127,0.0,0.0
20.0,9.256280168168976,0.0,0.0
20.0,9.24700827530536,0.0,0.0
20.0,9.27062851568266,0.0,0.0
20.0,9.30497558693087,0.0,0.0
20.0,9.330794896574071,0.0,0.0
20.0,9.311087292350495,0.0,0.0
20.0,9.263006899831575,0.0,0.0
20.0,9.211207472180313,0.0,0.0
20.0,9.21438762364125,0.0,0.0
20.0,9.232770670039105,0.0,0.0772477894281892
20.0,9.18021265794714,0.0,0.3310619839260769
20.0,8.977895644239187,0.0,0.5296991275075832
20.0,8.77693963286584,0.0,0.6400531221496087
20.0,8.583035652591935,0.0,0.6731593127465263
20.0,8.465936739329763,0.0,0.606946931552691
20.0,8.442891206578667,0.0,0.46348678529219767
20.0,8.484644161378796,0.0,0.24277877651892144
20.0,8.550519980174164,0.0,0.02207079697948263
20.0,8.554565347019581,0.0,0.0
20.0,8.522962574035118,0.0,0.0
20.0,8.48431662191062,0.0,0.0
20.0,8.444115032609487,0.0,0.0
20.0,8.406333370962642,0.0,0.0
20.0,8.387699021870308,0.0,0.0
20.0,8.37331038384024,0.0,0.0
20.0,8.352886371626536,0.0,0.0
20.0,8.299417032846048,0.0,0.0
20.0,8.227298172596937,0.0,0.0
20.0,8.15366859244891,0.0,0.0
20.0,8.096355462198465,0.0,0.0
20.0,8.072107479305762,0.0,0.0
20.0,8.055616971904996,0.0,0.0
20.0,8.040018003076096,0.0,0.0
20.0,8.003821763373594,0.0,0.0772477894281892
20.0,7.9029314125829995,0.0,0.3310619839260769
20.0,7.764771470100499,0.0,0.5296991275075832
20.0,7.612685457945271,0.0,0.6400531221496087
20.0,7.476250877924871,0.0,0.6731593127465263
20.0,7.385257335227482,0.0,0.606946931552691
20.0,7.3399623610713505,0.0,0.46348678529219767
20.0,7.340461974758372,0.0,0.24277877651892144
20.0,7.385494967414262,0.0,0.02207079697948263
20.0,7.396862817760961,0.0,0.0
20.0,7.395033151594414,0.0,0.0
20.0,7.386160897269276,0.0,0.0
20.0,7.3566630456989355,0.0,0.0
20.0,7.322271241512741,0.0,0.0
20.0,7.2947604261220675,0.0,0.0
20.0,7.274673520337116,0.0,0.0
20.0,7.258395629435318,0.0,0.0
20.0,7.260912044231251,0.0,0.0
20.0,7.264453586602734,0.0,0.0
20.0,7.256716863956382,0.0,0.0
20.0,7.232026959032543,0.0,0.0
20.0,7.176559968348268,0.0,0.0
20.0,7.118704658914252,0.0,0.0
20.0,7.094750655269364,0.0,0.0
20.0,7.056212147018224,0.0,0.07724779430049544
20.0,6.952334636767377,0.0,0.3310619839260769
20.0,6.798143760942896,0.0,0.5296991275075832
20.0,6.630391731004896,0.0,0.6400531221496087
20.0,6.482707933205124,0.0,0.6731593127465263
20.0,6.376746823266043,0.0,0.606946931552691
20.0,6.326849251781144,0.0,0.46348678529219767
20.0,6.346848387270494,0.0,0.24277877651892144
20.0,6.420097749378991,0.0,0.02207079697948263
20.0,6.479527999621504,0.0,0.0
20.0,6.529643185571387,0.0,0.0
20.0,6.550200276152447,0.0,0.0
20.0,6.541621592165886,0.0,0.0
20.0,6.5317576849312005,0.0,0.0
20.0,6.531365654771386,0.0,0.0
20.0,6.561845880897381,0.0,0.0
20.0,6.59683401551417,0.0,0.0
20.0,6.62725739114288,0.0,0.0
20.0,6.625958886469299,0.0,0.0
20.0,6.606296854050847,0.0,0.0
20.0,6.5907645062015865,0.0,0.0
20.0,6.580087513888591,0.0,0.0
20.0,6.574240521397045,0.0,0.0
20.0,6.569494686481913,0.0,0.0
20.0,6.537706704953048,0.0,0.0772477894281892
20.0,6.4711052108089,0.0,0.3310619839260769
20.0,6.406787567935187,0.0,0.5186637826132106
20.0,6.339715011974348,0.0,0.6400531221496087
20.0,6.275430618204385,0.0,0.6731593127465263
20.0,6.191322960656592,0.0,0.606946931552691
20.0,6.127598619041883,0.0,0.46348678529219767
20.0,6.107924483561323,0.0,0.24277877651892144
20.0,6.161213476002894,0.0,0.03310619546922395
20.0,6.232666285114788,0.0,0.0
20.0,6.3109514517241525,0.0,0.0
20.0,6.3842004334218245,0.0,0.0
20.0,6.415834965020023,0.0,0.0
20.0,6.442122017210745,0.0,0.0
20.0,6.468485376100619,0.0,0.0
20.0,6.493187170235235,0.0,0.0
20.0,6.504834036536008,0.0,0.0
20.0,6.502341725783432,0.0,0.0
20.0,6.489987447642019,0.0,0.0
20.0,6.463883578393546,0.0,0.0
20.0,6.451397843869652,0.0,0.0
20.0,6.450338737295783,0.0,0.0
20.0,6.457451291493943,0.0,0.0
20.0,6.490528256074378,0.0,0.0
20.0,6.491989219972512,0.0,0.14346020472816834
20.0,6.409068041275661,0.0,0.5076283597619381
20.0,6.367779504884189,0.0,0.5186637826132106
20.0,6.272986531669003,0.0,0.6400531221496087
20.0,6.169498135790475,0.0,0.6731593127465263
20.0,6.0924125692662265,0.0,0.606946931552691
20.0,6.048639216232866,0.0,0.46348678529219767
20.0,6.06120606408359,0.0,0.25381417988096905
20.0,6.166885178862673,0.0,0.02207079697948263
20.0,6.242639974172659,0.0,0.0
20.0,6.298354871191413,0.0,0.0
20.0,6.309074315707129,0.0,0.0
20.0,6.2605219980282625,0.0,0.0
20.0,6.197472914821572,0.0,0.0
20.0,6.1378187539689035,0.0,0.0
20.0,6.110752735976089,0.0,0.0
20.0,6.122570116169881,0.0,0.0
20.0,6.164996891993732,0.0,0.0
20.0,6.2364207365042965,0.0,0.0
20.0,6.332954004871959,0.0,0.0
20.0,6.43682254484144,0.0,0.0
20.0,6.524487310948664,0.0,0.0
20.0,6.572233187995815,0.0,0.0
20.0,6.563515413772353,0.0,0.0
20.0,6.453924458086152,0.0,0.14346018523894336
20.0,6.2319416014565885,0.0,0.5738407409557734
20.0,6.1157292590660814,0.0,0.5186637826132106
20.0,6.017044798332531,0.0,0.6400531221496087
20.0,5.825159364593953,0.0,1.0483629880776937
20.0,5.651549418150938,0.0,1.1476814819115468
20.0,4.959201299447523,0.0,2.99341149862204
20.0,5.001196809158589,0.0,1.8613989905040085
20.0,5.5123084102283695,0.0,0.03310619546922395
20.0,5.769676954070059,0.0,0.0
20.0,5.976392633335199,0.0,0.0
20.0,6.144686361683707,0.0,0.0
20.0,6.228375772897003,0.0,0.0
20.0,6.276481414966878,0.0,0.0
20.0,6.305338888947348,0.0,0.0
20.0,6.332212910343182,0.0,0.0
20.0,6.379262600846591,0.0,0.0
20.0,6.483350192517237,0.0,0.0
20.0,6.619435882377316,0.0,0.0
20.0,6.7600136092494925,0.0,0.0
20.0,6.875998907337473,0.0,0.0
20.0,6.942346510363673,0.0,0.0
20.0,6.980919794133823,0.0,0.0
20.0,6.99910257883686,0.0,0.0
20.0,6.975761897659831,0.0,0.12138938825946072
20.0,6.8343896549420275,0.0,0.5738407409557734
20.0,6.753178046126931,0.0,0.5186637826132106
20.0,6.628140371976155,0.0,0.6400531221496087
20.0,6.521420120631147,0.0,0.6731593127465263
20.0,6.366965664920329,0.0,0.9600796832244132
20.0,6.340470390386763,0.0,0.8276549208367423
20.0,6.428604685171708,0.0,0.3972743261414623
20.0,6.533019720481994,0.0,0.03310619546922395
20.0,6.564793093048316,0.0,0.0
20.0,6.57639943254426,0.0,0.0
20.0,6.5990338843415115,0.0,0.0
20.0,6.648962807461381,0.0,0.0
20.0,6.703387944547374,0.0,0.0
20.0,6.737634505320982,0.0,0.0
20.0,6.7496382449816155,0.0,0.0
20.0,6.75912820498594,0.0,0.0
20.0,6.7691968574797965,0.0,0.0
20.0,6.790350555267408,0.0,0.0
20.0,6.821777488637348,0.0,0.0
20.0,6.854149673221909,0.0,0.0
20.0,6.893069011561747,0.0,0.0
20.0,6.942219611467145,0.0,0.0
20.0,7.021441484648288,0.0,0.0
20.0,7.07470653555166,0.0,0.09931858153536557
20.0,5.866935090137995,0.0,4.415918381710588
20.0,6.04639019018052,0.0,2.2496407660191258
20.0,6.071284620126647,0.0,1.7508261159812448
20.0,6.155295137476068,0.0,1.1697522496571922
20.0,6.266397108900693,0.0,0.6179823154255136
20.0,6.330699974052582,0.0,0.47452216916502027
20.0,6.423859383421206,0.0,0.25381417988096905
20.0,6.491308814805646,0.0,0.04414159395896526
20.0,6.485405398122934,0.0,0.0
20.0,6.454814181839424,0.0,0.0
20.0,6.428506285985406,0.0,0.0
20.0,6.43205850001169,0.0,0.0
20.0,6.455104231117123,0.0,0.0
20.0,6.488461927362255,0.0,0.0
20.0,6.521727132166861,0.0,0.0
20.0,6.544428320648658,0.0,0.0
20.0,6.540378056571409,0.0,0.0
20.0,6.506560899484329,0.0,0.0
20.0,6.474233508443689,0.0,0.0
20.0,6.4535805346103405,0.0,0.0
20.0,6.4475986860919265,0.0,0.0
20.0,6.444694558808251,0.0,0.0
20.0,6.432133111984852,0.0,0.0
20.0,6.375952971875094,0.0,0.0662123909384479
20.0,6.233550279137416,0.0,0.32002656107480437
20.0,6.052069639680315,0.0,0.5186637826132106
20.0,5.892824523003396,0.0,0.6400531221496087
20.0,5.766905576315297,0.0,0.6731593127465263
20.0,5.735580908891918,0.0,0.6179823154255136
20.0,5.779843465629601,0.0,0.47452216916502027
20.0,5.869548015018736,0.0,0.2648495637537916
20.0,5.984821904443864,0.0,0.03310619546922395
20.0,6.044975137082826,0.0,0.0
20.0,6.090440985623952,0.0,0.0
20.0,6.1350647646630705,0.0,0.0
20.0,6.186984849476268,0.0,0.0
20.0,6.24577895721972,0.0,0.0
20.0,6.289332412656715,0.0,0.0
20.0,6.331511191264022,0.0,0.0
20.0,6.367285009279512,0.0,0.0
20.0,6.378474012440169,0.0,0.0
20.0,6.376502906799958,0.0,0.0
20.0,6.329844466467257,0.0,0.0
20.0,6.20237326532409,0.0,0.0
20.0,6.011923236385224,0.0,0.0
20.0,5.811052089726962,0.0,0.0
20.0,5.6657991898937246,0.0,0.0
20.0,5.5713741317104555,0.0,0.0662123909384479
20.0,5.486201786137502,0.0,0.32002656107480437
20.0,5.4347796664610115,0.0,0.5186637826132106
20.0,5.415915897100285,0.0,0.6400531221496087
20.0,5.425604002032188,0.0,0.684194735597799
20.0,5.325592432290222,0.0,1.081469100717711
20.0,5.342566557352458,0.0,0.9049027248818503
20.0,5.458925342880531,0.0,0.5186637826132106
20.0,5.646451696987844,0.0,0.05517699732101282
20.0,5.760267059111664,0.0,0.0
20.0,5.845121371857232,0.0,0.0
20.0,5.882111350276529,0.0,0.0
20.0,5.891614751338081,0.0,0.0
20.0,5.901625800323559,0.0,0.0
20.0,5.9869415969391415,0.0,0.0
20.0,6.115005299841424,0.0,0.0
20.0,6.244349234371944,0.0,0.0
20.0,6.316781351961262,0.0,0.0
20.0,6.3139172791594484,0.0,0.0
20.0,6.2913555542692645,0.0,0.0
20.0,6.275983306889716,0.0,0.0
20.0,6.297055523493465,0.0,0.0
20.0,6.333720711489958,0.0,0.0
20.0,6.372052958027165,0.0,0.0
20.0,6.389683564452862,0.0,0.0662123909384479
20.0,6.341960732449709,0.0,0.32002656107480437
20.0,6.261184885990175,0.0,0.5296991275075832
20.0,6.1670349761737775,0.0,0.6510885450008812
20.0,6.056233294120126,0.0,0.684194735597799
20.0,5.916627312534304,0.0,0.6290177382767862
20.0,5.7825376882575075,0.0,0.48555755303784287
20.0,5.676055943472036,0.0,0.2758849866050641
20.0,5.62411570129262,0.0,0.03310619546922395
20.0,5.582324542642082,0.0,0.0
20.0,5.543729706959655,0.0,0.0
20.0,5.507098333860429,0.0,0.0
20.0,5.466563688216702,0.0,0.0
20.0,5.40348482201411,0.0,0.0
20.0,5.306296673200413,0.0,0.0
20.0,5.200521488644647,0.0,0.0
20.0,5.123854012738157,0.0,0.0
20.0,5.174068093199175,0.0,0.0
20.0,5.328262144413779,0.0,0.0
20.0,5.5040941793431,0.0,0.0
20.0,5.655742591521315,0.0,0.0
20.0,5.7055586264752165,0.0,0.0
20.0,5.704505529921436,0.0,0.0
20.0,5.688090168133761,0.0,0.0
20.0,5.622663798761026,0.0,0.1324247818768958
20.0,5.476177808301468,0.0,0.5076283597619381
20.0,5.42696629327439,0.0,0.5296991275075832
20.0,5.379430881638294,0.0,0.6510885450008812
20.0,5.354755138514884,0.0,0.684194735597799
20.0,5.257974615555034,0.0,0.9821505289269584
20.0,5.264494139248813,0.0,0.8497256885823874
20.0,5.395951679059743,0.0,0.43038055571683004
20.0,5.576745224276472,0.0,0.05517699732101282
20.0,5.699275849336845,0.0,0.0
20.0,5.7950040840028185,0.0,0.0
20.0,5.864045478846044,0.0,0.0
20.0,5.89960754147426,0.0,0.0
20.0,5.933172360161673,0.0,0.0
20.0,5.994197356202599,0.0,0.0
20.0,6.084242558809048,0.0,0.0
