Tzone_luft,Q_heiz,Q_kuehl,Q_soltr
°C,kWh,kWh,kWh
20.0,1.9810469482866513,0.0,0.0
20.0,2.126345701652891,0.0,0.0
20.0,2.268293064243602,0.0,0.0
20.0,2.443590334802809,0.0,0.0
20.0,2.646873544214735,0.0,0.0
20.0,2.885327230519098,0.0,0.0
20.0,3.1273158965708148,0.0,0.0
20.0,3.359052702112151,0.0,0.0
20.0,3.5521702165967386,0.0,0.11035399464202564
20.0,3.5716504694383913,0.0,0.606946931552691
20.0,3.6067977737946784,0.0,0.8276549208367423
20.0,3.7320407851352178,0.0,0.6510885450008812
20.0,3.82265852816006,0.0,0.684194735597799
20.0,3.9645744566293186,0.0,0.6400531221496087
20.0,4.1580298544919705,0.0,0.49659297588911533
20.0,4.394272523105602,0.0,0.2758849866050641
20.0,4.646828994183606,0.0,0.03310619546922395
20.0,4.823128599001825,0.0,0.0
20.0,4.945400982965002,0.0,0.0
20.0,5.016029320206653,0.0,0.0
20.0,5.067201361493344,0.0,0.0
20.0,5.11403548073427,0.0,0.0
20.0,5.19260138224128,0.0,0.0
20.0,5.317888690948449,0.0,0.0
20.0,5.4458790321381905,0.0,0.0
20.0,5.550113391370154,0.0,0.0
20.0,5.628105772910228,0.0,0.0
20.0,5.700024661464583,0.0,0.0
20.0,5.76924657468625,0.0,0.0
20.0,5.838880338182021,0.0,0.0
20.0,5.928403165179164,0.0,0.0
20.0,6.039019917900117,0.0,0.0
20.0,6.13372651796687,0.0,0.0662123909384479
20.0,6.1572112685978375,0.0,0.3310619839260769
20.0,6.145107003123363,0.0,0.5296991275075832
20.0,6.113145645483819,0.0,0.6510885450008812
20.0,6.091350117795891,0.0,0.6952300804921716
20.0,6.099582461219204,0.0,0.6400531221496087
20.0,6.141255254528539,0.0,0.49659297588911533
20.0,6.217356672848505,0.0,0.2869203704778867
20.0,6.336375681033815,0.0,0.04414159395896526
20.0,6.415382159095008,0.0,0.0
20.0,6.472432751445068,0.0,0.0
20.0,6.524539092829647,0.0,0.0
20.0,6.587739018519302,0.0,0.0
20.0,6.658674858125022,0.0,0.0
20.0,6.748776053664429,0.0,0.0
20.0,6.862899184386155,0.0,0.0
20.0,6.983333144083694,0.0,0.0
20.0,7.1042694367541035,0.0,0.0
20.0,7.2062453539199565,0.0,0.0
20.0,7.289932013300624,0.0,0.0
20.0,7.383662851660668,0.0,0.0
20.0,7.50417703596977,0.0,0.0
20.0,7.6271105120114875,0.0,0.0
20.0,7.740369043554625,0.0,0.0
20.0,7.602751938647593,0.0,0.7389935527532988
20.0,6.13654211668351,0.0,5.611565965463223
20.0,5.109866123606512,0.0,7.089243375323918
20.0,3.998455858391131,0.0,8.856549312251888
20.0,3.6512982004436827,0.0,7.830387971774516
20.0,3.2315800315706613,0.0,8.103146932092912
20.0,3.213312056288592,0.0,7.318137450678761
20.0,4.002282617968351,0.0,4.2191810758542125
20.0,5.464909514194159,0.0,0.0662123909384479
20.0,5.98145928093486,0.0,0.0
20.0,6.277732165473231,0.0,0.0
20.0,6.477486505695584,0.0,0.0
20.0,6.65033705215585,0.0,0.0
20.0,6.811015607995367,0.0,0.0
20.0,6.984212034391838,0.0,0.0
20.0,7.156266574340488,0.0,0.0
20.0,7.326534352161762,0.0,0.0
20.0,7.48565625790665,0.0,0.0
20.0,7.607220925067078,0.0,0.0
20.0,7.729614382869752,0.0,0.0
20.0,7.853281110517603,0.0,0.0
20.0,7.984580521778261,0.0,0.0
20.0,8.116830497489676,0.0,0.0
20.0,8.243080185973813,0.0,0.0
20.0,7.953905733336352,0.0,1.3581575481302757
20.0,6.734063129994667,0.0,5.234457505850722
20.0,5.594785885171102,0.0,7.505776566910614
20.0,5.007014438299358,0.0,7.43150278087503
20.0,4.472204531973556,0.0,7.6875142510391905
20.0,4.119168011170833,0.0,7.496763211313174
20.0,3.891855527005674,0.0,7.359419363353493
20.0,4.457624533753074,0.0,4.684232107011095
20.0,5.675408939023093,0.0,1.0451183667242283
20.0,6.426884982868626,0.0,0.0
20.0,6.82507653938194,0.0,0.0
20.0,7.133120367423528,0.0,0.0
20.0,7.384932361731998,0.0,0.0
20.0,7.60363550266943,0.0,0.0
20.0,7.765061138871153,0.0,0.0
20.0,7.9031352073174395,0.0,0.0
20.0,8.037416947801038,0.0,0.0
20.0,8.210449133191466,0.0,0.0
20.0,8.405121515108046,0.0,0.0
20.0,8.587214290162205,0.0,0.0
20.0,8.703852993403755,0.0,0.0
20.0,8.75155664103966,0.0,0.0
20.0,8.7791205870367,0.0,0.0
20.0,8.82083796999393,0.0,0.0
20.0,8.843524230890656,0.0,0.1876017791979086
20.0,8.43681319550718,0.0,1.5697870759017407
20.0,8.18639292424196,0.0,2.0620476315533103
20.0,7.9521636593604805,0.0,2.3715332008467183
20.0,6.3674653143591255,0.0,7.459726691471451
20.0,6.560635022638929,0.0,4.60323423460811
20.0,6.953840646976404,0.0,2.923746982207822
20.0,7.6477525331112535,0.0,0.7945486522829246
20.0,8.107530932641504,0.0,0.12138938825946072
20.0,8.339394255554346,0.0,0.0
20.0,8.481087423399464,0.0,0.0
20.0,8.612761440861673,0.0,0.0
20.0,8.75134462040908,0.0,0.0
20.0,8.879276230119448,0.0,0.0
20.0,8.968309815090388,0.0,0.0
20.0,9.033907651012964,0.0,0.0
20.0,9.081329521984742,0.0,0.0
20.0,9.128454756950182,0.0,0.0
20.0,9.178493000202788,0.0,0.0
20.0,9.22141485943725,0.0,0.0
20.0,9.248105475724167,0.0,0.0
20.0,9.244647147421661,0.0,0.0
20.0,9.227360850564065,0.0,0.0
20.0,9.200262945222235,0.0,0.0
20.0,9.127986646068514,0.0,0.07724779430049544
20.0,8.977253265123743,0.0,0.3310619839260769
20.0,8.774729342057052,0.0,0.5407345503588555
20.0,8.593947058883456,0.0,0.6621239678521538
20.0,8.441225564219899,0.0,0.7062655033434442
20.0,8.35269233712068,0.0,0.6621239678521538
20.0,8.341402073952608,0.0,0.5186637826132106
20.0,8.36295809356174,0.0,0.3089911577127568
20.0,8.37504046631129,0.0,0.05517699732101282
20.0,8.320077265650276,0.0,0.0
20.0,8.241421453446366,0.0,0.0
20.0,8.17653508781626,0.0,0.0
20.0,8.156979559245455,0.0,0.0
20.0,8.142809623773847,0.0,0.0
20.0,8.115757560511929,0.0,0.0
20.0,8.072921573839292,0.0,0.0
20.0,8.025221070004523,0.0,0.0
20.0,7.988041301857988,0.0,0.0
20.0,7.956933201659823,0.0,0.0
20.0,7.927152116097769,0.0,0.0
20.0,7.898768620370319,0.0,0.0
20.0,7.878215741784829,0.0,0.0
20.0,7.8594762383537615,0.0,0.0
20.0,7.83600445111033,0.0,0.0
20.0,7.7917657564565,0.0,0.0772477894281892
20.0,7.6822863899633855,0.0,0.3310619839260769
20.0,7.445128120802021,0.0,0.8497256885823874
20.0,7.254270966639629,0.0,1.0483629880776937
20.0,7.215081320480425,0.0,0.7173009261947166
20.0,7.042908317227468,0.0,1.0373275652264211
20.0,7.000902843632834,0.0,0.9159381477331229
20.0,7.059003091058039,0.0,0.5517699732101282
20.0,7.182009905515806,0.0,0.09931858153536557
20.0,7.2410304483416015,0.0,0.0
20.0,7.254241139416246,0.0,0.0
20.0,7.209073624825509,0.0,0.0
20.0,7.15182035388484,0.0,0.0
20.0,7.092188858385019,0.0,0.0
20.0,7.0544516918729,0.0,0.0
20.0,7.054514039206277,0.0,0.0
20.0,7.055557720958249,0.0,0.0
20.0,7.046603628153275,0.0,0.0
20.0,7.011464478396551,0.0,0.0
20.0,6.967658805367731,0.0,0.0
20.0,6.923442696059218,0.0,0.0
20.0,6.878441981703258,0.0,0.0
20.0,6.833915102554691,0.0,0.0
20.0,6.8174526649476554,0.0,0.0
20.0,6.787215166633371,0.0,0.0772477894281892
20.0,6.694485978806155,0.0,0.3420973677988995
20.0,6.479935084595894,0.0,0.8497256885823874
20.0,6.266353108747984,0.0,1.1807876725084643
20.0,6.114195354890423,0.0,1.2470000537022998
20.0,6.03399280997964,0.0,1.1587169047628192
20.0,6.059839885533672,0.0,0.8276549208367423
20.0,6.171114399200475,0.0,0.32002656107480437
20.0,6.226534795870506,0.0,0.05517699732101282
20.0,6.200859856893577,0.0,0.0
20.0,6.156914372226997,0.0,0.0
20.0,6.180097087496486,0.0,0.0
20.0,6.232149987651201,0.0,0.0
20.0,6.285801191437559,0.0,0.0
20.0,6.2961091758240535,0.0,0.0
20.0,6.243023676131489,0.0,0.0
20.0,6.175941762447894,0.0,0.0
20.0,6.114431764654905,0.0,0.0
20.0,6.0968429291417525,0.0,0.0
20.0,6.114653506767815,0.0,0.0
20.0,6.1411452824648345,0.0,0.0
20.0,6.169650863299725,0.0,0.0
20.0,6.196774952045428,0.0,0.0
20.0,6.214243922820258,0.0,0.0
20.0,6.167197071472457,0.0,0.14346018523894336
20.0,6.025266108882925,0.0,0.5407345503588555
20.0,5.955299978166384,0.0,0.5517699732101282
20.0,5.844978103116485,0.0,0.684194735597799
20.0,5.759142411010664,0.0,0.7173009261947166
20.0,5.70427207786994,0.0,0.6731593127465263
20.0,5.686884081066108,0.0,0.5407345503588555
20.0,5.720783918996037,0.0,0.3310619839260769
20.0,5.803801326575081,0.0,0.0662123909384479
20.0,5.854954374803306,0.0,0.0
20.0,5.87328822720462,0.0,0.0
20.0,5.87991394143314,0.0,0.0
20.0,5.877432396592202,0.0,0.0
20.0,5.869548160170452,0.0,0.0
20.0,5.87566133841485,0.0,0.0
20.0,5.896223484059002,0.0,0.0
20.0,5.918370411526023,0.0,0.0
20.0,5.923660438555056,0.0,0.0
20.0,5.92535629272942,0.0,0.0
20.0,5.92100101789745,0.0,0.0
20.0,5.916681856516823,0.0,0.0
20.0,5.918721897094688,0.0,0.0
20.0,5.917474591196926,0.0,0.0
20.0,5.896308873561922,0.0,0.0
20.0,5.848220056425674,0.0,0.0772477894281892
20.0,5.7317241892821285,0.0,0.3420973677988995
20.0,5.594674137393805,0.0,0.5517699732101282
20.0,5.460088086349133,0.0,0.684194735597799
20.0,5.349058603814886,0.0,0.7283363490459894
20.0,5.289195304000848,0.0,0.684194735597799
20.0,5.277733198964844,0.0,0.5407345503588555
20.0,5.317897848791609,0.0,0.3310619839260769
20.0,5.396923197390651,0.0,0.0662123909384479
20.0,5.439271594359097,0.0,0.0
20.0,5.463421253736717,0.0,0.0
20.0,5.497759429563594,0.0,0.0
20.0,5.546713943524631,0.0,0.0
20.0,5.602194327961519,0.0,0.0
20.0,5.653254495926546,0.0,0.0
20.0,5.700344719044296,0.0,0.0
20.0,5.754967518963321,0.0,0.0
20.0,5.8329502314381125,0.0,0.0
20.0,5.918962945825487,0.0,0.0
20.0,6.001341647012879,0.0,0.0
20.0,6.017820115611273,0.0,0.0
20.0,5.999410716657529,0.0,0.0
20.0,5.976076627834264,0.0,0.0
20.0,5.966108727052843,0.0,0.0
20.0,5.968519447996522,0.0,0.14346018523894336
20.0,5.8800607688066835,0.0,0.5517699732101282
20.0,5.839680445748309,0.0,0.5628053181045007
20.0,5.7459976158232005,0.0,0.6952300804921716
20.0,5.669501623641837,0.0,0.7283363490459894
20.0,5.630184869480953,0.0,0.684194735597799
20.0,5.664295479749199,0.0,0.5517699732101282
20.0,5.76866798302698,0.0,0.3420973677988995
20.0,5.933881377768961,0.0,0.0772477894281892
20.0,6.088896233875032,0.0,0.0
20.0,6.2239272829207355,0.0,0.0
20.0,6.337498397215257,0.0,0.0
20.0,6.428805395509278,0.0,0.0
20.0,6.485694742191489,0.0,0.0
20.0,6.517294379380118,0.0,0.0
20.0,6.528623847280986,0.0,0.0
20.0,6.548053209094352,0.0,0.0
20.0,6.635279707315422,0.0,0.0
20.0,6.779792565762174,0.0,0.0
20.0,6.934445909398128,0.0,0.0
20.0,7.077804364340716,0.0,0.0
20.0,7.187580378425936,0.0,0.0
20.0,7.27683143368944,0.0,0.0
20.0,7.359098894970771,0.0,0.0
20.0,7.37918082844394,0.0,0.1544955788563784
20.0,7.25315154779189,0.0,0.6731593127465263
20.0,7.097729749220008,0.0,0.9931859517782307
20.0,5.039107251339082,0.0,7.791812993858462
20.0,4.473096383964471,0.0,7.045982801570735
20.0,4.446545359319813,0.0,5.64200185379689
20.0,4.0862892287867,0.0,6.399993602826877
20.0,5.563237775950733,0.0,0.6621239678521538
20.0,6.235725283724209,0.0,0.1544955788563784
20.0,6.661668808496356,0.0,0.0
20.0,6.9649719547249775,0.0,0.0
20.0,7.22191800911408,0.0,0.0
20.0,7.45479174217915,0.0,0.0
20.0,7.659099649119767,0.0,0.0
20.0,7.840041824917125,0.0,0.0
20.0,8.01387330550365,0.0,0.0
20.0,8.17684037550312,0.0,0.0
20.0,8.319269763995415,0.0,0.0
20.0,8.46406617973826,0.0,0.0
20.0,8.612369690065275,0.0,0.0
20.0,8.778250241620432,0.0,0.0
20.0,8.945114310994201,0.0,0.0
20.0,9.088883980823868,0.0,0.0
20.0,9.17517017529413,0.0,0.0
20.0,9.145058172969472,0.0,0.14346018523894336
20.0,8.908500332530798,0.0,0.684194735597799
20.0,8.720797504527225,0.0,1.0042213746295034
20.0,8.545945260236904,0.0,1.224929207999755
20.0,8.432921373738273,0.0,1.1697522496571922
20.0,8.444430079657193,0.0,0.6952300804921716
20.0,8.397935174992824,0.0,0.5628053181045007
20.0,8.390890282735088,0.0,0.3531327516717221
20.0,8.458031371933943,0.0,0.08828318791793052
20.0,8.521725457355778,0.0,0.0
20.0,8.582939713021421,0.0,0.0
20.0,8.644110608695895,0.0,0.0
20.0,8.698501622514183,0.0,0.0
20.0,8.739664635573579,0.0,0.0
20.0,8.762712652696331,0.0,0.0
20.0,8.763071010343532,0.0,0.0
20.0,8.76006543119957,0.0,0.0
20.0,8.75578334063065,0.0,0.0
20.0,8.758178702375613,0.0,0.0
20.0,8.766900316783245,0.0,0.0
20.0,8.780542504814909,0.0,0.0
20.0,8.794055555404798,0.0,0.0
20.0,8.800916978149584,0.0,0.0
20.0,8.798500190378553,0.0,0.0
20.0,8.745199273038429,0.0,0.08828319766254303
20.0,8.609423951902377,0.0,0.3641681745229947
20.0,8.443142612700177,0.0,0.5738407409557734
20.0,8.272070569306111,0.0,0.7062655033434442
20.0,8.101610557298708,0.0,0.7504071167916344
20.0,7.950258983386762,0.0,0.7062655033434442
20.0,7.8270889450384376,0.0,0.5738407409557734
20.0,7.725376887115304,0.0,0.3641681745229947
20.0,7.623280710947164,0.0,0.08828318791793052
20.0,7.475687371039409,0.0,0.0
20.0,7.295464281231625,0.0,0.0
20.0,7.143735979504967,0.0,0.0
20.0,7.0142299099166285,0.0,0.0
20.0,6.927794185456344,0.0,0.0
20.0,6.856736111300318,0.0,0.0
20.0,6.79027682833844,0.0,0.0
20.0,6.7429671842965595,0.0,0.0
20.0,6.715393546321267,0.0,0.0
20.0,6.691178349688221,0.0,0.0
20.0,6.668315495045843,0.0,0.0
20.0,6.649330282163686,0.0,0.0
20.0,6.617585222379833,0.0,0.0
20.0,6.587987223784577,0.0,0.0
20.0,6.563120269534629,0.0,0.0
20.0,6.494731657904995,0.0,0.1655309724738135
20.0,6.302167600971063,0.0,0.6731592347896266
20.0,6.0511177921362584,0.0,1.0814689448039114
20.0,5.819450244141731,0.0,1.2580352426828725
20.0,5.663335003977053,0.0,1.191822939445937
20.0,5.686681123512907,0.0,0.7173008482378168
20.0,5.718237354237806,0.0,0.5848760858501458
20.0,5.811700617497546,0.0,0.36416809656609467
20.0,5.940315645945618,0.0,0.09931857179075308
20.0,6.031289220292075,0.0,0.0
20.0,6.035014084433731,0.0,0.0
20.0,5.900213887524862,0.0,0.0
20.0,5.660706816342305,0.0,0.0
20.0,5.405939102679703,0.0,0.0
20.0,5.221377361196702,0.0,0.0
20.0,5.1439131709996015,0.0,0.0
20.0,5.1308803300320145,0.0,0.0
20.0,5.143494147431168,0.0,0.0
20.0,5.170006162959366,0.0,0.0
20.0,5.219869876423408,0.0,0.0
20.0,5.320619015035877,0.0,0.0
20.0,5.4437077094409645,0.0,0.0
20.0,5.564380139009429,0.0,0.0
20.0,5.647127391069589,0.0,0.0
20.0,5.6061623600222,0.0,0.19863716307073115
20.0,5.444361222220355,0.0,0.6510885450008812
20.0,5.375000931079582,0.0,0.5848761248285961
20.0,5.267407257317204,0.0,0.7173009261947166
20.0,5.179840011891162,0.0,0.7614425396429071
20.0,5.166558564826071,0.0,0.7173009261947166
20.0,5.198846534898233,0.0,0.5848761248285961
20.0,5.262960578639023,0.0,0.3752035583958172
20.0,5.315098186988066,0.0,0.09931858153536557
20.0,5.322657717779585,0.0,0.0
20.0,5.310188643395199,0.0,0.0
20.0,5.371022098745654,0.0,0.0
20.0,5.509438515964422,0.0,0.0
20.0,5.676165293213692,0.0,0.0
20.0,5.845239594133075,0.0,0.0
20.0,5.957823864635024,0.0,0.0
20.0,6.06221139058723,0.0,0.0
20.0,6.169380563251956,0.0,0.0
20.0,6.2672955809368265,0.0,0.0
20.0,6.35149482698744,0.0,0.0
20.0,6.410360692871755,0.0,0.0
20.0,6.439515987377373,0.0,0.0
20.0,6.462311355640001,0.0,0.0
20.0,6.49382158484841,0.0,0.0
20.0,6.513967013862016,0.0,0.09931858153536557
20.0,6.491186968009505,0.0,0.3752035583958172
20.0,6.375412094546717,0.0,0.9269735705843953
20.0,6.2672748762822685,0.0,1.2690708994048447
20.0,6.2409468414312546,0.0,1.213893863105382
20.0,6.334904712103048,0.0,0.7283363490459894
20.0,6.336355300582387,0.0,0.5959115476798684
20.0,6.341841540509478,0.0,0.3862389812470897
20.0,6.350506020600619,0.0,0.17656637583586104
20.0,6.360712277817462,0.0,0.0
20.0,6.359627018781271,0.0,0.0
20.0,6.4009195710351845,0.0,0.0
20.0,6.472897462070533,0.0,0.0
20.0,6.542057667251639,0.0,0.0
20.0,6.573032152498862,0.0,0.0
20.0,6.537441795676423,0.0,0.0
20.0,6.487097875838129,0.0,0.0
20.0,6.452443447688492,0.0,0.0
20.0,6.443228392888744,0.0,0.0
20.0,6.456596272639645,0.0,0.0
20.0,6.499399691805325,0.0,0.0
20.0,6.547079579116527,0.0,0.0
20.0,6.587037665319116,0.0,0.0
20.0,6.593594195659696,0.0,0.0
20.0,6.533171999376185,0.0,0.11035399464202564
20.0,6.4028196085274,0.0,0.3862389812470897
20.0,6.268356379221837,0.0,0.5959115476798684
20.0,6.1729049337066355,0.0,0.7283363490459894
20.0,6.119038251043086,0.0,0.7835133073885521
20.0,6.136812587698757,0.0,0.7393717718972619
20.0,6.2051846894103635,0.0,0.606946931552691
20.0,6.294048446218334,0.0,0.3972743261414623
20.0,6.366392961122991,0.0,0.12138938825946072
20.0,6.385456393299278,0.0,0.0
20.0,6.365346722978058,0.0,0.0
20.0,6.34606207623883,0.0,0.0
20.0,6.365992202572282,0.0,0.0
20.0,6.37291121222082,0.0,0.0
20.0,6.372094600178647,0.0,0.0
20.0,6.375007243853114,0.0,0.0
20.0,6.376793316011616,0.0,0.0
20.0,6.383359036671908,0.0,0.0
20.0,6.389867387600453,0.0,0.0
20.0,6.406286959482523,0.0,0.0
20.0,6.434391820396332,0.0,0.0
20.0,6.469519516142965,0.0,0.0
20.0,6.515433122152494,0.0,0.0
20.0,6.52475132019394,0.0,0.0
20.0,6.473805615239366,0.0,0.16612504303032122
20.0,6.385047481526473,0.0,0.38715719659382897
20.0,6.2767641469200965,0.0,0.6083898747933812
20.0,6.175446267490244,0.0,0.7411295440786327
20.0,6.074260021226954,0.0,0.7853759316004332
20.0,5.979542208273423,0.0,0.7411295440786327
20.0,5.906564840293367,0.0,0.6194514911630564
20.0,5.888758761961192,0.0,0.3982187739850542
20.0,5.94906513148914,0.0,0.12167797495867626
20.0,6.048862248394152,0.0,0.0
20.0,6.125732029966804,0.0,0.0
20.0,6.193457784163886,0.0,0.0
20.0,6.2414635161830905,0.0,0.0
20.0,6.285152989648017,0.0,0.0
20.0,6.348844636894193,0.0,0.0
20.0,6.428219168943122,0.0,0.0
20.0,6.5084647830999485,0.0,0.0
20.0,6.570236014254107,0.0,0.0
20.0,6.616211083566522,0.0,0.0
20.0,6.650001992495608,0.0,0.0
20.0,6.6805336374480895,0.0,0.0
20.0,6.704600774572811,0.0,0.0
20.0,6.72779111992651,0.0,0.0
20.0,6.756141454715058,0.0,0.0
20.0,6.747390875738452,0.0,0.11035399464202564
20.0,6.656459323768868,0.0,0.3972743261414623
20.0,6.520371215169588,0.0,0.606946931552691
20.0,6.363124041384161,0.0,0.7504071167916344
20.0,6.234472789231917,0.0,0.7945486522829246
20.0,6.214138627855928,0.0,0.7504071167916344
20.0,6.280033688654601,0.0,0.6179823154255136
20.0,6.384269809500369,0.0,0.4083097489927349
20.0,6.484227641587503,0.0,0.1324247818768958
20.0,6.5220273885591205,0.0,0.0
20.0,6.529698471385482,0.0,0.0
20.0,6.6081896366635835,0.0,0.0
20.0,6.7699529968123855,0.0,0.0
20.0,6.9501983857088305,0.0,0.0
20.0,7.125515265203228,0.0,0.0
20.0,7.267846952629883,0.0,0.0
20.0,7.395705663595338,0.0,0.0
20.0,7.511573708346461,0.0,0.0
20.0,7.631154330358387,0.0,0.0
20.0,7.745338425181083,0.0,0.0
20.0,7.857493690872952,0.0,0.0
20.0,7.971635335915974,0.0,0.0
20.0,8.08708926186453,0.0,0.0
20.0,8.19934105367927,0.0,0.0
20.0,7.693644777317798,0.0,1.9664315979701155
20.0,6.4710389846821394,0.0,5.751182115284947
20.0,6.238673636843692,0.0,4.6662140370586425
20.0,5.14122289389827,0.0,7.356017445371472
20.0,3.939717531249003,0.0,9.55289584729044
20.0,3.6341861277969127,0.0,8.338936947515364
20.0,3.87837567573385,0.0,6.365513785312026
20.0,4.235013828060482,0.0,4.973079603744397
20.0,5.181273366046791,0.0,2.154799380803502
20.0,6.2063320759755385,0.0,0.0
20.0,6.682645773299276,0.0,0.0
20.0,6.9829165546969385,0.0,0.0
20.0,7.199516326591724,0.0,0.0
20.0,7.3769062119788655,0.0,0.0
20.0,7.54526615028787,0.0,0.0
20.0,7.740766812840989,0.0,0.0
20.0,7.927884563353768,0.0,0.0
20.0,8.091311408875285,0.0,0.0
20.0,8.23086301068899,0.0,0.0
20.0,8.364898356708565,0.0,0.0
20.0,8.508730425211956,0.0,0.0
20.0,8.658295575802734,0.0,0.0
20.0,8.795678292298309,0.0,0.0
20.0,8.880247303391354,0.0,0.0
20.0,8.836911087134302,0.0,0.19863716307073115
20.0,8.500083787430995,0.0,0.9869547490487848
20.0,8.267970820432229,0.0,1.1697522496571922
20.0,7.979182178375007,0.0,1.5008013350988387
20.0,7.261764888645743,0.0,3.275479684785978
20.0,6.9818332363559765,0.0,3.1920841721899835
20.0,6.405865428387713,0.0,4.614291892736773
20.0,7.029827477297068,0.0,1.5160524893082108
20.0,7.464516943179543,0.0,0.44436160963367405
20.0,7.727484144992939,0.0,0.0
20.0,7.843024624011991,0.0,0.0
20.0,7.942942038089563,0.0,0.0
20.0,8.038522241963058,0.0,0.0
20.0,8.122017423577484,0.0,0.0
20.0,8.181433668755862,0.0,0.0
20.0,8.203611244142488,0.0,0.0
20.0,8.214030498294685,0.0,0.0
20.0,8.231947729329784,0.0,0.0
20.0,8.253110702283818,0.0,0.0
20.0,8.27938275716776,0.0,0.0
20.0,8.30469035943975,0.0,0.0
20.0,8.322921334890594,0.0,0.0
20.0,8.34435470214542,0.0,0.0
20.0,8.382815176910436,0.0,0.0
20.0,8.383531921295475,0.0,0.1324247818768958
20.0,8.309847029546855,0.0,0.4193451718440075
20.0,8.185524662924493,0.0,0.6290177382767862
20.0,8.02748145623392,0.0,0.7724779624941794
20.0,7.886742193989138,0.0,0.8166194979854698
20.0,7.790773038807189,0.0,0.7835133073885521
20.0,7.776644129320065,0.0,0.6510885450008812
20.0,7.819984961406339,0.0,0.44141597856810255
20.0,7.915618887905041,0.0,0.1544955788563784
20.0,7.997429297041147,0.0,0.0
20.0,8.015121731129451,0.0,0.0
20.0,7.978575109883119,0.0,0.0
20.0,7.898619075786417,0.0,0.0
20.0,7.803306448377511,0.0,0.0
20.0,7.7078735348622605,0.0,0.0
20.0,7.639544596569159,0.0,0.0
20.0,7.581777964821684,0.0,0.0
20.0,7.534818682974558,0.0,0.0
20.0,7.488697747082059,0.0,0.0
20.0,7.448424435337486,0.0,0.0
20.0,7.415250970515682,0.0,0.0
20.0,7.381968374012722,0.0,0.0
20.0,7.35840451382255,0.0,0.0
20.0,7.363444147002551,0.0,0.0
20.0,7.345025329481391,0.0,0.1324247818768958
20.0,7.276730909956031,0.0,0.4193451718440075
20.0,7.179448014229501,0.0,0.6400531221496087
20.0,7.08989709146476,0.0,0.7835133073885521
20.0,7.015603645900765,0.0,0.8276549208367423
20.0,6.830444175847692,0.0,1.2359646308510273
20.0,6.755367473745589,0.0,1.1476814819115468
20.0,6.799337322032516,0.0,0.7724779624941794
20.0,6.911396281838428,0.0,0.3310619839260769
20.0,7.038076175914337,0.0,0.0
20.0,7.111152342278388,0.0,0.0
20.0,7.192464411485376,0.0,0.0
20.0,7.277938951406662,0.0,0.0
20.0,7.355643250571383,0.0,0.0
20.0,7.401139101180257,0.0,0.0
20.0,7.428473894051446,0.0,0.0
20.0,7.4526588232106175,0.0,0.0
20.0,7.483430029288001,0.0,0.0
20.0,7.553007468240062,0.0,0.0
20.0,7.630901707011822,0.0,0.0
20.0,7.711153485512534,0.0,0.0
20.0,7.7899763286357,0.0,0.0
20.0,7.856770896977062,0.0,0.0
20.0,7.907848414532765,0.0,0.0
20.0,7.373219281884449,0.0,1.8629163392777122
20.0,6.157007951417383,0.0,5.46435309514285
20.0,4.880672145973957,0.0,8.091985276869263
20.0,3.892656194038831,0.0,9.213434816667641
20.0,3.833785773269127,0.0,7.192215161396359
20.0,2.932978258454508,0.0,9.24633177020887
20.0,3.2471935091370523,0.0,6.364806317696705
20.0,3.2308672402377123,0.0,6.071057847870201
20.0,4.088004955164353,0.0,2.917405397709474
20.0,5.336227204666842,0.0,0.0
20.0,5.89276095399363,0.0,0.0
20.0,6.282587106956344,0.0,0.0
20.0,6.553431807930084,0.0,0.0
20.0,6.7765187871284835,0.0,0.0
20.0,6.986447197971574,0.0,0.0
20.0,7.1942160849602725,0.0,0.0
20.0,7.398824221415052,0.0,0.0
20.0,7.5652177599596975,0.0,0.0
20.0,7.724166164587458,0.0,0.0
20.0,7.883383200741899,0.0,0.0
20.0,8.051171947220977,0.0,0.0
20.0,8.25035576477742,0.0,0.0
20.0,8.453770255489095,0.0,0.0
20.0,8.651471846433447,0.0,0.0
20.0,8.209437940182946,0.0,1.990950891148896
20.0,6.957072855669224,0.0,5.862402414353718
20.0,6.19627876969064,0.0,6.698165978367661
20.0,5.008302059929442,0.0,9.063780005457815
20.0,5.262271818137209,0.0,5.824017007848565
20.0,4.038227664621106,0.0,9.390699285994158
20.0,4.006019005059812,0.0,7.538628072050245
20.0,4.242558346779988,0.0,6.0003588756629
20.0,5.170622659321695,0.0,2.846206933324501
20.0,6.40291379399254,0.0,0.0
20.0,6.933626248869324,0.0,0.0
20.0,7.290759660671133,0.0,0.0
20.0,7.531017432018537,0.0,0.0
20.0,7.7240359962112,0.0,0.0
20.0,7.902709406471202,0.0,0.0
20.0,8.09532218890204,0.0,0.0
20.0,8.290697358636743,0.0,0.0
20.0,8.4843056750345,0.0,0.0
20.0,8.678787482666399,0.0,0.0
20.0,8.875937461549846,0.0,0.0
20.0,9.073074086007965,0.0,0.0
20.0,9.244848883353972,0.0,0.0
20.0,9.383061843233072,0.0,0.0
20.0,9.48612015473995,0.0,0.0
20.0,8.78755764401927,0.0,2.4303716082767437
20.0,7.669236084504033,0.0,5.395389537879386
20.0,6.932282806913628,0.0,6.23828247606386
20.0,5.664931536676159,0.0,9.061944302095714
20.0,5.4479858993846975,0.0,7.513444069136305
20.0,4.642615223384839,0.0,9.1509667960948
20.0,4.517762045932015,0.0,8.016354179861217
20.0,5.1825467624880135,0.0,4.997417729196367
20.0,6.0847741035906315,0.0,2.5214276801189497
20.0,7.300900226997061,0.0,0.0
20.0,7.869414872543597,0.0,0.0
20.0,8.253092739148164,0.0,0.0
20.0,8.484196295498542,0.0,0.0
20.0,8.667338652354786,0.0,0.0
20.0,8.862414815922554,0.0,0.0
20.0,9.082956049111841,0.0,0.0
20.0,9.295842373376807,0.0,0.0
20.0,9.476603199828993,0.0,0.0
20.0,9.626302213457311,0.0,0.0
20.0,9.771819383450234,0.0,0.0
20.0,9.958221478856712,0.0,0.0
20.0,10.172046276544206,0.0,0.0
20.0,10.381805041559774,0.0,0.0
20.0,10.521834226862289,0.0,0.0
20.0,9.745557040661385,0.0,2.6432977068524406
20.0,8.516119619311228,0.0,5.906393941349702
20.0,7.39780561662448,0.0,7.827468584466897
20.0,6.826240958545701,0.0,7.590431820242822
20.0,5.797899585086497,0.0,9.480076180963335
20.0,5.683009014897866,0.0,7.720279937457795
20.0,5.73558210850606,0.0,6.493406075766172
20.0,5.653030364131627,0.0,6.285082456809962
20.0,6.4242329084340835,0.0,3.3078203059463513
20.0,7.718747006853292,0.0,0.0
20.0,8.268075372101553,0.0,0.0
20.0,8.67158627350188,0.0,0.0
20.0,9.001214531946703,0.0,0.0
20.0,9.283987810473878,0.0,0.0
20.0,9.511822351588085,0.0,0.0
20.0,9.679391503129485,0.0,0.0
20.0,9.82924988781591,0.0,0.0
20.0,9.975996044920393,0.0,0.0
20.0,10.121090980039103,0.0,0.0
20.0,10.270260945340034,0.0,0.0
20.0,10.420040409410609,0.0,0.0
20.0,10.568660235709299,0.0,0.0
20.0,10.711790901491606,0.0,0.0
20.0,10.830828242968968,0.0,0.0
20.0,10.844201904411287,0.0,0.3089911577127568
20.0,10.663347430386606,0.0,0.8055840751341973
20.0,10.561121389314156,0.0,0.684194735597799
20.0,10.351413913596843,0.0,0.8276549208367423
20.0,10.141323231642446,0.0,0.8717965342849326
20.0,9.992847375462588,0.0,0.838690343688015
20.0,9.940813092570743,0.0,0.7062655033434442
20.0,9.97189814399653,0.0,0.49659297588911533
20.0,10.065384632372353,0.0,0.22070798928405128
20.0,10.160321755184535,0.0,0.0
20.0,10.181946603964695,0.0,0.0
20.0,10.159650161667887,0.0,0.0
20.0,10.110053575735835,0.0,0.0
20.0,10.053605534128316,0.0,0.0
20.0,10.019648992679974,0.0,0.0
20.0,10.024149641517619,0.0,0.0
20.0,10.028351093021847,0.0,0.0
20.0,9.991971234759896,0.0,0.0
20.0,9.92627525673707,0.0,0.0
20.0,9.854911894369296,0.0,0.0
20.0,9.794866926989407,0.0,0.0
20.0,9.767139078229762,0.0,0.0
20.0,9.760881032090742,0.0,0.0
20.0,9.764770760224208,0.0,0.0
20.0,9.711031508957385,0.0,0.17656637583586104
20.0,9.577680134729817,0.0,0.46348678529219767
20.0,9.407547995346281,0.0,0.6952300804921716
20.0,9.206412862055352,0.0,0.8276549208367423
20.0,9.000678006262387,0.0,0.8828319571362051
20.0,8.815690476573485,0.0,0.8497256885823874
20.0,8.671271227619533,0.0,0.7173009261947166
20.0,8.587151612405416,0.0,0.5076283597619381
20.0,8.577089679078934,0.0,0.22070798928405128
20.0,8.612667049144292,0.0,0.0
20.0,8.602784244680985,0.0,0.0
20.0,8.571870503855777,0.0,0.0
20.0,8.531720500485802,0.0,0.0
20.0,8.490262049271188,0.0,0.0
20.0,8.455652979795632,0.0,0.0
20.0,8.461418132421095,0.0,0.0
20.0,8.477722994721544,0.0,0.0
20.0,8.500565181828739,0.0,0.0
20.0,8.519424639267227,0.0,0.0
20.0,8.539021841309788,0.0,0.0
20.0,8.559559958663538,0.0,0.0
20.0,8.570277963397999,0.0,0.0
20.0,8.565315005278423,0.0,0.0
20.0,8.505299940782109,0.0,0.0
20.0,8.359513365848203,0.0,0.1876017597086836
20.0,8.158575202644665,0.0,0.47452216916502027
20.0,7.9567080141704425,0.0,0.6952300804921716
20.0,7.783622027693758,0.0,0.838690343688015
20.0,7.651994578969033,0.0,0.8938673799874778
20.0,7.556458477394271,0.0,0.8607611114336601
20.0,7.380383502034197,0.0,1.136646059060274
20.0,7.340263581028307,0.0,0.8938673799874778
20.0,7.44126952063559,0.0,0.4193451718440075
20.0,7.571161240566894,0.0,0.011035398489741315
20.0,7.624151178180642,0.0,0.0
20.0,7.650208269632252,0.0,0.0
20.0,7.65935941216814,0.0,0.0
20.0,7.66314056293266,0.0,0.0
20.0,7.695585869874145,0.0,0.0
20.0,7.759119775261415,0.0,0.0
20.0,7.831727922867634,0.0,0.0
20.0,7.899845889553836,0.0,0.0
20.0,7.962014959706407,0.0,0.0
20.0,8.03258346858473,0.0,0.0
20.0,8.131834571775494,0.0,0.0
20.0,8.261387791424584,0.0,0.0
20.0,8.396753673271686,0.0,0.0
20.0,8.488966586837801,0.0,0.0
20.0,7.902394338603336,0.0,2.135749817367732
20.0,6.648070340289325,0.0,5.76120652071827
20.0,6.860955248735498,0.0,3.29322325210057
20.0,5.518191948801549,0.0,7.6847215059046174
20.0,5.710947383247784,0.0,4.971868961933342
20.0,4.936701947567401,0.0,6.798297536581768
20.0,4.717081326736693,0.0,5.87069351900831
20.0,4.557361018660692,0.0,5.295270959838591
20.0,5.289553300251322,0.0,2.2586515997028696
20.0,6.258208853555471,0.0,0.011035398489741315
20.0,6.698515227893028,0.0,0.0
20.0,6.990217412342648,0.0,0.0
20.0,7.162668938879287,0.0,0.0
20.0,7.2977605221538475,0.0,0.0
20.0,7.41863685196711,0.0,0.0
20.0,7.547136348485615,0.0,0.0
20.0,7.673724669244507,0.0,0.0
20.0,7.772587222852203,0.0,0.0
20.0,7.834263197969857,0.0,0.0
20.0,7.8632663669065765,0.0,0.0
20.0,7.8796100647052745,0.0,0.0
20.0,7.899561820047966,0.0,0.0
20.0,7.921267294870389,0.0,0.0
20.0,7.944750643603482,0.0,0.0
20.0,7.910775793473908,0.0,0.20967258592200375
20.0,7.804941728404132,0.0,0.49659297588911533
20.0,7.6952657919093,0.0,0.7173009261947166
20.0,7.582498814912485,0.0,0.8607611114336601
20.0,7.495453207685989,0.0,0.9159381477331229
20.0,7.468441711470433,0.0,0.8717965342849326
20.0,7.504289310836271,0.0,0.7504071167916344
20.0,7.592397968572428,0.0,0.5296991275075832
20.0,7.718721240267842,0.0,0.25381417988096905
20.0,7.850727825538342,0.0,0.011035398489741315
20.0,7.899854771087831,0.0,0.0
20.0,7.9080128566132935,0.0,0.0
20.0,7.889258236561097,0.0,0.0
20.0,7.872487726340897,0.0,0.0
20.0,7.896796697859059,0.0,0.0
20.0,7.954665659922368,0.0,0.0
20.0,8.020246683521755,0.0,0.0
20.0,8.076006493575317,0.0,0.0
20.0,8.085300798535107,0.0,0.0
20.0,8.089823602956612,0.0,0.0
20.0,8.098189021643792,0.0,0.0
20.0,8.125290389104944,0.0,0.0
20.0,8.186276861767183,0.0,0.0
20.0,8.287746976424678,0.0,0.0
20.0,8.30542129101618,0.0,0.3420973677988995
20.0,8.230359783739882,0.0,0.8717965342849326
20.0,8.094235011867777,0.0,1.2690708994048447
20.0,7.921055393847531,0.0,1.5228850792858142
20.0,7.82531177598552,0.0,1.4566726980919789
20.0,7.911237853097829,0.0,0.8828319571362051
20.0,7.982703675550631,0.0,0.7614425396429071
20.0,8.110400083564,0.0,0.5407345503588555
20.0,8.256775979087527,0.0,0.4193451718440075
20.0,8.496057532433559,0.0,0.02207079697948263
20.0,8.663362039134727,0.0,0.0
20.0,8.814772583739257,0.0,0.0
20.0,8.963055117575374,0.0,0.0
20.0,9.117086627637043,0.0,0.0
20.0,9.324475939141461,0.0,0.0
20.0,9.550477531165194,0.0,0.0
20.0,9.784605063853855,0.0,0.0
20.0,10.015804666074692,0.0,0.0
20.0,10.205046232222763,0.0,0.0
20.0,10.394973710822903,0.0,0.0
20.0,10.58992138539821,0.0,0.0
20.0,10.7880564632562,0.0,0.0
20.0,10.997331908266487,0.0,0.0
20.0,11.215476502778845,0.0,0.0032627624150460247
20.0,11.26165324504703,0.0,0.5655350948066721
20.0,10.1011864702237,0.0,4.917084989921205
20.0,8.964427887857035,0.0,7.417458628088639
20.0,8.495064006164457,0.0,6.958411136059363
20.0,7.4738856281517005,0.0,8.898074693046283
20.0,6.796741829447799,0.0,9.092268404308415
20.0,6.501256522793548,0.0,8.271836909473123
20.0,7.023698842347754,0.0,5.331736387038264
20.0,7.647073657749004,0.0,3.4884556170024634
20.0,8.917651678960965,0.0,0.3517262561063655
20.0,9.608478570341216,0.0,0.0
20.0,10.07262137980534,0.0,0.0
20.0,10.428156729098474,0.0,0.0
20.0,10.715056217598281,0.0,0.0
20.0,10.975237308646951,0.0,0.0
20.0,11.214762075046625,0.0,0.0
20.0,11.422274702863934,0.0,0.0
20.0,11.614974708889898,0.0,0.0
20.0,11.758810413075457,0.0,0.0
20.0,11.886414367176249,0.0,0.0
20.0,12.00526187061578,0.0,0.0
20.0,12.098852598164271,0.0,0.0
20.0,12.149138254290973,0.0,0.0
20.0,12.118128279319555,0.0,0.0054536198911409916
20.0,11.960187176160762,0.0,0.23196288029807022
20.0,11.674189074381333,0.0,0.5191550669970584
20.0,11.428154568622396,0.0,0.7511179278059035
20.0,11.23179684229335,0.0,0.8947140698784601
20.0,11.044060759202459,0.0,0.949943337300928
20.0,10.837791772569577,0.0,0.9057598609974337
20.0,10.644632676015396,0.0,0.7732096659576506
20.0,10.49051128551617,0.0,0.5633384653436526
20.0,10.442444861863073,0.0,0.28719216720976315
20.0,10.44884545645881,0.0,0.02209170404560341
20.0,10.391289404819998,0.0,0.0
20.0,10.229409018758647,0.0,0.0
20.0,9.981825195999246,0.0,0.0
20.0,9.710148030328451,0.0,0.0
20.0,9.44024970483026,0.0,0.0
20.0,9.222903149417114,0.0,0.0
20.0,9.004335824217673,0.0,0.0
20.0,8.739252574118986,0.0,0.0
20.0,8.450457690315435,0.0,0.0
20.0,8.171381766500021,0.0,0.0
20.0,7.979527636981916,0.0,0.0
20.0,7.870688288281688,0.0,0.0
20.0,7.808662448426985,0.0,0.0
20.0,7.7492509892152395,0.0,0.011035398489741315
20.0,6.7975548186489805,0.0,2.987305581971561
20.0,5.771425310488185,0.0,5.20206178443917
20.0,5.6059757971463515,0.0,3.859683312322229
20.0,5.003181418937779,0.0,4.914518737976317
20.0,5.189897614966725,0.0,2.9221585561235788
20.0,4.418585635509905,0.0,5.330543640395299
20.0,3.4884205839244693,0.0,7.465253408860355
20.0,3.359175128468778,0.0,6.3529406785014
20.0,4.546589441900926,0.0,1.5489839814642936
20.0,5.2939829014342745,0.0,0.04414159395896526
20.0,5.5931180100230184,0.0,0.0
20.0,5.750416432447422,0.0,0.0
20.0,5.84403656490751,0.0,0.0
20.0,5.898274479299038,0.0,0.0
20.0,5.930285636262819,0.0,0.0
20.0,5.948860207507557,0.0,0.0
20.0,5.9699220766266565,0.0,0.0
20.0,5.997098904131247,0.0,0.0
20.0,6.021956515342228,0.0,0.0
20.0,6.0457052748975135,0.0,0.0
20.0,6.065238877379824,0.0,0.0
20.0,6.067239231424545,0.0,0.0
20.0,6.06759683985808,0.0,0.0
20.0,6.086308124429722,0.0,0.011035398489741315
20.0,6.057416546737416,0.0,0.25381417988096905
20.0,5.985932474470198,0.0,0.5407345503588555
20.0,5.934453568848936,0.0,0.7724779624941794
20.0,5.906616215975413,0.0,0.9159381477331229
20.0,5.906086982948521,0.0,0.9711151060756857
20.0,5.93743294486713,0.0,0.9269735705843953
20.0,5.998943730336969,0.0,0.7945486522829246
20.0,6.048490189463709,0.0,0.5848761248285961
20.0,6.053226986948058,0.0,0.3089911577127568
20.0,6.0248279918232255,0.0,0.03310619546922395
20.0,5.939844022050852,0.0,0.0
20.0,5.914130593994171,0.0,0.0
20.0,5.960448108332421,0.0,0.0
20.0,6.035482791369617,0.0,0.0
20.0,6.098162659312632,0.0,0.0
20.0,6.1328945552544045,0.0,0.0
20.0,6.156485735379562,0.0,0.0
20.0,6.180718182892329,0.0,0.0
20.0,6.224963879227669,0.0,0.0
20.0,6.275980318888056,0.0,0.0
20.0,6.321105380431876,0.0,0.0
20.0,6.341866948075759,0.0,0.0
20.0,6.353581319036004,0.0,0.0
20.0,6.347438972741704,0.0,0.02207079697948263
20.0,6.1929702064037135,0.0,0.47452216916502027
20.0,5.839717277999128,0.0,1.3807086432246078
20.0,4.476774294032204,0.0,5.429716439399738
20.0,3.8387180793017532,0.0,5.630631912529009
20.0,4.258170375503679,0.0,2.6118784797138277
20.0,4.5060337285973215,0.0,1.6553098416734846
20.0,4.61318280255755,0.0,1.4125310066868884
20.0,4.785983062793174,0.0,0.9380089154787679
20.0,5.047174403475785,0.0,0.32002656107480437
20.0,5.240019106251695,0.0,0.03310619546922395
20.0,5.355098747122126,0.0,0.0
20.0,5.4340019158692945,0.0,0.0
20.0,5.461786765562356,0.0,0.0
20.0,5.475238611068311,0.0,0.0
20.0,5.483551464638885,0.0,0.0
20.0,5.488039005075755,0.0,0.0
20.0,5.483674575678483,0.0,0.0
20.0,5.472240377163147,0.0,0.0
20.0,5.476778832384678,0.0,0.0
20.0,5.483781532318778,0.0,0.0
20.0,5.498595539714717,0.0,0.0
20.0,5.543353495651721,0.0,0.0
20.0,5.574375699851687,0.0,0.0
20.0,5.592950588831275,0.0,0.011035398489741315
20.0,5.4811400078049735,0.0,0.43038055571683004
20.0,5.242915501421206,0.0,0.9821505289269584
20.0,5.013143950796543,0.0,1.3794248940468705
20.0,4.79264449555785,0.0,1.6442742629084122
20.0,4.662313815123788,0.0,1.5559911919258316
20.0,4.706839624374204,0.0,0.9490443383300405
20.0,4.548104095290012,0.0,1.29114166715049
20.0,4.522452423279537,0.0,1.0593982550151664
20.0,4.629965076989975,0.0,0.5848761248285961
20.0,4.8220779406009555,0.0,0.0772477894281892
20.0,4.958207219882291,0.0,0.0
20.0,5.069759421618073,0.0,0.0
20.0,5.173801906067262,0.0,0.0
20.0,5.268136542557404,0.0,0.0
20.0,5.3408150366294125,0.0,0.0
20.0,5.392173665841684,0.0,0.0
20.0,5.436260097829541,0.0,0.0
20.0,5.47579452355474,0.0,0.0
20.0,5.514129940008845,0.0,0.0
20.0,5.553061281307625,0.0,0.0
20.0,5.591520947032581,0.0,0.0
20.0,5.630954982617032,0.0,0.0
20.0,5.654759146781815,0.0,0.0
20.0,5.659255573137076,0.0,0.022070799415635757
20.0,5.565783799047349,0.0,0.2869203704778867
20.0,5.4322417502023335,0.0,0.5738407409557734
20.0,5.2964532037796905,0.0,0.8055840751341973
20.0,5.1668281858333325,0.0,0.9490443383300405
20.0,5.043609252691086,0.0,1.0042213746295034
20.0,4.919853297119011,0.0,0.9600796832244132
20.0,4.676505310922616,0.0,1.3021770900017624
20.0,4.581487500700775,0.0,1.0704335999095387
20.0,4.655037261997132,0.0,0.5959115476798684
20.0,4.8718375292676095,0.0,0.08828318791793052
20.0,5.058818118475683,0.0,0.0
20.0,5.237321594017024,0.0,0.0
20.0,5.400098228090816,0.0,0.0
20.0,5.505218987109693,0.0,0.0
20.0,5.523765773929772,0.0,0.0
20.0,5.456651592097655,0.0,0.0
20.0,5.380897286124989,0.0,0.0
20.0,5.368099686287694,0.0,0.0
20.0,5.437615908961929,0.0,0.0
20.0,5.512924370501254,0.0,0.0
20.0,5.541864898793202,0.0,0.0
20.0,5.50532257718153,0.0,0.0
20.0,5.458032369129061,0.0,0.0
20.0,5.432813924239179,0.0,0.022070799415635757
20.0,5.378324173440949,0.0,0.2979557738399342
20.0,5.292903029496593,0.0,0.5848761248285961
20.0,5.151084534279863,0.0,0.8166194979854698
20.0,4.968836356416077,0.0,0.9600796832244132
20.0,4.804378716782222,0.0,1.0152567195238762
20.0,4.692704026182214,0.0,0.9711151060756857
20.0,4.65910324864303,0.0,0.838690343688015
20.0,4.698507668948466,0.0,0.6290177382767862
20.0,4.787206227607125,0.0,0.3420973677988995
20.0,4.898046990032841,0.0,0.04414159395896526
20.0,4.942809080231471,0.0,0.0
20.0,4.939927814484092,0.0,0.0
20.0,4.919983517852217,0.0,0.0
20.0,4.902947752339614,0.0,0.0
20.0,4.91371854451949,0.0,0.0
20.0,4.9547551589190455,0.0,0.0
20.0,5.005494537043795,0.0,0.0
20.0,5.0500872164714465,0.0,0.0
20.0,5.072575123405169,0.0,0.0
20.0,5.08020665684031,0.0,0.0
20.0,5.065356244593131,0.0,0.0
20.0,5.046760045943382,0.0,0.0
20.0,5.030098431899606,0.0,0.0
20.0,5.064459894851842,0.0,0.02207079697948263
20.0,5.038069216333501,0.0,0.3089911577127568
20.0,4.978480906412369,0.0,0.5959115476798684
20.0,4.838007572762864,0.0,0.8276549208367423
20.0,4.512953935927175,0.0,1.5228850792858142
20.0,4.262046661537315,0.0,1.7987700269124283
20.0,4.037562143459841,0.0,2.3837805298465553
20.0,4.298271241407137,0.0,1.5228850792858142
20.0,4.589347961771685,0.0,1.0042213746295034
20.0,4.90080193989164,0.0,0.3531327516717221
20.0,5.04675493127803,0.0,0.05517699732101282
20.0,5.065479689985627,0.0,0.0
20.0,5.027102582433419,0.0,0.0
20.0,4.972578174104095,0.0,0.0
20.0,4.944034963429448,0.0,0.0
20.0,4.9921587374345275,0.0,0.0
20.0,5.110078145290422,0.0,0.0
20.0,5.264885721649511,0.0,0.0
20.0,5.422514675485808,0.0,0.0
20.0,5.5610092528672,0.0,0.0
20.0,5.670392389332701,0.0,0.0
20.0,5.728495489766678,0.0,0.0
20.0,5.743650830798481,0.0,0.0
20.0,5.727909624256499,0.0,0.0
20.0,5.669542723926215,0.0,0.03310619546922395
20.0,5.521029771957999,0.0,0.32002656107480437
20.0,5.360577355630311,0.0,0.606946931552691
20.0,5.266277740723243,0.0,0.838690343688015
20.0,5.215811661449956,0.0,0.9821505289269584
20.0,5.183745809459086,0.0,1.0373275652264211
20.0,5.104818163554301,0.0,0.9931859517782307
20.0,4.999868911417814,0.0,0.8607611114336601
20.0,4.937366296864743,0.0,0.6510885450008812
20.0,5.029618234260132,0.0,0.3641681745229947
20.0,5.269692915325334,0.0,0.0662123909384479
20.0,5.482632550764869,0.0,0.0
20.0,5.647774538345613,0.0,0.0
20.0,5.71007235371874,0.0,0.0
20.0,5.715792305827183,0.0,0.0
20.0,5.691457775832185,0.0,0.0
20.0,5.667885000456266,0.0,0.0
20.0,5.678188744462621,0.0,0.0
20.0,5.75126452635381,0.0,0.0
20.0,5.880101860411006,0.0,0.0
20.0,6.012579013497873,0.0,0.0
20.0,6.095197032481859,0.0,0.0
20.0,6.109393892412789,0.0,0.0
20.0,6.112092336334576,0.0,0.0
20.0,6.1254095546480265,0.0,0.03310619546922395
20.0,6.079401722741588,0.0,0.3310619839260769
20.0,6.003272002515005,0.0,0.6179823154255136
20.0,5.708118429575018,0.0,1.3242479357043075
20.0,5.2473952871314955,0.0,2.233598389346359
20.0,4.588953612640446,0.0,3.601206563656236
20.0,3.7398327937646454,0.0,5.414969916580039
20.0,3.1908086765833934,0.0,6.019499087845123
20.0,3.2888704640981774,0.0,4.643465997512894
20.0,4.2105736022336995,0.0,1.2389788557715689
20.0,4.833084068516716,0.0,0.12138938825946072
20.0,5.1303332630993905,0.0,0.0
20.0,5.314184281924463,0.0,0.0
20.0,5.451356165774487,0.0,0.0
20.0,5.57259207417929,0.0,0.0
20.0,5.74387630068558,0.0,0.0
20.0,5.9229827134706605,0.0,0.0
20.0,6.0821511494826295,0.0,0.0
20.0,6.1739608110977455,0.0,0.0
20.0,6.179169796119426,0.0,0.0
20.0,6.16995367564856,0.0,0.0
20.0,6.186404906209378,0.0,0.0
20.0,6.246744055164559,0.0,0.0
20.0,6.308209099060058,0.0,0.0
20.0,6.30282511353268,0.0,0.0662123909384479
20.0,6.089929849886523,0.0,0.5959115476798684
20.0,5.82346887878553,0.0,1.1807876725084643
20.0,5.2197554134732975,0.0,2.918832590863458
20.0,5.330857711881472,0.0,1.7987700269124283
20.0,5.3381500636144645,0.0,1.6663451086109575
20.0,5.267225758483724,0.0,1.6111681502683945
20.0,5.140873746197775,0.0,1.5780620376283767
20.0,5.01365449429429,0.0,1.532777544647367
20.0,5.0686266026504825,0.0,0.9747507003436454
20.0,5.334757187831775,0.0,0.12138938825946072
20.0,5.499710541543075,0.0,0.0
20.0,5.622708472322823,0.0,0.0
20.0,5.752220093939695,0.0,0.0
20.0,5.881079137192032,0.0,0.0
20.0,6.00424192446727,0.0,0.0
20.0,6.1266871308584,0.0,0.0
20.0,6.239664763595776,0.0,0.0
20.0,6.337485791909542,0.0,0.0
20.0,6.417640013247211,0.0,0.0
20.0,6.505422399978642,0.0,0.0
20.0,6.629239438328724,0.0,0.0
20.0,6.761605693464015,0.0,0.0
20.0,6.873258030290753,0.0,0.0
20.0,6.886006107725859,0.0,0.04414159395896526
20.0,6.676302392865966,0.0,0.5407345503588555
20.0,6.352630146282407,0.0,1.1145752133577291
20.0,6.023707444559938,0.0,1.5228850792858142
20.0,5.79140520860124,0.0,1.6001328833309219
20.0,5.755253050915344,0.0,1.0704335999095387
20.0,5.6505552304600295,0.0,1.0373275652264211
20.0,5.5863934217602615,0.0,0.9049027248818503
20.0,5.581815222434008,0.0,0.684194735597799
20.0,5.647046763096239,0.0,0.3972743261414623
20.0,5.788364170190778,0.0,0.0772477894281892
20.0,5.8933448756029,0.0,0.0
20.0,5.9716817295922615,0.0,0.0
20.0,6.0409007388305165,0.0,0.0
20.0,6.0948584256075184,0.0,0.0
20.0,6.135238449223131,0.0,0.0
20.0,6.173752521578135,0.0,0.0
20.0,6.214612181619887,0.0,0.0
20.0,6.255664586258345,0.0,0.0
20.0,6.314977767219542,0.0,0.0
20.0,6.390038444340009,0.0,0.0
20.0,6.47251198285539,0.0,0.0
20.0,6.563624064211989,0.0,0.0
20.0,6.6304856824796214,0.0,0.0
20.0,6.561814339464649,0.0,0.2302080731394238
20.0,5.664518185663158,0.0,3.0197744876443053
20.0,5.098421811390039,0.0,3.7369767971744983
20.0,5.405236241590837,0.0,1.5670266147771041
20.0,5.405767148489031,0.0,1.6222037290334672
20.0,5.532250710710004,0.0,1.081469100717711
20.0,5.53674569662978,0.0,1.0483629880776937
20.0,5.52957495738411,0.0,0.9159381477331229
20.0,5.541627465659217,0.0,0.6952300804921716
20.0,5.584382134722367,0.0,0.4083097489927349
20.0,5.675806382328576,0.0,0.08828318791793052
20.0,5.751350157728804,0.0,0.0
20.0,5.861722686482236,0.0,0.0
20.0,5.986034196982258,0.0,0.0
20.0,6.104371919831554,0.0,0.0
20.0,6.169315157159176,0.0,0.0
20.0,6.166320261636743,0.0,0.0
20.0,6.161088842322319,0.0,0.0
20.0,6.19835882252577,0.0,0.0
20.0,6.280519939873848,0.0,0.0
20.0,6.364069295826501,0.0,0.0
20.0,6.410274588089919,0.0,0.0
20.0,6.399169540730808,0.0,0.0
20.0,6.375196218286437,0.0,0.0
20.0,6.331945992104293,0.0,0.05517699732101282
20.0,6.207887265054071,0.0,0.3752035583958172
20.0,6.064379155546606,0.0,0.6621239678521538
20.0,5.884584878266057,0.0,0.8938673799874778
20.0,5.705749364566339,0.0,1.0373275652264211
20.0,5.5490923275286494,0.0,1.0925045235689839
20.0,5.439075752785591,0.0,1.0593982550151664
20.0,5.389942047537309,0.0,0.9269735705843953
20.0,5.4123805005372,0.0,0.7062655033434442
20.0,5.513672722362826,0.0,0.4193451718440075
20.0,5.656307176550682,0.0,0.09931858153536557
20.0,5.756412849208362,0.0,0.0
20.0,5.7998712396708205,0.0,0.0
20.0,5.795239442258583,0.0,0.0
20.0,5.783280966294648,0.0,0.0
20.0,5.787369913067523,0.0,0.0
20.0,5.820222543231761,0.0,0.0
20.0,5.874138555226915,0.0,0.0
20.0,5.933820228262298,0.0,0.0
20.0,6.002952385097653,0.0,0.0
20.0,6.076156160759872,0.0,0.0
20.0,6.147367377231171,0.0,0.0
20.0,6.218489360157675,0.0,0.0
20.0,6.279577997190281,0.0,0.0
20.0,6.300063228276113,0.0,0.0662123909384479
20.0,6.207020959520701,0.0,0.3862389812470897
20.0,6.061312212979206,0.0,0.6731593127465263
20.0,5.722476858593613,0.0,1.423566429538161
20.0,5.211949615332948,0.0,2.5163148270122533
20.0,4.483492281716179,0.0,4.137694796248887
20.0,4.318569797813123,0.0,3.5210581069537374
20.0,4.723662757747265,0.0,1.676802743004197
20.0,4.959791692290891,0.0,1.2470000537022998
20.0,5.1941546377734795,0.0,0.8055840751341973
20.0,5.481535113057544,0.0,0.1876017791979086
20.0,5.66989098041493,0.0,0.0
20.0,5.801977314266663,0.0,0.0
20.0,5.920097796164862,0.0,0.0
20.0,6.033923487934654,0.0,0.0
20.0,6.159460027308297,0.0,0.0
20.0,6.3005621011030035,0.0,0.0
20.0,6.448401281602734,0.0,0.0
20.0,6.600330961476478,0.0,0.0
20.0,6.757263976620492,0.0,0.0
20.0,6.915237592667965,0.0,0.0
20.0,7.064526889756615,0.0,0.0
20.0,7.201067575033707,0.0,0.0
20.0,7.312597229195574,0.0,0.0
20.0,7.359810596482889,0.0,0.12138938825946072
20.0,7.191304846214212,0.0,0.7393717718972619
20.0,6.939600456395831,0.0,1.2028585182110099
20.0,6.770398722869431,0.0,0.9159381477331229
20.0,6.455350887495466,0.0,1.0704335999095387
20.0,6.141663130490245,0.0,1.1256106362090015
20.0,5.738106124197478,0.0,1.6994513771647748
20.0,5.395526786645973,0.0,2.2022670405546134
20.0,5.4195311067234755,0.0,1.610805679714163
20.0,5.334533097749259,0.0,1.8962127937773459
20.0,5.764439074591047,0.0,0.4504470754477214
20.0,6.0920970002702965,0.0,0.0
20.0,6.276437930140382,0.0,0.0
20.0,6.417492449432393,0.0,0.0
20.0,6.537996883534247,0.0,0.0
20.0,6.65388128063306,0.0,0.0
20.0,6.779176352369928,0.0,0.0
20.0,6.917118856125825,0.0,0.0
20.0,7.059548257985815,0.0,0.0
20.0,7.207875857453231,0.0,0.0
20.0,7.357764521157062,0.0,0.0
20.0,7.474880647597092,0.0,0.0
20.0,7.588505457118921,0.0,0.0
20.0,7.69954430317148,0.0,0.0
20.0,7.614275120562444,0.0,0.6128470216180884
20.0,6.962426398886091,0.0,3.0308255385150904
20.0,6.938430859544193,0.0,2.1913054111505716
20.0,6.5654769007072495,0.0,2.6343551973342247
20.0,6.002167033379956,0.0,3.1810645928127252
20.0,4.288958654712486,0.0,7.524212398499233
20.0,4.209731000491536,0.0,4.9384257446003215
20.0,3.5686020021720224,0.0,6.2058823940414864
20.0,4.460765163151138,0.0,1.9736030359120027
20.0,5.019241375688225,0.0,0.8497256885823874
20.0,5.472533897533601,0.0,0.20967258592200375
20.0,5.765685080663526,0.0,0.0
20.0,5.958971864497799,0.0,0.0
20.0,6.075492033836862,0.0,0.0
20.0,6.173920521108359,0.0,0.0
20.0,6.25879116184226,0.0,0.0
20.0,6.317193102741722,0.0,0.0
20.0,6.361956010948981,0.0,0.0
20.0,6.391771998480447,0.0,0.0
20.0,6.4048496825317605,0.0,0.0
20.0,6.416872332512575,0.0,0.0
20.0,6.426406254538977,0.0,0.0
20.0,6.430173480364287,0.0,0.0
20.0,6.450595189258229,0.0,0.0
20.0,6.474183967543666,0.0,0.08828318791793052
20.0,6.43825261491848,0.0,0.4193451718440075
20.0,6.358919182915592,0.0,0.7173009261947166
20.0,6.2769780502556785,0.0,0.9490443383300405
20.0,6.172737501023253,0.0,1.0925045235689839
20.0,6.0744217614142775,0.0,1.1476814819115468
20.0,6.015971578219493,0.0,1.1035399464202564
20.0,6.017906172974576,0.0,0.9711151060756857
20.0,6.062907252236837,0.0,0.7504071167916344
20.0,6.118632380273322,0.0,0.46348678529219767
20.0,6.198170914435485,0.0,0.1324247818768958
20.0,6.253569051682143,0.0,0.0
20.0,6.34364579161473,0.0,0.0
20.0,6.467481320789488,0.0,0.0
20.0,6.5911195514478695,0.0,0.0
20.0,6.664935933836832,0.0,0.0
20.0,6.689353261758846,0.0,0.0
20.0,6.72003945237383,0.0,0.0
20.0,6.8066962903779,0.0,0.0
20.0,6.967298780553651,0.0,0.0
20.0,7.145620981390748,0.0,0.0
20.0,7.3096113852646605,0.0,0.0
20.0,7.431273776222879,0.0,0.0
20.0,7.512682198388648,0.0,0.0
20.0,7.312759377678836,0.0,0.7665834476708657
20.0,6.542838329798089,0.0,3.2417144677952052
20.0,5.663700816199828,0.0,5.1360689042018155
20.0,4.310145150169587,0.0,8.077825163492937
20.0,3.2705395270438262,0.0,9.224600203511049
20.0,2.48095078281899,0.0,9.62856659064273
20.0,2.2435664668644395,0.0,8.481580368441929
20.0,1.9972491222855024,0.0,8.280004042401911
20.0,2.3346325026751096,0.0,6.377617829674112
20.0,3.0741919265534183,0.0,4.03474100709672
20.0,4.193350573897122,0.0,1.2395129807507812
20.0,5.094397913090538,0.0,0.0
20.0,5.587761839675424,0.0,0.0
20.0,5.941916346740343,0.0,0.0
20.0,6.217735195061185,0.0,0.0
20.0,6.442338964146629,0.0,0.0
20.0,6.619838957066426,0.0,0.0
20.0,6.785368538493786,0.0,0.0
20.0,6.9501317688086175,0.0,0.0
20.0,7.113598296672903,0.0,0.0
20.0,7.293911740281183,0.0,0.0
20.0,7.476387296937666,0.0,0.0
20.0,7.64959710201745,0.0,0.0
20.0,7.791518626807382,0.0,0.0
20.0,7.671706393109367,0.0,0.688967794061778
20.0,6.794723603045924,0.0,3.475086952963488
20.0,5.611718257253831,0.0,6.382068203473067
20.0,4.969738054642843,0.0,6.494681236727212
20.0,3.6050754958386744,0.0,9.431868524708529
20.0,3.1991896564378273,0.0,8.209821975869177
20.0,3.418896877938629,0.0,5.791718300061958
20.0,2.683392481956681,0.0,7.773088273352344
20.0,3.9864297108473856,0.0,2.0217962441659516
20.0,4.6833594989076825,0.0,0.838690343688015
20.0,5.2452276411422485,0.0,0.2648495637537916
20.0,5.6358280875678775,0.0,0.0
20.0,5.892324291802934,0.0,0.0
20.0,6.064362818220996,0.0,0.0
20.0,6.177865870710221,0.0,0.0
20.0,6.26012854256339,0.0,0.0
20.0,6.319855823735439,0.0,0.0
20.0,6.370871506606894,0.0,0.0
20.0,6.4414772482799,0.0,0.0
20.0,6.51257104131326,0.0,0.0
20.0,6.57728461542499,0.0,0.0
20.0,6.618296088581863,0.0,0.0
20.0,6.6350608577954375,0.0,0.0
20.0,6.65078403618785,0.0,0.0
20.0,6.638519539549937,0.0,0.12138938825946072
20.0,6.558952571409755,0.0,0.45245136244092515
20.0,6.379492729501201,0.0,0.7504071167916344
20.0,5.962543508401997,0.0,1.5449559249883589
20.0,5.494516474972365,0.0,1.9863719035564613
20.0,5.155800337772501,0.0,1.8649822521924635
20.0,5.067271228025233,0.0,1.136646059060274
20.0,4.9871688350507615,0.0,1.0042213746295034
20.0,4.989437425043572,0.0,0.7835133073885521
20.0,5.063470745849845,0.0,0.49659297588911533
20.0,5.205535387105467,0.0,0.1544955788563784
20.0,5.339744748283758,0.0,0.0
20.0,5.440094714823782,0.0,0.0
20.0,5.537143352252484,0.0,0.0
20.0,5.629844978104803,0.0,0.0
20.0,5.696870895611565,0.0,0.0
20.0,5.743994054188014,0.0,0.0
20.0,5.775035214612685,0.0,0.0
20.0,5.805699924034391,0.0,0.0
20.0,5.838841620354514,0.0,0.0
20.0,5.87686425925471,0.0,0.0
20.0,5.93568089374856,0.0,0.0
20.0,5.999578943860049,0.0,0.0
20.0,6.061510536766485,0.0,0.0
20.0,6.071913750160141,0.0,0.1324247818768958
20.0,5.99770075408218,0.0,0.46348678529219767
20.0,5.900164931353672,0.0,0.7614425396429071
20.0,5.808707987752448,0.0,0.9931859517782307
20.0,5.743983224166562,0.0,1.136646059060274
20.0,5.695546950913866,0.0,1.1918230953597369
20.0,5.649352378758962,0.0,1.1476814819115468
20.0,5.612512291686508,0.0,1.0152567195238762
20.0,5.618499760619217,0.0,0.7945486522829246
20.0,5.702906455642418,0.0,0.5076283597619381
20.0,5.8715049437872056,0.0,0.16553099196303844
20.0,6.024760533766304,0.0,0.0
20.0,6.132785645153409,0.0,0.0
20.0,6.226552861337218,0.0,0.0
20.0,6.3013414512077075,0.0,0.0
20.0,6.359264077295689,0.0,0.0
20.0,6.413001823821267,0.0,0.0
20.0,6.458866165827284,0.0,0.0
20.0,6.496477605377198,0.0,0.0
20.0,6.5335096897981,0.0,0.0
20.0,6.574001218413258,0.0,0.0
20.0,6.624616862997766,0.0,0.0
20.0,6.663254078447725,0.0,0.0
20.0,6.695900025378609,0.0,0.0
20.0,6.689257007737025,0.0,0.1324247818768958
20.0,6.6004931516812295,0.0,0.48555755303784287
20.0,6.4824397135252845,0.0,0.7724779624941794
20.0,6.346595413891426,0.0,1.0042213746295034
20.0,6.219012213152624,0.0,1.1587169047628192
20.0,6.109231643531804,0.0,1.2028585182110099
20.0,5.830462659156328,0.0,1.8318762954662458
20.0,5.688506035576146,0.0,1.8098054497637006
20.0,5.701786133664928,0.0,1.4125310066868884
20.0,5.820934213513141,0.0,0.9049027248818503
20.0,6.031482204572919,0.0,0.3420973677988995
20.0,6.22258512893078,0.0,0.0
20.0,6.3274097997870795,0.0,0.0
20.0,6.412872206834185,0.0,0.0
20.0,6.494691901160841,0.0,0.0
20.0,6.588046231114721,0.0,0.0
20.0,6.703738423142705,0.0,0.0
20.0,6.828537214477927,0.0,0.0
20.0,6.94313869446073,0.0,0.0
20.0,7.0487475625450555,0.0,0.0
20.0,7.146506333669119,0.0,0.0
20.0,7.229003612682516,0.0,0.0
20.0,7.285916080212337,0.0,0.0
20.0,7.314584676098513,0.0,0.0
20.0,7.036993985671918,0.0,0.8864035536373995
20.0,6.223583281412131,0.0,3.3640548444628573
20.0,5.191827847008518,0.0,5.614072602866659
20.0,4.2473820530298605,0.0,6.9574776455776535
20.0,2.9874040153270958,0.0,9.18916282752331
20.0,2.1264577217535083,0.0,9.607013153175918
20.0,1.6192111555879658,0.0,9.243683059821633
20.0,1.6599303847621922,0.0,7.611383740374136
20.0,2.479287285845219,0.0,4.296869792264631
20.0,2.779043989294433,0.0,4.056207213517085
20.0,3.951536606815538,0.0,0.8867671225633156
20.0,4.725541225012695,0.0,0.0
20.0,5.165587291900083,0.0,0.0
20.0,5.483955377945854,0.0,0.0
20.0,5.7290395971139185,0.0,0.0
20.0,5.943885362998003,0.0,0.0
20.0,6.13999403205182,0.0,0.0
20.0,6.292318893450105,0.0,0.0
20.0,6.402014560754493,0.0,0.0
20.0,6.499150107200135,0.0,0.0
20.0,6.595691763659989,0.0,0.0
20.0,6.773810725272147,0.0,0.0
20.0,6.978246836306353,0.0,0.0
20.0,7.163125082116117,0.0,0.0
20.0,6.870070736487161,0.0,0.9898175044628093
20.0,5.9393860438663415,0.0,3.4995243014892643
20.0,4.683620384866412,0.0,6.162831931383928
20.0,3.4169851990325126,0.0,8.24164849221808
20.0,2.9155378147008095,0.0,7.546925742478232
20.0,2.8277754978645113,0.0,6.203102202715856
20.0,2.3630143529926944,0.0,6.851026970596877
20.0,1.5734924107168222,0.0,8.382552614474204
20.0,1.8124508023409482,0.0,6.036594244171127
20.0,2.5415496137821902,0.0,3.2458182082920675
20.0,3.6326309144217035,0.0,0.39607281994801774
20.0,4.196988658657848,0.0,0.0
20.0,4.559213295528025,0.0,0.0
20.0,4.855123014494675,0.0,0.0
20.0,5.113344845270079,0.0,0.0
20.0,5.342557725656759,0.0,0.0
20.0,5.536501726211467,0.0,0.0
20.0,5.701858440007579,0.0,0.0
20.0,5.84902375721899,0.0,0.0
20.0,5.974432368605784,0.0,0.0
20.0,6.101007902486882,0.0,0.0
20.0,6.274100173957316,0.0,0.0
20.0,6.461305596227822,0.0,0.0
20.0,6.643999146883119,0.0,0.0
20.0,6.417701648889366,0.0,1.094278636804799
20.0,5.602537414531422,0.0,3.70745104510597
20.0,4.5687427491247385,0.0,6.073872414231334
20.0,3.4248228448627196,0.0,7.94274900729921
20.0,2.5740864945444626,0.0,8.439875133849181
20.0,2.250108265693513,0.0,7.324034942152543
20.0,1.1908341866942809,0.0,9.516950204141375
20.0,1.727442218085594,0.0,5.765308086864772
20.0,1.7582536820589383,0.0,5.59264483352709
20.0,3.0748234875561726,0.0,1.0262921423751485
20.0,3.7818313612141354,0.0,0.3972743261414623
20.0,4.2822643364859605,0.0,0.0
20.0,4.6087808067962595,0.0,0.0
20.0,4.868662019392246,0.0,0.0
20.0,5.102920432977497,0.0,0.0
20.0,5.347312894503864,0.0,0.0
20.0,5.5997895162134395,0.0,0.0
20.0,5.84285976814174,0.0,0.0
20.0,6.0277739011472296,0.0,0.0
20.0,6.16636479012491,0.0,0.0
20.0,6.293535564541186,0.0,0.0
20.0,6.4577437884181,0.0,0.0
20.0,6.637244528019267,0.0,0.0
20.0,6.817659866921013,0.0,0.0
20.0,6.877247747877053,0.0,0.3570712706241428
20.0,6.535491842202755,0.0,1.5930984362688239
20.0,5.568633930306444,0.0,4.42535841161888
20.0,5.617150302541486,0.0,2.4485822532650445
20.0,5.405966663376198,0.0,2.1612730015798896
20.0,5.156203002133892,0.0,1.9863719035564613
20.0,5.144337058683207,0.0,1.213893863105382
20.0,5.123956774619947,0.0,1.0704335999095387
20.0,5.185595626358045,0.0,0.8497256885823874
20.0,5.294883792721868,0.0,0.5628053181045007
20.0,5.442886255660875,0.0,0.22070798928405128
20.0,5.56539412203641,0.0,0.0
20.0,5.587585768972357,0.0,0.0
20.0,5.57780102218443,0.0,0.0
20.0,5.566762926808968,0.0,0.0
20.0,5.60674126692286,0.0,0.0
20.0,5.689844554545149,0.0,0.0
20.0,5.78361177024961,0.0,0.0
20.0,5.874014108440282,0.0,0.0
20.0,5.943724041267488,0.0,0.0
20.0,6.00780559643673,0.0,0.0
20.0,6.078126703514346,0.0,0.0
20.0,6.147762864268346,0.0,0.0
20.0,6.200149320183717,0.0,0.0
20.0,5.889827102607443,0.0,1.1293992693231714
20.0,5.113129383852323,0.0,3.306821901126921
20.0,3.8579816659819253,0.0,6.3475774562309235
20.0,2.932472275297429,0.0,7.329424077155031
20.0,2.327106686911421,0.0,7.32387455680403
20.0,2.6980040095167435,0.0,4.37331318822674
20.0,3.3107660210159437,0.0,2.162938201435422
20.0,3.62192990709633,0.0,1.9091239435975538
20.0,3.995319438912354,0.0,1.3573540483443256
20.0,4.460912814596676,0.0,0.5738407409557734
20.0,4.84286318403811,0.0,0.23174339264609883
20.0,5.155623145985082,0.0,0.0
20.0,5.34181666694596,0.0,0.0
20.0,5.4514101000851785,0.0,0.0
20.0,5.522836642828592,0.0,0.0
20.0,5.571559623566095,0.0,0.0
20.0,5.60788038974205,0.0,0.0
20.0,5.636536320482976,0.0,0.0
20.0,5.6619365833964945,0.0,0.0
20.0,5.699637975609698,0.0,0.0
20.0,5.7672774110924365,0.0,0.0
20.0,5.900901540743265,0.0,0.0
20.0,6.051288985680594,0.0,0.0
20.0,6.198172238625759,0.0,0.0
20.0,6.177544709564034,0.0,0.40862921636896593
20.0,5.237338605801278,0.0,3.426177719118831
20.0,3.988605873093248,0.0,6.301954532501061
20.0,2.8475316404954354,0.0,7.879822655719944
20.0,2.0893690229320865,0.0,7.903786647787173
20.0,1.0440921457856651,0.0,9.375460594702162
20.0,0.6289403098228002,0.0,8.653245334494947
20.0,0.4458141579437991,0.0,8.116100566505311
20.0,1.0347464672684064,0.0,5.527549630474527
20.0,1.6584776469337843,0.0,3.992203641308776
20.0,2.7211471253812487,0.0,1.3348405123529095
20.0,3.674917774058283,0.0,0.0
20.0,4.171639961867872,0.0,0.0
20.0,4.532656742524567,0.0,0.0
20.0,4.827716087557848,0.0,0.0
20.0,5.092378196670445,0.0,0.0
20.0,5.346832708581505,0.0,0.0
20.0,5.585784976373082,0.0,0.0
20.0,5.76919949725035,0.0,0.0
20.0,5.927583785738995,0.0,0.0
20.0,6.0843637146053995,0.0,0.0
20.0,6.2865007442520024,0.0,0.0
20.0,6.500397803053477,0.0,0.0
20.0,6.694782675508105,0.0,0.0
20.0,6.374778228464792,0.0,1.1700910676017053
20.0,5.445969649220456,0.0,3.7576837590358787
20.0,4.275130985573487,0.0,6.213534600070251
20.0,3.1728796884235875,0.0,7.856491286147313
20.0,2.1726512289366333,0.0,8.971652959158169
20.0,1.3561035682496894,0.0,9.499492026650657
20.0,0.923246124375445,0.0,9.000888509475244
20.0,1.103952280520712,0.0,6.955150639656331
20.0,1.2213838881029775,0.0,6.0746040361284495
20.0,1.8526544937335951,0.0,3.6350666397519467
20.0,2.6966365194611637,0.0,1.3489438071518933
20.0,3.540601919908578,0.0,0.0
20.0,4.033741859111243,0.0,0.0
20.0,4.47931637731257,0.0,0.0
20.0,4.88273579414368,0.0,0.0
20.0,5.194672276426718,0.0,0.0
20.0,5.412556376882712,0.0,0.0
20.0,5.594920493266489,0.0,0.0
20.0,5.777216929747649,0.0,0.0
20.0,5.989477237322272,0.0,0.0
20.0,6.226850049774487,0.0,0.0
20.0,6.470541537498397,0.0,0.0
20.0,6.704147989965236,0.0,0.0
20.0,6.886397607865583,0.0,0.0
20.0,6.874635648878474,0.0,0.45245136244092515
20.0,5.911111977857129,0.0,3.4126305991222265
20.0,4.594632886760551,0.0,6.44209291076001
20.0,3.3316471129464884,0.0,8.088074231951326
20.0,2.152940206245249,0.0,9.094968224171495
20.0,1.1473143040264646,0.0,9.504851264593874
20.0,0.47599545004505167,0.0,9.125427745960309
20.0,0.2447609963628686,0.0,8.061622139999955
20.0,0.4330385386073855,0.0,6.447333387471467
20.0,1.1581339788293796,0.0,3.9373458381311655
20.0,2.3391832324285655,0.0,1.0101542650671342
20.0,3.237777068588766,0.0,0.011035398489741315
20.0,3.7370833818290214,0.0,0.0
20.0,4.084593065352697,0.0,0.0
20.0,4.386004292877308,0.0,0.0
20.0,4.688675797777703,0.0,0.0
20.0,4.992390902879626,0.0,0.0
20.0,5.292170144014857,0.0,0.0
20.0,5.554969996748575,0.0,0.0
20.0,5.7771831293829825,0.0,0.0
20.0,5.9686886138303255,0.0,0.0
20.0,6.153718437732007,0.0,0.0
20.0,6.339464770124444,0.0,0.0
20.0,6.523858167537206,0.0,0.0
20.0,6.269577016354928,0.0,1.241893797712603
20.0,5.782407483960107,0.0,2.9523864940477162
20.0,4.576142880514672,0.0,6.214095088821522
20.0,3.7557150479025907,0.0,6.651803693780954
20.0,2.481067657716218,0.0,8.41803730947329
20.0,1.3703028571156917,0.0,9.104154491236555
20.0,1.5539206676070332,0.0,5.534090893726091
20.0,0.5399771990099301,0.0,8.088049330809154
20.0,0.998587076355818,0.0,4.765224531584149
20.0,1.9518238107979575,0.0,1.4112158723092993
20.0,2.5358845770573035,0.0,0.5296991275075832
20.0,3.0778590945295825,0.0,0.011035398489741315
20.0,3.4670947568003125,0.0,0.0
20.0,3.844795964866967,0.0,0.0
20.0,4.202338909709652,0.0,0.0
20.0,4.495434058997383,0.0,0.0
20.0,4.731508353792177,0.0,0.0
20.0,4.905268224943211,0.0,0.0
20.0,5.045078283284731,0.0,0.0
20.0,5.159071499551314,0.0,0.0
20.0,5.264928649823988,0.0,0.0
20.0,5.373315770070824,0.0,0.0
20.0,5.496289826909236,0.0,0.0
20.0,5.616336104716692,0.0,0.0031635525151738814
20.0,5.637516780283678,0.0,0.26498795674053005
20.0,5.546865282504441,0.0,0.6072640602219218
20.0,5.410565311410286,0.0,0.9053755334803963
20.0,4.961890227334823,0.0,1.7886689954646462
20.0,3.5183469447736164,0.0,5.5505445459426985
20.0,2.3288129191950993,0.0,7.113441715438288
20.0,1.4051067374734865,0.0,7.732517410645733
20.0,2.2203580847191025,0.0,2.7683230282025564
20.0,2.660410491044022,0.0,1.4463925216879794
20.0,3.0399643416502253,0.0,0.618305173926895
20.0,3.361333812835453,0.0,0.27602912891317816
20.0,3.644428065148038,0.0,0.011041164864188751
20.0,3.8569277631206287,0.0,0.0
20.0,4.044004420002804,0.0,0.0
20.0,4.200053301678207,0.0,0.0
20.0,4.306235346423556,0.0,0.0
20.0,4.359252284312485,0.0,0.0
20.0,4.401569965368027,0.0,0.0
20.0,4.452314709744104,0.0,0.0
20.0,4.536058783808921,0.0,0.0
20.0,4.644016409681087,0.0,0.0
20.0,4.79068361627377,0.0,0.0
20.0,4.945496470766205,0.0,0.0
20.0,5.052635055189295,0.0,0.016520966092966664
20.0,4.899410956696124,0.0,0.4968419312492896
20.0,4.608572222234344,0.0,0.9716020248731333
20.0,4.378033589593332,0.0,0.9163973918310676
20.0,4.071795425311348,0.0,1.1482569597474026
20.0,3.791707526523985,0.0,1.2917890212481529
20.0,3.5620864744661147,0.0,1.3469937322471182
20.0,3.3846875040739377,0.0,1.2917890212481529
20.0,3.267444890329967,0.0,1.1592978395816758
20.0,3.243756882106261,0.0,0.9274381937084405
20.0,3.2038205500006893,0.0,0.9936838624985792
20.0,3.3645514295451475,0.0,0.5078828890404627
20.0,3.591522132285859,0.0,0.022081864423130582
20.0,3.7178187340047506,0.0,0.0
20.0,3.7987203213505887,0.0,0.0
20.0,3.8774554245261164,0.0,0.0
20.0,3.9907132792639786,0.0,0.0
20.0,4.124144903089554,0.0,0.0
20.0,4.244580397890992,0.0,0.0
20.0,4.298218895509885,0.0,0.0
20.0,4.279583844133255,0.0,0.0
20.0,4.254423762839805,0.0,0.0
20.0,4.251235442005984,0.0,0.0
20.0,4.286002245076904,0.0,0.0
20.0,4.320114359171494,0.0,0.011035399707817879
20.0,4.2430380236125105,0.0,0.2869203704778867
20.0,4.061535009281361,0.0,0.6400531221496087
20.0,3.857978605391666,0.0,0.9380089154787679
20.0,3.664235701091101,0.0,1.1587169047628192
20.0,3.5079592902156906,0.0,1.3021770900017624
20.0,3.384660382111801,0.0,1.3573540483443256
20.0,3.297104881330071,0.0,1.3021770900017624
20.0,3.2258293991750056,0.0,1.1697522496571922
20.0,3.0443219711232326,0.0,1.4787435437945238
20.0,3.0014064916976024,0.0,1.2028585182110099
20.0,3.125618641199956,0.0,0.49659297588911533
20.0,3.2866342238206316,0.0,0.02207079697948263
20.0,3.3815863587132236,0.0,0.0
20.0,3.493783867749953,0.0,0.0
20.0,3.6251327664828246,0.0,0.0
20.0,3.7610881278975525,0.0,0.0
20.0,3.8934132509678285,0.0,0.0
20.0,4.001642700996955,0.0,0.0
20.0,4.08505263326456,0.0,0.0
20.0,4.133718432648683,0.0,0.0
20.0,4.1771476153960005,0.0,0.0
20.0,4.221410914054885,0.0,0.0
20.0,4.2710851688502505,0.0,0.0
20.0,4.316823996284842,0.0,0.02207079697948263
20.0,4.266935657218427,0.0,0.3089911577127568
20.0,4.159637779950006,0.0,0.6510885450008812
20.0,4.010881978714557,0.0,0.9490443383300405
20.0,3.6000137171386206,0.0,1.8539471411687907
20.0,3.2672568207269954,0.0,2.1023850880120785
20.0,2.9227454741833125,0.0,2.3896744719484326
20.0,2.678382534311103,0.0,2.3851346044191852
20.0,2.4463736927603086,0.0,2.5781387155316664
20.0,2.3933816849385603,0.0,2.21047198751751
20.0,2.5965403622320125,0.0,1.224929207999755
20.0,2.8273448242807997,0.0,0.5517699732101282
20.0,3.091225603599006,0.0,0.03310619546922395
20.0,3.288365436643863,0.0,0.0
20.0,3.488248256504384,0.0,0.0
20.0,3.686789924530369,0.0,0.0
20.0,3.8622104330495493,0.0,0.0
20.0,3.9996546992042004,0.0,0.0
20.0,4.135929721567955,0.0,0.0
20.0,4.283384663912859,0.0,0.0
20.0,4.44069936128887,0.0,0.0
20.0,4.58305233237454,0.0,0.0
20.0,4.6982418833882305,0.0,0.0
20.0,4.761175646164686,0.0,0.0
20.0,4.753173550011447,0.0,0.031318224733712666
20.0,4.6046799492349635,0.0,0.32005848442535745
20.0,4.22751099687722,0.0,1.0374310140327312
20.0,3.751424735719734,0.0,1.6885844971313186
20.0,3.135874606447307,0.0,2.588416641422971
20.0,1.5643830580357867,0.0,6.650194968767474
20.0,0.6147096561636135,0.0,7.495423085160283
20.0,0.736602781917908,0.0,5.296170215214143
20.0,1.3944332499590626,0.0,2.8338675643802147
20.0,2.0013411153855603,0.0,1.512000580992956
20.0,2.518683810765352,0.0,0.6621899973464602
20.0,2.87629957303999,0.0,0.32005848442535745
20.0,3.1386266065615605,0.0,0.022072999261907846
20.0,3.2626991228443836,0.0,0.0
20.0,3.330169266336298,0.0,0.0
20.0,3.3839324723957627,0.0,0.0
20.0,3.463980172382435,0.0,0.0
20.0,3.573975445128041,0.0,0.0
20.0,3.6839823794845623,0.0,0.0
20.0,3.747140246822843,0.0,0.0
20.0,3.796300983409116,0.0,0.0
20.0,3.844055164930291,0.0,0.0
20.0,3.9025268575945025,0.0,0.0
20.0,4.007752965537478,0.0,0.0
20.0,4.105935663014518,0.0,0.03310619546922395
20.0,4.1093116885948335,0.0,0.3310619839260769
20.0,4.016358999478753,0.0,0.6731593127465263
20.0,3.9001058625890597,0.0,0.9711151060756857
20.0,3.774662029402987,0.0,1.2028585182110099
20.0,3.6514281891922855,0.0,1.3463186254930526
20.0,3.537008802798575,0.0,1.3904601609843432
20.0,3.2245884406594105,0.0,2.1187965100303328
20.0,3.058984841422587,0.0,2.1187965100303328
20.0,3.1273855065715583,0.0,1.5228850792858142
20.0,3.4083653188470313,0.0,0.6731593127465263
20.0,3.6663593608285168,0.0,0.3310619839260769
20.0,3.927718859702161,0.0,0.03310619546922395
20.0,4.087725795695943,0.0,0.0
20.0,4.211971153221328,0.0,0.0
20.0,4.329139038156799,0.0,0.0
20.0,4.457588936932023,0.0,0.0
20.0,4.624167696386196,0.0,0.0
20.0,4.788924415920231,0.0,0.0
20.0,4.9060141580057826,0.0,0.0
20.0,4.9719686332886095,0.0,0.0
20.0,5.030024419112233,0.0,0.0
20.0,5.100856565003705,0.0,0.0
20.0,5.184167874908534,0.0,0.0
20.0,5.2324465616408435,0.0,0.05517699732101282
20.0,5.07891919432938,0.0,0.5407345503588555
20.0,4.750875959423849,0.0,1.2028585182110099
20.0,4.383224499814039,0.0,1.732557801632393
20.0,4.019839025258617,0.0,2.15190277858415
20.0,3.8090681919558764,0.0,2.1408671998190774
20.0,3.846579580222929,0.0,1.4014955838356156
20.0,3.5582176100638754,0.0,2.1408671998190774
20.0,3.1715654072227575,0.0,2.954780447839349
20.0,3.109191542343728,0.0,2.4450291261088455
20.0,2.934560828360021,0.0,2.668117380466932
20.0,3.432683534113651,0.0,0.6290177382767862
20.0,3.739628510826143,0.0,0.05517699732101282
20.0,3.9240429883438703,0.0,0.0
20.0,4.080357077823574,0.0,0.0
20.0,4.224024802406946,0.0,0.0
20.0,4.353554035146089,0.0,0.0
20.0,4.450962959767178,0.0,0.0
20.0,4.518779050116016,0.0,0.0
20.0,4.545024950738184,0.0,0.0
20.0,4.531964757147684,0.0,0.0
20.0,4.506521015856569,0.0,0.0
20.0,4.47929196827694,0.0,0.0
20.0,4.461919326922288,0.0,0.0
20.0,4.440495415529666,0.0,0.04414159395896526
20.0,4.326569773960461,0.0,0.3641681745229947
20.0,4.161438175458615,0.0,0.7062655033434442
20.0,3.9831357951655892,0.0,1.0042213746295034
20.0,3.8034464851484353,0.0,1.224929207999755
20.0,3.626355342739504,0.0,1.368389471195598
20.0,3.4795769867238895,0.0,1.4125310066868884
20.0,3.3871121868357537,0.0,1.368389471195598
20.0,3.3523166211446287,0.0,1.224929207999755
20.0,3.3869239444016337,0.0,0.9931859517782307
20.0,3.5269487065028238,0.0,0.6952300804921716
20.0,3.717734815638202,0.0,0.3531327516717221
20.0,3.9297360762612925,0.0,0.03310619546922395
20.0,4.044753304343741,0.0,0.0
20.0,4.105659668750749,0.0,0.0
20.0,4.149914690576277,0.0,0.0
20.0,4.197175176158982,0.0,0.0
20.0,4.262643786650878,0.0,0.0
20.0,4.353393551687954,0.0,0.0
20.0,4.454926073247359,0.0,0.0
20.0,4.5691498897158205,0.0,0.0
20.0,4.705949832957566,0.0,0.0
20.0,4.853254465496785,0.0,0.0
20.0,5.013484371890057,0.0,0.0
20.0,5.155990276939863,0.0,0.04414159395896526
20.0,5.1621216766392415,0.0,0.3752035583958172
20.0,5.09256517000186,0.0,0.7173009261947166
20.0,4.970550563711335,0.0,1.0152567195238762
20.0,4.829354813388409,0.0,1.2359646308510273
20.0,4.686249076392503,0.0,1.3794248940468705
20.0,4.564556605252316,0.0,1.423566429538161
20.0,4.482769331426341,0.0,1.3794248940468705
20.0,4.4455428661949075,0.0,1.2359646308510273
20.0,4.465223460752621,0.0,1.0042213746295034
20.0,4.426572248543946,0.0,1.1035399464202564
20.0,4.53807738404746,0.0,0.6400531221496087
20.0,4.743613271266133,0.0,0.0772477894281892
20.0,4.871604230105747,0.0,0.0
20.0,4.972391114880075,0.0,0.0
20.0,5.078096074761374,0.0,0.0
20.0,5.183889516225568,0.0,0.0
20.0,5.280247462641298,0.0,0.0
20.0,5.3538792581889965,0.0,0.0
20.0,5.402764959981189,0.0,0.0
20.0,5.42228457199353,0.0,0.0
20.0,5.447683248037089,0.0,0.0
20.0,5.531564944696761,0.0,0.0
20.0,5.645059604991006,0.0,0.0
20.0,5.738832014743182,0.0,0.05517699732101282
20.0,5.678582044657345,0.0,0.3862389812470897
20.0,5.5016071545035485,0.0,0.7283363490459894
20.0,5.273184594922341,0.0,1.0262921423751485
20.0,5.039992038828124,0.0,1.2470000537022998
20.0,4.83558715706692,0.0,1.3904601609843432
20.0,4.670520261386288,0.0,1.4346018523894333
20.0,4.549665874707756,0.0,1.3904601609843432
20.0,4.485288173971737,0.0,1.2470000537022998
20.0,4.455022130966116,0.0,1.0152567195238762
20.0,4.423605392368571,0.0,0.7173009261947166
20.0,4.353601949715844,0.0,0.5848761248285961
20.0,4.398797192894434,0.0,0.0772477894281892
20.0,4.406064492775743,0.0,0.0
20.0,4.445114923491823,0.0,0.0
20.0,4.507140981885338,0.0,0.0
20.0,4.578086706227914,0.0,0.0
20.0,4.6498185201951125,0.0,0.0
20.0,4.685977586110732,0.0,0.0
20.0,4.666192011283921,0.0,0.0
20.0,4.607853511919432,0.0,0.0
20.0,4.541802329997291,0.0,0.0
20.0,4.509912351153374,0.0,0.0
20.0,4.513638441672002,0.0,0.0
20.0,4.496802743013994,0.0,0.0662123909384479
20.0,4.275994895712065,0.0,0.6952300804921716
20.0,3.845624617781844,0.0,1.5701157278650064
20.0,3.438189419516865,0.0,2.099545415835114
20.0,2.6101307427917666,0.0,4.020230605402692
20.0,2.4737906343966136,0.0,3.0357880145065974
20.0,2.4754456226452906,0.0,2.2953629638230937
20.0,2.6329891193719877,0.0,1.4014955838356156
20.0,2.6816508370372,0.0,1.2580354765535724
20.0,2.760961503026556,0.0,1.0262921423751485
20.0,2.783010968125026,0.0,1.136646059060274
20.0,2.9584705726589404,0.0,0.6621239678521538
20.0,3.220925463665545,0.0,0.08828318791793052
20.0,3.398305951211668,0.0,0.0
20.0,3.537776419353055,0.0,0.0
20.0,3.647052887778352,0.0,0.0
20.0,3.734312093284793,0.0,0.0
20.0,3.8092982213263005,0.0,0.0
20.0,3.888493102442064,0.0,0.0
20.0,4.003473638883571,0.0,0.0
20.0,4.126603243243476,0.0,0.0
20.0,4.233330955863671,0.0,0.0
20.0,4.27133606127165,0.0,0.0
20.0,4.254578365330566,0.0,0.0
20.0,4.214026866132554,0.0,0.10276435447260047
20.0,4.208393059016574,0.0,0.40894081009829625
20.0,4.2562150774716345,0.0,0.7626193770054214
20.0,4.313041992928685,0.0,1.049983244287451
20.0,4.340601265982615,0.0,1.2820847124645096
20.0,4.2805622870252,0.0,1.4147141117147004
20.0,4.157167759234087,0.0,1.4699765108196716
20.0,3.9990257830580793,0.0,1.4147141117147004
20.0,3.857032426503938,0.0,1.2710322950090358
20.0,3.7893785235296913,0.0,1.038930748875077
20.0,3.8028988202380667,0.0,1.1605078086266933
20.0,4.074857841882129,0.0,0.6963046384018761
20.0,4.4478559130841555,0.0,0.09947207867148052
20.0,4.667951089443612,0.0,0.0
20.0,4.748752413656484,0.0,0.0
20.0,4.806481346633656,0.0,0.0
20.0,4.880282398862053,0.0,0.0
20.0,5.016072123258281,0.0,0.0
20.0,5.138591330432787,0.0,0.0
20.0,5.188353268298443,0.0,0.0
20.0,5.157210782005673,0.0,0.0
20.0,5.1045849649159045,0.0,0.0
20.0,5.0596716102359,0.0,0.0
20.0,5.070542439427477,0.0,0.0
20.0,5.103542832510729,0.0,0.0772477894281892
20.0,5.096402210450607,0.0,0.43038055571683004
20.0,5.066654283229218,0.0,0.7724779624941794
20.0,4.977032611935429,0.0,1.0704335999095387
20.0,4.495017544251823,0.0,2.0415488618990243
20.0,2.864014808232734,0.0,6.238341037710432
20.0,0.8780048418982026,0.0,10.235552411191392
20.0,0.9304891784793856,0.0,6.728468970402029
20.0,0.672853314790506,0.0,6.905137355402548
20.0,1.9942690755149428,0.0,1.8429117183175185
20.0,2.697961262206825,0.0,0.7504071167916344
20.0,3.142123825633526,0.0,0.3972743261414623
20.0,3.4645990135569766,0.0,0.0662123909384479
20.0,3.6814320217520997,0.0,0.0
20.0,3.8463764455735507,0.0,0.0
20.0,3.9892538021059756,0.0,0.0
20.0,4.120313337961989,0.0,0.0
20.0,4.245486291296346,0.0,0.0
20.0,4.375741212489545,0.0,0.0
20.0,4.540185051032951,0.0,0.0
20.0,4.727310594253495,0.0,0.0
20.0,4.922980029615517,0.0,0.0
20.0,5.120796912460282,0.0,0.0
20.0,5.303699395164958,0.0,0.0
20.0,5.440256541362849,0.0,0.08828318791793052
20.0,5.466921788762661,0.0,0.44141597856810255
20.0,5.375616474246102,0.0,0.7835133073885521
20.0,5.295643757788138,0.0,1.081469100717711
20.0,5.231343432621409,0.0,1.3021770900017624
20.0,5.1782950246547905,0.0,1.445637275240706
20.0,5.134899651931167,0.0,1.4897789666457963
20.0,5.054654137551697,0.0,1.4346018523894333
20.0,4.996663336786053,0.0,1.29114166715049
20.0,4.982017055253843,0.0,1.0593982550151664
20.0,5.068312074298373,0.0,0.7614425396429071
20.0,5.246668591357965,0.0,0.4083097489927349
20.0,5.484308223687501,0.0,0.0662123909384479
20.0,5.670229425525492,0.0,0.0
20.0,5.815589155964545,0.0,0.0
20.0,5.935081200829073,0.0,0.0
20.0,6.021654191216277,0.0,0.0
20.0,6.088372724204002,0.0,0.0
20.0,6.138838584972392,0.0,0.0
20.0,6.189634989161795,0.0,0.0
20.0,6.2443263636660005,0.0,0.0
20.0,6.28920173959395,0.0,0.0
20.0,6.323758558875844,0.0,0.0
20.0,6.35581194011923,0.0,0.0
20.0,6.360842250450805,0.0,0.09931858153536557
20.0,6.3286309767418265,0.0,0.45245136244092515
20.0,6.2783453005887715,0.0,0.7945486522829246
20.0,6.211135062122202,0.0,1.0925045235689839
20.0,6.081553174957985,0.0,1.3132125128530354
20.0,5.9121778445794435,0.0,1.4566726980919789
20.0,5.762090578616092,0.0,1.5008142335832688
20.0,5.659216243086137,0.0,1.445637275240706
20.0,5.653773663491172,0.0,1.29114166715049
20.0,5.711938049707379,0.0,1.0704335999095387
20.0,5.832123071326463,0.0,0.7614425396429071
20.0,5.9996021941150435,0.0,0.4193451718440075
20.0,6.18802958813103,0.0,0.0772477894281892
20.0,6.286006144932762,0.0,0.0
20.0,6.351174877942362,0.0,0.0
20.0,6.411678358834987,0.0,0.0
20.0,6.480143298956844,0.0,0.0
20.0,6.58373742891254,0.0,0.0
20.0,6.680260529432885,0.0,0.0
20.0,6.741898991940017,0.0,0.0
20.0,6.765090123406286,0.0,0.0
20.0,6.779494329816467,0.0,0.0
20.0,6.79592491501517,0.0,0.0
20.0,6.827333576602614,0.0,0.0
20.0,6.817407678026923,0.0,0.11035399464202564
20.0,6.702430111437028,0.0,0.46348678529219767
20.0,6.5333319718024,0.0,0.8055840751341973
20.0,6.343679595812759,0.0,1.1035399464202564
20.0,6.171162877654116,0.0,1.3242479357043075
20.0,6.027871918771691,0.0,1.467708120943251
20.0,5.914949892397448,0.0,1.5118496564345412
20.0,5.832119366191489,0.0,1.4566726980919789
20.0,5.771882837018646,0.0,1.3021770900017624
20.0,5.749043916796428,0.0,1.0704335999095387
20.0,5.6178257782761,0.0,1.3573540483443256
20.0,5.710500508432144,0.0,0.8055840751341973
20.0,5.904614302049861,0.0,0.1544955788563784
20.0,6.0185873081631875,0.0,0.0
20.0,6.101879929862884,0.0,0.0
20.0,6.174860266176288,0.0,0.0
20.0,6.235923289427931,0.0,0.0
20.0,6.301675486004218,0.0,0.0
20.0,6.368137800875977,0.0,0.0
20.0,6.429992761193183,0.0,0.0
20.0,6.5003870132254,0.0,0.0
20.0,6.5737321565821265,0.0,0.0
20.0,6.6437511202738495,0.0,0.0
20.0,6.708332867516348,0.0,0.0
20.0,6.689476495755993,0.0,0.17606156592986197
20.0,6.565296615016511,0.0,0.4859161157994278
20.0,6.359259544971452,0.0,0.8282661808897018
20.0,6.1330803115290875,0.0,1.1153983602649093
20.0,5.683312130055783,0.0,2.120361260927284
20.0,5.257630401168726,0.0,2.77752984226824
20.0,5.1014934206812255,0.0,2.4074936741731916
20.0,5.182997861861578,0.0,1.4687920336809566
20.0,5.150458335488769,0.0,1.3141822966891297
20.0,5.155726918854933,0.0,1.0822676912013889
20.0,5.115740664336845,0.0,1.236877350236316
20.0,5.286522293883075,0.0,0.773048373131535
20.0,5.557746600298608,0.0,0.1766967782403487
20.0,5.748625149132592,0.0,0.0
20.0,5.859290299303927,0.0,0.0
20.0,5.930542635384118,0.0,0.0
20.0,5.987296353662888,0.0,0.0
20.0,6.027365722294287,0.0,0.0
20.0,6.06419117302937,0.0,0.0
20.0,6.121700692092911,0.0,0.0
20.0,6.202518196905342,0.0,0.0
20.0,6.288023035665998,0.0,0.0
20.0,6.372341288850892,0.0,0.0
20.0,6.431257837796123,0.0,0.0
20.0,6.419924443197621,0.0,0.1324247818768958
20.0,6.2105452083931185,0.0,0.7724779624941794
20.0,5.874662675152294,0.0,1.467708120943251
20.0,5.525006593137223,0.0,1.9974071704939342
20.0,5.237339537613111,0.0,2.2142949755651236
20.0,4.996392582346872,0.0,2.3505400780794568
20.0,5.033482822954642,0.0,1.5339205021370865
20.0,4.939893866894466,0.0,1.4787435437945238
20.0,4.840707230748077,0.0,1.3242479357043075
20.0,4.768599910127038,0.0,1.0925045235689839
20.0,4.76284903454992,0.0,0.7945486522829246
20.0,4.8165330700200135,0.0,0.45245136244092515
20.0,4.923047099095622,0.0,0.08828318791793052
20.0,5.015522198468461,0.0,0.0
20.0,5.0944537648306225,0.0,0.0
20.0,5.191006619509749,0.0,0.0
20.0,5.2971940837511085,0.0,0.0
20.0,5.403631074387692,0.0,0.0
20.0,5.501474896198342,0.0,0.0
20.0,5.588461621234383,0.0,0.0
20.0,5.65049640301704,0.0,0.0
20.0,5.717132607329606,0.0,0.0
20.0,5.820701856061245,0.0,0.0
20.0,5.935283615975325,0.0,0.0
20.0,5.953257441345179,0.0,0.24277877651892144
20.0,5.798552545674773,0.0,0.6976013366971326
20.0,4.73504178288514,0.0,3.7777254092022967
20.0,3.6518710190810246,0.0,5.711038692858864
20.0,2.726254873734053,0.0,6.583485278464527
20.0,2.2331579797289063,0.0,5.988337148794399
20.0,2.106927244648565,0.0,4.738222043958992
20.0,2.566850476889813,0.0,2.3254196808869843
20.0,2.722349647995046,0.0,2.1187965100303328
20.0,3.0547355369689626,0.0,1.1035399464202564
20.0,3.2143786509086203,0.0,0.8055840751341973
20.0,3.326745097870193,0.0,0.46348678529219767
20.0,3.4702136292193284,0.0,0.09931858153536557
20.0,3.6430045106207882,0.0,0.0
20.0,3.8740830116080183,0.0,0.0
20.0,4.104364180554322,0.0,0.0
20.0,4.293539535797843,0.0,0.0
20.0,4.3874932546095,0.0,0.0
20.0,4.450435149832596,0.0,0.0
20.0,4.519367692261633,0.0,0.0
20.0,4.604978841027122,0.0,0.0
20.0,4.705977700121431,0.0,0.0
20.0,4.8228380712668875,0.0,0.0
20.0,4.9388925081529145,0.0,0.0
20.0,4.95243681325008,0.0,0.24277877651892144
20.0,4.710904087294329,0.0,1.1291539096377492
20.0,4.436351077907853,0.0,1.624531242902798
20.0,4.187281199584734,0.0,1.8208408726149732
20.0,3.882080693412992,0.0,2.1739734683728953
20.0,3.4257397132933205,0.0,2.988485039044497
20.0,3.306726378209092,0.0,2.509312622672903
20.0,2.742920434802436,0.0,3.966083653522388
20.0,3.0413264352646525,0.0,2.129832088795405
20.0,3.370985902954498,0.0,1.1145752133577291
20.0,3.576886654239384,0.0,0.8166194979854698
20.0,3.79047693989871,0.0,0.46348678529219767
20.0,4.0249793816914465,0.0,0.11035399464202564
20.0,4.207790321228669,0.0,0.0
20.0,4.345258836360897,0.0,0.0
20.0,4.456691867978855,0.0,0.0
20.0,4.543402563380708,0.0,0.0
20.0,4.603619648360198,0.0,0.0
20.0,4.6576975617885745,0.0,0.0
20.0,4.717936504121916,0.0,0.0
20.0,4.802371287580245,0.0,0.0
20.0,4.899633080598158,0.0,0.0
20.0,5.001993475344158,0.0,0.0
20.0,5.105774493948694,0.0,0.0
20.0,5.160711554599693,0.0,0.16553099196303844
20.0,5.117062621593577,0.0,0.5296991275075832
20.0,5.031640669351497,0.0,0.8717965342849326
20.0,4.926633887938765,0.0,1.1697522496571922
20.0,4.813845802716921,0.0,1.3904601609843432
20.0,4.722702367446149,0.0,1.5228850792858142
20.0,4.661413269855895,0.0,1.5670266147771041
20.0,4.644314160473368,0.0,1.5118496564345412
20.0,4.672961338431867,0.0,1.3573540483443256
20.0,4.733864519546251,0.0,1.1256106362090015
20.0,4.796367209026923,0.0,0.8276549208367423
20.0,4.891654818181381,0.0,0.47452216916502027
20.0,5.021237821313965,0.0,0.11035399464202564
20.0,5.121854029855676,0.0,0.0
20.0,5.241862275501302,0.0,0.0
20.0,5.359523930818799,0.0,0.0
20.0,5.467987939702532,0.0,0.0
20.0,5.558523601745958,0.0,0.0
20.0,5.640210114279617,0.0,0.0
20.0,5.695816015239147,0.0,0.0
20.0,5.742435451059525,0.0,0.0
20.0,5.787363094948499,0.0,0.0
20.0,5.838195935695249,0.0,0.0
20.0,5.89505741171154,0.0,0.0
20.0,5.891702716563458,0.0,0.17656637583586104
20.0,5.691568024177185,0.0,0.8497256885823874
20.0,5.362488275571304,0.0,1.6631366300564403
20.0,4.102473798003468,0.0,5.434038648466853
20.0,3.3986017671701525,0.0,6.204816003416011
20.0,2.9019322437958825,0.0,6.482204748633302
20.0,3.7008892977267047,0.0,2.4940001074045997
20.0,4.074781721731706,0.0,1.5228850792858142
20.0,4.178685496475938,0.0,1.368389471195598
20.0,4.249445807449682,0.0,1.136646059060274
20.0,4.181348454519919,0.0,1.4566726980919789
20.0,4.357461683964292,0.0,0.8883588918491283
20.0,4.670458823138324,0.0,0.19863716307073115
20.0,4.945614915797899,0.0,0.0
20.0,5.174660951717491,0.0,0.0
20.0,5.384775490950439,0.0,0.0
20.0,5.54078670856382,0.0,0.0
20.0,5.61790416831808,0.0,0.0
20.0,5.668461209981655,0.0,0.0
20.0,5.712790080046535,0.0,0.0
20.0,5.757613331405147,0.0,0.0
20.0,5.813539131018301,0.0,0.0
20.0,5.880934497827621,0.0,0.0
20.0,5.949301481483279,0.0,0.0
20.0,5.956710996485813,0.0,0.1876017791979086
20.0,5.874298835017948,0.0,0.5628053181045007
20.0,5.744070280937966,0.0,0.9049027248818503
20.0,5.5616430793458695,0.0,1.1918230953597369
20.0,5.346092710415259,0.0,1.4125310066868884
20.0,5.08875360504349,0.0,1.5449559249883589
20.0,4.817192161727314,0.0,1.5890973045658492
20.0,4.558909935127546,0.0,1.5228850792858142
20.0,4.323494534984751,0.0,1.3794248940468705
20.0,4.152807423844327,0.0,1.1476814819115468
20.0,4.080504952562591,0.0,0.838690343688015
20.0,4.107241016252253,0.0,0.49659297588911533
20.0,4.217875905305862,0.0,0.1324247818768958
20.0,4.32202954986435,0.0,0.0
20.0,4.4051518844218585,0.0,0.0
20.0,4.476241984730554,0.0,0.0
20.0,4.492852092469232,0.0,0.0
20.0,4.469850580162997,0.0,0.0
20.0,4.443609647174994,0.0,0.0
20.0,4.446674928747799,0.0,0.0
20.0,4.461186204584818,0.0,0.0
20.0,4.465060748521711,0.0,0.0
20.0,4.3879152465713,0.0,0.0
20.0,4.275810072876339,0.0,0.0
20.0,4.075424699203609,0.0,0.29759861430254947
20.0,3.9019429872673297,0.0,0.5745493301983923
20.0,3.758527061881565,0.0,0.9170691464384326
20.0,3.6086188274974362,0.0,1.204343831026854
20.0,3.161440704634111,0.0,2.2540010595584734
20.0,2.798124565519166,0.0,2.463932598813077
20.0,2.7549643158971753,0.0,1.602108623004714
20.0,2.3906979802600836,0.0,2.4418343122817294
20.0,2.2688878925039413,0.0,2.2998526420259964
20.0,2.2874056029858587,0.0,1.8230893055249917
20.0,2.3411459198069333,0.0,1.3369319910769404
20.0,2.40397858548084,0.0,0.8839221064259111
20.0,2.566910165746869,0.0,0.22098052660647777
20.0,2.7207708408575693,0.0,0.0
20.0,2.86236923167689,0.0,0.0
20.0,2.9954635170938855,0.0,0.0
20.0,3.070485192036245,0.0,0.0
20.0,3.073716355089693,0.0,0.0
20.0,3.0549968918094477,0.0,0.0
20.0,3.0359307612320605,0.0,0.0
20.0,3.0261049770670474,0.0,0.0
20.0,3.0485272788960396,0.0,0.0
20.0,3.1728509368635747,0.0,0.0
20.0,3.3190034628321397,0.0,0.0
20.0,3.3578595750849085,0.0,0.33170455808846905
20.0,2.9658736547365696,0.0,1.1296014565676409
20.0,1.8282481959607604,0.0,3.2590734129639136
20.0,0.3180806921597428,0.0,5.806920738593328
20.493205316999614,0.0,0.0,7.442515370220344
21.258987188288607,0.0,0.0,7.950701269533864
21.888204184857106,0.0,0.0,8.759680405181735
22.33001482145279,0.0,0.0,7.69831191428548
22.59126943502958,0.0,0.0,7.168277403939256
22.537025202516695,0.0,0.0,4.215160441077249
22.21979671690323,0.0,0.0,2.523554973051201
21.87397320093348,0.0,0.0,0.8344260584550768
21.4707864690478,0.0,0.0,0.24281766879874475
21.154773690493382,0.0,0.0,0.0
20.83235387390928,0.0,0.0,0.0
20.52384358509255,0.0,0.0,0.0
20.230166007766126,0.0,0.0,0.0
20.04716431573523,0.14187924312848027,0.0,0.0
20.0,0.3709623570518306,0.0,0.0
20.0,0.5422881119364239,0.0,0.0
20.0,0.6545863819124578,0.0,0.0
20.0,0.7493735346280866,0.0,0.0
20.0,0.8900575630313444,0.0,0.0
20.0,1.0602517516273333,0.0,0.0
20.0,1.094607808878807,0.0,0.3972743261414623
20.0,0.8568807235515771,0.0,0.9998150248513469
20.0,0.3496157215342828,0.0,2.2275861857735815
20.0,0.14879596284660998,0.0,2.042552699655488
20.0,0.03114176879714553,0.0,2.284327540971821
20.0,0.2897921573904993,0.0,1.5780620376283767
20.0,0.4236221819568325,0.0,1.6222037290334672
20.0,0.19754027888120618,0.0,2.4719292617020545
20.171871186749804,0.0,0.0,3.745360789977523
20.60060182480501,0.0,0.0,4.913263740588823
20.648926668504224,0.0,0.0,2.80773731893412
20.22641546435998,0.0,0.0,0.9533779045165505
20.006219433910964,0.39046911309788507,0.0,0.2979557738399342
20.0,0.8750180777755304,0.0,0.0
20.0,1.2155217837386751,0.0,0.0
20.0,1.4997888304883316,0.0,0.0
20.0,1.7602374289821374,0.0,0.0
20.0,2.001287206040231,0.0,0.0
20.0,2.243559215256197,0.0,0.0
20.0,2.5238712253973388,0.0,0.0
20.0,2.8156187404691604,0.0,0.0
20.0,3.1078488489245824,0.0,0.0
20.0,3.38660056518166,0.0,0.0
20.0,3.625210226263783,0.0,0.0
20.0,3.708171091215126,0.0,0.35258778210160197
20.0,3.447978523465936,0.0,1.3772521956704915
20.0,2.765014431087192,0.0,3.165915555573743
20.0,1.6456156809485079,0.0,5.5871910752337435
20.0,1.3142223238656394,0.0,4.255822185328829
20.0,1.065212725113492,0.0,3.23011924153376
20.0,0.8198812726998504,0.0,2.58228333430098
20.0,0.8455403854335923,0.0,1.5670266147771041
20.0,0.8525654139171901,0.0,1.4125310066868884
20.0,0.9327138563228881,0.0,1.1807876725084643
20.0,1.0379958897154817,0.0,0.8828319571362051
20.0,1.1603042717981022,0.0,0.5296991275075832
20.0,1.2977091361105704,0.0,0.16553099196303844
20.0,1.4182112554817043,0.0,0.0
20.0,1.5176402046490372,0.0,0.0
20.0,1.6412323741212782,0.0,0.0
20.0,1.8035380666344119,0.0,0.0
20.0,1.975934681726099,0.0,0.0
20.0,2.137029556201976,0.0,0.0
20.0,2.242179558021768,0.0,0.0
20.0,2.284648988163632,0.0,0.0
20.0,2.3202402368526394,0.0,0.0
20.0,2.366687706972168,0.0,0.0
20.0,2.4722690025649916,0.0,0.0
20.0,2.516605671553261,0.0,0.25381417988096905
20.0,2.4993353987705467,0.0,0.6290177382767862
20.0,2.435247157397914,0.0,0.9600796832244132
20.0,2.318088346328748,0.0,1.2470000537022998
20.0,2.152696531484996,0.0,1.467708120943251
20.0,1.9528595643512299,0.0,1.6001328833309219
20.0,1.7728434803134425,0.0,1.6332389959709397
20.0,1.3805870895643035,0.0,2.4940001074045997
20.0,1.10702418361037,0.0,2.752602185602433
20.0,1.1943156173322818,0.0,1.8760178309575357
20.0,1.426380134735001,0.0,0.8938673799874778
20.0,1.5610756408990143,0.0,0.5407345503588555
20.0,1.726881167478544,0.0,0.17656637583586104
20.0,1.9124145660091258,0.0,0.0
20.0,2.081742341655077,0.0,0.0
20.0,2.2574130553385636,0.0,0.0
20.0,2.431346852364109,0.0,0.0
20.0,2.5892589861242192,0.0,0.0
20.0,2.720421415084978,0.0,0.0
20.0,2.8058967754632125,0.0,0.0
20.0,2.88224127803609,0.0,0.0
20.0,2.9772687714907162,0.0,0.0
20.0,3.174793970186446,0.0,0.0
20.0,3.392836680455447,0.0,0.011035398489741315
20.0,3.4148769747524055,0.0,0.5296991275075832
20.0,3.1681150256095374,0.0,1.1918230953597369
20.0,2.1780582653196325,0.0,3.451945060393916
20.0,0.8852615948457565,0.0,5.892028605960574
20.0,0.39692191698739604,0.0,5.095572795533153
20.4368619693385,0.0,0.0,8.154463076450227
21.012041197989483,0.0,0.0,7.8269263545046135
21.466811691317282,0.0,0.0,8.408733836153095
21.78182027738772,0.0,0.0,7.085905593203919
21.739626046809377,0.0,0.0,5.377659041449794
21.370983153424397,0.0,0.0,2.584282244878813
20.78419198726558,0.0,0.0,0.811003010469333
20.30898912004195,0.0,0.0,0.32002656107480437
20.04634205411281,0.2884626428961039,0.0,0.0
20.0,0.6597869987679021,0.0,0.0
20.0,0.9734565102841508,0.0,0.0
20.0,1.2169721331073458,0.0,0.0
20.0,1.4353121558833015,0.0,0.0
20.0,1.650622585803487,0.0,0.0
20.0,1.904558824852162,0.0,0.0
20.0,2.183370829248775,0.0,0.0
20.0,2.460065862885951,0.0,0.0
20.0,2.7051819527869845,0.0,0.0
20.0,2.9050605209336853,0.0,0.02207079697948263
20.0,2.9556916021967563,0.0,0.44141597856810255
20.0,2.95619281605726,0.0,0.6510885450008812
20.0,2.9367644940498496,0.0,0.9821505289269584
20.0,2.8651339493401693,0.0,1.2690708994048447
20.0,2.5079535542194447,0.0,2.3615753450169286
20.0,1.7274607076594595,0.0,4.4341335295124065
20.0,0.664324319875563,0.0,6.7487732392017135
20.0,0.8119150448785674,0.0,4.329587063785594
20.0,0.11178263637167724,0.0,6.103316034385206
20.0,0.22818210291383567,0.0,4.530976752242502
20.0,0.8086155999983667,0.0,2.5410349694910934
20.0,1.5661876705604743,0.0,0.871482370113078
20.0,2.127291601555787,0.0,0.3531327516717221
20.0,2.544047548622499,0.0,0.0
20.0,2.7683584315733847,0.0,0.0
20.0,2.9522938261553806,0.0,0.0
20.0,3.1563244906764805,0.0,0.0
20.0,3.4087999498280013,0.0,0.0
20.0,3.660399791669616,0.0,0.0
20.0,3.88058152262347,0.0,0.0
20.0,4.053478260052143,0.0,0.0
20.0,4.226289089691297,0.0,0.0
20.0,4.445132947972169,0.0,0.0
20.0,4.6719816939825565,0.0,0.02207079697948263
20.0,4.749658334401999,0.0,0.5026903935194779
20.0,4.527692728258108,0.0,1.4409751174637557
20.0,4.0059078803448935,0.0,2.785719580632541
20.0,3.3772342731658296,0.0,3.982658573916097
20.0,3.4525641246308965,0.0,2.4578314853863334
20.0,2.930551865886745,0.0,3.849040476063951
20.0,2.883752755958744,0.0,3.2565906066489188
20.0,1.3363996165139864,0.0,8.540422904064851
20.0,1.8513391788126319,0.0,5.086644402234914
20.0,2.1273695425812185,0.0,4.24647520883016
20.0,2.6316529419425527,0.0,2.378419047286081
20.0,3.0814016290842763,0.0,0.8928034553887976
20.0,3.359160675538167,0.0,0.3641681745229947
20.0,3.6699575758564604,0.0,0.0
20.0,4.0285594676366925,0.0,0.0
20.0,4.3806387600224115,0.0,0.0
20.0,4.688737188960828,0.0,0.0
20.0,4.870077419868823,0.0,0.0
20.0,4.9963318639115295,0.0,0.0
20.0,5.1115688738872995,0.0,0.0
20.0,5.245509284918808,0.0,0.0
20.0,5.4246344861127085,0.0,0.0
20.0,5.662321906842917,0.0,0.0
20.0,5.887977873116235,0.0,0.07370551170647448
20.0,5.96774377272993,0.0,0.4802144055244383
20.0,5.645132889805213,0.0,1.3978610682081878
20.0,4.784279810139488,0.0,3.219306812547131
20.0,3.822069182529635,0.0,4.763150535228641
20.0,3.9163055310720423,0.0,2.3946816135707474
20.0,3.930107388266972,0.0,1.6442742629084122
20.0,3.8275333200069146,0.0,1.67738068737603
20.0,3.309457030552132,0.0,3.2423693454262144
20.0,2.2657001062305624,0.0,6.121928583495628
20.0,2.179089633890326,0.0,4.87134118616997
20.0,3.010666544827982,0.0,1.3723909061830546
20.0,3.299297561045637,0.0,1.1263739875187566
20.0,3.6326768144040233,0.0,0.3824816159183138
20.0,3.978218271983035,0.0,0.0
20.0,4.266681364393508,0.0,0.0
20.0,4.5465008070724435,0.0,0.0
20.0,4.800438233186295,0.0,0.0
20.0,5.020014912854175,0.0,0.0
20.0,5.230506512460343,0.0,0.0
20.0,5.432122890823213,0.0,0.0
20.0,5.6356958106966095,0.0,0.0
20.0,5.836965419330179,0.0,0.0
20.0,6.035065977934403,0.0,0.0
20.0,6.181104854472117,0.0,0.10178160793339827
20.0,6.182674210416946,0.0,0.48867527490867374
20.0,5.860605932045971,0.0,1.2769590745205688
20.0,5.013593816150468,0.0,3.1192907102697047
20.0,4.0084405423313,0.0,4.869417949846287
20.0,3.1156367097034754,0.0,5.8888042634184155
20.0,1.7589037640547516,0.0,8.596549694698577
20.0,1.00897650541424,0.0,8.601633645624851
20.0,0.4665898143671722,0.0,8.334625131139044
20.0,0.2890700251803112,0.0,7.100854412088409
20.0,0.7059354026537039,0.0,4.509931310309061
20.0,1.241805705293405,0.0,2.650408672413483
20.0,1.9523249515402372,0.0,0.9473210282303125
20.0,2.4752368917379823,0.0,0.3531327516717221
20.0,2.9206412820550516,0.0,0.0
20.0,3.2560866140927747,0.0,0.0
20.0,3.547576205774199,0.0,0.0
20.0,3.752639577414795,0.0,0.0
20.0,3.881606297439228,0.0,0.0
20.0,3.9998661079219326,0.0,0.0
20.0,4.159052730425739,0.0,0.0
20.0,4.396405199323563,0.0,0.0
20.0,4.652441607590647,0.0,0.0
20.0,4.906523235061775,0.0,0.0
20.0,5.097825099885133,0.0,0.0822345452735603
20.0,5.089805805994506,0.0,0.49814416756382873
20.0,4.7497881140370986,0.0,1.3716827950422201
20.0,3.848640403787148,0.0,3.273484425403611
20.0,2.6453779992109774,0.0,5.484965754563366
20.0,1.618729611583775,0.0,6.544623675154485
20.0,0.7920053904201713,0.0,7.064062935713357
20.0,0.03386630534329419,0.0,7.605408361882957
20.217681312633992,0.0,0.0,7.465224025684046
20.46509527427437,0.0,0.0,6.771668958615946
20.369225681851745,0.0,0.0,4.80595232532611
20.12181172021137,0.33449635773718506,0.0,2.3003691195141625
20.0,0.9087972380833365,0.0,0.9907864912644415
20.0,1.3836579360316439,0.0,0.4298857626634728
20.0,1.8943178978123856,0.0,0.0
20.0,2.2264734262339254,0.0,0.0
20.0,2.5224820409941944,0.0,0.0
20.0,2.791756330345799,0.0,0.0
20.0,3.0250678700408185,0.0,0.0
20.0,3.2009904282174912,0.0,0.0
20.0,3.307875786074534,0.0,0.0
20.0,3.3976029891683397,0.0,0.0
20.0,3.4980014299124096,0.0,0.0
20.0,3.740118688805297,0.0,0.0
20.0,3.9991830794248617,0.0,0.0662123909384479
20.0,4.057975226443175,0.0,0.5170327053149426
20.0,3.7289359661089674,0.0,1.542463458652561
20.0,2.902818208028176,0.0,3.079451416530743
20.0,2.1300499529297747,0.0,3.903346664191485
20.0,0.8460739919506644,0.0,6.434637374279819
20.008116422095146,0.0,0.0,7.325049688336631
20.082964087519482,0.0,0.0,6.055890455623986
20.44715160961438,0.0,0.0,7.447754630333644
20.598005882160237,0.0,0.0,5.558456738703818
20.525214969333444,0.0,0.0,4.958274463397585
20.32489654873519,0.0,0.0,2.7212995966463875
20.02538351737194,0.3842371665626948,0.0,1.073088166568092
20.0,0.789874386370486,0.0,0.5165766046304296
20.0,1.2903150503450969,0.0,0.0
20.0,1.6295220354286801,0.0,0.0
20.0,1.9366147074583326,0.0,0.0
20.0,2.205743211818966,0.0,0.0
20.0,2.4462721813948316,0.0,0.0
20.0,2.6778330271013693,0.0,0.0
20.0,2.9126869560228723,0.0,0.0
20.0,3.162723614156364,0.0,0.0
20.0,3.4444352725196463,0.0,0.0
20.0,3.741302540814981,0.0,0.0
20.0,3.97160927790365,0.0,0.15904409226022515
20.0,4.013389802482747,0.0,0.5668422696666985
20.0,3.70688940133703,0.0,1.15086882993585
20.0,2.6749897357180776,0.0,3.272295298230931
20.0,1.459888722273382,0.0,5.258321303940778
20.0,0.3241503305452756,0.0,6.675815450625478
20.350580276394183,0.0,0.0,8.250443229759464
20.94271320983956,0.0,0.0,8.743631207596543
20.99446137846268,0.0,0.0,5.7596910662383065
21.156083586088815,0.0,0.0,6.974490423352332
21.165334396523146,0.0,0.0,4.034064603008543
20.710486172791157,0.0,0.0,2.1673026701855744
20.382229421174475,0.0,0.0,1.029442224322204
20.083322503834953,0.1418427622538406,0.0,0.41659816309782427
20.0,0.5580348939997445,0.0,0.0
20.0,0.9343004864383532,0.0,0.0
20.0,1.2708274333792604,0.0,0.0
20.0,1.5608654971861688,0.0,0.0
20.0,1.8177322773101898,0.0,0.0
20.0,2.0617811880232733,0.0,0.0
20.0,2.304685809616874,0.0,0.0
20.0,2.557662656871099,0.0,0.0
20.0,2.818437448870738,0.0,0.0
20.0,3.0713193999695148,0.0,0.0
20.0,3.2806892051625294,0.0,0.04414159395896526
20.0,3.3062674886399006,0.0,0.3641681745229947
20.0,2.991912095056299,0.0,1.1476814819115468
20.0,2.5622417190444926,0.0,1.6007873137297586
20.0,1.6313838106381284,0.0,3.5411338588946752
20.0,0.3822032041297805,0.0,6.047872609636185
20.02550792122344,0.0,0.0,5.403038546350544
20.02550792122344,0.17529381410492026,0.0,3.328324858533439
20.0,0.2523337902752084,0.0,2.6635716250579886
20.0,0.3062940394022088,0.0,2.37311641183034
20.0,0.40011210121568486,0.0,2.008442749259007
20.0,0.7190157441950901,0.0,0.9711151060756857
20.0,0.9560799634689788,0.0,0.6179823154255136
20.0,1.2336628804496448,0.0,0.25381417988096905
20.0,1.5300934598188984,0.0,0.011035398489741315
20.0,1.803772613507681,0.0,0.0
20.0,2.0714779791073266,0.0,0.0
20.0,2.3174127727218408,0.0,0.0
20.0,2.524075112462055,0.0,0.0
20.0,2.705281065812475,0.0,0.0
20.0,2.872640001562872,0.0,0.0
20.0,3.0408051039045274,0.0,0.0
20.0,3.2253316983312024,0.0,0.0
20.0,3.464327034032006,0.0,0.0
20.0,3.6431736592381965,0.0,0.1908785138275868
20.0,3.6922291086900887,0.0,0.6011217247263143
20.0,3.339945267154633,0.0,1.2103496810616734
20.0,2.296895838263275,0.0,3.075110702689556
20.0,0.9256797269352682,0.0,5.317697147451017
20.145554901907346,0.0,0.0,6.618665443686489
20.713806967143352,0.0,0.0,7.541677730943661
21.14202893604633,0.0,0.0,6.271287645851272
21.448389738144847,0.0,0.0,7.053291785396676
21.566287288046723,0.0,0.0,5.055136048873243
21.216143893238616,0.0,0.0,2.899227255375495
20.952200991706995,0.0,0.0,2.2388429002809254
20.672997184731315,0.0,0.0,1.3126268241380248
20.33518359548858,0.0,0.0,0.45245136244092515
20.089917929937844,0.11206091305974243,0.0,0.011035398489741315
20.0,0.36655746500258424,0.0,0.0
20.0,0.6479556129573596,0.0,0.0
20.0,0.8643735522844265,0.0,0.0
20.0,1.061710493633226,0.0,0.0
20.0,1.255846719592543,0.0,0.0
20.0,1.4784860603677954,0.0,0.0
20.0,1.7320228141227563,0.0,0.0
20.0,1.9883074771345532,0.0,0.0
20.0,2.2275843105174378,0.0,0.0
20.0,2.384237346054587,0.0,0.09931858153536557
20.0,2.2754440130507283,0.0,0.7173009261947166
20.0,2.071085259795986,0.0,1.1168574748263789
20.0,1.1349254699330695,0.0,3.5263939211042343
20.0,0.42409202253904366,0.0,4.389358484893877
20.32609897261811,0.0,0.0,6.6990880109511055
21.066839587822304,0.0,0.0,8.554372213251112
21.260784915872314,0.0,0.0,5.487077946462554
20.92768180372351,0.0,0.0,2.9735178586464057
21.11480319914448,0.0,0.0,4.89080311322772
21.307078168946127,0.0,0.0,3.9277487611669666
21.129077018210698,0.0,0.0,2.6347827940318207
20.816328509136845,0.0,0.0,1.121891791619566
20.48564282778284,0.0,0.0,0.6212503044245591
20.198478863999654,0.031809157796273614,0.0,0.011035398489741315
20.0,0.2648276609953852,0.0,0.0
20.0,0.6327673599953575,0.0,0.0
20.0,0.9552701600893972,0.0,0.0
20.0,1.2349503698026658,0.0,0.0
20.0,1.504800209813693,0.0,0.0
20.0,1.7756985689691809,0.0,0.0
20.0,2.045331923488023,0.0,0.0
20.0,2.298245769712521,0.0,0.0
20.0,2.519718052260699,0.0,0.0
20.0,2.627189488304365,0.0,0.22606140370937242
20.0,2.5887330988397057,0.0,0.7441169083872162
20.0,2.4967010353515473,0.0,1.1635830032460577
20.0,2.3007441436082603,0.0,1.732557801632393
20.0,2.2238712741418727,0.0,1.3794248940468705
20.0,1.6122969502057174,0.0,2.5042309455456486
20.0,0.14820737826915217,0.0,5.792789441263082
20.325988547924723,0.0,0.0,5.913436036966822
21.07558845629338,0.0,0.0,7.832079084412643
21.502651672925886,0.0,0.0,6.669627829121938
21.43637155832224,0.0,0.0,4.723496166127936
21.13202322195325,0.0,0.0,2.244114568093014
20.784215220636014,0.0,0.0,1.1273168348959812
20.60760340281183,0.0,0.0,0.7416317113835015
20.360219111225135,0.0,0.0,0.011035398489741315
20.08812750086108,0.030399104935301385,0.0,0.0
20.0,0.3606188169611818,0.0,0.0
20.0,0.7574668595842216,0.0,0.0
20.0,1.128425912631695,0.0,0.0
20.0,1.446286565635722,0.0,0.0
20.0,1.7213432135318483,0.0,0.0
20.0,1.9428689061573983,0.0,0.0
20.0,2.165427642115634,0.0,0.0
20.0,2.43727563500123,0.0,0.0
20.0,2.689078523559203,0.0,0.1324247818768958
20.0,2.6730565048970796,0.0,0.7614425396429071
20.0,2.4272270436675254,0.0,1.5037176947525879
20.0,1.6748672708035235,0.0,3.0088458412456434
20.0,0.39626703592631707,0.0,5.384804171808181
20.397789668544252,0.0,0.0,6.902805779616715
21.211524458641726,0.0,0.0,7.905553776989563
21.884768649426974,0.0,0.0,7.608376184718196
22.325262184339103,0.0,0.0,7.088006832541822
22.646329127387915,0.0,0.0,6.789363528453652
22.410954738621715,0.0,0.0,3.070607991305712
22.041057284083873,0.0,0.0,2.34454554079462
21.79838343671477,0.0,0.0,1.0698395628725081
21.516511247607472,0.0,0.0,0.7232268599122936
21.297285830739433,0.0,0.0,0.12236090791112803
21.016370318108187,0.0,0.0,0.0
20.80408564926345,0.0,0.0,0.0
20.59060211154833,0.0,0.0,0.0
20.394090454910977,0.0,0.0,0.0
20.209733779097327,0.0,0.0,0.0
20.061575432573157,0.04648939233911935,0.0,0.0
20.0,0.2492092272225757,0.0,0.0
20.0,0.5128610584209107,0.0,0.0
20.0,0.8442944571705447,0.0,0.0
20.0,1.049862414730572,0.0,0.3880688756935225
20.0,1.1662656048015276,0.0,0.7178374606138168
20.0,0.9118094910631771,0.0,1.2441852069959491
20.044788046480313,0.0,0.0,3.1119677192549644
20.64172611293364,0.0,0.0,5.053084919357613
21.615867690562872,0.0,0.0,6.87741781781777
22.290630090370133,0.0,0.0,7.044412629374713
22.858453474304852,0.0,0.0,7.662927194076073
23.090250928361314,0.0,0.0,5.548372396571888
23.369678930821067,0.0,0.0,6.718882611267022
23.48005943489402,0.0,0.0,4.235259807731991
23.0404352431292,0.0,0.0,1.8905839715722168
22.67381824412842,0.0,0.0,1.1219098641653729
22.381954986808232,0.0,0.0,0.778721885713866
22.072306893751502,0.0,0.0,0.14050491724812686
21.771428479289245,0.0,0.0,0.0
21.555645695615205,0.0,0.0,0.0
21.342906926351425,0.0,0.0,0.0
21.13941307910976,0.0,0.0,0.0
20.940153020866454,0.0,0.0,0.0
20.765168214981646,0.0,0.0,0.0
20.60445950347112,0.0,0.0,0.0
20.43969995709387,0.0,0.0,0.0
20.26001118339878,0.0,0.0,0.0
20.1216158434297,0.0,0.0,0.37231017237957464
20.040197009185654,0.0037576701968242156,0.0,0.7614870057711164
20.06873195179487,0.0,0.0,1.317999783896683
20.338588839446864,0.0,0.0,2.390967483464125
21.00069968189852,0.0,0.0,5.084000285344307
21.849729995563003,0.0,0.0,6.852453755704365
22.61937896689816,0.0,0.0,7.81707653714116
23.217397881577693,0.0,0.0,7.541600800850832
23.5091114115677,0.0,0.0,6.412952725400066
23.65296831692323,0.0,0.0,5.700283648900272
23.6070851176274,0.0,0.0,4.135438844234156
23.308373934920212,0.0,0.0,2.3080175857963123
22.924598336466392,0.0,0.0,1.0698011207346558
22.64145536084348,0.0,0.0,0.7943770860570116
22.3125615195591,0.0,0.0,0.03310619546922395
21.951682330881415,0.0,0.0,0.0
21.675535516136925,0.0,0.0,0.0
21.381637961499596,0.0,0.0,0.0
21.127835108342396,0.0,0.0,0.0
20.88922113674231,0.0,0.0,0.0
20.653180072857843,0.0,0.0,0.0
20.41149612018839,0.0,0.0,0.0
20.147170856017848,0.0,0.0,0.0
20.003336660580967,0.3246271753614322,0.0,0.0
20.0,0.6405903862094581,0.0,0.3656640241543427
20.0,0.7995181853516179,0.0,0.7652862837243889
20.0,0.5760031304053458,0.0,1.3514693634923767
20.151536075549735,0.0,0.0,3.1028452487617364
20.792083872563623,0.0,0.0,5.160839165085448
21.633434657690188,0.0,0.0,6.775639578152269
22.28437945629671,0.0,0.0,7.78932979572444
22.80458399269615,0.0,0.0,8.014300998471228
23.147196321057606,0.0,0.0,7.35126287904607
23.326006382112645,0.0,0.0,6.115183511623734
23.250964231934105,0.0,0.0,3.9488384147258295
22.930572787325247,0.0,0.0,2.2677045796959345
22.478559962932316,0.0,0.0,1.0990675274470483
22.07341301718131,0.0,0.0,0.7993162155041271
21.64818784167055,0.0,0.0,0.04414159395896526
21.2237650020402,0.0,0.0,0.0
20.89499712790326,0.0,0.0,0.0
20.53679988728993,0.0,0.0,0.0
20.192162309598764,0.0,0.0,0.0
20.00841932207153,0.35626833350778425,0.0,0.0
20.0,0.793555219647258,0.0,0.0
20.0,1.2003285626747593,0.0,0.0
20.0,1.5939120338716586,0.0,0.0
20.0,1.9951769376776303,0.0,0.0
20.0,2.2238503615861474,0.0,0.5326534868583019
20.0,2.403538695744509,0.0,0.7972236628146286
20.0,2.251392816435238,0.0,1.4909482374878633
20.0,1.5260872086805384,0.0,3.1094412687536814
20.0,0.5466256542130981,0.0,5.045238856185933
20.223208186808762,0.0,0.0,6.848675569109136
20.71494373524991,0.0,0.0,7.9025956733662035
21.134735878556185,0.0,0.0,8.135025549930988
21.064770505303528,0.0,0.0,5.338731368816314
21.045658086955246,0.0,0.0,5.856137789385933
21.033045714679297,0.0,0.0,4.07410593539152
20.66271991139672,0.0,0.0,2.2413119973269455
20.30642834324179,0.0,0.0,1.1022170895019616
20.052866234757612,0.0009015485200587945,0.0,0.9399644288516484
20.0,0.5438244546835712,0.0,0.1397916866508326
20.0,0.9876440398821756,0.0,0.0
20.0,1.356649282297181,0.0,0.0
20.0,1.6714691361133331,0.0,0.0
20.0,1.9297964471171385,0.0,0.0
20.0,2.167762049065528,0.0,0.0
20.0,2.400738512202248,0.0,0.0
20.0,2.6602995326718113,0.0,0.0
20.0,2.928568500008461,0.0,0.0
20.0,3.193575495418465,0.0,0.0
20.0,3.2542286060049808,0.0,0.5370916430975677
20.0,3.2797111861487065,0.0,0.8086278827594139
20.0,3.0238748441558063,0.0,1.4839866255205931
20.0,2.3059677978817894,0.0,2.9451549180493273
20.0,1.4108134323745456,0.0,4.508884318543041
20.0,0.48312791488661283,0.0,5.810744573809954
20.325467728722685,0.0,0.0,8.022981596432347
20.861494139215846,0.0,0.0,8.151200570386981
21.026148100104443,0.0,0.0,6.232463606377217
20.821891414143863,0.0,0.0,3.761997434247359
20.533847068728708,0.0,0.0,2.3580145542867093
20.337343822465364,0.0,0.0,2.2182973903847634
20.135266478269237,0.25242786827886854,0.0,1.133208725701799
20.0,0.6570648097800585,0.0,0.5394417918566655
20.0,1.1729813310755952,0.0,0.0662123909384479
20.0,1.5126750102917463,0.0,0.0
20.0,1.779997618237418,0.0,0.0
20.0,2.0270940442837713,0.0,0.0
20.0,2.255123836803864,0.0,0.0
20.0,2.4687401285110777,0.0,0.0
20.0,2.6690620108898937,0.0,0.0
20.0,2.8546658247699495,0.0,0.0
20.0,3.041036663302867,0.0,0.0
20.0,3.237343374712339,0.0,0.0
20.0,3.371397085297544,0.0,0.24277877651892144
20.0,3.3562657319980564,0.0,0.7504071167916344
20.0,3.3446689796186466,0.0,0.838690343688015
20.0,3.163590789401124,0.0,1.1697522496571922
20.0,2.903786547951321,0.0,1.445637275240706
20.0,2.6212933933154274,0.0,1.6553098416734846
20.0,2.3471968571113475,0.0,1.7766991812098827
20.0,2.1186021944261624,0.0,1.8098054497637006
20.0,1.9823255671625277,0.0,1.7435930685698653
20.0,1.6650658120648587,0.0,2.5050353743420724
20.0,1.657231274159009,0.0,2.0511998661658266
20.0,1.6622982010523022,0.0,1.8429117183175185
20.0,1.8392961345316385,0.0,1.1035399464202564
20.0,2.113622225341654,0.0,0.3420973677988995
20.0,2.343612564225615,0.0,0.03310619546922395
20.0,2.5153208715308573,0.0,0.0
20.0,2.658069136977097,0.0,0.0
20.0,2.756326206447031,0.0,0.0
20.0,2.8118504104892295,0.0,0.0
20.0,2.857412103330547,0.0,0.0
20.0,2.9101655799029524,0.0,0.0
20.0,2.985608824413826,0.0,0.0
20.0,3.0868221789412607,0.0,0.0
20.0,3.219382949803807,0.0,0.0
20.0,3.2904523843244937,0.0,0.20967258592200375
20.0,3.1774724321340746,0.0,0.8497256885823874
20.0,2.8787203725522463,0.0,1.5118496564345412
20.0,2.356154624501473,0.0,2.424244391752056
20.0,1.3746492576200477,0.0,4.562188691507476
20.0,0.8656905614032034,0.0,4.540905323253107
20.0,0.27163466462211444,0.0,5.3112280055129055
20.0,0.6214102913450026,0.0,2.848996915175255
20.0,0.46890735649840076,0.0,3.289545982617975
20.0,0.5342114679534926,0.0,2.6792561733285414
20.0,0.6655706216797909,0.0,2.1408671998190774
20.0,1.0244783932351857,0.0,1.0593982550151664
20.0,1.15930534879276,0.0,1.1145752133577291
20.0,1.4417588057732225,0.0,0.5517699732101282
20.0,1.7571116127052098,0.0,0.04414159395896526
20.0,1.9755241798594054,0.0,0.0
20.0,2.1596031210701927,0.0,0.0
20.0,2.3095603735574937,0.0,0.0
20.0,2.4584448213166294,0.0,0.0
20.0,2.616541102072701,0.0,0.0
20.0,2.8140057396604807,0.0,0.0
20.0,3.0294827594357048,0.0,0.0
20.0,3.2512863536577625,0.0,0.0
20.0,3.4677248913477277,0.0,0.0
20.0,3.3769539150278916,0.0,0.7803042302046377
20.0,3.39899939532264,0.0,0.9359296508769078
20.0,3.164675302739205,0.0,1.4339966797400854
20.0,2.5016753611072473,0.0,2.718727611187934
20.0,1.471047852406393,0.0,4.873105055044336
20.0,0.3939934468133207,0.0,6.610023205082645
20.26770028368298,0.0,0.0,7.953296641527688
20.581684006661803,0.0,0.0,6.988084417286219
20.313983722978822,0.07377116402284527,0.0,3.0994010450225984
20.017908274397968,0.0,0.0,2.9347678362512593
20.017908274397968,0.24338361896934255,0.0,2.1999570705402833
20.0,0.4760999752199374,0.0,1.6580617878215873
20.0,0.7701566895215203,0.0,1.0474492726102957
20.0,1.0233638618880165,0.0,0.684194735597799
20.0,1.3615703676292226,0.0,0.08828318791793052
20.0,1.601497377537008,0.0,0.0
20.0,1.8202798731654426,0.0,0.0
20.0,2.069575896650923,0.0,0.0
20.0,2.3303813303462,0.0,0.0
20.0,2.5866198531236537,0.0,0.0
20.0,2.7764905304095495,0.0,0.0
20.0,2.915105070037898,0.0,0.0
20.0,3.0449862708073163,0.0,0.0
20.0,3.204825637041746,0.0,0.0
20.0,3.335728241153758,0.0,0.1544955788563784
20.0,3.3688942327249243,0.0,0.5076283597619381
20.0,3.0686993366684248,0.0,1.5449559249883589
20.0,2.3870487248770953,0.0,3.118739804868537
20.0,1.3628670572070567,0.0,5.123676685144275
20.0,0.32439699878089917,0.0,6.509680492818616
20.224302527688735,0.0,0.0,6.873843986242085
20.701855928651703,0.0,0.0,7.137502482664591
21.044207538742747,0.0,0.0,6.610192004475496
21.01938693422484,0.0,0.0,4.788542157239449
20.690789451088992,0.0,0.0,2.5672905080606316
20.409238205391198,0.0,0.0,1.9181487058451867
20.211963286118824,0.0,0.0,1.25193698256865
20.04268251299949,0.0,0.0,0.9210959338595704
20.001900777627935,0.35049662386895863,0.0,0.25534587816709514
20.0,0.7333642231993548,0.0,0.0
20.0,1.0403826775428913,0.0,0.0
20.0,1.3229790275323305,0.0,0.0
20.0,1.553227942053547,0.0,0.0
20.0,1.772005177429423,0.0,0.0
20.0,2.0049946519668773,0.0,0.0
20.0,2.2490074313988746,0.0,0.0
20.0,2.5094441349406647,0.0,0.0
20.0,2.7968014743527925,0.0,0.0
20.0,2.8067867527705834,0.0,0.8023709416892021
20.0,2.86795454870291,0.0,0.9382132322413489
20.0,2.603643474203927,0.0,1.3846325218069724
20.0,1.8152492104957814,0.0,2.607834357104195
20.0,0.7411040174991649,0.0,4.342288573026085
20.252104840206968,0.0,0.0,6.515276327409375
20.768048884212856,0.0,0.0,6.89468790524865
21.367859562775408,0.0,0.0,8.040800429644607
21.73850641646451,0.0,0.0,6.787689554447844
21.71981032484593,0.0,0.0,4.71131544088378
21.773633462111352,0.0,0.0,4.471399246718751
21.621688380344395,0.0,0.0,2.179658986160267
21.237705667926576,0.0,0.0,1.042123693577707
21.070647561409956,0.0,0.0,1.0894920446173781
20.815143025584415,0.0,0.0,0.2536622980586379
20.49093994443959,0.0,0.0,0.0
20.256563144468394,0.0,0.0,0.0
20.06654998674586,0.06911129947821286,0.0,0.0
20.0,0.30554875837119955,0.0,0.0
20.0,0.5849247670502195,0.0,0.0
20.0,0.8584779953774462,0.0,0.0
20.0,1.1462064832922463,0.0,0.0
20.0,1.431120076963311,0.0,0.0
20.0,1.6858217320737539,0.0,0.0
20.0,1.5338874839247971,0.0,1.0554428474492423
20.0,1.5744376690086694,0.0,1.0286470160948022
20.0,1.4227996067158446,0.0,1.3039848166276113
20.0,0.8038688482835439,0.0,2.5912413908180496
20.131371279039232,0.0,0.0,4.998028380593091
20.16481426086161,0.0,0.0,2.6562732118567367
20.217116287557147,0.0,0.0,2.8863959847760676
20.518641576799126,0.0,0.0,3.749431805516435
20.767507392175347,0.0,0.0,3.8236085774530553
20.86751639476889,0.0,0.0,3.123849311669391
20.9433260410623,0.0,0.0,3.1951151445738915
20.842288423192336,0.0,0.0,1.8151336292931
20.586089550987833,0.0,0.0,1.3021770900017624
20.279362096684288,0.0,0.0,0.3862389812470897
20.027212201484396,0.2526613402030408,0.0,0.05517699732101282
20.0,0.6629663764981039,0.0,0.0
20.0,1.0091124895329024,0.0,0.0
20.0,1.2550417957761562,0.0,0.0
20.0,1.3984090406419678,0.0,0.0
20.0,1.5147017556955122,0.0,0.0
20.0,1.6252131613967664,0.0,0.0
20.0,1.7574184048795236,0.0,0.0
20.0,1.891382169579665,0.0,0.0
20.0,2.014965327454362,0.0,0.0
20.0,2.064068678822247,0.0,0.17656637583586104
20.0,2.026153016017383,0.0,0.5407345503588555
20.0,1.9802211930150544,0.0,0.8938673799874778
20.0,1.918489205643774,0.0,1.224929207999755
20.0,1.8450914486394807,0.0,1.5008142335832688
20.0,1.7462833789609915,0.0,1.6994513771647748
20.0,1.6458795261652994,0.0,1.8208408726149732
20.0,1.5585917870632044,0.0,1.8429117183175185
20.0,1.5008342067599085,0.0,1.7766991812098827
20.0,1.4906554331200783,0.0,1.6222037290334672
20.0,1.5325038777907078,0.0,1.3904601609843432
20.0,1.6444539000268883,0.0,1.0925045235689839
20.0,1.8283517809435093,0.0,0.7504071167916344
20.0,2.0449595424949316,0.0,0.3972743261414623
20.0,2.272546069374625,0.0,0.0662123909384479
20.0,2.4207705230792795,0.0,0.0
20.0,2.534907545326803,0.0,0.0
20.0,2.6325785667285286,0.0,0.0
18.74843556888765,0.0,0.0,0.0
17.844417472034472,0.0,0.0,0.0
17.89017061336054,0.0,0.0,0.0
17.570163683881717,0.0,0.0,0.0
17.426067623535335,0.0,0.0,0.0
17.253742336756044,0.0,0.0,0.0
17.180510452210576,0.0,0.0,0.1876017791979086
17.16202255531118,0.0,0.0,0.5517699732101282
17.16063137951948,0.0,0.0,0.9049027248818503
17.133471087946894,0.0,0.0,1.224929207999755
17.105746866648566,0.0,0.0,1.5008142335832688
17.102001043180515,0.0,0.0,1.7104869559298472
17.128012278402753,0.0,0.0,1.8318762954662458
17.172268866346517,0.0,0.0,1.8539471411687907
17.352967810500864,0.0,0.0,2.836097592138849
17.53600421183254,0.0,0.0,2.817756836863091
17.766953261667762,0.0,0.0,3.8623913748476566
17.77578126271468,0.0,0.0,2.3073239707944375
17.474418774015895,0.0,0.0,1.22396310711175
17.262635923113546,0.0,0.0,0.7370587022346021
17.001753372334797,0.0,0.0,0.14346018523894336
16.752349140039197,0.0,0.0,0.0
16.558435187373906,0.0,0.0,0.0
16.362617977159797,0.0,0.0,0.0
16.164441348441642,0.0,0.0,0.0
15.962653736639552,0.0,0.0,0.0
15.766734488183165,0.0,0.0,0.0
15.577266608203274,0.0,0.0,0.0
15.38979688532963,0.0,0.0,0.0
15.196915023501077,0.0,0.0,0.0
15.042744197734493,0.0,0.0,0.32002656107480437
15.019699912255643,0.0,0.0,1.1861212416475508
15.039478741013934,0.0,0.0,1.5031689827471075
15.124811455528796,0.0,0.0,2.1373124169531263
15.268819020952904,0.0,0.0,2.3946816135707474
15.274542534745361,0.0,0.0,1.7104869559298472
15.29176360949431,0.0,0.0,1.8318762954662458
15.369108724038524,0.0,0.0,1.8649822521924635
15.556996091789419,0.0,0.0,2.847132859076322
15.727527047363411,0.0,0.0,2.6031938006022597
15.928323189022699,0.0,0.0,3.5078547677923217
15.972874199466489,0.0,0.0,2.1168522867889252
15.763736622565954,0.0,0.0,1.2130929132831658
15.610153638283997,0.0,0.0,0.7503975256290416
15.364776366609892,0.0,0.0,0.1324247818768958
15.114685904405537,0.0,0.0,0.0
14.907700554165402,0.0,0.0,0.0
14.72345891524751,0.0,0.0,0.0
14.580128455014723,0.0,0.0,0.0
14.468132661410198,0.0,0.0,0.0
14.372192787576394,0.0,0.0,0.0
14.278800785551784,0.0,0.0,0.0
14.180542324770148,0.0,0.0,0.0
14.06220065090464,0.0,0.0,0.0
13.950745307515557,0.0,0.0,0.20967258592200375
13.890506456238711,0.0,0.0,0.5628053181045007
13.898682019652142,0.0,0.0,0.9159381477331229
13.969268111796497,0.0,0.0,1.2470000537022998
14.06724237823397,0.0,0.0,1.5228850792858142
14.157636989008157,0.0,0.0,1.7215222228673202
14.212231391873914,0.0,0.0,1.8429117183175185
14.236830466930574,0.0,0.0,1.8649822521924635
14.26511824075354,0.0,0.0,1.7987700269124283
14.298072596788703,0.0,0.0,1.6442742629084122
14.313242002123665,0.0,0.0,1.4125310066868884
14.287684779646238,0.0,0.0,1.1145752133577291
14.196034386976603,0.0,0.0,0.7724779624941794
14.041785388161724,0.0,0.0,0.4193451718440075
13.845678056650272,0.0,0.0,0.0772477894281892
13.65603654860845,0.0,0.0,0.0
13.49788453074749,0.0,0.0,0.0
13.362614009009167,0.0,0.0,0.0
13.265072976232663,0.0,0.0,0.0
13.189255163247871,0.0,0.0,0.0
13.113951381457003,0.0,0.0,0.0
13.037979373987891,0.0,0.0,0.0
12.959972482798404,0.0,0.0,0.0
12.869515106223792,0.0,0.0,0.0
12.827860986812352,0.0,0.0,0.3862389812470897
12.87164321990586,0.0,0.0,0.9049027248818503
12.904142861221512,0.0,0.0,0.9269735705843953
12.97893055193396,0.0,0.0,1.2580354765535724
13.136687806288176,0.0,0.0,1.5228850792858142
13.332427690560362,0.0,0.0,1.732557801632393
13.723097726044752,0.0,0.0,3.0776340194747736
14.324511546716668,0.0,0.0,4.72649658165533
15.041869879516883,0.0,0.0,6.575555257670332
15.501972935632335,0.0,0.0,5.91125543010582
15.406082773775527,0.0,0.0,3.28669989941722
15.246556051282731,0.0,0.0,2.4281018610914424
15.12001816787715,0.0,0.0,1.2847323458298818
15.068130037074592,0.0,0.0,1.3831386108287607
15.047542523564623,0.0,0.0,0.8642164056818443
14.806345854337472,0.0,0.0,0.0
14.59272076559645,0.0,0.0,0.0
14.409750735364877,0.0,0.0,0.0
14.196670549658169,0.0,0.0,0.0
13.993672117843566,0.0,0.0,0.0
13.824681056643547,0.0,0.0,0.0
13.698074199364832,0.0,0.0,0.0
13.576338230853608,0.0,0.0,0.0
13.409349941878595,0.0,0.0,0.0
13.413112916445378,0.0,0.0,1.458382947772701
13.370730388400569,0.0,0.0,1.0171129921919149
13.359931653652325,0.0,0.0,1.5844504329028641
13.695570298202025,0.0,0.0,2.373929394509004
14.279574891298653,0.0,0.0,4.018037479258346
15.167737547672221,0.0,0.0,6.3059295100002135
15.908363455663764,0.0,0.0,6.380551259197305
16.616281082503747,0.0,0.0,7.77889322554959
17.22056298603047,0.0,0.0,7.207612072917566
17.436371538656104,0.0,0.0,5.914615348500914
17.381933221394164,0.0,0.0,3.6609645894063134
17.155530803553823,0.0,0.0,2.106020580593765
16.981208308726888,0.0,0.0,1.2770483693097554
16.968172540246822,0.0,0.0,1.4237776851590869
16.86069009223333,0.0,0.0,0.407933627907231
16.6186357308641,0.0,0.0,0.0
16.45517090987819,0.0,0.0,0.0
16.25424852774934,0.0,0.0,0.0
16.03796989152172,0.0,0.0,0.0
15.81147758474194,0.0,0.0,0.0
15.61480624962848,0.0,0.0,0.0
15.45629676672877,0.0,0.0,0.0
15.303833808867147,0.0,0.0,0.0
15.138502167747518,0.0,0.0,0.0
15.182696043236398,0.0,0.0,1.5090031121234784
15.20166646009574,0.0,0.0,1.2491209705667234
15.240865187827819,0.0,0.0,1.982060607777237
15.660074074709318,0.0,0.0,3.2442187616357394
16.325161774715852,0.0,0.0,4.906363083097107
16.91958108570237,0.0,0.0,4.7009545009591465
17.49106801963339,0.0,0.0,5.40021942342714
18.21297705299352,0.0,0.0,6.2956215952715855
18.8892408921353,0.0,0.0,6.966323547384101
19.226734275279632,0.0,0.0,5.454885255008718
19.16056406931805,0.0,0.0,3.4617673473417265
19.020832023397624,0.0,0.0,2.3015622917407743
18.840107447067272,0.0,0.0,1.3145188301401
18.75063165687221,0.0,0.0,1.2791268034539487
18.659299106252178,0.0,0.0,0.7684401201802138
18.400128321754725,0.0,0.0,0.0
18.18250484342689,0.0,0.0,0.0
18.00633435259237,0.0,0.0,0.0
17.809851542254584,0.0,0.0,0.0
17.610694844386952,0.0,0.0,0.0
17.41321094355149,0.0,0.0,0.0
17.22144983532175,0.0,0.0,0.0
17.0215015068181,0.0,0.0,0.0
16.808079106662703,0.0,0.0,0.0
16.82858932146494,0.0,0.0,1.610325560885038
16.83587019248693,0.0,0.0,1.2264655640387538
16.81581836041867,0.0,0.0,1.3867833204861315
17.255777372326023,0.0,0.0,2.851554108607619
18.00013942566168,0.0,0.0,4.648264819194103
18.83815002925438,0.0,0.0,6.1341269646768755
19.650350471897795,0.0,0.0,7.265180668773185
20.344213721614803,0.0,0.0,7.6725044784400716
20.836650715264184,0.0,0.0,7.071117736990237
21.065917101168214,0.0,0.0,5.570647741717209
21.043335958745125,0.0,0.0,3.594073438860638
20.880880054032573,0.0,0.0,2.135123074528978
20.716802522540164,0.0,0.0,1.3400381142694826
20.68441633243556,0.0,0.0,1.4320004285096706
20.540626255568533,0.0,0.0,0.5115606788305204
20.26586960911319,0.0,0.0,0.0
20.07830378347996,0.0,0.0,0.0
19.887162173958824,0.0,0.0,0.0
19.69187548414378,0.0,0.0,0.0
19.49333148599592,0.0,0.0,0.0
19.299971146367405,0.0,0.0,0.0
19.10901191652852,0.0,0.0,0.0
18.911474647310968,0.0,0.0,0.0
18.698557413586432,0.0,0.0,0.011035399707817879
18.739941504549193,0.0,0.0,1.769639624813758
18.74994783426944,0.0,0.0,1.2470983840079868
18.746558214498386,0.0,0.0,1.4232123857836374
19.233553650569494,0.0,0.0,2.9180059332400576
20.04514237706522,0.0,0.0,4.9669186213151555
20.812597496658082,0.0,0.0,5.483927417101022
21.549820587152066,0.0,0.0,6.921025000406415
22.14474391295918,0.0,0.0,6.584187185002228
22.31545758319334,0.0,0.0,4.78318432912903
22.356296378775237,0.0,0.0,3.6458813744996967
22.308401791973406,0.0,0.0,2.284327540971821
22.227063880915043,0.0,0.0,1.8098054497637006
22.17316340134576,0.0,0.0,1.4125310066868884
22.032059531972664,0.0,0.0,0.8055840751341973
21.82156801025405,0.0,0.0,0.22070798928405128
21.60085759403889,0.0,0.0,0.0
21.411571801617164,0.0,0.0,0.0
21.226741016829944,0.0,0.0,0.0
21.034859586040625,0.0,0.0,0.0
20.840755460400786,0.0,0.0,0.0
20.64277198406955,0.0,0.0,0.0
20.44181949656425,0.0,0.0,0.0
20.24628526087965,0.0,0.0,0.0
20.05862636239802,0.0,0.0,0.011035398489741315
20.123905758268574,0.0,0.0,1.7213649514125007
20.181585426670033,0.0,0.0,1.296476628976973
20.18284391127492,0.0,0.0,1.4321179803957516
20.57867962608379,0.0,0.0,2.6376233759108385
21.29174917623771,0.0,0.0,4.6182047167484255
22.117776202372784,0.0,0.0,6.099475312403265
22.841284002712374,0.0,0.0,6.716956441693748
23.47992364267477,0.0,0.0,7.27196285362931
23.957992620277274,0.0,0.0,6.720918074951211
24.047856536430732,0.0,0.0,4.632616773725869
23.962832430926888,0.0,0.0,3.308473609745235
23.887173725642608,0.0,0.0,2.408624099749859
23.743078240519655,0.0,0.0,1.4403585792852431
23.593468988712353,0.0,0.0,0.838690343688015
23.37711596528446,0.0,0.0,0.23174339264609883
23.11442390578378,0.0,0.0,0.0
22.893734452140176,0.0,0.0,0.0
22.680721041367242,0.0,0.0,0.0
22.50592447405013,0.0,0.0,0.0
22.345784574579525,0.0,0.0,0.0
22.168448472261545,0.0,0.0,0.0
21.97020771736419,0.0,0.0,0.0
21.756342927682322,0.0,0.0,0.0
21.55490247104715,0.0,0.0,0.011035398489741315
21.650376388724837,0.0,0.0,1.8316601134622195
21.737181404497207,0.0,0.0,1.4391082715374164
21.730672605647072,0.0,0.0,1.638941513321498
22.061341607864083,0.0,0.0,2.745827169241991
22.67355023511781,0.0,0.0,4.636472045516723
23.37463902280022,0.0,0.0,5.734429594636202
24.09603392807009,0.0,0.0,6.986540120542233
24.649564634921823,0.0,0.0,6.422321179525634
24.90260394364102,0.0,0.2975372554189461,6.319056202827216
25.0,0.0,0.5294224602406352,5.522043462756925
25.0,0.0,0.22678507092960998,3.329791037969374
24.967450822097376,0.0,0.0,2.2985978806012564
24.799675788344253,0.0,0.0,1.5939644723484598
24.561015382134208,0.0,0.0,0.8497256885823874
24.306072486017406,0.0,0.0,0.24277877651892144
24.070907334531416,0.0,0.0,0.0
23.900846036944177,0.0,0.0,0.0
23.727301463039353,0.0,0.0,0.0
23.537413342145136,0.0,0.0,0.0
23.33403504905892,0.0,0.0,0.0
23.14368054489042,0.0,0.0,0.0
22.967059390160234,0.0,0.0,0.0
22.789665308509182,0.0,0.0,0.0
22.643716048878723,0.0,0.0,0.279405308626789
22.69902006250895,0.0,0.0,1.6175137783562021
22.72577701531089,0.0,0.0,1.3382010112112934
22.741581368557206,0.0,0.0,1.535817830769439
23.132505667872856,0.0,0.0,2.636469950873963
23.787502941285275,0.0,0.0,4.170480014407237
24.57568970611803,0.0,0.0027074322651686896,5.85650728122634
25.0,0.0,0.688125438730268,6.748822947656658
25.0,0.0,1.33512691748145,6.609683252135892
25.0,0.0,1.704335576551255,6.1365117986577165
25.0,0.0,1.945400753661395,5.68281850167689
25.0,0.0,1.5185536891932214,3.323479112303067
25.0,0.0,1.1504685618871493,2.0946238558324968
25.0,0.0,0.8512546309454531,1.410500489127142
25.0,0.0,0.8206098308522956,1.6347916243632112
25.0,0.0,0.23868027540830047,0.20967258592200375
24.93092654118593,0.0,0.0,0.0
24.735891157709837,0.0,0.0,0.0
24.506438292458263,0.0,0.0,0.0
24.30799024888654,0.0,0.0,0.0
24.120147118898473,0.0,0.0,0.0
23.93631169726273,0.0,0.0,0.0
23.749885910950248,0.0,0.0,0.0
23.551641776914103,0.0,0.0,0.0
23.327435885444398,0.0,0.0,0.02207079697948263
23.337801386734487,0.0,0.0,1.801694780037295
23.304006487900395,0.0,0.0,1.2657666733868085
23.225871651662423,0.0,0.0,1.4248220347847498
23.609858097549377,0.0,0.0,2.878797248600715
24.293637614586927,0.0,0.0,4.778875453236788
24.840447199369965,0.0,0.2019554738856257,5.480475415044859
25.0,0.0,0.9172633788548733,6.464655831106176
25.0,0.0,1.3585221815315163,6.243515606257111
25.0,0.0,1.5323059171245565,5.522728029286627
25.0,0.0,1.483990962486981,4.3949160879691895
25.0,0.0,1.436405765253989,3.684829738823788
25.0,0.0,0.9645606440784791,2.0499185867452976
25.0,0.0,0.5640755624444945,1.3267167481152768
25.0,0.0,0.3786493361407499,1.3939882753466493
24.879373064303536,0.0,0.0,0.29922858634775223
24.55846141993436,0.0,0.0,0.0
24.21024146016277,0.0,0.0,0.0
23.908533424195475,0.0,0.0,0.0
23.626372351573707,0.0,0.0,0.0
23.377153263144095,0.0,0.0,0.0
23.138752362277195,0.0,0.0,0.0
22.89926038391451,0.0,0.0,0.0
22.643592430677064,0.0,0.0,0.0
22.371655015181144,0.0,0.0,0.03310619546922395
22.276391282259276,0.0,0.0,1.2214579203041314
22.261757520732708,0.0,0.0,1.420131146860782
22.28394868311002,0.0,0.0,1.4912624535817407
22.659724863251604,0.0,0.0,2.6363523000869935
23.387164461347897,0.0,0.0,4.703302729332444
24.10997166626099,0.0,0.0,5.698957758037969
24.627388508183603,0.0,0.0,6.347307952754904
24.926707047280182,0.0,0.27940657776667244,6.870518596658808
25.0,0.0,0.7658819053894694,7.142154327487106
25.0,0.0,0.7302464386615206,5.595153969077774
25.0,0.0,0.28650283772721497,3.4782308022008097
24.91389427128453,0.0,0.0,2.085690397390315
24.64934827805766,0.0,0.0,1.3242479357043075
24.276281777434846,0.0,0.0,0.49659297588911533
23.915289538909015,0.0,0.0,0.25381417988096905
23.575153096627176,0.0,0.0,0.0
23.261889043156422,0.0,0.0,0.0
22.98981721287715,0.0,0.0,0.0
22.74421098561909,0.0,0.0,0.0
22.527590169891305,0.0,0.0,0.0
22.33518504598384,0.0,0.0,0.0
22.1576491180368,0.0,0.0,0.0
21.982709897009975,0.0,0.0,0.0
21.812544888169917,0.0,0.0,0.04414159395896526
21.711325905345717,0.0,0.0,0.5407345503588555
21.677237342067638,0.0,0.0,1.0152567195238762
21.62634432371888,0.0,0.0,1.0042213746295034
21.62971015737824,0.0,0.0,1.3242479357043075
21.693516260899752,0.0,0.0,1.5890973045658492
21.75647108910638,0.0,0.0,1.7877347599749556
21.80419772269603,0.0,0.0,1.898088676660081
21.8130425421397,0.0,0.0,1.931194789300099
21.785191297685074,0.0,0.0,1.8649822521924635
21.70848208342607,0.0,0.0,1.7104869559298472
21.580967708594713,0.0,0.0,1.4787435437945238
21.40295703736564,0.0,0.0,1.1807876725084643
21.18496862161647,0.0,0.0,0.8497256885823874
20.946229819826346,0.0,0.0,0.49659297588911533
20.709726603067153,0.0,0.0,0.1544955788563784
20.501382890287253,0.0,0.0,0.0
20.32734016831969,0.0,0.0,0.0
20.164407374541497,0.0,0.0,0.0
19.981138062098584,0.0,0.0,0.0
19.785305786971996,0.0,0.0,0.0
19.592648190331325,0.0,0.0,0.0
19.407763294067447,0.0,0.0,0.0
19.23980049419696,0.0,0.0,0.0
19.098882047178925,0.0,0.0,0.04414159395896526
19.056534298242532,0.0,0.0,0.5848761248285961
19.14296770514902,0.0,0.0,1.3861246982093265
19.246638607926773,0.0,0.0,1.7427626649431662
19.465502427516824,0.0,0.0,2.6921301684796153
19.927152634508577,0.0,0.0,4.354819955930706
20.148479713935558,0.0,0.0,3.1423260931495474
20.328392304126236,0.0,0.0,3.7990916464295714
20.61262976978733,0.0,0.0,3.8921419818233174
20.583187981435728,0.0,0.0,3.0428178467278992
20.430755912020327,0.0,0.0,2.714708096688651
20.13473122707808,0.0,0.0,1.4787435437945238
19.984602099386002,0.0,0.0,2.10776124309286
19.969604278187973,0.0,0.0,1.5765148139843645
19.948687885067596,0.0,0.0,1.6320492288683135
19.794329536741106,0.0,0.0,0.2758849866050641
19.494507022827236,0.0,0.0,0.0
19.28470927096312,0.0,0.0,0.0
19.050720306554773,0.0,0.0,0.0
18.845734371614487,0.0,0.0,0.0
18.658830853344142,0.0,0.0,0.0
18.49150996231623,0.0,0.0,0.0
18.33085265952262,0.0,0.0,0.0
18.163201260851135,0.0,0.0,0.0
18.0167539487896,0.0,0.0,0.25257326154518
18.10850620807495,0.0,0.0,2.0475082437914485
18.13869952737677,0.0,0.0,1.4683951275305078
18.125726033787053,0.0,0.0,1.5559358096082057
18.54798419285647,0.0,0.0,2.8117534910807525
19.275820579627034,0.0,0.0,4.652751940165596
19.829584856272877,0.0,0.0,4.406343506426533
20.21330320952442,0.0,0.0,4.930153020286024
20.760023146712467,0.0,0.0,6.314653767716316
21.122748770396555,0.0,0.0,5.581810881726087
21.216107672986045,0.0,0.0,4.374964446468438
21.17804513102502,0.0,0.0,2.9156805910266943
21.11583339998127,0.0,0.0,2.521174431093425
20.987550707179462,0.0,0.0,1.543019914774203
20.80858972397958,0.0,0.0,1.1808982702161424
20.58591123308786,0.0,0.0,0.3310619839260769
20.31046205923602,0.0,0.0,0.0
20.12287919626617,0.0,0.0,0.0
19.966484091511546,0.0,0.0,0.0
19.848594792034106,0.0,0.0,0.0
19.74563648197217,0.0,0.0,0.0
19.645250039290794,0.0,0.0,0.0
19.53087957004035,0.0,0.0,0.0
19.410157748587146,0.0,0.0,0.0
19.302537498360966,0.0,0.0,0.05517699732101282
19.291979529666165,0.0,0.0,0.5959115476798684
19.4464778763957,0.0,0.0,1.52041382966106
19.644903646510294,0.0,0.0,1.8068256996929757
20.023118915238896,0.0,0.0,2.9050999973503795
20.631494771037197,0.0,0.0,4.226381163096125
21.26533237517828,0.0,0.0,5.215729474417084
22.04515781004548,0.0,0.0,7.1277772183496255
22.41104925063868,0.0,0.0,4.96407763286962
22.40147989304923,0.0,0.0,3.8598007838605066
22.415301183034998,0.0,0.0,2.8041301587879466
22.467050557957467,0.0,0.0,3.2844394576069735
22.446697290936743,0.0,0.0,2.3804460883100216
22.222995287950692,0.0,0.0,1.6402817937281684
21.992527735485062,0.0,0.0,0.8280708649340481
21.727156196457255,0.0,0.0,0.3420973677988995
21.50526162883801,0.0,0.0,0.0
21.331011330305486,0.0,0.0,0.0
21.18045196527677,0.0,0.0,0.0
21.021168830380336,0.0,0.0,0.0
20.8627759016219,0.0,0.0,0.0
20.70885396288293,0.0,0.0,0.0
20.555701458793795,0.0,0.0,0.0
20.38751296269747,0.0,0.0,0.0
20.19857210230709,0.0,0.0,0.05517699732101282
20.22658110385268,0.0,0.0,1.7306708216629314
20.240204389642802,0.0,0.0,1.3874939880925756
20.230479598581336,0.0,0.0,1.6757440145015152
20.6183480720598,0.0,0.0,2.843066454900563
21.198005472131495,0.0,0.0,3.912548593345702
21.897269509455505,0.0,0.0,5.3455434146837515
22.686851344064756,0.0,0.0,6.744710312120723
23.134323694586207,0.0,0.0,5.5028242735014015
23.452145255142113,0.0,0.0,5.621076739338421
23.776659177936693,0.0,0.0,5.048022638267428
23.734677523027447,0.0,0.0,3.27248894324966
23.485304580784444,0.0,0.0,2.1408671998190774
23.17566078986524,0.0,0.0,1.5339205021370865
22.79717117832951,0.0,0.0,0.8166194979854698
22.395825333256955,0.0,0.0,0.17656637583586104
22.104773784679836,0.0,0.0,0.0
21.93820969137186,0.0,0.0,0.0
21.816362909347404,0.0,0.0,0.0
21.708969064694177,0.0,0.0,0.0
21.595531867081803,0.0,0.0,0.0
21.46040820381968,0.0,0.0,0.0
21.29916696129915,0.0,0.0,0.0
21.126957499114447,0.0,0.0,0.0
20.962342852652718,0.0,0.0,0.0662123909384479
20.894518546843624,0.0,0.0,0.5959115476798684
20.92446442645801,0.0,0.0,1.0703731087358255
21.010702182807158,0.0,0.0,1.5178509578775572
21.179022624035493,0.0,0.0,1.9485215383630232
21.303698053328667,0.0,0.0,1.6111681502683945
21.43361549081427,0.0,0.0,1.8098054497637006
21.747067242283887,0.0,0.0,2.8635295459771504
22.182389652220138,0.0,0.0,3.8679503537955147
22.790052752962954,0.0,0.0,5.584723667934144
23.140897632376657,0.0,0.0,4.11260453441661
23.147964333701587,0.0,0.0,3.103304759035156
22.99461263981329,0.0,0.0,1.91677264313354
22.64087165695933,0.0,0.0,1.3250481914841041
22.286611000212922,0.0,0.0,0.9269735705843953
21.913285604135872,0.0,0.0,0.1876017791979086
21.68097579593531,0.0,0.0,0.0
21.575717355947955,0.0,0.0,0.0
21.466436536646878,0.0,0.0,0.0
21.31222303521802,0.0,0.0,0.0
21.10604586368659,0.0,0.0,0.0
20.897490979000114,0.0,0.0,0.0
20.700337758623167,0.0,0.0,0.0
20.51820802140474,0.0,0.0,0.0
20.35626938474346,0.0,0.0,0.0772477894281892
20.332640772972645,0.0,0.0,0.8809927538970962
20.395555097917875,0.0,0.0,1.2554590427355998
20.506670000383828,0.0,0.0,1.7090247229241924
20.79261366382119,0.0,0.0,2.547659796735952
21.34778488369558,0.0,0.0,4.371706014008571
21.953961444443006,0.0,0.0,5.091160799088409
22.69087448965911,0.0,0.0,7.216016866710665
23.217259572675594,0.0,0.0,6.057579816861432
23.12504930001645,0.0,0.0,3.296441426054516
23.280182340124757,0.0,0.0,4.4578896173248665
23.528247671765833,0.0,0.0,3.879718631755054
23.397145069638427,0.0,0.0,2.2342903133423575
23.291427237484278,0.0,0.0,1.768468509241608
23.286268491721465,0.0,0.0,1.5928251092070018
23.07228354742317,0.0,0.0,0.3089911577127568
22.77322080019382,0.0,0.0,0.0
22.56745976832439,0.0,0.0,0.0
22.345829180909174,0.0,0.0,0.0
22.151137499013487,0.0,0.0,0.0
21.967691071161145,0.0,0.0,0.0
21.784155600284684,0.0,0.0,0.0
21.600320038045556,0.0,0.0,0.0
21.419928519344868,0.0,0.0,0.0
21.26390477330127,0.0,0.0,0.08828318791793052
21.229797276519246,0.0,0.0,0.7026668848755814
21.374892400897636,0.0,0.0,1.6988737438353818
21.501324110564777,0.0,0.0,1.5237508856703703
21.798652610518968,0.0,0.0,2.5579898892607242
22.47499179161088,0.0,0.0,4.582885213696564
23.24178338485843,0.0,0.0,6.123518148780481
23.859613706140657,0.0,0.0,6.414976997111879
24.381576732850597,0.0,0.0,6.894636032198638
24.776630184364848,0.0,0.0,6.42719342645942
24.879531653016095,0.0,0.0,4.997278625817569
24.829095655244153,0.0,0.0,3.839341164626417
24.603183445880624,0.0,0.0,2.1532968493322877
24.332476798527416,0.0,0.0,1.4182757517599907
24.10334591857105,0.0,0.0,0.8497256885823874
23.75740308725397,0.0,0.0,0.19863716307073115
23.407851295544575,0.0,0.0,0.0
23.107786679121205,0.0,0.0,0.0
22.852195767382902,0.0,0.0,0.0
22.66894942545524,0.0,0.0,0.0
22.5249746702419,0.0,0.0,0.0
22.38614847001748,0.0,0.0,0.0
22.246428729633784,0.0,0.0,0.0
22.10922522868661,0.0,0.0,0.0
21.982309635252548,0.0,0.0,0.044141598831271514
21.914824716823503,0.0,0.0,0.3531327516717221
21.933646246905358,0.0,0.0,0.6952300804921716
21.989284828776583,0.0,0.0,1.0373275652264211
22.184801838166635,0.0,0.0,2.1408671998190774
22.431136832239098,0.0,0.0,2.388538439096909
22.682646263367765,0.0,0.0,2.881147215311167
22.998163706779728,0.0,0.0,3.1882962815479736
23.279778589815095,0.0,0.0,3.2687565807442134
23.69156357035169,0.0,0.0,4.491584703902108
24.02247587864337,0.0,0.0,4.143251596797255
24.07017370412362,0.0,0.0,3.106517228081504
23.990522643845377,0.0,0.0,2.1903737164218997
23.86066494710885,0.0,0.0,1.5964322622384164
23.705007806904753,0.0,0.0,0.9640765410292941
23.4650401027163,0.0,0.0,0.4083097489927349
23.188710107845584,0.0,0.0,0.0
22.949309331320595,0.0,0.0,0.0
22.735915830636298,0.0,0.0,0.0
22.5383313577428,0.0,0.0,0.0
22.346494621382092,0.0,0.0,0.0
22.137624598023415,0.0,0.0,0.0
21.916780131082533,0.0,0.0,0.0
21.698283787346583,0.0,0.0,0.0
21.511825169619044,0.0,0.0,0.08828319766254303
21.695177947955454,0.0,0.0,2.430029353903304
21.832451640001942,0.0,0.0,1.7413567648814627
21.76159858168985,0.0,0.0,1.5939750970331608
22.02418967665419,0.0,0.0,2.642871038111991
22.55240324346379,0.0,0.0,4.31391169814171
23.212874222091635,0.0,0.0,5.760782961276289
23.61570122614325,0.0,0.0,4.86443383530506
24.11840867088943,0.0,0.0,6.61248771647775
24.484723954578048,0.0,0.0,5.240752813208233
24.601732570547505,0.0,0.0,5.231533355347858
24.642842249125124,0.0,0.0,3.6544912365621256
24.3752677831289,0.0,0.0,2.199787200854439
24.160470702006545,0.0,0.0,1.4845521446863361
24.101422899010252,0.0,0.0,1.8938112938536076
23.998287661554272,0.0,0.0,1.4247494113439352
23.574477079405185,0.0,0.0,0.0
23.177688825573966,0.0,0.0,0.0
22.90510902150515,0.0,0.0,0.0
22.63043032869028,0.0,0.0,0.0
22.38079445381388,0.0,0.0,0.0
22.112934891164,0.0,0.0,0.0
21.835234057889853,0.0,0.0,0.0
21.554227271969545,0.0,0.0,0.0
21.386692726296342,0.0,0.0,0.5467798767785681
21.505965797150605,0.0,0.0,2.061654434600612
21.549311931948708,0.0,0.0,1.417421041802749
21.509739692075616,0.0,0.0,1.5175175104134389
21.748664316303024,0.0,0.0,2.2792640472597676
22.268754477900696,0.0,0.0,4.198306242593937
22.827969027641757,0.0,0.0,4.957844527954629
23.373377611596904,0.0,0.0,6.2663024390924145
23.92869555058293,0.0,0.0,6.693610259200415
24.308196840980994,0.0,0.0,6.237560688221347
24.517176708826117,0.0,0.0,5.088750772774978
24.512060041898287,0.0,0.0,3.419677477763421
24.342959324864363,0.0,0.0,2.094524914802136
24.15191667117969,0.0,0.0,1.506824264446988
24.085310515430585,0.0,0.0,1.8425339383369919
24.09220005445992,0.0,0.0,2.377023420628335
23.67098288932703,0.0,0.0,0.0
23.179616733967432,0.0,0.0,0.0
22.922164574072607,0.0,0.0,0.0
22.62097928449025,0.0,0.0,0.0
22.3612201445213,0.0,0.0,0.0
22.092846418674537,0.0,0.0,0.0
21.848722217338924,0.0,0.0,0.0
21.62614231360771,0.0,0.0,0.0
21.45555039980212,0.0,0.0,0.11035399464202564
21.4199158333219,0.0,0.0,0.6400531221496087
21.474059066714226,0.0,0.0,1.1145752133577291
21.605242988740613,0.0,0.0,1.6553098416734846
21.806393916323366,0.0,0.0,1.9811183980447962
22.05877926748233,0.0,0.0,2.58228333430098
22.179603888035345,0.0,0.0,1.8318762954662458
22.215632354032515,0.0,0.0,1.9422302121513715
22.297689650692263,0.0,0.0,1.9753363247913887
22.308022020600447,0.0,0.0,1.9091239435975538
22.2888141609381,0.0,0.0,1.7546283355073375
22.22852910747804,0.0,0.0,1.5339205021370865
22.230278215511994,0.0,0.0,1.9643010578539168
22.201787352805937,0.0,0.0,1.6001328833309219
22.033021876443875,0.0,0.0,0.8828319571362051
21.810526744138258,0.0,0.0,0.22070798928405128
21.603523116822387,0.0,0.0,0.0
21.44666955226196,0.0,0.0,0.0
21.30069487262483,0.0,0.0,0.0
21.15381419863159,0.0,0.0,0.0
20.987323858929805,0.0,0.0,0.0
20.777717035490458,0.0,0.0,0.0
20.52721864748881,0.0,0.0,0.0
20.256462303120767,0.0,0.0,0.0
20.009234685286327,0.0,0.0,0.05517699732101282
19.839910005814428,0.0,0.0,0.3641681745229947
19.743843271602277,0.0,0.0,0.7173009261947166
19.681930213370425,0.0,0.0,1.0593982550151664
19.639779254321088,0.0,0.0,1.368389471195598
19.608298847922438,0.0,0.0,1.6332389959709397
19.575462232908613,0.0,0.0,1.8318762954662458
19.535018652986516,0.0,0.0,1.9532656350026438
19.480510136681477,0.0,0.0,1.9753363247913887
19.40504513181069,0.0,0.0,1.9091239435975538
19.306673890608913,0.0,0.0,1.7656639142724102
19.179029380790702,0.0,0.0,1.5339205021370865
19.01118918716937,0.0,0.0,1.2470000537022998
18.79927372892921,0.0,0.0,0.9159381477331229
18.55550304074333,0.0,0.0,0.5738407409557734
18.307613751612664,0.0,0.0,0.23174339264609883
18.074562166154294,0.0,0.0,0.011035398489741315
17.871267316559752,0.0,0.0,0.0
17.684908033268922,0.0,0.0,0.0
17.48218513002017,0.0,0.0,0.0
17.25830433069417,0.0,0.0,0.0
17.014170443500443,0.0,0.0,0.0
16.7591578537931,0.0,0.0,0.0
16.51407805003634,0.0,0.0,0.0
16.324550569316315,0.0,0.0,0.12138938825946072
16.272489745007626,0.0,0.0,0.7062655033434442
16.333309570588295,0.0,0.0,1.2690708994048447
16.459883127579985,0.0,0.0,1.8649822521924635
16.60363665557932,0.0,0.0,2.079555751580992
16.800495140780363,0.0,0.0,2.701111287947794
17.079876539771185,0.0,0.0,3.264153809663417
17.307736466421872,0.0,0.0,3.238455558372409
17.40638605685856,0.0,0.0,2.658947305131561
17.363277073239736,0.0,0.0,1.9201593664488263
17.42268856350671,0.0,0.0,2.791955900733759
17.471822021674093,0.0,0.0,2.438822993148237
17.282522952002978,0.0,0.0,1.2470000537022998
17.124460193240807,0.0,0.0,0.9269735705843953
17.008990725576034,0.0,0.0,0.5738407409557734
16.8416960785975,0.0,0.0,0.23174339264609883
16.656026538401925,0.0,0.0,0.011035398489741315
16.470362168140895,0.0,0.0,0.0
16.300716252464053,0.0,0.0,0.0
16.14186358287635,0.0,0.0,0.0
15.992959016962393,0.0,0.0,0.0
15.85041392641442,0.0,0.0,0.0
15.712536720818072,0.0,0.0,0.0
15.570982859111945,0.0,0.0,0.0
15.42368302065066,0.0,0.0,0.0662123909384479
15.303856432761076,0.0,0.0,0.3752035583958172
15.229324818668356,0.0,0.0,0.7283363490459894
15.199173366309523,0.0,0.0,1.0704335999095387
15.219308287763557,0.0,0.0,1.3794248940468705
15.271192023507444,0.0,0.0,1.6442742629084122
15.33320972314835,0.0,0.0,1.8429117183175185
15.381032361392043,0.0,0.0,1.9532656350026438
15.409404267430883,0.0,0.0,1.9863719035564613
15.409076477495187,0.0,0.0,1.9201593664488263
15.37512561896553,0.0,0.0,1.7656639142724102
15.321093861111576,0.0,0.0,1.5449559249883589
15.352150149051328,0.0,0.0,1.9863719035564613
15.36949362290181,0.0,0.0,1.6332389959709397
15.252537695382166,0.0,0.0,0.9159381477331229
15.080705398123296,0.0,0.0,0.3862389812470897
14.873575701339874,0.0,0.0,0.011035398489741315
14.696248628127517,0.0,0.0,0.0
14.555698070596033,0.0,0.0,0.0
14.442147521649066,0.0,0.0,0.0
14.352690578926563,0.0,0.0,0.0
14.262281478311722,0.0,0.0,0.0
14.158017289653099,0.0,0.0,0.0
14.040604960419856,0.0,0.0,0.0
13.93292007177406,0.0,0.0,0.0662123909384479
13.869120397465856,0.0,0.0,0.3862389812470897
13.865260807590147,0.0,0.0,0.7283363490459894
13.925968759874365,0.0,0.0,1.0704335999095387
14.05688381970723,0.0,0.0,1.3794248940468705
14.220714425942674,0.0,0.0,1.6442742629084122
14.377793186785686,0.0,0.0,1.8429117183175185
14.50233370206356,0.0,0.0,1.9532656350026438
14.596677746815818,0.0,0.0,1.9863719035564613
14.669478698333815,0.0,0.0,1.9201593664488263
14.719291371891375,0.0,0.0,1.7766991812098827
14.745657395295702,0.0,0.0,1.5449559249883589
14.747560214442007,0.0,0.0,1.2580354765535724
14.720235436091782,0.0,0.0,0.9380089154787679
14.650639845779661,0.0,0.0,0.5848761248285961
14.536311044296362,0.0,0.0,0.3862389812470897
14.348040378612247,0.0,0.0,0.02207079697948263
14.142616077974512,0.0,0.0,0.0
13.969093400899604,0.0,0.0,0.0
13.80987993549158,0.0,0.0,0.0
13.673671490936332,0.0,0.0,0.0
13.546671155091166,0.0,0.0,0.0
13.423067155789518,0.0,0.0,0.0
13.298704004380813,0.0,0.0,0.0
13.188972016294798,0.0,0.0,0.0662123909384479
13.13796072682307,0.0,0.0,0.3862389812470897
13.159477032461083,0.0,0.0,0.7283363490459894
13.32401304782684,0.0,0.0,1.6884161102273025
13.585719962500523,0.0,0.0,2.1203574305264166
14.052397147223854,0.0,0.0,3.7084906580151507
14.68091860189853,0.0,0.0,4.547426190595125
15.32274542632452,0.0,0.0,5.341371002214512
16.008609961633518,0.0,0.0,5.9052775629685605
16.642576344355895,0.0,0.0,6.458059932095452
16.922502240984727,0.0,0.0,4.790512395368906
16.88602929799142,0.0,0.0,3.271517652498126
16.838356402538675,0.0,0.0,2.161569000491569
16.846856189837577,0.0,0.0,1.7263449165803564
16.994653928674424,0.0,0.0,1.8598525532982657
17.159348174892273,0.0,0.0,2.2042917981734043
16.89708315543559,0.0,0.0,0.011035398489741315
16.550985707604237,0.0,0.0,0.0
16.411122453841543,0.0,0.0,0.0
16.24236113588538,0.0,0.0,0.0
16.125350342525465,0.0,0.0,0.0
15.994888778212662,0.0,0.0,0.0
15.862584207320399,0.0,0.0,0.0
15.738496449155512,0.0,0.0,0.0
15.670133260781371,0.0,0.0,0.1324247818768958
15.76021611406737,0.0,0.0,0.7283363490459894
15.992618112747131,0.0,0.0,1.4063949571986107
16.24666638236545,0.0,0.0,1.6158689091589036
16.572273654534566,0.0,0.0,2.1292104261632034
16.97933905646629,0.0,0.0,2.615389446940998
17.391414376072735,0.0,0.0,2.9243809749490297
17.86332721094157,0.0,0.0,3.684094597418485
18.391888693995448,0.0,0.0,4.503840572658987
18.58534446025707,0.0,0.0,2.8838571314870802
18.653065912444127,0.0,0.0,2.88608406861509
18.77945705432003,0.0,0.0,2.4608938388507817
18.714473993484887,0.0,0.0,1.2690708994048447
18.68472522706822,0.0,0.0,0.9380089154787679
18.675452822836412,0.0,0.0,0.5959115476798684
18.526107238681927,0.0,0.0,0.25381417988096905
18.253709774944184,0.0,0.0,0.011035398489741315
17.9526255219731,0.0,0.0,0.0
17.685301545257413,0.0,0.0,0.0
17.49720081819615,0.0,0.0,0.0
17.38491195508242,0.0,0.0,0.0
17.29103506702747,0.0,0.0,0.0
17.202828080690068,0.0,0.0,0.0
17.112920811245015,0.0,0.0,0.0
17.025668906024677,0.0,0.0,0.0772477894281892
16.978093417218332,0.0,0.0,0.3862389812470897
16.974498377621636,0.0,0.0,0.7393717718972619
17.006955902592935,0.0,0.0,1.081469100717711
17.079238130736712,0.0,0.0,1.3904601609843432
17.170651137713424,0.0,0.0,1.6553098416734846
17.265124130614733,0.0,0.0,1.8539471411687907
17.343450702970912,0.0,0.0,1.9643010578539168
17.40378225116903,0.0,0.0,1.9974071704939342
17.459572676447618,0.0,0.0,1.931194789300099
17.500256522744397,0.0,0.0,1.7766991812098827
17.51434941438449,0.0,0.0,1.5559911919258316
17.48411621491502,0.0,0.0,1.2690708994048447
17.402894394020727,0.0,0.0,0.9490443383300405
17.279272165279252,0.0,0.0,0.606946931552691
17.11585963215673,0.0,0.0,0.2648495637537916
16.934986829013617,0.0,0.0,0.011035398489741315
16.77898379388392,0.0,0.0,0.0
16.658588494637378,0.0,0.0,0.0
16.570815222677428,0.0,0.0,0.0
16.50580049310167,0.0,0.0,0.0
16.443725734435716,0.0,0.0,0.0
16.37875091895663,0.0,0.0,0.0
16.305688575006293,0.0,0.0,0.0
16.239696406699025,0.0,0.0,0.0772477894281892
16.218980421502238,0.0,0.0,0.3972743261414623
16.246228598726102,0.0,0.0,0.7393717718972619
16.310245885158356,0.0,0.0,1.081469100717711
16.404142834687892,0.0,0.0,1.3904601609843432
16.509411799940995,0.0,0.0,1.6553098416734846
16.615399693372993,0.0,0.0,1.8539471411687907
16.69922059299005,0.0,0.0,1.9643010578539168
16.761099444581863,0.0,0.0,1.9974071704939342
16.808382265002862,0.0,0.0,1.931194789300099
16.84192009992771,0.0,0.0,1.7877347599749556
16.848868611840814,0.0,0.0,1.5559911919258316
16.820956287704966,0.0,0.0,1.2801062442992175
16.760995292665264,0.0,0.0,0.9490443383300405
16.67323411525983,0.0,0.0,0.606946931552691
16.58640831984524,0.0,0.0,0.2648495637537916
16.521362781613938,0.0,0.0,0.02207079697948263
16.49472450434767,0.0,0.0,0.0
16.476699346573984,0.0,0.0,0.0
16.43445512939305,0.0,0.0,0.0
16.38967088990625,0.0,0.0,0.0
16.34760212763024,0.0,0.0,0.0
16.313696883137162,0.0,0.0,0.0
16.29472035409322,0.0,0.0,0.0
16.294184421959873,0.0,0.0,0.0772477894281892
16.384887363313535,0.0,0.0,0.6179823154255136
16.5697191703034,0.0,0.0,1.1587169047628192
16.73522609144249,0.0,0.0,1.081469100717711
16.9353431484219,0.0,0.0,1.3904601609843432
17.192466737334932,0.0,0.0,1.6553098416734846
17.420444400292467,0.0,0.0,1.8539471411687907
17.60043599504663,0.0,0.0,1.9643010578539168
17.74695919495264,0.0,0.0,1.9974071704939342
17.994845363665267,0.0,0.0,2.6751863055830607
18.28951176886684,0.0,0.0,2.770289526066978
18.63374300399375,0.0,0.0,3.415889082016865
18.775459171325945,0.0,0.0,2.0312763149289106
18.729653795767963,0.0,0.0,1.4826506097179466
18.7291942926468,0.0,0.0,1.1476814819115468
18.610401796138216,0.0,0.0,0.5296991275075832
18.4231791569051,0.0,0.0,0.02207079697948263
18.246789696105523,0.0,0.0,0.0
18.082639347554817,0.0,0.0,0.0
17.897033896630635,0.0,0.0,0.0
17.717722314861554,0.0,0.0,0.0
17.567261006001523,0.0,0.0,0.0
17.456495796148864,0.0,0.0,0.0
17.359461480475147,0.0,0.0,0.0
17.36586313088101,0.0,0.0,0.8307520538618904
17.614590630237565,0.0,0.0,2.6393835859406827
17.728099970533265,0.0,0.0,1.9770947655552698
17.72495311515089,0.0,0.0,1.6888908848520827
18.082816781421943,0.0,0.0,2.7016869062180873
18.709358920058982,0.0,0.0,4.006813976609268
19.46015117561533,0.0,0.0,5.516342494971658
20.12926111493131,0.0,0.0,5.909358589661401
20.747200733465384,0.0,0.0,6.76156929266503
21.257372750928525,0.0,0.0,6.278038991238639
21.399617860231242,0.0,0.0,4.402620822718844
21.43527206555949,0.0,0.0,3.4666653008929207
21.403957777547404,0.0,0.0,2.323401203861545
21.34364102813349,0.0,0.0,1.8578050033308393
21.296500144286668,0.0,0.0,1.1145752133577291
21.176515171736543,0.0,0.0,0.48555755303784287
21.04161268606437,0.0,0.0,0.03310619546922395
20.93537189578492,0.0,0.0,0.0
20.843906804776946,0.0,0.0,0.0
20.705210711782136,0.0,0.0,0.0
20.55246835449299,0.0,0.0,0.0
20.39908179533119,0.0,0.0,0.0
20.262595585016477,0.0,0.0,0.0
20.156530129041307,0.0,0.0,0.0
20.115888998127218,0.0,0.0,0.15449556911176593
20.223584998854502,0.0,0.0,0.7393717718972619
20.527919534205044,0.0,0.0,1.8782877411216492
20.78390521689271,0.0,0.0,1.7395952269941413
21.141107507591208,0.0,0.0,2.813457615591156
21.732274221095473,0.0,0.0,4.1506750502848035
22.17252726054358,0.0,0.0,4.338018779633884
22.56099504044873,0.0,0.0,5.220509625754988
23.131398883780925,0.0,0.0,6.856055743092335
23.334079807811122,0.0,0.0,4.7834036055462335
23.43520911572763,0.0,0.0,4.864823761033621
23.5636228769077,0.0,0.0,3.552904323893871
23.354080503010316,0.0,0.0,1.9833716517491038
23.16608078874971,0.0,0.0,1.5078063996396753
22.983183585026943,0.0,0.0,1.1587169047628192
22.734090643835867,0.0,0.0,0.5296991275075832
22.44547902396312,0.0,0.0,0.03310619546922395
22.210270174517827,0.0,0.0,0.0
22.04665276881456,0.0,0.0,0.0
21.912641705189312,0.0,0.0,0.0
21.79013692788912,0.0,0.0,0.0
21.665799430590376,0.0,0.0,0.0
21.52727835491011,0.0,0.0,0.0
21.38243728099966,0.0,0.0,0.0
21.279279302550393,0.0,0.0,0.1544955788563784
21.286953281871327,0.0,0.0,0.7062655033434442
21.395106362637563,0.0,0.0,1.3021770900017624
21.565292601919932,0.0,0.0,1.9091239435975538
21.725063408560345,0.0,0.0,1.9893561158436324
21.933008402636993,0.0,0.0,2.650343315315968
22.2354112860779,0.0,0.0,3.3820475828057672
22.5314148070232,0.0,0.0,3.880832846211304
23.197304658872497,0.0,0.0,7.0542453390178705
23.585625062520805,0.0,0.0,5.338485919298513
23.62576169357242,0.0,0.0,5.042648450754206
23.577060822586066,0.0,0.0,3.0928853124495954
23.360302092417385,0.0,0.0,2.61875025625537
23.22482166803517,0.0,0.0,1.7614539863618497
23.095842265254223,0.0,0.0,1.8683561539823677
22.85774367844594,0.0,0.0,0.5517699732101282
22.4768442893269,0.0,0.0,0.04414159395896526
22.213951272044522,0.0,0.0,0.0
21.978661253017165,0.0,0.0,0.0
21.76776538621322,0.0,0.0,0.0
21.55755706342745,0.0,0.0,0.0
21.345127596967018,0.0,0.0,0.0
21.120903576168487,0.0,0.0,0.0
20.902725036636625,0.0,0.0,0.0
20.7369791646576,0.0,0.0,0.14346018523894336
20.74729683706097,0.0,0.0,0.9716147280011033
20.838455450660845,0.0,0.0,1.3021770900017624
20.975601168426284,0.0,0.0,1.9201593664488263
21.264235148679344,0.0,0.0,2.9049264460678
21.59877778919004,0.0,0.0,3.54541809530219
22.070281157726583,0.0,0.0,5.119288416075874
22.4520988992779,0.0,0.0,5.07230130880188
22.54159819422342,0.0,0.0,4.119151805398677
22.366049683173934,0.0,0.0,1.9422302121513715
22.220220712564917,0.0,0.0,1.7987700269124283
22.22034663852446,0.0,0.0,1.5780620376283767
22.233950375368373,0.0,0.0,2.0415488618990243
22.21449853055899,0.0,0.0,1.6994513771647748
22.03895081397345,0.0,0.0,0.9821505289269584
21.84152207066455,0.0,0.0,0.45245136244092515
21.644779301352035,0.0,0.0,0.04414159395896526
21.48714061991219,0.0,0.0,0.0
21.361212956954127,0.0,0.0,0.0
21.23164511980971,0.0,0.0,0.0
21.105172360468295,0.0,0.0,0.0
20.98323595530542,0.0,0.0,0.0
20.875563082656946,0.0,0.0,0.0
20.7810215287857,0.0,0.0,0.0
20.703239758121658,0.0,0.0,0.08828319766254303
20.67714555428847,0.0,0.0,0.4083097489927349
20.714869448411104,0.0,0.0,0.7504071167916344
20.887824710531092,0.0,0.0,1.7104869559298472
21.11424812876133,0.0,0.0,1.9981997116368253
21.35890276448885,0.0,0.0,2.5736869587280844
21.743636576334918,0.0,0.0,3.7646295837148154
22.272428823362816,0.0,0.0,5.432446447460182
22.479919562087098,0.0,0.0,3.8569213113735854
22.446437282730017,0.0,0.0,3.1537860353167373
22.79253232135025,0.0,0.0,4.774367788446131
22.8702495595904,0.0,0.0,2.667582016613261
22.763499167929304,0.0,0.0,2.2953629638230937
22.810496444283032,0.0,0.0,1.7104869559298472
22.73280423193097,0.0,0.0,1.0925045235689839
22.628919585011435,0.0,0.0,0.5517699732101282
22.444774912523503,0.0,0.0,0.04414159395896526
22.278526299883872,0.0,0.0,0.0
22.154319850181032,0.0,0.0,0.0
22.043952885451237,0.0,0.0,0.0
21.949200782784686,0.0,0.0,0.0
21.860135141774297,0.0,0.0,0.0
21.774812855692748,0.0,0.0,0.0
21.677772663957857,0.0,0.0,0.0
21.589627569466433,0.0,0.0,0.14346018523894336
21.58047978880664,0.0,0.0,0.7173009261947166
21.66622741549135,0.0,0.0,1.2803192022339855
21.895858656838882,0.0,0.0,2.142753376652309
22.276745191745096,0.0,0.0,2.667588787464741
22.749186572183255,0.0,0.0,3.3775938861807386
23.40932675132127,0.0,0.0,5.103691894365
24.03792854915858,0.0,0.0,5.739311145576744
24.528276663137376,0.0,0.0,6.229880621474533
24.72225708884463,0.0,0.0,4.522313349314966
24.824053927067755,0.0,0.0,4.599767000026843
24.728865258437413,0.0,0.0,2.4631286021111563
24.456365778453687,0.0,0.0,2.3063983866743656
24.249122124695155,0.0,0.0,1.7104869559298472
23.893830446883612,0.0,0.0,1.1035399464202564
23.59314785997471,0.0,0.0,0.5296991275075832
23.354335861055056,0.0,0.0,0.05517699732101282
23.19584796006461,0.0,0.0,0.0
23.056004754250612,0.0,0.0,0.0
22.87002976950282,0.0,0.0,0.0
22.661476715386186,0.0,0.0,0.0
22.475651807806095,0.0,0.0,0.0
22.330304563440983,0.0,0.0,0.0
22.216283463504173,0.0,0.0,0.0
22.118899961343896,0.0,0.0,0.08828318791793052
22.060532116713425,0.0,0.0,0.4083097489927349
22.040629926245266,0.0,0.0,0.7504071167916344
22.135292857748286,0.0,0.0,1.7215222228673202
22.257573631429196,0.0,0.0,1.9973574772247698
22.381600752121663,0.0,0.0,2.5243918636560503
22.561013254411023,0.0,0.0,2.965102382965193
23.030939282118823,0.0,0.0,5.5059603566091955
23.440203402914292,0.0,0.0,5.166182433380256
23.52420589106454,0.0,0.0,4.4565211202609625
23.58732182871959,0.0,0.0,3.8090806013402934
23.499519981785433,0.0,0.0,2.662241064910263
23.33667492816748,0.0,0.0,1.9519631854955077
23.214592694013092,0.0,0.0,1.8340133231144207
23.050748044259336,0.0,0.0,1.1456737666637251
22.81978711063557,0.0,0.0,0.5407345503588555
22.592040923228495,0.0,0.0,0.04414159395896526
22.4055537717826,0.0,0.0,0.0
22.241023231425373,0.0,0.0,0.0
22.04430539862215,0.0,0.0,0.0
21.8193972809775,0.0,0.0,0.0
21.572632795270426,0.0,0.0,0.0
21.317780126366287,0.0,0.0,0.0
21.068284750712117,0.0,0.0,0.0
20.882503461859464,0.0,0.0,0.14346018523894336
21.127868417728525,0.0,0.0,2.7977209418512765
21.307251624991974,0.0,0.0,1.9057316312872736
21.24091013259717,0.0,0.0,1.7202706707439712
21.44532036099564,0.0,0.0,2.320649077200371
21.867611695526637,0.0,0.0,3.7463533900403134
22.237569498527225,0.0,0.0,3.7298370895886652
22.735679648466046,0.0,0.0,5.738364458261855
23.200157851586283,0.0,0.0,5.3375670485317706
23.60732109468948,0.0,0.0,6.44565434025376
23.878814753908316,0.0,0.0,4.865256464137019
23.818642374345664,0.0,0.0,3.6586448090002266
23.69369295484851,0.0,0.0,2.209070693667133
23.5292357158309,0.0,0.0,1.7231008582739162
23.49805010874115,0.0,0.0,1.7326934744685207
23.601674032180618,0.0,0.0,2.8973876945600447
23.34043494005435,0.0,0.0,0.5726951161245105
22.8558324439879,0.0,0.0,0.0
22.586298134899067,0.0,0.0,0.0
22.30173618986628,0.0,0.0,0.0
22.046875517463835,0.0,0.0,0.0
21.779135990609685,0.0,0.0,0.0
21.506159643556956,0.0,0.0,0.0
21.225578840276047,0.0,0.0,0.0
21.175056444043673,0.0,0.0,1.5983870590800189
21.312304355607594,0.0,0.0,2.7249247021214438
21.235003143163407,0.0,0.0,1.7834928656238125
21.13616210117713,0.0,0.0,1.5433912168602122
21.355813557178262,0.0,0.0,2.2038171877088533
21.810681247174553,0.0,0.0,3.1500040726248537
22.400075218646624,0.0,0.0,4.4753362503839735
23.041238544366514,0.0,0.0,5.723571564011262
23.560947053238586,0.0,0.0,5.909717740563265
23.597464955528185,0.0,0.0,3.1329358492642365
23.808076306362665,0.0,0.0,4.684293461758143
24.055738953954194,0.0,0.0,3.3718219582686566
23.861263436071354,0.0,0.0,2.0335587136371673
23.76475340086444,0.0,0.0,1.8524349093325532
23.615424576250277,0.0,0.0,1.146178700708636
23.388725163811124,0.0,0.0,0.5738407409557734
23.135133470701007,0.0,0.0,0.05517699732101282
22.905978028459515,0.0,0.0,0.0
22.68064793280098,0.0,0.0,0.0
22.41339412444868,0.0,0.0,0.0
22.150458760233665,0.0,0.0,0.0
21.916853189828867,0.0,0.0,0.0
21.752083246610393,0.0,0.0,0.0
21.626729255567458,0.0,0.0,0.0
21.523860876197475,0.0,0.0,0.16553099196303844
21.503505466914227,0.0,0.0,0.7173009261947166
21.567571273019283,0.0,0.0,1.3132125128530354
21.7010740102249,0.0,0.0,1.6143876827100585
21.985347282007808,0.0,0.0,2.3197305383257056
22.533905421373674,0.0,0.0,4.02479409242
23.157678007058315,0.0,0.0,4.950078517821502
23.733144700625665,0.0,0.0,5.9007268410768665
24.05824139756814,0.0,0.0,4.774959864973595
24.466678814591933,0.0,0.0,6.271535868410197
24.81193782046089,0.0,0.0,5.088462380733209
24.765940069931254,0.0,0.0,3.661414000975407
24.658901076225128,0.0,0.0,2.385846512377901
24.53720835743573,0.0,0.0,1.7455917255077111
24.576256926779493,0.0,0.0,2.0324338000634867
24.553958849091245,0.0,0.0,1.5653996013920324
24.240425311804927,0.0,0.0,0.05517699732101282
23.94127754787592,0.0,0.0,0.0
23.76265399599722,0.0,0.0,0.0
23.573128293785658,0.0,0.0,0.0
23.41018161878042,0.0,0.0,0.0
23.234936014446316,0.0,0.0,0.0
23.056730524929392,0.0,0.0,0.0
22.876101328468714,0.0,0.0,0.0
22.93504195573103,0.0,0.0,1.5700708085553343
23.191664682650362,0.0,0.0,2.7043443476651987
23.231081984664172,0.0,0.0,1.888064780011535
23.19148110109617,0.0,0.0,1.6448432422479486
23.380884905809864,0.0,0.0,2.1971811986360823
23.858523151281545,0.0,0.0,3.6430107716244597
24.379625905725003,0.0,0.0,4.077709969925791
24.79122196015522,0.0,0.5868794599746454,6.038103439726108
25.0,0.0,1.080449775049015,5.672475942672685
25.0,0.0,1.854573339505142,6.219163358102405
25.0,0.0,1.793085434034866,4.128758996440323
25.0,0.0,1.8619544346538652,3.534515136949002
25.0,0.0,1.5946138063212936,2.015134160557038
25.0,0.0,1.5694380406266362,1.8922237130443451
25.0,0.0,1.7000209408466052,2.2096452115642546
25.0,0.0,1.2503230837925043,0.7808407335785607
25.0,0.0,0.7797403561456384,0.05517699732101282
25.0,0.0,0.4414089898189801,0.0
25.0,0.0,0.13574692924107593,0.0
24.933968389593364,0.0,0.0,0.0
24.7747965815988,0.0,0.0,0.0
24.608384062543244,0.0,0.0,0.0
24.461415558534874,0.0,0.0,0.0
24.323913696966496,0.0,0.0,0.0
24.216119073608645,0.0,0.0,0.1544955788563784
24.464475658283327,0.0,0.0,2.621624957199784
24.604865616314513,0.0,0.0,1.612078818792936
24.642525202946622,0.0,0.0,2.103595427448731
24.916070180276222,0.0,0.07728658989269105,2.2272697867066604
25.0,0.0,0.896032401481708,3.729820542412997
25.0,0.0,1.9384090881897686,5.30745173694764
25.0,0.0,2.655684223909452,5.714379449908793
25.0,0.0,2.443095547565406,3.460518228026429
25.0,0.0,2.5183049136323983,3.7373704299286974
25.0,0.0,2.5710326002447172,4.191410000539604
25.0,0.0,2.334460221038308,3.699139314476494
25.0,0.0,1.652223802253017,1.9943448966104964
25.0,0.0,1.3674585558921373,1.9741827427930143
25.0,0.0,1.2591567441196416,2.1234169646860286
25.0,0.0,0.6938545778426972,0.606946931552691
25.0,0.0,0.24787607952060678,0.0662123909384479
24.966228961877015,0.0,0.0,0.0
24.795472132476434,0.0,0.0,0.0
24.545762307947967,0.0,0.0,0.0
24.309463334055764,0.0,0.0,0.0
24.077299810701014,0.0,0.0,0.0
23.875379147906372,0.0,0.0,0.0
23.704369286782295,0.0,0.0,0.0
23.57722187844295,0.0,0.0,0.17656637583586104
23.5821139002407,0.0,0.0,0.9459141650008542
23.65057005397543,0.0,0.0,1.3352832026417805
23.749003535792443,0.0,0.0,1.9201593664488263
23.872639155677028,0.0,0.0,2.0058163744177224
24.07186411196912,0.0,0.0,2.797352449305164
24.311922859403563,0.0,0.0,3.0385633432378034
24.696026646626983,0.0,0.02688861318070849,4.777309072009122
25.0,0.0,0.12825798659802884,4.448131328356191
25.0,0.0,0.7102043456539265,5.117882647184691
25.0,0.0,1.1792086515224218,5.193245049189654
25.0,0.0,0.9974873195318165,3.280394757052418
25.0,0.0,0.8157449662868183,2.3632454907376985
25.0,0.0,0.6779375229593441,1.8065402747063748
25.0,0.0,0.7397224918736902,2.104832656929112
25.0,0.0,0.8964564325723687,2.9228167145854775
25.0,0.0,0.1575511012914891,0.7664476510417857
24.79955543240286,0.0,0.0,0.0
24.48771043718694,0.0,0.0,0.0
24.24825737363276,0.0,0.0,0.0
24.00489707253751,0.0,0.0,0.0
23.76331307046113,0.0,0.0,0.0
23.508299085437834,0.0,0.0,0.0
23.2510324427706,0.0,0.0,0.0
23.220369170919074,0.0,0.0,1.5757263799051109
23.38462137124372,0.0,0.0,2.6396126828716793
23.364468434480777,0.0,0.0,1.8905191259543468
23.32692671631221,0.0,0.0,1.7399795012286516
23.561445313790035,0.0,0.0,2.3136951049901464
24.099454898234725,0.0,0.0,3.895942737799201
24.72597179070584,0.0,0.13058547263561598,5.158756670315023
25.0,0.0,0.8952265082388476,6.267784710768928
25.0,0.0,1.572687055812599,6.592280622550516
25.0,0.0,1.4352486922152619,5.126592591091692
25.0,0.0,1.0867975888963781,4.094139177145187
25.0,0.0,0.5918036590038376,2.96344617452482
25.0,0.0,0.12465772978920235,1.8564909585422023
25.0,0.0,0.04687617281287708,1.7546283355073375
24.948981812919264,0.0,0.0,1.1587169047628192
24.809806683907905,0.0,0.0,0.606946931552691
24.569080911447152,0.0,0.0,0.05517699732101282
24.297299514944562,0.0,0.0,0.0
24.045546112027182,0.0,0.0,0.0
23.78340652487405,0.0,0.0,0.0
23.526665571511806,0.0,0.0,0.0
23.29882453367234,0.0,0.0,0.0
23.111227711121657,0.0,0.0,0.0
22.939876205580738,0.0,0.0,0.0
22.99827742332133,0.0,0.0,1.6293186600767682
23.139417749248597,0.0,0.0,2.215886793664605
23.129834142415774,0.0,0.0,1.976956892910329
23.10868277895494,0.0,0.0,1.641418913475574
23.277330985553974,0.0,0.0,2.1868846222907763
23.73683081474728,0.0,0.0,3.4012001340641724
24.321665273292616,0.0,0.0,4.658100954210785
24.814465137680344,0.0,0.2867608942612343,5.839356800068743
25.0,0.0,0.8167391651090777,5.989980843208638
25.0,0.0,1.3274166655083859,5.9067614617622
25.0,0.0,1.3607234953823677,4.591069804174028
25.0,0.0,1.3051152359855365,3.6261173786928924
25.0,0.0,0.984849473927849,2.209948925748855
25.0,0.0,0.7938796308294452,1.5242359280254558
25.0,0.0,0.9358495743696564,2.153132338345906
25.0,0.0,1.131926700599385,3.044308762536549
25.0,0.0,0.23955643780643487,0.3359332607872825
24.875821539940524,0.0,0.0,0.0
24.62793266400537,0.0,0.0,0.0
24.411169053670253,0.0,0.0,0.0
24.213650548393826,0.0,0.0,0.0
24.00287649886541,0.0,0.0,0.0
23.777214197085677,0.0,0.0,0.0
23.539886270586276,0.0,0.0,0.0
23.484971897270224,0.0,0.0,1.1671213855469458
23.701990488203254,0.0,0.0,2.7537939693850464
23.737788064730278,0.0,0.0,1.8060629333831502
23.66219894675908,0.0,0.0,1.5518210343993117
23.873333710613245,0.0,0.0,2.1849199822067544
24.328276467043587,0.0,0.0,3.398094965892496
24.807328182969766,0.0,0.27628427685169704,4.654478810479031
25.0,0.0,1.1207695450936443,5.835660284303871
25.0,0.0,1.9525109114161185,6.3937079333288604
25.0,0.0,2.4209797586769044,6.057053696032475
25.0,0.0,2.4579818147506574,4.8404471351486125
25.0,0.0,2.1187373313621514,3.091378956245652
25.0,0.0,1.8156144926907292,2.271375998631836
25.0,0.0,1.639228264821407,1.9259376157748769
25.0,0.0,1.7491951161460182,2.5089927102133105
25.0,0.0,1.1003589549143606,0.6179823154255136
25.0,0.0,0.5549340041923037,0.0772477894281892
25.0,0.0,0.17661599353289703,0.0
24.951897324426717,0.0,0.0,0.0
24.823663966433315,0.0,0.0,0.0
24.67522811307864,0.0,0.0,0.0
24.52023432464889,0.0,0.0,0.0
24.338150991973855,0.0,0.0,0.0
24.149952546499485,0.0,0.0,0.0
23.991629888169562,0.0,0.0,0.09931858153536557
23.901370680363307,0.0,0.0,0.4083097489927349
23.876615003337363,0.0,0.0,0.7504071167916344
23.847150220041556,0.0,0.0,1.0925045235689839
23.799215731907474,0.0,0.0,1.4014955838356156
23.771281410330488,0.0,0.0,1.6663451086109575
23.956996228620895,0.0,0.0,2.9574870875890475
24.22366095964367,0.0,0.0,3.00913329362205
24.449279416905416,0.0,0.0,3.3231571622298963
24.68089312250089,0.0,0.0,3.6044496509871435
24.708921242791412,0.0,0.0,3.1627755418687977
24.56966429989306,0.0,0.0,2.5381417988096895
24.284581415592143,0.0,0.0,1.3242479357043075
23.998926911290436,0.0,0.0,1.0042213746295034
23.781679221801934,0.0,0.0,0.6621239678521538
23.566258096861297,0.0,0.0,0.5076283597619381
23.338836203281076,0.0,0.0,0.0772477894281892
23.107868221593158,0.0,0.0,0.0
22.911635425121588,0.0,0.0,0.0
22.702055790329048,0.0,0.0,0.0
22.48904948341744,0.0,0.0,0.0
22.279099542468813,0.0,0.0,0.0
22.080473575122067,0.0,0.0,0.0
21.893514766181994,0.0,0.0,0.0
21.744843828102823,0.0,0.0,0.1876017791979086
21.69819011633034,0.0,0.0,0.7504071167916344
21.745798345726687,0.0,0.0,1.3242479357043075
21.86412649407167,0.0,0.0,1.9201593664488263
21.998578944817467,0.0,0.0,1.9870958650789017
22.17796996824629,0.0,0.0,2.453674581857748
22.50035675914272,0.0,0.0,3.416368538020812
23.071747855229443,0.0,0.0,5.538359951935935
23.407371298740756,0.0,0.0,4.327976129213923
23.63910769512275,0.0,0.0,4.920536718395336
23.894274587339993,0.0,0.0,4.133926656668348
23.898403318686494,0.0,0.0,3.336802627820115
23.80263474711616,0.0,0.0,2.1940980297615273
23.63725144377085,0.0,0.0,1.7016284537151867
23.47805703475403,0.0,0.0,1.1697522496571922
23.24699919120827,0.0,0.0,0.5738407409557734
22.995088454114047,0.0,0.0,0.0772477894281892
22.77863535364454,0.0,0.0,0.0
22.601223749947742,0.0,0.0,0.0
22.413366745777022,0.0,0.0,0.0
22.221471821939108,0.0,0.0,0.0
22.03341202060848,0.0,0.0,0.0
21.846429018069845,0.0,0.0,0.0
21.652834693141003,0.0,0.0,0.0
21.469994775784382,0.0,0.0,0.16553099196303844
21.48174270266503,0.0,0.0,1.654636776514058
21.570510878119467,0.0,0.0,2.055260487410505
21.57196201487121,0.0,0.0,1.7367682475075024
21.802879162455074,0.0,0.0,2.3178230881432085
22.338105146337593,0.0,0.0,3.6032923891143973
23.004476331071114,0.0,0.0,5.234603754666819
23.58204814140803,0.0,0.0,6.128325634880264
23.938482436446137,0.0,0.0,5.962699330068971
24.06448670737939,0.0,0.0,4.749175636979527
24.123132317575607,0.0,0.0,3.9796074825736136
24.277155697725394,0.0,0.0,3.8088818463327954
24.243450006429605,0.0,0.0,2.25944132789826
24.15736062196582,0.0,0.0,1.94323765221683
24.088103389065967,0.0,0.0,1.1697522496571922
23.901311434202086,0.0,0.0,0.5738407409557734
23.687173675180436,0.0,0.0,0.0772477894281892
23.465194848086025,0.0,0.0,0.0
23.266904446098724,0.0,0.0,0.0
23.05032505031042,0.0,0.0,0.0
22.833073127109877,0.0,0.0,0.0
22.63765558339777,0.0,0.0,0.0
22.4800652318331,0.0,0.0,0.0
22.351082550448616,0.0,0.0,0.0
22.424004254907143,0.0,0.0,1.2738629300379352
22.732889241648763,0.0,0.0,2.8049875746008563
22.84292277633673,0.0,0.0,1.898477546289589
22.838471358693702,0.0,0.0,1.7477077457612389
23.09475777127653,0.0,0.0,2.6395986476708946
23.56980700916632,0.0,0.0,4.07428526976417
23.94204843695767,0.0,0.0,4.260595346214533
24.253583466704328,0.0,0.0,5.259455021506694
24.35183382331046,0.0,0.0,3.879242397131411
24.215624504534876,0.0,0.0,2.9440475850983256
24.24934652196509,0.0,0.0,2.867803681290199
24.289578599323285,0.0,0.0,2.5616728421440342
24.20497707739214,0.0,0.0,1.9067455959074449
24.038236490999196,0.0,0.0,1.591735847033934
23.831237758619224,0.0,0.0,1.1697522496571922
23.5744569947493,0.0,0.0,0.5738407409557734
23.329508422796437,0.0,0.0,0.0772477894281892
23.143294766557965,0.0,0.0,0.0
22.982608910501234,0.0,0.0,0.0
22.800613953961438,0.0,0.0,0.0
22.60399094344792,0.0,0.0,0.0
22.419059997417733,0.0,0.0,0.0
22.251637701095007,0.0,0.0,0.0
22.094171962650716,0.0,0.0,0.0
21.965123803298667,0.0,0.0,0.1876017791979086
21.925504196997267,0.0,0.0,0.8308875354340094
22.057279797783277,0.0,0.0,2.1483542728119045
22.084299063453003,0.0,0.0,1.6596441466464913
22.15108095648106,0.0,0.0,2.4501053490610505
22.494386211280865,0.0,0.0,3.677093061964866
22.715307271381707,0.0,0.0,3.4800149315734235
23.244268523800073,0.0,0.0,6.382217980159985
23.726383922030152,0.0,0.0,5.745972654591052
23.754342742725118,0.0,0.0,4.449975517618274
23.94529021094045,0.0,0.0,4.782411076504874
24.00438001182183,0.0,0.0,3.474721065742326
23.84137579712311,0.0,0.0,2.465399632051694
23.706738957055162,0.0,0.0,1.9237193801122137
23.51916661082573,0.0,0.0,1.1697522496571922
23.26541811159311,0.0,0.0,0.6179823154255136
22.960025671262507,0.0,0.0,0.0772477894281892
22.680022897164395,0.0,0.0,0.0
22.46156179995786,0.0,0.0,0.0
22.252452497245304,0.0,0.0,0.0
22.053547978988654,0.0,0.0,0.0
21.848034383482485,0.0,0.0,0.0
21.63683181029922,0.0,0.0,0.0
21.428837260011854,0.0,0.0,0.0
21.26315072284833,0.0,0.0,0.1544955788563784
21.228735485355756,0.0,0.0,0.7062655033434442
21.310269832025085,0.0,0.0,1.2923091094443346
21.47092269228763,0.0,0.0,1.9211588587127417
21.76554436878533,0.0,0.0,2.6784772933187417
22.19770739672039,0.0,0.0,3.59725710677083
22.701018272116105,0.0,0.0,4.367840849306811
23.354263222563674,0.0,0.0,5.988240620437106
23.98729232403,0.0,0.0,6.402804136505755
24.17121499113381,0.0,0.0,4.517647497005871
24.28126166972941,0.0,0.0,4.597323596855562
24.31923251140008,0.0,0.0,3.235687328730261
24.145072243941225,0.0,0.0,2.187205470818234
24.074593363441526,0.0,0.0,1.8596322065174942
24.105240897797728,0.0,0.0,2.144749941460065
23.973148386063613,0.0,0.0,1.083756767795005
23.59203022487299,0.0,0.0,0.0662123909384479
23.274354347093674,0.0,0.0,0.0
23.020265191551033,0.0,0.0,0.0
22.782745888278,0.0,0.0,0.0
22.573857969440624,0.0,0.0,0.0
22.367415891650676,0.0,0.0,0.0
22.167614243756056,0.0,0.0,0.0
21.98391953453888,0.0,0.0,0.0
21.868458847768267,0.0,0.0,0.14346018523894336
22.1138924210516,0.0,0.0,2.2584514143771073
22.369051259205456,0.0,0.0,2.04410391044193
22.409964517727687,0.0,0.0,1.8650893382815161
22.622129546537582,0.0,0.0,2.5191229142804232
22.942436005860856,0.0,0.0,3.1495265389849147
23.423461688466297,0.0,0.0,4.605030209628721
24.084417346733595,0.0,0.0,6.1473404215336025
24.689267554900795,0.0,0.0,6.586189123069701
24.8171185192979,0.0,0.0,4.149023704530507
24.834273568510405,0.0,0.0,3.920244663772971
24.98904810983776,0.0,0.01418377679974785,3.6253271175074944
24.90323173849641,0.0,0.0,2.2628188617222915
24.836731889785494,0.0,0.0,2.0031898117220166
24.75945862750055,0.0,0.0,1.1697522496571922
24.542966193734536,0.0,0.0,0.5848761248285961
24.25277694043928,0.0,0.0,0.08828318791793052
23.95608049597287,0.0,0.0,0.0
23.726368258451288,0.0,0.0,0.0
23.532304137524257,0.0,0.0,0.0
23.369052508067526,0.0,0.0,0.0
23.20131662485227,0.0,0.0,0.0
23.024547274439342,0.0,0.0,0.0
22.829205868594705,0.0,0.0,0.0
22.62349127133247,0.0,0.0,0.08828318791793052
22.446985759955986,0.0,0.0,0.3972743261414623
22.335384890140816,0.0,0.0,0.7393717718972619
22.360090870389428,0.0,0.0,1.6994513771647748
22.457964132760956,0.0,0.0,2.152128791502402
22.648376904068208,0.0,0.0,3.0960205797025218
23.15695878256829,0.0,0.0,5.359134074006784
23.727659753890514,0.0,0.0,6.267613733420133
23.992509150004114,0.0,0.0,5.327048103314241
24.17236632219958,0.0,0.0,5.122707896975724
24.353681773028374,0.0,0.0,4.725608192409522
24.359885723722027,0.0,0.0,3.682617951358659
24.184511108188612,0.0,0.0,2.2882059408599353
24.000110087770906,0.0,0.0,1.7917291685498604
23.955622476600183,0.0,0.0,2.029002044954812
24.021403796956385,0.0,0.0,2.941652397062629
23.612761052078376,0.0,0.0,0.0662123909384479
23.093395476397415,0.0,0.0,0.0
22.87946170180482,0.0,0.0,0.0
22.655522762518558,0.0,0.0,0.0
22.510004083230093,0.0,0.0,0.0
22.356318356279246,0.0,0.0,0.0
22.19199381046848,0.0,0.0,0.0
22.004618823232082,0.0,0.0,0.0
21.822220050768454,0.0,0.0,0.08828318791793052
21.673370945234566,0.0,0.0,0.3972743261414623
21.59276631078044,0.0,0.0,0.7393717718972619
21.64442379953313,0.0,0.0,1.6884161102273025
21.742797460819805,0.0,0.0,1.9936725327944986
21.889423326436656,0.0,0.0,2.626425025706071
21.953248460867194,0.0,0.0,1.8539471411687907
22.07368423690382,0.0,0.0,2.674024815331618
22.366247286719563,0.0,0.0,3.3386663728873924
22.614326861299084,0.0,0.0,3.7349772020657293
22.916677484812187,0.0,0.0,4.459552134339
23.045657060621508,0.0,0.0,3.595381296215946
22.902383470446253,0.0,0.0,2.2739023978594797
22.79208391931938,0.0,0.0,1.9684372451952434
22.670369330098993,0.0,0.0,1.1518729046060536
22.451097190244965,0.0,0.0,0.6290177382767862
22.179464081637864,0.0,0.0,0.0662123909384479
21.910819539893232,0.0,0.0,0.0
21.689941738889274,0.0,0.0,0.0
21.460545238906732,0.0,0.0,0.0
21.233819292623927,0.0,0.0,0.0
21.003444867677967,0.0,0.0,0.0
20.767745389978657,0.0,0.0,0.0
20.524156096951405,0.0,0.0,0.0
20.483472929208407,0.0,0.0,1.4516084433868441
20.644272620600162,0.0,0.0,2.7817546528139974
20.6014496603092,0.0,0.0,1.8647296763790548
20.505297397899056,0.0,0.0,1.5382241954308489
20.718400372893342,0.0,0.0,2.1239578947319417
21.24337614048801,0.0,0.0,3.586524776398966
21.92995930407537,0.0,0.0,5.099738412727647
22.499801697897237,0.0,0.0,5.6375911362363365
23.007755086050825,0.0,0.0,6.47930996809739
23.398923495545176,0.0,0.0,6.051483362336533
23.480106946524046,0.0,0.0,4.533607045041624
23.401211267965678,0.0,0.0,3.1636100020205027
23.23857155563571,0.0,0.0,1.9666067873133513
23.119843901880508,0.0,0.0,1.6816312042688268
23.168091503278823,0.0,0.0,2.1681312838243096
22.997160087184604,0.0,0.0,0.6179823154255136
22.657535153966247,0.0,0.0,0.0772477894281892
22.439320046121374,0.0,0.0,0.0
22.229224868036926,0.0,0.0,0.0
22.020086754975516,0.0,0.0,0.0
21.79918346456045,0.0,0.0,0.0
21.56079722956255,0.0,0.0,0.0
21.304305701950774,0.0,0.0,0.0
21.046397456196555,0.0,0.0,0.0
20.987971249512977,0.0,0.0,1.3087910095117257
21.186631541889447,0.0,0.0,2.776787839039866
21.2103630264513,0.0,0.0,1.802515553052404
21.191421322308152,0.0,0.0,1.7137650429855447
21.48686644481584,0.0,0.0,2.3827266240180935
22.039174578956445,0.0,0.0,3.738120180448327
22.71095683916489,0.0,0.0,4.939855054484057
23.29555688822783,0.0,0.0,5.488157622801891
23.805878326934224,0.0,0.0,5.937645063275241
24.239124079762753,0.0,0.0,5.92514653341549
24.470186232109413,0.0,0.0,4.987633407898739
24.43514793636296,0.0,0.0,3.2069013327073885
24.332564720500898,0.0,0.0,2.338116446165397
24.303685405668947,0.0,0.0,1.799370552595527
24.380398505478965,0.0,0.0,2.1022010890343914
24.339158291307722,0.0,0.0,1.1884590688910912
24.02369914273997,0.0,0.0,0.0662123909384479
23.745718303572176,0.0,0.0,0.0
23.529443083107722,0.0,0.0,0.0
23.29587384878492,0.0,0.0,0.0
23.071833063452864,0.0,0.0,0.0
22.849322478140117,0.0,0.0,0.0
22.63260246528582,0.0,0.0,0.0
22.42029912378493,0.0,0.0,0.0
22.235823880622576,0.0,0.0,0.12138938825946072
22.429498765988548,0.0,0.0,2.6201671998214553
22.6204640348785,0.0,0.0,2.1780260244757095
22.652952301494963,0.0,0.0,2.0234745978037534
22.96819573294102,0.0,0.0,2.3946523867717686
23.53754370518767,0.0,0.0,3.7615968144166545
24.246602942735596,0.0,0.0,4.997862388789977
24.79339657664437,0.0,0.0503312411320399,5.357446941880955
25.0,0.0,0.513932435561607,5.5081638367134085
25.0,0.0,0.6682705850568406,4.308512496882128
25.0,0.0,1.224332796370347,5.111669292967473
25.0,0.0,1.2518919897449248,3.8774776314330053
25.0,0.0,0.9193056117737999,2.061274444062109
25.0,0.0,0.9223602828481428,1.9172602553968523
25.0,0.0,1.0337603768366614,1.9769284785126626
25.0,0.0,0.9772641659937167,1.7235007671371436
25.0,0.0,0.3485260915703354,0.0662123909384479
24.986901782713385,0.0,0.0,0.0
24.80327646228342,0.0,0.0,0.0
24.508334308971232,0.0,0.0,0.0
24.240524214049085,0.0,0.0,0.0
23.988925194925322,0.0,0.0,0.0
23.793765535338274,0.0,0.0,0.0
23.61284740312067,0.0,0.0,0.0
23.43048085561383,0.0,0.0,0.12138938825946072
23.517632983595544,0.0,0.0,2.0547209573056895
23.624071035226635,0.0,0.0,2.026459444887282
23.58724337116716,0.0,0.0,2.046301603594503
23.712142396455434,0.0,0.0,2.5324033020336016
23.831441482403058,0.0,0.0,2.5328220928698273
23.92352306442111,0.0,0.0,3.0348439284929745
23.98654218235776,0.0,0.0,3.135673493983221
23.96066648728374,0.0,0.0,2.9073814418107005
23.83615246774947,0.0,0.0,1.9532656350026438
23.748616154971153,0.0,0.0,1.8208408726149732
23.728076924296843,0.0,0.0,1.6001328833309219
23.762120355617714,0.0,0.0,2.0967259761553874
23.75542000985532,0.0,0.0,1.7656639142724102
23.577574292562666,0.0,0.0,1.0373275652264211
23.367096369249005,0.0,0.0,0.5076283597619381
23.146950682131205,0.0,0.0,0.0662123909384479
22.966211814611988,0.0,0.0,0.0
22.84010112059915,0.0,0.0,0.0
22.73311265818502,0.0,0.0,0.0
22.63074217218318,0.0,0.0,0.0
22.50957867083772,0.0,0.0,0.0
22.360340840793175,0.0,0.0,0.0
22.191120270544218,0.0,0.0,0.0
22.026155482838497,0.0,0.0,0.11035399464202564
22.216839437901577,0.0,0.0,2.7390468367450556
22.31638032513901,0.0,0.0,1.8457545690102082
22.174904866741805,0.0,0.0,1.5220637557534449
22.343018350204453,0.0,0.0,2.261855033161562
22.781629100643396,0.0,0.0,3.940319744194663
23.202029263072816,0.0,0.0,4.291223840135685
23.722653070445517,0.0,0.0,6.427562787223272
24.230845346123942,0.0,0.0,6.692720641510916
24.44560121058253,0.0,0.0,6.3456588405881895
24.470548940673034,0.0,0.0,5.102944379233178
24.18039989466773,0.0,0.0,3.106634089301624
23.804174227800836,0.0,0.0,1.8707125581016073
23.526560320051445,0.0,0.0,1.489095082754751
23.303567175490475,0.0,0.0,1.2359646308510273
23.04468300670497,0.0,0.0,0.606946931552691
22.753178402723854,0.0,0.0,0.0772477894281892
22.508315187058713,0.0,0.0,0.0
22.299340847900453,0.0,0.0,0.0
22.093017294543852,0.0,0.0,0.0
21.89774491278667,0.0,0.0,0.0
21.712196329753027,0.0,0.0,0.0
21.54489944504782,0.0,0.0,0.0
21.390689489508397,0.0,0.0,0.0
21.2593487849758,0.0,0.0,0.14346018523894336
21.204588277467742,0.0,0.0,0.6731593127465263
21.202061591626748,0.0,0.0,1.1256106362090015
21.15126297611893,0.0,0.0,1.0593982550151664
21.231964966020506,0.0,0.0,2.1739734683728953
21.432085935791896,0.0,0.0,2.7884009207067133
21.622797137502914,0.0,0.0,3.2410143578842106
21.986145001539874,0.0,0.0,4.507445984404353
22.394129832252396,0.0,0.0,5.017273090934194
22.665303714569717,0.0,0.0,4.848898231036311
23.012192783383508,0.0,0.0,5.804703724991389
22.96728383073013,0.0,0.0,3.1853568037446274
22.61783446642576,0.0,0.0,2.068345146266532
22.417659750582477,0.0,0.0,1.5972456644658628
22.170206306972005,0.0,0.0,1.2359646308510273
21.88232887610524,0.0,0.0,0.5959115476798684
21.54803693913656,0.0,0.0,0.0772477894281892
21.281397459374187,0.0,0.0,0.0
21.083400856175857,0.0,0.0,0.0
20.92474268015745,0.0,0.0,0.0
20.79017904707956,0.0,0.0,0.0
20.662565428407916,0.0,0.0,0.0
20.529183251560724,0.0,0.0,0.0
20.387955409902716,0.0,0.0,0.0
20.26206899885168,0.0,0.0,0.0662123909384479
20.184989217693627,0.0,0.0,0.3752035583958172
20.156465433327618,0.0,0.0,0.7173009261947166
20.23026654605251,0.0,0.0,1.6663451086109575
20.332168927608294,0.0,0.0,2.010232916010524
20.628132400424633,0.0,0.0,3.84181487063547
21.236404297658474,0.0,0.0,5.861517335785413
21.87623087669239,0.0,0.0,6.944886554662238
22.284830044132164,0.0,0.0,6.12703429620053
22.601478120102513,0.0,0.0,6.084033316328585
22.83113243750397,0.0,0.0,5.081851746317879
22.80312436714269,0.0,0.0,3.74914526018589
22.621350846918713,0.0,0.0,2.49939211153304
22.36921840272411,0.0,0.0,1.7593124606216057
22.129538020264242,0.0,0.0,1.2359646308510273
21.846001234561076,0.0,0.0,0.606946931552691
21.53519385090421,0.0,0.0,0.05517699732101282
21.29533082592413,0.0,0.0,0.0
21.12547179697225,0.0,0.0,0.0
20.980383748897733,0.0,0.0,0.0
20.86451111038889,0.0,0.0,0.0
20.75945567070229,0.0,0.0,0.0
20.662736839644566,0.0,0.0,0.0
20.569238682289342,0.0,0.0,0.0
20.474156635330132,0.0,0.0,0.09931858153536557
20.45218596218119,0.0,0.0,0.6510885450008812
20.485776500998085,0.0,0.0,1.1145752133577291
20.46176973429841,0.0,0.0,1.0483629880776937
20.467523505797335,0.0,0.0,1.368389471195598
20.53862436811332,0.0,0.0,1.6332389959709397
20.785874309684168,0.0,0.0,2.9133453961839577
21.099633460783792,0.0,0.0,3.208154948802455
21.344523420180757,0.0,0.0,3.4336742021260633
21.55624287836574,0.0,0.0,3.2365735803987423
21.902252692888656,0.0,0.0,4.6045477257192235
21.954457330637045,0.0,0.0,2.433068698693912
21.76552241568107,0.0,0.0,1.8745818890943957
21.762852201025783,0.0,0.0,1.7546283355073375
21.623820229725645,0.0,0.0,1.0262921423751485
21.391003545930694,0.0,0.0,0.3089911577127568
21.154962812170147,0.0,0.0,0.03310619546922395
20.965456353736613,0.0,0.0,0.0
20.817189392481822,0.0,0.0,0.0
20.714299784063808,0.0,0.0,0.0
20.63401265124186,0.0,0.0,0.0
20.5553920321462,0.0,0.0,0.0
20.476107956310297,0.0,0.0,0.0
20.39685119181555,0.0,0.0,0.0
20.33069205750359,0.0,0.0,0.11035399464202564
20.355062125966697,0.0,0.0,0.6731593127465263
20.545479699933207,0.0,0.0,1.7094673061158916
20.77681393096315,0.0,0.0,1.9739889451097665
21.12757709288226,0.0,0.0,2.9781400984164024
21.437701287158436,0.0,0.0,2.449927063500126
21.68105704658542,0.0,0.0,2.8332972884168552
21.954118908779964,0.0,0.0,2.9400700592976152
22.164977076852004,0.0,0.0,3.1404724014881933
22.419508380719016,0.0,0.0,3.3534324734640495
22.794091801014694,0.0,0.0,4.233949858697342
23.057423577341048,0.0,0.0,3.387646769837595
23.100226404961198,0.0,0.0,2.6385907005795377
23.077778104559442,0.0,0.0,1.8035387399107985
23.12192705172185,0.0,0.0,2.1227634801190116
23.275606445910928,0.0,0.0,2.6213687049044174
23.08483981851294,0.0,0.0,0.7008101929645502
22.738290725079107,0.0,0.0,0.0
22.532186919454464,0.0,0.0,0.0
22.331024812430307,0.0,0.0,0.0
22.147433987703682,0.0,0.0,0.0
21.98862547940245,0.0,0.0,0.0
21.859084071471013,0.0,0.0,0.0
21.7287122568711,0.0,0.0,0.0
21.70639372144431,0.0,0.0,1.0179816546782463
21.891714267499893,0.0,0.0,2.662249466626296
21.890167898335356,0.0,0.0,1.73768720445411
21.817129370109328,0.0,0.0,1.4913812592395668
22.1098061239743,0.0,0.0,2.127299039126085
22.664073133831224,0.0,0.0,3.2955932834873107
23.30188276979396,0.0,0.0,4.469159545077941
23.91367619538181,0.0,0.0,5.719699455157114
24.46878570182255,0.0,0.0,6.398820287222642
24.860994340831773,0.0,0.007071818320441202,5.99079411309401
25.0,0.0,0.1793032337887497,4.996239793823437
25.0,0.0,0.18478763841362605,3.518045035323143
24.97793523822542,0.0,0.0,1.9516021870772648
24.931780557182663,0.0,0.0,1.4884925494098369
24.953845318957242,0.0,0.12209025813199534,1.893444383673357
25.0,0.0,0.37651417625174666,2.6765019470270857
24.91396829937087,0.0,0.0,0.7100835626595583
24.648090194168105,0.0,0.0,0.0
24.385490983615274,0.0,0.0,0.0
24.187293740087675,0.0,0.0,0.0
23.983350119253195,0.0,0.0,0.0
23.811234467246813,0.0,0.0,0.0
23.649583953234092,0.0,0.0,0.0
23.48708720105723,0.0,0.0,0.0
23.445023104519514,0.0,0.0,1.0083188732641701
23.627385513724903,0.0,0.0,2.6380465905509225
23.629243784274454,0.0,0.0,1.7292842112024915
23.565707438821725,0.0,0.0,1.5471336320965936
23.852870020036733,0.0,0.0,2.0819653021316338
24.434761788596116,0.0,0.0,3.5420847972879184
24.902030079398433,0.0,0.43755876458030085,4.402444028773153
25.0,0.0,1.0849225339625586,4.735521060313555
25.0,0.0,2.2244281447531664,6.828984173211884
25.0,0.0,2.548279974724064,5.731503097387732
25.0,0.0,2.749847587475864,4.94898343619232
25.0,0.0,2.419347103072893,2.855685877253576
25.0,0.0,2.263702259025239,2.303687812148547
25.0,0.0,2.048848805498969,1.6295344333609731
25.0,0.0,1.780273078881267,1.136646059060274
25.0,0.0,1.1986253538307372,0.3089911577127568
25.0,0.0,0.6836449570096496,0.03310619546922395
25.0,0.0,0.23839668746521864,0.0
24.97677600129922,0.0,0.0,0.0
24.89722400792884,0.0,0.0,0.0
24.802607820690625,0.0,0.0,0.0
24.702776931120795,0.0,0.0,0.0
24.545029551757455,0.0,0.0,0.0
24.36091116847253,0.0,0.0,0.0
24.21704891775321,0.0,0.0,0.09931858153536557
24.229165650949852,0.0,0.0,0.6731593127465263
24.455590227188544,0.0,0.0,1.8696191487606397
24.599557865551347,0.0,0.0,1.6309334375193665
24.79258310533431,0.0,0.04861439610591333,2.6407119643944204
25.0,0.0,0.6512370823253231,4.0266829050920085
25.0,0.0,1.3164617346462022,4.546778099463073
25.0,0.0,2.198942025101852,5.7481488661901246
25.0,0.0,2.54714659579766,5.0800717781590405
25.0,0.0,3.012813165762879,5.653219810137035
25.0,0.0,3.0938032710917063,5.230035076561483
25.0,0.0,2.703663516312566,3.649279122368462
25.0,0.0,2.148152605073976,2.0054417344634308
25.0,0.0,1.949647432867132,1.9381175789062395
25.0,0.0,1.8625966279319495,1.9522105073097338
25.0,0.0,1.248083537668507,0.5628053181045007
25.0,0.0,0.6806357196567195,0.05517699732101282
25.0,0.0,0.24571882067046924,0.0
24.97158828437165,0.0,0.0,0.0
24.873921537799088,0.0,0.0,0.0
24.763302437162267,0.0,0.0,0.0
24.66034351500955,0.0,0.0,0.0
24.52078963680453,0.0,0.0,0.0
24.366482678409067,0.0,0.0,0.0
24.23770503765562,0.0,0.0,0.08828318791793052
24.215413600439046,0.0,0.0,0.6179823154255136
24.2825573231216,0.0,0.0,1.1245068227066508
24.40211953442811,0.0,0.0,1.7390167228148083
24.59704329745241,0.0,0.0,2.3971678546101667
24.854705150483213,0.0,0.06251536054870585,3.2617352633115853
25.0,0.0,0.7690904158830381,5.005705719251235
25.0,0.0,1.6678734851735417,6.46251870137022
25.0,0.0,1.6959139276990511,4.805806584562046
25.0,0.0,2.15294422379188,5.641305095818486
25.0,0.0,2.0551013377648712,4.346320193900782
25.0,0.0,1.9046169973217264,3.447086573893759
25.0,0.0,1.6116406478986511,2.454373063881892
25.0,0.0,1.3501407062401833,1.7597406980698882
25.0,0.0,1.2734149749465802,1.7902646277696441
25.0,0.0,1.2602022537891833,2.2596369425983593
25.0,0.0,0.4359202930433902,0.04414159395896526
25.0,0.0,0.03179165342063546,0.0
24.862676705722656,0.0,0.0,0.0
24.63621131727522,0.0,0.0,0.0
24.44760271038721,0.0,0.0,0.0
24.258361075184055,0.0,0.0,0.0
24.085625183663414,0.0,0.0,0.0
23.939547667447364,0.0,0.0,0.0
23.82467366166849,0.0,0.0,0.08828318791793052
23.80514401179837,0.0,0.0,0.6400531221496087
23.867624086768394,0.0,0.0,1.1966030401684933
23.932635349629336,0.0,0.0,1.5285046262636282
24.07370952861384,0.0,0.0,2.228469043175837
24.488949525136835,0.0,0.0,4.149787013601351
24.898937069647175,0.0,0.26047449465238764,5.031350214669074
25.0,0.0,1.2464904699984536,6.5778416772442085
25.0,0.0,1.9083923751832643,6.458470789450352
25.0,0.0,2.3272321597715036,6.109098816530202
25.0,0.0,2.298999651629201,4.873369054172363
25.0,0.0,2.096738490207014,3.658236237734979
25.0,0.0,1.6503610082202067,2.0967371408778437
25.0,0.0,1.4156619183345658,1.5884362115094781
25.0,0.0,1.41375147887449,1.7646118153012063
25.0,0.0,1.4412124720859558,2.2734884123080517
25.0,0.0,0.6733616971236269,0.3113840286659771
25.0,0.0,0.175019225791184,0.0
24.925989735878986,0.0,0.0,0.0
24.766759602712696,0.0,0.0,0.0
24.60425890953418,0.0,0.0,0.0
24.434922366772934,0.0,0.0,0.0
24.23663236733142,0.0,0.0,0.0
24.029007826451966,0.0,0.0,0.0
23.863715300793594,0.0,0.0,0.0772477894281892
23.847072257496553,0.0,0.0,0.6524701822722441
23.971487276688855,0.0,0.0,1.3240867640004952
24.15669326486088,0.0,0.0,1.6874364220684956
24.41789024267453,0.0,0.0,2.081910980930282
24.733538349086064,0.0,0.0,2.4317863351203464
24.948019834479528,0.0,0.41967364239643046,3.427918675785409
25.0,0.0,1.5355845005074904,5.981054975768483
25.0,0.0,2.512478846168467,7.259349592507919
25.0,0.0,2.9707098456131074,6.685690940959949
25.0,0.0,2.853738401392709,4.679211561491803
25.0,0.0,3.0166525026286317,4.421660879919037
25.0,0.0,2.608676532916417,2.461848241837787
25.0,0.0,2.3156176720440675,1.7096996250405196
25.0,0.0,2.208735784935003,1.644637198702354
25.0,0.0,2.312557024552775,2.5378625162108075
25.0,0.0,1.583717329625991,0.5226729113300291
25.0,0.0,1.056924913937724,0.0
25.0,0.0,0.6934784278600273,0.0
25.0,0.0,0.41387735475890314,0.0
25.0,0.0,0.1751803664835946,0.0
24.97712006725049,0.0,0.0,0.0
24.857367543569435,0.0,0.0,0.0
24.687399516765755,0.0,0.0,0.0
24.646143756266046,0.0,0.0,0.7698055621200154
24.838991715819237,0.0,0.08419773275152288,2.5567166502204963
24.98944466397076,0.0,0.0,1.9792312063959387
24.98944466397076,0.0,0.07036387961259201,1.5855621466605132
25.0,0.0,0.6472188574730454,2.4214247990181503
25.0,0.0,1.4713105004628675,3.5359394667532946
25.0,0.0,2.3657314356823917,4.789826274601639
25.0,0.0,3.130518180840445,5.735210156245482
25.0,0.0,3.720499691279385,5.992587875697631
25.0,0.0,4.103435294426454,5.615027019992158
25.0,0.0,4.2668352327248265,4.690015447707296
25.0,0.0,4.166245817094508,3.275911023549971
25.0,0.0,3.8818526565643374,2.1243704266218746
25.0,0.0,3.5754131049129825,1.426630122179431
25.0,0.0,3.6122069812705093,1.8985837568449633
25.0,0.0,3.3758516901840467,1.4264387931217914
25.0,0.0,2.745294559479613,0.04414159395896526
25.0,0.0,2.4187896623523395,0.0
25.0,0.0,2.197595705707394,0.0
25.0,0.0,2.0142405367072205,0.0
25.0,0.0,1.832353239627264,0.0
25.0,0.0,1.6174766578194006,0.0
25.0,0.0,1.367416988372667,0.0
25.0,0.0,1.1162805825485298,0.0
25.0,0.0,0.9205188634462603,0.0662123909384479
25.0,0.0,0.9740898197900243,0.6290177382767862
25.0,0.0,1.1014166731351076,1.1807876725084643
25.0,0.0,1.3018549678194056,1.5559707629655308
25.0,0.0,1.7031867087094885,2.399113855496382
25.0,0.0,2.3006441175473604,3.523804944035184
25.0,0.0,2.74042520927604,3.8717991087088275
25.0,0.0,3.9337435681843558,6.855029083040163
25.0,0.0,3.6159256543622016,3.9645686961242723
25.0,0.0,3.4132614591530968,2.9543329134111316
25.0,0.0,3.4877816985215273,3.2018729341875223
25.0,0.0,3.295954639588405,2.4252657947897993
25.0,0.0,3.107452163888455,2.063001415494385
25.0,0.0,2.8500905374992564,1.5302288915531215
25.0,0.0,2.547790972941204,1.1035399464202564
25.0,0.0,2.1239263167129603,0.49659297588911533
25.0,0.0,1.6715443886333783,0.03310619546922395
25.0,0.0,1.320647265300706,0.0
25.0,0.0,1.0341178839577898,0.0
25.0,0.0,0.8123105014393432,0.0
25.0,0.0,0.6039546912943237,0.0
25.0,0.0,0.3863918197784046,0.0
25.0,0.0,0.14849263844969554,0.0
24.963738591692156,0.0,0.0,0.0
24.857361513602932,0.0,0.0,0.05517699732101282
24.893622921910776,0.0,0.2684377075458178,2.0167384702487965
25.0,0.0,0.22150292976308264,1.6740302944987282
25.0,0.0,0.36637934266055205,1.8037631358038042
25.0,0.0,0.8424286181419464,2.5704498655346297
25.0,0.0,1.5118717801500638,3.6587670223374675
25.0,0.0,2.50678912391089,5.672399986853154
25.0,0.0,3.250789392664907,6.535315145078612
25.0,0.0,3.1796144229435432,4.807923289756189
25.0,0.0,3.4175366487509744,5.068856305397251
25.0,0.0,3.5069032117584804,4.7240299466368665
25.0,0.0,3.3309673242830145,3.7336965687892802
25.0,0.0,2.848289632109639,2.1573227423944172
25.0,0.0,2.4884281255961347,1.5387418383175282
25.0,0.0,2.155098004290372,1.1697522496571922
25.0,0.0,1.6841465585354953,0.5407345503588555
25.0,0.0,1.172067757509204,0.03310619546922395
25.0,0.0,0.7975819802634537,0.0
25.0,0.0,0.5478374668262971,0.0
25.0,0.0,0.3881729993661914,0.0
25.0,0.0,0.24843723827503306,0.0
25.0,0.0,0.08580151183326153,0.0
24.93980037911503,0.0,0.0,0.0
24.801282203347526,0.0,0.0,0.0
24.67409250336313,0.0,0.0,0.05517699732101282
24.660452861121943,0.0,0.0,0.5628053181045007
24.77103120981279,0.0,0.0,1.2359646308510273
24.923189027821483,0.0,0.02331107878622586,1.774710207978188
25.0,0.0,0.5545757717808414,3.1096634993197885
25.0,0.0,1.1179161444471617,3.7951699996778387
25.0,0.0,1.8826339558401861,4.956912252844361
25.0,0.0,2.6064132806663673,5.683534844268455
25.0,0.0,3.4331133348126524,6.831019659745189
25.0,0.0,2.9775485576778498,3.8135128820436983
25.0,0.0,3.4136024916822336,5.413999661287539
25.0,0.0,2.707392414406398,2.4762929857298444
25.0,0.0,2.3924928248414488,1.9474585298661475
25.0,0.0,2.1818305896616463,1.4706711199969251
25.0,0.0,1.9915601315300997,1.0925045235689839
25.0,0.0,1.6662816713884645,0.48555755303784287
25.0,0.0,1.2755850140372058,0.03310619546922395
25.0,0.0,0.9778485447267787,0.0
25.0,0.0,0.7154593793621865,0.0
25.0,0.0,0.5044677244536029,0.0
25.0,0.0,0.3230583311191327,0.0
25.0,0.0,0.1458307949322059,0.0
24.985435172942744,0.0,0.0,0.0
24.89327266455251,0.0,0.0,0.0
24.760360194453153,0.0,0.0,0.03310619546922395
24.697869967041175,0.0,0.0,0.48555755303784287
24.744721705639076,0.0,0.0,1.1476814819115468
24.897502208330298,0.0,0.0,1.6421477342751913
24.99812776688901,0.0,0.5381473316777717,2.7132958831917047
25.0,0.0,1.131450466308492,3.185865296489926
25.0,0.0,1.9630217688433347,4.4697956573756565
25.0,0.0,2.8463420117152096,5.837997000046615
25.0,0.0,3.73619032588561,7.257918252481441
25.0,0.0,3.405690284487072,4.709842047422308
25.0,0.0,2.797042492980787,2.7284940460344718
25.0,0.0,2.4634629451919077,2.482964684553327
25.0,0.0,2.071394670685962,2.0305134390477524
25.0,0.0,1.6828130819838647,1.6884161102273025
25.0,0.0,1.2149629461835139,1.0704335999095387
25.0,0.0,0.737088725139644,0.47452216916502027
25.0,0.0,0.3017697571871718,0.03310619546922395
25.0,0.0,0.010009248117470029,0.0
24.90715707046511,0.0,0.0,0.0
24.769140838460423,0.0,0.0,0.0
24.66140115728739,0.0,0.0,0.0
24.53462712463142,0.0,0.0,0.0
24.39563569179662,0.0,0.0,0.0
24.247563213134832,0.0,0.0,0.0
24.10792161462446,0.0,0.0,0.05517699732101282
24.0504413680829,0.0,0.0,0.5848761248285961
24.088346556655836,0.0,0.0,1.1476814819115468
24.149242675658144,0.0,0.0,1.4302653060403776
24.313422054235964,0.0,0.0,2.3463080154513865
24.551084325202474,0.0,0.0,2.9405436008756523
24.751672102900738,0.0,0.0,3.245980030308885
24.878664923044354,0.0,0.0,3.122795205681027
24.949954152452122,0.0,0.0,3.0000467740545176
24.994745932203692,0.0,0.37617004156907363,3.94691901172065
25.0,0.0,0.9734056918873265,5.04304053346051
25.0,0.0,1.0168195031431888,3.9747883421313253
25.0,0.0,0.6988269425652672,2.3848384930002915
25.0,0.0,0.43743409632874114,1.5272205056158927
25.0,0.0,0.5048963192780663,1.9321052622117847
25.0,0.0,0.1789425715459058,1.1580740670269856
24.80522474902396,0.0,0.0,0.02207079697948263
24.50656438323903,0.0,0.0,0.0
24.280991045338965,0.0,0.0,0.0
24.080131246579853,0.0,0.0,0.0
23.926657927622834,0.0,0.0,0.0
23.794319286789325,0.0,0.0,0.0
23.679503631728135,0.0,0.0,0.0
23.56626061272769,0.0,0.0,0.0
23.43703440913901,0.0,0.0,0.04414159395896526
23.36156219787166,0.0,0.0,0.49659297588911533
23.495193000548607,0.0,0.0,1.8859156340645207
23.625384500168174,0.0,0.0,1.6826206415163065
23.82245973460728,0.0,0.0,2.140999889935706
24.260425855748608,0.0,0.0,3.2339613142774497
24.50762174981186,0.0,0.0,2.847132859076322
24.411402124118432,0.0,0.0,1.9201593664488263
24.281211789729433,0.0,0.0,1.9643010578539168
24.2893215650094,0.0,0.0,2.556441781882199
24.42566127170676,0.0,0.0,3.2805193346224115
24.461291914930534,0.0,0.0,2.4719292617020545
24.286502778767883,0.0,0.0,1.2801062442992175
24.134874984530526,0.0,0.0,0.9490443383300405
24.00358356876732,0.0,0.0,0.606946931552691
23.844837229957243,0.0,0.0,0.4083097489927349
23.660621019336965,0.0,0.0,0.02207079697948263
23.490849664031426,0.0,0.0,0.0
23.36704774730231,0.0,0.0,0.0
23.254215069791588,0.0,0.0,0.0
23.153952046584234,0.0,0.0,0.0
23.045883508961005,0.0,0.0,0.0
22.923384959873072,0.0,0.0,0.0
22.796325761561082,0.0,0.0,0.0
22.67819386187052,0.0,0.0,0.02207079697948263
22.608509552436544,0.0,0.0,0.2979557738399342
22.612842244654146,0.0,0.0,0.6400531221496087
22.758411853548832,0.0,0.0,1.5559911919258316
22.96170367166013,0.0,0.0,1.8619929356723677
23.193289940236745,0.0,0.0,2.47955117554215
23.458670057154762,0.0,0.0,2.9374339079690674
23.664634288006106,0.0,0.0,3.074192134328363
23.880939779804734,0.0,0.0,3.3293586173200134
24.102911776493727,0.0,0.0,3.1333216163367696
24.54269431443423,0.0,0.0,4.600130302308856
24.86660533052513,0.0,0.0,3.5713033388326507
24.747385460780528,0.0,0.0,1.9665378496353603
24.54630799877082,0.0,0.0,1.4215943954519705
24.337202091332067,0.0,0.0,1.0593982550151664
24.09070513828697,0.0,0.0,0.46348678529219767
23.869157290620848,0.0,0.0,0.02207079697948263
23.73284249319453,0.0,0.0,0.0
23.629629361614946,0.0,0.0,0.0
23.517541540510713,0.0,0.0,0.0
23.399002056292822,0.0,0.0,0.0
23.27478192501083,0.0,0.0,0.0
23.14964056609312,0.0,0.0,0.0
23.03111323795582,0.0,0.0,0.0
22.920917777865498,0.0,0.0,0.03310619546922395
22.880039135611565,0.0,0.0,0.5076283597619381
22.92423619052564,0.0,0.0,0.9931859517782307
23.027534206917494,0.0,0.0,1.5449559249883589
23.189893953806617,0.0,0.0,1.9384813176780695
23.53694927119232,0.0,0.0,3.30539319299083
24.082853348180954,0.0,0.0,4.718436891917581
24.66117143337175,0.0,0.0,5.69356016780031
24.975385571505292,0.0,0.08079858014316414,4.834046891692091
25.0,0.0,0.022915993971053265,3.344984358411644
25.0,0.0,0.8456550145245596,5.713055498440446
25.0,0.0,0.5547273414702957,3.5258675603548473
25.0,0.0,0.21530723217142317,2.111994126503332
25.0,0.0,0.05482062796267402,1.6316546405500927
24.995305502808748,0.0,0.0,1.331461543367172
24.944405804575293,0.0,0.0,1.2288928468145084
24.66330643139969,0.0,0.0,0.011035398489741315
24.350019087473413,0.0,0.0,0.0
24.137399082157593,0.0,0.0,0.0
23.90896208085985,0.0,0.0,0.0
23.72509783636142,0.0,0.0,0.0
23.570434333506213,0.0,0.0,0.0
23.457814961496492,0.0,0.0,0.0
23.358644220869913,0.0,0.0,0.0
23.23974621432577,0.0,0.0,0.02207079697948263
23.403996219814722,0.0,0.0,2.1419955332907525
23.520517282100222,0.0,0.0,1.6290729289707109
23.480346790531158,0.0,0.0,1.50371720188062
23.791928714463047,0.0,0.0,2.3978528614094152
24.378250736275294,0.0,0.0,3.9593653809056057
24.863943248792875,0.0,0.46319560605596055,5.318176092873663
25.0,0.0,1.164481907405061,5.8805186217325485
25.0,0.0,1.8263961696458864,6.21484992352039
25.0,0.0,2.430408869198921,6.513845595135475
25.0,0.0,2.4679197380650617,4.98473277530665
25.0,0.0,2.3519398966726377,3.664503530074927
25.0,0.0,2.016417628158298,2.3414479910594137
25.0,0.0,1.7112477455169814,1.6537835608825662
25.0,0.0,1.6481714611092078,1.700867795285398
25.0,0.0,1.457390041216414,1.3351884153195326
25.0,0.0,0.9167185775861839,0.011035398489741315
25.0,0.0,0.6355784378820195,0.0
25.0,0.0,0.3386407801464763,0.0
25.0,0.0,0.03723092727757628,0.0
24.88760213600852,0.0,0.0,0.0
24.71808809730523,0.0,0.0,0.0
24.61696301042901,0.0,0.0,0.0
24.541773250083942,0.0,0.0,0.0
24.484136674296163,0.0,0.0,0.033106193033070816
24.50557981660226,0.0,0.0,0.49659297588911533
24.586209412358347,0.0,0.0,0.9711151060756857
24.622382256012585,0.0,0.0,0.9711151060756857
24.672088925670682,0.0,0.0,1.29114166715049
24.75141002658126,0.0,0.0,1.5670266147771041
24.892233287822556,0.0,0.14688038366925157,2.8250620133737767
25.0,0.0,0.301771700776347,3.1064690553810355
25.0,0.0,0.6468341369805178,3.6892438614331904
25.0,0.0,0.8389808243896388,3.4233772901995216
25.0,0.0,1.3875895809760712,4.494720584808841
25.0,0.0,1.379551942789953,3.3750495520202395
25.0,0.0,1.1783018908291059,2.5704392181662743
25.0,0.0,0.6661775151291981,1.3446073085034345
25.0,0.0,0.5417503876038567,1.724260762282421
25.0,0.0,0.41805254095596156,1.9148877550470667
24.853823236103434,0.0,0.0,0.011035398489741315
24.599109286110888,0.0,0.0,0.0
24.380993690201453,0.0,0.0,0.0
24.166616553587687,0.0,0.0,0.0
23.964049900964604,0.0,0.0,0.0
23.776016600830246,0.0,0.0,0.0
23.60569989251981,0.0,0.0,0.0
23.43768974115911,0.0,0.0,0.0
23.244428325277653,0.0,0.0,0.02207079697948263
23.112022104388014,0.0,0.0,0.5076283597619381
23.07626683670413,0.0,0.0,1.0967662915013172
23.13810902702292,0.0,0.0,1.7093119195678645
23.344859587646155,0.0,0.0,2.384863635231401
23.546952879749327,0.0,0.0,2.4731502976318693
23.6453682882252,0.0,0.0,2.7568951899481653
24.156524661311114,0.0,0.0,6.702993276264908
24.458033497264523,0.0,0.0,5.574947637550449
24.407119315532064,0.0,0.0,5.13794608930126
24.354978483260293,0.0,0.0,3.01425374229579
24.211025557631046,0.0,0.0,2.286372271336759
24.228848233779715,0.0,0.0,1.9758349555790888
24.169528919792366,0.0,0.0,1.7673344992493425
24.073950707126762,0.0,0.0,1.4370972024943647
23.8771814606,0.0,0.0,0.8712006771047622
23.528020229699038,0.0,0.0,0.0
23.20909004314469,0.0,0.0,0.0
22.978908498936526,0.0,0.0,0.0
22.786909938072036,0.0,0.0,0.0
22.62480163344438,0.0,0.0,0.0
22.44488405802332,0.0,0.0,0.0
22.24525534473935,0.0,0.0,0.0
22.033179145368745,0.0,0.0,0.0
21.87287954560761,0.0,0.0,0.3383029616619224
21.970542837607923,0.0,0.0,1.9786114607131706
22.010168129748667,0.0,0.0,1.3652628523910266
22.016056134720504,0.0,0.0,1.848256044874731
22.37048715324505,0.0,0.0,3.1323166776630083
22.8121931991461,0.0,0.0,3.9095983410322734
23.227977576575285,0.0,0.0,4.508283626852247
23.746215595690373,0.0,0.0,5.905740184499084
23.796353360924535,0.0,0.0,3.098603030138961
23.71912101351367,0.0,0.0,3.3367052942089974
23.821387452884245,0.0,0.0,2.74761143078666
23.775052798217093,0.0,0.0,2.4615143066073037
23.732313257879,0.0,0.0,1.8118249655181737
23.635945397172613,0.0,0.0,1.5957048685172066
23.503564549312443,0.0,0.0,0.8957840479546804
23.283225756332506,0.0,0.0,0.43038055571683004
23.033507868643365,0.0,0.0,0.0
22.79896682038823,0.0,0.0,0.0
22.602706041708732,0.0,0.0,0.0
22.42336314381741,0.0,0.0,0.0
22.255361578609318,0.0,0.0,0.0
22.066621710856207,0.0,0.0,0.0
21.85817788556994,0.0,0.0,0.0
21.635794593260712,0.0,0.0,0.0
21.418194439773412,0.0,0.0,0.011035398489741315
21.291796337007877,0.0,0.0,0.53056258766581
21.29375448919854,0.0,0.0,1.136646059060274
21.398664516122324,0.0,0.0,1.67738068737603
21.63510894792188,0.0,0.0,2.2622568511830754
21.917819447235754,0.0,0.0,2.4480043762864296
22.206695261657877,0.0,0.0,2.70127880472113
22.862190363075218,0.0,0.0,5.483347921196492
23.23279949331733,0.0,0.0,3.64280849834839
23.41493654955319,0.0,0.0,4.339483908966369
23.802651479451775,0.0,0.0,4.513462857165816
23.878657363437547,0.0,0.0,3.4528079360491706
23.84920548810559,0.0,0.0,2.56373472355737
23.71922476192379,0.0,0.0,1.4071149840191364
23.691143271320193,0.0,0.0,1.737411924358474
23.737926227627312,0.0,0.0,1.951785678996039
23.381284633203435,0.0,0.0,0.0
22.987530205743372,0.0,0.0,0.0
22.78214298301681,0.0,0.0,0.0
22.578265945549735,0.0,0.0,0.0
22.431227251178257,0.0,0.0,0.0
22.275090458271784,0.0,0.0,0.0
22.113995583634903,0.0,0.0,0.0
21.937442430704554,0.0,0.0,0.0
21.754417834742515,0.0,0.0,0.011035398489741315
21.860754809179014,0.0,0.0,2.0176331358114323
21.925989641938266,0.0,0.0,1.4089847742187716
21.865545448262566,0.0,0.0,1.3004917423855527
22.185133930114056,0.0,0.0,2.322639626314213
22.810974836168505,0.0,0.0,4.205479230127767
23.438428125395234,0.0,0.0,5.02889412686021
24.094317380130406,0.0,0.0,6.878584843981412
24.67549838761316,0.0,0.0,6.953445293144064
24.805378730628345,0.0,0.0,4.909050204773992
24.880732075483763,0.0,0.48003426166900476,5.832460086464244
25.0,0.0,0.24914918906227587,3.6342663409974607
25.0,0.0,0.11351622009925551,2.4872775807778513
24.93564605113076,0.0,0.0,1.5385747580961286
24.846948607408038,0.0,0.0,1.2795211850205324
24.773063399852404,0.0,0.0,1.2978726566966319
24.461770661171478,0.0,0.0,0.0
24.123495909797892,0.0,0.0,0.0
23.906646095314024,0.0,0.0,0.0
23.663736709217787,0.0,0.0,0.0
23.45560544469387,0.0,0.0,0.0
23.253811106781292,0.0,0.0,0.0
23.06722813124958,0.0,0.0,0.0
22.884692538366753,0.0,0.0,0.0
22.697983680374115,0.0,0.0,0.0
22.802872872423773,0.0,0.0,1.9965961665131946
22.870762811611936,0.0,0.0,1.4073071468254057
22.811862426958903,0.0,0.0,1.3882837427905697
23.082570540489744,0.0,0.0,2.1498513776103723
23.666961497316112,0.0,0.0,4.101465666470637
24.415133386318608,0.0,0.0,5.665938304504748
24.888506846785713,0.0,0.4972875222214335,6.708183866670657
25.0,0.0,1.1869188893346452,6.858701156860999
25.0,0.0,1.8026079490688425,6.845678056522325
25.0,0.0,1.8244565543855908,5.188351937226865
25.0,0.0,1.7509102428938785,4.010879688573407
25.0,0.0,1.3881001040839895,2.3807489303882163
25.0,0.0,1.0281543622727622,1.370663407532115
25.0,0.0,0.9375638965321559,1.2749505211389867
25.0,0.0,1.0159574873926773,1.8608351431465058
25.0,0.0,0.34194176930392534,0.0
25.0,0.0,0.023047271018820335,0.0
24.882788110785633,0.0,0.0,0.0
24.682422668490158,0.0,0.0,0.0
24.5004899231968,0.0,0.0,0.0
24.299883365104233,0.0,0.0,0.0
24.09685592910217,0.0,0.0,0.0
23.886888174419205,0.0,0.0,0.0
23.668190441111427,0.0,0.0,0.0
23.750515618050883,0.0,0.0,1.9599235828813106
23.813024078827908,0.0,0.0,1.378082570920021
23.771299150649437,0.0,0.0,1.3012669724280117
24.12086653056392,0.0,0.0,2.2308811005775753
24.69120603687394,0.0,0.13753756333359987,3.7881193348253266
25.0,0.0,1.1080089568290066,5.687848862972146
25.0,0.0,1.9862239204891454,6.455846910656014
25.0,0.0,2.6557083739719625,6.813321858559166
25.0,0.0,2.8720622801782563,5.763353655692718
25.0,0.0,2.7772921736383434,4.199019268980499
25.0,0.0,2.94245630979331,4.017996351641672
25.0,0.0,2.687104010743666,2.51966258225203
25.0,0.0,2.417380605664172,1.6680452409648794
25.0,0.0,2.1562211489485907,0.8477396155917174
25.0,0.0,1.820126737132143,0.3752035583958172
25.0,0.0,1.4845222212028601,0.0
25.0,0.0,1.2040219745228304,0.0
25.0,0.0,0.9126588096150873,0.0
25.0,0.0,0.6179315899244991,0.0
25.0,0.0,0.3259157403735622,0.0
25.0,0.0,0.046795305267304584,0.0
24.904245133464936,0.0,0.0,0.0
24.728435165172595,0.0,0.0,0.0
24.557457908395435,0.0,0.0,0.0
24.65524265537604,0.0,0.0,1.859027287005998
24.724217676836886,0.0,0.0,1.3001240377594956
24.694626984550943,0.0,0.0,1.2634282791000184
24.89238408640232,0.0,0.35157268733062663,2.2295082299334124
25.0,0.0,1.2034471617183184,3.5403591006664987
25.0,0.0,2.5207921695223683,5.769885138777175
25.0,0.0,3.262439904247496,5.828573587941199
25.0,0.0,3.9642847962331302,6.347518080483973
25.0,0.0,4.530451784620333,6.651764107596801
25.0,0.0,4.7195433336601855,5.9462843432361305
25.0,0.0,4.262300849598355,3.593498785262552
25.0,0.0,3.8782315255768802,2.4044004851795058
25.0,0.0,3.4955773919842854,1.5304179987565547
25.0,0.0,3.4254766650606,1.6144993730281534
25.0,0.0,3.0873177557528915,1.0867965046448007
25.0,0.0,2.4783252324346865,0.0
25.0,0.0,2.0813522929006045,0.0
25.0,0.0,1.7322597069702492,0.0
25.0,0.0,1.4342513151538474,0.0
25.0,0.0,1.1540755500281292,0.0
25.0,0.0,0.879026981389074,0.0
25.0,0.0,0.6082476159139979,0.0
25.0,0.0,0.3591480573931524,0.0
25.0,0.0,0.1648867047070477,0.0
25.0,0.0,0.15505474614727266,0.43038055571683004
25.0,0.0,0.3487274301261641,1.0704335999095387
25.0,0.0,0.5722120787057793,1.6040821159362861
25.0,0.0,1.133055612297111,2.766547187422791
25.0,0.0,1.6624274881362928,3.2933339004466653
25.0,0.0,2.2692183620621895,3.7371205119250526
25.0,0.0,3.462255532375477,5.985981322235061
25.0,0.0,3.3150999112317203,3.107000082988565
25.0,0.0,3.776320953521604,4.048020264304274
25.0,0.0,4.427450992210983,5.695955450301839
25.0,0.0,3.923012821497606,3.328588271886212
25.0,0.0,3.310197860403552,1.8849802570676397
25.0,0.0,2.834840628616148,1.3526376754477203
25.0,0.0,2.3953690761641417,0.9269735705843953
25.0,0.0,1.9115124758978992,0.32002656107480437
25.0,0.0,1.5304822742739714,0.0
25.0,0.0,1.2624096349834388,0.0
25.0,0.0,1.030157439373838,0.0
25.0,0.0,0.8027215075670392,0.0
25.0,0.0,0.5645546699525826,0.0
25.0,0.0,0.30561241971691844,0.0
25.0,0.0,0.020109668530624025,0.0
24.874375895614225,0.0,0.0,0.0
24.653238147971727,0.0,0.0,0.0
24.703088771727806,0.0,0.0,1.7823532715171926
24.7192777654204,0.0,0.0,1.2623305290304057
24.650754418602624,0.0,0.0,1.2460175580191981
24.855703172552527,0.0,0.22531919129583303,2.236445315550509
25.0,0.0,1.0793291984160087,3.928061192035308
25.0,0.0,2.2862900055740383,5.946619484241999
25.0,0.0,3.290009363117893,7.119129807676486
25.0,0.0,3.4063351603612357,5.461863665829685
25.0,0.0,4.275394092149622,7.290516913229315
25.0,0.0,4.257061949812608,5.5734407305381115
25.0,0.0,3.895149341088852,3.7181050655863275
25.0,0.0,3.5157157760897015,2.540719029926913
25.0,0.0,2.9915093426145822,1.350578258118515
25.0,0.0,2.7675339444320626,1.2404586549879797
25.0,0.0,2.6164204462016802,1.5115738457527312
25.0,0.0,1.8954911729919208,0.0
25.0,0.0,1.4848178240865106,0.0
25.0,0.0,1.1349058546345945,0.0
25.0,0.0,0.8314878162649498,0.0
25.0,0.0,0.5421213839649621,0.0
25.0,0.0,0.2637513608192482,0.0
25.0,0.0,0.023380612069603453,0.0
24.90329313021104,0.0,0.0,0.0
24.722634517145973,0.0,0.0,0.0
24.713906807485316,0.0,0.0,1.1368959417913729
24.732432805014646,0.0,0.0,1.1981358908224395
24.785685936977043,0.0,0.0,1.6500530885344709
24.94781855251278,0.0,0.2311743490572715,2.2887232890342397
25.0,0.0,0.4922985398113329,2.243320551993051
25.0,0.0,1.0315215016866326,3.486938217777926
25.0,0.0,1.049759892703417,3.0917202678277143
25.0,0.0,1.337198622546178,3.9770584749904945
25.0,0.0,1.3336573176312392,3.3878674873920773
25.0,0.0,2.226601244223251,5.8406684209405535
25.0,0.0,2.2260803126256845,4.336734070450178
25.0,0.0,1.9862834037034758,2.941316200071718
25.0,0.0,1.5027291310687803,1.3842058579539414
25.0,0.0,1.2121109580940053,0.9049027248818503
25.0,0.0,0.826039422904796,0.2869203704778867
25.0,0.0,0.5265179668362786,0.0
25.0,0.0,0.29662229908943927,0.0
25.0,0.0,0.09040999294582838,0.0
24.953142537050326,0.0,0.0,0.0
24.834284078202458,0.0,0.0,0.0
24.695532616345965,0.0,0.0,0.0
24.561964132593424,0.0,0.0,0.0
24.429654532637244,0.0,0.0,0.0
24.30400816856355,0.0,0.0,0.0
24.244352831416514,0.0,0.0,0.3862389812470897
24.297126582692727,0.0,0.0,0.9711151060756857
24.415312392830952,0.0,0.0,1.5890973045658492
24.577565481145758,0.0,0.0,2.1850090471379677
24.748845371936845,0.0,0.0,2.3946816135707474
24.91189183901993,0.0,0.058843527827290625,2.736778942391196
25.0,0.0,0.33136083652864423,3.0299209071228193
25.0,0.0,1.0901251250868598,4.643348859298804
25.0,0.0,2.039871324578627,6.369833182185014
25.0,0.0,2.303461505506671,5.441285057532813
25.0,0.0,2.314683923331742,4.408386558036399
25.0,0.0,1.8808170437033307,2.57151020160234
25.0,0.0,1.3700272225413128,1.3869463362888388
25.0,0.0,1.185986447243259,1.3718217818382856
25.0,0.0,0.650475908159335,0.2979557738399342
25.0,0.0,0.2892516271793849,0.0
25.0,0.0,0.02905345966635246,0.0
24.908381437761662,0.0,0.0,0.0
24.757132062341114,0.0,0.0,0.0
24.61981350031091,0.0,0.0,0.0
24.460039290558328,0.0,0.0,0.0
24.285683506067585,0.0,0.0,0.0
24.103322423557643,0.0,0.0,0.0
23.936958259437176,0.0,0.0,0.0
23.851353285777414,0.0,0.0,0.3752035583958172
23.898321738747555,0.0,0.0,0.9600796832244132
24.033891273358897,0.0,0.0,1.5780620376283767
24.23053910261345,0.0,0.0,2.1739734683728953
24.43050021371809,0.0,0.0,2.3836461907194737
24.615005191957696,0.0,0.0,2.725743363626124
24.812495862290227,0.0,0.0,3.1011705621605334
24.933531460793162,0.0,0.0,2.8618163639652026
24.979499786087484,0.0,0.2706754767612923,3.2780685133122054
25.0,0.0,0.9591050724544039,4.748010220210508
25.0,0.0,0.9287012649605861,3.3125446881816747
25.0,0.0,0.6960567693163385,2.2118879217802565
25.0,0.0,0.35458227532789655,1.5118399891260135
25.0,0.0,0.1923845980908744,1.380884702136562
24.864125295514608,0.0,0.0,0.25381417988096905
24.635946174204214,0.0,0.0,0.0
24.46892246939808,0.0,0.0,0.0
24.32577660444995,0.0,0.0,0.0
24.19245674009351,0.0,0.0,0.0
24.066594408737224,0.0,0.0,0.0
23.95265006281946,0.0,0.0,0.0
23.855414474063515,0.0,0.0,0.0
23.766871181612174,0.0,0.0,0.0
23.67893703227774,0.0,0.0,0.0
23.627996475998792,0.0,0.0,0.3310619839260769
23.645321582328243,0.0,0.0,0.8221667807340056
23.747153742550957,0.0,0.0,1.7383744748843402
24.032718155669706,0.0,0.0,3.1314892592277475
24.416465648412114,0.0,0.0,4.1148515274851265
24.563584672193134,0.0,0.0,2.883577245828234
24.681406514459233,0.0,0.0,2.850282186750755
24.913755026935203,0.0,0.18832851898913858,3.4728717232730055
25.0,0.0,1.456383317885888,6.693742668454371
25.0,0.0,1.9966812292969875,6.280283443166923
25.0,0.0,1.8237657665031048,4.200744765139288
25.0,0.0,1.3847546941995341,2.329058429557755
25.0,0.0,0.9659184334547738,1.2488420729310477
25.0,0.0,0.8055267685542721,1.0404811221047348
25.0,0.0,0.6584777568109146,1.0134595743854913
25.0,0.0,0.19751789023193447,0.0
24.96105646399638,0.0,0.0,0.0
24.803361243262977,0.0,0.0,0.0
24.585660793374863,0.0,0.0,0.0
24.37577646345125,0.0,0.0,0.0
24.166921551135836,0.0,0.0,0.0
23.983876644126802,0.0,0.0,0.0
23.80590490127104,0.0,0.0,0.0
23.612665888483356,0.0,0.0,0.0
23.622778629628055,0.0,0.0,1.4039065689708115
23.642485751312527,0.0,0.0,1.1272796023521365
23.657881722202262,0.0,0.0,1.2147319117057829
24.090630277303465,0.0,0.0,2.2964831274368476
24.70859220633194,0.0,0.31500306589349447,4.057282398627553
25.0,0.0,1.3752745905757588,5.509598181921913
25.0,0.0,2.4749060040224866,6.4958851030824025
25.0,0.0,3.3787718528621595,7.133236468232262
25.0,0.0,3.9565154136720393,6.955038479577523
25.0,0.0,4.0575440945030925,5.632366312208398
25.0,0.0,3.8996434734964627,4.132182549052184
25.0,0.0,3.4712369587229883,2.3521021075830553
25.0,0.0,3.0220039225114794,1.1768654915564412
25.0,0.0,2.8967320000353762,1.1991589784361587
25.0,0.0,2.6170111989511495,1.101403685541354
25.0,0.0,1.983006813902628,0.0
25.0,0.0,1.59580959692426,0.0
25.0,0.0,1.3974387275113742,0.0
25.0,0.0,1.3705147044400494,0.0
25.0,0.0,1.3884037390512338,0.0
25.0,0.0,1.3865637184696649,0.0
25.0,0.0,1.2823463565444722,0.0
25.0,0.0,1.0827685750706506,0.0
25.0,0.0,0.7800259411416562,0.0
25.0,0.0,0.5343481946399858,0.2979557738399342
25.0,0.0,0.4334552956231265,0.8166194979854698
25.0,0.0,0.32183711805653326,0.8828319571362051
25.0,0.0,0.407137794262057,1.2028585182110099
25.0,0.0,0.5303107270321521,1.4897789666457963
25.0,0.0,0.9162998957918818,2.692637250986105
25.0,0.0,1.198501716049561,3.3455795770875296
25.0,0.0,1.1539534544716865,2.9685223545265207
25.0,0.0,0.7956525377811906,1.8208408726149732
25.0,0.0,0.603358513675719,1.67738068737603
25.0,0.0,0.4129845170232228,1.4566726980919789
25.0,0.0,0.47430195606873893,2.052584284750297
25.0,0.0,0.2156803502839062,1.276310943302652
25.0,0.0,0.1597085333758716,1.3999952393435116
24.86606496707216,0.0,0.0,0.1876017791979086
24.643742416451538,0.0,0.0,0.0
24.469198799134737,0.0,0.0,0.0
24.293184701538717,0.0,0.0,0.0
24.11291883812176,0.0,0.0,0.0
23.932372992227492,0.0,0.0,0.0
23.75687367401845,0.0,0.0,0.0
23.589627010454354,0.0,0.0,0.0
23.425297578670705,0.0,0.0,0.0
23.25715446734135,0.0,0.0,0.0
23.269851118735577,0.0,0.0,1.248605185225366
23.262304568629016,0.0,0.0,1.1104390897026335
23.203420003906036,0.0,0.0,1.3475438902270935
23.471763392557023,0.0,0.0,2.616066566009427
24.001742300456876,0.0,0.0,4.419698773675449
24.491546441889362,0.0,0.0,4.847879939270863
24.836328710972552,0.0,0.788091527475416,7.54381249122085
25.0,0.0,1.4862717948182478,8.002835456149525
25.0,0.0,1.6273976150061853,6.554712977672116
25.0,0.0,1.5078444594182172,5.226932794636633
25.0,0.0,1.426124437071873,4.594011946028741
25.0,0.0,0.8927115700010876,2.621010377679853
25.0,0.0,0.33381466988697256,1.2827832586658698
25.0,0.0,0.13866834759148736,1.2003562875577556
24.89411607364945,0.0,0.0,0.6746179989992247
24.59581230914629,0.0,0.0,0.0
24.284809595768536,0.0,0.0,0.0
24.015366922656057,0.0,0.0,0.0
23.729105270322698,0.0,0.0,0.0
23.459354275815944,0.0,0.0,0.0
23.20451730706145,0.0,0.0,0.0
22.964140531920606,0.0,0.0,0.0
22.719899399060836,0.0,0.0,0.0
22.459513131482822,0.0,0.0,0.0
22.359517322794666,0.0,0.0,1.165233072538104
22.265446538782502,0.0,0.0,0.9376975621645276
22.212298210423963,0.0,0.0,1.338924853311024
22.582148934815358,0.0,0.0,2.7116161939467225
23.24904498723264,0.0,0.0,4.518877248194724
23.99183242655694,0.0,0.0,5.833721131092152
24.680306904862277,0.0,0.3068769506502657,7.725718408123929
25.0,0.0,0.5410889053593079,6.591439700492218
25.0,0.0,1.2360443477202918,7.094585377887215
25.0,0.0,1.4913764274301986,6.279855190974053
25.0,0.0,1.0714166152658597,3.738571158450032
25.0,0.0,0.7600942727641572,2.4896652051396737
25.0,0.0,0.3321284430500883,1.198563224572861
25.0,0.0,0.17590197654500825,0.8477751676872842
24.978690734816578,0.0,0.0,0.6797664875791471
24.748046365875283,0.0,0.0,0.0
24.444275128810876,0.0,0.0,0.0
24.207268651565588,0.0,0.0,0.0
23.95110360170991,0.0,0.0,0.0
23.717112390743853,0.0,0.0,0.0
23.482589206910653,0.0,0.0,0.0
23.25259319959953,0.0,0.0,0.0
23.019852946086075,0.0,0.0,0.0
22.785628513922987,0.0,0.0,0.0
22.722935956149563,0.0,0.0,1.0813735319909183
22.70163015686275,0.0,0.0,1.0096072337513606
22.705108991982108,0.0,0.0,1.1898495157401885
23.088409847629148,0.0,0.0,2.3679320105731785
23.79671611914086,0.0,0.0,4.199448088576102
24.600583559407486,0.0,0.05815488876105519,5.667790251332852
25.0,0.0,0.8674693570212709,6.6408587548619735
25.0,0.0,1.768048167008399,6.966211248766506
25.0,0.0,2.3172140177320557,6.569349296936834
25.0,0.0,2.5147691181662792,5.525885583253936
25.0,0.0,2.3610534384381183,3.9413556932115785
25.0,0.0,1.9192103313079052,2.161324734918255
25.0,0.0,1.4625692956775067,1.081174561942366
25.0,0.0,1.340499558562167,1.0791209885262523
25.0,0.0,1.0783640533647687,0.7999847978861383
25.0,0.0,0.6115277687110533,0.0
25.0,0.0,0.28892520218800605,0.0
24.988670798566396,0.0,0.0,0.0
24.842560750820507,0.0,0.0,0.0
24.620201035339484,0.0,0.0,0.0
24.431345947512057,0.0,0.0,0.0
24.248752897753015,0.0,0.0,0.0
24.07620506215965,0.0,0.0,0.0
23.89210187941537,0.0,0.0,0.0
23.736312343571228,0.0,0.0,0.22070798928405128
23.737761742244018,0.0,0.0,0.9269735705843953
23.90201363700026,0.0,0.0,1.5118496564345412
24.261302673502723,0.0,0.0,2.5038657040214405
24.760353285757304,0.0,0.3032238351558529,4.219490358736918
25.0,0.0,1.2354185478680382,5.7508220802384145
25.0,0.0,2.220164879635615,6.676046902413987
25.0,0.0,2.963616266499529,6.9941106998284965
25.0,0.0,3.4288541024572057,6.58724970777807
25.0,0.0,3.5872586615962874,5.497912118828503
25.0,0.0,3.3772324387841137,3.7780299253430174
25.0,0.0,2.9694348919871683,2.232309720448711
25.0,0.0,2.461274256522479,1.0942985810147552
25.0,0.0,2.2851342707255307,1.087130884122734
25.0,0.0,1.8123651339262383,0.3957201291425515
25.0,0.0,1.34963517595625,0.0
25.0,0.0,0.9878778649157902,0.0
25.0,0.0,0.6851407364167164,0.0
25.0,0.0,0.46278619615589883,0.0
25.0,0.0,0.28416388711271184,0.0
25.0,0.0,0.11748439012142221,0.0
24.975486171533177,0.0,0.0,0.0
24.87070323237385,0.0,0.0,0.0
24.721927645348366,0.0,0.0,0.0
24.611777428450203,0.0,0.0,0.25381417988096905
24.634539645524704,0.0,0.0,0.9159381477331229
24.817125933425793,0.0,0.0,1.5386926913945718
24.967653131843598,0.0,0.5474359024541465,2.794537497844531
25.0,0.0,1.6285052066770649,4.954873880595263
25.0,0.0,2.1986138116860903,5.146607191673409
25.0,0.0,3.2119198665092616,7.456021147588165
25.0,0.0,2.521084844207726,3.395300470513268
25.0,0.0,2.349057316830965,2.830887532444666
25.0,0.0,2.9988062317064843,4.722573571328189
25.0,0.0,2.719142185212089,2.6331352598895092
25.0,0.0,2.695091580695088,2.4432632110813706
25.0,0.0,2.3386233265853256,1.4082456354172719
25.0,0.0,2.002305077055652,0.684194735597799
25.0,0.0,1.5941990038681735,0.14346018523894336
25.0,0.0,1.2467186408089117,0.0
25.0,0.0,0.9372269662105422,0.0
25.0,0.0,0.6406045846925553,0.0
25.0,0.0,0.37640746685639087,0.0
25.0,0.0,0.1536131321878929,0.0
24.98991320315187,0.0,0.0,0.0
24.91183321217844,0.0,0.0,0.0
24.790983457433097,0.0,0.0,0.0
24.654362911644036,0.0,0.0,0.0
24.589523943915573,0.0,0.0,0.685177995136393
24.573541127422047,0.0,0.0,0.9227440114635037
24.61353833097089,0.0,0.0,1.2390016278778704
24.844221684226905,0.0,0.3118975173812052,2.564954084142429
25.0,0.0,1.2455425636600719,4.489172156926597
25.0,0.0,2.1644412238698147,5.550782904490618
25.0,0.0,2.5047919801894585,5.059086339997796
25.0,0.0,2.1681233214010875,2.9026657568538172
25.0,0.0,2.159528549653203,2.814026746436304
25.0,0.0,1.8654150979511985,1.6332389959709397
25.0,0.0,1.7414231108601153,1.4014955838356156
25.0,0.0,1.805402437446828,1.7546283355073375
25.0,0.0,1.6914222503710252,1.3463186254930526
25.0,0.0,1.4500093078385705,0.7173009261947166
25.0,0.0,1.126744741994472,0.14346018523894336
25.0,0.0,0.8575993680475705,0.0
25.0,0.0,0.6259231838545465,0.0
25.0,0.0,0.4014515924445732,0.0
25.0,0.0,0.20540956660793097,0.0
25.0,0.0,0.04025835463005933,0.0
24.961574696984208,0.0,0.0,0.0
24.892954825982986,0.0,0.0,0.0
24.832240177012338,0.0,0.0,0.0
24.769287525700165,0.0,0.0,0.0
24.718416684593926,0.0,0.0,0.12138938825946072
24.719672702367482,0.0,0.0,0.47452216916502027
24.800907176562852,0.0,0.0,0.8276549208367423
24.93122368110269,0.0,0.003058094590321869,1.1587169047628192
25.0,0.0,0.1603394641643374,1.445637275240706
25.0,0.0,0.2773009098563974,1.6553098416734846
25.0,0.0,0.2822503834241555,1.7877347599749556
25.0,0.0,0.24432326761402592,1.8318762954662458
25.0,0.0,0.21956677944514214,1.7656639142724102
25.0,0.0,0.24474799332436104,1.6222037290334672
25.0,0.0,0.26270854263047416,1.4014955838356156
25.0,0.0,0.4794370148593508,1.9422302121513715
25.0,0.0,0.3688128576688258,1.1704560035235752
25.0,0.0,0.22470525640279648,0.663540615792221
24.996822823467543,0.0,0.0,0.14346018523894336
24.903782911653934,0.0,0.0,0.0
24.755246537900337,0.0,0.0,0.0
24.614847018910414,0.0,0.0,0.0
24.454118672384404,0.0,0.0,0.0
24.29012098114198,0.0,0.0,0.0
24.128779247781626,0.0,0.0,0.0
23.983456493941212,0.0,0.0,0.0
23.85383718840911,0.0,0.0,0.0
23.744125586791498,0.0,0.0,0.0
23.681813611831238,0.0,0.0,0.22070798928405128
23.721966987584253,0.0,0.0,0.8166194979854698
23.874417355828346,0.0,0.0,1.4346018523894333
24.09683608570448,0.0,0.0,2.0415488618990243
24.304793394104934,0.0,0.0,2.214096720407764
24.556610956245972,0.0,0.0,3.1702731250039498
24.861918190266206,0.0,0.7063035001557,6.515543753887896
25.0,0.0,0.3597898969610752,4.103053611877201
25.0,0.0,0.21858396409035777,3.256817629984598
25.0,0.0,0.20025433829822253,2.8984464019106184
25.0,0.0,0.15138467142723028,2.444584088746741
25.0,0.0,0.04684508015828518,1.9112490494468843
24.91726443440614,0.0,0.0,1.1322003560271765
24.764846526605616,0.0,0.0,0.7173009261947166
24.551945029320812,0.0,0.0,0.12138938825946072
24.30952941139739,0.0,0.0,0.0
24.102098011020466,0.0,0.0,0.0
23.895446532555894,0.0,0.0,0.0
23.71305522890689,0.0,0.0,0.0
23.54404884611656,0.0,0.0,0.0
23.379632101824704,0.0,0.0,0.0
23.218796893469037,0.0,0.0,0.0
23.05489870175298,0.0,0.0,0.0
22.88835768012166,0.0,0.0,0.0
22.748839091135743,0.0,0.0,0.1876017791979086
22.728465056519756,0.0,0.0,0.8055840751341973
22.791791787978845,0.0,0.0,0.8166194979854698
23.032702557937395,0.0,0.0,1.8098054497637006
23.427339980403076,0.0,0.0,2.5471475292433663
23.88187401862715,0.0,0.0,3.7726381834341276
24.496238049160368,0.0,0.0,5.687343472980327
24.919034892559562,0.0,0.11297513363858645,5.707489613484375
25.0,0.0,0.5140499652211454,5.573219859530873
25.0,0.0,0.8083620568188942,5.005762847565468
25.0,0.0,0.6901703460686985,3.391801915583901
25.0,0.0,0.5743107126608407,2.4436386174764237
25.0,0.0,0.26969372927439206,1.24978792510921
25.0,0.0,0.10493052040048091,0.8344656505972617
24.867980800489505,0.0,0.0,0.09931858153536557
24.64430564045218,0.0,0.0,0.0
24.45628157107256,0.0,0.0,0.0
24.295603843381855,0.0,0.0,0.0
24.192842107726555,0.0,0.0,0.0
24.112870737255907,0.0,0.0,0.0
24.011318842937946,0.0,0.0,0.0
23.874935123484843,0.0,0.0,0.0
23.724034161937862,0.0,0.0,0.0
23.599962618932615,0.0,0.0,0.0
23.542300835433913,0.0,0.0,0.1544955788563784
23.542344445779896,0.0,0.0,0.45245136244092515
23.575421444384837,0.0,0.0,0.8055840751341973
23.60352785270458,0.0,0.0,1.136646059060274
23.63181185253793,0.0,0.0,1.423566429538161
23.71099325747626,0.0,0.0,1.6332389959709397
23.84654571867999,0.0,0.0,1.7656639142724102
24.002143022309735,0.0,0.0,1.8098054497637006
24.137507429559108,0.0,0.0,1.7435930685698653
24.219084661881006,0.0,0.0,1.6001328833309219
24.241357993596033,0.0,0.0,1.368389471195598
24.229020338787638,0.0,0.0,1.0704335999095387
24.189720087402655,0.0,0.0,0.7393717718972619
24.148720993330528,0.0,0.0,0.5848761248285961
24.0446522864618,0.0,0.0,0.09931858153536557
23.903347094464337,0.0,0.0,0.0
23.781268389578244,0.0,0.0,0.0
23.648795528780482,0.0,0.0,0.0
23.526278256861538,0.0,0.0,0.0
23.41187817571481,0.0,0.0,0.0
23.3054916469792,0.0,0.0,0.0
23.209775541058754,0.0,0.0,0.0
23.111300956686666,0.0,0.0,0.0
22.985153913754292,0.0,0.0,0.0
22.886468858314455,0.0,0.0,0.3158681626587326
22.86135887739861,0.0,0.0,0.7919742252217292
22.949978669951406,0.0,0.0,1.334491183178916
23.22668721987793,0.0,0.0,2.140488392422099
23.897422451605657,0.0,0.0,4.701249392306342
24.673654639087168,0.0,0.0,5.582551019163226
24.984179163715574,0.0,1.0734408898855972,7.300616020895832
25.0,0.0,1.3206187740545767,5.160693033733151
25.0,0.0,1.0665617516920611,2.7212971168128894
25.0,0.0,2.2128431223433207,6.223701018269142
25.0,0.0,1.9978482595294755,3.835304588759975
25.0,0.0,1.7740078553996863,2.579797073424974
25.0,0.0,1.3261310568503784,1.1090088967975904
25.0,0.0,1.2195953963219572,0.8760336570340894
25.0,0.0,0.8796964694455931,0.0662123909384479
25.0,0.0,0.6621338400274058,0.0
25.0,0.0,0.42329437562548267,0.0
25.0,0.0,0.12378123026459233,0.0
24.908102974990477,0.0,0.0,0.0
24.70584424911003,0.0,0.0,0.0
24.52228169746985,0.0,0.0,0.0
24.407829891469415,0.0,0.0,0.0
24.32542884634422,0.0,0.0,0.0
24.240623900788194,0.0,0.0,0.0
24.159320616349564,0.0,0.0,0.1544955788563784
24.148720978682437,0.0,0.0,0.6731593127465263
24.153669421605105,0.0,0.0,0.7945486522829246
24.17740327450828,0.0,0.0,1.1256106362090015
24.262337473702452,0.0,0.0,1.4125310066868884
24.348172188207236,0.0,0.0,1.6222037290334672
24.429670590563298,0.0,0.0,1.7546283355073375
24.493501138219642,0.0,0.0,1.7877347599749556
24.53990301947617,0.0,0.0,1.732557801632393
24.550628749021435,0.0,0.0,1.5780620376283767
24.503984553464633,0.0,0.0,1.3463186254930526
24.38899712461891,0.0,0.0,1.0593982550151664
24.20292350350102,0.0,0.0,0.7173009261947166
23.968146766576595,0.0,0.0,0.3531327516717221
23.731117771933896,0.0,0.0,0.03310619546922395
23.548873160096093,0.0,0.0,0.0
23.42173998432609,0.0,0.0,0.0
23.31063902108027,0.0,0.0,0.0
23.20528697985722,0.0,0.0,0.0
23.096606463687817,0.0,0.0,0.0
22.978192563819434,0.0,0.0,0.0
22.845881603239533,0.0,0.0,0.0
22.70739584042668,0.0,0.0,0.0
22.578379916152226,0.0,0.0,0.0
22.474831464387286,0.0,0.0,0.0772477894281892
22.425750611346466,0.0,0.0,0.43038055571683004
22.415865396380905,0.0,0.0,0.7835133073885521
22.417318630695437,0.0,0.0,1.1145752133577291
22.432543326693434,0.0,0.0,1.4014955838356156
22.46226950600604,0.0,0.0,1.6111681502683945
22.512940804633875,0.0,0.0,1.7435930685698653
22.5635819636665,0.0,0.0,1.7766991812098827
22.587410248109634,0.0,0.0,1.7215222228673202
22.57175973581839,0.0,0.0,1.5670266147771041
22.510721562391055,0.0,0.0,1.3463186254930526
22.405684472675325,0.0,0.0,1.0483629880776937
22.25802412183617,0.0,0.0,0.7062655033434442
22.075987307980405,0.0,0.0,0.3420973677988995
21.87562571953827,0.0,0.0,0.03310619546922395
21.69867005711484,0.0,0.0,0.0
21.553581733851757,0.0,0.0,0.0
21.422202119362453,0.0,0.0,0.0
21.30065179364024,0.0,0.0,0.0
21.184864696803732,0.0,0.0,0.0
21.077442272260292,0.0,0.0,0.0
20.976501891332404,0.0,0.0,0.0
20.879592305030428,0.0,0.0,0.0
20.78194288875406,0.0,0.0,0.0
20.694945900320516,0.0,0.0,0.0772477894281892
20.657910576235455,0.0,0.0,0.4193451718440075
20.673242471117515,0.0,0.0,0.7724779624941794
20.71889223864852,0.0,0.0,1.1145752133577291
20.794679723714168,0.0,0.0,1.3904601609843432
20.912907544129467,0.0,0.0,1.6111681502683945
21.051787739342405,0.0,0.0,1.732557801632393
21.171587473862644,0.0,0.0,1.7766991812098827
21.224353788399284,0.0,0.0,1.7104869559298472
21.1765521052795,0.0,0.0,1.5670266147771041
21.06756400951199,0.0,0.0,1.3352832026417805
20.944237954144754,0.0,0.0,1.0373275652264211
20.83210712523627,0.0,0.0,0.6952300804921716
20.712318461315768,0.0,0.0,0.3310619839260769
20.570376661674196,0.0,0.0,0.02207079697948263
20.432327791328618,0.0,0.0,0.0
20.29847332987837,0.0,0.0,0.0
20.169372304023113,0.0,0.0,0.0
20.051295786902006,0.0,0.0,0.0
19.934603553424147,0.0,0.0,0.0
19.81362126886761,0.0,0.0,0.0
19.68513146927946,0.0,0.0,0.0
19.55464872668134,0.0,0.0,0.0
19.429975940877682,0.0,0.0,0.0
19.337016295215786,0.0,0.0,0.16553099196303844
19.366557559828337,0.0,0.0,0.9600796832244132
19.51611779175961,0.0,0.0,1.7987700269124283
19.676830355188375,0.0,0.0,2.1829380506910248
19.93704228864326,0.0,0.0,3.125020858785217
20.180184510371397,0.0,0.0,2.8327383097745313
20.45242938420487,0.0,0.0,3.4540797126721126
20.681836204782073,0.0,0.0,2.791955900733759
20.636748401838936,0.0,0.0,1.7104869559298472
20.559140589375005,0.0,0.0,1.5559911919258316
20.486484894678785,0.0,0.0,1.3242479357043075
20.38442358636551,0.0,0.0,1.0262921423751485
20.297749895335787,0.0,0.0,0.684194735597799
20.202520676708918,0.0,0.0,0.32002656107480437
20.076190268125337,0.0,0.0,0.02207079697948263
19.936984170273547,0.0,0.0,0.0
19.801183971215394,0.0,0.0,0.0
19.685807731973583,0.0,0.0,0.0
19.606233326576337,0.0,0.0,0.0
19.551311788216136,0.0,0.0,0.0
19.49929772347568,0.0,0.0,0.0
19.437176496695724,0.0,0.0,0.0
19.3654622733333,0.0,0.0,0.0
19.285508146727867,0.0,0.0,0.0
19.21050948683789,0.0,0.0,0.0662123909384479
19.198089574483234,0.0,0.0,0.3972743261414623
19.27108351104619,0.0,0.0,0.7614425396429071
19.491748001409537,0.0,0.0,1.7215222228673202
19.82331419484629,0.0,0.0,2.4699828396447696
20.385691030008463,0.0,0.0,4.654622634650388
21.25978765593116,0.0,0.0,7.2463385151258075
21.346622249383273,0.0,0.0,2.8664834083081634
21.275037207583207,0.0,0.0,3.7279795308064196
21.403348866242332,0.0,0.0,2.44985841599951
21.17942846723913,0.0,0.0,1.3132125128530354
21.234428698846134,0.0,0.0,1.7766991812098827
21.281765027619752,0.0,0.0,1.1829019930022586
21.23752587272336,0.0,0.0,0.7432326276672201
21.127323842088614,0.0,0.0,0.02207079697948263
20.972655487764534,0.0,0.0,0.0
20.842359454248612,0.0,0.0,0.0
20.685692134198835,0.0,0.0,0.0
20.53390869291211,0.0,0.0,0.0
20.380010911635956,0.0,0.0,0.0
20.247919024078666,0.0,0.0,0.0
20.149136547492986,0.0,0.0,0.0
20.06202011763184,0.0,0.0,0.0
19.938411886847373,0.0,0.0,0.0
19.819281256201428,0.0,0.0,0.3021671813963501
19.751405090969264,0.0,0.0,0.7164189056281973
19.844154039464055,0.0,0.0,1.3072816424298717
20.260691610167292,0.0,0.0,2.4719763738661045
21.160016649724234,0.0,0.0,5.512680405429313
22.017733806759136,0.0,0.0,5.55541936597407
22.99745356479165,0.0,0.0,8.384446648688117
23.606643835331184,0.0,0.0,5.599867919555119
24.137224874230714,0.0,0.0,7.963585650336627
24.563670050393604,0.0,0.0,5.539888960945116
24.436315114929883,0.0,0.0,4.305181876399218
24.38701371790593,0.0,0.0,2.821664698723759
24.091358608558934,0.0,0.0,1.2016803824223359
23.86017646519774,0.0,0.0,0.47051711171220933
23.63223218665827,0.0,0.0,0.02207079697948263
23.389371939377497,0.0,0.0,0.0
23.18088934424488,0.0,0.0,0.0
22.96228975851951,0.0,0.0,0.0
22.764245545076612,0.0,0.0,0.0
22.57790728425139,0.0,0.0,0.0
22.390748875833005,0.0,0.0,0.0
22.19319230773026,0.0,0.0,0.0
21.99423757179992,0.0,0.0,0.0
21.80778029830267,0.0,0.0,0.0
21.66339810817691,0.0,0.0,0.11035399464202564
21.652942615224642,0.0,0.0,0.7283363490459894
21.775476908632157,0.0,0.0,1.4641852236289974
22.093021696513276,0.0,0.0,2.806424547302339
22.71300866877373,0.0,0.0,4.844728893815475
23.549262120993085,0.0,0.0,6.833105242098693
24.406091524300066,0.0,0.0,7.858693272657343
24.902883761349848,0.0,0.554980652826392,8.148971088154033
25.0,0.0,1.2369785647456915,7.663656210396447
25.0,0.0,1.2795294860504267,5.602766886316751
25.0,0.0,1.3114022843570516,4.683327088869907
25.0,0.0,0.8278624934299943,2.5438765837082986
25.0,0.0,0.199628018876473,0.9421616382249355
24.965322548138637,0.0,0.0,0.6893854712021238
24.734140376115114,0.0,0.0,0.011035398489741315
24.4729870041198,0.0,0.0,0.0
24.307645877234606,0.0,0.0,0.0
24.15025933256306,0.0,0.0,0.0
24.04359195853963,0.0,0.0,0.0
23.94561737956493,0.0,0.0,0.0
23.844446288374307,0.0,0.0,0.0
23.721846002901586,0.0,0.0,0.0
23.585481642213885,0.0,0.0,0.0
23.458350550001192,0.0,0.0,0.0
23.356043714391014,0.0,0.0,0.044141598831271514
23.31612513614295,0.0,0.0,0.3752035583958172
23.353238889817558,0.0,0.0,0.7393717718972619
23.41255461158334,0.0,0.0,1.0704335999095387
23.478710821135532,0.0,0.0,1.3573540483443256
23.576328515920075,0.0,0.0,1.5670266147771041
23.685860673704777,0.0,0.0,1.6994513771647748
23.79028110948559,0.0,0.0,1.732557801632393
23.884691470769738,0.0,0.0,1.6663451086109575
23.949255158652406,0.0,0.0,1.5118496564345412
23.944214845705275,0.0,0.0,1.2801062442992175
23.82390443184094,0.0,0.0,0.9821505289269584
23.588551080052362,0.0,0.0,0.6400531221496087
23.290837355500077,0.0,0.0,0.2648495637537916
23.02191162951314,0.0,0.0,0.011035398489741315
22.859060624724407,0.0,0.0,0.0
22.759670425546354,0.0,0.0,0.0
22.660415105502725,0.0,0.0,0.0
22.539456046455484,0.0,0.0,0.0
22.40420436701018,0.0,0.0,0.0
22.275882486268003,0.0,0.0,0.0
22.16156856112146,0.0,0.0,0.0
22.055577518597154,0.0,0.0,0.0
21.937645544819215,0.0,0.0,0.0
21.81007844763971,0.0,0.0,0.04414159395896526
21.718184669424137,0.0,0.0,0.3641681745229947
21.682948414815975,0.0,0.0,0.7283363490459894
21.68952461896671,0.0,0.0,1.0593982550151664
21.727375125056167,0.0,0.0,1.3463186254930526
21.774155247776218,0.0,0.0,1.5559911919258316
21.821764652403953,0.0,0.0,1.6884161102273025
21.860750422661464,0.0,0.0,1.7215222228673202
21.878316513025908,0.0,0.0,1.6553098416734846
21.87399840092536,0.0,0.0,1.5008142335832688
21.85598277697851,0.0,0.0,1.2690708994048447
21.893114502931944,0.0,0.0,1.5228850792858142
21.896075384625522,0.0,0.0,1.081469100717711
21.787543463820136,0.0,0.0,0.45245136244092515
21.623315175863823,0.0,0.0,0.011035398489741315
21.456928158731102,0.0,0.0,0.0
21.31040578312948,0.0,0.0,0.0
21.1590981321025,0.0,0.0,0.0
21.033705681737157,0.0,0.0,0.0
20.920184958451152,0.0,0.0,0.0
20.80430597364002,0.0,0.0,0.0
20.687630633308494,0.0,0.0,0.0
20.56864036355522,0.0,0.0,0.0
20.449358143206336,0.0,0.0,0.0
20.351140989497242,0.0,0.0,0.0662123909384479
20.33114566144775,0.0,0.0,0.3641681745229947
20.421281882251453,0.0,0.0,0.7173009261947166
20.675839578826963,0.0,0.0,1.6663451086109575
21.02375756168708,0.0,0.0,2.3174187126275143
21.49565511379947,0.0,0.0,3.8845691015934856
22.525922168118004,0.0,0.0,8.587833616341653
23.145039397302984,0.0,0.0,6.550689176475813
23.366164566741013,0.0,0.0,6.473445639321172
23.93927057005093,0.0,0.0,7.091905113645973
24.071730676666313,0.0,0.0,4.609280477882321
23.707371353788897,0.0,0.0,1.7239396744690965
23.348568757900345,0.0,0.0,1.0027312953559075
23.07822663136978,0.0,0.0,0.48555755303784287
22.761415609328807,0.0,0.0,0.0
22.51704786342087,0.0,0.0,0.0
22.347767366791825,0.0,0.0,0.0
22.21087173352823,0.0,0.0,0.0
22.10383158993706,0.0,0.0,0.0
22.001993704234533,0.0,0.0,0.0
21.890260090335772,0.0,0.0,0.0
21.75028832732816,0.0,0.0,0.0
21.591993461917788,0.0,0.0,0.0
21.432852580453655,0.0,0.0,0.0
21.300516462705446,0.0,0.0,0.05517699732101282
21.301999594609804,0.0,0.0,0.6731593127465263
21.426801261450784,0.0,0.0,1.2580354765535724
21.62769847679395,0.0,0.0,1.8429117183175185
21.879797135685664,0.0,0.0,2.10776124309286
22.156757441119318,0.0,0.0,2.438822993148237
22.471057229053933,0.0,0.0,2.7107424556260677
23.208447692693753,0.0,0.0,6.012667801999842
23.855807574904784,0.0,0.0,5.368455538095269
24.302004191434037,0.0,0.0,6.147067875388333
24.657726343083645,0.0,0.0,4.886783641088507
24.51683517712559,0.0,0.0,2.7181564424315
24.21907320592007,0.0,0.0,1.1145752133577291
23.931195424232847,0.0,0.0,0.46348678529219767
23.678635645092825,0.0,0.0,0.0
23.47488039706725,0.0,0.0,0.0
23.337549718402357,0.0,0.0,0.0
23.193052519396126,0.0,0.0,0.0
23.056560663724255,0.0,0.0,0.0
22.928203061258714,0.0,0.0,0.0
22.810937162956197,0.0,0.0,0.0
22.70266796445279,0.0,0.0,0.0
22.592626574883518,0.0,0.0,0.0
22.451450249877738,0.0,0.0,0.0
22.296698913961514,0.0,0.0,0.05517699732101282
22.242921638387628,0.0,0.0,0.4796617992210968
22.396411520780767,0.0,0.0,1.2818895440544322
22.939222136987702,0.0,0.0,3.326736857140184
23.84178126982219,0.0,0.0,5.753560938334423
24.667872267618442,0.0,0.1054473775091416,6.666964108004142
25.0,0.0,1.193291222503758,8.105057568774976
25.0,0.0,2.1548334051155043,8.286617259822531
25.0,0.0,2.2966904063560083,6.421470712692579
25.0,0.0,2.2754843968131575,5.159575647583958
25.0,0.0,2.2023825239034016,4.288175518278919
25.0,0.0,1.7518804531016696,2.418623723380384
25.0,0.0,1.231028613821149,1.0181992298306333
25.0,0.0,0.9185275215897936,0.43602442443921874
25.0,0.0,0.5721337518326941,0.0
25.0,0.0,0.33816171194373357,0.0
25.0,0.0,0.10958260948071256,0.0
24.943342799870237,0.0,0.0,0.0
24.79509766276354,0.0,0.0,0.0
24.624022743960452,0.0,0.0,0.0
24.466385514376306,0.0,0.0,0.0
24.30848031556502,0.0,0.0,0.0
24.138019631245285,0.0,0.0,0.0
23.926241736613832,0.0,0.0,0.0
23.699683900830667,0.0,0.0,0.11648059428465271
23.55515646626399,0.0,0.0,0.4745417735299561
23.643025180954574,0.0,0.0,1.2516537443579623
24.116591292810952,0.0,0.0,2.790002869701806
24.731623464914115,0.0,0.36183638873860113,4.613681686327064
25.0,0.0,1.4156535264524508,5.8840550482709615
25.0,0.0,2.9440341583856044,8.135798285200748
25.0,0.0,3.910411035272191,8.365680985606627
25.0,0.0,4.4538989089220475,7.869401370554129
25.0,0.0,4.413324107941687,6.165575270178152
25.0,0.0,4.252031224034088,4.890762929732152
25.0,0.0,3.6845633600657313,2.6450636473674103
25.0,0.0,3.030264052627859,0.9558306825084096
25.0,0.0,2.657148042826221,0.45950251627999655
25.0,0.0,2.1302694642557776,0.0
25.0,0.0,1.6653274455520861,0.0
25.0,0.0,1.2074457165322705,0.0
25.0,0.0,0.789815700777698,0.0
25.0,0.0,0.4796812165968246,0.0
25.0,0.0,0.2213356294305332,0.0
24.99152804278294,0.0,0.0,0.0
24.88073785391428,0.0,0.0,0.0
24.69880805918601,0.0,0.0,0.0
24.509167830643392,0.0,0.0,0.0
24.308905555616576,0.0,0.0,0.07718566361863527
24.199833348622246,0.0,0.0,0.4449630256806155
24.307982601710037,0.0,0.0,1.3067705873383328
24.717485226115645,0.0,0.23226175514066805,3.367365901870352
25.0,0.0,1.227182056910832,5.218206531519739
25.0,0.0,2.6723804904856254,7.191963042275864
25.0,0.0,3.9062528744546903,8.159020417852155
25.0,0.0,4.490880382062694,7.208705724204361
25.0,0.0,5.1407820959398025,7.506856336799483
25.0,0.0,5.36018301404099,6.695695387995296
25.0,0.0,4.959939566680356,4.479740768881328
25.0,0.0,4.334820901544162,2.5608462260309888
25.0,0.0,3.5627378618638366,0.8943496398752331
25.0,0.0,3.067193362391457,0.42421265205141306
25.0,0.0,2.563949345226477,0.0
25.0,0.0,2.2210821994707013,0.0
25.0,0.0,1.8822192627290981,0.0
25.0,0.0,1.5403244434967363,0.0
25.0,0.0,1.1940598326509806,0.0
25.0,0.0,0.8689159646091785,0.0
25.0,0.0,0.6161481772000197,0.0
25.0,0.0,0.3978984401943146,0.0
25.0,0.0,0.17597451356723873,0.0
24.950965726874294,0.0,0.0,0.0
24.77884390400272,0.0,0.0,0.03310619546922395
24.647389323759246,0.0,0.0,0.5178870602894942
24.741846758906405,0.0,0.0,1.5050201889207553
24.922335612275585,0.0,0.2457287663100982,2.3949009886684847
25.0,0.0,1.6361702635991564,5.690704450972832
25.0,0.0,2.735407227722252,6.471408592487344
25.0,0.0,4.042266327798327,8.016365600223246
25.0,0.0,4.603542871138715,6.9869827504713955
25.0,0.0,5.368218301091668,8.091948711509149
25.0,0.0,5.067897316932826,5.906393356960572
25.0,0.0,4.109504584355309,2.7733381458420228
25.0,0.0,3.4052518844921,1.4125310066868884
25.0,0.0,2.8720441242433945,0.5517699732101282
25.0,0.0,2.4902223221811197,0.2869203704778867
25.0,0.0,2.1476448202503766,0.0
25.0,0.0,1.8286243221676706,0.0
25.0,0.0,1.518886349547053,0.0
25.0,0.0,1.2220380803587694,0.0
25.0,0.0,0.9434048725209383,0.0
25.0,0.0,0.6864284389483267,0.0
25.0,0.0,0.45206327088372034,0.0
25.0,0.0,0.22280657425091904,0.0
24.992486676110396,0.0,0.0,0.0
24.859741113622825,0.0,0.0,0.0
24.652386728077857,0.0,0.0,0.06542640944650455
24.530611312705332,0.0,0.0,0.46852355531024154
24.608879025972676,0.0,0.0,1.4100934769728009
24.863400003832773,0.0,0.39529078684008306,3.288865824028001
25.0,0.0,1.4413344338025813,5.336615073796036
25.0,0.0,2.82487196381317,7.289971261449171
25.0,0.0,4.051246691433674,8.255154098321695
25.0,0.0,5.01855429321922,8.483392612597873
25.0,0.0,5.477827907310865,7.672129831929609
25.0,0.0,5.104596007813872,5.124265084416923
25.0,0.0,4.601133350412662,3.434262336079792
25.0,0.0,4.195846282195578,2.5532593202559193
25.0,0.0,3.506734439509762,1.0078894114822974
25.0,0.0,3.004893673080264,0.3438393434259146
25.0,0.0,2.548896453810804,0.0
25.0,0.0,2.2006417184294698,0.0
25.0,0.0,1.873458242712861,0.0
25.0,0.0,1.5654688316668357,0.0
25.0,0.0,1.2917553986692898,0.0
25.0,0.0,1.0645594541784764,0.0
25.0,0.0,0.8967680018122984,0.0
25.0,0.0,0.7427515791859008,0.0
25.0,0.0,0.5786471392554733,0.0
25.0,0.0,0.30086217569154944,0.0
24.994751221459094,0.0,0.0,0.022070799415635757
24.91792756479579,0.0,0.0,0.4464235074772081
24.923176343336696,0.0,0.1227318962624526,1.4110315352217901
25.0,0.0,0.9167312634515676,3.494819437214332
25.0,0.0,1.903102407270651,4.998446346325812
25.0,0.0,3.20930469404712,7.218670189664185
25.0,0.0,4.312388757922122,8.279173192975401
25.0,0.0,4.687979582976517,7.056644777613145
25.0,0.0,5.403126604837162,8.014998924106541
25.0,0.0,5.232736474302194,5.890672412761051
25.0,0.0,5.009582143575559,4.7507378138645535
25.0,0.0,4.252058332013686,2.246324238514684
25.0,0.0,3.5576067946452046,0.8986811034693282
25.0,0.0,3.0098506091518273,0.28774317041692193
25.0,0.0,2.560302773948141,0.0
25.0,0.0,2.1935255115969063,0.0
25.0,0.0,1.8307055197843551,0.0
25.0,0.0,1.5147041988321224,0.0
25.0,0.0,1.2449722225491375,0.0
25.0,0.0,1.0156907919753495,0.0
25.0,0.0,0.790079551543143,0.0
25.0,0.0,0.5562974212317526,0.0
25.0,0.0,0.31867567009223824,0.0
25.0,0.0,0.08511907387222487,0.0
24.95427670313753,0.0,0.0,0.02207079697948263
24.95427670313753,0.0,0.015195275291536949,0.5186637826132106
25.0,0.0,0.17112368111822837,0.9909365274416196
25.0,0.0,0.8920615497025655,2.7818170874516195
25.0,0.0,1.3736816682986035,3.1329572398134817
25.0,0.0,2.395377568527571,5.451527991418991
25.0,0.0,3.4733722149809183,7.44362031487692
25.0,0.0,3.123839701429784,4.4291549897187
25.0,0.0,2.5793217833814803,2.4766164595836018
25.0,0.0,2.275818938037062,2.2291504267154583
25.0,0.0,1.7196848084492942,1.1697522496571922
25.0,0.0,1.272866907900364,0.8607611114336601
25.0,0.0,0.8239256525327476,0.5076283597619381
25.0,0.0,0.3911636509997576,0.14346018523894336
25.0,0.0,0.05348202930585507,0.0
24.924511938199224,0.0,0.0,0.0
24.798800823421242,0.0,0.0,0.0
24.69522925994804,0.0,0.0,0.0
24.592491104284665,0.0,0.0,0.0
24.49268010301553,0.0,0.0,0.0
24.38006771522168,0.0,0.0,0.0
24.256426277386844,0.0,0.0,0.0
24.130059425733382,0.0,0.0,0.0
23.997640255550863,0.0,0.0,0.0
23.879054091088626,0.0,0.0,0.02207079697948263
23.83608758345457,0.0,0.0,0.49659297588911533
23.878960713054997,0.0,0.0,1.1256106362090015
23.975549713293965,0.0,0.0,1.7215222228673202
24.08333669021724,0.0,0.0,1.9974071704939342
24.21737807818095,0.0,0.0,2.328469232376911
24.46709572969634,0.0,0.0,3.100996818081298
24.81436308368819,0.0,0.5739379600967691,5.901667460884063
25.0,0.0,0.5174882663953597,4.195794014309303
25.0,0.0,1.48795132492791,6.528143134950393
25.0,0.0,0.6586319409446636,2.0824889485128897
25.0,0.0,0.30919234560404013,1.4897789666457963
24.95262844136394,0.0,0.0,0.7835133073885521
24.70287812465733,0.0,0.0,0.1324247818768958
24.399141929424097,0.0,0.0,0.0
24.16619299458393,0.0,0.0,0.0
23.918085051069053,0.0,0.0,0.0
23.688397088219197,0.0,0.0,0.0
23.46967185797223,0.0,0.0,0.0
23.27532927729907,0.0,0.0,0.0
23.12334609130958,0.0,0.0,0.0
23.014734104770334,0.0,0.0,0.0
22.92430582165313,0.0,0.0,0.0
22.808542995242647,0.0,0.0,0.0
22.66350955414792,0.0,0.0,0.011035398489741315
22.55225569576906,0.0,0.0,0.2758849866050641
22.536376225491225,0.0,0.0,0.6400531221496087
22.608349218465797,0.0,0.0,0.9711151060756857
22.71922816787115,0.0,0.0,1.2580354765535724
22.828002001288226,0.0,0.0,1.467708120943251
22.9033271767359,0.0,0.0,1.5890973045658492
22.954466533254802,0.0,0.0,1.6111681502683945
23.000938194561698,0.0,0.0,1.5449559249883589
23.054323909046374,0.0,0.0,1.3904601609843432
23.095855356313393,0.0,0.0,1.1476814819115468
23.085107038026266,0.0,0.0,0.838690343688015
23.01352752279142,0.0,0.0,0.48555755303784287
22.904689431052816,0.0,0.0,0.12138938825946072
22.81668150250477,0.0,0.0,0.0
22.77432145295597,0.0,0.0,0.0
22.739203380612082,0.0,0.0,0.0
22.671993014252294,0.0,0.0,0.0
22.553365287315533,0.0,0.0,0.0
22.406172297464128,0.0,0.0,0.0
22.268831304699425,0.0,0.0,0.0
22.161255928210345,0.0,0.0,0.0
22.06781136146755,0.0,0.0,0.0
21.95174392006071,0.0,0.0,0.0
21.819038873698624,0.0,0.0,0.011035398489741315
21.718122723163013,0.0,0.0,0.2648495637537916
21.695776415835386,0.0,0.0,0.6290177382767862
21.75464261239692,0.0,0.0,0.9600796832244132
21.86016026517046,0.0,0.0,1.2470000537022998
22.094059518319195,0.0,0.0,2.3063983866743656
22.414749198345863,0.0,0.0,3.0129908684509084
22.64937151468965,0.0,0.0,2.9264415512972954
23.3720898938625,0.0,0.0,6.676976824579233
23.889859863537957,0.0,0.0,4.784791514299891
24.039958753123166,0.0,0.0,4.92907266830857
23.933849829475754,0.0,0.0,2.3968337581547106
23.319115211960337,0.0,0.0,0.7751437643184175
22.812150508914694,0.0,0.0,0.19863716307073115
22.39666395841762,0.0,0.0,0.0
22.1731959448164,0.0,0.0,0.0
22.039134218849647,0.0,0.0,0.0
21.911587601809433,0.0,0.0,0.0
21.75332788761525,0.0,0.0,0.0
21.576369345228738,0.0,0.0,0.0
21.421952933788184,0.0,0.0,0.0
21.304820587685786,0.0,0.0,0.0
21.20832173349941,0.0,0.0,0.0
21.10845062512918,0.0,0.0,0.0
20.99150799058365,0.0,0.0,0.011035398489741315
20.941555316184065,0.0,0.0,0.46348678529219767
21.00405788736533,0.0,0.0,1.081469100717711
21.140544689135297,0.0,0.0,1.67738068737603
21.296434620947146,0.0,0.0,1.9532656350026438
21.435360244086482,0.0,0.0,2.284327540971821
21.546594360239155,0.0,0.0,2.4353331965262868
21.642711578370545,0.0,0.0,2.654080646717697
21.717803302769724,0.0,0.0,2.533877527944286
22.128416751659216,0.0,0.0,5.077331590982506
22.149050784879208,0.0,0.0,1.9288229673696178
21.85766757182609,0.0,0.0,1.7095752312292019
21.712109580575138,0.0,0.0,0.7069698741084223
21.37578180393742,0.0,0.0,0.19863716307073115
21.12926761350144,0.0,0.0,0.0
20.888865896986818,0.0,0.0,0.0
20.67479917404478,0.0,0.0,0.0
20.45877190564756,0.0,0.0,0.0
20.244753540900863,0.0,0.0,0.0
20.036084233770303,0.0,0.0,0.0
19.848578786122083,0.0,0.0,0.0
19.674164799007837,0.0,0.0,0.0
19.496833086200567,0.0,0.0,0.0
19.29149153853927,0.0,0.0,0.0
19.0649083244278,0.0,0.0,0.0
18.904710379360395,0.0,0.0,0.3458244211076082
18.990775177228038,0.0,0.0,1.352075363354831
19.552295817672952,0.0,0.0,3.9958138086203054
20.180957420857226,0.0,0.0,4.6509493241734905
20.738807064801048,0.0,0.0,5.765756937333603
21.561079502482063,0.0,0.0,8.247166092947197
22.00238342343988,0.0,0.0,6.7005119025339805
22.39127552718686,0.0,0.0,7.98653610744162
22.74500128124631,0.0,0.0,6.526242114199834
22.42088995735308,0.0,0.0,2.949869175042147
22.19354792168461,0.0,0.0,2.613662405721163
21.944512628722336,0.0,0.0,0.816113144083558
21.54057483753418,0.0,0.0,0.16553099196303844
21.253244171860715,0.0,0.0,0.0
20.93370668444022,0.0,0.0,0.0
20.627198067447967,0.0,0.0,0.0
20.34284477513623,0.0,0.0,0.0
20.120078837574383,0.0,0.0,0.0
19.941017866815475,0.0,0.0,0.0
19.773132693921355,0.0,0.0,0.0
19.59380727624256,0.0,0.0,0.0
19.385596786824383,0.0,0.0,0.0
19.141704541157896,0.0,0.0,0.0
18.875780563962127,0.0,0.0,0.0
18.67282446336893,0.0,0.0,0.3436523083072162
18.735915968856574,0.0,0.0,1.5115827594769644
19.189527469223624,0.0,0.0,3.5388202992668862
19.98357795533142,0.0,0.0,5.820776941839497
20.97713123099023,0.0,0.0,7.632431544969082
21.96628802606923,0.0,0.0,8.425385872360748
22.548380907387973,0.0,0.0,6.393738589819271
23.07314586739543,0.0,0.0,7.190650472079153
23.425759811147504,0.0,0.0,5.579750872406219
23.278152747090147,0.0,0.0,3.5358055050679535
23.0728204798585,0.0,0.0,2.235462896468068
22.78456740500875,0.0,0.0,0.9427108655389975
22.467048400935006,0.0,0.0,0.1324247818768958
22.237434914236403,0.0,0.0,0.0
22.063328532628248,0.0,0.0,0.0
21.89365812775383,0.0,0.0,0.0
21.748593893745664,0.0,0.0,0.0
21.643584352430974,0.0,0.0,0.0
21.58263418241096,0.0,0.0,0.0
21.561589858022952,0.0,0.0,0.0
21.575765082511904,0.0,0.0,0.0
21.6081171607932,0.0,0.0,0.0
21.626277035121838,0.0,0.0,0.0
21.608839353548966,0.0,0.0,0.0
21.630965460847627,0.0,0.0,0.4083097489927349
21.70421334257397,0.0,0.0,0.5959115476798684
21.804518203747293,0.0,0.0,0.9269735705843953
21.94102829980494,0.0,0.0,1.213893863105382
22.079676926097974,0.0,0.0,1.4125310066868884
22.336294032602076,0.0,0.0,2.438822993148237
22.590230536984365,0.0,0.0,2.5238443868647598
22.779850193323135,0.0,0.0,2.7500937190137544
22.888194004395295,0.0,0.0,2.0967259761553874
22.81816831145827,0.0,0.0,1.081469100717711
22.747857417270794,0.0,0.0,0.7724779624941794
22.683238663401426,0.0,0.0,0.4193451718440075
22.573821258979144,0.0,0.0,0.0772477894281892
22.465543684963507,0.0,0.0,0.0
22.36923211343485,0.0,0.0,0.0
22.27458558731962,0.0,0.0,0.0
22.18344739699712,0.0,0.0,0.0
22.110488827364673,0.0,0.0,0.0
22.04478395782634,0.0,0.0,0.0
21.973152488006086,0.0,0.0,0.0
21.897335813034815,0.0,0.0,0.0
21.814731393079192,0.0,0.0,0.0
21.734972791435613,0.0,0.0,0.0
21.670479220871112,0.0,0.0,0.0
21.68499248017892,0.0,0.0,0.29071792391024237
21.974092753010936,0.0,0.0,1.5670999271377581
22.549538406986066,0.0,0.0,3.1368429853547473
23.386815022787452,0.0,0.0,5.547279506076268
24.256967009101565,0.0,0.0,6.678262673005491
24.808781648564608,0.0,0.10437301965759414,6.589709458020924
25.0,0.0,1.3790128655176928,9.21452876636707
25.0,0.0,1.8894120679643998,8.253431979980283
25.0,0.0,1.9662763653361532,6.8447962731741825
25.0,0.0,1.2315220669668068,3.455887074434343
25.0,0.0,0.7192279902423373,2.067907503610615
25.0,0.0,0.17513774159299725,0.9255237104284478
24.848127582766804,0.0,0.0,0.09931858153536557
24.613231117061375,0.0,0.0,0.0
24.44309147236334,0.0,0.0,0.0
24.27902248218747,0.0,0.0,0.0
24.126854120396956,0.0,0.0,0.0
23.99027618889445,0.0,0.0,0.0
23.866079568223775,0.0,0.0,0.0
23.754808535374927,0.0,0.0,0.0
23.65195859993819,0.0,0.0,0.0
23.54168628964205,0.0,0.0,0.0
23.42596988028871,0.0,0.0,0.0
23.287420896151634,0.0,0.0,0.0
23.179121149907864,0.0,0.0,0.3752035194173672
23.175750985838604,0.0,0.0,1.0152567195238762
23.277852945988833,0.0,0.0,1.8186417171864824
23.441322002614527,0.0,0.0,2.31198548450656
23.630247130106795,0.0,0.0,2.3595448555610474
23.861135679541647,0.0,0.0,2.4057170364220197
23.99624788175623,0.0,0.0,1.5449559249883589
24.068636202089444,0.0,0.0,1.467708120943251
24.114941688891577,0.0,0.0,1.3021770900017624
24.041809022846905,0.0,0.0,1.0593982550151664
23.88064220271898,0.0,0.0,0.7504071167916344
23.639934658843735,0.0,0.0,0.3972743261414623
23.357241135206827,0.0,0.0,0.05517699732101282
23.09174629870111,0.0,0.0,0.0
22.8749639337796,0.0,0.0,0.0
22.685010507587307,0.0,0.0,0.0
22.515590905079126,0.0,0.0,0.0
22.350106539212863,0.0,0.0,0.0
22.179941731269523,0.0,0.0,0.0
21.991991024787872,0.0,0.0,0.0
21.77669463677737,0.0,0.0,0.0
21.551334520733615,0.0,0.0,0.0
21.337067903247025,0.0,0.0,0.0
21.146376010128737,0.0,0.0,0.0
21.031903831292063,0.0,0.0,0.3140947815747778
20.984633792056492,0.0,0.0,0.5630830785392278
20.98232873235,0.0,0.0,0.9053493399619936
21.020604357425547,0.0,0.0,1.181370400336021
21.05947709590466,0.0,0.0,1.39114649353201
21.080926469261076,0.0,0.0,1.5015549800471408
21.08256614624575,0.0,0.0,1.53467746363616
21.071371291014845,0.0,0.0,1.4573916166238485
21.043043097814635,0.0,0.0,1.291778886851152
20.990444298971774,0.0,0.0,1.048880388023044
20.888384541872654,0.0,0.0,0.7286958083119243
20.72204968182291,0.0,0.0,0.3753887450117852
20.51656628276062,0.0,0.0,0.04416338291251737
20.33231313615427,0.0,0.0,0.0
20.176112872344312,0.0,0.0,0.0
20.031001844150186,0.0,0.0,0.0
19.898346017373225,0.0,0.0,0.0
19.767833952751978,0.0,0.0,0.0
19.638096745897787,0.0,0.0,0.0
19.50651451487919,0.0,0.0,0.0
19.36381870188171,0.0,0.0,0.0
19.198714365413405,0.0,0.0,0.0
18.99984731312425,0.0,0.0,0.0
18.770761330604877,0.0,0.0,0.0
18.5857155762074,0.0,0.0,0.3880491413455845
18.544442258518224,0.0,0.0,1.1662886309785434
18.679431439756762,0.0,0.0,2.183921194644195
18.94190137367231,0.0,0.0,2.9561800082728173
19.361896523416164,0.0,0.0,3.9016358734731265
19.86585962527883,0.0,0.0,4.241983306569092
20.687816912252643,0.0,0.0,6.961598084457555
21.40490923107768,0.0,0.0,6.500695610640646
21.879392144758732,0.0,0.0,7.291147321597688
22.047898543564614,0.0,0.0,5.135312968350734
21.648694056293444,0.0,0.0,2.664219444031523
21.1097987201206,0.0,0.0,0.7819278928076132
20.58412598042132,0.0,0.0,0.06626181256786129
20.23856234388358,0.0,0.0,0.0
20.013376861640893,0.0,0.0,0.0
19.83563749247499,0.0,0.0,0.0
19.654149061610138,0.0,0.0,0.0
19.440264793042424,0.0,0.0,0.0
19.20125222875563,0.0,0.0,0.0
18.96089315794638,0.0,0.0,0.0
18.733514129637854,0.0,0.0,0.0
18.517828933071115,0.0,0.0,0.0
18.298194548000012,0.0,0.0,0.0
18.07771775002193,0.0,0.0,0.0
17.944751469698062,0.0,0.0,0.3840201279072581
17.939918081767978,0.0,0.0,1.0561371080407043
18.068471219030616,0.0,0.0,1.9243874361102906
18.8135409658259,0.0,0.0,6.215165416870507
19.857510574434713,0.0,0.0,8.092915016921046
20.59613857117066,0.0,0.0,7.952389759924509
21.155459325550368,0.0,0.0,7.19111619408189
21.846271345883345,0.0,0.0,8.614688211424347
22.231580175820547,0.0,0.0,6.586813464599687
22.194735679302788,0.0,0.0,5.226152503590842
21.958217110107384,0.0,0.0,2.8372849129918216
21.409979408893587,0.0,0.0,0.7934260676717031
20.932457925430167,0.0,0.0,0.05334709993343751
20.60603109765175,0.0,0.0,0.0
20.373380943145616,0.0,0.0,0.0
20.165468562860774,0.0,0.0,0.0
19.97073061300234,0.0,0.0,0.0
19.77153232452628,0.0,0.0,0.0
19.567122603104206,0.0,0.0,0.0
19.367837625476586,0.0,0.0,0.0
19.17139292889809,0.0,0.0,0.0
18.978038109354483,0.0,0.0,0.0
18.79267142684467,0.0,0.0,0.0
18.617447895173648,0.0,0.0,0.0
18.497611425313337,0.0,0.0,0.3564838193625549
18.49899952848528,0.0,0.0,1.058197894240109
18.61546453455481,0.0,0.0,1.9849419474486831
18.836999263253826,0.0,0.0,2.8810122592140512
19.18307418445753,0.0,0.0,3.586394224190231
19.612779017538806,0.0,0.0,3.9967170683186146
20.69765337023954,0.0,0.0,8.979789624894746
21.536793959145985,0.0,0.0,7.196963201196815
21.83722833575952,0.0,0.0,6.969473684182486
21.972452313336742,0.0,0.0,4.5693172624748435
21.62263890443677,0.0,0.0,2.3078297980161686
21.222102855072443,0.0,0.0,0.7734520665054543
20.8044611433153,0.0,0.0,0.04187820984042615
20.50701361983814,0.0,0.0,0.0
20.27774374911428,0.0,0.0,0.0
20.058869296578038,0.0,0.0,0.0
19.84663198655331,0.0,0.0,0.0
19.634849810165232,0.0,0.0,0.0
19.429035021697306,0.0,0.0,0.0
19.227934476737936,0.0,0.0,0.0
19.031458767875186,0.0,0.0,0.0
18.84255527762977,0.0,0.0,0.0
18.65457865414738,0.0,0.0,0.0
18.462704155491075,0.0,0.0,0.0
18.323660001565315,0.0,0.0,0.3620695248997583
18.330240006110515,0.0,0.0,1.2061345753045123
18.438034880120576,0.0,0.0,2.0205682443241106
18.684315225435746,0.0,0.0,3.071770418765254
19.126246523312123,0.0,0.0,3.8197283430603055
19.688228541628195,0.0,0.0,4.364345112489383
20.52588162761563,0.0,0.0,6.396155090224278
21.395447439057012,0.0,0.0,7.237067788625371
21.909598595123015,0.0,0.0,6.843124355655484
21.95529321439775,0.0,0.0,4.575319789651495
21.68446692408318,0.0,0.0,2.6179774834342484
21.275963859693245,0.0,0.0,0.6290177382767862
20.87532990117174,0.0,0.0,0.04414159395896526
20.623172064771055,0.0,0.0,0.0
20.403306920857034,0.0,0.0,0.0
20.20346951625587,0.0,0.0,0.0
20.02145163414683,0.0,0.0,0.0
19.868192858448754,0.0,0.0,0.0
19.724559356400995,0.0,0.0,0.0
19.559817611812505,0.0,0.0,0.0
19.373366128599194,0.0,0.0,0.0
19.19021901051449,0.0,0.0,0.0
19.051067996877585,0.0,0.0,0.0
18.96997966733503,0.0,0.0,0.0
18.967824593104275,0.0,0.0,0.3752035583958172
19.07679762019081,0.0,0.0,1.213893863105382
19.19687299743198,0.0,0.0,1.6884161102273025
19.268055970340995,0.0,0.0,1.7766991812098827
19.449236654785935,0.0,0.0,2.10776124309286
19.763740469587603,0.0,0.0,2.4106076804586736
20.14494630764597,0.0,0.0,2.9383154246627097
20.474360621222637,0.0,0.0,3.1282528357033756
20.520911187176463,0.0,0.0,2.2903133297737672
20.56827860498577,0.0,0.0,2.9928428837589682
20.494002868924213,0.0,0.0,1.683017584060568
20.203703172854894,0.0,0.0,0.6757296160880937
19.967683015726962,0.0,0.0,0.02207079697948263
19.757999627958885,0.0,0.0,0.0
19.5836935725292,0.0,0.0,0.0
19.396088069555617,0.0,0.0,0.0
19.229459382465674,0.0,0.0,0.0
19.085064574681823,0.0,0.0,0.0
18.960016337985046,0.0,0.0,0.0
18.836587274898864,0.0,0.0,0.0
18.70251537928974,0.0,0.0,0.0
18.544985730163226,0.0,0.0,0.0
18.338710842852194,0.0,0.0,0.0
18.093873739245907,0.0,0.0,0.0
17.889555971427434,0.0,0.0,0.2429154799289538
17.913533982059466,0.0,0.0,1.317511777044959
18.490721395838335,0.0,0.0,4.592035995515344
18.683983589650158,0.0,0.0,1.9753363247913887
18.492502983102124,0.0,0.0,1.3242479357043075
18.544204821051796,0.0,0.0,1.445637275240706
18.50124857055659,0.0,0.0,1.4566726980919789
18.467493634296932,0.0,0.0,1.3794248940468705
18.40938446630201,0.0,0.0,1.213893863105382
18.333249553528095,0.0,0.0,0.9711151060756857
18.22333060481583,0.0,0.0,0.6510885450008812
18.071027780636093,0.0,0.0,0.2979557738399342
17.896032954940303,0.0,0.0,0.011035398489741315
17.74806638442984,0.0,0.0,0.0
17.621836150632802,0.0,0.0,0.0
17.49807744899498,0.0,0.0,0.0
17.388033218432057,0.0,0.0,0.0
17.285857351991005,0.0,0.0,0.0
17.184701447829315,0.0,0.0,0.0
17.083049855716858,0.0,0.0,0.0
16.973396576582992,0.0,0.0,0.0
16.85177020256012,0.0,0.0,0.0
16.72274221248568,0.0,0.0,0.0
16.590240187725186,0.0,0.0,0.0
16.478806488809628,0.0,0.0,0.1324247818768958
16.44994453381453,0.0,0.0,0.49659297588911533
16.491917587375315,0.0,0.0,0.8276549208367423
16.56276182519368,0.0,0.0,1.1145752133577291
16.645646438148617,0.0,0.0,1.3132125128530354
16.71449537582878,0.0,0.0,1.4346018523894333
16.764273496636704,0.0,0.0,1.445637275240706
16.785140276308077,0.0,0.0,1.368389471195598
16.768858103616505,0.0,0.0,1.2028585182110099
16.712461419160952,0.0,0.0,0.9490443383300405
16.606033055935058,0.0,0.0,0.6400531221496087
16.455888223185973,0.0,0.0,0.2869203704778867
16.289105913105935,0.0,0.0,0.011035398489741315
16.16280477765595,0.0,0.0,0.0
16.075672575349778,0.0,0.0,0.0
15.991626096478825,0.0,0.0,0.0
15.908221016412128,0.0,0.0,0.0
15.805069318991883,0.0,0.0,0.0
15.692867037207726,0.0,0.0,0.0
15.595735376382972,0.0,0.0,0.0
15.518265215617753,0.0,0.0,0.0
15.446784962244008,0.0,0.0,0.0
15.352413547606307,0.0,0.0,0.0
15.238909970741297,0.0,0.0,0.0
15.158061771379037,0.0,0.0,0.25381417988096905
15.173662824096574,0.0,0.0,0.8938673799874778
15.363787625127195,0.0,0.0,2.066203236418746
15.723206088531873,0.0,0.0,3.432563536160882
16.190377584417732,0.0,0.0,4.766838627843606
16.2713667286334,0.0,0.0,2.478032688320594
16.21115829238462,0.0,0.0,2.273292118120548
16.234840015818644,0.0,0.0,1.3573540483443256
16.180189983351436,0.0,0.0,1.1918230953597369
16.179020884715083,0.0,0.0,0.9380089154787679
16.089314043519813,0.0,0.0,0.6290177382767862
15.94921077914074,0.0,0.0,0.2758849866050641
15.774254951090334,0.0,0.0,0.011035398489741315
15.63005318229088,0.0,0.0,0.0
15.522570502511709,0.0,0.0,0.0
15.420476589575165,0.0,0.0,0.0
15.295161893359456,0.0,0.0,0.0
15.142303133658896,0.0,0.0,0.0
14.974762940419707,0.0,0.0,0.0
14.802775825006435,0.0,0.0,0.0
14.6444974901005,0.0,0.0,0.0
14.498040426750974,0.0,0.0,0.0
14.349064607448092,0.0,0.0,0.0
14.200301613975672,0.0,0.0,0.0
14.097663613228182,0.0,0.0,0.20387764027071548
14.081309441717554,0.0,0.0,0.4859653066033325
14.212287521365466,0.0,0.0,1.2811812699503218
14.496360258917818,0.0,0.0,2.152233890981934
14.889151758642761,0.0,0.0,3.159682434294139
15.828502081456724,0.0,0.0,7.5793416315739375
16.610223458723787,0.0,0.0,6.9547001000787105
16.724808826221725,0.0,0.0,5.221841556170815
17.244073195248017,0.0,0.0,7.999377567241207
17.25208366319564,0.0,0.0,3.9959300962173265
16.768179174758018,0.0,0.0,2.58438457214913
16.35671686097985,0.0,0.0,0.41854054802944013
15.8646448441574,0.0,0.0,0.011044666834306278
15.615910256226936,0.0,0.0,0.0
15.370230969417197,0.0,0.0,0.0
15.183437187668986,0.0,0.0,0.0
15.004306701929561,0.0,0.0,0.0
14.819134217348424,0.0,0.0,0.0
14.626796855624544,0.0,0.0,0.0
14.439925890975438,0.0,0.0,0.0
14.258260519880727,0.0,0.0,0.0
14.098055276474529,0.0,0.0,0.0
13.961660332982563,0.0,0.0,0.0
13.845492141165781,0.0,0.0,0.0
13.783270912584726,0.0,0.0,0.17656637583586104
13.790406313402805,0.0,0.0,0.47452216916502027
13.83299735096796,0.0,0.0,0.8055840751341973
13.895634258854441,0.0,0.0,1.081469100717711
13.978352531099759,0.0,0.0,1.2801062442992175
14.069320815054752,0.0,0.0,1.4014955838356156
14.15976878985031,0.0,0.0,1.4125310066868884
14.3636711941563,0.0,0.0,2.263208984773213
15.17367513977062,0.0,0.0,6.693546869547248
15.775548779377779,0.0,0.0,5.481086437761885
15.431172995706802,0.0,0.0,1.5960934497573824
15.063261677517403,0.0,0.0,0.6752033189556587
14.813268275285374,0.0,0.0,0.0
14.57217708275967,0.0,0.0,0.0
14.406809872160174,0.0,0.0,0.0
14.217592425245266,0.0,0.0,0.0
14.0365476381342,0.0,0.0,0.0
13.858256890628603,0.0,0.0,0.0
13.701327397927361,0.0,0.0,0.0
13.57175686783075,0.0,0.0,0.0
13.467265179774865,0.0,0.0,0.0
13.3706358117845,0.0,0.0,0.0
13.270703659084921,0.0,0.0,0.0
13.147027561355578,0.0,0.0,0.0
13.041755148144286,0.0,0.0,0.2590279627417408
13.056730136888774,0.0,0.0,1.033142970079798
13.17425522118089,0.0,0.0,1.8919437512602062
13.382521929987455,0.0,0.0,2.7860602664214746
13.709004020758082,0.0,0.0,3.455990065452894
14.08972245609553,0.0,0.0,3.6796292970181086
15.203268950014992,0.0,0.0,9.188349410987591
16.10876148529631,0.0,0.0,7.439342675667072
16.378049943176904,0.0,0.0,6.709633302841475
16.56917781800789,0.0,0.0,4.827464178697957
16.30911852101375,0.0,0.0,2.4948468855463712
15.895023814208416,0.0,0.0,0.6332868403979602
15.466380724220905,0.0,0.0,0.0
15.163475402162298,0.0,0.0,0.0
14.915926804389123,0.0,0.0,0.0
14.674571256086637,0.0,0.0,0.0
14.466199186104522,0.0,0.0,0.0
14.293365251286435,0.0,0.0,0.0
14.142307315371863,0.0,0.0,0.0
13.995028617293048,0.0,0.0,0.0
13.840472346328927,0.0,0.0,0.0
13.682883679341888,0.0,0.0,0.0
13.531809906597136,0.0,0.0,0.0
13.398287824219075,0.0,0.0,0.0
13.304565445762936,0.0,0.0,0.09931858153536557
13.286114326419423,0.0,0.0,0.45245136244092515
13.350026302446745,0.0,0.0,0.7835133073885521
13.43431863472522,0.0,0.0,1.0593982550151664
13.512467616271163,0.0,0.0,1.2580354765535724
13.590402670933814,0.0,0.0,1.368389471195598
13.671198791016327,0.0,0.0,1.3904601609843432
13.78508872667636,0.0,0.0,1.3132125128530354
13.923641972593575,0.0,0.0,1.136646059060274
14.051528130741698,0.0,0.0,0.8828319571362051
14.111347867059228,0.0,0.0,0.5738407409557734
14.072501374876808,0.0,0.0,0.22070798928405128
13.990892006184083,0.0,0.0,0.0
13.937672410472484,0.0,0.0,0.0
13.908810158175212,0.0,0.0,0.0
13.877387630926249,0.0,0.0,0.0
13.822780349936524,0.0,0.0,0.0
13.729872382271772,0.0,0.0,0.0
13.611294667377315,0.0,0.0,0.0
13.478163504948295,0.0,0.0,0.0
13.351445492013568,0.0,0.0,0.0
13.234209989328201,0.0,0.0,0.0
13.121384102592666,0.0,0.0,0.0
13.012093718899822,0.0,0.0,0.0
12.926852093004488,0.0,0.0,0.22070798928405128
12.942266488917639,0.0,0.0,0.9924080628912711
13.046121083334967,0.0,0.0,1.7507554189665369
13.240892469679942,0.0,0.0,2.499429724099269
13.644190521991614,0.0,0.0,3.4557984668091484
14.17442597624274,0.0,0.0,3.8309494154594868
15.32768425518196,0.0,0.0,8.705591397468877
16.16725263055402,0.0,0.0,6.737951970682801
16.165990701994502,0.0,0.0,4.83003005112353
16.397118129136718,0.0,0.0,5.530436602796231
16.127244062189565,0.0,0.0,1.6813445845011246
15.568383812287562,0.0,0.0,0.3276172991526687
15.327214747862035,0.0,0.0,0.0
15.125401532367196,0.0,0.0,0.0
14.973462477603022,0.0,0.0,0.0
14.814760864480123,0.0,0.0,0.0
14.662313166540763,0.0,0.0,0.0
14.505963128841332,0.0,0.0,0.0
17.213440274208388,6.233054096977875,0.0,0.0
20.0,8.397166256697552,0.0,0.0
20.0,8.003491429587545,0.0,0.0
20.0,7.815984494263774,0.0,0.0
20.0,7.724651778925965,0.0,0.0
20.0,7.6934794585823285,0.0,0.0
20.0,7.61005702146941,0.0,0.22054487142107176
20.0,7.260822208509028,0.0,1.000982542818598
20.0,6.795771346328709,0.0,1.8614906786531369
20.0,4.997633410057808,0.0,6.758139036498493
20.0,3.5606964070387446,0.0,8.274007613336357
20.0,2.2753927197114696,0.0,9.128644280172322
20.0,1.3532632075824789,0.0,8.86979151952068
20.0,1.095679352367709,0.0,7.065359056299948
20.0,1.3430510112853355,0.0,4.855835299959774
20.0,1.4330476434558497,0.0,4.120094786996471
20.0,2.2729786916322494,0.0,1.0152567195238762
20.0,2.707041609345316,0.0,0.3641681745229947
20.0,2.995831679184307,0.0,0.0
20.0,3.180675453539257,0.0,0.0
20.0,3.3473668650902817,0.0,0.0
20.0,3.520283226431412,0.0,0.0
20.0,3.692713586958117,0.0,0.0
20.0,3.85167485662221,0.0,0.0
20.0,3.9921224640096056,0.0,0.0
20.0,4.122436400781824,0.0,0.0
20.0,4.216727709331583,0.0,0.0
20.0,4.289314176198257,0.0,0.0
20.0,4.338777002754181,0.0,0.0
20.0,4.377145221609356,0.0,0.0
20.0,4.377727845516282,0.0,0.17656637583586104
20.0,4.178467382038127,0.0,0.9411142355184557
20.0,3.911284817268937,0.0,1.8550124126545016
20.0,3.566864330516991,0.0,2.5924789330879645
20.0,2.9723716984135775,0.0,3.4225213163239863
20.0,2.268334609032269,0.0,3.9958066334993556
20.0,0.7887413999979779,0.0,7.114487318254484
20.0,0.15232878906310363,0.0,6.552960904309021
20.0,1.0334163770738571,0.0,1.9422302121513715
20.0,1.4964863398790393,0.0,0.8497256885823874
20.0,1.7797014270077327,0.0,0.5296991275075832
20.0,2.0596247018768272,0.0,0.17656637583586104
20.0,2.2575526496423843,0.0,0.0
20.0,2.369935039203766,0.0,0.0
20.0,2.426898346285064,0.0,0.0
20.0,2.4663333097317164,0.0,0.0
20.0,2.496019950228292,0.0,0.0
20.0,2.523502361345624,0.0,0.0
20.0,2.549983620772667,0.0,0.0
20.0,2.5711852542073674,0.0,0.0
20.0,2.5930256625028414,0.0,0.0
20.0,2.6282023206139837,0.0,0.0
20.0,2.7116398866677547,0.0,0.0
20.0,2.8150547355117466,0.0,0.0
20.0,2.8763978113898254,0.0,0.1544955788563784
20.0,2.7412482000654723,0.0,0.7504071167916344
20.0,2.528814184822081,0.0,1.29114166715049
20.0,2.4697374389801876,0.0,1.0152567195238762
20.0,2.258814076767481,0.0,1.213893863105382
20.0,1.7902034696810085,0.0,2.1650542051173445
20.0,0.2117073211738332,0.0,6.6538987969144
20.342735656744516,0.0,0.0,7.617325844413759
20.342735656744516,0.49500802889530965,0.0,2.3649786447346752
20.0,0.6612491162410232,0.0,1.3021770900017624
20.0,1.0863316752961125,0.0,0.5186637826132106
20.0,1.3951833505876452,0.0,0.16553099196303844
20.0,1.6091778138314838,0.0,0.0
20.0,1.7564933816933705,0.0,0.0
20.0,1.8774061880182933,0.0,0.0
20.0,1.985743467166402,0.0,0.0
20.0,2.0877738480696038,0.0,0.0
20.0,2.187365246735111,0.0,0.0
20.0,2.278249471165901,0.0,0.0
20.0,2.34372469018148,0.0,0.0
20.0,2.39616961529168,0.0,0.0
20.0,2.4436649337898655,0.0,0.0
20.0,2.4897598156509453,0.0,0.0
20.0,2.5396442083789346,0.0,0.0
20.0,2.5716429310930673,0.0,0.0662123909384479
20.0,2.5016667902373917,0.0,0.4083097489927349
20.0,2.3669825312274044,0.0,0.7283363490459894
20.0,2.2072042218380696,0.0,1.0042213746295034
20.0,1.8274391043426295,0.0,1.898088676660081
20.0,1.3099955319595835,0.0,2.865380246176014
20.0,0.6220589961408081,0.0,4.163977619343682
20.24298649109999,0.0,0.0,6.747824326821912
20.587995156804165,0.0,0.0,6.090031993135262
20.57942958066907,0.0,0.0,4.209237956172824
20.31775520609511,0.0,0.0,2.706637370966072
20.083334291130214,0.7066938880720247,0.0,0.2648495637537916
20.0,1.2042659451152495,0.0,0.0
20.0,1.5597564979027,0.0,0.0
20.0,1.7659024847992744,0.0,0.0
20.0,1.9067812854522184,0.0,0.0
20.0,2.054092165437283,0.0,0.0
20.0,2.2071292435456416,0.0,0.0
20.0,2.356247182835779,0.0,0.0
20.0,2.452750342990564,0.0,0.0
20.0,2.5270189071575277,0.0,0.0
20.0,2.5967082682305125,0.0,0.0
20.0,2.680955436652673,0.0,0.0
20.0,2.8104505809230695,0.0,0.0
20.0,2.865576788056415,0.0,0.19978508860577002
20.0,2.715887599683637,0.0,0.8209799733822266
20.0,1.687300699064985,0.0,4.1550422493931825
20.0,1.9943788470460921,0.0,1.8565487786905255
20.0,1.9207914846672065,0.0,2.10776124309286
20.0,1.909369099716415,0.0,2.0837540478397933
20.0,1.8920914490775451,0.0,2.085690397390315
20.0,2.0907285047485575,0.0,1.2359646308510273
20.0,2.1508219666762547,0.0,1.0593982550151664
20.0,2.219788457375495,0.0,0.8055840751341973
20.0,2.2430552092981975,0.0,0.7724779624941794
20.0,2.4445081043047683,0.0,0.22070798928405128
20.0,2.6099633904308814,0.0,0.0
20.0,2.724046323053044,0.0,0.0
20.0,2.822945746497264,0.0,0.0
20.0,2.8843552157644363,0.0,0.0
20.0,2.8740413209047495,0.0,0.0
20.0,2.8189069769463497,0.0,0.0
20.0,2.765840098801014,0.0,0.0
20.0,2.7950573470973095,0.0,0.0
20.0,2.9116762160932237,0.0,0.0
20.0,3.061188403915593,0.0,0.0
20.0,3.205123301426793,0.0,0.0
20.0,3.310947137996255,0.0,0.0
20.0,3.349306026931396,0.0,0.09931858153536557
20.0,3.058941751061017,0.0,1.1174680499905765
20.0,1.9941489706956215,0.0,4.223219242777862
20.0,1.0121879029460412,0.0,5.910492704233845
20.004548550607076,0.0,0.0,7.266337045424758
20.514482487751266,0.0,0.0,8.655099177387065
21.19080666642784,0.0,0.0,8.60319629083469
21.694802546513685,0.0,0.0,9.22528974460652
21.66437659556417,0.0,0.0,5.439867273058363
21.18884766477766,0.0,0.0,3.4766329093828254
20.84673941752444,0.0,0.0,2.108183469577089
20.33390662571832,0.0,0.0,0.44151192374115733
20.025568094637407,0.2994223256427196,0.0,0.0
20.0,0.7205422089209605,0.0,0.0
20.0,1.0967240392096573,0.0,0.0
20.0,1.4370835533428261,0.0,0.0
20.0,1.7567260311215795,0.0,0.0
20.0,2.0496558580161865,0.0,0.0
20.0,2.31784181206074,0.0,0.0
20.0,2.5560013324960322,0.0,0.0
20.0,2.7631754513904245,0.0,0.0
20.0,2.951835741573652,0.0,0.0
20.0,3.09661916782702,0.0,0.0
20.0,3.225623776441886,0.0,0.0
20.0,3.3086733356337046,0.0,0.12138938825946072
20.0,3.1011466653716826,0.0,1.0380948654647633
20.0,2.883340888320139,0.0,1.7903791471797998
20.0,2.561270770751863,0.0,2.596475409635993
20.0,2.0714059941263177,0.0,3.4433623252915186
20.0,1.5235049271252985,0.0,3.972446728087873
20.080204371483834,0.0,0.0,8.237301545337424
20.338440815134412,0.0,0.0,6.680524684579241
20.651450139690404,0.0,0.0,6.174163857876586
20.393213696039826,0.2083776019592834,0.0,1.3458720298708482
20.0,0.28041382735146425,0.0,0.8166194979854698
20.0,0.810073504865868,0.0,0.20967258592200375
20.0,1.1906011168741597,0.0,0.0
20.0,1.4470521118526651,0.0,0.0
20.0,1.6135605272021025,0.0,0.0
20.0,1.7575244099473801,0.0,0.0
20.0,1.906899906608879,0.0,0.0
20.0,2.1037866369918388,0.0,0.0
20.0,2.306772606355759,0.0,0.0
20.0,2.49710960948788,0.0,0.0
20.0,2.6639545382658816,0.0,0.0
20.0,2.818679994990614,0.0,0.0
20.0,2.9679339542904843,0.0,0.0
20.0,3.0987077723805205,0.0,0.0
20.0,3.0911988416296823,0.0,0.2401931547040979
20.0,2.44022486113602,0.0,2.177233251591326
20.0,1.3579164648316915,0.0,4.727567324999625
20.0,0.07965269104007651,0.0,7.05521243542493
20.495643192196628,0.0,0.0,8.46411795494336
21.275648711505617,0.0,0.0,9.140819598352762
21.74510484192111,0.0,0.0,8.361825932137219
22.085224217160334,0.0,0.0,7.762605877929812
22.406409955296578,0.0,0.0,7.659950383412724
21.86090900324444,0.0,0.0,1.3573540483443256
21.14893820168259,0.0,0.0,0.7835133073885521
20.853820846050322,0.0,0.0,0.1876017791979086
20.46194036950756,0.0,0.0,0.0
20.24080309482781,0.0,0.0,0.0
20.058369312184062,0.025420551624645467,0.0,0.0
20.0,0.20100085939322726,0.0,0.0
20.0,0.4219247003766698,0.0,0.0
20.0,0.6476480074731483,0.0,0.0
20.0,0.8679515704267072,0.0,0.0
20.0,1.0589721591916248,0.0,0.0
20.0,1.2419775471462748,0.0,0.0
20.0,1.4304287424994333,0.0,0.0
20.0,1.6461078291575217,0.0,0.0
20.0,1.869238258411909,0.0,0.0
20.0,2.030876270907037,0.0,0.09931858153536557
20.0,1.9054835449973244,0.0,0.7504071167916344
20.0,1.664640654730659,0.0,1.3132125128530354
20.0,1.411283489879085,0.0,1.5008142335832688
20.0,1.046847311071995,0.0,1.8098054497637006
20.0,0.6024215773441473,0.0,2.2291504267154583
20.0,0.28010025285902274,0.0,2.1351010917073734
20.445565224505447,0.0,0.0,5.5008985829317085
21.071321916825923,0.0,0.0,6.082315585963135
21.127307727445025,0.0,0.0,3.940713529088663
20.68614362104828,0.0,0.0,1.0023917229511732
20.194178170903882,0.0,0.0,0.1544955788563784
20.00958558498015,0.3249766453898984,0.0,0.0
20.0,0.7065962294044179,0.0,0.0
20.0,0.9858397373183754,0.0,0.0
20.0,1.215788265108907,0.0,0.0
20.0,1.4204836663450664,0.0,0.0
20.0,1.5896312515800752,0.0,0.0
20.0,1.706375577661133,0.0,0.0
20.0,1.7426923341663818,0.0,0.0
20.0,1.7283292691145309,0.0,0.0
20.0,1.7089372151011288,0.0,0.0
20.0,1.764601625270346,0.0,0.0
20.0,1.8869526934759535,0.0,0.0
20.0,1.990447076762082,0.0,0.08828319766254303
20.0,1.8342353961192566,0.0,0.9365042855071986
20.0,1.5265436655217735,0.0,1.78058349738012
20.0,1.1047043127483873,0.0,2.7044945426021805
20.0,0.6778516805568829,0.0,3.3941984680918003
20.0,0.41070962303636604,0.0,3.428779802215499
20.0,0.2648277418207888,0.0,3.159096922217675
20.0,0.39954465867161665,0.0,2.0636197076015694
20.0,0.4381022178510223,0.0,1.7435930685698653
20.0,0.5752062337270358,0.0,1.1587169047628192
20.0,0.8510779366422098,0.0,0.43038055571683004
20.0,1.0967144437522398,0.0,0.08828318791793052
20.0,1.2724595494510385,0.0,0.0
20.0,1.379678725039727,0.0,0.0
20.0,1.429482855011932,0.0,0.0
20.0,1.4648955117047688,0.0,0.0
20.0,1.524233086157789,0.0,0.0
20.0,1.611343594613936,0.0,0.0
20.0,1.6959001801735576,0.0,0.0
20.0,1.7651469280534122,0.0,0.0
20.0,1.7891169984366488,0.0,0.0
20.0,1.7992300679941722,0.0,0.0
20.0,1.8071357794765774,0.0,0.0
20.0,1.8121605738983069,0.0,0.0
20.0,1.804956272835164,0.0,0.033106200341530195
20.0,1.6482994972163578,0.0,0.5296991275075832
20.0,1.3971477669602126,0.0,1.1476814819115468
20.0,1.0072641000958862,0.0,2.0636197076015694
20.0,0.5881433851161031,0.0,2.768536126100089
20.0,0.10505534135160915,0.0,3.5598871085598147
20.226918589116384,0.0,0.0,4.599898349385253
20.343084385342664,0.0,0.0,3.009158527085815
20.238778904025178,0.0,0.0,2.1187371481556765
20.15518985297372,0.0,0.0,1.2690708994048447
20.032576745174822,0.08746697172254143,0.0,0.7173009261947166
20.0,0.3805842502991355,0.0,0.1544955788563784
20.0,0.633475363607989,0.0,0.0
20.0,0.829523579791518,0.0,0.0
20.0,1.0180125692882414,0.0,0.0
20.0,1.2069709611684407,0.0,0.0
20.0,1.3982786376297087,0.0,0.0
20.0,1.5912765869421694,0.0,0.0
20.0,1.7672109259434365,0.0,0.0
20.0,1.8988019616454725,0.0,0.0
20.0,1.9836259970492716,0.0,0.0
20.0,2.0447381601045582,0.0,0.0
20.0,2.0984381705909048,0.0,0.0
20.0,2.163414920608379,0.0,0.0
20.0,2.223344009600405,0.0,0.05517699732101282
20.0,2.0121464924705488,0.0,0.9978977934553808
20.0,1.74305153116659,0.0,1.8602513502547515
20.0,1.4902674571307095,0.0,2.452646422667889
20.0,1.0614211419221746,0.0,3.508348225830306
20.0,0.8705511520563919,0.0,3.3955707192936155
20.0,0.46968899819326504,0.0,4.187363994892974
20.0,0.5127462780800124,0.0,3.1239229016615164
20.0,0.7042303242972573,0.0,2.0341799634280346
20.0,0.9203824102301668,0.0,1.2470000537022998
20.0,1.1611216434440332,0.0,0.6952300804921716
20.0,1.4537781687583629,0.0,0.12138938825946072
20.0,1.6405119399760668,0.0,0.0
20.0,1.746000071186273,0.0,0.0
20.0,1.817497584041145,0.0,0.0
20.0,1.8753849086493168,0.0,0.0
20.0,1.9395136392847778,0.0,0.0
20.0,2.0274630257815924,0.0,0.0
20.0,2.11635601358907,0.0,0.0
20.0,2.2124262768519998,0.0,0.0
20.0,2.304195031504787,0.0,0.0
20.0,2.427602022593427,0.0,0.0
20.0,2.569761907873407,0.0,0.0
20.0,2.7169703422776523,0.0,0.0
20.0,2.8488666042505306,0.0,0.03310619546922395
20.0,2.2491863398959766,0.0,2.25279019243752
20.0,1.2016672388307374,0.0,5.010624845932125
20.0,0.0716174684011882,0.0,7.061280979995391
20.479569701192787,0.0,0.0,8.298302974006923
20.982024375564414,0.0,0.0,6.697534132050003
21.611892079858933,0.0,0.0,8.900536745761407
22.2964038516189,0.0,0.0,8.04337009419045
22.513849597271655,0.0,0.0,7.026644086523119
22.44378106687741,0.0,0.0,4.53239940976228
22.045994902124963,0.0,0.0,2.60524002788795
21.46646081634367,0.0,0.0,0.38342759154621275
20.921404728890188,0.0,0.0,0.0
20.624541659554307,0.0,0.0,0.0
20.39918438253833,0.0,0.0,0.0
20.239714177648942,0.0,0.0,0.0
20.08910617751384,0.0,0.0,0.0
20.008075621783053,0.16064070766364844,0.0,0.0
20.0,0.3844108079009392,0.0,0.0
20.0,0.5979153356106609,0.0,0.0
20.0,0.7851970210506745,0.0,0.0
20.0,0.9330655164204169,0.0,0.0
20.0,1.0468526201720914,0.0,0.0
20.0,1.1208517254134172,0.0,0.0
20.0,1.1535325403452508,0.0,0.03310619546922395
20.0,0.975443188350667,0.0,0.5296991275075832
20.0,0.7292524193268926,0.0,1.1035399464202564
20.0,0.37892871845267007,0.0,1.7208898276434765
20.11633558352092,0.0,0.0,2.880207281537439
20.307859368341834,0.0,0.0,2.2773579278923988
20.492661543959844,0.0,0.0,2.1028128026948973
20.6884396266705,0.0,0.0,1.9753363247913887
20.811624168128635,0.0,0.0,1.6553098416734846
20.850968982864604,0.0,0.0,1.2028585182110099
20.821658870009195,0.0,0.0,0.6510885450008812
20.724496770525022,0.0,0.0,0.09931858153536557
20.636739643715693,0.0,0.0,0.0
20.590475497169695,0.0,0.0,0.0
20.545235296064725,0.0,0.0,0.0
20.493532375703808,0.0,0.0,0.0
20.41208828412362,0.0,0.0,0.0
20.305469158744533,0.0,0.0,0.0
20.18832124841413,0.0,0.0,0.0
20.072870300862995,0.0,0.0,0.0
20.00944744294623,0.08966484452962403,0.0,0.0
20.0,0.24417479641060508,0.0,0.0
20.0,0.43403887052504514,0.0,0.0
20.0,0.667392743974156,0.0,0.0
20.0,0.8921162810097787,0.0,0.03310619546922395
20.0,0.9407841586730582,0.0,0.5186637826132106
20.0,0.868858117297738,0.0,1.0704335999095387
20.0,0.7080462092522632,0.0,1.5559911919258316
20.0,0.5060836620923833,0.0,1.898088676660081
20.0,0.30892456496849874,0.0,2.0967259761553874
20.0,0.171319144678273,0.0,2.10776124309286
20.0,0.16635206340407926,0.0,1.9532656350026438
20.0,0.30389377870546014,0.0,1.6332389959709397
20.0,0.5387262570638671,0.0,1.1807876725084643
20.0,0.840363920140549,0.0,0.6290177382767862
20.0,1.156993422943148,0.0,0.08828318791793052
20.0,1.3557973050680447,0.0,0.0
20.0,1.4895801328609781,0.0,0.0
20.0,1.5994633024018954,0.0,0.0
20.0,1.7165024996106026,0.0,0.0
20.0,1.8714162921358932,0.0,0.0
20.0,2.0686065938384854,0.0,0.0
20.0,2.2654837152141165,0.0,0.0
20.0,2.4307572939519337,0.0,0.0
20.0,2.5558067572797314,0.0,0.0
20.0,2.647550454677928,0.0,0.0
20.0,2.7233297189941204,0.0,0.0
20.0,2.769547713714605,0.0,0.0
20.0,2.7952873671841774,0.0,0.02207079697948263
20.0,2.6868500263749353,0.0,0.45245136244092515
20.0,2.469539603835599,0.0,1.0593982550151664
20.0,2.238335405399153,0.0,1.5339205021370865
20.0,2.0340608563271316,0.0,1.8760178309575357
20.0,1.8598559616094603,0.0,2.0746551304528422
20.0,1.7342231202307528,0.0,2.085690397390315
20.0,1.2534705025098811,0.0,3.2902979403334176
20.0,1.150492766651231,0.0,2.757949682020182
20.0,1.2630072174796563,0.0,1.9504519464176207
20.0,1.1122649927336332,0.0,2.597562757036378
20.0,1.9184266795289862,0.0,0.0662123909384479
20.0,2.2839600793797823,0.0,0.0
20.0,2.5491064559709047,0.0,0.0
20.0,2.716601179957967,0.0,0.0
20.0,2.8345353916299874,0.0,0.0
20.0,2.9249020647676094,0.0,0.0
20.0,3.005269975558986,0.0,0.0
20.0,3.0808385140389145,0.0,0.0
20.0,3.1520441070220597,0.0,0.0
20.0,3.2195837372167277,0.0,0.0
20.0,3.2723213501852215,0.0,0.0
20.0,3.267413869573534,0.0,0.0
20.0,3.232349744874866,0.0,0.0
20.0,3.1786763236053552,0.0,0.02207079697948263
20.0,2.990668890551428,0.0,0.48555755303784287
20.0,2.7506350505569332,0.0,1.0373275652264211
20.0,2.5050348466427947,0.0,1.5118496564345412
20.0,2.307765997066866,0.0,1.8649822521924635
20.0,2.152984529960676,0.0,2.052584284750297
20.0,2.0472704554780403,0.0,2.0636197076015694
20.0,1.963460387029635,0.0,1.9091239435975538
20.0,1.9280816241430632,0.0,1.5890973045658492
20.0,1.9688726681238526,0.0,1.136646059060274
20.0,2.141713903930536,0.0,0.5848761248285961
20.0,2.414538398460621,0.0,0.0662123909384479
20.0,2.5989167790869883,0.0,0.0
20.0,2.7398223256635457,0.0,0.0
20.0,2.8440145400046215,0.0,0.0
20.0,2.933145363644491,0.0,0.0
20.0,3.0228075369966403,0.0,0.0
20.0,3.1146275984751184,0.0,0.0
20.0,3.1961968328254278,0.0,0.0
20.0,3.2498925205793943,0.0,0.0
20.0,3.273781910187374,0.0,0.0
20.0,3.305438828323232,0.0,0.0
20.0,3.386990653153302,0.0,0.0
20.0,3.4912503165367768,0.0,0.0
20.0,3.584922396609375,0.0,0.011035398489741315
20.0,3.464552525068696,0.0,0.45245136244092515
20.0,3.036445156462893,0.0,1.463048458418953
20.0,2.782630852412872,0.0,1.5118496564345412
20.0,2.4807963211264483,0.0,1.8429117183175185
20.0,2.2438225828196945,0.0,2.0305134390477524
20.0,2.055688405495538,0.0,2.0415488618990243
20.0,1.7486670472446308,0.0,2.4475191736025206
20.0,1.0550571527884152,0.0,4.014927581162059
20.0,0.3745646838204427,0.0,5.064968802804383
20.0,1.3271633629989326,0.0,0.6978014675079003
20.0,1.7983770254736415,0.0,0.05517699732101282
20.0,2.09423028233858,0.0,0.0
20.0,2.3263319302467185,0.0,0.0
20.0,2.5209628049693937,0.0,0.0
20.0,2.667980082233197,0.0,0.0
20.0,2.721877220906018,0.0,0.0
20.0,2.7194158381503883,0.0,0.0
20.0,2.7028078633254418,0.0,0.0
20.0,2.709720502682289,0.0,0.0
20.0,2.7706019696581965,0.0,0.0
20.0,2.852292370903201,0.0,0.0
20.0,2.9376401209579974,0.0,0.0
20.0,3.020737384040549,0.0,0.0
20.0,3.078926965016322,0.0,0.011035399707817879
20.0,3.0507297847621846,0.0,0.25381417988096905
20.0,2.9559300736961855,0.0,0.5738407409557734
20.0,2.8521433249953407,0.0,0.838690343688015
20.0,2.5841713816846217,0.0,1.6222037290334672
20.0,2.3641722525482245,0.0,2.008442749259007
20.0,2.2951870483870556,0.0,1.7987700269124283
20.0,2.3774333433352797,0.0,1.0593982550151664
20.0,2.3743423858478976,0.0,0.8828319571362051
20.0,2.4080860837501596,0.0,0.6290177382767862
20.0,2.4935682002436965,0.0,0.48555755303784287
20.0,2.740969184265616,0.0,0.04414159395896526
20.0,2.9162013913354325,0.0,0.0
20.0,3.042844559443579,0.0,0.0
20.0,3.1240474595610186,0.0,0.0
20.0,3.205606058202474,0.0,0.0
20.0,3.351151484218046,0.0,0.0
20.0,3.550596566079532,0.0,0.0
20.0,3.761257239989257,0.0,0.0
20.0,3.9472815040160065,0.0,0.0
20.0,4.068392081469234,0.0,0.0
20.0,4.155945683111963,0.0,0.0
20.0,4.237527800028434,0.0,0.0
20.0,4.318912429862014,0.0,0.0
20.0,4.394415393133968,0.0,0.0
20.0,4.380617261104126,0.0,0.24282508291752591
20.0,4.304262091847648,0.0,0.5629126647558111
20.0,4.197495622059949,0.0,0.8278128615161578
20.0,4.05068864290157,0.0,1.0264878141941676
20.0,3.8939054718271815,0.0,1.1258253295116223
20.0,3.741226382480454,0.0,1.136862857199195
20.0,3.4387169590316304,0.0,1.6445879614740426
20.0,3.2671416812793335,0.0,1.5231755466952424
20.0,3.293613195261771,0.0,0.9602627260256309
20.0,3.491743391837307,0.0,0.29801260442003974
20.0,3.7021683943187718,0.0,0.022075006652083038
20.0,3.859424014768899,0.0,0.0
20.0,3.9863509292648978,0.0,0.0
20.0,4.052331352300308,0.0,0.0
20.0,4.110995967915361,0.0,0.0
20.0,4.183614114771408,0.0,0.0
20.0,4.275118214006159,0.0,0.0
20.0,4.37381655205595,0.0,0.0
20.0,4.466528047110308,0.0,0.0
20.0,4.543172396182255,0.0,0.0
20.0,4.6175640779801075,0.0,0.0
20.0,4.664770502960503,0.0,0.0
20.0,4.710388547141038,0.0,0.0
20.0,4.742746785241866,0.0,0.0
20.0,4.60257229250171,0.0,0.4414627527081071
20.0,4.2778160504943825,0.0,1.2703499975104007
20.0,3.5380253172714986,0.0,3.1780355752630847
20.0,3.244596074101371,0.0,2.8796073729766953
20.0,3.0094374492749028,0.0,2.747798957989713
20.0,2.33639584694183,0.0,4.2815268285574914
20.0,1.7725291278977884,0.0,4.9318321597875086
20.0,1.2838575900006737,0.0,5.439972187618676
20.0,1.5303354476290811,0.0,3.523785581025877
20.0,1.9503050074895385,0.0,2.038517739456549
20.0,2.7251352863896723,0.0,0.022073135686482854
20.0,3.07028139575788,0.0,0.0
20.0,3.325666356713959,0.0,0.0
20.0,3.540737103997744,0.0,0.0
20.0,3.7380529981552857,0.0,0.0
20.0,3.9253725018064065,0.0,0.0
20.0,4.095984738173526,0.0,0.0
20.0,4.259467249260754,0.0,0.0
20.0,4.39762767665258,0.0,0.0
20.0,4.511983563047688,0.0,0.0
20.0,4.60572430133324,0.0,0.0
20.0,4.658926018900319,0.0,0.0
20.0,4.693992809203555,0.0,0.0
20.0,4.703341576544133,0.0,0.0
20.0,4.620196180109771,0.0,0.22070798928405128
20.0,4.443651240237118,0.0,0.5407345503588555
20.0,4.262132840657036,0.0,0.8055840751341973
20.0,3.9299383956669365,0.0,1.5670266147771041
20.0,3.6390282159582097,0.0,1.9422302121513715
20.0,3.425483351209906,0.0,1.9532656350026438
20.0,2.7788132257338054,0.0,3.3544290392882274
20.0,2.9135789607241653,0.0,1.5362489897572047
20.0,2.890732815953977,0.0,1.1456861076119496
20.0,3.026680894067637,0.0,0.5296991275075832
20.0,3.280017751875235,0.0,0.02207079697948263
20.0,3.4672220568432466,0.0,0.0
20.0,3.6342543823146114,0.0,0.0
20.0,3.783844955545396,0.0,0.0
20.0,3.878267821406658,0.0,0.0
20.0,3.9017885916738306,0.0,0.0
20.0,3.881576622791909,0.0,0.0
20.0,3.855205344444912,0.0,0.0
20.0,3.861793744935615,0.0,0.0
20.0,3.936400475072159,0.0,0.0
20.0,4.018637745669807,0.0,0.0
20.0,4.070757075418182,0.0,0.0
20.0,4.075825313054019,0.0,0.0
20.0,4.063815792443016,0.0,0.0
20.0,3.992783656693128,0.0,0.20967258592200375
20.0,3.8612843697534034,0.0,0.5296991275075832
20.0,3.71346157344025,0.0,0.7945486522829246
20.0,3.3945721869265006,0.0,1.5559911919258316
20.0,3.1089382954223805,0.0,1.9201593664488263
20.0,3.0003924758727063,0.0,1.7215222228673202
20.0,3.1391306943380752,0.0,1.0042213746295034
20.0,3.1081152907333953,0.0,1.3021770900017624
20.0,3.2085747199222774,0.0,1.0042213746295034
20.0,3.388644638332472,0.0,0.47452216916502027
20.0,3.5553923124858233,0.0,0.011035398489741315
20.0,3.6138157889672824,0.0,0.0
20.0,3.655636466009851,0.0,0.0
20.0,3.7157054834448835,0.0,0.0
20.0,3.771988341081556,0.0,0.0
20.0,3.822039410722759,0.0,0.0
20.0,3.8470973665088484,0.0,0.0
20.0,3.849992128655148,0.0,0.0
20.0,3.83870248341025,0.0,0.0
20.0,3.8101219661620416,0.0,0.0
20.0,3.784249993967242,0.0,0.0
20.0,3.805639368025311,0.0,0.0
20.0,3.850417376342682,0.0,0.0
20.0,3.9013526519221986,0.0,0.0
20.0,3.8800452212231336,0.0,0.19863716307073115
20.0,3.7921310697975903,0.0,0.5186637826132106
20.0,3.6908023757986097,0.0,0.7835133073885521
20.0,3.433779954872589,0.0,1.5339205021370865
20.0,3.244270875618434,0.0,1.898088676660081
20.0,3.2116997747477902,0.0,1.7104869559298472
20.0,3.356215538872348,0.0,0.9931859517782307
20.0,3.403415587895005,0.0,0.8166194979854698
20.0,3.4754635495793544,0.0,0.5628053181045007
20.0,3.548306939505904,0.0,0.3972743261414623
20.0,3.71132222229576,0.0,0.011035398489741315
20.0,3.7979346970259775,0.0,0.0
20.0,3.8599050280925598,0.0,0.0
20.0,3.9031337112606788,0.0,0.0
20.0,3.9360625395016866,0.0,0.0
20.0,3.965384684817933,0.0,0.0
20.0,3.998717689450665,0.0,0.0
20.0,4.030418300231581,0.0,0.0
20.0,4.054130695462234,0.0,0.0
20.0,4.073364554291531,0.0,0.0
20.0,4.07163822105489,0.0,0.0
20.0,4.064190824843268,0.0,0.0
20.0,4.058397213580085,0.0,0.0
20.0,4.063174039271059,0.0,0.0
20.0,4.038385018403657,0.0,0.1876017791979086
20.0,3.965029931659244,0.0,0.5076283597619381
20.0,3.8784371901334573,0.0,0.7724779624941794
20.0,3.616108044580097,0.0,1.5118496564345412
20.0,3.358942594517438,0.0,1.8760178309575357
20.0,3.18872361041869,0.0,1.8870530978950086
20.0,3.088747143031416,0.0,1.732557801632393
20.0,3.0669503840423324,0.0,1.4125310066868884
20.0,3.137482469661263,0.0,0.9600796832244132
20.0,3.29519335155385,0.0,0.43038055571683004
20.0,3.482785997642083,0.0,0.011035398489741315
20.0,3.6014922753677414,0.0,0.0
20.0,3.7142038255821213,0.0,0.0
20.0,3.8421771317168893,0.0,0.0
20.0,3.9737520137740807,0.0,0.0
20.0,4.101750688428211,0.0,0.0
20.0,4.229797357188436,0.0,0.0
20.0,4.353558422911859,0.0,0.0
20.0,4.4804168923412115,0.0,0.0
20.0,4.595966092570104,0.0,0.0
20.0,4.70508709269862,0.0,0.0
20.0,4.7962490014308825,0.0,0.0
20.0,4.8695805521921685,0.0,0.0
20.0,4.922862285131171,0.0,0.0
20.0,4.861940411031853,0.0,0.32002656107480437
20.0,4.674228105578797,0.0,0.8828319571362051
20.0,4.408975986148272,0.0,1.3573540483443256
20.0,4.062994755541869,0.0,1.67738068737603
20.0,3.6988774605474624,0.0,1.8539471411687907
20.0,3.4477786378168416,0.0,1.6663451086109575
20.0,3.3453920587960115,0.0,1.5228850792858142
20.0,3.3662741665123033,0.0,1.3904601609843432
20.0,3.5431972150186306,0.0,0.9380089154787679
20.0,3.7887114435204743,0.0,0.4083097489927349
20.0,3.9854757953949913,0.0,0.0
20.0,4.05813584497707,0.0,0.0
20.0,4.100436257731659,0.0,0.0
20.0,4.119599407035566,0.0,0.0
20.0,4.137418044822091,0.0,0.0
20.0,4.182898784590409,0.0,0.0
20.0,4.2515517204590685,0.0,0.0
20.0,4.355207188494258,0.0,0.0
20.0,4.499391008835325,0.0,0.0
20.0,4.669164098043402,0.0,0.0
20.0,4.848692013205235,0.0,0.0
20.0,5.014082757272545,0.0,0.0
20.0,5.140407844845225,0.0,0.0
20.0,5.214800844444552,0.0,0.0
20.0,4.793084166901778,0.0,1.468707131940395
20.0,3.926069859010863,0.0,3.7430488601355276
20.0,3.9589032782778997,0.0,2.1903485384570582
20.0,3.9973943490392565,0.0,1.4787435437945238
20.0,4.020704022836523,0.0,1.0373275652264211
20.0,3.932227253780689,0.0,1.0483629880776937
20.0,3.6934211025898227,0.0,1.5118496564345412
20.0,3.59156357338825,0.0,1.368389471195598
20.0,3.6438095805511694,0.0,0.9269735705843953
20.0,3.8271425592891073,0.0,0.3862389812470897
20.0,4.055199948985367,0.0,0.0
20.0,4.198350730363219,0.0,0.0
20.0,4.284487604946424,0.0,0.0
20.0,4.307748472556252,0.0,0.0
20.0,4.320250154411316,0.0,0.0
20.0,4.349293666234978,0.0,0.0
20.0,4.410567634686215,0.0,0.0
20.0,4.478359833078228,0.0,0.0
20.0,4.525901558586072,0.0,0.0
20.0,4.55262316106762,0.0,0.0
20.0,4.585072188265565,0.0,0.0
20.0,4.650849335082562,0.0,0.0
20.0,4.737469130220909,0.0,0.0
20.0,4.826021126130501,0.0,0.0
20.0,4.818022334574521,0.0,0.16553099196303844
20.0,4.696091750581302,0.0,0.48555755303784287
20.0,4.5565749641905855,0.0,0.7393717718972619
20.0,4.434240291216039,0.0,0.9269735705843953
20.0,4.343277745605721,0.0,1.0262921423751485
20.0,4.275558190109587,0.0,1.0373275652264211
20.0,4.077553453637358,0.0,1.4897789666457963
20.0,3.979456638054907,0.0,1.3463186254930526
20.0,4.021182751816434,0.0,0.8166194979854698
20.0,4.13385530306159,0.0,0.3310619839260769
20.0,4.288869598493054,0.0,0.0
20.0,4.395866389364576,0.0,0.0
20.0,4.493504015351007,0.0,0.0
20.0,4.589983923234913,0.0,0.0
20.0,4.695610239822183,0.0,0.0
20.0,4.795717937111096,0.0,0.0
20.0,4.8996006019238605,0.0,0.0
20.0,5.014907881976226,0.0,0.0
20.0,5.135605648582075,0.0,0.0
20.0,5.261648796523368,0.0,0.0
20.0,5.396550525210663,0.0,0.0
20.0,5.556638712416817,0.0,0.0
20.0,5.726471927849109,0.0,0.0
20.0,5.888897507381133,0.0,0.0
20.0,5.7102559556022126,0.0,1.0248421882037844
20.0,4.6701052137716434,0.0,4.621917217751838
20.0,3.4312035715019413,0.0,7.310953059812764
20.0,2.220454791805023,0.0,8.726024354478216
20.0,1.0139047449730747,0.0,9.477812262193563
20.0,0.026983345013908953,0.0,9.542001306505302
20.252684082928997,0.0,0.0,8.875769105873324
20.445780880342028,0.0,0.0,7.478513711617151
20.19309679741303,0.3028192833180057,0.0,4.112856758601455
20.0,0.9746347211765936,0.0,2.0601782715466697
20.0,2.0367134489350915,0.0,0.0
20.0,2.5172677956907297,0.0,0.0
20.0,2.8469054700757344,0.0,0.0
20.0,3.076383539658782,0.0,0.0
20.0,3.276503419451619,0.0,0.0
20.0,3.489836884523263,0.0,0.0
20.0,3.7073233578266565,0.0,0.0
20.0,3.923749174743563,0.0,0.0
20.0,4.125752675741849,0.0,0.0
20.0,4.3028546352270975,0.0,0.0
20.0,4.4808633411456125,0.0,0.0
20.0,4.687348371643772,0.0,0.0
20.0,4.907716940118076,0.0,0.0
20.0,5.101178492715448,0.0,0.0
20.0,4.682929574853236,0.0,1.703089399610372
20.0,3.541382716924951,0.0,4.99682401596829
20.0,2.3694130805106397,0.0,7.232215578801514
20.0,1.2579421517698615,0.0,8.59010405631884
20.0,0.23249057888199684,0.0,9.478289157283825
20.247042431026145,0.0,0.0,9.542907159267823
20.57799855327308,0.0,0.0,8.70486903157766
20.653359153537984,0.0,0.0,7.4624396408367035
20.439449497267816,0.0,0.0,5.293502028716793
20.117046465976767,0.6433597298220735,0.0,2.100439178071244
20.0,1.7180557436779216,0.0,0.0
20.0,2.3285092345654346,0.0,0.0
20.0,2.7931340103171616,0.0,0.0
20.0,3.1813078860464077,0.0,0.0
20.0,3.5070218707140883,0.0,0.0
20.0,3.7868078946415737,0.0,0.0
20.0,4.025960675159464,0.0,0.0
20.0,4.245496344313982,0.0,0.0
20.0,4.467515986783409,0.0,0.0
20.0,4.692744851354922,0.0,0.0
20.0,4.901851467549988,0.0,0.0
20.0,5.0726997725062475,0.0,0.0
20.0,5.220818713620861,0.0,0.0
20.0,5.340964910842352,0.0,0.0
20.0,5.254985017900948,0.0,0.6535693407783195
20.0,4.983657219416434,0.0,1.5130731051109954
20.0,4.7619359509492725,0.0,2.069799298313255
20.0,4.433657102126073,0.0,2.73607818482053
20.0,4.134030003916543,0.0,2.9766266366605665
20.0,2.1763041941963372,0.0,8.791467109699655
20.0,1.144593124789042,0.0,9.054340782369431
20.0,1.204453783089185,0.0,6.136811059419467
20.0,1.1999725443273443,0.0,4.984393237008517
20.0,2.0166297162743856,0.0,1.8714852762770517
20.0,2.968774472114439,0.0,0.0
20.0,3.456463910153567,0.0,0.0
20.0,3.825496655098371,0.0,0.0
20.0,4.095275827282158,0.0,0.0
20.0,4.326331434528321,0.0,0.0
20.0,4.547714835837541,0.0,0.0
20.0,4.7739282933051514,0.0,0.0
20.0,4.9978791913451035,0.0,0.0
20.0,5.178699710651328,0.0,0.0
20.0,5.332947221324559,0.0,0.0
20.0,5.465502114039102,0.0,0.0
20.0,5.568487820997236,0.0,0.0
20.0,5.6658213912545765,0.0,0.0
20.0,5.772125420456812,0.0,0.0
20.0,5.743309532657004,0.0,0.5299530610797245
20.0,5.500071266992964,0.0,1.4736364671389308
20.0,5.2574130707174485,0.0,2.1445945507053294
20.0,4.891717864877622,0.0,2.678672832741759
20.0,4.4474615396393995,0.0,2.9896393012578484
20.0,2.2666778835611816,0.0,8.953135617547062
20.0,1.1674835560816994,0.0,8.745553974105214
20.0,0.7845461737517245,0.0,6.853226148281246
20.0,0.793378722614329,0.0,4.8493266148081124
20.0,1.7198508554664134,0.0,1.1540187985501575
20.0,2.432422633669759,0.0,0.0
20.0,2.8300255911930354,0.0,0.0
20.0,3.099527514909148,0.0,0.0
20.0,3.250719864810744,0.0,0.0
20.0,3.322753528230266,0.0,0.0
20.0,3.341357298818483,0.0,0.0
20.0,3.350914178913679,0.0,0.0
20.0,3.373090105994561,0.0,0.0
20.0,3.4438423257053605,0.0,0.0
20.0,3.552142076152765,0.0,0.0
20.0,3.669443965969096,0.0,0.0
20.0,3.7818594624548614,0.0,0.0
20.0,3.85650480774076,0.0,0.0
20.0,3.919696508059399,0.0,0.0
20.0,3.913321919864433,0.0,0.24277877651892144
20.0,3.747844258087886,0.0,0.7835133073885521
20.0,3.307637728676151,0.0,1.9048672745973019
20.0,2.831501565699194,0.0,2.2330843480594256
20.0,0.5351152731020798,0.0,8.44116205115123
20.0,0.0033840520868721395,0.0,6.306588671179822
20.0,0.6512393070463925,0.0,1.854731995721281
20.0,0.6957371573547991,0.0,1.7581256859919776
20.0,0.9494203194737363,0.0,0.8717965342849326
20.0,1.2387805876547322,0.0,0.2979557738399342
20.0,1.49076080367168,0.0,0.0
20.0,1.6675004834495726,0.0,0.0
20.0,1.817175982310671,0.0,0.0
20.0,1.9255811119516955,0.0,0.0
20.0,1.9953644553633463,0.0,0.0
20.0,2.02886089716409,0.0,0.0
20.0,2.029549701565734,0.0,0.0
20.0,2.0285283199899116,0.0,0.0
20.0,2.0473518866944103,0.0,0.0
20.0,2.1055198287955297,0.0,0.0
20.0,2.2335052114646774,0.0,0.0
20.0,2.42570757508632,0.0,0.0
20.0,2.634180254303873,0.0,0.0
20.0,2.7945699395100143,0.0,0.0
20.0,2.547021575601991,0.0,0.7359587055725832
20.0,1.4153650399726434,0.0,3.6603833434305373
20.0,0.38029322901586254,0.0,5.2524915155026335
20.0,0.9106321171335245,0.0,1.5339205021370865
20.0,0.940845006733507,0.0,1.6884161102273025
20.0,1.0494424974251644,0.0,1.5228850792858142
20.0,1.1608229898464841,0.0,1.3794248940468705
20.0,1.2723671856310101,0.0,1.224929207999755
20.0,1.4737509315485497,0.0,0.8055840751341973
20.0,1.7506419625015406,0.0,0.2758849866050641
20.0,2.0034195849738494,0.0,0.0
20.0,2.1944269141871335,0.0,0.0
20.0,2.368071060310079,0.0,0.0
20.0,2.524848580711332,0.0,0.0
20.0,2.658303370167317,0.0,0.0
20.0,2.752086225909208,0.0,0.0
20.0,2.842585347491056,0.0,0.0
20.0,2.9564097373496367,0.0,0.0
20.0,3.1586286214557506,0.0,0.0
20.0,3.4044836395444467,0.0,0.0
20.0,3.6468761504629783,0.0,0.0
20.0,3.806108221467285,0.0,0.0
20.0,3.849709835325015,0.0,0.0
20.0,3.8762491178921805,0.0,0.0
20.0,3.898937859828228,0.0,0.16553099196303844
20.0,3.2160277887438458,0.0,2.759101566293542
20.0,2.20952558224505,0.0,5.418206041304592
20.0,2.0547030181329156,0.0,3.8611559520121252
20.0,0.9894076770793375,0.0,5.964281400610151
20.0,1.4831522307803728,0.0,1.8318762954662458
20.0,1.315298184924177,0.0,2.1481452582402065
20.0,0.3676837883544148,0.0,5.283127835952564
20.0,0.6394657722411162,0.0,3.303048931079804
20.0,1.601635349101408,0.0,0.24277877651892144
20.0,2.0443882056855687,0.0,0.0
20.0,2.3337025565072524,0.0,0.0
20.0,2.5634782411626413,0.0,0.0
20.0,2.748077034409248,0.0,0.0
20.0,2.8948341183312163,0.0,0.0
20.0,2.9966783682953166,0.0,0.0
20.0,3.054910680454761,0.0,0.0
20.0,3.079730182457311,0.0,0.0
20.0,3.081053589125513,0.0,0.0
20.0,3.067895696408167,0.0,0.0
20.0,3.077274708140701,0.0,0.0
20.0,3.147075816346001,0.0,0.0
20.0,3.251917345237137,0.0,0.0
20.0,3.346945375098771,0.0,0.0
20.0,3.307796349525169,0.0,0.14346018523894336
20.0,3.0463607543359914,0.0,0.6952300804921716
20.0,2.787000294521438,0.0,1.0262921423751485
20.0,2.7085551145430427,0.0,0.838690343688015
20.0,2.6507551113976744,0.0,0.9380089154787679
20.0,2.6277722115805955,0.0,0.9490443383300405
20.0,2.4909451753306184,0.0,1.3463186254930526
20.0,2.4137437382293703,0.0,1.1918230953597369
20.0,2.428212093397435,0.0,0.7614425396429071
20.0,2.5506755974959296,0.0,0.23174339264609883
20.0,2.694208582249016,0.0,0.0
20.0,2.8076378611592454,0.0,0.0
20.0,2.891613672984337,0.0,0.0
20.0,2.954432095176453,0.0,0.0
20.0,3.010355247635865,0.0,0.0
20.0,3.0655495484947863,0.0,0.0
20.0,3.1690647343606946,0.0,0.0
20.0,3.3181873614430435,0.0,0.0
20.0,3.501341596020308,0.0,0.0
20.0,3.6989545184289936,0.0,0.0
20.0,3.8904205209478424,0.0,0.0
20.0,4.044958778114678,0.0,0.0
20.0,4.143050995635826,0.0,0.0
20.0,4.2397883391928755,0.0,0.0
20.0,3.9702811593478606,0.0,1.2617031610330351
20.0,2.9871404368316146,0.0,4.680254023419503
20.0,1.979869086098673,0.0,6.779523772491365
20.0,0.7368234470155585,0.0,8.577338730333791
20.01034086563809,0.0,0.0,7.876934780047946
20.343645298091396,0.0,0.0,7.594989654708683
21.021538929756403,0.0,0.0,9.022736113522674
21.07403019368888,0.0,0.0,5.7202843738477265
20.70129387733703,0.0,0.0,4.256901910306122
20.315498180951245,0.31950142908436346,0.0,1.3514964622968202
20.0,0.9519978134937992,0.0,0.0
20.0,1.4817686690977037,0.0,0.0
20.0,1.9293547132179567,0.0,0.0
20.0,2.3235682559126873,0.0,0.0
20.0,2.6577145609603594,0.0,0.0
20.0,2.904294143840598,0.0,0.0
20.0,3.0369891083852982,0.0,0.0
20.0,3.1321251858775536,0.0,0.0
20.0,3.227425517721365,0.0,0.0
20.0,3.353902572216264,0.0,0.0
20.0,3.5159500884899253,0.0,0.0
20.0,3.6837373844111103,0.0,0.0
20.0,3.8391113621776136,0.0,0.0
20.0,3.9315602308846342,0.0,0.0
20.0,3.8558611548469264,0.0,0.14346018523894336
20.0,3.4826094606897176,0.0,0.6621239678521538
20.0,3.0514339762715745,0.0,1.1035399464202564
20.0,2.5971850865197887,0.0,1.4346018523894333
20.0,2.1785261110533205,0.0,1.7159454575160118
20.0,1.703117247529816,0.0,2.46673097837148
20.0,1.5834389333590095,0.0,2.301698269780464
20.0,1.9434220932852055,0.0,1.1697522496571922
20.0,2.2865779788482583,0.0,0.6510885450008812
20.0,2.628750422172161,0.0,0.17656637583586104
20.0,2.818678886162161,0.0,0.0
20.0,2.918572204049528,0.0,0.0
20.0,3.009004748623071,0.0,0.0
20.0,3.094035514072691,0.0,0.0
20.0,3.1733501121144947,0.0,0.0
20.0,3.246879889748525,0.0,0.0
20.0,3.281755239447812,0.0,0.0
20.0,3.3088237932127553,0.0,0.0
20.0,3.3381832564466136,0.0,0.0
20.0,3.3860927112884385,0.0,0.0
20.0,3.4668481058475624,0.0,0.0
20.0,3.5896168607004397,0.0,0.0
20.0,3.7588859867452182,0.0,0.0
20.0,3.9322478886984347,0.0,0.0
20.0,4.00582032001781,0.0,0.14346017549433082
20.0,3.3064381245724186,0.0,2.690241888429828
20.0,2.0550617314155692,0.0,6.084513379808387
20.0,0.899380070315205,0.0,8.034752486416075
20.09932449927289,0.0,0.0,9.53859277434205
20.370126870951168,0.0,0.0,8.665917837831572
20.363587574023313,0.0,0.0,6.1885919304815875
20.470849690998328,0.0,0.0,7.526468975852147
20.416759197492198,0.0,0.0,5.033757091283068
20.038694708838904,0.8687685187776596,0.0,1.425745469291388
20.0,1.8551707147857732,0.0,0.0
20.0,2.44092302087734,0.0,0.0
20.0,2.886273446965101,0.0,0.0
20.0,3.230945832193837,0.0,0.0
20.0,3.522106294788011,0.0,0.0
20.0,3.7656823021741648,0.0,0.0
20.0,3.9595408279634445,0.0,0.0
20.0,4.110976471392148,0.0,0.0
20.0,4.207113821549639,0.0,0.0
20.0,4.2538419295537215,0.0,0.0
20.0,4.271878944344748,0.0,0.0
20.0,4.274459192091308,0.0,0.0
20.0,4.29181455185227,0.0,0.0
20.0,4.3045488110436585,0.0,0.0
20.0,4.278262284381376,0.0,0.12138938825946072
20.0,4.077461869655535,0.0,0.6400531221496087
20.0,3.8632542533729026,0.0,1.1587169047628192
20.0,3.641679237704787,0.0,1.6404464426778316
20.0,3.5507741869013825,0.0,1.6001328833309219
20.0,3.5273913321889268,0.0,1.423566429538161
20.0,3.63074581024718,0.0,0.8166194979854698
20.0,3.659810274165761,0.0,0.6510885450008812
20.0,3.73334838319337,0.0,0.3972743261414623
20.0,3.8794763585029592,0.0,0.1544955788563784
20.0,4.061348653230105,0.0,0.0
20.0,4.2055101138266435,0.0,0.0
20.0,4.29185266441242,0.0,0.0
20.0,4.294100080755928,0.0,0.0
20.0,4.267442306525117,0.0,0.0
20.0,4.2401274815584875,0.0,0.0
20.0,4.245538379626588,0.0,0.0
20.0,4.2808987477910785,0.0,0.0
20.0,4.338648581837001,0.0,0.0
20.0,4.426446477388138,0.0,0.0
20.0,4.517436241942649,0.0,0.0
20.0,4.580026935786768,0.0,0.0
20.0,4.628278200763137,0.0,0.0
20.0,4.659352219492251,0.0,0.0
20.0,4.6388355646394075,0.0,0.09931858153536557
20.0,4.4861153517441315,0.0,0.6179823154255136
20.0,4.284845855233079,0.0,1.0593982550151664
20.0,4.078566957917945,0.0,1.3794248940468705
20.0,3.8986615804222833,0.0,1.5559911919258316
20.0,3.812579168553598,0.0,1.4014955838356156
20.0,3.8902563163890918,0.0,0.8055840751341973
20.0,3.928744246068826,0.0,0.6400531221496087
20.0,4.017232652282982,0.0,0.3862389812470897
20.0,4.142075945978641,0.0,0.14346018523894336
20.0,4.274515025389653,0.0,0.0
20.0,4.378331547638,0.0,0.0
20.0,4.470832611560982,0.0,0.0
20.0,4.545400925668792,0.0,0.0
20.0,4.609928078370196,0.0,0.0
20.0,4.65478377708297,0.0,0.0
20.0,4.677812834605146,0.0,0.0
20.0,4.700607744124233,0.0,0.0
20.0,4.742427157653477,0.0,0.0
20.0,4.815393245527051,0.0,0.0
20.0,4.889494711456096,0.0,0.0
20.0,4.9338994353348,0.0,0.0
20.0,4.957207140859052,0.0,0.0
20.0,4.975858176769924,0.0,0.0
20.0,4.966897187642907,0.0,0.08828318791793052
20.0,4.833865808964709,0.0,0.5959115476798684
20.0,4.704817592836076,0.0,0.9380089154787679
20.0,4.706578687549731,0.0,0.7835133073885521
20.0,4.676071285633087,0.0,0.8828319571362051
20.0,4.664226496048415,0.0,0.8828319571362051
20.0,4.531417694152115,0.0,1.2580354765535724
20.0,4.515976687022953,0.0,1.0925045235689839
20.0,4.63408246752527,0.0,0.5959115476798684
20.0,4.839380582108707,0.0,0.08828318791793052
20.0,4.990277042262476,0.0,0.0
20.0,5.10623792300498,0.0,0.0
20.0,5.180899579250456,0.0,0.0
20.0,5.233297331237571,0.0,0.0
20.0,5.2603834627035555,0.0,0.0
20.0,5.2789134550167685,0.0,0.0
20.0,5.292498959297574,0.0,0.0
20.0,5.313393741531699,0.0,0.0
20.0,5.342195816602527,0.0,0.0
20.0,5.378525073469694,0.0,0.0
20.0,5.43298416833259,0.0,0.0
20.0,5.487643749654825,0.0,0.0
20.0,5.562544072865477,0.0,0.0
20.0,5.642835725786054,0.0,0.0
20.0,5.713092305035356,0.0,0.044141598831271514
20.0,5.712238372478031,0.0,0.3310619839260769
20.0,5.685761375593113,0.0,0.5848761248285961
20.0,5.487901271676181,0.0,1.2028585182110099
20.0,5.3032017924069965,0.0,1.5228850792858142
20.0,5.241729002133822,0.0,1.3794248940468705
20.0,5.36957951045701,0.0,0.7945486522829246
20.0,5.453216955082996,0.0,0.6179823154255136
20.0,5.56036308179295,0.0,0.3752035583958172
20.0,5.6690466854770785,0.0,0.12138938825946072
20.0,5.736287818266913,0.0,0.0
20.0,5.768092784845139,0.0,0.0
20.0,5.816440927178337,0.0,0.0
20.0,5.887858561092911,0.0,0.0
20.0,5.958613017845726,0.0,0.0
20.0,6.0202125142085094,0.0,0.0
20.0,6.052381833246431,0.0,0.0
20.0,6.082096846054086,0.0,0.0
20.0,6.11675295647764,0.0,0.0
20.0,6.153652333506818,0.0,0.0
20.0,6.1761704167911295,0.0,0.0
20.0,6.176251532914143,0.0,0.0
20.0,6.1518209329907325,0.0,0.0
20.0,6.12900866961088,0.0,0.0
20.0,6.113444303682222,0.0,0.0662123909384479
20.0,5.992600132928039,0.0,0.5628053181045007
20.0,5.862860274911897,0.0,0.9049027248818503
20.0,5.811647312405111,0.0,0.7614425396429071
20.0,5.532606533725306,0.0,1.3463186254930526
20.0,5.273092982432653,0.0,1.5118496564345412
20.0,5.0801278155527125,0.0,1.3794248940468705
20.0,4.090507026205459,0.0,4.1225188785026425
20.0,3.404570653399221,0.0,4.999430571239488
20.0,4.506803413603201,0.0,0.11035399464202564
20.0,4.915714153413282,0.0,0.0
20.0,5.208503094008952,0.0,0.0
20.0,5.438966719437037,0.0,0.0
20.0,5.583031039600149,0.0,0.0
20.0,5.6844424129691635,0.0,0.0
20.0,5.7523836030409115,0.0,0.0
20.0,5.8118141268544425,0.0,0.0
20.0,5.860565943169915,0.0,0.0
20.0,5.903190939075187,0.0,0.0
20.0,5.9475733672292215,0.0,0.0
20.0,6.013761880454064,0.0,0.0
20.0,6.100308947564303,0.0,0.0
20.0,6.200007866358081,0.0,0.0
20.0,6.300330398219303,0.0,0.0
20.0,6.340719623629864,0.0,0.0662123909384479
20.0,6.207267442696975,0.0,0.5517699732101282
20.0,5.997397430192626,0.0,0.9821505289269584
20.0,5.731259673198535,0.0,1.3132125128530354
20.0,5.465266797124972,0.0,1.4897789666457963
20.0,5.243364737024134,0.0,1.5008142335832688
20.0,5.1400421235408595,0.0,1.3463186254930526
20.0,5.157339050717565,0.0,1.0483629880776937
20.0,5.290030844175821,0.0,0.5517699732101282
20.0,5.45290395685824,0.0,0.0662123909384479
20.0,5.514048220929173,0.0,0.0
20.0,5.5470635646848265,0.0,0.0
20.0,5.603123864811318,0.0,0.0
20.0,5.672504927033515,0.0,0.0
20.0,5.735807495131836,0.0,0.0
20.0,5.74056951550112,0.0,0.0
20.0,5.715429468442211,0.0,0.0
20.0,5.688261763907875,0.0,0.0
20.0,5.692085888297006,0.0,0.0
20.0,5.743946690299498,0.0,0.0
20.0,5.79426976559581,0.0,0.0
20.0,5.81282345626483,0.0,0.0
20.0,5.7839381404455015,0.0,0.0
20.0,5.744687676182204,0.0,0.0
20.0,5.712301938432146,0.0,0.03310619546922395
20.0,5.640357876674106,0.0,0.2979557738399342
20.0,5.546796457055598,0.0,0.5628053181045007
20.0,5.317611861529254,0.0,1.1587169047628192
20.0,5.101549169334766,0.0,1.467708120943251
20.0,4.948304452730243,0.0,1.4787435437945238
20.0,4.853280978452579,0.0,1.3352832026417805
20.0,4.83345379382021,0.0,1.0262921423751485
20.0,4.889307080336649,0.0,0.606946931552691
20.0,5.026456882563669,0.0,0.11035399464202564
20.0,5.0947032366975975,0.0,0.0
20.0,5.119392254297127,0.0,0.0
20.0,5.126717191099169,0.0,0.0
20.0,5.106881464984424,0.0,0.0
20.0,5.0783023442197655,0.0,0.0
20.0,5.045779184067828,0.0,0.0
20.0,5.014186303756836,0.0,0.0
20.0,4.996945875620796,0.0,0.0
20.0,4.988758775853502,0.0,0.0
20.0,5.006301722252401,0.0,0.0
20.0,5.060462601012081,0.0,0.0
20.0,5.155431902788372,0.0,0.0
20.0,5.269715287064052,0.0,0.0
20.0,5.3626662854645195,0.0,0.0
20.0,5.35125325869346,0.0,0.05517699732101282
20.0,5.152585255913679,0.0,0.5186637826132106
20.0,4.894834722018972,0.0,0.9490443383300405
20.0,4.648144945258852,0.0,1.2801062442992175
20.0,4.48083750379119,0.0,1.4566726980919789
20.0,4.410334250115403,0.0,1.3132125128530354
20.0,4.356482104986725,0.0,1.1807876725084643
20.0,4.319308934504597,0.0,1.0152567195238762
20.0,4.369069015880668,0.0,0.5959115476798684
20.0,4.4772695215003795,0.0,0.11035399464202564
20.0,4.524523716811276,0.0,0.0
20.0,4.544091311852042,0.0,0.0
20.0,4.584464837697694,0.0,0.0
20.0,4.626862778338302,0.0,0.0
20.0,4.664702767014339,0.0,0.0
20.0,4.670051436304161,0.0,0.0
20.0,4.6243571727093995,0.0,0.0
20.0,4.570737683718115,0.0,0.0
20.0,4.516606659057968,0.0,0.0
20.0,4.490136480226946,0.0,0.0
20.0,4.484371067017111,0.0,0.0
20.0,4.51213861732409,0.0,0.0
20.0,4.555312547018338,0.0,0.0
20.0,4.59830443815797,0.0,0.0
20.0,4.615237990528362,0.0,0.02207079697948263
20.0,4.542685615480909,0.0,0.2869203704778867
20.0,4.435408626211469,0.0,0.5407345503588555
20.0,4.216785689781293,0.0,1.136646059060274
20.0,4.041913629437808,0.0,1.4346018523894333
20.0,3.9864337700879693,0.0,1.3021770900017624
20.0,4.080228586572177,0.0,0.7504071167916344
20.0,4.033389446722835,0.0,0.9049027248818503
20.0,4.121060221159043,0.0,0.5186637826132106
20.0,4.286878793294001,0.0,0.05517699732101282
20.0,4.392554636008426,0.0,0.0
20.0,4.458165487958452,0.0,0.0
20.0,4.476780603348008,0.0,0.0
20.0,4.4757007237873525,0.0,0.0
20.0,4.475490466852918,0.0,0.0
20.0,4.52609732587095,0.0,0.0
20.0,4.628557932513456,0.0,0.0
20.0,4.723162432970679,0.0,0.0
20.0,4.785876298000092,0.0,0.0
20.0,4.815316896515417,0.0,0.0
20.0,4.839994448677664,0.0,0.0
20.0,4.890303914927636,0.0,0.0
20.0,4.985739473632339,0.0,0.0
20.0,5.09700371498174,0.0,0.0
20.0,5.2060741680345055,0.0,0.02207079697948263
20.0,5.243166866729597,0.0,0.2758849866050641
20.0,5.212389298003674,0.0,0.5296991275075832
20.0,4.9698570661773225,0.0,1.1145752133577291
20.0,4.690675912968064,0.0,1.423566429538161
20.0,4.460648406714673,0.0,1.4346018523894333
20.0,4.295932887651037,0.0,1.29114166715049
20.0,4.249449281494995,0.0,1.0042213746295034
20.0,4.340089772232927,0.0,0.606946931552691
20.0,4.566323500138476,0.0,0.08828318791793052
20.0,4.762959823975204,0.0,0.0
20.0,4.9360210858889895,0.0,0.0
20.0,5.07213436502834,0.0,0.0
20.0,5.15787958531697,0.0,0.0
20.0,5.2338142478878895,0.0,0.0
20.0,5.312421366864898,0.0,0.0
20.0,5.393635739704106,0.0,0.0
20.0,5.477147928407156,0.0,0.0
20.0,5.554569689229716,0.0,0.0
20.0,5.604067268596602,0.0,0.0
20.0,5.651582716816565,0.0,0.0
20.0,5.6981907783436165,0.0,0.0
20.0,5.743324264610807,0.0,0.0
20.0,5.781851607382543,0.0,0.0
20.0,5.8020935175606265,0.0,0.02207079697948263
20.0,5.746842378742843,0.0,0.2648495637537916
20.0,5.631424858063231,0.0,0.5186637826132106
20.0,5.476240710158583,0.0,0.7062655033434442
20.0,5.305644069160779,0.0,0.8055840751341973
20.0,5.161250993538092,0.0,0.8166194979854698
20.0,5.097734397323883,0.0,0.7283363490459894
20.0,5.111803718332925,0.0,0.5628053181045007
20.0,5.194372280746304,0.0,0.32002656107480437
20.0,5.327039429655851,0.0,0.04414159395896526
20.0,5.400344594854897,0.0,0.0
20.0,5.444356467305697,0.0,0.0
20.0,5.474689827713519,0.0,0.0
20.0,5.475604648018472,0.0,0.0
20.0,5.479547277782622,0.0,0.0
20.0,5.523622708557167,0.0,0.0
20.0,5.595180652061447,0.0,0.0
20.0,5.6684540225925835,0.0,0.0
20.0,5.729483589981448,0.0,0.0
20.0,5.748657475906495,0.0,0.0
20.0,5.756804995901006,0.0,0.0
20.0,5.763476356495804,0.0,0.0
20.0,5.784026549756777,0.0,0.0
20.0,5.818568384948642,0.0,0.0
20.0,5.850301363382734,0.0,0.022070799415635757
20.0,5.824334431696488,0.0,0.25381417988096905
20.0,5.745081009515706,0.0,0.5076283597619381
20.0,5.576806678829089,0.0,0.6952300804921716
20.0,5.361903975548735,0.0,0.7945486522829246
20.0,5.161423318929835,0.0,0.8055840751341973
20.0,5.025290260439021,0.0,0.7173009261947166
20.0,4.90843650105799,0.0,0.8717965342849326
20.0,4.974739450741246,0.0,0.5517699732101282
20.0,5.161853934169234,0.0,0.08828318791793052
20.0,5.311100180825225,0.0,0.0
20.0,5.441408290843966,0.0,0.0
20.0,5.5422875551849895,0.0,0.0
20.0,5.637137422902694,0.0,0.0
20.0,5.737135730063196,0.0,0.0
20.0,5.847417961982889,0.0,0.0
20.0,5.981387815517074,0.0,0.0
20.0,6.117970591760879,0.0,0.0
20.0,6.232053998744037,0.0,0.0
20.0,6.324678814960328,0.0,0.0
20.0,6.399926952425989,0.0,0.0
20.0,6.473105430689506,0.0,0.0
20.0,6.542631580314264,0.0,0.0
20.0,6.593341619118227,0.0,0.0
20.0,6.5956323481075945,0.0,0.011035398489741315
20.0,5.37025323036877,0.0,4.100528126782522
20.0,4.154895622247503,0.0,6.655282305239655
20.0,3.6305745293425895,0.0,6.327412202042223
20.0,2.6037781998626452,0.0,8.389629206245052
20.0,2.4668316826741807,0.0,6.880889880342493
20.0,1.6689161001084478,0.0,8.738891284109712
20.0,1.7270123879688375,0.0,7.111803600951658
20.0,2.2947331695988153,0.0,4.741160884617085
20.0,3.700163549510463,0.0,0.7131844734996948
20.0,4.485554338658039,0.0,0.0
20.0,4.953568801735705,0.0,0.0
20.0,5.287755890395476,0.0,0.0
20.0,5.494452737406682,0.0,0.0
20.0,5.654886488471917,0.0,0.0
20.0,5.796564242110763,0.0,0.0
20.0,5.935340248166831,0.0,0.0
20.0,6.09217725867049,0.0,0.0
20.0,6.262430386982491,0.0,0.0
20.0,6.455423308964155,0.0,0.0
20.0,6.6537737578481755,0.0,0.0
20.0,6.851322096210659,0.0,0.0
20.0,7.016227510891516,0.0,0.0
20.0,7.136791240996486,0.0,0.0
20.0,7.1968872819967595,0.0,0.011035398489741315
20.0,5.987434113320859,0.0,4.050934042503957
20.0,5.028938127718186,0.0,5.8404311759062
20.0,3.9207613422998024,0.0,7.913645013668716
20.0,3.1903954517889765,0.0,8.300651766136674
20.0,3.0150252522479986,0.0,7.076381677800845
20.0,2.5946922537528248,0.0,7.500751828621568
20.0,2.4016742729039593,0.0,7.1010878795305485
20.0,2.8859937693137825,0.0,4.759727988879093
20.0,4.3001020347013075,0.0,0.5489715825534551
20.0,5.030809871110517,0.0,0.0
20.0,5.473235140175376,0.0,0.0
20.0,5.789846927930703,0.0,0.0
20.0,5.98519144051203,0.0,0.0
20.0,6.14770118046172,0.0,0.0
20.0,6.305262480967091,0.0,0.0
20.0,6.491713151288212,0.0,0.0
20.0,6.674972121815064,0.0,0.0
20.0,6.845540922630647,0.0,0.0
20.0,6.979277894317815,0.0,0.0
20.0,7.111942012966586,0.0,0.0
20.0,7.2555244459967385,0.0,0.0
20.0,7.405072026718512,0.0,0.0
20.0,7.548016834517855,0.0,0.0
20.0,7.638036072903924,0.0,0.011035398489741315
20.0,6.535635332821087,0.0,3.7162279192682175
20.0,5.382234862731525,0.0,6.292335015364308
20.0,4.275977827973248,0.0,8.088861958565369
20.0,3.2934073548570773,0.0,9.192787056276734
20.0,2.8624086199329435,0.0,8.422413879248017
20.0,2.366853897191872,0.0,8.640545435776854
20.0,2.4191284002690936,0.0,7.1544359116287275
20.0,3.348973036269098,0.0,3.568486851770503
20.0,4.784358138435007,0.0,0.05517699732101282
20.0,5.472889544348056,0.0,0.0
20.0,5.962897382900111,0.0,0.0
20.0,6.260885973456761,0.0,0.0
20.0,6.41898033601071,0.0,0.0
20.0,6.545156820306673,0.0,0.0
20.0,6.723265930469593,0.0,0.0
20.0,6.981098168373532,0.0,0.0
20.0,7.244095394051295,0.0,0.0
20.0,7.455059712219202,0.0,0.0
20.0,7.561989379626967,0.0,0.0
20.0,7.643666626089737,0.0,0.0
20.0,7.726194763343656,0.0,0.0
20.0,7.828090790599477,0.0,0.0
20.0,7.9494381224347785,0.0,0.0
20.0,8.066879880286683,0.0,0.011035398489741315
20.0,7.237340711650572,0.0,3.033487012947311
20.0,6.2386987561939895,0.0,5.541676758474289
20.0,4.8050187209625435,0.0,8.642148947415244
20.0,4.522833201001114,0.0,6.792314028260634
20.0,5.173354126987235,0.0,2.9067175404721874
20.0,5.494471446431061,0.0,1.8428548789121124
20.0,5.836391321404291,0.0,0.9821505289269584
20.0,6.11276957408192,0.0,0.5186637826132106
20.0,6.42147442421546,0.0,0.05517699732101282
20.0,6.602926136529657,0.0,0.0
20.0,6.724936441768271,0.0,0.0
20.0,6.782718694860854,0.0,0.0
20.0,6.803231953694169,0.0,0.0
20.0,6.817251546277976,0.0,0.0
20.0,6.84586567558657,0.0,0.0
20.0,6.902760027763417,0.0,0.0
20.0,6.980569040523801,0.0,0.0
20.0,7.0565361394089186,0.0,0.0
20.0,7.13024224539745,0.0,0.0
20.0,7.198962462889031,0.0,0.0
20.0,7.2441554269512,0.0,0.0
20.0,7.283198935521116,0.0,0.0
20.0,7.3028256471361805,0.0,0.0
20.0,7.29530389276262,0.0,0.011035398489741315
20.0,7.223689906585213,0.0,0.22070798928405128
20.0,7.093678939607133,0.0,0.47452216916502027
20.0,6.946119508325218,0.0,0.6510885450008812
20.0,6.795535632420085,0.0,0.7504071167916344
20.0,6.661941092472802,0.0,0.7614425396429071
20.0,6.570927562331571,0.0,0.684194735597799
20.0,6.515133477332703,0.0,0.5186637826132106
20.0,6.498219953664221,0.0,0.2869203704778867
20.0,6.527149690403231,0.0,0.03310619546922395
20.0,6.521436997589456,0.0,0.0
20.0,6.523560050678885,0.0,0.0
20.0,6.547229592673344,0.0,0.0
20.0,6.589587684201938,0.0,0.0
20.0,6.6290739924507776,0.0,0.0
20.0,6.642762686767253,0.0,0.0
20.0,6.632001697294164,0.0,0.0
20.0,6.602071705450597,0.0,0.0
20.0,6.576956157886719,0.0,0.0
20.0,6.557277569653791,0.0,0.0
20.0,6.54048667350176,0.0,0.0
20.0,6.5426987920130095,0.0,0.0
20.0,6.5487733718432155,0.0,0.0
20.0,6.5557086540389635,0.0,0.0
20.0,6.559672935601014,0.0,0.0
20.0,6.488076250209819,0.0,0.20967258592200375
20.0,6.370694300682217,0.0,0.46348678529219767
20.0,6.238244078580367,0.0,0.6510885450008812
20.0,6.121931854544414,0.0,0.7504071167916344
20.0,6.041718217921977,0.0,0.7614425396429071
20.0,6.0201216565403755,0.0,0.684194735597799
20.0,6.045645530252626,0.0,0.5186637826132106
20.0,6.119791487496736,0.0,0.2758849866050641
20.0,6.206068986663934,0.0,0.03310619546922395
20.0,6.237552273260856,0.0,0.0
20.0,6.2472319092129895,0.0,0.0
20.0,6.241064371932394,0.0,0.0
20.0,6.237011198359032,0.0,0.0
20.0,6.2414626412458,0.0,0.0
20.0,6.281021956096584,0.0,0.0
20.0,6.335366332898362,0.0,0.0
20.0,6.389963232802046,0.0,0.0
20.0,6.41730161080845,0.0,0.0
20.0,6.417518145893191,0.0,0.0
20.0,6.418409620849682,0.0,0.0
20.0,6.449251957479137,0.0,0.0
20.0,6.511027117953086,0.0,0.0
20.0,6.574133046223319,0.0,0.0
20.0,6.6148644207333644,0.0,0.0
20.0,6.505070168504704,0.0,0.3862389812470897
20.0,6.326274629047491,0.0,0.7062655033434442
20.0,6.19820635950323,0.0,0.6400531221496087
20.0,6.003344766125754,0.0,0.7393717718972619
20.0,5.792721899116368,0.0,0.7504071167916344
20.0,5.477533403507648,0.0,1.0593982550151664
20.0,5.264944103195634,0.0,0.8938673799874778
20.0,5.1723538336242765,0.0,0.5296991275075832
20.0,5.209578568775194,0.0,0.05517699732101282
20.0,5.250879460579421,0.0,0.0
20.0,5.293514825421621,0.0,0.0
20.0,5.330885132739002,0.0,0.0
20.0,5.340585598114162,0.0,0.0
20.0,5.344507105378669,0.0,0.0
20.0,5.352830943370153,0.0,0.0
20.0,5.369525394851904,0.0,0.0
20.0,5.415105975983954,0.0,0.0
20.0,5.488256549677843,0.0,0.0
20.0,5.5814329330135095,0.0,0.0
20.0,5.677600317738882,0.0,0.0
20.0,5.725465544098333,0.0,0.0
20.0,5.742428148004846,0.0,0.0
20.0,5.732500579459245,0.0,0.0
20.0,5.714022320580245,0.0,0.0
20.0,5.639884463462116,0.0,0.1876017791979086
20.0,5.51514276744835,0.0,0.45245136244092515
20.0,5.246727561851529,0.0,0.9931859517782307
20.0,4.994135431709308,0.0,1.2801062442992175
20.0,4.798084885284261,0.0,1.3021770900017624
20.0,4.654622751683984,0.0,1.1807876725084643
20.0,4.603974058837007,0.0,0.8938673799874778
20.0,4.648804361227902,0.0,0.47452216916502027
20.0,4.768731511190627,0.0,0.04414159395896526
20.0,4.847941052163458,0.0,0.0
20.0,4.926781118118637,0.0,0.0
20.0,5.003465778137688,0.0,0.0
20.0,5.0805184520177455,0.0,0.0
20.0,5.159479018027657,0.0,0.0
20.0,5.214304887107509,0.0,0.0
20.0,5.265527674156676,0.0,0.0
20.0,5.324451235206806,0.0,0.0
20.0,5.410582565936815,0.0,0.0
20.0,5.524618294422204,0.0,0.0
20.0,5.648157116321188,0.0,0.0
20.0,5.778169875959219,0.0,0.0
20.0,5.9112139357762254,0.0,0.0
20.0,6.0249555600743525,0.0,0.0
20.0,6.103788208044166,0.0,0.0
20.0,6.028217342279604,0.0,0.3641681745229947
20.0,5.846916576064711,0.0,0.8607611114336601
20.0,5.657272019151149,0.0,1.2028585182110099
20.0,5.548375519202462,0.0,1.136646059060274
20.0,5.5497067508362985,0.0,0.7393717718972619
20.0,5.49757516588352,0.0,0.6621239678521538
20.0,5.469334567155845,0.0,0.49659297588911533
20.0,5.470672377707701,0.0,0.2648495637537916
20.0,5.48587266179906,0.0,0.02207079697948263
20.0,5.464896061618969,0.0,0.0
20.0,5.445857921688843,0.0,0.0
20.0,5.452055326913687,0.0,0.0
20.0,5.480180634167118,0.0,0.0
20.0,5.510019917900499,0.0,0.0
20.0,5.5372529439460365,0.0,0.0
20.0,5.543179030514075,0.0,0.0
20.0,5.530280020084206,0.0,0.0
20.0,5.505246932439735,0.0,0.0
20.0,5.478676379951616,0.0,0.0
20.0,5.471331771606856,0.0,0.0
20.0,5.494028626296389,0.0,0.0
20.0,5.538874916962377,0.0,0.0
20.0,5.590441440533581,0.0,0.0
20.0,5.63764038377912,0.0,0.0
20.0,5.605183044040152,0.0,0.17656637583586104
20.0,5.511010636069421,0.0,0.43038055571683004
20.0,5.388397115806211,0.0,0.6179823154255136
20.0,5.14595783224466,0.0,1.1256106362090015
20.0,4.946267301195249,0.0,1.2801062442992175
20.0,4.8227276137429165,0.0,1.1587169047628192
20.0,4.776089362552205,0.0,0.9049027248818503
20.0,4.878812306345313,0.0,0.44141597856810255
20.0,5.100082835246892,0.0,0.03310619546922395
20.0,5.319909683683024,0.0,0.0
20.0,5.53041107749117,0.0,0.0
20.0,5.703425798030042,0.0,0.0
20.0,5.803387425732693,0.0,0.0
20.0,5.860847719277072,0.0,0.0
20.0,5.909502516287078,0.0,0.0
20.0,5.952124952228696,0.0,0.0
20.0,5.9884676309490334,0.0,0.0
20.0,6.009039732308173,0.0,0.0
20.0,6.013318334385444,0.0,0.0
20.0,6.000022711312372,0.0,0.0
20.0,5.966274290569304,0.0,0.0
20.0,5.932005440905316,0.0,0.0
20.0,5.900708837680286,0.0,0.0
20.0,5.872913007237277,0.0,0.0
20.0,5.801729131304625,0.0,0.16553099196303844
20.0,5.672375796694056,0.0,0.43038055571683004
20.0,5.534591574628002,0.0,0.606946931552691
20.0,5.367267515533701,0.0,0.7173009261947166
20.0,5.218060493765871,0.0,0.7283363490459894
20.0,5.010787323627421,0.0,1.0152567195238762
20.0,4.933526587315921,0.0,0.8497256885823874
20.0,4.971177396196775,0.0,0.45245136244092515
20.0,5.091407450909691,0.0,0.03310619546922395
20.0,5.159178366516919,0.0,0.0
20.0,5.2052338715288595,0.0,0.0
20.0,5.226774082801679,0.0,0.0
20.0,5.217155544019074,0.0,0.0
20.0,5.1860731029629346,0.0,0.0
20.0,5.150780074045534,0.0,0.0
20.0,5.1068744781260715,0.0,0.0
20.0,5.053657251177622,0.0,0.0
20.0,4.998617554889513,0.0,0.0
20.0,4.940835535221801,0.0,0.0
20.0,4.880094091489882,0.0,0.0
20.0,4.816484570172025,0.0,0.0
20.0,4.743589149417861,0.0,0.0
20.0,4.670784212154006,0.0,0.0
20.0,4.621344004592287,0.0,0.0
20.0,4.526236024778441,0.0,0.16553099196303844
20.0,4.388245409273829,0.0,0.4193451718440075
20.0,4.2377882364055,0.0,0.606946931552691
20.0,4.092871626242195,0.0,0.7062655033434442
20.0,3.9717912930677834,0.0,0.7283363490459894
20.0,3.8897491073903803,0.0,0.6510885450008812
20.0,3.8681684887812864,0.0,0.48555755303784287
20.0,3.898710722963919,0.0,0.25381417988096905
20.0,3.9545811850028256,0.0,0.02207079697948263
20.0,3.9631298124993113,0.0,0.0
20.0,3.9389236867137756,0.0,0.0
20.0,3.875320126414469,0.0,0.0
20.0,3.799733876415808,0.0,0.0
20.0,3.7256839250352964,0.0,0.0
20.0,3.6996474061204045,0.0,0.0
20.0,3.7055308364111825,0.0,0.0
20.0,3.713287593855429,0.0,0.0
20.0,3.693911769107896,0.0,0.0
20.0,3.6474937753118297,0.0,0.0
20.0,3.5881054259058307,0.0,0.0
20.0,3.5400642778418274,0.0,0.0
20.0,3.50248871211433,0.0,0.0
20.0,3.456422916815346,0.0,0.0
20.0,3.3740908285174456,0.0,0.0
20.0,3.243648760820231,0.0,0.1544955788563784
20.0,3.1113644369961384,0.0,0.4083097489927349
20.0,3.094858622334618,0.0,0.5959115476798684
20.0,3.188617622229576,0.0,0.7062655033434442
20.0,3.3261800873790666,0.0,0.7173009261947166
20.0,3.4431271244448483,0.0,0.6400531221496087
20.0,3.4387490559337635,0.0,0.7614425396429071
20.0,3.545707216723644,0.0,0.44141597856810255
20.0,3.734563926627484,0.0,0.03310619546922395
20.0,3.9005499951930926,0.0,0.0
20.0,4.069076021279341,0.0,0.0
20.0,4.223059057272986,0.0,0.0
20.0,4.3679916036285595,0.0,0.0
20.0,4.515820462683251,0.0,0.0
20.0,4.673076993989056,0.0,0.0
20.0,4.837492020408326,0.0,0.0
20.0,4.993762136274034,0.0,0.0
20.0,5.125305699304688,0.0,0.0
20.0,5.230264236514987,0.0,0.0
20.0,5.323627215211535,0.0,0.0
20.0,5.421656230994122,0.0,0.0
20.0,5.538013623889823,0.0,0.0
20.0,5.680425207489711,0.0,0.0
20.0,5.851390976336236,0.0,0.0
20.0,5.9424213433800634,0.0,0.24277877651892144
20.0,4.254674630526384,0.0,6.272857448815927
20.0,3.030287587144897,0.0,8.017207150286861
20.0,1.9916316239557639,0.0,8.878319364626334
20.0,1.7460723674785468,0.0,7.213624650419211
20.0,2.061498674343222,0.0,5.185211114201563
20.0,3.4604655525757053,0.0,0.8717965342849326
20.0,4.22051863526594,0.0,0.3862389812470897
20.0,4.714835969167487,0.0,0.02207079697948263
20.0,4.904553579744291,0.0,0.0
20.0,4.980482823731064,0.0,0.0
20.0,5.018451310921543,0.0,0.0
20.0,5.0509036668834995,0.0,0.0
20.0,5.058112870688556,0.0,0.0
20.0,5.043421169794593,0.0,0.0
20.0,5.0151823160518605,0.0,0.0
20.0,4.982696147429112,0.0,0.0
20.0,4.988364219903451,0.0,0.0
20.0,5.0306262853699115,0.0,0.0
20.0,5.090314637162203,0.0,0.0
20.0,5.194389057031675,0.0,0.0
20.0,5.315172627693489,0.0,0.0
20.0,5.4422722345734975,0.0,0.0
20.0,5.570002929244211,0.0,0.0
20.0,5.600359760243147,0.0,0.21119650689257685
20.0,5.581058009785411,0.0,0.39827848897045987
20.0,5.43606676733684,0.0,0.5863544605018897
20.0,5.3193322116183435,0.0,0.6969873849321425
20.0,5.224221089853866,0.0,0.7080506383967177
20.0,5.201811593106896,0.0,0.6416708837385661
20.0,5.288883552305536,0.0,0.47572153607163686
20.0,5.413948247465482,0.0,0.24339243374655606
20.0,5.534114181266075,0.0,0.022126582449897427
20.0,5.544031501803239,0.0,0.0
20.0,5.540052144188513,0.0,0.0
20.0,5.547612839288526,0.0,0.0
20.0,5.581713142091959,0.0,0.0
20.0,5.614679701351342,0.0,0.0
20.0,5.610258964912605,0.0,0.0
20.0,5.56376273772461,0.0,0.0
20.0,5.505678769003563,0.0,0.0
20.0,5.444273494645766,0.0,0.0
20.0,5.406998768372827,0.0,0.0
20.0,5.373790335499871,0.0,0.0
20.0,5.341367769860008,0.0,0.0
20.0,5.321127558184405,0.0,0.0
20.0,5.319152281495003,0.0,0.0
20.0,5.376243932471382,0.0,0.0
20.0,5.428373229777829,0.0,0.1324247818768958
20.0,5.424504739036355,0.0,0.3972743261414623
20.0,5.348848324789069,0.0,0.5848761248285961
20.0,5.22778175314573,0.0,0.684194735597799
20.0,5.119021301517706,0.0,0.7062655033434442
20.0,5.050354402414491,0.0,0.6290177382767862
20.0,4.98187723281018,0.0,0.7393717718972619
20.0,5.0663676696013695,0.0,0.44141597856810255
20.0,5.259776771447408,0.0,0.03310619546922395
20.0,5.408409083852198,0.0,0.0
20.0,5.54076828494225,0.0,0.0
20.0,5.652177068502464,0.0,0.0
20.0,5.740658110577505,0.0,0.0
20.0,5.796024819181362,0.0,0.0
20.0,5.825724719697925,0.0,0.0
20.0,5.85196497219339,0.0,0.0
20.0,5.880278668950826,0.0,0.0
20.0,5.934149759217261,0.0,0.0
20.0,6.027301905222614,0.0,0.0
20.0,6.119383667681202,0.0,0.0
20.0,6.186172793684956,0.0,0.0
20.0,6.221507069810217,0.0,0.0
20.0,6.2483544587596,0.0,0.0
20.0,6.2738917750105445,0.0,0.0
20.0,6.2658872206820195,0.0,0.1324247818768958
20.0,6.203454683842218,0.0,0.3862389812470897
20.0,6.115788456421392,0.0,0.5738407409557734
20.0,6.012426409707291,0.0,0.684194735597799
20.0,5.923009258583883,0.0,0.6952300804921716
20.0,5.857699976457402,0.0,0.6290177382767862
20.0,5.826980970429529,0.0,0.47452216916502027
20.0,5.854167526235639,0.0,0.24277877651892144
20.0,5.94059697898948,0.0,0.011035398489741315
20.0,6.0129584629600785,0.0,0.0
20.0,6.081848863396461,0.0,0.0
20.0,6.139372107460205,0.0,0.0
20.0,6.190289943919552,0.0,0.0
20.0,6.246429438898211,0.0,0.0
20.0,6.324676750244446,0.0,0.0
20.0,6.410220727836148,0.0,0.0
20.0,6.500262116487955,0.0,0.0
20.0,6.591244934710032,0.0,0.0
20.0,6.66559520755428,0.0,0.0
20.0,6.718505805236022,0.0,0.0
20.0,6.736736173303684,0.0,0.0
20.0,6.727665478056943,0.0,0.0
20.0,6.714480560813746,0.0,0.0
20.0,6.726446763741898,0.0,0.0
20.0,6.697918365140746,0.0,0.23174339264609883
20.0,6.606155605606133,0.0,0.5959115476798684
20.0,6.566347542668939,0.0,0.5738407409557734
20.0,6.497540737985424,0.0,0.6731593127465263
20.0,6.444621972214202,0.0,0.6952300804921716
20.0,6.2956207533362365,0.0,1.081469100717711
20.0,5.994432212985218,0.0,1.9992778636473325
20.0,6.34805441125579,0.0,0.4083097489927349
20.0,6.542827861426922,0.0,0.02207079697948263
20.0,6.624919958503969,0.0,0.0
20.0,6.6639458052892095,0.0,0.0
20.0,6.674423358973217,0.0,0.0
20.0,6.681514101067506,0.0,0.0
20.0,6.6929936803965475,0.0,0.0
20.0,6.736052222675377,0.0,0.0
20.0,6.79096651910771,0.0,0.0
20.0,6.839583895731468,0.0,0.0
20.0,6.846854022751972,0.0,0.0
20.0,6.827385164571444,0.0,0.0
20.0,6.802575794784756,0.0,0.0
20.0,6.787138213882329,0.0,0.0
20.0,6.81460404963408,0.0,0.0
20.0,6.85782301799758,0.0,0.0
20.0,6.894219028954774,0.0,0.0
20.0,6.875724041618838,0.0,0.12138938825946072
20.0,6.786552523965252,0.0,0.3752035583958172
20.0,6.645151805436836,0.0,0.5628053181045007
20.0,6.4905951759112215,0.0,0.6731593127465263
20.0,6.342529541847051,0.0,0.6952300804921716
20.0,6.2265917751863,0.0,0.6179823154255136
20.0,6.1677838398983535,0.0,0.46348678529219767
20.0,6.169443655947074,0.0,0.23174339264609883
20.0,6.238699676058782,0.0,0.011035398489741315
20.0,6.2906410084937905,0.0,0.0
20.0,6.325505059917195,0.0,0.0
20.0,6.325344273112941,0.0,0.0
20.0,6.2649954586281495,0.0,0.0
20.0,6.126565962276404,0.0,0.0
20.0,5.905603049748186,0.0,0.0
20.0,5.651976130657729,0.0,0.0
20.0,5.439560792778631,0.0,0.0
20.0,5.44423175451581,0.0,0.0
20.0,5.612709581586152,0.0,0.0
20.0,5.803234265255216,0.0,0.0
20.0,5.888570385627721,0.0,0.0
20.0,5.81751864972517,0.0,0.0
20.0,5.701614322882734,0.0,0.0
20.0,5.602692604949237,0.0,0.0
20.0,5.51460680094343,0.0,0.20967258592200375
20.0,5.397280217387743,0.0,0.5848761248285961
20.0,5.3724275723175055,0.0,0.5628053181045007
20.0,5.320017866557326,0.0,0.6731593127465263
20.0,5.270440980718695,0.0,0.684194735597799
20.0,5.227764098985774,0.0,0.6179823154255136
20.0,5.213536691092125,0.0,0.46348678529219767
20.0,5.251965318650627,0.0,0.23174339264609883
20.0,5.381896583365823,0.0,0.02207079697948263
20.0,5.518027663230863,0.0,0.0
20.0,5.642876388637119,0.0,0.0
20.0,5.707471862544455,0.0,0.0
20.0,5.723699173154762,0.0,0.0
20.0,5.730735783797597,0.0,0.0
20.0,5.766954164159058,0.0,0.0
20.0,5.833081036973154,0.0,0.0
20.0,5.894910333288742,0.0,0.0
20.0,5.923835444722152,0.0,0.0
20.0,5.9051704343267675,0.0,0.0
20.0,5.89379751173249,0.0,0.0
20.0,5.9501275444733785,0.0,0.0
20.0,6.062847671134886,0.0,0.0
20.0,6.178628597243579,0.0,0.0
20.0,6.246555331091715,0.0,0.0
20.0,6.180628077467708,0.0,0.19863716307073115
20.0,6.009615201928254,0.0,0.5738407409557734
20.0,5.913886178846782,0.0,0.5517699732101282
20.0,5.799493272654654,0.0,0.6621239678521538
20.0,5.734318821543978,0.0,0.684194735597799
20.0,5.645969370837508,0.0,0.9600796832244132
20.0,5.698503688589998,0.0,0.8055840751341973
20.0,5.86474407768388,0.0,0.3752035583958172
20.0,6.022356262999795,0.0,0.011035398489741315
20.0,6.067591826951643,0.0,0.0
20.0,6.101589416155564,0.0,0.0
20.0,6.165884326705685,0.0,0.0
20.0,6.263728371272106,0.0,0.0
20.0,6.363832003567085,0.0,0.0
20.0,6.422728168233314,0.0,0.0
20.0,6.436250798565055,0.0,0.0
20.0,6.442375602283509,0.0,0.0
20.0,6.450009935966138,0.0,0.0
20.0,6.474815794836136,0.0,0.0
20.0,6.5010418810016395,0.0,0.0
20.0,6.525310737948934,0.0,0.0
20.0,6.548016636384111,0.0,0.0
20.0,6.569300501122327,0.0,0.0
20.0,6.589405568803794,0.0,0.0
20.0,6.576636022053572,0.0,0.11035399464202564
20.0,6.510463361552142,0.0,0.3641681745229947
20.0,6.440382270868164,0.0,0.5517699732101282
20.0,6.382428631459519,0.0,0.6621239678521538
20.0,6.353363103745344,0.0,0.684194735597799
20.0,6.365716354596661,0.0,0.6179823154255136
20.0,6.408677029239714,0.0,0.46348678529219767
20.0,6.489189816698748,0.0,0.23174339264609883
20.0,6.5864724512585076,0.0,0.011035398489741315
20.0,6.638949486024212,0.0,0.0
20.0,6.684539387393759,0.0,0.0
20.0,6.729405784199657,0.0,0.0
20.0,6.788840583895022,0.0,0.0
20.0,6.844737406291654,0.0,0.0
20.0,6.863378770140698,0.0,0.0
20.0,6.845464227918548,0.0,0.0
20.0,6.807530037144768,0.0,0.0
20.0,6.751719290477866,0.0,0.0
20.0,6.688216723930107,0.0,0.0
20.0,6.641692329197078,0.0,0.0
20.0,6.640114600163207,0.0,0.0
20.0,6.688381869538369,0.0,0.0
20.0,6.7460318404366095,0.0,0.0
20.0,6.780916097024213,0.0,0.0
20.0,6.731672551122731,0.0,0.16553101145226348
20.0,6.562381649741001,0.0,0.6290177382767862
20.0,6.386065148466603,0.0,0.9600796832244132
20.0,6.2240154997269155,0.0,1.1587169047628192
20.0,6.144229540972786,0.0,1.0593982550151664
20.0,6.196034847291319,0.0,0.606946931552691
20.0,6.216435552473978,0.0,0.46348678529219767
20.0,6.293143626256755,0.0,0.23174339264609883
20.0,6.423889670448569,0.0,0.011035398489741315
20.0,6.521014028710932,0.0,0.0
20.0,6.605545729633772,0.0,0.0
20.0,6.657902857873099,0.0,0.0
20.0,6.681932349471107,0.0,0.0
20.0,6.693935215083313,0.0,0.0
20.0,6.7110809156175915,0.0,0.0
20.0,6.749892366902665,0.0,0.0
20.0,6.803735313598421,0.0,0.0
20.0,6.863176251997211,0.0,0.0
20.0,6.929242665357887,0.0,0.0
20.0,7.007570560319517,0.0,0.0
20.0,7.087575537007683,0.0,0.0
20.0,7.177486040665115,0.0,0.0
20.0,7.271355639500066,0.0,0.0
20.0,7.364431521483889,0.0,0.0
20.0,7.4230123921595155,0.0,0.09931858153536557
20.0,7.425401301256942,0.0,0.3531327516717221
20.0,7.422863544476591,0.0,0.5407345503588555
20.0,7.416474337841694,0.0,0.6510885450008812
20.0,7.4398171199602885,0.0,0.6731593127465263
20.0,7.501886317674854,0.0,0.606946931552691
20.0,7.595351168093378,0.0,0.46348678529219767
20.0,7.699308706895188,0.0,0.23174339264609883
20.0,7.759339751690819,0.0,0.011035398489741315
20.0,7.747561440416069,0.0,0.0
20.0,7.7229177987447715,0.0,0.0
20.0,7.709782564434208,0.0,0.0
20.0,7.689378991574607,0.0,0.0
20.0,7.664621276688833,0.0,0.0
20.0,7.641787679782776,0.0,0.0
20.0,7.61348696844206,0.0,0.0
20.0,7.610437312541835,0.0,0.0
20.0,7.630838768859313,0.0,0.0
20.0,7.670447648567626,0.0,0.0
20.0,7.717957840939084,0.0,0.0
20.0,7.753482502347664,0.0,0.0
20.0,7.778097538669673,0.0,0.0
20.0,7.790949600805074,0.0,0.0
20.0,7.813135676148715,0.0,0.0
20.0,7.809887474911989,0.0,0.09931858153536557
20.0,7.735065301819397,0.0,0.3531327516717221
20.0,7.507932602582045,0.0,0.9380089154787679
20.0,6.195757086389534,0.0,5.011662194510023
20.0,4.5857396174328775,0.0,8.709090273242772
20.0,4.495636123636998,0.0,6.38954252322261
20.0,4.769461976243158,0.0,4.4116926502336105
20.0,5.891456773731956,0.0,0.4193451718440075
20.0,6.3637571256562415,0.0,0.011035398489741315
20.0,6.629565218292337,0.0,0.0
20.0,6.827568926101901,0.0,0.0
20.0,6.992257628194048,0.0,0.0
20.0,7.136316153689088,0.0,0.0
20.0,7.277831910878335,0.0,0.0
20.0,7.434652968186152,0.0,0.0
20.0,7.590086409191709,0.0,0.0
20.0,7.738066699220524,0.0,0.0
20.0,7.816402348243501,0.0,0.0
20.0,7.869869037492453,0.0,0.0
20.0,7.926061590778086,0.0,0.0
20.0,8.030970424984302,0.0,0.0
20.0,8.20246264419124,0.0,0.0
20.0,8.384741788860758,0.0,0.0
20.0,8.546168542396812,0.0,0.0
20.0,8.142933761616966,0.0,1.6264115056405932
20.0,6.7948190210700945,0.0,5.750793974560466
20.0,5.687234736351529,0.0,7.501203702047054
20.0,4.8061729561403705,0.0,8.234672572724175
20.0,4.882895964910689,0.0,5.882506391682531
20.0,4.594426682520384,0.0,6.282956028188253
20.0,4.615848952979141,0.0,5.694163393215214
20.0,5.356029220816781,0.0,2.9917795710203023
20.0,6.489790738445994,0.0,0.02207079697948263
20.0,6.940321595373162,0.0,0.0
20.0,7.222122283555145,0.0,0.0
20.0,7.423259482420294,0.0,0.0
20.0,7.583711067622636,0.0,0.0
20.0,7.71533352369006,0.0,0.0
20.0,7.782717870251807,0.0,0.0
20.0,7.827576116325817,0.0,0.0
20.0,7.857810885144087,0.0,0.0
20.0,7.8850951185528455,0.0,0.0
20.0,7.931110769820961,0.0,0.0
20.0,7.971771285263756,0.0,0.0
20.0,7.991153404346859,0.0,0.0
20.0,8.002277456738689,0.0,0.0
20.0,8.020897447482477,0.0,0.0
20.0,8.086901835335489,0.0,0.0
20.0,8.1589062721877,0.0,0.08828318791793052
20.0,8.17485914105172,0.0,0.3420973677988995
20.0,8.092596227015665,0.0,0.5407345503588555
20.0,8.00597950273031,0.0,0.6510885450008812
20.0,7.928983763979486,0.0,0.6731593127465263
20.0,7.886784920064521,0.0,0.606946931552691
20.0,7.9004086150602,0.0,0.46348678529219767
20.0,7.962898026297715,0.0,0.23174339264609883
20.0,8.03860149532744,0.0,0.011035398489741315
20.0,8.064645014767722,0.0,0.0
20.0,8.085934527356399,0.0,0.0
20.0,8.138026135817514,0.0,0.0
20.0,8.201935899119189,0.0,0.0
20.0,8.268364757581317,0.0,0.0
20.0,8.288725915337015,0.0,0.0
20.0,8.291907263272458,0.0,0.0
20.0,8.297690026259321,0.0,0.0
20.0,8.335334374605905,0.0,0.0
20.0,8.42387713754894,0.0,0.0
20.0,8.524063826631302,0.0,0.0
20.0,8.616188495681289,0.0,0.0
20.0,8.668811271697026,0.0,0.0
20.0,8.6993983311667,0.0,0.0
20.0,8.710955382720753,0.0,0.0
20.0,8.666252764241872,0.0,0.1544955788563784
20.0,8.518780188500992,0.0,0.5296991275075832
20.0,8.383687698537896,0.0,0.5296991275075832
20.0,8.192030440939561,0.0,0.6510885450008812
20.0,8.012528942723787,0.0,0.6731593127465263
20.0,7.881553617684549,0.0,0.606946931552691
20.0,7.831400709905785,0.0,0.46348678529219767
20.0,7.834812372271294,0.0,0.23174339264609883
20.0,7.86124394363528,0.0,0.011035398489741315
20.0,7.849944500368284,0.0,0.0
20.0,7.84149556218159,0.0,0.0
20.0,7.862769436488807,0.0,0.0
20.0,7.891723060756978,0.0,0.0
20.0,7.919440163396089,0.0,0.0
20.0,7.930501617321426,0.0,0.0
20.0,7.916006166875077,0.0,0.0
20.0,7.883232752772924,0.0,0.0
20.0,7.847365600078386,0.0,0.0
20.0,7.81966775573655,0.0,0.0
20.0,7.822119181762732,0.0,0.0
20.0,7.857115236650214,0.0,0.0
20.0,7.930029815155512,0.0,0.0
20.0,8.027512877958515,0.0,0.0
20.0,8.136219574347988,0.0,0.0
20.0,7.823773007613071,0.0,1.3876789898469808
20.0,6.529298500772501,0.0,5.621739229374741
20.0,5.387151627966159,0.0,7.623318533180283
20.0,4.434458435720185,0.0,8.643180913918231
20.0,4.14155309213977,0.0,7.552035753077298
20.0,3.6775806188508513,0.0,8.112017123600655
20.0,3.795021338656216,0.0,6.908406098057844
20.0,4.767398813043942,0.0,3.481980702891029
20.0,6.16121320526911,0.0,0.02207079697948263
20.0,6.739716611260899,0.0,0.0
20.0,7.132389932185171,0.0,0.0
20.0,7.438806307336652,0.0,0.0
20.0,7.698393798014028,0.0,0.0
20.0,7.932938429567761,0.0,0.0
20.0,8.15316069459951,0.0,0.0
20.0,8.374279404618607,0.0,0.0
20.0,8.593767289956215,0.0,0.0
20.0,8.80799478360054,0.0,0.0
20.0,9.017507304733316,0.0,0.0
20.0,9.22083271687455,0.0,0.0
20.0,9.423081669972202,0.0,0.0
20.0,9.607751858400047,0.0,0.0
20.0,9.797148494628773,0.0,0.0
20.0,9.9930380345212,0.0,0.0
20.0,9.661772003501902,0.0,1.6931202074560592
20.0,8.552945123664726,0.0,5.113032855014894
20.0,7.681724033345332,0.0,6.3146145095491395
20.0,6.386021379819236,0.0,8.618067462227398
20.0,5.500201186880205,0.0,8.97078544707013
20.0,5.279336954079045,0.0,7.600946832656505
20.0,5.545784563749653,0.0,5.836356953147533
20.0,6.424912682825945,0.0,2.7994771838181025
20.0,7.609713286270053,0.0,0.02207079697948263
20.0,8.107102014614687,0.0,0.0
20.0,8.431547748075884,0.0,0.0
20.0,8.650510604527478,0.0,0.0
20.0,8.774743502677488,0.0,0.0
20.0,8.849638342129223,0.0,0.0
20.0,8.884291900273457,0.0,0.0
20.0,8.899015228175099,0.0,0.0
20.0,8.91235170213495,0.0,0.0
20.0,8.95557327470971,0.0,0.0
20.0,9.007419845961389,0.0,0.0
20.0,9.049188889753989,0.0,0.0
20.0,9.04416986669838,0.0,0.0
20.0,9.00983340458743,0.0,0.0
20.0,8.97092305424049,0.0,0.0
20.0,8.986264040903674,0.0,0.0
20.0,9.01614958625143,0.0,0.0772477894281892
20.0,8.974489552478206,0.0,0.3310619839260769
20.0,8.782186599876626,0.0,0.5296991275075832
20.0,8.590964940151979,0.0,0.6400531221496087
20.0,8.40630294206199,0.0,0.6731593127465263
20.0,8.297972298232496,0.0,0.606946931552691
20.0,8.283245407596995,0.0,0.46348678529219767
20.0,8.332890442649207,0.0,0.24277877651892144
20.0,8.406255289869659,0.0,0.02207079697948263
20.0,8.417410399620938,0.0,0.0
20.0,8.392551527783468,0.0,0.0
20.0,8.360307200703586,0.0,0.0
20.0,8.326181801365294,0.0,0.0
20.0,8.294168079354405,0.0,0.0
20.0,8.281008937459742,0.0,0.0
20.0,8.271817822491348,0.0,0.0
20.0,8.256328418992295,0.0,0.0
20.0,8.207544944666118,0.0,0.0
20.0,8.139875762663731,0.0,0.0
20.0,8.070471788727469,0.0,0.0
20.0,8.017171600340046,0.0,0.0
20.0,7.996734801304078,0.0,0.0
20.0,7.9838640661729805,0.0,0.0
20.0,7.971703831161898,0.0,0.0
20.0,7.938774735826601,0.0,0.0772477894281892
20.0,7.840992199324124,0.0,0.3310619839260769
20.0,7.70578257232227,0.0,0.5296991275075832
20.0,7.556497128295037,0.0,0.6400531221496087
20.0,7.4227265929897515,0.0,0.6731593127465263
20.0,7.33426496162988,0.0,0.606946931552691
20.0,7.291376538773798,0.0,0.46348678529219767
20.0,7.294166061709103,0.0,0.24277877651892144
20.0,7.341371471438898,0.0,0.02207079697948263
20.0,7.3548071482566755,0.0,0.0
20.0,7.3549435404665005,0.0,0.0
20.0,7.347940701326596,0.0,0.0
20.0,7.3202215614549235,0.0,0.0
20.0,7.28752139814582,0.0,0.0
20.0,7.26161975166496,0.0,0.0
20.0,7.243063731414675,0.0,0.0
20.0,7.228242381792548,0.0,0.0
20.0,7.232144741319442,0.0,0.0
20.0,7.237005184260124,0.0,0.0
20.0,7.2305237672683305,0.0,0.0
20.0,7.2070287436844795,0.0,0.0
20.0,7.152700562481719,0.0,0.0
20.0,7.095928444232,0.0,0.0
20.0,7.073005674505904,0.0,0.0
20.0,7.035448111984127,0.0,0.07724779430049544
20.0,6.93250583377535,0.0,0.3310619839260769
20.0,6.779205890550236,0.0,0.5296991275075832
20.0,6.612302605681066,0.0,0.6400531221496087
20.0,6.465427380586358,0.0,0.6731593127465263
20.0,6.36023661004731,0.0,0.606946931552691
20.0,6.3110730236432495,0.0,0.46348678529219767
20.0,6.3317715248339335,0.0,0.24277877651892144
20.0,6.405687366436928,0.0,0.02207079697948263
20.0,6.465752954242433,0.0,0.0
20.0,6.516473846156877,0.0,0.0
20.0,6.53760869618346,0.0,0.0
20.0,6.5295805837598895,0.0,0.0
20.0,6.520241921120752,0.0,0.0
20.0,6.5203508831965715,0.0,0.0
20.0,6.5513089200523,0.0,0.0
20.0,6.586752908220579,0.0,0.0
20.0,6.617611043941045,0.0,0.0
20.0,6.616728220296726,0.0,0.0
20.0,6.597462028411044,0.0,0.0
20.0,6.582307806896392,0.0,0.0
20.0,6.571991900116134,0.0,0.0
20.0,6.566489743699268,0.0,0.0
20.0,6.562072776941988,0.0,0.0
20.0,6.530598892244056,0.0,0.0772477894281892
20.0,6.464297513157248,0.0,0.3310619839260769
20.0,6.400266538969622,0.0,0.5186637826132106
20.0,6.333468132380747,0.0,0.6400531221496087
20.0,6.269445146530884,0.0,0.6731593127465263
20.0,6.185587523372701,0.0,0.606946931552691
20.0,6.1221021392860955,0.0,0.46348678529219767
20.0,6.102656370980549,0.0,0.24277877651892144
20.0,6.156163610229535,0.0,0.03310619546922395
20.0,6.227825053186907,0.0,0.0
20.0,6.30630969014233,0.0,0.0
20.0,6.379749412684662,0.0,0.0
20.0,6.4115665793358,0.0,0.0
20.0,6.438028155023292,0.0,0.0
20.0,6.4645582764550475,0.0,0.0
20.0,6.489419765574922,0.0,0.0
20.0,6.501219452491374,0.0,0.0
20.0,6.498873395971572,0.0,0.0
20.0,6.486659227558452,0.0,0.0
20.0,6.460689230658253,0.0,0.0
20.0,6.448331796623557,0.0,0.0
20.0,6.447395488328693,0.0,0.0
20.0,6.454625694295747,0.0,0.0
20.0,6.487815136537068,0.0,0.0
20.0,6.489383933323859,0.0,0.14346020472816834
20.0,6.406566066800102,0.0,0.5076283597619381
20.0,6.365376496341729,0.0,0.5186637826132106
20.0,6.2706783599709395,0.0,0.6400531221496087
20.0,6.1672808448098975,0.0,0.6731593127465263
20.0,6.090282369056399,0.0,0.606946931552691
20.0,6.046592490358477,0.0,0.46348678529219767
20.0,6.059239326832871,0.0,0.25381417988096905
20.0,6.164995107754771,0.0,0.02207079697948263
20.0,6.240823414958544,0.0,0.0
20.0,6.296608804554206,0.0,0.0
20.0,6.307395861520231,0.0,0.0
20.0,6.258908399494039,0.0,0.0
20.0,6.195921532125398,0.0,0.0
20.0,6.13632705563955,0.0,0.0
20.0,6.109318293761591,0.0,0.0
20.0,6.121190626344064,0.0,0.0
20.0,6.163670092509306,0.0,0.0
20.0,6.235144513598611,0.0,0.0
20.0,6.331726323583635,0.0,0.0
20.0,6.435641460085438,0.0,0.0
20.0,6.523350963423994,0.0,0.0
20.0,6.571139800832873,0.0,0.0
20.0,6.562463290038463,0.0,0.0
20.0,6.4529120122023835,0.0,0.14346018523894336
20.0,6.230967200099735,0.0,0.5738407409557734
20.0,6.114791423041486,0.0,0.5186637826132106
20.0,6.016142086148724,0.0,0.6400531221496087
20.0,5.82429040480899,0.0,1.0483629880776937
20.0,5.650712886294333,0.0,1.1476814819115468
20.0,4.31762705856323,0.0,5.285561647090761
20.0,4.728493099479642,0.0,2.0113337491051513
20.0,5.355293535273587,0.0,0.03310619546922395
20.0,5.664056988007594,0.0,0.0
20.0,5.9009451123077366,0.0,0.0
20.0,6.087674732182075,0.0,0.0
20.0,6.182884858822775,0.0,0.0
20.0,6.2383980094263904,0.0,0.0
20.0,6.272201794351996,0.0,0.0
20.0,6.302539460376728,0.0,0.0
20.0,6.352151853008917,0.0,0.0
20.0,6.458236267583835,0.0,0.0
20.0,6.5959646161589065,0.0,0.0
20.0,6.737950512661353,0.0,0.0
20.0,6.855182743553168,0.0,0.0
20.0,6.922660549149643,0.0,0.0
20.0,6.96227460415742,0.0,0.0
20.0,6.98142597968053,0.0,0.0
20.0,6.958993423396799,0.0,0.12138938825946072
20.0,6.818476098098512,0.0,0.5738407409557734
20.0,6.738069935366842,0.0,0.5186637826132106
20.0,6.613794577804583,0.0,0.6400531221496087
20.0,6.507795925246141,0.0,0.6731593127465263
20.0,6.354025062510885,0.0,0.9600796832244132
20.0,6.328178161322285,0.0,0.8276549208367423
20.0,6.41692641492937,0.0,0.3972743261414623
20.0,6.5219229485024455,0.0,0.03310619546922395
20.0,6.554248451178597,0.0,0.0
20.0,6.566378542735352,0.0,0.0
20.0,6.5895098064661255,0.0,0.0
20.0,6.639910530987626,0.0,0.0
20.0,6.6947828727584655,0.0,0.0
20.0,6.729453765960053,0.0,0.0
20.0,6.741860185664215,0.0,0.0
20.0,6.751732308403192,0.0,0.0
20.0,6.762163244216095,0.0,0.0
20.0,6.78366112025331,0.0,0.0
20.0,6.815414777342384,0.0,0.0
20.0,6.848097127505639,0.0,0.0
20.0,6.88731092784122,0.0,0.0
20.0,6.936740893312768,0.0,0.0
20.0,7.016228378167927,0.0,0.0
20.0,7.069745517340715,0.0,0.09931858153536557
20.0,5.54197526582549,0.0,5.5515736807844
20.0,5.274412742133427,0.0,4.577964460706163
20.0,4.377256782937604,0.0,6.622946056488356
20.0,5.4682506731325295,0.0,1.1697522496571922
20.0,5.828863769407787,0.0,0.6179823154255136
20.0,6.026826934522776,0.0,0.47452216916502027
20.0,6.200481966963901,0.0,0.25381417988096905
20.0,6.317546200876095,0.0,0.04414159395896526
20.0,6.343158055680259,0.0,0.0
20.0,6.333158253381569,0.0,0.0
20.0,6.320951858717801,0.0,0.0
20.0,6.334655689008149,0.0,0.0
20.0,6.365427070207823,0.0,0.0
20.0,6.4049873193911075,0.0,0.0
20.0,6.443469854855502,0.0,0.0
20.0,6.470725814137622,0.0,0.0
20.0,6.4707636992187405,0.0,0.0
20.0,6.440682080297079,0.0,0.0
20.0,6.411816384625021,0.0,0.0
20.0,6.394400556588055,0.0,0.0
20.0,6.391452985666724,0.0,0.0
20.0,6.391412422139158,0.0,0.0
20.0,6.381554045770843,0.0,0.0
20.0,6.327934820297782,0.0,0.0662123909384479
20.0,6.18795240876281,0.0,0.32002656107480437
20.0,6.008767095321552,0.0,0.5186637826132106
20.0,5.851699286286748,0.0,0.6400531221496087
20.0,5.727840393825617,0.0,0.6731593127465263
20.0,5.698472186226435,0.0,0.6179823154255136
20.0,5.744586355286713,0.0,0.47452216916502027
20.0,5.836050020517505,0.0,0.2648495637537916
20.0,5.95298916987622,0.0,0.03310619546922395
20.0,6.01472370345502,0.0,0.0
20.0,6.061689764037874,0.0,0.0
20.0,6.1077368253514575,0.0,0.0
20.0,6.1610072930912345,0.0,0.0
20.0,6.2210823097884385,0.0,0.0
20.0,6.265852036290162,0.0,0.0
20.0,6.309184757112476,0.0,0.0
20.0,6.346054933917217,0.0,0.0
20.0,6.3582824834785665,0.0,0.0
20.0,6.357298138731453,0.0,0.0
20.0,6.3115765766317535,0.0,0.0
20.0,6.184994873519115,0.0,0.0
20.0,5.99538943766989,0.0,0.0
20.0,5.795321327759067,0.0,0.0
20.0,5.650829349387414,0.0,0.0
20.0,5.557127378650136,0.0,0.0662123909384479
20.0,5.472641724779346,0.0,0.32002656107480437
20.0,5.4218723659714705,0.0,0.5186637826132106
20.0,5.403628065094057,0.0,0.6400531221496087
20.0,5.413903993992588,0.0,0.684194735597799
20.0,5.314451493999981,0.0,1.081469100717711
20.0,5.331956717736878,0.0,0.9049027248818503
20.0,5.448820054433171,0.0,0.5186637826132106
20.0,5.636825851714068,0.0,0.05517699732101282
20.0,5.751096965051135,0.0,0.0
20.0,5.836384484415475,0.0,0.0
20.0,5.873786298674151,0.0,0.0
20.0,5.883681660809493,0.0,0.0
20.0,5.89406463567081,0.0,0.0
20.0,5.979734268368548,0.0,0.0
20.0,6.108134431435497,0.0,0.0
20.0,6.2377983480022925,0.0,0.0
20.0,6.31053485883711,0.0,0.0
20.0,6.307960398944496,0.0,0.0
20.0,6.285674197380779,0.0,0.0
20.0,6.270564081427575,0.0,0.0
20.0,6.291885689304917,0.0,0.0
20.0,6.3287881854909855,0.0,0.0
20.0,6.367346278896439,0.0,0.0
20.0,6.385191867215835,0.0,0.0662123909384479
20.0,6.337673683385712,0.0,0.32002656107480437
20.0,6.257092683210229,0.0,0.5296991275075832
20.0,6.16312829710628,0.0,0.6510885450008812
20.0,6.052503285565262,0.0,0.684194735597799
20.0,5.913065570585095,0.0,0.6290177382767862
20.0,5.779136211122216,0.0,0.48555755303784287
20.0,5.672807124041169,0.0,0.2758849866050641
20.0,5.621012281522901,0.0,0.03310619546922395
20.0,5.579359646774949,0.0,0.0
20.0,5.540896792473722,0.0,0.0
20.0,5.504391187751292,0.0,0.0
20.0,5.463976408047909,0.0,0.0
20.0,5.4010118013679955,0.0,0.0
20.0,5.303932584608257,0.0,0.0
20.0,5.198261258566717,0.0,0.0
20.0,5.121692804199685,0.0,0.0
20.0,5.172001280688072,0.0,0.0
20.0,5.326285323693236,0.0,0.0
20.0,5.502203191426491,0.0,0.0
20.0,5.6539334904743495,0.0,0.0
20.0,5.703827677624196,0.0,0.0
20.0,5.702849171992938,0.0,0.0
20.0,5.686504992198283,0.0,0.0
20.0,5.621146562599501,0.0,0.1324247818768958
20.0,5.474725440273833,0.0,0.5076283597619381
20.0,5.425575836268617,0.0,0.5296991275075832
20.0,5.37809953463968,0.0,0.6510885450008812
20.0,5.3534802317070715,0.0,0.684194735597799
20.0,5.256753617939134,0.0,0.9821505289269584
20.0,5.263324623808593,0.0,0.8497256885823874
20.0,5.394831317847517,0.0,0.43038055571683004
20.0,5.57567182324412,0.0,0.05517699732101282
20.0,5.698247325339964,0.0,0.0
20.0,5.79401844639635,0.0,0.0
20.0,5.863100831543811,0.0,0.0
20.0,5.898702077916662,0.0,0.0
20.0,5.932304354612529,0.0,0.0
20.0,5.993365199121092,0.0,0.0
20.0,6.0834446430855795,0.0,0.0
