Tzone_luft,Q_heiz,Q_kuehl,Q_soltr
°C,kWh,kWh,kWh
19.39977817497686,0.0,0.0,0.0
18.973625463647227,0.0,0.0,0.0
19.026989400708775,0.0,0.0,0.0
18.918337244297003,0.0,0.0,0.0
18.88829621093673,0.0,0.0,0.0
18.816988332508004,0.0,0.0,0.0
18.749476759925788,0.0,0.0,0.0
19.355589506095917,1.4649836597476356,0.0,0.0
20.0,1.9798243007521277,0.0,0.03884164631116172
20.0,1.8102773618810897,0.0,0.21362904099202054
20.0,1.6961519462159453,0.0,0.29131233361434394
20.0,1.6711030847567032,0.0,0.22916570500423275
20.0,1.6401961388085733,0.0,0.2408181961537075
20.0,1.661367807758369,0.0,0.22528153214149527
20.0,1.7260652842749227,0.0,0.17478740840022777
20.0,1.822604050475428,0.0,0.09710411577790432
20.0,1.9289628131734207,0.0,0.011652492864395845
20.0,1.981689037244012,0.0,0.0
20.0,1.998538741067314,0.0,0.0
20.0,1.9808299622728132,0.0,0.0
20.0,1.9542763236748901,0.0,0.0
20.0,1.9308901596213077,0.0,0.0
20.0,1.9382669949292746,0.0,0.0
20.0,1.9865356253722954,0.0,0.0
19.054239872960004,0.0,0.0,0.0
18.383969275574344,0.0,0.0,0.0
18.460994002719744,0.0,0.0,0.0
18.27631607954939,0.0,0.0,0.0
18.22417053941537,0.0,0.0,0.0
18.12983332049518,0.0,0.0,0.0
18.052913229264394,0.0,0.0,0.0
19.002198968740597,2.2534924228508233,0.0,0.0
20.0,3.0445476336331194,0.0,0.02330498572879169
20.0,2.874671257103255,0.0,0.11652493893348519
20.0,2.751530425870264,0.0,0.18643988583033352
20.0,2.6492025136156734,0.0,0.22916570500423275
20.0,2.5741534068514977,0.0,0.24470234157770712
20.0,2.5315205651073565,0.0,0.22528153214149527
20.0,2.517774660327963,0.0,0.17478740840022777
20.0,2.5301824907814203,0.0,0.10098827492127291
20.0,2.5736040587702314,0.0,0.015536657152527791
20.0,2.5913342632840473,0.0,0.0
20.0,2.597585209935302,0.0,0.0
20.0,2.603478152144671,0.0,0.0
20.0,2.620165556086722,0.0,0.0
20.0,2.644253391964141,0.0,0.0
20.0,2.683612703321746,0.0,0.0
20.0,2.741001545934325,0.0,0.0
18.70127754523321,0.0,0.0,0.0
17.777363161693707,0.0,0.0,0.0
17.87307893890176,0.0,0.0,0.0
17.61205595258739,0.0,0.0,0.0
17.53289186207937,0.0,0.0,0.0
17.384269509387085,0.0,0.0,0.0
17.265928632088684,0.0,0.0,0.0
18.599488354634843,3.1391965134339745,0.0,0.0
20.0,4.074366324074646,0.0,0.2602044071882538
20.0,2.870284086910744,0.0,2.026995382121014
20.0,2.1115198651529656,0.0,2.6019145152594683
20.0,1.3397507804020197,0.0,3.3206960887487003
20.0,1.1057662260631331,0.0,2.958208150410169
20.0,0.8219433240201518,0.0,3.0312973538753174
20.0,0.8294924305034914,0.0,2.681966842078141
20.0,1.3548863766163575,0.0,1.5159788933752387
20.0,2.2353912316207585,0.0,0.02330498572879169
20.0,2.4627851522521573,0.0,0.0
20.0,2.5766341860720017,0.0,0.0
20.0,2.6429866780978206,0.0,0.0
20.0,2.7043238844432116,0.0,0.0
20.0,2.7668053215677513,0.0,0.0
20.0,2.845293566123566,0.0,0.0
20.0,2.9258606448002444,0.0,0.0
18.60727880854665,0.0,0.0,0.0
17.614322822496582,0.0,0.0,0.0
17.71856542689371,0.0,0.0,0.0
17.436254846861914,0.0,0.0,0.0
17.34559481391903,0.0,0.0,0.0
17.1911742482805,0.0,0.0,0.0
17.071745215835723,0.0,0.0,0.0
18.501432347556115,3.355219338474126,0.0,0.0
20.0,4.262296560481732,0.0,0.4782625797867902
20.0,3.221947380978632,0.0,1.8925813561539282
20.0,2.3671821577446504,0.0,2.7610880499182415
20.0,1.93693514773669,0.0,2.7858103410520023
20.0,1.5504488905250036,0.0,2.90675832514257
20.0,1.3080073185739052,0.0,2.801887726784946
20.0,1.161948748921487,0.0,2.696939584026572
20.0,1.5396823715879386,0.0,1.6851523128384378
20.0,2.276945274735594,0.0,0.3665896296234731
20.0,2.675180631106559,0.0,0.0
20.0,2.859429443011209,0.0,0.0
20.0,3.004861238619584,0.0,0.0
20.0,3.119309029913622,0.0,0.0
20.0,3.2156530032085073,0.0,0.0
20.0,3.2729780973316602,0.0,0.0
20.0,3.315145814618631,0.0,0.0
18.444345925692538,0.0,0.0,0.0
17.337937780928176,0.0,0.0,0.0
17.436454964088316,0.0,0.0,0.0
17.092079492439744,0.0,0.0,0.0
16.990781078454603,0.0,0.0,0.0
16.85564791537756,0.0,0.0,0.0
16.781456399666283,0.0,0.0,0.0
18.36737317915626,3.6064379716631003,0.0,0.0
20.0,4.802207352425079,0.0,0.06603079461316425
20.0,4.255663965401917,0.0,0.5571098629708697
20.0,3.931581147948616,0.0,0.7342514674615352
20.0,3.6791248775983374,0.0,0.8477264286089512
20.0,2.5753694096396065,0.0,2.8006403187924698
20.0,2.7467488695692093,0.0,1.696357412952568
20.0,2.9842171619045743,0.0,1.0543846079482109
20.0,3.3931783671676303,0.0,0.27965981502613135
20.0,3.61520693525161,0.0,0.04272580888437255
20.0,3.699768676907325,0.0,0.0
20.0,3.7350886728951607,0.0,0.0
20.0,3.772305701863394,0.0,0.0
20.0,3.8205043674561114,0.0,0.0
20.0,3.8640255983111027,0.0,0.0
20.0,3.881433480888914,0.0,0.0
20.0,3.8832557303324813,0.0,0.0
18.204427448782397,0.0,0.0,0.0
16.968542141047706,0.0,0.0,0.0
17.15813063525033,0.0,0.0,0.0
16.832490233986732,0.0,0.0,0.0
16.769702966785154,0.0,0.0,0.0
16.63846590579541,0.0,0.0,0.0
16.567406734525104,0.0,0.0,0.0
18.260169504513136,3.8173828077397856,0.0,0.0
20.0,5.042471572385944,0.0,0.02718915173184476
20.0,4.629421530067856,0.0,0.11652493893348519
20.0,4.317591845600068,0.0,0.19032405869307104
20.0,4.082777109401423,0.0,0.23304987786697037
20.0,3.909557400753838,0.0,0.24858651444044466
20.0,3.8081071944110345,0.0,0.23304987786697037
20.0,3.7756234239347717,0.0,0.18255574040633388
20.0,3.7701012274263728,0.0,0.10875660006769458
20.0,3.755014576087972,0.0,0.01942082315558086
20.0,3.6928692081941294,0.0,0.0
20.0,3.618117582286076,0.0,0.0
20.0,3.558043854890752,0.0,0.0
20.0,3.5357033974839984,0.0,0.0
20.0,3.51919902706809,0.0,0.0
20.0,3.4936156064900974,0.0,0.0
20.0,3.456018616001553,0.0,0.0
18.417151053867666,0.0,0.0,0.0
17.339964769113696,0.0,0.0,0.0
17.527486811083705,0.0,0.0,0.0
17.257606789893924,0.0,0.0,0.0
17.216179387212822,0.0,0.0,0.0
17.10126537057126,0.0,0.0,0.0
17.029836358142894,0.0,0.0,0.0
18.49181668072821,3.321115327279412,0.0,0.0
20.0,4.410135142790896,0.0,0.027189150016923645
20.0,4.077467630940212,0.0,0.11652493893348519
20.0,3.7701384053295137,0.0,0.29908065190108113
20.0,3.5547509035242464,0.0,0.36899565367540543
20.0,3.4696487235433597,0.0,0.25247068730318223
20.0,3.3120569645350044,0.0,0.36511148081266775
20.0,3.2606777269903087,0.0,0.32238566163876853
20.0,3.2776184004318036,0.0,0.19420823155580863
20.0,3.3334533572635054,0.0,0.03495747687826642
20.0,3.3430207607014744,0.0,0.0
20.0,3.3225601399655873,0.0,0.0
20.0,3.2604811565491234,0.0,0.0
20.0,3.1921914011907773,0.0,0.0
20.0,3.125498070188235,0.0,0.0
20.0,3.0790614149986664,0.0,0.0
20.0,3.0642309005005517,0.0,0.0
18.585378656930462,0.0,0.0,0.0
17.617884379588197,0.0,0.0,0.0
17.788461070352803,0.0,0.0,0.0
17.561704577843113,0.0,0.0,0.0
17.539576718160788,0.0,0.0,0.0
17.455550634781222,0.0,0.0,0.0
17.412067006082278,0.0,0.0,0.0
18.6903438593138,2.888646212197143,0.0,0.0
20.0,3.8365799416713626,0.0,0.027189150016923645
20.0,3.5485296241305737,0.0,0.12040909807685375
20.0,3.2761272178168532,0.0,0.29908065190108113
20.0,3.0583046240896667,0.0,0.41560559083456633
20.0,2.9105862850096873,0.0,0.4389105731335158
20.0,2.8265641808513706,0.0,0.4078372725478292
20.0,2.819545552025342,0.0,0.29131233361434394
20.0,2.8663762776987602,0.0,0.11264076607074763
20.0,2.868807380191558,0.0,0.01942082315558086
20.0,2.815504740428215,0.0,0.0
20.0,2.754791704625693,0.0,0.0
20.0,2.7496053666041553,0.0,0.0
20.0,2.7687975496430024,0.0,0.0
20.0,2.7899604228314514,0.0,0.0
20.0,2.7776065564244505,0.0,0.0
20.0,2.7166450876384785,0.0,0.0
18.773499006909812,0.0,0.0,0.0
17.956725311269416,0.0,0.0,0.0
18.117301521001334,0.0,0.0,0.0
17.89828116110228,0.0,0.0,0.0
17.84910095351928,0.0,0.0,0.0
17.741748466646754,0.0,0.0,0.0
17.669463590425394,0.0,0.0,0.0
18.81261013283737,2.627474793871022,0.0,0.0
20.0,3.469125794130806,0.0,0.050494137460636454
20.0,3.163533231804079,0.0,0.19032405869307104
20.0,2.993606406450651,0.0,0.19420823155580863
20.0,2.8368338387496626,0.0,0.2408181961537075
20.0,2.7232869326053093,0.0,0.25247068730318223
20.0,2.6455862614457226,0.0,0.23693402329096994
20.0,2.6010312275991923,0.0,0.19032405869307104
20.0,2.5949944514295846,0.0,0.11652493893348519
20.0,2.622714136223375,0.0,0.02330498572879169
20.0,2.628954736778663,0.0,0.0
20.0,2.6142009156443073,0.0,0.0
20.0,2.5928380328596052,0.0,0.0
20.0,2.566123115605765,0.0,0.0
20.0,2.536817043107237,0.0,0.0
20.0,2.5195326426353617,0.0,0.0
20.0,2.5141700279707013,0.0,0.0
18.83626229824438,0.0,0.0,0.0
18.04045288765381,0.0,0.0,0.0
18.174552484859817,0.0,0.0,0.0
17.976965246096274,0.0,0.0,0.0
17.947986883831284,0.0,0.0,0.0
17.86449170883202,0.0,0.0,0.0
17.813873403338064,0.0,0.0,0.0
18.890765227691443,2.428740983984842,0.0,0.0
20.0,3.207777300240551,0.0,0.027189150016923645
20.0,2.9301540132821455,0.0,0.12040909807685375
20.0,2.7225226088047445,0.0,0.19420823155580863
20.0,2.5598671802194928,0.0,0.2408181961537075
20.0,2.438435415340759,0.0,0.25635486016591985
20.0,2.367513933048491,0.0,0.2408181961537075
20.0,2.336744383872881,0.0,0.19032405869307104
20.0,2.343742517163385,0.0,0.11652493893348519
20.0,2.3756174357851623,0.0,0.02330498572879169
20.0,2.3813790363801433,0.0,0.0
20.0,2.37635942821492,0.0,0.0
20.0,2.380259685286809,0.0,0.0
20.0,2.3952875526247386,0.0,0.0
20.0,2.4145898352572677,0.0,0.0
20.0,2.429397059128524,0.0,0.0
20.0,2.439795762666286,0.0,0.0
18.862225420898483,0.0,0.0,0.0
18.062487061771833,0.0,0.0,0.0
18.153839428663694,0.0,0.0,0.0
17.921255202519095,0.0,0.0,0.0
17.87425885590083,0.0,0.0,0.0
17.803978705382548,0.0,0.0,0.0
17.77178110617016,0.0,0.0,0.0
18.87438384195969,2.4681404172094417,0.0,0.0
20.0,3.2876205213669163,0.0,0.050494137460636454
20.0,3.0242490529340773,0.0,0.19420823155580863
20.0,2.8761591713601633,0.0,0.19809237697980822
20.0,2.7299700480278344,0.0,0.24470234157770712
20.0,2.6204596964712255,0.0,0.25635486016591985
20.0,2.5510888004074026,0.0,0.2408181961537075
20.0,2.541806043906068,0.0,0.19420823155580863
20.0,2.584543971959065,0.0,0.12040909807685375
20.0,2.66832187863146,0.0,0.027189150016923645
20.0,2.744204484860513,0.0,0.0
20.0,2.8056301492201925,0.0,0.0
20.0,2.8494046796485213,0.0,0.0
20.0,2.874333084328173,0.0,0.0
20.0,2.871755917879782,0.0,0.0
20.0,2.8499480951470146,0.0,0.0
20.0,2.8141693012048763,0.0,0.0
18.707957437103314,0.0,0.0,0.0
17.80326572342311,0.0,0.0,0.0
17.894305070151518,0.0,0.0,0.0
17.59854951602153,0.0,0.0,0.0
17.490023830077355,0.0,0.0,0.0
17.33654208963538,0.0,0.0,0.0
17.23406192801778,0.0,0.0,0.0
18.587990936269946,3.1440910195385046,0.0,0.0
20.0,4.178973054112898,0.0,0.05437830003384729
20.0,3.825806884013154,0.0,0.23693402329096994
20.0,3.558156851366253,0.0,0.34957481680045555
20.0,2.1055125537780985,0.0,2.894295568670496
20.0,1.763274387197897,0.0,2.638866339150834
20.0,1.7496222726380075,0.0,2.0864276199760567
20.0,1.5048243002968875,0.0,2.3366305401705314
20.0,2.4698236175101353,0.0,0.23304987786697037
20.0,2.802946855201824,0.0,0.05437830003384729
20.0,3.0091764817935633,0.0,0.0
20.0,3.1448929504460263,0.0,0.0
20.0,3.2544184301814676,0.0,0.0
20.0,3.350415810894087,0.0,0.0
20.0,3.427438533075264,0.0,0.0
20.0,3.4884167946250977,0.0,0.0
20.0,3.544822027609431,0.0,0.0
18.334110482296193,0.0,0.0,0.0
17.1680532257568,0.0,0.0,0.0
17.31163601502196,0.0,0.0,0.0
16.976533454749983,0.0,0.0,0.0
16.86895173612997,0.0,0.0,0.0
16.681072177371394,0.0,0.0,0.0
16.546228738073083,0.0,0.0,0.0
18.235268113643027,3.9063662213475614,0.0,0.0
20.0,5.154089175947059,0.0,0.050494137460636454
20.0,4.66807545107938,0.0,0.2408181961537075
20.0,4.341518872818762,0.0,0.35345898966319306
20.0,4.0970813986053365,0.0,0.4311422274080407
20.0,3.9373882529829927,0.0,0.4117214179718288
20.0,3.8816500510910883,0.0,0.24470234157770712
20.0,3.795564522161092,0.0,0.19809237697980822
20.0,3.7473434303792197,0.0,0.12429325722022233
20.0,3.758074714323973,0.0,0.031073314305055583
20.0,3.772335188259296,0.0,0.0
20.0,3.7911787463009063,0.0,0.0
20.0,3.8127451353411255,0.0,0.0
20.0,3.8294953486177836,0.0,0.0
20.0,3.834772967305487,0.0,0.0
20.0,3.8254651489078646,0.0,0.0
20.0,3.7989740815894195,0.0,0.0
18.25218607261434,0.0,0.0,0.0
17.05880667337174,0.0,0.0,0.0
17.258710448544427,0.0,0.0,0.0
16.951183912088158,0.0,0.0,0.0
16.891751081642933,0.0,0.0,0.0
16.752551043238064,0.0,0.0,0.0
16.665093398877932,0.0,0.0,0.0
18.30519937298167,3.7377930172824803,0.0,0.0
20.0,4.94933087296319,0.0,0.03107331773489783
20.0,4.5572663272263405,0.0,0.12817743008295993
20.0,4.268806980425037,0.0,0.20197654984254582
20.0,4.041296782701223,0.0,0.24858651444044466
20.0,3.8509521470071677,0.0,0.264123178452657
20.0,3.69635271906632,0.0,0.24858651444044466
20.0,3.5748312856132545,0.0,0.20197654984254582
20.0,3.475237002342482,0.0,0.12817743008295993
20.0,3.377498915353968,0.0,0.031073314305055583
20.0,3.2539187276686747,0.0,0.0
20.0,3.116750046589942,0.0,0.0
20.0,3.0103118970417397,0.0,0.0
20.0,2.927486155159729,0.0,0.0
20.0,2.881795408880595,0.0,0.0
20.0,2.849676277190164,0.0,0.0
20.0,2.8209293760510867,0.0,0.0
18.699763827396218,0.0,0.0,0.0
17.80402302432035,0.0,0.0,0.0
17.94193326655102,0.0,0.0,0.0
17.708496869441667,0.0,0.0,0.0
17.66243270276273,0.0,0.0,0.0
17.564591381541703,0.0,0.0,0.0
17.508394812281608,0.0,0.0,0.0
18.735413333687852,2.7849812602899893,0.0,0.0
20.0,3.6795585522285545,0.0,0.05826246260705811
20.0,3.338040908447017,0.0,0.2369339958522321
20.0,3.0513402168878465,0.0,0.38064806250866634
20.0,2.8250759115233492,0.0,0.4427946636800396
20.0,2.675980991536586,0.0,0.419489708819828
20.0,2.6610578804818372,0.0,0.25247065986444434
20.0,2.658688917773195,0.0,0.20586069526654546
20.0,2.7036440256063683,0.0,0.12817740264422198
20.0,2.7697596239855597,0.0,0.034957473448424176
20.0,2.8061517022168525,0.0,0.0
20.0,2.777969826957067,0.0,0.0
20.0,2.6469435207034255,0.0,0.0
20.0,2.4420429792823497,0.0,0.0
20.0,2.2349506262679966,0.0,0.0
20.0,2.0919336124786785,0.0,0.0
20.0,2.0393951795159713,0.0,0.0
19.053612715764608,0.0,0.0,0.0
18.38935138142103,0.0,0.0,0.0
18.464469887192884,0.0,0.0,0.0
18.260324597839002,0.0,0.0,0.0
18.170520852191565,0.0,0.0,0.0
18.023073950235002,0.0,0.0,0.0
17.90313359391122,0.0,0.0,0.0
18.918987119565244,2.425541784354945,0.0,0.0
20.0,3.1928397857556163,0.0,0.06991495375653284
20.0,2.8860437562547627,0.0,0.22916570500423275
20.0,2.7171610497088676,0.0,0.2058607089859144
20.0,2.5588543742589858,0.0,0.25247068730318223
20.0,2.4397722412050404,0.0,0.26800735131539455
20.0,2.3892037354127793,0.0,0.25247068730318223
20.0,2.377315467211576,0.0,0.2058607089859144
20.0,2.388538902324136,0.0,0.1320615892263285
20.0,2.386563622047583,0.0,0.03495747687826642
20.0,2.353434737774894,0.0,0.0
20.0,2.3112504860953207,0.0,0.0
20.0,2.3290151755561883,0.0,0.0
20.0,2.4071746748121785,0.0,0.0
20.0,2.50560561080232,0.0,0.0
20.0,2.602098042039215,0.0,0.0
20.0,2.6504273833946757,0.0,0.0
18.75401431641021,0.0,0.0,0.0
17.877372325155715,0.0,0.0,0.0
17.982620130852265,0.0,0.0,0.0
17.740847513798958,0.0,0.0,0.0
17.686361676951904,0.0,0.0,0.0
17.591917211966475,0.0,0.0,0.0
17.539394530569552,0.0,0.0,0.0
18.752253603862783,2.751884123499953,0.0,0.0
20.0,3.6630620136430414,0.0,0.03495747687826642
20.0,3.4117042976047784,0.0,0.1320615892263285
20.0,3.1964051835258416,0.0,0.326269834501506
20.0,3.0390554866851502,0.0,0.44667891885899086
20.0,2.9612359670969215,0.0,0.4272580819840411
20.0,2.969408086019879,0.0,0.25635486016591985
20.0,2.9131238277226013,0.0,0.20974488184865195
20.0,2.8635913052587663,0.0,0.13594576208906606
20.0,2.8187189295168116,0.0,0.062146628610111165
20.0,2.7789892329281023,0.0,0.0
20.0,2.740502819217452,0.0,0.0
20.0,2.741788514810695,0.0,0.0
20.0,2.7706702082233985,0.0,0.0
20.0,2.7990908710481746,0.0,0.0
20.0,2.7985615210297934,0.0,0.0
20.0,2.7473880790426564,0.0,0.0
18.754805005661133,0.0,0.0,0.0
17.91703390692559,0.0,0.0,0.0
18.07232000538186,0.0,0.0,0.0
17.85224543697771,0.0,0.0,0.0
17.79793844109639,0.0,0.0,0.0
17.678661858259204,0.0,0.0,0.0
17.597462612319433,0.0,0.0,0.0
18.774584862296315,2.7013595202240928,0.0,0.0
20.0,3.560851843532655,0.0,0.03884164631116172
20.0,3.253855475574706,0.0,0.13594576208906606
20.0,3.0361897341264155,0.0,0.20974488184865195
20.0,2.894648163510582,0.0,0.25635486016591985
20.0,2.8097104235776915,0.0,0.27577566960213173
20.0,2.7906160580161825,0.0,0.26023903302865736
20.0,2.811923028895132,0.0,0.21362904099202054
20.0,2.8449590422633952,0.0,0.13982990751306568
20.0,2.8586165762520652,0.0,0.04272580888437255
20.0,2.8315956024520794,0.0,0.0
20.0,2.7799860417059326,0.0,0.0
20.0,2.733813066055655,0.0,0.0
20.0,2.7216289265477664,0.0,0.0
20.0,2.702741614872721,0.0,0.0
20.0,2.680543617855906,0.0,0.0
20.0,2.6629835462526774,0.0,0.0
18.773547433321163,0.0,0.0,0.0
17.93278980550885,0.0,0.0,0.0
18.06917225854383,0.0,0.0,0.0
17.849460592924633,0.0,0.0,0.0
17.799457222558996,0.0,0.0,0.0
17.690100655682652,0.0,0.0,0.0
17.61059852993279,0.0,0.0,0.0
18.780424390240643,2.686373122632083,0.0,0.0
20.0,3.5484744784567575,0.0,0.05847155950939137
20.0,3.2714048762038552,0.0,0.13626894926367825
20.0,3.0709972766153237,0.0,0.21413691831158455
20.0,2.921564304068824,0.0,0.2608577216913186
20.0,2.796862483819059,0.0,0.27643126336729784
20.0,2.690080610639723,0.0,0.2608577216913186
20.0,2.606115515550272,0.0,0.21803031059026381
20.0,2.565120816634371,0.0,0.14016232782298857
20.0,2.5815204185618983,0.0,0.04282738366231691
20.0,2.6301527021645272,0.0,0.0
20.0,2.66529736553702,0.0,0.0
20.0,2.6945089565444182,0.0,0.0
20.0,2.7077191515510153,0.0,0.0
20.0,2.7161817609873427,0.0,0.0
20.0,2.738368563550167,0.0,0.0
20.0,2.7707155690193677,0.0,0.0
18.70122217789288,0.0,0.0,0.0
17.797642105240392,0.0,0.0,0.0
17.926189414655596,0.0,0.0,0.0
17.691998421101708,0.0,0.0,0.0
17.64571786847867,0.0,0.0,0.0
17.544352828065502,0.0,0.0,0.0
17.48091058079069,0.0,0.0,0.0
18.720046687410235,2.8304712839487425,0.0,0.0
20.0,3.7563317252218904,0.0,0.03884164631116172
20.0,3.4590847462577305,0.0,0.13982990751306568
20.0,3.2248421936703133,0.0,0.21362904099202054
20.0,3.024405016675074,0.0,0.264123178452657
20.0,2.874072901769226,0.0,0.27965981502613135
20.0,2.8213553585700315,0.0,0.264123178452657
20.0,2.8396438952872995,0.0,0.21751320013538916
20.0,2.8856854628817867,0.0,0.14371408037580322
20.0,2.92259740645268,0.0,0.04660997145758338
20.0,2.911258229995947,0.0,0.0
20.0,2.881131014642079,0.0,0.0
20.0,2.9078612642853923,0.0,0.0
20.0,2.9985746094257775,0.0,0.0
20.0,3.101506308482033,0.0,0.0
20.0,3.1967858968720977,0.0,0.0
20.0,3.2616825447903746,0.0,0.0
18.46545403307922,0.0,0.0,0.0
17.39026712861446,0.0,0.0,0.0
17.521917822064765,0.0,0.0,0.0
17.217684755334638,0.0,0.0,0.0
17.132427838170507,0.0,0.0,0.0
16.977528634359995,0.0,0.0,0.0
16.863724081912288,0.0,0.0,0.0
18.398043256917685,3.5736920487813446,0.0,0.0
20.0,4.415275034007483,0.0,0.6836939028773052
20.0,3.339819971484677,0.0,2.069229086516055
20.0,3.067238740283137,0.0,1.6952623299768348
20.0,2.240737796860461,0.0,2.7275103076613574
20.0,1.423885522850946,0.0,3.582632913357044
20.0,1.2405846749179343,0.0,3.0967660412882005
20.0,1.3989011824850928,0.0,2.3234197068541356
20.0,1.6126809008507066,0.0,1.786409977854059
20.0,2.1880773535401543,0.0,0.7493319626641545
20.0,2.7769019261417998,0.0,0.0
20.0,3.000331239799553,0.0,0.0
20.0,3.1235233482360245,0.0,0.0
20.0,3.19879019866687,0.0,0.0
20.0,3.253520761249925,0.0,0.0
20.0,3.3074660898411823,0.0,0.0
20.0,3.3850567269450487,0.0,0.0
18.397008570950472,0.0,0.0,0.0
17.26440178127069,0.0,0.0,0.0
17.394179054432392,0.0,0.0,0.0
17.074349850976176,0.0,0.0,0.0
16.975458040321595,0.0,0.0,0.0
16.80057624976106,0.0,0.0,0.0
16.67207637807025,0.0,0.0,0.0
18.299394161766784,3.765519183629941,0.0,0.0
20.0,4.959539605206204,0.0,0.06991495375653284
20.0,4.427024270951296,0.0,0.34775174399910236
20.0,4.081309604077024,0.0,0.4117214179718288
20.0,3.7658729906034893,0.0,0.5290018101087403
20.0,3.2185306267890454,0.0,1.1880384314710288
20.0,3.020197353248473,0.0,1.1553217182180375
20.0,2.6419412739763355,0.0,1.6733555255692327
20.0,3.073283563272392,0.0,0.5381115927919773
20.0,3.3153579785706744,0.0,0.1558887658258543
20.0,3.4387019249113333,0.0,0.0
20.0,3.469961769037456,0.0,0.0
20.0,3.500694042362463,0.0,0.0
20.0,3.533868606332043,0.0,0.0
20.0,3.561045378464583,0.0,0.0
20.0,3.5715025443198827,0.0,0.0
20.0,3.5544855925432786,0.0,0.0
18.363769724646726,0.0,0.0,0.0
17.242339657865163,0.0,0.0,0.0
17.423101606737518,0.0,0.0,0.0
17.129991814954707,0.0,0.0,0.0
17.070294155737734,0.0,0.0,0.0
16.93949847487258,0.0,0.0,0.0
16.854794103655983,0.0,0.0,0.0
18.400129643085513,3.5516255416660067,0.0,0.0
20.0,4.73030652654375,0.0,0.04660997145758338
20.0,4.396867697184239,0.0,0.14759825323854078
20.0,4.144720629954633,0.0,0.22139737299812665
20.0,3.924486416473066,0.0,0.2718915241781321
20.0,3.7513992277666373,0.0,0.28742816075160643
20.0,3.632052773407696,0.0,0.27577566960213173
20.0,3.584586842432214,0.0,0.22916570500423275
20.0,3.5833388253202183,0.0,0.1553665852446469
20.0,3.6190380331709213,0.0,0.05437830003384729
20.0,3.6443165785705705,0.0,0.0
20.0,3.625036324881827,0.0,0.0
20.0,3.5674764426799324,0.0,0.0
20.0,3.479948494071998,0.0,0.0
20.0,3.385011889821916,0.0,0.0
20.0,3.2951357077001333,0.0,0.0
20.0,3.231241178441657,0.0,0.0
18.525931948289685,0.0,0.0,0.0
17.52670119254502,0.0,0.0,0.0
17.708629684514452,0.0,0.0,0.0
17.462456026106402,0.0,0.0,0.0
17.425912921390065,0.0,0.0,0.0
17.32247185754823,0.0,0.0,0.0
17.258705123936174,0.0,0.0,0.0
18.607550601930726,3.0894843165390435,0.0,0.0
20.0,4.116814600235351,0.0,0.04660997145758338
20.0,3.8391368436460227,0.0,0.14759825323854078
20.0,3.6403600174363397,0.0,0.22528153214149527
20.0,3.496133796691138,0.0,0.27577566960213173
20.0,3.3881199143254825,0.0,0.29131233361434394
20.0,3.223091358738359,0.0,0.4350264002707783
20.0,3.1452010540524737,0.0,0.40395309968509163
20.0,3.1478026703005972,0.0,0.2718915241781321
20.0,3.19180212154767,0.0,0.11652493893348519
20.0,3.2417399944013514,0.0,0.0
20.0,3.2570194448530594,0.0,0.0
20.0,3.2822883094808235,0.0,0.0
20.0,3.3115425979330273,0.0,0.0
20.0,3.3345501500675323,0.0,0.0
20.0,3.332245808938702,0.0,0.0
20.0,3.3157518531488877,0.0,0.0
18.47160459215322,0.0,0.0,0.0
17.422412661160877,0.0,0.0,0.0
17.57605236842111,0.0,0.0,0.0
17.277987276125614,0.0,0.0,0.0
17.198039536504364,0.0,0.0,0.0
17.04815525442023,0.0,0.0,0.0
16.94617985370989,0.0,0.0,0.0
18.44332115908186,3.450173230568754,0.0,0.0
20.0,4.2478227836342475,0.0,0.6453264785317618
20.0,3.196225093256661,0.0,1.9588654614752457
20.0,2.2609960041894133,0.0,2.954137431202456
20.0,1.5820612921124604,0.0,3.416900153155873
20.0,1.5336254350906529,0.0,2.6782817322463752
20.0,0.908329980238939,0.0,3.43816083273387
20.0,1.129049574056092,0.0,2.3229780106744604
20.0,1.0953045718779726,0.0,2.184568684465248
20.0,1.6431953787574296,0.0,1.0089515749078701
20.0,2.381649912938834,0.0,0.0
20.0,2.660913968663024,0.0,0.0
20.0,2.8545613002735304,0.0,0.0
20.0,2.9729682655603713,0.0,0.0
20.0,3.062412073807136,0.0,0.0
20.0,3.144575529836503,0.0,0.0
20.0,3.2255602117605138,0.0,0.0
18.4682065934566,0.0,0.0,0.0
17.38735510191586,0.0,0.0,0.0
17.508580898348466,0.0,0.0,0.0
17.194497788304325,0.0,0.0,0.0
17.091213960259125,0.0,0.0,0.0
16.905991349933032,0.0,0.0,0.0
16.75363158580338,0.0,0.0,0.0
18.333788797714355,3.7536447583644703,0.0,0.0
20.0,4.678170241588531,0.0,0.6858754062797114
20.0,3.580381960251721,0.0,2.1037024370130206
20.0,2.9494640097089317,0.0,2.4412278670907837
20.0,2.0847395228369145,0.0,3.3620633239435174
20.0,2.2263115891006033,0.0,2.1563222553849317
20.0,1.3562975434155184,0.0,3.488773832048851
20.0,1.3614160417519208,0.0,2.750513271849555
20.0,1.513010033611281,0.0,2.1567266978516697
20.0,2.0953927898722675,0.0,0.9845611300815528
20.0,2.8157915799817577,0.0,0.0
20.0,3.0693156372577506,0.0,0.0
20.0,3.23229366736012,0.0,0.0
20.0,3.323595084672844,0.0,0.0
20.0,3.3887502981990516,0.0,0.0
20.0,3.4490182905611033,0.0,0.0
20.0,3.523226962789946,0.0,0.0
18.330596533374443,0.0,0.0,0.0
17.142350038164707,0.0,0.0,0.0
17.254205022548,0.0,0.0,0.0
16.89077245871617,0.0,0.0,0.0
16.759791919469137,0.0,0.0,0.0
16.562453507256194,0.0,0.0,0.0
16.42698942346283,0.0,0.0,0.0
18.17600689471734,4.048578692450771,0.0,0.0
20.0,4.920944123940482,0.0,0.8359503580842526
20.0,3.88416408250688,0.0,1.9308717664070252
20.0,3.25319039306875,0.0,2.2720992509483997
20.0,2.333924960723129,0.0,3.3633513023744053
20.0,2.1794697955869196,0.0,2.80416920461913
20.0,1.6231300081708386,0.0,3.39630616123368
20.0,1.5632781589751539,0.0,2.9299909908727115
20.0,2.000352564211652,0.0,1.7954042476440584
20.0,2.5511145886022213,0.0,0.8726645595309396
20.0,3.2567447931422953,0.0,0.0
20.0,3.5356569487619303,0.0,0.0
20.0,3.710608230828293,0.0,0.0
20.0,3.7858061014188085,0.0,0.0
20.0,3.833625544809846,0.0,0.0
20.0,3.8961787802803314,0.0,0.0
20.0,3.9816168092710478,0.0,0.0
18.11620762294194,0.0,0.0,0.0
16.788032440744818,0.0,0.0,0.0
16.94589365107933,0.0,0.0,0.0
16.574478120003338,0.0,0.0,0.0
16.452390999559178,0.0,0.0,0.0
16.227415201953725,0.0,0.0,0.0
16.075433489121433,0.054102861821730686,0.0,0.0
18.0,4.523403005182473,0.0,0.0
20.0,5.4849903401090865,0.0,0.9090893224151024
20.0,4.347871439211037,0.0,2.113709622407584
20.0,3.4539919156576153,0.0,2.857040904173947
20.0,2.995647825651589,0.0,2.805234081479758
20.0,2.2657321976338105,0.0,3.5409574691381596
20.0,2.1894799209762437,0.0,2.8595711727317354
20.0,2.204778066630016,0.0,2.3679630118300308
20.0,2.1378439492122645,0.0,2.2548519158275067
20.0,2.636215764108484,0.0,1.137371983855273
20.0,3.404171378122935,0.0,0.0
20.0,3.6733359012265363,0.0,0.0
20.0,3.8739585230102485,0.0,0.0
20.0,4.033284745278134,0.0,0.0
20.0,4.163005648553097,0.0,0.0
20.0,4.254033014491304,0.0,0.0
20.0,4.3016839179551445,0.0,0.0
18.0,0.022945017688576222,0.0,0.0
16.592566486117757,0.0,0.0,0.0
16.76439226759522,0.0,0.0,0.0
16.370492364070024,0.0,0.0,0.0
16.253702019316123,0.0,0.0,0.0
16.05503543672356,0.015743349695371254,0.0,0.0
16.0,0.2107843926708382,0.0,0.0
18.0,4.723579256176437,0.0,0.0
20.0,6.167498694292307,0.0,0.10875660006769458
20.0,5.682490728585665,0.0,0.28354398788886886
20.0,5.376651055347085,0.0,0.2408181961537075
20.0,5.072959665188772,0.0,0.29131233361434394
20.0,4.821736420857519,0.0,0.3068489976265563
20.0,4.648330448551852,0.0,0.29519650647708157
20.0,4.564825037927319,0.0,0.24858651444044466
20.0,4.551654313847207,0.0,0.17478740840022777
20.0,4.586283511822871,0.0,0.07768329262232344
20.0,4.6215571378158185,0.0,0.0
20.0,4.606701332517178,0.0,0.0
20.0,4.562687197324647,0.0,0.0
20.0,4.500869382634135,0.0,0.0
20.0,4.436757179249907,0.0,0.0
20.0,4.392228693365307,0.0,0.0
20.0,4.3783639127712215,0.0,0.0
18.0,0.05110728653708874,0.0,0.0
16.615049216018875,0.0,0.0,0.0
16.84755142978389,0.0,0.0,0.0
16.531157670438493,0.0,0.0,0.0
16.49230608370419,0.0,0.0,0.0
16.35447913525526,0.0,0.0,0.0
16.258511051047755,0.0,0.0,0.0
18.097682542823208,4.210860939993912,0.0,0.0
20.0,5.589969953010052,0.0,0.062146628610111165
20.0,5.176451836436237,0.0,0.163134917250753
20.0,4.8748059472071,0.0,0.24470234157770712
20.0,4.619746252421812,0.0,0.29131233361434394
20.0,4.398503371305673,0.0,0.3107331704892938
20.0,4.215998766187631,0.0,0.29908065190108113
20.0,4.077015144754437,0.0,0.25247068730318223
20.0,3.9901151284547565,0.0,0.17867156754359637
20.0,3.96056498929517,0.0,0.07768329262232344
20.0,3.9669364551351625,0.0,0.0
20.0,3.9451637257678116,0.0,0.0
20.0,3.910979938436713,0.0,0.0
20.0,3.8709614558531595,0.0,0.0
20.0,3.8303539214995546,0.0,0.0
20.0,3.795051503303435,0.0,0.0
20.0,3.7902084195677888,0.0,0.0
18.24213916331003,0.0,0.0,0.0
17.026310617725716,0.0,0.0,0.0
17.206473789701935,0.0,0.0,0.0
16.885516658608672,0.0,0.0,0.0
16.816409412258334,0.0,0.0,0.0
16.673881631994036,0.0,0.0,0.0
16.590023033832843,0.0,0.0,0.0
18.269336490774716,3.77312586041308,0.0,0.0
20.0,4.940939972496724,0.0,0.06603078775347977
20.0,4.495204231374793,0.0,0.1670190763941216
20.0,4.1799931270650665,0.0,0.24470234157770712
20.0,3.95402744005743,0.0,0.29519650647708157
20.0,3.7972998235369513,0.0,0.31461734335203134
20.0,3.687874672140687,0.0,0.3029648247638187
20.0,3.539596112265814,0.0,0.40006892682235407
20.0,3.493191926697966,0.0,0.31461734335203134
20.0,3.5411001169532392,0.0,0.14759825323854078
20.0,3.6017827125309525,0.0,0.003884164288131948
20.0,3.608906665186377,0.0,0.0
20.0,3.598726733206834,0.0,0.0
20.0,3.576438582188744,0.0,0.0
20.0,3.5506127053160483,0.0,0.0
20.0,3.5471152056671333,0.0,0.0
20.0,3.567132578417505,0.0,0.0
18.334492342580837,0.0,0.0,0.0
17.175256906286602,0.0,0.0,0.0
17.334358504209785,0.0,0.0,0.0
17.017102398657624,0.0,0.0,0.0
16.92525714338523,0.0,0.0,0.0
16.744638035769686,0.0,0.0,0.0
16.6047437629992,0.0,0.0,0.0
18.26185441246114,3.8640010782710545,0.0,0.0
20.0,4.7528691545626085,0.0,0.7274347970149453
20.0,3.648888290114676,0.0,2.059677045775717
20.0,3.6581731191752462,0.0,1.1851391010350023
20.0,2.6528621508037356,0.0,2.8320754153765932
20.0,2.7643757042268167,0.0,1.8195056679330748
20.0,2.1915462019983774,0.0,2.4905808079720386
20.0,2.0280391860357323,0.0,2.128380757385979
20.0,1.897358835781795,0.0,1.895840933425867
20.0,2.3508097340440304,0.0,0.7799124736770322
20.0,2.9168861514908753,0.0,0.003884164288131948
20.0,3.1342042548722864,0.0,0.0
20.0,3.2717117152381494,0.0,0.0
20.0,3.3308335601358787,0.0,0.0
20.0,3.368271804328008,0.0,0.0
20.0,3.3988623223606473,0.0,0.0
20.0,3.4380995297790893,0.0,0.0
18.388331192032858,0.0,0.0,0.0
17.267292300871915,0.0,0.0,0.0
17.43176882089776,0.0,0.0,0.0
17.153913344176487,0.0,0.0,0.0
17.113893268924443,0.0,0.0,0.0
17.002252991890998,0.0,0.0,0.0
16.933147756584003,0.0,0.0,0.0
18.44368240149966,3.4312000285774733,0.0,0.0
20.0,4.538415750374123,0.0,0.07379912661927039
20.0,4.190219064762236,0.0,0.17478740840022777
20.0,3.947146511792938,0.0,0.25247068730318223
20.0,3.7621444077720985,0.0,0.3029648247638187
20.0,3.6306366509870793,0.0,0.32238566163876853
20.0,3.5622257259596437,0.0,0.3068489976265563
20.0,3.54871579622406,0.0,0.264123178452657
20.0,3.5741262395220836,0.0,0.18643988583033352
20.0,3.6236566152321434,0.0,0.08933578377179818
20.0,3.672946646964289,0.0,0.003884164288131948
20.0,3.662459800119832,0.0,0.0
20.0,3.624240128517372,0.0,0.0
20.0,3.5685685256934168,0.0,0.0
20.0,3.518221241619483,0.0,0.0
20.0,3.5030410785130517,0.0,0.0
20.0,3.5162469869878907,0.0,0.0
18.360569222569776,0.0,0.0,0.0
17.222827027949503,0.0,0.0,0.0
17.39869499068312,0.0,0.0,0.0
17.118285324934845,0.0,0.0,0.0
17.068800920193592,0.0,0.0,0.0
16.940400089600796,0.0,0.0,0.0
16.84151047429219,0.0,0.0,0.0
18.38806316525353,3.6144944124692038,0.0,0.0
20.0,4.815902472198463,0.0,0.12040909807685375
20.0,4.4837202526199125,0.0,0.3068489976265563
20.0,4.225115525395538,0.0,0.44667891885899086
20.0,3.997198770840324,0.0,0.5360147026307891
20.0,3.853150951795388,0.0,0.5127097203318397
20.0,3.844675952618361,0.0,0.3107331704892938
20.0,3.834350577602535,0.0,0.26800735131539455
20.0,3.8702487528931346,0.0,0.19032405869307104
20.0,3.922091124632021,0.0,0.14759825323854078
20.0,4.034794572965094,0.0,0.007768328576263896
20.0,4.094869745445855,0.0,0.0
20.0,4.1451373057405485,0.0,0.0
20.0,4.19276970611502,0.0,0.0
20.0,4.24371669443903,0.0,0.0
20.0,4.332281702343858,0.0,0.0
20.0,4.431697097387159,0.0,0.0
18.0,0.21910026394332008,0.0,0.0
16.473376294332603,0.0,0.0,0.0
16.550688752220417,0.0,0.0,0.0
16.15163619919516,0.0,0.0,0.0
16.074323741307346,0.16217212860563046,0.0,0.0
16.0,0.38102765345088196,0.0,0.0
16.0,0.6407555173900294,0.0,0.0
18.0,5.194397737483725,0.0,0.0011484048595945169
20.0,6.640991055058596,0.0,0.19809031273562455
20.0,5.497794132374539,0.0,1.7526956504382145
20.0,4.570190689123047,0.0,2.697258615925026
20.0,4.147387815234946,0.0,2.5611187928178425
20.0,3.3819657851074747,0.0,3.310282421704359
20.0,2.896554325265493,0.0,3.3632602096535873
20.0,2.678870253611644,0.0,3.0161383772030694
20.0,2.9923744152347274,0.0,1.9059668879141451
20.0,3.3447986792504767,0.0,1.193184711452089
20.0,4.087414415727794,0.0,0.11282417100259326
20.0,4.4361666642787005,0.0,0.0
20.0,4.6571155379088385,0.0,0.0
20.0,4.814218964579632,0.0,0.0
20.0,4.927411491667218,0.0,0.0
20.0,5.024253548394594,0.0,0.0
20.0,5.107711569380392,0.0,0.0
18.0,0.8544681727178816,0.0,0.0
16.199256800667005,0.0,0.0,0.0
16.199256800667005,0.19770678911707365,0.0,0.0
16.0,0.35011130765310855,0.0,0.0
16.0,0.6164357418333788,0.0,0.0
16.0,0.8144250916396333,0.0,0.0
16.0,0.9533092470332889,0.0,0.0
18.0,5.332839014795343,0.0,0.0019195279302245151
20.0,6.641363188413484,0.0,0.08164471239199542
20.0,6.078562418256438,0.0,0.18272865933271729
20.0,5.683656014161243,0.0,0.2643733648650282
20.0,5.413323719629472,0.0,0.3149153554846003
20.0,5.202053082267626,0.0,0.33435457631395776
20.0,5.008078581649251,0.0,0.3188031776994814
20.0,4.841390480576778,0.0,0.2721490641722663
20.0,4.712872094808869,0.0,0.1982800305084556
20.0,4.6666167373306795,0.0,0.10108394008103734
20.0,4.661683954753316,0.0,0.007775687302790308
20.0,4.6148485233415055,0.0,0.0
20.0,4.493819706074185,0.0,0.0
20.0,4.312434596128562,0.0,0.0
20.0,4.119630448236833,0.0,0.0
20.0,3.9361331505804182,0.0,0.0
20.0,3.8011247937411827,0.0,0.0
18.29769402691595,0.0,0.0,0.0
17.195766405485468,0.0,0.0,0.0
17.50096748128488,0.0,0.0,0.0
17.308628170386,0.0,0.0,0.0
17.33604016998925,0.0,0.0,0.0
17.239860406290404,0.0,0.0,0.0
17.164317162298858,0.0,0.0,0.0
18.554763858327064,3.1996429265834254,0.0,0.003884164288131948
20.0,3.7119748569427364,0.0,1.0084066875294502
20.0,2.8891692360180845,0.0,1.8533346398082413
20.0,2.726525498261399,0.0,1.3848044421744212
20.0,2.2870919613099656,0.0,1.7810525521146812
20.0,2.4087866893768335,0.0,1.049708895538762
20.0,1.887094584140553,0.0,1.9377423494909933
20.0,1.3323237038807565,0.0,2.710628692349437
20.0,1.3282403956412923,0.0,2.2702353416291574
20.0,2.124020230426338,0.0,0.5362648693495782
20.0,2.538333159371064,0.0,0.015536657152527791
20.0,2.664002586195525,0.0,0.0
20.0,2.709593370935415,0.0,0.0
20.0,2.720042549225634,0.0,0.0
20.0,2.7094816425067254,0.0,0.0
20.0,2.6890087306641446,0.0,0.0
20.0,2.6638705775193054,0.0,0.0
18.77392730073979,0.0,0.0,0.0
17.932700639327546,0.0,0.0,0.0
18.067896146678763,0.0,0.0,0.0
17.85064639045982,0.0,0.0,0.0
17.81046709833664,0.0,0.0,0.0
17.722276545430894,0.0,0.0,0.0
17.673043778975632,0.0,0.0,0.0
18.819710749512566,2.6096490480815637,0.0,0.003884164288131948
20.0,3.4535512210656205,0.0,0.08933578377179818
20.0,3.203083851114384,0.0,0.19032405869307104
20.0,3.047676115664548,0.0,0.2718915241781321
20.0,2.952787812256881,0.0,0.32238566163876853
20.0,2.8998618782344097,0.0,0.3418064710749804
20.0,2.879142257175085,0.0,0.326269834501506
20.0,2.88147600463522,0.0,0.27965981502613135
20.0,2.8706231489995035,0.0,0.2058607089859144
20.0,2.8206193748018267,0.0,0.10875660006769458
20.0,2.7437151240837316,0.0,0.011652492864395845
20.0,2.6333118197631764,0.0,0.0
20.0,2.5787477045202105,0.0,0.0
20.0,2.5866665901771353,0.0,0.0
20.0,2.6210069980746713,0.0,0.0
20.0,2.6475928926093912,0.0,0.0
20.0,2.652555100004772,0.0,0.0
18.77258042578014,0.0,0.0,0.0
17.927766853105485,0.0,0.0,0.0
18.052177091454993,0.0,0.0,0.0
17.81785769932767,0.0,0.0,0.0
17.761149852116812,0.0,0.0,0.0
17.659256623589684,0.0,0.0,0.0
17.600629521015808,0.0,0.0,0.0
18.781655714344915,2.673565691306034,0.0,0.007768328576263896
20.0,3.4582896583768403,0.0,0.1670190763941216
20.0,3.009017183839573,0.0,0.48695609188975764
20.0,2.008285830525856,0.0,1.9574278155933558
20.0,1.580285627971324,0.0,2.045225575018091
20.0,1.8499236881400347,0.0,0.9317126402594612
20.0,1.9642940627787013,0.0,0.5826246672286879
20.0,1.996372648690336,0.0,0.4971730288808893
20.0,2.0840963167682474,0.0,0.33015397992550566
20.0,2.228181902775565,0.0,0.11264076607074763
20.0,2.3244552688741855,0.0,0.011652492864395845
20.0,2.3689870472165215,0.0,0.0
20.0,2.390489497673358,0.0,0.0
20.0,2.3755292592537205,0.0,0.0
20.0,2.3520092348418498,0.0,0.0
20.0,2.327014295128667,0.0,0.0
20.0,2.3016842809234044,0.0,0.0
18.946709020283095,0.0,0.0,0.0
18.23457395679661,0.0,0.0,0.0
18.36201022865497,0.0,0.0,0.0
18.179609672614742,0.0,0.0,0.0
18.146627530354543,0.0,0.0,0.0
18.053011886471428,0.0,0.0,0.0
17.98765298065431,0.0,0.0,0.0
18.97580424406414,2.266467425723078,0.0,0.003884164288131948
20.0,2.9443194580838057,0.0,0.15148241238190935
20.0,2.6084889686800223,0.0,0.345690643937718
20.0,2.357535599108281,0.0,0.48552056517015274
20.0,2.1540926951143047,0.0,0.5787404394884745
20.0,2.0333244924620844,0.0,0.5476671663415258
20.0,2.0355175056651205,0.0,0.3340381527882432
20.0,1.9055317527239983,0.0,0.45444723714572804
20.0,1.876617302427686,0.0,0.37287977166066705
20.0,1.935361051429548,0.0,0.2058607089859144
20.0,2.0459780115448263,0.0,0.027189150016923645
20.0,2.1169650837694,0.0,0.0
20.0,2.172648757587578,0.0,0.0
20.0,2.222352849331146,0.0,0.0
20.0,2.262974718672089,0.0,0.0
20.0,2.2852607951021087,0.0,0.0
20.0,2.2899547595418537,0.0,0.0
18.9391772025312,0.0,0.0,0.0
18.209126541572683,0.0,0.0,0.0
18.32261474521718,0.0,0.0,0.0
18.131042262359934,0.0,0.0,0.0
18.09053702351183,0.0,0.0,0.0
18.001600208986616,0.0,0.0,0.0
17.946968964037122,0.0,0.0,0.0
18.9575289223781,2.290179130164551,0.0,0.007768329433724457
20.0,2.982559693261662,0.0,0.10098827492127291
20.0,2.701309267444295,0.0,0.20197654984254582
20.0,2.499299181914854,0.0,0.28354398788886886
20.0,2.3429852625680847,0.0,0.3340381527882432
20.0,2.2141251403172566,0.0,0.35345898966319306
20.0,2.096565313666344,0.0,0.3379222982122429
20.0,1.9098063523494055,0.0,0.4583314100084655
20.0,1.8344379498403174,0.0,0.3767639170846668
20.0,1.8750045907772355,0.0,0.20974488184865195
20.0,2.012527788116365,0.0,0.031073314305055583
20.0,2.1292968084949906,0.0,0.0
20.0,2.241033651836624,0.0,0.0
20.0,2.337436132929757,0.0,0.0
20.0,2.3850321438183486,0.0,0.0
20.0,2.3629080451983624,0.0,0.0
20.0,2.2747669902009187,0.0,0.0
18.98819746953251,0.0,0.0,0.0
18.308099131332714,0.0,0.0,0.0
18.41270488029405,0.0,0.0,0.0
18.200717542113946,0.0,0.0,0.0
18.153470316131006,0.0,0.0,0.0
18.090025419402153,0.0,0.0,0.0
18.07191568145053,0.0,0.0,0.0
19.027446254559283,2.12988428028146,0.0,0.007768329433724457
20.0,2.8071548920102374,0.0,0.10487244092432597
20.0,2.581945891641436,0.0,0.2058607089859144
20.0,2.3887321196059523,0.0,0.28742816075160643
20.0,2.202301091963729,0.0,0.3379222982122429
20.0,2.0501954483654927,0.0,0.35734313508719273
20.0,1.9489082917069185,0.0,0.3418064710749804
20.0,1.9108838394619183,0.0,0.29519650647708157
20.0,1.9270331168518897,0.0,0.22139737299812665
20.0,1.9751280189793599,0.0,0.12040909807685375
20.0,2.033439639572098,0.0,0.015536657152527791
20.0,2.043615950504447,0.0,0.0
20.0,2.020596514853233,0.0,0.0
20.0,1.9866087678642683,0.0,0.0
20.0,1.956775226959459,0.0,0.0
20.0,1.9497822021535347,0.0,0.0
20.0,1.9666912269056451,0.0,0.0
19.077155189573062,0.0,0.0,0.0
18.43156488803131,0.0,0.0,0.0
18.520906221356093,0.0,0.0,0.0
18.358102715548224,0.0,0.0,0.0
18.336752041265513,0.0,0.0,0.0
18.281329432137717,0.0,0.0,0.0
18.251135556604194,0.0,0.0,0.0
19.11495197308161,1.9780127446601623,0.0,0.007768328576263896
20.0,2.6129522979508732,0.0,0.10875660006769458
20.0,2.421218237898219,0.0,0.20974488184865195
20.0,2.234565650586907,0.0,0.29131233361434394
20.0,1.9595932324777983,0.0,0.5360147026307891
20.0,1.7640941424169432,0.0,0.6331188046893247
20.0,1.6127340964584032,0.0,0.8479760171180444
20.0,1.7986288570880342,0.0,0.5360147026307891
20.0,1.9860263632752562,0.0,0.35345898966319306
20.0,2.168647591950422,0.0,0.12429325722022233
20.0,2.2184732616338847,0.0,0.01942082315558086
20.0,2.1754110575461203,0.0,0.0
20.0,2.09540180772834,0.0,0.0
20.0,2.0107123215059497,0.0,0.0
20.0,1.9541822535422475,0.0,0.0
20.0,1.9631915092164696,0.0,0.0
20.0,2.029520711252133,0.0,0.0
19.015130371525988,0.0,0.0,0.0
18.29132118706872,0.0,0.0,0.0
18.32761746883283,0.0,0.0,0.0
18.104720112641203,0.0,0.0,0.0
18.04214540784884,0.0,0.0,0.0
17.963756997848208,0.0,0.0,0.0
17.93148496209224,0.0,0.0,0.0
18.956579912741766,2.2472995339420594,0.0,0.011652492864395845
20.0,2.8930739858090884,0.0,0.11264076607074763
20.0,2.590298324837656,0.0,0.21362904099202054
20.0,2.4215528814717335,0.0,0.29519650647708157
20.0,2.3276717379190814,0.0,0.345690643937718
20.0,2.2689086198484842,0.0,0.36511148081266775
20.0,2.18340137965708,0.0,0.34957481680045555
20.0,2.0809481702455055,0.0,0.3029648247638187
20.0,2.010698113025032,0.0,0.22916570500423275
20.0,2.0549037446944,0.0,0.12817743008295993
20.0,2.2061387150788265,0.0,0.02330498572879169
20.0,2.337159377832609,0.0,0.0
20.0,2.431378467090528,0.0,0.0
20.0,2.4442605173744067,0.0,0.0
20.0,2.4118264567588064,0.0,0.0
20.0,2.356506375900814,0.0,0.0
20.0,2.3041386542598534,0.0,0.0
18.94255181605955,0.0,0.0,0.0
18.199604242044376,0.0,0.0,0.0
18.26662013576908,0.0,0.0,0.0
18.01692676176847,0.0,0.0,0.0
17.936144432084152,0.0,0.0,0.0
17.841956632755974,0.0,0.0,0.0
17.795206540279146,0.0,0.0,0.0
18.882035287623108,2.465028255475263,0.0,0.011652492864395845
20.0,3.24812049502768,0.0,0.11652493893348519
20.0,2.9948289422169263,0.0,0.21751320013538916
20.0,2.6761613388853664,0.0,0.46609975573394075
20.0,2.2999470187112943,0.0,0.7919715045692924
20.0,1.8332419543254785,0.0,1.291604192553239
20.0,1.2826259236451734,0.0,1.9597921024555236
20.0,0.974236187226747,0.0,2.1699607151026883
20.0,1.0888052318804855,0.0,1.647307937519712
20.0,1.6965812623330567,0.0,0.42908653376618483
20.0,2.045703969944443,0.0,0.04272580888437255
20.0,2.183690587984723,0.0,0.0
20.0,2.254847045718424,0.0,0.0
20.0,2.299591648732215,0.0,0.0
20.0,2.338004446735374,0.0,0.0
20.0,2.418289543000735,0.0,0.0
20.0,2.5058784874277302,0.0,0.0
18.805027795464074,0.0,0.0,0.0
17.97113054748647,0.0,0.0,0.0
18.10993034657238,0.0,0.0,0.0
17.93219087800679,0.0,0.0,0.0
17.912322531911975,0.0,0.0,0.0
17.818782028184486,0.0,0.0,0.0
17.746947334497925,0.0,0.0,0.0
18.852124554768608,2.506282861128121,0.0,0.02330498572879169
20.0,3.201464007175059,0.0,0.20974488184865195
20.0,2.8201457069741447,0.0,0.41560559083456633
20.0,2.3208533376362497,0.0,1.0395799702311315
20.0,2.3565847015642225,0.0,0.6331188046893247
20.0,2.3214102239690693,0.0,0.5865087852139497
20.0,2.242777962842237,0.0,0.5670879757777377
20.0,2.131269204239151,0.0,0.5554355120670009
20.0,2.0258410760426826,0.0,0.5403016835433526
20.0,2.0459008385583486,0.0,0.33879624896533567
20.0,2.2013024280274838,0.0,0.04272580888437255
20.0,2.286514473473063,0.0,0.0
20.0,2.3484502414544757,0.0,0.0
20.0,2.417694165952085,0.0,0.0
20.0,2.4855797850649917,0.0,0.0
20.0,2.5469330577308655,0.0,0.0
20.0,2.6048838007378152,0.0,0.0
18.770392120236714,0.0,0.0,0.0
17.906038338771907,0.0,0.0,0.0
18.0139188407546,0.0,0.0,0.0
17.773451542079172,0.0,0.0,0.0
17.69102857111761,0.0,0.0,0.0
17.543309194840738,0.0,0.0,0.0
17.43603774760992,0.0,0.0,0.0
18.688578204027024,2.866904289730535,0.0,0.015536657152527791
20.0,3.6679980186652474,0.0,0.19032405869307104
20.0,3.2016315695572444,0.0,0.39230058109687893
20.0,2.8376593348787478,0.0,0.5360147026307891
20.0,2.5972984581036145,0.0,0.5632038577924761
20.0,2.5172753487603603,0.0,0.3767639170846668
20.0,2.406340874833,0.0,0.36511148081266775
20.0,2.3390203202667585,0.0,0.318501488776031
20.0,2.3199273553665907,0.0,0.2408181961537075
20.0,2.3516827828089863,0.0,0.13982990751306568
20.0,2.4359444185788255,0.0,0.027189150016923645
20.0,2.493943504921012,0.0,0.0
20.0,2.533619059829297,0.0,0.0
20.0,2.5656233897308587,0.0,0.0
20.0,2.5842225935382968,0.0,0.0
20.0,2.5907936810108856,0.0,0.0
20.0,2.594676669987239,0.0,0.0
18.79500917906055,0.0,0.0,0.0
17.96115207829868,0.0,0.0,0.0
18.075925082782614,0.0,0.0,0.0
17.83585969421341,0.0,0.0,0.0
17.762520064535238,0.0,0.0,0.0
17.630783863273173,0.0,0.0,0.0
17.53955664082988,0.0,0.0,0.0
18.745215331423015,2.7054403669780163,0.0,0.07498304557136372
20.0,3.04399858875319,0.0,1.0040113540635576
20.0,2.4877882770890167,0.0,1.3190686777919387
20.0,2.5815953988631937,0.0,0.5515513392042635
20.0,2.4876711727942813,0.0,0.5709722035179512
20.0,2.513346573065298,0.0,0.38064811738614207
20.0,2.4685826353240232,0.0,0.36899565367540543
20.0,2.426363962632216,0.0,0.32238566163876853
20.0,2.4010781378061234,0.0,0.24470234157770712
20.0,2.3978390184340648,0.0,0.14371408037580322
20.0,2.428895277195964,0.0,0.031073314305055583
20.0,2.452596845384194,0.0,0.0
20.0,2.5082034597673757,0.0,0.0
20.0,2.575838453617576,0.0,0.0
20.0,2.6377417528553146,0.0,0.0
20.0,2.656605853277999,0.0,0.0
20.0,2.6219984648737023,0.0,0.0
18.80143772553254,0.0,0.0,0.0
17.975464037049694,0.0,0.0,0.0
18.085346147487698,0.0,0.0,0.0
17.839530855148972,0.0,0.0,0.0
17.779784979730543,0.0,0.0,0.0
17.692965214452347,0.0,0.0,0.0
17.65576404364142,0.0,0.0,0.0
18.81437278974119,2.5795266866023545,0.0,0.01942082315558086
20.0,3.3590348027398433,0.0,0.1320615892263285
20.0,3.0511106462553372,0.0,0.23304987786697037
20.0,2.8073916147563107,0.0,0.31461734335203134
20.0,2.6115038971868647,0.0,0.36511148081266775
20.0,2.458836595290413,0.0,0.3845322902488797
20.0,2.3557951829689974,0.0,0.37287977166066705
20.0,2.304489236297312,0.0,0.326269834501506
20.0,2.3067945549538287,0.0,0.24858651444044466
20.0,2.363841308697059,0.0,0.14759825323854078
20.0,2.444628182848036,0.0,0.03495747687826642
20.0,2.4924500172203503,0.0,0.0
20.0,2.499124697856152,0.0,0.0
20.0,2.4700984833256934,0.0,0.0
20.0,2.436531545939797,0.0,0.0
20.0,2.4165900058213365,0.0,0.0
20.0,2.4198564132801725,0.0,0.0
18.86902386864654,0.0,0.0,0.0
18.077121067316508,0.0,0.0,0.0
18.172257646676538,0.0,0.0,0.0
17.941763792349928,0.0,0.0,0.0
17.872421845111873,0.0,0.0,0.0
17.753790989810398,0.0,0.0,0.0
17.670783397878964,0.0,0.0,0.0
18.81181090883708,2.618793648700828,0.0,0.02330498572879169
20.0,3.421641907217426,0.0,0.13594576208906606
20.0,3.1045336559791674,0.0,0.23693402329096994
20.0,2.748212290088583,0.0,0.501057201743627
20.0,2.3385251697401124,0.0,0.8940294934866602
20.0,1.8314432150897482,0.0,1.48771984588828
20.0,1.735599650723347,0.0,1.2574626918469216
20.0,2.0033348203185675,0.0,0.5916316558079383
20.0,2.1351060808006475,0.0,0.4389105731335158
20.0,2.266890229055183,0.0,0.28354398788886886
20.0,2.424087502993999,0.0,0.06603079461316425
20.0,2.509061738742352,0.0,0.0
20.0,2.557523420162801,0.0,0.0
20.0,2.59834076995697,0.0,0.0
20.0,2.6372174829044526,0.0,0.0
20.0,2.685876181021158,0.0,0.0
20.0,2.7461791402857405,0.0,0.0
18.697171672743057,0.0,0.0,0.0
17.767342620168368,0.0,0.0,0.0
17.849708621711883,0.0,0.0,0.0
17.561931620603595,0.0,0.0,0.0
17.459876641997038,0.0,0.0,0.0
17.306973958703324,0.0,0.0,0.0
17.200794717565817,0.0,0.0,0.0
18.57130345454251,3.1467246481527806,0.0,0.04272580888437255
20.0,4.0640044357804195,0.0,0.26023903302865736
20.0,3.6212889603390632,0.0,0.42337393656004146
20.0,3.3302728135801267,0.0,0.32238566163876853
20.0,2.9905172626278604,0.0,0.3767639170846668
20.0,2.6950594686485907,0.0,0.39618475395961644
20.0,2.3799598419309684,0.0,0.5981613038021623
20.0,2.1475170743870127,0.0,0.7805266904847883
20.0,2.179994540599938,0.0,0.5675362995370536
20.0,2.143394763365884,0.0,0.6484439401702656
20.0,2.4501952429747003,0.0,0.14749225440151903
20.0,2.6566585004874006,0.0,0.0
20.0,2.7619939553780486,0.0,0.0
20.0,2.835080162401387,0.0,0.0
20.0,2.889448594360373,0.0,0.0
20.0,2.93715963519741,0.0,0.0
20.0,2.9894334131072617,0.0,0.0
18.58663561685271,0.0,0.0,0.0
17.582864293016968,0.0,0.0,0.0
17.680406865148463,0.0,0.0,0.0
17.37624154398236,0.0,0.0,0.0
17.282583252401686,0.0,0.0,0.0
17.134720889763784,0.0,0.0,0.0
17.025500296452197,0.0,0.0,0.0
18.481299304091944,3.2702908019344936,0.0,0.18500870395844943
20.0,3.960203165561898,0.0,0.9971575955744982
20.0,3.6952905132873837,0.0,0.771373681431201
20.0,3.2681563592107863,0.0,0.9314377298435724
20.0,2.771057908605726,0.0,1.1277516305191808
20.0,1.5746582779764946,0.0,2.7359249102168857
20.0,1.549938497070899,0.0,1.776225465609216
20.0,1.1312863105763649,0.0,2.230880855004229
20.0,1.744414778100933,0.0,0.6962757553864
20.0,2.0767535179584873,0.0,0.29908065190108113
20.0,2.336764717616437,0.0,0.07379912661927039
20.0,2.5007406438011013,0.0,0.0
20.0,2.5997693701058515,0.0,0.0
20.0,2.6443046942021704,0.0,0.0
20.0,2.6767485138796796,0.0,0.0
20.0,2.699893792641079,0.0,0.0
20.0,2.7039135268107284,0.0,0.0
18.74897332165065,0.0,0.0,0.0
17.892309956848013,0.0,0.0,0.0
18.038235576467763,0.0,0.0,0.0
17.827441546739795,0.0,0.0,0.0
17.795361476348603,0.0,0.0,0.0
17.70921645780435,0.0,0.0,0.0
17.652565757276736,0.0,0.0,0.0
18.806168170351594,2.64147240023621,0.0,0.031073314305055583
20.0,3.4967872777281768,0.0,0.14759825323854078
20.0,3.2447131848335995,0.0,0.25247068730318223
20.0,3.069355190690112,0.0,0.3340381527882432
20.0,2.920481767798402,0.0,0.3845322902488797
20.0,2.799531234396248,0.0,0.40395309968509163
20.0,2.720132715646663,0.0,0.38841646311161726
20.0,2.69032098931608,0.0,0.3418064710749804
20.0,2.691623994493113,0.0,0.264123178452657
20.0,2.696601807136305,0.0,0.163134917250753
20.0,2.714306962493065,0.0,0.04660997145758338
20.0,2.7158631567051716,0.0,0.0
20.0,2.7497998059491104,0.0,0.0
20.0,2.8121574444722337,0.0,0.0
20.0,2.874342016769418,0.0,0.0
20.0,2.89706759013892,0.0,0.0
20.0,2.8807353956621147,0.0,0.0
18.670209257443688,0.0,0.0,0.0
17.738022647554494,0.0,0.0,0.0
17.82551773510071,0.0,0.0,0.0
17.51012799206823,0.0,0.0,0.0
17.387968502776502,0.0,0.0,0.0
17.223692243665766,0.0,0.0,0.0
17.120613669296006,0.0,0.0,0.0
18.532466281328414,3.092401616174207,0.0,0.227819683183284
20.0,3.6658706340148557,0.0,1.064446357296369
20.0,2.8628689873138744,0.0,1.808498042628808
20.0,1.8677787210845014,0.0,2.91689694240221
20.0,1.1574252195212789,0.0,3.3597759767399245
20.0,0.6425106451408646,0.0,3.5233224226728592
20.0,0.5067620297851277,0.0,3.0905860707586044
20.0,0.361897972000952,0.0,2.994976334829584
20.0,0.6000663470056719,0.0,2.253513470364642
20.0,1.0798077799148127,0.0,1.3336262990860177
20.0,1.7702912571115383,0.0,0.3702100522147498
20.0,2.273187217602859,0.0,0.0
20.0,2.516534194453472,0.0,0.0
20.0,2.678622710927108,0.0,0.0
20.0,2.790329512953734,0.0,0.0
20.0,2.866763203609953,0.0,0.0
20.0,2.9119417284046683,0.0,0.0
18.6315896710979,0.0,0.0,0.0
17.666976853643103,0.0,0.0,0.0
17.773532205876283,0.0,0.0,0.0
17.482142820543793,0.0,0.0,0.0
17.376463264398886,0.0,0.0,0.0
17.211016971818225,0.0,0.0,0.0
17.093378646574216,0.0,0.0,0.0
18.514827141942163,3.16324597481601,0.0,0.20680858982166744
20.0,3.6909164461054025,0.0,1.1385115965161554
20.0,2.6895841102980516,0.0,2.247270810704817
20.0,2.1694031847947595,0.0,2.3354125792971643
20.0,1.2135178262044226,0.0,3.4322407861919104
20.0,0.9553653092735233,0.0,2.9918936951429433
20.0,1.0911584945859147,0.0,2.0931192211837253
20.0,0.5920358633057913,0.0,2.803445875912664
20.0,1.4628028136820488,0.0,0.7124076532402522
20.0,1.8501035233583873,0.0,0.29519650647708157
20.0,2.158382334955014,0.0,0.09321994291516676
20.0,2.373428370337602,0.0,0.0
20.0,2.502382347333898,0.0,0.0
20.0,2.5740720010816585,0.0,0.0
20.0,2.6047894648852283,0.0,0.0
20.0,2.61482327771365,0.0,0.0
20.0,2.6108729517132856,0.0,0.0
18.79302539620273,0.0,0.0,0.0
17.95462696735684,0.0,0.0,0.0
18.06907926681505,0.0,0.0,0.0
17.83828876927414,0.0,0.0,0.0
17.7876205472795,0.0,0.0,0.0
17.695360946500447,0.0,0.0,0.0
17.640732981979536,0.0,0.0,0.0
18.802181509145385,2.623320787170224,0.0,0.04272580888437255
20.0,3.4460389033403205,0.0,0.1592507443880155
20.0,3.1219228416711364,0.0,0.264123178452657
20.0,2.71630944514597,0.0,0.5437830483562642
20.0,2.331043961232046,0.0,0.6991496336009111
20.0,2.065712919467648,0.0,0.656423732110798
20.0,1.9850109242935692,0.0,0.40006892682235407
20.0,1.9243709371395137,0.0,0.35345898966319306
20.0,1.9332272580583636,0.0,0.27577566960213173
20.0,1.9940359452459313,0.0,0.17478740840022777
20.0,2.0984794017191435,0.0,0.05437830003384729
20.0,2.19305389651048,0.0,0.0
20.0,2.2611985074328955,0.0,0.0
20.0,2.3235479640572563,0.0,0.0
20.0,2.377868799756963,0.0,0.0
20.0,2.4080867260217036,0.0,0.0
20.0,2.4194431831879286,0.0,0.0
18.880054328444956,0.0,0.0,0.0
18.109233334456803,0.0,0.0,0.0
18.228095716328696,0.0,0.0,0.0
18.02328789982023,0.0,0.0,0.0
17.970269089548353,0.0,0.0,0.0
17.86036585855946,0.0,0.0,0.0
17.78222916462319,0.0,0.0,0.0
18.8677612061087,2.489515278880305,0.0,0.04660997145758338
20.0,3.2691768359172095,0.0,0.163134917250753
20.0,3.0014014978883403,0.0,0.26800735131539455
20.0,2.821666730278917,0.0,0.34957481680045555
20.0,2.7031756899552013,0.0,0.40006892682235407
20.0,2.618205454558839,0.0,0.4194897636973039
20.0,2.5444980146979486,0.0,0.40395309968509163
20.0,2.4810251383480093,0.0,0.35734313508719273
20.0,2.4492537068540616,0.0,0.27965981502613135
20.0,2.4738025235076764,0.0,0.17867156754359637
20.0,2.5568019280184187,0.0,0.05826246946674259
20.0,2.6280066561990356,0.0,0.0
20.0,2.669061244184793,0.0,0.0
20.0,2.7010570874690325,0.0,0.0
20.0,2.7188245339990114,0.0,0.0
20.0,2.723909250807903,0.0,0.0
20.0,2.7263022328362583,0.0,0.0
18.737515307773272,0.0,0.0,0.0
17.86963590529202,0.0,0.0,0.0
18.005690218930884,0.0,0.0,0.0
17.777084221643616,0.0,0.0,0.0
17.72399721867188,0.0,0.0,0.0
17.61548234909398,0.0,0.0,0.0
17.5470326639361,0.0,0.0,0.0
18.752032933282518,2.737560866021813,0.0,0.04660997145758338
20.0,3.5930424202046316,0.0,0.1709032355374902
20.0,3.292136030358831,0.0,0.2718915241781321
20.0,3.070735238463126,0.0,0.35345898966319306
20.0,2.902745375158435,0.0,0.4078372725478292
20.0,2.773353587798257,0.0,0.42337393656004146
20.0,2.5515107270977024,0.0,0.6447713232775371
20.0,2.4400668521353994,0.0,0.637002977552062
20.0,2.4352313356888127,0.0,0.4971730288808893
20.0,2.497809456393766,0.0,0.318501488776031
20.0,2.6166996957886055,0.0,0.12040909807685375
20.0,2.7152544769343754,0.0,0.0
20.0,2.75396319579346,0.0,0.0
20.0,2.7811539011023383,0.0,0.0
20.0,2.8064593785552923,0.0,0.0
20.0,2.8408250822826733,0.0,0.0
20.0,2.8918122776649233,0.0,0.0
18.63323715852519,0.0,0.0,0.0
17.667973680238415,0.0,0.0,0.0
17.776539182513854,0.0,0.0,0.0
17.501957572452543,0.0,0.0,0.0
17.42672132702227,0.0,0.0,0.0
17.303221025354503,0.0,0.0,0.0
17.232509541531343,0.0,0.0,0.0
18.595854931547198,2.9120633728276393,0.0,0.2612308811200668
20.0,3.4147634142913574,0.0,1.090423843642897
20.0,2.532613366447719,0.0,1.9700999336328682
20.0,1.8244264118010485,0.0,2.499347996454273
20.0,0.9630203777214935,0.0,3.3408423792361126
20.0,0.4188427069603009,0.0,3.506815918854218
20.0,0.1251279762071014,0.0,3.360571157828852
20.0,0.19060986252432083,0.0,2.740641407817474
20.0,0.7349256269745496,0.0,1.512939997883579
20.0,0.9152376083182995,0.0,1.3290858144827746
20.0,1.6566508799011759,0.0,0.2711549230604651
20.0,2.089724097230929,0.0,0.0
20.0,2.312544109463981,0.0,0.0
20.0,2.4606788676017137,0.0,0.0
20.0,2.559058188848762,0.0,0.0
20.0,2.6377903137926966,0.0,0.0
20.0,2.7048478753494503,0.0,0.0
18.729493519742466,0.0,0.0,0.0
17.849559201968013,0.0,0.0,0.0
17.978718641558455,0.0,0.0,0.0
17.74412916877274,0.0,0.0,0.0
17.658345055750672,0.0,0.0,0.0
17.48590228555429,0.0,0.0,0.0
17.352583344621905,0.0,0.0,0.0
18.639549905378455,2.7828011875764704,0.0,0.2892442515935292
20.0,3.171071368014406,0.0,1.1362289250072999
20.0,2.1371538945665733,0.0,2.154791160952847
20.0,1.2268398994552423,0.0,2.9615089213596084
20.0,0.8824867823396602,0.0,2.7314375298631783
20.0,0.8163812297059242,0.0,2.2440438758743735
20.0,0.5053402341548401,0.0,2.478648226556093
20.0,0.021192161846589036,0.0,3.0177504474965757
20.0,0.23369413133336314,0.0,2.1186294350879087
20.0,0.7209485775383494,0.0,1.0752005189790554
20.0,1.386505539779658,0.0,0.13713704747825212
20.0,1.6937243106716617,0.0,0.0
20.0,1.8846762819965726,0.0,0.0
20.0,2.0396446059764353,0.0,0.0
20.0,2.1709867786200063,0.0,0.0
20.0,2.2817196996992424,0.0,0.0
20.0,2.365422459145694,0.0,0.0
18.875133183538008,0.0,0.0,0.0
18.076884467153775,0.0,0.0,0.0
18.163943631028637,0.0,0.0,0.0
17.93512196419726,0.0,0.0,0.0
17.844726237610196,0.0,0.0,0.0
17.68783935820539,0.0,0.0,0.0
17.561182804041685,0.0,0.0,0.0
18.7451400666621,2.593818297307274,0.0,0.31835036914949655
20.0,2.993444553933142,0.0,1.186257266202807
20.0,2.129031992427748,0.0,2.1230536043260666
20.0,1.2956753683272917,0.0,2.8550709968862362
20.0,0.7035578403656675,0.0,3.062359752306654
20.0,0.47853966200074255,0.0,2.6577383527138365
20.100649284910475,0.0,0.0,3.452208126057839
20.100649284910475,0.24636680536352085,0.0,2.0668894054593183
20.0,0.16988441461210538,0.0,1.9635820194972806
20.0,1.0337551351104128,0.0,0.36122730794993024
20.0,1.4245709773389696,0.0,0.13982990751306568
20.0,1.708220693222352,0.0,0.0
20.0,1.8794054817385768,0.0,0.0
20.0,2.0084181263636287,0.0,0.0
20.0,2.1210988713528143,0.0,0.0
20.0,2.2425801038421196,0.0,0.0
20.0,2.3695280216822234,0.0,0.0
18.847060178725506,0.0,0.0,0.0
18.018440966218336,0.0,0.0,0.0
18.099449425151285,0.0,0.0,0.0
17.86930870361819,0.0,0.0,0.0
17.785559047454193,0.0,0.0,0.0
17.63691881951921,0.0,0.0,0.0
17.516440124999225,0.0,0.0,0.0
18.723840286974472,2.805389030107876,0.0,0.12352433107227771
20.0,3.5151675576341543,0.0,0.5376578039732781
20.0,2.6575679997976356,0.0,1.5502095201670525
20.0,2.5699521120176763,0.0,0.8649770381308587
20.0,2.3092865447311084,0.0,0.7632842024609888
20.0,2.0617793690165613,0.0,0.6991496336009111
20.0,2.002787078707883,0.0,0.4272580819840411
20.0,1.9590190964746257,0.0,0.3767639170846668
20.0,1.9907571708929106,0.0,0.29908065190108113
20.0,2.060611065231084,0.0,0.19809237697980822
20.0,2.1554082072844416,0.0,0.07768329262232344
20.0,2.227966641336372,0.0,0.0
20.0,2.227782550252143,0.0,0.0
20.0,2.2054787354988044,0.0,0.0
20.0,2.1834728706482887,0.0,0.0
20.0,2.2012244941533656,0.0,0.0
20.0,2.2515977972742984,0.0,0.0
18.929876205285527,0.0,0.0,0.0
18.167230819625715,0.0,0.0,0.0
18.246211938976373,0.0,0.0,0.0
18.030430558939887,0.0,0.0,0.0
17.963683404018813,0.0,0.0,0.0
17.849921393931396,0.0,0.0,0.0
17.772918642363116,0.0,0.0,0.0
18.86510741814683,2.2963255710218315,0.0,0.3283444918875054
20.0,2.64324772373491,0.0,1.0665958200631012
20.0,1.6709498831984981,0.0,2.2194873997024427
20.0,1.0221334636246724,0.0,2.6254529458964666
20.0,0.6159360264181547,0.0,2.641371302135545
20.0,0.8592230904467093,0.0,1.5633492421892523
20.0,1.2293760873280632,0.0,0.7612962347722841
20.0,1.3979328960840212,0.0,0.6719604235617483
20.0,1.6258576575818975,0.0,0.4777522194446775
20.0,1.9121878790335742,0.0,0.20197654984254582
20.0,2.1321324418255974,0.0,0.0815674586253765
20.0,2.2997038767359803,0.0,0.0
20.0,2.3738546003554233,0.0,0.0
20.0,2.3915319852687067,0.0,0.0
20.0,2.3822669771241958,0.0,0.0
20.0,2.359332797529916,0.0,0.0
20.0,2.331817659617906,0.0,0.0
18.93202375173685,0.0,0.0,0.0
18.206334216947802,0.0,0.0,0.0
18.329522618786683,0.0,0.0,0.0
18.128325612352832,0.0,0.0,0.0
18.04972043005873,0.0,0.0,0.0
17.901321012752042,0.0,0.0,0.0
17.782072845424448,0.0,0.0,0.0
18.857358803954035,2.47901089447253,0.0,0.14382652432380685
20.0,2.717448776681728,0.0,1.1111555234510455
20.0,1.7459696586022053,0.0,2.1950945067714294
20.0,0.9391119659623655,0.0,2.8270349416382956
20.0,0.4250591925669788,0.0,2.864499002959874
20.119773574748514,0.0,0.0,3.412066440602622
20.30589479085886,0.0,0.0,3.138259623950134
20.397071909192483,0.0,0.0,2.9167118669777032
20.231664833024517,0.0,0.0,1.9332100705125477
20.02071413994238,0.2184488621717335,0.0,1.2966234157375753
20.0,0.9147676754383832,0.0,0.38750220310962036
20.0,1.4793241434574074,0.0,0.0
20.0,1.7475532369773927,0.0,0.0
20.0,1.92890824420874,0.0,0.0
20.0,2.0625980523079646,0.0,0.0
20.0,2.1737098322748354,0.0,0.0
20.0,2.2778305560709446,0.0,0.0
18.90085513376044,0.0,0.0,0.0
18.117943240210163,0.0,0.0,0.0
18.198552922485064,0.0,0.0,0.0
17.971369959135057,0.0,0.0,0.0
17.8789489082804,0.0,0.0,0.0
17.72161677380231,0.0,0.0,0.0
17.597930531002753,0.0,0.0,0.0
18.765357522381127,2.48232694667439,0.0,0.33925330011336224
20.0,2.7795384880137943,0.0,1.1940022316404404
20.0,1.8211272945125285,0.0,2.1640604112024335
20.0,1.020463088881362,0.0,2.81849578830724
20.0,0.3462063508549747,0.0,3.2545140117220135
20.077463152426915,0.0,0.0,3.4509127829857826
20.244909059154647,0.0,0.0,3.2651526720960944
20.243983035496615,0.0,0.0,2.4933535733261096
20.156182924510794,0.0,0.0,2.124189801138527
20.07964579574191,0.2489359339690984,0.0,1.1723592177894606
20.0,0.7215470018148255,0.0,0.39314500114892553
20.0,1.2181127641060931,0.0,0.0
20.0,1.503796684994312,0.0,0.0
20.0,1.7713863571172666,0.0,0.0
20.0,2.00760254834359,0.0,0.0
20.0,2.170118465544219,0.0,0.0
20.0,2.2567499238500104,0.0,0.0
18.92739492725292,0.0,0.0,0.0
18.16072832946373,0.0,0.0,0.0
18.216297162566832,0.0,0.0,0.0
17.951350302668516,0.0,0.0,0.0
17.828193462308384,0.0,0.0,0.0
17.65706801203013,0.0,0.0,0.0
17.532469965977537,0.0,0.0,0.0
18.735208873943296,2.727441007958777,0.0,0.1592507443880155
20.0,3.031044302536951,0.0,1.1010537619565783
20.0,1.9701593626408918,0.0,2.2445988669022467
20.0,1.0528184803842549,0.0,2.8935128574959132
20.0,0.24408245300486062,0.0,3.2937031010628903
20.19041103753254,0.0,0.0,3.4524822534401167
20.508428632366787,0.0,0.0,3.3047727020186133
20.662515711344874,0.0,0.0,2.890812943852215
20.625698701563046,0.0,0.0,2.2546462283070037
20.36199493297793,0.0,0.0,1.2720237529892529
20.08079434792551,0.45467856659967054,0.0,0.3099058039811615
20.0,0.9692135731864336,0.0,0.003884164288131948
20.0,1.2978968604665067,0.0,0.0
20.0,1.5120694293305779,0.0,0.0
20.0,1.6843394202582567,0.0,0.0
20.0,1.8510698457614407,0.0,0.0
20.0,2.0132720976319574,0.0,0.0
18.995196453423212,0.0,0.0,0.0
18.24520609942183,0.0,0.0,0.0
18.270527671864215,0.0,0.0,0.0
18.03701405560699,0.0,0.0,0.0
17.945590148598367,0.0,0.0,0.0
17.80994127943969,0.0,0.0,0.0
17.699543615189942,0.0,0.0,0.0
18.818696454607228,2.4118328214711156,0.0,0.36223426062651515
20.0,2.959458866286586,0.0,0.9458577430569167
20.0,1.9806913035054783,0.0,2.164524929590559
20.0,1.3609351530945828,0.0,2.376398873233373
20.0,0.4615710031811128,0.0,3.0434228617895362
20.1276367416502,0.0,0.0,3.297615030164027
20.154687906481996,0.0,0.0,1.988065643371044
20.408028121536777,0.0,0.0,2.8914647627518524
20.481848030810127,0.0,0.0,1.6636605429096172
20.100871074105147,0.14595254990632786,0.0,0.4870792123899978
20.0,0.45201691898353197,0.0,0.18643988583033352
20.0,0.8190801019287431,0.0,0.003884164288131948
20.0,1.0936384873151757,0.0,0.0
20.0,1.3578414816109097,0.0,0.0
20.0,1.5979081276382687,0.0,0.0
20.0,1.7784554053911577,0.0,0.0
20.0,1.9056648307306103,0.0,0.0
19.083343896753313,0.0,0.0,0.0
18.431519053526422,0.0,0.0,0.0
18.503974586884446,0.0,0.0,0.0
18.32495367397018,0.0,0.0,0.0
18.272130681181718,0.0,0.0,0.0
18.17107266583438,0.0,0.0,0.0
18.09039514933119,0.0,0.0,0.001113485635746756
19.022298920819683,2.131675403242431,0.0,0.09326865353466249
20.0,2.7805639200332046,0.0,0.2137406617778865
20.0,2.4966827447282247,0.0,0.3186679047215269
20.0,2.0764012417756343,0.0,0.6295635125393179
20.0,1.0650437855529407,0.0,1.9863088737028873
20.0,0.30520674645579776,0.0,2.562949591485029
20.114753047320722,0.0,0.0,2.7867160010054817
20.114753047320722,0.4144040010937735,0.0,0.9784834726435193
20.0,0.5736326573370105,0.0,0.5090913739620887
20.0,0.8187360200959019,0.0,0.21762683766849236
20.0,1.0224807798413693,0.0,0.09715485000432175
20.0,1.2112607584020265,0.0,0.003886193897277603
20.0,1.3510977825766328,0.0,0.0
20.0,1.4713910902027336,0.0,0.0
20.0,1.5648143402339416,0.0,0.0
20.0,1.6165794006910275,0.0,0.0
20.0,1.6251280842590252,0.0,0.0
19.247087464721734,0.0,0.0,0.0
18.724805562968424,0.0,0.0,0.0
18.78639321961935,0.0,0.0,0.0
18.615446765857758,0.0,0.0,0.0
18.533484500263985,0.0,0.0,0.0
18.405331990206978,0.0,0.0,0.0
18.3139236830784,0.0,0.0,0.0058149369561410515
19.135304548650307,1.785539438792742,0.0,0.17487503400978113
20.0,2.2142830758745062,0.0,0.3419778534320401
20.0,1.893878255379354,0.0,0.322547303243866
20.0,1.588969703958816,0.0,0.40415565244843055
20.0,1.3473821482613857,0.0,0.4546750884254308
20.0,1.1701666261743635,0.0,0.474105666052343
20.0,1.047035226786821,0.0,0.4546750884254308
20.0,0.9762576222678924,0.0,0.40804174602282267
20.0,0.9758381204381213,0.0,0.3264333693795201
20.0,0.9696034950215107,0.0,0.34975006801956227
20.0,1.0995442483836975,0.0,0.17876115502291112
20.0,1.2616191126378382,0.0,0.007772224019588237
20.0,1.3468534629432787,0.0,0.0
20.0,1.3965887265589603,0.0,0.0
20.0,1.4412020678851856,0.0,0.0
20.0,1.508120870422968,0.0,0.0
20.0,1.5862928805630587,0.0,0.0
19.234892235327358,0.0,0.0,0.0
18.70202094973793,0.0,0.0,0.0
18.799194437956928,0.0,0.0,0.0
18.697349764048926,0.0,0.0,0.0
18.69363971920485,0.0,0.0,0.0
18.63916531578096,0.0,0.0,0.0
18.59675393368231,0.0,0.0,0.0038841647168622287
19.28594429660363,1.5120253423597831,0.0,0.10098827492127291
20.0,1.9105936880615466,0.0,0.22528153214149527
20.0,1.6487585696799942,0.0,0.33015397992550566
20.0,1.4513922679902396,0.0,0.4078372725478292
20.0,1.3119412455806256,0.0,0.4583314100084655
20.0,1.2131291032974776,0.0,0.4777522194446775
20.0,1.1472796266467855,0.0,0.4583314100084655
20.0,1.0944785795072192,0.0,0.4117214179718288
20.0,0.9727830734370865,0.0,0.5204780660573147
20.0,0.9489023795248471,0.0,0.42337393656004146
20.0,1.028820872340948,0.0,0.17478740840022777
20.0,1.125743835550408,0.0,0.007768328576263896
20.0,1.178630742708103,0.0,0.0
20.0,1.2480796127909626,0.0,0.0
20.0,1.3310992551599823,0.0,0.0
20.0,1.414749628897973,0.0,0.0
20.0,1.4916446105545764,0.0,0.0
19.28340869032647,0.0,0.0,0.0
18.7740962674419,0.0,0.0,0.0
18.83678737375689,0.0,0.0,0.0
18.707013923456742,0.0,0.0,0.0
18.676663690815968,0.0,0.0,0.0
18.613164225382288,0.0,0.0,0.0
18.568259964965993,0.0,0.0,0.007768328576263896
19.27084530358439,1.5578480159580228,0.0,0.10875660006769458
20.0,2.014868748531832,0.0,0.22916570500423275
20.0,1.7813418110301993,0.0,0.3340381527882432
20.0,1.429607342639186,0.0,0.652539669003012
20.0,1.1691773022136316,0.0,0.7401707883696635
20.0,0.9219256145015081,0.0,0.8441140414834356
20.0,0.7595377777125315,0.0,0.8424844536214177
20.0,0.6191549751490594,0.0,0.909466644043809
20.0,0.6045554952804943,0.0,0.7752902014851667
20.0,0.7503734494657287,0.0,0.4311422274080407
20.0,0.9002394579465747,0.0,0.19420823155580863
20.0,1.065742489148696,0.0,0.011652492864395845
20.0,1.1856357773832455,0.0,0.0
20.0,1.3093497916918324,0.0,0.0
20.0,1.4293283829426218,0.0,0.0
20.0,1.5274377382393303,0.0,0.0
20.0,1.5921965602197532,0.0,0.0
19.234175007274068,0.0,0.0,0.0
18.67534665182118,0.0,0.0,0.0
18.701223624481727,0.0,0.0,0.0
18.515369352423384,0.0,0.0,0.0
18.448206855040997,0.0,0.0,0.0
18.370096469285823,0.0,0.0,0.0
18.347396532244538,0.0,0.0,0.011023175120632094
19.170189545510944,1.708961072758482,0.0,0.1126520022339266
20.0,2.0368485520985025,0.0,0.3651478920178901
20.0,1.5582094654602001,0.0,0.5943364534908118
20.0,1.0690757122270182,0.0,0.9130511260881422
20.0,0.0215189723941795,0.0,2.3824564335006904
20.244076630780576,0.0,0.0,2.695450958463263
20.33632356667185,0.0,0.0,1.8910877776279682
20.092246935891275,0.11815003768227245,0.0,1.0020389772318146
20.0,0.45897829310924054,0.0,0.5321836511646681
20.0,0.8064487030168918,0.0,0.23307311847799012
20.0,1.022211453889241,0.0,0.1126520022339266
20.0,1.1672080037484234,0.0,0.007769103720610189
20.0,1.209560182513265,0.0,0.0
20.0,1.2127426697552115,0.0,0.0
20.0,1.2092020688293512,0.0,0.0
20.0,1.2296377902580005,0.0,0.0
20.0,1.2760680424424127,0.0,0.0
19.38609576569086,0.0,0.0,0.0
18.955973396239507,0.0,0.0,0.0
19.01327549194305,0.0,0.0,0.0
18.898471490998837,0.0,0.0,0.0
18.865513303111904,0.0,0.0,0.0
18.785995976819635,0.0,0.0,0.0
18.714387348204383,0.0,0.0,0.011652492864395845
19.33883104489222,1.4409546933103976,0.0,0.11652493893348519
20.0,1.865767134396487,0.0,0.23693402329096994
20.0,1.6665991865698822,0.0,0.3418064710749804
20.0,1.51114466600306,0.0,0.42337393656004146
20.0,1.3833064237509503,0.0,0.4738680465819399
20.0,1.2758481497596625,0.0,0.48940468315541424
20.0,1.0509052250401711,0.0,0.7457595433213341
20.0,0.9405012776875649,0.0,0.7457595433213341
20.0,0.9866402402555912,0.0,0.5360147026307891
20.0,1.1680511307361787,0.0,0.23693402329096994
20.0,1.3264900184261772,0.0,0.11652493893348519
20.0,1.4826394439950752,0.0,0.011652492864395845
20.0,1.5627704032212688,0.0,0.0
20.0,1.6165356107819389,0.0,0.0
20.0,1.6643809117409385,0.0,0.0
20.0,1.7201711076114024,0.0,0.0
20.0,1.8040205080861456,0.0,0.0
19.12627809818111,0.0,0.0,0.0
18.503306011210896,0.0,0.0,0.0
18.57854031892044,0.0,0.0,0.0
18.420676102430452,0.0,0.0,0.0
18.37868394285867,0.0,0.0,0.0
18.290958621397657,0.0,0.0,0.0
18.23463058716483,0.0,0.0,0.01942082315558086
19.103192212086046,1.855362698320039,0.0,0.19032405869307104
20.0,2.283022167478703,0.0,0.42337393656004146
20.0,1.8775786699841088,0.0,0.6098138772678509
20.0,1.5522637810369713,0.0,0.757412061909547
20.0,1.373956399873237,0.0,0.7535278341693336
20.0,1.3777598387897645,0.0,0.4932888560181518
20.0,1.1750436777336857,0.0,0.7535278341693336
20.0,0.9358414881275853,0.0,1.0434316048762782
20.0,0.9222985842097923,0.0,0.8554695136187892
20.0,0.8327746511244994,0.0,0.8771192195487366
20.0,1.1745549012649523,0.0,0.22139737299812665
20.0,1.3544571163918995,0.0,0.01942082315558086
20.0,1.456476214891809,0.0,0.0
20.0,1.5428602014343695,0.0,0.0
20.0,1.62005901764493,0.0,0.0
20.0,1.6853944143564554,0.0,0.0
20.0,1.7249292463531227,0.0,0.0
19.19296407369895,0.0,0.0,0.0
18.64307742223969,0.0,0.0,0.0
18.75172940541239,0.0,0.0,0.0
18.64015353429854,0.0,0.0,0.0
18.64451630633777,0.0,0.0,0.0
18.608644154755165,0.0,0.0,0.0
18.59214256049983,0.0,0.0,0.015536657152527791
19.289477234655546,1.4913310518313987,0.0,0.12817743008295993
20.0,1.9066048570935121,0.0,0.24858651444044466
20.0,1.670954933060962,0.0,0.35345898966319306
20.0,1.4905877161130936,0.0,0.4311422274080407
20.0,1.3407886311266906,0.0,0.481636392307415
20.0,1.2284314628280035,0.0,0.4971730288808893
20.0,1.163099128560902,0.0,0.481636392307415
20.0,1.1410066881026433,0.0,0.4311422274080407
20.0,1.1664249455819016,0.0,0.34957481680045555
20.0,1.2630260242769873,0.0,0.24470234157770712
20.0,1.3871982117995827,0.0,0.12429325722022233
20.0,1.5169443346314317,0.0,0.011652492864395845
20.0,1.5726060151382666,0.0,0.0
20.0,1.5876642623420856,0.0,0.0
20.0,1.5899116909452116,0.0,0.0
20.0,1.594855277054141,0.0,0.0
20.0,1.6144721524204133,0.0,0.0
19.233384610394964,0.0,0.0,0.0
18.682277837715684,0.0,0.0,0.0
18.720503893950667,0.0,0.0,0.0
18.53144004092219,0.0,0.0,0.0
18.441056737887575,0.0,0.0,0.0
18.310884839220485,0.0,0.0,0.0
18.204425375977955,0.0,0.0,0.015536657152527791
19.0747679003528,2.01396687260128,0.0,0.1320615892263285
20.0,2.6377851208919147,0.0,0.25247068730318223
20.0,2.377488680864432,0.0,0.35734313508719273
20.0,2.1710366633892813,0.0,0.4350264002707783
20.0,1.9992559863557429,0.0,0.48552056517015274
20.0,1.8646708995799497,0.0,0.501057201743627
20.0,1.7722922518342885,0.0,0.48552056517015274
20.0,1.718937271155155,0.0,0.4350264002707783
20.0,1.7090882111388217,0.0,0.35345898966319306
20.0,1.665351036588456,0.0,0.38841646311161726
20.0,1.7247140231262166,0.0,0.22528153214149527
20.0,1.8401432999826162,0.0,0.027189150016923645
20.0,1.900508379488658,0.0,0.0
20.0,1.9454205687328225,0.0,0.0
20.0,1.9955695561975881,0.0,0.0
20.0,2.045603907684991,0.0,0.0
20.0,2.0875807963738606,0.0,0.0
19.021341849062583,0.0,0.0,0.0
18.343808188246264,0.0,0.0,0.0
18.451835155510853,0.0,0.0,0.0
18.28382502424275,0.0,0.0,0.0
18.231085043414566,0.0,0.0,0.0
18.111302110383726,0.0,0.0,0.0
18.019998440105386,0.0,0.0,0.01942082315558086
18.98532516522065,2.1790810117799264,0.0,0.13594576208906606
20.0,2.8012085644428426,0.0,0.25635486016591985
20.0,2.462112996411411,0.0,0.36122730794993024
20.0,2.197414715426841,0.0,0.4389105731335158
20.0,1.9964974409650718,0.0,0.48940468315541424
20.0,1.849605314822903,0.0,0.5049413746063645
20.0,1.7494683896809713,0.0,0.48940468315541424
20.0,1.6971333376187654,0.0,0.4389105731335158
20.0,1.669942538784752,0.0,0.35734313508719273
20.0,1.6383458778529973,0.0,0.25247068730318223
20.0,1.5800889621081053,0.0,0.2058607089859144
20.0,1.5990521123840882,0.0,0.027189150016923645
20.0,1.5939791938106485,0.0,0.0
20.0,1.6197277381914075,0.0,0.0
20.0,1.6651599746622618,0.0,0.0
20.0,1.716715031429105,0.0,0.0
20.0,1.7662444517953473,0.0,0.0
19.172398066338687,0.0,0.0,0.0
18.61317827994104,0.0,0.0,0.0
18.73314277386465,0.0,0.0,0.0
18.626558363408776,0.0,0.0,0.0
18.62761983807536,0.0,0.0,0.0
18.572104919693665,0.0,0.0,0.0
18.539497256035318,0.0,0.0,0.02330498572879169
19.260816371270536,1.4930444403871417,0.0,0.24470234157770712
20.0,1.7663216684866103,0.0,0.540925995150586
20.0,1.3918966011207845,0.0,0.7371014892269276
20.0,0.8090529331966697,0.0,1.4208079217651455
20.0,0.7331914415248806,0.0,1.0738839204029118
20.0,0.7376563920574861,0.0,0.8079061993701833
20.0,0.8434895944977324,0.0,0.4932888560181518
20.0,0.8745276055564075,0.0,0.4427947459962533
20.0,0.9300359412284565,0.0,0.36122730794993024
20.0,0.9490059479961281,0.0,0.40006892682235407
20.0,1.0684397547516062,0.0,0.23304987786697037
20.0,1.233488810411509,0.0,0.031073314305055583
20.0,1.3331018682382516,0.0,0.0
20.0,1.4054035459380652,0.0,0.0
20.0,1.4535472115547843,0.0,0.0
20.0,1.4834005930640384,0.0,0.0
20.0,1.503045603632862,0.0,0.0
19.292902444002888,0.0,0.0,0.0
18.781975935129214,0.0,0.0,0.0
18.814028588775013,0.0,0.0,0.0
18.650215361730336,0.0,0.0,0.0
18.612270684733048,0.0,0.0,0.0
18.57635571719092,0.0,0.0,0.0
18.575312793268424,0.0,0.0,0.03617029653314895
19.2859674967289,1.572168694747945,0.0,0.1439361969592804
20.0,2.129390603345609,0.0,0.26842156650306237
20.0,2.0461218964868664,0.0,0.3695659404043727
20.0,1.9914187537800574,0.0,0.45125943201270846
20.0,1.891665882333101,0.0,0.4979414232976521
20.0,1.7544419075082098,0.0,0.5173923055906264
20.0,1.5964086259793353,0.0,0.4979414232976521
20.0,1.4550006030670435,0.0,0.44736927750510397
20.0,1.373250309448154,0.0,0.36567575845803013
20.0,1.3675788345309976,0.0,0.40846762267410724
20.0,1.5478525561123793,0.0,0.24508055714122157
20.0,1.7860960374471566,0.0,0.035011503753234495
20.0,1.9071086991549964,0.0,0.0
20.0,1.9236934684653857,0.0,0.0
20.0,1.9227356331869103,0.0,0.0
20.0,1.9345421396659044,0.0,0.0
20.0,1.994631512677887,0.0,0.0
19.051897204542648,0.0,0.0,0.0
18.39921437169378,0.0,0.0,0.0
18.52783190842724,0.0,0.0,0.0
18.409282415333777,0.0,0.0,0.0
18.422478778246663,0.0,0.0,0.0
18.37190118013724,0.0,0.0,0.0
18.324398078972568,0.0,0.0,0.027189150016923645
19.14620800302432,1.87774971987487,0.0,0.15148241238190935
20.0,2.4980680144839345,0.0,0.2718915241781321
20.0,2.2959555831077565,0.0,0.3767639170846668
20.0,1.8838559329947908,0.0,0.718570443037123
20.0,0.7697400323154983,0.0,2.2237224231624193
20.221015748022968,0.0,0.0,3.6770995549499266
20.309778271897706,0.0,0.0,2.400474571598696
20.295399678920322,0.0,0.0,2.4422789001239904
20.206637155045584,0.5440838301908095,0.0,0.6486554961402746
20.0,0.8000958374756818,0.0,0.264123178452657
20.0,1.071802581681768,0.0,0.13982990751306568
20.0,1.260021254313712,0.0,0.02330498572879169
20.0,1.3695762590137424,0.0,0.0
20.0,1.4426997459915987,0.0,0.0
20.0,1.5012227992706093,0.0,0.0
20.0,1.5526620836319085,0.0,0.0
20.0,1.6009876652535038,0.0,0.0
19.233324148429343,0.0,0.0,0.0
18.667564530216765,0.0,0.0,0.0
18.67770203364659,0.0,0.0,0.0
18.46476932640713,0.0,0.0,0.0
18.35479091034354,0.0,0.0,0.0
18.21525383819791,0.0,0.0,0.0
18.114570296272902,0.0,0.0,0.031073314305055583
19.03279969387057,2.115952268016715,0.0,0.1553665852446469
20.0,2.755590590253673,0.0,0.27577566960213173
20.0,2.511391400286165,0.0,0.38064811738614207
20.0,2.3525476820005697,0.0,0.4583314100084655
20.0,2.2404866143261137,0.0,0.508825547469102
20.0,2.1561278391455803,0.0,0.5243622389200523
20.0,2.0536927422135016,0.0,0.5049413746063645
20.0,1.973061486588146,0.0,0.45444723714572804
20.0,1.9266223991759357,0.0,0.37287977166066705
20.0,1.9557224248660103,0.0,0.26800735131539455
20.0,2.0509072479893318,0.0,0.14371408037580322
20.0,2.186022662278855,0.0,0.02330498572879169
20.0,2.2844427998960435,0.0,0.0
20.0,2.354398664049683,0.0,0.0
20.0,2.404453206955279,0.0,0.0
20.0,2.428696046628692,0.0,0.0
20.0,2.437725492779363,0.0,0.0
18.87112045195896,0.0,0.0,0.0
18.092025023174028,0.0,0.0,0.0
18.206615743159734,0.0,0.0,0.0
17.998332115791065,0.0,0.0,0.0
17.955871552112534,0.0,0.0,0.0
17.86385375460214,0.0,0.0,0.0
17.810519263075143,0.0,0.0,0.03495747687826642
18.889916116739137,2.430739148452558,0.0,0.1592507443880155
20.0,3.2211989400996144,0.0,0.27965981502613135
20.0,2.988495073020822,0.0,0.3845322902488797
20.0,2.7885597865256164,0.0,0.4622155828712032
20.0,2.5984409765600702,0.0,0.5127097203318397
20.0,2.4451188171454685,0.0,0.528246356905314
20.0,2.3395332436042935,0.0,0.508825547469102
20.0,2.312783738263388,0.0,0.45444723714572804
20.0,2.3341147140748864,0.0,0.3767639170846668
20.0,2.397495542746134,0.0,0.26800735131539455
20.0,2.48931449242435,0.0,0.14759825323854078
20.0,2.5890348513598127,0.0,0.027189150016923645
20.0,2.6211607077395214,0.0,0.0
20.0,2.6319371115422596,0.0,0.0
20.0,2.6414236201971084,0.0,0.0
20.0,2.6587493359279324,0.0,0.0
20.0,2.7039654925848864,0.0,0.0
18.728068228594214,0.0,0.0,0.0
17.843999281756368,0.0,0.0,0.0
17.978786417389347,0.0,0.0,0.0
17.761546384236173,0.0,0.0,0.0
17.723837152581645,0.0,0.0,0.0
17.62382043146144,0.0,0.0,0.0
17.567741660380143,0.0,0.0,0.03884164631116172
18.76906736149137,2.640920746703681,0.0,0.163134917250753
20.0,3.434033570125458,0.0,0.28354398788886886
20.0,3.094435442365672,0.0,0.38841646311161726
20.0,2.860863617587359,0.0,0.46609975573394075
20.0,2.696450269324624,0.0,0.5165938931945772
20.0,2.579883187890769,0.0,0.5321305297680514
20.0,2.497735259640564,0.0,0.5127097203318397
20.0,2.435998546702176,0.0,0.4583314100084655
20.0,2.4013787577298356,0.0,0.3767639170846668
20.0,2.3001865155684937,0.0,0.4777522194446775
20.0,2.353677631288883,0.0,0.28354398788886886
20.0,2.4645475695994294,0.0,0.05437830003384729
20.0,2.5162931764716228,0.0,0.0
20.0,2.5508931487826016,0.0,0.0
20.0,2.5798477933017017,0.0,0.0
20.0,2.6001223644266265,0.0,0.0
20.0,2.623770638313298,0.0,0.0
18.772846368399527,0.0,0.0,0.0
17.916856046705274,0.0,0.0,0.0
18.026017907334403,0.0,0.0,0.0
17.78192851466821,0.0,0.0,0.0
17.713200324573826,0.0,0.0,0.0
17.592353415437433,0.0,0.0,0.0
17.53347737401847,0.0,0.0,0.0619689490626984
18.75440399751531,2.666891292610841,0.0,0.17102944001256165
20.0,3.4366350482618144,0.0,0.291527480758389
20.0,3.061247689516474,0.0,0.3925903067305956
20.0,2.6386509871634187,0.0,0.7463102936689009
20.0,2.299765658376281,0.0,0.9796825760086753
20.0,2.170048499490917,0.0,0.8473732019573211
20.0,2.201724734595991,0.0,0.5169754014066421
20.0,2.1563395285792244,0.0,0.4625569207709507
20.0,2.144950108559246,0.0,0.38092919981741324
20.0,2.1114830094031154,0.0,0.43534765301436695
20.0,2.2251706397960276,0.0,0.2720922934235061
20.0,2.395273975809299,0.0,0.06219252675896991
20.0,2.5012319516810386,0.0,0.0
20.0,2.5485040045725733,0.0,0.0
20.0,2.565679594134207,0.0,0.0
20.0,2.5713213253040563,0.0,0.0
20.0,2.5645438381401213,0.0,0.0
18.814971403273773,0.0,0.0,0.0
17.992762850915366,0.0,0.0,0.0
18.09946597689537,0.0,0.0,0.0
17.85906847653561,0.0,0.0,0.0
17.78750290571529,0.0,0.0,0.0
17.671088159243645,0.0,0.0,0.0
17.61617682825849,0.0,0.0,0.04660997145758338
18.7951976274483,2.517419525557715,0.0,0.2718915241781321
20.0,3.177249827614521,0.0,0.5165938931945772
20.0,2.738782039076905,0.0,0.7030337515861728
20.0,2.4368467657040798,0.0,0.7795683126475015
20.0,2.21497932934482,0.0,0.827327063683871
20.0,2.201081836443021,0.0,0.5398988754935266
20.0,2.1040585424286595,0.0,0.5204780660573147
20.0,2.0134890627809283,0.0,0.46609975573394075
20.0,1.9458651936565245,0.0,0.3845322902488797
20.0,1.9274900804809536,0.0,0.27965981502613135
20.0,1.9508548527333025,0.0,0.1592507443880155
20.0,2.0094187144269786,0.0,0.031073314305055583
20.0,2.060564978416207,0.0,0.0
20.0,2.1050557921555284,0.0,0.0
20.0,2.1629555415509416,0.0,0.0
20.0,2.225818126578912,0.0,0.0
20.0,2.285306563174551,0.0,0.0
18.918000652604317,0.0,0.0,0.0
18.15411109702079,0.0,0.0,0.0
18.247515519365148,0.0,0.0,0.0
18.038945659480174,0.0,0.0,0.0
17.968085973837617,0.0,0.0,0.0
17.838484303362684,0.0,0.0,0.0
17.7682557885206,0.0,0.0,0.0854516177687451
18.870316874464034,2.383053687967735,0.0,0.24193306760578967
20.0,2.5240214339380485,0.0,1.190094119651717
20.0,1.66143496079123,0.0,1.9482013408288943
20.0,0.992406515149495,0.0,2.317922308903007
20.0,0.6503434039511761,0.0,2.1296995975393274
20.0,0.5606191438676776,0.0,1.6821036677015544
20.0,0.8531961319246814,0.0,0.8185651536011066
20.0,0.935435783154834,0.0,0.7457595433213341
20.0,1.146743791770051,0.0,0.38841646311161726
20.0,1.233985350091429,0.0,0.28354398788886886
20.0,1.2884702066024167,0.0,0.163134917250753
20.0,1.3633923744319731,0.0,0.03495747687826642
20.0,1.4639346153710842,0.0,0.0
20.0,1.611766440030519,0.0,0.0
20.0,1.757307488038318,0.0,0.0
20.0,1.8668849755478005,0.0,0.0
20.0,1.8986887779405839,0.0,0.0
19.117931229890182,0.0,0.0,0.0
18.506008567427404,0.0,0.0,0.0
18.586390143657713,0.0,0.0,0.0
18.404718475983728,0.0,0.0,0.0
18.339534651908494,0.0,0.0,0.0
18.230700503630057,0.0,0.0,0.0
18.17840217198018,0.0,0.0,0.0854516177687451
19.08083065039538,1.8613180233067153,0.0,0.3753174776646068
20.0,2.350852713685971,0.0,0.5647721549874709
20.0,2.0158072655853174,0.0,0.6408871504147996
20.0,1.7156924301302447,0.0,0.765180352757546
20.0,1.362409289419237,0.0,1.0548938598552025
20.0,1.2634213883806256,0.0,0.8839414101162663
20.0,0.8851936336975713,0.0,1.403425230331191
20.0,1.1030567592800071,0.0,0.7496437710615476
20.0,1.3075261220804288,0.0,0.39230058109687893
20.0,1.4223204012891235,0.0,0.28742816075160643
20.0,1.5407534613816987,0.0,0.163134917250753
20.0,1.6664676806678875,0.0,0.03884164631116172
20.0,1.7548574333340528,0.0,0.0
20.0,1.8120354165501824,0.0,0.0
20.0,1.8508145326517922,0.0,0.0
20.0,1.8715572853099243,0.0,0.0
20.0,1.8732914445841984,0.0,0.0
19.132225741615613,0.0,0.0,0.0
18.530703258558486,0.0,0.0,0.0
18.606795271416452,0.0,0.0,0.0
18.42287145098492,0.0,0.0,0.0
18.35804136532763,0.0,0.0,0.0
18.251413831339022,0.0,0.0,0.0
18.182656173985947,0.0,0.0,0.05826246946674259
19.074730011463213,2.001188479361768,0.0,0.18643988583033352
20.0,2.6191264231492823,0.0,0.3068489976265563
20.0,2.3800353190679826,0.0,0.4117214179718288
20.0,2.2033581859114526,0.0,0.48940468315541424
20.0,2.0770558754177744,0.0,0.5360147026307891
20.0,1.9910839762526948,0.0,0.5515513392042635
20.0,1.9464345095866882,0.0,0.5321305297680514
20.0,1.937417115178331,0.0,0.4777522194446775
20.0,1.9497518823650575,0.0,0.39618475395961644
20.0,1.9580511357131605,0.0,0.29131233361434394
20.0,1.985334877942021,0.0,0.1670190763941216
20.0,2.0335038075982443,0.0,0.03884164631116172
20.0,2.063918076015858,0.0,0.0
20.0,2.1159301282904033,0.0,0.0
20.0,2.169410545247487,0.0,0.0
20.0,2.217042664718392,0.0,0.0
20.0,2.250910303605002,0.0,0.0
18.944286978753553,0.0,0.0,0.0
18.21261285767884,0.0,0.0,0.0
18.319811172219897,0.0,0.0,0.0
18.126905323279672,0.0,0.0,0.0
18.0814292640222,0.0,0.0,0.0
17.98453987177161,0.0,0.0,0.0
17.933513906872932,0.0,0.0,0.062146628610111165
18.95498326913846,2.1737080968415428,0.0,0.29908065190108113
20.0,2.7311931605542643,0.0,0.5780234227754403
20.0,1.756824973697593,0.0,1.8501973737699282
20.0,1.2743272146342741,0.0,2.179532816779134
20.0,0.9568218059282502,0.0,2.3015952931638903
20.0,1.4857231330991716,0.0,0.8778211462670316
20.0,1.673645112114585,0.0,0.5360147026307891
20.0,1.6879729005258073,0.0,0.481636392307415
20.0,1.6907547713284699,0.0,0.40006892682235407
20.0,1.6128594508453775,0.0,0.5127097203318397
20.0,1.7104935377461594,0.0,0.3083565917961968
20.0,1.8948276362399257,0.0,0.06991495375653284
20.0,2.0528238283178344,0.0,0.0
20.0,2.1812960404278017,0.0,0.0
20.0,2.2947403066421654,0.0,0.0
20.0,2.3637844610429686,0.0,0.0
20.0,2.3702170697369405,0.0,0.0
18.907880838447777,0.0,0.0,0.0
18.16208831003314,0.0,0.0,0.0
18.28704719709493,0.0,0.0,0.0
18.091314878542697,0.0,0.0,0.0
18.043739724577442,0.0,0.0,0.0
17.942417606255255,0.0,0.0,0.0
17.888438886539554,0.0,0.0,0.06603079461316425
18.931285851828612,2.299893917524298,0.0,0.19809237697980822
20.0,2.9944537828478413,0.0,0.318501488776031
20.0,2.678944085990507,0.0,0.4194897636973039
20.0,2.419954561407875,0.0,0.4971730288808893
20.0,2.1724356623729224,0.0,0.5437830483562642
20.0,1.9404419273017022,0.0,0.5593196300522627
20.0,1.7351448461917687,0.0,0.5360147026307891
20.0,1.5583778109860333,0.0,0.48552056517015274
20.0,1.4372677038013353,0.0,0.40395309968509163
20.0,1.3926776599707873,0.0,0.29519650647708157
20.0,1.4215109698491546,0.0,0.17478740840022777
20.0,1.508825370343022,0.0,0.04660997145758338
20.0,1.5911471463345999,0.0,0.0
20.0,1.6586543468082122,0.0,0.0
20.0,1.7145947994025887,0.0,0.0
20.0,1.7253205580142095,0.0,0.0
20.0,1.7028276988637743,0.0,0.0
19.22314340553158,0.0,0.0,0.0
18.689537820192292,0.0,0.0,0.0
18.77054840060674,0.0,0.0,0.0
18.62986016193578,0.0,0.0,0.0
18.6319867668317,0.0,0.0,0.0
18.629187815005498,0.0,0.0,0.0
18.678748107165546,0.0,0.0,0.10474673034653713
19.355840883001996,1.3495586699197155,0.0,0.20222595425088621
20.0,1.7396236121817492,0.0,0.3227837428485383
20.0,1.5470778076939637,0.0,0.4238967268336659
20.0,1.2082665781728508,0.0,0.7933479184360493
20.0,0.9573296595792231,0.0,0.8672381896830115
20.0,0.92530571600149,0.0,0.5638992651663668
20.0,0.6863663287322883,0.0,0.8594601855217879
20.0,0.6329435279567082,0.0,0.808734359817154
20.0,0.6656066769933062,0.0,0.6416785384939407
20.0,0.7109947489822338,0.0,0.47056420302624896
20.0,0.7518947042574372,0.0,0.3111168738003926
20.0,0.8510932167523586,0.0,0.07777921845009815
20.0,0.941850692223169,0.0,0.0
20.0,1.0285341400605748,0.0,0.0
20.0,1.1098795299352786,0.0,0.0
20.0,1.1458274410379898,0.0,0.0
20.0,1.126120606930983,0.0,0.0
19.494905984171048,0.0,0.0,0.0
19.162766041209387,0.0,0.0,0.0
19.2386757010447,0.0,0.0,0.0
19.152852051875858,0.0,0.0,0.0
19.09823945152153,0.0,0.0,0.0
18.990600128630764,0.0,0.0,0.0
18.933028108248784,0.0,0.0,0.11637963982988354
19.45863102327005,0.9297063147839799,0.0,0.37317151249318964
20.0,0.5813381465098064,0.0,1.029098925086521
20.217063713978792,0.0,0.0,1.9513743086321207
20.778017155524793,0.0,0.0,2.6046837072552838
21.284438337024966,0.0,0.0,2.827280588091462
21.658233893418494,0.0,0.0,3.1225329826411716
21.894117754532253,0.0,0.0,2.7312237925477554
22.010933166898045,0.0,0.0,2.500302031668472
21.929241750671306,0.0,0.0,1.405663343370935
21.694559916550542,0.0,0.0,0.7979403793650881
21.4650580983778,0.0,0.0,0.27460378182713285
21.207391593145775,0.0,0.0,0.08367755453303931
21.00526308966856,0.0,0.0,0.0
20.794525687130356,0.0,0.0,0.0
20.59797755982026,0.0,0.0,0.0
20.42144126328779,0.0,0.0,0.0
20.288689187619575,0.0,0.0,0.0
20.202933468997927,0.0,0.0,0.0
20.16358963503825,0.0,0.0,0.0
20.15600470314125,0.0,0.0,0.0
20.159307827731414,0.0,0.0,0.0
20.14533072997878,0.0,0.0,0.0
20.10635076550486,0.0,0.0,0.0
20.100269937298734,0.0,0.0,0.13982990751306568
20.192944833317803,0.0,0.0,0.349200198527836
20.41153000554967,0.0,0.0,0.7502202345846225
20.580267713233468,0.0,0.0,0.7157300735687708
20.650036962872257,0.0,0.0,0.8040220265074456
20.606768118792886,0.0,0.0,0.5554355120670009
20.517772219873475,0.0,0.0,0.5709722035179512
20.587091764518558,0.0,0.0,0.8700528005415566
20.81047440077756,0.0,0.0,1.3130740671539671
21.116112950801643,0.0,0.0,1.6481677726105286
21.13131376446791,0.0,0.0,0.9129241881365684
20.860603699628136,0.0,0.0,0.33041787855349186
20.618817519793808,0.0,0.0,0.10487244092432597
20.412381057540898,0.0,0.0,0.0
20.25259400162518,0.0,0.0,0.0
20.12959426742355,0.0,0.0,0.0
20.03468173489263,0.04004732879211789,0.0,0.0
20.0,0.15930371424836468,0.0,0.0
19.861188751181263,0.0,0.0,0.0
19.691437803895255,0.0,0.0,0.0
19.579820184192656,0.0,0.0,0.0
19.43759065002563,0.0,0.0,0.0
19.3101859820191,0.0,0.0,0.0
19.193576071435068,0.0,0.0,0.0
19.137609257171107,0.0,0.0,0.12246356425746371
19.566199649208173,0.7659953772206548,0.0,0.4371702537254188
20.0,0.6345959193147186,0.0,1.0078956979866542
20.07235026636295,0.0,0.0,1.8910794740977703
20.23144171468682,0.0,0.0,1.4939176138759045
20.390022557693534,0.0,0.0,1.138925974014805
20.540650118432268,0.0,0.0,0.9088944742914561
20.60658230182185,0.0,0.0,0.5515513392042635
20.610482676674778,0.0,0.0,0.4971730288808893
20.596880390812963,0.0,0.0,0.41560559083456633
20.541193020772344,0.0,0.0,0.3107331704892938
20.480324823200426,0.0,0.0,0.18643988583033352
20.408242822937837,0.0,0.0,0.05826246946674259
20.339671857797327,0.0,0.0,0.0
20.27866766666769,0.0,0.0,0.0
20.21054493121284,0.0,0.0,0.0
20.122675651899726,0.0,0.0,0.0
20.036976543169573,0.025760313203330346,0.0,0.0
19.939568474548743,0.0,0.0,0.0
19.85935222949753,0.0,0.0,0.0
19.82749917285994,0.0,0.0,0.0
19.80600345285241,0.0,0.0,0.0
19.78416240404437,0.0,0.0,0.0
19.740387433171588,0.0,0.0,0.0
19.701318222233514,0.0,0.0,0.08933578377179818
19.84680515816504,0.3316840817893535,0.0,0.22139737299812665
20.0,0.40925097369110314,0.0,0.3379222982122429
20.0,0.3090392600874555,0.0,0.4389105731335158
20.0,0.18550752361011597,0.0,0.5165938931945772
20.0,0.04345031918995018,0.0,0.5632038577924761
20.036604146283178,0.0,0.0,0.5748563215032129
20.177766151273072,0.0,0.0,0.8778211462670316
20.323102406123553,0.0,0.0,0.9663514781269971
20.324186569849214,0.0,0.0,0.6603079598510113
20.233437870816612,0.0,0.0,0.31461734335203134
20.162224426403426,0.0,0.0,0.19032405869307104
20.096975330540396,0.0,0.0,0.062146628610111165
20.025942606238026,0.04070855765288999,0.0,0.0
20.0,0.14853697509696454,0.0,0.0
20.0,0.2795369135115551,0.0,0.0
20.0,0.40182114797307195,0.0,0.0
20.0,0.5054595841970553,0.0,0.0
19.7296887794773,0.0,0.0,0.0
19.525118267144187,0.0,0.0,0.0
19.527049521868793,0.0,0.0,0.0
19.450288355581513,0.0,0.0,0.0
19.368786266853718,0.0,0.0,0.0
19.245265240117337,0.0,0.0,0.003884164288131948
19.188493855262394,0.0,0.0,0.18643988583033352
19.593346560619167,0.7345520788636025,0.0,0.4194897636973039
20.0,0.3803979636903952,0.0,1.1129352886388102
20.233798702766794,0.0,0.0,1.9740260391101043
20.53633125898302,0.0,0.0,1.7824602915198122
21.000317364165216,0.0,0.0,2.8855941274238597
21.433733654817882,0.0,0.0,2.781137712299346
21.684944684084808,0.0,0.0,2.968511898893499
21.868592022778817,0.0,0.0,2.454028294033016
21.80142259496421,0.0,0.0,1.7697944413698405
21.540467961864707,0.0,0.0,0.8387435376164301
21.156013829375475,0.0,0.0,0.2853015013910256
20.869049227048503,0.0,0.0,0.11264076607074763
20.635170355212775,0.0,0.0,0.0
20.461558756942573,0.0,0.0,0.0
20.33931020131679,0.0,0.0,0.0
20.242620064403535,0.0,0.0,0.0
20.16317714409577,0.0,0.0,0.0
20.083700455479697,0.0,0.0,0.0
19.989051721954716,0.0,0.0,0.0
19.874377168073384,0.0,0.0,0.0
19.75477507349643,0.0,0.0,0.0
19.64453376225888,0.0,0.0,0.0
19.55467545416936,0.0,0.0,0.007768328576263896
19.517835947878332,0.0,0.0,0.1553665852446469
19.760143154926986,0.5294619679660778,0.0,0.22916570500423275
20.0,0.6683463528681265,0.0,0.345690643937718
20.0,0.5574838310387309,0.0,0.44667891885899086
20.0,0.2847162403279314,0.0,0.8312111816691327
20.107741044651824,0.0,0.0,1.5647325493463153
20.487019063045327,0.0,0.0,2.3883450047640005
20.614356808370086,0.0,0.0,1.5257849805212733
20.754539740685384,0.0,0.0,2.1206225005850112
20.89697042275971,0.0,0.0,1.5119738528276987
20.648218654245497,0.0,0.0,0.8395159956910787
20.356918801976004,0.0,0.0,0.30562167657127753
20.086209619781418,0.029655229781322606,0.0,0.12429325722022233
20.0,0.25518717765862275,0.0,0.0
20.0,0.4009403675442687,0.0,0.0
20.0,0.5034041210548942,0.0,0.0
20.0,0.6148255767161107,0.0,0.0
20.0,0.7602390954570162,0.0,0.0
19.581500895707656,0.0,0.0,0.0
19.23871160508651,0.0,0.0,0.0
19.208569855317204,0.0,0.0,0.0
19.076773877142106,0.0,0.0,0.0
18.977622464131134,0.0,0.0,0.0
18.84713503314055,0.0,0.0,0.007768328576263896
18.77007323566516,0.0,0.0,0.17294247121404374
19.375145935451986,1.2266840311732166,0.0,0.46621360255433664
20.0,1.3567064162397744,0.0,0.9034538963319853
20.0,0.8568649978802649,0.0,1.3622745722550083
20.0,0.8665897766181619,0.0,0.8640815439949815
20.0,0.4872171168638387,0.0,1.357352668124642
20.0,0.466962998377979,0.0,1.147884790889281
20.23544053039611,0.0,0.0,3.013748835202748
20.23544053039611,0.0981816955432118,0.0,1.7695991285437482
20.0,0.09955171006418015,0.0,1.4079900853863208
20.0,0.4458882596148356,0.0,0.7802176561315732
20.0,0.6986053258923169,0.0,0.3128147212664673
20.0,0.8125166385309744,0.0,0.12817743008295993
20.0,0.9750302092706018,0.0,0.0
20.0,1.1859333165027135,0.0,0.0
20.0,1.3965921205811174,0.0,0.0
20.0,1.5733822621585003,0.0,0.0
20.0,1.6511936557395368,0.0,0.0
19.21862796312712,0.0,0.0,0.0
18.66704301666247,0.0,0.0,0.0
18.719614152795337,0.0,0.0,0.0
18.527048846845076,0.0,0.0,0.0
18.41143058369744,0.0,0.0,0.0
18.248412963507413,0.0,0.0,0.02141188645992046
18.155756754424672,0.0,0.0,0.16368318793843464
19.062924627029613,1.8456497131773681,0.0,0.45208484373679164
20.0,1.9765807505437747,0.0,1.0281846782851762
20.0,1.2089594692729426,0.0,1.607490754148567
20.0,1.207525044983615,0.0,0.8428637002573455
20.0,1.1563714776010763,0.0,0.5787404394884745
20.0,1.0591224440007418,0.0,0.5903930129541631
20.0,0.7234000696258266,0.0,1.1413248699951704
20.0,0.09733724427434531,0.0,2.121901396816797
20.0,0.14097429475939457,0.0,1.6102849965618313
20.0,0.7282207832086391,0.0,0.47271011214679104
20.0,0.891861508451766,0.0,0.37869237791913224
20.0,1.1137643015183374,0.0,0.12907787673535542
20.0,1.3258676025822205,0.0,0.0
20.0,1.5068975085234222,0.0,0.0
20.0,1.6786001895985747,0.0,0.0
20.0,1.8235042501704366,0.0,0.0
20.0,1.9356180593040981,0.0,0.0
19.056389716582633,0.0,0.0,0.0
18.363580803510555,0.0,0.0,0.0
18.39155892995654,0.0,0.0,0.0
18.15530274397052,0.0,0.0,0.0
18.04910840761113,0.0,0.0,0.0
17.916493614007294,0.0,0.0,0.027877143489770488
17.868463866901646,0.0,0.0,0.1664457281236708
18.930143759563578,2.137522822190222,0.0,0.41167396330919037
20.0,2.3628961298018436,0.0,0.9855849433724201
20.0,1.5383383548439935,0.0,1.626716217174378
20.0,0.8921464819453265,0.0,2.0527482828292802
20.0,0.011202144360067905,0.0,3.0345371040497433
20.19044190219142,0.0,0.0,3.0434929001129194
20.455313074870126,0.0,0.0,2.9345307826683835
20.552197913145115,0.0,0.0,2.4507159377448593
20.44516963874485,0.0,0.0,1.4908585547285085
20.20791648368343,0.0,0.0,0.8464284722120293
20.050073585404988,0.26850499541941747,0.0,0.3247371952211014
20.0,0.5728918074817759,0.0,0.12429325722022233
20.0,0.8751329902949914,0.0,0.0
20.0,1.0908599510085817,0.0,0.0
20.0,1.2661741821787695,0.0,0.0
20.0,1.3686074187856139,0.0,0.0
20.0,1.408969073821855,0.0,0.0
19.332567719942933,0.0,0.0,0.0
18.842915833657628,0.0,0.0,0.0
18.835236575325357,0.0,0.0,0.0
18.613924578846788,0.0,0.0,0.0
18.48322796403836,0.0,0.0,0.0
18.340262392309967,0.0,0.0,0.025292369085931018
18.289924048975166,0.0,0.0,0.17080834001113296
19.143853503467433,1.6538996360025258,0.0,0.44475271147961504
20.0,1.687025289330696,0.0,1.0275828836577545
20.0,0.7718362359566041,0.0,1.8172366614474467
20.0,0.06870456370093354,0.0,2.2767598637709923
20.210991192711916,0.0,0.0,2.4934201055823006
20.564362131727528,0.0,0.0,2.6911498096804114
20.807476491841626,0.0,0.0,2.621200489522675
20.939362913440437,0.0,0.0,2.335328752197686
20.87253536070129,0.0,0.0,1.5575083009203443
20.600446595952725,0.0,0.0,0.7378881577930364
20.298995833477683,0.0,0.0,0.3385916763848212
20.085827237611824,0.038018244915947436,0.0,0.14690173120410147
20.0,0.31264800295966977,0.0,0.0
20.0,0.545096368138992,0.0,0.0
20.0,0.7347443412509973,0.0,0.0
20.0,0.8904427902845216,0.0,0.0
20.0,1.0094668638329232,0.0,0.0
19.49978508050851,0.0,0.0,0.0
19.14761197727144,0.0,0.0,0.0
19.19337828125666,0.0,0.0,0.0
19.095267534197777,0.0,0.0,0.0
19.011906778058673,0.0,0.0,0.0
18.86465417211456,0.0,0.0,0.02330498572879169
18.784813291465632,0.0,0.0,0.1811495848734536
19.3823497477057,1.1206452898140804,0.0,0.514168132481157
20.0,1.0244987714468152,0.0,1.0007509285729426
20.0,0.41739213321670027,0.0,1.3325728273323518
20.207556045277734,0.0,0.0,2.237830424376592
20.58736295264635,0.0,0.0,2.578925061393306
20.742164759407057,0.0,0.0,2.1404250771839504
20.945846333651627,0.0,0.0,2.615090031248378
21.044427440011738,0.0,0.0,1.9119644389897872
20.97373952891655,0.0,0.0,1.6101796400744088
20.841067117337232,0.0,0.0,0.8644520045851295
20.545283579209297,0.0,0.0,0.3663280624284319
20.3550716777343,0.0,0.0,0.16526830361399314
20.15869880538964,0.0,0.0,0.0
20.020644160045403,0.09774408712055042,0.0,0.0
20.0,0.298467578942687,0.0,0.0
20.0,0.46880547942241213,0.0,0.0
20.0,0.6030025723085984,0.0,0.0
19.665513276603335,0.0,0.0,0.0
19.38097792558783,0.0,0.0,0.0
19.3211804618205,0.0,0.0,0.0
19.158757239309768,0.0,0.0,0.0
19.024194975753137,0.0,0.0,0.0
18.891283138814117,0.0,0.0,0.046688491927848345
18.838730266826612,0.0,0.0,0.19059363252593908
19.41860067729187,1.0508249768892062,0.0,0.383299732984451
20.0,0.773984943745357,0.0,1.0302032929696199
20.051643013476273,0.0,0.0,1.7269093562590483
20.433922838173785,0.0,0.0,2.312231444770581
20.969165110706797,0.0,0.0,2.904901643852832
21.336129850106467,0.0,0.0,3.086356129044762
21.356645965589564,0.0,0.0,2.023942109924388
21.446237894719008,0.0,0.0,2.405105198100515
21.436591984282135,0.0,0.0,1.3503461366667602
21.13127487006043,0.0,0.0,0.7327453603559712
20.935128507865183,0.0,0.0,0.3579774973544527
20.716623912574647,0.0,0.0,0.14414176251121646
20.52763302595157,0.0,0.0,0.0
20.35450216160882,0.0,0.0,0.0
20.206329620299158,0.0,0.0,0.0
20.06757220873378,0.0,0.0,0.0
20.003126507806257,0.11608411567214515,0.0,0.0
19.875784290600603,0.0,0.0,0.0
19.725135340941655,0.0,0.0,0.0
19.62882128700265,0.0,0.0,0.0
19.504096402959185,0.0,0.0,0.0
19.39023090690427,0.0,0.0,0.0
19.2879536823613,0.0,0.0,0.015536657152527791
19.2548673708343,0.0,0.0,0.12817743008295993
19.632518429079685,0.5882894380951863,0.0,0.40395309968509163
20.0,0.5323682820882014,0.0,0.5630882052653612
20.075704086175083,0.0,0.0,1.210501379055686
20.50798968313384,0.0,0.0,2.105277193212876
20.868915616778718,0.0,0.0,1.89928363706977
20.82912712858289,0.0,0.0,1.1721199890328464
20.78710569906255,0.0,0.0,0.9371566307523646
20.77706581886045,0.0,0.0,0.8338798807865389
20.741245120104793,0.0,0.0,0.7069179793263861
20.628456911900088,0.0,0.0,0.3418064710749804
20.4985871327819,0.0,0.0,0.21751320013538916
20.38106653045809,0.0,0.0,0.08933578377179818
20.233661911583425,0.0,0.0,0.003884164288131948
20.093299109049898,0.0,0.0,0.0
20.011785615498784,0.12554044985307783,0.0,0.0
20.0,0.2994439766874873,0.0,0.0
20.0,0.4373682281606064,0.0,0.0
19.747899261321187,0.0,0.0,0.0
19.533083806033943,0.0,0.0,0.0
19.49222723343204,0.0,0.0,0.0
19.38042073598685,0.0,0.0,0.0
19.275813637133542,0.0,0.0,0.0
19.16410116779684,0.0,0.0,0.05587063214509893
19.1202163930936,0.0,0.0,0.2020785881685692
19.558550815162736,0.7197474277253059,0.0,0.40358962851300045
20.0,0.34047729780590286,0.0,0.9725584958689494
20.286289783212755,0.0,0.0,1.7555900037289132
20.851927758616824,0.0,0.0,2.2868104979056723
21.35155010834515,0.0,0.0,2.648544057699653
21.590916935047474,0.0,0.0,2.207872935222689
21.78259108190357,0.0,0.0,2.471921631569966
21.814072690369496,0.0,0.0,1.7434737353195282
21.55263990748668,0.0,0.0,0.9917440408159249
21.367048500705405,0.0,0.0,0.7544866338355556
21.184324315729455,0.0,0.0,0.4563190838019014
20.968704870307697,0.0,0.0,0.1592507443880155
20.786707363104338,0.0,0.0,0.003884164288131948
20.648271540402632,0.0,0.0,0.0
20.540292286058104,0.0,0.0,0.0
20.451456102575513,0.0,0.0,0.0
20.378504535476175,0.0,0.0,0.0
20.304552529170472,0.0,0.0,0.0
20.220169622663754,0.0,0.0,0.0
20.116389645645334,0.0,0.0,0.0
20.004788670340037,0.0,0.0,0.0
19.897727054982987,0.0,0.0,0.0
19.820187263909798,0.0,0.0,0.03495747687826642
19.837957761658878,0.0,0.0,0.25247068730318223
19.940980451252898,0.009363011838755078,0.0,0.39233025486002615
20.264741506090132,0.0,0.0,1.1346216183113755
20.65449711726106,0.0,0.0,1.4622274078273207
21.089435058260882,0.0,0.0,2.3160105483019033
21.631040876842018,0.0,0.0,3.0040551715107675
21.717739453148745,0.0,0.0,1.9316380759105687
21.50225343212687,0.0,0.0,1.046102172133211
21.637575801385694,0.0,0.0,1.6915931531327608
21.758665317446813,0.0,0.0,1.304841681276727
21.627845600115432,0.0,0.0,0.8501678480292904
21.430907670217305,0.0,0.0,0.3885167029868753
21.223174241846124,0.0,0.0,0.1968534832718758
21.03585646662243,0.0,0.0,0.003884164288131948
20.847258139827975,0.0,0.0,0.0
20.711544839911358,0.0,0.0,0.0
20.574635741987784,0.0,0.0,0.0
20.461171308822607,0.0,0.0,0.0
20.353618778915575,0.0,0.0,0.0
20.245380883439605,0.0,0.0,0.0
20.135752043968107,0.0,0.0,0.0
20.03081567757398,0.0,0.0,0.0
19.93859229509336,0.0,0.0,0.0
19.885822903463218,0.0,0.0,0.07156264848880395
19.896037236487924,0.0,0.0,0.2549956434938157
19.958449403400472,0.037405261062845564,0.0,0.40881208108894357
20.03429726572318,0.0,0.0,0.6098138772678509
20.090200991842696,0.0,0.0,0.48552056517015274
20.30779867511842,0.0,0.0,0.8805106829295144
20.888815418328605,0.0,0.0,2.032721382281825
21.408389453313493,0.0,0.0,2.081861828712736
21.86472110865698,0.0,0.0,2.7337754023764855
22.145873901961025,0.0,0.0,2.266779816413004
22.052392496019454,0.0,0.0,1.5298385523772253
21.840061900652202,0.0,0.0,0.7404856912357219
21.62035421190007,0.0,0.0,0.3914867818944681
21.517369334888052,0.0,0.0,0.22828225669690194
21.363256822155325,0.0,0.0,0.003884164288131948
21.186523435517564,0.0,0.0,0.0
21.02908838876147,0.0,0.0,0.0
20.853978425860422,0.0,0.0,0.0
20.68798687336193,0.0,0.0,0.0
20.538674776279997,0.0,0.0,0.0
20.414557802801035,0.0,0.0,0.0
20.315645337556607,0.0,0.0,0.0
20.228001795675148,0.0,0.0,0.0
20.120495855893545,0.0,0.0,0.0
20.007623228873232,0.0,0.0,0.04660997145758338
19.97543013237486,0.0,0.0,0.26800735131539455
20.069630153620082,0.0,0.0,0.5197680760279961
20.35378827732725,0.0,0.0,0.9763351066162188
20.88587479992074,0.0,0.0,1.7656894326648045
21.49103688651624,0.0,0.0,2.3706916143090733
22.058061756186085,0.0,0.0,2.767717737489857
22.500957312977523,0.0,0.0,2.671954938998876
22.7636380911633,0.0,0.0,2.4768081619764812
22.931571532132708,0.0,0.0,2.309705906880844
22.72866854610643,0.0,0.0,1.0391565299757928
22.463851899099474,0.0,0.0,0.7704301984964674
22.302452229310607,0.0,0.0,0.37182707861224895
22.11119669274667,0.0,0.0,0.2210825041745291
21.963692954220893,0.0,0.0,0.03344047785945254
21.783190835188094,0.0,0.0,0.0
21.652545852385927,0.0,0.0,0.0
21.52775615930802,0.0,0.0,0.0
21.421841586595207,0.0,0.0,0.0
21.331184013555266,0.0,0.0,0.0
21.256433563582398,0.0,0.0,0.0
21.185504854152022,0.0,0.0,0.0
21.107319058615882,0.0,0.0,0.0
20.996510449551785,0.0,0.0,0.0
20.898849951259212,0.0,0.0,0.11349285354703716
20.85795819284873,0.0,0.0,0.23729354977092995
20.947606831643192,0.0,0.0,0.41642450547324783
21.336021975179,0.0,0.0,0.9867581571512871
21.91401317304766,0.0,0.0,1.6575048632694278
22.51712502059177,0.0,0.0,2.362261967326246
22.958662050481372,0.0,0.0,2.466937911406835
23.276269422669067,0.0,0.0,2.691103887268195
23.378417005771382,0.0,0.0,1.9367467209284146
23.513001499903627,0.0,0.0,2.2864400834248557
23.536450688467397,0.0,0.0,1.394968772869961
23.211637464549682,0.0,0.0,0.6382858032710194
22.969229351044863,0.0,0.0,0.3916347215653617
22.770732361632685,0.0,0.0,0.2363730075242402
22.561596246041923,0.0,0.0,0.04064902540822206
22.375510344243104,0.0,0.0,0.0
22.252897506838185,0.0,0.0,0.0
22.14022480645102,0.0,0.0,0.0
22.040364369977524,0.0,0.0,0.0
21.949127590772207,0.0,0.0,0.0
21.88012636770521,0.0,0.0,0.0
21.824772147839568,0.0,0.0,0.0
21.767990816345385,0.0,0.0,0.0
21.70072301835757,0.0,0.0,0.0
21.656535994262896,0.0,0.0,0.11114714400016541
21.648932637960044,0.0,0.0,0.25322622998829886
21.718033874859678,0.0,0.0,0.44361508798165394
21.93679600862552,0.0,0.0,0.7784993915787215
22.393008419855043,0.0,0.0,1.655805666815239
22.945158814449492,0.0,0.0,2.3539740693035536
23.421640091797205,0.0,0.0,2.7283577167865647
23.77450619099773,0.0,0.0,2.6482470885502654
23.92114632207931,0.0,0.0,2.233587082433582
23.974625278393766,0.0,0.0,1.9293411658886952
23.907901824025643,0.0,0.0,1.3350509678796452
23.689654355753767,0.0,0.0,0.7525738521847803
23.442047336959806,0.0,0.0,0.37383554079491366
23.260400566836417,0.0,0.0,0.24321129735238572
23.04911078617353,0.0,0.0,0.011652492864395845
22.82772731017064,0.0,0.0,0.0
22.66511205486402,0.0,0.0,0.0
22.50085141455625,0.0,0.0,0.0
22.37374032411941,0.0,0.0,0.0
22.265532833036154,0.0,0.0,0.0
22.16399664046329,0.0,0.0,0.0
22.06189748346021,0.0,0.0,0.0
21.94525068965483,0.0,0.0,0.0
21.809207959209843,0.0,0.0,0.0
21.69993207647918,0.0,0.0,0.11178626511859704
21.658235966108176,0.0,0.0,0.2525533468751301
21.76068326300991,0.0,0.0,0.4525766016598913
22.132864192252164,0.0,0.0,0.9865029567495351
22.685748632903476,0.0,0.0,1.6804363214593316
23.221873119645686,0.0,0.0,2.3153744536370526
23.635826341706238,0.0,0.0,2.7187695799288254
23.924232660013782,0.0,0.0,2.805933756585079
24.10161234041906,0.0,0.0,2.556525470099301
24.17784923903818,0.0,0.0,2.0604282488191648
24.101840601271082,0.0,0.0,1.2794538963024678
23.88058365753541,0.0,0.0,0.7368454810280075
23.587735420717923,0.0,0.0,0.38437135375070564
23.317697977464427,0.0,0.0,0.2506326880784436
23.04019679036903,0.0,0.0,0.015536657152527791
22.77938878843442,0.0,0.0,0.0
22.586691815263325,0.0,0.0,0.0
22.386142379221624,0.0,0.0,0.0
22.20391641981579,0.0,0.0,0.0
22.028339206587372,0.0,0.0,0.0
21.879032036432964,0.0,0.0,0.0
21.746615120346092,0.0,0.0,0.0
21.610673262107262,0.0,0.0,0.0
21.467390088371356,0.0,0.0,0.0
21.36244047012434,0.0,0.0,0.15827912657423898
21.301195878804208,0.0,0.0,0.2671313788593566
21.349223584293917,0.0,0.0,0.5024438365396953
21.63326811786532,0.0,0.0,0.9901265969382769
22.07293471220393,0.0,0.0,1.6497006933382816
22.548501185986808,0.0,0.0,2.343813272247504
22.93649891689814,0.0,0.0,2.7588112595298946
23.185168114719765,0.0,0.0,2.8485383342446626
23.129634909433527,0.0,0.0,1.8559558235846818
23.115885119799717,0.0,0.0,1.9751854664067419
23.112831531501897,0.0,0.0,1.3184366580755498
22.88419432135597,0.0,0.0,0.7307147450198591
22.693473598999613,0.0,0.0,0.3869167033540098
22.559326099702396,0.0,0.0,0.2867089527418006
22.386840823206317,0.0,0.0,0.04227004210442923
22.17162196844034,0.0,0.0,0.0
22.0158948282662,0.0,0.0,0.0
21.865714625333922,0.0,0.0,0.0
21.748041008598925,0.0,0.0,0.0
21.64364623258109,0.0,0.0,0.0
21.54304732962766,0.0,0.0,0.0
21.432389053024345,0.0,0.0,0.0
21.310528192427945,0.0,0.0,0.0
21.187018294249945,0.0,0.0,0.0
21.11980194591528,0.0,0.0,0.1581464362429757
21.103103380875744,0.0,0.0,0.26654365382124
21.17569992329719,0.0,0.0,0.5039148635831908
21.440010707469792,0.0,0.0,0.9430829845485009
21.82080542038704,0.0,0.0,1.4784240584968864
22.228377414858322,0.0,0.0,1.9926216091912559
22.718986067954802,0.0,0.0,2.792454148669664
23.10629268105711,0.0,0.0,2.856065956573028
23.18028459087269,0.0,0.0,2.1716529660282684
23.042761018828944,0.0,0.0,1.3003005805544499
22.857597934995873,0.0,0.0,0.8245305508639629
22.739336423004552,0.0,0.0,0.7540209951232524
22.533998685514263,0.0,0.0,0.39844727030070076
22.270616055733736,0.0,0.0,0.18761765640555467
22.048196072676628,0.0,0.0,0.02330498572879169
21.85949544036788,0.0,0.0,0.0
21.72808677388393,0.0,0.0,0.0
21.60456856789448,0.0,0.0,0.0
21.493573481142388,0.0,0.0,0.0
21.390218004468373,0.0,0.0,0.0
21.2936201873451,0.0,0.0,0.0
21.20362763163832,0.0,0.0,0.0
21.11493434175083,0.0,0.0,0.0
21.020336268256642,0.0,0.0,0.0
20.940199654968033,0.0,0.0,0.0854516177687451
20.913837598141317,0.0,0.0,0.264123178452657
20.913063665484028,0.0,0.0,0.29519650647708157
20.963951728257182,0.0,0.0,0.4117214179718288
21.080278534470928,0.0,0.0,0.508825547469102
21.208885488422244,0.0,0.0,0.5826246672286879
21.340661005262884,0.0,0.0,0.6253504589638493
21.453347270950633,0.0,0.0,0.637002977552062
21.525054060838983,0.0,0.0,0.6136979952531126
21.628215322695503,0.0,0.0,0.8817052642522933
21.66837330691195,0.0,0.0,0.7188364263524025
21.631203052432653,0.0,0.0,0.6486554961402746
21.56621548247555,0.0,0.0,0.38841646311161726
21.42814244416461,0.0,0.0,0.12040909807685375
21.29983342043471,0.0,0.0,0.011652492864395845
21.19255694698046,0.0,0.0,0.0
21.099551749043584,0.0,0.0,0.0
21.02413963679938,0.0,0.0,0.0
20.97285373151026,0.0,0.0,0.0
20.93283430043932,0.0,0.0,0.0
20.891882785537106,0.0,0.0,0.0
20.842008858990205,0.0,0.0,0.0
20.778222511386694,0.0,0.0,0.0
20.69828714950296,0.0,0.0,0.0
20.62977657583545,0.0,0.0,0.07379912661927039
20.629588339397863,0.0,0.0,0.29908065190108113
20.720163705693697,0.0,0.0,0.5321305297680514
20.911383369344982,0.0,0.0,0.8278323264720532
21.276493234863306,0.0,0.0,1.5232153665975103
21.5759303806879,0.0,0.0,1.5733292484751087
21.794819200331965,0.0,0.0,1.8584038994928638
21.790324746750684,0.0,0.0,1.0026957228751372
21.740923404834152,0.0,0.0,1.1528651156530094
21.784463200114704,0.0,0.0,0.9383646973367628
21.698291426655167,0.0,0.0,0.7535278341693336
21.574350640756066,0.0,0.0,0.37287977166066705
21.458611364706044,0.0,0.0,0.39230058109687893
21.357192627344357,0.0,0.0,0.19420823155580863
21.193652312236885,0.0,0.0,0.015536657152527791
21.07350536668128,0.0,0.0,0.0
20.972948839279713,0.0,0.0,0.0
20.886013671359677,0.0,0.0,0.0
20.80646885368077,0.0,0.0,0.0
20.722234943720334,0.0,0.0,0.0
20.623235881453766,0.0,0.0,0.0
20.508880525331328,0.0,0.0,0.0
20.389948350067943,0.0,0.0,0.0
20.27080339503277,0.0,0.0,0.0
20.241372147348308,0.0,0.0,0.22857157435499578
20.248256908669273,0.0,0.0,0.3059207248883584
20.30464862902471,0.0,0.0,0.48864295715392553
20.545107226440273,0.0,0.0,0.8788844696050699
20.949661986363616,0.0,0.0,1.5772702655122837
21.419909195544243,0.0,0.0,2.24684938971153
21.85542146622271,0.0,0.0,2.7591249884398343
22.07895443876147,0.0,0.0,2.4453247278535666
21.87318071765572,0.0,0.0,1.088496174558954
21.71009267546347,0.0,0.0,1.0203437264910498
21.677124237755415,0.0,0.0,0.7680009370634049
21.555319356943137,0.0,0.0,0.5796620021332666
21.450062916898695,0.0,0.0,0.3686740503376301
21.32633068397449,0.0,0.0,0.2408181961537075
21.189411754815236,0.0,0.0,0.031073314305055583
21.056518037266574,0.0,0.0,0.0
20.95283929145181,0.0,0.0,0.0
20.829299097427466,0.0,0.0,0.0
20.696656571214863,0.0,0.0,0.0
20.562806297461407,0.0,0.0,0.0
20.45293357228124,0.0,0.0,0.0
20.375749846534724,0.0,0.0,0.0
20.310043981937362,0.0,0.0,0.0
20.235463385120973,0.0,0.0,0.0
20.161968247591474,0.0,0.0,0.05437830003384729
20.12330640909308,0.0,0.0,0.17867156754359637
20.203080935026982,0.0,0.0,0.5437830483562642
20.456728678038683,0.0,0.0,1.0180667860742612
20.866296921724356,0.0,0.0,1.6668366429435333
21.33464950885795,0.0,0.0,2.2135854606059184
21.733807835860837,0.0,0.0,2.3845626293914153
22.07350543803933,0.0,0.0,2.486039841638205
22.289307014174728,0.0,0.0,2.290104065953074
22.25266835595468,0.0,0.0,1.6350741112725846
22.025019499144335,0.0,0.0,0.8855327713127945
21.84755513132552,0.0,0.0,0.6663092227795331
21.737489524548923,0.0,0.0,0.4406482396811761
21.640484089336194,0.0,0.0,0.29209347331526936
21.515459752613985,0.0,0.0,0.07914989821157722
21.338718271098703,0.0,0.0,0.0
21.193498363905803,0.0,0.0,0.0
21.056260119669265,0.0,0.0,0.0
20.938298975639476,0.0,0.0,0.0
20.835112614468464,0.0,0.0,0.0
20.727189751244843,0.0,0.0,0.0
20.613654291176914,0.0,0.0,0.0
20.492609654032133,0.0,0.0,0.0
20.35837520695801,0.0,0.0,0.0
20.296924290276046,0.0,0.0,0.24138239699876612
20.283403228286673,0.0,0.0,0.30611329242031965
20.35948090105429,0.0,0.0,0.47652979506026527
20.66848770927666,0.0,0.0,0.847334832005362
21.136430271863066,0.0,0.0,1.4122822527508578
21.69930074949218,0.0,0.0,2.200192900476431
22.127682670530874,0.0,0.0,2.393821380879482
22.478711390256155,0.0,0.0,2.799711969842917
22.697379682737814,0.0,0.0,2.344347361441889
22.6472914136376,0.0,0.0,1.5959569525486168
22.664689077211726,0.0,0.0,1.4395647634976876
22.549152528714522,0.0,0.0,0.7258476269320896
22.29997817752626,0.0,0.0,0.3667995893554339
22.188928327896186,0.0,0.0,0.3296651422076526
22.01400437923211,0.0,0.0,0.07898070424813237
21.806641721371395,0.0,0.0,0.0
21.6644751257719,0.0,0.0,0.0
21.538666275902756,0.0,0.0,0.0
21.437151676950503,0.0,0.0,0.0
21.33953225588286,0.0,0.0,0.0
21.23998540013135,0.0,0.0,0.0
21.130897597621555,0.0,0.0,0.0
21.016014659897095,0.0,0.0,0.0
20.910357571099404,0.0,0.0,0.0
20.924419121117015,0.0,0.0,0.30853292662895976
20.96329859495961,0.0,0.0,0.3330974341275001
21.01325997620226,0.0,0.0,0.45188127332823064
21.258130850840573,0.0,0.0,0.8637642674433238
21.701341721884933,0.0,0.0,1.6529383731005438
21.85355472312454,0.0,0.0,0.9326544945336411
21.87842838347157,0.0,0.0,1.0148389765259322
22.11111024406822,0.0,0.0,1.3158222367118344
22.262766981885274,0.0,0.0,1.3361659398420238
22.320199844784774,0.0,0.0,1.0880641996696716
22.356665326797078,0.0,0.0,1.0833954183177328
22.27599626093034,0.0,0.0,0.6333185416871021
22.097329888104753,0.0,0.0,0.4583314100084655
21.8934203485749,0.0,0.0,0.13594576208906606
21.656433503017936,0.0,0.0,0.01942082315558086
21.477732599483183,0.0,0.0,0.0
21.320396328528712,0.0,0.0,0.0
21.208884712470013,0.0,0.0,0.0
21.146579618732883,0.0,0.0,0.0
21.111707967893715,0.0,0.0,0.0
21.07978320187736,0.0,0.0,0.0
21.040993130129053,0.0,0.0,0.0
20.993627322522677,0.0,0.0,0.0
20.947780432547685,0.0,0.0,0.0
20.923491407525376,0.0,0.0,0.062146628610111165
20.935041211599348,0.0,0.0,0.19032405869307104
20.95727741358036,0.0,0.0,0.31461734335203134
20.98046507589076,0.0,0.0,0.4311422274080407
21.00949889942698,0.0,0.0,0.528246356905314
21.04778839241843,0.0,0.0,0.5981613038021623
21.09299902141779,0.0,0.0,0.6408871504147996
21.134722259027598,0.0,0.0,0.6486554961402746
21.167061479650606,0.0,0.0,0.6253504589638493
21.180140437748296,0.0,0.0,0.5709722035179512
21.169229313763612,0.0,0.0,0.48940468315541424
21.127320815876026,0.0,0.0,0.3845322902488797
21.049087804045453,0.0,0.0,0.264123178452657
20.947979565904063,0.0,0.0,0.13982990751306568
20.838819197228798,0.0,0.0,0.02330498572879169
20.75152815810711,0.0,0.0,0.0
20.68880722134133,0.0,0.0,0.0
20.631422129602385,0.0,0.0,0.0
20.580868805372027,0.0,0.0,0.0
20.52438488616017,0.0,0.0,0.0
20.45492969049067,0.0,0.0,0.0
20.37947688740075,0.0,0.0,0.0
20.305653795520605,0.0,0.0,0.0
20.255189289472103,0.0,0.0,0.0
20.251555377865714,0.0,0.0,0.06603079461316425
20.287568898085034,0.0,0.0,0.19420823155580863
20.321976515475175,0.0,0.0,0.318501488776031
20.329773130571155,0.0,0.0,0.4311422274080407
20.330067490222504,0.0,0.0,0.528246356905314
20.344965742224225,0.0,0.0,0.6020455315423757
20.38072512484225,0.0,0.0,0.6447713232775371
20.43033368484511,0.0,0.0,0.652539669003012
20.56826811989766,0.0,0.0,0.9982302855019922
20.69739145009179,0.0,0.0,0.9845631019445262
20.846102626657228,0.0,0.0,1.2825280059594555
20.841532858403422,0.0,0.0,0.7856039890728471
20.642325266414502,0.0,0.0,0.43052751557945146
20.506806713396276,0.0,0.0,0.2525905460662075
20.34365719235197,0.0,0.0,0.050494137460636454
20.199803423516066,0.0,0.0,0.0
20.095635885417753,0.0,0.0,0.0
19.994988975826523,0.0,0.0,0.0
19.894559779450326,0.0,0.0,0.0
19.793946430347948,0.0,0.0,0.0
19.699519352671736,0.0,0.0,0.0
19.611705626758397,0.0,0.0,0.0
19.526768344765166,0.0,0.0,0.0
19.43879493703427,0.0,0.0,0.0
19.376253437242553,0.0,0.0,0.11264076607074763
19.396837812397607,0.0,0.0,0.39586318024761247
19.43903560018194,0.0,0.0,0.5266733611767439
19.520021816800394,0.0,0.0,0.7408353180999618
19.634691779311776,0.0,0.0,0.8428637002573455
19.655072906847465,0.0,0.0,0.6020455315423757
19.68698588690073,0.0,0.0,0.6447713232775371
19.757283547029694,0.0,0.0,0.656423732110798
19.893706876448732,0.0,0.0,1.002114403487254
20.007857827225976,0.0,0.0,0.9133659507649713
20.13212091768975,0.0,0.0,1.1785202379024597
20.147546904361818,0.0,0.0,0.7286661126796733
19.999974152773436,0.0,0.0,0.4268640727155353
19.894100231195345,0.0,0.0,0.26185333186773113
19.729992316478214,0.0,0.0,0.04660997145758338
19.56868602027107,0.0,0.0,0.0
19.439081707005716,0.0,0.0,0.0
19.331311124074674,0.0,0.0,0.0
19.25764700939197,0.0,0.0,0.0
19.21026157728614,0.0,0.0,0.0
19.17571583014969,0.0,0.0,0.0
19.14251868709408,0.0,0.0,0.0
19.104171121914366,0.0,0.0,0.0
19.04893910386183,0.0,0.0,0.0
18.994579553020625,0.0,0.0,0.07379912661927039
18.96920147799757,0.0,0.0,0.19809237697980822
18.989183642365024,0.0,0.0,0.32238566163876853
19.051883659524822,0.0,0.0,0.4389105731335158
19.128447807720388,0.0,0.0,0.5360147026307891
19.194124085300906,0.0,0.0,0.6059296495276374
19.228504018710797,0.0,0.0,0.6486554961402746
19.238495689455934,0.0,0.0,0.656423732110798
19.252000456435393,0.0,0.0,0.6331188046893247
19.27143596051278,0.0,0.0,0.5787404394884745
19.28078688335821,0.0,0.0,0.4971730288808893
19.26326391449087,0.0,0.0,0.39230058109687893
19.20027287973664,0.0,0.0,0.2718915241781321
19.095136439970172,0.0,0.0,0.14759825323854078
18.964238891636835,0.0,0.0,0.027189150016923645
18.841228840723584,0.0,0.0,0.0
18.74265049737209,0.0,0.0,0.0
18.66317427033124,0.0,0.0,0.0
18.614108839418364,0.0,0.0,0.0
18.582385478067295,0.0,0.0,0.0
18.55080826443848,0.0,0.0,0.0
18.517734400283103,0.0,0.0,0.0
18.481690055505844,0.0,0.0,0.0
18.434785966795438,0.0,0.0,0.0
18.418035682352418,0.0,0.0,0.13594576208906606
18.454379625181094,0.0,0.0,0.318501488776031
18.479236567221466,0.0,0.0,0.326269834501506
18.53316279716096,0.0,0.0,0.4427947459962533
18.641816809732006,0.0,0.0,0.5360147026307891
18.77292144600593,0.0,0.0,0.6098138772678509
19.025889737248995,0.0,0.0,1.0810784967753535
19.39721631333674,0.0,0.0,1.6507488151378935
19.81307281892016,0.0,0.0,2.266620077739016
20.030909993560652,0.0,0.0,1.974970659210637
19.888808670108233,0.0,0.0,1.1118843769543947
19.737158015516947,0.0,0.0,0.8258169585436556
19.62616474252053,0.0,0.0,0.4514469423584583
19.561922317195297,0.0,0.0,0.4257902393833434
19.51577258875212,0.0,0.0,0.2598750939824739
19.33452895508737,0.0,0.0,0.0
19.179893038052775,0.0,0.0,0.0
19.047288828965154,0.0,0.0,0.0
18.89804515918509,0.0,0.0,0.0
18.762531081832183,0.0,0.0,0.0
18.659312663702273,0.0,0.0,0.0
18.5936022449699,0.0,0.0,0.0
18.5354839995815,0.0,0.0,0.0
18.44544686746272,0.0,0.0,0.0
18.455297653258977,0.0,0.0,0.43204954231284903
18.430432560234816,0.0,0.0,0.35502584727618247
18.444323002056908,0.0,0.0,0.5570688664267404
18.695454722717777,0.0,0.0,0.827860780444104
19.0964882278626,0.0,0.0,1.3035273089865225
19.66802252971936,0.0,0.0,2.1173449274496314
20.109573416741277,0.0,0.0,2.199319698896417
20.51053524712839,0.0,0.0,2.6893504060127813
20.82352976992322,0.0,0.0,2.4561896336764075
20.874994065014228,0.0,0.0,1.9526014037811357
20.76442054451913,0.0,0.0,1.1900981661577505
20.567762771380767,0.0,0.0,0.7023842313117197
20.427935184262182,0.0,0.0,0.4471149783272889
20.38384236905479,0.0,0.0,0.4357782409176318
20.27850241180053,0.0,0.0,0.13179097392131203
20.097952401776322,0.0,0.0,0.0
19.970972372447953,0.0,0.0,0.0
19.823174390034687,0.0,0.0,0.0
19.669772717123767,0.0,0.0,0.0
19.517188179925796,0.0,0.0,0.0
19.39513018976685,0.0,0.0,0.0
19.309442369078916,0.0,0.0,0.0
19.23407396815551,0.0,0.0,0.0
19.153199526953735,0.0,0.0,0.0
19.197870330640498,0.0,0.0,0.4530327002646408
19.22330101681143,0.0,0.0,0.4166135814983844
19.278349671809572,0.0,0.0,0.6921718458336087
19.5734864098919,0.0,0.0,1.0709758125388313
20.006984872889202,0.0,0.0,1.6055866153446716
20.379256192577287,0.0,0.0,1.5977470451217473
20.72814474084715,0.0,0.0,1.8643049075742697
21.162004858274248,0.0,0.0,2.1760284120555857
21.541854246034475,0.0,0.0,2.376520846123683
21.684350664286697,0.0,0.0,1.8162729116533787
21.56909983330419,0.0,0.0,1.1420066281766876
21.42859207989202,0.0,0.0,0.7689024525910934
21.27574756384755,0.0,0.0,0.46014813367941304
21.175634940348544,0.0,0.0,0.3978415102127166
21.075482907764627,0.0,0.0,0.23589448457102777
20.87981324990922,0.0,0.0,0.0
20.722271028777485,0.0,0.0,0.0
20.60068611576323,0.0,0.0,0.0
20.47154231488258,0.0,0.0,0.0
20.347794830677866,0.0,0.0,0.0
20.232263784177846,0.0,0.0,0.0
20.127379792420953,0.0,0.0,0.0
20.022013991588548,0.0,0.0,0.0
19.911469165745665,0.0,0.0,0.0
19.946057916555002,0.0,0.0,0.4764361735076798
19.97460743197788,0.0,0.0,0.3930579272339796
20.007158189941038,0.0,0.0,0.48369432185347805
20.33956672337119,0.0,0.0,0.9283793405979887
20.844309793959887,0.0,0.0,1.496391599836778
21.379979232127344,0.0,0.0,2.046900684638665
21.86790486952591,0.0,0.0,2.487854092690383
22.25451352359631,0.0,0.0,2.6416508883538103
22.50039683978177,0.0,0.0,2.409495045890564
22.577524685443944,0.0,0.0,1.8238632975647864
22.50398481704214,0.0,0.0,1.161194312124874
22.361906715909548,0.0,0.0,0.7141813504391373
22.2343867605447,0.0,0.0,0.4688007538365852
22.18120773496568,0.0,0.0,0.4421718132209798
22.055712014179573,0.0,0.0,0.16563190022475766
21.85843081685298,0.0,0.0,0.0
21.723992859266687,0.0,0.0,0.0
21.59539294454236,0.0,0.0,0.0
21.470373072430892,0.0,0.0,0.0
21.351099860252354,0.0,0.0,0.0
21.24263798192611,0.0,0.0,0.0
21.142531893253256,0.0,0.0,0.0
21.043136798608778,0.0,0.0,0.0
20.937031688470476,0.0,0.0,0.0038841647168622287
20.986632785274562,0.0,0.0,0.5290156594502541
21.016863517594185,0.0,0.0,0.4080800201914106
21.063561756535233,0.0,0.0,0.4993615875050437
21.4337608719682,0.0,0.0,0.9642760130916201
21.9883071117529,0.0,0.0,1.6240136234041964
22.481423659062553,0.0,0.0,1.8660287354084872
22.927215025371293,0.0,0.0,2.3862195211632478
23.25433981950314,0.0,0.0,2.2800027814083923
23.29940068891559,0.0,0.0,1.6532503418132112
23.276803151810686,0.0,0.0,1.2480955181070046
23.209021256826478,0.0,0.0,0.8040220265074456
23.128434825115928,0.0,0.0,0.637002977552062
23.070016389667202,0.0,0.0,0.4971730288808893
22.955598843847937,0.0,0.0,0.28354398788886886
22.802622860459874,0.0,0.0,0.07768329262232344
22.649666995703008,0.0,0.0,0.0
22.522750971616123,0.0,0.0,0.0
22.40365528789669,0.0,0.0,0.0
22.285082662196537,0.0,0.0,0.0
22.171252567942027,0.0,0.0,0.0
22.060898686871855,0.0,0.0,0.0
21.954509174725256,0.0,0.0,0.0
21.857950526099376,0.0,0.0,0.0
21.772180278071694,0.0,0.0,0.003884164288131948
21.85079320975191,0.0,0.0,0.5114354861752332
21.923634474405297,0.0,0.0,0.41344953850402943
21.977422464658098,0.0,0.0,0.5008532789124233
22.285932770116762,0.0,0.0,0.8594686770474752
22.770929031781634,0.0,0.0,1.488537037592348
23.300001840420606,0.0,0.0,2.0216495353411488
23.734443020787353,0.0,0.0,2.3009176473345327
24.09717619504287,0.0,0.0,2.5015605970207857
24.343808190385218,0.0,0.0,2.2730019899842904
24.339766673462044,0.0,0.0,1.530767563422064
24.240683439752676,0.0,0.0,1.0897362191591176
24.167117647922552,0.0,0.0,0.8083833973673652
24.056708752055656,0.0,0.0,0.5046276151225405
23.937820228013937,0.0,0.0,0.29519650647708157
23.78424735751328,0.0,0.0,0.0815674586253765
23.607718122068043,0.0,0.0,0.0
23.461439403655255,0.0,0.0,0.0
23.332043886927252,0.0,0.0,0.0
23.237859682434056,0.0,0.0,0.0
23.161871482489115,0.0,0.0,0.0
23.077990176709868,0.0,0.0,0.0
22.982857033550417,0.0,0.0,0.0
22.87997219393548,0.0,0.0,0.0
22.790203904733254,0.0,0.0,0.003884164288131948
22.88773067411515,0.0,0.0,0.5478650541538536
22.977993021493322,0.0,0.0,0.46317638749438694
23.023830464213024,0.0,0.0,0.5742313701176828
23.281726210724813,0.0,0.0,0.9082941197028963
23.696476540712382,0.0,0.0,1.5008441029795396
24.144962427925805,0.0,0.0,1.905118224749079
24.585686085517438,0.0,0.0,2.378091813984312
24.902923976097497,0.0,0.0,2.2019750001888054
24.989554282991758,0.0,0.2610283453640133,2.1399907536129734
25.0,0.0,0.37441109050652205,1.8103767176514731
25.0,0.0,0.1111698006279443,1.0826802035804404
24.952715977096915,0.0,0.0,0.7706966101125815
24.817849179081797,0.0,0.0,0.5553350818544035
24.64652722718797,0.0,0.0,0.29908065190108113
24.47322339718999,0.0,0.0,0.0854516177687451
24.331513194349526,0.0,0.0,0.0
24.23584094765011,0.0,0.0,0.0
24.148409000427826,0.0,0.0,0.0
24.052575370888718,0.0,0.0,0.0
23.95187137688645,0.0,0.0,0.0
23.86474605216904,0.0,0.0,0.0
23.791867060493367,0.0,0.0,0.0
23.72157684110975,0.0,0.0,0.0
23.672126649507756,0.0,0.0,0.08776169071285234
23.743332839182074,0.0,0.0,0.4866322811087737
23.79631989587252,0.0,0.0,0.42647439788635527
23.86186489091167,0.0,0.0,0.5378654707501699
24.166722266337345,0.0,0.0,0.8672339402167434
24.6170206848322,0.0,0.0,1.3489313286317932
24.929957554855672,0.0,0.42565382288409936,1.948984379842591
25.0,0.0,0.9439972472404284,2.3044839706782585
25.0,0.0,1.2297649007371527,2.277391918359448
25.0,0.0,1.3551841360804813,2.1025941445490974
25.0,0.0,1.4128323058054149,1.8897135203795676
25.0,0.0,1.064784365771419,1.1272597569185616
25.0,0.0,0.8070705993268832,0.720798856550514
25.0,0.0,0.6055926228884588,0.49321063367871
25.0,0.0,0.5640813403102948,0.509073377263974
25.0,0.0,0.17915622080107924,0.07379912661927039
24.97242695204415,0.0,0.0,0.0
24.865871154713204,0.0,0.0,0.0
24.732984831530096,0.0,0.0,0.0
24.633379582133113,0.0,0.0,0.0
24.547226143351594,0.0,0.0,0.0
24.469824966422987,0.0,0.0,0.0
24.39439820408498,0.0,0.0,0.0
24.31327433413098,0.0,0.0,0.0
24.214854002323342,0.0,0.0,0.007768328576263896
24.260183484438294,0.0,0.0,0.5438480409009673
24.273986787627436,0.0,0.0,0.41315991214953296
24.280966119385575,0.0,0.0,0.4998573059170545
24.593285522151795,0.0,0.0,0.9463474166019993
24.90566280188924,0.0,0.35910442825786754,1.546915030732101
25.0,0.0,0.8145624524224776,1.8414799405970301
25.0,0.0,1.2676407594994412,2.217437053010864
25.0,0.0,1.4384550408114025,2.1569399457700063
25.0,0.0,1.4606762823505737,1.892012042666227
25.0,0.0,1.3677318259510098,1.4702210767409212
25.0,0.0,1.2946070813107184,1.2023027328444171
25.0,0.0,0.9724090142054936,0.6936490400407602
25.0,0.0,0.7121846532640079,0.4613860469722479
25.0,0.0,0.5662752408717562,0.43795553353378824
25.0,0.0,0.14431887514700872,0.10220098151106917
24.916948214162666,0.0,0.0,0.0
24.742510669467976,0.0,0.0,0.0
24.579117991245614,0.0,0.0,0.0
24.44924862449941,0.0,0.0,0.0
24.345408964094485,0.0,0.0,0.0
24.256174298653484,0.0,0.0,0.0
24.167930675076114,0.0,0.0,0.0
24.069202966238034,0.0,0.0,0.0
23.95833061481438,0.0,0.0,0.011652492864395845
23.954668800936464,0.0,0.0,0.3858134362795528
24.003648475146907,0.0,0.0,0.46188516448867356
24.09521290217286,0.0,0.0,0.5234271698921784
24.4177602326209,0.0,0.0,0.8732863023740806
24.822126905192835,0.0,0.2547407805323908,1.521429872415604
25.0,0.0,0.7314906303576006,1.9021440265630245
25.0,0.0,1.0975209103622425,2.170419424677188
25.0,0.0,1.3408810820804502,2.347368255240464
25.0,0.0,1.5255946117971648,2.409257616358624
25.0,0.0,1.3614435526518032,1.8433661049802608
25.0,0.0,0.9925571990858751,1.1709726790372212
25.0,0.0,0.652428149250053,0.7341070796105974
25.0,0.0,0.34661100957195023,0.46609975573394075
25.0,0.0,0.002304114441964581,0.17478740840022777
24.8783264987586,0.0,0.0,0.08933578377179818
24.681684516439702,0.0,0.0,0.0
24.534243180905392,0.0,0.0,0.0
24.40437466663184,0.0,0.0,0.0
24.301173775577304,0.0,0.0,0.0
24.218804230741554,0.0,0.0,0.0
24.156217660791,0.0,0.0,0.0
24.10406895649404,0.0,0.0,0.0
24.052758788075238,0.0,0.0,0.0
24.00246243310235,0.0,0.0,0.015536657152527791
23.990637661390018,0.0,0.0,0.19032405869307104
24.01735949922265,0.0,0.0,0.35734313508719273
24.030801052464156,0.0,0.0,0.35345898966319306
24.079416253453225,0.0,0.0,0.46609975573394075
24.16452205278982,0.0,0.0,0.5593196300522627
24.24183913320102,0.0,0.0,0.6292346867040627
24.30191588158486,0.0,0.0,0.6680763055764865
24.32884151116206,0.0,0.0,0.6797287692872235
24.32675434647092,0.0,0.0,0.656423732110798
24.289406362225172,0.0,0.0,0.6020455315423757
24.21799301028937,0.0,0.0,0.5204780660573147
24.1151452271969,0.0,0.0,0.41560559083456633
23.990335769296777,0.0,0.0,0.29908065190108113
23.858786803798594,0.0,0.0,0.17478740840022777
23.737575443105598,0.0,0.0,0.05437830003384729
23.642485642935178,0.0,0.0,0.0
23.573159518289852,0.0,0.0,0.0
23.51071160727507,0.0,0.0,0.0
23.431633897454432,0.0,0.0,0.0
23.342018461869312,0.0,0.0,0.0
23.254350919542055,0.0,0.0,0.0
23.17262473490601,0.0,0.0,0.0
23.103973153369324,0.0,0.0,0.0
23.055121540781887,0.0,0.0,0.015536657152527791
23.071771087513675,0.0,0.0,0.2058607089859144
23.16852358260987,0.0,0.0,0.46236148056506154
23.270819377550012,0.0,0.0,0.6128182965617144
23.433898599147128,0.0,0.0,0.9109012842629918
23.732296171781766,0.0,0.0,1.446789615833307
23.85987129090482,0.0,0.0,1.0916765823930012
23.96489325864375,0.0,0.0,1.3219463442739743
24.132533192701278,0.0,0.0,1.3564230257793004
24.08160749667756,0.0,0.0,1.0665716462726513
23.953627517736454,0.0,0.0,0.955504438889355
23.738675439139357,0.0,0.0,0.5204780660573147
23.638143142608946,0.0,0.0,0.7418754253360725
23.64312145450188,0.0,0.0,0.5508089746132994
23.64507542250826,0.0,0.0,0.5122637562471272
23.560568321820313,0.0,0.0,0.09710411577790432
23.3849711979435,0.0,0.0,0.0
23.267215774384297,0.0,0.0,0.0
23.131420775707696,0.0,0.0,0.0
23.01856085146522,0.0,0.0,0.0
22.9222296842341,0.0,0.0,0.0
22.842867895421108,0.0,0.0,0.0
22.770210870792702,0.0,0.0,0.0
22.693126310254613,0.0,0.0,0.0
22.62794567088585,0.0,0.0,0.08252188944446562
22.710751955183085,0.0,0.0,0.6160571020188362
22.748019739878742,0.0,0.0,0.4660911020807137
22.777812765355954,0.0,0.0,0.5469287273390933
23.092895422722986,0.0,0.0,0.9289637282056009
23.57394310315469,0.0,0.0,1.506685779771541
23.914070194070035,0.0,0.0,1.4913864582508427
24.123489169333737,0.0,0.0,1.697570357136206
24.422257510373413,0.0,0.0,2.1724795780475477
24.586111179051862,0.0,0.0,1.901295918057031
24.581863663338574,0.0,0.0,1.4791188988920374
24.510921575438203,0.0,0.0,1.0018957774759596
24.43855397049847,0.0,0.0,0.863873515469535
24.32571609090489,0.0,0.0,0.5365302206078489
24.175240409243074,0.0,0.0,0.3933534428655965
24.005519807750765,0.0,0.0,0.11652493893348519
23.8142592801049,0.0,0.0,0.0
23.68983924798753,0.0,0.0,0.0
23.5957196151029,0.0,0.0,0.0
23.534512160875963,0.0,0.0,0.0
23.487890913529533,0.0,0.0,0.0
23.444575430090897,0.0,0.0,0.0
23.391383102219123,0.0,0.0,0.0
23.33370375664847,0.0,0.0,0.0
23.2854470123514,0.0,0.0,0.01942082315558086
23.298426923603543,0.0,0.0,0.20974488184865195
23.418381994361496,0.0,0.0,0.5118766473786756
23.56897669839232,0.0,0.0,0.6354796018864025
23.8253452517964,0.0,0.0,0.9664721965266692
24.207451647551274,0.0,0.0,1.3873065231679276
24.58399501099406,0.0,0.0,1.748407064715584
24.88527805917082,0.0,0.31856977238636724,2.421677420348965
25.0,0.0,0.19990721932266348,1.7214363359409102
25.0,0.0,0.1643801994088992,1.3342929760687674
25.0,0.0,0.037178259260270144,0.9806306209192005
25.0,0.0,0.109926491139607,1.1142227680580858
24.958285314495036,0.0,0.0,0.8211399214738729
24.818699545959362,0.0,0.0,0.5721864139099478
24.621197104054346,0.0,0.0,0.2908751443865838
24.43838326619739,0.0,0.0,0.12040909807685375
24.290593609978966,0.0,0.0,0.0
24.188038661543736,0.0,0.0,0.0
24.107102086646705,0.0,0.0,0.0
24.024015355887094,0.0,0.0,0.0
23.944235250028107,0.0,0.0,0.0
23.87008421382889,0.0,0.0,0.0
23.79833906543964,0.0,0.0,0.0
23.716951505765273,0.0,0.0,0.0
23.621009702377524,0.0,0.0,0.01942082315558086
23.659478849093546,0.0,0.0,0.5333061217294114
23.684570541180488,0.0,0.0,0.4538933748119838
23.713731552785696,0.0,0.0,0.5894108377494036
24.005092296484747,0.0,0.0,0.9474922097944622
24.39830142737594,0.0,0.0,1.2947227174355214
24.797259407751366,0.0,0.10936480714296824,1.7807561497031597
25.0,0.0,0.6292957525703726,2.276357102642715
25.0,0.0,0.7872691305751747,1.8844567103250502
25.0,0.0,1.0392706525765971,1.9073106504450914
25.0,0.0,1.1145945537550221,1.6751247349595384
25.0,0.0,0.8428798241552512,1.1110363282583808
25.0,0.0,0.4804574695918887,0.7535278341693336
25.0,0.0,0.10096490236487524,0.5398988754935266
24.85870975606761,0.0,0.0,0.28742816075160643
24.60307874629276,0.0,0.0,0.062146628610111165
24.439341828271168,0.0,0.0,0.0
24.366624368096478,0.0,0.0,0.0
24.33009654099118,0.0,0.0,0.0
24.30340989954299,0.0,0.0,0.0
24.2706074084465,0.0,0.0,0.0
24.218991195197745,0.0,0.0,0.0
24.14599795772323,0.0,0.0,0.0
24.064065902187664,0.0,0.0,0.0
23.987371551324443,0.0,0.0,0.02330498572879169
23.973483534891432,0.0,0.0,0.20974488184865195
24.023743097984955,0.0,0.0,0.37522450558918197
24.111042802363254,0.0,0.0,0.5342326041119022
24.249351113680813,0.0,0.0,0.6845533920555524
24.354371295150095,0.0,0.0,0.5670879757777377
24.460337045882127,0.0,0.0,0.637002977552062
24.679872545323274,0.0,0.0,1.0020831458180088
24.909383988673664,0.0,0.11565863887913615,1.3473815601899521
25.0,0.0,0.6506531229131036,1.9012669730952534
25.0,0.0,0.700237473381874,1.3866303540898481
25.0,0.0,0.6235280740807503,1.0483748677052351
25.0,0.0,0.27995768351568484,0.6733413438716085
24.944110308042156,0.0,0.0,0.46576183658830567
24.73308610917001,0.0,0.0,0.326269834501506
24.473475932937518,0.0,0.0,0.06603079461316425
24.35210861244508,0.0,0.0,0.0
24.31982051360019,0.0,0.0,0.0
24.29027817307845,0.0,0.0,0.0
24.224884657854687,0.0,0.0,0.0
24.12015052940197,0.0,0.0,0.0
24.013153035287083,0.0,0.0,0.0
23.91601485883883,0.0,0.0,0.0
23.83210050872261,0.0,0.0,0.0
23.764408048223558,0.0,0.0,0.027189150016923645
23.78663664224404,0.0,0.0,0.3032649232616271
23.863630546063447,0.0,0.0,0.4365434453449637
23.97301966854681,0.0,0.0,0.6015308647429145
24.193311587664144,0.0,0.0,0.8912166632404521
24.569210643237955,0.0,0.0,1.4130737526500214
24.903423445587567,0.0,0.1073590386165597,1.6999328757314043
25.0,0.0,0.7880069525072112,2.4355371848097906
25.0,0.0,0.9457569805564142,2.078409498614883
25.0,0.0,0.6444810772622198,1.150686747596702
25.0,0.0,0.8898756407897114,1.4993421377876728
25.0,0.0,0.885678648140456,1.2949599636683513
25.0,0.0,0.6323011375261316,0.771009971472875
25.0,0.0,0.5233972995736581,0.6104286705872893
25.0,0.0,0.46191511038483846,0.5106256556125429
25.0,0.0,0.12316548775664057,0.10875660006769458
24.946664156438274,0.0,0.0,0.0
24.82364862738408,0.0,0.0,0.0
24.693559287612214,0.0,0.0,0.0
24.584655481415766,0.0,0.0,0.0
24.48935684915835,0.0,0.0,0.0
24.397533052301945,0.0,0.0,0.0
24.309227952184855,0.0,0.0,0.0
24.226411230220766,0.0,0.0,0.0
24.163242201271377,0.0,0.0,0.031073314305055583
24.178242183778217,0.0,0.0,0.240792893033721
24.30995914356211,0.0,0.0,0.5431905704196268
24.43244455368884,0.0,0.0,0.5363194432563728
24.658764001230864,0.0,0.0,0.8630437302387104
24.927838462668433,0.0,0.3839646501944824,1.488729134502671
25.0,0.0,0.9836794581608652,2.020515034346865
25.0,0.0,1.3652224969059332,2.167489777370542
25.0,0.0,1.6844884204381134,2.3391450202387123
25.0,0.0,1.7751162701538608,2.136894770188078
25.0,0.0,1.6112373426545186,1.6284807590274215
25.0,0.0,1.4007876645239512,1.256123138539945
25.0,0.0,1.0209744365675335,0.745182710298349
25.0,0.0,0.7557033367683632,0.49780843336122255
25.0,0.0,0.48448040650597257,0.29908065190108113
25.0,0.0,0.14434034337966295,0.06991495375653284
24.939285130398346,0.0,0.0,0.0
24.797244487516863,0.0,0.0,0.0
24.67306460905494,0.0,0.0,0.0
24.608592116553094,0.0,0.0,0.0
24.57176625283995,0.0,0.0,0.0
24.538833491295605,0.0,0.0,0.0
24.50304588427879,0.0,0.0,0.0
24.466848075685036,0.0,0.0,0.0
24.43503884414146,0.0,0.0,0.015536658867448915
24.440612205998875,0.0,0.0,0.12429325722022233
24.49402452149163,0.0,0.0,0.24470234157770712
24.566980819804,0.0,0.0,0.36511148081266775
24.728970388520246,0.0,0.0,0.7535278341693336
24.911014609937652,0.0,0.0,0.8400179373933931
24.984930176065763,0.0,0.2228660253848971,1.009061074045325
25.0,0.0,0.492440264387357,1.1163864907366627
25.0,0.0,0.7155727468960361,1.14382259337363
25.0,0.0,1.0954832717261078,1.5442365922050587
25.0,0.0,1.1910066167814106,1.3921891883977566
25.0,0.0,1.0764867466025883,1.0514960316274062
25.0,0.0,0.8804853539644844,0.7578462831698684
25.0,0.0,0.6934645016916168,0.5545120944052725
25.0,0.0,0.47378545710331105,0.335915145586968
25.0,0.0,0.20839160158357117,0.14371408037580322
24.981167000328675,0.0,0.0,0.0
24.886581662687576,0.0,0.0,0.0
24.766244739036022,0.0,0.0,0.0
24.676686024872346,0.0,0.0,0.0
24.586255484446944,0.0,0.0,0.0
24.48812715379114,0.0,0.0,0.0
24.381925804075465,0.0,0.0,0.0
24.28050961200205,0.0,0.0,0.0
24.204277156266016,0.0,0.0,0.03107331773489783
24.36325457119608,0.0,0.0,0.7443711229010447
24.48335706552083,0.0,0.0,0.5555121357176857
24.483390029636894,0.0,0.0,0.5610364821735578
24.69686508042561,0.0,0.0,0.87746348681755
24.92154327591348,0.0,0.2785540256066856,1.3972640272908623
25.0,0.0,0.8123344136376222,1.8902436021111375
25.0,0.0,0.9679383796794879,1.652341157563451
25.0,0.0,1.4927116009415233,2.231169780733297
25.0,0.0,1.447675674777072,1.7562813782871964
25.0,0.0,1.516121394624772,1.701092841361792
25.0,0.0,1.2714889686061037,1.1960664992920318
25.0,0.0,0.9480331118923964,0.7517303171569402
25.0,0.0,0.7171001189667165,0.5073621084497867
25.0,0.0,0.6810141537178586,0.5742818946849297
25.0,0.0,0.466526314791182,0.4621602211104016
25.0,0.0,0.0022216833044512896,0.0
24.88569151465397,0.0,0.0,0.0
24.716900354634696,0.0,0.0,0.0
24.602466089946702,0.0,0.0,0.0
24.485748236012356,0.0,0.0,0.0
24.367087553751123,0.0,0.0,0.0
24.238897705315747,0.0,0.0,0.0
24.112069613481935,0.0,0.0,0.0
24.062799867099848,0.0,0.0,0.18191750398494314
24.19399455025379,0.0,0.0,0.6310017649092555
24.27333079301708,0.0,0.0,0.4563331869987674
24.317677302798394,0.0,0.0,0.5341254623511973
24.531587767892926,0.0,0.0,0.7608096156043158
24.830278099086737,0.0,0.1367824278423844,1.356881476273323
25.0,0.0,0.45467068338448974,1.6239936051822985
25.0,0.0,0.9560208542319337,2.091840954597383
25.0,0.0,1.3015740809855276,2.2518579806572228
25.0,0.0,1.476656566628638,2.072557947591582
25.0,0.0,1.476528070660004,1.6519389105016968
25.0,0.0,1.3049601247016591,1.1159838153008572
25.0,0.0,1.0470446381849292,0.7183749747656577
25.0,0.0,0.8279433343218261,0.5144244312321499
25.0,0.0,0.7427697794655008,0.5645358176666627
25.0,0.0,0.6815713937651243,0.756569952952373
25.0,0.0,0.06271138087272346,0.0
24.900517900849266,0.0,0.0,0.0
24.734798739455748,0.0,0.0,0.0
24.60310464069896,0.0,0.0,0.0
24.47568854580902,0.0,0.0,0.0
24.35622142702617,0.0,0.0,0.0
24.252218097463093,0.0,0.0,0.0
24.16822002171148,0.0,0.0,0.0
24.12173570069979,0.0,0.0,0.03884164631116172
24.158535323043687,0.0,0.0,0.22528153214149527
24.250991881093924,0.0,0.0,0.39230058109687893
24.39363734924804,0.0,0.0,0.5826246672286879
24.571313740786053,0.0,0.0,0.6959935063379001
24.771326025385903,0.0,0.0,0.9088944742914561
24.870025018724398,0.0,0.0,0.6447713232775371
24.905016542900213,0.0,0.0,0.6836129421499608
24.96384597744226,0.0,0.0,0.6952654058606978
24.96666139676665,0.0,0.0,0.6719604235617483
24.948228568649526,0.0,0.0,0.6175821132383743
24.903265623514837,0.0,0.0,0.5398988754935266
24.901125715889442,0.0,0.0,0.691381287875436
24.878766992290295,0.0,0.0,0.5632038577924761
24.768652524403606,0.0,0.0,0.3107331704892938
24.633881937612667,0.0,0.0,0.07768329262232344
24.517917666259997,0.0,0.0,0.0
24.439359513067217,0.0,0.0,0.0
24.36867533440164,0.0,0.0,0.0
24.297845121140988,0.0,0.0,0.0
24.212965660797423,0.0,0.0,0.0
24.096941628954887,0.0,0.0,0.0
23.95261348914982,0.0,0.0,0.0
23.796957189986593,0.0,0.0,0.0
23.663432025819667,0.0,0.0,0.01942082315558086
23.58919119559736,0.0,0.0,0.12817743008295993
23.5673049917713,0.0,0.0,0.25247068730318223
23.567769811404293,0.0,0.0,0.37287977166066705
23.578929357915086,0.0,0.0,0.481636392307415
23.593728199296415,0.0,0.0,0.5748563215032129
23.603586646968466,0.0,0.0,0.6447713232775371
23.605079401695505,0.0,0.0,0.6874971150126985
23.595129184268167,0.0,0.0,0.6952654058606978
23.57032483873377,0.0,0.0,0.6719604235617483
23.53056555149619,0.0,0.0,0.6214663409785876
23.472466350470235,0.0,0.0,0.5398988754935266
23.388806053363798,0.0,0.0,0.4389105731335158
23.277339426548014,0.0,0.0,0.32238566163876853
23.14776282554433,0.0,0.0,0.20197654984254582
23.021080020870738,0.0,0.0,0.0815674586253765
22.909506290645627,0.0,0.0,0.003884164288131948
22.819540560597105,0.0,0.0,0.0
22.739634655797527,0.0,0.0,0.0
22.645367428278437,0.0,0.0,0.0
22.533570136193134,0.0,0.0,0.0
22.40588820644657,0.0,0.0,0.0
22.270578497735297,0.0,0.0,0.0
22.144453377299424,0.0,0.0,0.0
22.060630317195212,0.0,0.0,0.04272580888437255
22.072499454935624,0.0,0.0,0.24858651444044466
22.15660653474817,0.0,0.0,0.44667891885899086
22.277259514839947,0.0,0.0,0.656423732110798
22.40076269607615,0.0,0.0,0.728592770917489
22.549730494765765,0.0,0.0,0.9386083667190226
22.740712646766518,0.0,0.0,1.1317344319375255
22.884038634552994,0.0,0.0,1.1321328924007945
22.93596133996543,0.0,0.0,0.9354181673883315
22.892362170615762,0.0,0.0,0.6758445964244858
22.913368425094507,0.0,0.0,0.9826935940510418
22.92002737091089,0.0,0.0,0.858400281953344
22.77248326872623,0.0,0.0,0.4389105731335158
22.662172891844236,0.0,0.0,0.326269834501506
22.586757793476796,0.0,0.0,0.20197654984254582
22.47853736206746,0.0,0.0,0.0815674586253765
22.36028094021532,0.0,0.0,0.003884164288131948
22.242429755224343,0.0,0.0,0.0
22.136340548110017,0.0,0.0,0.0
22.039806012296587,0.0,0.0,0.0
21.952561657883745,0.0,0.0,0.0
21.87195232230888,0.0,0.0,0.0
21.79637433200142,0.0,0.0,0.0
21.719192696929905,0.0,0.0,0.0
21.637640451278404,0.0,0.0,0.02330498572879169
21.57281174672112,0.0,0.0,0.1320615892263285
21.536198809925697,0.0,0.0,0.25635486016591985
21.528415637766443,0.0,0.0,0.3767639170846668
21.55441659362735,0.0,0.0,0.48552056517015274
21.600215795140823,0.0,0.0,0.5787404394884745
21.64952867300204,0.0,0.0,0.6486554961402746
21.684775064738123,0.0,0.0,0.6874971150126985
21.703226610754793,0.0,0.0,0.6991496336009111
21.69965649742047,0.0,0.0,0.6758445964244858
21.672470701799817,0.0,0.0,0.6214663409785876
21.63351020832692,0.0,0.0,0.5437830483562642
21.652706470170443,0.0,0.0,0.6991496336009111
21.660938745316134,0.0,0.0,0.5748563215032129
21.58224924994765,0.0,0.0,0.32238566163876853
21.472109572743427,0.0,0.0,0.13594576208906606
21.340005603470114,0.0,0.0,0.003884164288131948
21.229706082384478,0.0,0.0,0.0
21.144699309956657,0.0,0.0,0.0
21.079842240848123,0.0,0.0,0.0
21.032718566629757,0.0,0.0,0.0
20.984089110880355,0.0,0.0,0.0
20.923957090868257,0.0,0.0,0.0
20.85307503148585,0.0,0.0,0.0
20.788234147173263,0.0,0.0,0.02330498572879169
20.751411120945576,0.0,0.0,0.13594576208906606
20.7529967086696,0.0,0.0,0.25635486016591985
20.797472027110533,0.0,0.0,0.3767639170846668
20.88861368932677,0.0,0.0,0.48552056517015274
20.99766672783066,0.0,0.0,0.5787404394884745
21.094524586398528,0.0,0.0,0.6486554961402746
21.161015538347115,0.0,0.0,0.6874971150126985
21.200988203639305,0.0,0.0,0.6991496336009111
21.22359491237141,0.0,0.0,0.6758445964244858
21.230258342232418,0.0,0.0,0.6253504589638493
21.22272079628403,0.0,0.0,0.5437830483562642
21.20160852327387,0.0,0.0,0.4427947459962533
21.163733522914587,0.0,0.0,0.33015397992550566
21.0996487542444,0.0,0.0,0.2058607089859144
21.005621026369624,0.0,0.0,0.13594576208906606
20.86151723215957,0.0,0.0,0.007768328576263896
20.70884090494058,0.0,0.0,0.0
20.581935616318418,0.0,0.0,0.0
20.47019256233633,0.0,0.0,0.0
20.38017595540154,0.0,0.0,0.0
20.300943115639427,0.0,0.0,0.0
20.227051996921453,0.0,0.0,0.0
20.15449163041087,0.0,0.0,0.0
20.09320286620545,0.0,0.0,0.02330498572879169
20.071671064476934,0.0,0.0,0.13594576208906606
20.09761284061804,0.0,0.0,0.25635486016591985
20.215354687168443,0.0,0.0,0.5942771858169007
20.39154270856848,0.0,0.0,0.7415478886294915
20.69291275465153,0.0,0.0,1.25485131852879
21.083229861901437,0.0,0.0,1.5425443500983433
21.463169253103796,0.0,0.0,1.8042379729629772
21.853552799756173,0.0,0.0,1.99618219722407
22.186548353348222,0.0,0.0,2.1428119699001384
22.27242628190688,0.0,0.0,1.5717983677446363
22.16308387237351,0.0,0.0,1.0948359139158654
22.07008560858086,0.0,0.0,0.7495397551718187
22.02285842288122,0.0,0.0,0.5915127390883622
22.058750018473155,0.0,0.0,0.584397209802234
22.09625916894458,0.0,0.0,0.7095781855931195
21.861747190543674,0.0,0.0,0.003884164288131948
21.592978166667727,0.0,0.0,0.0
21.470813292725758,0.0,0.0,0.0
21.337393680798822,0.0,0.0,0.0
21.24911577982003,0.0,0.0,0.0
21.1580358119865,0.0,0.0,0.0
21.070599022983508,0.0,0.0,0.0
20.99377280824295,0.0,0.0,0.0
20.96040111344287,0.0,0.0,0.04660997145758338
21.031959948923276,0.0,0.0,0.25635486016591985
21.19650011576846,0.0,0.0,0.48445744346242486
21.372296152317123,0.0,0.0,0.5686942149874736
21.587084908862305,0.0,0.0,0.7447454651594426
21.84350448739967,0.0,0.0,0.920546938002193
22.08802967887293,0.0,0.0,1.0293036684038925
22.358149497899596,0.0,0.0,1.2775556800175067
22.647085700906203,0.0,0.0,1.548572760251455
22.70167025231031,0.0,0.0,1.0146428021439289
22.678838378583862,0.0,0.0,1.0040843529345875
22.69897357484784,0.0,0.0,0.8661686276788189
22.59863921570328,0.0,0.0,0.44667891885899086
22.538886439690152,0.0,0.0,0.33015397992550566
22.49941586403346,0.0,0.0,0.20974488184865195
22.36398880289522,0.0,0.0,0.08933578377179818
22.145082768814483,0.0,0.0,0.003884164288131948
21.911799816319125,0.0,0.0,0.0
21.712278395264523,0.0,0.0,0.0
21.583367714226267,0.0,0.0,0.0
21.52147583941219,0.0,0.0,0.0
21.480506461309552,0.0,0.0,0.0
21.447680655206696,0.0,0.0,0.0
21.414880620387923,0.0,0.0,0.0
21.382750905511674,0.0,0.0,0.027189150016923645
21.374636827789935,0.0,0.0,0.13594576208906606
21.391296126067743,0.0,0.0,0.26023903302865736
21.42809368301915,0.0,0.0,0.38064811738614207
21.488756078672996,0.0,0.0,0.48940468315541424
21.558082694878593,0.0,0.0,0.5826246672286879
21.624948649901455,0.0,0.0,0.652539669003012
21.676390554905083,0.0,0.0,0.691381287875436
21.712694291657144,0.0,0.0,0.7030337515861728
21.745930940970517,0.0,0.0,0.6797287692872235
21.76979623326392,0.0,0.0,0.6253504589638493
21.776559263168416,0.0,0.0,0.5476671663415258
21.753808543146768,0.0,0.0,0.44667891885899086
21.697378109524443,0.0,0.0,0.3340381527882432
21.614471100851222,0.0,0.0,0.21362904099202054
21.507755289758748,0.0,0.0,0.09321994291516676
21.39341171833613,0.0,0.0,0.003884164288131948
21.299611653602145,0.0,0.0,0.0
21.232877338853907,0.0,0.0,0.0
21.191807927138548,0.0,0.0,0.0
21.168168936482573,0.0,0.0,0.0
21.146173277167982,0.0,0.0,0.0
21.120745742216748,0.0,0.0,0.0
21.087757686740094,0.0,0.0,0.0
21.057679372118777,0.0,0.0,0.027189150016923645
21.055492432191215,0.0,0.0,0.13982990751306568
21.081604558848262,0.0,0.0,0.26023903302865736
21.12884321305971,0.0,0.0,0.38064811738614207
21.192532616186746,0.0,0.0,0.48940468315541424
21.25951043600091,0.0,0.0,0.5826246672286879
21.322824772402942,0.0,0.0,0.652539669003012
21.36705286653389,0.0,0.0,0.691381287875436
21.394241368046607,0.0,0.0,0.7030337515861728
21.411929317458657,0.0,0.0,0.6797287692872235
21.422439792108122,0.0,0.0,0.6292346867040627
21.41735016534979,0.0,0.0,0.5476671663415258
21.391189806942077,0.0,0.0,0.45056306428299053
21.34654868172182,0.0,0.0,0.3340381527882432
21.286830631963447,0.0,0.0,0.21362904099202054
21.233205450448022,0.0,0.0,0.09321994291516676
21.199227110966604,0.0,0.0,0.007768328576263896
21.19249686877535,0.0,0.0,0.0
21.18829642271264,0.0,0.0,0.0
21.162904165065598,0.0,0.0,0.0
21.133386656740687,0.0,0.0,0.0
21.104540051796047,0.0,0.0,0.0
21.08122911482773,0.0,0.0,0.0
21.068953109348197,0.0,0.0,0.0
21.06918133965917,0.0,0.0,0.027189150016923645
21.12909555940918,0.0,0.0,0.21751320013538916
21.246855742342834,0.0,0.0,0.4078372725478292
21.347591687457246,0.0,0.0,0.38064811738614207
21.470514519697375,0.0,0.0,0.48940468315541424
21.625959240977163,0.0,0.0,0.5826246672286879
21.75219243224995,0.0,0.0,0.652539669003012
21.837154504858326,0.0,0.0,0.691381287875436
21.89481211683337,0.0,0.0,0.7030337515861728
22.018101612248856,0.0,0.0,0.9377955711376675
22.16949255684089,0.0,0.0,0.9716156857425714
22.34910797771064,0.0,0.0,1.1594143631596916
22.3916037898308,0.0,0.0,0.7133615418805577
22.314872475539836,0.0,0.0,0.5209766672977094
22.27269099247681,0.0,0.0,0.40395309968509163
22.15490528593159,0.0,0.0,0.18643988583033352
22.00250945198605,0.0,0.0,0.007768328576263896
21.865838962857307,0.0,0.0,0.0
21.741007145154107,0.0,0.0,0.0
21.607399943204477,0.0,0.0,0.0
21.48535672235046,0.0,0.0,0.0
21.392194231686332,0.0,0.0,0.0
21.334829683864495,0.0,0.0,0.0
21.291988695863637,0.0,0.0,0.0
21.315391266160226,0.0,0.0,0.2838770911781093
21.484192154178142,0.0,0.0,0.8124632690678754
21.5545307619727,0.0,0.0,0.6293990338383378
21.570113666569576,0.0,0.0,0.592844876873421
21.830445516488805,0.0,0.0,0.9114645169719036
22.237710349404267,0.0,0.0,1.3109598978073562
22.69713201942837,0.0,0.0,1.8031798749614156
23.074385250750108,0.0,0.0,1.9617264276532487
23.398920888997864,0.0,0.0,2.254318187630679
23.644560941902704,0.0,0.0,2.0720184004047013
23.654634481566383,0.0,0.0,1.439582676254215
23.616220139410217,0.0,0.0,1.1410072783293703
23.550974304522562,0.0,0.0,0.8053111502637978
23.469000460054374,0.0,0.0,0.6324564740074252
23.39121626054436,0.0,0.0,0.39230058109687893
23.274890178431868,0.0,0.0,0.1709032355374902
23.170279315677202,0.0,0.0,0.011652492864395845
23.092988394490668,0.0,0.0,0.0
23.025253136676774,0.0,0.0,0.0
22.929852822595436,0.0,0.0,0.0
22.82820165205562,0.0,0.0,0.0
22.732224121100487,0.0,0.0,0.0
22.654617792415976,0.0,0.0,0.0
22.60488885597542,0.0,0.0,0.0
22.605732673415357,0.0,0.0,0.054378296604005054
22.702319682261496,0.0,0.0,0.26023903302865736
22.92402822735961,0.0,0.0,0.6136076567730687
23.11162573957447,0.0,0.0,0.6106680603366487
23.35191487710305,0.0,0.0,0.9513406892742367
23.715125281434666,0.0,0.0,1.3748268236902164
23.951484693088375,0.0,0.0,1.4745403308162957
24.139867425988655,0.0,0.0,1.776706017880803
24.43231039004143,0.0,0.0,2.297029663402352
24.482519346935824,0.0,0.0,1.6285011258164248
24.490703139429858,0.0,0.0,1.61721863824504
24.534010512225194,0.0,0.0,1.1983406893869186
24.366868008404353,0.0,0.0,0.697338022770287
24.22751549703654,0.0,0.0,0.5293066929451957
24.09577740203782,0.0,0.0,0.4078372725478292
23.927624860315916,0.0,0.0,0.18643988583033352
23.747436493668047,0.0,0.0,0.011652492864395845
23.614062991189773,0.0,0.0,0.0
23.535692433707375,0.0,0.0,0.0
23.48306981524002,0.0,0.0,0.0
23.440538746289988,0.0,0.0,0.0
23.397414239956678,0.0,0.0,0.0
23.343626838165356,0.0,0.0,0.0
23.28506521508018,0.0,0.0,0.0
23.25581982769646,0.0,0.0,0.05437830003384729
23.299053550478654,0.0,0.0,0.24858651444044466
23.40508341425711,0.0,0.0,0.4583314100084655
23.54627188956721,0.0,0.0,0.6719604235617483
23.673061576324304,0.0,0.0,0.7000337052519257
23.824903824429022,0.0,0.0,0.9212965080404101
24.027023992589502,0.0,0.0,1.1684867623840753
24.210334326581005,0.0,0.0,1.3458579454618627
24.616311386472695,0.0,0.0,2.3731917119697785
24.814695008407703,0.0,0.0,1.7921333066249112
24.788936388158596,0.0,0.0,1.6533949390846587
24.724801902416278,0.0,0.0,1.0495190738832432
24.568730122107688,0.0,0.0,0.9119107269331614
24.473259541237955,0.0,0.0,0.60674378424809
24.376986913729226,0.0,0.0,0.5995596700654552
24.217064624381543,0.0,0.0,0.19420823155580863
23.98435200188927,0.0,0.0,0.015536657152527791
23.841267968694346,0.0,0.0,0.0
23.720475593810228,0.0,0.0,0.0
23.62372157361868,0.0,0.0,0.0
23.530724537662095,0.0,0.0,0.0
23.438721984270057,0.0,0.0,0.0
23.339655263347417,0.0,0.0,0.0
23.246783177542937,0.0,0.0,0.0
23.192858296508195,0.0,0.0,0.050494137460636454
23.2527662588158,0.0,0.0,0.3334491821761726
23.36313665544071,0.0,0.0,0.4583314100084655
23.501589558893723,0.0,0.0,0.6758445964244858
23.729412607472355,0.0,0.0,0.9965719761025745
23.965337722858184,0.0,0.0,1.184362548416675
24.264959509546753,0.0,0.0,1.6827353747506886
24.483793317349004,0.0,0.0,1.7166992209279157
24.5066533948944,0.0,0.0,1.4199248172057555
24.372598020407054,0.0,0.0,0.6836129421499608
24.281087089798646,0.0,0.0,0.6331188046893247
24.294012828265117,0.0,0.0,0.5554355120670009
24.311072223186734,0.0,0.0,0.718570443037123
24.301033943919393,0.0,0.0,0.5981613038021623
24.188153246457677,0.0,0.0,0.345690643937718
24.069983781772297,0.0,0.0,0.1592507443880155
23.959452005702857,0.0,0.0,0.015536657152527791
23.879926174335836,0.0,0.0,0.0
23.822684936693022,0.0,0.0,0.0
23.762486378223205,0.0,0.0,0.0
23.7046418248982,0.0,0.0,0.0
23.650514510227122,0.0,0.0,0.0
23.60749183853386,0.0,0.0,0.0
23.574570865298586,0.0,0.0,0.0
23.552859475348576,0.0,0.0,0.03107331773489783
23.564245870568286,0.0,0.0,0.14371408037580322
23.61563811734526,0.0,0.0,0.264123178452657
23.752340958537218,0.0,0.0,0.6020455315423757
23.916529558390252,0.0,0.0,0.7030905066906032
24.0846097637246,0.0,0.0,0.8980315656462398
24.33169191919481,0.0,0.0,1.2873571887286017
24.64871934360947,0.0,0.0,1.8410326543445117
24.738840407697353,0.0,0.0,1.3368302098305496
24.683236915703937,0.0,0.0,1.1034549462748797
24.85717993613215,0.0,0.055885828872156304,1.5921660895940148
24.881934863845366,0.0,0.0,0.9244168195992983
24.814774466547192,0.0,0.0,0.8079061993701833
24.83172581051796,0.0,0.0,0.6020455315423757
24.779095332307627,0.0,0.0,0.3845322902488797
24.710301181254117,0.0,0.0,0.19420823155580863
24.59217736499849,0.0,0.0,0.015536657152527791
24.487983359408645,0.0,0.0,0.0
24.4136377432882,0.0,0.0,0.0
24.35069066304696,0.0,0.0,0.0
24.301140442930794,0.0,0.0,0.0
24.25778041674105,0.0,0.0,0.0
24.218892591018676,0.0,0.0,0.0
24.172615365915483,0.0,0.0,0.0
24.132450972360946,0.0,0.0,0.050494137460636454
24.143422759499998,0.0,0.0,0.25247068730318223
24.214675247621283,0.0,0.0,0.4469138201718804
24.38645614899131,0.0,0.0,0.7515736926979681
24.65130603726911,0.0,0.0,0.9235779461492064
24.895239629121427,0.0,0.13573152077409356,1.1532395499974446
25.0,0.0,0.6992975748991578,1.7038343476217195
25.0,0.0,1.0984776759064778,1.9405894313616454
25.0,0.0,1.3965467295772074,2.1050124064931826
25.0,0.0,1.2421231956989585,1.5461697470430331
25.0,0.0,1.2845401991678307,1.5391183049679489
25.0,0.0,0.8674575658162615,0.8604796503410267
25.0,0.0,0.6338525976984399,0.8117903722329207
25.0,0.0,0.3025894472704709,0.6020455315423757
24.984067633658235,0.0,0.0,0.38841646311161726
24.863827432218255,0.0,0.0,0.18643988583033352
24.73558374324706,0.0,0.0,0.01942082315558086
24.691776600994853,0.0,0.0,0.0
24.647382502261536,0.0,0.0,0.0
24.569585031869472,0.0,0.0,0.0
24.470955318504856,0.0,0.0,0.0
24.389466643332977,0.0,0.0,0.0
24.338342691347652,0.0,0.0,0.0
24.31106125213679,0.0,0.0,0.0
24.29439657122233,0.0,0.0,0.031073314305055583
24.300489251528813,0.0,0.0,0.14371408037580322
24.326498169267143,0.0,0.0,0.264123178452657
24.421931313113397,0.0,0.0,0.6059296495276374
24.5264148052171,0.0,0.0,0.7027999431281918
24.62514674722736,0.0,0.0,0.8829666366900517
24.754145277786783,0.0,0.0,1.037153651283806
24.904502440090777,0.0,0.3347432459898361,1.864377950079462
25.0,0.0,0.42317159958677725,1.765000768179221
25.0,0.0,0.4571974549467025,1.5256290372303105
25.0,0.0,0.4399347377063289,1.300911369416633
25.0,0.0,0.2871106167702641,0.923124102198483
25.0,0.0,0.13039279250539645,0.685535866842997
25.0,0.0,0.04507650934952835,0.6353354782103005
24.939805723938356,0.0,0.0,0.3972719470194694
24.816342478555917,0.0,0.0,0.19032405869307104
24.69692529563233,0.0,0.0,0.015536657152527791
24.611908050271616,0.0,0.0,0.0
24.538400698532797,0.0,0.0,0.0
24.441695889664572,0.0,0.0,0.0
24.32384821753108,0.0,0.0,0.0
24.19161532019415,0.0,0.0,0.0
24.056312819129406,0.0,0.0,0.0
23.929104626935167,0.0,0.0,0.0
23.852142108733048,0.0,0.0,0.050494137460636454
24.05574672022087,0.0,0.0,0.8697006508723076
24.204132785317576,0.0,0.0,0.6002061202638292
24.20690360615547,0.0,0.0,0.6021347755995029
24.38645793046257,0.0,0.0,0.7886827899397693
24.675868981827623,0.0,0.0,1.2331790338763562
24.909838369200116,0.0,0.0,1.2636122797952622
24.97867827465189,0.0,0.503136187699743,1.9300433614519066
25.0,0.0,0.6748716396172111,1.810585441249649
25.0,0.0,1.0762176058253519,2.133954606590804
25.0,0.0,0.9970019938647521,1.5930639645655875
25.0,0.0,0.8718380301237225,1.2107440656623287
25.0,0.0,0.6152943605259013,0.7683720279727885
25.0,0.0,0.4769380190360001,0.5848591773127738
25.0,0.0,0.4101874600995668,0.5439256256658254
25.0,0.0,0.5279481378190152,0.9342426876473077
25.0,0.0,0.016863152405704667,0.1971071287176057
24.86254877397118,0.0,0.0,0.0
24.672401140783606,0.0,0.0,0.0
24.545210468527912,0.0,0.0,0.0
24.40919657904832,0.0,0.0,0.0
24.27962591655963,0.0,0.0,0.0
24.143623046687047,0.0,0.0,0.0
24.00765232385945,0.0,0.0,0.0
24.019573024561083,0.0,0.0,0.5466066811193883
24.141151651727004,0.0,0.0,0.8429234828154262
24.123379301650864,0.0,0.0,0.5533462019645343
24.1236863082355,0.0,0.0,0.539752663282428
24.338124756620015,0.0,0.0,0.7431121709410303
24.676712260051136,0.0,0.0,1.0352684304976694
24.930289853580877,0.0,0.31532138610928895,1.4849697084813094
25.0,0.0,0.8162070549543325,1.9253237489089583
25.0,0.0,1.144052607115971,2.003392593840158
25.0,0.0,0.866183258098188,1.0970183875219681
25.0,0.0,1.2230331855236405,1.563522361457767
25.0,0.0,1.1157964370932232,1.1356487600289598
25.0,0.0,0.849610488442987,0.7121771534103565
25.0,0.0,0.7034157566785143,0.6365686170510046
25.0,0.0,0.4591472760694321,0.3980456573619266
25.0,0.0,0.21476473278450106,0.20197654984254582
24.98862851148834,0.0,0.0,0.01942082315558086
24.90706751274494,0.0,0.0,0.0
24.76918637773405,0.0,0.0,0.0
24.624214943016533,0.0,0.0,0.0
24.476615977786288,0.0,0.0,0.0
24.35970643846983,0.0,0.0,0.0
24.297438337936338,0.0,0.0,0.0
24.26827813157046,0.0,0.0,0.0
24.253915656439762,0.0,0.0,0.05826246946674259
24.286465909178396,0.0,0.0,0.25247068730318223
24.368787743877135,0.0,0.0,0.4622155828712032
24.497558072509207,0.0,0.0,0.5675563245233038
24.722339510770414,0.0,0.0,0.8102918748501845
24.93362110854296,0.0,0.36438909888310367,1.3511269186018524
25.0,0.0,0.8310101118085004,1.66078993559707
25.0,0.0,1.2799103840109132,1.9921618122331266
25.0,0.0,1.2952091989713597,1.6377811452818847
25.0,0.0,1.6850296864087837,2.0955119942111837
25.0,0.0,1.6278321528304918,1.6688035862873056
25.0,0.0,1.4349903318905126,1.2121086684046858
25.0,0.0,1.1846260869424279,0.8282918726556754
25.0,0.0,1.0279703035484917,0.5983240503495355
25.0,0.0,1.025910433291582,0.6441666206156649
25.0,0.0,0.8786751100651115,0.5206892155823066
25.0,0.0,0.4740920220575046,0.01942082315558086
25.0,0.0,0.2806760845651135,0.0
25.0,0.0,0.12814672778333866,0.0
25.0,0.0,0.01796635487375574,0.0
24.96203828724797,0.0,0.0,0.0
24.889956145408856,0.0,0.0,0.0
24.81591961223725,0.0,0.0,0.0
24.739250534518465,0.0,0.0,0.0
24.816514180169996,0.0,0.0,0.5366635229857842
24.965265399727894,0.0,0.08976406610394608,0.8375108592832837
25.0,0.0,0.048693623874852265,0.5894004589638404
25.0,0.0,0.12006732220585238,0.573407079080238
25.0,0.0,0.40814030046613575,0.7414790055928865
25.0,0.0,0.9217014198414512,1.1848268508989248
25.0,0.0,1.2914789374794216,1.3471858122033735
25.0,0.0,1.9351625036144833,1.986200251812169
25.0,0.0,2.1851065091231754,1.8988921813386332
25.0,0.0,2.516442824035936,2.054886248756551
25.0,0.0,2.328618604472447,1.376114200734092
25.0,0.0,2.275308831095075,1.1979811824992574
25.0,0.0,2.015984830166417,0.7086063427114321
25.0,0.0,1.940552353049336,0.6544816217599214
25.0,0.0,1.944801583642475,0.7100677263318279
25.0,0.0,1.5799378733807115,0.2688401476267019
25.0,0.0,1.2385728983162132,0.01942082315558086
25.0,0.0,0.9916944184512897,0.0
25.0,0.0,0.7752760968979581,0.0
25.0,0.0,0.5888719886053554,0.0
25.0,0.0,0.4357278486105901,0.0
25.0,0.0,0.3203114263346085,0.0
25.0,0.0,0.2327891856215784,0.0
25.0,0.0,0.17033539448962579,0.0
25.0,0.0,0.14690953494337414,0.05437830003384729
25.0,0.0,0.5867113499266998,0.8242427843126005
25.0,0.0,0.5329938657099572,0.5392502806219276
25.0,0.0,0.7541418601057942,0.7365487908381002
25.0,0.0,1.0366331600831473,0.782371465394259
25.0,0.0,1.5841084339639846,1.2578484788516997
25.0,0.0,2.184137987760583,1.7628201238532053
25.0,0.0,2.544820792615404,1.9228828227389638
25.0,0.0,2.3030776412280667,1.2053367209146753
25.0,0.0,2.274851722770755,1.288751302891221
25.0,0.0,2.210181950643382,1.4173922495235707
25.0,0.0,1.9602932671437638,1.2465133902519396
25.0,0.0,1.454867934422574,0.7010780277978779
25.0,0.0,1.251560770628065,0.681668394770491
25.0,0.0,1.161013533647169,0.6858604457159995
25.0,0.0,0.802122855581547,0.21362904099202054
25.0,0.0,0.5603830493884905,0.02330498572879169
25.0,0.0,0.40353320585998714,0.0
25.0,0.0,0.24618553933027015,0.0
25.0,0.0,0.08212894561753072,0.0
24.97020342963106,0.0,0.0,0.0
24.895925428396346,0.0,0.0,0.0
24.82824067012087,0.0,0.0,0.0
24.788856579350224,0.0,0.0,0.0
24.776138561745782,0.0,0.0,0.062146628610111165
24.844816546595894,0.0,0.0,0.32649621555611846
24.94780235479809,0.0,0.0,0.4699838737192024
24.992786461953337,0.0,0.154644367744307,0.6758445964244858
25.0,0.0,0.3009466669544458,0.7054532879617831
25.0,0.0,0.5756299338657521,0.9677405373684915
25.0,0.0,0.762246131129343,1.0593335340034422
25.0,0.0,1.2060286671392129,1.6286225662035347
25.0,0.0,1.3357697825053927,1.5302026701347518
25.0,0.0,1.6086819293382641,1.7254661254800525
25.0,0.0,1.810083033822173,1.7000679352015917
25.0,0.0,1.6175474642246668,1.1013707452594084
25.0,0.0,1.4662271396282367,0.8202890822380823
25.0,0.0,1.3349422733579075,0.6122214391916867
25.0,0.0,1.3115509281668751,0.6472653937245529
25.0,0.0,1.3461221448778977,0.9428893092198283
25.0,0.0,0.8189281422090101,0.26522190854821376
25.0,0.0,0.43978574377620433,0.0
25.0,0.0,0.21580740327767367,0.0
25.0,0.0,0.046435534840121466,0.0
24.954377513518725,0.0,0.0,0.0
24.856856742239163,0.0,0.0,0.0
24.749819794393332,0.0,0.0,0.0
24.640635828051927,0.0,0.0,0.0
24.676130606019626,0.0,0.0,0.5385961243208446
24.824367934828807,0.0,0.0,0.8182294713100634
24.851942291871687,0.0,0.0,0.5891533208359839
24.893565018612158,0.0,0.0,0.6064956367999306
24.983155317928684,0.0,0.28266247426308433,0.7875654313911116
25.0,0.0,0.8908560556817086,1.2750072070948373
25.0,0.0,1.4804374335064252,1.6835258382081166
25.0,0.0,1.9684963738435182,2.0679084636270586
25.0,0.0,2.2240683695887045,2.18719355606355
25.0,0.0,1.9681392527603179,1.7116733427490887
25.0,0.0,1.6186198067877071,1.3741402802972187
25.0,0.0,1.2157974126527147,1.0235063555839434
25.0,0.0,0.8767817880127808,0.6533021027186694
25.0,0.0,0.8329316207608484,0.6175821132383743
25.0,0.0,0.7449903173176993,0.4078372725478292
25.0,0.0,0.6213755649979672,0.21362904099202054
25.0,0.0,0.39509495854907273,0.01942082315558086
25.0,0.0,0.19568192787863758,0.0
25.0,0.0,0.0074917021052452685,0.0
24.919891059387247,0.0,0.0,0.0
24.789920086789497,0.0,0.0,0.0
24.698132448151938,0.0,0.0,0.0
24.630318200459595,0.0,0.0,0.0
24.578355272272823,0.0,0.0,0.0
24.669812897325805,0.0,0.0,0.5574123352368795
24.80310384793749,0.0,0.0,0.693558059446316
24.832308306231802,0.0,0.0,0.619850134503745
24.87187794593087,0.0,0.0,0.5716819604624447
24.949001082873668,0.0,0.19616370626952429,0.7389481334804505
25.0,0.0,0.6640415878290999,1.1011722434980085
25.0,0.0,1.1898122527754376,1.4981287382197033
25.0,0.0,1.6646596882314608,1.9173170393761916
25.0,0.0,1.9296162468311782,1.9889460786764477
25.0,0.0,2.09575819293261,1.9426120598362298
25.0,0.0,1.984450323918354,1.5036757494772823
25.0,0.0,1.859425902466723,1.1998696999937197
25.0,0.0,1.5940324250707636,0.7695851372922076
25.0,0.0,1.4197161255204669,0.5280567072351668
25.0,0.0,1.4542899141060157,0.6738182426683297
25.0,0.0,1.510279439349106,0.9870508615195269
25.0,0.0,0.8812699031911001,0.11677298812047175
25.0,0.0,0.5557469053544467,0.0
25.0,0.0,0.338770766780605,0.0
25.0,0.0,0.19633842860464937,0.0
25.0,0.0,0.07018331772812719,0.0
24.974163550645102,0.0,0.0,0.0
24.89225105680888,0.0,0.0,0.0
24.78865663088262,0.0,0.0,0.0
24.807210052617727,0.0,0.0,0.40004682275845027
24.936640927898885,0.0,0.11368835330897936,0.8522292978026114
25.0,0.0,0.026210357805313025,0.5590044903701378
25.0,0.0,0.11993611833467892,0.5400319960135549
25.0,0.0,0.45663841048474646,0.7384662710760662
25.0,0.0,0.9553929682292639,1.1003359388990048
25.0,0.0,1.4885824385644972,1.497084161048918
25.0,0.0,2.0037467592420093,1.916176609345513
25.0,0.0,2.3881225368768515,2.1175798710846863
25.0,0.0,2.548039903821385,1.989604562604152
25.0,0.0,2.44921538370427,1.5751299778216872
25.0,0.0,2.144062414940215,1.0296115373430792
25.0,0.0,1.9004113187091165,0.7885325290207124
25.0,0.0,1.7332894161751433,0.6544615815925149
25.0,0.0,1.7295149980987803,0.7805835298138957
25.0,0.0,1.249995604242326,0.21751320013538916
25.0,0.0,0.8972485580402847,0.027189150016923645
25.0,0.0,0.6545556577669291,0.0
25.0,0.0,0.49343369746142546,0.0
25.0,0.0,0.39648032293591107,0.0
25.0,0.0,0.3153076976114163,0.0
25.0,0.0,0.222861518636168,0.0
25.0,0.0,0.11313813316475717,0.0
25.0,0.0,0.011177301603966043,0.0
24.98120257702449,0.0,0.0,0.03495747687826642
24.979646333331253,0.0,0.0,0.14371408037580322
24.998443756306763,0.0,0.039064246407611386,0.264123178452657
25.0,0.0,0.060005650394798264,0.3845322902488797
25.0,0.0,0.06786145342417714,0.4932888560181518
25.0,0.0,0.08955451697652783,0.5865087852139497
25.0,0.0,0.4091622339615666,1.0409561321146295
25.0,0.0,0.6300502685054299,1.0570881214457626
25.0,0.0,0.8765877979824371,1.1591968195575757
25.0,0.0,1.0241279495601905,1.2444592492757898
25.0,0.0,0.9205071998125155,1.0924757288625042
25.0,0.0,0.7100706456621103,0.8933578377179817
25.0,0.0,0.3655917838748751,0.46609975573394075
25.0,0.0,0.16695484484137624,0.35345898966319306
25.0,0.0,0.00215963519619739,0.23304987786697037
24.948442867720146,0.0,0.0,0.17867156754359637
24.84160072193367,0.0,0.0,0.027189150016923645
24.75024193429797,0.0,0.0,0.0
24.673044207994693,0.0,0.0,0.0
24.586557389581337,0.0,0.0,0.0
24.494806030940577,0.0,0.0,0.0
24.405610746688104,0.0,0.0,0.0
24.32504841987778,0.0,0.0,0.0
24.253850817406615,0.0,0.0,0.0
24.209046909872328,0.0,0.0,0.06603079461316425
24.23126940514387,0.0,0.0,0.264123178452657
24.31137236910135,0.0,0.0,0.46609975573394075
24.432123954763888,0.0,0.0,0.6758445964244858
24.55869590937629,0.0,0.0,0.6991432851971888
24.709892059666693,0.0,0.0,0.861913207123766
24.904374606171938,0.0,0.08526197743177666,1.1773890155684108
25.0,0.0,0.6279116553454434,1.8655097196762653
25.0,0.0,0.686222059085485,1.494269446131337
25.0,0.0,0.9622677150572984,1.669553256790032
25.0,0.0,0.978809792746906,1.4030662009531856
25.0,0.0,0.9010348378582097,1.1363315711013169
25.0,0.0,0.6761159351974251,0.7694543791110848
25.0,0.0,0.49998890236939275,0.5944362421328894
25.0,0.0,0.2939663026875011,0.4117214179718288
25.0,0.0,0.06737692913308112,0.20197654984254582
24.934037253612992,0.0,0.0,0.027189150016923645
24.828636553396983,0.0,0.0,0.0
24.74552790988873,0.0,0.0,0.0
24.655042428761874,0.0,0.0,0.0
24.561469344939546,0.0,0.0,0.0
24.472210460989594,0.0,0.0,0.0
24.385287263724027,0.0,0.0,0.0
24.295385109563163,0.0,0.0,0.0
24.213289889214217,0.0,0.0,0.05826246946674259
24.25279900974686,0.0,0.0,0.5402020904330194
24.333528091828413,0.0,0.0,0.6459802233878321
24.37297453399195,0.0,0.0,0.604864471186807
24.574673912894394,0.0,0.0,0.7857665149554259
24.870765569651894,0.0,0.1750035474361842,1.1735684296224167
25.0,0.0,0.6976822150611082,1.701881689978544
25.0,0.0,1.0724014485506308,2.0288128767665645
25.0,0.0,1.201679620484752,2.0134604175679685
25.0,0.0,1.10370629412173,1.6117947869344718
25.0,0.0,1.08287835265492,1.340415860866052
25.0,0.0,1.16228335889083,1.2714487266326002
25.0,0.0,0.9656568579870509,0.7885723683990353
25.0,0.0,0.8994010426140124,0.6730685920285332
25.0,0.0,0.7200747856668588,0.4117214179718288
25.0,0.0,0.521987803885503,0.20197654984254582
25.0,0.0,0.2990780958138364,0.027189150016923645
25.0,0.0,0.1253839402631921,0.0
24.98134575278409,0.0,0.0,0.0
24.89400793030268,0.0,0.0,0.0
24.77458289067514,0.0,0.0,0.0
24.685101760631895,0.0,0.0,0.0
24.62111646589752,0.0,0.0,0.0
24.582427355734968,0.0,0.0,0.0
24.67364129018654,0.0,0.0,0.43600242785778676
24.889149352873748,0.0,0.0357420790734856,0.8765770598667779
24.98507502623819,0.0,0.0,0.5907499625541691
24.98507502623819,0.0,0.09632850156716206,0.6093122480516515
25.0,0.0,0.41823047488683696,0.8998449424695069
25.0,0.0,0.8735639010226683,1.3467877918518445
25.0,0.0,1.0300608120756483,1.4425555981146743
25.0,0.0,1.2430077695812278,1.7790091576186104
25.0,0.0,1.0314450185814266,1.341744249459254
25.0,0.0,0.8547567810821217,1.0349392503709116
25.0,0.0,0.8750820017436409,0.9997666444624839
25.0,0.0,0.8609378636577214,0.8912405560035306
25.0,0.0,0.713055359275006,0.6705469889961182
25.0,0.0,0.5282137473979673,0.5582845249377704
25.0,0.0,0.3106046953862905,0.4117214179718288
25.0,0.0,0.08090013995573422,0.20197654984254582
24.96318222937498,0.0,0.0,0.027189150016923645
24.89945660709224,0.0,0.0,0.0
24.84299005104227,0.0,0.0,0.0
24.768861911830236,0.0,0.0,0.0
24.680690581259135,0.0,0.0,0.0
24.600915046215306,0.0,0.0,0.0
24.534237373098478,0.0,0.0,0.0
24.47545827747196,0.0,0.0,0.0
24.435581773629963,0.0,0.0,0.06603079461316425
24.450894739567524,0.0,0.0,0.28516955905362346
24.569191413395373,0.0,0.0,0.68314993353538
24.61511628491163,0.0,0.0,0.5804150879018107
24.687767612113685,0.0,0.0,0.8370267845610682
24.90293816682499,0.0,0.04316157689920348,1.2162464033911335
25.0,0.0,0.09863249606079383,1.1823491128240287
25.0,0.0,0.7761283721732858,2.1089086328361026
25.0,0.0,0.9064909923526687,1.9264319631805724
25.0,0.0,0.8430683686175486,1.5001710104128425
25.0,0.0,1.0080027667300036,1.567861601066957
25.0,0.0,0.8846845328219206,1.1610318644548223
25.0,0.0,0.6975371903233059,0.8578931063571397
25.0,0.0,0.5422744250437568,0.6656947404805464
25.0,0.0,0.3185405478008357,0.4117214179718288
25.0,0.0,0.07931779636902825,0.21751320013538916
24.91550671469895,0.0,0.0,0.027189150016923645
24.779012353725157,0.0,0.0,0.0
24.676977745255037,0.0,0.0,0.0
24.5857907436328,0.0,0.0,0.0
24.501446167846105,0.0,0.0,0.0
24.413278734497013,0.0,0.0,0.0
24.32107763116028,0.0,0.0,0.0
24.232110373911155,0.0,0.0,0.0
24.173674000416334,0.0,0.0,0.05437830003384729
24.199253100015774,0.0,0.0,0.24858651444044466
24.29911787961892,0.0,0.0,0.45034090730327275
24.452230474322654,0.0,0.0,0.6731798288419347
24.682916946865177,0.0,0.0,0.9262596873549289
24.909041305756247,0.0,0.1581749315058389,1.2208048698244516
25.0,0.0,0.5539297515051133,1.47533570278734
25.0,0.0,1.1630370474593332,1.9987975140698202
25.0,0.0,1.5352445239492145,2.135207564139052
25.0,0.0,1.3901830578485048,1.5213312360009292
25.0,0.0,1.4319458221953147,1.5115099782881702
25.0,0.0,1.207651834750456,1.0878930503086808
25.0,0.0,0.980657167445671,0.7644067031406274
25.0,0.0,0.8730811054021858,0.6405579383183567
25.0,0.0,0.8734829365303771,0.6917620931744509
25.0,0.0,0.5837292131358198,0.36656218944720487
25.0,0.0,0.19486858455946882,0.02330498572879169
24.978499836878044,0.0,0.0,0.0
24.87278140582925,0.0,0.0,0.0
24.74786967497338,0.0,0.0,0.0
24.656775415611932,0.0,0.0,0.0
24.564320369323426,0.0,0.0,0.0
24.48047682901432,0.0,0.0,0.0
24.409300240918142,0.0,0.0,0.0
24.38851340283143,0.0,0.0,0.050494137460636454
24.59791483064743,0.0,0.0,0.7222507160799524
24.79801486740692,0.0,0.0,0.6615140408587332
24.86132528112904,0.0,0.0,0.6524552142879703
24.96266831317561,0.0,0.15217170516540743,0.8630678755885574
25.0,0.0,0.4312395519180912,1.051554781433649
25.0,0.0,0.8976735293369065,1.503190130748631
25.0,0.0,1.4277076789467618,2.02599839896942
25.0,0.0,1.7824810991637705,2.1852265807824662
25.0,0.0,1.541396311059143,1.4070905638685252
25.0,0.0,1.542212986665545,1.3048435490458106
25.0,0.0,1.531098450750255,1.1994741107594018
25.0,0.0,1.2960610179059748,0.7875494535834676
25.0,0.0,1.2169349492255908,0.6937417695645217
25.0,0.0,1.0137083210410491,0.4117214179718288
25.0,0.0,0.7573880150442629,0.2058607089859144
25.0,0.0,0.4409402736139196,0.031073314305055583
25.0,0.0,0.20377972502598518,0.0
25.0,0.0,0.03359016444790339,0.0
24.969307094438214,0.0,0.0,0.0
24.912492732423566,0.0,0.0,0.0
24.855075676770724,0.0,0.0,0.0
24.787375452782747,0.0,0.0,0.0
24.705925459613933,0.0,0.0,0.0
24.615328298911233,0.0,0.0,0.031073314305055583
24.543069063296024,0.0,0.0,0.13982990751306568
24.50822850045037,0.0,0.0,0.26023903302865736
24.56422176510996,0.0,0.0,0.5981613038021623
24.66858042444862,0.0,0.0,0.7533557745731931
24.825544574170948,0.0,0.0,1.066755550923234
24.971138224383264,0.0,0.43670785348842195,1.7583697792023762
25.0,0.0,0.8520915533884301,2.0724537957756524
25.0,0.0,0.9334127557805509,1.791669154283377
25.0,0.0,1.0574669141058823,1.716761625373909
25.0,0.0,1.108389725517336,1.55131371589642
25.0,0.0,0.9988251297109186,1.2325024460399565
25.0,0.0,0.7531492224726228,0.7957093644912799
25.0,0.0,0.5990177760111692,0.6118122294563089
25.0,0.0,0.5609651808027087,0.6273964073822527
25.0,0.0,0.6148384869739271,0.940394631533999
24.98627108832285,0.0,0.0,0.02330498572879169
24.860985580729285,0.0,0.0,0.0
24.717078294658506,0.0,0.0,0.0
24.657683727725754,0.0,0.0,0.0
24.615509473584677,0.0,0.0,0.0
24.581258198374066,0.0,0.0,0.0
24.528576988335992,0.0,0.0,0.0
24.45822607597408,0.0,0.0,0.0
24.386911544726495,0.0,0.0,0.031073314305055583
24.3352248930971,0.0,0.0,0.13982990751306568
24.31985563348328,0.0,0.0,0.26023903302865736
24.390721496733264,0.0,0.0,0.5942771858169007
24.490367895013048,0.0,0.0,0.7003386333824809
24.615274181170044,0.0,0.0,0.9244311657424064
24.682411837039034,0.0,0.0,0.652539669003012
24.785808910205915,0.0,0.0,0.9395407672064715
24.958200308845623,0.0,0.07725665183312634,1.1642008617964548
25.0,0.0,0.2851653660191207,1.2978017483834283
25.0,0.0,0.549794545307741,1.4856444829520359
25.0,0.0,0.5049113124361125,1.205770979145313
25.0,0.0,0.2854093812151485,0.7932181715869908
25.0,0.0,0.200455329226089,0.6778238549266669
25.0,0.0,0.015653297974964113,0.40100899164006704
24.914092437423953,0.0,0.0,0.22139737299812665
24.741150475624934,0.0,0.0,0.02330498572879169
24.593845325437968,0.0,0.0,0.0
24.472108298683022,0.0,0.0,0.0
24.353234076184428,0.0,0.0,0.0
24.237982419170606,0.0,0.0,0.0
24.124351976323982,0.0,0.0,0.0
24.009466753122773,0.0,0.0,0.0
23.891835936331734,0.0,0.0,0.0
23.90471803721018,0.0,0.0,0.4963920875741278
24.036776645529955,0.0,0.0,0.8694164133752997
24.033072308017864,0.0,0.0,0.5754069249841983
24.024471146673413,0.0,0.0,0.5347367417317774
24.22853784076946,0.0,0.0,0.72122455016002
24.6055313829067,0.0,0.0,1.1679438140179463
24.917102794213296,0.0,0.29348935191225284,1.654227423773687
25.0,0.0,0.6410393549329456,1.8598948041846939
25.0,0.0,1.0252508424379225,2.1586124551873174
25.0,0.0,1.148007131434699,1.9951464669197663
25.0,0.0,1.004413405606554,1.4752936459848929
25.0,0.0,0.8056297895615717,1.0458105414929348
25.0,0.0,0.5684474396400038,0.6826595935256659
25.0,0.0,0.46346310613098063,0.5797684992272386
25.0,0.0,0.49970636179172695,0.6887716296085222
25.0,0.0,0.16582064843854621,0.21751320013538916
24.958013907226658,0.0,0.0,0.027189150016923645
24.850715174032675,0.0,0.0,0.0
24.734393897579864,0.0,0.0,0.0
24.62413796133382,0.0,0.0,0.0
24.50588010548166,0.0,0.0,0.0
24.37839376785103,0.0,0.0,0.0
24.240763363272073,0.0,0.0,0.0
24.106688706503654,0.0,0.0,0.0
24.104715047725975,0.0,0.0,0.4474123657103532
24.26245573767467,0.0,0.0,0.867884241908026
24.304624189087882,0.0,0.0,0.563475395909968
24.34665611738079,0.0,0.0,0.5965319683635719
24.59957297012241,0.0,0.0,0.8122178456982349
24.87891601571988,0.0,0.23422695961843096,1.2207166085749503
25.0,0.0,0.7443333215066539,1.5976271369115704
25.0,0.0,1.163079499644858,1.7933910761813514
25.0,0.0,1.4785256473155297,1.9744555554875283
25.0,0.0,1.6633257352328412,1.950303465236841
25.0,0.0,1.6266508478526762,1.6193127917333392
25.0,0.0,1.3737713941300334,1.0752372640178178
25.0,0.0,1.2124348657332948,0.8098788347993053
25.0,0.0,1.1124804928745045,0.6199244882298164
25.0,0.0,1.1490145925012782,0.6702348180486207
25.0,0.0,0.9282524116671508,0.3998669183538814
25.0,0.0,0.5551134627280488,0.02330498572879169
25.0,0.0,0.3230481330319405,0.0
25.0,0.0,0.12199482736282032,0.0
24.971633242454487,0.0,0.0,0.0
24.87717486726291,0.0,0.0,0.0
24.762574977339227,0.0,0.0,0.0
24.662368739197603,0.0,0.0,0.0
24.564656935045008,0.0,0.0,0.0
24.490184528684964,0.0,0.0,0.04272580888437255
24.65329204336267,0.0,0.0,0.8304197022742791
24.80237003764843,0.0,0.0,0.69465104268016
24.868893890128533,0.0,0.0,0.7063645166597339
24.988952915536018,0.0,0.3019055382508506,0.8238574201238543
25.0,0.0,0.9307866972064543,1.2430478754725103
25.0,0.0,1.516375446158191,1.6391681058477832
25.0,0.0,1.8444158420185945,1.7925534343106713
25.0,0.0,2.046044803301395,1.8654413448758729
25.0,0.0,1.9579183090270895,1.4813535142846428
25.0,0.0,2.1715023974510808,1.683436881983184
25.0,0.0,2.054502790449527,1.2915009416454242
25.0,0.0,1.7515903408395226,0.7179086216721934
25.0,0.0,1.6926511291605857,0.6570024768669102
25.0,0.0,1.6787003289077902,0.6254354572539973
25.0,0.0,1.5641012531950562,0.5660629065251386
25.0,0.0,1.1063701243000348,0.02330498572879169
25.0,0.0,0.8364619279264944,0.0
25.0,0.0,0.5675569163442237,0.0
25.0,0.0,0.30618292521005464,0.0
25.0,0.0,0.0789190800682425,0.0
24.9639630111284,0.0,0.0,0.0
24.90088206953318,0.0,0.0,0.0
24.844087074341967,0.0,0.0,0.0
24.785938528778313,0.0,0.0,0.04272580888437255
24.878770512841125,0.0,0.027739676365729084,0.6581923746505932
24.987352264809275,0.0,0.0,0.6460679955320225
24.987352264809275,0.0,0.06929620949695366,0.7136327391771785
25.0,0.0,0.2578914506634788,0.8776833540791678
25.0,0.0,0.3572413912056396,0.8867992354906722
25.0,0.0,0.45298509231290757,1.0538819900934675
25.0,0.0,0.4594820663347248,1.0966163283144985
25.0,0.0,0.4064681817252373,1.016850386299377
25.0,0.0,0.2596760666485675,0.6874971150126985
25.0,0.0,0.26978991819307135,0.6408871504147996
25.0,0.0,0.27954292012169185,0.5632038577924761
25.0,0.0,0.40137733265966946,0.7379913073508109
25.0,0.0,0.35132827254232935,0.6214663409785876
25.0,0.0,0.1866653064061312,0.36511148081266775
25.0,0.0,0.025401104553877507,0.17867156754359637
24.941261649270103,0.0,0.0,0.02330498572879169
24.865446459225915,0.0,0.0,0.0
24.831394877458777,0.0,0.0,0.0
24.80466049352888,0.0,0.0,0.0
24.779213085515973,0.0,0.0,0.0
24.736288102897383,0.0,0.0,0.0
24.67050312342485,0.0,0.0,0.0
24.588921326051892,0.0,0.0,0.0
24.509655588194867,0.0,0.0,0.03884164631116172
24.657037475779482,0.0,0.0,0.8561790728435731
24.73176975052209,0.0,0.0,0.5689249346620343
24.668880337443447,0.0,0.0,0.5291510132960294
24.817700597297588,0.0,0.0,0.766724977397342
24.960264476757253,0.0,0.3292208176945698,1.291401072776938
25.0,0.0,0.5789836508804971,1.4295362217840086
25.0,0.0,1.102076530613461,2.133429957333719
25.0,0.0,1.2990887549622938,2.2326843864575308
25.0,0.0,1.321230333576079,2.097138289025432
25.0,0.0,1.1110434993118137,1.6719038527589194
25.0,0.0,0.6853991215807279,1.067390851220823
25.0,0.0,0.32983926958288873,0.6582465131058287
25.0,0.0,0.12733086791155476,0.522791518973705
24.98877681508474,0.0,0.0,0.4350264002707783
24.893893966502397,0.0,0.0,0.21362904099202054
24.752212702472306,0.0,0.0,0.027189150016923645
24.654537500332086,0.0,0.0,0.0
24.572405176723805,0.0,0.0,0.0
24.49082033770712,0.0,0.0,0.0
24.413972218448265,0.0,0.0,0.0
24.34292753385664,0.0,0.0,0.0
24.283988338306987,0.0,0.0,0.0
24.233613372301022,0.0,0.0,0.0
24.19687344104589,0.0,0.0,0.050494137460636454
24.206330247770893,0.0,0.0,0.23693402329096994
24.24348766077773,0.0,0.0,0.39618475395961644
24.24332813169118,0.0,0.0,0.37287977166066705
24.3274604353682,0.0,0.0,0.765180352757546
24.48123476156003,0.0,0.0,0.963413599274844
24.619365032357273,0.0,0.0,1.1229167381488732
24.85185596886383,0.0,0.02717177547820837,1.546862286572028
25.0,0.0,0.24653373468259812,1.7170861342024262
25.0,0.0,0.437182626679973,1.6478314990724572
25.0,0.0,0.7477877920996899,1.908330653934815
25.0,0.0,0.3747945246638604,1.089683266223594
25.0,0.0,0.09051319346399396,0.7264195771685652
24.941181346009138,0.0,0.0,0.5600935330803462
24.804628836663298,0.0,0.0,0.4350264002707783
24.624778204562816,0.0,0.0,0.20974488184865195
24.433225251577937,0.0,0.0,0.027189150016923645
24.293521025228173,0.0,0.0,0.0
24.20619511690471,0.0,0.0,0.0
24.148642552838727,0.0,0.0,0.0
24.108535408866345,0.0,0.0,0.0
24.071663738336255,0.0,0.0,0.0
24.02782590946753,0.0,0.0,0.0
23.975420874183623,0.0,0.0,0.0
23.931356794926195,0.0,0.0,0.02330498572879169
23.917206824905595,0.0,0.0,0.1320615892263285
23.92933075020595,0.0,0.0,0.25247068730318223
24.002658954863705,0.0,0.0,0.5865087852139497
24.08582344419954,0.0,0.0,0.7060052871282416
24.285602474820145,0.0,0.0,1.2918785560158
24.66861199745309,0.0,0.0,1.9248621412469087
24.93485751451642,0.0,0.24461209557881777,2.3240749697995917
25.0,0.0,0.41069316534044953,2.074803700868715
25.0,0.0,0.6746286793671848,2.0277747352744755
25.0,0.0,0.7010808727865757,1.680203780679472
25.0,0.0,0.5563796817003944,1.2505825029169904
25.0,0.0,0.28093674326049545,0.870399853941101
25.0,0.0,0.016460290959447673,0.6137757490381509
24.89415330872873,0.0,0.0,0.4350264002707783
24.699442353626754,0.0,0.0,0.21362904099202054
24.51991446847018,0.0,0.0,0.01942082315558086
24.390220192983904,0.0,0.0,0.0
24.313961678923476,0.0,0.0,0.0
24.257536455775874,0.0,0.0,0.0
24.222867661707753,0.0,0.0,0.0
24.19490282728197,0.0,0.0,0.0
24.170747833907953,0.0,0.0,0.0
24.146175115170553,0.0,0.0,0.0
24.11633644817966,0.0,0.0,0.03495747687826642
24.12609738128402,0.0,0.0,0.22916570500423275
24.16622789227735,0.0,0.0,0.39230058109687893
24.164916704687172,0.0,0.0,0.36899565367540543
24.182263670004183,0.0,0.0,0.481636392307415
24.24224315313881,0.0,0.0,0.5748563215032129
24.415191945784134,0.0,0.0,1.0254194406636794
24.622298091411487,0.0,0.0,1.1202193399452158
24.775425117376244,0.0,0.0,1.1956095519156802
24.902367800665715,0.0,0.0,1.1300208998095913
24.969110050666597,0.0,0.2962104701812657,1.5448178754404558
25.0,0.0,0.02720260457240834,0.8528398395109161
24.967357208375482,0.0,0.0,0.6593908423700062
24.92485991974666,0.0,0.0,0.6175821132383743
24.835518107866914,0.0,0.0,0.36122730794993024
24.67352565499811,0.0,0.0,0.10875660006769458
24.525730523978652,0.0,0.0,0.011652492864395845
24.409983591480866,0.0,0.0,0.0
24.328285300884037,0.0,0.0,0.0
24.281578398994746,0.0,0.0,0.0
24.253103420402855,0.0,0.0,0.0
24.225602807716626,0.0,0.0,0.0
24.196813021176588,0.0,0.0,0.0
24.166834597718115,0.0,0.0,0.0
24.143995030174146,0.0,0.0,0.03884164631116172
24.17786991695395,0.0,0.0,0.23693402329096994
24.315256262215787,0.0,0.0,0.5725749877028937
24.477187994223073,0.0,0.0,0.6911157909201991
24.71019403762152,0.0,0.0,1.0193776784810296
24.89854899874254,0.0,0.0,0.8614190855430846
24.959738967878703,0.0,0.15921474242418804,0.9920774459847239
25.0,0.0,0.2785249012535981,1.034434296191765
25.0,0.0,0.42616942302341665,1.101331048185111
25.0,0.0,0.582971991368419,1.1669208843024248
25.0,0.0,0.9007002573067358,1.4333450909132146
25.0,0.0,0.9232189938285915,1.15298004577921
25.0,0.0,0.8601917627067207,0.9156791576973493
25.0,0.0,0.706759684492006,0.6207726859362569
25.0,0.0,0.7159332656165498,0.6550219609688352
25.0,0.0,0.7507011778178679,0.8268531016963492
25.0,0.0,0.3483844070622662,0.23940184020815866
25.0,0.0,0.06659698526611868,0.0
24.950321917991122,0.0,0.0,0.0
24.847666057822817,0.0,0.0,0.0
24.749741295303238,0.0,0.0,0.0
24.673974953924425,0.0,0.0,0.0
24.620128013386378,0.0,0.0,0.0
24.56747817914359,0.0,0.0,0.0
24.579251607246455,0.0,0.0,0.3458309397743662
24.710904270144777,0.0,0.0,0.8316461040722909
24.71332235783574,0.0,0.0,0.5349081314696691
24.698919606021143,0.0,0.0,0.5187374583243443
24.886177875293818,0.0,0.11043088997728773,0.7177293746717666
25.0,0.0,0.6109149607861278,1.0774283552774901
25.0,0.0,1.1522517797805791,1.4662160487410538
25.0,0.0,1.576835104544807,1.896356043797603
25.0,0.0,1.8738452429096084,2.127399137280496
25.0,0.0,1.9730356879293365,1.9697273943822935
25.0,0.0,1.947155534784712,1.6201977737004527
25.0,0.0,1.791930611303073,1.1515940584724476
25.0,0.0,1.5445858581089769,0.6713577054393134
25.0,0.0,1.4251022904026063,0.5082798579754451
25.0,0.0,1.4613321750414212,0.5750583530506779
25.0,0.0,1.5486541680710715,0.8444213670066373
25.0,0.0,1.099725112702573,0.24254275831766722
25.0,0.0,0.7713685079788652,0.0
25.0,0.0,0.5652580105556424,0.0
25.0,0.0,0.38652364496527297,0.0
25.0,0.0,0.24421856461285238,0.0
25.0,0.0,0.13911042850241453,0.0
25.0,0.0,0.053219962497549,0.0
24.98431238054595,0.0,0.0,0.0
24.98431238054595,0.0,0.058494855326110456,0.3421459023539057
25.0,0.0,0.29056239377758175,0.824293482473269
25.0,0.0,0.18040069999353564,0.5324555645773977
25.0,0.0,0.279103099221797,0.5387053407997682
25.0,0.0,0.6800583347105728,0.7110490553334065
25.0,0.0,1.305563993776175,1.1645187419780334
25.0,0.0,1.8279898239071835,1.4648507864966311
25.0,0.0,2.1457346047608006,1.6011531367479084
25.0,0.0,2.7177119470895152,2.2781829918259175
25.0,0.0,2.753776504132515,1.9124077973643188
25.0,0.0,2.7489889657588034,1.6115868210171926
25.0,0.0,2.4321824749485916,0.9523182601177882
25.0,0.0,2.2717800525636105,0.7918697155912446
25.0,0.0,2.061730798262037,0.5664188684925153
25.0,0.0,1.815212314494452,0.40006892682235407
25.0,0.0,1.3876318663886276,0.10875660006769458
25.0,0.0,1.0176024291576646,0.011652492864395845
25.0,0.0,0.7149211405068086,0.0
25.0,0.0,0.5433680069839465,0.0
25.0,0.0,0.4944474000488521,0.0
25.0,0.0,0.46671986955007017,0.0
25.0,0.0,0.4195419788082088,0.0
25.0,0.0,0.3062084464790516,0.0
25.0,0.0,0.19417014823745476,0.0
25.0,0.0,0.14551759455407187,0.03495747687826642
25.0,0.0,0.2864929914578776,0.23693402329096994
25.0,0.0,0.6041610518611883,0.5972144234921645
25.0,0.0,0.6915784884527724,0.5705794681112407
25.0,0.0,1.0064802406772653,0.8986524672029775
25.0,0.0,1.4485309503639776,1.3279458558737436
25.0,0.0,1.7902909157186837,1.5208680741781846
25.0,0.0,2.268552740447291,1.9186744593709462
25.0,0.0,2.3928833047257565,1.7283083318368406
25.0,0.0,2.599489274792415,1.8872119148214117
25.0,0.0,2.539685437430162,1.7158403118363779
25.0,0.0,2.2040442812951935,1.2281353679008813
25.0,0.0,1.8029754563893383,0.7045001843403148
25.0,0.0,1.6666731667568737,0.6747334587195556
25.0,0.0,1.585153269245598,0.6338579187240504
25.0,0.0,1.1714114423190445,0.19809237697980822
25.0,0.0,0.8179885028375591,0.01942082315558086
25.0,0.0,0.5590670200368105,0.0
25.0,0.0,0.4000760655688888,0.0
25.0,0.0,0.3483352724386188,0.0
25.0,0.0,0.3266395011233059,0.0
25.0,0.0,0.29409380795061424,0.0
25.0,0.0,0.2228465019636173,0.0
25.0,0.0,0.14802023118216312,0.0
25.0,0.0,0.11395789362501495,0.031073314305055583
25.0,0.0,0.20472855761521916,0.21751320013538916
25.0,0.0,0.3363661872432082,0.3933136689471775
25.0,0.0,0.5187619410829858,0.610265333302285
25.0,0.0,0.7342867464620051,0.8266552255201873
25.0,0.0,1.011189218462896,1.1055908687532858
25.0,0.0,1.4760602085417163,1.653646552868114
25.0,0.0,1.9511696702123056,2.145154002504915
25.0,0.0,1.8704341785311247,1.6398343232902841
25.0,0.0,2.0979792064538922,1.8841904838124726
25.0,0.0,1.9607335637694066,1.4440143924291529
25.0,0.0,1.8244696592851282,1.1484966317488412
25.0,0.0,1.6210280397596135,0.8407839430852867
25.0,0.0,1.441914985705484,0.6084207210658843
25.0,0.0,1.36211926040947,0.5692051458068783
25.0,0.0,1.3186776622898309,0.7223299582340459
25.0,0.0,0.7764331832136344,0.015536657152527791
25.0,0.0,0.5471754184667952,0.0
25.0,0.0,0.3676780135617203,0.0
25.0,0.0,0.22285255151386082,0.0
25.0,0.0,0.11296405118516607,0.0
25.0,0.0,0.02244083625838458,0.0
24.97938974970979,0.0,0.0,0.0
24.952111098135244,0.0,0.0,0.0
24.94411302852175,0.0,0.0,0.031073314305055583
24.971391680096293,0.0,0.037149043125092346,0.22528153214149527
25.0,0.0,0.1461434100451475,0.41690519823543126
25.0,0.0,0.2631386583290037,0.5379586438785967
25.0,0.0,0.4631370309998682,0.7794836351008739
25.0,0.0,0.9445599303036174,1.383604392563777
25.0,0.0,1.3472028393294264,1.6834817525998844
25.0,0.0,1.9237342626017926,2.182375492295799
25.0,0.0,2.225351959524277,2.1699246523737146
25.0,0.0,2.3847510633585545,2.019316096719443
25.0,0.0,2.263718776931928,1.5740055186720197
25.0,0.0,2.061364300247151,1.1979993266639524
25.0,0.0,1.7390646287636384,0.7203935408943696
25.0,0.0,1.5714838262774882,0.548075110855757
25.0,0.0,1.5299885624839387,0.5434255720191239
25.0,0.0,1.4986993172192968,0.7195215868902196
25.0,0.0,0.9736559726369484,0.10689139236746611
25.0,0.0,0.6633021950307092,0.0
25.0,0.0,0.471413419816761,0.0
25.0,0.0,0.35727441869938853,0.0
25.0,0.0,0.2662181918463466,0.0
25.0,0.0,0.16721706892193955,0.0
25.0,0.0,0.04479114153090146,0.0
24.96807566950887,0.0,0.0,0.0
24.925546469053266,0.0,0.0,0.027189150016923645
24.957470799544396,0.0,0.032651538294966385,0.2269919846345468
25.0,0.0,0.2167689982281202,0.45392948477699624
25.0,0.0,0.47728850085061114,0.5926561397663987
25.0,0.0,0.7798224520215363,0.7284891432826535
25.0,0.0,1.0787956144786586,0.8519057352003481
25.0,0.0,1.4547504613624915,1.18045662414394
25.0,0.0,2.1003555545299766,2.022347599151201
25.0,0.0,2.5851687739669917,2.451868166412705
25.0,0.0,2.7352332016341663,2.240068141593498
25.0,0.0,2.5484148438876666,1.5734866793113418
25.0,0.0,2.576022665492823,1.46520050460124
25.0,0.0,2.2527708221004774,0.8491083469515486
25.0,0.0,2.025794421799461,0.5911053157384466
25.0,0.0,1.8990520009228609,0.5154819865556671
25.0,0.0,1.9038870666971748,0.8003427070570442
25.0,0.0,1.386652594363865,0.17709037241854986
25.0,0.0,1.0512523937601994,0.0
25.0,0.0,0.8347062725964901,0.0
25.0,0.0,0.6835099958768034,0.0
25.0,0.0,0.5673237843923804,0.0
25.0,0.0,0.464540541272646,0.0
25.0,0.0,0.3622412334221331,0.0
25.0,0.0,0.2654890017755517,0.0
25.0,0.0,0.3372722468447642,0.2591023799567567
25.0,0.0,0.6694730661662631,0.7919107683224261
25.0,0.0,0.6941906369345411,0.622335074019051
25.0,0.0,0.7904446533102439,0.5547786860511319
25.0,0.0,1.204310912708857,0.8206695396174963
25.0,0.0,1.7242419294894593,1.1486201171568287
25.0,0.0,2.2501740183086723,1.5423820587448391
25.0,0.0,2.651542868382029,1.8963049427290202
25.0,0.0,2.9253183589458382,1.9942472558870883
25.0,0.0,3.0709175980175174,1.844085900692274
25.0,0.0,3.0915299652525086,1.511844019811434
25.0,0.0,2.96250616139337,1.0689933526787823
25.0,0.0,2.745237573206695,0.7231138826904997
25.0,0.0,2.5125778003100923,0.49133191467231513
25.0,0.0,2.47014017841486,0.580918516568288
25.0,0.0,2.2531890817349063,0.4659805259490479
25.0,0.0,1.8305052129849595,0.015536657152527791
25.0,0.0,1.62481549949631,0.0
25.0,0.0,1.4993770236796262,0.0
25.0,0.0,1.4082342254018212,0.0
25.0,0.0,1.3223049651626286,0.0
25.0,0.0,1.2142696731283245,0.0
25.0,0.0,1.082310278295473,0.0
25.0,0.0,0.9519689212109936,0.0
25.0,0.0,0.8635459636291408,0.02330498572879169
25.0,0.0,0.9250943913478356,0.22139737299812665
25.0,0.0,1.0435762634777348,0.41560559083456633
25.0,0.0,1.2060129522899177,0.5473879436679371
25.0,0.0,1.4923666410925134,0.8260283388734547
25.0,0.0,1.8692688654899798,1.1742297205352188
25.0,0.0,2.121878249493731,1.3072582561054107
25.0,0.0,2.8332610774495053,2.2898230879761696
25.0,0.0,2.5347874525926857,1.3797727177861252
25.0,0.0,2.374341432222217,1.0372027756658042
25.0,0.0,2.4015339436568404,1.1063360718343824
25.0,0.0,2.2494040201891847,0.8470907900849015
25.0,0.0,2.1163461224601874,0.7209385815046258
25.0,0.0,1.9384361066288367,0.5375371860317757
25.0,0.0,1.7374032948874,0.38841646311161726
25.0,0.0,1.4643441766074181,0.17478740840022777
25.0,0.0,1.1886906231678829,0.011652492864395845
25.0,0.0,0.989784746279248,0.0
25.0,0.0,0.8410542080979696,0.0
25.0,0.0,0.7435994709631794,0.0
25.0,0.0,0.6578787183520681,0.0
25.0,0.0,0.5658398293856509,0.0
25.0,0.0,0.45863115538357907,0.0
25.0,0.0,0.359333655754405,0.0
25.0,0.0,0.2954245103653213,0.01942082315558086
25.0,0.0,0.6354837618365047,0.6361457761313001
25.0,0.0,0.6889819770256872,0.5379641411045081
25.0,0.0,0.8317813761537803,0.6315633742309705
25.0,0.0,1.1625831385490408,0.8736545376384033
25.0,0.0,1.5807903865107558,1.2224518418994303
25.0,0.0,2.173443336640129,1.8867012047524763
25.0,0.0,2.5629209423562944,2.2033471512965144
25.0,0.0,2.4266123689087546,1.6562480696381614
25.0,0.0,2.525064819084752,1.7325432607205324
25.0,0.0,2.521106641197855,1.5888413401218449
25.0,0.0,2.358231682017544,1.2522576933951297
25.0,0.0,2.0226988595640916,0.7546152336222426
25.0,0.0,1.7859941806082498,0.5402749234902556
25.0,0.0,1.5684804954204932,0.4117214179718288
25.0,0.0,1.2676476923336466,0.19032405869307104
25.0,0.0,0.9600832774546466,0.011652492864395845
25.0,0.0,0.7523049828818653,0.0
25.0,0.0,0.6388859559740215,0.0
25.0,0.0,0.5941189421667594,0.0
25.0,0.0,0.5627217784020225,0.0
25.0,0.0,0.5109122168021956,0.0
25.0,0.0,0.4151065799673638,0.0
25.0,0.0,0.32034770656682665,0.0
25.0,0.0,0.2710735687448404,0.01942082315558086
25.0,0.0,0.36085169730012745,0.19809237697980822
25.0,0.0,0.5425726093018197,0.4350264002707783
25.0,0.0,0.7421140814571684,0.6231794730253125
25.0,0.0,1.1250241364176004,1.056847522186037
25.0,0.0,1.4474065208496985,1.272978429603561
25.0,0.0,1.8894342766626828,1.6611500097006993
25.0,0.0,2.2840346894358423,1.9293817636381574
25.0,0.0,2.731283400227403,2.3219691982205948
25.0,0.0,2.34238313715892,1.3260689630397398
25.0,0.0,2.570693318950798,1.7958983405636728
25.0,0.0,2.0445240984622393,0.8647106087302164
25.0,0.0,1.834627563550643,0.6826089150486687
25.0,0.0,1.697696262341075,0.517353623710244
25.0,0.0,1.5821189785414833,0.3845322902488797
25.0,0.0,1.3798344920265824,0.1709032355374902
25.0,0.0,1.1408545261457281,0.011652492864395845
25.0,0.0,0.9682812969213976,0.0
25.0,0.0,0.8205943989034777,0.0
25.0,0.0,0.7126858948432587,0.0
25.0,0.0,0.6284789283108775,0.0
25.0,0.0,0.5485518201492959,0.0
25.0,0.0,0.4690558659096213,0.0
25.0,0.0,0.3891513447764575,0.0
25.0,0.0,0.314772463499798,0.011652492864395845
25.0,0.0,0.3281359387781089,0.1709032355374902
25.0,0.0,0.4514791118687491,0.40395309968509163
25.0,0.0,0.6644490091213731,0.5772916430051868
25.0,0.0,1.091162794602246,0.9234768552291046
25.0,0.0,1.4586495347954769,1.07030601343779
25.0,0.0,1.9598446286891624,1.4894652871718108
25.0,0.0,2.453032284741518,1.9549620661019793
25.0,0.0,2.917571689458572,2.4512349766552695
25.0,0.0,2.5863132858422127,1.6137398928463498
25.0,0.0,2.1292167982700305,0.9591667530814721
25.0,0.0,1.880916418887969,0.873936973404294
25.0,0.0,1.5981879290828187,0.7146862701743855
25.0,0.0,1.333676866771671,0.5942771858169007
25.0,0.0,1.0338935035536025,0.3767639170846668
25.0,0.0,0.7488092253153606,0.1670190763941216
25.0,0.0,0.5096199538263237,0.011652492864395845
25.0,0.0,0.3770312992714996,0.0
25.0,0.0,0.30120025720045507,0.0
25.0,0.0,0.2594454885994734,0.0
25.0,0.0,0.22559732478567132,0.0
25.0,0.0,0.17771043650822926,0.0
25.0,0.0,0.11266132894842788,0.0
25.0,0.0,0.04542432781566782,0.0
24.9959651580404,0.0,0.0,0.01942082315558086
24.9959651580404,0.0,0.051520037138357615,0.2058607089859144
25.0,0.0,0.16109137755952865,0.40395309968509163
25.0,0.0,0.27207376936634114,0.5032545877555898
25.0,0.0,0.5106456081699435,0.8149150619343627
25.0,0.0,0.7235352527353907,1.0096012646957995
25.0,0.0,0.8783266447749176,1.1223666889915664
25.0,0.0,0.92145319056162,1.093616037464468
25.0,0.0,0.9474806666344859,1.0548464341195163
25.0,0.0,1.1768822777057035,1.3622575073405894
25.0,0.0,1.5047669124144563,1.680139968125526
25.0,0.0,1.4665776889704203,1.3140538144492582
25.0,0.0,1.2350571142309652,0.8155976078991686
25.0,0.0,1.056825427799825,0.5330617211027531
25.0,0.0,1.07076263043736,0.5996922459273971
25.0,0.0,0.8265105019362494,0.3792153610036146
25.0,0.0,0.43624503801512116,0.007768328576263896
25.0,0.0,0.2189140634008153,0.0
25.0,0.0,0.0543257805311522,0.0
24.982483455373682,0.0,0.0,0.0
24.947437458576964,0.0,0.0,0.0
24.924061643374557,0.0,0.0,0.0
24.911144526460856,0.0,0.0,0.0
24.895872287744993,0.0,0.0,0.0
24.865008328303517,0.0,0.0,0.015536657152527791
24.85851912759322,0.0,0.0,0.17478740840022777
24.937346200745115,0.0,0.0952987289273733,0.5928219066586087
25.0,0.0,0.16356525244412803,0.5895270958875982
25.0,0.0,0.48013340912721303,0.7364931660771352
25.0,0.0,0.9073188118090184,1.1055428889600847
25.0,0.0,0.9702367084965873,1.002114403487254
25.0,0.0,0.7285303576714149,0.6758445964244858
25.0,0.0,0.5867149712471533,0.691381287875436
25.0,0.0,0.5885339840137345,0.8996062377615271
25.0,0.0,0.729728807877222,1.131400766688278
25.0,0.0,0.6547269987833635,0.8700528005415566
25.0,0.0,0.4626064255999032,0.45056306428299053
25.0,0.0,0.3695884729911389,0.3340381527882432
25.0,0.0,0.2674286338328723,0.21362904099202054
25.0,0.0,0.16406775863834708,0.14371408037580322
25.0,0.0,0.02487870318386639,0.007768328576263896
24.975744108323433,0.0,0.0,0.0
24.935746907868264,0.0,0.0,0.0
24.906738298609007,0.0,0.0,0.0
24.880849641378006,0.0,0.0,0.0
24.848000217448472,0.0,0.0,0.0
24.802032824355145,0.0,0.0,0.0
24.751895541393317,0.0,0.0,0.0
24.70773276910752,0.0,0.0,0.007768328576263896
24.69598823492635,0.0,0.0,0.10487244092432597
24.732298394798732,0.0,0.0,0.22528153214149527
24.859712285844033,0.0,0.0,0.5476671663415258
24.979418149036945,0.0,0.08459449567823968,0.6550918644088787
25.0,0.0,0.34694473841958423,0.8648822526214996
25.0,0.0,0.562634155834312,1.025794082216269
25.0,0.0,0.7041073477792977,1.07852477031577
25.0,0.0,0.8597745891565137,1.1636239085689393
25.0,0.0,0.9991178186797494,1.0983120933648707
25.0,0.0,1.4495791045432027,1.5517382256250776
25.0,0.0,1.477927012832297,1.2057679499424818
25.0,0.0,1.194963530792237,0.6917081530517324
25.0,0.0,0.9171490146265731,0.5001402277997257
25.0,0.0,0.6528082497433934,0.37287977166066705
25.0,0.0,0.3876719010077148,0.163134917250753
25.0,0.0,0.22294415934261147,0.007768328576263896
25.0,0.0,0.16205347128497832,0.0
25.0,0.0,0.113944252994956,0.0
25.0,0.0,0.05679049793553228,0.0
24.995919321575904,0.0,0.0,0.0
24.961484515405783,0.0,0.0,0.0
24.909570616150972,0.0,0.0,0.0
24.867173621502065,0.0,0.0,0.0
24.827929348358147,0.0,0.0,0.011652492864395845
24.833461105485213,0.0,0.0,0.17867156754359637
24.892114018777555,0.0,0.0,0.34957481680045555
24.963414062469518,0.0,0.04951752319365268,0.5437830483562642
25.0,0.0,0.21446324522985377,0.6801989140376079
25.0,0.0,0.6316462156127333,1.1283940047141867
25.0,0.0,1.1213591620942396,1.5927594335570918
25.0,0.0,1.561707318358256,1.9312775905707442
25.0,0.0,1.640808772696457,1.660333527655083
25.0,0.0,1.4723142484376632,1.1736520385361817
25.0,0.0,1.8857060766661582,1.896315157872592
25.0,0.0,1.562953414142216,1.1897083570732223
25.0,0.0,1.276028774724982,0.7373835764367435
25.0,0.0,1.1385329633676802,0.5706971885415587
25.0,0.0,1.053600222984387,0.4433527831378199
25.0,0.0,0.9471873730126713,0.40070061707363236
25.0,0.0,0.5690349131877883,0.003884164288131948
25.0,0.0,0.3552837368223845,0.0
25.0,0.0,0.1691847981183188,0.0
25.0,0.0,0.024481811639254576,0.0
24.965135464083318,0.0,0.0,0.0
24.917226373964183,0.0,0.0,0.0
24.901059047549943,0.0,0.0,0.0
24.891239935847373,0.0,0.0,0.0
24.863984280951147,0.0,0.0,0.007768328576263896
24.92171248277285,0.0,0.1855601854767479,0.6556918148487506
25.0,0.0,0.09999105392662588,0.5068566325238648
25.0,0.0,0.20509136979603176,0.527136107774319
25.0,0.0,0.6210357992109574,0.8024534946363405
25.0,0.0,1.205887988654059,1.2798453400330572
25.0,0.0,1.766573149865265,1.7409810527240854
25.0,0.0,2.117616505982215,1.9705855600420912
25.0,0.0,2.3783138283253193,2.111303746323798
25.0,0.0,2.6187811448651983,2.182716231067518
25.0,0.0,2.5129127453935993,1.6332929243839962
25.0,0.0,2.348487878925241,1.1998456039083076
25.0,0.0,2.074064486856013,0.7987722163534879
25.0,0.0,1.8332494782252533,0.5768902118543405
25.0,0.0,1.7288627750661705,0.5355999755047206
25.0,0.0,1.5510073701429226,0.4319965245319114
25.0,0.0,1.1824424508707467,0.003884164288131948
25.0,0.0,1.001619041789761,0.0
25.0,0.0,0.8107087032592406,0.0
25.0,0.0,0.6238486099372756,0.0
25.0,0.0,0.45907068047114685,0.0
25.0,0.0,0.3598028248494989,0.0
25.0,0.0,0.3330120386265157,0.0
25.0,0.0,0.33783106079629865,0.0
25.0,0.0,0.35472102643329384,0.011652492006935284
25.0,0.0,0.46022919321609757,0.17478740840022777
25.0,0.0,0.5716364080441417,0.3418064710749804
25.0,0.0,0.6118797599698397,0.3418064710749804
25.0,0.0,0.688794409797556,0.45444723714572804
25.0,0.0,0.7565271281494804,0.5515513392042635
25.0,0.0,1.003950056576917,0.9943460577617786
25.0,0.0,1.112422277771952,1.0879939287775353
25.0,0.0,1.2853590537527635,1.286548249726322
25.0,0.0,1.3646825493732062,1.192229068619679
25.0,0.0,1.6821128220099653,1.5166819382928631
25.0,0.0,1.6235871142793217,1.1327117176682746
25.0,0.0,1.4635429381759522,0.8673460585376523
25.0,0.0,1.0998874580557054,0.47137407006115806
25.0,0.0,0.9845788672611928,0.534152963657073
25.0,0.0,0.8672194435060535,0.6036409126514503
25.0,0.0,0.3906983260034596,0.003884164288131948
25.0,0.0,0.21352839065380166,0.0
25.0,0.0,0.07501395174226166,0.0
24.979969037824585,0.0,0.0,0.0
24.922382670415214,0.0,0.0,0.0
24.860529207655738,0.0,0.0,0.0
24.815089106112627,0.0,0.0,0.0
24.767354569190697,0.0,0.0,0.0
24.69930945145164,0.0,0.0,0.007768328576263896
24.662244516176543,0.0,0.0,0.17867156754359637
24.68582824227157,0.0,0.0,0.37976435959290167
24.778914747527246,0.0,0.0,0.6012446102910245
24.92640260812376,0.0,0.07343095261209075,0.8238590963104725
25.0,0.0,0.21716890537994105,0.8646802504193648
25.0,0.0,0.3007960591774867,0.968237312742464
25.0,0.0,0.9454158643315491,2.2785832213457815
25.0,0.0,0.8125674828015649,1.9187182927673678
25.0,0.0,0.8039520149365045,1.758746102016771
25.0,0.0,0.5948542526579048,1.0484113636944046
25.0,0.0,0.5783268187109772,0.8023601250135861
25.0,0.0,0.6188124291830576,0.6937735763549686
25.0,0.0,0.5847777878162984,0.618766700841767
25.0,0.0,0.4862183600519508,0.46292418841850635
25.0,0.0,0.2524233939684846,0.2904292691246706
24.9587622345435,0.0,0.0,0.0
24.83507050365516,0.0,0.0,0.0
24.71017285616209,0.0,0.0,0.0
24.63852934160159,0.0,0.0,0.0
24.579483045628663,0.0,0.0,0.0
24.511414682828182,0.0,0.0,0.0
24.426484819355423,0.0,0.0,0.0
24.333016506013347,0.0,0.0,0.0
24.272468547186968,0.0,0.0,0.11072261584150629
24.377721207040857,0.0,0.0,0.611009867907667
24.440610582610525,0.0,0.0,0.45340088550160385
24.49392105737778,0.0,0.0,0.6499713394675094
24.76996732141576,0.0,0.0,1.055862710855743
24.96827610838601,0.0,0.22590608484925018,1.3064674272565566
25.0,0.0,0.5776610551585973,1.5285913078734428
25.0,0.0,1.0375821940956584,2.016896669309168
25.0,0.0,0.7073860586598231,1.0883591570080011
25.0,0.0,0.7633347396043973,1.1636842928672875
25.0,0.0,0.700816106625894,0.9626313403108359
25.0,0.0,0.661575761245921,0.8556292797173388
25.0,0.0,0.5465617706000516,0.6374287690111113
25.0,0.0,0.4690087551974526,0.5604400534348551
25.0,0.0,0.28951025693942534,0.3140291417404971
25.0,0.0,0.08580990031136025,0.15148241238190935
24.935146412495968,0.0,0.0,0.0
24.81899249266103,0.0,0.0,0.0
24.71785992607701,0.0,0.0,0.0
24.634233137385564,0.0,0.0,0.0
24.55860928343502,0.0,0.0,0.0
24.469600820167386,0.0,0.0,0.0
24.36717843474805,0.0,0.0,0.0
24.25661684753913,0.0,0.0,0.0
24.152117056403675,0.0,0.0,0.003884164288131948
24.11137202556911,0.0,0.0,0.1849190061421513
24.15670805864309,0.0,0.0,0.40006892682235407
24.270630079837673,0.0,0.0,0.5903930129541631
24.47190470623071,0.0,0.0,0.7962537356594465
24.697133423681656,0.0,0.0,0.8539729097870405
24.899054948808033,0.0,0.03866990145430059,0.9503275854834299
25.0,0.0,0.7463113106952045,1.8788742860465668
25.0,0.0,0.7389424020098684,1.2757834697316135
25.0,0.0,1.012715348086365,1.5019583761100306
25.0,0.0,1.1710354341678046,1.5284177065945295
25.0,0.0,1.065674417889588,1.1689712542189912
25.0,0.0,0.929756363283458,0.8787676736773637
25.0,0.0,0.701156441894701,0.49378322418595155
25.0,0.0,0.6974129530046533,0.5412081785161187
25.0,0.0,0.628098072033948,0.6032741834893277
25.0,0.0,0.1021973343374379,0.0
24.933085126042712,0.0,0.0,0.0
24.807125577670114,0.0,0.0,0.0
24.716480895617458,0.0,0.0,0.0
24.654526306831606,0.0,0.0,0.0
24.593434330880346,0.0,0.0,0.0
24.526524313139262,0.0,0.0,0.0
24.44953428746514,0.0,0.0,0.0
24.367703483379888,0.0,0.0,0.003884164288131948
24.46803920004245,0.0,0.0,0.6166211788696141
24.53431592132412,0.0,0.0,0.4337822985368135
24.53956526310874,0.0,0.0,0.45718410655250785
24.794144358011398,0.0,0.0,0.7691071384382246
24.984200857199536,0.0,0.4984623299091375,1.3589984572851626
25.0,0.0,0.969793689041083,1.6678763631312585
25.0,0.0,1.5227685416397192,2.316043073756329
25.0,0.0,1.772526696335602,2.374075365222799
25.0,0.0,1.5952648763527961,1.6771660507519586
25.0,0.0,1.9015933065910535,1.9129229772621614
25.0,0.0,1.678048799207358,1.1998669009964897
25.0,0.0,1.5048056118129898,0.8357490557436722
25.0,0.0,1.273932936413815,0.5389008148106124
25.0,0.0,1.126525517561038,0.41450516331419696
25.0,0.0,0.9742433743669404,0.41243296620412656
25.0,0.0,0.5424655716774901,0.0
25.0,0.0,0.30709784135129464,0.0
25.0,0.0,0.1099552877786482,0.0
24.976115008219494,0.0,0.0,0.0
24.901101090517056,0.0,0.0,0.0
24.81520180544066,0.0,0.0,0.0
24.74622792069436,0.0,0.0,0.0
24.67829028378014,0.0,0.0,0.0
24.608534893421982,0.0,0.0,0.0
24.718357081670952,0.0,0.0,0.6104610577133405
24.795703042205233,0.0,0.0,0.4358241099892732
24.808459712955763,0.0,0.0,0.48824098747476335
24.944856945228377,0.0,0.19815101820627104,0.7200519558530275
25.0,0.0,0.813792003401581,1.3211385533261073
25.0,0.0,1.4486771520377806,1.8587518475238705
25.0,0.0,1.9501681624936547,2.2703313338564697
25.0,0.0,2.256962695219392,2.3389240088358068
25.0,0.0,2.477165592289239,2.304798774683552
25.0,0.0,2.343837597622494,1.7030445742626652
25.0,0.0,2.1908124307537458,1.2964062757522925
25.0,0.0,1.8911951129505582,0.796490699077097
25.0,0.0,1.6188061567225587,0.4801684834768247
25.0,0.0,1.5013086666242696,0.39807899487289783
25.0,0.0,1.4890648215547602,0.5745567258496106
25.0,0.0,1.0134694157638944,0.0
25.0,0.0,0.8025424592978299,0.0
25.0,0.0,0.6207785209220149,0.0
25.0,0.0,0.4581849078111069,0.0
25.0,0.0,0.31480083050017127,0.0
25.0,0.0,0.17214998620993963,0.0
25.0,0.0,0.043091501223825615,0.0
24.96035433279954,0.0,0.0,0.0
24.875381260457534,0.0,0.0,0.0
24.915026927657994,0.0,0.126011095288381,0.598872443233243
25.0,0.0,0.027283434778510127,0.4276673984853743
25.0,0.0,0.18258954170653144,0.458011073032755
25.0,0.0,0.6757792959090875,0.7329197214195442
25.0,0.0,1.3274334911904184,1.2189911923373073
25.0,0.0,2.0159815915012906,1.8653843385999413
25.0,0.0,2.4225576793679324,2.189381012175445
25.0,0.0,2.702453956225783,2.3268102490871243
25.0,0.0,2.7073634061217793,1.9554853669771934
25.0,0.0,2.5499332936881385,1.4051033814689249
25.0,0.0,2.5838212530468363,1.2976621929677603
25.0,0.0,2.363310700833374,0.8428920172546231
25.0,0.0,2.1531882218511034,0.585028008666435
25.0,0.0,1.928183171028771,0.29715656891977366
25.0,0.0,1.6873057212472,0.1320615892263285
25.0,0.0,1.4430132018142547,0.0
25.0,0.0,1.2482357459063576,0.0
25.0,0.0,1.0539166422626294,0.0
25.0,0.0,0.8660601782686556,0.0
25.0,0.0,0.6885039156935656,0.0
25.0,0.0,0.5286324413794986,0.0
25.0,0.0,0.39414679509535033,0.0
25.0,0.0,0.27699989008346165,0.0
25.0,0.0,0.17097612705705817,0.0
25.0,0.0,0.4425482599187914,0.5629634939290115
25.0,0.0,0.41450548977599183,0.4000098394920133
25.0,0.0,0.5530394809965219,0.4446928678523263
25.0,0.0,1.0331838331149468,0.7313999243916256
25.0,0.0,1.6311909637463313,1.1470534940805168
25.0,0.0,2.4273519294368047,1.9034217733658332
25.0,0.0,2.8062094116247316,1.9812706531729323
25.0,0.0,3.156656990508863,2.1818037685070446
25.0,0.0,3.4029233784094117,2.2587842758318506
25.0,0.0,3.4004160183457053,1.958569961526185
25.0,0.0,3.006887128398076,1.1875908943055085
25.0,0.0,2.714149135148659,0.806450030525393
25.0,0.0,2.4418226330236372,0.5377000763370454
25.0,0.0,2.3489377992976856,0.5044321985951449
25.0,0.0,2.092329659659137,0.344225410691051
25.0,0.0,1.6790671793024294,0.0
25.0,0.0,1.427627071812264,0.0
25.0,0.0,1.2168428378390268,0.0
25.0,0.0,1.0529943837716726,0.0
25.0,0.0,0.9096028040853708,0.0
25.0,0.0,0.775297451974968,0.0
25.0,0.0,0.6480266843116179,0.0
25.0,0.0,0.5399214717118997,0.0
25.0,0.0,0.4739695760554605,0.0
25.0,0.0,0.531148516414299,0.15148241238190935
25.0,0.0,0.7040052640088672,0.3767639170846668
25.0,0.0,0.9009743734277111,0.564593881747256
25.0,0.0,1.2886730601821506,0.939065873648846
25.0,0.0,1.6292803424840936,1.1221436626900338
25.0,0.0,2.0094628262164607,1.2904616383861922
25.0,0.0,2.745087510768717,2.0523960177977507
25.0,0.0,2.580027110946264,1.0914655701533567
25.0,0.0,2.844026246922545,1.4044764796904194
25.0,0.0,3.1727268545360614,1.9025076080175325
25.0,0.0,2.734995053467719,1.1310406221612432
25.0,0.0,2.2792150650904577,0.6626380292693489
25.0,0.0,1.937447874802876,0.47600770988692137
25.0,0.0,1.6323665008444286,0.326269834501506
25.0,0.0,1.3262356878479316,0.11264076607074763
25.0,0.0,1.1064176068018747,0.0
25.0,0.0,0.9738370475106056,0.0
25.0,0.0,0.8696131506869035,0.0
25.0,0.0,0.7699826817579984,0.0
25.0,0.0,0.6622593063426676,0.0
25.0,0.0,0.5388506743058112,0.0
25.0,0.0,0.3964409874433962,0.0
25.0,0.0,0.2500395749479503,0.0
25.0,0.0,0.10539786623310647,0.0
25.0,0.0,0.32267988438967016,0.5389845185526914
25.0,0.0,0.2687431981339938,0.38871531793171005
25.0,0.0,0.3739159818882116,0.43856476100456593
25.0,0.0,0.824428384855548,0.7316488919315787
25.0,0.0,1.4555264373124779,1.2621837951479467
25.0,0.0,2.1849934734675482,1.963240559425135
25.0,0.0,2.742689305764822,2.4288658434941857
25.0,0.0,2.7179717670974948,1.8893103749797235
25.0,0.0,3.1974824974568277,2.473591385289528
25.0,0.0,3.0759653785657513,1.8550625691611182
25.0,0.0,2.7720213753490763,1.2253730296234009
25.0,0.0,2.4936948118344944,0.8464032389156697
25.0,0.0,2.1396855925527376,0.4747068649659997
25.0,0.0,1.964069587109043,0.3925735226567073
25.0,0.0,1.8315080030830235,0.46146298742177955
25.0,0.0,1.357980747447792,0.0
25.0,0.0,1.1147761010846766,0.0
25.0,0.0,0.9175150116222277,0.0
25.0,0.0,0.7613441693415693,0.0
25.0,0.0,0.6211388260127972,0.0
25.0,0.0,0.49301496181126925,0.0
25.0,0.0,0.3954442282379427,0.0
25.0,0.0,0.3035145683844813,0.0
25.0,0.0,0.19962443585187428,0.0
25.0,0.0,0.3213100266285215,0.35555256339937813
25.0,0.0,0.3383674758874096,0.399479376224264
25.0,0.0,0.5359167458770147,0.580774431115052
25.0,0.0,0.8601323299596454,0.7909524220900923
25.0,0.0,1.065508043963847,0.7888148813743375
25.0,0.0,1.399880933417929,1.2017980279945635
25.0,0.0,1.3619668180333164,1.0845325057202582
25.0,0.0,1.5099615472202843,1.387080580427521
25.0,0.0,1.465196082794476,1.192438489619063
25.0,0.0,2.008926165286531,1.9558740308542963
25.0,0.0,1.939790029032891,1.4318021433153825
25.0,0.0,1.7630803660977026,0.988995703187319
25.0,0.0,1.4411400053974,0.48704952132865237
25.0,0.0,1.2509038798733672,0.318501488776031
25.0,0.0,1.0148992579911122,0.10098827492127291
25.0,0.0,0.8395923089617685,0.0
25.0,0.0,0.7160709474494635,0.0
25.0,0.0,0.6107391718302259,0.0
25.0,0.0,0.5166095101840781,0.0
25.0,0.0,0.425381307341886,0.0
25.0,0.0,0.33815392817056106,0.0
25.0,0.0,0.2636404699770032,0.0
25.0,0.0,0.1976099249704728,0.0
25.0,0.0,0.14575177258640504,0.0
25.0,0.0,0.1862786956282798,0.13594576208906606
25.0,0.0,0.31292507776699496,0.3418064710749804
25.0,0.0,0.4722080803771435,0.5593196300522627
25.0,0.0,0.656671478920115,0.7690645804977594
25.0,0.0,0.8051939606412148,0.8428637002573455
25.0,0.0,0.984927755350808,0.96327278461483
25.0,0.0,1.1706696841678543,1.0637641264623063
25.0,0.0,1.6147546634965044,1.6180165730519673
25.0,0.0,2.150727958389665,2.190333993589547
25.0,0.0,2.22145387726962,1.8152004912925412
25.0,0.0,2.1468019412472494,1.4267572898861525
25.0,0.0,1.81605259791939,0.8553353172842383
25.0,0.0,1.4624185938250838,0.4877953476884695
25.0,0.0,1.306868939609849,0.4393244633546549
25.0,0.0,0.9466154004540214,0.10487244092432597
25.0,0.0,0.7173530808191411,0.0
25.0,0.0,0.5666282257519035,0.0
25.0,0.0,0.44632751864566267,0.0
25.0,0.0,0.3574531687033919,0.0
25.0,0.0,0.27367794187011896,0.0
25.0,0.0,0.17926935413176476,0.0
25.0,0.0,0.07362110047015852,0.0
24.987699606604465,0.0,0.0,0.0
24.94737619060124,0.0,0.0,0.0
24.945709259116242,0.0,0.0,0.1320615892263285
24.986032675119468,0.0,0.092850132254017,0.3379222982122429
25.0,0.0,0.2884227061944936,0.5554355120670009
25.0,0.0,0.5324702212037503,0.765180352757546
25.0,0.0,0.7142203132611433,0.8389795273946078
25.0,0.0,0.8790928562763616,0.9593885568746168
25.0,0.0,1.0216242449774775,1.0875186528560379
25.0,0.0,1.048147395966678,1.0071914883294804
25.0,0.0,1.2113915372536495,1.1476150518117858
25.0,0.0,1.6041647826606398,1.6110715783610963
25.0,0.0,1.5058703462698193,1.1257979729302203
25.0,0.0,1.3096712168659157,0.763351641734775
25.0,0.0,1.0608123454477187,0.5317981237807575
25.0,0.0,0.9117871502920509,0.4392238787575386
25.0,0.0,0.5731187564325066,0.08933578377179818
25.0,0.0,0.38492803852128016,0.0
25.0,0.0,0.272178667485811,0.0
25.0,0.0,0.19182094856602713,0.0
25.0,0.0,0.12772692511705422,0.0
25.0,0.0,0.07546793519687425,0.0
25.0,0.0,0.03966218109223215,0.0
25.0,0.0,0.02196200185525716,0.0
25.0,0.0,0.006927328511212383,0.0
24.995204695499602,0.0,0.0,0.0
24.995204695499602,0.0,0.022168552280749685,0.11652493893348519
25.0,0.0,0.09488820278359829,0.2890601824660023
25.0,0.0,0.25831075376682244,0.6113758784724607
25.0,0.0,0.5816464592811745,1.0461139846174323
25.0,0.0,0.8810245528964232,1.3699992971126094
25.0,0.0,0.855930023624864,1.0070314032933982
25.0,0.0,0.9998472376050066,1.0021290200028934
25.0,0.0,1.2739400346327683,1.2160948414529162
25.0,0.0,2.056820561271339,2.2974573265037384
25.0,0.0,2.2646525891377034,2.0797437450439378
25.0,0.0,2.0431003505014083,1.3643828740006467
25.0,0.0,1.7041928883915047,0.7801357001314569
25.0,0.0,1.4105556578973562,0.4395589144972649
25.0,0.0,1.270408454150917,0.32974394630677306
25.0,0.0,1.1432844639410662,0.307593507277985
25.0,0.0,0.8291547011654216,0.0
25.0,0.0,0.6496690525769453,0.0
25.0,0.0,0.46960534864823983,0.0
25.0,0.0,0.2937932641712541,0.0
25.0,0.0,0.13374204545946364,0.0
25.0,0.0,0.004152148316174538,0.0
24.96126033492103,0.0,0.0,0.0
24.89524637984072,0.0,0.0,0.0
24.827561123100985,0.0,0.0,0.0
24.878800897038936,0.0,0.0,0.4206143736440727
24.936833646740098,0.0,0.0,0.34769616590537644
24.951607827882455,0.0,0.13063151130844844,0.42676986197697514
25.0,0.0,0.6844360372635775,0.7455283586468913
25.0,0.0,1.4656797214295754,1.2931102934460315
25.0,0.0,2.201545326335933,1.8155770345278357
25.0,0.0,2.7579015746190354,2.2177839675464726
25.0,0.0,3.178867189764488,2.4516760346670017
25.0,0.0,3.389672841716868,2.3803060405930467
25.0,0.0,3.3064451318169286,1.869133311830972
25.0,0.0,3.084077519546554,1.3253108458838456
25.0,0.0,2.7314164320186602,0.7732252202677478
25.0,0.0,2.396574851311622,0.4142250883362104
25.0,0.0,2.255049868814943,0.36746539600085515
25.0,0.0,2.008071065883357,0.330020882836026
25.0,0.0,1.5557201130361338,0.0
25.0,0.0,1.2938394708082745,0.0
25.0,0.0,1.1793939965014335,0.0
25.0,0.0,1.2002053702257318,0.0
25.0,0.0,1.2563747702397166,0.0
25.0,0.0,1.294574686969459,0.0
25.0,0.0,1.2514578127596663,0.0
25.0,0.0,1.1336559943649223,0.0
25.0,0.0,0.9389582675673267,0.0
25.0,0.0,0.7818448626495632,0.10487244092432597
25.0,0.0,0.7068024667171994,0.28742816075160643
25.0,0.0,0.6483864907712754,0.3107331704892938
25.0,0.0,0.7350493798833405,0.42337393656004146
25.0,0.0,0.8436252442442814,0.5243622389200523
25.0,0.0,1.1133111557124924,0.9477360931638797
25.0,0.0,1.2862841786127925,1.1706157234191084
25.0,0.0,1.2378848622492498,1.0448402500998912
25.0,0.0,0.9967467592989044,0.6408871504147996
25.0,0.0,0.8841638725378369,0.5903930129541631
25.0,0.0,0.7763417820580313,0.5127097203318397
25.0,0.0,0.8382371002525906,0.7224546158998605
25.0,0.0,0.688145282478387,0.44922722012591054
25.0,0.0,0.6743072898303136,0.440713397053882
25.0,0.0,0.4048138129424155,0.06603079461316425
25.0,0.0,0.26000970169077237,0.0
25.0,0.0,0.15603765758796523,0.0
25.0,0.0,0.05330315804117062,0.0
24.978775953136903,0.0,0.0,0.0
24.92112236622101,0.0,0.0,0.0
24.85674894200001,0.0,0.0,0.0
24.80076344448618,0.0,0.0,0.0
24.74498668071857,0.0,0.0,0.0
24.686456332071373,0.0,0.0,0.0
24.736728911955655,0.0,0.0,0.37108358850640105
24.774166631398415,0.0,0.0,0.3456113029880723
24.78858752121792,0.0,0.0,0.4720945229946266
24.92331923485208,0.0,0.17545569665351649,0.8532561257069083
25.0,0.0,0.6700193435125483,1.4285674883535187
25.0,0.0,1.0287682488651222,1.6409070935876913
25.0,0.0,1.7569611232600841,2.5976711273543214
25.0,0.0,2.13206756056959,2.768028253104508
25.0,0.0,2.0751334312528424,2.261138299912799
25.0,0.0,1.8990829236078328,1.7607613827520996
25.0,0.0,1.7723390955313434,1.498135751330729
25.0,0.0,1.3847908842558698,0.86585462767473
25.0,0.0,1.0235154359961274,0.4515053015398901
25.0,0.0,0.885223045233692,0.3767335874166397
25.0,0.0,0.6381979787011691,0.20903509829331757
25.0,0.0,0.32554960435872393,0.0
25.0,0.0,0.10613570474509389,0.0
24.954905436987282,0.0,0.0,0.0
24.83952604503716,0.0,0.0,0.0
24.71458822474169,0.0,0.0,0.0
24.610352130954183,0.0,0.0,0.0
24.515107733955382,0.0,0.0,0.0
24.419957356090606,0.0,0.0,0.0
24.31299733006211,0.0,0.0,0.0
24.303218473208943,0.0,0.0,0.3464515955912677
24.29631334564983,0.0,0.0,0.2974995026051848
24.335281970892357,0.0,0.0,0.4687392535859801
24.646883685472893,0.0,0.0,0.8856085871894364
24.932459780685935,0.0,0.41268186497236053,1.4677856854079596
25.0,0.0,1.056979575163924,1.9682260660201856
25.0,0.0,1.78362966421783,2.6612057009030425
25.0,0.0,1.9137496107719278,2.2904245569515718
25.0,0.0,2.190360970758969,2.4382004518653675
25.0,0.0,2.1937328406086696,2.0869767333368703
25.0,0.0,1.804516847534081,1.2276422324211707
25.0,0.0,1.547945845648121,0.8171712994547616
25.0,0.0,1.2455419529122447,0.42186210840341914
25.0,0.0,1.102817001187068,0.2743134168585149
25.0,0.0,0.9235429694883917,0.2063105071111358
25.0,0.0,0.5870902470878274,0.0
25.0,0.0,0.34810374816830314,0.0
25.0,0.0,0.13159845492463826,0.0
24.977523810614883,0.0,0.0,0.0
24.890671331339483,0.0,0.0,0.0
24.781458561486524,0.0,0.0,0.0
24.685320365352617,0.0,0.0,0.0
24.585705930798817,0.0,0.0,0.0
24.488602356543208,0.0,0.0,0.0
24.49795690442197,0.0,0.0,0.3184943923926892
24.537075037551915,0.0,0.0,0.3125959428424987
24.60994660932429,0.0,0.0,0.41593357368292755
24.85092272585926,0.0,0.16336219377443031,0.7631621885050344
25.0,0.0,0.8112588902157425,1.3389809323097617
25.0,0.0,1.5685588325785567,1.8797926261445768
25.0,0.0,2.1456361994529853,2.2789578001706987
25.0,0.0,2.539625844405293,2.4126676132860077
25.0,0.0,2.7257591770640524,2.2545883488469327
25.0,0.0,2.7060995003402057,1.833405076782208
25.0,0.0,2.4859101674915696,1.2536764995874745
25.0,0.0,2.121366229803106,0.7005303038575409
25.0,0.0,1.7833520027346255,0.3801953269250873
25.0,0.0,1.6410694208921226,0.3292101843298787
25.0,0.0,1.4158135403097791,0.23767640153361946
25.0,0.0,1.0771633045046554,0.0
25.0,0.0,0.8503223058514009,0.0
25.0,0.0,0.6378079840421722,0.0
25.0,0.0,0.4460863615860661,0.0
25.0,0.0,0.27983529714438193,0.0
25.0,0.0,0.14694745288730096,0.0
25.0,0.0,0.053389958043391944,0.0
24.984442770130528,0.0,0.0,0.0
24.932425263203587,0.0,0.0,0.0
24.88617289541163,0.0,0.0,0.07768329262232344
24.93819040233857,0.0,0.0002369854149421574,0.326269834501506
25.0,0.0,0.2116673987391631,0.5321305297680514
25.0,0.0,0.6983232161822606,0.8421402171732519
25.0,0.0,1.364824117921744,1.3724467506637354
25.0,0.0,2.0087595652105583,1.9218435408810213
25.0,0.0,2.512174880819851,2.29083031034983
25.0,0.0,2.859264775824898,2.4221589312203937
25.0,0.0,3.03180472598205,2.2604868352694063
25.0,0.0,3.0185170271820003,1.832302047031964
25.0,0.0,2.7912529937644446,1.2256005534524308
25.0,0.0,2.473667912626479,0.7329051265691723
25.0,0.0,2.1167715005015957,0.38472638259816505
25.0,0.0,1.949377151045822,0.3343376718418465
25.0,0.0,1.6010642443682201,0.1254027341429643
25.0,0.0,1.2744503262578413,0.0
25.0,0.0,1.0295108357434704,0.0
25.0,0.0,0.83936690610751,0.0
25.0,0.0,0.7196784168192405,0.0
25.0,0.0,0.6395631744651068,0.0
25.0,0.0,0.5721925418635349,0.0
25.0,0.0,0.5032875957286806,0.0
25.0,0.0,0.4189997485065477,0.0
25.0,0.0,0.3293642156422963,0.0
25.0,0.0,0.293732414492123,0.08933578377179818
25.0,0.0,0.4130577065420705,0.32238566163876853
25.0,0.0,0.6752046749671312,0.5392046875281488
25.0,0.0,1.1537802504757242,0.9287185077544828
25.0,0.0,1.830375443317308,1.6127008895923867
25.0,0.0,2.118889268868742,1.753876699705375
25.0,0.0,2.678113587003835,2.5853812273372956
25.0,0.0,2.1201924278348367,1.1919694056893235
25.0,0.0,1.984347809455099,0.9956157289170489
25.0,0.0,2.3792800954324207,1.6121898665528174
25.0,0.0,2.147697462369518,0.9144585752348071
25.0,0.0,2.119184057902546,0.818717685114867
25.0,0.0,1.8737755454973375,0.49517991005361706
25.0,0.0,1.6304100784080138,0.2408181961537075
25.0,0.0,1.3579873233486754,0.050494137460636454
25.0,0.0,1.1293968020007903,0.0
25.0,0.0,0.9349748097573239,0.0
25.0,0.0,0.7579172219811153,0.0
25.0,0.0,0.6123443916413492,0.0
25.0,0.0,0.5033670350614718,0.0
25.0,0.0,0.4334106936203655,0.0
25.0,0.0,0.38054401402287313,0.0
25.0,0.0,0.3240472183934293,0.0
25.0,0.0,0.2356317410798349,0.0
25.0,0.0,0.2711514740034585,0.20785779256874173
25.0,0.0,0.2890926502710742,0.2952431680739748
25.0,0.0,0.44434642481516573,0.43124575972734974
25.0,0.0,0.9450596448132434,0.8442033286041765
25.0,0.0,1.612903959845191,1.4774093796959493
25.0,0.0,2.1368988838595313,1.8908299199978138
25.0,0.0,2.2705658417494687,1.7644270489811458
25.0,0.0,1.9813796868456361,1.0213624327284334
25.0,0.0,1.9421403726338031,0.9904619397765173
25.0,0.0,1.7167306696692848,0.5748563215032129
25.0,0.0,1.6234302095974837,0.4932888560181518
25.0,0.0,1.6526495178845653,0.6175821132383743
25.0,0.0,1.5596082325617397,0.4738680465819399
25.0,0.0,1.392021230174384,0.25247068730318223
25.0,0.0,1.178976111774666,0.050494137460636454
25.0,0.0,1.0079453013163018,0.0
25.0,0.0,0.8635965907456313,0.0
25.0,0.0,0.7268442514919944,0.0
25.0,0.0,0.6151300242417508,0.0
25.0,0.0,0.5301493249242938,0.0
25.0,0.0,0.4787567401569605,0.0
25.0,0.0,0.4521211165064111,0.0
25.0,0.0,0.4352657985314403,0.0
25.0,0.0,0.41637227125172405,0.0
25.0,0.0,0.4154744949916979,0.04272580888437255
25.0,0.0,0.4727632370243534,0.1670190763941216
25.0,0.0,0.6042017519266584,0.29131233361434394
25.0,0.0,0.7528734140285895,0.4078372725478292
25.0,0.0,0.8870998385444384,0.508825547469102
25.0,0.0,0.9399094058521101,0.5826246672286879
25.0,0.0,0.9121795598651321,0.6292346867040627
25.0,0.0,0.8582453495035911,0.6447713232775371
25.0,0.0,0.8231995041218922,0.6214663409785876
25.0,0.0,0.8349422197894294,0.5709722035179512
25.0,0.0,0.8501988311306518,0.4932888560181518
25.0,0.0,0.996393341805718,0.6836129421499608
25.0,0.0,0.9209585652895879,0.41186675139731455
25.0,0.0,0.8312825238034889,0.23269862504902655
25.0,0.0,0.6851554662522943,0.050494137460636454
25.0,0.0,0.5626351085546615,0.0
25.0,0.0,0.4437655353204415,0.0
25.0,0.0,0.31991146306043244,0.0
25.0,0.0,0.1970794579529886,0.0
25.0,0.0,0.07844728448196192,0.0
24.991270869232288,0.0,0.0,0.0
24.952387692673874,0.0,0.0,0.0
24.908686271165337,0.0,0.0,0.0
24.88558998787336,0.0,0.0,0.0
24.891607568490453,0.0,0.0,0.07768329262232344
24.953587028340845,0.0,0.022543094562360134,0.28742816075160643
25.0,0.0,0.21192259560317325,0.5049413746063645
25.0,0.0,0.4716283475337453,0.718570443037123
25.0,0.0,0.6524654371818582,0.7755368692626352
25.0,0.0,0.8981580895198406,1.1049124376024493
25.0,0.0,1.5518060571036767,2.2691890844097005
25.0,0.0,1.2579214392332911,1.438517497527073
25.0,0.0,1.088701566700345,1.1417853239383529
25.0,0.0,1.0338770969653543,1.0108504727841139
25.0,0.0,0.9751396654290067,0.8435200190534488
25.0,0.0,0.8942880960370531,0.6607299859610363
25.0,0.0,0.7435137293916261,0.3984013805011394
25.0,0.0,0.6093318749270353,0.25247068730318223
25.0,0.0,0.39123366955568295,0.04272580888437255
25.0,0.0,0.21264033126915619,0.0
25.0,0.0,0.05914824245833087,0.0
24.965230014109856,0.0,0.0,0.0
24.89709754425462,0.0,0.0,0.0
24.8320770670227,0.0,0.0,0.0
24.771584653884084,0.0,0.0,0.0
24.712913825222987,0.0,0.0,0.0
24.65231382379117,0.0,0.0,0.0
24.589738855774826,0.0,0.0,0.0
24.5451508961857,0.0,0.0,0.06603079461316425
24.578883191153402,0.0,0.0,0.28354398788886886
24.67045267331671,0.0,0.0,0.28742816075160643
24.857756638148516,0.0,0.05153588394351472,0.637002977552062
25.0,0.0,0.35612692040038785,0.8803104799548681
25.0,0.0,0.8348864157758846,1.3066865478386578
25.0,0.0,1.3755152595972322,1.9840980502623924
25.0,0.0,1.5839689403295052,1.9996199561567507
25.0,0.0,1.720895706425379,1.9398709506150638
25.0,0.0,1.7758896202499455,1.7117218180046154
25.0,0.0,1.599278874089343,1.1471329508083958
25.0,0.0,1.4636705705758988,0.8243858211799986
25.0,0.0,1.227949650211255,0.4386394065101177
25.0,0.0,1.078754760767026,0.2775872966769281
25.0,0.0,0.7878660303494689,0.03495747687826642
25.0,0.0,0.570687729308055,0.0
25.0,0.0,0.39275408021242275,0.0
25.0,0.0,0.2805448263897415,0.0
25.0,0.0,0.24081620130597406,0.0
25.0,0.0,0.21383816741130432,0.0
25.0,0.0,0.1543448703921846,0.0
25.0,0.0,0.05985991312375214,0.0
24.983996623928327,0.0,0.0,0.0
24.95198077847314,0.0,0.0,0.0
24.955309813085048,0.0,0.0,0.05437830003384729
24.987325658540236,0.0,0.025621442913211973,0.1592507443880155
25.0,0.0,0.0989801952522733,0.28354398788886886
25.0,0.0,0.14695739197433189,0.40006892682235407
25.0,0.0,0.20337156124636951,0.501057201743627
25.0,0.0,0.31125207865432053,0.5748563215032129
25.0,0.0,0.469157503510012,0.6214663409785876
25.0,0.0,0.6170886136248009,0.637002977552062
25.0,0.0,0.7272268731192243,0.6136979952531126
25.0,0.0,0.757305581235115,0.5632038577924761
25.0,0.0,0.7358920686416159,0.481636392307415
25.0,0.0,0.6877519362410143,0.3767639170846668
25.0,0.0,0.6252674806340089,0.26023903302865736
25.0,0.0,0.5790461958135307,0.2058607089859144
25.0,0.0,0.43841632503685507,0.03495747687826642
25.0,0.0,0.3217479555005492,0.0
25.0,0.0,0.21081794588027858,0.0
25.0,0.0,0.10643758621370782,0.0
25.0,0.0,0.022078878400449566,0.0
24.978516186859025,0.0,0.0,0.0
24.939048406853907,0.0,0.0,0.0
24.907389344662747,0.0,0.0,0.0
24.87351490239088,0.0,0.0,0.0
24.819229334056367,0.0,0.0,0.0
24.780232253976642,0.0,0.0,0.10015910890688104
24.789857179004265,0.0,0.0,0.27640379077995875
24.877575402530113,0.0,0.0,0.46866927548738085
24.97537892116914,0.0,0.24644589857636473,0.7456936172414654
25.0,0.0,1.0088296482763284,1.5211229420578136
25.0,0.0,1.5834795185525339,1.9103861864846299
25.0,0.0,2.29462601736538,2.545020903451458
25.0,0.0,2.2786383350376287,1.8093758890640799
25.0,0.0,1.9934403844040853,0.9577556410482695
25.0,0.0,2.634004513461122,2.1202211310509407
25.0,0.0,2.3393358024799653,1.2707932840490872
25.0,0.0,2.1008309584929115,0.8420658363620871
25.0,0.0,1.7584854468737547,0.3876218994648838
25.0,0.0,1.6295503993470064,0.2693723371328379
25.0,0.0,1.362441584237143,0.02330498572879169
25.0,0.0,1.1849463808956675,0.0
25.0,0.0,0.9968167916900468,0.0
25.0,0.0,0.7753564740475041,0.0
25.0,0.0,0.5486096789011935,0.0
25.0,0.0,0.34967362886012576,0.0
25.0,0.0,0.22832537899103447,0.0
25.0,0.0,0.19935781690983276,0.0
25.0,0.0,0.19455200268545014,0.0
25.0,0.0,0.1842745771087195,0.0
25.0,0.0,0.1754452942531983,0.05437830003384729
25.0,0.0,0.2447266438061908,0.23693402329096994
25.0,0.0,0.2729294033483085,0.27965981502613135
25.0,0.0,0.3649499492393079,0.39618475395961644
25.0,0.0,0.4717976436880498,0.4971730288808893
25.0,0.0,0.5698533630566008,0.5709722035179512
25.0,0.0,0.6419594349101923,0.6175821132383743
25.0,0.0,0.6915201932566399,0.6292346867040627
25.0,0.0,0.7179137525550484,0.6098138772678509
25.0,0.0,0.7020419023100435,0.5554355120670009
25.0,0.0,0.6269945812155331,0.4738680465819399
25.0,0.0,0.4912164465347451,0.37287977166066705
25.0,0.0,0.2985307132734791,0.25247068730318223
25.0,0.0,0.09166057302492037,0.12429325722022233
24.96344035957266,0.0,0.0,0.011652492864395845
24.9017141474054,0.0,0.0,0.0
24.865710404464544,0.0,0.0,0.0
24.84365161758607,0.0,0.0,0.0
24.821564948889765,0.0,0.0,0.0
24.795233636453816,0.0,0.0,0.0
24.758884442491308,0.0,0.0,0.0
24.710422906197927,0.0,0.0,0.0
24.65621587417973,0.0,0.0,0.0
24.60876704590947,0.0,0.0,0.0
24.579262414351973,0.0,0.0,0.027189150016923645
24.584863282622635,0.0,0.0,0.15148241238190935
24.611975979417345,0.0,0.0,0.27577566960213173
24.641337265312018,0.0,0.0,0.39230058109687893
24.67571709881257,0.0,0.0,0.4932888560181518
24.717230128179132,0.0,0.0,0.5670879757777377
24.772150515853628,0.0,0.0,0.6136979952531126
24.82598118567703,0.0,0.0,0.6253504589638493
24.85972536003198,0.0,0.0,0.6059296495276374
24.86525140791298,0.0,0.0,0.5515513392042635
24.83954392524896,0.0,0.0,0.4738680465819399
24.78518809584063,0.0,0.0,0.36899565367540543
24.704788248076373,0.0,0.0,0.24858651444044466
24.605323521225696,0.0,0.0,0.12040909807685375
24.49829183947947,0.0,0.0,0.011652492864395845
24.410730864204247,0.0,0.0,0.0
24.346445318226685,0.0,0.0,0.0
24.29261066504497,0.0,0.0,0.0
24.2460897832991,0.0,0.0,0.0
24.203534677121112,0.0,0.0,0.0
24.166568463765522,0.0,0.0,0.0
24.133541829865052,0.0,0.0,0.0
24.10240404038877,0.0,0.0,0.0
24.069440240507504,0.0,0.0,0.0
24.042143720633824,0.0,0.0,0.027189150016923645
24.045731646352564,0.0,0.0,0.14759825323854078
24.080077162494042,0.0,0.0,0.2718915241781321
24.130022854849088,0.0,0.0,0.39230058109687893
24.196442519627652,0.0,0.0,0.48940468315541424
24.2895213146661,0.0,0.0,0.5670879757777377
24.393546430211302,0.0,0.0,0.6098138772678509
24.479601855607722,0.0,0.0,0.6253504589638493
24.513323931464324,0.0,0.0,0.6020455315423757
24.472328543107533,0.0,0.0,0.5515513392042635
24.38953162111351,0.0,0.0,0.4699838737192024
24.303278833935558,0.0,0.0,0.36511148081266775
24.234408899279856,0.0,0.0,0.24470234157770712
24.168654540997103,0.0,0.0,0.11652493893348519
24.093108824793312,0.0,0.0,0.007768328576263896
24.021690488288797,0.0,0.0,0.0
23.951808285265273,0.0,0.0,0.0
23.88535533103186,0.0,0.0,0.0
23.827443770661084,0.0,0.0,0.0
23.771113216510216,0.0,0.0,0.0
23.7122017532012,0.0,0.0,0.0
23.648398932775567,0.0,0.0,0.0
23.58396829105599,0.0,0.0,0.0
23.524864312978984,0.0,0.0,0.0
23.48810312745084,0.0,0.0,0.05826246946674259
23.531327658153895,0.0,0.0,0.3379222982122429
23.64713704828721,0.0,0.0,0.6331188046893247
23.762128651323035,0.0,0.0,0.7666319859249496
23.937450450677982,0.0,0.0,1.0923323409209127
24.096198935531667,0.0,0.0,0.9962722425768941
24.27186482998106,0.0,0.0,1.2157434170405366
24.41312787951867,0.0,0.0,0.9826935940510418
24.368652000389208,0.0,0.0,0.6020455315423757
24.304355351929246,0.0,0.0,0.5476671663415258
24.241666523694175,0.0,0.0,0.46609975573394075
24.161890743144735,0.0,0.0,0.36122730794993024
24.1005093173127,0.0,0.0,0.2408181961537075
24.04007713143871,0.0,0.0,0.11264076607074763
23.962079669223918,0.0,0.0,0.007768328576263896
23.87550672559216,0.0,0.0,0.0
23.790726506564646,0.0,0.0,0.0
23.72237412643126,0.0,0.0,0.0
23.682271764813436,0.0,0.0,0.0
23.661733031586344,0.0,0.0,0.0
23.643573395041543,0.0,0.0,0.0
23.617359900785626,0.0,0.0,0.0
23.58329464836168,0.0,0.0,0.0
23.542505437808625,0.0,0.0,0.0
23.50432324571354,0.0,0.0,0.02330498572879169
23.508089520232602,0.0,0.0,0.13982990751306568
23.568441326918414,0.0,0.0,0.26800735131539455
23.723868611762413,0.0,0.0,0.6059296495276374
23.942668668187977,0.0,0.0,0.8565814706176531
24.297954727578606,0.0,0.0,1.616723119443638
24.774336072014293,0.0,0.12167459688979662,2.5402656827736747
24.78592202434482,0.0,0.0,1.0087973866137305
24.74625902811735,0.0,0.0,1.3086632654519175
24.783919329511097,0.0,0.0,0.8622844548160814
24.613673421869038,0.0,0.0,0.4622155828712032
24.636397966835915,0.0,0.0,0.6253504589638493
24.658330520022503,0.0,0.0,0.41449236312093257
24.617875235158383,0.0,0.0,0.23653323793565048
24.532186249356187,0.0,0.0,0.007768328576263896
24.416552485850083,0.0,0.0,0.0
24.316722065087582,0.0,0.0,0.0
24.199836826216675,0.0,0.0,0.0
24.091805546482988,0.0,0.0,0.0
23.988158187769997,0.0,0.0,0.0
23.90683115919299,0.0,0.0,0.0
23.855632377788112,0.0,0.0,0.0
23.816830184112053,0.0,0.0,0.0
23.75298153603029,0.0,0.0,0.0
23.68728743208886,0.0,0.0,0.08843799167137856
23.662050399689246,0.0,0.0,0.23616459279343893
23.7487773041429,0.0,0.0,0.4403322880133845
24.042846360401672,0.0,0.0,0.815864852522911
24.62346981912384,0.0,0.03245586281027095,1.8324250070530097
25.0,0.0,0.36239086692393657,1.9241023091254814
25.0,0.0,1.430284812156137,2.9364393986451494
25.0,0.0,1.4351107995414754,1.9678354786598726
25.0,0.0,2.0699954874890114,2.7803312840211096
25.0,0.0,1.8340657460857377,1.8934525728401104
25.0,0.0,1.6183427631219982,1.4075843143570652
25.0,0.0,1.3115544233855243,0.9178161176434444
25.0,0.0,0.9222506502342003,0.41835773086690237
25.0,0.0,0.6698074652991151,0.16423464922044148
25.0,0.0,0.39968375871084894,0.007768328576263896
25.0,0.0,0.177082531383405,0.0
24.986906192585057,0.0,0.0,0.0
24.895195427801955,0.0,0.0,0.0
24.7737781141201,0.0,0.0,0.0
24.681286925375694,0.0,0.0,0.0
24.583950503978343,0.0,0.0,0.0
24.485591452887043,0.0,0.0,0.0
24.388499613065576,0.0,0.0,0.0
24.30475229685899,0.0,0.0,0.0
24.253645044726404,0.0,0.0,0.03884164631116172
24.288625859271033,0.0,0.0,0.25635486016591985
24.41106390651577,0.0,0.0,0.5051851301096645
24.652721787302333,0.0,0.0,0.9139978846806054
24.910330374505797,0.0,0.34782390605342195,1.5938979149035215
25.0,0.0,1.0768272590483279,2.3465332955494973
25.0,0.0,1.7524824438594968,2.7512690850146244
25.0,0.0,2.263730907579827,2.869178565935715
25.0,0.0,2.5428651124884265,2.674582391815384
25.0,0.0,2.3882297344198657,1.9178690692790779
25.0,0.0,2.2705483470288246,1.51729621348937
25.0,0.0,1.8423236832639829,0.8142776614188554
25.0,0.0,1.3722968313315342,0.32629835627835585
25.0,0.0,1.1287506453778848,0.21393289372411836
25.0,0.0,0.7875032224986838,0.003884164288131948
25.0,0.0,0.5742750615741614,0.0
25.0,0.0,0.40917474647759966,0.0
25.0,0.0,0.3075604053127285,0.0
25.0,0.0,0.25535686266626323,0.0
25.0,0.0,0.21311847523754596,0.0
25.0,0.0,0.16450858800207951,0.0
25.0,0.0,0.08760253756066959,0.0
25.0,0.0,0.009688557272893377,0.0
24.976854735604302,0.0,0.0,0.0
24.949706474761115,0.0,0.0,0.015536658867448915
24.967129633316375,0.0,0.0,0.1320615892263285
24.994277894159563,0.0,0.06323018149618292,0.26023903302865736
25.0,0.0,0.152458703521091,0.3767639170846668
25.0,0.0,0.24869706097915897,0.4777522194446775
25.0,0.0,0.36307901681572224,0.5515513392042635
25.0,0.0,0.46889374779190496,0.5981613038021623
25.0,0.0,0.5590987513396815,0.6098138772678509
25.0,0.0,0.6308951032614519,0.5865087852139497
25.0,0.0,0.6601808583077703,0.5321305297680514
25.0,0.0,0.6044194832250165,0.45056306428299053
25.0,0.0,0.4242072956732348,0.345690643937718
25.0,0.0,0.15497384140678655,0.22528153214149527
24.939851013481682,0.0,0.0,0.09321994291516676
24.811780420170013,0.0,0.0,0.003884164288131948
24.738639892071852,0.0,0.0,0.0
24.722622416121354,0.0,0.0,0.0
24.702034759413934,0.0,0.0,0.0
24.665336883377876,0.0,0.0,0.0
24.615345267871362,0.0,0.0,0.0
24.569284641153104,0.0,0.0,0.0
24.53247165983292,0.0,0.0,0.0
24.501003266500543,0.0,0.0,0.0
24.459664417855983,0.0,0.0,0.0
24.409816612268465,0.0,0.0,0.015536657152527791
24.381601454375843,0.0,0.0,0.12817743008295993
24.388516729990464,0.0,0.0,0.25635486016591985
24.42106308335696,0.0,0.0,0.37287977166066705
24.472188201433305,0.0,0.0,0.4738680465819399
24.525995720751375,0.0,0.0,0.5476671663415258
24.577454958012943,0.0,0.0,0.5942771858169007
24.620776399329607,0.0,0.0,0.6059296495276374
24.647852684072255,0.0,0.0,0.5826246672286879
24.659754708188096,0.0,0.0,0.528246356905314
24.663883119412247,0.0,0.0,0.44667891885899086
24.70508488775681,0.0,0.0,0.5360147026307891
24.72132514705922,0.0,0.0,0.38064811738614207
24.665051905748072,0.0,0.0,0.1592507443880155
24.573513790756735,0.0,0.0,0.003884164288131948
24.47931562143158,0.0,0.0,0.0
24.397116090366552,0.0,0.0,0.0
24.311839372973083,0.0,0.0,0.0
24.247516824088446,0.0,0.0,0.0
24.193885632598302,0.0,0.0,0.0
24.139945381670422,0.0,0.0,0.0
24.08659588764244,0.0,0.0,0.0
24.032426243976197,0.0,0.0,0.0
23.978823373896248,0.0,0.0,0.0
23.940755220804874,0.0,0.0,0.02330498572879169
23.956904973044217,0.0,0.0,0.12817743008295993
24.047662168341738,0.0,0.0,0.25247068730318223
24.24400053505211,0.0,0.0,0.5865087852139497
24.489105192345683,0.0,0.0,0.8104407487935229
24.79764086443729,0.0,0.0,1.357099138605135
24.997235439187335,0.0,0.9544259999660668,3.0164098642925357
25.0,0.0,1.0020428601298772,2.310148422892737
25.0,0.0,1.2354765056870627,2.2692241961784556
25.0,0.0,1.597087709278591,2.439206911698962
25.0,0.0,1.3737733510504364,1.5119911756600801
25.0,0.0,0.8355081081094896,0.5978403558946148
25.0,0.0,0.5077202788454047,0.3515870124944042
25.0,0.0,0.2102034661080769,0.1709032355374902
24.96477355123715,0.0,0.0,0.0
24.863982559194127,0.0,0.0,0.0
24.766896463505603,0.0,0.0,0.0
24.7100900444535,0.0,0.0,0.0
24.6674828692663,0.0,0.0,0.0
24.63123112288093,0.0,0.0,0.0
24.58544608123401,0.0,0.0,0.0
24.51854060230632,0.0,0.0,0.0
24.438146237247473,0.0,0.0,0.0
24.35871156003214,0.0,0.0,0.0
24.300463423668685,0.0,0.0,0.01942082315558086
24.330520160648447,0.0,0.0,0.23693402329096994
24.441483725157134,0.0,0.0,0.4427947459962533
24.60114208889162,0.0,0.0,0.6486554961402746
24.788101715356625,0.0,0.0,0.7418754253360725
24.938575928265895,0.0,0.099541330989143,0.858400281953344
25.0,0.0,0.3559262357562531,0.954122408020576
25.0,0.0,1.2135382008419158,2.1200998894637104
25.0,0.0,1.4553303861731626,1.8869738055572
25.0,0.0,1.835895891731909,2.12388218316839
25.0,0.0,1.7934807070698298,1.6165493771881947
25.0,0.0,1.4270142463514235,0.8921054748554051
25.0,0.0,1.0026159917766846,0.39230058109687893
25.0,0.0,0.7015889297920107,0.163134917250753
25.0,0.0,0.435201499792828,0.0
25.0,0.0,0.28617423318962715,0.0
25.0,0.0,0.17267021030480262,0.0
25.0,0.0,0.06906758488577908,0.0
24.989036377602787,0.0,0.0,0.0
24.94773382703095,0.0,0.0,0.0
24.897977572916645,0.0,0.0,0.0
24.86006333789807,0.0,0.0,0.0
24.818089160951878,0.0,0.0,0.0
24.753951075532797,0.0,0.0,0.0
24.67929831108497,0.0,0.0,0.01942082315558086
24.67009416690984,0.0,0.0,0.1686270979431712
24.804909032725888,0.0,0.0,0.4376337145348703
24.95746804791051,0.0,0.5020319595560593,1.061004656574677
25.0,0.0,1.3470817979815184,1.913376932352889
25.0,0.0,2.000674231546056,2.312721416719715
25.0,0.0,2.666962006457195,2.8536928305232583
25.0,0.0,3.053109262619263,2.9318568363171793
25.0,0.0,2.9416701461981334,2.2557488310663065
25.0,0.0,2.7762738091175803,1.7821030424579156
25.0,0.0,2.6012907849458458,1.4133772929350907
25.0,0.0,2.207440305951055,0.7852000058703483
25.0,0.0,1.8177873929735262,0.34993013659667094
25.0,0.0,1.5637133976250335,0.14676157169045065
25.0,0.0,1.3075500009541186,0.0
25.0,0.0,1.12179110700841,0.0
25.0,0.0,0.9454497935564238,0.0
25.0,0.0,0.7756829755065782,0.0
25.0,0.0,0.6113864690760804,0.0
25.0,0.0,0.46714363744176,0.0
25.0,0.0,0.35129042239675373,0.0
25.0,0.0,0.24658084543265837,0.0
25.0,0.0,0.1339220504356409,0.0
24.98884002009425,0.0,0.0,0.0
24.91498499284502,0.0,0.0,0.03429051567038431
24.860835296330293,0.0,0.0,0.1635087172868689
24.934690323579524,0.0,0.09955857876065742,0.4096144517810555
25.0,0.0,0.675305744698166,0.8870408487776176
25.0,0.0,1.4787702654530182,1.540094826472619
25.0,0.0,2.221489446129223,2.04946024901015
25.0,0.0,3.0838061236147607,2.8722518148810576
25.0,0.0,3.5501472089164277,2.9608779827259286
25.0,0.0,3.745460549145298,2.7629369062029125
25.0,0.0,3.5747680685714456,2.1175875189101245
25.0,0.0,3.3547744406877205,1.5872495523279309
25.0,0.0,2.901561635675494,0.8352340182921597
25.0,0.0,2.4499970098494264,0.32497111266591855
25.0,0.0,2.172799337144542,0.14341408399570846
25.0,0.0,1.802760664063438,0.0
25.0,0.0,1.4666560304663532,0.0
25.0,0.0,1.145637217903754,0.0
25.0,0.0,0.8709862264444785,0.0
25.0,0.0,0.6917578812565949,0.0
25.0,0.0,0.5627256863995231,0.0
25.0,0.0,0.45519183557546056,0.0
25.0,0.0,0.3605912979686481,0.0
25.0,0.0,0.2577431865785992,0.0
25.0,0.0,0.1351039078007145,0.0
25.0,0.0,0.03389698343840589,0.023727847122251445
25.0,0.0,0.05454948932949466,0.15299963437157857
25.0,0.0,0.3258285044998936,0.41997799454847357
25.0,0.0,0.9940308218995698,1.057974977517102
25.0,0.0,1.7709195651963576,1.730814340806162
25.0,0.0,2.6361036948831877,2.5005437305969234
25.0,0.0,3.338577173775767,2.8804820953762107
25.0,0.0,3.6056862822164355,2.5505417921028126
25.0,0.0,3.9228379856203857,2.6430979065357634
25.0,0.0,3.942583507564098,2.308859438621471
25.0,0.0,3.5707028979875273,1.4587027695106731
25.0,0.0,3.0905172409873756,0.8135561013203737
25.0,0.0,2.5554196846152224,0.30556733654638896
25.0,0.0,2.2056728134574306,0.1377948897990812
25.0,0.0,1.8724622239083368,0.0
25.0,0.0,1.6436948309674415,0.0
25.0,0.0,1.4248716540321684,0.0
25.0,0.0,1.2143461572678722,0.0
25.0,0.0,1.009989926488892,0.0
25.0,0.0,0.8297348197423222,0.0
25.0,0.0,0.7102268647550227,0.0
25.0,0.0,0.6210430007238675,0.0
25.0,0.0,0.5314614896351526,0.0
25.0,0.0,0.39773075507257694,0.0
25.0,0.0,0.25032430838461245,0.011652492864395845
25.0,0.0,0.23554012179220282,0.17962547956594277
25.0,0.0,0.45060888477422445,0.4917606312100111
25.0,0.0,0.8235625114808256,0.7886447341471883
25.0,0.0,1.7765872905503461,1.9011830907667935
25.0,0.0,2.4480999792726164,2.250178334848477
25.0,0.0,3.2454145126683662,2.8303446371323497
25.0,0.0,3.5246603070709774,2.4773481445150307
25.0,0.0,3.9277187810341028,2.8491122418647175
25.0,0.0,3.6060532008016164,2.0439331712447286
25.0,0.0,2.905315530666719,0.9546389716887823
25.0,0.0,2.425394460663301,0.4971730288808893
25.0,0.0,2.0743560802131835,0.19420823155580863
25.0,0.0,1.8428047470474038,0.10098827492127291
25.0,0.0,1.6307905500897,0.0
25.0,0.0,1.4350604044427826,0.0
25.0,0.0,1.247115017650455,0.0
25.0,0.0,1.0721383645681313,0.0
25.0,0.0,0.915150959640612,0.0
25.0,0.0,0.7791501341546812,0.0
25.0,0.0,0.6645246351265975,0.0
25.0,0.0,0.5573518315070154,0.0
25.0,0.0,0.4458198414710447,0.0
25.0,0.0,0.30805275832241424,0.0
25.0,0.0,0.17979689073837815,0.019284306126676042
25.0,0.0,0.1577398092327106,0.16257387255499683
25.0,0.0,0.3796327100309524,0.450607254621959
25.0,0.0,0.9308333295880422,1.025943741147808
25.0,0.0,1.6730242843657874,1.779008963364522
25.0,0.0,2.5244116701974577,2.543402967484323
25.0,0.0,3.2510483440624456,2.9219265909642815
25.0,0.0,3.791121220426212,3.0099340849838705
25.0,0.0,3.9863216469884764,2.7013040537400275
25.0,0.0,3.6453054583741404,1.7734277674481824
25.0,0.0,3.252989993907015,1.1482334391484643
25.0,0.0,2.936321601222767,0.8133462806802938
25.0,0.0,2.4610098277730628,0.3386783466286208
25.0,0.0,2.1125864575529785,0.11262010553404692
25.0,0.0,1.8084630860192634,0.0
25.0,0.0,1.5767089732945814,0.0
25.0,0.0,1.3677650663732976,0.0
25.0,0.0,1.183050751306461,0.0
25.0,0.0,1.0322300397035804,0.0
25.0,0.0,0.9222978389195567,0.0
25.0,0.0,0.8604306271122428,0.0
25.0,0.0,0.810127709609652,0.0
25.0,0.0,0.7517384395886054,0.0
25.0,0.0,0.6080923796911115,0.0
25.0,0.0,0.43956594120449155,0.007768329433724457
25.0,0.0,0.37459895832133444,0.15517655101619168
25.0,0.0,0.5706171698710952,0.44928759347290276
25.0,0.0,1.1518168332533159,1.0973333674206909
25.0,0.0,1.7855871834210038,1.6719652004542447
25.0,0.0,2.6030936462267062,2.518508414427803
25.0,0.0,3.251201701945247,2.930487791965608
25.0,0.0,3.412994585974011,2.502231929459064
25.0,0.0,3.8059502667423657,2.829729517600716
25.0,0.0,3.602315106433113,2.04175928664378
25.0,0.0,3.3939039044701995,1.5433391034502262
25.0,0.0,2.8562678486288737,0.7051074130082182
25.0,0.0,2.410845746631045,0.3006004193227504
25.0,0.0,2.0609717546648203,0.09324659751271401
25.0,0.0,1.7755869617966284,0.0
25.0,0.0,1.5446964482024892,0.0
25.0,0.0,1.3217417520239947,0.0
25.0,0.0,1.1420233402766946,0.0
25.0,0.0,1.0037955290312677,0.0
25.0,0.0,0.9005593240105211,0.0
25.0,0.0,0.8024654832441431,0.0
25.0,0.0,0.6990734866848571,0.0
25.0,0.0,0.5937340380529107,0.0
25.0,0.0,0.4922617956773805,0.0
25.0,0.0,0.42704644924852697,0.007768328576263896
25.0,0.0,0.5263081595262257,0.18255574040633388
25.0,0.0,0.7077779016953152,0.34776630018184174
25.0,0.0,1.2088638234649745,0.926398360920809
25.0,0.0,1.5219791655557169,1.0849686610609155
25.0,0.0,2.1664496105912745,1.9122054162759534
25.0,0.0,2.7930968435051504,2.6360749385049673
25.0,0.0,2.472365174320722,1.5661176943380521
25.0,0.0,2.082259332301748,0.8718030087555647
25.0,0.0,1.8672715819772483,0.7846011621937579
25.0,0.0,1.4841076103700308,0.4117214179718288
25.0,0.0,1.1902616342644938,0.3029648247638187
25.0,0.0,0.9035233102455257,0.17867156754359637
25.0,0.0,0.6425038993144294,0.050494137460636454
25.0,0.0,0.45920767232404613,0.0
25.0,0.0,0.36645580681014206,0.0
25.0,0.0,0.3154321260561927,0.0
25.0,0.0,0.2834129464440856,0.0
25.0,0.0,0.2569960143814387,0.0
25.0,0.0,0.23050208735861816,0.0
25.0,0.0,0.18251350512825917,0.0
25.0,0.0,0.1285904006962745,0.0
25.0,0.0,0.07096429789706436,0.0
25.0,0.0,0.00892737263817657,0.0
24.987843750725037,0.0,0.0,0.007768328576263896
24.987843750725037,0.0,0.038854063447110496,0.17478740840022777
25.0,0.0,0.13893702362263866,0.39618475395961644
25.0,0.0,0.2834062446331599,0.6059296495276374
25.0,0.0,0.4004803756655747,0.7030337515861728
25.0,0.0,0.5587869389459229,0.819558717958396
25.0,0.0,0.8279323733072993,1.0929088714460242
25.0,0.0,1.5063184613658005,2.0898539167008447
25.0,0.0,1.4629349117629318,1.4785898584933042
25.0,0.0,2.010947288717305,2.2676704023563365
25.0,0.0,1.3752436591389252,0.7263318210099882
25.0,0.0,1.1357537000003342,0.5243622389200523
25.0,0.0,0.8479414501980015,0.27577566960213173
25.0,0.0,0.5352217988301142,0.04660997145758338
25.0,0.0,0.3096557024347001,0.0
25.0,0.0,0.11848779913322587,0.0
24.974496802865115,0.0,0.0,0.0
24.8898571119114,0.0,0.0,0.0
24.790705047269725,0.0,0.0,0.0
24.717657167052735,0.0,0.0,0.0
24.673330588952965,0.0,0.0,0.0
24.662525570681705,0.0,0.0,0.0
24.66288501967064,0.0,0.0,0.0
24.641435034892567,0.0,0.0,0.0
24.594621185258,0.0,0.0,0.003884164288131948
24.56691231364266,0.0,0.0,0.09710411577790432
24.599139672522004,0.0,0.0,0.22528153214149527
24.689306702780193,0.0,0.0,0.3418064710749804
24.80195288686661,0.0,0.0,0.4427947459962533
24.90403498918468,0.0,0.0,0.5165938931945772
24.974597686740886,0.0,3.790734815184906e-05,0.5593196300522627
25.0,0.0,0.048834670017604366,0.5670879757777377
25.0,0.0,0.10757271075432881,0.5437830483562642
25.0,0.0,0.17591088445840192,0.48940468315541424
25.0,0.0,0.2138939363654774,0.40395309968509163
25.0,0.0,0.19119779412651647,0.29519650647708157
25.0,0.0,0.1102556804199897,0.1709032355374902
25.0,0.0,0.013741263985413955,0.04272580888437255
24.984504619287733,0.0,0.0,0.0
24.973078504449852,0.0,0.0,0.0
24.968699885253116,0.0,0.0,0.0
24.936336561272462,0.0,0.0,0.0
24.86577086854939,0.0,0.0,0.0
24.77464082833808,0.0,0.0,0.0
24.69384619770238,0.0,0.0,0.0
24.638878930753506,0.0,0.0,0.0
24.59794729085276,0.0,0.0,0.0
24.54280793611718,0.0,0.0,0.0
24.477353198777212,0.0,0.0,0.003884164288131948
24.434268503334113,0.0,0.0,0.09321994291516676
24.44500841289741,0.0,0.0,0.22139737299812665
24.511576435495975,0.0,0.0,0.3379222982122429
24.607948871579577,0.0,0.0,0.4389105731335158
24.78329264285018,0.0,0.0,0.8117903722329207
24.95380099771177,0.0,0.10602695047615271,1.0620415672130041
25.0,0.0,0.26187790043445097,1.0313328953787342
25.0,0.0,1.1717131816515352,2.360442502886908
25.0,0.0,1.1957094976005302,1.669499293242541
25.0,0.0,1.3592114665046393,1.6251782345899646
25.0,0.0,0.827726773449451,0.7763350116401283
25.0,0.0,0.2067060773909826,0.2711757923300212
24.871662056330955,0.0,0.0,0.06991495375653284
24.649578425120275,0.0,0.0,0.0
24.54018596907368,0.0,0.0,0.0
24.508703918141258,0.0,0.0,0.0
24.476933039794886,0.0,0.0,0.0
24.421861433363745,0.0,0.0,0.0
24.34929935761317,0.0,0.0,0.0
24.291698749380032,0.0,0.0,0.0
24.26035710679852,0.0,0.0,0.0
24.242865340153784,0.0,0.0,0.0
24.220663755946305,0.0,0.0,0.0
24.18316983558269,0.0,0.0,0.003884164288131948
24.181395052343465,0.0,0.0,0.163134917250753
24.250709695310398,0.0,0.0,0.38064811738614207
24.366001064457006,0.0,0.0,0.5903930129541631
24.4853247389039,0.0,0.0,0.6874971150126985
24.58562857434789,0.0,0.0,0.8040220265074456
24.658970313548558,0.0,0.0,0.8572324172246918
24.716683921286375,0.0,0.0,0.9352669562145629
24.75858278511334,0.0,0.0,0.8921832798985121
24.882655336625728,0.0,0.2916661770267739,1.773116183781774
24.914387953656146,0.0,0.0,0.6765405136837886
24.822378248066777,0.0,0.0,0.5819931643869012
24.69467422605516,0.0,0.0,0.24830565673860772
24.499194241000545,0.0,0.0,0.06991495375653284
24.34656877185524,0.0,0.0,0.0
24.209214408690976,0.0,0.0,0.0
24.08924609158377,0.0,0.0,0.0
23.972790367296085,0.0,0.0,0.0
23.86025287105474,0.0,0.0,0.0
23.755085753185945,0.0,0.0,0.0
23.66847049949741,0.0,0.0,0.0
23.593836025506498,0.0,0.0,0.0
23.518178571918842,0.0,0.0,0.0
23.42203589065188,0.0,0.0,0.0
23.310596247718813,0.0,0.0,0.0
23.24667306152688,0.0,0.0,0.12172092087827849
23.348965322293957,0.0,0.0,0.44064785560687153
23.75229109406922,0.0,0.0,1.2672621072007768
24.177619290045264,0.0,0.0,1.5969464057108862
24.54148092883195,0.0,0.0,2.0256369515210393
24.88602017314742,0.0,0.36452306720919697,2.9346450941709983
25.0,0.0,0.3722132324638612,2.383924128669945
25.0,0.0,0.8408468871887453,2.832493527589101
25.0,0.0,0.8355577925704306,2.271309959100372
25.0,0.0,0.31694245497927315,1.0034880830194066
25.0,0.0,0.21039880184490659,0.8350413492649149
24.92243663960251,0.0,0.0,0.2791704162033939
24.740928925926795,0.0,0.0,0.05826246946674259
24.543873844000764,0.0,0.0,0.0
24.34783276996125,0.0,0.0,0.0
24.147926589781427,0.0,0.0,0.0
23.975242914882063,0.0,0.0,0.0
23.852647277202532,0.0,0.0,0.0
23.769357282082893,0.0,0.0,0.0
23.6977194589073,0.0,0.0,0.0
23.619593450761876,0.0,0.0,0.0
23.52062437751154,0.0,0.0,0.0
23.395844446187475,0.0,0.0,0.0
23.256217199337875,0.0,0.0,0.0
23.162545481224555,0.0,0.0,0.12095639543074527
23.2447228119783,0.0,0.0,0.4722848003884862
23.575586222056778,0.0,0.0,1.1112208807324486
24.11611692921615,0.0,0.0,1.9811180964357211
24.71535363445471,0.0,0.11450991692733724,2.6873716442559457
25.0,0.0,0.7781719602587933,3.0025770862638366
25.0,0.0,1.0815668560745446,2.276217874833629
25.0,0.0,1.5767339419114756,2.548778120794747
25.0,0.0,1.5099237179023233,1.9496736534281258
25.0,0.0,1.1598838011480257,1.1904643865883415
25.0,0.0,0.8231309174722345,0.7161777176179189
25.0,0.0,0.4474689672086162,0.30567826875978166
25.0,0.0,0.12300535468492954,0.04660997145758338
24.9645030053767,0.0,0.0,0.0
24.86530828055121,0.0,0.0,0.0
24.75176652549296,0.0,0.0,0.0
24.662433735970346,0.0,0.0,0.0
24.60316827629898,0.0,0.0,0.0
24.579962178922855,0.0,0.0,0.0
24.587425451252468,0.0,0.0,0.0
24.620944548064138,0.0,0.0,0.0
24.665819072326197,0.0,0.0,0.0
24.696675745188273,0.0,0.0,0.0
24.697308614786543,0.0,0.0,0.0
24.719136414327487,0.0,0.0,0.14371408037580322
24.76584814719515,0.0,0.0,0.20974488184865195
24.828661344871293,0.0,0.0,0.326269834501506
24.91551717280128,0.0,0.0,0.4272580819840411
24.978234017634676,0.0,0.04194120585980676,0.4971730288808893
25.0,0.0,0.3021389573383284,0.858400281953344
25.0,0.0,0.4381027335121245,0.8891361438542934
25.0,0.0,0.5728380416520343,0.9688874748366856
25.0,0.0,0.540547121367393,0.7379913073508109
25.0,0.0,0.3929260584316863,0.38064811738614207
25.0,0.0,0.3131795660508538,0.2718915241781321
25.0,0.0,0.2175456704072955,0.14759825323854078
25.0,0.0,0.10061920819655319,0.027189150016923645
25.0,0.0,0.004314116399651135,0.0
24.964495169300278,0.0,0.0,0.0
24.905252292512778,0.0,0.0,0.0
24.8558874586718,0.0,0.0,0.0
24.817985308833336,0.0,0.0,0.0
24.788070109281506,0.0,0.0,0.0
24.75452869729459,0.0,0.0,0.0
24.71923808406223,0.0,0.0,0.0
24.67981125684391,0.0,0.0,0.0
24.643589524630293,0.0,0.0,0.0
24.6197476503728,0.0,0.0,0.0
24.654883640536795,0.0,0.0,0.10202958877461941
24.84883878062549,0.0,0.040607843600098725,0.48421228481451367
25.0,0.0,0.5161890782310284,1.0076726875549873
25.0,0.0,1.3472416813160168,1.9054403113040528
25.0,0.0,1.9560739185111256,2.3569212756000284
25.0,0.0,2.24604663938866,2.34669263903378
25.0,0.0,2.9201127819044714,3.2962892595427786
25.0,0.0,2.982033062626191,2.9345194173741422
25.0,0.0,2.826152697892685,2.388165637009729
25.0,0.0,2.201668227421396,1.1620212069367353
25.0,0.0,1.7907089450181795,0.6678205876483025
25.0,0.0,1.3873087336296481,0.29829289897332134
25.0,0.0,1.0295179985104994,0.03495747687826642
25.0,0.0,0.8195487441018647,0.0
25.0,0.0,0.660968231332097,0.0
25.0,0.0,0.5274251551274453,0.0
25.0,0.0,0.4134650092422089,0.0
25.0,0.0,0.3305132577249121,0.0
25.0,0.0,0.2584769987570487,0.0
25.0,0.0,0.21173496146111576,0.0
25.0,0.0,0.16538573451357175,0.0
25.0,0.0,0.11362996136448701,0.0
25.0,0.0,0.05612670341715177,0.0
24.985279958392628,0.0,0.0,0.0
24.963466727243407,0.0,0.0,0.13206157550695954
24.97818676885078,0.0,0.018735827646459154,0.35734313508719273
25.0,0.0,0.15999292943608856,0.6284769947424638
25.0,0.0,0.34667836668712776,0.809873331379526
25.0,0.0,0.5472696330339547,0.8308001576520526
25.0,0.0,0.7842615755816142,0.8467478731200829
25.0,0.0,0.8406223465610916,0.5437830483562642
25.0,0.0,0.9111648127719512,0.5165938931945772
25.0,0.0,0.8749677207460869,0.4583314100084655
25.0,0.0,0.7391196653804056,0.37287977166066705
25.0,0.0,0.5158952738782036,0.264123178452657
25.0,0.0,0.25203105596818204,0.13982990751306568
24.990953566921114,0.0,0.0,0.01942082315558086
24.89310126315321,0.0,0.0,0.0
24.768023186294222,0.0,0.0,0.0
24.688970831339923,0.0,0.0,0.0
24.616944919667723,0.0,0.0,0.0
24.553845061476096,0.0,0.0,0.0
24.486366147525953,0.0,0.0,0.0
24.40683400476152,0.0,0.0,0.0
24.307106055253783,0.0,0.0,0.0
24.20115654401689,0.0,0.0,0.0
24.105327199320165,0.0,0.0,0.0
24.029190193684666,0.0,0.0,0.0
24.00728473726005,0.0,0.0,0.11055293878290709
24.02982668740669,0.0,0.0,0.19819014120302372
24.079279255071285,0.0,0.0,0.31865868530558517
24.150670727135903,0.0,0.0,0.415810695400532
24.214986885621038,0.0,0.0,0.48964625380407806
24.260023707619645,0.0,0.0,0.5285070797930472
24.28607533306701,0.0,0.0,0.5401653056387475
24.300700614196646,0.0,0.0,0.5129627603729545
24.30298656938651,0.0,0.0,0.45467152138950107
24.289038239355186,0.0,0.0,0.36917776457899254
24.241336362179773,0.0,0.0,0.25648138018647726
24.14988705567074,0.0,0.0,0.1321267699482618
24.03395714683569,0.0,0.0,0.015544326279776944
23.935317086669095,0.0,0.0,0.0
23.856770339323244,0.0,0.0,0.0
23.786988431008503,0.0,0.0,0.0
23.7271791683171,0.0,0.0,0.0
23.6693641756585,0.0,0.0,0.0
23.61220087050249,0.0,0.0,0.0
23.55367718242679,0.0,0.0,0.0
23.486791284083644,0.0,0.0,0.0
23.40323239334869,0.0,0.0,0.0
23.295096045109258,0.0,0.0,0.0
23.166051718383905,0.0,0.0,0.0
23.067566482389378,0.0,0.0,0.13637889479833312
23.066011821175408,0.0,0.0,0.40404930217254575
23.180748143784985,0.0,0.0,0.7570671556896167
23.37748092488169,0.0,0.0,1.0364614160676648
23.676887530810138,0.0,0.0,1.3745331427154006
24.025688641353426,0.0,0.0,1.4964914525810893
24.56883591896105,0.0,0.0,2.4856164133388607
24.97564584296248,0.0,0.07155261628206062,2.311819430600351
25.0,0.0,0.521482754597463,2.5516248334642753
25.0,0.0,0.3125772214442582,1.704702741301977
24.902799508778948,0.0,0.0,0.8221932274682977
24.569308986244415,0.0,0.0,0.24628691128517335
24.208019700524858,0.0,0.0,0.02332238081680843
23.993313567621264,0.0,0.0,0.0
23.85582356037842,0.0,0.0,0.0
23.761704768722744,0.0,0.0,0.0
23.666455525667516,0.0,0.0,0.0
23.54998990693534,0.0,0.0,0.0
23.416614644655727,0.0,0.0,0.0
23.285213419479913,0.0,0.0,0.0
23.166860650635066,0.0,0.0,0.0
23.060871904654892,0.0,0.0,0.0
22.955061870836893,0.0,0.0,0.0
22.851164394342476,0.0,0.0,0.0
22.800950664894266,0.0,0.0,0.13479202552194422
22.835901273098376,0.0,0.0,0.36574160985665083
22.958938241374216,0.0,0.0,0.6669077523984425
23.47056817799251,0.0,0.0,2.1404186528009825
24.14527669754439,0.0,0.0,2.865009293160756
24.60043615998899,0.0,0.0,2.8439025196132928
24.901671493790626,0.0,0.08406680697721539,2.5715045032571457
25.0,0.0,0.71725879597514,3.0710042995091356
25.0,0.0,0.7118589634387981,2.305029708818022
25.0,0.0,0.5797360143308308,1.7360276797209748
25.0,0.0,0.102144396872617,0.8742930721103072
24.786842532575086,0.0,0.0,0.24727551814150425
24.459421765205022,0.0,0.0,0.018776748354804675
24.258391835846886,0.0,0.0,0.0
24.104586430114395,0.0,0.0,0.0
23.977538539702056,0.0,0.0,0.0
23.861438427497554,0.0,0.0,0.0
23.747007645282004,0.0,0.0,0.0
23.63184599036508,0.0,0.0,0.0
23.52425705409847,0.0,0.0,0.0
23.422243612745014,0.0,0.0,0.0
23.32589318729764,0.0,0.0,0.0
23.23830991660135,0.0,0.0,0.0
23.16045783620661,0.0,0.0,0.0
23.120463601678253,0.0,0.0,0.12508232288536833
23.149448015593222,0.0,0.0,0.3651560265343609
23.24824171519299,0.0,0.0,0.6857589158783841
23.413564570462118,0.0,0.0,1.0102999509320656
23.65442685222397,0.0,0.0,1.2646610167744607
23.947691650331024,0.0,0.0,1.4126274419050635
24.550114555771493,0.0,0.2310427788588034,3.227428104698312
25.0,0.0,0.18697249064406302,2.56990928034126
25.0,0.0,0.5371425701772629,2.4465143280379813
25.0,0.0,0.3290541090523281,1.5198872818945819
24.959196919996195,0.0,0.0,0.7173227010170075
24.733325078376026,0.0,0.0,0.2402408999794637
24.443086389210567,0.0,0.0,0.014700914681376045
24.25446930941135,0.0,0.0,0.0
24.097621024881317,0.0,0.0,0.0
23.9564649436574,0.0,0.0,0.0
23.823198845938474,0.0,0.0,0.0
23.696666147656565,0.0,0.0,0.0
23.579136937821993,0.0,0.0,0.0
23.4698800109687,0.0,0.0,0.0
23.368173041161313,0.0,0.0,0.0
23.27577403988473,0.0,0.0,0.0
23.186969616205513,0.0,0.0,0.0
23.097414418664886,0.0,0.0,0.0
23.043951326389738,0.0,0.0,0.12698194358862824
23.076100201024794,0.0,0.0,0.41690057481763115
23.168799335862715,0.0,0.0,0.7009041277178056
23.353341013091292,0.0,0.0,1.078958142483023
23.66371013706503,0.0,0.0,1.346067314807692
24.050068855935514,0.0,0.0,1.54148617145042
24.60373149699854,0.0,0.0,2.28500982201704
24.97407105286014,0.0,0.363211932237197,2.5792639136273556
25.0,0.0,0.6401177445220269,2.402984699217179
25.0,0.0,0.38910068328737296,1.5463377937757523
25.0,0.0,0.00607104610369586,0.8360846801344887
24.77761672203132,0.0,0.0,0.22139737299812665
24.4855722087524,0.0,0.0,0.015536657152527791
24.325754903758472,0.0,0.0,0.0
24.1698115577518,0.0,0.0,0.0
24.039018844337974,0.0,0.0,0.0
23.92272996243984,0.0,0.0,0.0
23.833346878660254,0.0,0.0,0.0
23.754343360503523,0.0,0.0,0.0
23.662845301646307,0.0,0.0,0.0
23.557959947569625,0.0,0.0,0.0
23.458797767876828,0.0,0.0,0.0
23.395831451735916,0.0,0.0,0.0
23.378603835883393,0.0,0.0,0.0
23.415371375602724,0.0,0.0,0.1320615892263285
23.512408427114714,0.0,0.0,0.4272580819840411
23.604102544980513,0.0,0.0,0.5942771858169007
23.659108014983453,0.0,0.0,0.6253504589638493
23.788611561417923,0.0,0.0,0.7418754253360725
24.007693140984536,0.0,0.0,0.8498547495396404
24.26116819062846,0.0,0.0,1.0384135150222038
24.462781510760742,0.0,0.0,1.1059606771363184
24.459190122939205,0.0,0.0,0.8059073172233765
24.449940091355433,0.0,0.0,1.0278467219054175
24.35740680252549,0.0,0.0,0.5636000517778482
24.138180493747868,0.0,0.0,0.21904577057115915
23.974863084443037,0.0,0.0,0.007768328576263896
23.83423922945113,0.0,0.0,0.0
23.720293179717952,0.0,0.0,0.0
23.60025928783751,0.0,0.0,0.0
23.500502186466232,0.0,0.0,0.0
23.42157775399187,0.0,0.0,0.0
23.360353249038095,0.0,0.0,0.0
23.302409630112972,0.0,0.0,0.0
23.237594037749858,0.0,0.0,0.0
23.155888267207764,0.0,0.0,0.0
23.038543147967765,0.0,0.0,0.0
22.894376948484556,0.0,0.0,0.0
22.78028424706726,0.0,0.0,0.0829099827843585
22.823133317673868,0.0,0.0,0.4225820047170446
23.222240956555908,0.0,0.0,1.4885210374925952
23.35447790323489,0.0,0.0,0.6952654058606978
23.250460750177403,0.0,0.0,0.46609975573394075
23.30972424230989,0.0,0.0,0.508825547469102
23.28924790960314,0.0,0.0,0.5127097203318397
23.27142323603581,0.0,0.0,0.48552056517015274
23.23612501909028,0.0,0.0,0.4272580819840411
23.189806660305557,0.0,0.0,0.3418064710749804
23.12287843825396,0.0,0.0,0.22916570500423275
23.029769783777525,0.0,0.0,0.10487244092432597
22.924628081695314,0.0,0.0,0.003884164288131948
22.840435474246277,0.0,0.0,0.0
22.771230702333703,0.0,0.0,0.0
22.70394793597793,0.0,0.0,0.0
22.647114310763424,0.0,0.0,0.0
22.596265993093176,0.0,0.0,0.0
22.546020690552165,0.0,0.0,0.0
22.495124794924298,0.0,0.0,0.0
22.437874879538,0.0,0.0,0.0
22.37147248876741,0.0,0.0,0.0
22.299742417590394,0.0,0.0,0.0
22.226023123757454,0.0,0.0,0.0
22.167203955265922,0.0,0.0,0.04660997145758338
22.165216590213205,0.0,0.0,0.17478740840022777
22.209704806413942,0.0,0.0,0.29131233361434394
22.26999448588205,0.0,0.0,0.39230058109687893
22.3338586930293,0.0,0.0,0.4622155828712032
22.382665086855486,0.0,0.0,0.5049413746063645
22.414305614796106,0.0,0.0,0.508825547469102
22.42348884524545,0.0,0.0,0.481636392307415
22.40597323274187,0.0,0.0,0.42337393656004146
22.361753925496764,0.0,0.0,0.3340381527882432
22.28505758833457,0.0,0.0,0.22528153214149527
22.181968194934168,0.0,0.0,0.10098827492127291
22.072384409762993,0.0,0.0,0.003884164288131948
21.994827314384036,0.0,0.0,0.0
21.94606471229597,0.0,0.0,0.0
21.899604537419826,0.0,0.0,0.0
21.853170461973484,0.0,0.0,0.0
21.791313436880557,0.0,0.0,0.0
21.722482222085578,0.0,0.0,0.0
21.665374928169513,0.0,0.0,0.0
21.62348752766033,0.0,0.0,0.0
21.586243078425046,0.0,0.0,0.0
21.531549850463122,0.0,0.0,0.0
21.46235516487846,0.0,0.0,0.0
21.414449068170242,0.0,0.0,0.08933578377179818
21.428594142394804,0.0,0.0,0.31461734335203134
21.552972882267383,0.0,0.0,0.7103209460976531
21.778796806556798,0.0,0.0,1.2001495352678582
22.062793972953337,0.0,0.0,1.6896762860429726
22.08608385589282,0.0,0.0,0.8742408586734619
22.03309414190429,0.0,0.0,0.8001378536447081
22.043772268560808,0.0,0.0,0.4777522194446775
21.999980075136154,0.0,0.0,0.4194897636973039
21.99121884442122,0.0,0.0,0.33015397992550566
21.91792476177349,0.0,0.0,0.22139737299812665
21.809998156694526,0.0,0.0,0.09710411577790432
21.680390295234307,0.0,0.0,0.003884164288131948
21.575170339670812,0.0,0.0,0.0
21.498208854929278,0.0,0.0,0.0
21.427338459667318,0.0,0.0,0.0
21.341073342148984,0.0,0.0,0.0
21.23651739157298,0.0,0.0,0.0
21.123899982913947,0.0,0.0,0.0
21.011504228139287,0.0,0.0,0.0
20.913429736772382,0.0,0.0,0.0
20.828011568926872,0.0,0.0,0.0
20.743705766536976,0.0,0.0,0.0
20.66186846984509,0.0,0.0,0.0
20.61351316931001,0.0,0.0,0.0717594611761671
20.625200992755452,0.0,0.0,0.1710467538561903
20.734346417291885,0.0,0.0,0.45094144447893253
20.937387492314954,0.0,0.0,0.7563824864528746
21.199909929906084,0.0,0.0,1.1168773588626266
21.800779569834155,0.0,0.0,2.7151728604798495
22.256034899819866,0.0,0.0,2.4907492868909404
22.262674706014767,0.0,0.0,1.8578212989465384
22.543625406337014,0.0,0.0,2.8165217029763063
22.46958086773779,0.0,0.0,1.3665053984115343
22.095996195257847,0.0,0.0,0.8102543131516405
21.80936506472439,0.0,0.0,0.14663909021706098
21.48313757169868,0.0,0.0,0.003887426496832684
21.323394454424673,0.0,0.0,0.0
21.16711247111932,0.0,0.0,0.0
21.05503131843451,0.0,0.0,0.0
20.950777017575504,0.0,0.0,0.0
20.842870355949426,0.0,0.0,0.0
20.731066756738432,0.0,0.0,0.0
20.62495568309693,0.0,0.0,0.0
20.52464863529689,0.0,0.0,0.0
20.44245871985382,0.0,0.0,0.0
20.37963292572155,0.0,0.0,0.0
20.33243417066962,0.0,0.0,0.0
20.32253654914992,0.0,0.0,0.062146628610111165
20.351746971791,0.0,0.0,0.1670190763941216
20.398623764996017,0.0,0.0,0.28354398788886886
20.45432921840689,0.0,0.0,0.38064811738614207
20.51538675118933,0.0,0.0,0.45056306428299053
20.576764632869878,0.0,0.0,0.4932888560181518
20.633211347461746,0.0,0.0,0.4971730288808893
20.7592230844077,0.0,0.0,0.7980887892093704
21.264435292079277,0.0,0.0,2.3627826118698674
21.590780762049484,0.0,0.0,1.8498932254903555
21.30174704502725,0.0,0.0,0.5132702767399688
21.043080833600378,0.0,0.0,0.20212644717954092
20.87269247857046,0.0,0.0,0.0
20.706131592670122,0.0,0.0,0.0
20.58837781055098,0.0,0.0,0.0
20.455646706400263,0.0,0.0,0.0
20.331650555845954,0.0,0.0,0.0
20.213842221666614,0.0,0.0,0.0
20.115981752452363,0.0,0.0,0.0
20.042286630767386,0.0,0.0,0.0
19.989884003767205,0.0,0.0,0.0
19.94443962351565,0.0,0.0,0.0
19.89637056361231,0.0,0.0,0.0
19.82961797804556,0.0,0.0,0.0
19.772201435088725,0.0,0.0,0.09030516581190978
19.785754130873045,0.0,0.0,0.35402721740675086
19.859952327847402,0.0,0.0,0.6548385580869708
19.9907045474495,0.0,0.0,0.9791945341997506
20.196355990968666,0.0,0.0,1.2208166079453073
20.43815487554083,0.0,0.0,1.3009410732686826
21.15247367071899,0.0,0.0,3.3203234236464807
21.684472134703633,0.0,0.0,2.668300322685486
21.789373627002682,0.0,0.0,2.3694481091698902
21.85918683982535,0.0,0.0,1.6279752498185107
21.63323389883172,0.0,0.0,0.7706317698134647
21.32712022799681,0.0,0.0,0.18968017358669206
21.027698326113303,0.0,0.0,0.0
20.81009705110253,0.0,0.0,0.0
20.624372229846728,0.0,0.0,0.0
20.449704359262363,0.0,0.0,0.0
20.305521145443368,0.0,0.0,0.0
20.19472182377764,0.0,0.0,0.0
20.105456364916765,0.0,0.0,0.0
20.02307137115817,0.0,0.0,0.0
19.937870135458382,0.0,0.0,0.0
19.852407949855095,0.0,0.0,0.0
19.77344266477217,0.0,0.0,0.0
19.708903878445053,0.0,0.0,0.0
19.673534583867756,0.0,0.0,0.03495747687826642
19.688506032052732,0.0,0.0,0.1592507443880155
19.74690801560301,0.0,0.0,0.27577566960213173
19.814043668633865,0.0,0.0,0.37287977166066705
19.874682824640306,0.0,0.0,0.4427947459962533
19.92517562057742,0.0,0.0,0.481636392307415
19.974125814837066,0.0,0.0,0.48940468315541424
20.045014867938352,0.0,0.0,0.4622155828712032
20.133300586962264,0.0,0.0,0.40006892682235407
20.212281397330575,0.0,0.0,0.3107331704892938
20.239204289616847,0.0,0.0,0.20197654984254582
20.192402586218208,0.0,0.0,0.07768329262232344
20.113916451599955,0.0,0.0,0.0
20.054873296510067,0.0,0.0,0.0
20.012861193379067,0.0,0.0,0.0
19.969884970616214,0.0,0.0,0.0
19.911177461225112,0.0,0.0,0.0
19.82614937208789,0.0,0.0,0.0
19.725217205884995,0.0,0.0,0.0
19.617837027557258,0.0,0.0,0.0
19.520591308481276,0.0,0.0,0.0
19.43583702758302,0.0,0.0,0.0
19.359240945394763,0.0,0.0,0.0
19.289307291023682,0.0,0.0,0.0
19.23734155805819,0.0,0.0,0.07768329262232344
19.249495576257,0.0,0.0,0.34055808386649594
19.313970353428697,0.0,0.0,0.6068963341283046
19.436500539612286,0.0,0.0,0.8782533230454952
19.700702851342164,0.0,0.0,1.2216345761036274
20.048873501535375,0.0,0.0,1.3568442000487113
20.79381845237861,0.0,0.0,3.1468701580028866
21.282053321169066,0.0,0.0,2.4152839019596986
21.20278383972552,0.0,0.0,1.7043185071367957
21.290097804507866,0.0,0.0,1.8815859365026482
21.043392389506142,0.0,0.0,0.5516706815748561
20.64567503600225,0.0,0.0,0.11432400051338863
20.477287165781078,0.0,0.0,0.0
20.328204726208675,0.0,0.0,0.0
20.215407301566927,0.0,0.0,0.0
20.09888573438793,0.0,0.0,0.0
19.989809516301666,0.0,0.0,0.0
19.881134576421456,0.0,0.0,0.0
19.77203888471228,0.0,0.0,0.0
19.660049982703512,0.0,0.0,0.0
19.542387319171617,0.0,0.0,0.0
19.42092055435169,0.0,0.0,0.0
19.30212633855129,0.0,0.0,0.0
19.186055472823764,0.0,0.0,0.0
19.098387248510466,0.0,0.0,0.07625731163375958
19.53441240776647,0.9094992845278466,0.0,0.3421450333193871
20.0,1.0524027963737737,0.0,0.6455198569333581
20.042500402437323,0.0,0.0,2.37187383749574
20.45178220213129,0.0,0.0,2.9654183888595904
21.040703577318993,0.0,0.0,3.299794148794793
21.453076852707618,0.0,0.0,3.2071036380206768
21.65163228770826,0.0,0.0,2.534071704922526
21.586668879443984,0.0,0.0,1.7170960705685347
21.504755594510875,0.0,0.0,1.4126868235057064
21.22931684553872,0.0,0.0,0.35734313508719273
20.919004757696705,0.0,0.0,0.12817743008295993
20.766897376903366,0.0,0.0,0.0
20.60448263332764,0.0,0.0,0.0
20.47903317850648,0.0,0.0,0.0
20.341840306289324,0.0,0.0,0.0
20.209597509094202,0.0,0.0,0.0
20.08315416924755,0.0,0.0,0.0
19.96980996250294,0.0,0.0,0.0
19.866635925647167,0.0,0.0,0.0
19.78112411155866,0.0,0.0,0.0
19.714140332118696,0.0,0.0,0.0
19.66048188670131,0.0,0.0,0.0
19.61748042484269,0.0,0.0,0.0
19.587288075345754,0.0,0.0,0.062146628610111165
19.7887464692891,0.37447707970065597,0.0,0.32447846988854023
20.0,0.39983895137279535,0.0,0.642989466695541
20.0,0.1875221447544916,0.0,0.9119887942024716
20.083939073034916,0.0,0.0,1.2095612217480898
20.341733025801602,0.0,0.0,1.415529792193734
20.89567066808593,0.0,0.0,2.5608665154059733
21.32266284382704,0.0,0.0,2.3469352668861667
21.10596152232336,0.0,0.0,0.6836129421499608
20.819948016721995,0.0,0.0,0.29908065190108113
20.710004832625756,0.0,0.0,0.18643988583033352
20.556632328069714,0.0,0.0,0.062146628610111165
20.435080714360875,0.0,0.0,0.0
20.345648792155636,0.0,0.0,0.0
20.28885919485385,0.0,0.0,0.0
20.24645131516494,0.0,0.0,0.0
20.211448364669177,0.0,0.0,0.0
20.180724309765477,0.0,0.0,0.0
20.151567672669884,0.0,0.0,0.0
20.12534749251661,0.0,0.0,0.0
20.10058819213875,0.0,0.0,0.0
20.07126258422655,0.0,0.0,0.0
20.02287700837233,0.0,0.0,0.0
19.957675171795564,0.0,0.0,0.0
19.902925381979728,0.0,0.0,0.05437830003384729
19.94083674506943,0.060417290265435845,0.0,0.264123178452657
20.002443931553543,0.0,0.0,0.45444723714572804
20.015001418267993,0.0,0.0,0.35734313508719273
20.083255789070776,0.0,0.0,0.4272580819840411
20.259364853283977,0.0,0.0,0.7628817863759437
20.80389632370279,0.0,0.0,2.3904264743883403
21.346271989219673,0.0,0.0,2.732700333011305
21.132006791341695,0.0,0.0,0.833249711489749
20.808520496024556,0.0,0.0,0.4583314100084655
20.691674020089323,0.0,0.0,0.18255574040633388
20.52671181853437,0.0,0.0,0.05826246946674259
20.431287202703565,0.0,0.0,0.0
20.347287243037,0.0,0.0,0.0
20.285140957504865,0.0,0.0,0.0
20.2259432859357,0.0,0.0,0.0
20.171650061550842,0.0,0.0,0.0
20.11814929621206,0.0,0.0,0.0
20.068128114907445,0.0,0.0,0.0
20.028697783160272,0.0,0.0,0.0
19.999085614148225,0.0,0.0,0.0
19.972850418221565,0.0,0.0,0.0
19.94802070991323,0.0,0.0,0.0
19.921486987981257,0.0,0.0,0.0
19.898555970565408,0.0,0.0,0.02330498572879169
19.944859897173284,0.07711341492227802,0.0,0.14371408037580322
20.0,0.046102111146222646,0.0,0.25635486016591985
20.025445535550507,0.0,0.0,0.35345898966319306
20.152185901602742,0.0,0.0,0.6680763055764865
20.36767859287306,0.0,0.0,1.0149693111237164
20.646026867182538,0.0,0.0,1.4839837798847595
21.094366393227084,0.0,0.0,2.420425085986468
21.390719455161364,0.0,0.0,2.1602947622919473
21.3469557778482,0.0,0.0,1.4445411274533506
21.181050714878282,0.0,0.0,0.844938339306191
20.818573619752915,0.0,0.0,0.09321994291516676
20.498931913652804,0.0,0.0,0.0
20.345004676990666,0.0,0.0,0.0
20.226252461231812,0.0,0.0,0.0
20.16332182251186,0.0,0.0,0.0
20.100359258023147,0.0,0.0,0.0
20.034559077767675,0.0,0.0,0.0
19.967871926602292,0.0,0.0,0.0
19.91874399364657,0.0,0.0,0.0
19.887301091574095,0.0,0.0,0.0
19.8581145741957,0.0,0.0,0.0
19.824142107855668,0.0,0.0,0.0
19.76964602413227,0.0,0.0,0.0
19.72553836034077,0.0,0.0,0.061781623415705936
19.85796996960901,0.22116130827708627,0.0,0.2734193421511919
20.147660127871557,0.0,0.0,1.3952279195936013
20.147660127871557,0.012319273459013654,0.0,0.6534764359838291
20.082348143438544,0.0,0.0,0.7418754253360725
20.130975708639006,0.0,0.0,0.733650643973389
20.111878425061807,0.0,0.0,0.7341070796105974
20.063250859861345,0.011965569035043396,0.0,0.4350264002707783
20.001588169204336,0.0,0.0,0.37287977166066705
20.001588169204336,0.04597003638018375,0.0,0.28354398788886886
20.0,0.05836165504960162,0.0,0.2718915241781321
20.0,0.19167180783923765,0.0,0.07768329262232344
20.0,0.29421248633706354,0.0,0.0
20.0,0.3634419161704783,0.0,0.0
20.0,0.42396612829080876,0.0,0.0
20.0,0.4571471470702414,0.0,0.0
20.0,0.43750664467977507,0.0,0.0
20.0,0.3868024181735543,0.0,0.0
19.841583773023352,0.0,0.0,0.0
19.722567670660162,0.0,0.0,0.0
19.691159494874906,0.0,0.0,0.0
19.58242275389157,0.0,0.0,0.0
19.493506209929652,0.0,0.0,0.0
19.410400835895807,0.0,0.0,0.0
19.362199246634713,0.0,0.0,0.03495747687826642
19.673057464015084,0.5354458367993357,0.0,0.36426712215980434
20.0,0.11225973959629805,0.0,1.4121688281915752
20.2420635651969,0.0,0.0,2.081101128964282
20.703071742172593,0.0,0.0,2.6107525127560316
21.188697935158146,0.0,0.0,3.131351100229662
21.596108522917515,0.0,0.0,3.1117787569973254
21.930459597049264,0.0,0.0,3.327384313855144
21.874112075161193,0.0,0.0,1.9282629981108985
21.55518984117631,0.0,0.0,1.1977965162233792
21.338883959901207,0.0,0.0,0.6665384033802028
21.021859070238158,0.0,0.0,0.13769289055788334
20.763217404037544,0.0,0.0,0.0
20.59029886956317,0.0,0.0,0.0
20.429418687539894,0.0,0.0,0.0
20.278187386952848,0.0,0.0,0.0
20.132340731121637,0.0,0.0,0.0
20.030396857516784,0.07473612468029185,0.0,0.0
19.895279850930944,0.0,0.0,0.0
19.757642441474268,0.0,0.0,0.0
19.674092365415454,0.0,0.0,0.0
19.58759774060171,0.0,0.0,0.0
19.525294049451816,0.0,0.0,0.0
19.47448820409942,0.0,0.0,0.0
19.438546258492504,0.0,0.0,0.04272580888437255
19.713484138115323,0.4825538356912875,0.0,0.35807650530745705
20.0,0.5468694450914822,0.0,0.6255484505256317
20.0,0.290489023965169,0.0,0.9141670464753148
20.022154455415286,0.0,0.0,1.215492832586023
20.203984907851385,0.0,0.0,1.4056475129989743
20.821713871934517,0.0,0.0,2.975599068085379
21.248137402030984,0.0,0.0,2.3967487557765703
21.385141225919536,0.0,0.0,2.1889853320252644
21.21425066260789,0.0,0.0,0.4732372045623857
20.912873000768993,0.0,0.0,0.28742816075160643
20.790430787055925,0.0,0.0,0.07379912661927039
20.574723040755607,0.0,0.0,0.0
20.451384902408,0.0,0.0,0.0
20.348181129533216,0.0,0.0,0.0
20.27306570996225,0.0,0.0,0.0
20.194198841727466,0.0,0.0,0.0
20.10032510244472,0.0,0.0,0.0
19.993974397885488,0.0,0.0,0.0
19.893933473018222,0.0,0.0,0.0
19.80402504137569,0.0,0.0,0.0
19.72412556850486,0.0,0.0,0.0
19.648578008690443,0.0,0.0,0.0
19.581193956906798,0.0,0.0,0.0
19.55978492191029,0.0,0.0,0.06895433977993068
19.784515463125498,0.06754049881955627,0.0,0.6511677362141562
20.21231641277743,0.0,0.0,1.5874409552164421
20.737695424633195,0.0,0.0,2.4920367160975783
21.300604842792396,0.0,0.0,3.052656505141891
21.778157929925626,0.0,0.0,3.319071756779655
22.102167483207346,0.0,0.0,3.0325144189829603
22.29873312438732,0.0,0.0,2.8021087470419648
22.489751457906806,0.0,0.0,2.726398695294916
22.10771136360237,0.0,0.0,0.4777522194446775
21.658763129039855,0.0,0.0,0.27577566960213173
21.497405601273442,0.0,0.0,0.06603079461316425
21.257875524843037,0.0,0.0,0.0
21.132951045691005,0.0,0.0,0.0
21.029877433626563,0.0,0.0,0.0
20.961128060947253,0.0,0.0,0.0
20.887555575159745,0.0,0.0,0.0
20.80670895031076,0.0,0.0,0.0
20.720566900155312,0.0,0.0,0.0
20.643080364285876,0.0,0.0,0.0
20.572303525003655,0.0,0.0,0.0
20.498680241879075,0.0,0.0,0.0
20.413976377186486,0.0,0.0,0.0
20.31996727845501,0.0,0.0,0.0
20.244600887851732,0.0,0.0,0.03495747687826642
20.26345911571487,0.0,0.0,0.264123178452657
20.373630758049217,0.0,0.0,0.4622155828712032
20.50400710488978,0.0,0.0,0.528246356905314
20.676052071346035,0.0,0.0,0.637002977552062
20.896545477440686,0.0,0.0,0.7846011621937579
21.087467545304033,0.0,0.0,0.7522670074268509
21.526589557053207,0.0,0.0,1.9708882517973243
21.964556565493577,0.0,0.0,2.160911750484512
21.95175912298121,0.0,0.0,1.3621464202479387
21.65038004528791,0.0,0.0,0.34215782222699165
21.332047850573034,0.0,0.0,0.05437830003384729
21.127242667561546,0.0,0.0,0.0
20.95033981045358,0.0,0.0,0.0
20.81832585129618,0.0,0.0,0.0
20.713024797261312,0.0,0.0,0.0
20.620699178150964,0.0,0.0,0.0
20.544484231201253,0.0,0.0,0.0
20.493182221743368,0.0,0.0,0.0
20.47937151618869,0.0,0.0,0.0
20.498369420133066,0.0,0.0,0.0
20.526037536113748,0.0,0.0,0.0
20.526450614067965,0.0,0.0,0.0
20.485032182267897,0.0,0.0,0.0
20.435015735131667,0.0,0.0,0.03107331773489783
20.461462590275723,0.0,0.0,0.32544342089877876
20.578810109616718,0.0,0.0,0.6235075140130442
20.74752142385604,0.0,0.0,0.9534772711205134
20.939202437990772,0.0,0.0,1.202077913038323
21.08299059519411,0.0,0.0,1.2120513094496668
21.16925247217678,0.0,0.0,1.12462069984817
21.16238626908185,0.0,0.0,0.7263387887625982
21.13806951638137,0.0,0.0,0.6136979952531126
21.115403185640904,0.0,0.0,0.4078372725478292
21.012983214136238,0.0,0.0,0.15148241238190935
20.90103555699578,0.0,0.0,0.031073314305055583
20.813744201914343,0.0,0.0,0.0
20.753808268033175,0.0,0.0,0.0
20.72236000570064,0.0,0.0,0.0
20.70478722987658,0.0,0.0,0.0
20.68009808262135,0.0,0.0,0.0
20.640732134601414,0.0,0.0,0.0
20.596839347726366,0.0,0.0,0.0
20.558950264791353,0.0,0.0,0.0
20.538832759816607,0.0,0.0,0.0
20.532893077515475,0.0,0.0,0.0
20.528466201229417,0.0,0.0,0.0
20.525961336930727,0.0,0.0,0.0
20.527085456901315,0.0,0.0,0.011652494579316964
20.574220473455355,0.0,0.0,0.18643988583033352
20.675119211388008,0.0,0.0,0.40395309968509163
20.824816981780312,0.0,0.0,0.7263387887625982
21.00775028425939,0.0,0.0,0.9753247700720885
21.209319396598364,0.0,0.0,1.2577463757179927
21.462554811524925,0.0,0.0,1.648117573977037
21.531562175045952,0.0,0.0,1.068103332224015
21.47037480167582,0.0,0.0,0.7475356939341177
21.428449779770308,0.0,0.0,0.44667891885899086
21.334084826960257,0.0,0.0,0.25247068730318223
21.218575420711872,0.0,0.0,0.05437830003384729
21.097688305280577,0.0,0.0,0.0
21.00497965816385,0.0,0.0,0.0
20.913605916022256,0.0,0.0,0.0
20.82113506201467,0.0,0.0,0.0
20.727329549465495,0.0,0.0,0.0
20.63286933276585,0.0,0.0,0.0
20.544733121691383,0.0,0.0,0.0
20.47657027475826,0.0,0.0,0.0
20.43426891619164,0.0,0.0,0.0
20.40932002437635,0.0,0.0,0.0
20.391006651908516,0.0,0.0,0.0
20.36973136992257,0.0,0.0,0.0
20.34558876142156,0.0,0.0,0.01942082315558086
20.39980836439041,0.0,0.0,0.34519539813746203
20.515924951054156,0.0,0.0,0.6483315425850062
20.619929488426585,0.0,0.0,0.8645535188211589
20.779693241082242,0.0,0.0,1.2410637573188075
20.90328131784741,0.0,0.0,1.2015681461242207
21.041362520024368,0.0,0.0,1.4969467614673044
21.109844386139446,0.0,0.0,1.1107779736643115
21.03620180639775,0.0,0.0,0.717702053261566
20.971676117872853,0.0,0.0,0.4389105731335158
20.880608551592523,0.0,0.0,0.24470234157770712
20.766589808074773,0.0,0.0,0.04272580888437255
20.668647232371978,0.0,0.0,0.0
20.61397234656575,0.0,0.0,0.0
20.57496647521294,0.0,0.0,0.0
20.544635145466632,0.0,0.0,0.0
20.512901044119403,0.0,0.0,0.0
20.470431444360138,0.0,0.0,0.0
20.421906328432396,0.0,0.0,0.0
20.370973295932657,0.0,0.0,0.0
20.31856496872482,0.0,0.0,0.0
20.25653337029116,0.0,0.0,0.0
20.180035279846216,0.0,0.0,0.0
20.09959251425166,0.0,0.0,0.0
20.02262290741495,0.0,0.0,0.011652492864395845
20.162581303440057,0.0,0.0,0.6768978684827828
20.571408447638394,0.0,0.0,1.6962270253690808
21.0576694245989,0.0,0.0,2.5088455325131025
21.57228576343224,0.0,0.0,3.003285096265721
21.889159185378933,0.0,0.0,2.428159326151605
22.34337563721119,0.0,0.0,3.241525534865168
22.779362585015946,0.0,0.0,2.912987916807523
22.896000120925297,0.0,0.0,2.509230773815493
22.82296762823239,0.0,0.0,1.5647524015657064
22.5396503079185,0.0,0.0,0.808163923047884
22.15643334861002,0.0,0.0,0.11242458139527747
21.81342786302906,0.0,0.0,0.0
21.63714050272737,0.0,0.0,0.0
21.511414575755285,0.0,0.0,0.0
21.43529988368271,0.0,0.0,0.0
21.36748797692039,0.0,0.0,0.0
21.297268905148798,0.0,0.0,0.0
21.222875131156414,0.0,0.0,0.0
21.15055045857429,0.0,0.0,0.0
21.083924048250555,0.0,0.0,0.0
21.032673671669684,0.0,0.0,0.0
20.998360358370853,0.0,0.0,0.0
20.982107481754213,0.0,0.0,0.0
20.985855055574824,0.0,0.0,0.011652492864395845
21.051641055548416,0.0,0.0,0.18643988583033352
21.176220630343035,0.0,0.0,0.38841646311161726
21.336610739886485,0.0,0.0,0.6062088427035592
21.601931082507775,0.0,0.0,1.0227474717817615
21.799513901880367,0.0,0.0,0.8032936649288994
21.9212603366457,0.0,0.0,0.7419287812671831
22.06811155464208,0.0,0.0,0.6952654058606978
22.14355894647109,0.0,0.0,0.5826246672286879
22.161679609485553,0.0,0.0,0.42337393656004146
22.131112372695043,0.0,0.0,0.22916570500423275
22.057637506130057,0.0,0.0,0.03495747687826642
21.993048552338127,0.0,0.0,0.0
21.958084714545727,0.0,0.0,0.0
21.924549222128885,0.0,0.0,0.0
21.88807006915186,0.0,0.0,0.0
21.831929341598816,0.0,0.0,0.0
21.760285720196663,0.0,0.0,0.0
21.68498581502623,0.0,0.0,0.0
21.615852072578726,0.0,0.0,0.0
21.55977893320814,0.0,0.0,0.0
21.50519545589126,0.0,0.0,0.0
21.437529589116913,0.0,0.0,0.0
21.347190631556813,0.0,0.0,0.0
21.249380787512102,0.0,0.0,0.011652492864395845
21.20785899229073,0.0,0.0,0.18255574040633388
21.235419753689474,0.0,0.0,0.3767639170846668
21.30599991426892,0.0,0.0,0.5476671663415258
21.409363114792075,0.0,0.0,0.6680763055764865
21.519997423986084,0.0,0.0,0.7379913073508109
21.613502756978022,0.0,0.0,0.7418754253360725
21.654215585875036,0.0,0.0,0.6874971150126985
21.624749717277318,0.0,0.0,0.5748563215032129
21.540938554387864,0.0,0.0,0.41560559083456633
21.421478407175265,0.0,0.0,0.22139737299812665
21.28739433260931,0.0,0.0,0.031073314305055583
21.188364856495248,0.0,0.0,0.0
21.129763243405453,0.0,0.0,0.0
21.08270264220969,0.0,0.0,0.0
21.036314298850048,0.0,0.0,0.0
20.972732954775474,0.0,0.0,0.0
20.885107200453152,0.0,0.0,0.0
20.787903455957736,0.0,0.0,0.0
20.7014431592578,0.0,0.0,0.0
20.633826832033645,0.0,0.0,0.0
20.584801081186132,0.0,0.0,0.0
20.547003034962017,0.0,0.0,0.0
20.52150743128513,0.0,0.0,0.0
20.50817410984649,0.0,0.0,0.007768328576263896
20.536574974265243,0.0,0.0,0.1592507443880155
20.620165717650877,0.0,0.0,0.37287977166066705
20.71767730243919,0.0,0.0,0.5398988754935266
20.805027647938353,0.0,0.0,0.6603079598510113
20.878269767572803,0.0,0.0,0.7302229616253355
20.933045622049054,0.0,0.0,0.7341070796105974
21.087768621131936,0.0,0.0,1.1721806026965567
21.19676238202705,0.0,0.0,0.9767672352029909
21.1511953000231,0.0,0.0,0.680176191641271
21.175480804601207,0.0,0.0,0.8108128323247821
20.953529594502477,0.0,0.0,0.02330498572879169
20.674799261376638,0.0,0.0,0.0
20.568893554874556,0.0,0.0,0.0
20.44583807463605,0.0,0.0,0.0
20.380196277192844,0.0,0.0,0.0
20.320886389438172,0.0,0.0,0.0
20.275116282217805,0.0,0.0,0.0
20.230356559867484,0.0,0.0,0.0
20.18818853510406,0.0,0.0,0.0
20.14661525200941,0.0,0.0,0.0
20.109611215095118,0.0,0.0,0.0
20.094355828190015,0.0,0.0,0.0
20.10055596592363,0.0,0.0,0.0
20.11540996254044,0.0,0.0,0.007768328576263896
20.172016472229824,0.0,0.0,0.1709032355374902
20.264689666436723,0.0,0.0,0.36511148081266775
20.357166088635267,0.0,0.0,0.5321305297680514
20.433006415097857,0.0,0.0,0.656423732110798
20.48472457114325,0.0,0.0,0.7224546158998605
20.517613157127975,0.0,0.0,0.7263387887625982
20.539345626217234,0.0,0.0,0.6719604235617483
20.54980911810419,0.0,0.0,0.5593196300522627
20.53179581972602,0.0,0.0,0.40006892682235407
20.461998866877526,0.0,0.0,0.2058607089859144
20.336398289691182,0.0,0.0,0.02330498572879169
20.22113067301172,0.0,0.0,0.0
20.13528202281576,0.0,0.0,0.0
20.06078510499433,0.0,0.0,0.0
20.01496345104298,0.03259730426594615,0.0,0.0
20.0,0.10668113035302668,0.0,0.0
20.0,0.18782198732822306,0.0,0.0
19.88182305544279,0.0,0.0,0.0
19.780667739510726,0.0,0.0,0.0
19.771117258325333,0.0,0.0,0.0
19.735022003329718,0.0,0.0,0.0
19.691889185534297,0.0,0.0,0.0
19.625287801831558,0.0,0.0,0.0
19.56094032882961,0.0,0.0,0.003884164288131948
19.76479228346003,0.43115519319164575,0.0,0.1592507443880155
20.0,0.3372104166288045,0.0,0.5112190428173196
20.0,0.1520293222141562,0.0,0.5321305297680514
20.021502252354516,0.0,0.0,0.6486554961402746
20.098481294244912,0.0,0.0,0.7146862701743855
20.181898162337262,0.0,0.0,0.718570443037123
20.28540383039694,0.0,0.0,0.8678400000389876
20.533705967434262,0.0,0.0,1.4276335401197313
20.83415501011993,0.0,0.0,1.758795090747924
20.629194520262214,0.0,0.0,0.24125002212218566
20.293595561274298,0.0,0.0,0.01942082315558086
20.187187924778556,0.0,0.0,0.0
20.04185313113073,0.012995629734246499,0.0,0.0
20.0,0.14706608083004538,0.0,0.0
20.0,0.26892655857974507,0.0,0.0
20.0,0.3087808709753962,0.0,0.0
20.0,0.3004718667694639,0.0,0.0
19.87021816508129,0.0,0.0,0.0
19.78136538169616,0.0,0.0,0.0
19.776315047669232,0.0,0.0,0.0
19.712594842580444,0.0,0.0,0.0
19.662945043739665,0.0,0.0,0.0
19.60516216924058,0.0,0.0,0.0
19.559265094953666,0.0,0.0,0.0038841647168622287
19.769620957926673,0.4866905126258885,0.0,0.08933578377179818
20.0,0.6046261338230154,0.0,0.20197654984254582
20.0,0.5065799045447703,0.0,0.29519650647708157
20.0,0.3224982872578241,0.0,0.5709722035179512
20.0,0.19030307968274024,0.0,0.7069179793263861
20.0,0.16198587128489128,0.0,0.6331188046893247
20.0,0.22260297255160466,0.0,0.37287977166066705
20.0,0.21750547712927476,0.0,0.3107331704892938
20.0,0.2391751300672816,0.0,0.22139737299812665
20.0,0.30000120355109783,0.0,0.1709032355374902
20.0,0.4718103523090718,0.0,0.015536657152527791
20.0,0.5895434304000163,0.0,0.0
20.0,0.6716245662623825,0.0,0.0
20.0,0.7177873814985327,0.0,0.0
20.0,0.7624136562120758,0.0,0.0
20.0,0.8533421106710578,0.0,0.0
20.0,0.9820099603026997,0.0,0.0
19.48318885705658,0.0,0.0,0.0
19.075887208246495,0.0,0.0,0.0
19.068960911059968,0.0,0.0,0.0
18.949720240212482,0.0,0.0,0.0
18.90437421025572,0.0,0.0,0.0
18.838805547695983,0.0,0.0,0.0
18.787779246462442,0.0,0.0,0.0
19.37989022867975,1.3337779420649571,0.0,0.08546791637907068
20.0,1.727372280113745,0.0,0.19813016012192664
20.0,1.5383338712968544,0.0,0.29136792449737364
20.0,1.36874740713854,0.0,0.36129617918211404
20.0,1.2178586533646496,0.0,0.39626032024385327
20.0,1.0855180895021799,0.0,0.40014523395251467
20.0,0.8683692516911267,0.0,0.578850852969872
20.0,0.7543440354281241,0.0,0.5361169393682857
20.0,0.7762897569748343,0.0,0.3379867243688834
20.0,0.9129562798380033,0.0,0.10489244376427097
20.0,1.0573145880377464,0.0,0.0077698102681116755
20.0,1.1657287391826363,0.0,0.0
20.0,1.25145092530324,0.0,0.0
20.0,1.2886335122122141,0.0,0.0
20.0,1.317876800510316,0.0,0.0
20.0,1.3555408480217739,0.0,0.0
20.0,1.4057974234913693,0.0,0.0
19.323291811347595,0.0,0.0,0.0
18.834088142424775,0.0,0.0,0.0
18.87317353467748,0.0,0.0,0.0
18.72643240660439,0.0,0.0,0.0
18.682641069570934,0.0,0.0,0.0
18.616101273226477,0.0,0.0,0.0
18.570903920862836,0.0,0.0,0.0
19.273388514203205,1.4978057287604558,0.0,0.15538304848740003
20.0,1.8176128555874957,0.0,0.44598024260715136
20.0,1.2183347695856517,0.0,1.1278312361290899
20.0,0.9875164117695789,0.0,1.0250883871517915
20.0,0.8097029876746334,0.0,0.9755983129851701
20.0,0.3630234241601849,0.0,1.5390495607971206
20.0,0.02912175998438518,0.0,1.7718331578821294
20.110361294922768,0.0,0.0,1.9454898662509477
20.110361294922768,0.04877386064828089,0.0,1.224715881006192
20.0,0.24379648137143198,0.0,0.645526951950404
20.0,0.7435941625669269,0.0,0.007769151738401551
20.0,0.9411305003315403,0.0,0.0
20.0,1.0899410462174597,0.0,0.0
20.0,1.212415491846154,0.0,0.0
20.0,1.3213589148815907,0.0,0.0
20.0,1.4209415448531784,0.0,0.0
20.0,1.5054722200979367,0.0,0.0
19.26655579737663,0.0,0.0,0.0
18.734583025972327,0.0,0.0,0.0
18.775946028981032,0.0,0.0,0.0
18.623267910590823,0.0,0.0,0.0
18.58857230935146,0.0,0.0,0.0
18.535543600810506,0.0,0.0,0.0
18.51203349446234,0.0,0.0,0.0
19.249713092797805,1.5791580782245243,0.0,0.07768329262232344
20.0,1.998639309269468,0.0,0.19032405869307104
20.0,1.734574338319176,0.0,0.28354398788886886
20.0,1.4391320537995973,0.0,0.5515513392042635
20.0,1.2157152563268998,0.0,0.6836129421499608
20.0,1.0639025821080739,0.0,0.6874971150126985
20.0,0.6384034138975403,0.0,1.1982975742391433
20.0,0.7485930562363016,0.0,0.5411129208688971
20.0,0.7258413858386645,0.0,0.4028811351382777
20.0,0.8182649976961531,0.0,0.18643988583033352
20.0,0.9918101839585789,0.0,0.007768328576263896
20.0,1.1229749201714003,0.0,0.0
20.0,1.2409822283590297,0.0,0.0
20.0,1.342381577109635,0.0,0.0
20.0,1.3970874214119329,0.0,0.0
20.0,1.3940888778926133,0.0,0.0
20.0,1.3561572223577485,0.0,0.0
19.390868171126385,0.0,0.0,0.0
18.97740619669118,0.0,0.0,0.0
19.02751785984347,0.0,0.0,0.0
18.88221773215944,0.0,0.0,0.0
18.836397083382373,0.0,0.0,0.0
18.78349445491179,0.0,0.0,0.0
18.763159852466764,0.0,0.0,0.0
19.374824583056583,1.3285030282364136,0.0,0.07379912661927039
20.0,1.699054051759837,0.0,0.18643988583033352
20.0,1.4927448176397835,0.0,0.27965981502613135
20.0,1.225581662499139,0.0,0.5476671663415258
20.0,1.0153096293430361,0.0,0.6758445964244858
20.0,0.9393637609527489,0.0,0.6059296495276374
20.0,1.0310511132394136,0.0,0.35345898966319306
20.0,1.0097623104216875,0.0,0.4583314100084655
20.0,1.0813011142375277,0.0,0.35345898966319306
20.0,1.1937456847991497,0.0,0.1670190763941216
20.0,1.2826451403984134,0.0,0.003884164288131948
20.0,1.2940920531230788,0.0,0.0
20.0,1.2975068444739897,0.0,0.0
20.0,1.317149864231744,0.0,0.0
20.0,1.3357226810140934,0.0,0.0
20.0,1.3509226046796783,0.0,0.0
20.0,1.3481814142452155,0.0,0.0
19.38359302127148,0.0,0.0,0.0
18.97089408087699,0.0,0.0,0.0
19.061289418824575,0.0,0.0,0.0
18.974882082503655,0.0,0.0,0.0
18.959126974340847,0.0,0.0,0.0
18.896445628496977,0.0,0.0,0.0
18.84546931650533,0.0,0.0,0.0
19.40725693906461,1.286587332690065,0.0,0.06991495375653284
20.0,1.670727214664245,0.0,0.18255574040633388
20.0,1.506299255025256,0.0,0.27577566960213173
20.0,1.2857987060278862,0.0,0.5398988754935266
20.0,1.1429815932941305,0.0,0.6680763055764865
20.0,1.1153474870425755,0.0,0.6020455315423757
20.0,1.1992394132709565,0.0,0.34957481680045555
20.0,1.2085787138226036,0.0,0.28742816075160643
20.0,1.234747532732945,0.0,0.19809237697980822
20.0,1.2605203573169679,0.0,0.13982990751306568
20.0,1.3460546882501512,0.0,0.003884164288131948
20.0,1.3779794115963078,0.0,0.0
20.0,1.3957599568807846,0.0,0.0
20.0,1.4016360701557358,0.0,0.0
20.0,1.4015040677454735,0.0,0.0
20.0,1.400255988123584,0.0,0.0
20.0,1.4034978944454632,0.0,0.0
19.347911210532533,0.0,0.0,0.0
18.89852972616482,0.0,0.0,0.0
18.96830272442089,0.0,0.0,0.0
18.858629585974022,0.0,0.0,0.0
18.848153781837862,0.0,0.0,0.0
18.807542452620787,0.0,0.0,0.0
18.781069524821117,0.0,0.0,0.0
19.380735476852774,1.3484695980750985,0.0,0.06603079461316425
20.0,1.7606432997511485,0.0,0.17867156754359637
20.0,1.602460445131631,0.0,0.2718915241781321
20.0,1.375507383901616,0.0,0.5321305297680514
20.0,1.1808693073460097,0.0,0.6603079598510113
20.0,1.0578097555731802,0.0,0.664192077836273
20.0,0.9862201260526973,0.0,0.6098138772678509
20.0,0.9671508493120847,0.0,0.4971730288808893
20.0,1.0075686464539952,0.0,0.3379222982122429
20.0,1.1017466545141117,0.0,0.15148241238190935
20.0,1.2110172171879823,0.0,0.003884164288131948
20.0,1.2737595672787898,0.0,0.0
20.0,1.3353625963297397,0.0,0.0
20.0,1.4082264876427992,0.0,0.0
20.0,1.4819815361827042,0.0,0.0
20.0,1.5503451796009742,0.0,0.0
20.0,1.6154622920770634,0.0,0.0
19.223943897488176,0.0,0.0,0.0
18.661321840146503,0.0,0.0,0.0
18.70117047688927,0.0,0.0,0.0
18.527964653192576,0.0,0.0,0.0
18.469191973441035,0.0,0.0,0.0
18.38632801745302,0.0,0.0,0.0
18.334129326005957,0.0,0.0,0.0
19.15282116303234,1.8048566861358186,0.0,0.11264076607074763
20.0,2.2888638117562934,0.0,0.3107331704892938
20.0,1.9535874015237236,0.0,0.4777522194446775
20.0,1.626875241815384,0.0,0.5903930129541631
20.0,1.3247259338030482,0.0,0.652539669003012
20.0,1.1241342006819226,0.0,0.5865087852139497
20.0,1.0479984235328044,0.0,0.5360147026307891
20.0,1.0725330004086169,0.0,0.48940468315541424
20.0,1.2059704061177035,0.0,0.33015397992550566
20.0,1.375869307115475,0.0,0.14371408037580322
20.0,1.4972081531923727,0.0,0.0
20.0,1.5269514279168814,0.0,0.0
20.0,1.5351982030084037,0.0,0.0
20.0,1.5263481603301867,0.0,0.0
20.0,1.5177622051212691,0.0,0.0
20.0,1.5314698780818434,0.0,0.0
20.0,1.5634530303523206,0.0,0.0
19.248289546840844,0.0,0.0,0.0
18.689131306908884,0.0,0.0,0.0
18.691500612159217,0.0,0.0,0.0
18.476382268119785,0.0,0.0,0.0
18.368885698643524,0.0,0.0,0.0
18.246366877593214,0.0,0.0,0.0
18.17148102477538,0.0,0.0,0.0
19.068276429797084,1.7596989640076126,0.0,0.46755269225460216
20.0,1.8851518167956964,0.0,1.2995623311372217
20.0,1.7595298696788815,0.0,0.7764875065908551
20.0,1.6679869141637917,0.0,0.5204780660573147
20.0,1.6010060147450227,0.0,0.36511148081266775
20.0,1.4858571816780102,0.0,0.36899565367540543
20.0,1.2964610955149043,0.0,0.5321305297680514
20.0,1.2192204904251491,0.0,0.481636392307415
20.0,1.2509412357565532,0.0,0.326269834501506
20.0,1.3707771702650078,0.0,0.13594576208906606
20.0,1.517737671895989,0.0,0.0
20.0,1.6046458106526793,0.0,0.0
20.0,1.649358721984843,0.0,0.0
20.0,1.6452312758044396,0.0,0.0
20.0,1.6324150313092185,0.0,0.0
20.0,1.6323597799652958,0.0,0.0
20.0,1.6571569980499528,0.0,0.0
19.218038285504825,0.0,0.0,0.0
18.671744578853094,0.0,0.0,0.0
18.749044680839045,0.0,0.0,0.0
18.606036578368936,0.0,0.0,0.0
18.559799188208466,0.0,0.0,0.0
18.464814817536677,0.0,0.0,0.0
18.387425552682306,0.0,0.0,0.0
19.171711732475934,1.801918016219222,0.0,0.05826246946674259
20.0,2.3239215188743643,0.0,0.1709032355374902
20.0,2.0796114603805878,0.0,0.26023903302865736
20.0,1.9103688393771798,0.0,0.326269834501506
20.0,1.7960206864059567,0.0,0.36122730794993024
20.0,1.7155518585440181,0.0,0.36511148081266775
20.0,1.5614085511488034,0.0,0.5243622389200523
20.0,1.4832493295029012,0.0,0.4738680465819399
20.0,1.495803103049475,0.0,0.28742816075160643
20.0,1.5517755275933207,0.0,0.11652493893348519
20.0,1.636484704395811,0.0,0.0
20.0,1.6912178650048009,0.0,0.0
20.0,1.7421341025384267,0.0,0.0
20.0,1.792147924598822,0.0,0.0
20.0,1.847642528137383,0.0,0.0
20.0,1.896724137904158,0.0,0.0
20.0,1.9461947822832328,0.0,0.0
19.072178543252654,0.0,0.0,0.0
18.405389001612086,0.0,0.0,0.0
18.45609681202088,0.0,0.0,0.0
18.24116148659863,0.0,0.0,0.0
18.145162115598986,0.0,0.0,0.0
17.999404414700457,0.0,0.0,0.0
17.880670090365214,0.0,0.0,0.0
18.90815265832656,2.2646361449429886,0.0,0.3344826468274679
20.0,2.4015816666189496,0.0,1.6087661190458302
20.0,1.44655789100295,0.0,2.6258302832231224
20.0,0.5759784291367477,0.0,3.1821964430601066
20.122342006126093,0.0,0.0,3.4947557302449583
20.513424067687787,0.0,0.0,3.518340210791363
20.878084870555895,0.0,0.0,3.24130402993928
20.974999554286313,0.0,0.0,2.698046588856088
20.74681764719477,0.0,0.0,1.4377675109657422
20.362516434216012,0.0,0.0,0.6559983994184525
20.103695532313353,0.3215750644518913,0.0,0.0
20.0,0.5557500514081039,0.0,0.0
20.0,0.7848972201261495,0.0,0.0
20.0,0.9314074508128639,0.0,0.0
20.0,1.0503366152290092,0.0,0.0
20.0,1.1751220873277635,0.0,0.0
20.0,1.2992398843739243,0.0,0.0
19.342670133091463,0.0,0.0,0.0
18.84111406883741,0.0,0.0,0.0
18.83899387816858,0.0,0.0,0.0
18.662095335606477,0.0,0.0,0.0
18.561369688222374,0.0,0.0,0.0
18.421309142075437,0.0,0.0,0.0
18.305277680237538,0.0,0.0,0.0
19.123792833200632,1.6239482771741798,0.0,0.5414132297527978
20.0,1.5391273266135734,0.0,1.7380586253602301
20.0,0.655124808546065,0.0,2.6041757260625285
20.057149731243342,0.0,0.0,3.132691277558402
20.413638233734318,0.0,0.0,3.495277219133746
20.851326939992113,0.0,0.0,3.519022308873737
21.072862876683956,0.0,0.0,3.1786595892957985
21.14425735657973,0.0,0.0,2.6925293050935464
21.003488279512958,0.0,0.0,1.8494403562939694
20.612041399653506,0.0,0.0,0.6764503623891452
20.17478603753746,0.11741023562353803,0.0,0.0
20.0,0.3691291813100462,0.0,0.0
20.0,0.6879598605247479,0.0,0.0
20.0,0.9376674405688552,0.0,0.0
20.0,1.1309807578868318,0.0,0.0
20.0,1.2824007313282346,0.0,0.0
20.0,1.3975144646656634,0.0,0.0
19.307437761033853,0.0,0.0,0.0
18.78471081883078,0.0,0.0,0.0
18.780176997668608,0.0,0.0,0.0
18.58725813686157,0.0,0.0,0.0
18.5028471231873,0.0,0.0,0.0
18.401841629018566,0.0,0.0,0.0
18.330216477434945,0.0,0.0,0.0
19.14686777461379,1.7835715123321845,0.0,0.22421363967996993
20.0,2.231097386342573,0.0,0.5305465283190793
20.0,1.9281813536601273,0.0,0.7330513232752105
20.0,1.62201802212597,0.0,0.9731119363624411
20.0,1.3737342453336008,0.0,1.0600758059131006
20.0,0.058825974065766784,0.0,3.2439888253208085
20.24896780228723,0.0,0.0,3.3046670553224433
20.37764704045166,0.0,0.0,2.2103325601414774
20.32213708288034,0.0,0.0,1.7488024272497456
20.19345784471591,0.1555830720192009,0.0,0.6041688533188017
20.0,0.5837116873994252,0.0,0.0
20.0,0.9009724942876265,0.0,0.0
20.0,1.144745604665578,0.0,0.0
20.0,1.314531507673754,0.0,0.0
20.0,1.452108008539985,0.0,0.0
20.0,1.5781552309348545,0.0,0.0
20.0,1.7035465595948416,0.0,0.0
19.154974929861396,0.0,0.0,0.0
18.533350302570412,0.0,0.0,0.0
18.566642394452543,0.0,0.0,0.0
18.377274351975583,0.0,0.0,0.0
18.316703335340993,0.0,0.0,0.0
18.226384651474135,0.0,0.0,0.0
18.15387955211652,0.0,0.0,0.0
19.055190905751324,2.0343979971493695,0.0,0.1837725059541392
20.0,2.579959489433127,0.0,0.5167769662689262
20.0,2.2582090667778623,0.0,0.7602832911352041
20.0,1.9188785535662383,0.0,0.9522786133298659
20.0,1.5598999185621183,0.0,1.066495054069176
20.0,0.08375286039294831,0.0,3.307236780655008
20.262842768928557,0.0,0.0,3.199745691667915
20.537482916314485,0.0,0.0,2.473948981012529
20.560248695046525,0.0,0.0,1.7011964496967933
20.30474899299495,0.0,0.0,0.3799541687338807
20.01914044533435,0.19475292940248942,0.0,0.0
20.0,0.4821212252243034,0.0,0.0
20.0,0.6989052524585633,0.0,0.0
20.0,0.8236157619150617,0.0,0.0
20.0,0.8836856477507535,0.0,0.0
20.0,0.8989213611142379,0.0,0.0
20.0,0.9046233328713343,0.0,0.0
19.574246615805343,0.0,0.0,0.0
19.257614278495048,0.0,0.0,0.0
19.25113435475216,0.0,0.0,0.0
19.11501656712904,0.0,0.0,0.0
19.039385955671115,0.0,0.0,0.0
18.959485254676288,0.0,0.0,0.0
18.904657954370027,0.0,0.0,0.0
19.43730878029827,1.2238637821247782,0.0,0.0854516177687451
20.0,1.5398502787775619,0.0,0.27577566960213173
20.0,1.1535836685270624,0.0,0.6749031869505441
20.0,0.7849829727706431,0.0,0.7935033938138228
20.34687256470381,0.0,0.0,3.098759226729734
20.709221177688583,0.0,0.0,2.3023094798274437
20.547178208052415,0.0,0.0,0.65584758832196
20.444951067880822,0.0,0.0,0.621711121384208
20.411246928788515,0.0,0.0,0.3068489976265563
20.250544860456205,0.0,0.0,0.10487244092432597
20.12293764651983,0.0,0.0,0.0
20.023518242038957,0.05223756964560986,0.0,0.0
20.0,0.17977932871242552,0.0,0.0
20.0,0.2830506162220263,0.0,0.0
20.0,0.3448180879712324,0.0,0.0
20.0,0.37069199777805706,0.0,0.0
20.0,0.3666260987157148,0.0,0.0
19.833745637920323,0.0,0.0,0.0
19.71631504591077,0.0,0.0,0.0
19.715568826994037,0.0,0.0,0.0
19.634494909304472,0.0,0.0,0.0
19.541023539368606,0.0,0.0,0.0
19.422659755142796,0.0,0.0,0.0
19.32384822349291,0.0,0.0,0.0
19.64071651741784,0.5976600391695844,0.0,0.24364071906966564
20.0,0.12136273704164421,0.0,1.279963089756405
20.270329903737995,0.0,0.0,1.8829845774889835
20.295415249009302,0.0,0.0,0.5398988754935266
20.161246580040512,0.0,0.0,0.5942771858169007
20.19527969635432,0.0,0.0,0.5360147026307891
20.110763595767267,0.0,0.0,0.48552056517015274
20.063434536523793,0.0,0.0,0.4311422274080407
20.01178940234164,0.09188401911756955,0.0,0.28354398788886886
20.0,0.2742159338386086,0.0,0.09710411577790432
20.0,0.4363907968168496,0.0,0.0
20.0,0.5500963256197348,0.0,0.0
20.0,0.6479753439267045,0.0,0.0
20.0,0.7297505590107741,0.0,0.0
20.0,0.791153456975832,0.0,0.0
20.0,0.8209136752792418,0.0,0.0
20.0,0.8477340040476621,0.0,0.0
19.58626722738888,0.0,0.0,0.0
19.249021292142857,0.0,0.0,0.0
19.190134247890665,0.0,0.0,0.0
19.010840304261137,0.0,0.0,0.0
18.915876612554072,0.0,0.0,0.0
18.860902626231553,0.0,0.0,0.0
18.84452971890611,0.0,0.0,0.0
19.41604358410418,1.2757549497368825,0.0,0.05826246946674259
20.0,1.2434753217085461,0.0,0.9655956381678198
20.0,0.5100602599588617,0.0,1.9482184860538874
20.0,0.37655086155980017,0.0,1.3887551651139318
20.17489998460145,0.0,0.0,2.1792101373322263
20.17489998460145,0.059142237754543504,0.0,0.6447713232775371
20.119615716212117,0.0,0.0,0.7623409364208895
20.476126947907247,0.0,0.0,1.9016403782044926
20.52874404826636,0.0,0.0,1.1595162196847972
20.17223281657123,0.09091336154338528,0.0,0.0854516177687451
20.0,0.24411147282606788,0.0,0.0
20.0,0.45883814510760806,0.0,0.0
20.0,0.6204058273454737,0.0,0.0
20.0,0.7401489391759242,0.0,0.0
20.0,0.8251750285209143,0.0,0.0
20.0,0.8720675838381996,0.0,0.0
20.0,0.8839094659280656,0.0,0.0
19.59648310837268,0.0,0.0,0.0
19.331487408482307,0.0,0.0,0.0
19.399527667479266,0.0,0.0,0.0
19.343019693134302,0.0,0.0,0.0
19.316763578843915,0.0,0.0,0.0
19.245828777555914,0.0,0.0,0.0
19.18247008997217,0.0,0.0,0.0
19.57490856549551,0.8904269854132628,0.0,0.050494137460636454
20.0,1.025540803929495,0.0,0.24470234157770712
20.0,0.7796036682661764,0.0,0.36122730794993024
20.0,0.6923325737817343,0.0,0.29519650647708157
20.0,0.6395101727668386,0.0,0.33015397992550566
20.0,0.623495814902328,0.0,0.3340381527882432
20.0,0.5389228779254821,0.0,0.4738680465819399
20.0,0.49474870288879574,0.0,0.4194897636973039
20.0,0.5049619075313401,0.0,0.26800735131539455
20.0,0.5821209363829418,0.0,0.0815674586253765
20.0,0.6725407440698876,0.0,0.0
20.0,0.7447053863896872,0.0,0.0
20.0,0.7961216957247234,0.0,0.0
20.0,0.8308262354279415,0.0,0.0
20.0,0.8590876967747478,0.0,0.0
20.0,0.8854826976447252,0.0,0.0
20.0,0.9468442863303951,0.0,0.0
19.517834475481326,0.0,0.0,0.0
19.13153339470513,0.0,0.0,0.0
19.088271422322553,0.0,0.0,0.0
18.915323036776424,0.0,0.0,0.0
18.820854722743128,0.0,0.0,0.0
18.734429116196363,0.0,0.0,0.0
18.67286910886301,0.0,0.0,0.0
19.3185441817321,1.3100221223755861,0.0,0.4117471377329728
20.0,1.182841737046975,0.0,1.6350112156518555
20.0,0.4524951560147989,0.0,2.4467897637505795
20.18724391424679,0.0,0.0,3.1401175120712024
20.556259964269966,0.0,0.0,2.9138129122307683
20.927340624912155,0.0,0.0,2.8111308896264404
21.385460533099728,0.0,0.0,3.3071235644458716
21.432841046916323,0.0,0.0,2.067774954483841
21.178044402448915,0.0,0.0,1.4989574018587535
20.84564620649643,0.0,0.0,0.448114042569667
20.408855787921155,0.0,0.0,0.0
20.167264807299983,0.0,0.0,0.0
20.031715912131915,0.1652412684416696,0.0,0.0
20.0,0.42290892882967857,0.0,0.0
20.0,0.647645229419868,0.0,0.0
20.0,0.7919601476552068,0.0,0.0
20.0,0.8409868659013106,0.0,0.0
19.602509209017253,0.0,0.0,0.0
19.320467987687348,0.0,0.0,0.0
19.336629593169118,0.0,0.0,0.0
19.21770608282123,0.0,0.0,0.0
19.143193166668972,0.0,0.0,0.0
19.05192759748784,0.0,0.0,0.0
18.993267757545343,0.0,0.0,0.0
19.485498058404268,1.046018519510439,0.0,0.050494137460636454
20.0,1.1574079179502343,0.0,0.23304987786697037
20.0,0.7574862387623256,0.0,0.38841646311161726
20.0,0.3979578981356543,0.0,0.5049413746063645
20.0,0.10489584687446443,0.0,0.6069648752306315
20.086761819561534,0.0,0.0,0.8800806015260142
20.156646722295577,0.0,0.0,0.8194836758727337
20.069884902734042,0.11678701266464486,0.0,0.4117214179718288
20.0,0.3279381427551238,0.0,0.22916570500423275
20.0,0.589081716112398,0.0,0.062146628610111165
20.0,0.7233183380333906,0.0,0.0
20.0,0.7848277399291126,0.0,0.0
20.0,0.8347780725120941,0.0,0.0
20.0,0.8775768408201838,0.0,0.0
20.0,0.9144325148979744,0.0,0.0
20.0,0.9460733256258956,0.0,0.0
20.0,0.9484747696238709,0.0,0.0
19.561568759562988,0.0,0.0,0.0
19.25871346122773,0.0,0.0,0.0
19.296523510518014,0.0,0.0,0.0
19.19175007429445,0.0,0.0,0.0
19.127399192227667,0.0,0.0,0.0
19.017860376206404,0.0,0.0,0.0
18.90933067708891,0.0,0.0,0.0
19.426498227668993,1.2842376148521968,0.0,0.05049413403079422
20.0,1.253968000800006,0.0,0.9412775961560644
20.0,0.3709209684616831,0.0,2.1949989625969635
20.178483818995755,0.0,0.0,2.9404282451060597
20.627807054101968,0.0,0.0,3.5427568830422946
20.946402720560165,0.0,0.0,3.2108480482978505
20.92068816642231,0.0,0.0,2.2576070613095767
21.034558599812037,0.0,0.0,2.7263878002728106
20.99873134953787,0.0,0.0,1.7725455290521963
20.50885454507204,0.0,0.0,0.47613477378502284
20.12107311437785,0.13271079820014062,0.0,0.0
20.0,0.4108398878662168,0.0,0.0
20.0,0.7017741461991358,0.0,0.0
20.0,0.9077253123532056,0.0,0.0
20.0,1.0670271413243204,0.0,0.0
20.0,1.1858772346017858,0.0,0.0
20.0,1.2647916203889003,0.0,0.0
19.392072833292545,0.0,0.0,0.0
18.969367998295237,0.0,0.0,0.0
19.04246029565178,0.0,0.0,0.0
18.959423620771283,0.0,0.0,0.0
18.96792162503917,0.0,0.0,0.0
18.943492022336837,0.0,0.0,0.0
18.929510258476203,0.0,0.0,0.0
19.45968137105634,1.1593983603887885,0.0,0.04272580888437255
20.0,1.4286704755301616,0.0,0.22528153214149527
20.0,1.1987752766634285,0.0,0.4078372725478292
20.0,1.018222848221485,0.0,0.5793442625883084
20.0,0.9519068908186374,0.0,0.5632038577924761
20.0,0.9383602242079602,0.0,0.501057201743627
20.0,1.0058911987501455,0.0,0.28742816075160643
20.0,1.0175817176051833,0.0,0.22916570500423275
20.0,1.0608952943758616,0.0,0.13982990751306568
20.0,1.1547877406957476,0.0,0.05437830003384729
20.0,1.2731906860830673,0.0,0.0
20.0,1.3640688227865676,0.0,0.0
20.0,1.410418940399864,0.0,0.0
20.0,1.3918976971149417,0.0,0.0
20.0,1.3520153937239956,0.0,0.0
20.0,1.3137739883229531,0.0,0.0
20.0,1.3033792225765581,0.0,0.0
19.388823162796285,0.0,0.0,0.0
18.95124910036101,0.0,0.0,0.0
18.977318833052227,0.0,0.0,0.0
18.82200573055771,0.0,0.0,0.0
18.762881459400823,0.0,0.0,0.0
18.687503964978035,0.0,0.0,0.0
18.637296924403024,0.0,0.0,0.0
19.305561583755605,1.5116838107935229,0.0,0.03495747687826642
20.0,1.922139087509794,0.0,0.21751320013538916
20.0,1.6725508895478074,0.0,0.37287977166066705
20.0,1.4747546953905273,0.0,0.48552056517015274
20.0,1.3241258946066632,0.0,0.5476671663415258
20.0,1.2510083553696392,0.0,0.4932888560181518
20.0,1.2898071195317447,0.0,0.28354398788886886
20.0,1.301556377204494,0.0,0.22528153214149527
20.0,1.3504896324444577,0.0,0.13594576208906606
20.0,1.423404464949991,0.0,0.050494137460636454
20.0,1.5009903245075433,0.0,0.0
20.0,1.558979634676822,0.0,0.0
20.0,1.6086006852379875,0.0,0.0
20.0,1.6434466863248962,0.0,0.0
20.0,1.6693697602328674,0.0,0.0
20.0,1.6793977049874875,0.0,0.0
20.0,1.6727009766107626,0.0,0.0
19.22750990884476,0.0,0.0,0.0
18.689980122572567,0.0,0.0,0.0
18.75125688476769,0.0,0.0,0.0
18.583239534369035,0.0,0.0,0.0
18.53622959556367,0.0,0.0,0.0
18.467187624574404,0.0,0.0,0.0
18.424480180346364,0.0,0.0,0.0
19.199069288006477,1.753127387568505,0.0,0.031073314305055583
20.0,2.252913961556753,0.0,0.20974488184865195
20.0,2.032465796545681,0.0,0.33015397992550566
20.0,1.9580267493829564,0.0,0.27577566960213173
20.0,1.8880227666939349,0.0,0.3107331704892938
20.0,1.8472827286192477,0.0,0.3107331704892938
20.0,1.735270022069065,0.0,0.4427947459962533
20.0,1.7101333263088276,0.0,0.3845322902488797
20.0,1.7706649802844994,0.0,0.20974488184865195
20.0,1.8842575346625785,0.0,0.031073314305055583
20.0,1.9594398961099957,0.0,0.0
20.0,2.012428081145756,0.0,0.0
20.0,2.035297059756728,0.0,0.0
20.0,2.04201532881002,0.0,0.0
20.0,2.030544460999283,0.0,0.0
20.0,2.01435537018164,0.0,0.0
20.0,1.9966806184276518,0.0,0.0
19.078872841109188,0.0,0.0,0.0
18.443576552536054,0.0,0.0,0.0
18.53619045772403,0.0,0.0,0.0
18.35528907748953,0.0,0.0,0.0
18.301496371701546,0.0,0.0,0.0
18.199525593405742,0.0,0.0,0.0
18.11597520936996,0.0,0.0,0.0
19.034143656473397,2.1658279574526222,0.0,0.015536658867448915
20.0,2.87910487457012,0.0,0.11652493893348519
20.0,2.6919928238342252,0.0,0.2058607089859144
20.0,2.4579135145414814,0.0,0.42337393656004146
20.0,2.2730179123929055,0.0,0.5360147026307891
20.0,2.190170249828621,0.0,0.48552056517015274
20.0,2.240273287992701,0.0,0.27965981502613135
20.0,2.2601810303908536,0.0,0.21751320013538916
20.0,2.2986343346574882,0.0,0.1320615892263285
20.0,2.3357083871160285,0.0,0.04272580888437255
20.0,2.343312178854944,0.0,0.0
20.0,2.3300424635388968,0.0,0.0
20.0,2.334044901197954,0.0,0.0
20.0,2.3585912829306794,0.0,0.0
20.0,2.384397829588294,0.0,0.0
20.0,2.4039602593643616,0.0,0.0
20.0,2.401447950945213,0.0,0.0
18.88864428150839,0.0,0.0,0.0
18.1212699721827,0.0,0.0,0.0
18.23456049430657,0.0,0.0,0.0
18.033044975129105,0.0,0.0,0.0
18.00096274263507,0.0,0.0,0.0
17.93132358482976,0.0,0.0,0.0
17.89664197031387,0.0,0.0,0.0
18.93517095662234,2.3398434726773445,0.0,0.02330498572879169
20.0,3.046937916043575,0.0,0.19809237697980822
20.0,2.7837289055885615,0.0,0.318501488776031
20.0,2.646423644892145,0.0,0.26800735131539455
20.0,2.391940595323564,0.0,0.4738680465819399
20.0,2.179028402086551,0.0,0.5321305297680514
20.0,2.0234654855629195,0.0,0.48552056517015274
20.0,1.364963380973584,0.0,1.4832049905141826
20.0,0.9700987041147731,0.0,1.7666841498555295
20.0,1.7318735977116495,0.0,0.03884164631116172
20.0,1.9640508285515537,0.0,0.0
20.0,2.1417746661771444,0.0,0.0
20.0,2.280631632013384,0.0,0.0
20.0,2.3541370230674428,0.0,0.0
20.0,2.393582507988823,0.0,0.0
20.0,2.406045911534626,0.0,0.0
20.0,2.411588960144363,0.0,0.0
18.882995474030487,0.0,0.0,0.0
18.114280328498836,0.0,0.0,0.0
18.232226279323317,0.0,0.0,0.0
18.020162756157134,0.0,0.0,0.0
17.954752441702816,0.0,0.0,0.0
17.830095233175896,0.0,0.0,0.0
17.73310909258399,0.0,0.0,0.0
18.838544969808744,2.565208587062338,0.0,0.02330498572879169
20.0,3.3221319251397086,0.0,0.19420823155580863
20.0,2.968963633330285,0.0,0.345690643937718
20.0,2.6628462461045515,0.0,0.4622155828712032
20.0,2.4033222795826763,0.0,0.5243622389200523
20.0,2.2030700114683146,0.0,0.528246356905314
20.0,2.105350316118913,0.0,0.4738680465819399
20.0,2.101709624362435,0.0,0.36899565367540543
20.0,2.178070128600165,0.0,0.19420823155580863
20.0,2.2685143794641447,0.0,0.02330498572879169
20.0,2.2868235381917477,0.0,0.0
20.0,2.28911002557065,0.0,0.0
20.0,2.3109547703977618,0.0,0.0
20.0,2.3433695785594963,0.0,0.0
20.0,2.370645414830829,0.0,0.0
20.0,2.3526225351515473,0.0,0.0
20.0,2.31192995951633,0.0,0.0
18.947420457825118,0.0,0.0,0.0
18.228240430872305,0.0,0.0,0.0
18.33200395615616,0.0,0.0,0.0
18.121476177897254,0.0,0.0,0.0
18.07607639570476,0.0,0.0,0.0
18.005183255485647,0.0,0.0,0.0
17.977539584279956,0.0,0.0,0.0
18.97814052971079,2.235173105657167,0.0,0.011652492864395845
20.0,2.9389267844231894,0.0,0.10487244092432597
20.0,2.701101801116375,0.0,0.19809237697980822
20.0,2.4508459763348056,0.0,0.4078372725478292
20.0,2.253316032437457,0.0,0.5165938931945772
20.0,2.1191039428443443,0.0,0.5204780660573147
20.0,2.0335016291429766,0.0,0.4699838737192024
20.0,2.0019232694431897,0.0,0.36122730794993024
20.0,2.0204497837489663,0.0,0.21362904099202054
20.0,2.0909593751399695,0.0,0.03884164631116172
20.0,2.1130419542671413,0.0,0.0
20.0,2.1085730683318817,0.0,0.0
20.0,2.094472641733074,0.0,0.0
20.0,2.0621752053374074,0.0,0.0
20.0,2.025583411063045,0.0,0.0
20.0,1.9882482014673264,0.0,0.0
20.0,1.953808324707384,0.0,0.0
19.104376861159707,0.0,0.0,0.0
18.49241037137194,0.0,0.0,0.0
18.58632227497626,0.0,0.0,0.0
18.403878888431404,0.0,0.0,0.0
18.329528420758415,0.0,0.0,0.0
18.200701125893502,0.0,0.0,0.0
18.102497090445425,0.0,0.0,0.0
19.025734261642963,2.1243095294492864,0.0,0.01942082315558086
20.0,2.7031646645077934,0.0,0.18255574040633388
20.0,2.355968350215755,0.0,0.3340381527882432
20.0,2.0937917636019683,0.0,0.45056306428299053
20.0,1.9297460750205049,0.0,0.5127097203318397
20.0,1.852312170887817,0.0,0.4622155828712032
20.0,1.7943798639074682,0.0,0.41560559083456633
20.0,1.7519659421023566,0.0,0.35734313508719273
20.0,1.7675492104596275,0.0,0.20974488184865195
20.0,1.8173541794508896,0.0,0.03884164631116172
20.0,1.8250294820994168,0.0,0.0
20.0,1.8186114073054827,0.0,0.0
20.0,1.8315551309675195,0.0,0.0
20.0,1.8475140452019452,0.0,0.0
20.0,1.8604109871295156,0.0,0.0
20.0,1.8485084520288122,0.0,0.0
20.0,1.7982566540299418,0.0,0.0
19.191867579699075,0.0,0.0,0.0
18.658628213740798,0.0,0.0,0.0
18.772823792445386,0.0,0.0,0.0
18.636968796532923,0.0,0.0,0.0
18.604235813318176,0.0,0.0,0.0
18.52146396459628,0.0,0.0,0.0
18.459964865697103,0.0,0.0,0.0
19.21183107628974,1.745353144185121,0.0,0.007768328576263896
20.0,2.2804877259036016,0.0,0.10098827492127291
20.0,2.0728231222752136,0.0,0.19032405869307104
20.0,1.8522601628093172,0.0,0.40006892682235407
20.0,1.6976735513747876,0.0,0.5049413746063645
20.0,1.6383079283525066,0.0,0.4583314100084655
20.0,1.6791436879907269,0.0,0.264123178452657
20.0,1.6253117976951115,0.0,0.318501488776031
20.0,1.6656416892247055,0.0,0.18255574040633388
20.0,1.7523288460212805,0.0,0.01942082315558086
20.0,1.7966028198099553,0.0,0.0
20.0,1.8148233188422616,0.0,0.0
20.0,1.799606342143282,0.0,0.0
20.0,1.7714109898539108,0.0,0.0
20.0,1.7461626753753887,0.0,0.0
20.0,1.7614678817897542,0.0,0.0
20.0,1.81676773946016,0.0,0.0
19.135318678855914,0.0,0.0,0.0
18.527827650456334,0.0,0.0,0.0
18.61168899297372,0.0,0.0,0.0
18.45934911570795,0.0,0.0,0.0
18.419809409855006,0.0,0.0,0.0
18.32131785456065,0.0,0.0,0.0
18.232040424449778,0.0,0.0,0.0
19.09036288540948,2.0581729896968155,0.0,0.007768328576263896
20.0,2.7493526084204656,0.0,0.09710411577790432
20.0,2.5589476386305856,0.0,0.18643988583033352
20.0,2.2865113235603993,0.0,0.39230058109687893
20.0,2.025569499367953,0.0,0.501057201743627
20.0,1.8190874809588664,0.0,0.5049413746063645
20.0,1.671221003356097,0.0,0.45444723714572804
20.0,1.616160902791671,0.0,0.35345898966319306
20.0,1.6625125403055345,0.0,0.21362904099202054
20.0,1.802713039374212,0.0,0.031073314305055583
20.0,1.923734115344325,0.0,0.0
20.0,2.029430219930841,0.0,0.0
20.0,2.1048981752235463,0.0,0.0
20.0,2.1385936464746838,0.0,0.0
20.0,2.1619223602254913,0.0,0.0
20.0,2.185228265442517,0.0,0.0
20.0,2.2094001500869087,0.0,0.0
18.964063046901984,0.0,0.0,0.0
18.239421930964234,0.0,0.0,0.0
18.340095127492102,0.0,0.0,0.0
18.151775946889245,0.0,0.0,0.0
18.108681840253432,0.0,0.0,0.0
18.020221135232628,0.0,0.0,0.0
17.961986352424276,0.0,0.0,0.0
18.963407353985687,2.2838568416764042,0.0,0.007768328576263896
20.0,2.998222055783351,0.0,0.09321994291516676
20.0,2.727500990404498,0.0,0.18255574040633388
20.0,2.5061822754853753,0.0,0.24858651444044466
20.0,2.3143633591523716,0.0,0.28354398788886886
20.0,2.1663072540716937,0.0,0.28742816075160643
20.0,2.09233167444013,0.0,0.25635486016591985
20.0,2.082336234287577,0.0,0.19809237697980822
20.0,2.123450537963048,0.0,0.11264076607074763
20.0,2.198184787815416,0.0,0.015536657152527791
20.0,2.229849387368498,0.0,0.0
20.0,2.241304584900968,0.0,0.0
20.0,2.2425807931947928,0.0,0.0
20.0,2.221611936498763,0.0,0.0
20.0,2.2036826617365053,0.0,0.0
20.0,2.2169356495258397,0.0,0.0
20.0,2.251075286812856,0.0,0.0
18.94046519030327,0.0,0.0,0.0
18.1980045904397,0.0,0.0,0.0
18.304208556552446,0.0,0.0,0.0
18.122554154709327,0.0,0.0,0.0
18.09191631182106,0.0,0.0,0.0
18.010760178041092,0.0,0.0,0.0
17.95070042364528,0.0,0.0,0.0
18.955971559131935,2.3148977301276803,0.0,0.007768329433724457
20.0,3.0643196305436784,0.0,0.08933578377179818
20.0,2.8249539170253977,0.0,0.17867156754359637
20.0,2.5957718824159945,0.0,0.24470234157770712
20.0,2.3714475361611,0.0,0.27965981502613135
20.0,2.182121198703486,0.0,0.28354398788886886
20.0,2.055777250053199,0.0,0.25247068730318223
20.0,1.9621211242740777,0.0,0.3068489976265563
20.0,2.0042361765755694,0.0,0.19420823155580863
20.0,2.125965203232392,0.0,0.031073314305055583
20.0,2.2192658343121163,0.0,0.0
20.0,2.298866612322357,0.0,0.0
20.0,2.353072128671435,0.0,0.0
20.0,2.3987981814544117,0.0,0.0
20.0,2.4445346934673173,0.0,0.0
20.0,2.4946443057460908,0.0,0.0
20.0,2.559574373643134,0.0,0.0
18.784045424051897,0.0,0.0,0.0
17.924590648471515,0.0,0.0,0.0
18.02498251240979,0.0,0.0,0.0
17.791571265926592,0.0,0.0,0.0
17.732796528830054,0.0,0.0,0.0
17.621241237936623,0.0,0.0,0.0
17.550341761974956,0.0,0.0,0.0
18.754763074931965,2.7225832810603037,0.0,0.003884164288131948
20.0,2.82694105320754,0.0,1.4439696409753917
20.0,1.8623078310090284,0.0,2.4157253541150325
20.0,1.4450343463313442,0.0,2.3231068357482414
20.0,0.7235730111351505,0.0,3.132719099345896
20.0,0.6413147653368004,0.0,2.5645446777711776
20.0,0.11309441774843436,0.0,3.2298060990784414
20.0,0.1964293470036581,0.0,2.588294520945756
20.0,0.5805703794593137,0.0,1.6815986086183106
20.0,1.4551032464487879,0.0,0.2454393763736033
20.0,1.883483556088411,0.0,0.0
20.0,2.1219615891463683,0.0,0.0
20.0,2.2822314786372186,0.0,0.0
20.0,2.355982608107135,0.0,0.0
20.0,2.401270187616198,0.0,0.0
20.0,2.437348932547918,0.0,0.0
20.0,2.475743690581326,0.0,0.0
18.826582285060542,0.0,0.0,0.0
17.98493137708966,0.0,0.0,0.0
18.044278513822036,0.0,0.0,0.0
17.763066410308625,0.0,0.0,0.0
17.645820308289885,0.0,0.0,0.0
17.48725290548647,0.0,0.0,0.0
17.382236316528825,0.0,0.0,0.0
18.663666730816534,2.9450422312970153,0.0,0.003884164288131948
20.0,3.1342873423882214,0.0,1.4264995947336165
20.0,2.307036281744545,0.0,2.1167330459473885
20.0,1.4779170296334148,0.0,2.912107695353944
20.0,0.9643894119550693,0.0,3.1063650053522105
20.0,0.8337442593907488,0.0,2.647412268275944
20.0,0.5399619201489825,0.0,2.769880057914247
20.0,0.42734632282044105,0.0,2.5875236495404494
20.0,0.7582672769964361,0.0,1.693608759623107
20.0,1.6380040282217425,0.0,0.18930595811738526
20.0,2.0340033190096274,0.0,0.0
20.0,2.2632255644175,0.0,0.0
20.0,2.41969444836312,0.0,0.0
20.0,2.49396652183603,0.0,0.0
20.0,2.549501742196129,0.0,0.0
20.0,2.605639093641164,0.0,0.0
20.0,2.6868531206120356,0.0,0.0
18.717410938065107,0.0,0.0,0.0
17.799523627870038,0.0,0.0,0.0
17.890648052836518,0.0,0.0,0.0
17.62726751070302,0.0,0.0,0.0
17.536481760763916,0.0,0.0,0.0
17.384840769789314,0.0,0.0,0.0
17.268258024374212,0.0,0.0,0.0
18.60116686767738,3.103080615312178,0.0,0.003884164288131948
20.0,3.414607936868229,0.0,1.3086304594730926
20.0,2.452750888547978,0.0,2.282777332885778
20.0,1.6302087111207948,0.0,2.9774455477288777
20.0,0.9481974747503732,0.0,3.4449517584971834
20.0,0.6599297180036714,0.0,3.1593677366559696
20.0,0.3324708821472288,0.0,3.202728748150351
20.0,0.3927529996934512,0.0,2.6064271153430596
20.0,1.0040517598702394,0.0,1.2684249479888583
20.0,1.8771162185982393,0.0,0.01942082315558086
20.0,2.2548486451194996,0.0,0.0
20.0,2.5267420641479355,0.0,0.0
20.0,2.6677561772742204,0.0,0.0
20.0,2.709406185797876,0.0,0.0
20.0,2.7324099294750743,0.0,0.0
20.0,2.7998658829248275,0.0,0.0
20.0,2.9291884120179583,0.0,0.0
18.58149746750859,0.0,0.0,0.0
17.56034770519293,0.0,0.0,0.0
17.672362285838584,0.0,0.0,0.0
17.415419863948166,0.0,0.0,0.0
17.354411368803774,0.0,0.0,0.0
17.22529186109878,0.0,0.0,0.0
17.121928052655317,0.0,0.0,0.0
18.52913974456639,3.2845563965714244,0.0,0.003884164288131948
20.0,3.8341743535263797,0.0,1.0681779465897019
20.0,2.954674010865274,0.0,2.0062939931025863
20.0,1.9063764134637797,0.0,3.1850560306343154
20.0,1.6917263385407486,0.0,2.5219047755050057
20.0,2.0631077567964855,0.0,1.0518669716403926
20.0,2.1854772798153217,0.0,0.6554086690045539
20.0,2.3493878691758354,0.0,0.345690643937718
20.0,2.4885920545284255,0.0,0.18255574040633388
20.0,2.660197100360747,0.0,0.01942082315558086
20.0,2.7556710431030016,0.0,0.0
20.0,2.8154836591954195,0.0,0.0
20.0,2.8298603579424286,0.0,0.0
20.0,2.8177093525980794,0.0,0.0
20.0,2.802333942691653,0.0,0.0
20.0,2.7998906937451746,0.0,0.0
20.0,2.820193214925675,0.0,0.0
18.67574194117966,0.0,0.0,0.0
17.745658189989886,0.0,0.0,0.0
17.85700783709258,0.0,0.0,0.0
17.593947926152353,0.0,0.0,0.0
17.527920272706986,0.0,0.0,0.0
17.410891914700844,0.0,0.0,0.0
17.3381223119446,0.0,0.0,0.0
18.64829433208074,2.967610442565266,0.0,0.003884164288131948
20.0,3.9059956411738104,0.0,0.07768329262232344
20.0,3.578091781327053,0.0,0.1670190763941216
20.0,3.334224684405619,0.0,0.22916570500423275
20.0,3.1407427010670332,0.0,0.264123178452657
20.0,2.990201120815699,0.0,0.26800735131539455
20.0,2.888581032719683,0.0,0.2408181961537075
20.0,2.821367196500885,0.0,0.18255574040633388
20.0,2.785995045528883,0.0,0.10098827492127291
20.0,2.785237461600482,0.0,0.011652492864395845
20.0,2.7641492794786693,0.0,0.0
20.0,2.754113900459496,0.0,0.0
20.0,2.7625090515448716,0.0,0.0
20.0,2.7851733402564665,0.0,0.0
20.0,2.804320066356619,0.0,0.0
20.0,2.801858123522624,0.0,0.0
20.0,2.779082578831609,0.0,0.0
18.72946319825852,0.0,0.0,0.0
17.868322226528477,0.0,0.0,0.0
18.024186811718845,0.0,0.0,0.0
17.810952606537413,0.0,0.0,0.0
17.774133407397876,0.0,0.0,0.0
17.674317501999127,0.0,0.0,0.0
17.610551329011102,0.0,0.0,0.0
18.78474241132133,2.6845755405691145,0.0,0.0
20.0,3.5342631778702747,0.0,0.07379912661927039
20.0,3.244524532414758,0.0,0.163134917250753
20.0,3.0332435314240622,0.0,0.22916570500423275
20.0,2.8785485504496964,0.0,0.264123178452657
20.0,2.774787011811835,0.0,0.26800735131539455
20.0,2.7266710558584033,0.0,0.2408181961537075
20.0,2.7171287023528325,0.0,0.18255574040633388
20.0,2.7418875251127286,0.0,0.09710411577790432
20.0,2.7720625020902014,0.0,0.011652492864395845
20.0,2.7636508797753208,0.0,0.0
20.0,2.742134723180546,0.0,0.0
20.0,2.7108479083605035,0.0,0.0
20.0,2.6832956593418524,0.0,0.0
20.0,2.6641291462186523,0.0,0.0
20.0,2.672951432017249,0.0,0.0
20.0,2.6932260878186365,0.0,0.0
18.742392225054157,0.0,0.0,0.0
17.875227409455917,0.0,0.0,0.0
18.01674010373023,0.0,0.0,0.0
17.804233813336964,0.0,0.0,0.0
17.75972084453175,0.0,0.0,0.0
17.6424912605795,0.0,0.0,0.0
17.55441407176862,0.0,0.0,0.0
18.751314761712372,2.7690703661035108,0.0,0.0
20.0,3.6104110799032707,0.0,0.13594576208906606
20.0,3.264848465516148,0.0,0.24858651444044466
20.0,3.0410389774389235,0.0,0.22528153214149527
20.0,2.8151040448307643,0.0,0.26023903302865736
20.0,2.6077282339107883,0.0,0.264123178452657
20.0,2.3527542724185166,0.0,0.37287977166066705
20.0,2.1856665358498057,0.0,0.31461734335203134
20.0,2.109219910365015,0.0,0.18643988583033352
20.0,2.126837540624482,0.0,0.01942082315558086
20.0,2.1556123169574692,0.0,0.0
20.0,2.191181493266065,0.0,0.0
20.0,2.2230882182960174,0.0,0.0
20.0,2.231736461143106,0.0,0.0
20.0,2.232859421152065,0.0,0.0
20.0,2.234123469785732,0.0,0.0
20.0,2.2388268022597346,0.0,0.0
18.951149738222988,0.0,0.0,0.0
18.20782996681438,0.0,0.0,0.0
18.278268544353292,0.0,0.0,0.0
18.047162044901086,0.0,0.0,0.0
17.982353673423038,0.0,0.0,0.0
17.89396466133875,0.0,0.0,0.0
17.849876676400303,0.0,0.0,0.0
18.912691959345405,2.3779925907902926,0.0,0.0
20.0,3.1137216835621317,0.0,0.06603079461316425
20.0,2.827309902624628,0.0,0.1592507443880155
20.0,2.5281654718266666,0.0,0.34957481680045555
20.0,2.2894313274858153,0.0,0.45056306428299053
20.0,2.115039183872626,0.0,0.4583314100084655
20.0,1.9906171296907835,0.0,0.41560559083456633
20.0,1.9377903335109534,0.0,0.31461734335203134
20.0,1.9521728692698608,0.0,0.1670190763941216
20.0,2.017040112825206,0.0,0.015536657152527791
20.0,2.056531670746715,0.0,0.0
20.0,2.0996774991309213,0.0,0.0
20.0,2.1409906054740144,0.0,0.0
20.0,2.1805913874617464,0.0,0.0
20.0,2.2188200793994715,0.0,0.0
20.0,2.235743938528621,0.0,0.0
20.0,2.247457232345809,0.0,0.0
18.950997694751493,0.0,0.0,0.0
18.210906368241734,0.0,0.0,0.0
18.283359867537683,0.0,0.0,0.0
18.04831188656302,0.0,0.0,0.0
17.95868414240291,0.0,0.0,0.0
17.819838129940948,0.0,0.0,0.0
17.717037594501864,0.0,0.0,0.0
18.831022914448248,2.600316077894531,0.0,0.0
20.0,3.389410260367173,0.0,0.12817743008295993
20.0,3.042062288793685,0.0,0.3029648247638187
20.0,2.779339971962892,0.0,0.42337393656004146
20.0,2.6149866258892382,0.0,0.40006892682235407
20.0,2.545651592762046,0.0,0.26023903302865736
20.0,2.452806184277457,0.0,0.23304987786697037
20.0,2.3885212596741945,0.0,0.17478740840022777
20.0,2.350670007949092,0.0,0.09321994291516676
20.0,2.32571772585724,0.0,0.007768328576263896
20.0,2.282443968467374,0.0,0.0
20.0,2.248480788410347,0.0,0.0
20.0,2.238435583532919,0.0,0.0
20.0,2.2476194955725886,0.0,0.0
20.0,2.2589110335501914,0.0,0.0
20.0,2.267752713605765,0.0,0.0
20.0,2.2592785548337915,0.0,0.0
18.963667205432778,0.0,0.0,0.0
18.263592618127213,0.0,0.0,0.0
18.396847536898875,0.0,0.0,0.0
18.22440570670093,0.0,0.0,0.0
18.187003871887327,0.0,0.0,0.0
18.089443864524764,0.0,0.0,0.0
18.014974651432993,0.0,0.0,0.0
18.985051076299065,2.264395311611984,0.0,0.0
20.0,2.9909337576552772,0.0,0.062146628610111165
20.0,2.747012431963481,0.0,0.15148241238190935
20.0,2.5561095652886756,0.0,0.21751320013538916
20.0,2.32511342764727,0.0,0.39618475395961644
20.0,2.1501837596689275,0.0,0.45056306428299053
20.0,2.039020615746445,0.0,0.4078372725478292
20.0,1.9860078134932377,0.0,0.318501488776031
20.0,2.038142124715951,0.0,0.1553665852446469
20.0,2.1728396355766746,0.0,0.011652492864395845
20.0,2.3096414446260396,0.0,0.0
20.0,2.439300521969069,0.0,0.0
20.0,2.5358975558025363,0.0,0.0
20.0,2.5714952476529045,0.0,0.0
20.0,2.570716804186684,0.0,0.0
20.0,2.561429635875975,0.0,0.0
20.0,2.5476576272148503,0.0,0.0
18.826819475340574,0.0,0.0,0.0
18.02905816514168,0.0,0.0,0.0
18.174937030299866,0.0,0.0,0.0
17.990537730674202,0.0,0.0,0.0
17.98380488645555,0.0,0.0,0.0
17.92699076712679,0.0,0.0,0.0
17.900118761301158,0.0,0.0,0.0
18.93909349045448,2.3194822208982484,0.0,0.0
20.0,3.0464984938839024,0.0,0.05826246946674259
20.0,2.771448117221209,0.0,0.15148241238190935
20.0,2.5720730813504633,0.0,0.21362904099202054
20.0,2.3918646708413953,0.0,0.25247068730318223
20.0,2.2482436345026184,0.0,0.25635486016591985
20.0,2.084730856887513,0.0,0.35734313508719273
20.0,2.0228652865814367,0.0,0.29908065190108113
20.0,2.039655994779039,0.0,0.1592507443880155
20.0,2.1104456374642986,0.0,0.011652492864395845
20.0,2.145670471901119,0.0,0.0
20.0,2.167438985535951,0.0,0.0
20.0,2.17052609045588,0.0,0.0
20.0,2.1493222954772095,0.0,0.0
20.0,2.11177578733778,0.0,0.0
20.0,2.0717923286866022,0.0,0.0
20.0,2.026655989479437,0.0,0.0
19.08382356718047,0.0,0.0,0.0
18.474212062378463,0.0,0.0,0.0
18.607306357825962,0.0,0.0,0.0
18.47516374105053,0.0,0.0,0.0
18.478033195565132,0.0,0.0,0.0
18.443083999180853,0.0,0.0,0.0
18.436411208167062,0.0,0.0,0.0
19.21311452612878,1.7193736819232275,0.0,0.0
20.0,2.242426860001247,0.0,0.05826246946674259
20.0,2.0234440407093324,0.0,0.14759825323854078
20.0,1.855984243565577,0.0,0.21362904099202054
20.0,1.7218736469181184,0.0,0.24858651444044466
20.0,1.6206429538132539,0.0,0.25635486016591985
20.0,1.5547004026762443,0.0,0.22916570500423275
20.0,1.5342532851531074,0.0,0.1709032355374902
20.0,1.5492028431574807,0.0,0.08933578377179818
20.0,1.578670234806737,0.0,0.007768328576263896
20.0,1.5744732816698364,0.0,0.0
20.0,1.5476585398128613,0.0,0.0
20.0,1.4924660078219556,0.0,0.0
20.0,1.4301040329992327,0.0,0.0
20.0,1.3712900709636677,0.0,0.0
20.0,1.3509087704888143,0.0,0.0
20.0,1.355709778994747,0.0,0.0
19.368741054450766,0.0,0.0,0.0
18.940080823913746,0.0,0.0,0.0
19.02718690846597,0.0,0.0,0.0
18.944043922906495,0.0,0.0,0.0
18.95040663705247,0.0,0.0,0.0
18.923235631879628,0.0,0.0,0.0
18.91589852166344,0.0,0.0,0.0
19.45487274293278,1.1537079793494518,0.0,0.0
20.0,1.4675184936928094,0.0,0.05437830003384729
20.0,1.2918425748892737,0.0,0.14371408037580322
20.0,1.2468173866578258,0.0,0.20974488184865195
20.0,1.302475075414,0.0,0.24858651444044466
20.0,1.3940913714339451,0.0,0.25247068730318223
20.0,1.464160524998418,0.0,0.22528153214149527
20.0,1.4416027617406992,0.0,0.26800735131539455
20.0,1.488221460124009,0.0,0.1553665852446469
20.0,1.5805119928238451,0.0,0.011652492864395845
20.0,1.6558769430378661,0.0,0.0
20.0,1.7347268565300813,0.0,0.0
20.0,1.8018651600735434,0.0,0.0
20.0,1.860766819128233,0.0,0.0
20.0,1.920283213285802,0.0,0.0
20.0,1.9853258527062927,0.0,0.0
20.0,2.0541344073812717,0.0,0.0
19.01953034857319,0.0,0.0,0.0
18.32371034114198,0.0,0.0,0.0
18.402477730904913,0.0,0.0,0.0
18.212515487389062,0.0,0.0,0.0
18.158361287659737,0.0,0.0,0.0
18.05191866010665,0.0,0.0,0.0
17.95777518906659,0.0,0.0,0.0
18.95000006756674,2.391916506238663,0.0,0.0
20.0,3.2077752588574526,0.0,0.0854516177687451
20.0,1.9105319410196775,0.0,2.2779939986082116
20.0,1.0512340992241256,0.0,2.9564650944689723
20.0,0.336047763781179,0.0,3.334555049862316
20.0,0.16073134259931166,0.0,2.7099687419308576
20.0,0.35221365746989447,0.0,1.9089228611926663
20.0,1.2494740377388047,0.0,0.3068489976265563
20.0,1.659833049154428,0.0,0.13594576208906606
20.0,1.9248170390076849,0.0,0.007768328576263896
20.0,1.9818355806817112,0.0,0.0
20.0,1.9674190299739551,0.0,0.0
20.0,1.9348094474103548,0.0,0.0
20.0,1.9082194229452014,0.0,0.0
20.0,1.8720025913064535,0.0,0.0
20.0,1.8277261840381267,0.0,0.0
20.0,1.7806269757964441,0.0,0.0
19.195052734432544,0.0,0.0,0.0
18.644181560784393,0.0,0.0,0.0
18.721265152415047,0.0,0.0,0.0
18.550733312602294,0.0,0.0,0.0
18.47778265780302,0.0,0.0,0.0
18.35194871690375,0.0,0.0,0.0
18.24550746986403,0.0,0.0,0.0
19.092744424224204,2.0702688603046813,0.0,0.0
20.0,2.7603185676442727,0.0,0.0743355059278507
20.0,2.5802964830338815,0.0,0.14018334589623668
20.0,2.3896262998954056,0.0,0.20638104349249492
20.0,2.237397105642853,0.0,0.2453208656079409
20.0,2.122719636957158,0.0,0.2492148341001166
20.0,2.076035995245119,0.0,0.22585094083084897
20.0,2.116431012984071,0.0,0.16744122137704892
20.0,2.183394724185475,0.0,0.08566760865398124
20.0,2.2428300459342343,0.0,0.007787963565628644
20.0,2.2209994339621577,0.0,0.0
20.0,2.191921152817683,0.0,0.0
20.0,2.174081762123169,0.0,0.0
20.0,2.1787310814469913,0.0,0.0
20.0,2.1843083832605688,0.0,0.0
20.0,2.1628955701179158,0.0,0.0
20.0,2.1112626089587296,0.0,0.0
19.048179052297765,0.0,0.0,0.0
18.417665930165658,0.0,0.0,0.0
18.55077191508769,0.0,0.0,0.0
18.39841216543857,0.0,0.0,0.0
18.384510985290284,0.0,0.0,0.0
18.321489604163048,0.0,0.0,0.0
18.27647688088394,0.0,0.0,0.0
19.122371133792402,1.9857269252108458,0.0,0.0
20.0,2.683597904361029,0.0,0.04660997145758338
20.0,2.540488860154518,0.0,0.13982990751306568
20.0,2.405067320924136,0.0,0.2058607089859144
20.0,2.2640296232276724,0.0,0.2408181961537075
20.0,2.147687224673654,0.0,0.24858651444044466
20.0,2.0691185226007978,0.0,0.22139737299812665
20.0,2.0022303381359396,0.0,0.26023903302865736
20.0,2.0462277131322075,0.0,0.1553665852446469
20.0,2.161611435529226,0.0,0.011652492864395845
20.0,2.2449244525958054,0.0,0.0
20.0,2.316893292257753,0.0,0.0
20.0,2.3707049597133625,0.0,0.0
20.0,2.4042586443975433,0.0,0.0
20.0,2.410478664442449,0.0,0.0
20.0,2.3963780361923916,0.0,0.0
20.0,2.3802659123728436,0.0,0.0
18.902625752369325,0.0,0.0,0.0
18.14116329757678,0.0,0.0,0.0
18.233387519198494,0.0,0.0,0.0
18.001628154665134,0.0,0.0,0.0
17.936750394697434,0.0,0.0,0.0
17.83749466602872,0.0,0.0,0.0
17.77797385143269,0.0,0.0,0.0
18.870451399427306,2.49568037392177,0.0,0.0
20.0,3.311491635786563,0.0,0.04660997145758338
20.0,3.0613887319639774,0.0,0.13594576208906606
20.0,2.877620048214028,0.0,0.20197654984254582
20.0,2.7248850768759274,0.0,0.2408181961537075
20.0,2.606161927125876,0.0,0.24470234157770712
20.0,2.51856811164504,0.0,0.22139737299812665
20.0,2.463125623019797,0.0,0.1670190763941216
20.0,2.4527355438594367,0.0,0.0854516177687451
20.0,2.4869929501682457,0.0,0.003884164288131948
20.0,2.516038197792635,0.0,0.0
20.0,2.5457603415717553,0.0,0.0
20.0,2.5673460065597222,0.0,0.0
20.0,2.5832176670155604,0.0,0.0
20.0,2.6019478204930544,0.0,0.0
20.0,2.6360586041752687,0.0,0.0
20.0,2.673911373834789,0.0,0.0
18.742313092077072,0.0,0.0,0.0
17.856584882224933,0.0,0.0,0.0
17.963737836942826,0.0,0.0,0.0
17.72507824891937,0.0,0.0,0.0
17.680329587609375,0.0,0.0,0.0
17.596744164796515,0.0,0.0,0.0
17.554162532173304,0.0,0.0,0.0
18.76213575286176,2.7317758990666334,0.0,0.0
20.0,3.615750682240145,0.0,0.0815674586253765
20.0,3.3332554024828682,0.0,0.20974488184865195
20.0,3.1754371336296265,0.0,0.20197654984254582
20.0,3.0412632556403936,0.0,0.23693402329096994
20.0,2.944868380101357,0.0,0.24470234157770712
20.0,2.8033429596685244,0.0,0.38064811738614207
20.0,2.584766768574272,0.0,0.7144373748473071
20.0,2.8076667761257705,0.0,0.14371408037580322
20.0,2.896084079417237,0.0,0.007768328576263896
20.0,2.9104493262427016,0.0,0.0
20.0,2.899128367631864,0.0,0.0
20.0,2.8701270140057584,0.0,0.0
20.0,2.842321776384237,0.0,0.0
20.0,2.8213657230085096,0.0,0.0
20.0,2.8273296309159033,0.0,0.0
20.0,2.8439601823669602,0.0,0.0
18.675917559750744,0.0,0.0,0.0
17.770664771762625,0.0,0.0,0.0
17.93143605374995,0.0,0.0,0.0
17.71919721733898,0.0,0.0,0.0
17.693383364956794,0.0,0.0,0.0
17.591232852003486,0.0,0.0,0.0
17.51095414317366,0.0,0.0,0.0
18.730596280526058,2.8191252150892088,0.0,0.0
20.0,3.742583441107466,0.0,0.04272580888437255
20.0,3.457637862175777,0.0,0.1320615892263285
20.0,3.226934408527086,0.0,0.19809237697980822
20.0,3.0337565634461985,0.0,0.23693402329096994
20.0,2.8726522321135417,0.0,0.24470234157770712
20.0,2.7509566475457783,0.0,0.21751320013538916
20.0,2.6805809960435885,0.0,0.163134917250753
20.0,2.658420300156746,0.0,0.0815674586253765
20.0,2.68802149317697,0.0,0.003884164288131948
20.0,2.709742935583684,0.0,0.0
20.0,2.721270223645964,0.0,0.0
20.0,2.7065022276968937,0.0,0.0
20.0,2.64614502846763,0.0,0.0
20.0,2.5282582323709764,0.0,0.0
20.0,2.3525512942525126,0.0,0.0
20.0,2.1600855654932496,0.0,0.0
19.069016253774663,0.0,0.0,0.0
18.417119566525123,0.0,0.0,0.0
18.439366598723417,0.0,0.0,0.0
18.14938441732075,0.0,0.0,0.0
18.033342413504556,0.0,0.0,0.0
17.952234702622548,0.0,0.0,0.0
17.94769700950784,0.0,0.0,0.0
18.970683589042057,2.2215087197516468,0.0,0.0
20.0,2.921460086523972,0.0,0.07379912661927039
20.0,2.671916335750688,0.0,0.2058607089859144
20.0,2.5625821307175243,0.0,0.19809237697980822
20.0,2.469169448514577,0.0,0.23693402329096994
20.0,2.3963941521157053,0.0,0.2408181961537075
20.0,2.3361422261195632,0.0,0.21751320013538916
20.0,2.298419515580867,0.0,0.163134917250753
20.0,2.2978659993689665,0.0,0.0815674586253765
20.0,2.363968090012495,0.0,0.007768328576263896
20.0,2.436761823553768,0.0,0.0
20.0,2.5014675060363434,0.0,0.0
20.0,2.5184758553802142,0.0,0.0
20.0,2.4971105791968875,0.0,0.0
20.0,2.4682616970880025,0.0,0.0
20.0,2.4621496885171896,0.0,0.0
20.0,2.4796370977675055,0.0,0.0
18.843723258026174,0.0,0.0,0.0
18.050044451903595,0.0,0.0,0.0
18.193463948661766,0.0,0.0,0.0
18.012691298358405,0.0,0.0,0.0
17.96910074830746,0.0,0.0,0.0
17.84001875156263,0.0,0.0,0.0
17.731812406481815,0.0,0.0,0.0
18.835345859652584,2.592292498654432,0.0,0.0
20.0,3.3958334315453893,0.0,0.06991495375653284
20.0,3.063117172214633,0.0,0.20197654984254582
20.0,2.866756323413914,0.0,0.19420823155580863
20.0,2.701125547653064,0.0,0.23304987786697037
20.0,2.5994852611522865,0.0,0.2408181961537075
20.0,2.505128230992818,0.0,0.3379222982122429
20.0,2.5202907151420773,0.0,0.28354398788886886
20.0,2.6098953228548636,0.0,0.1320615892263285
20.0,2.6836868215423437,0.0,0.003884164288131948
20.0,2.6764258708241284,0.0,0.0
20.0,2.664252082917171,0.0,0.0
20.0,2.6769689117382303,0.0,0.0
20.0,2.716325889473244,0.0,0.0
20.0,2.7575251806337557,0.0,0.0
20.0,2.766795573221914,0.0,0.0
20.0,2.7412873459270974,0.0,0.0
18.743357625334426,0.0,0.0,0.0
17.88864614201361,0.0,0.0,0.0
18.03292869920751,0.0,0.0,0.0
17.809153072194782,0.0,0.0,0.0
17.766699974825915,0.0,0.0,0.0
17.667082736772734,0.0,0.0,0.0
17.603192641357058,0.0,0.0,0.0
18.781296989743783,2.6941883160383524,0.0,0.0
20.0,3.5779553922044496,0.0,0.03884164631116172
20.0,3.314486439982219,0.0,0.12817743008295993
20.0,3.139003709173323,0.0,0.19420823155580863
20.0,3.0172529324377844,0.0,0.23304987786697037
20.0,2.940639765371242,0.0,0.2408181961537075
20.0,2.906169812461748,0.0,0.21751320013538916
20.0,2.8976101176571842,0.0,0.163134917250753
20.0,2.915409530536385,0.0,0.0815674586253765
20.0,2.9434482817295953,0.0,0.003884164288131948
20.0,2.9419811227492185,0.0,0.0
20.0,2.939094714990416,0.0,0.0
20.0,2.937865915762086,0.0,0.0
20.0,2.9492276284165158,0.0,0.0
20.0,2.9587059840415573,0.0,0.0
20.0,2.9404470049373694,0.0,0.0
20.0,2.895583777210082,0.0,0.0
18.684571271454935,0.0,0.0,0.0
17.808079691927613,0.0,0.0,0.0
17.998014464526822,0.0,0.0,0.0
17.7998395402801,0.0,0.0,0.0
17.772023785692017,0.0,0.0,0.0
17.656798959027704,0.0,0.0,0.0
17.565380643810798,0.0,0.0,0.0
18.755271974249155,2.765525405597113,0.0,0.0
20.0,3.6544260890848657,0.0,0.058262476326427066
20.0,3.3255069995084017,0.0,0.22139737299812665
20.0,3.085933247165319,0.0,0.3379222982122429
20.0,2.9032352679049978,0.0,0.4078372725478292
20.0,2.8012948288795534,0.0,0.37287977166066705
20.0,2.797425732527497,0.0,0.21362904099202054
20.0,2.7759183229698827,0.0,0.163134917250753
20.0,2.798451891869182,0.0,0.0815674586253765
20.0,2.860135140994769,0.0,0.003884164288131948
20.0,2.8999233098890462,0.0,0.0
20.0,2.9320030664265184,0.0,0.0
20.0,2.939427076241514,0.0,0.0
20.0,2.9249132431630116,0.0,0.0
20.0,2.901512525482467,0.0,0.0
20.0,2.8829995137355096,0.0,0.0
20.0,2.882207564769212,0.0,0.0
18.65858115011506,0.0,0.0,0.0
17.725061365545766,0.0,0.0,0.0
17.848679850958455,0.0,0.0,0.0
17.58297450820963,0.0,0.0,0.0
17.50506507188453,0.0,0.0,0.0
17.364069429643834,0.0,0.0,0.0
17.25690478506118,0.0,0.0,0.0
18.597125554619996,3.137493588997442,0.0,0.0
20.0,4.202335460510051,0.0,0.03495747687826642
20.0,3.944922112482147,0.0,0.12429325722022233
20.0,3.7848149825186557,0.0,0.19032405869307104
20.0,3.67084344531614,0.0,0.22916570500423275
20.0,3.605148815743014,0.0,0.23693402329096994
20.0,3.5809604661436203,0.0,0.21362904099202054
20.0,3.585288581474096,0.0,0.163134917250753
20.0,3.597058995789735,0.0,0.0815674586253765
20.0,3.5758820119202657,0.0,0.003884164288131948
20.0,3.5065729186241756,0.0,0.0
20.0,3.435963953563559,0.0,0.0
20.0,3.381714980688444,0.0,0.0
20.0,3.328904123343705,0.0,0.0
20.0,3.2790593192819504,0.0,0.0
20.0,3.235992276042355,0.0,0.0
20.0,3.193084872188014,0.0,0.0
18.529206648064953,0.0,0.0,0.0
17.513973517987107,0.0,0.0,0.0
17.65885663820681,0.0,0.0,0.0
17.37447595370958,0.0,0.0,0.0
17.304068886760867,0.0,0.0,0.0
17.174753745680373,0.0,0.0,0.0
17.093501185985232,0.0,0.0,0.0
18.5224301416408,3.2749050543258553,0.0,0.0
20.0,4.361680372984806,0.0,0.03495747687826642
20.0,4.049100779102195,0.0,0.12429325722022233
20.0,3.7428411896379923,0.0,0.33015397992550566
20.0,2.78791116944895,0.0,1.8545605157202365
20.0,1.7302158737171782,0.0,3.2870472433689875
20.0,1.7289904214539353,0.0,2.373360354910034
20.0,1.9117806570719809,0.0,1.6026359196669213
20.0,2.6035220628712787,0.0,0.14759825323854078
20.0,2.826928993902087,0.0,0.003884164288131948
20.0,2.941075249765062,0.0,0.0
20.0,3.0263394571934055,0.0,0.0
20.0,3.0976554385576147,0.0,0.0
20.0,3.159169195631645,0.0,0.0
20.0,3.2212948450948815,0.0,0.0
20.0,3.2952370697711335,0.0,0.0
20.0,3.3662224720691545,0.0,0.0
18.411422680441532,0.0,0.0,0.0
17.31169355901596,0.0,0.0,0.0
17.47934114310484,0.0,0.0,0.0
17.19662699941226,0.0,0.0,0.0
17.12116303603854,0.0,0.0,0.0
16.94122259128558,0.0,0.0,0.0
16.78858313095367,0.0,0.0,0.0
18.35096684082478,3.7061638492128584,0.0,0.0
20.0,4.649343407076133,0.0,0.5767837482181863
20.0,3.484659438410478,0.0,2.087779765469721
20.0,2.6312807166592553,0.0,2.7720499450900133
20.0,1.9886807538415454,0.0,3.099044063335638
20.0,2.0038394740177,0.0,2.204787205890461
20.0,1.7618902975933046,0.0,2.3331421481648578
20.0,1.7669467132103778,0.0,2.0771749327074223
20.0,2.2408344624137193,0.0,1.0712178369220915
20.0,2.910517331507791,0.0,0.007768328576263896
20.0,3.1157397014923642,0.0,0.0
20.0,3.2324099321063517,0.0,0.0
20.0,3.305087898652903,0.0,0.0
20.0,3.355833940177156,0.0,0.0
20.0,3.391191283170984,0.0,0.0
20.0,3.3836750646859177,0.0,0.0
20.0,3.3638856141340594,0.0,0.0
18.453050711734537,0.0,0.0,0.0
17.396710369482914,0.0,0.0,0.0
17.567433508921642,0.0,0.0,0.0
17.287746012127442,0.0,0.0,0.0
17.23846355286358,0.0,0.0,0.0
17.124787944087874,0.0,0.0,0.0
17.052006360464866,0.0,0.0,0.0
18.501709808286392,3.3444616667307936,0.0,0.0
20.0,4.495553315213709,0.0,0.031073314305055583
20.0,4.238728951097404,0.0,0.12040909807685375
20.0,4.035792813644859,0.0,0.19032405869307104
20.0,3.8675975106623,0.0,0.22916570500423275
20.0,3.7376720364778073,0.0,0.23693402329096994
20.0,3.6517939910294808,0.0,0.21362904099202054
20.0,3.6168673925981825,0.0,0.163134917250753
20.0,3.6206207853140784,0.0,0.0815674586253765
20.0,3.6342339847217633,0.0,0.003884164288131948
20.0,3.6162420812094287,0.0,0.0
20.0,3.599364296776572,0.0,0.0
20.0,3.6085733022762643,0.0,0.0
20.0,3.6279503908379973,0.0,0.0
20.0,3.6492576139335626,0.0,0.0
20.0,3.634719673616879,0.0,0.0
20.0,3.6070111584140085,0.0,0.0
18.339652749704896,0.0,0.0,0.0
17.19344084190464,0.0,0.0,0.0
17.34663590814455,0.0,0.0,0.0
17.00840313286943,0.0,0.0,0.0
16.91107415351738,0.0,0.0,0.0
16.753392660696406,0.0,0.0,0.0
16.658907430677722,0.0,0.0,0.0
18.301033606574073,3.7446853107060933,0.0,0.0
20.0,4.956452295794508,0.0,0.05437830003384729
20.0,4.548859615096703,0.0,0.18643988583033352
20.0,4.270651896967506,0.0,0.18643988583033352
20.0,4.013772244630131,0.0,0.22916570500423275
20.0,3.8057613952242537,0.0,0.23693402329096994
20.0,3.6581282050231674,0.0,0.21362904099202054
20.0,3.58525622147268,0.0,0.163134917250753
20.0,3.5581529407101815,0.0,0.0815674586253765
20.0,3.550797670930907,0.0,0.003884164288131948
20.0,3.52189263271108,0.0,0.0
20.0,3.4998561980461655,0.0,0.0
20.0,3.5022060397700017,0.0,0.0
20.0,3.5103299905385774,0.0,0.0
20.0,3.5163287843840707,0.0,0.0
20.0,3.507833000392436,0.0,0.0
20.0,3.4782647652706262,0.0,0.0
18.408153275647013,0.0,0.0,0.0
17.33072329696554,0.0,0.0,0.0
17.528015748720946,0.0,0.0,0.0
17.253069330535926,0.0,0.0,0.0
17.190283287071246,0.0,0.0,0.0
17.03643743135963,0.0,0.0,0.0
16.911521834883093,0.0,0.0,0.0
18.4177440874612,3.5544187023620015,0.0,0.0
20.0,4.532485040412091,0.0,0.49197063827306114
20.0,3.425148490131768,0.0,2.0409093476236713
20.0,2.571745832576344,0.0,2.8175781476601935
20.0,1.8984078004553724,0.0,3.2534831724473183
20.0,1.6828674693658021,0.0,2.8525615702652884
20.0,1.3536907796196465,0.0,3.029458104220049
20.0,1.4400638261680676,0.0,2.5292527870509343
20.0,2.069420400293093,0.0,1.2489508881368308
20.0,2.889326425632761,0.0,0.007768328576263896
20.0,3.1569115204758824,0.0,0.0
20.0,3.3288453384119285,0.0,0.0
20.0,3.4534982911359595,0.0,0.0
20.0,3.552658145538759,0.0,0.0
20.0,3.6384195374426294,0.0,0.0
20.0,3.717493612396251,0.0,0.0
20.0,3.7985805555058563,0.0,0.0
18.201892443898295,0.0,0.0,0.0
16.925232794767368,0.0,0.0,0.0
17.052986116305828,0.0,0.0,0.0
16.672414734185807,0.0,0.0,0.0
16.544174286292275,0.0,0.0,0.0
16.34049848643223,0.0,0.0,0.0
16.187181578027925,0.0,0.0,0.0
18.048088409138916,4.3790656349685335,0.0,0.0
20.0,5.577267445802402,0.0,0.6005579762671297
20.0,4.513919502652368,0.0,1.8553296736648224
20.0,3.756001315718038,0.0,2.3283002101212964
20.0,2.784301174151818,0.0,3.2439462578287213
20.0,2.151647884720587,0.0,3.3964140996385757
20.0,1.9864899720463696,0.0,2.8366075995826714
20.0,2.144818084333043,0.0,2.135219263832333
20.0,2.6957998450217566,0.0,1.001960716785468
20.0,3.383514753656297,0.0,0.007768328576263896
20.0,3.6202664112761944,0.0,0.0
20.0,3.7671922883835536,0.0,0.0
20.0,3.8517409080379483,0.0,0.0
20.0,3.875247691353361,0.0,0.0
20.0,3.869202960606805,0.0,0.0
20.0,3.8395414671694663,0.0,0.0
20.0,3.8010073057373663,0.0,0.0
18.253677934324717,0.0,0.0,0.0
17.051297063603048,0.0,0.0,0.0
17.232363037456402,0.0,0.0,0.0
16.911457795802736,0.0,0.0,0.0
16.85773972335167,0.0,0.0,0.0
16.744333765122008,0.0,0.0,0.0
16.685422400253387,0.0,0.0,0.0
18.322114470858384,3.717433125882049,0.0,0.0
20.0,4.972793708456075,0.0,0.027189150016923645
20.0,4.648740517420439,0.0,0.11652493893348519
20.0,4.363154283563393,0.0,0.18643988583033352
20.0,4.1176509523190985,0.0,0.22528153214149527
20.0,3.9162181083829473,0.0,0.23693402329096994
20.0,3.796514418524764,0.0,0.21362904099202054
20.0,3.7599255022035587,0.0,0.163134917250753
20.0,3.77522004126656,0.0,0.0854516177687451
20.0,3.8074879862873785,0.0,0.007768328576263896
20.0,3.7957707462427788,0.0,0.0
20.0,3.758993258026037,0.0,0.0
20.0,3.7176325124233536,0.0,0.0
20.0,3.67579690818763,0.0,0.0
20.0,3.6367749118139585,0.0,0.0
20.0,3.6132629045295306,0.0,0.0
20.0,3.593424557884047,0.0,0.0
18.345556437317526,0.0,0.0,0.0
17.226421640624643,0.0,0.0,0.0
17.442378569299017,0.0,0.0,0.0
17.185770897118104,0.0,0.0,0.0
17.162374775829065,0.0,0.0,0.0
17.050041437499928,0.0,0.0,0.0
16.975442393661645,0.0,0.0,0.0
18.463518200864577,3.3917084675214575,0.0,0.0
20.0,4.5112805057653,0.0,0.027189150016923645
20.0,4.183238296289718,0.0,0.11652493893348519
20.0,3.939585334359888,0.0,0.18643988583033352
20.0,3.7406438275309566,0.0,0.22528153214149527
20.0,3.584295213534537,0.0,0.23693402329096994
20.0,3.4785415988248216,0.0,0.21362904099202054
20.0,3.4148516385019727,0.0,0.163134917250753
20.0,3.38730418553318,0.0,0.0854516177687451
20.0,3.393052686080296,0.0,0.007768328576263896
20.0,3.3779215099593745,0.0,0.0
20.0,3.356356323916835,0.0,0.0
20.0,3.3309580029818933,0.0,0.0
20.0,3.290705183263142,0.0,0.0
20.0,3.2476474057903397,0.0,0.0
20.0,3.2107992394469247,0.0,0.0
20.0,3.180524059037885,0.0,0.0
18.538007221307215,0.0,0.0,0.0
17.534302411955277,0.0,0.0,0.0
17.69440735492366,0.0,0.0,0.0
17.43874028261069,0.0,0.0,0.0
17.402011499045464,0.0,0.0,0.0
17.314582484088387,0.0,0.0,0.0
17.2765881509528,0.0,0.0,0.0
18.623389047574783,3.030379933712021,0.0,0.0
20.0,4.018370934747565,0.0,0.02718915173184476
20.0,3.7077735816133806,0.0,0.11652493893348519
20.0,3.462741804765505,0.0,0.18643988583033352
20.0,3.259057509059963,0.0,0.22528153214149527
20.0,3.0995260109173333,0.0,0.23693402329096994
20.0,2.9870570595553563,0.0,0.21362904099202054
20.0,2.9243081729978764,0.0,0.163134917250753
20.0,2.9156413722355823,0.0,0.0854516177687451
20.0,2.9459562265264685,0.0,0.007768328576263896
20.0,2.9690987808202856,0.0,0.0
20.0,2.9867222482112754,0.0,0.0
20.0,2.981172469202736,0.0,0.0
20.0,2.952444810835578,0.0,0.0
20.0,2.922206757996173,0.0,0.0
20.0,2.899119901149946,0.0,0.0
20.0,2.8996061559693365,0.0,0.0
18.654194435651036,0.0,0.0,0.0
17.725336275495206,0.0,0.0,0.0
17.876123512629867,0.0,0.0,0.0
17.65538731370409,0.0,0.0,0.0
17.628423168455686,0.0,0.0,0.0
17.53917269786197,0.0,0.0,0.0
17.48569574905827,0.0,0.0,0.0
18.724540578733592,2.8068851357467306,0.0,0.0
20.0,3.7191221696332732,0.0,0.027189150016923645
20.0,3.4475000859319294,0.0,0.11652493893348519
20.0,3.2727967005035072,0.0,0.18255574040633388
20.0,3.142552131992682,0.0,0.22528153214149527
20.0,3.038575240944952,0.0,0.23693402329096994
20.0,2.9311529016199267,0.0,0.21362904099202054
20.0,2.844583800391661,0.0,0.163134917250753
20.0,2.792849187628712,0.0,0.0854516177687451
20.0,2.7976144707527744,0.0,0.011652492864395845
20.0,2.821699099007593,0.0,0.0
20.0,2.8547398323353588,0.0,0.0
20.0,2.8844938340863964,0.0,0.0
20.0,2.881536347698792,0.0,0.0
20.0,2.873402706757689,0.0,0.0
20.0,2.8644237202102927,0.0,0.0
20.0,2.8537883631820784,0.0,0.0
18.686593953156674,0.0,0.0,0.0
17.79403325236451,0.0,0.0,0.0
17.956394624088073,0.0,0.0,0.0
17.746631464464762,0.0,0.0,0.0
17.723663852992182,0.0,0.0,0.0
17.633546948526362,0.0,0.0,0.0
17.57588681222192,0.0,0.0,0.0
18.768327577103214,2.73704973696326,0.0,0.0
20.0,3.6449605785529755,0.0,0.050494144320320934
20.0,3.372879950969816,0.0,0.17867156754359637
20.0,3.2161737546594424,0.0,0.18255574040633388
20.0,3.0631633222361656,0.0,0.22528153214149527
20.0,2.9285979303157608,0.0,0.23693402329096994
20.0,2.8268439932857854,0.0,0.21362904099202054
20.0,2.756567645715388,0.0,0.163134917250753
20.0,2.731106386423271,0.0,0.08933578377179818
20.0,2.775903456939373,0.0,0.007768328576263896
20.0,2.8026172890456493,0.0,0.0
20.0,2.8172165340649373,0.0,0.0
20.0,2.798374864529849,0.0,0.0
20.0,2.7352928417409403,0.0,0.0
20.0,2.6632200140667797,0.0,0.0
20.0,2.596815744618377,0.0,0.0
20.0,2.558698196938139,0.0,0.0
18.816595187127234,0.0,0.0,0.0
17.990936694549365,0.0,0.0,0.0
18.088404617808106,0.0,0.0,0.0
17.832783743479638,0.0,0.0,0.0
17.739466821597595,0.0,0.0,0.0
17.598999309693625,0.0,0.0,0.0
17.510671504885853,0.0,0.0,0.0
18.73241838369616,2.7764402009903844,0.0,0.0
20.0,3.6200548641364407,0.0,0.050494137460636454
20.0,3.233234460654542,0.0,0.20197654984254582
20.0,3.015131738066824,0.0,0.18255574040633388
20.0,2.860895530719305,0.0,0.22528153214149527
20.0,2.6781690306150425,0.0,0.36899565367540543
20.0,2.528337679054344,0.0,0.40395309968509163
20.0,1.6389853889917059,0.0,1.926559255953806
20.0,1.961480982429736,0.0,0.7186717343986172
20.0,2.351019010105738,0.0,0.011652492864395845
20.0,2.51929120117201,0.0,0.0
20.0,2.651790459079582,0.0,0.0
20.0,2.7508371111546635,0.0,0.0
20.0,2.780144388002938,0.0,0.0
20.0,2.778665550208526,0.0,0.0
20.0,2.7607932336311447,0.0,0.0
20.0,2.7416478305908094,0.0,0.0
18.730225347999067,0.0,0.0,0.0
17.83403496798835,0.0,0.0,0.0
17.920746911514765,0.0,0.0,0.0
17.636749402038994,0.0,0.0,0.0
17.540976990849813,0.0,0.0,0.0
17.411154122366145,0.0,0.0,0.0
17.33703989224259,0.0,0.0,0.0
18.647050650212744,2.9750879796603757,0.0,0.0
20.0,3.933977799147485,0.0,0.04272580888437255
20.0,3.582074262096527,0.0,0.20197654984254582
20.0,3.3699506266762826,0.0,0.18255574040633388
20.0,3.1780543939933703,0.0,0.22528153214149527
20.0,3.032447692780212,0.0,0.23693402329096994
20.0,2.880057162939758,0.0,0.3379222982122429
20.0,2.8322738604895856,0.0,0.29131233361434394
20.0,2.863613420956042,0.0,0.13982990751306568
20.0,2.9021995779198995,0.0,0.011652492864395845
20.0,2.8919396470885195,0.0,0.0
20.0,2.871895885476851,0.0,0.0
20.0,2.8632261352448487,0.0,0.0
20.0,2.8769749060896803,0.0,0.0
20.0,2.894680084690489,0.0,0.0
20.0,2.896778275585651,0.0,0.0
20.0,2.8815288397084564,0.0,0.0
18.67228528261321,0.0,0.0,0.0
17.763445105094238,0.0,0.0,0.0
17.909442993828748,0.0,0.0,0.0
17.667204717012353,0.0,0.0,0.0
17.613380106847575,0.0,0.0,0.0
17.49750952867999,0.0,0.0,0.0
17.413840895060346,0.0,0.0,0.0
18.680789927563296,2.9560813276415137,0.0,0.0
20.0,3.963357961944041,0.0,0.03495747687826642
20.0,2.7427719207402053,0.0,2.009408438364451
20.0,2.5016640957193563,0.0,1.6736270538954314
20.0,1.847604002528428,0.0,2.46478894656098
20.0,2.5418629841992026,0.0,0.4117214179718288
20.0,2.671478013437348,0.0,0.21751320013538916
20.0,2.7278756375801616,0.0,0.1670190763941216
20.0,2.7795118831583707,0.0,0.08933578377179818
20.0,2.8058948734180253,0.0,0.015536657152527791
20.0,2.774081896291213,0.0,0.0
20.0,2.725386556384264,0.0,0.0
20.0,2.68268933518109,0.0,0.0
20.0,2.665851559875955,0.0,0.0
20.0,2.666286127694604,0.0,0.0
20.0,2.675834943562974,0.0,0.0
20.0,2.6854212270387183,0.0,0.0
18.754754784350286,0.0,0.0,0.0
17.904536481864643,0.0,0.0,0.0
18.05955507979613,0.0,0.0,0.0
17.86286030282508,0.0,0.0,0.0
17.839259417987847,0.0,0.0,0.0
17.753139661278453,0.0,0.0,0.0
17.69785532672087,0.0,0.0,0.0
18.830888162886957,2.5717862495338424,0.0,0.0
20.0,3.394385185914814,0.0,0.02330498572879169
20.0,3.091489810995489,0.0,0.11264076607074763
20.0,2.8568064501390555,0.0,0.18255574040633388
20.0,2.6781968980822337,0.0,0.22528153214149527
20.0,2.550831856791062,0.0,0.23693402329096994
20.0,2.508580682719815,0.0,0.21751320013538916
20.0,2.5270048245256236,0.0,0.1670190763941216
20.0,2.576881203483887,0.0,0.09321994291516676
20.0,2.640171439334307,0.0,0.011652492864395845
20.0,2.661299009167633,0.0,0.0
20.0,2.671392569050691,0.0,0.0
20.0,2.6798690973916623,0.0,0.0
20.0,2.692775704813838,0.0,0.0
20.0,2.7098099971696987,0.0,0.0
20.0,2.7141983024752783,0.0,0.0
20.0,2.7167895365200496,0.0,0.0
18.74193978084484,0.0,0.0,0.0
17.883423877482663,0.0,0.0,0.0
18.034421716192256,0.0,0.0,0.0
17.841490224363906,0.0,0.0,0.0
17.866688064593014,0.0,0.0,0.0
17.872825668627748,0.0,0.0,0.0
17.928111429734525,0.0,0.0,0.0
18.97342122089032,2.1930403634729574,0.0,0.0
20.0,2.884052843480587,0.0,0.02330498572879169
20.0,2.6621643152765078,0.0,0.11264076607074763
20.0,2.548069622638642,0.0,0.18255574040633388
20.0,2.4960008221516667,0.0,0.22528153214149527
20.0,2.481396489704372,0.0,0.2408181961537075
20.0,2.401814149394276,0.0,0.38064811738614207
20.0,2.4038247038618366,0.0,0.318501488776031
20.0,2.4646322342302707,0.0,0.18255574040633388
20.0,2.563487532749479,0.0,0.01942082315558086
20.0,2.6067221442428936,0.0,0.0
20.0,2.6301414602413247,0.0,0.0
20.0,2.6176847760206634,0.0,0.0
20.0,2.585487970291829,0.0,0.0
20.0,2.5557752472937865,0.0,0.0
20.0,2.5854657802859418,0.0,0.0
20.0,2.6483560848342473,0.0,0.0
18.743148564542764,0.0,0.0,0.0
17.867300627402205,0.0,0.0,0.0
18.010399265330847,0.0,0.0,0.0
17.81937331802702,0.0,0.0,0.0
17.804558502227575,0.0,0.0,0.0
17.720562631277794,0.0,0.0,0.0
17.657039603264813,0.0,0.0,0.0
18.807909358658982,2.6421715208868815,0.0,0.0
20.0,3.523472355730571,0.0,0.02330498572879169
20.0,3.273332275728769,0.0,0.11264076607074763
20.0,3.088210264675306,0.0,0.18643988583033352
20.0,2.937364114931293,0.0,0.22916570500423275
20.0,2.798218084711011,0.0,0.2408181961537075
20.0,2.651067953759282,0.0,0.22139737299812665
20.0,2.5163247307471788,0.0,0.1709032355374902
20.0,2.407805308359804,0.0,0.09710411577790432
20.0,2.344666131663875,0.0,0.011652492864395845
20.0,2.299227909677906,0.0,0.0
20.0,2.264624660389899,0.0,0.0
20.0,2.2363920780969866,0.0,0.0
20.0,2.2077042768124455,0.0,0.0
20.0,2.1631417424684978,0.0,0.0
20.0,2.0937683370671825,0.0,0.0
20.0,2.019367966840259,0.0,0.0
19.08743609523418,0.0,0.0,0.0
18.43631776022457,0.0,0.0,0.0
18.45956432624485,0.0,0.0,0.0
18.194131821237956,0.0,0.0,0.0
18.06787189976178,0.0,0.0,0.0
17.9424793316757,0.0,0.0,0.0
17.885883348872273,0.0,0.0,0.0
18.92782675697486,2.3477108380557508,0.0,0.0
20.0,3.079607958808006,0.0,0.04660997145758338
20.0,2.7813925411452347,0.0,0.17867156754359637
20.0,2.6328228634443156,0.0,0.18643988583033352
20.0,2.526451019001591,0.0,0.22916570500423275
20.0,2.459809292986255,0.0,0.2408181961537075
20.0,2.3601725229037642,0.0,0.345690643937718
20.0,2.3398475471982803,0.0,0.29908065190108113
20.0,2.4020429032818598,0.0,0.15148241238190935
20.0,2.4921909583457857,0.0,0.01942082315558086
20.0,2.540464119162732,0.0,0.0
20.0,2.5712103760201073,0.0,0.0
20.0,2.5823545740794924,0.0,0.0
20.0,2.5686745467707484,0.0,0.0
20.0,2.5547820460006347,0.0,0.0
20.0,2.5632460753501958,0.0,0.0
20.0,2.594892469250804,0.0,0.0
